global_signal	global_signal_derivative1	global_signal_derivative1_power2	global_signal_power2	csf	csf_derivative1	csf_power2	csf_derivative1_power2	white_matter	white_matter_derivative1	white_matter_derivative1_power2	white_matter_power2	csf_wm	tcompcor	std_dvars	dvars	framewise_displacement	rmsd	t_comp_cor_00	t_comp_cor_01	t_comp_cor_02	t_comp_cor_03	c_comp_cor_00	c_comp_cor_01	c_comp_cor_02	c_comp_cor_03	c_comp_cor_04	c_comp_cor_05	w_comp_cor_00	w_comp_cor_01	w_comp_cor_02	w_comp_cor_03	w_comp_cor_04	w_comp_cor_05	w_comp_cor_06	w_comp_cor_07	w_comp_cor_08	w_comp_cor_09	w_comp_cor_10	w_comp_cor_11	w_comp_cor_12	w_comp_cor_13	w_comp_cor_14	w_comp_cor_15	w_comp_cor_16	w_comp_cor_17	w_comp_cor_18	w_comp_cor_19	w_comp_cor_20	w_comp_cor_21	w_comp_cor_22	a_comp_cor_00	a_comp_cor_01	a_comp_cor_02	a_comp_cor_03	a_comp_cor_04	a_comp_cor_05	a_comp_cor_06	a_comp_cor_07	a_comp_cor_08	a_comp_cor_09	a_comp_cor_10	a_comp_cor_11	a_comp_cor_12	a_comp_cor_13	a_comp_cor_14	a_comp_cor_15	a_comp_cor_16	a_comp_cor_17	edge_comp_00	edge_comp_01	edge_comp_02	edge_comp_03	edge_comp_04	edge_comp_05	edge_comp_06	edge_comp_07	edge_comp_08	edge_comp_09	edge_comp_10	edge_comp_11	edge_comp_12	edge_comp_13	edge_comp_14	edge_comp_15	edge_comp_16	edge_comp_17	edge_comp_18	edge_comp_19	edge_comp_20	edge_comp_21	edge_comp_22	edge_comp_23	cosine00	cosine01	cosine02	trans_x	trans_x_derivative1	trans_x_power2	trans_x_derivative1_power2	trans_y	trans_y_derivative1	trans_y_derivative1_power2	trans_y_power2	trans_z	trans_z_derivative1	trans_z_derivative1_power2	trans_z_power2	rot_x	rot_x_derivative1	rot_x_power2	rot_x_derivative1_power2	rot_y	rot_y_derivative1	rot_y_derivative1_power2	rot_y_power2	rot_z	rot_z_derivative1	rot_z_derivative1_power2	rot_z_power2	motion_outlier00	motion_outlier01	motion_outlier02	motion_outlier03	motion_outlier04	motion_outlier05	motion_outlier06	motion_outlier07	motion_outlier08	motion_outlier09	motion_outlier10
825.7044128339645	n/a	n/a	681787.7773734821	894.5271323733859	n/a	800178.7905521531	n/a	777.9161630341501	n/a	n/a	605153.5567097744	785.630754990713	610.3788251964324	n/a	n/a	n/a	n/a	-0.0688947209	-0.0964159435	0.0173776277	-0.0029628668	0.1074837809	-0.173369881	0.0653178845	-0.0311386273	0.1941153345	-0.1839779588	-0.1119148653	-0.1149382417	0.0949323848	-0.106437984	-0.163865122	0.247061705	-0.2224128884	0.2082333007	-0.1355122676	0.2519331184	-0.1173064194	0.1350259519	0.0509950118	-0.0414995848	0.0122373714	-0.1134810893	0.0279790226	-0.0123631737	0.0503062737	-0.1516222753	0.0385194211	-0.039195319	0.0523777533	-0.0619951658	0.1691415202	-0.0680452325	0.1306975926	-0.1051917639	0.0363219669	-0.2413155542	0.1513859571	-0.1804560214	0.2530336804	-0.1023954155	0.1107808412	-0.2190583162	0.0122648973	-0.1259860419	-0.1996808484	0.0900446213	-0.0763361398	-0.0294319841	-0.0656317694	0.1391360807	-0.230652271	0.0080866262	-0.1171343718	0.2091346382	-0.0981986195	0.2564367217	-0.1223717697	0.0165089882	-0.0064688756	0.3227655233	-0.0500036124	0.2415304195	-0.0592564755	0.1692066756	0.0484517888	-0.1428143756	0.0917193633	-0.0087843817	0.175781248	-0.1733203743	0.1949669197	0.1290883846	0.1290552057	0.1289999139	0.0005051119124885	n/a	2.551380441377901e-07	n/a	3.554253979132227e-06	n/a	n/a	1.2632721348177269e-11	0.0002448094550544	n/a	n/a	5.993166928403229e-08	-0.0004019441078964	n/a	1.6155906587263285e-07	n/a	-0.0018151229118963	n/a	n/a	3.2946711852909037e-06	0.0006131354883748	n/a	n/a	3.759351271046045e-07	0.0	0.0	0.0	0.0	0.0	0.0	0.0	0.0	0.0	0.0	0.0
821.2283857473631	-4.476027086601448	20.034818479989845	674416.0615572197	870.2566803826226	-24.270451990763377	757346.6897505821	589.0548398359499	776.2318734833689	-1.6842895507812727	2.8368312908709816	602535.9214115008	781.1572934230237	584.3708218425786	1.59534	26.425053	0.3500480867011914	0.1608245499809201	-0.1533507202	-0.0434280596	0.1126308055	-0.0823189739	0.1638086629	0.137164529	0.0266415206	0.0716410007	0.0114983874	0.0691618475	-0.1885085667	0.0525107686	0.0457484864	-0.0568918858	0.0003386321	0.1242360636	-0.1830998055	0.010073987	0.09268541	0.1836261663	0.1452736165	0.0075282695	-0.026890394	0.0970265155	0.0468574764	-0.193860099	0.0252182275	-0.0148052299	0.2402227479	-0.1484716902	-0.0695194854	0.1160496757	-0.0351253863	-0.1795722812	-0.0413347897	-0.0627745403	-0.0482554632	-0.00695203	0.0323431015	-0.1828941926	0.0338464293	0.0631254663	0.0724036822	-0.128478383	-0.2455499855	-0.0516003985	-0.0445772849	-0.0778950091	-0.0995143609	0.1816511638	0.0527349958	0.0610668492	-0.1727450718	-0.0640247293	-0.1832569033	-0.0174426463	-0.0914477206	0.0486313221	-0.0970623805	0.0133768256	0.0287309457	0.020965219	0.093631527	0.0893547722	0.1250984975	-0.1233889378	-0.0894297819	-0.0393640861	-0.1152331862	0.1661318019	0.1784243731	0.1086087678	0.097048225	0.1622663345	0.1789143475	0.1289999139	0.1287014744	0.1282045865	0.0159079873551206	0.0154028754426321	0.0002530640616906	0.0002372485719012	-0.058272443163716	-0.0582759974176951	0.0033960918750272	0.0033956776322685	0.1306610000509636	0.1304161905959092	0.0170083827695485	0.0170722969343179	0.0013289186463502	0.0017308627542466	1.766024768617248e-06	2.995885874038126e-06	-0.0009179005391957	0.0008972223727006	8.050079860744944e-07	8.425413998557567e-07	0.0009041108263267	0.0002909753379518	8.466664729622239e-08	8.174163862811482e-07	1.0	0.0	0.0	0.0	0.0	0.0	0.0	0.0	0.0	0.0	0.0
820.43561930905	-0.7927664383130377	0.6284786257155395	673114.6054310245	870.6279177347819	0.371237352159369	757992.9711392022	0.1378171716382993	777.7571333451705	1.525259861801601	2.326417646023039	604906.1584692973	783.0366543665695	581.9562875310215	1.300419	21.540007	0.0911392686902902	0.03968780762161	-0.1633024116	-0.1075984742	-0.0696080544	0.0203464754	0.2227671427	0.0559789581	0.0164414227	0.0499649548	-0.0050001592	0.0203397717	-0.1126041678	-0.1032637278	0.0495162058	0.0047954643	-0.0198057399	-0.1096985253	0.0725655405	-0.0672288109	-0.0741609324	-0.1300301568	-0.0266226426	0.081312463	-0.0306567797	0.0751847236	0.0977188433	-0.0879228358	0.1651438523	0.1174062562	0.1002086802	0.0101728419	0.0188505306	-0.12749061	-0.1346351246	-0.1207710557	0.0947133524	-0.0581546021	0.0594145808	-0.0029674514	-0.0633027131	0.0508984557	-0.0789326493	-0.0844836748	-0.0744276031	0.0541387879	0.0037462685	0.1454419924	0.0180007042	0.0149093739	-0.0695962905	0.0515005835	-0.1451517197	0.0280206972	-0.2103384474	0.0245193434	-0.1429753031	0.0481978553	-0.0800514349	-0.0087900141	-0.0315028787	0.140533224	-0.0545255643	0.0484957214	0.0128344518	0.0944835063	0.0617494674	-0.2370446469	-0.0362876264	-0.0454062103	0.0279950519	0.2065183773	-0.0077162924	0.1009319826	0.0396501517	0.0577873048	0.0069950573	0.1288230331	0.1279949812	0.1266188352	0.027242956623013	0.0113349692678924	0.0007421786855633	0.000128481528304	-0.0465096619158345	0.0117627812478815	0.0001383630226855	0.0021631486515252	0.1058634018154123	-0.0247975982355512	0.0006149208782518	0.0112070598439314	0.0007660638485085	-0.0005628547978417	5.86853819991654e-07	3.16805523453421e-07	-0.0011071104387128	-0.0001892098995171	3.5800386075271074e-08	1.2256935235068483e-06	0.0010169245277472	0.0001128137014205	1.2726931228193758e-08	1.034135495133866e-06	0.0	0.0	0.0	0.0	0.0	0.0	0.0	0.0	0.0	0.0	0.0
820.9728050552648	0.5371857462147318	0.2885685259362782	673996.3466403098	875.9710274590386	5.343109724256692	767325.2409476438	28.548821525446424	779.3263396292022	1.5692062840316794	2.462408361844512	607349.5436398506	784.5532609409847	583.2683370257737	1.256655	20.815115	0.1264704692216701	0.0652614035847016	-0.1385021887	-0.1062058951	0.1914897496	0.0923485538	0.1547485435	-0.0448026559	-0.0401365089	0.1392465815	-0.0595238824	0.1086834477	-0.0178055564	-0.1196898157	0.1405245203	0.0177420079	0.1950856582	-0.0824120703	-0.0369823418	-0.0124370472	0.0375065694	-0.1322870362	0.0391035473	-0.2056501807	0.0023383623	0.0831864201	0.0607878114	-0.0686209622	0.1364534211	0.0651412553	0.1370606676	0.0983493419	-0.0371903366	-0.0307262207	-0.0963035601	-0.0104113206	0.1039516613	-0.1701188974	-0.079372762	0.0415828217	0.1144916335	0.0395635452	-0.1916148729	-0.0211103336	0.0105370966	0.0586534289	-0.0783268818	0.1918333872	-0.1582144582	-0.1405026587	0.014439556	0.0763632228	0.0413783851	0.0112794335	-0.2289281025	0.0228376506	-0.0421424634	0.0644136234	-0.0946543252	-0.0126473045	-0.1403200089	-0.0114253802	0.0134170762	0.1143668316	0.0181402817	0.0263609542	-0.0359395592	-0.0213379081	-0.1016890054	-0.0454229665	0.0724847247	0.0439416527	0.0947724349	-0.0532169179	-0.0296191052	0.0250460467	-0.0799327981	0.1285578634	0.1269376627	0.1242524367	0.0131226879506698	-0.0141202686723432	0.0001722049390506	0.0001993819873791	-0.0636226137960278	-0.0171129518801932	0.0002928531220538	0.0040478369862385	0.0734445850563787	-0.0324188167590336	0.0010509796800557	0.0053941070741036	0.0014137568462232	0.0006476929977147	1.9987084202429685e-06	4.1950621928865445e-07	-0.0010076460768142	9.946436189859992e-05	9.893159287895652e-09	1.0153506161190486e-06	0.0005077132491585	-0.0005092112785887	2.592961262419388e-07	2.577727433710811e-07	0.0	0.0	0.0	0.0	0.0	0.0	0.0	0.0	0.0	0.0	0.0
819.3692058341794	-1.6035992210853465	2.57153046186553	671365.8954693339	874.5110912746853	-1.459936184353296	764769.648762441	2.131413662384061	777.4544173731948	-1.8719222560073376	3.5040929325356007	604435.3710930938	782.5504498600652	581.1951227310601	1.290646	21.378136	0.1139255149024808	0.0503306872063571	-0.163440578	-0.0914790229	-0.0202548737	-0.14704615	0.1302833428	0.0385720627	-0.0747126763	0.0361455676	-0.1409751514	-0.2371336326	-0.1096309502	-0.103018901	0.1556528537	-0.1224686521	0.152727765	-0.0538041786	0.0395757613	-0.0528394103	-0.0107992737	0.1170574217	0.0275132138	-0.0333117326	0.0931697223	0.0502777811	-0.0214841942	0.0593776726	-0.0430427622	-0.0444762433	0.0414503134	-0.0378626918	0.0413788488	0.0656675012	-0.0057400967	-0.1081171153	0.0832340226	-0.1641693005	-0.1058664107	-0.1629107376	0.0010983207	0.1015942482	-0.0379689236	-0.0725830251	-0.0323923572	0.0285017412	-0.1574873294	-0.0347860492	-0.0065852909	0.0119443426	-0.0684240632	-0.0333068326	-0.0071327266	0.0170856082	-0.178956834	-0.0228619668	-0.0471433218	0.0966112865	-0.0667117553	0.0195900295	-0.017245508	0.0506217613	0.126831304	-0.0722204763	-0.0565307771	-0.0194808417	-0.0277013573	-0.014725968	-0.0509902632	0.0102030162	-0.0186380969	0.1361407018	-0.0993092507	0.0111010946	-0.0552648282	-0.037214377	-0.0915336124	0.1282045865	0.1255324169	0.1211199807	-0.0014336821549676	-0.0145563701056374	2.0554445214725418e-06	0.0002118879106522	-0.0466168154706707	0.017005798325357	0.0002891971766827	0.0021731274846265	0.097112975418085	0.0236683903617063	0.0005601927023141	0.0094309299945535	0.0009850558031425	-0.0004287010430806	9.70334935304716e-07	1.837845843384801e-07	-0.0005488908654551	0.0004587552113591	2.1045634394913257e-07	3.012811821800487e-07	0.0002212703814027	-0.0002864428677558	8.204951648816671e-08	4.8960581686096336e-08	0.0	0.0	0.0	0.0	0.0	0.0	0.0	0.0	0.0	0.0	0.0
822.1146273102879	2.745421476108504	7.537339081477797	675872.4604375336	874.8291141933865	0.3180229187012173	765325.9790403853	0.1011385768192411	776.6396070075757	-0.8148103656191097	0.6639159319203473	603169.0791728817	782.1811797649616	589.2194577628319	1.10159	18.246626	0.1424127438367226	0.061495115727413	-0.1163694174	-0.0928620479	0.0252230527	-0.0594482868	0.1708306597	0.0596917788	-0.0047138833	-0.0847875255	-0.0876179452	0.0064359066	-0.1416184313	-0.082386342	0.018891835	-0.0296328372	0.081588546	-0.0744944368	-0.0024244835	0.0035234534	0.0172112765	0.0104595836	0.030361599	-0.1202119233	0.0120642648	-0.1008203363	-0.0281657386	-0.0484426871	-0.109061532	-0.0886496464	0.0378966696	0.0997433454	-0.1577091228	0.0005991384	-0.0378673858	-0.1482609433	0.0764118705	-0.0463883278	-0.0325264802	-0.0411928781	-0.0609513493	0.0869684839	-0.0726190173	0.1129242629	0.0339049318	-0.1514245106	-0.0329299797	0.0327481765	-0.1252400046	-0.1002995446	0.0930599161	-0.0096859232	-0.0190439584	-0.0257636187	-0.143011747	0.0102801079	-0.002143263	0.0513471641	-0.0162347074	-0.0518640741	-0.0854363475	-0.0788364739	0.0566057461	-0.0993405376	0.0037732476	-0.0588188938	0.059417974	-0.0576820466	-0.0273100649	-0.0089116178	0.0448480603	0.0507964908	0.0390686397	-0.0968885031	-0.0855896367	-0.1062956401	-0.1115752899	0.1277634447	0.1237830955	0.1172407796	-0.0151824816809806	-0.013748799526013	0.0002305077499933	0.0001890294884064	-0.0261561212225984	0.0204606942480723	0.000418640009113	0.0006841426774112	0.0499021309021827	-0.0472108445159023	0.0022288638399047	0.0024902226685785	0.000574038471281	-0.0004110173318615	3.295201665106275e-07	1.689352470905465e-07	-0.0001263254898173	0.0004225653756377	1.78561496687915e-07	1.5958129377580766e-08	0.0006075357848381	0.0003862654034354	1.492009618911123e-07	3.690997298588461e-07	0.0	0.0	0.0	0.0	0.0	0.0	0.0	0.0	0.0	0.0	0.0
826.6925309425059	4.577903632217954	20.957201665874333	683420.540716126	878.6098913404677	3.780777147081153	771955.3411613085	14.294275835891105	778.227280032996	1.5876730254202585	2.5207056356471167	605637.6993875551	783.6378663473876	602.8427394236993	1.090524	18.063326	0.1535554770361178	0.105887412932743	-0.0417041897	-0.0471663567	-0.0163286025	-0.0110831317	0.0502770233	0.0397243784	0.0338801872	0.0039410421	-0.0530166564	-0.045207768	-0.0732245272	0.0185841138	-0.0788516152	0.0122047796	-0.0052380506	0.030468	-0.0536889309	0.0768149228	0.0097375494	0.0500756022	0.1168903187	-0.1210505277	0.0266521754	-0.097544204	0.0266754002	0.1363130286	-0.0461812645	0.1186702941	-0.2144738742	0.1030786942	-0.0834754331	0.0543943303	-0.0555679378	-0.0700968916	0.0019070316	0.0555172934	-0.0224136346	-0.0037266131	0.0163102354	-0.0506531536	-0.0088788264	0.0386025013	0.1550387395	-0.0395711526	-0.0591107192	-0.019778318	-0.0953532676	0.0754570334	-0.0039987321	-0.1809077365	-0.0538499003	-0.0142906391	0.0128708558	0.0134215586	-0.008341289	0.102182396	-0.0067636959	0.021607311	0.0077643722	-0.1012895532	-0.13079272	-0.1106858787	-0.0073853521	0.0750535492	-0.075662881	-0.019069271	-0.0062342757	0.1311280007	0.0738869822	0.0623577246	-0.0081804177	-0.0573962869	-0.1408722766	0.0068272881	-0.0297712242	0.1272347401	0.1216944932	0.1126387502	-0.01070412946477	0.0044783522162105	0.0001145783875985	2.0055638572438387e-05	0.0680180442906248	0.0941741655132232	0.0088687734501119	0.0046264543491213	0.0733935887797798	0.0234914578775971	0.0005518485932149	0.0053866188739754	-5.2961412597037614e-05	-0.000626999883878	2.8049112242736543e-09	3.931288543830727e-07	-0.0001270161054991	-6.906156817999983e-07	4.769500199480765e-13	1.6133091056158498e-08	0.0006069962558162	-5.395290218999926e-07	2.910915654723628e-13	3.684444545748857e-07	0.0	0.0	0.0	0.0	0.0	0.0	0.0	0.0	0.0	0.0	0.0
828.9141484212945	2.2216174787886303	4.93558422205915	687098.6654529999	881.1069197760688	2.4970284356011234	776349.4040772718	6.235151008200594	780.214321899414	1.9870418664180531	3.948335378898141	608734.3880969625	784.8058658773696	607.3175874972562	0.923073	15.289689	0.1965724389594987	0.130869532553931	-0.0007942502	-0.0365706193	0.0189275588	-0.0377693559	0.0120125915	0.0276067566	-0.0285328991	-0.0218924413	-0.0411188649	0.0132410285	0.0185930669	-0.0088629141	-0.0611047774	-0.0016230856	0.0762016329	-0.0391072936	0.0096593965	0.0108108461	-0.0281725453	-0.0931082609	0.0488019593	-0.0260401472	0.0035438333	0.0142774169	0.1183677445	-0.079799976	-0.0192808339	-0.0261678453	-0.0170144927	0.1102433351	-0.0185018136	-0.0056152975	-0.0066445426	0.0061260631	0.0140372574	0.0246978611	-0.0522122101	-0.0036495873	-0.0074096732	0.0194635938	-0.0645294886	-0.001012877	-0.0021487247	-0.011700205	0.0192207044	0.0644888836	-0.0484341178	0.0121971195	0.0887175448	0.0126145897	0.0940388481	-0.0373812513	-0.0249213974	-0.0072947095	0.0361447993	-0.0077076807	-0.0247246064	-0.0459182167	-0.0324359447	0.0175103977	0.0389872892	-0.064666892	0.0519926084	-0.0964000715	0.0612594832	5.12061e-05	-0.1041677105	-0.0365228782	0.0341530027	-0.0373186359	-0.0075059039	-0.1195939254	-0.1108074478	-0.0087519485	-0.046512701	0.1266188352	0.1192723348	0.1073422654	-0.0137079919588245	-0.0030038624940545	0.0001879090435431	9.02318988318732e-06	-0.0533506607321641	-0.1213687050227889	0.0147303625589087	0.0028462930005584	0.0329184588389352	-0.0404751299408446	0.0016382361437282	0.0010836249323306	9.10926739218774e-05	0.0001440540865189	8.297875242237482e-09	2.075157984279905e-08	-0.000435980281771	-0.0003089641762719	9.545886221937372e-08	1.9007880609312058e-07	0.0004255196885708	-0.0001814765672453	3.2933744459174185e-08	1.810670053613906e-07	0.0	0.0	0.0	0.0	0.0	0.0	0.0	0.0	0.0	0.0	0.0
831.029465308536	2.115316887241533	4.474565533449211	690609.9722109913	884.9639748467339	3.857055070665069	783161.2367765306	14.876873818143125	780.7341588800604	0.5198369806463461	0.2702304864475096	609545.8268421553	785.8034804943607	617.7923386180073	0.907084	15.024852	0.1425562026723065	0.0988996606495809	0.0297274814	0.0064705671	0.0028218554	0.0304133533	-0.0530435991	0.0152271878	0.0283626394	-0.0147280022	-0.0935828167	-0.0185890782	0.0301463467	0.0436480689	-0.094790507	0.0492905149	-0.0141167166	0.0566417545	0.064709376	0.0707024262	0.049782611	-0.0626565504	0.1223453625	0.0087152016	-0.0728107043	-0.0222559141	-0.1345853029	0.0480511822	0.0795718	0.0022566999	-0.0886121899	0.045259288	-0.0613977927	0.1514349978	0.0446547575	0.0148855212	-0.0311883621	0.0735041795	-0.0393475706	0.0306775506	0.010866605	0.0089251789	0.043162629	0.1392005127	0.0445951272	0.0084761148	-0.0225135713	0.0856417814	-0.0078951743	-0.0127901678	0.0561037548	-0.0388097953	0.0212517927	-0.0173690699	0.0196037165	-0.0015960326	0.0284244745	0.0202416589	-0.0508144245	-0.0188183705	0.0341095481	-0.1137900508	-0.0705966601	0.0128577405	-0.0684285057	0.0215718487	0.0479436732	-0.0026648515	0.0206906608	0.1128884998	0.1605142265	-0.0105088663	0.0227575905	-0.1930711438	-0.0753046532	0.0825723179	-0.05727926	0.1259161521	0.1165232592	0.1013839798	-0.0088270604055225	0.0048809315533019	7.791699540274305e-05	2.3823492828019068e-05	0.0415996720464164	0.0949503327785805	0.0090155656947631	0.0017305327143693	0.0589159365782734	0.0259974777393382	0.0006758688488073	0.0034710875828951	2.404143507606157e-05	-6.705123884581583e-05	5.779906005164835e-10	4.495868630758641e-09	-0.0003699973132327	6.598296853830004e-05	4.353752137126293e-09	1.368980117994167e-07	0.0002240046839332	-0.0002015150046376	4.0608297094091954e-08	5.0178098424012834e-08	0.0	0.0	0.0	0.0	0.0	0.0	0.0	0.0	0.0	0.0	0.0
832.1198245639843	1.0903592554482202	1.188883305941597	692423.402432396	890.7084470113118	5.744472164577928	793361.5375773029	32.99896044961063	781.9122940525864	1.1781351725260265	1.3880024847429302	611386.8355905784	786.6925880386208	618.2310796195214	1.119628	18.545412	0.1514754074092714	0.0833465535002529	0.0528549422	-0.0213735673	-0.0796432441	-0.0406631876	-0.1051853713	-1.03981e-05	0.0260130096	-0.0500771418	0.0531576764	-0.0266703852	0.0870758568	0.0543212689	-0.0490942259	-0.096538061	0.0282025113	-0.0563924293	0.0432487879	-0.0675942778	-0.136431177	0.0640491457	-0.0289982217	0.0294526838	0.0067681013	0.1234477886	0.1739292407	0.0607460928	0.1021819646	-0.0291481028	-0.1212167948	0.0691544966	0.1775969049	-0.0204913292	-0.0244561983	0.0866677795	-0.0379110019	0.0668797289	-0.0094101502	-0.0635758927	-0.0318601497	-0.0023636717	-0.0598040361	-0.2056873305	0.0048065243	0.0613548291	-0.0039574067	-0.038076563	0.0672712426	0.1041019546	0.0472446765	-0.0259578941	-0.0637584292	-0.038861212	0.0385279269	0.0245543114	0.0732321888	0.0604503014	-0.0658403739	0.0734472097	0.0756870707	0.0994307368	0.0079925048	-0.045749853	0.045244625	-0.0768261741	-0.0929498024	-0.0320044613	-0.0703843813	-0.0511590923	-0.0671594714	-0.1039471755	-0.0442137348	-0.0048007304	-0.1099634555	-0.0073309604	-0.1078394298	0.1251271724	0.1134548014	0.0948006283	-0.00408245742382	0.0047446029817025	1.666645861730303e-05	2.2511257453980256e-05	-0.0321519369228724	-0.0737516089692888	0.0054392998255588	0.0010337470478923	0.0215836994434113	-0.0373322371348621	0.0013936959294935	0.0004658560816635	-0.0002439728888253	-0.0002680143239013	5.9522770481762194e-08	7.183167781630395e-08	-0.0001270520199425	0.0002429452932902	5.902241553186129e-08	1.6142215771469415e-08	0.00042598423321	0.0002019795492767	4.079573832605927e-08	1.814625669435117e-07	0.0	0.0	0.0	0.0	0.0	0.0	0.0	0.0	0.0	0.0	0.0
833.7933119979374	1.6734874339531416	2.8005601915990703	695211.2871324897	888.4418406592475	-2.2666063520642865	789328.9042339918	5.137504355218172	782.7858959775982	0.8736019250118261	0.7631803233843683	612753.7589414512	787.7544362009955	628.0023606361599	1.253912	20.769678	0.0768518459435411	0.035468453399916	0.0658891901	0.0382520023	-0.0118390995	0.0109316032	-0.1058647648	0.013462384	0.0207931063	-0.0117437619	-0.039944273	0.0823031185	0.1210198965	0.0566170856	-0.0471149855	0.0562897784	-0.0186673428	-0.0083566769	0.0896319357	-0.121973768	0.1091112981	-0.0069103438	0.1029220758	0.015075698	-0.0179592584	-0.1022911466	0.0298064362	0.0204051384	0.1654401968	-0.0222889877	0.0524110615	-0.08538337	-0.1396262488	-0.0132555721	-0.0433534692	0.0907200019	-0.0613156923	0.0636344611	-0.0367513916	0.0125507229	-0.0668666539	0.0166681595	0.037776793	0.2141230562	-0.1593896883	-0.0117510265	-0.1014350888	0.0854503139	0.017404863	-0.0949736864	-0.0790792081	-0.0704607969	0.0552511262	-0.0237170245	0.0446909428	-0.0529089675	0.0662241109	-0.0632354598	0.0152438317	-0.1609683649	-0.0623589163	-0.009751262	-0.0091449856	-0.0748049732	0.0063579464	-0.0307277703	0.0549750472	0.1738768769	-0.0485356138	0.0307868496	-0.033758243	-0.0754059303	0.0779624936	-0.0436655893	-0.0168491645	0.0902194703	0.0158812855	0.1242524367	0.1100753719	0.0876327994	-0.0115510184275535	-0.0074685610037334	0.0001334260267136	5.577940346648873e-05	-0.0073942998635487	0.0247576370593237	0.0006129405927611	5.467567047207632e-05	0.0420115963034675	0.0204278968600562	0.000417298970125	0.0017649742239655	4.706698533855558e-05	0.0002910398741638	2.2153011088598053e-09	8.470420835331289e-08	-0.0003169899997761	-0.0001899379798336	3.6076436183269056e-08	1.0048265995805188e-07	0.0004230070667989	-2.9771664110999968e-06	8.863519839382035e-12	1.7893497856180906e-07	0.0	0.0	0.0	0.0	0.0	0.0	0.0	0.0	0.0	0.0	0.0
834.0888929536941	0.2955809557566908	0.0873681014060388	695704.2813487189	887.7789171854655	-0.6629234737820298	788151.4057989976	0.4394675320912335	781.8160226532907	-0.969873324307514	0.940654265203308	611236.2932774108	786.8850375542022	631.9304416306522	1.252589	20.747761	0.0876552752439818	0.0398515377914662	0.097543005	0.0560381354	-0.1229118133	-0.039531601	-0.160635378	0.0440686794	0.0238549852	-0.0584763895	-0.0195164226	-0.0463836846	0.0902287066	0.0463661098	-0.065235452	-0.0005593	0.1133945749	-0.1249739161	0.1133757145	0.0654783472	0.0199202196	0.1110680263	0.0603387342	-0.0543427468	-0.0016369592	-0.0406091662	-0.1529442094	-0.0142881979	-0.0380392341	0.0225871049	0.0697264941	0.0937137649	0.197567763	0.1362538209	-0.1615796066	0.0899520924	-0.0872943278	0.0659505477	-0.0348811264	-0.0134500241	-0.0567295702	0.1597423528	-0.0618238026	-0.0330076487	0.0767174702	-0.0398813634	0.0035809556	-0.049759285	-0.0536639155	0.0042719538	0.0309053713	-0.1016403415	0.0903987248	-0.0175927071	0.0467388201	-0.0385490175	0.0873333823	-0.0289562062	-0.0440976847	-0.0496992135	0.0642841643	-0.0151302798	0.0163124573	-0.0338190926	-0.0763617254	-0.0151489092	0.0182050428	-0.0235511524	0.0936253233	0.0778875645	0.1859543891	0.0414843796	-0.1081951492	-0.1168279394	-0.0397609246	0.0244854687	-0.0646314482	0.1232925447	0.1063942335	0.0799246852	-0.0008259403439581	0.0107250780835953	6.821774517776246e-07	0.0001150272998992	0.0158620843143211	0.0232563841778698	0.0005408594050286	0.0002516057187946	0.0258839065397893	-0.0161276897636781	0.0002601023771134	0.0006699766177605	5.099660978712398e-05	3.929624448568397e-06	2.6006542097801884e-09	1.5441948306786478e-11	-7.900221815693165e-05	0.0002379877816191	5.663818420001297e-08	6.2413504737154215e-09	-8.599799151013162e-05	-0.000509005058309	2.590861493841807e-07	7.395654543776671e-09	0.0	0.0	0.0	0.0	0.0	0.0	0.0	0.0	0.0	0.0	0.0
833.8754473950544	-0.2134455586397052	0.0455590065030158	695348.2617683021	892.5673890007866	4.788471815321145	796676.5439076816	22.929462326124984	782.2992909749349	0.4832683216442319	0.2335482707048328	611992.1806598859	787.2694342392637	636.5754016841223	1.198611	19.853666	0.0545532744685263	0.0294223131554266	0.0943908994	0.0574369346	0.0260233218	-0.0322381244	-0.1029080648	-0.0228444207	-0.0353385398	-0.057840032	0.0535115046	0.0480070334	0.0995778898	0.0040948143	0.0038468377	-0.0546702351	0.0433902623	-0.1099183863	0.1498369298	-0.002294337	-0.0265466945	-0.2291964859	0.0038412079	0.12013382	0.0038058591	0.0613787152	0.0411958327	0.1442238144	0.0682159896	-0.0669316397	0.0665468249	-0.0620771348	0.0248871031	-0.0144691164	0.2508169604	0.0909604157	-0.0272996867	0.0248333327	0.0115923839	-0.0398022556	-0.0526666307	0.1368322229	-0.0105393496	-0.0254616021	-0.0968090165	0.0858885461	0.0382112924	0.1999473339	0.1673124821	0.0687856799	0.0602165332	0.0304573235	-0.0477094306	-0.0176974588	0.0707611657	-0.003333058	0.0960781325	0.0237145565	-0.1094445144	0.0426701723	0.1055885101	-0.0808501002	-0.033515357	0.0979034692	-0.0651621899	-0.0463900167	-0.0470590876	-0.0267231163	-0.0341915776	-0.005738929	-0.0615030433	-0.1733087497	0.0379627942	-0.1210334165	-0.0110287871	-0.0217583095	-0.1308053258	0.1222481541	0.1024214758	0.0717238087	0.0026045600923652	0.0034305004363233	6.783733274741418e-06	1.176833324361435e-05	-0.0073834445043985	-0.0232455288187196	0.0005403546100619	5.4515252749532406e-05	0.0259617405211116	7.78339813222971e-05	6.058128648479694e-09	0.0006740119708855	-0.0002439916885393	-0.0002949882983264	5.953194407625878e-08	8.701809614951932e-08	-0.0001115175639025	-3.251534574556835e-05	1.0572477089538496e-09	1.243616705874817e-08	0.0001424865890611	0.0002284845805712	5.220520355881162e-08	2.030242806226678e-08	0.0	0.0	0.0	0.0	0.0	0.0	0.0	0.0	0.0	0.0	0.0
832.5207192917752	-1.3547281032791716	1.8352882338143817	693090.7480500948	887.6509867350261	-4.916402265760553	787924.2742516655	24.1710112387755	781.0360501376065	-1.2632408373284534	1.595777413094292	610017.3116145538	787.0718155760039	633.3612976494186	1.080117	17.890949	0.0302901707893635	0.0159497528101189	0.0776358762	0.0445755189	-0.0881568226	0.0656626399	-0.0857056648	0.0140621697	0.0315754457	-0.0466925646	0.0071846301	-0.0138938371	0.0408363209	0.0377389243	-0.0292597104	0.0104990142	0.0331851485	-0.1217644399	0.0446418095	0.0400951347	-0.0768491393	0.1141213056	-0.0328345907	0.1423302436	0.0080141485	0.0775038527	-0.0075720155	0.073084321	-0.150190414	-0.0242752882	-0.0701324631	-0.0161473012	0.0159891516	0.0382958934	-0.0162676068	0.047944342	-0.0491035541	0.0363348074	0.0115846328	0.0124134235	-0.0529046298	0.0679752792	-0.0722214271	-0.0864637021	0.0419349558	0.0068799161	-0.0069735455	-0.1108929361	0.0209437436	0.0946298878	0.083622244	0.1064748586	-0.0668448179	-0.0071937629	0.0851161555	-0.0238220287	0.0733083175	0.0394510598	-0.039257651	0.0153902499	0.1350400722	0.0573117712	-0.0170225488	0.0553283878	-0.0075763074	0.0078767421	-0.1331651071	-0.0198662361	0.0639933359	0.035532239	-0.0132303543	-0.0503028071	-0.0290090022	-0.0256850828	-0.0458943801	0.0141222442	0.0270425512	0.1211199807	0.098167988	0.063080731	0.0077343987785098	0.0051298386861446	5.9820924465013886e-05	2.6315244945865763e-05	-0.0051413381088565	0.002242106395542	5.027041088930339e-06	2.643335754958013e-05	0.0258932938943274	-6.844662678419725e-05	4.6849407181351875e-09	0.000670462668698	1.5000059348840382e-05	0.0002589917478881	2.250017804687337e-10	6.707672547415407e-08	-5.299993000007497e-05	5.851763390242503e-05	3.424313477538243e-09	2.8089925800128467e-09	3.0003892338102576e-06	-0.0001394861998272	1.94563999422586e-08	9.002335554364504e-12	0.0	0.0	0.0	0.0	0.0	0.0	0.0	0.0	0.0	0.0	0.0
832.0493903077121	-0.4713289840631205	0.2221510112179733	692306.1879114354	890.7478660159641	3.0968792809379693	793431.7608119939	9.590661280702871	780.4983053496389	-0.5377447879675401	0.2891694569862547	609177.6046536582	785.4802551269531	629.8099279561173	0.924615	15.315236	0.060565405137727	0.0303958194279934	0.0661826503	0.0617585765	0.0263259375	-0.0535243809	-0.0997283214	0.0274982413	-0.046176749	0.0007708451	0.0036421792	-0.0324924246	-0.0026947093	0.0796293968	-0.0866700175	-0.0358635309	0.0505361796	0.0161327867	0.0312340651	-0.1286997734	0.0704071677	-0.0072990111	0.1014879868	0.1025842619	0.0870785044	0.0741193003	-0.0327862041	-0.0131929699	-0.0807328367	-0.1063976584	-0.1103015445	-0.1222184626	0.2551579948	-0.1176738212	0.0481588998	-0.0051226191	-0.0774002976	0.052487983	-0.0718546351	-0.0164430215	-0.0342721276	0.0193023164	0.0330023504	0.0339280963	-0.0805933434	-0.0668504003	0.0141201441	-0.098190335	0.0814016761	0.1880090139	0.0119657659	0.0580725615	0.043740951	0.0031666962	0.0840203478	-0.0572870889	0.0993720166	0.0391077352	-0.0465562168	0.0017514142	0.0521163419	-0.0394724326	0.0292725298	0.0047158062	0.051122033	-0.0335033407	-0.1641778388	-0.019436469	-0.0545957473	0.0190237245	-0.1057273638	-0.1013234095	-0.0404884531	0.0893125546	-0.0150568058	0.0058058644	-0.0454903182	0.1199087977	0.0936454286	0.0540487397	-0.0008180393451908	-0.0085524381237006	6.691883702801928e-07	7.314419785972745e-05	-0.0073227097490899	-0.0021813716402334	4.7583822328145534e-06	5.362207806941626e-05	0.0437765733367569	0.0178832794424294	0.000319811683616	0.0019163883731084	-0.0001729921721951	-0.0001879922315439	2.9926291640779124e-08	3.534107912087049e-08	0.0003510040746177	0.0004040040046177	1.6321923574719916e-07	1.2320386039822793e-07	-4.396969323174482e-05	-4.697008246555508e-05	2.206188646821044e-09	1.9333339228937463e-09	0.0	0.0	0.0	0.0	0.0	0.0	0.0	0.0	0.0	0.0	0.0
832.3279689321084	0.2785786243963457	0.0776060499705602	692769.8478666488	885.311410607232	-5.4364554087320585	783776.2937513669	29.55504741113205	780.3844886548592	-0.1138166947797572	0.0129542400105884	608999.9501331061	785.4086509698029	630.6807258955929	0.926776	15.351028	0.0328554737853697	0.0261086340295483	0.0617612625	0.0777151178	-0.0759810917	0.0712741285	-0.1002264181	0.0769195721	0.0273285046	-0.0180010583	0.0032969746	0.0299005235	-0.0110270097	0.1097309726	-0.1246077507	0.0410785776	-0.0689993352	-0.0347274875	0.0332146111	-0.1036672007	0.1049119227	0.0174080285	0.0108235987	0.0764157436	0.0344467294	-0.0039829024	-0.1602044499	-0.0461076485	-0.0237587784	0.0007658568	0.0263594514	-0.0907660729	-0.1066299009	-0.2589412139	0.1333488139	-0.0217491829	-0.1002721931	0.1209587024	-0.0072942076	0.0413695329	-0.0607427659	0.0046617648	-0.0058603451	0.0818839722	-0.079213435	-0.0318409085	-0.0047096241	-0.0999880129	-0.0049969466	0.2130597794	0.0153446258	0.0271540735	-0.038476308	0.0098870716	0.0571702621	-0.0938012367	0.1124614459	0.0102357029	0.0411733297	-0.1195336575	0.0706214238	0.032103301	-0.0037948502	-0.0134885939	0.030184847	-0.0349305452	-0.1030407262	0.0159988317	0.0426416422	0.0183475552	-0.0539969317	-0.0258889299	-0.0724567147	0.0678320161	-0.0178294773	0.0225748149	0.0174620135	0.1186154352	0.0888661936	0.0446835199	-0.0009034931644009	-8.545381921010002e-05	8.162998981191518e-07	7.3023552175924604e-09	-0.0073598350535348	-3.712530444490055e-05	1.378288230126552e-09	5.41671720152396e-05	0.0438393271432744	6.275380651749735e-05	3.938040232435492e-09	0.001921886604375	0.0002939750048554	0.0004669671770505	8.642130347973248e-08	2.1805834444251305e-07	0.0003510214083848	1.7333767100000726e-08	3.004594818770676e-16	1.2321602914444856e-07	0.0001424486130546	0.0001864183062863	3.4751784918669465e-08	2.0291607361179158e-08	0.0	0.0	0.0	0.0	0.0	0.0	0.0	0.0	0.0	0.0	0.0
834.0759344752489	1.7479655431404808	3.055383540006396	695682.6644707597	893.2056376987033	7.894227091471293	797816.3112167473	62.31882137171932	782.345903153853	1.961414498993804	3.847146836863115	612065.1121816179	786.6148498220272	633.9152285689607	0.8932069999999999	14.794999	0.0665912213003072	0.0349236168303395	0.0938607346	0.0935421808	0.0039086689	-0.0343892613	-0.1466859981	0.0088245846	-0.0350048662	-0.0231939562	-0.0165836806	0.0337830108	0.0775206579	0.0916728383	-0.0674220441	0.1096332614	0.0678345942	-0.0264159739	0.0394434448	-0.1692244623	0.0975741051	0.0268839715	0.1013121719	0.1399200669	0.0813314546	-0.0105018064	-0.0676672455	-0.0426194024	-0.0482017406	0.0190497237	-0.068823954	-0.0834300807	0.1119920965	-0.1206927098	0.0606551606	0.05660791	-0.1154531983	0.075171941	-0.0610677226	0.0843283038	0.0041612612	0.0717281875	0.0069366538	0.070485105	-0.1127015517	-0.1180498105	-0.000272135	-0.0986976553	0.0755135922	0.1911183237	-0.028434084	-0.0285989736	-0.0322328624	0.0090319106	0.0772952347	-0.1052042125	0.1270304984	-0.0111587401	0.0142806605	-0.1283714223	-0.0128729327	-0.0208525106	0.0429100758	-0.0501985109	0.0528533214	-0.0364378381	-0.1130947354	0.0759703602	-0.0075295038	0.0519368914	-0.0158492728	-0.0457742835	-0.0600337977	0.1844553025	0.1226358715	0.0189461465	-0.0082538957	0.1172407796	0.0838433825	0.0350428114	-0.0008154803275033	8.801283689759999e-05	6.650081645448895e-07	7.746259458763538e-09	0.0160703804581316	0.0234302155116664	0.0005489749989231	0.000258257128069	0.0275378511535109	-0.0163014759897634	0.0002657381194448	0.0007583332461529	-0.0001350064703865	-0.0004289814752419	1.82267470462209e-08	1.840251061007169e-07	0.0003509974213671	-2.3987017700030297e-08	5.753770181415668e-16	1.2319918980635354e-07	3.602373607460571e-05	-0.0001064248769799	1.1326254440206917e-08	1.2977095607728487e-09	0.0	0.0	0.0	0.0	0.0	0.0	0.0	0.0	0.0	0.0	0.0
833.5682793595696	-0.507655115679313	0.2577137164753766	694836.0763544735	889.0950779808892	-4.110559717814112	790490.0576898435	16.896701193716037	782.5556439948805	0.2097408410274965	0.0439912203949215	612393.3359482421	787.7739242593071	641.7297445209748	0.958219	15.871842	0.0380419694718711	0.0260671710243449	0.0973399088	0.1020444197	-0.1048202424	0.1040682313	-0.0997205582	0.0008495394	0.0039280537	-0.0241052547	0.0309119055	0.0400980878	0.0943920848	-0.0365698108	0.0196255215	0.1182924949	-0.0382690962	-0.1398447186	0.0537054032	-0.0877626736	0.0129189803	-0.0116855987	-0.04921271	0.0226941765	-0.1054061244	-0.0488074895	-0.0563066078	-0.0495983123	-0.0907454346	0.0212750625	0.0255848411	-0.1493753508	0.0200729923	-0.0712050664	0.0318941149	0.0866778301	-0.039382636	0.0306241338	0.0431108439	0.0818036167	-0.0693502515	0.157449305	-0.0530424959	0.0114355639	-0.1273802348	0.0639589968	0.0523315871	-0.0011014476	0.0542484334	0.1521855052	-0.128054824	-0.0526644462	0.0559556747	0.0141708573	0.0727427948	-0.1172768264	0.1043853728	-0.0462557009	0.0640906734	-0.1924703106	0.0800165277	0.0170420752	-0.0398648004	0.0564864833	-0.0612390352	-0.0017969091	-0.0270837711	0.0197424448	0.025274918	-0.0038000611	-0.0224376252	-0.0237221561	0.0245224017	0.0544895446	0.15873853	0.0219091199	-0.0157282193	0.1157857731	0.0785907625	0.0251860523	0.0058843917406505	0.0066998720681538	3.462606615743582e-05	4.488828572962748e-05	0.0188111920587061	0.0027408116005744	7.512048229843748e-06	0.0003538609466695	0.027567838838209	2.9987684698098985e-05	8.992612335525999e-10	0.0007599857382094	0.0003299751579619	0.0004649816283484	1.0888360487198086e-07	2.162079147015296e-07	0.0003510233099728	2.5888605699995758e-08	6.702199050898526e-16	1.232173641442604e-07	0.0001424421814894	0.0001064184454147	1.1324885524501552e-08	2.0289775067459172e-08	0.0	0.0	0.0	0.0	0.0	0.0	0.0	0.0	0.0	0.0	0.0
832.053889799153	-1.5143895604165891	2.29337574069875	692313.675529901	888.1166127098932	-0.9784652709960256	788751.1177712943	0.9573942865453255	782.4212666829427	-0.1343773119377829	0.0180572619636242	612183.0385577405	788.2256541625242	632.2374950111459	1.049197	17.378801	0.0233126522913956	0.0156809538502781	0.064591286	0.0805546845	-0.0854200368	-0.1125430376	-0.0552268793	0.0380983858	0.0196998827	-0.0870530416	-0.0019764651	-0.0339439867	0.064156469	-0.0004968912	0.0580579151	-0.0003102291	0.0022832764	-0.0766439668	-0.0158622813	-0.0218491003	0.0741885761	0.053310645	-0.0043318647	-0.1185516797	-0.1710660828	-0.0510033066	-0.177967555	-0.108122366	-0.1413898323	-0.0889745183	-0.1067925636	0.1408968788	-0.1265963876	0.0211672482	0.1047589509	0.0540443429	-0.0253297668	-0.0130027894	0.0107253136	-0.0552044726	-0.0622591093	0.1120802156	-0.0027200549	0.1233953102	-0.0405244158	-0.0889254588	0.0666327187	-0.006022687	-0.1130977588	-0.0938820669	0.050433776	0.0262482075	0.0706777015	0.0185629687	0.0507135163	-0.1070902466	0.0910780667	-0.0298359225	0.005533641	-0.1548673943	0.000922177	-0.0318675186	0.1079987353	-0.0898538995	-0.1126019973	-0.0016575892	0.0266473156	0.0766203338	-0.0044720451	0.0278537455	-0.0074679246	0.0132952425	-0.0891371602	0.0882028796	0.1086678827	0.0070289307	0.028818894	0.1142514127	0.0731227308	0.0151740128	-0.000907725611313	-0.0067921173519635	8.239657854335595e-07	4.613285812284367e-05	0.0223534211141469	0.0035422290554407	1.2547386681209014e-05	0.0004996754355063	0.0275426957881279	-2.5143050081100765e-05	6.321729673807412e-10	0.0007586000912773	7.097509988279513e-05	-0.0002590000580791	5.0374648033727445e-09	6.708103008497971e-08	0.0003510053512267	-1.7958746099976716e-08	3.225165614834289e-16	1.2320475658977902e-07	0.0001424874213424	4.523985299998693e-08	2.046644299460425e-15	2.0302665240806625e-08	0.0	0.0	0.0	0.0	0.0	0.0	0.0	0.0	0.0	0.0	0.0
832.9767148062696	0.9228250071165576	0.8516059937596745	693850.2074094453	894.1767386118571	6.060125901963943	799552.0398745374	36.72512594765429	781.7189488266454	-0.7023178562973271	0.493250371274073	611084.5149546354	787.8566311732101	633.3892343433625	1.009577	16.722527	0.063209060606156	0.0431028306246943	0.0703207549	0.0695014478	0.0026124487	0.0074968855	-0.0522234661	-0.0659941241	-0.0131229108	-0.0350865057	0.0638296977	0.0273228129	0.0517625454	7.7866e-05	0.0170409918	0.0819150502	0.0567900789	-0.0553593294	-0.0173858972	-0.0333076322	-0.03420398	0.0009387032	-0.0599874198	-0.0549663491	-0.0326712223	-0.1109743075	-0.1108302164	0.1020852384	-0.0972603115	0.0975568622	-0.1046638012	-0.0148043329	-0.009770984	0.1250651843	0.0324441162	0.0507591547	-0.0135879513	-0.0029497168	0.0013636449	0.0583724085	0.0642043397	0.1259612351	-0.0073128062	0.0224450175	0.0059721803	-0.0677583906	0.1107556554	-0.0043016727	0.0216634822	0.0385813243	-0.0402676758	-0.1171545995	-0.1054914526	0.0083665571	0.0431383599	-0.0706498426	0.1159954141	-0.0546404615	-0.0019991491	-0.1359958154	0.0068202091	-0.0916755104	0.0208478498	0.0466261816	0.0622023099	-0.0852554958	-0.0013145372	0.0834876352	0.1564062269	-0.0012000563	0.1258365907	0.0523030711	0.078345553	0.0859000612	0.2426769593	-0.0457049771	0.0207076708	0.1126387502	0.0674542747	0.0050684204	0.0057998803308549	0.0067076059421679	3.363861185223755e-05	4.499197747540613e-05	0.0188585818028172	-0.0034948393113296	1.2213901812015436e-05	0.0003556461076135	0.0001423813536547	-0.0274003144344732	0.000750777231108	2.0272449868544757e-08	0.0005829750300313	0.0005119999301485	3.398598856399952e-07	2.62143928472074e-07	0.0003510416545982	3.630337149998367e-08	1.3179347822658269e-15	1.2323024326304193e-07	0.0001423976364987	-8.97848437000047e-08	8.061318158234272e-15	2.0277086880415897e-08	0.0	0.0	0.0	0.0	0.0	0.0	0.0	0.0	0.0	0.0	0.0
836.3854728020235	3.4087579957539447	11.61963107361645	699540.6591142644	893.4853107028538	-0.6914279090033233	798316.0004417752	0.4780725533487079	783.8664800470525	2.1475312204071315	4.611890342623344	614446.6585413562	790.1621671038666	639.0362460775112	1.196878	19.824963	0.0670776248194106	0.0358220530809369	0.1000736036	0.0880692509	-0.0559965784	-0.0480629351	-0.1027725006	-0.0241416762	0.0497257719	-0.0622724992	0.0033495461	0.0310113499	0.1183559745	0.0773666137	-0.000515357	-0.0994453343	-0.1242057636	-0.0036260124	-0.021056009	-0.0006527182	0.0411915517	-0.0191650865	-0.0349569357	0.0231470675	0.1399432677	0.0272765061	0.2526400565	-0.0981466077	-0.1247496741	0.0383197354	0.0345030625	0.0588578289	-0.097856046	0.000631969	-0.0218088284	0.1190263497	-0.0414837702	0.0481192463	0.074289261	-0.1135806753	-0.0114213089	-0.0618176511	0.0420208431	0.0126288581	-0.0544176532	0.0794095684	-0.0248607769	-0.0374867923	0.0103404258	-0.0563740082	-0.0026033399	0.1304258731	0.0475058883	-0.005208033	0.112148367	-0.0257084916	0.1046159475	-0.0349099235	0.0775374847	0.0985397526	0.0316713288	0.0793061966	-0.0432112993	-0.0625970231	0.0626808342	-0.0607030858	0.1511319057	-0.0299985974	0.0578492316	-0.2323516071	-0.1373057249	-0.2149065846	0.0456113442	-0.0237065189	0.0692729856	0.0027152029	-0.0887786753	0.1109488906	0.0616009311	-0.0050684204	-0.0008019443524318	-0.0066018246832867	6.43114744397259e-07	4.3584089148853536e-05	0.0081105449666409	-0.0107480368361763	0.0001155202958318	6.578093965590404e-05	-0.0095653360205858	-0.0097077173742404	9.423977661813084e-05	9.149565318671616e-05	-5.799701781150867e-05	-0.0006409720478428	3.363654075028454e-09	4.108451661158038e-07	0.0003510001728781	-4.1481720100002533e-08	1.7207331024549536e-15	1.232011213604561e-07	-1.698975245253339e-05	-0.0001593873889512	2.540433975669175e-08	2.8865168839836426e-10	0.0	0.0	0.0	0.0	0.0	0.0	0.0	0.0	0.0	0.0	0.0
833.7008493625821	-2.6846234394414523	7.207203011598454	695057.1062278907	896.5341052585178	3.048794555664017	803773.401891691	9.295148242646553	783.0230155251243	-0.8434645219282402	0.7114323997516347	613125.042842059	789.8088869339213	649.1913436469682	1.38947	23.015036	0.0452457505842513	0.0289385045961217	0.1117571194	0.1146013307	0.0651883095	0.1652343419	-0.0409013307	-0.1670877414	-0.1299140312	0.0124869691	0.0629540154	0.0512988497	0.0701886901	-0.0527407238	0.0524578212	0.1487754965	-0.0867366858	0.0995245476	-0.0327671132	-0.0256795247	-0.0533374303	-0.0675326894	-0.1591043317	-0.0305615964	0.0128144827	-0.0088541089	-0.1259653292	0.0039015822	-0.0106807961	0.1085515167	-0.0299362259	0.033138925	-0.1522018573	-0.1165950862	-0.0796978717	0.0845554955	0.0537334336	-0.0980474244	0.0831132747	0.1388291097	0.0596937075	-0.0135553331	0.0777397359	0.053125126	-0.103222523	-0.0635494651	0.1821593291	-0.0737958273	-0.0551125178	-0.034394418	0.0424610133	0.0159774477	-0.0456721626	0.0065061025	0.0773937051	-0.0548154288	0.0331244067	-0.0981365927	0.16768111	-0.0322818568	-0.0274363656	-0.0191594946	0.0496344398	0.1034736212	-0.0072474848	0.1165394332	0.0565719668	0.1229201674	0.0605249821	-0.0940136362	-0.0141181816	0.0550557296	0.0360981209	-0.0779641334	-0.0206316375	-0.0406106927	0.0562983174	0.1091829923	0.0555787436	-0.0151740128	-0.0007865203961756	1.542395625619996e-05	6.186143336002228e-07	2.3789842659316986e-10	-0.0196389911734655	-0.0277495361401064	0.000770036755991	0.0003856899743114	-0.0095623882526183	2.9477679675000285e-06	8.689335990219249e-12	9.143926909381244e-05	-0.0001935209747143	-0.0001355239569027	3.7450367654372745e-08	1.836674289458964e-08	0.0002969862080914	-5.4013964786699966e-05	2.917508391978864e-09	8.820080779650837e-08	0.0001430291802564	0.0001600189327089	2.560605882530615e-08	2.0457346404817765e-08	0.0	0.0	0.0	0.0	0.0	0.0	0.0	0.0	0.0	0.0	0.0
827.4649498374977	-6.235899525084392	38.88644288694774	684698.2432095725	886.0319783104791	-10.502126948038722	785052.6665887813	110.29467043272112	780.9279179428563	-2.095097582267954	4.389433879225026	609848.4130225645	787.350969834463	618.530490726506	1.421195	23.540531	0.1850995971857429	0.1039065787322328	-0.0189378217	0.0067837119	0.0633808788	0.0160165004	0.0267999609	-0.1163808571	-0.0677643959	0.1619170731	0.0752533911	-0.0495189193	-0.0247945709	-0.0190794932	0.0769755802	0.0463798152	-0.0198337064	0.0999831832	-0.0571133228	0.1577694885	-0.0390963601	-0.0281070823	0.0223732682	-0.1207019968	0.0177834438	0.0439311639	-0.0446164618	0.180332323	0.0242241971	0.0699780391	-0.1943687942	-0.1373752361	0.1211131119	0.0922598246	0.0337637765	-0.0055753101	0.0271174724	-0.0882395115	0.035119385	0.0501750082	0.1484308837	-0.0561231751	0.0725531379	-0.075777445	0.1635669285	0.1355134729	0.0315562162	-0.0118491118	-0.0103281907	0.1678506142	-0.0701127926	-0.1449146624	0.0193353212	0.042351947	0.0888243114	-0.0381137231	-0.0594182902	0.0683378758	0.1377025849	0.0644267893	0.0685440334	-0.1937567305	-0.0329764366	0.0671673899	0.0150644424	0.0710081613	-0.0201940465	0.0989754506	0.0748461513	-0.0150137308	-0.1332399689	0.0022664885	-0.0800614896	0.102559892	0.0226814119	-0.0250951196	0.1441647988	0.1073422654	0.0494042187	-0.0251860523	-0.00092340605147	-0.0001368856552944	8.526787358914164e-07	1.8737682625377306e-08	0.0463788254123613	0.0660178165858268	0.0043583521067598	0.0021509954466302	0.0621414811584486	0.0717038694110669	0.0051414448885193	0.0038615636805658	-0.000498513805904	-0.0003049928311897	2.48516014676891e-07	9.302062707710884e-08	0.0008279912284534	0.000531005020362	2.819663316496481e-07	6.855694743957704e-07	3.420652113700316e-05	-0.0001088226591193	1.1842371137816446e-08	1.1700860882962435e-09	0.0	0.0	0.0	0.0	0.0	0.0	0.0	0.0	0.0	0.0	0.0
829.3983418915941	1.93339205409643	3.738004834843213	687901.6095325256	883.2903624216716	-2.7416158888074733	780201.8643470079	7.516457681761592	781.3783709901752	0.4504530473188879	0.2029079478388722	610552.1586512598	787.2346392145264	607.9707486493871	1.084123	17.957302	0.2004461534161823	0.127180088435941	-0.0467453318	0.013975124	-0.0521605045	0.1093571187	0.0131654687	0.0249220451	0.0352710253	0.093043007	-0.0119385203	0.1289259233	-0.0240088723	0.042191811	-0.0274255505	0.0517550911	-0.1593664789	0.1005253713	-0.0108622817	-0.0835480616	-0.012094631	0.0099905742	-0.1289901643	-0.0650073764	-0.0240509641	0.1302838475	0.0631016473	0.0183122168	0.0234746829	0.0595987648	0.0203437754	-0.0601325394	-0.1816000209	-0.0972163099	0.1298423693	-0.029411017	-0.0165692956	0.0429445907	0.0689028947	0.0788459876	0.0154070692	-0.1495317453	0.0762169793	-0.0028109945	-0.1354968117	0.1748944562	-0.0267555121	-0.040503162	-0.0978738681	-0.0111713521	-0.092617467	0.0770611214	-0.0940014734	0.0238753806	0.0420513678	-0.0221534644	-0.0172003941	-0.0012947785	0.1603553928	-0.0278544856	0.1040535583	0.0023707704	0.010465128	0.0610001592	0.1734211577	-0.0662324604	0.0247154414	0.028483686	0.064538161	-0.1136861514	-0.0967948084	0.1549734449	-0.0496143889	0.016531055	-0.0598180452	-0.11782143	0.1121761573	0.1054279714	0.0430942802	-0.0350428114	-0.0176315048047825	-0.0167080987533125	0.000310869961681	0.0002791605639504	-0.0711740814108736	-0.1175529068232349	0.0138186859025921	0.0050657498646816	0.0184273474095135	-0.0437141337489351	0.0019109254894197	0.0003395671325509	-0.0004930348984974	5.478907406600004e-06	2.430834111363415e-07	3.0018426370096387e-11	0.0004929644907065	-0.0003350267377469	1.1224291500533013e-07	2.430139890975189e-07	0.0001431211577975	0.0001089146366604	1.1862398078888041e-08	2.048366580929689e-08	0.0	0.0	0.0	0.0	0.0	0.0	0.0	0.0	0.0	0.0	0.0
830.5987319418775	1.2003900502834313	1.4409362728194586	689894.253503455	885.4150830586751	2.12472063700352	783959.8693078005	4.514437785308644	782.1262727679629	0.7479017777876606	0.5593570692179434	611721.5065539059	787.4580117223187	615.3576074792704	1.048728	17.371035	0.1061540392813233	0.0697437176910985	0.011050699	0.0475847939	0.0908008753	0.1369142853	-0.0187182386	-0.0257536751	0.0043523725	0.1448647567	0.072144526	0.1090756615	0.021766257	0.0335159828	-0.0664994324	0.1556030243	-0.0020330986	0.0810280044	-0.0579619072	0.04020141	-0.1106814579	-0.0880239749	-0.0437109562	-0.1797965641	-0.1562165193	0.1724144777	0.0167757202	0.0407335877	0.0348256187	0.1348023317	-0.1076573382	-0.0494655219	-0.0210131151	0.0366904226	-0.0957767568	0.0263960713	-0.0425476983	0.0327678518	6.21629e-05	0.1911637964	0.1251160308	-0.0812667115	0.0184588943	-0.0680173052	0.085997648	0.0890258998	0.0614905937	0.0494698746	-0.1466337496	0.0888382384	0.0725735701	-0.0104155396	0.0028253862	0.0259352134	0.0622918377	0.0168770506	-0.0188727966	-0.0019122514	0.0991212121	0.0507595415	0.0946431877	-0.175218765	-0.0605163739	0.1758884387	0.097721973	0.0288168298	0.0703642576	-0.0530363292	0.1150707133	-0.034298162	0.0328314604	0.0225822019	-0.0193407923	-0.1051360885	-0.0079759571	-0.0212132173	0.1545058368	0.1034414224	0.0366662233	-0.0446835199	-0.0008289272862782	0.0168025775185043	6.871204459365408e-07	0.0002823266112653	-0.0061878683751643	0.0649862130357093	0.0042232078847225	3.828971502835848e-05	0.0170141522368538	-0.0014131951726596	1.997120596028674e-06	0.0002894813763388	-0.0006790158809973	-0.0001859809824999	4.6106256664653947e-07	3.4588925851628106e-08	0.0002199510277736	-0.0002730134629329	7.453635094261394e-08	4.837845461866296e-08	0.0001430745321413	-4.6625656199990844e-08	2.173951816079744e-15	2.047032174745189e-08	0.0	0.0	0.0	0.0	0.0	0.0	0.0	0.0	0.0	0.0	0.0
832.0300270403096	1.4312950984320878	2.04860565879572	692273.9658966984	888.3740476820204	2.958964623345309	789208.4485949368	8.755471642209049	783.5040760387074	1.3778032707444936	1.8983418528742244	613878.6371692686	789.5598453905494	621.6707951256989	1.12906	18.701643	0.0739376001537998	0.0416255700344119	0.0218913645	0.0562918986	0.0983607836	-0.0262761986	-0.0996997546	0.0237380285	0.0016985227	0.1028249543	-0.0408944064	0.0298176598	0.0832454739	0.0856529653	-0.0006323462	0.0269780014	-0.0020139891	0.080202298	0.0265270289	-0.104130203	-0.0295560289	0.081394139	-0.1394467729	-0.1186019009	-0.0891518099	0.1764992956	0.0595797174	0.1703436015	-0.1000977927	-0.0109005586	0.0314823379	0.0316264643	-0.109434166	0.0687648363	0.0382108177	0.0734885403	-0.0790870969	-0.0149083861	-0.0614387649	-0.0020348879	0.0437570275	-0.0986637083	0.0513698479	-0.0346236068	-0.1864387604	0.2326765917	-0.1483293678	0.0055165605	-0.0749825722	-0.0347119142	0.1170656308	0.0138834405	-0.1113633059	0.0268951485	0.0835859559	-0.0188232947	0.0323027253	0.0112733984	0.0684368073	0.0984737312	0.0559211323	-0.0610699843	0.1183591031	0.045611326	0.1556668364	-0.0662278424	-0.0726696	0.0109936314	-0.0322862406	-0.1541196151	-0.192860019	-0.0485519779	0.0130487348	0.0730803387	-0.049432145	0.0774875409	0.0753624348	0.1013839798	0.0301376669	-0.0540487397	-0.0009238777105196	-9.495042424140004e-05	8.535500239949379e-07	9.015583063621851e-09	-0.033307761292832	-0.0271198929176677	0.0007354885918657	0.0011094069623402	-0.0003346326374469	-0.0173487848743007	0.0003009803366147	1.1197900204466845e-07	-0.0004139804029483	0.000265035478049	1.7137977402523686e-07	7.024380462466196e-08	0.0002185367332143	-1.4142945593000034e-06	2.000229100465591e-12	4.7758303763978135e-08	-0.0001779551340022	-0.0003210296661434	1.0306004654420705e-07	3.166802971774096e-08	0.0	0.0	0.0	0.0	0.0	0.0	0.0	0.0	0.0	0.0	0.0
829.9619952162632	-2.068031824046443	4.2767556252688586	688836.9135033605	892.5403086768256	4.166260994805157	796628.2026129231	17.357730676834855	782.334272997307	-1.1698030414003142	1.368439155669425	612046.9147062249	789.1595438254463	625.8194198118438	1.307348	21.654787	0.1156632002437939	0.0649634270341263	0.009179037	0.0420095323	-0.0303601073	0.0358001229	0.0361381816	-0.0635024823	-0.0585859351	-0.0295608447	0.1228378839	-0.0947164529	0.0131788083	-0.0520147211	0.1324555043	-0.006006347	-0.0371232363	0.0108896112	0.0144023749	0.079903739	0.0318965698	0.0787897494	-0.2191130168	0.0754182366	0.0952484304	-0.1096433649	0.0502976498	-0.0607488188	-0.0293745637	-0.0247720577	0.0848816107	0.1208461825	0.1205982528	-0.265604821	0.0190658732	0.0202376731	0.0538952038	-0.1070559287	0.0889236501	-0.0360363931	0.0112867349	0.0181190369	0.0039914615	-0.0690031492	0.0415065411	0.0528906163	0.1599323975	-0.1301677232	0.0468995051	-0.1374231759	0.05442447	-0.0125543746	-0.0698431656	0.0189013552	0.0093689426	0.0483395612	-0.0216883676	-0.0325126922	0.1363553131	0.1216010493	0.0607206402	0.0179440485	0.0892585466	0.0686801738	0.0064070818	0.1927545529	0.1321822355	-0.0875157128	0.0976432104	-0.0888744091	0.2228129008	-0.177211004	-0.3342182517	0.2519484053	0.022666614	-0.070865646	0.2164272496	0.0992570537	0.0235265052	-0.063080731	0.0105302486320226	0.0114541263425422	0.0001108861362522	0.0001311970102709	0.0053324442105804	0.0386402055034124	0.0014930654813459	2.8434961258952424e-05	-0.0497770492092257	-0.0494424165717788	0.0024445525564573	0.0024777546279776	-0.000492988202678	-7.900779972970002e-05	2.430373679796849e-07	6.242232418128387e-09	0.00035101630244	0.0001324795692257	1.755083626222704e-08	1.2321244457864958e-07	-6.691346643638809e-05	0.0001110416675658	1.2330251935796283e-08	4.477411990533636e-09	0.0	0.0	0.0	0.0	0.0	0.0	0.0	0.0	0.0	0.0	0.0
828.6716198783439	-1.2903753379192722	1.6650685127102758	686696.6535917985	887.6256106058756	-4.914698070949953	787879.2246034535	24.15425712859919	781.8011341441761	-0.5331388531309358	0.2842370367177695	611213.01334912	789.0736368430245	611.6191716745359	1.273066	21.086931	0.1887449813842172	0.1009468960847875	-0.0070143383	-0.1043640479	0.1606075453	0.0028830007	0.0887777718	-0.0525960895	-0.035219175	-0.0267669704	-0.0079793571	0.1470169732	-0.0161756776	-0.0355882606	-0.0238962904	-0.0385681443	-0.0435743977	0.0632340782	-0.12016026	0.1104490926	0.1035196203	-0.0149982649	-0.1046704645	0.0663318759	-0.0172055854	0.0666087339	0.0468550012	-0.0489806888	0.1079881535	-0.0289874053	-0.0177746154	0.1988153851	0.0863313589	-0.0369743724	0.0317001302	-0.0001834606	0.0758431282	-0.0128602303	-0.0171479517	0.0260846352	-0.0026667394	-0.1687882135	-0.0369425755	0.0646246887	0.060028429	0.0356931788	-0.0285435722	-0.008035937	0.076214728	-0.1895103955	0.1058336915	0.1554228366	-0.0049291756	-0.073909847	-0.0597226626	0.1856883037	-0.0514697053	-0.0549415089	0.0441288958	0.1211495632	-0.0957526986	-0.0339640747	0.0192392574	0.0003138442	0.0212473749	0.0737037789	0.0458928245	-0.1011084956	-0.0446699673	-0.0606279572	0.0133265943	-0.3105266267	-0.0586001107	0.1335657512	0.0602475763	-0.0759478096	0.0150874223	0.0970621018	0.016850859	-0.0717238087	-0.0053473032042319	-0.0158775518362545	2.8593651557988744e-05	0.0002520966523129	-0.0032209763643038	-0.0085534205748842	7.316100353085235e-05	1.0374688739403726e-05	-0.1447277686011148	-0.0949507193918891	0.0090156391130372	0.0209461270042578	-0.0008409657789471	-0.0003479775762691	7.072234413601027e-07	1.2108839358611734e-07	-0.0004790599253272	-0.0008300762277672	6.890265439042244e-07	2.2949841205450246e-07	0.0001422985211511	0.0002092119875874	4.3769655750307264e-08	2.0248869121790053e-08	0.0	0.0	0.0	0.0	0.0	0.0	0.0	0.0	0.0	0.0	0.0
828.1776257627773	-0.4939941155665792	0.2440301862144068	685878.1798140708	882.2460775587294	-5.379533047146197	778358.1413677636	28.93937580533804	780.785302364465	-1.0158317797111067	1.0319142046710343	609625.688388369	787.0188902758978	603.4617786337476	1.233959	20.439182	0.1139706082733653	0.0662872752580915	-0.0220821579	-0.1214959758	-0.1090196132	-0.1286206452	0.0470591532	0.0260184126	-0.0190434938	-0.0709872346	-0.1507857991	-0.0733791535	-0.0797936478	-0.0540560119	-0.0596268166	-0.2132316885	-0.0345042757	0.0877964298	0.0921792079	0.0019877737	-0.0192435441	-0.1411710574	0.0404443489	0.0081677417	-0.0080410011	-0.2109835999	0.0283228187	-0.0507119796	0.0298234244	-0.0595547052	0.0681857565	-0.141036383	0.018485312	0.0340679775	-0.0012592088	-0.0759373814	0.079873458	0.038485186	-0.0538495989	-0.1066538414	-0.0974325863	-0.0822507104	0.0821937725	-0.0597368922	-0.0398159968	0.025269481	0.0990744981	0.1290409026	0.0975799212	-0.0500371527	-0.0456979488	-0.0425129386	0.287781634	-0.0431930593	-0.0045904119	0.1361374562	-0.1112107532	0.0089212676	0.00308995	0.0255133381	0.1245082828	-0.0375670419	0.0772583995	-0.0882794461	-0.1693593067	-0.0363436108	0.0966552874	0.0604819956	0.0217827408	-0.0609676087	0.0651965122	0.1119256813	0.0008389085	-0.0723813669	-0.0141797996	0.1211915369	-0.0075259611	0.0948006283	0.0101290257	-0.0799246852	-0.0008388807571861	0.0045084224470457	7.037209247771245e-07	2.032587296102644e-05	0.0193777401505315	0.0225987165148353	0.0005107019881178	0.0003754968133415	-0.0877793528307506	0.0569484157703642	0.0032431220587542	0.0077052147833854	-0.0009089071961979	-6.794141725079996e-05	8.261122913003278e-07	4.616036178047298e-09	-0.0003452445696203	0.0001338153557069	1.7906549422964173e-08	1.1919381285230621e-07	0.0005388428190158	0.0003965442978647	1.5724738016900796e-07	2.9035158360489426e-07	0.0	0.0	0.0	0.0	0.0	0.0	0.0	0.0	0.0	0.0	0.0
831.6091847912024	3.431559028425113	11.775597365565906	691573.8362290883	885.5954983181424	3.349420759412965	784279.386641359	11.218619423586524	780.9582059918027	0.172903627337746	0.0298956643465501	609895.719505935	786.6567647578074	605.9015408017219	1.161608	19.240763	0.0777629039149582	0.0352080665395703	0.0029964134	-0.0646021497	-0.1586812181	0.0649740418	0.0204849728	0.0462017487	0.1785960978	-0.1427083873	0.0571061833	0.0608502121	-0.0551126999	0.1042294364	-0.1721434018	-0.0552957987	-0.2170613025	-0.0295022304	-0.007387932	0.1745795447	-0.1250995586	0.0248740655	-0.0540277658	0.0127890497	-0.0724126306	-0.0591463404	-0.0507849118	0.0740846836	0.0451157625	-0.060190843	0.0290332931	0.1571756561	0.0177806456	-0.0362365268	0.0981736135	-0.0473650941	-0.0320123868	0.2185961702	0.1384868509	-0.0004842144	-0.0785785564	-0.1385390029	0.0040635595	-0.15101977	0.1544778058	-0.0314493691	0.0935595439	-0.0115194382	-0.0185858632	-0.097341801	0.1252572337	-0.0503743833	-0.0102083045	-0.0351765033	0.0648144689	0.1412420527	-0.0372412702	0.005337887	-0.0169110119	0.1391759283	0.09192158	0.1621908167	-0.1435375943	-0.0579948352	0.0008859243	-0.0865768168	0.0459254113	-0.0983400137	0.1378022187	0.0665505297	-0.0298772429	-0.0814888776	0.1697403245	0.047799079	-0.068012511	-0.1364607123	-0.0422776571	0.0924741833	0.0033794295	-0.0876327994	0.0110837915020027	0.0119226722591888	0.0001228504340598	0.0001421501138	0.0111156000125163	-0.0082621401380152	6.826295966020184e-05	0.0001235565636382	-0.1172762804031748	-0.0294969275724241	0.0008700687362128	0.013753725945204	-0.0012759425956277	-0.0003670353994297	1.628029507337152e-06	1.3471498443459277e-07	-0.0003452200126454	2.4556974900010343e-08	6.03045016239738e-16	1.1917685713089015e-07	0.0003442794965139	-0.0001945633225019	3.7854886462978376e-08	1.1852837171986449e-07	0.0	0.0	0.0	0.0	0.0	0.0	0.0	0.0	0.0	0.0	0.0
835.7987088375581	4.1895240463557	17.55211173499264	698559.4816945293	891.493078274197	5.897579956054642	794759.9086108037	34.78144933805747	784.3980353153113	3.4398293235085475	11.832425774869272	615280.2778065203	790.4020356090542	633.6914929914911	1.334239	22.100197	0.0748573384212627	0.0350051221016058	0.1125726177	0.0142846951	-0.0654818471	-0.1069984512	-0.1434564102	0.0533541359	0.0674364746	-0.0852432805	-0.0947935178	0.046634089	0.1056644529	0.095795718	-0.0607577494	-0.0989205645	-0.0359065446	0.1039617428	0.0497351351	-0.0687215274	-0.0762437313	0.0367293221	-0.0088612564	-0.0640966053	0.0277596572	-0.273978668	0.039065025	-0.0426464025	0.11932421	0.0492927811	-0.0459662527	0.1117792192	-0.0690535438	0.1041965271	-0.0395420716	0.09858943	-0.0770790926	0.0917363779	-0.0121585487	-0.0569167026	-0.063822418	-0.0825104082	0.0744887556	-0.0388914989	-0.1169601256	-0.1169695344	0.0513142884	0.0253413292	-0.040185049	-0.2628359962	-0.0783565097	-0.0771796007	0.1777929396	-0.0356271733	0.0826376513	0.033262528	0.0089956981	-0.1731169296	-0.0169537049	0.0524277236	-0.1603912603	0.2199103953	0.0235261374	-0.1940331423	-0.1355909678	-0.3087524851	0.1969588804	-0.0447332395	0.1392882503	0.0581622921	-0.1239769528	-0.0501647011	0.2184404038	0.0770318699	-0.0571735943	-0.0118510328	0.0001664907	0.090084361	-0.0033794295	-0.0948006283	0.0336859450288073	0.0226021535268046	0.0011347428924838	0.0005108573440492	-0.002914975708478	-0.0140305757209943	0.0001968570550625	8.497083381016818e-06	-0.1339457199253502	-0.0166694395221754	0.0002778702139834	0.0179414558863203	-0.0011089857731308	0.0001669568224968	1.2298494450065183e-06	2.7874580578261308e-08	-0.0003450444161181	1.755965272999863e-07	3.0834140399814844e-14	1.1905564909428057e-07	8.030852251233046e-05	-0.0002639709740015	6.96806751153373e-08	6.449458788113488e-09	0.0	0.0	0.0	0.0	0.0	0.0	0.0	0.0	0.0	0.0	0.0
832.9819825019517	-2.816726335606404	7.933947249698681	693858.9831728819	894.7789947509766	3.285916476779562	800629.4494475683	10.797247092371409	784.1154998779297	-0.2825354373816253	0.0798262733764263	614837.1171488155	790.586900811101	641.9208417070022	1.193071	19.761908	0.056952400283753	0.0320976717094554	0.0950388602	0.0225309281	-0.0514609102	0.0829730868	0.0016537272	-0.0712971612	-0.0283739962	-0.1497276536	0.1802977293	0.0319319947	0.0778745518	-0.1092126587	0.0576699532	0.0667669766	-0.1196003229	0.0177540214	-0.0217740761	0.1204027022	-0.029769008	-0.0714278707	-0.0878558745	0.0497430713	0.0265587865	-0.1581723594	-0.069173398	-0.0448089395	0.0105700155	-0.1908981678	0.1174653934	0.0797228577	0.1979437364	-0.0899013516	-0.054276385	0.0733562271	0.069244614	-0.0176068161	0.1308326304	0.0354791996	-0.0395203957	0.074873581	0.0879877075	0.0182424353	0.0577792489	-0.0429292377	0.1223664841	0.055774115	0.0653934824	-0.181420645	0.0271423406	-0.1186042988	-0.0821311683	-0.0326045916	0.077411019	0.0624347434	-0.0827246442	-0.1147875162	0.1080159546	-0.0187639963	-0.0584921457	0.1128330878	0.0133217004	0.0283570114	-0.1267862465	0.0436097375	0.1151822239	-0.0657257404	-0.0204763417	-0.0348601322	-0.0109528847	0.0686840747	0.0440105572	-0.0276371468	-0.0671709133	0.0248174239	0.0538780391	0.0876327994	-0.0101290257	-0.1013839798	0.0337416140301201	5.566900131279834e-05	0.0011384965173575	3.099037707164343e-09	0.0083848736785938	0.0112998493870718	0.0001276865961705	7.030610660597513e-05	-0.1167540018087152	0.017191718116635	0.0002955551718018	0.0136314969383494	-0.0014129426036889	-0.000303956830558	1.996406801319168e-06	9.238975484292546e-08	-0.0003452430667678	-1.9865064969999853e-07	3.9462080626231525e-14	1.1919277515123563e-07	0.0003442563168792	0.0002639477943668	6.966843815113524e-08	1.1851241171123217e-07	0.0	0.0	0.0	0.0	0.0	0.0	0.0	0.0	0.0	0.0	0.0
829.8234266915604	-3.1585558103913627	9.976474807357038	688606.9194861235	890.9935129377577	-3.785481813218894	793869.4400971662	14.329872558211004	782.3630671645656	-1.752432713364101	3.071020414868665	612091.9688631465	789.1121893872091	617.7358397597567	1.070281	17.728029	0.0606884353303485	0.0278263347309107	0.0451014841	-0.0384474898	0.1211028172	0.0979261028	0.0498705675	-0.1143571599	-0.045722355	0.0464004993	0.0041224685	0.0839614058	0.0045549305	-0.0646827561	0.0387115039	0.1339423982	0.0148713096	0.0710614683	-0.0820443763	-0.0069445318	-0.0864492449	-0.0345925028	0.1230115327	0.0036388789	-0.1087721235	-0.0962609962	-0.0731928387	0.0126019662	0.0231263884	-0.106141738	-0.0175714975	-0.0137581249	0.052339071	0.1807266462	0.0049883524	0.0234549108	0.0611270341	-0.0494326978	0.0182037952	0.1611578712	0.1361512946	-0.0032823403	0.0316061956	-0.0141071033	0.0231897142	-0.141426139	-0.0292538981	0.0566554044	0.1082537861	-0.0412247857	-0.0108231021	-0.0088347252	0.0775037746	-0.051855942	0.0419974655	0.0852181177	-0.0787105332	-0.1052182262	0.0995081848	-0.0456939955	-0.1675928512	-0.039857157	-0.0282753499	0.0398389589	-0.00905233	-0.028602659	0.0363024286	-0.0602306275	0.0445262752	0.0157450313	0.0647678486	0.0778008743	0.117109081	-0.0614913627	-0.0640788333	-0.0198767215	0.0406069662	0.0851211787	-0.016850859	-0.1073422654	0.0206873468199546	-0.0130542672101654	0.000427966318449	0.0001704138923944	0.0140545740899966	0.0056697004114028	3.2145502755061085e-05	0.0001975310528512	-0.1374752939153154	-0.0207212921066002	0.000429371946567	0.0188994564371023	-0.0014709323557117	-5.798975202279998e-05	2.163641995079571e-06	3.362811339665834e-09	-0.0002339410603227	0.0001113020064451	1.2388136638705085e-08	5.4728419704909167e-08	0.0005998280704549	0.0002555717535757	6.531692122575833e-08	3.5979371410564845e-07	0.0	0.0	0.0	0.0	0.0	0.0	0.0	0.0	0.0	0.0	0.0
831.6691538886221	1.8457271970617055	3.4067088859732606	691673.5815298165	887.4236782073974	-3.569834730360298	787520.7846431464	12.743720002086588	782.3793506044331	0.0162834398674931	0.0002651504139182	612117.4482522144	787.2960780529963	615.9765684670265	1.01885	16.876135	0.0952255009227808	0.0461554866239104	0.0398603298	-0.0059800897	0.1510804979	-0.1011495426	-0.0499494708	-0.0219915576	-0.0967304656	0.1392347504	-0.1714408567	-0.0374848733	-0.0036443635	0.0083009856	-0.0378745245	-0.05343809	0.0995022714	0.214195891	-0.0258763337	0.0484584111	0.0433527374	-0.1457009409	-0.068749388	-0.0349167902	0.0558769537	-0.0963707597	0.0219046382	0.0205264823	-0.0071872272	-0.0439898717	0.0376596446	0.024464309	0.0828099287	0.025351462	0.1151036054	-0.0147351298	-0.0114050628	0.0067809259	-0.1724268306	-0.0186907228	0.1190644773	-0.0640874619	0.1681243962	0.0296982747	-0.0194328706	0.0510824398	0.0702007942	0.0673817062	0.0924650048	-0.0983958064	-0.0404422646	-0.0580220331	0.0823439206	-0.0198976592	0.0975687082	0.0480075546	-0.0539319667	-0.0321371441	0.0190748858	0.0252406625	-0.1207835257	-0.1158409029	0.1084855336	-0.036409222	0.016522299	-0.0662629556	0.0654110715	0.0650670505	-0.0059400783	0.0123775661	0.019864695	0.1275786984	0.0936057882	0.0181428776	-0.052172805	0.100325512	-0.0373801505	0.0825512202	-0.0235265052	-0.1126387502	0.0338284142620182	0.0131410674420636	0.0011443616114827	0.0001726876535168	0.0093842437380402	-0.0046703303519564	2.181198559640519e-05	8.806403053494671e-05	-0.1000778663721746	0.0373974275431408	0.0013985675868444	0.0100155793376068	-0.0014130310783699	5.790127734180009e-05	1.9966568284392022e-06	3.3525579178120524e-09	0.0001927994435111	0.0004267405038338	1.8210745761232546e-07	3.717162541818984e-08	0.0002841363399181	-0.0003156917305368	9.966126872931955e-08	8.073345966205409e-08	0.0	0.0	0.0	0.0	0.0	0.0	0.0	0.0	0.0	0.0	0.0
831.669535790049	0.0003819014269765	1.458486999267504e-07	691674.2167612357	886.4701775868733	-0.953500620524096	785829.3757509027	0.9091634333398364	781.9600748697917	-0.41927573464136	0.1757921416590521	611461.5586903703	788.3571557186845	634.5265631859455	1.086668	17.999458	0.0328523542940053	0.0194520551897073	0.0541028015	0.0239820336	-0.0896730269	-0.0562013541	-0.0361648596	0.0513977566	0.0236873291	-0.089518864	0.0314726272	-0.0932838696	-0.042536433	0.0193176374	-0.1028267873	-0.1171732218	-0.0800180396	0.0449120512	0.1613178448	0.0032762314	0.0211026664	-0.1295885702	-0.0934126495	0.0055994469	0.0997814744	-0.102258275	-0.0263411699	0.0891120134	-0.0910622895	0.1117596072	0.1549966326	-0.1396381701	0.0698351566	0.035729139	-0.0750412266	-0.0486601649	-0.0149728736	0.0885919516	0.0297070001	-0.0961892887	-0.0495829714	0.0104659559	0.1469017589	0.0179051391	-0.0215749256	0.1124415157	0.1529912141	0.0746968252	0.0763836742	0.0845504756	-0.0514014192	-0.0960817908	0.0844503582	0.0010759751	0.0883311745	0.0255081489	-0.082493097	-0.0639538414	0.0763853439	-0.0144516088	0.0494891372	-0.0251282808	0.0703358791	0.0094783183	-0.1636846591	-0.0174922975	0.0822414775	-0.0990288212	0.0724307755	-0.0021153027	0.0342013397	0.1818910147	-0.014461352	-0.1165901401	0.0798513334	0.0775086492	-0.0353124675	0.0799246852	-0.0301376669	-0.1172407796	0.0339938539851232	0.000165439723105	0.0011555821087618	2.737030198106001e-08	-0.0037487649314016	-0.0131330086694418	0.0001724759167116	1.4053238510906442e-05	-0.1000472844263811	3.058194579350082e-05	9.352554085166223e-10	0.0100094591210931	-0.0014130895125914	-5.8434221500165e-08	1.996821970595801e-06	3.414558242330345e-15	0.0003231153840399	0.0001303159405287	1.6982244355905736e-08	1.0440355140325207e-07	0.0005442284442811	0.000260092104363	6.764790275197368e-08	2.961845995646264e-07	0.0	0.0	0.0	0.0	0.0	0.0	0.0	0.0	0.0	0.0	0.0
829.4331691914543	-2.2363665985947137	5.001335563310089	687959.3821549797	892.0892605251736	5.6190829383002665	795823.248744351	31.57409306749716	781.9940307617187	0.0339558919270075	0.0011530025965586	611514.6641469599	789.253643321253	625.8292627037118	1.110831	18.399687	0.0447324849606349	0.0241524001306188	0.0116406614	-0.0214895703	0.1083167332	0.0746787962	0.0370954979	-0.0579718165	-0.0139139419	-0.0318487689	0.0410773647	-0.0038321105	-0.0474396392	0.0072065613	-0.0394832833	0.0203903455	-0.0861035001	0.1428536075	-0.0296586054	-0.0059423655	-0.0573114128	-0.190365532	-0.1020070028	0.0801384473	-0.031310461	0.1827736952	-0.0811920877	0.1613902478	-0.0441284061	-0.0289062001	-0.0057163376	-0.1189606512	0.0745173777	0.0725826252	-0.1395484007	-0.0416860543	0.0197380862	0.0377065332	0.0471439399	0.0310189833	0.0649286624	-0.1043131253	0.1422720456	0.0388550451	0.0027763362	-0.0051185536	0.0678683074	0.0883284934	0.0781348875	0.0595748057	0.1948164548	0.041359203	-0.1652254631	-0.0003566036	0.0659782572	0.0621908185	-0.0918994324	-0.0054564203	0.0577315196	0.0810434581	-0.0235810647	-0.121591592	0.0105003789	0.1623225791	0.0087234296	-0.0502510506	-0.0410004558	-0.0976245866	-0.0836345446	-0.0069514483	-0.0488926262	0.0592795669	0.0302880257	-0.0940157255	0.0737215766	-0.007867339	-0.1424549055	0.0772433738	-0.0366662233	-0.1211199807	0.033875089176206	-0.0001187648089172	0.0011475216666959	1.410507983714008e-08	-0.0040180043762205	-0.0002692394448189	7.248987864638981e-08	1.614435916732709e-05	-0.0823716467213273	0.0176756377050538	0.0003124281682803	0.0067850881835831	-0.0011960382312722	0.0002170512813192	1.4305074506647324e-06	4.711125872230657e-08	0.0002908442149363	-3.2271169103599995e-05	1.041428355313147e-09	8.459035736191268e-08	0.000260174034667	-0.000284054409614	8.068690762121488e-08	6.769052831490533e-08	0.0	0.0	0.0	0.0	0.0	0.0	0.0	0.0	0.0	0.0	0.0
829.1857663082262	-0.2474028832281192	0.0612081866295863	687549.0350481604	889.0364196777343	-3.0528408474392563	790385.7555134046	9.319837239793635	782.2254391756925	0.2314084139737815	0.053549854057861	611876.637693605	788.828574707871	610.7005958596501	1.202659	19.920732	0.068696541968529	0.0425127293346899	-0.0211039962	-0.0330490499	-0.0596159589	-0.1478491477	0.00625991	-0.0255632796	-0.0378929176	-0.0281141578	-0.0284601593	-0.1500522152	-0.0318622108	-0.0409191205	0.0704828909	-0.1758390874	-0.0047087501	0.0453020489	0.0382920203	-0.0393596463	-0.0438641585	0.0360113988	-0.0296977131	0.036283704	-0.0149823957	0.018645923	0.0764038334	0.0261581816	0.031438508	-0.1417945844	-0.1839226277	0.0009828461	0.0683834811	-0.0116701201	-0.0057844964	-0.0225143341	0.0454098243	-0.0590536393	-0.0251821261	-0.1580568631	-0.0170565701	-0.0505401466	0.0481685364	-0.143752925	-0.0352668374	0.0164543029	0.0023819136	-0.0582995758	0.106549494	0.0373790055	0.0228240395	0.013633332	0.0415585116	0.0032302292	0.062551115	0.0627617402	-0.0692426356	0.044208104	-0.0323117909	0.1822171992	0.0861914721	0.0613461502	0.1206525516	-0.0538526059	-0.0516195554	0.0340452962	-0.0151340814	0.0527131345	0.0208631408	0.1115892912	0.0322753866	0.0834944713	-0.1228791746	0.0772838131	-0.0495913566	-0.0646067044	-0.1294716705	0.0745091236	-0.0430942802	-0.1242524367	0.0340625124144366	0.0001874232382306	0.0011602547519836	3.5127470228844604e-08	-0.0039354281382912	8.25762379293004e-05	6.818835070556429e-09	1.548759463165414e-05	-0.1129777711907564	-0.0306061244694291	0.0009367348550381	0.0127639767832309	-0.0009920433167723	0.0002039949144998	9.84149942352586e-07	4.1613925141821496e-08	0.0007109361686339	0.0004200919536976	1.7647724956146656e-07	5.054302358718492e-07	0.0001278525424057	-0.0001323214922613	1.750897731425728e-08	1.6346272599601316e-08	0.0	0.0	0.0	0.0	0.0	0.0	0.0	0.0	0.0	0.0	0.0
829.7023093913489	0.5165430831226558	0.2668167567218589	688405.9222093376	887.7157885657416	-1.320631111992725	788039.3212688965	1.7440665339631414	782.5431562019116	0.3177170262191566	0.1009441087495442	612373.7913184495	789.2661114444224	612.7867624195344	1.173231	19.433275	0.1296504065754042	0.0613585981129841	-0.0083058264	-0.0726162663	-0.1080523729	0.0841097493	0.0774357802	-0.0034483572	0.0562693121	-0.1335820545	0.0782148549	0.0668605476	-0.0103800352	-0.0691788324	0.0084179304	0.1113963247	-0.1676978661	-0.1195831681	0.0018296169	0.0492667563	-0.0833215632	0.0845969665	-0.0494848115	0.1006477864	-0.0793322713	-0.0276116	0.0280949008	0.0548988474	0.0229835831	-0.0339761145	-0.0892467992	0.1310088087	-0.1157895764	-0.0381326654	0.0208027935	-0.009979204	0.0669196696	0.0441319034	0.165979975	0.0765502719	-0.1067538208	0.0245891076	-0.0712618369	-0.0273769929	0.0749476524	-0.0498214126	-0.02544363	-0.0607045931	0.0834698241	-0.0783474832	0.0650502227	-0.0108900147	-0.1531828419	-0.0502107168	0.0263653836	0.0647474287	-0.069415477	-0.0421134808	0.124316021	0.0131676338	-0.0081372259	0.1479611536	-0.0316343393	-0.011990244	0.0001564788	-0.0614454897	-0.0854923814	-0.146063808	-0.1274527019	-0.0077747891	0.027987289	0.0157945278	-0.0379318716	0.0170236618	0.0451067032	-0.1466579374	-0.0556752377	0.0717238087	-0.0494042187	-0.1266188352	0.0220993301181664	-0.0119631822962701	0.0004883803916716	0.0001431177306537	-0.0241206792699273	-0.0201852511316361	0.0004074443632472	0.0005818071684427	-0.1677982615891693	-0.0548204903984129	0.0030052861675224	0.0281562565923472	-0.0014130199473582	-0.0004209766305859	1.9966253716321702e-06	1.772213234994574e-07	0.0002989243337336	-0.0004120118349003	1.697537520979121e-07	8.935575729807668e-08	0.0001072113529102	-2.0641189495499988e-05	4.260587037891391e-10	1.1494274192835453e-08	0.0	0.0	0.0	0.0	0.0	0.0	0.0	0.0	0.0	0.0	0.0
829.1504588735239	-0.5518505178249598	0.3045389940236762	687490.4834501753	890.9565383911133	3.240749825371722	793803.5533018754	10.502459430646848	783.4538947827888	0.9107385808771368	0.8294447626981012	613800.0052503211	791.2783086617651	613.1720362742013	1.115355	18.474634	0.1521690265589934	0.0739798711791239	0.0421030112	-0.1120682063	0.1002353598	0.1170497617	0.0663781335	-0.1447550203	-0.0069322655	0.0434754915	-0.0659376868	0.133744297	0.0328591968	-0.2054788826	0.0320252444	0.1134249596	0.0167104116	0.0084064609	-0.0996628499	-0.0661957642	0.0538630778	-0.0413914849	0.1008791638	0.1144185196	-0.0055621304	-0.0999025781	0.0622452613	-0.0673131956	0.105679835	-0.0947682053	0.0200695521	0.1438852745	-0.0800081425	0.2235406225	0.1074101615	0.0484120422	0.1697660408	-0.0428946538	0.0067521007	0.1401769956	0.0406943315	0.0221442892	-0.0682998115	0.069328965	-0.0666267394	-0.0747415241	-0.0407339298	-0.0287671813	0.1793802975	-0.1041167028	-0.0583226477	0.0292414162	0.1317722365	-0.1030188307	0.0019600821	0.0703705833	-0.0927258189	-0.1134640338	0.0979144689	-0.0939919342	-0.2201741034	0.0211562221	-0.0475922963	-0.0128300678	-0.0510488041	-0.0900768485	-0.048311277	0.0814543172	-0.1029950722	0.029398037	0.0235371135	0.0074481118	-0.0505248572	-0.0433137965	-0.091829243	0.041015108	0.0310876739	0.0688893378	-0.0555787436	-0.1282045865	0.0033295878885581	-0.0187697422296083	1.1086155507632787e-05	0.0003523032233659	0.0305057561160424	0.0546264353859697	0.0029840474429775	0.0009306011562114	-0.2085611227226849	-0.0407628611335156	0.0016616108477902	0.0434977419113468	-0.0018960034021377	-0.0004829834547794	3.5948289009177328e-06	2.3327301759074122e-07	2.189853975620437e-05	-0.0002770257939773	7.674329052880646e-08	4.795460434540635e-10	0.0001070208454691	-1.905074411000002e-07	3.629308511447004e-14	1.1453461364920984e-08	0.0	0.0	0.0	0.0	0.0	0.0	0.0	0.0	0.0	0.0	0.0
828.9605416160848	-0.1899172574391059	0.0360685646731916	687175.5795564327	888.621337975396	-2.335200415717281	789647.8823051831	5.453160981566164	783.9522880785393	0.4983932957504748	0.2483958772490203	614581.189983577	790.3938826661836	613.0618762794985	1.133309	18.77202	0.1875456634974846	0.1145338320232254	-0.0083926011	-0.0487024056	0.146867899	0.0449451547	0.019521307	-0.0586661671	-0.0583303166	0.1330313492	-0.0104684939	-0.0011470383	0.0444327788	-0.0636521173	0.0780380151	0.0396698477	0.0098737034	0.0765367649	-0.0925167211	0.0438076722	-0.0451463135	-0.1044050344	0.0700512839	0.0481543119	0.0335681057	-0.1116936882	0.0944800928	0.0883928838	-0.0077808657	-0.0793219424	0.0271888948	-0.0659263106	-0.0351970288	0.1282988327	-0.0418137301	0.0533925672	0.0509320412	-0.0646698044	0.0123113679	0.0683215058	0.123275998	-0.0159152962	0.0497005652	-0.0487786274	0.1031131752	-0.0547161253	-0.0564321902	0.0460011441	0.125798289	0.0464271557	-0.0121795366	-0.1765350971	0.1530313816	-0.0008297652	0.0999356278	0.0730576945	-0.1396074557	0.038376329	0.0234489323	0.0368330602	-0.057676309	-0.1664299748	-0.0625635231	0.0258230356	-0.0359388284	-0.0356544693	-0.1444667543	0.0811054648	-0.0027017474	0.0835006528	0.0530186078	0.0980530486	0.1196378427	-0.0539823924	-0.0343036027	0.0017933724	0.0188568274	0.0660076536	-0.0616009311	-0.1289999139	0.016760973284235	0.0134313853956768	0.0002809302254348	0.0001804021136472	0.0600539669376587	0.0295482108216163	0.0008730967627586	0.0036064789449494	-0.0983864358019133	0.1101746869207716	0.01213846163809	0.009679890749804	-0.0016810376816539	0.0002149657204837	2.825887687140319e-06	4.621026098311919e-08	0.0001701375936227	0.0001482390538664	2.1974817091233788e-08	2.8946800763723002e-08	0.0004316436783072	0.0003246228328381	1.0537998359983302e-07	1.863162650225696e-07	0.0	0.0	0.0	0.0	0.0	0.0	0.0	0.0	0.0	0.0	0.0
826.5351075805844	-2.425434035500416	5.882730260563833	683160.2840632482	890.6352395375569	2.013901562160868	793231.1299061214	4.055799502073984	782.1383452444366	-1.813942834102704	3.2903886053925504	611740.3911017054	789.1712439185263	610.939969858992	1.152924	19.096912	0.2627263164096995	0.1467510066103549	-0.0283623154	-0.1011945525	0.0031509765	-0.0765069279	0.0183486136	-0.0699926305	-0.0418042024	-0.0227040822	-0.0704305501	-0.1489388257	-0.0269581227	-0.1407392399	0.0300976063	0.0005175887	0.0506554943	-0.103172919	-0.0641495807	0.0135588221	0.0247363914	0.0357213777	0.0308534039	0.1393085405	-0.0829945237	0.0434162338	0.0075108184	0.1425439259	-0.2015391974	-0.0443361925	0.071499079	0.1438001218	-0.0137520302	0.0567835435	-0.0875022056	-0.0088326439	0.1081607713	-0.0584662382	-0.0351703706	-0.0235627239	0.0383556451	0.0820125251	-0.0899692831	-0.0383351595	0.086226211	-0.0251486709	-0.0263663635	-0.0810951298	0.1186290332	0.1266146971	0.1707797635	-0.0604221284	0.0357475577	-0.0382978872	-0.0746393248	0.087912947	-0.0514704503	-0.0264170588	-0.0008434254	0.0004173042	0.0156278117	0.0559545022	0.1343035882	0.0586451779	-0.090682615	-0.0955737062	-0.0901117884	0.022537453	0.0088849254	-0.0519703438	0.0125877303	0.0218016818	-0.1317746056	-0.0871593303	0.0812902595	-0.0654910574	0.0463220116	0.063080731	-0.0674542747	-0.1289999139	0.0011745181988658	-0.0155864550853691	1.379492999466963e-06	0.0002429375821282	-0.0454145779063708	-0.1054685448440295	0.011123613951517	0.0020624838864138	-0.1707289602234141	-0.0723425244215008	0.0052334408396754	0.0291483778589681	-0.0006939574898705	0.0009870801917834	4.815769977473651e-07	9.743273050111535e-07	-0.000208642086827	-0.0003787796804497	1.4347404632157684e-07	4.353152039552541e-08	0.0004109277093643	-2.0715968942900016e-05	4.29151369243198e-10	1.688615823233906e-07	0.0	0.0	0.0	0.0	0.0	0.0	0.0	0.0	0.0	0.0	0.0
825.3057262855917	-1.2293812949926632	1.5113783684778377	681129.5418397881	882.5993738386367	-8.035865698920247	778981.6547003535	64.57513753108299	781.7897603352865	-0.3485849091500768	0.1215114388871672	611195.2293651047	789.691615018574	595.5952478006345	1.213633	20.102503	0.1871822548566733	0.1036248837819461	-0.0733184998	-0.16713169	-0.0521117835	0.0794567221	0.1347928678	-0.0104508145	0.0838164771	-0.0486515265	0.0224642773	0.0717516728	-0.0591369148	-0.0985002916	-0.028799273	-0.0564469876	-0.0794781663	-0.1017202607	-0.0294316985	0.1019944415	0.0726964903	-0.1340396117	0.0347456839	0.1001435256	0.0061460353	0.0776833265	-0.0051761546	0.0472490769	0.0926406699	-0.1129800856	-0.0368808428	-0.1067772439	-0.0260681083	-0.0034460321	-0.1386067321	-0.0496718613	0.1201077132	0.0519075818	0.0894793154	-0.006046781	-0.0534645827	-0.0205387012	-0.0663609153	0.0652561342	0.0671660454	0.0934494004	-0.0508974768	0.0926884839	0.1762056267	0.0312033129	0.0730642673	0.0523369847	0.0728283951	-0.0414481019	-0.0294640165	0.1299857428	-0.1047120635	0.0857939087	0.0295827174	0.0348722713	0.1299916132	-0.0999357632	-0.1432843356	0.0569581452	-0.1030138289	-0.1126838843	-0.090519962	0.0398264962	-0.1227468331	0.0357671931	-0.0339434869	-0.0743293847	-0.0677379455	0.0263652629	0.0583336612	-0.0273095721	-0.0357423066	0.0601105761	-0.0731227308	-0.1282045865	-0.0082147377176795	-0.0093892559165453	6.74819157702662e-05	8.815812666638093e-05	0.0384587930237927	0.0838733709301635	0.0070347423511887	0.0014790787608469	-0.1434515537570746	0.0272774064663395	0.0007440569035298	0.0205783482753188	-0.0014030855282179	-0.0007091280383474	1.968648999494504e-06	5.028625747704317e-07	0.0004142112830209	0.0006228533698479	3.879463203308849e-07	1.7157098698182013e-07	0.0004117907320415	8.630226771999972e-07	7.448081413614506e-13	1.6957160699527446e-07	0.0	0.0	0.0	0.0	0.0	0.0	0.0	0.0	0.0	0.0	0.0
827.2194324364002	1.91370615080848	3.662271231642208	684291.9894004001	882.6075686984592	0.008194859822538	778996.1203238054	6.715572751104905e-05	781.469467902906	-0.3202924323804836	0.1025872422402067	610694.529264451	787.9089971068391	604.2182891495731	1.179225	19.532566	0.1086644100137539	0.0609192274100008	-0.0500075951	-0.055078729	0.1097000828	0.0678026934	0.0126634323	0.0359904736	0.0294113288	0.1604289778	0.0077736207	0.0498127329	-0.0719539311	0.0247201666	-0.0172603805	0.0756363739	0.0249130878	-0.0159811461	-0.0484164144	-0.145663648	-0.0135493723	0.0403541888	0.0204898413	0.0374463908	0.0654341196	0.1024627909	0.1729091537	0.1080596309	-0.105293889	-0.124396883	0.0981771593	-0.0822223717	-0.1186541084	0.0527889908	-0.2496873137	-0.0553049957	-0.0200757959	0.0014924365	-0.0267358562	0.1131262093	0.0338009986	-0.0965184276	-0.0577345661	-0.1589095479	-0.0975685101	0.0153969856	-0.1936565803	-0.1025300633	-0.0219352122	0.0737664654	0.1165412032	0.0034521714	0.0992885645	0.0034871698	0.0203911641	0.0459562515	-0.0656763364	0.0354677454	0.0038339955	-0.0049032683	-0.0924140841	0.0337480588	0.039723931	0.0174910014	0.08721419	-0.1220258089	-0.3374331418	-0.0531428814	-0.1150555447	0.0950745944	-0.0626448966	0.0576087552	-0.0836496459	0.0986903455	0.0349312073	0.0471297782	-0.0623462656	0.0570992244	-0.0785907625	-0.1266188352	0.0191137540704744	0.0273284917881539	0.0003653355946665	0.0007468464634151	-0.0123574352696351	-0.0508162282934278	0.0025822890579697	0.0001527062064432	-0.1303348863676774	0.0131166673893972	0.000172046963404	0.0169871826044753	-0.0011260993672446	0.0002769861609733	1.2680997849086883e-06	7.672133337072692e-08	0.0004852679805971	7.105669757619999e-05	5.049054270435545e-09	2.3548501299278745e-07	0.0004117731397355	-1.7592305999979133e-08	3.0948923039690167e-16	1.6955711860763162e-07	0.0	0.0	0.0	0.0	0.0	0.0	0.0	0.0	0.0	0.0	0.0
826.7979506091311	-0.4214818272690763	0.1776469307180795	683594.8511314592	889.3307520124647	6.723183314005496	790909.186475056	45.20119387372193	783.9300101540306	2.4605422511245933	6.054268169569282	614546.2608200985	791.1361653663326	599.7919147106486	1.144362	18.955107	0.2093247762459168	0.118122165933818	-0.0621904324	0.0076428512	0.1133277782	-0.0956804011	0.0191786172	-0.0224874733	-0.0500734889	0.1450450816	-0.1222990546	-0.058958108	0.027401506	0.0097700999	0.1086645889	-0.0351805969	0.0571034039	0.1433280008	-0.1346527114	0.0502228772	0.2131512393	0.0258471009	0.1096253907	0.0197851022	0.0757498598	-0.0400167019	-0.0462466613	0.031492462	0.2189747866	0.0383396084	-0.0751373588	-0.0206463532	-0.0633569814	0.0354227135	0.0260949689	0.0331968366	-0.0160957007	-0.105623996	-0.1079665115	-0.0703232472	0.0638999175	-0.0906547003	0.0163567978	0.2134526188	0.0405217834	-0.0425277878	-0.072076585	-0.0465611754	0.11207287	-0.1410412735	-0.1001168637	0.0132394213	-0.0183583043	0.053393982	0.0052948352	0.0387070302	-0.0671274147	0.0307292522	0.0006399529	0.0625043323	-0.1437430756	-0.1470041102	-0.0621257913	-0.1171359523	-0.0490042319	0.0282235992	-0.0662549319	0.2646433132	-0.1154029189	-0.0663649783	-0.0603056537	0.0266697001	0.0225710314	0.0469732474	0.1059860684	0.0585373751	-0.233357549	0.0540487397	-0.0838433825	-0.1242524367	0.0167481776447004	-0.002365576425774	0.0002805014544184	5.595951826177696e-06	0.0859560015312155	0.0983134368008506	0.0096655318555948	0.0073884341992343	-0.0678915011653202	0.0624433852023572	0.0038991763555299	0.0046092559304806	-0.0002500898945569	0.0008760094726876	6.254495535948137e-08	7.673925962385821e-07	0.0004379486707908	-4.731930980630001e-05	2.2391170805446e-09	1.917990382474285e-07	0.0004110543658908	-7.187738446999916e-07	5.166358398248077e-13	1.689656917178877e-07	0.0	0.0	0.0	0.0	0.0	0.0	0.0	0.0	0.0	0.0	0.0
830.4881491011175	3.6901984919863935	13.617564910258652	689710.5657974	886.807682969835	-2.523069042629686	786427.8665743275	6.36587739387628	788.5192796186967	4.589269464666131	21.06139421931696	621762.6543303884	795.1887651281119	598.2872043504627	1.637356	27.121004	0.2714418091756904	0.1767902064789381	-0.0989842199	0.1502923254	-0.0314689023	0.0394841526	0.0137016231	0.0916033465	0.0871154919	-0.0163224375	0.1242573175	-0.0520588656	0.2110110445	0.1517784115	0.137517251	-0.0326419558	-0.1758327662	0.0096311301	0.0047058897	0.1873156214	0.3406549289	0.0442127659	0.1988053014	-0.027170914	0.0110442104	0.114086599	-0.0186356388	-0.2281231467	0.1235627617	0.2405896108	-0.0831284372	-0.0341071735	0.0841020743	-0.003534571	-0.1042423407	0.1968339709	-0.1536377056	-0.0568203495	0.1727044505	-0.1171932295	-0.0169670624	-0.0560069672	0.0117404294	0.3294323561	0.2263927189	0.1421326292	-0.0522601835	-0.0133532844	-0.06715747	0.0791042926	-0.2470048192	0.1442185371	-0.0269879363	0.1231277351	-0.1667815425	-0.1832710086	0.2840139544	0.0590892036	0.0529382458	0.2261335508	-0.1157429753	-0.0101458715	-0.4650649435	-0.2413931315	-0.2433472026	0.02561032	-0.156606927	0.0222943608	-0.0337112727	-0.2573451381	0.2067726515	0.0156974801	-0.0343116324	-0.0519032251	-0.069651124	0.0319926802	0.0542248884	0.0509612127	-0.0888661936	-0.1211199807	0.0164555491876114	-0.000292628457089	0.0002707850990658	8.563141389828971e-08	0.0753095994260917	-0.0106464021051238	0.0001133458777839	0.0056715357657183	-0.0306111570652376	0.0372803441000825	0.0013898240562205	0.0009370429368726	0.0029986723360854	0.0032487622306423	8.992035779203869e-06	1.0554456031247931e-05	0.0016486108689754	0.0012106621981846	1.4657029581131682e-06	2.717917797303824e-06	0.0004060301044498	-5.024261441000045e-06	2.524320302751985e-11	1.648604457195155e-07	0.0	1.0	0.0	0.0	0.0	0.0	0.0	0.0	0.0	0.0	0.0
828.3435835972975	-2.1445655038199902	4.599161200174689	686153.0924868131	888.3561954498291	1.5485124799940877	789176.7299940949	2.39789090069744	783.2580095695727	-5.26127004912405	27.680962529809783	613493.1095548888	790.6286186552827	610.1375520128722	1.463219	24.23661	0.237235296165491	0.167763970605189	-0.0883422313	0.2034523626	-0.0152654093	-0.0617426052	0.0028572145	0.0332743298	-0.0964742427	0.0566859524	0.0309762232	-0.1065718032	-0.0094892667	0.0403022409	0.131520315	0.020058127	-0.0243078676	-0.0785616345	0.1673577606	-0.1546109946	0.2363367443	-0.0041920944	-0.2298616688	0.0261541207	0.0102000952	0.1340359991	0.1022979505	-0.0602909864	-0.0022525215	0.1060967075	0.1369694987	0.0362224828	0.0817695344	0.2230720652	-0.0479103872	-0.0049461353	-0.0606114229	-0.1528077718	0.0646943351	-0.0277306577	-0.0200185431	0.0281449844	-0.0493405582	0.1175409381	-0.2146979352	0.2554745844	0.0319917279	-0.0945790302	-0.0428984559	-0.0238102487	-0.0163887742	0.1632468709	-0.0681546373	0.1809516989	-0.2416441561	-0.2039787355	0.1473034273	-0.1854955661	-0.1500940529	0.1913512421	-0.0197198547	0.1374577877	-0.0861201162	0.1731197855	-8.06559e-05	-0.1400720371	-0.0035112667	0.0145119085	-0.0208122913	0.1841756156	0.070719262	0.1117824029	-0.1341150414	0.1746655806	0.0130764628	0.2443516981	0.0705869771	0.0478387595	-0.0936454286	-0.1172407796	0.0226410247600483	0.0061854755724369	0.0005126160021851	3.826010805721363e-05	-0.0799069903361555	-0.1552165897622472	0.0240921897374217	0.0063851271045824	-0.0306093845155857	1.772549651900962e-06	3.1419322684542216e-12	0.0009369344204229	0.0034288914578436	0.0004302191217582	1.175729662967281e-05	1.8508849272639715e-07	0.0005652028116869	-0.0010834080572885	1.1737730185976415e-06	3.194542183387773e-07	0.0004090320910262	3.0019865764000365e-06	9.011923404886012e-12	1.6730725148926557e-07	0.0	0.0	0.0	0.0	0.0	0.0	0.0	0.0	0.0	0.0	0.0
821.6994513390435	-6.64413225825399	44.14449346517126	675189.9883308852	887.872217962477	-0.4839774873521492	788317.0754296082	0.2342342082636997	780.3877434008049	-2.8702661687677846	8.238427879572896	609005.0300502005	787.5424615231856	597.8069710127804	1.434628	23.763044	0.142312249187644	0.0846627173802222	-0.1737380189	0.1281728522	0.0344508433	0.0757474701	0.1519856543	-0.019509835	-0.0280387544	0.0656441593	0.1943867189	-0.0512183755	-0.1434324236	-0.0126209123	0.1125288931	0.0883625095	0.0258403746	-0.0487449109	0.0033141408	0.0570472529	-0.0117368887	-0.0489019501	-0.1026439681	-0.0556388824	0.1237822155	-0.0945459559	-0.1777842027	-0.1618860027	-0.2078383555	0.1423667538	0.0869587708	-0.0371262471	-0.0225565946	0.0082015407	0.1133125112	-0.1461421212	0.015449299	-0.1421659719	0.1141420106	0.024180031	0.0831135869	0.1181010138	-0.0288286611	0.0623556606	0.050332125	0.0068391849	0.2201691501	-0.0372859949	-0.1834827331	0.0238947856	-0.1097391285	0.013601685	0.0212296778	0.1625285182	-0.2262170255	-0.0856647864	0.0320437838	-0.1202701183	-0.024209513	-0.0590014945	-0.0249722843	0.0702060727	-0.0181418191	0.1051959656	-0.0139060953	0.0048783015	0.0671709916	0.2009274832	0.1767807435	0.1144657309	-0.1522323802	-0.0361961686	-0.0299520917	-0.0156261021	-0.0372072855	0.0024832778	0.0656862384	0.0446835199	-0.098167988	-0.1126387502	0.0060634186844481	-0.0165776060756002	3.676504614291432e-05	0.0002748170231977	-0.05155020276284	0.0283567875733155	0.0008041074014781	0.0026574234048899	-0.0113467702984024	0.0192626142171832	0.00037104830648	0.0001287491962047	0.0021269299093787	-0.0013019615484649	4.523830839409685e-06	1.6951038736811206e-06	0.0003369696094643	-0.0002282332022226	5.209039459678222e-08	1.1354851770252285e-07	0.0004411421667696	3.211007574339996e-05	1.0310569642468822e-09	1.9460641130217757e-07	0.0	0.0	0.0	0.0	0.0	0.0	0.0	0.0	0.0	0.0	0.0
818.7054301974745	-2.9940211415690783	8.964162596162607	670278.5814348317	877.7208725399441	-10.151345422532811	770393.9300922808	103.0498138875779	778.4498396439985	-1.9379037568063493	3.755470970644163	605984.1528417671	784.5283598042928	565.6603015584683	1.278646	21.179365	0.2011978891790184	0.1196832314951465	-0.2243808801	0.0213967021	0.0932350869	0.0944320535	0.1421836191	0.0843689692	0.0768667257	0.1674189399	0.0836642333	0.0555953183	-0.2263072447	0.1146516547	-0.0340016142	0.0489506173	0.0274061365	-0.0110259734	-0.1464495153	0.0166984481	0.0200662885	0.050980374	0.0519485789	-0.0990664423	-0.0887722129	0.0914982866	-0.0592667054	-0.0862957137	-0.0663846832	0.1573154351	0.0061809301	-0.0774364814	0.0009798883	-0.0201042808	0.0883954186	-0.2288546624	-0.0824694638	0.008887831	-0.0369465878	0.0389123077	0.1138611216	-0.1121077112	-0.1077021663	0.057717744	0.0379367449	0.0598801703	-0.091954468	0.0650207163	-0.1389691874	0.0347965001	-0.1050684361	0.0784064748	-0.0590703338	0.1378572525	-0.1692972327	-0.00889048	0.0044295313	0.0697737993	-0.0012828415	-0.0769475203	-0.0502317087	-0.1183649888	-0.1677336071	-0.0085976517	0.0877621759	0.0447236901	-0.0557157651	-0.0388232188	0.16356455	0.1314281473	-0.089535384	-0.0563905365	-0.0687035778	0.0349857933	0.1244806104	0.0742410076	-0.0725059784	0.0414976565	-0.1024214758	-0.1073422654	0.0031391861299283	-0.0029242325545198	9.854489558334215e-06	8.551136032913395e-06	0.0481125128227262	0.0996627155855662	0.0099326568778894	0.0023148138901169	-0.0152448154048698	-0.0038980451064673	1.5194755652054432e-05	0.0002324043967285	0.0012136124589654	-0.0009133174504133	1.4728552005560443e-06	8.341487652294508e-07	0.0008350608466043	0.00049809123714	2.480948805156557e-07	6.973266175314903e-07	0.0009239913978656	0.000482849231096	2.331433799699985e-07	8.537601033296256e-07	0.0	0.0	0.0	0.0	0.0	0.0	0.0	0.0	0.0	0.0	0.0
821.6270503227756	2.9216201253011604	8.535864156564768	675071.0098221048	870.1024361504449	-7.618436389499266	757078.249394939	58.04057302084661	780.0720835367839	1.6222438927853773	2.6316752476794547	608512.4555134191	784.1127304641317	561.613765991281	1.267853	21.000593	0.149255745006748	0.0716567952743674	-0.2084443721	-0.0147181802	-0.0687235788	-0.1020691145	0.0483698565	0.2318210798	0.0899571475	0.1596395238	-0.0778047958	-0.0788834206	-0.1481138211	0.1792844455	-0.0123498975	-0.1888214532	0.091722736	-0.0471640343	-0.0819303708	0.0980927171	-0.0765085465	0.136973687	-0.0666746314	-0.1657319049	0.0619679085	0.1216493956	0.0866973683	0.0506262176	-0.035946139	0.0284695876	-0.0283906136	0.0769204709	0.1020158004	-0.1137208724	-0.0510044381	-0.1712103263	-0.140830393	0.0652374269	-0.1212687792	-0.1735918555	0.0088024954	-0.0353019725	-0.0914983098	-0.131257201	0.0856637761	0.0670960925	-0.0522578564	-0.010142215	-0.1471307166	0.0588538889	-0.0644363877	-0.045739845	-0.0612939307	0.10588486	-0.1014545873	0.0321424104	-0.0128578341	0.1507344274	-0.1114431864	-0.0429970588	0.0795571763	0.0186589008	0.0258372479	-0.1224915986	0.1855181715	-0.0164553332	-0.0133811249	0.0593632329	0.1661513355	0.0031972157	-0.1131617663	0.1243018834	-0.1139698309	-0.0750986525	-0.0922833316	-0.0458295133	-0.1406378707	0.0382833527	-0.1063942335	-0.1013839798	0.0060595198983435	0.0029203337684151	3.6717781398420816e-05	8.528349318946121e-06	-0.0095538463659323	-0.0576663591886585	0.0033254089820753	9.12759803838378e-05	-0.0429210989893391	-0.0276762835844693	0.0007659766730479	0.0018422207384526	0.0006188407456575	-0.0005947717133079	3.829638684859306e-07	3.537533909512148e-07	0.0006171597951014	-0.0002179010515028	4.7480868246069475e-08	3.808862126896021e-07	0.0005168087933723	-0.0004071826044933	1.6579767340194717e-07	2.670913289069327e-07	0.0	0.0	0.0	0.0	0.0	0.0	0.0	0.0	0.0	0.0	0.0
828.0956396591296	6.468589336353944	41.842648002391954	685742.388422463	876.7530684577094	6.650632307264573	768695.943050009	44.230910086431294	783.7956384832208	3.723554946436934	13.86486143913496	614335.6029053198	788.2741644376326	594.4091924684857	1.375394	22.781883	0.1013853179811801	0.0524449947357597	-0.0905575461	0.0609741687	-0.1927590575	0.0588986824	-0.0411867021	0.2130913402	0.2508405566	-0.0301902351	0.0413523272	0.0610092665	0.0359939015	0.14027515	0.0073862911	0.0415631456	0.0201264547	-0.2268135588	0.0726431663	0.1434957092	-0.1117798972	0.0431379101	0.0762070219	-0.1787085153	0.1266656148	-0.1064977401	-0.0204753652	0.0565596609	0.1380550682	0.1122913359	0.0466458136	0.0081809234	-0.1078859021	-0.1225421679	0.008045902	-0.0047568575	-0.1742341207	0.0921890931	0.0919934694	-0.020091539	-0.0820979848	0.1748658188	-0.1600378564	-0.0126685262	0.1286832135	0.0062429383	-0.0815725087	0.1132999897	-0.1882954574	-0.1107513216	-0.1125796718	-0.1689049507	-0.0518147179	0.0896487587	-0.0440710178	-8.62632e-05	0.0303652084	-0.0144825546	-0.0336447486	-0.1675458421	0.0771043521	0.1151011535	-0.0680695345	-0.096987579	0.099376276	0.1179582082	0.1379868094	-0.0610821406	0.0816095276	-0.0176281466	-0.1165960191	0.0384386088	-0.0573108204	-0.0441381315	-0.0632190515	0.0247119547	-0.0323977667	0.0350428114	-0.1100753719	-0.0948006283	0.0167128896709698	0.0106533697726262	0.000279320681154	0.0001134942875123	0.0060057324686511	0.0155595788345834	0.0002421004935096	3.606882248501004e-05	-0.0897647598770845	-0.0468436608877454	0.002194328565366	0.0080577121157906	0.0004719492057689	-0.0001468915398885	2.2273605282589555e-07	2.1577124490844163e-08	0.000197621861282	-0.0004195379338194	1.760120779134513e-07	3.9054400056562056e-08	0.0005169534893888	1.446960164999591e-07	2.0936937190956435e-14	2.6724091019125614e-07	0.0	0.0	0.0	0.0	0.0	0.0	0.0	0.0	0.0	0.0	0.0
828.4461257007066	0.3504860415770281	0.1228404653403342	686322.983188511	886.5897165510389	9.836648093329472	786041.3254940516	96.75964571200234	784.1622335722952	0.3665950890743943	0.1343919593334631	614910.4085610909	790.2284964957528	614.5520421229371	1.165706	19.308645	0.0570724290176696	0.0300695837930448	-0.0234274502	0.1000333486	0.0279740676	0.1733729067	-0.0310208929	0.0352443553	0.023822841	0.0853314645	0.0731113062	0.0663346719	0.0617762314	0.0323715557	0.1438744591	0.1997925238	0.1224961339	-0.0887489496	0.1014538185	0.0386347898	-0.080662257	-0.0182273805	-0.0836179326	-0.2099538362	0.0366323314	-0.0416981746	0.0323321637	-0.0538527639	0.1264800404	0.0680814748	0.0431138322	-0.0605118099	-0.0280780103	0.0332042086	0.101032586	0.0572671273	-0.0705830073	-0.110132879	0.0735799223	0.1232925535	0.0424351474	0.1957853384	-0.0466232774	-0.0826391483	-0.0206151155	0.0716812799	-0.0018879281	0.0681661617	-0.1584046464	-0.1696198637	-0.0370662475	-0.0489965334	-0.0365486678	0.0794628673	-0.0383899888	-0.0042303282	0.0539089752	-0.0523594065	-0.0137836639	-0.088140907	0.0283684906	-0.0128037387	-0.0637826763	0.0992759844	0.1016402335	0.1737504169	0.1130048632	-0.0635429273	0.0278832062	-0.0409817677	-0.0288789776	-0.0185796908	0.1081075311	-0.0881052865	-0.1361504252	0.0041731936	-0.0099164984	0.0317782535	-0.1134548014	-0.0876327994	0.0165751178876831	-0.0001377717832866	0.0002747345329905	1.8981064269996805e-08	0.0149234350438973	0.0089177025752462	7.952541922055269e-05	0.0002227089135094	-0.1061037904179613	-0.0163390305408767	0.0002669639190157	0.0112580143410586	0.0005913815921263	0.0001194323863574	3.497321875058375e-07	1.4264094911023269e-08	0.0005941186017082	0.0003964967404262	1.5720966516860145e-07	3.529769128957068e-07	0.0003993241338072	-0.0001176293555815	1.3836665294542488e-08	1.5945976384087058e-07	0.0	0.0	0.0	0.0	0.0	0.0	0.0	0.0	0.0	0.0	0.0
825.0882833765642	-3.357842324142439	11.275105073802296	680770.6753652855	885.7669479370118	-0.8227686140271544	784583.0860576489	0.6769481922281646	781.617807006836	-2.5444265654592755	6.474106547014885	610926.3962301755	788.2712991178189	606.8393568406411	1.22897	20.356535	0.0657622001857075	0.0366369299392809	-0.066155911	0.0311196721	0.0930724868	-0.1088164251	0.0063666552	0.0089847697	-0.010715902	0.0863876745	-0.0090834402	-0.0734585304	-0.0483012245	0.0393132995	0.0757308222	0.0422329348	0.2242758191	-0.1240076145	-0.0755118273	0.1402317191	-0.064520925	-0.0532499688	0.0003481997	-0.027441654	0.0196846334	0.1675678526	-0.0319843695	-0.0419376226	0.0606532784	-0.0937989034	0.0649986302	-0.1426749463	-0.1013061862	-0.0145319477	0.0334934838	-0.0319327719	-0.036844581	-0.1287403482	-0.0734428014	0.0022546605	0.1220930701	0.1409464305	-0.1025068589	-0.0539346395	0.1414819742	0.031755255	-0.0273506503	0.0642268543	-0.048635451	0.0186847269	0.1757150068	0.100488022	-0.018008688	0.0776453479	-0.0592102605	0.0290690369	0.0165113332	0.0600873626	-0.1577402191	0.0304384597	0.0610411883	-0.1026417865	0.0537422394	0.0578251417	0.0804077682	0.1316411579	0.118747258	-0.016350082	0.0857006825	-0.0002697797	-0.1179998628	-0.0244380771	0.0357748156	-0.1143024678	-0.0510975003	-0.0425217996	0.0126887096	0.0284919163	-0.1165232592	-0.0799246852	0.0229400181778771	0.006364900290194	0.0005262444340013	4.051195570411167e-05	-0.0134255115889914	-0.0283489466328887	0.0008036627751943	0.0001802443614261	-0.0841803314677065	0.0219234589502548	0.0004806380523435	0.0070863282060129	0.0006619041208567	7.052252873040001e-05	4.38117065207081e-07	4.9734270585300955e-09	0.000490129532765	-0.0001039890689431	1.0813726459673596e-08	2.4022695888843725e-07	0.0003913378452334	-7.98628857380003e-06	6.378080518400889e-11	1.5314530911192052e-07	0.0	0.0	0.0	0.0	0.0	0.0	0.0	0.0	0.0	0.0	0.0
827.8724263161552	2.7841429395909927	7.751451908074374	685372.7542545977	881.7442532433404	-4.022694693671383	777472.928127656	16.182072598491903	781.5714524702593	-0.0463545365767004	0.0021487430612406	610853.9353164707	787.3669790987915	602.0057457565167	1.08368	17.949968	0.0836444921056525	0.0533458658936147	-0.0533982245	0.0519295692	0.0476563171	-0.1639399756	-0.0251995079	0.1103727024	-0.0251590997	0.0891051877	-0.1248983256	-0.0592460312	-0.0587811742	0.124009562	-0.0481401419	0.0123041713	0.1491598771	0.0219521993	0.0085775028	-0.0304942338	0.0574869037	0.1112329924	0.0158724183	0.0174611771	0.0974527743	0.078782776	0.1942764942	0.0021724738	-0.0422022169	0.1363711007	-0.0222975394	0.0828807949	0.043021014	-0.0197825058	0.1686638357	-0.0706273554	-0.1102423087	-0.0056580446	-0.1656464004	-0.0539791735	0.0202719342	-0.0007065677	0.0066181706	0.0271939751	-0.0187882301	0.0291835775	-0.1047616313	-0.1015659687	-0.0376205339	0.0321059311	-0.0497061151	0.0274406274	-0.1270841393	0.0440103779	-0.0338273892	-0.0047253192	0.1050442751	0.0183650878	-0.1357310973	-0.015835999	-0.064368802	0.0273585422	0.1265987745	-0.1034247448	0.2193396234	0.0853403892	0.0679057313	0.0671563294	-0.0263197736	0.0151818181	-0.0956184521	-0.0672801342	0.0140626588	0.0696060988	-0.1616795455	-0.0123808065	-0.0633743993	0.0251860523	-0.1192723348	-0.0717238087	0.0166486572108937	-0.0062913609669834	0.0002771777869258	3.9581222816882335e-05	0.001648408064284	0.0150739196532754	0.0002272230537134	2.7172491463965243e-06	-0.1352809697594352	-0.0511006382917287	0.002611275233822	0.0183009407790532	0.0005638729918783	-9.803112897840006e-05	3.179527509697853e-07	9.610102248779708e-09	0.0004901456977053	1.6164940299951552e-08	2.6130529490099777e-16	2.4024280497901534e-07	0.000516862015188	0.0001255241699546	1.5756317242791318e-08	2.671463427442004e-07	0.0	0.0	0.0	0.0	0.0	0.0	0.0	0.0	0.0	0.0	0.0
829.8826253980426	2.010199081887436	4.040900348821089	688705.1719375479	885.4884451548259	3.7441919114854727	784089.786502711	14.01897307003324	781.6150512695312	0.0435987992719901	0.0019008552979592	610922.088371072	787.3596846104078	621.7720597573376	1.156846	19.16189	0.1204884726425086	0.0565161906349547	0.0176495797	0.0447978109	-0.1194941975	-0.033028792	-0.0213413773	0.0847561619	-0.0086099521	-0.0787126579	-0.0047858073	-0.0809967737	-0.0617738231	0.0583145063	-0.1127624135	-0.0172728438	0.0251345783	-0.0547302348	0.1021304996	0.0381997145	-0.0629572971	0.0343658485	0.0525151206	0.0549648456	-0.0451551679	-0.0379952619	-0.1456936988	0.0340901646	-0.1646702669	0.1587280835	0.0830587946	0.0746934314	-0.0242802162	-0.0267967612	0.014451292	-0.0760162063	-0.0687556868	0.0646603266	-0.042006265	-0.0143889234	-0.0687183471	0.0464820365	-0.0064104369	0.0071194827	0.0709400194	-0.0875079318	0.1242416397	-0.0453277774	-0.0900000048	0.1639418773	-0.0372239333	0.0054711864	-0.054108314	0.0204519646	-0.0040790181	-0.0177054885	0.0564651997	-0.0237233543	-0.0543556318	-0.1481828365	0.0670839246	0.0386895636	0.0606173045	-0.0595937061	-0.029211453	0.1684508535	0.084799042	-0.0516275645	-0.0136296368	0.0275968975	-0.0014436849	-0.0264530793	-0.0044403627	-0.0656056304	0.0232841579	-0.0066551873	0.0429554446	0.0218629269	-0.1216944932	-0.063080731	0.0170252131204762	0.0003765559095825	0.0002898578817976	1.417943530415041e-07	0.0386258840246398	0.0369774759603558	0.0013673337283986	0.0014919589166849	-0.1512257608076055	-0.0159447910481702	0.0002542363615698	0.0228692307318391	0.0002299333788708	-0.0003339396130074	5.2869358718942855e-08	1.1151566513559885e-07	0.0011040109649249	0.0006138652672196	3.768305662985911e-07	1.218840210674409e-06	0.0001208739009271	-0.0003959881142609	1.568065866359036e-07	1.4610499925334389e-08	0.0	0.0	0.0	0.0	0.0	0.0	0.0	0.0	0.0	0.0	0.0
827.1349407093487	-2.74768468869388	7.549771148482785	684152.2101422579	887.9983071221245	2.509861967298661	788540.993451759	6.299407094892308	781.3948368881688	-0.2202143813624388	0.0484943737588416	610577.8911154879	788.2440737382359	610.7813804066509	1.086488	17.996481	0.057302194058137	0.0297368008230756	-0.0109270077	-0.0070379486	0.0811809406	0.101964652	0.0363246375	-0.0098938175	-0.0407395196	0.017469801	0.0651267064	0.0463512601	-0.087371829	-0.0076297024	-0.0996158641	0.0333312561	-0.0062949932	0.0546195821	-0.0297666976	-0.0835117133	0.0044565438	-0.0389642304	0.0127847797	-0.000124109	-0.1421786658	0.0244301055	-0.101178942	-0.0799247891	-0.0225246801	-0.0450257899	-0.0633379219	-0.082081066	0.0416365701	-0.0751346299	0.0506916019	-0.082674333	0.0150500982	0.0598795522	-0.0168584229	0.0720124576	-0.0040357364	-0.0628251509	0.0207833725	0.0730907277	-0.0893324868	-0.0756292624	0.0989504505	0.0589147575	-0.0176538033	0.0599313696	0.010400739	0.069486358	-0.0393920461	0.0049015459	-0.0134825927	-0.0012991338	0.0116672704	0.027346179	-0.0452486718	-0.1049075974	0.0022154254	-0.1197472978	-0.0205218724	0.1179213357	0.0164689397	0.0925122611	-0.0086294142	-0.1025885503	-0.1247782683	0.0511755781	0.0195985968	-0.113509853	0.0904682459	-0.0688345958	-0.098920406	0.0403554928	0.0744234561	0.0185248178	-0.1237830955	-0.0540487397	0.0210942153326527	0.0040690022121765	0.0004449659205003	1.6556779002697257e-05	0.0260940152744524	-0.0125318687501874	0.0001570477343719	0.0006808976331433	-0.1446441039105224	0.006581656897083	4.331820751092145e-05	0.020921916796078	-0.0001956845246261	-0.0004256179034969	3.829243317814274e-08	1.811505997770965e-07	0.0010709669425252	-3.304402239970002e-05	1.0919074163518763e-09	1.146970191981775e-06	0.0003446052990043	0.0002237313980772	5.0055738485578536e-08	1.18752812101843e-07	0.0	0.0	0.0	0.0	0.0	0.0	0.0	0.0	0.0	0.0	0.0
827.607881034961	0.472940325612285	0.2236725515902542	684934.8047511781	886.3994101206462	-1.598897001478349	785703.9142622295	2.556471621336456	782.0097984545158	0.6149615663470058	0.3781777280839628	611539.3248788725	787.8814717470729	596.8043932538513	1.060839	17.571638	0.050469956103603	0.0257060878011296	-0.0433770994	-0.0278088526	0.0620904746	-0.1477668873	-0.0359767369	0.0301771277	-0.0122148423	0.0625788502	-0.0713259806	-0.1100000842	-0.0399052938	0.0556284304	-0.105067464	-0.1214979077	0.1521273309	0.0465102407	-0.0462039044	-0.0150819992	-0.0065574922	-0.0589068836	-0.020000922	0.0218083154	-0.0059828101	-0.0299974802	0.0319115947	0.003364903	0.0211601516	0.0134477949	-0.1936361929	-0.0111125345	-0.0446245754	-0.0836376287	-0.0628813167	-0.0485698687	-0.0340802421	0.0353785575	-0.177780075	-0.0978789046	0.0522237923	-0.0536276098	0.0028129172	-0.0342296331	0.0301112439	-0.046854042	0.0947023938	-0.0030507519	-0.0336787167	0.092352543	0.0704906599	-0.0035922729	-0.0463937788	0.0119243097	0.005058033	0.021250277	0.0140400639	0.1334451851	-0.2003713064	0.0324409107	0.0859034611	-0.1001403166	0.0767400097	-0.0214822881	0.0726921216	0.0381359729	0.0022568755	0.0093879013	-0.0261230233	0.0292804146	0.0429979696	0.0467332865	0.022086287	-0.0482952442	0.0535695847	-0.0792558366	0.0455097489	0.0151740128	-0.1255324169	-0.0446835199	0.0196241167496395	-0.0014700985830131	0.0003851059582034	2.1611898437774177e-06	0.0072335092059319	-0.0188605060685205	0.0003557186891606	5.2323655432301546e-05	-0.1318610406600981	0.0127830632504243	0.0001634067060643	0.017387334043964	-0.0003532308268898	-0.0001575463022637	1.2477201706525185e-07	2.4820837356965133e-08	0.0012304343781905	0.0001594674356653	2.5429863037666595e-08	1.5139687590330424e-06	0.0003747173251082	3.011202610390002e-05	9.067341160819559e-10	1.4041307373624445e-07	0.0	0.0	0.0	0.0	0.0	0.0	0.0	0.0	0.0	0.0	0.0
832.5547860599058	4.94690502494484	24.47186932582451	693147.4717912555	886.6757233089871	0.2763131883409642	786193.8383055155	0.0763489780511491	784.2255104758523	2.215712021336458	4.909379761494892	615009.6512811111	789.0691941081709	613.8536699680013	1.004292	16.634998	0.0892347387665196	0.0522186971323191	0.046052842	0.0098072236	0.0608417477	-0.0780906951	-0.1093019503	0.0736597479	0.0303217989	0.0035919163	-0.0836470741	-0.0154695436	0.0712404842	0.0954297935	-0.0989953684	-0.0707307294	0.1390728775	-0.0042423055	0.0699959026	0.0375295246	-0.023699796	0.0479085063	0.0482926198	-0.0048782492	0.0227419139	0.0346648041	-0.0158561673	0.1359068742	-0.0339249682	-0.0158713989	0.1093135272	0.1653402029	-0.0832295293	-0.053829192	0.0306909752	0.0427077391	-0.0828135279	0.0777204952	-0.152041102	-0.0890502656	-0.0137485737	0.0268804098	-0.0175876593	-0.0297687934	0.0467513619	-0.0035914193	-0.0513097629	0.0586511256	-0.0041184113	-0.025487052	0.0759376443	-0.0582652981	-0.129612122	-0.0282026526	0.0681833116	0.0243489336	0.0665168447	0.0988396553	-0.2035899439	0.0110231533	0.0363244176	-0.0490507758	0.0310417104	-0.0012717975	0.1403431045	0.0235027288	-0.0320838716	-0.0009589097	-0.1054718545	0.0386936635	0.0591482293	-0.0308580636	0.1333667592	-0.0218141732	0.1089951617	-0.0517991772	-0.0090294083	0.0118128082	-0.1269376627	-0.0350428114	0.017218153253637	-0.0024059634960025	0.0002964648014657	5.788660344096572e-06	0.0291820965952211	0.0219485873892892	0.0004817404883852	0.0008515947616928	-0.179719676839241	-0.0478586361791429	0.0022904490569275	0.0322991622432012	-0.0004646747276106	-0.0001114439007208	2.1592260247998533e-07	1.2419743007867529e-08	0.0010404227847498	-0.0001900115934407	3.610440564187392e-08	1.0824795710265286e-06	0.000335741785228	-3.897553988020002e-05	1.5190927089530622e-09	1.1272254634808449e-07	0.0	0.0	0.0	0.0	0.0	0.0	0.0	0.0	0.0	0.0	0.0
832.4923403254252	-0.0624457344806614	0.0038994697548292	693043.4967005035	892.9549053615993	6.279182052612214	797368.4630093428	39.428127249847336	784.3954490892814	0.1699386134291671	0.0288791323342279	615276.2205519755	790.4459325867487	634.027873222981	1.048252	17.36315	0.0436677083295932	0.0200742455427047	0.1109779165	0.0201897449	-0.0745246186	-0.1005587576	-0.1488991718	0.001995239	-0.061379154	-0.0549405553	-0.0500027858	-0.1060709531	0.076867557	0.0170699653	0.0110281289	-0.0331685542	0.1461296781	-0.0633551469	0.1108985867	-0.1072794973	-0.0977663237	0.0501201392	0.0271688436	0.0709337933	0.0467334102	-0.0441837687	0.006555748	-0.0056965738	-0.0364062741	-0.0629858761	-0.0391199761	-0.1159113973	0.0205529433	-0.0149889822	-0.0661632575	0.0758030415	-0.0358757132	-0.0350079101	-0.1154323116	-0.0572667139	-0.0529724913	0.1255705617	-0.0312925828	-0.105704716	-0.092307281	-0.0749712594	-0.0118569269	-0.035140735	0.0097166312	0.0549851617	0.0488344225	0.0287041478	0.011278864	-0.0366242511	0.0694072285	-0.0173845665	0.0334871268	0.0226884179	-0.0968945823	-0.092539034	0.0202057101	0.1038421472	0.1412677948	-0.0654831903	-0.0317013302	0.0783314864	-0.0242823593	-0.0064752983	-0.1090661873	0.0142130301	0.0642432499	-0.0035849162	-0.1213774041	-0.1635839996	-0.0620805603	0.0171804582	0.0962548863	0.0084435077	-0.1279949812	-0.0251860523	0.0052561419344669	-0.0119620113191701	2.7627028035261448e-05	0.0001430897147999	0.020905692783387	-0.008276403811834	6.849886005654198e-05	0.0004370479907533	-0.1819535590794601	-0.002233882240219	4.990229863166248e-06	0.0331070976616825	-0.0006621195096083	-0.0001974447819976	4.3840224500393563e-07	3.898444193811926e-08	0.0008789104008388	-0.0001615123839109	2.608625015661423e-08	7.7248349270262e-07	0.0002707907319693	-6.495105325870002e-05	4.218639319414486e-09	7.332762052046927e-08	0.0	0.0	0.0	0.0	0.0	0.0	0.0	0.0	0.0	0.0	0.0
829.9659353558035	-2.5264049696216944	6.382722070529194	688843.4538510338	891.4138930002848	-1.5410123613145288	794618.7286339232	2.37471909772418	783.5647791082209	-0.8306699810605096	0.6900126174350674	613973.763058915	790.4309116143762	620.5541122086552	1.112991	18.43548	0.0596660635611468	0.0266770542954682	0.0606554153	-0.0319720457	-0.1635368537	0.1008660459	0.0022728101	-0.0322545043	0.0505161035	-0.1808367944	0.1426482101	0.0575560278	0.0376057286	-0.0878210954	0.0324906549	0.0348918418	-0.1048721344	-0.1999090355	-0.0017267685	-0.0906085024	-0.0851561846	0.0440162848	0.0580867988	0.1285622512	0.0672241698	-0.0668476031	0.0264804866	-0.1251227756	-0.0017295987	0.0940504402	-0.1159382244	0.0130903921	0.1042026973	0.0177315722	-0.10071307	0.0395550988	0.0530541827	0.0295896748	0.1519689744	0.0375089524	-0.1377323055	0.120012588	-0.114498618	-0.0571159347	-0.0213628067	-0.0625292325	-0.048358333	-0.0213468544	0.072903894	0.0644533792	-0.1137777951	0.0613961458	0.0051048564	-0.0467632907	0.0402223481	-0.0377655266	-0.0044123565	-0.0051668478	-0.0031965279	-0.1972310153	0.0159550878	0.1745156131	-0.0356130148	-0.010435374	-0.0263712483	0.0357816629	-0.0626076381	-0.0846458533	-0.1627958326	-0.0091670858	0.046063352	-0.1120766399	0.007805793	-0.0325191306	-0.0668563704	-0.039371794	0.0955754638	0.0050684204	-0.1287014744	-0.0151740128	0.024311194297681	0.0190550523632141	0.0005910341681795	0.0003630950205648	0.0335026717771711	0.0125969789937841	0.0001586838797698	0.0011224290162088	-0.1926084454508156	-0.0106548863713555	0.0001135266035864	0.0370980132589798	-0.0006620002771105	1.1923249780001425e-07	4.3824436689437885e-07	1.4216388531630402e-14	0.0009559997428487	7.708934200990002e-05	5.942766651519336e-09	9.139355083267804e-07	8.163898211376096e-07	-0.0002699743421481	7.288614541833303e-08	6.664923400570983e-13	0.0	0.0	0.0	0.0	0.0	0.0	0.0	0.0	0.0	0.0	0.0
831.1610102290362	1.19507487323267	1.4282039526320829	690828.6249249519	889.9939781188965	-1.4199148813883085	792089.2810878989	2.016158270387974	782.200204560251	-1.3645745479699372	1.8620636969673583	611837.1600140985	788.3807580083583	617.3338011015446	1.114728	18.464251	0.0379433338339157	0.0205824689174358	0.063038525	0.0349032612	0.0752056134	0.1396074593	-0.0485243916	-0.0636532313	-0.0755772121	0.0695322814	0.0016546983	0.1097648054	-0.0272295601	-0.0198556603	-0.0179919886	0.0975449682	0.0627453931	0.0503545846	-0.0234845297	-0.1671148707	-0.0906107783	-0.0557644216	0.0528640125	0.0537439112	0.013381239	0.0063087227	0.1234230183	-0.1990254858	-0.0695192634	-0.1050240683	-0.2026493482	-0.0966664513	-0.0072860907	-0.0174759275	0.0133110471	-0.0191995691	0.0087439117	-0.0141791752	-0.0452097279	0.1635763237	0.0351528315	-0.0073124741	-0.018163977	-0.0649171383	-0.1539414414	-0.157435549	0.0066090544	-0.0203147659	-0.0373997863	0.0530580887	0.0244857959	0.1485495471	0.1375894111	-0.0271160396	0.0620713609	-0.0576499117	0.0326072114	-0.0167932394	-0.0581346735	-0.1486541278	-0.0447572934	0.006209457	0.0005085313	0.0808703927	0.0773774935	0.0314827674	-0.0173261191	-0.0758961811	-0.1250189463	0.0509590116	0.1862356164	-0.0616502281	0.0373440301	-0.057450263	-0.0645158925	-0.026171439	0.0622889324	0.0016898595	-0.1290552057	-0.0050684204	0.0287151389355102	0.0044039446378292	0.0008245592040856	1.9394728373064585e-05	0.0178562866795175	-0.0156463850976536	0.000244809366624	0.0003188469739811	-0.1913918550319095	0.001216590418906	1.480092247374105e-06	0.0366308421725554	-0.0006614361062091	5.641709014000094e-07	4.374977225970557e-07	3.182888059864992e-13	0.0011790370439483	0.0002230373010996	4.9745637681793655e-08	1.3901283510023455e-06	-0.0001091104117684	-0.0001099268015895	1.2083901707705569e-08	1.19050819562698e-08	0.0	0.0	0.0	0.0	0.0	0.0	0.0	0.0	0.0	0.0	0.0
829.9123782663684	-1.2486319626677869	1.5590817781956094	688754.5555997397	885.7626700083415	-4.231308110555005	784575.507580306	17.90396832644857	781.507245797822	-0.6929587624290434	0.4801918464271914	610753.5752344973	787.05162991682	620.8999218302035	1.120215	18.555122	0.0634070463443667	0.0333958946741658	0.0847193866	-0.015090037	-0.0207946202	-0.1420907694	-0.0494439651	0.0202239152	-0.0395069702	-0.0123710007	-0.1000327732	-0.0945644523	-0.0529555696	0.0145877496	-0.1317028316	-0.1446072759	0.1323785866	0.0278738453	0.0552030264	-0.0732725268	-0.0077506463	-0.0478795459	0.005629579	-0.0030781177	-0.0994364464	-0.0529866876	-0.1585469988	-0.1761268993	-0.0533740146	-0.0893090197	-0.0302647262	0.0098301578	0.0203766076	0.0358256988	-0.1534780594	-0.0584507543	-0.0076878826	0.0647454537	-0.1644454721	-0.0847565744	-0.0329410615	0.0408211022	0.0525447379	-0.0235018857	-0.0704929934	-0.0807707321	0.1204930535	0.0404848748	-0.0701392475	0.0628456594	-0.0261102576	0.0356726453	0.1597062183	-0.0553192154	0.0309475721	-0.0510368889	0.0381808167	0.0115839952	-0.1752905247	-0.1026550958	-0.0040227592	-0.0348302972	0.1062627992	-0.006235755	-0.1362763562	-0.0154073703	0.0828593148	-0.0693129547	-0.0582224872	0.0835939061	0.1045699457	-0.0474074089	-0.0479270823	-0.006141675	-0.022741414	-0.0265325773	-0.0246265525	-0.0016898595	-0.1290552057	0.0050684204	0.0173126729661703	-0.0114024659693399	0.0002997286452335	0.0001300162301819	0.0394817910253237	0.0216255043458061	0.0004676624382104	0.0015588118225673	-0.2135935927602474	-0.0222017377283378	0.0004929171581579	0.0456222228682304	-0.0006620006214738	-5.645152647000377e-07	4.382448228316974e-07	3.1867748407935374e-13	0.0012320015964146	5.296455246629989e-05	2.805243817955433e-09	1.5178279335681229e-06	9.072865182542956e-07	0.0001100176982866	1.2103893936293292e-08	8.231688262060022e-13	0.0	0.0	0.0	0.0	0.0	0.0	0.0	0.0	0.0	0.0	0.0
834.0106513698278	4.098273103459405	16.795842430538787	695573.7665983244	885.8199480692546	0.0572780609130632	784676.9803974169	0.0032807762619605	783.6693816213897	2.1621358235677235	4.674831319554878	614137.6996908513	789.7860606514167	622.004960156362	1.093636	18.114883	0.0780169882553318	0.035583421057569	0.0942894352	0.0015249545	-0.0177081504	-0.1058781537	-0.0711602092	0.075316758	0.0829764511	-0.1319226033	-0.0846909114	0.0640640058	0.0438460647	0.0805735594	-0.1540814182	-0.0431860038	-0.0364756161	0.0639372211	0.0306029902	-0.134920492	-0.0150450569	-0.0036626563	0.099069538	-0.0162207532	-0.0418275696	0.013773784	-0.057323438	-0.1582050675	0.1141208634	-0.0790734334	0.0336926315	0.1245671543	0.1425381418	-0.0029117796	-0.005186513	0.0191388718	-0.0535285032	0.1630215592	-0.0104744602	-0.0663936335	-0.0767549626	0.0045090501	0.0941276624	0.0872485373	-0.0741632007	-0.1942594433	0.0019653154	0.072814209	-0.0374601625	-0.0844983091	-0.0273467243	0.0093453991	-0.0286388439	-0.0756599695	0.050157498	-0.0223385405	0.0507384642	-0.0169912997	-0.139402699	0.0259791721	-0.0385085225	0.0003953227	-0.0669471993	-0.1311233671	0.001742607	-0.1057484749	0.2105595561	-0.0199580124	0.0531032238	-0.0031728671	0.1851987108	-0.189716586	0.0158741045	0.0568130493	0.0767974982	-0.1368213644	-0.0078932263	-0.0050684204	-0.1287014744	0.0151740128	0.0167596570569799	-0.0005530159091904	0.0002808861046675	3.058265958176853e-07	0.0496893563160512	0.0102075652907275	0.0001041943891644	0.0024690321311034	-0.2357307358742986	-0.0221371431140512	0.0004900531052519	0.0555689798358383	-0.0008469054332228	-0.000184904811749	7.172488128222986e-07	3.4189789407933125e-08	0.0007631051979331	-0.0004688963984814	2.198638325089216e-07	5.823295431125157e-07	-0.0002476767820785	-0.0002485840685967	6.179403916011584e-08	6.134378838076077e-08	0.0	0.0	0.0	0.0	0.0	0.0	0.0	0.0	0.0	0.0	0.0
837.3045986026394	3.293947232811661	10.850088372547598	701078.9908411271	896.438194571601	10.618246502346436	803601.4366867916	112.74715878459236	786.3226603190104	2.653278697620749	7.039887847248058	618303.3261311658	792.450420796205	647.4459267782509	1.30345	21.590216	0.0765878312606142	0.0462495769585534	0.1752396215	0.0863975566	0.0517453405	0.0037802317	-0.1467031652	-0.0958207975	-0.0627992189	-0.0026248734	-0.0649597657	0.0437560028	0.1627383317	0.0039755393	0.0639451726	0.030965097	0.0579571217	0.0845427374	0.0274976764	-0.1230925736	0.0349178393	0.1402377747	-0.0867046845	0.0655556399	0.0236334928	0.0848824164	-0.0689225915	0.0520722509	0.1874829785	-0.2168086525	0.0365862088	0.0768608424	-0.1079740192	-0.0062260468	0.0113842165	0.1666396702	-0.0221891466	-0.0321641863	-0.0427114771	0.0019784793	0.0509486678	0.0272707827	0.0551878893	-0.062767506	-0.0995907981	-0.0568714341	-0.0783017571	-0.0932515452	0.0623066482	-0.1477464211	0.1459617312	-0.069486482	-0.1516938141	-0.0503642571	0.0829339708	-0.0277834427	0.0694168883	-0.0355058768	-0.045813877	0.1731119288	-0.0285837145	0.0631039766	0.0692493136	0.0754201797	0.1369320834	0.0547556101	-0.0255478991	0.0088432249	-0.0600184638	-0.1179296519	0.1047525392	-0.0615864892	0.1195726116	-0.0515554181	-0.0475926851	-0.0325766186	-0.0363604255	-0.0084435077	-0.1279949812	0.0251860523	0.0126606289023527	-0.0040990281546272	0.000160291524203	1.680203181242648e-05	0.0095645306183484	-0.0401248256977028	0.001610001637271	9.148024594932404e-05	-0.2321836704620494	0.0035470654122491	1.2581673038774552e-05	0.0539092568292295	-0.0004734056426932	0.0003734997905295	2.241129025337618e-07	1.3950209352565506e-07	0.0009230484917359	0.0001599432938028	2.558185723248883e-08	8.520185180959199e-07	-0.0002047816264902	4.289515558829999e-05	1.839994372944464e-09	4.1935514547971795e-08	0.0	0.0	0.0	0.0	0.0	0.0	0.0	0.0	0.0	0.0	0.0
829.5976583465791	-7.706940256060307	59.3969281104829	688232.2747341275	894.6435721503364	-1.7946224212646484	800387.1211899141	3.2206696349057893	785.0732776988636	-1.2493826201467757	1.560956931524822	616340.051356837	791.8633017962285	635.5997379862935	1.442729	23.897217	0.0867001348461461	0.0449791567999038	0.0852109348	-0.0189446876	-0.0403584338	-0.1194362205	-0.0112490044	-0.1222185006	-0.1545512569	-0.0932978027	0.0675855144	-0.2254247024	0.1028140977	-0.1451490281	0.2186760532	-0.0324302321	0.0203242188	-0.0412154337	-0.010355494	-0.0351549234	-0.0029206807	0.180597402	0.0727196036	0.1285059573	0.0684884873	-0.057920985	-0.0355319069	0.0489222517	-0.0457989689	-0.000530316	-0.0061585555	-0.0244917171	-0.0238025958	0.0215303662	0.1349237296	0.1179943089	0.1155965553	-0.2039756887	0.021016577	-0.1031000154	-0.0095034617	0.1000443262	-0.0227165282	-0.0831717097	-0.0115724274	-0.0525650111	-0.1299012572	-0.1686462555	0.1306357957	0.0362122957	-0.0446384294	-0.0308137337	0.0429647199	-0.0615347999	0.0100919079	-0.0677652521	-0.0274490611	0.0307641185	0.0386929231	0.0219193982	-0.0066391247	0.13602552	0.1731424716	0.0085597825	-0.111322318	0.1107551916	-0.0893812582	0.051298512	-0.074934102	-0.0056205229	-0.0535035209	0.0695320059	-0.1341801582	-0.0297313275	0.1608596704	-0.0352831979	-0.0254113726	-0.0118128082	-0.1269376627	0.0350428114	0.017411522391086	0.0047508934887332	0.0003031611119752	2.257098894128846e-05	0.0006032380283471	-0.0089612925900013	8.030476488361221e-05	3.638961188440967e-07	-0.2018039433898479	0.0303797270722015	0.0009229278169814	0.0407248315676929	-0.0005632351012091	-8.982945851589993e-05	3.172337792340251e-07	8.069331617259786e-09	0.0015481004964474	0.0006250520047115	3.9069000859386506e-07	2.3966151471006864e-06	-0.000342064597167	-0.0001372829706767	1.8846614037847122e-08	1.1700818863502197e-07	0.0	0.0	0.0	0.0	0.0	0.0	0.0	0.0	0.0	0.0	0.0
826.6377473752054	-2.959910971373688	8.761072958458328	683329.965385554	886.0937294430203	-8.549842707316088	785162.0973582404	73.0998103198461	783.3167162346117	-1.756561464251945	3.085508177694937	613585.0779325753	790.6299996347337	599.6737398445059	1.220776	20.220808	0.105474940975528	0.0546920031199105	-0.0396069546	-0.0633173921	-0.1726348921	-0.0673656212	0.0704018696	0.0109509427	-0.0238503325	-0.2223814628	0.053911992	-0.0494407032	0.0083976196	-0.0789816852	0.1152810443	-0.0514747408	-0.0868420165	-0.0903807237	0.0691014859	-0.0716225916	-0.1086337383	0.0143627646	0.1973548373	0.0656479107	0.0605131829	-0.0010873858	0.0790279636	0.0003742931	0.0141439375	0.05175983	-0.0585511972	0.0212967795	-0.0099975227	0.086006631	0.0918537917	0.0096496043	0.0771148739	-0.0708684508	0.1239979793	-0.0744919177	-0.1301902319	0.0407122321	-0.0228399699	-0.0008146375	0.0126438506	-0.1472166863	-0.1364525256	0.0665462154	0.0855894249	0.0569408012	-0.0147545749	0.0771493028	-0.01728837	-0.0208486425	-0.0128827066	-0.0609309251	-0.0501771743	0.0685237453	0.0615424313	-0.0890917662	0.0406485283	0.1213614121	0.0629841691	-0.1418844369	-0.0412628352	0.0343932999	-0.0094712488	0.0621577567	-0.023963094	-0.0496050668	-0.0499281996	-0.0018147862	-0.0239344185	-0.0673667903	0.0254354203	0.0067197584	0.1148850536	-0.0151740128	-0.1255324169	0.0446835199	0.0036447583630376	-0.0137667640280484	1.3284263524932526e-05	0.0001895237918039	0.0219976538175359	0.0213944157891887	0.0004577210269606	0.0004838967734761	-0.160100217651447	0.0417037257384008	0.0017392007404637	0.0256320796920407	-0.0005111375959918	5.2097505217299934e-05	2.612616420362766e-07	2.7141500498665933e-09	0.0015479568550564	-1.4364139099996498e-07	2.063284920840481e-14	2.396170425116101e-06	0.0001778949646225	0.0005199595617895	2.7035794589632884e-07	3.1646618438040524e-08	0.0	0.0	0.0	0.0	0.0	0.0	0.0	0.0	0.0	0.0	0.0
828.4798413736935	1.842093998488053	3.3933102992657043	686378.8475625804	883.4729841444228	-2.6207452985975124	780524.5137130514	6.868305920120965	782.1512904311671	-1.1654258034445777	1.358217303334439	611760.64112314	788.6512131301473	608.043139679935	0.9127900000000002	15.119356	0.0433250918482131	0.0243491336485121	0.0077798088	-0.0482770286	-0.1649132203	0.0471751652	0.0555838481	0.0194070811	0.0731460383	-0.1516110113	-0.0025453032	0.0337624753	-0.0351219883	-0.0242090625	-0.0266138352	-0.0434103593	-0.163936636	-0.083579199	0.0294207581	-0.0426781118	0.0463095065	0.0194852021	0.1670807928	-0.0043538014	-0.0565588776	-0.0373214436	0.1184918649	-0.0001861171	-0.1990909556	0.1189357725	0.0580523798	-0.0350852378	-0.0057020808	0.0590224817	0.0387762027	-0.0532752631	0.0489989087	0.0807750965	0.108460135	-0.0275259107	-0.1342409566	-0.019935646	-0.0424472669	0.042232426	-0.0168755842	-0.0846591452	-0.0402084149	-0.0337458441	-0.0369606383	0.1178979276	-0.0256503349	-0.0529623968	0.075035308	-0.0320188087	0.0033755602	-0.0694421976	-0.0367241968	0.0432809974	0.1155116811	-0.1241360099	0.0539168034	0.1057951406	-0.0041414907	-0.0462148228	-0.005135472	0.0279857541	-0.038705565	-0.0928856265	-0.0826267971	-0.0675393608	0.0373363636	0.0628244978	-0.0540806705	0.0451452446	0.2558870407	-0.0061584597	-0.1269168609	-0.0185248178	-0.1237830955	0.0540487397	0.0129838367739125	0.0093390784108749	0.0001685800173716	8.721838556446967e-05	0.0263380572798865	0.0043404034623506	1.8839102215985093e-05	0.0006936932612785	-0.1794867586076947	-0.0193865409562477	0.0003758379702482	0.0322154965154968	-0.0003750842160171	0.0001360533799747	1.4068816910516258e-07	1.85105222025401e-08	0.0015479803792695	2.3524213099831645e-08	5.533886019662908e-16	2.396243254603345e-06	0.0001087904884355	-6.910447618699998e-05	4.7754286290796485e-09	1.183537037403466e-08	0.0	0.0	0.0	0.0	0.0	0.0	0.0	0.0	0.0	0.0	0.0
829.1009211996294	0.621079825935908	0.3857401501845778	687408.3375340741	888.7526408725315	5.279656728108762	789881.256657899	27.874775166664115	781.5539872602983	-0.5973031708688268	0.3567710779299549	610826.6350024705	789.0024339539781	612.4231287894993	0.905012	14.990526	0.048506180712097	0.0271432298482582	0.0345229158	-0.0201870722	-0.016611495	0.1788969773	0.0673120894	-0.0761676801	-0.0209132863	-0.1004911909	0.0681855422	0.1375660713	-0.0651530922	-0.0421636955	-0.1166741637	0.1790927755	-0.1436090677	0.0720093445	0.0007227916	-0.1080558097	-0.0683771932	-0.0038773682	0.0787983761	-0.0392454202	-0.1439618402	-0.0090301414	0.1077027109	-0.0815572137	-0.0577909901	-0.093500232	-0.0039828249	0.0328235605	-0.0117118261	-0.1564379303	0.0844174047	-0.0479031803	0.0714972294	0.0941910614	0.0954327195	0.1948207509	-0.0595679611	-0.1052404152	0.0310292949	0.0117620403	-0.0689746687	-0.1190334937	0.0507466277	0.0132531294	-0.055954526	0.1210314043	0.049580887	-0.0322471199	-0.0103746421	-0.0433738427	0.0077508138	-0.0576054811	-0.0279667045	0.0095059077	0.1110155034	-0.1079052792	-0.0052403207	0.0538995448	-0.0624703525	0.0667803373	0.0446141266	-0.0034743422	-0.1039081891	-0.036366278	-0.1093561814	-0.0468680593	0.0477134738	-0.0185772013	0.1633829662	0.0056453663	0.2254280988	-0.0300285844	-0.0554430978	-0.0218629269	-0.1216944932	0.063080731	-0.0001736850439755	-0.013157521817888	3.016649450077137e-08	0.0001731203803881	0.0288014507562479	0.0024633934763613	6.068307419379901e-06	0.0008295235656645	-0.2020286298243547	-0.02254187121666	0.0005081359579484	0.0408155672687061	-0.00045498648432	-7.990226830289999e-05	2.0701270091387361e-07	6.3843724799486174e-09	0.0015480071205566	2.674128710003845e-08	7.150964357666829e-16	2.396326045293936e-06	-1.8148385998251784e-05	-0.0001269388744337	1.6113477842507806e-08	3.293639143415414e-10	0.0	0.0	0.0	0.0	0.0	0.0	0.0	0.0	0.0	0.0	0.0
827.9744128414275	-1.1265083582019315	1.2690210810988112	685541.6283201065	883.691313680013	-5.061327192518547	780910.3378735071	25.61703294972768	781.6762927431049	0.1223054828066096	0.0149586311245578	611017.8266366043	787.7297216335044	607.7145789085179	1.101452	18.244343	0.0397661956402691	0.0199465542367548	0.0332551383	-0.0315096514	0.1403556598	-0.0495353474	0.0356807569	-0.0757408004	-0.0937747572	0.1270311548	-0.0826607436	0.0883441965	-0.0486155028	-0.0659941655	-0.0730490486	-0.0838442324	0.071852672	0.1522629024	-0.0556917936	-0.0943749262	0.0529653119	-0.0126137473	-0.0502347693	-0.0210878519	0.0086905157	-0.1938891365	-0.0194692746	0.0328653544	-0.0040676382	0.0062031753	0.1485091326	-0.0492866576	-0.039367254	-0.1092998796	-0.060759054	-0.0455253189	0.0669798224	-0.001118947	-0.1560650478	-0.0038045657	0.069222684	-0.121221247	0.0475402936	-0.0011082547	-0.1181361375	-0.020940589	0.0674720095	-0.0207653326	-0.0396764152	0.0031056348	-0.0663965652	-0.1012318106	0.1420977891	-0.0490357561	-0.0175063804	-0.0561536603	-0.0166858148	0.0323785794	0.0298240513	-0.011123085	-0.0969642347	-0.1085558926	0.1138736733	0.0244289735	0.0014909567	0.0124731341	0.0438720107	0.0738277907	0.0137573627	-0.0741166875	0.0839691859	0.0092483541	0.0318325343	0.1315471544	-0.0419389923	0.1280705439	0.0938508416	-0.0251860523	-0.1192723348	0.0717238087	0.0107569523289754	0.0109306373729509	0.0001157120234078	0.0001194788333789	0.0387759232232269	0.0099744724669789	9.949010099452212e-05	0.0015035722218135	-0.2084237041681689	-0.0063950743438142	4.089697586291062e-05	0.0434404404591803	-0.0002815447611211	0.0001734417231989	7.926745251473728e-08	3.0082031346203843e-08	0.0015479950149845	-1.2105572100079218e-08	1.4654487587021635e-16	2.3962885664168622e-06	5.77180143612489e-05	7.586640035950069e-05	5.7557107035080465e-09	3.331369181805334e-09	0.0	0.0	0.0	0.0	0.0	0.0	0.0	0.0	0.0	0.0	0.0
828.3522808103135	0.3778679688859938	0.1427842019100264	686167.5011236484	882.7313428243001	-0.959970855712868	779214.623604392	0.9215440438180958	783.1267805619673	1.4504878188623709	2.1039149126681176	613287.5544333516	789.8498853189824	608.5127400529494	1.21157	20.068321	0.0456024170992598	0.0205201563678666	-0.0019393695	-0.0629542486	-0.1631764478	-0.0591234798	0.0251949166	0.0581180534	0.0291207283	-0.1676288414	-0.0524201751	-0.038670327	-0.0082123335	-0.037985829	-0.047072346	-0.1982246257	-0.0758628134	-0.0623402285	0.1718083982	0.0055485332	0.0533198593	-0.0803966808	0.0224843673	-0.0094038654	-0.1048515643	-0.0089147056	-0.1139585297	-0.0242488922	0.1427760902	0.0041041547	0.0531748027	-0.1146681785	-0.0536751089	-0.1178376761	-0.0058888217	-0.0107312911	0.0364613022	0.0710044318	0.0321095407	-0.151937469	-0.1599344362	-0.0098263937	0.0409775566	0.0530041096	-0.0417090907	0.1155149519	0.0235067592	0.1416023472	0.0208172536	0.0111164427	-0.0074989546	-0.0293801714	0.0357927933	-0.0431359578	-0.0398080542	-0.0218776395	-0.018553403	0.1033056414	0.0168298389	0.0053704418	0.2071806452	-0.0249276762	0.0395680106	0.0031100187	-0.1848816688	-0.0727881173	0.0965893912	-0.0501274651	-0.0007109177	-0.1012621403	0.0492846148	-0.1347048243	0.1279607732	0.0760454798	0.1610166558	0.2784618574	0.0321753907	-0.0284919163	-0.1165232592	0.0799246852	0.0019175490749603	-0.0088394032540151	3.6769944548811024e-06	7.813504988709273e-05	0.0267564230546213	-0.0120195001686056	0.0001444683843031	0.0007159061746778	-0.1972675827766323	0.0111561213915366	0.0001244590445027	0.0389144992145354	-0.0003841754529054	-0.0001026306917842	1.475907786150692e-07	1.0533058896123977e-08	0.0015479570528731	-3.79621113999213e-08	1.4411219019400345e-15	2.396171037539573e-06	0.0002267972061676	0.0001690791918063	2.8587773101888863e-08	5.1436972725428864e-08	0.0	0.0	0.0	0.0	0.0	0.0	0.0	0.0	0.0	0.0	0.0
827.9151996840377	-0.437081126275757	0.1910399109464842	685443.57786786	890.7977638668484	8.066421042548313	793520.6561101774	65.06714843566621	783.4335585160688	0.3067779541015625	0.0941127131227403	613768.1406091506	790.4808632218418	603.7004213525614	1.027139	17.013432	0.0259898024282644	0.0133177760357697	0.010681868	-0.0820163214	0.0312443784	0.0864796672	0.0021894302	-0.0576043041	0.0433306755	-0.031569115	-0.0003334303	0.0833043794	0.0194589468	-0.0352184728	-0.0216880869	-0.0191106232	0.004927949	0.007561891	-0.0431940442	0.0407949965	-0.0624694161	0.0180837038	0.0532782886	-0.0114192754	-0.1784470604	0.173985085	-0.1702273958	-0.011348046	0.1966867633	-0.0664116807	-0.0424850884	-0.0524622713	-0.068448104	-0.079186267	0.0347654699	0.0293557884	0.0330502459	0.0404574308	0.0034694984	0.0052510782	0.0165397821	-0.0123068343	-0.004028974	0.033661439	0.0045499333	-0.0732086861	-0.0774984493	0.0964191536	0.014345056	-0.0927291984	0.0735543943	0.1157293109	-0.1045508345	-0.0564329567	-0.0274396091	-0.0043479262	-0.0112398314	0.109325819	-0.0259970317	0.0248010054	0.0572352226	-0.1009999911	-0.0367365686	0.1218035428	-0.0324471152	-0.0519751768	-0.0078076607	0.0486132939	0.0006553109	-0.0649692482	-0.0238969391	-0.0977127375	0.1686226901	0.058122689	0.0227019885	0.122761498	0.0895249705	-0.0317782535	-0.1134548014	0.0876327994	0.0075300884647759	0.0056125393898156	5.670223228735107e-05	3.150059840223166e-05	0.0267207166442204	-3.5706410400897226e-05	1.2749477437173016e-09	0.0007139966979807	-0.2080152759174751	-0.0107476931408427	0.0001155129078497	0.0432703550150232	-0.0004290625268979	-4.4887073992500026e-05	1.8409465198801122e-07	2.0148494116081723e-09	0.0015479825142474	2.54613742999444e-08	6.482815812418691e-16	2.396249864415702e-06	7.98324717902962e-05	-0.0001469647343773	2.1598633150591456e-08	6.373223552148441e-09	0.0	0.0	0.0	0.0	0.0	0.0	0.0	0.0	0.0	0.0	0.0
829.2076227094808	1.2924230254430995	1.6703572766954946	687585.2815595086	887.854862721761	-2.942901145087376	788286.2572586772	8.660667149756588	783.2316194476504	-0.2019390684184827	0.0407793873537246	613451.769702589	788.9081123594774	604.4891444101246	1.079105	17.874189	0.0495611534587246	0.0227821494555711	0.0188734199	-0.0484177238	-0.1168562694	-0.1011820484	-0.0649664231	0.0270861466	0.0090745603	-0.0999822545	-0.0403638286	-0.0453138974	0.022932248	-0.0466571707	0.0307106369	-0.1692906321	-0.018045751	-0.0781886634	-0.0010656086	0.0894349009	-0.0538723965	0.1213436683	-0.050482831	-0.0624976506	-0.1405230609	0.1541127475	0.0429305303	-0.0443652919	0.0168032037	-0.1164995408	0.0803494456	-0.0016570109	0.0433764726	-0.0279534747	0.1838475628	0.0275021356	0.0260195318	0.0262977737	-0.0327497955	-0.1496238029	-0.1179261142	-0.020650177	-0.0453866383	-0.1534553095	0.0370646652	0.0537070405	-0.0687694405	0.0052720175	0.0088727223	-0.0384072231	-0.0075280143	0.0943998377	-0.0059878175	-0.0579997579	-0.0020182745	0.0052259644	0.0103096461	0.1455540886	-0.0535779852	0.1218109399	0.145159778	0.0707563731	0.0411415975	-0.0409921531	-0.0517719118	0.0209593189	-0.0256030859	-0.0071198533	0.1009160455	-0.0295856609	0.0387747715	0.058965955	0.0503939775	0.0864976176	0.0185381233	0.0301936039	-0.0541388742	-0.0350428114	-0.1100753719	0.0948006283	0.0172260115156461	0.0096959230508702	0.0002967354727371	9.401092380839612e-05	0.0390307750127476	0.0123100583685271	0.0001515375370365	0.0015234013980957	-0.2238674000910805	-0.0158521241736054	0.0002512898408154	0.0501166128235399	-0.0005540572495152	-0.0001249947226173	3.069794357403486e-07	1.5623680682175767e-08	0.0014389816932036	-0.0001090008210437	1.18811789882225e-08	2.0706683133751e-06	7.98978854436322e-05	6.541365333599734e-08	4.278946042762036e-15	6.383672098363775e-09	0.0	0.0	0.0	0.0	0.0	0.0	0.0	0.0	0.0	0.0	0.0
829.6153009717335	0.4076782622527162	0.1662015655133944	688261.54760642	885.8847024705675	-1.9701602511935332	784791.7060713659	3.881531415382967	782.1414489746094	-1.090170473040985	1.1884716602904044	611745.2462041015	788.0938181200626	612.4125806790973	1.063616	17.617628	0.0644561795464794	0.0319170686006201	0.0473487934	-0.026083693	-0.1257898095	0.1133704257	-0.0105492299	0.0079766689	0.0826249651	-0.0775782354	0.0870241202	0.18067428	-0.0200475133	-0.047690264	0.0180384597	0.0786122192	-0.0840780727	-0.0695663285	0.0310336686	-0.0321407364	-0.1469264916	0.1809903666	0.0803249563	-0.146514269	-0.011696822	-0.0231375867	-0.0271621639	-0.0258195215	0.1425344264	0.0057092178	0.1852578178	-0.0664275154	0.1555729933	-0.0453753239	-0.0499248768	-0.0078855917	0.0272427896	0.0561611092	0.1210506996	0.1002937697	-0.1172819017	0.0399584293	-0.0405358236	-0.1061636319	-0.0224171928	-0.0898844232	-0.1134437902	0.0472985286	-0.162626105	-0.1168248336	-0.1360512489	-0.0211769717	-0.0601602319	-0.064126704	-0.0110861096	-0.045241409	0.0084166224	0.0141597838	0.0900018398	-0.0627389654	0.0452640822	0.1004816267	-0.0377524172	0.0266011951	-0.0069792887	0.0302821447	-0.0108789002	-0.0489783359	0.0455776303	-0.0229215655	0.00254621	0.0994258999	0.1027651897	0.0819605379	-0.1385218444	0.0210212282	0.0746402596	-0.0382833527	-0.1063942335	0.1013839798	-0.0018930874115312	-0.0191190989271773	3.5837799476978998e-06	0.0003655399437871	0.0245158460844976	-0.0145149289282499	0.0002106831617921	0.0006010267092387	-0.2366312613594914	-0.0127638612684108	0.0001629161544792	0.0559943538525839	-0.0003025615223446	0.0002514957271706	9.154347480348189e-08	6.325010078506888e-08	0.0015479883354061	0.0001090066422024	1.1882448044263851e-08	2.396267886553348e-06	7.923444636390785e-05	-6.634390797243515e-07	4.401514125054945e-13	6.278097490594991e-09	0.0	0.0	0.0	0.0	0.0	0.0	0.0	0.0	0.0	0.0	0.0
829.5246280299918	-0.0906729417416727	0.0082215823640887	688111.1085082963	886.1034976111519	0.2187951405843478	785179.4084787166	0.0478713135433245	783.4042341752486	1.2627852006392004	1.5946264629533855	613722.1941237077	789.7477902439475	615.7898559710302	1.046479	17.333776	0.0762038901560924	0.0511846809840814	0.0624418896	-0.014096806	0.1132941062	0.1252418199	-0.0020709839	-0.0835510012	-0.0455122932	0.0658230277	-0.0188524136	0.1917414886	0.0466692284	-0.100932375	0.0353890541	0.1014707652	0.0972284262	0.0115622476	-0.1343657158	0.0315255026	-0.0062204447	-0.0759376926	0.0621297049	-0.0863407198	-0.025457659	0.0090011253	0.0165816418	0.0782606148	0.0649382053	0.0179769859	0.1293105575	0.0799274836	0.1687424904	-0.180238189	-0.0833610721	0.0674677963	0.0677434515	-0.0372685255	-0.0283125528	0.1635170355	0.068878225	0.0042436548	-0.0435286925	-0.0311170001	0.035376024	0.0062778863	-0.0489440537	0.141829468	-0.0275485299	-0.0320367035	-0.1135897809	-0.007052028	0.0008736623	-0.0776113839	-0.0232098455	-0.0286892765	0.01434793	0.0120924627	0.0813487574	0.0123627088	-0.0527323429	-0.1103054337	-0.0870708276	0.0901665079	-0.0185911839	0.0347706561	0.0014864691	-0.0696470044	0.0873888293	0.0681485954	0.0431079353	0.1180566822	0.1060226095	0.0601292648	0.0745070184	-0.0768112417	-0.0335670767	-0.0414976565	-0.1024214758	0.1073422654	-0.0025384240145882	-0.000645336603057	6.443596477838074e-06	4.16459331245148e-07	0.0702939417031132	0.0457780956186156	0.0020956340384671	0.0049412382401606	-0.2428203663241817	-0.0061891049646903	3.830502026395413e-05	0.0589617303018097	-0.0007095644727904	-0.0004070029504458	5.034817410463184e-07	1.6565140167158638e-07	0.0016119748264586	6.398649105250013e-05	4.094271037211679e-09	2.5984628411362338e-06	8.007206426019893e-05	8.376178962910777e-07	7.016037401870908e-13	6.411535474889427e-09	0.0	0.0	0.0	0.0	0.0	0.0	0.0	0.0	0.0	0.0	0.0
828.0043292870081	-1.520298742983755	2.311308267917985	685591.1693180281	887.1777038998074	1.074206288655546	787084.2782969343	1.153919150587122	783.8566882509174	0.4524540756688111	0.2047146905893182	614431.3077156959	790.8263903262794	614.3846077315304	1.196021	19.810776	0.0781803804065721	0.049156383309286	0.0388623229	-0.0942566456	0.0893199733	-0.1060585177	-0.0270406108	-0.0922674277	-0.015472555	0.0722797306	-0.0928179642	-0.0448929908	0.0658057656	-0.0763834205	0.0224865227	-0.0566405575	0.0754525438	-0.0147704953	-0.1384266593	0.0547816906	0.0616926001	0.0142137544	0.0217412503	0.0728031859	0.0711952229	0.1141422123	-0.0713118821	0.2381252433	-0.0977397213	-0.0305210681	0.0192135535	-0.057947258	-0.1463751758	-0.094154558	-0.1612227542	0.0870643164	0.0817495252	-0.0578316653	-0.0816085478	-0.0329695271	0.0990535806	-0.0276773061	-0.0518368422	-0.0384286876	0.0839522861	0.0600177236	-0.0689019908	-0.0686030128	0.0562264492	0.1315705417	0.1026128139	0.0522255392	-0.032295474	-0.0797036871	-0.0326218667	-0.0073793102	0.0168589372	0.1172961907	-0.0393289662	0.1749941239	-0.0341131467	0.0290008231	0.0224191352	0.0359044783	-0.0599628045	-0.0287760685	-0.0615730674	0.0359408734	0.1464571597	-0.0375933016	-0.1072334177	0.0041559897	0.1197328637	0.0800737991	-0.08440542	-0.1075655701	0.0132244728	-0.0446835199	-0.098167988	0.1126387502	0.0172056470720463	0.0197440710866345	0.0002960342911678	0.000389828343074	0.0267781934958861	-0.0435157482072271	0.0018936203420347	0.0007170716469031	-0.2428586270152379	-3.826069105619667e-05	1.463880480097728e-09	0.0589803127157264	-0.0006190563152638	9.050815752660004e-05	3.832307214679933e-07	8.191726578859851e-09	0.0014049741019064	-0.0002070007245522	4.284929996513581e-08	1.973952227027695e-06	7.993493790591286e-05	-1.371263542860723e-07	1.8803637039789413e-14	6.389594298022144e-09	0.0	0.0	0.0	0.0	0.0	0.0	0.0	0.0	0.0	0.0	0.0
826.8887106065205	-1.1156186804876145	1.2446050402529256	683744.939728514	886.5644904666477	-0.6132134331596717	785996.5957563868	0.3760307146074712	783.5292124430339	-0.327475807883502	0.1072404047489523	613918.0267516009	790.0034771145979	603.8167065204831	1.015495	16.820564	0.0345409460011503	0.0218471700264198	-0.0287927501	-0.072742553	0.0100466464	-0.1518314398	0.0126947305	-0.0034625915	-0.0696466803	-0.0098960645	-0.0920036698	-0.0763276073	0.0458153052	-0.0571544274	0.0183565905	-0.0391432022	-0.0037635615	0.0460880263	-0.0459022009	-0.0269218508	0.0550728062	0.1578032439	-0.0506424744	0.0467623068	-0.0690699466	-0.0231278467	0.0837686073	0.0722060841	-0.0138349293	0.1040070214	-0.0151042268	0.0380665171	-0.0225959777	-0.0633340424	-0.0109086404	0.0463146599	0.0497713297	-0.0765295979	-0.0981368859	-0.0524390073	-0.0660925392	-0.0649015721	0.0012572636	0.0407027149	-0.0152112664	0.0034895931	-0.0797382986	-0.1624663469	0.013373084	-0.0223246165	-0.0705620627	0.0166734883	-0.1004450638	-0.058688032	-0.0406105112	-0.0474557766	-0.0087854251	0.0433065845	0.0593785542	0.0384772792	-0.0886444349	0.0180155241	0.1175326104	-0.0958528533	0.0467455316	0.008372036	-0.0188195219	0.035075482	-0.0042098014	-0.0813894671	-0.1379211928	0.0802158793	0.0779378886	0.149457486	-0.0787099439	-0.0500268992	-0.0129900341	-0.0478387595	-0.0936454286	0.1172407796	0.0173057961843312	0.0001001491122849	0.0002994905815736	1.0029844691453689e-08	0.0066241405687321	-0.0201540529271539	0.0004061858493905	4.387923827432243e-05	-0.242950569297335	-9.19422820971072e-05	8.453383237224039e-09	0.0590249791218991	-0.0006001565847205	1.8899730543299963e-05	3.601879261833747e-07	3.5719981460934547e-10	0.0015479410576808	0.0001429669557743	2.0439550443399237e-08	2.3961215180539536e-06	0.0002019642851805	0.0001220293472745	1.4891161596261788e-08	4.0789572488470334e-08	0.0	0.0	0.0	0.0	0.0	0.0	0.0	0.0	0.0	0.0	0.0
827.6463929404553	0.7576823339347811	0.5740825191568572	684998.5517473464	884.7267341189914	-1.8377563476562957	782741.3940648566	3.377348393351007	782.6487780946674	-0.8804343483665207	0.7751646417835799	612539.1098530759	788.535515166108	605.1803541165973	0.82277	13.628273	0.08358631851209	0.0436833286901215	-0.0003319844	-0.0661660706	0.0587278859	-0.1272644985	0.069962541	-0.0379007037	-0.0737455711	-0.0308882731	-0.0775269777	-0.0752858127	0.011866467	-0.0626287044	-0.0191573074	-0.056785132	0.0147966985	0.0422891482	-0.0401576377	-0.058706554	0.1283890346	0.0349933987	-0.0170819374	-0.0969327727	0.0686785935	-0.0661557532	-0.0600969715	0.0866728083	-0.0850351482	-0.0192176083	-0.0502400424	0.0651021248	-0.0609164249	-0.0337980769	0.1848961362	-0.0010572484	0.0755845611	-0.0292307607	-0.0687145204	-0.0738340263	-0.0072581851	0.0009785643	0.0269937463	0.1125672956	-0.0560279215	-0.0558270563	0.0115064263	-0.1046090847	-0.0254791244	0.0213605148	-0.0222205824	-0.1265454202	-0.0427854718	-0.0612533357	-0.016962747	-0.0518401903	-0.0062545507	0.0606498768	0.0690125885	0.0458726115	-0.0704455043	-0.0681164232	0.0939778238	-0.0813789261	-0.0393368096	-0.0278997172	0.0715125258	0.0254951411	0.0170364573	-0.0145442415	-0.031098104	0.0372790754	0.0502419518	0.1128138077	-0.0544158082	0.0116201519	-0.0045495837	-0.0509612127	-0.0888661936	0.1211199807	0.0069776260834544	-0.0103281701008768	4.8687265760503193e-05	0.0001066710976326	0.0436561153729826	0.0370319748042504	0.0013713671579026	0.0019058564094591	-0.2320106412604872	0.0109399280368477	0.0001196820254514	0.0538289376581024	-0.0007971166261473	-0.0001969600414267	6.353949156804544e-07	3.8793257918846764e-08	0.0017849527266109	0.00023701166893	5.6174531209031325e-08	3.186056236235686e-06	0.0001302110841351	-7.17532010454e-05	5.1485218602615925e-09	1.6954926431638092e-08	0.0	0.0	0.0	0.0	0.0	0.0	0.0	0.0	0.0	0.0	0.0
826.6111916724084	-1.035201268046876	1.0716416653658605	683286.0621980791	882.1905154334174	-2.536218685573999	778260.1055206787	6.4324052210547045	782.211649761778	-0.4371283328894151	0.1910811794146793	611855.0650230424	788.6929973100447	602.7188911280501	1.066451	17.664583	0.0786209763719331	0.0442029197737484	-0.0305994189	-0.1106492623	-0.1452764386	-0.0203479279	0.1136961539	0.0105859103	-0.0231803435	-0.1987204212	0.0813970732	-0.0261241558	-0.0336146353	-0.1091257898	-0.0357125448	-0.1156830024	-0.1273107592	-0.0791252002	0.1284556779	0.0830324896	0.1082511344	0.0205101447	-0.0988504206	0.0235626347	-0.1246707143	0.0794886782	-0.031216531	0.0859391372	0.0692172691	0.0038204629	-0.0618178262	-0.0584656343	-0.1456464973	0.0687263298	0.076002671	-0.0433993334	0.1123361839	0.0280103424	0.05040433	-0.0944837726	-0.2039761415	-0.0064185036	-0.0031524396	0.0504633539	0.0337325443	0.1531684389	0.0448543443	0.0099929688	0.045793524	0.0266397414	0.0242396234	-0.0324234331	-0.0973677789	-0.0633172638	-0.066890742	0.0055252667	-0.0040348555	0.0892824488	0.0455761011	0.0785425449	0.1948877881	0.0302661908	0.0040406654	0.042106032	-0.1102881979	-0.0684005524	-0.0326064043	-0.0633131642	0.037100506	-0.0459211366	-0.0478552096	0.0166796064	0.0404639421	-0.017530318	-0.0049588085	0.027910508	-0.0164824422	-0.0540487397	-0.0838433825	0.1242524367	-0.0030734480379948	-0.0100510741214492	9.446082842254086e-06	0.0001010240909948	0.014306062040319	-0.0293500533326636	0.0008614256306301	0.0002046634111014	-0.2427333286366746	-0.0107226873761873	0.0001149760245674	0.0589194688310398	-0.0003030860209056	0.0004940306052417	9.18611360683898e-08	2.440662389154804e-07	0.0017399879719472	-4.4964754663700006e-05	2.0218291619667313e-09	3.02755814252093e-06	9.92632132078403e-05	-3.094787092725969e-05	9.577707149303254e-10	9.85318549634516e-09	0.0	0.0	0.0	0.0	0.0	0.0	0.0	0.0	0.0	0.0	0.0
827.4885935481949	0.8774018757865178	0.7698340516337001	684737.3724523697	882.4881647745768	0.2976493411593992	778785.3609672007	0.0885951302926244	782.8776625199752	0.666012758197212	0.4435729940814579	612897.4344727402	789.7143099416666	598.6826686404168	1.104241	18.290541	0.0789391589742537	0.0423559396517658	-0.0109691259	-0.1062392966	-0.0019428295	0.1568981126	0.1084454229	-0.0814141694	0.050296656	4.14752e-05	0.0007840053	0.1713583676	0.0043162004	-0.0977117139	-0.0560255043	0.1073241483	-0.1088611856	-0.061011132	-0.0568929323	-0.0554510817	0.056498071	-0.0024380963	-0.0334434926	-0.0602218209	0.1136933617	-0.0091611394	0.0286675628	0.0123624861	-0.0277907149	-0.0908391713	-0.1819986792	0.0935539486	-0.0796009076	0.0215351713	-0.0001779077	0.0051983853	0.1157074211	0.0623797024	0.0963464971	0.1295865092	0.0114288992	-0.0337789332	-0.0640927769	0.0488674839	-0.0720221811	-0.0377554911	-0.0282679514	-0.0972213897	-0.0298122908	-0.0032017316	0.0956294852	-0.0303609703	0.0624645508	-0.0851171548	-0.0586347175	-0.0419981833	0.0281943985	0.0130286373	0.1764141111	-0.0129004267	-0.0186477022	0.0034043955	-0.0577232427	0.064366104	0.0630894255	-0.0596818895	-0.0503881729	0.0820210348	-0.0054668714	0.0411707394	-0.0655339775	0.0469926328	0.0190943822	0.0818052057	-0.196745431	-0.0688560919	0.0817166618	-0.0570992244	-0.0785907625	0.1266188352	-0.0389723910924004	-0.0358989430544056	0.001518847267459	0.0012887341124234	0.0025301428451172	-0.0117759191952017	0.0001386722728919	6.40162281669776e-06	-0.2592786337308865	-0.0165453050942119	0.0002737471206605	0.0672254099093551	-0.0003930852818296	-8.999926092400002e-05	1.545160387910561e-07	8.099866966866237e-09	0.0019329850739726	0.0001929971020254	3.724788139020272e-08	3.736431296200858e-06	8.787974354855217e-05	-1.1383469659288127e-05	1.2958338148393334e-10	7.722849326159298e-09	0.0	0.0	0.0	0.0	0.0	0.0	0.0	0.0	0.0	0.0	0.0
829.653257601845	2.1646640536500854	4.68577046516482	688324.5278493534	885.1619851854113	2.6738204108344235	783511.7400173782	7.149315589394765	783.5243642171224	0.6467016971472503	0.4182230850931339	613910.4293218459	789.9057067188844	604.9297164357037	0.953179	15.788355	0.1165960327139112	0.0652072185966768	0.0251287112	-0.0455060576	0.0973096895	0.0674822085	0.0241341889	-0.0690123647	-0.0690401538	0.0931628963	-0.0273649	0.1412600671	0.0554860515	-0.0602566492	-0.0644811996	0.0954645992	-0.0189850887	0.0656928947	-0.015818315	0.0351680162	0.0045562625	-0.0507073642	0.0104622015	-0.107332967	-0.0489040656	-0.0146595164	0.0529557538	0.0708598044	0.0530756252	0.0692519968	-0.0395611994	-0.0460186679	0.1655749437	0.0337131057	0.0284446897	0.059584564	0.0476765454	0.0250822922	-0.0497073473	0.1403900675	0.0206894757	-0.0991300374	0.0228567679	0.050351083	0.0247949327	0.1069730512	-0.0524920391	0.0728559907	-0.0143613839	0.0199680704	-0.1509434839	-0.0664925367	0.0041435153	-0.0827189136	-0.0260487435	-0.0245740932	0.0386951254	-0.0172222837	0.1297010351	0.0046151131	-0.0295609195	-0.1045606459	-0.0675130112	0.0098276401	0.0560240294	-0.0130163893	0.0316142539	-0.0296844054	0.0224769494	0.0740869966	0.0280448045	0.076307137	-0.0049252312	0.0455776486	-0.1089432525	-0.0383068356	-0.0357133566	-0.0601105761	-0.0731227308	0.1282045865	-0.0188098432291781	0.0201625478632223	0.0003538102023062	0.0004065283363367	0.0541976388771416	0.0516674960320244	0.0026695301462192	0.002937384059857	-0.2687089928843136	-0.0094303591534271	8.893167376262636e-05	0.0722045228569021	-0.0009876659061143	-0.0005945806242846	9.754839421005811e-07	3.535261187747834e-07	0.0019079160748269	-2.506899914570004e-05	6.284547181671093e-10	3.640143748582885e-06	0.0001749427134229	8.706296987434783e-05	7.579960723341597e-09	3.0604952979766914e-08	0.0	0.0	0.0	0.0	0.0	0.0	0.0	0.0	0.0	0.0	0.0
832.6544488944628	3.0011912926178184	9.007149174885011	693313.4312637416	889.1434589385987	3.9814737531874016	790576.0905732955	15.852133247320172	785.3566758589311	1.832311641808701	3.3573659527076978	616785.1083161902	791.6531775647571	622.6265589232838	0.951318	15.757539	0.0757726979661026	0.0426452092931795	0.1001403967	-0.0533380308	0.0145143395	0.1605129142	-0.0368022598	-0.0951352217	0.076729974	0.0240543096	0.0120734397	0.0795427084	0.1376216207	-0.0747429795	-0.039738571	0.1284178815	-0.0465231886	-0.0614812007	-0.0038005336	0.0297188957	-0.020891378	-0.063033871	-0.0325815692	-0.1446105166	0.0221601713	0.1027903774	0.0396340199	0.0739508854	-0.0299271236	-0.0454406501	0.0031503217	-0.0160401465	0.0701676238	0.0686064492	-0.1333566985	0.1403293329	0.0595756203	0.0480517429	0.063792125	0.1165827583	0.0497616724	0.0403611529	-0.0404345724	-0.0223288292	0.0525829527	0.1174146695	-0.0760452036	0.0327083723	-0.0491216479	0.0063639139	0.0723040303	-0.057926353	-0.0172717259	-0.1062394936	0.0149379676	-0.0249568811	0.0605433605	-0.0309737719	0.1094325897	0.0018168994	0.026925855	-0.0105972075	-0.0877574165	0.1260251404	0.0264530603	-0.0079128767	0.0146259528	-0.0419768669	0.0273202766	0.0962508448	0.0041206549	0.0257169716	-0.0192542996	-0.0393511277	-0.0652134018	-0.1442668917	0.0047987682	-0.063080731	-0.0674542747	0.1289999139	-0.0186995085897194	0.0001103346394587	0.0003496716214969	1.2173732664481628e-08	0.0265904570207169	-0.0276071818564247	0.0007621564900537	0.0007070524045705	-0.2949775092509128	-0.0262685163665992	0.0006900349521022	0.0870117309638723	-0.0009208942844921	6.677162162219987e-05	8.480462832102169e-07	4.458449454058229e-09	0.0018300541293942	-7.786194543270004e-05	6.062482546564759e-09	3.3490981165127635e-06	-0.0001161570215946	-0.0002910997350175	8.473905572725873e-08	1.3492453665728372e-08	0.0	0.0	0.0	0.0	0.0	0.0	0.0	0.0	0.0	0.0	0.0
830.9914219011732	-1.6630269932895771	2.765658780409771	690546.7432733336	891.011315366957	1.8678564283583228	793901.1641119549	3.48888763695951	784.2431400183475	-1.1135358405836089	1.2399620682642438	615037.3026658375	791.758065168753	631.7875669216891	1.100808	18.233679	0.0771540610268906	0.0397401813565861	0.1098132457	-0.0569983332	0.1146586687	-0.0248439301	-0.0104059764	-0.1444180252	-0.1162152475	-0.022916823	-0.0427775988	0.0717355841	0.0878832691	-0.1299900332	0.0251977878	0.0528510517	0.0645875211	0.0838217645	0.0082892397	0.0453997756	0.0834331511	-0.0767724056	-0.155230011	0.0032166889	0.065212709	0.0753801445	-0.0268279402	-0.0262228434	-0.2159580398	0.0944230607	0.036814328	-0.0611181594	0.1105142751	0.0153314096	-0.084865572	0.1098440011	0.1152933888	-0.0927179619	-0.072433711	0.0643203968	0.0271687728	0.0234617405	0.0400001283	0.0266277665	-0.0135034072	0.1311207826	0.0656943872	-0.0634491013	-0.0725874233	0.0049277855	0.1179164267	0.0415977348	0.0680489348	-0.1204768366	-0.0380161375	-0.0311549404	0.0352784509	-0.0731928832	0.0837067073	0.1096057214	-0.0589433894	-0.0915607686	0.0881741461	0.0788967897	-0.0860518987	0.0901462103	0.0092460897	0.0515045291	-0.0332183426	0.0379585576	-0.0782396275	-0.0350781762	-0.1265028004	0.0082489232	-0.1002562786	0.0393011113	-0.1264873036	-0.0660076536	-0.0616009311	0.1289999139	-0.0219636878391611	-0.0032641792494417	0.0004824035834961	1.0654866172485795e-05	0.044254875956895	0.0176644189361781	0.0003120316963528	0.0019584940459601	-0.328224751191442	-0.0332472419405291	0.001105379096652	0.107731487294684	-0.0009869915886239	-6.609730413180003e-05	9.7415239601433e-07	4.368853613491669e-09	0.0015480072861195	-0.0002820468432747	7.955042180122322e-08	2.39632655787906e-06	-4.7367509862675065e-06	0.0001114202706083	1.2414476702434044e-08	2.2436809905906195e-11	0.0	0.0	0.0	0.0	0.0	0.0	0.0	0.0	0.0	0.0	0.0
828.2020535583013	-2.789368342871967	7.780575752216302	685918.6415181874	885.9467285580105	-5.064586808946501	784901.6058426411	25.650039545354904	783.2360679857659	-1.0070720325816185	1.014194078808072	613458.7381938032	790.0152004041861	604.2813050405695	1.209026	20.026192	0.0927803041787682	0.0662322651686486	0.0076781117	-0.1226205846	0.0622070912	-0.1700953977	0.05470196	-0.0699355744	-0.0247553885	-0.043295199	-0.1109429666	-0.0999827058	0.0295986166	-0.088716708	-0.0207379343	-0.1775731591	0.0406379297	0.0776612459	0.0202856948	0.042683296	0.0968754938	-0.0080254076	0.0778996306	-0.1275121477	0.0634225954	-0.0658017142	0.0942910228	-0.0615069224	-0.1191453734	0.0211985594	-0.0852679278	-0.122647154	-0.0695237137	0.0581765707	0.0441727576	0.0239053003	0.1182333708	-0.0309645477	-0.0871402196	-0.1571395853	0.0058857577	-0.011836774	0.0690415884	0.0929789584	0.0731697369	0.0072641843	-0.0037444238	-0.0257394146	-0.0765202018	0.0035575831	0.019017237	-0.0180204332	0.2067536395	-0.1003935409	-0.013480208	-0.0146238224	-0.0173229886	0.0528997898	0.0137594732	0.0739443711	-0.0437402254	-0.1077124321	0.0279155193	-0.1058837696	-0.0164798803	-0.1605826101	0.1138158234	0.1296751987	0.1139454669	0.0955712758	0.0136298131	0.0370741671	-0.0786926269	-0.0358848565	0.1374075307	-0.0684566635	0.1307910724	-0.0688893378	-0.0555787436	0.1282045865	-0.0189410943435603	0.0030225934956008	0.0003587650549316	9.136071439648266e-06	0.044707170246184	0.000452294289289	2.045701241234429e-07	0.0019987310714212	-0.2728260061501402	0.0553987450413018	0.0030690209521511	0.0744340296318363	-0.001452834002155	-0.000465842413531	2.1107266378177145e-06	2.1700915424448035e-07	0.0015481595491717	1.5226305220003913e-07	2.318403706527184e-14	2.3967979896915214e-06	-0.0002168755014545	-0.0002121387504682	4.5002849450223016e-08	4.7034983131140826e-08	0.0	0.0	0.0	0.0	0.0	0.0	0.0	0.0	0.0	0.0	0.0
834.1148243960906	5.912770837789367	34.96085898021237	695747.5402773211	887.0017197079129	1.0549911499024347	786772.0507647949	1.1130063263724614	783.2223247181286	-0.0137432676373236	0.0001888774053511	613437.2099368696	789.1386833420521	617.3443506975786	1.376758	22.80448	0.0882056068634807	0.0423060814591826	0.0680876017	-0.0003408195	0.045019015	-0.0054045027	-0.0263455602	0.0163320107	-0.0273437941	-0.1109235993	-0.0094065105	0.1236114918	0.0312400008	0.0422499584	-0.1394864257	0.0952571412	-0.0257753782	0.1388957741	0.0692376272	0.0369219042	0.0811336814	0.0762952931	-0.0232859419	0.0197154336	-0.0577664569	-0.088080301	0.2022522099	0.1607140914	-0.0532546662	0.0361280345	-0.0139720592	-0.0449218703	0.0844292626	0.060690178	0.1029609075	0.031767533	-0.0129799805	0.1102075114	-0.0678076495	0.1068669122	-0.082567539	-0.1497582277	0.0739577248	0.0765620055	0.1067891687	0.058913303	-0.014601162	-0.0090275682	0.0358337743	0.0173087227	-0.0180174539	-0.2113718625	-0.2163598039	-0.0893068345	-0.0039581604	-0.0319711378	0.1118662821	-0.1332898751	0.0408409947	0.1292801936	-0.0677115855	0.0417165887	-0.0410661297	-0.0975244652	0.247364802	-0.194496078	-0.0680368412	-0.1055925122	0.0285183386	0.2931045598	-0.0340126036	0.1070632444	-0.0768421059	-0.2660283285	0.2730642321	-0.1435146854	0.1482450539	-0.0717238087	-0.0494042187	0.1266188352	-0.0310170893456529	-0.0120759950020926	0.0009620598314762	0.0001458296552905	0.0267986711125587	-0.0179084991336253	0.000320714341219	0.000718168773399	-0.303041509647258	-0.0302155034971178	0.0009129766515843	0.0918341565692891	-0.0014536923384347	-8.58336279700115e-07	2.1132214148237462e-06	7.367411690494339e-13	0.0016598307516895	0.0001116712025178	1.2470457471771522e-08	2.7550381242541307e-06	0.0002307071443609	0.0004475826458154	2.003302248351138e-07	5.3225786459161156e-08	0.0	0.0	0.0	0.0	0.0	0.0	0.0	0.0	0.0	0.0	0.0
835.3841294471388	1.2693050510481498	1.6111353126163463	697866.6437321539	898.8844999525282	11.882780244615333	807993.3442549068	141.20046634182043	786.0598981452711	2.8375734271425017	8.051822954425242	617890.163472154	793.9285542036272	640.5901245607149	1.396211	23.126694	0.1709438146221252	0.0788329087410446	0.1569717033	-0.0427305283	-0.0157316948	0.1560414835	-0.0392315554	-0.2593866118	0.0392734948	0.0459118894	-0.0614036186	0.0516179109	0.1504155391	-0.089448793	-0.0643937769	0.1058148665	-0.1345613577	0.0165363793	-0.0929475697	-0.0820450374	0.0887033261	0.0072928362	-0.1706604998	-0.0635313841	0.2342899755	-0.0367345429	-0.1190120362	0.0328212617	0.1150392682	0.0959650214	-0.0561998196	-0.0312556586	0.0294180589	-0.050097226	-0.0702952911	0.1499237685	0.1214809153	0.0566002441	0.101224244	0.0552613703	0.1327292955	-0.001384886	0.0226241551	0.1075707609	-0.1313468821	0.1371078766	0.1190373757	-0.1759580986	-0.0197372733	0.0175052584	-0.1677081513	-0.0838455441	0.0053934804	-0.118636025	0.0242291449	0.0354865886	0.0818031785	-0.1325847719	0.1523733692	0.0087825343	-0.050863493	0.0890502487	-0.1315930718	0.1061820544	-0.0627808014	0.1406927716	0.114172525	0.2688274122	-0.1099629239	0.0595441087	-0.0426277828	-0.0031233845	-0.1251004738	-0.0042153245	-0.1510052752	0.0055992499	-0.2643896236	-0.0745091236	-0.0430942802	0.1242524367	-0.0359303874881931	-0.0049132981425401	0.0012909927450517	2.4140498637488965e-05	0.0694129155762794	0.0426142444637207	0.0018159738312137	0.0048181528487996	-0.3432416236625073	-0.0402001140152493	0.001616049166839	0.1178148122144743	-0.0008679359872819	0.0005857563511528	7.533128780190065e-07	3.431105029158425e-07	0.0009480596453117	-0.0007117711063778	5.066181078742775e-07	8.988170910685465e-07	-0.0001360885581208	-0.0003667957024817	1.345390873590438e-07	1.8520095651398363e-08	0.0	0.0	0.0	0.0	0.0	0.0	0.0	0.0	0.0	0.0	0.0
828.7911194657423	-6.593009981396449	43.467780614793206	686894.7197052784	884.7703101264105	-14.114189826117697	782818.5016811847	199.21035444768424	782.6041756369851	-3.4557225082859304	11.942018054274005	612469.295724445	788.7692672191564	636.7073729003241	1.884604	31.216393	0.1370102397383147	0.0684379670655954	0.0583407896	0.0848011215	0.1396355284	-0.1797963858	0.0374499031	0.0500947982	-0.3224112978	-0.0770099996	-0.0697468985	-0.0120561433	-0.0125481433	-0.1232039699	0.0282305706	0.0532164603	0.1316963375	0.2048642655	0.2465881675	0.1293665312	0.059473396	0.0792312435	-0.241860585	0.0190786383	-0.287613671	-0.0638099282	0.0602361372	-0.2006295681	-0.0369809042	0.0507393166	-0.0734605542	0.008796232	-0.0958726415	0.0676895735	-0.2143912253	0.0192621886	0.0617896232	-0.1691763672	-0.1837955151	0.1341558494	-0.2239851597	-0.0399716197	0.1257525665	-0.0469569443	0.1051037291	0.1169391175	0.2729456231	-0.0857305959	-0.1795473442	-0.0665720445	0.091625363	0.0296222493	0.0211998223	-0.054778629	-0.1094334613	0.0133231236	0.0479128284	-0.3626317895	0.0205471147	0.2020714063	-0.0727939531	-0.1471156302	0.167373714	-0.0898889696	-0.023759751	0.1144390458	-0.1091805723	-0.2899060674	0.2472536395	-0.030344746	-0.0307013274	-0.0697511724	-0.11177878	-0.1887692298	0.0712393078	0.1167082557	-0.1448752442	-0.0772433738	-0.0366662233	0.1211199807	-0.0262840510815323	0.0096463364066607	0.0006908513412565	9.305180607046954e-05	0.0498078980376419	-0.0196050175386375	0.0003843567126902	0.0024808267069281	-0.3813569275686888	-0.0381153039061814	0.0014527763918605	0.1454331062046301	-0.0003019870258738	0.0005659489614081	9.119616379610317e-08	3.202982269189071e-07	0.0001530255103585	-0.0007950341349532	6.32079275740783e-07	2.3416806820479392e-08	-0.0001679770994962	-3.1888541375399985e-05	1.0168790710505966e-09	2.8216305955156277e-08	0.0	0.0	1.0	0.0	0.0	0.0	0.0	0.0	0.0	0.0	0.0
813.3598505038872	-15.431268961855151	238.12406177311425	661554.2464117057	849.2730423397488	-35.49726778666172	721264.7004450128	1260.056020317972	772.390986587062	-10.21318904992313	104.30923056946972	596587.836160935	775.5559495317455	604.6624769088326	2.546798	42.184902	0.4681458035178283	0.2447060392820298	-0.0975191226	0.0952192346	-0.1774700618	-0.0614979555	0.1315220067	0.4022470247	0.0479512118	-0.0159246784	-0.357528176	0.0186010844	-0.493659806	0.0343970816	-0.0941051815	0.3293701764	0.0528431199	0.0620061331	0.3412693488	0.2057613972	0.0574085161	0.1202333048	-0.0018419075	0.1804770621	0.3057989614	0.0205122325	-0.0593695119	0.020812298	0.1524311762	-0.1017531637	-0.0697033675	0.0632155258	-0.0005532032	0.1050575349	-0.0141608064	-0.49546152	-0.0970067612	0.0973858021	-0.0406338723	0.2491421679	-0.034826289	0.4197357143	0.3942849656	-0.014599121	0.1019133368	0.197043115	-0.1037885893	-0.1739370486	0.2169275593	-0.1890075602	0.0044857994	0.0773011533	0.0581005992	0.1160504123	-0.1077660595	0.0313562279	-0.2996752108	-0.5807271271	-0.1189112721	-0.0955096789	0.4298216672	-0.1588195384	-0.050719775	-0.1843674698	0.0432437553	-0.0237802341	-0.1823321884	0.1300133996	-0.0505352453	-0.0118663059	0.1122342777	-0.0412497881	0.1180386269	0.1935661661	-0.1051224114	-0.1181505794	-0.0676952596	-0.0799246852	-0.0301376669	0.1172407796	-0.0756515201283321	-0.0493674690467998	0.0057231524977274	0.0024371470000867	-0.0376283301678768	-0.0874362282055186	0.0076450940028075	0.0014158912312227	-0.1615028529586339	0.2198540746100548	0.0483358141226435	0.0260831715137781	0.0007200522351168	0.0010220392609906	5.184752212966995e-07	1.0445642510062117e-06	-0.0007469498213523	-0.0008999753317108	8.099555976879646e-07	5.579340356182328e-07	0.0001397689409115	0.0003077460404077	9.470762538661773e-08	1.9535356843522376e-08	0.0	0.0	0.0	1.0	0.0	0.0	0.0	0.0	0.0	0.0	0.0
831.5796203583271	18.21976985443996	331.9600135487591	691524.6649952995	896.5587707943387	47.28572845458984	803817.6294882555	2235.940115481208	784.518378980232	12.127392393169998	147.07364625791757	615469.0869577709	791.4641775588792	601.8453554905883	3.237723	53.629326	0.7494205901476546	0.3537654428541321	0.0579539953	-0.2877343238	-0.0520086359	0.1896266295	0.0246455533	-0.3803086	0.6359496781	0.0889546488	-0.1082480851	-0.2793056101	0.070655549	-0.0856149071	-0.2825048955	-0.1762577202	-0.1272690673	-0.0755640768	-0.206896223	0.0064224825	-0.1917053185	-0.0864849236	-0.098125502	-0.1109247015	0.3789494943	0.1398172988	-0.1651150587	-0.1657496328	-0.0154053464	-0.019857214	0.0636955703	0.0577957577	-0.0295992116	0.2982436381	0.0877157743	0.0390706648	0.2288512051	0.4631119361	0.155488438	-0.2910371642	0.5189210451	0.1718126519	0.0370470383	-0.0301864457	0.0278675137	0.0448347249	0.0331896035	0.0170449002	-0.0813742726	-0.0581751076	0.0293466073	0.1766125944	-0.0152336639	-0.2036022706	-0.0069876363	0.1192404892	-0.2070888424	0.0449037315	-0.1389799375	-0.1392254999	0.0439794159	0.0674901952	-0.328555361	0.1570864429	0.0872808122	-0.0950186639	0.2253277195	0.1561053105	0.064656734	-0.09090038	-0.1589099686	-0.0198890056	-0.3364185177	-0.1012657824	0.0887341635	0.0643219292	-0.1143714435	-0.0825512202	-0.0235265052	0.1126387502	-0.0168372146499251	0.0588143054784069	0.0002834917971676	0.0034591225289073	0.0829667835584757	0.1205951137263525	0.0145431814546718	0.0068834871740389	-0.4084939694747191	-0.2469911165160852	0.0610046116378623	0.1668673230972127	-0.0041351329161901	-0.0048551851513069	1.7099324234558842e-05	2.3572822853471003e-05	0.000385235207295	0.0011321850286473	1.2818429390930874e-06	1.4840616493962161e-07	0.0006127998494935	0.000473030908582	2.2375824047391245e-07	3.755236555392562e-07	0.0	0.0	0.0	0.0	1.0	0.0	0.0	0.0	0.0	0.0	0.0
833.6266911050121	2.0470707466849944	4.190498641933461	694933.4601226914	890.737576590644	-5.821194203694631	793413.4303505735	33.88630195712797	785.766787442294	1.2484084620620024	1.558523688148014	617429.4442473833	791.7783631368229	622.1058965420505	1.975734	32.725868	0.1853744828724974	0.091479630471803	0.1012801076	-0.0505781692	0.1141078891	0.0100067434	-0.1488291972	0.0559859464	-0.0872703772	-0.0382391198	0.0862558247	0.1340013402	0.1376354474	0.0405328261	-0.0888201943	0.0475941456	-0.0283513801	0.1370231938	-0.0170985315	0.2316241584	-0.1462320409	-0.1516445003	0.2684301481	0.3417691163	-0.0809528215	0.090603672	0.0959287308	0.0082715535	-0.0576971482	0.2438187742	0.2058643252	0.1542963116	-0.032403185	0.0445596828	0.0088400048	0.154743976	-0.0767089189	0.0536408952	-0.0480001908	0.1745981338	-0.1061431623	-0.1685196327	0.108728632	-0.0875941337	0.2098548577	-0.0772051439	-0.0517689174	0.3039874723	0.2359981845	0.0648331384	-0.0292028317	0.2306539839	-0.0049499552	-0.0841996274	0.1242972761	0.0003668288	-0.2219439444	-0.1039939562	-0.1752619851	-0.0522218873	-0.1708418514	0.004817416	-0.0908683059	-0.113387256	0.0701366295	-0.0432680828	-0.2155924328	-0.0682743748	0.0513569663	-0.2250475378	-0.1532560717	-0.1146324522	-0.1272260835	-0.1587047898	-0.0547264168	0.3514622107	0.2562628515	-0.0851211787	-0.016850859	0.1073422654	0.0198118520228689	0.0366490666727939	0.000392509480576	0.0013431540879868	0.0631342768627121	-0.0198325066957636	0.0003933283218375	0.0039859369149775	-0.3303277530616668	0.0781662164130523	0.0061099573883321	0.1091164244427695	-0.0037680003555375	0.0003671325606525	1.4197826679330728e-05	1.3478631709133497e-07	0.000386064311481	8.291041859999847e-07	6.874137512426972e-13	1.490456525992986e-07	-3.3772347485650986e-05	-0.0006465721969791	4.1805560590644603e-07	1.1405714546915562e-09	0.0	0.0	0.0	0.0	0.0	1.0	0.0	0.0	0.0	0.0	0.0
836.0601690007727	2.433477895760575	5.921814669155316	698996.6061896007	893.5751040140788	2.8375274234347216	798476.4665137717	8.05156187874409	783.8447734485973	-1.922013993696737	3.6941377919660807	614412.6288626827	788.4411689581178	618.1557019189958	1.943156	32.186241	0.5706791882908523	0.3178852561581095	0.0472222602	0.1915645044	-0.0060111412	0.0796286185	-0.2561423141	0.0257598041	0.1317278442	0.2399348733	0.1301923127	-0.1233487119	0.0475006588	0.3235694592	0.1227535469	0.0655714842	-0.0111555098	0.1434841523	-0.0637390255	-0.1185448338	-0.2372285893	0.0623095524	0.0628703313	-0.0250063233	0.0766295717	-0.1944815324	-0.0477929033	0.0942250212	0.00687162	-0.0815152988	0.190366764	-0.1013111525	-0.1375845712	-0.0386664293	-0.1941986763	0.0558026158	-0.3225325169	-0.0389429483	0.1166062349	-0.0416625103	0.223100574	-0.0389046679	0.1589637218	-0.2144068194	-0.100463948	-0.1197564525	-0.2076910672	0.0087595154	-0.0346821065	-0.0933018013	0.0013920279	-0.187536657	0.1155075739	0.2003784845	0.4094827854	-0.025636252	-0.1952034771	0.1061997388	-0.068375796	0.0522360054	-0.1193197073	0.0165958042	-0.1112126501	0.0181127245	0.1193625194	-0.0154031806	0.1375880252	-0.1231009193	0.0591380338	0.2496899182	0.1807082832	-5.6372e-05	-0.0569395543	0.2465826314	-0.0320123907	0.2290017448	-0.2039362137	-0.0876327994	-0.0101290257	0.1013839798	0.1023330553936432	0.0825212033707742	0.0104720542261984	0.0068097490057606	0.1286260871790574	0.0654918103163453	0.0042891772185121	0.0165446703029944	-0.0227828759776116	0.3075448770840552	0.0945838514206466	0.0005190594378112	-0.0025472397254421	0.0012207606300954	6.488430218870344e-06	1.4902565159909187e-06	0.0005547065111877	0.0001686421997067	2.8440191521914488e-08	3.0769931355403e-07	-0.0009467954680771	-0.0009130231205914	8.336112187345477e-07	8.964216583713349e-07	0.0	0.0	0.0	0.0	0.0	0.0	1.0	0.0	0.0	0.0	0.0
833.6936394260493	-2.3665295747233586	5.60046222804032	695045.0844194515	887.6266407436794	-5.948463270399316	787881.053357909	35.38421527928972	786.6831019546047	2.8383285060074286	8.056108708014362	618870.302900919	792.3086082346974	640.9944386473489	1.616583	26.776915	0.1849610049667101	0.0815625325751109	0.0185022116	0.3706252399	-0.0545993342	-0.0435130405	-0.2068222989	0.2036465137	-0.1608375234	0.0836807943	0.3168342129	-0.1065067187	0.1520102657	0.2622783086	0.2734189705	-0.047674176	-0.0339653893	0.201736483	0.2433992385	0.1663444661	-0.1967727544	-0.0413275893	0.0160545338	-0.0674464349	0.035387978	0.0218384132	0.0934301191	-0.0435251548	-0.1006084115	-0.1618451537	-0.1025034511	0.0001262042	0.0169341344	-0.0111686277	0.0596790279	0.1634042073	-0.2900435716	-0.2288015558	0.1354034596	-0.0682302874	-0.0759980364	-0.0591231451	0.2344593942	-0.1876205354	0.117094352	0.0598357101	0.0673720615	0.0842601837	-0.1135008549	0.0318117404	0.1180442407	-0.0175945997	0.0787095455	0.2648741093	0.3540442037	-0.1584571189	-0.1214542036	0.0342803364	0.0282659487	0.1110614202	-0.0559925683	0.058068095	-0.0199496477	-0.1450636599	-0.0395822738	0.210456228	-0.1674537143	0.0225973241	0.1458117567	-0.0218526118	-0.0067022391	0.0567207452	-0.0800159611	-0.1031375517	-0.0826484135	-0.0376249528	0.0655117034	-0.090084361	-0.0033794295	0.0948006283	0.0560767625906208	-0.0462562928030223	0.0031446033026448	0.0021396446238789	0.1025892375649846	-0.0260368496140728	0.0006779175378258	0.0105245516641648	0.0014860692278233	0.0242689452054349	0.0005889817013844	2.208401749883339e-06	-0.0013552715984005	0.0011919681270415	1.8367611054310464e-06	1.4207880158830592e-06	0.0007718984823108	0.0002171919711231	4.717235232033753e-08	5.958272669937165e-07	-0.0005879772193582	0.0003588182487189	1.2875053561369845e-07	3.457172104842008e-07	0.0	0.0	0.0	0.0	0.0	0.0	0.0	1.0	0.0	0.0	0.0
827.8260883853649	-5.867551040684475	34.428155215037464	685296.032611414	883.432307349311	-4.194333394368414	780452.6416685275	17.59243262311406	784.5297936641808	-2.1533082904238654	4.63673659360815	615486.9971467621	790.7286457773538	621.7727781558256	1.645298	27.252546	0.3374686919074428	0.1826813928263695	-0.1260026188	0.3788296346	-0.00076467	-0.0676609807	-0.0321710626	0.137960773	0.005469393	0.0965844638	0.2123844821	-0.1519597396	0.0245593795	0.2922025708	0.2285992988	0.0387823962	-0.1704864227	0.0549055692	0.023271544	0.045935439	0.1762118185	-0.1986280944	0.0728192249	-0.0190168445	0.0760575038	0.1724705773	-0.2040343783	-0.1116860171	-0.1860250274	-0.239422172	-0.0049896409	0.1188359736	-0.0014752447	0.0325395678	-0.0883284561	0.0068964565	-0.2741201636	-0.1556592752	0.2411234522	-0.0848605963	0.1161284809	0.0654234593	0.178799548	0.2822981566	0.0529636309	-0.0850848926	0.0038458506	-0.0055165696	-0.0245335795	0.1518863246	0.1929173203	0.2129267757	0.1441442305	0.3828393064	0.1214273948	-0.2581829949	-0.0862669468	-0.0748420705	-0.0232482734	0.148423508	0.0362619003	-0.1308623681	-0.0844220317	-0.0017497932	-0.1263532757	-0.0836184092	0.2991767765	-0.0828983135	-0.4210586656	-0.0765346101	-0.2272139649	0.0670141397	-0.0330115015	-0.112336152	0.0864088321	-0.2415440384	0.0320545443	-0.0924741833	0.0033794295	0.0876327994	0.0499840917478167	-0.006092670842804	0.0024984094278541	3.712063799875521e-05	0.026293029451395	-0.0762962081135896	0.0058211113725121	0.0006913233977319	0.1157757693257224	0.1142897000978991	0.0130621355484677	0.0134040287629628	0.0013982485376977	0.0027535201360982	1.9550989731737566e-06	7.581873139898251e-06	0.0008230818172141	5.118333490329997e-05	2.619733771823365e-09	6.774636778284652e-07	-0.0005990760054197	-1.1098786061500038e-05	1.2318305203894753e-10	3.588920602696244e-07	0.0	0.0	0.0	0.0	0.0	0.0	0.0	0.0	1.0	0.0	0.0
826.3238421291682	-1.5022462561967131	2.2567438142570406	682811.0920711104	884.411197619968	0.9788902706569615	782183.1664755861	0.9582261619868594	780.8998012658321	-3.6299923983486906	13.176844812069278	609804.4996170162	787.5571276991918	606.6087376235822	1.884368	31.212488	0.4020835756063084	0.1852224831865415	-0.1301145061	0.1698377176	0.0118142157	0.0177010513	0.0396940802	0.0150949486	-0.071749939	0.1280054696	0.1787052901	-0.1175526615	-0.1400480391	0.1259848318	0.1996839537	-0.0879678626	-0.0311683533	0.0734167193	0.0028100219	-0.3089482545	-0.0650670143	-0.2107267627	-0.18630534	0.1296166877	-0.0098811259	0.0416177206	-0.0798427664	0.0311434439	0.1558448944	0.1337399057	0.0954901828	0.1303736291	-0.0008327168	0.1468632586	0.1758661733	-0.1414637248	-0.0649456678	-0.1365172812	0.120167904	-0.1215282246	0.1051072005	-0.0617395304	0.0616326624	-0.1027036412	-0.3742617159	0.042092928	0.1297074241	0.2162829058	0.1768585862	-0.0385653822	-0.0166437082	-0.0172779855	-0.2568870021	0.2796778841	-0.0182807447	0.0022224238	-0.0469649339	0.0003688573	-0.0072107566	0.1105843575	0.0137487951	0.223313287	0.2358615009	0.3670581099	0.0421603815	-0.3510440748	-0.04754982	0.1918462668	-0.0005373727	-0.1366056512	0.2664380931	-0.0537480099	-0.0396512796	-0.1604662177	-0.1086036734	0.0423143327	-0.0068304805	-0.0948006283	0.0101290257	0.0799246852	0.0161586708431258	-0.0338254209046909	0.0002611026434164	0.0011441590993795	-0.0964617486238381	-0.1227547780752331	0.0150687355402997	0.0093048689475685	-0.020254827334071	-0.1360305966597934	0.0185043232276193	0.000410258030333	0.0004239986571924	-0.0009742498805053	1.797748613009583e-07	9.491628296645916e-07	-9.045751186320672e-06	-0.0008321275684004	6.924362900919968e-07	8.182561452482183e-11	-0.0002159978549936	0.0003830781504261	1.467488693338817e-07	4.665507336183625e-08	0.0	0.0	0.0	0.0	0.0	0.0	0.0	0.0	0.0	1.0	0.0
819.4883412724681	-6.835500856700037	46.72407196194694	671561.1414815012	875.6020527309842	-8.809144888983838	766678.9547467132	77.60103367511007	780.3322331284031	-0.5675681374290207	0.3221335906246477	608918.3940591605	786.5553024436315	595.1732159535819	1.648903	27.31226	0.3033772928511914	0.1845658833759672	-0.2472275983	0.1772876415	0.0154307109	0.0844999929	0.1500918757	0.0735045938	-0.0553322232	0.0461678567	0.2498487102	-0.1941007221	-0.1666882561	0.0732422018	0.2623130128	-0.0455105038	-0.0576816361	-0.0610085115	-0.1391067065	-0.1255722491	-0.1761460983	-0.0617306171	0.0037194666	0.1620093705	-0.0280121633	-0.0207048119	-0.0868282135	0.0379807954	0.0155861959	0.2353235771	-0.2331186859	-0.054641234	-0.075945358	-0.0047916853	0.0108317059	-0.1676247949	-0.0781058824	-0.1910978999	0.1757799066	-0.0563863491	0.1250442077	0.0013790418	-0.090766755	-0.0697604351	0.0389831039	-0.2458442768	0.1486017009	-0.0208357658	0.1400171116	0.1330753869	-0.147132891	-0.0274780031	-0.1143478275	0.2983077491	-0.0445184526	0.0481723785	-0.0749263694	0.0302618605	0.0548850137	-0.1739959493	-0.1535556302	0.1111296587	0.0137204727	0.1037960253	-0.1361643093	0.0815154695	-0.0960631064	0.076521032	0.307755416	-0.0448523125	0.0188371576	-0.1637169752	0.1979058484	-0.1287286846	0.1514261976	-0.067630847	-0.1508107502	-0.0970621018	0.016850859	0.0717238087	0.056797761835412	0.0406390909922862	0.0032259857495121	0.0016515357166793	0.0671847837080719	0.16364653233191	0.0267801875442588	0.0045137951619004	-0.0206324557492223	-0.0003776284151513	1.426032199296827e-07	0.0004256982302436	0.0010991121772704	0.000675113520078	1.208047578224079e-06	4.557782649921081e-07	-0.0002870568623056	-0.0002780111111192	7.72901779057763e-08	8.240164219673621e-08	0.000805158336046	0.0010211561910396	1.042759966498504e-06	6.482799461043635e-07	0.0	0.0	0.0	0.0	0.0	0.0	0.0	0.0	0.0	0.0	1.0
817.9489386415183	-1.5394026309497804	2.369760460175106	669040.4662247864	869.8649572584364	-5.737095472547708	756665.0438662214	32.9142644611274	779.1595787279533	-1.172654400449801	1.375118342894282	607089.6491235216	785.4101549642207	566.3255712176682	1.45876	24.162748	0.1999249888852947	0.0914137716411577	-0.2752872691	0.0389735459	0.0869960852	0.0461324481	0.1954680147	0.1502776002	0.0343002551	0.1062597695	0.0811380237	0.0479021588	-0.2334656388	0.1050340579	0.0649986235	-0.0721379008	-0.0432809187	-0.0150618244	-0.0677830399	-0.1414698525	0.1046461772	-0.0451397264	-0.0162567559	-0.1073063415	-0.1286364373	-0.0489430279	0.0930968837	0.1368988159	0.1344461968	-0.0375956193	-0.0401249449	0.2031746457	0.1515476359	0.0670266771	-0.0945972619	-0.242974989	-0.0747241128	-0.0600468442	0.0329345389	-0.020099381	0.0096758833	-0.2142680422	-0.149029079	0.0510137934	-0.1744001846	0.0177153691	0.0117989195	0.0705428822	0.008295454	-0.0633453409	0.0993874398	-0.0613858097	-0.0179395794	0.2371030344	-0.1255831117	0.1614684403	-0.0020603356	0.0973814463	0.1015639207	-0.0597528455	-0.0739593314	-0.0637384871	0.0455037311	-0.0128909869	0.0009955733	-0.0727495311	-0.0231859837	-0.1582131892	-0.0377960578	-0.0035851038	-0.1039733443	-0.1873806811	-0.0813883493	0.0457546136	0.0278626349	-0.0126058545	-0.1581886757	-0.0992570537	0.0235265052	0.063080731	-0.0057941178136502	-0.0625918796490622	3.357180123845857e-05	0.0039177433980026	0.0585542490949819	-0.00863053461309	7.448612770774464e-05	0.0034286000870771	-0.0654093606939199	-0.0447769049446975	0.0020049712164264	0.0042783844663873	0.0003239347238801	-0.0007751774533902	1.0493370533527665e-07	6.009000842446705e-07	0.0002780755083975	0.0005651323707031	3.193745964165061e-07	7.73259883705281e-08	0.0004669547665705	-0.0003382035694755	1.1438165440596937e-07	2.1804675402291015e-07	0.0	0.0	0.0	0.0	0.0	0.0	0.0	0.0	0.0	0.0	0.0
819.964649552573	2.015710911054612	4.063090476944613	672342.0265158737	875.4365401797825	5.571582921346021	766389.1358819479	31.04253624943466	781.0840810139974	1.9245022860441168	3.703709048989032	610092.3416134809	787.0486015916794	575.0827704915213	1.120905	18.566565	0.0988136608690723	0.0436552513393342	-0.2567444909	0.0430830156	-0.0453440245	0.0998568346	0.1710014105	0.0880713633	0.0413516822	0.1634167758	0.1008847171	0.0368010977	-0.1328986522	0.0360292244	0.1494676674	-0.0529323113	-0.0482796846	-0.0984870611	-0.1415633505	-0.0349481005	-0.0504292257	-0.1284586347	0.0906906308	-0.0188057039	-0.1080732777	-0.1734146219	-0.0196685342	0.0458105309	-0.068229279	0.0407010289	-0.0815112216	0.115344123	0.1582776511	-0.0618176449	-0.1139322841	-0.1427699981	-0.0402463749	-0.0672750187	0.1049523739	-0.0151912224	0.0471912753	-0.0530094254	-0.1660265564	-0.0311000372	-0.0107130708	-0.1004833072	0.0990556656	0.0799894201	0.0607929956	0.0410591505	-0.0917059569	-0.1323728208	0.115723438	0.2094990878	-0.0629843462	0.1418863567	-0.0202478904	0.1144944626	0.1641775166	-0.1826597644	-0.0646859136	0.0377527168	0.032904459	-0.0957262292	-0.0040882688	-0.0358474265	-0.0364511933	-0.0190983351	0.0811173543	-0.0034424078	0.0765628741	0.0046619477	0.0275731343	0.0353234821	-0.0452304595	-0.1579029814	0.0324258765	-0.1013839798	0.0301376669	0.0540487397	-0.0147996629861779	-0.0090055451725277	0.0002190300245044	8.109984385443697e-05	0.0692319311849587	0.0106776820899767	0.0001140128948146	0.0047930602955988	-0.0951503398614477	-0.0297409791675278	0.0008845258418433	0.009053587175749	-0.0002560841154018	-0.0005800188392819	6.557907416112242e-08	3.364218539219226e-07	0.0005349596240269	0.0002568841156294	6.598944886269896e-08	2.861817993390022e-07	0.000316068632701	-0.0001508861338695	2.2766625394084677e-08	9.989938057747967e-08	0.0	0.0	0.0	0.0	0.0	0.0	0.0	0.0	0.0	0.0	0.0
822.3466581359982	2.382008583425204	5.673964891511347	676254.0261474443	877.7857646094428	2.349224429660353	770507.8485509842	5.518855420913011	782.2540977709222	1.1700167569247242	1.368939211484649	611921.4734793995	789.0284001620187	583.6228904916605	1.209101	20.027426	0.188115330053152	0.1032749718840865	-0.1820258987	-0.0179415401	0.1253522827	0.0483446561	0.139924423	0.0483506743	0.0194171113	0.1035100654	0.0273763082	0.0687131083	-0.060013003	-0.0210795506	0.1037956763	0.0741734024	0.0271485659	-0.0831635959	-0.1122662454	0.0901878238	0.1226891174	-0.0739096671	0.0368230718	-0.0235945249	-0.0774277978	-0.0931589445	0.0439161736	-0.0036778023	-0.0963373312	-0.0988389283	0.0628741574	0.1248799048	0.0981633925	-0.0681574727	0.083055545	-0.0570258992	-0.0091282765	-0.1179406116	0.016781425	0.0455242845	0.0453848272	-0.0457548367	-0.1853488806	0.1383741504	0.0747556267	0.0041113055	0.0084936898	0.0718037789	0.0295460439	-0.1158431625	0.0934601612	-0.0798450722	0.0462201285	0.1157325887	-0.0940031969	0.2054568614	0.0369368945	0.048903645	0.1121235368	-0.049682733	-0.082682205	-0.1160264378	0.0482726311	-0.0727268548	-0.0016228343	-0.054266645	-0.0082518494	-0.1304911923	-0.0590975762	-0.0066784453	-0.0246826499	-0.1188190646	-0.0869442314	0.028690094	-0.006370687	-0.0408153504	0.0516722016	-0.1034414224	0.0366662233	0.0446835199	-0.0276914196724362	-0.0128917566862583	0.0007668147234749	0.0001661973904576	0.0749778258154236	0.0057458946304649	3.301530510440541e-05	0.005621674364008	-0.1959405722624865	-0.1007902324010388	0.0101586709474554	0.0383927078585507	-0.0009399846256287	-0.0006839005102269	8.835710964183274e-07	4.677199078886143e-07	0.0002720519690098	-0.0002629076550171	6.912043506659049e-08	7.401227384210918e-08	-0.0001108721287628	-0.0004269407614638	1.8227841379928938e-07	1.2292628936394904e-08	0.0	0.0	0.0	0.0	0.0	0.0	0.0	0.0	0.0	0.0	0.0
823.6169554226199	1.2702972866217124	1.6136551963984849	678344.8892596258	880.0606517367893	2.27488712734646	774506.7507353823	5.17511144216663	782.9420146595348	0.6879168886126763	0.4732296456385453	612998.1983191313	789.8187396507886	577.9912130452077	1.20361	19.936481	0.0736244051014602	0.0389865820179373	-0.1835791259	-0.0830101068	-0.1435331462	-0.0545141303	0.0916564855	0.0608140721	0.0297136572	0.0137811419	0.0225649591	-0.0996067517	-0.0329560774	-0.0061219443	0.0857357792	-0.1166991973	-0.0755334656	-0.1947640684	0.0717003183	0.125837907	0.0787312524	-0.1303868598	-0.0177951033	-0.0324082507	0.0657543389	-0.1066093358	0.1583034837	0.0921262493	0.0630307054	-0.0415408971	0.0832837557	-0.1081190864	-0.0666552426	0.0318457506	0.0611981825	-0.0415036021	0.0136377516	-0.0701277715	0.0853457398	-0.1332602224	-0.0536631362	0.0135726144	-0.1599254257	0.0410056854	0.0466634848	0.2274605037	-0.0226326038	0.0714518558	0.1366748096	-0.0158382519	-0.0010015643	-0.108828475	0.2064632839	0.096460173	-0.012479294	0.2082410141	-0.0079562303	0.1244145353	0.0696034813	-0.0900506158	0.0832019792	0.0321994201	0.0086002624	-0.2247331818	-0.0754267614	-0.0701587519	-0.0118853583	0.0811849902	-0.0658981472	0.0080087967	0.0175429044	0.0857202309	0.0017898474	-0.0400866885	-0.0532312873	0.0731677075	0.15961294	-0.1054279714	0.0430942802	0.0350428114	-0.0315874416115491	-0.0038960219391128	0.000997766467563	1.5178986950049026e-05	0.0812665943497705	0.0062887685343469	3.954860967859166e-05	0.0066042593572101	-0.205384720203952	-0.0094441479414654	8.919193034028657e-05	0.0421828832932556	-0.0015430354143642	-0.0006030507887354	2.3809582899820982e-06	3.636702537945086e-07	0.0002347465062761	-3.730546273370003e-05	1.3916975497754814e-09	5.510592220883505e-08	0.0003286809534987	0.0004395530822615	1.9320691212558499e-07	1.080311691928146e-07	0.0	0.0	0.0	0.0	0.0	0.0	0.0	0.0	0.0	0.0	0.0
827.0402845149092	3.4233290922893502	11.719182074114627	683995.6322105019	882.9135106192695	2.8528588824801773	779536.2672340429	8.138803803346045	781.894394013376	-1.0476206461588615	1.097509018258311	611358.8433895444	788.1544960395898	589.3043539060366	1.147536	19.007677	0.1411975704523215	0.0814978595887199	-0.1231768414	-0.0125351415	-0.0358579034	0.1074066823	0.0748339239	0.0461092213	0.0437581193	0.0159533404	0.0771440276	0.077623789	-0.0815991835	0.0591334706	-0.073770844	0.1102004244	-0.0831154863	-0.0917062034	-0.0163250818	0.0324603077	0.0832616521	-0.1572292466	-0.0426919942	-0.037358863	-0.0159411517	-0.0509252722	0.1171011507	-0.0622448415	-0.1301145053	-0.0653649842	-0.0242736478	0.0065809662	-0.0504761614	-0.0990947582	0.0543638787	-0.0865361349	-0.0312637343	0.0374189203	0.0989151442	0.1011767627	-0.0037827798	-0.0641099702	-0.1337264382	0.1055349645	-0.0127244181	0.0111756067	0.0649585945	-0.0585032267	-0.0785750124	-0.0069477702	0.2528007565	-0.0475646449	0.1007060884	0.0884055214	-0.0444907484	0.1874430217	0.1004304933	-0.0112973433	0.1018052338	-0.0383893885	-0.0045709432	0.0019143825	-0.0169128556	0.0100455146	0.027680583	0.0031875396	0.0549030316	-0.1207288111	-0.1275271776	0.0386372058	0.1065909928	0.0071600455	-0.1368710514	0.1007554577	-0.1090440994	-0.0150492987	0.1057011717	-0.1073422654	0.0494042187	0.0251860523	-0.0206076108919859	0.0109798307195631	0.0004246736266754	0.0001205566826302	0.0466047790825285	-0.034661815267242	0.0012014414376204	0.0021720054333312	-0.2670851328127384	-0.0617004126087863	0.0038069409160944	0.0713344681695981	-0.0011020766276227	0.0004409587867415	1.2145728931522233e-06	1.944446516045357e-07	0.0004708193560254	0.0002360728497493	5.573039038875559e-08	2.2167086600817243e-07	0.0003287595541425	7.860064379997802e-08	6.178061205771024e-15	1.0808284443997537e-07	0.0	0.0	0.0	0.0	0.0	0.0	0.0	0.0	0.0	0.0	0.0
829.3147019674863	2.2744174525770404	5.172974748587034	687762.8748994205	890.4017405192058	7.4882298999363	792815.259519631	56.07358703430001	782.4314622358843	0.5370682225083101	0.2884422756282357	612198.993096584	789.12835068838	603.8888123971607	1.142031	18.916481	0.1373430493657934	0.0678355918451079	-0.0502352318	-0.0377872106	0.1388519621	-0.0343297044	-0.0261175032	-0.0458230368	-0.0188561155	0.1455298931	-0.087195465	-0.0460953083	-0.0320747552	0.0587481127	-0.1208641831	-0.0062582881	0.1401950648	-0.0547717693	-0.0768411407	-0.0075720748	0.0338613924	-0.0972664134	-0.0745520538	0.0545857055	-0.0749480214	-0.0142335193	0.0447575681	-0.0004145281	-0.0413941994	0.1543316878	0.0615776363	-0.0776803211	0.0115776708	-0.0064213424	0.0942294315	-0.0362438577	-0.0297226578	0.0395270549	-0.1529312173	0.0329363751	0.1047879825	-0.0802295665	-0.1590493664	0.0505359438	0.014548932	0.0508437829	0.1707604917	0.0262176269	0.0445787119	0.0682710526	-0.0356664559	0.0294267623	0.015631874	0.0215268451	-0.0217011382	0.2049951922	0.1073048021	0.002432489	-0.0416876944	-0.0012768335	-0.0326836541	-0.1397843817	-0.0218036261	-0.0099583632	0.0034495743	-0.003551401	0.1126656256	0.1736324908	-0.0357107622	-0.0240942308	0.0881082216	-0.0239591791	-0.0605451073	0.0218701541	0.0505451104	0.1213744379	0.0741915582	-0.1091829923	0.0555787436	0.0151740128	-0.0200461564367344	0.0005614544552514	0.000401848387886	3.152311053217576e-07	0.0930421802125494	0.0464374011300209	0.0021564322237104	0.0086568472987045	-0.3021948000599082	-0.0351096672471697	0.0012326887342069	0.0913216971832478	-0.001858009004551	-0.0007559323769283	3.4521974609925984e-06	5.714337584884697e-07	0.0003979511479164	-7.2868208109e-05	5.309775753016533e-09	1.5836511612798048e-07	5.286960851277498e-05	-0.0002758899456297	7.611526209957263e-08	2.795195504294088e-09	0.0	0.0	0.0	0.0	0.0	0.0	0.0	0.0	0.0	0.0	0.0
832.4280370225422	3.113335055055927	9.692855165040092	692936.4368212029	889.1817529466417	-1.2199875725640368	790644.1897732626	1.488369677210691	784.0808211817886	1.6493589459042823	2.7203849324344853	614782.7341451079	789.1654948843827	612.5144065331975	0.9758	16.163052	0.0741643421788566	0.0326693363309956	-0.0184929642	0.0391805319	-0.0019258233	-0.072948253	-0.1063069211	0.0884075118	0.0593292615	-0.0055040965	-0.0345293435	-0.0901706999	0.0245972895	0.1078443043	-0.1100193709	-0.057735562	0.0279483721	-0.0610327467	-0.1001758126	0.0620955465	0.1113619911	0.004873421	-0.1089937325	0.0945243518	-0.0052045078	-0.1074691149	-0.0562588838	0.0818113219	0.0555397961	0.0293266849	-0.1037624685	-0.1002414068	0.0737723773	-0.0304241409	-0.1361245199	0.0049838997	-0.1117940857	0.1021476724	-0.0822383756	-0.0725808627	-0.0150521863	-0.0196887888	-0.101582276	0.0340982621	0.0756537892	0.0420438381	0.1377873861	-0.1298042488	0.1298699158	-0.0574178465	0.0006738864	-0.0829374722	-0.027783443	0.0377972717	0.0309313244	0.1876266938	0.165509777	-0.0276651326	-0.0701216433	0.0368034198	0.0341109311	-0.0142468198	0.0266424417	-0.0714570913	0.0174816305	0.0182006392	0.016078896	0.0869150102	-0.0510301541	0.0810645972	-0.0481475004	0.0586252088	0.0448244511	-0.0343059958	0.0424842024	0.0096467878	0.102135141	-0.1109488906	0.0616009311	0.0050684204	-0.0329311478363507	-0.0128849913996162	0.0010844604978195	0.0001660230033681	0.0717879107263712	-0.0212542694861782	0.000451743971391	0.0051535041264574	-0.315823190546169	-0.0136283904862608	0.000185733027246	0.0997442876867617	-0.0022019898505153	-0.0003439808459642	4.848759301772392e-06	1.1832282239031529e-07	0.0004760587324657	7.810758454929997e-05	6.100794764126044e-09	2.266319167568489e-07	-5.2975777109652046e-05	-0.0001058453856224	1.1203245657560284e-08	2.8064329603715333e-09	0.0	0.0	0.0	0.0	0.0	0.0	0.0	0.0	0.0	0.0	0.0
834.4890537522832	2.061016729741027	4.247789960272398	696371.980832381	893.2671331193712	4.085380172729515	797926.1711113005	16.690331155731442	784.8923914129084	0.8115702311198447	0.6586462400399182	616056.0660978742	790.4939623477637	625.1135434561913	0.734191	12.161071	0.0342562457489109	0.0157447362236078	0.0316613379	0.0733092073	0.043314182	-0.0493602299	-0.1578901092	0.0387649262	0.0553765908	-0.0045007766	-0.0367858715	-0.0214063555	0.0725884615	0.131345797	-0.0629263423	-0.0061332465	0.0931782346	-0.0591767585	-0.1040898368	0.0404438952	0.1401214654	0.0383205734	-0.153116621	0.0954236554	-0.0227025805	-0.1424085769	-0.0450767399	0.1394651137	0.102057214	0.045329894	0.0750059472	0.0397061737	-0.0378584847	0.0020300418	0.0162467007	0.0562818705	-0.1424308371	0.0570158426	-0.0950471323	-0.0533294235	0.0349663292	0.0050202961	-0.1173048627	0.0922369441	0.0426935457	-0.0171362943	0.1129366235	-0.1105701314	0.1328528862	-0.1566584626	0.0237298962	-0.1511011267	-0.0920148051	0.0349150324	0.0502809772	0.1744681939	0.1910328699	-0.0590503131	-0.0581071119	0.0385784375	-0.0183031728	-0.0172407876	0.0474614729	-0.0546806255	0.0546492846	0.0116030883	0.0587462481	0.1126311477	-0.0420543893	0.0469814679	0.0116823807	0.0802831975	0.027543071	0.0367530327	0.0884561462	0.0098256183	0.0838484883	-0.1126387502	0.0674542747	-0.0050684204	-0.0223657571400508	0.0105653906962998	0.0005002270924477	0.0001116274805654	0.0672643108138828	-0.0045235999124883	2.0462956168265003e-05	0.0045244875092666	-0.3260649041352508	-0.0102417135890818	0.0001048926972407	0.1063183217087302	-0.002308997376975	-0.0001070075264597	5.33146888687743e-06	1.1450610719023431e-08	0.0004325299309411	-4.352880152459998e-05	1.8947565621680182e-09	1.8708214115991277e-07	-2.500127407313504e-05	2.797450303651701e-05	7.825728201400991e-10	6.250637052800144e-10	0.0	0.0	0.0	0.0	0.0	0.0	0.0	0.0	0.0	0.0	0.0
834.1497329940246	-0.3393207582586228	0.1151385769852067	695805.7770540025	892.4716060638427	-0.7955270555285097	796505.5676301749	0.6328632960778605	784.8218782367128	-0.0705131761956181	0.0049721080171942	615945.3805590016	790.1538195097538	629.7653730479949	0.7757119999999998	12.848811	0.0542188814926998	0.0286733970789957	0.0434394293	0.0972211197	0.095724443	-0.0205076114	-0.1565230266	0.0296139632	0.0138969415	0.0196874735	-0.0203502463	0.0140424662	0.063753045	0.114561102	0.0033056216	0.0098349821	0.160377709	-0.1059238793	-0.1352817058	0.1138318355	0.0943595931	0.0369853347	-0.0542030017	0.1096998198	-0.0941608839	-0.0774097044	-0.0303183594	-0.0148590114	-0.0065533481	-0.1299311268	0.024449487	-0.0761137494	-0.0469797901	0.0344647993	0.0337520865	0.0533928787	-0.1379454339	0.013869405	-0.1079660349	-0.0094960264	0.0415400148	0.052103489	-0.1506289015	0.0723167227	0.0987357676	-0.0535583573	0.0423759219	-0.0536357843	0.1445846911	-0.1472911274	0.1222595099	-0.0366057153	-0.01924196	0.0468075277	0.061235392	0.1766210902	0.1856749702	-0.051913345	-0.057324224	0.061964812	-0.026510035	-0.0176849085	0.0459307844	0.0030457995	-0.0319170264	0.0678344459	-0.0229755947	0.0292918515	-0.0533121351	0.0176944998	-0.0322755978	0.0065773152	0.0650692275	-0.040106321	0.0368980586	0.0800031795	0.0917135754	-0.1142514127	0.0731227308	-0.0151740128	-0.0113082001210642	0.0110575570189866	0.000127875389978	0.0001222695672281	0.0918210002120076	0.0245566893981248	0.0006030309941959	0.0084310960799335	-0.3354442070459953	-0.0093793029107445	8.797132309150051e-05	0.1125228160407165	-0.0022349835306718	7.401384630319977e-05	4.995151382374185e-06	5.4780494445936786e-09	0.0003881025647323	-4.442736620879998e-05	1.9737908682508224e-09	1.5062360075178917e-07	-9.106670485801344e-05	-6.60654307848784e-05	4.364641144791559e-09	8.293144733696529e-09	0.0	0.0	0.0	0.0	0.0	0.0	0.0	0.0	0.0	0.0	0.0
833.5567994270342	-0.5929335669903821	0.3515702148639379	694816.9378710409	891.5037092844645	-0.9678967793781794	794778.8636679591	0.936824175530652	784.2208231608073	-0.6010550759054922	0.361267204271757	615002.2994790142	790.4283407380226	626.9843386938812	0.847395	14.036174	0.0801122124695496	0.0391114553070794	0.0308382736	0.074837915	0.0918256413	0.074724198	-0.1248535707	0.0187386565	0.0076759992	0.0991385121	-0.0025826405	0.058766083	0.0298905118	0.1236690203	-0.0356804327	0.0968598083	0.0723242759	-0.1023322286	-0.2038140584	0.0509428979	0.0877751645	0.0002868923	-0.0540506781	0.0607446008	-0.0571389764	0.0087970479	0.0812535988	-0.00987686	0.0357858943	-0.1776731147	-0.0102985339	-0.0891360037	-0.0114531157	0.027271401	0.1554738649	0.0379860875	-0.1290096749	0.0449660933	-0.0660768996	0.0788166006	0.073016574	-0.0232972468	-0.1369334043	0.0448281268	0.0670400778	0.0567673215	-0.0456855701	-0.0614924187	0.2112216573	-0.0424267308	-0.064928569	0.0690003328	-0.0065603477	0.0255382451	0.0586644502	0.1623090839	0.177037858	-0.064020513	0.0027233971	0.0013991908	-0.0209467494	-0.0035967487	-0.0502329758	0.061086226	0.0437353533	0.0568403659	-0.0616704622	-0.0143790197	-0.0584686485	0.0093908107	-0.0692889464	0.0776332494	0.0937382886	0.0579715942	0.0824055067	0.0933556942	0.0070899894	-0.1157857731	0.0785907625	-0.0251860523	-0.0149262200308584	-0.0036180199097942	0.0002227920444095	1.3090068067667232e-05	0.0852999436138901	-0.0065210565981175	4.2524179155851925e-05	0.0072760803805328	-0.3574308631821026	-0.0219866561361072	0.0004834130480474	0.1277568219551029	-0.0020311186488099	0.0002038648818619	4.125442965543354e-06	4.15608900565665e-08	0.0007231661111883	0.000335063546456	1.1226758016367209e-07	5.229692243712087e-07	0.0003297344633347	0.0004208011681927	1.7707362315235235e-07	1.0872481631062265e-07	0.0	0.0	0.0	0.0	0.0	0.0	0.0	0.0	0.0	0.0	0.0
835.3850298169644	1.8282303899302408	3.34242635866448	697868.1480422906	889.1259883032905	-2.377720981174093	790545.023076303	5.653557064315492	784.4244056470467	0.2035824862393838	0.0414458287034088	615321.6481747224	789.556700374377	630.7079697110237	0.940219	15.573689	0.1007498361901727	0.0592221579602141	0.0575848812	0.0518489163	-0.0704073056	0.1741197546	-0.1368699396	0.0640008399	0.112615995	0.0778052165	0.0990053286	0.1316490709	0.0264044923	0.0990199972	-0.0958548887	0.1177529297	-0.0496034163	-0.1288050269	-0.0803043741	-0.0167854639	-0.1055460623	0.1232519161	-0.0742803434	0.0652418575	-0.1710272378	0.0321103663	0.0001514095	-0.0764261321	0.0728718501	-0.0119766401	0.1259392507	-0.1808531006	0.1681247235	0.1762822457	0.0088420564	0.024873085	-0.1279444182	0.1257577497	0.0272876209	0.1367366043	-0.0151055041	-0.0458484022	-0.1132084621	-0.1391755987	-0.0256605432	0.1358499287	-0.0195390852	-0.0891738545	0.085068633	-0.0069588748	-0.2299487191	0.1349886854	-0.0065906491	-0.0045670452	0.05960786	0.1300009188	0.1583152287	-0.0674816262	0.017712554	-0.0407871921	0.0604222123	0.1177212515	-0.1251381774	0.1112254411	0.0035913341	0.0301547388	-0.0422938056	-0.0949063631	-0.0710162184	-0.0008695917	-0.1080192293	0.0663909397	0.0732348562	0.0519434311	-0.0417698913	0.1003257617	-0.0496313548	-0.1172407796	0.0838433825	-0.0350428114	-0.0160600017148624	-0.0011337816840039	0.0002579236550813	1.2854609069829454e-06	0.0777208606502029	-0.0075790829636872	5.744249857045356e-05	0.0060405321802082	-0.4018422756658992	-0.0444114124837966	0.0019723735588059	0.1614772145123485	-0.0029831280099721	-0.0009520093611621	8.899052723880101e-06	9.063218237404596e-07	0.0007230090415017	-1.570696866000018e-07	2.4670886448622788e-14	5.22742074093207e-07	0.0003300792136596	3.44750324899972e-07	1.1885278651863622e-13	1.0895228729013986e-07	0.0	0.0	0.0	0.0	0.0	0.0	0.0	0.0	0.0	0.0	0.0
835.478885489094	0.0938556721295071	0.0088088871908815	698024.9680980985	888.7196926116943	-0.4062956915961422	789822.6920358244	0.1650761890095875	784.9074136445016	0.4830079974549335	0.233296725605425	616079.6479941008	790.5382966478631	641.3676896961457	0.952374	15.775023	0.1142540951026227	0.0532167428103722	0.1041566649	0.0369092317	-0.1534254349	0.082520352	-0.1235453803	0.0446488275	0.1117305099	0.0109781169	0.0236408638	0.0865372012	0.0475970383	0.0908802249	-0.056070702	-0.0011273097	-0.0159363201	-0.1344601356	-0.0175789338	0.0292015057	-0.046540681	0.1083005819	-0.1004814074	-0.0672603029	-0.0237818064	-0.1050543732	0.0724931971	-0.1267310467	-0.0269211083	-0.0556939377	-0.0562002089	-0.078311098	0.061220264	0.2054931456	-0.0126396043	0.037765022	-0.095290062	0.0979429772	0.0267164993	0.0520390144	-0.0557490729	-0.0235191439	-0.1455955286	-0.1458511965	-0.0668964569	0.0561125696	0.0704517055	-0.1493821666	-0.0706958513	-0.0717752635	-0.0961867336	0.1148514143	0.2229754626	-0.0390893617	0.0727611753	0.0807866286	0.1040504474	-0.0584390224	-0.0564311738	-0.024127901	0.0847739484	0.1581085425	-0.0717226898	0.0762985914	-0.0698944769	0.0998343374	-0.0285377781	-0.0981328946	0.0253376502	-0.0476770148	-0.0505778697	0.1896648019	0.0234085779	0.0547190068	0.0172601894	0.0398845883	-0.0807375432	-0.1186154352	0.0888661936	-0.0446835199	0.0003881018841127	0.0164481035989751	1.5062307245182766e-07	0.0002705401120026	0.0808578141423908	0.0031369534921878	9.840477212149858e-06	0.0065379861078854	-0.4442481088819789	-0.0424058332160797	0.0017982546907499	0.1973563822452146	-0.0035121174139234	-0.0005289894039513	1.233496872918399e-05	2.798297894927517e-07	0.0011091531410001	0.0003861440994983	1.4910726557743016e-07	1.2302206901903876e-06	0.0001999486212017	-0.0001301305924579	1.6933971093444058e-08	3.997945112046092e-08	0.0	0.0	0.0	0.0	0.0	0.0	0.0	0.0	0.0	0.0	0.0
835.1355404667436	-0.3433450223503769	0.1178858043727808	697451.3709506799	890.9030709584554	2.18337834676106	793708.2818432066	4.76714100510506	785.7933662183357	0.8859525738340608	0.7849119630831969	617471.2143927434	791.808372858364	645.9424451495529	0.894447	14.815528	0.0601918604578088	0.0392463987298805	0.11002398	0.033247831	-0.1529683675	-0.026734358	-0.1016161565	0.0288298516	0.0227405125	-0.1230614909	-0.0031644527	0.0235390487	0.0823867053	0.0048225451	0.0197325871	-0.08273752	0.0009128323	-0.1111868224	0.0493752881	0.0505725331	-0.1216312301	0.0586785693	-0.1446015122	0.1153371321	-0.0864217385	-0.0254100524	-0.017826093	-0.1300957563	-0.0016081938	0.0251177405	-0.0896516771	0.0357246725	-0.1522026924	0.0818706008	-0.107927233	0.0758499223	-0.0300183217	0.0175235092	0.0018102625	-0.0463414239	-0.132466304	0.0650900081	-0.0618148625	-0.1165048357	-0.0657952361	-0.0350377897	0.1073139298	-0.0212905958	-0.0425767706	-0.1254981945	-0.019355153	0.2340768452	0.0542463735	-0.0449687821	0.0711223405	0.048331703	0.0743770599	-0.0119526804	-0.1324508334	-0.003596212	0.0889558717	0.1113281881	0.0064578798	0.0247764193	-0.1390607206	0.0512036675	0.0139907025	-0.0363422132	0.0423813895	-0.0490543093	-0.0608716928	0.1195680685	-0.012016034	0.0552097562	0.0269518271	0.0049243548	-0.0481569686	-0.1199087977	0.0936454286	-0.0540487397	-0.0075003432795313	-0.007888445163644	5.625514931081033e-05	6.222756709981841e-05	0.0837259036814117	0.0028680895390209	8.225937603841128e-06	0.007010026947269	-0.4439014153081331	0.0003466935738458	1.2019643414598238e-07	0.1970484665125636	-0.0042000042864362	-0.0006878868725127	1.764003600608245e-05	4.731883493754409e-07	0.0010340445392091	-7.510860179100001e-05	5.641302062999009e-09	1.0692481090681597e-06	-1.8828548120462023e-05	-0.0002187771693221	4.7863449816617964e-08	3.54514224324554e-10	0.0	0.0	0.0	0.0	0.0	0.0	0.0	0.0	0.0	0.0	0.0
833.3343970531669	-1.8011434135767104	3.244117596270765	694446.2173119652	894.7707491132949	3.867678154839496	800614.6934687669	14.958934309422643	785.2259264396898	-0.5674397786458485	0.3219879023896495	616579.7555530692	791.3467416673104	644.4045846151649	0.8965929999999999	14.851069	0.0804890863779912	0.0354733220486856	0.0991307177	-0.008086109	0.0034025385	-0.1039774545	-0.0404632231	-0.0440439882	-0.0658910454	-0.1095758049	0.0045402874	-0.0344533494	0.0628086989	-0.0413801298	-0.0022437142	-0.0485008951	0.0861441583	0.006939871	0.0121544944	0.0278687491	-0.1155561544	0.0440041647	-0.0633261764	0.1291862591	0.074346176	0.0954319118	-0.0425926676	-0.1018155428	0.0177665125	0.0872917837	-0.101932011	0.1589395848	0.0195602528	-0.1639582612	-0.0708178787	0.0527648274	0.0327693586	-0.0372887872	-0.0835939419	-0.0368005044	-0.0478745456	0.0672719494	-0.0067953238	-0.0450316608	-0.0124655478	-0.1602080196	0.1220142356	-0.0293455494	-0.0745719095	-0.06108357	0.0096576462	0.2109774658	-0.1495719649	-0.0634620957	0.0394053975	0.0149972173	0.0211262184	0.0092292115	-0.1678847871	-0.0111092683	-0.0170738457	-0.0171891899	0.0270914905	0.0486394876	-0.0988975765	0.0332966912	0.0003853186	0.0209892837	0.065333165	-0.1094979443	-0.0412375799	0.1402304138	-0.0171235318	0.0846608455	0.0344324421	-0.1238055112	-0.0003013607	-0.1211199807	0.098167988	-0.063080731	0.0004617648779969	0.0079621081575282	2.1322680255149199e-07	6.33951663121771e-05	0.0726936895198093	-0.0110322141616023	0.0001217097493074	0.0052843724960024	-0.4652980685757768	-0.0213966532676437	0.0004578167710557	0.2165022926203483	-0.0047319536633747	-0.0005319493769385	2.239138547232525e-05	2.829701396252591e-07	0.0012152609180269	0.0001812163788178	3.2839375951836444e-08	1.476859098883584e-06	-0.0001076250081885	-8.879646006803797e-05	7.884811320614661e-09	1.1583142387574693e-08	0.0	0.0	0.0	0.0	0.0	0.0	0.0	0.0	0.0	0.0	0.0
832.7002817266269	-0.6341153265399271	0.4021022473528383	693389.7591876038	893.6280042860243	-1.142744827270576	798571.0100442227	1.3058657402536586	784.7864029393052	-0.4395235003846665	0.1931809073903899	615889.6982384134	790.8162139079126	640.382522492015	0.8057809999999999	13.346879	0.0332054374039706	0.0173890090745301	0.0788611171	-0.013663198	0.1006940632	-0.0582931645	-0.0258078414	-0.0514982712	-0.0873922711	-0.027684562	-0.0390819165	-0.0236281155	0.0347057001	-0.0458180554	-0.0475555399	0.0243224108	0.1452855408	0.0393893042	0.0188112312	0.0515189881	-0.0439565288	-0.0904590542	0.006380322	0.1054149682	0.0499825905	0.0152092501	0.1191473773	-0.1370579229	0.0275079205	0.0582730569	-0.0247016573	-0.009639317	-0.1430078119	-0.1267150074	-0.0311172632	0.0309585754	0.0164863797	-0.0157470393	-0.131068693	0.0445064252	-0.0172662204	0.0506748591	-0.003805792	0.0274000279	0.0268774942	-0.0832716339	0.0758650195	0.0878222872	-0.0074147315	-0.0038053275	-0.0075123064	0.1023071952	-0.0675907531	-0.0579032441	0.0137401523	0.0071632681	0.0161540046	0.0027852278	-0.1459755502	-0.0124158373	-0.0303270494	-0.0753955308	0.0253059216	0.0613620111	-0.0671716032	-0.0152004786	-0.060472256	0.0016252745	0.022597854	-0.0793894977	-0.0156065456	0.0700692313	-0.0102784325	0.0098999213	-0.0045623584	-0.0856615379	0.0272105473	-0.1222481541	0.1024214758	-0.0717238087	-0.01241752316119	-0.0128792880391869	0.0001541948814586	0.0001658760603963	0.0660586081268377	-0.0066350813929716	4.402430509135796e-05	0.0043637397076551	-0.4652668715603596	3.119701541720588e-05	9.732537709413811e-10	0.2164732617715641	-0.004871939468758	-0.0001399858053832	2.3735794187241984e-05	1.9596025708811024e-08	0.0013258262562887	0.0001105653382617	1.2224694024946216e-08	1.7578152618645093e-06	-0.0001302712836713	-2.26462754828e-05	5.128537932428682e-10	1.6970607349368312e-08	0.0	0.0	0.0	0.0	0.0	0.0	0.0	0.0	0.0	0.0	0.0
833.1355606590358	0.4352789324088917	0.1894677489990245	694114.862434646	890.3255638546414	-3.3024404313829336	792679.6096530851	10.906112802832697	784.7166054465554	-0.0697974927497853	0.0048716899941563	615780.1508635648	790.9924845150188	639.7794393346944	0.8358139999999998	13.844341	0.0519563884588569	0.0263573882769199	0.0850421676	-0.0153369939	0.1022629638	0.0815057429	-0.0203774782	-0.0709205172	-0.0481739538	0.0847944041	-0.0040087411	0.0829752807	0.0387923674	-0.0537753441	-0.0210155405	0.1214297797	0.0719511728	0.039264231	-0.0462298562	0.0323361357	-0.0908709237	-0.0649570505	0.0108865494	-0.1004746917	0.1460185918	-0.0514013609	0.1062051958	-0.1069419715	0.0648564641	0.0130575566	-0.0790296895	-0.0423799241	0.0269083214	-0.1002810842	0.1003605356	0.0519113775	0.0461936488	0.0114268423	-0.0447987459	0.1251968591	0.0874414917	0.0664283962	0.0177974445	-0.0746189446	0.0578464922	-0.016573798	0.0450640303	0.0816430645	-0.0618929858	0.0549748738	-0.1341941759	0.011910487	0.0237393677	-0.0617742675	0.0172525552	-0.0236257587	0.0052603392	-0.0091276757	-0.0808974925	-0.0591569093	-0.043556019	-0.0863468246	-0.0609198019	0.1300897312	-0.031081091	0.0014348448	-0.0617801029	-0.0427462036	0.0303743564	-0.0868452368	0.0464854968	0.0696788366	-0.0095835696	-0.023339595	-0.0048757608	-0.1428013393	0.0515376369	-0.1232925447	0.1063942335	-0.0799246852	0.0009742510650596	0.0133917742262496	9.49165137769765e-07	0.0001793396169268	0.0699449789763662	0.0038863708495285	1.51038783800649e-05	0.0048923000840043	-0.4815140624656635	-0.0162471909053038	0.0002639712123133	0.2318557923521868	-0.0048118755405883	6.006392816969991e-05	2.3154146218111944e-05	3.607675467174871e-09	0.0015804565974595	0.0002546303411708	6.48366106447581e-08	2.4978430564532604e-06	-0.0001841980638863	-5.3926780215000014e-05	2.908097624356917e-09	3.3928926739461465e-08	0.0	0.0	0.0	0.0	0.0	0.0	0.0	0.0	0.0	0.0	0.0
830.7932890965769	-2.342271562458905	5.486236072303678	690217.4892079084	887.5918926239013	-2.733671230740015	787819.3678516792	7.472958397775628	784.1139527291963	-0.6026527173590921	0.3631902977402977	614834.6908646043	790.5787449030659	640.4610887964931	0.869307	14.399115	0.0696433041207435	0.0374880779628707	0.0750054963	-0.037395397	0.1245051975	-0.0482593358	0.0049280559	-0.0900911417	-0.0833604445	0.0934772968	-0.1009728535	-0.0057304921	0.0034534799	-0.1091732034	-0.0257820069	0.0001040496	0.1479559314	0.0017411612	0.0360866034	-0.0503615301	-0.0054939021	-0.074939272	0.0555771272	0.0193790039	0.1113576424	0.1049764208	-0.0145525779	0.0012302655	0.0777937421	-0.0134017399	-0.1006903251	-0.0051137477	0.0216298336	-0.0047944284	-0.0029607781	0.0225558	0.0864640912	-0.0319834129	-0.13140466	0.0460819029	0.0558240904	0.065715843	0.0152265274	-0.0491700765	-0.0173254002	0.0662945873	-0.0339081634	0.1080937418	-0.0098155808	0.1562576887	-0.0257894947	0.059758183	0.0209229434	-0.0637696763	-0.0235583667	-0.0670993347	-0.0175303382	0.0184661717	-0.1125244688	-0.0081155982	-0.0513710336	-0.0939268158	0.0269032871	0.1015182203	-0.1295489577	0.0242073274	-0.0695459296	-0.0115115765	0.0381070863	-0.0704382861	-0.0580504663	-0.0223102214	-2.64322e-05	0.0052454304	0.0078758165	-0.1182354043	0.0035599214	-0.1242524367	0.1100753719	-0.0876327994	0.0009783898786253	4.138813565699936e-06	9.572467545964293e-07	1.7129777731621823e-11	0.094862659006921	0.0249176800305547	0.0006208907781051	0.0089989240738633	-0.4966372136499615	-0.015123151184298	0.0002287097017431	0.2466485219819975	-0.0053054334987298	-0.0004935579581414	2.814762460944432e-05	2.435994580448063e-07	0.0015438390265425	-3.661757091700016e-05	1.3408464998615363e-09	2.383438939875694e-06	-0.0001224069110983	6.1791152788e-05	3.81814656286996e-09	1.4983451884627122e-08	0.0	0.0	0.0	0.0	0.0	0.0	0.0	0.0	0.0	0.0	0.0
829.5858596833989	-1.2074294131780334	1.4578857878074505	688212.698586644	883.0803184933133	-4.511574130588087	779830.8489102516	20.35430113579166	784.0039339007753	-0.110018828420948	0.0121041426071179	614662.1683718913	790.2918895613194	625.1195126463514	0.959569	15.894213	0.0739942950773616	0.0390782138945545	0.0161749411	-0.0723882945	-0.0005883026	-0.1300416637	0.0563911675	0.0186304348	-0.0209592679	-0.0157876816	-0.1374411506	-0.0380048024	-0.024435599	-0.0709861186	-0.0214136462	-0.1434057272	0.1189962949	0.0776459416	0.0888910904	-0.0087890083	-0.0079329435	-0.0081177494	0.0652916681	-0.100239765	-0.0818978894	0.0496274485	-0.0948110182	-0.0652356144	0.0452816964	0.0771343037	-0.0330423117	0.0504219277	-0.009089092	0.0045579458	0.083755788	-0.0287739282	0.065086774	-0.0195372588	-0.1364102963	-0.0912687695	-0.0565712178	0.0359743163	0.0991214045	0.0289787033	0.0159827392	-0.0503378815	0.0042568823	0.0682599957	-0.0746992709	0.0302848246	-0.1309296929	0.08869938	-0.0112346985	-0.0754427219	-0.0496831179	-0.0896891456	-0.0502260099	0.0329064675	-0.0989267684	-0.0410219948	-0.0533655408	-0.0584910104	0.0378055056	-0.0463838746	-0.0359115857	-0.0379863161	0.00974232	-0.0211552479	0.0591238154	-0.1287285564	0.0782135536	0.0147159071	-0.0528189775	0.0932857815	-0.0167640578	-0.129545952	-0.0492095213	-0.1251271724	0.1134548014	-0.0948006283	0.0017807210179654	0.0008023311393401	3.1709673438237307e-06	6.437352571547832e-07	0.0731408030352582	-0.0217218559716627	0.0004718390268536	0.0053495770686424	-0.5133755408174352	-0.0167383271674737	0.0002801715963653	0.2635544459095941	-0.005404827975168	-9.939447643820055e-05	2.9212165441158624e-05	9.879261946424007e-09	0.002061056165411	0.0005172171388685	2.675135687393172e-07	4.247952516978695e-06	-0.0002004309117693	-7.802400067100001e-05	6.08774468070821e-09	4.0172550392672934e-08	0.0	0.0	0.0	0.0	0.0	0.0	0.0	0.0	0.0	0.0	0.0
833.051886604676	3.466026921277148	12.013342619017946	693975.44577561	883.8734981536866	0.7931796603733119	781232.360738435	0.6291339736299224	784.7523615056818	0.7484276049065102	0.5601438797860953	615836.2688887444	790.5166604197035	632.8169957134702	0.858139	14.21413	0.0811155154967351	0.0365271316636436	0.0621154661	-0.0422322699	0.0368710897	-0.0589950891	0.0129630771	0.0386563089	-0.0048203697	-0.0680798304	-0.0896795381	0.0465118806	0.0206682422	-0.0682856492	-0.072179447	-0.0190001848	0.0507244464	0.0808762146	0.0547125534	-0.0271516771	-0.0708846415	0.0222135359	0.0802074869	-0.0577563324	-0.0403619645	-0.0127628645	-0.0940226521	0.0062380226	0.0070145209	-0.0267122267	0.0876440705	0.1057639237	-0.018767844	0.0217154581	-0.016654316	0.0093273578	0.0485839395	0.0570831056	-0.0813491342	-0.0134789662	-0.0452205998	0.0537273715	0.0869676568	0.0364111261	0.0137420894	-0.1279421035	-0.0245832689	0.1119576648	-0.0976869439	-0.0028446148	-0.0440629639	-0.0478060409	-0.1053099878	-0.0866114559	-0.0117418656	-0.1512154307	-0.0518669708	-0.0008285238	-0.1078674349	-0.0873243298	-0.1193243476	-0.0426451029	-0.0003595843	-0.0315853354	0.0041874612	-0.0433752797	0.0200356765	-0.0888682573	0.0223654561	-0.0337487389	0.0272055396	-0.0539745717	-0.0647799979	0.0873335913	-0.0668745737	-0.0970647659	-0.0074693583	-0.1259161521	0.1165232592	-0.1013839798	0.0174410514501772	0.0156603304322118	0.0003041902756877	0.000245245949246	0.0872242617955123	0.0140834587602541	0.0001983438106517	0.007608071845772	-0.5305014013827645	-0.0171258605653292	0.0002932951001031	0.2814317368690769	-0.0059013668434845	-0.0004965388683164	3.482613062137821e-05	2.465508477490304e-07	0.002207990577969	0.0001469344125579	2.158972159376453e-08	4.875222392399878e-06	-0.000158986877865	4.144403390430001e-05	1.7176079462607691e-09	2.5276827333260428e-08	0.0	0.0	0.0	0.0	0.0	0.0	0.0	0.0	0.0	0.0	0.0
834.0554958999841	1.0036092953080242	1.007231617628669	695648.5702409684	893.7914243274265	9.917926173739945	798863.1102012498	98.36525958775584	785.2838413122929	0.5314798066110598	0.2824707848353295	616670.7114261904	792.4311494048259	646.149494090649	0.819272	13.570334	0.0502434092106149	0.0253669260660471	0.1025098321	-0.0083945597	0.0914864446	-0.0230551769	-0.0184678806	-0.1057582821	-0.0728762257	0.0136760198	-0.0917779562	0.0477017575	0.0438256614	-0.1078108004	-0.0111750553	0.0659897824	0.0748647049	0.1425084823	0.0265915578	-0.0280777932	-0.0372831674	-0.0325286903	0.1042013832	-0.0527866981	0.0054109598	0.0795922882	-0.015228432	0.0124932181	-0.0775000746	0.0227423399	0.120333364	0.0620265073	-0.0200617469	0.0206198258	0.1000833298	0.053808242	0.0904773492	-0.0246449016	-0.0736944908	0.0361329749	0.0729801842	0.066563912	0.1238786247	0.03273004	-0.020757492	-0.0364900997	-0.07376315	0.1312564173	-0.0802254932	0.0329969566	-0.0252250988	-0.0568181866	-0.1113074903	-0.0942263179	0.0080873796	-0.1676624163	-0.063964544	0.0086130055	-0.0880801588	-0.0709645192	-0.135281801	-0.0493980338	-0.0035983827	0.0462390484	0.0750972675	0.039167685	-0.0169245379	0.0259115627	0.0233932886	-0.0951759628	0.1287489111	0.0179965399	-0.0102752111	0.0852496859	-0.0534324436	-0.0750313012	-0.0326001109	-0.1266188352	0.1192723348	-0.1073422654	0.0193057534921621	0.0018647020419849	0.0003727121179001	3.47711370538266e-06	0.0830022098625846	-0.0042220519329277	1.7825722524338627e-05	0.0068893668420725	-0.5454288977958868	-0.0149274964131222	0.0002228301491637	0.2974926825508359	-0.006335897443874	-0.0004345306003895	4.014359641928909e-05	1.8881684267485944e-07	0.0020709840665724	-0.0001370065113965	1.877078416506664e-08	4.288975003996755e-06	-0.0001459408131995	1.3046064665499989e-05	1.7019980325640734e-10	2.1298720957331355e-08	0.0	0.0	0.0	0.0	0.0	0.0	0.0	0.0	0.0	0.0	0.0
830.3221897251806	-3.733306174803488	13.937574994825852	689434.9387500187	891.3399146397909	-2.451509687635621	794486.8434300697	6.0098997485713	785.4283439867424	0.1445026744495408	0.0208810229230699	616897.6835377567	792.0076460571814	641.7948104858399	1.062014	17.591099	0.1529668251674517	0.0656825218066273	0.0568199836	-0.0450903385	-0.003718033	-0.0693304613	0.0369893144	-0.0560128628	-0.0850497346	-0.0851494451	-0.0172732022	-0.1153936433	0.0388825989	-0.1562785638	0.1150070163	-0.0582218643	0.0196610444	0.0387284803	0.0898703815	0.0349163391	-0.0641903475	-0.0094040725	0.0582048507	-0.0465392188	-0.0318113813	0.0147387046	-0.1082730739	0.0570362457	-0.070220906	-0.0106650056	-0.0219029096	-0.1805439243	0.0993016414	-0.0489878114	0.0746661802	0.0409741745	0.1146509103	-0.0925203056	-0.0229267487	-0.0679706647	-0.0243169631	0.1022060167	0.0885694692	-0.0671270171	0.0282953148	0.0530940762	-0.0523176461	0.1016209399	-0.0010982702	0.0914468327	-0.071604815	-0.0897205595	0.0133282597	-0.0564953009	-0.0334526558	-0.1773176255	-0.0650118052	0.056916246	-0.0338862298	-0.0201622363	-0.0128159333	-0.0008866921	0.0554979072	0.0801787335	-0.264394331	-0.0485492293	-0.0290282643	-0.0621064161	0.0248037594	0.3610068519	-0.2185270094	-0.2258336122	0.0573888548	0.0162386552	-0.1595684516	-0.008084518	0.118468942	-0.1272347401	0.1216944932	-0.1126387502	0.009971961779172	-0.0093337917129901	9.944002172526718e-05	8.71196677414827e-05	0.0966217620046023	0.0136195521420177	0.0001854922005491	0.009335764892874	-0.4957696011492629	0.0496592966466238	0.0024660457434373	0.2457874974236992	-0.0055279402123816	0.0008079572314924	3.0558122991665525e-05	6.527948879208645e-07	0.0023830801569291	0.0003120960903567	9.740396961593745e-08	5.679071034349224e-06	0.0003410895582678	0.0004870303714673	2.3719858273157627e-07	1.1634208675932293e-07	0.0	0.0	0.0	0.0	0.0	0.0	0.0	0.0	0.0	0.0	0.0
828.6597611937403	-1.6624285314402414	2.763668622146558	686676.9998216667	883.3418420155843	-7.998072624206543	780292.8098554856	63.96916570208214	783.4794893206972	-1.948854666045236	3.7980345093662873	613840.1101862205	791.7981629047738	613.6572550292409	1.253909	20.769623	0.1143148180949206	0.0594189535780776	-0.0444107938	-0.1222397549	-0.1437487562	0.0249002353	0.1103401074	0.0218004901	0.0971067348	-0.159598094	0.0182413507	0.0268692839	-0.0575789893	-0.0361051522	-0.0376050108	-0.0298886406	-0.120191837	-0.0679392855	0.0237084116	0.0280797655	0.052672433	0.0441203244	0.1639509036	0.0037044115	0.0459169055	0.0417978863	-0.0220486553	0.0280340787	0.0368558207	-0.0204497445	0.0074770343	-0.0323791244	-0.1910860371	-0.0229896026	-0.1641820532	-0.0461475839	0.0641897855	0.0630857611	0.1258585923	-0.0329028026	-0.0921883285	-0.0053811461	0.0128718793	0.0693002581	0.0408803406	-0.0350749806	-0.1557761206	0.0370019151	-0.0118704236	0.0539355706	0.0930882241	0.046725898	0.0407918015	-0.0480187544	-0.0545677564	-0.1081996342	-0.1008582813	0.0851858322	0.0378848807	-0.0134199656	0.105095322	0.0559742007	-0.1206363737	-0.0259810179	0.0430707357	-0.1617948787	-0.0033418205	-0.0204943678	0.0286268577	0.0899850982	-0.0102776822	-0.058285972	-0.0062538088	-0.0119331181	0.0146012634	0.0027735699	0.1452910203	-0.1277634447	0.1237830955	-0.1172407796	-0.0196948302791639	-0.0296667920583359	0.000387886339725	0.0008801185510325	0.0615384841880199	-0.0350832778165824	0.0012308363823555	0.0037869850361591	-0.4870431173363698	0.008726483812893	7.615151973668518e-05	0.2372109981447288	-0.0059019246673389	-0.0003739844549573	3.483271477894338e-05	1.398643725497088e-07	0.0023858111815007	2.7310245716001373e-06	7.458495210683713e-12	5.692094993773767e-06	-9.896025034548516e-05	-0.0004400498086132	1.936438340605889e-07	9.793131148441095e-09	0.0	0.0	0.0	0.0	0.0	0.0	0.0	0.0	0.0	0.0	0.0
835.6525786996336	6.992817505893299	48.899496670727785	698315.2322873474	889.3323207643297	5.990478748745318	790911.9767560685	35.885835639169265	785.5073665734493	2.0278772527520914	4.11228615222937	617021.8229411553	791.772096091063	629.781569669881	1.388899	23.005579	0.1169618169558748	0.0699567542971405	0.04714372	-0.0127288751	0.0544045699	0.0277221882	-0.0177686613	-0.0289726695	0.001233	0.0195128491	-0.0724540105	0.0873499638	0.0513073991	0.0042790082	-0.020357701	-0.0138117962	0.0058187946	0.083864686	-0.0624430848	-0.1858713471	0.1181144955	0.1699380998	0.0617435178	-0.0001386747	0.0864001334	0.0191885638	0.0818630364	-0.0449000821	-0.0027144723	0.0520663516	-0.0047446295	0.0033393061	0.0099937196	0.0309760185	-0.0742420798	0.0574422117	0.0333229532	0.0279975073	-0.0218018655	-0.0161863852	0.017157181	-0.0818523618	0.0535015927	-0.0238802266	-0.0617003881	-0.0881347144	-0.1549015912	-0.2115722399	-0.0571189484	0.0194105106	0.0072640505	-0.0335913207	0.0607660515	-0.0768650833	-0.0260539555	-0.1105875453	-0.0108455323	-0.0340263948	0.0160364975	0.0532295432	-0.0705039721	0.1183919372	-0.0153247184	-0.0930050527	0.2970239058	-0.0233492576	0.0491103792	0.0752669216	-0.030955789	-0.1888573658	0.084428808	-0.0280599863	0.0473189813	-0.0184937122	0.0828315987	-0.006549293	-0.1041828052	-0.1282045865	0.1255324169	-0.1211199807	-0.0054701535777468	0.0142246767014171	2.992258016413612e-05	0.0002023414272598	0.059746310462259	-0.0017921737257609	3.211886663307719e-06	0.0035696216138526	-0.5489157344073874	-0.0618726170710176	0.0038282207432167	0.3013084834800014	-0.005824898876709	7.702579062989975e-05	3.392944692388577e-05	5.9329724221611525e-09	0.002121030647082	-0.0002647805344187	7.010873140705256e-08	4.498771005861087e-06	0.0003406804137595	0.0004396406641049	1.932839135346724e-07	1.1606314431934413e-07	0.0	0.0	0.0	0.0	0.0	0.0	0.0	0.0	0.0	0.0	0.0
831.4882442619154	-4.164334437718253	17.341681309166198	691372.7003457627	893.3228863186306	3.990565554300929	798025.779220649	15.92461344317308	785.4068745930989	-0.100491980350398	0.0100986381147447	616863.9586580998	792.7608599281475	642.7645063312775	1.253767	20.767273	0.1463466563242885	0.0622812803928796	0.0378044345	-0.0258816194	-0.0203585503	-0.0758076246	0.0319854051	-0.074904492	-0.0889648457	-0.076137566	-0.0091621605	-0.1362285592	0.0330259335	-0.0850608167	0.05905558	0.019395182	-0.0260943302	0.0819343703	0.0925859548	-0.0731653739	0.0328005	0.2156056095	0.0747276744	0.0279821647	0.0172715304	0.0539848789	-0.2265890205	0.1596646912	-0.0355332002	0.0828613311	0.0581666955	0.078938489	0.1263694282	-0.0090778942	0.0872749549	0.0370226883	0.077085687	-0.09485078	0.0059974784	-0.0086472994	-0.0262777051	0.0338455226	0.1108592057	0.0812383486	-0.0440869757	-0.0516852332	-0.1431553625	-0.1348123674	-0.0307367358	0.0284080336	-0.0130337588	-0.1205798698	-0.1562493946	-0.0586033269	-0.0669136132	-0.1546114794	-0.0271892126	-0.0351347275	0.1514852836	0.0499497933	-0.0126618465	0.0521733818	0.1745450962	-0.0204028909	-0.0050343674	0.1879125589	0.0228957753	0.0959554236	-0.1487718662	0.164346523	-0.0376036479	-0.0965791563	0.0274958749	-0.0471548389	0.1016338171	0.1237023189	-0.1142520049	-0.1285578634	0.1269376627	-0.1242524367	-0.0221170459204103	-0.0166468923426634	0.0004891637202455	0.0002771190246682	0.0426457158069695	-0.0171005946552895	0.0002924303375645	0.0018186570766888	-0.5129209363204268	0.0359947980869606	0.001295625489321	0.2630878869158233	-0.0049849861522335	0.0008399127244754	2.485008693795976e-05	7.054533847358563e-07	0.0024386018358935	0.0003175711888115	1.0085145996314956e-07	5.946778914023149e-06	-3.392309774099883e-05	-0.0003746035115004	1.4032779082850438e-07	1.1507765603453595e-09	0.0	0.0	0.0	0.0	0.0	0.0	0.0	0.0	0.0	0.0	0.0
827.3791330010749	-4.10911126084045	16.884795353965792	684556.2297256105	886.1089123196072	-7.213973999023437	785189.0044922372	52.04142085858621	783.7573664809719	-1.6495081121270232	2.7208770119728563	614275.6095131885	791.5356109173053	610.9185762317902	1.158538	19.189911	0.1379664303834153	0.0712666885257755	-0.0733399474	-0.1023362333	-0.1111218261	-0.0139413548	0.1231166628	-0.0241669908	-0.0037144975	-0.1392666994	-0.0090043105	-0.0360725862	-0.049330071	-0.0921816784	0.0488937058	0.0099664073	-0.1574956079	0.010922428	0.1429739836	-0.020798386	0.0662543301	0.0576548405	0.0686670971	-0.1169290871	-0.0427948182	-0.0220010368	0.0807772397	0.1160051345	0.0118371035	-0.0011725972	0.0056042271	-0.1374705367	0.0239646554	-0.015639958	0.0415106679	-0.0459615026	0.1073935094	-0.0244220581	0.0962985578	-0.0276563307	-0.1082057015	-0.0051931846	0.0863345296	0.0758617492	-0.0364842182	0.0541437462	-0.1102481527	0.0110486314	-0.042780618	0.0209028853	-0.0319284279	-0.1059618838	0.0376697865	-0.0510261765	-0.1022177368	-0.1156634172	-0.0891637163	0.0641477539	0.1674384189	0.0053816562	0.0908473837	-0.026448888	0.0289162444	-0.107224312	0.0653904279	0.0125020296	0.1257982857	0.0042423391	-0.0124800019	0.0542229837	0.0746337368	-0.0244888665	0.0330396199	-0.1162936772	0.0536211865	0.1769286909	-0.0518459707	-0.1288230331	0.1279949812	-0.1266188352	-0.0240468304548642	-0.0019297845344539	0.0005782500549249	3.724068349417462e-06	0.0907120375975267	0.0480663217905572	0.0023103712904733	0.008228673765095	-0.4818330834937825	0.0310878528266442	0.000966454593371	0.2321631203491264	-0.0056033370148609	-0.0006183508626273	3.1397385702110256e-05	3.823577893120489e-07	0.0027029031601739	0.0002643013242804	6.98551900163732e-08	7.305685493278056e-06	0.0002210741399864	0.0002549972377273	6.502359124860356e-08	4.887377537072639e-08	0.0	0.0	0.0	0.0	0.0	0.0	0.0	0.0	0.0	0.0	0.0
829.4268059769654	2.047672975890464	4.192964616192109	687948.8264731506	885.1830270767211	-0.9258852428860108	783548.9914247072	0.8572634829940875	783.5278744784268	-0.2294920025450437	0.0526665792321343	613915.9300846814	790.5346900106808	604.7166260745547	0.8271509999999999	13.700855	0.0469371908828153	0.0253217341372146	-0.0649739415	-0.1042337942	-0.1218797261	-0.0073849068	0.0734844013	0.0156263265	0.037155466	-0.1040296033	0.0052185914	0.019781483	-0.0587121329	-0.0581990356	-0.0478803873	-0.1031744357	-0.1238270269	-0.0067333829	0.0523583861	-0.0208838181	-0.0056144068	-0.0201718442	0.0213473118	-0.1180503159	0.0411578331	0.0775921279	0.0348355994	0.069047767	-0.0327797269	-0.1049805333	-0.025805606	0.0102852804	-0.0119196314	-0.121671085	-0.0965357532	-0.0619571471	0.091856657	0.0585312699	0.083413313	-0.0858944868	-0.0815678832	-0.0675134299	0.0310075551	-0.0469831076	-0.0221158483	0.0367396486	-0.0723607525	0.0097985091	-0.0945023643	0.0370943732	0.223526164	-0.0663666162	0.0010856046	-0.0507932505	-0.0690126525	-0.0781504809	-0.0599531902	0.1333411097	0.1127463948	0.0976357051	0.2003551432	0.012970513	0.0085008736	-0.1040989001	0.0968765087	0.0457932679	0.0089345932	0.0368879516	-0.0066516845	0.0509029323	0.065921491	-0.0593449313	0.0549095352	-0.117428505	-0.0371449897	0.0562971938	-0.008991552	-0.1289999139	0.1287014744	-0.1282045865	-0.0340172855719203	-0.009970455117056	0.0011571757176815	9.940997524123012e-05	0.0760399729049225	-0.0146720646926042	0.0002152694823439	0.0057820774793813	-0.48197211777196	-0.0001390342781774	1.9330530508328276e-08	0.232297122309588	-0.0054924666240964	0.0001108703907644	3.0167189616812907e-05	1.2292243548272848e-08	0.0027641614568443	6.125829667039985e-05	3.7525789109587215e-09	7.640588559503603e-06	-4.990990847825172e-05	-0.0002709840484646	7.343235452229271e-08	2.490998964307463e-09	0.0	0.0	0.0	0.0	0.0	0.0	0.0	0.0	0.0	0.0	0.0
830.060054194296	0.6332482173305607	0.401003304752333	688999.6935690376	889.710408147176	4.527381070454908	791584.6103654146	20.497179357113428	783.724516805013	0.1966423265861294	0.0386682046052059	614224.1182412511	791.5355192071287	619.3562480051584	0.8093909999999999	13.406672	0.057333962160507	0.0277054416545294	-0.0505750774	-0.0544796876	-0.0694159802	0.0756720444	0.0784277308	-0.0510404824	0.006301148	-0.0218485907	0.065592002	0.1009405924	-0.050021162	-0.0452371611	-0.0457268296	0.0474103776	-0.1512945661	0.0074882101	0.0335570652	-0.1178203089	-0.0007431277	0.0803390541	0.0179140112	-0.097054222	-0.0176206855	0.0862697241	0.0523969378	-0.0485582898	-0.0478934547	-0.0328570555	0.1093766746	0.0775143695	-0.055677007	-0.0841241346	-0.0275096691	-0.0368206442	0.0840314953	0.0364088524	0.1289432527	0.0504457199	-0.0617854702	-0.0817117405	0.0092465643	-0.0381088194	-0.0493447814	0.0359573486	-0.0753946248	-0.0998849742	-0.0924718101	0.0588497949	0.0775575672	-0.0255187658	-0.0181579087	-0.0514494287	-0.0679896	-0.0894489167	-0.0479291971	0.0657634591	0.1639550483	0.0928072804	0.1490829878	0.0320215519	0.0006405524	-0.0367351964	0.1680338733	0.0544901408	-0.0182662624	-0.0306684287	-0.0024060412	0.0413451704	0.1034514278	-0.0147666182	0.1138781951	-0.076049033	-0.0487020201	0.0800658379	-0.0614696263	-0.1290883846	0.1290552057	-0.1289999139	-0.0295622019477548	0.0044550836241654	0.0008739237839998	1.9847770098307567e-05	0.0571930226179517	-0.0188469502869707	0.0003552075351195	0.0032710418361775	-0.5001314240797967	-0.0181593063078367	0.0003297604055818	0.2501314413520855	-0.0056100608715717	-0.0001175942474753	3.147278298273983e-05	1.3828407039282144e-08	0.0028979805229907	0.0001338190661463	1.7907542464294542e-08	8.398291111633451e-06	1.612921673072856e-05	6.603912520898028e-05	4.3611660583673746e-09	2.6015163234681407e-10	0.0	0.0	0.0	0.0	0.0	0.0	0.0	0.0	0.0	0.0	0.0
