global_signal	global_signal_derivative1	global_signal_derivative1_power2	global_signal_power2	csf	csf_derivative1	csf_power2	csf_derivative1_power2	white_matter	white_matter_derivative1	white_matter_power2	white_matter_derivative1_power2	csf_wm	tcompcor	std_dvars	dvars	framewise_displacement	rmsd	t_comp_cor_00	t_comp_cor_01	t_comp_cor_02	c_comp_cor_00	c_comp_cor_01	c_comp_cor_02	c_comp_cor_03	c_comp_cor_04	c_comp_cor_05	c_comp_cor_06	w_comp_cor_00	w_comp_cor_01	w_comp_cor_02	w_comp_cor_03	w_comp_cor_04	w_comp_cor_05	w_comp_cor_06	w_comp_cor_07	w_comp_cor_08	w_comp_cor_09	w_comp_cor_10	w_comp_cor_11	w_comp_cor_12	w_comp_cor_13	w_comp_cor_14	w_comp_cor_15	w_comp_cor_16	w_comp_cor_17	w_comp_cor_18	w_comp_cor_19	w_comp_cor_20	w_comp_cor_21	a_comp_cor_00	a_comp_cor_01	a_comp_cor_02	a_comp_cor_03	a_comp_cor_04	a_comp_cor_05	a_comp_cor_06	a_comp_cor_07	a_comp_cor_08	a_comp_cor_09	a_comp_cor_10	a_comp_cor_11	a_comp_cor_12	a_comp_cor_13	a_comp_cor_14	a_comp_cor_15	a_comp_cor_16	a_comp_cor_17	a_comp_cor_18	edge_comp_00	edge_comp_01	edge_comp_02	edge_comp_03	edge_comp_04	edge_comp_05	edge_comp_06	edge_comp_07	edge_comp_08	edge_comp_09	edge_comp_10	edge_comp_11	edge_comp_12	edge_comp_13	edge_comp_14	edge_comp_15	edge_comp_16	edge_comp_17	edge_comp_18	edge_comp_19	edge_comp_20	edge_comp_21	edge_comp_22	edge_comp_23	cosine00	cosine01	cosine02	trans_x	trans_x_derivative1	trans_x_power2	trans_x_derivative1_power2	trans_y	trans_y_derivative1	trans_y_derivative1_power2	trans_y_power2	trans_z	trans_z_derivative1	trans_z_power2	trans_z_derivative1_power2	rot_x	rot_x_derivative1	rot_x_power2	rot_x_derivative1_power2	rot_y	rot_y_derivative1	rot_y_derivative1_power2	rot_y_power2	rot_z	rot_z_derivative1	rot_z_power2	rot_z_derivative1_power2	motion_outlier00	motion_outlier01	motion_outlier02	motion_outlier03	motion_outlier04	motion_outlier05	motion_outlier06	motion_outlier07	motion_outlier08	motion_outlier09	motion_outlier10	motion_outlier11	motion_outlier12	motion_outlier13
882.8342622708444	n/a	n/a	779396.3346393061	914.4091155807694	n/a	836144.0306572048	n/a	812.9232117875027	n/a	660844.148262909	n/a	815.5255857004183	665.2662690435465	n/a	n/a	n/a	n/a	-0.024482763	-0.0013517126	0.1300055312	0.0589828	-0.1244354488	0.1064188388	-0.1161055648	0.0322427875	0.0643571445	-0.2415033366	0.0866182029	-0.0682567745	0.1373496809	-0.0276154832	0.1499623093	0.0294168224	-0.0576275518	0.0434457323	-0.0390595219	0.1151773605	-0.0667451627	0.1931311356	-0.1785405411	-0.0470697159	0.0778145809	-0.0051674263	0.0625518403	-0.1389000494	0.0101387764	-0.0212282347	0.0216761314	-0.162960632	0.0744375885	-0.0891956149	0.1280689486	-0.1455086308	0.0041061663	-0.0572650042	0.1260023897	-0.0472839254	0.0678326547	-0.0903673957	0.0163504716	-0.125944752	0.1293194519	-0.0319755597	-0.1680071533	0.0314463325	-0.1412194806	0.020954671	-0.1217067272	-0.030302673	0.0427568844	-0.0619349599	0.0115290878	-0.0207177737	0.0513600458	0.0905617096	-0.0184618561	0.2023627129	-0.0588797031	0.1386237615	-0.054721677	0.1293286026	-0.1343894652	0.0810821241	-0.0045964927	-0.115064627	0.1025809376	0.1318921305	-0.0759744642	0.168130308	-0.050394374	0.0128946871	-0.0840457007	0.1290883846	0.1290552057	0.1289999139	2.8381145085631942e-05	n/a	8.054893963716901e-10	n/a	0.0002678822701511	n/a	n/a	7.176091066130694e-08	-0.0606562845906779	n/a	0.0036791848603453	n/a	0.0022259989612465	n/a	4.955071375470496e-06	n/a	1.322958174121425e-07	n/a	n/a	1.7502183304746945e-14	0.0001189997470845	n/a	1.4160939806174964e-08	n/a	0.0	0.0	0.0	0.0	0.0	0.0	0.0	0.0	0.0	0.0	0.0	0.0	0.0	0.0
881.1569048268439	-1.6773574440005632	2.8135279949441023	776437.4909240236	907.411444552533	-6.997671028236368	823395.5297049147	48.96739981941863	811.6029499541648	-1.320261833337895	658699.3483743026	1.7430913085687398	814.9385483777412	665.8697756533439	1.262852	21.93111	0.1433305916998624	0.0784894846857353	-0.0197750605	0.0831071629	0.143975639	-0.0171571304	-0.1097582372	0.1537455516	-0.0382218513	0.0433182964	-0.2342326321	0.0606686939	0.042090582	0.0175141319	0.1743911313	0.0185230297	0.048393128	-0.0997269218	0.0142425027	0.0405187551	-0.0006619975	0.0271200884	0.0048708395	0.152800677	-0.0563641256	0.1843647684	-0.0410123607	-0.0248540945	-0.0887095745	-0.0118700791	0.0044232368	-0.1823067248	0.0301356494	-0.1632637153	0.0505753599	0.0201446407	0.1330796066	-0.0624638331	0.1328245473	-0.0845692052	-0.0095655388	-0.0731404749	0.1269632264	0.0657479638	0.2097056765	-0.1081388288	-0.0415770084	-0.202701585	-0.0026855005	-0.0608434244	-0.0509858616	0.2488455165	0.014026264	-0.0283991769	0.0721339767	-0.0300157402	-0.0347422411	-0.0411645783	0.0634286781	-0.0267910201	0.0080056106	0.0353382475	-0.1382926347	0.000860844	-0.0549126522	0.1736009249	-0.1347635013	0.0547274518	-0.0027833026	-0.1048137061	0.2228874551	0.0192770279	-0.2781792655	0.0688113653	-0.0097971637	-0.1477169472	0.0090116728	0.1289999139	0.1287014744	0.1282045865	-0.0147354397552987	-0.0147638209003843	0.000217133184782	0.0002179704075786	0.0336864516768855	0.0334185694067344	0.0011168007811927	0.0011347770265791	-0.1309574871002752	-0.0703012025095972	0.0171498634276187	0.0049422590742954	0.002035000694014	-0.0001909982672324	4.141227824637461e-06	3.6480338085817476e-08	-0.0001869999392101	-0.0001871322350275	3.5018473386392043e-08	3.4968977264581094e-08	1.9027168158452026e-07	-0.0001188094754029	3.6203312813001074e-14	1.4115691445515977e-08	0.0	0.0	0.0	0.0	0.0	0.0	0.0	0.0	0.0	0.0	0.0	0.0	0.0	0.0
879.046544477324	-2.1103603495198517	4.453620804825549	772722.827357524	903.826299196714	-3.5851453558190087	816901.979119628	12.853267222350606	810.901340464577	-0.701609489587895	657560.9839672478	0.4922558758797866	813.6864591758942	662.6956196638254	1.155629	20.069036	0.103364377303681	0.0541856256867224	-0.0411105039	0.1315852633	0.0673455905	-0.0767762706	-0.0699383593	0.0657012951	0.1257859173	-0.0237941088	-0.2561065417	0.1472083868	0.0222629243	0.1503733771	0.1539265545	0.0152534699	-0.0602231007	-0.1147164011	-0.0192194725	0.0065476483	-0.0036092439	0.1025450935	0.0762276055	-0.0651718218	0.095990685	0.1516843026	-0.1713242831	-0.0783868249	0.0664235936	0.0288253324	0.0213037372	-0.1351535923	0.0033634715	-0.160094355	0.0453071689	0.1447355309	0.0947425018	0.0292481881	0.1555834205	-0.0228106558	-0.1119429549	0.0480145773	0.0496319031	-0.0359110284	0.0949599705	0.081683254	-0.1502032445	-0.0244249886	0.1750302929	0.0931403711	-0.0767889494	0.0575298626	0.1173490949	-0.0289226417	0.094683266	0.0322561644	-0.1190701852	0.026085915	0.0908605016	-0.1390174841	0.0279895427	-0.0540579805	-0.0984618154	-0.070796263	-0.1198943174	0.1822348086	-0.0618441485	0.0948808979	-0.0233632869	-0.062879975	0.1161117434	-0.1255728859	-0.1719239543	0.0627165255	0.1670212915	-0.0560341376	0.0324253963	0.1288230331	0.1279949812	0.1266188352	-0.0015486681385397	0.013186771616759	2.3983730033280192e-06	0.0001738909456725	0.0146654819676541	-0.0190209697092313	0.0003617972886794	0.0002150763613435	-0.1822874861024104	-0.0513299990021352	0.0332287275895364	0.0026347687975592	0.001779995450209	-0.0002550052438049	3.1683838027647407e-06	6.502767436804741e-08	-0.0001145613388833	7.243860032679999e-05	5.247350817305867e-09	1.3124300366734303e-08	-6.889862369772483e-05	-6.908889537930935e-05	4.74702034744069e-09	4.773275464733153e-09	0.0	0.0	0.0	0.0	0.0	0.0	0.0	0.0	0.0	0.0	0.0	0.0	0.0	0.0
876.2105087798582	-2.836035697465832	8.043098477300505	767744.8556962579	903.1565024140592	-0.669796782654771	815691.6678527965	0.4486277300546826	810.2099645718175	-0.6913758927594245	656440.1866914658	0.4780006250888912	812.454469235144	652.3189635166755	1.278996	22.211475	0.1942041982856423	0.1202057019481619	-0.022270059	0.0205915347	0.0073477913	-0.0675784632	-0.0043655754	0.0011823968	0.1590770959	0.1773446003	0.0023144767	-0.0149704186	0.0563510037	0.0681944591	0.0400213286	-0.0012004617	-0.0674429348	-0.1131200436	0.0429539509	-0.1265384722	0.0148077003	0.1394445773	-0.0165441084	-0.0211438836	-0.0150282672	-0.0129090479	0.0275609858	-0.0416450942	-0.027633267	-0.1004679096	0.0015601294	-0.0884586433	0.1445720688	0.0818277338	0.0492642916	0.0467545933	-0.0183737851	0.0392047534	0.0915510136	-0.0317263915	-0.0714987662	0.1692013636	0.014696295	-0.021434103	0.063729603	-0.0127278821	0.0360998332	-0.0915836497	-0.0642976421	-0.0503322702	-0.0421633442	0.0267516733	-0.0194621004	-0.0240586576	0.0423924961	-0.041280669	-0.0480493919	0.0084371083	0.1408981523	-0.0775777553	0.1402473868	-0.1381364515	-0.082074224	0.0302243672	-0.0739612269	0.0103001789	-0.037454141	0.1132276228	0.0429035303	-0.0306643985	-0.0653524954	0.0902396871	0.0174828633	0.1901506343	0.193819493	0.0210575941	-0.0883471662	0.1285578634	0.1269376627	0.1242524367	0.0156714864796327	0.0172201546181724	0.0002455954884813	0.0002965337250737	0.0648288383381157	0.0501633563704616	0.0025163623223499	0.0042027782802695	-0.0806923266946455	0.1015951594077649	0.0065112515873953	0.0103215764150891	0.0015309999045193	-0.0002489955456896	2.343960707638106e-06	6.199878177331146e-08	5.5095121354042944e-08	0.0001146164340046	1.3136926943943218e-08	3.035472397016719e-15	7.19999543927893e-05	0.0001408985780905	5.183993432563739e-09	1.9852409307928713e-08	0.0	0.0	0.0	0.0	0.0	0.0	0.0	0.0	0.0	0.0	0.0	0.0	0.0	0.0
872.9079778293158	-3.3025309505424048	10.90671067929052	761968.3377580652	892.7683759912268	-10.388126422832444	797035.3731700125	107.91317057674956	810.1723047046027	-0.0376598672148702	656379.1633103675	0.0014182655986416	812.1903105495132	650.52497213437	1.155854	20.072956	0.1065825111334385	0.0681359521049509	-0.0296246028	0.0123373492	-0.004005048	-0.016235738	0.1112900447	-0.180078247	0.0854273153	0.0306311573	-0.0943107229	-0.0828158994	0.0099570655	0.0566788856	0.0538786549	0.0213369573	-0.0316459872	-0.1454937537	0.1473309765	-0.1088987074	0.0200478679	0.0100524183	0.0128618958	-0.1054490899	-0.0396019085	-0.0559672794	0.1421503247	-0.0944986984	0.0439029636	-0.0631424588	0.1369970482	-0.0565088583	-0.1690683673	-0.0903659957	0.0097002529	0.0456328622	0.0492836636	-0.0190559189	-0.0112098193	-0.0104848975	-0.2055978412	0.1174789474	-0.0053002718	0.0132328053	0.0015969003	0.0807563212	0.0948377213	-0.0426432251	-0.0627225479	-0.0379026566	0.0277049603	-0.056584303	-0.0594081203	-0.0289101142	0.0417283437	-0.0059100976	-0.0427536863	-0.0064501827	-0.0048247485	-0.0530264177	0.0528895646	0.0319481661	-0.1235004337	0.0832336354	-0.1448088664	-0.044752591	0.0970755163	0.2129732573	0.0201892458	-0.0104693612	-0.1052435957	-0.0919323709	-0.0201514684	0.0829272096	0.0805391806	0.1036906387	-0.0335563423	0.1282045865	0.1255324169	0.1211199807	0.015950303343402	0.0002788168637693	0.0002544121767465	7.773884352214858e-08	0.0054384949350207	-0.059390343403095	0.0035272128895375	2.9577227158245808e-05	-0.0898620860675407	-0.0091697593728952	0.00807519451241	8.408448695679938e-05	0.001908999562405	0.0003779996578856	3.6442793292624814e-06	1.4288374136170613e-07	9.275749677239986e-07	8.724798463699557e-07	7.612210823217415e-13	8.60395320748177e-13	0.0004479996465343	0.0003759996921415	2.007036832948577e-07	1.413757684905108e-07	0.0	0.0	0.0	0.0	0.0	0.0	0.0	0.0	0.0	0.0	0.0	0.0	0.0	0.0
872.3248643234992	-0.5831135058165273	0.3400213606656412	760950.6689170114	883.144487851626	-9.623888139600808	779944.1864227108	92.6192229235491	810.0106495124029	-0.1616551921997597	656117.2523235048	0.0261324011651412	810.5419802888532	634.4869222145815	1.075089	18.670362	0.1012820191750559	0.0558751371107604	-0.0141681694	0.0035211673	0.0136580933	0.0736968001	0.0286778419	-0.2720541644	0.0546242249	0.0283044205	0.0412096731	0.0776727329	0.0204899978	-0.0495974409	-0.0007135685	0.0286288086	-0.1873454167	-0.0675690658	0.1000348779	0.0308537252	0.0241248082	-0.0400724853	-0.1208147066	0.0042325574	0.0590702488	-0.0899776728	0.209173215	0.0044834993	0.033565605	0.0618192501	0.1533975435	0.076618709	-0.0909408442	0.0974507255	0.0026621527	-0.0443432087	-0.0184528025	0.0840623612	0.0535009025	0.1845140313	-0.1240254715	0.0305131807	0.0017948981	-0.0025014419	-0.0383992017	0.050784572	0.0374678789	-0.0119690466	0.0269632512	-0.1916189005	0.1085364917	-0.0276233399	-0.0618804635	-0.0201617076	0.0374680797	-0.0377245462	-0.0265032494	-0.03473643	0.0016442874	-0.0187928762	0.0474839611	-0.1581497154	-0.1264778388	0.0116389854	-0.0091911551	0.0462291358	0.1026022666	0.1432538062	0.0928926708	0.0422597233	-0.1015351611	-0.082278173	0.1576460196	0.079487003	0.0167204709	0.1775175838	-0.0226754368	0.1277634447	0.1237830955	0.1172407796	0.0159464382041818	-3.86513922020007e-06	0.0002542888913997	1.4939301191528807e-11	0.0322622569581199	0.0268237620230991	0.0007195142090718	0.0010408532240317	-0.0544519373326011	0.0354101487349396	0.0029650134792735	0.0012538786334305	0.0016289995985614	-0.0002799999638435	2.6536396921132024e-06	7.839997975241729e-08	-5.199998814942042e-05	-5.2927563117144416e-05	2.801326937519306e-09	2.7039987675398642e-09	4.230793910597452e-08	-0.0004479573385951	1.7899617113948478e-15	2.006657772012893e-07	0.0	0.0	0.0	0.0	0.0	0.0	0.0	0.0	0.0	0.0	0.0	0.0	0.0	0.0
872.676011729147	0.3511474056477937	0.1233045004931761	761563.4214474903	890.7986377369274	7.654149885301422	793522.2129939656	58.58601046665977	810.2167132856966	0.2060637732937493	656451.1224874768	0.0424622786640577	811.833957819181	638.8913527780427	0.98508	17.107227	0.0244238656674263	0.0165222504289179	-0.0215503481	-0.0035077658	-0.0133721783	-0.0447870459	0.1609963238	-0.1769053771	-0.0916259564	0.0889160048	-0.0112368453	0.0707224765	0.0272283821	-0.0242769764	-0.0110019505	-0.0361724288	-0.1387910318	0.1350773813	-0.0141547459	-0.0909633245	-0.0845991423	-0.0261322371	0.0927980226	-0.1224647841	-0.0421297194	-0.0607813918	0.0524940569	-0.0262357006	0.027516463	-0.0161296258	-0.0140129552	0.0355834888	0.0785124835	0.1146328775	0.0187443427	0.0053258093	-0.0795987499	-0.0890602956	-0.0806799545	0.1329743689	-0.019166984	0.1118943664	0.0669997535	0.1286739383	-0.020702312	0.080134938	-0.0267124321	0.0874049713	0.0228677879	-0.0405743735	0.0757017059	0.0209772445	-0.0359369839	-0.0289245617	0.0286405252	-0.0345775996	-0.0161627203	-0.1287474037	-0.0674749626	0.0499000725	-0.0148407654	-0.0154234974	-0.041508097	0.0414159752	0.0442591031	-0.0085427928	-0.0121408355	0.1724331553	-0.0238556697	0.0873572248	-0.0492905604	-0.0981238013	0.1653577277	-0.0232321746	0.0272510756	0.0685924184	0.0133341232	0.1272347401	0.1216944932	0.1126387502	0.0159790014344451	3.2563230263300824e-05	0.0002553284868419	1.0603639651807506e-09	0.0321919366388527	-7.032031926720167e-05	4.9449473018411745e-09	0.0010363207845599	-0.0503819210506861	0.004070016281915	0.0025383379687575	1.656503253505321e-05	0.0013670000364979	-0.0002619995620635	1.86868909978526e-06	6.864377052146583e-08	6.216051584573279e-08	5.206214866526615e-05	2.710467323644274e-09	3.863929730207597e-15	9.099991392995712e-05	9.095760599085114e-05	8.280984335259604e-09	8.27328608758692e-09	0.0	0.0	0.0	0.0	0.0	0.0	0.0	0.0	0.0	0.0	0.0	0.0	0.0	0.0
873.5799298877573	0.9039181586102814	0.8170680374654018	763141.893902699	891.760094085297	0.9614563483696656	795236.0654030179	0.924398309820332	811.0520371204917	0.8353238347950764	657805.4069172995	0.6977659089767522	812.5418789765545	637.4033128169867	1.032584	17.932196	0.0366260674706354	0.0244172812144168	-0.0005917492	-0.0047683249	-0.0322067991	0.0790293406	-0.0162116748	-0.1391742477	-0.0253497862	-0.0822934253	0.0993283121	0.0660721813	0.0106999131	-0.0698919802	0.0929330656	0.1014489737	-0.0320883688	0.1174702655	-0.0072342584	-0.0094889378	-0.0524697594	0.0467308276	-0.0053837624	0.0716074033	0.0630483335	-0.0464465386	-0.0643905642	-0.0892091579	-0.0567401552	0.1350908138	0.0431552011	-0.0477173475	0.0892343152	0.0355973328	0.0062033472	-0.0696061423	0.1450252196	-0.0318048881	-0.0697915301	0.1449688881	0.0288179375	0.0578037899	0.0150507623	-0.0536211155	-0.0613914755	-0.0557368143	0.0629478659	0.0402586101	-0.0071643507	0.0393683059	0.0908380228	0.0156442745	0.0078803671	-0.0119656685	0.0284018874	-0.037222139	-0.0179585121	-0.0879396692	-0.0480711477	0.0235176136	-0.0330862017	-0.0060150803	-0.1585797928	-0.0626224951	-0.0046500199	0.0693380271	-0.0381600994	0.0536195852	0.0882915301	0.0680777141	-0.0126798194	0.0319093345	0.2536966141	0.0537357966	-0.0690650475	0.0013968469	0.0227142756	0.1266188352	0.1192723348	0.1073422654	0.0159706191624735	-8.382271971602712e-06	0.0002550606764327	7.026248340591641e-11	0.0321598826505606	-3.20539882920981e-05	1.0274581654299622e-09	0.0010342580520978	-0.0670677356976767	-0.0166858146469906	0.0044980811716134	0.0002784164104337	0.0016010002164527	0.0002340001799548	2.563201693081592e-06	5.47560842188788e-08	7.299997063681118e-05	7.293781012096545e-05	5.319924145242009e-09	5.328995712975295e-09	-5.8427261899951163e-08	-9.105834119185708e-05	3.413744933125485e-15	8.291621500612654e-09	0.0	0.0	0.0	0.0	0.0	0.0	0.0	0.0	0.0	0.0	0.0	0.0	0.0	0.0
876.6697645091938	3.0898346214364665	9.547077987827432	768549.8760046053	903.901597109708	12.141503024410897	817038.0972574808	147.4160956917789	811.494541041279	0.4425039207873169	658523.3901397961	0.195809719912148	813.0388416129852	636.9217717326604	1.095584	19.026274	0.0805007991097915	0.046838248329591	-0.0119387611	0.0582794829	-0.0794327881	-0.0640055167	0.0042486318	0.0119834069	0.0478723493	0.0581930919	0.1436197511	-0.0865291376	-0.0022058925	0.0220899172	-0.0261951113	-0.0286818215	-0.0537601454	0.0813120781	-0.1241550668	-0.0571387063	-0.0407492655	-0.0367093312	-0.0068813487	0.0078807305	0.0024529343	-0.0191676487	-0.1353241284	-0.0547650032	-0.0401558303	0.0747527395	0.0730345023	-0.0599555493	0.0543033429	0.0608680132	0.0007366393	0.03305481	-0.0577175788	-0.0005243575	0.0050818869	0.045380763	0.1728729872	0.0783294771	-0.0057999425	0.0620694715	-0.0188103058	-0.061532716	0.0120887099	0.0017382921	0.0148929231	0.0780992385	0.1138346694	-0.0985926404	0.018964971	-0.0097027814	0.0446709266	-0.0022153879	-0.0665915156	-0.0900061058	-0.0121398409	0.00611271	0.0182347138	-0.0329538906	0.0560738231	-0.0240508736	-0.0832688292	0.0411512978	-0.1463425696	0.0505488897	0.07005935	0.1289324651	-0.0301726266	0.0091847135	0.0805972171	0.1033231229	-0.0441040958	0.1165589802	-0.0144299629	0.1259161521	0.1165232592	0.1013839798	0.0100008416305996	-0.0059697775318738	0.0001000168333203	3.563824378006641e-05	-0.0030838770116332	-0.0352437596621938	0.0012421225951264	9.510297422879716e-06	-0.0910481141495438	-0.023980378451867	0.0082897590901883	0.0005750585506947	0.0017610034476852	0.0001600032312325	3.101133142759161e-06	2.560103400484089e-08	0.0002190000487893	0.0001460000781524	2.1316022820532844e-08	4.7961021369715785e-08	-1.9278715404581683e-07	-1.343598921458656e-07	3.7166886765085496e-14	1.8052580617448643e-14	0.0	0.0	0.0	0.0	0.0	0.0	0.0	0.0	0.0	0.0	0.0	0.0	0.0	0.0
878.1067096506134	1.436945141419642	2.064811339449515	771071.3935334267	903.7187905249658	-0.1828065847421385	816707.6523479071	0.0334182474250846	812.6557626807752	1.161221639496148	660409.3886182724	1.3484356960341215	815.0792187218354	653.6846265536088	1.305249	22.667383	0.2683529414662599	0.1655794916680525	-0.0717867554	-0.0154595073	0.0194322163	-0.0748932895	-0.0915720767	0.0329006498	-0.0379409282	-0.0948982399	-0.0495091536	-0.1432682329	0.0795526035	0.0731356423	0.0597609791	-0.0463002473	0.1271405807	-0.0757840528	-0.0360926874	-0.1481427508	0.0246628078	0.0700013656	0.0321356662	-0.0553189276	0.0432086981	-0.0554515415	-0.1120577485	0.0637102276	0.0146797044	0.0088168267	0.1705839556	0.1175829672	0.0648529551	0.0134616497	0.0942414954	0.0324786342	0.0745806844	-0.0555413469	0.0287699332	-0.1774723041	-0.0198023217	0.1066435635	-0.0266021185	-0.0662353495	-0.0780191143	-0.0077445997	0.0159919285	0.0433641401	0.0098362092	0.1630341126	-0.0121094372	-0.1052295357	-0.0243766827	-0.0681647042	0.0472210978	-0.0255668634	-0.0940755376	0.0444037072	0.1630888549	-0.0245749312	-0.066444584	0.0979632751	0.0499604204	0.0820360833	-0.0181804751	-0.1309921999	0.0289818884	-0.1883024759	-0.0623236004	-0.0054406332	-0.1140598279	-0.0573460729	0.0019660949	-0.1444378928	0.025127442	-0.0574443676	-0.0134358561	0.1251271724	0.1134548014	0.0948006283	-0.0274798799264459	-0.0374807215570455	0.0007551438007718	0.0014048044884367	0.0111871975497876	0.0142710745614208	0.0002036635691376	0.0001251533890179	-0.0742892552218421	0.0167588589277016	0.0055188934414159	0.0002808593525586	-0.0007229994370905	-0.0024840028847757	5.227281860331798e-07	6.170270331574e-06	9.679752566160715e-07	-0.0002180320735326	4.75379850889617e-08	9.369760974209497e-13	-0.0012950035572475	-0.0012948107700934	1.6770342132836789e-06	1.6765349303500036e-06	0.0	0.0	0.0	0.0	0.0	0.0	0.0	0.0	0.0	0.0	0.0	0.0	0.0	0.0
875.6235920948777	-2.483117555735703	6.165872795602851	766716.6750331369	899.3252596173968	-4.393530907569016	808785.9225858982	19.30311383576422	811.9777600076278	-0.6780026731473754	659307.8827470049	0.4596876247949867	814.346266176099	644.1028317210767	1.153148	20.025959	0.1494858483314127	0.0734494791245962	-0.0349996419	0.0009803226	-0.0436631822	-0.0431680454	-0.1237517809	0.0197956287	0.150243633	-0.0272833698	0.0586931374	0.0946331576	0.0593673313	0.0638462114	-0.0083049588	-0.0296234291	-0.049097299	-0.1539620021	-0.023144612	-0.0042834773	0.0581179337	-0.0256553202	-0.1199907052	0.0276170739	0.0607854811	0.0364401947	0.007660096	0.1295396197	-0.0183932496	-0.0471171087	-0.0106194906	0.1281427955	0.0122855317	0.148615151	0.0622543266	0.027216365	-0.0542877348	0.0822541405	0.145804859	-0.0191009749	-0.0195488236	0.0133780156	-0.0394480046	-0.0461924289	-0.0377059407	-0.0358484869	0.0829345596	-0.0986664757	0.0183062331	0.0391735225	-0.002463996	0.0205587243	-0.022664831	-0.0307872225	0.0392203776	-0.0254159126	-0.0717050749	-0.0300751745	0.069688278	-0.0406875291	-0.019247688	-0.1336282071	0.0224744562	-0.0088874596	0.0346709982	0.0005505931	0.0980381838	-0.1417395596	0.068150411	0.0484486992	-0.1050469324	-0.0897427764	-0.1010594796	-0.1426164505	-0.1310349006	0.0350096542	0.0009453358	0.1242524367	0.1100753719	0.0876327994	-0.0422575889618883	-0.0147777090354423	0.0017857038248719	0.0002183806843361	0.0483210322098699	0.0371338346600823	0.0013789216765623	0.0023349221538272	-0.0740642460253582	0.0002250091964838	0.0054855125393047	5.062913850232889e-08	0.0003020935325423	0.0010250929696327	9.126050240388568e-08	1.0508155963905923e-06	0.0002839007028356	0.0002829327275789	8.005092833528355e-08	8.059960907054767e-08	-0.0006560433456712	0.0006389602115762	4.303928713994617e-07	4.0827015197763e-07	0.0	0.0	0.0	0.0	0.0	0.0	0.0	0.0	0.0	0.0	0.0	0.0	0.0	0.0
877.2572914929499	1.6336993980721672	2.6689737232613617	769580.3554775465	903.6395994409338	4.314339823537011	816564.5256777713	18.61352811295737	813.173830904184	1.1960708965561937	661251.6792673864	1.4305855895887365	815.4436694350198	642.9325440966167	1.034938	17.973085	0.0448629105174363	0.0288890990623575	-0.0399029015	0.0063914495	-0.0829171473	-0.1114070415	0.0673901756	0.0642704388	-0.1146123491	0.0646667671	-0.0608442771	0.0745614937	0.0382456551	0.0197830036	-0.0409261105	-0.1578248919	0.0462055748	0.0803955824	0.0288420275	-0.101354432	0.0060175215	-0.0526989847	0.0176581837	-0.0834852488	0.0617735377	0.0554145565	0.0998843464	-0.0415170336	0.117167171	-0.0133120405	-0.0872579438	-0.1082401207	0.0860654315	-0.0162196269	0.043472049	0.0370632295	-0.1327442323	-0.1645223193	-0.0248217121	-0.050622246	-0.0060676114	0.0277419179	-0.0229811909	0.0921230005	-0.0411480353	0.0439602567	-0.00921034	0.0189438249	0.07053519	-0.060665022	0.0044640969	0.1249355267	0.1119442967	-0.0300822954	0.033793755	-0.0117619894	-0.0672481599	-0.0761605237	-0.0081443358	0.0142176513	0.0061742544	-0.0448859196	0.1564592161	0.0248432563	0.0456051584	-0.2002085683	0.0367897198	-0.0875769272	-0.0158016222	0.033463079	0.036786521	-0.1586517577	0.0197313948	-0.0125233845	-0.1900997512	-0.0891089015	0.0756322055	0.1232925447	0.1063942335	0.0799246852	-0.0422074650150676	5.0123946820697374e-05	0.0017814701029981	2.512410044884098e-09	0.0390629996838782	-0.0092580325259917	8.571116625232028e-05	0.0015259179443026	-0.0781629193443222	-0.0040986733189639	0.006109441960427	1.67991229755873e-05	0.0003019098893896	-1.8364315269999657e-07	9.11495813112405e-08	3.3724807533594256e-14	-0.0002341157449108	-0.0005180164477464	2.683410401357988e-07	5.481018201513877e-08	-0.0007669648692853	-0.000110921523614	5.882351107178173e-07	1.2303584400873331e-08	0.0	0.0	0.0	0.0	0.0	0.0	0.0	0.0	0.0	0.0	0.0	0.0	0.0	0.0
879.0796841882417	1.8223926952917964	3.321115135852898	772781.0911524987	903.5862193169532	-0.0533801239805598	816468.0557395051	0.0028494376361799	813.3402139159301	0.1663830117461202	661522.303572811	0.0276833065977095	815.4749965979674	655.8528161268968	1.028442	17.860275	0.1197423669200221	0.0527911476813079	-0.0052662381	0.0142089778	-0.001927039	0.0180146047	-0.0049780879	0.0571091708	-0.0767631942	-0.1031812742	0.0863128594	0.0220316271	0.0047622089	0.0214741669	-0.0025310855	-0.1044195979	-0.0304582811	0.1582835157	0.0677979606	0.0987451323	0.000873551	0.0174994374	-0.1716482523	0.1210581467	0.0584905865	-0.0525476836	-0.0816167729	-0.1000450209	0.1683757652	0.0341247701	-0.1547971683	-0.034308595	-0.2026226023	0.0474180172	0.0030295184	0.0061114502	-0.0258005182	-0.1029986959	-0.0049878791	0.0914974403	0.0065888396	-0.1127462828	-0.0444633011	-0.1180578402	-0.1001304011	-0.165473289	0.0294927954	-0.0248456265	-0.0017478017	-0.0080156919	0.1082742524	-0.0643027404	0.2104290937	-0.0052612821	0.0309372524	-0.0235361828	-0.0486669893	-0.1113714728	-0.088271078	0.0669533724	-0.1020043451	0.0120014708	-0.0180730324	-0.0494651308	0.0339130945	0.0080793872	0.0271796597	-0.2061681022	-0.0448044447	0.0488900463	0.0877304805	-0.0079528493	0.0136492214	0.0085956101	-0.0708135595	-0.0501718394	0.0212130292	0.1222481541	0.1024214758	0.0717238087	-0.0109891296500563	0.0312183353650113	0.0001207609704657	0.0009745844629623	0.0235498034681143	-0.0155131962157639	0.0002406592568287	0.0005545932433868	-0.0915159294990672	-0.013353010154745	0.0083751653520782	0.0001783028801927	0.0007979581178053	0.0004960482284157	6.36737157771377e-07	2.460638449143545e-07	-6.501662892866023e-05	0.0001690991159821	2.8594511025941163e-08	4.2271620372470975e-09	-0.0012949740285775	-0.0005280091592922	1.6769577346902395e-06	2.7879367229645576e-07	0.0	0.0	0.0	0.0	0.0	0.0	0.0	0.0	0.0	0.0	0.0	0.0	0.0	0.0
877.0058055167488	-2.0738786714929347	4.3009727440733	769139.1829100813	909.7996414977234	6.213422180770181	827735.3876693861	38.606615196486864	812.1125295876204	-1.2276843283096923	659526.7607132037	1.5072088099772205	814.5787786145077	648.3113508086938	0.993185	17.247978	0.1198164664298753	0.0647327100542207	-0.0296693774	-0.0180932135	-0.0575358955	-0.0703191667	0.038596808	0.086430598	0.0067617379	0.1046166192	0.1218930125	-0.0089430177	0.0038861298	0.007138889	-0.0677609059	-0.0490793185	-0.0882919191	0.1397180082	0.00832591	-0.0207457835	-0.0676829419	0.0065111006	-0.0344760899	-0.0176162725	0.0311155679	0.0548420425	-0.084206319	-0.1127728845	0.0144643954	0.0109227271	-0.1175454891	0.1805406145	0.0123043614	0.2183750749	0.0158190604	0.0404587653	-0.1266212599	-0.0393139753	-0.0317486658	0.0943928231	0.0412689613	0.0297597888	-0.0285637561	0.0487861094	-0.0331264539	-0.089275433	-0.1041745008	-0.0714466131	0.0080795499	-0.0540770973	0.0950644664	-0.1119542124	0.018440953	-0.0236162321	-0.0084724423	-0.0176426714	-0.0215568673	-0.0556465151	-0.0467463941	0.0414825135	-0.0185913612	-0.037977856	0.1197145456	-0.0059374305	0.0163592425	-0.061269632	-0.0560622296	-0.1558430327	-0.0177199962	0.0384084746	0.0255247823	0.0701336447	0.051903786	-0.0027499387	0.0077488195	-0.0055529969	0.0840075223	0.1211199807	0.098167988	0.063080731	-0.0048727103987005	0.0061164192513558	2.3743306629603987e-05	3.741058445835585e-05	0.0082197012406197	-0.0153301022274945	0.0002350120343054	6.756348848504505e-05	-0.0560889283915031	0.0354270011075641	0.0031459678881071	0.0012550724074753	0.0003020000321804	-0.0004959580856249	9.120401943696265e-08	2.459744226967156e-07	-9.016259694405448e-08	6.492646633171617e-05	4.215446030323473e-09	8.129293887696023e-15	-0.0005969997036649	0.0006979743249125	3.564086461759784e-07	4.871681582371996e-07	0.0	0.0	0.0	0.0	0.0	0.0	0.0	0.0	0.0	0.0	0.0	0.0	0.0	0.0
878.0561918276667	1.0503863109179292	1.1033114021637769	770982.6760069042	896.9839729705415	-12.81566852718197	804580.2477660171	164.24135979860247	811.9061010998728	-0.2064284877476438	659191.5170031969	0.0426127205537791	813.9528863318612	651.1255234314846	1.036636	18.002575	0.0608717261626084	0.0396181603261751	-0.0306649544	-0.0461592318	-0.0331750992	0.0315135207	-0.0041964729	-0.0468042134	-0.07588375	-0.0605801915	-0.047904425	0.0322945553	0.0103399578	-0.0552971916	0.0814819586	0.0944024075	0.0226904459	0.0867538371	0.0446355995	-0.05188669	-0.0423682845	0.047064795	-0.0489949764	-0.0099143289	0.0195240306	-0.0286639719	-0.080096519	-0.038325878	-0.1821711196	-0.0608924985	-0.0137425767	0.1745346495	-0.0649183417	0.0235794713	0.0065189698	-0.04373866	0.1241608587	-0.0613555265	-0.0998766177	0.0629150131	-0.0076064345	0.0640615656	0.0238186675	-0.0019833118	-0.05464069	-0.0520576951	0.0777842011	-0.0589330384	0.0211355415	0.1443733403	0.0573778613	-0.0026722529	-0.1309764346	-0.0230269872	-0.0126701025	-0.0081764189	-0.0256785879	-0.0631304067	-0.0352066743	0.0341568652	-0.1114259394	0.1139858957	0.0327316619	-0.0121097061	-0.0017812967	-0.070365861	-0.0003598436	-0.1706602054	-0.0323993315	0.097626867	0.0573412254	0.0477874056	-0.0510252663	-0.074929608	-0.1202191763	-0.0630046359	-0.0095805034	0.1199087977	0.0936454286	0.0540487397	-0.0110509534923437	-0.0061782430936431	0.0001221235730899	3.817068772414989e-05	0.0274144132494598	0.01919471200884	0.0003684369691023	0.0007515500538121	-0.0558998819303724	0.0001890464611306	0.0031247967998295	3.5738564466039155e-08	-0.0002940000731681	-0.0005960001053485	8.643604302284816e-08	3.552161255754232e-07	1.0390899074508297e-07	1.9407158768913746e-07	3.7663781148182575e-14	1.0797078357661738e-14	-0.0007070000187086	-0.0001100003150437	4.998490264539608e-07	1.2100069309713269e-08	0.0	0.0	0.0	0.0	0.0	0.0	0.0	0.0	0.0	0.0	0.0	0.0	0.0	0.0
879.0959671082129	1.0397752805462233	1.0811326340349774	772809.7193859242	904.7153397597276	7.731366789186154	818509.8459965594	59.774032428930624	811.797522336088	-0.1085787637847488	659015.2172710113	0.0117893479450242	814.1411824716586	644.3125551040356	1.098765	19.081522	0.1012070265218623	0.0532156671724773	-0.030514254	-0.0048578871	-0.0284519578	-0.0105570899	-0.0697009289	0.0393568825	0.0683248405	-0.0014616832	-0.0481309157	-0.0528674748	0.0230551696	0.0576157593	-0.0115576765	0.0592739209	-0.0561523039	-0.064459739	-0.2318638423	-0.0247363379	-0.0731087927	0.0191748857	-0.0659010519	0.0370943029	0.0155155429	-0.0853622104	-0.019451293	0.1293083157	-0.1443240668	-0.0155166991	-0.1486387426	0.045221368	-0.0237149566	0.0041284648	0.0162789635	0.0246468408	-0.0048718385	0.1004048991	0.0382619997	-0.0105943715	0.1552481181	0.1124930755	0.1353988212	-0.0443054052	-0.0458909356	-0.0662696424	0.1140241407	0.0923041312	0.0131780895	0.0693520832	-0.0379465147	-0.0159206139	-0.0272220043	-0.0189358801	-0.0043801812	0.0043074131	-0.0545546804	0.081749956	0.1215499161	-0.0232166707	-0.0344001253	-0.0299247318	0.1571883208	0.0090577355	-0.0071390934	0.0368894447	-0.0450975677	-0.0862504374	0.0217004415	0.0443268665	-0.0447665107	0.0314421875	-0.1027314513	-0.165846719	-0.0239022674	0.0346930353	0.0313777209	0.1186154352	0.0888661936	0.0446835199	-0.0109987531134123	5.220037893139892e-05	0.0001209725700497	2.724879560581636e-09	-0.0053377679528523	-0.032752181202312	0.001072705373509	2.8491766718497037e-05	-0.0865476818705985	-0.030647799940226	0.0074905012371743	0.0009392876411761	-0.0002148968452903	7.910322787779998e-05	4.6180654115723134e-08	6.257320660687152e-09	0.0004380501490761	0.0004379462400853	1.9179690920489933e-07	1.9188793310559346e-07	-0.0004689525866639	0.0002380474320447	2.1991652853876267e-07	5.6666579903076097e-08	0.0	0.0	0.0	0.0	0.0	0.0	0.0	0.0	0.0	0.0	0.0	0.0	0.0	0.0
878.9940523139124	-0.1019147943004554	0.0103866252973041	772630.5440032331	903.7443380975104	-0.9710016622171906	816753.8286433072	0.9428442280285472	813.8774291137054	2.0799067776173388	662396.4696207346	4.326012203578542	815.9331492753787	657.9315106786214	1.089794	18.925726	0.1242777024131759	0.0643608386710804	-0.0079426706	-0.0755812225	0.037943546	0.0101954931	-0.0332312565	2.1295e-06	0.040962344	0.0284492048	-0.2130217731	-0.0265622566	0.0306321538	0.0188555366	0.0438465272	-0.0517936542	0.1751157401	-0.0828120868	0.0661360044	-0.0573492113	0.0598522674	-0.0581008397	0.0595516926	-0.0280703495	0.0864893229	0.0087166804	-0.0138585059	0.0615178631	-0.0251138073	0.0231498684	0.0833677942	-0.0451127076	-0.1138201887	0.0311087833	0.0311277752	-0.0087673085	0.0477778662	-0.0268779774	0.0257740271	-0.174400174	-0.1001500317	0.0080791977	-0.0978973824	0.021356305	-0.0456257638	0.0357820096	-0.0919782304	-0.0217491405	0.058156029	0.0536794708	0.0249769602	0.0082982172	-0.0394528568	-0.0095951601	-0.0226308879	-0.0224813354	-0.0229506549	0.0334668171	0.0965003796	-0.0203341874	-0.0170678225	0.1101478187	0.0089522293	0.066246366	-0.0047573598	-0.1596066072	0.0979307174	-0.0890315197	-0.0916275806	-0.0656184384	-0.0515259642	0.0042084856	-0.0329345248	-0.1357222667	-0.037667219	-0.0820901861	-0.0232163073	0.1172407796	0.0838433825	0.0350428114	-0.0215793599651448	-0.0105806068517325	0.0004656687765052	0.0001119492413509	0.0449001969871289	0.0502379649399812	0.0025238531213107	0.0020160276894829	-0.0676909198921293	0.0188567619784691	0.0045820606358426	0.0003555774723126	-0.0004349998227145	-0.0002201029774241	1.892248457616464e-07	4.8445320670997886e-08	1.528717601395613e-07	-0.0004378972773159	1.917540254807312e-07	2.3369775048167565e-14	-0.0007029997047836	-0.0002340471181197	4.942085849258288e-07	5.477805350013683e-08	0.0	0.0	0.0	0.0	0.0	0.0	0.0	0.0	0.0	0.0	0.0	0.0	0.0	0.0
878.7687390030045	-0.2253133109079499	0.0507660880723025	772234.4966489306	897.7932498733719	-5.951088224138516	806032.7195181908	35.41545105148012	812.9068489141514	-0.9705801995539788	660817.5450115349	0.9420259237662412	815.3499871013321	648.484310903916	1.1715	20.344656	0.1481487639517072	0.0835945341885219	0.0101865026	-0.0453163387	0.0243399661	0.0961379492	-0.0325043502	-0.0960834149	0.0390863537	0.0357678734	0.0496573939	-0.0034815687	0.0177951696	-0.0663986454	-0.0821454753	-0.0636937721	-0.1556261321	-0.0042336271	0.046753173	0.0769612891	0.0738518482	-0.0233947547	-0.063587202	0.0907565342	0.090088076	0.1102753196	0.0249770778	0.1824388303	0.0539953983	-0.029510506	-0.0128183263	-0.05663923	-0.0341093698	-0.0797359695	0.0094325772	-0.0574333952	-0.1131741026	0.0790155044	0.1015992954	0.142845933	-0.0446652316	-0.0992036276	-0.1060945477	-0.0905911	-0.1126860837	-0.0197708837	-0.087527289	-0.0513251857	0.0234763874	-0.0020183121	-0.1021648648	0.0684909776	0.084639616	0.0041795842	-0.0395317842	-0.0339192174	0.0280453771	-0.0622579075	-0.1134084272	0.0878722337	-0.0567923253	-0.1290513279	0.01862183	-0.0178523651	0.0914717298	0.026683765	0.0698158913	-0.0989624876	-0.0089733316	-0.0539546836	-0.0026797702	-0.1083290278	-0.0455836245	-0.1433710546	0.0205006735	0.0695769201	0.1185817588	0.1157857731	0.0785907625	0.0251860523	-0.0091158940338971	0.0124634659312477	8.309952403724074e-05	0.0001553379830193	-0.0243856283319274	-0.0692858253190563	0.0048005255901427	0.0005946588691429	-0.0245890737312635	0.0431018461608658	0.0006046225469615	0.0018577691424749	-0.0002939778667354	0.0001410219559791	8.64229861302966e-08	1.9887192068171216e-08	9.406952419088732e-05	9.391665243074776e-05	8.820337603797881e-09	8.849075381499935e-09	-0.0004719857823827	0.0002310139224009	2.2277057877140946e-07	5.336743234304907e-08	0.0	0.0	0.0	0.0	0.0	0.0	0.0	0.0	0.0	0.0	0.0	0.0	0.0	0.0
879.6274881824969	0.8587491794924063	0.737450153278881	773744.5179662487	901.9063767519864	4.11312687861448	813435.112425896	16.917812719580898	813.7557344186118	0.8488855044604406	662198.3952991744	0.7206065996830567	815.9867217295638	661.248855456939	1.20407	20.910282	0.0324135510580573	0.0190583140147939	0.0246610003	-0.0807908103	0.0387686112	0.042336016	0.07124474	-0.0114610141	-0.1114180461	0.0390748885	-0.0680503639	0.0288289009	-0.0125460616	-0.0753247733	-0.0392982943	-0.0726087797	0.1003986793	0.0961134479	-0.0804998813	0.0795764709	-0.0461363784	0.0616696419	0.0624432133	-0.1977929309	0.028454367	0.0697084485	0.0572359224	0.0198805308	-0.012445324	0.0639929929	-0.0472547339	0.0052055526	-0.0354055672	0.0036015212	-0.0219070186	-0.065050998	-0.0618738761	-0.1098012868	-0.0947225963	-0.0795448657	0.0650082777	-0.011059011	0.1002270483	-0.0301842067	-0.0440128417	0.1624775961	-0.0652600555	0.0759550247	0.0734750458	0.0058313698	-0.0142243752	-0.0119841555	0.0254178212	0.0078919654	-0.0482563242	-0.0300920638	0.039152936	-0.0006723316	0.0126897667	0.0648226164	-0.0559459578	0.189105575	0.1153690981	0.0031077601	0.0505807066	-0.025647529	-0.0826680832	0.0553984431	-0.0648473418	0.0213266165	0.0196916188	0.0006826918	0.0221366505	-0.1417909071	-0.0135358991	-0.0913230097	-0.0246596034	0.1142514127	0.0731227308	0.0151740128	-0.0091576284978884	-4.173446399130011e-05	8.386215970533776e-05	1.7417654846411255e-09	-0.0243921514667562	-6.523134828798766e-06	4.2551287994687495e-11	0.0005949770531771	-0.0420032675603465	-0.017414193829083	0.001764274485746	0.0003032541467168	-0.0003459998362637	-5.2021969528300005e-05	1.197158866945072e-07	2.7062853136033743e-09	5.52075301030186e-08	-9.40143166607843e-05	8.838691737194224e-09	3.0478713800757047e-15	-0.0003190000759687	0.000152985706414	1.0176104846803636e-07	2.3404626366990603e-08	0.0	0.0	0.0	0.0	0.0	0.0	0.0	0.0	0.0	0.0	0.0	0.0	0.0	0.0
878.2277911065095	-1.399697075987433	1.9591519045277697	771284.0530718188	900.8514987648308	-1.054877987155578	811533.4228268419	1.112767567785404	812.1193359161217	-1.636398502490124	659537.8157688426	2.67780005895192	813.7195743846002	646.0044112897837	1.144878	19.88233	0.0574647380828357	0.0384804408338588	0.0397812436	-0.0853175677	0.0262170108	0.1209515829	-0.1097510443	0.0119147725	0.0183353456	-0.0609957286	0.028111053	0.0298846945	-0.0195172134	-0.1216972125	0.0331571798	0.1210710625	-0.0212026827	-0.0182287132	0.0132749107	0.0239054143	0.0519492103	-0.1290693297	0.0376980894	0.008294796	0.012256533	-0.0511151372	-0.0254918115	0.1230182209	0.0380209952	0.0174886993	-0.0117825682	-0.1164462767	0.1310314925	-0.0226474996	-0.0354367847	-0.1199200788	0.1076916478	0.1297664653	0.0171603703	0.0353172176	-0.0004438903	-0.052518751	-0.0635486219	0.0768400063	-0.0050189792	0.0207060962	0.0118029758	0.0829891946	-0.0208577687	-0.08070799	-0.0432071109	0.0728474694	0.0754376738	0.0361056138	-0.0605791295	-0.0420085506	0.0584130225	0.0951360188	0.064115696	0.0373854445	-0.0247104504	-0.0152911577	-0.0206351034	-0.049894915	0.0901430165	0.0313243273	0.0873703577	-0.0634052229	0.0630547846	-0.0319580972	0.0151169691	0.0071916357	0.0509095241	-0.0896989614	0.0018510868	-0.0971973486	-0.0157551012	0.1126387502	0.0674542747	0.0050684204	-0.009120306902318	3.732159557040017e-05	8.317999799246934e-05	1.3929014959205134e-09	-0.02446496670062	-7.281523386380023e-05	5.30205828263992e-09	0.0005985345956624	-0.0254052948173182	0.0165979727430283	0.0006454290047548	0.0002754926991783	0.0004019998628266	0.0007479996990903	1.616038897126052e-07	5.595035498391794e-07	-7.759392706141456e-08	-1.3280145716443317e-07	1.7636227024996773e-14	6.020817516812123e-15	-0.0003860001456287	-6.700006966000005e-05	1.4899611242537765e-07	4.489009334444859e-09	0.0	0.0	0.0	0.0	0.0	0.0	0.0	0.0	0.0	0.0	0.0	0.0	0.0	0.0
880.029058206556	1.801267100046516	3.244563165709986	774451.143287918	911.8660376907944	11.01453892596362	831499.6706939093	121.32006775156782	813.4390647874823	1.319728871360553	661683.1121223337	1.7416842939025992	816.1318229871375	654.8947917752541	1.074518	18.660439	0.0873417698580879	0.0510987233704575	0.0589030418	-0.0642004767	-0.0255539196	-0.0150384828	0.0147122103	0.1455235479	-0.023460402	0.1154130809	0.0812010858	-0.0409327753	-0.0480079803	-0.1221680906	-0.1058647538	-0.0486370791	0.0297140437	0.0929576273	0.052943205	-0.0898944911	0.0204081348	-0.1697839313	0.055156979	0.0035638968	-0.0571838071	-0.0234608179	-0.0541221638	0.0415609233	-0.0658728797	-0.1109448676	-0.105435917	-0.0922036953	-0.0344648648	-0.1229573433	-0.0498816522	-0.0865156675	-0.1153302321	-0.0132233222	-0.0509068467	-0.0439012085	0.0451544988	-0.0328908275	-0.158981086	0.1750679022	-0.0468093245	0.0172728901	0.0319072859	0.0038315383	-0.0766388377	0.0183970287	-0.1304552318	0.074582577	0.0087871139	0.0448235915	-0.0768917493	-0.0402418862	0.0852567759	0.0134629982	-0.0284893637	0.0532464701	0.0824331474	-0.0677138355	0.0822165074	0.015640512	0.0512048667	-0.1929233324	0.0780147669	-0.0607818615	0.0229903672	-0.0434459579	0.0586965702	0.0472497199	0.0308788366	0.0392505888	-0.0184003378	-0.0308740712	-0.0150354346	0.1109488906	0.0616009311	-0.0050684204	-0.009165809068051	-4.550216573299959e-05	8.401205587196593e-05	2.070447086393362e-09	0.0102275993598084	0.0346925660604284	0.0012035741398571	0.0001046037886647	-0.00330528295747	0.0221000118598482	1.092489542894163e-05	0.0004884105242054	6.000000356450449e-05	-0.000341999859262	3.600000427740551e-09	1.1696390373529313e-07	-3.550768790105962e-09	7.40431582713086e-08	5.4823892867900544e-15	1.2607959000790558e-17	-0.0001180002526075	0.0002679998930212	1.392405961543381e-08	7.182394265937466e-08	0.0	0.0	0.0	0.0	0.0	0.0	0.0	0.0	0.0	0.0	0.0	0.0	0.0	0.0
879.3405320671319	-0.6885261394240842	0.4740682446702335	773239.7713361066	904.1110385052568	-7.754999185537599	817416.769947054	60.140012367688826	813.1768256887245	-0.2622390987577319	661256.5498371903	0.0687693449172674	815.4975094037635	659.1453890552888	0.999407	17.356033	0.0605681960794462	0.0436662601068441	0.0688827248	-0.0857633714	0.0193091822	0.1135574616	0.0411675607	0.0260205489	-0.1163073733	-0.0464133113	0.1242099478	0.0147562072	-0.0316533685	-0.1446250265	-0.0372609188	0.0246162564	-0.039388127	0.1314135421	-0.0399208606	0.0880996257	0.0364319227	0.0552659548	0.058144493	0.0948242441	-0.1090783135	-0.0684130873	-0.1312600586	0.0198313036	-0.013727867	-0.0630727675	0.1644439549	0.1861047521	-0.0135520337	-0.031050999	-0.0476558648	-0.1236601338	-0.0315031045	-0.000448306	-0.0741434272	0.1011059267	0.0679823315	-0.0675028559	-0.0165511689	-0.0445964319	0.0535413628	-0.005021244	-0.0521174068	0.0769949301	-0.0841216297	0.1311177992	-0.007616586	-0.1505390496	-0.1062444592	0.0542809886	-0.0829478503	-0.0446736616	0.0924726662	-0.0433441382	-0.1316531787	0.1185449615	-0.0566484329	0.0367731611	0.0146933627	-0.0504565893	0.081786603	0.061376115	-0.0054075724	-0.0867429577	0.0160180012	0.0082082528	0.069668468	0.0277009493	0.0141804895	-0.0161229775	0.0425777844	-0.0487969792	0.0420799415	0.1091829923	0.0555787436	-0.0151740128	-0.0091477432510203	1.806581703069944e-05	8.368120658658745e-05	3.2637374498670996e-10	-0.0298029730141848	-0.0400305723739932	0.0016024467245895	0.0008882172004842	0.0007130195035784	0.0040183024610484	5.083968124831879e-07	1.614675466846763e-05	0.0003279996437607	0.0002679996401961	1.0758376630714613e-07	7.182380714529026e-08	-2.9513809174375183e-08	-2.5963040384269224e-08	6.740794659951944e-16	8.710649319814327e-16	-0.0001799997579184	-6.199950531089999e-05	3.23999128506826e-08	3.843938658796316e-09	0.0	0.0	0.0	0.0	0.0	0.0	0.0	0.0	0.0	0.0	0.0	0.0	0.0	0.0
879.462351690055	0.1218196229231125	0.0148400205291293	773454.028040202	906.6816780783912	2.570639573134372	822071.6653630474	6.608187814964466	813.8772162923462	0.7003906036217131	662396.1231997786	0.4905469976415876	816.2153506234428	655.3535943700717	1.003823	17.432724	0.0185045502869009	0.0117133433228917	0.0751543298	-0.1240023961	-0.0028069875	0.1054783972	0.0154639073	0.0284538851	-0.0233523913	0.0840328664	0.0734120452	-0.0780759001	-0.0398078634	-0.104188835	-0.0655748307	0.0297643907	0.1233358033	-0.0415794576	-0.1756613589	0.0382133496	-0.0418330314	0.0257130776	0.0406432842	0.0206847081	-0.1719464625	-0.0658837813	0.0143927272	-0.049345856	-0.0998495939	-0.1277351723	0.0871964522	0.1013397175	-0.0505558305	0.00530325	-0.0563023383	-0.111081773	-0.0291471732	0.0482274072	-0.0393546727	-0.1363315151	0.1415438471	0.0032557516	0.0857246218	0.0174125037	0.0680658925	0.0349127343	-0.0582493	0.021793532	-0.1347386301	-0.0205284217	0.0400642467	-0.1763804449	-0.1534179768	0.0570521647	-0.0983364888	-0.0458924849	0.0973113244	0.0997684478	0.0585342557	0.0421991597	0.0344682888	0.0809522597	0.1387917338	-0.0041809857	0.0565897435	-0.0279970618	-0.1019730731	0.0502025464	0.0711274159	0.059274612	-0.0004952694	0.1048122876	0.0397636799	-0.0099155461	-0.0413800134	-0.0420767537	-0.099822429	0.1073422654	0.0494042187	-0.0251860523	-0.0035454971493891	0.0056022461016312	1.2570550036326234e-05	3.138516138324198e-05	-0.0297448211101425	5.8151904042298697e-05	3.3816439437447154e-09	0.0008847543828743	0.0081063291993359	0.0073933096957574	6.57125730880058e-05	5.466102825738184e-05	0.0003250000532491	-2.999590511600016e-06	1.0562503461191786e-07	8.997543237280846e-12	-1.202304833469725e-08	1.7490760839677932e-08	3.059267147508111e-16	1.445536912584663e-16	-7.399998748144112e-05	0.0001059997704369	5.4759981472534435e-09	1.123595133268798e-08	0.0	0.0	0.0	0.0	0.0	0.0	0.0	0.0	0.0	0.0	0.0	0.0	0.0	0.0
878.9599234743171	-0.5024282157379503	0.2524341119696203	772570.5470739773	898.7972891175901	-7.884388960801061	807836.5669251289	62.16358928520164	813.5995976169139	-0.2776186754323362	661944.3052424042	0.0770721289488048	815.3494269558203	647.4257527239048	1.025656	17.811882	0.0881050176794368	0.0588952633533881	0.0733155298	-0.1090059859	0.0228830043	0.1281861216	-0.0073871471	-0.0498417085	0.0766657968	0.0298131282	-0.1019927635	-0.0548209044	-0.0469797275	-0.0930138697	-0.0053809479	0.0395087797	0.112103375	-0.168596851	-0.0330220527	-0.0440429541	0.0510435231	-0.0950657541	0.0124060535	0.022471846	-0.0514666971	0.0904414707	0.021740259	-0.1500318634	0.0181016202	0.1324037181	-0.0896485809	0.0403249037	-0.0298119335	0.0069873195	-0.0593831713	-0.097611585	0.0521950434	0.1112562056	0.0309475442	-0.1487605084	-0.0251461059	-0.013045934	-0.0652044607	0.0739325176	0.140398089	-0.059881021	-0.04698266	0.0248723702	0.0438447486	-0.0822325793	0.0709126252	-0.0077402136	0.0601055656	0.0677506974	-0.0952850455	-0.018445778	0.0720608298	0.1486012662	0.1086919892	-0.0121920833	0.0511107633	0.0069038675	0.0265687984	-0.0369121916	0.0248997626	-0.0424803164	0.0878745423	-0.047696836	0.0381344483	-0.0506164904	-0.0132294103	0.1512777574	0.0884483464	0.0102752656	0.1042353117	-0.0337300674	-0.0824362474	0.1054279714	0.0430942802	-0.0350428114	0.0093838498326164	0.0129293469820055	8.805663768109486e-05	0.000167168013381	-0.0153191665021239	0.0144256546080186	0.0002080995108698	0.0002346768623197	-0.0481933995903602	-0.0562997287896961	0.0023226037640761	0.0031696594617933	0.0002860002987819	-3.899975446719999e-05	8.179617090333608e-08	1.5209808485018855e-09	-1.7739964608409764e-08	-5.7169162737125134e-09	3.268313168063897e-17	3.14706344307631e-16	-0.0001240002620923	-5.000027461085887e-05	1.5376064998959088e-08	2.500027461161298e-09	0.0	0.0	0.0	0.0	0.0	0.0	0.0	0.0	0.0	0.0	0.0	0.0	0.0	0.0
881.705354606666	2.7454311323489264	7.537392102470708	777404.3323420666	904.6494809930974	5.852191875507288	818390.6834610805	34.2481497477535	814.7800416963113	1.1804440793973754	663866.5163466427	1.3934482245843172	816.8952185015812	663.3050910913028	1.053585	18.296917	0.0965973826302226	0.047524062688572	0.0968852021	-0.0326811007	0.010564823	0.0558709322	0.064483238	0.0590098465	-0.0020403834	0.0807249105	0.0048950347	0.0094812721	-0.0774675822	-0.046370374	-0.1607860913	-0.0656303477	0.1223678162	-0.0205123917	0.027028849	-0.0319930358	0.01168432	-0.063601492	0.0569275806	0.0088929483	-0.0071034537	0.0507948131	0.0487240564	0.0192051585	0.089982514	0.1175714551	-0.0160882185	0.0518860249	0.0263614212	-0.0582312162	-0.0837464554	-0.0424134254	-0.1266871903	0.0142214257	-0.074532594	-0.1108000653	-0.0185229466	-0.0704354563	-0.1042611035	0.0542188138	0.0254724344	-0.0180688001	-0.0666635745	0.0835552946	0.0704248856	-0.0970447983	-0.0246220941	0.0137033493	0.0828137237	0.0852926985	-0.1148653805	0.0194526616	0.0663616625	0.0637102182	-0.0526856586	0.004554525	0.1319531446	-0.0780197798	0.0551271823	-0.0281487076	0.017799482	-0.0998864788	0.0816669357	0.033536386	-0.0665577288	-0.1057986231	0.0900878252	0.0455537986	-0.0161007571	0.0729283243	0.0049493941	0.0230844823	0.0074092179	0.1034414224	0.0366662233	-0.0446835199	0.0263849480322733	0.0170010981996569	0.0006961654826657	0.0002890373399943	0.0190900766370276	0.0344092431391515	0.0011839960134092	0.0003644310260075	-0.0722803192142294	-0.0240869196238691	0.0052244445457108	0.0005801796969667	0.000129002858489	-0.0001569974402929	1.6641737498332958e-08	2.4648196258522704e-08	0.0001709980206248	0.0001710157605894	2.924639036997385e-08	2.9240323057599524e-08	-3.0011029623707656e-05	9.398923246859232e-05	9.006618990750584e-10	8.83397582003509e-09	0.0	0.0	0.0	0.0	0.0	0.0	0.0	0.0	0.0	0.0	0.0	0.0	0.0	0.0
881.8048214487065	0.099466842040556	0.0098936526655209	777579.7431301853	903.5022631310798	-1.1472178620176692	816316.3394829829	1.3161088229323918	814.7494838200183	-0.0305578762929599	663816.7213849863	0.0009337838035358	816.476643700466	670.8582547499583	0.888221	15.425141	0.0885715146878244	0.0476450560393347	0.1071369085	-0.0642188283	0.0478103701	0.134190255	0.048750546	0.0132408373	-0.1072063987	-0.0224570578	0.0809514016	-0.0446410546	-0.0932419794	-0.1216154808	-0.1418207937	-0.0619266794	-0.0021303285	0.0956992097	0.1535296655	0.1171030591	0.0640405804	-0.0484284836	-0.0853429958	0.0209605287	0.0820587877	0.0351358157	0.1173011321	0.1128896463	0.1782971608	0.0683219597	-0.0569464289	-0.0211567935	-0.0320423929	-0.1428813759	-0.0967875948	-0.1030449759	-0.0990226763	0.0078938372	-0.0746319778	0.0651842548	-0.0761119709	-0.1629072954	-0.1590357555	-0.1042829782	-0.0944442438	0.0188320923	-0.0374644309	0.0179244732	-0.0384538941	-0.0587467151	-0.1412339417	-0.032231868	0.1524121227	0.0899862005	-0.1242515634	-0.0080159423	0.1112249521	-0.0025244131	-0.1748353668	0.0860283686	0.0090152139	-0.0016083647	-0.0494137217	-0.0666128675	0.0253267123	0.0475470862	0.0621211115	-0.0192629945	-0.0581172953	-0.1148488451	0.1240109777	0.0450790134	-0.0176976807	0.0453771799	0.0819526285	-0.0417399655	0.0837977712	0.1013839798	0.0301376669	-0.0540487397	0.0264274512427533	4.2503210480000775e-05	0.0006984101791881	1.8065229011072478e-09	-0.0210434038646809	-0.0401334805017084	0.001610696257181	0.000442824846212	-0.0505341452898022	0.0217461739244271	0.0025536998401708	0.0004728960803514	0.0003549997998139	0.0002259969413249	1.2602485786790908e-07	5.1074617488210295e-08	1.8799599432739456e-08	-0.0001709792210253	2.9233894022441392e-08	3.5342493883145766e-16	0.0001059999490502	0.0001360109786739	1.1235989198644996e-08	1.8498986319834163e-08	0.0	0.0	0.0	0.0	0.0	0.0	0.0	0.0	0.0	0.0	0.0	0.0	0.0	0.0
880.8942520599805	-0.9105693887260032	0.829136611684847	775974.6833123126	909.1618528985358	5.659589767456055	826575.2747658988	32.03095633589328	814.3974137982638	-0.3520700217545709	663243.1476013005	0.123953300218264	816.3841171442905	662.763717853106	1.033712	17.951788	0.0487844628631008	0.0250368630922775	0.123295942	-0.0593457956	0.0123423416	0.0929258058	0.0821205685	0.0677911907	-0.0146665883	0.0070230354	0.0704321878	-0.0377387407	-0.1005272031	-0.0349268367	-0.1530461571	-0.0300581666	0.0786461909	0.0035279892	-0.0323958221	0.163128737	-0.0439354856	0.1142183177	0.1512547058	-0.0683093665	-0.0220709249	0.0282797839	0.0457802377	0.2591781595	-0.0773933474	-0.0239089499	0.0411090712	0.0887267897	0.0373233741	0.1142065278	-0.1096532347	-0.0415127657	-0.1187178694	0.0227750889	-0.0894169841	-0.059856071	0.0233825008	-0.0963276599	0.0784501754	-0.1128495609	0.037183383	0.0763898862	-0.0978753965	0.0496242413	-0.0387693133	-0.0779171968	-0.0540724252	-0.0805562249	-0.1073023541	0.1042716778	-0.1359950102	0.0092738907	0.0983998714	0.1321846073	-0.0366917133	-0.0006364301	0.0618154907	0.0741960466	0.0745697617	-0.042931852	0.0089142078	0.0834196439	-0.0668474636	0.1685408986	-0.040369197	0.0404316609	-0.015405	0.0216666438	-0.1020927324	-0.1005324977	-0.0069040069	0.0210770026	-0.0280281226	0.0992570537	0.0235265052	-0.063080731	0.0258492522842175	-0.0005781989585358	0.0006681838436531	3.343140356518853e-07	-0.0103384871608938	0.010704916703787	0.000114595241635	0.0001068843167759	-0.0671326033092185	-0.0165984580194163	0.0045067864270728	0.0002755088086223	0.0004750191140298	0.0001200193142159	2.2564315869365613e-07	1.4404635784854935e-08	-0.0002429621131159	-0.0002429809127153	5.903972394397615e-08	5.903058840974338e-08	0.0001610575057462	5.5057556696000006e-05	2.5939520157187248e-08	3.031334549333255e-09	0.0	0.0	0.0	0.0	0.0	0.0	0.0	0.0	0.0	0.0	0.0	0.0	0.0	0.0
877.6770357080214	-3.217216351959109	10.35048105531308	770316.9790092196	902.7838785741236	-6.377974324412207	815018.731413338	40.67855648286135	812.6189964281073	-1.7784173701564896	660349.6333558242	3.1627683424743247	814.5477083598342	651.4268394525235	1.091759	18.959848	0.0281181315864647	0.0141979247780929	0.1249077153	-0.1053003001	-0.0146039658	0.1036188122	-0.0067863468	0.0354236232	0.0529839088	-0.0808918047	-0.076727776	0.12810354	-0.0999630284	-0.0784884643	-0.1090196322	0.1456611337	0.0208395838	-0.1552324007	-0.0290238864	0.1000659049	0.1090553813	0.0706683018	0.0528193566	-0.100147488	0.1123773296	-0.0775527187	0.1792759795	0.011438405	0.1239563282	-0.0588815398	-0.1919173384	-0.0027371809	0.1343058561	0.022741218	-0.0997206081	-0.0733382725	0.0329583214	0.2271666381	-0.0314946444	-0.0566329621	-0.0133487324	-0.0088860052	0.0299123286	-0.097946278	0.0150147444	0.2224993073	0.0449448433	0.0317461002	-0.0882705917	-0.053323269	-0.0662857671	0.1319491662	-0.0309757158	0.1143607602	-0.1438567605	0.0006596896	0.1090317466	0.1761597432	0.0291492068	-0.039582044	0.0510364451	0.0057477242	-0.0461346407	-0.104708695	-0.0200364245	0.1040392205	0.0579245305	0.1383751795	-3.77957e-05	-0.0163165333	-0.1033818385	0.018630939	0.0839782947	-0.0913799582	0.045108546	-0.0074921287	0.0936571531	0.0970621018	0.016850859	-0.0717238087	0.0247695119340818	-0.0010797403501357	0.0006135287214526	1.165839223711166e-06	0.0009465923657785	0.0112850795266723	0.0001273530199233	8.960371069501376e-07	-0.0666283670025507	0.0005042363066677	0.0044393392894265	2.542542529619772e-07	0.0006120058383951	0.0001369867243652	3.745511462296893e-07	1.8765362652334668e-08	-0.000158976236489	8.39858766269e-05	7.0536274727888674e-09	2.5273443768206456e-08	7.70485986786201e-05	-8.40089070675799e-05	5.936486558339061e-09	7.0574964666892765e-09	0.0	0.0	0.0	0.0	0.0	0.0	0.0	0.0	0.0	0.0	0.0	0.0	0.0	0.0
879.6198177638308	1.9427820558094029	3.774402116375009	773731.023802875	910.0552303760082	7.271351801884634	828200.5223347294	52.87255702677092	814.0553887095009	1.436392281393637	662686.1758869766	2.063222786047217	816.9465759491252	658.1076263166391	1.062179	18.446148	0.0513529214887713	0.0315894808546979	0.1335292351	-0.0747239386	-0.1043084309	0.0232632483	0.1019248667	0.1066598831	-0.002365378	0.0718759968	0.0887563471	-0.0249954359	-0.1351074773	-0.054263941	-0.2031467511	0.0326696502	0.0187763637	-0.0445519337	0.0033917468	-0.031180168	0.1002071892	-0.0409366049	0.0354556532	0.0038261673	-0.0730034318	-0.0711501281	0.0266237999	0.0700089159	-0.0773966609	-0.0462787183	0.0005766273	0.1287474706	0.1291757225	-0.0245647992	-0.1273737346	-0.0301266918	-0.1169495437	0.1295409914	-0.1038147805	-0.0798307741	0.0014747584	-0.0087130892	-0.1112317597	-0.0136668173	-0.0217608993	0.0604161003	0.047115659	0.0717098063	-0.0993781458	-0.0309503357	-0.043491618	0.0339678905	-0.1392007222	0.1205031732	-0.1571924954	0.0234504202	0.1016458098	0.1038751423	-0.0690445885	-0.0238008998	0.1401024619	-0.103519815	0.0999613446	-0.0437536537	-0.0095785664	-0.1222317899	0.0786032148	0.1261510042	-0.0208256979	-0.0062126257	-0.0211544938	-0.0320040289	0.0133463512	0.0670908066	-0.0523112461	0.0399912141	0.0643477395	0.0948006283	0.0101290257	-0.0799246852	0.0247610239318589	-8.488002222899887e-06	0.000613108306154	7.204618173595342e-11	0.008411138031974	0.0074645456661955	5.571944200271802e-05	7.074724299291945e-05	-0.0493963008503754	0.0172320661521753	0.0024399945377007	0.0002969441038729	0.0002430060484748	-0.0003689997899202	5.905193959533686e-08	1.3616084496122552e-07	-7.898040589182642e-05	7.999583059717358e-05	6.399332912931693e-09	6.237904514837649e-09	0.0001610094115247	8.396081284607989e-05	2.5924030599530195e-08	7.049418093774453e-09	0.0	0.0	0.0	0.0	0.0	0.0	0.0	0.0	0.0	0.0	0.0	0.0	0.0	0.0
878.2509412666965	-1.3688764971343517	1.873822864406813	771324.7158358383	902.4502627261272	-7.604967649881019	814416.4766944561	57.83553295573682	813.2046208423408	-0.8507678671601298	661301.7553593352	0.7238059637921962	815.2435368221497	651.9369734800779	1.113653	19.340071	0.0413472627454184	0.029539961332305	0.1354615434	-0.112791079	-0.0412336644	0.1268679223	0.0385992662	0.0602834411	-0.1136268385	-0.1489913103	0.1500334964	0.0871606471	-0.1529790742	-0.1711661302	-0.0388942112	0.1761568335	-0.0299800313	0.0129545228	0.1468265423	0.0675863327	0.0153062789	-0.0886817892	0.065938014	0.0453552804	-0.0944298289	-0.0790877221	0.0850576319	-0.1177703593	-0.0062963337	0.1334702392	-0.0396706341	0.0288936703	0.0503563151	-0.0640632603	-0.1558836227	-0.1369605363	0.0410604956	0.0819100666	-0.1283899404	0.1125525201	-0.066850415	-0.0970597113	-0.0832550018	0.0116738037	0.1224340481	-0.0381239661	0.0084858666	0.10076363	-0.0079287301	-0.0757797796	-0.0402293704	-0.0423839138	-0.0114867777	0.1290123781	-0.1592275847	0.0056947	0.1348129703	0.0289337748	-0.2106338805	0.0743668263	-0.010366503	0.0314671167	-0.1085676641	-0.0901416849	-0.0045483442	0.0487124004	0.1095845864	0.0066029017	-0.008215526	-0.0334309934	0.0635811754	0.0034696749	0.0922352519	0.033874612	0.0697370467	-0.0908760673	0.1274258664	0.0924741833	0.0033794295	-0.0876327994	0.0247315836529935	-2.944027886539816e-05	0.000611651229985	8.667300196724092e-10	-0.0148212299527727	-0.0232323679847466	0.0005397429221786	0.0002196688573129	-0.0493862532237727	1.0047626602699422e-05	0.0024390020074825	1.0095480034727312e-10	0.0005470106462127	0.0003040045977379	2.992206470700357e-07	9.24187954457824e-08	-0.0001364557919694	-5.747538607757359e-05	3.3034200047661396e-09	1.862018316199617e-08	0.0001610375648133	2.8153288600000834e-08	2.59330972809978e-08	7.926076589949368e-16	0.0	0.0	0.0	0.0	0.0	0.0	0.0	0.0	0.0	0.0	0.0	0.0	0.0	0.0
880.7484914438296	2.497550177133121	6.237756887297684	775717.9051805816	913.3581071333452	10.907844407218022	834223.0318662074	118.98106961207748	814.0841987997346	0.8795779573938489	662733.0827354059	0.7736573831331355	816.754880954172	641.6619924921256	1.279825	22.225876	0.1295968590505817	0.0549985563816792	0.1445378441	-0.0629369387	-0.1225829613	0.0065435075	0.101922029	0.1699377534	-0.0861454948	-0.0008531173	0.0665668826	0.190788951	-0.1213445887	-0.0048654946	-0.2115494062	-0.0242944728	-0.00245074	-0.1089043624	-0.170659548	-0.0377474804	-0.0602802788	-0.0293095571	0.0221919516	0.1653669837	-0.2354281394	-0.0466491487	-0.0006311285	-0.1379192143	-0.0996509476	0.0533286349	-0.0581779568	-0.0440740285	-0.069562498	0.0791418074	-0.1270805748	0.0096780558	-0.2045725885	0.0859536606	-0.0448371728	-0.0740807953	0.1008669226	-0.0320013715	0.1367160622	0.094691018	0.2583746466	-0.1460525138	0.1021837046	0.0872680882	0.0070541314	-0.0743708857	0.117250687	-0.0474395376	-0.0248515548	0.1338416871	-0.1516129678	0.0384398481	0.1023228498	0.1372384243	-0.1028919258	-0.0377563583	0.0645954541	-0.0274849804	0.1982423933	-0.1258747438	-0.0838430149	0.0754385635	-0.0627692129	0.1021340587	0.0089026422	0.1427476472	-0.1210212235	-0.0105423062	-0.2301450917	0.0797209829	-0.0455113636	0.136789328	-0.0417729505	0.090084361	-0.0033794295	-0.0948006283	0.0139525179836681	-0.0107790656693254	0.0001946727580845	0.0001161882567036	-0.0008529605876503	0.0139682693651224	0.0001951125490566	7.275417640847451e-07	-0.0853028458575266	-0.0359165926337538	0.0072765755113929	0.001290001626419	-0.0001150546781615	-0.0006620653243742	1.3237578966846349e-08	4.3833049373871466e-07	-0.0004469859094968	-0.0003105301175273	9.642895389158084e-08	1.9979640328868146e-07	-0.0002450256209327	-0.000406063185746	6.00375549134552e-08	1.648873108181905e-07	0.0	0.0	0.0	0.0	0.0	0.0	0.0	0.0	0.0	0.0	0.0	0.0	0.0	0.0
879.5690751555812	-1.179416288248376	1.3910227809855766	773641.7579700445	907.1868268545572	-6.171280278788004	822987.9388184404	38.08470027935774	814.9156913156058	0.8314925158712185	664087.5839523918	0.6913798039498485	817.7093491286874	657.3664572275602	1.742359	30.258387	0.3400740451424021	0.2224743092968176	-0.0249057307	-0.0234854688	-0.0545571142	0.0094323208	-0.011035484	0.0393604519	-0.087748001	-0.1116499968	-0.0938405534	-0.0277678314	-0.0495605644	0.0389612396	-0.115209749	-0.0062989225	0.076175962	-0.064022487	0.0038662518	0.0564607302	0.0324599064	0.1147514092	0.1992093394	-0.0337335939	-0.0560248811	0.0271069927	-0.0751857928	0.0199796288	0.0183450014	0.2486459645	-0.0336511814	-0.1396619232	-0.2374349339	-0.0675304956	-0.0362192735	0.005250234	-0.0397262686	0.0416377214	-0.0710930124	-0.1385857667	-0.0969735199	-0.0230837939	0.031291956	-0.1630746879	0.143500177	0.0298127613	-0.0959591668	0.1436622682	0.1221590672	0.1956084916	-0.0959764602	-0.0412336851	0.0506371275	-0.0095114859	-0.0799754771	0.0671462648	0.0574305648	0.0543091366	-0.04900093	-0.0582143857	-0.1330374874	0.1643053696	0.0608090948	0.0312557145	-0.0729248181	0.0210108462	0.0643261185	-0.128751842	-0.0483657662	-0.1161606808	-0.2888649335	0.0389015732	-0.0691398391	0.0400886152	0.1482291616	0.0304045649	0.0053392815	0.0876327994	-0.0101290257	-0.1013839798	-0.0261479889459081	-0.0401005069295762	0.0006837173259153	0.0016080506560089	-0.012383947197847	-0.0115309866101967	0.0001329636522045	0.000153362148199	-0.0804709276008424	0.0048319182566841	0.00647557018894	2.3347434039278004e-05	-0.0039802160148184	-0.0038651613366569	1.5842119524616867e-05	1.4939472158387357e-05	0.0010321433220561	0.0014791292315529	2.187823283634272e-06	1.065319837265002e-06	-0.0005729477196418	-0.0003279220987091	3.2826908944273866e-07	1.0753290282178073e-07	1.0	0.0	0.0	0.0	0.0	0.0	0.0	0.0	0.0	0.0	0.0	0.0	0.0	0.0
879.2841250151138	-0.2849501404674583	0.0811965825524242	773140.5725035942	909.5693716817088	2.382544827151605	827316.4419014587	5.676519853386872	815.0871577755582	0.1714664599523985	664367.0747706378	0.0294007468886074	817.5079819643609	641.7640982829607	1.921594	33.37104	0.6199936707294567	0.3592454711326384	-0.1979990887	0.1384257539	-0.0020478219	-0.2307160594	-0.0749390697	-0.0145358605	0.1106702893	-0.0030750837	0.0378993966	0.0612199635	0.1318665138	0.1816760229	-0.1202578873	-0.0597601666	-0.056309189	0.0305063813	-0.0069591321	-0.0150828248	0.0334143401	-0.0417885008	0.0054321017	0.0309869918	0.1589698834	0.0629677667	-0.0955472645	0.1512704172	-0.010178748	0.1592330081	0.0524390097	-0.0795284903	-0.0630295129	0.049734876	0.1478010745	0.1768928116	-0.1257334307	0.0435656169	0.0365076892	-0.0011183061	-0.0381662832	-0.0600780651	-0.0284684562	0.0076321152	-0.0730163586	0.0429132299	0.0103980825	-0.037298517	0.1472314084	0.2024070401	0.0669273374	0.1579453705	-0.0480973348	-0.164215066	0.0837429521	0.1225380208	0.0232516585	-0.1109478122	0.0319749123	-0.1709603197	-0.066500877	-0.1760408104	0.039328758	0.2064473959	0.0697628588	0.0069736066	0.1010365872	-0.0576001208	-0.1264065876	0.013934419	-0.0974430927	0.0754712664	0.0116660124	-0.0531893321	-0.0267673352	0.12625969	-0.0545725789	0.0851211787	-0.016850859	-0.1073422654	-0.0549529468217429	-0.0288049578758348	0.0030198263643933	0.0008297255982286	0.090711245948313	0.1030951931461599	0.010628618849844	0.0082285301414953	-0.1034264112851843	-0.0229554836843419	0.010697022551332	0.000526954231182	-0.0100931149281462	-0.0061128989133278	0.0001018709689527	3.7367533124564206e-05	0.0031588471154004	0.0021267037933442	4.522869024625034e-06	9.978315098473428e-06	-0.0016361057334321	-0.0010631580137903	2.67684197096939e-06	1.130304962286536e-06	0.0	1.0	0.0	0.0	0.0	0.0	0.0	0.0	0.0	0.0	0.0	0.0	0.0	0.0
878.1179930114236	-1.1661320036902223	1.359863850030573	771091.2096504105	900.1276456164076	-9.441726065301282	810229.778402937	89.14619109218962	814.583148481967	-0.5040092935912526	663545.7057907942	0.2540253680263534	816.7709372868047	644.1179007420174	1.492875	25.925768	0.2278164345890358	0.1192210924903343	-0.1347114409	-0.0162011587	0.011026464	-0.0706869343	0.0126737346	-0.1634677195	-0.2407641876	-0.017842037	0.007811209	0.1087556136	0.0849917083	-0.0248207647	0.0199780582	0.0966245356	-0.0090338561	0.1315835774	-0.0334034255	0.0700228145	0.000214906	0.124187843	-0.0352275584	-0.2604396235	0.0188248601	-0.0740520071	-0.041018895	-0.0520158419	-0.0307030477	0.0162227866	-0.0023348797	0.0575702717	-0.1993950869	-0.0201541199	0.0926500247	-0.0218274114	0.0428366597	-0.0661008068	-0.1405838002	0.0858419599	0.0328339419	0.0183781832	0.1230138241	-0.0576115315	0.0081753066	0.2066079183	0.0355955612	0.0419727622	0.2861888484	-0.0010780117	-0.0870727151	-0.0161013641	0.1019818565	-0.1353565632	0.0364180357	0.0510248755	0.1292147372	-0.108234351	-0.0300007862	-0.0438741903	-0.1180167961	0.1609477193	0.0524844362	0.0368215461	-0.0928948061	-0.0218108923	0.0181757952	-0.0034476623	-0.0004015437	-0.0159022697	-0.108612444	0.0184899354	0.1042463158	-0.0982316815	0.1624387767	0.087645555	-0.186387823	0.0825512202	-0.0235265052	-0.1126387502	-0.07342072433498	-0.018467777513237	0.0053906027618731	0.0003410588062784	0.0419888169622737	-0.0487224289860392	0.0023738750862996	0.0017630607498913	-0.0038029572618398	0.0996234540233445	1.4462483935380069e-05	0.0099248325915414	-0.0100960181291002	-2.9032009539985137e-06	0.0001019295820631	8.42857577929788e-12	0.0027099559863508	-0.0004488911290495	2.015032457394245e-07	7.343861447958538e-06	-0.0008678445821074	0.0007682611513247	7.531542186931678e-07	5.902251966347537e-07	0.0	0.0	0.0	0.0	0.0	0.0	0.0	0.0	0.0	0.0	0.0	0.0	0.0	0.0
878.465400003626	0.3474069922024227	0.1206916182311342	771701.4590035306	899.3366092706656	-0.7910363457419862	808806.3367744578	0.6257385002848351	812.9336749876861	-1.649473494280869	660861.1599289849	2.7207628083351403	815.4386196114192	638.9299618244171	1.638943	28.462433	0.556455122034266	0.3573467274458268	-0.1450658397	0.1631221886	-0.0478613705	-0.1531994849	-0.0578655552	-0.0526906833	0.0649571739	-0.200006825	0.0852352099	0.1533933938	-0.0120073639	0.2183784845	-0.0539814498	0.2267547324	-0.0674929268	-0.092208143	0.060235806	0.1812398145	-0.2956565352	-0.0620850026	-0.19522323	-0.1481416668	-0.0698504173	0.1022490086	-0.0518242934	0.1395490255	-0.0234268001	-0.1571744816	-0.1333517566	-0.1751373876	0.1043050792	0.020388228	0.0235570789	0.2241065649	0.1142075763	0.2028430587	-0.0763937979	0.0305371662	-0.0131683798	-0.1655560554	0.3294473126	0.1753171955	-0.105091916	0.0159124612	0.2003794917	-0.2317087084	-0.1277067496	-0.0601904861	-0.135203099	0.0704597871	0.1722687715	-0.092028259	0.1022247735	0.236366781	0.0069501497	0.2059629216	-0.0197277315	-0.1411780701	-0.1901109835	-0.0415858688	0.0502986528	0.1516104664	0.1673802869	0.1147814501	-0.1054956166	0.0245182429	0.0844321963	-0.0058883708	0.1403631776	-0.1269058126	-0.0671393863	-0.0683281953	0.1287950211	0.0840955401	0.0045230522	0.0799246852	-0.0301376669	-0.1172407796	-0.0658007330455632	0.0076199912894167	0.0043297364693334	5.8064267250787735e-05	-0.0957335954075802	-0.1377224123698538	0.018967462868972	0.0091649212896622	-0.3042867449049851	-0.3004837876431452	0.0925904231248714	0.0902905066363708	-0.0087073260165329	0.0013886921125672	7.58175263581907e-05	1.92846578350663e-06	0.0021981786306943	-0.0005117773556565	2.6191606176275974e-07	4.831989292441068e-06	-0.0011799537285206	-0.0003121091464132	1.3922908014496658e-06	9.741211927477633e-08	0.0	0.0	1.0	0.0	0.0	0.0	0.0	0.0	0.0	0.0	0.0	0.0	0.0	0.0
880.9003896718397	2.4349896682136887	5.92917468430741	775985.4965239989	907.1071498424976	7.7705405718320435	822843.3812953795	60.38130077848786	816.1437631262999	3.2100881386137416	666090.6420899578	10.304665857668637	818.1151246311508	653.3932907599669	1.440127	25.00972	0.2233697689719429	0.1176923156707707	-0.0636465385	0.2210851326	-0.1720765508	-0.2113850621	0.0944446491	-0.0099088855	0.1075650026	-0.0881152841	-0.0027168908	-0.1914597948	-0.0631295275	0.2867434202	-0.0322388388	0.0148326237	0.0936109343	0.0767610549	-0.0387375819	0.0410754653	-0.1097504458	-0.173946764	0.1986486622	-0.0054420911	0.1372710147	-0.0279224597	0.1280089236	-0.100502163	0.1266361188	-0.3205785578	0.1020470743	0.0177904747	0.0892201585	-0.1017355574	-0.0339968214	0.3027715233	0.0733761601	0.0399922076	-0.0847064683	-0.1027455059	0.0784888812	-0.1169925242	0.0374031593	0.1444680777	-0.2416052147	0.1003920385	-0.1515665856	0.0339418975	-0.3667663131	0.0218908117	0.135713009	0.0136292309	0.0571138137	-0.0241624563	0.0562607184	0.271336907	-0.0768835751	0.0433056959	-0.0824458196	-0.2564876273	0.0074132961	-0.0062059355	-0.0355179447	0.0995895604	0.1662203149	-0.1766929537	-0.1095443126	0.0748459527	-0.0018923226	-0.0030622551	0.1862026574	-0.1609216454	0.0232727309	0.059807921	-0.0401547807	-0.1053484972	0.1101647747	0.0772433738	-0.0366662233	-0.1211199807	-0.0464783181390231	0.0193224149065401	0.0021602340570322	0.0003733557178204	-0.0095967052012895	0.0861368902062907	0.0074195638544105	9.209675072045692e-05	-0.3243379847140772	-0.0200512398090921	0.1051951283283889	0.0004020522178817	-0.0075578588471221	0.0011494671694108	5.712123035302179e-05	1.3212747735532769e-06	0.0024237928238202	0.0002256141931259	5.0901764139850955e-08	5.8747716528023e-06	-0.0005978506100569	0.0005821031184637	3.574253519454075e-07	3.388440405251644e-07	0.0	0.0	0.0	0.0	0.0	0.0	0.0	0.0	0.0	0.0	0.0	0.0	0.0	0.0
882.1658180287825	1.2654283569428344	1.6013089265550415	778216.530498391	900.9206448096734	-6.186505032824243	811658.0082442777	38.27284452115969	815.4330635672067	-0.7106995590932002	664931.0811586	0.5050938632952691	816.9085346516048	654.3161943839146	1.4958	25.976568	0.2086323906619555	0.1474165342665727	-0.1153515193	0.0898743816	0.0063242897	-0.0695486744	-0.0786977189	-0.0732074184	0.0017114621	-0.2131234649	0.0257351385	-0.0061562303	-0.0068656943	0.0910008555	-0.0074555048	0.166820594	0.1119707042	0.0071273238	0.1510939262	0.1408123697	-0.0857429168	-0.0595567681	-0.1267533461	0.0575430592	-0.0747419575	0.171645672	0.0261452886	0.0905148946	-0.0463681063	0.0892178976	0.1425515357	0.05677653	0.115966484	0.008509633	0.0085583438	0.1008517926	0.157269104	0.0951500737	-0.0931849561	0.0481361076	-0.0172003765	-0.1856908136	-0.0878585987	0.0274724982	0.0415689511	-0.1206058256	-0.0030485408	-0.1232664108	0.0291294759	-0.1841517515	-0.1303696851	-0.1709527726	0.0035087784	-0.0836553132	0.0101071582	0.2068898434	0.0802760634	0.1243252017	-0.0464537751	-0.1980237612	-0.1884960105	-0.028985806	-0.0196052913	0.1123006673	0.1081416002	0.038968014	0.1404239754	0.0038529451	-0.0391935083	-0.0514763941	0.18466593	-0.0519565162	-0.0622960088	0.1746397493	0.0789716432	0.0090302037	-0.1918281363	0.0745091236	-0.0430942802	-0.1242524367	-0.0359456755910656	0.0105326425479575	0.0012920915936981	0.000110936559043	0.0088432686077482	0.0184399738090377	0.0003400326340779	7.82033996687848e-05	-0.211686866984877	0.1126511177292002	0.044811329653873	0.0126902743256381	-0.0088080131400573	-0.0012501542929352	7.758109547542207e-05	1.5628857561443127e-06	0.0024237872919319	-5.531888300300963e-09	3.0601788167006676e-17	5.874744836530572e-06	-0.0005078373033652	9.001330669170004e-05	2.578987266892381e-07	8.102395381574051e-09	0.0	0.0	0.0	0.0	0.0	0.0	0.0	0.0	0.0	0.0	0.0	0.0	0.0	0.0
879.1797789142397	-2.986039114542791	8.916429593579496	772957.0836516914	907.8836444755652	6.962999665891857	824252.7119062345	48.48336434721011	814.3532185729873	-1.0798449942193429	663171.1646001836	1.1660652115405727	817.0781731783786	655.9230871090522	1.850878	32.142963	0.1344604327450722	0.0697938542969449	-0.071129176	0.2137454507	-0.0865478902	-0.21950591	0.0977891414	0.0083893427	-4.98786e-05	-0.1588927809	0.0611500887	0.0998941257	-0.0483698763	0.1733069674	0.0244826664	0.0224968109	-0.1230447348	0.1548547886	0.0377293923	0.0853854147	0.1078025217	-0.1004363583	0.2768125104	-0.0640367139	-0.0570508554	0.0362639258	-0.1648779974	-0.148404838	0.0180982878	-0.3327209704	-0.0010113406	-0.1207013597	-0.0254783367	0.0780720615	-0.0196266156	0.2095699701	-0.0019192518	-0.044710625	-0.0127662734	0.1414315122	0.0496069108	-0.1064714217	0.0407615273	0.166300248	0.1849598519	0.0936818866	-0.1523814155	-0.0674023742	-0.1967099932	0.2607787141	0.1915599415	0.0782258148	0.1047670107	-0.0373709372	0.0719560724	0.1993655665	0.0215437969	-0.1295230019	-0.1913521701	-0.2179881031	0.0927808636	-0.0189587337	-0.1381552253	-0.043922819	-0.0452440736	-0.1503760536	-0.3956407258	-0.1210292206	0.1588660352	-0.0850779638	-0.0514686129	0.2223530365	0.0007477515	-0.166314563	0.1866497419	-0.0992285239	0.2092470694	0.0717238087	-0.0494042187	-0.1266188352	-0.0425598628201839	-0.0066141872291182	0.0018113419232728	4.374747270183154e-05	0.0487984936183352	0.039955225010587	0.0015964200056466	0.0023812929794187	-0.2499227499631189	-0.0382358829782419	0.0624613809491276	0.0014619827471258	-0.0082372489181914	0.0005707642218659	6.78522697402454e-05	3.2577179696218664e-07	0.0027211591519173	0.0002973718599854	8.843002311117635e-08	7.404707130063278e-06	-0.0006328039720564	-0.0001249666686912	4.004408670503571e-07	1.5616668283776164e-08	0.0	0.0	0.0	1.0	0.0	0.0	0.0	0.0	0.0	0.0	0.0	0.0	0.0	0.0
880.1277684540984	0.9479895398586676	0.8986841676814485	774624.888803991	898.5515487968148	-9.33209567875042	807394.8858451546	87.08800975735227	815.2701893821489	0.9169708091616258	664665.481695205	0.8408354648545266	816.9944122350105	654.1001401956265	2.206777	38.323631	0.519346654943476	0.3796855258160664	0.1742187372	0.0997883088	-0.2770404183	0.0074995416	0.1071262043	-0.0099987638	0.151935885	-0.1702616837	-0.0014875899	-0.0833618575	-0.225240474	0.0946247321	0.1068800899	0.1302752297	-0.016375016	0.0003213992	0.1340369386	0.0087169323	-0.0432377687	-0.0378959491	-0.0365558591	0.0601815012	0.1103284212	0.3310699228	0.1060984094	-0.2213148829	-0.097629935	-0.052322079	-0.0074062153	0.0727856866	0.0083228715	0.0765260356	-0.198315257	0.1330518007	0.1408233903	0.0439137344	0.0008387508	0.0630181669	-0.0823442806	-0.0047511972	-0.0536454095	-0.0043814649	0.0141084588	-0.1202609743	-0.3130368934	-0.2411970712	0.0488269543	-0.0428644354	0.0283112496	-0.1173881816	-0.0842022815	0.1745548473	-0.0529834851	0.1682849744	-0.2073103883	-0.0485813721	-0.0812154649	-0.1976147962	0.1044112014	0.2108605965	-0.2275341277	-0.1429069067	-0.1559555391	-0.1143556745	-0.0725527684	-0.1974833812	0.1747661154	0.0149491843	-0.0862792727	-0.0136326804	0.1372619559	0.1420412629	-0.3070536675	0.2770151883	-0.0438079812	0.0688893378	-0.0555787436	-0.1282045865	-0.0423024253437205	0.0002574374764633	0.001789495189961	6.627405428784146e-08	-0.0125411083467668	-0.061339601965102	0.0037625467692371	0.0001572793985653	-0.2850490978333795	-0.0351263478702606	0.0812529881756235	0.0012338603147025	-0.0015781554023753	0.0066590935158161	2.4905744740463453e-06	4.434352645238403e-05	0.0039594529537763	0.001238293801859	1.5333715397224162e-06	1.5677267693167864e-05	-0.0011878820070143	-0.0005550780349579	1.4110636625883216e-06	3.081116248927237e-07	0.0	0.0	0.0	0.0	1.0	0.0	0.0	0.0	0.0	0.0	0.0	0.0	0.0	0.0
882.8698740463726	2.7421055922742426	7.519143079181674	779459.2144986578	908.703387322364	10.151838525549238	825741.8461311384	103.05982544882572	815.5915170325499	0.3213276504009172	665189.5226554561	0.1032514589121741	817.7003362513034	649.9804173359504	2.84311	49.374401	0.8026509085963335	0.5115059051228135	-0.1404507553	0.1389012107	0.0527706835	-0.0632985234	-0.1386054182	-0.0569584871	0.0623837339	-0.1770100588	0.1647289963	-0.3264940139	0.1295572263	0.1815977119	0.0690899588	0.0094038683	-0.0066628463	0.0330165169	-0.0714476464	0.0456479783	0.2388817022	-0.0931178829	0.1211950543	0.0348721774	0.0431341331	-0.2410954876	-0.0540431593	0.010802428	0.0544082508	0.1729026175	0.0665889239	-0.0367849099	0.0299524243	0.1297669192	0.1395240485	0.1147870998	0.0759462962	0.0350945518	0.1114189931	0.0509365252	0.0770598935	-0.0389642353	-0.163772894	-0.1250022454	0.077203321	0.0475884149	0.0693205217	0.337394953	-0.0383553577	0.1322706338	0.1433966203	-0.0660512273	0.1203125059	-0.1112614986	0.1113595862	0.0640046194	-0.0033697834	-0.0333500568	0.0250685214	-0.0246928117	-0.068724046	-0.0649733686	0.1063653409	0.0237513431	0.1119736961	0.2669986851	0.1637879512	0.0481935966	-0.1469913296	-0.2152432811	-0.127920361	0.2400532634	-0.0323445993	0.2445286529	-0.4368079138	-0.0976566625	0.1255666222	0.0660076536	-0.0616009311	-0.1289999139	-0.1343046112067867	-0.0920021858630661	0.0180377285914061	0.0084644022035821	0.0400521997149212	0.052593308061688	0.0027660560528716	0.0016041787020039	-0.1231829845349352	0.1618661132984443	0.015174047678934	0.0262006386343448	-0.0093773530162722	-0.0077991976138969	8.793474959178933e-05	6.08274834206151e-05	0.0043587740850525	0.0003993211312762	1.594573658837043e-07	1.8998911524525256e-05	-0.0029131492893039	-0.0017252672822896	8.486438781771818e-06	2.9765471953389423e-06	0.0	0.0	0.0	0.0	0.0	1.0	0.0	0.0	0.0	0.0	0.0	0.0	0.0	0.0
883.5871226167426	0.7172485703699749	0.5144455116977729	780726.2032541345	910.3739951492904	1.6706078269263571	828780.8110440802	2.790930511387605	817.7323678946955	2.140850862145612	668686.2255026656	4.583242413949611	821.095236617828	668.2854154073275	1.734837	30.127762	0.3904204599661769	0.2296707190829037	-0.1398822656	0.1849292137	0.1761987954	-0.1444943913	-0.0473922127	-0.024738842	-0.0386654784	0.0317112229	0.0536343199	-0.2847509507	0.1967452458	0.1707429029	0.2785968395	-0.2458804036	0.0402079301	0.1681204396	-0.0362660081	0.1780418347	0.4027678511	0.1492701379	0.0544244234	0.1442246616	-0.0301593426	0.078772265	0.2946390633	0.0302811084	-0.2653327667	-0.0179596224	-0.139113697	0.0532185684	0.1005793185	-0.0895456656	0.2154820368	0.1252141235	0.0468378557	-0.3499093535	0.2529761304	0.0489211214	0.195724395	-0.0473160355	-0.1851771964	-0.3140102985	0.1557868354	0.0817665172	-0.1446198696	0.0526605058	-0.2107196979	-0.2425393886	-0.0938149796	0.2642391161	-0.1730508631	-0.1486909406	0.2600396526	-0.024917157	-0.0431872187	-0.0552226423	0.0081205873	0.080629435	0.6321541212	0.2944251985	-0.0262842405	-0.0389835863	0.4872110313	0.1891363043	0.1177785936	-0.0640283797	-0.0260398719	0.0823657623	-0.0516183553	-0.0170907239	-0.0044346919	-0.0259731895	0.0935092088	0.095554332	-0.0081052311	0.063080731	-0.0674542747	-0.1289999139	-0.1607949543697771	-0.0264903431629904	0.0258550173507786	0.0007017382808929	0.0070338525959954	-0.0330183471189258	0.0010902112464658	4.947508234219123e-05	-0.0699416209875494	0.0532413635473858	0.004891830346366	0.0028346427923849	-0.0129914797498776	-0.0036141267336053	0.0001687785460914	1.3061912046561232e-05	0.0050880441582161	0.0007292700731635	5.318348396120424e-07	2.588819335595698e-05	-0.0041231606052724	-0.0012100113159684	1.7000453376870263e-05	1.46412738477182e-06	0.0	0.0	0.0	0.0	0.0	0.0	1.0	0.0	0.0	0.0	0.0	0.0	0.0	0.0
883.7103270726776	0.1232044559350242	0.0151793379622453	780943.9421748988	910.4174924577984	0.0434973085079946	828860.0105731455	0.0018920158474396	818.0268584617174	0.2944905670219668	669167.9411647466	0.0867246940649195	820.7708174268776	666.9260557358082	1.629892	28.30525	0.1820613061219222	0.0948597340392244	-0.1356936776	0.1199734473	0.1585608133	-0.119311678	-0.0735324061	0.0416094122	0.0282649642	-0.0396370361	-0.2402931397	0.128275974	0.1407614195	0.0953519973	0.1515020898	-0.0618252274	0.2520984475	-0.0726154708	-0.0042152033	0.140509859	-0.0701510551	-0.0378549852	-0.2281332498	-0.0835957566	-0.0958000757	0.0063023957	-0.0879923329	-0.0104780007	-0.0160969803	0.0787366042	-0.1580855926	0.0849220647	-0.0533326418	0.132120802	0.1422021107	0.0811544119	0.1351136654	-0.1277494179	0.0964724231	-0.1895776387	0.0028160051	-0.1571571917	0.0255806344	0.0422403952	0.0460658139	0.0474252119	0.1118439585	-0.1260521066	0.2294424811	-0.1576495769	0.0852422427	-0.1336269796	-0.073921972	-0.1333942146	0.1974421285	0.0512214516	0.0719865922	0.1744338777	0.1121301549	0.2003820526	-0.0276617928	-0.0189104875	-0.1529830933	-0.27837182	-0.1363151799	-0.2216443039	0.0712008634	-0.0479460748	-0.217711059	0.5441198335	0.1188281601	-0.032876884	-0.2828237837	0.1277467811	0.0666439199	0.0508106131	0.078279462	0.0601105761	-0.0731227308	-0.1282045865	-0.1171677673307982	0.0436271870389788	0.013728285701284	0.001903331448934	-0.0455431458437374	-0.0525769984397328	0.0027643407649316	0.0020741781333439	-0.0665066069683888	0.0034350140191606	0.0044231287704477	1.1799321311829884e-05	-0.0128004282008799	0.0001910515489976	0.0001638509621258	3.6500694374420226e-08	0.0037637136257904	-0.0013243305324256	1.7538513591149374e-06	1.416554025696032e-05	-0.0039901005542148	0.0001330600510575	1.5920902432745254e-05	1.7704977187451102e-08	0.0	0.0	0.0	0.0	0.0	0.0	0.0	1.0	0.0	0.0	0.0	0.0	0.0	0.0
881.2985521214129	-2.4117749512647606	5.816658415548138	776687.1379712987	906.5270987423984	-3.890393715400023	821791.38075431	15.135163260823996	815.8608318268731	-2.166026634844343	665628.8969092373	4.691671382855108	818.2876790171472	649.62737127084	1.218937	21.168461	0.2043133093106569	0.1151787774110839	-0.165421124	0.1489417859	0.1545488253	-0.1054851981	-0.1518523905	-0.0861453837	0.0511770903	-0.0579209537	-0.0476262815	0.0513884344	0.1785339815	0.0818313907	0.0631057368	0.0243769679	-0.0326622275	-0.0306946018	0.0563079707	0.0638687843	0.1108523628	-0.1987988262	-0.1127516633	-0.1346565445	0.011321409	-0.3068312027	-0.0622892143	-0.0948286024	0.1665596949	0.0312301528	-0.0607860286	-0.0037795007	0.0886834907	-0.0284838687	0.1763778218	0.0560322134	0.0680673341	0.0523029931	0.1156322983	0.0520289202	-0.0143431136	-0.0944736358	-0.1342638476	0.0424981012	-0.0767482167	0.1591445014	0.2221922238	0.1385805998	0.0615879282	0.0142496628	0.144271741	-0.0553570279	0.0384279423	-0.1531934778	0.2208361258	0.0373852451	0.1281665385	0.062689905	0.026590506	0.235437224	-0.0006730068	-0.1961768079	-0.1419514531	-0.1131634034	-0.1669388244	-0.0847370041	-0.0362568709	0.1067930891	0.0341122899	-0.0458123887	-0.0858244892	0.1240401457	0.0672224036	-0.0910633304	-0.0925063355	-0.1327401921	0.1257612083	0.0570992244	-0.0785907625	-0.1266188352	-0.1257358314266667	-0.0085680640958684	0.0158094993045551	7.34117223509108e-05	-0.0256892620678854	0.019853883775852	0.000394176700985	0.0006599381855924	-0.0182139849991074	0.0482926219692814	0.0003317492495477	0.0023321773366679	-0.0144112040000706	-0.0016107757991906	0.0002076828007316	2.594598675258437e-06	0.0040890449610366	0.0003253313352462	1.058404776930754e-07	1.672028869337881e-05	-0.0033742328992586	0.0006158676549561	1.1385447658439096e-05	3.79292968421249e-07	0.0	0.0	0.0	0.0	0.0	0.0	0.0	0.0	0.0	0.0	0.0	0.0	0.0	0.0
881.5223498939596	0.2237977725467317	0.0500854429968786	777081.6533625685	908.3329537626984	1.8058550202999868	825068.7548912683	3.2611123543426657	815.7346717313376	-0.1261600955355106	665423.0546646331	0.0159163697055291	817.1760140980515	647.7398367148179	1.03349	17.947937	0.0907399703364921	0.0492809000596862	-0.1662190014	0.1755629476	0.103522703	-0.1802112126	-0.0351543522	-0.0154636229	-0.0198808482	0.1037499594	0.167719745	-0.0493992732	0.1489293701	0.0606582783	-0.0114454309	-0.0178930811	-0.0677189201	0.0749151194	0.0160030601	-0.0255182374	-0.0272297215	-0.1960602356	-0.1515851019	-0.0398434642	-0.311680482	-0.0368040274	0.0531263784	0.0037948356	-0.0389894951	0.0265645429	0.1365245167	0.0614999286	0.0837951362	-0.034229371	0.1499159189	0.0803614575	-0.0506248778	-0.0500071023	0.0076513509	0.1198933518	0.1023040398	-0.034087982	-0.0714311612	0.1794685681	0.0713897173	0.0313559288	0.2222115045	-0.011321182	-0.0201115825	-0.0930714169	-0.0759273215	-0.2106403169	-0.1807945128	-0.1558992449	0.2014677176	0.0504316061	0.1361116221	-0.0227897711	-0.0824507201	0.2242312276	0.009798284	-0.1263926154	0.0401367938	0.0763560946	-0.1313175459	-0.0436369057	-0.0677693259	0.1302617458	0.1085820961	-0.0673489484	-0.0808369683	0.0341173205	0.006932141	0.0211220061	-0.0700997122	-0.0293968988	-0.206532675	0.0540487397	-0.0838433825	-0.1242524367	-0.131980878212957	-0.0062450467862903	0.0174189522138633	3.9000609362954985e-05	-0.0690869185584404	-0.043397656490555	0.0018833565888722	0.0047730023159005	-0.0209141132631742	-0.0027001282640667	0.0004374001335848	7.290692642412387e-06	-0.0140673758396648	0.0003438281604058	0.0001978910630143	1.1821780388803697e-07	0.0038551045432768	-0.0002339404177598	5.472811906162977e-08	1.4861831039593426e-05	-0.0031840587015126	0.0001901741977459	1.0138229814678106e-05	3.6166225488334595e-08	0.0	0.0	0.0	0.0	0.0	0.0	0.0	0.0	0.0	0.0	0.0	0.0	0.0	0.0
881.97174674642	0.4493968524603815	0.2019575310012979	777874.1620589312	908.2660296056176	-0.0669241570807344	824947.1805355527	0.0044788428009668	816.2264072932629	0.4917355619253385	666225.5479628675	0.2418038628620284	818.4624710885164	661.362961604045	1.138619	19.77364	0.1890897972081238	0.1230435965595095	-0.13206524	0.1203443443	0.1020358469	-0.1187433549	0.0345792611	-0.0776547365	-0.1110114539	-0.0352484243	0.0067126989	-0.071229026	0.078522268	0.0350973454	0.0887927799	0.0142167234	0.0214172829	0.176083232	0.0021052929	-0.0608589993	-0.0884554953	-0.0654044703	-0.0018569695	-0.0635426657	-0.0726095866	-0.0736896907	0.0454355124	0.0002075148	0.0620357821	-0.0112156909	0.0205489774	0.0149493876	-0.0632131161	0.0529845184	0.0857635835	0.0493476583	0.0792721939	-0.1547621538	-0.1037228743	0.0818391266	0.0313530086	0.0148836985	0.0318345136	0.0719840992	-0.0499169009	0.0421136595	0.0761451053	0.1266703926	0.1069036858	0.0548843876	-0.0018061987	-0.0182941874	-0.0760488727	-0.1275059428	0.1853211351	0.0319483832	0.0641133377	0.0131147691	-0.0255038525	0.2279683554	-0.0162973645	0.0542200712	-0.065296998	0.0506388812	-0.0855239046	-0.0631864202	-0.0924752599	0.1357223375	0.1018716177	-0.1234173335	-0.1386090888	-0.0665480322	0.0725300423	-0.1665490878	-0.0419059675	-0.109139814	-0.0225986106	0.0509612127	-0.0888661936	-0.1211199807	-0.1584123025019721	-0.0264314242890151	0.0250944575839763	0.0006986201899459	-0.074653607830271	-0.0055666892718305	3.0988029449113885e-05	0.0055731611620759	-0.0579252066689974	-0.0370110934058232	0.003355329567646	0.0013698210350945	-0.0121384973366132	0.0019288785030515	0.0001473431175909	3.720572279534577e-06	0.0043260154964288	0.0004709109531519	2.2175712579852493e-07	1.871441007534212e-05	-0.0031858810501381	-1.8223486254998443e-06	1.0149838065629042e-05	3.320954512861172e-12	0.0	0.0	0.0	0.0	0.0	0.0	0.0	0.0	0.0	0.0	0.0	0.0	0.0	0.0
881.5151533176453	-0.4565934287746813	0.20847755920022	777068.9655286317	903.207528349641	-5.05850125597658	815783.8392674676	25.58843495671664	815.4769439964494	-0.7494632968134738	665002.6461897884	0.5616952332705211	817.6594607986023	649.2017887601486	1.408088	24.453327	0.325486912150971	0.2215834076594848	-0.0662585343	0.0158196616	0.0270958214	0.0532312557	-0.0920663939	0.0103525421	0.0120890235	-0.1429188023	-0.015680245	0.079787159	0.0573319029	-0.0375626051	0.1080929734	0.1091267618	-0.057707361	0.0101564448	-0.0673779736	-0.0568471875	-0.1560851037	-0.1040523139	-0.04529085	-0.0322591506	-0.0028090181	-0.0388451885	-0.0516045966	0.1221140004	-0.1089976451	0.1683509118	-0.0663419183	-0.1685367049	-0.1450428027	-0.1309070236	0.0449053733	-0.0382750942	0.1391793162	0.0593260564	0.0280663732	0.0950213806	0.0358906002	0.0337066827	0.0404239699	0.0698364738	-0.0702912731	-0.1647526892	0.0093267667	0.1136523097	0.2352382924	-0.078327481	-0.0714517345	0.0440474846	-0.0227743217	-0.0494566223	0.0673630127	0.019597909	-0.0302737416	0.1146968816	0.0367854092	0.1746578049	-0.2177426278	0.0098553658	0.0182997467	-0.0633405454	0.0186798787	0.1058283656	0.0072458132	-0.1650931899	0.039121745	-0.0380568445	0.0675308033	-0.085041603	0.1643805457	0.1282213758	-0.116813713	0.0782431189	-0.1776717627	0.0478387595	-0.0936454286	-0.1172407796	-0.1177250103697247	0.0406872921322474	0.0138591780665517	0.0016554557410548	-0.0431554521150445	0.0314981557152265	0.0009921338134606	0.0018623930472538	-0.0687090032171795	-0.0107837965481821	0.0047209271230983	0.0001162902679925	-0.0081003085429962	0.004038188793617	6.561499849173723e-05	1.6306968732893923e-05	0.0038639025610007	-0.000462112935428	2.135483650899751e-07	1.4929743000907768e-05	-0.0035359326761993	-0.0003500516260611	1.2502819890613945e-05	1.2253614090809016e-07	0.0	0.0	0.0	0.0	0.0	0.0	0.0	0.0	0.0	0.0	0.0	0.0	0.0	0.0
882.2857181781883	0.7705648605430042	0.5937702043036596	778428.0885012015	915.9126532418388	12.705124892197771	838895.9883685049	161.42019852634348	815.4755111133154	-0.0014328831340435	665000.309225523	2.0531540758264658e-06	818.9418272749285	662.5978160931514	2.067749	35.909218	0.7610175507356148	0.486851309705704	0.1625364342	0.0753908533	-0.0723117332	-0.0207142769	0.1084022891	0.1550382443	0.2465634839	0.0616132675	0.0684723628	0.1355522018	-0.1694967919	0.1011529599	0.1023744323	-0.0432086494	-0.0932865465	-0.0557972127	-0.1124712851	-0.1527589787	-0.1618119245	-0.0007779529	-0.028662467	0.1606054941	0.1978883906	0.0796945936	-0.1143014723	0.1698447686	-0.0477234778	0.066363837	0.0895483747	0.1950650221	0.0604085037	-0.014596179	-0.1706105695	0.1020274337	-0.005651915	0.0057808335	0.1543615682	0.0003225741	0.009651889	0.164716816	0.0305752894	-0.0186400462	-0.170286188	-0.2631912589	-0.0556610273	0.0521424014	0.1628248981	0.1426077796	-0.1229970366	0.017137332	-0.1561060478	0.201507802	0.0723455261	-0.0229339886	-0.2982182325	0.0666985236	0.0869376516	0.1376101538	-0.0243832061	-0.1703090885	0.0704347703	0.1930003154	-0.0790954094	0.1040629318	-0.0148529629	-0.0639529157	-0.2110567496	0.1213086625	0.1224803657	0.2558843409	0.3158370422	-0.0542281724	0.2920795713	0.0903854652	-0.051523142	0.0446835199	-0.098167988	-0.1126387502	-0.0577069436848063	0.0600180666849184	0.0033300913494414	0.0036021683285953	-0.0265925253916634	0.0165629267233811	0.000274330541644	0.0007071624067062	-0.2030056011465149	-0.1342965979293354	0.0412112740968578	0.0180355762153935	-0.0003389174519992	0.007761391090997	1.1486503926963005e-07	6.0239191667407616e-05	0.0049550208942137	0.0010911183332129	1.1905392170735143e-06	2.455223206209433e-05	-0.0056862224399489	-0.0021502897637495	3.2333125636578415e-05	4.623746068086309e-06	0.0	0.0	0.0	0.0	0.0	0.0	0.0	0.0	1.0	0.0	0.0	0.0	0.0	0.0
883.6773612067773	1.3916430285889874	1.9366703190203287	780885.6787093731	910.4558912995574	-5.456761942281446	828929.9300020714	29.776250894731177	815.916002797997	0.4404916846815467	665718.9236218609	0.1940329242735872	818.5193236520357	665.5645349612603	1.345474	23.36595	0.2069277200258062	0.0833563731694488	0.2164555773	0.0909612166	-0.1071808432	0.0352315127	0.1824094394	0.1021481868	0.0416216743	0.052725734	-0.088706966	-0.0387720253	-0.2105752292	0.0317023143	0.0494742602	-0.1384146102	0.0019520866	-0.0723595805	0.1500829557	-0.2492158766	-0.0425483358	0.0911005568	-0.0087932313	0.1204432508	0.0267704858	-0.0409435413	0.0337064889	0.0207400875	0.0127292401	-0.1271556025	-0.1421426684	0.102086143	0.0959161913	-0.0276220197	-0.215689766	0.0568207526	-0.0680107428	-0.1228524819	0.0595056499	-0.0569670187	-0.1408378783	0.1191421101	-0.0174204375	-0.0106686685	-0.0669717235	-0.095343937	0.035049116	-0.0789855776	-0.0951860796	0.0177041621	-0.0497333998	0.0940147785	-0.0894463915	0.2290639311	0.0278543347	-0.0111417379	-0.2610941684	-0.0580629924	-0.016570014	0.0860119379	0.0598838495	-0.0782599899	0.0014511474	0.0766292121	-0.0097723719	-0.1057897373	-0.0205864012	0.0695451977	-0.0081305987	-0.0532645912	-0.0401905869	-0.1901061396	-0.096375232	0.0236044558	-0.047032796	-0.0009712269	-0.0037511979	0.0414976565	-0.1024214758	-0.1073422654	-0.1017165718527337	-0.0440096281679273	0.0103462609894723	0.0019368473714792	-0.0075555480578515	0.0190369773338119	0.000362406506008	5.708630645450357e-05	-0.1709828367760479	0.032022764370467	0.0292351304719846	0.0010254574379264	0.0002440960559299	0.0005830135079291	5.9582884520532876e-08	3.399047504277947e-07	0.0045579962677797	-0.0003970246264339	1.576285539950568e-07	2.077532997709368e-05	-0.00442909357124	0.0012571288687088	1.9616869862799497e-05	1.5803729925413178e-06	0.0	0.0	0.0	0.0	0.0	0.0	0.0	0.0	0.0	0.0	0.0	0.0	0.0	0.0
883.3810397058879	-0.2963215008893485	0.0878064318893161	780362.0613118556	909.7715943076394	-0.6842969919180177	827684.3538090639	0.4682623731480476	817.3616902740532	1.445687476056264	668080.1327276573	2.0900122784259314	819.6553239822388	671.2574537167183	1.030829	17.90172	0.0922784082353423	0.0471013252970035	0.198496362	0.0609565747	-0.0738831108	0.1166378219	0.2189378643	0.0613599102	0.0222727967	-0.0289877808	-0.0409667759	-0.0436728325	-0.1621780331	0.0361952973	0.0234532208	-0.264949445	-0.0318987506	0.0166870685	0.1104459614	-0.0575978667	-0.0522505849	0.0519295265	-0.0419464542	0.0975741315	0.0874666891	-0.1100879147	-0.1373800461	0.0022337697	-0.0317363808	0.1372360672	-0.0047749298	0.0127064504	0.0860969252	-0.0196157671	-0.1768362593	0.049290744	-0.1275264427	-0.181629668	0.0844856378	0.0048191069	-0.1159070287	0.0058248849	0.0290562023	-0.0885111753	-0.1290002495	-0.1593312233	0.0545567457	0.0721727586	0.0898605974	0.0587799059	0.0556053353	0.0812089619	0.0202306692	0.2111542176	0.0256703872	-0.0377333823	-0.2511948812	-0.0732681089	-0.057090364	0.1733588212	0.0022446447	-0.0545169765	0.0186095725	0.1062795883	0.0095259565	-0.0246866167	-0.0721718306	0.0414047181	-0.0790673102	-0.033951571	0.0798785384	-0.0029450079	-0.0679824264	0.0384451055	-0.047655437	-0.0509546424	-0.0485066191	0.0382833527	-0.1063942335	-0.1013839798	-0.1006609570142416	0.001055614838492	0.0101326282670229	1.1143226872446846e-06	0.0061942832164731	0.0137498312743246	0.0001890578600723	3.8369144565880335e-05	-0.1767913899551985	-0.0058085531791506	0.031255195562291	3.37392900350206e-05	-0.000454192075286	-0.0006982881312158	2.062904412526035e-07	4.876063141969939e-07	0.0048796503971899	0.0003216541294101	1.0346137896663357e-07	2.381098799879555e-05	-0.0048424394894814	-0.0004133459182414	2.3449220209288885e-05	1.7085484812682638e-07	0.0	0.0	0.0	0.0	0.0	0.0	0.0	0.0	0.0	0.0	0.0	0.0	0.0	0.0
884.3198698612717	0.938830155383812	0.8814020606579923	782021.6322314566	909.6113320140096	-0.1602622936297848	827392.7753283008	0.0256840027594793	816.6615121711156	-0.7001781029375707	666936.0254616133	0.4902493758332553	819.6253565806095	671.292254622166	1.038822	18.040533	0.1343532566536759	0.0664517932361397	0.1934442823	0.014014618	-0.0102134552	0.1038619728	0.1614358073	0.0623253739	-0.0042993614	-0.0160173783	-0.0831247865	-0.0324148409	-0.195286992	-0.0030483108	0.0811825394	-0.1368170892	0.0444534374	-0.0280191505	0.0283355023	0.0738439903	-0.190768924	0.2286520734	0.0271934145	0.0625643342	0.0355705537	-0.1950866506	0.0320662523	0.0912608766	0.010049074	0.050679133	-0.0029163235	-0.0870543551	-0.0493652815	0.0716548729	-0.2120283382	-0.000867042	0.0057435189	-0.1424003106	0.006543333	-0.0616737817	-0.106812891	0.0131187459	0.2156767829	-0.1566658182	-0.085876127	-0.0698192537	0.0420442425	0.097548739	-0.0242579884	-0.0248504071	-0.0444275862	0.0480796187	-0.0404841257	0.205431297	-0.0040621359	-0.0082987455	-0.2058114529	0.0269702395	0.0333839412	0.0787551639	-0.0608573509	0.1600757177	-0.0501286786	0.0566471314	-0.0438746425	0.0869966115	-0.0936811468	0.1324458682	-0.0419932546	-0.0240788128	-0.0302290323	-0.0925093832	-0.1639287266	-0.096497828	-0.0403158266	0.0439599806	-0.0973098679	0.0350428114	-0.1100753719	-0.0948006283	-0.0911562719944214	0.0095046850198202	0.0083094659239209	9.033903732599453e-05	-0.0167631893980342	-0.0229574726145073	0.0005270455488458	0.0002810045187943	-0.1714174554384726	0.0053739345167259	0.0293839440290007	2.887917219005813e-05	7.413345963285141e-05	0.0005283255349188	5.4957698371356105e-09	2.7912787084729054e-07	0.0043578810857742	-0.0005217693114156	2.722432143352134e-07	1.8991127557748525e-05	-0.0039621910457635	0.0008802484437179	1.569895788312846e-05	7.748373226677854e-07	0.0	0.0	0.0	0.0	0.0	0.0	0.0	0.0	0.0	0.0	0.0	0.0	0.0	0.0
880.6337416132098	-3.686128248061891	13.587541461159828	775515.7868676817	908.849891513973	-0.7614405000365423	826008.1253049605	0.5797916350958996	815.6066192252832	-1.054892945832421	665214.1573240962	1.112799127167003	817.7695169359724	660.0669917400066	1.160216	20.148703	0.1455127711849351	0.0805079486256941	0.1961986006	-0.0067422084	-0.0131603568	0.0885595403	0.0984886088	0.0898811648	0.206834542	-0.0718437851	-0.2017011298	0.1393041363	-0.1611353449	0.0236536106	0.0831722461	-0.0532094395	-0.0344581234	-0.1934144927	0.0142520144	-0.015731797	-0.0570266476	-0.0047191785	0.0410279678	0.0192244883	0.2328209801	-0.1945227915	0.1050576491	-0.1575140648	-0.0533887142	0.1109363376	0.0982129383	-0.1581071708	-0.0569181891	-0.0075394552	-0.1733693922	0.0125385714	0.0519846577	0.0679892115	0.1403264836	-0.0785753663	-0.1364050607	0.0363756119	0.0632454069	0.0048299185	-0.1032480432	-0.0076635796	0.0081869932	0.1331298534	0.105135937	-0.1845223623	0.1795859898	0.1632481503	0.0187290537	0.2022439341	-0.0150160196	-0.0351768511	-0.2078302037	0.1155272083	0.1028962991	0.0905735476	-0.0313007117	-0.0731256836	-0.1688223832	0.012688928	0.0809126496	0.0499726821	0.0733685704	-0.0511879672	0.0460688187	-0.0666799971	-0.0332890967	-0.0329768646	0.0196747179	-0.0896293318	0.0309804859	-0.1120784939	0.0016371416	0.0317782535	-0.1134548014	-0.0876327994	-0.1138302590814817	-0.0226739870870602	0.0129573278825572	0.0005141096904241	0.0306722955790661	0.0474354849771003	0.0022501252350127	0.0009407897160895	-0.1268441574396206	0.0445732979988519	0.0160894402765672	0.0019867788944944	-0.0004602194153463	-0.0005343528749791	2.118019102616902e-07	2.855329949984846e-07	0.0044374442580379	7.956317226369934e-05	6.330298380663096e-09	1.9690911543193527e-05	-0.0039595070705679	2.68397519560034e-06	1.567769624187719e-05	7.203722850597882e-12	0.0	0.0	0.0	0.0	0.0	0.0	0.0	0.0	0.0	0.0	0.0	0.0	0.0	0.0
880.0391117763312	-0.5946298368786529	0.3535846429063333	774468.838256074	901.674502186961	-7.175389327011999	813016.907894104	51.4862119941977	813.4487119764873	-2.1579072487959365	661698.8070162062	4.656563694406048	815.8159882732641	655.9606166142684	1.852498	32.171104	0.7588711391560374	0.4497753491436232	0.0637283645	-0.1235589749	-0.0181884947	0.0865127664	0.0585822707	-0.1486657799	0.1046825307	0.2011708494	0.0974628213	0.1224468206	0.0073420832	-0.1207285237	-0.0196921323	-0.024873714	-0.2347581486	0.0667001059	-0.052998186	-0.0911321705	0.1272530509	0.073624146	-0.0540784017	-0.1079811098	0.0568084312	0.205739232	-0.0172194111	-0.0591934152	-0.0237849978	-0.0275904554	0.1821416394	-0.0399596139	-0.0682552661	0.261121329	0.0082219201	-0.0972744198	-0.1185613684	0.0384940861	0.0441795872	0.1820983453	0.0186772781	0.1774165702	-0.0707713026	0.026972291	0.0296053141	0.0594490184	-0.1349851435	-0.257896668	0.016637437	0.1182654832	0.0878707891	-0.0750629876	-0.0501325645	0.038975723	-0.0463121161	-0.1823348727	0.008289638	-0.318754097	-0.026483546	-0.1878675483	-0.0387406392	-0.1257890462	-0.0476287272	-0.0754814815	0.0559523402	0.0111395242	-0.0233925813	-0.0339691575	-0.1908674567	0.0600191939	-0.263421577	0.0981648631	-0.1595276747	-0.0268619094	0.0827753438	-0.2101594376	-0.2041607871	0.0284919163	-0.1165232592	-0.0799246852	-0.1547305926294342	-0.0409003335479525	0.0239415562954559	0.0016728372843337	0.2850786636606557	0.2544063680815896	0.0647226001204652	0.0812698444745452	0.0821468998087198	0.2089910572483403	0.0067481131481838	0.043677262009779	-0.0048557339780205	-0.0043955145626741	2.3578152465302787e-05	1.932054827068096e-05	0.0042818511201232	-0.0001555931379146	2.42092245661427e-08	1.8334249014900304e-05	-0.0034191471655937	0.0005403599049741	1.1690567339987432e-05	2.91988826903726e-07	0.0	0.0	0.0	0.0	0.0	0.0	0.0	0.0	0.0	1.0	0.0	0.0	0.0	0.0
880.1557794928038	0.1166677164726479	0.0136113560669421	774674.1961745851	899.0506770641773	-2.623825122783728	808292.1199295557	6.884458274951046	815.1175518937787	1.6688399172913932	664416.623405307	2.7850266695451444	817.0710635764576	651.5852697445796	1.422825	24.709249	0.2618315598663296	0.1423685916097171	-0.0287719331	-0.0805995903	-0.0166184732	0.0117049975	0.0481389699	-0.1942832908	-0.0105052609	0.1650063389	0.0323346183	-0.0770056243	0.0650650673	-0.0366508601	0.0018215447	-0.0034169141	-0.0231094364	0.0902220575	-0.0972263332	-0.1265124922	0.0282315567	0.0772829379	0.0611922208	-0.2703207043	0.0517707674	0.2379717555	0.0530471279	-0.0269408568	0.0696148113	0.1080335826	0.1030453734	0.1917104952	-0.0924052015	-0.0213447029	0.0759299453	-0.0150261156	-0.0287423449	-0.0503028746	-0.040652036	0.0349353191	0.0450217861	0.1601137574	-0.0106897524	0.0592112993	-0.0301080681	0.2213540253	-0.2434679675	-0.1478119533	0.1516682034	-0.0294221936	-0.0195748525	-0.0842330342	-0.0264982589	-0.040727009	-0.0392250717	-0.075698399	0.0260678521	-0.1929199471	0.1105752544	-0.2799601651	-0.0247762886	-0.0031860769	0.0746613709	-0.116019818	0.0392025118	-0.0287445633	0.0240590855	0.2433638963	-0.1903626213	0.1687638955	0.0676888917	-0.1010453904	0.155307243	0.0051244867	-0.0884992817	-0.2128202997	-0.0952734285	0.0251860523	-0.1192723348	-0.0717238087	-0.14565281502081	0.0090777776086241	0.0212147425234862	8.240604631163868e-05	0.2852246182048645	0.0001459545442087	2.1302728975196465e-08	0.0813530828301107	0.0130128517524781	-0.0691340480562417	0.0001693343107319	0.0047795166006427	-0.0073930293341617	-0.0025372953561412	5.4656882735775386e-05	6.437867724295699e-06	0.0040688142195353	-0.0002130369005879	4.5384721012098806e-08	1.6555249153092655e-05	-0.0025000038291777	0.000919143336416	6.250019145903161e-06	8.448244728779369e-07	0.0	0.0	0.0	0.0	0.0	0.0	0.0	0.0	0.0	0.0	0.0	0.0	0.0	0.0
880.818733632918	0.6629541401141523	0.4395081918944951	775841.6415186974	903.3712508461692	4.320573781991925	816079.6168553724	18.667357805636005	815.0636230041183	-0.0539288896603693	664328.7095445995	0.0029083251400002	817.7477461110766	655.6029019209054	1.266126	21.987976	0.2132699453566281	0.095137945937697	0.0414003721	-0.1180168864	-0.0115542544	0.0911804005	0.05242588	-0.0947399492	-0.0863283887	0.0882470046	-0.038140338	0.0692291998	-0.0118080872	-0.1245244146	0.0796490548	0.1120200143	-0.0257519207	0.1482903355	0.0150705928	-0.1102199649	-0.0025255421	0.054160694	-0.1011714151	0.0109505436	0.0491562939	0.1673625266	0.027722416	-0.1740700123	0.0958015499	0.062343345	-0.0027581011	0.0129115065	-0.1020516655	-0.2153550498	-0.0123846352	-0.101508177	0.1026010304	-0.0686200416	-0.1001349227	0.1021371205	0.0187074023	0.0990507158	-0.0112145275	0.0221776854	-0.0472992013	-0.0380838171	-0.0471055178	-0.2045266887	0.0730585596	0.005997172	0.0391709165	-0.0125295776	0.0819849886	0.0122647353	-0.080485263	-0.1017580923	0.0148911582	-0.2054261395	-0.0019354604	-0.1098234754	-0.0898575617	0.0030925969	-0.121228727	-0.0910334217	0.0016809435	-0.0050499767	0.0374146475	-0.0145062547	-0.08672545	0.0565023728	0.0616815019	0.0381465321	0.0638158815	0.0803561785	0.0881247878	-0.0056188377	-0.1077530194	0.0218629269	-0.1216944932	-0.063080731	-0.0979430854332008	0.0477097295876092	0.0095928479841752	0.0022762182973227	0.254531022020771	-0.0306935961840935	0.0009420968467121	0.0647860411709382	0.0644843333809035	0.0514714816284253	0.0041582292515795	0.0026493134210253	-0.0061234793841129	0.0012695499500488	3.7496999767655695e-05	1.6117570756689108e-06	0.0044512637941775	0.0003824495746422	1.462676771439998e-07	1.9813749365355475e-05	-0.0025159070636167	-1.5903234439000168e-05	6.3297883527564055e-06	2.529128656218009e-10	0.0	0.0	0.0	0.0	0.0	0.0	0.0	0.0	0.0	0.0	0.0	0.0	0.0	0.0
881.2955188633085	0.4767852303905329	0.2273241559185535	776681.7915685482	900.5506980202415	-2.8205528259277344	810991.5597047441	7.955518243848928	814.7436085181562	-0.3200144859621332	663807.1476211866	0.1024092712256083	816.6513075427474	649.7530343922285	1.288653	22.379177	0.0698817193414166	0.0370662015070216	0.0021967541	-0.1496511798	0.0416928311	0.1851457927	-0.1536817198	-0.1219919658	0.0672179247	0.0793314864	0.0539009803	-0.0920076843	0.061153486	-0.1302673761	0.0031472854	0.1219070001	-0.0599293096	-0.0757452192	-0.2262112147	-0.0455743434	0.0520235151	0.0981030502	-0.0345042322	-0.0160541548	0.0551254998	0.0001548917	-0.1440097243	-0.0774021983	0.1193971912	-0.0473884172	0.0897551415	0.0524396244	0.0689358959	-0.1635624768	0.0498779941	-0.1680844106	0.0433896315	0.1401624579	0.0385435184	0.022576137	0.1356435689	0.1884180999	0.0889915413	-0.1093497615	0.0054899174	0.0522436729	-0.0284264635	-0.016061541	0.0211260452	0.0943136387	-0.0224171931	-0.0324182095	0.1032159297	-0.0169948792	-0.0570594106	-0.1480539287	0.0138594741	-0.0627457316	0.2188394519	-0.1625898063	-0.0409624491	-0.0323037627	0.0171596708	-0.0931788698	-0.0031620735	0.1267015556	-0.0871907229	0.0803820003	0.003345333	0.1276362577	0.0217963088	0.052682224	0.1035907874	-0.1141454938	-0.1031145932	0.0032290447	0.1184719258	0.0185248178	-0.1237830955	-0.0540487397	-0.1201278681746629	-0.0221847827414621	0.0144307047121891	0.0004921645852858	0.2496319260167041	-0.0048990960040669	2.400114165706432e-05	0.0623160984868092	0.0811340881427611	0.0166497547618576	0.0065827402587573	0.00027721433363	-0.0059452116570724	0.0001782677270405	3.5345541647389546e-05	3.177938250418623e-08	0.0044530608137103	1.7970195327994196e-06	3.229279201262644e-12	1.982975061060224e-05	-0.002858804033724	-0.0003428969701073	8.172760503236614e-06	1.1757833210876669e-07	0.0	0.0	0.0	0.0	0.0	0.0	0.0	0.0	0.0	0.0	0.0	0.0	0.0	0.0
882.9864357962012	1.6909169328927192	2.8592000739433203	779665.045800079	913.0430850734958	12.492387053254332	833647.675200527	156.0597342883165	816.0269284757758	1.2833199576195966	665899.9479976089	1.6469101136247632	818.3459676582122	665.0798707118402	1.102709	19.150009	0.1512920717682276	0.0778908396465696	0.0120319326	-0.0878804228	0.0429029942	0.0116828	-0.0644628002	0.0500520737	0.0546172491	0.250967758	-0.0489948898	-0.1618686553	0.0280768175	-0.0743471974	-0.0764859961	-0.0503663828	0.0332847723	-0.0140756874	-0.0826765159	-0.1851500414	0.1167039949	-0.0043773585	-0.0405522651	0.0272358836	0.016128833	0.0046238182	-0.1857629472	-0.0054857559	0.0153721983	-0.0985304583	-0.0750011264	-0.0489953372	-0.0191208097	-0.1824352906	0.0365251383	-0.0689764655	-0.0882890756	0.0404407486	0.0105832148	-0.1230760843	0.0706520091	0.1677576626	-0.1435381741	0.0234471184	-0.0728145879	-0.0124019055	0.0566578283	-0.0937821974	-0.0917451283	0.1396689714	0.0068583707	0.0418023021	0.115541341	-0.0211004892	-0.0343062956	-0.1307071027	0.0115574775	-0.0941963493	0.1360690035	-0.1024745571	0.0640137396	-0.070389173	0.0198105451	-0.0130813166	-0.0560836288	-0.0881278693	-0.0008957852	-0.0270845003	0.0250946921	-0.0737320234	0.0883849333	0.0001085912	0.0109996223	0.0320930744	-0.0126930773	0.1056695395	0.0681491095	0.0151740128	-0.1255324169	-0.0446835199	-0.144413178158814	-0.0242853099841511	0.0208551660259293	0.0005897762810263	0.2271664686484626	-0.0224654573682414	0.0005046967747642	0.0516046044782129	0.0857664020308561	0.0046323138880949	0.0073558757173184	2.145833195783781e-05	-0.0071001698194748	-0.0011549581624023	5.041241146538081e-05	1.3339283568999282e-06	0.0049320326066795	0.0004789717929692	2.294139784601308e-07	2.4324945633349785e-05	-0.0032230538889072	-0.0003642498551831	1.0388076370799824e-05	1.3267795700098213e-07	0.0	0.0	0.0	0.0	0.0	0.0	0.0	0.0	0.0	0.0	0.0	0.0	0.0	0.0
882.3267109746001	-0.6597248216011167	0.4352368402366252	778500.4248992555	904.0260148977304	-9.017070175765411	817263.0356118715	81.30755455467806	816.4657158793167	0.438787403540914	666616.2652063251	0.1925343855061769	818.336628307806	661.1816243098332	1.08104	18.77371	0.1806031313348326	0.0848930830924231	-0.0485532958	-0.0802671485	0.1046788546	0.0732189074	-0.086640228	-0.0413259064	-0.1079824475	0.1072065974	-0.0362146454	-0.0334613404	0.1009374989	-0.1262223516	0.026795923	-0.1066733432	0.0763665313	-0.0637674468	0.0581296404	-0.0460252003	0.0477681899	0.0874555393	-0.1034206067	-0.0739865862	-0.0601817327	0.0330856863	-0.0231764863	0.048142163	-0.0442008386	-0.0313956322	0.010106821	-0.0521932713	0.0561483616	-0.002930885	0.0886690095	-0.1363737892	-0.0287960413	-0.0929082158	0.0130308872	-0.0800311327	-0.0741354977	0.0526457916	-0.0574307064	-0.0564107171	0.0048802771	0.0543779338	0.0760586063	-0.0854627075	0.0002859695	-0.0470299441	-0.0746136616	-0.0603373438	0.0542746173	-0.06858482	-0.0013298437	-0.1333203684	0.0735053596	-0.0921035379	0.0436766681	0.0037061244	0.0094046495	0.1029425533	0.085576992	0.0037102143	-0.0911679733	-0.0492036492	0.1182789268	0.0582393186	0.0114423359	-0.1262794088	0.0308803177	-0.0999851037	-0.0175914142	-0.0809047983	0.029194571	0.0869170728	-0.0250515629	0.0118128082	-0.1269376627	-0.0350428114	-0.1547794849038695	-0.0103663067450555	0.0239566889471071	0.0001074603155325	0.1611669139429352	-0.0659995547055274	0.0043559412213279	0.0259747741498894	0.1129507015748458	0.0271842995439896	0.0127578609862498	0.0007389861416973	-0.0075498050206772	-0.0004496352012024	5.699955585024266e-05	2.0217181416032325e-07	0.0044554311957523	-0.0004766014109272	2.271489048977981e-07	1.985086714008277e-05	-0.0026082310942316	0.0006148227946756	6.802869440916569e-06	3.780070688527152e-07	0.0	0.0	0.0	0.0	0.0	0.0	0.0	0.0	0.0	0.0	0.0	0.0	0.0	0.0
882.8343266920753	0.5076157174751188	0.2576737166277796	779396.4483858498	906.7300155441484	2.704000646417967	822159.3210886916	7.311619495828783	815.8572585444944	-0.608457334822333	665623.0663197379	0.3702203282990966	817.9747208568538	656.3104910703805	0.976028	16.950037	0.0662417276289283	0.0350561693427655	-0.0059231027	-0.1251237572	0.1133689047	0.1128272161	-0.0626927434	-0.0025560271	-0.1922657708	0.0504441525	-0.0648658913	0.0316389812	0.0651457631	-0.1616133496	0.0827419491	0.0092725266	0.0673353091	-0.0667301299	0.0843774722	-0.0170607379	-0.0301910175	0.0735851301	-0.0719646241	0.0514412875	-0.0831920195	-0.0974215337	-0.0527818926	-0.0592862346	-0.0323763704	-0.1319568494	-0.0842175356	0.01246431	-0.0208724408	0.0066271052	0.0375209538	-0.1864955453	0.0746148692	-0.0958092876	-0.0159978404	-0.0181006794	-0.0583421856	-0.0071195619	0.0887070192	0.0139618362	0.0940013895	-0.0388645339	0.1742697735	-0.1031189374	-0.0787687632	0.0033379046	0.1168124768	0.0531794284	0.0271539191	-0.0375189778	-0.0329253274	-0.124037609	0.0729886958	-0.0652553615	0.0589308458	-0.0199252877	-0.0473336587	0.0771467942	-0.0180485677	-0.0618267997	-0.0516564776	-0.0078807036	0.0538142059	-0.0318242774	0.079671246	-0.0160914654	0.1546423936	-0.0560945375	0.0293231098	-0.0569569693	0.04106913	0.1096548902	-0.0741192567	0.0084435077	-0.1279949812	-0.0251860523	-0.1395315570528623	0.0152479278510072	0.0194690554135961	0.0002324993037495	0.176372003199603	0.0152050892566678	0.0002311947393032	0.0311070835126407	0.1058768014270725	-0.0070739001477733	0.0112098970804277	5.004006330066714e-05	-0.0071176114353144	0.0004321935853627	5.066039254411832e-05	1.867912952287518e-07	0.0044533631216199	-2.068074132399906e-06	4.276930617101626e-12	1.983244309300414e-05	-0.0024681965462572	0.0001400345479744	6.09199419095597e-06	1.9609674626394553e-08	0.0	0.0	0.0	0.0	0.0	0.0	0.0	0.0	0.0	0.0	0.0	0.0	0.0	0.0
882.3659146059796	-0.4684120860956682	0.2194098824004957	778569.6072584469	905.273078819374	-1.4569367247744367	819519.3472351085	2.1226646199964625	814.6597784947597	-1.1974800497346223	663670.554697131	1.4339584695124334	817.3878123381428	657.1688807450809	0.98218	17.056866	0.1372934221281146	0.0699574515752484	-0.0145561743	-0.0921567218	0.0830059653	0.1178571067	-0.1667656042	0.0216451486	0.0536090326	0.0482987166	-0.0163117728	-0.0709256668	0.0972762932	-0.0906153064	0.0124479897	0.0373755292	-0.103552073	-0.1062367192	-0.2145956745	0.0812850728	-0.03003791	0.0625209763	0.0856282306	0.0240674836	0.0598090608	0.0163850324	0.052653859	0.0164303925	0.0050656805	-0.0678383202	0.00684003	-0.0225097814	0.0154445241	-0.0103791876	0.0709762405	-0.1277215223	-0.0030625147	0.1156818105	0.0982239351	-0.0006976491	0.1023405571	0.0806600605	0.1770670572	-0.0718800419	-0.0284382634	-0.0007753823	-0.0249753347	0.0739135293	-0.0847185529	0.0376973694	-0.0297944134	0.0728152232	0.0926565723	-0.0361281214	-0.018805734	-0.1171440051	0.0138280221	0.010687618	0.1400224525	-0.0177067151	-0.0231094242	-0.0163485057	0.0309391901	-0.0710801201	-0.0460264006	0.1026417154	-0.071228789	-0.0330453113	0.1473161823	-0.0545713766	0.0719329102	-0.0465856513	0.0129307482	-0.0942122205	-0.0717131866	0.1397446881	0.1312326151	0.0050684204	-0.1287014744	-0.0151740128	-0.1456064893557993	-0.006074932302937	0.0212012497425205	3.690480248526761e-05	0.1375019408671818	-0.0388700623324212	0.0015108817457263	0.0189067837422419	0.0819085548283311	-0.0239682465987413	0.0067090113540657	0.000574476845018	-0.0064689845066936	0.0006486269286208	4.184776054784184e-05	4.207168925320528e-07	0.0049931440852235	0.0005397809636035	2.913634886688308e-07	2.493148785580242e-05	-0.0026473922719131	-0.0001791957256559	7.0086858413852044e-06	3.2111108093344576e-08	0.0	0.0	0.0	0.0	0.0	0.0	0.0	0.0	0.0	0.0	0.0	0.0	0.0	0.0
882.6289716452243	0.2630570392446998	0.0691990058961875	779033.9015875062	913.9603333906692	8.687254571295284	835323.4910115832	75.46839198649081	815.0523160009167	0.3925375061569411	664310.2778184582	0.1540856937399106	817.3464481496366	663.1219564364507	0.977176	16.969961	0.1156817122537422	0.0750120974523384	-0.0408052638	-0.0588679388	0.0959250646	-0.0168617808	-0.1082390759	0.0792646665	0.0576465339	0.2528864394	-0.0490664742	-0.1455542025	0.0899243392	-0.052558977	-0.0061375788	-0.0038178514	-0.0391820762	-0.0285544073	-0.1074208313	-0.1694544886	-0.0100976006	-0.0777666434	-0.0581237863	-0.0063960662	0.0824227419	0.0681599035	0.1709998825	0.0835109774	0.078865694	-0.1232867526	-0.0215508964	-0.1480856337	-0.0454192213	-0.0659410088	0.0859631152	-0.0636499786	-0.0466657034	0.0544170981	0.062199289	-0.0772253278	0.0759620691	0.1665578065	-0.0719412507	0.1247637249	-0.102689239	0.0355946709	0.029951152	-0.0722045573	-0.0754350938	-0.1154103002	-0.108002096	0.1151421729	0.1200419489	-0.0588116455	-0.0010375144	-0.1144100405	0.0525901164	-0.0121799327	0.1429750884	-0.0382059408	0.0756834474	-0.0736387131	0.0938652234	-0.0136827464	-0.0826358064	-0.0729369824	0.043994543	0.0060995725	0.1034006188	-0.140374825	0.1184632224	-0.0394118421	0.0168771968	-0.03696767	0.005430826	0.1687416488	0.1309184087	0.0016898595	-0.1290552057	-0.0050684204	-0.1416124343610505	0.0039940549947488	0.0200540815656628	1.59524753010779e-05	0.1899010410509305	0.0523991001837487	0.0027456657000665	0.0360624053922271	0.0981623184043058	0.0162537635759746	0.0096358407545083	0.0002641848303836	-0.0073030726623503	-0.0008340881556567	5.3334870311568304e-05	6.957030514067961e-07	0.0049951717400129	2.0276547894005838e-06	4.111383944979125e-12	2.4951740712223503e-05	-0.0026228122123738	2.458005953929988e-05	6.879143901377147e-06	6.04179326955527e-10	0.0	0.0	0.0	0.0	0.0	0.0	0.0	0.0	0.0	0.0	0.0	0.0	0.0	0.0
884.334554867674	1.705583222449718	2.909014128701964	782047.6049330072	904.7236125995588	-9.236720791110429	818524.8151951965	85.31701097293167	815.2324320297107	0.180116028794032	664603.9182330769	0.0324417838285325	817.3020477829692	674.3930399674636	0.958098	16.638659	0.1204397245881402	0.0599005991949176	-0.0172220059	-0.0581228562	0.0677848607	0.0486206214	-0.035246031	0.0185312825	-0.1566845122	0.1128563403	-0.1354372637	0.0137060355	0.0355790263	-0.1396029668	0.0421483741	0.0223811736	0.0383838997	0.0268700752	-0.0240021551	-0.1619611525	0.0406001407	-0.0141354502	-0.0697516949	0.080857991	-0.0988848782	0.0829679574	0.0148548618	0.0007641862	0.1696267243	-0.0409970151	-0.0804714805	-0.0713562269	0.0963006746	0.1974091997	0.0225423411	-0.1301225892	0.0043839027	-0.0763648398	-0.0688108564	-0.0039314037	0.0156394376	0.1145150894	-0.0909275955	0.1316053084	0.1211047938	-0.0798609523	0.0954424042	0.0092665703	-0.0243783711	0.0116731037	-0.0956910931	0.0420801948	0.1173601078	-0.0454690353	-0.0232017365	-0.0957264887	0.0563727108	-0.088509881	0.0120862126	0.0159213884	0.0540624128	0.0045715193	0.1319062289	0.0148682876	-0.0860077767	-0.0940966639	-0.016262253	-0.0093870679	0.059722104	-0.1316130878	0.1682176183	-0.0016333472	-0.0866493781	0.0393123646	0.0059729364	0.1158552935	0.0450674415	-0.0016898595	-0.1290552057	0.0050684204	-0.1294047913375067	0.0122076430235437	0.0167456000211036	0.0001490265481902	0.1685245820446539	-0.0213764590062766	0.000456952999647	0.0284005347533252	0.1006605067395156	0.0024981883352098	0.010132537617056	6.2409449581783255e-06	-0.0064861243078705	0.0008169483544798	4.2069808537148576e-05	6.674046138872532e-07	0.0045811006637832	-0.0004140710762297	1.7145485617002262e-07	2.0986483291714877e-05	-0.0021666829586211	0.0004561292537526	4.694515043179084e-06	2.0805389612899487e-07	0.0	0.0	0.0	0.0	0.0	0.0	0.0	0.0	0.0	0.0	0.0	0.0	0.0	0.0
884.4810851378247	0.1465302701507198	0.0214711200704429	782306.789966584	906.630430692202	1.9068180926432208	821978.7378571278	3.6359552384315297	816.4856954330738	1.2532634033631211	666648.8908468302	1.5706691582093133	818.3823317857547	672.535237979889	0.902287	15.669412	0.0723885114029082	0.0380254525309351	-0.0288528986	-0.0759964065	0.1405320783	0.0466444136	-0.0685023965	0.0304561547	-0.1457109094	-0.0005704003	-0.0270006275	-0.036556023	0.0611762308	-0.0931088407	0.0564158901	-0.0656938556	0.0983449175	0.0801623786	0.0117786668	0.0076014615	-0.0714449416	0.0937390354	-0.0461592249	0.0636674917	0.0047558422	-0.0101079003	-0.0833180019	0.0982462417	0.243925205	-0.0901967048	0.0849617091	-0.0299344733	-0.004020946	-0.0059475932	0.0496098318	-0.1102439345	0.0495175612	-0.1211573829	-0.0606448414	-0.0365260048	0.0229873208	0.0083895443	0.0102475197	-0.0197419721	-0.1167959856	-0.0568450614	0.0442980391	-0.0755459832	-0.1189979468	0.1269834082	-0.0874405951	-0.0567733553	0.1699654434	-0.0502448314	-0.008409734	-0.1081617198	0.0483263113	-0.0725548713	0.0095529682	0.0149404228	-0.0306499107	0.1449484105	-0.0154578467	0.0224163192	-0.0906837608	-0.0074782471	0.0222637852	-0.0530160101	-0.0034039159	-0.1363675626	0.0987066514	-0.0013002176	-0.0450187681	-0.0129021827	0.0706657688	0.200267501	-0.0064282111	-0.0050684204	-0.1287014744	0.0151740128	-0.1241063415338743	0.0052984498036324	0.0154023840089226	2.8073570321612298e-05	0.1787496669084447	0.0102250848637908	0.0001045523604717	0.0319514434198799	0.0815566550535606	-0.0191038516859549	0.0066514879835254	0.0003649571492389	-0.0064351099174109	5.1014390459599816e-05	4.141063964916013e-05	2.602468033964509e-09	0.0046789982344401	9.789757065690064e-05	9.583934340522854e-09	2.1893024477893577e-05	-0.0027729934984952	-0.0006063105398741	7.68949294269665e-06	3.6761247076242257e-07	0.0	0.0	0.0	0.0	0.0	0.0	0.0	0.0	0.0	0.0	0.0	0.0	0.0	0.0
882.2421670784629	-2.238918059361822	5.012754076536507	778351.2413713024	900.7851913253984	-5.845239366803639	811413.9609111346	34.16682325523101	815.0055421204576	-1.4801533126162667	664234.0336870609	2.190853828848908	817.2031426117799	658.6685910885151	0.925998	16.081198	0.0603360473170953	0.0253933294131092	-0.0602652508	-0.0618919711	0.0860982478	0.0816113269	-0.1164371377	-0.0479395361	-0.052576897	-0.0478140334	-0.0795698386	0.0543439813	0.0797494537	-0.0923148725	0.0068127659	-0.0170702939	-0.0601589703	-0.0856940683	0.0471601676	0.2095759928	0.0664873333	0.1388326295	0.0549619995	0.0322278278	0.0405119238	0.0460830587	-0.1807652512	0.1333790692	0.0366355114	-0.035118453	0.1581504596	-0.0346405211	0.1777752604	-0.0019033477	0.0675698834	-0.1198319059	0.0249274296	0.0396301016	0.0758345562	0.0419968418	-0.0566109759	-0.0718841395	0.0782503542	-0.1604467748	0.0676031365	0.0238830651	-0.0494429685	-0.0871677774	-0.0929276156	0.1128619534	-0.0013784399	-0.0311831676	0.1010576386	-0.0693315826	-0.0048570308	-0.0902007581	0.0442758646	-0.0146068404	0.02200155	0.0101469969	-0.0547542286	0.0289934213	0.0088739413	-0.0518917025	-0.0488384311	0.1756123333	-0.0250962454	-0.0135026704	0.0842311692	-0.0285962051	0.0920655083	-0.0799831979	-0.0280808237	-0.0135707016	0.038558072	-0.0212584682	0.0901693731	-0.0084435077	-0.1279949812	0.0251860523	-0.1317733445300319	-0.0076670029961575	0.0173642143286304	5.878293494308951e-05	0.1609803820337703	-0.0177692848746744	0.0003157474849573	0.0259146833997386	0.0697689801716023	-0.0117876748819583	0.0048677105941854	0.0001389492791227	-0.0065351941839676	-0.0001000842665566	4.270876302216394e-05	1.0016860412192526e-08	0.0044297617975181	-0.000249236436922	6.21188014895742e-08	1.9622789582750788e-05	-0.0026600725106878	0.0001129209878073	7.075985762116896e-06	1.2751149487398973e-08	0.0	0.0	0.0	0.0	0.0	0.0	0.0	0.0	0.0	0.0	0.0	0.0	0.0	0.0
881.4451732954266	-0.7969937830363278	0.6351990901985572	776945.5935258046	907.5873500774431	6.802158752044761	823714.7980205953	46.26936368801914	815.1248157187226	0.1192735982650674	664428.4652004815	0.0142261912430967	817.3264953131987	653.2674001400287	1.036772	18.00493	0.0654385176600574	0.0494420679678971	-0.0345021741	-0.0653053241	0.0065678897	-0.0409620235	-0.0661637621	0.0383755761	0.1062387631	0.1367616285	-0.1009655378	0.1404536045	0.0660876515	0.0096013866	-0.0947703903	-0.1067398369	-0.0602644701	-0.1018156146	-0.0709149717	-0.0389913675	0.0429725157	-0.0173150606	-0.0264543263	-0.0873535552	-0.0579613527	-0.0060755408	-0.0488009946	-0.0871598375	-0.1158057456	-0.1128451556	0.0555043863	-0.0623235829	-0.1106257521	-0.0391623394	0.0621290176	-0.0127151327	-0.1428604915	0.0460807018	0.1137689638	-0.0984202153	0.0056760061	0.0537437045	0.0627349236	0.0452462579	0.09780422	0.0315222129	0.0408454932	-0.0743014728	0.0351239116	0.0332492463	0.1239188187	-0.0342992096	-0.0081995971	-0.0384367506	-0.0080462285	-0.0749468504	-0.0034473285	0.0599282938	0.0828871645	-0.05184993	0.0487480059	-0.0400927558	0.064940578	0.0472682743	-0.0642566218	-0.007855651	-0.0292375185	-0.071989183	0.1201012344	0.0080290148	0.0210043848	-0.0787220792	-0.0258233838	0.0846510723	0.0865843655	-0.0396971006	0.0631495252	-0.0118128082	-0.1269376627	0.0350428114	-0.1321318160741782	-0.0003584715441463	0.0174588168190604	1.2850184796264018e-07	0.1627336298250838	0.0017532477913135	3.073877817745667e-06	0.0264822342760474	0.0592024026862247	-0.0105665774853775	0.0035049244838219	0.0001116525597544	-0.0056842116720723	0.0008509825118952	3.231026233292298e-05	7.24171235551634e-07	0.0042933069623016	-0.0001364548352165	1.8619922053962278e-08	1.843248467254739e-05	-0.0027278395803604	-6.776706967259998e-05	7.441108776180804e-06	4.59237573201102e-09	0.0	0.0	0.0	0.0	0.0	0.0	0.0	0.0	0.0	0.0	0.0	0.0	0.0	0.0
880.3476598728031	-1.0975134226234786	1.2045357128387024	775012.0022435206	902.3999745752903	-5.187375502152804	814325.7141134846	26.908864600335058	814.1173888839481	-1.007426834774492	662787.1228832176	1.0149088274237514	816.3494852903848	662.2288784577296	0.913248	15.859771	0.0766704711101273	0.0458360993553722	-0.016781492	-0.0795114983	0.004297983	-0.015606419	0.0273411023	-0.0246286916	-0.0156090894	0.0671284883	-0.1236289431	0.0543203686	0.0330541598	-0.0516098697	-0.0116252884	0.0292933352	-0.0084991074	-0.0937408497	0.0776467502	-0.1058522138	0.0664671466	-0.0087498174	0.0794288356	-0.1022721798	-0.0418485781	-0.012939098	0.0762847839	-0.0631465087	-0.1105404716	0.0536452557	0.0456893714	-0.0206859781	0.1185453954	-0.0007829899	0.029571589	-0.0442751373	0.0081608171	-0.0029137073	-0.0327905625	-0.0528462419	-0.1543896239	0.0700343754	-0.0518278936	0.0876922913	0.079755449	0.1416245794	-0.0017148305	-0.021297457	-0.0199515054	-0.0320943898	0.0691052461	0.0040918585	-0.1190282726	-0.0241398433	-0.0250494546	-0.0706766531	-0.006840537	0.0009232248	0.0048345592	-0.0335537021	0.0552513236	0.022152159	0.0016942773	0.0983119508	-0.0210143703	-0.0808205297	0.0645670143	0.0279811648	0.0093541583	-0.001600117	-0.0403751569	-0.132404656	-0.0212977207	0.0866997082	0.0458344055	-0.1586514019	0.0666773123	-0.0151740128	-0.1255324169	0.0446835199	-0.1152382499302575	0.0168935661439207	0.0132798542469884	0.000285392577059	0.1795488595406453	0.0168152297155615	0.0002827519503871	0.0322377929623463	0.0530140082136796	-0.0061883944725451	0.00281048506688	3.829622614782675e-05	-0.0049742539953773	0.000709957676695	2.4743202810527036e-05	5.040399026981623e-07	0.0042912788806541	-2.028081647499798e-06	4.113115168925494e-12	1.8415074431547903e-05	-0.0027043597231409	2.3479857219500105e-05	7.313561512146725e-06	5.513036950481112e-10	0.0	0.0	0.0	0.0	0.0	0.0	0.0	0.0	0.0	0.0	0.0	0.0	0.0	0.0
880.8242912942552	0.4766314214521117	0.2271775119154605	775851.4321340269	896.3815600903004	-6.018414484989989	803499.9012699208	36.22131291313732	814.829247790335	0.7118589063868512	663946.7030545631	0.5067431026022838	816.7099000806006	654.2333737244973	0.905144	15.719028	0.0906344007850058	0.0509361942835971	-0.0002510368	-0.0861433015	-0.0073929513	0.0815717885	0.0242251536	-0.1040852705	-0.0492509413	-0.0161622143	0.00923886	0.0336411744	0.0025462408	-0.1214218348	0.0722307155	0.0578725869	-0.0016490855	0.0831898711	0.1360102602	-0.036130278	-0.0081382044	-0.0116958486	0.0636309297	-0.0001730361	-0.009574428	-0.0225815321	0.0804739664	-0.0136429623	0.0176228363	-0.006521155	-0.1020558205	-0.0065596168	0.0237834139	0.1065460537	-0.0082640082	-0.0953595402	0.0802631524	-0.0725613885	-0.0764633184	0.1006126947	-0.0858343401	0.025902622	-0.0681136152	0.0424661048	0.0069221323	-0.0048004586	-0.0231100371	0.0065875933	-0.0607983591	-0.0787527618	0.0172208811	0.0289149097	0.0278386752	-0.0107335481	-0.0238031221	-0.0693572317	-0.0046908284	-0.0541390947	-0.0893344997	0.0512181058	-0.058361976	0.07011934	-0.0694444679	0.0588061723	0.0242775614	-0.0383475594	0.0922720188	-0.0560704926	0.0456487649	0.0505527031	0.0166537991	-0.1148944653	-0.0012293176	0.1640047538	0.0303357091	-0.0502129479	-0.0175625168	-0.0185248178	-0.1237830955	0.0540487397	-0.1274811073442379	-0.0122428574139804	0.0162514327297131	0.000149887557659	0.1458065275697748	-0.0337423319708705	0.0011385449668324	0.0212595434819555	0.0597738074187645	0.0067597992050848	0.0035729080533355	4.569488529306641e-05	-0.004324012197584	0.0006502417977933	1.869708148485521e-05	4.228143955974633e-07	0.0042901219860065	-1.156894647600347e-06	1.338405225646331e-12	1.8405146654816357e-05	-0.0028107492746014	-0.0001063895514605	7.900311484672298e-06	1.1318736659966426e-08	0.0	0.0	0.0	0.0	0.0	0.0	0.0	0.0	0.0	0.0	0.0	0.0	0.0	0.0
882.1446221999682	1.3203309057130357	1.7432737005810046	778179.1344763247	900.5579418330998	4.176381742799435	811004.6065986687	17.44216446158845	814.6824749146576	-0.1467728756773567	663707.5349330718	0.0215422770346008	817.070187140848	653.9125952738982	0.80503	13.980418	0.0604904366161466	0.0291542063026508	0.0032793484	-0.080561064	0.0004139552	0.100601919	-0.0118994085	-0.0576207943	-0.0991167468	-0.0733217055	0.0195650421	0.0414583317	0.0386199628	-0.106387667	0.051964243	0.0490341158	-0.084665296	0.1343313595	0.0727838142	0.0654560543	-0.0872267969	0.045978041	-0.0184568316	0.2050309131	0.0643869527	-0.0560595827	0.0125854187	0.0450991165	0.0691243169	-0.0085595277	0.0850293628	-0.1005384115	-0.0156273963	0.1485791612	0.0113424388	-0.0962988596	0.0486275944	-0.0479247949	-0.0542015228	0.1831653516	-0.0173914856	-0.0547879228	0.0462308803	-0.0052170692	-0.0334993799	-0.1791988105	-0.0256728752	0.0263485608	-0.0451139094	-0.0344404883	0.0390756502	0.1199803855	0.0588421476	-0.009222306	-0.0326298364	-0.0775796633	0.0008478151	-0.0627886311	-0.076557559	0.0422369085	-0.1047156527	0.014722337	-0.0592758491	0.0160976656	0.0579218763	0.1109892773	0.0109908831	-0.0948543762	0.0757561408	0.0316643217	-0.000566356	-0.0467968889	-0.0508823719	0.1026356479	0.0304993861	-0.1221616906	0.0920738513	-0.0218629269	-0.1216944932	0.063080731	-0.1342174542920418	-0.0067363469478038	0.0180143250366363	4.5378370201186856e-05	0.1602269216480323	0.0144203940782574	0.0002079477653722	0.0256726664208046	0.0597737853261293	-2.2092635200421373e-08	0.0035729054122141	4.880845300988975e-16	-0.0039498581302754	0.0003741540673085	1.5601379249302683e-05	1.39991266083568e-07	0.0045868606289223	0.0002967386429158	8.805382219951116e-08	2.103929042915748e-05	-0.0026949685148768	0.0001157807597246	7.262855296177264e-06	1.3405184322405624e-08	0.0	0.0	0.0	0.0	0.0	0.0	0.0	0.0	0.0	0.0	0.0	0.0	0.0	0.0
882.0645236176755	-0.0800985822927486	0.0064157828853082	778037.8238248768	905.406353739949	4.848411906849265	819760.6653926697	23.507098018477723	814.7342011941084	0.0517262794508042	663791.818595402	0.0026756079858226	817.1778359279455	657.0509833996113	0.890174	15.459068	0.0545878931926968	0.0320417220437875	0.0119508564	-0.0729395152	-0.0312493962	0.0457479515	0.0104644546	0.0166379544	0.0177121265	0.0790997278	-0.0088090973	0.0449428337	0.0267646711	-0.0175388236	-0.0522134669	-0.0485003543	-0.0280858129	-0.0564210587	-0.0621273058	-0.0063330955	-0.0685532852	0.1316267755	0.0175969995	0.0419074891	-0.0823955276	0.0451961989	-0.0693825481	0.0690195817	0.0086237172	-0.1914083444	-0.0721914474	-0.0721140869	-0.2073017132	0.1172330805	0.0226538192	-0.0351099976	-0.0848581179	0.0154417375	0.0257997527	-0.0374783293	0.0541958218	0.0554356673	0.1408927674	-0.0169020867	0.1065049616	-0.1209073408	-0.0170041554	-0.0610884992	-0.089039977	0.0481936794	0.0624820696	-0.0301012406	-0.0057106108	-0.0004598075	-0.0297945978	-0.06795929	-0.0138605615	0.0052909628	-0.0010031183	0.0231365878	-0.0028812994	0.0092631967	0.0662155367	0.0636259146	0.021895925	0.0429285956	-0.1425498202	-0.0695384631	0.1205132935	0.0973397611	-0.0896942955	0.0422614564	-0.0834727526	0.0624745337	0.0560196709	-0.1255983863	0.0205059536	-0.0251860523	-0.1192723348	0.0717238087	-0.1315580018639792	0.0026594524280625	0.0173075078544427	7.072687217128016e-06	0.1593573905116443	-0.0008695311363879	7.56084397148191e-07	0.0253947779106807	0.0594931376005831	-0.0002806477255462	0.0035394334215619	7.8763145854256e-08	-0.0034877908163663	0.0004620673139091	1.21646847787291e-05	2.135062025831713e-07	0.0042862874619791	-0.0003005731669432	9.034422868626523e-08	1.8372260206719232e-05	-0.0024420437576751	0.0002529247572017	5.963577714399922e-06	6.397093280553895e-08	0.0	0.0	0.0	0.0	0.0	0.0	0.0	0.0	0.0	0.0	0.0	0.0	0.0	0.0
880.2815266562599	-1.7829969614156198	3.179078164417333	774895.5661722756	899.0521504786108	-6.354203261338284	808294.7692802146	40.37589908640209	814.343493673722	-0.3907075203863996	663155.3256887234	0.1526523664864889	816.0303972903813	654.2725483738459	0.967626	16.804113	0.0804781387595835	0.0475313077364533	0.0130850427	-0.0748563954	-0.0202857387	0.0236956748	0.0485912949	-0.053411932	-0.0233071707	0.0369767518	-0.1413628751	-0.0090245535	0.0045285783	-0.0425299452	0.0358994991	0.0283263206	0.0614588815	-0.0771885764	0.0208084138	-0.0842499081	-0.0287650247	0.0520874448	0.137091856	-0.0758365424	-0.1148879821	-0.0190853963	0.1167174126	0.0720323413	0.0293112956	-0.0668664329	0.0355823119	0.0238193446	-0.091496019	0.0901005539	0.0011074727	-0.0336683625	0.042566799	-0.0015341285	-0.0436772234	-0.0824280361	-0.0977273787	0.0979267846	0.0290485907	0.0550773056	0.0599357536	0.0773357998	-0.0415205923	0.087759299	-0.0769952876	-0.020565361	-0.0551921311	-0.0715187205	-0.1197062335	0.0072863857	-0.0349430698	-0.0384882739	-0.0274973907	0.0614508391	0.0304645107	0.0279215215	5.14319e-05	0.1066480769	0.0081438541	0.1240911542	0.0099118659	-0.0175220049	-0.0230239554	0.0633104643	0.0493066185	0.0462806475	-0.1413756356	-0.0981420199	-0.044528364	-0.0407261756	-0.0268903218	-0.1220817835	0.1359441896	-0.0284919163	-0.1165232592	0.0799246852	-0.1233159087026507	0.0082420931613284	0.0152068133391604	6.7932099680018e-05	0.1475790584970582	-0.011778332014586	0.0001387291050458	0.0217795785068781	0.0308085759088641	-0.028684561691719	0.0009491683495322	0.000822804079446	-0.0030021040547424	0.0004856867616238	9.01262875550076e-06	2.358916304167108e-07	0.0042849687071504	-1.3187548286996975e-06	1.7391142982187684e-12	1.836095682125817e-05	-0.0022935862362887	0.0001484575213863	5.260537823292965e-06	2.2039635656193298e-08	0.0	0.0	0.0	0.0	0.0	0.0	0.0	0.0	0.0	0.0	0.0	0.0	0.0	0.0
881.670808516814	1.3892818605540924	1.9301040880646407	777343.4145906924	901.542231869388	2.490081390777277	812778.3958440374	6.2005053326953	815.0271281494569	0.6836344757348343	664269.2196195512	0.4673560964132417	817.5652809232195	659.5290872243735	0.974146	16.917353	0.0089492772357182	0.0057294081234553	0.024432479	-0.0595178005	-0.0067531034	0.0705337879	-0.0754692522	-0.0283505322	0.0279114925	-0.0913069472	-0.0151284809	-0.0074018996	0.0005465388	-0.0203798713	0.0243170086	0.0680595957	0.0802341924	-0.1427310949	0.003094772	0.0093304555	0.0102631083	-0.0781596929	0.045123043	0.0448740527	0.0128823809	-0.0383331298	-0.0472919987	-0.0878352981	-0.0125343294	0.1749802413	0.0295829509	0.103692893	0.0937460604	-0.0836766762	-0.0068722161	-0.0429739849	0.098828228	0.1122905897	0.0207929462	-0.0867651919	-0.0644467451	-0.0487634935	-0.0571180151	-0.011568887	-0.0236731539	-0.0525024145	0.0304346458	0.1287799662	-0.0003013638	-0.0403019876	0.0570413863	-0.0542308203	0.0160885704	0.0136190636	-0.0325590556	-0.0254437959	-0.0219503082	0.1123655682	0.0359027865	0.0114065492	-0.0100539119	-0.0116073446	-0.1080140016	0.0182841002	0.0794701333	0.0065150576	0.0512441094	-0.0911693027	0.0909224139	0.0174062019	-0.0143007698	-0.0252799003	0.0381081172	0.0353856657	-0.0369261347	-0.1414327355	0.0389229487	-0.0317782535	-0.1134548014	0.0876327994	-0.12519449528655	-0.0018785865838992	0.0156736616500539	3.52908755320641e-06	0.1506172673678918	0.0030382088708335	9.230713142811896e-06	0.022685561229371	0.0306892878841438	-0.0001192880247203	0.0009418323908358	1.4229632841671104e-08	-0.0030796116901049	-7.750763536250012e-05	9.48400816183076e-06	6.007433539486279e-09	0.0042850603188717	9.161172130015689e-08	8.392707479577618e-15	1.836174193636884e-05	-0.0022929216082472	6.646280415003626e-07	5.257489501566925e-06	4.417304335486077e-13	0.0	0.0	0.0	0.0	0.0	0.0	0.0	0.0	0.0	0.0	0.0	0.0	0.0	0.0
881.8017951913406	0.130986674526639	0.0171575089035476	777574.406002671	905.86342601033	4.321194140941998	820588.5465831727	18.67271880371145	814.6295919602055	-0.3975361892513547	663621.3720972509	0.1580350217644889	817.2557521445729	654.0396286542599	0.850137	14.763756	0.0916013797123212	0.0482257548395632	0.0080999173	-0.0450341282	-0.0102346729	0.018071549	-0.0704443056	0.0368081898	0.0814401051	-0.0044199075	0.0184709429	0.0686766738	0.0145882012	-0.000501333	-0.0748750243	-0.0023104672	-0.0393067818	-0.1496948448	-0.0207733279	0.035169776	0.05284141	-0.1060658554	-0.0689467113	0.0763196295	-0.0206433625	-0.0847221713	-0.0360846383	-0.0396301317	-0.0126626159	-0.0260708426	5.23493e-05	-0.0008388594	0.0061974349	0.0420098975	0.0070912362	-0.0125615825	-0.0733681765	0.1142742967	0.0827750591	-0.0263820396	-0.0176615184	-0.0686768304	-0.0520448544	-0.0107395686	0.0423877632	-0.0704546927	0.1140161203	0.0649557995	0.012707814	0.0105159425	0.049145858	-0.0141115693	-0.0626329269	0.0114757998	-0.0460167522	-0.0072189109	-0.0125413129	0.0942071517	0.0412495137	-0.0215609766	0.0384493683	-0.1017017145	-0.0206005437	0.0579186067	0.0324451096	0.021338288	0.0148315702	-0.0618225563	0.0762936654	0.0167212869	-0.0844349353	0.072264241	-0.0413016163	-0.0268022051	-0.0129028531	-0.0409064605	0.0375952665	-0.0350428114	-0.1100753719	0.0948006283	-0.1006531247728474	0.0245413705137026	0.0101310515265383	0.0006022788666908	0.1684336370959585	0.0178163697280666	0.0003174230302871	0.028369890105373	0.0140947641500019	-0.0165945237341419	0.0001986623764441	0.0002753782179629	-0.0024989521763604	0.0005806595137445	6.244761979736379e-06	3.371654709019996e-07	0.0042839778481662	-1.082470705500091e-06	1.1717428282658646e-12	1.8352466203578705e-05	-0.0023641619385254	-7.124033027819995e-05	5.589261671572176e-06	5.075184658147012e-09	0.0	0.0	0.0	0.0	0.0	0.0	0.0	0.0	0.0	0.0	0.0	0.0	0.0	0.0
882.1470354065888	0.3452402152481681	0.1191908062246014	778183.3920766334	904.7470848777076	-1.1163411326224375	818567.2875947099	1.246217524384747	815.1309137828713	0.5013218226657727	664438.4066044987	0.2513235698809325	817.6787535943718	656.7121191464938	0.882795	15.330905	0.0342002405751067	0.0211311776002362	0.0243136355	0.0100921615	-0.0541423046	-0.019407164	-0.0152858727	0.0642517485	0.1170827386	-0.0108957197	0.2712245337	0.0926171207	-0.0410042901	0.0162616589	-0.1140607139	-0.0757472979	-0.0464270776	0.0089649025	0.0548683838	0.0610524388	0.0393516502	-0.0856448542	-0.0315969595	0.0391318878	0.029711391	0.0013223148	0.0489186281	-0.2031785253	-0.1666239044	-0.0441401529	0.0121508232	0.1927090813	-0.0187923825	-0.1120904603	-0.0314960537	0.0194441902	-0.1394718419	0.0564416033	0.05766867	0.0442416566	0.0178515478	-0.1609720755	-0.0668279508	-0.0182257766	0.0159279474	-0.0423601041	-0.0423189734	0.0005495203	-0.0166131233	-0.0662152283	0.07584009	-0.0455148122	-0.1250654745	0.0261783389	-0.0428657947	0.0239343484	-0.0237504355	0.0412518736	-0.100279419	0.0227448681	0.0512671885	-0.1193376337	-0.0364396747	0.0347655008	0.0613822906	0.005257912	0.0210772101	-0.0577974833	0.0663316299	0.0232795813	-0.0194935045	-5.99364e-05	-0.054909719	-0.0157263149	-0.0492910018	0.0316725712	-0.1208298245	-0.0382833527	-0.1063942335	0.1013839798	-0.1006658995077458	-1.2774734898413076e-05	0.0101336233237035	1.6319385172473294e-10	0.1615439829373883	-0.0068896541585701	4.7467334424703375e-05	0.0260964584232752	-0.0062618079128213	-0.0203565720628232	3.9210238337071445e-05	0.0004143900261489	-0.0025581269853399	-5.917480897950009e-05	6.544013673124205e-06	3.501658017760324e-09	0.0042834501244497	-5.277237165000892e-07	2.7849232095666653e-13	1.834794496864815e-05	-0.0022850396788451	7.912225968029988e-05	5.221406333896517e-06	6.260331976916808e-09	0.0	0.0	0.0	0.0	0.0	0.0	0.0	0.0	0.0	0.0	0.0	0.0	0.0	0.0
881.3231733699378	-0.8238620366510077	0.6787486554347463	776730.5359188573	913.320330780822	8.573245903114412	834154.0266175901	73.50054531526804	814.6187298402268	-0.5121839426444694	663603.6750065044	0.2623323911028331	817.7176110722194	655.9303996948096	0.909759	15.799187	0.0449895822747355	0.0209246053533943	0.0033184697	-0.0022628228	-0.0803119356	-0.1228481209	0.1119260901	0.1091261382	-0.0744730942	0.0917125366	0.2421492749	0.0663222958	-0.0048299598	0.0533712032	-0.1387762477	-0.101140635	-0.1123475755	0.0618319132	0.036679487	0.065202107	-0.0488727832	0.0397659237	-0.0644996264	0.0285785187	-0.0390446661	-0.0260511948	0.0724490349	-0.0497267199	-0.1039782593	-0.0332991452	0.0063557242	-0.0291919013	0.0390076885	-0.0782182358	0.005657861	0.0588654987	-0.2127639373	-0.0390602202	-0.0104272232	0.0783683059	-0.0028677133	-0.0830956599	0.0837791011	-0.0569539829	0.0083740333	0.0034531436	0.0439596971	-0.043249113	-0.0227366687	-0.0653443191	-0.0584597488	0.0329558043	-0.0560709834	0.006245014	-0.0504090351	0.0119577502	-0.0117901544	-0.0431601438	-0.1451931473	0.0482542498	-0.0097807106	-0.0672976166	0.0396313835	0.0695966694	0.02643704	0.0751296791	-0.0789529162	0.0070721756	-0.0188453094	0.1168106431	-0.1233021213	0.0478143762	-0.057221648	0.0172761933	0.0480500308	0.0185657198	0.0238730395	-0.0414976565	-0.1024214758	0.1073422654	-0.0884130035329349	0.0122528959748109	0.0078168591937147	0.0001501334597695	0.1696644669284239	0.0081204839910355	6.594226024866545e-05	0.0287860313381062	0.0011962068968927	0.007458014809714	1.4309109401736627e-06	5.5621984901913344e-05	-0.0023013054285048	0.0002568215568351	5.29600667526566e-06	6.595731205520457e-08	0.0042830578396617	-3.922847879997069e-07	1.5388735489597496e-13	1.834458445788755e-05	-0.0021990897704847	8.594990836040001e-05	4.83599581865045e-06	7.38738674716116e-09	0.0	0.0	0.0	0.0	0.0	0.0	0.0	0.0	0.0	0.0	0.0	0.0	0.0	0.0
881.3081835582238	-0.0149898117139173	0.0002246944552186	776704.1144066959	908.551809335684	-4.768521445138049	825466.3902471451	22.738796772741463	814.1736393542716	-0.4450904859552338	662878.7150193795	0.1981055406878662	817.2175874888339	658.3604205544178	0.923362	16.035416	0.0402070991907291	0.0259782840751221	0.0027334513	-0.0162401504	-0.1398618261	-0.0555172414	0.090322808	0.0778523837	-0.0911445241	-0.0006550941	0.0526329722	0.0079880336	0.0049044624	0.0158162014	-0.0439827812	0.049174235	-0.0010693065	0.087258928	0.0035274205	-0.0491219013	-0.1046410272	0.0636472648	0.0428352114	0.0971151307	0.0103050099	-0.0218349306	-0.0261631408	0.0393021657	-0.1506771925	0.0548482732	-0.0758786268	-0.0137003097	0.1515533518	-0.0100459598	-0.0020719217	0.0306319871	-0.0062490986	-0.0321294192	-0.1144628938	0.019008733	0.017295442	0.0205547389	0.0679731299	0.0187098755	-0.0088396073	-0.0922493022	-0.0078002821	0.0249423741	-0.0115222248	0.0415015039	-0.0100114024	0.1027673806	-0.1408182719	0.0064513469	-0.0584171676	0.0520603816	-0.020221692	0.0197135864	-0.0787634578	0.0163890307	0.0549632115	0.0367878053	0.0787322055	0.0805307634	-0.0183378242	-0.0322605617	-0.1229821286	0.0670976463	-0.0278282814	0.1377477884	-0.0038909037	0.0736101768	0.0808149645	0.0722425339	-0.0807755911	-0.066717539	-0.0077884334	-0.0446835199	-0.098167988	0.1126387502	-0.0817288217024412	0.0066841818304936	0.0066796002968694	4.46782867431021e-05	0.1763471635985212	0.0066826966700972	4.465843478452952e-05	0.0310983221092436	-0.0233633697495605	-0.0245595766464532	0.0005458470460546	0.000603172805053	-0.0023318364440015	-3.053101549670015e-05	5.43746120157356e-06	9.321429072597448e-10	0.0042830700931795	1.2253517799390434e-08	1.501486984599782e-16	1.8344689423088648e-05	-0.0021840201586255	1.5069611859199958e-05	4.7699440532825536e-06	2.2709320158694e-10	0.0	0.0	0.0	0.0	0.0	0.0	0.0	0.0	0.0	0.0	0.0	0.0	0.0	0.0
882.879026204506	1.5708426462821308	2.4675466193786475	779475.3749118168	908.3233205621892	-0.228488773494746	825051.2546771215	0.0522071196131333	814.3106306780867	0.1369913238150957	663101.8032353433	0.0187666228006124	816.7710054522363	664.6016508615934	0.846578	14.701964	0.1097303516368139	0.0534000800389304	-0.0022840284	0.0196107633	-0.0615112201	-0.0475244309	-0.013456298	0.1014227498	-0.0736978281	-0.0936682023	-0.0344592592	-0.0414901113	-0.0428935551	0.0246498764	0.0120641472	0.0888997648	0.0915059062	0.0723924807	0.0654204929	-0.0150581411	-0.0416577316	-0.0172011836	0.1513698994	0.089355804	0.0013519658	0.0606332584	0.0072784981	0.1065344379	-0.0062161954	-0.010721702	0.0729097525	0.055335754	-0.0345183013	0.1090101557	-0.0290272437	0.054544776	0.0979684146	-0.0275049936	-0.1355648114	-0.0167246737	-0.0222065143	-0.0379792813	-0.0173483494	0.0540863081	0.0092193762	-0.0542446661	-0.087273996	0.046003304	-0.0226742098	0.1231579861	-0.110848552	0.0220883075	-0.1650847869	0.0071589398	-0.0492111992	0.0826403209	-0.0392458474	0.0803900961	-0.0503435164	0.0082572178	0.012462847	0.1255594904	-0.0238811418	0.1066399471	-0.0748599477	0.011126928	-0.0346363955	0.0345138124	-0.083439142	0.0375115923	-0.0742062316	0.0377727536	-0.0221852037	-0.0483400771	-0.1271254104	-0.0034199995	0.0081607203	-0.0478387595	-0.0936454286	0.1172407796	-0.082632306296233	-0.0009034845937918	0.0068280980438344	8.162844112191401e-07	0.1611928501570361	-0.0151543134414851	0.0002296532158827	0.0259831349417486	-0.0498765643171026	-0.0265131945675421	0.002487671668078	0.0007029494861763	-0.0018641225522216	0.0004677138917798	3.474952889701172e-06	2.187562845639e-07	0.0038196681572864	-0.000463401935893	2.1474135418947242e-07	1.4589864831787685e-05	-0.0017719488056186	0.0004120713530068	3.139802569733183e-06	1.6980279996893718e-07	0.0	0.0	0.0	0.0	0.0	0.0	0.0	0.0	0.0	0.0	0.0	0.0	0.0	0.0
880.0458648757111	-2.8331613287948585	8.026803114978648	774480.7242848384	904.4507933282232	-3.872527233966025	818031.2375520524	14.996467177808553	813.0512342569916	-1.2593964210950617	661052.3095268174	1.58607934546705	815.0452053836573	652.9204165788797	0.962154	16.709091	0.1377851725939979	0.0838582797651362	-0.0290330672	0.0174503712	-0.060845606	-0.0301598602	-0.1191256883	0.0585377788	0.0461685365	-0.1157422482	-0.0248679302	0.079977235	0.0310154559	0.0527939134	0.0065069292	0.1156913275	-0.0561465656	-0.1614986224	0.0336044913	0.1494918156	-0.0017976541	0.1263812417	0.0929296181	0.0378987567	-0.0545207827	0.0499522776	0.0813024308	-0.0419658037	0.088103066	0.0899355063	-0.0492580277	0.1074068819	-0.1025705232	-0.0795593597	0.0382488661	0.0446566367	0.07719024	0.1562566533	0.0374216509	0.0072076419	-0.0734199298	-0.0088497238	0.1051454744	-0.096708642	0.1109019645	0.0472044587	-0.1110856669	0.0418310492	-0.00553696	-0.0708195244	-0.1301639846	-0.0357140912	-0.0595246214	-0.0238779004	-0.0436571372	0.0723244612	-0.0230050715	0.1112971744	-0.0091660954	-0.0046631063	-0.0102224822	-0.0132322954	-0.07184208	-0.0250681378	0.010051455	0.0973273211	-0.0146099693	-0.0370857523	0.017204659	0.0758393061	-0.082546182	-0.0383889599	0.074710763	0.0009689587	-0.046617183	0.0230861739	0.1063589787	-0.0509612127	-0.0888661936	0.1211199807	-0.094070688240194	-0.011438381943961	0.0088492943859837	0.0001308365814959	0.1538903253651824	-0.0073025247918536	5.33268683356379e-05	0.0236822322410017	-0.0085641251646393	0.0413124391524633	7.33442398356081e-05	0.0017067176287259	-0.0029132041624778	-0.0010490816102561	8.48675849227798e-06	1.1005722249777413e-06	0.0038602796268127	4.061146952630008e-05	1.6492914570855996e-09	1.49017587971852e-05	-0.0022368922599505	-0.0004649434543318	5.003686982626454e-06	2.1617241572607938e-07	0.0	0.0	0.0	0.0	0.0	0.0	0.0	0.0	0.0	0.0	0.0	0.0	0.0	0.0
881.2682703891302	1.222405513419062	1.4942752392373209	776633.7643946491	909.5681103793056	5.117317051082409	827314.1474189807	26.186933801298764	814.01900128099	0.9677670239983628	662626.9344465004	0.9365730127386476	816.49172939764	650.8221433327748	1.025286	17.80546	0.140002591060346	0.0785329168626139	-0.0665935695	-0.0214459383	-0.0756758286	-0.0862647886	-0.0654983306	0.0719845547	0.0383452748	0.0954304289	0.0979494619	-0.0087913788	0.0791188439	0.0732081757	-0.1493202431	-0.0431957986	-0.0221952464	-0.0618176293	-0.1003949044	-0.0443041232	0.0375973433	-0.0511183798	0.0543606726	0.0269421432	-0.1448803263	0.0264321757	0.0224164121	0.0518269811	0.0911913244	0.2128149063	-0.1031758257	0.0857881656	-0.0357000905	0.0125810514	0.0872054675	0.0551256085	-0.1264013521	0.0991333625	0.0355704425	-0.0816016877	0.0582656892	0.0580080058	-0.0346450507	0.0139475636	0.062035339	-0.046400629	0.0293086694	0.0911742638	0.0028140662	0.005698612	-0.1000437261	-0.1529410402	0.0514623216	-0.0603213092	-0.0442224207	0.0308975988	0.0138770421	0.078653146	0.0522526209	-0.0422185031	0.0963422627	-0.0675205144	0.0953523356	0.0948979117	-0.0690307289	-0.0291653805	-0.0015967016	-0.0625352873	0.0037265188	0.0729491832	-0.0737766295	0.0974373517	0.0550041246	0.1791254516	0.0160667293	-0.0046236347	0.0588058959	-0.0540487397	-0.0838433825	0.1242524367	-0.0994004695145633	-0.0053297812743692	0.0098804533397156	2.8406568432617605e-05	0.1955159817237728	0.0416256563585903	0.0017326952672834	0.0382264991094106	0.035621788521027	0.0441859136856663	0.0012689118174367	0.0019523949682371	-0.0035698570467006	-0.0006566528842228	1.274387933387793e-05	4.3119301035812235e-07	0.0041780159068742	0.0003177362800614	1.0095634366731993e-07	1.7455816918093845e-05	-0.0022340566294004	2.8356305500996243e-06	4.991009023367877e-06	8.040800616658299e-12	0.0	0.0	0.0	0.0	0.0	0.0	0.0	0.0	0.0	0.0	0.0	0.0	0.0	0.0
883.3413177652919	2.073047376161753	4.29752542381113	780291.8836713225	907.13925839709	-2.428851982215633	822901.6341252223	5.89932195151281	816.0850840767295	2.066082795739476	665994.8644525226	4.268698118850649	818.4638309033118	666.6530486987187	1.017398	17.668478	0.0700278761833763	0.0418442967272472	-0.064887752	0.0025351175	0.0065642462	-0.0544882162	-0.0747160465	0.0729848647	-0.0526592603	-0.0870677092	-0.0320380311	-0.0749693199	0.0402839587	0.0481747663	-0.0624754555	-0.1167811403	0.1860400109	-0.0452616523	0.1449925246	0.0366571006	0.0805523458	-0.0709104394	-0.0217184198	-0.0276134703	0.0336238257	0.0430960093	-0.0463420712	-0.0391983276	0.0400145146	-0.0345937937	0.000705119	-0.028155128	-0.0231444636	-0.0021259371	0.0429250986	0.0263506038	-0.0282102007	-0.0693627723	-0.0188675245	-0.1483431932	-0.1029168019	-0.1643903058	-0.1379563227	-0.0723141483	-0.0121996529	-0.0585469738	0.0224835884	-0.0381064147	-0.0196210447	0.0439995214	0.0511888225	-0.1144970155	0.1066228963	-0.0588574153	-0.0445056324	0.0582695061	0.0092405773	0.0526195031	-0.0250947359	-0.0312057664	0.0426970331	0.0671808707	-0.0775029595	0.1076118441	-0.085746259	-0.0444692922	0.1242332158	-0.0789181928	-0.0419536012	-0.0303130611	-0.0578397379	-0.0049543837	-0.0751219353	0.0630270002	0.0208852011	0.0392836343	-0.0095853222	-0.0570992244	-0.0785907625	0.1266188352	-0.0995002794972919	-9.98099827285992e-05	0.0099003056200392	9.962032652283271e-09	0.1796691827706951	-0.0158467989530776	0.0002511210370592	0.0322810152374894	0.005206613879622	-0.030415174641405	2.710882809147245e-05	0.0009250828484671	-0.0035718415712745	-1.9845245738999567e-06	1.2758052210284689e-05	3.938337784412805e-12	0.0041766761294201	-1.339777454099737e-06	1.795003626513974e-12	1.744462349006767e-05	-0.0017640590793051	0.0004699975500953	3.1119044352787567e-06	2.2089769709558426e-07	0.0	0.0	0.0	0.0	0.0	0.0	0.0	0.0	0.0	0.0	0.0	0.0	0.0	0.0
879.7710700718263	-3.5702476934656038	12.74666859269646	773997.1357353263	905.5085527989772	-1.6307055981127403	819945.7391920981	2.659200747716231	814.4013110693616	-1.683773007367904	663249.495471495	2.835091540340756	816.9419087115849	654.0903793701759	1.082205	18.793928	0.0228403207808584	0.0175006139311151	-0.0778139028	0.0179532717	-0.0882639642	-0.0969072733	0.0125068292	-0.0219967009	0.0843474718	0.0045341952	0.1296397325	0.0598127568	0.0309284657	0.092845004	-0.1561570605	-0.1093787181	-0.0725596752	-0.0118036413	0.0440520778	0.0957747588	0.0250931164	0.0123473589	-0.1362379198	0.0305264218	-0.001406985	0.0280403035	0.0315846331	-0.0492906085	-0.1184920876	0.0216484921	-0.0814932508	0.0538930131	-0.1216007405	-0.0351316934	0.0471937048	0.080158696	-0.1902199405	0.0439366716	0.0533582358	0.0407806362	-0.044770091	-0.0974982339	0.0018252846	-0.1449317001	-0.0368395212	-0.0443154017	0.0591568589	-0.0902112622	0.0191823984	-0.0157426156	0.0215562549	-0.0571499396	-0.0401008863	-0.0671989263	-0.0510114586	0.0685664527	0.0106954082	-0.0404238465	-0.1333092264	0.0331059266	0.0023872602	-0.106133992	0.0428265075	0.0447248549	-0.015896479	0.0794930686	0.0659323085	-0.0291405306	0.012330227	0.0544633991	-0.0718115678	0.0359304182	-0.0898344475	0.0015152071	0.0976061431	0.0798125253	-0.0096128708	-0.0601105761	-0.0731227308	0.1282045865	-0.0995002786319929	8.652989991198011e-10	0.0099003054478442	7.487423578777299e-19	0.1634829247734472	-0.0161862579972479	0.0002619949479534	0.0267266666924805	0.0118606757979335	0.0066540619183115	0.0001406756303836	4.427654001272332e-05	-0.0035718415712745	0.0	1.2758052210284689e-05	0.0	0.0041766761294201	0.0	0.0	1.744462349006767e-05	-0.0017640590793051	0.0	3.1119044352787567e-06	0.0	0.0	0.0	0.0	0.0	0.0	0.0	0.0	0.0	0.0	0.0	0.0	0.0	0.0	0.0
881.0954125558127	1.3243424839863565	1.7538830148911528	776329.1260268978	898.8208451704545	-6.68770762852273	807878.9117129302	44.72543332460112	813.600355692795	-0.8009553765665487	661945.5387834426	0.6415295152508618	815.8357039121823	659.4302061080932	1.086647	18.871082	0.0589159721505036	0.0314272698707284	-0.0680540788	-0.0252213329	-0.0746934409	-0.0737199591	0.0927592352	-0.0983115516	-0.163111612	-0.012340209	-0.0200099978	0.0502054134	0.0354653667	0.0068949046	-0.0400752483	0.0744546087	0.0480593843	0.1104292094	0.07254346	0.0540125568	-0.0470568812	0.0570977993	0.1890023406	-0.1243352507	-0.0166621363	-0.0737222544	0.0723873898	-0.0337440011	-0.1809960688	0.1002853564	-0.0580586219	-0.1359036389	-0.0398857909	0.0947074955	0.0315431627	0.0209870552	0.0001166864	-0.103379887	-0.1935875994	0.0307346077	-0.0503785566	-0.045178177	0.1149844337	0.0303510259	0.0880167119	0.1215580757	-0.0443669431	0.0905739028	0.0861666012	0.0170793484	0.0506916773	0.1284831342	-0.1122337708	-0.0694860383	-0.0514967151	0.0803225681	0.0137227021	-0.0120430886	-0.0703080254	0.0391074648	-0.0259705641	0.1453626427	0.0233337823	0.0602221328	-0.027473609	-0.0196350886	-0.0137212353	0.1167801667	-0.044033138	0.0617818696	-0.0524136654	-0.0386298269	0.0730833212	-0.0309769699	0.0607844537	-0.0290220948	0.0434563151	-0.063080731	-0.0674542747	0.1289999139	-0.098948261845976	0.0005520167860169	0.0097907585223398	3.047225320444354e-07	0.1459367137862699	-0.0175462109871772	0.0003078695200065	0.0212975244307356	0.005599214170374	-0.0062614616275594	3.135119932571701e-05	3.9205901713400055e-05	-0.0035363031685097	3.553840276480013e-05	1.2505440099611742e-05	1.2629780710731535e-09	0.0044932499701832	0.000316573840763	1.0021899665550025e-07	2.018929529455133e-05	-0.0021030724907722	-0.000339013411467	4.422913901442785e-06	1.1493009315456126e-07	0.0	0.0	0.0	0.0	0.0	0.0	0.0	0.0	0.0	0.0	0.0	0.0	0.0	0.0
881.8618351094688	0.7664225536560707	0.5874035307526926	777680.2962226399	898.3892474484134	-0.4315977220411469	807103.2399309265	0.186276593671107	813.4884094131389	-0.111946279656081	661763.3922495188	0.0125319695288375	815.5684286812756	654.153508061629	1.044342	18.136395	0.1060213543687249	0.0505507880391637	-0.0962034488	0.0099207087	-0.0501581805	-0.0442503253	-0.1371078476	-0.0391537548	-0.020319719	-0.1689570453	0.0590780583	0.0102938265	0.059865447	0.0441643538	0.0106514296	0.1793359798	0.0214891996	0.0047944487	-0.0848593478	0.1493740879	-0.0575535676	0.0567454201	-0.0117231133	0.0220435715	0.0408120625	0.0282427977	0.0965138916	-0.0277360533	-0.0605392378	0.0100181571	0.0764608733	-0.0712701118	0.100950261	-0.0698367041	0.0704571014	0.0280900414	0.1261413157	0.1377486836	-0.0501370556	0.0345138296	0.1111607859	-0.0567993615	0.084783695	-0.1101024082	-0.0042872424	0.0182090122	-0.0360395052	0.0129999008	0.0610729435	-0.0387809242	-0.1187741629	0.0517243146	-0.0670714237	-0.0907719795	-0.0554910128	0.0838834275	0.0210339126	0.0448303258	0.0003614558	-0.0163742796	-0.0370505636	0.024694877	0.0004651542	-0.0571927103	0.0348614629	0.1483818651	-0.0230544239	-0.0033264415	0.0171251796	0.0358275738	0.0313662696	0.023076687	0.0780451698	-0.0420631902	-0.0339854854	-0.0125473809	0.0156971807	-0.0660076536	-0.0616009311	0.1289999139	-0.1180085653588207	-0.0190603035128447	0.013926021498047	0.0003632951700017	0.1837138775615869	0.037777163775317	0.0014271141029071	0.0337507888087137	-0.0093509872032342	-0.0149502013736082	8.744096167504976e-05	0.0002235085211114	-0.0038394989986125	-0.0003031958301028	1.4741752560346391e-05	9.192771139172617e-08	0.0041786968516432	-0.0003145531185399	9.894366438323893e-08	1.7461507377932794e-05	-0.0021699972562685	-6.692476549629992e-05	4.708888092212817e-06	4.478924236734736e-09	0.0	0.0	0.0	0.0	0.0	0.0	0.0	0.0	0.0	0.0	0.0	0.0	0.0	0.0
881.8233952915466	-0.0384398179221534	0.0014776196018883	777612.5004835112	909.0017312285188	10.612483780105435	826284.1473764443	112.62481198300097	813.5714966461662	0.0830872330272995	661898.5801550829	0.0069034882921327	816.242305087152	665.0676160225502	1.023314	17.77121	0.0762711118994112	0.0504859958119507	-0.0801810882	0.0311691818	-0.0912549749	-0.1632212447	-0.0111122464	0.0385112409	-0.0174020852	0.0202080041	0.0052833932	-0.097905029	0.0180590298	0.0589965449	-0.0586781869	0.0758145486	0.0550665995	0.0923707116	0.0156341352	-0.1260941477	0.0007348749	-0.0958842781	0.0843240951	-0.0533877565	-0.0022583863	0.0081916225	0.1134585307	0.20985327	-0.0708189864	0.0316557672	-0.0154682364	-0.0214798589	-0.0288288641	-0.0685281283	0.0406929222	0.0840041902	0.0199854043	0.0502544655	-0.1266448215	-0.0395240531	0.0382579457	0.0117709651	-0.0916226961	0.1091394936	-0.0908367461	0.0612108517	-0.0619761205	0.0413356183	-0.0352124795	-0.0118746361	-0.1044822736	0.0806116029	-0.1197162411	-0.0739596285	-0.048777284	0.112055695	-0.0076589326	0.0578364525	0.0222669686	-0.0085595031	0.0710042591	0.0033978799	0.0367557539	0.0142900875	0.0267831417	-0.0849245741	0.0118577102	0.0623989366	-0.0105425483	-0.0307494463	0.0755222655	-0.0429784393	0.1221744683	-0.0111439861	0.0181542147	-0.05169076	0.0398176618	-0.0688893378	-0.0555787436	0.1282045865	-0.1179309056628596	7.7659695961102e-05	0.0139076985104622	6.031028376770803e-09	0.137697523540325	-0.0460163540212619	0.0021175048374101	0.0189606079891383	-0.0155195803061474	-0.0061685931029132	0.0002408573728789	3.805154086930831e-05	-0.0035699311574537	0.0002695678411588	1.2744408468958714e-05	7.266682098701616e-08	0.0041770339615714	-1.6628900718004824e-06	2.7652033908926137e-12	1.7447612716120863e-05	-0.0019610578859136	0.0002089393703548	3.845748031903918e-06	4.3655660484302054e-08	0.0	0.0	0.0	0.0	0.0	0.0	0.0	0.0	0.0	0.0	0.0	0.0	0.0	0.0
880.7951497609514	-1.0282455305952	1.057288871189004	775800.0958424169	902.1323417564493	-6.869389472069543	813842.7620429749	47.18851171897987	813.0777536582613	-0.4937429879049659	661095.4334939641	0.2437821381053233	815.0486796370177	656.3562410061176	0.954956	16.584089	0.127676763966993	0.0689231928833334	-0.0911603032	-0.0228597531	-0.0470644225	-0.0835153785	-0.1213468919	-0.0259968993	-0.029627746	-0.089779725	0.0664928041	0.0436878599	0.0643692355	-0.0071382325	-0.0070799639	0.1924551049	0.0458274243	0.0104304653	0.1049430234	-0.0024913961	0.0748477744	-0.1054858986	-0.0406389426	0.0140766159	0.0296657726	0.0822500269	-0.0580364866	0.1120359521	0.0854796147	0.0136680422	0.0555205475	-0.006936845	0.0474665534	0.0002659469	0.072206542	0.0022835381	0.1001003574	0.1229573702	-0.0886935149	0.0354553561	-0.052227872	-0.0708958401	-0.1523575918	0.0759546914	0.0626527933	-0.0140196763	0.004610024	0.0180574041	0.0431401121	0.0141705121	-0.081427138	0.069380001	0.0222025526	-0.0829788469	-0.0835178711	0.0852203572	0.0406347136	0.0429513062	-0.0171370223	0.0133385043	0.0032703427	-0.0495013805	-0.1130957126	-0.0017997877	0.0318312701	0.0279498377	0.1516138095	-0.0354073873	0.0127698975	-0.0022733141	0.0424804737	0.0025499566	0.0919545886	0.0159125198	0.0321405342	-0.0552446408	0.0344273044	-0.0717238087	-0.0494042187	0.1266188352	-0.0985583449500921	0.0193725607127675	0.0097137473593013	0.0003752961085698	0.1784267565699053	0.0407292330295803	0.0016588704231778	0.0318361074600562	0.0358411521429928	0.0513607324491402	0.0012845881869371	0.0026379248377121	-0.0034418411919612	0.0001280899654924	1.1846270790680896e-05	1.6407039259869793e-08	0.0041760664908141	-9.67470757299617e-07	9.359996662298942e-13	1.7439531335700393e-05	-0.0017658305666533	0.0001952273192602	3.1181575901271144e-06	3.8113706185563067e-08	0.0	0.0	0.0	0.0	0.0	0.0	0.0	0.0	0.0	0.0	0.0	0.0	0.0	0.0
881.8378694187395	1.0427196577880975	1.0872642847377276	777638.0279409819	908.2039112239688	6.071569467519566	824834.3443625147	36.86395579891583	814.2654635935447	1.1877099352834648	663028.2452012103	1.410654890371052	816.7053026217167	659.1263439875382	1.143012	19.849926	0.0601925715302258	0.0388148359114809	-0.0607234694	0.0225648214	-0.1204417911	-0.1526763361	0.0715827877	0.0283887959	-0.1334161942	0.0231035757	-0.0025692723	0.1015336317	0.0124499455	0.0568069554	-0.1469460374	-0.0475480748	-0.0173556447	0.1370741529	-0.0239629558	0.0678222739	-0.0190211164	0.0241954632	0.1166531779	0.1371409454	-0.066846826	0.0844359179	0.0093212218	-0.0910265223	0.0944618797	0.1320003736	0.0742115347	-0.093074048	0.155266474	-0.0807191087	0.0365743314	0.0709490783	-0.1718806435	-0.0533456122	-0.1202333293	0.0532701835	0.0694865882	-0.0692772191	0.0233598314	0.025624139	0.1335729577	-0.054120521	-0.1488514852	0.0767290484	0.0800041728	-0.0608180401	-0.0325947261	0.0571243693	0.091634471	-0.0584818738	-0.0786657077	0.1018010017	0.0394705401	-0.1134812824	-0.152998527	0.0946601402	0.0393148683	-0.0148442532	0.1049576613	-0.0008325044	0.0049453475	-0.0339833418	-0.1030304386	0.0212138244	-0.0159187213	0.0407518142	0.0627048613	0.0862773896	-0.0050651893	0.0403784152	0.0337563502	0.0323063054	-0.0730149781	-0.0745091236	-0.0430942802	0.1242524367	-0.0986679331352888	-0.0001095881851966	0.0097353610291898	1.2009570334705995e-08	0.1571429614361363	-0.021283795133769	0.0004529999352962	0.024693910328919	0.0234646890425977	-0.0123764631003951	0.0005505916318658	0.0001531768388754	-0.0029652281923578	0.0004766129996034	8.792578232753506e-06	2.2715995139095058e-07	0.0041757172382279	-3.49252586200402e-07	1.2197736896766924e-13	1.7436614453633638e-05	-0.001817322816681	-5.149225002770014e-05	3.302662220029364e-06	2.6514518129151846e-09	0.0	0.0	0.0	0.0	0.0	0.0	0.0	0.0	0.0	0.0	0.0	0.0	0.0	0.0
883.3692062365097	1.531336817770239	2.3449924494586813	780341.1545269212	904.9136839532232	-3.2902272707456177	818868.7754057939	10.825595493158156	815.1375076106884	0.8720440171437076	664449.1563137651	0.760460767836135	817.914124061014	671.052542746067	1.232033	21.395895	0.1409217548676668	0.0792657580789604	-0.0640635387	-0.0151632066	-0.0290437372	-0.02887989	-0.053724474	-0.00434346	-0.1082939612	-0.0799920795	-0.0777072569	-0.0376309634	0.0258699476	0.070828621	-0.0340543573	0.0396751985	0.2145551188	-0.0049319674	0.0681226682	0.0002608239	-0.0407510053	-0.0102319041	-0.0395212021	0.0446723317	0.0005534333	0.0353814584	-0.0467270795	0.041523528	0.020711154	-0.0709513161	-0.0427059438	-0.0364644363	-0.1351081579	0.1565786759	0.0424726949	0.0308454037	0.0788579704	-0.0403706153	-0.1265047126	-0.1615025728	-0.028494411	-0.0955593156	0.0151279902	-0.0414153709	-0.0060400395	-0.1086252705	0.047601617	-0.0543344376	0.015271624	0.0735386207	0.0687192242	0.0180856355	0.0135531136	-0.0552444664	-0.0783991085	0.1007756901	0.0009613376	0.0780222703	0.0706043134	0.0143838973	0.0037433008	0.1084209044	-0.0690786279	0.0570101387	-0.0703697108	-0.009520593	0.0488307726	-0.0342854077	-0.0887280759	0.0225935788	0.0395158408	0.174230183	-0.0291686942	-0.0312489263	-0.0753624965	0.0267230542	-0.1071743344	-0.0772433738	-0.0366662233	0.1211199807	-0.1046718133736845	-0.0060038802383957	0.0109561885149354	3.604657791699852e-05	0.1406155526186125	-0.0165274088175237	0.0002731552422215	0.0197727336382377	-0.0147028619493596	-0.0381675509919573	0.0002161741495019	0.0014567619487236	-0.0020310603880048	0.000934167804353	4.125206299722209e-06	8.72669486689705e-07	0.0044203006585381	0.0002445834203102	5.98210494906361e-08	1.9539057911872364e-05	-0.0022430298884136	-0.0004257070717326	5.031183080316728e-06	1.8122651092314517e-07	0.0	0.0	0.0	0.0	0.0	0.0	0.0	0.0	0.0	0.0	0.0	0.0	0.0	0.0
882.3134574013806	-1.0557488351291795	1.1146056028766194	778477.0371115778	901.690915788923	-3.2227681643001915	813046.5076162666	10.386234640826826	814.7360410139147	-0.4014665967737301	663794.8165270273	0.1611754283250807	816.9967829267555	667.5951903792528	1.14854	19.945927	0.1134977753097287	0.0624554374452513	-0.0083854258	0.0641472773	-0.0328775438	-0.0577266657	-0.0142935876	-0.0366214064	0.145790529	-0.0161966545	-0.0086321235	0.066555144	-0.0025044688	0.1286529314	-0.1538111466	-0.0369646142	0.0163374868	-0.0728397729	-0.0066556495	0.0720433739	0.0777268193	-0.0385898966	-0.1388714043	0.0832301214	0.0939743699	-0.0275418305	-0.0556583464	-0.0773819804	-0.090053758	-0.0361697055	0.1813578797	0.0177189377	-0.0776025332	-0.0042402514	0.0030637756	0.0999301345	-0.1122894538	0.1186935547	0.035681205	-0.0405723882	-0.0009285395	-0.1116628057	-0.0507164425	-0.1228618596	-0.0261736953	-0.0254984866	0.0950600089	-0.0451802191	0.1352328985	0.0339202776	0.1264055404	0.0973904944	-0.0841806937	-0.0084090212	-0.0625920143	0.1165459772	-0.0153753618	-0.0197070758	0.0081137686	-0.0010870629	0.0815350228	-0.1632445775	-0.0726954076	-0.0716527612	0.033030233	0.0167010509	-0.0076042508	-0.0086128346	-0.0893698335	-0.0625192574	0.0048782239	0.0711879527	-0.1347610625	-0.213088581	-0.0435939615	0.1138136905	-0.1238609954	-0.0799246852	-0.0301376669	0.1172407796	-0.1098080212733378	-0.0051362078996533	0.0120578015359658	2.638063158846096e-05	0.1836679476633236	0.043052395044711	0.0018535087190858	0.0337339149988573	-0.0441075733582039	-0.0294047114088443	0.0019454780275493	0.0008646370530374	-0.0015067753363848	0.00052428505162	2.270371914337527e-06	2.748748153521862e-07	0.0042332048575068	-0.0001870958010313	3.5004838763543903e-08	1.7920023365619167e-05	-0.0022363215219345	6.70836647910034e-06	5.001133949467437e-06	4.5002180817917086e-11	0.0	0.0	0.0	0.0	0.0	0.0	0.0	0.0	0.0	0.0	0.0	0.0	0.0	0.0
881.6348054529033	-0.6786519484772953	0.4605684671720294	777279.9301859785	900.824534230418	-0.8663815585050543	811484.8414714495	0.7506170049176468	814.594779687671	-0.1412613262436934	663564.6550944053	0.0199547622921272	816.766450079802	670.2512759410419	1.003199	17.421883	0.135220742958711	0.0678089444415083	-0.0439081704	0.0373586913	-0.038592787	-0.0801711653	0.1009334589	-0.1222458989	-0.0932863429	0.0240213288	0.00852729	-0.0244171884	0.0017237367	0.054903857	-0.1001865912	-0.0395627878	0.1004075763	0.0696577322	0.1606127607	-0.0100634753	-0.0837964632	0.0761658426	-0.14715902	-0.2058889774	0.1057362473	-0.1294562233	-0.0352809878	-0.0201196309	-0.0438621894	0.0171069796	-0.0206222951	0.0094274219	0.1465919612	0.0211005252	0.0167517017	0.0691993167	-0.0493585748	-0.0799570263	-0.1371989317	-0.0240451162	-0.0688733171	-0.0781631934	0.0003854507	-0.0524407657	-0.1630346091	0.0925430345	0.0873619092	-0.1011375403	0.0239592996	-0.0932055128	0.0629379402	-0.0412256517	0.0165481257	-0.0361137785	-0.0572726013	0.1073249615	-0.0440163458	-0.0798651265	-0.049943976	0.0869983166	0.005682725	0.024919891	-0.0245995842	-0.0161740718	0.0602108811	-0.0491280945	0.0356261813	0.1228634316	-0.1565167335	-0.0586639172	0.0471299779	-0.0400521572	-0.0458304087	-0.1860367014	-0.0505837066	0.0705389709	-0.0609629409	-0.0825512202	-0.0235265052	0.1126387502	-0.1414009970424956	-0.0315929757691577	0.0199942419646118	0.0009981161179505	0.1467730182732367	-0.0368949293900869	0.0013612358146994	0.0215423188930358	-0.0371813492405976	0.0069262241176063	0.0013824527313512	4.797258052731119e-05	-0.0016753897192177	-0.0001686143828329	2.8069307112603634e-06	2.8430810098119768e-08	0.0046489172010946	0.0004157123435878	1.7281675261126117e-07	2.1612431142633248e-05	-0.002848127069151	-0.0006118055472165	8.111827802030664e-06	3.74306027604881e-07	0.0	0.0	0.0	0.0	0.0	0.0	0.0	0.0	0.0	0.0	0.0	0.0	0.0	0.0
881.1337358844264	-0.5010695684768507	0.2510707124535773	776396.6605136461	898.8464158788904	-1.9781183515275416	807924.8793383272	3.912952212650039	813.2978506004748	-1.2969290871961905	661453.3937913523	1.6820250572155433	815.3557754231391	663.539217215318	0.917758	15.938087	0.0605051022135413	0.0387813512916993	-0.0178956573	0.0381472628	-0.0256730085	-0.0134085011	0.031091574	-0.1152369197	-0.0383227102	-0.1165218828	-0.0162230997	-0.0141411669	-0.0120330824	0.0570172297	-0.0437446086	0.1397844365	0.0100839143	0.1027887184	0.0557150864	0.0683312699	0.0250630807	0.0336497853	0.0058077618	-0.0147952209	0.1981660782	-0.1197451692	-0.0101786636	-0.0633714176	-0.0609436513	-0.1020989979	0.1146064476	0.0214410309	-0.111266612	-0.0654397948	-0.0009355952	0.0574985643	0.0497025271	0.0623632544	-0.1185012534	0.0941061379	0.030227898	-0.0476156214	-0.0103082472	-0.1205008107	-0.1144249565	0.0535239694	-0.0323698555	-0.0392541281	-0.003156144	0.0082560136	0.1495370298	0.0717611629	-0.0432258502	-0.0176363549	-0.0569787719	0.105161509	-0.0145864693	-0.0537639567	-0.0114706086	0.0354458146	-0.0368021502	-0.0416133357	-0.122400134	-0.1677748892	0.0958062844	0.0619318773	-0.0373228286	0.0580929107	-0.085357283	-0.0496092646	0.0745901302	0.0231461182	-0.0077802462	-0.2058635501	-0.0740845242	0.103517792	-0.0936817709	-0.0851211787	-0.016850859	0.1073422654	-0.1417026630096387	-0.0003016659671431	0.0200796447040232	9.100235573239524e-08	0.1803576876928616	0.0335846694196249	0.0011279300200254	0.0325288955099158	-0.0374303130300859	-0.0002489637894882	0.0014010283335302	6.198296847637408e-08	-0.0012811046446312	0.0003942850745865	1.641229110495633e-06	1.554607200416819e-07	0.004548826225817	-0.0001000909752775	1.001820333202108e-08	2.0691820032680536e-05	-0.0028151070582694	3.30200108815998e-05	7.924827749518196e-06	1.0903211186209692e-09	0.0	0.0	0.0	0.0	0.0	0.0	0.0	0.0	0.0	0.0	0.0	0.0	0.0	0.0
881.3023885494362	0.1686526650097448	0.0284437214148892	776693.9000629414	902.4128532409668	3.5664373620763854	814348.9576945027	12.719475457614369	814.1939959150271	0.8961453145523137	662911.8629840792	0.8030764247940653	816.4412374139946	661.1287012693974	1.046144	18.16769	0.1141182998594765	0.0608503138530561	-0.058081701	-0.0027571404	-0.1144303111	-0.0656976995	0.0203905569	-0.0559375236	-0.0192623025	0.0434712877	-0.0387780382	-0.0546743635	0.0149737912	0.0506376306	-0.0717826681	0.0650263462	0.0638844931	0.1557222718	-0.143247121	-0.0595560617	-0.0853655882	-0.0396327789	-0.0190367511	-0.0241435301	0.1632212223	0.015493215	0.0761540746	0.0308740088	-0.0138467423	0.0008516011	-0.1902332546	0.1615531902	-0.0094155994	0.0263977102	0.0292989536	0.0600362899	-0.0239785377	0.0482097846	-0.1068027457	-0.0251226233	0.1450161334	0.0456244371	-0.0188930225	0.0118491764	-0.1701509566	-0.0351645086	-0.1801020366	0.047601143	0.09108528	-0.107937504	0.0476930753	-0.0223673818	-0.0505563892	-0.0481603245	-0.0607466976	0.096316885	-0.0318086855	-0.0105542116	0.0898838474	0.0457474078	-0.0097037219	-0.0085608067	0.110994428	-0.1151908776	0.1291574566	-0.112043593	-0.1073171732	0.0908503654	-0.0801947841	-0.0448826419	0.0905289547	-0.0092120732	0.0308744613	-0.0137372764	-0.1104367124	0.1055496063	-0.0978471326	-0.0876327994	-0.0101290257	0.1013839798	-0.1725719225833302	-0.0308692595736914	0.0297810684641069	0.0009529111866279	0.1411766999358406	-0.039180987757021	0.0015351498016158	0.0199308606047743	-0.0046218660825019	0.032808446947584	2.136164608458146e-05	0.0010763941911124	-0.0013964278132512	-0.00011532316862	1.9500106376215285e-06	1.3299433220556998e-08	0.0046330149729181	8.418874710109953e-05	7.0877451384528955e-09	2.14648277392833e-05	-0.0028407872541719	-2.56801959025001e-05	8.070072223465524e-06	6.594724615907829e-10	0.0	0.0	0.0	0.0	0.0	0.0	0.0	0.0	0.0	0.0	0.0	0.0	0.0	0.0
880.9240143570483	-0.3783741923878096	0.1431670294651272	776027.1190709372	899.9701168010761	-2.442736439890723	809946.2111349425	5.966961314770003	812.9817629946092	-1.2122329204179323	660939.346961823	1.469508653344989	815.6174348492489	662.4199223408332	1.397921	24.276768	0.3120354368868115	0.1749215177198231	0.0415819635	0.0421794057	0.0014270308	0.0169308374	0.0374173443	-0.0753861123	0.0786312653	-0.1156039592	-0.0104136176	-0.0647728168	-0.1212150944	0.0332253801	0.124130816	0.1802335127	0.0862663059	0.0404255902	0.0555033558	-0.0548311812	0.2503350974	-0.0749871846	0.1675812159	0.0320417343	0.0037949589	-0.0077205179	-0.2894969994	-0.0143226488	0.1089567524	0.0223736731	-0.2067542508	0.1263257594	-0.0662140178	0.0491623084	-0.0990202619	0.0542730955	0.1974384115	0.0331192973	-0.0398088052	-0.0113570994	-0.0359016098	0.0401496367	-0.2334495173	0.0293553334	0.1787438261	0.0032423787	-0.1104370644	0.0932989768	0.0169523313	0.1611578032	0.0918237511	0.0331211411	0.1988568524	0.0505049123	-0.016233638	0.1148939321	0.0168425473	0.0241204436	0.0615299387	-0.0290978211	0.0585815234	-0.0200013642	-0.2066001124	-0.1843154651	-0.0210167035	-0.1394821507	0.0909572789	-0.0379143735	-0.0592798171	-0.0955997137	0.0674749933	0.1135629349	0.0393770889	-0.1170881621	0.0114205341	-0.0723444507	-0.1398561875	-0.090084361	-0.0033794295	0.0948006283	-0.1442031519407436	0.0283687706425866	0.0207945490296451	0.0008047871477716	0.1465923208341877	0.0054156208983471	2.932894971461386e-05	0.0214893085275534	-0.0794631715631197	-0.0748413054806178	0.0063143956348697	0.0056012210060431	0.0009858815759099	0.0023823093891611	9.719624817185875e-07	5.675398025685133e-06	0.0037612208988619	-0.0008717940740561	7.60024907559507e-07	1.4146782650035515e-05	-0.0036548785882598	-0.0008140913340879	1.335813749491995e-05	6.627447002370168e-07	0.0	0.0	0.0	0.0	0.0	0.0	0.0	0.0	0.0	0.0	0.0	0.0	0.0	0.0
879.9004868281852	-1.0235275288631556	1.0476086023407178	774224.8667204774	905.935100753586	5.964983952509897	820718.40677741	35.58103355370059	811.416741098915	-1.5650218956941444	658397.1277355837	2.4492935340020936	814.6388387056155	666.7378636470207	1.982592	34.430355	0.9501448908038924	0.4977482425673283	0.1171480859	0.2698490881	-0.0076047394	-0.0744112517	0.2358047449	0.0733698237	0.2195491691	-0.073227696	0.0482735786	0.0457311921	-0.1807929559	0.2375737955	0.113284547	-0.0910615607	-0.3175790661	-0.1147359988	0.0492751054	-0.0062222893	0.0288796222	-0.0094891978	0.0960765067	0.0151847063	-0.3375448449	0.0622425054	-0.0199386806	0.0850619187	0.1780537591	-0.0234377973	-0.0814970987	0.0941101755	-0.0173576151	-0.0260332766	-0.1680289508	0.2642539959	-0.0625020048	-0.0058597339	0.2468453594	0.1642825881	-0.1338620837	0.0877657896	0.0404621151	0.0718809244	0.2036931666	0.033261369	0.0511727103	0.0939616506	-0.1671699456	0.0397583858	-0.2504683943	-0.1394818316	0.1339942869	0.1533291568	0.2789019285	0.0530397959	-0.1046231373	0.0077051045	-0.2153765473	-0.1324070812	0.0647215465	-0.0183242709	0.2432124185	-0.2597819896	-0.2050984662	0.1252391759	0.2460464568	0.0777480785	0.2467048431	-0.0331435887	0.0770846757	0.0082133793	-0.0751052447	-0.124447689	0.0091783378	-0.2058814675	-0.2374307109	-0.0924741833	0.0033794295	0.0876327994	-0.3036722440622981	-0.1594690921215545	0.0922168318138319	0.0254303913420728	-0.0424544148957437	-0.1890467357299314	0.0357386682901425	0.0018023773441399	-0.2550182647638763	-0.1755550932007565	0.0650343153631785	0.0308195907487263	0.0051917922584663	0.0042059106825564	2.6954706855070607e-05	1.7689684669642046e-05	0.0041163286426992	0.0003551077438373	1.2610150973321765e-07	1.6944161494705838e-05	-0.0076153395568991	-0.0039604609686393	5.799339656687219e-05	1.568525108411534e-05	0.0	0.0	0.0	0.0	0.0	0.0	0.0	0.0	0.0	0.0	1.0	0.0	0.0	0.0
879.2668710896041	-0.6336157385810566	0.4014689041776178	773110.2305957025	898.2385921725979	-7.696508580988052	806832.5684682106	59.23624433722272	813.0073123537721	1.5905712548570818	660980.889940704	2.529916916777632	815.3278421687188	661.6516008083637	1.565577	27.188343	0.3509466672763676	0.1965514811966249	0.0360910592	0.1184119911	0.0108278236	-0.0354335673	0.1828553835	-0.0871310686	0.0028763337	-0.0240613878	-0.0945521042	-0.0783048203	-0.0946491806	0.1066298705	0.16646799	-0.132996168	-0.0916229342	0.008820971	0.0764974688	-0.0152660796	-0.1991569567	0.088139686	0.0302304196	-0.1837131317	-0.1452134752	-0.0684049962	0.0355225634	0.0313212369	0.1861720405	0.0320948773	0.0656397611	0.0592481063	-0.0677151738	-0.131450115	-0.0994282577	0.1370781577	0.0210017237	-0.1934150727	0.0536958875	0.0662332442	-0.1640310311	0.0827958646	0.1696522877	0.0484559956	-0.0534336616	0.100333183	0.0419652564	0.1234785678	-0.0258750208	-0.0784766056	-0.0969006017	-0.2344897972	0.1186597196	0.0744337837	0.2352172027	-0.0453027588	-0.1463906019	0.0654309054	-0.1310255155	-0.0670502738	-0.2177304692	0.1655674353	0.1563342465	-0.1224863087	0.0424804904	-0.1188683679	0.1791663024	0.1324738219	-0.1139466662	-0.0853098409	-0.1550327701	0.0479763575	0.0354874379	0.0450355077	0.184169958	0.1329972089	0.2535831657	-0.0948006283	0.0101290257	0.0799246852	-0.3195554793806536	-0.0158832353183555	0.1021157044021993	0.0002522771641782	-0.0057212599308513	0.0367331549648924	0.0013493246736747	3.273281519636462e-05	-0.1233346907244765	0.1316835740393998	0.0152114459361022	0.01734056367179	0.003642046358399	-0.0015497459000673	1.3264501676727418e-05	2.401712354775406e-06	0.0045733359055442	0.0004570072628449	2.088556382930788e-07	2.091540130493979e-05	-0.0089415204530612	-0.001326180896162	7.995078801251176e-05	1.7587557693453084e-06	0.0	0.0	0.0	0.0	0.0	0.0	0.0	0.0	0.0	0.0	0.0	1.0	0.0	0.0
881.0673153949058	1.800444305301653	3.241599696493152	776279.6142571864	898.3099005315211	0.0713083589231473	806960.6773929513	0.0050848820523124	813.1113227804154	0.104010426643299	661150.023233717	0.010818168850521	815.3894819455726	660.0820748109084	1.324096	22.994699	0.4778731782632164	0.2439638153074454	0.0550506562	0.0312747267	0.0495674645	0.1204060477	-0.0091397041	-0.1086165457	0.1568978623	-0.0835797167	-0.0405609169	-0.0656329955	-0.042912684	-0.0259901255	0.0843276108	-0.0096824913	-0.1022779077	-0.0427774955	-0.1455854194	0.0933113992	0.0245295068	0.0603435219	-0.0794025804	-0.0578408578	0.179751036	-0.1595703364	0.0190991141	0.000152187	0.0544132534	-0.0637338032	-0.2841013307	0.1047753624	0.0130477259	-0.0708349231	-0.0475326294	-0.0222939564	0.0704809871	0.0699749238	0.1288628796	0.0936973836	0.0702284721	0.0532511635	0.0850256625	-0.1364447896	-0.2002630305	0.112001706	-0.0089091255	0.008897982	-0.0544391758	-0.0532733946	0.0964052028	0.0003297029	0.1174844566	0.0568041238	0.1071224227	-0.0480660833	-0.0135997586	0.0713960448	0.0402738755	-0.0079125209	-0.2231778173	-0.0230411407	0.0190691152	-0.3340585192	0.22392601	-0.0707826365	-0.2091552101	0.0550244462	-0.0666928097	-0.1188735141	-0.2370377925	-0.0336286454	-0.0264483174	0.128394823	0.0085238575	0.1812040308	0.0732007015	-0.0970621018	0.016850859	0.0717238087	-0.2775446732933204	0.0420108060873332	0.0770310456734959	0.0017649078281075	0.0817750570598292	0.0874963169906805	0.0076556054869336	0.0066871599571383	-0.0003432403713787	0.1229914503530978	1.1781395254418793e-07	0.0151268968599585	0.0017553324510174	-0.0018867139073816	3.0811920135947526e-06	3.559689368307145e-06	0.0036967417299471	-0.000876594175597	7.684173486907591e-07	1.3665899417932278e-05	-0.0071973364393978	0.0017441840136633	5.18016518218834e-05	3.042177873518966e-06	0.0	0.0	0.0	0.0	0.0	0.0	0.0	0.0	0.0	0.0	0.0	0.0	0.0	0.0
881.5920241250997	0.5247087301938791	0.275319251541673	777204.4970009903	905.2940314404376	6.984130908916541	819557.28336168	48.778084552883385	813.9288688165294	0.8175460361139812	662480.2034929552	0.6683815211656832	816.2630453911897	668.4684801431803	1.148946	19.952988	0.1562945789867464	0.0781179067131627	0.0538569159	-0.0071005226	0.0367128584	0.0459836314	0.03732024	-0.0321187504	0.0574153881	0.053018046	-0.0427249129	-0.1757959141	-0.0254432534	-0.0099642819	-0.0002904424	-0.0662763979	0.0632886908	-0.0679511029	-0.2001910024	-0.063411727	-0.0357645883	-0.0595181746	-0.0194819994	-0.121111512	0.0374825854	-0.0614961641	0.2208976672	-0.002837372	0.1224990719	-0.0022983623	-0.0160277734	0.0104182951	0.1744041674	-0.0380604659	-0.0410989691	-0.0081914583	0.0004554787	0.0198238394	0.0384561385	-0.1407895	0.111286162	0.110265402	0.0297986954	0.038361955	-0.1792604011	0.1330828354	-0.0320643972	0.0947248942	-0.0667043026	-0.2064390505	-0.042398209	-0.0935851996	0.0761998428	0.0537795897	0.0478705439	-0.0261487735	0.0162996545	0.106680916	0.164389057	0.0374864155	-0.044548486	0.0011802384	0.0551832446	-0.0413469914	0.1765195016	-0.1814724717	-0.0976792409	0.1185569997	-0.0256458601	-0.1514912202	-0.0410268467	0.0163127133	0.0758959505	0.1466973179	0.060289581	-0.0349404143	-0.0884917479	-0.0992570537	0.0235265052	0.063080731	-0.2471507911255628	0.0303938821677575	0.0610835135539915	0.0009237880732275	0.0556643408140047	-0.0261107162458245	0.0006817695028699	0.0030985188382576	0.0306473571479557	0.0309905975193344	0.0009392605001543	0.0009604171346053	0.0019712739492599	0.0002159414982424	3.885920983030722e-06	4.6630730663215584e-08	0.0039158842880022	0.000219142558055	4.80234607509328e-08	1.5334149757022497e-05	-0.0062564328346188	0.0009409036047789	3.914295181409624e-05	8.852995934861154e-07	0.0	0.0	0.0	0.0	0.0	0.0	0.0	0.0	0.0	0.0	0.0	0.0	0.0	0.0
881.5120271060221	-0.0799970190776093	0.0063995230613033	777063.4539325682	900.403639013117	-4.8903924273206485	810726.7131480634	23.915938093195145	813.1118718830382	-0.8169969334911684	661150.9161971384	0.6674839893339727	815.0930552616297	669.1134593450106	1.001464	17.391754	0.1325033964160686	0.0630826053356413	0.077108246	-0.0021836529	0.1034584843	0.1513586796	-0.043760405	-0.0663860642	0.1224887272	-0.0573238585	0.0070913556	-0.057458488	-0.0320665483	-0.1133012533	0.0792969384	0.001814895	-0.0347383422	-0.0899807488	-0.011144895	-0.0394262032	0.0323748462	-0.2058812402	0.0111941505	0.0818568302	0.0577433367	-0.0162523746	-0.0321890709	-0.1345286762	-0.0412864426	-0.0093318991	0.0327208609	-0.1344532334	0.0960324338	0.137757186	-0.062780171	-0.1100587356	0.0784523366	0.0709361888	0.113609577	0.009148436	0.0004903053	-0.0430661631	-0.0658694478	0.1530733107	-0.0121762537	-0.0457257902	0.012471387	0.0346291684	-0.0618535981	-0.055258373	0.2199326804	0.0579214312	0.0249192512	0.0742548371	0.0564355675	-0.0561773543	0.0553964336	0.0211925661	0.0668993665	0.0603542856	-0.0783545203	-0.0744829437	-0.1789699099	-0.0501960788	0.2079502479	-0.0928241233	-0.0596214146	-0.0188199574	0.0656543151	-0.1541939991	-0.0292728224	0.0114123406	-0.099415014	0.1028327359	0.0597868147	-0.0568615051	-0.0557432014	-0.1013839798	0.0301376669	0.0540487397	-0.2727483301493123	-0.0255975390237495	0.0743916515992382	0.0006552340040723	0.0682717206923513	0.0126073798783465	0.0001589460273969	0.0046610278462944	0.0465410686652632	0.0158937115173074	0.0021660710725047	0.0002526100657953	0.0030013186418354	0.0010300446925755	9.00791358982869e-06	1.060992068702957e-06	0.0044237253318328	0.0005078410438305	2.5790252579895335e-07	1.9569345811499216e-05	-0.0062262232510916	3.020958352720031e-05	3.876585597243365e-05	9.126189368868924e-10	0.0	0.0	0.0	0.0	0.0	0.0	0.0	0.0	0.0	0.0	0.0	0.0	0.0	0.0
880.5528372670041	-0.9591898390179948	0.920045147275367	775373.2992189709	903.7598407794904	3.356201766373488	816781.84980577	11.26409029660852	812.6931295578618	-0.4187423251764812	660470.1228305515	0.1753451348942059	814.6608899374988	666.1796490877866	1.076078	18.687525	0.28426096843536	0.1587225662405673	0.0917187386	0.090126526	0.0397796143	0.0187156187	0.1623694747	-0.0047506417	0.0229103298	0.0301333432	0.0095945125	-0.0504941984	-0.1117452176	-0.0401262358	0.0265316533	-0.1069356411	-0.0921222506	0.1054968871	-0.0071760016	-0.0455606632	0.0433495514	-0.0148802577	0.0425645617	-0.2018946852	0.0437227606	0.0310449356	-0.1346874813	0.1238533151	-0.1832265077	0.0292267014	-0.1268767717	-0.1503258612	0.161072465	-0.0567958181	-0.117445401	-0.0059375378	-0.0796210254	-0.0901567843	0.0246932748	0.0683716379	0.0141564553	0.0464288912	-0.0513697843	0.1176207106	-0.0708477032	0.168725985	0.0220878819	0.0392850705	-0.0052988129	0.0379022285	-0.0355816651	0.1543934423	0.0421141316	0.1037672876	0.1284568979	-0.0308872762	0.0218438148	-0.0437452775	-0.0404285722	0.0399091721	-0.0043280761	-0.0738063655	0.083296689	0.0464982504	0.1170724789	-0.1637792087	0.0158200354	0.0231136659	0.0527677455	-0.0334947636	0.1042454897	0.0191329894	0.0367137105	0.0336553581	0.015217813	-0.028755558	-0.0570330125	-0.1034414224	0.0366662233	0.0446835199	-0.2932534379333162	-0.0205051077840038	0.0859975788597093	0.0004204594452336	0.0128738385366915	-0.0553978821556597	0.0030689253473323	0.0001657357186688	-0.0185699106871481	-0.0651109793524113	0.0003448415829286	0.0042394396322301	0.0044690017358265	0.001467683093991	1.9971976514820268e-05	2.154093664387287e-06	0.0044461215621278	2.239623029500013e-05	5.015911314266816e-10	1.9767996945217747e-05	-0.0076010839096712	-0.0013748606585796	5.777647660186242e-05	1.8902418305099317e-06	0.0	0.0	0.0	0.0	0.0	0.0	0.0	0.0	0.0	0.0	0.0	0.0	0.0	0.0
881.6665724188404	1.1137351518362948	1.2404059884358145	777335.9449207863	900.8999103199352	-2.859930459555244	811620.6484144673	8.17920223349187	812.8800724383619	0.1869428805001689	660774.0121673965	0.0349476405697004	815.4635697837188	669.2737490800711	1.092041	18.96475	0.2420485935218584	0.1367948598976192	0.1340268201	0.1169115057	0.1289946995	0.1548564855	0.1304972707	-0.0247231337	-0.0197229243	-0.1051383812	0.059110263	0.0134639759	-0.1336751098	-0.0681032007	0.2626452963	0.0088749986	-0.0859831156	0.0962499678	-0.0592791885	0.032098461	-0.0438035369	-0.030049585	-0.0550616953	-0.0341133579	-0.0475348313	-0.033855012	-0.0186329293	-0.0691982808	-0.1386148755	0.1347515768	-0.0233796523	-0.0957009839	0.0887611298	0.0570907525	-0.1494535364	-0.0443593832	0.1738706572	-0.1390635464	0.0863162287	0.1587398092	0.0594235232	0.0227671017	0.0480740286	0.0659057176	0.0417757201	0.0038804706	0.051408379	0.0378302322	0.0156795284	-0.0546518983	0.1455140162	-0.0470248495	0.0330634504	0.1380816637	0.2173666089	-0.0411978818	0.0618806264	-0.0392494255	-0.0922617778	-0.076286192	-0.0670004732	0.07688584	-0.007586013	-0.0800398236	0.0285261661	0.0456495683	0.0685195381	-0.0533138561	0.0624244294	0.0733683648	0.147163703	0.1175069436	0.0715242311	-0.0096455095	0.0170021457	-0.0642130128	0.0997839187	-0.1054279714	0.0430942802	0.0350428114	-0.317520739278109	-0.0242673013447927	0.1008194198717168	0.0005889019145589	-0.0172137597952968	-0.0300875983319882	0.000905263573387	0.0002963135262901	-0.0681265762167555	-0.0495566655296074	0.0046412303870173	0.0024558630984133	0.0059222314631811	0.0014532297273546	3.5072825503492155e-05	2.1118766404671264e-06	0.0043320842287386	-0.0001140373333891	1.3004513406519532e-08	1.876695376488571e-05	-0.0087965574152368	-0.0011954735055655	7.737942235955753e-05	1.4291569025093035e-06	0.0	0.0	0.0	0.0	0.0	0.0	0.0	0.0	0.0	0.0	0.0	0.0	0.0	0.0
883.0840850691418	1.4175126503014326	2.009342113764592	779837.5013024033	911.1619250309932	10.262014711057986	830216.0536261853	105.30894592997052	813.9848370927854	1.104764654423434	662571.3150169683	1.2205049416633296	816.862012417517	671.80162793673	1.09882	19.082474	0.0890373537895955	0.0597270615730634	0.1159620374	0.1319622196	0.1076434776	0.059735599	0.0342087479	0.0855343915	0.1296454216	0.0410834609	0.0752332687	-0.1096674413	-0.0852522153	0.0207685042	0.1413070255	-0.0275527488	0.0444220868	0.0555161579	-0.2389627345	-0.0362180177	-0.0153913376	-0.1270522628	-0.0797522216	-0.0114972634	-0.0774870679	-0.0185375076	0.1024565831	0.0354090359	0.0237289901	0.020760426	0.1856828384	0.0104488684	0.0144574185	0.0846598188	-0.0861271573	0.0189742504	0.0684755594	-0.0482147227	0.1448277202	-0.0428498265	0.2808307837	0.0760215729	-0.0496116312	0.1063362823	-0.0181903091	-0.0274493335	0.0250080362	-0.0294708416	0.0194979479	-0.0564352355	0.0237991497	-0.1528512243	-0.1162258776	0.1229568993	0.1919773251	-0.0419331033	0.0612753492	0.0625700681	0.0444400246	-0.1350885384	0.0075353011	0.0266453215	0.1836145939	0.0140269816	0.020765768	0.0232236766	-0.040563396	-0.0491539199	0.0606703633	0.1179270338	0.0400798035	0.1659777775	-0.0411714162	-0.0304165013	-0.0554773104	0.0190493141	0.0711573159	-0.1073422654	0.0494042187	0.0251860523	-0.3176169472586849	-9.620798057591308e-05	0.1008805251859262	9.255975526495266e-09	-0.0173296391398594	-0.0001158793445625	1.3428022496257766e-08	0.0003003163927177	-0.0466019931037635	0.0215245831129919	0.0021717457612432	0.0004633076781881	0.0056660249103078	-0.0002562065528733	3.210383828422851e-05	6.564179773521919e-08	0.0033418961624052	-0.0009901880663334	9.804724067090778e-07	1.1168269960298604e-05	-0.0088961764630594	-9.961904782260048e-05	7.914195566189206e-05	9.923954689081564e-09	0.0	0.0	0.0	0.0	0.0	0.0	0.0	0.0	0.0	0.0	0.0	0.0	0.0	0.0
882.4249651162171	-0.6591199529246978	0.4344391123434559	778673.8190603569	904.5750988799256	-6.586826151067612	818256.1095136271	43.38627874438817	814.4203330873399	0.4354959945545715	663280.4789460937	0.1896567612730754	817.352760511024	672.609630056528	1.067993	18.547121	0.1086054832885731	0.0622190526164606	0.1295656322	0.1099191103	0.1557662005	0.1250928814	0.0443487902	0.0323009647	0.0814044256	-0.0563685017	-0.0601093784	-0.1269299829	-0.1052081727	-0.0274522293	0.1986328374	-0.0317443885	0.090859694	0.0364270009	-0.0093847206	-0.0983941846	0.0465123616	-0.1312425307	-0.0837387617	0.0271691061	0.0235321655	-0.0140185784	0.1210122173	0.0610229209	-0.0679852755	-0.0621319485	0.0179528197	0.0351327067	-0.1813833238	0.0150804712	-0.1223748456	-0.0280975748	0.155907003	-0.1064602976	0.1014747629	-0.0542833508	0.0541120403	0.0213471598	-0.1735447504	0.0661549057	-0.0452202432	-0.0362277405	-0.0057948136	-0.0219351341	0.0314120835	-0.0704596589	0.054436842	-0.0306963952	-0.0760790773	0.1368553894	0.1755263466	-0.0157893877	0.0781416254	-0.0061726098	0.0250070295	-0.0675549694	-0.0081626384	0.0902465271	-0.0374606456	0.0945997582	-0.0554420518	-0.0728930046	0.0828138743	-0.0688325724	-0.0074623565	-0.0015605601	0.0065424521	0.0870256483	0.0024777778	-0.029332977	0.0025629832	0.0549687277	-0.0080410872	-0.1091829923	0.0555787436	0.0151740128	-0.2887299023215917	0.0288870449370932	0.0833649564946358	0.0008344613651976	-0.017841421499952	-0.0005117823600926	2.619211841019521e-07	0.0003183163211389	-0.0525939636898158	-0.0059919705860523	0.0027661250166056	3.590371150411598e-05	0.0059461135102897	0.0002800885999818	3.535626587724969e-05	7.844962383982058e-08	0.0040341287096963	0.000692232547291	4.791858995291245e-07	1.6274194446395932e-05	-0.0084042039022257	0.0004919725608337	7.063064323018567e-05	2.420370006132695e-07	0.0	0.0	0.0	0.0	0.0	0.0	0.0	0.0	0.0	0.0	0.0	0.0	0.0	0.0
881.498836327037	-0.9261287891800976	0.8577145341481935	777040.1984459204	905.925282168698	1.3501832887724277	820700.6168724351	1.8229949132803287	812.9822324629214	-1.4381006244185528	660940.1103003955	2.068133405953032	815.5666744374784	668.4740364514864	0.988875	17.173126	0.0950613522638995	0.0549905412335029	0.1318290629	0.1354937635	0.1059519532	0.1005375494	0.0809264584	0.0006002257	0.1346431703	0.0273315787	0.0628151208	0.0425507731	-0.1246592568	0.0039611952	0.0403423539	-0.0566481289	-0.1206905594	0.0502292455	-0.0369693373	0.0620277106	0.1150109518	-0.1402952036	-0.083564426	0.0191371513	-0.0752111589	-0.0313611451	0.0510245405	0.1135393171	0.0130424592	0.0752895922	0.1344806609	0.0173894843	-0.1082794234	0.0766142101	-0.1345552879	-0.0016853946	-0.0384361367	-0.0134650242	0.1584847892	0.1293362045	0.0966135505	-0.0460516987	-0.0953491407	0.0492689238	0.0352605793	0.0088128714	0.1100857744	-0.025542615	0.0509691538	0.0464244815	0.0135595452	-0.0499250304	-0.0538409828	0.1411212644	0.1440317351	0.0047477712	0.1155531573	-0.0711296661	-0.026758077	-0.0201961066	0.0184817041	-0.1146203614	0.0528136301	0.0841513168	-0.0132127647	0.0452195162	0.0842134122	-0.0689922118	0.0468100826	0.0527878942	-0.0168360419	0.0079466487	-0.0653265789	-0.0526197588	0.0134834656	0.157446458	0.0469889824	-0.1109488906	0.0616009311	0.0050684204	-0.2733045450432172	0.0154253572783744	0.0746953743412799	0.0002379416471655	-0.0189764680957864	-0.0011350465958343	1.2883307747152594e-06	0.0003601063413903	-0.0269038619775301	0.0256901017122857	0.0007238177893059	0.0006599813259875	0.0062270225161362	0.0002809090058465	3.8775809416467215e-05	7.89098695656693e-08	0.0040238223690582	-1.0306340638100047e-05	1.0622065734855251e-10	1.6191146457733143e-05	-0.0076392023151622	0.0007650015870634	5.835741201197951e-05	5.852274282096735e-07	0.0	0.0	0.0	0.0	0.0	0.0	0.0	0.0	0.0	0.0	0.0	0.0	0.0	0.0
884.1657500737275	2.6669137466905117	7.112428932286821	781749.0736034372	909.398006538292	3.472724369593948	827004.7342958193	12.059814547171682	814.0755232562117	1.0932907932902935	662718.9575648749	1.1952847586933193	816.6917782453733	674.2838125082162	1.065915	18.51104	0.1448089805764864	0.0728447804277211	0.1400748469	0.1181905082	0.0673279524	0.0591241641	0.1851441388	0.0664806509	-0.1354108435	-0.0354114796	-0.041368732	-0.0577756933	-0.1441601934	-0.0323732126	0.0154006262	-0.0938892774	0.0768241549	0.0829010929	-0.1155193739	0.1134163014	-0.0112278226	0.0742523784	0.0439076721	-0.1321022791	-0.1111430938	0.0429777278	-0.0723191851	-0.0408359889	0.0611145204	0.0858213929	0.0256438845	-0.1293269084	0.0878456561	-0.1213808559	-0.1393367338	-0.0175479342	-0.0272498387	-0.154694942	-0.0384531084	-0.0433450274	0.1318050879	-0.03293051	0.0952945162	-0.0198931985	0.101172476	0.1842254068	0.0160335983	0.0327349399	0.0906926774	0.0236684564	-0.0335357188	0.0203315009	0.1325374823	0.1458603844	0.0962510047	0.0477776384	0.1518683302	-0.1053406121	0.0030585586	0.0469857731	0.0232080598	0.1020867063	0.0847377921	0.0460224838	-0.0300333883	0.0126876867	-0.1030462405	0.0522713251	-0.0679886693	0.018465994	0.0945098173	-0.0766240418	0.1216616758	0.0600034676	-0.0358681469	-0.0804199391	0.0688578054	-0.1126387502	0.0674542747	-0.0050684204	-0.2520118985776349	0.0212926464655823	0.0635099970247041	0.0004533767935082	-0.0401814490342786	-0.0212049809384922	0.0004496512166018	0.0016145488464943	-0.043587558246557	-0.0166836962690269	0.0018998752338969	0.0002783457211971	0.0061383753506031	-8.86471655331001e-05	3.767965194489173e-05	7.858319957052851e-09	0.0033761241741261	-0.000647698194932	4.195129517182999e-07	1.139821443911864e-05	-0.0066629945375597	0.0009762077776024	4.43954962075504e-05	9.529816250516112e-07	0.0	0.0	0.0	0.0	0.0	0.0	0.0	0.0	0.0	0.0	0.0	0.0	0.0	0.0
885.2741228406724	1.1083727669448535	1.2284901905049903	783710.2725713218	911.2811002855176	1.883093747225644	830433.2437375836	3.5460420608403167	814.6466651288515	0.5711418726398279	663649.1890055591	0.3262030386825293	817.8087373359181	682.7011379241943	1.045185	18.151031	0.0450115453550902	0.0295664272813693	0.1392003452	0.0925660822	0.1156732898	0.1165090028	-0.0431025023	0.1334347932	0.0089160406	-0.1777575151	-0.0294464481	-0.0464326068	-0.1422302114	-0.0159175231	0.1237138325	-0.0149866318	0.1666820017	-0.1397742672	-0.092590609	0.1798286192	0.0730088346	0.001036427	-0.0210715017	-0.0438468357	0.0018778986	0.1155465683	-0.0592691534	-0.0334771901	0.1105810912	-0.001937599	-0.0258940675	0.0008115862	-0.0227630613	0.18785959	-0.1376807538	-0.0255205931	0.1527134773	-0.0168976901	0.0852489229	-0.1642409829	0.0760444989	-0.1094694795	0.054053108	-0.0625722481	0.1184912877	0.0500386428	-0.0333176807	-0.0452209523	0.1490667622	0.0340653624	-0.0102780882	-0.0212557703	0.1027540626	0.1478539246	0.0734426747	0.0731142	0.1628910811	0.0355178109	0.1569550751	-0.0240405528	0.0387855207	0.1264257411	-0.0389510914	0.0624767174	-0.1126389076	0.0594135155	-0.0057255926	-0.0639533582	-0.0298916624	0.0162247552	-0.0144456385	0.0278992735	0.0253442447	0.034108943	-0.0386726481	-0.0090717644	-0.1387283877	-0.1142514127	0.0731227308	-0.0151740128	-0.2291356936179767	0.0228762049596581	0.0525031660897912	0.0005233207533562	-0.0402606147203954	-7.916568611680136e-05	6.267205858343916e-09	0.0016209170976641	-0.0477826314242122	-0.0041950731776551	0.0022831798658221	1.759863896588207e-05	0.0063621527827207	0.0002237774321176	4.0476988030680746e-05	5.0076339125147096e-08	0.0033758054864163	-3.186877098001508e-07	1.0156185637766509e-13	1.1396062682118392e-05	-0.0065298686267539	0.0001331259108058	4.263918428266486e-05	1.7722508127873852e-08	0.0	0.0	0.0	0.0	0.0	0.0	0.0	0.0	0.0	0.0	0.0	0.0	0.0	0.0
883.2090705468306	-2.0650522938417453	4.264440976301054	780058.2622961964	914.7060445562586	3.42494427074098	836687.1479477561	11.730243257681462	813.5636955835773	-1.0829695452741817	661885.8867716077	1.1728230359913678	816.8216680811944	670.815647983551	0.991062	17.211113	0.0966589410824275	0.0648147256169374	0.1330976398	0.0965180444	0.094304834	0.0613132864	-0.014947826	0.1842316324	0.1355289795	-0.0349043893	-0.0252647221	0.0589810606	-0.1351008218	0.0381672228	-0.041041879	-0.038484255	0.0214234427	-0.1078657084	-0.0805739134	0.0787084776	0.1264062846	-0.0825354017	-0.1513397477	-0.1702383325	-0.0123936954	0.0972294545	-0.0562096587	0.0323404378	-0.0076734461	0.0160274081	0.0452998725	-0.0483053061	-0.0445027402	-0.0160375934	-0.1245077437	0.0118716926	-0.0280487734	0.0959501095	0.1322422261	-0.1013543186	0.0879290885	-0.0654960683	-0.0095154171	-0.0088569717	-0.0173289352	0.1822942566	0.1174880506	-0.1896041384	0.1126250521	0.073005637	-0.0475711376	0.0524498861	-0.0037093444	0.1466435232	0.057453796	0.0602388798	0.1746335474	0.0212312886	0.1785456064	-0.0483268129	0.0709373333	-0.0888420728	-0.0960171378	0.0550735059	-0.0765191532	0.1139202892	0.0006310724	-0.0629368667	-0.0587432486	-0.0287717833	-0.1344349846	-0.1006831035	0.0473010909	-0.0620506324	-0.0233967349	-0.079537057	0.019841764	-0.1157857731	0.0785907625	-0.0251860523	-0.230721761356591	-0.0015860677386143	0.0532325311634877	2.515610871473096e-06	0.0176136293056146	0.05787424402601	0.0033494281215821	0.0003102399373156	-0.022868450651444	0.0249141807727681	0.0005229660351975	0.0006207164035781	0.006325298186792	-3.685459592869984e-05	4.000939715183417e-05	1.358261241067739e-09	0.0033770766590812	1.2711726648999104e-06	1.61587994398874e-12	1.140464676131104e-05	-0.0063223054244468	0.000207563202307	3.997154587998943e-05	4.308248295197808e-08	0.0	0.0	0.0	0.0	0.0	0.0	0.0	0.0	0.0	0.0	0.0	0.0	0.0	0.0
883.3666794404676	0.1576088936369615	0.024840563353467	780336.6903456778	914.0372232214196	-0.6688213348389809	835464.0454343233	0.4473219779357961	812.9693232601453	-0.594372323432026	660919.1205620586	0.3532784588619849	816.130261171644	675.5748267540565	1.000415	17.373545	0.0525767238808421	0.0265453922518611	0.1347184395	0.0898038468	0.0287403447	0.0684673791	0.0929899314	0.1624596895	-0.0070415883	0.0676527064	0.0484659423	-0.0090583234	-0.144910012	-0.0491705368	-0.0571091496	0.0020832635	0.0084616849	0.0644199858	-0.0206098636	0.0026883435	0.151336076	-0.0144139991	-0.1720341953	-0.1126221152	-0.0532457593	0.0017397937	-0.1270850674	0.0236433156	-0.1031652459	-0.1297693248	0.0085961771	-0.0582609134	0.0617295995	-0.0259783347	-0.1403463972	-0.0260388362	-0.0724843259	0.0003266058	-0.0182920327	0.0031430165	0.1093830387	-0.02106635	-0.0834850491	0.0229572955	0.0619657467	0.1188567765	0.1075685081	-0.1482518388	0.0777386104	0.0833081457	-0.0534040418	0.0967008754	-0.0313842852	0.1357034709	0.0301262091	0.0584535942	0.1865862576	-0.0907620309	0.0698340785	0.0168964807	0.1005789016	-0.1241515432	0.0192956868	0.1264391291	-0.0261309495	-0.0284256533	-0.0528720948	-0.0953260391	-0.0626605963	0.0092245171	-0.0028279296	-0.1566040863	0.0099100727	0.0704409665	-0.0219632261	-0.0111912506	0.0051634623	-0.1172407796	0.0838433825	-0.0350428114	-0.2474906383626773	-0.0167688770060862	0.0612516160771655	0.0002811952360452	0.0140527241950536	-0.0035609051105609	1.2680045206419427e-05	0.0001974790573022	-0.0073011879135691	0.0155672627378749	5.330734494924752e-05	0.00024233966915	0.0061390545935935	-0.0001862435931984	3.768799130312146e-05	3.4686676007488315e-08	0.0033791100198092	2.033360728000231e-06	4.134555850173629e-12	1.1418384525974933e-05	-0.0061769887978469	0.0001453166265998	3.815519060872609e-05	2.1116921966374746e-08	0.0	0.0	0.0	0.0	0.0	0.0	0.0	0.0	0.0	0.0	0.0	0.0	0.0	0.0
885.3560485129365	1.9893690724688893	3.9575893064957297	783855.3326384411	914.9977770718662	0.9605538504465584	837220.9320464565	0.9226636996077094	814.3713343631991	1.4020111030538374	663200.6702324975	1.9656351330862376	817.3004301730717	678.9310465592605	1.030032	17.887873	0.0728066898743501	0.0453117472538616	0.136100048	0.1150989669	0.1094842937	0.0655448595	0.0693037271	0.1922983433	-0.1816492746	-0.0856277846	0.0300860273	0.0136942633	-0.1550090933	-0.0912794273	0.0280760663	0.010613031	0.1039544831	0.1341183415	0.0709105975	0.0609967054	0.0135056022	-0.0230181856	-0.0895734481	-0.0048947233	-0.098140693	-0.052906508	0.0453840994	0.0435683511	0.0232240556	-0.030082612	0.1466039558	-0.0504178478	-0.1138576547	-0.1311988421	-0.1502853391	-0.0475909211	0.0344150732	-0.1276739263	-0.0930568611	0.0355006323	0.0661026785	-0.1302718095	-0.0676965302	-0.018734934	0.0148302217	0.0570796338	0.1360135979	-0.0819525762	0.0469951932	0.0981453485	-0.1671832432	-0.0208769167	-0.0247866777	0.1436093151	0.0516639523	0.0530062814	0.1907287114	-0.1455521047	-0.0307689686	0.0563205421	0.020375221	0.0594425538	-0.0769323922	0.1363072916	-0.126882807	0.078292824	0.0041980145	-0.0412734667	-0.1412116025	-0.0078143667	-0.0115648153	-0.159631961	-0.0138200633	-0.0155370617	-0.0998627805	0.0459822231	0.0995779308	-0.1186154352	0.0888661936	-0.0446835199	-0.2469438246382225	0.0005468137244547	0.0609812525269531	2.990052492521092e-07	-0.0157523101454586	-0.0298050343405122	0.0008883400720391	0.0002481352749187	-0.0061710726778159	0.0011301152357532	3.808213799488591e-05	1.277160446081511e-06	0.0065507455760611	0.0004116909824675	4.291226760228408e-05	1.6948946504513744e-07	0.0033740069972372	-5.10302257200005e-06	2.604083937034201e-11	1.1383923217405588e-05	-0.0065866893242799	-0.000409700526433	4.338447625458281e-05	1.678545213594776e-07	0.0	0.0	0.0	0.0	0.0	0.0	0.0	0.0	0.0	0.0	0.0	0.0	0.0	0.0
883.3106446540676	-2.0454038588688945	4.1836769458757646	780237.6949591844	914.4169417046882	-0.5808353671779969	836158.3432765551	0.3373697237647984	813.2200234007292	-1.1513109624698927	661326.8064598826	1.3255169323033509	816.0853277188595	675.7418922130878	1.091785	18.960302	0.1494496587130049	0.083139044609692	0.1070130295	0.0404019936	0.1274917166	0.0986472383	-0.0519232194	0.1418247452	-0.0383999529	-0.1251300832	0.1174038703	0.0134985101	-0.0826506606	-0.0747413076	-0.0190971691	0.0681382357	0.0218647657	0.0470668247	-0.09191365	0.1573825543	0.0715765848	0.0305591732	-0.0839878042	0.0213572454	0.0776547813	0.0223831855	-0.0455682336	0.0441733718	0.0218073183	-0.0912850332	0.0456847003	0.1173965106	0.0829803704	-0.0562747539	-0.0885523009	-0.0748795328	0.0632094828	0.0718656625	-0.0114307952	0.0624131093	0.1451931378	-0.1345217594	0.0112477347	-0.1750997764	-0.0637380618	0.0638101292	0.0291274604	-0.1140825876	-0.0599562476	0.1391044167	-0.0324327868	-0.0493801256	-0.1200131459	0.1132164913	-0.0065664748	0.0325766016	0.1925055268	-0.0372375249	0.0814961364	0.0135099281	-0.0575601052	-0.0422149629	-0.0679724484	0.043306836	0.0558928772	0.153875468	-0.1446298831	-0.072426588	-0.1387408314	0.0460937605	-0.0288358885	-0.2185268465	0.0506450565	-0.0032465336	0.0699244586	0.0606846528	0.0369752719	-0.1199087977	0.0936454286	-0.0540487397	-0.2618649080122708	-0.0149210833740482	0.068573230048275	0.0002226387290553	0.0346911485108734	0.050443458656332	0.002544542521213	0.0012034757850034	0.0238494383608838	0.0300205110386997	0.0005687957101295	0.0009012310830246	0.0057872680300674	-0.0007634775459937	3.34924712518402e-05	5.828979632365625e-07	0.0033771036225995	3.09662536229988e-06	9.589088634438862e-12	1.1404828877774666e-05	-0.0069014072658024	-0.0003147179415224	4.762942224847016e-05	9.904738271615952e-08	0.0	0.0	0.0	0.0	0.0	0.0	0.0	0.0	0.0	0.0	0.0	0.0	0.0	0.0
883.6665544543824	0.3559098003148619	0.1266717859601649	780866.57946128	913.1501811634412	-1.2667605412469811	833843.2533588255	1.6046822688603446	814.6239988524108	1.4039754516815035	663612.2595062925	1.9711470689242825	817.2930081091195	671.2381690465487	2.147439	37.29314	0.9119698518181316	0.593360295333991	-0.1480575392	-0.0456390527	0.0626235197	-0.101818397	-0.1625693096	0.1281518734	-0.0595003034	0.1147721473	0.0335647018	0.116174128	0.1170868906	0.0029244237	-0.0180348241	-0.0677655465	0.0417093015	0.0711578206	-0.1364926564	0.0221239618	-0.1471832265	-0.0507751953	0.1081014503	0.0892631365	0.0329714398	0.1737882938	-0.0205902369	-0.1314577733	0.0418848417	0.0395284991	-0.1318370792	0.1081566511	0.0147830834	-0.0311649023	0.1358587517	0.0025663881	-0.0472811228	-0.0129062595	0.0317948861	-0.0544108087	0.1212754696	-0.0289901766	0.0639986996	0.0530750438	-0.0027201837	-0.1586303138	-0.2502577217	-0.0221946123	0.0011539334	0.037383558	-0.0456709783	-0.1650145826	0.0771866177	-0.1522487314	-0.0176088611	-0.0800649786	-0.0698119908	0.0765253631	-0.0549053805	0.002708889	0.147073938	0.0132703095	0.1219392912	-0.2218351028	-0.1073238403	0.0355217398	-0.1963094161	-0.2703276513	-0.1665016497	-0.1790882809	-0.1041130869	-0.1662871517	0.016579516	0.1853427749	0.0792303373	-0.0847130854	-0.1654910173	-0.1211199807	0.098167988	-0.063080731	-0.3704118857946383	-0.1085469777823674	0.1372049651379401	0.0117824463856857	0.0057297700086991	-0.0289613785021742	0.0008387614447462	3.283026435258768e-05	0.1031086824926035	0.0792592441317197	0.0106314004053605	0.0062820277803315	-0.0039652183717964	-0.0097524864018638	1.572295673603169e-05	9.511099101853834e-05	0.004523786319893	0.0011466826972935	1.3148812082722973e-06	2.0464642668051056e-05	-0.0099062831946825	-0.00300487592888	9.813444673324892e-05	9.02927934796304e-06	0.0	0.0	0.0	0.0	0.0	0.0	0.0	0.0	0.0	0.0	0.0	0.0	1.0	0.0
883.5012021326363	-0.165352321746127	0.0273413903068347	780574.3741698135	913.1159238443746	-0.0342573190665689	833780.6903781657	0.0011735639096287	814.6228042308587	-0.001194621552031	663610.313172948	1.4271206525771806e-06	817.6927881419101	683.0118039351244	1.396868	24.25848	0.4254238086736032	0.2665239503198133	-0.1540779001	-0.1207502875	0.1721655673	-0.0350172664	-0.1963069566	0.1051397959	-0.0861554238	0.0510975161	-0.1094378175	0.0400930758	0.2040566771	-0.0077034103	0.0682043065	-0.0853136104	0.1162310097	-0.0691040359	0.1486226844	-0.1074017859	-0.165570558	-0.0965422471	0.0812269184	-0.0140616339	-0.0574183855	0.0879696477	-0.0742170886	0.0233795258	-0.1002759868	0.0428696384	0.0606302881	0.1341881925	0.158833666	-0.0781281168	0.1853298483	-0.0398522822	0.0525340916	-0.0804596152	0.0570279662	-0.1482656237	-0.1875319823	-0.0485197943	0.001869026	0.1335708922	-0.0998122085	-0.1116840351	-0.029847795	0.039628656	-0.0370771246	0.0773315227	-0.1845912386	-0.1396939945	-0.0217193565	-0.1663903512	0.0220940673	-0.2082626387	-0.1372370305	0.2444047055	-0.1452114591	-0.1330865426	0.097572991	0.0461287888	-0.03763941	0.0393524103	-0.1816864931	0.0241362595	-0.0016357648	0.0338766167	-0.3095568889	-0.1207617758	0.05444581	0.0334477441	0.0792318246	-0.0769443168	-0.0831412516	-0.0976241115	0.1430055688	-0.1222481541	0.1024214758	-0.0717238087	-0.4470423908982326	-0.0766305051035943	0.1998468992600082	0.0058722343124319	0.0372072843998125	0.0314775143911134	0.0009908339122427	0.0013843820124085	0.120158357091384	0.0170496745987804	0.0144380307789005	0.0002906914039243	-0.0028903422616855	0.0010748761101108	8.354078389685251e-06	1.155358652087139e-06	0.0053150980740694	0.0007913117541763	6.261742922977306e-07	2.825026753697624e-05	-0.0140454176219975	-0.004139134427315	0.0001972737561763	1.7132433807384276e-05	0.0	0.0	0.0	0.0	0.0	0.0	0.0	0.0	0.0	0.0	0.0	0.0	0.0	0.0
878.7612650192316	-4.7399371134047215	22.467003839031484	772221.3608982002	901.4908054896764	-11.625118354698202	812685.6723824256	135.14337676074103	812.4961750945778	-2.12662913628094	660150.0345433188	4.522551483279016	814.6852530007051	659.9427704884456	1.249403	21.697559	0.1695875567800601	0.0991831092758139	-0.113177939	-0.1403256494	0.113017691	0.0404967147	-0.204662794	-0.076225605	0.0066324059	0.0596320708	0.0566260487	0.0687134986	0.1896893743	-0.1178239469	0.0344742349	0.0024675535	-0.1545797398	-0.0915599576	0.2345269976	0.0699260364	-0.0953117133	-0.0997447213	0.0879749687	0.0070918167	0.0488338785	0.0110643649	-0.0610509453	0.0542119345	0.0416748418	-0.0253577409	-0.1355583571	0.1531924359	-0.0441742918	-0.0805266484	0.1634906628	-0.1257038289	-0.0148403157	0.0603662482	0.1038373114	0.141665861	-0.2198696553	-0.1217101039	0.0108867012	0.0962774462	-0.1031454376	0.0221419396	-0.051703545	0.0200179497	0.0018907558	0.1082433892	-0.1189804385	-0.0311161671	-0.0701194163	-0.1424010682	-0.0134901879	-0.1962922142	-0.07832994	0.1128094563	-0.2404739261	-0.0634462892	0.0502907722	-0.1275264227	-0.1405141544	-0.0066983582	-0.0694515764	0.0247964939	0.0064684822	-0.0150679095	-0.1337948813	-0.0422019573	0.0500406051	-0.0646802951	0.0332391833	-0.0453820604	-0.0332459514	0.0871683924	0.036943052	-0.1232925447	0.1063942335	-0.0799246852	-0.4364694161009481	0.0105729747972845	0.1905055511915025	0.000111787796064	0.035707046882635	-0.0015002375171775	2.250712607946921e-06	0.0012749931970786	0.2066709213336821	0.086512564242298	0.042712869724913	0.0074844237717777	-0.0027698903633555	0.0001204518983299	7.672292625009663e-06	1.4508659811300644e-08	0.0058411845363308	0.0005260864622614	2.767669657747159e-07	3.411943678747007e-05	-0.0132719203781229	0.0007734972438745	0.0001761438705232	5.982979862816009e-07	0.0	0.0	0.0	0.0	0.0	0.0	0.0	0.0	0.0	0.0	0.0	0.0	0.0	0.0
880.2706609581326	1.5093959389009797	2.27827610037077	774876.4365436676	903.6247466941932	2.133941204516759	816537.6828381447	4.553705064334437	812.7695820235538	0.2734069289759873	660594.3934627423	0.0747513488120805	815.3544566074264	661.3973767647376	1.051246	18.256289	0.2495607520645572	0.1231612409951849	-0.1007952897	-0.1542385587	0.0576955167	0.0029036502	-0.0964364283	-0.0746128772	-0.0426703924	0.122685826	0.1807426912	0.1296013982	0.1683983411	-0.0953409419	-0.0284970493	-0.0643081399	-0.1732772708	0.0056077929	-0.0267707499	0.1163119879	-0.1458920907	-0.102685512	0.1162984652	0.0977121782	-0.0334939901	-0.0151364408	-0.0089441189	-0.061808097	0.0441446354	0.0251533867	-0.0473728855	-0.0247309487	0.0225976324	0.1479061959	0.1387455996	-0.1043877099	-0.1110412053	-0.0080099574	0.057233927	0.1522614937	0.0139753249	-0.1094653174	0.1570241876	0.1695293136	0.0321002875	-0.1066242364	-0.0367267783	0.148696475	0.0887932986	0.0074749406	-0.015122007	0.0582420646	0.0156864837	-0.11802751	-0.0278397027	-0.1855046903	-0.060274881	0.0711504684	-0.2113875934	0.0178579566	0.0076654866	-0.0611248253	0.0384314621	0.0792722317	-0.0064832997	0.0594269846	-0.1113329695	-0.0398226719	-0.0373255517	0.0606409877	0.0569279916	0.0373660974	0.0505940102	0.0457635307	-0.037717075	0.07764758	-0.1044377154	-0.1242524367	0.1100753719	-0.0876327994	-0.4204021057823723	0.0160673103185757	0.1767379305462529	0.0002581584608734	-0.0091246092861325	-0.0448316561687675	0.0020098773948345	8.325849462457545e-05	0.1818223681351582	-0.0248485531985238	0.0330593735542769	0.0006174505960598	-0.0012585435870888	0.0015113467762666	1.583931960602344e-06	2.2841690781317457e-06	0.0050394615609974	-0.0008017229753334	6.427597291774401e-07	2.539617282477035e-05	-0.0123087254821492	0.0009631948959737	0.0001515047229949	9.277444076297874e-07	0.0	0.0	0.0	0.0	0.0	0.0	0.0	0.0	0.0	0.0	0.0	0.0	0.0	0.0
883.2656094872245	2.994948529091971	8.969716691910161	780158.1369028382	907.1854975316433	3.5607508374500867	822985.5269317351	12.678946526401491	814.0098473971445	1.2402653735907734	662612.0316595226	1.5382581969282607	816.8896266277706	672.6223811809833	1.03859	18.036509	0.1895107164607522	0.1145319457718783	-0.0323528284	-0.1215591487	0.1248493097	0.0366521026	-0.1136634937	0.0147471552	-0.0231498772	0.0589591779	0.1418442448	0.0341824122	0.0936663949	-0.0759166995	0.0064958155	-0.0399787696	-0.0176645483	0.0562835832	-0.0651178427	0.0475288044	-0.0699261245	-0.1387017126	0.1107996061	0.1840686162	0.0755905119	-0.0958086754	0.0008854421	0.1302445361	-0.0387958891	-0.0916283841	0.007958286	-0.0314422467	-0.1762302773	-0.1370370531	0.0716165911	-0.0877997929	-0.0034532905	0.004741313	0.0383296334	0.0146767438	0.0983865475	-0.0950027338	0.0691161887	0.0911824924	-0.112360785	-0.1131394503	-0.0252985835	0.1419229539	-0.0669630979	0.1135811344	-0.0637065391	0.1858443794	-0.0564445578	-0.0561812824	-0.0335685237	-0.1426397729	-0.0294049244	0.133826082	-0.052409296	-0.0520147745	-0.0158753267	-0.0396105432	0.0012387846	0.0710532851	0.0592821529	0.018484057	-0.1202762111	0.0052738969	0.0504613287	0.0525122591	0.07737722	-0.0206193265	-0.0065592483	-0.1570221444	-0.0554202532	0.0863792597	-0.0837116577	-0.1251271724	0.1134548014	-0.0948006283	-0.4061645752662599	0.0142375305161124	0.1649696622012212	0.0002027072751972	-0.0200503307551684	-0.0109257214690359	0.0001193713896189	0.0004020157633916	0.1390040562866943	-0.0428183118484639	0.0193221276641544	0.0018334078295523	0.0003800109601823	0.0016385545472711	1.444083298586736e-07	2.6848610043828e-06	0.0045989048397134	-0.0004405567212839	1.940902246685076e-07	2.1149925724739337e-05	-0.0119572536981615	0.0003514717839877	0.0001429759160021	1.235324149394966e-07	0.0	0.0	0.0	0.0	0.0	0.0	0.0	0.0	0.0	0.0	0.0	0.0	0.0	0.0
882.1561060712181	-1.1095034160064188	1.2309978301299125	778199.3954787343	916.1253452301024	8.939847698459175	839285.6481729744	79.92087687164582	814.9840394669782	0.9741920698336344	664198.984585913	0.9490501889267408	817.5606086320967	671.3568665724534	1.055317	18.32699	0.167843975222181	0.0831415986222913	-0.0551747227	-0.1357457582	0.0724482446	-0.060163172	-0.0970353872	0.1181317696	-0.0002981588	0.1548175151	-0.0365245916	0.0544937355	0.0934594489	-0.0300780958	-0.0764374739	-0.1573393472	0.1055991972	-0.0833902524	-0.0776376817	-0.0020573528	-0.1650014736	-0.1445490741	0.0792529641	0.045160715	0.1292531867	0.0593449223	0.00693172	-0.1326515474	0.0192176063	-0.0417851909	0.0373414019	-0.1000804441	-0.0416173358	0.0334500571	0.0971666474	-0.0499165554	-0.1193129666	-0.0072926446	0.0466961291	-0.2051943882	-0.0017784371	-0.0591611256	0.0840671316	0.1546274252	-0.0566105068	-0.0663148776	-0.1478331266	0.0119721031	0.0333715204	-0.0637442429	0.0785253714	0.1005371682	0.0216852647	-0.0748621141	-0.0581811096	-0.1489107428	-0.0161039921	0.1193408817	0.0106721254	-0.0531290641	0.0440120925	-0.0387499453	0.0034028121	0.0780355433	0.0518884392	-0.1024879099	-0.107564171	-0.0069965271	0.0989749464	0.0347334455	0.0323339799	-0.0102624489	-0.0372002572	-0.0461669536	-0.0110518988	-0.0834097256	-0.0689554088	-0.1259161521	0.1165232592	-0.1013839798	-0.4135964986399472	-0.0074319233736873	0.1710620636872238	5.5233485032359774e-05	0.020497004796482	0.0405473355516504	0.0016440864203381	0.000420127205627	0.1801586115766156	0.0411545552899213	0.0324571253252138	0.0016936974211111	-4.608307865694005e-05	-0.0004260940388392	2.1236501385017236e-09	1.8155612993433585e-07	0.0049249311719361	0.0003260263322226	1.0629316930258632e-07	2.425494704830789e-05	-0.011135170849085	0.0008220828490765	0.0001239920298383	6.758202107457356e-07	0.0	0.0	0.0	0.0	0.0	0.0	0.0	0.0	0.0	0.0	0.0	0.0	0.0	0.0
877.6747828313529	-4.481323239865219	20.082257980156104	770313.0244180625	904.2240655577028	-11.901279672399596	817621.1607337008	141.64045784067184	812.4542235259208	-2.529815941057336	660081.8653251069	6.399968695627815	815.1125577677076	664.9977939348954	1.242041	21.569708	0.199445202530718	0.1052243644072644	-0.0053917592	-0.1410163078	0.0109394458	0.0162773904	-0.0081355131	-0.0725677845	0.0554744269	0.0444814409	-0.0803303872	0.0650891825	0.0340607068	-0.1158001076	0.0260176853	-0.0453814454	-0.0017848554	-0.1393816821	0.1784397608	-0.0904674814	0.0793342531	0.0098603384	0.186418913	-0.0593838574	0.0512198187	-0.0294220767	-0.0348737708	0.1746037192	-0.1643418318	-0.0786256696	0.0375522361	0.0272897703	-0.0585616913	0.0362214574	0.022378392	-0.0927999614	0.0078967753	-0.0251059553	0.0236439229	-0.0710693299	-0.2519303888	0.0416033682	-0.0468649136	0.0683517434	0.0290965619	0.0876920516	0.0062492655	0.0133776319	-0.1329945091	0.1437245411	0.0343008055	0.1118226565	-0.18549496	-0.0281218055	-0.0476760135	-0.1110780502	-0.0075022383	0.0362280794	-0.0481458009	-0.0494304956	-0.0409483249	0.0614838941	-0.1386733229	0.1387079591	0.0095451499	-0.1511339767	0.0931102152	0.0499644395	0.1645553564	0.0678935502	-0.0785119321	-0.0263378111	-0.0845178412	-0.0002853505	-0.0401329961	-0.0508905281	-0.1084918064	-0.1266188352	0.1192723348	-0.1073422654	-0.3985277055000438	0.0150687931399033	0.1588243320511296	0.0002270685266931	-0.0364258884896742	-0.0569228932861562	0.0032402157800671	0.0013268453522621	0.1578624379844342	-0.0222961735921814	0.0249205493263893	0.0004971193568526	0.0011688020200546	0.0012148850987115	1.3660981620837134e-06	1.4759458030713485e-06	0.0053764323111413	0.0004515011392051	2.038532787035929e-07	2.8906024396284174e-05	-0.0106984102367522	0.0004367606123328	0.0001144559815938	1.9075983248532274e-07	0.0	0.0	0.0	0.0	0.0	0.0	0.0	0.0	0.0	0.0	0.0	0.0	0.0	0.0
875.0005895662154	-2.6741932651375464	7.151309619307011	765626.0317412245	890.3186252148121	-13.905440342890756	792667.254404393	193.3612711296938	811.6090606315332	-0.845162894387613	658709.2672991998	0.7143003180496476	813.7915060275069	636.6612661251655	1.124217	19.523537	0.1238518274232342	0.0701883991007158	-0.0421969021	-0.1569225994	-0.0403580511	0.0792872528	-0.0360538422	-0.2919056538	0.0634419273	0.0679309052	0.0824087657	0.1268282837	0.1094385714	-0.0951553539	-0.0084693432	-0.0297922161	-0.2090775749	-0.0909363435	0.1028277381	0.0176858646	-0.0088082457	0.0743865129	-0.025400271	-0.0664526379	0.0603081639	0.065250761	0.0368529102	-0.0049560125	0.0458798353	0.0304503977	0.0531370005	0.123570968	0.0280509144	-0.0878455375	0.0987517238	-0.104215267	-0.0760606282	0.0744178294	0.1011825692	0.1626148819	-0.1986795403	0.0202274468	0.0292077097	-0.0783209157	-0.0653182894	0.0693230316	-0.1008345454	-0.0276162377	-0.0175815352	-0.039684098	0.0061734089	-0.1014208579	-0.0951996528	-0.0576615529	-0.0406107273	-0.1414320597	-0.006919425	0.0276837438	-0.1130406654	-0.0439188182	-0.105718858	-0.0478408881	-0.0608164663	0.0412539072	0.1253054112	0.0135180809	0.1104647305	0.1182190898	0.2013920056	0.1422582401	-0.0929941719	-0.0594087618	0.0138416833	-0.0390395753	-0.0427879899	0.0309709483	-0.0312972848	-0.1272347401	0.1216944932	-0.1126387502	-0.4449059551593564	-0.0463782496593125	0.1979413089362592	0.0021509420414615	-0.0488430038031566	-0.0124171153134824	0.0001541847527083	0.0023856390205151	0.1792933441279984	0.0214309061435642	0.0321461032486008	0.0004592837381342	0.0007849233486187	-0.0003838786714359	6.161046632067932e-07	1.4736283438339165e-07	0.0053548126833526	-2.16196277887e-05	4.674083057219291e-10	2.867401887379387e-05	-0.0111654230636651	-0.0004670128269129	0.0001246666721906	2.1810098050117858e-07	0.0	0.0	0.0	0.0	0.0	0.0	0.0	0.0	0.0	0.0	0.0	0.0	0.0	0.0
876.8407798416025	1.8401902753871584	3.386300249629465	768849.7531932297	901.2186437829748	10.90001856816275	812195.0439020245	118.81040478629272	810.6973369217587	-0.911723709774492	657230.1720920316	0.831240122964962	813.5568456560652	641.7377091554495	1.442744	25.055183	0.7033055496382375	0.3481183696603018	-0.12298748	-0.0685200388	-0.2307553924	-0.1251925281	0.0818596497	-0.1609296772	-0.0585588369	0.0803105228	-0.0381278524	0.1476209474	0.075727311	0.0733568084	-0.0928703242	0.1997750557	-0.0824191747	-0.0042759032	0.0284527249	-0.1750900216	0.0472847655	0.1661679276	-0.0795274989	0.0153031262	-0.1764716628	-0.0385030778	-0.0166674032	-0.0797219644	-0.1135634893	-0.008090797	-0.085890233	-0.0829945365	-0.0146379935	-0.0519282625	0.0893345473	0.0768523782	-0.0283491828	0.0845828428	-0.1517937673	0.0646329954	-0.0575768488	0.2071579884	0.0523256253	-0.0233149625	0.2349090594	-0.0402472403	0.1378547005	-0.0625978422	-0.0068476919	-0.0632750104	0.0882387577	0.0819301393	-0.0567124403	-0.1174511847	-0.1301808023	0.1140047486	-0.1044566692	-0.0654363615	0.0768629025	0.1077566114	-0.0135944247	0.0418334362	0.1188347144	-0.1317714758	-0.0154162239	0.0878522572	0.0132088402	-0.0388222047	0.1805697911	0.0647646678	-0.0532845281	-0.1241837057	0.1285578846	0.0237122443	0.1193727283	-0.0947160206	-0.1115772186	-0.1277634447	0.1237830955	-0.1172407796	-0.3203601819059827	0.1245457732533736	0.1026306461508343	0.0155116496352807	-0.0629569818948141	-0.0141139780916575	0.0001992043775717	0.0039635815693039	-0.0070573189014879	-0.1863506630294863	4.980575007729838e-05	0.0347265696115291	-0.0024438810599153	-0.003228804408534	5.972554635012729e-06	1.0425177908568592e-05	0.0058130230261754	0.0004582103428228	2.099567182697881e-07	3.37912367028454e-05	-0.0072865351097475	0.0038788879539175	5.309359390558302e-05	1.5045771759047064e-05	0.0	0.0	0.0	0.0	0.0	0.0	0.0	0.0	0.0	0.0	0.0	0.0	0.0	1.0
879.2710644958214	2.4302846542188945	5.906283500531852	773117.604859615	904.8337890823166	3.615145299341748	818724.1858650622	13.069275535352736	812.5333234850455	1.835986563286724	660210.4017736536	3.370846660569396	814.6200997718026	647.9113270906302	1.266141	21.988232	0.2608395768943947	0.1551627733080005	-0.1179100209	0.1029295615	-0.3373616783	-0.2342752242	0.1079476768	-0.0951751713	0.0462075479	-0.0788865693	-0.1287061837	-0.1254317494	-0.0077616869	0.2736012943	-0.0898771546	0.2135397848	0.0314872799	0.0621951314	-0.0267690362	-0.2277079128	0.0359136236	0.1724349314	-0.061447758	0.1314374782	0.0142709366	-0.1320815686	-0.0555191638	0.0250852503	0.0196677784	0.0544809732	0.042146669	0.0368121401	-0.0581807186	-0.1100477054	0.0294711963	0.2868029025	0.0413215621	0.1075605248	-0.2182319056	-0.012527208	-0.0093281425	0.2515695462	-0.0883266507	-0.146075809	-0.0219278832	-0.1100041641	0.1376386611	0.0438558492	0.0526856587	0.0642056441	0.0051746866	0.0256161276	-0.0597121909	-0.0859240352	-0.1136697329	0.2704968577	-0.2024276258	-0.1042920087	0.117855127	0.0604061682	0.0187170945	-0.0094877523	0.1373555866	-0.0580687647	-0.1367750203	0.0893948691	0.1142483992	0.0220186066	0.0274227965	0.0496360696	0.0001607217	-0.1257743659	0.0263497643	-0.0171817415	0.0501323545	-0.1058386848	0.1243308099	-0.1282045865	0.1255324169	-0.1211199807	-0.2788733866508721	0.0414867952551106	0.0777703657821268	0.0017211541805394	-0.0567209652129889	0.0062360166818252	3.888790405600224e-05	0.003217267894693	-0.1290352848069318	-0.1219779659054439	0.016650104725206	0.0148786241664296	-0.001735291763363	0.0007085892965523	3.01123750399547e-06	5.020987911884833e-07	0.0062638606893552	0.0004508376631798	2.0325459854142285e-07	3.92359507356494e-05	-0.0066231860884393	0.0006633490213082	4.386659396209587e-05	4.400319240705475e-07	0.0	0.0	0.0	0.0	0.0	0.0	0.0	0.0	0.0	0.0	0.0	0.0	0.0	0.0
881.1268387212666	1.8557742254452023	3.4438979758267405	776384.5059149329	908.8993422272918	4.065553144975183	826098.0143012037	16.528722374617605	812.3660522033371	-0.1672712817083947	659938.6027724349	0.0279796816843691	814.6697211042742	661.2529688725105	1.076171	18.68914	0.1722097035260746	0.0843080537763103	-0.0898938733	0.027095047	-0.2456588875	-0.1193500417	0.0122101509	-0.0387677519	0.0088641902	0.0203188351	-0.0666314643	-0.1557276022	0.0363703505	0.1075099914	-0.0334584069	0.1908468604	0.0130838971	0.0516950022	-0.0149957801	-0.1305201086	0.1390184365	0.1650430161	-0.0178802869	0.1124280979	-0.0119842895	-0.0367136274	0.1775115685	0.1008490494	0.1657947909	0.0272957553	-0.012919147	-0.0816917083	0.0825605908	0.1220014337	0.0604325024	0.1119328666	0.0555965632	0.0923091024	-0.1355478391	0.045669141	0.0564747465	0.2059788586	-0.1527996319	-0.1345493773	0.0438686631	-0.1059764921	0.0057145123	0.0100953349	-0.0677494228	-0.1759107165	-0.1170603612	0.0588215557	0.1151384744	-0.0774217947	-0.1308922333	0.1656819552	-0.1371535029	-0.1178056817	0.1361725669	0.0826599489	0.0259773716	-0.0164297906	0.0682646353	-0.1065340844	-0.0615720752	0.02583718	0.073351823	-0.0268721111	0.057418404	-0.0870644345	-0.0036281515	0.0435467823	0.0192271569	0.0803278902	0.0709161784	-0.0494364991	0.0980014184	-0.1285578634	0.1269376627	-0.1242524367	-0.283463295805717	-0.0045899091548449	0.0803514400690394	2.1067266049729187e-05	-0.0025941680700185	0.0541267971429704	0.0029297101689562	6.729707975503509e-06	-0.0713346055711525	0.0577006792357793	0.0050886259519919	0.0033293683842702	-0.0014230626291021	0.0003122291342608	2.025107246346981e-06	9.748703228131109e-08	0.0061473233007076	-0.0001165373886476	1.3580962952801793e-08	3.778958376342258e-05	-0.0073102659253804	-0.000687079836941	5.343998789977775e-05	4.7207870233100854e-07	0.0	0.0	0.0	0.0	0.0	0.0	0.0	0.0	0.0	0.0	0.0	0.0	0.0	0.0
882.4682137968451	1.341375075578526	1.799287093383296	778750.1483617944	910.518195907791	1.6188536804992282	829043.3850791785	2.620687238865897	813.5549734352767	1.1889212319396163	661871.6948012738	1.4135336957568154	815.9216238182282	670.7073945485629	1.084622	18.835903	0.2806636167474609	0.1339534357818846	-0.0322996002	-0.0082494514	-0.1478582527	-0.0574876258	0.0178839752	0.0369185216	-0.059969339	0.0680937132	-0.0741145158	-0.0779702704	0.0194741056	0.0125892246	-0.1391631333	-0.048906371	0.0245942439	0.0172821446	0.0834882227	-0.1195650565	0.0748841507	0.1239925941	-0.1278408356	0.1012112148	0.0303524498	0.1570442863	0.0892201648	-0.0381460448	0.0232390271	0.0518394525	-0.0554999791	-0.2090430107	-0.0079913946	0.0996615277	0.030648425	0.0097938828	-0.1284384436	-0.0294740208	-0.1059089949	-0.0196960994	-0.0327988939	0.0748980216	-0.0803918716	-0.073833814	0.0558294557	-0.136182903	0.0338665135	-0.1052642318	0.032784317	-0.1627259373	-0.0277146554	0.1155100548	0.1790391563	-0.0369110662	-0.1175389187	0.0584260382	-0.0757345921	-0.1922554035	0.0763949111	0.1074440675	0.0116698043	-0.0916553611	0.0300114003	0.0443214334	0.0253409738	-0.0177262332	0.0690838751	0.0488079356	0.0644589941	-0.0514643455	0.0285016245	0.1524136908	-0.210279696	0.0601313993	-0.0323088134	0.0780581987	0.1423533729	-0.1288230331	0.1279949812	-0.1266188352	-0.3107528685959835	-0.0272895727902665	0.0965673453406325	0.0007447207830752	0.0101665893147924	0.0127607573848109	0.000162836929034	0.0001033595382956	0.039830293246041	0.1111648988171934	0.0015864522600656	0.0123576347290368	0.0003319492526652	0.0017550118817673	1.101903063449848e-07	3.080066705144399e-06	0.0061342890586173	-1.3034242090300373e-05	1.6989146686855784e-10	3.762950225467192e-05	-0.0081311875566266	-0.0008209216312462	6.611621108103926e-05	6.739123246479233e-07	0.0	0.0	0.0	0.0	0.0	0.0	0.0	0.0	0.0	0.0	0.0	0.0	0.0	0.0
881.4431128506069	-1.02510094623824	1.0508319499785348	776941.9611917677	907.8587673732212	-2.65942853456977	824207.5414964246	7.072560130483914	814.359732018252	0.8047585829752961	663181.7731328391	0.6476363768724066	816.8527880160608	672.1558910076435	1.083029	18.808241	0.1709600601205652	0.0806671351249281	-0.0442269883	-0.0771347245	-0.1133190594	-0.0562952425	0.0334863282	-0.0231687468	-0.1223343654	-0.0247214889	-0.0941400213	-0.0119947086	0.0708135039	0.0087371405	-0.1266884596	-0.1081256576	0.0964335841	0.018191617	0.0918293794	0.006107734	-0.0378358776	0.2439619204	-0.0118782879	-0.0054453689	-0.0338141443	-0.1172063982	-0.0645167341	-0.2034987652	0.1099557978	-0.0387513268	0.1277765995	0.0468682818	0.1203480559	0.0940476678	0.0702175061	-0.0133747555	-0.1049956603	-0.1029151475	-0.1451895972	-0.0828879182	-0.0931899616	0.0104029314	0.0473334743	-0.1993028567	0.0123566275	-0.0183396966	0.0523009513	-0.0258642884	-0.1472965119	-0.0265576188	0.206763057	-0.1736808884	0.1112938482	-0.0600485228	-0.1189121556	0.0095187814	-0.0770875468	-0.158126773	0.0793732882	0.0953755094	-0.0542905394	0.1326040663	-0.0679484409	0.0430907195	0.0517919281	-0.0507258672	0.0184405493	0.1300607842	0.0236891783	-0.0009560948	0.0073376137	0.1411400758	-0.1057824479	-0.015064873	0.1534713155	0.0380392191	0.1385812287	-0.1289999139	0.1287014744	-0.1282045865	-0.3356024381823062	-0.0248495695863226	0.1126289965139086	0.0006175011086254	0.0217489865533906	0.0115823972385981	0.0001341519257926	0.0004730184160995	0.0745318292203904	0.0347015359743493	0.0055549935669374	0.001204196598979	-0.0001260491088468	-0.000457998361512	1.5888377841072433e-08	2.0976249914767665e-07	0.0071747401861372	0.0010404511275199	1.082538548757432e-06	5.147689673857206e-05	-0.0086292692140206	-0.0004980816573939	7.446428716804371e-05	2.480853374323536e-07	0.0	0.0	0.0	0.0	0.0	0.0	0.0	0.0	0.0	0.0	0.0	0.0	0.0	0.0
879.1652378260865	-2.2778750245204265	5.188714627333933	772931.5154017992	901.7188124470896	-6.139954926131622	813096.8167209895	37.69904649492798	812.7128558852	-1.6468761330519328	660502.186121078	2.712200997616088	815.4423912797018	652.4522473298587	1.11396	19.345406	0.3130096005587408	0.1556134479225679	-0.0233475325	-0.1185802083	-0.0700594103	0.0865989142	-0.095973337	-0.0949944579	0.0001927737	-0.0215907691	-0.0408176865	-0.0181106672	0.0697052304	-0.0458798537	0.065445151	0.0872830777	-0.0158716137	-0.1378970091	-0.0151887178	0.0645119487	-0.0491386774	0.1055433916	0.0919696839	-0.0280235506	0.0380824007	-0.0187879268	0.1036118527	-0.0761151441	-0.1295349659	-0.008598704	-0.0182972843	-0.0020459448	-0.0774278314	0.070493193	0.0555315401	-0.0875577274	0.1097864214	0.0405139362	0.0048375727	-0.0423477767	-0.0763951766	0.053284629	0.1453254377	-0.0871383309	0.0624984467	-0.0037882829	-0.1073461199	0.0264446166	-0.0829840059	-0.0982172199	0.1700375752	0.0022599945	-0.0767916574	-0.0421682757	-0.0673716969	-0.0552474222	-0.047783516	-0.0042720646	0.0951417698	-0.0306440985	-0.0819071958	0.1182298151	-0.1156139865	0.0354982719	0.0371866098	-0.0210107029	0.0588617109	0.0897453054	0.1601807148	0.1235215678	0.0606951818	0.2495516892	-0.0582812308	0.0823508039	-0.0927327638	-0.0044245442	0.007086491	-0.1290883846	0.1290552057	-0.1289999139	-0.3805105992372972	-0.044908161054991	0.144788316131927	0.002016742929341	-0.0180444440823777	-0.0397934306357683	0.0015835171217637	0.000325601962242	0.1220210501657419	0.0474892209453515	0.0148891366835505	0.0022552261059964	0.0011339174196837	0.0012599665285305	1.2857687146621403e-06	1.5875156530171996e-06	0.0067762394897277	-0.0003985006964094	1.5880280503885642e-07	4.591742162214512e-05	-0.0105871777475332	-0.0019579085335126	0.0001120883326578	3.833405825601459e-06	0.0	0.0	0.0	0.0	0.0	0.0	0.0	0.0	0.0	0.0	0.0	0.0	0.0	0.0
