
Sun Mar 15 11:15:01 CET 2026
cd /out/sourcedata/freesurfer/sub-v2s10x29005_ses-1
setenv SUBJECTS_DIR /out/sourcedata/freesurfer
/opt/freesurfer/bin/recon-all -autorecon1 -i /work/fmriprep_25_2_wf/sub_v2s10x29005_ses_1_wf/anat_fit_wf/anat_validate/sub-v2s10x29005_ses-1_run-1_T1w_noise_corrected_ras_valid.nii.gz -noskullstrip -noT2pial -noFLAIRpial -openmp 16 -subjid sub-v2s10x29005_ses-1 -sd /out/sourcedata/freesurfer

subjid sub-v2s10x29005_ses-1
setenv SUBJECTS_DIR /out/sourcedata/freesurfer
FREESURFER_HOME /opt/freesurfer
Actual FREESURFER_HOME /opt/freesurfer
build-stamp.txt: freesurfer-linux-ubuntu22_x86_64-7.3.2-20220804-6354275
Linux dna075 5.14.0-427.37.1.el9_4.x86_64 #1 SMP PREEMPT_DYNAMIC Fri Sep 13 12:41:50 EDT 2024 x86_64 x86_64 x86_64 GNU/Linux
cputime      unlimited
filesize     unlimited
datasize     unlimited
stacksize    8192 kbytes
coredumpsize 0 kbytes
memoryuse    67108864 kbytes
vmemoryuse   unlimited
descriptors  1024 
memorylocked unlimited
maxproc      2061970 
maxlocks     unlimited
maxsignal    2062029 
maxmessage   819200 
maxnice      0 
maxrtprio    0 
maxrttime    unlimited

               total        used        free      shared  buff/cache   available
Mem:           503Gi        54Gi       398Gi        10Gi        50Gi       436Gi
Swap:             0B          0B          0B

########################################
program versions used
7.3.2 (freesurfer-linux-ubuntu22_x86_64-7.3.2-20220804-6354275)
7.3.2

ProgramName: lta_convert  ProgramArguments: lta_convert -all-info  ProgramVersion: 7.3.2  TimeStamp: 2026/03/15-10:15:01-GMT  BuildTime: Aug  4 2022 06:17:15  BuildStamp: freesurfer-linux-ubuntu22_x86_64-7.3.2-20220804-6354275  User: oesteban  Machine: dna075  Platform: Linux  PlatformVersion: 5.14.0-427.37.1.el9_4.x86_64  CompilerName: GCC  CompilerVersion: 8.4.0
ProgramName: mri_and  ProgramArguments: mri_and -all-info  ProgramVersion: 7.3.2  TimeStamp: 2026/03/15-10:15:01-GMT  BuildTime: Aug  4 2022 06:17:15  BuildStamp: freesurfer-linux-ubuntu22_x86_64-7.3.2-20220804-6354275  User: oesteban  Machine: dna075  Platform: Linux  PlatformVersion: 5.14.0-427.37.1.el9_4.x86_64  CompilerName: GCC  CompilerVersion: 8.4.0
ProgramName: mri_annotation2label  ProgramArguments: mri_annotation2label -all-info  ProgramVersion: 7.3.2  TimeStamp: 2026/03/15-10:15:01-GMT  BuildTime: Aug  4 2022 06:17:15  BuildStamp: freesurfer-linux-ubuntu22_x86_64-7.3.2-20220804-6354275  User: oesteban  Machine: dna075  Platform: Linux  PlatformVersion: 5.14.0-427.37.1.el9_4.x86_64  CompilerName: GCC  CompilerVersion: 8.4.0
ProgramName: mri_aparc2aseg  ProgramArguments: mri_aparc2aseg -all-info  ProgramVersion: 7.3.2  TimeStamp: 2026/03/15-10:15:01-GMT  BuildTime: Aug  4 2022 06:17:15  BuildStamp: freesurfer-linux-ubuntu22_x86_64-7.3.2-20220804-6354275  User: oesteban  Machine: dna075  Platform: Linux  PlatformVersion: 5.14.0-427.37.1.el9_4.x86_64  CompilerName: GCC  CompilerVersion: 8.4.0
ProgramName: mri_surf2volseg  ProgramArguments: mri_surf2volseg -all-info  ProgramVersion: 7.3.2  TimeStamp: 2026/03/15-10:15:01-GMT  BuildTime: Aug  4 2022 06:17:15  BuildStamp: freesurfer-linux-ubuntu22_x86_64-7.3.2-20220804-6354275  User: oesteban  Machine: dna075  Platform: Linux  PlatformVersion: 5.14.0-427.37.1.el9_4.x86_64  CompilerName: GCC  CompilerVersion: 8.4.0
ProgramName: mri_binarize  ProgramArguments: mri_binarize -all-info  ProgramVersion: 7.3.2  TimeStamp: 2026/03/15-10:15:01-GMT  BuildTime: Aug  4 2022 06:17:15  BuildStamp: freesurfer-linux-ubuntu22_x86_64-7.3.2-20220804-6354275  User: oesteban  Machine: dna075  Platform: Linux  PlatformVersion: 5.14.0-427.37.1.el9_4.x86_64  CompilerName: GCC  CompilerVersion: 8.4.0
ProgramName: mri_ca_label  ProgramArguments: mri_ca_label -all-info  ProgramVersion: 7.3.2  TimeStamp: 2026/03/15-10:15:01-GMT  BuildTime: Aug  4 2022 06:17:15  BuildStamp: freesurfer-linux-ubuntu22_x86_64-7.3.2-20220804-6354275  User: oesteban  Machine: dna075  Platform: Linux  PlatformVersion: 5.14.0-427.37.1.el9_4.x86_64  CompilerName: GCC  CompilerVersion: 8.4.0
ProgramName: mri_ca_normalize  ProgramArguments: mri_ca_normalize -all-info  ProgramVersion: 7.3.2  TimeStamp: 2026/03/15-10:15:01-GMT  BuildTime: Aug  4 2022 06:17:15  BuildStamp: freesurfer-linux-ubuntu22_x86_64-7.3.2-20220804-6354275  User: oesteban  Machine: dna075  Platform: Linux  PlatformVersion: 5.14.0-427.37.1.el9_4.x86_64  CompilerName: GCC  CompilerVersion: 8.4.0
ProgramName: mri_ca_register  ProgramArguments: mri_ca_register -all-info  ProgramVersion: 7.3.2  TimeStamp: 2026/03/15-10:15:02-GMT  BuildTime: Aug  4 2022 06:17:15  BuildStamp: freesurfer-linux-ubuntu22_x86_64-7.3.2-20220804-6354275  User: oesteban  Machine: dna075  Platform: Linux  PlatformVersion: 5.14.0-427.37.1.el9_4.x86_64  CompilerName: GCC  CompilerVersion: 8.4.0
ProgramName: mri_cc  ProgramArguments: mri_cc -all-info  ProgramVersion: 7.3.2  TimeStamp: 2026/03/15-10:15:02-GMT  BuildTime: Aug  4 2022 06:17:15  BuildStamp: freesurfer-linux-ubuntu22_x86_64-7.3.2-20220804-6354275  User: oesteban  Machine: dna075  Platform: Linux  PlatformVersion: 5.14.0-427.37.1.el9_4.x86_64  CompilerName: GCC  CompilerVersion: 8.4.0
ProgramName: mri_compute_overlap  ProgramArguments: mri_compute_overlap -all-info  ProgramVersion: 7.3.2  TimeStamp: 2026/03/15-10:15:02-GMT  BuildTime: Aug  4 2022 06:17:15  BuildStamp: freesurfer-linux-ubuntu22_x86_64-7.3.2-20220804-6354275  User: oesteban  Machine: dna075  Platform: Linux  PlatformVersion: 5.14.0-427.37.1.el9_4.x86_64  CompilerName: GCC  CompilerVersion: 8.4.0
ProgramName: mri_compute_seg_overlap  ProgramArguments: mri_compute_seg_overlap -all-info  ProgramVersion: 7.3.2  TimeStamp: 2026/03/15-10:15:02-GMT  BuildTime: Aug  4 2022 06:17:15  BuildStamp: freesurfer-linux-ubuntu22_x86_64-7.3.2-20220804-6354275  User: oesteban  Machine: dna075  Platform: Linux  PlatformVersion: 5.14.0-427.37.1.el9_4.x86_64  CompilerName: GCC  CompilerVersion: 8.4.0
ProgramName: mri_concat  ProgramArguments: mri_concat -all-info  ProgramVersion: 7.3.2  TimeStamp: 2026/03/15-10:15:02-GMT  BuildTime: Aug  4 2022 06:17:15  BuildStamp: freesurfer-linux-ubuntu22_x86_64-7.3.2-20220804-6354275  User: oesteban  Machine: dna075  Platform: Linux  PlatformVersion: 5.14.0-427.37.1.el9_4.x86_64  CompilerName: GCC  CompilerVersion: 8.4.0
ProgramName: mri_concatenate_lta  ProgramArguments: mri_concatenate_lta -all-info  ProgramVersion: 7.3.2  TimeStamp: 2026/03/15-10:15:02-GMT  BuildTime: Aug  4 2022 06:17:15  BuildStamp: freesurfer-linux-ubuntu22_x86_64-7.3.2-20220804-6354275  User: oesteban  Machine: dna075  Platform: Linux  PlatformVersion: 5.14.0-427.37.1.el9_4.x86_64  CompilerName: GCC  CompilerVersion: 8.4.0
mri_convert -all-info 
ProgramName: mri_convert  ProgramArguments: mri_convert -all-info  ProgramVersion: 7.3.2  TimeStamp: 2026/03/15-10:15:02-GMT  BuildTime: Aug  4 2022 06:17:15  BuildStamp: freesurfer-linux-ubuntu22_x86_64-7.3.2-20220804-6354275  User: oesteban  Machine: dna075  Platform: Linux  PlatformVersion: 5.14.0-427.37.1.el9_4.x86_64  CompilerName: GCC  CompilerVersion: 8.4.0
ProgramName: mri_diff  ProgramArguments: mri_diff -all-info  ProgramVersion: 7.3.2  TimeStamp: 2026/03/15-10:15:02-GMT  BuildTime: Aug  4 2022 06:17:15  BuildStamp: freesurfer-linux-ubuntu22_x86_64-7.3.2-20220804-6354275  User: oesteban  Machine: dna075  Platform: Linux  PlatformVersion: 5.14.0-427.37.1.el9_4.x86_64  CompilerName: GCC  CompilerVersion: 8.4.0
ProgramName: mri_edit_wm_with_aseg  ProgramArguments: mri_edit_wm_with_aseg -all-info  ProgramVersion: 7.3.2  TimeStamp: 2026/03/15-10:15:02-GMT  BuildTime: Aug  4 2022 06:17:15  BuildStamp: freesurfer-linux-ubuntu22_x86_64-7.3.2-20220804-6354275  User: oesteban  Machine: dna075  Platform: Linux  PlatformVersion: 5.14.0-427.37.1.el9_4.x86_64  CompilerName: GCC  CompilerVersion: 8.4.0
ProgramName: mri_em_register  ProgramArguments: mri_em_register -all-info  ProgramVersion: 7.3.2  TimeStamp: 2026/03/15-10:15:02-GMT  BuildTime: Aug  4 2022 06:17:15  BuildStamp: freesurfer-linux-ubuntu22_x86_64-7.3.2-20220804-6354275  User: oesteban  Machine: dna075  Platform: Linux  PlatformVersion: 5.14.0-427.37.1.el9_4.x86_64  CompilerName: GCC  CompilerVersion: 8.4.0
ProgramName: mri_fill  ProgramArguments: mri_fill -all-info  ProgramVersion: 7.3.2  TimeStamp: 2026/03/15-10:15:02-GMT  BuildTime: Aug  4 2022 06:17:15  BuildStamp: freesurfer-linux-ubuntu22_x86_64-7.3.2-20220804-6354275  User: oesteban  Machine: dna075  Platform: Linux  PlatformVersion: 5.14.0-427.37.1.el9_4.x86_64  CompilerName: GCC  CompilerVersion: 8.4.0
ProgramName: mri_fuse_segmentations  ProgramArguments: mri_fuse_segmentations -all-info  ProgramVersion: 7.3.2  TimeStamp: 2026/03/15-10:15:02-GMT  BuildTime: Aug  4 2022 06:17:15  BuildStamp: freesurfer-linux-ubuntu22_x86_64-7.3.2-20220804-6354275  User: oesteban  Machine: dna075  Platform: Linux  PlatformVersion: 5.14.0-427.37.1.el9_4.x86_64  CompilerName: GCC  CompilerVersion: 8.4.0
ProgramName: mri_fwhm  ProgramArguments: mri_fwhm -all-info  ProgramVersion: 7.3.2  TimeStamp: 2026/03/15-10:15:02-GMT  BuildTime: Aug  4 2022 06:17:15  BuildStamp: freesurfer-linux-ubuntu22_x86_64-7.3.2-20220804-6354275  User: oesteban  Machine: dna075  Platform: Linux  PlatformVersion: 5.14.0-427.37.1.el9_4.x86_64  CompilerName: GCC  CompilerVersion: 8.4.0
ProgramName: mri_gcut  ProgramArguments: mri_gcut -all-info  ProgramVersion: 7.3.2  TimeStamp: 2026/03/15-10:15:02-GMT  BuildTime: Aug  4 2022 06:17:15  BuildStamp: freesurfer-linux-ubuntu22_x86_64-7.3.2-20220804-6354275  User: oesteban  Machine: dna075  Platform: Linux  PlatformVersion: 5.14.0-427.37.1.el9_4.x86_64  CompilerName: GCC  CompilerVersion: 8.4.0
ProgramName: mri_info  ProgramArguments: mri_info -all-info  ProgramVersion: 7.3.2  TimeStamp: 2026/03/15-10:15:02-GMT  BuildTime: Aug  4 2022 06:17:15  BuildStamp: freesurfer-linux-ubuntu22_x86_64-7.3.2-20220804-6354275  User: oesteban  Machine: dna075  Platform: Linux  PlatformVersion: 5.14.0-427.37.1.el9_4.x86_64  CompilerName: GCC  CompilerVersion: 8.4.0
ProgramName: mri_label2label  ProgramArguments: mri_label2label -all-info  ProgramVersion: 7.3.2  TimeStamp: 2026/03/15-10:15:02-GMT  BuildTime: Aug  4 2022 06:17:15  BuildStamp: freesurfer-linux-ubuntu22_x86_64-7.3.2-20220804-6354275  User: oesteban  Machine: dna075  Platform: Linux  PlatformVersion: 5.14.0-427.37.1.el9_4.x86_64  CompilerName: GCC  CompilerVersion: 8.4.0
ProgramName: mri_label2vol  ProgramArguments: mri_label2vol -all-info  ProgramVersion: 7.3.2  TimeStamp: 2026/03/15-10:15:02-GMT  BuildTime: Aug  4 2022 06:17:15  BuildStamp: freesurfer-linux-ubuntu22_x86_64-7.3.2-20220804-6354275  User: oesteban  Machine: dna075  Platform: Linux  PlatformVersion: 5.14.0-427.37.1.el9_4.x86_64  CompilerName: GCC  CompilerVersion: 8.4.0
ProgramName: mri_log_likelihood  ProgramArguments: mri_log_likelihood -all-info  ProgramVersion: 7.3.2  TimeStamp: 2026/03/15-10:15:02-GMT  BuildTime: Aug  4 2022 06:17:15  BuildStamp: freesurfer-linux-ubuntu22_x86_64-7.3.2-20220804-6354275  User: oesteban  Machine: dna075  Platform: Linux  PlatformVersion: 5.14.0-427.37.1.el9_4.x86_64  CompilerName: GCC  CompilerVersion: 8.4.0
ProgramName: mri_mask  ProgramArguments: mri_mask -all-info  ProgramVersion: 7.3.2  TimeStamp: 2026/03/15-10:15:02-GMT  BuildTime: Aug  4 2022 06:17:15  BuildStamp: freesurfer-linux-ubuntu22_x86_64-7.3.2-20220804-6354275  User: oesteban  Machine: dna075  Platform: Linux  PlatformVersion: 5.14.0-427.37.1.el9_4.x86_64  CompilerName: GCC  CompilerVersion: 8.4.0
ProgramName: mri_matrix_multiply  ProgramArguments: mri_matrix_multiply -all-info  ProgramVersion: 7.3.2  TimeStamp: 2026/03/15-10:15:02-GMT  BuildTime: Aug  4 2022 06:17:15  BuildStamp: freesurfer-linux-ubuntu22_x86_64-7.3.2-20220804-6354275  User: oesteban  Machine: dna075  Platform: Linux  PlatformVersion: 5.14.0-427.37.1.el9_4.x86_64  CompilerName: GCC  CompilerVersion: 8.4.0
ProgramName: mri_normalize  ProgramArguments: mri_normalize -all-info  ProgramVersion: 7.3.2  TimeStamp: 2026/03/15-10:15:02-GMT  BuildTime: Aug  4 2022 06:17:15  BuildStamp: freesurfer-linux-ubuntu22_x86_64-7.3.2-20220804-6354275  User: oesteban  Machine: dna075  Platform: Linux  PlatformVersion: 5.14.0-427.37.1.el9_4.x86_64  CompilerName: GCC  CompilerVersion: 8.4.0
ProgramName: mri_normalize_tp2  ProgramArguments: mri_normalize_tp2 -all-info  ProgramVersion: 7.3.2  TimeStamp: 2026/03/15-10:15:02-GMT  BuildTime: Aug  4 2022 06:17:15  BuildStamp: freesurfer-linux-ubuntu22_x86_64-7.3.2-20220804-6354275  User: oesteban  Machine: dna075  Platform: Linux  PlatformVersion: 5.14.0-427.37.1.el9_4.x86_64  CompilerName: GCC  CompilerVersion: 8.4.0
ProgramName: mri_or  ProgramArguments: mri_or -all-info  ProgramVersion: 7.3.2  TimeStamp: 2026/03/15-10:15:02-GMT  BuildTime: Aug  4 2022 06:17:15  BuildStamp: freesurfer-linux-ubuntu22_x86_64-7.3.2-20220804-6354275  User: oesteban  Machine: dna075  Platform: Linux  PlatformVersion: 5.14.0-427.37.1.el9_4.x86_64  CompilerName: GCC  CompilerVersion: 8.4.0
ProgramName: mri_relabel_hypointensities  ProgramArguments: mri_relabel_hypointensities -all-info  ProgramVersion: 7.3.2  TimeStamp: 2026/03/15-10:15:02-GMT  BuildTime: Aug  4 2022 06:17:15  BuildStamp: freesurfer-linux-ubuntu22_x86_64-7.3.2-20220804-6354275  User: oesteban  Machine: dna075  Platform: Linux  PlatformVersion: 5.14.0-427.37.1.el9_4.x86_64  CompilerName: GCC  CompilerVersion: 8.4.0
ProgramName: mri_relabel_nonwm_hypos  ProgramArguments: mri_relabel_nonwm_hypos -all-info  ProgramVersion: 7.3.2  TimeStamp: 2026/03/15-10:15:02-GMT  BuildTime: Aug  4 2022 06:17:15  BuildStamp: freesurfer-linux-ubuntu22_x86_64-7.3.2-20220804-6354275  User: oesteban  Machine: dna075  Platform: Linux  PlatformVersion: 5.14.0-427.37.1.el9_4.x86_64  CompilerName: GCC  CompilerVersion: 8.4.0
ProgramName: mri_remove_neck  ProgramArguments: mri_remove_neck -all-info  ProgramVersion: 7.3.2  TimeStamp: 2026/03/15-10:15:02-GMT  BuildTime: Aug  4 2022 06:17:15  BuildStamp: freesurfer-linux-ubuntu22_x86_64-7.3.2-20220804-6354275  User: oesteban  Machine: dna075  Platform: Linux  PlatformVersion: 5.14.0-427.37.1.el9_4.x86_64  CompilerName: GCC  CompilerVersion: 8.4.0
7.3.2

ProgramName: mri_robust_register  ProgramArguments: mri_robust_register -all-info  ProgramVersion: 7.3.2  TimeStamp: 2026/03/15-10:15:02-GMT  BuildTime: Aug  4 2022 06:17:15  BuildStamp: freesurfer-linux-ubuntu22_x86_64-7.3.2-20220804-6354275  User: oesteban  Machine: dna075  Platform: Linux  PlatformVersion: 5.14.0-427.37.1.el9_4.x86_64  CompilerName: GCC  CompilerVersion: 8.4.0
7.3.2

ProgramName: mri_robust_template  ProgramArguments: mri_robust_template -all-info  ProgramVersion: 7.3.2  TimeStamp: 2026/03/15-10:15:02-GMT  BuildTime: Aug  4 2022 06:17:15  BuildStamp: freesurfer-linux-ubuntu22_x86_64-7.3.2-20220804-6354275  User: oesteban  Machine: dna075  Platform: Linux  PlatformVersion: 5.14.0-427.37.1.el9_4.x86_64  CompilerName: GCC  CompilerVersion: 8.4.0
ProgramName: mris_anatomical_stats  ProgramArguments: mris_anatomical_stats -all-info  ProgramVersion: 7.3.2  TimeStamp: 2026/03/15-10:15:02-GMT  BuildTime: Aug  4 2022 06:17:15  BuildStamp: freesurfer-linux-ubuntu22_x86_64-7.3.2-20220804-6354275  User: oesteban  Machine: dna075  Platform: Linux  PlatformVersion: 5.14.0-427.37.1.el9_4.x86_64  CompilerName: GCC  CompilerVersion: 8.4.0
ProgramName: mris_ca_label  ProgramArguments: mris_ca_label -all-info  ProgramVersion: 7.3.2  TimeStamp: 2026/03/15-10:15:02-GMT  BuildTime: Aug  4 2022 06:17:15  BuildStamp: freesurfer-linux-ubuntu22_x86_64-7.3.2-20220804-6354275  User: oesteban  Machine: dna075  Platform: Linux  PlatformVersion: 5.14.0-427.37.1.el9_4.x86_64  CompilerName: GCC  CompilerVersion: 8.4.0
ProgramName: mris_calc  ProgramArguments: mris_calc -all-info  ProgramVersion: 7.3.2  TimeStamp: 2026/03/15-10:15:02-GMT  BuildTime: Aug  4 2022 06:17:15  BuildStamp: freesurfer-linux-ubuntu22_x86_64-7.3.2-20220804-6354275  User: oesteban  Machine: dna075  Platform: Linux  PlatformVersion: 5.14.0-427.37.1.el9_4.x86_64  CompilerName: GCC  CompilerVersion: 8.4.0
ProgramName: mris_convert  ProgramArguments: mris_convert -all-info  ProgramVersion: 7.3.2  TimeStamp: 2026/03/15-10:15:02-GMT  BuildTime: Aug  4 2022 06:17:15  BuildStamp: freesurfer-linux-ubuntu22_x86_64-7.3.2-20220804-6354275  User: oesteban  Machine: dna075  Platform: Linux  PlatformVersion: 5.14.0-427.37.1.el9_4.x86_64  CompilerName: GCC  CompilerVersion: 8.4.0
ProgramName: mris_curvature  ProgramArguments: mris_curvature -all-info  ProgramVersion: 7.3.2  TimeStamp: 2026/03/15-10:15:02-GMT  BuildTime: Aug  4 2022 06:17:15  BuildStamp: freesurfer-linux-ubuntu22_x86_64-7.3.2-20220804-6354275  User: oesteban  Machine: dna075  Platform: Linux  PlatformVersion: 5.14.0-427.37.1.el9_4.x86_64  CompilerName: GCC  CompilerVersion: 8.4.0
ProgramName: mris_curvature_stats  ProgramArguments: mris_curvature_stats -all-info  ProgramVersion: 7.3.2  TimeStamp: 2026/03/15-10:15:02-GMT  BuildTime: Aug  4 2022 06:17:15  BuildStamp: freesurfer-linux-ubuntu22_x86_64-7.3.2-20220804-6354275  User: oesteban  Machine: dna075  Platform: Linux  PlatformVersion: 5.14.0-427.37.1.el9_4.x86_64  CompilerName: GCC  CompilerVersion: 8.4.0
ProgramName: mris_diff  ProgramArguments: mris_diff -all-info  ProgramVersion: 7.3.2  TimeStamp: 2026/03/15-10:15:02-GMT  BuildTime: Aug  4 2022 06:17:15  BuildStamp: freesurfer-linux-ubuntu22_x86_64-7.3.2-20220804-6354275  User: oesteban  Machine: dna075  Platform: Linux  PlatformVersion: 5.14.0-427.37.1.el9_4.x86_64  CompilerName: GCC  CompilerVersion: 8.4.0
ProgramName: mris_divide_parcellation  ProgramArguments: mris_divide_parcellation -all-info  ProgramVersion: 7.3.2  TimeStamp: 2026/03/15-10:15:02-GMT  BuildTime: Aug  4 2022 06:17:15  BuildStamp: freesurfer-linux-ubuntu22_x86_64-7.3.2-20220804-6354275  User: oesteban  Machine: dna075  Platform: Linux  PlatformVersion: 5.14.0-427.37.1.el9_4.x86_64  CompilerName: GCC  CompilerVersion: 8.4.0
ProgramName: mri_segment  ProgramArguments: mri_segment -all-info  ProgramVersion: 7.3.2  TimeStamp: 2026/03/15-10:15:02-GMT  BuildTime: Aug  4 2022 06:17:15  BuildStamp: freesurfer-linux-ubuntu22_x86_64-7.3.2-20220804-6354275  User: oesteban  Machine: dna075  Platform: Linux  PlatformVersion: 5.14.0-427.37.1.el9_4.x86_64  CompilerName: GCC  CompilerVersion: 8.4.0
ProgramName: mri_segstats  ProgramArguments: mri_segstats -all-info  ProgramVersion: 7.3.2  TimeStamp: 2026/03/15-10:15:02-GMT  BuildTime: Aug  4 2022 06:17:15  BuildStamp: freesurfer-linux-ubuntu22_x86_64-7.3.2-20220804-6354275  User: oesteban  Machine: dna075  Platform: Linux  PlatformVersion: 5.14.0-427.37.1.el9_4.x86_64  CompilerName: GCC  CompilerVersion: 8.4.0
ProgramName: mris_euler_number  ProgramArguments: mris_euler_number -all-info  ProgramVersion: 7.3.2  TimeStamp: 2026/03/15-10:15:02-GMT  BuildTime: Aug  4 2022 06:17:15  BuildStamp: freesurfer-linux-ubuntu22_x86_64-7.3.2-20220804-6354275  User: oesteban  Machine: dna075  Platform: Linux  PlatformVersion: 5.14.0-427.37.1.el9_4.x86_64  CompilerName: GCC  CompilerVersion: 8.4.0
ProgramName: mris_fix_topology  ProgramArguments: mris_fix_topology -all-info  ProgramVersion: 7.3.2  TimeStamp: 2026/03/15-10:15:02-GMT  BuildTime: Aug  4 2022 06:17:15  BuildStamp: freesurfer-linux-ubuntu22_x86_64-7.3.2-20220804-6354275  User: oesteban  Machine: dna075  Platform: Linux  PlatformVersion: 5.14.0-427.37.1.el9_4.x86_64  CompilerName: GCC  CompilerVersion: 8.4.0
ProgramName: mris_topo_fixer  ProgramArguments: mris_topo_fixer -all-info  ProgramVersion: 7.3.2  TimeStamp: 2026/03/15-10:15:02-GMT  BuildTime: Aug  4 2022 06:17:15  BuildStamp: freesurfer-linux-ubuntu22_x86_64-7.3.2-20220804-6354275  User: oesteban  Machine: dna075  Platform: Linux  PlatformVersion: 5.14.0-427.37.1.el9_4.x86_64  CompilerName: GCC  CompilerVersion: 8.4.0
ProgramName: mris_jacobian  ProgramArguments: mris_jacobian -all-info  ProgramVersion: 7.3.2  TimeStamp: 2026/03/15-10:15:02-GMT  BuildTime: Aug  4 2022 06:17:15  BuildStamp: freesurfer-linux-ubuntu22_x86_64-7.3.2-20220804-6354275  User: oesteban  Machine: dna075  Platform: Linux  PlatformVersion: 5.14.0-427.37.1.el9_4.x86_64  CompilerName: GCC  CompilerVersion: 8.4.0
ProgramName: mris_label2annot  ProgramArguments: mris_label2annot -all-info  ProgramVersion: 7.3.2  TimeStamp: 2026/03/15-10:15:02-GMT  BuildTime: Aug  4 2022 06:17:15  BuildStamp: freesurfer-linux-ubuntu22_x86_64-7.3.2-20220804-6354275  User: oesteban  Machine: dna075  Platform: Linux  PlatformVersion: 5.14.0-427.37.1.el9_4.x86_64  CompilerName: GCC  CompilerVersion: 8.4.0
ProgramName: mris_left_right_register  ProgramArguments: mris_left_right_register -all-info  ProgramVersion: 7.3.2  TimeStamp: 2026/03/15-10:15:02-GMT  BuildTime: Aug  4 2022 06:17:15  BuildStamp: freesurfer-linux-ubuntu22_x86_64-7.3.2-20220804-6354275  User: oesteban  Machine: dna075  Platform: Linux  PlatformVersion: 5.14.0-427.37.1.el9_4.x86_64  CompilerName: GCC  CompilerVersion: 8.4.0
ProgramName: mris_place_surface  ProgramArguments: mris_place_surface -all-info  ProgramVersion: 7.3.2  TimeStamp: 2026/03/15-10:15:02-GMT  BuildTime: Aug  4 2022 06:17:15  BuildStamp: freesurfer-linux-ubuntu22_x86_64-7.3.2-20220804-6354275  User: oesteban  Machine: dna075  Platform: Linux  PlatformVersion: 5.14.0-427.37.1.el9_4.x86_64  CompilerName: GCC  CompilerVersion: 8.4.0
ProgramName: mrisp_paint  ProgramArguments: mrisp_paint -all-info  ProgramVersion: 7.3.2  TimeStamp: 2026/03/15-10:15:02-GMT  BuildTime: Aug  4 2022 06:17:15  BuildStamp: freesurfer-linux-ubuntu22_x86_64-7.3.2-20220804-6354275  User: oesteban  Machine: dna075  Platform: Linux  PlatformVersion: 5.14.0-427.37.1.el9_4.x86_64  CompilerName: GCC  CompilerVersion: 8.4.0
ProgramName: mris_register  ProgramArguments: mris_register -all-info  ProgramVersion: 7.3.2  TimeStamp: 2026/03/15-10:15:02-GMT  BuildTime: Aug  4 2022 06:17:15  BuildStamp: freesurfer-linux-ubuntu22_x86_64-7.3.2-20220804-6354275  User: oesteban  Machine: dna075  Platform: Linux  PlatformVersion: 5.14.0-427.37.1.el9_4.x86_64  CompilerName: GCC  CompilerVersion: 8.4.0
ProgramName: mris_smooth  ProgramArguments: mris_smooth -all-info  ProgramVersion: 7.3.2  TimeStamp: 2026/03/15-10:15:02-GMT  BuildTime: Aug  4 2022 06:17:15  BuildStamp: freesurfer-linux-ubuntu22_x86_64-7.3.2-20220804-6354275  User: oesteban  Machine: dna075  Platform: Linux  PlatformVersion: 5.14.0-427.37.1.el9_4.x86_64  CompilerName: GCC  CompilerVersion: 8.4.0
ProgramName: mris_sphere  ProgramArguments: mris_sphere -all-info  ProgramVersion: 7.3.2  TimeStamp: 2026/03/15-10:15:02-GMT  BuildTime: Aug  4 2022 06:17:15  BuildStamp: freesurfer-linux-ubuntu22_x86_64-7.3.2-20220804-6354275  User: oesteban  Machine: dna075  Platform: Linux  PlatformVersion: 5.14.0-427.37.1.el9_4.x86_64  CompilerName: GCC  CompilerVersion: 8.4.0
ProgramName: mris_surface_stats  ProgramArguments: mris_surface_stats -all-info  ProgramVersion: 7.3.2  TimeStamp: 2026/03/15-10:15:02-GMT  BuildTime: Aug  4 2022 06:17:15  BuildStamp: freesurfer-linux-ubuntu22_x86_64-7.3.2-20220804-6354275  User: oesteban  Machine: dna075  Platform: Linux  PlatformVersion: 5.14.0-427.37.1.el9_4.x86_64  CompilerName: GCC  CompilerVersion: 8.4.0
ProgramName: mri_stats2seg  ProgramArguments: mri_stats2seg -all-info  ProgramVersion: 7.3.2  TimeStamp: 2026/03/15-10:15:02-GMT  BuildTime: Aug  4 2022 06:17:15  BuildStamp: freesurfer-linux-ubuntu22_x86_64-7.3.2-20220804-6354275  User: oesteban  Machine: dna075  Platform: Linux  PlatformVersion: 5.14.0-427.37.1.el9_4.x86_64  CompilerName: GCC  CompilerVersion: 8.4.0
ProgramName: mris_thickness  ProgramArguments: mris_thickness -all-info  ProgramVersion: 7.3.2  TimeStamp: 2026/03/15-10:15:02-GMT  BuildTime: Aug  4 2022 06:17:15  BuildStamp: freesurfer-linux-ubuntu22_x86_64-7.3.2-20220804-6354275  User: oesteban  Machine: dna075  Platform: Linux  PlatformVersion: 5.14.0-427.37.1.el9_4.x86_64  CompilerName: GCC  CompilerVersion: 8.4.0
ProgramName: mris_thickness_diff  ProgramArguments: mris_thickness_diff -all-info  ProgramVersion: 7.3.2  TimeStamp: 2026/03/15-10:15:02-GMT  BuildTime: Aug  4 2022 06:17:15  BuildStamp: freesurfer-linux-ubuntu22_x86_64-7.3.2-20220804-6354275  User: oesteban  Machine: dna075  Platform: Linux  PlatformVersion: 5.14.0-427.37.1.el9_4.x86_64  CompilerName: GCC  CompilerVersion: 8.4.0
ProgramName: mris_topo_fixer  ProgramArguments: mris_topo_fixer -all-info  ProgramVersion: 7.3.2  TimeStamp: 2026/03/15-10:15:02-GMT  BuildTime: Aug  4 2022 06:17:15  BuildStamp: freesurfer-linux-ubuntu22_x86_64-7.3.2-20220804-6354275  User: oesteban  Machine: dna075  Platform: Linux  PlatformVersion: 5.14.0-427.37.1.el9_4.x86_64  CompilerName: GCC  CompilerVersion: 8.4.0
ProgramName: mri_surf2surf  ProgramArguments: mri_surf2surf -all-info  ProgramVersion: 7.3.2  TimeStamp: 2026/03/15-10:15:02-GMT  BuildTime: Aug  4 2022 06:17:15  BuildStamp: freesurfer-linux-ubuntu22_x86_64-7.3.2-20220804-6354275  User: oesteban  Machine: dna075  Platform: Linux  PlatformVersion: 5.14.0-427.37.1.el9_4.x86_64  CompilerName: GCC  CompilerVersion: 8.4.0
ProgramName: mri_surf2vol  ProgramArguments: mri_surf2vol -all-info  ProgramVersion: 7.3.2  TimeStamp: 2026/03/15-10:15:02-GMT  BuildTime: Aug  4 2022 06:17:15  BuildStamp: freesurfer-linux-ubuntu22_x86_64-7.3.2-20220804-6354275  User: oesteban  Machine: dna075  Platform: Linux  PlatformVersion: 5.14.0-427.37.1.el9_4.x86_64  CompilerName: GCC  CompilerVersion: 8.4.0
ProgramName: mri_surfcluster  ProgramArguments: mri_surfcluster -all-info  ProgramVersion: 7.3.2  TimeStamp: 2026/03/15-10:15:02-GMT  BuildTime: Aug  4 2022 06:17:15  BuildStamp: freesurfer-linux-ubuntu22_x86_64-7.3.2-20220804-6354275  User: oesteban  Machine: dna075  Platform: Linux  PlatformVersion: 5.14.0-427.37.1.el9_4.x86_64  CompilerName: GCC  CompilerVersion: 8.4.0
ProgramName: mris_volmask  ProgramArguments: mris_volmask -all-info  ProgramVersion: 7.3.2  TimeStamp: 2026/03/15-10:15:02-GMT  BuildTime: Aug  4 2022 06:17:15  BuildStamp: freesurfer-linux-ubuntu22_x86_64-7.3.2-20220804-6354275  User: oesteban  Machine: dna075  Platform: Linux  PlatformVersion: 5.14.0-427.37.1.el9_4.x86_64  CompilerName: GCC  CompilerVersion: 8.4.0
ProgramName: mri_tessellate  ProgramArguments: mri_tessellate -all-info  ProgramVersion: 7.3.2  TimeStamp: 2026/03/15-10:15:02-GMT  BuildTime: Aug  4 2022 06:17:15  BuildStamp: freesurfer-linux-ubuntu22_x86_64-7.3.2-20220804-6354275  User: oesteban  Machine: dna075  Platform: Linux  PlatformVersion: 5.14.0-427.37.1.el9_4.x86_64  CompilerName: GCC  CompilerVersion: 8.4.0
ProgramName: mri_vol2surf  ProgramArguments: mri_vol2surf -all-info  ProgramVersion: 7.3.2  TimeStamp: 2026/03/15-10:15:02-GMT  BuildTime: Aug  4 2022 06:17:15  BuildStamp: freesurfer-linux-ubuntu22_x86_64-7.3.2-20220804-6354275  User: oesteban  Machine: dna075  Platform: Linux  PlatformVersion: 5.14.0-427.37.1.el9_4.x86_64  CompilerName: GCC  CompilerVersion: 8.4.0
ProgramName: mri_vol2vol  ProgramArguments: mri_vol2vol -all-info  ProgramVersion: 7.3.2  TimeStamp: 2026/03/15-10:15:02-GMT  BuildTime: Aug  4 2022 06:17:15  BuildStamp: freesurfer-linux-ubuntu22_x86_64-7.3.2-20220804-6354275  User: oesteban  Machine: dna075  Platform: Linux  PlatformVersion: 5.14.0-427.37.1.el9_4.x86_64  CompilerName: GCC  CompilerVersion: 8.4.0
ProgramName: mri_voldiff  ProgramArguments: mri_voldiff -all-info  ProgramVersion: 7.3.2  TimeStamp: 2026/03/15-10:15:02-GMT  BuildTime: Aug  4 2022 06:17:15  BuildStamp: freesurfer-linux-ubuntu22_x86_64-7.3.2-20220804-6354275  User: oesteban  Machine: dna075  Platform: Linux  PlatformVersion: 5.14.0-427.37.1.el9_4.x86_64  CompilerName: GCC  CompilerVersion: 8.4.0
ProgramName: mri_watershed  ProgramArguments: mri_watershed -all-info  ProgramVersion: 7.3.2  TimeStamp: 2026/03/15-10:15:02-GMT  BuildTime: Aug  4 2022 06:17:15  BuildStamp: freesurfer-linux-ubuntu22_x86_64-7.3.2-20220804-6354275  User: oesteban  Machine: dna075  Platform: Linux  PlatformVersion: 5.14.0-427.37.1.el9_4.x86_64  CompilerName: GCC  CompilerVersion: 8.4.0
ProgramName: tkregister2  ProgramArguments: tkregister2_cmdl -all-info  ProgramVersion: 7.3.2  TimeStamp: 2026/03/15-10:15:02-GMT  BuildTime: Aug  4 2022 06:17:15  BuildStamp: freesurfer-linux-ubuntu22_x86_64-7.3.2-20220804-6354275  User: oesteban  Machine: dna075  Platform: Linux  PlatformVersion: 5.14.0-427.37.1.el9_4.x86_64  CompilerName: GCC  CompilerVersion: 8.4.0
mri_motion_correct.fsl 7.3.2
mri_convert -all-info 
ProgramName: mri_convert  ProgramArguments: mri_convert -all-info  ProgramVersion: 7.3.2  TimeStamp: 2026/03/15-10:15:02-GMT  BuildTime: Aug  4 2022 06:17:15  BuildStamp: freesurfer-linux-ubuntu22_x86_64-7.3.2-20220804-6354275  User: oesteban  Machine: dna075  Platform: Linux  PlatformVersion: 5.14.0-427.37.1.el9_4.x86_64  CompilerName: GCC  CompilerVersion: 8.4.0
Program nu_correct, built from:
Package MNI N3, version 1.12.0, compiled by nicks@terrier (x86_64-unknown-linux-gnu) on 2015-06-19 at 01:25:34
#######################################
GCADIR /opt/freesurfer/average
GCA RB_all_2020-01-02.gca
GCASkull RB_all_withskull_2020_01_02.gca
AvgCurvTif folding.atlas.acfb40.noaparc.i12.2016-08-02.tif
GCSDIR /opt/freesurfer/average
GCS DKaparc.atlas.acfb40.noaparc.i12.2016-08-02.gcs
#######################################
/out/sourcedata/freesurfer/sub-v2s10x29005_ses-1

 mri_convert /work/fmriprep_25_2_wf/sub_v2s10x29005_ses_1_wf/anat_fit_wf/anat_validate/sub-v2s10x29005_ses-1_run-1_T1w_noise_corrected_ras_valid.nii.gz /out/sourcedata/freesurfer/sub-v2s10x29005_ses-1/mri/orig/001.mgz 

mri_convert /work/fmriprep_25_2_wf/sub_v2s10x29005_ses_1_wf/anat_fit_wf/anat_validate/sub-v2s10x29005_ses-1_run-1_T1w_noise_corrected_ras_valid.nii.gz /out/sourcedata/freesurfer/sub-v2s10x29005_ses-1/mri/orig/001.mgz 
reading from /work/fmriprep_25_2_wf/sub_v2s10x29005_ses_1_wf/anat_fit_wf/anat_validate/sub-v2s10x29005_ses-1_run-1_T1w_noise_corrected_ras_valid.nii.gz...
TR=0.00, TE=0.00, TI=0.00, flip angle=0.00
i_ras = (0.999044, 0.0383794, 0.0209473)
j_ras = (-0.0383878, 0.999263, -9.37828e-08)
k_ras = (-0.0209319, -0.000804028, 0.999781)
writing to /out/sourcedata/freesurfer/sub-v2s10x29005_ses-1/mri/orig/001.mgz...
#--------------------------------------------
#@# MotionCor Sun Mar 15 11:15:04 CET 2026
Found 1 runs
/out/sourcedata/freesurfer/sub-v2s10x29005_ses-1/mri/orig/001.mgz
Checking for (invalid) multi-frame inputs...
Only one run found so motion
correction will not be performed. I'll
copy the run to rawavg and continue.

 cp /out/sourcedata/freesurfer/sub-v2s10x29005_ses-1/mri/orig/001.mgz /out/sourcedata/freesurfer/sub-v2s10x29005_ses-1/mri/rawavg.mgz 


 mri_info /out/sourcedata/freesurfer/sub-v2s10x29005_ses-1/mri/rawavg.mgz 

rawavg.mgz ========================================
Volume information for /out/sourcedata/freesurfer/sub-v2s10x29005_ses-1/mri/rawavg.mgz
          type: MGH
    dimensions: 160 x 240 x 256
   voxel sizes: 1.000000, 1.000000, 1.000000
          type: FLOAT (3)
           fov: 256.000
           dof: 1
        xstart: -80.0, xend: 80.0
        ystart: -120.0, yend: 120.0
        zstart: -128.0, zend: 128.0
            TR: 0.00 msec, TE: 0.00 msec, TI: 0.00 msec, flip angle: 0.00 degrees
       nframes: 1
       PhEncDir: UNKNOWN
       FieldStrength: 0.000000
ras xform present
    xform info: x_r =   0.9990, y_r =  -0.0384, z_r =  -0.0209, c_r =    -0.1411
              : x_a =   0.0384, y_a =   0.9993, z_a =  -0.0008, c_a =     8.1280
              : x_s =   0.0209, y_s =  -0.0000, z_s =   0.9998, c_s =   -10.8793

talairach xfm : 
Orientation   : RAS
Primary Slice Direction: axial

voxel to ras transform:
                0.9990  -0.0384  -0.0209   -72.7788
                0.0384   0.9993  -0.0008  -114.7510
                0.0209  -0.0000   0.9998  -140.5270
                0.0000   0.0000   0.0000     1.0000

voxel-to-ras determinant 1

ras to voxel transform:
                0.9990   0.0384   0.0209    80.0569
               -0.0384   0.9993  -0.0000   111.8726
               -0.0209  -0.0008   0.9998   138.8805
                0.0000   0.0000   0.0000     1.0000
/out/sourcedata/freesurfer/sub-v2s10x29005_ses-1

 mri_convert /out/sourcedata/freesurfer/sub-v2s10x29005_ses-1/mri/rawavg.mgz /out/sourcedata/freesurfer/sub-v2s10x29005_ses-1/mri/orig.mgz --conform 

mri_convert /out/sourcedata/freesurfer/sub-v2s10x29005_ses-1/mri/rawavg.mgz /out/sourcedata/freesurfer/sub-v2s10x29005_ses-1/mri/orig.mgz --conform 
reading from /out/sourcedata/freesurfer/sub-v2s10x29005_ses-1/mri/rawavg.mgz...
TR=0.00, TE=0.00, TI=0.00, flip angle=0.00
i_ras = (0.999044, 0.0383794, 0.0209473)
j_ras = (-0.0383878, 0.999263, -9.37828e-08)
k_ras = (-0.0209319, -0.000804028, 0.999781)
changing data type from float to uchar (noscale = 0)...
MRIchangeType: Building histogram -0.000591278 857.93 1000, flo=0, fhi=0.999, dest_type=0
Reslicing using trilinear interpolation 
writing to /out/sourcedata/freesurfer/sub-v2s10x29005_ses-1/mri/orig.mgz...

 mri_add_xform_to_header -c /out/sourcedata/freesurfer/sub-v2s10x29005_ses-1/mri/transforms/talairach.xfm /out/sourcedata/freesurfer/sub-v2s10x29005_ses-1/mri/orig.mgz /out/sourcedata/freesurfer/sub-v2s10x29005_ses-1/mri/orig.mgz 

INFO: extension is mgz

 mri_info /out/sourcedata/freesurfer/sub-v2s10x29005_ses-1/mri/orig.mgz 

orig.mgz ========================================
Volume information for /out/sourcedata/freesurfer/sub-v2s10x29005_ses-1/mri/orig.mgz
          type: MGH
    dimensions: 256 x 256 x 256
   voxel sizes: 1.000000, 1.000000, 1.000000
          type: UCHAR (0)
           fov: 256.000
           dof: 1
        xstart: -128.0, xend: 128.0
        ystart: -128.0, yend: 128.0
        zstart: -128.0, zend: 128.0
            TR: 0.00 msec, TE: 0.00 msec, TI: 0.00 msec, flip angle: 0.00 degrees
       nframes: 1
       PhEncDir: UNKNOWN
       FieldStrength: 0.000000
ras xform present
    xform info: x_r =  -1.0000, y_r =   0.0000, z_r =  -0.0000, c_r =    -0.1411
              : x_a =   0.0000, y_a =   0.0000, z_a =   1.0000, c_a =     8.1280
              : x_s =   0.0000, y_s =  -1.0000, z_s =  -0.0000, c_s =   -10.8793

talairach xfm : /out/sourcedata/freesurfer/sub-v2s10x29005_ses-1/mri/transforms/talairach.xfm
Orientation   : LIA
Primary Slice Direction: coronal

voxel to ras transform:
               -1.0000   0.0000  -0.0000   127.8589
                0.0000   0.0000   1.0000  -119.8720
                0.0000  -1.0000  -0.0000   117.1207
                0.0000   0.0000   0.0000     1.0000

voxel-to-ras determinant -1

ras to voxel transform:
               -1.0000  -0.0000  -0.0000   127.8589
               -0.0000  -0.0000  -1.0000   117.1207
                0.0000   1.0000   0.0000   119.8720
               -0.0000  -0.0000  -0.0000     1.0000
#--------------------------------------------
#@# Talairach Sun Mar 15 11:15:09 CET 2026
/out/sourcedata/freesurfer/sub-v2s10x29005_ses-1/mri

 mri_nu_correct.mni --no-rescale --i orig.mgz --o orig_nu.mgz --ants-n4 --n 1 --proto-iters 1000 --distance 50 

/usr/bin/bc
/out/sourcedata/freesurfer/sub-v2s10x29005_ses-1/mri
/opt/freesurfer/bin/mri_nu_correct.mni
--no-rescale --i orig.mgz --o orig_nu.mgz --ants-n4 --n 1 --proto-iters 1000 --distance 50
nIters 1
mri_nu_correct.mni 7.3.2
Linux dna075 5.14.0-427.37.1.el9_4.x86_64 #1 SMP PREEMPT_DYNAMIC Fri Sep 13 12:41:50 EDT 2024 x86_64 x86_64 x86_64 GNU/Linux
Sun Mar 15 11:15:09 CET 2026
tmpdir is ./tmp.mri_nu_correct.mni.3964242
cd /out/sourcedata/freesurfer/sub-v2s10x29005_ses-1/mri
AntsN4BiasFieldCorrectionFs -i orig.mgz -o ./tmp.mri_nu_correct.mni.3964242/nu0.mgz --dtype uchar
AntsN4BiasFieldCorrectionFs done
mri_convert ./tmp.mri_nu_correct.mni.3964242/nu0.mgz orig_nu.mgz --like orig.mgz --conform
mri_convert ./tmp.mri_nu_correct.mni.3964242/nu0.mgz orig_nu.mgz --like orig.mgz --conform 
reading from ./tmp.mri_nu_correct.mni.3964242/nu0.mgz...
TR=0.00, TE=0.00, TI=0.00, flip angle=0.00
i_ras = (-1, 1.04592e-09, 0)
j_ras = (1.86265e-09, 5.82077e-11, -1)
k_ras = (-1.04592e-09, 1, -5.82077e-11)
INFO: transform src into the like-volume: orig.mgz
writing to orig_nu.mgz...
 
 
Sun Mar 15 11:17:42 CET 2026
mri_nu_correct.mni done

 talairach_avi --i orig_nu.mgz --xfm transforms/talairach.auto.xfm 

talairach_avi log file is transforms/talairach_avi.log...
mv -f /out/sourcedata/freesurfer/sub-v2s10x29005_ses-1/mri/talsrcimg_to_711-2C_as_mni_average_305_t4_vox2vox.txt /out/sourcedata/freesurfer/sub-v2s10x29005_ses-1/mri/transforms/talsrcimg_to_711-2C_as_mni_average_305_t4_vox2vox.txt
Started at Sun Mar 15 11:17:42 CET 2026
Ended   at Sun Mar 15 11:17:56 CET 2026
talairach_avi done

 cp transforms/talairach.auto.xfm transforms/talairach.xfm 

lta_convert --src orig.mgz --trg /opt/freesurfer/average/mni305.cor.mgz --inxfm transforms/talairach.xfm --outlta transforms/talairach.xfm.lta --subject fsaverage --ltavox2vox
7.3.2

--src: orig.mgz src image (geometry).
--trg: /opt/freesurfer/average/mni305.cor.mgz trg image (geometry).
--inmni: transforms/talairach.xfm input MNI/XFM transform.
--outlta: transforms/talairach.xfm.lta output LTA.
--s: fsaverage subject name
--ltavox2vox: output LTA as VOX_TO_VOX transform.
 LTA read, type : 1
 1.05837   0.03262   0.01193   2.08758;
-0.02652   1.08438   0.05304  -23.36965;
-0.01874  -0.04029   1.17909  -23.69375;
 0.00000   0.00000   0.00000   1.00000;
setting subject to fsaverage
Writing  LTA to file transforms/talairach.xfm.lta...
lta_convert successful.
#--------------------------------------------
#@# Talairach Failure Detection Sun Mar 15 11:17:58 CET 2026
/out/sourcedata/freesurfer/sub-v2s10x29005_ses-1/mri

 talairach_afd -T 0.005 -xfm transforms/talairach.xfm 

talairach_afd: Talairach Transform: transforms/talairach.xfm OK (p=0.7631, pval=0.6675 >= threshold=0.0050)

 awk -f /opt/freesurfer/bin/extract_talairach_avi_QA.awk /out/sourcedata/freesurfer/sub-v2s10x29005_ses-1/mri/transforms/talairach_avi.log 


 tal_QC_AZS /out/sourcedata/freesurfer/sub-v2s10x29005_ses-1/mri/transforms/talairach_avi.log 

TalAviQA: 0.97943
z-score: 0
#--------------------------------------------
#@# Nu Intensity Correction Sun Mar 15 11:17:58 CET 2026

 mri_nu_correct.mni --i orig.mgz --o nu.mgz --uchar transforms/talairach.xfm --n 2 --ants-n4 

/usr/bin/bc
/out/sourcedata/freesurfer/sub-v2s10x29005_ses-1/mri
/opt/freesurfer/bin/mri_nu_correct.mni
--i orig.mgz --o nu.mgz --uchar transforms/talairach.xfm --n 2 --ants-n4
nIters 2
mri_nu_correct.mni 7.3.2
Linux dna075 5.14.0-427.37.1.el9_4.x86_64 #1 SMP PREEMPT_DYNAMIC Fri Sep 13 12:41:50 EDT 2024 x86_64 x86_64 x86_64 GNU/Linux
Sun Mar 15 11:17:58 CET 2026
tmpdir is ./tmp.mri_nu_correct.mni.3965120
cd /out/sourcedata/freesurfer/sub-v2s10x29005_ses-1/mri
AntsN4BiasFieldCorrectionFs -i orig.mgz -o ./tmp.mri_nu_correct.mni.3965120/nu0.mgz --dtype uchar
AntsN4BiasFieldCorrectionFs done
mri_binarize --i ./tmp.mri_nu_correct.mni.3965120/nu0.mgz --min -1 --o ./tmp.mri_nu_correct.mni.3965120/ones.mgz

7.3.2
cwd /out/sourcedata/freesurfer/sub-v2s10x29005_ses-1/mri
cmdline mri_binarize --i ./tmp.mri_nu_correct.mni.3965120/nu0.mgz --min -1 --o ./tmp.mri_nu_correct.mni.3965120/ones.mgz 
sysname  Linux
hostname dna075
machine  x86_64
user     oesteban

input      ./tmp.mri_nu_correct.mni.3965120/nu0.mgz
frame      0
nErode3d   0
nErode2d   0
output     ./tmp.mri_nu_correct.mni.3965120/ones.mgz
Binarizing based on threshold
min        -1
max        +infinity
binval        1
binvalnot     0
fstart = 0, fend = 0, nframes = 1
Starting parallel 1
Found 16777216 values in range
Counting number of voxels in first frame
Found 16777215 voxels in final mask
Writing output to ./tmp.mri_nu_correct.mni.3965120/ones.mgz
Count: 16777215 16777215.000000 16777216 99.999994
mri_binarize done
mri_segstats --id 1 --seg ./tmp.mri_nu_correct.mni.3965120/ones.mgz --i orig.mgz --sum ./tmp.mri_nu_correct.mni.3965120/sum.junk --avgwf ./tmp.mri_nu_correct.mni.3965120/input.mean.dat

7.3.2
cwd 
cmdline mri_segstats --id 1 --seg ./tmp.mri_nu_correct.mni.3965120/ones.mgz --i orig.mgz --sum ./tmp.mri_nu_correct.mni.3965120/sum.junk --avgwf ./tmp.mri_nu_correct.mni.3965120/input.mean.dat 
sysname  Linux
hostname dna075
machine  x86_64
user     oesteban
whitesurfname  white
UseRobust  0
Loading ./tmp.mri_nu_correct.mni.3965120/ones.mgz
Loading orig.mgz
Voxel Volume is 1 mm^3
Generating list of segmentation ids
Found   1 segmentations
Computing statistics for each segmentation

Reporting on   1 segmentations
Using PrintSegStat
Computing spatial average of each frame

Writing to ./tmp.mri_nu_correct.mni.3965120/input.mean.dat
mri_segstats done
mri_segstats --id 1 --seg ./tmp.mri_nu_correct.mni.3965120/ones.mgz --i ./tmp.mri_nu_correct.mni.3965120/nu0.mgz --sum ./tmp.mri_nu_correct.mni.3965120/sum.junk --avgwf ./tmp.mri_nu_correct.mni.3965120/output.mean.dat

7.3.2
cwd 
cmdline mri_segstats --id 1 --seg ./tmp.mri_nu_correct.mni.3965120/ones.mgz --i ./tmp.mri_nu_correct.mni.3965120/nu0.mgz --sum ./tmp.mri_nu_correct.mni.3965120/sum.junk --avgwf ./tmp.mri_nu_correct.mni.3965120/output.mean.dat 
sysname  Linux
hostname dna075
machine  x86_64
user     oesteban
whitesurfname  white
UseRobust  0
Loading ./tmp.mri_nu_correct.mni.3965120/ones.mgz
Loading ./tmp.mri_nu_correct.mni.3965120/nu0.mgz
Voxel Volume is 1 mm^3
Generating list of segmentation ids
Found   1 segmentations
Computing statistics for each segmentation

Reporting on   1 segmentations
Using PrintSegStat
Computing spatial average of each frame

Writing to ./tmp.mri_nu_correct.mni.3965120/output.mean.dat
mri_segstats done
mris_calc -o ./tmp.mri_nu_correct.mni.3965120/nu0.mgz ./tmp.mri_nu_correct.mni.3965120/nu0.mgz mul 1.24906571435064134655
Saving result to './tmp.mri_nu_correct.mni.3965120/nu0.mgz' (type = MGH )                       [ ok ]
mri_convert ./tmp.mri_nu_correct.mni.3965120/nu0.mgz nu.mgz --like orig.mgz
mri_convert ./tmp.mri_nu_correct.mni.3965120/nu0.mgz nu.mgz --like orig.mgz 
reading from ./tmp.mri_nu_correct.mni.3965120/nu0.mgz...
TR=0.00, TE=0.00, TI=0.00, flip angle=0.00
i_ras = (-1, 1.04592e-09, 0)
j_ras = (1.86265e-09, 5.82077e-11, -1)
k_ras = (-1.04592e-09, 1, -5.82077e-11)
INFO: transform src into the like-volume: orig.mgz
writing to nu.mgz...
mri_make_uchar nu.mgz transforms/talairach.xfm nu.mgz
type change took 0 minutes and 3 seconds.
FIRST_PERCENTILE 0.010000
WM_PERCENTILE    0.900000
MAX_R 50.000000
i1 = 8, i2 = 79
#mri_make_uchar# mapping 20 195 to  3 110  :  b -9.55704 m 0.614035 : thresh 15.5643 maxsat 430.85 : nzero 14320251 nsat 0
 
 
Sun Mar 15 11:20:42 CET 2026
mri_nu_correct.mni done

 mri_add_xform_to_header -c /out/sourcedata/freesurfer/sub-v2s10x29005_ses-1/mri/transforms/talairach.xfm nu.mgz nu.mgz 

INFO: extension is mgz
#--------------------------------------------
#@# Intensity Normalization Sun Mar 15 11:20:42 CET 2026
/out/sourcedata/freesurfer/sub-v2s10x29005_ses-1/mri

 mri_normalize -g 1 -seed 1234 -mprage nu.mgz T1.mgz 

using max gradient = 1.000
setting seed for random number genererator to 1234
assuming input volume is MGH (Van der Kouwe) MP-RAGE
reading mri_src from nu.mgz...
normalizing image...
NOT doing gentle normalization with control points/label
talairach transform
 1.05837   0.03262   0.01193   2.08758;
-0.02652   1.08438   0.05304  -23.36965;
-0.01874  -0.04029   1.17909  -23.69375;
 0.00000   0.00000   0.00000   1.00000;
processing without aseg, no1d=0
MRInormInit(): 
INFO: Modifying talairach volume c_(r,a,s) based on average_305
MRInormalize(): 
MRIsplineNormalize(): npeaks = 19
Starting OpenSpline(): npoints = 19
building Voronoi diagram...
performing soap bubble smoothing, sigma = 8...

Iterating 2 times
---------------------------------
3d normalization pass 1 of 2
white matter peak found at 110
white matter peak found at 110
gm peak at 67 (67), valley at 37 (37)
csf peak at 33, setting threshold to 55
building Voronoi diagram...
performing soap bubble smoothing, sigma = 8...
---------------------------------
3d normalization pass 2 of 2
white matter peak found at 110
white matter peak found at 110
gm peak at 68 (68), valley at 38 (38)
csf peak at 34, setting threshold to 56
building Voronoi diagram...
performing soap bubble smoothing, sigma = 8...
Done iterating ---------------------------------
writing output to T1.mgz
3D bias adjustment took 1 minutes and 4 seconds.

Started at Sun Mar 15 11:15:01 CET 2026 
Ended   at Sun Mar 15 11:21:46 CET 2026
#@#%# recon-all-run-time-hours 0.112
recon-all -s sub-v2s10x29005_ses-1 finished without error at Sun Mar 15 11:21:46 CET 2026



#New# invocation of recon-all 




Sun Mar 15 11:27:14 CET 2026
cd /out/sourcedata/freesurfer/sub-v2s10x29005_ses-1
setenv SUBJECTS_DIR /out/sourcedata/freesurfer
/opt/freesurfer/bin/recon-all -openmp 16 -subjid sub-v2s10x29005_ses-1 -sd /out/sourcedata/freesurfer -gcareg

subjid sub-v2s10x29005_ses-1
setenv SUBJECTS_DIR /out/sourcedata/freesurfer
FREESURFER_HOME /opt/freesurfer
Actual FREESURFER_HOME /opt/freesurfer
build-stamp.txt: freesurfer-linux-ubuntu22_x86_64-7.3.2-20220804-6354275
Linux dna075 5.14.0-427.37.1.el9_4.x86_64 #1 SMP PREEMPT_DYNAMIC Fri Sep 13 12:41:50 EDT 2024 x86_64 x86_64 x86_64 GNU/Linux
cputime      unlimited
filesize     unlimited
datasize     unlimited
stacksize    8192 kbytes
coredumpsize 0 kbytes
memoryuse    67108864 kbytes
vmemoryuse   unlimited
descriptors  1024 
memorylocked unlimited
maxproc      2061970 
maxlocks     unlimited
maxsignal    2062029 
maxmessage   819200 
maxnice      0 
maxrtprio    0 
maxrttime    unlimited

               total        used        free      shared  buff/cache   available
Mem:           503Gi        58Gi       392Gi        10Gi        52Gi       431Gi
Swap:             0B          0B          0B

########################################
program versions used
7.3.2 (freesurfer-linux-ubuntu22_x86_64-7.3.2-20220804-6354275)
7.3.2

ProgramName: lta_convert  ProgramArguments: lta_convert -all-info  ProgramVersion: 7.3.2  TimeStamp: 2026/03/15-10:27:14-GMT  BuildTime: Aug  4 2022 06:17:15  BuildStamp: freesurfer-linux-ubuntu22_x86_64-7.3.2-20220804-6354275  User: oesteban  Machine: dna075  Platform: Linux  PlatformVersion: 5.14.0-427.37.1.el9_4.x86_64  CompilerName: GCC  CompilerVersion: 8.4.0
ProgramName: mri_and  ProgramArguments: mri_and -all-info  ProgramVersion: 7.3.2  TimeStamp: 2026/03/15-10:27:14-GMT  BuildTime: Aug  4 2022 06:17:15  BuildStamp: freesurfer-linux-ubuntu22_x86_64-7.3.2-20220804-6354275  User: oesteban  Machine: dna075  Platform: Linux  PlatformVersion: 5.14.0-427.37.1.el9_4.x86_64  CompilerName: GCC  CompilerVersion: 8.4.0
ProgramName: mri_annotation2label  ProgramArguments: mri_annotation2label -all-info  ProgramVersion: 7.3.2  TimeStamp: 2026/03/15-10:27:14-GMT  BuildTime: Aug  4 2022 06:17:15  BuildStamp: freesurfer-linux-ubuntu22_x86_64-7.3.2-20220804-6354275  User: oesteban  Machine: dna075  Platform: Linux  PlatformVersion: 5.14.0-427.37.1.el9_4.x86_64  CompilerName: GCC  CompilerVersion: 8.4.0
ProgramName: mri_aparc2aseg  ProgramArguments: mri_aparc2aseg -all-info  ProgramVersion: 7.3.2  TimeStamp: 2026/03/15-10:27:14-GMT  BuildTime: Aug  4 2022 06:17:15  BuildStamp: freesurfer-linux-ubuntu22_x86_64-7.3.2-20220804-6354275  User: oesteban  Machine: dna075  Platform: Linux  PlatformVersion: 5.14.0-427.37.1.el9_4.x86_64  CompilerName: GCC  CompilerVersion: 8.4.0
ProgramName: mri_surf2volseg  ProgramArguments: mri_surf2volseg -all-info  ProgramVersion: 7.3.2  TimeStamp: 2026/03/15-10:27:14-GMT  BuildTime: Aug  4 2022 06:17:15  BuildStamp: freesurfer-linux-ubuntu22_x86_64-7.3.2-20220804-6354275  User: oesteban  Machine: dna075  Platform: Linux  PlatformVersion: 5.14.0-427.37.1.el9_4.x86_64  CompilerName: GCC  CompilerVersion: 8.4.0
ProgramName: mri_binarize  ProgramArguments: mri_binarize -all-info  ProgramVersion: 7.3.2  TimeStamp: 2026/03/15-10:27:14-GMT  BuildTime: Aug  4 2022 06:17:15  BuildStamp: freesurfer-linux-ubuntu22_x86_64-7.3.2-20220804-6354275  User: oesteban  Machine: dna075  Platform: Linux  PlatformVersion: 5.14.0-427.37.1.el9_4.x86_64  CompilerName: GCC  CompilerVersion: 8.4.0
ProgramName: mri_ca_label  ProgramArguments: mri_ca_label -all-info  ProgramVersion: 7.3.2  TimeStamp: 2026/03/15-10:27:14-GMT  BuildTime: Aug  4 2022 06:17:15  BuildStamp: freesurfer-linux-ubuntu22_x86_64-7.3.2-20220804-6354275  User: oesteban  Machine: dna075  Platform: Linux  PlatformVersion: 5.14.0-427.37.1.el9_4.x86_64  CompilerName: GCC  CompilerVersion: 8.4.0
ProgramName: mri_ca_normalize  ProgramArguments: mri_ca_normalize -all-info  ProgramVersion: 7.3.2  TimeStamp: 2026/03/15-10:27:14-GMT  BuildTime: Aug  4 2022 06:17:15  BuildStamp: freesurfer-linux-ubuntu22_x86_64-7.3.2-20220804-6354275  User: oesteban  Machine: dna075  Platform: Linux  PlatformVersion: 5.14.0-427.37.1.el9_4.x86_64  CompilerName: GCC  CompilerVersion: 8.4.0
ProgramName: mri_ca_register  ProgramArguments: mri_ca_register -all-info  ProgramVersion: 7.3.2  TimeStamp: 2026/03/15-10:27:14-GMT  BuildTime: Aug  4 2022 06:17:15  BuildStamp: freesurfer-linux-ubuntu22_x86_64-7.3.2-20220804-6354275  User: oesteban  Machine: dna075  Platform: Linux  PlatformVersion: 5.14.0-427.37.1.el9_4.x86_64  CompilerName: GCC  CompilerVersion: 8.4.0
ProgramName: mri_cc  ProgramArguments: mri_cc -all-info  ProgramVersion: 7.3.2  TimeStamp: 2026/03/15-10:27:14-GMT  BuildTime: Aug  4 2022 06:17:15  BuildStamp: freesurfer-linux-ubuntu22_x86_64-7.3.2-20220804-6354275  User: oesteban  Machine: dna075  Platform: Linux  PlatformVersion: 5.14.0-427.37.1.el9_4.x86_64  CompilerName: GCC  CompilerVersion: 8.4.0
ProgramName: mri_compute_overlap  ProgramArguments: mri_compute_overlap -all-info  ProgramVersion: 7.3.2  TimeStamp: 2026/03/15-10:27:14-GMT  BuildTime: Aug  4 2022 06:17:15  BuildStamp: freesurfer-linux-ubuntu22_x86_64-7.3.2-20220804-6354275  User: oesteban  Machine: dna075  Platform: Linux  PlatformVersion: 5.14.0-427.37.1.el9_4.x86_64  CompilerName: GCC  CompilerVersion: 8.4.0
ProgramName: mri_compute_seg_overlap  ProgramArguments: mri_compute_seg_overlap -all-info  ProgramVersion: 7.3.2  TimeStamp: 2026/03/15-10:27:14-GMT  BuildTime: Aug  4 2022 06:17:15  BuildStamp: freesurfer-linux-ubuntu22_x86_64-7.3.2-20220804-6354275  User: oesteban  Machine: dna075  Platform: Linux  PlatformVersion: 5.14.0-427.37.1.el9_4.x86_64  CompilerName: GCC  CompilerVersion: 8.4.0
ProgramName: mri_concat  ProgramArguments: mri_concat -all-info  ProgramVersion: 7.3.2  TimeStamp: 2026/03/15-10:27:14-GMT  BuildTime: Aug  4 2022 06:17:15  BuildStamp: freesurfer-linux-ubuntu22_x86_64-7.3.2-20220804-6354275  User: oesteban  Machine: dna075  Platform: Linux  PlatformVersion: 5.14.0-427.37.1.el9_4.x86_64  CompilerName: GCC  CompilerVersion: 8.4.0
ProgramName: mri_concatenate_lta  ProgramArguments: mri_concatenate_lta -all-info  ProgramVersion: 7.3.2  TimeStamp: 2026/03/15-10:27:14-GMT  BuildTime: Aug  4 2022 06:17:15  BuildStamp: freesurfer-linux-ubuntu22_x86_64-7.3.2-20220804-6354275  User: oesteban  Machine: dna075  Platform: Linux  PlatformVersion: 5.14.0-427.37.1.el9_4.x86_64  CompilerName: GCC  CompilerVersion: 8.4.0
mri_convert -all-info 
ProgramName: mri_convert  ProgramArguments: mri_convert -all-info  ProgramVersion: 7.3.2  TimeStamp: 2026/03/15-10:27:14-GMT  BuildTime: Aug  4 2022 06:17:15  BuildStamp: freesurfer-linux-ubuntu22_x86_64-7.3.2-20220804-6354275  User: oesteban  Machine: dna075  Platform: Linux  PlatformVersion: 5.14.0-427.37.1.el9_4.x86_64  CompilerName: GCC  CompilerVersion: 8.4.0
ProgramName: mri_diff  ProgramArguments: mri_diff -all-info  ProgramVersion: 7.3.2  TimeStamp: 2026/03/15-10:27:14-GMT  BuildTime: Aug  4 2022 06:17:15  BuildStamp: freesurfer-linux-ubuntu22_x86_64-7.3.2-20220804-6354275  User: oesteban  Machine: dna075  Platform: Linux  PlatformVersion: 5.14.0-427.37.1.el9_4.x86_64  CompilerName: GCC  CompilerVersion: 8.4.0
ProgramName: mri_edit_wm_with_aseg  ProgramArguments: mri_edit_wm_with_aseg -all-info  ProgramVersion: 7.3.2  TimeStamp: 2026/03/15-10:27:14-GMT  BuildTime: Aug  4 2022 06:17:15  BuildStamp: freesurfer-linux-ubuntu22_x86_64-7.3.2-20220804-6354275  User: oesteban  Machine: dna075  Platform: Linux  PlatformVersion: 5.14.0-427.37.1.el9_4.x86_64  CompilerName: GCC  CompilerVersion: 8.4.0
ProgramName: mri_em_register  ProgramArguments: mri_em_register -all-info  ProgramVersion: 7.3.2  TimeStamp: 2026/03/15-10:27:14-GMT  BuildTime: Aug  4 2022 06:17:15  BuildStamp: freesurfer-linux-ubuntu22_x86_64-7.3.2-20220804-6354275  User: oesteban  Machine: dna075  Platform: Linux  PlatformVersion: 5.14.0-427.37.1.el9_4.x86_64  CompilerName: GCC  CompilerVersion: 8.4.0
ProgramName: mri_fill  ProgramArguments: mri_fill -all-info  ProgramVersion: 7.3.2  TimeStamp: 2026/03/15-10:27:14-GMT  BuildTime: Aug  4 2022 06:17:15  BuildStamp: freesurfer-linux-ubuntu22_x86_64-7.3.2-20220804-6354275  User: oesteban  Machine: dna075  Platform: Linux  PlatformVersion: 5.14.0-427.37.1.el9_4.x86_64  CompilerName: GCC  CompilerVersion: 8.4.0
ProgramName: mri_fuse_segmentations  ProgramArguments: mri_fuse_segmentations -all-info  ProgramVersion: 7.3.2  TimeStamp: 2026/03/15-10:27:14-GMT  BuildTime: Aug  4 2022 06:17:15  BuildStamp: freesurfer-linux-ubuntu22_x86_64-7.3.2-20220804-6354275  User: oesteban  Machine: dna075  Platform: Linux  PlatformVersion: 5.14.0-427.37.1.el9_4.x86_64  CompilerName: GCC  CompilerVersion: 8.4.0
ProgramName: mri_fwhm  ProgramArguments: mri_fwhm -all-info  ProgramVersion: 7.3.2  TimeStamp: 2026/03/15-10:27:14-GMT  BuildTime: Aug  4 2022 06:17:15  BuildStamp: freesurfer-linux-ubuntu22_x86_64-7.3.2-20220804-6354275  User: oesteban  Machine: dna075  Platform: Linux  PlatformVersion: 5.14.0-427.37.1.el9_4.x86_64  CompilerName: GCC  CompilerVersion: 8.4.0
ProgramName: mri_gcut  ProgramArguments: mri_gcut -all-info  ProgramVersion: 7.3.2  TimeStamp: 2026/03/15-10:27:14-GMT  BuildTime: Aug  4 2022 06:17:15  BuildStamp: freesurfer-linux-ubuntu22_x86_64-7.3.2-20220804-6354275  User: oesteban  Machine: dna075  Platform: Linux  PlatformVersion: 5.14.0-427.37.1.el9_4.x86_64  CompilerName: GCC  CompilerVersion: 8.4.0
ProgramName: mri_info  ProgramArguments: mri_info -all-info  ProgramVersion: 7.3.2  TimeStamp: 2026/03/15-10:27:14-GMT  BuildTime: Aug  4 2022 06:17:15  BuildStamp: freesurfer-linux-ubuntu22_x86_64-7.3.2-20220804-6354275  User: oesteban  Machine: dna075  Platform: Linux  PlatformVersion: 5.14.0-427.37.1.el9_4.x86_64  CompilerName: GCC  CompilerVersion: 8.4.0
ProgramName: mri_label2label  ProgramArguments: mri_label2label -all-info  ProgramVersion: 7.3.2  TimeStamp: 2026/03/15-10:27:14-GMT  BuildTime: Aug  4 2022 06:17:15  BuildStamp: freesurfer-linux-ubuntu22_x86_64-7.3.2-20220804-6354275  User: oesteban  Machine: dna075  Platform: Linux  PlatformVersion: 5.14.0-427.37.1.el9_4.x86_64  CompilerName: GCC  CompilerVersion: 8.4.0
ProgramName: mri_label2vol  ProgramArguments: mri_label2vol -all-info  ProgramVersion: 7.3.2  TimeStamp: 2026/03/15-10:27:14-GMT  BuildTime: Aug  4 2022 06:17:15  BuildStamp: freesurfer-linux-ubuntu22_x86_64-7.3.2-20220804-6354275  User: oesteban  Machine: dna075  Platform: Linux  PlatformVersion: 5.14.0-427.37.1.el9_4.x86_64  CompilerName: GCC  CompilerVersion: 8.4.0
ProgramName: mri_log_likelihood  ProgramArguments: mri_log_likelihood -all-info  ProgramVersion: 7.3.2  TimeStamp: 2026/03/15-10:27:14-GMT  BuildTime: Aug  4 2022 06:17:15  BuildStamp: freesurfer-linux-ubuntu22_x86_64-7.3.2-20220804-6354275  User: oesteban  Machine: dna075  Platform: Linux  PlatformVersion: 5.14.0-427.37.1.el9_4.x86_64  CompilerName: GCC  CompilerVersion: 8.4.0
ProgramName: mri_mask  ProgramArguments: mri_mask -all-info  ProgramVersion: 7.3.2  TimeStamp: 2026/03/15-10:27:14-GMT  BuildTime: Aug  4 2022 06:17:15  BuildStamp: freesurfer-linux-ubuntu22_x86_64-7.3.2-20220804-6354275  User: oesteban  Machine: dna075  Platform: Linux  PlatformVersion: 5.14.0-427.37.1.el9_4.x86_64  CompilerName: GCC  CompilerVersion: 8.4.0
ProgramName: mri_matrix_multiply  ProgramArguments: mri_matrix_multiply -all-info  ProgramVersion: 7.3.2  TimeStamp: 2026/03/15-10:27:14-GMT  BuildTime: Aug  4 2022 06:17:15  BuildStamp: freesurfer-linux-ubuntu22_x86_64-7.3.2-20220804-6354275  User: oesteban  Machine: dna075  Platform: Linux  PlatformVersion: 5.14.0-427.37.1.el9_4.x86_64  CompilerName: GCC  CompilerVersion: 8.4.0
ProgramName: mri_normalize  ProgramArguments: mri_normalize -all-info  ProgramVersion: 7.3.2  TimeStamp: 2026/03/15-10:27:14-GMT  BuildTime: Aug  4 2022 06:17:15  BuildStamp: freesurfer-linux-ubuntu22_x86_64-7.3.2-20220804-6354275  User: oesteban  Machine: dna075  Platform: Linux  PlatformVersion: 5.14.0-427.37.1.el9_4.x86_64  CompilerName: GCC  CompilerVersion: 8.4.0
ProgramName: mri_normalize_tp2  ProgramArguments: mri_normalize_tp2 -all-info  ProgramVersion: 7.3.2  TimeStamp: 2026/03/15-10:27:14-GMT  BuildTime: Aug  4 2022 06:17:15  BuildStamp: freesurfer-linux-ubuntu22_x86_64-7.3.2-20220804-6354275  User: oesteban  Machine: dna075  Platform: Linux  PlatformVersion: 5.14.0-427.37.1.el9_4.x86_64  CompilerName: GCC  CompilerVersion: 8.4.0
ProgramName: mri_or  ProgramArguments: mri_or -all-info  ProgramVersion: 7.3.2  TimeStamp: 2026/03/15-10:27:14-GMT  BuildTime: Aug  4 2022 06:17:15  BuildStamp: freesurfer-linux-ubuntu22_x86_64-7.3.2-20220804-6354275  User: oesteban  Machine: dna075  Platform: Linux  PlatformVersion: 5.14.0-427.37.1.el9_4.x86_64  CompilerName: GCC  CompilerVersion: 8.4.0
ProgramName: mri_relabel_hypointensities  ProgramArguments: mri_relabel_hypointensities -all-info  ProgramVersion: 7.3.2  TimeStamp: 2026/03/15-10:27:14-GMT  BuildTime: Aug  4 2022 06:17:15  BuildStamp: freesurfer-linux-ubuntu22_x86_64-7.3.2-20220804-6354275  User: oesteban  Machine: dna075  Platform: Linux  PlatformVersion: 5.14.0-427.37.1.el9_4.x86_64  CompilerName: GCC  CompilerVersion: 8.4.0
ProgramName: mri_relabel_nonwm_hypos  ProgramArguments: mri_relabel_nonwm_hypos -all-info  ProgramVersion: 7.3.2  TimeStamp: 2026/03/15-10:27:14-GMT  BuildTime: Aug  4 2022 06:17:15  BuildStamp: freesurfer-linux-ubuntu22_x86_64-7.3.2-20220804-6354275  User: oesteban  Machine: dna075  Platform: Linux  PlatformVersion: 5.14.0-427.37.1.el9_4.x86_64  CompilerName: GCC  CompilerVersion: 8.4.0
ProgramName: mri_remove_neck  ProgramArguments: mri_remove_neck -all-info  ProgramVersion: 7.3.2  TimeStamp: 2026/03/15-10:27:14-GMT  BuildTime: Aug  4 2022 06:17:15  BuildStamp: freesurfer-linux-ubuntu22_x86_64-7.3.2-20220804-6354275  User: oesteban  Machine: dna075  Platform: Linux  PlatformVersion: 5.14.0-427.37.1.el9_4.x86_64  CompilerName: GCC  CompilerVersion: 8.4.0
7.3.2

ProgramName: mri_robust_register  ProgramArguments: mri_robust_register -all-info  ProgramVersion: 7.3.2  TimeStamp: 2026/03/15-10:27:14-GMT  BuildTime: Aug  4 2022 06:17:15  BuildStamp: freesurfer-linux-ubuntu22_x86_64-7.3.2-20220804-6354275  User: oesteban  Machine: dna075  Platform: Linux  PlatformVersion: 5.14.0-427.37.1.el9_4.x86_64  CompilerName: GCC  CompilerVersion: 8.4.0
7.3.2

ProgramName: mri_robust_template  ProgramArguments: mri_robust_template -all-info  ProgramVersion: 7.3.2  TimeStamp: 2026/03/15-10:27:14-GMT  BuildTime: Aug  4 2022 06:17:15  BuildStamp: freesurfer-linux-ubuntu22_x86_64-7.3.2-20220804-6354275  User: oesteban  Machine: dna075  Platform: Linux  PlatformVersion: 5.14.0-427.37.1.el9_4.x86_64  CompilerName: GCC  CompilerVersion: 8.4.0
ProgramName: mris_anatomical_stats  ProgramArguments: mris_anatomical_stats -all-info  ProgramVersion: 7.3.2  TimeStamp: 2026/03/15-10:27:14-GMT  BuildTime: Aug  4 2022 06:17:15  BuildStamp: freesurfer-linux-ubuntu22_x86_64-7.3.2-20220804-6354275  User: oesteban  Machine: dna075  Platform: Linux  PlatformVersion: 5.14.0-427.37.1.el9_4.x86_64  CompilerName: GCC  CompilerVersion: 8.4.0
ProgramName: mris_ca_label  ProgramArguments: mris_ca_label -all-info  ProgramVersion: 7.3.2  TimeStamp: 2026/03/15-10:27:14-GMT  BuildTime: Aug  4 2022 06:17:15  BuildStamp: freesurfer-linux-ubuntu22_x86_64-7.3.2-20220804-6354275  User: oesteban  Machine: dna075  Platform: Linux  PlatformVersion: 5.14.0-427.37.1.el9_4.x86_64  CompilerName: GCC  CompilerVersion: 8.4.0
ProgramName: mris_calc  ProgramArguments: mris_calc -all-info  ProgramVersion: 7.3.2  TimeStamp: 2026/03/15-10:27:14-GMT  BuildTime: Aug  4 2022 06:17:15  BuildStamp: freesurfer-linux-ubuntu22_x86_64-7.3.2-20220804-6354275  User: oesteban  Machine: dna075  Platform: Linux  PlatformVersion: 5.14.0-427.37.1.el9_4.x86_64  CompilerName: GCC  CompilerVersion: 8.4.0
ProgramName: mris_convert  ProgramArguments: mris_convert -all-info  ProgramVersion: 7.3.2  TimeStamp: 2026/03/15-10:27:14-GMT  BuildTime: Aug  4 2022 06:17:15  BuildStamp: freesurfer-linux-ubuntu22_x86_64-7.3.2-20220804-6354275  User: oesteban  Machine: dna075  Platform: Linux  PlatformVersion: 5.14.0-427.37.1.el9_4.x86_64  CompilerName: GCC  CompilerVersion: 8.4.0
ProgramName: mris_curvature  ProgramArguments: mris_curvature -all-info  ProgramVersion: 7.3.2  TimeStamp: 2026/03/15-10:27:14-GMT  BuildTime: Aug  4 2022 06:17:15  BuildStamp: freesurfer-linux-ubuntu22_x86_64-7.3.2-20220804-6354275  User: oesteban  Machine: dna075  Platform: Linux  PlatformVersion: 5.14.0-427.37.1.el9_4.x86_64  CompilerName: GCC  CompilerVersion: 8.4.0
ProgramName: mris_curvature_stats  ProgramArguments: mris_curvature_stats -all-info  ProgramVersion: 7.3.2  TimeStamp: 2026/03/15-10:27:14-GMT  BuildTime: Aug  4 2022 06:17:15  BuildStamp: freesurfer-linux-ubuntu22_x86_64-7.3.2-20220804-6354275  User: oesteban  Machine: dna075  Platform: Linux  PlatformVersion: 5.14.0-427.37.1.el9_4.x86_64  CompilerName: GCC  CompilerVersion: 8.4.0
ProgramName: mris_diff  ProgramArguments: mris_diff -all-info  ProgramVersion: 7.3.2  TimeStamp: 2026/03/15-10:27:14-GMT  BuildTime: Aug  4 2022 06:17:15  BuildStamp: freesurfer-linux-ubuntu22_x86_64-7.3.2-20220804-6354275  User: oesteban  Machine: dna075  Platform: Linux  PlatformVersion: 5.14.0-427.37.1.el9_4.x86_64  CompilerName: GCC  CompilerVersion: 8.4.0
ProgramName: mris_divide_parcellation  ProgramArguments: mris_divide_parcellation -all-info  ProgramVersion: 7.3.2  TimeStamp: 2026/03/15-10:27:14-GMT  BuildTime: Aug  4 2022 06:17:15  BuildStamp: freesurfer-linux-ubuntu22_x86_64-7.3.2-20220804-6354275  User: oesteban  Machine: dna075  Platform: Linux  PlatformVersion: 5.14.0-427.37.1.el9_4.x86_64  CompilerName: GCC  CompilerVersion: 8.4.0
ProgramName: mri_segment  ProgramArguments: mri_segment -all-info  ProgramVersion: 7.3.2  TimeStamp: 2026/03/15-10:27:14-GMT  BuildTime: Aug  4 2022 06:17:15  BuildStamp: freesurfer-linux-ubuntu22_x86_64-7.3.2-20220804-6354275  User: oesteban  Machine: dna075  Platform: Linux  PlatformVersion: 5.14.0-427.37.1.el9_4.x86_64  CompilerName: GCC  CompilerVersion: 8.4.0
ProgramName: mri_segstats  ProgramArguments: mri_segstats -all-info  ProgramVersion: 7.3.2  TimeStamp: 2026/03/15-10:27:14-GMT  BuildTime: Aug  4 2022 06:17:15  BuildStamp: freesurfer-linux-ubuntu22_x86_64-7.3.2-20220804-6354275  User: oesteban  Machine: dna075  Platform: Linux  PlatformVersion: 5.14.0-427.37.1.el9_4.x86_64  CompilerName: GCC  CompilerVersion: 8.4.0
ProgramName: mris_euler_number  ProgramArguments: mris_euler_number -all-info  ProgramVersion: 7.3.2  TimeStamp: 2026/03/15-10:27:14-GMT  BuildTime: Aug  4 2022 06:17:15  BuildStamp: freesurfer-linux-ubuntu22_x86_64-7.3.2-20220804-6354275  User: oesteban  Machine: dna075  Platform: Linux  PlatformVersion: 5.14.0-427.37.1.el9_4.x86_64  CompilerName: GCC  CompilerVersion: 8.4.0
ProgramName: mris_fix_topology  ProgramArguments: mris_fix_topology -all-info  ProgramVersion: 7.3.2  TimeStamp: 2026/03/15-10:27:14-GMT  BuildTime: Aug  4 2022 06:17:15  BuildStamp: freesurfer-linux-ubuntu22_x86_64-7.3.2-20220804-6354275  User: oesteban  Machine: dna075  Platform: Linux  PlatformVersion: 5.14.0-427.37.1.el9_4.x86_64  CompilerName: GCC  CompilerVersion: 8.4.0
ProgramName: mris_topo_fixer  ProgramArguments: mris_topo_fixer -all-info  ProgramVersion: 7.3.2  TimeStamp: 2026/03/15-10:27:14-GMT  BuildTime: Aug  4 2022 06:17:15  BuildStamp: freesurfer-linux-ubuntu22_x86_64-7.3.2-20220804-6354275  User: oesteban  Machine: dna075  Platform: Linux  PlatformVersion: 5.14.0-427.37.1.el9_4.x86_64  CompilerName: GCC  CompilerVersion: 8.4.0
ProgramName: mris_jacobian  ProgramArguments: mris_jacobian -all-info  ProgramVersion: 7.3.2  TimeStamp: 2026/03/15-10:27:14-GMT  BuildTime: Aug  4 2022 06:17:15  BuildStamp: freesurfer-linux-ubuntu22_x86_64-7.3.2-20220804-6354275  User: oesteban  Machine: dna075  Platform: Linux  PlatformVersion: 5.14.0-427.37.1.el9_4.x86_64  CompilerName: GCC  CompilerVersion: 8.4.0
ProgramName: mris_label2annot  ProgramArguments: mris_label2annot -all-info  ProgramVersion: 7.3.2  TimeStamp: 2026/03/15-10:27:14-GMT  BuildTime: Aug  4 2022 06:17:15  BuildStamp: freesurfer-linux-ubuntu22_x86_64-7.3.2-20220804-6354275  User: oesteban  Machine: dna075  Platform: Linux  PlatformVersion: 5.14.0-427.37.1.el9_4.x86_64  CompilerName: GCC  CompilerVersion: 8.4.0
ProgramName: mris_left_right_register  ProgramArguments: mris_left_right_register -all-info  ProgramVersion: 7.3.2  TimeStamp: 2026/03/15-10:27:14-GMT  BuildTime: Aug  4 2022 06:17:15  BuildStamp: freesurfer-linux-ubuntu22_x86_64-7.3.2-20220804-6354275  User: oesteban  Machine: dna075  Platform: Linux  PlatformVersion: 5.14.0-427.37.1.el9_4.x86_64  CompilerName: GCC  CompilerVersion: 8.4.0
ProgramName: mris_place_surface  ProgramArguments: mris_place_surface -all-info  ProgramVersion: 7.3.2  TimeStamp: 2026/03/15-10:27:14-GMT  BuildTime: Aug  4 2022 06:17:15  BuildStamp: freesurfer-linux-ubuntu22_x86_64-7.3.2-20220804-6354275  User: oesteban  Machine: dna075  Platform: Linux  PlatformVersion: 5.14.0-427.37.1.el9_4.x86_64  CompilerName: GCC  CompilerVersion: 8.4.0
ProgramName: mrisp_paint  ProgramArguments: mrisp_paint -all-info  ProgramVersion: 7.3.2  TimeStamp: 2026/03/15-10:27:14-GMT  BuildTime: Aug  4 2022 06:17:15  BuildStamp: freesurfer-linux-ubuntu22_x86_64-7.3.2-20220804-6354275  User: oesteban  Machine: dna075  Platform: Linux  PlatformVersion: 5.14.0-427.37.1.el9_4.x86_64  CompilerName: GCC  CompilerVersion: 8.4.0
ProgramName: mris_register  ProgramArguments: mris_register -all-info  ProgramVersion: 7.3.2  TimeStamp: 2026/03/15-10:27:14-GMT  BuildTime: Aug  4 2022 06:17:15  BuildStamp: freesurfer-linux-ubuntu22_x86_64-7.3.2-20220804-6354275  User: oesteban  Machine: dna075  Platform: Linux  PlatformVersion: 5.14.0-427.37.1.el9_4.x86_64  CompilerName: GCC  CompilerVersion: 8.4.0
ProgramName: mris_smooth  ProgramArguments: mris_smooth -all-info  ProgramVersion: 7.3.2  TimeStamp: 2026/03/15-10:27:14-GMT  BuildTime: Aug  4 2022 06:17:15  BuildStamp: freesurfer-linux-ubuntu22_x86_64-7.3.2-20220804-6354275  User: oesteban  Machine: dna075  Platform: Linux  PlatformVersion: 5.14.0-427.37.1.el9_4.x86_64  CompilerName: GCC  CompilerVersion: 8.4.0
ProgramName: mris_sphere  ProgramArguments: mris_sphere -all-info  ProgramVersion: 7.3.2  TimeStamp: 2026/03/15-10:27:14-GMT  BuildTime: Aug  4 2022 06:17:15  BuildStamp: freesurfer-linux-ubuntu22_x86_64-7.3.2-20220804-6354275  User: oesteban  Machine: dna075  Platform: Linux  PlatformVersion: 5.14.0-427.37.1.el9_4.x86_64  CompilerName: GCC  CompilerVersion: 8.4.0
ProgramName: mris_surface_stats  ProgramArguments: mris_surface_stats -all-info  ProgramVersion: 7.3.2  TimeStamp: 2026/03/15-10:27:14-GMT  BuildTime: Aug  4 2022 06:17:15  BuildStamp: freesurfer-linux-ubuntu22_x86_64-7.3.2-20220804-6354275  User: oesteban  Machine: dna075  Platform: Linux  PlatformVersion: 5.14.0-427.37.1.el9_4.x86_64  CompilerName: GCC  CompilerVersion: 8.4.0
ProgramName: mri_stats2seg  ProgramArguments: mri_stats2seg -all-info  ProgramVersion: 7.3.2  TimeStamp: 2026/03/15-10:27:14-GMT  BuildTime: Aug  4 2022 06:17:15  BuildStamp: freesurfer-linux-ubuntu22_x86_64-7.3.2-20220804-6354275  User: oesteban  Machine: dna075  Platform: Linux  PlatformVersion: 5.14.0-427.37.1.el9_4.x86_64  CompilerName: GCC  CompilerVersion: 8.4.0
ProgramName: mris_thickness  ProgramArguments: mris_thickness -all-info  ProgramVersion: 7.3.2  TimeStamp: 2026/03/15-10:27:14-GMT  BuildTime: Aug  4 2022 06:17:15  BuildStamp: freesurfer-linux-ubuntu22_x86_64-7.3.2-20220804-6354275  User: oesteban  Machine: dna075  Platform: Linux  PlatformVersion: 5.14.0-427.37.1.el9_4.x86_64  CompilerName: GCC  CompilerVersion: 8.4.0
ProgramName: mris_thickness_diff  ProgramArguments: mris_thickness_diff -all-info  ProgramVersion: 7.3.2  TimeStamp: 2026/03/15-10:27:14-GMT  BuildTime: Aug  4 2022 06:17:15  BuildStamp: freesurfer-linux-ubuntu22_x86_64-7.3.2-20220804-6354275  User: oesteban  Machine: dna075  Platform: Linux  PlatformVersion: 5.14.0-427.37.1.el9_4.x86_64  CompilerName: GCC  CompilerVersion: 8.4.0
ProgramName: mris_topo_fixer  ProgramArguments: mris_topo_fixer -all-info  ProgramVersion: 7.3.2  TimeStamp: 2026/03/15-10:27:14-GMT  BuildTime: Aug  4 2022 06:17:15  BuildStamp: freesurfer-linux-ubuntu22_x86_64-7.3.2-20220804-6354275  User: oesteban  Machine: dna075  Platform: Linux  PlatformVersion: 5.14.0-427.37.1.el9_4.x86_64  CompilerName: GCC  CompilerVersion: 8.4.0
ProgramName: mri_surf2surf  ProgramArguments: mri_surf2surf -all-info  ProgramVersion: 7.3.2  TimeStamp: 2026/03/15-10:27:14-GMT  BuildTime: Aug  4 2022 06:17:15  BuildStamp: freesurfer-linux-ubuntu22_x86_64-7.3.2-20220804-6354275  User: oesteban  Machine: dna075  Platform: Linux  PlatformVersion: 5.14.0-427.37.1.el9_4.x86_64  CompilerName: GCC  CompilerVersion: 8.4.0
ProgramName: mri_surf2vol  ProgramArguments: mri_surf2vol -all-info  ProgramVersion: 7.3.2  TimeStamp: 2026/03/15-10:27:14-GMT  BuildTime: Aug  4 2022 06:17:15  BuildStamp: freesurfer-linux-ubuntu22_x86_64-7.3.2-20220804-6354275  User: oesteban  Machine: dna075  Platform: Linux  PlatformVersion: 5.14.0-427.37.1.el9_4.x86_64  CompilerName: GCC  CompilerVersion: 8.4.0
ProgramName: mri_surfcluster  ProgramArguments: mri_surfcluster -all-info  ProgramVersion: 7.3.2  TimeStamp: 2026/03/15-10:27:14-GMT  BuildTime: Aug  4 2022 06:17:15  BuildStamp: freesurfer-linux-ubuntu22_x86_64-7.3.2-20220804-6354275  User: oesteban  Machine: dna075  Platform: Linux  PlatformVersion: 5.14.0-427.37.1.el9_4.x86_64  CompilerName: GCC  CompilerVersion: 8.4.0
ProgramName: mris_volmask  ProgramArguments: mris_volmask -all-info  ProgramVersion: 7.3.2  TimeStamp: 2026/03/15-10:27:14-GMT  BuildTime: Aug  4 2022 06:17:15  BuildStamp: freesurfer-linux-ubuntu22_x86_64-7.3.2-20220804-6354275  User: oesteban  Machine: dna075  Platform: Linux  PlatformVersion: 5.14.0-427.37.1.el9_4.x86_64  CompilerName: GCC  CompilerVersion: 8.4.0
ProgramName: mri_tessellate  ProgramArguments: mri_tessellate -all-info  ProgramVersion: 7.3.2  TimeStamp: 2026/03/15-10:27:14-GMT  BuildTime: Aug  4 2022 06:17:15  BuildStamp: freesurfer-linux-ubuntu22_x86_64-7.3.2-20220804-6354275  User: oesteban  Machine: dna075  Platform: Linux  PlatformVersion: 5.14.0-427.37.1.el9_4.x86_64  CompilerName: GCC  CompilerVersion: 8.4.0
ProgramName: mri_vol2surf  ProgramArguments: mri_vol2surf -all-info  ProgramVersion: 7.3.2  TimeStamp: 2026/03/15-10:27:14-GMT  BuildTime: Aug  4 2022 06:17:15  BuildStamp: freesurfer-linux-ubuntu22_x86_64-7.3.2-20220804-6354275  User: oesteban  Machine: dna075  Platform: Linux  PlatformVersion: 5.14.0-427.37.1.el9_4.x86_64  CompilerName: GCC  CompilerVersion: 8.4.0
ProgramName: mri_vol2vol  ProgramArguments: mri_vol2vol -all-info  ProgramVersion: 7.3.2  TimeStamp: 2026/03/15-10:27:14-GMT  BuildTime: Aug  4 2022 06:17:15  BuildStamp: freesurfer-linux-ubuntu22_x86_64-7.3.2-20220804-6354275  User: oesteban  Machine: dna075  Platform: Linux  PlatformVersion: 5.14.0-427.37.1.el9_4.x86_64  CompilerName: GCC  CompilerVersion: 8.4.0
ProgramName: mri_voldiff  ProgramArguments: mri_voldiff -all-info  ProgramVersion: 7.3.2  TimeStamp: 2026/03/15-10:27:14-GMT  BuildTime: Aug  4 2022 06:17:15  BuildStamp: freesurfer-linux-ubuntu22_x86_64-7.3.2-20220804-6354275  User: oesteban  Machine: dna075  Platform: Linux  PlatformVersion: 5.14.0-427.37.1.el9_4.x86_64  CompilerName: GCC  CompilerVersion: 8.4.0
ProgramName: mri_watershed  ProgramArguments: mri_watershed -all-info  ProgramVersion: 7.3.2  TimeStamp: 2026/03/15-10:27:14-GMT  BuildTime: Aug  4 2022 06:17:15  BuildStamp: freesurfer-linux-ubuntu22_x86_64-7.3.2-20220804-6354275  User: oesteban  Machine: dna075  Platform: Linux  PlatformVersion: 5.14.0-427.37.1.el9_4.x86_64  CompilerName: GCC  CompilerVersion: 8.4.0
ProgramName: tkregister2  ProgramArguments: tkregister2_cmdl -all-info  ProgramVersion: 7.3.2  TimeStamp: 2026/03/15-10:27:14-GMT  BuildTime: Aug  4 2022 06:17:15  BuildStamp: freesurfer-linux-ubuntu22_x86_64-7.3.2-20220804-6354275  User: oesteban  Machine: dna075  Platform: Linux  PlatformVersion: 5.14.0-427.37.1.el9_4.x86_64  CompilerName: GCC  CompilerVersion: 8.4.0
mri_motion_correct.fsl 7.3.2
mri_convert -all-info 
ProgramName: mri_convert  ProgramArguments: mri_convert -all-info  ProgramVersion: 7.3.2  TimeStamp: 2026/03/15-10:27:14-GMT  BuildTime: Aug  4 2022 06:17:15  BuildStamp: freesurfer-linux-ubuntu22_x86_64-7.3.2-20220804-6354275  User: oesteban  Machine: dna075  Platform: Linux  PlatformVersion: 5.14.0-427.37.1.el9_4.x86_64  CompilerName: GCC  CompilerVersion: 8.4.0
Program nu_correct, built from:
Package MNI N3, version 1.12.0, compiled by nicks@terrier (x86_64-unknown-linux-gnu) on 2015-06-19 at 01:25:34
#######################################
GCADIR /opt/freesurfer/average
GCA RB_all_2020-01-02.gca
GCASkull RB_all_withskull_2020_01_02.gca
AvgCurvTif folding.atlas.acfb40.noaparc.i12.2016-08-02.tif
GCSDIR /opt/freesurfer/average
GCS DKaparc.atlas.acfb40.noaparc.i12.2016-08-02.gcs
#######################################
#-------------------------------------
#@# EM Registration Sun Mar 15 11:27:14 CET 2026
/out/sourcedata/freesurfer/sub-v2s10x29005_ses-1/mri

 mri_em_register -uns 3 -mask brainmask.mgz nu.mgz /opt/freesurfer/average/RB_all_2020-01-02.gca transforms/talairach.lta 

setting unknown_nbr_spacing = 3
using MR volume brainmask.mgz to mask input volume...

== Number of threads available to mri_em_register for OpenMP = 16 == 
reading 1 input volumes...
logging results to talairach.log
reading '/opt/freesurfer/average/RB_all_2020-01-02.gca'...
GCAread took 0 minutes and 1 seconds.
average std = 7.2   using min determinant for regularization = 5.2
0 singular and 884 ill-conditioned covariance matrices regularized
reading 'nu.mgz'...
MRImask(): AllowDiffGeom = 1
MRImask(): AllowDiffGeom = 1
MRImask(): AllowDiffGeom = 1
MRImask(): AllowDiffGeom = 1
MRImask(): AllowDiffGeom = 1
freeing gibbs priors...done.
accounting for voxel sizes in initial transform
bounding unknown intensity as < 5.9 or > 519.0 
total sample mean = 79.1 (1017 zeros)
************************************************
spacing=8, using 2841 sample points, tol=1.00e-05...
************************************************
register_mri: find_optimal_transform
find_optimal_transform: nsamples 2841, passno 0, spacing 8
resetting wm mean[0]: 98 --> 107
resetting gm mean[0]: 61 --> 61
input volume #1 is the most T1-like
using real data threshold=28.0
skull bounding box = (59, 30, 42) --> (199, 138, 209)
finding center of left hemi white matter
using (106, 66, 126) as brain centroid of Right_Cerebral_White_Matter...
MRImask(): AllowDiffGeom = 1
mean wm in atlas = 107, using box (89,53,105) --> (123, 79,146) to find MRI wm
before smoothing, mri peak at 109
robust fit to distribution - 108 +- 4.1
after smoothing, mri peak at 108, scaling input intensities by 0.991
scaling channel 0 by 0.990741
initial log_p = -4.620
************************************************
First Search limited to translation only.
************************************************
max log p =    -3.890807 @ (-10.526, 31.579, -10.526)
max log p =    -3.624199 @ (5.263, -5.263, -5.263)
max log p =    -3.609216 @ (2.632, -2.632, 2.632)
max log p =    -3.574104 @ (-1.316, 1.316, -1.316)
max log p =    -3.574104 @ (0.000, 0.000, 0.000)
max log p =    -3.564519 @ (-0.329, -0.329, -0.987)
max log p =    -3.564519 @ (0.000, 0.000, 0.000)
max log p =    -3.564519 @ (0.000, 0.000, 0.000)
Found translation: (-4.3, 24.7, -15.5): log p = -3.565
****************************************
Nine parameter search.  iteration 0 nscales = 0 ...
****************************************
Result so far: scale 1.000: max_log_p=-3.327, old_max_log_p =-3.565 (thresh=-3.6)
 1.07500   0.00000   0.00000  -14.10721;
 0.00000   1.23625   0.00000   9.81725;
 0.00000   0.00000   1.00000  -15.46053;
 0.00000   0.00000   0.00000   1.00000;
iteration took 0 minutes and 7 seconds.
****************************************
Nine parameter search.  iteration 1 nscales = 0 ...
****************************************
Result so far: scale 1.000: max_log_p=-3.327, old_max_log_p =-3.327 (thresh=-3.3)
 1.07500   0.00000   0.00000  -14.10721;
 0.00000   1.23625   0.00000   9.81725;
 0.00000   0.00000   1.00000  -15.46053;
 0.00000   0.00000   0.00000   1.00000;
reducing scale to 0.2500
iteration took 0 minutes and 8 seconds.
****************************************
Nine parameter search.  iteration 2 nscales = 1 ...
****************************************
Result so far: scale 0.250: max_log_p=-3.163, old_max_log_p =-3.327 (thresh=-3.3)
 1.03247   0.07782   0.00000  -15.42411;
-0.06899   1.21047   0.00000   19.26798;
 0.00000   0.00000   1.01875  -15.85205;
 0.00000   0.00000   0.00000   1.00000;
iteration took 0 minutes and 7 seconds.
****************************************
Nine parameter search.  iteration 3 nscales = 1 ...
****************************************
Result so far: scale 0.250: max_log_p=-3.163, old_max_log_p =-3.163 (thresh=-3.2)
 1.03247   0.07782   0.00000  -15.42411;
-0.06899   1.21047   0.00000   19.26798;
 0.00000   0.00000   1.01875  -15.85205;
 0.00000   0.00000   0.00000   1.00000;
reducing scale to 0.0625
iteration took 0 minutes and 7 seconds.
****************************************
Nine parameter search.  iteration 4 nscales = 2 ...
****************************************
Result so far: scale 0.062: max_log_p=-3.122, old_max_log_p =-3.163 (thresh=-3.2)
 1.03750   0.03837  -0.02504  -8.60872;
-0.03512   1.21518   0.00777   13.48333;
 0.02565  -0.00837   1.01722  -17.79838;
 0.00000   0.00000   0.00000   1.00000;
iteration took 0 minutes and 7 seconds.
****************************************
Nine parameter search.  iteration 5 nscales = 2 ...
****************************************
Result so far: scale 0.062: max_log_p=-3.119, old_max_log_p =-3.122 (thresh=-3.1)
 1.03750   0.03837  -0.02504  -8.60872;
-0.03512   1.21518   0.00777   13.48333;
 0.02568  -0.00838   1.01841  -17.94277;
 0.00000   0.00000   0.00000   1.00000;
iteration took 0 minutes and 7 seconds.
****************************************
Nine parameter search.  iteration 6 nscales = 2 ...
****************************************
Result so far: scale 0.062: max_log_p=-3.119, old_max_log_p =-3.119 (thresh=-3.1)
 1.03750   0.03837  -0.02504  -8.60872;
-0.03512   1.21518   0.00777   13.48333;
 0.02568  -0.00838   1.01841  -17.94277;
 0.00000   0.00000   0.00000   1.00000;
min search scale 0.025000 reached
***********************************************
Computing MAP estimate using 2841 samples...
***********************************************
dt = 5.00e-06, momentum=0.80, tol=1.00e-05
l_intensity = 1.0000
Aligning input volume to GCA...
Transform matrix
 1.03750   0.03837  -0.02504  -8.60872;
-0.03512   1.21518   0.00777   13.48333;
 0.02568  -0.00838   1.01841  -17.94277;
 0.00000   0.00000   0.00000   1.00000;
nsamples 2841
Quasinewton: input matrix
 1.03750   0.03837  -0.02504  -8.60872;
-0.03512   1.21518   0.00777   13.48333;
 0.02568  -0.00838   1.01841  -17.94277;
 0.00000   0.00000   0.00000   1.00000;
 IFLAG= -1  LINE SEARCH FAILED. SEE DOCUMENTATION OF ROUTINE MCSRCH ERROR RETURN OF LINE SEARCH: INFO= 4 POSSIBLE CAUSES: FUNCTION OR GRADIENT ARE INCORRECT OR INCORRECT TOLERANCESoutof QuasiNewtonEMA: 009: -log(p) =   -0.0  tol 0.000010
Resulting transform:
 1.03750   0.03837  -0.02504  -8.60872;
-0.03512   1.21518   0.00777   13.48333;
 0.02568  -0.00838   1.01841  -17.94277;
 0.00000   0.00000   0.00000   1.00000;

pass 1, spacing 8: log(p) = -3.119 (old=-4.620)
transform before final EM align:
 1.03750   0.03837  -0.02504  -8.60872;
-0.03512   1.21518   0.00777   13.48333;
 0.02568  -0.00838   1.01841  -17.94277;
 0.00000   0.00000   0.00000   1.00000;

**************************************************
 EM alignment process ...
 Computing final MAP estimate using 315638 samples. 
**************************************************
dt = 5.00e-06, momentum=0.80, tol=1.00e-07
l_intensity = 1.0000
Aligning input volume to GCA...
Transform matrix
 1.03750   0.03837  -0.02504  -8.60872;
-0.03512   1.21518   0.00777   13.48333;
 0.02568  -0.00838   1.01841  -17.94277;
 0.00000   0.00000   0.00000   1.00000;
nsamples 315638
Quasinewton: input matrix
 1.03750   0.03837  -0.02504  -8.60872;
-0.03512   1.21518   0.00777   13.48333;
 0.02568  -0.00838   1.01841  -17.94277;
 0.00000   0.00000   0.00000   1.00000;
 IFLAG= -1  LINE SEARCH FAILED. SEE DOCUMENTATION OF ROUTINE MCSRCH ERROR RETURN OF LINE SEARCH: INFO= 6 POSSIBLE CAUSES: FUNCTION OR GRADIENT ARE INCORRECT OR INCORRECT TOLERANCESoutof QuasiNewtonEMA: 011: -log(p) =    3.7  tol 0.000000
final transform:
 1.03750   0.03837  -0.02504  -8.60872;
-0.03512   1.21518   0.00777   13.48333;
 0.02568  -0.00838   1.01841  -17.94277;
 0.00000   0.00000   0.00000   1.00000;

writing output transformation to transforms/talairach.lta...
#VMPC# mri_em_register VmPeak  891280
FSRUNTIME@ mri_em_register  0.0199 hours 16 threads
registration took 1 minutes and 12 seconds.

Started at Sun Mar 15 11:27:14 CET 2026 
Ended   at Sun Mar 15 11:28:26 CET 2026
#@#%# recon-all-run-time-hours 0.020
recon-all -s sub-v2s10x29005_ses-1 finished without error at Sun Mar 15 11:28:26 CET 2026



#New# invocation of recon-all 




Sun Mar 15 11:28:28 CET 2026
cd /out/sourcedata/freesurfer/sub-v2s10x29005_ses-1
setenv SUBJECTS_DIR /out/sourcedata/freesurfer
/opt/freesurfer/bin/recon-all -autorecon2-volonly -openmp 16 -subjid sub-v2s10x29005_ses-1 -sd /out/sourcedata/freesurfer -nogcareg

subjid sub-v2s10x29005_ses-1
setenv SUBJECTS_DIR /out/sourcedata/freesurfer
FREESURFER_HOME /opt/freesurfer
Actual FREESURFER_HOME /opt/freesurfer
build-stamp.txt: freesurfer-linux-ubuntu22_x86_64-7.3.2-20220804-6354275
Linux dna075 5.14.0-427.37.1.el9_4.x86_64 #1 SMP PREEMPT_DYNAMIC Fri Sep 13 12:41:50 EDT 2024 x86_64 x86_64 x86_64 GNU/Linux
cputime      unlimited
filesize     unlimited
datasize     unlimited
stacksize    8192 kbytes
coredumpsize 0 kbytes
memoryuse    67108864 kbytes
vmemoryuse   unlimited
descriptors  1024 
memorylocked unlimited
maxproc      2061970 
maxlocks     unlimited
maxsignal    2062029 
maxmessage   819200 
maxnice      0 
maxrtprio    0 
maxrttime    unlimited

               total        used        free      shared  buff/cache   available
Mem:           503Gi        57Gi       393Gi        10Gi        52Gi       432Gi
Swap:             0B          0B          0B

########################################
program versions used
7.3.2 (freesurfer-linux-ubuntu22_x86_64-7.3.2-20220804-6354275)
7.3.2

ProgramName: lta_convert  ProgramArguments: lta_convert -all-info  ProgramVersion: 7.3.2  TimeStamp: 2026/03/15-10:28:28-GMT  BuildTime: Aug  4 2022 06:17:15  BuildStamp: freesurfer-linux-ubuntu22_x86_64-7.3.2-20220804-6354275  User: oesteban  Machine: dna075  Platform: Linux  PlatformVersion: 5.14.0-427.37.1.el9_4.x86_64  CompilerName: GCC  CompilerVersion: 8.4.0
ProgramName: mri_and  ProgramArguments: mri_and -all-info  ProgramVersion: 7.3.2  TimeStamp: 2026/03/15-10:28:28-GMT  BuildTime: Aug  4 2022 06:17:15  BuildStamp: freesurfer-linux-ubuntu22_x86_64-7.3.2-20220804-6354275  User: oesteban  Machine: dna075  Platform: Linux  PlatformVersion: 5.14.0-427.37.1.el9_4.x86_64  CompilerName: GCC  CompilerVersion: 8.4.0
ProgramName: mri_annotation2label  ProgramArguments: mri_annotation2label -all-info  ProgramVersion: 7.3.2  TimeStamp: 2026/03/15-10:28:28-GMT  BuildTime: Aug  4 2022 06:17:15  BuildStamp: freesurfer-linux-ubuntu22_x86_64-7.3.2-20220804-6354275  User: oesteban  Machine: dna075  Platform: Linux  PlatformVersion: 5.14.0-427.37.1.el9_4.x86_64  CompilerName: GCC  CompilerVersion: 8.4.0
ProgramName: mri_aparc2aseg  ProgramArguments: mri_aparc2aseg -all-info  ProgramVersion: 7.3.2  TimeStamp: 2026/03/15-10:28:28-GMT  BuildTime: Aug  4 2022 06:17:15  BuildStamp: freesurfer-linux-ubuntu22_x86_64-7.3.2-20220804-6354275  User: oesteban  Machine: dna075  Platform: Linux  PlatformVersion: 5.14.0-427.37.1.el9_4.x86_64  CompilerName: GCC  CompilerVersion: 8.4.0
ProgramName: mri_surf2volseg  ProgramArguments: mri_surf2volseg -all-info  ProgramVersion: 7.3.2  TimeStamp: 2026/03/15-10:28:28-GMT  BuildTime: Aug  4 2022 06:17:15  BuildStamp: freesurfer-linux-ubuntu22_x86_64-7.3.2-20220804-6354275  User: oesteban  Machine: dna075  Platform: Linux  PlatformVersion: 5.14.0-427.37.1.el9_4.x86_64  CompilerName: GCC  CompilerVersion: 8.4.0
ProgramName: mri_binarize  ProgramArguments: mri_binarize -all-info  ProgramVersion: 7.3.2  TimeStamp: 2026/03/15-10:28:28-GMT  BuildTime: Aug  4 2022 06:17:15  BuildStamp: freesurfer-linux-ubuntu22_x86_64-7.3.2-20220804-6354275  User: oesteban  Machine: dna075  Platform: Linux  PlatformVersion: 5.14.0-427.37.1.el9_4.x86_64  CompilerName: GCC  CompilerVersion: 8.4.0
ProgramName: mri_ca_label  ProgramArguments: mri_ca_label -all-info  ProgramVersion: 7.3.2  TimeStamp: 2026/03/15-10:28:28-GMT  BuildTime: Aug  4 2022 06:17:15  BuildStamp: freesurfer-linux-ubuntu22_x86_64-7.3.2-20220804-6354275  User: oesteban  Machine: dna075  Platform: Linux  PlatformVersion: 5.14.0-427.37.1.el9_4.x86_64  CompilerName: GCC  CompilerVersion: 8.4.0
ProgramName: mri_ca_normalize  ProgramArguments: mri_ca_normalize -all-info  ProgramVersion: 7.3.2  TimeStamp: 2026/03/15-10:28:28-GMT  BuildTime: Aug  4 2022 06:17:15  BuildStamp: freesurfer-linux-ubuntu22_x86_64-7.3.2-20220804-6354275  User: oesteban  Machine: dna075  Platform: Linux  PlatformVersion: 5.14.0-427.37.1.el9_4.x86_64  CompilerName: GCC  CompilerVersion: 8.4.0
ProgramName: mri_ca_register  ProgramArguments: mri_ca_register -all-info  ProgramVersion: 7.3.2  TimeStamp: 2026/03/15-10:28:28-GMT  BuildTime: Aug  4 2022 06:17:15  BuildStamp: freesurfer-linux-ubuntu22_x86_64-7.3.2-20220804-6354275  User: oesteban  Machine: dna075  Platform: Linux  PlatformVersion: 5.14.0-427.37.1.el9_4.x86_64  CompilerName: GCC  CompilerVersion: 8.4.0
ProgramName: mri_cc  ProgramArguments: mri_cc -all-info  ProgramVersion: 7.3.2  TimeStamp: 2026/03/15-10:28:28-GMT  BuildTime: Aug  4 2022 06:17:15  BuildStamp: freesurfer-linux-ubuntu22_x86_64-7.3.2-20220804-6354275  User: oesteban  Machine: dna075  Platform: Linux  PlatformVersion: 5.14.0-427.37.1.el9_4.x86_64  CompilerName: GCC  CompilerVersion: 8.4.0
ProgramName: mri_compute_overlap  ProgramArguments: mri_compute_overlap -all-info  ProgramVersion: 7.3.2  TimeStamp: 2026/03/15-10:28:28-GMT  BuildTime: Aug  4 2022 06:17:15  BuildStamp: freesurfer-linux-ubuntu22_x86_64-7.3.2-20220804-6354275  User: oesteban  Machine: dna075  Platform: Linux  PlatformVersion: 5.14.0-427.37.1.el9_4.x86_64  CompilerName: GCC  CompilerVersion: 8.4.0
ProgramName: mri_compute_seg_overlap  ProgramArguments: mri_compute_seg_overlap -all-info  ProgramVersion: 7.3.2  TimeStamp: 2026/03/15-10:28:28-GMT  BuildTime: Aug  4 2022 06:17:15  BuildStamp: freesurfer-linux-ubuntu22_x86_64-7.3.2-20220804-6354275  User: oesteban  Machine: dna075  Platform: Linux  PlatformVersion: 5.14.0-427.37.1.el9_4.x86_64  CompilerName: GCC  CompilerVersion: 8.4.0
ProgramName: mri_concat  ProgramArguments: mri_concat -all-info  ProgramVersion: 7.3.2  TimeStamp: 2026/03/15-10:28:28-GMT  BuildTime: Aug  4 2022 06:17:15  BuildStamp: freesurfer-linux-ubuntu22_x86_64-7.3.2-20220804-6354275  User: oesteban  Machine: dna075  Platform: Linux  PlatformVersion: 5.14.0-427.37.1.el9_4.x86_64  CompilerName: GCC  CompilerVersion: 8.4.0
ProgramName: mri_concatenate_lta  ProgramArguments: mri_concatenate_lta -all-info  ProgramVersion: 7.3.2  TimeStamp: 2026/03/15-10:28:28-GMT  BuildTime: Aug  4 2022 06:17:15  BuildStamp: freesurfer-linux-ubuntu22_x86_64-7.3.2-20220804-6354275  User: oesteban  Machine: dna075  Platform: Linux  PlatformVersion: 5.14.0-427.37.1.el9_4.x86_64  CompilerName: GCC  CompilerVersion: 8.4.0
mri_convert -all-info 
ProgramName: mri_convert  ProgramArguments: mri_convert -all-info  ProgramVersion: 7.3.2  TimeStamp: 2026/03/15-10:28:28-GMT  BuildTime: Aug  4 2022 06:17:15  BuildStamp: freesurfer-linux-ubuntu22_x86_64-7.3.2-20220804-6354275  User: oesteban  Machine: dna075  Platform: Linux  PlatformVersion: 5.14.0-427.37.1.el9_4.x86_64  CompilerName: GCC  CompilerVersion: 8.4.0
ProgramName: mri_diff  ProgramArguments: mri_diff -all-info  ProgramVersion: 7.3.2  TimeStamp: 2026/03/15-10:28:28-GMT  BuildTime: Aug  4 2022 06:17:15  BuildStamp: freesurfer-linux-ubuntu22_x86_64-7.3.2-20220804-6354275  User: oesteban  Machine: dna075  Platform: Linux  PlatformVersion: 5.14.0-427.37.1.el9_4.x86_64  CompilerName: GCC  CompilerVersion: 8.4.0
ProgramName: mri_edit_wm_with_aseg  ProgramArguments: mri_edit_wm_with_aseg -all-info  ProgramVersion: 7.3.2  TimeStamp: 2026/03/15-10:28:28-GMT  BuildTime: Aug  4 2022 06:17:15  BuildStamp: freesurfer-linux-ubuntu22_x86_64-7.3.2-20220804-6354275  User: oesteban  Machine: dna075  Platform: Linux  PlatformVersion: 5.14.0-427.37.1.el9_4.x86_64  CompilerName: GCC  CompilerVersion: 8.4.0
ProgramName: mri_em_register  ProgramArguments: mri_em_register -all-info  ProgramVersion: 7.3.2  TimeStamp: 2026/03/15-10:28:28-GMT  BuildTime: Aug  4 2022 06:17:15  BuildStamp: freesurfer-linux-ubuntu22_x86_64-7.3.2-20220804-6354275  User: oesteban  Machine: dna075  Platform: Linux  PlatformVersion: 5.14.0-427.37.1.el9_4.x86_64  CompilerName: GCC  CompilerVersion: 8.4.0
ProgramName: mri_fill  ProgramArguments: mri_fill -all-info  ProgramVersion: 7.3.2  TimeStamp: 2026/03/15-10:28:28-GMT  BuildTime: Aug  4 2022 06:17:15  BuildStamp: freesurfer-linux-ubuntu22_x86_64-7.3.2-20220804-6354275  User: oesteban  Machine: dna075  Platform: Linux  PlatformVersion: 5.14.0-427.37.1.el9_4.x86_64  CompilerName: GCC  CompilerVersion: 8.4.0
ProgramName: mri_fuse_segmentations  ProgramArguments: mri_fuse_segmentations -all-info  ProgramVersion: 7.3.2  TimeStamp: 2026/03/15-10:28:28-GMT  BuildTime: Aug  4 2022 06:17:15  BuildStamp: freesurfer-linux-ubuntu22_x86_64-7.3.2-20220804-6354275  User: oesteban  Machine: dna075  Platform: Linux  PlatformVersion: 5.14.0-427.37.1.el9_4.x86_64  CompilerName: GCC  CompilerVersion: 8.4.0
ProgramName: mri_fwhm  ProgramArguments: mri_fwhm -all-info  ProgramVersion: 7.3.2  TimeStamp: 2026/03/15-10:28:28-GMT  BuildTime: Aug  4 2022 06:17:15  BuildStamp: freesurfer-linux-ubuntu22_x86_64-7.3.2-20220804-6354275  User: oesteban  Machine: dna075  Platform: Linux  PlatformVersion: 5.14.0-427.37.1.el9_4.x86_64  CompilerName: GCC  CompilerVersion: 8.4.0
ProgramName: mri_gcut  ProgramArguments: mri_gcut -all-info  ProgramVersion: 7.3.2  TimeStamp: 2026/03/15-10:28:28-GMT  BuildTime: Aug  4 2022 06:17:15  BuildStamp: freesurfer-linux-ubuntu22_x86_64-7.3.2-20220804-6354275  User: oesteban  Machine: dna075  Platform: Linux  PlatformVersion: 5.14.0-427.37.1.el9_4.x86_64  CompilerName: GCC  CompilerVersion: 8.4.0
ProgramName: mri_info  ProgramArguments: mri_info -all-info  ProgramVersion: 7.3.2  TimeStamp: 2026/03/15-10:28:28-GMT  BuildTime: Aug  4 2022 06:17:15  BuildStamp: freesurfer-linux-ubuntu22_x86_64-7.3.2-20220804-6354275  User: oesteban  Machine: dna075  Platform: Linux  PlatformVersion: 5.14.0-427.37.1.el9_4.x86_64  CompilerName: GCC  CompilerVersion: 8.4.0
ProgramName: mri_label2label  ProgramArguments: mri_label2label -all-info  ProgramVersion: 7.3.2  TimeStamp: 2026/03/15-10:28:28-GMT  BuildTime: Aug  4 2022 06:17:15  BuildStamp: freesurfer-linux-ubuntu22_x86_64-7.3.2-20220804-6354275  User: oesteban  Machine: dna075  Platform: Linux  PlatformVersion: 5.14.0-427.37.1.el9_4.x86_64  CompilerName: GCC  CompilerVersion: 8.4.0
ProgramName: mri_label2vol  ProgramArguments: mri_label2vol -all-info  ProgramVersion: 7.3.2  TimeStamp: 2026/03/15-10:28:28-GMT  BuildTime: Aug  4 2022 06:17:15  BuildStamp: freesurfer-linux-ubuntu22_x86_64-7.3.2-20220804-6354275  User: oesteban  Machine: dna075  Platform: Linux  PlatformVersion: 5.14.0-427.37.1.el9_4.x86_64  CompilerName: GCC  CompilerVersion: 8.4.0
ProgramName: mri_log_likelihood  ProgramArguments: mri_log_likelihood -all-info  ProgramVersion: 7.3.2  TimeStamp: 2026/03/15-10:28:28-GMT  BuildTime: Aug  4 2022 06:17:15  BuildStamp: freesurfer-linux-ubuntu22_x86_64-7.3.2-20220804-6354275  User: oesteban  Machine: dna075  Platform: Linux  PlatformVersion: 5.14.0-427.37.1.el9_4.x86_64  CompilerName: GCC  CompilerVersion: 8.4.0
ProgramName: mri_mask  ProgramArguments: mri_mask -all-info  ProgramVersion: 7.3.2  TimeStamp: 2026/03/15-10:28:28-GMT  BuildTime: Aug  4 2022 06:17:15  BuildStamp: freesurfer-linux-ubuntu22_x86_64-7.3.2-20220804-6354275  User: oesteban  Machine: dna075  Platform: Linux  PlatformVersion: 5.14.0-427.37.1.el9_4.x86_64  CompilerName: GCC  CompilerVersion: 8.4.0
ProgramName: mri_matrix_multiply  ProgramArguments: mri_matrix_multiply -all-info  ProgramVersion: 7.3.2  TimeStamp: 2026/03/15-10:28:28-GMT  BuildTime: Aug  4 2022 06:17:15  BuildStamp: freesurfer-linux-ubuntu22_x86_64-7.3.2-20220804-6354275  User: oesteban  Machine: dna075  Platform: Linux  PlatformVersion: 5.14.0-427.37.1.el9_4.x86_64  CompilerName: GCC  CompilerVersion: 8.4.0
ProgramName: mri_normalize  ProgramArguments: mri_normalize -all-info  ProgramVersion: 7.3.2  TimeStamp: 2026/03/15-10:28:28-GMT  BuildTime: Aug  4 2022 06:17:15  BuildStamp: freesurfer-linux-ubuntu22_x86_64-7.3.2-20220804-6354275  User: oesteban  Machine: dna075  Platform: Linux  PlatformVersion: 5.14.0-427.37.1.el9_4.x86_64  CompilerName: GCC  CompilerVersion: 8.4.0
ProgramName: mri_normalize_tp2  ProgramArguments: mri_normalize_tp2 -all-info  ProgramVersion: 7.3.2  TimeStamp: 2026/03/15-10:28:28-GMT  BuildTime: Aug  4 2022 06:17:15  BuildStamp: freesurfer-linux-ubuntu22_x86_64-7.3.2-20220804-6354275  User: oesteban  Machine: dna075  Platform: Linux  PlatformVersion: 5.14.0-427.37.1.el9_4.x86_64  CompilerName: GCC  CompilerVersion: 8.4.0
ProgramName: mri_or  ProgramArguments: mri_or -all-info  ProgramVersion: 7.3.2  TimeStamp: 2026/03/15-10:28:28-GMT  BuildTime: Aug  4 2022 06:17:15  BuildStamp: freesurfer-linux-ubuntu22_x86_64-7.3.2-20220804-6354275  User: oesteban  Machine: dna075  Platform: Linux  PlatformVersion: 5.14.0-427.37.1.el9_4.x86_64  CompilerName: GCC  CompilerVersion: 8.4.0
ProgramName: mri_relabel_hypointensities  ProgramArguments: mri_relabel_hypointensities -all-info  ProgramVersion: 7.3.2  TimeStamp: 2026/03/15-10:28:28-GMT  BuildTime: Aug  4 2022 06:17:15  BuildStamp: freesurfer-linux-ubuntu22_x86_64-7.3.2-20220804-6354275  User: oesteban  Machine: dna075  Platform: Linux  PlatformVersion: 5.14.0-427.37.1.el9_4.x86_64  CompilerName: GCC  CompilerVersion: 8.4.0
ProgramName: mri_relabel_nonwm_hypos  ProgramArguments: mri_relabel_nonwm_hypos -all-info  ProgramVersion: 7.3.2  TimeStamp: 2026/03/15-10:28:28-GMT  BuildTime: Aug  4 2022 06:17:15  BuildStamp: freesurfer-linux-ubuntu22_x86_64-7.3.2-20220804-6354275  User: oesteban  Machine: dna075  Platform: Linux  PlatformVersion: 5.14.0-427.37.1.el9_4.x86_64  CompilerName: GCC  CompilerVersion: 8.4.0
ProgramName: mri_remove_neck  ProgramArguments: mri_remove_neck -all-info  ProgramVersion: 7.3.2  TimeStamp: 2026/03/15-10:28:28-GMT  BuildTime: Aug  4 2022 06:17:15  BuildStamp: freesurfer-linux-ubuntu22_x86_64-7.3.2-20220804-6354275  User: oesteban  Machine: dna075  Platform: Linux  PlatformVersion: 5.14.0-427.37.1.el9_4.x86_64  CompilerName: GCC  CompilerVersion: 8.4.0
7.3.2

ProgramName: mri_robust_register  ProgramArguments: mri_robust_register -all-info  ProgramVersion: 7.3.2  TimeStamp: 2026/03/15-10:28:28-GMT  BuildTime: Aug  4 2022 06:17:15  BuildStamp: freesurfer-linux-ubuntu22_x86_64-7.3.2-20220804-6354275  User: oesteban  Machine: dna075  Platform: Linux  PlatformVersion: 5.14.0-427.37.1.el9_4.x86_64  CompilerName: GCC  CompilerVersion: 8.4.0
7.3.2

ProgramName: mri_robust_template  ProgramArguments: mri_robust_template -all-info  ProgramVersion: 7.3.2  TimeStamp: 2026/03/15-10:28:28-GMT  BuildTime: Aug  4 2022 06:17:15  BuildStamp: freesurfer-linux-ubuntu22_x86_64-7.3.2-20220804-6354275  User: oesteban  Machine: dna075  Platform: Linux  PlatformVersion: 5.14.0-427.37.1.el9_4.x86_64  CompilerName: GCC  CompilerVersion: 8.4.0
ProgramName: mris_anatomical_stats  ProgramArguments: mris_anatomical_stats -all-info  ProgramVersion: 7.3.2  TimeStamp: 2026/03/15-10:28:28-GMT  BuildTime: Aug  4 2022 06:17:15  BuildStamp: freesurfer-linux-ubuntu22_x86_64-7.3.2-20220804-6354275  User: oesteban  Machine: dna075  Platform: Linux  PlatformVersion: 5.14.0-427.37.1.el9_4.x86_64  CompilerName: GCC  CompilerVersion: 8.4.0
ProgramName: mris_ca_label  ProgramArguments: mris_ca_label -all-info  ProgramVersion: 7.3.2  TimeStamp: 2026/03/15-10:28:28-GMT  BuildTime: Aug  4 2022 06:17:15  BuildStamp: freesurfer-linux-ubuntu22_x86_64-7.3.2-20220804-6354275  User: oesteban  Machine: dna075  Platform: Linux  PlatformVersion: 5.14.0-427.37.1.el9_4.x86_64  CompilerName: GCC  CompilerVersion: 8.4.0
ProgramName: mris_calc  ProgramArguments: mris_calc -all-info  ProgramVersion: 7.3.2  TimeStamp: 2026/03/15-10:28:28-GMT  BuildTime: Aug  4 2022 06:17:15  BuildStamp: freesurfer-linux-ubuntu22_x86_64-7.3.2-20220804-6354275  User: oesteban  Machine: dna075  Platform: Linux  PlatformVersion: 5.14.0-427.37.1.el9_4.x86_64  CompilerName: GCC  CompilerVersion: 8.4.0
ProgramName: mris_convert  ProgramArguments: mris_convert -all-info  ProgramVersion: 7.3.2  TimeStamp: 2026/03/15-10:28:28-GMT  BuildTime: Aug  4 2022 06:17:15  BuildStamp: freesurfer-linux-ubuntu22_x86_64-7.3.2-20220804-6354275  User: oesteban  Machine: dna075  Platform: Linux  PlatformVersion: 5.14.0-427.37.1.el9_4.x86_64  CompilerName: GCC  CompilerVersion: 8.4.0
ProgramName: mris_curvature  ProgramArguments: mris_curvature -all-info  ProgramVersion: 7.3.2  TimeStamp: 2026/03/15-10:28:28-GMT  BuildTime: Aug  4 2022 06:17:15  BuildStamp: freesurfer-linux-ubuntu22_x86_64-7.3.2-20220804-6354275  User: oesteban  Machine: dna075  Platform: Linux  PlatformVersion: 5.14.0-427.37.1.el9_4.x86_64  CompilerName: GCC  CompilerVersion: 8.4.0
ProgramName: mris_curvature_stats  ProgramArguments: mris_curvature_stats -all-info  ProgramVersion: 7.3.2  TimeStamp: 2026/03/15-10:28:28-GMT  BuildTime: Aug  4 2022 06:17:15  BuildStamp: freesurfer-linux-ubuntu22_x86_64-7.3.2-20220804-6354275  User: oesteban  Machine: dna075  Platform: Linux  PlatformVersion: 5.14.0-427.37.1.el9_4.x86_64  CompilerName: GCC  CompilerVersion: 8.4.0
ProgramName: mris_diff  ProgramArguments: mris_diff -all-info  ProgramVersion: 7.3.2  TimeStamp: 2026/03/15-10:28:28-GMT  BuildTime: Aug  4 2022 06:17:15  BuildStamp: freesurfer-linux-ubuntu22_x86_64-7.3.2-20220804-6354275  User: oesteban  Machine: dna075  Platform: Linux  PlatformVersion: 5.14.0-427.37.1.el9_4.x86_64  CompilerName: GCC  CompilerVersion: 8.4.0
ProgramName: mris_divide_parcellation  ProgramArguments: mris_divide_parcellation -all-info  ProgramVersion: 7.3.2  TimeStamp: 2026/03/15-10:28:28-GMT  BuildTime: Aug  4 2022 06:17:15  BuildStamp: freesurfer-linux-ubuntu22_x86_64-7.3.2-20220804-6354275  User: oesteban  Machine: dna075  Platform: Linux  PlatformVersion: 5.14.0-427.37.1.el9_4.x86_64  CompilerName: GCC  CompilerVersion: 8.4.0
ProgramName: mri_segment  ProgramArguments: mri_segment -all-info  ProgramVersion: 7.3.2  TimeStamp: 2026/03/15-10:28:28-GMT  BuildTime: Aug  4 2022 06:17:15  BuildStamp: freesurfer-linux-ubuntu22_x86_64-7.3.2-20220804-6354275  User: oesteban  Machine: dna075  Platform: Linux  PlatformVersion: 5.14.0-427.37.1.el9_4.x86_64  CompilerName: GCC  CompilerVersion: 8.4.0
ProgramName: mri_segstats  ProgramArguments: mri_segstats -all-info  ProgramVersion: 7.3.2  TimeStamp: 2026/03/15-10:28:28-GMT  BuildTime: Aug  4 2022 06:17:15  BuildStamp: freesurfer-linux-ubuntu22_x86_64-7.3.2-20220804-6354275  User: oesteban  Machine: dna075  Platform: Linux  PlatformVersion: 5.14.0-427.37.1.el9_4.x86_64  CompilerName: GCC  CompilerVersion: 8.4.0
ProgramName: mris_euler_number  ProgramArguments: mris_euler_number -all-info  ProgramVersion: 7.3.2  TimeStamp: 2026/03/15-10:28:28-GMT  BuildTime: Aug  4 2022 06:17:15  BuildStamp: freesurfer-linux-ubuntu22_x86_64-7.3.2-20220804-6354275  User: oesteban  Machine: dna075  Platform: Linux  PlatformVersion: 5.14.0-427.37.1.el9_4.x86_64  CompilerName: GCC  CompilerVersion: 8.4.0
ProgramName: mris_fix_topology  ProgramArguments: mris_fix_topology -all-info  ProgramVersion: 7.3.2  TimeStamp: 2026/03/15-10:28:28-GMT  BuildTime: Aug  4 2022 06:17:15  BuildStamp: freesurfer-linux-ubuntu22_x86_64-7.3.2-20220804-6354275  User: oesteban  Machine: dna075  Platform: Linux  PlatformVersion: 5.14.0-427.37.1.el9_4.x86_64  CompilerName: GCC  CompilerVersion: 8.4.0
ProgramName: mris_topo_fixer  ProgramArguments: mris_topo_fixer -all-info  ProgramVersion: 7.3.2  TimeStamp: 2026/03/15-10:28:28-GMT  BuildTime: Aug  4 2022 06:17:15  BuildStamp: freesurfer-linux-ubuntu22_x86_64-7.3.2-20220804-6354275  User: oesteban  Machine: dna075  Platform: Linux  PlatformVersion: 5.14.0-427.37.1.el9_4.x86_64  CompilerName: GCC  CompilerVersion: 8.4.0
ProgramName: mris_jacobian  ProgramArguments: mris_jacobian -all-info  ProgramVersion: 7.3.2  TimeStamp: 2026/03/15-10:28:28-GMT  BuildTime: Aug  4 2022 06:17:15  BuildStamp: freesurfer-linux-ubuntu22_x86_64-7.3.2-20220804-6354275  User: oesteban  Machine: dna075  Platform: Linux  PlatformVersion: 5.14.0-427.37.1.el9_4.x86_64  CompilerName: GCC  CompilerVersion: 8.4.0
ProgramName: mris_label2annot  ProgramArguments: mris_label2annot -all-info  ProgramVersion: 7.3.2  TimeStamp: 2026/03/15-10:28:28-GMT  BuildTime: Aug  4 2022 06:17:15  BuildStamp: freesurfer-linux-ubuntu22_x86_64-7.3.2-20220804-6354275  User: oesteban  Machine: dna075  Platform: Linux  PlatformVersion: 5.14.0-427.37.1.el9_4.x86_64  CompilerName: GCC  CompilerVersion: 8.4.0
ProgramName: mris_left_right_register  ProgramArguments: mris_left_right_register -all-info  ProgramVersion: 7.3.2  TimeStamp: 2026/03/15-10:28:28-GMT  BuildTime: Aug  4 2022 06:17:15  BuildStamp: freesurfer-linux-ubuntu22_x86_64-7.3.2-20220804-6354275  User: oesteban  Machine: dna075  Platform: Linux  PlatformVersion: 5.14.0-427.37.1.el9_4.x86_64  CompilerName: GCC  CompilerVersion: 8.4.0
ProgramName: mris_place_surface  ProgramArguments: mris_place_surface -all-info  ProgramVersion: 7.3.2  TimeStamp: 2026/03/15-10:28:28-GMT  BuildTime: Aug  4 2022 06:17:15  BuildStamp: freesurfer-linux-ubuntu22_x86_64-7.3.2-20220804-6354275  User: oesteban  Machine: dna075  Platform: Linux  PlatformVersion: 5.14.0-427.37.1.el9_4.x86_64  CompilerName: GCC  CompilerVersion: 8.4.0
ProgramName: mrisp_paint  ProgramArguments: mrisp_paint -all-info  ProgramVersion: 7.3.2  TimeStamp: 2026/03/15-10:28:28-GMT  BuildTime: Aug  4 2022 06:17:15  BuildStamp: freesurfer-linux-ubuntu22_x86_64-7.3.2-20220804-6354275  User: oesteban  Machine: dna075  Platform: Linux  PlatformVersion: 5.14.0-427.37.1.el9_4.x86_64  CompilerName: GCC  CompilerVersion: 8.4.0
ProgramName: mris_register  ProgramArguments: mris_register -all-info  ProgramVersion: 7.3.2  TimeStamp: 2026/03/15-10:28:28-GMT  BuildTime: Aug  4 2022 06:17:15  BuildStamp: freesurfer-linux-ubuntu22_x86_64-7.3.2-20220804-6354275  User: oesteban  Machine: dna075  Platform: Linux  PlatformVersion: 5.14.0-427.37.1.el9_4.x86_64  CompilerName: GCC  CompilerVersion: 8.4.0
ProgramName: mris_smooth  ProgramArguments: mris_smooth -all-info  ProgramVersion: 7.3.2  TimeStamp: 2026/03/15-10:28:28-GMT  BuildTime: Aug  4 2022 06:17:15  BuildStamp: freesurfer-linux-ubuntu22_x86_64-7.3.2-20220804-6354275  User: oesteban  Machine: dna075  Platform: Linux  PlatformVersion: 5.14.0-427.37.1.el9_4.x86_64  CompilerName: GCC  CompilerVersion: 8.4.0
ProgramName: mris_sphere  ProgramArguments: mris_sphere -all-info  ProgramVersion: 7.3.2  TimeStamp: 2026/03/15-10:28:28-GMT  BuildTime: Aug  4 2022 06:17:15  BuildStamp: freesurfer-linux-ubuntu22_x86_64-7.3.2-20220804-6354275  User: oesteban  Machine: dna075  Platform: Linux  PlatformVersion: 5.14.0-427.37.1.el9_4.x86_64  CompilerName: GCC  CompilerVersion: 8.4.0
ProgramName: mris_surface_stats  ProgramArguments: mris_surface_stats -all-info  ProgramVersion: 7.3.2  TimeStamp: 2026/03/15-10:28:28-GMT  BuildTime: Aug  4 2022 06:17:15  BuildStamp: freesurfer-linux-ubuntu22_x86_64-7.3.2-20220804-6354275  User: oesteban  Machine: dna075  Platform: Linux  PlatformVersion: 5.14.0-427.37.1.el9_4.x86_64  CompilerName: GCC  CompilerVersion: 8.4.0
ProgramName: mri_stats2seg  ProgramArguments: mri_stats2seg -all-info  ProgramVersion: 7.3.2  TimeStamp: 2026/03/15-10:28:28-GMT  BuildTime: Aug  4 2022 06:17:15  BuildStamp: freesurfer-linux-ubuntu22_x86_64-7.3.2-20220804-6354275  User: oesteban  Machine: dna075  Platform: Linux  PlatformVersion: 5.14.0-427.37.1.el9_4.x86_64  CompilerName: GCC  CompilerVersion: 8.4.0
ProgramName: mris_thickness  ProgramArguments: mris_thickness -all-info  ProgramVersion: 7.3.2  TimeStamp: 2026/03/15-10:28:28-GMT  BuildTime: Aug  4 2022 06:17:15  BuildStamp: freesurfer-linux-ubuntu22_x86_64-7.3.2-20220804-6354275  User: oesteban  Machine: dna075  Platform: Linux  PlatformVersion: 5.14.0-427.37.1.el9_4.x86_64  CompilerName: GCC  CompilerVersion: 8.4.0
ProgramName: mris_thickness_diff  ProgramArguments: mris_thickness_diff -all-info  ProgramVersion: 7.3.2  TimeStamp: 2026/03/15-10:28:28-GMT  BuildTime: Aug  4 2022 06:17:15  BuildStamp: freesurfer-linux-ubuntu22_x86_64-7.3.2-20220804-6354275  User: oesteban  Machine: dna075  Platform: Linux  PlatformVersion: 5.14.0-427.37.1.el9_4.x86_64  CompilerName: GCC  CompilerVersion: 8.4.0
ProgramName: mris_topo_fixer  ProgramArguments: mris_topo_fixer -all-info  ProgramVersion: 7.3.2  TimeStamp: 2026/03/15-10:28:28-GMT  BuildTime: Aug  4 2022 06:17:15  BuildStamp: freesurfer-linux-ubuntu22_x86_64-7.3.2-20220804-6354275  User: oesteban  Machine: dna075  Platform: Linux  PlatformVersion: 5.14.0-427.37.1.el9_4.x86_64  CompilerName: GCC  CompilerVersion: 8.4.0
ProgramName: mri_surf2surf  ProgramArguments: mri_surf2surf -all-info  ProgramVersion: 7.3.2  TimeStamp: 2026/03/15-10:28:28-GMT  BuildTime: Aug  4 2022 06:17:15  BuildStamp: freesurfer-linux-ubuntu22_x86_64-7.3.2-20220804-6354275  User: oesteban  Machine: dna075  Platform: Linux  PlatformVersion: 5.14.0-427.37.1.el9_4.x86_64  CompilerName: GCC  CompilerVersion: 8.4.0
ProgramName: mri_surf2vol  ProgramArguments: mri_surf2vol -all-info  ProgramVersion: 7.3.2  TimeStamp: 2026/03/15-10:28:28-GMT  BuildTime: Aug  4 2022 06:17:15  BuildStamp: freesurfer-linux-ubuntu22_x86_64-7.3.2-20220804-6354275  User: oesteban  Machine: dna075  Platform: Linux  PlatformVersion: 5.14.0-427.37.1.el9_4.x86_64  CompilerName: GCC  CompilerVersion: 8.4.0
ProgramName: mri_surfcluster  ProgramArguments: mri_surfcluster -all-info  ProgramVersion: 7.3.2  TimeStamp: 2026/03/15-10:28:28-GMT  BuildTime: Aug  4 2022 06:17:15  BuildStamp: freesurfer-linux-ubuntu22_x86_64-7.3.2-20220804-6354275  User: oesteban  Machine: dna075  Platform: Linux  PlatformVersion: 5.14.0-427.37.1.el9_4.x86_64  CompilerName: GCC  CompilerVersion: 8.4.0
ProgramName: mris_volmask  ProgramArguments: mris_volmask -all-info  ProgramVersion: 7.3.2  TimeStamp: 2026/03/15-10:28:28-GMT  BuildTime: Aug  4 2022 06:17:15  BuildStamp: freesurfer-linux-ubuntu22_x86_64-7.3.2-20220804-6354275  User: oesteban  Machine: dna075  Platform: Linux  PlatformVersion: 5.14.0-427.37.1.el9_4.x86_64  CompilerName: GCC  CompilerVersion: 8.4.0
ProgramName: mri_tessellate  ProgramArguments: mri_tessellate -all-info  ProgramVersion: 7.3.2  TimeStamp: 2026/03/15-10:28:28-GMT  BuildTime: Aug  4 2022 06:17:15  BuildStamp: freesurfer-linux-ubuntu22_x86_64-7.3.2-20220804-6354275  User: oesteban  Machine: dna075  Platform: Linux  PlatformVersion: 5.14.0-427.37.1.el9_4.x86_64  CompilerName: GCC  CompilerVersion: 8.4.0
ProgramName: mri_vol2surf  ProgramArguments: mri_vol2surf -all-info  ProgramVersion: 7.3.2  TimeStamp: 2026/03/15-10:28:28-GMT  BuildTime: Aug  4 2022 06:17:15  BuildStamp: freesurfer-linux-ubuntu22_x86_64-7.3.2-20220804-6354275  User: oesteban  Machine: dna075  Platform: Linux  PlatformVersion: 5.14.0-427.37.1.el9_4.x86_64  CompilerName: GCC  CompilerVersion: 8.4.0
ProgramName: mri_vol2vol  ProgramArguments: mri_vol2vol -all-info  ProgramVersion: 7.3.2  TimeStamp: 2026/03/15-10:28:28-GMT  BuildTime: Aug  4 2022 06:17:15  BuildStamp: freesurfer-linux-ubuntu22_x86_64-7.3.2-20220804-6354275  User: oesteban  Machine: dna075  Platform: Linux  PlatformVersion: 5.14.0-427.37.1.el9_4.x86_64  CompilerName: GCC  CompilerVersion: 8.4.0
ProgramName: mri_voldiff  ProgramArguments: mri_voldiff -all-info  ProgramVersion: 7.3.2  TimeStamp: 2026/03/15-10:28:28-GMT  BuildTime: Aug  4 2022 06:17:15  BuildStamp: freesurfer-linux-ubuntu22_x86_64-7.3.2-20220804-6354275  User: oesteban  Machine: dna075  Platform: Linux  PlatformVersion: 5.14.0-427.37.1.el9_4.x86_64  CompilerName: GCC  CompilerVersion: 8.4.0
ProgramName: mri_watershed  ProgramArguments: mri_watershed -all-info  ProgramVersion: 7.3.2  TimeStamp: 2026/03/15-10:28:28-GMT  BuildTime: Aug  4 2022 06:17:15  BuildStamp: freesurfer-linux-ubuntu22_x86_64-7.3.2-20220804-6354275  User: oesteban  Machine: dna075  Platform: Linux  PlatformVersion: 5.14.0-427.37.1.el9_4.x86_64  CompilerName: GCC  CompilerVersion: 8.4.0
ProgramName: tkregister2  ProgramArguments: tkregister2_cmdl -all-info  ProgramVersion: 7.3.2  TimeStamp: 2026/03/15-10:28:28-GMT  BuildTime: Aug  4 2022 06:17:15  BuildStamp: freesurfer-linux-ubuntu22_x86_64-7.3.2-20220804-6354275  User: oesteban  Machine: dna075  Platform: Linux  PlatformVersion: 5.14.0-427.37.1.el9_4.x86_64  CompilerName: GCC  CompilerVersion: 8.4.0
mri_motion_correct.fsl 7.3.2
mri_convert -all-info 
ProgramName: mri_convert  ProgramArguments: mri_convert -all-info  ProgramVersion: 7.3.2  TimeStamp: 2026/03/15-10:28:28-GMT  BuildTime: Aug  4 2022 06:17:15  BuildStamp: freesurfer-linux-ubuntu22_x86_64-7.3.2-20220804-6354275  User: oesteban  Machine: dna075  Platform: Linux  PlatformVersion: 5.14.0-427.37.1.el9_4.x86_64  CompilerName: GCC  CompilerVersion: 8.4.0
Program nu_correct, built from:
Package MNI N3, version 1.12.0, compiled by nicks@terrier (x86_64-unknown-linux-gnu) on 2015-06-19 at 01:25:34
#######################################
GCADIR /opt/freesurfer/average
GCA RB_all_2020-01-02.gca
GCASkull RB_all_withskull_2020_01_02.gca
AvgCurvTif folding.atlas.acfb40.noaparc.i12.2016-08-02.tif
GCSDIR /opt/freesurfer/average
GCS DKaparc.atlas.acfb40.noaparc.i12.2016-08-02.gcs
#######################################
#--------------------------------------
#@# CA Normalize Sun Mar 15 11:28:28 CET 2026
/out/sourcedata/freesurfer/sub-v2s10x29005_ses-1/mri

 mri_ca_normalize -c ctrl_pts.mgz -mask brainmask.mgz nu.mgz /opt/freesurfer/average/RB_all_2020-01-02.gca transforms/talairach.lta norm.mgz 

writing control point volume to ctrl_pts.mgz
using MR volume brainmask.mgz to mask input volume...
reading 1 input volume
reading atlas from '/opt/freesurfer/average/RB_all_2020-01-02.gca'...
reading transform from 'transforms/talairach.lta'...
reading input volume from nu.mgz...
resetting wm mean[0]: 98 --> 107
resetting gm mean[0]: 61 --> 61
input volume #1 is the most T1-like
using real data threshold=27.0
skull bounding box = (59, 29, 42) --> (199, 139, 209)
finding center of left hemi white matter
using (106, 66, 126) as brain centroid of Right_Cerebral_White_Matter...
mean wm in atlas = 107, using box (89,53,105) --> (123, 79,146) to find MRI wm
before smoothing, mri peak at 109
robust fit to distribution - 108 +- 4.1
after smoothing, mri peak at 108, scaling input intensities by 0.991
scaling channel 0 by 0.990741
using 246437 sample points...
INFO: compute sample coordinates transform
 1.03750   0.03837  -0.02504  -8.60872;
-0.03512   1.21518   0.00777   13.48333;
 0.02568  -0.00838   1.01841  -17.94277;
 0.00000   0.00000   0.00000   1.00000;
INFO: transform used
finding control points in Left_Cerebral_White_Matter....
found 40230 control points for structure...
bounding box (127, 35, 40) --> (193, 133, 205)
Left_Cerebral_White_Matter: limiting intensities to 94.0 --> 132.0
11 of 9194 (0.1%) samples deleted
finding control points in Right_Cerebral_White_Matter....
found 39478 control points for structure...
bounding box (67, 34, 41) --> (132, 132, 206)
Right_Cerebral_White_Matter: limiting intensities to 94.0 --> 132.0
17 of 9340 (0.2%) samples deleted
finding control points in Left_Cerebellum_White_Matter....
found 3105 control points for structure...
bounding box (129, 102, 62) --> (175, 141, 115)
Left_Cerebellum_White_Matter: limiting intensities to 96.0 --> 132.0
0 of 783 (0.0%) samples deleted
finding control points in Right_Cerebellum_White_Matter....
found 2710 control points for structure...
bounding box (85, 102, 61) --> (128, 140, 118)
Right_Cerebellum_White_Matter: limiting intensities to 95.0 --> 132.0
0 of 702 (0.0%) samples deleted
finding control points in Brain_Stem....
found 3475 control points for structure...
bounding box (112, 99, 98) --> (146, 155, 128)
Brain_Stem: limiting intensities to 92.0 --> 132.0
2 of 1185 (0.2%) samples deleted
using 21204 total control points for intensity normalization...
bias field = 0.968 +- 0.073
28 of 21174 control points discarded
finding control points in Left_Cerebral_White_Matter....
found 40230 control points for structure...
bounding box (127, 35, 40) --> (193, 133, 205)
Left_Cerebral_White_Matter: limiting intensities to 92.0 --> 121.0
4 of 9214 (0.0%) samples deleted
finding control points in Right_Cerebral_White_Matter....
found 39478 control points for structure...
bounding box (67, 34, 41) --> (132, 132, 206)
Right_Cerebral_White_Matter: limiting intensities to 91.0 --> 121.0
12 of 9394 (0.1%) samples deleted
finding control points in Left_Cerebellum_White_Matter....
found 3105 control points for structure...
bounding box (129, 102, 62) --> (175, 141, 115)
Left_Cerebellum_White_Matter: limiting intensities to 88.0 --> 121.0
3 of 793 (0.4%) samples deleted
finding control points in Right_Cerebellum_White_Matter....
found 2710 control points for structure...
bounding box (85, 102, 61) --> (128, 140, 118)
Right_Cerebellum_White_Matter: limiting intensities to 88.0 --> 121.0
8 of 717 (1.1%) samples deleted
finding control points in Brain_Stem....
found 3475 control points for structure...
bounding box (112, 99, 98) --> (146, 155, 128)
Brain_Stem: limiting intensities to 88.0 --> 121.0
84 of 1261 (6.7%) samples deleted
using 21379 total control points for intensity normalization...
bias field = 1.007 +- 0.047
38 of 21183 control points discarded
finding control points in Left_Cerebral_White_Matter....
found 40230 control points for structure...
bounding box (127, 35, 40) --> (193, 133, 205)
Left_Cerebral_White_Matter: limiting intensities to 92.0 --> 117.0
11 of 9228 (0.1%) samples deleted
finding control points in Right_Cerebral_White_Matter....
found 39478 control points for structure...
bounding box (67, 34, 41) --> (132, 132, 206)
Right_Cerebral_White_Matter: limiting intensities to 91.0 --> 117.0
13 of 9397 (0.1%) samples deleted
finding control points in Left_Cerebellum_White_Matter....
found 3105 control points for structure...
bounding box (129, 102, 62) --> (175, 141, 115)
Left_Cerebellum_White_Matter: limiting intensities to 88.0 --> 117.0
210 of 813 (25.8%) samples deleted
finding control points in Right_Cerebellum_White_Matter....
found 2710 control points for structure...
bounding box (85, 102, 61) --> (128, 140, 118)
Right_Cerebellum_White_Matter: limiting intensities to 88.0 --> 117.0
291 of 716 (40.6%) samples deleted
finding control points in Brain_Stem....
found 3475 control points for structure...
bounding box (112, 99, 98) --> (146, 155, 128)
Brain_Stem: limiting intensities to 88.0 --> 117.0
508 of 1278 (39.7%) samples deleted
using 21432 total control points for intensity normalization...
bias field = 1.006 +- 0.036
18 of 20265 control points discarded
writing normalized volume to norm.mgz...
writing control points to ctrl_pts.mgz
freeing GCA...done.
normalization took 0 minutes and 53 seconds.
#--------------------------------------
#@# CA Reg Sun Mar 15 11:29:22 CET 2026
/out/sourcedata/freesurfer/sub-v2s10x29005_ses-1/mri

 mri_ca_register -nobigventricles -T transforms/talairach.lta -align-after -mask brainmask.mgz norm.mgz /opt/freesurfer/average/RB_all_2020-01-02.gca transforms/talairach.m3z 

not handling expanded ventricles...
using previously computed transform transforms/talairach.lta
renormalizing sequences with structure alignment, equivalent to:
	-renormalize
	-regularize_mean 0.500
	-regularize 0.500
using MR volume brainmask.mgz to mask input volume...

== Number of threads available to mri_ca_register for OpenMP = 16 == 
reading 1 input volumes...
logging results to talairach.log
reading input volume 'norm.mgz'...
reading GCA '/opt/freesurfer/average/RB_all_2020-01-02.gca'...
label assignment complete, 0 changed (0.00%)
freeing gibbs priors...done.
average std[0] = 5.0
Starting GCAMregister()
label assignment complete, 0 changed (0.00%)
npasses = 1, nlevels = 6
#pass# 1 of 1 ************************
enabling zero nodes
setting smoothness cost coefficient to 0.156

#GCAMreg# pass 0 level1 5 level2 0 tsec 0 sigma 2
l_jacobian=1.00 l_label=1.00 l_log_likelihood=0.20 l_smoothness=0.16 
tol=2.50e-01, dt=5.00e-02, exp_k=20.0, momentum=0.90, levels=6, niter=500, lbl_dist=10.00, avgs=256, sigma=2.0,type=2, relabel=0, neg=no

blurring input image with Gaussian with sigma=2.000...
GCAMRegisterLevel(): init RMS 0.716299
#FOTS# QuadFit found better minimum quadopt=(dt=232.279,rms=0.67697) vs oldopt=(dt=92.48,rms=0.690042)
#GCMRL#    0 dt 232.278607 rms  0.677  5.491% neg 0  invalid 762 tFOTS 2.7110 tGradient 2.3310 tsec 5.2670
#FOTS# QuadFit found better minimum quadopt=(dt=134.703,rms=0.666952) vs oldopt=(dt=92.48,rms=0.668124)
#GCMRL#    1 dt 134.702703 rms  0.667  1.480% neg 0  invalid 762 tFOTS 2.7000 tGradient 2.3000 tsec 5.2090
#GCMRL#    2 dt 369.920000 rms  0.658  1.282% neg 0  invalid 762 tFOTS 2.6600 tGradient 2.4070 tsec 5.2770
#FOTS# QuadFit found better minimum quadopt=(dt=110.976,rms=0.655481) vs oldopt=(dt=92.48,rms=0.655528)
#GCMRL#    3 dt 110.976000 rms  0.655  0.444% neg 0  invalid 762 tFOTS 2.8050 tGradient 2.2440 tsec 5.2560
#FOTS# QuadFit found better minimum quadopt=(dt=887.808,rms=0.649212) vs oldopt=(dt=1479.68,rms=0.651032)
#GCMRL#    4 dt 887.808000 rms  0.649  0.956% neg 0  invalid 762 tFOTS 2.6660 tGradient 2.3520 tsec 5.2290
#GCMRL#    5 dt  92.480000 rms  0.647  0.315% neg 0  invalid 762 tFOTS 2.7860 tGradient 2.2750 tsec 5.2790
#FOTS# QuadFit found better minimum quadopt=(dt=517.888,rms=0.64582) vs oldopt=(dt=369.92,rms=0.646054)
#GCMRL#    6 dt 517.888000 rms  0.646  0.000% neg 0  invalid 762 tFOTS 2.7770 tGradient 2.3080 tsec 5.3000
#GCMRL#    7 dt 517.888000 rms  0.645  0.080% neg 0  invalid 762 tFOTS 0.0000 tGradient 2.2560 tsec 2.4390

#GCAMreg# pass 0 level1 5 level2 1 tsec 50.485 sigma 0.5
l_jacobian=1.00 l_label=1.00 l_log_likelihood=0.20 l_smoothness=0.16 
tol=2.50e-01, dt=5.00e-02, exp_k=20.0, momentum=0.90, levels=6, niter=500, lbl_dist=10.00, avgs=256, sigma=0.5,type=2, relabel=0, neg=no

blurring input image with Gaussian with sigma=0.500...
GCAMRegisterLevel(): init RMS 0.645698
#FOTS# QuadFit found better minimum quadopt=(dt=110.976,rms=0.643422) vs oldopt=(dt=92.48,rms=0.643474)
#GCMRL#    9 dt 110.976000 rms  0.643  0.352% neg 0  invalid 762 tFOTS 2.8650 tGradient 2.2250 tsec 5.3090
#FOTS# QuadFit found better minimum quadopt=(dt=443.904,rms=0.642307) vs oldopt=(dt=369.92,rms=0.642321)
#GCMRL#   10 dt 443.904000 rms  0.642  0.000% neg 0  invalid 762 tFOTS 2.6430 tGradient 2.3690 tsec 5.2360
#GCMRL#   11 dt 443.904000 rms  0.640  0.294% neg 0  invalid 762 tFOTS 0.0000 tGradient 2.3390 tsec 2.5210
#GCMRL#   12 dt 443.904000 rms  0.640 -0.003% neg 0  invalid 762 tFOTS 0.0000 tGradient 2.1840 tsec 2.5210
#GCMRL#   13 dt  92.480000 rms  0.640  0.043% neg 0  invalid 762 tFOTS 2.6950 tGradient 2.2850 tsec 5.1880
#FOTS# QuadFit found better minimum quadopt=(dt=129.472,rms=0.640048) vs oldopt=(dt=92.48,rms=0.640059)
setting smoothness cost coefficient to 0.615

#GCAMreg# pass 0 level1 4 level2 0 tsec 0 sigma 2
l_jacobian=1.00 l_label=1.00 l_log_likelihood=0.20 l_smoothness=0.62 
tol=2.50e-01, dt=5.00e-02, exp_k=20.0, momentum=0.90, levels=6, niter=500, lbl_dist=10.00, avgs=64, sigma=2.0,type=2, relabel=0, neg=no

blurring input image with Gaussian with sigma=2.000...
GCAMRegisterLevel(): init RMS 0.644898
#FOTS# QuadFit found better minimum quadopt=(dt=107.648,rms=0.63889) vs oldopt=(dt=103.68,rms=0.638896)
#GCMRL#   15 dt 107.647510 rms  0.639  0.932% neg 0  invalid 762 tFOTS 2.7380 tGradient 1.9060 tsec 4.8510
#FOTS# QuadFit found better minimum quadopt=(dt=271.017,rms=0.627148) vs oldopt=(dt=103.68,rms=0.631121)
#GCMRL#   16 dt 271.016760 rms  0.627  1.838% neg 0  invalid 762 tFOTS 2.8710 tGradient 1.8760 tsec 4.9590
#FOTS# QuadFit found better minimum quadopt=(dt=44.3259,rms=0.623293) vs oldopt=(dt=25.92,rms=0.62381)
#GCMRL#   17 dt  44.325926 rms  0.623  0.615% neg 0  invalid 762 tFOTS 2.7180 tGradient 1.7900 tsec 4.7210
#GCMRL#   18 dt   1.620000 rms  0.623  0.000% neg 0  invalid 762 tFOTS 2.8480 tGradient 1.8070 tsec 5.0130
#GCMRL#   19 dt   1.620000 rms  0.623  0.000% neg 0  invalid 762 tFOTS 0.0000 tGradient 1.8200 tsec 2.0050

#GCAMreg# pass 0 level1 4 level2 1 tsec 32.368 sigma 0.5
l_jacobian=1.00 l_label=1.00 l_log_likelihood=0.20 l_smoothness=0.62 
tol=2.50e-01, dt=5.00e-02, exp_k=20.0, momentum=0.90, levels=6, niter=500, lbl_dist=10.00, avgs=64, sigma=0.5,type=2, relabel=0, neg=no

blurring input image with Gaussian with sigma=0.500...
GCAMRegisterLevel(): init RMS 0.623879
#FOTS# QuadFit found better minimum quadopt=(dt=36.288,rms=0.623) vs oldopt=(dt=25.92,rms=0.623061)
#GCMRL#   21 dt  36.288000 rms  0.623  0.141% neg 0  invalid 762 tFOTS 2.8620 tGradient 1.8030 tsec 4.8800
#GCMRL#   22 dt 103.680000 rms  0.623  0.000% neg 0  invalid 762 tFOTS 2.6770 tGradient 1.8510 tsec 4.7620
#GCMRL#   23 dt 103.680000 rms  0.622  0.148% neg 0  invalid 762 tFOTS 0.0000 tGradient 1.8500 tsec 2.0390
#GCMRL#   24 dt 103.680000 rms  0.620  0.202% neg 0  invalid 762 tFOTS 0.0000 tGradient 1.8520 tsec 2.0390
#GCMRL#   25 dt 103.680000 rms  0.619  0.224% neg 0  invalid 762 tFOTS 0.0000 tGradient 1.7720 tsec 2.0110
#GCMRL#   26 dt 103.680000 rms  0.617  0.252% neg 0  invalid 762 tFOTS 0.0000 tGradient 1.7580 tsec 1.9460
#GCMRL#   27 dt 103.680000 rms  0.615  0.334% neg 0  invalid 762 tFOTS 0.0000 tGradient 1.8020 tsec 1.9930
#GCMRL#   28 dt 103.680000 rms  0.613  0.351% neg 0  invalid 762 tFOTS 0.0000 tGradient 1.7670 tsec 1.9590
#GCMRL#   29 dt 103.680000 rms  0.612  0.256% neg 0  invalid 762 tFOTS 0.0000 tGradient 1.7650 tsec 1.9590
#GCMRL#   30 dt 103.680000 rms  0.611  0.171% neg 0  invalid 762 tFOTS 0.0000 tGradient 1.7700 tsec 1.9550
#GCMRL#   31 dt 103.680000 rms  0.610  0.154% neg 0  invalid 762 tFOTS 0.0000 tGradient 1.7540 tsec 1.9420
#GCMRL#   32 dt 103.680000 rms  0.609  0.114% neg 0  invalid 762 tFOTS 0.0000 tGradient 1.7270 tsec 1.9140
#GCMRL#   33 dt 103.680000 rms  0.609  0.066% neg 0  invalid 762 tFOTS 0.0000 tGradient 1.7360 tsec 1.9440
setting smoothness cost coefficient to 2.353

#GCAMreg# pass 0 level1 3 level2 0 tsec 0 sigma 2
l_jacobian=1.00 l_label=1.00 l_log_likelihood=0.20 l_smoothness=2.35 
tol=2.50e-01, dt=5.00e-02, exp_k=20.0, momentum=0.90, levels=6, niter=500, lbl_dist=10.00, avgs=16, sigma=2.0,type=2, relabel=0, neg=no

blurring input image with Gaussian with sigma=2.000...
GCAMRegisterLevel(): init RMS 0.627685
#GCMRL#   35 dt   0.000000 rms  0.627  0.088% neg 0  invalid 762 tFOTS 2.3550 tGradient 1.5010 tsec 4.0660

#GCAMreg# pass 0 level1 3 level2 1 tsec 17.242 sigma 0.5
l_jacobian=1.00 l_label=1.00 l_log_likelihood=0.20 l_smoothness=2.35 
tol=2.50e-01, dt=5.00e-02, exp_k=20.0, momentum=0.90, levels=6, niter=500, lbl_dist=10.00, avgs=16, sigma=0.5,type=2, relabel=0, neg=no

blurring input image with Gaussian with sigma=0.500...
GCAMRegisterLevel(): init RMS 0.627685
#GCMRL#   37 dt   0.000000 rms  0.627  0.088% neg 0  invalid 762 tFOTS 2.3320 tGradient 1.5590 tsec 4.0930
setting smoothness cost coefficient to 8.000

#GCAMreg# pass 0 level1 2 level2 0 tsec 0 sigma 2
l_jacobian=1.00 l_label=1.00 l_log_likelihood=0.20 l_smoothness=8.00 
tol=2.50e-01, dt=5.00e-02, exp_k=20.0, momentum=0.90, levels=6, niter=500, lbl_dist=10.00, avgs=4, sigma=2.0,type=2, relabel=0, neg=no

blurring input image with Gaussian with sigma=2.000...
GCAMRegisterLevel(): init RMS 0.684504
#FOTS# QuadFit found better minimum quadopt=(dt=2.10378,rms=0.66452) vs oldopt=(dt=2.88,rms=0.667097)
#GCMRL#   39 dt   2.103778 rms  0.665  2.920% neg 0  invalid 762 tFOTS 2.4500 tGradient 1.3830 tsec 4.0440
#FOTS# QuadFit found better minimum quadopt=(dt=1.15517,rms=0.663444) vs oldopt=(dt=0.72,rms=0.663574)
#GCMRL#   40 dt   1.155172 rms  0.663  0.000% neg 0  invalid 762 tFOTS 2.6660 tGradient 1.3660 tsec 4.2720

#GCAMreg# pass 0 level1 2 level2 1 tsec 18.528 sigma 0.5
l_jacobian=1.00 l_label=1.00 l_log_likelihood=0.20 l_smoothness=8.00 
tol=2.50e-01, dt=5.00e-02, exp_k=20.0, momentum=0.90, levels=6, niter=500, lbl_dist=10.00, avgs=4, sigma=0.5,type=2, relabel=0, neg=no

blurring input image with Gaussian with sigma=0.500...
GCAMRegisterLevel(): init RMS 0.663951
#FOTS# QuadFit found better minimum quadopt=(dt=0.252,rms=0.6634) vs oldopt=(dt=0.18,rms=0.663403)
#GCMRL#   42 dt   0.252000 rms  0.663  0.083% neg 0  invalid 762 tFOTS 2.5020 tGradient 1.3970 tsec 4.1170
#FOTS# QuadFit found better minimum quadopt=(dt=0.063,rms=0.663399) vs oldopt=(dt=0.045,rms=0.663399)
#GCMRL#   43 dt   0.063000 rms  0.663  0.000% neg 0  invalid 762 tFOTS 2.5550 tGradient 1.4100 tsec 4.1930
setting smoothness cost coefficient to 20.000

#GCAMreg# pass 0 level1 1 level2 0 tsec 0 sigma 2
l_jacobian=1.00 l_label=1.00 l_log_likelihood=0.20 l_smoothness=20.00 
tol=2.50e-01, dt=5.00e-02, exp_k=20.0, momentum=0.90, levels=6, niter=500, lbl_dist=10.00, avgs=1, sigma=2.0,type=2, relabel=0, neg=no

blurring input image with Gaussian with sigma=2.000...
GCAMRegisterLevel(): init RMS 0.707189
#FOTS# QuadFit found better minimum quadopt=(dt=0.453125,rms=0.703533) vs oldopt=(dt=0.32,rms=0.704016)
#GCMRL#   45 dt   0.453125 rms  0.704  0.517% neg 0  invalid 762 tFOTS 2.8130 tGradient 1.2830 tsec 4.3000
#FOTS# QuadFit found better minimum quadopt=(dt=0.791469,rms=0.697142) vs oldopt=(dt=1.28,rms=0.699228)
#GCMRL#   46 dt   0.791469 rms  0.697  0.908% neg 0  invalid 762 tFOTS 2.7910 tGradient 1.0990 tsec 4.1150
#FOTS# QuadFit found better minimum quadopt=(dt=0.112,rms=0.695986) vs oldopt=(dt=0.08,rms=0.696219)
#GCMRL#   47 dt   0.112000 rms  0.696  0.000% neg 0  invalid 762 tFOTS 2.5910 tGradient 1.1380 tsec 3.9940
#GCMRL#   48 dt   0.112000 rms  0.696  0.064% neg 0  invalid 762 tFOTS 0.0000 tGradient 1.2160 tsec 1.4120
#GCMRL#   49 dt   0.112000 rms  0.695  0.022% neg 0  invalid 762 tFOTS 0.0000 tGradient 1.1530 tsec 1.3490
#GCMRL#   50 dt   0.112000 rms  0.695  0.010% neg 0  invalid 762 tFOTS 0.0000 tGradient 1.1140 tsec 1.3210
#FOTS# QuadFit found better minimum quadopt=(dt=0.448,rms=0.6923) vs oldopt=(dt=0.32,rms=0.692649)
#GCMRL#   51 dt   0.448000 rms  0.692  0.434% neg 0  invalid 762 tFOTS 2.4530 tGradient 1.2210 tsec 3.8800
#FOTS# QuadFit found better minimum quadopt=(dt=0.112,rms=0.692044) vs oldopt=(dt=0.08,rms=0.692067)
#GCMRL#   52 dt   0.112000 rms  0.692  0.000% neg 0  invalid 762 tFOTS 2.5110 tGradient 1.2010 tsec 3.9280
#GCMRL#   53 dt   0.112000 rms  0.692  0.011% neg 0  invalid 762 tFOTS 0.0000 tGradient 1.2320 tsec 1.4300
#GCMRL#   54 dt   0.112000 rms  0.692  0.005% neg 0  invalid 762 tFOTS 0.0000 tGradient 1.1900 tsec 1.3800
#GCMRL#   55 dt   0.112000 rms  0.692  0.026% neg 0  invalid 762 tFOTS 0.0000 tGradient 1.2970 tsec 1.4890
#GCMRL#   56 dt   0.112000 rms  0.691  0.084% neg 0  invalid 762 tFOTS 0.0000 tGradient 1.2140 tsec 1.4070
#GCMRL#   57 dt   0.112000 rms  0.690  0.109% neg 0  invalid 762 tFOTS 0.0000 tGradient 1.1710 tsec 1.3570
#GCMRL#   58 dt   0.112000 rms  0.690  0.083% neg 0  invalid 762 tFOTS 0.0000 tGradient 1.1300 tsec 1.3270
#FOTS# QuadFit found better minimum quadopt=(dt=0.112,rms=0.689823) vs oldopt=(dt=0.08,rms=0.689827)

#GCAMreg# pass 0 level1 1 level2 1 tsec 45.379 sigma 0.5
l_jacobian=1.00 l_label=1.00 l_log_likelihood=0.20 l_smoothness=20.00 
tol=2.50e-01, dt=5.00e-02, exp_k=20.0, momentum=0.90, levels=6, niter=500, lbl_dist=10.00, avgs=1, sigma=0.5,type=2, relabel=0, neg=no

blurring input image with Gaussian with sigma=0.500...
GCAMRegisterLevel(): init RMS 0.690316
#FOTS# QuadFit found better minimum quadopt=(dt=0.448,rms=0.689438) vs oldopt=(dt=0.32,rms=0.689473)
#GCMRL#   60 dt   0.448000 rms  0.689  0.127% neg 0  invalid 762 tFOTS 2.4320 tGradient 1.1720 tsec 3.8020
#FOTS# QuadFit found better minimum quadopt=(dt=0.192,rms=0.689312) vs oldopt=(dt=0.32,rms=0.689343)
#GCMRL#   61 dt   0.192000 rms  0.689  0.000% neg 0  invalid 762 tFOTS 2.4410 tGradient 1.2130 tsec 3.8710
#GCMRL#   62 dt   0.192000 rms  0.689  0.014% neg 0  invalid 762 tFOTS 0.0000 tGradient 1.1840 tsec 1.3730
#GCMRL#   63 dt   0.192000 rms  0.689  0.020% neg 0  invalid 762 tFOTS 0.0000 tGradient 1.1880 tsec 1.3830
#GCMRL#   64 dt   0.192000 rms  0.689  0.017% neg 0  invalid 762 tFOTS 0.0000 tGradient 1.1010 tsec 1.2940
resetting metric properties...
setting smoothness cost coefficient to 40.000

#GCAMreg# pass 0 level1 0 level2 0 tsec 0 sigma 2
l_jacobian=1.00 l_label=1.00 l_log_likelihood=0.20 l_smoothness=40.00 
tol=2.50e-01, dt=5.00e-02, exp_k=20.0, momentum=0.90, levels=6, niter=500, lbl_dist=10.00, avgs=0, sigma=2.0,type=2, relabel=0, neg=no

blurring input image with Gaussian with sigma=2.000...
GCAMRegisterLevel(): init RMS 0.67197
#FOTS# QuadFit found better minimum quadopt=(dt=0.15,rms=0.668228) vs oldopt=(dt=0.08,rms=0.669245)
#GCMRL#   66 dt   0.150000 rms  0.668  0.557% neg 0  invalid 762 tFOTS 2.5580 tGradient 0.8580 tsec 3.6190
#FOTS# QuadFit found better minimum quadopt=(dt=0.006,rms=0.668218) vs oldopt=(dt=0.005,rms=0.668219)
#GCMRL#   67 dt   0.006000 rms  0.668  0.000% neg 0  invalid 762 tFOTS 2.4940 tGradient 0.7640 tsec 3.4740

#GCAMreg# pass 0 level1 0 level2 1 tsec 16.896 sigma 0.5
l_jacobian=1.00 l_label=1.00 l_log_likelihood=0.20 l_smoothness=40.00 
tol=2.50e-01, dt=5.00e-02, exp_k=20.0, momentum=0.90, levels=6, niter=500, lbl_dist=10.00, avgs=0, sigma=0.5,type=2, relabel=0, neg=no

blurring input image with Gaussian with sigma=0.500...
GCAMRegisterLevel(): init RMS 0.668721
#FOTS# QuadFit found better minimum quadopt=(dt=0.006,rms=0.668205) vs oldopt=(dt=0.005,rms=0.668205)
#GCMRL#   69 dt   0.006000 rms  0.668  0.077% neg 0  invalid 762 tFOTS 2.5010 tGradient 0.7100 tsec 3.4150
#FOTS# QuadFit found better minimum quadopt=(dt=-7.32422e-05,rms=0.668207) vs oldopt=(dt=1.95313e-05,rms=0.668207)
GCAMregister done in 4.80163 min
Starting GCAmapRenormalizeWithAlignment() without scales
renormalizing by structure alignment....
renormalizing input #0
gca peak = 0.10253 (16)
mri peak = 0.17971 (22)
Left_Lateral_Ventricle (4): linear fit = 1.15 x + 0.0 (879 voxels, overlap=0.467)
Left_Lateral_Ventricle (4): linear fit = 1.15 x + 0.0 (879 voxels, peak = 18), gca=18.5
gca peak = 0.17690 (16)
mri peak = 0.19813 (19)
Right_Lateral_Ventricle (43): linear fit = 1.15 x + 0.0 (748 voxels, overlap=0.687)
Right_Lateral_Ventricle (43): linear fit = 1.15 x + 0.0 (748 voxels, peak = 18), gca=18.5
gca peak = 0.28275 (96)
mri peak = 0.14402 (95)
Right_Pallidum (52): linear fit = 1.00 x + 0.0 (922 voxels, overlap=0.989)
Right_Pallidum (52): linear fit = 1.00 x + 0.0 (922 voxels, peak = 96), gca=95.5
gca peak = 0.18948 (93)
mri peak = 0.12366 (95)
Left_Pallidum (13): linear fit = 1.01 x + 0.0 (888 voxels, overlap=0.962)
Left_Pallidum (13): linear fit = 1.01 x + 0.0 (888 voxels, peak = 94), gca=94.4
gca peak = 0.20755 (55)
mri peak = 0.17812 (68)
Right_Hippocampus (53): linear fit = 1.17 x + 0.0 (1021 voxels, overlap=0.017)
Right_Hippocampus (53): linear fit = 1.17 x + 0.0 (1021 voxels, peak = 65), gca=64.6
gca peak = 0.31831 (58)
mri peak = 0.17951 (66)
Left_Hippocampus (17): linear fit = 1.13 x + 0.0 (1053 voxels, overlap=0.041)
Left_Hippocampus (17): linear fit = 1.13 x + 0.0 (1053 voxels, peak = 66), gca=65.8
gca peak = 0.11957 (102)
mri peak = 0.12094 (107)
Right_Cerebral_White_Matter (41): linear fit = 1.04 x + 0.0 (61169 voxels, overlap=0.505)
Right_Cerebral_White_Matter (41): linear fit = 1.04 x + 0.0 (61169 voxels, peak = 107), gca=106.6
gca peak = 0.11429 (102)
mri peak = 0.13293 (108)
Left_Cerebral_White_Matter (2): linear fit = 1.05 x + 0.0 (62836 voxels, overlap=0.366)
Left_Cerebral_White_Matter (2): linear fit = 1.05 x + 0.0 (62836 voxels, peak = 108), gca=107.6
gca peak = 0.14521 (59)
mri peak = 0.04845 (63)
Left_Cerebral_Cortex (3): linear fit = 1.10 x + 0.0 (32806 voxels, overlap=0.777)
Left_Cerebral_Cortex (3): linear fit = 1.10 x + 0.0 (32806 voxels, peak = 65), gca=64.6
gca peak = 0.14336 (58)
mri peak = 0.05509 (66)
Right_Cerebral_Cortex (42): linear fit = 1.10 x + 0.0 (33162 voxels, overlap=0.956)
Right_Cerebral_Cortex (42): linear fit = 1.10 x + 0.0 (33162 voxels, peak = 64), gca=63.5
gca peak = 0.13305 (70)
mri peak = 0.14074 (73)
Right_Caudate (50): linear fit = 1.12 x + 0.0 (1080 voxels, overlap=0.259)
Right_Caudate (50): linear fit = 1.12 x + 0.0 (1080 voxels, peak = 78), gca=78.1
gca peak = 0.15761 (71)
mri peak = 0.11696 (76)
Left_Caudate (11): linear fit = 1.05 x + 0.0 (1141 voxels, overlap=0.800)
Left_Caudate (11): linear fit = 1.05 x + 0.0 (1141 voxels, peak = 75), gca=74.9
gca peak = 0.13537 (57)
mri peak = 0.06164 (61)
Left_Cerebellum_Cortex (8): linear fit = 1.12 x + 0.0 (29789 voxels, overlap=0.759)
Left_Cerebellum_Cortex (8): linear fit = 1.12 x + 0.0 (29789 voxels, peak = 64), gca=63.6
gca peak = 0.13487 (56)
mri peak = 0.05684 (63)
Right_Cerebellum_Cortex (47): linear fit = 1.12 x + 0.0 (33143 voxels, overlap=0.694)
Right_Cerebellum_Cortex (47): linear fit = 1.12 x + 0.0 (33143 voxels, peak = 62), gca=62.4
gca peak = 0.19040 (84)
mri peak = 0.14951 (88)
Left_Cerebellum_White_Matter (7): linear fit = 1.04 x + 0.0 (10070 voxels, overlap=0.446)
Left_Cerebellum_White_Matter (7): linear fit = 1.04 x + 0.0 (10070 voxels, peak = 88), gca=87.8
gca peak = 0.18871 (83)
mri peak = 0.16334 (88)
Right_Cerebellum_White_Matter (46): linear fit = 1.04 x + 0.0 (8486 voxels, overlap=0.495)
Right_Cerebellum_White_Matter (46): linear fit = 1.04 x + 0.0 (8486 voxels, peak = 87), gca=86.7
gca peak = 0.24248 (57)
mri peak = 0.24330 (69)
Left_Amygdala (18): linear fit = 1.18 x + 0.0 (446 voxels, overlap=0.027)
Left_Amygdala (18): linear fit = 1.18 x + 0.0 (446 voxels, peak = 68), gca=67.5
gca peak = 0.35833 (56)
mri peak = 0.13740 (69)
Right_Amygdala (54): linear fit = 1.21 x + 0.0 (618 voxels, overlap=0.018)
Right_Amygdala (54): linear fit = 1.21 x + 0.0 (618 voxels, peak = 67), gca=67.5
gca peak = 0.12897 (85)
mri peak = 0.06584 (92)
Left_Thalamus (10): linear fit = 1.07 x + 0.0 (5236 voxels, overlap=0.882)
Left_Thalamus (10): linear fit = 1.07 x + 0.0 (5236 voxels, peak = 91), gca=90.5
gca peak = 0.13127 (83)
mri peak = 0.07208 (88)
Right_Thalamus (49): linear fit = 1.08 x + 0.0 (4735 voxels, overlap=0.695)
Right_Thalamus (49): linear fit = 1.08 x + 0.0 (4735 voxels, peak = 89), gca=89.2
gca peak = 0.12974 (78)
mri peak = 0.11348 (88)
Left_Putamen (12): linear fit = 1.08 x + 0.0 (2335 voxels, overlap=0.703)
Left_Putamen (12): linear fit = 1.08 x + 0.0 (2335 voxels, peak = 84), gca=83.9
gca peak = 0.17796 (79)
mri peak = 0.11226 (88)
Right_Putamen (51): linear fit = 1.10 x + 0.0 (2600 voxels, overlap=0.757)
Right_Putamen (51): linear fit = 1.10 x + 0.0 (2600 voxels, peak = 87), gca=86.5
gca peak = 0.10999 (80)
mri peak = 0.10230 (90)
Brain_Stem (16): linear fit = 1.12 x + 0.0 (11733 voxels, overlap=0.318)
Brain_Stem (16): linear fit = 1.12 x + 0.0 (11733 voxels, peak = 89), gca=89.2
gca peak = 0.13215 (88)
mri peak = 0.13328 (96)
Right_VentralDC (60): linear fit = 1.09 x + 0.0 (1427 voxels, overlap=0.344)
Right_VentralDC (60): linear fit = 1.09 x + 0.0 (1427 voxels, peak = 95), gca=95.5
gca peak = 0.11941 (89)
mri peak = 0.14615 (96)
Left_VentralDC (28): linear fit = 1.09 x + 0.0 (1379 voxels, overlap=0.448)
Left_VentralDC (28): linear fit = 1.09 x + 0.0 (1379 voxels, peak = 97), gca=96.6
gca peak = 0.20775 (25)
mri peak = 0.37697 (24)
gca peak = 0.13297 (21)
mri peak = 0.26718 (22)
Fourth_Ventricle (15): linear fit = 1.16 x + 0.0 (563 voxels, overlap=0.539)
Fourth_Ventricle (15): linear fit = 1.16 x + 0.0 (563 voxels, peak = 24), gca=24.5
gca peak Unknown = 0.94777 ( 0)
gca peak Left_Inf_Lat_Vent = 0.19087 (28)
gca peak Third_Ventricle = 0.20775 (25)
gca peak CSF = 0.16821 (33)
gca peak Left_Accumbens_area = 0.32850 (63)
gca peak Left_undetermined = 0.98480 (28)
gca peak Left_vessel = 0.40887 (53)
gca peak Left_choroid_plexus = 0.10898 (46)
gca peak Right_Inf_Lat_Vent = 0.17798 (26)
gca peak Right_Accumbens_area = 0.30137 (64)
gca peak Right_vessel = 0.47828 (52)
gca peak Right_choroid_plexus = 0.11612 (45)
gca peak Fifth_Ventricle = 0.59466 (35)
gca peak WM_hypointensities = 0.10053 (78)
gca peak non_WM_hypointensities = 0.07253 (60)
gca peak Optic_Chiasm = 0.25330 (73)
not using caudate to estimate GM means
estimating mean gm scale to be 1.15 x + 0.0
estimating mean wm scale to be 1.05 x + 0.0
estimating mean csf scale to be 1.16 x + 0.0
saving intensity scales to talairach.label_intensities.txt
GCAmapRenormalizeWithAlignment() took 2.15907 min
noneg pre
Starting GCAMregister()
label assignment complete, 0 changed (0.00%)
npasses = 1, nlevels = 6
#pass# 1 of 1 ************************
enabling zero nodes
setting smoothness cost coefficient to 0.008

#GCAMreg# pass 0 level1 5 level2 0 tsec 0 sigma 2
l_jacobian=1.00 l_label=1.00 l_log_likelihood=0.20 l_smoothness=0.01 
tol=5.00e-02, dt=5.00e-02, exp_k=20.0, momentum=0.90, levels=6, niter=500, lbl_dist=10.00, avgs=256, sigma=2.0,type=2, relabel=0, neg=no

blurring input image with Gaussian with sigma=2.000...
GCAMRegisterLevel(): init RMS 0.684266
#FOTS# QuadFit found better minimum quadopt=(dt=183.018,rms=0.664982) vs oldopt=(dt=92.48,rms=0.670228)
#GCMRL#   71 dt 183.017544 rms  0.665  2.818% neg 0  invalid 762 tFOTS 2.6910 tGradient 2.3770 tsec 5.2760
#FOTS# QuadFit found better minimum quadopt=(dt=295.936,rms=0.657961) vs oldopt=(dt=369.92,rms=0.65882)
#GCMRL#   72 dt 295.936000 rms  0.658  1.056% neg 0  invalid 762 tFOTS 2.6820 tGradient 2.3910 tsec 5.3270
#FOTS# QuadFit found better minimum quadopt=(dt=129.472,rms=0.653771) vs oldopt=(dt=92.48,rms=0.65419)
#GCMRL#   73 dt 129.472000 rms  0.654  0.637% neg 0  invalid 762 tFOTS 2.7440 tGradient 2.4740 tsec 5.4270
#GCMRL#   74 dt 369.920000 rms  0.650  0.504% neg 0  invalid 762 tFOTS 2.7110 tGradient 2.3710 tsec 5.2910
#FOTS# QuadFit found better minimum quadopt=(dt=110.976,rms=0.647874) vs oldopt=(dt=92.48,rms=0.647949)
#GCMRL#   75 dt 110.976000 rms  0.648  0.400% neg 0  invalid 762 tFOTS 2.9420 tGradient 2.3860 tsec 5.5430
#FOTS# QuadFit found better minimum quadopt=(dt=443.904,rms=0.645581) vs oldopt=(dt=369.92,rms=0.645665)
#GCMRL#   76 dt 443.904000 rms  0.646  0.354% neg 0  invalid 762 tFOTS 2.7490 tGradient 2.3620 tsec 5.3230
#FOTS# QuadFit found better minimum quadopt=(dt=110.976,rms=0.643967) vs oldopt=(dt=92.48,rms=0.644002)
#GCMRL#   77 dt 110.976000 rms  0.644  0.250% neg 0  invalid 762 tFOTS 2.9240 tGradient 2.2960 tsec 5.4360
#FOTS# QuadFit found better minimum quadopt=(dt=443.904,rms=0.642573) vs oldopt=(dt=369.92,rms=0.642606)
#GCMRL#   78 dt 443.904000 rms  0.643  0.216% neg 0  invalid 762 tFOTS 2.7070 tGradient 2.3050 tsec 5.2220
#FOTS# QuadFit found better minimum quadopt=(dt=110.976,rms=0.641438) vs oldopt=(dt=92.48,rms=0.641448)
#GCMRL#   79 dt 110.976000 rms  0.641  0.177% neg 0  invalid 762 tFOTS 2.8330 tGradient 2.3320 tsec 5.3700
#GCMRL#   80 dt 369.920000 rms  0.641  0.144% neg 0  invalid 762 tFOTS 2.6660 tGradient 2.3340 tsec 5.2110
#FOTS# QuadFit found better minimum quadopt=(dt=110.976,rms=0.639786) vs oldopt=(dt=92.48,rms=0.639804)
#GCMRL#   81 dt 110.976000 rms  0.640  0.113% neg 0  invalid 762 tFOTS 2.6210 tGradient 2.3790 tsec 5.2090
#FOTS# QuadFit found better minimum quadopt=(dt=517.888,rms=0.638835) vs oldopt=(dt=369.92,rms=0.638912)
#GCMRL#   82 dt 517.888000 rms  0.639  0.149% neg 0  invalid 762 tFOTS 2.7860 tGradient 2.4220 tsec 5.4080
#GCMRL#   83 dt  92.480000 rms  0.638  0.123% neg 0  invalid 762 tFOTS 2.5950 tGradient 2.4370 tsec 5.2340
#FOTS# QuadFit found better minimum quadopt=(dt=3551.23,rms=0.632894) vs oldopt=(dt=5918.72,rms=0.634141)
#GCMRL#   84 dt 3551.232000 rms  0.633  0.808% neg 0  invalid 762 tFOTS 2.8100 tGradient 2.4240 tsec 5.4300
#FOTS# QuadFit found better minimum quadopt=(dt=74.7124,rms=0.631561) vs oldopt=(dt=92.48,rms=0.631569)
#GCMRL#   85 dt  74.712446 rms  0.632  0.211% neg 0  invalid 762 tFOTS 2.7520 tGradient 2.2720 tsec 5.2340
#FOTS# QuadFit found better minimum quadopt=(dt=129.472,rms=0.631419) vs oldopt=(dt=92.48,rms=0.631428)
#GCMRL#   86 dt 129.472000 rms  0.631  0.000% neg 0  invalid 762 tFOTS 2.9210 tGradient 2.3470 tsec 5.5020
#GCMRL#   87 dt 129.472000 rms  0.631  0.028% neg 0  invalid 762 tFOTS 0.0000 tGradient 2.3900 tsec 2.5760
#GCMRL#   88 dt 129.472000 rms  0.631  0.045% neg 0  invalid 762 tFOTS 0.0000 tGradient 2.4410 tsec 2.6230
#GCMRL#   89 dt 129.472000 rms  0.631  0.061% neg 0  invalid 762 tFOTS 0.0000 tGradient 2.3990 tsec 2.5890
#GCMRL#   90 dt 129.472000 rms  0.630  0.073% neg 0  invalid 762 tFOTS 0.0000 tGradient 2.3780 tsec 2.5640
#GCMRL#   91 dt 129.472000 rms  0.630  0.092% neg 0  invalid 762 tFOTS 0.0000 tGradient 2.3270 tsec 2.5160
#GCMRL#   92 dt 129.472000 rms  0.629  0.108% neg 0  invalid 762 tFOTS 0.0000 tGradient 2.3200 tsec 2.5040
#GCMRL#   93 dt 129.472000 rms  0.628  0.116% neg 0  invalid 762 tFOTS 0.0000 tGradient 2.3740 tsec 2.5580
#GCMRL#   94 dt 129.472000 rms  0.627  0.105% neg 0  invalid 762 tFOTS 0.0000 tGradient 2.3050 tsec 2.4910
#GCMRL#   95 dt 129.472000 rms  0.627  0.105% neg 0  invalid 762 tFOTS 0.0000 tGradient 2.2520 tsec 2.4420
#GCMRL#   96 dt 129.472000 rms  0.626  0.117% neg 0  invalid 762 tFOTS 0.0000 tGradient 2.4850 tsec 2.6730
#GCMRL#   97 dt 129.472000 rms  0.625  0.107% neg 0  invalid 762 tFOTS 0.0000 tGradient 2.2700 tsec 2.4590
#GCMRL#   98 dt 129.472000 rms  0.625  0.109% neg 0  invalid 762 tFOTS 0.0000 tGradient 2.4600 tsec 2.6450
#GCMRL#   99 dt 129.472000 rms  0.624  0.100% neg 0  invalid 762 tFOTS 0.0000 tGradient 2.4100 tsec 2.6000
#GCMRL#  100 dt 129.472000 rms  0.624  0.085% neg 0  invalid 762 tFOTS 0.0000 tGradient 2.3160 tsec 2.5050
#GCMRL#  101 dt 129.472000 rms  0.623  0.087% neg 0  invalid 762 tFOTS 0.0000 tGradient 2.4000 tsec 2.5990
#GCMRL#  102 dt 129.472000 rms  0.623  0.080% neg 0  invalid 762 tFOTS 0.0000 tGradient 2.2560 tsec 2.4460
#GCMRL#  103 dt 129.472000 rms  0.622  0.075% neg 0  invalid 762 tFOTS 0.0000 tGradient 2.2730 tsec 2.4650
#GCMRL#  104 dt 129.472000 rms  0.622  0.071% neg 0  invalid 762 tFOTS 0.0000 tGradient 2.2290 tsec 2.4190
#GCMRL#  105 dt 129.472000 rms  0.621  0.071% neg 0  invalid 762 tFOTS 0.0000 tGradient 2.2700 tsec 2.4560
#GCMRL#  106 dt 129.472000 rms  0.621  0.077% neg 0  invalid 762 tFOTS 0.0000 tGradient 2.3570 tsec 2.5430
#GCMRL#  107 dt 129.472000 rms  0.620  0.074% neg 0  invalid 762 tFOTS 0.0000 tGradient 2.4060 tsec 2.5970
#GCMRL#  108 dt 129.472000 rms  0.620  0.070% neg 0  invalid 762 tFOTS 0.0000 tGradient 2.2830 tsec 2.4710
#GCMRL#  109 dt 129.472000 rms  0.619  0.065% neg 0  invalid 762 tFOTS 0.0000 tGradient 2.3480 tsec 2.5360
#GCMRL#  110 dt 129.472000 rms  0.619  0.063% neg 0  invalid 762 tFOTS 0.0000 tGradient 2.4100 tsec 2.5930
#GCMRL#  111 dt 129.472000 rms  0.619  0.060% neg 0  invalid 762 tFOTS 0.0000 tGradient 2.3040 tsec 2.4890
#GCMRL#  112 dt 129.472000 rms  0.618  0.066% neg 0  invalid 762 tFOTS 0.0000 tGradient 2.5100 tsec 2.6950
#GCMRL#  113 dt 129.472000 rms  0.618  0.053% neg 0  invalid 762 tFOTS 0.0000 tGradient 2.4000 tsec 2.5840
#GCMRL#  114 dt 129.472000 rms  0.618  0.050% neg 0  invalid 762 tFOTS 0.0000 tGradient 2.2770 tsec 2.4630
#GCMRL#  115 dt 129.472000 rms  0.617  0.049% neg 0  invalid 762 tFOTS 0.0000 tGradient 2.3560 tsec 2.5440
#GCMRL#  116 dt 129.472000 rms  0.617  0.052% neg 0  invalid 762 tFOTS 0.0000 tGradient 2.3470 tsec 2.5330
#GCMRL#  117 dt 129.472000 rms  0.617  0.051% neg 0  invalid 762 tFOTS 0.0000 tGradient 2.3090 tsec 2.4940
#GCMRL#  118 dt 129.472000 rms  0.616  0.050% neg 0  invalid 762 tFOTS 0.0000 tGradient 2.3280 tsec 2.5150
#GCMRL#  119 dt 129.472000 rms  0.616  0.045% neg 0  invalid 762 tFOTS 0.0000 tGradient 2.2900 tsec 2.4820
#GCMRL#  120 dt 129.472000 rms  0.616  0.046% neg 0  invalid 762 tFOTS 0.0000 tGradient 2.3690 tsec 2.5590
#GCMRL#  121 dt 129.472000 rms  0.615  0.049% neg 0  invalid 762 tFOTS 0.0000 tGradient 2.3100 tsec 2.5000
#GCMRL#  122 dt 129.472000 rms  0.615  0.044% neg 0  invalid 762 tFOTS 0.0000 tGradient 2.2210 tsec 2.4150
#GCMRL#  123 dt 129.472000 rms  0.615  0.042% neg 0  invalid 762 tFOTS 0.0000 tGradient 2.2520 tsec 2.4410
#GCMRL#  124 dt 129.472000 rms  0.615  0.043% neg 0  invalid 762 tFOTS 0.0000 tGradient 2.3080 tsec 2.5010
#GCMRL#  125 dt 129.472000 rms  0.614  0.041% neg 0  invalid 762 tFOTS 0.0000 tGradient 2.1740 tsec 2.3640
#GCMRL#  126 dt 129.472000 rms  0.614  0.041% neg 0  invalid 762 tFOTS 0.0000 tGradient 2.2840 tsec 2.4750
#GCMRL#  127 dt 129.472000 rms  0.614  0.040% neg 0  invalid 762 tFOTS 0.0000 tGradient 2.3000 tsec 2.4830
#GCMRL#  128 dt 129.472000 rms  0.614  0.039% neg 0  invalid 762 tFOTS 0.0000 tGradient 2.2900 tsec 2.4820
#GCMRL#  129 dt 129.472000 rms  0.613  0.043% neg 0  invalid 762 tFOTS 0.0000 tGradient 2.3820 tsec 2.5670
#GCMRL#  130 dt 129.472000 rms  0.613  0.040% neg 0  invalid 762 tFOTS 0.0000 tGradient 2.4200 tsec 2.6030
#GCMRL#  131 dt 129.472000 rms  0.613  0.036% neg 0  invalid 762 tFOTS 0.0000 tGradient 2.3960 tsec 2.5770
#GCMRL#  132 dt 129.472000 rms  0.613  0.036% neg 0  invalid 762 tFOTS 0.0000 tGradient 2.5320 tsec 2.7190
#GCMRL#  133 dt 129.472000 rms  0.613  0.034% neg 0  invalid 762 tFOTS 0.0000 tGradient 2.4920 tsec 2.6800
#GCMRL#  134 dt 129.472000 rms  0.612  0.033% neg 0  invalid 762 tFOTS 0.0000 tGradient 2.4360 tsec 2.6210
#GCMRL#  135 dt 129.472000 rms  0.612  0.032% neg 0  invalid 762 tFOTS 0.0000 tGradient 2.5800 tsec 2.7640
#GCMRL#  136 dt 129.472000 rms  0.612  0.033% neg 0  invalid 762 tFOTS 0.0000 tGradient 2.4070 tsec 2.5890
#GCMRL#  137 dt 129.472000 rms  0.612  0.031% neg 0  invalid 762 tFOTS 0.0000 tGradient 2.3940 tsec 2.5890
#GCMRL#  138 dt 129.472000 rms  0.612  0.029% neg 0  invalid 762 tFOTS 0.0000 tGradient 2.4630 tsec 2.6470
#GCMRL#  139 dt 129.472000 rms  0.611  0.029% neg 0  invalid 762 tFOTS 0.0000 tGradient 2.4580 tsec 2.6430
#GCMRL#  140 dt 129.472000 rms  0.611  0.027% neg 0  invalid 762 tFOTS 0.0000 tGradient 2.4000 tsec 2.5980
#GCMRL#  141 dt 129.472000 rms  0.611  0.025% neg 0  invalid 762 tFOTS 0.0000 tGradient 2.4610 tsec 2.6450
#GCMRL#  142 dt 129.472000 rms  0.611  0.026% neg 0  invalid 762 tFOTS 0.0000 tGradient 2.3500 tsec 2.5360
#GCMRL#  143 dt 129.472000 rms  0.611  0.026% neg 0  invalid 762 tFOTS 0.0000 tGradient 2.3320 tsec 2.5170
#GCMRL#  144 dt 129.472000 rms  0.611  0.026% neg 0  invalid 762 tFOTS 0.0000 tGradient 2.2060 tsec 2.4000
#GCMRL#  145 dt 129.472000 rms  0.610  0.027% neg 0  invalid 762 tFOTS 0.0000 tGradient 2.3610 tsec 2.5460
#GCMRL#  146 dt 129.472000 rms  0.610  0.026% neg 0  invalid 762 tFOTS 0.0000 tGradient 2.3780 tsec 2.5690
#GCMRL#  147 dt 129.472000 rms  0.610  0.026% neg 0  invalid 762 tFOTS 0.0000 tGradient 2.4060 tsec 2.5960
#GCMRL#  148 dt 129.472000 rms  0.610  0.023% neg 0  invalid 762 tFOTS 0.0000 tGradient 2.2420 tsec 2.4300
#GCMRL#  149 dt 129.472000 rms  0.610  0.024% neg 0  invalid 762 tFOTS 0.0000 tGradient 2.2850 tsec 2.4670
#GCMRL#  150 dt 129.472000 rms  0.610  0.024% neg 0  invalid 762 tFOTS 0.0000 tGradient 2.2320 tsec 2.4340
#FOTS# QuadFit found better minimum quadopt=(dt=7102.46,rms=0.60932) vs oldopt=(dt=5918.72,rms=0.609326)
#GCMRL#  151 dt 7102.464000 rms  0.609  0.058% neg 0  invalid 762 tFOTS 2.9760 tGradient 2.2770 tsec 5.4630
#FOTS# QuadFit found better minimum quadopt=(dt=73.984,rms=0.609147) vs oldopt=(dt=92.48,rms=0.609153)
#GCMRL#  152 dt  73.984000 rms  0.609  0.000% neg 0  invalid 762 tFOTS 2.7900 tGradient 2.3150 tsec 5.3300
#GCMRL#  153 dt  73.984000 rms  0.609  0.005% neg 0  invalid 762 tFOTS 0.0000 tGradient 2.3380 tsec 2.5270
#GCMRL#  154 dt  73.984000 rms  0.609  0.001% neg 0  invalid 762 tFOTS 0.0000 tGradient 2.2150 tsec 2.3990
#GCMRL#  155 dt  73.984000 rms  0.609  0.004% neg 0  invalid 762 tFOTS 0.0000 tGradient 2.3380 tsec 2.5230
#GCMRL#  156 dt  73.984000 rms  0.609  0.011% neg 0  invalid 762 tFOTS 0.0000 tGradient 2.2950 tsec 2.4800
#GCMRL#  157 dt  73.984000 rms  0.609  0.014% neg 0  invalid 762 tFOTS 0.0000 tGradient 2.3170 tsec 2.5080
#GCMRL#  158 dt  73.984000 rms  0.609  0.009% neg 0  invalid 762 tFOTS 0.0000 tGradient 2.2220 tsec 2.4280

#GCAMreg# pass 0 level1 5 level2 1 tsec 288.19 sigma 0.5
l_jacobian=1.00 l_label=1.00 l_log_likelihood=0.20 l_smoothness=0.01 
tol=5.00e-02, dt=5.00e-02, exp_k=20.0, momentum=0.90, levels=6, niter=500, lbl_dist=10.00, avgs=256, sigma=0.5,type=2, relabel=0, neg=no

blurring input image with Gaussian with sigma=0.500...
GCAMRegisterLevel(): init RMS 0.609274
#FOTS# QuadFit found better minimum quadopt=(dt=129.472,rms=0.608512) vs oldopt=(dt=92.48,rms=0.608593)
#GCMRL#  160 dt 129.472000 rms  0.609  0.125% neg 0  invalid 762 tFOTS 2.8380 tGradient 2.2090 tsec 5.2550
#FOTS# QuadFit found better minimum quadopt=(dt=517.888,rms=0.608098) vs oldopt=(dt=369.92,rms=0.608131)
#GCMRL#  161 dt 517.888000 rms  0.608  0.068% neg 0  invalid 762 tFOTS 2.9280 tGradient 2.4330 tsec 5.5720
#FOTS# QuadFit found better minimum quadopt=(dt=443.904,rms=0.607692) vs oldopt=(dt=369.92,rms=0.607706)
#GCMRL#  162 dt 443.904000 rms  0.608  0.067% neg 0  invalid 762 tFOTS 2.9820 tGradient 2.3970 tsec 5.5960
#FOTS# QuadFit found better minimum quadopt=(dt=129.472,rms=0.607617) vs oldopt=(dt=92.48,rms=0.607637)
#GCMRL#  163 dt 129.472000 rms  0.608  0.000% neg 0  invalid 762 tFOTS 2.9010 tGradient 2.2970 tsec 5.4210
#GCMRL#  164 dt 129.472000 rms  0.608  0.015% neg 0  invalid 762 tFOTS 0.0000 tGradient 2.4030 tsec 2.5950
#GCMRL#  165 dt 129.472000 rms  0.607  0.014% neg 0  invalid 762 tFOTS 0.0000 tGradient 2.4670 tsec 2.6540
#GCMRL#  166 dt 129.472000 rms  0.607  0.022% neg 0  invalid 762 tFOTS 0.0000 tGradient 2.4160 tsec 2.6040
#GCMRL#  167 dt 129.472000 rms  0.607  0.024% neg 0  invalid 762 tFOTS 0.0000 tGradient 2.3280 tsec 2.5200
#GCMRL#  168 dt 129.472000 rms  0.607  0.027% neg 0  invalid 762 tFOTS 0.0000 tGradient 2.3410 tsec 2.5300
#GCMRL#  169 dt 129.472000 rms  0.607  0.026% neg 0  invalid 762 tFOTS 0.0000 tGradient 2.3490 tsec 2.5310
#GCMRL#  170 dt 129.472000 rms  0.607  0.023% neg 0  invalid 762 tFOTS 0.0000 tGradient 2.3060 tsec 2.4970
#GCMRL#  171 dt 129.472000 rms  0.607  0.025% neg 0  invalid 762 tFOTS 0.0000 tGradient 2.3200 tsec 2.5120
#GCMRL#  172 dt 129.472000 rms  0.606  0.023% neg 0  invalid 762 tFOTS 0.0000 tGradient 2.3830 tsec 2.5720
#GCMRL#  173 dt 129.472000 rms  0.606  0.019% neg 0  invalid 762 tFOTS 0.0000 tGradient 2.3940 tsec 2.5970
#FOTS# QuadFit found better minimum quadopt=(dt=129.472,rms=0.606288) vs oldopt=(dt=92.48,rms=0.606289)
#GCMRL#  174 dt 129.472000 rms  0.606  0.000% neg 0  invalid 762 tFOTS 2.8950 tGradient 2.3630 tsec 5.4880
#GCMRL#  175 dt 129.472000 rms  0.606  0.003% neg 0  invalid 762 tFOTS 0.0000 tGradient 2.3480 tsec 2.5370
#GCMRL#  176 dt 129.472000 rms  0.606  0.001% neg 0  invalid 762 tFOTS 0.0000 tGradient 2.3330 tsec 2.5270
#GCMRL#  177 dt 129.472000 rms  0.606  0.008% neg 0  invalid 762 tFOTS 0.0000 tGradient 2.3700 tsec 2.5590
setting smoothness cost coefficient to 0.031

#GCAMreg# pass 0 level1 4 level2 0 tsec 0 sigma 2
l_jacobian=1.00 l_label=1.00 l_log_likelihood=0.20 l_smoothness=0.03 
tol=5.00e-02, dt=5.00e-02, exp_k=20.0, momentum=0.90, levels=6, niter=500, lbl_dist=10.00, avgs=64, sigma=2.0,type=2, relabel=0, neg=no

blurring input image with Gaussian with sigma=2.000...
GCAMRegisterLevel(): init RMS 0.608295
#FOTS# QuadFit found better minimum quadopt=(dt=137.432,rms=0.604321) vs oldopt=(dt=103.68,rms=0.604495)
#GCMRL#  179 dt 137.431579 rms  0.604  0.653% neg 0  invalid 762 tFOTS 2.6890 tGradient 1.8010 tsec 4.7090
#FOTS# QuadFit found better minimum quadopt=(dt=142.322,rms=0.599028) vs oldopt=(dt=103.68,rms=0.599377)
#GCMRL#  180 dt 142.321678 rms  0.599  0.876% neg 0  invalid 762 tFOTS 2.7150 tGradient 1.7550 tsec 4.6790
#FOTS# QuadFit found better minimum quadopt=(dt=75.5556,rms=0.596528) vs oldopt=(dt=25.92,rms=0.59716)
#GCMRL#  181 dt  75.555556 rms  0.597  0.417% neg 0  invalid 762 tFOTS 2.7240 tGradient 1.7890 tsec 4.7190
#FOTS# QuadFit found better minimum quadopt=(dt=172.444,rms=0.592689) vs oldopt=(dt=103.68,rms=0.593189)
#GCMRL#  182 dt 172.444444 rms  0.593  0.644% neg 0  invalid 762 tFOTS 2.7510 tGradient 1.7220 tsec 4.6810
#FOTS# QuadFit found better minimum quadopt=(dt=64.8,rms=0.590505) vs oldopt=(dt=25.92,rms=0.590943)
#GCMRL#  183 dt  64.800000 rms  0.591  0.369% neg 0  invalid 762 tFOTS 2.7250 tGradient 1.8470 tsec 4.7810
#FOTS# QuadFit found better minimum quadopt=(dt=248.832,rms=0.58638) vs oldopt=(dt=414.72,rms=0.587633)
#GCMRL#  184 dt 248.832000 rms  0.586  0.699% neg 0  invalid 762 tFOTS 2.7200 tGradient 1.8860 tsec 4.8190
#FOTS# QuadFit found better minimum quadopt=(dt=53.551,rms=0.584462) vs oldopt=(dt=25.92,rms=0.584779)
#GCMRL#  185 dt  53.551020 rms  0.584  0.327% neg 0  invalid 762 tFOTS 2.7810 tGradient 1.8480 tsec 4.8390
#FOTS# QuadFit found better minimum quadopt=(dt=995.328,rms=0.574218) vs oldopt=(dt=1658.88,rms=0.576918)
#GCMRL#  186 dt 995.328000 rms  0.574  1.753% neg 0  invalid 762 tFOTS 2.7720 tGradient 1.8890 tsec 4.8690
#FOTS# QuadFit found better minimum quadopt=(dt=43.2281,rms=0.571199) vs oldopt=(dt=25.92,rms=0.57159)
#GCMRL#  187 dt  43.228070 rms  0.571  0.526% neg 0  invalid 762 tFOTS 2.7110 tGradient 2.0280 tsec 4.9490
#GCMRL#  188 dt 103.680000 rms  0.571  0.059% neg 0  invalid 762 tFOTS 2.7220 tGradient 1.9480 tsec 4.8800
#FOTS# QuadFit found better minimum quadopt=(dt=145.152,rms=0.569412) vs oldopt=(dt=103.68,rms=0.569646)
#GCMRL#  189 dt 145.152000 rms  0.569  0.254% neg 0  invalid 762 tFOTS 2.7570 tGradient 1.8560 tsec 4.8190
#FOTS# QuadFit found better minimum quadopt=(dt=31.104,rms=0.569281) vs oldopt=(dt=25.92,rms=0.569292)
#GCMRL#  190 dt  31.104000 rms  0.569  0.000% neg 0  invalid 762 tFOTS 2.7560 tGradient 1.6810 tsec 4.6630
#GCMRL#  191 dt  31.104000 rms  0.569  0.026% neg 0  invalid 762 tFOTS 0.0000 tGradient 1.7900 tsec 1.9820
#GCMRL#  192 dt  31.104000 rms  0.569  0.047% neg 0  invalid 762 tFOTS 0.0000 tGradient 1.8080 tsec 1.9970
#GCMRL#  193 dt  31.104000 rms  0.568  0.082% neg 0  invalid 762 tFOTS 0.0000 tGradient 1.8280 tsec 2.0160
#GCMRL#  194 dt  31.104000 rms  0.568  0.130% neg 0  invalid 762 tFOTS 0.0000 tGradient 1.7700 tsec 1.9610
#GCMRL#  195 dt  31.104000 rms  0.567  0.161% neg 0  invalid 762 tFOTS 0.0000 tGradient 1.7690 tsec 1.9640
#GCMRL#  196 dt  31.104000 rms  0.566  0.175% neg 0  invalid 762 tFOTS 0.0000 tGradient 1.9380 tsec 2.1280
#GCMRL#  197 dt  31.104000 rms  0.565  0.165% neg 0  invalid 762 tFOTS 0.0000 tGradient 1.8900 tsec 2.0770
#GCMRL#  198 dt  31.104000 rms  0.564  0.166% neg 0  invalid 762 tFOTS 0.0000 tGradient 1.7380 tsec 1.9240
#GCMRL#  199 dt  31.104000 rms  0.563  0.167% neg 0  invalid 762 tFOTS 0.0000 tGradient 1.8460 tsec 2.0360
#GCMRL#  200 dt  31.104000 rms  0.562  0.172% neg 0  invalid 762 tFOTS 0.0000 tGradient 1.8020 tsec 1.9960
#GCMRL#  201 dt  31.104000 rms  0.561  0.187% neg 0  invalid 762 tFOTS 0.0000 tGradient 1.7890 tsec 1.9800
#GCMRL#  202 dt  31.104000 rms  0.560  0.191% neg 0  invalid 762 tFOTS 0.0000 tGradient 1.7980 tsec 1.9910
#GCMRL#  203 dt  31.104000 rms  0.559  0.178% neg 0  invalid 762 tFOTS 0.0000 tGradient 1.7150 tsec 1.9100
#GCMRL#  204 dt  31.104000 rms  0.558  0.170% neg 0  invalid 762 tFOTS 0.0000 tGradient 1.7420 tsec 1.9320
#GCMRL#  205 dt  31.104000 rms  0.557  0.161% neg 0  invalid 762 tFOTS 0.0000 tGradient 1.6840 tsec 1.8750
#GCMRL#  206 dt  31.104000 rms  0.556  0.147% neg 0  invalid 762 tFOTS 0.0000 tGradient 1.6980 tsec 1.8890
#GCMRL#  207 dt  31.104000 rms  0.555  0.139% neg 0  invalid 762 tFOTS 0.0000 tGradient 1.7140 tsec 1.9040
#GCMRL#  208 dt  31.104000 rms  0.555  0.143% neg 0  invalid 762 tFOTS 0.0000 tGradient 1.7370 tsec 1.9260
#GCMRL#  209 dt  31.104000 rms  0.554  0.149% neg 0  invalid 762 tFOTS 0.0000 tGradient 1.6320 tsec 1.8220
#GCMRL#  210 dt  31.104000 rms  0.553  0.145% neg 0  invalid 762 tFOTS 0.0000 tGradient 1.7230 tsec 1.9100
#GCMRL#  211 dt  31.104000 rms  0.552  0.138% neg 0  invalid 762 tFOTS 0.0000 tGradient 1.7010 tsec 1.8950
#GCMRL#  212 dt  31.104000 rms  0.552  0.119% neg 0  invalid 762 tFOTS 0.0000 tGradient 1.7050 tsec 1.8920
#GCMRL#  213 dt  31.104000 rms  0.551  0.108% neg 0  invalid 762 tFOTS 0.0000 tGradient 1.7610 tsec 1.9520
#GCMRL#  214 dt  31.104000 rms  0.550  0.098% neg 0  invalid 762 tFOTS 0.0000 tGradient 1.7430 tsec 1.9430
#GCMRL#  215 dt  31.104000 rms  0.550  0.103% neg 0  invalid 762 tFOTS 0.0000 tGradient 1.7450 tsec 1.9310
#GCMRL#  216 dt  31.104000 rms  0.549  0.102% neg 0  invalid 762 tFOTS 0.0000 tGradient 1.8150 tsec 2.0040
#GCMRL#  217 dt  31.104000 rms  0.549  0.100% neg 0  invalid 762 tFOTS 0.0000 tGradient 1.8580 tsec 2.0500
#GCMRL#  218 dt  31.104000 rms  0.548  0.090% neg 0  invalid 762 tFOTS 0.0000 tGradient 1.7960 tsec 1.9830
#GCMRL#  219 dt  31.104000 rms  0.548  0.086% neg 0  invalid 762 tFOTS 0.0000 tGradient 1.7250 tsec 1.9170
#GCMRL#  220 dt  31.104000 rms  0.547  0.087% neg 0  invalid 762 tFOTS 0.0000 tGradient 1.7960 tsec 1.9900
#GCMRL#  221 dt  31.104000 rms  0.547  0.078% neg 0  invalid 762 tFOTS 0.0000 tGradient 1.6870 tsec 1.8810
#GCMRL#  222 dt  31.104000 rms  0.546  0.079% neg 0  invalid 762 tFOTS 0.0000 tGradient 1.7510 tsec 1.9450
#GCMRL#  223 dt  31.104000 rms  0.546  0.079% neg 0  invalid 762 tFOTS 0.0000 tGradient 1.7660 tsec 1.9490
#GCMRL#  224 dt  31.104000 rms  0.546  0.079% neg 0  invalid 762 tFOTS 0.0000 tGradient 1.7130 tsec 1.9020
#GCMRL#  225 dt  31.104000 rms  0.545  0.079% neg 0  invalid 762 tFOTS 0.0000 tGradient 1.7880 tsec 1.9740
#GCMRL#  226 dt  31.104000 rms  0.545  0.084% neg 0  invalid 762 tFOTS 0.0000 tGradient 1.7780 tsec 1.9670
#GCMRL#  227 dt  31.104000 rms  0.544  0.083% neg 0  invalid 762 tFOTS 0.0000 tGradient 1.7420 tsec 1.9280
#GCMRL#  228 dt  31.104000 rms  0.544  0.089% neg 0  invalid 762 tFOTS 0.0000 tGradient 1.7090 tsec 1.8990
#GCMRL#  229 dt  31.104000 rms  0.543  0.098% neg 0  invalid 762 tFOTS 0.0000 tGradient 1.7690 tsec 1.9580
#GCMRL#  230 dt  31.104000 rms  0.543  0.098% neg 0  invalid 762 tFOTS 0.0000 tGradient 1.7360 tsec 1.9270
#GCMRL#  231 dt  31.104000 rms  0.542  0.093% neg 0  invalid 762 tFOTS 0.0000 tGradient 1.7450 tsec 1.9320
#GCMRL#  232 dt  31.104000 rms  0.542  0.086% neg 0  invalid 762 tFOTS 0.0000 tGradient 1.7300 tsec 1.9210
#GCMRL#  233 dt  31.104000 rms  0.541  0.079% neg 0  invalid 762 tFOTS 0.0000 tGradient 1.7210 tsec 1.9090
#GCMRL#  234 dt  31.104000 rms  0.541  0.070% neg 0  invalid 762 tFOTS 0.0000 tGradient 1.7420 tsec 1.9400
#GCMRL#  235 dt  31.104000 rms  0.541  0.062% neg 0  invalid 762 tFOTS 0.0000 tGradient 1.7590 tsec 1.9530
#GCMRL#  236 dt  31.104000 rms  0.540  0.057% neg 0  invalid 762 tFOTS 0.0000 tGradient 1.7220 tsec 1.9090
#GCMRL#  237 dt  31.104000 rms  0.540  0.057% neg 0  invalid 762 tFOTS 0.0000 tGradient 1.7040 tsec 1.8960
#GCMRL#  238 dt  31.104000 rms  0.540  0.057% neg 0  invalid 762 tFOTS 0.0000 tGradient 1.7320 tsec 1.9270
#GCMRL#  239 dt  31.104000 rms  0.539  0.055% neg 0  invalid 762 tFOTS 0.0000 tGradient 1.7330 tsec 1.9230
#GCMRL#  240 dt  31.104000 rms  0.539  0.053% neg 0  invalid 762 tFOTS 0.0000 tGradient 1.6960 tsec 1.8910
#GCMRL#  241 dt  31.104000 rms  0.539  0.050% neg 0  invalid 762 tFOTS 0.0000 tGradient 1.7430 tsec 1.9320
#GCMRL#  242 dt  31.104000 rms  0.539  0.045% neg 0  invalid 762 tFOTS 0.0000 tGradient 1.7070 tsec 1.8930
#GCMRL#  243 dt  31.104000 rms  0.538  0.041% neg 0  invalid 762 tFOTS 0.0000 tGradient 1.7700 tsec 1.9590
#GCMRL#  244 dt  31.104000 rms  0.538  0.038% neg 0  invalid 762 tFOTS 0.0000 tGradient 1.7260 tsec 1.9160
#GCMRL#  245 dt  31.104000 rms  0.538  0.038% neg 0  invalid 762 tFOTS 0.0000 tGradient 1.7270 tsec 1.9180
#GCMRL#  246 dt  31.104000 rms  0.538  0.035% neg 0  invalid 762 tFOTS 0.0000 tGradient 1.6960 tsec 1.8920
#GCMRL#  247 dt  31.104000 rms  0.538  0.042% neg 0  invalid 762 tFOTS 0.0000 tGradient 1.7100 tsec 1.9020
#GCMRL#  248 dt  31.104000 rms  0.537  0.039% neg 0  invalid 762 tFOTS 0.0000 tGradient 1.7120 tsec 1.9010
#GCMRL#  249 dt  31.104000 rms  0.537  0.038% neg 0  invalid 762 tFOTS 0.0000 tGradient 1.7590 tsec 1.9450
#GCMRL#  250 dt  31.104000 rms  0.537  0.040% neg 0  invalid 762 tFOTS 0.0000 tGradient 1.7040 tsec 1.9010
#GCMRL#  251 dt  31.104000 rms  0.537  0.036% neg 0  invalid 762 tFOTS 0.0000 tGradient 1.7720 tsec 1.9690
#GCMRL#  252 dt  31.104000 rms  0.537  0.037% neg 0  invalid 762 tFOTS 0.0000 tGradient 1.6450 tsec 1.8370
#GCMRL#  253 dt  31.104000 rms  0.536  0.037% neg 0  invalid 762 tFOTS 0.0000 tGradient 1.7560 tsec 1.9450
#GCMRL#  254 dt  31.104000 rms  0.536  0.030% neg 0  invalid 762 tFOTS 0.0000 tGradient 1.7290 tsec 1.9250
#GCMRL#  255 dt  31.104000 rms  0.536  0.035% neg 0  invalid 762 tFOTS 0.0000 tGradient 1.7460 tsec 1.9410
#GCMRL#  256 dt  31.104000 rms  0.536  0.032% neg 0  invalid 762 tFOTS 0.0000 tGradient 1.6970 tsec 1.8820
#GCMRL#  257 dt  31.104000 rms  0.536  0.028% neg 0  invalid 762 tFOTS 0.0000 tGradient 1.6490 tsec 1.8370
#GCMRL#  258 dt  31.104000 rms  0.535  0.031% neg 0  invalid 762 tFOTS 0.0000 tGradient 1.6380 tsec 1.8230
#GCMRL#  259 dt  31.104000 rms  0.535  0.030% neg 0  invalid 762 tFOTS 0.0000 tGradient 1.6320 tsec 1.8210
#GCMRL#  260 dt  31.104000 rms  0.535  0.028% neg 0  invalid 762 tFOTS 0.0000 tGradient 1.6770 tsec 1.8720
#GCMRL#  261 dt  31.104000 rms  0.535  0.029% neg 0  invalid 762 tFOTS 0.0000 tGradient 1.6740 tsec 1.8650
#GCMRL#  262 dt  31.104000 rms  0.535  0.029% neg 0  invalid 762 tFOTS 0.0000 tGradient 1.5900 tsec 1.7800
#GCMRL#  263 dt  31.104000 rms  0.535  0.031% neg 0  invalid 762 tFOTS 0.0000 tGradient 1.6560 tsec 1.8480
#GCMRL#  264 dt  31.104000 rms  0.535  0.028% neg 0  invalid 762 tFOTS 0.0000 tGradient 1.6900 tsec 1.8790
#GCMRL#  265 dt  31.104000 rms  0.534  0.029% neg 0  invalid 762 tFOTS 0.0000 tGradient 1.7430 tsec 1.9340
#GCMRL#  266 dt  31.104000 rms  0.534  0.029% neg 0  invalid 762 tFOTS 0.0000 tGradient 1.7730 tsec 1.9640
#GCMRL#  267 dt  31.104000 rms  0.534  0.026% neg 0  invalid 762 tFOTS 0.0000 tGradient 1.7030 tsec 1.8930
#GCMRL#  268 dt  31.104000 rms  0.534  0.026% neg 0  invalid 762 tFOTS 0.0000 tGradient 1.7110 tsec 1.8990
#GCMRL#  269 dt  31.104000 rms  0.534  0.026% neg 0  invalid 762 tFOTS 0.0000 tGradient 1.7520 tsec 1.9430
#GCMRL#  270 dt  31.104000 rms  0.534  0.024% neg 0  invalid 762 tFOTS 0.0000 tGradient 1.7290 tsec 1.9200
#GCMRL#  271 dt  31.104000 rms  0.534  0.023% neg 0  invalid 762 tFOTS 0.0000 tGradient 1.6510 tsec 1.8570
#FOTS# QuadFit found better minimum quadopt=(dt=1327.1,rms=0.533231) vs oldopt=(dt=1658.88,rms=0.533251)
#GCMRL#  272 dt 1327.104000 rms  0.533  0.063% neg 0  invalid 762 tFOTS 2.6930 tGradient 1.6320 tsec 4.5300
#FOTS# QuadFit found better minimum quadopt=(dt=36.288,rms=0.533054) vs oldopt=(dt=25.92,rms=0.533088)
#GCMRL#  273 dt  36.288000 rms  0.533  0.000% neg 0  invalid 762 tFOTS 2.7370 tGradient 1.7910 tsec 4.7540
#GCMRL#  274 dt  36.288000 rms  0.533  0.005% neg 0  invalid 762 tFOTS 0.0000 tGradient 1.6500 tsec 1.8380
#GCMRL#  275 dt  36.288000 rms  0.533  0.001% neg 0  invalid 762 tFOTS 0.0000 tGradient 1.6940 tsec 1.8930

#GCAMreg# pass 0 level1 4 level2 1 tsec 237.575 sigma 0.5
l_jacobian=1.00 l_label=1.00 l_log_likelihood=0.20 l_smoothness=0.03 
tol=5.00e-02, dt=5.00e-02, exp_k=20.0, momentum=0.90, levels=6, niter=500, lbl_dist=10.00, avgs=64, sigma=0.5,type=2, relabel=0, neg=no

blurring input image with Gaussian with sigma=0.500...
GCAMRegisterLevel(): init RMS 0.533741
#GCMRL#  277 dt 103.680000 rms  0.532  0.354% neg 0  invalid 762 tFOTS 2.5580 tGradient 1.7110 tsec 4.4770
#FOTS# QuadFit found better minimum quadopt=(dt=82.944,rms=0.531271) vs oldopt=(dt=103.68,rms=0.531359)
#GCMRL#  278 dt  82.944000 rms  0.531  0.109% neg 0  invalid 762 tFOTS 2.5570 tGradient 1.7090 tsec 4.4720
#FOTS# QuadFit found better minimum quadopt=(dt=36.288,rms=0.531062) vs oldopt=(dt=25.92,rms=0.531107)
#GCMRL#  279 dt  36.288000 rms  0.531  0.000% neg 0  invalid 762 tFOTS 2.6990 tGradient 1.7130 tsec 4.6370
#GCMRL#  280 dt  36.288000 rms  0.531  0.023% neg 0  invalid 762 tFOTS 0.0000 tGradient 1.7360 tsec 1.9230
#GCMRL#  281 dt  36.288000 rms  0.531  0.037% neg 0  invalid 762 tFOTS 0.0000 tGradient 1.7540 tsec 1.9460
#GCMRL#  282 dt  36.288000 rms  0.530  0.051% neg 0  invalid 762 tFOTS 0.0000 tGradient 1.7610 tsec 1.9490
#GCMRL#  283 dt  36.288000 rms  0.530  0.055% neg 0  invalid 762 tFOTS 0.0000 tGradient 1.7380 tsec 1.9280
#GCMRL#  284 dt  36.288000 rms  0.530  0.053% neg 0  invalid 762 tFOTS 0.0000 tGradient 1.7090 tsec 1.8970
#GCMRL#  285 dt  36.288000 rms  0.530  0.048% neg 0  invalid 762 tFOTS 0.0000 tGradient 1.7530 tsec 1.9450
#GCMRL#  286 dt  36.288000 rms  0.529  0.040% neg 0  invalid 762 tFOTS 0.0000 tGradient 1.7730 tsec 1.9660
#GCMRL#  287 dt  36.288000 rms  0.529  0.038% neg 0  invalid 762 tFOTS 0.0000 tGradient 1.7610 tsec 1.9490
#GCMRL#  288 dt  36.288000 rms  0.529  0.037% neg 0  invalid 762 tFOTS 0.0000 tGradient 1.7930 tsec 1.9830
#GCMRL#  289 dt  36.288000 rms  0.529  0.040% neg 0  invalid 762 tFOTS 0.0000 tGradient 1.7430 tsec 1.9330
#GCMRL#  290 dt  36.288000 rms  0.529  0.045% neg 0  invalid 762 tFOTS 0.0000 tGradient 1.6900 tsec 1.8800
#GCMRL#  291 dt  36.288000 rms  0.528  0.042% neg 0  invalid 762 tFOTS 0.0000 tGradient 1.7390 tsec 1.9280
#GCMRL#  292 dt  36.288000 rms  0.528  0.039% neg 0  invalid 762 tFOTS 0.0000 tGradient 1.6880 tsec 1.8760
#GCMRL#  293 dt  36.288000 rms  0.528  0.035% neg 0  invalid 762 tFOTS 0.0000 tGradient 1.7680 tsec 1.9630
#GCMRL#  294 dt  36.288000 rms  0.528  0.034% neg 0  invalid 762 tFOTS 0.0000 tGradient 1.7180 tsec 1.9050
#GCMRL#  295 dt  36.288000 rms  0.528  0.037% neg 0  invalid 762 tFOTS 0.0000 tGradient 1.7640 tsec 1.9610
#GCMRL#  296 dt  36.288000 rms  0.527  0.040% neg 0  invalid 762 tFOTS 0.0000 tGradient 1.7380 tsec 1.9330
#GCMRL#  297 dt  36.288000 rms  0.527  0.037% neg 0  invalid 762 tFOTS 0.0000 tGradient 1.6750 tsec 1.8680
#GCMRL#  298 dt  36.288000 rms  0.527  0.034% neg 0  invalid 762 tFOTS 0.0000 tGradient 1.7220 tsec 1.9200
#GCMRL#  299 dt  36.288000 rms  0.527  0.033% neg 0  invalid 762 tFOTS 0.0000 tGradient 1.7860 tsec 1.9820
#GCMRL#  300 dt  36.288000 rms  0.527  0.030% neg 0  invalid 762 tFOTS 0.0000 tGradient 1.7740 tsec 1.9650
#GCMRL#  301 dt  36.288000 rms  0.527  0.029% neg 0  invalid 762 tFOTS 0.0000 tGradient 1.7820 tsec 1.9710
#GCMRL#  302 dt  36.288000 rms  0.526  0.023% neg 0  invalid 762 tFOTS 0.0000 tGradient 1.6820 tsec 1.8730
#GCMRL#  303 dt  36.288000 rms  0.526  0.027% neg 0  invalid 762 tFOTS 0.0000 tGradient 1.7020 tsec 1.8950
#GCMRL#  304 dt  36.288000 rms  0.526  0.029% neg 0  invalid 762 tFOTS 0.0000 tGradient 1.6850 tsec 1.8790
#GCMRL#  305 dt  36.288000 rms  0.526  0.026% neg 0  invalid 762 tFOTS 0.0000 tGradient 1.7300 tsec 1.9220
#GCMRL#  306 dt  36.288000 rms  0.526  0.025% neg 0  invalid 762 tFOTS 0.0000 tGradient 1.7790 tsec 1.9710
#GCMRL#  307 dt  36.288000 rms  0.526  0.024% neg 0  invalid 762 tFOTS 0.0000 tGradient 1.6650 tsec 1.8590
#GCMRL#  308 dt  36.288000 rms  0.526  0.029% neg 0  invalid 762 tFOTS 0.0000 tGradient 1.7490 tsec 1.9460
#GCMRL#  309 dt  36.288000 rms  0.525  0.029% neg 0  invalid 762 tFOTS 0.0000 tGradient 1.7380 tsec 1.9330
#GCMRL#  310 dt  36.288000 rms  0.525  0.030% neg 0  invalid 762 tFOTS 0.0000 tGradient 1.7470 tsec 1.9400
#GCMRL#  311 dt  36.288000 rms  0.525  0.026% neg 0  invalid 762 tFOTS 0.0000 tGradient 1.6950 tsec 1.8980
#GCMRL#  312 dt  36.288000 rms  0.525  0.026% neg 0  invalid 762 tFOTS 0.0000 tGradient 1.7290 tsec 1.9210
#GCMRL#  313 dt  36.288000 rms  0.525  0.026% neg 0  invalid 762 tFOTS 0.0000 tGradient 1.7230 tsec 1.9190
#GCMRL#  314 dt  36.288000 rms  0.525  0.025% neg 0  invalid 762 tFOTS 0.0000 tGradient 1.7160 tsec 1.9100
#GCMRL#  315 dt  36.288000 rms  0.525  0.024% neg 0  invalid 762 tFOTS 0.0000 tGradient 1.6920 tsec 1.8990
#FOTS# QuadFit found better minimum quadopt=(dt=497.664,rms=0.524492) vs oldopt=(dt=414.72,rms=0.524494)
#GCMRL#  316 dt 497.664000 rms  0.524  0.000% neg 0  invalid 762 tFOTS 2.9500 tGradient 1.7310 tsec 4.9130
setting smoothness cost coefficient to 0.118

#GCAMreg# pass 0 level1 3 level2 0 tsec 0 sigma 2
l_jacobian=1.00 l_label=1.00 l_log_likelihood=0.20 l_smoothness=0.12 
tol=5.00e-02, dt=5.00e-02, exp_k=20.0, momentum=0.90, levels=6, niter=500, lbl_dist=10.00, avgs=16, sigma=2.0,type=2, relabel=0, neg=no

blurring input image with Gaussian with sigma=2.000...
GCAMRegisterLevel(): init RMS 0.536602
#FOTS# QuadFit found better minimum quadopt=(dt=25.6,rms=0.534414) vs oldopt=(dt=32,rms=0.534534)
#GCMRL#  318 dt  25.600000 rms  0.534  0.408% neg 0  invalid 762 tFOTS 2.6610 tGradient 1.4860 tsec 4.3550
#FOTS# QuadFit found better minimum quadopt=(dt=44.8,rms=0.531474) vs oldopt=(dt=32,rms=0.532065)
#GCMRL#  319 dt  44.800000 rms  0.531  0.550% neg 0  invalid 762 tFOTS 2.5960 tGradient 1.4780 tsec 4.2810
#FOTS# QuadFit found better minimum quadopt=(dt=44.8,rms=0.529095) vs oldopt=(dt=32,rms=0.529599)
#GCMRL#  320 dt  44.800000 rms  0.529  0.448% neg 0  invalid 762 tFOTS 2.6080 tGradient 1.4500 tsec 4.2720
#FOTS# QuadFit found better minimum quadopt=(dt=76.2828,rms=0.525461) vs oldopt=(dt=32,rms=0.526371)
#GCMRL#  321 dt  76.282828 rms  0.525  0.687% neg 0  invalid 762 tFOTS 2.5970 tGradient 1.5320 tsec 4.3580
#FOTS# QuadFit found better minimum quadopt=(dt=19.2,rms=0.523209) vs oldopt=(dt=32,rms=0.523939)
#GCMRL#  322 dt  19.200000 rms  0.523  0.429% neg 0  invalid 762 tFOTS 2.7450 tGradient 1.3990 tsec 4.3490
#FOTS# QuadFit found better minimum quadopt=(dt=179.2,rms=0.517646) vs oldopt=(dt=128,rms=0.518612)
#GCMRL#  323 dt 179.200000 rms  0.518  1.063% neg 0  invalid 762 tFOTS 2.5910 tGradient 1.5250 tsec 4.3250
#GCMRL#  324 dt  32.000000 rms  0.515  0.547% neg 0  invalid 762 tFOTS 2.7630 tGradient 1.5000 tsec 4.4770
#FOTS# QuadFit found better minimum quadopt=(dt=25.6,rms=0.514016) vs oldopt=(dt=32,rms=0.514083)
#GCMRL#  325 dt  25.600000 rms  0.514  0.155% neg 0  invalid 762 tFOTS 2.5770 tGradient 1.4190 tsec 4.2130
#FOTS# QuadFit found better minimum quadopt=(dt=90.7492,rms=0.512111) vs oldopt=(dt=128,rms=0.51241)
#GCMRL#  326 dt  90.749226 rms  0.512  0.371% neg 0  invalid 762 tFOTS 2.7820 tGradient 1.3980 tsec 4.3870
#FOTS# QuadFit found better minimum quadopt=(dt=11.2,rms=0.511272) vs oldopt=(dt=8,rms=0.511435)
#GCMRL#  327 dt  11.200000 rms  0.511  0.164% neg 0  invalid 762 tFOTS 2.8030 tGradient 1.3920 tsec 4.4000
#FOTS# QuadFit found better minimum quadopt=(dt=25.6,rms=0.510908) vs oldopt=(dt=32,rms=0.51094)
#GCMRL#  328 dt  25.600000 rms  0.511  0.071% neg 0  invalid 762 tFOTS 2.7610 tGradient 1.3580 tsec 4.3250
#FOTS# QuadFit found better minimum quadopt=(dt=102.4,rms=0.509208) vs oldopt=(dt=128,rms=0.509247)
#GCMRL#  329 dt 102.400000 rms  0.509  0.333% neg 0  invalid 762 tFOTS 2.5830 tGradient 1.4050 tsec 4.1940
#FOTS# QuadFit found better minimum quadopt=(dt=11.2,rms=0.508541) vs oldopt=(dt=8,rms=0.508659)
#GCMRL#  330 dt  11.200000 rms  0.509  0.131% neg 0  invalid 762 tFOTS 2.8000 tGradient 1.3700 tsec 4.3750
#FOTS# QuadFit found better minimum quadopt=(dt=25.6,rms=0.50828) vs oldopt=(dt=32,rms=0.508315)
#GCMRL#  331 dt  25.600000 rms  0.508  0.051% neg 0  invalid 762 tFOTS 2.7560 tGradient 1.3640 tsec 4.3260
#FOTS# QuadFit found better minimum quadopt=(dt=102.4,rms=0.50686) vs oldopt=(dt=128,rms=0.506885)
#GCMRL#  332 dt 102.400000 rms  0.507  0.279% neg 0  invalid 762 tFOTS 2.8060 tGradient 1.3110 tsec 4.3260
#FOTS# QuadFit found better minimum quadopt=(dt=11.2,rms=0.506355) vs oldopt=(dt=8,rms=0.506444)
#GCMRL#  333 dt  11.200000 rms  0.506  0.100% neg 0  invalid 762 tFOTS 2.7690 tGradient 1.3980 tsec 4.3760
#FOTS# QuadFit found better minimum quadopt=(dt=19.2,rms=0.506169) vs oldopt=(dt=32,rms=0.506211)
#GCMRL#  334 dt  19.200000 rms  0.506  0.000% neg 0  invalid 762 tFOTS 2.7360 tGradient 1.4000 tsec 4.3650
#GCMRL#  335 dt  19.200000 rms  0.506  0.057% neg 0  invalid 762 tFOTS 0.0000 tGradient 1.4590 tsec 1.6530
#GCMRL#  336 dt  19.200000 rms  0.505  0.094% neg 0  invalid 762 tFOTS 0.0000 tGradient 1.4250 tsec 1.6160
#GCMRL#  337 dt  19.200000 rms  0.505  0.124% neg 0  invalid 762 tFOTS 0.0000 tGradient 1.3650 tsec 1.5530
#GCMRL#  338 dt  19.200000 rms  0.504  0.151% neg 0  invalid 762 tFOTS 0.0000 tGradient 1.4010 tsec 1.5950
#GCMRL#  339 dt  19.200000 rms  0.503  0.176% neg 0  invalid 762 tFOTS 0.0000 tGradient 1.3750 tsec 1.5660
#GCMRL#  340 dt  19.200000 rms  0.502  0.194% neg 0  invalid 762 tFOTS 0.0000 tGradient 1.4210 tsec 1.6090
#GCMRL#  341 dt  19.200000 rms  0.501  0.202% neg 0  invalid 762 tFOTS 0.0000 tGradient 1.3560 tsec 1.5490
#GCMRL#  342 dt  19.200000 rms  0.500  0.203% neg 0  invalid 762 tFOTS 0.0000 tGradient 1.3720 tsec 1.5590
#GCMRL#  343 dt  19.200000 rms  0.499  0.197% neg 0  invalid 762 tFOTS 0.0000 tGradient 1.3880 tsec 1.5800
#GCMRL#  344 dt  19.200000 rms  0.498  0.192% neg 0  invalid 762 tFOTS 0.0000 tGradient 1.3500 tsec 1.5470
#GCMRL#  345 dt  19.200000 rms  0.497  0.185% neg 0  invalid 762 tFOTS 0.0000 tGradient 1.3880 tsec 1.5800
#GCMRL#  346 dt  19.200000 rms  0.496  0.175% neg 0  invalid 762 tFOTS 0.0000 tGradient 1.4080 tsec 1.6010
#GCMRL#  347 dt  19.200000 rms  0.496  0.154% neg 0  invalid 762 tFOTS 0.0000 tGradient 1.4110 tsec 1.6030
#GCMRL#  348 dt  19.200000 rms  0.495  0.146% neg 0  invalid 762 tFOTS 0.0000 tGradient 1.4220 tsec 1.6190
#GCMRL#  349 dt  19.200000 rms  0.494  0.129% neg 0  invalid 762 tFOTS 0.0000 tGradient 1.4110 tsec 1.6020
#GCMRL#  350 dt  19.200000 rms  0.494  0.120% neg 0  invalid 762 tFOTS 0.0000 tGradient 1.3690 tsec 1.5590
#GCMRL#  351 dt  19.200000 rms  0.493  0.118% neg 0  invalid 762 tFOTS 0.0000 tGradient 1.3660 tsec 1.5620
#GCMRL#  352 dt  19.200000 rms  0.493  0.110% neg 0  invalid 762 tFOTS 0.0000 tGradient 1.3690 tsec 1.5620
#GCMRL#  353 dt  19.200000 rms  0.492  0.099% neg 0  invalid 762 tFOTS 0.0000 tGradient 1.3550 tsec 1.5550
#GCMRL#  354 dt  19.200000 rms  0.492  0.093% neg 0  invalid 762 tFOTS 0.0000 tGradient 1.3520 tsec 1.5460
#GCMRL#  355 dt  19.200000 rms  0.491  0.079% neg 0  invalid 762 tFOTS 0.0000 tGradient 1.3710 tsec 1.5770
#GCMRL#  356 dt  19.200000 rms  0.491  0.070% neg 0  invalid 762 tFOTS 0.0000 tGradient 1.3570 tsec 1.5540
#GCMRL#  357 dt  19.200000 rms  0.491  0.063% neg 0  invalid 762 tFOTS 0.0000 tGradient 1.3170 tsec 1.5130
#GCMRL#  358 dt  19.200000 rms  0.490  0.063% neg 0  invalid 762 tFOTS 0.0000 tGradient 1.3540 tsec 1.5440
#GCMRL#  359 dt  19.200000 rms  0.490  0.056% neg 0  invalid 762 tFOTS 0.0000 tGradient 1.4280 tsec 1.6170
#GCMRL#  360 dt  19.200000 rms  0.490  0.050% neg 0  invalid 762 tFOTS 0.0000 tGradient 1.3070 tsec 1.5130
#GCMRL#  361 dt  19.200000 rms  0.490  0.049% neg 0  invalid 762 tFOTS 0.0000 tGradient 1.3700 tsec 1.5620
#GCMRL#  362 dt  19.200000 rms  0.489  0.050% neg 0  invalid 762 tFOTS 0.0000 tGradient 1.3130 tsec 1.5100
#GCMRL#  363 dt  19.200000 rms  0.489  0.045% neg 0  invalid 762 tFOTS 0.0000 tGradient 1.3430 tsec 1.5380
#GCMRL#  364 dt  19.200000 rms  0.489  0.041% neg 0  invalid 762 tFOTS 0.0000 tGradient 1.3280 tsec 1.5280
#GCMRL#  365 dt  19.200000 rms  0.489  0.042% neg 0  invalid 762 tFOTS 0.0000 tGradient 1.3570 tsec 1.5510
#GCMRL#  366 dt  19.200000 rms  0.488  0.043% neg 0  invalid 762 tFOTS 0.0000 tGradient 1.2870 tsec 1.4770
#GCMRL#  367 dt  19.200000 rms  0.488  0.043% neg 0  invalid 762 tFOTS 0.0000 tGradient 1.3290 tsec 1.5190
#GCMRL#  368 dt  19.200000 rms  0.488  0.039% neg 0  invalid 762 tFOTS 0.0000 tGradient 1.3020 tsec 1.5020
#GCMRL#  369 dt  19.200000 rms  0.488  0.035% neg 0  invalid 762 tFOTS 0.0000 tGradient 1.3160 tsec 1.5160
#GCMRL#  370 dt  19.200000 rms  0.488  0.036% neg 0  invalid 762 tFOTS 0.0000 tGradient 1.3420 tsec 1.5300
#GCMRL#  371 dt  19.200000 rms  0.487  0.036% neg 0  invalid 762 tFOTS 0.0000 tGradient 1.3080 tsec 1.4990
#GCMRL#  372 dt  19.200000 rms  0.487  0.035% neg 0  invalid 762 tFOTS 0.0000 tGradient 1.4030 tsec 1.5950
#GCMRL#  373 dt  19.200000 rms  0.487  0.006% neg 0  invalid 762 tFOTS 0.0000 tGradient 1.3160 tsec 1.6140
#GCMRL#  374 dt  19.200000 rms  0.487  0.008% neg 0  invalid 762 tFOTS 0.0000 tGradient 1.3540 tsec 1.5460
#GCMRL#  375 dt  19.200000 rms  0.487  0.009% neg 0  invalid 762 tFOTS 0.0000 tGradient 1.3550 tsec 1.5450
#GCMRL#  376 dt  19.200000 rms  0.487  0.010% neg 0  invalid 762 tFOTS 0.0000 tGradient 1.3420 tsec 1.5330
#GCMRL#  377 dt  19.200000 rms  0.487  0.010% neg 0  invalid 762 tFOTS 0.0000 tGradient 1.3650 tsec 1.5550
#GCMRL#  378 dt  19.200000 rms  0.487  0.010% neg 0  invalid 762 tFOTS 0.0000 tGradient 1.3170 tsec 1.5180
#FOTS# QuadFit found better minimum quadopt=(dt=153.6,rms=0.486994) vs oldopt=(dt=128,rms=0.486996)
#GCMRL#  379 dt 153.600000 rms  0.487  0.015% neg 0  invalid 762 tFOTS 2.8070 tGradient 1.3300 tsec 4.3500
#FOTS# QuadFit found better minimum quadopt=(dt=11.2,rms=0.486975) vs oldopt=(dt=8,rms=0.48698)
#GCMRL#  380 dt  11.200000 rms  0.487  0.000% neg 0  invalid 762 tFOTS 2.6190 tGradient 1.3040 tsec 4.1480
#GCMRL#  381 dt  11.200000 rms  0.487  0.006% neg 0  invalid 762 tFOTS 0.0000 tGradient 1.3520 tsec 1.5450
#GCMRL#  382 dt  11.200000 rms  0.487  0.001% neg 0  invalid 762 tFOTS 0.0000 tGradient 1.3690 tsec 1.5560
#GCMRL#  383 dt  11.200000 rms  0.487  0.004% neg 0  invalid 762 tFOTS 0.0000 tGradient 1.3590 tsec 1.5520
#GCMRL#  384 dt  11.200000 rms  0.487  0.006% neg 0  invalid 762 tFOTS 0.0000 tGradient 1.3540 tsec 1.5430

#GCAMreg# pass 0 level1 3 level2 1 tsec 167.42 sigma 0.5
l_jacobian=1.00 l_label=1.00 l_log_likelihood=0.20 l_smoothness=0.12 
tol=5.00e-02, dt=5.00e-02, exp_k=20.0, momentum=0.90, levels=6, niter=500, lbl_dist=10.00, avgs=16, sigma=0.5,type=2, relabel=0, neg=no

blurring input image with Gaussian with sigma=0.500...
GCAMRegisterLevel(): init RMS 0.487423
#FOTS# QuadFit found better minimum quadopt=(dt=44.8,rms=0.485043) vs oldopt=(dt=32,rms=0.485152)
#GCMRL#  386 dt  44.800000 rms  0.485  0.488% neg 0  invalid 762 tFOTS 2.7400 tGradient 1.3540 tsec 4.3020
#FOTS# QuadFit found better minimum quadopt=(dt=25.6,rms=0.48444) vs oldopt=(dt=32,rms=0.484528)
#GCMRL#  387 dt  25.600000 rms  0.484  0.124% neg 0  invalid 762 tFOTS 2.7910 tGradient 1.3430 tsec 4.3450
#FOTS# QuadFit found better minimum quadopt=(dt=11.2,rms=0.484347) vs oldopt=(dt=8,rms=0.484369)
#GCMRL#  388 dt  11.200000 rms  0.484  0.000% neg 0  invalid 762 tFOTS 2.5860 tGradient 1.3670 tsec 4.1770
#GCMRL#  389 dt  11.200000 rms  0.484  0.017% neg 0  invalid 762 tFOTS 0.0000 tGradient 1.3000 tsec 1.4920
#GCMRL#  390 dt  11.200000 rms  0.484  0.024% neg 0  invalid 762 tFOTS 0.0000 tGradient 1.3040 tsec 1.4970
#GCMRL#  391 dt  11.200000 rms  0.484  0.032% neg 0  invalid 762 tFOTS 0.0000 tGradient 1.3030 tsec 1.4940
#GCMRL#  392 dt  11.200000 rms  0.484  0.034% neg 0  invalid 762 tFOTS 0.0000 tGradient 1.3020 tsec 1.4940
#GCMRL#  393 dt  11.200000 rms  0.484  0.030% neg 0  invalid 762 tFOTS 0.0000 tGradient 1.3210 tsec 1.5090
#GCMRL#  394 dt  11.200000 rms  0.484  0.022% neg 0  invalid 762 tFOTS 0.0000 tGradient 1.3480 tsec 1.5410
#GCMRL#  395 dt  11.200000 rms  0.483  0.018% neg 0  invalid 762 tFOTS 0.0000 tGradient 1.3130 tsec 1.5220
#FOTS# QuadFit found better minimum quadopt=(dt=102.4,rms=0.483292) vs oldopt=(dt=128,rms=0.48332)
#GCMRL#  396 dt 102.400000 rms  0.483  0.040% neg 0  invalid 762 tFOTS 2.7280 tGradient 1.3360 tsec 4.2740
#FOTS# QuadFit found better minimum quadopt=(dt=19.2,rms=0.483066) vs oldopt=(dt=32,rms=0.483117)
#GCMRL#  397 dt  19.200000 rms  0.483  0.047% neg 0  invalid 762 tFOTS 2.7480 tGradient 1.3180 tsec 4.2720
#FOTS# QuadFit found better minimum quadopt=(dt=25.6,rms=0.483042) vs oldopt=(dt=32,rms=0.483043)
#GCMRL#  398 dt  25.600000 rms  0.483  0.000% neg 0  invalid 762 tFOTS 2.5820 tGradient 1.3440 tsec 4.1510
#GCMRL#  399 dt  25.600000 rms  0.483  0.021% neg 0  invalid 762 tFOTS 0.0000 tGradient 1.3320 tsec 1.5280
#GCMRL#  400 dt  25.600000 rms  0.483  0.019% neg 0  invalid 762 tFOTS 0.0000 tGradient 1.3120 tsec 1.5100
#GCMRL#  401 dt  25.600000 rms  0.483  0.024% neg 0  invalid 762 tFOTS 0.0000 tGradient 1.2960 tsec 1.4900
#GCMRL#  402 dt  25.600000 rms  0.483  0.035% neg 0  invalid 762 tFOTS 0.0000 tGradient 1.3320 tsec 1.5200
#GCMRL#  403 dt  25.600000 rms  0.482  0.042% neg 0  invalid 762 tFOTS 0.0000 tGradient 1.3060 tsec 1.5020
#GCMRL#  404 dt  25.600000 rms  0.482  0.032% neg 0  invalid 762 tFOTS 0.0000 tGradient 1.3250 tsec 1.5210
#GCMRL#  405 dt  25.600000 rms  0.482  0.042% neg 0  invalid 762 tFOTS 0.0000 tGradient 1.3360 tsec 1.5250
#GCMRL#  406 dt  25.600000 rms  0.482  0.045% neg 0  invalid 762 tFOTS 0.0000 tGradient 1.3340 tsec 1.5220
#GCMRL#  407 dt  25.600000 rms  0.482  0.032% neg 0  invalid 762 tFOTS 0.0000 tGradient 1.3180 tsec 1.5130
#GCMRL#  408 dt  25.600000 rms  0.481  0.035% neg 0  invalid 762 tFOTS 0.0000 tGradient 1.3320 tsec 1.5180
#GCMRL#  409 dt  25.600000 rms  0.481  0.041% neg 0  invalid 762 tFOTS 0.0000 tGradient 1.3370 tsec 1.5260
#GCMRL#  410 dt  25.600000 rms  0.481  0.034% neg 0  invalid 762 tFOTS 0.0000 tGradient 1.3120 tsec 1.5090
#GCMRL#  411 dt  25.600000 rms  0.481  0.029% neg 0  invalid 762 tFOTS 0.0000 tGradient 1.3340 tsec 1.5320
#GCMRL#  412 dt  25.600000 rms  0.481  0.037% neg 0  invalid 762 tFOTS 0.0000 tGradient 1.3310 tsec 1.5220
#GCMRL#  413 dt  25.600000 rms  0.481  0.032% neg 0  invalid 762 tFOTS 0.0000 tGradient 1.3730 tsec 1.5660
#GCMRL#  414 dt  25.600000 rms  0.480  0.028% neg 0  invalid 762 tFOTS 0.0000 tGradient 1.3410 tsec 1.5290
#GCMRL#  415 dt  25.600000 rms  0.480  0.023% neg 0  invalid 762 tFOTS 0.0000 tGradient 1.3540 tsec 1.5410
#GCMRL#  416 dt  25.600000 rms  0.480  0.022% neg 0  invalid 762 tFOTS 0.0000 tGradient 1.3670 tsec 1.5710
#FOTS# QuadFit found better minimum quadopt=(dt=44.8,rms=0.480239) vs oldopt=(dt=32,rms=0.480249)
#GCMRL#  417 dt  44.800000 rms  0.480  0.000% neg 0  invalid 762 tFOTS 2.7800 tGradient 1.3880 tsec 4.4050
setting smoothness cost coefficient to 0.400

#GCAMreg# pass 0 level1 2 level2 0 tsec 0 sigma 2
l_jacobian=1.00 l_label=1.00 l_log_likelihood=0.20 l_smoothness=0.40 
tol=5.00e-02, dt=5.00e-02, exp_k=20.0, momentum=0.90, levels=6, niter=500, lbl_dist=10.00, avgs=4, sigma=2.0,type=2, relabel=0, neg=no

blurring input image with Gaussian with sigma=2.000...
GCAMRegisterLevel(): init RMS 0.507595
#GCMRL#  419 dt   0.000000 rms  0.507  0.101% neg 0  invalid 762 tFOTS 2.6200 tGradient 1.2380 tsec 4.0680
#GCMRL#  420 dt   0.150000 rms  0.507  0.000% neg 0  invalid 762 tFOTS 2.5630 tGradient 1.2410 tsec 4.1640

#GCAMreg# pass 0 level1 2 level2 1 tsec 18.577 sigma 0.5
l_jacobian=1.00 l_label=1.00 l_log_likelihood=0.20 l_smoothness=0.40 
tol=5.00e-02, dt=5.00e-02, exp_k=20.0, momentum=0.90, levels=6, niter=500, lbl_dist=10.00, avgs=4, sigma=0.5,type=2, relabel=0, neg=no

blurring input image with Gaussian with sigma=0.500...
GCAMRegisterLevel(): init RMS 0.507595
#GCMRL#  422 dt   0.000000 rms  0.507  0.101% neg 0  invalid 762 tFOTS 2.4950 tGradient 1.2280 tsec 3.9280
#GCMRL#  423 dt   0.150000 rms  0.507  0.000% neg 0  invalid 762 tFOTS 2.4930 tGradient 1.2190 tsec 4.0640
setting smoothness cost coefficient to 1.000

#GCAMreg# pass 0 level1 1 level2 0 tsec 0 sigma 2
l_jacobian=1.00 l_label=1.00 l_log_likelihood=0.20 l_smoothness=1.00 
tol=5.00e-02, dt=5.00e-02, exp_k=20.0, momentum=0.90, levels=6, niter=500, lbl_dist=10.00, avgs=1, sigma=2.0,type=2, relabel=0, neg=no

blurring input image with Gaussian with sigma=2.000...
GCAMRegisterLevel(): init RMS 0.560326
#FOTS# QuadFit found better minimum quadopt=(dt=1.56159,rms=0.554129) vs oldopt=(dt=1.28,rms=0.554409)
#GCMRL#  425 dt   1.561594 rms  0.554  1.106% neg 0  invalid 762 tFOTS 2.3150 tGradient 0.9950 tsec 3.5120
#FOTS# QuadFit found better minimum quadopt=(dt=0.448,rms=0.553904) vs oldopt=(dt=0.32,rms=0.553921)
#GCMRL#  426 dt   0.448000 rms  0.554  0.000% neg 0  invalid 762 tFOTS 2.5050 tGradient 0.9210 tsec 3.6410

#GCAMreg# pass 0 level1 1 level2 1 tsec 17.163 sigma 0.5
l_jacobian=1.00 l_label=1.00 l_log_likelihood=0.20 l_smoothness=1.00 
tol=5.00e-02, dt=5.00e-02, exp_k=20.0, momentum=0.90, levels=6, niter=500, lbl_dist=10.00, avgs=1, sigma=0.5,type=2, relabel=0, neg=no

blurring input image with Gaussian with sigma=0.500...
GCAMRegisterLevel(): init RMS 0.554383
#FOTS# QuadFit found better minimum quadopt=(dt=0.448,rms=0.553616) vs oldopt=(dt=0.32,rms=0.553665)
#GCMRL#  428 dt   0.448000 rms  0.554  0.138% neg 0  invalid 762 tFOTS 2.5270 tGradient 1.0120 tsec 3.7420
#FOTS# QuadFit found better minimum quadopt=(dt=0.256,rms=0.553566) vs oldopt=(dt=0.32,rms=0.553568)
#GCMRL#  429 dt   0.256000 rms  0.554  0.000% neg 0  invalid 762 tFOTS 2.5320 tGradient 0.9150 tsec 3.6710
resetting metric properties...
setting smoothness cost coefficient to 2.000

#GCAMreg# pass 0 level1 0 level2 0 tsec 0 sigma 2
l_jacobian=1.00 l_label=1.00 l_log_likelihood=0.20 l_smoothness=2.00 
tol=5.00e-02, dt=5.00e-02, exp_k=20.0, momentum=0.90, levels=6, niter=500, lbl_dist=10.00, avgs=0, sigma=2.0,type=2, relabel=0, neg=no

blurring input image with Gaussian with sigma=2.000...
GCAMRegisterLevel(): init RMS 0.49626
#FOTS# QuadFit found better minimum quadopt=(dt=0.448,rms=0.484049) vs oldopt=(dt=0.32,rms=0.487227)
#GCMRL#  431 dt   0.448000 rms  0.484  2.461% neg 0  invalid 762 tFOTS 2.3860 tGradient 0.5440 tsec 3.1400
#FOTS# QuadFit found better minimum quadopt=(dt=0.384,rms=0.481675) vs oldopt=(dt=0.32,rms=0.482055)
#GCMRL#  432 dt   0.384000 rms  0.482  0.490% neg 0  invalid 762 tFOTS 2.3670 tGradient 0.5630 tsec 3.1430
#FOTS# QuadFit found better minimum quadopt=(dt=0.448,rms=0.479799) vs oldopt=(dt=0.32,rms=0.480325)
#GCMRL#  433 dt   0.448000 rms  0.480  0.389% neg 0  invalid 762 tFOTS 2.4870 tGradient 0.5500 tsec 3.2450
#FOTS# QuadFit found better minimum quadopt=(dt=0.448,rms=0.478591) vs oldopt=(dt=0.32,rms=0.478926)
#GCMRL#  434 dt   0.448000 rms  0.479  0.252% neg 0  invalid 762 tFOTS 2.3330 tGradient 0.5420 tsec 3.0890
#FOTS# QuadFit found better minimum quadopt=(dt=0.384,rms=0.477829) vs oldopt=(dt=0.32,rms=0.477953)
#GCMRL#  435 dt   0.384000 rms  0.478  0.159% neg 0  invalid 762 tFOTS 2.3540 tGradient 0.5710 tsec 3.1270
#FOTS# QuadFit found better minimum quadopt=(dt=0.384,rms=0.477248) vs oldopt=(dt=0.32,rms=0.477342)
#GCMRL#  436 dt   0.384000 rms  0.477  0.122% neg 0  invalid 762 tFOTS 2.3740 tGradient 0.5420 tsec 3.1170
#FOTS# QuadFit found better minimum quadopt=(dt=0.384,rms=0.476761) vs oldopt=(dt=0.32,rms=0.47684)
#GCMRL#  437 dt   0.384000 rms  0.477  0.102% neg 0  invalid 762 tFOTS 2.3650 tGradient 0.5410 tsec 3.1140
#FOTS# QuadFit found better minimum quadopt=(dt=0.384,rms=0.47637) vs oldopt=(dt=0.32,rms=0.476431)
#GCMRL#  438 dt   0.384000 rms  0.476  0.082% neg 0  invalid 762 tFOTS 2.3320 tGradient 0.5490 tsec 3.0870
#FOTS# QuadFit found better minimum quadopt=(dt=0.448,rms=0.475979) vs oldopt=(dt=0.32,rms=0.476087)
#GCMRL#  439 dt   0.448000 rms  0.476  0.082% neg 0  invalid 762 tFOTS 2.3340 tGradient 0.5430 tsec 3.0880
#FOTS# QuadFit found better minimum quadopt=(dt=0.448,rms=0.475672) vs oldopt=(dt=0.32,rms=0.475753)
#GCMRL#  440 dt   0.448000 rms  0.476  0.065% neg 0  invalid 762 tFOTS 2.3670 tGradient 0.5500 tsec 3.1250
#FOTS# QuadFit found better minimum quadopt=(dt=0.448,rms=0.475397) vs oldopt=(dt=0.32,rms=0.47547)
#GCMRL#  441 dt   0.448000 rms  0.475  0.058% neg 0  invalid 762 tFOTS 2.4250 tGradient 0.5830 tsec 3.2200
#FOTS# QuadFit found better minimum quadopt=(dt=0.448,rms=0.475186) vs oldopt=(dt=0.32,rms=0.47524)
#GCMRL#  442 dt   0.448000 rms  0.475  0.000% neg 0  invalid 762 tFOTS 2.3720 tGradient 0.5380 tsec 3.1280
#GCMRL#  443 dt   0.448000 rms  0.475  0.043% neg 0  invalid 762 tFOTS 0.0000 tGradient 0.5720 tsec 0.7680
#GCMRL#  444 dt   0.448000 rms  0.475  0.071% neg 0  invalid 762 tFOTS 0.0000 tGradient 0.5530 tsec 0.7490
#GCMRL#  445 dt   0.224000 rms  0.475  0.013% neg 0  invalid 762 tFOTS 0.0000 tGradient 0.5320 tsec 0.9320
#GCMRL#  446 dt   0.224000 rms  0.475  0.015% neg 0  invalid 762 tFOTS 0.0000 tGradient 0.5410 tsec 0.8420
#GCMRL#  447 dt   0.224000 rms  0.474  0.025% neg 0  invalid 762 tFOTS 0.0000 tGradient 0.5460 tsec 0.7390
#GCMRL#  448 dt   0.224000 rms  0.474  0.031% neg 0  invalid 762 tFOTS 0.0000 tGradient 0.6060 tsec 0.7970
#GCMRL#  449 dt   0.224000 rms  0.474  0.033% neg 0  invalid 762 tFOTS 0.0000 tGradient 0.5140 tsec 0.7130
#GCMRL#  450 dt   0.224000 rms  0.474  0.038% neg 0  invalid 762 tFOTS 0.0000 tGradient 0.5250 tsec 0.7250
#GCMRL#  451 dt   0.224000 rms  0.474  0.036% neg 0  invalid 762 tFOTS 0.0000 tGradient 0.5220 tsec 0.7200
#GCMRL#  452 dt   0.224000 rms  0.474  0.035% neg 0  invalid 762 tFOTS 0.0000 tGradient 0.5590 tsec 0.7540
#GCMRL#  453 dt   0.224000 rms  0.474  0.002% neg 0  invalid 762 tFOTS 0.0000 tGradient 0.4950 tsec 0.7940
#GCMRL#  454 dt   0.224000 rms  0.474  0.000% neg 0  invalid 762 tFOTS 0.0000 tGradient 0.5000 tsec 0.8090
#FOTS# QuadFit found better minimum quadopt=(dt=0.256,rms=0.47355) vs oldopt=(dt=0.32,rms=0.47355)
#GCMRL#  455 dt   0.256000 rms  0.474  0.002% neg 0  invalid 762 tFOTS 2.4110 tGradient 0.5100 tsec 3.1290
#FOTS# QuadFit found better minimum quadopt=(dt=0.256,rms=0.473538) vs oldopt=(dt=0.32,rms=0.473539)
#GCMRL#  456 dt   0.256000 rms  0.474  0.003% neg 0  invalid 762 tFOTS 2.3990 tGradient 0.5020 tsec 3.1060
#FOTS# QuadFit found better minimum quadopt=(dt=0.256,rms=0.473531) vs oldopt=(dt=0.32,rms=0.473531)
#GCMRL#  457 dt   0.256000 rms  0.474  0.000% neg 0  invalid 762 tFOTS 2.4030 tGradient 0.5260 tsec 3.1570
#GCMRL#  458 dt   0.256000 rms  0.474  0.001% neg 0  invalid 762 tFOTS 0.0000 tGradient 0.5070 tsec 0.7080
#GCMRL#  459 dt   0.256000 rms  0.474  0.003% neg 0  invalid 762 tFOTS 0.0000 tGradient 0.5290 tsec 0.7380
#GCMRL#  460 dt   0.256000 rms  0.473  0.004% neg 0  invalid 762 tFOTS 0.0000 tGradient 0.5180 tsec 0.7160
#GCMRL#  461 dt   0.256000 rms  0.473  0.004% neg 0  invalid 762 tFOTS 0.0000 tGradient 0.5110 tsec 0.7160
#GCMRL#  462 dt   0.256000 rms  0.473  0.007% neg 0  invalid 762 tFOTS 0.0000 tGradient 0.5390 tsec 0.7350
#GCMRL#  463 dt   0.256000 rms  0.473  0.008% neg 0  invalid 762 tFOTS 0.0000 tGradient 0.5530 tsec 0.7530

#GCAMreg# pass 0 level1 0 level2 1 tsec 70.532 sigma 0.5
l_jacobian=1.00 l_label=1.00 l_log_likelihood=0.20 l_smoothness=2.00 
tol=5.00e-02, dt=5.00e-02, exp_k=20.0, momentum=0.90, levels=6, niter=500, lbl_dist=10.00, avgs=0, sigma=0.5,type=2, relabel=0, neg=no

blurring input image with Gaussian with sigma=0.500...
GCAMRegisterLevel(): init RMS 0.47398
#FOTS# QuadFit found better minimum quadopt=(dt=0.384,rms=0.471272) vs oldopt=(dt=0.32,rms=0.471597)
#GCMRL#  465 dt   0.384000 rms  0.471  0.571% neg 0  invalid 762 tFOTS 2.4250 tGradient 0.5110 tsec 3.1440
#FOTS# QuadFit found better minimum quadopt=(dt=0.384,rms=0.470751) vs oldopt=(dt=0.32,rms=0.470831)
#GCMRL#  466 dt   0.384000 rms  0.471  0.111% neg 0  invalid 762 tFOTS 2.3790 tGradient 0.5430 tsec 3.1320
#FOTS# QuadFit found better minimum quadopt=(dt=0.384,rms=0.47058) vs oldopt=(dt=0.32,rms=0.470605)
#GCMRL#  467 dt   0.384000 rms  0.471  0.000% neg 0  invalid 762 tFOTS 2.3930 tGradient 0.5020 tsec 3.1220
#GCMRL#  468 dt   0.384000 rms  0.470  0.020% neg 0  invalid 762 tFOTS 0.0000 tGradient 0.5110 tsec 0.6980
#GCMRL#  469 dt   0.384000 rms  0.470  0.026% neg 0  invalid 762 tFOTS 0.0000 tGradient 0.4910 tsec 0.6800
#GCMRL#  470 dt   0.192000 rms  0.470  0.001% neg 0  invalid 762 tFOTS 0.0000 tGradient 0.5010 tsec 0.9100
#GCMRL#  471 dt   0.192000 rms  0.470  0.003% neg 0  invalid 762 tFOTS 0.0000 tGradient 0.5500 tsec 0.7470
#GCMRL#  472 dt   0.192000 rms  0.470  0.006% neg 0  invalid 762 tFOTS 0.0000 tGradient 0.5240 tsec 0.7200
#GCMRL#  473 dt   0.192000 rms  0.470  0.007% neg 0  invalid 762 tFOTS 0.0000 tGradient 0.5060 tsec 0.7040
#GCMRL#  474 dt   0.192000 rms  0.470  0.007% neg 0  invalid 762 tFOTS 0.0000 tGradient 0.4880 tsec 0.6840
#GCMRL#  475 dt   0.192000 rms  0.470  0.009% neg 0  invalid 762 tFOTS 0.0000 tGradient 0.5010 tsec 0.6950
#GCMRL#  476 dt   0.192000 rms  0.470  0.009% neg 0  invalid 762 tFOTS 0.0000 tGradient 0.5110 tsec 0.7230
#FOTS# QuadFit found better minimum quadopt=(dt=0.112,rms=0.470152) vs oldopt=(dt=0.08,rms=0.470153)
#GCMRL#  477 dt   0.112000 rms  0.470  0.000% neg 0  invalid 762 tFOTS 2.2910 tGradient 0.5350 tsec 3.0560
#GCMRL#  478 dt   0.112000 rms  0.470  0.002% neg 0  invalid 762 tFOTS 0.0000 tGradient 0.5430 tsec 0.7450
#GCMRL#  479 dt   0.112000 rms  0.470  0.001% neg 0  invalid 762 tFOTS 0.0000 tGradient 0.5040 tsec 0.7040
#GCMRL#  480 dt   0.112000 rms  0.470  0.003% neg 0  invalid 762 tFOTS 0.0000 tGradient 0.5140 tsec 0.7110
GCAMregister done in 17.8007 min
********************* ALLOWING NEGATIVE NODES IN DEFORMATION********************************
noneg post
Starting GCAMregister()
label assignment complete, 0 changed (0.00%)
npasses = 1, nlevels = 6
#pass# 1 of 1 ************************
enabling zero nodes
setting smoothness cost coefficient to 0.008

#GCAMreg# pass 0 level1 5 level2 0 tsec 0 sigma 2
l_jacobian=1.00 l_label=1.00 l_log_likelihood=0.20 l_smoothness=0.01 
tol=2.50e-01, dt=5.00e-02, exp_k=20.0, momentum=0.90, levels=6, niter=500, lbl_dist=10.00, avgs=256, sigma=2.0,type=2, relabel=0, neg=yes

blurring input image with Gaussian with sigma=2.000...
GCAMRegisterLevel(): init RMS 0.4684
#GCMRL#  482 dt   0.000000 rms  0.468  0.126% neg 0  invalid 762 tFOTS 2.8930 tGradient 2.0800 tsec 5.1830

#GCAMreg# pass 0 level1 5 level2 1 tsec 19.538 sigma 0.5
l_jacobian=1.00 l_label=1.00 l_log_likelihood=0.20 l_smoothness=0.01 
tol=2.50e-01, dt=5.00e-02, exp_k=20.0, momentum=0.90, levels=6, niter=500, lbl_dist=10.00, avgs=256, sigma=0.5,type=2, relabel=0, neg=yes

blurring input image with Gaussian with sigma=0.500...
GCAMRegisterLevel(): init RMS 0.4684
#FOTS# QuadFit found better minimum quadopt=(dt=295.936,rms=0.46743) vs oldopt=(dt=369.92,rms=0.467438)
#GCMRL#  484 dt 295.936000 rms  0.467  0.207% neg 0  invalid 762 tFOTS 2.9450 tGradient 2.0990 tsec 5.2600
#FOTS# QuadFit found better minimum quadopt=(dt=73.984,rms=0.467349) vs oldopt=(dt=92.48,rms=0.46735)
#GCMRL#  485 dt  73.984000 rms  0.467  0.000% neg 0  invalid 762 tFOTS 2.8630 tGradient 2.0610 tsec 5.1610
#GCMRL#  486 dt  73.984000 rms  0.467  0.012% neg 0  invalid 762 tFOTS 0.0000 tGradient 2.0730 tsec 2.2700
#GCMRL#  487 dt  73.984000 rms  0.467  0.020% neg 0  invalid 762 tFOTS 0.0000 tGradient 2.1410 tsec 2.3350
#GCMRL#  488 dt  73.984000 rms  0.467  0.024% neg 0  invalid 762 tFOTS 0.0000 tGradient 2.1010 tsec 2.2920
#GCMRL#  489 dt  73.984000 rms  0.467  0.023% neg 0  invalid 762 tFOTS 0.0000 tGradient 2.0720 tsec 2.2600
setting smoothness cost coefficient to 0.031

#GCAMreg# pass 0 level1 4 level2 0 tsec 0 sigma 2
l_jacobian=1.00 l_label=1.00 l_log_likelihood=0.20 l_smoothness=0.03 
tol=2.50e-01, dt=5.00e-02, exp_k=20.0, momentum=0.90, levels=6, niter=500, lbl_dist=10.00, avgs=64, sigma=2.0,type=2, relabel=0, neg=yes

blurring input image with Gaussian with sigma=2.000...
GCAMRegisterLevel(): init RMS 0.4675
#FOTS# QuadFit found better minimum quadopt=(dt=20.736,rms=0.46681) vs oldopt=(dt=25.92,rms=0.466815)
#GCMRL#  491 dt  20.736000 rms  0.467  0.148% neg 0  invalid 762 tFOTS 2.8720 tGradient 1.5690 tsec 4.6580
#FOTS# QuadFit found better minimum quadopt=(dt=20.736,rms=0.466751) vs oldopt=(dt=25.92,rms=0.466752)
#GCMRL#  492 dt  20.736000 rms  0.467  0.000% neg 0  invalid 762 tFOTS 2.7840 tGradient 1.5580 tsec 4.5560
#GCMRL#  493 dt  20.736000 rms  0.467  0.014% neg 0  invalid 762 tFOTS 0.0000 tGradient 1.4900 tsec 1.6750
#GCMRL#  494 dt  20.736000 rms  0.467  0.011% neg 0  invalid 762 tFOTS 0.0000 tGradient 1.4990 tsec 1.6890

#GCAMreg# pass 0 level1 4 level2 1 tsec 23.365 sigma 0.5
l_jacobian=1.00 l_label=1.00 l_log_likelihood=0.20 l_smoothness=0.03 
tol=2.50e-01, dt=5.00e-02, exp_k=20.0, momentum=0.90, levels=6, niter=500, lbl_dist=10.00, avgs=64, sigma=0.5,type=2, relabel=0, neg=yes

blurring input image with Gaussian with sigma=0.500...
GCAMRegisterLevel(): init RMS 0.467209
#FOTS# QuadFit found better minimum quadopt=(dt=93.788,rms=0.464802) vs oldopt=(dt=103.68,rms=0.464827)
#GCMRL#  496 dt  93.788018 rms  0.465  0.515% neg 0  invalid 762 tFOTS 2.9690 tGradient 1.5690 tsec 4.7400
#FOTS# QuadFit found better minimum quadopt=(dt=36.288,rms=0.464143) vs oldopt=(dt=25.92,rms=0.464231)
#GCMRL#  497 dt  36.288000 rms  0.464  0.000% neg 0  invalid 762 tFOTS 2.9410 tGradient 1.5530 tsec 4.7120
#GCMRL#  498 dt  36.288000 rms  0.464  0.050% neg 0  invalid 762 tFOTS 0.0000 tGradient 1.5430 tsec 1.7300
#GCMRL#  499 dt  36.288000 rms  0.463  0.093% neg 0  invalid 762 tFOTS 0.0000 tGradient 1.5200 tsec 1.7120
#GCMRL#  500 dt  36.288000 rms  0.463  0.126% neg 0  invalid 762 tFOTS 0.0000 tGradient 1.5210 tsec 1.7060
#GCMRL#  501 dt  36.288000 rms  0.462  0.141% neg 0  invalid 762 tFOTS 0.0000 tGradient 1.5440 tsec 1.7330
#GCMRL#  502 dt  36.288000 rms  0.462  0.130% neg 0  invalid 762 tFOTS 0.0000 tGradient 1.5240 tsec 1.7140
#GCMRL#  503 dt  36.288000 rms  0.461  0.113% neg 0  invalid 762 tFOTS 0.0000 tGradient 1.5560 tsec 1.7410
#GCMRL#  504 dt  36.288000 rms  0.461  0.101% neg 0  invalid 762 tFOTS 0.0000 tGradient 1.5410 tsec 1.7500
#FOTS# QuadFit found better minimum quadopt=(dt=124.416,rms=0.460493) vs oldopt=(dt=103.68,rms=0.460495)
#GCMRL#  505 dt 124.416000 rms  0.460  0.000% neg 0  invalid 762 tFOTS 2.8520 tGradient 1.5510 tsec 4.6230
setting smoothness cost coefficient to 0.118

#GCAMreg# pass 0 level1 3 level2 0 tsec 0 sigma 2
l_jacobian=1.00 l_label=1.00 l_log_likelihood=0.20 l_smoothness=0.12 
tol=2.50e-01, dt=5.00e-02, exp_k=20.0, momentum=0.90, levels=6, niter=500, lbl_dist=10.00, avgs=16, sigma=2.0,type=2, relabel=0, neg=yes

blurring input image with Gaussian with sigma=2.000...
GCAMRegisterLevel(): init RMS 0.461373
iter 0, gcam->neg = 1
after 3 iterations, nbhd size=0, neg = 0
#GCMRL#  507 dt  32.000000 rms  0.459  0.530% neg 0  invalid 762 tFOTS 2.9740 tGradient 1.2830 tsec 5.7690
#FOTS# QuadFit found better minimum quadopt=(dt=75.3645,rms=0.454868) vs oldopt=(dt=32,rms=0.455975)
iter 0, gcam->neg = 1
after 0 iterations, nbhd size=0, neg = 0
#GCMRL#  508 dt  75.364486 rms  0.455  0.885% neg 0  invalid 762 tFOTS 2.9660 tGradient 1.0440 tsec 4.7990
#FOTS# QuadFit found better minimum quadopt=(dt=11.2,rms=0.453925) vs oldopt=(dt=8,rms=0.454204)
#GCMRL#  509 dt  11.200000 rms  0.454  0.000% neg 0  invalid 762 tFOTS 2.9840 tGradient 1.0970 tsec 4.3140
#GCMRL#  510 dt  11.200000 rms  0.453  0.175% neg 0  invalid 762 tFOTS 0.0000 tGradient 1.1770 tsec 1.3700
#GCMRL#  511 dt  11.200000 rms  0.453  0.117% neg 0  invalid 762 tFOTS 0.0000 tGradient 1.0440 tsec 1.2350
iter 0, gcam->neg = 3
after 1 iterations, nbhd size=0, neg = 0
#GCMRL#  512 dt  11.200000 rms  0.452  0.128% neg 0  invalid 762 tFOTS 0.0000 tGradient 1.0080 tsec 1.9370
#GCMRL#  513 dt  11.200000 rms  0.451  0.263% neg 0  invalid 762 tFOTS 0.0000 tGradient 1.0560 tsec 1.2530
#GCMRL#  514 dt  11.200000 rms  0.449  0.362% neg 0  invalid 762 tFOTS 0.0000 tGradient 1.0670 tsec 1.2670
iter 0, gcam->neg = 1
after 1 iterations, nbhd size=0, neg = 0
#GCMRL#  515 dt  11.200000 rms  0.448  0.277% neg 0  invalid 762 tFOTS 0.0000 tGradient 1.0940 tsec 2.0080
iter 0, gcam->neg = 2
after 11 iterations, nbhd size=1, neg = 0
#GCMRL#  516 dt  11.200000 rms  0.447  0.171% neg 0  invalid 762 tFOTS 0.0000 tGradient 1.0720 tsec 4.7280
iter 0, gcam->neg = 2
after 6 iterations, nbhd size=0, neg = 0
#GCMRL#  517 dt  11.200000 rms  0.446  0.172% neg 0  invalid 762 tFOTS 0.0000 tGradient 1.0780 tsec 3.1990
iter 0, gcam->neg = 1
after 1 iterations, nbhd size=0, neg = 0
#GCMRL#  518 dt  11.200000 rms  0.446  0.158% neg 0  invalid 762 tFOTS 0.0000 tGradient 1.0800 tsec 2.0280
iter 0, gcam->neg = 5
after 3 iterations, nbhd size=0, neg = 0
#GCMRL#  519 dt  11.200000 rms  0.445  0.085% neg 0  invalid 762 tFOTS 0.0000 tGradient 1.0720 tsec 2.4670
iter 0, gcam->neg = 6
after 10 iterations, nbhd size=1, neg = 0
#GCMRL#  520 dt  11.200000 rms  0.445  0.097% neg 0  invalid 762 tFOTS 0.0000 tGradient 1.0920 tsec 4.3260
iter 0, gcam->neg = 4
after 2 iterations, nbhd size=0, neg = 0
#GCMRL#  521 dt  11.200000 rms  0.444  0.150% neg 0  invalid 762 tFOTS 0.0000 tGradient 1.0300 tsec 2.2270
iter 0, gcam->neg = 3
after 4 iterations, nbhd size=0, neg = 0
#GCMRL#  522 dt  11.200000 rms  0.444  0.133% neg 0  invalid 762 tFOTS 0.0000 tGradient 1.0980 tsec 2.8190
#GCMRL#  523 dt  11.200000 rms  0.443  0.108% neg 0  invalid 762 tFOTS 0.0000 tGradient 1.0770 tsec 1.2750
iter 0, gcam->neg = 3
after 4 iterations, nbhd size=0, neg = 0
#GCMRL#  524 dt  11.200000 rms  0.443  0.108% neg 0  invalid 762 tFOTS 0.0000 tGradient 1.0910 tsec 2.7530
#FOTS# QuadFit found better minimum quadopt=(dt=19.2,rms=0.442537) vs oldopt=(dt=32,rms=0.442564)
#GCMRL#  525 dt  19.200000 rms  0.443  0.000% neg 0  invalid 762 tFOTS 2.9910 tGradient 1.0690 tsec 4.2900
#GCMRL#  526 dt  19.200000 rms  0.442  0.032% neg 0  invalid 762 tFOTS 0.0000 tGradient 1.0180 tsec 1.2130
#GCMRL#  527 dt  19.200000 rms  0.442  0.045% neg 0  invalid 762 tFOTS 0.0000 tGradient 1.0390 tsec 1.2360
#GCMRL#  528 dt  19.200000 rms  0.442  0.048% neg 0  invalid 762 tFOTS 0.0000 tGradient 1.0150 tsec 1.2110
#GCMRL#  529 dt  19.200000 rms  0.442  0.043% neg 0  invalid 762 tFOTS 0.0000 tGradient 1.0510 tsec 1.2460

#GCAMreg# pass 0 level1 3 level2 1 tsec 69.269 sigma 0.5
l_jacobian=1.00 l_label=1.00 l_log_likelihood=0.20 l_smoothness=0.12 
tol=2.50e-01, dt=5.00e-02, exp_k=20.0, momentum=0.90, levels=6, niter=500, lbl_dist=10.00, avgs=16, sigma=0.5,type=2, relabel=0, neg=yes

blurring input image with Gaussian with sigma=0.500...
GCAMRegisterLevel(): init RMS 0.442297
#FOTS# QuadFit found better minimum quadopt=(dt=44.8,rms=0.4387) vs oldopt=(dt=32,rms=0.43899)
iter 0, gcam->neg = 2
after 1 iterations, nbhd size=0, neg = 0
#GCMRL#  531 dt  44.800000 rms  0.439  0.814% neg 0  invalid 762 tFOTS 2.9940 tGradient 1.0070 tsec 4.9910
#FOTS# QuadFit found better minimum quadopt=(dt=19.2,rms=0.438112) vs oldopt=(dt=32,rms=0.438323)
#GCMRL#  532 dt  19.200000 rms  0.438  0.000% neg 0  invalid 762 tFOTS 2.9840 tGradient 1.0340 tsec 4.2500
#GCMRL#  533 dt  19.200000 rms  0.438  0.081% neg 0  invalid 762 tFOTS 0.0000 tGradient 1.0140 tsec 1.2070
#GCMRL#  534 dt  19.200000 rms  0.437  0.095% neg 0  invalid 762 tFOTS 0.0000 tGradient 1.0830 tsec 1.2800
#GCMRL#  535 dt  19.200000 rms  0.437  0.105% neg 0  invalid 762 tFOTS 0.0000 tGradient 1.0550 tsec 1.2510
#GCMRL#  536 dt  19.200000 rms  0.436  0.094% neg 0  invalid 762 tFOTS 0.0000 tGradient 1.0600 tsec 1.2550
#GCMRL#  537 dt  19.200000 rms  0.436  0.084% neg 0  invalid 762 tFOTS 0.0000 tGradient 1.0740 tsec 1.2810
#FOTS# QuadFit found better minimum quadopt=(dt=38.4,rms=0.435938) vs oldopt=(dt=32,rms=0.435939)
setting smoothness cost coefficient to 0.400

#GCAMreg# pass 0 level1 2 level2 0 tsec 0 sigma 2
l_jacobian=1.00 l_label=1.00 l_log_likelihood=0.20 l_smoothness=0.40 
tol=2.50e-01, dt=5.00e-02, exp_k=20.0, momentum=0.90, levels=6, niter=500, lbl_dist=10.00, avgs=4, sigma=2.0,type=2, relabel=0, neg=yes

blurring input image with Gaussian with sigma=2.000...
GCAMRegisterLevel(): init RMS 0.443103
#FOTS# QuadFit found better minimum quadopt=(dt=1.008,rms=0.44234) vs oldopt=(dt=0.72,rms=0.442343)
#GCMRL#  539 dt   1.008000 rms  0.442  0.172% neg 0  invalid 762 tFOTS 2.8500 tGradient 1.0810 tsec 4.1430
#FOTS# QuadFit found better minimum quadopt=(dt=0.252,rms=0.442326) vs oldopt=(dt=0.18,rms=0.442327)
#GCMRL#  540 dt   0.252000 rms  0.442  0.000% neg 0  invalid 762 tFOTS 2.8400 tGradient 1.0250 tsec 4.0910
#GCMRL#  541 dt   0.252000 rms  0.442  0.001% neg 0  invalid 762 tFOTS 0.0000 tGradient 0.9980 tsec 1.1910
#GCMRL#  542 dt   0.252000 rms  0.442  0.000% neg 0  invalid 762 tFOTS 0.0000 tGradient 1.0300 tsec 1.2250

#GCAMreg# pass 0 level1 2 level2 1 tsec 20.988 sigma 0.5
l_jacobian=1.00 l_label=1.00 l_log_likelihood=0.20 l_smoothness=0.40 
tol=2.50e-01, dt=5.00e-02, exp_k=20.0, momentum=0.90, levels=6, niter=500, lbl_dist=10.00, avgs=4, sigma=0.5,type=2, relabel=0, neg=yes

blurring input image with Gaussian with sigma=0.500...
GCAMRegisterLevel(): init RMS 0.443034
#FOTS# QuadFit found better minimum quadopt=(dt=4.032,rms=0.442089) vs oldopt=(dt=2.88,rms=0.442109)
#GCMRL#  544 dt   4.032000 rms  0.442  0.213% neg 0  invalid 762 tFOTS 2.9950 tGradient 1.0870 tsec 4.2890
#FOTS# QuadFit found better minimum quadopt=(dt=3.456,rms=0.441999) vs oldopt=(dt=2.88,rms=0.442001)
#GCMRL#  545 dt   3.456000 rms  0.442  0.000% neg 0  invalid 762 tFOTS 2.9850 tGradient 1.0360 tsec 4.2450
#GCMRL#  546 dt   3.456000 rms  0.442  0.014% neg 0  invalid 762 tFOTS 0.0000 tGradient 1.0390 tsec 1.2280
setting smoothness cost coefficient to 1.000

#GCAMreg# pass 0 level1 1 level2 0 tsec 0 sigma 2
l_jacobian=1.00 l_label=1.00 l_log_likelihood=0.20 l_smoothness=1.00 
tol=2.50e-01, dt=5.00e-02, exp_k=20.0, momentum=0.90, levels=6, niter=500, lbl_dist=10.00, avgs=1, sigma=2.0,type=2, relabel=0, neg=yes

blurring input image with Gaussian with sigma=2.000...
GCAMRegisterLevel(): init RMS 0.45131
#GCMRL#  548 dt   0.000000 rms  0.451  0.140% neg 0  invalid 762 tFOTS 2.8210 tGradient 0.9370 tsec 3.9610

#GCAMreg# pass 0 level1 1 level2 1 tsec 17.091 sigma 0.5
l_jacobian=1.00 l_label=1.00 l_log_likelihood=0.20 l_smoothness=1.00 
tol=2.50e-01, dt=5.00e-02, exp_k=20.0, momentum=0.90, levels=6, niter=500, lbl_dist=10.00, avgs=1, sigma=0.5,type=2, relabel=0, neg=yes

blurring input image with Gaussian with sigma=0.500...
GCAMRegisterLevel(): init RMS 0.45131
#FOTS# QuadFit found better minimum quadopt=(dt=0.448,rms=0.450496) vs oldopt=(dt=0.32,rms=0.450533)
#GCMRL#  550 dt   0.448000 rms  0.450  0.180% neg 0  invalid 762 tFOTS 2.9910 tGradient 0.9650 tsec 4.1680
#FOTS# QuadFit found better minimum quadopt=(dt=0.448,rms=0.4504) vs oldopt=(dt=0.32,rms=0.450411)
#GCMRL#  551 dt   0.448000 rms  0.450  0.000% neg 0  invalid 762 tFOTS 2.9810 tGradient 0.9700 tsec 4.1690
#GCMRL#  552 dt   0.448000 rms  0.450  0.003% neg 0  invalid 762 tFOTS 0.0000 tGradient 0.9230 tsec 1.1110
resetting metric properties...
setting smoothness cost coefficient to 2.000

#GCAMreg# pass 0 level1 0 level2 0 tsec 0 sigma 2
l_jacobian=1.00 l_label=1.00 l_log_likelihood=0.20 l_smoothness=2.00 
tol=2.50e-01, dt=5.00e-02, exp_k=20.0, momentum=0.90, levels=6, niter=500, lbl_dist=10.00, avgs=0, sigma=2.0,type=2, relabel=0, neg=yes

blurring input image with Gaussian with sigma=2.000...
GCAMRegisterLevel(): init RMS 0.439463
#FOTS# QuadFit found better minimum quadopt=(dt=2.10423,rms=0.41349) vs oldopt=(dt=1.28,rms=0.417536)
iter 0, gcam->neg = 510
after 14 iterations, nbhd size=1, neg = 0
#GCMRL#  554 dt   2.104235 rms  0.414  5.703% neg 0  invalid 762 tFOTS 2.9710 tGradient 0.5420 tsec 7.7000
#FOTS# QuadFit found better minimum quadopt=(dt=0.048,rms=0.414299) vs oldopt=(dt=0.08,rms=0.414323)
#GCMRL#  555 dt   0.048000 rms  0.414  0.000% neg 0  invalid 762 tFOTS 2.9910 tGradient 0.5810 tsec 3.7960

#GCAMreg# pass 0 level1 0 level2 1 tsec 21.4 sigma 0.5
l_jacobian=1.00 l_label=1.00 l_log_likelihood=0.20 l_smoothness=2.00 
tol=2.50e-01, dt=5.00e-02, exp_k=20.0, momentum=0.90, levels=6, niter=500, lbl_dist=10.00, avgs=0, sigma=0.5,type=2, relabel=0, neg=yes

blurring input image with Gaussian with sigma=0.500...
GCAMRegisterLevel(): init RMS 0.415029
#FOTS# QuadFit found better minimum quadopt=(dt=0.048,rms=0.414203) vs oldopt=(dt=0.08,rms=0.414224)
#GCMRL#  557 dt   0.048000 rms  0.414  0.199% neg 0  invalid 762 tFOTS 2.9980 tGradient 0.6000 tsec 3.8060
#GCMRL#  558 dt   0.005000 rms  0.414  0.000% neg 0  invalid 762 tFOTS 2.9820 tGradient 0.6320 tsec 3.8410
label assignment complete, 0 changed (0.00%)
GCAMregister done in 4.62135 min
Starting GCAMcomputeMaxPriorLabels()
Morphing with label term set to 0 *******************************
Starting GCAMregister()
label assignment complete, 0 changed (0.00%)
npasses = 1, nlevels = 6
#pass# 1 of 1 ************************
enabling zero nodes
setting smoothness cost coefficient to 0.008

#GCAMreg# pass 0 level1 5 level2 0 tsec 0 sigma 2
l_jacobian=1.00 l_log_likelihood=0.20 l_smoothness=0.01 
tol=2.50e-01, dt=5.00e-02, exp_k=20.0, momentum=0.90, levels=6, niter=500, lbl_dist=10.00, avgs=256, sigma=2.0,type=2, relabel=0, neg=yes

blurring input image with Gaussian with sigma=2.000...
GCAMRegisterLevel(): init RMS 0.400928

#GCAMreg# pass 0 level1 5 level2 1 tsec 8.143 sigma 0.5
l_jacobian=1.00 l_log_likelihood=0.20 l_smoothness=0.01 
tol=2.50e-01, dt=5.00e-02, exp_k=20.0, momentum=0.90, levels=6, niter=500, lbl_dist=10.00, avgs=256, sigma=0.5,type=2, relabel=0, neg=yes

blurring input image with Gaussian with sigma=0.500...
GCAMRegisterLevel(): init RMS 0.400928
setting smoothness cost coefficient to 0.031

#GCAMreg# pass 0 level1 4 level2 0 tsec 0 sigma 2
l_jacobian=1.00 l_log_likelihood=0.20 l_smoothness=0.03 
tol=2.50e-01, dt=5.00e-02, exp_k=20.0, momentum=0.90, levels=6, niter=500, lbl_dist=10.00, avgs=64, sigma=2.0,type=2, relabel=0, neg=yes

blurring input image with Gaussian with sigma=2.000...
GCAMRegisterLevel(): init RMS 0.401092

#GCAMreg# pass 0 level1 4 level2 1 tsec 7.63 sigma 0.5
l_jacobian=1.00 l_log_likelihood=0.20 l_smoothness=0.03 
tol=2.50e-01, dt=5.00e-02, exp_k=20.0, momentum=0.90, levels=6, niter=500, lbl_dist=10.00, avgs=64, sigma=0.5,type=2, relabel=0, neg=yes

blurring input image with Gaussian with sigma=0.500...
GCAMRegisterLevel(): init RMS 0.401092
#GCMRL#  563 dt  25.920000 rms  0.401  0.014% neg 0  invalid 762 tFOTS 2.5660 tGradient 1.2240 tsec 3.9850
#FOTS# QuadFit found better minimum quadopt=(dt=31.104,rms=0.401009) vs oldopt=(dt=25.92,rms=0.40101)
#GCMRL#  564 dt  31.104000 rms  0.401  0.000% neg 0  invalid 762 tFOTS 2.7250 tGradient 1.2020 tsec 4.1350
#GCMRL#  565 dt  31.104000 rms  0.401  0.010% neg 0  invalid 762 tFOTS 0.0000 tGradient 1.2110 tsec 1.3860
#GCMRL#  566 dt  31.104000 rms  0.401  0.013% neg 0  invalid 762 tFOTS 0.0000 tGradient 1.2100 tsec 1.3870
#GCMRL#  567 dt  31.104000 rms  0.401  0.012% neg 0  invalid 762 tFOTS 0.0000 tGradient 1.2090 tsec 1.3910
#GCMRL#  568 dt  31.104000 rms  0.401  0.014% neg 0  invalid 762 tFOTS 0.0000 tGradient 1.2070 tsec 1.3850
#GCMRL#  569 dt  31.104000 rms  0.401  0.016% neg 0  invalid 762 tFOTS 0.0000 tGradient 1.2090 tsec 1.3870
#GCMRL#  570 dt  31.104000 rms  0.401  0.016% neg 0  invalid 762 tFOTS 0.0000 tGradient 1.2120 tsec 1.3910
setting smoothness cost coefficient to 0.118

#GCAMreg# pass 0 level1 3 level2 0 tsec 0 sigma 2
l_jacobian=1.00 l_log_likelihood=0.20 l_smoothness=0.12 
tol=2.50e-01, dt=5.00e-02, exp_k=20.0, momentum=0.90, levels=6, niter=500, lbl_dist=10.00, avgs=16, sigma=2.0,type=2, relabel=0, neg=yes

blurring input image with Gaussian with sigma=2.000...
GCAMRegisterLevel(): init RMS 0.401291
#FOTS# QuadFit found better minimum quadopt=(dt=9.6,rms=0.401114) vs oldopt=(dt=8,rms=0.401121)
iter 0, gcam->neg = 1
after 7 iterations, nbhd size=1, neg = 0
#GCMRL#  572 dt   9.600000 rms  0.401  0.041% neg 0  invalid 762 tFOTS 2.7390 tGradient 0.9780 tsec 6.2250
#GCMRL#  573 dt   8.000000 rms  0.401  0.000% neg 0  invalid 762 tFOTS 2.7370 tGradient 0.9910 tsec 3.9390
#GCMRL#  574 dt   8.000000 rms  0.401  0.009% neg 0  invalid 762 tFOTS 0.0000 tGradient 0.9780 tsec 1.1540
iter 0, gcam->neg = 1
after 0 iterations, nbhd size=0, neg = 0

#GCAMreg# pass 0 level1 3 level2 1 tsec 16.615 sigma 0.5
l_jacobian=1.00 l_log_likelihood=0.20 l_smoothness=0.12 
tol=2.50e-01, dt=5.00e-02, exp_k=20.0, momentum=0.90, levels=6, niter=500, lbl_dist=10.00, avgs=16, sigma=0.5,type=2, relabel=0, neg=yes

blurring input image with Gaussian with sigma=0.500...
GCAMRegisterLevel(): init RMS 0.401031
#FOTS# QuadFit found better minimum quadopt=(dt=44.8,rms=0.398593) vs oldopt=(dt=32,rms=0.398904)
iter 0, gcam->neg = 1
after 0 iterations, nbhd size=0, neg = 0
#GCMRL#  576 dt  44.800000 rms  0.399  0.608% neg 0  invalid 762 tFOTS 2.7240 tGradient 1.0040 tsec 4.4540
#FOTS# QuadFit found better minimum quadopt=(dt=24.2759,rms=0.398009) vs oldopt=(dt=32,rms=0.398115)
#GCMRL#  577 dt  24.275862 rms  0.398  0.000% neg 0  invalid 762 tFOTS 2.7280 tGradient 0.9830 tsec 3.9240
#GCMRL#  578 dt  24.275862 rms  0.397  0.130% neg 0  invalid 762 tFOTS 0.0000 tGradient 0.9850 tsec 1.1650
#GCMRL#  579 dt  24.275862 rms  0.397  0.173% neg 0  invalid 762 tFOTS 0.0000 tGradient 0.9800 tsec 1.1600
iter 0, gcam->neg = 7
after 0 iterations, nbhd size=0, neg = 0
#GCMRL#  580 dt  24.275862 rms  0.396  0.209% neg 0  invalid 762 tFOTS 0.0000 tGradient 0.9760 tsec 1.6430
iter 0, gcam->neg = 9
after 10 iterations, nbhd size=1, neg = 0
#GCMRL#  581 dt  24.275862 rms  0.395  0.174% neg 0  invalid 762 tFOTS 0.0000 tGradient 0.9700 tsec 3.9460
iter 0, gcam->neg = 13
after 2 iterations, nbhd size=0, neg = 0
#GCMRL#  582 dt  24.275862 rms  0.395  0.185% neg 0  invalid 762 tFOTS 0.0000 tGradient 0.9770 tsec 2.1540
iter 0, gcam->neg = 7
after 9 iterations, nbhd size=1, neg = 0
#GCMRL#  583 dt  24.275862 rms  0.394  0.146% neg 0  invalid 762 tFOTS 0.0000 tGradient 0.9650 tsec 3.8730
iter 0, gcam->neg = 7
after 2 iterations, nbhd size=0, neg = 0
#GCMRL#  584 dt  24.275862 rms  0.393  0.135% neg 0  invalid 762 tFOTS 0.0000 tGradient 0.9720 tsec 2.1160
iter 0, gcam->neg = 5
after 12 iterations, nbhd size=1, neg = 0
#GCMRL#  585 dt  24.275862 rms  0.393  0.109% neg 0  invalid 762 tFOTS 0.0000 tGradient 0.9630 tsec 4.5010
iter 0, gcam->neg = 6
after 1 iterations, nbhd size=0, neg = 0
#GCMRL#  586 dt  24.275862 rms  0.393  0.102% neg 0  invalid 762 tFOTS 0.0000 tGradient 0.9770 tsec 1.8700
#FOTS# QuadFit found better minimum quadopt=(dt=44.8,rms=0.392455) vs oldopt=(dt=32,rms=0.392462)
iter 0, gcam->neg = 2
after 12 iterations, nbhd size=1, neg = 0
#GCMRL#  587 dt  44.800000 rms  0.393  0.000% neg 0  invalid 762 tFOTS 2.5670 tGradient 1.0140 tsec 7.3420
setting smoothness cost coefficient to 0.400

#GCAMreg# pass 0 level1 2 level2 0 tsec 0 sigma 2
l_jacobian=1.00 l_log_likelihood=0.20 l_smoothness=0.40 
tol=2.50e-01, dt=5.00e-02, exp_k=20.0, momentum=0.90, levels=6, niter=500, lbl_dist=10.00, avgs=4, sigma=2.0,type=2, relabel=0, neg=yes

blurring input image with Gaussian with sigma=2.000...
GCAMRegisterLevel(): init RMS 0.396948
#FOTS# QuadFit found better minimum quadopt=(dt=2.52632,rms=0.396839) vs oldopt=(dt=2.88,rms=0.396841)
#GCMRL#  589 dt   2.526316 rms  0.397  0.027% neg 0  invalid 762 tFOTS 2.7650 tGradient 0.8930 tsec 3.8510
#GCMRL#  590 dt   0.720000 rms  0.397  0.000% neg 0  invalid 762 tFOTS 2.7540 tGradient 0.8360 tsec 3.8040

#GCAMreg# pass 0 level1 2 level2 1 tsec 12.303 sigma 0.5
l_jacobian=1.00 l_log_likelihood=0.20 l_smoothness=0.40 
tol=2.50e-01, dt=5.00e-02, exp_k=20.0, momentum=0.90, levels=6, niter=500, lbl_dist=10.00, avgs=4, sigma=0.5,type=2, relabel=0, neg=yes

blurring input image with Gaussian with sigma=0.500...
GCAMRegisterLevel(): init RMS 0.396833
#FOTS# QuadFit found better minimum quadopt=(dt=9.86916,rms=0.396241) vs oldopt=(dt=11.52,rms=0.396261)
iter 0, gcam->neg = 3
after 2 iterations, nbhd size=0, neg = 0
#GCMRL#  592 dt   9.869159 rms  0.396  0.149% neg 0  invalid 762 tFOTS 2.7800 tGradient 0.8440 tsec 4.6600
#FOTS# QuadFit found better minimum quadopt=(dt=18.24,rms=0.395777) vs oldopt=(dt=11.52,rms=0.395828)
iter 0, gcam->neg = 1
after 0 iterations, nbhd size=0, neg = 0
#GCMRL#  593 dt  18.240000 rms  0.396  0.000% neg 0  invalid 762 tFOTS 2.7340 tGradient 0.8480 tsec 4.2670
iter 0, gcam->neg = 56
after 14 iterations, nbhd size=1, neg = 0
#GCMRL#  594 dt  18.240000 rms  0.395  0.117% neg 0  invalid 762 tFOTS 0.0000 tGradient 0.8450 tsec 4.5080
iter 0, gcam->neg = 56
after 17 iterations, nbhd size=1, neg = 0
#GCMRL#  595 dt  18.240000 rms  0.395  0.159% neg 0  invalid 762 tFOTS 0.0000 tGradient 0.8450 tsec 5.0820
iter 0, gcam->neg = 63
after 16 iterations, nbhd size=1, neg = 0
#GCMRL#  596 dt  18.240000 rms  0.394  0.157% neg 0  invalid 762 tFOTS 0.0000 tGradient 0.8490 tsec 4.8500
iter 0, gcam->neg = 132
after 18 iterations, nbhd size=1, neg = 0
#GCMRL#  597 dt  18.240000 rms  0.394  0.070% neg 0  invalid 762 tFOTS 0.0000 tGradient 0.8390 tsec 5.3160
iter 0, gcam->neg = 194
after 17 iterations, nbhd size=1, neg = 0
#GCMRL#  598 dt  18.240000 rms  0.394  0.024% neg 0  invalid 762 tFOTS 0.0000 tGradient 0.8470 tsec 5.1630
iter 0, gcam->neg = 17
after 11 iterations, nbhd size=1, neg = 0
#GCMRL#  599 dt  11.520000 rms  0.393  0.069% neg 0  invalid 762 tFOTS 2.7370 tGradient 0.8440 tsec 6.5680
iter 0, gcam->neg = 9
after 9 iterations, nbhd size=1, neg = 0
#GCMRL#  600 dt  11.520000 rms  0.393  0.000% neg 0  invalid 762 tFOTS 2.7170 tGradient 0.8470 tsec 6.2860
iter 0, gcam->neg = 14
after 6 iterations, nbhd size=0, neg = 0
setting smoothness cost coefficient to 1.000

#GCAMreg# pass 0 level1 1 level2 0 tsec 0 sigma 2
l_jacobian=1.00 l_log_likelihood=0.20 l_smoothness=1.00 
tol=2.50e-01, dt=5.00e-02, exp_k=20.0, momentum=0.90, levels=6, niter=500, lbl_dist=10.00, avgs=1, sigma=2.0,type=2, relabel=0, neg=yes

blurring input image with Gaussian with sigma=2.000...
GCAMRegisterLevel(): init RMS 0.399756
#FOTS# QuadFit found better minimum quadopt=(dt=4e-05,rms=0.399756) vs oldopt=(dt=5e-05,rms=0.399756)
#GCMRL#  602 dt   0.000040 rms  0.400  0.000% neg 0  invalid 762 tFOTS 3.4580 tGradient 0.6220 tsec 4.2750

#GCAMreg# pass 0 level1 1 level2 1 tsec 11.262 sigma 0.5
l_jacobian=1.00 l_log_likelihood=0.20 l_smoothness=1.00 
tol=2.50e-01, dt=5.00e-02, exp_k=20.0, momentum=0.90, levels=6, niter=500, lbl_dist=10.00, avgs=1, sigma=0.5,type=2, relabel=0, neg=yes

blurring input image with Gaussian with sigma=0.500...
GCAMRegisterLevel(): init RMS 0.399756
resetting metric properties...
setting smoothness cost coefficient to 2.000

#GCAMreg# pass 0 level1 0 level2 0 tsec 0 sigma 2
l_jacobian=1.00 l_log_likelihood=0.20 l_smoothness=2.00 
tol=2.50e-01, dt=5.00e-02, exp_k=20.0, momentum=0.90, levels=6, niter=500, lbl_dist=10.00, avgs=0, sigma=2.0,type=2, relabel=0, neg=yes

blurring input image with Gaussian with sigma=2.000...
GCAMRegisterLevel(): init RMS 0.389013
#FOTS# QuadFit found better minimum quadopt=(dt=1.13873,rms=0.380786) vs oldopt=(dt=1.28,rms=0.380885)
iter 0, gcam->neg = 549
after 18 iterations, nbhd size=1, neg = 0
#GCMRL#  605 dt   1.138725 rms  0.382  1.815% neg 0  invalid 762 tFOTS 2.7530 tGradient 0.1860 tsec 7.9780
#FOTS# QuadFit found better minimum quadopt=(dt=2.34375e-05,rms=0.381951) vs oldopt=(dt=1.95313e-05,rms=0.381951)
#GCMRL#  606 dt   0.000023 rms  0.382  0.000% neg 0  invalid 762 tFOTS 3.5320 tGradient 0.1850 tsec 3.9270

#GCAMreg# pass 0 level1 0 level2 1 tsec 15.893 sigma 0.5
l_jacobian=1.00 l_log_likelihood=0.20 l_smoothness=2.00 
tol=2.50e-01, dt=5.00e-02, exp_k=20.0, momentum=0.90, levels=6, niter=500, lbl_dist=10.00, avgs=0, sigma=0.5,type=2, relabel=0, neg=yes

blurring input image with Gaussian with sigma=0.500...
GCAMRegisterLevel(): init RMS 0.381951
#FOTS# QuadFit found better minimum quadopt=(dt=0.064,rms=0.381884) vs oldopt=(dt=0.08,rms=0.381888)
#GCMRL#  608 dt   0.064000 rms  0.382  0.018% neg 0  invalid 762 tFOTS 2.7480 tGradient 0.1900 tsec 3.1370
#FOTS# QuadFit found better minimum quadopt=(dt=0.028,rms=0.38187) vs oldopt=(dt=0.02,rms=0.381872)
#GCMRL#  609 dt   0.028000 rms  0.382  0.000% neg 0  invalid 762 tFOTS 2.7370 tGradient 0.1850 tsec 3.1340
#GCMRL#  610 dt   0.028000 rms  0.382  0.002% neg 0  invalid 762 tFOTS 0.0000 tGradient 0.1870 tsec 0.3700
GCAMregister done in 3.32347 min
writing output transformation to transforms/talairach.m3z...
GCAMwrite
Calls to gcamLogLikelihoodEnergy 3961 tmin = 0.846633
Calls to gcamLabelEnergy         3422 tmin = 0.632217
Calls to gcamJacobianEnergy      3961 tmin = 0.468133
Calls to gcamSmoothnessEnergy    3961 tmin = 2.89433
Calls to gcamLogLikelihoodTerm 612 tmin = 0.40485
Calls to gcamLabelTerm         560 tmin = 4.51148
Calls to gcamJacobianTerm      612 tmin = 0.588
Calls to gcamSmoothnessTerm    612 tmin = 0.2738
Calls to gcamComputeGradient    612 tmin = 15.4912
Calls to gcamComputeMetricProperties    5758 tmin = 1.32628
mri_ca_register took 0 hours, 32 minutes and 53 seconds.
#VMPC# mri_ca_register VmPeak  3974640
FSRUNTIME@ mri_ca_register  0.5480 hours 16 threads
#--------------------------------------
#@# SubCort Seg Sun Mar 15 12:02:15 CET 2026

 mri_ca_label -relabel_unlikely 9 .3 -prior 0.5 -align norm.mgz transforms/talairach.m3z /opt/freesurfer/average/RB_all_2020-01-02.gca aseg.auto_noCCseg.mgz 

sysname  Linux
hostname dna075
machine  x86_64

setenv SUBJECTS_DIR /out/sourcedata/freesurfer
cd /out/sourcedata/freesurfer/sub-v2s10x29005_ses-1/mri
mri_ca_label -relabel_unlikely 9 .3 -prior 0.5 -align norm.mgz transforms/talairach.m3z /opt/freesurfer/average/RB_all_2020-01-02.gca aseg.auto_noCCseg.mgz 

relabeling unlikely voxels with window_size = 9 and prior threshold 0.30
using Gibbs prior factor = 0.500
renormalizing sequences with structure alignment, equivalent to:
	-renormalize
	-renormalize_mean 0.500
	-regularize 0.500

== Number of threads available to for OpenMP = 16 == 
reading 1 input volumes
reading classifier array from /opt/freesurfer/average/RB_all_2020-01-02.gca
reading input volume from norm.mgz
average std[0] = 7.2
reading transform from transforms/talairach.m3z
setting orig areas to linear transform determinant scaled 6.22
Atlas used for the 3D morph was /opt/freesurfer/average/RB_all_2020-01-02.gca
average std = 7.2   using min determinant for regularization = 5.2
0 singular and 0 ill-conditioned covariance matrices regularized
labeling volume...
renormalizing by structure alignment....
renormalizing input #0
gca peak = 0.15521 (20)
mri peak = 0.19466 (19)
Left_Lateral_Ventricle (4): linear fit = 1.01 x + 0.0 (636 voxels, overlap=0.864)
Left_Lateral_Ventricle (4): linear fit = 1.01 x + 0.0 (636 voxels, peak = 20), gca=20.3
gca peak = 0.20380 (13)
mri peak = 0.23629 (19)
Right_Lateral_Ventricle (43): linear fit = 1.36 x + 0.0 (583 voxels, overlap=0.431)
Right_Lateral_Ventricle (43): linear fit = 1.36 x + 0.0 (583 voxels, peak = 18), gca=17.6
gca peak = 0.26283 (96)
mri peak = 0.19974 (97)
Right_Pallidum (52): linear fit = 1.00 x + 0.0 (752 voxels, overlap=1.002)
Right_Pallidum (52): linear fit = 1.00 x + 0.0 (752 voxels, peak = 96), gca=95.5
gca peak = 0.15814 (97)
mri peak = 0.25155 (97)
Left_Pallidum (13): linear fit = 1.01 x + 0.0 (807 voxels, overlap=0.856)
Left_Pallidum (13): linear fit = 1.01 x + 0.0 (807 voxels, peak = 98), gca=98.5
gca peak = 0.27624 (56)
mri peak = 0.19338 (68)
Right_Hippocampus (53): linear fit = 1.21 x + 0.0 (1179 voxels, overlap=0.013)
Right_Hippocampus (53): linear fit = 1.21 x + 0.0 (1179 voxels, peak = 67), gca=67.5
gca peak = 0.28723 (59)
mri peak = 0.14534 (67)
Left_Hippocampus (17): linear fit = 1.14 x + 0.0 (1149 voxels, overlap=0.014)
Left_Hippocampus (17): linear fit = 1.14 x + 0.0 (1149 voxels, peak = 68), gca=67.6
gca peak = 0.07623 (103)
mri peak = 0.13289 (107)
Right_Cerebral_White_Matter (41): linear fit = 1.04 x + 0.0 (38007 voxels, overlap=0.516)
Right_Cerebral_White_Matter (41): linear fit = 1.04 x + 0.0 (38007 voxels, peak = 108), gca=107.6
gca peak = 0.07837 (105)
mri peak = 0.17070 (108)
Left_Cerebral_White_Matter (2): linear fit = 1.02 x + 0.0 (37502 voxels, overlap=0.421)
Left_Cerebral_White_Matter (2): linear fit = 1.02 x + 0.0 (37502 voxels, peak = 108), gca=107.6
gca peak = 0.10165 (58)
mri peak = 0.05543 (63)
Left_Cerebral_Cortex (3): linear fit = 1.07 x + 0.0 (45858 voxels, overlap=0.855)
Left_Cerebral_Cortex (3): linear fit = 1.07 x + 0.0 (45858 voxels, peak = 62), gca=61.8
gca peak = 0.11113 (58)
mri peak = 0.05664 (66)
Right_Cerebral_Cortex (42): linear fit = 1.08 x + 0.0 (43304 voxels, overlap=0.917)
Right_Cerebral_Cortex (42): linear fit = 1.08 x + 0.0 (43304 voxels, peak = 62), gca=62.4
gca peak = 0.27796 (67)
mri peak = 0.13959 (77)
Right_Caudate (50): linear fit = 1.14 x + 0.0 (1225 voxels, overlap=0.018)
Right_Caudate (50): linear fit = 1.14 x + 0.0 (1225 voxels, peak = 77), gca=76.7
gca peak = 0.14473 (69)
mri peak = 0.17535 (77)
Left_Caudate (11): linear fit = 1.04 x + 0.0 (1152 voxels, overlap=0.623)
Left_Caudate (11): linear fit = 1.04 x + 0.0 (1152 voxels, peak = 72), gca=72.1
gca peak = 0.14301 (56)
mri peak = 0.06853 (61)
Left_Cerebellum_Cortex (8): linear fit = 1.13 x + 0.0 (27213 voxels, overlap=0.641)
Left_Cerebellum_Cortex (8): linear fit = 1.13 x + 0.0 (27213 voxels, peak = 64), gca=63.6
gca peak = 0.14610 (55)
mri peak = 0.07048 (64)
Right_Cerebellum_Cortex (47): linear fit = 1.13 x + 0.0 (27552 voxels, overlap=0.637)
Right_Cerebellum_Cortex (47): linear fit = 1.13 x + 0.0 (27552 voxels, peak = 62), gca=62.4
gca peak = 0.16309 (85)
mri peak = 0.19459 (88)
Left_Cerebellum_White_Matter (7): linear fit = 1.04 x + 0.0 (6948 voxels, overlap=0.561)
Left_Cerebellum_White_Matter (7): linear fit = 1.04 x + 0.0 (6948 voxels, peak = 89), gca=88.8
gca peak = 0.15172 (84)
mri peak = 0.20286 (88)
Right_Cerebellum_White_Matter (46): linear fit = 1.03 x + 0.0 (6535 voxels, overlap=0.588)
Right_Cerebellum_White_Matter (46): linear fit = 1.03 x + 0.0 (6535 voxels, peak = 87), gca=86.9
gca peak = 0.30461 (58)
mri peak = 0.19506 (69)
Left_Amygdala (18): linear fit = 1.18 x + 0.0 (764 voxels, overlap=0.036)
Left_Amygdala (18): linear fit = 1.18 x + 0.0 (764 voxels, peak = 69), gca=68.7
gca peak = 0.32293 (57)
mri peak = 0.14617 (69)
Right_Amygdala (54): linear fit = 1.22 x + 0.0 (561 voxels, overlap=0.047)
Right_Amygdala (54): linear fit = 1.22 x + 0.0 (561 voxels, peak = 69), gca=69.3
gca peak = 0.11083 (90)
mri peak = 0.07107 (88)
Left_Thalamus (10): linear fit = 1.03 x + 0.0 (4803 voxels, overlap=0.919)
Left_Thalamus (10): linear fit = 1.03 x + 0.0 (4803 voxels, peak = 93), gca=93.1
gca peak = 0.11393 (83)
mri peak = 0.08268 (88)
Right_Thalamus (49): linear fit = 1.04 x + 0.0 (4746 voxels, overlap=0.756)
Right_Thalamus (49): linear fit = 1.04 x + 0.0 (4746 voxels, peak = 87), gca=86.7
gca peak = 0.08575 (81)
mri peak = 0.11688 (83)
Left_Putamen (12): linear fit = 1.08 x + 0.0 (2594 voxels, overlap=0.578)
Left_Putamen (12): linear fit = 1.08 x + 0.0 (2594 voxels, peak = 87), gca=87.1
gca peak = 0.08618 (78)
mri peak = 0.11251 (88)
Right_Putamen (51): linear fit = 1.08 x + 0.0 (2609 voxels, overlap=0.709)
Right_Putamen (51): linear fit = 1.08 x + 0.0 (2609 voxels, peak = 84), gca=83.9
gca peak = 0.08005 (78)
mri peak = 0.10564 (90)
Brain_Stem (16): linear fit = 1.08 x + 0.0 (11015 voxels, overlap=0.429)
Brain_Stem (16): linear fit = 1.08 x + 0.0 (11015 voxels, peak = 84), gca=83.9
gca peak = 0.12854 (88)
mri peak = 0.11795 (96)
Right_VentralDC (60): linear fit = 1.09 x + 0.0 (1629 voxels, overlap=0.419)
Right_VentralDC (60): linear fit = 1.09 x + 0.0 (1629 voxels, peak = 95), gca=95.5
gca peak = 0.15703 (87)
mri peak = 0.10809 (98)
Left_VentralDC (28): linear fit = 1.12 x + 0.0 (1627 voxels, overlap=0.487)
Left_VentralDC (28): linear fit = 1.12 x + 0.0 (1627 voxels, peak = 97), gca=97.0
gca peak = 0.17522 (25)
mri peak = 0.25059 (25)
gca peak = 0.17113 (14)
mri peak = 0.30367 (22)
Fourth_Ventricle (15): linear fit = 1.47 x + 0.0 (471 voxels, overlap=0.235)
Fourth_Ventricle (15): linear fit = 1.47 x + 0.0 (471 voxels, peak = 21), gca=20.5
gca peak Unknown = 0.94777 ( 0)
gca peak Left_Inf_Lat_Vent = 0.16627 (28)
gca peak Third_Ventricle = 0.17522 (25)
gca peak CSF = 0.20346 (36)
gca peak Left_Accumbens_area = 0.70646 (62)
gca peak Left_undetermined = 1.00000 (28)
gca peak Left_vessel = 0.89917 (53)
gca peak Left_choroid_plexus = 0.11689 (35)
gca peak Right_Inf_Lat_Vent = 0.25504 (23)
gca peak Right_Accumbens_area = 0.31650 (65)
gca peak Right_vessel = 0.77268 (52)
gca peak Right_choroid_plexus = 0.13275 (38)
gca peak Fifth_Ventricle = 0.60973 (33)
gca peak WM_hypointensities = 0.11013 (77)
gca peak non_WM_hypointensities = 0.11354 (41)
gca peak Optic_Chiasm = 0.51646 (76)
not using caudate to estimate GM means
estimating mean gm scale to be 1.15 x + 0.0
estimating mean wm scale to be 1.03 x + 0.0
estimating mean csf scale to be 1.28 x + 0.0
saving intensity scales to aseg.auto_noCCseg.label_intensities.txt
renormalizing by structure alignment....
renormalizing input #0
gca peak = 0.15619 (19)
mri peak = 0.19466 (19)
Left_Lateral_Ventricle (4): linear fit = 0.96 x + 0.0 (636 voxels, overlap=0.869)
Left_Lateral_Ventricle (4): linear fit = 0.96 x + 0.0 (636 voxels, peak = 18), gca=18.3
gca peak = 0.16222 (17)
mri peak = 0.23629 (19)
Right_Lateral_Ventricle (43): linear fit = 1.03 x + 0.0 (583 voxels, overlap=0.564)
Right_Lateral_Ventricle (43): linear fit = 1.03 x + 0.0 (583 voxels, peak = 18), gca=17.6
gca peak = 0.23580 (94)
mri peak = 0.19974 (97)
Right_Pallidum (52): linear fit = 1.00 x + 0.0 (752 voxels, overlap=0.999)
Right_Pallidum (52): linear fit = 1.00 x + 0.0 (752 voxels, peak = 94), gca=93.5
gca peak = 0.16510 (98)
mri peak = 0.25155 (97)
Left_Pallidum (13): linear fit = 1.00 x + 0.0 (807 voxels, overlap=0.980)
Left_Pallidum (13): linear fit = 1.00 x + 0.0 (807 voxels, peak = 98), gca=98.0
gca peak = 0.27314 (67)
mri peak = 0.19338 (68)
Right_Hippocampus (53): linear fit = 0.96 x + 0.0 (1179 voxels, overlap=0.782)
Right_Hippocampus (53): linear fit = 0.96 x + 0.0 (1179 voxels, peak = 65), gca=64.7
gca peak = 0.25169 (65)
mri peak = 0.14534 (67)
Left_Hippocampus (17): linear fit = 1.00 x + 0.0 (1149 voxels, overlap=1.001)
Left_Hippocampus (17): linear fit = 1.00 x + 0.0 (1149 voxels, peak = 65), gca=65.0
gca peak = 0.07540 (108)
mri peak = 0.13289 (107)
Right_Cerebral_White_Matter (41): linear fit = 1.00 x + 0.0 (38007 voxels, overlap=0.709)
Right_Cerebral_White_Matter (41): linear fit = 1.00 x + 0.0 (38007 voxels, peak = 107), gca=107.5
gca peak = 0.07733 (107)
mri peak = 0.17070 (108)
Left_Cerebral_White_Matter (2): linear fit = 1.00 x + 0.0 (37502 voxels, overlap=0.548)
Left_Cerebral_White_Matter (2): linear fit = 1.00 x + 0.0 (37502 voxels, peak = 108), gca=107.5
gca peak = 0.09429 (62)
mri peak = 0.05543 (63)
Left_Cerebral_Cortex (3): linear fit = 1.02 x + 0.0 (45858 voxels, overlap=0.957)
Left_Cerebral_Cortex (3): linear fit = 1.02 x + 0.0 (45858 voxels, peak = 64), gca=63.5
gca peak = 0.10649 (63)
mri peak = 0.05664 (66)
Right_Cerebral_Cortex (42): linear fit = 1.00 x + 0.0 (43304 voxels, overlap=0.964)
Right_Cerebral_Cortex (42): linear fit = 1.00 x + 0.0 (43304 voxels, peak = 63), gca=63.0
gca peak = 0.21882 (76)
mri peak = 0.13959 (77)
Right_Caudate (50): linear fit = 1.00 x + 0.0 (1225 voxels, overlap=1.000)
Right_Caudate (50): linear fit = 1.00 x + 0.0 (1225 voxels, peak = 76), gca=76.0
gca peak = 0.16727 (81)
mri peak = 0.17535 (77)
Left_Caudate (11): linear fit = 1.00 x + 0.0 (1152 voxels, overlap=0.936)
Left_Caudate (11): linear fit = 1.00 x + 0.0 (1152 voxels, peak = 81), gca=81.0
gca peak = 0.12109 (64)
mri peak = 0.06853 (61)
Left_Cerebellum_Cortex (8): linear fit = 1.00 x + 0.0 (27213 voxels, overlap=0.987)
Left_Cerebellum_Cortex (8): linear fit = 1.00 x + 0.0 (27213 voxels, peak = 64), gca=64.0
gca peak = 0.14079 (63)
mri peak = 0.07048 (64)
Right_Cerebellum_Cortex (47): linear fit = 1.00 x + 0.0 (27552 voxels, overlap=0.984)
Right_Cerebellum_Cortex (47): linear fit = 1.00 x + 0.0 (27552 voxels, peak = 63), gca=63.0
gca peak = 0.15141 (88)
mri peak = 0.19459 (88)
Left_Cerebellum_White_Matter (7): linear fit = 1.00 x + 0.0 (6948 voxels, overlap=0.857)
Left_Cerebellum_White_Matter (7): linear fit = 1.00 x + 0.0 (6948 voxels, peak = 88), gca=88.0
gca peak = 0.14286 (86)
mri peak = 0.20286 (88)
Right_Cerebellum_White_Matter (46): linear fit = 1.00 x + 0.0 (6535 voxels, overlap=0.805)
Right_Cerebellum_White_Matter (46): linear fit = 1.00 x + 0.0 (6535 voxels, peak = 86), gca=86.0
gca peak = 0.27164 (69)
mri peak = 0.19506 (69)
Left_Amygdala (18): linear fit = 1.01 x + 0.0 (764 voxels, overlap=1.001)
Left_Amygdala (18): linear fit = 1.01 x + 0.0 (764 voxels, peak = 70), gca=70.0
gca peak = 0.28636 (69)
mri peak = 0.14617 (69)
Right_Amygdala (54): linear fit = 0.99 x + 0.0 (561 voxels, overlap=1.003)
Right_Amygdala (54): linear fit = 0.99 x + 0.0 (561 voxels, peak = 68), gca=68.0
gca peak = 0.09816 (90)
mri peak = 0.07107 (88)
Left_Thalamus (10): linear fit = 1.00 x + 0.0 (4803 voxels, overlap=0.992)
Left_Thalamus (10): linear fit = 1.00 x + 0.0 (4803 voxels, peak = 90), gca=90.0
gca peak = 0.09619 (86)
mri peak = 0.08268 (88)
Right_Thalamus (49): linear fit = 1.00 x + 0.0 (4746 voxels, overlap=0.929)
Right_Thalamus (49): linear fit = 1.00 x + 0.0 (4746 voxels, peak = 86), gca=85.6
gca peak = 0.08615 (87)
mri peak = 0.11688 (83)
Left_Putamen (12): linear fit = 0.99 x + 0.0 (2594 voxels, overlap=0.777)
Left_Putamen (12): linear fit = 0.99 x + 0.0 (2594 voxels, peak = 86), gca=85.7
gca peak = 0.08572 (83)
mri peak = 0.11251 (88)
Right_Putamen (51): linear fit = 1.00 x + 0.0 (2609 voxels, overlap=0.882)
Right_Putamen (51): linear fit = 1.00 x + 0.0 (2609 voxels, peak = 83), gca=83.0
gca peak = 0.08382 (84)
mri peak = 0.10564 (90)
Brain_Stem (16): linear fit = 1.02 x + 0.0 (11015 voxels, overlap=0.710)
Brain_Stem (16): linear fit = 1.02 x + 0.0 (11015 voxels, peak = 86), gca=86.1
gca peak = 0.11744 (97)
mri peak = 0.11795 (96)
Right_VentralDC (60): linear fit = 1.01 x + 0.0 (1629 voxels, overlap=0.800)
Right_VentralDC (60): linear fit = 1.01 x + 0.0 (1629 voxels, peak = 98), gca=98.5
gca peak = 0.14728 (95)
mri peak = 0.10809 (98)
Left_VentralDC (28): linear fit = 1.00 x + 0.0 (1627 voxels, overlap=0.837)
Left_VentralDC (28): linear fit = 1.00 x + 0.0 (1627 voxels, peak = 95), gca=95.0
gca peak = 0.15700 (34)
mri peak = 0.25059 (25)
gca peak = 0.12908 (21)
mri peak = 0.30367 (22)
Fourth_Ventricle (15): linear fit = 0.94 x + 0.0 (471 voxels, overlap=0.556)
Fourth_Ventricle (15): linear fit = 0.94 x + 0.0 (471 voxels, peak = 20), gca=19.6
gca peak Unknown = 0.94777 ( 0)
gca peak Left_Inf_Lat_Vent = 0.17659 (32)
gca peak Third_Ventricle = 0.15700 (34)
gca peak CSF = 0.18002 (46)
gca peak Left_Accumbens_area = 0.74294 (65)
gca peak Left_undetermined = 1.00000 (28)
gca peak Left_vessel = 0.89837 (53)
gca peak Left_choroid_plexus = 0.10623 (35)
gca peak Right_Inf_Lat_Vent = 0.26261 (28)
gca peak Right_Accumbens_area = 0.30893 (74)
gca peak Right_vessel = 0.77268 (52)
gca peak Right_choroid_plexus = 0.13272 (38)
gca peak Fifth_Ventricle = 0.77755 (41)
gca peak WM_hypointensities = 0.10783 (79)
gca peak non_WM_hypointensities = 0.14581 (42)
gca peak Optic_Chiasm = 0.61266 (76)
not using caudate to estimate GM means
estimating mean gm scale to be 1.00 x + 0.0
estimating mean wm scale to be 1.00 x + 0.0
estimating mean csf scale to be 0.98 x + 0.0
saving intensity scales to aseg.auto_noCCseg.label_intensities.txt
saving sequentially combined intensity scales to aseg.auto_noCCseg.label_intensities.txt
33581 voxels changed in iteration 0 of unlikely voxel relabeling
110 voxels changed in iteration 1 of unlikely voxel relabeling
0 voxels changed in iteration 2 of unlikely voxel relabeling
30260 gm and wm labels changed (%28 to gray, %72 to white out of all changed labels)
544 hippocampal voxels changed.
0 amygdala voxels changed.
Reclassifying using Gibbs Priors
pass 1: 47826 changed. image ll: -2.071, PF=0.500
pass 2: 11168 changed. image ll: -2.070, PF=0.500
pass 3: 3774 changed.
21394 voxels changed in iteration 0 of unlikely voxel relabeling
170 voxels changed in iteration 1 of unlikely voxel relabeling
6 voxels changed in iteration 2 of unlikely voxel relabeling
0 voxels changed in iteration 3 of unlikely voxel relabeling
4832 voxels changed in iteration 0 of unlikely voxel relabeling
74 voxels changed in iteration 1 of unlikely voxel relabeling
14 voxels changed in iteration 2 of unlikely voxel relabeling
0 voxels changed in iteration 3 of unlikely voxel relabeling
5418 voxels changed in iteration 0 of unlikely voxel relabeling
62 voxels changed in iteration 1 of unlikely voxel relabeling
1 voxels changed in iteration 2 of unlikely voxel relabeling
0 voxels changed in iteration 3 of unlikely voxel relabeling
4866 voxels changed in iteration 0 of unlikely voxel relabeling
38 voxels changed in iteration 1 of unlikely voxel relabeling
5 voxels changed in iteration 2 of unlikely voxel relabeling
0 voxels changed in iteration 3 of unlikely voxel relabeling
 !!!!!!!!! ventricle segment 3 with volume 4151 above threshold 100 - not erasing !!!!!!!!!!
 !!!!!!!!! ventricle segment 4 with volume 4311 above threshold 100 - not erasing !!!!!!!!!!
 !!!!!!!!! ventricle segment 1 with volume 260 above threshold 100 - not erasing !!!!!!!!!!
writing labeled volume to aseg.auto_noCCseg.mgz
mri_ca_label utimesec    1289.870987
mri_ca_label stimesec    3.105020
mri_ca_label ru_maxrss   2091836
mri_ca_label ru_ixrss    0
mri_ca_label ru_idrss    0
mri_ca_label ru_isrss    0
mri_ca_label ru_minflt   2993928
mri_ca_label ru_majflt   8
mri_ca_label ru_nswap    0
mri_ca_label ru_inblock  1142
mri_ca_label ru_oublock  632
mri_ca_label ru_msgsnd   0
mri_ca_label ru_msgrcv   0
mri_ca_label ru_nsignals 0
mri_ca_label ru_nvcsw    4383
mri_ca_label ru_nivcsw   1275
auto-labeling took 20 minutes and 8 seconds.
#--------------------------------------
#@# CC Seg Sun Mar 15 12:22:23 CET 2026

 mri_cc -aseg aseg.auto_noCCseg.mgz -o aseg.auto.mgz -lta /out/sourcedata/freesurfer/sub-v2s10x29005_ses-1/mri/transforms/cc_up.lta sub-v2s10x29005_ses-1 

will read input aseg from aseg.auto_noCCseg.mgz
writing aseg with cc labels to aseg.auto.mgz
will write lta as /out/sourcedata/freesurfer/sub-v2s10x29005_ses-1/mri/transforms/cc_up.lta
reading aseg from /out/sourcedata/freesurfer/sub-v2s10x29005_ses-1/mri/aseg.auto_noCCseg.mgz
reading norm from /out/sourcedata/freesurfer/sub-v2s10x29005_ses-1/mri/norm.mgz
22380 voxels in left wm, 61597 in right wm, xrange [124, 133]
searching rotation angles z=[-9  5], y=[-9  5]
searching scale 1 Z rot -8.6  searching scale 1 Z rot -8.3  searching scale 1 Z rot -8.1  searching scale 1 Z rot -7.8  searching scale 1 Z rot -7.6  searching scale 1 Z rot -7.3  searching scale 1 Z rot -7.1  searching scale 1 Z rot -6.8  searching scale 1 Z rot -6.6  searching scale 1 Z rot -6.3  searching scale 1 Z rot -6.1  searching scale 1 Z rot -5.8  searching scale 1 Z rot -5.6  searching scale 1 Z rot -5.3  searching scale 1 Z rot -5.1  searching scale 1 Z rot -4.8  searching scale 1 Z rot -4.6  searching scale 1 Z rot -4.3  searching scale 1 Z rot -4.1  searching scale 1 Z rot -3.8  searching scale 1 Z rot -3.6  searching scale 1 Z rot -3.3  searching scale 1 Z rot -3.1  searching scale 1 Z rot -2.8  searching scale 1 Z rot -2.6  searching scale 1 Z rot -2.3  searching scale 1 Z rot -2.1  searching scale 1 Z rot -1.8  searching scale 1 Z rot -1.6  searching scale 1 Z rot -1.3  searching scale 1 Z rot -1.1  searching scale 1 Z rot -0.8  searching scale 1 Z rot -0.6  searching scale 1 Z rot -0.3  searching scale 1 Z rot -0.1  searching scale 1 Z rot 0.2  searching scale 1 Z rot 0.4  searching scale 1 Z rot 0.7  searching scale 1 Z rot 0.9  searching scale 1 Z rot 1.2  searching scale 1 Z rot 1.4  searching scale 1 Z rot 1.7  searching scale 1 Z rot 1.9  searching scale 1 Z rot 2.2  searching scale 1 Z rot 2.4  searching scale 1 Z rot 2.7  searching scale 1 Z rot 2.9  searching scale 1 Z rot 3.2  searching scale 1 Z rot 3.4  searching scale 1 Z rot 3.7  searching scale 1 Z rot 3.9  searching scale 1 Z rot 4.2  searching scale 1 Z rot 4.4  searching scale 1 Z rot 4.7  searching scale 1 Z rot 4.9  searching scale 1 Z rot 5.2  global minimum found at slice 130.0, rotations (-2.28, -1.55)
final transformation (x=130.0, yr=-2.276, zr=-1.552):
 0.99884   0.02709  -0.03969   0.97403;
-0.02707   0.99963   0.00108   55.41414;
 0.03971   0.00000   0.99921  -0.06520;
 0.00000   0.00000   0.00000   1.00000;
updating x range to be [126, 131] in xformed coordinates
best xformed slice 128
min_x_fornix = 133
min_x_fornix = 136
min_x_fornix = 150
min_x_fornix = 145
min_x_fornix = 143
cc center is found at 128 76 123
eigenvectors:
-0.00003   0.00589   0.99998;
 0.15143  -0.98845   0.00583;
 0.98847   0.15143  -0.00086;
writing aseg with callosum to /out/sourcedata/freesurfer/sub-v2s10x29005_ses-1/mri/aseg.auto.mgz...
corpus callosum segmentation took 0.3 minutes
#VMPC# mri_cc VmPeak  554664
mri_cc done
#--------------------------------------
#@# Merge ASeg Sun Mar 15 12:22:42 CET 2026

 cp aseg.auto.mgz aseg.presurf.mgz 

#--------------------------------------------
#@# Intensity Normalization2 Sun Mar 15 12:22:42 CET 2026
/out/sourcedata/freesurfer/sub-v2s10x29005_ses-1/mri

 mri_normalize -seed 1234 -mprage -aseg aseg.presurf.mgz -mask brainmask.mgz norm.mgz brain.mgz 

setting seed for random number genererator to 1234
assuming input volume is MGH (Van der Kouwe) MP-RAGE
using segmentation for initial intensity normalization
using MR volume brainmask.mgz to mask input volume...
reading mri_src from norm.mgz...
Reading aseg aseg.presurf.mgz
normalizing image...
NOT doing gentle normalization with control points/label
processing with aseg
removing outliers in the aseg WM...
364 control points removed
Building bias image
building Voronoi diagram...
performing soap bubble smoothing, sigma = 0...
Smoothing with sigma 8
Applying bias correction
building Voronoi diagram...
performing soap bubble smoothing, sigma = 8...

Iterating 2 times
---------------------------------
3d normalization pass 1 of 2
white matter peak found at 110
white matter peak found at 109
gm peak at 69 (69), valley at  0 (-1)
csf peak at 34, setting threshold to 57
building Voronoi diagram...
performing soap bubble smoothing, sigma = 8...
---------------------------------
3d normalization pass 2 of 2
white matter peak found at 110
white matter peak found at 110
gm peak at 70 (70), valley at  0 (-1)
csf peak at 35, setting threshold to 58
building Voronoi diagram...
performing soap bubble smoothing, sigma = 8...
Done iterating ---------------------------------
writing output to brain.mgz
3D bias adjustment took 1 minutes and 34 seconds.
#--------------------------------------------
#@# Mask BFS Sun Mar 15 12:24:17 CET 2026
/out/sourcedata/freesurfer/sub-v2s10x29005_ses-1/mri

 mri_mask -T 5 brain.mgz brainmask.mgz brain.finalsurfs.mgz 

threshold mask volume at 5
DoAbs = 0
Found 1468968 voxels in mask (pct=  8.76)
Writing masked volume to brain.finalsurfs.mgz...done.
#--------------------------------------------
#@# WM Segmentation Sun Mar 15 12:24:18 CET 2026

 AntsDenoiseImageFs -i brain.mgz -o antsdn.brain.mgz 


 mri_segment -wsizemm 13 -mprage antsdn.brain.mgz wm.seg.mgz 

wsizemm = 13, voxres = 1, wsize = 13
Widening wm low from 89 to 79
assuming input volume is MGH (Van der Kouwe) MP-RAGE
wm mean:  110
wsize:    13
wm low:   79
wm hi:    125
gray low: 30
gray hi:  99
Doing initial trinary intensity segmentation 
Using local statistics to label ambiguous voxels
Autodetecting stats
Computing class statistics for intensity windows...
CCS WM (102.0): 102.2 +- 5.7 [79.0 --> 125.0]
CCS GM (75.0) : 74.4 +- 8.6 [30.0 --> 95.0]
 white_mean 102.204
 white_sigma 5.706
 gray_mean 74.4035
 gray_sigma 8.6371
setting bottom of white matter range wm_low to 83.0
setting top of gray matter range gray_hi to 91.7
 wm_low 83.0406
 wm_hi  125
 gray_low 30
 gray_hi  91.6777
Redoing initial intensity segmentation...
Recomputing local statistics to label ambiguous voxels...
 wm_low 83.0406
 wm_hi  125
 gray_low 30
 gray_hi  91.6777
using local geometry to label remaining ambiguous voxels...
polvwsize = 5, polvlen = 3, gray_hi = 91.6777, wm_low = 83.0406
MRIcpolvMedianCurveSegment(): wsize=5, len=3, gmhi=91.6777, wmlow=83.0406
    115343 voxels processed (0.69%)
     52699 voxels white (0.31%)
     62644 voxels non-white (0.37%)

Reclassifying voxels using Gaussian border classifier niter=1
MRIreclassify(): wm_low=78.0406, gray_hi=91.6777, wsize=13
    225314 voxels tested (1.34%)
     42447 voxels changed (0.25%)
     59656 multi-scale searches  (0.36%)
Recovering bright white
MRIrecoverBrightWhite()
 wm_low 83.0406
 wm_hi 125
 slack 5.706
 pct_thresh 0.33
 intensity_thresh 130.706
 nvox_thresh 8.58
       13 voxels tested (0.00%)
       13 voxels changed (0.00%)

removing voxels with positive offset direction...
MRIremoveWrongDirection() wsize=3, lowthr=78.0406, hithr=91.6777
  smoothing input volume with sigma = 0.250
    64127 voxels tested (0.38%)
    12221 voxels changed (0.07%)
thicken = 1
removing 1-dimensional structures...
MRIremove1dStructures(): max_iter=10000, thresh=2, WM_MIN_VAL=5
 1194 sparsely connected voxels removed in 1 iterations
thickening thin strands....
thickness 4
nsegments 20
wm_hi 125
1031 diagonally connected voxels added...
MRIthickenThinWMStrands(): thickness=4, nsegments=20
  20 segments, 3184 filled
MRIfindBrightNonWM(): 0 bright non-wm voxels segmented.
MRIfilterMorphology() WM_MIN_VAL=5, DIAGONAL_FILL=230
white matter segmentation took 0.8 minutes
writing output to wm.seg.mgz...

 mri_edit_wm_with_aseg -keep-in wm.seg.mgz brain.mgz aseg.presurf.mgz wm.asegedit.mgz 

preserving editing changes in input volume...
auto filling took 0.29 minutes
reading wm segmentation from wm.seg.mgz...
0 voxels added to wm to prevent paths from MTL structures to cortex
2368 additional wm voxels added
0 additional wm voxels added
SEG EDIT: 30618 voxels turned on, 45948 voxels turned off.
propagating editing to output volume from wm.seg.mgz
writing edited volume to wm.asegedit.mgz....

 mri_pretess wm.asegedit.mgz wm norm.mgz wm.mgz 


Iteration Number : 1
pass   1 (xy+):   5 found -   5 modified     |    TOTAL:   5
pass   2 (xy+):   0 found -   5 modified     |    TOTAL:   5
pass   1 (xy-):   5 found -   5 modified     |    TOTAL:  10
pass   2 (xy-):   0 found -   5 modified     |    TOTAL:  10
pass   1 (yz+):   8 found -   8 modified     |    TOTAL:  18
pass   2 (yz+):   0 found -   8 modified     |    TOTAL:  18
pass   1 (yz-):   8 found -   8 modified     |    TOTAL:  26
pass   2 (yz-):   0 found -   8 modified     |    TOTAL:  26
pass   1 (xz+):   4 found -   4 modified     |    TOTAL:  30
pass   2 (xz+):   0 found -   4 modified     |    TOTAL:  30
pass   1 (xz-):   4 found -   4 modified     |    TOTAL:  34
pass   2 (xz-):   0 found -   4 modified     |    TOTAL:  34
Iteration Number : 1
pass   1 (+++):   2 found -   2 modified     |    TOTAL:   2
pass   2 (+++):   0 found -   2 modified     |    TOTAL:   2
pass   1 (+++):   2 found -   2 modified     |    TOTAL:   4
pass   2 (+++):   0 found -   2 modified     |    TOTAL:   4
pass   1 (+++):   2 found -   2 modified     |    TOTAL:   6
pass   2 (+++):   0 found -   2 modified     |    TOTAL:   6
pass   1 (+++):   4 found -   4 modified     |    TOTAL:  10
pass   2 (+++):   0 found -   4 modified     |    TOTAL:  10
Iteration Number : 1
pass   1 (++):  77 found -  77 modified     |    TOTAL:  77
pass   2 (++):   0 found -  77 modified     |    TOTAL:  77
pass   1 (+-):  91 found -  91 modified     |    TOTAL: 168
pass   2 (+-):   0 found -  91 modified     |    TOTAL: 168
pass   1 (--):  63 found -  63 modified     |    TOTAL: 231
pass   2 (--):   0 found -  63 modified     |    TOTAL: 231
pass   1 (-+):  85 found -  85 modified     |    TOTAL: 316
pass   2 (-+):   0 found -  85 modified     |    TOTAL: 316
Iteration Number : 2
pass   1 (xy+):   0 found -   0 modified     |    TOTAL:   0
pass   1 (xy-):   2 found -   2 modified     |    TOTAL:   2
pass   2 (xy-):   0 found -   2 modified     |    TOTAL:   2
pass   1 (yz+):   0 found -   0 modified     |    TOTAL:   2
pass   1 (yz-):   0 found -   0 modified     |    TOTAL:   2
pass   1 (xz+):   2 found -   2 modified     |    TOTAL:   4
pass   2 (xz+):   0 found -   2 modified     |    TOTAL:   4
pass   1 (xz-):   1 found -   1 modified     |    TOTAL:   5
pass   2 (xz-):   0 found -   1 modified     |    TOTAL:   5
Iteration Number : 2
pass   1 (+++):   0 found -   0 modified     |    TOTAL:   0
pass   1 (+++):   2 found -   2 modified     |    TOTAL:   2
pass   2 (+++):   0 found -   2 modified     |    TOTAL:   2
pass   1 (+++):   0 found -   0 modified     |    TOTAL:   2
pass   1 (+++):   2 found -   2 modified     |    TOTAL:   4
pass   2 (+++):   0 found -   2 modified     |    TOTAL:   4
Iteration Number : 2
pass   1 (++):   1 found -   1 modified     |    TOTAL:   1
pass   2 (++):   0 found -   1 modified     |    TOTAL:   1
pass   1 (+-):   0 found -   0 modified     |    TOTAL:   1
pass   1 (--):   0 found -   0 modified     |    TOTAL:   1
pass   1 (-+):   0 found -   0 modified     |    TOTAL:   1
Iteration Number : 3
pass   1 (xy+):   0 found -   0 modified     |    TOTAL:   0
pass   1 (xy-):   0 found -   0 modified     |    TOTAL:   0
pass   1 (yz+):   0 found -   0 modified     |    TOTAL:   0
pass   1 (yz-):   0 found -   0 modified     |    TOTAL:   0
pass   1 (xz+):   0 found -   0 modified     |    TOTAL:   0
pass   1 (xz-):   1 found -   1 modified     |    TOTAL:   1
pass   2 (xz-):   0 found -   1 modified     |    TOTAL:   1
Iteration Number : 3
pass   1 (+++):   0 found -   0 modified     |    TOTAL:   0
pass   1 (+++):   0 found -   0 modified     |    TOTAL:   0
pass   1 (+++):   0 found -   0 modified     |    TOTAL:   0
pass   1 (+++):   0 found -   0 modified     |    TOTAL:   0
Iteration Number : 3
pass   1 (++):   0 found -   0 modified     |    TOTAL:   0
pass   1 (+-):   0 found -   0 modified     |    TOTAL:   0
pass   1 (--):   0 found -   0 modified     |    TOTAL:   0
pass   1 (-+):   0 found -   0 modified     |    TOTAL:   0
Iteration Number : 4
pass   1 (xy+):   0 found -   0 modified     |    TOTAL:   0
pass   1 (xy-):   0 found -   0 modified     |    TOTAL:   0
pass   1 (yz+):   0 found -   0 modified     |    TOTAL:   0
pass   1 (yz-):   0 found -   0 modified     |    TOTAL:   0
pass   1 (xz+):   0 found -   0 modified     |    TOTAL:   0
pass   1 (xz-):   0 found -   0 modified     |    TOTAL:   0
Iteration Number : 4
pass   1 (+++):   0 found -   0 modified     |    TOTAL:   0
pass   1 (+++):   0 found -   0 modified     |    TOTAL:   0
pass   1 (+++):   0 found -   0 modified     |    TOTAL:   0
pass   1 (+++):   0 found -   0 modified     |    TOTAL:   0
Iteration Number : 4
pass   1 (++):   0 found -   0 modified     |    TOTAL:   0
pass   1 (+-):   0 found -   0 modified     |    TOTAL:   0
pass   1 (--):   0 found -   0 modified     |    TOTAL:   0
pass   1 (-+):   0 found -   0 modified     |    TOTAL:   0

Total Number of Modified Voxels = 371 (out of 530584: 0.069923)
binarizing input wm segmentation...
Ambiguous edge configurations... 

mri_pretess done

#--------------------------------------------
#@# Fill Sun Mar 15 12:25:46 CET 2026
/out/sourcedata/freesurfer/sub-v2s10x29005_ses-1/mri

 mri_fill -a ../scripts/ponscc.cut.log -xform transforms/talairach.lta -segmentation aseg.presurf.mgz -ctab /opt/freesurfer/SubCorticalMassLUT.txt wm.mgz filled.mgz 

logging cutting plane coordinates to ../scripts/ponscc.cut.log...
INFO: Using transforms/talairach.lta and its offset for Talairach volume ...
using segmentation aseg.presurf.mgz...
reading input volume...done.
searching for cutting planes...voxel to talairach voxel transform
 1.03750   0.03837  -0.02504  -8.60872;
-0.03512   1.21518   0.00777   13.48335;
 0.02568  -0.00838   1.01841  -17.94278;
 0.00000   0.00000   0.00000   1.00000;
voxel to talairach voxel transform
 1.03750   0.03837  -0.02504  -8.60872;
-0.03512   1.21518   0.00777   13.48335;
 0.02568  -0.00838   1.01841  -17.94278;
 0.00000   0.00000   0.00000   1.00000;
reading segmented volume aseg.presurf.mgz
removing CC from segmentation
Looking for area (min, max) = (350, 1400)
area[0] = 1350 (min = 350, max = 1400), aspect = 0.47 (min = 0.10, max = 0.75)
no need to search
using seed (127, 120, 151), TAL = (1.0, 23.0, 8.0)
talairach voxel to voxel transform
 0.96224  -0.03022   0.02389   9.11975;
 0.02796   0.82200  -0.00558  -10.94276;
-0.02403   0.00752   0.98128   17.29844;
 0.00000   0.00000   0.00000   1.00000;
segmentation indicates cc at (127,  120,  151) --> (1.0, 23.0, 8.0)
done.
filling took 0.6 minutes
talairach cc position changed to (1.00, 23.00, 8.00)
Erasing brainstem...done.
seed_search_size = 9, min_neighbors = 5
search rh wm seed point around talairach space:(19.00, 23.00, 8.00) SRC: (113.99, 89.90, 163.75)
search lh wm seed point around talairach space (-17.00, 23.00, 8.00), SRC: (148.63, 90.91, 162.89)
compute mri_fill using aseg
Erasing Brain Stem and Cerebellum ...
Define left and right masks using aseg:
Building Voronoi diagram ...
Using the Voronoi diagram for separating WM into two hemispheres ...
Find the largest connected component for each hemisphere ...
Embedding colortable
mri_fill done, writing output to filled.mgz...
 cp filled.mgz filled.auto.mgz

Started at Sun Mar 15 11:28:28 CET 2026 
Ended   at Sun Mar 15 12:26:23 CET 2026
#@#%# recon-all-run-time-hours 0.965
recon-all -s sub-v2s10x29005_ses-1 finished without error at Sun Mar 15 12:26:23 CET 2026



#New# invocation of recon-all 




Sun Mar 15 12:58:52 CET 2026
cd /out/sourcedata/freesurfer/sub-v2s10x29005_ses-1
setenv SUBJECTS_DIR /out/sourcedata/freesurfer
/opt/freesurfer/bin/recon-all -parallel -subjid sub-v2s10x29005_ses-1 -sd /out/sourcedata/freesurfer -cortribbon

subjid sub-v2s10x29005_ses-1
setenv SUBJECTS_DIR /out/sourcedata/freesurfer
FREESURFER_HOME /opt/freesurfer
Actual FREESURFER_HOME /opt/freesurfer
build-stamp.txt: freesurfer-linux-ubuntu22_x86_64-7.3.2-20220804-6354275
Linux dna075 5.14.0-427.37.1.el9_4.x86_64 #1 SMP PREEMPT_DYNAMIC Fri Sep 13 12:41:50 EDT 2024 x86_64 x86_64 x86_64 GNU/Linux
cputime      unlimited
filesize     unlimited
datasize     unlimited
stacksize    8192 kbytes
coredumpsize 0 kbytes
memoryuse    67108864 kbytes
vmemoryuse   unlimited
descriptors  1024 
memorylocked unlimited
maxproc      2061970 
maxlocks     unlimited
maxsignal    2062029 
maxmessage   819200 
maxnice      0 
maxrtprio    0 
maxrttime    unlimited

               total        used        free      shared  buff/cache   available
Mem:           503Gi        50Gi       407Gi        10Gi        44Gi       439Gi
Swap:             0B          0B          0B

########################################
program versions used
7.3.2 (freesurfer-linux-ubuntu22_x86_64-7.3.2-20220804-6354275)
7.3.2

ProgramName: lta_convert  ProgramArguments: lta_convert -all-info  ProgramVersion: 7.3.2  TimeStamp: 2026/03/15-11:58:52-GMT  BuildTime: Aug  4 2022 06:17:15  BuildStamp: freesurfer-linux-ubuntu22_x86_64-7.3.2-20220804-6354275  User: oesteban  Machine: dna075  Platform: Linux  PlatformVersion: 5.14.0-427.37.1.el9_4.x86_64  CompilerName: GCC  CompilerVersion: 8.4.0
ProgramName: mri_and  ProgramArguments: mri_and -all-info  ProgramVersion: 7.3.2  TimeStamp: 2026/03/15-11:58:52-GMT  BuildTime: Aug  4 2022 06:17:15  BuildStamp: freesurfer-linux-ubuntu22_x86_64-7.3.2-20220804-6354275  User: oesteban  Machine: dna075  Platform: Linux  PlatformVersion: 5.14.0-427.37.1.el9_4.x86_64  CompilerName: GCC  CompilerVersion: 8.4.0
ProgramName: mri_annotation2label  ProgramArguments: mri_annotation2label -all-info  ProgramVersion: 7.3.2  TimeStamp: 2026/03/15-11:58:52-GMT  BuildTime: Aug  4 2022 06:17:15  BuildStamp: freesurfer-linux-ubuntu22_x86_64-7.3.2-20220804-6354275  User: oesteban  Machine: dna075  Platform: Linux  PlatformVersion: 5.14.0-427.37.1.el9_4.x86_64  CompilerName: GCC  CompilerVersion: 8.4.0
ProgramName: mri_aparc2aseg  ProgramArguments: mri_aparc2aseg -all-info  ProgramVersion: 7.3.2  TimeStamp: 2026/03/15-11:58:52-GMT  BuildTime: Aug  4 2022 06:17:15  BuildStamp: freesurfer-linux-ubuntu22_x86_64-7.3.2-20220804-6354275  User: oesteban  Machine: dna075  Platform: Linux  PlatformVersion: 5.14.0-427.37.1.el9_4.x86_64  CompilerName: GCC  CompilerVersion: 8.4.0
ProgramName: mri_surf2volseg  ProgramArguments: mri_surf2volseg -all-info  ProgramVersion: 7.3.2  TimeStamp: 2026/03/15-11:58:52-GMT  BuildTime: Aug  4 2022 06:17:15  BuildStamp: freesurfer-linux-ubuntu22_x86_64-7.3.2-20220804-6354275  User: oesteban  Machine: dna075  Platform: Linux  PlatformVersion: 5.14.0-427.37.1.el9_4.x86_64  CompilerName: GCC  CompilerVersion: 8.4.0
ProgramName: mri_binarize  ProgramArguments: mri_binarize -all-info  ProgramVersion: 7.3.2  TimeStamp: 2026/03/15-11:58:52-GMT  BuildTime: Aug  4 2022 06:17:15  BuildStamp: freesurfer-linux-ubuntu22_x86_64-7.3.2-20220804-6354275  User: oesteban  Machine: dna075  Platform: Linux  PlatformVersion: 5.14.0-427.37.1.el9_4.x86_64  CompilerName: GCC  CompilerVersion: 8.4.0
ProgramName: mri_ca_label  ProgramArguments: mri_ca_label -all-info  ProgramVersion: 7.3.2  TimeStamp: 2026/03/15-11:58:52-GMT  BuildTime: Aug  4 2022 06:17:15  BuildStamp: freesurfer-linux-ubuntu22_x86_64-7.3.2-20220804-6354275  User: oesteban  Machine: dna075  Platform: Linux  PlatformVersion: 5.14.0-427.37.1.el9_4.x86_64  CompilerName: GCC  CompilerVersion: 8.4.0
ProgramName: mri_ca_normalize  ProgramArguments: mri_ca_normalize -all-info  ProgramVersion: 7.3.2  TimeStamp: 2026/03/15-11:58:52-GMT  BuildTime: Aug  4 2022 06:17:15  BuildStamp: freesurfer-linux-ubuntu22_x86_64-7.3.2-20220804-6354275  User: oesteban  Machine: dna075  Platform: Linux  PlatformVersion: 5.14.0-427.37.1.el9_4.x86_64  CompilerName: GCC  CompilerVersion: 8.4.0
ProgramName: mri_ca_register  ProgramArguments: mri_ca_register -all-info  ProgramVersion: 7.3.2  TimeStamp: 2026/03/15-11:58:52-GMT  BuildTime: Aug  4 2022 06:17:15  BuildStamp: freesurfer-linux-ubuntu22_x86_64-7.3.2-20220804-6354275  User: oesteban  Machine: dna075  Platform: Linux  PlatformVersion: 5.14.0-427.37.1.el9_4.x86_64  CompilerName: GCC  CompilerVersion: 8.4.0
ProgramName: mri_cc  ProgramArguments: mri_cc -all-info  ProgramVersion: 7.3.2  TimeStamp: 2026/03/15-11:58:52-GMT  BuildTime: Aug  4 2022 06:17:15  BuildStamp: freesurfer-linux-ubuntu22_x86_64-7.3.2-20220804-6354275  User: oesteban  Machine: dna075  Platform: Linux  PlatformVersion: 5.14.0-427.37.1.el9_4.x86_64  CompilerName: GCC  CompilerVersion: 8.4.0
ProgramName: mri_compute_overlap  ProgramArguments: mri_compute_overlap -all-info  ProgramVersion: 7.3.2  TimeStamp: 2026/03/15-11:58:52-GMT  BuildTime: Aug  4 2022 06:17:15  BuildStamp: freesurfer-linux-ubuntu22_x86_64-7.3.2-20220804-6354275  User: oesteban  Machine: dna075  Platform: Linux  PlatformVersion: 5.14.0-427.37.1.el9_4.x86_64  CompilerName: GCC  CompilerVersion: 8.4.0
ProgramName: mri_compute_seg_overlap  ProgramArguments: mri_compute_seg_overlap -all-info  ProgramVersion: 7.3.2  TimeStamp: 2026/03/15-11:58:52-GMT  BuildTime: Aug  4 2022 06:17:15  BuildStamp: freesurfer-linux-ubuntu22_x86_64-7.3.2-20220804-6354275  User: oesteban  Machine: dna075  Platform: Linux  PlatformVersion: 5.14.0-427.37.1.el9_4.x86_64  CompilerName: GCC  CompilerVersion: 8.4.0
ProgramName: mri_concat  ProgramArguments: mri_concat -all-info  ProgramVersion: 7.3.2  TimeStamp: 2026/03/15-11:58:52-GMT  BuildTime: Aug  4 2022 06:17:15  BuildStamp: freesurfer-linux-ubuntu22_x86_64-7.3.2-20220804-6354275  User: oesteban  Machine: dna075  Platform: Linux  PlatformVersion: 5.14.0-427.37.1.el9_4.x86_64  CompilerName: GCC  CompilerVersion: 8.4.0
ProgramName: mri_concatenate_lta  ProgramArguments: mri_concatenate_lta -all-info  ProgramVersion: 7.3.2  TimeStamp: 2026/03/15-11:58:52-GMT  BuildTime: Aug  4 2022 06:17:15  BuildStamp: freesurfer-linux-ubuntu22_x86_64-7.3.2-20220804-6354275  User: oesteban  Machine: dna075  Platform: Linux  PlatformVersion: 5.14.0-427.37.1.el9_4.x86_64  CompilerName: GCC  CompilerVersion: 8.4.0
mri_convert -all-info 
ProgramName: mri_convert  ProgramArguments: mri_convert -all-info  ProgramVersion: 7.3.2  TimeStamp: 2026/03/15-11:58:52-GMT  BuildTime: Aug  4 2022 06:17:15  BuildStamp: freesurfer-linux-ubuntu22_x86_64-7.3.2-20220804-6354275  User: oesteban  Machine: dna075  Platform: Linux  PlatformVersion: 5.14.0-427.37.1.el9_4.x86_64  CompilerName: GCC  CompilerVersion: 8.4.0
ProgramName: mri_diff  ProgramArguments: mri_diff -all-info  ProgramVersion: 7.3.2  TimeStamp: 2026/03/15-11:58:52-GMT  BuildTime: Aug  4 2022 06:17:15  BuildStamp: freesurfer-linux-ubuntu22_x86_64-7.3.2-20220804-6354275  User: oesteban  Machine: dna075  Platform: Linux  PlatformVersion: 5.14.0-427.37.1.el9_4.x86_64  CompilerName: GCC  CompilerVersion: 8.4.0
ProgramName: mri_edit_wm_with_aseg  ProgramArguments: mri_edit_wm_with_aseg -all-info  ProgramVersion: 7.3.2  TimeStamp: 2026/03/15-11:58:52-GMT  BuildTime: Aug  4 2022 06:17:15  BuildStamp: freesurfer-linux-ubuntu22_x86_64-7.3.2-20220804-6354275  User: oesteban  Machine: dna075  Platform: Linux  PlatformVersion: 5.14.0-427.37.1.el9_4.x86_64  CompilerName: GCC  CompilerVersion: 8.4.0
ProgramName: mri_em_register  ProgramArguments: mri_em_register -all-info  ProgramVersion: 7.3.2  TimeStamp: 2026/03/15-11:58:52-GMT  BuildTime: Aug  4 2022 06:17:15  BuildStamp: freesurfer-linux-ubuntu22_x86_64-7.3.2-20220804-6354275  User: oesteban  Machine: dna075  Platform: Linux  PlatformVersion: 5.14.0-427.37.1.el9_4.x86_64  CompilerName: GCC  CompilerVersion: 8.4.0
ProgramName: mri_fill  ProgramArguments: mri_fill -all-info  ProgramVersion: 7.3.2  TimeStamp: 2026/03/15-11:58:52-GMT  BuildTime: Aug  4 2022 06:17:15  BuildStamp: freesurfer-linux-ubuntu22_x86_64-7.3.2-20220804-6354275  User: oesteban  Machine: dna075  Platform: Linux  PlatformVersion: 5.14.0-427.37.1.el9_4.x86_64  CompilerName: GCC  CompilerVersion: 8.4.0
ProgramName: mri_fuse_segmentations  ProgramArguments: mri_fuse_segmentations -all-info  ProgramVersion: 7.3.2  TimeStamp: 2026/03/15-11:58:52-GMT  BuildTime: Aug  4 2022 06:17:15  BuildStamp: freesurfer-linux-ubuntu22_x86_64-7.3.2-20220804-6354275  User: oesteban  Machine: dna075  Platform: Linux  PlatformVersion: 5.14.0-427.37.1.el9_4.x86_64  CompilerName: GCC  CompilerVersion: 8.4.0
ProgramName: mri_fwhm  ProgramArguments: mri_fwhm -all-info  ProgramVersion: 7.3.2  TimeStamp: 2026/03/15-11:58:52-GMT  BuildTime: Aug  4 2022 06:17:15  BuildStamp: freesurfer-linux-ubuntu22_x86_64-7.3.2-20220804-6354275  User: oesteban  Machine: dna075  Platform: Linux  PlatformVersion: 5.14.0-427.37.1.el9_4.x86_64  CompilerName: GCC  CompilerVersion: 8.4.0
ProgramName: mri_gcut  ProgramArguments: mri_gcut -all-info  ProgramVersion: 7.3.2  TimeStamp: 2026/03/15-11:58:52-GMT  BuildTime: Aug  4 2022 06:17:15  BuildStamp: freesurfer-linux-ubuntu22_x86_64-7.3.2-20220804-6354275  User: oesteban  Machine: dna075  Platform: Linux  PlatformVersion: 5.14.0-427.37.1.el9_4.x86_64  CompilerName: GCC  CompilerVersion: 8.4.0
ProgramName: mri_info  ProgramArguments: mri_info -all-info  ProgramVersion: 7.3.2  TimeStamp: 2026/03/15-11:58:52-GMT  BuildTime: Aug  4 2022 06:17:15  BuildStamp: freesurfer-linux-ubuntu22_x86_64-7.3.2-20220804-6354275  User: oesteban  Machine: dna075  Platform: Linux  PlatformVersion: 5.14.0-427.37.1.el9_4.x86_64  CompilerName: GCC  CompilerVersion: 8.4.0
ProgramName: mri_label2label  ProgramArguments: mri_label2label -all-info  ProgramVersion: 7.3.2  TimeStamp: 2026/03/15-11:58:52-GMT  BuildTime: Aug  4 2022 06:17:15  BuildStamp: freesurfer-linux-ubuntu22_x86_64-7.3.2-20220804-6354275  User: oesteban  Machine: dna075  Platform: Linux  PlatformVersion: 5.14.0-427.37.1.el9_4.x86_64  CompilerName: GCC  CompilerVersion: 8.4.0
ProgramName: mri_label2vol  ProgramArguments: mri_label2vol -all-info  ProgramVersion: 7.3.2  TimeStamp: 2026/03/15-11:58:52-GMT  BuildTime: Aug  4 2022 06:17:15  BuildStamp: freesurfer-linux-ubuntu22_x86_64-7.3.2-20220804-6354275  User: oesteban  Machine: dna075  Platform: Linux  PlatformVersion: 5.14.0-427.37.1.el9_4.x86_64  CompilerName: GCC  CompilerVersion: 8.4.0
ProgramName: mri_log_likelihood  ProgramArguments: mri_log_likelihood -all-info  ProgramVersion: 7.3.2  TimeStamp: 2026/03/15-11:58:52-GMT  BuildTime: Aug  4 2022 06:17:15  BuildStamp: freesurfer-linux-ubuntu22_x86_64-7.3.2-20220804-6354275  User: oesteban  Machine: dna075  Platform: Linux  PlatformVersion: 5.14.0-427.37.1.el9_4.x86_64  CompilerName: GCC  CompilerVersion: 8.4.0
ProgramName: mri_mask  ProgramArguments: mri_mask -all-info  ProgramVersion: 7.3.2  TimeStamp: 2026/03/15-11:58:52-GMT  BuildTime: Aug  4 2022 06:17:15  BuildStamp: freesurfer-linux-ubuntu22_x86_64-7.3.2-20220804-6354275  User: oesteban  Machine: dna075  Platform: Linux  PlatformVersion: 5.14.0-427.37.1.el9_4.x86_64  CompilerName: GCC  CompilerVersion: 8.4.0
ProgramName: mri_matrix_multiply  ProgramArguments: mri_matrix_multiply -all-info  ProgramVersion: 7.3.2  TimeStamp: 2026/03/15-11:58:52-GMT  BuildTime: Aug  4 2022 06:17:15  BuildStamp: freesurfer-linux-ubuntu22_x86_64-7.3.2-20220804-6354275  User: oesteban  Machine: dna075  Platform: Linux  PlatformVersion: 5.14.0-427.37.1.el9_4.x86_64  CompilerName: GCC  CompilerVersion: 8.4.0
ProgramName: mri_normalize  ProgramArguments: mri_normalize -all-info  ProgramVersion: 7.3.2  TimeStamp: 2026/03/15-11:58:52-GMT  BuildTime: Aug  4 2022 06:17:15  BuildStamp: freesurfer-linux-ubuntu22_x86_64-7.3.2-20220804-6354275  User: oesteban  Machine: dna075  Platform: Linux  PlatformVersion: 5.14.0-427.37.1.el9_4.x86_64  CompilerName: GCC  CompilerVersion: 8.4.0
ProgramName: mri_normalize_tp2  ProgramArguments: mri_normalize_tp2 -all-info  ProgramVersion: 7.3.2  TimeStamp: 2026/03/15-11:58:52-GMT  BuildTime: Aug  4 2022 06:17:15  BuildStamp: freesurfer-linux-ubuntu22_x86_64-7.3.2-20220804-6354275  User: oesteban  Machine: dna075  Platform: Linux  PlatformVersion: 5.14.0-427.37.1.el9_4.x86_64  CompilerName: GCC  CompilerVersion: 8.4.0
ProgramName: mri_or  ProgramArguments: mri_or -all-info  ProgramVersion: 7.3.2  TimeStamp: 2026/03/15-11:58:52-GMT  BuildTime: Aug  4 2022 06:17:15  BuildStamp: freesurfer-linux-ubuntu22_x86_64-7.3.2-20220804-6354275  User: oesteban  Machine: dna075  Platform: Linux  PlatformVersion: 5.14.0-427.37.1.el9_4.x86_64  CompilerName: GCC  CompilerVersion: 8.4.0
ProgramName: mri_relabel_hypointensities  ProgramArguments: mri_relabel_hypointensities -all-info  ProgramVersion: 7.3.2  TimeStamp: 2026/03/15-11:58:53-GMT  BuildTime: Aug  4 2022 06:17:15  BuildStamp: freesurfer-linux-ubuntu22_x86_64-7.3.2-20220804-6354275  User: oesteban  Machine: dna075  Platform: Linux  PlatformVersion: 5.14.0-427.37.1.el9_4.x86_64  CompilerName: GCC  CompilerVersion: 8.4.0
ProgramName: mri_relabel_nonwm_hypos  ProgramArguments: mri_relabel_nonwm_hypos -all-info  ProgramVersion: 7.3.2  TimeStamp: 2026/03/15-11:58:53-GMT  BuildTime: Aug  4 2022 06:17:15  BuildStamp: freesurfer-linux-ubuntu22_x86_64-7.3.2-20220804-6354275  User: oesteban  Machine: dna075  Platform: Linux  PlatformVersion: 5.14.0-427.37.1.el9_4.x86_64  CompilerName: GCC  CompilerVersion: 8.4.0
ProgramName: mri_remove_neck  ProgramArguments: mri_remove_neck -all-info  ProgramVersion: 7.3.2  TimeStamp: 2026/03/15-11:58:53-GMT  BuildTime: Aug  4 2022 06:17:15  BuildStamp: freesurfer-linux-ubuntu22_x86_64-7.3.2-20220804-6354275  User: oesteban  Machine: dna075  Platform: Linux  PlatformVersion: 5.14.0-427.37.1.el9_4.x86_64  CompilerName: GCC  CompilerVersion: 8.4.0
7.3.2

ProgramName: mri_robust_register  ProgramArguments: mri_robust_register -all-info  ProgramVersion: 7.3.2  TimeStamp: 2026/03/15-11:58:53-GMT  BuildTime: Aug  4 2022 06:17:15  BuildStamp: freesurfer-linux-ubuntu22_x86_64-7.3.2-20220804-6354275  User: oesteban  Machine: dna075  Platform: Linux  PlatformVersion: 5.14.0-427.37.1.el9_4.x86_64  CompilerName: GCC  CompilerVersion: 8.4.0
7.3.2

ProgramName: mri_robust_template  ProgramArguments: mri_robust_template -all-info  ProgramVersion: 7.3.2  TimeStamp: 2026/03/15-11:58:53-GMT  BuildTime: Aug  4 2022 06:17:15  BuildStamp: freesurfer-linux-ubuntu22_x86_64-7.3.2-20220804-6354275  User: oesteban  Machine: dna075  Platform: Linux  PlatformVersion: 5.14.0-427.37.1.el9_4.x86_64  CompilerName: GCC  CompilerVersion: 8.4.0
ProgramName: mris_anatomical_stats  ProgramArguments: mris_anatomical_stats -all-info  ProgramVersion: 7.3.2  TimeStamp: 2026/03/15-11:58:53-GMT  BuildTime: Aug  4 2022 06:17:15  BuildStamp: freesurfer-linux-ubuntu22_x86_64-7.3.2-20220804-6354275  User: oesteban  Machine: dna075  Platform: Linux  PlatformVersion: 5.14.0-427.37.1.el9_4.x86_64  CompilerName: GCC  CompilerVersion: 8.4.0
ProgramName: mris_ca_label  ProgramArguments: mris_ca_label -all-info  ProgramVersion: 7.3.2  TimeStamp: 2026/03/15-11:58:53-GMT  BuildTime: Aug  4 2022 06:17:15  BuildStamp: freesurfer-linux-ubuntu22_x86_64-7.3.2-20220804-6354275  User: oesteban  Machine: dna075  Platform: Linux  PlatformVersion: 5.14.0-427.37.1.el9_4.x86_64  CompilerName: GCC  CompilerVersion: 8.4.0
ProgramName: mris_calc  ProgramArguments: mris_calc -all-info  ProgramVersion: 7.3.2  TimeStamp: 2026/03/15-11:58:53-GMT  BuildTime: Aug  4 2022 06:17:15  BuildStamp: freesurfer-linux-ubuntu22_x86_64-7.3.2-20220804-6354275  User: oesteban  Machine: dna075  Platform: Linux  PlatformVersion: 5.14.0-427.37.1.el9_4.x86_64  CompilerName: GCC  CompilerVersion: 8.4.0
ProgramName: mris_convert  ProgramArguments: mris_convert -all-info  ProgramVersion: 7.3.2  TimeStamp: 2026/03/15-11:58:53-GMT  BuildTime: Aug  4 2022 06:17:15  BuildStamp: freesurfer-linux-ubuntu22_x86_64-7.3.2-20220804-6354275  User: oesteban  Machine: dna075  Platform: Linux  PlatformVersion: 5.14.0-427.37.1.el9_4.x86_64  CompilerName: GCC  CompilerVersion: 8.4.0
ProgramName: mris_curvature  ProgramArguments: mris_curvature -all-info  ProgramVersion: 7.3.2  TimeStamp: 2026/03/15-11:58:53-GMT  BuildTime: Aug  4 2022 06:17:15  BuildStamp: freesurfer-linux-ubuntu22_x86_64-7.3.2-20220804-6354275  User: oesteban  Machine: dna075  Platform: Linux  PlatformVersion: 5.14.0-427.37.1.el9_4.x86_64  CompilerName: GCC  CompilerVersion: 8.4.0
ProgramName: mris_curvature_stats  ProgramArguments: mris_curvature_stats -all-info  ProgramVersion: 7.3.2  TimeStamp: 2026/03/15-11:58:53-GMT  BuildTime: Aug  4 2022 06:17:15  BuildStamp: freesurfer-linux-ubuntu22_x86_64-7.3.2-20220804-6354275  User: oesteban  Machine: dna075  Platform: Linux  PlatformVersion: 5.14.0-427.37.1.el9_4.x86_64  CompilerName: GCC  CompilerVersion: 8.4.0
ProgramName: mris_diff  ProgramArguments: mris_diff -all-info  ProgramVersion: 7.3.2  TimeStamp: 2026/03/15-11:58:53-GMT  BuildTime: Aug  4 2022 06:17:15  BuildStamp: freesurfer-linux-ubuntu22_x86_64-7.3.2-20220804-6354275  User: oesteban  Machine: dna075  Platform: Linux  PlatformVersion: 5.14.0-427.37.1.el9_4.x86_64  CompilerName: GCC  CompilerVersion: 8.4.0
ProgramName: mris_divide_parcellation  ProgramArguments: mris_divide_parcellation -all-info  ProgramVersion: 7.3.2  TimeStamp: 2026/03/15-11:58:53-GMT  BuildTime: Aug  4 2022 06:17:15  BuildStamp: freesurfer-linux-ubuntu22_x86_64-7.3.2-20220804-6354275  User: oesteban  Machine: dna075  Platform: Linux  PlatformVersion: 5.14.0-427.37.1.el9_4.x86_64  CompilerName: GCC  CompilerVersion: 8.4.0
ProgramName: mri_segment  ProgramArguments: mri_segment -all-info  ProgramVersion: 7.3.2  TimeStamp: 2026/03/15-11:58:53-GMT  BuildTime: Aug  4 2022 06:17:15  BuildStamp: freesurfer-linux-ubuntu22_x86_64-7.3.2-20220804-6354275  User: oesteban  Machine: dna075  Platform: Linux  PlatformVersion: 5.14.0-427.37.1.el9_4.x86_64  CompilerName: GCC  CompilerVersion: 8.4.0
ProgramName: mri_segstats  ProgramArguments: mri_segstats -all-info  ProgramVersion: 7.3.2  TimeStamp: 2026/03/15-11:58:53-GMT  BuildTime: Aug  4 2022 06:17:15  BuildStamp: freesurfer-linux-ubuntu22_x86_64-7.3.2-20220804-6354275  User: oesteban  Machine: dna075  Platform: Linux  PlatformVersion: 5.14.0-427.37.1.el9_4.x86_64  CompilerName: GCC  CompilerVersion: 8.4.0
ProgramName: mris_euler_number  ProgramArguments: mris_euler_number -all-info  ProgramVersion: 7.3.2  TimeStamp: 2026/03/15-11:58:53-GMT  BuildTime: Aug  4 2022 06:17:15  BuildStamp: freesurfer-linux-ubuntu22_x86_64-7.3.2-20220804-6354275  User: oesteban  Machine: dna075  Platform: Linux  PlatformVersion: 5.14.0-427.37.1.el9_4.x86_64  CompilerName: GCC  CompilerVersion: 8.4.0
ProgramName: mris_fix_topology  ProgramArguments: mris_fix_topology -all-info  ProgramVersion: 7.3.2  TimeStamp: 2026/03/15-11:58:53-GMT  BuildTime: Aug  4 2022 06:17:15  BuildStamp: freesurfer-linux-ubuntu22_x86_64-7.3.2-20220804-6354275  User: oesteban  Machine: dna075  Platform: Linux  PlatformVersion: 5.14.0-427.37.1.el9_4.x86_64  CompilerName: GCC  CompilerVersion: 8.4.0
ProgramName: mris_topo_fixer  ProgramArguments: mris_topo_fixer -all-info  ProgramVersion: 7.3.2  TimeStamp: 2026/03/15-11:58:53-GMT  BuildTime: Aug  4 2022 06:17:15  BuildStamp: freesurfer-linux-ubuntu22_x86_64-7.3.2-20220804-6354275  User: oesteban  Machine: dna075  Platform: Linux  PlatformVersion: 5.14.0-427.37.1.el9_4.x86_64  CompilerName: GCC  CompilerVersion: 8.4.0
ProgramName: mris_jacobian  ProgramArguments: mris_jacobian -all-info  ProgramVersion: 7.3.2  TimeStamp: 2026/03/15-11:58:53-GMT  BuildTime: Aug  4 2022 06:17:15  BuildStamp: freesurfer-linux-ubuntu22_x86_64-7.3.2-20220804-6354275  User: oesteban  Machine: dna075  Platform: Linux  PlatformVersion: 5.14.0-427.37.1.el9_4.x86_64  CompilerName: GCC  CompilerVersion: 8.4.0
ProgramName: mris_label2annot  ProgramArguments: mris_label2annot -all-info  ProgramVersion: 7.3.2  TimeStamp: 2026/03/15-11:58:53-GMT  BuildTime: Aug  4 2022 06:17:15  BuildStamp: freesurfer-linux-ubuntu22_x86_64-7.3.2-20220804-6354275  User: oesteban  Machine: dna075  Platform: Linux  PlatformVersion: 5.14.0-427.37.1.el9_4.x86_64  CompilerName: GCC  CompilerVersion: 8.4.0
ProgramName: mris_left_right_register  ProgramArguments: mris_left_right_register -all-info  ProgramVersion: 7.3.2  TimeStamp: 2026/03/15-11:58:53-GMT  BuildTime: Aug  4 2022 06:17:15  BuildStamp: freesurfer-linux-ubuntu22_x86_64-7.3.2-20220804-6354275  User: oesteban  Machine: dna075  Platform: Linux  PlatformVersion: 5.14.0-427.37.1.el9_4.x86_64  CompilerName: GCC  CompilerVersion: 8.4.0
ProgramName: mris_place_surface  ProgramArguments: mris_place_surface -all-info  ProgramVersion: 7.3.2  TimeStamp: 2026/03/15-11:58:53-GMT  BuildTime: Aug  4 2022 06:17:15  BuildStamp: freesurfer-linux-ubuntu22_x86_64-7.3.2-20220804-6354275  User: oesteban  Machine: dna075  Platform: Linux  PlatformVersion: 5.14.0-427.37.1.el9_4.x86_64  CompilerName: GCC  CompilerVersion: 8.4.0
ProgramName: mrisp_paint  ProgramArguments: mrisp_paint -all-info  ProgramVersion: 7.3.2  TimeStamp: 2026/03/15-11:58:53-GMT  BuildTime: Aug  4 2022 06:17:15  BuildStamp: freesurfer-linux-ubuntu22_x86_64-7.3.2-20220804-6354275  User: oesteban  Machine: dna075  Platform: Linux  PlatformVersion: 5.14.0-427.37.1.el9_4.x86_64  CompilerName: GCC  CompilerVersion: 8.4.0
ProgramName: mris_register  ProgramArguments: mris_register -all-info  ProgramVersion: 7.3.2  TimeStamp: 2026/03/15-11:58:53-GMT  BuildTime: Aug  4 2022 06:17:15  BuildStamp: freesurfer-linux-ubuntu22_x86_64-7.3.2-20220804-6354275  User: oesteban  Machine: dna075  Platform: Linux  PlatformVersion: 5.14.0-427.37.1.el9_4.x86_64  CompilerName: GCC  CompilerVersion: 8.4.0
ProgramName: mris_smooth  ProgramArguments: mris_smooth -all-info  ProgramVersion: 7.3.2  TimeStamp: 2026/03/15-11:58:53-GMT  BuildTime: Aug  4 2022 06:17:15  BuildStamp: freesurfer-linux-ubuntu22_x86_64-7.3.2-20220804-6354275  User: oesteban  Machine: dna075  Platform: Linux  PlatformVersion: 5.14.0-427.37.1.el9_4.x86_64  CompilerName: GCC  CompilerVersion: 8.4.0
ProgramName: mris_sphere  ProgramArguments: mris_sphere -all-info  ProgramVersion: 7.3.2  TimeStamp: 2026/03/15-11:58:53-GMT  BuildTime: Aug  4 2022 06:17:15  BuildStamp: freesurfer-linux-ubuntu22_x86_64-7.3.2-20220804-6354275  User: oesteban  Machine: dna075  Platform: Linux  PlatformVersion: 5.14.0-427.37.1.el9_4.x86_64  CompilerName: GCC  CompilerVersion: 8.4.0
ProgramName: mris_surface_stats  ProgramArguments: mris_surface_stats -all-info  ProgramVersion: 7.3.2  TimeStamp: 2026/03/15-11:58:53-GMT  BuildTime: Aug  4 2022 06:17:15  BuildStamp: freesurfer-linux-ubuntu22_x86_64-7.3.2-20220804-6354275  User: oesteban  Machine: dna075  Platform: Linux  PlatformVersion: 5.14.0-427.37.1.el9_4.x86_64  CompilerName: GCC  CompilerVersion: 8.4.0
ProgramName: mri_stats2seg  ProgramArguments: mri_stats2seg -all-info  ProgramVersion: 7.3.2  TimeStamp: 2026/03/15-11:58:53-GMT  BuildTime: Aug  4 2022 06:17:15  BuildStamp: freesurfer-linux-ubuntu22_x86_64-7.3.2-20220804-6354275  User: oesteban  Machine: dna075  Platform: Linux  PlatformVersion: 5.14.0-427.37.1.el9_4.x86_64  CompilerName: GCC  CompilerVersion: 8.4.0
ProgramName: mris_thickness  ProgramArguments: mris_thickness -all-info  ProgramVersion: 7.3.2  TimeStamp: 2026/03/15-11:58:53-GMT  BuildTime: Aug  4 2022 06:17:15  BuildStamp: freesurfer-linux-ubuntu22_x86_64-7.3.2-20220804-6354275  User: oesteban  Machine: dna075  Platform: Linux  PlatformVersion: 5.14.0-427.37.1.el9_4.x86_64  CompilerName: GCC  CompilerVersion: 8.4.0
ProgramName: mris_thickness_diff  ProgramArguments: mris_thickness_diff -all-info  ProgramVersion: 7.3.2  TimeStamp: 2026/03/15-11:58:53-GMT  BuildTime: Aug  4 2022 06:17:15  BuildStamp: freesurfer-linux-ubuntu22_x86_64-7.3.2-20220804-6354275  User: oesteban  Machine: dna075  Platform: Linux  PlatformVersion: 5.14.0-427.37.1.el9_4.x86_64  CompilerName: GCC  CompilerVersion: 8.4.0
ProgramName: mris_topo_fixer  ProgramArguments: mris_topo_fixer -all-info  ProgramVersion: 7.3.2  TimeStamp: 2026/03/15-11:58:53-GMT  BuildTime: Aug  4 2022 06:17:15  BuildStamp: freesurfer-linux-ubuntu22_x86_64-7.3.2-20220804-6354275  User: oesteban  Machine: dna075  Platform: Linux  PlatformVersion: 5.14.0-427.37.1.el9_4.x86_64  CompilerName: GCC  CompilerVersion: 8.4.0
ProgramName: mri_surf2surf  ProgramArguments: mri_surf2surf -all-info  ProgramVersion: 7.3.2  TimeStamp: 2026/03/15-11:58:53-GMT  BuildTime: Aug  4 2022 06:17:15  BuildStamp: freesurfer-linux-ubuntu22_x86_64-7.3.2-20220804-6354275  User: oesteban  Machine: dna075  Platform: Linux  PlatformVersion: 5.14.0-427.37.1.el9_4.x86_64  CompilerName: GCC  CompilerVersion: 8.4.0
ProgramName: mri_surf2vol  ProgramArguments: mri_surf2vol -all-info  ProgramVersion: 7.3.2  TimeStamp: 2026/03/15-11:58:53-GMT  BuildTime: Aug  4 2022 06:17:15  BuildStamp: freesurfer-linux-ubuntu22_x86_64-7.3.2-20220804-6354275  User: oesteban  Machine: dna075  Platform: Linux  PlatformVersion: 5.14.0-427.37.1.el9_4.x86_64  CompilerName: GCC  CompilerVersion: 8.4.0
ProgramName: mri_surfcluster  ProgramArguments: mri_surfcluster -all-info  ProgramVersion: 7.3.2  TimeStamp: 2026/03/15-11:58:53-GMT  BuildTime: Aug  4 2022 06:17:15  BuildStamp: freesurfer-linux-ubuntu22_x86_64-7.3.2-20220804-6354275  User: oesteban  Machine: dna075  Platform: Linux  PlatformVersion: 5.14.0-427.37.1.el9_4.x86_64  CompilerName: GCC  CompilerVersion: 8.4.0
ProgramName: mris_volmask  ProgramArguments: mris_volmask -all-info  ProgramVersion: 7.3.2  TimeStamp: 2026/03/15-11:58:53-GMT  BuildTime: Aug  4 2022 06:17:15  BuildStamp: freesurfer-linux-ubuntu22_x86_64-7.3.2-20220804-6354275  User: oesteban  Machine: dna075  Platform: Linux  PlatformVersion: 5.14.0-427.37.1.el9_4.x86_64  CompilerName: GCC  CompilerVersion: 8.4.0
ProgramName: mri_tessellate  ProgramArguments: mri_tessellate -all-info  ProgramVersion: 7.3.2  TimeStamp: 2026/03/15-11:58:53-GMT  BuildTime: Aug  4 2022 06:17:15  BuildStamp: freesurfer-linux-ubuntu22_x86_64-7.3.2-20220804-6354275  User: oesteban  Machine: dna075  Platform: Linux  PlatformVersion: 5.14.0-427.37.1.el9_4.x86_64  CompilerName: GCC  CompilerVersion: 8.4.0
ProgramName: mri_vol2surf  ProgramArguments: mri_vol2surf -all-info  ProgramVersion: 7.3.2  TimeStamp: 2026/03/15-11:58:53-GMT  BuildTime: Aug  4 2022 06:17:15  BuildStamp: freesurfer-linux-ubuntu22_x86_64-7.3.2-20220804-6354275  User: oesteban  Machine: dna075  Platform: Linux  PlatformVersion: 5.14.0-427.37.1.el9_4.x86_64  CompilerName: GCC  CompilerVersion: 8.4.0
ProgramName: mri_vol2vol  ProgramArguments: mri_vol2vol -all-info  ProgramVersion: 7.3.2  TimeStamp: 2026/03/15-11:58:53-GMT  BuildTime: Aug  4 2022 06:17:15  BuildStamp: freesurfer-linux-ubuntu22_x86_64-7.3.2-20220804-6354275  User: oesteban  Machine: dna075  Platform: Linux  PlatformVersion: 5.14.0-427.37.1.el9_4.x86_64  CompilerName: GCC  CompilerVersion: 8.4.0
ProgramName: mri_voldiff  ProgramArguments: mri_voldiff -all-info  ProgramVersion: 7.3.2  TimeStamp: 2026/03/15-11:58:53-GMT  BuildTime: Aug  4 2022 06:17:15  BuildStamp: freesurfer-linux-ubuntu22_x86_64-7.3.2-20220804-6354275  User: oesteban  Machine: dna075  Platform: Linux  PlatformVersion: 5.14.0-427.37.1.el9_4.x86_64  CompilerName: GCC  CompilerVersion: 8.4.0
ProgramName: mri_watershed  ProgramArguments: mri_watershed -all-info  ProgramVersion: 7.3.2  TimeStamp: 2026/03/15-11:58:53-GMT  BuildTime: Aug  4 2022 06:17:15  BuildStamp: freesurfer-linux-ubuntu22_x86_64-7.3.2-20220804-6354275  User: oesteban  Machine: dna075  Platform: Linux  PlatformVersion: 5.14.0-427.37.1.el9_4.x86_64  CompilerName: GCC  CompilerVersion: 8.4.0
ProgramName: tkregister2  ProgramArguments: tkregister2_cmdl -all-info  ProgramVersion: 7.3.2  TimeStamp: 2026/03/15-11:58:53-GMT  BuildTime: Aug  4 2022 06:17:15  BuildStamp: freesurfer-linux-ubuntu22_x86_64-7.3.2-20220804-6354275  User: oesteban  Machine: dna075  Platform: Linux  PlatformVersion: 5.14.0-427.37.1.el9_4.x86_64  CompilerName: GCC  CompilerVersion: 8.4.0
mri_motion_correct.fsl 7.3.2
mri_convert -all-info 
ProgramName: mri_convert  ProgramArguments: mri_convert -all-info  ProgramVersion: 7.3.2  TimeStamp: 2026/03/15-11:58:53-GMT  BuildTime: Aug  4 2022 06:17:15  BuildStamp: freesurfer-linux-ubuntu22_x86_64-7.3.2-20220804-6354275  User: oesteban  Machine: dna075  Platform: Linux  PlatformVersion: 5.14.0-427.37.1.el9_4.x86_64  CompilerName: GCC  CompilerVersion: 8.4.0
Program nu_correct, built from:
Package MNI N3, version 1.12.0, compiled by nicks@terrier (x86_64-unknown-linux-gnu) on 2015-06-19 at 01:25:34
#######################################
GCADIR /opt/freesurfer/average
GCA RB_all_2020-01-02.gca
GCASkull RB_all_withskull_2020_01_02.gca
AvgCurvTif folding.atlas.acfb40.noaparc.i12.2016-08-02.tif
GCSDIR /opt/freesurfer/average
GCS DKaparc.atlas.acfb40.noaparc.i12.2016-08-02.gcs
#######################################
#@# white curv lh Sun Mar 15 12:58:53 CET 2026
cd /out/sourcedata/freesurfer/sub-v2s10x29005_ses-1/mri
mris_place_surface --curv-map ../surf/lh.white 2 10 ../surf/lh.curv
   Update not needed
#@# white area lh Sun Mar 15 12:58:53 CET 2026
cd /out/sourcedata/freesurfer/sub-v2s10x29005_ses-1/mri
mris_place_surface --area-map ../surf/lh.white ../surf/lh.area
   Update not needed
#@# pial curv lh Sun Mar 15 12:58:53 CET 2026
cd /out/sourcedata/freesurfer/sub-v2s10x29005_ses-1/mri
mris_place_surface --curv-map ../surf/lh.pial 2 10 ../surf/lh.curv.pial
   Update not needed
#@# pial area lh Sun Mar 15 12:58:53 CET 2026
cd /out/sourcedata/freesurfer/sub-v2s10x29005_ses-1/mri
mris_place_surface --area-map ../surf/lh.pial ../surf/lh.area.pial
   Update not needed
#@# thickness lh Sun Mar 15 12:58:53 CET 2026
cd /out/sourcedata/freesurfer/sub-v2s10x29005_ses-1/mri
mris_place_surface --thickness ../surf/lh.white ../surf/lh.pial 20 5 ../surf/lh.thickness
   Update not needed
#@# area and vertex vol lh Sun Mar 15 12:58:53 CET 2026
cd /out/sourcedata/freesurfer/sub-v2s10x29005_ses-1/mri
mris_place_surface --thickness ../surf/lh.white ../surf/lh.pial 20 5 ../surf/lh.thickness
   Update not needed
#@# white curv rh Sun Mar 15 12:58:53 CET 2026
cd /out/sourcedata/freesurfer/sub-v2s10x29005_ses-1/mri
mris_place_surface --curv-map ../surf/rh.white 2 10 ../surf/rh.curv
   Update not needed
#@# white area rh Sun Mar 15 12:58:53 CET 2026
cd /out/sourcedata/freesurfer/sub-v2s10x29005_ses-1/mri
mris_place_surface --area-map ../surf/rh.white ../surf/rh.area
   Update not needed
#@# pial curv rh Sun Mar 15 12:58:53 CET 2026
cd /out/sourcedata/freesurfer/sub-v2s10x29005_ses-1/mri
mris_place_surface --curv-map ../surf/rh.pial 2 10 ../surf/rh.curv.pial
   Update not needed
#@# pial area rh Sun Mar 15 12:58:53 CET 2026
cd /out/sourcedata/freesurfer/sub-v2s10x29005_ses-1/mri
mris_place_surface --area-map ../surf/rh.pial ../surf/rh.area.pial
   Update not needed
#@# thickness rh Sun Mar 15 12:58:53 CET 2026
cd /out/sourcedata/freesurfer/sub-v2s10x29005_ses-1/mri
mris_place_surface --thickness ../surf/rh.white ../surf/rh.pial 20 5 ../surf/rh.thickness
   Update not needed
#@# area and vertex vol rh Sun Mar 15 12:58:53 CET 2026
cd /out/sourcedata/freesurfer/sub-v2s10x29005_ses-1/mri
mris_place_surface --thickness ../surf/rh.white ../surf/rh.pial 20 5 ../surf/rh.thickness
   Update not needed
#--------------------------------------------
#@# Cortical ribbon mask Sun Mar 15 12:58:53 CET 2026
/out/sourcedata/freesurfer/sub-v2s10x29005_ses-1/mri

 mris_volmask --aseg_name aseg.presurf --label_left_white 2 --label_left_ribbon 3 --label_right_white 41 --label_right_ribbon 42 --save_ribbon sub-v2s10x29005_ses-1 

SUBJECTS_DIR is /out/sourcedata/freesurfer
loading input data...
Running hemis serially
Processing left hemi
computing distance to left white surface 
computing distance to left pial surface 
Processing right hemi
computing distance to right white surface 
computing distance to right pial surface 
 hemi masks overlap voxels = 393
writing volume /out/sourcedata/freesurfer/sub-v2s10x29005_ses-1/mri/ribbon.mgz
mris_volmask took 3.10 minutes
 writing ribbon files

Started at Sun Mar 15 12:58:52 CET 2026 
Ended   at Sun Mar 15 13:01:59 CET 2026
#@#%# recon-all-run-time-hours 0.052
recon-all -s sub-v2s10x29005_ses-1 finished without error at Sun Mar 15 13:01:59 CET 2026



#New# invocation of recon-all 




Sun Mar 15 13:06:51 CET 2026
cd /out/sourcedata/freesurfer/sub-v2s10x29005_ses-1
setenv SUBJECTS_DIR /out/sourcedata/freesurfer
/opt/freesurfer/bin/recon-all -autorecon3 -openmp 16 -subjid sub-v2s10x29005_ses-1 -sd /out/sourcedata/freesurfer -nosphere -nosurfreg -nojacobian_white -noavgcurv -nocortparc -nopial -noparcstats -nocortparc2 -noparcstats2 -nocortparc3 -noparcstats3 -nopctsurfcon -nocortribbon -nobalabels

subjid sub-v2s10x29005_ses-1
setenv SUBJECTS_DIR /out/sourcedata/freesurfer
FREESURFER_HOME /opt/freesurfer
Actual FREESURFER_HOME /opt/freesurfer
build-stamp.txt: freesurfer-linux-ubuntu22_x86_64-7.3.2-20220804-6354275
Linux dna075 5.14.0-427.37.1.el9_4.x86_64 #1 SMP PREEMPT_DYNAMIC Fri Sep 13 12:41:50 EDT 2024 x86_64 x86_64 x86_64 GNU/Linux
cputime      unlimited
filesize     unlimited
datasize     unlimited
stacksize    8192 kbytes
coredumpsize 0 kbytes
memoryuse    67108864 kbytes
vmemoryuse   unlimited
descriptors  1024 
memorylocked unlimited
maxproc      2061970 
maxlocks     unlimited
maxsignal    2062029 
maxmessage   819200 
maxnice      0 
maxrtprio    0 
maxrttime    unlimited

               total        used        free      shared  buff/cache   available
Mem:           503Gi        50Gi       408Gi        10Gi        44Gi       439Gi
Swap:             0B          0B          0B

########################################
program versions used
7.3.2 (freesurfer-linux-ubuntu22_x86_64-7.3.2-20220804-6354275)
7.3.2

ProgramName: lta_convert  ProgramArguments: lta_convert -all-info  ProgramVersion: 7.3.2  TimeStamp: 2026/03/15-12:06:51-GMT  BuildTime: Aug  4 2022 06:17:15  BuildStamp: freesurfer-linux-ubuntu22_x86_64-7.3.2-20220804-6354275  User: oesteban  Machine: dna075  Platform: Linux  PlatformVersion: 5.14.0-427.37.1.el9_4.x86_64  CompilerName: GCC  CompilerVersion: 8.4.0
ProgramName: mri_and  ProgramArguments: mri_and -all-info  ProgramVersion: 7.3.2  TimeStamp: 2026/03/15-12:06:51-GMT  BuildTime: Aug  4 2022 06:17:15  BuildStamp: freesurfer-linux-ubuntu22_x86_64-7.3.2-20220804-6354275  User: oesteban  Machine: dna075  Platform: Linux  PlatformVersion: 5.14.0-427.37.1.el9_4.x86_64  CompilerName: GCC  CompilerVersion: 8.4.0
ProgramName: mri_annotation2label  ProgramArguments: mri_annotation2label -all-info  ProgramVersion: 7.3.2  TimeStamp: 2026/03/15-12:06:51-GMT  BuildTime: Aug  4 2022 06:17:15  BuildStamp: freesurfer-linux-ubuntu22_x86_64-7.3.2-20220804-6354275  User: oesteban  Machine: dna075  Platform: Linux  PlatformVersion: 5.14.0-427.37.1.el9_4.x86_64  CompilerName: GCC  CompilerVersion: 8.4.0
ProgramName: mri_aparc2aseg  ProgramArguments: mri_aparc2aseg -all-info  ProgramVersion: 7.3.2  TimeStamp: 2026/03/15-12:06:51-GMT  BuildTime: Aug  4 2022 06:17:15  BuildStamp: freesurfer-linux-ubuntu22_x86_64-7.3.2-20220804-6354275  User: oesteban  Machine: dna075  Platform: Linux  PlatformVersion: 5.14.0-427.37.1.el9_4.x86_64  CompilerName: GCC  CompilerVersion: 8.4.0
ProgramName: mri_surf2volseg  ProgramArguments: mri_surf2volseg -all-info  ProgramVersion: 7.3.2  TimeStamp: 2026/03/15-12:06:51-GMT  BuildTime: Aug  4 2022 06:17:15  BuildStamp: freesurfer-linux-ubuntu22_x86_64-7.3.2-20220804-6354275  User: oesteban  Machine: dna075  Platform: Linux  PlatformVersion: 5.14.0-427.37.1.el9_4.x86_64  CompilerName: GCC  CompilerVersion: 8.4.0
ProgramName: mri_binarize  ProgramArguments: mri_binarize -all-info  ProgramVersion: 7.3.2  TimeStamp: 2026/03/15-12:06:51-GMT  BuildTime: Aug  4 2022 06:17:15  BuildStamp: freesurfer-linux-ubuntu22_x86_64-7.3.2-20220804-6354275  User: oesteban  Machine: dna075  Platform: Linux  PlatformVersion: 5.14.0-427.37.1.el9_4.x86_64  CompilerName: GCC  CompilerVersion: 8.4.0
ProgramName: mri_ca_label  ProgramArguments: mri_ca_label -all-info  ProgramVersion: 7.3.2  TimeStamp: 2026/03/15-12:06:51-GMT  BuildTime: Aug  4 2022 06:17:15  BuildStamp: freesurfer-linux-ubuntu22_x86_64-7.3.2-20220804-6354275  User: oesteban  Machine: dna075  Platform: Linux  PlatformVersion: 5.14.0-427.37.1.el9_4.x86_64  CompilerName: GCC  CompilerVersion: 8.4.0
ProgramName: mri_ca_normalize  ProgramArguments: mri_ca_normalize -all-info  ProgramVersion: 7.3.2  TimeStamp: 2026/03/15-12:06:51-GMT  BuildTime: Aug  4 2022 06:17:15  BuildStamp: freesurfer-linux-ubuntu22_x86_64-7.3.2-20220804-6354275  User: oesteban  Machine: dna075  Platform: Linux  PlatformVersion: 5.14.0-427.37.1.el9_4.x86_64  CompilerName: GCC  CompilerVersion: 8.4.0
ProgramName: mri_ca_register  ProgramArguments: mri_ca_register -all-info  ProgramVersion: 7.3.2  TimeStamp: 2026/03/15-12:06:51-GMT  BuildTime: Aug  4 2022 06:17:15  BuildStamp: freesurfer-linux-ubuntu22_x86_64-7.3.2-20220804-6354275  User: oesteban  Machine: dna075  Platform: Linux  PlatformVersion: 5.14.0-427.37.1.el9_4.x86_64  CompilerName: GCC  CompilerVersion: 8.4.0
ProgramName: mri_cc  ProgramArguments: mri_cc -all-info  ProgramVersion: 7.3.2  TimeStamp: 2026/03/15-12:06:51-GMT  BuildTime: Aug  4 2022 06:17:15  BuildStamp: freesurfer-linux-ubuntu22_x86_64-7.3.2-20220804-6354275  User: oesteban  Machine: dna075  Platform: Linux  PlatformVersion: 5.14.0-427.37.1.el9_4.x86_64  CompilerName: GCC  CompilerVersion: 8.4.0
ProgramName: mri_compute_overlap  ProgramArguments: mri_compute_overlap -all-info  ProgramVersion: 7.3.2  TimeStamp: 2026/03/15-12:06:51-GMT  BuildTime: Aug  4 2022 06:17:15  BuildStamp: freesurfer-linux-ubuntu22_x86_64-7.3.2-20220804-6354275  User: oesteban  Machine: dna075  Platform: Linux  PlatformVersion: 5.14.0-427.37.1.el9_4.x86_64  CompilerName: GCC  CompilerVersion: 8.4.0
ProgramName: mri_compute_seg_overlap  ProgramArguments: mri_compute_seg_overlap -all-info  ProgramVersion: 7.3.2  TimeStamp: 2026/03/15-12:06:51-GMT  BuildTime: Aug  4 2022 06:17:15  BuildStamp: freesurfer-linux-ubuntu22_x86_64-7.3.2-20220804-6354275  User: oesteban  Machine: dna075  Platform: Linux  PlatformVersion: 5.14.0-427.37.1.el9_4.x86_64  CompilerName: GCC  CompilerVersion: 8.4.0
ProgramName: mri_concat  ProgramArguments: mri_concat -all-info  ProgramVersion: 7.3.2  TimeStamp: 2026/03/15-12:06:51-GMT  BuildTime: Aug  4 2022 06:17:15  BuildStamp: freesurfer-linux-ubuntu22_x86_64-7.3.2-20220804-6354275  User: oesteban  Machine: dna075  Platform: Linux  PlatformVersion: 5.14.0-427.37.1.el9_4.x86_64  CompilerName: GCC  CompilerVersion: 8.4.0
ProgramName: mri_concatenate_lta  ProgramArguments: mri_concatenate_lta -all-info  ProgramVersion: 7.3.2  TimeStamp: 2026/03/15-12:06:51-GMT  BuildTime: Aug  4 2022 06:17:15  BuildStamp: freesurfer-linux-ubuntu22_x86_64-7.3.2-20220804-6354275  User: oesteban  Machine: dna075  Platform: Linux  PlatformVersion: 5.14.0-427.37.1.el9_4.x86_64  CompilerName: GCC  CompilerVersion: 8.4.0
mri_convert -all-info 
ProgramName: mri_convert  ProgramArguments: mri_convert -all-info  ProgramVersion: 7.3.2  TimeStamp: 2026/03/15-12:06:51-GMT  BuildTime: Aug  4 2022 06:17:15  BuildStamp: freesurfer-linux-ubuntu22_x86_64-7.3.2-20220804-6354275  User: oesteban  Machine: dna075  Platform: Linux  PlatformVersion: 5.14.0-427.37.1.el9_4.x86_64  CompilerName: GCC  CompilerVersion: 8.4.0
ProgramName: mri_diff  ProgramArguments: mri_diff -all-info  ProgramVersion: 7.3.2  TimeStamp: 2026/03/15-12:06:51-GMT  BuildTime: Aug  4 2022 06:17:15  BuildStamp: freesurfer-linux-ubuntu22_x86_64-7.3.2-20220804-6354275  User: oesteban  Machine: dna075  Platform: Linux  PlatformVersion: 5.14.0-427.37.1.el9_4.x86_64  CompilerName: GCC  CompilerVersion: 8.4.0
ProgramName: mri_edit_wm_with_aseg  ProgramArguments: mri_edit_wm_with_aseg -all-info  ProgramVersion: 7.3.2  TimeStamp: 2026/03/15-12:06:51-GMT  BuildTime: Aug  4 2022 06:17:15  BuildStamp: freesurfer-linux-ubuntu22_x86_64-7.3.2-20220804-6354275  User: oesteban  Machine: dna075  Platform: Linux  PlatformVersion: 5.14.0-427.37.1.el9_4.x86_64  CompilerName: GCC  CompilerVersion: 8.4.0
ProgramName: mri_em_register  ProgramArguments: mri_em_register -all-info  ProgramVersion: 7.3.2  TimeStamp: 2026/03/15-12:06:51-GMT  BuildTime: Aug  4 2022 06:17:15  BuildStamp: freesurfer-linux-ubuntu22_x86_64-7.3.2-20220804-6354275  User: oesteban  Machine: dna075  Platform: Linux  PlatformVersion: 5.14.0-427.37.1.el9_4.x86_64  CompilerName: GCC  CompilerVersion: 8.4.0
ProgramName: mri_fill  ProgramArguments: mri_fill -all-info  ProgramVersion: 7.3.2  TimeStamp: 2026/03/15-12:06:51-GMT  BuildTime: Aug  4 2022 06:17:15  BuildStamp: freesurfer-linux-ubuntu22_x86_64-7.3.2-20220804-6354275  User: oesteban  Machine: dna075  Platform: Linux  PlatformVersion: 5.14.0-427.37.1.el9_4.x86_64  CompilerName: GCC  CompilerVersion: 8.4.0
ProgramName: mri_fuse_segmentations  ProgramArguments: mri_fuse_segmentations -all-info  ProgramVersion: 7.3.2  TimeStamp: 2026/03/15-12:06:51-GMT  BuildTime: Aug  4 2022 06:17:15  BuildStamp: freesurfer-linux-ubuntu22_x86_64-7.3.2-20220804-6354275  User: oesteban  Machine: dna075  Platform: Linux  PlatformVersion: 5.14.0-427.37.1.el9_4.x86_64  CompilerName: GCC  CompilerVersion: 8.4.0
ProgramName: mri_fwhm  ProgramArguments: mri_fwhm -all-info  ProgramVersion: 7.3.2  TimeStamp: 2026/03/15-12:06:51-GMT  BuildTime: Aug  4 2022 06:17:15  BuildStamp: freesurfer-linux-ubuntu22_x86_64-7.3.2-20220804-6354275  User: oesteban  Machine: dna075  Platform: Linux  PlatformVersion: 5.14.0-427.37.1.el9_4.x86_64  CompilerName: GCC  CompilerVersion: 8.4.0
ProgramName: mri_gcut  ProgramArguments: mri_gcut -all-info  ProgramVersion: 7.3.2  TimeStamp: 2026/03/15-12:06:51-GMT  BuildTime: Aug  4 2022 06:17:15  BuildStamp: freesurfer-linux-ubuntu22_x86_64-7.3.2-20220804-6354275  User: oesteban  Machine: dna075  Platform: Linux  PlatformVersion: 5.14.0-427.37.1.el9_4.x86_64  CompilerName: GCC  CompilerVersion: 8.4.0
ProgramName: mri_info  ProgramArguments: mri_info -all-info  ProgramVersion: 7.3.2  TimeStamp: 2026/03/15-12:06:51-GMT  BuildTime: Aug  4 2022 06:17:15  BuildStamp: freesurfer-linux-ubuntu22_x86_64-7.3.2-20220804-6354275  User: oesteban  Machine: dna075  Platform: Linux  PlatformVersion: 5.14.0-427.37.1.el9_4.x86_64  CompilerName: GCC  CompilerVersion: 8.4.0
ProgramName: mri_label2label  ProgramArguments: mri_label2label -all-info  ProgramVersion: 7.3.2  TimeStamp: 2026/03/15-12:06:51-GMT  BuildTime: Aug  4 2022 06:17:15  BuildStamp: freesurfer-linux-ubuntu22_x86_64-7.3.2-20220804-6354275  User: oesteban  Machine: dna075  Platform: Linux  PlatformVersion: 5.14.0-427.37.1.el9_4.x86_64  CompilerName: GCC  CompilerVersion: 8.4.0
ProgramName: mri_label2vol  ProgramArguments: mri_label2vol -all-info  ProgramVersion: 7.3.2  TimeStamp: 2026/03/15-12:06:51-GMT  BuildTime: Aug  4 2022 06:17:15  BuildStamp: freesurfer-linux-ubuntu22_x86_64-7.3.2-20220804-6354275  User: oesteban  Machine: dna075  Platform: Linux  PlatformVersion: 5.14.0-427.37.1.el9_4.x86_64  CompilerName: GCC  CompilerVersion: 8.4.0
ProgramName: mri_log_likelihood  ProgramArguments: mri_log_likelihood -all-info  ProgramVersion: 7.3.2  TimeStamp: 2026/03/15-12:06:51-GMT  BuildTime: Aug  4 2022 06:17:15  BuildStamp: freesurfer-linux-ubuntu22_x86_64-7.3.2-20220804-6354275  User: oesteban  Machine: dna075  Platform: Linux  PlatformVersion: 5.14.0-427.37.1.el9_4.x86_64  CompilerName: GCC  CompilerVersion: 8.4.0
ProgramName: mri_mask  ProgramArguments: mri_mask -all-info  ProgramVersion: 7.3.2  TimeStamp: 2026/03/15-12:06:51-GMT  BuildTime: Aug  4 2022 06:17:15  BuildStamp: freesurfer-linux-ubuntu22_x86_64-7.3.2-20220804-6354275  User: oesteban  Machine: dna075  Platform: Linux  PlatformVersion: 5.14.0-427.37.1.el9_4.x86_64  CompilerName: GCC  CompilerVersion: 8.4.0
ProgramName: mri_matrix_multiply  ProgramArguments: mri_matrix_multiply -all-info  ProgramVersion: 7.3.2  TimeStamp: 2026/03/15-12:06:51-GMT  BuildTime: Aug  4 2022 06:17:15  BuildStamp: freesurfer-linux-ubuntu22_x86_64-7.3.2-20220804-6354275  User: oesteban  Machine: dna075  Platform: Linux  PlatformVersion: 5.14.0-427.37.1.el9_4.x86_64  CompilerName: GCC  CompilerVersion: 8.4.0
ProgramName: mri_normalize  ProgramArguments: mri_normalize -all-info  ProgramVersion: 7.3.2  TimeStamp: 2026/03/15-12:06:51-GMT  BuildTime: Aug  4 2022 06:17:15  BuildStamp: freesurfer-linux-ubuntu22_x86_64-7.3.2-20220804-6354275  User: oesteban  Machine: dna075  Platform: Linux  PlatformVersion: 5.14.0-427.37.1.el9_4.x86_64  CompilerName: GCC  CompilerVersion: 8.4.0
ProgramName: mri_normalize_tp2  ProgramArguments: mri_normalize_tp2 -all-info  ProgramVersion: 7.3.2  TimeStamp: 2026/03/15-12:06:51-GMT  BuildTime: Aug  4 2022 06:17:15  BuildStamp: freesurfer-linux-ubuntu22_x86_64-7.3.2-20220804-6354275  User: oesteban  Machine: dna075  Platform: Linux  PlatformVersion: 5.14.0-427.37.1.el9_4.x86_64  CompilerName: GCC  CompilerVersion: 8.4.0
ProgramName: mri_or  ProgramArguments: mri_or -all-info  ProgramVersion: 7.3.2  TimeStamp: 2026/03/15-12:06:51-GMT  BuildTime: Aug  4 2022 06:17:15  BuildStamp: freesurfer-linux-ubuntu22_x86_64-7.3.2-20220804-6354275  User: oesteban  Machine: dna075  Platform: Linux  PlatformVersion: 5.14.0-427.37.1.el9_4.x86_64  CompilerName: GCC  CompilerVersion: 8.4.0
ProgramName: mri_relabel_hypointensities  ProgramArguments: mri_relabel_hypointensities -all-info  ProgramVersion: 7.3.2  TimeStamp: 2026/03/15-12:06:51-GMT  BuildTime: Aug  4 2022 06:17:15  BuildStamp: freesurfer-linux-ubuntu22_x86_64-7.3.2-20220804-6354275  User: oesteban  Machine: dna075  Platform: Linux  PlatformVersion: 5.14.0-427.37.1.el9_4.x86_64  CompilerName: GCC  CompilerVersion: 8.4.0
ProgramName: mri_relabel_nonwm_hypos  ProgramArguments: mri_relabel_nonwm_hypos -all-info  ProgramVersion: 7.3.2  TimeStamp: 2026/03/15-12:06:51-GMT  BuildTime: Aug  4 2022 06:17:15  BuildStamp: freesurfer-linux-ubuntu22_x86_64-7.3.2-20220804-6354275  User: oesteban  Machine: dna075  Platform: Linux  PlatformVersion: 5.14.0-427.37.1.el9_4.x86_64  CompilerName: GCC  CompilerVersion: 8.4.0
ProgramName: mri_remove_neck  ProgramArguments: mri_remove_neck -all-info  ProgramVersion: 7.3.2  TimeStamp: 2026/03/15-12:06:51-GMT  BuildTime: Aug  4 2022 06:17:15  BuildStamp: freesurfer-linux-ubuntu22_x86_64-7.3.2-20220804-6354275  User: oesteban  Machine: dna075  Platform: Linux  PlatformVersion: 5.14.0-427.37.1.el9_4.x86_64  CompilerName: GCC  CompilerVersion: 8.4.0
7.3.2

ProgramName: mri_robust_register  ProgramArguments: mri_robust_register -all-info  ProgramVersion: 7.3.2  TimeStamp: 2026/03/15-12:06:51-GMT  BuildTime: Aug  4 2022 06:17:15  BuildStamp: freesurfer-linux-ubuntu22_x86_64-7.3.2-20220804-6354275  User: oesteban  Machine: dna075  Platform: Linux  PlatformVersion: 5.14.0-427.37.1.el9_4.x86_64  CompilerName: GCC  CompilerVersion: 8.4.0
7.3.2

ProgramName: mri_robust_template  ProgramArguments: mri_robust_template -all-info  ProgramVersion: 7.3.2  TimeStamp: 2026/03/15-12:06:51-GMT  BuildTime: Aug  4 2022 06:17:15  BuildStamp: freesurfer-linux-ubuntu22_x86_64-7.3.2-20220804-6354275  User: oesteban  Machine: dna075  Platform: Linux  PlatformVersion: 5.14.0-427.37.1.el9_4.x86_64  CompilerName: GCC  CompilerVersion: 8.4.0
ProgramName: mris_anatomical_stats  ProgramArguments: mris_anatomical_stats -all-info  ProgramVersion: 7.3.2  TimeStamp: 2026/03/15-12:06:51-GMT  BuildTime: Aug  4 2022 06:17:15  BuildStamp: freesurfer-linux-ubuntu22_x86_64-7.3.2-20220804-6354275  User: oesteban  Machine: dna075  Platform: Linux  PlatformVersion: 5.14.0-427.37.1.el9_4.x86_64  CompilerName: GCC  CompilerVersion: 8.4.0
ProgramName: mris_ca_label  ProgramArguments: mris_ca_label -all-info  ProgramVersion: 7.3.2  TimeStamp: 2026/03/15-12:06:51-GMT  BuildTime: Aug  4 2022 06:17:15  BuildStamp: freesurfer-linux-ubuntu22_x86_64-7.3.2-20220804-6354275  User: oesteban  Machine: dna075  Platform: Linux  PlatformVersion: 5.14.0-427.37.1.el9_4.x86_64  CompilerName: GCC  CompilerVersion: 8.4.0
ProgramName: mris_calc  ProgramArguments: mris_calc -all-info  ProgramVersion: 7.3.2  TimeStamp: 2026/03/15-12:06:51-GMT  BuildTime: Aug  4 2022 06:17:15  BuildStamp: freesurfer-linux-ubuntu22_x86_64-7.3.2-20220804-6354275  User: oesteban  Machine: dna075  Platform: Linux  PlatformVersion: 5.14.0-427.37.1.el9_4.x86_64  CompilerName: GCC  CompilerVersion: 8.4.0
ProgramName: mris_convert  ProgramArguments: mris_convert -all-info  ProgramVersion: 7.3.2  TimeStamp: 2026/03/15-12:06:51-GMT  BuildTime: Aug  4 2022 06:17:15  BuildStamp: freesurfer-linux-ubuntu22_x86_64-7.3.2-20220804-6354275  User: oesteban  Machine: dna075  Platform: Linux  PlatformVersion: 5.14.0-427.37.1.el9_4.x86_64  CompilerName: GCC  CompilerVersion: 8.4.0
ProgramName: mris_curvature  ProgramArguments: mris_curvature -all-info  ProgramVersion: 7.3.2  TimeStamp: 2026/03/15-12:06:51-GMT  BuildTime: Aug  4 2022 06:17:15  BuildStamp: freesurfer-linux-ubuntu22_x86_64-7.3.2-20220804-6354275  User: oesteban  Machine: dna075  Platform: Linux  PlatformVersion: 5.14.0-427.37.1.el9_4.x86_64  CompilerName: GCC  CompilerVersion: 8.4.0
ProgramName: mris_curvature_stats  ProgramArguments: mris_curvature_stats -all-info  ProgramVersion: 7.3.2  TimeStamp: 2026/03/15-12:06:51-GMT  BuildTime: Aug  4 2022 06:17:15  BuildStamp: freesurfer-linux-ubuntu22_x86_64-7.3.2-20220804-6354275  User: oesteban  Machine: dna075  Platform: Linux  PlatformVersion: 5.14.0-427.37.1.el9_4.x86_64  CompilerName: GCC  CompilerVersion: 8.4.0
ProgramName: mris_diff  ProgramArguments: mris_diff -all-info  ProgramVersion: 7.3.2  TimeStamp: 2026/03/15-12:06:51-GMT  BuildTime: Aug  4 2022 06:17:15  BuildStamp: freesurfer-linux-ubuntu22_x86_64-7.3.2-20220804-6354275  User: oesteban  Machine: dna075  Platform: Linux  PlatformVersion: 5.14.0-427.37.1.el9_4.x86_64  CompilerName: GCC  CompilerVersion: 8.4.0
ProgramName: mris_divide_parcellation  ProgramArguments: mris_divide_parcellation -all-info  ProgramVersion: 7.3.2  TimeStamp: 2026/03/15-12:06:51-GMT  BuildTime: Aug  4 2022 06:17:15  BuildStamp: freesurfer-linux-ubuntu22_x86_64-7.3.2-20220804-6354275  User: oesteban  Machine: dna075  Platform: Linux  PlatformVersion: 5.14.0-427.37.1.el9_4.x86_64  CompilerName: GCC  CompilerVersion: 8.4.0
ProgramName: mri_segment  ProgramArguments: mri_segment -all-info  ProgramVersion: 7.3.2  TimeStamp: 2026/03/15-12:06:51-GMT  BuildTime: Aug  4 2022 06:17:15  BuildStamp: freesurfer-linux-ubuntu22_x86_64-7.3.2-20220804-6354275  User: oesteban  Machine: dna075  Platform: Linux  PlatformVersion: 5.14.0-427.37.1.el9_4.x86_64  CompilerName: GCC  CompilerVersion: 8.4.0
ProgramName: mri_segstats  ProgramArguments: mri_segstats -all-info  ProgramVersion: 7.3.2  TimeStamp: 2026/03/15-12:06:51-GMT  BuildTime: Aug  4 2022 06:17:15  BuildStamp: freesurfer-linux-ubuntu22_x86_64-7.3.2-20220804-6354275  User: oesteban  Machine: dna075  Platform: Linux  PlatformVersion: 5.14.0-427.37.1.el9_4.x86_64  CompilerName: GCC  CompilerVersion: 8.4.0
ProgramName: mris_euler_number  ProgramArguments: mris_euler_number -all-info  ProgramVersion: 7.3.2  TimeStamp: 2026/03/15-12:06:51-GMT  BuildTime: Aug  4 2022 06:17:15  BuildStamp: freesurfer-linux-ubuntu22_x86_64-7.3.2-20220804-6354275  User: oesteban  Machine: dna075  Platform: Linux  PlatformVersion: 5.14.0-427.37.1.el9_4.x86_64  CompilerName: GCC  CompilerVersion: 8.4.0
ProgramName: mris_fix_topology  ProgramArguments: mris_fix_topology -all-info  ProgramVersion: 7.3.2  TimeStamp: 2026/03/15-12:06:51-GMT  BuildTime: Aug  4 2022 06:17:15  BuildStamp: freesurfer-linux-ubuntu22_x86_64-7.3.2-20220804-6354275  User: oesteban  Machine: dna075  Platform: Linux  PlatformVersion: 5.14.0-427.37.1.el9_4.x86_64  CompilerName: GCC  CompilerVersion: 8.4.0
ProgramName: mris_topo_fixer  ProgramArguments: mris_topo_fixer -all-info  ProgramVersion: 7.3.2  TimeStamp: 2026/03/15-12:06:51-GMT  BuildTime: Aug  4 2022 06:17:15  BuildStamp: freesurfer-linux-ubuntu22_x86_64-7.3.2-20220804-6354275  User: oesteban  Machine: dna075  Platform: Linux  PlatformVersion: 5.14.0-427.37.1.el9_4.x86_64  CompilerName: GCC  CompilerVersion: 8.4.0
ProgramName: mris_jacobian  ProgramArguments: mris_jacobian -all-info  ProgramVersion: 7.3.2  TimeStamp: 2026/03/15-12:06:51-GMT  BuildTime: Aug  4 2022 06:17:15  BuildStamp: freesurfer-linux-ubuntu22_x86_64-7.3.2-20220804-6354275  User: oesteban  Machine: dna075  Platform: Linux  PlatformVersion: 5.14.0-427.37.1.el9_4.x86_64  CompilerName: GCC  CompilerVersion: 8.4.0
ProgramName: mris_label2annot  ProgramArguments: mris_label2annot -all-info  ProgramVersion: 7.3.2  TimeStamp: 2026/03/15-12:06:51-GMT  BuildTime: Aug  4 2022 06:17:15  BuildStamp: freesurfer-linux-ubuntu22_x86_64-7.3.2-20220804-6354275  User: oesteban  Machine: dna075  Platform: Linux  PlatformVersion: 5.14.0-427.37.1.el9_4.x86_64  CompilerName: GCC  CompilerVersion: 8.4.0
ProgramName: mris_left_right_register  ProgramArguments: mris_left_right_register -all-info  ProgramVersion: 7.3.2  TimeStamp: 2026/03/15-12:06:51-GMT  BuildTime: Aug  4 2022 06:17:15  BuildStamp: freesurfer-linux-ubuntu22_x86_64-7.3.2-20220804-6354275  User: oesteban  Machine: dna075  Platform: Linux  PlatformVersion: 5.14.0-427.37.1.el9_4.x86_64  CompilerName: GCC  CompilerVersion: 8.4.0
ProgramName: mris_place_surface  ProgramArguments: mris_place_surface -all-info  ProgramVersion: 7.3.2  TimeStamp: 2026/03/15-12:06:51-GMT  BuildTime: Aug  4 2022 06:17:15  BuildStamp: freesurfer-linux-ubuntu22_x86_64-7.3.2-20220804-6354275  User: oesteban  Machine: dna075  Platform: Linux  PlatformVersion: 5.14.0-427.37.1.el9_4.x86_64  CompilerName: GCC  CompilerVersion: 8.4.0
ProgramName: mrisp_paint  ProgramArguments: mrisp_paint -all-info  ProgramVersion: 7.3.2  TimeStamp: 2026/03/15-12:06:51-GMT  BuildTime: Aug  4 2022 06:17:15  BuildStamp: freesurfer-linux-ubuntu22_x86_64-7.3.2-20220804-6354275  User: oesteban  Machine: dna075  Platform: Linux  PlatformVersion: 5.14.0-427.37.1.el9_4.x86_64  CompilerName: GCC  CompilerVersion: 8.4.0
ProgramName: mris_register  ProgramArguments: mris_register -all-info  ProgramVersion: 7.3.2  TimeStamp: 2026/03/15-12:06:51-GMT  BuildTime: Aug  4 2022 06:17:15  BuildStamp: freesurfer-linux-ubuntu22_x86_64-7.3.2-20220804-6354275  User: oesteban  Machine: dna075  Platform: Linux  PlatformVersion: 5.14.0-427.37.1.el9_4.x86_64  CompilerName: GCC  CompilerVersion: 8.4.0
ProgramName: mris_smooth  ProgramArguments: mris_smooth -all-info  ProgramVersion: 7.3.2  TimeStamp: 2026/03/15-12:06:51-GMT  BuildTime: Aug  4 2022 06:17:15  BuildStamp: freesurfer-linux-ubuntu22_x86_64-7.3.2-20220804-6354275  User: oesteban  Machine: dna075  Platform: Linux  PlatformVersion: 5.14.0-427.37.1.el9_4.x86_64  CompilerName: GCC  CompilerVersion: 8.4.0
ProgramName: mris_sphere  ProgramArguments: mris_sphere -all-info  ProgramVersion: 7.3.2  TimeStamp: 2026/03/15-12:06:51-GMT  BuildTime: Aug  4 2022 06:17:15  BuildStamp: freesurfer-linux-ubuntu22_x86_64-7.3.2-20220804-6354275  User: oesteban  Machine: dna075  Platform: Linux  PlatformVersion: 5.14.0-427.37.1.el9_4.x86_64  CompilerName: GCC  CompilerVersion: 8.4.0
ProgramName: mris_surface_stats  ProgramArguments: mris_surface_stats -all-info  ProgramVersion: 7.3.2  TimeStamp: 2026/03/15-12:06:51-GMT  BuildTime: Aug  4 2022 06:17:15  BuildStamp: freesurfer-linux-ubuntu22_x86_64-7.3.2-20220804-6354275  User: oesteban  Machine: dna075  Platform: Linux  PlatformVersion: 5.14.0-427.37.1.el9_4.x86_64  CompilerName: GCC  CompilerVersion: 8.4.0
ProgramName: mri_stats2seg  ProgramArguments: mri_stats2seg -all-info  ProgramVersion: 7.3.2  TimeStamp: 2026/03/15-12:06:51-GMT  BuildTime: Aug  4 2022 06:17:15  BuildStamp: freesurfer-linux-ubuntu22_x86_64-7.3.2-20220804-6354275  User: oesteban  Machine: dna075  Platform: Linux  PlatformVersion: 5.14.0-427.37.1.el9_4.x86_64  CompilerName: GCC  CompilerVersion: 8.4.0
ProgramName: mris_thickness  ProgramArguments: mris_thickness -all-info  ProgramVersion: 7.3.2  TimeStamp: 2026/03/15-12:06:51-GMT  BuildTime: Aug  4 2022 06:17:15  BuildStamp: freesurfer-linux-ubuntu22_x86_64-7.3.2-20220804-6354275  User: oesteban  Machine: dna075  Platform: Linux  PlatformVersion: 5.14.0-427.37.1.el9_4.x86_64  CompilerName: GCC  CompilerVersion: 8.4.0
ProgramName: mris_thickness_diff  ProgramArguments: mris_thickness_diff -all-info  ProgramVersion: 7.3.2  TimeStamp: 2026/03/15-12:06:51-GMT  BuildTime: Aug  4 2022 06:17:15  BuildStamp: freesurfer-linux-ubuntu22_x86_64-7.3.2-20220804-6354275  User: oesteban  Machine: dna075  Platform: Linux  PlatformVersion: 5.14.0-427.37.1.el9_4.x86_64  CompilerName: GCC  CompilerVersion: 8.4.0
ProgramName: mris_topo_fixer  ProgramArguments: mris_topo_fixer -all-info  ProgramVersion: 7.3.2  TimeStamp: 2026/03/15-12:06:51-GMT  BuildTime: Aug  4 2022 06:17:15  BuildStamp: freesurfer-linux-ubuntu22_x86_64-7.3.2-20220804-6354275  User: oesteban  Machine: dna075  Platform: Linux  PlatformVersion: 5.14.0-427.37.1.el9_4.x86_64  CompilerName: GCC  CompilerVersion: 8.4.0
ProgramName: mri_surf2surf  ProgramArguments: mri_surf2surf -all-info  ProgramVersion: 7.3.2  TimeStamp: 2026/03/15-12:06:51-GMT  BuildTime: Aug  4 2022 06:17:15  BuildStamp: freesurfer-linux-ubuntu22_x86_64-7.3.2-20220804-6354275  User: oesteban  Machine: dna075  Platform: Linux  PlatformVersion: 5.14.0-427.37.1.el9_4.x86_64  CompilerName: GCC  CompilerVersion: 8.4.0
ProgramName: mri_surf2vol  ProgramArguments: mri_surf2vol -all-info  ProgramVersion: 7.3.2  TimeStamp: 2026/03/15-12:06:51-GMT  BuildTime: Aug  4 2022 06:17:15  BuildStamp: freesurfer-linux-ubuntu22_x86_64-7.3.2-20220804-6354275  User: oesteban  Machine: dna075  Platform: Linux  PlatformVersion: 5.14.0-427.37.1.el9_4.x86_64  CompilerName: GCC  CompilerVersion: 8.4.0
ProgramName: mri_surfcluster  ProgramArguments: mri_surfcluster -all-info  ProgramVersion: 7.3.2  TimeStamp: 2026/03/15-12:06:51-GMT  BuildTime: Aug  4 2022 06:17:15  BuildStamp: freesurfer-linux-ubuntu22_x86_64-7.3.2-20220804-6354275  User: oesteban  Machine: dna075  Platform: Linux  PlatformVersion: 5.14.0-427.37.1.el9_4.x86_64  CompilerName: GCC  CompilerVersion: 8.4.0
ProgramName: mris_volmask  ProgramArguments: mris_volmask -all-info  ProgramVersion: 7.3.2  TimeStamp: 2026/03/15-12:06:51-GMT  BuildTime: Aug  4 2022 06:17:15  BuildStamp: freesurfer-linux-ubuntu22_x86_64-7.3.2-20220804-6354275  User: oesteban  Machine: dna075  Platform: Linux  PlatformVersion: 5.14.0-427.37.1.el9_4.x86_64  CompilerName: GCC  CompilerVersion: 8.4.0
ProgramName: mri_tessellate  ProgramArguments: mri_tessellate -all-info  ProgramVersion: 7.3.2  TimeStamp: 2026/03/15-12:06:51-GMT  BuildTime: Aug  4 2022 06:17:15  BuildStamp: freesurfer-linux-ubuntu22_x86_64-7.3.2-20220804-6354275  User: oesteban  Machine: dna075  Platform: Linux  PlatformVersion: 5.14.0-427.37.1.el9_4.x86_64  CompilerName: GCC  CompilerVersion: 8.4.0
ProgramName: mri_vol2surf  ProgramArguments: mri_vol2surf -all-info  ProgramVersion: 7.3.2  TimeStamp: 2026/03/15-12:06:51-GMT  BuildTime: Aug  4 2022 06:17:15  BuildStamp: freesurfer-linux-ubuntu22_x86_64-7.3.2-20220804-6354275  User: oesteban  Machine: dna075  Platform: Linux  PlatformVersion: 5.14.0-427.37.1.el9_4.x86_64  CompilerName: GCC  CompilerVersion: 8.4.0
ProgramName: mri_vol2vol  ProgramArguments: mri_vol2vol -all-info  ProgramVersion: 7.3.2  TimeStamp: 2026/03/15-12:06:51-GMT  BuildTime: Aug  4 2022 06:17:15  BuildStamp: freesurfer-linux-ubuntu22_x86_64-7.3.2-20220804-6354275  User: oesteban  Machine: dna075  Platform: Linux  PlatformVersion: 5.14.0-427.37.1.el9_4.x86_64  CompilerName: GCC  CompilerVersion: 8.4.0
ProgramName: mri_voldiff  ProgramArguments: mri_voldiff -all-info  ProgramVersion: 7.3.2  TimeStamp: 2026/03/15-12:06:51-GMT  BuildTime: Aug  4 2022 06:17:15  BuildStamp: freesurfer-linux-ubuntu22_x86_64-7.3.2-20220804-6354275  User: oesteban  Machine: dna075  Platform: Linux  PlatformVersion: 5.14.0-427.37.1.el9_4.x86_64  CompilerName: GCC  CompilerVersion: 8.4.0
ProgramName: mri_watershed  ProgramArguments: mri_watershed -all-info  ProgramVersion: 7.3.2  TimeStamp: 2026/03/15-12:06:51-GMT  BuildTime: Aug  4 2022 06:17:15  BuildStamp: freesurfer-linux-ubuntu22_x86_64-7.3.2-20220804-6354275  User: oesteban  Machine: dna075  Platform: Linux  PlatformVersion: 5.14.0-427.37.1.el9_4.x86_64  CompilerName: GCC  CompilerVersion: 8.4.0
ProgramName: tkregister2  ProgramArguments: tkregister2_cmdl -all-info  ProgramVersion: 7.3.2  TimeStamp: 2026/03/15-12:06:51-GMT  BuildTime: Aug  4 2022 06:17:15  BuildStamp: freesurfer-linux-ubuntu22_x86_64-7.3.2-20220804-6354275  User: oesteban  Machine: dna075  Platform: Linux  PlatformVersion: 5.14.0-427.37.1.el9_4.x86_64  CompilerName: GCC  CompilerVersion: 8.4.0
mri_motion_correct.fsl 7.3.2
mri_convert -all-info 
ProgramName: mri_convert  ProgramArguments: mri_convert -all-info  ProgramVersion: 7.3.2  TimeStamp: 2026/03/15-12:06:51-GMT  BuildTime: Aug  4 2022 06:17:15  BuildStamp: freesurfer-linux-ubuntu22_x86_64-7.3.2-20220804-6354275  User: oesteban  Machine: dna075  Platform: Linux  PlatformVersion: 5.14.0-427.37.1.el9_4.x86_64  CompilerName: GCC  CompilerVersion: 8.4.0
Program nu_correct, built from:
Package MNI N3, version 1.12.0, compiled by nicks@terrier (x86_64-unknown-linux-gnu) on 2015-06-19 at 01:25:34
#######################################
GCADIR /opt/freesurfer/average
GCA RB_all_2020-01-02.gca
GCASkull RB_all_withskull_2020_01_02.gca
AvgCurvTif folding.atlas.acfb40.noaparc.i12.2016-08-02.tif
GCSDIR /opt/freesurfer/average
GCS DKaparc.atlas.acfb40.noaparc.i12.2016-08-02.gcs
#######################################
#--------------------------------------------
#@# WhiteSurfs lh Sun Mar 15 13:06:51 CET 2026
cd /out/sourcedata/freesurfer/sub-v2s10x29005_ses-1/mri
mris_place_surface --adgws-in ../surf/autodet.gw.stats.lh.dat --seg aseg.presurf.mgz --threads 16 --wm wm.mgz --invol brain.finalsurfs.mgz --lh --i ../surf/lh.white.preaparc --o ../surf/lh.white --white --nsmooth 0 --rip-label ../label/lh.cortex.label --rip-bg --rip-surf ../surf/lh.white.preaparc --aparc ../label/lh.aparc.annot
   Update not needed
#--------------------------------------------
#@# WhiteSurfs rh Sun Mar 15 13:06:51 CET 2026
cd /out/sourcedata/freesurfer/sub-v2s10x29005_ses-1/mri
mris_place_surface --adgws-in ../surf/autodet.gw.stats.rh.dat --seg aseg.presurf.mgz --threads 16 --wm wm.mgz --invol brain.finalsurfs.mgz --rh --i ../surf/rh.white.preaparc --o ../surf/rh.white --white --nsmooth 0 --rip-label ../label/rh.cortex.label --rip-bg --rip-surf ../surf/rh.white.preaparc --aparc ../label/rh.aparc.annot
   Update not needed
#@# white curv lh Sun Mar 15 13:06:51 CET 2026
cd /out/sourcedata/freesurfer/sub-v2s10x29005_ses-1/mri
mris_place_surface --curv-map ../surf/lh.white 2 10 ../surf/lh.curv
   Update not needed
#@# white area lh Sun Mar 15 13:06:51 CET 2026
cd /out/sourcedata/freesurfer/sub-v2s10x29005_ses-1/mri
mris_place_surface --area-map ../surf/lh.white ../surf/lh.area
   Update not needed
#@# pial curv lh Sun Mar 15 13:06:51 CET 2026
cd /out/sourcedata/freesurfer/sub-v2s10x29005_ses-1/mri
mris_place_surface --curv-map ../surf/lh.pial 2 10 ../surf/lh.curv.pial
   Update not needed
#@# pial area lh Sun Mar 15 13:06:51 CET 2026
cd /out/sourcedata/freesurfer/sub-v2s10x29005_ses-1/mri
mris_place_surface --area-map ../surf/lh.pial ../surf/lh.area.pial
   Update not needed
#@# thickness lh Sun Mar 15 13:06:51 CET 2026
cd /out/sourcedata/freesurfer/sub-v2s10x29005_ses-1/mri
mris_place_surface --thickness ../surf/lh.white ../surf/lh.pial 20 5 ../surf/lh.thickness
   Update not needed
#@# area and vertex vol lh Sun Mar 15 13:06:51 CET 2026
cd /out/sourcedata/freesurfer/sub-v2s10x29005_ses-1/mri
mris_place_surface --thickness ../surf/lh.white ../surf/lh.pial 20 5 ../surf/lh.thickness
   Update not needed
#@# white curv rh Sun Mar 15 13:06:51 CET 2026
cd /out/sourcedata/freesurfer/sub-v2s10x29005_ses-1/mri
mris_place_surface --curv-map ../surf/rh.white 2 10 ../surf/rh.curv
   Update not needed
#@# white area rh Sun Mar 15 13:06:51 CET 2026
cd /out/sourcedata/freesurfer/sub-v2s10x29005_ses-1/mri
mris_place_surface --area-map ../surf/rh.white ../surf/rh.area
   Update not needed
#@# pial curv rh Sun Mar 15 13:06:51 CET 2026
cd /out/sourcedata/freesurfer/sub-v2s10x29005_ses-1/mri
mris_place_surface --curv-map ../surf/rh.pial 2 10 ../surf/rh.curv.pial
   Update not needed
#@# pial area rh Sun Mar 15 13:06:51 CET 2026
cd /out/sourcedata/freesurfer/sub-v2s10x29005_ses-1/mri
mris_place_surface --area-map ../surf/rh.pial ../surf/rh.area.pial
   Update not needed
#@# thickness rh Sun Mar 15 13:06:51 CET 2026
cd /out/sourcedata/freesurfer/sub-v2s10x29005_ses-1/mri
mris_place_surface --thickness ../surf/rh.white ../surf/rh.pial 20 5 ../surf/rh.thickness
   Update not needed
#@# area and vertex vol rh Sun Mar 15 13:06:51 CET 2026
cd /out/sourcedata/freesurfer/sub-v2s10x29005_ses-1/mri
mris_place_surface --thickness ../surf/rh.white ../surf/rh.pial 20 5 ../surf/rh.thickness
   Update not needed

#-----------------------------------------
#@# Curvature Stats lh Sun Mar 15 13:06:51 CET 2026
/out/sourcedata/freesurfer/sub-v2s10x29005_ses-1/surf

 mris_curvature_stats -m --writeCurvatureFiles -G -o ../stats/lh.curv.stats -F smoothwm sub-v2s10x29005_ses-1 lh curv sulc 

             Toggling save flag on curvature files                       [ ok ]
                 Outputting results using filestem   [ ../stats/lh.curv.stats ]
             Toggling save flag on curvature files                       [ ok ]
                                   Setting surface [ sub-v2s10x29005_ses-1/lh.smoothwm ]
                                Reading surface...                       [ ok ]
                                   Setting texture                     [ curv ]
                                Reading texture...                       [ ok ]
                                   Setting texture                     [ sulc ]
                                Reading texture...Gb_filter = 0
                       [ ok ]
      Calculating Discrete Principal Curvatures...
      Determining geometric order for vno faces... [####################] [ ok ]
                      Determining KH curvatures... [####################] [ ok ]
                    Determining k1k2 curvatures... [####################] [ ok ]
                                   deltaViolations                      [ 255 ]
Gb_filter = 0

WARN:    S lookup   min:                          -0.093469
WARN:    S explicit min:                          0.000000	vertex = 192

#-----------------------------------------
#@# Curvature Stats rh Sun Mar 15 13:06:53 CET 2026
/out/sourcedata/freesurfer/sub-v2s10x29005_ses-1/surf

 mris_curvature_stats -m --writeCurvatureFiles -G -o ../stats/rh.curv.stats -F smoothwm sub-v2s10x29005_ses-1 rh curv sulc 

             Toggling save flag on curvature files                       [ ok ]
                 Outputting results using filestem   [ ../stats/rh.curv.stats ]
             Toggling save flag on curvature files                       [ ok ]
                                   Setting surface [ sub-v2s10x29005_ses-1/rh.smoothwm ]
                                Reading surface...                       [ ok ]
                                   Setting texture                     [ curv ]
                                Reading texture...                       [ ok ]
                                   Setting texture                     [ sulc ]
                                Reading texture...Gb_filter = 0
                       [ ok ]
      Calculating Discrete Principal Curvatures...
      Determining geometric order for vno faces... [####################] [ ok ]
                      Determining KH curvatures... [####################] [ ok ]
                    Determining k1k2 curvatures... [####################] [ ok ]
                                   deltaViolations                      [ 235 ]
Gb_filter = 0
#-----------------------------------------
#@# Relabel Hypointensities Sun Mar 15 13:06:54 CET 2026
/out/sourcedata/freesurfer/sub-v2s10x29005_ses-1/mri

 mri_relabel_hypointensities aseg.presurf.mgz ../surf aseg.presurf.hypos.mgz 

reading input surface ../surf/lh.white...
relabeling lh hypointensities...
2538 voxels changed to hypointensity...
reading input surface ../surf/rh.white...
relabeling rh hypointensities...
2113 voxels changed to hypointensity...
4671 hypointense voxels neighboring cortex changed
#-----------------------------------------
#@# APas-to-ASeg Sun Mar 15 13:07:05 CET 2026
/out/sourcedata/freesurfer/sub-v2s10x29005_ses-1/mri

 mri_surf2volseg --o aseg.mgz --i aseg.presurf.hypos.mgz --fix-presurf-with-ribbon /out/sourcedata/freesurfer/sub-v2s10x29005_ses-1/mri/ribbon.mgz --threads 16 --lh-cortex-mask /out/sourcedata/freesurfer/sub-v2s10x29005_ses-1/label/lh.cortex.label --lh-white /out/sourcedata/freesurfer/sub-v2s10x29005_ses-1/surf/lh.white --lh-pial /out/sourcedata/freesurfer/sub-v2s10x29005_ses-1/surf/lh.pial --rh-cortex-mask /out/sourcedata/freesurfer/sub-v2s10x29005_ses-1/label/rh.cortex.label --rh-white /out/sourcedata/freesurfer/sub-v2s10x29005_ses-1/surf/rh.white --rh-pial /out/sourcedata/freesurfer/sub-v2s10x29005_ses-1/surf/rh.pial 

SUBJECTS_DIR /out/sourcedata/freesurfer
outvol aseg.mgz
16 avail.processors, using 16
Loading aseg.presurf.hypos.mgz
Loading /out/sourcedata/freesurfer/sub-v2s10x29005_ses-1/mri/ribbon.mgz
Loading /out/sourcedata/freesurfer/sub-v2s10x29005_ses-1/surf/lh.white
Loading /out/sourcedata/freesurfer/sub-v2s10x29005_ses-1/surf/lh.pial
Loading /out/sourcedata/freesurfer/sub-v2s10x29005_ses-1/label/lh.cortex.label
Loading /out/sourcedata/freesurfer/sub-v2s10x29005_ses-1/surf/rh.white
Loading /out/sourcedata/freesurfer/sub-v2s10x29005_ses-1/surf/rh.pial
Loading /out/sourcedata/freesurfer/sub-v2s10x29005_ses-1/label/rh.cortex.label
Done loading
  0  48 192 208  16  80 112 144 128 176 240  32 160  64 224 241   1 225  96  17  33 209  49  65 242  34 226 210   2  18 193  50 243  35 227 211  19 
  3  51 244  36  81  66 177 228 212   4  20  52 245  37 194 213 229 246 161  53  21   5  38  97 214 113  67 247 230  54 195   6  22  39 
215  82 248 178 231  55   7  23  40 216 196 249  68 232  56 217   8  24  41 250 233  57 218  83  25   9 197 251  42 145 234  69 129  98  58 219 
162  10  26 252 179 
 43 235 198  59 
220  84  27  44  70  11 253 236  60 199 
221  45 237  28 254  12 200  61  71 222  46  85 238  29 255 201  13  47 223  62 239 
180  30  72 202 146  14  99 
 63  31  86 203  15 204  73 163 205 206 181  87 114 207  74 100  88 147 164 182  75  89 101 148  76 183 165  77  90 184 102 130 185 149  78 115 166 186  91 187 103  79 
188 150  92 167 189 104 190  93 191 151 168 105 116  94 152 106 169  95 107 153 170 117 108 154 171 109 118 155 131 172 110 156 119 
111 157 173 158 120 174 175 159 
121 122 123 124 132 125 126 127 133 134 135 136 137 138 139 
140 141 142 143 
nrelabeled = 146787
ndotcheck = 0
Starting Surf2VolSeg free
free done
#VMPC# mri_surf2volseg VmPeak  1962988
mri_surf2volseg done

 mri_brainvol_stats sub-v2s10x29005_ses-1 

ComputeBrainVolumeStats2 VoxelVol=1, KeepCSF=1
  #CBVS2 MaskVol              1470382.0
  #CBVS2 BrainSegVol          1233185.0
  #CBVS2 BrainSegVolNotVent   1219788.0
  #CBVS2 SupraTentVol         1101784.0
  #CBVS2 SupraTentVolNotVent  1088387.0
  #CBVS2 lhCtxGM               290126.7
  #CBVS2 rhCtxGM               288115.3
  #CBVS2 lhCerebralWM          225875.5
  #CBVS2 rhCerebralWM          220750.5
  #CBVS2 SubCortGMVol           64434.0
  #CBVS2 CerebellumVol         131401.0
  #CBVS2 CerebellumGMVol       102588.0
  #CBVS2 VentChorVol             9766.0
  #CBVS2 3rd4th5thCSF            3631.0
  #CBVS2 AllCSF                 13397.0
  #CBVS2 CCVol                   3897.0
#-----------------------------------------
#@# AParc-to-ASeg aparc Sun Mar 15 13:07:10 CET 2026
/out/sourcedata/freesurfer/sub-v2s10x29005_ses-1/mri

 mri_surf2volseg --o aparc+aseg.mgz --label-cortex --i aseg.mgz --threads 16 --lh-annot /out/sourcedata/freesurfer/sub-v2s10x29005_ses-1/label/lh.aparc.annot 1000 --lh-cortex-mask /out/sourcedata/freesurfer/sub-v2s10x29005_ses-1/label/lh.cortex.label --lh-white /out/sourcedata/freesurfer/sub-v2s10x29005_ses-1/surf/lh.white --lh-pial /out/sourcedata/freesurfer/sub-v2s10x29005_ses-1/surf/lh.pial --rh-annot /out/sourcedata/freesurfer/sub-v2s10x29005_ses-1/label/rh.aparc.annot 2000 --rh-cortex-mask /out/sourcedata/freesurfer/sub-v2s10x29005_ses-1/label/rh.cortex.label --rh-white /out/sourcedata/freesurfer/sub-v2s10x29005_ses-1/surf/rh.white --rh-pial /out/sourcedata/freesurfer/sub-v2s10x29005_ses-1/surf/rh.pial 

SUBJECTS_DIR /out/sourcedata/freesurfer
outvol aparc+aseg.mgz
16 avail.processors, using 16
Loading aseg.mgz
Loading /out/sourcedata/freesurfer/sub-v2s10x29005_ses-1/surf/lh.white
Loading /out/sourcedata/freesurfer/sub-v2s10x29005_ses-1/surf/lh.pial
Loading /out/sourcedata/freesurfer/sub-v2s10x29005_ses-1/label/lh.cortex.label
Ripping lh vertices labeled not in lh.cortex.label
  ripped 8393 vertices from lh hemi
Loading /out/sourcedata/freesurfer/sub-v2s10x29005_ses-1/label/lh.aparc.annot
Loading /out/sourcedata/freesurfer/sub-v2s10x29005_ses-1/surf/rh.white
Loading /out/sourcedata/freesurfer/sub-v2s10x29005_ses-1/surf/rh.pial
Loading /out/sourcedata/freesurfer/sub-v2s10x29005_ses-1/label/rh.cortex.label
Ripping rh vertices labeled not in rh.cortex.label
  ripped 8176 vertices from rh hemi
Loading /out/sourcedata/freesurfer/sub-v2s10x29005_ses-1/label/rh.aparc.annot
Done loading
 48  16 208 112  96   0 144  64  80 128 192  32 176 240 160 224  17 225 209  49  33   1 241  18 226 210  50   2  34 242  19 
 51 227 211   3  35 243  20 228  52 212   4  36 244  21 229 213  53   5  22 245  37  54 230 214   6  23 246  38  55 215 231  24   7 247  39 
232 216  56  25   8 248  40 233 217  26  57   9 249 218 234  41  27  58  10 250 235 219 
 42  59 
 28  11 251 236 220  43  60  29  12 252 237 221  44  61  30 238  13 222 253  45 239 
223  31  14 254  46  15 255  47  62  63  65  66 193  67 194 113  68 195 196 129 197 161 198 199 
200 201 202 203 204 205 206 207 145  69  81 177  97 114  70 130 146  71 162 115 131  98  82  72 147 178 116 132  99 
163 148  73 117 133  83 149 100 179 
118  74 134 164 150 101 119 
 84  75 151 135 180 120 102 152 165  76  85 121 136 181 153 103  77 122 166 154 104  86 182 137  78 123 155 105 183  87  79 
167 124 138 156 106 184 125 157  88 139 
168 107 185 158 126 108 186 140 169  89 159 
109 127 187 141 170  90 110 188 111 189 171 142  91 190 172 191 143  92 173  93 174  94 175  95 
nrelabeled = 577289
ndotcheck = 46118
Starting Surf2VolSeg free
free done
#VMPC# mri_surf2volseg VmPeak  1947256
mri_surf2volseg done
#-----------------------------------------
#@# AParc-to-ASeg aparc.a2009s Sun Mar 15 13:07:36 CET 2026
/out/sourcedata/freesurfer/sub-v2s10x29005_ses-1/mri

 mri_surf2volseg --o aparc.a2009s+aseg.mgz --label-cortex --i aseg.mgz --threads 16 --lh-annot /out/sourcedata/freesurfer/sub-v2s10x29005_ses-1/label/lh.aparc.a2009s.annot 11100 --lh-cortex-mask /out/sourcedata/freesurfer/sub-v2s10x29005_ses-1/label/lh.cortex.label --lh-white /out/sourcedata/freesurfer/sub-v2s10x29005_ses-1/surf/lh.white --lh-pial /out/sourcedata/freesurfer/sub-v2s10x29005_ses-1/surf/lh.pial --rh-annot /out/sourcedata/freesurfer/sub-v2s10x29005_ses-1/label/rh.aparc.a2009s.annot 12100 --rh-cortex-mask /out/sourcedata/freesurfer/sub-v2s10x29005_ses-1/label/rh.cortex.label --rh-white /out/sourcedata/freesurfer/sub-v2s10x29005_ses-1/surf/rh.white --rh-pial /out/sourcedata/freesurfer/sub-v2s10x29005_ses-1/surf/rh.pial 

SUBJECTS_DIR /out/sourcedata/freesurfer
outvol aparc.a2009s+aseg.mgz
16 avail.processors, using 16
Loading aseg.mgz
Loading /out/sourcedata/freesurfer/sub-v2s10x29005_ses-1/surf/lh.white
Loading /out/sourcedata/freesurfer/sub-v2s10x29005_ses-1/surf/lh.pial
Loading /out/sourcedata/freesurfer/sub-v2s10x29005_ses-1/label/lh.cortex.label
Ripping lh vertices labeled not in lh.cortex.label
  ripped 8393 vertices from lh hemi
Loading /out/sourcedata/freesurfer/sub-v2s10x29005_ses-1/label/lh.aparc.a2009s.annot
Loading /out/sourcedata/freesurfer/sub-v2s10x29005_ses-1/surf/rh.white
Loading /out/sourcedata/freesurfer/sub-v2s10x29005_ses-1/surf/rh.pial
Loading /out/sourcedata/freesurfer/sub-v2s10x29005_ses-1/label/rh.cortex.label
Ripping rh vertices labeled not in rh.cortex.label
  ripped 8176 vertices from rh hemi
Loading /out/sourcedata/freesurfer/sub-v2s10x29005_ses-1/label/rh.aparc.a2009s.annot
Done loading
144 192   0 176  32  96  48 112 160  80 224 128 208  64  16 240 241  17 209  33 225  49   1 242 210  18 226  50  34   2 243 211  19 
227  35  51 244 212  20   3 228  36 245 213  52  21 229  37   4 246 214  22 230  53 247 215  38   5 248  23 231 216  54 249  39 
232  24   6 217  55 250 233  40 218  25   7 251  56 234 219 
 41  26 252 235 220   8  57 253  42  27 221 236   9  58 254  28  43 222 237 255  29  59 
223 238  10  44  30 239 
 60  45  31  11  61  46  12  47  13  14  62  15  63  65  66 193  67 113 194  68 145 195 129 161 196 197 198 199 
200 201 202 203 204 205 206 207  97  81  69 114 177 130  70 146 162  98 131 115  71 147  82 132  99 
116  72 148 163 178  83 133 117 149 100 164  73 118 150 134  84 101 179 
151 119 
165  74 135  85 102 152 120 166 180 136  75 103 153 121  86 104 122 154 167 137  76 181  87 105 123 155 168  88  77 182 138 106 124 156 169 107  89  78 157 125 139 
183 108 170 158  90 126 140  79 
184 109 159 
171  91 127 110 185 141 111 172 186  92 142 187 173  93 143 188 174 189  94 190 175 191  95 
nrelabeled = 577289
ndotcheck = 46118
Starting Surf2VolSeg free
free done
#VMPC# mri_surf2volseg VmPeak  1947352
mri_surf2volseg done
#-----------------------------------------
#@# AParc-to-ASeg aparc.DKTatlas Sun Mar 15 13:07:59 CET 2026
/out/sourcedata/freesurfer/sub-v2s10x29005_ses-1/mri

 mri_surf2volseg --o aparc.DKTatlas+aseg.mgz --label-cortex --i aseg.mgz --threads 16 --lh-annot /out/sourcedata/freesurfer/sub-v2s10x29005_ses-1/label/lh.aparc.DKTatlas.annot 1000 --lh-cortex-mask /out/sourcedata/freesurfer/sub-v2s10x29005_ses-1/label/lh.cortex.label --lh-white /out/sourcedata/freesurfer/sub-v2s10x29005_ses-1/surf/lh.white --lh-pial /out/sourcedata/freesurfer/sub-v2s10x29005_ses-1/surf/lh.pial --rh-annot /out/sourcedata/freesurfer/sub-v2s10x29005_ses-1/label/rh.aparc.DKTatlas.annot 2000 --rh-cortex-mask /out/sourcedata/freesurfer/sub-v2s10x29005_ses-1/label/rh.cortex.label --rh-white /out/sourcedata/freesurfer/sub-v2s10x29005_ses-1/surf/rh.white --rh-pial /out/sourcedata/freesurfer/sub-v2s10x29005_ses-1/surf/rh.pial 

SUBJECTS_DIR /out/sourcedata/freesurfer
outvol aparc.DKTatlas+aseg.mgz
16 avail.processors, using 16
Loading aseg.mgz
Loading /out/sourcedata/freesurfer/sub-v2s10x29005_ses-1/surf/lh.white
Loading /out/sourcedata/freesurfer/sub-v2s10x29005_ses-1/surf/lh.pial
Loading /out/sourcedata/freesurfer/sub-v2s10x29005_ses-1/label/lh.cortex.label
Ripping lh vertices labeled not in lh.cortex.label
  ripped 8393 vertices from lh hemi
Loading /out/sourcedata/freesurfer/sub-v2s10x29005_ses-1/label/lh.aparc.DKTatlas.annot
Loading /out/sourcedata/freesurfer/sub-v2s10x29005_ses-1/surf/rh.white
Loading /out/sourcedata/freesurfer/sub-v2s10x29005_ses-1/surf/rh.pial
Loading /out/sourcedata/freesurfer/sub-v2s10x29005_ses-1/label/rh.cortex.label
Ripping rh vertices labeled not in rh.cortex.label
  ripped 8176 vertices from rh hemi
Loading /out/sourcedata/freesurfer/sub-v2s10x29005_ses-1/label/rh.aparc.DKTatlas.annot
Done loading
  0 224  80  64 176  32 144  96 160  16 240 128 192  48 208 112  49 225  17 209   1  33 241  18 210  50 226  34   2 242  19 
211  51 227  35 243  20  52   3 212 228  36 244  21  53 213   4 229  37 245  54  22   5 214  38 230 246  55  23  39 
  6 215 247 231  56  24   7  40 216 248  57 232  25   8  58 217  41 233 249  59 
  9 218  26 234  42 250  60  10 219 
 27 235  43 251  61  11 220  28 236  44 252  12 221  29 237  45 253  13 222  62  30 238 254  46  14 223 239 
 31 255  47  15  63  65  66 193 113  67 194 195 161 196  68 129 197  81 198 199 
200 201 145 202 203 204 205 206 207 114 177  97  69 130 115 146  70  82 162 131 116  71  98 147 178  83 163 132 117  72 148  99 
118 133  84 149 164 179 
119 
 73 134 100 150  85 120 165 180 151  74  86 135 121 101 152 122  87 166 181  75 136 153 102 123  88 182 154 167  76 124 137 103  89 155 125 183  90  77 168 104 138 126 156 184  91 169  78 105 185 157 127  92 139 
186 170 158  79 
106  93 140 187 159 
171 188 107  94 141 189 108 190 172 142 191 109  95 143 110 173 111 174 175 
nrelabeled = 577289
ndotcheck = 46118
Starting Surf2VolSeg free
free done
#VMPC# mri_surf2volseg VmPeak  1947264
mri_surf2volseg done
#-----------------------------------------
#@# WMParc Sun Mar 15 13:08:21 CET 2026
/out/sourcedata/freesurfer/sub-v2s10x29005_ses-1/mri

 mri_surf2volseg --o wmparc.mgz --label-wm --i aparc+aseg.mgz --threads 16 --lh-annot /out/sourcedata/freesurfer/sub-v2s10x29005_ses-1/label/lh.aparc.annot 3000 --lh-cortex-mask /out/sourcedata/freesurfer/sub-v2s10x29005_ses-1/label/lh.cortex.label --lh-white /out/sourcedata/freesurfer/sub-v2s10x29005_ses-1/surf/lh.white --lh-pial /out/sourcedata/freesurfer/sub-v2s10x29005_ses-1/surf/lh.pial --rh-annot /out/sourcedata/freesurfer/sub-v2s10x29005_ses-1/label/rh.aparc.annot 4000 --rh-cortex-mask /out/sourcedata/freesurfer/sub-v2s10x29005_ses-1/label/rh.cortex.label --rh-white /out/sourcedata/freesurfer/sub-v2s10x29005_ses-1/surf/rh.white --rh-pial /out/sourcedata/freesurfer/sub-v2s10x29005_ses-1/surf/rh.pial 

SUBJECTS_DIR /out/sourcedata/freesurfer
outvol wmparc.mgz
16 avail.processors, using 16
Loading aparc+aseg.mgz
Loading /out/sourcedata/freesurfer/sub-v2s10x29005_ses-1/surf/lh.white
Loading /out/sourcedata/freesurfer/sub-v2s10x29005_ses-1/surf/lh.pial
Loading /out/sourcedata/freesurfer/sub-v2s10x29005_ses-1/label/lh.cortex.label
Ripping lh vertices labeled not in lh.cortex.label
  ripped 8393 vertices from lh hemi
Loading /out/sourcedata/freesurfer/sub-v2s10x29005_ses-1/label/lh.aparc.annot
Loading /out/sourcedata/freesurfer/sub-v2s10x29005_ses-1/surf/rh.white
Loading /out/sourcedata/freesurfer/sub-v2s10x29005_ses-1/surf/rh.pial
Loading /out/sourcedata/freesurfer/sub-v2s10x29005_ses-1/label/rh.cortex.label
Ripping rh vertices labeled not in rh.cortex.label
  ripped 8176 vertices from rh hemi
Loading /out/sourcedata/freesurfer/sub-v2s10x29005_ses-1/label/rh.aparc.annot
Done loading
 96 192 144 208 176  80 112 240  64  16  32 160 128 224  48   0  17 241  65 225   1  33  18  49 209 226   2  34  19 
 66  50 242   3 227 210  35  20 243  51 228   4  36 211  21 244  52 229   5 212  37  22  53 245 230   6  23  67 213  38  54 246 231   7  24 214  39 
247  55 232  25   8 215  40 248 233  56  26   9 216  41 249 234  57  27  10 217  42 250 235 193  58  28  11 218  43 251 236  59 
 68  29  12 219 
 44  60  30 252 237  13 220 194  45  31  61 253 238  14 221  46  62 195 254 239 
 15 222 196  47  63 255 223 197 198 199 
200  69 201 202 203 204 205 206 207 129  70 130  71 131  81  72  73 132 177  74 133  82  75  97 134 161 145 178  76  83 135  77 113 179 
136  78  84  98  79 
180 146 162 137  85 181 114 182  99 
 86 138 183 163 147  87 184 139 
185 115 100 186 164 187  88 188 189 190 140 191 148 101 165  89 116 141  90 166 102 149 117 142 167  91 103 150 143 118  92 168 104 169 119 
 93 151 105 170  94 120 106 152 171  95 121 172 107 122 153 173 123 108 174 124 154 125 175 109 126 127 155 110 156 111 157 158 159 

nrelabeled = 442729
ndotcheck = 3394
Starting Surf2VolSeg free
free done
#VMPC# mri_surf2volseg VmPeak  1947256
mri_surf2volseg done

 mri_segstats --seed 1234 --seg mri/wmparc.mgz --sum stats/wmparc.stats --pv mri/norm.mgz --excludeid 0 --brainmask mri/brainmask.mgz --in mri/norm.mgz --in-intensity-name norm --in-intensity-units MR --subject sub-v2s10x29005_ses-1 --surf-wm-vol --ctab /opt/freesurfer/WMParcStatsLUT.txt --etiv 

setting seed for random number genererator to 1234

7.3.2
cwd 
cmdline mri_segstats --seed 1234 --seg mri/wmparc.mgz --sum stats/wmparc.stats --pv mri/norm.mgz --excludeid 0 --brainmask mri/brainmask.mgz --in mri/norm.mgz --in-intensity-name norm --in-intensity-units MR --subject sub-v2s10x29005_ses-1 --surf-wm-vol --ctab /opt/freesurfer/WMParcStatsLUT.txt --etiv 
sysname  Linux
hostname dna075
machine  x86_64
user     oesteban
whitesurfname  white
UseRobust  0
atlas_icv (eTIV) = 1435899 mm^3    (det: 1.356714 )
Loading mri/wmparc.mgz
Getting Brain Volume Statistics
Loading mri/norm.mgz
Loading mri/norm.mgz
Voxel Volume is 1 mm^3
Generating list of segmentation ids
Found 390 segmentations
Computing statistics for each segmentation

Reporting on  70 segmentations
Using PrintSegStat
mri_segstats done
#--------------------------------------------
#@# ASeg Stats Sun Mar 15 13:10:40 CET 2026
/out/sourcedata/freesurfer/sub-v2s10x29005_ses-1

 mri_segstats --seed 1234 --seg mri/aseg.mgz --sum stats/aseg.stats --pv mri/norm.mgz --empty --brainmask mri/brainmask.mgz --brain-vol-from-seg --excludeid 0 --excl-ctxgmwm --supratent --subcortgray --in mri/norm.mgz --in-intensity-name norm --in-intensity-units MR --etiv --surf-wm-vol --surf-ctx-vol --totalgray --euler --ctab /opt/freesurfer/ASegStatsLUT.txt --subject sub-v2s10x29005_ses-1 

setting seed for random number genererator to 1234

7.3.2
cwd 
cmdline mri_segstats --seed 1234 --seg mri/aseg.mgz --sum stats/aseg.stats --pv mri/norm.mgz --empty --brainmask mri/brainmask.mgz --brain-vol-from-seg --excludeid 0 --excl-ctxgmwm --supratent --subcortgray --in mri/norm.mgz --in-intensity-name norm --in-intensity-units MR --etiv --surf-wm-vol --surf-ctx-vol --totalgray --euler --ctab /opt/freesurfer/ASegStatsLUT.txt --subject sub-v2s10x29005_ses-1 
sysname  Linux
hostname dna075
machine  x86_64
user     oesteban
whitesurfname  white
UseRobust  0
atlas_icv (eTIV) = 1435899 mm^3    (det: 1.356714 )
Computing euler number
orig.nofix lheno =   -8, rheno = -8
orig.nofix lhholes =    5, rhholes = 5
Loading mri/aseg.mgz
Getting Brain Volume Statistics
Loading mri/norm.mgz
Loading mri/norm.mgz
Voxel Volume is 1 mm^3
Generating list of segmentation ids
Found  50 segmentations
Computing statistics for each segmentation

Reporting on  45 segmentations
Using PrintSegStat
mri_segstats done

Started at Sun Mar 15 13:06:51 CET 2026 
Ended   at Sun Mar 15 13:10:56 CET 2026
#@#%# recon-all-run-time-hours 0.068
recon-all -s sub-v2s10x29005_ses-1 finished without error at Sun Mar 15 13:10:57 CET 2026
