#!ascii label  , from subject sub-v2s10x28971_ses-1 vox2ras=TkReg
4707
58077  -9.058  -18.887  90.914 0.0000000000
64664  -24.867  -10.901  65.006 0.0000000000
122398  -16.982  -21.071  85.497 0.0000000000
69542  -11.312  -5.278  77.366 0.0000000000
113869  -52.755  -0.233  53.641 0.0000000000
61806  -5.769  -14.778  79.487 0.0000000000
130155  -8.484  3.612  84.796 0.0000000000
60904  -32.989  -15.034  79.215 0.0000000000
64530  -34.572  -11.428  72.660 0.0000000000
60901  -28.596  -15.900  78.274 0.0000000000
58091  -25.065  -18.628  88.674 0.0000000000
57306  -20.690  -19.742  74.400 0.0000000000
68901  -51.408  -6.148  57.544 0.0000000000
60852  -4.231  -15.854  87.180 0.0000000000
63623  -13.226  -12.572  84.349 0.0000000000
75780  -12.247  0.802  86.902 0.0000000000
66997  -10.479  -8.782  87.207 0.0000000000
69486  -3.003  -4.688  84.415 0.0000000000
71572  -47.881  -2.387  66.337 0.0000000000
66349  -43.107  -9.907  66.339 0.0000000000
53096  -9.605  -23.554  82.580 0.0000000000
47196  -6.779  -29.534  91.287 0.0000000000
47216  -13.509  -29.476  87.513 0.0000000000
66322  -15.191  -9.532  67.634 0.0000000000
59952  -12.458  -16.748  76.643 0.0000000000
61858  -2.498  -14.281  73.260 0.0000000000
80701  -4.788  7.125  84.627 0.0000000000
73154  -4.343  -2.066  77.224 0.0000000000
72358  -9.734  -2.341  72.710 0.0000000000
57204  -34.202  -19.233  81.727 0.0000000000
62761  -33.366  -13.402  83.370 0.0000000000
57180  -31.499  -18.480  83.307 0.0000000000
54182  -29.337  -22.789  87.690 0.0000000000
56172  -27.303  -20.633  82.580 0.0000000000
69807  -49.561  -5.043  58.537 0.0000000000
68047  -48.822  -8.080  61.832 0.0000000000
59887  -4.368  -16.488  90.151 0.0000000000
56126  -2.486  -20.382  86.892 0.0000000000
54149  -4.141  -22.146  90.496 0.0000000000
114519  -9.897  -14.965  87.400 0.0000000000
128392  -14.366  -10.583  90.559 0.0000000000
62720  -9.490  -13.236  91.374 0.0000000000
64402  -6.611  -11.647  88.436 0.0000000000
63713  -46.310  -13.054  71.520 0.0000000000
62877  -42.126  -13.803  72.778 0.0000000000
64607  -29.643  -11.500  67.044 0.0000000000
64682  -33.964  -10.987  63.760 0.0000000000
68831  -28.092  -6.300  64.866 0.0000000000
52078  -14.357  -24.667  81.049 0.0000000000
116454  -11.925  -27.553  85.457 0.0000000000
51030  -15.066  -25.667  87.971 0.0000000000
132184  -18.531  -19.717  80.495 0.0000000000
56258  -15.299  -20.261  74.507 0.0000000000
57209  -14.044  -19.572  80.923 0.0000000000
116034  -10.463  -19.228  80.853 0.0000000000
75199  -51.289  1.016  51.290 0.0000000000
61823  -2.696  -14.110  77.105 0.0000000000
58222  -4.420  -18.461  73.573 0.0000000000
76673  -10.575  2.331  89.873 0.0000000000
80672  -15.292  6.952  89.671 0.0000000000
127476  -11.783  7.467  84.216 0.0000000000
81443  -7.407  8.808  86.152 0.0000000000
78421  -4.141  2.837  88.344 0.0000000000
66214  -5.720  -9.972  81.848 0.0000000000
71444  -5.396  -3.590  80.484 0.0000000000
67069  -4.872  -8.711  77.869 0.0000000000
67918  -2.218  -7.693  74.891 0.0000000000
123688  -9.636  3.689  74.361 0.0000000000
63684  -40.370  -12.171  75.731 0.0000000000
64457  -37.235  -11.600  79.706 0.0000000000
63681  -30.780  -12.159  75.613 0.0000000000
61920  -26.564  -14.684  70.426 0.0000000000
58096  -19.547  -17.773  88.027 0.0000000000
51996  -18.517  -24.409  90.264 0.0000000000
60004  -22.175  -16.742  68.995 0.0000000000
59035  -25.014  -18.026  75.990 0.0000000000
57196  -22.471  -19.364  81.526 0.0000000000
71655  -51.974  -3.185  56.242 0.0000000000
76895  -50.808  3.916  58.152 0.0000000000
74243  -50.081  -0.419  58.621 0.0000000000
60863  -5.971  -16.164  82.926 0.0000000000
56188  -4.991  -20.220  80.421 0.0000000000
56151  -2.197  -20.014  83.438 0.0000000000
67038  -11.111  -8.820  81.374 0.0000000000
73103  -10.509  -1.573  82.569 0.0000000000
68653  -12.893  -6.119  85.896 0.0000000000
70434  -13.916  -3.399  90.342 0.0000000000
72221  -9.326  -2.439  87.346 0.0000000000
131317  -7.303  -1.513  84.446 0.0000000000
67841  -7.187  -6.961  84.990 0.0000000000
64415  -5.066  -11.056  84.929 0.0000000000
67213  -47.632  -9.229  64.753 0.0000000000
65481  -48.444  -10.631  68.586 0.0000000000
69674  -45.913  -5.370  67.374 0.0000000000
132775  -41.505  -3.555  65.633 0.0000000000
122451  -38.712  -11.476  68.245 0.0000000000
55197  -9.318  -21.355  86.821 0.0000000000
51992  -6.406  -24.074  90.428 0.0000000000
131788  -6.822  -27.530  86.089 0.0000000000
47200  -10.911  -30.040  88.834 0.0000000000
124969  -13.534  -7.381  73.343 0.0000000000
119240  -17.342  -16.629  68.436 0.0000000000
62866  -14.871  -13.531  72.956 0.0000000000
64472  -13.661  -11.292  76.861 0.0000000000
126590  -12.375  -13.722  80.321 0.0000000000
59907  -8.555  -16.454  83.521 0.0000000000
61895  -6.515  -14.805  71.615 0.0000000000
82168  -7.266  9.149  81.024 0.0000000000
74919  -6.493  0.723  82.930 0.0000000000
76733  -6.294  2.554  80.787 0.0000000000
77637  -8.894  3.685  77.913 0.0000000000
72322  -7.028  -2.261  75.203 0.0000000000
67110  -6.341  -8.766  74.586 0.0000000000
57154  -34.541  -19.088  84.476 0.0000000000
55209  -33.098  -21.859  85.390 0.0000000000
53069  -30.895  -23.558  86.236 0.0000000000
55215  -30.441  -21.328  85.056 0.0000000000
67253  -50.129  -8.127  62.092 0.0000000000
66419  -49.142  -9.476  62.435 0.0000000000
58957  -6.835  -17.378  90.741 0.0000000000
57107  -5.576  -19.035  89.823 0.0000000000
57102  -6.734  -20.206  90.891 0.0000000000
121499  -10.499  -17.285  89.976 0.0000000000
61764  -11.362  -14.482  90.509 0.0000000000
122637  -9.649  -15.878  91.391 0.0000000000
61758  -6.399  -13.846  90.969 0.0000000000
60969  -40.686  -15.395  70.692 0.0000000000
128351  -40.038  -14.944  72.361 0.0000000000
131156  -26.977  -10.947  66.079 0.0000000000
66384  -29.129  -9.801  63.909 0.0000000000
67207  -26.229  -8.421  64.366 0.0000000000
53087  -16.059  -23.392  82.979 0.0000000000
51050  -15.130  -25.387  84.793 0.0000000000
53063  -16.596  -23.677  86.083 0.0000000000
64662  -22.446  -11.190  64.338 0.0000000000
58125  -16.602  -18.880  84.231 0.0000000000
56190  -16.090  -20.137  80.108 0.0000000000
57170  -15.102  -19.694  83.097 0.0000000000
121565  -13.701  -20.975  81.736 0.0000000000
75201  -52.654  0.192  52.440 0.0000000000
61812  -4.317  -14.323  77.858 0.0000000000
59023  -3.773  -17.241  76.588 0.0000000000
109970  -4.462  -17.374  77.853 0.0000000000
72323  -12.875  -2.741  75.590 0.0000000000
73145  -11.742  -1.596  77.785 0.0000000000
77564  -9.836  3.138  86.894 0.0000000000
79232  -11.828  5.442  87.596 0.0000000000
79260  -10.220  5.546  84.432 0.0000000000
81452  -9.488  8.485  84.338 0.0000000000
79257  -7.964  6.063  84.559 0.0000000000
79982  -5.473  6.903  87.177 0.0000000000
78443  -6.759  3.482  85.199 0.0000000000
110090  -5.210  -12.021  80.861 0.0000000000
66235  -5.925  -9.036  79.535 0.0000000000
63646  -3.941  -12.216  79.328 0.0000000000
64459  -2.280  -11.707  77.567 0.0000000000
62813  -36.676  -13.394  78.427 0.0000000000
117354  -35.613  -13.495  80.150 0.0000000000
61803  -30.551  -14.483  80.658 0.0000000000
63649  -32.073  -12.384  79.214 0.0000000000
62809  -29.869  -13.954  76.874 0.0000000000
62869  -29.137  -12.907  72.998 0.0000000000
61862  -28.008  -14.958  73.658 0.0000000000
115190  -22.465  -17.568  88.706 0.0000000000
56105  -20.937  -20.409  91.118 0.0000000000
59977  -26.146  -16.410  73.485 0.0000000000
59038  -27.089  -17.010  76.895 0.0000000000
57150  -25.842  -19.753  85.038 0.0000000000
57199  -25.072  -20.108  81.710 0.0000000000
58121  -23.734  -18.447  85.819 0.0000000000
124987  -21.591  -18.399  84.591 0.0000000000
132835  -52.200  -4.513  57.186 0.0000000000
73335  -52.638  -1.216  59.381 0.0000000000
71628  -52.702  -2.882  60.533 0.0000000000
69805  -47.350  -5.290  57.383 0.0000000000
71651  -47.128  -3.066  56.431 0.0000000000
70832  -51.254  -4.506  54.170 0.0000000000
60855  -6.016  -15.897  84.815 0.0000000000
58992  -3.454  -17.684  82.869 0.0000000000
58975  -2.324  -17.616  85.090 0.0000000000
53040  -2.030  -24.040  87.608 0.0000000000
53060  -1.982  -23.978  85.672 0.0000000000
65391  -12.826  -10.616  83.292 0.0000000000
67019  -11.520  -8.021  84.000 0.0000000000
67017  -13.565  -9.067  85.943 0.0000000000
66183  -12.670  -9.346  89.315 0.0000000000
67820  -14.959  -6.652  89.585 0.0000000000
68642  -12.754  -6.268  88.169 0.0000000000
71395  -11.130  -3.177  88.536 0.0000000000
123073  -10.421  -5.973  85.731 0.0000000000
70456  -8.793  -4.744  84.661 0.0000000000
67014  -8.677  -7.811  85.665 0.0000000000
61772  -5.734  -13.773  87.292 0.0000000000
64409  -5.633  -11.357  86.789 0.0000000000
62738  -6.132  -13.758  85.905 0.0000000000
62748  -6.012  -12.836  83.725 0.0000000000
130950  -45.814  -11.824  65.955 0.0000000000
63744  -45.192  -12.898  67.417 0.0000000000
65473  -44.908  -10.983  69.611 0.0000000000
66314  -46.671  -9.037  70.780 0.0000000000
67185  -44.788  -8.371  66.841 0.0000000000
117305  -44.189  -4.394  65.650 0.0000000000
68855  -42.801  -6.254  64.140 0.0000000000
125607  -37.674  -11.481  73.762 0.0000000000
64534  -39.032  -11.395  72.656 0.0000000000
64561  -36.734  -11.517  70.458 0.0000000000
54207  -8.735  -22.609  84.960 0.0000000000
53049  -6.543  -23.803  86.245 0.0000000000
51055  -7.293  -25.503  83.838 0.0000000000
49186  -12.922  -28.008  87.874 0.0000000000
48195  -11.393  -29.000  87.700 0.0000000000
47209  -12.384  -29.429  88.171 0.0000000000
51036  -19.595  -25.298  87.302 0.0000000000
49190  -18.185  -26.208  87.289 0.0000000000
67138  -14.550  -8.347  70.429 0.0000000000
58247  -21.200  -18.438  71.673 0.0000000000
60015  -20.035  -16.779  68.374 0.0000000000
57350  -18.510  -19.652  70.987 0.0000000000
58205  -13.891  -18.625  75.065 0.0000000000
59056  -15.156  -17.033  73.291 0.0000000000
60920  -14.974  -15.535  75.004 0.0000000000
63690  -14.439  -12.329  74.814 0.0000000000
117335  -14.584  -13.956  77.161 0.0000000000
63656  -14.149  -12.783  78.990 0.0000000000
60900  -12.140  -15.135  77.979 0.0000000000
121294  -10.409  -21.078  82.367 0.0000000000
58994  -8.693  -17.909  82.081 0.0000000000
116614  -9.466  -20.401  83.571 0.0000000000
58116  -9.054  -18.766  85.398 0.0000000000
68839  -47.151  -6.247  65.672 0.0000000000
68867  -45.575  -6.183  63.101 0.0000000000
61860  -4.743  -14.139  73.243 0.0000000000
59987  -2.701  -16.667  70.777 0.0000000000
50121  -5.681  -26.774  90.183 0.0000000000
121443  -5.458  -25.883  92.060 0.0000000000
73973  -11.275  -0.928  85.122 0.0000000000
75809  -11.414  1.525  82.924 0.0000000000
118868  -12.683  3.053  85.175 0.0000000000
80695  -15.897  8.038  86.015 0.0000000000
81441  -3.023  8.695  86.540 0.0000000000
81470  -6.617  8.504  82.895 0.0000000000
71408  -5.281  -4.407  84.509 0.0000000000
73975  -6.760  -0.719  83.368 0.0000000000
72244  -6.349  -3.180  82.746 0.0000000000
71452  -4.625  -3.316  78.719 0.0000000000
73999  -4.438  -0.741  80.105 0.0000000000
74972  -5.905  -0.073  79.076 0.0000000000
76744  -7.375  2.607  79.643 0.0000000000
74983  -7.093  -0.100  78.132 0.0000000000
74992  -8.749  0.454  76.603 0.0000000000
72302  -5.574  -2.125  76.146 0.0000000000
111594  -2.248  -10.669  74.658 0.0000000000
128736  -4.709  -8.256  74.588 0.0000000000
113146  -4.825  -11.606  74.555 0.0000000000
63689  -6.873  -12.024  74.255 0.0000000000
69595  -9.523  -5.515  72.540 0.0000000000
59011  -33.556  -17.454  80.718 0.0000000000
60883  -34.883  -14.573  82.160 0.0000000000
59917  -34.487  -16.401  83.469 0.0000000000
60867  -32.004  -15.284  84.169 0.0000000000
59002  -29.902  -17.056  81.663 0.0000000000
56118  -27.154  -20.984  88.478 0.0000000000
58168  -28.501  -18.552  80.389 0.0000000000
56174  -29.562  -20.291  82.595 0.0000000000
123836  -28.020  -20.931  85.268 0.0000000000
69744  -51.964  -5.089  61.053 0.0000000000
68058  -51.211  -6.859  61.413 0.0000000000
68881  -48.945  -6.878  60.343 0.0000000000
68888  -46.832  -6.965  59.266 0.0000000000
60847  -3.812  -15.259  88.994 0.0000000000
58968  -2.730  -17.546  87.055 0.0000000000
58083  -3.465  -18.615  88.278 0.0000000000
55176  -3.825  -21.183  88.705 0.0000000000
126482  -2.708  -24.059  89.725 0.0000000000
62740  -10.504  -13.474  85.795 0.0000000000
63611  -14.566  -12.149  87.237 0.0000000000
128477  -12.442  -12.966  88.667 0.0000000000
64398  -11.493  -11.691  91.855 0.0000000000
65367  -9.553  -9.905  90.539 0.0000000000
66179  -8.333  -9.420  89.073 0.0000000000
63596  -7.131  -11.636  90.719 0.0000000000
62726  -5.162  -12.640  90.060 0.0000000000
61957  -43.992  -14.965  68.508 0.0000000000
60989  -42.780  -15.431  69.557 0.0000000000
62886  -44.054  -13.530  71.420 0.0000000000
63735  -42.757  -12.051  69.111 0.0000000000
110430  -32.254  -11.445  69.656 0.0000000000
110421  -34.438  -11.698  68.071 0.0000000000
64624  -31.843  -11.727  65.963 0.0000000000
52089  -11.676  -24.661  80.468 0.0000000000
49237  -10.042  -26.917  82.362 0.0000000000
50168  -13.632  -26.358  83.286 0.0000000000
50149  -13.876  -26.388  86.016 0.0000000000
49179  -14.464  -27.420  88.018 0.0000000000
65498  -16.729  -10.403  65.710 0.0000000000
56209  -19.460  -20.208  77.892 0.0000000000
56261  -18.351  -21.067  74.103 0.0000000000
132431  -17.281  -20.987  77.488 0.0000000000
116195  -14.859  -20.760  77.792 0.0000000000
57260  -12.431  -19.246  77.235 0.0000000000
59018  -10.779  -17.480  78.220 0.0000000000
115414  -11.954  -19.449  80.046 0.0000000000
116846  -12.325  -21.652  81.336 0.0000000000
74195  -46.518  0.625  66.915 0.0000000000
62827  -2.084  -13.507  74.890 0.0000000000
59054  -2.284  -17.146  73.186 0.0000000000
59046  -2.400  -17.042  74.914 0.0000000000
58203  -4.973  -18.675  75.327 0.0000000000
75776  -12.457  0.983  89.556 0.0000000000
77560  -13.543  3.815  88.163 0.0000000000
78406  -12.812  4.932  90.496 0.0000000000
79984  -13.497  6.952  86.992 0.0000000000
80674  -3.323  7.467  88.961 0.0000000000
79241  -2.418  3.939  87.099 0.0000000000
67850  -4.352  -7.263  83.524 0.0000000000
111334  -5.119  -4.873  82.738 0.0000000000
119262  -6.003  -7.158  81.294 0.0000000000
69520  -5.662  -5.612  79.066 0.0000000000
69541  -4.799  -5.739  77.185 0.0000000000
70542  -3.765  -4.904  75.594 0.0000000000
67090  -2.610  -8.298  76.247 0.0000000000
64471  -1.873  -11.462  75.883 0.0000000000
75011  -10.279  0.809  73.306 0.0000000000
61871  -38.507  -14.332  73.731 0.0000000000
62834  -38.281  -13.606  76.334 0.0000000000
64470  -39.205  -11.853  77.979 0.0000000000
117452  -35.365  -11.404  76.423 0.0000000000
63643  -35.391  -11.814  81.644 0.0000000000
64466  -33.794  -11.383  77.910 0.0000000000
64516  -32.557  -11.109  73.838 0.0000000000
64540  -29.943  -11.093  71.647 0.0000000000
63727  -27.915  -12.114  69.766 0.0000000000
62904  -25.677  -13.400  67.401 0.0000000000
57135  -17.757  -19.248  87.093 0.0000000000
110086  -17.264  -22.154  88.655 0.0000000000
56102  -18.466  -20.570  90.955 0.0000000000
119264  -20.907  -23.852  89.890 0.0000000000
61976  -23.681  -14.515  66.179 0.0000000000
60998  -24.589  -15.676  68.911 0.0000000000
115204  -23.382  -17.365  72.304 0.0000000000
58216  -22.939  -18.521  74.897 0.0000000000
57240  -26.280  -19.310  79.015 0.0000000000
57254  -23.768  -19.504  78.486 0.0000000000
57252  -21.506  -19.522  78.187 0.0000000000
110044  -20.799  -19.324  81.202 0.0000000000
112016  -19.077  -18.554  83.795 0.0000000000
110042  -52.217  -2.015  54.626 0.0000000000
122881  -52.383  2.087  55.684 0.0000000000
74259  -52.069  0.248  58.261 0.0000000000
75109  -50.616  1.856  60.119 0.0000000000
71638  -50.242  -3.086  58.339 0.0000000000
74257  -46.894  -0.884  56.811 0.0000000000
71676  -52.448  -3.600  53.244 0.0000000000
61798  -6.359  -15.188  80.930 0.0000000000
59012  -4.609  -17.564  79.571 0.0000000000
59918  -4.586  -17.441  81.357 0.0000000000
56176  -3.716  -20.152  81.627 0.0000000000
112670  -2.171  -20.128  84.928 0.0000000000
127393  -10.675  -7.100  79.284 0.0000000000
71453  -10.573  -3.283  79.772 0.0000000000
114823  -10.495  -5.890  82.559 0.0000000000
70458  -11.369  -4.495  84.594 0.0000000000
72222  -12.570  -2.630  86.683 0.0000000000
67009  -15.195  -7.892  87.746 0.0000000000
118242  -14.829  -4.446  88.538 0.0000000000
73075  -13.292  -1.610  89.593 0.0000000000
73073  -11.198  -1.468  89.709 0.0000000000
129697  -9.599  -1.047  89.052 0.0000000000
75778  -8.851  0.910  86.113 0.0000000000
74914  -8.313  0.986  84.182 0.0000000000
72219  -8.089  -1.662  86.091 0.0000000000
70454  -6.528  -4.609  84.469 0.0000000000
121110  -4.529  -6.028  85.127 0.0000000000
66993  -5.967  -8.754  87.938 0.0000000000
67011  -5.075  -8.308  86.152 0.0000000000
112554  -4.179  -8.058  84.704 0.0000000000
65390  -5.098  -10.249  83.283 0.0000000000
63627  -5.666  -12.281  82.413 0.0000000000
65548  -48.285  -10.555  63.146 0.0000000000
64656  -47.769  -11.197  64.757 0.0000000000
116424  -48.340  -9.356  66.458 0.0000000000
67989  -48.512  -6.733  67.929 0.0000000000
64590  -47.765  -11.434  70.334 0.0000000000
67962  -48.200  -7.012  70.446 0.0000000000
71558  -48.045  -3.380  68.265 0.0000000000
72384  -44.957  -2.378  66.706 0.0000000000
110107  -41.151  -12.471  73.423 0.0000000000
64564  -40.781  -11.804  70.648 0.0000000000
65491  -41.026  -10.913  66.409 0.0000000000
64651  -36.864  -11.563  65.507 0.0000000000
65525  -39.075  -10.752  64.488 0.0000000000
66404  -41.341  -9.084  63.581 0.0000000000
56113  -9.855  -20.268  89.485 0.0000000000
118108  -7.893  -21.654  90.550 0.0000000000
126062  -7.572  -22.241  88.618 0.0000000000
51029  -5.727  -25.264  88.014 0.0000000000
122002  -6.606  -28.841  88.599 0.0000000000
48225  -9.185  -28.309  84.823 0.0000000000
47212  -8.849  -29.899  87.736 0.0000000000
46178  -8.990  -30.684  89.780 0.0000000000
132030  -16.493  -25.011  89.342 0.0000000000
48200  -15.782  -27.195  87.956 0.0000000000
48209  -14.449  -28.659  86.703 0.0000000000
119585  -12.512  -5.916  75.181 0.0000000000
61053  -21.045  -14.890  65.620 0.0000000000
61983  -17.716  -13.901  65.889 0.0000000000
62895  -15.810  -13.783  67.932 0.0000000000
58244  -16.492  -18.800  71.274 0.0000000000
127889  -15.634  -15.708  70.612 0.0000000000
126122  -14.627  -11.709  70.432 0.0000000000
128612  -14.213  -10.206  73.080 0.0000000000
66271  -13.235  -9.267  75.183 0.0000000000
126829  -11.788  -7.999  77.371 0.0000000000
65420  -12.225  -9.971  78.929 0.0000000000
64424  -13.715  -12.009  81.168 0.0000000000
62758  -12.690  -13.307  82.361 0.0000000000
59933  -9.852  -16.480  79.476 0.0000000000
118217  -9.265  -15.253  81.768 0.0000000000
62751  -10.499  -13.560  83.833 0.0000000000
60857  -8.792  -15.900  85.294 0.0000000000
58094  -9.947  -18.703  87.492 0.0000000000
67243  -47.541  -8.898  63.232 0.0000000000
68052  -45.798  -7.312  60.611 0.0000000000
54139  -6.479  -22.824  91.852 0.0000000000
51981  -3.906  -24.586  91.696 0.0000000000
74949  -11.552  0.628  80.652 0.0000000000
129561  -15.607  5.409  87.082 0.0000000000
76695  -7.179  1.564  84.383 0.0000000000
76693  -4.687  1.944  85.949 0.0000000000
78442  -3.977  3.330  84.597 0.0000000000
73111  -5.820  -1.812  81.504 0.0000000000
116914  -6.168  2.419  82.192 0.0000000000
79272  -5.639  4.960  82.678 0.0000000000
80010  -7.353  6.189  81.530 0.0000000000
80021  -8.540  6.801  79.119 0.0000000000
77645  -9.449  3.357  76.452 0.0000000000
74999  -9.525  0.826  75.342 0.0000000000
72338  -8.257  -2.220  74.196 0.0000000000
69575  -4.339  -4.932  74.932 0.0000000000
69577  -6.585  -5.638  74.632 0.0000000000
69586  -8.488  -5.354  73.791 0.0000000000
67118  -8.479  -8.816  73.625 0.0000000000
54215  -34.101  -22.089  84.082 0.0000000000
54203  -32.040  -22.922  85.973 0.0000000000
66424  -48.285  -9.945  61.017 0.0000000000
65557  -47.893  -10.403  61.624 0.0000000000
58076  -7.941  -19.006  90.925 0.0000000000
120008  -7.126  -19.451  90.802 0.0000000000
57103  -7.742  -19.928  90.842 0.0000000000
58964  -10.228  -18.060  90.262 0.0000000000
59885  -9.992  -16.642  91.195 0.0000000000
122638  -9.290  -17.368  91.112 0.0000000000
58958  -7.976  -17.233  91.031 0.0000000000
64641  -26.263  -10.848  65.767 0.0000000000
125751  -26.725  -9.705  64.703 0.0000000000
66381  -25.420  -9.341  64.599 0.0000000000
128620  -24.790  -7.615  64.529 0.0000000000
110412  -23.882  -9.675  64.467 0.0000000000
54221  -16.533  -22.229  84.189 0.0000000000
53077  -16.581  -23.570  85.042 0.0000000000
119261  -16.857  -22.894  85.521 0.0000000000
110155  -23.394  -11.490  64.505 0.0000000000
57140  -16.465  -19.382  84.733 0.0000000000
57156  -15.605  -19.431  83.446 0.0000000000
55221  -16.017  -20.628  84.056 0.0000000000
55220  -15.685  -21.079  83.398 0.0000000000
75190  -52.917  0.679  52.995 0.0000000000
76022  -53.021  2.055  53.254 0.0000000000
75173  -52.980  1.394  53.673 0.0000000000
74309  -53.273  -1.011  52.718 0.0000000000
74323  -53.020  -0.739  51.932 0.0000000000
61813  -5.041  -14.463  78.412 0.0000000000
60897  -4.662  -16.030  77.935 0.0000000000
59938  -5.156  -15.947  78.681 0.0000000000
70545  -12.132  -4.109  76.178 0.0000000000
72290  -12.067  -1.936  77.052 0.0000000000
71476  -11.355  -3.339  77.603 0.0000000000
76688  -9.268  2.769  86.071 0.0000000000
77574  -9.975  3.925  85.646 0.0000000000
78445  -9.381  4.634  84.576 0.0000000000
127516  -9.242  5.763  84.213 0.0000000000
115536  -8.592  4.347  84.593 0.0000000000
79256  -7.166  5.417  85.007 0.0000000000
77582  -7.977  3.241  84.782 0.0000000000
112796  -5.423  -13.082  80.075 0.0000000000
63637  -4.643  -11.939  80.080 0.0000000000
62785  -5.059  -13.365  79.323 0.0000000000
62784  -4.107  -12.949  79.056 0.0000000000
61831  -32.798  -14.546  77.948 0.0000000000
61822  -34.539  -13.827  79.190 0.0000000000
61821  -33.704  -14.497  79.409 0.0000000000
61802  -29.973  -14.915  80.049 0.0000000000
61819  -30.336  -14.023  78.735 0.0000000000
61829  -29.532  -14.612  77.613 0.0000000000
114357  -28.860  -14.629  75.052 0.0000000000
60917  -28.648  -15.350  76.431 0.0000000000
58089  -23.358  -17.742  89.006 0.0000000000
120867  -22.601  -19.191  90.512 0.0000000000
57113  -24.175  -19.079  90.053 0.0000000000
59964  -27.341  -16.294  75.639 0.0000000000
59947  -27.695  -16.598  77.397 0.0000000000
111324  -25.605  -19.020  86.935 0.0000000000
57149  -25.103  -19.290  85.069 0.0000000000
58112  -24.570  -18.299  87.198 0.0000000000
58110  -22.707  -17.778  86.971 0.0000000000
69808  -52.116  -5.276  57.897 0.0000000000
121945  -52.590  -4.303  58.182 0.0000000000
69809  -52.623  -4.718  59.135 0.0000000000
68903  -50.822  -6.319  56.721 0.0000000000
59899  -5.200  -16.377  85.598 0.0000000000
59902  -4.443  -16.999  85.009 0.0000000000
59898  -4.046  -16.740  85.953 0.0000000000
52004  -2.363  -25.175  87.576 0.0000000000
51032  -2.171  -25.141  86.769 0.0000000000
64416  -13.817  -12.069  83.901 0.0000000000
66203  -12.683  -9.828  84.197 0.0000000000
65386  -14.136  -11.279  85.512 0.0000000000
66192  -10.994  -9.148  87.968 0.0000000000
115548  -12.402  -8.201  87.949 0.0000000000
67007  -11.607  -7.785  87.120 0.0000000000
68646  -11.024  -6.321  86.369 0.0000000000
67835  -10.466  -6.923  85.790 0.0000000000
68651  -9.791  -6.551  85.247 0.0000000000
67005  -10.062  -8.310  86.416 0.0000000000
60850  -4.841  -15.131  87.481 0.0000000000
61775  -5.911  -14.207  86.608 0.0000000000
61774  -5.661  -14.997  86.587 0.0000000000
60856  -6.343  -14.987  84.980 0.0000000000
62915  -43.662  -13.366  66.712 0.0000000000
110031  -44.117  -10.313  67.932 0.0000000000
66335  -44.610  -9.505  67.787 0.0000000000
66351  -44.388  -9.137  66.911 0.0000000000
68002  -44.238  -7.359  65.305 0.0000000000
67193  -43.827  -8.243  65.166 0.0000000000
110440  -35.699  -11.485  73.425 0.0000000000
64546  -37.046  -11.522  72.019 0.0000000000
128401  -35.545  -11.489  71.390 0.0000000000
53076  -9.069  -22.912  84.150 0.0000000000
52036  -7.938  -24.112  83.982 0.0000000000
52049  -8.262  -24.615  83.107 0.0000000000
48190  -13.447  -28.527  88.052 0.0000000000
48188  -12.558  -28.863  88.107 0.0000000000
46189  -13.174  -29.534  87.895 0.0000000000
67954  -14.818  -7.689  69.771 0.0000000000
66311  -14.657  -9.380  69.411 0.0000000000
57342  -20.997  -19.259  72.939 0.0000000000
58246  -20.316  -18.960  71.261 0.0000000000
57341  -19.578  -19.956  72.155 0.0000000000
59040  -13.148  -17.735  75.714 0.0000000000
59961  -14.141  -16.724  75.264 0.0000000000
59954  -13.835  -16.294  75.888 0.0000000000
114067  -14.884  -14.265  75.960 0.0000000000
60908  -13.925  -14.989  77.059 0.0000000000
61827  -13.703  -14.558  77.810 0.0000000000
114418  -12.498  -16.016  77.024 0.0000000000
54227  -10.524  -22.347  82.273 0.0000000000
56166  -9.803  -20.526  82.720 0.0000000000
55219  -9.845  -21.740  83.436 0.0000000000
55212  -9.565  -21.754  84.354 0.0000000000
69700  -47.498  -4.399  65.774 0.0000000000
69717  -46.659  -5.059  64.865 0.0000000000
61859  -3.556  -14.152  73.180 0.0000000000
60938  -3.290  -15.275  71.869 0.0000000000
60937  -2.472  -15.492  72.104 0.0000000000
48186  -6.147  -28.344  90.310 0.0000000000
74908  -11.942  0.129  86.329 0.0000000000
75793  -11.539  1.237  84.854 0.0000000000
75787  -12.229  1.619  86.373 0.0000000000
80691  -3.454  7.898  85.787 0.0000000000
82139  -4.133  9.487  85.261 0.0000000000
81450  -4.789  8.797  84.814 0.0000000000
71407  -3.555  -3.948  85.033 0.0000000000
72234  -5.700  -3.752  83.914 0.0000000000
71414  -4.329  -4.018  84.095 0.0000000000
72288  -4.067  -1.968  78.077 0.0000000000
73133  -4.099  -1.377  78.793 0.0000000000
74017  -4.662  -0.941  78.529 0.0000000000
74973  -6.692  0.259  78.805 0.0000000000
74029  -5.591  -0.794  77.984 0.0000000000
74041  -6.841  -0.980  76.950 0.0000000000
73155  -5.187  -1.764  76.835 0.0000000000
63686  -3.123  -12.257  74.367 0.0000000000
64500  -3.783  -11.540  74.463 0.0000000000
62838  -3.629  -12.967  74.100 0.0000000000
62840  -5.274  -12.742  74.280 0.0000000000
128840  -10.350  -1.055  72.162 0.0000000000
72362  -10.463  -2.493  71.444 0.0000000000
72359  -10.204  -2.386  72.100 0.0000000000
58161  -33.901  -18.309  81.249 0.0000000000
59922  -34.334  -16.556  82.105 0.0000000000
122979  -34.853  -17.964  82.868 0.0000000000
57164  -32.860  -18.269  84.581 0.0000000000
58988  -33.047  -16.771  84.558 0.0000000000
58143  -32.171  -17.842  84.029 0.0000000000
58995  -30.977  -16.345  83.001 0.0000000000
58153  -30.898  -18.032  82.669 0.0000000000
55192  -27.847  -21.468  88.122 0.0000000000
118792  -27.395  -22.479  88.606 0.0000000000
54180  -28.385  -23.687  88.007 0.0000000000
57203  -30.251  -18.573  82.055 0.0000000000
114140  -30.810  -19.058  82.642 0.0000000000
118337  -30.344  -22.283  86.618 0.0000000000
55214  -29.553  -21.183  84.789 0.0000000000
55199  -28.888  -21.387  86.413 0.0000000000
56130  -27.537  -20.598  87.264 0.0000000000
68063  -50.795  -7.494  59.794 0.0000000000
67265  -50.263  -8.074  60.091 0.0000000000
67252  -49.532  -8.420  62.190 0.0000000000
68056  -49.776  -7.072  61.433 0.0000000000
68055  -48.922  -7.498  61.250 0.0000000000
68889  -47.822  -7.032  59.521 0.0000000000
68061  -47.242  -7.437  60.058 0.0000000000
59886  -3.749  -15.567  90.046 0.0000000000
58965  -3.239  -16.743  88.660 0.0000000000
58966  -3.863  -17.331  89.185 0.0000000000
56100  -5.171  -20.620  90.008 0.0000000000
56099  -4.645  -20.257  89.272 0.0000000000
55162  -3.750  -21.725  89.529 0.0000000000
54157  -2.717  -22.298  89.236 0.0000000000
54148  -3.241  -22.610  90.085 0.0000000000
61776  -9.842  -14.420  86.882 0.0000000000
62737  -11.464  -13.171  87.036 0.0000000000
62732  -10.797  -13.894  88.112 0.0000000000
119595  -10.941  -13.572  91.305 0.0000000000
62724  -11.689  -13.504  91.086 0.0000000000
63598  -10.445  -12.679  91.408 0.0000000000
121698  -10.462  -10.658  91.424 0.0000000000
121455  -9.022  -11.599  91.208 0.0000000000
64395  -8.063  -10.769  90.802 0.0000000000
123329  -7.796  -12.396  91.122 0.0000000000
123430  -5.748  -15.773  90.726 0.0000000000
62717  -5.530  -12.913  90.514 0.0000000000
60837  -4.014  -14.791  90.246 0.0000000000
61766  -4.184  -14.522  89.295 0.0000000000
61910  -41.813  -14.627  72.428 0.0000000000
60956  -42.990  -14.596  71.666 0.0000000000
117209  -42.573  -13.701  72.258 0.0000000000
62885  -43.248  -13.101  71.133 0.0000000000
111688  -42.375  -12.608  70.502 0.0000000000
64595  -31.207  -11.505  68.410 0.0000000000
111521  -31.940  -11.664  67.664 0.0000000000
117363  -30.543  -11.588  66.918 0.0000000000
67220  -28.964  -8.235  63.721 0.0000000000
66392  -29.698  -9.335  63.569 0.0000000000
68011  -29.701  -7.206  64.103 0.0000000000
69662  -27.880  -5.300  66.256 0.0000000000
51096  -12.956  -25.119  80.496 0.0000000000
50185  -12.332  -26.326  81.616 0.0000000000
51082  -14.210  -25.489  81.599 0.0000000000
51042  -15.080  -25.371  85.831 0.0000000000
51049  -14.500  -25.842  85.402 0.0000000000
50142  -14.120  -26.399  87.063 0.0000000000
50135  -13.871  -27.073  87.621 0.0000000000
50127  -14.424  -26.938  88.017 0.0000000000
64638  -18.148  -11.224  64.850 0.0000000000
57232  -18.988  -19.882  79.607 0.0000000000
56220  -18.046  -20.861  77.356 0.0000000000
57231  -17.929  -20.160  79.817 0.0000000000
57229  -15.283  -20.059  80.114 0.0000000000
56205  -15.345  -20.672  78.586 0.0000000000
56204  -14.516  -20.475  78.509 0.0000000000
56217  -13.631  -20.220  77.412 0.0000000000
57248  -13.054  -19.786  78.982 0.0000000000
57226  -12.154  -19.461  79.200 0.0000000000
57208  -13.249  -19.631  80.783 0.0000000000
117485  -14.664  -22.946  81.315 0.0000000000
55234  -12.873  -20.904  81.469 0.0000000000
54247  -13.122  -22.978  80.718 0.0000000000
53124  -12.470  -23.467  80.556 0.0000000000
74333  -51.423  -0.580  51.174 0.0000000000
61833  -2.231  -14.232  76.345 0.0000000000
59959  -2.178  -16.213  75.202 0.0000000000
60912  -2.293  -15.780  75.871 0.0000000000
118018  -4.629  -18.184  77.063 0.0000000000
58192  -4.007  -17.896  76.341 0.0000000000
75772  -11.656  1.497  90.676 0.0000000000
116197  -12.238  3.214  90.958 0.0000000000
77551  -11.765  3.687  90.819 0.0000000000
79248  -12.195  6.284  85.843 0.0000000000
79233  -12.373  6.003  87.057 0.0000000000
80706  -13.207  7.421  85.121 0.0000000000
119345  -13.791  7.758  84.743 0.0000000000
80717  -13.134  7.902  84.178 0.0000000000
81462  -11.882  8.584  83.730 0.0000000000
81451  -8.786  8.789  84.806 0.0000000000
82130  -6.564  9.685  87.196 0.0000000000
79981  -4.486  5.868  87.992 0.0000000000
79972  -4.697  7.299  88.229 0.0000000000
79971  -3.447  5.348  88.869 0.0000000000
79965  -2.761  6.146  88.742 0.0000000000
78413  -2.739  2.891  88.946 0.0000000000
67029  -5.512  -8.722  82.763 0.0000000000
123749  -5.542  -6.975  82.122 0.0000000000
67047  -6.227  -8.394  80.716 0.0000000000
66247  -5.494  -8.924  78.651 0.0000000000
67882  -6.013  -7.499  78.918 0.0000000000
132881  -5.673  -7.083  78.368 0.0000000000
69529  -5.351  -5.603  78.108 0.0000000000
67894  -5.175  -7.303  77.588 0.0000000000
67904  -3.761  -6.920  76.465 0.0000000000
67080  -3.324  -8.772  76.980 0.0000000000
63663  -2.278  -12.474  77.355 0.0000000000
124518  -1.958  -11.728  76.666 0.0000000000
113187  -1.990  -12.464  76.420 0.0000000000
115746  -2.012  -12.804  75.616 0.0000000000
116025  -9.711  3.599  72.858 0.0000000000
76783  -10.292  2.256  73.489 0.0000000000
62845  -36.589  -13.868  75.038 0.0000000000
62832  -36.011  -13.679  75.499 0.0000000000
63660  -38.235  -12.182  79.721 0.0000000000
62805  -38.643  -12.517  78.943 0.0000000000
64458  -38.526  -11.821  79.107 0.0000000000
64479  -37.429  -11.463  77.427 0.0000000000
111883  -36.474  -11.436  77.665 0.0000000000
61789  -34.594  -13.832  83.369 0.0000000000
62772  -35.465  -12.701  82.458 0.0000000000
63634  -34.152  -12.373  82.340 0.0000000000
63667  -31.700  -12.157  77.642 0.0000000000
63659  -32.504  -11.863  78.757 0.0000000000
126693  -31.892  -11.642  76.575 0.0000000000
117838  -33.444  -11.360  76.229 0.0000000000
64505  -32.023  -11.198  74.522 0.0000000000
64528  -31.463  -11.018  72.754 0.0000000000
64513  -30.263  -11.524  73.208 0.0000000000
62867  -28.060  -13.834  71.956 0.0000000000
63706  -28.236  -12.685  71.007 0.0000000000
62892  -27.283  -13.012  69.640 0.0000000000
62897  -26.784  -12.503  68.229 0.0000000000
61954  -26.341  -13.677  68.733 0.0000000000
57130  -18.285  -18.757  87.915 0.0000000000
57117  -17.984  -19.750  89.099 0.0000000000
113489  -18.856  -18.908  89.756 0.0000000000
54154  -21.424  -22.418  90.608 0.0000000000
54146  -20.500  -22.644  90.940 0.0000000000
61952  -25.026  -14.834  68.063 0.0000000000
61919  -25.988  -15.186  70.117 0.0000000000
59060  -25.025  -17.212  73.964 0.0000000000
59982  -24.741  -16.834  72.465 0.0000000000
59059  -24.340  -17.409  73.686 0.0000000000
59057  -22.827  -18.046  73.360 0.0000000000
58207  -23.609  -18.446  75.469 0.0000000000
57221  -28.308  -19.533  80.793 0.0000000000
58175  -27.489  -18.756  79.503 0.0000000000
56191  -26.876  -20.333  80.968 0.0000000000
57198  -24.281  -19.743  81.981 0.0000000000
57217  -24.667  -19.880  80.317 0.0000000000
117364  -23.116  -19.547  80.027 0.0000000000
121527  -22.886  -19.506  78.644 0.0000000000
117365  -22.285  -19.462  80.204 0.0000000000
57234  -20.859  -19.441  79.740 0.0000000000
118874  -21.658  -19.319  81.370 0.0000000000
112273  -20.261  -17.807  86.263 0.0000000000
58139  -20.019  -18.490  83.926 0.0000000000
58119  -19.279  -18.010  85.879 0.0000000000
127555  -18.042  -18.534  86.087 0.0000000000
72496  -51.990  -2.657  55.531 0.0000000000
73370  -51.756  -1.019  55.911 0.0000000000
124266  -51.898  -1.843  56.391 0.0000000000
127458  -52.088  -0.729  60.481 0.0000000000
75111  -51.695  0.914  60.314 0.0000000000
74230  -50.433  0.735  59.594 0.0000000000
69762  -51.224  -5.126  60.789 0.0000000000
70784  -51.112  -4.223  60.212 0.0000000000
70783  -50.180  -4.191  58.670 0.0000000000
118279  -46.986  -2.402  56.466 0.0000000000
70833  -51.947  -4.337  54.928 0.0000000000
122357  -51.996  -3.987  54.280 0.0000000000
70834  -52.458  -3.707  54.733 0.0000000000
71672  -52.853  -3.203  54.314 0.0000000000
60872  -6.333  -15.510  82.336 0.0000000000
59919  -5.250  -16.804  81.207 0.0000000000
120195  -5.016  -17.107  82.056 0.0000000000
58147  -2.588  -18.690  83.098 0.0000000000
58148  -3.126  -18.652  82.387 0.0000000000
56165  -3.016  -20.175  82.189 0.0000000000
55231  -3.403  -21.107  81.884 0.0000000000
55224  -2.716  -21.010  82.528 0.0000000000
57126  -2.653  -19.490  86.875 0.0000000000
121897  -2.097  -18.727  85.623 0.0000000000
56132  -2.284  -20.328  85.921 0.0000000000
53073  -2.018  -24.129  84.704 0.0000000000
67048  -10.688  -7.855  80.388 0.0000000000
68681  -10.463  -6.435  80.956 0.0000000000
67851  -10.575  -7.628  81.835 0.0000000000
120056  -12.483  -6.787  85.364 0.0000000000
69485  -11.232  -5.420  84.235 0.0000000000
69477  -11.858  -5.158  85.071 0.0000000000
116072  -11.853  -3.803  85.422 0.0000000000
70449  -12.667  -4.151  86.201 0.0000000000
64405  -15.073  -11.625  89.375 0.0000000000
66198  -15.157  -10.093  87.420 0.0000000000
66185  -15.961  -9.485  89.314 0.0000000000
69467  -14.262  -5.510  89.647 0.0000000000
69469  -15.529  -5.361  89.653 0.0000000000
70435  -14.797  -4.017  90.119 0.0000000000
71396  -14.310  -2.836  89.531 0.0000000000
72214  -13.868  -2.355  90.098 0.0000000000
73074  -12.454  -1.563  89.828 0.0000000000
121202  -12.712  -2.399  90.185 0.0000000000
71394  -10.152  -2.889  87.789 0.0000000000
112274  -9.610  -1.651  88.794 0.0000000000
72215  -9.112  -1.694  88.008 0.0000000000
74902  -8.972  0.430  87.283 0.0000000000
73958  -8.444  -0.860  87.260 0.0000000000
73961  -8.151  -0.819  86.269 0.0000000000
72220  -8.587  -1.862  86.889 0.0000000000
132653  -8.521  -6.148  84.640 0.0000000000
70455  -7.993  -3.896  84.530 0.0000000000
69482  -7.037  -5.566  84.534 0.0000000000
69481  -5.515  -5.479  84.780 0.0000000000
68656  -6.078  -6.392  84.878 0.0000000000
65374  -6.991  -10.297  89.618 0.0000000000
66188  -6.520  -9.029  88.677 0.0000000000
66177  -6.185  -9.799  89.106 0.0000000000
65382  -5.079  -10.692  86.574 0.0000000000
128891  -4.584  -9.569  87.239 0.0000000000
128306  -4.477  -9.976  86.281 0.0000000000
67830  -4.393  -8.300  85.318 0.0000000000
66202  -4.624  -9.372  84.533 0.0000000000
67023  -5.041  -8.997  83.645 0.0000000000
117400  -5.017  -10.788  83.938 0.0000000000
61782  -6.492  -14.529  83.431 0.0000000000
62754  -6.059  -12.923  82.895 0.0000000000
62755  -6.382  -13.678  82.627 0.0000000000
62764  -6.428  -13.959  81.854 0.0000000000
64614  -47.807  -11.301  66.797 0.0000000000
112179  -48.341  -10.684  66.016 0.0000000000
66337  -48.644  -9.859  67.197 0.0000000000
119017  -48.290  -7.750  67.446 0.0000000000
67176  -48.737  -8.427  68.426 0.0000000000
61946  -45.272  -14.654  70.165 0.0000000000
62899  -46.337  -13.514  69.599 0.0000000000
63723  -46.925  -12.458  71.339 0.0000000000
67975  -46.069  -7.240  68.563 0.0000000000
67149  -47.425  -7.257  70.636 0.0000000000
68795  -47.498  -5.906  69.690 0.0000000000
69636  -47.882  -5.027  69.263 0.0000000000
70704  -47.602  -3.931  68.553 0.0000000000
127382  -46.909  -2.398  67.657 0.0000000000
70702  -46.027  -3.626  67.303 0.0000000000
70713  -42.552  -4.213  65.215 0.0000000000
72390  -43.082  -2.773  66.048 0.0000000000
112158  -39.731  -13.478  75.526 0.0000000000
62860  -40.149  -13.867  74.252 0.0000000000
63693  -40.629  -12.265  74.851 0.0000000000
110424  -38.943  -11.402  70.203 0.0000000000
109892  -40.160  -11.546  71.343 0.0000000000
125835  -39.735  -11.447  69.334 0.0000000000
111327  -40.370  -11.547  68.629 0.0000000000
64610  -40.043  -11.475  67.739 0.0000000000
64649  -34.018  -11.749  65.112 0.0000000000
117444  -35.691  -11.707  66.781 0.0000000000
64671  -35.362  -11.406  64.403 0.0000000000
65543  -40.142  -10.062  63.845 0.0000000000
56121  -9.980  -20.328  88.467 0.0000000000
54160  -8.155  -21.780  88.906 0.0000000000
54173  -8.114  -21.990  87.841 0.0000000000
51047  -6.468  -25.463  85.251 0.0000000000
52012  -6.048  -24.533  86.608 0.0000000000
50141  -6.145  -26.305  86.550 0.0000000000
49184  -6.344  -27.560  87.621 0.0000000000
48203  -6.710  -28.120  87.020 0.0000000000
49227  -11.197  -27.415  83.550 0.0000000000
49214  -9.515  -27.774  83.928 0.0000000000
48226  -10.267  -28.242  84.916 0.0000000000
132774  -11.612  -29.331  88.162 0.0000000000
47222  -10.277  -29.355  87.341 0.0000000000
47206  -10.332  -30.015  88.634 0.0000000000
47205  -9.261  -30.202  88.458 0.0000000000
47199  -10.561  -30.368  89.144 0.0000000000
46175  -10.150  -31.221  90.321 0.0000000000
54152  -17.240  -22.936  90.431 0.0000000000
53032  -16.446  -23.880  89.217 0.0000000000
51995  -17.530  -24.559  90.080 0.0000000000
49198  -17.351  -27.017  86.504 0.0000000000
49181  -16.831  -26.628  87.934 0.0000000000
49197  -16.436  -27.486  86.483 0.0000000000
48211  -15.780  -27.584  87.122 0.0000000000
48220  -15.140  -28.320  86.003 0.0000000000
69596  -13.636  -5.909  73.049 0.0000000000
69580  -12.810  -5.508  74.657 0.0000000000
68746  -13.050  -6.683  74.231 0.0000000000
116836  -22.669  -15.821  67.278 0.0000000000
61975  -22.753  -14.653  65.691 0.0000000000
110004  -21.689  -15.842  67.032 0.0000000000
60014  -18.679  -16.827  68.192 0.0000000000
61016  -18.936  -15.769  67.161 0.0000000000
61014  -17.370  -15.457  67.508 0.0000000000
61970  -16.782  -14.059  66.765 0.0000000000
61013  -16.661  -15.089  67.834 0.0000000000
56259  -16.546  -20.882  74.208 0.0000000000
56293  -17.289  -20.478  72.686 0.0000000000
127671  -16.085  -19.525  72.740 0.0000000000
60933  -15.236  -15.246  73.092 0.0000000000
113583  -15.523  -16.209  71.720 0.0000000000
61897  -15.178  -14.477  71.811 0.0000000000
113685  -14.977  -13.356  70.256 0.0000000000
63705  -14.720  -12.855  71.510 0.0000000000
64538  -14.517  -11.283  71.195 0.0000000000
109943  -14.473  -11.832  72.916 0.0000000000
64485  -13.779  -11.099  75.988 0.0000000000
65443  -13.819  -10.897  75.163 0.0000000000
118598  -13.244  -9.865  75.772 0.0000000000
67092  -12.546  -8.541  76.289 0.0000000000
66256  -12.783  -9.963  77.074 0.0000000000
67072  -12.125  -9.471  78.311 0.0000000000
65426  -12.620  -10.177  78.038 0.0000000000
62787  -13.691  -13.440  79.662 0.0000000000
64429  -13.422  -11.769  80.179 0.0000000000
62776  -13.736  -13.053  80.812 0.0000000000
62759  -13.480  -13.082  82.060 0.0000000000
62767  -12.883  -13.407  81.580 0.0000000000
58166  -10.755  -18.690  79.605 0.0000000000
59939  -10.340  -16.743  78.735 0.0000000000
59008  -9.656  -17.653  80.059 0.0000000000
58993  -8.501  -17.379  82.604 0.0000000000
59915  -8.808  -16.012  81.960 0.0000000000
60865  -8.762  -15.753  83.152 0.0000000000
118864  -9.609  -14.488  82.746 0.0000000000
124104  -8.927  -15.289  83.886 0.0000000000
61781  -9.390  -14.528  85.021 0.0000000000
59904  -8.593  -16.638  84.886 0.0000000000
118699  -9.663  -20.222  86.314 0.0000000000
58104  -9.448  -18.717  86.406 0.0000000000
121561  -9.872  -20.299  87.355 0.0000000000
120527  -10.325  -18.742  88.625 0.0000000000
75976  -51.223  3.360  58.158 0.0000000000
65529  -48.613  -10.168  64.123 0.0000000000
123398  -48.519  -9.550  63.501 0.0000000000
67231  -47.480  -9.153  63.947 0.0000000000
69730  -45.330  -5.540  62.421 0.0000000000
68873  -45.311  -6.662  62.250 0.0000000000
69732  -44.737  -5.540  61.212 0.0000000000
69742  -44.603  -5.837  60.313 0.0000000000
59094  -3.967  -17.080  68.969 0.0000000000
58229  -3.560  -18.151  73.029 0.0000000000
58239  -3.363  -17.786  71.570 0.0000000000
58231  -5.124  -18.456  72.243 0.0000000000
58163  -4.442  -18.550  80.329 0.0000000000
58179  -4.659  -18.229  79.081 0.0000000000
54150  -7.254  -22.887  90.048 0.0000000000
54143  -7.079  -22.420  91.386 0.0000000000
51985  -6.286  -24.103  91.327 0.0000000000
50113  -5.149  -26.297  92.374 0.0000000000
51979  -5.135  -25.046  92.413 0.0000000000
51006  -4.294  -25.889  92.325 0.0000000000
51983  -3.436  -25.272  91.138 0.0000000000
72254  -10.440  -2.995  81.535 0.0000000000
73118  -10.640  -1.981  80.239 0.0000000000
73992  -10.762  -0.765  81.099 0.0000000000
78418  -14.528  5.392  89.614 0.0000000000
78424  -13.931  4.332  87.433 0.0000000000
79224  -15.333  5.794  89.212 0.0000000000
82178  -5.737  10.225  81.099 0.0000000000
82188  -5.425  10.054  79.686 0.0000000000
82190  -7.482  9.021  79.345 0.0000000000
74906  -8.093  0.155  84.715 0.0000000000
75791  -7.977  1.285  83.754 0.0000000000
74913  -7.661  0.545  84.146 0.0000000000
74930  -6.497  -0.126  82.674 0.0000000000
75799  -6.785  0.976  83.615 0.0000000000
75798  -6.375  1.601  83.491 0.0000000000
77580  -4.098  2.293  85.363 0.0000000000
122538  -5.068  2.543  83.992 0.0000000000
70477  -5.762  -4.083  81.587 0.0000000000
71424  -5.988  -3.420  81.915 0.0000000000
71434  -5.444  -2.984  80.864 0.0000000000
75838  -6.098  0.746  80.180 0.0000000000
112954  -6.123  0.846  80.849 0.0000000000
76732  -6.129  2.415  81.325 0.0000000000
77598  -5.723  3.744  82.674 0.0000000000
76722  -6.111  3.402  81.467 0.0000000000
79275  -6.728  5.476  81.790 0.0000000000
78479  -6.813  4.463  80.924 0.0000000000
76745  -8.107  3.064  79.038 0.0000000000
78488  -7.981  4.508  79.624 0.0000000000
79294  -8.623  5.216  78.472 0.0000000000
80029  -8.591  6.686  78.172 0.0000000000
120353  -8.836  5.240  77.554 0.0000000000
78507  -9.013  4.871  76.589 0.0000000000
77638  -9.178  3.531  77.237 0.0000000000
74051  -7.874  -0.896  75.807 0.0000000000
74998  -8.985  0.238  75.810 0.0000000000
74052  -8.551  -0.476  75.420 0.0000000000
74059  -8.745  -0.698  74.656 0.0000000000
73187  -7.779  -1.861  74.772 0.0000000000
127967  -3.197  -6.025  75.398 0.0000000000
70563  -4.154  -4.528  75.502 0.0000000000
69574  -3.562  -5.636  74.872 0.0000000000
67109  -5.581  -8.319  74.611 0.0000000000
111545  -5.727  -7.066  74.608 0.0000000000
112546  -6.670  -7.197  74.603 0.0000000000
69579  -7.784  -5.218  74.302 0.0000000000
67923  -7.672  -7.281  74.352 0.0000000000
67924  -8.382  -6.890  73.874 0.0000000000
67117  -7.808  -8.374  74.258 0.0000000000
62854  -7.257  -13.185  73.266 0.0000000000
64510  -7.733  -11.607  73.747 0.0000000000
120977  -7.593  -13.524  72.534 0.0000000000
57181  -34.868  -19.488  83.075 0.0000000000
55222  -34.750  -20.831  83.765 0.0000000000
123374  -34.130  -19.842  84.907 0.0000000000
57151  -32.463  -19.848  84.610 0.0000000000
53057  -29.622  -23.480  87.349 0.0000000000
52018  -28.979  -24.044  87.392 0.0000000000
56146  -31.042  -20.822  84.455 0.0000000000
55216  -31.380  -21.348  85.273 0.0000000000
55200  -31.071  -22.494  86.347 0.0000000000
67260  -50.243  -8.286  61.306 0.0000000000
113036  -48.628  -9.543  60.585 0.0000000000
66416  -49.449  -8.842  62.308 0.0000000000
67244  -49.216  -8.868  62.566 0.0000000000
58956  -5.620  -16.795  90.532 0.0000000000
58963  -5.145  -17.497  90.158 0.0000000000
131161  -6.377  -18.636  90.448 0.0000000000
57101  -5.823  -19.928  90.346 0.0000000000
55156  -5.720  -21.565  91.315 0.0000000000
127875  -10.476  -15.929  88.654 0.0000000000
61768  -10.921  -14.561  88.938 0.0000000000
121398  -10.890  -15.932  90.584 0.0000000000
60842  -10.164  -15.089  91.346 0.0000000000
61760  -9.314  -14.150  91.430 0.0000000000
62719  -8.249  -13.260  91.297 0.0000000000
60840  -7.455  -15.091  91.133 0.0000000000
118842  -6.746  -15.739  90.954 0.0000000000
61893  -41.450  -14.171  73.056 0.0000000000
64620  -28.202  -11.303  66.756 0.0000000000
64644  -29.487  -11.298  65.432 0.0000000000
65503  -28.049  -10.684  65.104 0.0000000000
120038  -27.402  -9.154  64.232 0.0000000000
68009  -27.337  -7.470  64.271 0.0000000000
69685  -26.601  -5.801  65.428 0.0000000000
53098  -15.686  -23.604  82.319 0.0000000000
51071  -15.131  -25.262  82.779 0.0000000000
52052  -16.088  -24.175  83.566 0.0000000000
52024  -16.234  -24.313  85.616 0.0000000000
52006  -15.561  -24.974  87.463 0.0000000000
129797  -17.789  -19.216  82.132 0.0000000000
57211  -17.525  -19.809  80.735 0.0000000000
126378  -16.478  -19.226  82.277 0.0000000000
110823  -15.430  -19.478  81.452 0.0000000000
111614  -14.570  -19.545  81.704 0.0000000000
110121  -13.730  -19.713  81.377 0.0000000000
55228  -14.944  -20.373  82.861 0.0000000000
116022  -15.396  -21.707  82.624 0.0000000000
75200  -52.026  0.921  51.933 0.0000000000
74322  -52.101  -0.237  51.780 0.0000000000
113761  -3.552  -14.698  77.304 0.0000000000
59951  -2.929  -15.864  76.395 0.0000000000
59944  -4.202  -16.166  77.318 0.0000000000
122591  -4.195  -16.959  77.187 0.0000000000
58180  -4.711  -18.240  78.053 0.0000000000
76675  -10.027  2.383  88.611 0.0000000000
78408  -11.092  4.331  88.733 0.0000000000
78415  -10.745  4.232  87.502 0.0000000000
78435  -11.011  5.048  85.785 0.0000000000
79261  -11.015  6.125  84.493 0.0000000000
80715  -10.719  7.775  83.973 0.0000000000
115451  -10.198  6.941  84.043 0.0000000000
117534  -8.504  6.998  84.539 0.0000000000
80693  -7.348  7.928  85.744 0.0000000000
81442  -6.835  8.402  86.472 0.0000000000
79991  -6.844  6.922  85.713 0.0000000000
79231  -5.493  5.755  86.734 0.0000000000
78432  -5.851  3.017  85.987 0.0000000000
65405  -5.284  -10.905  80.747 0.0000000000
128239  -5.920  -9.612  80.220 0.0000000000
65415  -5.340  -10.434  80.019 0.0000000000
65414  -4.625  -10.668  79.312 0.0000000000
128782  -4.403  -10.187  78.692 0.0000000000
66245  -3.700  -10.067  78.075 0.0000000000
64445  -3.335  -11.781  78.781 0.0000000000
63664  -2.798  -12.745  78.077 0.0000000000
62821  -35.287  -13.564  76.710 0.0000000000
62812  -35.369  -13.555  77.721 0.0000000000
62803  -37.099  -13.081  79.712 0.0000000000
63645  -37.238  -12.048  81.012 0.0000000000
125119  -31.832  -13.758  82.419 0.0000000000
62780  -32.545  -12.796  81.488 0.0000000000
111983  -31.576  -13.326  80.450 0.0000000000
62799  -30.849  -13.265  78.180 0.0000000000
62830  -30.310  -12.908  75.823 0.0000000000
63691  -30.029  -12.603  74.465 0.0000000000
62843  -29.500  -13.293  74.270 0.0000000000
61863  -28.392  -14.362  73.473 0.0000000000
60943  -27.225  -15.132  72.417 0.0000000000
58097  -20.470  -17.556  88.237 0.0000000000
57111  -20.281  -18.658  90.502 0.0000000000
58081  -21.193  -18.201  90.211 0.0000000000
56106  -22.062  -20.361  90.839 0.0000000000
60942  -26.544  -15.643  72.207 0.0000000000
60928  -26.966  -15.963  73.864 0.0000000000
59963  -26.559  -16.680  75.242 0.0000000000
59044  -26.127  -17.233  75.854 0.0000000000
56142  -26.935  -20.477  84.175 0.0000000000
56171  -26.446  -20.503  82.388 0.0000000000
131807  -25.485  -20.007  83.750 0.0000000000
111406  -24.596  -19.406  84.213 0.0000000000
57158  -23.209  -19.207  83.192 0.0000000000
58141  -22.512  -18.877  83.522 0.0000000000
112020  -22.362  -18.318  85.222 0.0000000000
58109  -21.838  -17.656  87.124 0.0000000000
116376  -52.271  -3.651  57.126 0.0000000000
73351  -52.428  -1.719  57.862 0.0000000000
114980  -52.942  -2.776  59.097 0.0000000000
72461  -52.929  -2.402  60.073 0.0000000000
72460  -52.153  -1.642  60.658 0.0000000000
69806  -48.809  -5.189  57.858 0.0000000000
71637  -48.571  -4.416  57.283 0.0000000000
70794  -47.683  -4.589  57.000 0.0000000000
70829  -51.725  -4.609  55.728 0.0000000000
60859  -6.031  -16.065  83.838 0.0000000000
59912  -4.545  -17.253  82.990 0.0000000000
59905  -4.564  -17.128  84.035 0.0000000000
58984  -2.760  -17.798  83.621 0.0000000000
58122  -1.959  -18.423  84.309 0.0000000000
55185  -2.107  -22.454  86.973 0.0000000000
55195  -1.979  -22.257  86.097 0.0000000000
53048  -1.990  -24.300  86.459 0.0000000000
52011  -2.138  -24.796  85.818 0.0000000000
66210  -11.783  -9.641  82.316 0.0000000000
128224  -11.217  -8.677  82.692 0.0000000000
67026  -12.020  -8.921  84.050 0.0000000000
67020  -12.221  -8.270  84.760 0.0000000000
67837  -13.542  -8.160  86.127 0.0000000000
66174  -13.439  -10.038  90.614 0.0000000000
119772  -15.600  -8.149  89.560 0.0000000000
66989  -13.335  -8.688  88.948 0.0000000000
68643  -13.874  -6.605  89.111 0.0000000000
69470  -12.853  -5.224  88.718 0.0000000000
71391  -12.560  -3.130  89.816 0.0000000000
70443  -11.715  -4.852  87.740 0.0000000000
70442  -10.775  -4.497  86.896 0.0000000000
70441  -10.010  -4.055  86.269 0.0000000000
71404  -9.281  -3.598  85.855 0.0000000000
69475  -9.726  -5.737  85.170 0.0000000000
68658  -9.140  -6.334  84.795 0.0000000000
67833  -7.989  -7.391  85.270 0.0000000000
63607  -6.176  -12.586  87.619 0.0000000000
64406  -6.108  -11.299  87.807 0.0000000000
64410  -6.134  -12.075  87.106 0.0000000000
63617  -5.845  -12.181  86.128 0.0000000000
132018  -5.922  -12.625  85.582 0.0000000000
122199  -5.310  -11.528  84.263 0.0000000000
63618  -6.088  -13.097  85.188 0.0000000000
61780  -6.436  -14.309  84.224 0.0000000000
64655  -45.026  -11.764  65.166 0.0000000000
63755  -45.819  -12.335  67.045 0.0000000000
63746  -46.474  -12.283  67.784 0.0000000000
64566  -45.337  -12.326  71.039 0.0000000000
65468  -46.455  -10.997  71.047 0.0000000000
65480  -45.234  -10.054  69.275 0.0000000000
66336  -45.307  -8.815  68.308 0.0000000000
67987  -45.715  -6.985  67.640 0.0000000000
69673  -45.137  -5.704  66.403 0.0000000000
68817  -44.584  -6.419  65.686 0.0000000000
69716  -44.038  -5.940  65.000 0.0000000000
118837  -38.900  -11.477  75.414 0.0000000000
116227  -40.030  -11.576  74.595 0.0000000000
64521  -38.342  -11.447  73.211 0.0000000000
64547  -37.885  -11.493  71.628 0.0000000000
110987  -37.827  -11.486  69.150 0.0000000000
117831  -9.359  -21.442  86.036 0.0000000000
54185  -8.450  -22.062  86.866 0.0000000000
53062  -8.073  -22.995  85.164 0.0000000000
52035  -7.180  -24.588  84.374 0.0000000000
50155  -7.185  -26.476  84.297 0.0000000000
49194  -12.169  -28.000  86.913 0.0000000000
49206  -11.700  -27.970  86.164 0.0000000000
48196  -12.116  -28.636  87.799 0.0000000000
47215  -12.141  -28.930  88.053 0.0000000000
47201  -11.745  -29.814  88.451 0.0000000000
51026  -19.103  -25.144  89.047 0.0000000000
51025  -18.211  -25.351  89.059 0.0000000000
118612  -18.714  -25.878  87.253 0.0000000000
49210  -18.147  -26.613  86.082 0.0000000000
111637  -14.152  -7.924  72.034 0.0000000000
126199  -21.851  -17.131  69.777 0.0000000000
60016  -20.878  -16.654  68.379 0.0000000000
59087  -20.545  -17.920  70.177 0.0000000000
58267  -19.173  -17.950  69.306 0.0000000000
58265  -17.765  -18.507  69.764 0.0000000000
57304  -14.798  -19.572  74.469 0.0000000000
58214  -14.938  -18.873  73.883 0.0000000000
58224  -14.660  -17.893  74.070 0.0000000000
59968  -15.082  -15.988  74.178 0.0000000000
61861  -15.203  -14.761  73.722 0.0000000000
62856  -14.782  -13.147  73.697 0.0000000000
61846  -15.006  -14.026  75.214 0.0000000000
127893  -14.626  -13.208  76.412 0.0000000000
64462  -14.099  -12.071  77.249 0.0000000000
64448  -14.060  -12.355  78.141 0.0000000000
110814  -14.401  -13.006  78.288 0.0000000000
62797  -13.891  -13.689  78.980 0.0000000000
61801  -12.102  -14.056  79.592 0.0000000000
57185  -10.231  -19.691  81.501 0.0000000000
117193  -9.833  -18.970  81.200 0.0000000000
57169  -9.768  -19.899  82.180 0.0000000000
57168  -9.287  -19.607  82.865 0.0000000000
58136  -8.805  -18.828  83.396 0.0000000000
58115  -8.727  -18.063  84.902 0.0000000000
57146  -9.185  -19.533  84.933 0.0000000000
56133  -9.592  -20.898  85.602 0.0000000000
68003  -46.847  -7.221  65.380 0.0000000000
68017  -46.379  -7.572  64.465 0.0000000000
68858  -46.508  -6.310  64.828 0.0000000000
69727  -45.722  -5.072  63.222 0.0000000000
61877  -5.216  -14.669  72.582 0.0000000000
122231  -4.769  -15.565  71.037 0.0000000000
60973  -3.452  -16.642  69.561 0.0000000000
59082  -3.619  -17.264  69.705 0.0000000000
57320  -6.091  -19.440  73.476 0.0000000000
51020  -5.672  -25.511  89.829 0.0000000000
51984  -5.940  -24.676  90.930 0.0000000000
132368  -10.671  -1.069  83.824 0.0000000000
74931  -10.781  0.073  82.826 0.0000000000
74922  -11.176  0.662  84.315 0.0000000000
76699  -12.063  2.459  84.073 0.0000000000
78447  -13.542  3.989  84.588 0.0000000000
110895  -15.842  7.701  88.618 0.0000000000
79976  -16.686  6.980  89.350 0.0000000000
81480  -7.175  8.739  81.985 0.0000000000
116506  -7.084  -2.288  84.176 0.0000000000
127780  -7.104  -0.885  84.222 0.0000000000
131173  -6.807  -2.151  83.732 0.0000000000
73095  -6.718  -1.597  83.192 0.0000000000
73102  -6.501  -0.977  82.501 0.0000000000
71443  -5.051  -3.398  79.573 0.0000000000
73117  -4.478  -1.355  80.277 0.0000000000
73126  -4.046  -1.255  79.586 0.0000000000
74959  -5.613  0.114  79.749 0.0000000000
75839  -6.532  1.289  79.854 0.0000000000
76734  -6.870  2.971  80.381 0.0000000000
75848  -7.028  0.936  79.184 0.0000000000
75849  -7.703  1.352  78.773 0.0000000000
75850  -8.324  1.780  78.345 0.0000000000
75856  -8.687  1.488  77.628 0.0000000000
74991  -8.157  -0.050  77.038 0.0000000000
74042  -7.648  -0.650  76.597 0.0000000000
72303  -6.569  -1.874  75.810 0.0000000000
66274  -2.142  -9.064  74.655 0.0000000000
67919  -2.863  -7.391  74.685 0.0000000000
66275  -3.139  -9.037  74.536 0.0000000000
110414  -5.012  -9.822  74.619 0.0000000000
66277  -6.027  -9.667  74.611 0.0000000000
65451  -6.630  -10.332  74.503 0.0000000000
63688  -5.672  -12.026  74.495 0.0000000000
63694  -6.119  -12.769  74.155 0.0000000000
69602  -9.775  -5.550  71.794 0.0000000000
59936  -33.371  -16.035  80.201 0.0000000000
129558  -34.044  -15.199  81.034 0.0000000000
59929  -33.804  -16.415  81.144 0.0000000000
113688  -34.655  -14.831  83.030 0.0000000000
60876  -34.000  -14.569  83.643 0.0000000000
58990  -34.464  -17.115  84.003 0.0000000000
59910  -33.208  -15.685  84.430 0.0000000000
61788  -32.310  -14.565  83.978 0.0000000000
60874  -31.122  -14.953  82.758 0.0000000000
60881  -30.442  -15.407  81.923 0.0000000000
59934  -29.107  -16.021  79.958 0.0000000000
57125  -26.005  -19.649  88.758 0.0000000000
56109  -25.011  -20.238  89.806 0.0000000000
55182  -26.028  -21.487  89.204 0.0000000000
53036  -25.999  -23.394  88.081 0.0000000000
59927  -28.546  -16.687  79.557 0.0000000000
59010  -29.295  -17.280  80.934 0.0000000000
132029  -28.925  -19.527  81.342 0.0000000000
56173  -28.698  -20.422  82.348 0.0000000000
56145  -30.185  -20.936  84.159 0.0000000000
115846  -29.445  -20.976  83.957 0.0000000000
128511  -28.201  -20.854  83.619 0.0000000000
113693  -27.196  -20.491  85.136 0.0000000000
56129  -26.881  -20.005  86.953 0.0000000000
68900  -51.200  -6.663  58.341 0.0000000000
69786  -52.398  -5.452  59.656 0.0000000000
68064  -51.769  -6.509  60.367 0.0000000000
129262  -51.654  -6.351  61.087 0.0000000000
69743  -50.798  -5.893  61.041 0.0000000000
67254  -50.514  -7.636  61.673 0.0000000000
68882  -50.125  -6.456  61.032 0.0000000000
68890  -49.498  -6.112  59.788 0.0000000000
68895  -48.484  -6.446  59.038 0.0000000000
69782  -46.978  -5.931  57.918 0.0000000000
69780  -45.218  -5.804  58.088 0.0000000000
60849  -3.819  -15.458  88.064 0.0000000000
59893  -2.994  -16.668  87.390 0.0000000000
59891  -3.010  -16.326  88.157 0.0000000000
58093  -2.846  -17.877  87.615 0.0000000000
56119  -2.935  -19.915  87.515 0.0000000000
116621  -4.829  -18.884  89.354 0.0000000000
56111  -4.013  -20.448  88.673 0.0000000000
55187  -3.199  -21.210  88.183 0.0000000000
54156  -2.224  -22.885  88.591 0.0000000000
53031  -2.156  -23.736  88.423 0.0000000000
113811  -2.504  -24.942  88.514 0.0000000000
62742  -11.816  -12.929  85.233 0.0000000000
128770  -14.140  -12.169  85.727 0.0000000000
63614  -13.007  -12.620  86.938 0.0000000000
63610  -14.060  -12.482  87.783 0.0000000000
63602  -13.568  -12.302  90.020 0.0000000000
114294  -11.516  -13.688  88.951 0.0000000000
63604  -12.479  -13.040  89.714 0.0000000000
64400  -13.615  -11.390  90.838 0.0000000000
131873  -11.673  -9.926  91.061 0.0000000000
66172  -11.164  -9.650  89.924 0.0000000000
66191  -10.014  -9.220  87.968 0.0000000000
66190  -8.917  -9.135  88.138 0.0000000000
65376  -8.711  -9.766  89.808 0.0000000000
64394  -7.691  -10.394  90.212 0.0000000000
112970  -6.668  -11.218  89.271 0.0000000000
62718  -6.739  -12.750  90.975 0.0000000000
62721  -5.887  -12.328  90.459 0.0000000000
62727  -6.205  -12.345  89.470 0.0000000000
128648  -5.804  -13.098  88.869 0.0000000000
113661  -4.813  -14.362  88.372 0.0000000000
60990  -43.689  -15.256  69.164 0.0000000000
61932  -45.101  -14.616  71.001 0.0000000000
60971  -42.694  -15.203  70.795 0.0000000000
130647  -43.518  -14.889  71.197 0.0000000000
62880  -45.328  -13.848  71.676 0.0000000000
63731  -44.438  -12.482  70.629 0.0000000000
63730  -43.657  -12.174  69.692 0.0000000000
64612  -42.930  -11.295  67.984 0.0000000000
110434  -33.151  -11.400  70.990 0.0000000000
110428  -34.176  -11.531  69.729 0.0000000000
110422  -33.366  -11.662  68.317 0.0000000000
64625  -33.242  -11.846  66.677 0.0000000000
64668  -32.641  -11.381  64.347 0.0000000000
64665  -29.971  -11.160  64.710 0.0000000000
65534  -31.628  -10.658  63.701 0.0000000000
65535  -32.473  -10.284  63.479 0.0000000000
52064  -9.927  -23.974  81.814 0.0000000000
51068  -9.058  -25.627  82.076 0.0000000000
50183  -10.472  -26.102  81.384 0.0000000000
50176  -11.537  -26.697  82.148 0.0000000000
49228  -12.029  -27.204  83.951 0.0000000000
50169  -14.032  -26.224  84.039 0.0000000000
50148  -13.296  -26.668  85.260 0.0000000000
49207  -12.652  -27.140  85.613 0.0000000000
49196  -13.220  -27.443  87.417 0.0000000000
49177  -13.385  -28.090  88.016 0.0000000000
48191  -13.943  -28.378  87.939 0.0000000000
66344  -15.601  -9.899  66.830 0.0000000000
56223  -20.223  -20.115  76.245 0.0000000000
56262  -19.218  -20.744  74.330 0.0000000000
125564  -18.751  -20.922  75.774 0.0000000000
56247  -17.866  -21.246  75.598 0.0000000000
125117  -16.050  -21.214  75.685 0.0000000000
120805  -16.225  -20.720  78.717 0.0000000000
56219  -15.800  -21.036  77.773 0.0000000000
126696  -14.823  -20.611  75.661 0.0000000000
57277  -14.180  -20.138  75.677 0.0000000000
57275  -12.967  -19.336  76.474 0.0000000000
59034  -12.484  -17.798  76.371 0.0000000000
59026  -11.874  -17.435  77.026 0.0000000000
58182  -11.719  -18.802  77.777 0.0000000000
57225  -11.448  -19.117  79.446 0.0000000000
57207  -11.127  -19.261  80.278 0.0000000000
57188  -12.934  -19.779  81.212 0.0000000000
57187  -12.113  -19.900  81.056 0.0000000000
56179  -11.587  -20.388  81.372 0.0000000000
55233  -11.585  -21.265  81.595 0.0000000000
54238  -10.957  -22.728  81.725 0.0000000000
73255  -47.669  -0.672  66.744 0.0000000000
62850  -2.124  -13.828  73.920 0.0000000000
60932  -2.136  -15.819  72.636 0.0000000000
60926  -1.794  -15.475  74.176 0.0000000000
124170  -2.200  -17.161  74.105 0.0000000000
58221  -3.403  -18.153  73.827 0.0000000000
59033  -3.220  -17.474  76.016 0.0000000000
58202  -4.077  -18.249  75.552 0.0000000000
58212  -5.140  -18.782  74.390 0.0000000000
116342  -8.078  -30.773  91.683 0.0000000000
75777  -12.577  1.164  88.536 0.0000000000
123273  -12.668  1.811  88.087 0.0000000000
131809  -12.854  2.759  89.514 0.0000000000
77553  -13.157  4.552  90.446 0.0000000000
79213  -14.061  5.852  90.096 0.0000000000
79222  -12.051  5.327  88.901 0.0000000000
79967  -13.256  6.137  89.188 0.0000000000
79975  -14.599  6.867  89.453 0.0000000000
115056  -15.050  7.854  86.074 0.0000000000
121785  -10.791  9.110  83.703 0.0000000000
81438  -5.318  8.576  87.998 0.0000000000
81436  -4.324  8.568  88.634 0.0000000000
81437  -2.723  8.688  87.948 0.0000000000
116192  -2.597  6.784  87.263 0.0000000000
79989  -3.353  6.159  85.575 0.0000000000
68662  -3.481  -6.449  83.845 0.0000000000
70468  -3.531  -4.735  83.784 0.0000000000
68672  -3.922  -5.704  83.151 0.0000000000
69502  -5.264  -5.330  82.118 0.0000000000
122160  -5.570  -5.005  80.665 0.0000000000
68696  -5.951  -6.356  79.535 0.0000000000
110226  -5.525  -4.889  79.550 0.0000000000
70501  -5.193  -4.096  79.081 0.0000000000
112330  -4.772  -3.970  78.162 0.0000000000
71463  -4.343  -3.683  77.314 0.0000000000
71487  -4.289  -3.521  76.483 0.0000000000
112447  -4.203  -5.078  76.558 0.0000000000
68725  -3.297  -6.362  75.873 0.0000000000
67902  -2.344  -7.685  75.521 0.0000000000
65424  -2.330  -10.009  77.055 0.0000000000
66262  -1.951  -9.640  76.356 0.0000000000
66270  -1.655  -9.556  75.166 0.0000000000
64498  -1.893  -10.611  74.939 0.0000000000
121608  -2.211  -12.708  74.887 0.0000000000
114139  -10.581  0.478  72.137 0.0000000000
74088  -9.951  -0.903  72.849 0.0000000000
62847  -38.701  -13.834  75.429 0.0000000000
62835  -39.370  -13.279  76.262 0.0000000000
62823  -37.509  -13.508  76.887 0.0000000000
62815  -39.124  -12.520  78.073 0.0000000000
64482  -39.798  -11.938  76.892 0.0000000000
64494  -38.620  -11.486  76.307 0.0000000000
117448  -36.507  -11.447  75.212 0.0000000000
64519  -35.118  -11.440  73.891 0.0000000000
61805  -34.849  -14.261  81.258 0.0000000000
62782  -36.212  -12.563  81.807 0.0000000000
64435  -36.818  -11.812  81.130 0.0000000000
63651  -33.444  -11.846  80.419 0.0000000000
64442  -34.192  -11.531  79.940 0.0000000000
110692  -34.782  -11.377  78.237 0.0000000000
64477  -34.460  -11.373  76.650 0.0000000000
131926  -33.949  -11.353  75.249 0.0000000000
64529  -33.849  -11.353  72.654 0.0000000000
64542  -32.755  -11.266  71.741 0.0000000000
64556  -30.767  -11.075  70.601 0.0000000000
64575  -29.849  -11.229  69.295 0.0000000000
63708  -29.401  -11.654  71.982 0.0000000000
64554  -29.007  -11.422  70.670 0.0000000000
64593  -28.655  -11.349  68.494 0.0000000000
64605  -27.618  -11.443  67.473 0.0000000000
63752  -26.282  -11.896  66.852 0.0000000000
63760  -25.231  -12.014  65.834 0.0000000000
56135  -17.289  -20.377  86.296 0.0000000000
55198  -17.367  -21.404  86.570 0.0000000000
121407  -17.555  -20.665  87.335 0.0000000000
55167  -17.819  -21.252  90.364 0.0000000000
130309  -18.054  -22.796  91.123 0.0000000000
56103  -19.268  -20.050  91.177 0.0000000000
54145  -19.482  -22.409  91.331 0.0000000000
51997  -19.401  -24.337  90.180 0.0000000000
52008  -20.127  -24.897  87.850 0.0000000000
63759  -24.537  -12.490  65.447 0.0000000000
62912  -24.727  -13.570  66.344 0.0000000000
61020  -24.354  -15.183  67.696 0.0000000000
60997  -23.436  -16.203  68.597 0.0000000000
59991  -25.118  -16.314  71.227 0.0000000000
59990  -24.148  -16.670  71.099 0.0000000000
59090  -23.250  -16.868  70.649 0.0000000000
59076  -22.532  -17.553  71.717 0.0000000000
121988  -22.193  -18.473  73.515 0.0000000000
57307  -21.431  -19.235  74.571 0.0000000000
59020  -27.297  -17.630  78.268 0.0000000000
59019  -26.716  -17.894  77.737 0.0000000000
59027  -25.465  -18.446  77.216 0.0000000000
57218  -25.714  -20.061  80.232 0.0000000000
57256  -25.368  -19.438  78.666 0.0000000000
113596  -24.583  -18.951  77.355 0.0000000000
57266  -23.573  -19.148  77.088 0.0000000000
57279  -22.101  -19.327  76.742 0.0000000000
57278  -20.957  -19.684  76.646 0.0000000000
57251  -20.712  -19.638  78.331 0.0000000000
57233  -19.958  -19.571  79.860 0.0000000000
57194  -19.198  -19.430  81.140 0.0000000000
58152  -21.156  -18.925  82.619 0.0000000000
122070  -19.610  -19.020  82.516 0.0000000000
57174  -18.759  -19.197  82.108 0.0000000000
58138  -18.152  -18.650  83.684 0.0000000000
57141  -16.991  -19.138  85.485 0.0000000000
73373  -52.616  -1.188  53.950 0.0000000000
75152  -52.359  0.803  55.011 0.0000000000
74280  -51.886  -0.155  55.441 0.0000000000
75151  -51.884  0.980  56.180 0.0000000000
75966  -51.390  2.290  58.730 0.0000000000
73334  -52.424  -0.570  58.838 0.0000000000
75123  -51.806  1.255  59.478 0.0000000000
75955  -50.457  2.679  59.767 0.0000000000
75954  -48.655  2.906  58.738 0.0000000000
70776  -52.352  -4.170  60.879 0.0000000000
71631  -51.755  -2.497  60.479 0.0000000000
72467  -50.660  -2.189  58.904 0.0000000000
71654  -49.347  -2.900  57.299 0.0000000000
73349  -49.185  -1.966  57.136 0.0000000000
73332  -49.040  -0.882  57.411 0.0000000000
71684  -52.928  -3.411  52.495 0.0000000000
61797  -6.130  -14.549  80.276 0.0000000000
59931  -5.305  -16.202  79.539 0.0000000000
59925  -5.337  -16.498  80.354 0.0000000000
59924  -4.747  -17.296  80.488 0.0000000000
123762  -4.253  -18.796  80.934 0.0000000000
113355  -4.122  -17.569  82.110 0.0000000000
58155  -3.761  -18.574  81.571 0.0000000000
56177  -4.406  -20.126  81.075 0.0000000000
55232  -4.179  -21.721  81.462 0.0000000000
117012  -2.680  -17.433  85.890 0.0000000000
58114  -1.840  -18.074  85.086 0.0000000000
115350  -2.125  -20.507  84.004 0.0000000000
55202  -1.890  -22.174  85.255 0.0000000000
55210  -1.860  -22.317  84.466 0.0000000000
121716  -2.054  -21.578  83.827 0.0000000000
69530  -10.715  -5.840  78.735 0.0000000000
70514  -10.765  -4.348  78.660 0.0000000000
69521  -10.528  -5.515  79.678 0.0000000000
120178  -10.470  -4.879  81.311 0.0000000000
70469  -10.479  -3.804  82.386 0.0000000000
68663  -10.606  -6.620  83.068 0.0000000000
70457  -10.746  -4.810  83.585 0.0000000000
72236  -10.589  -2.791  83.345 0.0000000000
72231  -11.070  -2.352  84.693 0.0000000000
72226  -11.704  -2.346  85.727 0.0000000000
73080  -12.414  -1.190  87.129 0.0000000000
65383  -14.546  -10.605  86.422 0.0000000000
67008  -14.337  -8.549  86.794 0.0000000000
68649  -14.446  -6.595  87.228 0.0000000000
127457  -15.904  -7.685  89.255 0.0000000000
68650  -15.518  -6.572  88.463 0.0000000000
69474  -14.504  -5.162  87.643 0.0000000000
117889  -13.430  -3.678  87.222 0.0000000000
72223  -13.088  -2.230  87.772 0.0000000000
73960  -12.555  -0.471  88.396 0.0000000000
74901  -12.390  -0.031  88.815 0.0000000000
74898  -11.738  0.201  89.812 0.0000000000
128790  -11.122  -0.090  89.839 0.0000000000
132394  -11.150  -2.228  89.462 0.0000000000
73955  -10.592  -0.912  89.587 0.0000000000
75774  -10.185  1.487  89.159 0.0000000000
123157  -9.715  1.663  88.042 0.0000000000
75779  -9.225  1.359  87.172 0.0000000000
76687  -8.573  2.361  84.996 0.0000000000
76697  -8.155  2.224  83.989 0.0000000000
74907  -8.529  0.507  85.160 0.0000000000
73964  -7.901  -0.706  85.313 0.0000000000
72224  -7.677  -1.921  85.064 0.0000000000
71403  -8.553  -3.215  85.408 0.0000000000
71402  -7.825  -2.885  84.857 0.0000000000
109960  -7.267  -2.763  84.389 0.0000000000
70453  -5.594  -4.186  84.516 0.0000000000
120464  -5.017  -5.144  84.801 0.0000000000
69479  -3.240  -5.112  84.818 0.0000000000
66995  -8.342  -8.696  87.377 0.0000000000
67003  -7.690  -8.299  86.594 0.0000000000
67012  -6.445  -8.030  86.240 0.0000000000
66186  -4.799  -9.811  87.872 0.0000000000
67002  -5.595  -8.487  87.048 0.0000000000
67832  -6.799  -7.501  85.516 0.0000000000
67840  -5.644  -7.160  85.308 0.0000000000
67838  -3.598  -6.797  85.015 0.0000000000
68661  -3.205  -6.205  84.689 0.0000000000
116401  -4.623  -8.127  83.710 0.0000000000
65394  -5.358  -10.452  82.448 0.0000000000
64417  -5.330  -11.541  83.506 0.0000000000
115285  -5.393  -11.636  82.722 0.0000000000
64419  -5.307  -11.139  82.186 0.0000000000
63631  -5.522  -12.207  81.620 0.0000000000
62773  -6.011  -13.654  80.531 0.0000000000
65553  -47.853  -10.631  62.381 0.0000000000
132633  -46.443  -11.292  62.800 0.0000000000
64677  -47.752  -11.154  63.988 0.0000000000
66388  -48.531  -10.015  64.764 0.0000000000
113654  -46.884  -11.502  65.241 0.0000000000
65509  -48.314  -10.599  65.170 0.0000000000
67196  -47.756  -8.976  65.661 0.0000000000
68004  -47.376  -7.837  65.994 0.0000000000
69701  -47.732  -5.586  66.472 0.0000000000
70717  -48.212  -3.775  67.071 0.0000000000
129899  -45.172  -13.907  68.523 0.0000000000
63736  -46.279  -12.977  68.675 0.0000000000
115212  -48.194  -10.962  69.480 0.0000000000
65469  -47.121  -10.542  71.255 0.0000000000
66315  -47.981  -9.292  70.974 0.0000000000
67164  -48.666  -8.124  69.447 0.0000000000
67990  -48.592  -6.607  68.984 0.0000000000
70697  -48.287  -4.006  68.285 0.0000000000
71573  -48.054  -2.134  67.240 0.0000000000
73241  -47.738  -0.651  67.088 0.0000000000
73240  -47.013  -0.193  67.293 0.0000000000
128614  -45.067  -0.019  67.561 0.0000000000
71571  -44.489  -3.549  66.178 0.0000000000
72383  -44.186  -1.739  66.794 0.0000000000
132703  -38.807  -14.505  73.105 0.0000000000
61873  -40.278  -14.197  73.611 0.0000000000
62871  -41.637  -13.069  73.045 0.0000000000
64535  -39.922  -11.508  72.953 0.0000000000
63718  -41.026  -12.011  71.703 0.0000000000
63719  -41.692  -12.441  71.086 0.0000000000
64565  -41.490  -12.089  69.957 0.0000000000
64611  -41.993  -11.535  67.874 0.0000000000
65492  -41.795  -10.755  66.535 0.0000000000
64581  -35.711  -11.547  69.056 0.0000000000
111516  -36.772  -11.621  67.744 0.0000000000
64630  -37.897  -11.591  66.558 0.0000000000
65539  -36.382  -10.727  63.499 0.0000000000
64672  -37.495  -11.375  64.843 0.0000000000
64631  -38.755  -11.522  66.736 0.0000000000
64654  -40.201  -11.154  66.188 0.0000000000
65527  -41.258  -10.175  64.918 0.0000000000
66387  -42.445  -9.241  64.642 0.0000000000
67229  -42.545  -8.051  63.828 0.0000000000
56097  -9.469  -20.159  90.242 0.0000000000
56101  -8.890  -20.625  90.492 0.0000000000
56112  -9.300  -20.794  89.854 0.0000000000
54159  -7.587  -22.249  89.441 0.0000000000
114779  -6.463  -23.611  88.888 0.0000000000
53050  -6.764  -22.998  86.977 0.0000000000
111935  -6.225  -23.860  88.114 0.0000000000
51999  -5.965  -24.432  88.750 0.0000000000
50126  -5.638  -26.244  89.325 0.0000000000
115556  -6.277  -28.367  89.321 0.0000000000
122614  -7.198  -29.767  89.735 0.0000000000
50173  -8.700  -26.260  82.547 0.0000000000
50156  -7.917  -27.081  83.838 0.0000000000
48224  -8.317  -28.209  84.957 0.0000000000
48207  -10.648  -28.869  86.687 0.0000000000
48206  -9.528  -29.156  86.392 0.0000000000
114610  -7.703  -28.798  86.459 0.0000000000
112146  -8.094  -29.937  88.299 0.0000000000
132930  -7.778  -30.086  89.173 0.0000000000
126082  -7.995  -30.380  89.999 0.0000000000
127929  -8.909  -31.061  91.125 0.0000000000
54187  -16.858  -23.103  87.603 0.0000000000
53042  -16.442  -23.811  88.318 0.0000000000
52000  -15.768  -25.063  88.399 0.0000000000
51024  -17.418  -25.531  89.083 0.0000000000
50129  -16.318  -26.050  88.609 0.0000000000
120625  -15.663  -26.072  88.476 0.0000000000
124037  -15.091  -27.179  88.194 0.0000000000
48198  -14.296  -28.385  87.551 0.0000000000
47224  -13.890  -29.112  87.209 0.0000000000
128636  -12.964  -3.741  74.889 0.0000000000
70565  -12.490  -4.390  75.459 0.0000000000
69555  -11.710  -5.529  76.653 0.0000000000
62935  -23.041  -13.314  64.779 0.0000000000
62933  -21.316  -13.176  64.446 0.0000000000
62932  -19.719  -13.230  64.616 0.0000000000
61017  -19.853  -15.835  67.135 0.0000000000
61972  -19.034  -14.736  65.941 0.0000000000
62931  -18.753  -13.047  64.745 0.0000000000
62918  -16.862  -12.321  65.638 0.0000000000
63749  -16.158  -12.339  66.368 0.0000000000
110118  -14.987  -11.246  68.054 0.0000000000
56294  -18.217  -20.513  72.390 0.0000000000
57349  -17.641  -19.746  71.209 0.0000000000
59085  -16.478  -17.748  70.280 0.0000000000
59064  -15.516  -17.643  72.524 0.0000000000
59989  -16.049  -17.288  70.763 0.0000000000
60977  -16.077  -15.709  69.350 0.0000000000
61937  -15.770  -14.852  69.137 0.0000000000
112607  -14.977  -12.471  68.922 0.0000000000
64571  -14.723  -11.054  68.888 0.0000000000
65467  -14.566  -10.063  70.043 0.0000000000
112333  -14.388  -9.683  71.750 0.0000000000
67128  -13.982  -8.517  72.694 0.0000000000
128214  -14.349  -11.398  73.581 0.0000000000
66286  -13.919  -9.669  73.618 0.0000000000
66285  -13.636  -8.958  73.861 0.0000000000
67913  -12.873  -7.768  75.031 0.0000000000
67905  -12.178  -7.000  76.141 0.0000000000
68716  -11.452  -6.472  77.321 0.0000000000
67884  -11.353  -7.618  78.038 0.0000000000
126016  -11.320  -8.586  79.197 0.0000000000
66224  -11.447  -9.292  80.644 0.0000000000
64447  -13.483  -11.761  78.922 0.0000000000
65406  -12.753  -10.919  80.237 0.0000000000
111116  -12.490  -10.587  80.910 0.0000000000
65395  -12.906  -10.958  82.307 0.0000000000
64418  -13.717  -11.989  83.077 0.0000000000
62753  -12.856  -12.894  83.662 0.0000000000
126162  -10.942  -16.549  78.050 0.0000000000
60898  -10.749  -15.849  78.516 0.0000000000
60886  -10.364  -14.935  79.858 0.0000000000
59007  -9.289  -17.467  80.550 0.0000000000
60885  -9.810  -15.207  80.389 0.0000000000
61799  -10.561  -14.387  80.543 0.0000000000
62765  -10.833  -13.726  82.337 0.0000000000
62756  -10.936  -13.512  83.065 0.0000000000
62747  -12.285  -12.907  84.411 0.0000000000
62745  -10.418  -13.495  84.858 0.0000000000
61779  -9.548  -14.440  85.979 0.0000000000
60854  -9.469  -15.089  86.638 0.0000000000
58977  -8.718  -17.323  85.415 0.0000000000
58973  -9.150  -17.282  86.397 0.0000000000
123447  -10.130  -16.720  88.164 0.0000000000
58967  -10.521  -17.268  89.060 0.0000000000
58080  -10.276  -18.791  89.677 0.0000000000
65549  -48.793  -10.057  62.704 0.0000000000
123733  -48.646  -9.018  62.960 0.0000000000
67250  -47.449  -8.530  62.434 0.0000000000
129374  -46.016  -8.076  62.808 0.0000000000
68042  -46.331  -8.174  62.151 0.0000000000
68053  -46.787  -7.769  60.808 0.0000000000
68060  -46.328  -7.261  59.932 0.0000000000
68886  -45.132  -6.187  58.930 0.0000000000
59980  -2.356  -16.383  71.763 0.0000000000
59071  -3.468  -17.509  70.626 0.0000000000
119565  -4.868  -16.826  79.082 0.0000000000
57244  -4.990  -18.822  78.899 0.0000000000
55158  -7.345  -21.638  91.129 0.0000000000
55154  -6.727  -22.099  91.550 0.0000000000
54142  -5.343  -22.291  91.542 0.0000000000
51982  -5.975  -24.332  92.000 0.0000000000
54137  -5.265  -23.659  92.125 0.0000000000
53018  -4.401  -23.720  91.734 0.0000000000
51990  -3.160  -24.475  90.530 0.0000000000
51011  -3.057  -25.274  90.093 0.0000000000
50123  -2.866  -26.136  88.668 0.0000000000
72278  -10.790  -2.706  79.069 0.0000000000
74010  -11.397  -0.453  79.518 0.0000000000
114199  -11.400  0.804  81.369 0.0000000000
77567  -13.398  3.713  86.728 0.0000000000
78436  -13.791  4.260  86.153 0.0000000000
79262  -15.189  4.862  85.191 0.0000000000
79226  -17.255  6.437  88.720 0.0000000000
79251  -16.711  5.300  86.396 0.0000000000
121656  -8.175  2.455  84.430 0.0000000000
77571  -6.349  2.159  85.554 0.0000000000
77570  -5.411  2.102  86.325 0.0000000000
74912  -6.933  0.537  83.895 0.0000000000
75783  -6.353  1.741  84.804 0.0000000000
76680  -4.340  2.224  87.006 0.0000000000
78429  -2.944  2.720  86.977 0.0000000000
79242  -2.980  4.016  85.847 0.0000000000
79255  -4.326  5.270  84.227 0.0000000000
71415  -5.615  -3.998  83.231 0.0000000000
72253  -6.052  -2.526  81.877 0.0000000000
73982  -6.159  -0.361  81.879 0.0000000000
73990  -5.050  -0.956  80.638 0.0000000000
74940  -5.903  0.141  81.176 0.0000000000
75808  -6.354  1.486  82.417 0.0000000000
76711  -5.740  2.853  83.151 0.0000000000
78455  -5.393  4.361  83.141 0.0000000000
120885  -5.145  5.681  83.688 0.0000000000
128999  -6.336  6.064  82.866 0.0000000000
80008  -7.303  6.939  82.066 0.0000000000
80011  -7.758  7.040  81.293 0.0000000000
78480  -7.411  4.492  80.358 0.0000000000
79280  -7.972  6.295  80.645 0.0000000000
80728  -8.247  7.889  80.178 0.0000000000
118295  -8.303  8.041  78.802 0.0000000000
78514  -8.950  4.864  75.653 0.0000000000
77654  -9.696  3.431  74.924 0.0000000000
75864  -9.379  1.681  76.438 0.0000000000
75870  -9.718  1.766  75.647 0.0000000000
115737  -10.012  2.213  74.887 0.0000000000
75004  -9.693  0.599  74.512 0.0000000000
73189  -9.047  -0.953  73.975 0.0000000000
73201  -8.917  -1.762  73.659 0.0000000000
71499  -4.451  -3.621  75.866 0.0000000000
124925  -5.125  -3.491  75.482 0.0000000000
71500  -5.749  -3.149  75.387 0.0000000000
68740  -4.092  -6.315  74.612 0.0000000000
69576  -5.447  -5.438  74.681 0.0000000000
72336  -6.674  -3.046  74.991 0.0000000000
121938  -7.448  -3.217  74.577 0.0000000000
71524  -8.525  -3.688  73.780 0.0000000000
71525  -9.249  -3.537  73.175 0.0000000000
69587  -9.137  -5.466  73.196 0.0000000000
121763  -8.980  -7.042  73.282 0.0000000000
65458  -7.864  -10.246  73.958 0.0000000000
57104  -8.620  -19.637  90.806 0.0000000000
58960  -9.594  -18.120  90.874 0.0000000000
58959  -8.592  -18.144  91.010 0.0000000000
64640  -25.436  -11.226  65.583 0.0000000000
65517  -25.610  -10.501  65.212 0.0000000000
110260  -24.928  -9.992  64.719 0.0000000000
66380  -24.765  -9.105  64.501 0.0000000000
65516  -24.078  -10.652  64.597 0.0000000000
55213  -16.530  -21.315  84.558 0.0000000000
54209  -16.859  -22.095  85.024 0.0000000000
56141  -16.425  -20.292  84.756 0.0000000000
56155  -15.916  -19.760  84.117 0.0000000000
118156  -16.235  -21.528  83.867 0.0000000000
74294  -53.035  -0.233  52.999 0.0000000000
132597  -52.893  0.458  53.410 0.0000000000
126271  -52.989  -0.851  53.263 0.0000000000
62796  -5.401  -14.184  78.976 0.0000000000
61814  -5.447  -15.011  78.757 0.0000000000
70544  -11.643  -4.666  76.774 0.0000000000
71488  -11.688  -3.750  76.875 0.0000000000
70527  -11.188  -4.323  77.644 0.0000000000
77573  -9.167  3.395  85.296 0.0000000000
78433  -9.622  4.250  84.953 0.0000000000
77583  -8.946  3.885  84.773 0.0000000000
78444  -7.647  3.937  84.749 0.0000000000
120139  -5.710  -13.905  79.742 0.0000000000
62795  -4.657  -13.739  78.585 0.0000000000
61820  -33.045  -14.683  78.682 0.0000000000
60902  -29.271  -15.199  78.478 0.0000000000
60909  -28.818  -15.401  77.440 0.0000000000
59942  -32.400  -16.420  78.741 0.0000000000
60903  -32.516  -15.357  78.507 0.0000000000
58090  -24.346  -18.100  88.845 0.0000000000
57122  -23.857  -18.349  89.719 0.0000000000
57123  -24.595  -18.747  89.401 0.0000000000
59957  -28.176  -15.974  76.901 0.0000000000
59948  -28.271  -16.078  77.636 0.0000000000
58102  -25.369  -18.693  88.059 0.0000000000
58113  -25.238  -18.658  87.429 0.0000000000
58101  -24.831  -18.237  88.060 0.0000000000
58100  -24.049  -17.824  88.012 0.0000000000
115879  -51.865  -6.019  58.545 0.0000000000
119273  -50.807  -6.634  57.363 0.0000000000
69825  -51.424  -5.698  56.738 0.0000000000
59895  -4.534  -16.265  86.418 0.0000000000
126302  -2.565  -25.749  87.450 0.0000000000
51028  -2.458  -25.651  86.839 0.0000000000
63624  -13.703  -12.217  84.345 0.0000000000
65389  -13.726  -11.448  84.497 0.0000000000
64413  -14.004  -11.983  84.955 0.0000000000
66998  -11.375  -8.568  87.429 0.0000000000
128656  -10.892  -8.254  86.804 0.0000000000
67006  -10.849  -7.553  86.379 0.0000000000
67015  -10.119  -7.658  85.901 0.0000000000
60853  -5.147  -15.735  86.490 0.0000000000
65494  -43.769  -9.902  67.134 0.0000000000
66350  -43.830  -9.384  66.403 0.0000000000
66367  -43.542  -9.150  65.656 0.0000000000
64531  -35.416  -11.482  72.710 0.0000000000
64545  -35.970  -11.501  72.040 0.0000000000
110437  -35.088  -11.475  72.041 0.0000000000
53085  -9.329  -23.240  83.350 0.0000000000
53084  -8.653  -23.687  83.636 0.0000000000
52050  -8.996  -24.028  82.852 0.0000000000
47217  -13.657  -28.963  87.928 0.0000000000
47210  -13.036  -29.049  88.196 0.0000000000
120971  -15.074  -8.889  68.134 0.0000000000
66321  -14.832  -9.512  68.557 0.0000000000
57324  -20.423  -19.807  73.487 0.0000000000
122745  -20.276  -19.667  72.578 0.0000000000
59953  -13.081  -16.893  76.061 0.0000000000
59960  -13.585  -17.044  75.582 0.0000000000
60915  -14.220  -15.440  76.276 0.0000000000
60914  -13.276  -15.892  76.577 0.0000000000
60907  -12.922  -15.259  77.399 0.0000000000
53086  -9.771  -22.898  82.979 0.0000000000
54219  -10.037  -22.370  82.874 0.0000000000
54218  -9.600  -22.435  83.717 0.0000000000
70716  -47.745  -3.384  66.023 0.0000000000
70726  -46.994  -3.990  64.934 0.0000000000
61875  -2.904  -14.752  72.583 0.0000000000
47198  -6.654  -29.238  90.453 0.0000000000
48184  -6.212  -28.666  91.268 0.0000000000
75786  -11.822  1.024  85.842 0.0000000000
122799  -3.924  7.059  85.299 0.0000000000
123327  -4.422  7.942  85.041 0.0000000000
70451  -3.367  -3.997  84.984 0.0000000000
130105  -3.540  -4.023  84.945 0.0000000000
70460  -3.423  -3.986  84.657 0.0000000000
73142  -4.272  -1.553  78.045 0.0000000000
73143  -4.899  -1.382  77.623 0.0000000000
73144  -5.908  -1.222  77.274 0.0000000000
62851  -2.969  -13.596  73.693 0.0000000000
62852  -4.157  -13.543  73.701 0.0000000000
73212  -10.078  -1.678  72.444 0.0000000000
71533  -9.911  -3.201  72.373 0.0000000000
117653  -9.414  -2.821  73.048 0.0000000000
58162  -34.528  -18.458  82.252 0.0000000000
57163  -32.164  -19.065  84.005 0.0000000000
58996  -31.464  -17.219  83.469 0.0000000000
55193  -28.651  -21.987  87.800 0.0000000000
54170  -28.057  -22.251  88.352 0.0000000000
54181  -28.653  -22.897  88.152 0.0000000000
57162  -31.260  -19.560  83.325 0.0000000000
55194  -29.477  -21.997  87.078 0.0000000000
116484  -28.656  -21.534  87.146 0.0000000000
126058  -49.686  -8.537  60.168 0.0000000000
68054  -47.884  -7.811  60.940 0.0000000000
68062  -48.106  -7.406  60.343 0.0000000000
58961  -3.721  -16.390  89.511 0.0000000000
58962  -4.310  -17.126  89.768 0.0000000000
55163  -4.645  -21.417  90.115 0.0000000000
62735  -10.244  -13.977  87.180 0.0000000000
61773  -10.293  -14.441  87.773 0.0000000000
130316  -10.048  -12.917  91.359 0.0000000000
64397  -10.308  -11.753  91.551 0.0000000000
62723  -8.806  -12.207  91.222 0.0000000000
59881  -4.571  -15.673  90.431 0.0000000000
60838  -4.879  -14.822  90.636 0.0000000000
61911  -42.514  -14.292  72.262 0.0000000000
63711  -42.529  -13.138  71.638 0.0000000000
111461  -30.134  -11.465  67.815 0.0000000000
64608  -31.010  -11.561  67.623 0.0000000000
68010  -28.867  -7.556  63.995 0.0000000000
68019  -29.431  -7.865  63.729 0.0000000000
68846  -28.921  -6.763  64.471 0.0000000000
68832  -29.037  -6.120  65.081 0.0000000000
69687  -28.441  -5.678  65.579 0.0000000000
52091  -13.493  -24.562  80.560 0.0000000000
52077  -13.575  -25.338  80.913 0.0000000000
51035  -15.036  -25.420  86.918 0.0000000000
51041  -14.499  -25.852  86.433 0.0000000000
51034  -14.574  -25.910  87.329 0.0000000000
50136  -14.502  -26.400  87.799 0.0000000000
56199  -18.273  -20.357  78.906 0.0000000000
57228  -14.442  -19.858  80.149 0.0000000000
56196  -14.898  -20.338  79.340 0.0000000000
56195  -14.034  -20.115  79.243 0.0000000000
57227  -13.573  -19.731  80.079 0.0000000000
53111  -14.597  -23.723  81.074 0.0000000000
53110  -13.945  -23.072  80.858 0.0000000000
52092  -14.000  -23.949  80.671 0.0000000000
53125  -13.297  -23.726  80.516 0.0000000000
74321  -51.281  0.130  51.321 0.0000000000
74332  -50.616  -0.458  50.741 0.0000000000
75206  -50.700  0.545  50.834 0.0000000000
114579  -2.305  -15.075  76.069 0.0000000000
58193  -4.859  -18.522  76.364 0.0000000000
76671  -11.276  2.277  90.775 0.0000000000
114518  -11.665  2.961  91.048 0.0000000000
77550  -11.052  3.144  90.496 0.0000000000
80000  -11.720  6.875  84.481 0.0000000000
80001  -12.398  6.855  85.040 0.0000000000
80705  -12.412  7.440  84.478 0.0000000000
81463  -12.676  8.526  83.620 0.0000000000
80704  -12.241  7.990  84.022 0.0000000000
81444  -8.048  8.641  85.367 0.0000000000
82134  -7.818  9.320  85.803 0.0000000000
82131  -7.278  9.461  86.502 0.0000000000
79230  -4.690  4.364  87.412 0.0000000000
79229  -3.893  4.079  88.616 0.0000000000
79221  -3.211  3.950  89.155 0.0000000000
78420  -3.476  2.624  89.019 0.0000000000
112978  -5.821  -9.293  82.102 0.0000000000
67036  -5.979  -8.699  81.863 0.0000000000
112180  -6.071  -9.403  81.265 0.0000000000
67070  -5.564  -7.991  78.246 0.0000000000
67082  -4.899  -8.010  77.545 0.0000000000
67893  -4.401  -7.533  77.034 0.0000000000
67081  -4.180  -8.360  77.282 0.0000000000
62806  -2.164  -13.290  76.627 0.0000000000
62816  -1.968  -13.631  75.812 0.0000000000
78522  -9.283  4.188  74.058 0.0000000000
78532  -9.128  4.176  73.133 0.0000000000
77658  -9.726  3.646  73.627 0.0000000000
76782  -10.128  3.052  73.134 0.0000000000
115085  -10.024  2.943  74.256 0.0000000000
63653  -38.139  -11.913  79.854 0.0000000000
129823  -37.797  -11.630  79.255 0.0000000000
64468  -37.624  -11.516  78.416 0.0000000000
112754  -36.760  -11.467  78.629 0.0000000000
62762  -34.376  -13.192  83.413 0.0000000000
62770  -33.832  -12.801  83.004 0.0000000000
63676  -31.472  -12.050  76.914 0.0000000000
64474  -32.100  -11.706  77.194 0.0000000000
63682  -31.372  -11.832  76.151 0.0000000000
64488  -32.042  -11.444  75.975 0.0000000000
64487  -31.476  -11.544  75.245 0.0000000000
64504  -31.276  -11.385  74.423 0.0000000000
63692  -30.659  -11.910  74.684 0.0000000000
61921  -27.135  -14.164  70.741 0.0000000000
62884  -27.366  -13.489  70.371 0.0000000000
62883  -26.825  -13.981  69.937 0.0000000000
124241  -26.714  -13.578  69.296 0.0000000000
61939  -26.302  -14.215  69.281 0.0000000000
58095  -18.777  -18.212  87.531 0.0000000000
57118  -18.334  -19.010  88.926 0.0000000000
58085  -18.979  -18.299  88.774 0.0000000000
116421  -21.957  -23.015  89.730 0.0000000000
114830  -26.307  -14.616  69.822 0.0000000000
59052  -25.105  -17.422  74.773 0.0000000000
59051  -24.358  -17.764  74.798 0.0000000000
59050  -23.962  -17.728  74.218 0.0000000000
58218  -24.143  -18.095  75.277 0.0000000000
57200  -27.709  -20.229  81.204 0.0000000000
57220  -27.402  -19.819  80.461 0.0000000000
56184  -27.110  -20.530  81.744 0.0000000000
57197  -23.410  -19.514  81.555 0.0000000000
57216  -23.678  -19.629  80.618 0.0000000000
57215  -22.844  -19.491  80.802 0.0000000000
125241  -22.125  -19.419  80.884 0.0000000000
116510  -20.104  -17.647  87.346 0.0000000000
58107  -19.412  -17.898  86.922 0.0000000000
58106  -18.648  -18.230  86.483 0.0000000000
72482  -52.108  -2.594  56.770 0.0000000000
114177  -51.220  0.090  60.172 0.0000000000
74242  -49.410  0.272  58.411 0.0000000000
69785  -50.332  -4.933  59.553 0.0000000000
70830  -52.177  -3.969  55.484 0.0000000000
71670  -52.442  -3.344  55.208 0.0000000000
60871  -5.800  -16.319  81.974 0.0000000000
57166  -2.346  -19.365  83.275 0.0000000000
57167  -2.766  -19.377  82.574 0.0000000000
56164  -2.458  -20.114  82.800 0.0000000000
57133  -2.364  -19.516  86.200 0.0000000000
67037  -10.712  -8.116  81.239 0.0000000000
67030  -10.825  -8.316  82.167 0.0000000000
131659  -12.236  -6.217  85.235 0.0000000000
116701  -12.412  -5.618  85.515 0.0000000000
69478  -12.640  -4.895  85.899 0.0000000000
69473  -13.323  -5.373  86.412 0.0000000000
65371  -15.257  -10.779  90.049 0.0000000000
65377  -15.623  -10.890  89.222 0.0000000000
125581  -15.746  -9.441  89.700 0.0000000000
70439  -14.239  -4.359  90.158 0.0000000000
127700  -15.035  -4.771  90.189 0.0000000000
71393  -14.198  -3.081  90.154 0.0000000000
71392  -13.569  -2.661  90.311 0.0000000000
73076  -8.715  -1.273  87.667 0.0000000000
68657  -7.643  -6.293  84.652 0.0000000000
65373  -6.498  -10.787  88.758 0.0000000000
65385  -4.752  -10.414  85.861 0.0000000000
66199  -4.519  -9.754  85.571 0.0000000000
65387  -4.783  -10.223  84.783 0.0000000000
60864  -6.376  -15.369  83.200 0.0000000000
128077  -6.513  -14.093  83.029 0.0000000000
61785  -6.518  -14.564  82.598 0.0000000000
65487  -48.416  -10.702  67.568 0.0000000000
66338  -48.802  -9.247  67.988 0.0000000000
65482  -48.738  -9.954  68.268 0.0000000000
62881  -45.996  -13.794  71.481 0.0000000000
62887  -46.288  -13.931  70.949 0.0000000000
67988  -46.524  -6.229  68.738 0.0000000000
67976  -46.782  -6.922  69.817 0.0000000000
69653  -46.636  -5.363  68.385 0.0000000000
112414  -47.279  -5.308  69.167 0.0000000000
69675  -46.822  -4.638  68.299 0.0000000000
70703  -46.470  -4.225  67.742 0.0000000000
132351  -40.282  -12.414  75.976 0.0000000000
62849  -40.434  -12.776  75.455 0.0000000000
64497  -40.338  -11.842  75.254 0.0000000000
64584  -38.766  -11.449  69.192 0.0000000000
129815  -39.334  -11.421  69.769 0.0000000000
64597  -39.468  -11.467  68.465 0.0000000000
64609  -39.130  -11.479  67.598 0.0000000000
64650  -34.943  -11.703  65.156 0.0000000000
64670  -34.449  -11.439  64.384 0.0000000000
55190  -9.546  -21.020  87.729 0.0000000000
115826  -8.951  -21.476  88.370 0.0000000000
55189  -8.952  -21.623  87.336 0.0000000000
50146  -6.464  -26.226  85.602 0.0000000000
49202  -6.633  -27.002  85.904 0.0000000000
49193  -6.521  -27.349  86.667 0.0000000000
48214  -7.099  -28.146  86.312 0.0000000000
49216  -11.532  -27.537  84.536 0.0000000000
49215  -10.679  -27.809  84.198 0.0000000000
49205  -11.183  -27.919  85.202 0.0000000000
47207  -11.173  -29.778  88.552 0.0000000000
47214  -10.868  -29.527  88.141 0.0000000000
46180  -10.407  -30.784  89.637 0.0000000000
132901  -10.812  -30.506  89.232 0.0000000000
51986  -17.961  -23.873  90.728 0.0000000000
53028  -17.186  -23.770  90.423 0.0000000000
121271  -15.707  -27.860  86.436 0.0000000000
68759  -13.786  -6.779  72.766 0.0000000000
129905  -13.937  -6.155  72.522 0.0000000000
68752  -13.369  -6.697  73.573 0.0000000000
69581  -13.174  -5.910  73.957 0.0000000000
60018  -22.617  -16.338  68.238 0.0000000000
60031  -21.998  -16.207  67.686 0.0000000000
59112  -18.012  -17.280  68.577 0.0000000000
60026  -17.715  -16.122  67.817 0.0000000000
60996  -16.979  -15.837  68.134 0.0000000000
112205  -15.860  -20.719  74.570 0.0000000000
56272  -16.339  -20.457  73.587 0.0000000000
56271  -15.824  -20.391  73.981 0.0000000000
61880  -15.103  -14.403  72.855 0.0000000000
119546  -15.278  -15.044  72.399 0.0000000000
114039  -14.965  -13.831  72.296 0.0000000000
62874  -14.930  -13.620  71.613 0.0000000000
63701  -14.786  -13.147  72.249 0.0000000000
63700  -14.569  -12.332  72.163 0.0000000000
65435  -13.295  -10.450  76.445 0.0000000000
66265  -12.940  -9.749  76.385 0.0000000000
65427  -13.163  -10.728  77.392 0.0000000000
62786  -13.047  -13.640  79.991 0.0000000000
121319  -13.588  -13.288  80.267 0.0000000000
122410  -13.117  -13.428  80.782 0.0000000000
62768  -13.512  -13.154  81.391 0.0000000000
62775  -12.136  -13.644  80.956 0.0000000000
132563  -10.339  -18.766  80.308 0.0000000000
58165  -10.107  -18.150  79.796 0.0000000000
58986  -8.471  -17.237  83.455 0.0000000000
59914  -8.540  -16.635  82.743 0.0000000000
60861  -8.653  -15.980  84.203 0.0000000000
124404  -8.534  -16.724  84.087 0.0000000000
56127  -9.599  -20.905  86.656 0.0000000000
57134  -9.790  -19.492  86.893 0.0000000000
76896  -51.574  4.402  57.148 0.0000000000
76894  -49.964  4.191  57.978 0.0000000000
66405  -48.484  -9.813  64.149 0.0000000000
69733  -45.053  -6.007  61.601 0.0000000000
69731  -44.238  -5.267  60.962 0.0000000000
61879  -7.140  -14.228  72.155 0.0000000000
58230  -4.128  -18.244  72.465 0.0000000000
131380  -5.013  -18.550  72.979 0.0000000000
57206  -4.571  -19.328  80.492 0.0000000000
56193  -5.067  -19.545  79.776 0.0000000000
123973  -6.748  -23.488  89.810 0.0000000000
53027  -6.810  -23.430  90.832 0.0000000000
50112  -4.736  -26.415  92.466 0.0000000000
50114  -4.124  -26.566  92.121 0.0000000000
51009  -3.670  -25.958  91.691 0.0000000000
122121  -10.458  -2.127  82.088 0.0000000000
73112  -10.520  -1.842  81.062 0.0000000000
112892  -10.566  -1.244  81.884 0.0000000000
79218  -14.919  6.030  89.949 0.0000000000
79219  -15.580  6.650  89.580 0.0000000000
82179  -6.379  9.795  80.447 0.0000000000
116387  -5.405  10.249  80.388 0.0000000000
82189  -6.484  9.582  79.394 0.0000000000
82180  -7.300  9.208  80.125 0.0000000000
73971  -7.461  -0.375  84.566 0.0000000000
76705  -5.672  1.982  84.048 0.0000000000
120077  -6.197  2.180  83.127 0.0000000000
75826  -6.194  1.663  80.626 0.0000000000
110786  -6.163  2.939  81.308 0.0000000000
121384  -6.360  3.276  80.959 0.0000000000
77619  -6.276  3.983  81.302 0.0000000000
116774  -8.654  3.056  78.291 0.0000000000
77630  -8.507  3.763  78.593 0.0000000000
78495  -8.770  4.446  78.152 0.0000000000
78502  -9.034  4.305  77.371 0.0000000000
123894  -9.004  3.071  77.708 0.0000000000
73173  -7.416  -1.560  75.452 0.0000000000
73174  -8.130  -1.164  75.064 0.0000000000
68738  -2.652  -6.973  74.986 0.0000000000
68732  -3.014  -6.140  75.063 0.0000000000
110410  -6.121  -7.861  74.610 0.0000000000
68743  -7.109  -6.411  74.572 0.0000000000
67922  -7.012  -8.072  74.551 0.0000000000
109858  -7.188  -8.837  74.459 0.0000000000
62863  -6.803  -13.875  72.915 0.0000000000
125699  -34.676  -20.941  83.083 0.0000000000
114783  -34.451  -21.672  83.413 0.0000000000
55217  -33.950  -21.663  84.994 0.0000000000
56149  -34.279  -20.719  84.851 0.0000000000
56148  -33.520  -20.802  85.140 0.0000000000
114775  -33.347  -19.754  84.964 0.0000000000
122723  -32.797  -20.487  85.046 0.0000000000
56147  -31.941  -20.671  84.838 0.0000000000
56139  -32.437  -21.341  85.458 0.0000000000
53070  -31.571  -23.427  85.914 0.0000000000
55201  -31.697  -22.593  86.152 0.0000000000
53059  -31.211  -23.111  86.348 0.0000000000
54194  -30.650  -22.923  86.760 0.0000000000
65558  -48.786  -9.871  61.957 0.0000000000
66425  -49.219  -9.406  61.662 0.0000000000
58074  -6.318  -17.972  90.478 0.0000000000
113513  -6.364  -19.230  90.483 0.0000000000
56094  -5.870  -20.751  90.924 0.0000000000
59890  -10.649  -16.462  89.621 0.0000000000
123174  -10.552  -15.909  91.169 0.0000000000
60841  -8.878  -15.011  91.319 0.0000000000
125931  -8.562  -15.779  91.304 0.0000000000
59883  -7.745  -16.202  91.137 0.0000000000
59882  -6.773  -16.567  90.857 0.0000000000
61909  -40.880  -14.915  72.394 0.0000000000
64619  -27.317  -11.261  66.705 0.0000000000
64643  -28.558  -11.139  65.752 0.0000000000
64642  -27.661  -11.010  65.954 0.0000000000
112097  -26.697  -8.965  64.372 0.0000000000
67208  -27.043  -8.316  64.220 0.0000000000
68008  -26.484  -7.616  64.353 0.0000000000
68844  -26.773  -6.847  64.532 0.0000000000
52051  -15.779  -24.163  82.731 0.0000000000
52013  -15.628  -24.867  86.293 0.0000000000
52014  -16.159  -24.371  86.748 0.0000000000
65514  -22.212  -10.233  64.382 0.0000000000
110247  -21.771  -11.809  64.292 0.0000000000
58137  -17.171  -18.783  83.570 0.0000000000
57192  -17.064  -19.420  81.720 0.0000000000
57172  -16.923  -19.052  82.691 0.0000000000
57171  -15.895  -19.196  82.766 0.0000000000
124370  -15.255  -19.419  82.857 0.0000000000
57190  -15.248  -19.370  82.275 0.0000000000
56169  -14.749  -19.651  82.486 0.0000000000
54220  -16.126  -22.293  83.268 0.0000000000
54230  -15.665  -22.804  82.389 0.0000000000
75189  -52.709  1.449  52.644 0.0000000000
76036  -52.401  2.048  52.139 0.0000000000
61824  -3.410  -13.949  77.588 0.0000000000
61825  -4.283  -15.310  77.529 0.0000000000
124309  -4.421  -16.680  77.732 0.0000000000
59024  -4.396  -17.651  77.131 0.0000000000
77557  -10.107  3.067  87.996 0.0000000000
123620  -10.312  3.564  87.463 0.0000000000
78434  -10.322  4.612  85.286 0.0000000000
79246  -10.669  5.305  84.893 0.0000000000
79270  -10.300  6.227  84.204 0.0000000000
79998  -8.900  6.225  84.229 0.0000000000
80702  -8.140  7.845  84.966 0.0000000000
79997  -7.664  7.025  85.080 0.0000000000
79245  -7.227  6.271  85.205 0.0000000000
119877  -6.468  4.529  85.445 0.0000000000
79244  -6.408  5.782  85.738 0.0000000000
79243  -5.590  4.440  86.300 0.0000000000
64427  -5.090  -11.508  80.612 0.0000000000
64437  -4.141  -11.534  79.378 0.0000000000
64446  -3.741  -10.874  78.651 0.0000000000
62794  -3.572  -13.368  78.240 0.0000000000
62811  -34.390  -13.672  77.086 0.0000000000
62802  -35.689  -13.482  79.031 0.0000000000
119311  -36.517  -13.152  80.172 0.0000000000
62793  -37.279  -12.443  80.666 0.0000000000
62792  -36.532  -12.862  81.027 0.0000000000
61804  -31.202  -13.945  81.339 0.0000000000
62778  -30.928  -13.911  80.281 0.0000000000
61830  -30.162  -13.948  77.813 0.0000000000
62810  -30.504  -13.268  77.210 0.0000000000
62819  -30.280  -13.269  76.487 0.0000000000
62829  -29.836  -13.311  75.134 0.0000000000
62818  -29.880  -13.640  76.009 0.0000000000
61848  -28.463  -14.718  74.258 0.0000000000
131115  -28.901  -14.326  74.513 0.0000000000
61881  -27.860  -14.740  72.988 0.0000000000
58098  -21.553  -17.512  88.312 0.0000000000
58087  -20.885  -17.665  89.252 0.0000000000
58088  -21.807  -17.692  89.411 0.0000000000
56107  -23.179  -20.519  90.530 0.0000000000
131179  -22.720  -21.276  90.555 0.0000000000
60935  -27.441  -15.373  73.348 0.0000000000
59956  -27.532  -16.431  76.499 0.0000000000
59955  -26.825  -16.807  76.137 0.0000000000
59037  -26.445  -17.392  76.608 0.0000000000
129186  -26.489  -20.176  84.873 0.0000000000
57161  -26.033  -20.152  84.076 0.0000000000
57148  -24.258  -18.908  85.158 0.0000000000
58131  -23.772  -19.087  84.095 0.0000000000
58142  -23.066  -18.859  83.986 0.0000000000
112375  -23.254  -18.627  84.924 0.0000000000
127750  -22.351  -17.560  87.826 0.0000000000
58108  -20.923  -17.621  87.260 0.0000000000
112013  -52.783  -3.470  58.558 0.0000000000
71632  -53.009  -3.191  59.805 0.0000000000
72455  -52.502  -2.200  60.548 0.0000000000
71627  -52.313  -2.622  60.746 0.0000000000
132934  -48.099  -5.097  57.463 0.0000000000
70793  -46.846  -4.727  56.873 0.0000000000
70813  -51.872  -4.981  56.591 0.0000000000
69832  -51.301  -5.298  55.893 0.0000000000
70814  -51.972  -4.200  56.349 0.0000000000
59903  -5.367  -16.612  84.483 0.0000000000
58976  -3.224  -17.230  85.321 0.0000000000
58981  -3.735  -17.296  84.492 0.0000000000
58980  -2.873  -17.552  84.420 0.0000000000
58983  -2.324  -18.192  83.667 0.0000000000
58979  -2.172  -17.889  84.359 0.0000000000
54171  -2.040  -23.345  87.343 0.0000000000
53039  -1.887  -23.988  87.027 0.0000000000
123165  -2.479  -25.584  86.215 0.0000000000
127051  -2.095  -24.845  86.418 0.0000000000
51038  -2.334  -25.329  85.868 0.0000000000
124074  -2.358  -25.701  85.201 0.0000000000
66211  -12.309  -10.213  82.571 0.0000000000
66206  -12.049  -9.597  83.214 0.0000000000
66200  -13.036  -9.509  85.151 0.0000000000
118550  -12.468  -9.035  84.735 0.0000000000
67016  -12.848  -8.614  85.385 0.0000000000
66184  -13.697  -9.339  89.730 0.0000000000
67823  -12.614  -7.254  87.929 0.0000000000
68647  -11.737  -5.846  87.325 0.0000000000
69472  -10.953  -5.410  86.559 0.0000000000
69476  -10.171  -5.004  85.799 0.0000000000
67834  -9.522  -7.353  85.443 0.0000000000
67843  -9.164  -6.919  84.960 0.0000000000
121875  -8.771  -7.296  85.153 0.0000000000
62731  -5.871  -13.163  87.795 0.0000000000
119116  -6.076  -12.979  86.038 0.0000000000
60860  -6.371  -15.222  84.080 0.0000000000
62916  -44.432  -13.123  67.051 0.0000000000
63754  -44.959  -12.439  66.593 0.0000000000
64589  -45.549  -11.420  70.607 0.0000000000
67173  -44.880  -8.772  67.490 0.0000000000
67174  -45.469  -8.021  67.713 0.0000000000
67994  -45.133  -7.572  66.796 0.0000000000
68818  -45.320  -6.544  66.719 0.0000000000
67993  -44.717  -7.323  66.036 0.0000000000
68001  -43.661  -7.371  64.648 0.0000000000
68857  -44.039  -6.724  64.959 0.0000000000
68856  -43.492  -6.542  64.515 0.0000000000
69715  -43.301  -5.685  64.616 0.0000000000
69714  -42.526  -5.471  64.416 0.0000000000
64507  -38.172  -11.473  74.558 0.0000000000
131270  -38.556  -11.432  73.944 0.0000000000
110431  -37.314  -11.508  71.116 0.0000000000
64562  -37.517  -11.487  70.410 0.0000000000
110425  -38.088  -11.448  69.919 0.0000000000
64583  -37.137  -11.509  69.617 0.0000000000
54197  -9.102  -22.029  85.540 0.0000000000
54196  -8.398  -22.454  85.933 0.0000000000
52048  -7.638  -24.831  83.635 0.0000000000
51048  -6.789  -25.490  84.535 0.0000000000
122334  -12.647  -27.721  87.217 0.0000000000
49185  -12.400  -28.239  87.584 0.0000000000
47208  -11.883  -29.404  88.245 0.0000000000
46182  -11.911  -30.111  88.490 0.0000000000
51031  -19.451  -25.271  88.164 0.0000000000
50139  -19.042  -25.587  87.651 0.0000000000
50144  -19.167  -25.645  86.869 0.0000000000
67947  -14.644  -7.486  70.576 0.0000000000
67942  -14.415  -7.155  71.401 0.0000000000
67133  -14.388  -8.126  71.250 0.0000000000
59075  -21.783  -17.758  71.185 0.0000000000
59103  -20.959  -17.382  69.666 0.0000000000
58258  -20.919  -18.213  70.863 0.0000000000
57357  -19.372  -19.026  70.526 0.0000000000
58268  -19.731  -18.284  69.975 0.0000000000
113179  -18.997  -18.604  69.824 0.0000000000
58266  -18.376  -18.345  69.507 0.0000000000
58256  -18.318  -18.990  70.143 0.0000000000
57290  -14.242  -19.466  75.078 0.0000000000
58213  -14.425  -18.753  74.515 0.0000000000
127834  -14.192  -18.032  74.659 0.0000000000
59967  -14.699  -16.371  74.800 0.0000000000
121485  -15.223  -15.444  73.764 0.0000000000
60927  -15.198  -15.156  74.405 0.0000000000
61847  -15.110  -14.376  74.437 0.0000000000
60921  -15.083  -14.779  75.092 0.0000000000
61834  -14.531  -14.539  76.632 0.0000000000
62817  -14.748  -13.848  76.551 0.0000000000
63674  -14.415  -12.659  76.748 0.0000000000
116032  -14.579  -13.379  77.072 0.0000000000
63665  -14.421  -12.850  77.582 0.0000000000
62808  -14.462  -13.592  77.846 0.0000000000
61826  -12.922  -14.714  78.064 0.0000000000
61816  -13.480  -14.243  78.551 0.0000000000
61808  -13.164  -13.932  79.264 0.0000000000
61815  -12.354  -14.475  78.675 0.0000000000
56167  -10.286  -20.378  81.993 0.0000000000
129249  -9.767  -21.032  83.338 0.0000000000
57155  -9.091  -19.618  83.939 0.0000000000
58124  -8.832  -18.825  84.394 0.0000000000
54208  -9.293  -22.203  84.664 0.0000000000
121029  -9.553  -21.213  84.804 0.0000000000
55204  -9.402  -21.587  85.185 0.0000000000
70732  -46.230  -4.572  64.070 0.0000000000
70731  -45.823  -4.143  63.350 0.0000000000
61894  -5.579  -15.095  71.819 0.0000000000
60939  -4.492  -15.216  71.860 0.0000000000
60946  -2.743  -15.971  71.239 0.0000000000
60947  -3.614  -15.708  71.035 0.0000000000
60957  -3.050  -16.368  70.341 0.0000000000
59093  -3.392  -16.984  69.441 0.0000000000
59081  -2.990  -17.100  70.052 0.0000000000
57321  -6.624  -20.159  73.433 0.0000000000
50120  -5.556  -26.114  90.920 0.0000000000
50118  -5.616  -26.942  91.151 0.0000000000
73972  -10.814  -0.683  84.198 0.0000000000
74921  -10.789  0.058  83.818 0.0000000000
74915  -11.113  -0.097  84.690 0.0000000000
76689  -11.948  1.806  85.356 0.0000000000
76698  -11.775  1.933  84.435 0.0000000000
122628  -12.220  2.471  84.826 0.0000000000
77584  -12.559  3.033  84.167 0.0000000000
80684  -16.078  8.017  87.451 0.0000000000
82132  -2.905  9.501  87.112 0.0000000000
82157  -6.437  9.412  82.446 0.0000000000
71409  -6.540  -3.431  84.164 0.0000000000
73087  -6.919  -1.471  83.899 0.0000000000
72235  -6.553  -3.202  83.923 0.0000000000
73094  -6.652  -2.636  83.296 0.0000000000
116063  -6.347  -1.946  82.369 0.0000000000
120960  -4.373  -2.581  79.216 0.0000000000
72269  -4.283  -1.914  79.769 0.0000000000
72277  -3.957  -1.857  78.951 0.0000000000
74009  -5.061  -0.416  79.254 0.0000000000
74008  -4.336  -0.776  79.409 0.0000000000
74960  -6.310  0.547  79.505 0.0000000000
74974  -7.455  0.593  78.487 0.0000000000
74975  -8.134  0.995  78.104 0.0000000000
74984  -7.826  0.261  77.776 0.0000000000
73156  -6.215  -1.548  76.522 0.0000000000
73157  -7.115  -1.269  76.186 0.0000000000
113336  -2.616  -9.880  74.545 0.0000000000
110444  -4.578  -10.773  74.568 0.0000000000
64501  -5.464  -11.239  74.575 0.0000000000
65450  -5.712  -10.515  74.598 0.0000000000
62853  -5.341  -13.420  73.821 0.0000000000
62862  -5.851  -14.091  73.200 0.0000000000
120352  -9.581  -6.060  72.261 0.0000000000
68758  -9.477  -6.648  72.354 0.0000000000
68751  -9.296  -6.249  72.895 0.0000000000
115845  -33.286  -16.868  80.288 0.0000000000
114784  -34.678  -16.708  82.785 0.0000000000
59923  -34.536  -15.901  82.830 0.0000000000
60870  -34.232  -15.455  83.602 0.0000000000
58133  -34.853  -18.631  84.079 0.0000000000
58146  -34.964  -18.014  83.675 0.0000000000
58145  -34.409  -17.979  84.486 0.0000000000
127807  -33.318  -16.249  84.502 0.0000000000
59909  -32.586  -15.943  84.409 0.0000000000
60868  -32.734  -15.146  84.324 0.0000000000
60875  -31.712  -14.898  83.638 0.0000000000
59916  -31.390  -15.515  83.438 0.0000000000
131447  -30.454  -16.838  82.314 0.0000000000
115485  -30.812  -15.672  82.666 0.0000000000
59921  -30.256  -16.208  82.021 0.0000000000
60887  -29.627  -15.560  80.393 0.0000000000
59920  -29.592  -16.495  81.168 0.0000000000
58170  -33.388  -18.159  80.342 0.0000000000
59016  -33.038  -17.646  79.792 0.0000000000
56117  -26.497  -20.249  88.582 0.0000000000
56116  -25.868  -20.396  89.232 0.0000000000
128663  -26.501  -20.950  88.908 0.0000000000
125669  -27.214  -23.174  88.499 0.0000000000
54168  -26.725  -22.712  88.727 0.0000000000
115352  -28.440  -24.471  86.752 0.0000000000
59928  -29.065  -16.656  80.430 0.0000000000
57179  -30.018  -19.524  82.202 0.0000000000
57202  -29.564  -19.106  81.577 0.0000000000
57178  -29.226  -19.904  81.887 0.0000000000
55205  -28.872  -21.178  85.450 0.0000000000
56144  -28.676  -21.034  84.360 0.0000000000
56143  -27.745  -20.793  84.322 0.0000000000
56124  -27.536  -20.840  87.910 0.0000000000
56123  -26.939  -20.214  87.878 0.0000000000
129467  -26.426  -19.661  87.523 0.0000000000
68896  -51.338  -6.919  59.538 0.0000000000
128459  -51.406  -6.978  60.675 0.0000000000
68884  -51.359  -6.366  61.331 0.0000000000
123049  -51.492  -5.871  61.231 0.0000000000
68883  -50.988  -6.431  61.494 0.0000000000
68876  -50.452  -6.981  61.626 0.0000000000
118501  -49.027  -5.756  58.638 0.0000000000
68894  -47.437  -6.485  58.653 0.0000000000
68893  -46.469  -6.383  58.567 0.0000000000
69781  -46.075  -5.878  57.937 0.0000000000
68892  -45.738  -6.194  58.559 0.0000000000
60846  -3.451  -15.831  88.553 0.0000000000
59892  -3.321  -16.039  87.756 0.0000000000
118300  -3.224  -17.573  88.423 0.0000000000
57127  -2.902  -18.914  87.408 0.0000000000
58079  -4.788  -18.083  89.656 0.0000000000
55188  -3.710  -20.924  88.358 0.0000000000
56120  -3.389  -20.512  88.090 0.0000000000
55174  -2.535  -22.024  88.404 0.0000000000
54147  -2.538  -23.303  89.377 0.0000000000
53025  -2.351  -24.230  88.919 0.0000000000
114780  -2.281  -24.452  88.040 0.0000000000
115966  -11.006  -13.167  85.288 0.0000000000
63619  -12.385  -12.726  85.981 0.0000000000
62741  -11.364  -13.071  86.126 0.0000000000
63608  -12.107  -12.973  87.700 0.0000000000
63609  -13.018  -12.718  88.173 0.0000000000
63606  -13.712  -12.456  88.957 0.0000000000
63605  -13.017  -12.751  89.314 0.0000000000
60848  -10.900  -15.396  89.740 0.0000000000
61769  -11.306  -14.030  89.474 0.0000000000
63599  -11.493  -12.769  91.475 0.0000000000
62725  -12.015  -13.364  90.136 0.0000000000
63600  -12.313  -12.652  91.114 0.0000000000
63601  -12.973  -12.398  90.540 0.0000000000
64399  -12.495  -11.552  91.473 0.0000000000
65370  -12.717  -10.493  91.338 0.0000000000
65369  -11.603  -10.604  91.636 0.0000000000
65368  -10.742  -9.899  90.939 0.0000000000
66171  -10.266  -9.686  89.862 0.0000000000
66181  -10.577  -9.494  88.829 0.0000000000
66180  -9.492  -9.543  89.099 0.0000000000
63597  -7.625  -11.315  90.825 0.0000000000
64403  -7.148  -10.831  90.246 0.0000000000
63603  -6.613  -11.273  90.060 0.0000000000
61759  -7.840  -14.010  91.253 0.0000000000
61763  -4.680  -13.365  90.234 0.0000000000
61767  -4.737  -13.571  89.545 0.0000000000
61770  -4.251  -14.933  88.436 0.0000000000
61945  -44.484  -14.980  70.185 0.0000000000
60972  -43.623  -15.198  70.345 0.0000000000
60970  -41.645  -15.304  70.812 0.0000000000
128689  -43.060  -14.099  72.014 0.0000000000
61912  -43.799  -14.259  71.584 0.0000000000
61913  -44.827  -14.275  71.565 0.0000000000
62879  -44.490  -13.897  71.699 0.0000000000
63721  -44.985  -13.232  71.513 0.0000000000
63729  -42.990  -12.601  70.011 0.0000000000
64599  -43.251  -11.618  68.723 0.0000000000
132346  -42.582  -11.662  68.456 0.0000000000
64558  -32.682  -11.404  70.302 0.0000000000
110429  -33.228  -11.533  69.426 0.0000000000
64578  -32.524  -11.543  68.853 0.0000000000
117446  -32.358  -11.797  66.755 0.0000000000
117933  -32.735  -11.811  65.910 0.0000000000
64648  -33.120  -11.716  65.094 0.0000000000
64647  -32.218  -11.666  65.093 0.0000000000
65504  -28.910  -10.895  64.946 0.0000000000
65520  -29.461  -10.597  64.346 0.0000000000
65533  -30.804  -10.258  63.640 0.0000000000
66393  -30.911  -9.505  63.411 0.0000000000
66394  -31.580  -9.853  63.410 0.0000000000
52075  -10.354  -24.495  81.136 0.0000000000
52074  -10.275  -25.343  81.130 0.0000000000
51093  -10.917  -24.958  80.674 0.0000000000
50178  -13.083  -26.453  82.394 0.0000000000
50177  -12.287  -26.685  82.477 0.0000000000
50166  -11.776  -27.020  82.994 0.0000000000
50167  -12.707  -26.772  83.399 0.0000000000
51058  -15.141  -25.367  83.755 0.0000000000
51057  -14.458  -25.817  83.268 0.0000000000
114278  -14.528  -25.814  84.377 0.0000000000
50159  -13.951  -26.270  84.907 0.0000000000
129415  -13.238  -26.838  86.111 0.0000000000
49195  -12.928  -27.248  86.642 0.0000000000
113086  -13.521  -26.867  86.870 0.0000000000
49178  -13.884  -27.598  87.904 0.0000000000
49187  -13.432  -27.677  87.828 0.0000000000
122222  -13.914  -28.034  87.991 0.0000000000
66345  -16.096  -10.177  66.243 0.0000000000
56222  -19.779  -20.236  77.101 0.0000000000
56235  -19.280  -20.584  76.379 0.0000000000
56233  -17.333  -21.213  76.623 0.0000000000
55258  -16.835  -21.356  75.696 0.0000000000
56232  -16.324  -21.293  76.379 0.0000000000
57230  -16.953  -20.202  80.027 0.0000000000
125345  -16.452  -20.439  79.449 0.0000000000
112501  -15.078  -20.978  76.995 0.0000000000
56231  -15.398  -21.074  76.143 0.0000000000
109980  -14.534  -20.622  76.318 0.0000000000
56218  -14.283  -20.596  77.109 0.0000000000
112468  -13.104  -19.781  77.061 0.0000000000
58194  -12.493  -18.700  76.578 0.0000000000
58189  -11.995  -18.361  77.043 0.0000000000
57246  -11.608  -19.027  78.631 0.0000000000
55226  -14.221  -20.184  82.182 0.0000000000
56181  -13.413  -20.075  81.637 0.0000000000
56180  -12.527  -20.218  81.346 0.0000000000
127426  -12.168  -20.851  81.430 0.0000000000
53123  -11.838  -23.953  80.437 0.0000000000
53109  -11.572  -23.240  80.984 0.0000000000
52076  -11.126  -24.148  80.733 0.0000000000
53108  -10.679  -23.593  81.399 0.0000000000
73254  -46.919  -0.100  66.402 0.0000000000
73253  -45.929  0.040  65.984 0.0000000000
61845  -1.896  -14.430  74.471 0.0000000000
61857  -1.902  -14.666  73.597 0.0000000000
59966  -2.016  -16.466  74.376 0.0000000000
129294  -2.648  -17.560  74.637 0.0000000000
59047  -2.671  -17.723  73.933 0.0000000000
59943  -3.685  -16.440  76.765 0.0000000000
120274  -3.071  -16.803  76.278 0.0000000000
58211  -4.206  -18.404  74.598 0.0000000000
57302  -5.840  -19.366  74.188 0.0000000000
46169  -8.476  -31.241  91.915 0.0000000000
123058  -12.650  1.877  89.275 0.0000000000
77552  -12.419  4.048  90.617 0.0000000000
77555  -12.835  3.547  90.387 0.0000000000
79212  -13.631  5.310  90.145 0.0000000000
79217  -13.307  5.659  90.055 0.0000000000
78416  -11.389  4.857  88.189 0.0000000000
78409  -11.663  4.758  89.544 0.0000000000
79973  -13.162  6.484  87.887 0.0000000000
123665  -13.843  6.616  89.004 0.0000000000
79974  -14.043  7.065  88.287 0.0000000000
80683  -15.093  7.717  87.438 0.0000000000
118239  -14.412  7.602  86.461 0.0000000000
80718  -14.077  8.025  84.096 0.0000000000
80707  -14.549  7.883  84.907 0.0000000000
81461  -11.139  8.545  83.818 0.0000000000
81460  -10.272  8.628  83.997 0.0000000000
80692  -6.351  7.627  86.546 0.0000000000
81439  -6.189  8.454  87.194 0.0000000000
80681  -5.544  7.853  87.643 0.0000000000
80675  -4.029  7.840  88.892 0.0000000000
81435  -3.550  8.389  88.838 0.0000000000
82125  -3.851  9.155  88.639 0.0000000000
82124  -3.197  9.144  88.583 0.0000000000
81434  -3.045  8.108  88.690 0.0000000000
79980  -2.467  5.432  87.417 0.0000000000
79970  -2.475  6.455  88.212 0.0000000000
128076  -2.842  6.149  86.439 0.0000000000
79988  -2.894  5.186  86.194 0.0000000000
119873  -4.734  -6.728  82.872 0.0000000000
68680  -5.493  -6.253  81.949 0.0000000000
113183  -5.719  -5.685  81.058 0.0000000000
126389  -6.007  -6.910  79.044 0.0000000000
67872  -6.142  -7.274  79.876 0.0000000000
69511  -5.789  -5.650  80.049 0.0000000000
69528  -4.772  -4.710  77.485 0.0000000000
70526  -4.207  -4.156  76.617 0.0000000000
67903  -2.934  -7.280  76.035 0.0000000000
65425  -2.851  -10.412  77.694 0.0000000000
66253  -3.082  -9.618  77.385 0.0000000000
114490  -1.866  -10.937  76.240 0.0000000000
65434  -1.929  -10.330  76.547 0.0000000000
65433  -1.633  -10.131  75.765 0.0000000000
66261  -1.745  -9.236  75.693 0.0000000000
65441  -1.686  -10.229  75.153 0.0000000000
64483  -1.796  -10.924  75.417 0.0000000000
63678  -2.065  -12.099  75.139 0.0000000000
75880  -10.434  1.512  73.022 0.0000000000
118927  -10.464  0.852  72.754 0.0000000000
74074  -10.214  0.097  72.969 0.0000000000
62833  -37.001  -13.724  75.906 0.0000000000
62846  -37.582  -13.927  75.273 0.0000000000
115025  -36.079  -13.509  77.314 0.0000000000
62822  -36.281  -13.568  76.483 0.0000000000
111364  -37.039  -13.438  77.531 0.0000000000
63669  -39.067  -12.105  78.719 0.0000000000
63670  -39.272  -12.065  78.162 0.0000000000
63677  -39.641  -12.229  77.369 0.0000000000
64481  -39.368  -11.726  77.141 0.0000000000
64480  -38.517  -11.537  77.289 0.0000000000
117451  -36.263  -11.421  76.761 0.0000000000
64493  -37.251  -11.440  76.289 0.0000000000
64492  -35.913  -11.421  75.913 0.0000000000
126209  -35.880  -11.472  74.306 0.0000000000
117449  -35.404  -11.421  75.149 0.0000000000
63635  -35.182  -12.246  82.350 0.0000000000
63636  -36.005  -12.175  82.018 0.0000000000
63644  -36.657  -12.098  81.500 0.0000000000
63640  -32.370  -12.559  80.353 0.0000000000
63641  -33.273  -12.285  81.397 0.0000000000
63650  -32.669  -12.001  79.576 0.0000000000
64465  -33.104  -11.497  78.257 0.0000000000
64454  -33.276  -11.639  79.272 0.0000000000
64455  -34.091  -11.435  78.910 0.0000000000
131938  -34.685  -11.468  79.693 0.0000000000
111525  -34.874  -11.373  77.446 0.0000000000
111526  -34.249  -11.373  77.447 0.0000000000
64506  -32.940  -11.203  74.598 0.0000000000
64489  -33.345  -11.312  75.381 0.0000000000
64517  -33.482  -11.248  73.898 0.0000000000
111524  -33.908  -11.329  74.682 0.0000000000
110443  -33.128  -11.214  73.092 0.0000000000
110439  -33.319  -11.316  72.267 0.0000000000
110677  -32.451  -11.135  72.500 0.0000000000
64541  -30.779  -10.966  72.002 0.0000000000
111074  -31.283  -11.047  71.212 0.0000000000
111824  -30.486  -10.999  71.273 0.0000000000
113339  -30.260  -11.110  69.987 0.0000000000
64555  -29.844  -11.042  70.803 0.0000000000
63697  -29.647  -12.580  73.642 0.0000000000
63703  -29.580  -12.022  72.851 0.0000000000
63702  -28.942  -12.466  72.233 0.0000000000
63717  -28.373  -12.060  70.525 0.0000000000
64574  -28.604  -11.501  69.913 0.0000000000
64573  -28.205  -11.542  69.127 0.0000000000
112479  -27.874  -11.530  68.307 0.0000000000
62905  -26.266  -12.929  67.768 0.0000000000
63743  -26.571  -12.186  67.536 0.0000000000
63742  -25.981  -12.639  67.120 0.0000000000
63751  -25.632  -12.319  66.477 0.0000000000
113657  -17.309  -19.544  86.205 0.0000000000
124396  -17.663  -19.846  87.531 0.0000000000
56115  -18.141  -20.163  90.047 0.0000000000
56114  -17.761  -20.672  89.308 0.0000000000
54153  -17.788  -22.309  90.889 0.0000000000
55168  -18.262  -21.524  91.161 0.0000000000
57110  -19.463  -19.114  90.585 0.0000000000
56104  -20.128  -19.578  91.118 0.0000000000
53029  -20.465  -23.538  90.453 0.0000000000
53024  -19.884  -23.143  90.940 0.0000000000
51988  -19.707  -23.763  90.620 0.0000000000
51998  -20.276  -24.227  89.864 0.0000000000
51027  -19.706  -24.685  89.410 0.0000000000
52002  -20.290  -24.603  88.903 0.0000000000
55173  -25.268  -21.248  89.642 0.0000000000
126963  -24.590  -21.024  90.033 0.0000000000
55181  -24.600  -21.906  89.729 0.0000000000
63750  -25.011  -12.832  66.049 0.0000000000
62913  -25.374  -13.126  66.713 0.0000000000
60999  -25.202  -15.169  68.798 0.0000000000
125678  -24.649  -15.338  68.334 0.0000000000
111314  -24.010  -15.739  68.233 0.0000000000
120477  -24.038  -16.059  68.905 0.0000000000
59984  -26.059  -16.151  72.510 0.0000000000
60941  -25.964  -15.850  71.580 0.0000000000
59983  -25.353  -16.412  72.060 0.0000000000
59078  -24.038  -16.986  72.011 0.0000000000
117594  -24.683  -16.640  71.770 0.0000000000
59077  -23.263  -17.161  71.542 0.0000000000
110852  -22.560  -17.275  70.982 0.0000000000
130566  -22.963  -17.439  72.013 0.0000000000
132405  -22.542  -18.478  74.097 0.0000000000
58226  -21.838  -18.814  73.997 0.0000000000
58215  -22.129  -18.848  74.721 0.0000000000
59015  -28.115  -17.481  79.478 0.0000000000
59021  -27.889  -17.054  78.807 0.0000000000
57241  -26.989  -19.406  79.700 0.0000000000
58174  -27.018  -18.837  79.108 0.0000000000
58184  -26.714  -18.484  78.449 0.0000000000
58190  -26.078  -18.486  77.793 0.0000000000
111758  -25.975  -19.007  78.337 0.0000000000
56170  -25.671  -20.324  82.128 0.0000000000
128327  -25.683  -20.322  81.417 0.0000000000
120295  -25.317  -20.163  80.936 0.0000000000
57238  -24.465  -19.687  79.163 0.0000000000
57255  -24.592  -19.386  78.219 0.0000000000
57267  -23.949  -19.338  77.801 0.0000000000
57253  -22.335  -19.482  78.039 0.0000000000
57265  -22.637  -19.353  77.275 0.0000000000
57264  -21.833  -19.455  77.452 0.0000000000
114102  -21.587  -19.449  76.264 0.0000000000
131473  -21.497  -19.503  76.928 0.0000000000
57263  -21.018  -19.624  77.488 0.0000000000
57213  -20.545  -19.419  80.466 0.0000000000
123018  -19.904  -19.448  80.654 0.0000000000
57195  -20.044  -19.314  81.280 0.0000000000
112374  -21.908  -18.657  83.812 0.0000000000
57176  -21.866  -18.834  83.080 0.0000000000
58140  -21.091  -18.595  83.616 0.0000000000
58128  -19.319  -18.354  84.475 0.0000000000
112789  -19.595  -18.737  83.228 0.0000000000
58150  -18.875  -18.861  83.013 0.0000000000
58127  -18.431  -18.418  84.603 0.0000000000
58105  -17.620  -18.963  86.151 0.0000000000
58117  -17.598  -18.618  85.327 0.0000000000
73371  -51.846  -1.108  54.871 0.0000000000
74282  -52.319  -0.226  54.452 0.0000000000
74279  -51.881  0.006  56.651 0.0000000000
75133  -51.651  1.163  57.630 0.0000000000
74231  -51.394  1.037  60.390 0.0000000000
75110  -51.270  1.966  60.026 0.0000000000
76872  -49.598  2.893  59.229 0.0000000000
132403  -49.092  2.529  59.108 0.0000000000
69763  -52.314  -5.140  60.837 0.0000000000
115167  -51.024  -3.350  59.681 0.0000000000
71626  -51.931  -3.448  60.765 0.0000000000
71639  -51.020  -2.586  59.507 0.0000000000
70812  -48.009  -3.961  56.760 0.0000000000
71653  -48.645  -3.536  56.905 0.0000000000
71652  -47.869  -3.286  56.577 0.0000000000
73347  -47.354  -1.726  56.592 0.0000000000
73348  -48.296  -1.780  56.761 0.0000000000
74258  -47.916  -0.881  56.980 0.0000000000
74240  -47.407  -0.001  57.420 0.0000000000
70839  -51.786  -3.945  53.577 0.0000000000
72498  -52.706  -2.795  54.496 0.0000000000
72502  -53.111  -2.766  53.874 0.0000000000
72499  -53.006  -2.173  53.878 0.0000000000
60884  -5.833  -15.556  80.113 0.0000000000
60877  -5.944  -16.054  81.007 0.0000000000
112929  -4.390  -17.796  80.894 0.0000000000
58156  -4.236  -18.263  80.919 0.0000000000
57182  -3.354  -19.368  81.902 0.0000000000
57183  -4.040  -19.373  81.292 0.0000000000
122549  -4.136  -20.809  81.458 0.0000000000
122380  -3.429  -22.031  81.845 0.0000000000
58972  -2.820  -17.234  86.824 0.0000000000
59897  -3.153  -16.968  86.395 0.0000000000
58971  -2.538  -17.674  86.312 0.0000000000
57139  -2.199  -19.483  85.490 0.0000000000
57145  -1.908  -18.890  84.883 0.0000000000
54195  -1.864  -22.993  85.735 0.0000000000
54217  -2.024  -22.733  83.741 0.0000000000
55223  -2.408  -22.025  83.014 0.0000000000
67883  -10.870  -6.794  78.529 0.0000000000
68697  -10.593  -6.406  79.403 0.0000000000
119351  -10.461  -5.785  81.631 0.0000000000
69512  -10.474  -5.597  80.689 0.0000000000
119234  -10.459  -4.491  82.011 0.0000000000
69496  -10.461  -5.157  82.210 0.0000000000
67024  -11.019  -8.138  83.089 0.0000000000
67847  -11.007  -7.324  83.524 0.0000000000
71410  -10.837  -3.965  83.913 0.0000000000
125066  -10.577  -4.139  83.193 0.0000000000
72230  -10.854  -3.103  84.113 0.0000000000
131845  -11.228  -3.709  84.611 0.0000000000
115633  -11.956  -3.078  85.838 0.0000000000
73083  -11.765  -1.482  85.988 0.0000000000
115576  -12.468  -1.897  86.843 0.0000000000
63616  -14.529  -12.004  86.466 0.0000000000
64414  -14.665  -11.500  86.404 0.0000000000
65384  -15.084  -10.989  87.101 0.0000000000
118398  -15.372  -8.892  87.873 0.0000000000
122945  -14.273  -7.823  86.873 0.0000000000
67829  -14.813  -7.220  87.527 0.0000000000
67821  -15.507  -7.219  89.429 0.0000000000
69471  -15.465  -5.063  89.165 0.0000000000
68645  -15.695  -5.916  89.172 0.0000000000
68644  -15.186  -5.843  88.151 0.0000000000
70444  -13.728  -4.453  87.151 0.0000000000
70445  -14.474  -3.600  88.667 0.0000000000
72218  -13.750  -2.146  89.077 0.0000000000
73081  -13.014  -1.664  88.255 0.0000000000
73078  -12.744  -1.043  88.477 0.0000000000
73957  -12.597  -0.834  89.372 0.0000000000
115706  -12.193  -0.237  89.516 0.0000000000
73956  -11.764  -0.696  89.667 0.0000000000
74894  -11.390  0.703  90.308 0.0000000000
71390  -11.685  -2.549  89.571 0.0000000000
72217  -10.689  -2.500  88.818 0.0000000000
73072  -9.994  -1.396  89.259 0.0000000000
73954  -10.030  -0.291  88.991 0.0000000000
74897  -10.579  0.559  89.596 0.0000000000
74896  -9.741  0.704  88.269 0.0000000000
75785  -8.928  1.914  86.112 0.0000000000
75784  -8.655  1.355  84.841 0.0000000000
73965  -8.222  -0.203  85.562 0.0000000000
73082  -7.925  -1.279  85.789 0.0000000000
70447  -9.491  -4.391  85.403 0.0000000000
70446  -8.927  -3.918  85.062 0.0000000000
116138  -6.788  -3.630  84.353 0.0000000000
69480  -3.983  -5.300  85.101 0.0000000000
122721  -3.675  -4.515  85.144 0.0000000000
66996  -9.470  -8.826  87.173 0.0000000000
66189  -7.737  -8.965  88.437 0.0000000000
66994  -7.160  -8.605  87.714 0.0000000000
123184  -6.584  -8.356  87.126 0.0000000000
67013  -7.723  -7.871  85.822 0.0000000000
65379  -5.509  -10.199  88.420 0.0000000000
65378  -5.179  -10.500  87.475 0.0000000000
67001  -4.745  -8.914  86.728 0.0000000000
67831  -5.290  -7.756  85.724 0.0000000000
67018  -4.395  -8.671  84.906 0.0000000000
67839  -4.099  -7.530  85.218 0.0000000000
67845  -3.702  -7.211  84.473 0.0000000000
66205  -5.005  -9.644  83.630 0.0000000000
66209  -5.427  -9.615  82.819 0.0000000000
129308  -5.926  -12.722  84.449 0.0000000000
63622  -5.648  -12.157  84.020 0.0000000000
63625  -5.671  -12.226  83.211 0.0000000000
126414  -5.426  -11.731  82.068 0.0000000000
62774  -6.394  -14.276  81.068 0.0000000000
115322  -6.169  -13.517  81.253 0.0000000000
64676  -46.830  -11.451  64.320 0.0000000000
64688  -46.798  -11.335  63.408 0.0000000000
65528  -48.323  -10.592  64.413 0.0000000000
64675  -45.821  -11.587  64.821 0.0000000000
130438  -47.034  -11.605  66.080 0.0000000000
66352  -48.550  -10.092  66.372 0.0000000000
66368  -48.448  -9.925  65.640 0.0000000000
67186  -47.934  -8.359  66.657 0.0000000000
67995  -47.884  -7.207  66.999 0.0000000000
68819  -48.267  -5.839  67.455 0.0000000000
132305  -47.843  -4.740  66.496 0.0000000000
69676  -48.312  -4.715  67.419 0.0000000000
61967  -43.689  -14.626  67.806 0.0000000000
61968  -44.525  -14.382  68.357 0.0000000000
63732  -47.066  -12.808  70.726 0.0000000000
63737  -46.877  -12.935  69.708 0.0000000000
63738  -47.457  -12.257  69.980 0.0000000000
64601  -47.733  -11.681  69.303 0.0000000000
65475  -46.598  -10.017  70.947 0.0000000000
67150  -47.907  -7.492  70.762 0.0000000000
110156  -47.502  -8.337  70.978 0.0000000000
113083  -48.065  -8.237  70.876 0.0000000000
66316  -48.490  -8.708  70.204 0.0000000000
67151  -48.333  -7.728  70.414 0.0000000000
67977  -48.502  -7.171  69.794 0.0000000000
68787  -48.209  -6.347  69.937 0.0000000000
70686  -48.014  -4.237  68.772 0.0000000000
69637  -48.311  -4.854  69.019 0.0000000000
70705  -48.148  -2.986  67.730 0.0000000000
72387  -47.984  -1.312  67.178 0.0000000000
71566  -47.977  -2.311  67.738 0.0000000000
72385  -46.329  -1.593  67.440 0.0000000000
121183  -45.673  -0.836  67.412 0.0000000000
73239  -46.003  0.474  67.413 0.0000000000
121877  -44.575  -5.241  65.796 0.0000000000
70715  -44.961  -4.163  66.373 0.0000000000
72391  -43.911  -3.046  66.074 0.0000000000
63699  -40.976  -12.691  74.101 0.0000000000
62861  -40.756  -13.461  74.046 0.0000000000
62870  -41.155  -13.495  73.592 0.0000000000
125334  -39.380  -11.443  73.683 0.0000000000
64522  -40.286  -11.649  73.863 0.0000000000
111451  -40.956  -11.544  67.858 0.0000000000
110979  -41.370  -11.815  68.828 0.0000000000
64633  -41.393  -11.241  67.135 0.0000000000
65484  -42.062  -11.065  67.094 0.0000000000
64580  -34.825  -11.634  68.990 0.0000000000
110420  -35.384  -11.629  68.238 0.0000000000
64628  -36.252  -11.686  66.128 0.0000000000
111517  -35.956  -11.640  67.573 0.0000000000
117443  -36.512  -11.660  66.947 0.0000000000
116900  -37.319  -11.636  67.157 0.0000000000
64629  -37.080  -11.622  66.338 0.0000000000
65540  -37.734  -10.973  64.007 0.0000000000
65524  -38.306  -11.109  64.592 0.0000000000
111161  -38.424  -11.476  65.907 0.0000000000
65505  -38.838  -11.206  65.232 0.0000000000
64653  -39.280  -11.354  66.008 0.0000000000
111250  -39.783  -10.895  65.199 0.0000000000
66385  -40.942  -9.839  64.078 0.0000000000
66386  -41.706  -9.523  64.375 0.0000000000
66365  -42.026  -9.901  65.205 0.0000000000
128300  -42.696  -8.600  64.307 0.0000000000
67228  -41.720  -8.094  63.368 0.0000000000
57108  -9.962  -19.551  90.010 0.0000000000
54158  -6.992  -22.829  88.972 0.0000000000
53061  -7.358  -23.165  85.869 0.0000000000
54184  -7.664  -22.475  86.873 0.0000000000
51033  -5.778  -25.324  87.004 0.0000000000
52005  -5.903  -24.490  87.610 0.0000000000
51021  -5.654  -25.345  89.033 0.0000000000
50134  -5.684  -26.080  88.289 0.0000000000
48194  -6.664  -28.454  87.741 0.0000000000
49176  -6.205  -27.839  88.634 0.0000000000
47203  -6.587  -29.087  89.522 0.0000000000
47204  -7.162  -29.610  88.825 0.0000000000
50174  -9.412  -26.390  82.140 0.0000000000
49224  -8.655  -27.306  83.572 0.0000000000
49213  -8.478  -27.753  84.266 0.0000000000
49204  -7.601  -27.561  84.764 0.0000000000
48208  -11.650  -28.452  87.018 0.0000000000
48218  -10.931  -28.424  85.912 0.0000000000
47221  -9.136  -29.531  87.108 0.0000000000
48205  -8.438  -29.087  86.326 0.0000000000
47220  -8.019  -29.458  87.175 0.0000000000
46184  -8.619  -30.362  89.142 0.0000000000
46173  -8.792  -30.863  90.705 0.0000000000
45229  -10.298  -31.496  90.591 0.0000000000
55191  -17.415  -21.728  87.613 0.0000000000
54188  -17.226  -22.344  86.993 0.0000000000
54174  -17.129  -22.502  87.911 0.0000000000
51994  -16.611  -24.443  89.667 0.0000000000
52001  -16.218  -24.487  88.871 0.0000000000
51993  -16.173  -24.995  89.011 0.0000000000
50131  -17.927  -25.753  88.514 0.0000000000
50130  -17.057  -26.089  88.567 0.0000000000
49180  -16.333  -26.531  88.336 0.0000000000
110768  -15.680  -26.607  88.353 0.0000000000
50128  -15.006  -26.742  88.287 0.0000000000
48210  -15.063  -28.101  86.932 0.0000000000
48199  -15.069  -27.800  87.579 0.0000000000
70585  -12.834  -4.666  74.739 0.0000000000
69569  -12.457  -5.242  75.327 0.0000000000
69556  -12.084  -4.987  76.049 0.0000000000
68727  -12.136  -5.947  75.903 0.0000000000
62911  -24.148  -13.937  66.025 0.0000000000
63758  -23.796  -12.955  65.075 0.0000000000
62924  -23.515  -13.855  65.444 0.0000000000
61974  -21.771  -14.904  65.619 0.0000000000
61988  -22.051  -14.281  65.055 0.0000000000
61987  -21.248  -14.390  65.152 0.0000000000
110019  -20.493  -12.896  64.395 0.0000000000
61994  -20.641  -13.736  64.730 0.0000000000
60029  -20.363  -16.315  67.735 0.0000000000
61036  -18.419  -15.106  66.567 0.0000000000
61037  -19.383  -15.323  66.512 0.0000000000
61984  -18.299  -14.347  65.932 0.0000000000
132067  -18.825  -14.179  65.479 0.0000000000
62920  -18.256  -13.601  65.353 0.0000000000
63757  -17.870  -12.623  65.079 0.0000000000
62919  -17.369  -13.256  65.685 0.0000000000
62902  -16.163  -13.554  67.141 0.0000000000
63741  -15.952  -12.901  66.848 0.0000000000
63740  -15.606  -12.280  67.037 0.0000000000
64603  -15.365  -11.453  67.244 0.0000000000
126863  -15.205  -12.216  67.953 0.0000000000
56275  -18.903  -20.686  73.303 0.0000000000
56274  -17.873  -20.861  73.308 0.0000000000
57339  -16.735  -19.909  72.280 0.0000000000
56312  -17.480  -20.130  71.918 0.0000000000
58245  -17.133  -19.192  70.860 0.0000000000
58255  -17.457  -18.839  70.260 0.0000000000
58254  -16.763  -18.501  70.555 0.0000000000
58225  -15.225  -18.074  73.342 0.0000000000
58233  -15.722  -18.630  72.611 0.0000000000
60949  -15.543  -15.756  71.176 0.0000000000
59994  -15.770  -16.468  70.861 0.0000000000
59995  -16.183  -16.945  70.136 0.0000000000
60962  -15.907  -16.100  70.072 0.0000000000
60961  -15.560  -15.195  70.024 0.0000000000
62890  -15.141  -13.294  69.336 0.0000000000
114109  -14.838  -12.547  69.851 0.0000000000
64572  -14.893  -11.762  68.643 0.0000000000
63725  -14.745  -11.754  69.424 0.0000000000
64553  -14.604  -10.928  69.779 0.0000000000
121152  -14.532  -10.739  70.650 0.0000000000
64525  -14.451  -11.344  72.053 0.0000000000
65465  -14.456  -10.553  71.486 0.0000000000
65463  -14.356  -10.367  72.340 0.0000000000
66292  -14.170  -9.461  72.676 0.0000000000
118452  -14.675  -12.887  74.358 0.0000000000
116619  -14.522  -12.235  73.818 0.0000000000
64503  -14.190  -11.390  74.440 0.0000000000
65453  -13.572  -10.086  74.992 0.0000000000
66281  -13.822  -10.073  74.263 0.0000000000
66280  -13.569  -9.427  74.404 0.0000000000
67112  -13.278  -8.520  74.512 0.0000000000
67100  -12.887  -8.521  75.467 0.0000000000
67099  -12.529  -7.826  75.834 0.0000000000
67896  -12.147  -7.863  76.638 0.0000000000
68726  -11.744  -6.350  76.708 0.0000000000
67895  -11.663  -7.177  77.116 0.0000000000
128159  -11.270  -6.830  77.757 0.0000000000
130671  -11.524  -8.673  78.723 0.0000000000
67071  -11.685  -9.193  78.967 0.0000000000
66236  -11.372  -8.971  79.824 0.0000000000
66237  -11.881  -9.748  79.854 0.0000000000
63639  -13.823  -12.579  80.613 0.0000000000
64428  -13.056  -11.306  80.952 0.0000000000
65399  -12.794  -10.905  81.513 0.0000000000
64423  -13.352  -11.533  81.705 0.0000000000
63629  -13.671  -12.440  82.407 0.0000000000
63628  -13.280  -12.820  82.902 0.0000000000
129002  -13.579  -12.307  83.189 0.0000000000
120318  -12.483  -13.133  83.037 0.0000000000
59025  -11.344  -17.074  77.578 0.0000000000
123495  -10.240  -15.959  79.058 0.0000000000
60891  -10.672  -15.156  79.147 0.0000000000
60890  -10.005  -15.635  79.655 0.0000000000
115355  -9.230  -18.478  81.572 0.0000000000
59001  -8.983  -17.669  81.232 0.0000000000
60879  -9.237  -15.647  81.043 0.0000000000
61791  -9.778  -14.723  81.315 0.0000000000
61792  -10.630  -14.001  81.489 0.0000000000
111431  -10.069  -14.244  82.144 0.0000000000
61783  -9.694  -14.181  83.551 0.0000000000
61786  -10.227  -13.897  82.931 0.0000000000
62752  -11.694  -13.211  83.597 0.0000000000
62746  -11.238  -13.170  84.526 0.0000000000
62750  -9.766  -13.962  84.450 0.0000000000
60858  -9.140  -15.161  85.660 0.0000000000
59901  -9.124  -15.841  86.349 0.0000000000
58978  -9.060  -18.010  85.907 0.0000000000
58974  -9.549  -17.949  86.926 0.0000000000
112419  -9.682  -17.254  87.283 0.0000000000
58970  -10.131  -17.802  88.122 0.0000000000
57116  -10.225  -19.573  89.082 0.0000000000
121806  -52.900  1.764  54.565 0.0000000000
68868  -45.848  -6.877  63.852 0.0000000000
112469  -46.084  -7.862  63.585 0.0000000000
68032  -45.645  -7.276  62.942 0.0000000000
68875  -45.344  -7.052  61.409 0.0000000000
68041  -45.662  -7.577  62.142 0.0000000000
68044  -46.053  -7.740  61.405 0.0000000000
68045  -46.792  -8.133  61.632 0.0000000000
69741  -43.953  -5.595  60.058 0.0000000000
68879  -45.122  -6.336  59.725 0.0000000000
69761  -44.491  -5.959  59.437 0.0000000000
124169  -2.150  -16.562  72.602 0.0000000000
59062  -2.290  -17.118  72.182 0.0000000000
58240  -4.285  -18.020  71.470 0.0000000000
59072  -4.408  -17.717  70.522 0.0000000000
59930  -4.915  -16.872  79.812 0.0000000000
55159  -8.171  -21.055  90.797 0.0000000000
55153  -6.141  -22.159  91.749 0.0000000000
54138  -5.742  -22.917  91.989 0.0000000000
51013  -5.623  -25.419  91.468 0.0000000000
115853  -5.880  -24.683  91.618 0.0000000000
51010  -5.657  -25.124  92.004 0.0000000000
51978  -4.515  -25.189  92.318 0.0000000000
53014  -4.812  -24.411  92.261 0.0000000000
53017  -3.658  -23.843  91.091 0.0000000000
51012  -3.293  -25.952  90.550 0.0000000000
125435  -3.056  -25.701  89.813 0.0000000000
51014  -2.779  -25.504  89.157 0.0000000000
128744  -10.614  -3.982  79.386 0.0000000000
71464  -10.761  -3.498  78.894 0.0000000000
74001  -11.187  -0.194  80.401 0.0000000000
74961  -11.744  0.374  79.814 0.0000000000
125804  -11.092  0.861  82.616 0.0000000000
74942  -11.053  0.485  81.978 0.0000000000
129919  -11.701  1.775  82.375 0.0000000000
76677  -12.855  2.522  88.322 0.0000000000
76682  -12.619  2.292  87.041 0.0000000000
77566  -13.059  3.116  87.469 0.0000000000
78437  -14.430  4.743  86.813 0.0000000000
78448  -14.371  4.634  85.661 0.0000000000
75792  -8.258  1.698  83.942 0.0000000000
75800  -8.185  1.876  83.742 0.0000000000
77581  -7.339  2.274  84.687 0.0000000000
76686  -6.470  1.940  85.095 0.0000000000
73970  -6.992  -0.152  83.910 0.0000000000
74920  -6.712  0.151  83.328 0.0000000000
76694  -5.613  1.850  85.097 0.0000000000
75789  -6.280  1.541  84.220 0.0000000000
76679  -3.407  1.907  88.115 0.0000000000
77569  -3.707  2.048  86.890 0.0000000000
77589  -4.425  2.778  84.317 0.0000000000
78430  -3.500  2.938  85.681 0.0000000000
79254  -3.822  4.215  84.918 0.0000000000
79266  -4.266  4.390  84.147 0.0000000000
70461  -4.546  -4.422  83.647 0.0000000000
117207  -5.579  -4.285  82.659 0.0000000000
72252  -5.583  -2.390  81.194 0.0000000000
117795  -6.092  -1.157  81.739 0.0000000000
74000  -5.219  -0.368  80.531 0.0000000000
75818  -6.195  1.674  81.407 0.0000000000
123540  -6.286  0.929  81.557 0.0000000000
79267  -4.863  4.925  83.456 0.0000000000
79268  -5.710  5.569  83.147 0.0000000000
80003  -5.886  6.426  83.457 0.0000000000
120031  -6.801  6.162  82.243 0.0000000000
80724  -7.561  7.785  81.735 0.0000000000
77624  -7.522  3.619  79.831 0.0000000000
119324  -8.366  5.266  79.293 0.0000000000
78481  -7.955  5.311  80.133 0.0000000000
79281  -8.375  6.111  79.690 0.0000000000
80014  -8.467  6.997  79.995 0.0000000000
80734  -8.432  7.581  79.364 0.0000000000
121261  -8.667  6.194  77.400 0.0000000000
112360  -8.431  7.393  77.910 0.0000000000
80035  -8.507  7.033  77.324 0.0000000000
80747  -7.660  8.027  76.883 0.0000000000
80759  -8.149  7.418  76.676 0.0000000000
80043  -8.038  7.128  75.942 0.0000000000
78508  -9.291  4.147  76.005 0.0000000000
79305  -8.724  5.662  76.076 0.0000000000
78515  -9.289  4.168  75.004 0.0000000000
77649  -9.572  3.498  75.627 0.0000000000
75863  -9.004  1.204  76.903 0.0000000000
75857  -9.160  1.988  77.068 0.0000000000
74993  -9.301  1.005  76.159 0.0000000000
75875  -9.918  1.461  74.771 0.0000000000
73188  -8.463  -1.444  74.376 0.0000000000
70543  -4.084  -4.224  75.967 0.0000000000
121075  -4.423  -2.818  76.523 0.0000000000
70564  -4.802  -4.149  75.283 0.0000000000
70581  -5.290  -4.595  74.909 0.0000000000
67920  -4.011  -7.279  74.557 0.0000000000
68742  -6.155  -6.360  74.622 0.0000000000
117861  -6.189  -4.804  74.739 0.0000000000
70582  -6.753  -4.382  74.685 0.0000000000
112714  -7.037  -3.775  74.699 0.0000000000
70583  -7.471  -4.454  74.457 0.0000000000
70584  -8.216  -4.511  74.049 0.0000000000
70599  -8.986  -4.531  73.373 0.0000000000
67111  -8.426  -7.746  73.815 0.0000000000
67935  -8.993  -8.003  73.152 0.0000000000
129469  -7.288  -10.933  74.230 0.0000000000
65452  -7.314  -10.094  74.319 0.0000000000
63696  -8.190  -12.028  73.126 0.0000000000
118524  -7.948  -10.893  73.737 0.0000000000
64511  -8.294  -11.238  73.246 0.0000000000
52032  -30.969  -23.829  85.789 0.0000000000
114143  -32.313  -22.235  85.815 0.0000000000
54204  -32.740  -22.619  85.528 0.0000000000
120113  -7.442  -18.117  90.840 0.0000000000
58075  -6.927  -18.768  90.707 0.0000000000
59888  -10.574  -16.613  90.660 0.0000000000
123176  -10.096  -17.349  90.775 0.0000000000
59884  -8.943  -16.557  91.293 0.0000000000
126529  -27.083  -10.473  65.319 0.0000000000
65502  -26.304  -10.249  65.195 0.0000000000
110699  -25.839  -9.804  64.864 0.0000000000
66382  -26.073  -9.152  64.552 0.0000000000
68007  -25.555  -7.791  64.423 0.0000000000
67206  -25.484  -8.681  64.458 0.0000000000
67205  -24.803  -8.285  64.453 0.0000000000
53088  -16.428  -23.264  83.988 0.0000000000
125078  -16.685  -22.816  84.710 0.0000000000
118385  -16.921  -23.006  86.532 0.0000000000
65515  -23.172  -10.512  64.408 0.0000000000
57157  -16.264  -19.000  83.515 0.0000000000
126462  -16.082  -19.246  84.035 0.0000000000
56154  -15.440  -20.075  83.540 0.0000000000
76012  -53.329  2.764  54.073 0.0000000000
74324  -53.549  -1.185  52.100 0.0000000000
74308  -53.043  -0.486  52.547 0.0000000000
116417  -4.889  -15.189  78.140 0.0000000000
59937  -4.638  -16.738  78.342 0.0000000000
71489  -12.237  -3.215  76.237 0.0000000000
72305  -12.476  -2.316  76.345 0.0000000000
72304  -11.850  -2.829  76.944 0.0000000000
72289  -11.512  -2.446  77.686 0.0000000000
118673  -9.709  3.373  86.052 0.0000000000
77565  -10.233  3.730  86.592 0.0000000000
79259  -9.716  5.177  84.440 0.0000000000
79269  -9.727  5.680  84.258 0.0000000000
78456  -9.253  5.184  84.378 0.0000000000
79258  -8.674  5.434  84.382 0.0000000000
121089  -7.891  4.977  84.620 0.0000000000
131797  -7.166  4.539  84.922 0.0000000000
63638  -5.142  -12.421  80.326 0.0000000000
63647  -4.691  -12.599  79.701 0.0000000000
62801  -34.451  -13.726  78.118 0.0000000000
119442  -33.611  -14.191  78.455 0.0000000000
61811  -34.707  -14.033  80.242 0.0000000000
61809  -30.426  -14.267  79.682 0.0000000000
61818  -29.854  -14.706  79.122 0.0000000000
123406  -29.827  -14.493  78.340 0.0000000000
121216  -29.517  -14.250  76.211 0.0000000000
61836  -29.252  -14.720  76.749 0.0000000000
60923  -28.477  -15.282  75.573 0.0000000000
60930  -28.303  -15.198  74.859 0.0000000000
126267  -22.543  -17.771  89.505 0.0000000000
57121  -23.007  -18.199  90.045 0.0000000000
57112  -23.487  -19.178  90.346 0.0000000000
60922  -27.850  -15.730  75.182 0.0000000000
60916  -28.041  -15.883  76.026 0.0000000000
57144  -25.630  -19.243  86.025 0.0000000000
57143  -25.086  -18.723  86.602 0.0000000000
112376  -24.402  -18.515  86.225 0.0000000000
58111  -23.680  -18.033  86.874 0.0000000000
58099  -23.126  -17.639  87.921 0.0000000000
70785  -52.922  -3.999  59.476 0.0000000000
70777  -52.803  -3.668  60.434 0.0000000000
70792  -46.035  -4.868  56.865 0.0000000000
127453  -50.242  -6.148  55.357 0.0000000000
69831  -50.763  -5.918  56.005 0.0000000000
119920  -2.141  -24.669  87.397 0.0000000000
52003  -1.962  -24.531  86.981 0.0000000000
65392  -13.538  -11.467  83.639 0.0000000000
65388  -13.261  -10.753  84.092 0.0000000000
66204  -13.414  -10.473  84.861 0.0000000000
66201  -13.770  -10.074  85.746 0.0000000000
66193  -11.989  -8.948  88.241 0.0000000000
67826  -11.642  -6.852  86.949 0.0000000000
128316  -9.473  -7.949  85.906 0.0000000000
61771  -5.448  -14.392  87.375 0.0000000000
61778  -6.153  -14.637  85.834 0.0000000000
61777  -5.862  -15.512  85.740 0.0000000000
65479  -44.445  -10.635  68.710 0.0000000000
65486  -44.673  -10.003  68.421 0.0000000000
116181  -44.650  -7.985  66.260 0.0000000000
110552  -44.235  -8.639  66.089 0.0000000000
64520  -36.652  -11.514  73.594 0.0000000000
64533  -37.345  -11.531  72.943 0.0000000000
64532  -36.346  -11.519  72.781 0.0000000000
110432  -36.410  -11.507  71.275 0.0000000000
53075  -8.361  -23.316  84.448 0.0000000000
51056  -7.832  -25.454  83.183 0.0000000000
48189  -12.972  -28.484  88.131 0.0000000000
46186  -12.591  -29.863  88.181 0.0000000000
67144  -15.002  -7.901  68.962 0.0000000000
111368  -14.687  -8.536  69.601 0.0000000000
66304  -14.547  -9.211  70.258 0.0000000000
58236  -21.443  -18.630  72.498 0.0000000000
58235  -20.751  -19.108  72.128 0.0000000000
57352  -20.102  -19.505  71.883 0.0000000000
57351  -19.460  -19.591  71.403 0.0000000000
58204  -13.416  -18.399  75.486 0.0000000000
59041  -13.795  -17.674  75.169 0.0000000000
122873  -14.502  -15.890  75.529 0.0000000000
61840  -14.782  -15.005  75.748 0.0000000000
61828  -14.310  -14.261  77.504 0.0000000000
55225  -10.291  -21.786  82.594 0.0000000000
56152  -9.597  -21.152  84.045 0.0000000000
121146  -47.224  -5.396  65.636 0.0000000000
71581  -46.423  -3.598  64.201 0.0000000000
61876  -4.035  -14.681  72.558 0.0000000000
127193  -5.781  -27.499  90.564 0.0000000000
49171  -5.790  -27.799  91.244 0.0000000000
127987  -11.487  -0.230  85.492 0.0000000000
113974  -11.468  0.463  85.243 0.0000000000
123734  -12.410  2.401  85.799 0.0000000000
82133  -3.347  9.328  86.010 0.0000000000
81449  -3.903  8.711  85.493 0.0000000000
81459  -5.985  8.258  83.661 0.0000000000
71413  -4.261  -3.997  84.695 0.0000000000
119742  -4.143  -2.541  78.314 0.0000000000
74018  -5.486  -0.508  78.639 0.0000000000
74019  -6.254  -0.331  78.393 0.0000000000
74030  -6.537  -0.630  77.675 0.0000000000
124314  -4.785  -2.314  76.500 0.0000000000
64499  -2.664  -11.462  74.545 0.0000000000
65448  -3.224  -10.716  74.491 0.0000000000
63687  -4.440  -12.334  74.385 0.0000000000
62839  -4.601  -13.037  74.137 0.0000000000
74102  -10.599  -0.629  71.497 0.0000000000
73219  -10.488  -1.654  71.643 0.0000000000
132242  -10.273  -2.856  71.847 0.0000000000
59004  -33.979  -17.253  81.524 0.0000000000
59005  -34.499  -17.500  82.303 0.0000000000
58997  -34.880  -17.252  83.209 0.0000000000
57153  -33.776  -18.761  84.900 0.0000000000
58132  -33.498  -17.636  84.725 0.0000000000
58144  -32.760  -17.408  84.491 0.0000000000
58987  -32.265  -16.813  84.254 0.0000000000
59908  -31.745  -16.118  83.923 0.0000000000
127038  -30.821  -17.173  82.728 0.0000000000
59003  -30.337  -17.611  82.115 0.0000000000
58178  -33.301  -18.911  80.297 0.0000000000
55184  -27.499  -21.767  88.526 0.0000000000
54169  -27.887  -23.109  88.386 0.0000000000
53038  -27.413  -23.804  88.082 0.0000000000
56175  -30.464  -19.965  82.866 0.0000000000
55207  -30.777  -21.849  85.895 0.0000000000
55206  -29.788  -21.562  85.925 0.0000000000
56138  -28.288  -21.056  86.048 0.0000000000
56131  -28.166  -21.042  86.806 0.0000000000
56125  -28.071  -21.216  87.552 0.0000000000
68067  -50.062  -7.861  58.912 0.0000000000
67261  -50.787  -7.572  60.835 0.0000000000
68048  -49.922  -7.689  62.015 0.0000000000
60843  -3.644  -15.694  89.419 0.0000000000
59889  -3.419  -16.179  88.856 0.0000000000
57106  -5.116  -19.687  89.592 0.0000000000
112014  -4.449  -20.997  89.295 0.0000000000
53026  -3.121  -23.523  90.345 0.0000000000
62739  -10.016  -13.872  86.351 0.0000000000
62736  -10.717  -13.526  86.911 0.0000000000
118633  -11.323  -13.414  87.865 0.0000000000
61765  -11.594  -13.959  90.565 0.0000000000
64396  -9.222  -10.714  91.062 0.0000000000
65366  -8.440  -10.116  90.500 0.0000000000
60839  -6.039  -14.870  90.900 0.0000000000
61757  -5.244  -13.907  90.606 0.0000000000
61756  -4.463  -14.118  90.308 0.0000000000
61762  -4.086  -14.090  90.056 0.0000000000
60844  -3.671  -14.943  89.899 0.0000000000
60954  -41.267  -15.195  71.667 0.0000000000
60955  -42.220  -14.955  71.730 0.0000000000
62878  -43.368  -13.810  71.731 0.0000000000
64577  -31.655  -11.448  69.185 0.0000000000
110423  -31.993  -11.559  68.445 0.0000000000
117398  -31.451  -11.693  66.827 0.0000000000
64623  -30.934  -11.662  66.047 0.0000000000
66391  -28.929  -8.957  63.677 0.0000000000
67221  -29.577  -8.526  63.564 0.0000000000
51095  -12.239  -25.235  80.518 0.0000000000
51094  -11.532  -25.309  80.639 0.0000000000
113560  -12.749  -25.712  80.911 0.0000000000
51081  -13.360  -25.982  81.551 0.0000000000
51069  -13.955  -26.036  82.352 0.0000000000
57249  -19.178  -20.112  78.694 0.0000000000
56221  -18.933  -20.568  77.224 0.0000000000
56208  -18.598  -20.466  78.042 0.0000000000
56207  -17.698  -20.695  78.153 0.0000000000
126630  -15.621  -19.768  80.717 0.0000000000
56197  -15.727  -20.437  79.384 0.0000000000
127207  -14.196  -20.492  77.812 0.0000000000
56203  -13.726  -20.217  78.299 0.0000000000
57261  -12.991  -19.840  77.841 0.0000000000
57247  -12.262  -19.443  78.231 0.0000000000
120234  -12.738  -19.611  79.983 0.0000000000
115597  -14.230  -22.113  81.475 0.0000000000
54241  -13.263  -22.045  81.174 0.0000000000
54240  -12.404  -22.588  80.961 0.0000000000
74174  -45.655  0.842  67.363 0.0000000000
74194  -45.502  0.748  66.662 0.0000000000
119199  -51.152  -1.169  50.717 0.0000000000
61839  -1.967  -14.335  75.478 0.0000000000
119716  -2.006  -15.202  75.218 0.0000000000
59032  -2.630  -17.002  75.707 0.0000000000
57273  -5.651  -19.156  75.960 0.0000000000
75773  -12.241  1.620  90.324 0.0000000000
76674  -12.475  2.568  90.398 0.0000000000
76672  -11.977  2.348  90.913 0.0000000000
78405  -12.023  4.507  90.502 0.0000000000
114953  -11.682  5.552  86.370 0.0000000000
79993  -12.957  6.923  85.936 0.0000000000
80694  -13.708  7.354  86.192 0.0000000000
82142  -9.431  9.210  84.292 0.0000000000
123832  -3.746  6.767  88.818 0.0000000000
79966  -3.047  6.233  89.060 0.0000000000
80673  -2.859  7.061  88.721 0.0000000000
79215  -2.862  5.417  89.002 0.0000000000
79979  -2.578  5.297  88.510 0.0000000000
78412  -2.429  3.991  88.295 0.0000000000
67856  -5.552  -7.741  82.417 0.0000000000
66234  -5.247  -9.809  79.184 0.0000000000
67058  -6.046  -8.206  79.261 0.0000000000
68704  -5.710  -6.334  78.655 0.0000000000
68715  -5.295  -6.457  77.791 0.0000000000
68714  -4.666  -6.666  76.997 0.0000000000
67091  -3.523  -7.863  76.650 0.0000000000
118110  -2.234  -10.918  77.160 0.0000000000
63673  -1.919  -12.030  75.816 0.0000000000
116594  -37.898  -12.861  79.372 0.0000000000
62814  -37.778  -13.215  78.487 0.0000000000
63661  -38.683  -12.040  79.184 0.0000000000
64469  -38.585  -11.660  78.282 0.0000000000
64478  -35.463  -11.391  77.113 0.0000000000
61796  -35.057  -13.928  82.952 0.0000000000
62781  -35.417  -13.436  82.342 0.0000000000
62771  -35.084  -13.241  83.099 0.0000000000
63630  -34.836  -12.709  83.004 0.0000000000
120630  -34.329  -11.952  81.557 0.0000000000
63658  -31.891  -12.251  78.383 0.0000000000
63668  -32.322  -11.788  77.938 0.0000000000
120857  -32.801  -11.506  77.457 0.0000000000
64476  -33.498  -11.393  77.130 0.0000000000
64475  -32.627  -11.462  76.630 0.0000000000
110604  -32.415  -11.308  75.270 0.0000000000
111075  -32.231  -11.063  73.187 0.0000000000
64515  -31.590  -11.123  73.706 0.0000000000
111691  -30.914  -11.151  73.262 0.0000000000
64526  -30.055  -11.290  72.421 0.0000000000
62868  -28.579  -13.324  72.465 0.0000000000
62876  -28.397  -12.986  71.680 0.0000000000
63716  -27.803  -12.784  70.414 0.0000000000
63726  -27.422  -12.153  68.860 0.0000000000
62891  -26.844  -13.008  68.847 0.0000000000
129678  -26.450  -13.153  68.329 0.0000000000
62896  -25.982  -13.634  68.083 0.0000000000
57129  -17.931  -19.409  88.146 0.0000000000
131053  -18.395  -19.462  89.673 0.0000000000
57109  -18.714  -19.636  90.463 0.0000000000
55170  -21.549  -21.422  90.926 0.0000000000
55169  -20.766  -21.578  91.155 0.0000000000
53030  -21.174  -23.257  90.224 0.0000000000
53034  -20.845  -24.182  89.190 0.0000000000
61965  -25.371  -14.137  67.738 0.0000000000
61953  -25.730  -14.394  68.572 0.0000000000
61938  -25.822  -14.910  69.357 0.0000000000
60979  -25.196  -15.588  69.670 0.0000000000
59976  -25.455  -16.843  73.565 0.0000000000
114367  -25.456  -16.634  72.872 0.0000000000
59975  -24.859  -17.062  73.227 0.0000000000
59067  -24.037  -17.275  72.876 0.0000000000
59066  -23.305  -17.603  72.913 0.0000000000
59058  -23.613  -17.671  73.539 0.0000000000
58227  -23.276  -18.103  74.143 0.0000000000
58176  -28.020  -18.236  79.762 0.0000000000
58167  -27.822  -19.106  80.049 0.0000000000
57219  -26.566  -20.014  80.277 0.0000000000
119743  -24.689  -19.919  81.216 0.0000000000
112905  -24.145  -19.716  81.145 0.0000000000
119103  -23.881  -19.682  79.865 0.0000000000
57237  -23.450  -19.586  79.260 0.0000000000
57236  -22.566  -19.503  79.426 0.0000000000
117295  -22.017  -19.468  78.814 0.0000000000
117401  -21.187  -19.486  78.962 0.0000000000
57235  -21.708  -19.448  79.605 0.0000000000
57214  -21.416  -19.400  80.490 0.0000000000
125409  -20.915  -18.066  85.318 0.0000000000
112019  -20.718  -18.334  84.479 0.0000000000
58129  -19.939  -18.127  85.038 0.0000000000
115193  -19.087  -18.226  85.101 0.0000000000
58118  -18.485  -18.317  85.575 0.0000000000
57136  -18.183  -18.674  86.875 0.0000000000
132502  -51.737  -1.805  55.400 0.0000000000
73350  -52.089  -0.855  57.201 0.0000000000
74233  -52.319  -0.489  60.182 0.0000000000
74232  -51.884  0.160  60.474 0.0000000000
75964  -49.595  2.174  59.472 0.0000000000
75122  -49.783  1.284  59.300 0.0000000000
70775  -51.860  -4.385  60.893 0.0000000000
72479  -46.419  -2.816  56.388 0.0000000000
70840  -52.465  -3.553  53.960 0.0000000000
60878  -6.263  -15.605  81.588 0.0000000000
58991  -2.849  -18.088  82.931 0.0000000000
55230  -2.926  -21.937  82.292 0.0000000000
58092  -2.597  -18.134  86.798 0.0000000000
58103  -2.177  -18.115  85.932 0.0000000000
119033  -2.441  -18.805  86.472 0.0000000000
119998  -2.070  -24.718  85.188 0.0000000000
54206  -1.834  -23.150  85.042 0.0000000000
116259  -2.172  -24.577  84.110 0.0000000000
67873  -10.764  -7.673  79.600 0.0000000000
67865  -10.538  -7.000  80.115 0.0000000000
67857  -10.527  -7.312  81.088 0.0000000000
68673  -10.468  -6.751  81.987 0.0000000000
67844  -12.004  -7.420  84.778 0.0000000000
118107  -11.443  -7.176  84.230 0.0000000000
68659  -11.806  -6.653  84.736 0.0000000000
68652  -11.747  -5.913  84.796 0.0000000000
70448  -12.039  -4.526  85.405 0.0000000000
71400  -12.638  -3.385  86.479 0.0000000000
64408  -14.881  -12.051  88.157 0.0000000000
64411  -14.970  -11.616  87.403 0.0000000000
65380  -15.495  -10.757  88.181 0.0000000000
66194  -15.763  -9.700  88.550 0.0000000000
66992  -16.117  -8.790  89.054 0.0000000000
68640  -14.994  -6.014  89.768 0.0000000000
68641  -15.465  -6.002  89.460 0.0000000000
69468  -15.347  -5.303  89.927 0.0000000000
70436  -15.380  -4.833  89.977 0.0000000000
70440  -15.187  -4.175  89.622 0.0000000000
113555  -14.740  -3.487  89.779 0.0000000000
72213  -13.150  -2.158  90.180 0.0000000000
111361  -11.874  -2.023  89.906 0.0000000000
72216  -9.783  -2.198  88.400 0.0000000000
73077  -9.265  -1.303  88.547 0.0000000000
74900  -9.338  -0.071  88.023 0.0000000000
73959  -9.088  -0.864  88.172 0.0000000000
128682  -8.751  -0.362  87.511 0.0000000000
122606  -8.494  -0.079  86.481 0.0000000000
73079  -8.288  -1.274  86.724 0.0000000000
69484  -9.049  -5.603  84.661 0.0000000000
69483  -8.200  -5.554  84.499 0.0000000000
111003  -7.784  -4.865  84.381 0.0000000000
66178  -7.236  -9.528  89.162 0.0000000000
66187  -5.444  -9.386  88.526 0.0000000000
116055  -4.501  -10.093  86.954 0.0000000000
66195  -4.483  -9.581  86.438 0.0000000000
67010  -4.552  -8.999  85.633 0.0000000000
130349  -4.521  -8.651  84.329 0.0000000000
127142  -4.870  -10.047  84.006 0.0000000000
62749  -6.374  -13.664  83.465 0.0000000000
62763  -6.029  -13.016  81.939 0.0000000000
61790  -6.500  -14.855  81.717 0.0000000000
64634  -46.700  -11.865  66.860 0.0000000000
65495  -48.437  -10.602  66.734 0.0000000000
67175  -48.508  -8.706  67.434 0.0000000000
113853  -48.619  -7.636  68.161 0.0000000000
116000  -44.588  -14.872  69.257 0.0000000000
61958  -45.274  -14.385  69.228 0.0000000000
61947  -45.986  -14.127  70.099 0.0000000000
62893  -46.576  -13.500  70.470 0.0000000000
63733  -47.408  -12.032  70.943 0.0000000000
67148  -46.707  -8.021  70.345 0.0000000000
67960  -47.523  -6.560  70.246 0.0000000000
68796  -48.022  -5.615  69.589 0.0000000000
69654  -47.504  -4.631  68.913 0.0000000000
120925  -47.441  -3.204  68.053 0.0000000000
71565  -45.518  -2.985  66.893 0.0000000000
70714  -43.414  -4.365  65.325 0.0000000000
132808  -43.840  -3.818  65.658 0.0000000000
71570  -43.158  -3.624  65.585 0.0000000000
61856  -39.250  -14.053  74.592 0.0000000000
62848  -40.186  -13.575  74.947 0.0000000000
116636  -40.710  -13.063  74.648 0.0000000000
64523  -40.811  -12.056  74.038 0.0000000000
110147  -39.268  -11.433  71.089 0.0000000000
64549  -39.606  -11.418  72.018 0.0000000000
64585  -39.836  -11.468  70.290 0.0000000000
64586  -40.585  -11.657  69.600 0.0000000000
64632  -40.555  -11.340  67.037 0.0000000000
127687  -34.080  -11.831  66.627 0.0000000000
111518  -35.145  -11.703  67.421 0.0000000000
117445  -34.882  -11.789  66.657 0.0000000000
64627  -35.375  -11.778  65.971 0.0000000000
115286  -35.965  -11.600  65.179 0.0000000000
112010  -39.755  -10.483  64.349 0.0000000000
55178  -9.555  -20.940  88.930 0.0000000000
52021  -6.393  -24.664  85.679 0.0000000000
51040  -6.157  -25.432  86.072 0.0000000000
122017  -5.758  -25.951  87.431 0.0000000000
122011  -6.021  -26.711  87.476 0.0000000000
49226  -10.234  -27.418  83.206 0.0000000000
47213  -9.836  -29.796  87.924 0.0000000000
46185  -9.674  -30.461  89.200 0.0000000000
46179  -9.844  -30.892  89.869 0.0000000000
46174  -9.744  -31.174  90.713 0.0000000000
54162  -17.087  -22.595  89.652 0.0000000000
54161  -16.814  -23.085  88.766 0.0000000000
53033  -16.784  -23.462  89.807 0.0000000000
49189  -17.478  -26.635  87.300 0.0000000000
50137  -17.670  -26.202  87.944 0.0000000000
49188  -16.647  -27.140  87.254 0.0000000000
70586  -13.162  -4.987  74.035 0.0000000000
68745  -12.786  -6.276  74.693 0.0000000000
61041  -23.176  -15.196  66.584 0.0000000000
61040  -22.228  -15.375  66.346 0.0000000000
61039  -21.198  -15.379  66.252 0.0000000000
129007  -19.335  -16.941  68.376 0.0000000000
60028  -19.384  -16.423  67.781 0.0000000000
60027  -18.471  -16.276  67.682 0.0000000000
61015  -18.100  -15.669  67.256 0.0000000000
61035  -17.699  -15.134  66.955 0.0000000000
62910  -17.184  -13.784  66.208 0.0000000000
61962  -17.081  -14.765  67.171 0.0000000000
61961  -16.409  -14.315  67.518 0.0000000000
56260  -17.480  -21.085  74.100 0.0000000000
56273  -16.997  -20.721  73.457 0.0000000000
56292  -16.527  -20.233  72.988 0.0000000000
58234  -16.274  -19.138  72.022 0.0000000000
115893  -15.218  -16.083  73.295 0.0000000000
59981  -15.396  -16.659  72.478 0.0000000000
60940  -15.348  -15.765  72.463 0.0000000000
123059  -15.397  -15.373  71.753 0.0000000000
61918  -15.386  -15.033  70.937 0.0000000000
130252  -15.348  -14.628  70.396 0.0000000000
129085  -15.140  -14.088  70.830 0.0000000000
127972  -14.862  -13.319  70.986 0.0000000000
63715  -14.734  -12.644  70.730 0.0000000000
63704  -14.568  -12.038  71.342 0.0000000000
64512  -14.370  -10.950  72.963 0.0000000000
64486  -14.127  -11.700  75.421 0.0000000000
65442  -13.543  -10.470  75.673 0.0000000000
67093  -12.894  -9.198  75.962 0.0000000000
66264  -12.612  -9.233  76.725 0.0000000000
67084  -12.194  -8.610  77.101 0.0000000000
67083  -11.766  -8.658  78.076 0.0000000000
66255  -12.342  -9.352  77.549 0.0000000000
62788  -14.070  -13.185  79.342 0.0000000000
63648  -13.844  -12.564  79.733 0.0000000000
62777  -13.912  -13.037  80.021 0.0000000000
63632  -13.789  -12.699  81.508 0.0000000000
58172  -10.523  -18.063  78.948 0.0000000000
59014  -9.977  -17.376  79.366 0.0000000000
59013  -9.448  -16.972  80.046 0.0000000000
59000  -8.584  -17.048  81.870 0.0000000000
60873  -9.145  -15.171  82.503 0.0000000000
129932  -9.545  -14.753  82.087 0.0000000000
60866  -9.175  -14.890  83.319 0.0000000000
114197  -9.293  -14.664  84.133 0.0000000000
60862  -8.983  -15.244  84.691 0.0000000000
124440  -9.424  -19.461  85.887 0.0000000000
57128  -10.174  -19.557  87.993 0.0000000000
75977  -51.735  2.544  57.101 0.0000000000
76001  -52.428  3.718  56.214 0.0000000000
65545  -48.804  -10.018  63.556 0.0000000000
67230  -46.629  -8.504  63.419 0.0000000000
68880  -45.107  -6.432  60.631 0.0000000000
59055  -2.807  -17.711  72.890 0.0000000000
128910  -3.224  -17.954  72.335 0.0000000000
58171  -4.507  -18.216  79.763 0.0000000000
57223  -4.726  -18.822  79.650 0.0000000000
128260  -5.028  -19.163  79.334 0.0000000000
121101  -7.598  -22.233  90.265 0.0000000000
127562  -7.446  -22.147  90.864 0.0000000000
54151  -7.227  -22.722  90.831 0.0000000000
53020  -6.895  -23.017  91.428 0.0000000000
53019  -6.449  -23.549  91.702 0.0000000000
51008  -5.314  -25.520  92.302 0.0000000000
51007  -4.905  -25.749  92.519 0.0000000000
111008  -3.895  -25.379  91.953 0.0000000000
50116  -3.580  -26.659  91.274 0.0000000000
110599  -3.342  -26.693  90.205 0.0000000000
71445  -10.472  -3.566  80.696 0.0000000000
72270  -10.672  -2.418  79.757 0.0000000000
73993  -11.089  0.111  81.229 0.0000000000
76707  -12.222  2.638  83.373 0.0000000000
78417  -14.038  4.555  88.995 0.0000000000
78425  -14.578  4.974  88.296 0.0000000000
79234  -15.115  5.292  87.589 0.0000000000
82909  -4.891  10.507  81.555 0.0000000000
82921  -4.649  10.527  80.732 0.0000000000
82934  -4.385  10.437  79.907 0.0000000000
76704  -4.845  2.088  84.879 0.0000000000
74948  -5.610  0.189  80.392 0.0000000000
76721  -5.963  3.122  81.956 0.0000000000
77607  -5.915  3.760  81.834 0.0000000000
78469  -5.894  4.405  82.115 0.0000000000
78464  -6.155  4.997  82.067 0.0000000000
78470  -6.501  4.758  81.510 0.0000000000
78471  -7.286  5.268  81.007 0.0000000000
77625  -8.126  3.883  79.208 0.0000000000
78489  -8.424  4.505  78.902 0.0000000000
79288  -8.551  5.992  78.813 0.0000000000
129024  -8.662  5.869  78.080 0.0000000000
79299  -8.780  5.719  76.815 0.0000000000
78503  -9.222  4.046  76.730 0.0000000000
74043  -8.379  -0.270  76.237 0.0000000000
74053  -9.167  0.015  75.004 0.0000000000
69567  -3.381  -5.486  75.259 0.0000000000
69568  -3.740  -5.114  75.228 0.0000000000
67921  -5.204  -7.635  74.598 0.0000000000
111560  -4.856  -6.927  74.581 0.0000000000
69578  -7.047  -5.043  74.574 0.0000000000
121660  -7.330  -5.710  74.496 0.0000000000
68744  -7.985  -6.162  74.229 0.0000000000
126977  -6.874  -12.785  73.819 0.0000000000
63695  -7.526  -12.432  73.557 0.0000000000
62855  -7.947  -12.802  72.866 0.0000000000
57205  -34.477  -19.988  82.174 0.0000000000
127119  -34.606  -19.146  82.444 0.0000000000
131519  -34.718  -20.312  82.849 0.0000000000
56163  -34.876  -20.184  83.530 0.0000000000
55218  -34.485  -21.176  84.323 0.0000000000
56150  -34.666  -20.161  84.310 0.0000000000
57152  -32.942  -19.111  84.715 0.0000000000
127751  -29.052  -23.447  87.816 0.0000000000
109859  -29.187  -24.375  86.687 0.0000000000
56162  -31.645  -20.125  84.040 0.0000000000
55208  -31.662  -21.947  85.971 0.0000000000
54193  -30.061  -22.862  87.201 0.0000000000
67259  -49.390  -9.022  60.753 0.0000000000
66426  -49.763  -8.713  61.760 0.0000000000
128377  -5.782  -18.410  90.160 0.0000000000
55164  -5.273  -21.216  90.673 0.0000000000
55155  -4.930  -21.815  90.909 0.0000000000
60851  -10.397  -15.170  88.294 0.0000000000
60845  -11.038  -15.221  91.076 0.0000000000
61761  -10.558  -14.283  91.332 0.0000000000
130522  -28.889  -11.417  67.154 0.0000000000
64621  -29.129  -11.388  66.387 0.0000000000
65519  -28.565  -10.271  64.429 0.0000000000
65518  -27.664  -10.004  64.564 0.0000000000
66383  -28.274  -9.450  64.046 0.0000000000
67209  -28.100  -8.278  63.970 0.0000000000
68845  -28.127  -7.136  64.265 0.0000000000
69686  -27.511  -5.735  65.481 0.0000000000
68829  -26.265  -6.320  64.897 0.0000000000
68842  -25.129  -7.058  64.634 0.0000000000
52079  -15.010  -24.232  81.462 0.0000000000
52065  -15.002  -24.949  81.873 0.0000000000
131485  -15.425  -24.694  82.498 0.0000000000
129178  -15.598  -24.793  83.230 0.0000000000
52037  -15.702  -24.862  84.179 0.0000000000
52038  -16.243  -24.252  84.566 0.0000000000
52023  -15.692  -24.863  85.200 0.0000000000
57193  -18.159  -19.471  81.375 0.0000000000
57210  -16.403  -19.727  80.953 0.0000000000
57191  -16.061  -19.335  81.923 0.0000000000
117556  -14.873  -19.637  80.912 0.0000000000
57189  -14.173  -19.806  81.896 0.0000000000
55227  -14.559  -21.207  82.168 0.0000000000
54229  -15.056  -22.369  81.849 0.0000000000
53112  -15.250  -23.417  81.684 0.0000000000
131381  -53.347  3.139  53.388 0.0000000000
73411  -52.356  -1.076  51.229 0.0000000000
60913  -2.913  -14.919  76.691 0.0000000000
60905  -3.651  -15.561  76.978 0.0000000000
76676  -10.496  3.167  89.289 0.0000000000
77558  -10.609  3.747  88.482 0.0000000000
78423  -11.232  4.887  86.914 0.0000000000
78422  -10.599  4.385  86.254 0.0000000000
79247  -11.424  5.733  85.272 0.0000000000
79992  -11.758  6.348  84.919 0.0000000000
80716  -11.053  7.008  84.107 0.0000000000
80714  -9.872  7.758  84.117 0.0000000000
80005  -9.642  6.258  84.128 0.0000000000
79999  -9.376  6.978  84.218 0.0000000000
80703  -8.957  7.898  84.509 0.0000000000
132412  -8.482  8.331  84.895 0.0000000000
79990  -6.134  6.648  86.307 0.0000000000
78431  -4.709  2.724  87.099 0.0000000000
65398  -5.443  -10.691  81.575 0.0000000000
66223  -5.756  -10.213  80.932 0.0000000000
65404  -4.857  -11.166  80.016 0.0000000000
66246  -4.661  -9.512  78.301 0.0000000000
66254  -4.016  -9.207  77.603 0.0000000000
129887  -3.262  -10.653  78.136 0.0000000000
64460  -2.837  -11.224  78.075 0.0000000000
63655  -3.315  -12.512  78.666 0.0000000000
63654  -2.640  -12.080  78.202 0.0000000000
62807  -2.731  -13.344  77.557 0.0000000000
129613  -8.902  4.620  74.465 0.0000000000
63652  -37.732  -12.067  80.401 0.0000000000
64436  -37.478  -11.884  80.579 0.0000000000
62760  -32.442  -13.765  83.232 0.0000000000
62769  -32.691  -13.140  82.542 0.0000000000
62779  -31.925  -13.299  81.530 0.0000000000
131750  -32.082  -13.013  80.921 0.0000000000
62790  -31.696  -12.942  79.594 0.0000000000
62789  -31.020  -13.512  79.363 0.0000000000
62800  -31.476  -12.829  78.777 0.0000000000
63666  -31.116  -12.648  77.410 0.0000000000
63675  -30.800  -12.545  76.524 0.0000000000
63680  -30.335  -12.580  75.141 0.0000000000
62859  -29.211  -13.293  73.629 0.0000000000
61849  -29.285  -13.969  74.735 0.0000000000
62842  -28.944  -13.956  74.013 0.0000000000
62858  -28.742  -13.652  73.222 0.0000000000
61882  -28.260  -14.086  72.717 0.0000000000
113102  -27.765  -14.464  72.323 0.0000000000
61898  -26.817  -14.776  71.050 0.0000000000
58086  -19.926  -17.818  89.066 0.0000000000
57120  -20.360  -18.049  89.844 0.0000000000
115564  -21.065  -19.266  90.827 0.0000000000
58082  -22.157  -18.197  90.163 0.0000000000
126614  -21.807  -18.989  90.564 0.0000000000
54155  -22.315  -22.047  90.482 0.0000000000
60950  -26.714  -15.217  71.612 0.0000000000
60934  -26.746  -15.803  72.958 0.0000000000
59971  -27.176  -16.133  74.759 0.0000000000
59970  -26.460  -16.471  74.405 0.0000000000
59969  -25.742  -16.881  74.295 0.0000000000
59962  -25.851  -17.089  75.091 0.0000000000
59036  -25.649  -17.851  76.442 0.0000000000
56157  -26.648  -20.487  83.281 0.0000000000
56156  -25.715  -20.228  83.111 0.0000000000
57177  -24.961  -19.979  82.604 0.0000000000
113607  -25.323  -19.740  84.277 0.0000000000
57160  -25.019  -19.816  83.517 0.0000000000
57159  -24.204  -19.503  83.142 0.0000000000
110892  -23.591  -19.455  82.439 0.0000000000
110450  -22.851  -19.302  82.303 0.0000000000
127694  -22.480  -19.089  82.858 0.0000000000
58130  -22.460  -18.621  84.324 0.0000000000
58120  -22.999  -18.178  85.981 0.0000000000
128158  -22.157  -17.952  86.151 0.0000000000
129991  -21.670  -18.110  85.483 0.0000000000
110448  -21.298  -17.818  86.241 0.0000000000
132776  -51.968  -3.634  56.045 0.0000000000
132921  -52.186  -3.079  56.959 0.0000000000
110046  -52.540  -2.784  57.856 0.0000000000
72468  -52.817  -2.044  59.139 0.0000000000
73327  -52.521  -1.489  60.271 0.0000000000
73326  -51.781  -0.706  60.503 0.0000000000
73325  -50.708  -1.214  59.111 0.0000000000
70795  -49.343  -4.580  57.872 0.0000000000
69834  -50.615  -5.225  54.512 0.0000000000
69835  -51.282  -4.953  55.083 0.0000000000
59906  -5.389  -16.722  83.498 0.0000000000
58985  -3.602  -17.455  83.706 0.0000000000
58134  -2.204  -18.756  83.692 0.0000000000
55186  -2.462  -21.541  87.484 0.0000000000
55196  -2.217  -21.359  86.488 0.0000000000
54183  -1.950  -23.371  86.509 0.0000000000
52020  -2.227  -25.344  85.083 0.0000000000
67031  -11.308  -9.026  82.137 0.0000000000
128193  -11.544  -9.143  82.739 0.0000000000
67025  -11.523  -8.756  83.308 0.0000000000
67836  -12.833  -7.614  85.559 0.0000000000
67827  -13.354  -6.728  86.177 0.0000000000
66176  -15.296  -9.933  90.069 0.0000000000
66175  -14.583  -9.662  90.206 0.0000000000
66990  -14.632  -8.809  89.776 0.0000000000
66999  -14.735  -8.063  89.519 0.0000000000
67824  -13.909  -7.568  89.030 0.0000000000
70438  -12.831  -4.148  89.359 0.0000000000
70437  -11.563  -3.920  88.165 0.0000000000
71399  -10.525  -3.652  87.302 0.0000000000
71398  -9.682  -3.247  86.776 0.0000000000
71397  -8.919  -2.783  86.348 0.0000000000
113570  -9.495  -5.085  85.072 0.0000000000
67842  -8.391  -6.809  84.836 0.0000000000
121121  -6.521  -12.047  87.873 0.0000000000
62734  -5.937  -13.319  86.805 0.0000000000
63612  -6.018  -12.668  86.713 0.0000000000
64412  -5.325  -11.299  85.849 0.0000000000
110733  -5.614  -12.097  85.028 0.0000000000
62743  -6.245  -13.429  84.346 0.0000000000
111165  -6.337  -14.049  85.082 0.0000000000
64613  -47.178  -11.763  67.658 0.0000000000
109668  -47.861  -11.349  68.239 0.0000000000
63722  -45.929  -12.774  71.566 0.0000000000
64551  -46.504  -12.404  71.408 0.0000000000
64567  -46.220  -11.939  71.312 0.0000000000
65474  -45.741  -10.499  70.308 0.0000000000
117521  -45.980  -9.705  70.193 0.0000000000
125102  -45.111  -9.479  68.613 0.0000000000
66325  -45.849  -9.021  69.500 0.0000000000
67163  -46.019  -8.020  69.020 0.0000000000
68806  -45.985  -6.130  67.699 0.0000000000
69698  -43.761  -5.103  65.175 0.0000000000
70725  -42.963  -4.875  64.805 0.0000000000
70712  -41.594  -4.107  65.250 0.0000000000
64509  -39.828  -11.602  75.406 0.0000000000
64508  -39.202  -11.465  74.597 0.0000000000
110436  -38.063  -11.489  72.361 0.0000000000
64548  -38.706  -11.433  71.769 0.0000000000
64563  -38.260  -11.446  70.884 0.0000000000
64596  -38.016  -11.508  68.433 0.0000000000
65537  -34.335  -10.494  63.383 0.0000000000
54186  -8.993  -21.834  86.405 0.0000000000
53074  -7.589  -23.668  84.810 0.0000000000
52022  -6.850  -24.054  85.260 0.0000000000
52034  -6.638  -24.804  84.952 0.0000000000
50154  -6.665  -26.143  84.914 0.0000000000
50147  -6.851  -26.893  85.123 0.0000000000
118975  -12.326  -27.576  86.364 0.0000000000
48197  -12.575  -28.522  88.004 0.0000000000
46181  -11.252  -30.364  88.919 0.0000000000
51018  -19.056  -24.736  89.735 0.0000000000
51017  -18.352  -24.935  89.660 0.0000000000
50132  -18.726  -25.515  88.399 0.0000000000
50138  -18.408  -25.863  87.856 0.0000000000
50143  -18.639  -26.111  86.571 0.0000000000
49199  -17.992  -26.520  86.759 0.0000000000
49209  -17.571  -27.073  85.640 0.0000000000
67936  -14.092  -7.195  72.193 0.0000000000
67127  -13.833  -7.682  72.750 0.0000000000
60017  -21.720  -16.537  68.335 0.0000000000
59116  -21.365  -16.952  69.023 0.0000000000
59115  -20.521  -17.122  68.988 0.0000000000
59102  -20.106  -17.639  69.520 0.0000000000
58257  -20.185  -18.494  70.554 0.0000000000
59114  -19.684  -17.289  68.886 0.0000000000
59113  -18.876  -17.386  68.682 0.0000000000
59101  -18.404  -17.826  69.005 0.0000000000
60003  -17.308  -17.243  68.912 0.0000000000
57305  -15.347  -19.723  73.894 0.0000000000
132381  -14.958  -17.458  73.678 0.0000000000
59048  -14.380  -17.247  74.657 0.0000000000
59049  -14.855  -16.910  74.050 0.0000000000
130274  -15.076  -16.490  73.707 0.0000000000
62857  -15.006  -13.965  73.686 0.0000000000
62841  -14.890  -13.591  74.413 0.0000000000
110896  -14.702  -13.164  75.074 0.0000000000
130430  -14.973  -14.519  75.521 0.0000000000
62828  -14.780  -13.523  75.848 0.0000000000
63679  -14.465  -12.629  75.806 0.0000000000
64473  -14.101  -11.895  76.342 0.0000000000
64461  -13.595  -11.529  77.785 0.0000000000
62798  -14.248  -13.388  78.647 0.0000000000
61817  -14.193  -14.025  78.307 0.0000000000
132880  -10.048  -18.825  80.745 0.0000000000
57184  -9.484  -19.254  81.928 0.0000000000
58149  -8.941  -18.705  82.445 0.0000000000
58135  -8.544  -18.050  82.957 0.0000000000
58123  -8.569  -18.072  83.907 0.0000000000
58982  -8.549  -17.343  84.432 0.0000000000
56140  -9.446  -20.431  84.617 0.0000000000
127380  -9.484  -20.115  85.464 0.0000000000
67195  -46.931  -8.300  65.075 0.0000000000
67212  -46.726  -8.468  64.199 0.0000000000
69728  -46.033  -5.663  63.982 0.0000000000
70739  -45.399  -4.643  62.621 0.0000000000
61878  -6.238  -14.510  72.444 0.0000000000
60948  -5.809  -15.381  70.952 0.0000000000
122851  -3.839  -16.003  70.078 0.0000000000
59083  -4.541  -17.447  69.584 0.0000000000
58223  -5.414  -18.862  73.595 0.0000000000
51991  -5.953  -24.740  89.902 0.0000000000
51015  -5.674  -25.363  90.572 0.0000000000
50117  -5.508  -26.342  91.687 0.0000000000
73096  -10.579  -1.441  83.357 0.0000000000
73983  -10.584  -0.852  82.645 0.0000000000
73976  -10.650  -0.640  83.437 0.0000000000
74932  -11.049  0.788  83.395 0.0000000000
75801  -11.423  1.387  83.904 0.0000000000
76706  -11.735  2.062  83.567 0.0000000000
77585  -13.178  3.656  83.889 0.0000000000
78457  -13.858  4.182  83.751 0.0000000000
80677  -15.975  7.240  89.442 0.0000000000
82166  -5.809  10.087  81.961 0.0000000000
82167  -6.554  9.632  81.501 0.0000000000
120194  -4.982  -2.730  80.015 0.0000000000
74958  -4.911  -0.293  79.922 0.0000000000
75827  -6.634  2.136  80.113 0.0000000000
75840  -7.209  1.732  79.443 0.0000000000
76751  -7.880  2.156  78.974 0.0000000000
76752  -8.381  2.472  78.512 0.0000000000
76757  -8.817  2.364  77.836 0.0000000000
74985  -8.468  0.698  77.370 0.0000000000
74031  -7.398  -0.390  77.382 0.0000000000
67106  -1.935  -8.429  74.869 0.0000000000
67107  -2.487  -8.228  74.642 0.0000000000
67108  -3.560  -8.181  74.538 0.0000000000
66276  -4.313  -9.040  74.583 0.0000000000
65449  -3.832  -9.886  74.546 0.0000000000
110411  -5.368  -8.992  74.623 0.0000000000
66278  -6.904  -9.525  74.501 0.0000000000
64502  -6.319  -11.197  74.501 0.0000000000
115084  -6.414  -13.396  73.585 0.0000000000
60895  -32.877  -15.786  79.368 0.0000000000
60896  -33.438  -15.171  79.930 0.0000000000
60882  -34.435  -15.586  82.046 0.0000000000
120389  -33.734  -13.870  83.561 0.0000000000
58154  -34.915  -18.637  82.962 0.0000000000
58989  -33.859  -16.930  84.578 0.0000000000
59911  -33.942  -16.106  84.211 0.0000000000
60869  -33.528  -15.212  84.091 0.0000000000
61784  -33.155  -14.523  83.936 0.0000000000
115507  -32.850  -14.015  83.687 0.0000000000
61787  -31.818  -14.313  83.252 0.0000000000
61795  -31.308  -14.326  82.322 0.0000000000
61794  -30.747  -14.696  81.678 0.0000000000
60888  -30.190  -15.162  80.979 0.0000000000
60894  -29.429  -15.381  79.510 0.0000000000
60893  -28.839  -15.897  79.110 0.0000000000
59935  -32.843  -16.727  79.561 0.0000000000
57131  -25.699  -19.105  88.434 0.0000000000
57124  -25.329  -19.370  89.202 0.0000000000
55183  -26.842  -21.794  88.877 0.0000000000
113687  -26.207  -22.266  88.993 0.0000000000
52010  -28.003  -24.213  87.477 0.0000000000
120574  -28.372  -16.388  78.796 0.0000000000
59009  -28.646  -17.531  80.185 0.0000000000
58169  -29.056  -18.048  80.738 0.0000000000
58160  -29.672  -18.073  81.382 0.0000000000
58159  -29.022  -18.816  81.005 0.0000000000
57201  -28.472  -20.097  81.564 0.0000000000
56185  -27.915  -20.497  82.010 0.0000000000
56161  -30.774  -20.385  83.622 0.0000000000
56160  -29.899  -20.604  83.359 0.0000000000
56159  -28.946  -20.787  83.262 0.0000000000
114163  -28.106  -20.718  82.839 0.0000000000
56158  -27.501  -20.697  83.441 0.0000000000
56136  -26.555  -19.898  85.885 0.0000000000
56137  -27.519  -20.558  86.221 0.0000000000
57138  -26.172  -19.450  86.849 0.0000000000
57137  -25.854  -19.129  87.651 0.0000000000
68897  -51.898  -6.301  59.535 0.0000000000
115281  -52.147  -5.942  60.666 0.0000000000
69745  -51.877  -5.800  61.188 0.0000000000
69784  -50.258  -5.564  60.186 0.0000000000
68057  -50.833  -7.246  61.613 0.0000000000
68049  -50.542  -7.450  61.674 0.0000000000
68877  -50.994  -6.907  61.646 0.0000000000
130796  -50.164  -5.999  60.527 0.0000000000
131806  -49.686  -5.477  59.280 0.0000000000
69783  -48.052  -5.815  58.042 0.0000000000
132749  -45.069  -5.459  57.531 0.0000000000
59894  -3.723  -16.448  86.868 0.0000000000
58969  -2.735  -17.003  87.770 0.0000000000
58084  -4.095  -18.308  88.972 0.0000000000
57115  -4.281  -19.401  88.893 0.0000000000
56110  -3.462  -19.628  88.196 0.0000000000
113816  -2.846  -20.700  87.631 0.0000000000
109815  -2.220  -22.636  87.818 0.0000000000
118618  -2.087  -23.351  87.972 0.0000000000
51019  -2.636  -25.599  88.158 0.0000000000
63620  -12.796  -12.601  85.125 0.0000000000
63621  -13.624  -12.267  85.012 0.0000000000
115801  -13.437  -12.461  85.848 0.0000000000
63615  -14.085  -12.369  86.607 0.0000000000
63613  -12.040  -12.888  86.731 0.0000000000
64407  -14.454  -12.206  88.814 0.0000000000
64401  -14.619  -11.301  90.298 0.0000000000
62733  -11.922  -13.286  88.746 0.0000000000
62729  -11.695  -13.735  89.980 0.0000000000
132661  -13.560  -10.639  91.083 0.0000000000
66173  -12.241  -9.711  90.250 0.0000000000
66182  -11.584  -9.438  88.902 0.0000000000
65375  -7.886  -9.888  89.760 0.0000000000
62722  -6.528  -11.969  90.595 0.0000000000
62728  -6.313  -11.597  89.981 0.0000000000
124033  -6.670  -12.058  88.765 0.0000000000
113558  -6.248  -12.696  88.417 0.0000000000
62730  -5.409  -13.694  88.174 0.0000000000
61011  -42.701  -15.477  68.486 0.0000000000
61933  -45.786  -14.346  70.960 0.0000000000
61914  -45.478  -14.226  71.460 0.0000000000
60988  -41.884  -15.441  69.871 0.0000000000
61931  -44.276  -14.774  71.076 0.0000000000
63712  -45.769  -13.392  71.618 0.0000000000
64588  -44.633  -11.849  70.034 0.0000000000
63720  -43.865  -12.838  70.804 0.0000000000
64587  -44.066  -11.405  69.104 0.0000000000
65478  -43.682  -10.986  68.303 0.0000000000
65485  -43.372  -10.646  67.593 0.0000000000
109907  -43.093  -10.423  66.998 0.0000000000
110438  -34.202  -11.434  71.947 0.0000000000
64544  -34.834  -11.476  71.441 0.0000000000
64560  -34.216  -11.483  70.870 0.0000000000
64579  -34.026  -11.605  68.896 0.0000000000
128843  -32.558  -11.638  68.140 0.0000000000
111520  -32.882  -11.752  67.486 0.0000000000
111519  -33.760  -11.771  67.406 0.0000000000
117442  -33.612  -11.862  65.885 0.0000000000
64669  -33.531  -11.423  64.365 0.0000000000
64622  -30.014  -11.582  66.176 0.0000000000
64645  -30.417  -11.492  65.318 0.0000000000
64646  -31.307  -11.604  65.165 0.0000000000
65532  -29.932  -10.111  63.752 0.0000000000
65522  -31.010  -10.981  63.903 0.0000000000
64667  -31.685  -11.299  64.290 0.0000000000
64680  -32.283  -10.995  63.811 0.0000000000
65536  -33.545  -10.269  63.340 0.0000000000
128319  -9.377  -24.278  82.224 0.0000000000
52063  -9.557  -24.916  81.640 0.0000000000
50182  -9.724  -25.820  81.598 0.0000000000
50175  -10.697  -26.644  81.918 0.0000000000
50184  -11.314  -26.288  81.419 0.0000000000
49238  -10.899  -27.087  82.646 0.0000000000
49217  -12.167  -27.265  84.828 0.0000000000
51070  -14.598  -25.535  82.333 0.0000000000
50158  -13.383  -26.529  84.260 0.0000000000
50157  -12.701  -26.918  84.558 0.0000000000
126015  -20.438  -20.012  75.258 0.0000000000
56263  -20.008  -20.288  74.524 0.0000000000
56248  -19.526  -20.571  75.360 0.0000000000
115171  -18.622  -21.059  74.975 0.0000000000
56234  -18.381  -20.942  76.508 0.0000000000
116891  -17.906  -21.251  74.718 0.0000000000
56246  -17.155  -21.310  74.872 0.0000000000
56245  -16.306  -21.120  75.030 0.0000000000
56198  -17.201  -20.557  79.033 0.0000000000
56206  -16.790  -20.892  78.066 0.0000000000
109914  -16.555  -21.164  77.214 0.0000000000
109847  -15.817  -21.201  76.904 0.0000000000
56244  -15.469  -20.788  75.220 0.0000000000
56243  -14.746  -20.194  75.070 0.0000000000
57289  -13.540  -19.303  75.706 0.0000000000
57276  -13.667  -20.094  76.488 0.0000000000
58195  -12.911  -18.580  75.979 0.0000000000
58188  -11.388  -17.953  77.588 0.0000000000
58181  -11.142  -18.355  78.316 0.0000000000
58173  -11.096  -18.664  78.979 0.0000000000
123710  -12.483  -19.652  80.671 0.0000000000
128491  -11.772  -19.626  80.643 0.0000000000
57186  -11.162  -19.753  81.052 0.0000000000
56178  -10.819  -20.208  81.520 0.0000000000
56168  -10.914  -20.824  81.798 0.0000000000
54228  -10.918  -21.749  81.965 0.0000000000
54239  -11.641  -22.236  81.466 0.0000000000
53097  -10.260  -23.065  82.264 0.0000000000
72397  -47.412  -1.771  65.645 0.0000000000
73276  -47.016  -0.957  65.712 0.0000000000
61874  -2.178  -15.005  72.851 0.0000000000
130894  -1.917  -15.397  73.302 0.0000000000
59974  -1.976  -16.296  73.462 0.0000000000
126564  -2.515  -16.398  75.999 0.0000000000
58201  -3.420  -17.871  75.641 0.0000000000
59039  -2.889  -17.552  75.319 0.0000000000
58210  -3.249  -18.012  74.817 0.0000000000
121198  -6.298  -19.949  73.983 0.0000000000
46172  -6.992  -30.001  91.944 0.0000000000
46168  -7.602  -30.714  92.176 0.0000000000
74904  -12.524  0.631  88.018 0.0000000000
75781  -12.480  1.372  87.453 0.0000000000
77559  -13.139  3.301  88.918 0.0000000000
77556  -13.462  4.133  89.735 0.0000000000
78411  -13.925  4.967  90.121 0.0000000000
78407  -14.316  5.686  90.032 0.0000000000
79969  -14.903  6.486  89.913 0.0000000000
77554  -11.156  3.997  89.878 0.0000000000
78410  -12.414  5.191  90.083 0.0000000000
79223  -12.526  5.862  88.320 0.0000000000
120742  -12.703  5.654  89.426 0.0000000000
79968  -14.116  6.290  89.884 0.0000000000
80676  -15.044  7.424  88.816 0.0000000000
119722  -14.092  7.648  85.548 0.0000000000
80708  -15.430  8.024  85.071 0.0000000000
114437  -11.494  7.923  84.010 0.0000000000
82151  -11.414  9.133  83.443 0.0000000000
81440  -6.805  8.995  86.908 0.0000000000
82129  -5.994  9.128  87.615 0.0000000000
125917  -4.789  8.084  88.352 0.0000000000
82872  -3.134  10.044  88.098 0.0000000000
82128  -2.867  9.588  87.994 0.0000000000
80680  -2.543  7.560  88.124 0.0000000000
80690  -2.730  7.814  86.994 0.0000000000
121835  -3.103  7.006  86.159 0.0000000000
68671  -2.996  -5.478  84.144 0.0000000000
69494  -3.166  -5.108  83.744 0.0000000000
69495  -3.978  -5.190  83.139 0.0000000000
111989  -5.571  -4.547  81.265 0.0000000000
68688  -5.991  -6.381  80.608 0.0000000000
70488  -5.421  -4.208  80.066 0.0000000000
70502  -5.313  -4.813  78.554 0.0000000000
129197  -4.333  -3.239  77.927 0.0000000000
71475  -4.213  -2.831  77.271 0.0000000000
129806  -4.246  -3.514  76.856 0.0000000000
69554  -3.958  -4.722  76.050 0.0000000000
122207  -4.046  -6.003  76.428 0.0000000000
69553  -3.642  -5.463  75.796 0.0000000000
68724  -2.752  -6.816  75.363 0.0000000000
67911  -2.280  -7.412  75.103 0.0000000000
66263  -2.563  -9.231  76.692 0.0000000000
115602  -2.113  -8.957  76.140 0.0000000000
67089  -1.996  -8.460  75.613 0.0000000000
67098  -1.929  -8.010  75.102 0.0000000000
127070  -1.772  -9.119  74.906 0.0000000000
65447  -1.856  -9.879  74.810 0.0000000000
63672  -1.924  -11.586  75.368 0.0000000000
64484  -2.099  -11.355  74.904 0.0000000000
63685  -2.417  -12.164  74.712 0.0000000000
62837  -2.594  -13.026  74.358 0.0000000000
127729  -10.425  -0.349  72.254 0.0000000000
73211  -9.561  -1.687  73.071 0.0000000000
61870  -37.551  -14.309  73.643 0.0000000000
61854  -37.081  -14.129  74.405 0.0000000000
61855  -38.094  -14.139  74.504 0.0000000000
62836  -40.065  -12.759  76.133 0.0000000000
63683  -40.077  -12.205  76.469 0.0000000000
111349  -38.199  -13.219  77.934 0.0000000000
62824  -38.534  -13.272  77.322 0.0000000000
62825  -39.300  -12.966  77.133 0.0000000000
62826  -39.792  -12.628  76.743 0.0000000000
64496  -40.108  -11.881  76.057 0.0000000000
64495  -39.585  -11.655  76.263 0.0000000000
117447  -37.725  -11.469  75.342 0.0000000000
111522  -37.074  -11.480  74.439 0.0000000000
110441  -34.860  -11.434  73.311 0.0000000000
61810  -34.087  -14.642  80.345 0.0000000000
62791  -35.712  -13.455  81.265 0.0000000000
62783  -36.890  -12.253  81.278 0.0000000000
64444  -36.466  -11.551  80.165 0.0000000000
63633  -33.265  -12.662  82.164 0.0000000000
63642  -34.535  -11.699  80.832 0.0000000000
64443  -35.469  -11.562  80.601 0.0000000000
112755  -35.205  -11.435  79.381 0.0000000000
64456  -35.978  -11.436  78.968 0.0000000000
64467  -35.658  -11.403  77.956 0.0000000000
64490  -34.087  -11.354  75.744 0.0000000000
64491  -34.928  -11.402  75.827 0.0000000000
111523  -34.849  -11.403  74.519 0.0000000000
64518  -34.365  -11.374  73.923 0.0000000000
64543  -33.532  -11.402  71.583 0.0000000000
110435  -32.233  -11.211  71.095 0.0000000000
113340  -31.813  -11.049  71.888 0.0000000000
64557  -31.717  -11.259  70.367 0.0000000000
110676  -31.134  -11.245  69.870 0.0000000000
110872  -30.356  -11.394  68.582 0.0000000000
64594  -29.509  -11.314  68.563 0.0000000000
63698  -30.186  -11.976  73.890 0.0000000000
63707  -28.767  -12.042  71.362 0.0000000000
64539  -29.359  -11.381  71.303 0.0000000000
117197  -29.391  -11.166  70.007 0.0000000000
109964  -28.998  -11.239  69.257 0.0000000000
113755  -29.182  -11.381  67.817 0.0000000000
64606  -28.376  -11.386  67.698 0.0000000000
64592  -27.192  -11.852  67.954 0.0000000000
64604  -26.908  -11.585  67.215 0.0000000000
64618  -26.620  -11.333  66.481 0.0000000000
64617  -25.888  -11.539  66.221 0.0000000000
64639  -24.736  -11.675  65.260 0.0000000000
120935  -17.583  -21.194  88.424 0.0000000000
56122  -17.726  -20.221  88.296 0.0000000000
55179  -17.470  -21.668  89.471 0.0000000000
112100  -17.434  -22.168  90.237 0.0000000000
53022  -18.334  -23.227  91.075 0.0000000000
57119  -19.616  -18.378  89.830 0.0000000000
56098  -19.966  -20.659  91.433 0.0000000000
55161  -19.928  -21.714  91.391 0.0000000000
55160  -19.060  -21.280  91.452 0.0000000000
54144  -18.532  -22.388  91.312 0.0000000000
53023  -19.120  -23.157  91.105 0.0000000000
51987  -18.836  -23.862  90.812 0.0000000000
129531  -19.784  -24.939  88.671 0.0000000000
57114  -24.662  -19.451  89.803 0.0000000000
62925  -24.304  -13.298  65.708 0.0000000000
62903  -25.061  -13.867  67.009 0.0000000000
61964  -24.709  -14.554  67.336 0.0000000000
61963  -24.006  -14.918  66.933 0.0000000000
61019  -23.594  -15.502  67.412 0.0000000000
120478  -23.285  -15.977  67.912 0.0000000000
60005  -22.924  -16.535  69.092 0.0000000000
60964  -26.290  -15.284  70.890 0.0000000000
60963  -25.563  -15.757  70.635 0.0000000000
59998  -24.742  -16.190  70.371 0.0000000000
60978  -24.369  -16.086  69.547 0.0000000000
59997  -23.896  -16.496  70.136 0.0000000000
59996  -23.127  -16.675  69.847 0.0000000000
130506  -22.521  -16.815  69.592 0.0000000000
127126  -22.553  -17.022  70.232 0.0000000000
59089  -22.017  -17.354  70.518 0.0000000000
58248  -21.945  -18.017  72.086 0.0000000000
59065  -22.714  -17.734  72.472 0.0000000000
58237  -22.126  -18.269  72.867 0.0000000000
109650  -21.623  -18.765  73.270 0.0000000000
57325  -21.182  -19.272  73.775 0.0000000000
131933  -21.047  -19.568  75.107 0.0000000000
59941  -28.061  -16.489  78.171 0.0000000000
59940  -27.612  -16.992  78.056 0.0000000000
59029  -27.199  -17.274  77.587 0.0000000000
58185  -27.535  -18.075  79.027 0.0000000000
131309  -26.737  -17.500  77.196 0.0000000000
59028  -26.196  -17.939  77.160 0.0000000000
56183  -26.310  -20.450  81.556 0.0000000000
113788  -26.228  -19.741  79.702 0.0000000000
57239  -25.464  -19.775  79.479 0.0000000000
58183  -25.353  -18.994  77.921 0.0000000000
58198  -24.888  -18.409  76.599 0.0000000000
118089  -24.201  -18.741  76.640 0.0000000000
58197  -23.587  -18.784  76.221 0.0000000000
58196  -22.943  -18.844  75.728 0.0000000000
114221  -23.193  -19.432  77.875 0.0000000000
57280  -22.848  -19.131  76.503 0.0000000000
57293  -22.261  -19.175  75.997 0.0000000000
57292  -21.690  -19.267  75.411 0.0000000000
57291  -20.991  -19.671  75.832 0.0000000000
126347  -20.444  -19.896  77.056 0.0000000000
57262  -20.231  -19.902  77.735 0.0000000000
117047  -20.390  -19.587  79.088 0.0000000000
57250  -19.950  -19.838  78.485 0.0000000000
117045  -19.696  -19.765  79.148 0.0000000000
57212  -19.324  -19.606  80.345 0.0000000000
57175  -21.962  -19.112  82.222 0.0000000000
129212  -21.202  -19.186  81.889 0.0000000000
58151  -20.323  -18.792  82.972 0.0000000000
58158  -20.401  -19.164  82.044 0.0000000000
58157  -19.615  -19.249  81.812 0.0000000000
57173  -17.957  -18.951  82.851 0.0000000000
58126  -17.417  -18.636  84.391 0.0000000000
57147  -16.890  -18.834  84.870 0.0000000000
56134  -16.821  -19.903  85.511 0.0000000000
75160  -52.723  0.647  54.074 0.0000000000
75965  -50.897  2.985  59.100 0.0000000000
74244  -52.153  0.364  59.943 0.0000000000
76881  -50.237  3.368  58.844 0.0000000000
76880  -49.307  3.437  58.463 0.0000000000
75963  -48.490  2.060  58.790 0.0000000000
69787  -52.720  -4.523  60.239 0.0000000000
113332  -52.471  -3.323  60.823 0.0000000000
72459  -51.460  -1.746  60.097 0.0000000000
122236  -49.423  -3.819  57.596 0.0000000000
72481  -48.524  -2.676  56.729 0.0000000000
72466  -49.965  -2.158  57.957 0.0000000000
73333  -49.751  -1.365  57.888 0.0000000000
74241  -48.433  0.059  57.681 0.0000000000
71677  -53.117  -3.160  53.459 0.0000000000
73378  -53.262  -1.553  53.256 0.0000000000
60889  -5.565  -15.499  79.286 0.0000000000
59006  -4.399  -17.948  80.296 0.0000000000
59913  -5.401  -16.756  82.692 0.0000000000
58998  -3.459  -18.008  82.169 0.0000000000
58999  -4.024  -17.906  81.463 0.0000000000
121265  -4.709  -20.960  80.974 0.0000000000
54245  -4.504  -22.653  81.196 0.0000000000
113039  -2.051  -19.377  84.071 0.0000000000
55203  -2.097  -21.230  85.549 0.0000000000
55211  -1.969  -21.284  84.658 0.0000000000
110054  -2.345  -20.849  83.253 0.0000000000
54235  -2.599  -22.790  82.527 0.0000000000
68705  -11.108  -6.047  77.847 0.0000000000
69531  -10.880  -5.158  78.164 0.0000000000
70503  -10.565  -4.652  79.513 0.0000000000
111927  -10.488  -4.106  80.090 0.0000000000
68689  -10.496  -6.182  80.168 0.0000000000
121742  -10.486  -4.840  80.352 0.0000000000
70489  -10.475  -4.285  80.791 0.0000000000
70478  -10.459  -4.008  81.454 0.0000000000
71425  -10.487  -2.902  82.586 0.0000000000
67846  -10.661  -7.494  82.636 0.0000000000
68664  -11.165  -6.408  84.008 0.0000000000
69487  -10.712  -5.738  83.404 0.0000000000
130523  -10.486  -5.249  82.930 0.0000000000
117030  -10.481  -4.615  82.731 0.0000000000
71416  -10.587  -3.462  83.271 0.0000000000
116909  -10.503  -2.186  82.947 0.0000000000
113155  -10.685  -2.239  83.798 0.0000000000
73089  -10.844  -1.499  84.310 0.0000000000
73090  -11.275  -1.738  85.157 0.0000000000
129602  -11.377  -3.092  85.066 0.0000000000
73966  -11.836  -0.710  86.185 0.0000000000
73962  -12.379  -0.517  87.325 0.0000000000
131292  -14.384  -11.908  85.772 0.0000000000
66197  -14.408  -9.532  86.635 0.0000000000
67828  -13.807  -7.348  86.514 0.0000000000
68648  -13.973  -5.953  86.826 0.0000000000
66987  -15.553  -9.017  89.772 0.0000000000
66991  -15.991  -8.344  89.378 0.0000000000
67000  -16.041  -7.875  88.919 0.0000000000
67822  -15.819  -6.896  89.131 0.0000000000
67825  -15.679  -7.233  88.554 0.0000000000
71401  -13.592  -2.855  87.945 0.0000000000
74903  -12.418  0.080  87.614 0.0000000000
113554  -12.457  0.574  88.896 0.0000000000
74899  -12.290  0.329  89.518 0.0000000000
74895  -12.000  0.823  90.208 0.0000000000
75775  -10.876  1.425  90.340 0.0000000000
72212  -10.500  -1.919  89.330 0.0000000000
76681  -9.558  2.352  87.261 0.0000000000
77572  -8.418  3.035  84.986 0.0000000000
73088  -7.579  -1.140  84.914 0.0000000000
72225  -8.236  -2.359  85.791 0.0000000000
121160  -5.693  -4.036  84.398 0.0000000000
70452  -4.260  -4.032  85.069 0.0000000000
67004  -8.878  -8.363  86.386 0.0000000000
130417  -8.283  -8.120  86.061 0.0000000000
66196  -5.065  -9.164  87.684 0.0000000000
68655  -4.377  -6.746  85.203 0.0000000000
68654  -3.600  -6.076  85.068 0.0000000000
117399  -5.124  -10.965  82.992 0.0000000000
64422  -5.318  -11.451  81.387 0.0000000000
110992  -5.665  -12.810  80.942 0.0000000000
64695  -47.157  -11.033  62.710 0.0000000000
64689  -47.724  -10.995  63.391 0.0000000000
65544  -48.364  -10.572  63.789 0.0000000000
114617  -47.766  -11.208  65.635 0.0000000000
130768  -48.172  -9.598  65.204 0.0000000000
68840  -47.524  -6.659  66.305 0.0000000000
62906  -44.045  -13.864  67.473 0.0000000000
62908  -45.501  -13.317  68.190 0.0000000000
62898  -45.790  -13.767  69.033 0.0000000000
64600  -47.162  -12.226  68.717 0.0000000000
64568  -46.916  -11.616  71.353 0.0000000000
130188  -47.219  -11.821  71.314 0.0000000000
64569  -47.447  -11.139  71.163 0.0000000000
66308  -47.308  -9.525  71.187 0.0000000000
65470  -47.585  -10.174  71.213 0.0000000000
65476  -48.006  -10.478  70.673 0.0000000000
66326  -48.517  -9.892  69.663 0.0000000000
66327  -48.774  -9.089  68.966 0.0000000000
123767  -48.662  -7.589  68.931 0.0000000000
68807  -48.549  -5.637  68.575 0.0000000000
68797  -48.322  -5.684  69.300 0.0000000000
69655  -48.499  -4.874  68.283 0.0000000000
114835  -48.180  -2.883  66.968 0.0000000000
72392  -48.028  -1.366  66.826 0.0000000000
73242  -48.037  -0.875  67.035 0.0000000000
74175  -47.182  0.070  67.047 0.0000000000
72386  -47.600  -1.287  67.403 0.0000000000
115015  -46.587  0.516  67.088 0.0000000000
69699  -45.453  -4.776  66.752 0.0000000000
61891  -39.519  -14.640  72.856 0.0000000000
61872  -39.389  -14.325  73.673 0.0000000000
61892  -40.527  -14.506  73.028 0.0000000000
63710  -41.862  -12.877  72.261 0.0000000000
132231  -40.482  -11.836  74.562 0.0000000000
64536  -40.658  -11.840  73.193 0.0000000000
64550  -40.423  -11.662  72.299 0.0000000000
63709  -41.153  -12.232  72.631 0.0000000000
63728  -42.176  -12.181  69.450 0.0000000000
64598  -42.138  -11.870  68.709 0.0000000000
110957  -42.658  -10.947  67.346 0.0000000000
65493  -42.497  -10.564  66.716 0.0000000000
129774  -35.122  -11.486  70.870 0.0000000000
110433  -35.859  -11.501  70.613 0.0000000000
110426  -36.178  -11.520  69.776 0.0000000000
110419  -36.236  -11.575  68.370 0.0000000000
64582  -36.477  -11.519  69.073 0.0000000000
110418  -37.135  -11.547  68.605 0.0000000000
125419  -37.483  -11.576  67.885 0.0000000000
112334  -38.184  -11.559  67.515 0.0000000000
64683  -34.894  -10.941  63.730 0.0000000000
123621  -36.191  -11.307  64.276 0.0000000000
112461  -36.707  -11.441  64.786 0.0000000000
65523  -36.967  -11.169  64.140 0.0000000000
64652  -37.651  -11.525  65.730 0.0000000000
114680  -39.650  -11.417  66.879 0.0000000000
65526  -40.456  -10.388  64.635 0.0000000000
65506  -40.713  -10.648  65.541 0.0000000000
65507  -41.534  -10.451  65.791 0.0000000000
65508  -42.296  -10.225  66.011 0.0000000000
66366  -42.769  -9.581  65.447 0.0000000000
67192  -43.146  -8.874  64.854 0.0000000000
67211  -43.193  -8.078  64.374 0.0000000000
68016  -42.977  -7.223  63.937 0.0000000000
68866  -42.159  -6.693  63.621 0.0000000000
69726  -42.141  -5.904  63.973 0.0000000000
69713  -41.729  -5.351  64.319 0.0000000000
57105  -9.378  -19.525  90.591 0.0000000000
127055  -9.006  -20.078  90.640 0.0000000000
55166  -8.599  -21.212  90.218 0.0000000000
55177  -8.863  -21.355  89.377 0.0000000000
55165  -8.108  -21.724  89.794 0.0000000000
120814  -6.342  -24.054  89.573 0.0000000000
54172  -7.225  -22.561  87.886 0.0000000000
111862  -6.257  -23.726  87.238 0.0000000000
53041  -6.607  -23.204  88.014 0.0000000000
118427  -5.779  -27.082  89.251 0.0000000000
116249  -5.880  -26.929  88.423 0.0000000000
49173  -5.921  -27.650  89.704 0.0000000000
110866  -7.230  -29.876  90.527 0.0000000000
52062  -8.890  -24.840  82.353 0.0000000000
51067  -8.407  -25.484  82.611 0.0000000000
132491  -8.122  -26.064  82.896 0.0000000000
49225  -9.209  -27.053  82.889 0.0000000000
50165  -8.348  -26.692  83.156 0.0000000000
50164  -7.707  -26.248  83.457 0.0000000000
49203  -7.118  -27.612  85.603 0.0000000000
48217  -9.911  -28.696  85.667 0.0000000000
48216  -8.813  -28.717  85.562 0.0000000000
48215  -7.816  -28.385  85.649 0.0000000000
48204  -7.180  -28.799  87.024 0.0000000000
47211  -7.200  -29.304  87.865 0.0000000000
46177  -7.606  -30.311  91.091 0.0000000000
46170  -9.282  -31.442  91.444 0.0000000000
45227  -9.915  -31.420  91.098 0.0000000000
54198  -17.153  -22.157  85.969 0.0000000000
53051  -16.527  -23.752  87.193 0.0000000000
52007  -16.057  -24.431  87.913 0.0000000000
124137  -17.660  -25.124  89.526 0.0000000000
51016  -16.914  -25.182  89.531 0.0000000000
50122  -16.817  -25.657  88.991 0.0000000000
129302  -16.340  -25.442  88.887 0.0000000000
51023  -15.732  -25.563  88.469 0.0000000000
51022  -15.010  -26.238  88.259 0.0000000000
48192  -14.618  -27.792  87.934 0.0000000000
128888  -14.477  -28.807  85.967 0.0000000000
132326  -12.929  -3.257  75.252 0.0000000000
71501  -12.580  -3.572  75.590 0.0000000000
63773  -24.029  -12.098  64.854 0.0000000000
63772  -23.236  -12.470  64.603 0.0000000000
63771  -22.554  -12.071  64.385 0.0000000000
62923  -22.727  -13.973  65.043 0.0000000000
62934  -22.173  -13.460  64.624 0.0000000000
113301  -21.928  -12.624  64.354 0.0000000000
63770  -21.122  -12.371  64.305 0.0000000000
63769  -20.236  -12.121  64.296 0.0000000000
63768  -19.346  -12.399  64.474 0.0000000000
60030  -21.241  -16.262  67.692 0.0000000000
61018  -20.770  -15.844  67.055 0.0000000000
61038  -20.269  -15.408  66.458 0.0000000000
61973  -19.851  -14.920  65.911 0.0000000000
62922  -19.859  -13.929  64.966 0.0000000000
63767  -18.548  -12.355  64.700 0.0000000000
63766  -18.129  -11.923  64.809 0.0000000000
64637  -17.501  -11.691  65.152 0.0000000000
64636  -16.778  -11.303  65.566 0.0000000000
62909  -16.594  -13.190  66.332 0.0000000000
111846  -16.321  -11.703  65.985 0.0000000000
65490  -15.645  -10.768  66.655 0.0000000000
119488  -15.234  -10.545  67.424 0.0000000000
65477  -14.864  -10.355  68.271 0.0000000000
56276  -19.775  -20.349  73.764 0.0000000000
56295  -19.048  -20.357  72.487 0.0000000000
57340  -18.824  -20.112  71.797 0.0000000000
56313  -18.129  -20.137  71.604 0.0000000000
59086  -17.117  -18.195  69.888 0.0000000000
59099  -16.795  -17.393  69.506 0.0000000000
122840  -15.508  -19.137  73.285 0.0000000000
59073  -15.928  -18.257  71.814 0.0000000000
59988  -15.732  -17.230  71.583 0.0000000000
59074  -16.177  -18.003  71.008 0.0000000000
116057  -16.380  -16.541  69.463 0.0000000000
60013  -16.615  -16.186  68.792 0.0000000000
60995  -16.334  -15.384  68.583 0.0000000000
61951  -16.062  -14.576  68.295 0.0000000000
61950  -15.537  -13.988  68.806 0.0000000000
61936  -15.328  -14.205  69.818 0.0000000000
115326  -15.351  -13.141  68.401 0.0000000000
65472  -14.663  -10.219  69.166 0.0000000000
111457  -14.497  -9.881  70.894 0.0000000000
66298  -14.423  -9.016  71.093 0.0000000000
111672  -14.303  -8.794  71.939 0.0000000000
62865  -14.661  -12.706  72.961 0.0000000000
65460  -14.130  -10.606  73.781 0.0000000000
67120  -13.843  -8.969  73.266 0.0000000000
67119  -13.591  -8.221  73.504 0.0000000000
67930  -13.183  -7.479  74.133 0.0000000000
67925  -12.786  -7.015  74.798 0.0000000000
68733  -12.488  -6.571  75.360 0.0000000000
67912  -12.565  -7.239  75.433 0.0000000000
119586  -11.468  -5.935  77.180 0.0000000000
124026  -10.965  -7.593  78.876 0.0000000000
67874  -11.322  -8.214  78.676 0.0000000000
131720  -11.050  -8.091  79.219 0.0000000000
67059  -10.993  -8.314  79.787 0.0000000000
67049  -11.016  -8.579  80.539 0.0000000000
130686  -13.118  -10.979  78.194 0.0000000000
65421  -12.769  -10.748  78.862 0.0000000000
125235  -12.942  -11.134  79.551 0.0000000000
65416  -12.461  -10.453  79.609 0.0000000000
125775  -12.294  -10.312  80.277 0.0000000000
66225  -11.935  -9.967  80.808 0.0000000000
66215  -11.597  -9.512  81.496 0.0000000000
66216  -12.229  -10.242  81.702 0.0000000000
110529  -13.789  -12.122  81.850 0.0000000000
64420  -13.595  -11.782  82.388 0.0000000000
65396  -13.339  -11.406  82.948 0.0000000000
63626  -13.479  -12.463  83.711 0.0000000000
59946  -11.912  -16.568  77.198 0.0000000000
60906  -12.031  -15.804  77.493 0.0000000000
60899  -11.420  -15.767  77.988 0.0000000000
60892  -11.411  -15.099  78.512 0.0000000000
132825  -11.453  -14.575  79.078 0.0000000000
61807  -11.043  -14.445  79.712 0.0000000000
61800  -11.525  -13.945  80.318 0.0000000000
58164  -9.639  -18.268  80.657 0.0000000000
59926  -8.982  -16.703  80.922 0.0000000000
59932  -9.460  -16.119  80.202 0.0000000000
61793  -11.249  -13.814  80.981 0.0000000000
62766  -11.723  -13.594  81.770 0.0000000000
62757  -11.700  -13.404  82.693 0.0000000000
62744  -9.852  -13.880  85.394 0.0000000000
59900  -8.833  -16.586  85.907 0.0000000000
59896  -9.434  -16.566  86.912 0.0000000000
111269  -9.761  -15.749  87.495 0.0000000000
121057  -10.439  -17.985  89.302 0.0000000000
58078  -9.835  -18.826  90.500 0.0000000000
76002  -53.024  3.119  55.149 0.0000000000
66415  -49.049  -9.396  62.912 0.0000000000
67251  -48.782  -8.570  62.424 0.0000000000
68046  -47.708  -8.220  61.662 0.0000000000
132616  -46.680  -8.470  62.781 0.0000000000
68887  -45.862  -6.649  59.252 0.0000000000
112968  -45.600  -6.904  59.963 0.0000000000
59069  -2.529  -16.999  71.244 0.0000000000
59063  -2.747  -17.493  71.815 0.0000000000
59070  -2.871  -17.281  70.890 0.0000000000
59080  -2.716  -16.996  70.489 0.0000000000
59017  -4.590  -17.530  78.662 0.0000000000
56096  -8.373  -20.368  90.747 0.0000000000
56095  -7.540  -20.789  91.000 0.0000000000
55157  -6.604  -21.333  91.292 0.0000000000
131634  -4.604  -22.415  91.164 0.0000000000
53016  -5.990  -23.612  92.125 0.0000000000
51980  -5.550  -24.907  92.236 0.0000000000
53015  -5.495  -24.356  92.224 0.0000000000
54141  -4.864  -22.961  91.713 0.0000000000
54140  -3.935  -22.995  91.002 0.0000000000
51989  -2.705  -24.752  89.464 0.0000000000
70515  -10.973  -3.694  78.204 0.0000000000
71465  -11.050  -2.956  78.313 0.0000000000
72279  -11.185  -2.048  78.509 0.0000000000
73127  -10.804  -1.792  79.710 0.0000000000
73128  -11.145  -1.339  79.165 0.0000000000
73134  -11.538  -1.287  78.414 0.0000000000
74011  -11.987  0.119  78.989 0.0000000000
74941  -10.761  -0.352  81.928 0.0000000000
75810  -12.110  2.062  81.878 0.0000000000
77575  -12.877  3.055  86.224 0.0000000000
77576  -13.290  3.679  85.499 0.0000000000
129196  -13.795  4.249  85.266 0.0000000000
122310  -14.307  4.494  84.593 0.0000000000
132677  -15.057  4.621  84.278 0.0000000000
79225  -16.298  6.333  89.043 0.0000000000
118302  -15.813  5.728  88.182 0.0000000000
79235  -16.407  5.669  87.585 0.0000000000
79250  -15.831  5.204  86.224 0.0000000000
117955  -7.226  2.955  84.963 0.0000000000
76696  -7.967  2.083  83.765 0.0000000000
75790  -6.877  1.158  84.083 0.0000000000
76685  -5.689  2.022  85.863 0.0000000000
77563  -3.820  2.002  88.415 0.0000000000
77562  -3.085  1.869  88.968 0.0000000000
78419  -2.665  2.672  88.203 0.0000000000
122802  -3.659  5.214  85.233 0.0000000000
79995  -4.149  6.189  84.801 0.0000000000
74929  -6.324  0.469  82.103 0.0000000000
72262  -5.038  -2.147  80.459 0.0000000000
73110  -5.273  -1.642  80.856 0.0000000000
122734  -5.617  -1.241  81.163 0.0000000000
73991  -5.689  -0.643  81.143 0.0000000000
77590  -5.194  3.440  83.574 0.0000000000
78454  -4.649  3.940  83.879 0.0000000000
79996  -5.007  6.299  84.153 0.0000000000
80713  -6.392  7.502  83.250 0.0000000000
80004  -6.674  6.804  82.753 0.0000000000
80721  -7.030  7.727  82.486 0.0000000000
126424  -7.608  8.413  81.301 0.0000000000
77620  -6.829  3.807  80.606 0.0000000000
80013  -8.153  7.219  80.647 0.0000000000
80727  -7.948  7.823  81.002 0.0000000000
81485  -7.778  8.535  80.620 0.0000000000
81489  -7.871  8.634  79.944 0.0000000000
81499  -7.681  8.646  78.561 0.0000000000
80741  -8.468  7.423  78.584 0.0000000000
81500  -8.202  8.003  78.119 0.0000000000
76758  -9.254  2.785  77.135 0.0000000000
76763  -9.539  2.474  76.322 0.0000000000
131969  -9.651  3.024  75.969 0.0000000000
76770  -9.796  2.773  75.388 0.0000000000
127522  -10.173  2.062  74.272 0.0000000000
75005  -10.176  1.292  73.899 0.0000000000
74060  -9.350  -0.213  74.243 0.0000000000
75010  -9.889  0.340  73.757 0.0000000000
74073  -9.626  -0.470  73.545 0.0000000000
120103  -9.407  -1.157  73.429 0.0000000000
72351  -9.283  -2.269  73.233 0.0000000000
72320  -5.041  -2.812  75.883 0.0000000000
72321  -6.105  -2.552  75.572 0.0000000000
68739  -3.203  -6.516  74.758 0.0000000000
118370  -4.423  -5.657  74.697 0.0000000000
68741  -5.131  -6.290  74.600 0.0000000000
71512  -5.935  -3.889  75.024 0.0000000000
72337  -7.557  -2.593  74.655 0.0000000000
71513  -8.085  -3.028  74.201 0.0000000000
70598  -7.831  -3.776  74.333 0.0000000000
72350  -8.791  -2.749  73.589 0.0000000000
68750  -8.735  -6.196  73.555 0.0000000000
129854  -9.302  -6.821  72.803 0.0000000000
66279  -7.729  -9.383  74.176 0.0000000000
50119  -3.075  -26.111  89.572 0.0000000000
50125  -5.599  -25.985  90.188 0.0000000000
51079  -11.026  -25.704  80.913 0.0000000000
51080  -11.875  -25.840  80.936 0.0000000000
52066  -15.449  -24.210  82.020 0.0000000000
52090  -12.562  -24.396  80.358 0.0000000000
53021  -17.703  -23.173  90.877 0.0000000000
53037  -26.655  -23.383  88.356 0.0000000000
54205  -33.380  -22.338  85.181 0.0000000000
55175  -3.123  -21.651  88.827 0.0000000000
56108  -24.144  -20.117  90.240 0.0000000000
56128  -17.491  -19.899  86.870 0.0000000000
56153  -10.004  -21.258  82.887 0.0000000000
56182  -26.074  -20.332  80.860 0.0000000000
57132  -26.260  -19.626  88.149 0.0000000000
57142  -24.934  -18.861  85.788 0.0000000000
57165  -34.932  -19.374  83.906 0.0000000000
57322  -15.899  -19.953  73.380 0.0000000000
57323  -19.689  -20.190  72.944 0.0000000000
57348  -16.924  -19.549  71.552 0.0000000000
57356  -17.795  -19.355  70.632 0.0000000000
58206  -22.391  -18.930  75.344 0.0000000000
58208  -24.322  -18.352  75.935 0.0000000000
58217  -23.706  -18.087  74.802 0.0000000000
59042  -24.722  -17.855  75.401 0.0000000000
59043  -25.409  -17.569  75.599 0.0000000000
59088  -21.343  -17.605  70.384 0.0000000000
59100  -17.650  -17.889  69.247 0.0000000000
59945  -11.501  -16.351  77.638 0.0000000000
59993  -2.933  -16.881  70.007 0.0000000000
60002  -16.846  -16.841  68.977 0.0000000000
60006  -23.645  -16.361  69.344 0.0000000000
60880  -29.844  -15.801  81.222 0.0000000000
60929  -27.762  -15.477  74.265 0.0000000000
61031  -43.287  -15.198  68.134 0.0000000000
61052  -20.555  -15.058  65.893 0.0000000000
61835  -29.081  -14.761  75.910 0.0000000000
61841  -29.434  -14.115  75.504 0.0000000000
61899  -27.372  -14.461  71.588 0.0000000000
61971  -17.585  -14.467  66.476 0.0000000000
61977  -24.396  -14.250  66.624 0.0000000000
61985  -19.502  -14.343  65.408 0.0000000000
61986  -20.387  -14.491  65.351 0.0000000000
61995  -21.497  -13.833  64.742 0.0000000000
62804  -37.782  -12.481  80.077 0.0000000000
62875  -27.771  -13.493  71.106 0.0000000000
62888  -46.561  -13.304  71.182 0.0000000000
62901  -15.621  -13.004  67.527 0.0000000000
62907  -44.803  -13.593  67.816 0.0000000000
62921  -19.131  -13.744  65.029 0.0000000000
63657  -31.399  -12.626  78.063 0.0000000000
63662  -39.052  -11.956  78.710 0.0000000000
63671  -39.512  -11.980  77.581 0.0000000000
63745  -45.821  -12.730  67.819 0.0000000000
63748  -15.817  -11.592  66.506 0.0000000000
64404  -14.268  -11.973  89.855 0.0000000000
64514  -30.770  -11.444  73.881 0.0000000000
64527  -30.666  -11.119  72.731 0.0000000000
64559  -33.503  -11.476  70.267 0.0000000000
64576  -30.739  -11.344  69.236 0.0000000000
64616  -16.144  -10.979  66.022 0.0000000000
64626  -34.486  -11.845  65.901 0.0000000000
64663  -24.231  -11.365  64.794 0.0000000000
64666  -30.778  -11.287  64.519 0.0000000000
64681  -33.060  -10.965  63.752 0.0000000000
64684  -35.689  -11.068  63.795 0.0000000000
65372  -15.683  -10.108  89.639 0.0000000000
65381  -15.841  -10.208  89.040 0.0000000000
65454  -13.901  -10.607  74.524 0.0000000000
65521  -30.317  -10.785  64.083 0.0000000000
65542  -39.302  -10.245  63.661 0.0000000000
66395  -32.273  -9.379  63.336 0.0000000000
66988  -15.966  -8.939  89.495 0.0000000000
67088  -1.735  -8.768  75.140 0.0000000000
67194  -44.365  -7.939  65.719 0.0000000000
67210  -42.123  -8.793  63.939 0.0000000000
67961  -47.856  -6.773  70.448 0.0000000000
68031  -42.250  -7.479  63.589 0.0000000000
68786  -47.817  -6.237  70.024 0.0000000000
70450  -3.437  -3.772  85.097 0.0000000000
72271  -10.859  -2.053  79.231 0.0000000000
72480  -47.682  -2.497  56.538 0.0000000000
73119  -10.853  -1.178  80.158 0.0000000000
74020  -11.702  -0.640  78.697 0.0000000000
74950  -12.130  1.095  80.148 0.0000000000
78414  -3.017  2.874  89.177 0.0000000000
78446  -10.013  4.877  84.661 0.0000000000
79214  -14.543  6.093  90.029 0.0000000000
79216  -2.999  5.053  89.151 0.0000000000
79220  -2.805  4.142  89.024 0.0000000000
79273  -6.260  5.508  82.472 0.0000000000
79983  -12.819  6.545  86.691 0.0000000000
80682  -14.267  7.408  87.337 0.0000000000
81490  -8.119  8.339  79.381 0.0000000000
110427  -35.160  -11.508  69.969 0.0000000000
110442  -34.037  -11.340  73.258 0.0000000000
112280  -11.478  1.307  82.004 0.0000000000
113648  -24.560  -17.509  74.288 0.0000000000
114304  -29.398  -16.087  80.655 0.0000000000
115573  -10.648  -5.104  78.930 0.0000000000
116114  -3.130  1.903  88.044 0.0000000000
117450  -34.502  -11.385  75.191 0.0000000000
119108  -10.519  -2.683  80.510 0.0000000000
120751  -10.020  -26.437  81.800 0.0000000000
120887  -34.992  -18.820  83.565 0.0000000000
122296  -15.290  -11.443  88.476 0.0000000000
124177  -13.026  3.490  84.653 0.0000000000
124446  -27.490  -6.755  64.530 0.0000000000
125080  -32.320  -14.153  83.646 0.0000000000
125171  -32.755  -11.363  75.896 0.0000000000
125455  -18.038  -16.656  68.107 0.0000000000
126315  -22.585  -12.800  64.495 0.0000000000
127287  -30.335  -9.632  63.508 0.0000000000
127926  -26.154  -16.775  74.763 0.0000000000
128361  -20.326  -19.376  80.896 0.0000000000
128500  -38.145  -11.380  65.252 0.0000000000
128749  -31.691  -11.371  69.781 0.0000000000
129272  -34.471  -11.757  67.244 0.0000000000
129346  -14.088  -12.943  79.555 0.0000000000
130052  -20.250  -20.078  74.041 0.0000000000
130100  -33.275  -11.427  77.668 0.0000000000
130124  -36.223  -11.841  81.553 0.0000000000
130398  -30.687  -11.485  68.113 0.0000000000
130732  -29.441  -11.048  64.827 0.0000000000
130856  -19.945  -12.674  64.405 0.0000000000
131104  -10.987  -6.913  86.310 0.0000000000
131716  -29.892  -11.994  73.398 0.0000000000
132092  -10.372  -17.432  78.794 0.0000000000
132928  -2.238  -17.775  85.600 0.0000000000
