#!ascii label  , from subject sub-v2s10x28998_ses-1 vox2ras=TkReg
5765
42646  -6.472  -37.747  84.566 0.1000000015
137046  -6.798  -38.387  82.990 0.1000000015
43684  -5.449  -36.724  84.745 0.1000000015
42653  -6.435  -37.832  83.469 0.1000000015
42657  -5.891  -37.346  82.969 0.1000000015
42658  -6.421  -37.874  82.540 0.1000000015
141875  -6.493  -37.974  81.015 0.1000000015
42667  -6.364  -37.725  80.309 0.1000000015
42672  -6.241  -37.392  79.461 0.1000000015
42679  -6.531  -37.708  78.653 0.1000000015
42702  -14.804  -36.439  75.503 0.2000000030
41685  -13.829  -37.771  74.572 0.2000000030
41707  -12.719  -38.231  72.985 0.2000000030
41708  -13.348  -38.049  73.651 0.2000000030
49221  -2.486  -31.141  86.561 0.2000000030
49238  -3.060  -31.598  86.315 0.3000000119
46859  -1.731  -33.416  84.325 0.1000000015
143891  -2.204  -32.414  84.690 0.2000000030
48035  -3.786  -31.842  86.238 0.3000000119
46877  -2.652  -33.529  83.153 0.1000000015
46860  -2.314  -32.940  83.933 0.1000000015
125240  -2.904  -32.136  84.996 0.3000000119
44681  -2.607  -35.004  83.558 0.1000000015
45722  -2.443  -34.301  83.264 0.1000000015
44683  -4.022  -35.769  83.512 0.1000000015
44682  -3.253  -35.259  83.054 0.1000000015
44686  -3.328  -34.676  82.423 0.1000000015
45732  -2.950  -34.057  82.659 0.1000000015
144092  -2.816  -34.715  82.900 0.1000000015
43687  -4.683  -36.203  82.909 0.1000000015
42662  -6.433  -37.899  81.700 0.1000000015
43692  -4.752  -35.978  81.875 0.1000000015
43698  -5.967  -37.298  81.029 0.1000000015
43700  -5.519  -36.070  79.690 0.3000000119
43697  -5.449  -36.344  80.558 0.1000000015
128237  -5.824  -36.603  79.231 0.1000000015
43704  -5.923  -36.184  78.414 0.1000000015
134071  -6.082  -37.002  78.788 0.1000000015
43712  -6.280  -36.214  77.460 0.1000000015
42688  -6.468  -37.318  77.606 0.1000000015
42694  -6.521  -36.758  76.823 0.1000000015
150478  -15.305  -36.326  75.544 0.2000000030
42714  -14.729  -36.256  74.769 0.2000000030
43727  -15.035  -36.171  75.400 0.2000000030
42713  -13.933  -36.816  74.037 0.2000000030
42701  -14.367  -36.840  74.879 0.2000000030
42730  -13.002  -37.252  73.057 0.1000000015
49223  -5.382  -31.364  86.685 0.3000000119
48079  -3.926  -32.257  84.518 0.3000000119
48058  -4.659  -32.038  86.063 0.3000000119
134183  -5.203  -31.736  86.517 0.3000000119
48094  -3.046  -32.934  83.236 0.2000000030
126652  -3.756  -32.671  83.150 0.2000000030
48059  -5.520  -32.103  85.812 0.3000000119
46878  -3.458  -33.285  82.575 0.2000000030
48080  -4.986  -32.260  84.482 0.3000000119
126656  -5.920  -32.303  84.427 0.3000000119
44687  -3.964  -35.410  82.357 0.2000000030
45733  -3.482  -33.974  82.211 0.2000000030
126789  -5.620  -32.382  83.068 0.3000000119
46896  -4.014  -33.615  81.873 0.2000000030
46879  -4.415  -32.879  82.187 0.2000000030
44692  -4.336  -35.117  81.446 0.2000000030
46897  -4.640  -33.373  81.382 0.2000000030
48108  -5.915  -32.683  81.548 0.3000000119
48119  -6.445  -32.918  80.755 0.3000000119
44693  -4.978  -35.685  80.995 0.2000000030
44697  -4.752  -34.745  80.739 0.3000000119
46917  -5.444  -33.564  80.418 0.3000000119
48118  -5.684  -33.051  80.863 0.3000000119
45759  -5.201  -34.275  80.165 0.3000000119
46934  -5.762  -33.825  79.758 0.3000000119
44700  -5.521  -35.304  79.275 0.3000000119
45782  -5.750  -34.735  78.905 0.3000000119
45770  -6.019  -34.103  79.036 0.3000000119
140189  -6.523  -34.694  77.557 0.2000000030
43718  -6.649  -35.902  76.535 0.3000000119
43719  -7.132  -35.740  75.807 0.2000000030
44733  -7.816  -35.609  75.337 0.3000000119
43725  -8.182  -36.146  74.752 0.2000000030
42712  -9.171  -37.130  73.695 0.1000000015
42727  -10.078  -37.205  73.365 0.1000000015
135413  -11.959  -37.073  72.772 0.1000000015
131151  -13.711  -36.470  73.278 0.2000000030
42729  -12.193  -37.885  72.741 0.1000000015
129769  -6.843  -32.167  86.012 0.3000000119
48060  -6.385  -32.247  85.452 0.3000000119
48081  -6.504  -32.439  83.407 0.3000000119
146866  -6.663  -32.464  84.405 0.3000000119
46823  -23.170  -32.858  86.666 0.6000000238
48049  -23.624  -32.708  86.548 0.4000000060
48050  -24.430  -32.846  86.167 0.4000000060
148344  -5.798  -32.509  82.214 0.3000000119
48096  -6.458  -32.510  82.318 0.3000000119
46833  -23.136  -33.387  86.095 0.8000000119
132540  -24.010  -33.161  86.240 0.4000000060
46834  -24.966  -33.216  85.817 0.4000000060
48109  -6.882  -32.687  81.417 0.3000000119
46850  -22.015  -33.498  84.779 0.8999999762
46851  -22.945  -33.578  85.062 0.8000000119
46852  -23.815  -33.564  85.532 0.8000000119
46918  -6.125  -33.295  80.184 0.3000000119
48120  -7.197  -32.868  80.707 0.3000000119
46868  -21.767  -33.522  83.795 0.8999999762
145585  -24.329  -33.687  85.042 0.6999999881
46853  -24.635  -33.521  85.552 0.5000000000
46935  -6.430  -33.544  79.421 0.4000000060
48130  -6.956  -33.059  79.936 0.4000000060
46919  -7.920  -33.095  80.306 0.4000000060
46869  -23.099  -33.592  84.086 0.8999999762
46871  -24.350  -33.740  84.273 0.8000000119
45783  -6.209  -34.534  78.283 0.3000000119
46953  -6.703  -33.780  78.550 0.3000000119
46954  -7.567  -33.542  78.625 0.4000000060
138795  -21.959  -33.581  82.274 0.8999999762
46888  -22.401  -33.597  83.228 0.8999999762
126436  -23.549  -33.618  82.371 0.8999999762
138268  -24.189  -33.716  83.161 0.8999999762
45794  -6.823  -34.181  77.741 0.3000000119
45795  -7.527  -34.085  77.327 0.4000000060
46906  -21.875  -33.591  81.338 0.8999999762
131234  -22.694  -33.583  82.155 0.8999999762
44723  -7.551  -35.132  75.889 0.3000000119
45808  -7.749  -34.553  76.466 0.3000000119
125497  -22.578  -33.563  81.197 0.8999999762
46907  -23.329  -33.566  81.469 0.8999999762
46928  -23.955  -33.522  80.684 0.8999999762
44734  -8.802  -35.683  75.306 0.3000000119
46942  -22.629  -33.518  79.820 0.8999999762
150914  -23.372  -33.489  79.991 0.8999999762
46944  -24.044  -33.365  79.739 1.0000000000
145210  -9.410  -36.530  74.229 0.1000000015
46943  -23.248  -33.379  79.302 1.0000000000
126613  -24.887  -33.130  79.417 1.0000000000
43732  -9.911  -36.639  73.932 0.2000000030
125616  -23.141  -33.241  78.491 1.0000000000
46980  -23.887  -32.881  78.103 1.0000000000
48146  -24.797  -32.822  78.555 1.0000000000
138540  -11.350  -37.964  72.708 0.1000000015
42728  -10.913  -37.192  72.960 0.1000000015
42716  -16.079  -37.283  75.142 0.2000000030
48160  -23.803  -32.748  77.235 1.0000000000
142435  -24.446  -32.610  76.822 1.0000000000
43740  -12.832  -36.408  72.806 0.1000000015
43733  -14.445  -36.235  73.873 0.2000000030
42715  -15.435  -36.434  75.034 0.2000000030
47016  -23.228  -32.780  76.020 1.0000000000
145824  -24.762  -32.540  76.094 1.0000000000
43734  -14.911  -36.126  74.603 0.2000000030
125553  -23.879  -32.538  75.642 1.0000000000
48195  -24.664  -32.417  75.175 1.0000000000
148262  -6.645  -31.455  86.695 0.4000000060
48038  -7.500  -32.354  86.048 0.4000000060
48022  -6.974  -31.825  86.505 0.4000000060
50330  -20.094  -30.230  87.398 0.4000000060
49214  -20.543  -31.227  87.209 0.5000000000
48082  -7.272  -32.670  83.795 0.4000000060
48061  -7.261  -32.581  85.086 0.5000000000
48029  -21.390  -32.347  86.980 0.5000000000
48030  -22.530  -32.441  86.999 0.5000000000
48031  -23.035  -32.350  86.815 0.3000000119
48083  -8.089  -32.921  84.166 0.5000000000
48047  -21.790  -32.856  86.403 0.6999999881
49230  -23.561  -32.142  86.307 0.3000000119
49242  -27.308  -31.816  84.577 0.4000000060
48071  -27.728  -32.177  85.346 0.5000000000
48097  -7.450  -32.698  82.133 0.4000000060
48066  -21.493  -33.144  85.408 0.6999999881
46832  -22.295  -33.346  85.777 0.8000000119
48051  -25.443  -33.057  85.778 0.4000000060
48110  -7.902  -32.929  81.275 0.4000000060
48098  -8.296  -33.107  82.123 0.4000000060
46867  -20.965  -33.411  83.374 0.8000000119
46849  -21.211  -33.303  84.371 0.8000000119
45713  -25.080  -33.834  84.822 0.8000000119
46854  -25.418  -33.624  85.374 0.5000000000
46835  -25.893  -33.336  85.473 0.5000000000
46855  -26.105  -33.770  85.235 0.6000000238
46973  -7.313  -33.801  77.997 0.4000000060
129433  -8.494  -33.743  78.896 0.4000000060
46905  -21.311  -33.568  81.898 0.8999999762
45738  -25.039  -33.896  83.751 0.8999999762
45725  -25.779  -34.085  84.123 0.8999999762
145012  -26.446  -34.248  84.328 0.8999999762
46955  -8.217  -33.863  77.993 0.4000000060
45771  -9.033  -34.231  78.476 0.4000000060
46926  -21.404  -33.614  80.369 0.8999999762
46908  -24.316  -33.653  81.873 0.8999999762
45751  -26.001  -34.082  82.448 1.0000000000
44724  -8.338  -35.087  75.828 0.3000000119
44713  -8.893  -34.899  76.579 0.3000000119
146460  -21.286  -33.616  79.586 0.8999999762
144389  -24.816  -33.588  81.043 1.0000000000
46910  -26.328  -34.007  81.472 1.0000000000
44735  -9.733  -35.673  75.441 0.4000000060
125761  -21.647  -33.548  78.289 0.8999999762
46945  -25.799  -33.392  79.938 1.0000000000
44740  -9.907  -36.128  74.663 0.3000000119
125615  -21.810  -33.490  77.489 0.8999999762
149226  -25.477  -32.726  78.108 1.0000000000
46963  -25.900  -32.965  78.965 1.0000000000
139866  -10.248  -36.198  74.044 0.2000000030
46998  -22.127  -33.318  76.734 1.0000000000
142911  -12.020  -36.246  72.731 0.1000000015
48210  -22.156  -32.685  74.583 1.0000000000
47030  -22.087  -33.017  75.235 1.0000000000
47015  -22.499  -33.022  76.005 1.0000000000
130508  -25.094  -32.585  76.837 1.0000000000
43741  -13.692  -36.179  72.933 0.2000000030
42731  -15.266  -36.419  74.167 0.2000000030
41709  -15.591  -37.234  73.685 0.2000000030
48230  -21.991  -32.089  73.366 1.0000000000
48231  -22.452  -32.210  74.040 1.0000000000
48194  -22.989  -32.675  75.318 1.0000000000
136866  -14.606  -36.262  73.037 0.2000000030
42747  -15.167  -36.723  73.243 0.2000000030
48263  -21.494  -31.816  71.720 1.0000000000
48248  -21.696  -31.934  72.557 1.0000000000
134881  -22.942  -31.783  73.462 1.0000000000
48211  -23.815  -32.347  74.906 1.0000000000
145537  -23.825  -32.108  74.366 1.0000000000
42746  -14.856  -36.792  72.415 0.2000000030
48281  -22.221  -31.592  71.026 1.0000000000
48265  -23.271  -31.595  71.995 1.0000000000
145993  -23.751  -31.781  73.445 1.0000000000
49479  -22.061  -31.556  70.137 1.0000000000
48282  -23.057  -31.595  71.167 1.0000000000
49480  -22.923  -31.608  70.321 0.8999999762
49502  -21.780  -31.548  68.254 0.8999999762
49491  -22.798  -31.604  69.399 1.0000000000
49516  -21.681  -31.494  67.421 0.8999999762
49517  -22.381  -31.461  67.693 0.8999999762
142288  -22.180  -31.366  67.060 0.8999999762
49545  -22.191  -31.097  66.429 0.8000000119
50682  -22.788  -31.080  67.203 0.8000000119
44875  -20.787  -35.712  63.310 0.3000000119
48039  -8.290  -32.475  86.192 0.5000000000
50351  -19.775  -30.547  87.115 0.5000000000
48062  -8.179  -32.813  85.289 0.5000000000
46861  -8.812  -33.295  83.464 0.5000000000
46843  -8.978  -33.201  84.459 0.5000000000
49227  -20.156  -31.494  86.476 0.5000000000
49228  -20.772  -32.015  86.781 0.6000000238
49216  -21.822  -31.823  87.250 0.6000000238
49217  -22.507  -31.968  87.113 0.4000000060
129573  -7.968  -32.926  83.007 0.5000000000
151073  -8.712  -33.332  82.708 0.5000000000
49240  -19.805  -31.759  85.286 0.6000000238
48046  -21.097  -32.581  86.064 0.6999999881
49229  -22.782  -31.706  86.740 0.3000000119
46880  -9.067  -33.639  82.142 0.6999999881
45734  -9.982  -34.182  82.167 0.4000000060
48064  -20.128  -32.488  84.538 0.6999999881
48087  -20.472  -33.085  83.926 0.8000000119
49241  -23.048  -31.358  85.988 0.3000000119
131192  -23.476  -31.588  85.031 0.3000000119
48067  -24.214  -32.185  85.268 0.3000000119
48068  -25.071  -32.599  85.330 0.3000000119
48069  -26.066  -32.621  85.062 0.2000000030
49243  -27.717  -31.092  84.890 0.4000000060
46920  -8.722  -33.500  80.838 0.4000000060
46900  -9.364  -33.930  81.430 0.4000000060
49253  -23.165  -31.259  83.726 0.3000000119
49254  -23.906  -31.700  83.955 0.3000000119
49255  -24.662  -32.080  84.149 0.2000000030
148559  -27.000  -33.120  85.423 0.4000000060
49231  -28.158  -31.094  85.491 0.6000000238
149178  -8.835  -33.719  79.865 0.4000000060
45760  -10.173  -34.474  81.220 0.5000000000
46904  -20.585  -33.480  81.536 0.8000000119
126842  -24.322  -31.783  83.010 0.2000000030
45715  -26.764  -34.079  84.905 0.8000000119
45708  -27.327  -33.862  85.165 0.8000000119
128804  -28.098  -33.223  85.537 0.8000000119
48053  -28.452  -32.639  85.566 0.8000000119
145256  -9.389  -34.348  79.197 0.4000000060
45772  -10.156  -34.712  79.500 0.4000000060
46925  -20.742  -33.554  80.600 0.8000000119
45740  -26.520  -34.346  83.337 0.8999999762
45726  -27.996  -34.463  84.083 0.8000000119
45717  -28.332  -34.233  84.393 0.8000000119
46838  -28.602  -33.254  85.331 0.8000000119
44714  -9.603  -34.923  77.514 0.4000000060
46940  -20.856  -33.603  79.787 0.8999999762
45741  -27.541  -34.560  82.942 0.8000000119
131391  -28.017  -34.554  83.486 0.8000000119
44725  -9.402  -35.339  76.048 0.4000000060
140806  -9.776  -35.227  76.819 0.4000000060
128392  -20.961  -33.634  79.061 0.8999999762
46930  -26.574  -33.832  80.543 1.0000000000
139845  -27.390  -34.287  81.169 1.0000000000
45753  -27.944  -34.606  81.981 1.0000000000
45775  -27.397  -34.028  80.317 1.0000000000
44741  -10.252  -35.670  74.488 0.4000000060
126823  -20.916  -33.546  76.116 0.8999999762
48162  -25.668  -32.653  77.350 1.0000000000
44745  -10.761  -35.813  73.556 0.1000000015
133886  -21.253  -33.371  75.272 0.8999999762
47014  -21.702  -33.337  76.024 0.8999999762
44747  -12.520  -35.756  72.540 0.1000000015
47043  -20.626  -33.107  73.535 1.0000000000
47029  -21.544  -33.077  74.679 0.8999999762
48179  -25.829  -32.610  76.404 1.0000000000
44748  -13.253  -35.762  72.475 0.1000000015
40606  -16.698  -39.267  74.691 0.2000000030
47056  -21.137  -32.571  73.079 1.0000000000
48213  -25.395  -32.415  74.613 1.0000000000
43750  -13.950  -36.013  72.619 0.2000000030
41710  -15.930  -38.233  73.715 0.2000000030
40631  -17.171  -40.168  74.068 0.2000000030
48262  -20.698  -32.283  71.462 1.0000000000
48233  -24.334  -31.974  73.826 1.0000000000
43751  -14.352  -36.273  72.242 0.2000000030
137682  -15.246  -37.445  72.436 0.2000000030
41727  -15.622  -38.015  72.879 0.2000000030
48280  -21.338  -31.726  70.863 1.0000000000
48250  -23.543  -31.663  72.799 1.0000000000
48251  -24.459  -31.776  72.943 1.0000000000
48291  -21.146  -31.573  69.973 0.8999999762
48283  -23.834  -31.632  71.264 1.0000000000
49468  -24.593  -31.631  71.379 1.0000000000
49501  -20.354  -31.570  68.367 0.8999999762
49515  -20.249  -31.499  67.669 0.8999999762
49490  -21.910  -31.562  69.175 0.8999999762
49492  -23.713  -31.545  69.700 0.8999999762
49481  -24.360  -31.538  70.452 1.0000000000
49524  -18.658  -31.862  66.182 0.8000000119
49514  -19.484  -31.549  67.417 0.8000000119
134324  -20.895  -31.483  67.031 0.8000000119
49504  -23.476  -31.406  68.649 1.0000000000
141235  -19.538  -37.250  65.705 0.3000000119
48332  -18.388  -32.777  64.649 0.6000000238
48324  -18.874  -32.039  65.143 0.8000000119
49526  -20.298  -31.466  66.326 0.8000000119
49527  -21.623  -31.389  66.672 0.8000000119
49518  -23.022  -31.379  67.919 0.8999999762
138687  -19.973  -36.746  65.076 0.3000000119
45932  -18.827  -34.384  63.209 0.5000000000
48339  -18.613  -33.122  63.824 0.6000000238
49553  -19.735  -31.732  64.655 0.6999999881
49554  -20.538  -31.444  64.527 0.8000000119
148658  -21.945  -30.945  65.884 0.8000000119
50696  -22.692  -30.598  66.564 0.8999999762
43891  -20.493  -36.421  64.528 0.3000000119
130297  -20.092  -35.555  63.291 0.3000000119
45933  -19.326  -34.226  62.710 0.6000000238
48340  -19.915  -32.349  63.059 0.6000000238
49564  -20.899  -31.184  63.848 0.6000000238
49555  -21.149  -31.172  64.955 0.6999999881
50716  -21.712  -30.790  65.363 0.8000000119
141676  -20.779  -34.811  62.279 0.4000000060
48359  -20.557  -33.026  61.833 0.5000000000
49571  -20.590  -31.760  62.961 0.5000000000
50738  -21.434  -30.596  63.421 0.5000000000
136515  -22.004  -30.136  64.937 0.6000000238
45963  -21.696  -34.092  61.552 0.4000000060
47160  -21.983  -33.268  61.343 0.4000000060
49579  -21.630  -31.751  61.750 0.4000000060
50746  -21.667  -30.576  62.616 0.4000000060
50739  -21.841  -29.915  62.990 0.5000000000
47161  -23.011  -32.903  61.373 0.4000000060
134863  -22.445  -31.483  61.512 0.5000000000
49573  -21.896  -30.956  61.974 0.5000000000
50329  -19.109  -29.552  87.709 0.3000000119
51527  -20.275  -29.748  87.320 0.3000000119
46827  -10.021  -33.224  85.678 0.6000000238
46844  -9.885  -33.518  84.667 0.6999999881
50372  -19.391  -30.958  86.078 0.5000000000
50331  -21.002  -31.089  87.367 0.4000000060
46862  -9.666  -33.650  83.691 0.6999999881
141099  -18.533  -30.755  83.850 0.6000000238
50392  -19.152  -31.124  84.655 0.5000000000
50332  -21.618  -30.802  87.215 0.2000000030
151096  -19.075  -31.308  83.584 0.6999999881
49252  -19.541  -31.975  84.028 0.6999999881
50353  -22.337  -30.864  86.379 0.2000000030
50395  -27.520  -30.142  84.291 0.4000000060
50375  -27.867  -30.018  85.210 0.4000000060
50354  -28.320  -30.045  85.601 0.5000000000
45735  -10.766  -34.407  82.695 0.6999999881
48086  -19.866  -32.730  83.432 0.8000000119
50374  -22.677  -30.828  84.846 0.3000000119
125435  -25.195  -31.971  83.181 0.2000000030
49257  -26.749  -32.206  84.347 0.2000000030
49258  -27.411  -31.036  83.871 0.3000000119
50355  -28.850  -30.123  85.800 0.6999999881
45761  -10.826  -34.704  80.948 0.4000000060
130400  -19.409  -32.590  81.903 0.8000000119
48101  -19.764  -32.969  82.491 0.8000000119
49232  -28.843  -31.860  85.643 0.8000000119
137873  -29.194  -31.013  85.682 0.8000000119
49234  -29.648  -30.914  85.390 0.8000000119
125245  -10.266  -34.605  80.364 0.4000000060
45773  -10.798  -34.700  80.029 0.5000000000
48113  -19.511  -32.711  81.105 0.8000000119
46924  -20.076  -33.259  80.845 0.8000000119
48054  -29.035  -32.598  85.414 0.8000000119
45784  -9.796  -34.791  78.541 0.4000000060
48134  -19.633  -33.008  79.258 0.8999999762
46939  -20.213  -33.342  79.975 0.8000000119
45727  -28.616  -34.444  83.565 0.8000000119
45718  -28.916  -34.213  83.968 0.8999999762
46872  -29.382  -33.806  83.863 0.8999999762
48072  -29.490  -32.585  84.949 0.8000000119
44705  -10.187  -34.962  78.127 0.4000000060
48145  -19.443  -32.923  78.324 0.8999999762
46958  -20.373  -33.461  79.167 0.8999999762
45754  -28.854  -34.600  81.754 0.8999999762
45728  -29.194  -34.292  83.247 0.8999999762
44715  -10.151  -35.123  77.410 0.5000000000
46976  -19.922  -33.421  77.903 0.8999999762
44726  -10.043  -35.399  76.406 0.5000000000
46977  -20.447  -33.578  77.613 0.8999999762
46964  -26.950  -33.279  78.693 1.0000000000
46946  -26.888  -33.587  79.623 1.0000000000
45823  -10.461  -34.774  74.953 0.4000000060
45817  -10.315  -34.980  76.039 0.5000000000
47013  -20.439  -33.540  75.316 0.8999999762
46996  -20.624  -33.615  76.952 0.8999999762
48163  -26.529  -32.770  77.189 1.0000000000
45829  -10.645  -34.917  74.017 0.1000000015
47027  -19.928  -33.543  74.559 0.8999999762
48180  -26.804  -32.699  76.389 1.0000000000
132478  -11.168  -34.956  73.227 0.1000000015
47028  -20.780  -33.326  74.433 0.8999999762
48197  -26.370  -32.612  75.609 1.0000000000
44752  -11.883  -35.043  72.607 0.1000000015
127290  -18.158  -40.628  74.047 0.2000000030
128183  -20.210  -32.879  71.928 0.8999999762
47055  -20.393  -33.001  72.712 0.8999999762
48214  -26.060  -32.566  74.967 1.0000000000
48196  -25.528  -32.542  75.457 1.0000000000
41728  -16.076  -39.174  72.983 0.2000000030
39631  -16.784  -40.125  72.975 0.2000000030
47067  -20.891  -32.412  72.267 1.0000000000
48253  -25.917  -32.035  73.308 1.0000000000
48234  -25.716  -32.288  73.943 1.0000000000
40653  -16.365  -39.750  72.243 0.2000000030
141457  -25.148  -32.022  73.472 1.0000000000
41751  -15.395  -38.304  71.928 0.2000000030
48279  -20.489  -32.102  70.661 0.8999999762
48267  -24.881  -31.716  72.134 1.0000000000
48300  -19.948  -31.779  68.999 0.8999999762
49494  -24.969  -31.240  69.983 1.0000000000
49469  -25.214  -31.583  71.566 1.0000000000
49513  -18.860  -31.663  67.038 0.8999999762
49500  -19.643  -31.673  68.226 0.8999999762
49493  -24.415  -31.380  69.696 1.0000000000
129758  -18.851  -37.771  66.099 0.3000000119
48323  -18.176  -32.534  65.504 0.8000000119
48309  -18.786  -31.949  67.904 0.8999999762
49505  -24.223  -31.226  69.086 1.0000000000
43874  -19.093  -36.763  64.960 0.3000000119
47121  -18.004  -33.664  64.257 0.6000000238
50665  -23.583  -30.849  67.828 1.0000000000
50666  -24.244  -30.425  68.153 1.0000000000
43890  -19.584  -36.265  64.346 0.3000000119
44873  -18.861  -35.153  63.588 0.4000000060
51798  -22.910  -29.880  66.254 0.8999999762
50683  -23.260  -30.279  67.027 0.8999999762
44874  -19.550  -35.650  63.671 0.3000000119
50730  -21.849  -29.983  63.971 0.6000000238
51819  -22.542  -29.565  65.409 0.8999999762
51849  -22.214  -29.245  63.495 0.5000000000
50747  -22.147  -30.197  62.233 0.5000000000
48016  -11.519  -31.818  87.780 0.6000000238
51533  -18.253  -29.435  87.495 0.4000000060
51525  -18.274  -29.017  88.113 0.2000000030
144502  -18.914  -29.075  88.099 0.3000000119
50349  -18.080  -29.900  86.282 0.5000000000
52558  -19.164  -28.899  87.982 0.2000000030
51526  -19.420  -29.376  87.695 0.3000000119
46828  -10.865  -33.488  85.841 0.6999999881
50350  -18.906  -30.083  86.824 0.4000000060
45723  -11.428  -34.395  83.161 0.6999999881
46863  -10.624  -34.021  83.729 0.6999999881
50371  -18.423  -30.491  85.264 0.6000000238
51535  -21.116  -29.997  87.078 0.3000000119
50409  -17.313  -30.512  82.474 0.6999999881
51544  -21.211  -29.807  85.968 0.2000000030
50352  -21.662  -30.293  86.536 0.2000000030
45736  -11.405  -34.526  82.305 0.6999999881
49251  -18.694  -31.019  82.836 0.6999999881
50373  -21.864  -30.245  85.400 0.2000000030
51536  -27.880  -29.019  85.431 0.4000000060
51537  -28.432  -29.134  85.765 0.5000000000
51538  -29.151  -29.232  85.825 0.5000000000
45749  -11.342  -34.595  81.513 0.6000000238
50410  -18.113  -30.757  82.119 0.8000000119
49265  -18.775  -31.463  81.891 0.8000000119
136840  -21.868  -30.602  82.001 0.2000000030
50411  -21.816  -30.379  82.962 0.2000000030
50394  -22.441  -30.799  83.429 0.2000000030
49270  -25.865  -31.705  82.370 0.2000000030
49272  -27.136  -30.938  83.085 0.2000000030
50414  -27.261  -30.210  83.313 0.4000000060
50430  -18.219  -30.969  81.234 0.8000000119
49280  -18.702  -31.563  81.103 0.8000000119
50412  -22.289  -30.840  82.554 0.2000000030
133892  -23.264  -31.449  81.931 0.2000000030
130567  -24.033  -31.667  82.060 0.2000000030
49269  -24.909  -31.747  82.188 0.2000000030
49285  -26.447  -30.905  81.800 0.2000000030
50357  -30.007  -30.264  85.176 0.8000000119
45785  -10.539  -34.839  78.945 0.4000000060
126452  -11.026  -34.732  79.473 0.4000000060
49296  -18.408  -31.309  80.501 0.8000000119
141536  -18.662  -31.648  79.928 0.8000000119
49282  -23.789  -31.573  81.235 0.2000000030
49299  -24.417  -31.440  80.623 0.2000000030
49300  -25.353  -31.020  80.549 0.1000000015
48073  -29.870  -32.099  84.518 0.8000000119
49244  -29.977  -31.172  84.880 0.8000000119
49317  -18.083  -31.165  78.937 0.8000000119
49318  -18.568  -31.673  79.251 0.8000000119
49298  -23.650  -31.469  80.398 0.2000000030
49321  -24.602  -31.022  79.778 0.1000000015
48089  -29.704  -33.002  84.199 0.8999999762
49259  -30.192  -31.389  83.868 0.8999999762
50396  -30.454  -30.469  83.185 0.8999999762
45797  -10.526  -34.869  78.159 0.5000000000
45786  -11.024  -34.719  78.761 0.5000000000
49341  -18.394  -31.677  78.495 0.8000000119
48144  -18.989  -32.317  78.814 0.8999999762
45764  -28.120  -34.352  80.504 1.0000000000
45743  -29.329  -34.429  82.394 0.8999999762
46892  -30.095  -33.673  82.280 0.8999999762
48103  -30.245  -32.834  82.558 0.8999999762
45809  -10.352  -34.913  76.893 0.6000000238
48177  -18.519  -32.497  76.264 0.8999999762
48159  -19.300  -32.956  77.473 0.8999999762
45776  -27.854  -34.061  79.762 1.0000000000
45755  -29.529  -34.393  81.444 1.0000000000
45756  -29.987  -34.155  81.083 1.0000000000
46912  -30.215  -33.701  81.469 1.0000000000
46994  -19.572  -33.343  76.221 0.8999999762
46995  -19.863  -33.506  77.016 0.8999999762
46982  -27.141  -33.076  77.892 1.0000000000
46965  -27.726  -33.536  78.513 1.0000000000
45787  -28.346  -33.969  79.179 1.0000000000
147112  -10.709  -34.325  74.282 0.3000000119
47012  -19.595  -33.420  75.413 0.8999999762
47000  -27.324  -32.888  77.137 1.0000000000
136687  -19.500  -33.472  73.817 0.8999999762
47041  -19.165  -33.461  73.003 0.8999999762
48229  -18.608  -33.208  73.764 0.8999999762
47066  -19.670  -33.167  71.630 1.0000000000
47054  -19.648  -33.346  72.320 0.8999999762
48235  -26.577  -32.152  73.975 1.0000000000
48215  -26.782  -32.472  74.868 1.0000000000
44753  -12.655  -35.247  72.266 0.2000000030
136067  -26.127  -32.442  74.445 1.0000000000
45836  -12.885  -34.971  71.864 0.1000000015
43760  -14.183  -36.227  71.385 0.2000000030
140296  -14.088  -36.093  70.650 0.2000000030
47077  -19.981  -32.711  71.204 1.0000000000
47076  -19.272  -33.222  70.995 1.0000000000
49457  -26.730  -31.318  72.529 1.0000000000
49456  -26.074  -31.721  72.625 1.0000000000
42772  -14.610  -36.859  71.554 0.2000000030
42773  -15.022  -37.573  71.696 0.2000000030
41766  -15.241  -38.411  70.918 0.2000000030
48288  -18.870  -32.678  69.325 1.0000000000
47086  -18.916  -33.061  70.057 1.0000000000
151168  -26.311  -31.037  71.469 1.0000000000
49455  -25.581  -31.636  72.080 1.0000000000
47105  -16.858  -33.606  67.112 0.8000000119
48299  -19.193  -32.177  68.813 0.8999999762
49483  -26.015  -30.897  70.910 1.0000000000
49482  -25.237  -31.368  70.828 1.0000000000
41844  -17.458  -38.194  66.433 0.3000000119
128549  -16.910  -38.519  67.050 0.3000000119
50637  -25.649  -30.822  70.205 1.0000000000
41845  -18.302  -38.308  66.545 0.3000000119
48313  -17.488  -33.166  65.798 0.6999999881
48308  -18.248  -32.184  67.048 0.8999999762
50667  -24.791  -30.522  68.794 1.0000000000
42904  -18.566  -37.262  65.451 0.3000000119
47114  -17.441  -33.869  64.997 0.6000000238
51785  -24.742  -29.293  67.559 0.8999999762
44856  -18.258  -35.437  64.156 0.4000000060
45913  -17.691  -34.626  64.415 0.5000000000
52871  -23.976  -28.598  66.221 0.8999999762
51799  -23.613  -29.421  66.658 0.8999999762
44857  -18.988  -35.752  64.034 0.4000000060
52917  -22.551  -28.545  63.977 0.5000000000
51517  -17.058  -28.830  87.940 0.4000000060
51524  -17.359  -29.118  87.887 0.3000000119
48028  -12.486  -32.334  87.273 0.6000000238
51531  -16.572  -29.346  87.324 0.4000000060
136803  -18.020  -28.638  87.984 0.2000000030
46847  -12.208  -33.598  85.209 0.6999999881
46831  -12.785  -33.199  85.515 0.6000000238
50348  -16.610  -29.851  85.525 0.5000000000
51532  -17.382  -29.621  86.642 0.6000000238
51518  -18.651  -28.870  88.093 0.2000000030
46865  -12.170  -33.898  84.161 0.6999999881
46848  -12.788  -33.431  84.645 0.6000000238
129172  -17.034  -30.100  84.162 0.6000000238
145393  -11.918  -34.260  83.435 0.6999999881
132024  -12.906  -33.712  82.825 0.8000000119
50390  -17.355  -30.378  83.338 0.6999999881
52573  -20.116  -28.869  85.964 0.2000000030
52559  -19.825  -29.032  87.239 0.2000000030
45724  -11.952  -34.420  82.749 0.6999999881
45737  -11.871  -34.440  81.971 0.6999999881
46883  -12.391  -34.171  82.393 0.8000000119
52585  -20.036  -28.940  84.622 0.2000000030
51543  -20.656  -29.320  85.275 0.2000000030
52574  -27.554  -28.158  85.086 0.3000000119
52575  -27.887  -27.635  85.331 0.3000000119
45750  -11.693  -34.469  81.334 0.6999999881
46901  -12.250  -34.148  81.516 0.6999999881
50428  -16.437  -30.661  81.050 0.8000000119
50429  -17.351  -30.654  81.411 0.8000000119
51561  -21.273  -29.796  83.470 0.2000000030
51551  -21.295  -29.717  84.663 0.2000000030
51563  -26.948  -29.300  82.944 0.1000000015
51553  -27.130  -29.121  83.772 0.4000000060
51545  -27.429  -28.982  84.762 0.3000000119
52565  -28.043  -28.225  85.642 0.5000000000
52567  -29.542  -28.236  85.679 0.5000000000
45762  -11.293  -34.629  80.817 0.5000000000
45763  -11.760  -34.375  80.820 0.6999999881
46922  -12.275  -33.886  80.690 0.6999999881
129175  -17.025  -30.637  80.599 0.8000000119
51576  -21.260  -29.990  82.399 0.2000000030
50435  -26.690  -29.825  81.538 0.1000000015
50413  -26.982  -30.234  82.401 0.2000000030
51539  -29.844  -29.261  85.429 0.6999999881
148586  -29.954  -27.314  85.690 0.5000000000
130984  -11.349  -34.524  80.160 0.5000000000
50482  -16.493  -30.593  79.194 0.8000000119
126733  -17.190  -30.661  79.873 0.8000000119
50433  -22.039  -31.047  80.984 0.2000000030
141654  -22.535  -31.125  81.852 0.2000000030
50489  -25.626  -30.141  79.747 0.1000000015
50434  -26.161  -30.528  81.009 0.1000000015
52576  -30.386  -28.082  85.324 0.6999999881
46937  -11.557  -34.233  79.453 0.6999999881
147312  -16.993  -30.651  78.487 0.8000000119
50483  -17.442  -30.744  79.067 0.8000000119
50459  -21.953  -31.142  79.937 0.2000000030
50488  -25.143  -29.948  78.959 0.1000000015
51554  -30.590  -29.473  83.640 0.8999999762
51546  -30.308  -29.320  84.706 0.8000000119
46956  -11.509  -33.942  78.479 0.5000000000
49340  -17.716  -31.066  78.255 0.8000000119
49319  -22.657  -31.251  79.335 0.1000000015
49297  -22.742  -31.370  80.225 0.1000000015
50487  -24.253  -30.805  79.032 0.1000000015
49273  -30.385  -31.580  82.664 0.8999999762
45798  -11.003  -34.508  77.952 0.5000000000
45810  -10.879  -34.168  77.073 0.5000000000
49339  -16.992  -30.739  77.756 0.6999999881
49363  -18.178  -31.631  77.866 0.8000000119
48157  -18.267  -31.907  77.382 0.8999999762
50507  -23.496  -30.931  78.638 0.1000000015
135974  -30.302  -33.199  81.891 0.8999999762
48114  -30.352  -32.985  81.398 0.8999999762
49286  -30.408  -32.225  81.723 0.8999999762
137653  -11.387  -33.413  76.787 0.6000000238
146775  -16.968  -30.844  77.067 0.6999999881
48176  -18.046  -31.880  76.734 0.8999999762
151102  -29.042  -34.241  79.523 1.0000000000
46931  -30.013  -34.123  80.239 1.0000000000
48125  -30.315  -33.175  80.870 1.0000000000
134453  -30.245  -33.222  80.181 1.0000000000
47009  -10.688  -34.064  75.587 0.4000000060
48175  -11.522  -32.940  76.160 0.5000000000
48192  -17.770  -31.887  75.826 0.8999999762
48193  -18.446  -32.639  75.461 0.8999999762
46966  -28.373  -33.612  78.472 1.0000000000
46948  -29.554  -34.067  79.539 1.0000000000
46967  -29.482  -33.486  78.840 1.0000000000
46949  -29.974  -33.540  79.564 1.0000000000
48126  -30.783  -31.937  79.837 1.0000000000
47025  -10.911  -33.734  74.577 0.3000000119
48208  -17.867  -32.259  74.933 0.8999999762
47011  -19.027  -33.058  75.865 0.8999999762
46983  -27.849  -33.276  77.806 1.0000000000
46984  -28.473  -33.242  77.847 1.0000000000
46985  -29.122  -33.064  78.021 1.0000000000
48147  -29.700  -32.684  78.353 1.0000000000
45824  -11.019  -34.069  73.649 0.3000000119
48228  -17.823  -32.670  73.317 0.8999999762
47026  -19.160  -33.366  74.573 0.8999999762
130098  -27.170  -32.564  75.683 1.0000000000
47001  -28.024  -32.942  77.142 1.0000000000
48182  -28.314  -32.517  76.508 1.0000000000
48165  -29.415  -32.370  77.514 1.0000000000
45834  -11.615  -34.253  72.861 0.1000000015
48247  -18.384  -33.189  72.781 0.8999999762
126486  -27.910  -32.384  75.768 1.0000000000
48198  -28.591  -31.998  75.895 1.0000000000
45835  -12.388  -34.405  72.225 0.1000000015
48287  -16.078  -32.755  69.554 0.8000000119
47064  -17.977  -33.272  71.135 0.8999999762
47052  -18.160  -33.233  71.946 0.8999999762
49419  -27.453  -32.012  74.495 1.0000000000
48216  -28.166  -31.875  75.102 1.0000000000
45843  -13.048  -34.327  71.455 0.1000000015
151352  -16.105  -33.327  68.951 0.6999999881
47073  -17.048  -33.056  69.914 0.6999999881
47065  -18.666  -33.420  71.440 0.8999999762
49437  -26.634  -31.730  73.194 1.0000000000
131368  -27.201  -31.286  73.049 1.0000000000
44761  -13.353  -35.199  71.521 0.1000000015
44762  -13.782  -35.597  71.078 0.1000000015
47083  -16.818  -33.359  69.160 0.6999999881
47075  -18.498  -33.343  70.659 0.8999999762
49471  -26.812  -30.908  71.862 1.0000000000
42798  -14.417  -36.752  70.678 0.2000000030
42824  -14.677  -37.311  69.708 0.3000000119
141215  -15.423  -38.689  69.963 0.2000000030
45867  -15.570  -34.760  67.643 0.4000000060
132165  -15.971  -34.110  68.023 0.8000000119
47092  -16.418  -33.582  68.498 0.8000000119
47085  -18.366  -33.132  69.360 1.0000000000
50626  -26.698  -30.549  71.172 1.0000000000
42825  -15.110  -37.853  68.849 0.3000000119
41802  -15.586  -38.686  69.022 0.2000000030
44797  -15.785  -35.094  66.923 0.6999999881
47099  -16.655  -33.685  67.877 0.8000000119
48298  -18.513  -32.656  68.680 1.0000000000
50638  -26.461  -30.266  70.329 1.0000000000
41822  -15.614  -38.215  68.058 0.3000000119
41823  -16.373  -38.745  67.741 0.3000000119
47100  -17.357  -33.283  67.862 0.8000000119
129171  -18.007  -32.673  67.881 0.8999999762
51771  -25.341  -29.752  68.526 0.8999999762
50652  -25.910  -30.303  69.720 1.0000000000
42888  -17.987  -37.811  65.872 0.3000000119
42886  -16.568  -37.228  66.117 0.4000000060
42902  -16.893  -36.672  65.586 0.4000000060
45897  -16.556  -34.947  65.811 0.5000000000
47106  -17.037  -33.537  66.383 0.6000000238
48307  -17.495  -32.927  66.913 0.8999999762
51754  -25.651  -30.039  69.112 0.8999999762
42903  -17.709  -37.102  65.398 0.3000000119
44839  -16.961  -35.723  65.231 0.5000000000
43872  -17.533  -36.334  65.006 0.5000000000
45898  -17.122  -34.773  65.079 0.5000000000
51770  -24.756  -29.825  68.094 0.8999999762
43873  -18.235  -36.648  64.919 0.4000000060
44855  -17.569  -35.549  64.665 0.5000000000
51800  -24.365  -29.000  66.982 0.8999999762
49200  -11.916  -31.067  88.138 0.6000000238
48018  -12.934  -31.479  87.839 0.5000000000
49225  -13.853  -31.679  86.531 0.6000000238
129061  -14.671  -30.252  87.341 0.6000000238
50347  -15.830  -29.683  86.680 0.5000000000
51516  -16.230  -28.817  88.156 0.4000000060
48044  -13.974  -32.122  85.047 0.6000000238
49226  -14.516  -31.079  86.211 0.6000000238
50346  -15.248  -30.373  86.118 0.6000000238
134678  -13.396  -33.012  84.236 0.6999999881
141919  -14.499  -31.717  84.109 0.6999999881
49239  -14.820  -31.169  84.925 0.6999999881
50369  -15.855  -30.247  85.122 0.5000000000
52557  -18.687  -28.593  87.709 0.2000000030
48084  -13.450  -33.123  83.267 0.8000000119
48085  -13.975  -32.398  83.748 0.6999999881
141746  -15.585  -30.841  83.184 0.6999999881
52563  -18.860  -28.366  86.378 0.2000000030
131057  -19.271  -28.659  87.249 0.2000000030
48099  -13.423  -33.160  82.427 0.8000000119
50427  -15.714  -30.842  81.505 0.8000000119
50407  -15.662  -30.859  82.400 0.8000000119
52572  -19.487  -28.571  85.323 0.2000000030
52587  -27.099  -28.075  84.122 0.3000000119
53645  -27.610  -27.506  84.719 0.3000000119
46902  -12.835  -33.485  81.205 0.8000000119
46884  -12.906  -33.717  82.024 0.8000000119
50455  -15.702  -30.792  80.642 0.8000000119
52599  -19.977  -29.036  83.402 0.2000000030
51562  -26.661  -28.869  82.252 0.2000000030
51552  -26.766  -28.390  83.114 0.3000000119
53647  -29.020  -26.879  85.550 0.3000000119
53644  -29.273  -27.393  85.747 0.4000000060
51560  -20.636  -29.468  82.866 0.2000000030
51578  -26.581  -29.037  81.634 0.1000000015
46957  -12.141  -33.422  78.990 0.6999999881
46938  -12.234  -33.687  79.882 0.6999999881
50481  -15.651  -30.733  79.756 0.8000000119
51594  -26.040  -29.154  80.152 0.1000000015
52588  -30.923  -28.492  84.358 0.6999999881
48131  -12.733  -32.923  79.495 0.8000000119
50458  -21.334  -30.589  80.407 0.2000000030
46975  -12.085  -33.111  78.029 0.8000000119
48142  -12.715  -32.641  78.578 0.6000000238
134158  -15.578  -30.630  77.938 0.6999999881
50503  -16.277  -30.596  78.235 0.6999999881
50486  -21.950  -31.051  79.177 0.1000000015
51619  -24.877  -29.110  78.337 0.1000000015
50415  -30.618  -30.328  82.145 0.8999999762
51564  -30.757  -29.631  82.736 0.8000000119
48156  -12.727  -32.313  77.584 0.6000000238
148657  -13.225  -31.898  77.603 0.6999999881
50519  -15.212  -30.679  77.344 0.6999999881
49380  -16.486  -30.814  76.533 0.6999999881
50506  -22.476  -31.001  78.554 0.1000000015
126084  -23.194  -30.705  77.885 0.1000000015
137126  -23.865  -30.337  78.007 0.1000000015
51632  -24.318  -29.530  77.819 0.1000000015
49301  -30.449  -32.323  80.953 0.8999999762
50436  -30.724  -31.071  81.592 0.8999999762
50416  -31.206  -30.165  81.446 0.8000000119
48155  -11.947  -32.796  76.983 0.5000000000
49358  -13.173  -31.762  77.070 0.6999999881
125456  -15.915  -30.764  75.879 0.6999999881
49381  -16.882  -31.115  75.806 0.6999999881
131908  -17.333  -31.269  76.540 0.6999999881
50522  -23.001  -30.540  77.117 0.1000000015
50462  -32.021  -30.982  80.413 0.8999999762
48191  -11.769  -32.551  75.412 0.4000000060
149938  -12.036  -32.406  76.144 0.6000000238
49395  -12.500  -31.884  75.566 0.5000000000
151275  -17.398  -31.954  74.423 0.8999999762
46968  -29.950  -32.971  79.008 1.0000000000
48136  -30.849  -31.699  79.114 1.0000000000
125050  -31.938  -31.303  79.870 0.8999999762
48207  -12.069  -32.217  74.627 0.4000000060
49413  -12.800  -31.589  74.552 0.6000000238
49418  -17.282  -32.060  73.754 0.8000000119
48166  -30.079  -31.921  77.912 1.0000000000
49342  -30.773  -31.478  78.348 1.0000000000
49343  -31.679  -31.228  78.661 1.0000000000
49344  -32.702  -31.177  78.878 1.0000000000
144015  -11.560  -33.542  73.149 0.3000000119
48226  -12.341  -32.054  73.766 0.4000000060
48227  -17.128  -32.129  72.979 0.8000000119
48183  -29.033  -32.139  76.673 1.0000000000
49382  -29.781  -31.498  76.976 1.0000000000
129290  -30.576  -31.179  77.570 1.0000000000
49364  -31.460  -30.948  77.929 1.0000000000
50525  -32.159  -30.479  77.445 1.0000000000
47051  -12.027  -33.547  72.509 0.1000000015
47062  -12.401  -32.866  72.228 0.2000000030
48259  -15.957  -31.918  70.892 0.6999999881
48260  -16.658  -32.256  71.256 0.6999999881
48245  -16.875  -32.152  72.138 0.8000000119
48261  -17.443  -32.768  71.624 0.8999999762
49400  -28.830  -31.486  75.337 1.0000000000
49383  -30.032  -30.841  76.080 1.0000000000
132110  -30.439  -30.859  76.873 1.0000000000
50542  -30.869  -30.372  76.416 1.0000000000
50543  -31.770  -30.124  76.691 1.0000000000
45842  -12.616  -33.548  71.834 0.1000000015
130633  -13.090  -33.509  71.207 0.1000000015
48276  -16.442  -32.455  70.417 0.8000000119
49438  -27.336  -31.617  73.708 1.0000000000
148951  -28.555  -31.450  74.862 1.0000000000
50577  -28.983  -30.760  74.176 1.0000000000
50560  -30.014  -30.546  75.288 1.0000000000
50561  -30.613  -30.208  75.620 1.0000000000
50562  -31.427  -29.876  75.924 1.0000000000
44767  -13.511  -34.846  70.801 0.1000000015
45848  -13.767  -34.520  70.070 0.2000000030
47082  -15.385  -33.241  69.146 0.6000000238
48275  -15.564  -32.168  70.260 0.6999999881
47074  -17.834  -33.316  70.293 0.8000000119
50593  -27.859  -30.984  73.317 1.0000000000
50594  -28.630  -30.625  73.556 1.0000000000
50578  -29.615  -30.528  74.607 1.0000000000
44768  -13.903  -35.442  70.174 0.2000000030
43773  -14.243  -36.311  69.925 0.3000000119
45859  -14.560  -34.842  68.858 0.3000000119
45853  -14.891  -33.948  68.932 0.5000000000
47084  -17.672  -33.335  69.415 0.8000000119
50627  -27.379  -30.347  71.596 1.0000000000
50610  -27.470  -30.744  72.464 1.0000000000
50611  -28.310  -30.397  72.789 1.0000000000
50612  -28.940  -30.123  73.055 1.0000000000
42844  -14.756  -37.070  68.667 0.4000000060
44783  -14.566  -35.713  68.567 0.3000000119
44784  -14.998  -35.194  68.105 0.3000000119
45860  -15.269  -34.453  68.368 0.4000000060
47093  -17.180  -33.422  68.594 0.8000000119
50639  -27.254  -30.001  70.816 1.0000000000
42845  -15.155  -37.471  68.170 0.3000000119
43828  -14.871  -35.969  67.900 0.3000000119
44796  -15.352  -35.517  67.431 0.3000000119
47094  -17.886  -33.176  68.655 0.8999999762
42865  -15.481  -37.321  67.395 0.3000000119
43851  -15.672  -36.710  66.821 0.4000000060
44814  -15.662  -35.936  66.787 0.4000000060
51772  -26.151  -29.338  68.598 0.8999999762
51755  -26.510  -29.715  69.434 1.0000000000
42866  -16.128  -38.054  67.169 0.3000000119
43852  -16.132  -36.497  66.213 0.4000000060
137419  -16.215  -34.776  66.513 0.5000000000
52851  -25.120  -28.680  67.224 0.8000000119
51513  -12.794  -29.949  88.221 0.2000000030
50318  -12.384  -30.431  88.172 0.4000000060
139688  -12.937  -30.274  88.275 0.4000000060
50319  -13.417  -29.962  88.278 0.4000000060
49212  -13.588  -31.124  87.658 0.5000000000
49203  -13.844  -30.197  88.233 0.5000000000
51522  -15.948  -29.050  88.095 0.4000000060
52555  -16.323  -28.504  87.986 0.4000000060
51515  -15.871  -28.702  88.128 0.4000000060
49249  -14.546  -31.773  83.257 0.8000000119
49250  -15.139  -31.149  83.798 0.6999999881
130207  -13.801  -32.616  82.023 0.8000000119
48100  -14.020  -32.446  82.735 0.8000000119
49264  -15.108  -31.290  82.816 0.8000000119
52562  -17.984  -28.284  87.231 0.2000000030
49263  -14.280  -31.988  81.944 0.8000000119
52571  -18.741  -28.312  84.880 0.2000000030
53662  -26.850  -27.803  82.494 0.2000000030
52586  -26.920  -27.814  83.166 0.3000000119
54724  -28.020  -26.956  84.449 0.3000000119
48121  -13.375  -32.754  80.837 0.8000000119
49293  -13.967  -31.900  80.416 0.8000000119
49278  -14.539  -31.640  81.163 0.8000000119
52584  -19.335  -28.527  83.966 0.2000000030
52600  -26.595  -28.111  82.349 0.2000000030
54725  -29.027  -26.570  84.587 0.3000000119
54710  -29.608  -26.469  85.301 0.3000000119
128518  -13.322  -32.489  79.974 0.8000000119
143829  -14.886  -31.182  80.302 0.8000000119
51559  -19.936  -29.130  82.222 0.2000000030
52618  -26.485  -28.298  81.584 0.1000000015
132965  -30.669  -26.875  85.499 0.5000000000
46923  -12.794  -33.206  80.362 0.8000000119
49315  -14.334  -31.443  79.588 0.8000000119
49316  -14.957  -30.964  79.454 0.8000000119
51575  -20.140  -29.346  81.335 0.2000000030
52634  -25.888  -28.308  80.013 0.1000000015
52577  -31.301  -27.338  85.214 0.6999999881
129764  -13.872  -31.639  78.923 0.8000000119
49338  -14.574  -31.105  78.830 0.8000000119
50502  -15.475  -30.683  78.774 0.8000000119
134882  -20.831  -30.219  79.927 0.2000000030
51607  -25.338  -29.065  78.893 0.1000000015
51608  -25.671  -29.067  79.455 0.1000000015
52601  -31.989  -28.567  82.906 0.6999999881
48132  -13.294  -32.256  79.126 0.8000000119
49337  -14.090  -31.319  78.151 0.6999999881
50501  -14.848  -30.826  78.060 0.6999999881
50485  -21.345  -30.720  79.508 0.1000000015
51565  -31.362  -29.310  82.032 0.8000000119
49359  -13.649  -31.536  77.535 0.6999999881
138865  -14.361  -30.996  77.334 0.6999999881
49360  -14.853  -30.728  76.797 0.6999999881
50484  -20.639  -30.149  79.089 0.2000000030
50505  -21.454  -30.767  78.538 0.1000000015
50437  -31.540  -30.599  80.944 0.8000000119
50438  -32.625  -30.295  80.718 0.8000000119
49377  -13.192  -31.515  76.253 0.6999999881
138222  -13.767  -31.282  76.817 0.6999999881
49398  -16.316  -30.990  75.068 0.6999999881
130767  -22.271  -30.826  77.772 0.1000000015
50523  -23.751  -30.087  77.378 0.1000000015
50463  -33.268  -30.691  80.320 0.8999999762
49378  -13.952  -31.016  76.066 0.6000000238
127658  -14.322  -30.877  75.246 0.6000000238
49397  -15.307  -30.797  75.175 0.6999999881
49416  -15.685  -30.952  74.327 0.6999999881
49417  -16.685  -31.409  74.220 0.6999999881
50521  -21.417  -30.620  77.551 0.1000000015
49323  -32.857  -31.231  79.459 1.0000000000
49414  -13.775  -31.085  74.374 0.5000000000
128632  -14.339  -30.961  73.951 0.6000000238
49435  -15.991  -31.221  73.499 0.6999999881
49436  -16.698  -31.651  73.439 0.6999999881
49365  -32.486  -30.842  78.204 1.0000000000
129163  -33.515  -31.267  79.071 1.0000000000
151119  -12.451  -32.481  72.579 0.4000000060
49433  -13.094  -31.506  73.655 0.4000000060
49450  -13.321  -31.532  73.005 0.5000000000
49452  -14.455  -31.241  72.707 0.5000000000
49453  -15.430  -31.265  72.680 0.6999999881
49454  -16.362  -31.592  72.741 0.6999999881
50527  -34.292  -30.892  77.614 1.0000000000
48243  -12.805  -32.297  72.180 0.4000000060
48257  -13.364  -31.989  71.689 0.4000000060
48273  -13.562  -32.344  71.112 0.4000000060
49466  -14.810  -31.403  71.864 0.6000000238
49467  -15.916  -31.607  71.751 0.6999999881
144997  -32.249  -29.767  76.156 1.0000000000
50544  -32.923  -30.035  76.788 1.0000000000
144601  -33.884  -30.446  77.004 1.0000000000
47063  -12.989  -32.770  71.516 0.2000000030
47071  -13.540  -33.019  70.693 0.3000000119
48274  -14.039  -32.274  70.635 0.4000000060
147262  -14.228  -32.802  70.070 0.5000000000
49478  -15.085  -31.712  70.964 0.6999999881
48286  -15.054  -32.624  69.694 0.6000000238
50595  -29.437  -30.188  73.684 1.0000000000
50579  -30.372  -30.049  74.849 1.0000000000
51660  -31.145  -29.671  75.140 1.0000000000
50563  -33.092  -29.688  75.843 1.0000000000
129709  -14.098  -34.936  69.554 0.3000000119
138823  -14.710  -32.167  70.339 0.6000000238
50596  -30.096  -29.935  74.157 1.0000000000
51676  -30.901  -29.463  74.242 1.0000000000
51677  -31.672  -29.335  74.674 1.0000000000
51661  -32.145  -29.486  75.370 1.0000000000
51662  -33.066  -29.457  75.098 1.0000000000
44773  -14.248  -35.615  69.330 0.3000000119
45852  -14.251  -34.203  69.458 0.3000000119
47081  -14.566  -33.371  69.493 0.4000000060
50628  -28.085  -30.126  72.000 1.0000000000
51715  -28.868  -29.811  72.299 1.0000000000
51693  -29.511  -29.728  72.864 1.0000000000
51694  -30.265  -29.546  73.354 1.0000000000
51695  -31.192  -29.060  73.357 1.0000000000
126425  -31.832  -29.038  73.998 1.0000000000
51678  -32.560  -29.222  74.523 1.0000000000
51732  -27.948  -29.830  71.233 1.0000000000
51733  -28.540  -29.698  71.585 1.0000000000
51734  -29.246  -29.361  71.480 1.0000000000
51716  -30.089  -29.353  72.506 1.0000000000
51756  -27.360  -29.293  69.326 1.0000000000
51745  -27.899  -29.556  70.461 1.0000000000
51746  -28.578  -29.432  70.890 1.0000000000
51747  -29.285  -29.063  70.592 1.0000000000
51735  -30.088  -29.075  71.767 1.0000000000
51773  -26.891  -29.212  68.871 1.0000000000
51787  -26.397  -28.721  67.885 0.8999999762
52852  -25.861  -28.526  67.386 0.8000000119
52554  -15.836  -28.381  87.771 0.4000000060
53663  -27.236  -27.474  82.995 0.2000000030
54723  -27.655  -27.169  83.631 0.2000000030
53674  -26.658  -28.039  81.742 0.1000000015
53675  -27.029  -27.667  82.066 0.1000000015
54738  -28.388  -26.868  83.682 0.3000000119
54726  -30.139  -26.232  84.741 0.3000000119
54711  -30.753  -26.346  85.261 0.3000000119
53700  -25.864  -28.328  79.527 0.1000000015
53684  -27.014  -27.916  80.923 0.1000000015
53649  -31.591  -26.540  85.294 0.6000000238
52648  -25.459  -28.337  79.163 0.1000000015
143526  -32.555  -28.082  83.810 0.6999999881
50457  -20.637  -29.827  80.758 0.2000000030
52658  -24.921  -28.216  78.533 0.1000000015
51566  -32.475  -28.957  81.916 0.6999999881
52672  -24.424  -28.327  77.955 0.1000000015
51580  -33.101  -29.505  81.229 0.8000000119
50504  -20.708  -30.233  78.064 0.1000000015
50541  -23.473  -29.817  76.564 0.1000000015
49304  -33.835  -30.957  80.034 0.8999999762
49345  -34.333  -31.384  78.959 1.0000000000
49324  -33.907  -31.179  79.550 0.8999999762
49366  -33.637  -31.023  78.420 1.0000000000
50545  -33.991  -30.207  76.193 1.0000000000
50564  -34.001  -29.982  75.120 1.0000000000
51696  -32.856  -29.029  73.723 1.0000000000
52753  -31.524  -28.714  72.580 1.0000000000
141826  -33.543  -29.385  73.226 1.0000000000
150822  -30.435  -29.057  72.210 1.0000000000
52752  -30.944  -28.735  71.899 1.0000000000
135535  -27.835  -29.330  69.806 1.0000000000
51757  -28.582  -29.135  69.992 1.0000000000
52790  -29.846  -28.961  71.038 1.0000000000
52772  -31.493  -28.525  71.227 1.0000000000
52773  -32.422  -28.583  70.987 0.8999999762
52829  -27.588  -28.860  68.603 1.0000000000
52807  -28.941  -28.735  69.188 0.8999999762
136657  -30.185  -28.560  69.677 0.8999999762
139780  -30.835  -28.495  69.996 0.8999999762
52853  -27.351  -28.474  67.811 0.8000000119
52830  -28.453  -28.617  68.565 0.8999999762
127125  -29.858  -28.499  69.081 0.8999999762
52809  -30.808  -28.449  69.127 0.8999999762
130628  -28.046  -28.485  68.079 0.8000000119
54739  -29.441  -26.656  83.692 0.2000000030
136461  -27.864  -27.200  83.078 0.1000000015
54727  -31.227  -25.981  84.677 0.2000000030
129686  -27.768  -27.520  82.356 0.1000000015
53676  -28.617  -27.821  81.641 0.1000000015
137923  -29.836  -27.509  81.795 0.1000000015
54712  -31.832  -26.124  84.950 0.2000000030
54713  -32.516  -26.223  84.528 0.3000000119
52590  -32.603  -27.312  84.514 0.5000000000
53654  -33.641  -26.800  84.149 0.4000000060
52603  -34.080  -28.386  83.436 0.6999999881
52591  -33.931  -27.465  84.062 0.4000000060
51581  -34.176  -29.555  81.473 0.6999999881
137710  -34.707  -30.205  81.082 0.6999999881
49325  -34.929  -31.414  79.431 1.0000000000
141784  -34.473  -31.131  79.921 0.8999999762
49367  -34.733  -31.334  78.279 1.0000000000
49346  -35.077  -31.533  78.798 1.0000000000
49384  -35.197  -31.395  77.459 1.0000000000
129800  -35.509  -31.609  78.199 0.8999999762
50546  -34.814  -30.947  76.637 1.0000000000
147092  -35.565  -31.485  76.705 0.8999999762
50580  -34.220  -30.077  74.077 1.0000000000
50565  -34.815  -30.785  75.538 1.0000000000
52754  -32.430  -28.643  72.414 1.0000000000
51736  -33.277  -28.984  72.096 1.0000000000
51719  -33.780  -29.555  72.546 1.0000000000
141275  -33.326  -29.001  71.268 0.8999999762
52792  -31.619  -28.493  70.432 0.8999999762
51748  -33.268  -29.068  70.408 0.8999999762
138794  -33.870  -29.643  70.753 0.8999999762
52810  -31.784  -28.546  69.402 0.8999999762
52811  -32.636  -28.869  69.253 0.8999999762
51758  -33.255  -29.269  69.550 0.8999999762
52854  -28.798  -28.229  67.790 0.8000000119
52831  -29.373  -28.395  68.425 0.8999999762
52832  -30.599  -28.312  68.179 0.8999999762
52834  -32.439  -28.909  68.597 0.8999999762
52855  -29.874  -28.123  67.588 0.8999999762
52856  -30.909  -28.302  67.098 0.8999999762
52877  -30.059  -27.962  66.050 0.8000000119
128441  -30.264  -28.052  66.797 0.8000000119
53664  -28.773  -27.175  82.693 0.1000000015
54740  -30.499  -26.428  83.684 0.2000000030
54728  -32.188  -26.028  84.384 0.2000000030
53665  -29.853  -26.906  82.829 0.1000000015
54754  -30.731  -26.826  82.549 0.1000000015
129070  -33.109  -26.201  84.023 0.1000000015
146129  -33.083  -26.436  84.338 0.3000000119
52592  -34.272  -27.040  83.705 0.3000000119
51567  -33.569  -28.928  82.147 0.6999999881
150688  -34.820  -28.567  83.256 0.4000000060
50440  -34.945  -29.868  81.789 0.8000000119
138137  -35.281  -30.254  81.476 0.6000000238
50465  -35.336  -30.724  80.782 0.6999999881
49306  -35.783  -31.228  80.239 0.6000000238
127645  -35.609  -31.652  78.943 0.8999999762
128575  -36.104  -31.490  79.765 0.8000000119
48149  -36.146  -31.738  78.304 0.8000000119
49368  -35.944  -31.719  77.298 0.8999999762
49422  -35.463  -31.246  74.931 0.8999999762
49402  -35.494  -31.364  75.905 0.8999999762
50581  -34.831  -30.764  74.475 1.0000000000
49439  -35.395  -31.160  73.943 1.0000000000
50598  -34.823  -30.757  73.498 1.0000000000
51737  -34.049  -29.799  71.599 0.8999999762
50613  -34.366  -30.212  72.291 0.8999999762
51749  -33.954  -29.828  69.954 0.8999999762
51774  -33.155  -29.446  68.722 0.8999999762
52833  -31.631  -28.570  68.418 0.8999999762
151325  -32.947  -29.547  68.051 0.8999999762
52857  -31.665  -28.672  67.456 0.8999999762
51788  -32.469  -29.508  66.843 0.8999999762
52858  -32.385  -29.126  67.775 0.8999999762
53940  -29.259  -27.694  65.666 0.6999999881
52878  -30.981  -28.462  66.158 0.8000000119
52879  -31.779  -28.952  66.430 0.8999999762
52906  -30.139  -28.116  65.007 0.8999999762
52907  -30.956  -28.671  65.178 0.8000000119
52908  -31.797  -29.394  65.339 0.8999999762
54741  -31.500  -26.295  83.545 0.2000000030
54743  -33.920  -26.438  83.447 0.1000000015
52605  -35.180  -27.626  83.401 0.3000000119
53655  -34.763  -26.865  83.202 0.2000000030
51569  -35.296  -28.953  82.782 0.5000000000
52606  -36.391  -28.366  82.644 0.2000000030
50442  -36.437  -30.659  81.344 0.5000000000
51582  -36.703  -30.084  82.007 0.5000000000
49307  -36.398  -31.253  80.297 0.6999999881
50466  -36.866  -30.985  80.783 0.5000000000
130989  -36.756  -31.661  78.147 0.8000000119
49327  -36.636  -31.540  79.465 0.6999999881
49385  -35.989  -31.665  76.294 0.8999999762
49403  -35.926  -31.553  75.441 0.8999999762
128851  -36.297  -31.589  75.879 0.8999999762
49423  -35.908  -31.441  74.479 1.0000000000
143561  -34.733  -30.650  71.679 0.8999999762
49472  -35.250  -30.981  72.108 0.8999999762
49440  -35.775  -31.280  73.483 1.0000000000
50630  -35.108  -30.790  71.108 0.8999999762
50629  -34.537  -30.355  70.628 0.8999999762
50653  -34.500  -30.255  69.577 0.8999999762
51759  -33.859  -29.988  69.038 0.8999999762
51789  -33.072  -29.900  67.307 0.8999999762
51775  -33.712  -30.117  67.945 0.8999999762
139791  -33.584  -30.233  67.007 0.8999999762
51801  -32.614  -29.964  65.713 0.8999999762
51802  -33.138  -30.157  66.454 0.8999999762
139797  -30.875  -28.965  64.217 0.6999999881
51821  -32.431  -29.969  64.636 0.8999999762
52920  -31.401  -29.686  63.369 0.8000000119
54742  -32.491  -26.295  83.336 0.1000000015
50444  -38.262  -30.229  80.889 0.4000000060
49309  -37.839  -30.964  79.796 0.5000000000
49349  -37.575  -31.285  78.741 0.6000000238
49369  -37.042  -31.600  77.392 0.8999999762
49370  -37.641  -31.167  77.424 0.8000000119
144828  -36.321  -31.330  74.574 0.8999999762
49386  -36.717  -31.417  75.817 0.8999999762
131672  -36.187  -31.272  73.889 1.0000000000
50615  -35.640  -30.962  71.816 0.8999999762
50631  -35.228  -30.549  70.469 0.8999999762
50654  -34.787  -30.340  69.240 0.8999999762
50669  -34.743  -30.260  68.499 0.8999999762
50668  -34.350  -30.235  68.689 0.8999999762
50685  -34.335  -30.262  67.982 0.8999999762
51790  -34.118  -30.330  67.241 0.8999999762
151187  -33.222  -30.221  65.751 0.8999999762
51803  -33.748  -30.245  66.327 0.8999999762
51822  -33.021  -30.204  65.044 0.8999999762
52935  -30.956  -29.725  62.838 0.8000000119
51836  -31.500  -29.793  62.977 0.8000000119
143364  -32.059  -29.820  63.624 0.8999999762
51837  -32.833  -29.984  64.359 0.8999999762
52947  -30.638  -29.524  62.188 0.6999999881
51850  -31.191  -29.663  62.560 0.6999999881
51851  -31.660  -29.741  62.904 0.8000000119
52948  -30.675  -29.349  61.723 0.6000000238
149542  -37.845  -31.088  77.895 0.6000000238
50566  -37.208  -30.934  75.604 0.8999999762
50547  -38.028  -30.654  76.956 0.8999999762
50582  -36.613  -31.001  74.283 0.8999999762
50583  -37.100  -30.672  74.822 0.8999999762
50616  -36.179  -30.843  72.520 0.8999999762
150580  -35.479  -30.645  71.168 0.8999999762
50642  -35.730  -30.085  70.819 0.8999999762
50641  -35.070  -30.400  69.682 0.8999999762
145913  -35.397  -30.133  70.094 0.8999999762
51791  -34.660  -30.024  67.761 0.8999999762
51804  -34.360  -29.962  66.808 0.8999999762
51823  -33.528  -30.122  65.435 0.8999999762
51838  -33.266  -30.018  64.730 0.8999999762
52922  -32.704  -29.752  63.970 0.8000000119
146995  -31.353  -29.489  62.390 0.8000000119
52936  -32.196  -29.501  63.303 0.6999999881
51645  -38.445  -29.926  76.623 0.8000000119
50528  -38.191  -30.743  77.698 0.6999999881
149742  -37.416  -29.975  74.701 0.8999999762
50584  -37.593  -30.216  75.361 0.8999999762
51720  -36.467  -29.914  72.311 0.8999999762
51738  -36.304  -29.348  71.561 0.8999999762
51750  -35.647  -29.418  70.229 0.8999999762
51760  -35.329  -29.815  69.395 0.8999999762
51792  -34.948  -29.437  68.134 0.8999999762
52859  -34.682  -29.171  67.405 0.8999999762
53890  -34.658  -28.106  67.714 0.8999999762
51824  -34.052  -29.800  65.979 0.8999999762
52880  -34.087  -28.851  65.986 0.8999999762
52923  -33.261  -29.301  64.492 0.8999999762
53941  -33.617  -28.340  65.345 0.8000000119
53965  -32.648  -28.546  63.883 0.8000000119
53983  -32.217  -27.593  63.557 0.8000000119
53982  -31.881  -28.991  62.731 0.6999999881
146845  -32.199  -28.549  63.207 0.6999999881
55019  -31.728  -27.638  62.889 0.6999999881
54012  -30.686  -28.579  61.348 0.4000000060
52958  -31.285  -28.589  62.015 0.6000000238
135721  -31.459  -26.429  62.951 0.6999999881
55050  -30.373  -27.326  60.892 0.5000000000
134854  -30.623  -26.639  61.540 0.5000000000
55064  -30.082  -26.394  60.183 0.5000000000
55079  -30.255  -26.720  59.375 0.3000000119
51663  -38.187  -29.683  75.839 0.8000000119
51700  -37.541  -29.213  74.209 0.8000000119
51680  -37.897  -29.407  75.070 0.8999999762
51721  -36.860  -29.276  72.900 0.8999999762
52736  -37.400  -28.727  73.387 0.8999999762
52756  -37.161  -28.430  72.657 0.8999999762
132405  -35.999  -29.133  70.864 0.8999999762
52812  -35.572  -28.735  69.733 0.8999999762
52794  -35.937  -28.466  70.484 0.8999999762
53842  -36.430  -28.251  71.204 0.8999999762
56082  -38.488  -25.528  71.725 0.8999999762
57215  -38.833  -24.745  71.332 0.8999999762
52836  -35.292  -28.998  68.842 0.8999999762
132097  -35.446  -28.055  69.374 0.8999999762
56097  -37.382  -25.639  70.612 0.8000000119
56098  -38.068  -25.157  71.004 0.8000000119
52835  -34.921  -28.547  68.202 0.8999999762
56114  -37.038  -25.354  69.868 0.8000000119
57234  -37.702  -24.843  70.218 0.8000000119
57235  -38.475  -24.416  70.560 0.8000000119
53910  -34.333  -28.159  66.931 0.8999999762
57256  -36.704  -25.174  69.286 0.8000000119
53909  -33.888  -27.601  66.188 0.8000000119
57279  -36.642  -24.739  68.725 0.8000000119
57281  -37.814  -23.776  68.978 0.8000000119
134255  -33.102  -27.725  64.749 0.8000000119
57280  -37.174  -24.157  68.611 0.8000000119
54999  -32.493  -26.837  64.264 0.6999999881
57294  -36.571  -24.140  67.947 0.8000000119
58469  -37.494  -23.476  68.098 0.6999999881
55020  -31.892  -26.555  63.548 0.6999999881
57310  -36.154  -23.807  67.078 0.6999999881
57295  -36.926  -23.385  67.326 0.6999999881
58483  -37.541  -22.959  67.441 0.6999999881
56207  -31.135  -25.728  62.590 0.5000000000
58499  -36.558  -23.153  66.553 0.6999999881
56218  -30.324  -25.877  60.999 0.5000000000
56243  -30.417  -25.751  59.522 0.4000000060
55091  -31.207  -26.747  58.424 0.3000000119
54057  -31.841  -27.540  57.783 0.3000000119
53011  -34.283  -28.155  57.913 0.3000000119
130659  -34.870  -27.718  58.418 0.3000000119
140036  -36.411  -28.861  59.421 0.3000000119
52974  -36.882  -28.358  60.014 0.3000000119
52705  -38.570  -28.867  75.502 0.6999999881
56036  -42.947  -25.119  74.845 0.3000000119
52737  -38.025  -28.244  73.885 0.8999999762
56054  -42.129  -25.082  74.203 0.5000000000
52774  -36.783  -28.325  71.964 0.8999999762
56052  -40.034  -25.778  73.379 0.6999999881
56053  -40.698  -25.468  73.619 0.6999999881
56068  -40.393  -25.118  73.034 0.6999999881
53843  -36.973  -27.625  71.661 0.8999999762
148180  -37.833  -26.950  72.215 0.8999999762
56066  -38.919  -25.834  72.401 0.8999999762
56067  -39.642  -25.456  72.700 0.8000000119
56069  -41.302  -24.887  73.461 0.5000000000
57180  -42.261  -24.438  73.592 0.4000000060
53864  -35.847  -27.628  70.036 0.8999999762
53853  -36.286  -27.692  70.693 0.8999999762
53854  -36.760  -27.277  71.143 0.8999999762
54906  -38.182  -26.367  72.140 0.8999999762
56081  -37.733  -25.971  71.392 0.8999999762
56083  -39.235  -25.108  72.033 0.8999999762
57217  -40.413  -24.072  71.958 0.8999999762
129478  -40.817  -24.468  72.658 0.8000000119
53875  -35.143  -27.855  68.807 0.8999999762
53863  -35.529  -27.163  69.329 0.8999999762
54919  -36.434  -26.928  70.511 0.8999999762
54920  -37.079  -26.454  70.938 0.8999999762
57216  -39.623  -24.390  71.636 0.8999999762
53874  -34.849  -27.658  68.242 0.8999999762
54932  -36.093  -26.612  69.821 0.8999999762
54933  -36.717  -26.104  70.233 0.8000000119
57236  -39.255  -24.018  70.898 0.8000000119
54948  -34.587  -27.094  67.724 0.8000000119
54959  -34.925  -26.195  68.030 0.8000000119
56134  -35.485  -25.811  68.471 0.8000000119
56135  -36.166  -25.452  68.899 0.8000000119
57258  -38.132  -24.113  69.765 0.8000000119
57259  -38.920  -23.699  70.121 0.8000000119
54968  -34.123  -26.869  66.915 0.8000000119
56148  -34.568  -26.076  67.380 0.8000000119
58454  -38.629  -23.424  69.325 0.6999999881
54982  -33.429  -26.911  65.612 0.8000000119
54967  -33.818  -26.624  66.288 0.8000000119
126328  -34.765  -25.362  67.053 0.8000000119
56149  -35.215  -25.386  67.679 0.8000000119
56150  -35.948  -24.981  68.222 0.8000000119
55000  -32.973  -26.539  65.005 0.8000000119
56177  -33.378  -25.691  65.394 0.8000000119
128076  -35.176  -24.856  67.079 0.6999999881
58484  -38.146  -22.761  67.795 0.6999999881
56186  -32.192  -25.512  63.991 0.6999999881
56187  -32.804  -25.697  64.711 0.6999999881
57309  -35.449  -24.240  66.737 0.6999999881
57357  -30.870  -25.115  62.181 0.5000000000
57346  -31.830  -24.835  63.461 0.5000000000
57328  -35.116  -23.968  66.014 0.6999999881
58498  -35.822  -23.552  66.305 0.6999999881
57382  -30.477  -24.901  60.605 0.4000000060
58514  -35.508  -23.305  65.574 0.6999999881
58515  -36.202  -22.926  65.825 0.6999999881
56227  -30.251  -25.500  60.207 0.4000000060
56262  -30.841  -26.135  58.810 0.3000000119
56263  -31.735  -26.231  58.419 0.3000000119
54045  -31.869  -26.938  58.027 0.3000000119
54059  -33.574  -27.738  57.761 0.3000000119
54046  -33.505  -26.888  58.041 0.3000000119
57400  -39.769  -25.025  59.085 0.3000000119
126975  -34.233  -27.322  58.152 0.3000000119
53000  -35.566  -27.948  58.840 0.3000000119
54034  -35.947  -27.231  59.341 0.3000000119
54035  -36.560  -27.347  59.941 0.3000000119
55082  -36.994  -26.180  60.094 0.3000000119
57164  -42.813  -24.636  74.205 0.3000000119
53829  -37.461  -27.559  72.289 0.8999999762
57181  -43.237  -24.060  73.742 0.3000000119
53830  -38.237  -27.070  72.732 0.8999999762
54894  -39.345  -26.156  73.024 0.8999999762
57197  -41.669  -24.158  72.905 0.6000000238
57198  -42.522  -23.799  73.061 0.6000000238
57199  -43.257  -23.498  73.103 0.4000000060
57218  -41.198  -23.800  72.245 0.8000000119
58409  -41.994  -23.495  72.416 0.6999999881
57237  -40.074  -23.664  71.224 0.8000000119
58440  -39.760  -23.347  70.420 0.8000000119
56162  -34.209  -25.797  66.600 0.8000000119
58455  -39.440  -23.070  69.635 0.8000000119
58470  -38.350  -23.119  68.541 0.6999999881
147608  -33.194  -25.016  64.952 0.6999999881
56178  -33.997  -25.174  65.933 0.6999999881
56163  -34.705  -24.779  66.470 0.6999999881
58471  -39.160  -22.765  68.876 0.6999999881
57336  -32.771  -24.791  64.449 0.6999999881
57326  -33.719  -24.722  65.313 0.6999999881
57327  -34.410  -24.364  65.672 0.6999999881
59582  -37.996  -22.459  67.076 0.6999999881
59569  -38.937  -22.462  68.102 0.6999999881
57347  -32.384  -24.456  63.795 0.6999999881
57348  -33.039  -23.994  64.103 0.6000000238
58530  -33.752  -23.645  64.380 0.6999999881
58513  -34.785  -23.636  65.315 0.6999999881
59600  -37.011  -22.461  65.979 0.6999999881
59583  -38.746  -22.151  67.356 0.6999999881
57358  -31.359  -24.763  62.760 0.5000000000
57359  -31.973  -24.137  63.143 0.5000000000
58554  -31.705  -23.840  62.251 0.5000000000
58543  -32.649  -23.716  63.408 0.5000000000
58555  -32.889  -23.107  62.813 0.6999999881
58545  -34.110  -23.079  64.070 0.6999999881
58532  -35.181  -23.005  64.874 0.6999999881
59617  -35.884  -22.698  65.142 0.6999999881
59618  -36.502  -22.416  65.372 0.6999999881
59619  -37.656  -21.862  65.763 0.6999999881
59601  -37.790  -22.162  66.379 0.6999999881
57383  -30.902  -24.306  61.044 0.4000000060
58565  -31.347  -23.886  61.450 0.4000000060
146550  -32.307  -23.564  62.768 0.5000000000
59649  -33.552  -22.617  62.852 0.6999999881
59650  -34.127  -22.630  63.490 0.6999999881
59664  -35.040  -21.733  62.985 0.6999999881
59651  -35.352  -22.074  63.727 0.6999999881
59652  -36.106  -21.840  64.027 0.6999999881
60707  -36.905  -21.575  64.323 0.6999999881
56244  -30.992  -25.216  59.088 0.4000000060
131625  -30.971  -24.253  60.153 0.4000000060
58573  -31.410  -23.719  60.672 0.5000000000
60742  -34.714  -21.487  62.021 0.6000000238
60727  -35.834  -21.530  63.287 0.6999999881
60728  -36.652  -21.329  63.563 0.6999999881
148460  -31.494  -25.560  58.679 0.4000000060
57398  -31.315  -24.474  59.421 0.4000000060
58581  -31.662  -23.754  59.817 0.4000000060
60754  -34.909  -21.148  61.109 0.6000000238
141653  -35.360  -21.040  61.730 0.6999999881
60755  -36.052  -20.767  61.958 0.6999999881
55092  -32.638  -26.504  58.169 0.3000000119
57413  -32.694  -24.626  58.676 0.4000000060
56264  -33.434  -25.174  58.562 0.4000000060
60763  -35.189  -21.198  60.222 0.6000000238
60764  -35.830  -20.964  60.035 0.6000000238
61781  -36.462  -20.625  60.329 0.6000000238
135225  -32.463  -25.555  58.505 0.3000000119
55093  -33.468  -26.018  58.404 0.3000000119
56265  -34.230  -25.515  58.605 0.3000000119
57415  -34.214  -24.303  58.615 0.4000000060
56266  -35.740  -24.943  58.804 0.3000000119
56267  -36.731  -25.273  59.001 0.3000000119
57401  -40.659  -24.739  59.184 0.3000000119
56250  -41.117  -25.185  59.711 0.3000000119
55094  -34.349  -26.443  58.486 0.3000000119
56245  -35.109  -25.774  58.871 0.3000000119
56246  -35.993  -25.790  59.278 0.3000000119
57418  -37.287  -24.561  58.578 0.3000000119
57421  -40.143  -24.235  58.685 0.3000000119
58585  -41.870  -23.891  59.024 0.3000000119
55095  -35.049  -26.560  58.776 0.3000000119
55080  -35.632  -26.467  59.173 0.3000000119
57404  -43.012  -24.181  59.691 0.3000000119
57385  -43.426  -24.601  60.230 0.3000000119
57165  -43.578  -24.540  74.607 0.4000000060
57182  -44.194  -23.935  74.269 0.4000000060
58395  -44.004  -23.458  73.450 0.4000000060
148786  -41.574  -23.297  71.841 0.6999999881
58427  -43.369  -22.631  71.967 0.6999999881
59529  -43.905  -22.088  71.424 0.6000000238
58441  -40.717  -22.977  70.694 0.8000000119
58425  -41.538  -22.899  71.223 0.6999999881
59527  -42.211  -22.498  70.970 0.5000000000
59547  -43.580  -21.783  70.635 0.4000000060
59548  -44.340  -21.632  71.019 0.6999999881
58456  -40.264  -22.721  69.894 0.6999999881
59544  -41.014  -22.434  70.006 0.6999999881
59558  -39.991  -22.440  69.137 0.6999999881
59584  -39.581  -21.844  67.558 0.6999999881
59620  -38.380  -21.603  65.940 0.6999999881
60688  -38.116  -21.470  65.244 0.6999999881
58566  -31.850  -23.355  61.359 0.5000000000
59661  -32.361  -23.145  62.097 0.5000000000
59662  -33.058  -22.481  62.036 0.5000000000
150058  -33.640  -22.255  62.350 0.6999999881
59663  -34.219  -22.107  62.713 0.6999999881
60708  -37.794  -21.317  64.540 0.6999999881
59677  -32.456  -22.741  61.208 0.5000000000
59678  -33.086  -22.144  61.013 0.6000000238
60752  -33.791  -21.775  60.697 0.5000000000
60753  -34.306  -21.508  61.214 0.5000000000
60744  -36.358  -21.018  62.800 0.6999999881
60745  -37.227  -20.832  63.051 0.6999999881
57399  -32.110  -24.083  59.087 0.4000000060
58582  -32.540  -23.303  59.514 0.4000000060
59709  -33.138  -22.772  59.610 0.4000000060
59693  -33.373  -22.246  60.069 0.4000000060
59694  -34.083  -21.981  59.777 0.5000000000
61757  -36.952  -20.643  62.214 0.6999999881
58584  -34.198  -23.093  58.810 0.4000000060
60771  -34.829  -21.748  59.515 0.4000000060
60772  -35.588  -21.485  59.386 0.4000000060
60773  -36.418  -21.099  59.328 0.5000000000
57414  -33.537  -24.415  58.638 0.4000000060
58598  -33.860  -23.763  58.711 0.4000000060
58599  -34.826  -23.764  58.609 0.4000000060
58600  -35.845  -23.958  58.499 0.3000000119
59727  -36.202  -22.461  58.543 0.3000000119
60781  -36.875  -21.732  58.533 0.3000000119
61789  -37.127  -20.498  59.724 0.5000000000
57417  -36.477  -24.536  58.610 0.3000000119
137540  -36.779  -23.819  58.369 0.3000000119
58602  -37.700  -23.731  58.327 0.3000000119
59729  -38.637  -22.181  58.157 0.3000000119
58605  -40.480  -23.280  58.446 0.3000000119
59730  -39.447  -22.239  58.095 0.3000000119
58606  -41.460  -23.256  58.645 0.3000000119
148695  -42.842  -23.109  59.079 0.3000000119
58576  -44.511  -23.596  60.114 0.3000000119
150802  -41.464  -21.868  58.334 0.3000000119
59713  -43.400  -22.532  59.154 0.3000000119
60785  -42.845  -21.112  58.686 0.3000000119
59695  -44.800  -22.714  59.931 0.3000000119
60776  -44.492  -21.207  59.580 0.3000000119
59545  -41.625  -22.440  70.461 0.6000000238
150467  -45.496  -21.455  72.183 0.4000000060
59560  -41.733  -21.913  69.578 0.6000000238
60590  -43.435  -21.457  69.705 0.6999999881
131973  -44.104  -21.431  70.333 0.6999999881
59559  -40.833  -22.204  69.332 0.6000000238
60602  -44.208  -21.089  69.826 0.6000000238
59570  -39.784  -22.158  68.339 0.6999999881
59571  -40.632  -21.867  68.561 0.6000000238
59572  -41.366  -21.732  68.804 0.6999999881
59585  -40.473  -21.602  67.706 0.6999999881
59603  -39.395  -21.594  66.825 0.6999999881
60637  -40.255  -21.416  66.902 0.6999999881
60665  -39.251  -21.408  66.113 0.6999999881
60709  -38.712  -21.107  64.678 0.6999999881
60689  -39.042  -21.237  65.381 0.6999999881
61740  -38.132  -20.676  63.251 0.6999999881
60729  -37.507  -21.097  63.808 0.6999999881
61758  -37.878  -20.487  62.426 0.6999999881
61782  -37.247  -20.304  60.665 0.6999999881
61774  -37.566  -20.347  61.582 0.6999999881
60782  -38.326  -21.450  58.315 0.3000000119
146051  -37.644  -21.375  58.515 0.4000000060
60774  -37.282  -20.907  58.924 0.5000000000
61799  -38.048  -20.770  58.612 0.5000000000
60783  -39.107  -21.523  58.130 0.3000000119
133263  -39.911  -21.595  58.036 0.3000000119
133262  -40.743  -21.704  58.141 0.3000000119
60784  -42.163  -21.633  58.506 0.3000000119
60775  -43.668  -21.437  59.096 0.3000000119
148282  -44.057  -20.655  59.340 0.4000000060
59546  -42.601  -21.964  70.273 0.6999999881
60600  -42.609  -21.588  69.399 0.6999999881
60616  -42.203  -21.459  68.603 0.6999999881
130173  -42.984  -21.309  68.900 0.8000000119
60601  -43.520  -21.052  68.919 0.6999999881
60615  -41.430  -21.425  67.909 0.6999999881
60617  -42.842  -21.110  68.109 0.6999999881
61667  -43.673  -20.608  68.694 0.6999999881
146364  -44.013  -20.089  68.969 0.6000000238
60640  -42.342  -21.010  67.311 0.8999999762
61686  -42.848  -20.535  67.588 0.8999999762
62763  -43.395  -19.583  68.510 0.8000000119
60666  -40.002  -21.300  66.291 0.6999999881
60668  -41.489  -21.030  66.544 0.8000000119
61706  -42.274  -20.630  66.835 0.8999999762
62778  -43.003  -19.818  67.723 0.8999999762
60690  -40.020  -21.085  65.624 0.6999999881
60691  -40.665  -20.881  65.618 0.6999999881
62803  -41.479  -20.341  65.802 0.8999999762
128169  -39.629  -20.893  64.787 0.6999999881
60710  -40.315  -20.798  65.134 0.6999999881
61718  -40.862  -20.387  65.159 0.8000000119
62802  -41.259  -20.005  65.308 0.8999999762
61741  -39.090  -20.537  63.450 0.6999999881
60731  -39.147  -20.840  64.180 0.6999999881
61742  -39.703  -20.551  64.027 0.6999999881
61730  -40.223  -20.507  64.538 0.6999999881
61759  -38.708  -20.290  62.664 0.6999999881
62846  -37.912  -19.920  61.013 0.6999999881
61775  -38.305  -20.090  61.888 0.6999999881
62863  -37.694  -19.935  60.080 0.5000000000
62847  -38.339  -19.524  61.430 0.6999999881
61790  -37.855  -20.183  59.212 0.5000000000
150416  -38.092  -19.619  59.635 0.5000000000
61800  -38.597  -20.064  58.663 0.5000000000
142817  -38.795  -20.820  58.321 0.4000000060
150157  -39.227  -20.304  58.328 0.4000000060
134038  -41.362  -21.011  58.283 0.3000000119
138904  -42.160  -20.845  58.490 0.3000000119
61803  -42.640  -20.309  58.614 0.4000000060
62875  -43.173  -19.704  58.822 0.4000000060
141742  -43.701  -19.282  69.247 0.6999999881
62777  -42.587  -20.008  66.939 1.0000000000
63829  -42.298  -19.244  67.468 0.8999999762
63819  -43.102  -18.749  69.027 0.6999999881
62789  -42.038  -20.212  66.302 0.8999999762
63837  -41.796  -19.364  66.686 1.0000000000
63818  -42.655  -19.015  68.267 0.8999999762
64822  -42.333  -18.064  68.823 0.8999999762
62812  -40.446  -20.049  64.345 0.8000000119
143281  -41.673  -18.663  67.353 1.0000000000
61743  -40.088  -20.196  63.959 0.6999999881
63846  -40.913  -19.435  65.469 0.8999999762
63836  -41.004  -18.940  66.213 1.0000000000
62834  -38.831  -19.763  62.332 0.6999999881
145775  -39.694  -20.165  63.443 0.6999999881
62820  -39.976  -19.869  63.701 0.6999999881
62835  -39.409  -19.682  63.001 0.6999999881
62857  -38.188  -19.331  60.367 0.6000000238
128564  -38.597  -19.157  61.816 0.6999999881
63875  -38.900  -19.078  62.421 0.6999999881
61791  -38.365  -19.653  59.137 0.6000000238
62864  -38.454  -19.136  59.495 0.6000000238
62871  -39.339  -19.631  58.492 0.5000000000
63897  -38.874  -18.543  59.194 0.4000000060
63903  -39.503  -18.724  58.676 0.4000000060
61801  -40.828  -20.000  58.263 0.4000000060
63905  -41.167  -18.559  58.521 0.4000000060
62873  -41.502  -19.339  58.452 0.4000000060
63907  -42.850  -19.058  58.735 0.4000000060
64815  -42.428  -17.340  69.704 0.8000000119
63828  -41.162  -18.376  66.926 1.0000000000
64829  -41.282  -17.789  67.657 0.8999999762
64821  -41.786  -17.169  68.947 0.6999999881
63856  -40.065  -19.381  64.348 0.8999999762
151128  -40.348  -19.179  65.076 0.8999999762
64828  -40.762  -17.515  67.095 1.0000000000
130613  -41.299  -16.982  68.233 0.8999999762
65928  -41.630  -16.319  68.759 0.8000000119
63866  -39.485  -19.135  63.617 0.6999999881
129144  -39.477  -18.356  64.161 0.8999999762
64847  -39.814  -17.705  65.312 0.8999999762
64838  -40.003  -17.314  65.923 1.0000000000
65941  -40.409  -16.757  66.658 1.0000000000
67085  -40.937  -15.946  67.081 0.8999999762
63865  -39.175  -18.232  63.393 0.6999999881
64868  -39.185  -17.304  63.836 0.8000000119
65948  -39.656  -16.881  65.244 1.0000000000
67102  -39.930  -16.060  64.946 1.0000000000
67103  -40.475  -15.617  65.430 1.0000000000
67094  -41.256  -15.272  66.556 0.8999999762
145300  -38.392  -18.654  61.011 0.6000000238
64876  -38.847  -18.126  62.600 0.6999999881
64867  -39.020  -17.495  63.083 0.8000000119
65955  -39.483  -16.611  64.440 1.0000000000
143707  -41.036  -15.188  65.797 0.8000000119
63893  -38.491  -18.518  59.993 0.6000000238
64896  -38.532  -17.767  60.466 0.6000000238
64885  -38.595  -17.517  61.842 0.6999999881
65969  -38.827  -17.135  62.476 0.8000000119
67120  -39.514  -15.800  62.985 0.8000000119
149367  -40.292  -15.304  64.020 1.0000000000
147244  -40.681  -14.936  64.022 1.0000000000
68173  -40.885  -15.118  65.154 1.0000000000
65995  -38.587  -16.949  61.028 0.6000000238
65982  -38.973  -16.180  61.452 0.8000000119
67153  -40.085  -15.184  61.292 0.8999999762
67121  -40.270  -15.164  63.392 1.0000000000
68199  -40.847  -14.667  63.480 1.0000000000
63898  -39.353  -18.045  59.042 0.4000000060
64902  -39.589  -17.312  59.336 0.5000000000
66003  -39.555  -16.556  59.855 0.5000000000
67176  -39.784  -15.617  60.689 0.6999999881
68212  -40.783  -14.620  61.774 0.8000000119
64911  -39.927  -17.927  58.733 0.4000000060
66004  -40.370  -16.611  59.429 0.5000000000
66005  -41.338  -16.439  59.334 0.6000000238
67185  -40.844  -15.847  59.801 0.6000000238
67178  -41.415  -15.182  60.182 0.6000000238
64912  -40.703  -17.863  58.657 0.4000000060
64913  -41.575  -17.808  58.664 0.4000000060
64904  -41.947  -17.027  58.931 0.6000000238
66006  -42.202  -16.342  59.424 0.6000000238
64905  -42.459  -17.778  58.840 0.4000000060
65937  -41.304  -16.104  67.905 0.6999999881
67086  -41.631  -15.268  67.412 0.6999999881
68187  -41.092  -14.778  64.616 0.8999999762
68174  -41.432  -14.692  65.304 0.8000000119
133122  -41.269  -14.431  63.956 0.8999999762
68228  -40.933  -14.726  60.888 0.6999999881
68200  -41.312  -14.236  63.193 0.8999999762
68257  -41.659  -14.471  60.664 0.6000000238
68213  -41.333  -14.135  62.298 0.8000000119
66007  -42.876  -17.094  59.335 0.5000000000
67179  -42.262  -15.594  59.839 0.6000000238
132111  -42.363  -14.731  60.276 0.6000000238
64898  -43.630  -17.025  59.920 0.5000000000
67180  -42.913  -15.380  60.049 0.5000000000
67077  -41.813  -15.511  68.409 0.6000000238
67067  -42.030  -15.694  69.442 0.6000000238
68162  -41.799  -14.829  66.712 0.6999999881
130078  -41.629  -14.737  66.055 0.8000000119
68175  -42.085  -14.209  65.566 0.6999999881
68188  -41.839  -14.141  64.644 0.8999999762
129378  -42.650  -13.610  65.116 0.8000000119
138379  -41.822  -13.626  61.995 0.8000000119
69363  -41.829  -13.718  62.828 0.8000000119
69391  -42.279  -13.915  60.725 0.8000000119
68258  -43.004  -13.963  60.422 0.6000000238
65999  -43.910  -16.436  60.361 0.5000000000
139263  -43.281  -14.788  60.308 0.5000000000
67181  -44.191  -14.994  60.618 0.5000000000
68230  -45.034  -14.645  61.000 0.5000000000
134447  -45.620  -15.196  61.606 0.4000000060
68153  -42.256  -14.884  68.078 0.6000000238
68136  -42.289  -15.071  69.082 0.6000000238
68154  -42.898  -14.328  67.793 0.6000000238
68163  -42.258  -14.352  66.360 0.6999999881
134302  -42.309  -14.603  67.169 0.6999999881
69318  -43.023  -13.982  66.768 0.6999999881
69328  -42.705  -13.814  65.910 0.6999999881
69329  -43.329  -13.115  65.307 0.8000000119
132711  -43.299  -13.442  66.029 0.6999999881
69339  -41.839  -13.860  63.713 0.8999999762
69340  -42.483  -13.475  64.210 0.8999999762
70527  -43.075  -12.858  63.792 0.6999999881
69364  -42.339  -13.242  62.381 0.8000000119
69352  -42.418  -13.329  63.319 0.6999999881
70515  -43.617  -12.611  64.584 0.6999999881
70535  -42.863  -12.783  62.833 0.6999999881
70536  -43.372  -12.335  62.355 0.6000000238
69392  -42.927  -13.305  60.774 0.6000000238
70569  -43.527  -12.759  60.900 0.6000000238
70550  -44.161  -12.146  61.165 0.6000000238
68259  -43.821  -14.102  60.430 0.6000000238
70570  -44.250  -12.809  60.694 0.6000000238
132674  -44.774  -12.381  60.849 0.5000000000
68260  -44.509  -14.174  60.631 0.5000000000
69395  -45.112  -13.728  60.772 0.5000000000
70571  -44.987  -12.925  60.683 0.5000000000
68231  -45.885  -14.204  61.358 0.4000000060
139353  -46.811  -14.305  61.624 0.4000000060
68137  -42.767  -14.597  68.812 0.6000000238
68127  -43.246  -14.325  69.923 0.6000000238
68138  -43.459  -14.109  68.583 0.6999999881
69302  -43.668  -13.791  67.584 0.6999999881
69303  -44.448  -13.213  67.535 0.6999999881
69319  -43.832  -13.366  66.716 0.6999999881
70502  -43.870  -12.944  65.927 0.6999999881
132062  -43.850  -12.667  65.290 0.6999999881
70503  -44.375  -12.415  65.629 0.6999999881
70516  -44.160  -12.314  64.971 0.6999999881
71614  -44.237  -12.007  64.315 0.6000000238
71602  -44.751  -11.784  65.021 0.6000000238
70528  -43.749  -12.249  63.700 0.6000000238
71624  -44.371  -11.634  63.426 0.6000000238
71615  -44.864  -11.381  64.072 0.6000000238
144965  -45.357  -11.194  64.613 0.6000000238
71639  -44.630  -11.427  62.386 0.6000000238
71625  -45.125  -11.099  63.145 0.6999999881
72698  -45.952  -10.713  62.893 0.6999999881
130580  -45.613  -10.809  63.805 0.6999999881
71656  -45.369  -11.536  61.653 0.6000000238
71641  -46.288  -11.209  62.146 0.6000000238
72699  -46.491  -10.505  63.596 0.6000000238
72714  -46.808  -10.727  62.811 0.6000000238
71627  -48.279  -11.100  63.289 0.6000000238
69380  -45.771  -13.162  61.032 0.4000000060
71657  -46.137  -11.853  61.551 0.6000000238
71658  -46.913  -11.929  61.876 0.6000000238
71642  -47.223  -11.329  62.419 0.6000000238
150820  -46.952  -13.156  61.661 0.5000000000
69381  -46.540  -13.498  61.484 0.4000000060
69269  -44.005  -13.901  70.755 0.6999999881
69270  -44.936  -13.478  70.317 0.6000000238
69285  -44.867  -13.455  69.203 0.6000000238
70447  -45.139  -13.100  68.507 0.6999999881
70465  -45.277  -12.649  67.649 0.6999999881
70448  -46.254  -12.482  68.834 0.6999999881
70467  -46.948  -11.737  68.524 0.6999999881
71564  -46.269  -11.585  67.392 0.6999999881
72634  -47.531  -10.481  67.352 0.6000000238
70487  -45.469  -12.125  66.935 0.6999999881
71584  -45.814  -11.490  66.400 0.6999999881
71585  -46.618  -11.002  66.873 0.6999999881
125422  -47.732  -10.067  66.434 0.6000000238
71583  -45.076  -12.005  65.990 0.6999999881
142829  -46.977  -10.529  66.356 0.6000000238
71603  -45.534  -11.335  65.433 0.6999999881
71604  -46.301  -10.864  65.850 0.6000000238
130848  -47.128  -10.255  65.390 0.6000000238
72668  -46.162  -10.663  64.699 0.6999999881
69247  -45.494  -12.597  72.834 0.4000000060
69259  -45.940  -12.915  71.510 0.5000000000
69271  -45.907  -12.992  69.891 0.6999999881
72669  -48.029  -9.824  65.595 0.6000000238
132797  -48.079  -10.335  63.968 0.6000000238
72685  -48.803  -10.091  64.510 0.6000000238
51528  -20.827  -30.370  87.306 0.3000000119
70553  -47.365  -12.814  61.739 0.5000000000
69382  -47.294  -13.631  61.507 0.4000000060
138038  -47.932  -11.524  62.760 0.6000000238
71643  -48.537  -11.765  62.778 0.6000000238
72700  -47.394  -10.546  63.406 0.6000000238
72684  -47.957  -9.940  64.780 0.6000000238
71628  -49.125  -11.490  63.398 0.6000000238
72701  -48.976  -10.922  63.934 0.6000000238
73701  -48.739  -9.645  66.474 0.5000000000
42645  -6.039  -37.168  85.383 0.1000000015
41571  -6.806  -38.329  83.895 0.1000000015
42652  -5.954  -37.282  84.053 0.1000000015
43688  -5.362  -36.767  83.487 0.1000000015
43683  -4.752  -36.283  84.114 0.1000000015
42661  -5.941  -37.289  82.020 0.1000000015
43693  -5.364  -36.702  82.426 0.1000000015
41593  -6.767  -38.484  81.372 0.1000000015
41604  -6.760  -38.437  80.589 0.1000000015
41605  -7.058  -38.989  80.959 0.1000000015
43701  -5.856  -36.942  80.052 0.1000000015
41617  -6.740  -38.282  79.639 0.1000000015
41618  -7.196  -39.000  79.340 0.1000000015
41628  -6.943  -38.508  78.852 0.1000000015
128993  -6.192  -36.911  78.167 0.1000000015
45721  -1.998  -33.852  83.778 0.1000000015
48078  -3.155  -32.558  83.871 0.3000000119
135391  -5.434  -36.566  81.485 0.1000000015
44698  -5.184  -35.287  80.086 0.3000000119
43703  -5.654  -35.895  79.014 0.1000000015
44703  -5.793  -35.317  78.591 0.3000000119
44704  -6.158  -35.327  77.861 0.2000000030
44712  -6.529  -35.218  77.070 0.2000000030
138843  -6.829  -36.650  76.026 0.2000000030
42703  -15.305  -36.452  75.913 0.2000000030
48095  -4.632  -32.466  83.141 0.3000000119
44691  -3.829  -34.494  81.840 0.2000000030
45747  -4.338  -34.184  81.286 0.2000000030
142368  -5.245  -32.608  82.191 0.3000000119
48107  -5.150  -32.906  81.472 0.2000000030
46898  -5.143  -33.300  80.952 0.3000000119
46916  -4.874  -33.879  80.783 0.3000000119
45769  -5.509  -34.542  79.502 0.3000000119
44722  -7.000  -35.070  76.361 0.3000000119
45807  -6.948  -34.528  77.002 0.3000000119
42711  -8.228  -37.419  74.054 0.1000000015
43731  -8.612  -36.678  74.261 0.3000000119
43739  -11.282  -36.450  72.993 0.1000000015
48037  -6.129  -31.723  86.407 0.3000000119
127578  -7.138  -32.600  82.882 0.4000000060
48048  -22.499  -32.962  86.613 0.8000000119
147458  -22.468  -33.561  84.207 0.8999999762
46870  -23.713  -33.646  84.694 0.8000000119
127252  -7.037  -33.359  79.146 0.4000000060
46936  -7.802  -33.302  79.425 0.4000000060
46887  -21.523  -33.546  82.819 0.8000000119
144322  -23.723  -33.641  83.915 0.8000000119
46889  -23.266  -33.624  83.173 0.8999999762
45796  -8.482  -34.338  77.221 0.3000000119
46927  -22.174  -33.573  80.493 0.8999999762
147250  -22.985  -33.535  80.590 0.8999999762
46909  -25.358  -33.795  81.711 1.0000000000
46941  -21.832  -33.569  79.704 0.8999999762
46961  -22.317  -33.471  78.944 0.8999999762
129746  -24.851  -33.431  80.249 1.0000000000
46962  -23.977  -33.119  78.950 1.0000000000
43726  -9.185  -36.137  74.725 0.3000000119
46979  -22.399  -33.383  78.021 1.0000000000
125510  -23.084  -33.094  77.661 1.0000000000
43738  -10.532  -36.593  73.486 0.1000000015
41686  -16.248  -38.283  74.503 0.2000000030
42732  -15.790  -37.221  74.381 0.2000000030
137150  -16.314  -37.385  75.939 0.2000000030
46999  -22.977  -32.970  76.772 1.0000000000
48178  -23.836  -32.663  76.422 1.0000000000
140197  -23.005  -32.351  74.599 1.0000000000
49215  -21.091  -31.767  87.236 0.6999999881
147757  -21.997  -32.565  87.027 0.6999999881
50333  -22.248  -31.406  87.105 0.4000000060
138219  -27.012  -31.610  83.573 0.2000000030
48070  -26.921  -32.623  85.175 0.4000000060
48052  -27.920  -32.839  85.590 0.6999999881
46899  -8.675  -33.407  81.562 0.4000000060
46886  -20.779  -33.473  82.452 0.8000000119
48102  -20.281  -33.248  82.967 0.8000000119
45714  -25.922  -33.996  84.913 0.8000000119
142872  -26.228  -33.043  85.549 0.4000000060
46836  -26.745  -33.635  85.304 0.8000000119
140071  -21.182  -33.604  81.128 0.8999999762
46890  -25.100  -33.865  82.707 0.8999999762
45739  -25.685  -34.077  83.278 0.8999999762
129808  -27.275  -34.474  84.026 0.8000000119
125220  -9.061  -34.446  77.921 0.4000000060
46960  -21.481  -33.585  79.014 0.8999999762
46929  -25.623  -33.664  80.805 1.0000000000
45752  -26.962  -34.385  82.209 1.0000000000
44736  -10.064  -35.538  75.430 0.5000000000
46997  -21.351  -33.549  76.853 0.8999999762
44746  -11.540  -35.691  72.903 0.1000000015
150821  -22.545  -32.717  74.922 1.0000000000
43742  -14.396  -36.211  73.327 0.2000000030
43743  -14.817  -36.188  73.793 0.2000000030
48264  -22.385  -31.606  71.890 1.0000000000
48232  -23.388  -31.949  74.007 1.0000000000
132196  -23.581  -31.612  70.566 1.0000000000
49489  -20.906  -31.532  68.951 0.8999999762
131755  -21.001  -31.522  67.941 0.8999999762
49503  -22.600  -31.547  68.477 0.8999999762
142319  -21.031  -31.408  66.274 0.8000000119
49544  -21.493  -31.205  65.886 0.8000000119
48063  -9.102  -32.956  85.468 0.6000000238
46881  -9.402  -33.716  82.858 0.6999999881
48045  -20.426  -32.249  85.726 0.6000000238
48065  -20.755  -32.866  84.993 0.6999999881
46882  -10.119  -34.043  83.022 0.6999999881
48088  -25.419  -32.306  84.230 0.2000000030
46921  -9.523  -34.173  80.612 0.5000000000
46837  -27.523  -33.441  85.421 0.8000000119
144859  -28.606  -31.033  85.691 0.6999999881
130113  -28.327  -31.981  85.552 0.6999999881
146794  -9.684  -34.422  79.913 0.5000000000
46903  -19.875  -33.159  81.691 0.8000000119
45716  -27.625  -34.235  84.708 0.8000000119
46856  -28.038  -33.811  85.184 0.8000000119
46839  -29.220  -33.246  84.841 0.8999999762
46857  -28.770  -33.813  84.646 0.8999999762
149190  -28.992  -34.485  82.974 0.8999999762
46959  -20.592  -33.574  78.361 0.8999999762
145980  -21.128  -33.633  78.493 0.8999999762
135333  -28.288  -34.508  81.227 1.0000000000
40630  -16.430  -39.285  73.827 0.2000000030
134271  -25.040  -32.223  74.033 1.0000000000
44755  -13.842  -35.789  71.893 0.1000000015
44754  -13.342  -35.524  72.121 0.2000000030
48290  -20.245  -31.887  69.814 0.8999999762
147361  -20.078  -31.455  67.005 0.8999999762
49525  -19.460  -31.532  66.604 0.8000000119
48333  -19.053  -32.384  64.259 0.6000000238
45914  -18.276  -34.515  63.803 0.6000000238
49542  -19.560  -31.605  65.698 0.6999999881
47130  -18.970  -33.540  63.046 0.6000000238
132053  -19.221  -32.723  63.442 0.6000000238
49562  -19.615  -32.138  63.854 0.6000000238
49563  -20.212  -31.727  63.816 0.6000000238
47143  -19.623  -33.636  62.458 0.6000000238
130893  -19.974  -32.990  62.292 0.6000000238
50729  -21.480  -30.672  64.458 0.6000000238
50717  -22.302  -30.479  65.835 0.8000000119
45948  -20.861  -34.252  61.829 0.4000000060
44891  -21.201  -35.311  62.681 0.3000000119
47159  -21.083  -33.505  61.583 0.4000000060
48349  -20.962  -31.900  62.156 0.5000000000
49572  -21.235  -31.231  62.624 0.4000000060
48360  -21.237  -32.609  61.617 0.4000000060
45950  -22.332  -34.637  61.848 0.4000000060
51835  -22.268  -29.324  64.480 0.5000000000
126443  -23.021  -32.024  61.316 0.4000000060
48040  -9.179  -32.622  86.349 0.5000000000
45748  -10.799  -34.571  81.793 0.6000000238
150119  -19.120  -32.089  81.978 0.8000000119
49266  -19.267  -32.072  82.748 0.8000000119
49256  -26.194  -32.087  83.526 0.2000000030
48112  -19.084  -32.092  81.416 0.8000000119
49267  -22.866  -31.188  82.672 0.2000000030
49268  -23.566  -31.518  82.833 0.3000000119
49233  -29.461  -31.770  85.313 0.8000000119
48123  -19.057  -32.034  80.553 0.8000000119
48124  -19.594  -32.843  80.227 0.8000000119
48133  -19.117  -32.248  79.664 0.8000000119
141447  -19.976  -33.362  78.600 0.8999999762
129559  -18.662  -32.441  77.066 0.8999999762
46891  -29.680  -34.039  82.785 0.8999999762
141107  -10.524  -34.795  77.572 0.5000000000
46947  -27.574  -33.714  79.138 1.0000000000
127579  -20.160  -33.560  76.201 0.8999999762
46992  -10.625  -34.344  76.385 0.5000000000
148995  -20.167  -33.451  73.887 0.8999999762
40652  -15.795  -39.070  72.187 0.2000000030
48252  -25.340  -31.827  72.765 1.0000000000
40677  -15.679  -39.135  71.350 0.2000000030
48278  -19.707  -32.584  70.408 1.0000000000
48289  -19.474  -32.385  69.585 0.8999999762
150064  -24.754  -31.082  69.390 1.0000000000
48314  -17.965  -32.473  66.283 0.6999999881
47115  -17.853  -33.173  65.016 0.6000000238
136024  -24.078  -30.946  68.481 1.0000000000
43888  -17.995  -36.079  64.550 0.4000000060
50684  -24.070  -29.864  67.490 0.8999999762
52902  -22.788  -28.693  64.935 0.8000000119
51820  -23.165  -28.985  65.851 0.8999999762
48017  -12.228  -31.689  87.916 0.6000000238
46845  -10.759  -33.746  84.860 0.6999999881
46846  -11.535  -33.776  85.025 0.6999999881
46864  -11.458  -34.057  84.044 0.6999999881
50370  -17.549  -29.971  85.200 0.6000000238
50391  -17.822  -30.374  84.070 0.6000000238
51534  -20.567  -29.428  86.618 0.2000000030
125219  -18.020  -30.596  83.074 0.6999999881
50393  -21.904  -30.247  84.089 0.2000000030
53643  -28.464  -27.517  85.627 0.4000000060
134263  -17.704  -30.806  80.548 0.8000000119
50432  -21.283  -30.290  81.388 0.2000000030
49271  -26.706  -31.341  82.670 0.2000000030
49281  -22.943  -31.413  81.115 0.2000000030
49283  -24.681  -31.570  81.313 0.2000000030
49284  -25.604  -31.355  81.460 0.1000000015
50376  -30.286  -30.367  84.263 0.8999999762
49295  -18.050  -31.043  79.717 0.8000000119
48090  -30.102  -32.451  83.534 0.8999999762
49320  -23.559  -31.272  79.540 0.1000000015
46873  -29.900  -33.400  83.204 0.8999999762
49362  -17.657  -31.319  77.357 0.8000000119
45765  -28.982  -34.525  80.787 1.0000000000
46911  -29.898  -34.155  81.905 1.0000000000
142238  -19.160  -33.000  76.643 0.8999999762
45778  -29.411  -34.391  80.091 1.0000000000
143927  -30.178  -33.795  80.771 1.0000000000
127470  -18.918  -33.175  75.203 0.8999999762
145565  -19.252  -33.424  71.701 0.8999999762
47053  -18.867  -33.472  72.193 0.8999999762
146272  -27.511  -32.304  75.165 1.0000000000
48181  -27.583  -32.674  76.432 1.0000000000
138047  -25.760  -31.353  71.467 1.0000000000
42799  -14.802  -37.518  70.795 0.2000000030
147374  -15.008  -38.061  70.182 0.2000000030
45878  -16.595  -34.156  66.443 0.6000000238
135288  -16.233  -34.300  67.215 0.6999999881
42887  -17.199  -37.538  65.924 0.3000000119
41843  -16.691  -37.858  66.495 0.3000000119
50651  -25.292  -30.700  69.522 1.0000000000
45879  -16.950  -34.023  65.702 0.6999999881
46830  -12.263  -33.326  85.952 0.6000000238
48042  -12.696  -32.866  86.387 0.6000000238
131916  -13.265  -32.952  85.064 0.6000000238
132076  -16.321  -30.266  84.300 0.5000000000
46866  -12.846  -33.590  83.703 0.8000000119
143518  -16.403  -30.487  83.169 0.6999999881
126616  -12.359  -34.093  83.192 0.8000000119
50408  -16.453  -30.620  81.979 0.8000000119
52564  -19.582  -28.628  86.453 0.2000000030
51550  -20.683  -29.310  84.007 0.2000000030
50456  -16.419  -30.628  80.182 0.8000000119
45774  -11.828  -34.193  80.225 0.6999999881
50431  -20.663  -29.636  81.814 0.2000000030
50461  -26.380  -29.457  80.845 0.1000000015
53648  -29.902  -26.742  85.669 0.4000000060
46974  -11.462  -33.642  77.556 0.6000000238
46993  -11.016  -33.634  76.228 0.6000000238
126014  -28.881  -33.519  78.434 1.0000000000
48135  -30.307  -32.634  79.444 1.0000000000
47010  -11.204  -33.257  75.408 0.4000000060
49399  -17.193  -31.546  75.042 0.6999999881
48209  -18.489  -32.916  74.680 0.8999999762
49302  -30.951  -31.630  80.372 1.0000000000
48206  -11.474  -32.888  74.598 0.3000000119
133153  -17.905  -32.545  74.142 0.8999999762
48164  -28.721  -32.733  77.273 1.0000000000
48148  -30.267  -32.246  78.709 1.0000000000
47039  -11.388  -33.214  73.798 0.4000000060
48246  -17.636  -32.718  72.472 0.8999999762
48277  -17.268  -32.863  70.764 0.8000000119
49420  -28.253  -31.324  74.245 1.0000000000
47091  -15.668  -33.786  68.627 0.5000000000
43791  -14.441  -36.427  69.077 0.4000000060
40698  -15.755  -39.209  70.496 0.2000000030
43806  -14.666  -36.390  68.404 0.4000000060
40735  -16.161  -39.216  68.879 0.3000000119
44838  -16.453  -35.889  65.742 0.5000000000
48043  -13.340  -32.601  85.911 0.6000000238
49213  -14.172  -30.679  87.473 0.5000000000
50328  -15.118  -29.462  87.808 0.5000000000
144454  -15.390  -30.677  84.699 0.6000000238
50389  -15.760  -30.593  83.968 0.6999999881
125754  -18.016  -28.132  85.768 0.2000000030
48111  -13.382  -33.040  81.660 0.8000000119
49279  -15.017  -31.360  81.906 0.8000000119
49294  -15.171  -31.143  81.095 0.8000000119
52598  -19.347  -28.696  82.844 0.2000000030
51577  -26.293  -28.531  80.833 0.1000000015
52589  -31.780  -27.942  84.217 0.6999999881
51555  -31.167  -28.851  83.183 0.6999999881
48143  -13.361  -31.941  78.215 0.6999999881
49361  -16.153  -30.665  77.345 0.6999999881
49376  -12.585  -32.093  76.600 0.6000000238
50537  -15.578  -30.696  76.652 0.6999999881
49287  -30.823  -31.377  80.932 0.8000000119
51579  -32.044  -29.721  81.231 0.8000000119
49322  -31.822  -31.370  79.327 1.0000000000
49303  -33.008  -31.055  79.941 0.8999999762
48225  -11.776  -32.571  73.938 0.4000000060
49396  -13.392  -31.264  75.346 0.6000000238
47040  -11.984  -32.734  73.057 0.3000000119
48199  -29.276  -31.497  76.045 1.0000000000
50524  -31.178  -30.612  77.191 1.0000000000
49401  -29.445  -31.002  75.350 1.0000000000
50526  -33.250  -30.559  77.624 1.0000000000
45847  -13.427  -33.968  70.666 0.3000000119
51744  -27.216  -29.681  70.029 1.0000000000
51786  -25.467  -29.149  67.914 0.8999999762
142848  -14.582  -31.749  82.517 0.8000000119
48122  -13.885  -32.320  81.343 0.8000000119
49314  -13.738  -31.912  79.603 0.8000000119
52635  -26.379  -28.325  80.715 0.1000000015
52578  -32.023  -26.976  85.108 0.6999999881
143026  -14.338  -30.912  76.618 0.6999999881
49379  -14.884  -30.747  76.060 0.6999999881
132578  -22.124  -30.706  76.984 0.1000000015
50439  -33.736  -30.155  80.768 0.6999999881
49415  -14.727  -30.871  74.445 0.6999999881
125933  -14.949  -30.990  73.571 0.6999999881
49434  -13.936  -31.175  73.412 0.5000000000
48244  -13.269  -31.747  72.400 0.4000000060
49465  -13.921  -31.490  72.061 0.5000000000
49451  -13.760  -31.407  72.706 0.5000000000
48258  -14.136  -31.755  71.238 0.5000000000
149169  -14.479  -31.917  70.770 0.6000000238
47072  -13.884  -33.626  70.010 0.4000000060
51679  -33.447  -29.515  74.473 1.0000000000
52735  -32.135  -28.759  73.208 1.0000000000
53650  -32.418  -26.485  84.845 0.6000000238
126544  -33.309  -27.811  84.041 0.6000000238
51606  -20.285  -29.633  79.882 0.2000000030
52602  -32.970  -28.468  82.979 0.6999999881
50464  -34.398  -30.727  80.389 0.8000000119
52791  -30.659  -28.649  70.972 0.8999999762
140137  -31.908  -28.509  71.823 1.0000000000
52806  -28.122  -29.006  69.237 1.0000000000
128985  -30.030  -28.716  70.353 0.8999999762
52793  -32.509  -28.699  70.006 0.8999999762
53653  -33.249  -26.965  84.466 0.4000000060
52604  -34.660  -27.921  83.736 0.4000000060
51568  -34.716  -29.122  82.436 0.6000000238
49305  -35.127  -31.182  80.083 0.8000000119
50597  -34.229  -30.022  73.135 1.0000000000
144701  -35.151  -28.335  83.394 0.3000000119
50417  -35.448  -29.865  82.138 0.5000000000
49288  -36.028  -30.933  80.837 0.6000000238
50441  -35.781  -30.475  81.447 0.5000000000
49326  -35.641  -31.484  79.617 0.6999999881
139355  -36.404  -30.976  80.818 0.6000000238
126371  -36.111  -31.688  79.160 0.8000000119
49347  -36.515  -31.687  78.774 0.8000000119
48167  -36.486  -31.702  77.553 0.8999999762
49458  -35.325  -31.057  73.011 1.0000000000
125817  -35.692  -28.432  83.073 0.2000000030
51570  -36.052  -29.378  82.481 0.3000000119
50418  -36.068  -30.227  81.982 0.5000000000
51571  -36.871  -29.108  82.232 0.2000000030
49308  -37.111  -31.260  80.073 0.6000000238
50467  -37.638  -30.784  80.527 0.5000000000
127875  -37.417  -31.392  78.105 0.6999999881
49328  -37.353  -31.332  79.335 0.6000000238
135175  -36.547  -31.640  76.665 0.8999999762
49404  -36.298  -31.484  75.210 0.8999999762
49459  -35.719  -31.163  72.633 0.8999999762
50640  -34.904  -30.516  70.082 0.8999999762
143916  -30.789  -29.286  63.442 0.8000000119
52921  -31.683  -29.603  64.263 0.8000000119
137463  -38.039  -30.985  79.130 0.6000000238
49387  -37.318  -31.236  76.549 0.8999999762
49405  -36.688  -31.207  75.043 0.8999999762
50599  -36.428  -30.875  73.471 0.8999999762
50670  -35.082  -29.934  68.542 0.8999999762
50509  -38.112  -30.923  78.382 0.6000000238
50567  -37.792  -30.464  76.148 0.8999999762
50600  -36.927  -30.224  74.036 1.0000000000
51698  -36.643  -30.160  73.118 0.8999999762
50632  -36.011  -30.477  71.630 0.8999999762
52909  -33.699  -29.552  65.243 0.8999999762
50529  -38.792  -30.269  78.153 0.5000000000
52755  -36.674  -29.025  72.292 0.8999999762
52881  -34.374  -29.296  66.575 0.8999999762
55037  -30.812  -27.644  61.590 0.5000000000
55038  -31.090  -26.880  62.231 0.6000000238
56206  -30.698  -25.816  61.881 0.5000000000
56113  -36.409  -25.808  69.546 0.8000000119
57257  -37.309  -24.588  69.350 0.8000000119
57293  -35.739  -24.546  67.470 0.8000000119
56197  -31.581  -25.599  63.280 0.6000000238
58500  -37.280  -22.762  66.804 0.6999999881
139992  -35.030  -28.723  58.278 0.3000000119
52987  -36.233  -28.089  59.387 0.3000000119
57196  -39.992  -24.744  72.358 0.8999999762
149091  -37.449  -26.880  71.679 0.8999999762
54949  -35.119  -26.818  68.591 0.8999999762
54950  -35.769  -26.245  69.138 0.8000000119
56161  -33.741  -26.012  65.976 0.8000000119
57371  -31.050  -24.447  61.903 0.5000000000
57397  -30.631  -24.925  59.763 0.4000000060
54047  -35.321  -27.146  58.840 0.3000000119
55065  -36.827  -26.744  60.307 0.3000000119
55081  -36.364  -26.499  59.717 0.3000000119
135105  -36.634  -25.859  59.610 0.3000000119
135602  -40.899  -23.447  71.539 0.6999999881
57337  -33.434  -24.352  64.705 0.6999999881
57338  -34.096  -23.995  65.007 0.6999999881
58544  -33.447  -23.244  63.605 0.6999999881
58531  -34.460  -23.332  64.633 0.6999999881
59602  -38.565  -21.846  66.642 0.6999999881
59633  -34.787  -22.662  64.117 0.6999999881
59635  -36.347  -22.135  64.744 0.6999999881
59634  -35.613  -22.414  64.440 0.6999999881
59636  -37.146  -21.829  65.168 0.6999999881
132337  -34.711  -22.241  63.422 0.6999999881
58574  -32.023  -23.147  60.426 0.5000000000
60762  -34.482  -21.494  60.398 0.6000000238
60743  -35.547  -21.246  62.484 0.6999999881
61772  -35.726  -20.785  60.984 0.6999999881
61773  -36.664  -20.548  61.314 0.6000000238
140387  -34.059  -24.847  58.621 0.4000000060
57416  -34.797  -24.792  58.686 0.3000000119
147663  -35.304  -24.374  58.617 0.3000000119
57422  -41.048  -24.046  58.800 0.3000000119
57402  -41.487  -24.552  59.349 0.3000000119
147202  -34.776  -27.029  58.521 0.3000000119
57419  -38.242  -24.506  58.587 0.3000000119
144897  -39.758  -22.876  58.217 0.3000000119
58604  -39.559  -23.585  58.382 0.3000000119
58607  -42.247  -23.201  58.845 0.3000000119
57386  -44.196  -24.379  60.399 0.3000000119
58575  -43.767  -23.926  59.834 0.3000000119
56233  -43.851  -25.023  60.820 0.3000000119
58410  -42.856  -23.211  72.512 0.8000000119
58426  -42.332  -22.863  71.755 0.6999999881
59528  -42.998  -22.301  71.162 0.5000000000
138834  -44.571  -21.862  71.665 0.6000000238
59679  -33.777  -21.883  61.746 0.6999999881
59692  -32.709  -22.648  60.273 0.5000000000
58597  -33.001  -23.865  58.824 0.4000000060
58583  -33.408  -23.214  59.048 0.4000000060
59710  -33.771  -22.604  59.345 0.4000000060
59711  -34.501  -22.409  59.080 0.4000000060
59726  -34.869  -22.892  58.682 0.3000000119
140916  -35.555  -23.069  58.548 0.3000000119
59712  -35.346  -22.235  58.822 0.3000000119
60780  -36.057  -21.775  58.819 0.3000000119
58601  -36.300  -23.219  58.422 0.3000000119
131464  -37.093  -22.834  58.263 0.3000000119
59728  -37.777  -22.068  58.272 0.3000000119
136208  -38.146  -22.901  58.175 0.3000000119
59731  -40.240  -22.365  58.162 0.3000000119
59732  -41.935  -22.470  58.564 0.3000000119
136101  -41.067  -22.497  58.349 0.3000000119
58587  -43.273  -23.437  59.432 0.3000000119
58588  -44.017  -23.081  59.620 0.3000000119
57387  -44.990  -24.139  60.630 0.3000000119
150113  -42.425  -22.163  58.623 0.3000000119
59734  -42.892  -21.923  58.730 0.3000000119
58577  -45.290  -23.284  60.419 0.3000000119
59714  -44.273  -22.133  59.501 0.3000000119
60730  -38.404  -20.919  64.000 0.6999999881
134039  -40.377  -20.884  58.107 0.3000000119
134060  -39.549  -20.876  58.132 0.3000000119
61802  -41.799  -20.167  58.423 0.3000000119
61792  -43.441  -20.502  58.941 0.4000000060
130340  -42.187  -21.221  67.739 0.8000000119
61666  -43.266  -20.764  68.290 0.8000000119
61687  -43.432  -20.265  68.241 0.6000000238
60638  -41.115  -21.248  66.995 0.8000000119
142687  -41.965  -21.001  66.785 0.8999999762
60639  -41.816  -21.166  67.135 0.8999999762
60667  -40.753  -21.115  66.222 0.6999999881
60692  -41.207  -20.819  65.941 0.8000000119
61705  -41.774  -20.737  66.356 0.8999999762
62788  -41.547  -19.784  65.846 0.8999999762
144541  -39.290  -20.128  62.906 0.6999999881
132287  -39.896  -20.164  58.214 0.3000000119
62872  -40.103  -19.359  58.388 0.3000000119
62874  -42.350  -19.530  58.566 0.4000000060
63906  -42.136  -18.629  58.593 0.4000000060
63817  -41.944  -18.434  67.999 0.8999999762
63807  -42.903  -18.040  69.594 0.6999999881
128879  -40.790  -19.848  64.840 0.8000000119
138927  -41.660  -17.699  68.351 0.8999999762
151106  -39.136  -18.898  63.008 0.6999999881
129928  -38.594  -18.419  61.829 0.6999999881
62870  -38.808  -19.256  58.875 0.5000000000
64901  -38.904  -17.829  59.627 0.4000000060
63904  -40.334  -18.575  58.525 0.4000000060
135474  -40.786  -19.162  58.420 0.4000000060
63899  -43.011  -18.420  58.923 0.4000000060
64839  -40.533  -17.906  66.469 1.0000000000
65936  -40.873  -16.822  67.501 0.8999999762
65919  -42.099  -16.510  69.660 0.6999999881
64848  -40.318  -18.448  65.658 0.8999999762
63845  -39.858  -18.468  64.912 0.8999999762
64858  -39.502  -17.524  64.681 0.8999999762
67093  -40.646  -15.802  66.238 0.8999999762
65949  -40.107  -16.354  65.773 1.0000000000
65961  -39.111  -16.704  63.080 0.8999999762
67110  -39.851  -15.776  64.027 1.0000000000
140847  -39.375  -16.396  63.691 1.0000000000
67111  -40.434  -15.356  64.610 1.0000000000
147189  -38.446  -17.833  61.229 0.6999999881
65981  -38.743  -16.776  61.815 0.6999999881
65970  -39.046  -16.324  62.297 0.8000000119
67132  -39.466  -15.661  61.912 0.8000000119
67133  -40.116  -15.142  62.353 0.8999999762
64897  -38.899  -17.004  60.067 0.5000000000
65996  -39.217  -16.198  60.589 0.5000000000
67152  -39.429  -15.692  61.160 0.6999999881
131992  -40.753  -14.630  62.760 0.8000000119
146802  -40.313  -17.346  58.942 0.4000000060
65997  -39.995  -15.950  60.071 0.6000000238
67177  -40.480  -15.370  60.461 0.6000000238
64903  -41.044  -17.128  58.910 0.5000000000
67186  -41.601  -15.852  59.671 0.6000000238
132570  -43.133  -17.829  59.208 0.4000000060
65998  -43.074  -16.199  59.823 0.5000000000
68229  -41.578  -14.084  61.335 0.8000000119
137890  -43.583  -15.634  60.319 0.5000000000
69379  -42.379  -13.364  61.399 0.6999999881
69393  -43.634  -13.375  60.589 0.6000000238
138869  -44.236  -15.891  60.718 0.5000000000
67154  -44.909  -15.686  61.291 0.5000000000
69394  -44.389  -13.497  60.586 0.5000000000
138248  -42.735  -14.784  69.809 0.5000000000
149475  -43.003  -13.479  65.587 0.8000000119
69341  -43.031  -13.125  64.609 0.6999999881
150677  -43.367  -12.421  63.131 0.6999999881
70548  -42.830  -12.745  61.888 0.8000000119
71638  -43.855  -11.894  62.801 0.6000000238
71654  -43.919  -11.808  61.923 0.6000000238
70549  -43.457  -12.416  61.530 0.6999999881
70568  -42.984  -12.860  61.223 0.6000000238
71655  -44.561  -11.695  61.612 0.6000000238
70551  -45.501  -12.282  61.067 0.5000000000
131228  -46.372  -15.004  61.801 0.4000000060
69284  -44.132  -13.865  69.416 0.6999999881
126451  -44.271  -13.607  68.401 0.6000000238
70486  -44.602  -12.687  66.607 0.6999999881
71640  -45.474  -11.125  62.404 0.6999999881
71626  -47.525  -10.944  62.881 0.6000000238
70552  -46.477  -12.628  61.473 0.6000000238
70537  -47.842  -12.146  62.260 0.6999999881
69258  -44.706  -13.327  71.839 0.6000000238
70466  -46.005  -12.168  67.789 0.6999999881
71565  -47.336  -11.047  68.060 0.6000000238
72683  -47.171  -10.287  64.264 0.6000000238
73723  -48.738  -9.723  65.328 0.6000000238
38536  -13.416  -41.314  81.077 0.1000000015
37506  -13.235  -42.044  80.622 0.1000000015
39514  -13.670  -40.638  80.546 0.1000000015
135837  -14.606  -43.892  82.910 0.1000000015
149859  -12.934  -42.988  84.577 0.1000000015
36528  -14.902  -44.023  79.682 0.1000000015
37479  -12.851  -42.889  83.601 0.1000000015
35513  -14.658  -44.796  80.257 0.1000000015
37493  -13.187  -42.057  81.652 0.1000000015
143713  -14.602  -46.267  80.350 0.1000000015
35482  -14.131  -44.529  85.391 0.1000000015
36520  -15.261  -43.146  81.163 0.1000000015
36512  -14.750  -43.838  81.784 0.1000000015
36484  -13.110  -44.234  85.903 0.1000000015
35506  -14.602  -44.794  81.377 0.1000000015
36501  -12.626  -43.633  83.098 0.1000000015
36491  -12.799  -43.735  84.640 0.1000000015
33501  -14.629  -46.615  81.372 0.1000000015
34480  -14.584  -45.658  80.884 0.1000000015
40524  -13.996  -40.001  80.005 0.1000000015
132566  -14.543  -39.417  80.432 0.1000000015
143801  -14.421  -44.665  84.075 0.1000000015
34465  -14.439  -45.724  83.994 0.1000000015
128578  -13.409  -44.519  86.111 0.1000000015
34474  -14.550  -45.931  82.409 0.1000000015
35495  -14.546  -44.780  82.689 0.1000000015
37492  -12.861  -42.827  82.307 0.1000000015
33493  -14.662  -47.172  82.814 0.1000000015
147356  -14.834  -48.102  83.033 0.1000000015
40535  -14.463  -39.297  79.538 0.1000000015
41606  -15.068  -38.753  79.979 0.1000000015
34451  -14.186  -45.547  85.309 0.1000000015
148819  -13.946  -45.918  85.712 0.1000000015
35481  -13.268  -45.136  86.002 0.1000000015
34457  -14.196  -46.421  85.114 0.1000000015
35488  -12.810  -44.878  85.341 0.1000000015
136935  -14.432  -47.822  84.108 0.1000000015
33484  -14.492  -46.796  84.044 0.1000000015
31581  -14.110  -48.540  84.183 0.1000000015
34449  -13.542  -45.885  85.803 0.1000000015
34456  -13.010  -45.847  85.672 0.1000000015
33470  -13.834  -46.662  85.368 0.1000000015
33475  -13.653  -47.123  85.126 0.1000000015
33476  -14.030  -47.586  84.898 0.1000000015
32522  -13.271  -47.400  84.512 0.1000000015
145459  -12.554  -44.445  83.995 0.1000000015
32524  -14.209  -48.367  84.265 0.1000000015
30614  -14.886  -50.187  83.132 0.1000000015
31585  -14.481  -49.172  83.687 0.1000000015
40546  -13.931  -39.940  78.975 0.1000000015
41620  -15.618  -38.161  79.516 0.1000000015
135980  -12.365  -46.450  82.257 0.1000000015
33483  -12.583  -46.548  83.694 0.1000000015
34473  -12.411  -45.558  82.544 0.1000000015
34464  -12.552  -45.527  84.230 0.1000000015
35494  -12.494  -44.532  82.610 0.1000000015
32528  -13.575  -48.246  83.939 0.1000000015
36511  -12.694  -43.608  81.819 0.1000000015
150308  -12.609  -44.260  81.448 0.1000000015
32538  -12.731  -48.121  82.712 0.1000000015
30612  -13.579  -49.080  83.303 0.1000000015
31584  -14.077  -49.009  83.888 0.1000000015
30613  -14.358  -49.761  83.384 0.1000000015
39526  -13.642  -40.638  79.629 0.1000000015
30623  -14.585  -50.849  82.775 0.1000000015
132806  -15.314  -50.033  82.396 0.1000000015
41630  -14.967  -38.153  78.491 0.1000000015
42681  -15.603  -37.582  78.320 0.1000000015
42692  -16.123  -37.394  78.031 0.1000000015
41643  -16.949  -38.239  77.346 0.1000000015
41656  -16.832  -38.487  76.141 0.1000000015
40587  -16.896  -39.161  75.400 0.1000000015
40607  -17.252  -39.867  75.020 0.1000000015
39608  -17.743  -40.369  74.679 0.1000000015
39632  -17.819  -40.563  73.181 0.1000000015
137274  -12.683  -47.392  83.244 0.1000000015
132378  -12.335  -47.229  81.965 0.1000000015
35505  -12.493  -44.886  81.652 0.1000000015
133381  -12.421  -45.554  81.197 0.1000000015
35512  -12.582  -44.642  80.803 0.1000000015
37505  -12.962  -42.821  81.156 0.1000000015
37520  -13.045  -42.797  80.124 0.1000000015
30622  -13.643  -50.197  82.681 0.1000000015
38562  -13.416  -41.304  79.246 0.1000000015
37521  -13.256  -42.022  79.680 0.1000000015
30624  -15.072  -51.193  82.489 0.1000000015
40558  -14.473  -38.576  77.751 0.1000000015
42680  -15.119  -37.699  77.912 0.1000000015
42691  -15.627  -37.231  77.561 0.1000000015
42697  -16.038  -37.116  77.222 0.1000000015
41669  -16.527  -38.328  75.300 0.1000000015
39610  -19.267  -40.932  75.005 0.1000000015
131764  -19.022  -40.827  74.224 0.1000000015
143847  -19.722  -40.740  74.460 0.1000000015
39653  -18.530  -40.503  72.406 0.1000000015
39634  -19.727  -40.533  73.788 0.1000000015
40632  -19.840  -40.219  73.000 0.1000000015
39611  -20.410  -40.351  74.285 0.1000000015
39654  -19.288  -40.332  72.503 0.1000000015
33500  -12.289  -46.499  81.101 0.1000000015
32548  -12.189  -47.176  81.039 0.1000000015
32558  -12.075  -46.807  80.153 0.1000000015
32547  -11.973  -47.574  80.578 0.1000000015
134088  -12.324  -45.885  80.182 0.1000000015
132208  -12.264  -47.816  81.522 0.1000000015
32557  -11.575  -48.078  80.179 0.1000000015
31593  -12.627  -48.831  81.978 0.1000000015
150359  -12.076  -48.182  80.960 0.1000000015
35520  -12.641  -44.402  79.889 0.1000000015
132912  -12.579  -49.705  81.626 0.1000000015
31604  -11.896  -48.903  80.765 0.1000000015
36527  -12.832  -43.541  79.552 0.1000000015
130229  -14.098  -39.525  78.175 0.1000000015
42690  -14.960  -37.458  77.238 0.1000000015
40609  -21.644  -39.419  74.704 0.1000000015
145139  -16.129  -39.577  71.643 0.1000000015
39652  -17.590  -40.445  72.296 0.1000000015
40633  -20.484  -39.974  73.558 0.1000000015
40608  -21.068  -39.722  74.143 0.1000000015
39675  -16.685  -40.038  71.529 0.1000000015
39676  -17.400  -40.287  71.545 0.1000000015
39677  -18.232  -40.371  71.631 0.1000000015
39698  -17.122  -40.109  70.821 0.1000000015
39699  -17.958  -40.226  70.905 0.1000000015
40679  -18.676  -40.148  71.067 0.1000000015
40654  -19.929  -39.843  72.210 0.1000000015
137931  -16.777  -39.809  70.012 0.1000000015
40699  -17.712  -40.021  70.152 0.1000000015
40701  -19.309  -39.783  70.856 0.1000000015
146599  -18.259  -39.790  69.643 0.1000000015
139734  -11.571  -47.442  79.741 0.1000000015
33509  -11.657  -46.826  79.216 0.1000000015
32579  -9.990  -47.274  78.008 0.1000000015
33510  -12.129  -46.124  79.279 0.1000000015
32569  -10.158  -47.758  78.517 0.1000000015
131786  -12.413  -45.179  79.308 0.1000000015
34499  -12.105  -45.574  78.413 0.1000000015
31615  -11.080  -48.682  79.904 0.1000000015
35530  -12.620  -44.253  78.930 0.1000000015
37536  -12.992  -42.724  79.176 0.1000000015
37537  -13.194  -41.979  78.791 0.1000000015
144590  -13.641  -40.360  77.935 0.1000000015
39542  -13.573  -40.684  78.839 0.1000000015
41668  -14.726  -37.159  76.302 0.1000000015
42696  -15.423  -36.852  76.617 0.1000000015
40634  -21.166  -39.318  73.461 0.1000000015
151053  -21.580  -39.193  74.081 0.1000000015
130616  -22.640  -38.388  74.230 0.1000000015
40656  -20.571  -39.548  72.799 0.1000000015
148319  -22.552  -38.250  73.549 0.1000000015
41712  -23.156  -37.972  73.873 0.1000000015
40655  -20.600  -39.157  71.999 0.1000000015
41730  -22.180  -38.254  72.900 0.1000000015
41754  -21.862  -38.128  72.030 0.1000000015
40700  -18.628  -39.931  70.319 0.1000000015
40680  -19.957  -39.505  71.394 0.1000000015
41752  -20.658  -38.739  71.114 0.1000000015
41753  -21.439  -38.161  71.276 0.1000000015
145046  -18.375  -39.497  68.849 0.1000000015
40702  -19.930  -39.221  70.560 0.1000000015
41768  -20.471  -38.595  70.155 0.1000000015
40720  -19.264  -39.171  68.939 0.1000000015
34497  -8.012  -46.215  78.055 0.1000000015
33517  -8.499  -46.670  77.882 0.1000000015
34496  -7.541  -46.050  78.568 0.1000000015
33525  -9.869  -46.610  77.573 0.1000000015
33526  -10.593  -46.793  77.956 0.1000000015
32578  -9.212  -47.074  77.801 0.1000000015
34498  -11.668  -46.292  78.501 0.1000000015
31625  -8.922  -48.182  78.453 0.1000000015
32568  -9.425  -47.723  78.233 0.1000000015
34509  -11.515  -45.835  77.678 0.1000000015
31626  -9.815  -48.357  78.756 0.1000000015
32556  -10.813  -47.942  79.258 0.1000000015
30639  -11.938  -50.003  80.959 0.1000000015
144524  -11.258  -49.393  80.339 0.1000000015
31614  -10.396  -48.647  79.375 0.1000000015
35537  -12.531  -44.124  77.904 0.1000000015
37553  -12.963  -42.679  78.289 0.1000000015
36537  -12.739  -43.311  77.857 0.1000000015
141644  -12.778  -43.428  78.621 0.1000000015
132443  -12.936  -50.843  81.813 0.1000000015
38574  -13.388  -41.257  78.382 0.1000000015
40572  -13.970  -39.066  76.943 0.1000000015
41654  -14.452  -38.172  76.874 0.1000000015
42695  -15.087  -36.408  75.936 0.1000000015
42748  -22.617  -37.828  72.371 0.1000000015
42733  -22.903  -37.907  73.121 0.1000000015
42774  -22.016  -37.810  71.388 0.1000000015
42775  -22.424  -37.746  71.743 0.1000000015
42734  -23.677  -37.688  73.390 0.1000000015
40719  -17.544  -39.755  69.365 0.1000000015
42800  -21.848  -37.761  70.754 0.1000000015
40718  -16.731  -39.550  69.110 0.1000000015
41787  -20.966  -38.055  69.705 0.1000000015
42801  -22.634  -37.604  71.070 0.1000000015
40750  -18.076  -39.233  67.884 0.1000000015
41804  -19.570  -38.729  68.475 0.1000000015
41786  -20.352  -38.453  69.350 0.1000000015
137321  -21.501  -37.695  69.130 0.1000000015
132376  -7.527  -45.194  78.708 0.1000000015
34487  -7.096  -45.747  79.379 0.1000000015
34505  -7.924  -45.532  78.068 0.1000000015
33508  -7.159  -46.720  79.112 0.1000000015
33516  -7.807  -46.821  78.363 0.1000000015
34506  -8.458  -45.911  77.673 0.1000000015
30663  -8.891  -48.876  78.842 0.1000000015
31624  -8.155  -48.250  78.756 0.1000000015
34516  -9.231  -45.260  76.911 0.1000000015
34508  -10.610  -46.095  77.337 0.1000000015
31613  -9.769  -49.093  79.213 0.1000000015
34518  -11.132  -45.320  76.726 0.1000000015
34510  -12.061  -45.016  77.457 0.1000000015
29593  -11.133  -50.393  80.471 0.1000000015
30652  -10.502  -49.412  79.810 0.1000000015
132284  -11.119  -44.688  76.069 0.1000000015
145620  -12.395  -44.845  78.383 0.1000000015
37554  -13.162  -41.969  77.917 0.1000000015
39570  -13.347  -40.667  76.952 0.1000000015
131633  -13.589  -39.905  77.040 0.1000000015
40557  -13.940  -39.527  77.565 0.1000000015
42749  -23.391  -37.648  72.586 0.1000000015
42735  -24.570  -37.593  73.707 0.1000000015
133571  -23.581  -37.541  71.171 0.1000000015
144393  -22.394  -37.595  70.200 0.2000000030
42802  -23.242  -37.549  70.347 0.2000000030
42777  -24.528  -37.557  71.330 0.2000000030
40738  -18.938  -39.036  68.171 0.1000000015
41826  -19.589  -38.401  67.718 0.1000000015
42846  -20.800  -38.017  69.030 0.1000000015
143127  -22.136  -37.572  69.543 0.2000000030
42826  -22.918  -37.530  69.483 0.2000000030
42867  -19.965  -37.810  67.053 0.1000000015
148382  -20.641  -37.492  67.159 0.1000000015
142834  -22.477  -37.350  68.233 0.2000000030
125897  -23.019  -37.438  68.672 0.2000000030
33482  -6.425  -46.481  83.548 0.1000000015
34463  -6.369  -45.540  83.028 0.1000000015
34472  -6.347  -45.891  82.150 0.1000000015
34478  -6.623  -45.349  81.124 0.1000000015
32537  -6.325  -47.194  81.233 0.1000000015
131394  -6.443  -46.323  81.215 0.1000000015
34486  -6.713  -46.053  80.259 0.1000000015
35519  -7.283  -44.782  79.424 0.1000000015
35528  -7.622  -44.268  78.743 0.1000000015
32546  -6.548  -47.439  80.400 0.1000000015
33499  -6.526  -46.755  80.567 0.1000000015
33507  -6.754  -46.813  79.887 0.1000000015
147829  -6.888  -46.332  79.634 0.1000000015
34479  -6.923  -45.139  80.153 0.1000000015
31611  -7.407  -48.388  79.446 0.1000000015
31610  -6.937  -47.555  79.573 0.1000000015
32566  -7.569  -47.573  78.826 0.1000000015
34515  -8.407  -44.997  77.475 0.1000000015
136159  -8.958  -45.704  77.293 0.1000000015
35546  -10.471  -44.843  76.191 0.1000000015
35545  -9.628  -44.773  76.411 0.1000000015
35547  -11.726  -44.603  76.498 0.1000000015
36544  -12.557  -43.622  77.128 0.1000000015
142982  -13.092  -41.949  77.158 0.1000000015
38598  -12.869  -42.365  76.405 0.1000000015
38586  -13.289  -41.264  77.505 0.1000000015
134402  -13.415  -40.236  76.414 0.1000000015
40571  -13.604  -39.537  76.275 0.1000000015
41653  -13.998  -38.457  76.083 0.1000000015
140794  -23.936  -37.536  71.992 0.2000000030
42752  -26.763  -38.025  72.755 0.2000000030
40749  -17.189  -39.105  67.711 0.2000000030
41824  -17.761  -38.750  67.108 0.1000000015
126825  -23.807  -37.545  69.688 0.2000000030
42804  -25.138  -37.611  70.602 0.2000000030
42778  -25.532  -37.604  71.578 0.2000000030
42889  -19.170  -38.165  66.823 0.2000000030
42827  -23.554  -37.508  69.063 0.2000000030
126824  -24.713  -37.586  69.749 0.2000000030
143288  -22.211  -37.091  67.388 0.2000000030
125884  -23.123  -37.263  67.938 0.2000000030
42848  -23.766  -37.400  68.460 0.2000000030
146059  -6.465  -44.822  83.219 0.1000000015
35493  -6.635  -44.216  82.325 0.1000000015
138582  -6.511  -45.030  82.157 0.1000000015
36510  -6.883  -43.551  81.574 0.1000000015
35510  -6.849  -44.639  80.697 0.1000000015
35504  -6.992  -43.948  80.757 0.1000000015
138568  -7.415  -44.039  79.469 0.1000000015
35511  -7.152  -44.335  80.094 0.1000000015
146332  -7.853  -44.804  78.162 0.1000000015
35529  -8.005  -44.067  77.951 0.1000000015
36551  -8.673  -43.737  76.767 0.1000000015
35544  -8.877  -44.511  76.809 0.1000000015
143718  -9.553  -43.716  75.823 0.1000000015
36563  -12.096  -43.556  75.718 0.1000000015
37581  -12.439  -42.886  75.535 0.1000000015
38599  -13.137  -41.483  76.606 0.1000000015
38611  -12.804  -41.863  75.483 0.1000000015
39586  -13.328  -40.155  75.630 0.1000000015
40586  -13.527  -39.285  75.373 0.1000000015
145561  -13.783  -38.433  75.164 0.1000000015
41667  -14.267  -37.495  75.434 0.1000000015
131084  -26.226  -37.610  70.821 0.2000000030
42753  -27.366  -37.854  71.989 0.2000000030
131972  -19.574  -37.659  66.423 0.2000000030
42890  -20.341  -37.307  66.428 0.2000000030
128401  -25.193  -37.517  68.995 0.2000000030
42891  -21.217  -37.136  66.860 0.2000000030
43854  -22.795  -36.715  66.453 0.2000000030
42870  -23.991  -37.176  67.740 0.2000000030
35487  -6.601  -44.010  83.337 0.1000000015
36499  -6.756  -43.458  82.541 0.1000000015
37477  -6.898  -42.748  82.824 0.1000000015
37491  -7.230  -42.616  81.288 0.1000000015
36517  -7.170  -43.249  80.803 0.1000000015
36526  -7.368  -43.460  80.034 0.1000000015
37504  -7.425  -42.648  80.416 0.1000000015
37519  -7.622  -42.587  79.614 0.1000000015
36535  -7.649  -43.372  79.042 0.1000000015
150148  -7.790  -43.708  78.488 0.1000000015
38572  -7.734  -41.617  79.374 0.1000000015
37534  -7.841  -42.433  78.732 0.1000000015
36543  -8.296  -43.402  77.463 0.1000000015
35536  -8.420  -44.156  77.264 0.1000000015
37552  -8.542  -42.884  76.880 0.1000000015
37565  -9.010  -43.311  76.208 0.1000000015
37579  -9.509  -43.049  75.500 0.1000000015
36562  -10.902  -43.695  75.092 0.1000000015
133510  -9.304  -42.246  75.325 0.1000000015
36570  -10.992  -43.179  74.569 0.1000000015
36571  -11.631  -43.329  74.975 0.1000000015
37599  -11.374  -42.721  74.313 0.1000000015
37600  -12.136  -42.571  74.677 0.1000000015
38626  -11.796  -42.254  74.067 0.1000000015
38627  -12.396  -41.779  74.396 0.1000000015
38646  -12.477  -41.138  73.888 0.1000000015
39585  -12.905  -40.904  74.896 0.1000000015
40604  -12.913  -39.843  73.724 0.1000000015
39607  -13.195  -39.975  74.669 0.1000000015
40605  -13.404  -38.966  74.314 0.1000000015
61625  -44.887  -20.832  70.544 0.3000000119
126557  -25.762  -37.598  69.738 0.2000000030
42806  -27.156  -37.464  70.629 0.2000000030
144647  -27.012  -37.633  71.377 0.2000000030
149788  -25.852  -37.484  69.086 0.2000000030
42805  -26.637  -37.496  69.986 0.2000000030
42780  -27.882  -37.450  71.337 0.2000000030
43875  -20.777  -36.663  65.301 0.2000000030
43831  -24.276  -36.865  67.023 0.2000000030
150523  -25.294  -37.394  68.483 0.2000000030
42829  -26.683  -37.211  69.066 0.2000000030
125880  -22.053  -36.459  64.957 0.2000000030
135552  -25.097  -36.764  66.895 0.2000000030
144271  -26.801  -36.204  67.369 0.2000000030
42782  -30.100  -36.286  72.140 0.2000000030
43857  -25.699  -36.284  66.434 0.2000000030
44775  -30.203  -34.888  69.581 0.2000000030
43777  -30.718  -35.366  70.213 0.2000000030
44786  -29.861  -34.538  68.735 0.2000000030
150577  -28.606  -36.736  64.498 0.2000000030
47212  -28.458  -32.913  58.158 0.2000000030
48412  -28.280  -32.160  58.198 0.3000000119
131495  -28.656  -30.834  58.418 0.3000000119
145030  -27.933  -37.132  70.518 0.2000000030
42807  -28.736  -36.751  70.935 0.2000000030
126310  -27.400  -36.392  68.453 0.2000000030
42851  -27.978  -36.323  69.122 0.2000000030
43775  -29.631  -35.830  70.671 0.2000000030
43878  -23.314  -36.468  65.551 0.2000000030
133706  -24.359  -36.364  65.647 0.2000000030
43834  -27.425  -35.852  67.820 0.2000000030
43809  -28.388  -35.155  68.369 0.2000000030
43810  -29.110  -35.144  69.201 0.2000000030
43776  -30.366  -35.317  70.450 0.2000000030
43879  -25.328  -36.038  65.749 0.2000000030
44816  -26.322  -35.387  65.888 0.2000000030
126517  -28.910  -34.083  67.813 0.2000000030
44774  -29.796  -34.597  69.200 0.2000000030
52957  -30.079  -29.353  61.331 0.4000000060
45880  -27.563  -33.831  65.574 0.2000000030
45868  -28.663  -33.904  67.121 0.2000000030
44820  -29.252  -34.062  67.035 0.2000000030
43859  -29.091  -34.884  66.354 0.2000000030
52971  -29.132  -29.099  60.316 0.4000000060
44862  -27.906  -34.745  64.336 0.2000000030
43880  -28.606  -35.744  65.336 0.2000000030
43905  -28.593  -36.783  63.756 0.2000000030
51908  -28.455  -30.177  58.884 0.4000000060
43896  -28.283  -35.791  64.436 0.2000000030
44894  -27.462  -35.211  62.466 0.2000000030
44903  -28.135  -36.121  61.635 0.2000000030
44939  -28.138  -35.317  59.956 0.2000000030
140625  -27.714  -32.703  58.408 0.2000000030
50791  -27.849  -30.711  58.738 0.3000000119
44902  -27.427  -35.290  61.433 0.2000000030
44918  -28.057  -35.723  60.717 0.2000000030
51584  -38.136  -29.375  81.464 0.2000000030
50443  -37.368  -30.413  81.372 0.4000000060
43904  -21.834  -36.212  64.223 0.2000000030
150217  -22.336  -35.934  63.854 0.2000000030
44858  -22.993  -35.857  63.948 0.2000000030
43894  -23.218  -36.168  64.677 0.2000000030
44840  -24.961  -35.797  65.065 0.2000000030
44841  -25.900  -35.247  65.220 0.2000000030
126497  -29.507  -29.168  60.840 0.4000000060
146689  -26.865  -34.185  65.369 0.2000000030
45881  -28.183  -33.838  66.231 0.2000000030
45900  -27.693  -33.852  65.452 0.2000000030
52985  -28.666  -29.264  59.738 0.4000000060
45901  -28.392  -33.922  65.972 0.2000000030
45919  -27.822  -33.894  65.049 0.2000000030
51897  -28.199  -29.610  59.345 0.4000000060
45937  -27.170  -34.012  63.381 0.2000000030
44880  -27.660  -34.981  63.441 0.2000000030
47192  -27.180  -33.979  59.107 0.2000000030
46017  -27.882  -34.328  58.969 0.2000000030
146676  -27.640  -32.007  58.429 0.2000000030
45996  -27.471  -34.700  59.668 0.2000000030
47210  -27.085  -33.147  58.780 0.2000000030
51585  -38.904  -29.165  80.964 0.2000000030
147786  -38.588  -29.720  80.945 0.3000000119
130686  -39.438  -29.764  79.969 0.2000000030
51664  -38.845  -29.125  76.315 0.5000000000
44890  -20.379  -35.188  62.762 0.4000000060
44876  -21.709  -35.776  63.389 0.2000000030
44877  -22.628  -35.591  63.218 0.2000000030
44892  -22.086  -35.279  62.515 0.3000000119
44879  -24.429  -35.123  63.612 0.2000000030
45915  -25.280  -34.648  63.960 0.2000000030
52946  -29.876  -29.183  62.073 0.6000000238
44861  -25.556  -35.010  64.581 0.2000000030
52945  -29.371  -28.874  61.410 0.5000000000
45917  -26.908  -33.556  64.779 0.2000000030
137287  -27.208  -33.625  64.725 0.2000000030
136225  -28.278  -28.748  60.194 0.5000000000
54011  -28.707  -28.610  60.842 0.4000000060
45918  -27.424  -33.914  64.246 0.2000000030
50779  -27.662  -30.032  59.099 0.3000000119
52984  -27.817  -29.061  59.718 0.5000000000
45978  -26.948  -34.625  60.371 0.2000000030
47191  -26.529  -33.409  59.449 0.2000000030
48411  -27.034  -32.306  58.663 0.2000000030
44917  -27.440  -35.152  60.506 0.2000000030
51596  -39.558  -29.141  80.483 0.2000000030
52650  -40.858  -28.347  79.890 0.1000000015
52660  -40.773  -28.635  78.681 0.1000000015
51621  -40.172  -29.168  79.019 0.1000000015
52673  -40.682  -28.496  77.919 0.2000000030
52690  -41.278  -27.949  77.545 0.3000000119
52688  -39.637  -28.682  76.727 0.4000000060
53782  -40.617  -27.486  75.835 0.3000000119
53801  -40.194  -27.261  75.007 0.3000000119
56035  -42.161  -25.752  75.020 0.3000000119
53800  -39.485  -27.550  74.688 0.5000000000
52757  -37.768  -27.860  73.102 0.8000000119
58411  -43.748  -23.004  72.712 0.5000000000
54877  -38.970  -26.811  73.284 0.8000000119
61645  -44.453  -20.461  69.768 0.4000000060
54893  -38.735  -26.450  72.708 0.8000000119
52903  -23.595  -28.127  65.286 0.6000000238
52873  -25.673  -28.061  66.693 0.6999999881
53905  -26.432  -27.584  66.256 0.5000000000
52876  -28.554  -27.927  67.070 0.6000000238
52904  -24.475  -27.892  65.812 0.6000000238
53936  -25.197  -27.336  65.438 0.5000000000
128102  -23.035  -34.360  61.805 0.3000000119
52919  -30.156  -28.387  64.051 0.6000000238
44893  -23.106  -35.017  62.421 0.2000000030
53998  -29.468  -28.248  62.873 0.5000000000
52934  -30.276  -28.958  62.983 0.6000000238
45934  -24.131  -34.688  62.880 0.2000000030
45935  -25.064  -34.184  63.350 0.2000000030
47131  -25.864  -33.045  63.316 0.2000000030
53997  -29.025  -28.079  62.283 0.5000000000
45936  -25.762  -33.698  63.781 0.2000000030
47132  -26.421  -33.151  63.533 0.2000000030
52970  -27.332  -28.411  60.126 0.4000000060
145600  -27.799  -28.008  60.651 0.4000000060
47123  -26.794  -33.244  64.155 0.2000000030
47133  -27.005  -33.209  63.985 0.2000000030
47148  -26.690  -33.350  63.357 0.2000000030
45966  -26.495  -33.896  61.747 0.2000000030
45967  -26.886  -34.652  61.176 0.2000000030
48392  -26.455  -32.637  59.147 0.2000000030
49602  -26.397  -31.827  59.035 0.2000000030
49603  -27.044  -30.540  59.006 0.2000000030
45954  -26.858  -34.246  62.352 0.2000000030
45995  -26.700  -34.122  59.904 0.2000000030
52661  -41.367  -28.208  79.171 0.1000000015
53746  -42.014  -27.566  77.936 0.2000000030
53765  -41.858  -27.412  77.130 0.3000000119
53784  -42.233  -26.598  76.225 0.3000000119
54842  -40.921  -26.831  75.345 0.3000000119
54844  -42.617  -26.176  75.906 0.1000000015
54843  -41.778  -26.449  75.586 0.3000000119
53906  -27.337  -27.597  66.377 0.6000000238
125128  -29.422  -27.925  67.004 0.6999999881
53934  -23.685  -27.580  64.551 0.4000000060
134358  -24.889  -26.900  64.552 0.5000000000
53937  -26.140  -27.184  65.536 0.5000000000
137008  -27.788  -27.359  65.693 0.6000000238
53908  -29.105  -27.763  66.461 0.6000000238
52932  -22.621  -28.554  63.065 0.4000000060
52933  -22.970  -27.930  63.507 0.4000000060
53959  -24.119  -27.084  64.171 0.4000000060
54996  -25.465  -26.590  64.004 0.5000000000
53961  -26.693  -26.862  64.876 0.5000000000
53962  -27.745  -27.094  64.755 0.6000000238
50756  -22.709  -29.893  61.859 0.4000000060
52943  -23.210  -27.969  62.640 0.4000000060
53977  -23.434  -27.505  63.184 0.4000000060
54997  -26.308  -26.612  64.139 0.5000000000
55018  -26.814  -26.574  63.449 0.5000000000
54998  -27.086  -26.718  64.186 0.5000000000
53963  -28.666  -27.418  64.547 0.5000000000
125351  -22.618  -30.610  61.672 0.4000000060
52954  -23.548  -28.473  61.912 0.4000000060
51870  -24.097  -29.191  61.433 0.4000000060
141511  -27.288  -26.726  62.673 0.5000000000
131353  -28.433  -27.296  63.987 0.5000000000
48361  -22.225  -32.378  61.383 0.3000000119
49580  -24.436  -31.124  61.411 0.3000000119
50758  -24.418  -30.005  61.221 0.3000000119
50759  -24.761  -30.599  61.142 0.4000000060
54008  -25.480  -27.199  61.441 0.5000000000
55049  -25.920  -26.675  61.951 0.4000000060
53980  -28.705  -27.502  63.186 0.5000000000
47145  -24.213  -33.474  62.066 0.3000000119
47146  -24.944  -32.733  62.331 0.3000000119
48350  -25.422  -32.512  62.234 0.3000000119
49581  -24.903  -31.153  61.290 0.3000000119
126932  -25.165  -31.587  61.223 0.2000000030
54009  -26.391  -27.111  61.275 0.4000000060
54010  -27.446  -27.316  61.274 0.5000000000
45952  -24.830  -33.569  62.693 0.2000000030
151192  -25.750  -32.646  62.693 0.3000000119
148526  -28.105  -27.811  61.072 0.5000000000
47147  -26.023  -32.686  62.990 0.2000000030
45953  -26.296  -33.066  62.771 0.2000000030
47165  -26.105  -33.220  61.648 0.2000000030
51895  -25.679  -29.782  59.898 0.2000000030
50778  -26.211  -30.351  59.427 0.3000000119
52983  -26.864  -29.045  59.676 0.4000000060
47176  -26.063  -33.350  60.463 0.2000000030
49601  -25.779  -31.235  59.608 0.2000000030
51896  -26.917  -29.806  59.313 0.3000000119
145781  -26.501  -31.077  59.107 0.2000000030
53710  -41.774  -27.449  79.417 0.1000000015
53729  -42.597  -26.988  78.314 0.1000000015
128497  -42.760  -26.424  76.527 0.3000000119
56017  -43.183  -25.614  75.626 0.2000000030
59511  -44.385  -22.348  72.233 0.4000000060
53993  -23.721  -27.402  62.705 0.4000000060
54995  -24.698  -26.688  63.706 0.4000000060
55016  -25.254  -26.509  63.327 0.4000000060
55034  -25.525  -26.522  62.686 0.5000000000
53979  -27.767  -26.923  63.557 0.5000000000
52955  -24.343  -28.213  61.493 0.4000000060
53995  -25.064  -26.785  62.121 0.4000000060
55035  -26.385  -26.531  62.654 0.5000000000
52967  -24.878  -28.727  60.964 0.3000000119
52956  -25.107  -27.900  61.072 0.4000000060
55036  -26.844  -26.743  61.919 0.4000000060
48364  -25.371  -32.201  61.793 0.2000000030
137256  -25.100  -30.076  60.575 0.2000000030
52968  -25.581  -28.459  60.521 0.3000000119
54021  -26.868  -27.693  60.630 0.4000000060
131038  -25.439  -31.680  60.285 0.2000000030
50777  -25.514  -30.481  59.920 0.2000000030
51883  -25.974  -29.025  59.944 0.3000000119
52969  -26.407  -28.331  60.218 0.3000000119
48351  -25.729  -32.628  62.423 0.2000000030
47164  -25.727  -32.730  61.433 0.2000000030
48377  -25.604  -32.390  60.633 0.2000000030
146800  -26.316  -29.581  59.610 0.3000000119
48378  -26.014  -32.853  59.775 0.2000000030
54788  -42.511  -26.442  78.970 0.1000000015
54811  -43.150  -26.459  77.742 0.1000000015
56018  -43.971  -25.409  76.102 0.2000000030
56037  -43.798  -25.034  75.378 0.2000000030
56038  -44.384  -24.926  75.816 0.2000000030
126655  -39.650  -26.301  79.266 0.1000000015
55965  -41.304  -25.772  79.330 0.1000000015
54799  -43.099  -26.194  78.376 0.1000000015
54812  -43.577  -25.975  77.279 0.1000000015
58381  -44.819  -23.776  74.705 0.2000000030
58412  -44.578  -22.809  73.074 0.3000000119
60591  -44.673  -21.310  70.724 0.4000000060
55980  -42.616  -25.587  78.736 0.1000000015
55981  -43.384  -25.452  78.229 0.1000000015
55994  -44.314  -24.589  77.351 0.1000000015
57137  -44.980  -23.790  76.418 0.1000000015
56004  -44.052  -25.512  76.821 0.1000000015
57150  -44.769  -24.492  75.912 0.2000000030
58367  -45.356  -23.296  75.344 0.2000000030
59484  -45.573  -22.612  74.684 0.2000000030
59495  -45.187  -22.577  73.417 0.3000000119
59531  -45.078  -21.842  72.163 0.5000000000
58396  -44.895  -23.272  73.924 0.2000000030
60592  -45.310  -21.167  71.387 0.3000000119
58352  -45.297  -23.240  75.966 0.2000000030
58397  -45.445  -22.614  74.037 0.2000000030
59512  -45.143  -22.223  72.778 0.4000000060
59513  -45.540  -21.740  72.685 0.3000000119
58350  -44.085  -23.005  76.919 0.1000000015
59471  -45.507  -22.508  75.341 0.2000000030
59496  -45.666  -21.956  73.400 0.1000000015
59456  -45.242  -22.388  76.013 0.1000000015
60532  -45.749  -21.828  74.662 0.1000000015
70449  -47.621  -11.837  69.903 0.6000000238
71525  -48.473  -11.074  70.891 0.5000000000
62723  -44.317  -19.398  70.034 0.5000000000
148655  -47.001  -12.356  70.205 0.5000000000
70432  -47.846  -11.649  71.145 0.5000000000
61614  -45.475  -20.242  71.469 0.3000000119
70414  -46.976  -12.312  71.319 0.5000000000
129786  -46.600  -12.121  72.389 0.4000000060
69246  -44.253  -13.077  73.561 0.4000000060
151118  -45.204  -12.080  73.568 0.3000000119
70389  -45.916  -11.693  73.070 0.3000000119
71492  -46.752  -11.159  72.592 0.3000000119
70405  -46.735  -11.430  72.595 0.5000000000
70415  -47.495  -11.467  72.025 0.5000000000
71504  -48.294  -10.699  71.616 0.5000000000
72635  -48.562  -10.305  68.941 0.5000000000
134663  -44.501  -11.613  71.967 0.3000000119
71501  -44.157  -11.696  70.631 0.3000000119
71503  -46.517  -10.863  72.038 0.3000000119
71493  -47.476  -10.863  72.133 0.5000000000
53781  -39.812  -27.828  75.462 0.4000000060
54879  -40.542  -26.037  74.051 0.5000000000
53817  -39.253  -27.236  73.958 0.5000000000
51609  -39.532  -29.716  79.355 0.2000000030
50469  -39.014  -30.224  79.695 0.3000000119
51620  -39.465  -29.686  78.622 0.3000000119
149961  -38.449  -30.631  79.544 0.3000000119
51647  -39.879  -28.872  77.526 0.3000000119
52707  -40.189  -28.115  76.284 0.3000000119
52706  -39.369  -28.468  75.885 0.4000000060
52720  -38.292  -28.598  74.685 0.5000000000
141669  -15.722  -36.677  75.675 0.1000000015
43902  -20.270  -36.018  63.837 0.2000000030
42905  -21.009  -36.836  66.080 0.2000000030
43876  -21.559  -36.612  65.554 0.2000000030
45965  -23.401  -33.671  61.681 0.3000000119
51860  -22.468  -29.367  62.514 0.4000000060
41825  -18.651  -38.703  67.342 0.1000000015
145077  -16.040  -39.331  69.660 0.1000000015
40736  -16.626  -39.244  68.352 0.1000000015
52872  -24.778  -28.311  66.544 0.6999999881
52874  -26.691  -28.125  67.084 0.6999999881
52875  -27.720  -27.948  67.080 0.6999999881
53964  -29.357  -27.738  64.751 0.6000000238
53939  -28.513  -27.438  65.316 0.6000000238
50468  -38.492  -30.464  80.158 0.3000000119
50548  -38.664  -30.113  77.397 0.6999999881
53799  -38.749  -27.838  74.318 0.6999999881
54880  -41.313  -25.563  74.191 0.5000000000
57166  -44.421  -24.405  75.167 0.2000000030
63808  -43.572  -18.498  69.905 0.5000000000
48362  -23.969  -31.948  61.529 0.3000000119
50510  -38.819  -30.400  78.989 0.4000000060
71546  -48.334  -10.940  69.714 0.5000000000
40547  -14.457  -39.015  78.689 0.1000000015
33474  -13.012  -46.626  84.951 0.1000000015
41631  -15.455  -37.960  78.895 0.1000000015
36518  -12.794  -43.710  80.648 0.1000000015
41642  -16.537  -37.592  77.728 0.1000000015
41655  -16.494  -37.566  76.851 0.1000000015
34488  -12.478  -45.120  80.244 0.1000000015
39633  -18.917  -40.639  73.287 0.1000000015
39678  -19.159  -40.145  71.699 0.1000000015
144106  -19.341  -39.552  70.185 0.1000000015
40737  -17.420  -39.476  68.510 0.1000000015
33518  -11.172  -46.857  78.523 0.1000000015
32570  -11.182  -47.303  79.054 0.1000000015
41711  -21.916  -38.701  73.625 0.1000000015
135742  -21.336  -38.794  72.663 0.1000000015
41729  -21.162  -38.578  71.824 0.1000000015
41767  -19.749  -39.062  69.678 0.1000000015
41769  -21.154  -38.132  70.508 0.1000000015
33524  -9.126  -46.335  77.517 0.1000000015
32567  -8.465  -47.499  78.252 0.1000000015
33527  -11.160  -46.426  77.946 0.1000000015
34517  -10.135  -45.450  76.691 0.1000000015
35548  -12.287  -44.302  77.032 0.1000000015
38585  -12.870  -42.729  77.308 0.1000000015
42776  -23.076  -37.590  71.825 0.1000000015
127651  -21.644  -37.751  69.984 0.1000000015
125973  -20.980  -37.737  68.410 0.1000000015
34507  -9.679  -45.931  77.185 0.1000000015
30651  -9.140  -49.478  79.277 0.1000000015
35556  -10.714  -44.289  75.652 0.1000000015
42750  -24.269  -37.558  72.838 0.1000000015
42803  -24.159  -37.558  70.474 0.2000000030
134272  -24.899  -37.559  72.240 0.2000000030
42868  -20.442  -37.849  67.756 0.1000000015
126068  -21.765  -37.436  68.292 0.2000000030
42847  -22.296  -37.495  68.891 0.2000000030
42869  -21.206  -37.425  67.654 0.1000000015
33492  -6.264  -46.834  82.207 0.1000000015
35503  -6.721  -44.455  81.414 0.1000000015
36552  -9.242  -44.076  76.277 0.1000000015
35555  -9.966  -44.294  75.897 0.1000000015
36553  -11.480  -44.075  75.689 0.1000000015
36554  -12.174  -43.942  76.361 0.1000000015
37566  -12.554  -43.214  76.382 0.1000000015
38612  -13.206  -40.888  76.019 0.1000000015
42751  -25.244  -37.596  73.168 0.2000000030
132286  -25.904  -37.688  72.578 0.2000000030
42779  -26.504  -37.698  71.920 0.2000000030
42828  -24.281  -37.520  69.041 0.2000000030
43853  -21.853  -36.770  66.372 0.2000000030
36500  -6.962  -42.899  82.051 0.1000000015
36536  -7.947  -43.201  78.228 0.1000000015
36561  -10.175  -43.729  75.424 0.1000000015
143480  -12.852  -40.512  74.084 0.1000000015
42849  -24.689  -37.371  68.320 0.2000000030
43877  -22.373  -36.560  65.687 0.2000000030
43830  -23.339  -36.927  67.175 0.2000000030
37535  -8.172  -42.417  77.754 0.1000000015
38597  -8.467  -41.492  76.716 0.1000000015
37578  -8.828  -42.363  76.200 0.1000000015
144241  -9.743  -42.685  75.021 0.1000000015
37616  -11.206  -42.160  73.765 0.1000000015
37598  -10.729  -42.612  74.207 0.1000000015
38645  -11.854  -41.715  73.655 0.1000000015
39630  -12.405  -40.530  73.378 0.1000000015
41755  -28.165  -37.775  71.922 0.2000000030
42850  -25.838  -37.357  68.596 0.2000000030
42871  -24.898  -37.095  67.517 0.2000000030
43855  -23.784  -36.678  66.375 0.2000000030
42872  -25.527  -37.224  68.007 0.2000000030
43808  -26.529  -36.848  68.033 0.2000000030
42830  -27.477  -37.120  69.846 0.2000000030
145035  -22.694  -36.402  65.075 0.2000000030
43856  -24.746  -36.560  66.346 0.2000000030
43832  -25.921  -36.694  67.235 0.2000000030
43792  -29.774  -35.137  69.842 0.2000000030
43761  -30.367  -35.700  71.384 0.2000000030
43895  -24.046  -36.104  64.884 0.2000000030
43858  -26.754  -35.604  66.690 0.2000000030
45861  -29.302  -34.185  67.787 0.2000000030
45883  -29.234  -33.960  67.352 0.2000000030
43812  -30.432  -34.996  69.385 0.2000000030
44881  -28.098  -35.949  63.571 0.2000000030
48414  -29.196  -33.072  57.948 0.2000000030
43774  -28.661  -36.269  70.003 0.2000000030
43833  -27.354  -35.367  67.247 0.2000000030
44817  -27.300  -34.358  66.069 0.2000000030
44818  -27.779  -34.406  66.816 0.2000000030
45882  -28.909  -33.858  66.883 0.2000000030
44819  -28.924  -34.026  66.486 0.2000000030
44842  -28.688  -34.405  65.926 0.2000000030
51898  -28.981  -29.685  59.165 0.3000000119
44863  -28.298  -34.525  65.194 0.2000000030
44895  -28.028  -36.055  62.668 0.2000000030
43913  -28.592  -36.739  62.934 0.2000000030
49613  -27.192  -31.409  58.699 0.2000000030
44859  -23.789  -35.723  64.139 0.2000000030
45916  -26.207  -33.813  64.286 0.2000000030
45899  -27.313  -33.707  65.147 0.2000000030
51595  -38.941  -29.863  80.490 0.3000000119
51610  -40.146  -29.086  79.785 0.2000000030
142925  -27.493  -29.491  59.412 0.2000000030
136437  -40.700  -28.712  79.288 0.1000000015
51634  -40.062  -29.040  78.288 0.2000000030
52674  -41.405  -28.113  78.339 0.1000000015
51633  -39.344  -29.565  77.854 0.2000000030
52689  -40.497  -28.338  77.116 0.3000000119
53764  -41.023  -27.748  76.698 0.3000000119
53783  -41.560  -27.073  76.236 0.3000000119
54862  -40.393  -26.663  74.547 0.3000000119
54861  -39.819  -27.051  74.385 0.4000000060
54863  -41.189  -26.242  74.763 0.5000000000
53816  -38.506  -27.488  73.535 0.6999999881
52721  -39.042  -28.165  75.087 0.4000000060
54878  -39.760  -26.538  73.793 0.6000000238
52918  -23.105  -27.993  64.372 0.6000000238
52905  -25.160  -27.811  66.127 0.6000000238
53907  -28.317  -27.611  66.288 0.6000000238
53935  -24.303  -27.453  64.989 0.5000000000
45951  -23.794  -34.222  62.185 0.2000000030
134313  -25.661  -32.699  62.723 0.3000000119
53996  -28.152  -27.213  62.547 0.5000000000
53728  -41.955  -27.635  78.680 0.1000000015
52651  -41.285  -27.709  79.847 0.1000000015
53711  -42.303  -27.154  79.040 0.1000000015
53766  -42.385  -26.856  76.811 0.2000000030
53747  -42.580  -26.997  77.520 0.2000000030
53938  -27.031  -27.194  65.628 0.5000000000
53960  -25.776  -26.840  64.794 0.5000000000
51869  -23.151  -29.270  61.848 0.4000000060
145091  -23.408  -31.125  61.394 0.4000000060
126334  -24.090  -30.577  61.389 0.4000000060
51881  -24.787  -29.466  60.952 0.3000000119
53981  -29.310  -27.829  63.788 0.6000000238
47163  -24.828  -32.194  61.992 0.3000000119
54020  -25.925  -27.696  60.765 0.3000000119
48363  -24.979  -31.691  61.773 0.3000000119
49592  -25.173  -30.941  60.558 0.2000000030
54787  -41.883  -26.683  79.481 0.1000000015
54826  -43.034  -26.473  77.092 0.1000000015
54827  -43.363  -25.957  76.504 0.2000000030
53994  -24.311  -27.088  62.434 0.4000000060
54007  -24.663  -27.421  61.716 0.4000000060
51882  -25.307  -29.253  60.437 0.3000000119
55966  -41.940  -25.961  79.330 0.1000000015
54800  -43.518  -25.921  77.859 0.1000000015
56019  -44.465  -25.016  76.394 0.2000000030
54797  -40.236  -26.043  79.120 0.1000000015
55978  -40.968  -25.587  78.876 0.1000000015
54798  -40.685  -26.036  79.491 0.1000000015
55993  -43.928  -25.349  77.543 0.1000000015
57151  -45.123  -23.943  75.964 0.2000000030
58331  -43.873  -23.905  77.474 0.1000000015
57136  -44.715  -24.452  76.581 0.1000000015
71491  -45.600  -11.529  72.741 0.3000000119
51646  -39.114  -29.363  77.106 0.4000000060
126418  -13.985  -29.214  87.462 0.3000000119
50326  -13.965  -29.616  88.256 0.3000000119
50327  -14.371  -29.814  88.108 0.3000000119
48027  -11.292  -32.583  87.248 0.5000000000
49199  -11.186  -31.267  87.795 0.4000000060
48015  -10.775  -31.982  87.533 0.4000000060
141754  -10.625  -32.625  87.096 0.6000000238
51521  -14.787  -29.207  88.009 0.3000000119
143277  -14.808  -28.760  87.368 0.3000000119
46821  -11.068  -33.119  86.574 0.6000000238
46829  -11.633  -33.486  85.915 0.5000000000
138781  -15.539  -28.920  88.106 0.4000000060
49211  -10.372  -31.496  87.455 0.4000000060
48041  -10.135  -32.834  86.582 0.4000000060
56190  -49.585  -25.794  64.697 0.2000000030
56200  -48.357  -25.453  63.677 0.2000000030
57339  -49.262  -24.946  64.081 0.2000000030
57329  -50.067  -24.932  64.826 0.2000000030
56164  -51.363  -25.136  66.512 0.2000000030
57312  -51.616  -24.512  67.194 0.2000000030
58556  -47.645  -23.648  62.302 0.3000000119
58546  -48.628  -23.568  63.367 0.2000000030
58534  -49.388  -23.126  64.459 0.2000000030
57311  -50.958  -24.100  66.452 0.2000000030
59681  -47.243  -22.141  61.887 0.3000000119
59654  -48.566  -22.662  63.495 0.2000000030
58517  -50.407  -23.241  66.094 0.2000000030
59638  -49.459  -22.452  65.084 0.2000000030
59697  -46.219  -22.030  60.788 0.3000000119
60746  -47.135  -21.199  62.109 0.2000000030
148444  -48.015  -21.689  63.177 0.2000000030
60733  -48.194  -20.749  64.063 0.2000000030
60694  -49.419  -21.191  65.943 0.2000000030
60711  -48.634  -21.276  64.570 0.2000000030
142198  -44.073  -18.134  71.209 0.4000000060
63794  -43.224  -17.520  70.635 0.5000000000
63900  -43.728  -18.298  59.507 0.4000000060
62858  -45.190  -19.079  60.586 0.3000000119
61776  -45.808  -19.659  61.126 0.3000000119
61689  -50.794  -19.374  68.080 0.2000000030
135472  -43.953  -19.816  59.362 0.3000000119
61793  -44.603  -20.334  59.745 0.3000000119
61784  -45.728  -20.590  60.663 0.3000000119
143104  -46.607  -20.773  61.632 0.2000000030
128653  -46.718  -19.417  62.543 0.2000000030
61732  -48.481  -20.299  64.871 0.2000000030
64809  -43.589  -17.187  71.817 0.4000000060
64801  -43.341  -16.651  72.516 0.3000000119
138208  -43.145  -16.330  72.085 0.4000000060
65920  -42.699  -16.722  70.709 0.4000000060
67068  -42.547  -15.215  70.363 0.4000000060
64907  -44.098  -17.690  60.023 0.4000000060
63895  -45.115  -18.332  60.780 0.3000000119
139635  -49.958  -19.475  67.409 0.2000000030
148649  -44.215  -17.099  60.408 0.4000000060
63884  -45.639  -18.558  61.376 0.2000000030
62821  -47.036  -18.795  63.317 0.2000000030
136998  -48.389  -19.372  65.199 0.2000000030
62814  -48.737  -18.493  65.881 0.2000000030
64886  -45.235  -17.222  61.462 0.3000000119
63876  -46.121  -18.177  62.185 0.2000000030
62813  -48.087  -18.642  65.011 0.2000000030
141311  -46.465  -17.831  62.790 0.2000000030
63778  -44.017  -17.429  72.554 0.4000000060
67042  -43.121  -16.033  73.005 0.2000000030
141886  -43.306  -16.871  71.664 0.3000000119
65894  -42.082  -16.127  72.932 0.2000000030
67056  -42.955  -15.495  72.331 0.4000000060
128735  -43.001  -14.698  71.443 0.4000000060
65972  -46.250  -16.802  62.732 0.2000000030
131933  -46.897  -16.696  63.247 0.2000000030
67134  -45.865  -16.350  62.314 0.2000000030
64878  -46.594  -17.245  63.109 0.2000000030
64859  -48.131  -17.359  64.927 0.2000000030
64877  -46.124  -17.437  62.496 0.2000000030
63867  -46.890  -17.834  63.457 0.2000000030
63868  -47.715  -17.966  64.738 0.2000000030
65895  -42.973  -16.467  72.882 0.2000000030
64802  -43.424  -17.092  72.683 0.2000000030
67028  -42.679  -15.774  73.233 0.2000000030
67040  -41.104  -15.197  72.179 0.2000000030
67041  -41.708  -15.496  72.793 0.2000000030
133438  -42.687  -15.456  73.311 0.3000000119
68113  -42.834  -14.929  73.253 0.4000000060
128542  -43.355  -14.207  71.464 0.4000000060
141277  -45.565  -15.889  61.870 0.2000000030
64860  -49.009  -17.447  65.265 0.2000000030
64861  -50.048  -17.401  64.682 0.2000000030
67155  -46.080  -15.691  62.177 0.2000000030
147569  -47.087  -16.164  62.873 0.2000000030
65973  -47.770  -16.451  63.225 0.2000000030
65963  -48.701  -16.735  63.617 0.2000000030
138678  -50.707  -17.052  63.522 0.2000000030
67137  -49.586  -15.673  61.925 0.2000000030
65975  -50.823  -15.765  62.214 0.2000000030
67156  -46.947  -15.567  62.265 0.2000000030
65974  -49.228  -16.275  62.636 0.2000000030
147713  -50.915  -16.555  62.725 0.2000000030
65976  -51.068  -15.396  61.746 0.2000000030
68232  -47.161  -14.996  61.676 0.3000000119
67157  -48.251  -15.301  61.502 0.3000000119
72595  -48.042  -10.360  71.739 0.4000000060
125105  -52.366  -9.457  66.947 0.4000000060
72673  -52.490  -10.012  66.094 0.4000000060
72672  -51.845  -10.273  65.946 0.4000000060
72702  -49.736  -11.193  64.048 0.4000000060
72671  -51.180  -10.345  65.590 0.4000000060
71659  -48.572  -12.203  62.093 0.5000000000
71644  -49.143  -11.777  62.751 0.5000000000
126337  -50.442  -11.063  64.153 0.4000000060
72687  -51.349  -10.622  65.027 0.4000000060
70554  -48.135  -12.819  61.610 0.6000000238
70572  -48.511  -13.243  60.740 0.5000000000
71660  -49.225  -11.868  61.728 0.5000000000
72703  -50.438  -11.187  63.307 0.5000000000
69383  -48.179  -13.872  60.906 0.4000000060
141582  -49.046  -14.605  60.694 0.4000000060
68261  -50.194  -14.497  60.318 0.3000000119
71526  -48.939  -10.284  71.083 0.4000000060
72686  -50.400  -10.640  64.844 0.5000000000
71645  -49.798  -11.457  62.517 0.5000000000
127190  -47.854  -13.325  61.381 0.5000000000
72610  -48.906  -9.813  70.914 0.4000000060
72636  -49.226  -9.702  69.171 0.4000000060
73702  -49.641  -9.576  67.156 0.4000000060
73724  -49.524  -9.664  65.989 0.4000000060
144950  -50.168  -9.653  66.610 0.4000000060
73725  -51.381  -9.982  66.428 0.4000000060
72704  -52.085  -10.413  63.655 0.4000000060
135724  -51.219  -10.831  64.054 0.4000000060
145051  -52.261  -10.327  65.509 0.4000000060
125915  -51.237  -10.624  62.932 0.5000000000
72715  -50.538  -10.925  62.192 0.5000000000
71675  -49.503  -12.026  60.548 0.5000000000
73670  -49.342  -9.306  69.826 0.4000000060
73706  -52.251  -9.053  67.862 0.4000000060
73703  -50.479  -9.618  67.705 0.4000000060
73704  -51.355  -9.611  67.659 0.4000000060
73726  -51.989  -9.824  66.832 0.4000000060
72689  -52.814  -10.238  65.183 0.4000000060
151051  -52.679  -10.176  65.631 0.4000000060
146572  -51.283  -10.534  61.980 0.5000000000
125948  -52.162  -10.221  62.473 0.4000000060
72716  -53.054  -10.207  63.411 0.4000000060
73705  -51.945  -9.369  67.849 0.4000000060
73738  -52.977  -10.012  65.485 0.4000000060
72705  -52.940  -10.314  64.361 0.4000000060
72690  -53.512  -10.071  64.632 0.4000000060
59589  -53.312  -22.777  68.197 0.2000000030
58501  -50.906  -23.208  66.944 0.2000000030
59587  -52.252  -21.923  68.555 0.2000000030
60712  -49.150  -21.663  65.123 0.2000000030
59605  -50.545  -22.358  66.974 0.2000000030
60643  -52.898  -20.754  68.062 0.2000000030
46822  -11.917  -33.005  86.730 0.5000000000
51514  -15.392  -28.673  87.990 0.4000000060
60765  -45.035  -21.797  59.896 0.3000000119
64906  -43.519  -17.586  59.583 0.4000000060
64899  -44.740  -17.632  60.710 0.3000000119
65983  -44.645  -16.645  60.983 0.3000000119
72651  -48.468  -9.910  67.685 0.4000000060
72652  -49.204  -9.652  67.851 0.4000000060
147917  -49.541  -10.653  64.458 0.5000000000
131703  -44.104  -19.020  59.597 0.3000000119
65984  -45.325  -16.465  61.719 0.2000000030
69257  -43.738  -13.741  72.419 0.4000000060
72626  -49.193  -9.939  70.460 0.4000000060
71505  -48.614  -10.155  71.287 0.4000000060
57363  -48.089  -24.123  62.856 0.3000000119
57349  -48.564  -24.523  63.451 0.2000000030
57350  -49.149  -23.865  63.903 0.2000000030
137034  -49.715  -24.011  64.591 0.2000000030
139613  -50.701  -24.984  65.663 0.2000000030
138524  -50.304  -24.076  65.404 0.2000000030
58569  -47.197  -23.136  61.762 0.3000000119
133624  -47.730  -22.664  62.368 0.2000000030
58533  -49.000  -23.068  63.852 0.2000000030
58557  -48.214  -23.159  62.831 0.3000000119
59637  -48.901  -22.285  64.333 0.2000000030
58516  -49.863  -23.219  65.224 0.2000000030
59680  -46.686  -22.576  61.294 0.3000000119
60756  -46.706  -21.640  61.425 0.3000000119
59653  -48.330  -21.726  63.708 0.2000000030
59621  -49.932  -22.493  65.875 0.2000000030
60767  -46.243  -21.144  60.955 0.3000000119
61783  -45.143  -20.896  60.069 0.3000000119
59666  -48.156  -22.245  62.994 0.2000000030
59665  -47.672  -21.679  62.665 0.2000000030
149757  -46.174  -20.415  61.222 0.3000000119
60732  -47.853  -21.150  63.369 0.2000000030
61761  -47.416  -20.730  62.870 0.2000000030
61744  -47.710  -20.210  63.640 0.2000000030
59604  -49.910  -21.686  66.456 0.2000000030
60670  -50.503  -21.198  67.546 0.2000000030
60693  -48.942  -20.751  65.395 0.2000000030
61720  -49.333  -20.154  66.334 0.2000000030
62866  -44.620  -19.457  59.938 0.3000000119
63894  -44.528  -18.504  60.151 0.4000000060
61777  -46.406  -19.944  61.806 0.3000000119
61707  -50.437  -20.197  67.793 0.2000000030
60641  -51.363  -20.320  68.297 0.2000000030
130511  -45.194  -20.001  60.329 0.3000000119
62848  -46.247  -19.044  61.929 0.2000000030
61760  -46.904  -20.315  62.356 0.2000000030
62836  -47.233  -19.762  63.117 0.2000000030
61731  -48.057  -19.733  64.452 0.2000000030
61719  -48.801  -19.682  65.742 0.2000000030
65911  -42.499  -15.935  70.713 0.4000000060
62791  -50.056  -18.481  67.271 0.2000000030
62804  -49.357  -18.964  66.628 0.2000000030
143924  -45.300  -17.889  61.221 0.2000000030
62822  -47.522  -19.035  64.084 0.2000000030
63877  -46.574  -18.521  62.701 0.2000000030
63857  -48.332  -17.837  65.429 0.2000000030
149762  -47.301  -18.172  64.001 0.2000000030
67135  -46.476  -16.223  62.666 0.2000000030
64869  -47.033  -17.167  63.665 0.2000000030
65971  -45.704  -16.991  62.166 0.2000000030
64870  -47.520  -17.427  64.202 0.2000000030
63847  -49.176  -17.790  65.883 0.2000000030
64788  -43.122  -17.222  72.754 0.2000000030
68100  -41.667  -14.904  72.891 0.2000000030
67027  -42.279  -15.425  73.271 0.2000000030
68101  -42.391  -14.759  73.264 0.3000000119
68114  -43.165  -14.414  73.224 0.4000000060
65962  -47.532  -16.895  63.865 0.2000000030
134153  -48.061  -17.005  64.382 0.2000000030
64871  -49.324  -17.072  64.259 0.2000000030
67136  -48.056  -16.004  62.312 0.2000000030
65964  -50.452  -16.492  63.067 0.2000000030
67158  -49.961  -15.083  61.314 0.2000000030
67138  -50.684  -15.435  61.827 0.2000000030
68233  -47.674  -14.513  61.272 0.4000000060
67159  -50.944  -15.261  61.437 0.2000000030
71629  -49.741  -11.437  63.428 0.5000000000
70555  -48.751  -12.478  61.002 0.5000000000
69396  -49.230  -13.778  60.318 0.5000000000
68234  -50.630  -14.907  60.921 0.3000000119
73737  -49.577  -9.976  65.088 0.4000000060
72670  -50.500  -9.937  65.841 0.4000000060
71661  -49.969  -11.352  61.366 0.5000000000
70573  -49.405  -12.958  60.032 0.4000000060
142404  -49.429  -9.735  70.081 0.4000000060
73685  -49.894  -9.481  68.915 0.4000000060
137446  -50.836  -9.762  66.813 0.4000000060
72688  -52.096  -10.455  64.673 0.4000000060
72611  -49.066  -9.612  70.400 0.4000000060
136266  -52.546  -22.689  68.494 0.2000000030
59588  -53.041  -21.672  68.304 0.2000000030
52556  -17.149  -28.347  87.695 0.3000000119
52579  -14.977  -28.924  83.807 0.2000000030
52568  -15.243  -28.731  84.621 0.2000000030
52631  -17.481  -28.624  80.574 0.1000000015
52645  -17.107  -28.628  79.920 0.1000000015
52646  -17.883  -28.662  79.783 0.1000000015
48024  -8.412  -32.104  86.816 0.4000000060
48025  -9.251  -32.200  87.007 0.3000000119
51520  -13.297  -29.603  88.011 0.2000000030
129332  -13.071  -29.653  86.858 0.1000000015
52561  -16.454  -28.137  87.320 0.2000000030
51529  -13.666  -29.447  85.849 0.1000000015
51530  -14.338  -28.984  86.157 0.2000000030
142305  -15.108  -28.610  85.985 0.2000000030
52560  -15.843  -28.267  86.657 0.2000000030
146471  -17.219  -28.064  86.663 0.2000000030
125759  -10.138  -31.267  82.839 0.1000000015
50387  -11.803  -30.875  83.175 0.1000000015
51540  -12.994  -30.216  83.746 0.1000000015
51541  -13.746  -29.657  84.413 0.1000000015
148579  -14.083  -29.313  85.212 0.1000000015
51542  -14.556  -29.101  84.742 0.2000000030
52569  -15.832  -28.385  85.189 0.2000000030
50404  -10.736  -31.146  82.185 0.1000000015
50405  -11.537  -30.924  82.327 0.1000000015
50406  -12.308  -30.616  82.484 0.1000000015
51547  -12.982  -30.234  82.762 0.1000000015
51548  -13.654  -29.814  83.161 0.1000000015
52580  -15.727  -28.579  83.756 0.2000000030
126153  -10.088  -30.924  81.048 0.1000000015
50424  -10.571  -30.991  81.508 0.1000000015
50426  -12.076  -30.576  81.631 0.1000000015
51556  -12.845  -30.205  81.884 0.1000000015
142610  -14.633  -29.175  82.001 0.1000000015
52583  -18.626  -28.305  83.872 0.1000000015
128195  -10.844  -30.796  80.853 0.1000000015
50425  -11.267  -30.863  81.523 0.1000000015
51573  -13.442  -29.753  81.310 0.1000000015
52597  -18.636  -28.510  82.372 0.1000000015
134321  -18.830  -28.438  83.218 0.1000000015
144435  -11.728  -30.290  79.731 0.1000000015
50454  -12.515  -29.956  79.919 0.1000000015
51591  -13.303  -29.619  80.402 0.1000000015
50480  -12.069  -30.004  79.021 0.1000000015
52632  -18.353  -28.682  80.556 0.1000000015
52616  -18.760  -28.665  81.425 0.1000000015
139541  -15.119  -28.657  77.857 0.1000000015
133217  -16.831  -28.630  78.094 0.1000000015
132638  -17.781  -28.631  78.156 0.1000000015
127333  -18.232  -28.705  78.951 0.1000000015
148292  -19.206  -28.958  79.275 0.1000000015
51593  -19.909  -29.254  80.592 0.1000000015
127887  -13.559  -28.748  75.975 0.1000000015
52666  -14.283  -28.720  77.602 0.1000000015
52681  -14.422  -28.643  76.607 0.1000000015
52667  -15.621  -28.623  77.296 0.1000000015
52668  -16.425  -28.604  77.346 0.1000000015
52669  -17.356  -28.580  77.240 0.1000000015
52657  -18.939  -28.846  78.870 0.1000000015
131618  -20.034  -29.489  79.203 0.1000000015
51618  -20.100  -29.621  78.478 0.1000000015
50325  -10.056  -31.142  87.129 0.2000000030
50316  -10.954  -30.922  87.525 0.3000000119
48023  -7.648  -31.989  86.664 0.3000000119
50323  -8.303  -31.147  86.840 0.1000000015
50317  -11.707  -30.634  87.967 0.2000000030
51512  -12.191  -30.152  88.014 0.1000000015
50366  -8.826  -30.820  85.204 0.1000000015
50343  -9.894  -30.894  86.268 0.1000000015
143462  -10.759  -30.745  86.890 0.1000000015
150062  -11.408  -30.481  86.361 0.1000000015
51519  -12.522  -29.897  87.645 0.1000000015
142256  -9.593  -30.969  84.429 0.1000000015
148802  -11.074  -30.885  84.904 0.1000000015
146698  -11.709  -30.636  85.177 0.1000000015
50345  -12.178  -30.134  86.445 0.1000000015
142298  -12.809  -30.095  85.145 0.1000000015
147132  -8.891  -30.959  83.364 0.1000000015
50403  -9.300  -31.097  82.729 0.1000000015
50386  -10.323  -31.159  83.751 0.1000000015
127843  -11.218  -30.947  84.090 0.1000000015
50368  -12.206  -30.651  84.046 0.1000000015
126677  -16.530  -28.111  85.941 0.2000000030
125757  -8.838  -30.952  82.012 0.1000000015
52570  -16.535  -28.199  84.472 0.2000000030
125753  -17.294  -28.159  83.839 0.1000000015
125935  -8.270  -30.754  81.290 0.1000000015
50451  -9.618  -30.743  80.415 0.1000000015
52595  -15.916  -28.610  82.623 0.1000000015
126177  -18.010  -28.156  84.390 0.1000000015
50476  -7.623  -30.570  79.844 0.1000000015
50450  -8.614  -30.653  80.358 0.1000000015
51604  -13.847  -29.179  79.812 0.1000000015
51592  -14.141  -29.243  80.758 0.1000000015
52628  -14.993  -28.856  80.838 0.1000000015
52596  -16.791  -28.475  82.122 0.1000000015
52582  -18.079  -28.288  83.211 0.1000000015
125496  -9.288  -30.578  79.646 0.1000000015
146484  -10.557  -30.475  79.276 0.1000000015
50479  -11.250  -30.301  79.102 0.1000000015
51603  -13.521  -29.179  79.050 0.1000000015
52642  -14.745  -28.867  79.882 0.1000000015
52614  -16.417  -28.610  81.371 0.1000000015
125752  -17.080  -28.565  81.278 0.1000000015
142335  -18.270  -28.522  81.825 0.1000000015
146628  -7.789  -30.473  79.068 0.1000000015
136340  -8.442  -30.495  79.399 0.1000000015
50478  -9.876  -30.500  79.049 0.1000000015
137889  -12.814  -29.562  79.036 0.1000000015
52665  -13.540  -28.958  77.737 0.1000000015
52641  -14.243  -28.894  79.108 0.1000000015
129371  -15.649  -28.703  80.226 0.1000000015
52615  -17.876  -28.558  81.358 0.1000000015
127090  -8.303  -30.436  78.620 0.1000000015
50477  -9.069  -30.443  78.854 0.1000000015
129695  -10.105  -30.308  77.769 0.1000000015
50518  -10.775  -30.124  77.572 0.1000000015
51628  -12.048  -29.555  77.607 0.1000000015
51616  -13.164  -29.219  78.316 0.1000000015
52654  -13.888  -28.898  78.378 0.1000000015
52656  -15.382  -28.669  78.589 0.1000000015
127767  -16.216  -28.640  78.788 0.1000000015
50498  -9.656  -30.411  78.294 0.1000000015
51627  -11.451  -29.762  77.258 0.1000000015
50516  -9.451  -30.373  77.554 0.1000000015
51626  -10.865  -29.951  76.865 0.1000000015
50321  -6.843  -31.104  86.696 0.3000000119
49207  -7.185  -31.471  86.838 0.2000000030
50322  -7.522  -31.091  86.765 0.2000000030
50341  -8.083  -30.857  86.176 0.1000000015
50342  -8.914  -30.907  86.272 0.1000000015
131521  -7.499  -30.682  84.217 0.1000000015
50384  -8.202  -30.814  83.754 0.1000000015
50400  -5.931  -30.627  82.880 0.1000000015
50422  -6.332  -30.672  81.734 0.1000000015
125758  -7.881  -30.756  82.174 0.1000000015
50423  -7.247  -30.668  81.364 0.1000000015
130551  -7.118  -30.636  80.504 0.1000000015
50449  -7.776  -30.654  80.671 0.1000000015
50495  -7.105  -30.632  79.076 0.1000000015
49312  -5.836  -31.065  79.420 0.1000000015
49335  -6.748  -30.942  78.287 0.1000000015
50496  -7.573  -30.596  78.434 0.1000000015
49336  -7.415  -30.802  77.694 0.1000000015
50515  -8.725  -30.454  77.323 0.1000000015
50497  -8.884  -30.441  78.086 0.1000000015
50514  -7.985  -30.664  77.097 0.1000000015
146835  -9.285  -30.333  76.910 0.1000000015
50339  -6.490  -30.851  86.260 0.1000000015
50338  -5.691  -30.970  86.391 0.1000000015
49224  -6.198  -31.232  86.597 0.1000000015
50340  -7.253  -30.793  86.208 0.2000000030
50337  -4.850  -31.029  86.528 0.2000000030
50364  -7.004  -30.648  85.199 0.2000000030
147887  -6.693  -30.613  83.267 0.1000000015
50365  -7.958  -30.731  84.970 0.2000000030
125936  -6.939  -30.650  82.411 0.1000000015
133597  -6.840  -30.601  84.129 0.1000000015
50421  -5.510  -30.710  81.743 0.1000000015
54755  -31.732  -26.751  82.343 0.1000000015
53677  -31.013  -27.302  81.480 0.1000000015
50336  -3.858  -30.907  86.536 0.2000000030
50363  -6.140  -30.675  85.157 0.1000000015
135276  -4.918  -30.584  84.700 0.1000000015
50383  -6.235  -30.583  83.902 0.1000000015
50382  -5.582  -30.603  84.302 0.1000000015
52972  -29.667  -29.103  60.635 0.3000000119
126839  -30.084  -29.214  60.971 0.3000000119
140647  -29.323  -29.093  59.655 0.3000000119
51909  -29.372  -30.219  58.329 0.2000000030
52997  -29.669  -29.311  58.708 0.3000000119
52973  -29.744  -28.705  60.077 0.3000000119
51910  -30.280  -29.566  57.905 0.2000000030
54013  -37.790  -27.499  61.403 0.2000000030
50760  -38.126  -30.354  60.892 0.2000000030
52975  -37.502  -28.336  60.779 0.2000000030
126519  -30.272  -28.760  60.788 0.3000000119
52986  -29.950  -28.378  58.919 0.3000000119
54043  -30.582  -27.112  58.719 0.2000000030
135530  -30.439  -28.629  58.163 0.3000000119
52999  -31.303  -28.066  57.800 0.2000000030
55053  -39.289  -26.508  61.687 0.2000000030
55068  -39.952  -26.106  60.769 0.2000000030
51911  -31.124  -28.986  57.595 0.2000000030
51920  -31.852  -28.610  57.518 0.2000000030
53008  -32.219  -28.090  57.595 0.2000000030
55052  -38.339  -26.691  61.625 0.2000000030
50807  -31.140  -30.964  57.370 0.2000000030
51921  -32.584  -28.833  57.483 0.2000000030
54023  -37.189  -27.295  60.686 0.2000000030
55051  -37.718  -26.851  61.295 0.2000000030
50796  -34.495  -30.686  57.902 0.2000000030
51913  -35.551  -29.624  58.530 0.2000000030
51884  -36.848  -29.486  59.701 0.2000000030
55008  -47.553  -26.897  64.648 0.2000000030
55043  -44.883  -26.220  63.084 0.2000000030
55056  -43.040  -26.009  62.053 0.2000000030
55069  -40.945  -26.018  60.958 0.2000000030
54044  -31.210  -27.344  58.176 0.2000000030
146035  -39.357  -25.892  60.280 0.2000000030
56229  -39.939  -25.702  59.934 0.2000000030
56228  -38.594  -25.916  60.240 0.2000000030
53009  -33.021  -28.260  57.580 0.2000000030
55066  -37.364  -26.547  60.642 0.2000000030
127225  -38.055  -26.389  60.850 0.2000000030
51923  -34.185  -29.028  57.736 0.2000000030
51912  -34.755  -29.782  57.972 0.2000000030
55028  -47.101  -26.345  63.800 0.2000000030
149595  -44.250  -25.334  61.432 0.2000000030
128607  -46.172  -25.574  62.587 0.2000000030
56210  -46.950  -25.349  62.760 0.2000000030
56232  -42.280  -25.375  60.545 0.2000000030
56230  -40.653  -25.666  60.192 0.2000000030
56268  -37.773  -25.183  58.937 0.2000000030
56269  -38.764  -25.118  58.952 0.2000000030
129481  -39.243  -25.528  59.605 0.2000000030
56248  -38.237  -25.557  59.550 0.2000000030
57373  -45.443  -24.648  61.288 0.2000000030
57362  -47.368  -24.561  62.465 0.2000000030
58567  -45.810  -23.854  60.943 0.2000000030
58578  -46.074  -22.962  60.772 0.2000000030
58603  -38.656  -23.692  58.330 0.2000000030
69397  -50.353  -13.995  59.946 0.5000000000
70574  -50.173  -12.359  59.778 0.5000000000
141067  -54.750  -13.732  57.279 0.1000000015
69434  -55.657  -13.436  57.792 0.1000000015
70601  -56.363  -12.815  58.624 0.1000000015
69445  -55.521  -14.099  57.261 0.1000000015
74734  -53.144  -8.787  65.697 0.3000000119
74733  -52.639  -8.730  66.808 0.3000000119
71676  -50.327  -11.535  60.306 0.5000000000
69435  -56.826  -13.529  58.261 0.1000000015
69459  -54.550  -13.982  56.878 0.1000000015
69446  -56.501  -14.139  57.715 0.1000000015
68307  -54.974  -14.234  56.423 0.1000000015
68296  -55.408  -14.310  56.871 0.1000000015
68322  -54.665  -14.068  55.648 0.1000000015
68308  -55.758  -14.556  56.605 0.1000000015
61589  -46.199  -20.520  74.008 0.1000000015
62689  -45.855  -19.273  73.479 0.2000000030
140224  -45.926  -19.925  72.561 0.2000000030
74690  -50.251  -8.795  69.636 0.3000000119
129884  -49.694  -8.822  69.737 0.3000000119
73686  -50.697  -9.316  68.881 0.3000000119
73671  -50.702  -8.982  69.379 0.3000000119
73687  -51.356  -9.199  68.710 0.3000000119
73688  -51.757  -9.029  68.562 0.3000000119
74709  -51.902  -8.801  68.375 0.3000000119
75775  -51.742  -7.711  67.442 0.2000000030
75795  -52.792  -7.705  65.922 0.2000000030
74719  -52.138  -8.432  67.703 0.3000000119
73728  -53.416  -9.658  65.017 0.2000000030
72706  -54.364  -10.111  63.623 0.1000000015
72728  -50.858  -10.784  61.067 0.4000000060
72732  -55.328  -10.627  62.486 0.2000000030
72746  -55.611  -10.892  61.770 0.2000000030
72729  -51.812  -10.342  61.370 0.3000000119
73754  -53.219  -10.033  62.518 0.3000000119
129472  -56.038  -11.153  61.523 0.1000000015
72747  -56.329  -11.105  61.150 0.1000000015
71678  -56.309  -11.493  60.682 0.3000000119
132560  -56.590  -11.346  60.464 0.2000000030
71696  -56.530  -11.857  59.971 0.2000000030
71697  -56.748  -11.932  59.951 0.2000000030
70587  -56.782  -12.395  59.452 0.2000000030
70588  -57.020  -12.450  59.456 0.2000000030
71712  -57.235  -12.239  59.186 0.2000000030
69436  -57.099  -13.464  58.367 0.1000000015
68298  -57.079  -14.592  57.602 0.1000000015
148338  -57.175  -13.356  58.267 0.2000000030
68324  -56.698  -14.989  56.384 0.1000000015
68323  -55.562  -14.521  55.918 0.1000000015
62724  -44.923  -20.122  70.506 0.3000000119
144761  -48.943  -8.806  69.430 0.3000000119
126906  -50.088  -9.076  69.700 0.3000000119
74708  -49.850  -8.276  69.188 0.2000000030
75746  -50.187  -7.744  68.286 0.2000000030
75747  -51.064  -7.746  68.175 0.3000000119
146926  -51.835  -7.130  66.546 0.2000000030
75818  -51.903  -6.106  65.060 0.1000000015
75819  -52.795  -6.784  64.894 0.1000000015
145457  -53.576  -8.643  64.774 0.1000000015
76823  -53.085  -6.398  63.970 0.1000000015
73739  -54.071  -9.491  64.293 0.1000000015
73755  -55.061  -10.325  63.041 0.1000000015
72733  -55.626  -10.706  62.087 0.1000000015
75850  -53.725  -6.591  63.211 0.1000000015
74757  -53.970  -8.184  63.904 0.1000000015
74767  -54.938  -9.255  62.997 0.1000000015
73765  -55.931  -9.983  61.926 0.1000000015
72734  -56.105  -10.846  61.729 0.1000000015
73791  -56.549  -10.581  60.624 0.1000000015
135245  -56.774  -10.431  59.912 0.1000000015
71698  -57.082  -12.025  59.653 0.2000000030
138991  -57.343  -11.701  58.625 0.2000000030
129158  -56.303  -14.782  55.360 0.1000000015
129006  -57.379  -14.975  57.132 0.1000000015
69486  -54.266  -13.768  54.612 0.1000000015
62688  -45.416  -18.952  72.593 0.2000000030
133963  -44.893  -19.151  71.286 0.3000000119
73648  -48.566  -9.416  70.415 0.3000000119
73669  -48.701  -9.098  69.901 0.3000000119
74707  -49.102  -8.351  68.828 0.2000000030
75745  -49.340  -7.846  67.986 0.2000000030
74745  -46.314  -8.499  64.521 0.2000000030
74746  -47.005  -8.154  64.915 0.2000000030
149171  -49.804  -7.478  67.156 0.2000000030
134732  -46.927  -8.137  63.930 0.1000000015
150405  -47.554  -7.896  64.461 0.1000000015
75815  -48.355  -7.567  64.514 0.1000000015
150667  -50.557  -7.435  67.413 0.2000000030
75814  -47.762  -7.804  63.737 0.1000000015
75816  -49.224  -7.272  64.996 0.1000000015
125251  -50.151  -7.088  65.426 0.1000000015
75794  -50.937  -6.923  65.912 0.1000000015
75833  -48.593  -7.449  63.476 0.1000000015
75834  -49.512  -7.021  63.454 0.1000000015
131757  -49.866  -6.926  64.453 0.1000000015
75817  -50.972  -6.636  64.946 0.1000000015
75847  -49.428  -7.206  62.480 0.1000000015
75835  -50.562  -6.555  63.849 0.1000000015
76820  -51.516  -6.046  64.211 0.1000000015
138507  -50.263  -6.874  62.070 0.1000000015
76851  -51.215  -6.099  63.308 0.1000000015
76837  -52.403  -5.647  63.510 0.1000000015
75848  -51.072  -6.293  62.465 0.1000000015
76853  -52.710  -5.586  62.751 0.1000000015
74766  -54.372  -7.912  63.104 0.1000000015
74777  -54.766  -7.686  62.434 0.1000000015
73776  -56.273  -9.907  61.061 0.1000000015
75849  -51.724  -6.023  62.182 0.1000000015
76865  -52.338  -5.679  62.307 0.1000000015
76854  -53.429  -5.664  62.522 0.1000000015
74778  -55.345  -8.339  61.962 0.1000000015
72767  -56.955  -11.388  59.792 0.2000000030
72768  -57.208  -11.467  59.184 0.2000000030
71717  -57.349  -12.526  58.294 0.1000000015
71719  -57.617  -12.241  57.072 0.1000000015
68309  -58.080  -15.077  56.725 0.1000000015
127447  -57.627  -13.462  57.414 0.1000000015
69498  -53.686  -13.787  52.951 0.1000000015
68348  -55.429  -14.362  53.593 0.1000000015
69460  -57.948  -14.488  57.080 0.1000000015
69493  -54.387  -13.832  53.611 0.1000000015
67202  -57.959  -15.397  56.293 0.1000000015
62674  -45.336  -18.557  73.768 0.2000000030
150301  -45.462  -18.896  74.217 0.2000000030
134077  -44.828  -18.094  73.498 0.2000000030
63779  -44.650  -18.099  72.416 0.3000000119
72608  -47.302  -10.338  71.375 0.3000000119
72587  -47.369  -10.753  72.086 0.3000000119
72609  -48.274  -9.779  71.100 0.3000000119
73668  -47.642  -9.282  69.126 0.3000000119
73684  -47.883  -8.812  68.499 0.3000000119
73699  -45.826  -9.400  66.383 0.2000000030
143884  -46.204  -8.945  66.146 0.2000000030
148045  -48.380  -8.483  68.293 0.3000000119
73722  -45.744  -9.102  65.621 0.2000000030
74731  -46.433  -8.625  65.479 0.2000000030
125181  -46.812  -8.677  66.444 0.2000000030
74732  -47.267  -8.254  65.891 0.2000000030
74718  -48.522  -8.068  67.526 0.2000000030
148374  -45.820  -8.815  64.946 0.2000000030
75772  -48.076  -7.911  66.326 0.2000000030
75791  -47.783  -7.857  65.264 0.2000000030
75792  -48.613  -7.587  65.609 0.2000000030
74755  -47.275  -8.012  63.190 0.1000000015
130157  -50.358  -7.233  66.432 0.2000000030
74756  -47.923  -7.781  62.914 0.1000000015
147823  -49.020  -7.302  62.991 0.1000000015
131089  -51.088  -6.687  61.675 0.1000000015
76866  -53.004  -5.527  62.070 0.1000000015
76868  -54.540  -5.669  61.343 0.1000000015
75865  -55.537  -6.590  61.033 0.1000000015
139707  -56.557  -9.349  60.089 0.1000000015
72801  -57.390  -11.430  57.708 0.2000000030
67220  -57.583  -15.423  55.312 0.1000000015
68358  -54.612  -14.211  52.853 0.1000000015
68336  -56.552  -14.849  54.329 0.1000000015
62673  -44.663  -18.465  74.279 0.1000000015
63751  -44.139  -17.963  73.668 0.1000000015
148294  -44.268  -17.624  73.204 0.1000000015
68102  -43.133  -14.066  73.306 0.3000000119
69245  -43.417  -13.646  73.799 0.2000000030
139557  -44.118  -12.706  74.121 0.2000000030
70404  -44.899  -12.433  73.675 0.2000000030
71543  -43.738  -11.633  68.242 0.2000000030
125977  -47.211  -9.991  70.384 0.3000000119
71563  -44.525  -10.777  67.337 0.2000000030
72633  -45.515  -10.228  67.621 0.2000000030
73667  -46.591  -9.712  68.400 0.2000000030
72649  -44.779  -10.227  66.629 0.2000000030
72650  -45.430  -9.829  66.731 0.2000000030
73683  -46.914  -9.236  67.865 0.3000000119
73698  -45.079  -9.644  65.884 0.2000000030
73700  -46.451  -9.109  66.870 0.2000000030
74716  -47.099  -8.834  67.332 0.2000000030
74717  -47.693  -8.450  67.125 0.2000000030
74765  -48.047  -7.871  62.105 0.1000000015
138922  -48.625  -7.544  62.622 0.1000000015
75863  -52.238  -6.139  61.665 0.1000000015
76867  -53.793  -5.630  61.743 0.1000000015
76869  -55.159  -5.789  60.968 0.1000000015
74789  -55.902  -8.258  61.078 0.1000000015
73808  -57.007  -10.293  58.950 0.1000000015
132916  -57.187  -10.846  58.289 0.2000000030
70618  -58.305  -13.911  56.388 0.1000000015
68325  -58.604  -15.493  55.739 0.1000000015
69244  -43.207  -13.230  73.977 0.2000000030
70386  -43.380  -12.921  74.138 0.2000000030
70403  -43.321  -12.498  73.452 0.2000000030
71523  -44.862  -11.354  69.914 0.2000000030
71545  -45.448  -10.872  69.397 0.3000000119
71544  -44.530  -11.340  68.766 0.2000000030
72624  -46.192  -10.248  69.082 0.3000000119
74764  -47.314  -8.112  62.445 0.1000000015
75862  -49.604  -7.454  61.671 0.1000000015
145695  -50.279  -7.253  61.493 0.1000000015
75873  -51.653  -7.178  61.039 0.1000000015
76882  -53.281  -5.787  61.408 0.1000000015
76884  -54.889  -5.666  60.566 0.1000000015
75875  -56.067  -6.642  60.322 0.1000000015
74790  -56.356  -8.060  60.280 0.1000000015
75876  -56.513  -6.619  59.642 0.1000000015
73807  -56.847  -9.085  59.226 0.1000000015
67221  -58.766  -15.816  54.764 0.1000000015
69461  -58.724  -14.944  55.984 0.1000000015
68349  -56.981  -15.312  53.172 0.1000000015
68326  -59.120  -15.568  55.098 0.1000000015
67245  -57.064  -15.764  52.133 0.1000000015
67233  -57.933  -15.607  54.043 0.1000000015
146170  -54.454  -16.793  50.900 0.1000000015
127931  -55.741  -16.346  51.180 0.1000000015
64963  -53.596  -17.407  50.871 0.1000000015
148328  -42.809  -12.586  72.768 0.2000000030
74773  -47.486  -8.294  61.611 0.1000000015
75874  -52.637  -6.745  60.934 0.1000000015
150486  -54.250  -5.764  60.458 0.1000000015
76885  -55.668  -5.768  60.226 0.1000000015
74802  -56.749  -7.822  59.476 0.1000000015
139368  -57.141  -8.863  58.331 0.1000000015
67222  -59.157  -15.753  54.506 0.1000000015
67261  -56.978  -16.383  51.398 0.1000000015
147625  -57.920  -15.874  52.486 0.1000000015
66084  -54.656  -17.373  50.395 0.1000000015
67246  -57.786  -16.165  51.611 0.1000000015
66067  -57.594  -16.712  50.684 0.1000000015
127779  -57.871  -16.045  51.675 0.1000000015
74774  -48.271  -8.134  61.361 0.1000000015
75846  -48.821  -7.681  61.879 0.1000000015
74775  -49.083  -8.021  61.177 0.1000000015
74776  -49.878  -7.805  61.030 0.1000000015
75880  -53.841  -6.676  60.055 0.1000000015
75881  -55.019  -6.076  59.177 0.1000000015
76896  -55.438  -5.673  59.756 0.1000000015
75882  -56.996  -6.559  58.935 0.1000000015
73831  -57.217  -9.819  57.871 0.1000000015
76904  -55.709  -5.645  59.127 0.1000000015
76905  -56.208  -5.687  58.603 0.1000000015
147129  -57.312  -10.533  57.444 0.1000000015
131257  -57.977  -12.968  56.509 0.1000000015
70623  -58.444  -13.019  55.690 0.1000000015
76898  -56.476  -5.897  59.100 0.1000000015
75888  -57.266  -6.722  58.281 0.1000000015
67235  -59.150  -15.656  54.055 0.1000000015
69475  -59.233  -14.798  54.944 0.1000000015
68350  -58.763  -15.514  53.600 0.1000000015
68337  -59.286  -15.403  54.388 0.1000000015
67247  -58.069  -15.649  52.779 0.1000000015
68351  -59.161  -15.207  53.846 0.1000000015
74801  -54.271  -7.226  59.419 0.1000000015
143680  -54.622  -5.867  59.886 0.1000000015
76906  -56.984  -5.897  58.127 0.1000000015
74812  -57.393  -7.620  57.905 0.1000000015
72803  -57.576  -10.981  56.585 0.1000000015
70619  -58.826  -13.976  55.397 0.1000000015
70624  -58.826  -13.047  54.879 0.1000000015
131819  -59.019  -13.880  54.657 0.1000000015
69500  -58.081  -14.637  52.770 0.1000000015
68359  -58.234  -15.479  52.709 0.1000000015
70641  -57.649  -13.367  53.029 0.1000000015
69494  -58.589  -14.137  53.569 0.1000000015
130716  -57.472  -8.681  57.424 0.1000000015
73856  -57.801  -9.801  55.879 0.1000000015
71721  -57.935  -12.072  56.006 0.1000000015
139307  -57.760  -8.632  56.470 0.1000000015
72805  -58.055  -11.038  55.485 0.1000000015
71722  -58.521  -12.086  55.147 0.1000000015
71724  -58.752  -12.214  54.437 0.1000000015
69487  -59.189  -14.308  54.204 0.1000000015
70632  -58.833  -13.104  53.921 0.1000000015
75886  -55.454  -6.103  58.512 0.1000000015
145112  -58.194  -10.109  55.045 0.1000000015
72806  -58.486  -11.146  54.563 0.1000000015
149832  -58.663  -11.558  54.067 0.1000000015
74848  -58.116  -8.583  55.556 0.1000000015
73857  -58.341  -9.168  54.853 0.1000000015
139513  -58.464  -10.012  54.267 0.1000000015
51549  -14.382  -29.355  83.517 0.1000000015
52612  -15.193  -28.873  81.720 0.1000000015
51558  -14.226  -29.437  82.530 0.1000000015
52629  -15.770  -28.697  81.088 0.1000000015
52594  -15.039  -28.928  82.737 0.1000000015
52630  -16.551  -28.628  80.577 0.1000000015
52644  -16.381  -28.638  79.647 0.1000000015
73727  -52.842  -9.529  66.035 0.3000000119
72717  -54.171  -10.294  63.170 0.2000000030
146876  -54.838  -10.540  62.708 0.2000000030
135335  -54.920  -10.629  62.143 0.2000000030
138267  -53.728  -10.268  63.987 0.3000000119
72766  -55.112  -10.870  60.583 0.2000000030
73746  -54.041  -9.980  64.281 0.2000000030
71695  -54.508  -10.951  59.359 0.2000000030
72731  -53.979  -10.077  62.013 0.2000000030
72707  -54.914  -10.377  63.063 0.1000000015
72745  -54.486  -10.386  61.208 0.2000000030
131416  -55.776  -11.548  60.102 0.2000000030
74754  -46.200  -8.481  63.763 0.1000000015
71522  -43.924  -11.734  69.294 0.2000000030
70413  -43.333  -12.142  71.812 0.2000000030
146094  -44.287  -11.227  67.928 0.2000000030
73721  -44.498  -9.704  65.064 0.2000000030
49222  -3.529  -31.270  86.681 0.2000000030
148396  -15.377  -28.495  87.290 0.2000000030
54022  -29.996  -27.604  60.065 0.3000000119
140353  -35.861  -28.799  58.896 0.2000000030
51899  -36.224  -29.536  59.091 0.2000000030
51871  -37.795  -29.289  60.848 0.2000000030
51885  -37.295  -29.096  60.315 0.2000000030
54058  -32.665  -27.404  57.745 0.2000000030
53010  -33.694  -28.452  57.663 0.2000000030
57420  -39.208  -24.416  58.620 0.2000000030
56249  -40.354  -25.321  59.565 0.2000000030
144154  -39.852  -25.408  59.516 0.2000000030
56251  -41.913  -25.029  59.877 0.2000000030
56231  -41.472  -25.532  60.381 0.2000000030
56247  -37.313  -25.669  59.584 0.2000000030
57403  -42.269  -24.388  59.525 0.2000000030
142841  -37.734  -26.007  60.207 0.2000000030
57384  -42.677  -24.828  60.060 0.2000000030
59696  -45.524  -22.375  60.336 0.2000000030
127577  -45.839  -20.827  72.282 0.2000000030
60564  -46.014  -21.226  73.066 0.1000000015
48036  -4.470  -31.449  86.629 0.2000000030
149560  -19.263  -28.762  82.029 0.1000000015
51605  -19.571  -29.126  79.715 0.1000000015
57372  -44.627  -24.840  61.022 0.2000000030
50792  -29.281  -30.994  57.912 0.2000000030
71490  -44.271  -11.893  73.170 0.2000000030
70388  -44.455  -12.479  73.927 0.2000000030
71524  -45.940  -10.770  70.708 0.3000000119
71502  -45.254  -11.224  71.359 0.2000000030
48026  -10.037  -32.157  87.275 0.2000000030
54033  -30.082  -27.664  59.226 0.3000000119
58568  -46.530  -23.523  61.326 0.2000000030
126822  -17.216  -28.636  79.046 0.1000000015
49209  -8.695  -31.585  87.057 0.3000000119
49210  -9.531  -31.601  87.241 0.2000000030
126678  -10.972  -31.189  83.038 0.1000000015
50388  -12.479  -30.574  83.217 0.1000000015
125755  -17.263  -28.039  85.147 0.2000000030
51557  -13.542  -29.817  82.208 0.1000000015
125756  -9.857  -31.105  81.926 0.1000000015
50452  -10.335  -30.749  80.420 0.1000000015
136269  -11.741  -30.484  80.653 0.1000000015
51572  -12.663  -30.112  80.964 0.1000000015
149222  -14.602  -29.101  81.395 0.1000000015
51574  -14.094  -29.420  81.691 0.1000000015
50453  -10.954  -30.560  79.975 0.1000000015
50500  -11.532  -29.998  78.168 0.1000000015
51615  -12.405  -29.578  78.266 0.1000000015
52617  -19.538  -28.993  81.350 0.1000000015
52633  -19.180  -28.868  80.546 0.1000000015
52655  -14.625  -28.734  78.437 0.1000000015
128445  -14.897  -28.734  79.078 0.1000000015
52643  -15.540  -28.679  79.366 0.1000000015
148054  -14.934  -28.645  77.205 0.1000000015
52670  -18.297  -28.641  77.416 0.1000000015
52647  -18.797  -28.792  79.668 0.1000000015
51617  -19.495  -29.165  78.842 0.1000000015
143545  -16.731  -28.567  76.746 0.1000000015
127501  -18.618  -28.728  78.198 0.1000000015
49208  -7.886  -31.526  86.955 0.2000000030
50324  -9.159  -31.188  86.934 0.1000000015
144544  -11.671  -30.384  87.414 0.1000000015
125813  -8.856  -30.896  84.154 0.1000000015
135898  -9.520  -30.869  85.395 0.1000000015
50367  -10.376  -30.925  84.883 0.1000000015
50344  -10.876  -30.777  85.709 0.1000000015
50385  -9.541  -31.120  83.507 0.1000000015
50402  -8.450  -30.880  82.848 0.1000000015
125600  -9.227  -30.868  81.181 0.1000000015
52581  -16.592  -28.362  83.239 0.1000000015
52613  -15.923  -28.674  81.844 0.1000000015
148767  -15.509  -28.784  82.214 0.1000000015
143279  -17.306  -28.320  82.886 0.1000000015
147641  -17.377  -28.495  81.724 0.1000000015
126994  -17.767  -28.418  82.192 0.1000000015
50499  -10.545  -30.329  78.455 0.1000000015
51629  -12.785  -29.186  77.459 0.1000000015
50401  -7.505  -30.697  83.221 0.1000000015
50475  -6.585  -30.716  79.833 0.1000000015
49313  -6.420  -30.913  79.037 0.1000000015
49357  -6.809  -31.128  77.501 0.1000000015
147009  -7.245  -31.012  76.941 0.1000000015
50535  -8.674  -30.488  76.438 0.1000000015
50362  -5.256  -30.719  85.739 0.1000000015
50793  -30.261  -30.527  57.621 0.2000000030
147750  -30.301  -27.681  58.803 0.2000000030
52998  -30.596  -27.803  58.422 0.2000000030
55054  -40.337  -26.403  61.689 0.2000000030
50794  -31.122  -29.969  57.467 0.2000000030
50795  -31.952  -29.407  57.412 0.2000000030
55067  -38.930  -26.276  60.897 0.2000000030
50808  -32.132  -30.491  57.389 0.2000000030
50809  -33.124  -30.534  57.498 0.2000000030
51922  -33.386  -29.051  57.548 0.2000000030
56198  -46.538  -25.962  63.217 0.2000000030
56208  -44.199  -25.831  62.297 0.2000000030
56209  -45.318  -25.732  62.451 0.2000000030
127737  -43.071  -25.201  60.697 0.2000000030
56219  -43.506  -25.522  61.418 0.2000000030
55070  -41.803  -25.820  61.146 0.2000000030
127861  -47.185  -25.728  63.272 0.2000000030
55044  -45.740  -26.148  63.125 0.2000000030
57360  -45.827  -25.148  61.929 0.2000000030
57361  -46.611  -24.877  62.167 0.2000000030
57374  -46.247  -24.391  61.543 0.2000000030
70602  -57.024  -12.931  58.887 0.2000000030
75796  -53.249  -7.835  65.200 0.1000000015
126023  -52.268  -7.673  66.759 0.2000000030
142208  -54.101  -13.950  56.308 0.1000000015
69447  -57.160  -14.082  57.908 0.1000000015
68297  -56.339  -14.619  57.164 0.1000000015
61602  -46.206  -20.234  73.253 0.1000000015
73672  -51.236  -8.946  69.041 0.3000000119
75719  -50.549  -8.301  69.083 0.3000000119
75720  -51.131  -8.430  68.858 0.3000000119
75774  -51.201  -7.205  66.834 0.2000000030
131893  -52.225  -6.751  65.734 0.2000000030
72718  -54.984  -10.458  62.961 0.1000000015
72719  -55.193  -10.534  62.651 0.1000000015
143052  -55.937  -11.373  61.091 0.2000000030
72730  -52.775  -9.986  61.625 0.3000000119
69437  -57.342  -13.994  57.825 0.1000000015
143786  -51.582  -6.662  65.878 0.1000000015
144255  -52.286  -6.190  64.805 0.1000000015
76821  -52.149  -5.804  64.265 0.1000000015
76822  -52.600  -6.020  64.120 0.1000000015
75820  -53.404  -7.353  64.327 0.1000000015
76838  -53.027  -5.820  63.359 0.1000000015
74758  -54.438  -9.093  63.636 0.1000000015
73747  -54.576  -10.026  63.577 0.1000000015
144062  -55.427  -10.125  62.579 0.1000000015
68299  -57.520  -14.600  57.475 0.1000000015
68335  -55.351  -14.224  54.759 0.1000000015
69492  -53.509  -13.586  53.878 0.1000000015
148289  -54.847  -13.933  54.104 0.1000000015
142894  -49.071  -7.206  64.170 0.1000000015
75793  -49.496  -7.392  66.022 0.2000000030
125073  -50.323  -6.643  62.893 0.1000000015
76852  -51.895  -5.677  62.870 0.1000000015
76836  -51.871  -5.713  63.649 0.1000000015
75851  -54.380  -6.722  62.500 0.1000000015
76855  -54.176  -5.878  62.165 0.1000000015
75864  -54.905  -6.385  61.755 0.1000000015
69497  -52.739  -13.894  52.813 0.1000000015
136951  -52.925  -13.586  53.387 0.1000000015
72625  -47.410  -9.667  69.744 0.3000000119
73682  -46.096  -9.613  67.264 0.2000000030
139422  -45.205  -9.216  64.972 0.2000000030
75773  -48.928  -7.657  66.736 0.2000000030
67210  -58.555  -15.669  55.511 0.1000000015
132975  -43.575  -12.974  74.221 0.3000000119
127960  -46.414  -10.461  70.139 0.3000000119
72623  -45.034  -10.798  68.299 0.2000000030
75872  -50.705  -7.526  61.030 0.1000000015
76883  -54.135  -5.574  61.061 0.1000000015
70402  -42.598  -13.035  73.521 0.1000000015
76886  -56.190  -5.880  59.753 0.1000000015
126011  -57.939  -15.675  53.065 0.1000000015
68371  -55.789  -15.594  51.739 0.1000000015
67234  -58.828  -15.707  53.849 0.1000000015
150916  -55.033  -16.505  51.026 0.1000000015
130104  -53.541  -6.165  60.705 0.1000000015
76897  -56.003  -5.612  59.453 0.1000000015
74811  -57.124  -7.694  58.710 0.1000000015
66085  -55.543  -17.423  50.087 0.1000000015
66065  -55.498  -16.934  50.682 0.1000000015
131840  -55.023  -17.616  49.484 0.1000000015
66086  -56.599  -17.144  50.125 0.1000000015
131261  -58.838  -14.928  53.466 0.1000000015
73849  -57.469  -9.739  56.929 0.1000000015
70627  -58.981  -13.132  54.288 0.1000000015
70631  -58.301  -12.942  53.498 0.1000000015
145737  -58.763  -12.193  54.009 0.1000000015
128980  -58.515  -11.267  53.689 0.1000000015
66001  -50.302  -15.743  60.904 0.2000000030
135393  -50.294  -14.687  60.342 0.2000000030
69414  -50.530  -13.304  59.542 0.4000000060
72764  -52.604  -10.601  59.995 0.3000000119
71692  -50.941  -11.914  59.525 0.3000000119
72744  -52.390  -10.262  60.822 0.3000000119
70585  -51.816  -11.927  59.058 0.3000000119
133059  -42.406  -13.740  73.404 0.2000000030
131736  -42.611  -12.458  69.366 0.1000000015
70446  -43.143  -12.107  68.769 0.1000000015
70431  -43.287  -12.176  69.963 0.1000000015
67182  -50.834  -15.143  61.115 0.2000000030
71677  -51.046  -11.183  60.173 0.3000000119
71562  -43.664  -11.351  67.230 0.1000000015
72667  -44.294  -10.192  65.792 0.1000000015
145057  -42.363  -12.782  72.080 0.1000000015
134220  -53.320  -10.092  60.874 0.2000000030
72763  -51.682  -10.661  60.484 0.3000000119
66010  -50.291  -15.244  60.477 0.2000000030
68262  -50.649  -14.032  59.549 0.4000000060
70586  -52.352  -11.311  59.294 0.3000000119
71693  -51.692  -11.252  59.707 0.3000000119
44671  -2.584  -35.146  85.719 0.1000000015
126217  -3.180  -35.471  87.174 0.1000000015
44673  -4.365  -35.900  86.294 0.1000000015
50335  -2.189  -30.621  86.375 0.1000000015
44677  -3.299  -35.460  84.118 0.1000000015
44678  -4.143  -35.862  84.807 0.1000000015
44672  -3.455  -35.499  85.626 0.1000000015
144607  -1.566  -30.206  86.197 0.1000000015
126317  -1.032  -30.662  84.428 0.1000000015
140467  -3.766  -30.528  85.763 0.1000000015
50361  -4.484  -30.635  85.824 0.1000000015
50397  -2.847  -30.525  83.644 0.1000000015
50380  -3.336  -30.414  84.642 0.1000000015
50360  -2.988  -30.351  86.129 0.1000000015
128016  -1.918  -31.427  82.458 0.1000000015
50381  -4.220  -30.491  84.325 0.1000000015
133371  -33.684  -26.496  83.868 0.1000000015
54729  -34.208  -26.608  83.424 0.1000000015
138262  -35.923  -27.847  83.026 0.1000000015
53667  -36.366  -27.619  82.373 0.1000000015
51583  -37.330  -29.677  81.861 0.1000000015
53680  -37.204  -27.538  81.725 0.1000000015
53679  -36.508  -27.397  81.763 0.1000000015
52619  -37.957  -28.034  81.688 0.1000000015
53681  -38.737  -27.602  81.248 0.1000000015
53693  -39.553  -27.252  80.803 0.1000000015
53692  -38.732  -27.074  80.874 0.1000000015
48057  -2.135  -31.922  85.567 0.1000000015
50359  -2.076  -30.021  85.828 0.1000000015
49247  -1.688  -30.409  84.471 0.1000000015
50379  -2.543  -30.280  84.674 0.1000000015
49248  -2.105  -30.757  83.432 0.1000000015
127547  -3.089  -30.894  86.585 0.1000000015
141381  -37.492  -28.844  81.908 0.1000000015
52620  -38.641  -28.461  81.319 0.1000000015
52621  -39.321  -28.293  80.996 0.1000000015
52636  -40.129  -28.290  80.516 0.1000000015
49206  -1.790  -30.936  86.621 0.1000000015
52607  -37.129  -28.117  82.221 0.1000000015
53691  -38.015  -27.289  81.215 0.1000000015
68288  -50.885  -13.998  59.070 0.2000000030
69243  -41.562  -14.150  72.734 0.1000000015
69415  -51.065  -13.458  59.142 0.2000000030
70584  -50.865  -12.769  59.379 0.3000000119
130261  -51.106  -13.549  58.644 0.2000000030
146742  -51.415  -12.736  59.034 0.2000000030
69256  -41.209  -13.618  71.629 0.1000000015
69416  -51.470  -13.162  58.549 0.2000000030
65904  -41.371  -15.990  72.202 0.1000000015
63760  -42.615  -17.748  72.272 0.1000000015
64787  -42.526  -16.877  72.422 0.1000000015
69255  -40.821  -14.083  71.558 0.1000000015
68099  -41.109  -14.558  72.207 0.1000000015
147149  -40.716  -13.715  70.762 0.1000000015
63762  -43.667  -17.480  73.178 0.1000000015
67055  -40.647  -15.725  71.199 0.1000000015
68280  -50.476  -14.360  59.525 0.2000000030
70598  -52.089  -12.611  58.454 0.2000000030
133776  -52.952  -12.386  58.057 0.2000000030
70600  -55.053  -12.292  58.151 0.1000000015
142773  -52.464  -12.951  57.899 0.2000000030
71709  -52.670  -11.754  58.661 0.2000000030
70599  -53.845  -12.448  57.814 0.2000000030
71710  -53.872  -11.593  58.416 0.2000000030
145352  -55.067  -11.485  58.850 0.2000000030
71711  -56.013  -12.190  59.291 0.2000000030
71694  -53.260  -10.977  59.195 0.1000000015
72765  -53.863  -10.449  60.081 0.1000000015
133449  -24.250  -40.691  75.135 0.1000000015
38629  -24.116  -40.642  74.168 0.1000000015
39612  -24.952  -40.041  74.791 0.1000000015
38647  -23.569  -41.350  73.610 0.1000000015
39635  -24.820  -40.116  73.805 0.1000000015
39613  -25.742  -39.377  74.490 0.1000000015
39655  -24.764  -40.333  73.039 0.1000000015
39593  -25.749  -39.448  75.519 0.1000000015
41690  -26.061  -38.374  74.809 0.1000000015
39636  -25.475  -39.761  73.343 0.1000000015
40657  -25.986  -39.662  72.864 0.1000000015
42736  -25.498  -37.702  74.040 0.1000000015
39656  -25.319  -40.417  72.453 0.1000000015
40658  -26.268  -39.980  72.173 0.1000000015
40612  -26.256  -38.819  74.513 0.1000000015
41691  -26.258  -38.454  74.323 0.1000000015
40635  -26.214  -39.171  73.760 0.1000000015
125116  -26.094  -37.845  73.507 0.1000000015
40636  -26.407  -38.738  73.830 0.1000000015
39679  -25.942  -41.237  71.851 0.1000000015
52952  -48.971  -28.127  62.925 0.1000000015
41713  -26.361  -38.283  73.694 0.1000000015
40637  -26.878  -38.594  72.743 0.1000000015
52951  -48.199  -28.322  62.707 0.1000000015
54002  -48.542  -27.596  62.140 0.1000000015
39680  -26.947  -41.237  71.769 0.1000000015
52964  -46.980  -28.281  61.943 0.1000000015
38674  -26.501  -42.362  71.873 0.1000000015
51865  -45.579  -29.446  62.750 0.1000000015
52949  -46.692  -28.766  62.496 0.1000000015
54001  -47.727  -27.990  62.055 0.1000000015
130963  -47.963  -27.488  61.534 0.1000000015
37653  -26.559  -42.500  71.795 0.1000000015
52962  -45.294  -28.718  61.216 0.1000000015
54015  -46.581  -28.114  61.319 0.1000000015
54016  -47.250  -27.690  61.264 0.1000000015
54025  -46.549  -27.743  60.632 0.1000000015
52961  -44.581  -28.826  60.659 0.1000000015
52940  -50.292  -28.441  63.986 0.1000000015
52939  -49.323  -28.675  63.742 0.1000000015
51858  -49.256  -29.225  64.406 0.1000000015
51857  -48.499  -29.151  63.984 0.1000000015
140268  -48.564  -28.624  63.327 0.1000000015
135117  -27.186  -39.421  72.198 0.1000000015
51867  -47.113  -28.999  63.158 0.1000000015
52938  -47.898  -28.831  63.268 0.1000000015
53988  -50.669  -27.664  63.510 0.1000000015
54018  -49.175  -26.930  61.724 0.1000000015
55058  -49.085  -26.557  60.917 0.1000000015
41731  -27.706  -38.167  72.236 0.1000000015
50734  -46.226  -29.891  64.879 0.1000000015
51842  -47.000  -29.657  64.587 0.1000000015
54003  -49.426  -27.422  62.481 0.1000000015
54017  -48.496  -27.053  61.297 0.1000000015
54027  -48.462  -26.729  60.475 0.1000000015
37635  -26.972  -42.839  72.129 0.1000000015
51841  -46.137  -29.725  64.196 0.1000000015
37636  -27.329  -42.945  72.378 0.1000000015
37654  -27.552  -43.116  72.264 0.1000000015
146680  -38.395  -36.949  69.654 0.1000000015
148965  -37.737  -36.960  69.969 0.1000000015
42810  -37.635  -37.691  70.869 0.1000000015
52926  -49.971  -29.106  64.520 0.1000000015
53987  -49.799  -27.925  63.236 0.1000000015
40681  -26.826  -40.398  71.810 0.1000000015
51844  -48.882  -29.590  64.882 0.1000000015
51828  -48.562  -29.936  65.547 0.1000000015
53972  -51.237  -28.146  64.359 0.1000000015
55045  -49.918  -26.723  62.045 0.1000000015
55083  -49.093  -26.433  60.099 0.1000000015
40659  -28.079  -38.811  72.104 0.1000000015
40682  -27.642  -40.094  71.742 0.1000000015
50699  -46.614  -30.263  66.291 0.1000000015
125068  -47.342  -30.161  66.041 0.1000000015
52929  -52.378  -28.476  65.838 0.1000000015
140126  -51.960  -28.144  64.991 0.1000000015
132068  -51.902  -27.647  64.479 0.1000000015
54004  -50.255  -27.221  62.750 0.1000000015
54005  -51.071  -26.932  63.020 0.1000000015
38675  -27.214  -42.484  72.266 0.1000000015
50690  -46.743  -30.411  67.384 0.1000000015
54960  -52.885  -26.782  67.740 0.1000000015
147866  -52.537  -27.229  67.595 0.1000000015
53953  -52.968  -28.021  66.395 0.1000000015
129127  -47.840  -26.854  59.958 0.1000000015
41732  -28.655  -37.906  72.278 0.1000000015
54037  -47.227  -27.109  59.363 0.1000000015
37637  -27.669  -42.970  72.742 0.1000000015
50647  -45.297  -29.733  70.341 0.1000000015
42781  -28.935  -37.130  71.808 0.1000000015
36603  -28.291  -43.147  73.111 0.1000000015
37638  -28.243  -42.885  73.172 0.1000000015
51751  -43.722  -29.728  70.651 0.1000000015
36587  -29.113  -43.379  73.754 0.1000000015
48292  -41.463  -32.455  70.380 0.1000000015
50656  -42.297  -30.517  70.181 0.1000000015
48302  -41.264  -32.992  69.278 0.1000000015
125902  -41.409  -32.172  69.530 0.1000000015
44776  -41.155  -35.267  69.628 0.1000000015
148954  -41.244  -33.757  69.516 0.1000000015
44787  -40.708  -35.495  68.693 0.1000000015
142461  -40.174  -36.279  68.645 0.1000000015
142528  -39.342  -36.327  68.194 0.1000000015
41771  -36.769  -38.257  70.112 0.1000000015
42832  -37.337  -37.190  70.078 0.1000000015
39702  -36.293  -40.860  70.420 0.1000000015
132543  -36.693  -39.886  70.481 0.1000000015
41772  -37.241  -38.262  70.902 0.1000000015
136462  -36.593  -41.284  71.146 0.1000000015
39684  -36.883  -40.424  71.104 0.1000000015
39685  -37.356  -40.027  71.906 0.1000000015
37640  -36.646  -42.816  72.444 0.1000000015
52927  -50.808  -28.929  64.844 0.1000000015
51846  -50.489  -29.556  65.402 0.1000000015
52912  -51.297  -29.418  65.820 0.1000000015
51829  -49.381  -29.978  65.691 0.1000000015
50724  -49.200  -30.311  66.360 0.1000000015
50701  -49.118  -30.433  67.290 0.1000000015
55059  -49.752  -26.383  61.258 0.1000000015
50691  -47.813  -30.397  68.015 0.1000000015
53898  -52.620  -27.768  67.574 0.1000000015
53989  -51.501  -27.348  63.784 0.1000000015
55046  -50.685  -26.524  62.293 0.1000000015
55071  -49.702  -26.224  60.443 0.1000000015
146498  -48.542  -26.607  59.651 0.1000000015
40683  -28.467  -39.705  71.885 0.1000000015
39681  -28.025  -40.933  71.857 0.1000000015
50674  -46.978  -30.344  68.783 0.1000000015
53973  -52.662  -27.677  65.193 0.1000000015
53990  -52.340  -27.064  64.200 0.1000000015
54038  -47.997  -26.784  59.091 0.1000000015
38663  -28.043  -42.254  72.595 0.1000000015
135050  -46.512  -30.128  69.685 0.1000000015
52817  -46.462  -28.944  70.161 0.1000000015
54961  -53.322  -26.602  67.517 0.1000000015
54049  -46.419  -27.341  58.710 0.1000000015
54050  -47.445  -27.114  58.438 0.1000000015
40660  -29.312  -38.516  72.436 0.1000000015
38664  -29.167  -41.900  73.129 0.1000000015
52795  -45.372  -29.276  70.355 0.1000000015
52839  -45.090  -28.475  69.432 0.1000000015
54060  -45.795  -27.574  57.832 0.1000000015
37623  -29.046  -42.941  73.831 0.1000000015
50657  -42.891  -29.993  70.554 0.1000000015
52813  -43.429  -28.843  69.362 0.1000000015
146044  -29.550  -36.309  71.385 0.1000000015
37607  -30.549  -43.044  75.616 0.1000000015
145463  -41.555  -30.909  68.541 0.1000000015
137202  -41.853  -30.250  68.495 0.1000000015
51793  -41.745  -29.576  67.667 0.1000000015
35562  -31.316  -44.287  76.556 0.1000000015
38631  -32.269  -40.923  76.808 0.1000000015
48301  -41.232  -32.288  68.482 0.1000000015
49520  -41.302  -31.460  68.120 0.1000000015
36567  -32.288  -43.781  77.306 0.1000000015
47101  -40.685  -33.968  67.700 0.1000000015
47095  -41.003  -33.167  68.162 0.1000000015
44805  -40.136  -35.738  67.794 0.1000000015
43816  -38.275  -36.505  68.742 0.1000000015
40724  -36.492  -39.239  69.937 0.1000000015
42855  -36.406  -37.101  69.005 0.1000000015
43793  -36.915  -36.758  69.430 0.1000000015
38688  -36.033  -41.869  70.697 0.1000000015
51795  -50.947  -29.727  67.690 0.1000000015
51831  -50.946  -29.941  66.427 0.1000000015
52928  -51.607  -28.723  65.317 0.1000000015
52885  -49.164  -28.748  67.802 0.1000000015
51794  -50.053  -29.894  68.106 0.1000000015
52865  -48.922  -29.272  68.565 0.1000000015
51780  -49.293  -29.855  68.679 0.1000000015
53917  -47.324  -27.806  66.393 0.1000000015
126131  -48.260  -28.978  68.862 0.1000000015
52842  -47.763  -29.198  69.339 0.1000000015
55061  -51.057  -26.016  61.793 0.1000000015
52841  -46.899  -28.772  69.538 0.1000000015
56165  -52.002  -25.378  67.353 0.1000000015
53954  -53.417  -27.433  66.815 0.1000000015
53974  -53.457  -27.263  65.856 0.1000000015
55011  -53.253  -26.852  64.808 0.1000000015
55047  -51.550  -26.230  62.466 0.1000000015
56221  -51.721  -25.705  61.667 0.1000000015
54051  -48.324  -26.941  58.266 0.1000000015
39682  -29.143  -39.966  72.156 0.1000000015
39657  -28.825  -41.085  72.299 0.1000000015
53878  -45.392  -28.171  68.677 0.1000000015
56152  -53.156  -25.844  67.782 0.1000000015
54990  -53.870  -26.719  66.291 0.1000000015
55012  -53.927  -26.473  65.423 0.1000000015
54061  -46.861  -27.406  57.554 0.1000000015
42754  -29.702  -37.213  72.584 0.1000000015
52838  -43.741  -28.383  68.805 0.1000000015
137817  -44.386  -28.333  68.967 0.1000000015
147926  -51.535  -23.583  67.596 0.1000000015
51777  -42.739  -29.193  68.978 0.1000000015
132580  -41.199  -29.993  66.838 0.1000000015
37591  -33.105  -42.618  77.209 0.1000000015
49519  -41.024  -32.009  67.526 0.1000000015
49528  -40.831  -31.684  66.738 0.1000000015
146149  -33.219  -42.859  77.075 0.1000000015
37625  -32.888  -42.046  75.218 0.1000000015
47107  -40.456  -33.964  66.857 0.1000000015
129645  -40.703  -33.261  67.300 0.1000000015
36589  -33.162  -43.689  74.777 0.1000000015
130635  -39.228  -35.942  67.432 0.1000000015
44825  -39.707  -35.055  66.461 0.1000000015
45884  -40.124  -34.449  66.454 0.1000000015
44802  -37.211  -35.748  67.371 0.1000000015
44803  -38.253  -35.852  67.335 0.1000000015
39715  -36.176  -40.183  69.781 0.1000000015
41809  -36.063  -37.791  68.730 0.1000000015
147093  -36.634  -36.480  68.804 0.1000000015
36624  -35.398  -43.399  71.485 0.1000000015
39701  -35.767  -40.901  69.810 0.1000000015
51832  -51.619  -29.636  66.864 0.1000000015
52913  -51.987  -29.114  66.343 0.1000000015
52867  -50.738  -29.451  67.799 0.1000000015
148611  -51.438  -29.295  67.591 0.1000000015
136378  -48.251  -28.114  66.757 0.1000000015
52866  -49.732  -29.543  68.209 0.1000000015
128697  -44.828  -26.747  64.417 0.1000000015
53948  -46.818  -27.521  65.813 0.1000000015
55005  -44.059  -26.766  64.538 0.1000000015
142479  -46.478  -28.060  67.570 0.1000000015
52863  -47.373  -28.544  68.550 0.1000000015
54970  -52.234  -26.539  67.485 0.1000000015
54984  -43.628  -27.004  65.303 0.1000000015
53946  -43.948  -27.268  66.111 0.1000000015
55072  -50.283  -25.970  59.945 0.1000000015
53914  -44.253  -27.521  66.960 0.1000000015
55030  -52.938  -26.330  63.697 0.1000000015
55048  -52.339  -26.137  62.877 0.1000000015
56212  -52.247  -25.787  62.269 0.1000000015
56234  -51.090  -25.739  60.993 0.1000000015
55084  -49.711  -26.265  59.629 0.1000000015
55096  -48.804  -26.636  58.865 0.1000000015
40661  -30.346  -38.796  73.219 0.1000000015
39658  -29.789  -40.370  72.833 0.1000000015
53891  -42.995  -27.708  67.327 0.1000000015
57297  -52.943  -24.772  68.142 0.1000000015
57298  -53.485  -24.870  67.625 0.1000000015
131316  -54.325  -26.062  65.785 0.1000000015
55031  -53.913  -26.163  64.461 0.1000000015
54062  -47.879  -27.258  57.612 0.1000000015
41733  -30.523  -37.391  73.381 0.1000000015
39659  -30.703  -39.428  73.853 0.1000000015
39637  -30.409  -40.706  73.763 0.1000000015
52837  -43.007  -28.548  68.513 0.1000000015
52884  -42.299  -27.883  66.982 0.1000000015
149504  -52.151  -23.411  68.220 0.1000000015
42755  -30.904  -36.326  73.155 0.1000000015
39638  -31.483  -39.141  75.067 0.1000000015
136271  -30.998  -41.047  74.832 0.1000000015
51806  -41.369  -29.024  66.752 0.1000000015
52883  -41.614  -28.152  66.553 0.1000000015
42756  -31.669  -36.386  73.565 0.1000000015
150970  -31.918  -36.924  74.120 0.1000000015
40613  -32.192  -38.804  75.567 0.1000000015
39614  -31.920  -39.705  75.821 0.1000000015
50719  -40.751  -30.327  66.111 0.1000000015
134287  -40.517  -29.848  65.568 0.1000000015
129551  -30.976  -35.538  71.329 0.1000000015
140900  -31.947  -36.283  73.365 0.1000000015
42783  -32.077  -36.194  72.781 0.1000000015
40639  -32.444  -38.535  75.326 0.1000000015
38650  -32.769  -40.536  74.933 0.1000000015
49547  -40.618  -31.190  66.035 0.1000000015
51825  -40.165  -29.889  64.926 0.1000000015
135357  -30.899  -35.503  70.005 0.1000000015
41770  -31.922  -37.374  72.283 0.1000000015
137587  -32.527  -41.586  73.762 0.1000000015
37639  -32.701  -42.577  73.421 0.1000000015
48326  -40.400  -32.984  65.950 0.1000000015
144840  -39.754  -31.360  64.036 0.1000000015
37676  -32.900  -42.301  70.652 0.1000000015
44847  -39.181  -35.125  65.987 0.1000000015
47116  -39.924  -33.621  65.248 0.1000000015
36621  -33.190  -43.188  71.946 0.1000000015
37677  -33.656  -42.524  70.380 0.1000000015
39727  -34.193  -40.503  68.271 0.1000000015
43837  -36.676  -36.034  68.134 0.1000000015
44846  -38.467  -35.309  65.890 0.1000000015
39713  -34.675  -40.962  68.869 0.1000000015
40740  -35.425  -39.164  68.345 0.1000000015
149927  -35.647  -36.303  67.432 0.1000000015
44822  -36.854  -35.585  66.536 0.1000000015
44868  -37.248  -35.234  64.952 0.1000000015
36623  -34.412  -43.643  71.591 0.1000000015
37678  -34.372  -42.530  70.250 0.1000000015
37679  -35.173  -42.184  70.216 0.1000000015
53896  -51.566  -28.748  67.591 0.1000000015
52868  -51.967  -28.911  67.623 0.1000000015
53951  -49.455  -27.516  65.942 0.1000000015
52887  -50.777  -28.695  67.527 0.1000000015
54986  -48.227  -27.188  65.124 0.1000000015
53897  -52.172  -28.398  67.585 0.1000000015
55026  -44.466  -26.510  63.801 0.1000000015
53970  -46.266  -27.296  65.255 0.1000000015
53921  -52.017  -27.663  67.530 0.1000000015
55042  -42.426  -26.357  62.639 0.1000000015
55055  -41.290  -26.259  61.758 0.1000000015
55024  -42.588  -26.548  63.440 0.1000000015
55086  -51.047  -26.035  58.906 0.1000000015
128397  -40.755  -26.531  62.483 0.1000000015
146912  -41.173  -26.599  63.000 0.1000000015
55003  -42.444  -26.885  64.739 0.1000000015
53945  -42.954  -27.184  66.009 0.1000000015
56213  -53.136  -25.702  62.748 0.1000000015
56222  -52.703  -25.490  61.648 0.1000000015
56235  -51.492  -25.625  60.247 0.1000000015
55085  -50.360  -26.182  59.180 0.1000000015
55022  -40.440  -26.759  63.338 0.1000000015
53968  -41.211  -27.085  64.806 0.1000000015
53912  -42.710  -27.495  66.687 0.1000000015
58487  -53.392  -23.847  68.018 0.1000000015
57313  -54.223  -24.644  66.657 0.1000000015
56191  -54.589  -25.736  65.052 0.1000000015
56201  -53.807  -25.830  63.609 0.1000000015
55097  -49.683  -26.482  58.762 0.1000000015
38649  -29.910  -41.980  73.979 0.1000000015
53967  -40.533  -27.424  64.670 0.1000000015
53911  -42.023  -27.423  66.219 0.1000000015
52925  -40.182  -28.217  64.715 0.1000000015
52911  -41.278  -27.741  65.843 0.1000000015
40593  -32.538  -39.867  76.426 0.1000000015
139017  -39.738  -29.942  64.172 0.1000000015
42808  -31.680  -36.364  71.684 0.1000000015
136418  -32.344  -37.914  73.462 0.1000000015
39640  -32.693  -39.603  75.788 0.1000000015
50740  -39.620  -30.713  63.769 0.1000000015
50731  -39.997  -30.849  64.578 0.1000000015
43811  -30.166  -34.861  68.570 0.1000000015
42853  -30.521  -35.575  69.123 0.1000000015
41788  -31.157  -36.547  70.382 0.1000000015
40703  -31.317  -37.581  70.866 0.1000000015
38676  -31.875  -40.724  72.257 0.1000000015
47136  -39.486  -33.207  63.890 0.1000000015
130362  -39.675  -31.982  63.844 0.1000000015
43860  -29.303  -35.996  66.785 0.1000000015
42873  -29.523  -36.896  67.288 0.1000000015
149517  -30.872  -37.736  70.096 0.1000000015
38702  -32.730  -41.476  69.481 0.1000000015
39726  -33.303  -40.710  68.216 0.1000000015
45922  -38.775  -34.632  64.654 0.1000000015
43881  -28.928  -36.597  65.916 0.1000000015
38703  -33.474  -41.609  69.314 0.1000000015
134171  -33.947  -39.529  67.349 0.1000000015
42894  -34.655  -37.284  66.433 0.1000000015
44845  -37.540  -35.409  65.777 0.1000000015
45921  -37.902  -34.818  64.365 0.1000000015
42874  -34.987  -37.575  67.023 0.1000000015
43862  -35.331  -36.028  66.568 0.1000000015
44844  -36.560  -35.464  65.654 0.1000000015
45920  -36.935  -34.857  64.169 0.1000000015
53952  -50.151  -27.416  66.164 0.1000000015
53920  -50.939  -27.782  66.998 0.1000000015
56188  -47.989  -26.250  64.008 0.1000000015
56180  -51.023  -25.987  66.008 0.1000000015
54969  -51.449  -26.818  66.840 0.1000000015
55073  -51.376  -25.751  59.547 0.1000000015
55099  -51.348  -26.299  58.162 0.1000000015
126599  -51.972  -25.496  60.833 0.1000000015
126985  -52.258  -25.550  59.746 0.1000000015
55098  -50.548  -26.400  58.404 0.1000000015
55040  -39.673  -26.696  62.647 0.1000000015
55021  -39.689  -26.945  63.369 0.1000000015
56181  -54.827  -25.021  65.684 0.1000000015
56214  -54.463  -25.406  63.158 0.1000000015
141214  -53.807  -25.338  62.090 0.1000000015
54000  -39.109  -27.004  63.050 0.1000000015
59586  -51.427  -21.728  68.190 0.1000000015
58502  -54.757  -23.235  66.834 0.1000000015
57314  -55.249  -23.637  66.054 0.1000000015
53984  -39.036  -27.593  63.078 0.1000000015
53985  -39.532  -27.507  63.610 0.1000000015
60642  -52.324  -20.977  68.476 0.1000000015
39616  -32.706  -40.035  76.516 0.1000000015
38632  -33.006  -40.638  76.429 0.1000000015
51853  -39.147  -29.192  62.981 0.1000000015
52924  -39.692  -28.293  64.069 0.1000000015
39639  -32.662  -39.346  74.747 0.1000000015
39683  -32.087  -39.284  72.882 0.1000000015
38665  -32.364  -40.628  73.562 0.1000000015
139080  -39.428  -29.961  63.360 0.1000000015
40704  -31.237  -38.768  71.009 0.1000000015
144741  -31.552  -40.123  71.533 0.1000000015
38701  -31.983  -41.154  69.838 0.1000000015
48352  -38.904  -32.426  62.499 0.1000000015
49565  -39.503  -31.438  63.435 0.1000000015
41807  -30.553  -37.778  69.355 0.1000000015
40721  -30.757  -38.788  69.902 0.1000000015
40753  -32.235  -39.881  67.174 0.1000000015
40754  -33.145  -39.730  67.073 0.1000000015
41867  -33.232  -38.315  65.622 0.1000000015
47134  -38.374  -33.958  62.998 0.1000000015
42892  -29.259  -37.399  66.368 0.1000000015
41846  -29.645  -38.150  66.807 0.1000000015
41850  -33.587  -38.630  66.272 0.1000000015
42910  -34.305  -36.999  65.697 0.1000000015
44865  -34.704  -35.720  64.547 0.1000000015
125124  -35.912  -34.646  62.981 0.1000000015
45939  -36.746  -34.573  63.317 0.1000000015
43883  -34.621  -36.217  65.322 0.1000000015
44885  -35.948  -35.043  63.902 0.1000000015
44867  -36.303  -35.314  64.785 0.1000000015
55010  -49.107  -26.464  64.764 0.1000000015
54988  -49.816  -26.686  65.395 0.1000000015
56199  -47.670  -25.803  63.533 0.1000000015
56270  -52.645  -25.642  58.819 0.1000000015
55100  -52.080  -26.157  58.001 0.1000000015
56253  -53.153  -25.364  59.879 0.1000000015
54075  -50.381  -27.168  56.395 0.1000000015
57340  -55.699  -23.951  65.453 0.1000000015
56203  -55.499  -25.053  63.952 0.1000000015
54014  -38.149  -27.041  61.991 0.1000000015
60644  -53.859  -21.994  67.658 0.1000000015
52960  -38.328  -27.836  61.996 0.1000000015
51872  -38.316  -29.403  61.496 0.1000000015
50748  -38.883  -30.909  62.285 0.1000000015
40722  -30.986  -39.914  69.149 0.1000000015
39700  -31.399  -40.515  70.418 0.1000000015
48380  -36.712  -32.485  60.309 0.1000000015
48366  -37.798  -32.444  61.240 0.1000000015
49575  -39.171  -31.587  62.726 0.1000000015
40751  -30.639  -39.377  67.762 0.1000000015
40764  -30.828  -39.363  66.887 0.1000000015
40752  -31.414  -39.784  67.387 0.1000000015
41866  -32.352  -38.624  65.459 0.1000000015
42908  -32.828  -37.999  64.973 0.1000000015
126437  -34.467  -34.744  62.132 0.1000000015
47166  -35.781  -33.749  61.110 0.1000000015
127919  -37.044  -33.678  61.670 0.1000000015
42906  -28.909  -37.314  65.003 0.1000000015
135143  -29.470  -38.001  65.149 0.1000000015
41864  -30.584  -38.737  65.541 0.1000000015
41865  -31.455  -38.779  65.440 0.1000000015
41879  -31.912  -38.324  64.788 0.1000000015
42920  -33.282  -37.270  64.594 0.1000000015
44882  -33.865  -35.636  63.295 0.1000000015
45938  -35.189  -35.043  63.372 0.1000000015
150950  -35.836  -34.385  62.279 0.1000000015
54989  -50.619  -26.839  66.115 0.1000000015
56272  -54.308  -25.287  58.833 0.1000000015
125573  -54.113  -25.508  57.815 0.1000000015
56282  -53.263  -25.795  57.519 0.1000000015
56254  -53.971  -25.178  59.795 0.1000000015
56271  -53.403  -25.591  58.346 0.1000000015
132381  -51.669  -26.478  57.223 0.1000000015
57364  -56.114  -24.658  62.908 0.1000000015
56215  -54.957  -25.017  62.424 0.1000000015
55117  -51.521  -26.670  56.434 0.1000000015
58537  -55.757  -23.091  65.390 0.1000000015
56193  -56.117  -24.374  64.386 0.1000000015
146935  -49.913  -27.450  55.892 0.1000000015
148882  -53.483  -21.305  67.710 0.1000000015
59607  -54.566  -22.335  66.931 0.1000000015
61690  -51.465  -19.340  68.192 0.1000000015
134593  -37.479  -29.942  60.222 0.1000000015
132949  -36.517  -30.123  59.298 0.1000000015
50769  -36.973  -30.452  59.685 0.1000000015
148595  -36.767  -31.961  59.964 0.1000000015
49593  -37.198  -31.780  60.264 0.1000000015
129780  -28.590  -36.632  62.207 0.1000000015
43930  -29.213  -36.671  61.583 0.1000000015
43931  -30.271  -36.613  61.512 0.1000000015
43932  -31.215  -36.414  61.628 0.1000000015
43933  -32.079  -36.108  61.846 0.1000000015
45968  -32.862  -35.046  61.101 0.1000000015
130347  -34.472  -34.426  61.425 0.1000000015
47179  -35.079  -33.348  60.041 0.1000000015
42929  -29.215  -37.325  63.212 0.1000000015
42948  -30.049  -37.429  62.764 0.1000000015
42931  -30.681  -37.717  63.443 0.1000000015
42933  -32.175  -37.354  63.571 0.1000000015
43897  -32.979  -36.977  63.901 0.1000000015
45955  -33.690  -35.304  62.394 0.1000000015
56273  -55.420  -24.903  59.008 0.1000000015
126535  -55.009  -25.237  58.115 0.1000000015
125065  -53.943  -25.647  56.910 0.1000000015
57388  -55.521  -24.684  60.743 0.1000000015
55109  -53.135  -26.059  56.642 0.1000000015
57365  -56.847  -23.861  63.311 0.1000000015
55125  -51.651  -26.719  55.735 0.1000000015
58536  -55.035  -22.708  65.588 0.1000000015
57341  -56.180  -23.653  64.929 0.1000000015
54094  -50.426  -27.480  54.309 0.1000000015
54085  -50.991  -27.107  55.275 0.1000000015
61709  -52.565  -20.160  67.641 0.1000000015
60671  -53.253  -20.900  67.365 0.1000000015
59606  -54.009  -21.608  67.002 0.1000000015
54084  -50.242  -27.460  55.131 0.1000000015
61688  -50.520  -18.806  67.797 0.1000000015
49627  -31.017  -31.721  57.422 0.1000000015
49626  -29.505  -31.714  57.685 0.1000000015
144611  -30.260  -31.797  57.486 0.1000000015
50810  -33.713  -31.129  57.667 0.1000000015
45997  -28.368  -34.815  59.288 0.1000000015
44919  -29.461  -35.712  60.286 0.1000000015
47217  -33.197  -33.092  58.542 0.1000000015
48393  -33.983  -32.842  58.807 0.1000000015
48417  -34.850  -31.955  58.593 0.1000000015
48395  -35.525  -32.011  59.082 0.1000000015
44920  -30.390  -35.643  60.376 0.1000000015
44921  -31.304  -35.466  60.493 0.1000000015
44905  -31.705  -35.768  61.189 0.1000000015
136282  -32.385  -34.679  60.006 0.1000000015
45982  -33.919  -34.366  60.809 0.1000000015
47195  -34.484  -33.138  59.466 0.1000000015
47196  -35.242  -32.728  59.517 0.1000000015
56211  -47.747  -25.096  63.117 0.1000000015
56284  -55.559  -25.181  57.598 0.1000000015
57390  -57.612  -24.144  60.676 0.1000000015
57405  -56.510  -24.622  59.135 0.1000000015
56293  -54.681  -25.500  56.363 0.1000000015
56292  -53.767  -25.808  55.913 0.1000000015
142303  -57.740  -23.460  61.716 0.1000000015
57389  -56.701  -24.462  60.832 0.1000000015
55127  -53.230  -26.146  55.012 0.1000000015
55132  -52.419  -26.505  54.466 0.1000000015
146242  -56.035  -22.816  64.373 0.1000000015
57353  -56.854  -23.136  63.452 0.1000000015
142837  -57.149  -23.811  62.813 0.1000000015
55131  -51.689  -26.790  54.892 0.1000000015
55126  -52.384  -26.477  55.394 0.1000000015
59640  -53.075  -22.684  64.700 0.1000000015
58535  -54.079  -23.019  64.490 0.1000000015
58549  -56.446  -22.953  64.078 0.1000000015
54095  -51.078  -27.165  54.526 0.1000000015
61721  -51.474  -19.076  66.169 0.1000000015
61723  -52.576  -20.572  66.615 0.1000000015
59622  -52.981  -22.152  65.429 0.1000000015
54103  -50.503  -27.496  53.485 0.1000000015
62790  -49.537  -18.044  66.613 0.1000000015
63838  -50.381  -18.018  66.803 0.1000000015
62793  -51.315  -18.748  67.711 0.1000000015
146737  -28.720  -33.516  58.279 0.1000000015
47213  -29.376  -33.731  58.229 0.1000000015
48430  -29.855  -32.551  57.635 0.1000000015
48432  -31.567  -32.244  57.530 0.1000000015
48433  -32.390  -32.072  57.589 0.1000000015
135637  -32.892  -29.708  57.472 0.1000000015
45998  -29.614  -34.907  59.293 0.1000000015
47214  -30.181  -33.766  58.184 0.1000000015
47215  -31.090  -33.618  58.227 0.1000000015
47234  -32.059  -32.748  57.765 0.1000000015
48415  -32.823  -32.596  57.941 0.1000000015
44941  -29.949  -35.283  59.761 0.1000000015
44942  -30.815  -35.126  59.863 0.1000000015
45979  -31.675  -34.926  59.933 0.1000000015
46000  -32.020  -34.318  59.315 0.1000000015
56308  -56.437  -25.120  56.159 0.1000000015
56323  -56.324  -25.217  54.833 0.1000000015
57425  -58.145  -24.116  58.857 0.1000000015
56295  -56.774  -24.831  56.883 0.1000000015
57408  -58.244  -23.298  60.025 0.1000000015
57406  -57.469  -24.386  59.269 0.1000000015
128821  -55.448  -25.396  55.894 0.1000000015
56306  -54.624  -25.548  55.495 0.1000000015
59670  -55.711  -22.808  62.648 0.1000000015
136941  -57.389  -22.757  62.088 0.1000000015
55133  -53.138  -26.242  53.980 0.1000000015
59657  -53.670  -23.098  63.288 0.1000000015
58561  -57.234  -22.919  62.811 0.1000000015
60714  -51.380  -21.496  64.574 0.1000000015
58547  -52.774  -22.863  63.793 0.1000000015
54104  -51.183  -27.218  53.273 0.1000000015
55147  -51.644  -26.883  53.953 0.1000000015
63849  -50.670  -17.882  65.848 0.1000000015
62815  -51.109  -18.426  65.755 0.1000000015
61734  -51.612  -20.319  65.576 0.1000000015
60695  -52.253  -21.440  65.532 0.1000000015
54111  -50.671  -27.457  52.719 0.1000000015
141691  -50.979  -27.274  53.910 0.1000000015
63848  -49.982  -17.716  66.096 0.1000000015
54110  -49.926  -27.749  52.938 0.1000000015
57495  -57.409  -24.790  54.590 0.1000000015
56344  -56.538  -25.172  53.993 0.1000000015
57477  -57.203  -24.831  55.486 0.1000000015
57457  -57.618  -24.674  56.415 0.1000000015
56307  -55.403  -25.413  55.110 0.1000000015
59721  -57.962  -22.715  59.606 0.1000000015
59722  -58.362  -22.958  59.197 0.1000000015
56321  -54.649  -25.562  54.661 0.1000000015
128954  -54.533  -22.490  61.006 0.1000000015
59702  -56.534  -22.421  60.637 0.1000000015
59704  -58.068  -22.895  60.310 0.1000000015
147078  -54.006  -25.735  55.076 0.1000000015
59668  -52.493  -22.733  62.618 0.1000000015
130175  -53.548  -22.816  62.193 0.1000000015
59684  -54.555  -22.726  61.904 0.1000000015
55148  -52.423  -26.546  53.571 0.1000000015
63870  -50.631  -17.822  64.246 0.1000000015
62824  -50.443  -18.780  64.276 0.1000000015
60713  -50.799  -20.655  64.394 0.1000000015
59656  -51.285  -22.184  63.793 0.1000000015
55163  -51.840  -26.834  53.055 0.1000000015
63858  -50.755  -18.252  64.991 0.1000000015
61733  -50.907  -19.350  65.006 0.1000000015
128885  -50.123  -27.729  52.134 0.1000000015
64849  -49.698  -17.555  65.520 0.1000000015
64850  -50.338  -17.663  65.202 0.1000000015
144445  -49.613  -28.036  51.605 0.1000000015
53065  -49.371  -28.091  52.334 0.1000000015
53069  -49.539  -28.219  50.793 0.1000000015
53068  -48.698  -28.472  51.473 0.1000000015
57496  -58.683  -24.402  54.359 0.1000000015
137738  -59.333  -23.812  55.818 0.1000000015
141624  -58.253  -24.516  55.091 0.1000000015
142634  -59.321  -23.097  56.905 0.1000000015
57459  -59.366  -23.406  56.378 0.1000000015
56322  -55.507  -25.410  54.294 0.1000000015
59716  -52.156  -22.373  59.748 0.1000000015
58591  -53.351  -22.826  59.379 0.1000000015
58613  -55.545  -22.972  58.384 0.1000000015
59741  -57.331  -22.590  58.908 0.1000000015
58632  -59.035  -23.090  57.772 0.1000000015
56342  -54.679  -25.580  53.689 0.1000000015
60757  -50.343  -21.432  61.252 0.1000000015
60758  -51.231  -21.890  60.904 0.1000000015
59698  -52.038  -22.262  60.756 0.1000000015
127950  -54.519  -22.433  60.190 0.1000000015
139840  -55.847  -22.486  59.485 0.1000000015
147330  -53.877  -25.822  54.300 0.1000000015
55149  -53.056  -26.311  53.107 0.1000000015
61762  -49.369  -20.200  62.407 0.1000000015
60747  -49.738  -21.028  62.068 0.1000000015
60749  -50.901  -21.936  61.834 0.1000000015
59683  -52.666  -22.531  61.492 0.1000000015
130499  -53.600  -22.543  61.223 0.1000000015
147006  -52.456  -26.565  52.852 0.1000000015
63869  -50.701  -17.303  63.571 0.1000000015
62823  -50.275  -18.208  63.675 0.1000000015
144117  -50.314  -20.918  63.543 0.1000000015
59667  -51.092  -22.225  62.807 0.1000000015
148797  -51.719  -22.502  62.630 0.1000000015
64862  -50.601  -17.544  64.236 0.1000000015
54115  -51.230  -27.339  51.223 0.1000000015
53070  -50.353  -27.712  51.202 0.1000000015
144325  -59.447  -23.657  55.332 0.1000000015
57479  -59.259  -24.039  55.092 0.1000000015
57527  -58.096  -24.643  52.670 0.1000000015
61786  -50.154  -21.131  60.402 0.1000000015
127921  -51.384  -22.276  59.607 0.1000000015
58610  -52.782  -23.307  58.901 0.1000000015
58628  -54.877  -23.419  57.690 0.1000000015
58650  -58.512  -22.779  56.410 0.1000000015
58679  -59.485  -23.602  54.353 0.1000000015
57512  -59.234  -24.249  53.343 0.1000000015
56343  -55.735  -25.393  53.433 0.1000000015
61778  -49.559  -20.707  61.110 0.1000000015
60768  -50.782  -21.512  60.267 0.1000000015
57436  -53.346  -24.197  57.163 0.1000000015
58647  -54.791  -23.760  56.013 0.1000000015
58665  -57.695  -22.948  55.336 0.1000000015
58678  -59.087  -23.024  54.748 0.1000000015
147123  -59.655  -23.913  53.558 0.1000000015
56341  -53.761  -25.913  53.391 0.1000000015
63878  -49.976  -17.489  62.581 0.1000000015
62849  -49.037  -18.560  62.282 0.1000000015
57475  -53.258  -24.355  55.635 0.1000000015
58663  -55.231  -23.642  55.307 0.1000000015
58677  -57.119  -23.257  54.542 0.1000000015
57540  -58.420  -24.596  51.605 0.1000000015
57493  -53.205  -24.379  54.092 0.1000000015
148244  -54.211  -24.154  53.785 0.1000000015
127301  -55.268  -23.775  53.042 0.1000000015
55165  -53.615  -26.046  52.521 0.1000000015
55164  -52.882  -26.395  52.302 0.1000000015
54118  -50.968  -27.598  50.559 0.1000000015
55177  -51.927  -26.927  51.295 0.1000000015
131960  -50.115  -28.553  49.392 0.1000000015
53087  -50.840  -28.336  49.299 0.1000000015
57511  -57.758  -24.702  53.685 0.1000000015
62868  -49.206  -20.239  59.635 0.1000000015
59737  -50.896  -22.925  59.203 0.1000000015
58589  -51.873  -23.058  59.184 0.1000000015
63885  -48.810  -17.951  61.784 0.1000000015
62860  -49.174  -20.075  60.495 0.1000000015
58609  -50.273  -23.434  58.639 0.1000000015
58625  -52.106  -23.888  58.347 0.1000000015
56369  -57.100  -24.976  52.078 0.1000000015
132424  -54.387  -25.695  52.774 0.1000000015
65985  -50.995  -15.634  61.774 0.1000000015
62850  -48.923  -19.737  61.730 0.1000000015
57434  -50.736  -24.388  56.994 0.1000000015
142420  -52.195  -24.471  56.343 0.1000000015
57528  -59.362  -24.278  52.159 0.1000000015
64879  -50.927  -16.148  62.374 0.1000000015
57454  -51.721  -24.519  55.824 0.1000000015
144122  -57.115  -24.842  50.298 0.1000000015
55179  -53.453  -26.173  51.684 0.1000000015
55178  -52.672  -26.538  51.484 0.1000000015
55189  -51.732  -27.256  50.398 0.1000000015
54130  -51.213  -27.771  49.790 0.1000000015
144192  -48.384  -18.913  59.206 0.1000000015
131389  -48.663  -20.100  59.081 0.1000000015
140927  -48.159  -17.387  60.276 0.1000000015
62867  -48.684  -19.542  59.457 0.1000000015
61794  -48.912  -20.917  59.219 0.1000000015
56358  -55.960  -25.352  52.538 0.1000000015
130889  -55.123  -25.510  52.934 0.1000000015
128811  -48.906  -16.488  60.906 0.1000000015
63901  -48.390  -18.581  60.222 0.1000000015
58608  -49.328  -23.103  58.572 0.1000000015
66000  -50.399  -16.213  61.705 0.1000000015
57433  -49.941  -24.209  57.279 0.1000000015
56367  -55.021  -25.575  51.224 0.1000000015
56357  -55.104  -25.542  52.156 0.1000000015
56356  -54.236  -25.784  51.907 0.1000000015
55192  -54.867  -25.599  50.217 0.1000000015
128316  -53.286  -26.332  50.833 0.1000000015
55191  -53.867  -25.996  50.210 0.1000000015
55223  -52.906  -27.070  48.954 0.1000000015
54119  -52.412  -27.066  49.736 0.1000000015
53102  -52.988  -28.479  48.018 0.1000000015
54131  -51.967  -27.581  49.467 0.1000000015
144854  -48.135  -18.147  59.317 0.1000000015
67187  -48.987  -15.369  59.597 0.1000000015
64908  -47.847  -17.248  59.431 0.1000000015
63908  -48.055  -18.643  58.713 0.1000000015
66009  -48.975  -15.941  60.350 0.1000000015
137002  -47.783  -19.906  58.587 0.1000000015
143597  -48.299  -19.992  58.799 0.1000000015
59750  -47.817  -22.377  58.329 0.1000000015
59735  -48.609  -22.485  58.638 0.1000000015
69431  -51.931  -13.168  57.953 0.1000000015
68287  -50.218  -14.316  58.656 0.1000000015
68295  -50.662  -13.777  58.095 0.1000000015
67193  -49.698  -14.779  59.082 0.1000000015
67191  -47.817  -15.936  58.759 0.1000000015
67188  -50.263  -14.892  59.863 0.1000000015
62876  -47.652  -19.117  58.419 0.1000000015
63910  -47.488  -18.322  58.215 0.1000000015
61804  -47.182  -20.623  58.414 0.1000000015
58621  -47.392  -22.972  57.627 0.1000000015
142366  -52.445  -13.316  57.558 0.1000000015
68286  -49.128  -14.617  58.108 0.1000000015
67196  -47.693  -15.814  57.762 0.1000000015
68294  -49.748  -14.182  57.638 0.1000000015
62882  -46.931  -18.823  58.028 0.1000000015
62881  -46.812  -19.695  58.167 0.1000000015
132683  -46.883  -22.216  57.884 0.1000000015
139074  -47.059  -23.572  56.881 0.1000000015
147099  -46.528  -23.930  56.387 0.1000000015
59762  -45.569  -22.746  56.655 0.1000000015
57447  -45.828  -23.924  56.202 0.1000000015
56316  -45.598  -25.461  54.779 0.1000000015
146561  -45.006  -26.136  53.880 0.1000000015
126661  -45.090  -26.608  51.700 0.1000000015
69432  -53.188  -13.153  57.620 0.1000000015
69442  -51.178  -13.638  57.292 0.1000000015
68293  -48.874  -14.551  57.112 0.1000000015
69443  -52.006  -13.536  57.334 0.1000000015
66014  -47.272  -16.572  57.470 0.1000000015
68304  -49.498  -14.131  56.641 0.1000000015
64916  -46.804  -17.171  57.183 0.1000000015
67200  -47.653  -15.494  56.850 0.1000000015
61811  -46.348  -20.594  57.869 0.1000000015
62880  -46.081  -19.058  57.511 0.1000000015
66016  -46.850  -16.452  56.754 0.1000000015
148758  -46.403  -21.851  57.673 0.1000000015
136529  -46.034  -19.907  57.641 0.1000000015
63916  -46.199  -17.579  56.846 0.1000000015
59749  -45.956  -21.433  57.438 0.1000000015
61810  -45.578  -20.533  57.195 0.1000000015
63915  -45.716  -18.261  56.755 0.1000000015
60799  -45.354  -21.267  56.873 0.1000000015
61820  -45.134  -19.990  56.579 0.1000000015
59761  -44.877  -22.342  56.294 0.1000000015
61819  -44.695  -20.245  55.884 0.1000000015
62899  -44.736  -19.765  55.364 0.1000000015
57466  -44.686  -24.329  55.482 0.1000000015
60807  -44.315  -21.918  55.662 0.1000000015
55157  -43.597  -26.565  52.493 0.1000000015
56314  -43.856  -25.459  54.386 0.1000000015
59771  -43.879  -22.684  55.296 0.1000000015
61826  -44.327  -20.626  55.042 0.1000000015
128466  -52.905  -13.571  57.195 0.1000000015
69456  -50.943  -13.654  56.453 0.1000000015
67209  -48.029  -14.693  55.787 0.1000000015
66017  -47.056  -15.825  56.325 0.1000000015
63922  -45.333  -18.191  55.913 0.1000000015
62900  -45.043  -18.958  55.751 0.1000000015
63933  -45.829  -18.224  54.333 0.1000000015
63939  -45.384  -19.172  54.017 0.1000000015
43763  -31.576  -35.843  72.203 0.1000000015
42907  -29.213  -37.631  65.626 0.1000000015
46018  -28.699  -34.219  58.658 0.1000000015
49614  -28.801  -31.557  58.066 0.1000000015
43762  -31.027  -35.738  72.294 0.1000000015
136757  -29.454  -34.740  67.129 0.1000000015
42852  -30.055  -36.160  68.211 0.1000000015
43835  -29.725  -35.374  67.657 0.1000000015
139978  -28.690  -35.659  60.272 0.1000000015
42916  -29.083  -37.430  64.063 0.1000000015
56151  -52.654  -25.662  67.745 0.1000000015
57296  -52.301  -24.401  67.864 0.1000000015
60669  -49.844  -20.693  66.933 0.1000000015
150050  -50.618  -17.792  64.851 0.1000000015
132274  -54.087  -22.954  67.566 0.1000000015
143376  -54.006  -23.913  67.368 0.1000000015
58485  -51.219  -22.723  67.660 0.1000000015
62792  -50.749  -18.447  67.528 0.1000000015
65986  -50.985  -15.354  61.473 0.1000000015
147622  -29.665  -30.711  57.801 0.1000000015
52959  -38.026  -28.506  61.419 0.1000000015
55039  -38.748  -26.844  62.368 0.1000000015
49628  -31.835  -31.505  57.430 0.1000000015
137588  -33.834  -29.999  57.604 0.1000000015
137413  -34.843  -31.047  58.212 0.1000000015
50797  -35.243  -30.576  58.376 0.1000000015
50780  -35.998  -30.307  58.859 0.1000000015
134028  -46.156  -26.502  63.812 0.1000000015
53949  -47.662  -27.486  65.632 0.1000000015
53971  -46.962  -27.261  65.126 0.1000000015
55027  -45.296  -26.498  63.811 0.1000000015
134852  -42.642  -25.678  61.290 0.1000000015
127226  -44.100  -26.300  63.165 0.1000000015
55009  -48.413  -26.663  64.627 0.1000000015
49629  -32.763  -31.300  57.501 0.1000000015
126366  -42.147  -26.118  61.890 0.1000000015
42720  -26.106  -38.029  74.274 0.1000000015
132335  -26.604  -39.153  73.043 0.1000000015
52963  -46.141  -28.602  61.773 0.1000000015
51875  -45.406  -29.158  61.993 0.1000000015
51866  -46.357  -29.239  62.975 0.1000000015
52977  -45.935  -28.234  60.900 0.1000000015
51845  -49.667  -29.603  65.118 0.1000000015
51843  -48.019  -29.592  64.697 0.1000000015
51827  -47.647  -29.903  65.431 0.1000000015
145467  -37.567  -36.728  69.518 0.1000000015
50721  -45.768  -30.264  65.531 0.1000000015
50700  -47.512  -30.370  66.860 0.1000000015
50723  -48.247  -30.285  66.362 0.1000000015
129465  -48.343  -30.436  67.369 0.1000000015
50675  -48.098  -30.145  69.030 0.1000000015
53899  -53.175  -27.317  67.414 0.1000000015
52814  -44.259  -28.679  69.655 0.1000000015
51763  -44.472  -29.226  70.303 0.1000000015
49487  -44.162  -30.532  70.656 0.1000000015
51762  -43.143  -29.413  69.923 0.1000000015
37624  -30.083  -42.623  74.711 0.1000000015
131266  -41.869  -31.047  69.967 0.1000000015
51761  -42.383  -29.932  69.429 0.1000000015
49506  -41.523  -31.457  69.179 0.1000000015
45862  -40.686  -34.758  68.142 0.1000000015
45854  -41.123  -34.558  69.105 0.1000000015
135082  -41.042  -33.853  68.624 0.1000000015
44804  -39.694  -35.511  67.045 0.1000000015
43839  -38.554  -36.177  67.938 0.1000000015
42831  -36.805  -37.396  69.799 0.1000000015
41790  -36.410  -37.933  69.347 0.1000000015
139638  -36.349  -38.694  69.467 0.1000000015
40686  -37.366  -38.926  71.617 0.1000000015
40705  -36.928  -38.979  70.714 0.1000000015
42809  -37.136  -37.718  70.384 0.1000000015
149529  -36.414  -41.890  71.249 0.1000000015
40723  -35.932  -39.525  69.114 0.1000000015
38678  -36.795  -41.821  71.894 0.1000000015
51830  -50.156  -30.043  65.965 0.1000000015
50694  -50.515  -30.150  67.717 0.1000000015
50693  -49.790  -30.217  68.030 0.1000000015
50676  -48.820  -29.948  68.928 0.1000000015
51766  -47.148  -29.413  69.946 0.1000000015
50661  -47.305  -29.943  69.614 0.1000000015
50689  -45.900  -30.523  67.847 0.1000000015
55029  -51.916  -26.639  63.340 0.1000000015
50673  -45.881  -30.410  68.913 0.1000000015
51764  -46.104  -29.122  70.374 0.1000000015
54971  -53.672  -26.761  67.039 0.1000000015
53876  -44.103  -28.039  68.302 0.1000000015
51776  -42.225  -29.599  68.510 0.1000000015
138881  -30.955  -42.023  75.428 0.1000000015
37608  -31.484  -42.101  76.369 0.1000000015
50687  -41.389  -30.648  67.675 0.1000000015
38615  -32.851  -41.061  77.114 0.1000000015
50686  -41.117  -31.353  67.359 0.1000000015
48310  -40.935  -32.656  67.656 0.1000000015
50697  -40.999  -30.882  66.776 0.1000000015
45870  -40.284  -34.837  67.154 0.1000000015
43838  -37.657  -36.063  68.096 0.1000000015
41789  -36.009  -38.560  68.830 0.1000000015
43836  -35.976  -36.095  67.733 0.1000000015
38687  -35.685  -41.449  70.121 0.1000000015
52886  -50.068  -28.845  67.630 0.1000000015
52864  -48.280  -28.585  68.085 0.1000000015
53916  -46.625  -27.793  66.602 0.1000000015
53895  -47.374  -28.198  67.284 0.1000000015
53879  -46.292  -28.279  68.653 0.1000000015
53894  -45.568  -27.873  67.775 0.1000000015
54052  -49.166  -26.815  58.087 0.1000000015
53893  -44.673  -27.813  67.872 0.1000000015
56153  -53.689  -25.901  67.250 0.1000000015
56166  -54.168  -25.983  66.454 0.1000000015
52862  -43.364  -28.060  68.032 0.1000000015
52860  -41.956  -28.598  67.314 0.1000000015
48315  -40.702  -32.559  66.814 0.1000000015
134965  -33.202  -43.191  76.639 0.1000000015
142555  -32.333  -39.636  73.576 0.1000000015
142353  -40.256  -33.822  66.114 0.1000000015
149498  -40.512  -33.310  66.600 0.1000000015
44824  -38.981  -35.601  66.606 0.1000000015
45904  -39.682  -34.483  65.792 0.1000000015
44823  -37.890  -35.571  66.587 0.1000000015
39714  -35.486  -40.543  69.248 0.1000000015
42854  -35.850  -37.238  68.307 0.1000000015
42875  -35.401  -37.417  67.618 0.1000000015
37697  -34.537  -42.036  69.758 0.1000000015
53950  -48.616  -27.597  65.833 0.1000000015
55006  -45.610  -26.937  64.651 0.1000000015
53947  -45.527  -27.359  65.661 0.1000000015
54985  -44.637  -27.100  65.267 0.1000000015
55025  -43.472  -26.540  63.789 0.1000000015
53915  -45.722  -27.657  66.693 0.1000000015
133102  -42.697  -26.692  64.129 0.1000000015
128924  -44.990  -27.610  67.120 0.1000000015
126594  -44.834  -27.416  66.291 0.1000000015
149120  -50.793  -25.903  59.541 0.1000000015
53913  -43.413  -27.452  66.793 0.1000000015
41734  -31.384  -37.459  74.248 0.1000000015
40662  -31.326  -38.311  74.499 0.1000000015
40638  -32.005  -37.809  75.133 0.1000000015
52882  -41.010  -28.511  66.011 0.1000000015
38630  -31.672  -40.871  76.005 0.1000000015
40663  -32.290  -37.609  74.553 0.1000000015
51826  -40.439  -28.963  65.334 0.1000000015
141520  -31.344  -35.745  71.202 0.1000000015
49546  -40.317  -31.514  65.240 0.1000000015
129682  -40.544  -32.077  65.958 0.1000000015
38666  -32.266  -41.862  72.488 0.1000000015
48325  -40.179  -32.527  65.075 0.1000000015
37695  -33.199  -41.985  69.930 0.1000000015
38686  -32.462  -41.685  70.270 0.1000000015
37656  -32.691  -42.514  71.542 0.1000000015
37657  -33.395  -42.886  71.101 0.1000000015
45903  -38.976  -34.886  65.385 0.1000000015
45923  -39.393  -34.339  65.056 0.1000000015
126350  -39.787  -33.165  64.556 0.1000000015
38721  -32.997  -41.190  68.783 0.1000000015
36639  -34.165  -43.116  70.910 0.1000000015
37696  -33.912  -42.124  69.745 0.1000000015
38704  -34.238  -41.604  69.290 0.1000000015
38722  -33.795  -41.173  68.733 0.1000000015
39741  -33.652  -40.135  67.696 0.1000000015
44801  -36.309  -35.754  67.281 0.1000000015
45902  -38.175  -35.142  65.125 0.1000000015
45941  -38.590  -34.350  63.860 0.1000000015
36622  -33.854  -43.486  71.656 0.1000000015
38705  -35.099  -41.430  69.559 0.1000000015
41831  -35.026  -38.220  67.415 0.1000000015
41830  -34.499  -38.935  67.331 0.1000000015
39728  -35.110  -40.113  68.539 0.1000000015
44821  -35.885  -35.638  66.414 0.1000000015
54987  -48.924  -27.071  65.200 0.1000000015
55023  -41.817  -26.578  63.186 0.1000000015
55002  -41.827  -26.816  64.102 0.1000000015
134668  -41.206  -26.717  63.551 0.1000000015
53944  -42.251  -27.087  65.458 0.1000000015
56236  -52.861  -25.381  60.655 0.1000000015
55106  -49.991  -26.734  57.870 0.1000000015
53986  -40.134  -27.147  63.916 0.1000000015
55001  -40.851  -26.929  64.101 0.1000000015
53942  -41.001  -27.430  65.270 0.1000000015
56202  -54.675  -25.563  64.172 0.1000000015
52910  -40.691  -27.981  65.347 0.1000000015
53966  -39.976  -27.680  64.229 0.1000000015
51839  -39.521  -29.131  63.752 0.1000000015
51840  -39.911  -29.064  64.521 0.1000000015
142791  -30.711  -36.373  69.511 0.1000000015
40684  -31.727  -38.897  72.018 0.1000000015
47135  -39.071  -33.763  63.587 0.1000000015
48341  -39.153  -33.126  63.072 0.1000000015
48342  -39.518  -32.607  63.645 0.1000000015
48353  -39.377  -32.201  63.183 0.1000000015
48334  -39.776  -32.531  64.260 0.1000000015
41806  -30.315  -36.990  68.700 0.1000000015
39725  -32.524  -40.679  68.322 0.1000000015
39712  -32.256  -40.975  69.023 0.1000000015
40766  -32.465  -39.437  66.575 0.1000000015
39740  -32.792  -40.302  67.672 0.1000000015
40755  -34.591  -39.637  67.863 0.1000000015
40767  -33.155  -39.217  66.531 0.1000000015
41851  -34.415  -38.250  66.726 0.1000000015
43861  -34.873  -36.454  66.183 0.1000000015
45958  -37.445  -34.271  62.865 0.1000000015
42895  -35.282  -36.687  67.025 0.1000000015
43884  -35.195  -35.844  65.901 0.1000000015
44843  -35.719  -35.569  65.449 0.1000000015
56252  -51.851  -25.863  58.769 0.1000000015
55107  -50.788  -26.625  57.604 0.1000000015
54065  -50.222  -27.005  57.115 0.1000000015
56192  -55.465  -24.841  64.827 0.1000000015
56223  -53.467  -25.284  61.270 0.1000000015
53999  -38.653  -27.307  62.579 0.1000000015
51852  -38.758  -28.303  62.637 0.1000000015
52937  -39.263  -28.334  63.372 0.1000000015
51862  -38.701  -29.317  62.253 0.1000000015
50749  -39.323  -30.766  63.008 0.1000000015
51863  -39.060  -30.060  62.590 0.1000000015
149715  -31.253  -39.706  70.998 0.1000000015
38677  -32.199  -41.785  71.267 0.1000000015
39724  -31.743  -40.474  68.600 0.1000000015
39711  -31.525  -40.563  69.465 0.1000000015
38685  -31.723  -41.143  70.857 0.1000000015
49574  -38.703  -31.764  62.044 0.1000000015
48367  -38.347  -32.540  61.817 0.1000000015
41827  -29.829  -37.679  67.783 0.1000000015
40739  -30.532  -39.168  68.770 0.1000000015
41828  -30.180  -38.414  68.280 0.1000000015
40776  -31.933  -39.158  66.017 0.1000000015
39739  -31.985  -40.268  67.823 0.1000000015
42909  -33.622  -37.533  65.295 0.1000000015
47168  -37.785  -33.186  61.655 0.1000000015
47151  -38.418  -33.234  62.314 0.1000000015
41863  -29.710  -38.323  65.790 0.1000000015
41847  -30.135  -38.783  67.289 0.1000000015
42893  -34.023  -37.866  65.962 0.1000000015
150134  -34.213  -36.215  64.637 0.1000000015
43898  -33.658  -36.539  64.296 0.1000000015
45956  -34.489  -35.162  62.920 0.1000000015
44884  -35.159  -35.346  64.046 0.1000000015
45970  -35.252  -34.292  61.723 0.1000000015
47149  -36.699  -34.226  62.421 0.1000000015
127364  -53.372  -25.428  59.169 0.1000000015
56281  -52.678  -25.877  58.061 0.1000000015
56237  -53.708  -25.191  60.584 0.1000000015
54076  -51.008  -26.960  56.068 0.1000000015
135464  -55.482  -24.985  63.266 0.1000000015
56224  -54.405  -25.020  61.397 0.1000000015
58518  -55.146  -22.766  66.210 0.1000000015
129596  -38.609  -30.196  61.809 0.1000000015
127490  -30.991  -39.831  70.142 0.1000000015
50770  -37.477  -30.916  60.213 0.1000000015
49582  -37.864  -31.554  60.866 0.1000000015
50761  -38.449  -31.121  61.526 0.1000000015
39738  -31.185  -39.943  68.192 0.1000000015
48396  -36.260  -32.125  59.668 0.1000000015
48381  -37.367  -32.297  60.701 0.1000000015
47180  -36.297  -33.223  60.651 0.1000000015
47167  -36.521  -33.564  61.206 0.1000000015
48365  -37.160  -33.067  60.974 0.1000000015
49583  -38.266  -31.904  61.466 0.1000000015
127361  -30.291  -38.872  66.359 0.1000000015
40765  -31.638  -39.505  66.679 0.1000000015
42919  -32.453  -37.693  64.274 0.1000000015
45957  -35.169  -34.688  62.582 0.1000000015
45969  -33.841  -34.780  61.614 0.1000000015
45983  -34.896  -33.905  60.833 0.1000000015
145452  -35.591  -33.439  60.513 0.1000000015
45971  -36.198  -34.013  61.723 0.1000000015
47150  -37.659  -33.805  62.271 0.1000000015
41877  -30.122  -38.353  64.947 0.1000000015
42918  -30.453  -38.121  64.169 0.1000000015
41848  -31.086  -39.172  66.111 0.1000000015
41878  -30.980  -38.464  64.779 0.1000000015
149136  -31.434  -37.968  64.010 0.1000000015
43906  -32.685  -36.641  63.234 0.1000000015
56255  -54.912  -24.903  59.797 0.1000000015
55108  -52.535  -26.182  57.287 0.1000000015
56238  -54.538  -24.924  60.564 0.1000000015
55118  -52.291  -26.432  56.364 0.1000000015
150442  -56.161  -24.559  61.276 0.1000000015
57376  -55.696  -24.685  61.771 0.1000000015
57351  -56.239  -24.476  63.741 0.1000000015
59623  -54.540  -22.295  66.323 0.1000000015
50781  -36.396  -30.820  59.274 0.1000000015
49605  -36.163  -31.506  59.319 0.1000000015
43914  -29.239  -37.050  62.423 0.1000000015
42930  -29.844  -37.754  63.642 0.1000000015
145564  -29.862  -37.015  62.063 0.1000000015
42949  -31.047  -37.310  62.777 0.1000000015
43952  -29.842  -36.205  60.881 0.1000000015
44904  -30.818  -36.052  60.990 0.1000000015
148057  -31.440  -37.501  63.334 0.1000000015
42932  -31.911  -37.015  62.926 0.1000000015
43917  -32.402  -36.364  62.541 0.1000000015
45980  -32.233  -35.172  60.650 0.1000000015
44906  -32.501  -35.496  61.437 0.1000000015
44896  -32.842  -35.713  62.141 0.1000000015
44907  -33.191  -35.192  61.649 0.1000000015
45981  -33.020  -34.618  60.508 0.1000000015
135277  -33.355  -34.791  61.159 0.1000000015
47178  -34.254  -33.756  60.101 0.1000000015
48394  -34.733  -32.493  58.971 0.1000000015
43907  -33.405  -36.251  63.615 0.1000000015
56283  -54.805  -25.402  57.257 0.1000000015
129517  -55.974  -24.637  59.902 0.1000000015
55119  -52.982  -26.240  55.875 0.1000000015
57352  -56.512  -23.515  64.171 0.1000000015
58538  -56.247  -22.979  64.705 0.1000000015
58548  -55.606  -22.845  64.848 0.1000000015
145461  -53.782  -21.999  66.164 0.1000000015
59641  -53.903  -22.544  65.447 0.1000000015
61708  -51.903  -19.421  67.757 0.1000000015
60696  -53.207  -21.411  66.403 0.1000000015
48431  -30.755  -32.410  57.528 0.1000000015
47232  -30.498  -33.133  57.753 0.1000000015
49615  -33.860  -31.850  57.948 0.1000000015
49616  -34.462  -31.485  58.144 0.1000000015
139174  -29.075  -34.765  59.080 0.1000000015
47216  -32.419  -33.210  58.259 0.1000000015
46001  -32.893  -34.217  59.679 0.1000000015
47194  -33.585  -33.571  59.369 0.1000000015
130559  -34.263  -32.205  58.404 0.1000000015
48434  -33.208  -31.912  57.726 0.1000000015
148955  -35.734  -32.440  59.561 0.1000000015
126070  -31.143  -34.598  59.325 0.1000000015
47177  -33.554  -34.152  60.067 0.1000000015
56294  -55.702  -25.245  56.810 0.1000000015
56285  -56.494  -24.845  57.568 0.1000000015
58570  -57.884  -23.103  61.449 0.1000000015
57407  -58.041  -24.014  59.901 0.1000000015
126666  -57.111  -24.459  59.975 0.1000000015
127009  -57.528  -24.037  61.442 0.1000000015
57366  -57.256  -23.348  62.856 0.1000000015
58558  -54.948  -23.088  63.921 0.1000000015
58559  -55.916  -22.852  63.634 0.1000000015
62806  -51.580  -18.959  67.122 0.1000000015
62805  -51.117  -18.252  66.835 0.1000000015
45999  -30.314  -34.769  59.279 0.1000000015
47233  -31.303  -32.940  57.709 0.1000000015
46020  -30.635  -34.256  58.719 0.1000000015
46021  -31.364  -34.144  58.811 0.1000000015
46022  -31.898  -33.724  58.586 0.1000000015
57426  -58.393  -23.542  59.106 0.1000000015
57424  -57.258  -24.538  58.380 0.1000000015
57438  -58.714  -24.085  57.542 0.1000000015
57437  -57.811  -24.546  57.397 0.1000000015
59688  -57.856  -22.878  61.039 0.1000000015
59686  -56.609  -22.514  61.530 0.1000000015
59671  -56.710  -22.671  62.439 0.1000000015
59669  -54.658  -23.050  62.905 0.1000000015
59639  -52.081  -22.345  64.473 0.1000000015
54112  -51.363  -27.152  52.507 0.1000000015
57458  -58.851  -24.133  56.686 0.1000000015
59742  -58.232  -22.795  58.771 0.1000000015
59687  -57.409  -22.646  61.290 0.1000000015
59720  -57.150  -22.495  59.591 0.1000000015
127350  -59.108  -23.509  57.221 0.1000000015
59701  -55.519  -22.430  60.805 0.1000000015
59718  -55.479  -22.398  59.907 0.1000000015
130744  -51.810  -22.560  63.348 0.1000000015
61746  -50.314  -19.990  63.949 0.1000000015
59655  -50.730  -21.606  63.647 0.1000000015
131605  -52.077  -26.776  52.191 0.1000000015
59763  -59.133  -22.867  57.131 0.1000000015
59753  -58.696  -22.818  57.986 0.1000000015
58651  -59.349  -23.115  56.188 0.1000000015
125271  -52.336  -22.226  60.128 0.1000000015
58590  -52.628  -22.780  59.459 0.1000000015
144326  -51.598  -21.884  60.074 0.1000000015
58612  -54.589  -23.147  58.546 0.1000000015
148151  -53.754  -22.525  59.832 0.1000000015
58611  -53.659  -23.255  58.702 0.1000000015
59717  -52.973  -22.450  59.906 0.1000000015
59738  -54.351  -22.686  59.363 0.1000000015
58629  -55.896  -23.146  57.577 0.1000000015
59739  -55.303  -22.669  59.117 0.1000000015
59751  -56.587  -22.739  58.249 0.1000000015
58630  -57.000  -22.819  57.475 0.1000000015
59752  -57.717  -22.682  58.127 0.1000000015
59699  -52.868  -22.408  60.587 0.1000000015
59700  -53.678  -22.454  60.411 0.1000000015
134621  -49.358  -19.020  62.899 0.1000000015
61745  -49.793  -19.508  63.444 0.1000000015
61763  -49.836  -20.607  63.047 0.1000000015
60748  -50.317  -21.491  62.593 0.1000000015
59682  -51.692  -22.354  61.828 0.1000000015
62837  -50.237  -17.738  63.085 0.1000000015
53074  -50.332  -28.044  50.122 0.1000000015
57480  -59.490  -23.649  54.822 0.1000000015
61785  -49.756  -20.685  60.074 0.1000000015
60777  -50.291  -21.254  59.902 0.1000000015
148178  -50.715  -22.192  59.495 0.1000000015
58627  -53.940  -23.669  57.867 0.1000000015
58626  -53.041  -23.886  58.099 0.1000000015
58648  -55.805  -23.451  56.069 0.1000000015
139973  -56.372  -23.180  56.807 0.1000000015
150872  -57.423  -22.838  56.804 0.1000000015
148938  -58.104  -22.819  55.815 0.1000000015
58666  -58.905  -22.853  55.488 0.1000000015
58694  -59.658  -23.888  53.412 0.1000000015
58646  -54.245  -23.924  56.837 0.1000000015
57435  -52.364  -24.342  57.262 0.1000000015
57455  -53.546  -24.275  56.347 0.1000000015
126917  -58.415  -22.936  54.841 0.1000000015
58664  -56.376  -23.338  55.315 0.1000000015
64888  -50.368  -16.765  62.289 0.1000000015
63879  -51.008  -16.788  62.915 0.1000000015
133997  -53.794  -24.249  54.867 0.1000000015
128911  -52.847  -24.399  54.917 0.1000000015
57456  -54.009  -24.178  55.816 0.1000000015
57474  -52.489  -24.459  55.666 0.1000000015
136383  -52.867  -24.398  56.381 0.1000000015
58676  -55.685  -23.568  54.595 0.1000000015
57494  -54.664  -23.904  54.629 0.1000000015
58691  -56.060  -23.555  53.819 0.1000000015
138878  -57.140  -23.377  53.712 0.1000000015
57541  -59.432  -24.133  51.094 0.1000000015
57510  -53.425  -24.381  53.187 0.1000000015
58690  -55.095  -23.794  53.965 0.1000000015
139554  -48.914  -19.570  60.054 0.1000000015
61795  -49.646  -21.063  59.629 0.1000000015
130796  -50.092  -22.594  59.207 0.1000000015
59715  -50.206  -21.726  59.571 0.1000000015
62859  -48.608  -19.159  61.099 0.1000000015
64900  -48.839  -17.202  61.325 0.1000000015
130088  -49.833  -23.788  58.025 0.1000000015
59736  -49.270  -21.976  59.234 0.1000000015
132403  -51.158  -23.717  58.566 0.1000000015
56368  -56.203  -25.279  51.419 0.1000000015
141320  -51.397  -24.283  57.667 0.1000000015
57453  -50.927  -24.512  56.084 0.1000000015
58624  -50.531  -24.105  57.906 0.1000000015
56377  -55.942  -25.299  50.420 0.1000000015
129489  -52.004  -24.522  55.047 0.1000000015
55190  -52.498  -26.729  50.603 0.1000000015
53088  -51.619  -28.147  49.058 0.1000000015
62877  -48.323  -19.441  58.838 0.1000000015
64909  -48.158  -16.662  60.160 0.1000000015
58623  -49.192  -23.787  57.632 0.1000000015
57452  -50.092  -24.447  56.381 0.1000000015
56366  -54.070  -25.847  51.033 0.1000000015
55206  -53.159  -26.547  49.867 0.1000000015
54143  -52.422  -27.847  48.703 0.1000000015
66012  -47.653  -16.930  58.691 0.1000000015
66008  -47.970  -16.278  59.573 0.1000000015
64914  -47.796  -17.845  58.658 0.1000000015
61805  -48.138  -20.657  58.784 0.1000000015
60786  -47.487  -21.510  58.463 0.1000000015
58622  -48.349  -23.206  57.960 0.1000000015
60787  -48.367  -21.666  58.829 0.1000000015
69430  -51.359  -13.429  57.977 0.1000000015
67192  -48.477  -15.222  58.491 0.1000000015
130218  -47.549  -16.559  58.064 0.1000000015
64917  -47.407  -17.399  57.929 0.1000000015
60792  -46.673  -21.393  58.033 0.1000000015
58644  -47.811  -23.524  57.239 0.1000000015
67197  -48.280  -15.092  57.493 0.1000000015
68305  -50.362  -13.886  57.062 0.1000000015
146811  -46.677  -18.082  57.508 0.1000000015
57449  -47.832  -24.013  56.624 0.1000000015
143045  -46.113  -22.295  57.277 0.1000000015
57448  -47.169  -24.227  56.251 0.1000000015
58643  -46.154  -23.330  56.681 0.1000000015
57468  -46.453  -24.507  55.846 0.1000000015
58642  -45.478  -23.371  56.346 0.1000000015
135170  -45.420  -21.960  56.852 0.1000000015
56302  -45.991  -25.075  55.281 0.1000000015
58641  -44.922  -23.075  56.144 0.1000000015
57467  -45.499  -24.471  55.699 0.1000000015
57488  -45.105  -25.060  55.224 0.1000000015
56335  -45.675  -25.873  54.176 0.1000000015
55143  -44.672  -26.451  53.170 0.1000000015
56315  -44.803  -25.621  54.523 0.1000000015
133318  -44.124  -26.532  52.810 0.1000000015
55158  -44.478  -26.611  52.260 0.1000000015
131931  -47.289  -16.018  57.044 0.1000000015
67201  -48.135  -14.894  56.569 0.1000000015
64920  -46.320  -16.982  56.409 0.1000000015
129078  -45.568  -19.712  57.166 0.1000000015
64919  -45.767  -17.560  56.149 0.1000000015
149154  -45.309  -18.599  56.282 0.1000000015
62890  -45.320  -19.134  56.630 0.1000000015
62889  -44.906  -19.574  56.057 0.1000000015
136275  -44.971  -20.772  56.477 0.1000000015
60798  -44.857  -21.563  56.366 0.1000000015
130564  -44.480  -21.036  55.784 0.1000000015
62907  -44.922  -19.328  54.774 0.1000000015
63932  -45.281  -18.528  55.011 0.1000000015
58675  -44.023  -24.171  55.184 0.1000000015
58661  -44.353  -23.457  55.557 0.1000000015
59772  -44.463  -22.690  55.787 0.1000000015
58662  -45.060  -23.794  55.980 0.1000000015
55142  -43.822  -26.370  53.240 0.1000000015
55141  -43.034  -26.268  53.107 0.1000000015
57487  -44.278  -24.923  54.991 0.1000000015
56334  -44.240  -26.070  53.870 0.1000000015
138320  -44.068  -21.314  55.188 0.1000000015
58660  -43.588  -23.536  54.974 0.1000000015
60806  -43.643  -21.927  54.945 0.1000000015
67208  -47.487  -15.211  55.902 0.1000000015
66025  -46.887  -15.688  55.462 0.1000000015
64926  -46.057  -16.978  55.514 0.1000000015
31594  -15.026  -49.579  83.298 0.1000000015
31612  -8.097  -48.838  79.179 0.1000000015
32523  -13.874  -47.940  84.670 0.1000000015
33469  -13.450  -46.408  85.505 0.1000000015
34450  -13.690  -45.197  85.929 0.1000000015
34489  -14.604  -45.612  79.849 0.1000000015
36519  -14.833  -43.891  80.662 0.1000000015
36602  -27.690  -43.049  72.670 0.1000000015
37580  -10.302  -43.080  74.844 0.1000000015
37590  -32.278  -42.261  77.201 0.1000000015
37609  -33.163  -41.956  77.046 0.1000000015
37659  -36.166  -42.590  71.422 0.1000000015
38550  -13.454  -41.319  80.130 0.1000000015
39594  -32.594  -40.188  76.685 0.1000000015
39615  -32.309  -40.030  76.368 0.1000000015
39651  -16.918  -40.221  72.121 0.1000000015
40614  -32.443  -39.566  75.948 0.1000000015
40664  -37.672  -39.281  72.544 0.1000000015
40678  -16.292  -39.710  70.862 0.2000000030
40685  -37.071  -39.619  71.153 0.1000000015
40756  -35.066  -38.852  67.793 0.1000000015
41735  -32.204  -36.840  73.624 0.1000000015
41784  -15.135  -38.146  69.539 0.2000000030
41785  -19.830  -38.735  69.000 0.1000000015
41803  -16.021  -38.894  68.376 0.1000000015
41805  -20.236  -38.281  68.529 0.1000000015
41808  -35.562  -38.179  68.146 0.1000000015
41829  -33.810  -39.083  66.855 0.1000000015
41849  -32.781  -38.948  66.047 0.1000000015
42704  -15.873  -36.858  76.387 0.1000000015
42833  -37.966  -37.206  70.363 0.1000000015
42885  -16.070  -37.322  66.639 0.3000000119
42917  -29.616  -37.949  64.453 0.1000000015
43752  -31.650  -35.942  73.010 0.1000000015
43753  -31.939  -35.945  72.786 0.1000000015
43764  -31.782  -35.913  72.216 0.1000000015
43807  -14.949  -36.782  67.939 0.3000000119
43813  -35.701  -36.668  67.766 0.1000000015
43814  -36.173  -36.549  68.332 0.1000000015
43815  -37.195  -36.328  68.862 0.1000000015
43817  -40.738  -36.022  69.204 0.1000000015
43829  -15.289  -36.364  67.344 0.3000000119
43882  -33.971  -36.779  64.970 0.1000000015
43889  -18.667  -36.180  64.451 0.4000000060
43892  -21.299  -36.459  64.754 0.2000000030
43893  -22.521  -36.200  64.459 0.2000000030
43903  -21.066  -36.184  63.968 0.3000000119
43915  -30.663  -37.006  62.125 0.1000000015
43916  -31.572  -36.714  62.292 0.1000000015
43918  -33.153  -35.959  62.885 0.1000000015
43951  -28.849  -36.156  60.810 0.1000000015
44785  -29.360  -34.464  68.527 0.2000000030
44798  -28.138  -34.626  67.540 0.2000000030
44799  -29.531  -34.373  67.758 0.2000000030
44800  -35.677  -35.958  67.132 0.1000000015
44815  -16.081  -35.507  66.290 0.5000000000
44860  -24.665  -35.484  64.358 0.2000000030
44864  -34.040  -35.910  64.050 0.1000000015
44866  -35.474  -35.470  64.654 0.1000000015
44878  -23.523  -35.406  63.329 0.2000000030
44883  -34.557  -35.462  63.719 0.1000000015
44889  -19.524  -34.989  62.990 0.3000000119
44940  -29.029  -35.282  59.650 0.1000000015
45742  -28.528  -34.584  82.719 0.8999999762
45766  -29.651  -34.345  80.714 1.0000000000
45777  -28.661  -34.360  79.939 1.0000000000
45788  -28.990  -33.954  78.954 1.0000000000
45869  -29.076  -33.871  67.375 0.2000000030
45940  -37.661  -34.514  63.555 0.1000000015
45947  -20.070  -34.416  62.349 0.4000000060
45949  -21.477  -34.791  62.017 0.3000000119
45964  -22.565  -33.860  61.494 0.3000000119
45977  -26.475  -34.069  60.839 0.2000000030
46019  -29.696  -34.392  58.724 0.1000000015
46885  -20.213  -33.336  82.227 0.8000000119
46978  -21.067  -33.644  77.738 0.8999999762
46981  -26.301  -32.846  78.040 1.0000000000
47042  -19.933  -33.393  73.188 0.8999999762
47044  -21.483  -32.707  73.968 1.0000000000
47122  -26.332  -33.217  63.789 0.2000000030
47124  -39.393  -33.938  64.349 0.1000000015
47129  -18.465  -33.827  63.571 0.6000000238
47144  -20.315  -33.647  61.969 0.6000000238
47162  -24.051  -32.840  61.755 0.3000000119
47193  -32.676  -33.702  58.953 0.1000000015
47211  -27.921  -33.593  58.536 0.2000000030
47231  -29.817  -33.279  57.869 0.1000000015
48158  -18.719  -32.312  77.920 0.8999999762
48161  -24.730  -32.658  77.577 1.0000000000
48212  -24.531  -32.234  74.461 1.0000000000
48249  -22.628  -31.689  72.718 1.0000000000
48266  -24.099  -31.652  72.094 1.0000000000
48347  -19.447  -33.010  62.777 0.6000000238
48348  -20.494  -32.411  62.272 0.5000000000
48379  -35.875  -32.866  59.996 0.1000000015
48391  -25.851  -32.155  59.640 0.2000000030
48413  -29.013  -32.331  57.903 0.1000000015
48416  -33.566  -32.428  58.192 0.1000000015
49201  -12.625  -30.879  88.220 0.4000000060
49202  -13.279  -30.600  88.213 0.4000000060
49348  -37.032  -31.577  78.767 0.8000000119
49421  -28.952  -31.098  74.763 1.0000000000
49441  -36.080  -31.198  73.147 1.0000000000
49470  -26.221  -31.384  71.988 1.0000000000
49543  -20.583  -31.426  65.451 0.8000000119
49556  -39.976  -31.793  64.501 0.1000000015
49604  -35.781  -31.124  58.869 0.1000000015
49617  -35.135  -31.391  58.530 0.1000000015
50356  -29.491  -30.184  85.610 0.8000000119
50378  -1.339  -30.258  85.409 0.1000000015
50460  -26.029  -30.140  80.362 0.1000000015
50508  -24.435  -30.234  78.357 0.1000000015
50517  -10.086  -30.210  76.992 0.1000000015
50539  -21.914  -30.546  76.303 0.1000000015
50614  -34.812  -30.749  72.578 0.8999999762
50648  -46.049  -29.483  70.287 0.1000000015
50655  -35.020  -30.255  69.017 0.8999999762
50660  -46.645  -29.700  70.063 0.1000000015
50671  -41.851  -30.680  69.292 0.1000000015
50677  -49.472  -30.007  68.573 0.1000000015
50692  -48.920  -30.259  68.360 0.1000000015
50702  -49.911  -30.423  67.156 0.1000000015
50703  -50.504  -30.306  66.899 0.1000000015
50718  -40.397  -30.609  65.396 0.1000000015
50722  -46.746  -29.976  65.451 0.1000000015
50725  -49.857  -30.288  66.391 0.1000000015
50757  -23.456  -30.100  61.530 0.4000000060
50806  -29.894  -31.146  57.579 0.1000000015
51523  -16.535  -28.973  88.061 0.4000000060
51697  -33.597  -29.509  73.796 1.0000000000
51699  -37.061  -29.521  73.533 0.8999999762
51717  -30.716  -29.070  72.656 1.0000000000
51718  -33.069  -28.921  72.909 1.0000000000
51765  -46.537  -29.320  70.273 0.1000000015
51778  -47.978  -29.761  69.345 0.1000000015
51779  -48.569  -29.554  69.042 0.1000000015
51796  -51.651  -29.374  67.498 0.1000000015
51805  -40.868  -29.432  66.103 0.1000000015
51807  -51.153  -29.986  67.380 0.1000000015
51854  -45.869  -29.594  63.475 0.1000000015
51855  -46.675  -29.421  63.696 0.1000000015
51856  -47.550  -29.306  63.861 0.1000000015
51861  -22.943  -28.696  62.364 0.4000000060
51876  -46.049  -29.035  62.405 0.1000000015
52566  -28.742  -28.253  85.847 0.4000000060
52808  -29.462  -28.773  69.814 0.8999999762
52815  -45.011  -28.867  70.056 0.1000000015
52816  -45.735  -28.814  70.132 0.1000000015
52828  -26.877  -28.902  68.363 0.8999999762
52840  -46.022  -28.510  69.564 0.1000000015
52861  -42.641  -28.245  67.715 0.1000000015
52869  -52.347  -28.464  67.547 0.1000000015
52888  -52.123  -29.259  67.130 0.1000000015
52889  -52.246  -28.860  67.425 0.1000000015
52914  -52.532  -28.746  66.851 0.1000000015
52944  -23.900  -27.702  62.087 0.4000000060
52950  -47.446  -28.540  62.610 0.1000000015
53646  -28.205  -27.109  85.208 0.3000000119
53695  -41.322  -26.976  79.970 0.1000000015
53877  -44.730  -28.164  68.643 0.1000000015
53892  -43.777  -27.724  67.551 0.1000000015
53904  -25.718  -27.570  66.032 0.5000000000
53918  -49.306  -28.157  66.719 0.1000000015
53919  -50.107  -28.115  66.756 0.1000000015
53922  -52.823  -28.152  67.261 0.1000000015
53943  -41.563  -27.287  65.453 0.1000000015
53958  -23.503  -27.461  63.846 0.4000000060
53969  -41.841  -27.030  64.924 0.1000000015
53978  -23.986  -26.986  63.262 0.4000000060
54709  -28.743  -26.726  85.103 0.3000000119
54983  -42.882  -26.960  65.229 0.1000000015
55004  -43.189  -26.776  64.619 0.1000000015
55007  -46.599  -26.895  64.511 0.1000000015
55015  -24.750  -26.635  62.890 0.4000000060
55017  -25.955  -26.468  63.383 0.5000000000
55041  -41.619  -26.423  62.480 0.1000000015
55057  -43.303  -26.305  62.880 0.1000000015
55060  -50.447  -26.191  61.528 0.1000000015
55116  -50.919  -26.823  56.827 0.1000000015
56005  -44.424  -25.063  76.965 0.1000000015
56179  -50.314  -25.783  65.275 0.1000000015
56189  -48.791  -25.942  64.254 0.1000000015
56220  -44.989  -25.318  61.713 0.2000000030
56359  -56.801  -25.100  53.080 0.1000000015
56378  -57.613  -24.776  51.014 0.1000000015
57167  -45.009  -23.889  75.347 0.2000000030
57370  -30.611  -25.039  61.483 0.5000000000
57375  -47.008  -24.076  61.836 0.2000000030
57377  -56.807  -24.390  61.744 0.1000000015
57378  -57.409  -23.774  62.286 0.1000000015
57379  -57.614  -23.097  62.192 0.1000000015
57391  -57.913  -23.570  60.903 0.1000000015
57423  -56.017  -24.893  58.305 0.1000000015
57439  -58.721  -23.667  58.158 0.1000000015
57460  -59.469  -23.467  55.603 0.1000000015
57476  -54.449  -23.975  55.305 0.1000000015
57478  -58.538  -24.402  55.794 0.1000000015
57497  -59.527  -24.046  54.103 0.1000000015
57498  -59.604  -23.818  54.062 0.1000000015
57513  -59.728  -24.015  52.719 0.1000000015
58332  -44.593  -23.832  76.997 0.1000000015
58382  -45.269  -23.286  74.690 0.2000000030
58486  -52.741  -23.673  68.362 0.1000000015
58560  -56.665  -22.873  63.300 0.1000000015
58579  -58.046  -23.095  60.786 0.1000000015
58586  -42.583  -23.709  59.275 0.3000000119
58592  -58.438  -23.140  59.190 0.1000000015
58614  -58.686  -23.225  58.545 0.1000000015
58620  -46.596  -22.884  57.250 0.1000000015
58631  -58.192  -22.716  57.331 0.1000000015
58649  -57.144  -23.028  56.075 0.1000000015
58667  -59.402  -23.328  55.195 0.1000000015
59455  -44.588  -22.278  76.391 0.1000000015
59530  -44.944  -21.534  71.515 0.4000000060
59672  -57.735  -22.898  61.674 0.1000000015
59685  -55.590  -22.583  61.706 0.1000000015
59703  -57.478  -22.583  60.382 0.1000000015
59705  -58.259  -22.988  59.703 0.1000000015
59719  -56.482  -22.413  59.858 0.1000000015
59733  -42.644  -22.580  58.793 0.3000000119
59740  -56.285  -22.553  59.073 0.1000000015
59743  -58.652  -23.007  58.566 0.1000000015
60766  -45.661  -21.463  60.423 0.3000000119
61644  -44.006  -20.713  69.198 0.6999999881
61691  -52.201  -20.058  68.237 0.1000000015
61722  -52.027  -19.675  66.839 0.1000000015
62779  -50.966  -18.784  68.073 0.1000000015
62865  -43.492  -19.052  59.153 0.4000000060
64887  -45.677  -17.707  61.834 0.3000000119
66066  -56.562  -16.752  50.853 0.1000000015
67211  -58.978  -15.787  55.120 0.1000000015
69220  -43.477  -12.957  74.223 0.3000000119
69233  -43.764  -12.861  74.217 0.2000000030
70387  -44.006  -12.445  73.992 0.2000000030
70603  -57.077  -12.884  58.882 0.1000000015
71478  -44.965  -11.969  73.657 0.3000000119
72808  -58.561  -10.760  53.818 0.1000000015
74691  -50.873  -8.768  69.272 0.3000000119
74692  -51.441  -8.784  68.825 0.3000000119
75748  -51.622  -8.353  68.325 0.3000000119
125279  -28.383  -27.736  61.617 0.5000000000
125363  -18.962  -39.561  69.583 0.1000000015
125579  -55.276  -23.492  56.838 0.1000000015
126232  -30.463  -32.499  80.441 1.0000000000
126938  -10.645  -47.330  78.542 0.1000000015
127331  -8.134  -30.535  77.876 0.1000000015
128181  -11.926  -41.120  73.275 0.1000000015
128849  -43.805  -29.128  70.083 0.1000000015
129033  -58.284  -24.272  58.099 0.1000000015
129325  -28.081  -31.435  58.425 0.3000000119
129825  -46.171  -27.552  65.976 0.1000000015
129959  -50.880  -25.771  60.161 0.1000000015
130161  -31.390  -36.756  73.855 0.1000000015
131072  -31.773  -24.854  58.815 0.4000000060
131520  -10.113  -30.628  79.796 0.1000000015
132255  -12.687  -32.001  72.913 0.4000000060
132618  -38.434  -28.679  61.954 0.1000000015
133870  -15.933  -28.646  77.996 0.1000000015
134351  -28.086  -28.212  67.583 0.8000000119
134702  -29.553  -29.471  72.189 1.0000000000
134711  -44.868  -11.900  61.147 0.4000000060
134714  -27.632  -27.003  61.983 0.5000000000
135548  -39.036  -22.917  58.150 0.3000000119
135856  -45.759  -22.063  74.121 0.2000000030
136577  -33.115  -29.252  74.141 1.0000000000
136580  -56.799  -24.284  62.555 0.1000000015
136855  -51.827  -22.684  68.253 0.2000000030
136863  -18.266  -33.316  69.960 0.8999999762
137074  -41.364  -33.259  70.360 0.1000000015
137751  -59.334  -23.494  53.832 0.1000000015
138029  -37.038  -40.912  71.699 0.1000000015
138740  -32.529  -38.520  74.285 0.1000000015
140485  -11.893  -32.366  87.479 0.5000000000
140547  -51.642  -25.971  66.831 0.1000000015
140670  -50.872  -27.398  51.945 0.1000000015
140767  -13.197  -29.478  79.647 0.1000000015
140931  -36.789  -31.382  59.728 0.1000000015
141453  -51.551  -24.458  56.678 0.1000000015
141880  -32.673  -28.653  71.731 1.0000000000
142508  -50.874  -21.709  59.797 0.1000000015
144004  -22.467  -33.284  77.330 1.0000000000
144101  -31.765  -33.269  58.052 0.1000000015
144699  -35.112  -35.739  65.199 0.1000000015
144838  -13.191  -32.101  86.959 0.6000000238
146267  -27.355  -27.477  83.859 0.3000000119
146418  -42.356  -28.936  68.115 0.1000000015
146559  -14.224  -47.161  84.902 0.1000000015
146954  -20.335  -36.951  65.719 0.2000000030
147230  -50.342  -25.990  60.725 0.1000000015
147424  -45.872  -12.013  73.113 0.3000000119
147494  -56.128  -25.265  55.495 0.1000000015
147937  -39.037  -30.140  80.071 0.3000000119
148459  -58.100  -9.421  55.330 0.1000000015
148826  -33.084  -29.919  64.317 0.8999999762
149043  -16.205  -39.544  70.253 0.1000000015
149244  -52.845  -25.490  59.391 0.1000000015
149638  -46.095  -22.827  56.974 0.1000000015
149820  -52.427  -27.413  49.209 0.1000000015
149923  -30.515  -31.252  57.444 0.1000000015
150099  -49.535  -21.929  65.666 0.2000000030
150109  -26.548  -28.389  82.098 0.2000000030
150272  -50.692  -27.316  54.812 0.1000000015
150713  -54.997  -24.788  61.112 0.1000000015
150764  -58.726  -24.430  50.688 0.1000000015
150841  -50.441  -26.328  65.634 0.1000000015
150913  -26.311  -34.373  64.836 0.2000000030
151080  -50.523  -27.250  55.752 0.1000000015
151165  -51.493  -27.121  51.840 0.1000000015
151184  -49.167  -26.466  59.396 0.1000000015
151357  -52.298  -25.883  58.400 0.1000000015
