#!ascii label  , from subject sub-v2s10x28998_ses-1 vox2ras=TkReg
4731
36664  26.497  -39.496  81.947 0.1000000015
35669  26.070  -40.135  81.346 0.1000000015
147871  26.580  -38.716  81.493 0.1000000015
35670  25.636  -40.707  80.647 0.1000000015
141550  26.240  -39.301  80.914 0.1000000015
36667  26.112  -39.085  79.934 0.2000000030
127765  26.692  -36.751  79.814 0.3000000119
38571  26.513  -37.439  79.309 0.2000000030
37642  26.305  -38.105  78.734 0.2000000030
37643  26.031  -38.759  78.120 0.2000000030
140467  26.378  -34.098  80.246 0.4000000060
139127  26.616  -35.912  79.410 0.5000000000
137116  26.522  -36.664  78.942 0.3000000119
139380  26.365  -36.642  78.238 0.4000000060
38574  26.396  -37.285  78.456 0.2000000030
37654  25.915  -38.558  76.756 0.3000000119
38622  30.337  -36.978  71.198 0.3000000119
36701  30.627  -39.188  74.716 0.1000000015
35717  30.251  -39.795  73.868 0.1000000015
51559  28.697  -25.367  83.197 0.4000000060
51562  29.339  -25.206  82.732 0.4000000060
50329  29.341  -25.696  83.144 0.4000000060
49148  27.714  -26.692  82.956 0.4000000060
50330  28.890  -26.137  83.026 0.4000000060
49149  26.801  -27.525  83.034 0.3000000119
47946  27.044  -27.706  82.153 0.3000000119
46810  25.992  -29.265  81.508 0.3000000119
131380  25.791  -29.868  81.160 0.3000000119
45728  25.643  -30.637  80.780 0.3000000119
41190  26.251  -34.191  79.645 0.4000000060
42321  25.935  -33.945  78.966 0.4000000060
41201  26.188  -34.611  78.888 0.4000000060
38576  26.220  -37.051  77.640 0.4000000060
41217  26.010  -34.930  78.190 0.4000000060
149226  26.064  -36.612  77.285 0.4000000060
40311  26.129  -35.588  78.002 0.4000000060
38581  25.962  -37.008  76.796 0.4000000060
35771  32.185  -40.510  70.481 0.3000000119
38645  31.357  -37.098  69.742 0.3000000119
39496  31.326  -36.696  70.264 0.3000000119
38582  25.888  -37.789  76.320 0.3000000119
38646  30.795  -36.778  69.126 0.3000000119
39509  30.564  -36.548  69.605 0.3000000119
37663  32.498  -38.025  74.836 0.2000000030
141749  25.667  -37.125  75.106 0.3000000119
132476  25.736  -37.807  75.451 0.3000000119
39526  29.705  -36.149  68.636 0.3000000119
39510  30.025  -36.352  69.318 0.3000000119
39511  29.280  -36.467  69.019 0.3000000119
38612  31.247  -36.911  72.194 0.2000000030
37664  31.754  -37.857  74.912 0.2000000030
36706  25.652  -39.776  72.915 0.3000000119
132185  25.577  -39.899  73.761 0.2000000030
135610  25.562  -39.231  74.430 0.2000000030
132523  25.538  -40.115  74.600 0.2000000030
38647  29.634  -36.670  69.703 0.3000000119
38634  30.141  -36.740  70.432 0.3000000119
36711  30.110  -39.260  73.051 0.1000000015
34709  29.016  -41.333  72.729 0.1000000015
34711  27.742  -41.348  72.206 0.1000000015
38648  28.688  -37.256  69.246 0.3000000119
38635  29.099  -37.671  70.050 0.3000000119
131770  29.591  -39.778  72.188 0.2000000030
34727  28.356  -40.827  71.726 0.1000000015
36716  27.310  -40.188  70.950 0.3000000119
36730  26.293  -39.226  70.692 0.3000000119
49157  29.729  -26.148  82.933 0.5000000000
141099  28.896  -26.589  82.339 0.5000000000
49158  27.917  -27.022  82.103 0.4000000060
47947  26.428  -28.569  81.493 0.3000000119
47957  27.204  -27.888  81.244 0.4000000060
44623  25.594  -31.519  80.473 0.3000000119
46824  26.252  -29.277  79.926 0.3000000119
46809  26.098  -29.238  80.785 0.3000000119
45738  25.551  -30.749  79.795 0.3000000119
43473  25.719  -32.549  80.140 0.3000000119
42308  25.803  -33.335  79.435 0.3000000119
46841  26.342  -29.337  79.217 0.3000000119
46825  25.797  -29.921  80.300 0.3000000119
43481  25.443  -32.371  79.065 0.4000000060
28604  38.711  -47.156  68.471 0.1000000015
31726  37.381  -44.074  68.504 0.2000000030
41202  25.792  -34.154  78.319 0.4000000060
33767  36.173  -42.505  68.846 0.2000000030
41218  25.635  -34.511  77.578 0.3000000119
138496  25.858  -35.185  77.593 0.4000000060
33768  35.163  -42.310  68.662 0.3000000119
34747  31.642  -40.883  69.078 0.3000000119
35779  31.211  -40.213  68.952 0.3000000119
40312  25.898  -35.703  77.281 0.3000000119
36748  31.384  -39.243  69.551 0.3000000119
38662  30.961  -37.457  69.006 0.3000000119
39458  25.757  -36.462  76.253 0.4000000060
38603  31.285  -37.211  72.968 0.2000000030
38594  31.691  -37.503  74.007 0.2000000030
37665  31.085  -37.915  74.277 0.2000000030
37677  30.496  -37.293  71.932 0.2000000030
37673  30.670  -37.514  72.714 0.2000000030
36710  30.420  -38.271  73.109 0.2000000030
38596  25.562  -37.045  74.308 0.3000000119
39469  25.564  -36.421  74.819 0.3000000119
39527  28.912  -36.127  68.438 0.3000000119
38663  28.286  -36.852  68.624 0.3000000119
136155  29.675  -37.473  70.814 0.3000000119
36727  28.707  -39.553  70.784 0.3000000119
34710  28.497  -41.249  72.299 0.1000000015
35730  27.135  -41.052  71.980 0.2000000030
141114  25.589  -38.998  72.612 0.3000000119
38604  25.528  -37.592  73.686 0.3000000119
39475  25.490  -36.749  73.522 0.3000000119
35745  28.981  -40.174  71.446 0.3000000119
36729  27.006  -39.547  70.407 0.3000000119
141242  26.768  -40.529  71.625 0.2000000030
36718  25.990  -39.471  71.417 0.2000000030
132732  25.553  -38.259  72.119 0.3000000119
38613  25.493  -37.461  72.805 0.3000000119
40356  25.393  -35.888  73.182 0.4000000060
133737  25.302  -35.275  73.821 0.4000000060
36728  27.822  -39.672  70.458 0.3000000119
137855  25.754  -38.771  71.272 0.3000000119
128601  25.489  -37.341  71.927 0.4000000060
39481  25.445  -36.582  72.452 0.4000000060
125429  25.264  -35.094  73.044 0.3000000119
41259  25.056  -34.339  73.516 0.3000000119
40365  25.351  -35.521  72.252 0.4000000060
41269  25.216  -34.439  72.504 0.3000000119
50328  30.238  -26.106  82.364 0.4000000060
51561  29.797  -25.556  82.143 0.4000000060
133486  45.775  -53.324  64.128 0.1000000015
136766  30.193  -26.320  82.607 0.4000000060
23056  44.007  -52.842  64.042 0.1000000015
49164  30.262  -27.031  82.112 0.5000000000
49165  29.497  -26.835  82.038 0.4000000060
49166  28.172  -27.301  81.361 0.4000000060
144696  42.716  -52.163  64.163 0.1000000015
49173  29.434  -27.722  80.861 0.5000000000
49174  28.532  -27.698  80.523 0.3000000119
47969  27.494  -28.086  80.353 0.3000000119
47970  26.915  -28.719  79.454 0.3000000119
46842  25.853  -29.872  79.460 0.3000000119
128843  25.382  -31.329  79.017 0.3000000119
149559  38.588  -47.233  67.825 0.2000000030
30671  37.628  -44.973  68.238 0.2000000030
45752  25.607  -30.432  78.881 0.3000000119
150485  25.263  -31.764  78.420 0.4000000060
32748  36.659  -42.830  68.344 0.2000000030
132715  25.407  -30.971  78.228 0.4000000060
44636  25.172  -31.611  77.682 0.4000000060
43487  25.282  -32.510  78.102 0.4000000060
129922  32.045  -41.425  68.729 0.3000000119
41232  25.232  -34.089  76.854 0.4000000060
37706  30.780  -38.292  68.493 0.3000000119
130617  25.441  -35.242  75.857 0.3000000119
149018  30.500  -36.638  68.417 0.3000000119
40334  25.600  -36.018  75.629 0.3000000119
39525  30.272  -36.367  68.777 0.3000000119
40412  29.369  -35.769  68.075 0.3000000119
37678  29.792  -37.911  71.453 0.3000000119
36726  29.219  -38.495  70.727 0.2000000030
37685  28.415  -38.889  70.123 0.3000000119
147959  25.520  -36.575  74.175 0.4000000060
40345  25.387  -35.495  74.824 0.4000000060
41242  25.118  -34.601  75.180 0.3000000119
37695  28.108  -38.286  69.431 0.3000000119
37686  27.509  -39.007  69.872 0.3000000119
127162  25.135  -34.716  74.367 0.3000000119
39528  27.905  -36.313  68.148 0.3000000119
132544  26.825  -36.207  68.215 0.3000000119
38664  27.275  -37.025  68.499 0.3000000119
38649  27.704  -37.679  68.900 0.3000000119
38650  26.818  -37.696  68.980 0.3000000119
37697  26.554  -38.154  69.481 0.3000000119
37698  26.115  -38.172  69.897 0.3000000119
37687  26.640  -38.794  69.931 0.3000000119
39529  25.978  -36.049  68.757 0.4000000060
39512  25.807  -36.652  69.328 0.4000000060
38651  26.036  -37.482  69.503 0.4000000060
38636  25.698  -37.649  70.394 0.4000000060
37688  25.925  -38.486  70.501 0.3000000119
39487  25.465  -37.003  71.163 0.4000000060
143375  25.414  -36.292  71.658 0.4000000060
39499  25.518  -36.700  70.189 0.4000000060
40374  25.356  -35.587  71.300 0.4000000060
131183  25.315  -34.758  71.635 0.3000000119
148085  25.206  -33.792  72.361 0.3000000119
43546  25.176  -32.681  73.125 0.4000000060
127234  25.300  -33.934  71.861 0.4000000060
42404  25.289  -33.160  72.204 0.4000000060
50341  29.666  -26.121  80.165 0.4000000060
50340  30.308  -26.486  80.694 0.4000000060
50333  30.605  -26.466  81.810 0.4000000060
47945  30.920  -27.515  82.274 0.5000000000
23949  46.530  -52.662  64.133 0.2000000030
132705  44.858  -53.366  64.156 0.1000000015
24868  41.615  -51.876  64.774 0.1000000015
49156  30.693  -26.857  82.103 0.5000000000
27624  39.329  -48.854  66.615 0.1000000015
29623  37.905  -46.086  67.357 0.2000000030
47955  30.518  -28.530  81.206 0.4000000060
47956  30.049  -27.961  81.101 0.4000000060
47968  28.806  -28.224  79.599 0.3000000119
131931  27.871  -28.256  79.420 0.3000000119
133710  37.189  -44.401  67.637 0.2000000030
33778  34.215  -42.313  67.160 0.2000000030
46823  30.925  -29.372  81.307 0.4000000060
47966  29.982  -28.663  80.239 0.4000000060
47967  29.491  -28.397  79.911 0.4000000060
47980  29.166  -28.686  78.867 0.3000000119
47982  27.427  -28.717  78.567 0.3000000119
46858  26.695  -29.173  78.632 0.3000000119
46859  26.078  -29.726  78.721 0.3000000119
32762  36.454  -42.990  67.554 0.2000000030
47981  28.341  -28.527  78.590 0.3000000119
46857  27.038  -29.157  77.884 0.3000000119
45751  25.854  -30.156  78.093 0.4000000060
33777  35.002  -42.351  67.752 0.2000000030
34769  32.507  -41.883  67.555 0.2000000030
46873  26.431  -29.740  77.345 0.4000000060
45764  25.589  -30.647  77.299 0.4000000060
44643  25.135  -31.464  76.796 0.4000000060
43495  24.984  -32.419  77.227 0.4000000060
35788  30.499  -40.027  67.322 0.3000000119
37718  30.416  -38.328  67.704 0.3000000119
137576  24.768  -32.988  75.869 0.4000000060
38675  30.411  -36.837  67.781 0.3000000119
42368  24.853  -33.749  75.478 0.3000000119
147841  24.933  -33.715  76.209 0.4000000060
40411  29.942  -35.955  68.105 0.3000000119
43533  25.062  -32.074  74.613 0.4000000060
135821  24.753  -32.912  75.010 0.4000000060
42380  24.872  -33.799  74.468 0.4000000060
40413  28.593  -35.731  67.932 0.3000000119
44684  25.564  -31.415  74.292 0.4000000060
136488  24.940  -32.787  74.100 0.4000000060
40414  27.628  -35.653  67.801 0.3000000119
40415  26.756  -35.295  67.957 0.3000000119
42393  24.938  -33.437  73.618 0.3000000119
149647  26.387  -35.726  68.334 0.4000000060
40395  25.631  -35.287  69.149 0.4000000060
130949  25.514  -35.947  69.613 0.4000000060
40384  25.370  -35.763  70.469 0.4000000060
40416  26.093  -35.273  68.496 0.5000000000
140681  25.382  -35.135  69.946 0.5000000000
41280  25.354  -34.113  71.081 0.4000000060
42417  25.443  -33.335  71.378 0.4000000060
43569  25.669  -32.597  71.587 0.4000000060
49163  30.907  -26.735  81.208 0.4000000060
49155  31.344  -27.281  82.402 0.4000000060
50327  31.274  -26.965  82.111 0.4000000060
23950  45.495  -52.361  63.995 0.2000000030
47944  31.657  -27.737  82.581 0.4000000060
24867  42.230  -51.707  64.113 0.1000000015
25774  39.947  -50.177  65.689 0.1000000015
149518  47.016  -51.832  64.264 0.1000000015
29634  38.129  -46.638  66.955 0.2000000030
30682  37.545  -45.354  67.408 0.2000000030
137545  31.943  -28.442  82.708 0.4000000060
31744  36.631  -43.780  67.110 0.2000000030
32763  36.008  -42.768  67.167 0.2000000030
34756  33.339  -42.141  67.770 0.2000000030
140468  32.401  -41.869  66.875 0.2000000030
34770  31.683  -41.479  67.334 0.2000000030
46839  30.379  -29.402  80.092 0.4000000060
46840  29.789  -28.979  79.334 0.4000000060
47992  27.879  -28.835  77.760 0.3000000119
36779  30.196  -39.239  67.038 0.3000000119
38687  30.058  -37.208  66.967 0.3000000119
46854  30.126  -29.757  79.026 0.5000000000
46856  28.911  -29.035  77.886 0.3000000119
46872  27.419  -29.312  77.084 0.3000000119
45782  25.581  -30.747  76.345 0.4000000060
39560  30.191  -36.444  67.450 0.3000000119
144517  29.952  -29.910  78.448 0.3000000119
46870  29.140  -29.593  77.191 0.3000000119
46871  28.352  -29.264  77.049 0.3000000119
45781  26.170  -30.155  76.603 0.4000000060
43510  24.854  -32.247  76.333 0.4000000060
39544  30.004  -35.941  67.487 0.3000000119
44656  25.159  -31.407  75.917 0.4000000060
43523  24.880  -32.151  75.469 0.4000000060
40427  29.527  -35.541  67.487 0.3000000119
147295  28.997  -34.966  67.276 0.3000000119
45802  25.670  -30.779  75.527 0.4000000060
150733  29.070  -35.419  67.689 0.3000000119
40428  28.366  -35.226  67.516 0.3000000119
44672  25.318  -31.391  75.076 0.4000000060
136376  28.212  -34.591  67.167 0.3000000119
40429  27.531  -34.932  67.538 0.3000000119
44697  25.724  -31.829  73.063 0.4000000060
141663  25.811  -31.463  73.640 0.4000000060
41322  26.306  -34.465  68.231 0.5000000000
43555  25.659  -32.245  72.331 0.4000000060
42459  25.823  -34.015  68.891 0.4000000060
41323  25.806  -34.712  68.812 0.4000000060
41304  25.560  -34.530  69.448 0.4000000060
41290  25.427  -34.310  70.257 0.4000000060
42432  25.570  -33.396  70.543 0.4000000060
43465  37.547  -32.975  80.654 0.2000000030
41176  37.386  -33.496  80.734 0.3000000119
49162  31.424  -27.327  80.932 0.3000000119
41188  37.140  -34.009  80.628 0.3000000119
47934  32.162  -27.969  82.763 0.4000000060
23951  44.590  -52.345  63.826 0.1000000015
42316  36.441  -34.114  78.994 0.6000000238
41200  37.019  -34.346  79.942 0.6000000238
25795  40.465  -50.791  65.481 0.1000000015
42364  35.387  -33.139  75.389 0.6000000238
42349  36.217  -33.662  76.730 0.6000000238
42329  36.282  -33.873  77.744 0.6999999881
126492  47.003  -50.965  64.445 0.1000000015
25792  46.428  -50.179  64.415 0.1000000015
26690  39.715  -49.625  65.366 0.2000000030
124995  39.412  -49.047  65.795 0.2000000030
42377  35.287  -32.941  74.535 0.6000000238
29635  37.669  -45.956  66.587 0.2000000030
136697  36.272  -43.117  66.969 0.2000000030
43563  34.029  -32.542  71.725 0.6000000238
42350  35.443  -33.298  76.299 0.6000000238
45727  30.878  -30.145  80.495 0.4000000060
35795  30.615  -40.539  66.533 0.3000000119
43551  34.141  -32.657  72.546 0.6000000238
42392  35.006  -32.786  73.688 0.6000000238
45737  30.636  -30.445  79.572 0.4000000060
37732  29.692  -38.106  66.088 0.3000000119
39577  29.665  -36.171  65.973 0.3000000119
45749  30.319  -30.668  78.551 0.5000000000
40442  29.674  -35.575  66.739 0.3000000119
41358  29.184  -34.130  66.145 0.4000000060
45762  30.162  -31.070  77.627 0.5000000000
45763  29.609  -30.391  76.986 0.5000000000
46889  27.879  -29.576  76.183 0.4000000060
46890  26.914  -29.720  76.496 0.4000000060
145763  26.574  -30.018  76.192 0.4000000060
41339  29.290  -34.944  66.802 0.3000000119
45778  29.448  -30.725  76.180 0.5000000000
45779  28.716  -30.188  75.675 0.5000000000
46907  27.886  -30.033  75.287 0.4000000060
45780  26.993  -29.937  75.707 0.4000000060
41340  28.766  -34.339  66.734 0.4000000060
136348  27.925  -30.418  74.672 0.4000000060
45800  27.214  -30.271  74.905 0.4000000060
45801  26.386  -30.404  75.203 0.4000000060
139024  26.193  -30.304  75.937 0.4000000060
45814  27.495  -30.654  74.260 0.4000000060
45815  26.646  -30.641  74.465 0.4000000060
45816  25.873  -30.841  74.735 0.4000000060
40430  26.936  -34.552  67.704 0.4000000060
45830  27.808  -31.015  73.714 0.4000000060
44696  26.487  -31.327  73.194 0.4000000060
45831  27.004  -30.919  73.746 0.4000000060
44683  26.187  -31.039  73.987 0.4000000060
128898  26.973  -31.418  72.578 0.4000000060
42458  26.317  -33.534  68.394 0.4000000060
42442  25.654  -33.714  69.681 0.4000000060
128643  26.090  -32.271  70.995 0.5000000000
125240  26.928  -31.594  71.921 0.4000000060
44705  26.318  -31.677  72.451 0.4000000060
43585  25.892  -32.677  70.519 0.4000000060
43568  26.212  -31.925  71.697 0.4000000060
49147  32.196  -27.882  82.731 0.4000000060
49153  32.363  -27.913  82.456 0.3000000119
141171  37.405  -34.513  79.265 0.6000000238
46806  32.740  -29.529  82.762 0.4000000060
142694  44.432  -51.669  63.688 0.2000000030
24866  43.101  -51.616  63.747 0.2000000030
46822  31.652  -29.297  82.186 0.3000000119
45720  32.207  -30.156  82.247 0.4000000060
126719  40.835  -50.664  64.354 0.2000000030
42376  36.221  -33.340  74.736 0.6000000238
130211  35.571  -33.621  78.207 0.5000000000
45726  31.407  -30.249  81.342 0.4000000060
45736  31.278  -31.057  80.272 0.4000000060
125317  47.353  -50.016  64.751 0.1000000015
150038  39.530  -49.114  65.068 0.2000000030
135770  38.039  -46.649  66.290 0.2000000030
26687  45.813  -49.529  64.393 0.1000000015
32777  36.209  -43.530  66.491 0.2000000030
33792  33.697  -42.277  66.291 0.2000000030
44635  30.926  -31.433  79.175 0.4000000060
130992  30.658  -31.745  78.250 0.4000000060
27642  45.332  -48.020  64.684 0.1000000015
36797  30.073  -39.783  66.146 0.2000000030
43658  29.598  -32.484  65.192 0.4000000060
40452  29.574  -35.353  65.814 0.4000000060
126419  31.998  -31.298  68.843 0.5000000000
43581  33.349  -32.163  70.684 0.6000000238
127183  29.466  -34.904  66.265 0.3000000119
43643  29.159  -32.168  65.919 0.4000000060
44748  31.547  -30.980  67.953 0.6000000238
44655  29.996  -31.378  76.769 0.5000000000
43644  28.577  -32.420  66.449 0.4000000060
45798  29.287  -31.053  75.365 0.5000000000
41359  28.589  -33.471  66.396 0.4000000060
45813  28.369  -30.974  74.205 0.5000000000
139381  28.066  -33.807  66.866 0.4000000060
42475  27.424  -33.157  67.260 0.4000000060
41341  27.463  -34.164  67.316 0.4000000060
44704  27.660  -31.480  72.335 0.4000000060
42457  26.797  -32.922  67.958 0.3000000119
41342  26.801  -33.795  67.732 0.4000000060
42441  26.025  -33.223  69.111 0.4000000060
44716  26.855  -31.731  71.023 0.5000000000
130523  26.473  -32.856  68.637 0.5000000000
43598  25.912  -32.890  69.880 0.4000000060
43584  26.467  -32.192  70.213 0.5000000000
145006  27.164  -31.742  70.233 0.5000000000
41199  37.746  -34.394  80.030 0.3000000119
135598  46.265  -51.668  64.175 0.2000000030
41231  36.913  -34.171  77.241 0.6000000238
41216  37.045  -34.391  78.248 0.6999999881
24852  44.975  -51.748  63.784 0.2000000030
42363  36.193  -33.513  75.766 0.6999999881
44628  31.523  -31.901  79.689 0.4000000060
138282  31.832  -31.626  80.480 0.4000000060
24865  43.939  -51.220  63.618 0.2000000030
26707  41.589  -50.358  63.720 0.2000000030
26709  39.948  -49.444  64.498 0.2000000030
28637  38.675  -47.775  65.548 0.2000000030
31762  36.510  -44.160  66.431 0.2000000030
42391  35.938  -33.033  73.880 0.6000000238
42330  35.541  -33.445  77.222 0.5000000000
44634  31.225  -32.159  78.762 0.3000000119
26686  46.721  -49.316  64.778 0.1000000015
26688  45.158  -48.925  64.354 0.1000000015
35804  30.487  -40.556  65.521 0.2000000030
44654  30.383  -32.177  76.473 0.5000000000
29658  44.272  -46.769  64.660 0.1000000015
131718  29.450  -35.930  65.121 0.3000000119
43564  33.270  -32.303  71.386 0.5000000000
44642  30.504  -32.000  77.360 0.5000000000
29660  42.837  -46.296  63.767 0.2000000030
143114  43.896  -46.192  64.693 0.1000000015
44733  32.491  -31.606  69.517 0.5000000000
43582  32.673  -32.057  70.894 0.5000000000
44669  30.275  -32.256  75.593 0.5000000000
30719  43.336  -45.797  64.357 0.1000000015
134432  42.901  -45.204  64.293 0.1000000015
44767  29.847  -30.965  67.262 0.4000000060
125510  30.456  -30.865  68.062 0.6000000238
44670  29.864  -31.636  75.913 0.5000000000
31803  41.947  -44.415  63.759 0.1000000015
127540  41.432  -43.649  63.635 0.1000000015
44787  29.219  -31.500  66.568 0.4000000060
44681  29.583  -31.938  74.349 0.5000000000
130984  29.744  -31.808  75.074 0.5000000000
32817  40.933  -42.902  63.458 0.1000000015
44788  28.486  -31.795  67.030 0.4000000060
44694  29.344  -31.935  73.725 0.5000000000
44671  29.100  -31.381  74.623 0.5000000000
33825  40.446  -42.185  63.278 0.1000000015
142317  28.299  -31.523  72.790 0.5000000000
136344  28.527  -31.448  73.473 0.5000000000
42474  28.055  -33.002  66.738 0.3000000119
44715  27.667  -31.533  71.538 0.5000000000
44695  27.556  -31.287  73.092 0.5000000000
43615  26.454  -32.509  69.319 0.4000000060
42303  36.370  -33.691  80.734 0.2000000030
44622  32.314  -31.620  81.038 0.4000000060
24850  46.162  -50.926  64.249 0.2000000030
41252  36.959  -33.851  75.302 0.6999999881
41241  36.915  -33.976  76.277 0.6000000238
41189  36.362  -34.015  80.099 0.4000000060
43480  31.861  -32.385  79.223 0.4000000060
43471  32.286  -32.172  80.285 0.4000000060
149666  35.729  -32.987  73.188 0.6000000238
42317  35.528  -33.692  79.291 0.4000000060
27643  39.217  -48.563  65.243 0.2000000030
148869  37.312  -45.662  65.876 0.2000000030
33802  35.159  -42.865  66.007 0.2000000030
42331  34.731  -33.147  76.885 0.5000000000
43486  31.000  -32.421  77.900 0.5000000000
33803  34.544  -42.661  65.636 0.2000000030
151380  31.796  -41.521  65.704 0.2000000030
137178  29.402  -38.421  65.139 0.3000000119
42378  34.539  -32.795  74.385 0.6000000238
42366  33.735  -32.921  75.596 0.6000000238
43494  30.868  -32.602  77.020 0.5000000000
28652  43.962  -47.574  64.180 0.2000000030
28651  44.751  -47.419  64.667 0.1000000015
29659  43.501  -46.750  64.112 0.1000000015
42506  29.636  -33.289  64.717 0.4000000060
43552  33.133  -32.467  72.361 0.6000000238
43541  33.523  -32.600  73.254 0.5000000000
44722  32.150  -31.741  70.319 0.5000000000
43565  32.419  -32.259  71.710 0.5000000000
43532  29.890  -32.264  74.100 0.5000000000
43531  30.468  -32.533  74.452 0.5000000000
30720  42.791  -45.648  63.904 0.2000000030
31802  42.412  -45.128  63.828 0.1000000015
44734  31.604  -31.414  69.664 0.6000000238
31804  41.280  -44.453  63.151 0.2000000030
134539  40.858  -43.708  62.991 0.2000000030
43545  29.747  -32.200  73.404 0.5000000000
32825  39.750  -43.033  62.243 0.2000000030
32824  40.395  -42.963  62.786 0.1000000015
44768  28.878  -31.296  67.606 0.3000000119
140906  29.055  -31.853  72.931 0.5000000000
33826  39.890  -42.212  62.657 0.1000000015
34821  39.564  -41.472  62.341 0.1000000015
44703  28.490  -31.594  72.122 0.5000000000
43631  27.981  -32.362  67.125 0.3000000119
43632  27.434  -32.319  67.745 0.3000000119
44726  27.721  -31.570  70.649 0.5000000000
43597  27.054  -31.901  69.504 0.5000000000
45734  34.800  -30.357  80.278 0.2000000030
43466  36.915  -32.734  81.067 0.1000000015
43467  36.156  -32.730  81.398 0.2000000030
42288  36.698  -33.347  81.042 0.1000000015
149209  37.509  -34.677  77.723 0.6999999881
42304  35.600  -33.617  80.355 0.3000000119
130608  44.964  -49.902  64.035 0.1000000015
25794  44.810  -50.941  63.777 0.2000000030
25809  43.254  -50.663  63.590 0.2000000030
42390  36.566  -33.482  73.931 0.6000000238
145241  34.951  -33.279  77.667 0.5000000000
42289  35.910  -33.294  81.176 0.2000000030
43485  31.574  -32.576  78.368 0.5000000000
26708  40.702  -49.760  63.857 0.2000000030
29647  37.769  -46.411  65.628 0.2000000030
42402  36.473  -33.453  73.161 0.6000000238
129522  34.128  -33.145  77.637 0.5000000000
42318  34.716  -33.356  78.496 0.5000000000
43493  31.469  -32.853  77.523 0.5000000000
127349  35.193  -43.316  65.285 0.2000000030
34789  31.718  -41.473  65.182 0.2000000030
36814  29.519  -39.254  64.678 0.3000000119
133597  32.743  -31.558  68.833 0.6000000238
42416  35.500  -32.999  71.830 0.6000000238
42379  33.794  -32.784  74.720 0.6000000238
43509  30.742  -32.705  76.123 0.5000000000
27655  44.501  -48.290  64.244 0.2000000030
36813  29.919  -39.921  65.121 0.3000000119
39588  29.146  -36.412  64.393 0.4000000060
143093  31.593  -30.927  67.087 0.6000000238
42431  34.877  -32.752  71.135 0.6000000238
43521  30.642  -32.639  75.238 0.5000000000
28653  43.143  -47.670  63.722 0.2000000030
140878  42.786  -47.025  63.677 0.2000000030
44806  30.370  -31.485  65.170 0.4000000060
44765  32.286  -31.178  67.363 0.6000000238
43613  34.104  -32.094  68.575 0.6000000238
43583  31.837  -31.986  71.130 0.5000000000
30732  41.679  -45.295  63.246 0.2000000030
125512  31.041  -31.070  68.908 0.6000000238
44723  31.253  -31.624  70.544 0.5000000000
30745  40.150  -44.929  62.467 0.2000000030
146639  40.677  -44.455  62.721 0.2000000030
31815  40.152  -43.921  62.401 0.2000000030
125511  29.944  -31.045  69.021 0.5000000000
44735  30.643  -31.298  69.845 0.6000000238
142889  29.191  -31.790  72.203 0.5000000000
32831  39.116  -43.130  61.732 0.2000000030
33836  38.708  -42.407  61.530 0.2000000030
127227  28.435  -31.540  71.172 0.5000000000
33837  38.079  -42.532  61.074 0.2000000030
34844  37.495  -41.670  60.433 0.2000000030
34831  38.970  -41.579  61.742 0.2000000030
35847  38.661  -41.014  61.260 0.2000000030
44769  28.064  -31.785  67.629 0.4000000060
35863  37.721  -40.912  60.251 0.2000000030
44750  28.238  -31.461  68.333 0.4000000060
44738  27.654  -31.656  68.921 0.4000000060
43614  27.013  -32.215  68.576 0.5000000000
125097  27.745  -31.563  69.782 0.5000000000
43477  37.302  -32.243  80.440 0.3000000119
44620  36.663  -31.853  80.847 0.2000000030
40310  38.238  -35.231  77.751 0.6999999881
41198  38.942  -35.065  79.493 0.5000000000
140437  37.523  -34.626  76.875 0.6000000238
41215  37.874  -34.846  78.580 0.6999999881
25793  45.597  -50.456  64.147 0.2000000030
41258  37.080  -33.841  74.374 0.6999999881
25808  44.143  -50.286  63.680 0.2000000030
42305  34.546  -33.352  79.678 0.4000000060
26706  42.524  -50.066  63.549 0.2000000030
129030  41.791  -49.348  63.481 0.2000000030
27660  39.632  -48.772  64.477 0.2000000030
139902  36.019  -33.187  72.480 0.6000000238
147262  33.674  -33.068  76.640 0.6000000238
27676  39.830  -48.304  63.842 0.2000000030
30707  37.274  -45.870  64.941 0.2000000030
33813  33.524  -42.267  64.946 0.2000000030
42430  35.796  -33.282  70.980 0.6999999881
32805  35.152  -43.712  64.440 0.2000000030
34809  32.956  -42.079  64.417 0.2000000030
43594  34.325  -32.291  69.416 0.6000000238
43580  34.592  -32.526  70.226 0.6000000238
43542  32.509  -32.563  73.298 0.5000000000
43544  30.309  -32.473  73.761 0.5000000000
139808  41.651  -46.142  63.160 0.2000000030
34810  32.303  -41.781  63.972 0.3000000119
36826  29.807  -39.999  64.184 0.3000000119
41386  29.526  -34.163  64.599 0.4000000060
44805  31.300  -31.043  65.598 0.6000000238
44764  33.076  -31.538  67.560 0.6999999881
29691  40.268  -45.740  62.636 0.2000000030
44783  32.809  -31.394  66.896 0.6999999881
43566  31.519  -32.243  71.948 0.5000000000
44702  29.812  -32.070  72.479 0.5000000000
30746  39.502  -45.495  62.499 0.2000000030
31826  37.835  -44.108  61.511 0.2000000030
31825  38.797  -43.974  61.703 0.2000000030
135940  39.473  -43.752  61.984 0.2000000030
32832  38.368  -43.261  61.381 0.2000000030
32842  36.765  -43.161  60.689 0.2000000030
134181  37.602  -43.258  61.049 0.2000000030
33863  35.892  -42.232  59.823 0.2000000030
33847  37.435  -42.480  60.670 0.2000000030
44714  28.996  -31.648  71.618 0.5000000000
34857  36.415  -41.643  59.721 0.2000000030
34856  37.035  -41.301  59.916 0.2000000030
44749  29.014  -31.159  68.627 0.5000000000
35880  36.475  -40.945  59.359 0.2000000030
35897  36.842  -40.239  58.958 0.2000000030
44751  27.639  -31.822  68.197 0.5000000000
39457  39.810  -36.259  77.470 0.8000000119
149934  39.316  -36.084  76.551 0.8000000119
40323  38.889  -35.709  77.106 0.8000000119
40298  38.697  -35.307  78.903 0.6999999881
128116  38.732  -35.620  76.028 0.6999999881
40324  38.165  -35.095  76.489 0.6999999881
40333  38.189  -34.985  75.436 0.6999999881
41240  37.549  -34.467  75.854 0.6999999881
41268  37.148  -33.895  73.527 0.6999999881
42319  33.610  -33.120  78.619 0.5000000000
26704  44.310  -49.283  63.903 0.2000000030
125183  42.785  -49.235  63.540 0.2000000030
27658  40.928  -48.894  63.507 0.2000000030
42415  36.280  -33.569  71.662 0.6999999881
128276  36.750  -33.800  72.287 0.8000000119
42367  32.855  -33.032  76.022 0.6000000238
27656  43.554  -48.592  63.751 0.2000000030
27674  40.956  -48.225  63.360 0.2000000030
29661  38.238  -46.787  64.256 0.2000000030
30708  36.642  -45.205  64.712 0.2000000030
43518  32.937  -32.839  75.175 0.6000000238
144808  32.217  -33.048  75.605 0.5000000000
43530  31.157  -32.843  74.729 0.5000000000
43593  35.047  -32.747  69.541 0.6000000238
43529  32.956  -32.667  74.198 0.5000000000
43519  32.049  -32.915  74.905 0.5000000000
43554  30.366  -32.383  73.025 0.5000000000
29675  42.081  -46.767  63.358 0.2000000030
125797  33.583  -42.456  64.166 0.2000000030
35821  30.274  -40.592  63.679 0.3000000119
38710  28.919  -37.787  63.886 0.3000000119
43674  29.903  -32.740  64.458 0.5000000000
44820  31.833  -31.371  64.815 0.5000000000
135407  32.933  -31.497  66.222 0.6000000238
125519  31.550  -32.593  73.335 0.5000000000
44712  30.257  -31.936  71.720 0.5000000000
44713  29.626  -31.758  71.634 0.5000000000
33849  35.474  -42.819  60.295 0.2000000030
44711  30.969  -31.925  71.406 0.5000000000
126507  29.250  -31.496  70.821 0.5000000000
34879  32.910  -41.133  58.657 0.2000000030
127235  33.880  -41.777  59.454 0.2000000030
34859  34.697  -41.904  59.470 0.2000000030
34876  35.230  -41.452  59.147 0.2000000030
125513  29.732  -31.306  70.041 0.5000000000
44725  28.539  -31.415  70.187 0.5000000000
40559  30.564  -35.857  57.779 0.2000000030
37890  30.469  -38.720  57.608 0.2000000030
35902  32.521  -40.700  58.173 0.2000000030
35899  35.199  -40.836  58.570 0.2000000030
41497  31.701  -34.673  58.456 0.2000000030
38811  30.401  -37.628  57.300 0.2000000030
35919  32.100  -40.269  57.600 0.2000000030
35918  32.947  -40.393  57.485 0.2000000030
35916  34.877  -40.254  57.727 0.2000000030
136421  35.682  -40.222  58.171 0.2000000030
36893  36.460  -39.820  58.242 0.2000000030
44736  29.128  -31.248  69.537 0.5000000000
41472  32.730  -34.600  59.429 0.4000000060
40558  31.208  -35.269  57.369 0.2000000030
36906  33.430  -39.979  56.891 0.2000000030
36905  34.300  -39.892  56.976 0.2000000030
125127  35.050  -39.687  57.073 0.2000000030
41471  33.395  -34.630  59.699 0.4000000060
41495  32.744  -34.305  58.973 0.3000000119
41454  33.893  -34.794  59.950 0.5000000000
130296  39.891  -36.534  76.399 0.8000000119
39463  39.305  -36.175  75.665 0.8000000119
40332  38.723  -35.657  75.033 0.6999999881
135756  37.718  -34.544  73.898 0.6999999881
144799  37.140  -33.972  72.814 0.8000000119
27657  42.555  -48.477  63.522 0.2000000030
27673  41.641  -48.378  63.412 0.2000000030
29662  37.645  -46.258  64.074 0.2000000030
30721  37.031  -45.658  63.945 0.2000000030
42440  35.552  -33.304  69.602 0.6999999881
29676  41.030  -46.829  63.018 0.2000000030
29677  40.005  -46.982  63.032 0.2000000030
29679  38.319  -46.402  63.435 0.2000000030
31790  35.683  -44.398  64.119 0.2000000030
43629  34.351  -32.428  67.053 0.6999999881
43612  34.629  -32.501  67.914 0.6999999881
125701  31.844  -32.730  74.076 0.5000000000
128191  30.837  -32.556  73.376 0.5000000000
141898  38.829  -45.291  62.363 0.2000000030
30747  38.821  -45.985  62.746 0.2000000030
31805  35.812  -44.620  63.178 0.2000000030
33827  33.992  -43.032  63.212 0.3000000119
34811  31.560  -41.466  63.538 0.2000000030
36843  29.719  -40.053  63.279 0.3000000119
39603  29.067  -35.930  63.691 0.4000000060
43673  30.397  -32.446  63.900 0.4000000060
43656  33.564  -31.998  65.981 0.6999999881
43553  31.158  -32.430  72.741 0.5000000000
43567  30.664  -32.213  72.217 0.5000000000
31827  36.946  -44.422  61.637 0.2000000030
34822  32.261  -41.846  63.111 0.3000000119
138357  30.190  -40.641  62.802 0.3000000119
38720  28.743  -37.732  62.969 0.4000000060
40483  29.184  -35.374  62.982 0.4000000060
42535  30.357  -32.901  63.205 0.4000000060
43672  31.360  -31.717  64.189 0.6000000238
44819  32.736  -31.643  64.862 0.6000000238
32843  35.803  -43.382  60.723 0.2000000030
37800  28.891  -38.562  62.222 0.4000000060
127481  28.708  -36.976  62.706 0.4000000060
136505  29.505  -34.528  62.998 0.4000000060
43689  30.867  -32.434  63.171 0.4000000060
43671  32.219  -31.837  64.102 0.6000000238
44724  30.253  -31.585  70.868 0.5000000000
33865  34.245  -42.326  60.012 0.2000000030
38731  28.723  -37.475  62.055 0.4000000060
126300  29.042  -35.670  62.154 0.4000000060
41413  29.819  -34.161  62.280 0.4000000060
42551  30.786  -32.983  62.427 0.4000000060
43687  32.546  -32.409  63.401 0.6999999881
149417  29.161  -31.346  70.146 0.5000000000
39635  30.114  -36.855  58.016 0.3000000119
36894  30.438  -39.452  58.372 0.2000000030
37889  31.122  -39.107  56.898 0.2000000030
43705  31.341  -32.561  62.698 0.6000000238
40546  31.114  -35.115  58.130 0.3000000119
37904  30.825  -38.255  56.655 0.2000000030
36908  31.628  -39.736  57.188 0.2000000030
36907  32.508  -39.853  56.842 0.2000000030
35917  33.853  -40.410  57.541 0.2000000030
39643  30.590  -36.615  57.115 0.2000000030
38829  30.758  -37.315  56.434 0.2000000030
36923  31.874  -39.338  56.458 0.2000000030
139078  33.841  -39.546  56.382 0.2000000030
36935  33.979  -39.068  55.799 0.2000000030
36904  35.756  -39.664  57.555 0.2000000030
150483  31.961  -34.497  58.313 0.2000000030
39642  30.929  -35.866  56.989 0.2000000030
138851  31.093  -37.085  55.771 0.2000000030
37917  31.849  -38.210  55.441 0.2000000030
37901  34.759  -38.779  55.858 0.2000000030
42562  34.515  -34.559  60.924 0.5000000000
42547  35.372  -34.052  62.283 0.5000000000
38600  40.328  -37.337  73.327 0.6999999881
39462  39.978  -36.733  75.418 0.6999999881
39473  39.603  -37.070  72.927 0.6999999881
39474  39.204  -36.387  73.475 0.6999999881
38609  39.297  -37.232  72.033 0.6999999881
39485  38.612  -36.959  71.544 0.6999999881
39480  38.388  -36.060  72.097 0.6999999881
40364  37.971  -35.248  72.558 0.6999999881
40355  38.236  -35.200  73.755 0.6999999881
40373  37.410  -35.093  71.366 0.6999999881
143980  37.852  -35.544  71.719 0.6999999881
41267  37.416  -34.613  72.172 0.6999999881
41289  36.006  -33.800  70.107 0.6999999881
30748  37.353  -45.342  62.637 0.3000000119
150879  38.215  -45.940  62.954 0.3000000119
31818  37.546  -44.912  62.058 0.2000000030
31819  36.748  -44.916  62.359 0.2000000030
140206  36.341  -44.994  62.945 0.3000000119
32826  34.642  -43.644  62.788 0.3000000119
32834  35.585  -43.916  61.455 0.2000000030
33838  34.326  -43.190  61.243 0.2000000030
32835  34.820  -43.684  61.794 0.3000000119
33840  32.988  -42.359  61.866 0.3000000119
144907  30.675  -41.092  62.415 0.3000000119
43670  33.176  -32.411  64.235 0.6999999881
34845  33.365  -42.071  60.210 0.2000000030
33851  33.889  -42.640  60.734 0.2000000030
35835  29.695  -40.093  61.653 0.3000000119
35834  29.689  -40.099  62.391 0.3000000119
35883  31.218  -40.706  59.222 0.2000000030
125307  29.179  -38.931  61.250 0.4000000060
39611  28.787  -36.549  62.049 0.4000000060
132510  29.415  -34.841  62.233 0.4000000060
44737  28.381  -31.379  69.224 0.5000000000
38791  30.023  -37.923  58.143 0.2000000030
41434  29.898  -34.348  61.560 0.4000000060
41412  30.404  -33.720  61.901 0.4000000060
40547  30.496  -35.466  58.608 0.3000000119
137206  30.109  -36.108  58.458 0.3000000119
36936  33.078  -39.129  55.714 0.2000000030
41453  34.202  -35.123  60.330 0.4000000060
42580  33.598  -34.017  59.771 0.3000000119
42588  33.121  -33.882  59.155 0.3000000119
41496  32.206  -34.183  58.152 0.2000000030
41540  31.595  -34.747  57.040 0.2000000030
39651  31.043  -36.346  56.254 0.2000000030
38846  31.580  -37.364  55.247 0.2000000030
37915  33.578  -38.521  55.225 0.2000000030
37926  34.103  -37.946  54.728 0.2000000030
42573  34.055  -34.229  60.307 0.3000000119
40567  31.411  -35.368  56.478 0.2000000030
40575  31.441  -35.829  55.743 0.2000000030
37927  33.228  -37.893  54.671 0.2000000030
43685  35.658  -33.194  62.977 0.5000000000
40353  41.851  -36.220  73.350 0.8000000119
39477  41.431  -37.114  73.019 0.8000000119
38606  41.415  -37.329  73.558 0.8000000119
38607  40.826  -37.442  72.900 0.6999999881
39483  41.234  -36.662  72.403 0.6999999881
38615  40.410  -37.417  72.035 0.6999999881
38616  39.716  -37.429  71.640 0.6999999881
149445  38.137  -36.305  71.378 0.6999999881
39484  40.663  -37.022  71.654 0.6999999881
38617  39.045  -37.420  71.216 0.6999999881
38618  38.525  -37.273  70.833 0.6999999881
134634  38.108  -36.847  70.814 0.6999999881
40382  37.601  -36.021  70.857 0.6999999881
143947  36.732  -35.179  69.987 0.6999999881
40383  37.032  -35.021  70.665 0.6999999881
39494  37.618  -36.886  70.146 0.6999999881
39495  37.015  -36.128  70.000 0.6999999881
40394  36.505  -35.677  69.443 0.6999999881
146170  36.564  -34.514  70.243 0.6999999881
40409  36.279  -36.253  68.773 0.6999999881
41302  36.045  -35.189  68.916 0.6999999881
41321  35.703  -34.634  68.316 0.6999999881
41303  35.839  -34.029  69.133 0.6999999881
42455  35.372  -33.204  68.946 0.6999999881
131811  35.523  -33.748  68.477 0.6999999881
42456  35.198  -33.143  68.176 0.6999999881
42489  35.218  -34.252  67.101 0.6999999881
42490  34.905  -34.056  66.428 0.6999999881
144640  34.057  -32.367  66.379 0.6999999881
33839  33.649  -42.755  61.578 0.2000000030
34846  32.475  -41.998  61.165 0.2000000030
35848  30.596  -40.915  60.965 0.2000000030
42504  34.432  -33.888  65.506 0.6999999881
137621  34.046  -32.710  65.703 0.6999999881
130820  33.478  -32.166  65.179 0.6999999881
34861  31.948  -41.369  59.750 0.2000000030
35864  31.148  -41.150  60.241 0.2000000030
36871  29.449  -39.213  60.601 0.3000000119
42505  33.897  -33.093  64.838 0.6999999881
36885  29.997  -39.319  59.100 0.2000000030
38774  29.568  -37.383  59.332 0.3000000119
37832  29.270  -38.492  60.461 0.3000000119
38757  29.222  -37.426  60.278 0.3000000119
39619  29.096  -36.014  61.343 0.4000000060
39628  29.908  -35.878  59.128 0.3000000119
40532  30.370  -35.119  59.447 0.3000000119
40496  29.428  -35.136  61.457 0.4000000060
42550  31.578  -32.978  62.070 0.5000000000
40514  33.456  -35.047  59.972 0.4000000060
41473  31.957  -34.649  59.364 0.3000000119
40531  31.222  -34.828  58.852 0.3000000119
40493  34.513  -35.556  61.042 0.5000000000
42532  35.734  -34.260  63.019 0.5000000000
41429  35.050  -34.982  61.566 0.5000000000
37928  32.339  -37.693  54.815 0.2000000030
41519  31.952  -34.190  57.242 0.2000000030
40566  31.749  -35.169  55.591 0.2000000030
42561  34.889  -33.716  61.628 0.4000000060
43717  34.339  -33.180  60.985 0.4000000060
42589  32.610  -33.676  58.439 0.3000000119
136663  36.058  -33.516  63.633 0.5000000000
43703  35.264  -32.889  62.285 0.4000000060
43669  36.453  -32.890  64.264 0.5000000000
43539  43.951  -32.846  73.644 0.6999999881
42388  43.638  -33.728  74.081 0.6999999881
42399  43.167  -33.221  73.276 0.6999999881
42400  42.468  -33.668  72.848 0.6999999881
40363  41.429  -35.557  72.435 0.8000000119
39492  40.165  -37.122  70.878 0.6999999881
42401  41.915  -33.990  72.402 0.6999999881
41266  41.568  -34.605  72.260 0.8000000119
40371  40.835  -36.035  71.772 0.6999999881
40372  40.406  -36.399  71.095 0.6999999881
38628  39.548  -37.429  70.815 0.6999999881
38630  38.181  -37.308  70.233 0.6999999881
39507  37.202  -37.021  69.383 0.6999999881
41277  40.980  -34.923  71.643 0.6999999881
40380  40.059  -36.645  70.469 0.6999999881
39505  39.237  -37.230  69.527 0.6999999881
38642  38.481  -37.443  69.560 0.6999999881
38643  37.756  -37.361  69.537 0.6999999881
134641  36.733  -36.517  69.251 0.6999999881
38644  37.370  -37.408  68.832 0.6999999881
39541  36.461  -37.262  67.841 0.6999999881
40410  35.781  -35.897  68.096 0.6999999881
41338  35.476  -35.109  67.473 0.6999999881
39524  36.191  -36.804  68.135 0.6999999881
147821  35.534  -36.051  67.474 0.6999999881
40440  35.328  -36.095  66.921 0.6999999881
41356  35.145  -35.105  66.635 0.6999999881
41357  34.804  -35.110  65.799 0.6999999881
42518  33.650  -33.481  63.998 0.6999999881
39629  29.542  -36.539  59.661 0.3000000119
39624  29.280  -36.342  60.509 0.3000000119
42534  32.872  -33.102  62.803 0.6000000238
41474  31.075  -34.623  59.510 0.3000000119
40533  29.692  -35.679  59.912 0.3000000119
40516  29.529  -35.452  60.693 0.3000000119
40515  29.957  -34.677  60.790 0.4000000060
42564  31.116  -33.466  61.560 0.4000000060
43704  32.060  -32.598  62.637 0.4000000060
40513  33.889  -35.387  60.333 0.4000000060
41455  32.712  -34.827  59.882 0.3000000119
41456  31.527  -34.443  60.090 0.4000000060
41457  30.559  -34.606  60.135 0.3000000119
41433  30.673  -34.078  60.934 0.4000000060
127096  37.737  -32.386  66.007 0.6000000238
42531  36.080  -34.415  63.625 0.5000000000
40492  35.121  -35.897  61.754 0.6000000238
40494  34.079  -35.783  61.000 0.4000000060
41432  31.484  -33.956  60.866 0.4000000060
42516  36.399  -33.945  64.243 0.6000000238
41409  35.460  -35.177  62.352 0.5000000000
42515  36.780  -33.351  65.035 0.6000000238
149979  37.211  -32.618  65.428 0.6000000238
43730  33.786  -33.071  60.249 0.4000000060
44862  34.582  -32.108  61.174 0.4000000060
129772  36.119  -32.460  63.569 0.4000000060
44871  34.190  -32.091  60.601 0.4000000060
44701  45.063  -31.684  72.493 0.8999999762
44718  44.961  -31.373  71.565 0.8999999762
43559  44.194  -31.747  72.195 0.8999999762
146703  42.762  -32.717  72.488 0.6999999881
42412  42.041  -33.150  72.109 0.6999999881
43560  43.255  -31.904  71.979 0.8000000119
43561  42.436  -32.297  71.658 0.6999999881
42414  40.751  -34.142  70.985 0.6999999881
130538  40.177  -35.674  70.564 0.6999999881
39521  39.085  -36.769  68.955 0.6999999881
38660  37.627  -37.488  68.478 0.6999999881
42427  41.040  -33.203  70.820 0.6999999881
42428  40.417  -33.621  70.297 0.6999999881
41301  39.426  -35.096  69.382 0.6999999881
40393  39.202  -35.906  69.034 0.6999999881
39522  38.539  -37.031  68.241 0.6999999881
38661  37.039  -37.506  67.981 0.6999999881
39542  35.876  -36.804  67.309 0.6999999881
43576  42.173  -31.957  70.824 0.8000000119
43577  41.439  -32.344  70.469 0.6999999881
42438  40.150  -33.127  69.595 0.6999999881
39558  35.484  -36.740  66.353 0.6999999881
40441  35.036  -36.118  66.119 0.6999999881
40451  34.758  -36.248  65.227 0.6999999881
41372  34.439  -35.199  64.927 0.6999999881
42517  34.078  -34.251  64.519 0.6999999881
43686  33.193  -32.973  63.512 0.6000000238
43609  40.134  -31.858  68.422 0.6999999881
43627  38.919  -32.088  67.439 0.6999999881
42533  33.437  -33.820  63.192 0.6000000238
43626  39.773  -31.589  67.676 0.6999999881
149147  38.014  -32.556  66.554 0.6000000238
43655  37.279  -33.311  65.797 0.6000000238
41383  36.269  -35.118  64.064 0.6000000238
41396  35.795  -35.231  63.206 0.6000000238
42563  31.931  -33.655  61.366 0.5000000000
43639  38.455  -31.912  66.575 0.6999999881
40481  35.419  -36.054  62.659 0.6000000238
41431  32.500  -34.514  60.592 0.4000000060
39617  34.707  -36.150  61.555 0.6000000238
43716  34.854  -32.543  61.662 0.4000000060
44801  38.241  -31.520  65.702 0.6000000238
43702  35.715  -32.086  62.855 0.4000000060
43668  36.926  -32.322  64.832 0.5000000000
44818  36.662  -31.913  64.132 0.5000000000
126824  35.301  -31.818  62.123 0.4000000060
44860  35.437  -30.921  61.621 0.4000000060
43538  44.792  -32.558  73.980 0.8000000119
43548  45.297  -31.965  73.403 0.8999999762
43537  45.663  -32.415  74.273 0.8000000119
45858  45.339  -30.870  70.820 0.6999999881
38659  38.171  -37.488  68.672 0.6999999881
44719  44.475  -31.073  70.751 0.8000000119
44720  43.600  -31.198  70.450 0.8000000119
43575  43.004  -31.648  71.090 0.8000000119
41320  38.600  -35.346  67.964 0.6999999881
40426  38.513  -36.308  67.825 0.6999999881
39540  38.084  -36.844  67.386 0.6999999881
38672  37.736  -37.447  67.803 0.6999999881
135592  37.016  -37.451  67.142 0.6999999881
44729  44.196  -30.840  70.164 0.8000000119
43590  41.960  -31.686  70.006 0.8000000119
151222  39.665  -33.447  69.160 0.6999999881
42439  39.239  -34.164  68.997 0.6999999881
41319  38.981  -35.105  68.682 0.6999999881
141373  36.493  -37.198  66.547 0.6999999881
38673  36.490  -37.310  67.213 0.6999999881
44721  42.733  -31.444  70.286 0.8000000119
43591  41.178  -31.951  69.679 0.6999999881
42452  39.923  -32.633  68.876 0.6999999881
39576  35.169  -36.694  65.147 0.6999999881
39559  35.208  -36.657  65.694 0.6999999881
147398  43.127  -31.063  69.859 0.8000000119
44731  42.521  -31.179  69.542 0.8000000119
43608  40.867  -31.665  68.840 0.6999999881
43610  39.423  -32.353  68.169 0.6999999881
42471  38.338  -33.706  67.524 0.6999999881
42487  37.926  -33.965  66.929 0.6999999881
39587  35.177  -36.689  64.529 0.6999999881
132478  34.762  -36.555  64.443 0.6999999881
40461  34.425  -36.090  64.457 0.6999999881
41385  33.821  -34.573  63.681 0.6999999881
44742  43.153  -30.778  69.230 0.8000000119
44744  41.526  -31.000  68.422 0.6999999881
43628  38.239  -32.880  67.090 0.6999999881
42488  37.474  -34.328  66.137 0.6000000238
42548  33.205  -34.095  62.311 0.5000000000
144742  37.025  -34.115  65.473 0.6000000238
42549  32.403  -33.352  62.049 0.5000000000
44745  40.702  -31.181  67.920 0.6999999881
42503  36.671  -34.504  64.848 0.6000000238
41430  33.476  -35.292  61.091 0.4000000060
44763  41.468  -30.670  67.654 0.6999999881
44781  40.233  -30.942  67.104 0.6999999881
40495  33.422  -35.237  60.395 0.5000000000
41411  32.862  -34.337  61.437 0.5000000000
44782  39.374  -31.368  66.868 0.6999999881
44800  39.003  -31.086  66.077 0.6000000238
45979  34.804  -30.525  60.502 0.4000000060
44848  35.930  -31.108  62.473 0.4000000060
45978  35.229  -30.504  60.959 0.4000000060
44817  37.303  -31.531  64.576 0.5000000000
44834  36.462  -31.344  63.348 0.4000000060
45967  36.238  -30.322  61.944 0.4000000060
44709  45.619  -31.453  72.117 0.8000000119
44699  46.744  -31.554  73.172 0.6999999881
44688  46.830  -31.901  74.091 0.6000000238
45849  46.012  -31.069  71.568 0.6999999881
44708  46.217  -31.383  72.347 0.6999999881
45848  46.937  -30.640  71.345 0.6999999881
45857  46.192  -30.610  70.703 0.6999999881
41337  38.237  -35.808  67.270 0.6999999881
42453  39.232  -33.252  68.589 0.6999999881
42454  38.708  -34.141  68.192 0.6999999881
149166  37.668  -36.346  66.569 0.6999999881
39573  37.083  -36.917  66.177 0.6999999881
39557  37.454  -37.192  66.882 0.6999999881
132365  38.299  -34.662  67.421 0.6999999881
41355  37.894  -35.103  66.707 0.6999999881
40449  37.116  -36.228  65.792 0.6999999881
38686  36.030  -37.079  65.899 0.6999999881
44730  43.708  -30.797  69.736 0.8000000119
39574  36.601  -36.699  65.548 0.6999999881
39586  36.208  -36.579  64.834 0.6999999881
137266  37.487  -35.461  66.097 0.6000000238
127888  34.841  -36.584  63.668 0.6000000238
40472  34.345  -36.223  63.621 0.6999999881
41397  33.982  -35.536  63.357 0.6000000238
41370  37.032  -35.181  65.442 0.6000000238
39601  34.548  -36.337  62.808 0.6000000238
40473  34.003  -35.980  62.604 0.6000000238
137639  33.680  -34.939  62.825 0.5000000000
44743  42.426  -30.790  68.690 0.8000000119
40471  35.892  -35.994  63.564 0.6000000238
39602  34.297  -36.209  62.184 0.6000000238
41410  33.567  -35.285  61.925 0.6000000238
45876  42.716  -30.413  67.842 0.8000000119
39609  35.072  -36.288  62.096 0.6000000238
40482  33.923  -36.003  61.740 0.5000000000
44762  42.047  -30.613  68.009 0.6999999881
44780  40.940  -30.681  67.227 0.6999999881
45896  39.880  -30.726  66.299 0.6000000238
45895  40.824  -30.467  66.451 0.6999999881
45938  37.368  -30.585  63.450 0.5000000000
45955  36.727  -30.510  62.703 0.4000000060
44816  37.992  -31.157  64.938 0.6000000238
150013  38.079  -30.380  63.840 0.5000000000
45925  37.698  -30.855  64.227 0.5000000000
45836  46.879  -31.094  72.241 0.6999999881
45835  47.644  -31.155  73.078 0.6999999881
45821  48.223  -31.156  73.823 0.6000000238
126057  47.712  -30.628  72.145 0.6999999881
127649  48.526  -30.652  73.062 0.6999999881
45847  47.805  -30.080  71.221 0.6999999881
45834  48.514  -30.072  72.043 0.6999999881
45856  46.995  -30.101  70.419 0.6999999881
47018  47.351  -29.477  69.698 0.6999999881
140712  45.592  -30.495  70.147 0.6999999881
45865  46.525  -29.829  69.634 0.6999999881
45859  44.852  -30.696  70.175 0.8000000119
45866  45.807  -30.110  69.584 0.8000000119
45872  46.067  -29.718  69.054 0.8000000119
40450  36.655  -36.122  65.098 0.6000000238
45867  44.395  -30.561  69.608 0.8000000119
140711  44.611  -30.220  68.971 0.8000000119
45874  44.901  -29.801  68.316 0.8000000119
39599  35.816  -36.460  64.075 0.6000000238
45868  43.875  -30.493  69.043 0.8000000119
45880  45.150  -29.536  67.660 0.8000000119
41371  36.592  -35.421  64.755 0.6000000238
136364  35.297  -36.645  63.827 0.6000000238
45875  43.307  -30.466  68.441 0.8000000119
45881  44.418  -29.723  67.648 0.8000000119
141647  35.455  -36.364  63.366 0.6000000238
39600  35.071  -36.553  62.852 0.6000000238
124943  42.781  -30.002  67.050 0.8000000119
45893  43.406  -29.715  66.759 0.8000000119
45883  42.119  -30.388  67.330 0.6999999881
47056  42.903  -29.668  66.070 0.8000000119
47066  43.589  -29.312  65.217 0.8000000119
45884  41.516  -30.426  66.906 0.6999999881
140903  41.547  -30.164  66.281 0.6999999881
143614  42.642  -29.432  64.945 0.8000000119
47089  42.176  -29.145  63.401 0.6999999881
45907  41.209  -30.029  65.729 0.6999999881
47067  41.645  -29.652  65.068 0.6999999881
45922  40.826  -29.825  65.061 0.6999999881
125302  41.247  -29.573  64.495 0.6999999881
45908  40.390  -30.310  65.642 0.6000000238
47079  40.567  -29.641  64.348 0.6999999881
45954  37.504  -30.020  62.734 0.4000000060
45924  38.514  -30.504  64.478 0.5000000000
47207  35.503  -29.533  53.102 0.1000000015
46057  35.875  -30.285  52.795 0.1000000015
44965  37.205  -31.558  52.401 0.1000000015
43893  39.002  -32.334  51.750 0.1000000015
46983  49.805  -29.086  71.689 0.8000000119
47002  50.544  -28.616  71.194 0.6000000238
45833  49.086  -30.044  72.703 0.6999999881
46984  48.819  -29.383  71.087 0.6999999881
46961  49.203  -29.639  72.066 0.8000000119
46960  49.853  -29.566  72.739 0.6999999881
47004  47.931  -29.544  70.412 0.6999999881
47017  48.305  -28.993  69.694 0.6999999881
47032  46.808  -29.303  68.884 0.6999999881
136768  46.774  -29.012  68.100 0.8000000119
45873  45.899  -29.457  68.183 0.8000000119
47045  44.884  -29.432  66.984 0.8000000119
47053  45.367  -29.130  66.325 0.8000000119
45892  44.100  -29.593  66.891 0.8000000119
138853  45.055  -29.047  65.631 0.8000000119
47055  43.835  -29.478  66.088 0.8000000119
47054  44.618  -29.336  66.207 0.8000000119
47076  44.232  -29.036  64.545 0.8000000119
47105  43.309  -28.746  62.249 0.6999999881
47077  43.523  -29.151  64.307 0.8000000119
47088  43.066  -28.965  63.077 0.6999999881
126486  42.851  -29.170  63.898 0.6999999881
47106  42.390  -28.847  62.623 0.6000000238
48211  43.103  -28.566  61.399 0.6000000238
47119  42.561  -28.642  61.935 0.5000000000
141359  41.332  -28.482  60.982 0.5000000000
47107  41.469  -29.005  62.912 0.5000000000
47121  40.672  -28.872  62.488 0.5000000000
48228  40.350  -28.403  60.716 0.5000000000
48244  40.380  -28.208  59.795 0.5000000000
47108  40.698  -29.203  63.127 0.6000000238
48214  39.864  -28.557  61.394 0.5000000000
48229  39.618  -28.233  60.300 0.5000000000
47080  39.894  -29.729  64.199 0.6000000238
47091  40.281  -29.479  63.651 0.6000000238
47122  39.825  -28.811  62.089 0.5000000000
135884  38.872  -28.061  60.093 0.5000000000
49411  38.174  -27.401  58.488 0.5000000000
45909  39.515  -30.542  65.523 0.6000000238
45936  39.279  -30.046  64.329 0.5000000000
47093  38.869  -29.570  63.119 0.5000000000
124998  38.978  -29.156  62.355 0.5000000000
48247  37.338  -28.236  60.042 0.5000000000
49413  36.531  -27.483  58.064 0.5000000000
149976  36.775  -27.108  57.384 0.4000000060
132430  39.190  -30.381  64.898 0.6000000238
47124  37.338  -29.403  61.753 0.5000000000
48262  36.218  -27.968  58.901 0.5000000000
49425  35.863  -27.466  57.295 0.5000000000
49437  36.210  -26.831  55.772 0.3000000119
49461  35.934  -27.321  54.195 0.1000000015
49478  36.091  -27.660  53.364 0.1000000015
45910  38.709  -30.801  65.302 0.6000000238
132953  34.806  -28.338  54.715 0.3000000119
137815  35.248  -28.927  53.531 0.1000000015
47223  36.029  -29.465  52.543 0.1000000015
47234  37.150  -29.658  51.391 0.1000000015
46070  36.332  -30.203  52.319 0.1000000015
143330  36.888  -30.616  51.821 0.1000000015
44987  38.468  -31.794  51.216 0.1000000015
46939  49.907  -29.848  73.701 0.5000000000
48080  51.088  -28.249  70.670 0.6999999881
48101  49.955  -28.526  69.930 0.6000000238
47016  49.099  -28.858  70.195 0.6999999881
47030  48.468  -28.588  68.752 0.6999999881
47031  47.516  -28.805  68.392 0.8000000119
47042  47.314  -28.678  67.601 0.8000000119
47051  47.069  -28.616  66.743 0.8000000119
47052  46.172  -28.851  66.499 0.8000000119
47086  44.723  -28.896  63.882 0.8000000119
47064  45.075  -28.842  64.763 0.8000000119
47104  43.848  -28.856  62.799 0.8000000119
48199  44.028  -28.734  62.203 0.8000000119
48210  43.832  -28.596  61.624 0.6999999881
48226  42.797  -28.463  60.537 0.6999999881
135751  42.505  -28.426  59.844 0.5000000000
48227  41.999  -28.469  60.332 0.5000000000
128338  41.130  -28.260  59.082 0.5000000000
48259  40.655  -27.992  58.431 0.5000000000
48260  39.829  -27.769  58.755 0.5000000000
49410  39.206  -27.450  58.203 0.5000000000
49436  37.578  -26.739  56.904 0.5000000000
45937  38.707  -30.003  63.798 0.5000000000
47109  38.198  -29.572  62.589 0.4000000060
50603  37.121  -26.555  55.998 0.2000000030
49460  36.710  -27.028  53.799 0.1000000015
49494  36.341  -27.957  52.684 0.1000000015
47222  36.560  -29.556  51.956 0.1000000015
49244  51.705  -27.633  71.342 0.5000000000
48079  51.444  -27.824  70.665 0.6000000238
128682  51.468  -28.061  71.189 0.5000000000
48100  50.660  -28.198  69.816 0.6999999881
47029  49.214  -28.554  69.406 0.6000000238
136222  50.452  -27.942  69.035 0.6999999881
48122  49.360  -28.303  68.744 0.6000000238
48123  49.010  -28.205  68.113 0.8000000119
48142  47.965  -28.406  67.068 0.8000000119
47041  48.170  -28.468  67.885 0.8000000119
48157  47.779  -28.425  66.079 0.8000000119
48158  46.785  -28.616  65.836 0.8000000119
47075  45.876  -28.683  64.632 0.8000000119
48182  46.332  -28.509  64.215 0.8000000119
48183  45.530  -28.708  63.873 0.8000000119
136887  45.529  -28.540  63.192 0.8000000119
48197  45.184  -28.496  62.640 0.8000000119
49387  45.311  -28.137  62.099 0.8000000119
48198  44.531  -28.695  62.564 0.8000000119
48208  44.855  -28.479  62.098 0.8000000119
48224  44.200  -28.404  61.288 0.8000000119
48225  43.638  -28.385  60.760 0.8000000119
49397  44.244  -28.088  60.712 0.8000000119
48256  43.056  -28.158  59.062 0.6999999881
48258  41.964  -28.319  58.705 0.5000000000
48272  41.564  -27.889  57.697 0.5000000000
49422  39.616  -27.295  57.309 0.5000000000
49435  38.555  -26.757  56.643 0.5000000000
49447  40.042  -26.819  56.086 0.3000000119
50601  39.276  -26.666  55.977 0.3000000119
50622  37.706  -26.500  55.259 0.2000000030
50640  37.383  -26.609  54.419 0.1000000015
50655  37.594  -26.800  53.519 0.1000000015
50670  37.836  -26.993  52.825 0.1000000015
131075  51.687  -26.371  71.637 0.5000000000
50422  51.880  -26.607  72.186 0.5000000000
50428  51.874  -27.026  71.494 0.5000000000
49256  51.647  -27.318  70.763 0.8000000119
50436  51.521  -26.950  70.087 0.8000000119
48099  50.918  -27.813  69.473 0.6999999881
48121  50.454  -27.753  68.369 0.8000000119
48140  50.145  -27.806  67.653 0.8000000119
48155  49.641  -27.811  66.775 0.8000000119
48156  48.717  -28.171  66.699 0.8000000119
126932  48.414  -28.205  65.923 0.8000000119
48181  47.233  -28.251  64.575 0.8000000119
49371  47.097  -27.878  63.869 0.8000000119
127779  46.075  -28.422  63.538 0.8000000119
49372  46.497  -27.991  63.392 0.8000000119
50537  46.377  -27.443  62.904 0.8000000119
48196  45.850  -28.151  62.821 0.8000000119
49391  45.253  -27.484  61.541 0.8000000119
49396  44.667  -27.399  60.764 0.8000000119
49401  44.068  -27.621  60.103 0.8000000119
50572  43.827  -27.170  59.569 0.6999999881
50576  43.446  -27.129  58.963 0.5000000000
49419  41.979  -27.500  57.575 0.4000000060
50599  41.560  -26.914  56.991 0.4000000060
49432  41.046  -27.239  56.709 0.4000000060
51853  40.794  -26.181  56.148 0.3000000119
50619  40.432  -26.550  56.057 0.3000000119
51865  39.844  -26.006  54.965 0.2000000030
130879  38.896  -26.421  54.494 0.2000000030
50639  38.267  -26.491  53.998 0.2000000030
50669  38.344  -26.753  52.268 0.1000000015
51683  51.276  -25.598  71.684 0.5000000000
146091  51.447  -26.121  71.097 0.6000000238
141379  51.670  -26.721  70.927 0.6999999881
51696  50.860  -25.459  70.728 0.6000000238
51695  51.293  -26.260  70.312 0.6999999881
50452  51.228  -26.949  68.323 0.8000000119
49307  50.705  -27.518  67.811 0.8000000119
48172  48.591  -27.883  65.494 0.8000000119
48180  48.020  -28.001  64.887 0.8000000119
141490  47.369  -27.169  63.833 0.6999999881
50516  46.842  -27.468  63.436 0.6999999881
135384  47.499  -26.392  63.816 0.6999999881
50553  46.268  -26.620  62.463 0.8000000119
50554  45.695  -26.638  61.741 0.8000000119
50566  45.188  -26.670  61.048 0.8000000119
50567  44.759  -26.551  60.482 0.6999999881
51818  43.833  -26.316  59.308 0.6999999881
51830  44.157  -25.270  59.280 0.6000000238
133919  43.288  -26.455  58.623 0.4000000060
51831  43.449  -25.518  58.603 0.6000000238
51832  42.697  -26.205  57.979 0.6000000238
51842  42.431  -25.309  57.541 0.4000000060
51843  41.986  -26.098  57.278 0.4000000060
51851  41.838  -25.237  56.977 0.4000000060
51852  41.352  -26.004  56.599 0.3000000119
51863  40.919  -25.486  56.051 0.3000000119
51864  40.386  -25.926  55.614 0.3000000119
53081  40.400  -24.416  55.189 0.3000000119
51881  39.539  -25.439  54.265 0.3000000119
131530  50.012  -22.930  71.805 0.5000000000
54074  50.284  -23.823  71.618 0.6000000238
52883  50.306  -24.398  70.913 0.6000000238
52901  50.247  -24.708  69.777 0.8000000119
131440  51.119  -26.485  68.436 0.8999999762
146725  51.175  -26.838  67.694 0.8000000119
50476  50.785  -27.015  66.624 0.8000000119
50491  49.752  -26.895  65.568 0.8000000119
50507  48.975  -26.731  64.975 0.8000000119
50508  48.098  -26.703  64.379 0.6999999881
51758  47.939  -25.704  64.063 0.6999999881
51759  47.284  -25.707  63.461 0.8000000119
51774  46.690  -25.734  62.798 0.6999999881
51786  45.539  -25.808  61.232 0.6999999881
53020  45.828  -24.762  61.228 0.6999999881
149185  46.243  -24.141  61.289 0.6999999881
135668  45.382  -25.233  60.765 0.6999999881
136417  44.665  -25.014  59.735 0.6999999881
53045  45.068  -24.399  59.871 0.6999999881
53046  44.562  -24.387  59.302 0.6999999881
53060  43.962  -24.523  58.738 0.6000000238
149381  43.286  -23.994  57.856 0.5000000000
53066  42.844  -24.562  57.733 0.5000000000
53073  41.744  -24.411  56.619 0.4000000060
54287  42.322  -23.550  56.773 0.3000000119
54288  41.657  -23.698  56.266 0.3000000119
54312  40.865  -22.894  55.023 0.3000000119
55472  40.470  -22.597  54.195 0.3000000119
134055  49.835  -23.156  70.848 0.6000000238
55216  49.704  -21.953  70.952 0.6000000238
139184  49.803  -23.487  69.713 0.6999999881
133182  50.370  -24.858  68.664 0.8000000119
52916  50.985  -25.718  67.550 0.6999999881
52917  50.723  -24.825  67.595 0.8000000119
51726  51.234  -25.617  66.522 0.8000000119
149457  50.120  -26.319  65.558 0.8000000119
140420  49.631  -26.099  65.207 0.8000000119
51734  50.443  -25.695  65.513 0.8000000119
51749  48.853  -25.753  64.592 0.8000000119
132095  48.442  -25.037  64.138 0.6999999881
130893  47.098  -25.027  63.082 0.6999999881
53005  46.728  -24.797  62.459 0.6999999881
53019  46.417  -24.444  61.752 0.6999999881
53032  46.084  -23.828  60.758 0.6999999881
126733  45.624  -23.725  60.018 0.6999999881
54263  45.386  -23.003  58.759 0.6999999881
54274  44.283  -23.208  58.023 0.6999999881
55435  44.962  -22.815  58.116 0.6000000238
54286  43.048  -23.093  57.074 0.3000000119
55445  43.810  -22.549  56.790 0.3000000119
55453  42.827  -22.714  56.456 0.3000000119
54298  41.991  -22.945  56.125 0.3000000119
58933  49.776  -19.222  51.111 0.3000000119
56600  43.184  -21.703  55.239 0.3000000119
59996  47.441  -17.985  51.105 0.2000000030
55471  41.281  -22.042  54.489 0.2000000030
55227  49.705  -22.189  69.811 0.6999999881
54090  49.890  -23.019  68.406 0.8000000119
54111  51.046  -23.787  66.990 0.8000000119
52949  51.617  -24.756  66.304 0.8000000119
52963  51.189  -24.935  65.608 0.8000000119
54163  51.519  -23.533  64.744 0.6999999881
52986  50.498  -23.584  64.256 0.6999999881
51747  50.480  -24.904  65.159 0.8000000119
52978  49.184  -24.761  64.392 0.8000000119
52988  48.648  -24.298  63.815 0.6999999881
53003  48.143  -23.871  63.174 0.6999999881
54211  47.569  -23.198  61.591 0.6999999881
55394  47.051  -22.625  60.139 0.6999999881
54230  46.693  -23.172  60.639 0.6999999881
54248  46.303  -23.095  60.069 0.6999999881
55417  46.683  -22.480  59.307 0.6999999881
55418  46.068  -22.601  58.784 0.6999999881
55433  46.522  -22.102  58.380 0.6999999881
55443  46.043  -21.957  57.607 0.5000000000
144325  45.636  -21.834  57.031 0.4000000060
55451  44.926  -22.081  56.714 0.5000000000
56591  44.908  -21.585  55.934 0.5000000000
55452  44.283  -21.997  56.175 0.3000000119
57787  55.655  -20.471  55.631 0.1000000015
59993  50.003  -18.713  51.600 0.2000000030
61155  49.153  -17.811  51.556 0.3000000119
146182  52.861  -20.249  54.420 0.1000000015
57819  52.474  -20.309  53.729 0.1000000015
58921  51.395  -19.716  52.860 0.1000000015
58922  50.918  -19.365  52.446 0.2000000030
59983  49.772  -18.038  51.891 0.3000000119
61156  48.688  -17.519  51.725 0.3000000119
61150  46.702  -17.418  52.625 0.4000000060
59973  45.303  -18.349  53.380 0.3000000119
58923  44.860  -18.939  52.918 0.2000000030
56624  43.394  -20.945  53.836 0.2000000030
59998  45.706  -18.402  51.563 0.2000000030
57614  50.609  -19.965  70.551 0.6999999881
56436  50.180  -21.220  69.168 0.6999999881
55267  50.588  -22.920  67.413 0.8000000119
54110  52.135  -23.592  66.430 0.8000000119
52961  52.270  -23.996  65.945 0.8000000119
54162  52.366  -23.299  65.060 0.6000000238
133973  51.921  -23.016  64.521 0.6999999881
131864  49.785  -23.252  63.557 0.6999999881
54193  49.323  -22.909  62.936 0.6999999881
54194  48.602  -23.201  62.653 0.6999999881
54210  48.338  -22.877  61.858 0.6999999881
54229  47.326  -22.864  60.849 0.6999999881
125794  60.147  -20.269  59.037 0.1000000015
55392  48.400  -22.034  60.562 0.6999999881
55393  47.819  -22.338  60.290 0.6999999881
55416  47.497  -22.175  59.614 0.6999999881
57762  59.291  -20.332  57.702 0.1000000015
146617  47.626  -21.765  59.449 0.6999999881
57773  58.757  -20.476  56.783 0.1000000015
57742  48.000  -20.665  60.132 0.6999999881
56564  47.355  -21.359  59.110 0.6000000238
56573  46.847  -21.473  58.463 0.6000000238
57774  57.874  -20.306  56.668 0.1000000015
58870  46.883  -19.879  59.210 0.6999999881
57757  46.939  -20.773  58.720 0.6000000238
57758  46.478  -20.921  57.828 0.6000000238
56582  46.013  -21.344  57.150 0.5000000000
57775  56.828  -20.341  56.679 0.1000000015
57786  56.633  -20.407  55.681 0.1000000015
59930  46.523  -19.090  58.768 0.6000000238
124927  46.074  -19.228  57.943 0.5000000000
57778  46.040  -20.772  57.121 0.4000000060
56598  45.338  -21.116  55.725 0.4000000060
131854  54.976  -20.502  56.488 0.1000000015
61068  46.493  -17.703  57.663 0.5000000000
146900  45.432  -18.452  55.994 0.4000000060
58884  45.430  -19.816  56.288 0.4000000060
57792  45.110  -20.849  55.144 0.4000000060
56599  44.804  -21.233  55.196 0.2000000030
57801  54.285  -20.529  54.985 0.1000000015
61085  46.875  -16.869  56.566 0.5000000000
61103  45.677  -17.830  55.672 0.5000000000
59957  45.237  -18.626  55.255 0.4000000060
57804  45.037  -20.277  54.881 0.2000000030
57805  44.660  -20.746  54.527 0.2000000030
57789  53.495  -20.281  55.600 0.1000000015
57803  52.408  -19.759  54.570 0.1000000015
58909  52.050  -19.745  53.947 0.1000000015
59971  50.809  -18.136  53.584 0.2000000030
61146  50.139  -17.669  52.799 0.2000000030
62343  48.831  -16.736  53.062 0.3000000119
62326  47.638  -16.663  53.644 0.4000000060
61136  45.770  -17.704  53.861 0.4000000060
58912  44.833  -19.097  53.803 0.2000000030
57806  44.114  -20.817  54.018 0.2000000030
57790  52.875  -19.979  55.176 0.1000000015
58890  52.402  -19.138  55.464 0.1000000015
58897  51.856  -19.041  54.483 0.1000000015
59970  51.372  -18.745  53.844 0.1000000015
61132  50.404  -17.282  53.738 0.2000000030
61133  49.685  -17.005  53.261 0.3000000119
62325  48.715  -16.324  53.788 0.5000000000
58913  44.534  -19.666  53.352 0.2000000030
58899  44.752  -19.992  54.151 0.2000000030
59962  51.383  -18.161  54.466 0.1000000015
59963  50.945  -17.568  54.189 0.2000000030
62323  50.079  -16.592  53.743 0.2000000030
62324  49.375  -16.430  53.639 0.4000000060
61116  51.444  -17.479  54.439 0.1000000015
129143  56.018  -10.891  53.003 0.4000000060
142545  51.767  -20.590  69.542 0.6999999881
56450  51.952  -21.539  68.149 0.8000000119
55249  52.610  -22.237  67.384 0.8000000119
57621  52.788  -20.626  69.855 0.6999999881
56434  52.514  -21.106  68.994 0.6999999881
56449  53.464  -21.774  68.297 0.8000000119
55279  53.682  -22.855  66.259 0.8000000119
55306  53.067  -22.942  65.271 0.6999999881
55307  52.495  -22.710  64.684 0.6999999881
55329  51.788  -22.493  64.170 0.6999999881
54192  49.924  -22.684  63.175 0.6999999881
56519  50.770  -21.749  63.377 0.6000000238
55349  49.729  -22.286  62.598 0.6999999881
55350  49.028  -22.575  62.225 0.6999999881
139339  49.662  -20.059  62.808 0.6999999881
57696  49.912  -20.796  62.725 0.6999999881
55367  49.382  -22.027  61.984 0.6999999881
55368  48.778  -22.206  61.415 0.6999999881
57737  60.517  -20.359  59.854 0.1000000015
58825  49.282  -19.590  62.416 0.8000000119
58835  48.861  -20.062  61.762 0.6999999881
57707  49.073  -20.959  61.573 0.6999999881
56545  48.765  -21.510  61.002 0.6999999881
57751  59.439  -20.169  58.736 0.1000000015
59894  48.979  -18.168  61.790 0.8000000119
138163  48.772  -19.107  61.923 0.8000000119
57708  48.515  -20.612  60.929 0.6999999881
57721  58.977  -20.427  61.724 0.1000000015
60994  49.609  -17.729  62.256 0.8000000119
58854  47.905  -19.177  60.770 0.6999999881
57724  47.480  -19.723  60.050 0.6999999881
61005  48.675  -17.724  60.989 0.8000000119
61038  47.470  -17.981  59.632 0.6999999881
58863  47.030  -18.917  59.547 0.6999999881
57765  56.278  -20.485  57.809 0.1000000015
148005  56.037  -20.480  57.158 0.1000000015
61052  47.920  -16.946  58.633 0.6000000238
128362  47.485  -17.522  59.014 0.6000000238
138876  55.880  -20.465  56.536 0.1000000015
62259  48.213  -16.096  57.397 0.5000000000
61067  47.011  -17.094  57.376 0.5000000000
135995  53.520  -20.112  56.333 0.1000000015
58882  53.410  -19.560  56.711 0.1000000015
59948  53.034  -18.747  56.331 0.1000000015
126409  48.706  -15.518  56.983 0.5000000000
130359  47.526  -16.461  56.979 0.5000000000
58889  52.995  -19.665  56.050 0.1000000015
59956  52.462  -18.444  55.611 0.1000000015
61101  52.207  -17.943  55.282 0.1000000015
63438  49.038  -15.105  55.268 0.5000000000
62287  47.902  -16.048  54.841 0.5000000000
58891  51.965  -18.400  55.105 0.1000000015
127356  52.056  -17.441  54.697 0.1000000015
62322  51.385  -16.132  53.548 0.1000000015
63452  49.637  -15.297  54.144 0.4000000060
63453  48.548  -15.918  54.411 0.5000000000
61131  50.870  -16.851  54.058 0.3000000119
125542  49.821  -15.938  53.831 0.4000000060
63470  49.179  -15.895  54.066 0.5000000000
67862  56.322  -11.800  52.693 0.3000000119
132746  54.599  -22.057  68.244 0.8000000119
55247  54.682  -22.180  67.418 0.8000000119
55263  54.262  -22.456  66.495 0.8000000119
56432  54.888  -21.740  69.154 0.6999999881
56478  54.341  -22.180  66.272 0.8000000119
56489  53.484  -22.134  65.266 0.8000000119
57657  52.762  -21.583  64.866 0.8000000119
57668  51.726  -21.215  64.287 0.6999999881
56464  55.240  -21.830  67.725 0.8000000119
57640  55.068  -21.433  67.284 0.8000000119
57656  53.464  -21.543  65.478 0.8000000119
57684  51.065  -21.300  63.718 0.6000000238
138188  51.437  -20.237  64.604 0.8000000119
57669  50.850  -20.465  63.940 0.6999999881
57685  50.493  -21.033  63.263 0.6000000238
58824  49.811  -19.224  63.129 0.8000000119
126692  59.538  -20.461  61.014 0.1000000015
61004  49.420  -17.398  61.495 0.8000000119
61022  48.083  -17.788  60.250 0.6999999881
57763  58.041  -20.218  57.767 0.1000000015
132183  57.237  -20.325  57.409 0.1000000015
61037  48.171  -17.218  59.486 0.6000000238
57776  54.454  -20.304  57.095 0.1000000015
57777  53.863  -20.126  56.883 0.1000000015
59940  53.588  -19.108  57.029 0.1000000015
61115  52.927  -17.502  54.923 0.1000000015
62321  52.293  -16.231  53.449 0.1000000015
68918  56.711  -11.012  52.527 0.4000000060
57630  55.956  -21.088  69.126 0.6999999881
57648  54.561  -21.603  66.648 0.8000000119
57649  54.066  -21.593  66.032 0.8000000119
58771  55.047  -20.293  67.597 0.8000000119
138000  54.670  -20.881  66.971 0.8000000119
58786  53.372  -20.713  65.962 0.8000000119
58787  52.538  -19.658  65.905 0.8000000119
64553  51.508  -14.162  57.434 0.6000000238
130006  50.644  -14.479  57.219 0.6000000238
58776  53.380  -19.795  66.523 0.8000000119
59849  51.843  -18.945  65.344 0.8000000119
58801  51.342  -19.346  64.801 0.8000000119
59864  50.827  -18.875  64.309 0.8000000119
64540  51.754  -14.496  58.259 0.6999999881
59862  51.945  -17.926  65.186 0.8000000119
59863  51.371  -18.398  64.733 0.8999999762
59871  50.366  -18.525  63.662 0.8000000119
60978  52.379  -17.117  64.694 0.8999999762
60986  51.343  -17.171  63.640 0.8999999762
60987  50.600  -17.617  63.353 0.8999999762
65668  51.662  -13.626  56.576 0.6000000238
62169  51.505  -16.296  62.378 0.8999999762
60993  50.316  -17.317  62.593 0.8000000119
64566  51.015  -14.060  56.733 0.6000000238
57738  59.282  -20.247  59.831 0.1000000015
62206  50.969  -15.969  60.872 0.8000000119
148061  49.895  -16.836  61.226 0.8000000119
142209  49.398  -17.017  60.758 0.6999999881
64567  50.345  -14.308  56.349 0.5000000000
65682  50.918  -13.846  55.926 0.6000000238
57764  56.957  -20.416  58.368 0.1000000015
57754  56.221  -20.423  58.804 0.1000000015
129577  50.468  -14.279  54.362 0.5000000000
131468  51.519  -13.419  55.481 0.6000000238
125318  58.473  -20.432  60.917 0.1000000015
57722  58.352  -20.250  61.356 0.1000000015
125029  57.663  -18.960  60.565 0.1000000015
58852  57.119  -19.403  60.378 0.1000000015
57768  54.182  -20.027  57.379 0.1000000015
65693  52.119  -13.128  53.757 0.6000000238
127059  57.723  -18.552  59.605 0.1000000015
59925  57.112  -18.532  59.023 0.1000000015
63488  52.287  -14.812  52.723 0.2000000030
65713  52.430  -13.625  53.033 0.5000000000
59923  58.653  -18.264  59.121 0.1000000015
61066  57.019  -18.161  57.245 0.1000000015
127747  56.854  -17.632  56.369 0.1000000015
61097  56.612  -17.131  55.652 0.1000000015
61113  55.468  -16.878  54.698 0.1000000015
62300  53.628  -16.880  54.095 0.1000000015
64630  52.702  -14.342  52.704 0.2000000030
62286  56.305  -16.637  55.038 0.1000000015
62319  54.218  -16.176  53.503 0.2000000030
63466  53.613  -15.389  52.909 0.2000000030
65711  54.301  -13.470  52.955 0.3000000119
67865  54.144  -11.876  53.408 0.3000000119
67863  55.472  -11.502  53.093 0.4000000060
68897  57.116  -10.472  52.607 0.3000000119
70036  57.610  -10.198  52.284 0.4000000060
70035  58.116  -9.879  51.932 0.4000000060
57631  55.965  -20.961  68.618 0.8000000119
59823  55.281  -19.317  67.924 0.6999999881
59832  55.235  -18.269  67.615 0.6999999881
59833  54.534  -19.128  67.436 0.8000000119
59847  53.053  -18.044  66.296 0.8000000119
60977  53.176  -16.766  64.952 0.8999999762
63368  53.083  -14.889  61.105 0.8000000119
63369  52.843  -14.741  60.251 0.8000000119
64539  52.441  -14.302  58.595 0.8000000119
64552  52.274  -14.003  57.878 0.6999999881
62141  52.882  -16.469  64.149 0.8999999762
63384  52.184  -15.025  60.030 0.8000000119
142689  51.955  -14.712  58.895 0.8000000119
65656  52.124  -13.723  57.268 0.6999999881
62156  51.887  -16.452  63.083 0.8999999762
128947  52.304  -15.185  60.694 0.8000000119
62186  51.251  -16.097  61.644 0.8999999762
62228  49.364  -16.307  59.338 0.6999999881
63399  51.298  -14.974  58.765 0.6999999881
64541  50.994  -14.743  57.995 0.6000000238
127445  52.306  -13.346  56.869 0.6999999881
57753  57.455  -20.365  59.044 0.1000000015
57755  55.762  -20.119  59.020 0.1000000015
65667  52.200  -12.997  56.034 0.6999999881
125310  58.030  -20.406  59.893 0.1000000015
58851  57.800  -19.803  60.940 0.1000000015
65681  52.047  -12.965  54.832 0.6000000238
59917  56.795  -18.888  59.941 0.1000000015
61082  55.875  -17.754  56.114 0.1000000015
66798  52.607  -12.520  54.159 0.6000000238
149478  56.260  -18.129  56.830 0.1000000015
151147  55.917  -17.218  55.349 0.1000000015
66814  52.860  -12.876  53.313 0.4000000060
126663  56.556  -18.514  58.352 0.1000000015
66813  53.315  -12.194  53.706 0.4000000060
67864  54.780  -11.306  53.491 0.3000000119
68899  55.341  -10.767  53.559 0.5000000000
68898  56.660  -10.326  53.139 0.4000000060
59822  56.014  -18.848  68.290 0.6999999881
60950  54.815  -17.461  66.839 0.8000000119
63336  53.515  -15.335  62.646 0.8999999762
63335  54.244  -14.823  62.486 0.8999999762
64512  54.465  -14.405  61.651 0.8999999762
60967  53.507  -17.163  65.778 0.8000000119
63353  53.663  -14.844  61.835 0.8000000119
64521  53.590  -14.416  60.497 0.8000000119
64529  53.326  -14.271  59.724 0.8000000119
64538  53.115  -14.066  58.957 0.8000000119
65646  52.941  -13.813  58.237 0.8000000119
150017  52.020  -16.049  62.554 0.8999999762
65655  52.755  -13.448  57.511 0.6999999881
63385  51.720  -15.062  59.471 0.6999999881
126450  53.331  -13.390  58.004 0.6999999881
65666  52.744  -12.885  56.799 0.6999999881
66750  53.865  -13.088  58.238 0.6999999881
57739  57.036  -20.282  59.885 0.1000000015
146785  56.725  -20.395  59.195 0.1000000015
58868  55.441  -19.610  58.906 0.1000000015
66773  53.825  -12.014  57.060 0.6999999881
66775  52.738  -12.521  56.074 0.6999999881
124972  57.752  -20.208  60.641 0.1000000015
57740  56.571  -19.953  59.913 0.1000000015
57741  56.042  -19.653  59.557 0.1000000015
59927  55.139  -19.127  58.597 0.1000000015
67831  53.603  -11.641  56.124 0.6999999881
66784  53.074  -12.030  55.625 0.6000000238
58853  56.568  -19.488  60.029 0.1000000015
59919  55.685  -19.077  59.275 0.1000000015
61098  55.182  -17.520  55.466 0.1000000015
67838  53.537  -11.464  55.104 0.6999999881
66797  53.075  -11.975  54.608 0.6000000238
59926  56.215  -18.778  59.308 0.1000000015
59937  55.958  -18.465  57.682 0.1000000015
59946  55.387  -18.313  57.027 0.1000000015
61083  54.664  -18.058  56.419 0.1000000015
129893  54.075  -10.983  55.605 0.6999999881
67849  53.668  -11.538  54.149 0.6000000238
128138  55.653  -18.760  58.658 0.1000000015
67837  54.094  -10.974  54.619 0.6999999881
68886  54.696  -10.740  54.108 0.6000000238
125199  56.037  -10.237  53.761 0.5000000000
70002  56.870  -9.697  53.978 0.6000000238
137716  58.017  -9.634  52.759 0.5000000000
70015  57.354  -9.825  53.171 0.4000000060
129557  59.100  -9.225  51.468 0.5000000000
70034  58.637  -9.279  52.236 0.4000000060
147055  60.585  -8.777  50.592 0.3000000119
71166  59.575  -8.824  51.083 0.3000000119
59812  57.340  -18.426  69.216 0.5000000000
145377  57.180  -18.656  68.912 0.6999999881
60931  56.386  -17.874  67.890 0.6000000238
62111  56.400  -16.643  66.619 0.6000000238
62124  55.966  -16.091  65.720 0.8000000119
62138  55.312  -15.763  64.889 0.8999999762
63317  56.198  -14.786  64.117 0.8999999762
60965  55.424  -16.768  66.244 0.8000000119
63318  55.006  -15.112  63.712 0.8999999762
64490  55.576  -14.739  63.602 0.8999999762
128549  55.302  -14.030  61.926 0.8999999762
62140  53.677  -16.214  64.392 0.8999999762
62153  54.097  -15.750  64.017 0.8999999762
62154  53.375  -15.862  63.532 0.8999999762
64520  54.339  -14.045  60.735 0.8000000119
62168  52.625  -15.830  62.750 0.8999999762
63337  52.908  -15.326  61.945 0.8000000119
65633  55.037  -13.316  59.874 0.8999999762
136745  54.425  -13.520  59.544 0.8000000119
63355  51.759  -15.631  61.127 0.8000000119
63354  52.432  -15.352  61.359 0.8000000119
65632  55.758  -13.094  60.328 0.8999999762
65644  54.189  -13.367  58.878 0.8000000119
63370  51.506  -15.474  60.265 0.8000000119
66748  55.264  -12.483  58.815 0.8000000119
66749  54.537  -12.780  58.539 0.6999999881
63386  50.814  -15.484  59.445 0.6000000238
66747  56.027  -12.209  59.054 0.8999999762
66762  54.907  -12.106  58.162 0.6999999881
67830  54.238  -11.287  56.590 0.6999999881
67822  54.532  -11.679  57.443 0.6999999881
67829  54.887  -10.895  57.017 0.6999999881
59938  54.984  -18.732  57.924 0.1000000015
68867  54.695  -10.612  56.096 0.6999999881
68876  54.727  -10.443  55.067 0.6999999881
68885  55.355  -10.266  54.375 0.6000000238
149533  57.459  -9.545  53.823 0.6000000238
71151  59.317  -8.730  52.008 0.5000000000
70070  59.977  -8.980  50.699 0.4000000060
62056  57.654  -17.003  69.280 0.4000000060
60907  57.507  -17.944  68.598 0.5000000000
60948  56.871  -17.112  67.409 0.6000000238
63301  56.638  -15.098  64.842 0.8999999762
64471  56.804  -14.611  64.266 0.8999999762
64489  56.350  -14.352  63.469 0.8999999762
64511  56.124  -13.846  62.481 0.8999999762
65600  57.483  -13.361  62.731 0.8999999762
65614  55.625  -13.530  61.195 0.8999999762
65613  56.385  -13.412  61.698 0.8999999762
65623  56.242  -13.151  60.964 0.8999999762
66720  57.411  -12.343  60.825 0.8999999762
66721  56.590  -12.689  60.523 0.8999999762
66735  55.531  -12.784  59.523 0.8999999762
67820  56.021  -11.054  58.050 0.6999999881
68856  55.657  -10.616  57.314 0.6999999881
68865  56.126  -9.930  56.785 0.6999999881
69976  55.893  -9.767  55.789 0.6999999881
68866  55.380  -10.303  56.470 0.6999999881
69991  56.639  -9.519  55.429 0.6999999881
141708  55.417  -10.006  55.128 0.6000000238
127998  56.962  -9.491  54.826 0.6999999881
68884  56.120  -9.735  54.738 0.6999999881
125834  58.453  -9.001  54.287 0.8000000119
70001  57.665  -9.328  54.475 0.6999999881
146154  57.929  -9.410  53.661 0.6000000238
70014  58.553  -9.130  53.374 0.6000000238
71134  59.912  -8.250  52.934 0.5000000000
71150  59.935  -8.284  51.617 0.5000000000
72217  61.272  -7.550  50.545 0.4000000060
72201  60.492  -7.829  51.116 0.5000000000
71165  60.148  -8.464  50.825 0.4000000060
64488  57.283  -14.200  63.952 0.8000000119
65599  58.304  -13.026  63.158 0.8999999762
66681  57.915  -12.820  62.343 0.8999999762
66702  58.392  -12.380  61.974 1.0000000000
66703  57.658  -12.603  61.597 1.0000000000
67792  57.930  -11.692  60.439 1.0000000000
67804  56.765  -11.859  59.339 0.8999999762
67812  56.418  -11.509  58.673 0.8999999762
145511  60.786  -7.968  56.902 1.0000000000
145627  60.297  -8.234  56.779 0.8999999762
68855  56.448  -10.330  57.584 0.6999999881
72153  62.102  -7.457  57.239 0.8999999762
72141  61.472  -7.803  57.546 0.8999999762
130527  59.825  -8.502  57.138 0.8999999762
71069  59.157  -8.835  57.466 0.8999999762
69973  58.371  -8.962  57.001 0.8999999762
72154  61.231  -7.762  56.588 0.8999999762
71083  60.471  -8.111  56.116 0.8999999762
71084  59.755  -8.425  56.286 0.8999999762
72163  61.775  -7.450  56.092 0.8000000119
72164  60.996  -7.830  55.842 0.8999999762
71085  59.076  -8.689  56.610 0.8999999762
69990  57.481  -9.254  55.537 0.8000000119
141986  61.161  -7.679  55.327 0.8000000119
71100  59.783  -8.400  55.461 0.8000000119
71101  59.073  -8.653  55.751 0.8999999762
70000  58.356  -8.919  55.186 0.8000000119
72172  60.912  -7.669  54.515 0.6999999881
71099  60.471  -8.060  55.157 0.6999999881
71119  59.085  -8.661  54.882 0.8000000119
72188  61.091  -7.176  52.874 0.6000000238
71117  60.232  -8.121  54.107 0.6999999881
71118  59.736  -8.421  54.579 0.6000000238
71136  59.108  -8.723  54.029 0.6000000238
72181  60.636  -7.669  53.478 0.6999999881
71135  59.163  -8.732  53.080 0.6000000238
72189  60.475  -7.718  52.250 0.5000000000
65583  58.733  -13.181  64.112 0.6999999881
66662  60.347  -11.755  64.130 0.6999999881
66680  58.816  -12.461  62.686 0.8999999762
66679  59.828  -11.839  63.133 0.8000000119
67779  59.332  -11.794  62.154 1.0000000000
67791  58.931  -11.243  60.844 1.0000000000
67802  58.449  -10.981  60.089 1.0000000000
67803  57.539  -11.446  59.677 1.0000000000
68835  57.973  -10.709  59.321 1.0000000000
71067  60.733  -8.233  57.662 1.0000000000
68845  57.548  -10.398  58.592 1.0000000000
68854  57.212  -10.016  57.879 1.0000000000
73198  63.604  -6.454  58.625 0.8000000119
69956  57.743  -9.435  57.428 1.0000000000
69957  56.931  -9.639  57.109 0.8999999762
73215  63.505  -6.566  57.580 0.8000000119
72162  62.713  -7.029  56.907 0.6999999881
69974  57.585  -9.237  56.569 0.8000000119
73214  63.885  -6.035  57.014 0.6999999881
132967  63.223  -6.569  56.651 0.6999999881
69989  58.324  -8.904  56.110 0.8999999762
69975  56.756  -9.497  56.219 0.8000000119
73222  63.382  -6.132  55.861 0.6999999881
73223  62.532  -6.847  55.900 0.8000000119
73224  61.716  -7.204  55.008 0.8000000119
129653  62.473  -6.532  54.944 0.8000000119
73233  61.896  -6.795  54.269 0.6999999881
73243  61.699  -6.700  53.418 0.6999999881
72180  61.337  -7.227  53.944 0.6999999881
73254  61.546  -6.647  52.319 0.6000000238
72200  61.006  -7.223  51.651 0.5000000000
74269  62.722  -5.523  59.533 0.6000000238
133317  60.345  -11.252  62.766 0.8999999762
67790  60.036  -10.668  61.436 0.8999999762
73170  62.906  -6.164  59.913 0.8000000119
72105  62.784  -6.879  60.155 0.8999999762
72121  62.159  -7.651  60.638 0.8000000119
71053  61.877  -8.123  59.808 0.8000000119
69911  61.002  -9.095  60.294 0.8999999762
69912  60.016  -9.599  59.927 0.8999999762
131041  59.584  -10.500  60.638 1.0000000000
74268  63.348  -5.598  59.297 0.6999999881
73184  63.356  -6.292  59.488 0.8999999762
72139  63.099  -6.982  59.196 0.8999999762
138859  62.484  -7.506  59.640 0.8999999762
71054  60.999  -8.672  59.508 1.0000000000
69913  59.149  -9.685  59.218 1.0000000000
131544  61.092  -8.363  58.743 1.0000000000
69933  59.883  -9.220  59.080 1.0000000000
69934  58.814  -9.496  58.531 1.0000000000
69935  57.983  -9.717  58.200 1.0000000000
74267  63.811  -4.935  58.697 0.6999999881
72140  62.394  -7.477  58.427 0.8999999762
71068  60.075  -8.671  58.223 1.0000000000
69954  59.250  -9.086  58.179 1.0000000000
69955  58.534  -9.246  57.779 1.0000000000
74280  64.321  -5.064  58.247 0.6999999881
73197  64.109  -5.928  58.040 0.8000000119
74312  64.333  -5.405  56.481 0.6999999881
74322  63.104  -5.846  54.694 0.8000000119
73232  62.356  -6.306  53.988 0.6999999881
74333  62.842  -5.627  53.619 0.6999999881
73242  62.133  -6.122  52.974 0.6000000238
74353  63.214  -4.865  51.964 0.6000000238
136325  61.284  -9.583  62.352 0.4000000060
71013  62.006  -8.069  61.190 0.6999999881
130764  61.544  -8.879  61.194 0.6999999881
68814  61.373  -9.485  62.135 0.6999999881
68801  61.083  -10.097  62.192 0.6999999881
74281  62.280  -5.079  58.769 0.3000000119
74270  61.790  -5.702  59.382 0.4000000060
74258  62.424  -6.035  60.000 0.8000000119
73171  62.495  -6.535  60.253 0.8000000119
71036  61.764  -8.435  60.812 0.6999999881
68833  60.115  -9.903  60.514 0.8000000119
68815  60.904  -9.807  61.461 0.8000000119
75332  63.189  -4.897  58.945 0.3000000119
75345  62.839  -4.408  58.276 0.3000000119
74296  64.730  -4.422  57.646 0.5000000000
74297  64.451  -5.266  57.421 0.6999999881
74311  64.948  -4.609  56.924 0.6999999881
74321  64.054  -5.304  55.445 0.6999999881
74332  63.754  -5.097  54.325 0.8000000119
74342  63.393  -4.914  53.164 0.6999999881
75407  63.976  -4.378  51.424 0.6000000238
71001  60.501  -8.875  61.779 0.3000000119
72107  61.675  -7.104  60.688 0.6000000238
69878  61.420  -9.113  61.912 0.4000000060
73185  61.084  -6.144  59.389 0.4000000060
73172  61.881  -6.403  60.190 0.6000000238
72106  62.243  -7.062  60.594 0.6999999881
72091  61.577  -7.844  61.123 0.6999999881
71014  61.659  -8.550  61.372 0.6999999881
147598  62.019  -7.623  60.948 0.6999999881
74282  61.178  -5.433  58.222 0.3000000119
76431  64.109  -3.695  57.914 0.5000000000
75344  63.680  -4.263  58.434 0.5000000000
74298  61.738  -4.831  57.687 0.3000000119
75358  64.722  -3.709  57.516 0.5000000000
75343  64.246  -4.275  58.142 0.5000000000
76446  65.271  -3.214  56.989 0.5000000000
75357  65.188  -3.936  57.198 0.6000000238
76465  65.779  -2.756  56.085 0.6999999881
75370  64.858  -4.772  56.136 0.6999999881
76478  66.113  -2.819  55.163 0.6000000238
75379  64.903  -4.406  55.213 0.6999999881
76490  66.018  -2.924  54.090 0.6000000238
75387  64.418  -4.333  53.884 0.6999999881
76499  65.627  -2.874  52.840 0.6000000238
75386  65.042  -3.577  53.373 0.6000000238
76510  65.578  -3.041  51.511 0.6000000238
75396  64.743  -3.596  52.074 0.6000000238
75397  64.051  -4.271  52.630 0.6999999881
75406  64.898  -3.916  50.885 0.6999999881
75414  66.103  -3.468  50.351 0.5000000000
144368  63.364  -3.876  57.957 0.4000000060
147017  62.391  -4.097  57.208 0.2000000030
75359  61.302  -4.757  56.542 0.3000000119
76448  63.450  -3.457  57.267 0.3000000119
125880  61.759  -4.288  56.099 0.3000000119
76447  64.513  -3.160  57.224 0.5000000000
76467  63.573  -2.896  56.308 0.4000000060
76509  66.084  -2.349  52.212 0.5000000000
76518  66.386  -2.947  50.248 0.4000000060
146109  66.006  -2.609  51.009 0.4000000060
77548  64.278  -1.555  54.228 0.4000000060
77534  63.662  -2.190  54.672 0.4000000060
77547  65.445  -1.127  54.553 0.3000000119
77533  65.001  -1.510  55.373 0.3000000119
77532  65.932  -1.395  55.243 0.4000000060
76466  65.027  -2.425  56.499 0.4000000060
78615  65.697  -0.598  53.626 0.3000000119
78605  66.113  -1.137  54.428 0.3000000119
76477  66.125  -2.040  55.383 0.4000000060
42403  35.081  -32.828  72.707 0.6000000238
44807  29.679  -31.622  65.772 0.4000000060
124952  33.985  -32.425  70.880 0.6000000238
43595  33.406  -31.887  69.279 0.6000000238
44746  33.298  -31.708  68.355 0.6999999881
44784  32.081  -31.064  66.450 0.6000000238
45747  34.705  -30.463  78.986 0.2000000030
45733  35.568  -30.848  80.881 0.2000000030
43478  33.328  -32.591  80.638 0.3000000119
43484  32.207  -32.714  78.750 0.5000000000
43468  35.364  -32.704  81.536 0.2000000030
43492  31.955  -32.854  78.102 0.5000000000
42291  34.121  -33.007  80.413 0.3000000119
43520  31.358  -33.012  75.659 0.5000000000
42332  33.117  -33.098  77.590 0.6000000238
42333  32.219  -33.077  77.559 0.6000000238
42352  32.590  -33.147  76.849 0.6000000238
57706  58.887  -20.296  61.889 0.1000000015
61021  48.764  -17.158  60.208 0.8000000119
61036  48.879  -16.756  59.619 0.6000000238
62229  48.659  -16.592  58.981 0.6000000238
128315  49.672  -15.487  58.202 0.5000000000
65714  51.686  -13.781  53.426 0.5000000000
65694  51.416  -13.513  54.318 0.6000000238
64596  51.042  -14.045  53.819 0.5000000000
128378  52.826  -15.683  52.978 0.1000000015
64568  49.853  -14.751  56.893 0.5000000000
63387  49.914  -15.741  59.007 0.5000000000
64615  50.676  -14.628  53.652 0.4000000060
57767  54.643  -20.098  57.802 0.1000000015
59939  54.037  -19.139  57.496 0.1000000015
63467  52.076  -15.428  52.948 0.1000000015
61084  53.622  -18.112  56.290 0.1000000015
146751  54.724  -17.304  54.905 0.1000000015
63413  50.176  -14.976  57.734 0.5000000000
62227  50.059  -16.052  59.791 0.6999999881
58869  54.855  -19.639  58.276 0.1000000015
63400  50.486  -15.242  58.533 0.5000000000
135928  54.336  -18.813  57.618 0.1000000015
63489  51.777  -14.865  52.888 0.2000000030
135275  53.377  -17.799  55.649 0.1000000015
64614  51.372  -14.467  53.238 0.3000000119
35664  26.356  -40.348  82.406 0.1000000015
35665  25.954  -41.117  81.850 0.1000000015
145125  26.657  -38.066  81.133 0.1000000015
37636  26.427  -38.512  80.556 0.2000000030
36672  25.793  -39.653  79.312 0.2000000030
39444  26.811  -36.175  80.255 0.3000000119
40289  26.540  -35.022  79.526 0.4000000060
42293  26.107  -33.547  80.207 0.4000000060
39448  26.396  -36.045  78.487 0.3000000119
38577  26.068  -37.775  77.144 0.4000000060
50324  28.437  -25.874  83.606 0.4000000060
142504  25.914  -36.295  76.985 0.4000000060
38588  25.774  -37.121  75.920 0.4000000060
37705  31.204  -38.190  69.265 0.3000000119
35772  31.649  -40.288  69.731 0.3000000119
36697  25.606  -39.389  75.399 0.2000000030
141108  25.611  -37.829  74.524 0.3000000119
37666  25.636  -38.538  74.989 0.2000000030
146399  25.568  -38.543  74.272 0.2000000030
136398  25.549  -38.983  73.560 0.3000000119
133543  25.517  -38.252  73.103 0.3000000119
35760  28.138  -40.292  71.063 0.2000000030
38623  25.593  -37.925  71.222 0.3000000119
47958  26.667  -28.607  80.489 0.3000000119
44629  25.490  -31.695  79.705 0.3000000119
42322  25.598  -33.314  78.584 0.4000000060
29611  38.360  -46.286  68.612 0.2000000030
30681  37.930  -45.824  68.039 0.2000000030
27612  39.307  -48.595  67.463 0.1000000015
32747  37.220  -43.233  68.797 0.2000000030
32761  36.927  -43.496  67.991 0.2000000030
42335  25.341  -33.475  77.643 0.4000000060
132421  25.576  -35.020  76.830 0.3000000119
34745  33.580  -41.975  68.973 0.3000000119
145318  33.301  -42.027  68.446 0.2000000030
36749  30.945  -39.273  68.734 0.3000000119
40325  25.697  -35.799  76.491 0.4000000060
37670  30.841  -37.720  73.476 0.2000000030
37674  30.030  -38.442  72.291 0.2000000030
36715  29.428  -39.135  71.434 0.2000000030
36712  25.790  -39.646  72.122 0.2000000030
51565  29.381  -25.682  80.888 0.4000000060
50334  30.078  -25.971  81.432 0.4000000060
136309  38.495  -47.282  67.262 0.1000000015
33769  34.166  -42.207  68.240 0.2000000030
34758  31.368  -41.005  68.289 0.3000000119
34757  32.626  -41.837  68.267 0.2000000030
35780  30.815  -40.159  68.144 0.3000000119
127852  30.643  -37.347  68.290 0.3000000119
39543  30.288  -36.265  68.025 0.3000000119
38665  26.399  -36.906  68.813 0.3000000119
134152  25.399  -36.268  70.963 0.4000000060
139015  25.338  -32.002  73.796 0.4000000060
26670  39.686  -49.671  66.352 0.1000000015
27613  38.804  -48.050  66.750 0.2000000030
33790  35.297  -42.566  66.955 0.2000000030
143493  26.410  -29.577  78.126 0.3000000119
35787  30.947  -40.782  67.412 0.2000000030
42354  24.901  -33.179  76.709 0.4000000060
129514  30.340  -37.575  67.533 0.3000000119
49154  31.800  -27.636  82.542 0.4000000060
126549  41.562  -51.194  64.168 0.2000000030
31761  37.034  -44.877  66.585 0.2000000030
127525  31.205  -41.172  66.696 0.2000000030
46855  29.619  -29.315  78.498 0.4000000060
36780  29.848  -38.931  66.383 0.3000000119
37731  30.044  -38.247  66.962 0.3000000119
39561  29.927  -36.348  66.815 0.3000000119
45750  29.736  -29.941  77.831 0.4000000060
41187  37.922  -34.088  80.402 0.2000000030
128948  31.850  -27.401  82.066 0.4000000060
144307  39.065  -48.471  66.009 0.2000000030
33791  34.527  -42.500  66.267 0.2000000030
142589  34.745  -32.733  71.989 0.6000000238
34780  31.902  -41.607  66.311 0.2000000030
34779  32.811  -42.019  66.248 0.2000000030
43540  34.351  -32.708  73.214 0.6000000238
42365  34.552  -32.933  75.089 0.6000000238
147288  29.441  -37.652  65.443 0.3000000119
38688  29.678  -37.059  66.084 0.3000000119
42491  29.024  -33.058  65.849 0.4000000060
46888  28.902  -29.838  76.484 0.5000000000
45799  28.571  -30.598  74.919 0.5000000000
47933  32.444  -28.278  82.684 0.4000000060
46807  32.229  -29.175  82.668 0.3000000119
25810  42.367  -50.949  63.709 0.2000000030
138999  31.901  -31.051  81.253 0.4000000060
29646  38.235  -47.015  65.806 0.2000000030
32795  35.723  -43.427  65.931 0.2000000030
42351  34.589  -33.050  75.968 0.5000000000
36798  29.663  -39.103  65.605 0.3000000119
129546  29.422  -33.629  65.368 0.4000000060
41373  29.463  -34.547  65.554 0.4000000060
44766  30.803  -30.801  67.162 0.5000000000
132551  38.228  -47.012  65.082 0.2000000030
130290  36.577  -44.580  65.984 0.2000000030
34788  32.404  -41.795  65.532 0.2000000030
33804  33.998  -42.397  65.599 0.2000000030
40462  29.464  -35.109  64.921 0.4000000060
38699  29.359  -36.877  65.163 0.3000000119
43522  30.128  -32.244  74.784 0.5000000000
44786  30.318  -31.036  66.255 0.5000000000
31788  41.968  -43.624  64.386 0.1000000015
125509  29.609  -30.977  68.100 0.5000000000
27659  40.211  -48.980  63.876 0.2000000030
31775  36.365  -44.611  65.337 0.2000000030
33812  34.204  -42.617  64.924 0.2000000030
37748  29.178  -37.747  64.722 0.3000000119
43528  34.033  -32.674  73.908 0.6000000238
43508  31.298  -32.979  76.630 0.5000000000
44747  32.510  -31.330  68.161 0.6999999881
33835  39.322  -42.286  62.052 0.2000000030
131035  36.254  -32.198  81.323 0.3000000119
128057  38.425  -34.555  79.794 0.2000000030
141728  38.279  -34.760  79.422 0.6000000238
43479  32.635  -32.641  79.576 0.4000000060
42290  34.988  -33.227  80.877 0.2000000030
138887  37.811  -46.506  64.782 0.2000000030
31776  35.739  -44.048  65.132 0.2000000030
35813  30.377  -40.558  64.577 0.2000000030
34799  31.632  -41.446  64.397 0.2000000030
34797  32.928  -42.000  65.035 0.2000000030
37764  29.191  -38.545  64.260 0.3000000119
128203  33.792  -32.180  70.104 0.6000000238
146445  29.003  -37.144  64.370 0.3000000119
134859  29.299  -35.680  64.403 0.4000000060
44785  31.199  -30.856  66.483 0.6000000238
43579  35.349  -33.001  70.274 0.6000000238
146526  32.053  -32.428  72.563 0.5000000000
28667  42.289  -47.653  63.474 0.2000000030
43657  30.158  -32.127  64.588 0.4000000060
31816  39.346  -44.621  62.147 0.2000000030
34832  38.396  -41.769  61.219 0.2000000030
34843  38.107  -41.308  60.769 0.2000000030
35879  37.333  -40.506  59.557 0.2000000030
44627  36.193  -31.194  80.370 0.2000000030
44621  35.901  -31.466  81.297 0.2000000030
41251  37.621  -34.420  74.876 0.6999999881
42306  33.484  -32.964  79.649 0.4000000060
28654  38.693  -47.428  64.461 0.2000000030
27675  40.463  -48.438  63.573 0.2000000030
34798  32.341  -41.757  64.748 0.2000000030
33819  34.139  -42.858  64.093 0.2000000030
148569  36.153  -44.668  64.624 0.2000000030
32806  34.663  -43.111  64.672 0.2000000030
35812  30.911  -41.071  64.048 0.3000000119
36827  29.385  -39.337  63.762 0.3000000119
40474  29.354  -35.003  63.904 0.4000000060
42519  29.830  -33.319  63.902 0.4000000060
44804  32.340  -31.274  65.562 0.6000000238
44821  31.095  -31.370  64.790 0.5000000000
43630  33.882  -31.949  67.712 0.6999999881
43611  34.832  -32.593  68.761 0.6999999881
151327  40.402  -46.396  62.820 0.2000000030
43642  33.556  -31.844  66.831 0.6999999881
31817  38.421  -44.776  61.993 0.2000000030
138738  37.115  -43.793  61.195 0.2000000030
140905  36.142  -42.773  60.313 0.2000000030
35881  35.783  -41.062  59.035 0.2000000030
132117  37.592  -34.532  73.035 0.6999999881
42429  36.482  -34.029  70.851 0.6999999881
136227  40.413  -47.731  63.318 0.2000000030
28670  38.738  -47.001  63.794 0.2000000030
42353  31.976  -33.143  76.301 0.6000000238
33820  32.925  -42.165  63.640 0.2000000030
129266  28.814  -36.887  63.571 0.3000000119
44822  30.711  -31.796  64.375 0.4000000060
139194  30.933  -32.020  63.745 0.5000000000
33850  34.720  -42.908  60.509 0.2000000030
33864  35.052  -42.406  59.882 0.2000000030
34860  32.924  -41.521  59.415 0.2000000030
35882  32.179  -41.037  58.891 0.2000000030
34878  33.620  -41.308  58.781 0.2000000030
139890  31.710  -40.514  58.326 0.2000000030
34877  34.472  -41.395  58.926 0.2000000030
37871  30.033  -38.719  58.539 0.2000000030
36909  30.946  -39.588  57.667 0.2000000030
143212  31.436  -40.088  57.805 0.2000000030
35903  30.978  -40.116  58.379 0.2000000030
35901  33.343  -40.800  58.139 0.2000000030
35900  34.230  -40.851  58.279 0.2000000030
129832  32.254  -34.490  58.728 0.3000000119
139497  32.036  -34.642  58.940 0.3000000119
40530  33.896  -35.171  60.092 0.4000000060
36922  32.554  -39.396  56.189 0.2000000030
40343  38.695  -35.730  74.068 0.6999999881
40344  38.219  -35.040  74.494 0.6999999881
132568  38.017  -35.039  73.261 0.6999999881
41279  36.964  -34.307  71.479 0.6999999881
28668  41.414  -47.597  63.276 0.2000000030
31789  36.335  -45.047  63.775 0.2000000030
29678  39.165  -46.715  63.219 0.2000000030
30735  36.863  -45.383  63.099 0.3000000119
32818  35.164  -44.050  63.455 0.3000000119
135395  38.103  -45.478  62.534 0.2000000030
33828  33.509  -42.685  62.502 0.3000000119
33829  32.910  -42.256  62.782 0.3000000119
35820  30.793  -41.124  63.173 0.3000000119
138494  29.279  -39.394  62.823 0.3000000119
37781  28.980  -38.598  63.331 0.3000000119
41398  29.564  -34.139  63.667 0.4000000060
34823  31.458  -41.495  62.529 0.3000000119
139373  30.202  -40.677  61.848 0.3000000119
140874  28.876  -36.227  62.864 0.4000000060
32844  35.050  -43.460  61.001 0.2000000030
42536  29.988  -33.626  62.872 0.4000000060
43688  31.578  -32.127  63.363 0.5000000000
37815  28.860  -38.002  61.215 0.4000000060
39636  29.789  -36.656  58.858 0.3000000119
37903  31.472  -38.659  56.144 0.2000000030
37902  32.224  -38.938  55.788 0.2000000030
36920  34.717  -39.306  56.413 0.2000000030
37916  32.694  -38.451  55.226 0.2000000030
38608  40.028  -37.437  72.455 0.6999999881
38598  41.706  -37.343  74.264 0.8000000119
39468  39.379  -36.366  74.587 0.6999999881
39467  39.849  -36.946  73.847 0.6999999881
39479  38.985  -36.600  72.482 0.6999999881
40354  38.520  -35.739  73.079 0.6999999881
42473  34.994  -33.263  67.228 0.6999999881
43641  34.537  -33.060  66.367 0.6999999881
31828  36.171  -44.432  61.860 0.3000000119
147363  35.423  -44.244  62.380 0.3000000119
34835  31.709  -41.613  61.546 0.2000000030
34834  32.301  -41.939  62.173 0.3000000119
141721  30.939  -41.250  61.718 0.3000000119
136101  32.574  -41.778  60.290 0.2000000030
148522  32.889  -42.068  60.656 0.2000000030
36844  29.342  -39.487  61.917 0.4000000060
36858  29.529  -39.674  61.126 0.4000000060
35849  29.936  -40.345  60.987 0.2000000030
35884  30.430  -40.034  59.090 0.2000000030
38743  28.868  -36.969  61.215 0.4000000060
37872  29.739  -38.063  58.912 0.3000000119
40512  34.119  -35.474  60.486 0.4000000060
41539  31.875  -34.461  56.299 0.2000000030
133787  32.055  -36.686  54.613 0.2000000030
43744  33.310  -32.853  59.464 0.4000000060
39478  40.969  -37.245  72.353 0.6999999881
38627  40.145  -37.374  71.366 0.6999999881
38629  38.817  -37.471  70.448 0.6999999881
41288  36.310  -34.688  69.625 0.6999999881
42472  35.401  -33.967  67.792 0.6999999881
34847  31.839  -41.571  60.654 0.2000000030
36870  29.735  -39.814  60.356 0.2000000030
35865  30.359  -40.467  60.045 0.2000000030
36886  29.612  -39.097  59.846 0.3000000119
144833  29.968  -39.785  59.662 0.2000000030
37851  29.751  -38.690  59.205 0.3000000119
37852  29.494  -38.203  59.663 0.3000000119
42389  42.917  -34.167  73.653 0.6999999881
40362  42.162  -34.849  73.120 0.6999999881
39493  39.682  -37.143  70.215 0.6999999881
42413  41.393  -33.790  71.664 0.6999999881
140591  40.560  -35.576  71.223 0.6999999881
38641  39.181  -37.461  70.088 0.6999999881
39523  36.729  -37.138  68.600 0.6999999881
41278  40.526  -34.948  70.980 0.6999999881
40381  39.629  -36.264  69.745 0.6999999881
39506  38.751  -37.314  68.959 0.6999999881
138959  29.958  -35.027  60.166 0.3000000119
44861  34.960  -31.678  61.531 0.4000000060
43550  43.584  -32.360  72.802 0.6999999881
43549  44.434  -32.087  73.104 0.8999999762
44710  43.940  -31.495  71.296 0.8000000119
43562  41.714  -32.762  71.278 0.6999999881
41287  40.224  -34.577  70.448 0.6999999881
43578  40.765  -32.745  70.047 0.6999999881
41300  39.790  -34.128  69.739 0.6999999881
38674  35.990  -37.120  66.480 0.6999999881
41384  34.127  -35.384  64.106 0.6999999881
131276  40.342  -32.089  68.871 0.6999999881
42470  38.717  -32.987  67.899 0.6999999881
43640  37.718  -33.213  66.459 0.6000000238
39610  34.706  -36.337  62.159 0.6000000238
44833  37.080  -31.211  63.961 0.5000000000
44870  34.740  -31.228  60.944 0.4000000060
44689  46.139  -31.930  73.710 0.6999999881
38696  36.533  -37.052  66.007 0.6999999881
43592  40.513  -32.342  69.337 0.6999999881
44732  41.757  -31.377  69.187 0.6999999881
38698  35.608  -36.781  65.262 0.6999999881
45966  36.984  -29.866  62.155 0.4000000060
125508  46.220  -30.250  70.090 0.6999999881
38697  36.105  -36.886  65.368 0.6999999881
40460  36.299  -36.063  64.343 0.6000000238
45953  38.112  -30.004  63.263 0.4000000060
136359  45.111  -30.352  69.570 0.8000000119
136769  47.672  -29.001  69.086 0.6999999881
125507  45.379  -29.922  68.964 0.8000000119
125912  44.084  -30.127  68.346 0.8000000119
45882  43.526  -29.995  67.592 0.8000000119
45894  42.140  -30.071  66.570 0.8000000119
45906  41.996  -29.778  65.806 0.6999999881
47078  41.971  -29.402  64.244 0.6999999881
47090  41.212  -29.374  63.717 0.6000000238
45923  39.951  -30.049  64.874 0.6000000238
47110  37.617  -29.579  62.223 0.4000000060
47192  34.829  -28.923  54.094 0.2000000030
44966  36.429  -30.961  52.579 0.1000000015
43870  38.773  -32.422  52.794 0.1000000015
44964  38.085  -32.092  52.088 0.1000000015
146505  48.514  -29.192  70.346 0.6999999881
47003  49.803  -28.763  70.751 0.6999999881
47043  46.454  -28.940  67.394 0.8000000119
47044  45.650  -29.231  67.174 0.8000000119
47065  44.399  -29.159  65.400 0.8000000119
126487  43.641  -28.997  63.518 0.8000000119
145608  44.102  -28.988  63.874 0.8000000119
47120  41.617  -28.641  62.018 0.6000000238
48212  42.248  -28.520  61.230 0.5000000000
128499  41.182  -28.390  60.042 0.5000000000
48213  40.602  -28.598  61.644 0.5000000000
48245  39.663  -27.960  59.572 0.5000000000
149340  40.347  -28.058  59.110 0.5000000000
142586  39.832  -29.266  62.919 0.5000000000
48215  39.054  -28.684  61.530 0.5000000000
48230  38.890  -28.402  60.758 0.5000000000
48246  38.812  -27.677  59.250 0.5000000000
47092  39.463  -29.655  63.680 0.5000000000
48231  38.026  -28.366  60.556 0.5000000000
49403  37.765  -27.710  59.358 0.5000000000
49412  37.170  -27.572  58.716 0.5000000000
49424  37.469  -27.194  57.855 0.5000000000
47132  38.275  -28.654  61.180 0.5000000000
47123  38.110  -29.112  61.836 0.5000000000
150206  37.355  -28.567  60.572 0.5000000000
48261  36.957  -27.914  59.410 0.5000000000
125051  36.489  -26.899  56.644 0.3000000119
47133  37.376  -28.916  61.126 0.5000000000
49438  35.614  -27.309  56.277 0.3000000119
49462  35.346  -27.598  54.788 0.3000000119
50641  36.525  -26.847  54.514 0.1000000015
48320  35.317  -28.108  53.891 0.1000000015
48338  36.389  -28.660  52.311 0.1000000015
48319  35.760  -28.550  53.004 0.1000000015
44988  37.658  -31.366  51.517 0.1000000015
127337  51.167  -27.981  70.096 0.6000000238
47063  45.830  -28.787  65.511 0.8000000119
48188  44.980  -28.729  63.211 0.8000000119
47087  44.322  -28.870  63.281 0.8000000119
48209  44.396  -28.566  61.857 0.8000000119
48241  43.181  -28.297  59.806 0.6999999881
48243  41.905  -28.427  59.494 0.5000000000
48242  42.562  -28.329  59.200 0.6000000238
139519  41.411  -28.137  58.217 0.5000000000
137684  40.951  -27.864  57.698 0.5000000000
49409  40.148  -27.635  57.900 0.5000000000
49423  38.560  -27.060  57.475 0.5000000000
50602  38.143  -26.567  56.021 0.3000000119
50623  36.784  -26.625  55.173 0.1000000015
49477  36.978  -27.354  52.904 0.1000000015
48337  36.954  -28.732  51.699 0.1000000015
126110  49.884  -28.056  68.357 0.8000000119
48141  49.381  -28.029  67.507 0.8000000119
143550  47.288  -28.444  65.325 0.8000000119
126236  46.567  -28.569  64.989 0.8000000119
49392  44.737  -28.165  61.465 0.8000000119
49398  43.780  -28.091  60.135 0.6999999881
49407  43.049  -27.731  58.715 0.5000000000
48257  42.563  -28.118  58.593 0.5000000000
48271  42.052  -28.068  58.049 0.5000000000
49420  41.307  -27.553  57.215 0.4000000060
49421  40.530  -27.444  57.067 0.5000000000
139658  39.213  -26.953  56.789 0.4000000060
49434  39.913  -27.085  56.561 0.4000000060
50620  39.955  -26.455  55.571 0.3000000119
128546  39.406  -26.415  55.063 0.2000000030
50621  38.655  -26.510  55.231 0.2000000030
146784  38.207  -26.476  54.667 0.2000000030
50654  38.348  -26.537  53.202 0.1000000015
49288  51.015  -27.394  68.929 0.8000000119
51707  51.176  -26.423  69.365 0.8999999762
48173  47.912  -28.254  65.345 0.8000000119
49358  47.715  -27.630  64.394 0.8000000119
50536  46.884  -26.668  63.244 0.6999999881
50538  45.796  -27.475  62.244 0.8000000119
50571  44.293  -26.845  60.027 0.6999999881
49408  42.498  -27.644  58.174 0.5000000000
50584  42.460  -27.083  57.887 0.4000000060
50585  42.159  -26.812  57.496 0.4000000060
50600  40.988  -26.735  56.421 0.3000000119
140227  39.366  -26.132  54.370 0.2000000030
130701  38.906  -26.270  53.785 0.1000000015
151245  50.791  -25.095  71.375 0.6000000238
51708  50.762  -25.632  69.572 0.6999999881
49321  50.523  -27.479  67.046 0.8000000119
49337  50.199  -27.297  66.292 0.8000000119
49338  49.401  -27.609  65.910 0.8000000119
49357  48.435  -27.447  64.876 0.8000000119
51800  45.073  -25.891  60.621 0.6999999881
51801  44.549  -25.867  59.952 0.6999999881
53061  43.357  -24.601  58.221 0.6000000238
51841  42.926  -25.236  58.043 0.5000000000
53067  42.310  -24.466  57.210 0.4000000060
135645  41.383  -25.121  56.436 0.3000000119
51880  40.097  -25.279  55.032 0.3000000119
134497  40.576  -25.125  55.563 0.3000000119
53074  41.068  -24.408  55.920 0.3000000119
54300  40.729  -23.691  55.332 0.3000000119
53089  39.865  -24.499  54.493 0.3000000119
51713  50.805  -25.749  68.521 0.8000000119
134560  51.137  -26.403  67.667 0.8000000119
50462  51.175  -26.354  67.130 0.8000000119
50475  51.025  -26.412  66.618 0.8000000119
51775  46.135  -25.558  61.964 0.6999999881
51817  45.018  -25.150  60.251 0.6999999881
53033  45.481  -24.510  60.492 0.6999999881
54250  45.137  -23.654  59.371 0.6999999881
54264  44.557  -23.591  58.679 0.6000000238
54265  43.809  -23.830  58.225 0.6000000238
54276  42.869  -23.778  57.421 0.4000000060
54275  43.639  -23.263  57.579 0.5000000000
54299  41.304  -23.338  55.703 0.3000000119
55463  41.669  -22.512  55.374 0.3000000119
133992  49.955  -24.034  68.831 0.8000000119
128735  50.318  -23.900  67.880 0.8000000119
51719  51.203  -25.604  66.928 0.6999999881
52935  51.405  -24.631  66.699 0.8000000119
50489  51.109  -25.722  66.068 0.8000000119
51748  49.769  -25.269  64.917 0.8000000119
52989  47.794  -24.804  63.569 0.6999999881
53004  47.376  -24.262  62.850 0.6999999881
53018  47.048  -23.903  62.105 0.6999999881
54212  46.743  -23.603  61.312 0.6999999881
54249  45.843  -23.052  59.406 0.6999999881
55434  45.771  -22.451  58.158 0.6999999881
55444  44.499  -22.668  57.461 0.5000000000
140441  45.368  -22.295  57.474 0.6000000238
55462  42.552  -22.290  55.702 0.3000000119
55461  43.480  -22.149  55.976 0.3000000119
55470  42.212  -21.802  54.973 0.2000000030
56609  42.856  -21.364  54.422 0.2000000030
61158  47.016  -17.585  51.805 0.3000000119
61149  47.544  -17.214  52.389 0.4000000060
61157  47.931  -17.519  51.686 0.2000000030
60005  47.834  -18.542  50.522 0.2000000030
55237  49.884  -22.060  68.710 0.6999999881
55251  50.330  -22.243  67.913 0.6999999881
52934  52.269  -23.897  66.151 0.8000000119
52976  50.940  -24.216  65.037 0.8000000119
52975  51.905  -24.036  65.523 0.6999999881
52977  50.057  -24.440  64.630 0.6999999881
54183  48.980  -23.556  63.381 0.6999999881
52987  49.491  -23.939  64.055 0.6999999881
54195  47.832  -23.522  62.382 0.6999999881
55432  47.164  -21.928  59.003 0.6999999881
56574  46.392  -21.572  57.880 0.6999999881
56590  45.507  -21.469  56.448 0.4000000060
55460  44.141  -21.656  55.516 0.3000000119
59982  50.494  -18.594  52.403 0.2000000030
56608  43.962  -21.271  54.636 0.2000000030
57802  53.445  -20.408  54.667 0.1000000015
57820  51.870  -20.072  53.298 0.1000000015
58911  51.113  -18.996  53.108 0.2000000030
58910  51.625  -19.399  53.585 0.1000000015
61147  49.299  -17.331  52.278 0.3000000119
62344  47.974  -16.774  52.944 0.3000000119
61148  48.404  -17.133  52.296 0.3000000119
61135  46.495  -17.298  53.462 0.4000000060
61134  47.220  -17.008  53.133 0.4000000060
59984  46.177  -17.860  52.086 0.3000000119
59964  45.219  -18.453  54.289 0.4000000060
61119  45.658  -17.728  54.790 0.4000000060
59972  45.915  -17.743  52.959 0.3000000119
59985  45.460  -18.334  52.475 0.2000000030
60007  46.041  -18.626  50.724 0.1000000015
57622  50.660  -20.471  69.801 0.6999999881
56435  51.254  -20.954  68.902 0.6999999881
55250  51.213  -22.137  67.500 0.8000000119
55266  51.732  -22.915  66.959 0.8000000119
54124  53.134  -23.302  65.978 0.8000000119
55265  53.109  -22.813  66.613 0.8000000119
54141  52.781  -23.417  65.652 0.6999999881
54181  51.251  -22.980  64.108 0.6999999881
55369  48.065  -22.555  61.071 0.6999999881
55415  48.040  -21.894  59.892 0.6999999881
56553  48.344  -21.404  60.288 0.6999999881
56563  47.873  -21.343  59.677 0.6999999881
133780  47.989  -19.964  60.677 0.6999999881
57743  47.459  -20.662  59.456 0.6999999881
58871  46.437  -20.018  58.367 0.6000000238
57779  45.729  -20.831  56.386 0.5000000000
143633  46.416  -18.310  58.205 0.5000000000
59941  45.679  -19.440  57.142 0.4000000060
58877  46.026  -20.129  57.568 0.5000000000
58883  45.731  -20.231  56.909 0.4000000060
57791  45.330  -20.525  55.595 0.4000000060
57788  54.149  -20.422  56.193 0.1000000015
59949  45.904  -18.392  57.335 0.5000000000
61087  45.725  -17.994  56.483 0.5000000000
61086  46.317  -17.508  56.958 0.5000000000
59950  45.479  -18.841  56.561 0.5000000000
129998  45.241  -19.077  55.931 0.4000000060
58892  45.158  -19.673  55.420 0.4000000060
62289  46.812  -16.765  55.756 0.5000000000
133406  46.263  -17.337  56.130 0.5000000000
61102  46.256  -17.215  55.297 0.5000000000
58898  44.965  -19.380  54.641 0.3000000119
141691  48.255  -16.541  53.491 0.5000000000
62304  47.311  -16.576  54.447 0.4000000060
61117  47.015  -16.902  53.808 0.4000000060
61118  46.450  -17.126  54.383 0.5000000000
57821  44.345  -20.331  53.770 0.2000000030
62303  48.061  -16.344  54.101 0.5000000000
57834  44.133  -20.042  52.955 0.2000000030
144654  51.767  -17.881  54.872 0.1000000015
57613  51.697  -20.041  70.382 0.4000000060
56433  53.832  -21.336  69.363 0.6000000238
55248  53.937  -22.330  67.411 0.8000000119
55264  54.072  -22.508  66.768 0.8000000119
129322  53.833  -22.829  65.997 0.8000000119
54123  53.408  -23.041  65.723 0.8000000119
55291  53.664  -22.628  65.558 0.8000000119
56501  53.076  -22.379  64.940 0.8000000119
56502  52.303  -22.065  64.395 0.6999999881
55330  51.066  -22.354  63.669 0.6999999881
56518  51.503  -21.879  63.865 0.6999999881
55348  50.370  -22.243  63.154 0.6999999881
151124  49.708  -21.839  62.334 0.6999999881
56531  50.093  -21.622  62.756 0.6999999881
129858  50.147  -20.191  63.319 0.8000000119
57697  49.385  -20.478  62.245 0.6999999881
56532  49.540  -21.357  62.149 0.6999999881
149610  58.836  -20.179  59.263 0.1000000015
59881  49.350  -18.635  62.460 0.8000000119
59895  48.394  -18.662  61.308 0.8000000119
58836  48.361  -19.607  61.268 0.6999999881
59880  49.901  -18.115  62.999 0.8000000119
59908  48.091  -18.368  60.744 0.6999999881
59909  47.580  -18.637  60.238 0.6999999881
59929  46.907  -18.173  58.963 0.6000000238
57766  55.292  -20.439  57.557 0.1000000015
128529  48.429  -16.346  58.212 0.5000000000
61053  47.104  -17.454  58.260 0.5000000000
62260  47.699  -16.709  57.815 0.5000000000
63415  48.903  -15.742  57.828 0.5000000000
58876  53.856  -19.608  57.250 0.1000000015
149332  53.097  -18.162  56.103 0.1000000015
63425  48.664  -15.337  56.007 0.5000000000
62274  48.035  -15.878  56.527 0.5000000000
149239  47.926  -15.856  55.664 0.5000000000
62275  47.406  -16.332  56.141 0.5000000000
61100  52.755  -18.099  55.757 0.1000000015
62301  52.623  -16.880  54.112 0.1000000015
64582  49.496  -14.695  55.871 0.5000000000
63439  48.478  -15.555  55.130 0.5000000000
140346  49.058  -15.394  54.610 0.5000000000
127824  50.539  -16.007  53.678 0.2000000030
62302  51.710  -16.852  54.160 0.1000000015
63451  50.097  -14.790  54.072 0.5000000000
63469  50.261  -15.266  53.697 0.4000000060
56448  55.182  -21.930  68.345 0.6999999881
148134  54.306  -21.783  68.766 0.6000000238
56488  53.973  -22.191  65.713 0.8000000119
56447  55.482  -21.520  69.095 0.6999999881
57639  55.608  -21.181  67.969 0.8000000119
137339  52.682  -20.711  65.369 0.8000000119
142641  52.116  -20.737  64.832 0.8000000119
58788  51.923  -19.942  65.206 0.8000000119
58802  50.920  -19.691  64.355 0.8000000119
58812  50.442  -19.506  63.824 0.6999999881
61003  50.058  -17.028  61.867 0.8000000119
59947  53.853  -18.618  57.039 0.1000000015
58766  56.374  -20.278  69.160 0.6000000238
58767  55.862  -20.103  68.414 0.8000000119
132969  54.069  -20.779  66.517 0.8000000119
58775  54.152  -19.937  67.072 0.8000000119
59834  53.647  -18.813  66.883 0.8000000119
58777  52.907  -18.944  66.390 0.8000000119
59848  52.397  -18.485  65.848 0.8000000119
60968  52.675  -17.511  65.514 0.8000000119
59870  50.915  -17.948  64.114 0.8999999762
60979  51.627  -17.514  64.418 0.8999999762
60985  52.106  -16.796  63.909 0.8999999762
60992  51.055  -16.881  62.874 0.8999999762
62185  52.064  -15.749  61.978 0.8999999762
62170  50.754  -16.636  62.142 0.8000000119
62187  50.513  -16.487  61.381 0.8000000119
62208  50.146  -16.402  60.607 0.6999999881
62207  50.707  -15.880  60.200 0.8000000119
127509  49.446  -16.613  60.052 0.6999999881
64581  50.230  -14.203  55.342 0.5000000000
64597  49.635  -14.729  54.748 0.5000000000
65695  50.869  -13.801  54.935 0.5000000000
57756  55.222  -20.095  58.408 0.1000000015
58875  54.334  -19.631  57.708 0.1000000015
59936  57.542  -18.271  58.016 0.1000000015
64613  52.033  -14.308  52.885 0.4000000060
63487  52.802  -15.066  52.664 0.1000000015
127603  57.854  -17.810  57.341 0.1000000015
62320  53.238  -16.252  53.403 0.1000000015
62299  54.582  -16.816  54.252 0.1000000015
61114  53.950  -17.372  54.841 0.1000000015
147097  53.302  -14.574  52.675 0.2000000030
65712  53.318  -13.664  52.819 0.2000000030
63450  55.290  -16.041  53.903 0.1000000015
63465  54.646  -15.236  53.270 0.2000000030
64612  54.048  -14.422  52.835 0.2000000030
125836  53.729  -12.737  53.151 0.3000000119
66812  54.634  -12.613  53.104 0.3000000119
139901  54.327  -18.225  67.186 0.8000000119
60951  53.882  -17.686  66.589 0.8000000119
62126  54.033  -16.517  65.185 0.8999999762
64513  53.845  -14.535  61.143 0.8000000119
128328  52.520  -14.609  59.420 0.8000000119
62155  52.587  -16.263  63.472 0.8999999762
66785  52.593  -12.474  55.208 0.6999999881
67848  54.237  -11.219  53.893 0.5000000000
59814  56.628  -19.312  68.856 0.6000000238
59821  56.953  -18.365  68.485 0.6999999881
60949  55.851  -17.309  67.110 0.6999999881
60966  54.421  -16.903  66.019 0.8000000119
143276  54.253  -15.317  63.362 0.8999999762
63334  54.862  -14.746  63.071 0.8999999762
64502  54.876  -14.480  62.351 0.8999999762
65645  53.567  -13.608  58.573 0.6999999881
66764  53.411  -12.810  57.467 0.6999999881
66763  54.181  -12.438  57.840 0.6999999881
66774  53.219  -12.319  56.564 0.6999999881
59928  54.553  -19.167  57.993 0.1000000015
139017  54.592  -18.506  57.261 0.1000000015
60930  57.331  -17.550  68.070 0.6000000238
62125  54.944  -16.311  65.430 0.8999999762
63302  55.665  -15.246  64.332 0.8999999762
63303  54.789  -15.520  64.158 0.8999999762
62139  54.466  -15.984  64.671 0.8999999762
64501  55.504  -14.364  62.798 0.8999999762
147722  55.822  -13.676  61.820 0.8999999762
64519  54.913  -13.864  61.220 0.8999999762
65624  55.029  -13.553  60.548 0.8999999762
149617  54.583  -13.643  60.126 0.8000000119
65634  53.992  -13.881  60.002 0.8000000119
65635  53.791  -13.784  59.260 0.8000000119
65643  54.810  -13.051  59.225 0.8000000119
67813  55.667  -11.817  58.419 0.6999999881
67821  55.276  -11.369  57.755 0.6999999881
68875  55.202  -10.197  55.703 0.6999999881
71180  61.218  -8.427  50.460 0.4000000060
72218  60.689  -8.192  50.636 0.5000000000
64500  56.923  -13.778  63.121 0.8999999762
65601  56.809  -13.515  62.397 0.8999999762
65612  57.192  -13.153  61.970 0.8999999762
65584  57.785  -13.602  63.587 0.8000000119
66704  56.879  -12.887  61.256 0.8999999762
66734  56.303  -12.489  59.777 0.8999999762
64487  58.157  -13.849  64.534 0.6999999881
66663  59.316  -12.513  63.633 0.6999999881
66719  58.388  -11.935  61.300 1.0000000000
66733  57.088  -12.118  60.062 0.8999999762
67811  57.157  -11.136  58.972 1.0000000000
68846  56.791  -10.759  58.295 0.8999999762
72152  63.002  -7.041  58.036 0.8999999762
140454  59.644  -8.457  53.777 0.6000000238
65582  59.740  -12.497  64.663 0.6999999881
67751  60.803  -11.075  63.579 0.6000000238
145537  59.369  -11.373  61.514 0.8000000119
68834  59.054  -10.228  59.751 1.0000000000
68844  58.344  -9.987  58.942 1.0000000000
71066  61.709  -7.925  58.654 1.0000000000
73183  63.901  -5.716  58.874 0.8000000119
67778  60.286  -10.975  62.132 0.6000000238
69890  61.010  -9.384  60.905 0.6999999881
74343  62.631  -5.490  52.497 0.6000000238
69879  60.986  -9.351  62.469 0.4000000060
69889  61.500  -9.103  61.676 0.6999999881
68800  61.259  -9.770  62.629 0.5000000000
67764  61.025  -10.416  62.972 0.6000000238
75369  65.393  -3.901  56.371 0.6999999881
132388  65.738  -3.484  55.585 0.6999999881
75378  65.518  -3.611  54.618 0.6999999881
75371  62.511  -3.695  56.233 0.3000000119
77519  65.641  -1.882  55.888 0.4000000060
143270  65.096  -1.880  56.004 0.4000000060
77582  66.112  -2.459  50.414 0.5000000000
76479  64.261  -2.166  55.766 0.5000000000
44614  35.236  -31.170  81.796 0.2000000030
43469  34.388  -32.706  81.256 0.2000000030
43456  35.544  -31.996  81.712 0.3000000119
43457  34.786  -32.093  81.939 0.2000000030
42307  32.867  -32.905  78.979 0.4000000060
42320  32.623  -32.955  78.270 0.5000000000
63414  49.424  -15.261  57.397 0.5000000000
62247  49.158  -16.032  58.601 0.5000000000
148353  50.933  -13.897  54.324 0.5000000000
63468  51.131  -15.241  53.256 0.4000000060
131267  49.215  -15.094  56.636 0.5000000000
61099  54.264  -17.670  55.590 0.1000000015
62305  46.812  -16.753  55.044 0.5000000000
62288  47.358  -16.372  55.322 0.5000000000
40296  39.918  -35.434  78.665 0.5000000000
41197  39.418  -35.046  79.303 0.4000000060
132770  39.420  -34.169  78.910 0.2000000030
44615  34.885  -31.455  82.049 0.2000000030
41214  39.941  -34.861  78.809 0.4000000060
43476  37.889  -32.689  79.949 0.2000000030
42328  39.724  -34.026  77.712 0.3000000119
43483  38.347  -32.905  79.034 0.2000000030
42327  40.616  -34.665  77.709 0.4000000060
42348  39.063  -33.231  76.966 0.2000000030
42345  41.444  -33.832  76.794 0.3000000119
145651  41.028  -34.336  77.072 0.3000000119
42346  40.492  -33.855  76.705 0.2000000030
45718  33.673  -30.623  82.498 0.1000000015
138826  33.419  -31.401  82.117 0.2000000030
44625  37.419  -31.952  79.636 0.2000000030
44626  36.863  -31.494  79.799 0.1000000015
44632  37.116  -31.623  78.995 0.1000000015
138011  38.510  -32.742  77.222 0.2000000030
43491  38.105  -32.483  77.889 0.2000000030
44631  37.616  -32.114  78.752 0.2000000030
44640  36.594  -31.381  77.576 0.1000000015
44639  37.339  -31.868  77.460 0.2000000030
44652  36.732  -31.473  76.655 0.1000000015
43504  40.892  -33.093  76.013 0.3000000119
42362  39.976  -33.052  75.788 0.2000000030
42347  39.697  -33.433  76.601 0.2000000030
43507  38.011  -32.247  76.857 0.2000000030
44651  37.487  -31.794  76.348 0.2000000030
43506  38.665  -32.583  76.425 0.2000000030
44650  38.245  -32.062  75.949 0.2000000030
41151  22.164  -34.554  87.258 0.1000000015
40269  21.699  -35.006  86.841 0.1000000015
39424  21.480  -35.774  86.281 0.1000000015
145406  21.785  -35.222  86.329 0.1000000015
40276  21.304  -35.988  85.903 0.1000000015
45725  34.961  -30.525  81.582 0.1000000015
45717  34.421  -30.610  82.192 0.1000000015
146982  36.147  -31.050  79.351 0.1000000015
45746  35.519  -30.754  79.698 0.1000000015
44633  36.490  -31.242  78.565 0.1000000015
44641  35.975  -31.051  77.716 0.1000000015
45759  35.525  -30.812  78.447 0.1000000015
45775  35.296  -30.725  77.223 0.1000000015
44653  36.005  -31.132  76.905 0.1000000015
129912  35.501  -30.849  76.439 0.1000000015
43517  39.145  -32.346  75.626 0.2000000030
126182  36.951  -31.495  75.761 0.1000000015
44668  36.073  -31.154  75.941 0.1000000015
146377  40.549  -32.443  75.517 0.2000000030
43516  39.955  -32.169  75.259 0.2000000030
44666  37.740  -31.682  75.466 0.2000000030
45794  35.752  -30.955  75.040 0.1000000015
44665  38.569  -31.785  75.160 0.1000000015
44679  37.963  -31.522  74.565 0.1000000015
146890  37.250  -31.475  75.068 0.1000000015
41156  21.817  -34.431  86.795 0.1000000015
41152  21.772  -34.356  87.058 0.1000000015
42244  22.443  -33.486  87.466 0.1000000015
142726  23.155  -34.783  87.214 0.1000000015
42243  23.577  -33.180  87.495 0.1000000015
46790  33.820  -29.909  82.502 0.1000000015
46804  34.185  -29.912  82.156 0.1000000015
46819  34.284  -29.917  81.195 0.1000000015
46838  32.930  -29.307  79.626 0.1000000015
46837  33.570  -29.859  79.422 0.1000000015
129744  33.610  -29.565  80.471 0.1000000015
45735  34.150  -30.183  79.403 0.1000000015
45760  34.591  -30.436  77.869 0.1000000015
45748  33.807  -30.107  78.484 0.1000000015
43500  44.722  -32.793  77.008 0.3000000119
43501  43.756  -32.944  77.119 0.3000000119
137740  34.499  -30.367  76.888 0.1000000015
45761  33.785  -30.112  77.376 0.1000000015
44649  43.210  -31.954  76.636 0.2000000030
143068  35.002  -30.557  76.458 0.1000000015
43515  42.326  -32.032  76.174 0.3000000119
43503  41.796  -32.899  76.340 0.3000000119
44663  40.676  -31.773  75.107 0.3000000119
44667  36.545  -31.273  75.099 0.1000000015
45795  35.204  -30.673  75.732 0.1000000015
44664  39.390  -31.793  74.948 0.1000000015
44680  37.078  -31.368  74.420 0.1000000015
45811  36.256  -31.160  74.333 0.1000000015
42245  22.027  -33.538  87.182 0.1000000015
42248  21.907  -33.757  87.041 0.1000000015
42252  22.550  -33.598  86.075 0.1000000015
49142  27.442  -26.583  83.761 0.3000000119
142979  23.118  -34.089  87.443 0.1000000015
40275  23.351  -35.075  84.617 0.1000000015
43420  24.686  -32.738  87.038 0.1000000015
49143  26.811  -27.477  83.918 0.3000000119
44583  25.834  -31.751  85.829 0.1000000015
46791  33.069  -29.118  82.691 0.1000000015
45709  27.184  -30.139  84.439 0.3000000119
46781  27.436  -29.563  85.057 0.2000000030
44593  27.196  -31.340  85.471 0.1000000015
46805  33.528  -29.360  82.389 0.1000000015
46821  33.175  -28.972  80.821 0.1000000015
46851  32.982  -29.741  77.834 0.1000000015
142584  33.128  -29.706  78.747 0.1000000015
46867  33.109  -29.817  76.844 0.1000000015
44648  44.125  -31.889  76.962 0.2000000030
45777  33.831  -30.080  76.456 0.1000000015
141720  41.381  -32.116  75.652 0.3000000119
125431  35.108  -30.615  74.940 0.1000000015
45796  34.525  -30.345  75.261 0.1000000015
44678  38.908  -31.571  74.415 0.1000000015
45827  36.832  -31.255  73.691 0.1000000015
45812  34.649  -30.383  74.466 0.1000000015
44692  38.545  -31.389  73.729 0.1000000015
45843  35.547  -30.599  72.302 0.1000000015
142183  35.429  -30.751  74.194 0.1000000015
137169  34.843  -30.451  73.807 0.1000000015
125388  36.113  -30.936  72.758 0.1000000015
142775  22.802  -31.802  87.576 0.1000000015
43415  23.803  -32.266  87.401 0.1000000015
41155  22.571  -34.311  85.802 0.1000000015
44584  24.788  -31.784  86.437 0.1000000015
41160  23.997  -34.562  83.992 0.1000000015
50321  27.775  -25.958  84.217 0.3000000119
45703  26.669  -31.144  85.722 0.1000000015
47943  33.053  -28.617  82.481 0.2000000030
45702  27.224  -30.347  85.678 0.1000000015
50322  27.394  -26.524  84.549 0.3000000119
49133  27.160  -27.345  84.966 0.2000000030
47911  27.446  -27.955  85.877 0.2000000030
47953  32.901  -28.430  81.714 0.1000000015
47954  32.205  -27.849  81.347 0.1000000015
131130  27.554  -25.837  84.804 0.3000000119
47964  32.529  -28.589  80.441 0.1000000015
47965  31.830  -28.112  79.992 0.1000000015
47978  31.458  -28.492  78.837 0.1000000015
51556  27.786  -25.699  83.904 0.3000000119
51557  27.416  -25.306  83.982 0.3000000119
47977  32.172  -28.841  79.238 0.1000000015
44660  43.639  -31.291  76.311 0.2000000030
45791  43.964  -30.863  75.898 0.2000000030
45792  43.172  -30.968  75.594 0.2000000030
44661  42.831  -31.403  75.932 0.2000000030
46853  31.894  -29.031  78.266 0.1000000015
47990  31.295  -28.677  77.855 0.1000000015
44659  44.505  -31.207  76.593 0.2000000030
45793  42.436  -31.083  75.290 0.2000000030
150024  32.281  -29.417  77.832 0.1000000015
46869  31.779  -29.190  77.442 0.1000000015
48000  31.214  -28.833  76.981 0.1000000015
46868  32.375  -29.562  77.144 0.1000000015
133245  42.089  -30.810  74.606 0.2000000030
130410  42.105  -31.504  75.612 0.2000000030
45797  33.872  -30.061  75.630 0.1000000015
135118  40.077  -31.669  74.801 0.2000000030
46946  34.175  -30.099  73.841 0.1000000015
44693  37.658  -31.347  73.722 0.1000000015
45828  35.340  -30.649  73.220 0.1000000015
45829  34.637  -30.332  73.300 0.1000000015
151039  36.640  -31.133  73.093 0.1000000015
45855  35.012  -30.299  71.805 0.1000000015
138823  22.222  -32.317  87.495 0.1000000015
43417  22.156  -32.920  87.280 0.1000000015
43416  22.751  -32.727  87.570 0.1000000015
43418  21.946  -32.030  87.254 0.1000000015
43421  21.972  -32.824  87.069 0.1000000015
44579  23.811  -31.361  87.134 0.1000000015
43432  22.913  -32.849  85.156 0.1000000015
43454  18.720  -32.854  82.698 0.1000000015
138848  24.419  -30.792  86.073 0.1000000015
42262  23.644  -33.428  83.685 0.1000000015
41161  23.832  -33.978  84.164 0.1000000015
42272  20.197  -32.836  81.835 0.1000000015
46773  26.244  -29.138  86.387 0.1000000015
40278  24.055  -35.336  83.748 0.1000000015
147575  24.307  -34.520  82.977 0.1000000015
42282  20.512  -33.241  81.153 0.1000000015
47906  27.199  -27.523  86.330 0.2000000030
51560  28.066  -25.003  83.433 0.3000000119
50318  27.569  -26.164  85.435 0.2000000030
49123  27.486  -26.783  86.047 0.2000000030
51550  26.816  -25.478  86.099 0.2000000030
49171  31.083  -27.761  79.466 0.1000000015
125350  27.822  -24.893  82.889 0.3000000119
51554  26.904  -25.378  84.698 0.2000000030
151336  26.373  -25.637  84.200 0.2000000030
51552  26.579  -25.507  85.533 0.2000000030
51564  27.669  -25.085  81.897 0.3000000119
50331  26.990  -25.364  82.432 0.3000000119
50325  27.352  -25.094  83.310 0.3000000119
50326  26.468  -25.744  82.944 0.3000000119
47979  30.830  -28.068  78.347 0.1000000015
128944  30.139  -27.627  77.855 0.1000000015
50332  26.474  -26.130  81.330 0.3000000119
49167  25.664  -27.107  80.615 0.2000000030
45807  45.327  -30.424  75.565 0.3000000119
45790  44.879  -30.774  76.164 0.3000000119
45789  45.753  -30.561  76.251 0.3000000119
47991  30.675  -28.265  77.386 0.1000000015
44662  41.527  -31.302  74.972 0.3000000119
48001  30.608  -28.401  76.480 0.1000000015
48013  31.229  -28.946  76.131 0.1000000015
44676  40.622  -31.269  74.358 0.3000000119
46886  32.500  -29.592  76.315 0.1000000015
46885  33.225  -29.802  75.999 0.1000000015
46887  31.802  -29.306  76.632 0.1000000015
46927  32.965  -29.550  74.593 0.1000000015
143232  33.317  -29.805  75.285 0.1000000015
46905  32.664  -29.584  75.485 0.1000000015
46906  31.904  -29.354  75.795 0.1000000015
48026  31.305  -29.022  75.289 0.1000000015
46970  33.390  -29.484  72.766 0.1000000015
46947  33.648  -29.742  73.475 0.1000000015
139879  33.548  -29.735  74.065 0.1000000015
46928  32.057  -29.332  74.941 0.1000000015
45844  34.781  -30.334  72.619 0.1000000015
46993  34.177  -29.873  72.081 0.1000000015
46969  34.106  -30.021  73.012 0.1000000015
46948  33.054  -29.426  73.659 0.1000000015
46949  32.168  -29.070  73.980 0.1000000015
46994  33.439  -29.373  71.911 0.1000000015
48050  31.902  -28.539  71.856 0.1000000015
145320  32.060  -28.757  72.554 0.1000000015
148828  32.466  -28.758  71.570 0.1000000015
132707  22.180  -30.977  87.651 0.1000000015
44580  21.953  -31.615  87.562 0.1000000015
43425  22.437  -32.834  86.253 0.1000000015
43446  18.266  -32.590  83.492 0.1000000015
127204  29.859  -25.837  82.818 0.3000000119
151087  23.699  -30.567  86.657 0.1000000015
43453  19.809  -32.489  82.533 0.1000000015
43452  20.864  -32.325  82.460 0.1000000015
46774  24.818  -28.957  86.216 0.1000000015
49114  26.299  -26.600  86.622 0.1000000015
42270  23.899  -33.742  82.854 0.1000000015
134131  28.674  -24.966  82.102 0.3000000119
50313  26.089  -25.926  86.162 0.2000000030
49172  30.662  -27.071  80.081 0.2000000030
50335  28.015  -25.272  80.845 0.3000000119
49150  25.571  -26.732  82.642 0.2000000030
51555  26.289  -25.703  84.784 0.2000000030
49179  30.345  -27.433  78.915 0.2000000030
50344  27.138  -25.928  79.890 0.3000000119
50336  27.094  -25.743  80.779 0.3000000119
49159  25.581  -26.939  81.586 0.2000000030
49168  24.978  -27.743  81.044 0.2000000030
49180  29.643  -26.967  78.408 0.1000000015
128680  27.361  -26.010  79.000 0.2000000030
50345  26.447  -26.609  79.056 0.1000000015
50337  26.392  -26.489  80.177 0.1000000015
49175  25.658  -27.230  79.595 0.2000000030
49183  24.928  -27.926  79.060 0.1000000015
49187  29.347  -27.079  77.330 0.1000000015
49181  26.223  -26.950  78.195 0.1000000015
49182  25.673  -27.338  78.647 0.1000000015
46884  46.830  -30.428  76.324 0.3000000119
46904  46.383  -30.323  76.238 0.3000000119
45810  41.400  -30.882  74.255 0.3000000119
49186  30.036  -27.758  76.889 0.1000000015
50354  26.961  -26.431  78.074 0.1000000015
49189  26.420  -26.953  77.463 0.1000000015
124911  46.773  -29.717  76.029 0.2000000030
46921  46.555  -29.573  74.957 0.3000000119
45806  46.157  -30.127  75.732 0.3000000119
46922  45.819  -30.101  74.752 0.3000000119
46923  44.886  -30.264  74.611 0.3000000119
49193  29.925  -27.845  75.908 0.1000000015
44690  39.990  -31.096  73.678 0.2000000030
44677  39.723  -31.465  74.324 0.2000000030
48014  30.630  -28.545  75.610 0.1000000015
44691  39.286  -31.355  73.815 0.1000000015
142911  30.451  -28.320  74.018 0.1000000015
45825  38.208  -31.167  72.973 0.1000000015
129849  31.470  -28.974  74.553 0.1000000015
48036  30.561  -28.260  73.399 0.1000000015
48035  31.161  -28.670  73.846 0.1000000015
48052  30.662  -28.137  72.657 0.1000000015
45826  37.334  -31.184  73.022 0.1000000015
48051  31.424  -28.473  72.551 0.1000000015
125854  33.897  -29.477  71.273 0.1000000015
132009  33.042  -28.991  71.290 0.1000000015
47013  32.215  -28.536  70.996 0.1000000015
48068  31.355  -28.179  71.224 0.1000000015
133676  31.075  -28.170  71.959 0.1000000015
48088  31.533  -28.150  70.410 0.1000000015
45681  21.637  -30.155  87.764 0.1000000015
44581  21.500  -31.093  87.367 0.1000000015
142565  22.090  -32.161  86.427 0.1000000015
125892  22.442  -30.071  87.479 0.1000000015
44597  20.170  -30.863  85.445 0.1000000015
44612  20.050  -31.515  83.862 0.1000000015
43435  18.916  -31.783  83.970 0.1000000015
51566  29.097  -25.249  81.602 0.3000000119
142351  23.209  -29.906  86.763 0.1000000015
45695  24.012  -29.896  85.964 0.1000000015
44611  21.121  -31.511  83.923 0.1000000015
43444  20.475  -31.918  83.153 0.1000000015
43451  21.860  -32.405  82.489 0.1000000015
46775  23.579  -28.880  86.209 0.1000000015
146115  23.267  -32.960  84.263 0.1000000015
43434  22.049  -31.858  84.117 0.1000000015
43442  22.408  -32.287  83.334 0.1000000015
131210  25.689  -28.174  86.551 0.1000000015
41164  24.050  -34.027  82.105 0.1000000015
50316  25.247  -26.562  85.787 0.1000000015
143110  27.824  -25.618  79.778 0.3000000119
49151  24.787  -27.580  82.966 0.2000000030
45809  43.390  -30.581  75.003 0.2000000030
45822  42.627  -30.539  74.213 0.2000000030
50350  29.982  -26.711  79.494 0.3000000119
50351  29.252  -26.357  79.021 0.3000000119
49160  24.893  -27.624  81.985 0.2000000030
49176  25.005  -27.837  80.100 0.2000000030
50364  28.936  -26.499  78.022 0.1000000015
45808  44.350  -30.521  75.352 0.3000000119
47983  25.185  -27.842  78.219 0.1000000015
133106  40.880  -30.706  73.547 0.3000000119
50367  27.009  -26.554  77.236 0.1000000015
47999  47.595  -29.018  75.767 0.3000000119
48011  47.486  -28.542  75.529 0.3000000119
48012  47.151  -29.026  75.538 0.3000000119
46942  45.326  -29.934  73.841 0.3000000119
46941  46.121  -29.679  73.883 0.2000000030
124941  40.112  -30.740  73.056 0.2000000030
49194  29.409  -27.331  76.471 0.1000000015
50379  27.419  -26.509  76.596 0.1000000015
49197  25.904  -27.450  76.817 0.1000000015
48024  47.385  -28.260  75.111 0.3000000119
48025  47.055  -28.930  74.760 0.3000000119
46940  46.716  -29.165  73.895 0.2000000030
126092  29.062  -27.173  75.755 0.1000000015
50395  26.967  -26.724  75.950 0.1000000015
48034  47.228  -28.320  74.016 0.1000000015
48047  46.769  -28.687  72.895 0.1000000015
46962  46.283  -29.271  73.165 0.1000000015
45824  39.238  -31.043  73.087 0.1000000015
49225  47.236  -28.032  73.038 0.1000000015
49236  47.019  -28.035  72.245 0.1000000015
135311  30.698  -28.597  74.702 0.1000000015
139390  30.438  -27.871  72.041 0.1000000015
48069  30.612  -27.875  71.432 0.1000000015
46766  22.639  -29.075  86.859 0.1000000015
47902  23.067  -28.249  86.319 0.1000000015
130161  24.847  -27.142  86.100 0.1000000015
42271  23.082  -33.121  81.952 0.1000000015
50343  28.582  -25.543  80.296 0.3000000119
50314  25.467  -26.607  86.240 0.1000000015
49146  23.946  -27.983  84.407 0.1000000015
50342  28.933  -25.853  79.639 0.3000000119
49145  24.679  -27.532  84.042 0.2000000030
49152  24.143  -28.199  83.351 0.1000000015
139204  23.734  -28.836  81.898 0.2000000030
125543  28.180  -25.764  79.200 0.2000000030
47948  24.383  -28.356  81.488 0.2000000030
50352  28.533  -26.088  78.610 0.3000000119
50353  27.805  -26.018  78.287 0.1000000015
47959  24.439  -28.418  80.600 0.2000000030
47971  24.419  -28.465  79.734 0.2000000030
46924  43.944  -30.248  74.426 0.2000000030
50366  27.583  -26.305  77.449 0.1000000015
49188  28.643  -26.558  77.281 0.1000000015
49190  25.728  -27.444  77.786 0.1000000015
49195  28.672  -26.771  76.520 0.1000000015
49196  26.689  -26.853  76.691 0.1000000015
136145  47.553  -27.416  74.671 0.3000000119
49224  47.396  -27.356  73.656 0.1000000015
146336  27.999  -26.483  76.280 0.1000000015
50414  47.637  -26.436  74.306 0.1000000015
49235  47.327  -27.395  72.631 0.1000000015
49245  47.207  -27.454  71.872 0.1000000015
129034  37.744  -30.877  72.334 0.1000000015
49204  29.436  -27.649  75.061 0.1000000015
48027  29.952  -28.032  74.461 0.1000000015
48037  29.909  -27.922  73.703 0.1000000015
143183  23.516  -27.692  85.985 0.1000000015
49125  23.187  -27.691  85.986 0.1000000015
49135  23.659  -27.664  85.510 0.1000000015
148091  42.339  -30.380  73.597 0.2000000030
45837  41.446  -30.367  73.048 0.3000000119
47949  23.807  -28.877  81.040 0.2000000030
45823  41.841  -30.542  73.772 0.3000000119
47960  23.866  -28.923  80.198 0.1000000015
136223  24.236  -28.612  78.948 0.1000000015
50365  28.256  -26.245  77.728 0.1000000015
46963  45.517  -29.581  73.011 0.2000000030
50378  28.089  -26.376  76.943 0.1000000015
50387  48.075  -26.842  75.221 0.3000000119
147673  47.852  -26.854  74.957 0.3000000119
48062  46.474  -28.509  71.896 0.1000000015
49205  28.260  -26.730  75.702 0.1000000015
50394  27.596  -26.608  75.775 0.1000000015
51642  47.849  -25.433  74.509 0.1000000015
52819  48.325  -24.324  75.150 0.2000000030
51627  48.149  -25.168  75.025 0.2000000030
52842  47.823  -24.764  73.837 0.1000000015
51656  47.627  -25.661  73.495 0.1000000015
51671  47.543  -25.923  72.369 0.1000000015
50423  47.474  -26.586  73.097 0.1000000015
52855  47.836  -24.069  72.110 0.1000000015
50429  47.441  -26.795  72.058 0.1000000015
50430  47.215  -27.073  71.145 0.1000000015
54066  50.714  -23.629  73.252 0.5000000000
54075  47.848  -23.515  71.475 0.1000000015
133473  47.705  -24.911  72.531 0.1000000015
51684  47.611  -25.413  71.652 0.1000000015
128478  47.491  -26.191  71.412 0.1000000015
138098  50.284  -22.800  72.760 0.4000000060
54067  47.921  -23.340  72.400 0.1000000015
52869  47.740  -24.519  71.196 0.1000000015
48087  32.325  -28.452  70.093 0.1000000015
45839  39.720  -30.598  72.389 0.1000000015
45850  39.372  -30.422  71.787 0.1000000015
45840  38.735  -30.726  72.225 0.1000000015
48048  46.041  -29.079  72.390 0.1000000015
46995  32.694  -29.008  72.142 0.1000000015
49246  46.811  -27.853  71.451 0.1000000015
125966  27.833  -26.743  75.022 0.1000000015
52830  48.033  -24.562  74.751 0.1000000015
127079  48.019  -23.896  74.173 0.1000000015
54044  50.544  -23.302  74.693 0.3000000119
54031  48.939  -23.373  75.514 0.3000000119
54032  48.509  -23.518  75.252 0.1000000015
54046  48.173  -23.044  74.508 0.1000000015
54057  48.015  -23.190  73.449 0.1000000015
129496  47.934  -24.047  73.080 0.1000000015
50437  47.339  -26.331  70.575 0.1000000015
49215  29.096  -27.470  74.150 0.1000000015
136164  50.623  -22.580  73.725 0.4000000060
54056  50.973  -23.363  74.018 0.4000000060
55207  47.977  -22.464  72.727 0.1000000015
51697  47.577  -25.537  70.815 0.1000000015
55217  47.896  -22.689  71.756 0.1000000015
149154  47.783  -23.652  70.740 0.1000000015
52884  47.681  -24.099  70.207 0.1000000015
57552  49.658  -19.853  73.897 0.2000000030
56406  47.723  -21.055  70.864 0.1000000015
134248  47.738  -21.858  70.411 0.1000000015
58726  50.404  -18.455  72.966 0.3000000119
137245  49.800  -19.231  73.233 0.2000000030
58709  49.627  -19.140  73.407 0.2000000030
55228  47.801  -22.781  70.789 0.1000000015
54091  47.599  -23.741  69.602 0.1000000015
137989  44.509  -30.013  73.716 0.2000000030
45838  40.712  -30.410  72.536 0.2000000030
149330  44.958  -29.840  73.282 0.2000000030
45842  36.345  -30.731  71.992 0.1000000015
128515  28.601  -27.063  74.971 0.1000000015
54030  49.869  -23.337  75.399 0.3000000119
55170  48.707  -22.738  75.392 0.2000000030
55183  48.302  -22.226  74.932 0.1000000015
55196  48.132  -22.265  73.855 0.1000000015
134661  50.181  -22.528  75.204 0.2000000030
56341  48.892  -21.972  75.572 0.2000000030
148543  48.602  -22.269  75.308 0.2000000030
150908  48.042  -21.982  73.174 0.1000000015
55168  50.192  -21.716  75.149 0.2000000030
56355  49.698  -20.897  75.330 0.2000000030
57536  48.279  -20.511  74.191 0.1000000015
56375  48.092  -21.441  73.578 0.1000000015
136175  47.923  -21.990  72.035 0.1000000015
140635  47.617  -24.940  70.166 0.1000000015
56374  50.093  -20.604  74.196 0.3000000119
57534  49.337  -20.142  75.021 0.2000000030
57554  48.068  -19.840  73.410 0.1000000015
134151  47.884  -21.101  71.901 0.1000000015
132868  47.685  -23.315  70.088 0.1000000015
60837  49.752  -17.871  72.997 0.2000000030
59750  49.116  -19.177  74.026 0.2000000030
58712  48.415  -19.200  73.621 0.1000000015
57573  47.904  -20.008  72.325 0.1000000015
56420  47.663  -21.032  69.985 0.1000000015
55238  47.678  -22.484  69.877 0.1000000015
126950  49.168  -17.476  71.696 0.2000000030
59782  48.433  -18.045  71.887 0.1000000015
58739  47.883  -19.095  71.595 0.1000000015
151385  47.828  -19.397  70.685 0.1000000015
57596  47.817  -20.141  71.275 0.1000000015
56437  47.650  -21.139  69.195 0.1000000015
139436  47.671  -21.743  69.690 0.1000000015
60879  48.472  -17.699  70.904 0.1000000015
60866  48.266  -17.977  71.071 0.1000000015
59791  47.967  -18.209  70.386 0.1000000015
58761  47.788  -19.160  69.767 0.1000000015
57615  47.773  -20.152  70.331 0.1000000015
46925  43.268  -30.354  74.098 0.2000000030
46944  42.839  -30.194  73.352 0.2000000030
48049  45.185  -29.270  72.172 0.1000000015
140911  47.440  -25.768  70.009 0.1000000015
55252  47.594  -22.104  68.985 0.1000000015
140052  48.098  -17.792  69.970 0.1000000015
60893  47.813  -18.074  69.311 0.1000000015
59804  47.780  -18.312  68.940 0.1000000015
143442  47.772  -18.620  69.032 0.1000000015
57624  47.623  -19.271  68.677 0.1000000015
57623  47.728  -20.146  69.412 0.1000000015
57632  47.575  -20.383  68.594 0.1000000015
60892  47.941  -17.867  69.260 0.1000000015
60894  47.742  -18.148  68.467 0.1000000015
58762  47.515  -18.838  68.041 0.1000000015
56453  47.226  -20.885  67.824 0.1000000015
56452  47.516  -21.316  68.530 0.1000000015
134012  47.210  -19.015  67.722 0.1000000015
57633  47.299  -19.737  67.930 0.1000000015
57641  46.913  -20.036  67.307 0.1000000015
136018  44.473  -29.681  72.752 0.1000000015
147911  44.584  -29.310  72.074 0.1000000015
127443  46.929  -26.933  70.270 0.1000000015
52902  47.533  -24.408  69.481 0.1000000015
135060  47.574  -23.065  69.304 0.1000000015
60912  47.804  -17.848  68.688 0.1000000015
59815  47.485  -18.341  67.906 0.1000000015
58768  46.899  -18.674  67.287 0.1000000015
148447  46.909  -19.247  67.420 0.1000000015
58778  46.458  -19.317  66.957 0.1000000015
51714  47.375  -25.234  69.377 0.1000000015
63245  55.839  -15.211  68.984 0.4000000060
63246  54.879  -15.411  68.735 0.3000000119
63260  54.504  -15.171  67.931 0.3000000119
62078  53.529  -16.241  68.958 0.2000000030
63248  53.168  -16.051  68.072 0.2000000030
62099  51.578  -16.862  67.393 0.1000000015
62100  50.785  -17.292  67.101 0.1000000015
60934  48.979  -17.867  67.639 0.1000000015
60935  47.990  -17.947  67.974 0.1000000015
60936  47.393  -17.892  67.814 0.1000000015
60913  47.430  -18.044  67.694 0.1000000015
59824  46.218  -18.306  66.905 0.1000000015
58772  46.630  -18.738  67.138 0.1000000015
57651  45.897  -19.574  66.262 0.1000000015
54100  47.464  -23.782  68.930 0.1000000015
56465  47.357  -21.950  68.048 0.1000000015
63244  56.944  -15.207  68.969 0.4000000060
64411  56.386  -14.689  68.496 0.4000000060
64410  57.325  -14.685  68.443 0.4000000060
63262  52.842  -15.838  67.254 0.1000000015
59816  46.780  -18.229  67.185 0.1000000015
55268  47.354  -22.974  68.368 0.1000000015
65506  57.770  -14.203  68.008 0.4000000060
64423  55.934  -14.364  67.820 0.3000000119
63261  53.649  -15.475  67.592 0.1000000015
64446  59.089  -13.616  66.551 0.6000000238
65544  59.222  -13.474  65.932 0.6000000238
62098  52.373  -16.456  67.715 0.1000000015
65563  59.171  -13.363  65.079 0.6000000238
60952  49.898  -17.656  66.855 0.1000000015
60953  48.959  -17.853  66.615 0.1000000015
60955  47.163  -17.862  66.730 0.1000000015
65515  58.347  -13.689  67.471 0.3000000119
64422  56.917  -14.180  68.071 0.4000000060
62112  52.072  -16.260  66.918 0.1000000015
144834  48.051  -17.974  67.184 0.1000000015
60937  46.644  -17.999  67.111 0.1000000015
64424  55.005  -14.622  67.491 0.3000000119
64425  54.141  -14.922  67.129 0.2000000030
63274  52.523  -15.559  66.503 0.1000000015
62113  51.294  -16.672  66.604 0.1000000015
65527  59.269  -13.252  66.759 0.5000000000
128816  62.212  -7.338  50.101 0.4000000060
60956  46.140  -17.741  66.537 0.1000000015
66589  58.878  -12.901  67.123 0.4000000060
65514  59.038  -13.427  67.093 0.5000000000
66609  57.982  -12.968  67.312 0.3000000119
64434  55.528  -14.144  67.008 0.3000000119
65543  59.549  -12.785  66.313 0.5000000000
65562  59.765  -12.551  65.580 0.6000000238
60969  48.786  -17.662  65.826 0.1000000015
137188  64.900  -5.668  49.593 0.4000000060
75415  65.182  -4.633  49.942 0.4000000060
75416  64.170  -4.678  50.475 0.5000000000
74363  63.354  -5.063  50.799 0.5000000000
74364  62.855  -5.796  50.256 0.5000000000
73263  62.185  -6.243  50.764 0.5000000000
74375  63.870  -5.434  49.845 0.5000000000
73276  63.265  -6.309  49.746 0.5000000000
73278  61.862  -6.850  50.417 0.4000000060
73277  62.499  -6.587  50.050 0.5000000000
60954  48.156  -17.831  66.428 0.1000000015
65529  56.946  -13.205  67.032 0.3000000119
64435  54.629  -14.405  66.660 0.1000000015
63273  53.329  -15.232  66.798 0.1000000015
62114  50.501  -17.076  66.304 0.1000000015
73253  62.044  -6.089  51.831 0.5000000000
74354  62.619  -5.536  51.313 0.5000000000
73264  61.550  -6.702  51.151 0.5000000000
62115  49.676  -17.465  66.017 0.1000000015
65528  59.390  -12.803  66.728 0.5000000000
66610  57.435  -12.685  66.576 0.3000000119
63275  51.734  -15.923  66.205 0.1000000015
66607  59.752  -12.212  66.292 0.5000000000
62127  50.983  -16.356  65.870 0.1000000015
65530  56.014  -13.587  66.580 0.3000000119
65531  55.122  -13.896  66.190 0.3000000119
139376  58.429  -12.464  66.750 0.5000000000
67726  59.595  -11.842  66.230 0.5000000000
41213  40.631  -35.346  78.070 0.4000000060
41230  41.447  -34.834  77.401 0.4000000060
41212  42.178  -35.038  77.277 0.5000000000
45686  21.483  -30.813  87.604 0.1000000015
45682  21.034  -30.091  87.897 0.1000000015
46761  21.202  -29.244  88.075 0.1000000015
47903  22.109  -28.332  87.037 0.1000000015
43433  22.300  -32.122  85.273 0.1000000015
127836  22.526  -27.847  86.154 0.1000000015
42256  23.321  -33.593  84.840 0.1000000015
126303  20.633  -28.859  88.342 0.1000000015
44596  21.146  -31.107  85.709 0.1000000015
44604  21.577  -31.516  84.918 0.1000000015
43441  23.137  -32.761  83.472 0.1000000015
47925  23.464  -28.667  83.694 0.1000000015
49124  24.398  -27.218  85.930 0.1000000015
43449  23.403  -33.155  82.769 0.1000000015
43490  38.874  -33.326  78.140 0.2000000030
135867  37.034  -31.606  78.255 0.1000000015
46820  33.627  -29.185  81.770 0.1000000015
45776  34.499  -30.318  76.065 0.1000000015
143012  36.070  -31.059  73.546 0.1000000015
143666  22.641  -34.851  85.424 0.1000000015
132127  25.529  -31.022  85.758 0.1000000015
44594  26.690  -32.089  85.598 0.1000000015
43424  26.262  -33.114  85.792 0.1000000015
46780  27.410  -29.738  85.564 0.2000000030
47910  27.451  -28.970  85.727 0.2000000030
46852  32.524  -29.383  78.562 0.1000000015
46926  33.852  -30.015  74.734 0.1000000015
45694  25.130  -30.069  85.840 0.1000000015
45693  26.510  -30.203  85.974 0.1000000015
46777  27.313  -29.338  86.048 0.1000000015
151058  27.023  -29.563  86.214 0.1000000015
50317  27.470  -25.637  85.419 0.2000000030
51558  26.798  -25.382  83.792 0.2000000030
44585  21.785  -31.924  86.878 0.1000000015
45685  23.054  -30.834  87.406 0.1000000015
43445  19.367  -32.136  83.227 0.1000000015
43462  21.232  -32.760  81.765 0.1000000015
46772  27.022  -28.821  86.425 0.1000000015
47907  26.516  -28.134  86.601 0.1000000015
140005  23.627  -33.498  82.214 0.1000000015
49113  27.019  -26.566  86.458 0.2000000030
51563  28.541  -24.868  82.861 0.3000000119
50315  27.324  -25.793  86.071 0.2000000030
137045  26.038  -26.302  86.484 0.1000000015
51551  27.154  -25.360  85.543 0.2000000030
129493  26.000  -25.998  83.549 0.2000000030
50319  25.836  -26.024  85.277 0.2000000030
129307  26.163  -26.141  82.142 0.3000000119
44595  21.793  -31.542  85.993 0.1000000015
43461  22.241  -32.859  81.797 0.1000000015
43450  22.734  -32.689  82.602 0.1000000015
134882  25.944  -27.325  86.671 0.1000000015
50320  25.197  -26.723  84.720 0.2000000030
49144  25.304  -26.840  83.653 0.2000000030
46903  47.212  -29.184  75.888 0.3000000119
148852  32.880  -28.775  70.539 0.1000000015
45687  20.944  -30.439  87.559 0.1000000015
44606  19.582  -31.205  84.627 0.1000000015
44598  19.111  -30.972  85.351 0.1000000015
44607  18.498  -31.563  84.792 0.1000000015
43443  21.503  -31.982  83.206 0.1000000015
47908  24.670  -27.733  86.308 0.1000000015
138072  22.773  -32.437  84.255 0.1000000015
49115  25.623  -26.813  86.500 0.1000000015
49134  24.519  -27.241  85.228 0.1000000015
47936  24.281  -28.285  82.393 0.2000000030
49203  47.753  -27.634  75.244 0.3000000119
47916  23.150  -28.354  84.634 0.1000000015
49107  22.284  -27.964  86.418 0.1000000015
50403  47.969  -26.071  74.938 0.3000000119
54033  48.210  -23.717  74.984 0.1000000015
52841  51.121  -24.362  73.522 0.4000000060
55195  50.107  -21.775  73.120 0.3000000119
55182  50.436  -21.552  74.158 0.3000000119
138373  50.532  -22.367  74.504 0.3000000119
57572  49.765  -20.199  73.008 0.2000000030
57533  49.830  -20.355  74.737 0.2000000030
58698  49.400  -19.661  74.244 0.2000000030
59758  49.795  -18.416  73.126 0.2000000030
150808  49.124  -21.298  75.542 0.2000000030
56357  48.309  -21.418  74.597 0.2000000030
56354  50.279  -21.056  74.838 0.2000000030
131998  48.601  -20.741  75.050 0.2000000030
57553  48.471  -19.714  74.180 0.1000000015
132363  47.982  -20.769  73.009 0.1000000015
58711  48.824  -19.375  74.278 0.2000000030
58727  47.990  -19.128  72.766 0.1000000015
59759  49.265  -18.515  73.349 0.2000000030
60838  49.128  -18.014  72.838 0.2000000030
59760  48.814  -18.834  73.656 0.2000000030
59773  48.176  -18.478  72.226 0.1000000015
60865  48.713  -17.757  71.763 0.2000000030
59772  48.619  -18.179  72.590 0.1000000015
134391  47.891  -18.692  70.537 0.1000000015
60880  47.985  -18.000  70.224 0.1000000015
59803  47.867  -18.178  69.683 0.1000000015
58752  47.866  -18.441  69.689 0.1000000015
63232  55.274  -15.793  69.467 0.4000000060
64412  55.402  -14.867  68.279 0.3000000119
63233  54.403  -15.961  69.264 0.2000000030
63247  53.992  -15.682  68.432 0.2000000030
62079  52.675  -16.576  68.606 0.2000000030
60933  50.144  -17.635  67.745 0.1000000015
146774  57.915  -14.766  68.119 0.4000000060
65516  57.429  -13.610  67.655 0.3000000119
64432  58.949  -13.731  66.930 0.5000000000
65517  56.443  -13.809  67.403 0.3000000119
73291  64.082  -6.244  49.587 0.4000000060
45683  20.425  -29.877  87.951 0.1000000015
47926  22.668  -28.942  83.850 0.1000000015
40306  41.521  -35.650  77.507 0.5000000000
40307  40.646  -35.918  78.014 0.4000000060
40322  42.154  -36.278  76.751 0.6000000238
39455  41.758  -36.786  76.491 0.6000000238
39450  41.382  -36.347  77.300 0.6999999881
39451  40.568  -36.318  77.582 0.6000000238
40308  40.015  -35.940  78.373 0.6000000238
39454  42.486  -36.650  76.067 0.8000000119
139157  41.050  -36.781  76.861 0.6000000238
141405  40.422  -36.612  76.959 0.6999999881
38584  42.306  -37.200  75.218 0.6999999881
38585  42.046  -37.166  75.712 0.6999999881
38586  41.325  -37.301  75.476 0.6999999881
39456  40.671  -36.989  76.111 0.6999999881
39466  42.370  -37.094  74.750 0.6999999881
38590  41.916  -37.380  75.007 0.6999999881
40297  39.410  -35.412  78.944 0.6000000238
40309  39.225  -35.686  78.206 0.6000000238
39471  42.490  -36.446  74.322 0.6999999881
39472  41.947  -37.054  73.876 0.6999999881
38591  41.207  -37.406  74.634 0.6999999881
38587  40.615  -37.191  75.095 0.6000000238
38592  40.516  -37.277  74.210 0.6000000238
144829  40.068  -36.923  74.623 0.6000000238
143422  32.154  -33.792  56.700 0.2000000030
44897  32.535  -32.426  57.133 0.3000000119
129054  32.238  -33.727  55.877 0.3000000119
42621  32.361  -33.130  56.521 0.3000000119
43783  32.532  -32.355  56.213 0.3000000119
44872  33.725  -32.117  60.000 0.3000000119
139579  32.981  -32.111  58.666 0.3000000119
44882  33.493  -31.685  59.388 0.3000000119
44889  33.007  -31.312  58.080 0.3000000119
148583  32.629  -31.927  56.619 0.3000000119
46007  33.251  -30.639  57.580 0.3000000119
43800  32.723  -32.185  55.339 0.2000000030
150083  32.948  -31.074  56.376 0.3000000119
44907  33.143  -30.884  55.800 0.2000000030
44881  34.130  -31.069  60.054 0.3000000119
138986  33.314  -31.308  58.767 0.3000000119
45998  33.451  -30.692  58.424 0.3000000119
46006  33.658  -30.000  58.022 0.3000000119
46019  33.249  -30.533  56.615 0.3000000119
44922  33.119  -31.464  55.156 0.2000000030
47125  36.642  -29.580  61.432 0.3000000119
45977  35.826  -30.078  61.223 0.3000000119
45987  35.373  -29.861  60.478 0.3000000119
47143  34.470  -29.732  59.239 0.3000000119
45997  33.911  -30.152  58.825 0.3000000119
46059  34.664  -30.467  53.789 0.2000000030
47159  33.538  -30.018  57.232 0.3000000119
48264  34.615  -28.760  58.060 0.3000000119
44938  34.067  -31.046  54.132 0.2000000030
46043  34.131  -30.302  54.397 0.2000000030
47168  33.992  -29.174  55.942 0.2000000030
47169  33.682  -29.668  56.496 0.2000000030
134409  34.064  -29.019  56.651 0.2000000030
46044  33.586  -30.683  54.917 0.2000000030
46029  33.523  -30.155  55.778 0.2000000030
148482  36.721  -29.180  60.966 0.3000000119
47141  35.873  -29.065  60.137 0.4000000060
48249  35.613  -28.682  59.356 0.3000000119
47134  36.186  -29.434  60.787 0.3000000119
47142  35.131  -29.404  59.696 0.3000000119
47150  34.852  -29.025  58.924 0.3000000119
48263  35.354  -28.386  58.521 0.3000000119
48275  34.498  -28.571  57.150 0.2000000030
48285  34.982  -27.885  56.740 0.3000000119
48296  34.381  -28.739  55.378 0.2000000030
48286  34.418  -28.511  56.246 0.2000000030
48306  34.451  -29.042  54.694 0.3000000119
48232  36.729  -28.806  60.511 0.4000000060
48248  36.438  -28.437  59.749 0.4000000060
48273  35.778  -27.818  58.130 0.3000000119
48274  35.141  -28.111  57.670 0.3000000119
48295  34.919  -27.877  55.652 0.3000000119
137241  49.762  -20.737  71.228 0.3000000119
55206  49.859  -21.853  72.047 0.3000000119
56419  50.033  -20.307  70.487 0.5000000000
135682  49.797  -21.067  70.186 0.6000000238
56392  49.795  -20.798  72.430 0.3000000119
57595  49.823  -19.908  71.958 0.3000000119
127229  50.065  -19.197  72.612 0.3000000119
58738  50.974  -19.440  71.300 0.3000000119
60004  48.675  -18.774  50.559 0.1000000015
59997  46.525  -18.099  51.264 0.1000000015
129406  45.248  -18.933  51.041 0.2000000030
62110  57.205  -16.499  67.072 0.5000000000
62123  56.831  -16.019  66.372 0.6000000238
63286  56.692  -15.580  65.631 0.6999999881
63287  56.064  -15.564  65.062 0.6999999881
64470  57.553  -14.568  64.940 0.8000000119
148294  54.910  -11.933  53.144 0.2000000030
76481  62.031  -3.647  54.457 0.2000000030
74271  60.813  -5.876  58.673 0.1000000015
143584  60.939  -4.776  53.849 0.2000000030
75381  61.068  -4.687  54.489 0.2000000030
150703  61.521  -4.222  54.460 0.2000000030
76492  61.917  -3.679  53.389 0.2000000030
76491  62.644  -2.965  53.989 0.2000000030
77559  63.815  -1.692  53.156 0.3000000119
78628  66.469  -0.784  52.491 0.4000000060
77571  66.468  -1.353  51.820 0.4000000060
72108  60.592  -7.262  60.297 0.1000000015
73173  60.847  -6.637  59.836 0.2000000030
74299  60.562  -5.320  57.021 0.2000000030
74300  59.791  -5.887  56.786 0.2000000030
74313  60.500  -5.208  55.915 0.1000000015
75373  61.102  -4.735  55.488 0.2000000030
75380  61.379  -4.330  53.809 0.2000000030
76500  62.489  -3.105  52.925 0.2000000030
77560  62.999  -2.473  52.474 0.2000000030
78630  64.513  -0.985  52.959 0.2000000030
77581  66.260  -1.823  51.037 0.4000000060
72122  59.694  -6.868  59.268 0.1000000015
73186  60.050  -6.339  58.668 0.1000000015
74283  60.099  -5.992  57.660 0.1000000015
141666  59.976  -5.643  56.232 0.1000000015
76501  61.874  -3.733  52.384 0.1000000015
76511  62.397  -3.198  51.905 0.2000000030
77573  63.569  -1.703  52.048 0.2000000030
146172  64.248  -0.810  52.234 0.2000000030
78629  65.220  -0.211  52.783 0.2000000030
79683  65.933  0.054  52.977 0.2000000030
78643  66.540  -0.672  51.852 0.4000000060
78656  66.397  -0.983  51.241 0.4000000060
77590  65.967  -2.414  49.980 0.3000000119
134889  59.106  -6.741  58.368 0.1000000015
126622  59.119  -6.482  57.691 0.1000000015
74323  60.468  -5.227  54.903 0.1000000015
75388  61.383  -4.295  52.849 0.2000000030
78657  63.299  -1.097  50.418 0.2000000030
78644  63.744  -1.027  51.391 0.2000000030
77583  63.115  -1.868  50.920 0.2000000030
77574  62.825  -2.578  51.425 0.2000000030
79697  64.582  -0.130  51.923 0.1000000015
79695  66.202  0.485  52.456 0.3000000119
79694  66.433  -0.061  52.173 0.3000000119
78670  66.035  -1.406  50.448 0.3000000119
74334  60.506  -5.227  53.879 0.1000000015
76512  61.902  -3.812  51.392 0.1000000015
79710  64.005  -0.248  50.918 0.2000000030
79709  65.027  0.665  51.546 0.1000000015
76519  62.357  -3.276  50.908 0.1000000015
78658  62.861  -1.879  49.880 0.2000000030
79725  63.412  -0.275  49.834 0.2000000030
75389  60.878  -4.784  53.273 0.2000000030
75398  61.433  -4.359  51.879 0.1000000015
77584  62.669  -2.650  50.380 0.2000000030
145817  62.930  -1.105  49.623 0.2000000030
79742  63.123  0.067  48.962 0.2000000030
79726  62.686  -0.717  48.997 0.2000000030
79757  62.952  -0.092  47.725 0.2000000030
79743  62.560  -0.541  48.313 0.2000000030
135658  64.468  0.668  45.898 0.1000000015
80803  64.812  0.632  45.212 0.1000000015
79771  63.179  -0.210  46.977 0.1000000015
80797  63.684  0.510  47.224 0.1000000015
79770  63.774  0.017  46.294 0.1000000015
80811  65.032  0.538  44.391 0.1000000015
80819  65.248  0.509  43.742 0.1000000015
79787  64.351  -0.076  44.524 0.1000000015
79796  64.627  -0.077  43.635 0.1000000015
80826  65.189  0.260  43.061 0.1000000015
42604  32.336  -33.472  57.481 0.2000000030
150165  32.874  -33.071  58.780 0.2000000030
45989  33.698  -30.840  59.193 0.3000000119
45988  34.655  -30.127  59.937 0.3000000119
59994  49.335  -18.469  51.141 0.1000000015
59995  48.468  -18.020  51.104 0.1000000015
129251  50.078  -19.830  71.089 0.3000000119
71015  61.147  -8.431  61.443 0.6000000238
43755  32.613  -32.777  58.079 0.2000000030
76468  62.506  -3.440  55.426 0.2000000030
148033  50.279  -19.406  71.800 0.3000000119
38580  41.385  -37.081  76.166 0.6000000238
39460  42.888  -36.406  75.102 0.6999999881
43768  32.710  -31.973  57.825 0.3000000119
47151  34.226  -29.473  58.440 0.3000000119
47158  33.981  -29.313  57.457 0.2000000030
66811  55.597  -12.449  53.038 0.2000000030
75372  61.723  -4.107  55.199 0.2000000030
79671  66.096  -0.300  53.286 0.3000000119
79682  66.260  -0.207  52.815 0.3000000119
72123  58.685  -7.201  58.698 0.1000000015
79696  65.609  0.453  52.352 0.2000000030
142770  27.007  -35.218  81.097 0.3000000119
39443  27.087  -36.005  81.120 0.3000000119
41169  26.898  -34.530  81.398 0.4000000060
40284  26.786  -35.499  80.278 0.4000000060
46794  25.887  -29.729  81.993 0.2000000030
41177  26.641  -34.648  80.403 0.3000000119
44619  25.720  -31.308  81.355 0.2000000030
43472  26.176  -33.103  80.980 0.2000000030
40282  27.280  -35.042  81.820 0.3000000119
142121  27.274  -35.548  81.741 0.3000000119
41168  27.390  -34.523  82.429 0.3000000119
44618  26.026  -31.887  81.940 0.2000000030
43459  26.325  -32.710  81.816 0.2000000030
137364  26.285  -31.623  82.597 0.2000000030
44613  25.911  -31.119  82.197 0.2000000030
45714  25.990  -30.335  82.543 0.2000000030
40352  42.533  -35.681  73.902 0.6000000238
43440  26.863  -31.812  83.307 0.2000000030
143848  26.345  -28.466  83.208 0.2000000030
46793  26.087  -29.463  82.901 0.2000000030
45713  26.477  -30.184  83.508 0.2000000030
136808  26.362  -31.019  83.036 0.2000000030
40321  42.899  -35.957  76.374 0.6000000238
40320  43.689  -35.407  76.175 0.6999999881
40331  43.043  -36.205  75.738 0.6999999881
126652  43.448  -34.633  74.423 0.6000000238
40342  43.115  -35.596  74.675 0.6000000238
41257  42.856  -35.004  73.952 0.6000000238
142448  26.632  -28.193  84.159 0.2000000030
47915  27.219  -28.542  84.987 0.1000000015
45707  27.498  -30.532  85.064 0.1000000015
46785  26.572  -29.181  84.023 0.2000000030
146994  23.368  -29.303  79.691 0.1000000015
44617  32.686  -31.128  81.946 0.3000000119
41186  38.921  -34.754  79.589 0.3000000119
41228  43.869  -34.766  76.676 0.5000000000
41229  43.256  -35.325  76.678 0.5000000000
40319  44.268  -34.818  75.923 0.5000000000
142563  44.285  -34.708  76.322 0.6000000238
41249  44.526  -34.301  75.623 0.6000000238
40330  43.476  -35.584  75.514 0.6000000238
42387  44.411  -33.348  74.471 0.6000000238
42375  44.135  -34.145  74.881 0.6000000238
148117  33.194  -30.907  82.374 0.3000000119
45712  33.306  -29.874  82.706 0.2000000030
43470  32.944  -31.909  81.331 0.3000000119
42343  43.848  -34.017  77.024 0.4000000060
42344  43.029  -33.727  77.138 0.4000000060
42326  42.287  -34.306  77.146 0.3000000119
41227  44.719  -34.232  76.278 0.6000000238
134794  44.459  -33.562  76.951 0.5000000000
41226  45.154  -33.717  76.161 0.6999999881
43527  45.216  -33.033  74.799 0.6000000238
42373  45.505  -33.256  75.536 0.6999999881
46966  41.645  -29.998  72.300 0.2000000030
46988  41.432  -29.623  71.453 0.1000000015
48067  41.939  -29.225  70.922 0.1000000015
43502  42.700  -32.805  76.801 0.3000000119
42341  45.631  -33.167  76.292 0.5000000000
46959  50.618  -29.143  73.063 0.6000000238
48046  51.194  -28.572  72.361 0.5000000000
48061  51.158  -28.420  71.546 0.4000000060
48045  51.661  -28.135  72.642 0.4000000060
49213  51.482  -27.340  73.824 0.4000000060
49234  51.903  -27.410  72.166 0.4000000060
50401  51.702  -26.501  73.481 0.4000000060
49223  51.867  -27.452  73.066 0.4000000060
52854  50.933  -24.573  72.799 0.4000000060
52840  51.474  -25.290  72.999 0.4000000060
52829  51.000  -24.150  74.193 0.3000000119
150892  54.279  -19.969  71.569 0.4000000060
57591  54.837  -20.216  71.272 0.5000000000
57592  54.273  -20.443  71.059 0.4000000060
72216  62.999  -7.063  49.777 0.2000000030
71179  62.011  -8.211  50.270 0.3000000119
56417  55.277  -21.216  69.884 0.6000000238
75413  66.648  -3.632  49.635 0.3000000119
70059  58.687  -9.870  51.409 0.2000000030
58735  54.885  -19.491  71.576 0.5000000000
143465  56.155  -20.599  69.801 0.5000000000
58750  56.114  -19.550  70.696 0.5000000000
58760  56.636  -19.933  69.797 0.5000000000
60858  55.437  -18.326  71.365 0.4000000060
59802  56.911  -19.131  69.802 0.4000000060
76489  66.308  -2.187  54.601 0.5000000000
62057  56.366  -16.656  70.098 0.4000000060
62038  56.347  -17.262  70.439 0.4000000060
76480  63.030  -2.853  55.094 0.2000000030
77531  66.204  -1.650  54.835 0.5000000000
60929  57.751  -17.242  68.217 0.4000000060
146854  57.241  -15.587  66.192 0.5000000000
63300  57.352  -15.179  65.648 0.5000000000
63285  57.761  -15.345  66.397 0.5000000000
68787  61.185  -10.024  63.234 0.4000000060
71037  60.246  -7.871  60.694 0.3000000119
67740  60.408  -11.247  65.284 0.4000000060
64447  58.684  -14.230  66.254 0.5000000000
69867  61.203  -9.757  62.827 0.4000000060
69857  61.107  -10.012  63.378 0.4000000060
140055  60.886  -10.899  64.805 0.5000000000
64469  58.528  -14.088  65.463 0.5000000000
129801  59.865  -11.401  65.691 0.4000000060
67725  60.083  -11.723  65.897 0.4000000060
68775  59.992  -10.346  64.026 0.4000000060
68763  60.783  -10.700  64.659 0.4000000060
66627  58.874  -11.991  66.417 0.4000000060
67752  59.026  -10.824  64.347 0.4000000060
135410  58.965  -11.216  65.177 0.3000000119
67727  58.882  -11.614  65.891 0.4000000060
67742  57.904  -11.760  65.171 0.3000000119
126759  57.950  -11.421  64.338 0.3000000119
42292  26.474  -33.939  80.834 0.2000000030
47935  26.085  -28.965  82.225 0.2000000030
45721  25.764  -30.500  81.667 0.2000000030
37648  26.054  -38.391  77.464 0.2000000030
139934  26.485  -28.295  82.387 0.2000000030
43460  25.851  -32.194  81.112 0.2000000030
137032  51.993  -26.803  72.719 0.4000000060
52853  51.260  -25.270  72.395 0.4000000060
144804  51.832  -26.118  72.811 0.4000000060
135819  50.512  -23.778  72.385 0.4000000060
56418  54.615  -21.154  70.118 0.5000000000
57611  54.969  -20.794  70.624 0.5000000000
67883  57.121  -11.680  52.248 0.2000000030
68916  58.082  -10.579  51.662 0.2000000030
70058  59.531  -9.532  50.939 0.2000000030
59801  57.086  -18.425  69.900 0.4000000060
62097  57.564  -16.904  67.685 0.4000000060
57609  56.225  -20.147  70.345 0.5000000000
66644  60.965  -11.070  64.381 0.5000000000
66645  60.417  -11.542  65.054 0.4000000060
67750  61.016  -10.492  63.734 0.4000000060
69880  59.647  -9.424  61.917 0.3000000119
75425  66.609  -4.311  49.690 0.4000000060
42342  45.031  -33.566  76.585 0.4000000060
144900  42.250  -33.516  76.883 0.3000000119
131319  65.944  -5.173  49.636 0.2000000030
63284  58.275  -14.936  66.616 0.5000000000
150909  41.891  -36.034  77.203 0.5000000000
40305  42.449  -35.603  77.014 0.5000000000
62122  57.493  -15.902  66.788 0.5000000000
42278  26.767  -33.663  81.835 0.2000000030
43448  26.553  -32.320  82.593 0.2000000030
44610  27.218  -31.055  84.090 0.2000000030
41250  43.856  -34.900  75.243 0.6000000238
41211  43.031  -34.699  77.057 0.4000000060
127920  44.467  -34.192  76.651 0.5000000000
42360  45.634  -33.279  75.971 0.5000000000
42374  44.833  -33.687  75.263 0.6000000238
46967  40.947  -30.072  71.808 0.1000000015
52828  51.350  -24.982  73.720 0.4000000060
57610  55.575  -20.587  70.485 0.5000000000
58751  55.785  -20.036  70.779 0.5000000000
60857  56.115  -18.334  70.865 0.4000000060
77546  66.297  -1.611  54.022 0.5000000000
63272  57.957  -15.597  67.026 0.4000000060
64448  58.072  -14.775  65.896 0.5000000000
69868  60.856  -9.718  63.040 0.3000000119
68773  60.983  -10.297  63.672 0.4000000060
67741  60.100  -10.827  65.084 0.4000000060
68774  60.911  -10.380  63.930 0.4000000060
67739  60.950  -10.612  64.224 0.4000000060
43499  45.488  -32.743  76.707 0.3000000119
44647  45.059  -31.906  76.925 0.2000000030
44646  46.411  -31.442  76.569 0.2000000030
137366  45.914  -32.023  76.727 0.3000000119
44687  47.554  -31.596  74.134 0.5000000000
143828  47.086  -32.055  75.536 0.6000000238
43513  46.627  -32.394  75.836 0.5000000000
127608  46.134  -32.766  76.062 0.4000000060
43536  46.444  -32.293  74.572 0.6000000238
43526  45.989  -32.770  75.074 0.6000000238
46945  42.098  -30.179  73.097 0.1000000015
48009  49.304  -29.134  75.222 0.3000000119
48010  48.339  -28.738  75.604 0.3000000119
46920  49.634  -29.981  74.389 0.3000000119
143262  49.299  -29.948  75.069 0.4000000060
46882  48.030  -29.703  75.831 0.2000000030
45804  49.258  -30.432  74.300 0.4000000060
138713  48.590  -30.292  75.516 0.3000000119
46883  47.339  -29.904  76.104 0.2000000030
45774  45.522  -31.148  76.654 0.2000000030
44674  48.231  -31.303  74.637 0.5000000000
45770  47.886  -30.541  75.901 0.2000000030
46965  42.532  -29.777  72.493 0.1000000015
42314  39.196  -34.562  79.420 0.1000000015
42301  38.508  -34.186  79.884 0.1000000015
49201  49.085  -27.147  75.374 0.3000000119
49202  48.259  -27.600  75.472 0.3000000119
144658  49.789  -27.756  74.950 0.3000000119
131269  49.106  -28.131  75.329 0.3000000119
150255  47.907  -27.521  75.381 0.2000000030
145530  51.191  -28.640  72.998 0.5000000000
48022  50.702  -28.901  74.105 0.3000000119
48008  49.971  -28.575  74.738 0.3000000119
46919  50.367  -29.443  73.896 0.4000000060
49214  50.723  -27.890  74.376 0.3000000119
49200  50.098  -27.058  74.892 0.3000000119
50386  48.643  -26.395  75.387 0.3000000119
50384  50.434  -26.286  74.743 0.3000000119
50385  49.539  -26.308  75.293 0.3000000119
137598  51.273  -26.266  74.231 0.3000000119
57844  50.682  -20.419  51.554 0.1000000015
62284  57.843  -16.109  55.744 0.1000000015
51626  48.304  -25.788  75.199 0.2000000030
51624  50.020  -25.578  75.224 0.3000000119
57833  51.074  -20.038  52.196 0.1000000015
58932  50.459  -19.465  51.729 0.1000000015
57845  50.071  -20.004  51.012 0.1000000015
58941  49.255  -19.109  50.679 0.1000000015
62272  58.282  -16.644  56.403 0.1000000015
63437  57.440  -15.616  55.137 0.1000000015
62258  60.631  -16.460  57.629 0.1000000015
62271  59.987  -16.208  56.892 0.1000000015
128103  59.086  -16.313  56.543 0.1000000015
62283  58.667  -15.881  55.992 0.1000000015
133284  56.968  -15.151  54.564 0.1000000015
62297  56.675  -15.933  54.784 0.1000000015
63449  56.165  -15.497  54.237 0.1000000015
63464  55.587  -14.980  53.650 0.1000000015
129480  58.235  -15.412  55.422 0.1000000015
63411  62.206  -15.678  57.445 0.1000000015
63412  61.112  -15.914  57.043 0.1000000015
62257  61.636  -16.124  57.936 0.1000000015
64589  63.162  -14.000  55.040 0.1000000015
64577  63.771  -14.556  56.496 0.1000000015
65691  62.387  -13.781  54.323 0.1000000015
64590  62.146  -14.358  54.929 0.1000000015
65692  61.472  -14.111  54.246 0.1000000015
129070  62.887  -14.605  55.769 0.1000000015
64591  60.540  -14.340  54.245 0.1000000015
64578  61.758  -14.847  55.507 0.1000000015
126086  61.162  -14.587  54.835 0.1000000015
64606  59.896  -14.058  53.686 0.1000000015
64564  63.076  -14.944  56.505 0.1000000015
64565  62.261  -15.134  56.216 0.1000000015
130218  60.882  -14.956  55.366 0.1000000015
64579  60.266  -14.715  54.924 0.1000000015
64592  59.649  -14.473  54.364 0.1000000015
141766  59.151  -14.214  53.877 0.1000000015
64607  58.431  -14.075  53.817 0.1000000015
64608  57.572  -13.882  53.722 0.1000000015
63434  61.213  -15.333  56.006 0.1000000015
64580  59.390  -14.825  55.040 0.1000000015
64593  58.714  -14.527  54.489 0.1000000015
64609  56.699  -13.943  53.725 0.1000000015
63447  58.644  -14.939  55.097 0.1000000015
134573  57.953  -14.336  54.259 0.1000000015
64594  57.252  -14.444  54.226 0.1000000015
63423  60.486  -15.654  56.379 0.1000000015
63435  60.105  -15.213  55.632 0.1000000015
63448  57.866  -14.860  54.805 0.1000000015
64595  56.437  -14.674  54.005 0.1000000015
63436  59.088  -15.307  55.563 0.1000000015
64611  54.962  -14.245  53.168 0.1000000015
63424  59.547  -15.716  56.183 0.1000000015
63410  63.283  -15.337  57.839 0.1000000015
66810  61.099  -13.165  53.100 0.1000000015
66828  60.345  -12.643  52.469 0.1000000015
67880  59.793  -11.840  51.757 0.1000000015
65704  61.706  -13.531  53.696 0.1000000015
66829  59.316  -12.467  52.153 0.1000000015
65705  60.150  -13.453  53.078 0.1000000015
65727  59.575  -13.106  52.621 0.1000000015
65680  63.908  -14.130  55.816 0.1000000015
135198  60.813  -13.799  53.655 0.1000000015
65728  58.899  -13.001  52.487 0.1000000015
65706  59.058  -13.651  53.154 0.1000000015
65729  58.135  -13.143  52.654 0.1000000015
65707  58.151  -13.641  53.318 0.1000000015
140664  57.606  -13.424  53.123 0.1000000015
139362  56.953  -13.389  53.246 0.1000000015
64551  63.607  -14.947  57.138 0.1000000015
63422  62.734  -15.303  56.955 0.1000000015
64610  55.849  -14.058  53.534 0.1000000015
65710  55.229  -13.340  53.144 0.1000000015
130010  61.781  -15.513  56.684 0.1000000015
142757  61.125  -15.615  56.520 0.1000000015
64550  64.190  -14.898  57.863 0.1000000015
67879  60.853  -11.830  52.026 0.1000000015
67903  59.214  -11.109  51.437 0.1000000015
67904  58.525  -11.119  51.514 0.1000000015
67882  57.914  -11.564  51.756 0.1000000015
65690  64.133  -13.584  55.181 0.1000000015
66831  57.617  -12.406  52.242 0.1000000015
65665  64.588  -14.170  56.484 0.1000000015
65708  57.282  -12.959  52.705 0.1000000015
66832  56.511  -12.745  52.831 0.1000000015
64563  64.437  -14.548  57.151 0.1000000015
65709  56.122  -13.327  53.238 0.1000000015
67902  60.194  -10.975  51.420 0.1000000015
68939  58.735  -10.593  51.401 0.1000000015
65703  62.469  -13.285  53.784 0.1000000015
66827  61.444  -12.448  52.665 0.1000000015
141058  60.017  -10.159  50.922 0.1000000015
66796  63.355  -13.316  54.316 0.1000000015
66808  62.901  -12.759  53.537 0.1000000015
67878  61.857  -11.725  52.337 0.1000000015
67901  61.311  -11.099  51.682 0.1000000015
68937  60.812  -10.345  51.138 0.1000000015
66826  62.399  -12.279  52.918 0.1000000015
68936  61.738  -10.446  51.385 0.1000000015
141059  61.252  -9.866  50.879 0.1000000015
65664  65.212  -13.897  56.381 0.1000000015
67877  62.819  -11.618  52.592 0.1000000015
67900  62.295  -11.090  51.958 0.1000000015
66807  63.856  -12.574  53.886 0.1000000015
67861  63.331  -12.098  53.226 0.1000000015
68915  63.254  -10.967  52.260 0.1000000015
143894  56.962  -12.349  52.504 0.1000000015
70057  60.438  -9.511  50.718 0.1000000015
134711  64.752  -13.748  55.893 0.1000000015
70069  61.320  -9.154  50.574 0.1000000015
137438  62.687  -10.429  51.591 0.1000000015
70056  62.049  -9.795  51.000 0.1000000015
146257  61.686  -8.697  50.452 0.1000000015
67876  63.781  -11.456  52.903 0.1000000015
70055  63.049  -9.746  51.219 0.1000000015
70068  62.315  -9.048  50.585 0.1000000015
66795  64.417  -12.945  54.655 0.1000000015
70067  63.443  -9.107  50.798 0.1000000015
150568  62.837  -8.520  50.400 0.1000000015
133268  62.876  -7.829  50.091 0.1000000015
71178  63.690  -8.384  50.430 0.1000000015
72215  63.818  -7.534  49.940 0.1000000015
72231  63.652  -6.799  49.668 0.1000000015
72230  64.371  -6.882  49.703 0.1000000015
137011  65.310  -6.837  49.840 0.1000000015
146657  64.852  -6.344  49.620 0.1000000015
73290  65.893  -6.042  49.612 0.1000000015
74374  66.949  -5.174  49.513 0.1000000015
74373  67.776  -5.316  49.240 0.1000000015
74386  67.721  -5.159  48.662 0.1000000015
75446  66.862  -4.761  48.410 0.1000000015
75423  67.955  -4.985  49.008 0.1000000015
75424  67.312  -4.480  49.233 0.2000000030
75435  67.444  -4.464  49.005 0.1000000015
75436  66.074  -3.721  48.864 0.2000000030
138744  66.794  -4.134  48.813 0.2000000030
76538  66.845  -3.888  49.410 0.1000000015
76498  66.257  -2.253  53.501 0.4000000060
76539  66.138  -3.162  49.499 0.3000000119
77572  66.281  -2.027  51.579 0.4000000060
76526  66.547  -3.147  49.922 0.3000000119
77601  65.329  -2.438  49.144 0.2000000030
133864  66.406  -1.605  52.756 0.4000000060
146471  66.095  -2.378  50.775 0.4000000060
42302  37.982  -33.550  80.426 0.1000000015
44675  47.101  -32.056  74.853 0.5000000000
45820  48.792  -30.852  74.088 0.5000000000
45819  49.315  -30.280  73.494 0.5000000000
68917  57.362  -10.936  52.027 0.1000000015
42315  38.882  -33.762  79.351 0.1000000015
43475  38.361  -33.432  79.835 0.1000000015
45773  46.291  -30.798  76.451 0.2000000030
45772  46.826  -31.009  76.453 0.2000000030
45771  47.301  -30.815  76.227 0.2000000030
43514  46.109  -32.806  75.724 0.5000000000
43498  46.023  -32.630  76.426 0.3000000119
48033  50.869  -28.891  73.523 0.4000000060
150704  51.470  -26.760  74.005 0.3000000119
50402  50.980  -26.941  74.364 0.3000000119
48021  51.349  -28.259  73.512 0.3000000119
68938  59.345  -10.362  51.179 0.1000000015
133539  46.565  -32.195  76.296 0.4000000060
44658  47.988  -31.305  75.303 0.5000000000
144662  47.410  -31.653  75.692 0.3000000119
44645  47.113  -31.543  76.225 0.2000000030
138183  47.638  -31.721  75.108 0.5000000000
43525  46.620  -32.438  75.331 0.6000000238
46902  48.721  -29.603  75.509 0.3000000119
45805  48.642  -30.931  74.850 0.4000000060
45787  48.319  -30.893  75.418 0.5000000000
127385  61.075  -16.672  58.444 0.1000000015
67881  58.829  -11.767  51.659 0.1000000015
66830  58.430  -12.424  52.078 0.1000000015
66809  61.997  -12.906  53.276 0.1000000015
71164  64.662  -9.007  51.048 0.1000000015
72214  64.832  -7.487  50.122 0.1000000015
75447  65.687  -4.451  48.204 0.1000000015
39431  27.465  -36.217  84.222 0.1000000015
41158  26.989  -35.127  85.013 0.1000000015
40277  27.829  -35.585  84.014 0.1000000015
135905  27.739  -36.299  83.785 0.1000000015
40273  27.524  -35.406  84.430 0.1000000015
40280  27.836  -35.576  83.437 0.2000000030
130587  27.613  -35.428  82.551 0.2000000030
129178  27.822  -34.985  84.191 0.1000000015
132107  27.925  -34.983  83.756 0.2000000030
42255  27.661  -33.747  84.446 0.1000000015
42260  27.677  -33.666  83.805 0.1000000015
145349  27.569  -32.324  84.684 0.1000000015
44609  27.500  -32.064  84.117 0.1000000015
43431  27.621  -32.934  84.270 0.1000000015
43439  27.239  -32.802  83.394 0.1000000015
42268  27.309  -33.698  82.922 0.1000000015
42269  26.823  -33.062  82.520 0.1000000015
44603  27.533  -31.540  84.799 0.1000000015
54314  39.709  -23.834  53.984 0.2000000030
54333  39.474  -23.699  53.267 0.2000000030
66628  57.897  -12.138  66.020 0.3000000119
71016  59.686  -8.477  60.951 0.3000000119
78614  66.167  -0.907  53.375 0.2000000030
79707  66.498  -0.057  51.472 0.2000000030
80730  65.950  1.078  51.870 0.1000000015
54313  40.219  -23.542  54.608 0.2000000030
79708  66.408  -0.224  50.727 0.3000000119
78683  65.603  -1.368  49.366 0.2000000030
80729  66.292  0.679  51.691 0.2000000030
135241  27.420  -36.133  82.175 0.2000000030
67753  57.951  -11.119  63.358 0.3000000119
41157  27.576  -34.541  84.605 0.1000000015
41163  27.712  -34.378  83.398 0.2000000030
79723  66.193  -0.233  49.897 0.2000000030
80738  66.153  1.269  51.012 0.2000000030
44616  34.217  -31.409  82.222 0.1000000015
51640  51.450  -25.614  73.974 0.2000000030
150844  50.374  -25.013  74.940 0.2000000030
57620  53.775  -20.796  70.267 0.3000000119
52817  50.375  -24.212  75.024 0.2000000030
128669  50.041  -20.937  73.444 0.2000000030
57594  52.189  -19.572  71.301 0.3000000119
57612  53.056  -20.115  70.774 0.3000000119
134118  50.815  -18.861  72.333 0.2000000030
59771  50.489  -17.857  72.951 0.1000000015
58737  51.900  -18.907  72.033 0.3000000119
58725  51.580  -18.313  72.607 0.2000000030
57593  53.404  -19.518  71.818 0.3000000119
58724  52.694  -18.629  72.303 0.2000000030
59770  52.192  -18.172  72.577 0.2000000030
137915  51.302  -17.949  72.882 0.2000000030
58723  53.547  -18.965  72.163 0.3000000119
60848  50.218  -17.514  72.724 0.1000000015
59769  52.993  -18.467  72.332 0.3000000119
147298  51.843  -17.818  72.693 0.2000000030
60847  51.007  -17.577  72.780 0.1000000015
129168  55.319  -19.009  71.473 0.4000000060
58722  54.187  -19.024  72.074 0.4000000060
59768  53.613  -18.651  72.194 0.3000000119
60862  51.560  -17.404  72.207 0.2000000030
143219  49.083  -17.424  70.976 0.1000000015
129489  48.768  -17.552  70.291 0.1000000015
60859  54.729  -18.018  71.713 0.4000000060
60844  54.111  -18.422  72.086 0.3000000119
60845  53.402  -18.243  72.283 0.2000000030
60846  52.645  -18.048  72.547 0.2000000030
62030  55.271  -17.666  71.248 0.3000000119
60861  53.159  -17.720  72.142 0.2000000030
151416  52.375  -17.657  72.362 0.2000000030
60877  50.586  -17.311  70.391 0.1000000015
60910  48.751  -17.667  69.449 0.1000000015
62031  54.681  -17.305  71.298 0.3000000119
60875  52.633  -17.283  71.527 0.2000000030
60876  51.614  -17.175  70.971 0.1000000015
129585  49.835  -17.496  69.488 0.1000000015
62040  55.017  -16.737  70.640 0.3000000119
60889  52.383  -17.036  70.296 0.1000000015
60890  51.484  -17.240  69.804 0.1000000015
128447  49.435  -17.696  68.574 0.1000000015
60888  57.011  -17.147  69.951 0.3000000119
62096  57.860  -16.562  67.918 0.3000000119
60874  53.726  -17.262  71.471 0.2000000030
62042  53.358  -16.876  70.638 0.1000000015
62039  55.605  -17.068  70.717 0.3000000119
60909  50.452  -17.531  68.620 0.1000000015
63230  57.611  -16.109  69.032 0.3000000119
132049  57.986  -16.021  68.178 0.3000000119
63258  58.193  -15.124  67.819 0.3000000119
63271  58.286  -15.026  67.221 0.3000000119
62109  57.700  -16.253  67.393 0.3000000119
62059  54.765  -16.313  70.039 0.1000000015
62080  51.859  -16.956  68.248 0.1000000015
63231  56.408  -15.882  69.569 0.3000000119
62060  53.900  -16.413  69.902 0.1000000015
62062  52.136  -17.006  69.196 0.1000000015
60932  51.061  -17.360  67.944 0.1000000015
63243  57.758  -15.331  68.452 0.3000000119
64421  58.222  -14.430  67.746 0.3000000119
66629  56.975  -12.617  65.819 0.2000000030
68776  58.987  -10.532  63.513 0.2000000030
68789  59.736  -10.063  63.099 0.2000000030
68788  60.747  -10.062  63.555 0.2000000030
68790  58.378  -10.580  62.633 0.2000000030
69869  60.081  -9.585  62.592 0.2000000030
69881  58.379  -9.861  61.319 0.2000000030
68803  57.716  -10.563  61.632 0.2000000030
68817  56.623  -10.517  60.478 0.1000000015
69892  57.901  -9.532  60.567 0.1000000015
69893  56.967  -9.797  60.190 0.1000000015
69914  57.394  -9.083  59.853 0.1000000015
69891  59.015  -9.126  61.165 0.1000000015
71017  58.398  -8.780  60.324 0.1000000015
71038  58.902  -8.098  60.026 0.1000000015
71039  57.828  -8.380  59.499 0.1000000015
77591  62.228  -2.573  49.271 0.1000000015
77549  63.240  -2.345  53.548 0.1000000015
80778  63.602  0.790  48.059 0.1000000015
80762  63.693  0.801  48.811 0.1000000015
78671  62.372  -1.538  49.073 0.1000000015
141948  57.087  -16.538  69.620 0.3000000119
43458  33.833  -32.116  81.716 0.1000000015
138664  50.944  -24.900  74.366 0.2000000030
60864  49.848  -17.356  72.255 0.1000000015
64420  58.600  -14.247  67.335 0.3000000119
65545  56.507  -13.064  66.150 0.2000000030
65546  55.614  -13.387  65.722 0.2000000030
62058  55.591  -16.364  70.116 0.3000000119
72109  59.338  -7.477  59.670 0.1000000015
79724  64.361  0.562  50.519 0.1000000015
80750  63.916  0.632  49.602 0.1000000015
138478  63.122  0.201  48.372 0.1000000015
78685  62.097  -1.292  48.382 0.1000000015
58736  54.206  -19.580  71.778 0.3000000119
60873  55.929  -17.736  70.883 0.3000000119
141954  50.561  -17.300  72.343 0.1000000015
60863  50.867  -17.216  71.513 0.2000000030
60878  49.928  -17.284  71.409 0.1000000015
60891  49.558  -17.399  70.386 0.1000000015
60860  53.991  -17.826  71.925 0.3000000119
139649  50.749  -17.415  69.384 0.1000000015
62041  54.281  -16.775  70.735 0.2000000030
60908  51.319  -17.313  68.823 0.1000000015
63259  57.956  -15.791  67.604 0.3000000119
62061  53.004  -16.672  69.598 0.1000000015
65547  54.749  -13.645  65.403 0.2000000030
67765  57.366  -11.092  62.374 0.2000000030
68802  58.917  -10.006  62.158 0.2000000030
68816  57.416  -10.232  60.810 0.2000000030
68804  56.809  -11.097  61.611 0.2000000030
149935  56.955  -10.708  61.059 0.1000000015
131070  64.676  1.380  49.449 0.1000000015
33723  27.058  -42.371  73.577 0.1000000015
38621  31.076  -36.673  71.437 0.2000000030
35676  25.515  -40.459  79.587 0.1000000015
34640  25.178  -41.104  78.909 0.1000000015
128273  25.195  -41.019  77.971 0.1000000015
139305  25.289  -40.913  77.124 0.1000000015
35701  25.480  -40.415  75.453 0.1000000015
130475  25.550  -41.122  74.626 0.1000000015
33758  37.181  -42.680  69.983 0.2000000030
33750  36.655  -42.444  70.513 0.2000000030
34680  26.312  -42.148  73.887 0.1000000015
145142  25.632  -40.641  73.948 0.1000000015
33751  35.834  -42.297  70.315 0.2000000030
34723  35.102  -41.968  71.014 0.2000000030
35719  26.279  -41.151  72.810 0.1000000015
39486  31.308  -36.665  70.799 0.2000000030
144181  25.837  -39.433  78.549 0.1000000015
144241  25.470  -40.381  77.684 0.1000000015
35689  25.545  -40.133  77.006 0.1000000015
34669  25.380  -41.334  75.593 0.1000000015
35720  25.792  -40.585  73.204 0.1000000015
33760  35.600  -42.326  69.516 0.2000000030
33752  35.091  -42.185  70.171 0.2000000030
34735  34.214  -41.816  70.492 0.2000000030
143769  33.534  -41.269  71.255 0.2000000030
35732  26.088  -40.428  72.329 0.1000000015
34744  33.813  -41.919  69.664 0.2000000030
34736  33.025  -41.429  70.370 0.2000000030
35758  32.325  -39.751  71.166 0.2000000030
37694  31.648  -38.047  70.093 0.2000000030
37684  32.042  -37.918  70.899 0.2000000030
39497  30.862  -36.503  70.254 0.2000000030
39498  30.311  -36.489  69.889 0.2000000030
38563  27.478  -37.569  83.179 0.1000000015
38566  27.238  -37.485  82.330 0.1000000015
38569  26.627  -37.599  80.351 0.1000000015
38567  26.898  -37.445  81.372 0.1000000015
37639  26.366  -38.285  79.631 0.1000000015
36671  26.106  -38.902  79.032 0.1000000015
140198  25.924  -38.942  77.399 0.1000000015
36685  25.766  -39.369  76.899 0.1000000015
37660  25.760  -38.523  75.857 0.1000000015
39442  26.894  -36.775  80.754 0.1000000015
42638  32.473  -32.961  55.589 0.2000000030
56610  41.981  -21.491  54.243 0.1000000015
56652  41.554  -21.429  51.417 0.1000000015
55504  40.848  -21.811  51.956 0.1000000015
55488  39.737  -22.963  52.853 0.1000000015
56687  43.327  -21.345  49.808 0.1000000015
56668  42.522  -21.546  50.171 0.1000000015
55522  40.440  -22.522  51.474 0.1000000015
54350  39.823  -23.004  51.931 0.1000000015
138972  43.932  -22.132  49.455 0.1000000015
55568  43.370  -22.957  49.502 0.1000000015
55569  42.512  -22.958  49.611 0.1000000015
54407  45.751  -23.827  49.333 0.1000000015
141784  44.344  -24.407  49.591 0.1000000015
132620  42.378  -20.829  52.608 0.1000000015
57864  42.970  -20.846  50.444 0.1000000015
57847  43.459  -20.263  51.667 0.1000000015
55565  46.656  -22.507  49.248 0.1000000015
138003  44.861  -21.743  49.340 0.1000000015
143318  44.909  -21.007  49.462 0.1000000015
57880  43.733  -20.591  50.046 0.1000000015
135749  46.336  -21.834  49.259 0.1000000015
56685  45.683  -21.310  49.339 0.1000000015
58924  44.466  -19.470  52.458 0.1000000015
57835  43.586  -20.315  52.563 0.1000000015
58934  44.997  -18.882  51.970 0.1000000015
57863  44.285  -19.958  50.492 0.1000000015
131758  43.496  -20.328  50.801 0.1000000015
57879  44.560  -20.462  49.780 0.1000000015
147864  49.723  -24.829  75.390 0.1000000015
142610  48.980  -24.666  75.494 0.1000000015
52818  48.639  -24.123  75.386 0.1000000015
36677  25.731  -39.606  77.750 0.1000000015
140652  25.740  -39.130  76.229 0.1000000015
35759  31.856  -39.218  70.485 0.2000000030
38632  31.774  -37.031  70.645 0.2000000030
34746  32.247  -41.226  69.593 0.2000000030
53090  39.434  -24.518  53.707 0.1000000015
141215  39.119  -25.289  53.326 0.1000000015
55487  40.259  -22.419  53.327 0.1000000015
54332  39.871  -23.102  53.740 0.1000000015
145248  40.741  -21.971  53.727 0.1000000015
57822  43.804  -20.510  53.385 0.1000000015
57823  43.047  -20.637  53.032 0.1000000015
57846  44.013  -19.910  52.066 0.1000000015
39441  27.207  -36.772  81.748 0.1000000015
137432  27.730  -36.217  83.077 0.1000000015
54351  39.426  -23.660  52.377 0.1000000015
39439  27.518  -36.858  82.718 0.2000000030
34695  26.621  -41.799  73.171 0.1000000015
35683  25.542  -40.239  78.535 0.1000000015
34658  25.204  -41.557  76.458 0.1000000015
32714  37.762  -42.986  70.379 0.1000000015
34724  34.297  -41.558  71.361 0.1000000015
38631  32.103  -37.250  71.310 0.2000000030
36692  25.586  -39.848  76.221 0.1000000015
34726  32.740  -40.697  71.178 0.2000000030
35744  32.679  -40.066  71.702 0.2000000030
56625  42.360  -21.100  53.491 0.1000000015
56626  41.389  -21.536  53.589 0.1000000015
56638  41.580  -21.273  52.539 0.1000000015
56651  42.249  -21.110  50.894 0.1000000015
56637  42.179  -20.879  51.770 0.1000000015
56669  41.770  -21.778  50.569 0.1000000015
135634  40.755  -21.797  52.931 0.1000000015
55505  40.274  -22.383  52.417 0.1000000015
56688  42.932  -22.179  49.647 0.1000000015
55542  42.118  -22.303  49.917 0.1000000015
55543  41.418  -22.515  50.273 0.1000000015
55521  41.073  -22.095  51.016 0.1000000015
54370  40.117  -23.231  51.036 0.1000000015
54371  39.581  -23.724  51.465 0.1000000015
55567  44.822  -22.657  49.304 0.1000000015
144522  44.149  -23.014  49.386 0.1000000015
54408  44.801  -23.609  49.381 0.1000000015
54409  43.838  -23.704  49.471 0.1000000015
54410  42.880  -23.776  49.553 0.1000000015
54411  42.101  -23.555  49.613 0.1000000015
55570  41.758  -23.029  49.767 0.1000000015
132866  45.471  -23.119  49.281 0.1000000015
132867  46.224  -23.167  49.251 0.1000000015
53155  45.225  -24.485  49.523 0.1000000015
57836  42.894  -20.552  52.138 0.1000000015
56686  44.179  -21.156  49.561 0.1000000015
57848  42.808  -20.585  51.227 0.1000000015
55566  45.723  -22.327  49.243 0.1000000015
58935  44.504  -19.448  51.392 0.1000000015
127736  43.931  -19.948  51.266 0.1000000015
32730  37.926  -43.615  70.078 0.1000000015
34708  34.011  -41.136  72.140 0.1000000015
33759  36.449  -42.477  69.684 0.1000000015
36705  30.555  -38.599  73.897 0.1000000015
31708  38.078  -44.411  69.794 0.1000000015
31709  37.631  -43.825  69.308 0.1000000015
148647  34.621  -41.317  72.337 0.1000000015
35727  33.514  -40.444  72.480 0.1000000015
32732  36.936  -42.727  69.170 0.1000000015
36725  32.269  -38.726  71.183 0.1000000015
37656  33.201  -38.498  76.584 0.1000000015
35728  32.986  -39.843  72.311 0.1000000015
37683  32.337  -37.932  71.569 0.1000000015
35699  36.454  -40.518  76.578 0.1000000015
36687  35.775  -39.958  76.838 0.1000000015
36694  34.026  -38.893  76.234 0.1000000015
37662  33.168  -38.359  75.518 0.1000000015
35716  34.033  -40.074  73.635 0.1000000015
36703  33.751  -39.303  74.029 0.1000000015
36704  33.140  -38.674  73.544 0.1000000015
37676  32.518  -38.015  72.317 0.1000000015
35707  35.515  -40.228  75.497 0.1000000015
36699  34.561  -39.915  74.514 0.1000000015
36700  33.923  -39.038  75.064 0.1000000015
42677  34.521  -33.748  53.525 0.1000000015
36892  37.362  -39.638  58.632 0.1000000015
38827  36.727  -37.859  56.335 0.1000000015
39687  34.862  -36.004  53.599 0.1000000015
44950  34.637  -31.372  53.699 0.1000000015
131895  35.083  -32.987  53.549 0.1000000015
37899  36.259  -38.609  56.648 0.1000000015
149217  35.334  -37.329  54.652 0.1000000015
37913  35.208  -38.277  55.581 0.1000000015
137374  34.195  -32.897  53.643 0.1000000015
40595  35.144  -35.277  53.601 0.1000000015
126893  34.665  -37.363  54.333 0.1000000015
43848  33.426  -32.827  54.035 0.1000000015
40597  33.598  -35.429  53.549 0.1000000015
38855  33.801  -37.339  54.176 0.1000000015
40585  32.891  -35.585  53.775 0.1000000015
41577  32.529  -34.887  54.220 0.1000000015
43821  33.210  -32.108  54.528 0.1000000015
42654  32.939  -33.524  54.181 0.1000000015
42655  32.458  -33.579  54.950 0.1000000015
43822  32.789  -32.836  54.702 0.1000000015
41558  32.157  -34.429  55.159 0.1000000015
40574  31.722  -35.838  55.029 0.1000000015
140994  32.024  -35.198  54.839 0.1000000015
66667  53.093  -12.965  63.019 0.1000000015
66646  56.991  -12.309  65.179 0.1000000015
66684  53.633  -12.552  62.474 0.1000000015
132561  57.201  -11.622  63.629 0.1000000015
126135  57.035  -11.472  62.963 0.1000000015
65564  55.232  -13.200  64.908 0.1000000015
65565  54.417  -13.380  64.670 0.1000000015
66630  56.150  -12.836  65.237 0.1000000015
66647  55.596  -12.735  64.446 0.1000000015
66683  54.538  -12.295  62.684 0.1000000015
66664  55.929  -12.348  63.946 0.1000000015
67767  55.519  -11.851  62.356 0.1000000015
67766  56.491  -11.489  62.339 0.1000000015
76546  64.621  -3.474  47.950 0.1000000015
75437  65.079  -3.873  48.368 0.1000000015
75448  64.700  -4.273  47.686 0.1000000015
133935  64.446  -4.632  47.016 0.1000000015
74401  64.944  -4.998  47.395 0.1000000015
74412  64.572  -5.201  46.564 0.1000000015
76656  68.292  -3.872  36.600 0.1000000015
76646  67.792  -3.318  37.213 0.1000000015
76647  67.108  -3.678  37.622 0.1000000015
75491  64.073  -4.757  43.435 0.1000000015
75545  68.196  -4.930  36.585 0.1000000015
75538  67.443  -4.384  37.206 0.1000000015
75539  66.692  -4.363  37.844 0.1000000015
74450  64.777  -5.192  40.979 0.1000000015
75506  64.488  -4.978  41.687 0.1000000015
74442  64.542  -5.577  42.247 0.1000000015
74437  64.134  -5.526  44.153 0.1000000015
74477  67.542  -5.543  37.220 0.1000000015
74478  66.928  -5.134  37.651 0.1000000015
78616  64.756  -1.087  53.768 0.1000000015
78684  65.121  -1.895  48.580 0.1000000015
77602  64.816  -2.634  48.277 0.1000000015
76555  64.318  -3.840  47.018 0.1000000015
77694  67.994  -2.216  38.340 0.1000000015
76567  64.243  -3.793  46.005 0.1000000015
75464  64.123  -4.438  45.349 0.1000000015
77712  68.234  -2.480  37.519 0.1000000015
76634  67.413  -2.939  37.873 0.1000000015
76577  64.481  -3.622  44.670 0.1000000015
128566  64.055  -5.164  44.934 0.1000000015
75531  66.172  -4.364  38.512 0.1000000015
76618  66.246  -3.573  39.120 0.1000000015
75505  64.842  -4.443  41.146 0.1000000015
75499  64.660  -4.236  41.977 0.1000000015
76591  64.530  -4.058  42.857 0.1000000015
74471  66.412  -5.204  38.229 0.1000000015
75532  65.822  -5.135  38.858 0.1000000015
75521  65.417  -4.958  39.565 0.1000000015
75508  65.106  -4.691  40.348 0.1000000015
143264  66.515  0.607  50.200 0.1000000015
79740  66.682  1.056  49.350 0.1000000015
79741  66.164  -0.080  48.820 0.1000000015
78692  65.577  -1.086  48.282 0.1000000015
132217  65.785  -1.026  47.405 0.1000000015
77610  65.023  -1.882  47.659 0.1000000015
77611  64.538  -2.883  47.417 0.1000000015
78704  65.722  -1.431  46.581 0.1000000015
148666  64.881  -2.274  46.811 0.1000000015
77629  65.587  -2.180  45.250 0.1000000015
77620  64.500  -3.017  46.467 0.1000000015
78720  66.388  -1.658  44.853 0.1000000015
77630  64.707  -3.005  45.455 0.1000000015
76617  67.125  -2.777  38.695 0.1000000015
77636  66.543  -1.805  44.119 0.1000000015
77637  65.481  -2.527  44.537 0.1000000015
76598  65.911  -2.747  41.943 0.1000000015
76590  65.210  -3.400  42.386 0.1000000015
77644  65.872  -2.598  42.829 0.1000000015
142798  65.782  -2.509  43.658 0.1000000015
76619  65.569  -4.132  39.771 0.1000000015
76607  65.387  -3.851  40.617 0.1000000015
76599  65.290  -3.601  41.503 0.1000000015
80749  66.439  1.556  50.143 0.1000000015
81814  66.874  1.894  49.381 0.1000000015
79755  66.936  1.055  48.073 0.1000000015
79756  66.365  -0.210  47.759 0.1000000015
78703  66.597  -0.516  46.864 0.1000000015
78714  66.142  -1.520  45.617 0.1000000015
78713  66.832  -0.785  46.050 0.1000000015
129195  67.082  -0.948  45.266 0.1000000015
79802  68.568  -0.189  43.197 0.1000000015
78719  67.282  -1.102  44.543 0.1000000015
77678  66.902  -2.622  39.654 0.1000000015
125837  66.094  -3.266  40.119 0.1000000015
76606  65.992  -3.000  41.041 0.1000000015
80760  67.163  1.796  48.679 0.1000000015
80794  67.494  1.196  47.127 0.1000000015
79769  67.207  0.390  47.107 0.1000000015
79777  67.639  -0.243  45.701 0.1000000015
80801  68.069  0.993  45.731 0.1000000015
79785  68.299  0.113  44.595 0.1000000015
77693  68.737  -1.778  37.976 0.1000000015
77666  67.655  -1.854  40.205 0.1000000015
77660  66.731  -2.218  41.535 0.1000000015
77659  67.548  -1.665  41.122 0.1000000015
77651  67.535  -1.489  42.052 0.1000000015
78740  68.283  -1.017  41.614 0.1000000015
78746  68.319  -1.219  40.735 0.1000000015
80825  65.890  0.689  42.629 0.1000000015
79811  64.654  -0.762  41.524 0.1000000015
79810  65.346  -0.187  41.209 0.1000000015
38611  31.798  -37.073  72.427 0.1000000015
37669  32.658  -37.975  73.974 0.1000000015
38620  31.727  -36.901  71.512 0.1000000015
37668  33.216  -38.470  74.483 0.1000000015
77677  67.802  -2.018  39.256 0.1000000015
77676  68.589  -1.539  38.854 0.1000000015
78752  68.530  -1.316  39.868 0.1000000015
78745  68.824  -0.587  41.081 0.1000000015
81873  67.522  1.497  44.771 0.1000000015
80823  68.724  0.728  42.725 0.1000000015
79815  69.204  -0.152  40.877 0.1000000015
81854  67.357  1.677  46.922 0.1000000015
81866  67.445  1.668  45.409 0.1000000015
79794  68.614  0.355  43.296 0.1000000015
80816  68.530  0.741  43.361 0.1000000015
79808  69.209  0.413  41.109 0.1000000015
78739  68.724  -0.410  41.926 0.1000000015
79784  68.425  0.540  43.993 0.1000000015
79801  68.821  0.098  42.540 0.1000000015
79768  67.431  -0.006  46.407 0.1000000015
79809  69.063  0.005  41.630 0.1000000015
80824  66.881  1.080  42.306 0.1000000015
80832  65.960  0.523  41.721 0.1000000015
77652  66.695  -2.024  42.445 0.1000000015
81874  66.710  1.557  44.903 0.1000000015
80808  68.270  0.860  44.863 0.1000000015
77643  66.652  -1.890  43.319 0.1000000015
38610  32.223  -37.406  72.771 0.1000000015
38601  32.199  -37.554  73.565 0.1000000015
31725  37.816  -44.670  69.030 0.1000000015
36919  35.588  -39.216  56.818 0.1000000015
37900  35.426  -38.720  56.200 0.1000000015
38845  34.902  -37.852  54.974 0.1000000015
38856  32.906  -37.145  54.230 0.1000000015
147838  33.571  -31.457  54.473 0.1000000015
143255  33.932  -31.978  53.904 0.1000000015
80818  65.870  0.865  43.468 0.1000000015
76540  65.208  -3.208  48.724 0.1000000015
79722  66.468  0.830  50.791 0.1000000015
65566  53.632  -13.525  64.453 0.1000000015
32731  37.489  -43.076  69.600 0.1000000015
36714  32.584  -39.032  71.844 0.1000000015
35726  34.003  -40.568  72.959 0.1000000015
36709  32.892  -38.864  72.698 0.1000000015
36693  34.828  -39.499  75.820 0.1000000015
41604  34.892  -34.579  53.503 0.1000000015
41576  35.781  -34.665  53.875 0.1000000015
36902  37.072  -39.251  57.863 0.1000000015
38844  35.656  -37.642  55.260 0.1000000015
38854  35.977  -36.997  54.813 0.1000000015
37912  35.975  -38.073  55.935 0.1000000015
39677  34.386  -36.730  53.796 0.1000000015
40596  34.418  -35.335  53.482 0.1000000015
39676  35.336  -36.663  54.134 0.1000000015
40584  35.633  -35.683  53.957 0.1000000015
43847  34.765  -32.193  53.589 0.1000000015
41605  33.882  -34.556  53.515 0.1000000015
39678  33.511  -36.640  53.783 0.1000000015
39688  34.022  -36.067  53.515 0.1000000015
42678  33.641  -33.632  53.702 0.1000000015
145892  33.159  -34.940  53.692 0.1000000015
41606  33.071  -34.261  53.836 0.1000000015
39679  32.773  -36.339  53.945 0.1000000015
66666  53.880  -12.752  63.267 0.1000000015
66648  54.130  -13.074  63.984 0.1000000015
149449  56.289  -12.461  64.604 0.1000000015
67743  56.936  -12.043  64.279 0.1000000015
67754  56.315  -11.887  63.255 0.1000000015
133388  54.882  -12.978  64.204 0.1000000015
149151  55.260  -12.606  63.872 0.1000000015
66665  54.653  -12.648  63.552 0.1000000015
66682  55.342  -12.276  63.279 0.1000000015
67768  54.791  -11.977  61.877 0.1000000015
75455  64.282  -4.556  46.291 0.1000000015
127250  64.286  -5.215  45.699 0.1000000015
76635  66.690  -3.574  38.209 0.1000000015
75480  64.047  -4.617  44.383 0.1000000015
76585  64.448  -3.910  43.742 0.1000000015
74439  64.291  -5.563  43.117 0.1000000015
74470  66.979  -6.136  37.967 0.1000000015
74441  65.106  -6.041  41.929 0.1000000015
75500  64.279  -4.862  42.514 0.1000000015
145893  65.040  -6.196  42.830 0.1000000015
73357  64.643  -6.068  43.656 0.1000000015
150629  64.329  -3.727  45.361 0.1000000015
76576  65.021  -3.133  43.948 0.1000000015
75520  65.733  -4.453  39.114 0.1000000015
128169  65.119  -3.246  43.228 0.1000000015
80748  66.616  1.299  49.986 0.1000000015
77619  65.216  -2.235  45.994 0.1000000015
78726  67.423  -1.229  43.803 0.1000000015
79786  67.846  -0.425  44.980 0.1000000015
78732  68.323  -0.722  42.585 0.1000000015
79795  68.435  -0.073  43.835 0.1000000015
129087  68.105  -0.664  43.468 0.1000000015
78725  67.962  -0.555  44.226 0.1000000015
77667  66.799  -2.437  40.612 0.1000000015
131752  67.678  0.643  46.581 0.1000000015
81872  67.906  1.316  45.316 0.1000000015
79776  68.111  0.327  45.371 0.1000000015
81865  67.659  1.440  45.979 0.1000000015
80793  67.843  1.119  46.396 0.1000000015
78762  69.142  -1.174  38.445 0.1000000015
150075  68.747  -0.920  40.479 0.1000000015
79803  65.128  -0.082  42.173 0.1000000015
80809  66.753  1.277  44.092 0.1000000015
81880  67.703  1.315  43.987 0.1000000015
126400  68.008  1.210  44.644 0.1000000015
80830  68.949  0.600  41.950 0.1000000015
81885  68.451  0.974  42.998 0.1000000015
149549  68.580  0.950  42.565 0.1000000015
81855  66.663  2.130  46.825 0.1000000015
81886  67.917  1.336  43.002 0.1000000015
78733  67.522  -1.345  42.981 0.1000000015
79767  67.852  0.500  46.046 0.1000000015
81893  67.872  1.308  41.866 0.1000000015
80817  66.846  1.170  43.247 0.1000000015
81867  66.882  1.904  45.906 0.1000000015
133185  68.373  1.171  42.397 0.1000000015
23962  43.895  -52.033  63.730 0.1000000015
23963  43.322  -52.412  64.060 0.1000000015
24851  45.562  -51.359  64.043 0.2000000030
24869  41.011  -51.376  64.962 0.1000000015
26689  40.187  -50.128  64.807 0.2000000030
26705  43.448  -49.697  63.612 0.2000000030
28613  38.883  -47.834  67.810 0.1000000015
28625  38.377  -47.241  66.444 0.2000000030
28636  39.203  -48.094  64.521 0.2000000030
28669  39.372  -47.531  63.693 0.2000000030
29622  38.308  -46.637  67.782 0.2000000030
29692  39.689  -46.261  62.771 0.2000000030
30694  36.839  -45.161  65.595 0.2000000030
30731  42.287  -45.862  63.495 0.2000000030
30733  40.869  -45.166  62.776 0.2000000030
30734  37.624  -45.818  63.225 0.3000000119
31820  36.099  -44.673  62.506 0.3000000119
32778  35.845  -42.954  66.576 0.2000000030
32794  36.175  -44.050  65.907 0.2000000030
32796  34.750  -42.899  65.332 0.2000000030
32819  34.594  -43.404  63.794 0.2000000030
32833  36.396  -43.896  61.214 0.2000000030
33761  34.711  -42.175  69.574 0.2000000030
33762  34.313  -42.145  69.010 0.3000000119
33776  35.881  -42.563  67.869 0.2000000030
33848  36.739  -42.183  60.208 0.2000000030
33852  33.178  -42.365  61.013 0.2000000030
34692  29.362  -41.442  73.391 0.1000000015
34696  25.931  -41.371  73.672 0.1000000015
34725  33.215  -40.634  71.853 0.1000000015
34768  33.168  -42.155  66.974 0.2000000030
34787  33.251  -42.148  65.591 0.2000000030
34833  37.913  -41.945  60.814 0.2000000030
34858  35.871  -41.545  59.413 0.2000000030
35731  26.635  -40.948  72.225 0.1000000015
35746  27.584  -40.756  71.546 0.1000000015
35747  26.206  -40.020  71.685 0.2000000030
35794  31.198  -41.184  65.836 0.2000000030
35803  31.001  -41.100  64.925 0.2000000030
35898  36.089  -40.528  58.720 0.2000000030
36708  33.469  -39.705  73.090 0.1000000015
36717  26.582  -39.885  71.069 0.3000000119
36763  30.549  -39.259  67.922 0.3000000119
36903  36.453  -39.356  57.613 0.1000000015
36918  36.173  -39.148  57.171 0.1000000015
36921  33.139  -39.571  56.309 0.2000000030
37633  26.913  -38.109  81.964 0.1000000015
37647  26.217  -37.897  77.919 0.2000000030
37672  32.625  -38.020  73.134 0.1000000015
37696  27.204  -38.352  69.352 0.3000000119
37914  34.428  -38.435  55.345 0.2000000030
38593  32.170  -37.697  74.257 0.2000000030
38595  31.303  -37.486  73.604 0.2000000030
38599  41.027  -37.456  73.787 0.8000000119
38602  31.772  -37.271  73.235 0.1000000015
38619  32.201  -37.256  71.967 0.1000000015
38633  30.815  -36.589  70.841 0.2000000030
38685  36.926  -37.258  66.524 0.6999999881
38709  35.676  -36.683  64.664 0.6999999881
38792  29.809  -37.384  58.647 0.3000000119
38828  31.165  -37.859  55.863 0.2000000030
39436  27.630  -36.965  83.507 0.1000000015
39452  26.171  -36.252  77.698 0.4000000060
39461  42.594  -36.886  75.417 0.6999999881
39464  25.665  -36.625  75.552 0.4000000060
39508  31.054  -36.622  69.839 0.3000000119
39575  35.596  -36.865  65.777 0.6999999881
39618  34.357  -36.153  61.740 0.6000000238
39664  31.438  -36.515  55.411 0.2000000030
40408  38.855  -36.123  68.425 0.6999999881
40586  32.284  -35.764  54.341 0.1000000015
41149  22.039  -34.013  87.287 0.1000000015
41153  27.483  -33.812  84.895 0.1000000015
41159  23.394  -34.372  84.769 0.1000000015
41239  44.785  -34.195  76.019 0.6000000238
41520  31.671  -34.665  57.807 0.2000000030
42261  24.013  -34.027  83.518 0.1000000015
42334  31.848  -33.148  76.988 0.6000000238
42361  45.088  -33.770  75.858 0.5000000000
43505  39.303  -32.941  76.213 0.2000000030
43512  47.018  -32.026  75.950 0.5000000000
43543  30.961  -32.704  73.967 0.5000000000
43596  32.989  -31.914  70.138 0.6000000238
44586  21.363  -31.234  86.790 0.1000000015
44605  20.677  -31.165  84.695 0.1000000015
44682  28.976  -31.614  74.055 0.5000000000
44700  45.848  -31.668  72.825 0.8000000119
44802  37.542  -31.886  65.275 0.5000000000
44803  33.056  -31.652  65.555 0.6999999881
44896  32.819  -31.402  57.045 0.3000000119
44908  32.763  -31.581  56.061 0.3000000119
45711  34.179  -30.131  82.365 0.1000000015
45719  32.980  -30.389  82.584 0.2000000030
45786  48.996  -30.509  74.941 0.4000000060
45788  47.699  -31.195  75.850 0.3000000119
45841  36.896  -30.958  72.468 0.1000000015
46771  27.279  -28.480  86.219 0.2000000030
46792  32.449  -28.656  82.772 0.4000000060
46808  31.289  -28.398  82.223 0.5000000000
46836  34.066  -29.993  80.113 0.1000000015
46971  32.529  -29.079  73.048 0.1000000015
46972  31.742  -28.751  73.182 0.1000000015
46982  50.573  -28.866  72.125 0.5000000000
47005  41.146  -29.365  70.736 0.1000000015
47180  33.977  -29.648  55.118 0.2000000030
48015  30.114  -28.176  75.148 0.1000000015
48023  49.949  -29.430  74.533 0.3000000119
48060  51.616  -28.087  71.847 0.4000000060
48112  30.854  -27.794  69.853 0.1000000015
48120  50.698  -27.672  68.879 0.8000000119
48171  48.968  -27.986  66.137 0.8000000119
48187  46.668  -28.259  63.893 0.8000000119
49260  30.142  -27.661  70.995 0.1000000015
49271  51.311  -27.521  69.920 0.6999999881
49289  50.769  -27.522  68.418 0.8000000119
49306  51.044  -27.230  68.062 0.8000000119
49320  51.066  -27.059  67.259 0.8000000119
49356  49.033  -27.344  65.356 0.8000000119
49402  43.521  -27.803  59.436 0.5000000000
49433  40.520  -27.059  56.428 0.4000000060
49448  35.988  -26.971  54.979 0.3000000119
49449  35.574  -27.280  55.487 0.3000000119
50312  26.605  -25.978  86.439 0.2000000030
50323  25.783  -26.135  84.315 0.2000000030
50444  51.349  -27.033  69.180 0.8999999762
50490  50.590  -26.539  66.003 0.8000000119
50577  42.902  -27.055  58.385 0.5000000000
51553  27.317  -25.607  84.788 0.2000000030
51625  49.053  -25.475  75.460 0.3000000119
51641  50.757  -25.596  74.548 0.3000000119
51670  51.642  -25.894  72.306 0.4000000060
52868  50.786  -24.691  71.926 0.5000000000
52962  51.644  -24.877  66.007 0.8000000119
54045  48.426  -22.917  75.141 0.1000000015
54109  52.969  -23.296  66.198 0.8000000119
54182  50.507  -22.845  63.610 0.6999999881
55169  49.394  -22.530  75.532 0.2000000030
56340  49.537  -21.726  75.515 0.2000000030
56356  48.660  -21.492  75.305 0.2000000030
56393  47.980  -21.650  72.697 0.1000000015
56431  55.722  -21.047  69.676 0.6000000238
56451  50.720  -21.551  68.267 0.6999999881
56463  55.599  -21.497  68.458 0.8000000119
56477  54.756  -22.045  66.960 0.8000000119
56544  49.131  -21.644  61.586 0.6999999881
57518  49.038  -20.684  75.362 0.2000000030
57535  48.812  -19.974  74.906 0.2000000030
57590  55.343  -20.048  71.111 0.5000000000
57723  57.103  -19.894  60.322 0.1000000015
57750  60.141  -20.585  58.261 0.1000000015
57752  58.514  -20.161  58.716 0.1000000015
58699  49.097  -19.616  74.639 0.2000000030
58710  49.270  -18.847  73.656 0.2000000030
58734  55.542  -19.541  71.151 0.4000000060
58834  58.508  -20.034  61.683 0.1000000015
59761  48.438  -18.639  73.035 0.2000000030
59780  55.871  -18.933  71.070 0.5000000000
59781  54.777  -18.721  71.769 0.4000000060
59783  48.079  -18.332  71.274 0.1000000015
59790  56.549  -18.848  70.458 0.4000000060
59813  56.866  -19.307  69.312 0.5000000000
59918  56.154  -19.100  59.762 0.1000000015
60849  49.390  -17.641  72.440 0.2000000030
60850  48.836  -17.885  72.323 0.2000000030
60872  56.735  -17.906  70.372 0.4000000060
60887  57.387  -17.755  69.590 0.3000000119
60906  57.718  -17.556  68.818 0.4000000060
62077  57.892  -16.816  68.501 0.4000000060
64433  58.649  -14.300  66.836 0.5000000000
66608  59.251  -12.364  66.611 0.4000000060
66626  60.156  -11.953  65.855 0.4000000060
74445  64.752  -5.531  41.582 0.1000000015
125293  25.059  -33.635  72.879 0.3000000119
125786  49.983  -28.258  69.200 0.6000000238
125909  56.350  -20.175  59.473 0.1000000015
126484  55.687  -20.352  58.406 0.1000000015
126779  37.332  -40.054  59.125 0.2000000030
126931  32.774  -41.742  68.944 0.3000000119
128922  41.014  -45.955  62.864 0.2000000030
129398  69.087  -0.604  40.215 0.1000000015
130066  35.225  -41.471  72.540 0.1000000015
130604  47.841  -21.932  71.273 0.1000000015
130796  47.790  -28.130  75.535 0.2000000030
132871  25.544  -38.229  73.836 0.3000000119
133420  34.112  -43.208  62.170 0.3000000119
133490  25.330  -34.945  70.785 0.4000000060
133751  54.113  -22.527  65.981 0.8000000119
133943  25.682  -32.840  71.000 0.4000000060
135001  27.850  -34.392  84.079 0.2000000030
135256  25.184  -34.432  76.080 0.4000000060
136282  38.160  -27.937  59.926 0.5000000000
136307  33.447  -42.546  63.349 0.2000000030
137738  20.666  -29.477  88.167 0.1000000015
138366  56.566  -19.589  70.235 0.4000000060
139898  48.473  -24.891  75.277 0.2000000030
140203  49.398  -24.086  75.478 0.1000000015
140691  37.855  -37.527  69.025 0.6999999881
140710  48.686  -28.243  67.437 0.8000000119
141134  35.353  -41.923  59.518 0.2000000030
141341  27.800  -34.976  83.140 0.2000000030
142079  25.473  -36.074  74.055 0.3000000119
142148  33.056  -41.701  69.528 0.2000000030
142598  26.349  -35.352  78.734 0.3000000119
142820  26.708  -27.328  86.618 0.1000000015
144853  51.620  -25.677  73.335 0.4000000060
145381  39.547  -28.432  60.931 0.5000000000
145639  25.673  -39.046  71.893 0.3000000119
145732  33.495  -39.350  56.027 0.2000000030
145813  42.734  -30.783  74.984 0.2000000030
146473  35.444  -31.015  81.455 0.2000000030
147393  39.833  -35.132  69.990 0.6999999881
147740  25.451  -36.805  71.800 0.4000000060
148422  50.498  -28.458  70.433 0.6000000238
148502  32.580  -34.123  54.416 0.1000000015
148761  50.407  -21.661  74.682 0.2000000030
148818  33.785  -42.710  63.718 0.2000000030
148991  35.245  -43.178  60.607 0.2000000030
149672  27.021  -28.087  86.514 0.1000000015
149675  49.887  -22.107  75.400 0.2000000030
149748  49.724  -22.664  69.156 0.6999999881
149821  31.972  -41.586  68.067 0.2000000030
149844  49.223  -17.511  69.880 0.1000000015
150138  48.390  -26.959  75.381 0.3000000119
150284  30.311  -39.920  66.760 0.3000000119
150288  34.168  -30.365  59.468 0.3000000119
150361  30.820  -38.460  74.549 0.1000000015
150588  31.231  -41.335  61.019 0.2000000030
151075  33.330  -36.032  53.631 0.1000000015
151353  33.759  -29.644  55.824 0.2000000030
151406  48.844  -18.387  73.129 0.2000000030
