#!ascii label  , from subject sub-v2s10x28994_ses-1 vox2ras=TkReg
3330
136  -8.256  -83.548  36.652 0.6999999881
129  -9.778  -83.764  37.719 0.6999999881
122  -10.258  -83.743  39.943 0.6000000238
114556  -9.947  -81.846  43.619 0.8000000119
101789  -10.161  -84.730  37.296 0.5000000000
113231  -10.789  -83.985  39.270 0.5000000000
232  -10.436  -83.085  42.133 0.8000000119
116  -11.701  -83.227  41.560 0.8000000119
41  -11.542  -84.040  38.778 0.6000000238
104931  -6.607  -82.257  37.953 0.6999999881
369  -8.216  -81.197  37.696 0.8999999762
128  -6.967  -83.433  37.027 0.6999999881
110702  -10.855  -78.517  47.380 0.6999999881
336  -9.945  -81.576  45.088 0.8000000119
114  -11.269  -83.162  42.248 0.8000000119
112004  -12.561  -83.243  39.442 0.6000000238
284  -16.516  -82.382  35.011 0.5000000000
1985  -15.589  -75.340  46.141 0.5000000000
106627  -16.056  -74.573  48.742 0.5000000000
1656  -14.960  -76.171  46.735 0.5000000000
1655  -14.126  -76.442  46.416 0.6000000238
1267  -14.049  -77.025  47.536 0.5000000000
2713  -14.978  -73.361  44.994 0.5000000000
107874  -13.329  -76.568  45.999 0.6999999881
2366  -14.450  -73.687  44.461 0.6000000238
1287  -11.120  -77.387  45.645 0.6999999881
103774  -9.043  -83.076  37.336 0.6999999881
107918  -10.096  -81.673  42.324 0.8000000119
978  -10.124  -78.708  44.589 0.8000000119
957  -11.376  -77.606  46.484 0.6999999881
461  -10.264  -80.469  47.666 0.6000000238
121  -9.748  -83.481  39.800 0.6999999881
137  -9.185  -83.776  36.885 0.6000000238
472  -10.762  -81.132  46.927 0.6000000238
485  -11.609  -80.983  46.176 0.6999999881
119  -12.142  -83.171  40.921 0.6000000238
111525  -12.307  -82.603  43.927 0.8000000119
338  -11.459  -81.619  45.591 0.8000000119
226  -12.910  -82.804  42.595 0.8000000119
119529  -13.034  -82.336  43.963 0.8000000119
155  -18.756  -83.601  35.710 0.6999999881
118809  -17.802  -83.713  34.281 0.5000000000
174  -19.922  -83.016  33.221 0.6000000238
287  -20.232  -82.699  32.878 0.6000000238
2651  -11.132  -73.177  52.080 0.4000000060
3094  -11.301  -72.558  51.577 0.4000000060
109369  -10.980  -73.873  51.817 0.6000000238
2657  -11.168  -73.421  51.208 0.6000000238
109098  -11.366  -72.699  50.860 0.6000000238
3106  -12.091  -72.132  48.643 0.6000000238
107413  -15.700  -71.919  48.755 0.3000000119
2331  -11.074  -74.109  49.934 0.6000000238
2664  -11.334  -73.278  50.221 0.6000000238
3115  -11.861  -73.069  48.622 0.6000000238
3136  -14.237  -72.446  46.246 0.5000000000
2688  -16.229  -73.308  47.327 0.4000000060
3143  -14.680  -72.789  45.515 0.5000000000
2698  -13.783  -72.705  45.581 0.6000000238
2338  -11.084  -74.245  49.123 0.6000000238
2687  -11.648  -73.691  47.684 0.6000000238
1275  -4.479  -77.818  46.889 0.8999999762
2710  -12.397  -72.811  44.751 0.6999999881
1303  -10.992  -77.400  43.818 0.6999999881
1294  -11.082  -77.177  44.686 0.6999999881
264  -8.012  -82.756  36.997 0.8000000119
103088  -9.574  -83.325  38.802 0.6999999881
1000  -10.927  -78.786  43.061 0.8000000119
1293  -10.469  -77.900  44.618 0.6999999881
463  -11.762  -80.810  48.142 0.6000000238
108133  -10.364  -79.000  43.880 0.8000000119
107319  -9.751  -79.357  45.336 0.6999999881
956  -10.024  -79.058  47.005 0.6999999881
237  -9.431  -82.921  40.840 0.6999999881
104060  -10.464  -82.646  43.234 0.8000000119
101268  -11.621  -80.873  47.175 0.6000000238
108538  -8.418  -84.343  36.429 0.6000000238
117365  -10.187  -83.397  41.063 0.6999999881
340  -10.975  -82.090  45.242 0.8000000119
118  -11.389  -83.515  40.787 0.6000000238
124  -12.318  -83.770  38.635 0.5000000000
131  -13.032  -83.194  38.596 0.6000000238
161  -16.103  -82.525  34.026 0.5000000000
162  -17.207  -83.252  34.367 0.5000000000
173  -19.311  -83.379  34.426 0.6000000238
577  -20.511  -81.346  31.766 0.6999999881
300  -20.769  -82.194  30.861 0.6000000238
606  -21.074  -80.377  29.684 0.6000000238
3086  -11.208  -72.027  53.139 0.3000000119
3089  -11.112  -72.992  52.913 0.4000000060
114574  -11.333  -71.693  52.494 0.3000000119
110920  -10.403  -76.361  53.166 0.5000000000
107200  -11.424  -71.926  51.042 0.4000000060
2650  -10.936  -73.903  52.560 0.4000000060
1591  -10.186  -77.312  53.369 0.5000000000
2314  -10.724  -74.595  52.022 0.5000000000
1602  -9.370  -77.574  52.289 0.6000000238
1603  -10.081  -76.934  52.481 0.5000000000
2325  -10.725  -74.540  50.583 0.6000000238
112099  -9.317  -76.793  51.032 0.6000000238
3126  -14.727  -71.853  46.860 0.4000000060
2330  -10.628  -74.697  49.847 0.6000000238
3124  -12.942  -72.551  47.201 0.6000000238
1623  -8.533  -76.884  49.890 0.6999999881
1963  -9.031  -75.857  49.391 0.6000000238
3135  -13.241  -72.698  46.498 0.6000000238
2339  -16.164  -74.837  47.950 0.5000000000
2697  -12.676  -72.945  45.930 0.6000000238
2712  -14.237  -72.995  44.788 0.6000000238
1654  -13.358  -76.917  46.760 0.6000000238
2365  -13.870  -73.970  43.930 0.6999999881
370  -8.927  -81.587  38.158 0.8000000119
950  -10.938  -79.480  48.394 0.6000000238
653  -11.802  -80.227  49.123 0.6000000238
256  -9.251  -82.570  38.376 0.6999999881
356  -9.550  -81.664  39.877 0.8000000119
726  -11.202  -79.903  41.452 0.8000000119
335  -10.692  -81.457  46.106 0.6999999881
357  -9.598  -82.180  40.784 0.8000000119
219  -10.270  -82.304  43.918 0.8000000119
473  -12.478  -80.662  47.281 0.6000000238
218  -11.680  -82.386  44.527 0.8000000119
492  -12.129  -81.279  45.285 0.6999999881
783  -22.806  -79.608  36.135 0.3000000119
2096  -21.011  -75.330  33.991 0.4000000060
120  -12.919  -82.748  40.489 0.6000000238
233  -13.623  -82.667  42.164 0.6000000238
222  -13.619  -82.198  43.573 0.8000000119
2453  -20.108  -74.641  33.182 0.5000000000
2454  -20.756  -74.620  32.817 0.6000000238
265  -14.448  -82.154  37.770 0.5000000000
273  -16.844  -82.623  36.644 0.6000000238
1787  -19.479  -75.651  32.522 0.6000000238
163  -18.092  -83.686  34.946 0.5000000000
2137  -20.599  -74.867  31.389 0.6000000238
183  -20.184  -82.869  32.457 0.6999999881
590  -20.346  -80.468  31.312 0.8999999762
405  -20.798  -82.134  31.445 0.6000000238
855  -21.058  -80.106  28.833 0.6999999881
607  -21.242  -80.909  29.289 0.6000000238
2640  -10.709  -73.292  54.286 0.3000000119
3997  -11.363  -70.720  53.447 0.3000000119
4581  -14.011  -69.640  48.745 0.4000000060
1650  -4.247  -76.583  47.195 1.0000000000
117224  -12.213  -70.660  49.096 0.5000000000
1953  -10.031  -75.905  51.568 0.6000000238
4039  -13.671  -70.199  48.345 0.4000000060
1959  -10.257  -75.207  50.669 0.6000000238
3584  -14.777  -70.701  48.083 0.4000000060
3594  -13.113  -71.858  47.500 0.5000000000
3107  -15.816  -72.803  49.433 0.3000000119
111669  -7.517  -78.617  50.234 0.6999999881
1247  -8.133  -77.918  50.498 0.6999999881
2676  -11.520  -73.741  48.491 0.6000000238
101200  -4.544  -76.745  45.117 1.0000000000
2344  -10.192  -74.686  48.096 0.6000000238
2711  -13.349  -72.799  44.768 0.6000000238
2359  -15.147  -74.171  44.838 0.6999999881
1663  -13.347  -76.100  45.181 0.6999999881
1669  -13.364  -75.552  44.481 0.6999999881
102470  -12.556  -76.141  44.603 0.6999999881
1653  -12.440  -77.142  46.463 0.6999999881
1266  -12.781  -77.536  47.386 0.5000000000
111540  -8.693  -80.779  38.190 0.8999999762
528  -10.524  -79.983  39.806 0.8999999762
989  -10.604  -78.216  43.836 0.8000000119
515  -10.758  -80.424  40.848 0.8000000119
103467  -12.610  -80.901  48.186 0.5000000000
227  -13.894  -82.468  42.895 0.8000000119
113563  -12.598  -81.754  44.711 0.8000000119
109590  -13.998  -82.028  40.408 0.6000000238
247  -14.475  -81.862  39.531 0.6000000238
261  -18.718  -82.377  38.687 0.6000000238
1754  -20.772  -75.781  34.854 0.4000000060
1755  -21.335  -76.551  34.292 0.4000000060
140  -17.543  -83.091  37.391 0.6000000238
141  -18.219  -83.201  37.945 0.6000000238
380  -19.520  -81.992  35.987 0.6999999881
2095  -20.317  -74.824  34.454 0.5000000000
110713  -15.707  -82.085  38.051 0.5000000000
109312  -16.495  -82.437  37.497 0.6000000238
1770  -18.983  -76.225  33.218 0.6000000238
2468  -20.512  -74.736  32.244 0.6000000238
165  -19.311  -83.358  35.204 0.6000000238
280  -19.690  -82.860  35.444 0.6999999881
286  -19.963  -82.793  33.776 0.6000000238
1824  -21.044  -75.887  29.339 0.5000000000
2172  -21.689  -75.803  28.908 0.5000000000
1470  -21.617  -77.435  28.018 0.6999999881
1471  -22.622  -77.033  28.068 0.6999999881
422  -20.746  -80.672  28.056 0.6000000238
1165  -22.325  -78.625  27.008 0.6999999881
115856  -21.346  -79.990  26.231 0.6999999881
874  -21.816  -79.428  26.436 0.6000000238
1923  -8.519  -75.669  56.223 0.3000000119
1920  -10.392  -76.292  56.514 0.3000000119
1924  -9.629  -76.455  56.463 0.4000000060
114239  -10.387  -76.669  56.047 0.5000000000
2294  -10.533  -75.087  55.476 0.4000000060
101508  -10.571  -74.281  54.604 0.4000000060
1572  -9.894  -77.393  54.871 0.5000000000
110323  -10.554  -75.907  53.954 0.5000000000
1580  -10.378  -76.978  54.016 0.5000000000
3090  -11.255  -72.362  52.352 0.4000000060
3564  -11.612  -71.243  50.403 0.4000000060
1642  -4.204  -76.693  48.017 0.8999999762
104552  -9.314  -77.766  53.559 0.5000000000
2320  -10.478  -74.996  51.361 0.6000000238
3573  -11.829  -71.502  49.411 0.5000000000
3574  -12.391  -71.177  48.566 0.4000000060
101813  -3.736  -73.938  45.764 0.8999999762
109647  -3.729  -74.140  46.177 0.8999999762
114305  -7.292  -77.806  51.484 0.6000000238
108504  -12.609  -71.725  48.069 0.5000000000
105740  -3.166  -74.422  44.008 0.8999999762
1988  -4.057  -75.539  45.628 1.0000000000
1241  -8.333  -77.901  51.259 0.6000000238
1614  -8.788  -77.268  50.761 0.6000000238
1958  -9.708  -76.007  50.883 0.6000000238
2677  -12.004  -73.331  48.001 0.6000000238
103009  -11.013  -74.245  48.169 0.6000000238
110786  -16.039  -72.814  48.251 0.3000000119
1666  -4.358  -76.214  44.229 0.8000000119
3127  -15.422  -72.228  46.783 0.3000000119
2372  -3.058  -73.969  43.570 0.8999999762
2696  -11.742  -73.499  46.774 0.6999999881
3138  -15.903  -72.935  46.455 0.3000000119
1683  -4.060  -75.989  42.018 0.6999999881
1999  -12.922  -75.235  43.810 0.6999999881
758  -8.867  -79.951  38.446 1.0000000000
110464  -11.487  -76.609  43.729 0.6999999881
108466  -5.647  -83.119  38.665 0.5000000000
244  -5.777  -82.523  38.971 0.6000000238
532  -6.738  -80.716  38.425 0.8999999762
1324  -11.528  -77.735  41.277 0.8999999762
990  -11.183  -77.791  42.932 0.8000000119
526  -6.041  -81.095  39.483 0.6999999881
1017  -11.499  -78.402  40.916 0.8999999762
1001  -11.485  -78.402  41.941 0.8000000119
670  -12.434  -80.397  46.354 0.6000000238
234  -14.593  -82.488  42.146 0.8000000119
342  -12.827  -80.845  44.611 0.6999999881
695  -12.520  -80.417  45.488 0.6999999881
229  -15.353  -82.206  42.208 0.8000000119
119706  -15.554  -82.397  41.084 0.8000000119
118298  -21.429  -77.917  35.256 0.3000000119
110891  -15.092  -82.120  40.455 0.6999999881
250  -18.297  -82.674  39.093 0.6999999881
258  -15.058  -81.865  38.709 0.5000000000
110454  -16.194  -82.364  39.011 0.6000000238
103161  -16.858  -82.638  39.985 0.6999999881
260  -17.955  -83.030  38.835 0.6000000238
108015  -18.177  -83.350  37.152 0.6000000238
142  -18.715  -83.235  37.185 0.6999999881
156  -19.322  -83.262  35.894 0.6999999881
275  -19.453  -82.892  36.491 0.8000000119
103733  -19.957  -82.195  34.040 0.8000000119
567  -19.509  -80.535  33.321 0.6999999881
1406  -19.026  -77.491  33.022 0.6000000238
589  -19.767  -79.552  31.727 0.8999999762
2495  -22.077  -74.764  30.153 0.5000000000
386  -19.776  -82.016  34.951 0.8000000119
576  -19.985  -80.986  32.586 0.8999999762
107172  -20.355  -77.832  29.963 0.6999999881
1140  -20.504  -78.665  29.651 0.8000000119
108866  -20.559  -77.981  29.208 0.8000000119
600  -21.201  -81.166  30.061 0.5000000000
427  -20.695  -80.532  26.809 0.6000000238
109971  -21.411  -80.231  25.989 0.5000000000
883  -22.274  -79.897  25.959 0.6000000238
875  -22.907  -79.430  26.429 0.6999999881
621  -23.015  -80.303  25.050 0.6000000238
620  -22.520  -80.209  25.502 0.6000000238
884  -23.227  -79.915  25.916 0.6000000238
903  -25.311  -79.264  24.742 0.6000000238
2287  -7.845  -75.069  57.014 0.3000000119
1926  -10.647  -76.255  55.746 0.3000000119
110349  -8.971  -76.503  55.612 0.5000000000
1933  -10.553  -76.573  54.822 0.5000000000
2645  -10.845  -73.830  53.567 0.4000000060
3085  -10.976  -72.718  53.734 0.4000000060
4010  -11.620  -70.295  51.785 0.3000000119
1932  -8.513  -76.352  54.789 0.6000000238
1939  -8.582  -76.946  54.135 0.5000000000
2306  -10.634  -74.998  53.039 0.5000000000
1578  -9.311  -77.583  54.195 0.5000000000
4028  -11.887  -70.525  49.780 0.4000000060
4038  -12.808  -70.355  48.592 0.4000000060
1587  -7.382  -76.674  52.378 0.6000000238
1229  -8.101  -77.908  52.285 0.6000000238
1977  -9.367  -75.067  47.916 0.6999999881
1624  -9.209  -76.301  50.327 0.6000000238
104659  -4.549  -77.927  48.259 0.8999999762
652  -5.678  -79.724  48.278 0.8999999762
2352  -10.901  -73.772  46.465 0.6999999881
105557  -4.654  -78.813  47.619 0.8999999762
660  -6.159  -80.108  47.628 0.8999999762
1283  -4.598  -77.972  45.933 1.0000000000
2738  -13.258  -73.568  43.789 0.6999999881
1674  -4.287  -76.379  43.403 0.8000000119
103222  -4.488  -77.288  44.143 0.8000000119
1290  -4.546  -78.237  44.973 0.8999999762
964  -4.615  -79.286  45.721 1.0000000000
470  -5.721  -80.602  46.068 0.8000000119
757  -7.337  -79.971  38.222 1.0000000000
2010  -12.289  -74.863  43.170 0.6999999881
100621  -4.387  -79.554  43.502 0.8000000119
110434  -5.648  -81.105  44.337 0.8999999762
2377  -13.024  -74.209  43.538 0.8000000119
506  -4.908  -80.724  42.729 0.8999999762
361  -5.259  -82.063  39.701 0.6000000238
110845  -8.000  -79.602  38.267 1.0000000000
1023  -9.708  -78.679  39.457 1.0000000000
1332  -10.095  -77.546  40.141 0.8999999762
1304  -11.401  -76.728  42.815 0.6999999881
102012  -10.916  -78.171  40.214 0.8999999762
944  -13.018  -78.857  49.305 0.5000000000
104421  -5.812  -80.446  40.419 0.8999999762
736  -6.684  -79.554  40.266 1.0000000000
749  -9.320  -79.276  39.011 0.8999999762
502  -13.910  -80.939  43.316 0.6999999881
347  -14.482  -81.723  43.051 0.6999999881
345  -13.863  -81.793  43.547 0.6999999881
235  -15.791  -82.290  41.546 0.8000000119
249  -17.804  -82.661  39.688 0.6999999881
365  -18.348  -82.233  39.580 0.6999999881
373  -19.111  -82.315  37.787 0.6999999881
240  -16.167  -82.407  40.748 0.6999999881
241  -16.971  -82.388  40.669 0.8000000119
106141  -19.321  -75.282  33.200 0.6000000238
268  -19.236  -82.771  37.226 0.6000000238
2485  -20.981  -74.661  30.961 0.5000000000
560  -19.459  -81.068  34.175 0.6999999881
117126  -19.205  -79.772  33.361 0.6999999881
102552  -19.500  -79.877  32.637 0.6999999881
1435  -20.087  -76.648  30.959 0.5000000000
2145  -20.737  -75.085  30.615 0.5000000000
376  -19.354  -82.271  36.968 0.6999999881
552  -18.932  -80.916  35.936 0.6999999881
109937  -19.625  -78.677  31.795 0.6999999881
842  -20.494  -79.430  30.231 0.8999999762
1837  -21.280  -76.646  28.701 0.5000000000
102069  -21.316  -78.951  27.046 0.8000000119
1155  -20.701  -78.809  28.652 0.8000000119
1486  -23.116  -77.803  27.601 0.6999999881
110371  -21.480  -80.505  25.697 0.5000000000
1174  -24.495  -79.082  26.652 0.6000000238
1166  -24.503  -78.306  27.151 0.6000000238
623  -24.062  -79.902  24.670 0.6000000238
911  -25.291  -78.960  23.955 0.6000000238
632  -23.885  -79.750  23.961 0.6000000238
910  -24.573  -79.139  23.644 0.6000000238
1212  -24.454  -78.598  23.178 0.6000000238
107427  -26.311  -76.709  23.773 0.6000000238
4026  -8.178  -70.929  49.047 0.8000000119
3114  -7.432  -72.195  48.353 0.8000000119
1938  -7.873  -75.567  54.050 0.6000000238
1622  -7.941  -77.776  49.594 0.6999999881
2732  -3.481  -73.590  43.542 0.8999999762
1613  -6.349  -77.702  50.784 0.6000000238
1976  -8.544  -75.644  47.726 0.6999999881
1244  -4.775  -77.252  49.424 0.6999999881
103003  -7.419  -78.798  49.427 0.6999999881
2343  -9.822  -74.612  47.265 0.6999999881
1254  -6.976  -79.511  49.025 0.6999999881
1644  -7.960  -76.461  47.887 0.6999999881
1983  -9.043  -74.937  47.067 0.6999999881
2704  -3.399  -73.842  44.843 0.8999999762
1262  -4.397  -77.592  47.617 0.8999999762
1277  -7.182  -77.651  46.745 0.8999999762
1991  -8.824  -74.926  46.104 0.6999999881
117667  -10.208  -74.246  46.691 0.6999999881
2709  -10.873  -73.369  45.284 0.6999999881
2743  -3.365  -73.669  42.845 0.6000000238
668  -6.092  -80.437  46.297 0.8000000119
965  -6.463  -79.893  46.583 0.8999999762
2357  -9.479  -74.326  45.498 0.6999999881
2724  -10.963  -73.071  44.099 0.6999999881
2735  -10.722  -73.523  43.285 0.6999999881
116893  -4.740  -80.073  45.463 0.8000000119
2009  -11.641  -74.705  42.619 0.8000000119
108905  -4.394  -78.632  43.982 0.8000000119
692  -4.767  -80.294  44.894 0.8000000119
693  -6.278  -80.753  44.756 0.8999999762
2376  -12.134  -74.035  43.041 0.8000000119
2018  -11.323  -75.360  42.136 0.8000000119
119669  -11.458  -76.042  42.286 0.8000000119
1300  -4.403  -77.537  43.215 0.8000000119
520  -5.126  -80.914  40.996 0.8999999762
113488  -7.238  -79.215  39.523 1.0000000000
1022  -8.809  -78.651  39.363 1.0000000000
116464  -10.706  -77.362  40.445 0.8999999762
1696  -11.125  -76.312  41.293 0.8999999762
512  -4.859  -80.549  41.989 0.8999999762
1015  -8.491  -78.347  39.975 1.0000000000
1331  -9.459  -77.150  40.505 1.0000000000
514  -5.987  -80.522  42.217 1.0000000000
108909  -8.196  -78.293  40.880 1.0000000000
716  -14.901  -79.820  42.242 0.6999999881
521  -6.158  -79.935  41.245 1.0000000000
358  -17.348  -82.083  40.834 0.8000000119
535  -18.806  -81.544  38.338 0.6999999881
101755  -18.951  -81.339  37.321 0.6999999881
2109  -18.942  -75.322  33.788 0.6000000238
770  -18.382  -80.252  36.934 0.6999999881
113536  -19.130  -80.131  33.850 0.6000000238
805  -19.113  -79.105  33.131 0.6999999881
1084  -19.140  -78.376  32.896 0.6000000238
790  -17.973  -79.086  35.935 0.6000000238
782  -18.387  -80.039  36.059 0.6999999881
1472  -23.787  -76.713  28.219 0.6999999881
110498  -20.442  -81.250  25.369 0.6000000238
111842  -23.664  -78.760  27.037 0.6999999881
885  -24.551  -79.598  26.050 0.6000000238
1542  -24.381  -78.159  22.888 0.5000000000
1887  -24.825  -77.161  23.245 0.6000000238
2286  -6.351  -74.437  56.435 0.4000000060
114716  -8.497  -67.686  50.374 0.8000000119
1951  -6.553  -76.074  51.657 0.6000000238
1633  -8.302  -76.460  48.781 0.6999999881
1599  -5.946  -76.402  50.863 0.6000000238
1611  -4.697  -76.046  49.780 0.6000000238
937  -6.172  -79.306  49.346 0.6999999881
119312  -7.661  -77.558  48.506 0.6999999881
101754  -4.303  -75.934  49.120 0.6999999881
1263  -7.080  -79.257  48.166 0.8999999762
1652  -8.002  -76.030  47.088 0.6999999881
2350  -3.895  -74.284  46.920 1.0000000000
1975  -3.953  -75.468  47.664 1.0000000000
1276  -6.794  -78.868  46.683 0.8999999762
1982  -8.164  -75.654  46.221 0.6999999881
2358  -10.107  -73.646  44.850 0.6999999881
114050  -8.909  -74.723  45.179 0.6999999881
2364  -9.382  -74.196  44.422 0.6999999881
119745  -5.799  -80.942  45.188 0.8000000119
482  -5.999  -80.838  45.486 0.8000000119
117118  -10.109  -73.553  43.886 0.6999999881
2027  -10.891  -75.642  41.558 0.8000000119
100044  -4.366  -78.526  42.977 0.8000000119
507  -6.128  -80.965  43.118 1.0000000000
725  -7.038  -79.418  41.217 1.0000000000
1701  -10.206  -76.830  40.562 0.8000000119
1330  -8.773  -77.631  40.548 1.0000000000
1058  -18.073  -78.525  35.246 0.6000000238
1195  -9.742  -78.632  22.901 0.6000000238
904  -10.643  -79.110  23.369 0.5000000000
1204  -10.333  -78.751  22.184 0.6999999881
912  -11.082  -79.113  22.369 0.5000000000
114115  -21.314  -80.949  25.277 0.6000000238
102732  -25.065  -79.136  26.253 0.6000000238
1175  -25.768  -78.613  25.931 0.6000000238
1200  -25.049  -78.565  23.497 0.5000000000
1541  -23.503  -78.095  22.554 0.5000000000
1540  -22.640  -77.721  22.241 0.5000000000
1529  -24.145  -77.688  22.855 0.5000000000
1873  -22.644  -75.887  24.215 0.5000000000
107778  -6.666  -74.470  55.027 0.5000000000
110658  -5.635  -74.133  54.722 0.6000000238
5135  -9.025  -68.332  50.209 0.8000000119
4036  -8.147  -70.707  48.115 0.8000000119
3572  -7.517  -71.659  50.034 0.8000000119
114357  -5.688  -74.131  53.844 0.6000000238
3582  -7.872  -71.381  47.729 0.8000000119
1943  -5.673  -74.597  52.005 0.6000000238
2644  -4.882  -73.155  53.772 0.6000000238
3133  -7.170  -72.810  46.963 0.8000000119
1950  -5.364  -75.013  51.153 0.6000000238
2312  -4.897  -73.590  52.535 0.6000000238
113298  -6.928  -73.151  45.608 0.8000000119
3122  -6.893  -72.864  47.891 0.8000000119
2675  -5.761  -73.323  48.391 0.8000000119
2324  -4.164  -73.875  50.286 0.8000000119
2319  -4.935  -73.931  51.783 0.6000000238
1643  -7.575  -76.961  47.408 0.6999999881
2693  -5.196  -73.661  46.473 1.0000000000
2685  -5.023  -73.610  47.934 0.8999999762
2329  -3.959  -74.090  49.563 0.8000000119
1956  -4.198  -74.644  50.006 0.6999999881
105051  -4.284  -73.958  47.643 1.0000000000
2336  -3.969  -74.300  48.928 0.8000000119
1651  -7.630  -76.478  46.439 0.6999999881
1284  -6.616  -79.165  46.000 0.8999999762
1285  -6.846  -78.024  45.840 0.8999999762
1989  -7.743  -76.033  45.508 0.8000000119
1990  -8.354  -75.316  45.329 0.6999999881
1660  -7.261  -76.924  45.695 0.8999999762
2723  -10.062  -73.692  43.234 0.8000000119
977  -6.608  -79.666  44.558 0.8999999762
1291  -6.670  -78.732  45.178 0.8000000119
2008  -8.301  -75.248  43.558 0.8000000119
703  -6.561  -80.402  43.885 0.8999999762
1301  -6.806  -78.263  44.227 0.8999999762
1675  -7.433  -76.727  43.204 0.8999999762
1686  -8.255  -76.331  41.684 0.8999999762
2383  -8.636  -75.038  42.652 0.8000000119
2384  -9.509  -74.546  42.403 0.8000000119
2385  -10.234  -74.661  42.013 0.8000000119
114511  -9.704  -74.973  41.765 0.8000000119
988  -7.188  -78.707  42.684 0.8999999762
1323  -8.687  -76.780  41.063 0.8999999762
1695  -10.410  -76.041  41.024 0.8000000119
724  -6.656  -79.973  41.950 1.0000000000
714  -7.139  -79.391  42.091 1.0000000000
112871  -7.658  -78.878  41.290 1.0000000000
1007  -7.768  -78.227  41.756 1.0000000000
2025  -9.614  -75.547  41.340 0.8000000119
112066  -17.865  -77.650  35.331 0.6000000238
2548  -7.378  -74.878  24.440 0.6000000238
2558  -7.644  -75.123  23.730 0.6000000238
113097  -18.043  -79.508  36.580 0.6000000238
2907  -7.431  -74.172  23.994 0.6999999881
1202  -9.147  -77.996  22.428 0.6000000238
1516  -8.273  -77.953  24.430 0.6000000238
2925  -7.549  -73.335  24.035 0.6999999881
1533  -9.165  -77.355  21.605 0.6999999881
1203  -9.785  -78.312  22.038 0.6999999881
117391  -9.831  -76.553  20.855 0.6999999881
3363  -7.187  -72.747  24.884 0.6999999881
2940  -8.213  -73.623  22.413 0.6999999881
1215  -10.310  -78.019  21.437 0.8000000119
1890  -10.811  -76.626  21.016 0.6999999881
3840  -7.063  -72.392  25.000 0.6999999881
1205  -11.490  -78.814  21.562 0.8000000119
1547  -13.315  -78.065  20.744 0.5000000000
1476  -28.871  -77.863  27.814 0.5000000000
1491  -28.631  -77.435  27.097 0.5000000000
3850  -7.907  -72.547  24.030 0.6000000238
110881  -11.957  -78.224  20.918 0.8000000119
2186  -29.401  -75.936  27.641 0.5000000000
1857  -29.173  -76.526  26.937 0.5000000000
1514  -28.303  -76.718  25.782 0.6000000238
1512  -27.293  -77.519  25.018 0.6000000238
1217  -12.842  -78.575  21.089 0.6000000238
2198  -28.047  -75.539  26.239 0.5000000000
1865  -27.984  -76.458  25.107 0.5000000000
1520  -27.116  -77.345  24.285 0.6000000238
1193  -26.424  -77.913  24.015 0.6000000238
5410  -9.657  -68.664  25.321 0.6000000238
1901  -14.708  -76.471  20.337 0.5000000000
2251  -15.056  -75.732  20.173 0.6000000238
2534  -27.256  -74.814  27.116 0.5000000000
1201  -25.733  -78.157  23.648 0.6000000238
5961  -9.733  -67.602  24.756 0.6000000238
1554  -13.789  -77.533  20.380 0.6000000238
1876  -25.339  -76.564  23.757 0.6000000238
2238  -22.416  -75.208  23.732 0.5000000000
1874  -23.140  -76.283  24.249 0.5000000000
2226  -23.002  -75.429  24.959 0.6000000238
2210  -23.776  -75.252  25.337 0.6000000238
2917  -23.639  -73.319  24.791 0.6999999881
2624  -5.745  -74.107  57.403 0.3000000119
2629  -5.709  -74.234  56.772 0.4000000060
2285  -5.417  -74.073  56.059 0.4000000060
2298  -5.234  -73.810  55.092 0.6000000238
2639  -5.120  -73.392  54.628 0.6000000238
114300  -4.552  -73.250  51.773 0.6999999881
2311  -4.569  -73.207  52.230 0.6000000238
108089  -5.513  -73.585  47.135 0.8999999762
2674  -4.432  -73.636  49.019 0.8000000119
118106  -4.335  -73.912  48.147 0.8999999762
2668  -4.126  -73.775  49.781 0.8000000119
1292  -6.987  -77.369  44.820 0.8999999762
113328  -7.061  -77.264  43.940 0.8999999762
1998  -8.610  -74.919  44.417 0.6999999881
2007  -7.754  -75.917  43.493 0.8999999762
104553  -8.110  -75.558  42.905 0.8999999762
1685  -7.812  -76.491  42.303 0.8999999762
2016  -9.022  -75.181  41.846 0.8000000119
1314  -7.523  -77.471  42.495 0.8999999762
1315  -8.006  -77.085  41.721 0.8999999762
2239  -7.952  -75.428  22.949 0.6000000238
2566  -7.925  -74.538  22.915 0.6000000238
1523  -8.507  -77.682  23.279 0.6000000238
109036  -8.670  -76.780  21.892 0.6000000238
1879  -10.949  -76.513  22.336 0.6000000238
1899  -10.242  -76.467  20.945 0.6999999881
1880  -11.294  -76.792  23.240 0.6000000238
1534  -10.763  -77.150  21.154 0.6999999881
1535  -11.670  -76.980  20.957 0.6999999881
3841  -7.566  -72.317  24.726 0.6999999881
3842  -8.138  -72.031  24.322 0.6000000238
1546  -12.226  -77.453  20.751 0.6999999881
1904  -12.978  -76.598  19.802 0.8000000119
1504  -28.907  -76.946  26.643 0.5000000000
116000  -12.668  -77.845  20.612 0.8000000119
2199  -28.766  -75.905  26.657 0.5000000000
1553  -13.133  -77.554  20.300 0.8000000119
113799  -14.474  -76.126  19.658 0.8000000119
2978  -16.118  -72.900  20.469 0.6000000238
2521  -27.593  -74.592  27.889 0.6000000238
2214  -27.852  -75.805  25.441 0.5000000000
2230  -27.592  -76.121  24.837 0.5000000000
1877  -27.008  -76.869  23.972 0.6000000238
2593  -14.889  -74.542  19.284 0.8000000119
2533  -26.215  -74.418  27.154 0.5000000000
2546  -26.022  -74.771  26.260 0.5000000000
2212  -25.877  -75.275  25.343 0.5000000000
3355  -25.296  -72.636  26.065 0.6000000238
3870  -17.016  -71.271  20.472 0.5000000000
2968  -23.489  -73.688  21.826 0.6000000238
2950  -23.887  -73.533  22.602 0.6000000238
5692  -8.551  -67.182  51.171 0.8000000119
2623  -5.155  -73.482  57.590 0.3000000119
3058  -5.208  -73.083  56.759 0.4000000060
101346  -5.018  -73.202  57.218 0.4000000060
2628  -5.291  -73.679  56.650 0.5000000000
3069  -5.918  -72.735  55.589 0.6000000238
4561  -8.571  -69.111  49.191 0.8000000119
4027  -8.508  -69.988  49.174 0.8000000119
103913  -8.284  -70.667  50.114 0.8000000119
110847  -5.224  -72.690  53.713 0.6000000238
109124  -4.619  -72.913  52.586 0.6000000238
3082  -4.728  -72.931  53.339 0.6000000238
3104  -6.902  -72.504  49.161 0.8000000119
3098  -5.517  -72.762  50.507 0.8000000119
3093  -4.579  -72.910  51.883 0.8000000119
3112  -5.368  -73.250  49.210 0.8000000119
2662  -4.430  -73.525  50.648 0.8000000119
3097  -4.772  -72.969  50.904 0.8000000119
3102  -4.691  -73.307  50.040 0.8000000119
1878  -8.168  -76.888  23.040 0.6000000238
2926  -7.760  -73.724  23.309 0.6000000238
1898  -9.740  -75.874  20.844 0.6999999881
104156  -8.837  -73.803  21.575 0.6999999881
1897  -8.857  -76.016  21.414 0.6999999881
113449  -10.268  -75.789  20.935 0.6999999881
2241  -10.445  -75.268  21.465 0.6000000238
3379  -7.947  -73.123  23.183 0.6000000238
3364  -7.756  -72.822  24.056 0.6999999881
3851  -8.281  -71.878  23.276 0.6999999881
2232  -12.307  -76.446  22.868 0.6000000238
104906  -8.423  -71.354  23.703 0.6999999881
1545  -11.470  -77.418  20.841 0.6999999881
1891  -11.893  -76.918  22.109 0.6999999881
2585  -12.873  -74.898  19.860 0.8000000119
2962  -12.928  -73.429  20.992 0.6999999881
4312  -8.592  -71.350  24.686 0.6999999881
3415  -12.890  -72.705  20.111 0.6999999881
3878  -12.995  -71.723  20.279 0.6999999881
2590  -13.234  -74.665  19.451 0.6999999881
109152  -13.074  -72.992  19.591 0.6999999881
2592  -14.261  -75.126  19.109 0.8000000119
2988  -14.423  -74.222  19.074 0.8000000119
2520  -26.589  -74.127  27.885 0.6000000238
2989  -15.017  -73.486  19.035 0.8000000119
3417  -16.282  -71.923  20.098 0.6000000238
3879  -17.800  -71.098  20.623 0.6000000238
3333  -26.330  -72.887  27.751 0.5000000000
2545  -24.894  -74.586  26.312 0.5000000000
3422  -15.195  -72.467  18.943 0.6000000238
4372  -17.080  -70.629  19.834 0.6000000238
3372  -25.059  -72.768  25.227 0.5000000000
2901  -23.913  -73.442  25.887 0.6999999881
2932  -24.317  -73.346  23.476 0.6000000238
105373  -19.049  -70.682  18.806 0.4000000060
2969  -24.447  -73.723  21.661 0.5000000000
2981  -23.439  -73.546  19.973 0.5000000000
107444  -7.371  -65.616  52.345 0.8000000119
3507  -4.648  -71.867  57.737 0.5000000000
3049  -4.548  -72.846  57.794 0.4000000060
3050  -5.303  -72.386  57.315 0.5000000000
3517  -6.307  -71.604  56.990 0.5000000000
5159  -7.996  -68.695  48.804 0.8000000119
4017  -8.853  -70.020  50.686 0.8000000119
3070  -6.988  -72.116  55.848 0.6000000238
4578  -7.622  -69.277  48.266 0.8000000119
106170  -7.474  -71.757  55.167 0.6000000238
4051  -7.754  -70.581  47.398 0.8000000119
4016  -8.221  -70.863  51.188 0.8000000119
3563  -7.385  -71.603  50.955 0.8000000119
3549  -7.217  -72.029  53.538 0.6999999881
3084  -6.395  -72.363  54.044 0.6000000238
3571  -6.732  -72.422  49.900 0.8000000119
3553  -6.192  -72.233  52.421 0.6999999881
3083  -6.203  -72.281  53.216 0.6000000238
2959  -9.497  -73.498  21.124 0.6999999881
2576  -9.336  -74.403  21.150 0.6999999881
2247  -9.087  -75.187  21.174 0.6999999881
2578  -10.200  -74.378  21.160 0.6999999881
2568  -10.461  -74.390  21.865 0.6000000238
2941  -8.684  -73.085  21.698 0.6999999881
100253  -10.563  -76.009  22.773 0.6000000238
3393  -8.505  -72.304  21.917 0.6999999881
1869  -11.668  -76.578  24.247 0.6000000238
3380  -8.193  -72.472  22.983 0.6999999881
3404  -9.153  -72.515  21.178 0.6999999881
2570  -13.079  -74.755  22.589 0.6999999881
2943  -13.380  -73.658  22.219 0.6000000238
2580  -12.927  -74.408  21.491 0.6000000238
3396  -13.441  -72.865  21.840 0.6000000238
1900  -12.363  -76.824  20.405 0.8000000119
3868  -13.314  -71.560  21.201 0.6999999881
4361  -13.649  -69.863  21.050 0.6999999881
117060  -13.169  -71.190  19.863 0.6999999881
5477  -14.793  -68.752  20.344 0.6999999881
3885  -13.610  -72.033  19.247 0.6999999881
2884  -27.855  -73.231  28.310 0.4000000060
3000  -14.569  -72.748  18.842 0.6999999881
5490  -15.867  -68.752  19.881 0.6999999881
105614  -28.058  -72.666  26.289 0.5000000000
3344  -27.025  -72.616  27.194 0.5000000000
117857  -25.540  -72.626  26.576 0.5000000000
2891  -24.478  -73.445  26.537 0.6000000238
3356  -26.142  -72.585  25.971 0.5000000000
4380  -16.307  -70.332  19.314 0.6999999881
4382  -18.207  -70.224  19.140 0.4000000060
4396  -19.849  -70.987  17.802 0.4000000060
2919  -25.819  -73.093  24.178 0.5000000000
2918  -24.764  -73.076  24.348 0.6999999881
3371  -24.267  -73.009  25.390 0.6999999881
2982  -24.568  -73.591  19.964 0.4000000060
2933  -25.532  -73.504  23.134 0.5000000000
2951  -24.823  -73.626  22.491 0.5000000000
2983  -25.541  -73.948  19.828 0.4000000060
3961  -4.719  -70.941  57.623 0.4000000060
5675  -7.592  -66.589  51.709 0.8000000119
6165  -8.422  -66.671  52.753 0.8000000119
3962  -5.714  -71.115  57.321 0.5000000000
4499  -4.398  -69.503  56.795 0.4000000060
3971  -5.092  -70.158  57.106 0.4000000060
3972  -6.099  -70.156  56.610 0.5000000000
5110  -9.051  -68.342  52.806 0.8000000119
5633  -7.654  -67.341  54.681 0.6000000238
4537  -9.365  -68.600  51.486 0.8000000119
102617  -9.043  -69.928  52.158 0.8000000119
3980  -7.507  -70.453  55.575 0.6000000238
4003  -8.710  -70.354  52.909 0.8000000119
116723  -8.178  -71.112  54.122 0.6999999881
3540  -7.580  -71.812  54.323 0.6000000238
108745  -8.379  -70.892  52.172 0.8000000119
3554  -7.442  -71.756  52.764 0.6999999881
3558  -6.291  -72.242  51.613 0.8000000119
2942  -10.428  -73.481  21.613 0.6000000238
3365  -10.736  -73.471  23.758 0.5000000000
111538  -9.865  -72.785  20.884 0.6999999881
2960  -10.084  -73.565  21.008 0.6999999881
2927  -10.582  -73.940  22.850 0.6000000238
2249  -10.132  -75.120  20.866 0.6999999881
2559  -10.450  -74.981  22.884 0.6000000238
3405  -9.588  -71.983  20.857 0.6999999881
3865  -8.848  -71.539  21.348 0.6999999881
119619  -13.684  -73.027  22.404 0.5000000000
4914  -8.477  -70.033  21.961 0.6999999881
2928  -13.609  -73.973  23.194 0.5000000000
118998  -13.526  -72.194  21.767 0.6000000238
4345  -14.786  -70.106  22.647 0.4000000060
1892  -12.241  -76.630  21.667 0.6999999881
2242  -12.612  -75.817  22.289 0.6999999881
113413  -8.653  -70.238  23.563 0.6999999881
4886  -9.005  -69.177  23.942 0.6000000238
2569  -12.745  -75.228  21.710 0.6999999881
2579  -12.680  -75.157  20.744 0.8000000119
4344  -14.241  -69.332  21.652 0.6000000238
5460  -15.865  -67.469  21.240 0.6000000238
4296  -8.807  -71.182  25.718 0.6999999881
2254  -12.810  -75.920  19.960 0.8000000119
4932  -13.939  -68.984  20.783 0.6999999881
1907  -13.276  -75.990  19.479 0.8000000119
105730  -13.209  -72.075  19.654 0.6999999881
5458  -14.583  -68.491  20.724 0.6999999881
116265  -15.656  -67.619  20.914 0.6999999881
110340  -19.025  -66.878  20.772 0.5000000000
3431  -13.846  -72.774  18.954 0.6999999881
4371  -13.612  -69.756  20.303 0.6999999881
6014  -16.747  -67.446  20.411 0.6999999881
6018  -21.414  -66.723  20.012 0.5000000000
3892  -14.566  -71.427  18.873 0.6999999881
4384  -14.400  -70.781  19.129 0.6999999881
4957  -15.021  -69.798  19.478 0.6999999881
6015  -17.649  -67.188  20.169 0.6999999881
6016  -18.597  -67.139  19.960 0.6999999881
3893  -15.275  -71.514  18.948 0.5000000000
5491  -16.542  -68.742  19.646 0.6999999881
5498  -23.697  -68.346  18.865 0.6000000238
5499  -24.531  -68.509  19.071 0.6000000238
3374  -26.951  -72.807  25.104 0.5000000000
4386  -16.584  -69.854  19.404 0.5000000000
4388  -18.735  -70.150  18.696 0.6000000238
113661  -21.083  -71.631  17.763 0.5000000000
4393  -24.361  -70.372  18.393 0.5000000000
108039  -24.530  -72.531  18.804 0.4000000060
2953  -26.560  -73.875  22.531 0.5000000000
2920  -26.889  -73.182  24.097 0.4000000060
109885  -21.928  -72.089  17.921 0.4000000060
3436  -23.815  -72.369  18.647 0.4000000060
2970  -26.416  -74.340  20.835 0.5000000000
2952  -25.706  -74.066  21.669 0.5000000000
2984  -26.436  -74.119  19.893 0.5000000000
3902  -19.953  -71.742  18.283 0.6000000238
100525  -7.532  -64.277  53.053 0.8000000119
6632  -7.695  -64.974  53.534 0.6999999881
4489  -3.139  -69.764  57.701 0.3000000119
6177  -7.810  -66.223  52.402 0.8000000119
6164  -7.937  -65.782  53.083 0.8000000119
4498  -3.554  -69.196  56.964 0.4000000060
5703  -7.804  -67.666  49.997 0.8000000119
5071  -4.385  -68.792  56.339 0.4000000060
5621  -3.950  -67.631  56.210 0.4000000060
108361  -7.059  -68.616  48.755 0.8000000119
5122  -9.346  -68.046  51.279 0.8000000119
6134  -7.146  -66.567  55.220 0.4000000060
4500  -5.336  -69.298  56.290 0.4000000060
5080  -5.124  -68.507  55.916 0.4000000060
5079  -4.558  -67.963  55.978 0.4000000060
4050  -7.011  -70.295  47.029 0.6999999881
102221  -8.978  -69.425  52.885 0.8000000119
4507  -7.201  -69.618  55.430 0.6999999881
5081  -5.952  -68.626  55.612 0.4000000060
4515  -8.260  -70.374  54.212 0.6999999881
3996  -8.398  -70.724  53.560 0.6999999881
119052  -10.281  -72.881  21.110 0.6000000238
103168  -10.272  -72.219  20.930 0.6999999881
3381  -10.768  -72.961  22.786 0.5000000000
3382  -11.136  -72.038  22.974 0.5000000000
3843  -11.560  -71.759  24.138 0.5000000000
2908  -10.450  -74.452  24.200 0.5000000000
1868  -11.011  -76.584  24.474 0.6000000238
4329  -8.407  -70.769  22.646 0.6999999881
4357  -8.912  -70.713  21.192 0.6999999881
4358  -9.428  -70.275  20.897 0.6000000238
5445  -12.301  -68.294  22.476 0.6000000238
110347  -12.267  -70.431  24.668 0.4000000060
2219  -12.331  -76.235  23.882 0.6000000238
1859  -10.790  -76.218  25.176 0.5000000000
4900  -8.682  -69.038  22.878 0.6000000238
3859  -13.866  -71.638  22.113 0.6000000238
5447  -16.281  -67.740  22.105 0.5000000000
5461  -16.942  -67.236  21.426 0.5000000000
2976  -12.903  -73.803  19.880 0.6999999881
3421  -13.367  -72.831  19.330 0.6999999881
4377  -13.871  -70.637  19.487 0.6999999881
112288  -19.314  -66.875  20.476 0.5000000000
4958  -15.938  -69.457  19.570 0.6999999881
5492  -17.376  -68.780  19.344 0.6999999881
6017  -20.424  -66.853  20.144 0.5000000000
102903  -27.946  -73.581  23.616 0.4000000060
3375  -27.812  -72.905  25.233 0.5000000000
4959  -16.974  -69.368  19.375 0.6999999881
112295  -20.445  -68.616  18.481 0.6999999881
5483  -20.378  -67.646  19.255 0.6000000238
4968  -25.584  -69.813  18.678 0.6000000238
2972  -27.805  -74.175  21.308 0.5000000000
2935  -27.214  -73.674  23.108 0.4000000060
4961  -18.418  -69.654  18.693 0.6999999881
110037  -21.247  -70.071  17.876 0.4000000060
3900  -26.190  -71.332  18.621 0.5000000000
2985  -27.261  -73.773  19.700 0.5000000000
4389  -19.229  -70.144  18.127 0.5000000000
4390  -20.146  -70.266  17.794 0.5000000000
4391  -22.457  -70.390  17.972 0.4000000060
3897  -23.178  -71.252  18.041 0.4000000060
110808  -23.962  -71.201  18.310 0.4000000060
3427  -25.687  -73.094  18.884 0.4000000060
3904  -21.608  -71.105  17.741 0.4000000060
3437  -25.157  -72.311  18.704 0.4000000060
2994  -25.133  -73.379  19.313 0.4000000060
3425  -24.203  -72.921  19.071 0.4000000060
7526  -7.316  -63.680  53.363 0.6999999881
102718  -7.496  -64.988  52.685 0.8000000119
107398  -7.618  -65.671  54.765 0.6000000238
106496  -3.157  -67.084  57.384 0.3000000119
111543  -3.127  -65.711  57.275 0.3000000119
5702  -6.731  -67.635  50.309 0.8000000119
6152  -8.608  -67.213  53.190 0.8000000119
6151  -8.274  -66.471  53.542 0.6999999881
5651  -8.286  -67.180  53.957 0.6000000238
5630  -4.336  -67.200  55.905 0.4000000060
6590  -3.396  -65.452  56.695 0.3000000119
5652  -8.558  -67.955  53.589 0.6999999881
5642  -8.092  -68.584  54.225 0.6999999881
6598  -3.873  -65.619  56.176 0.4000000060
5082  -6.844  -68.780  55.263 0.6000000238
5631  -5.533  -67.896  55.603 0.4000000060
110094  -5.069  -67.363  55.755 0.4000000060
4521  -8.583  -69.888  53.578 0.6999999881
5091  -7.565  -69.088  54.779 0.6999999881
5632  -6.680  -67.779  55.280 0.4000000060
6132  -5.058  -66.564  55.855 0.4000000060
3394  -10.661  -72.333  21.711 0.5000000000
3858  -10.613  -71.552  21.151 0.6000000238
3395  -11.135  -71.271  22.117 0.5000000000
3844  -12.007  -71.126  24.873 0.4000000060
114568  -10.087  -71.600  20.735 0.6000000238
3867  -10.862  -70.778  21.228 0.6000000238
3852  -11.499  -71.286  23.210 0.5000000000
2549  -10.285  -75.209  25.046 0.5000000000
4929  -9.113  -69.558  21.212 0.6000000238
5444  -11.509  -68.012  21.831 0.6000000238
5433  -12.770  -68.455  23.359 0.5000000000
2203  -10.662  -75.744  25.914 0.5000000000
3829  -8.182  -71.857  25.439 0.6999999881
5432  -8.955  -68.146  23.303 0.6000000238
5998  -12.002  -67.387  22.253 0.6000000238
106676  -12.728  -67.621  22.813 0.6000000238
4313  -9.074  -70.263  24.772 0.6999999881
5997  -10.975  -67.058  21.935 0.6000000238
106230  -9.351  -69.268  24.835 0.6999999881
5422  -9.308  -68.316  24.314 0.6000000238
5971  -9.377  -67.367  23.694 0.6000000238
5972  -9.891  -66.681  24.092 0.6000000238
103635  -16.358  -67.300  20.863 0.6999999881
2902  -28.701  -73.053  25.246 0.4000000060
5493  -18.804  -68.224  19.214 0.6999999881
5485  -22.569  -67.216  19.326 0.5000000000
2937  -29.837  -73.882  23.646 0.4000000060
112494  -18.169  -68.951  18.943 0.6999999881
4966  -24.003  -69.404  18.550 0.6000000238
115665  -27.905  -73.917  22.784 0.4000000060
2974  -29.481  -73.658  21.656 0.4000000060
4962  -19.776  -69.410  18.168 0.6999999881
112442  -20.567  -69.470  18.040 0.6999999881
4965  -23.097  -69.313  18.362 0.5000000000
107848  -25.054  -70.368  18.474 0.5000000000
2997  -27.183  -73.294  19.186 0.5000000000
4392  -23.499  -70.335  18.215 0.5000000000
111059  -25.568  -71.625  18.593 0.5000000000
3428  -26.579  -73.070  18.866 0.5000000000
7987  -6.624  -62.394  52.375 0.5000000000
7072  -7.514  -64.215  52.225 0.8000000119
7525  -6.780  -63.154  53.786 0.5000000000
7067  -7.496  -64.311  53.822 0.5000000000
5674  -6.285  -66.673  51.606 0.8000000119
6621  -8.035  -65.665  53.964 0.6999999881
7060  -7.196  -64.300  54.540 0.5000000000
7059  -6.630  -64.370  55.128 0.4000000060
5690  -5.885  -67.225  51.272 0.6999999881
5145  -5.129  -68.227  49.902 0.6000000238
6611  -7.183  -64.965  55.055 0.5000000000
6601  -6.226  -65.109  55.567 0.4000000060
6133  -6.208  -66.114  55.656 0.4000000060
7040  -2.412  -64.089  57.291 0.3000000119
4576  -5.497  -69.234  48.180 0.5000000000
103828  -5.972  -67.068  55.565 0.4000000060
6600  -5.390  -65.720  55.812 0.4000000060
110436  -3.560  -64.880  56.258 0.3000000119
4314  -11.915  -70.747  23.896 0.5000000000
4343  -11.341  -70.285  21.816 0.6000000238
4330  -12.042  -70.083  23.300 0.4000000060
115820  -11.491  -69.504  21.792 0.6000000238
3815  -7.980  -71.666  26.404 0.6999999881
5455  -9.347  -69.010  21.276 0.6000000238
4279  -8.394  -71.504  26.352 0.8000000119
105166  -8.931  -68.185  22.339 0.6000000238
5983  -9.288  -67.386  22.709 0.6000000238
6453  -10.382  -66.112  23.447 0.6000000238
2922  -29.364  -73.431  24.533 0.4000000060
5949  -10.059  -67.944  25.807 0.6000000238
5496  -21.926  -68.051  18.742 0.6000000238
118471  -29.059  -74.022  22.128 0.4000000060
112348  -18.908  -69.199  18.455 0.6999999881
4963  -21.236  -68.875  18.282 0.6000000238
2973  -28.764  -73.811  21.195 0.4000000060
3429  -27.474  -72.445  18.977 0.5000000000
2986  -28.034  -73.772  20.333 0.5000000000
7532  -7.048  -62.982  52.922 0.5000000000
7978  -6.190  -62.440  53.261 0.5000000000
6644  -6.636  -65.740  51.836 0.8000000119
7058  -6.460  -63.570  54.677 0.4000000060
6175  -5.840  -66.431  51.581 0.8000000119
6643  -5.653  -66.287  51.403 0.6000000238
7506  -4.596  -63.665  55.323 0.4000000060
5688  -3.828  -67.373  50.154 0.6999999881
7051  -4.361  -64.285  55.632 0.4000000060
6599  -4.485  -65.738  55.951 0.4000000060
7049  -2.632  -63.742  56.278 0.3000000119
4931  -10.843  -69.603  21.213 0.6000000238
102605  -11.658  -70.592  22.824 0.6000000238
4902  -12.318  -69.265  23.134 0.6000000238
108528  -6.698  -70.460  25.234 0.6999999881
3803  -7.940  -71.453  26.902 0.8000000119
5995  -9.462  -67.634  21.998 0.6000000238
4265  -8.193  -71.352  27.059 0.8000000119
4856  -9.404  -70.047  27.055 0.6999999881
4871  -9.401  -69.986  25.851 0.6999999881
116469  -13.213  -66.440  23.241 0.6000000238
5398  -9.803  -68.981  26.407 0.6999999881
8445  -6.094  -61.751  51.949 0.5000000000
7986  -5.899  -61.986  52.557 0.5000000000
7988  -7.235  -62.883  52.002 0.5000000000
7080  -7.656  -64.340  51.385 0.8000000119
7996  -7.586  -62.649  51.126 0.6999999881
6653  -7.096  -65.172  51.313 0.6999999881
7965  -5.813  -62.738  54.245 0.4000000060
7964  -4.673  -62.562  54.455 0.4000000060
7518  -5.244  -63.198  54.951 0.4000000060
5133  -4.665  -67.716  50.539 0.6000000238
6660  -6.185  -65.785  49.931 0.6000000238
7517  -4.172  -63.066  55.063 0.4000000060
7516  -3.365  -63.032  55.241 0.4000000060
7493  -2.056  -63.235  56.927 0.3000000119
7505  -3.753  -63.693  55.534 0.4000000060
7504  -2.954  -63.380  55.680 0.3000000119
7050  -3.365  -64.150  56.002 0.3000000119
4869  -6.032  -69.040  24.894 0.5000000000
5457  -11.110  -68.757  21.504 0.6000000238
99464  -7.353  -69.537  26.799 0.6999999881
4837  -7.582  -70.240  27.724 0.8000000119
5443  -10.314  -67.812  21.550 0.6000000238
6470  -11.609  -66.604  22.458 0.6000000238
112391  -8.134  -70.833  27.670 0.8000000119
6454  -11.244  -65.990  22.994 0.6000000238
8454  -6.466  -61.436  51.340 0.5000000000
8444  -5.077  -61.507  52.274 0.5000000000
7995  -6.935  -62.164  51.604 0.6000000238
8455  -7.383  -61.831  50.885 0.6999999881
8442  -3.294  -61.011  52.600 0.4000000060
8957  -1.994  -60.088  55.823 0.3000000119
7545  -8.096  -63.131  50.558 0.8000000119
8433  -4.495  -61.731  52.970 0.4000000060
8432  -3.598  -61.521  53.095 0.4000000060
118640  -2.119  -61.169  54.917 0.3000000119
7096  -6.900  -65.367  49.145 0.6000000238
7976  -4.053  -62.056  53.786 0.4000000060
7975  -3.234  -61.877  53.849 0.4000000060
7962  -2.557  -62.080  54.731 0.3000000119
8406  -2.058  -61.606  55.296 0.3000000119
6659  -5.287  -66.279  49.758 0.6000000238
7950  -2.153  -62.353  55.576 0.3000000119
7937  -1.793  -61.767  56.167 0.3000000119
7503  -2.322  -63.035  55.933 0.3000000119
6368  -10.080  -66.704  31.653 0.6999999881
6455  -12.260  -66.196  22.916 0.6000000238
5898  -9.682  -67.309  31.138 0.6999999881
4870  -6.944  -69.293  25.451 0.6000000238
5397  -7.258  -68.412  25.808 0.6000000238
5906  -10.107  -67.566  30.632 0.6000000238
6915  -13.202  -65.265  23.918 0.6000000238
4838  -9.149  -69.913  28.015 0.8000000119
5927  -10.359  -67.834  28.992 0.6000000238
6443  -11.000  -65.659  23.881 0.6000000238
5387  -9.733  -69.086  27.495 0.6999999881
5926  -10.162  -68.235  28.032 0.6000000238
6925  -11.820  -65.643  23.537 0.6000000238
5938  -10.561  -67.395  27.149 0.6000000238
6913  -11.532  -65.298  24.182 0.6000000238
7376  -12.751  -64.698  24.436 0.6000000238
5950  -10.379  -67.381  26.269 0.6000000238
6411  -10.735  -66.560  26.279 0.6000000238
5962  -10.251  -66.874  25.294 0.6000000238
6442  -10.480  -66.081  24.475 0.6000000238
7368  -11.451  -65.026  25.563 0.6000000238
6422  -11.035  -65.676  25.838 0.6000000238
117937  -11.364  -65.306  26.285 0.6000000238
8453  -5.458  -61.168  51.628 0.5000000000
8990  -3.729  -60.648  51.933 0.5000000000
8001  -8.146  -62.301  50.326 0.6999999881
8011  -8.475  -62.635  49.645 0.6999999881
8979  -2.476  -60.728  53.616 0.4000000060
7552  -8.052  -64.159  49.078 0.6000000238
6827  -11.152  -65.279  32.564 0.6999999881
108593  -8.908  -67.382  30.774 0.8000000119
105576  -6.732  -68.230  25.092 0.5000000000
4816  -7.744  -69.587  28.589 0.8000000119
4799  -8.591  -69.213  29.253 0.8000000119
4817  -8.187  -69.708  28.737 0.8000000119
5366  -9.689  -68.553  29.050 0.6999999881
107598  -10.715  -67.329  28.108 0.6000000238
105417  -10.152  -68.161  26.870 0.6000000238
6412  -11.201  -65.917  26.760 0.6000000238
9000  -4.270  -60.413  51.523 0.5000000000
9002  -6.689  -60.133  50.910 0.6000000238
9509  -3.185  -59.971  51.873 0.5000000000
8988  -2.859  -60.584  52.725 0.4000000060
8462  -7.068  -60.971  50.832 0.6999999881
8002  -8.461  -61.687  49.751 0.6000000238
8430  -2.842  -61.225  53.311 0.4000000060
9498  -2.541  -60.007  53.212 0.4000000060
7553  -8.374  -63.184  49.038 0.6000000238
7108  -5.744  -64.810  48.389 0.6999999881
117015  -10.702  -65.224  32.520 0.6999999881
7263  -11.072  -64.782  32.928 0.6999999881
6367  -9.698  -65.960  31.666 0.8000000119
5960  -7.192  -67.031  25.609 0.5000000000
103211  -7.442  -68.671  27.193 0.6000000238
5364  -8.541  -68.694  29.713 0.8000000119
110078  -7.620  -66.675  26.111 0.5000000000
5386  -7.450  -68.894  28.461 0.6999999881
5365  -9.097  -68.735  29.601 0.6999999881
6904  -11.849  -64.851  24.785 0.6000000238
7362  -11.760  -64.791  26.283 0.6000000238
7351  -12.000  -64.640  27.117 0.6000000238
9516  -4.278  -59.954  51.381 0.5000000000
10080  -3.704  -59.673  51.751 0.5000000000
10069  -3.213  -59.238  52.411 0.5000000000
9472  -2.265  -59.195  56.168 0.3000000119
99454  -2.405  -59.237  54.200 0.3000000119
9012  -8.145  -59.737  49.721 0.6000000238
8474  -8.426  -62.227  49.097 0.6999999881
10037  -2.496  -58.225  55.935 0.3000000119
8472  -8.007  -61.874  48.594 0.6000000238
7107  -4.662  -65.083  48.388 0.6999999881
6384  -7.843  -67.341  28.695 0.8000000119
5937  -7.584  -67.942  27.869 0.6000000238
5925  -7.558  -68.281  29.064 0.6999999881
107605  -10.793  -67.158  30.538 0.6000000238
4798  -8.043  -69.196  29.299 0.8000000119
6386  -10.589  -67.470  29.843 0.6000000238
100723  -11.006  -67.125  28.942 0.6000000238
108992  -11.482  -66.014  27.763 0.6000000238
6887  -11.597  -65.304  27.020 0.6000000238
7363  -12.242  -64.176  26.347 0.5000000000
9517  -5.193  -59.545  51.375 0.5000000000
10081  -4.668  -59.163  51.680 0.5000000000
10082  -5.862  -58.599  51.474 0.6000000238
10060  -2.973  -58.495  53.204 0.5000000000
9018  -7.892  -60.041  48.945 0.6999999881
10651  -2.648  -57.612  54.800 0.3000000119
10049  -2.430  -58.317  54.964 0.3000000119
10021  -2.851  -57.813  56.292 0.3000000119
9534  -7.521  -59.340  49.011 0.6999999881
9017  -7.745  -60.887  48.592 0.6999999881
10612  -2.940  -57.112  56.196 0.3000000119
11918  -3.447  -56.072  55.867 0.3000000119
6826  -10.046  -65.217  32.046 0.8000000119
117660  -9.119  -65.090  29.741 0.8000000119
6860  -8.758  -65.901  29.791 0.8000000119
6397  -8.380  -66.319  28.182 0.6000000238
6375  -8.665  -66.677  30.516 0.8000000119
6835  -10.682  -65.957  32.183 0.6999999881
6410  -8.397  -65.775  27.064 0.6000000238
6847  -11.788  -65.975  31.031 0.6000000238
6409  -8.054  -66.799  27.110 0.6000000238
106915  -11.923  -66.032  30.229 0.6000000238
6863  -12.312  -65.138  29.650 0.6000000238
6387  -11.359  -66.733  29.794 0.6000000238
6862  -11.958  -65.921  29.250 0.6000000238
6399  -11.500  -66.398  28.728 0.6000000238
6875  -12.181  -65.163  28.682 0.6000000238
106130  -12.246  -64.485  27.972 0.6000000238
10071  -5.196  -58.074  51.954 0.5000000000
10083  -6.763  -58.505  51.011 0.6000000238
10662  -3.573  -58.040  52.929 0.5000000000
10109  -7.002  -58.598  49.132 0.6999999881
10070  -4.115  -58.640  52.218 0.5000000000
10652  -3.103  -57.529  53.936 0.5000000000
8020  -7.181  -62.605  48.320 0.6999999881
11297  -2.925  -56.743  55.942 0.3000000119
108679  -6.045  -62.815  48.229 0.6999999881
7752  -9.164  -63.346  30.258 0.5000000000
7281  -9.471  -64.167  31.449 0.8000000119
7316  -9.203  -64.286  29.015 0.6000000238
7331  -8.991  -64.211  27.720 0.6000000238
115701  -9.109  -65.137  28.788 0.6999999881
6421  -7.843  -65.996  26.267 0.5000000000
6886  -8.486  -64.897  26.974 0.5000000000
6873  -8.830  -65.372  27.871 0.6000000238
7283  -12.180  -64.787  32.088 0.6000000238
103368  -8.688  -65.902  28.859 0.6999999881
6837  -11.932  -65.466  31.517 0.6000000238
6848  -12.185  -65.367  30.628 0.6000000238
7299  -12.432  -64.673  30.276 0.6000000238
7317  -12.496  -64.299  29.674 0.6000000238
10674  -6.058  -57.588  51.410 0.6000000238
10684  -6.756  -57.672  50.146 0.6000000238
11316  -4.570  -56.268  53.055 0.5000000000
10653  -3.995  -56.945  53.528 0.5000000000
12532  -3.354  -54.863  55.233 0.5000000000
116596  -3.973  -56.116  53.752 0.5000000000
106893  -2.905  -56.506  55.284 0.4000000060
8031  -6.138  -61.986  48.021 0.5000000000
8179  -9.014  -62.699  31.480 0.8000000119
7714  -10.264  -63.284  33.154 0.6999999881
7729  -9.702  -63.520  32.226 0.8000000119
8169  -9.400  -62.824  32.527 0.8000000119
7760  -9.191  -63.454  29.291 0.5000000000
7745  -9.192  -63.211  31.106 0.6999999881
7332  -9.111  -63.526  28.430 0.6000000238
107167  -12.377  -64.743  31.062 0.6000000238
10664  -5.484  -57.170  51.987 0.6000000238
10108  -6.197  -58.541  48.664 0.6999999881
10683  -6.223  -57.157  50.670 0.5000000000
11333  -5.697  -56.679  51.335 0.6000000238
11323  -5.186  -56.378  52.172 0.5000000000
11956  -3.410  -55.518  54.188 0.5000000000
9025  -5.911  -60.499  47.559 0.6000000238
8178  -8.599  -61.828  30.995 0.8000000119
8147  -8.418  -61.851  33.726 0.8000000119
8630  -8.650  -61.719  34.624 0.6999999881
117112  -8.526  -61.317  29.925 0.5000000000
8156  -8.877  -62.353  33.147 0.8000000119
8148  -9.150  -62.286  34.113 0.6999999881
8631  -9.556  -61.979  34.931 0.6000000238
8189  -8.889  -62.402  30.332 0.5000000000
8202  -9.045  -62.595  29.396 0.5000000000
7759  -8.993  -62.789  28.590 0.5000000000
7350  -8.178  -64.186  26.892 0.5000000000
11966  -4.059  -55.510  53.311 0.5000000000
10096  -6.357  -57.871  49.309 0.6999999881
10691  -6.005  -57.101  49.874 0.6000000238
10122  -5.466  -59.102  48.102 0.6999999881
11332  -5.028  -55.829  51.292 0.6000000238
11974  -4.615  -55.621  52.373 0.5000000000
9554  -5.366  -59.719  47.365 0.6000000238
12562  -2.751  -54.355  53.262 0.5000000000
13175  -3.089  -53.393  54.935 0.5000000000
108522  -5.557  -54.907  55.215 0.3000000119
9188  -7.779  -59.783  32.102 0.6999999881
8648  -7.712  -60.618  33.195 0.8000000119
8612  -8.161  -61.129  35.128 0.8000000119
9200  -8.241  -60.427  30.673 0.6999999881
9189  -8.106  -60.152  31.306 0.6000000238
8629  -7.922  -61.182  34.126 0.8000000119
8683  -8.437  -60.969  30.563 0.6000000238
8666  -8.038  -60.815  32.394 0.8000000119
109424  -7.648  -60.516  35.544 0.6000000238
8168  -8.655  -62.194  32.080 0.8000000119
7773  -8.673  -63.140  27.854 0.6000000238
10705  -5.379  -58.181  48.604 0.6000000238
11355  -5.099  -56.677  49.664 0.6999999881
11344  -4.645  -56.016  50.205 0.6000000238
115465  -4.329  -55.252  51.724 0.5000000000
13162  -4.563  -53.995  55.267 0.4000000060
9553  -4.822  -59.716  46.584 0.6000000238
13177  -5.109  -53.493  54.767 0.4000000060
103402  -7.863  -59.331  30.982 0.5000000000
9199  -7.856  -59.740  30.329 0.6000000238
8614  -9.999  -61.457  35.487 0.6000000238
114032  -3.693  -57.247  48.680 0.6000000238
11965  -3.738  -54.944  52.580 0.5000000000
105141  -4.396  -57.785  48.610 0.6000000238
10690  -4.478  -57.126  49.110 0.6999999881
11990  -4.162  -55.329  50.779 0.6000000238
10689  -3.286  -56.635  48.900 0.8000000119
12573  -2.564  -53.993  51.650 0.5000000000
115402  -2.260  -53.659  53.422 0.5000000000
13176  -4.090  -53.344  54.886 0.5000000000
10904  -6.802  -56.993  33.180 0.5000000000
10919  -5.991  -56.835  31.930 0.5000000000
114694  -6.605  -57.325  34.081 0.6999999881
10268  -6.759  -58.041  33.791 0.6000000238
9691  -6.782  -59.052  34.480 0.6999999881
9681  -6.661  -59.207  35.577 0.6999999881
10288  -7.343  -58.221  31.969 0.5000000000
9702  -7.163  -58.816  33.237 0.6000000238
109573  -6.794  -59.300  36.503 0.5000000000
9711  -7.614  -58.782  31.368 0.6000000238
107928  -7.494  -59.088  32.389 0.6999999881
109507  -7.483  -60.466  33.894 0.8000000119
9692  -7.057  -59.932  35.097 0.6999999881
9682  -7.147  -59.949  36.002 0.6000000238
9167  -7.489  -60.598  34.690 0.8000000119
9179  -7.414  -59.815  33.185 0.8000000119
9148  -7.819  -60.281  36.169 0.6000000238
9133  -9.151  -60.244  36.481 0.6000000238
9150  -9.575  -60.835  35.932 0.6000000238
10121  -3.478  -58.090  48.063 0.6999999881
11973  -3.577  -54.808  51.457 0.5000000000
113577  -3.159  -58.298  47.291 0.6000000238
11353  -2.943  -56.073  49.059 0.6999999881
11998  -2.953  -55.448  49.640 0.8000000119
13185  -2.305  -53.245  53.922 0.5000000000
114630  -2.680  -54.237  50.838 0.6000000238
12561  -2.338  -53.782  52.621 0.5000000000
13856  -3.098  -52.014  54.001 0.5000000000
10893  -6.419  -56.983  34.688 0.6000000238
10879  -6.372  -57.417  35.633 0.6999999881
10249  -6.442  -58.410  36.233 0.6999999881
10276  -7.068  -57.646  32.657 0.5000000000
10258  -6.476  -58.131  34.950 0.6999999881
103152  -7.190  -59.818  34.121 0.8000000119
9652  -7.787  -59.179  37.542 0.6000000238
9666  -7.581  -59.759  36.752 0.6000000238
9667  -8.541  -59.765  37.031 0.6000000238
9668  -9.564  -59.465  36.855 0.6000000238
10711  -3.178  -57.243  48.249 0.6000000238
11343  -3.500  -55.884  49.702 0.6000000238
10704  -2.888  -56.607  48.403 0.6999999881
109316  -2.764  -55.518  49.049 0.8000000119
13209  -2.178  -53.174  52.065 0.5000000000
13198  -2.088  -52.882  53.069 0.5000000000
106853  -2.663  -57.152  47.126 0.6000000238
12586  -2.556  -54.022  50.123 0.6000000238
110425  -2.385  -53.521  51.108 0.5000000000
14525  -3.679  -51.598  53.402 0.5000000000
13871  -4.603  -52.070  53.464 0.5000000000
9651  -6.981  -58.626  37.523 0.5000000000
113400  -7.064  -59.211  37.174 0.6000000238
10237  -8.491  -58.698  38.027 0.6000000238
9653  -8.781  -59.261  37.506 0.6000000238
11988  -2.847  -54.770  50.229 0.6000000238
13870  -2.323  -51.820  52.915 0.5000000000
12018  -2.549  -55.339  47.618 0.6999999881
12596  -2.627  -54.931  48.504 0.6999999881
107740  -2.474  -53.221  49.586 0.6999999881
13220  -2.302  -53.016  50.473 0.6000000238
102006  -2.096  -52.434  51.419 0.6000000238
14532  -4.370  -51.506  52.479 0.5000000000
12616  -2.620  -54.094  46.623 0.8000000119
101507  -2.283  -52.515  49.979 0.6999999881
13885  -2.151  -52.225  50.612 0.6000000238
13869  -2.164  -51.376  52.035 0.5000000000
100890  -2.384  -54.840  45.899 0.8000000119
12168  -6.045  -55.677  34.915 0.5000000000
11555  -6.289  -56.415  35.235 0.6999999881
10862  -6.416  -57.579  36.481 0.6999999881
12155  -5.702  -54.908  36.221 0.4000000060
11534  -6.363  -56.700  36.119 0.6999999881
10840  -6.939  -57.751  37.744 0.6999999881
10839  -6.521  -58.105  37.135 0.6999999881
10236  -7.615  -58.323  38.041 0.6000000238
110664  -3.378  -50.947  52.676 0.5000000000
119791  -2.717  -54.218  48.271 0.8000000119
100820  -2.673  -53.202  48.777 0.8000000119
14533  -5.147  -52.069  51.733 0.5000000000
14551  -2.105  -51.635  50.104 0.6999999881
13876  -2.034  -51.484  51.074 0.6000000238
14538  -2.535  -50.601  51.969 0.5000000000
13878  -5.642  -52.308  50.594 0.5000000000
13246  -2.778  -53.272  46.447 0.6999999881
12649  -2.518  -53.925  44.487 0.6000000238
13263  -2.453  -53.017  45.709 0.8000000119
13288  -2.544  -53.090  44.162 0.6000000238
108475  -6.642  -56.991  37.085 0.6999999881
11514  -6.705  -56.009  37.549 0.6000000238
116867  -7.124  -56.738  37.987 0.6000000238
10822  -7.643  -57.388  38.369 0.6000000238
12119  -6.849  -54.918  40.211 0.5000000000
102033  -6.366  -52.614  50.102 0.4000000060
13236  -3.022  -53.471  47.246 0.6999999881
14550  -2.014  -50.891  50.687 0.6000000238
15273  -2.266  -50.641  51.302 0.6000000238
14553  -5.380  -51.645  49.831 0.5000000000
13887  -6.991  -52.329  49.461 0.4000000060
110264  -3.169  -52.952  47.596 0.8000000119
114127  -2.470  -52.386  49.151 0.8000000119
14539  -3.815  -50.733  51.412 0.5000000000
13886  -6.086  -51.961  49.502 0.5000000000
14593  -2.459  -51.592  45.076 0.6000000238
15347  -2.580  -50.958  43.804 0.6000000238
12141  -6.166  -55.162  37.373 0.4000000060
12726  -5.777  -54.635  38.635 0.5000000000
11499  -6.984  -55.877  38.523 0.6000000238
12695  -5.947  -53.766  39.466 0.5000000000
115722  -7.083  -55.577  39.576 0.6000000238
15288  -3.959  -50.303  49.866 0.5000000000
13237  -3.302  -52.729  46.988 0.8000000119
15285  -2.169  -50.292  50.660 0.6000000238
14562  -5.570  -51.033  49.152 0.5000000000
13903  -3.177  -52.176  47.613 0.8000000119
15975  -2.805  -49.719  50.731 0.6000000238
14563  -6.520  -51.399  49.210 0.4000000060
14574  -3.116  -51.387  47.363 0.8000000119
14573  -2.667  -51.336  48.134 0.8000000119
15306  -2.279  -50.437  48.674 0.6999999881
15983  -2.159  -50.048  50.144 0.6000000238
15287  -3.334  -49.661  49.934 0.6000000238
15315  -2.907  -50.164  46.058 0.8000000119
104258  -2.876  -51.888  45.903 0.6999999881
15336  -2.398  -50.889  44.543 0.6000000238
101337  -2.545  -50.116  45.033 0.6999999881
12709  -5.142  -53.991  38.298 0.4000000060
111081  -5.434  -53.921  39.002 0.5000000000
12696  -6.538  -54.135  39.974 0.5000000000
12697  -7.257  -54.434  40.203 0.6000000238
101832  -2.295  -49.703  48.249 0.8000000119
104312  -2.242  -49.721  49.022 0.6999999881
16007  -2.500  -48.975  48.594 0.6999999881
14582  -3.289  -51.822  46.725 0.6999999881
16769  -2.104  -48.454  47.082 0.8000000119
16759  -2.260  -48.121  47.954 0.6999999881
16071  -2.700  -49.938  43.548 0.6999999881
16059  -2.469  -49.289  44.652 0.6000000238
16072  -3.013  -49.562  42.988 0.6999999881
13354  -6.052  -53.129  38.965 0.5000000000
16017  -2.520  -49.713  47.209 0.8000000119
16746  -3.983  -47.895  49.117 0.6000000238
17507  -1.998  -47.352  47.327 0.8000000119
16753  -2.784  -48.051  48.416 0.6999999881
16030  -2.459  -49.254  46.424 0.8000000119
100119  -2.144  -48.534  46.139 0.8000000119
16782  -2.234  -48.186  45.250 0.8000000119
16073  -3.894  -49.500  42.726 0.6999999881
17546  -2.926  -46.897  44.053 0.6000000238
100398  -4.928  -49.720  43.076 0.6000000238
17558  -4.467  -47.546  42.827 0.6999999881
17479  -10.231  -47.488  51.260 0.6000000238
19618  -10.077  -44.745  51.820 0.5000000000
119203  -5.515  -52.796  38.390 0.5000000000
12120  -7.815  -55.110  40.365 0.6000000238
14017  -6.669  -52.897  38.252 0.4000000060
14021  -6.897  -52.549  37.244 0.4000000060
107973  -1.903  -47.597  46.310 0.8000000119
17498  -3.121  -47.326  48.571 0.6000000238
17516  -2.079  -46.539  46.483 0.8000000119
110243  -3.183  -46.367  47.956 0.8000000119
17487  -3.835  -47.249  48.993 0.6000000238
18257  -2.808  -46.056  45.937 0.8000000119
18252  -2.804  -45.925  47.090 0.8000000119
15965  -7.454  -48.345  52.519 0.5000000000
17547  -3.784  -46.989  43.392 0.6999999881
16826  -5.654  -48.282  42.435 0.6999999881
106925  -5.861  -49.430  42.965 0.6000000238
15989  -9.381  -48.642  50.606 0.6000000238
16734  -9.522  -47.753  51.515 0.6000000238
16828  -7.177  -47.913  42.040 0.6000000238
15990  -10.282  -48.520  50.721 0.6000000238
102746  -9.329  -46.758  43.246 0.6000000238
17564  -10.660  -47.334  43.027 0.6000000238
107846  -11.355  -47.632  42.927 0.6000000238
16786  -12.282  -48.654  45.170 0.6000000238
16044  -12.722  -49.222  45.815 0.6000000238
14015  -5.312  -52.327  37.765 0.4000000060
14734  -6.661  -51.962  36.788 0.4000000060
14020  -6.021  -52.140  37.158 0.5000000000
17466  -8.580  -47.907  52.445 0.5000000000
18280  -4.588  -46.863  43.884 0.6999999881
17559  -5.272  -47.259  42.967 0.6999999881
17570  -6.780  -47.227  42.554 0.6999999881
16002  -10.258  -49.232  49.929 0.6000000238
104682  -7.471  -46.794  42.999 0.6999999881
17562  -8.381  -46.748  43.017 0.6000000238
17563  -10.085  -46.900  43.461 0.6000000238
16043  -11.918  -48.853  45.958 0.6000000238
16045  -13.558  -49.368  45.695 0.6000000238
16046  -14.362  -49.307  45.578 0.5000000000
101468  -4.603  -46.633  44.803 0.8000000119
18269  -5.594  -46.811  45.222 0.6999999881
17519  -7.140  -47.527  46.258 0.6000000238
16760  -6.756  -47.734  47.175 0.6000000238
15999  -7.712  -48.666  49.378 0.6000000238
16009  -8.525  -49.262  48.593 0.6000000238
18281  -5.484  -46.844  44.267 0.6999999881
18282  -6.413  -46.847  44.611 0.6999999881
17548  -7.222  -46.860  44.897 0.6999999881
17520  -7.942  -47.617  46.113 0.6000000238
16018  -8.483  -49.184  47.778 0.6000000238
112130  -10.996  -49.199  50.047 0.5000000000
18289  -6.217  -46.854  43.692 0.6999999881
18283  -7.153  -46.736  43.935 0.6999999881
17531  -7.781  -47.093  45.502 0.6000000238
16772  -9.322  -48.233  46.392 0.5000000000
16019  -9.261  -49.430  47.859 0.5000000000
16012  -11.575  -49.613  48.326 0.5000000000
15991  -11.419  -48.745  50.346 0.5000000000
18284  -7.963  -46.694  43.749 0.8000000119
17532  -8.722  -47.300  45.758 0.6000000238
16031  -9.724  -48.934  46.933 0.5000000000
16021  -11.081  -49.455  47.504 0.5000000000
15992  -12.842  -48.560  50.089 0.5000000000
16742  -12.898  -47.843  50.324 0.5000000000
18247  -13.583  -46.210  49.983 0.4000000060
17491  -14.095  -47.281  49.438 0.3000000119
17550  -8.774  -46.665  44.195 0.6000000238
16783  -9.625  -47.464  45.826 0.6000000238
16773  -10.135  -48.219  46.271 0.5000000000
16774  -11.056  -48.323  46.020 0.6000000238
16005  -13.333  -48.792  49.465 0.5000000000
102212  -14.614  -46.123  48.259 0.3000000119
16784  -10.432  -47.638  45.705 0.6000000238
16022  -12.005  -49.573  47.460 0.6000000238
16023  -12.932  -49.593  47.392 0.5000000000
17502  -14.455  -47.826  48.667 0.5000000000
18254  -14.951  -46.862  47.799 0.3000000119
16035  -13.269  -49.493  46.552 0.6000000238
114180  -14.373  -49.009  47.622 0.6000000238
17512  -14.797  -47.733  48.013 0.5000000000
17513  -15.288  -47.618  47.355 0.5000000000
16765  -14.891  -48.471  47.399 0.6000000238
14019  -5.203  -51.589  37.124 0.4000000060
16020  -10.203  -49.417  47.610 0.5000000000
103736  -11.954  -49.554  49.044 0.5000000000
18974  -14.942  -46.001  47.426 0.3000000119
18250  -14.585  -47.009  48.583 0.3000000119
18255  -15.416  -46.734  47.078 0.4000000060
15444  -6.275  -50.496  36.583 0.4000000060
15445  -7.926  -50.207  36.422 0.4000000060
15446  -8.781  -50.549  36.307 0.6000000238
18979  -20.735  -45.456  46.348 0.4000000060
18986  -17.814  -45.374  45.456 0.4000000060
109018  -19.444  -44.809  46.026 0.4000000060
18981  -22.135  -45.885  46.238 0.4000000060
19648  -15.445  -44.585  45.506 0.4000000060
19649  -16.108  -45.058  45.474 0.4000000060
19650  -16.509  -44.564  45.243 0.4000000060
18991  -23.775  -46.017  45.436 0.4000000060
18995  -24.881  -46.304  44.537 0.5000000000
20320  -14.569  -43.631  44.665 0.3000000119
19662  -15.222  -43.910  44.811 0.3000000119
19651  -17.966  -44.588  45.458 0.4000000060
18989  -21.996  -45.240  45.994 0.4000000060
106856  -22.530  -44.969  45.578 0.4000000060
19663  -15.888  -44.310  45.077 0.4000000060
18994  -24.262  -45.606  44.860 0.4000000060
18999  -25.257  -46.031  43.478 0.5000000000
20337  -15.489  -43.600  44.414 0.3000000119
102616  -17.117  -44.264  45.255 0.5000000000
19665  -24.073  -44.439  43.987 0.4000000060
19673  -24.459  -44.885  41.743 0.5000000000
19002  -25.178  -45.909  42.557 0.5000000000
20336  -14.763  -43.563  43.803 0.3000000119
19667  -24.626  -44.472  42.517 0.5000000000
20364  -23.278  -43.565  41.022 0.5000000000
19672  -23.706  -44.391  41.208 0.5000000000
21058  -23.782  -42.253  42.730 0.4000000060
21075  -23.570  -42.948  41.433 0.5000000000
107623  -23.975  -43.132  41.875 0.5000000000
20363  -21.681  -43.033  40.217 0.5000000000
108911  -22.484  -43.488  40.536 0.5000000000
21789  -23.493  -41.238  41.831 0.5000000000
21068  -23.833  -42.535  41.953 0.5000000000
105257  -22.822  -42.020  40.873 0.5000000000
21073  -22.309  -42.491  40.519 0.5000000000
21796  -22.267  -41.578  40.563 0.5000000000
21788  -22.978  -41.194  41.146 0.5000000000
21795  -21.598  -41.043  40.243 0.5000000000
23217  -21.458  -39.591  40.155 0.4000000060
23208  -22.263  -39.713  40.717 0.5000000000
22526  -21.069  -40.388  39.951 0.5000000000
23224  -18.508  -38.950  38.281 0.3000000119
23216  -20.598  -39.581  39.626 0.4000000060
22536  -19.303  -39.911  38.971 0.3000000119
23198  -22.926  -39.384  41.370 0.3000000119
118131  -22.560  -38.961  40.955 0.4000000060
23886  -19.288  -38.408  38.645 0.3000000119
24594  -20.120  -38.146  39.019 0.3000000119
114811  -11.936  -83.695  39.373 0.6000000238
715  -11.155  -79.542  42.269 0.8000000119
106489  -9.986  -82.911  42.038 0.8000000119
266  -15.145  -81.938  37.167 0.5000000000
267  -18.863  -82.885  37.804 0.6000000238
1240  -7.638  -78.190  50.875 0.6999999881
351  -16.047  -81.775  41.806 0.6999999881
1957  -4.924  -75.510  50.433 0.6000000238
1969  -4.116  -75.752  48.480 0.8000000119
1974  -3.967  -74.544  47.709 1.0000000000
1389  -18.260  -77.761  34.566 0.6000000238
566  -18.876  -79.378  33.843 0.6999999881
1949  -4.468  -74.274  50.759 0.6000000238
2705  -4.958  -73.604  44.902 0.8999999762
111798  -9.639  -73.932  43.580 0.6999999881
1302  -7.073  -77.862  43.354 0.8999999762
111591  -14.379  -77.120  20.472 0.6000000238
105260  -6.059  -73.546  44.651 0.8999999762
1667  -7.427  -76.460  44.911 0.8999999762
2892  -25.190  -73.496  27.202 0.5000000000
2567  -8.626  -74.465  21.869 0.6999999881
2961  -12.790  -74.324  20.555 0.6999999881
3332  -25.583  -72.993  27.488 0.6000000238
3869  -13.696  -70.812  21.550 0.6999999881
4933  -14.542  -68.390  21.291 0.6999999881
3973  -6.679  -70.902  56.715 0.5000000000
4591  -7.348  -69.830  47.669 0.6000000238
2233  -12.773  -75.575  23.318 0.6000000238
4916  -15.010  -68.918  22.263 0.5000000000
6007  -17.355  -66.986  20.729 0.6000000238
5471  -15.932  -67.752  20.584 0.6999999881
3895  -19.449  -70.825  18.302 0.5000000000
4577  -6.675  -69.200  48.140 0.8000000119
6008  -18.387  -66.854  20.578 0.6000000238
3898  -23.637  -71.820  18.306 0.4000000060
106406  -7.471  -68.233  54.763 0.6000000238
3366  -11.098  -72.679  23.893 0.5000000000
2955  -28.278  -74.103  22.087 0.4000000060
5689  -4.920  -67.222  51.148 0.6000000238
7963  -3.536  -62.496  54.573 0.4000000060
5996  -9.950  -66.995  22.162 0.6000000238
5984  -9.746  -66.640  23.021 0.6000000238
9488  -2.175  -59.682  55.060 0.3000000119
6846  -9.112  -65.720  30.753 0.8000000119
7282  -11.494  -65.445  32.212 0.6000000238
6861  -9.245  -64.420  30.279 0.8000000119
9543  -5.975  -59.794  47.838 0.6999999881
9026  -6.937  -60.096  48.301 0.6999999881
11307  -3.152  -55.944  54.924 0.5000000000
110873  -8.319  -61.178  31.551 0.6999999881
8649  -8.297  -61.721  32.746 0.8000000119
12542  -3.015  -54.513  54.840 0.5000000000
9542  -4.769  -59.249  47.468 0.6000000238
12552  -2.485  -54.014  54.100 0.5000000000
11369  -2.589  -56.348  47.554 0.6000000238
13877  -2.092  -52.302  52.361 0.5000000000
11575  -6.251  -56.016  34.393 0.4000000060
13280  -2.392  -53.090  44.905 0.6999999881
13909  -2.871  -52.521  46.230 0.6999999881
12130  -6.464  -55.135  39.304 0.6000000238
11500  -7.613  -56.377  39.028 0.6000000238
12708  -4.765  -53.406  38.244 0.4000000060
12710  -6.112  -54.397  39.608 0.5000000000
13353  -5.299  -53.251  38.586 0.4000000060
13338  -6.439  -53.623  39.581 0.4000000060
17480  -10.936  -47.178  50.815 0.5000000000
16741  -11.013  -48.054  50.784 0.5000000000
18258  -3.836  -45.980  46.510 0.8000000119
16750  -7.510  -48.304  50.679 0.6000000238
16733  -8.812  -47.654  52.068 0.5000000000
18239  -10.665  -46.232  50.875 0.5000000000
17481  -12.014  -48.003  50.547 0.5000000000
16032  -10.592  -48.998  46.776 0.5000000000
18279  -3.672  -46.579  44.353 0.6000000238
18266  -2.824  -46.238  44.891 0.8000000119
18268  -4.696  -46.442  45.768 0.8000000119
16015  -13.939  -49.109  48.151 0.6000000238
16776  -15.446  -48.228  46.804 0.5000000000
14733  -6.039  -51.425  36.727 0.5000000000
16775  -14.531  -49.123  46.959 0.6000000238
19628  -14.374  -44.602  48.329 0.3000000119
18976  -14.863  -45.273  47.074 0.3000000119
110389  -24.948  -45.234  43.071 0.5000000000
20352  -23.969  -43.783  43.457 0.4000000060
102656  -23.494  -41.615  43.341 0.4000000060
109526  -12.298  -78.976  48.950 0.5000000000
114281  -12.313  -79.721  49.424 0.5000000000
1645  -15.169  -76.407  47.612 0.5000000000
1256  -13.881  -77.906  48.760 0.5000000000
654  -12.635  -80.252  49.417 0.5000000000
455  -12.323  -80.711  48.868 0.5000000000
4550  -12.052  -69.460  50.536 0.4000000060
2332  -15.751  -74.769  49.738 0.5000000000
945  -13.673  -78.697  49.795 0.5000000000
681  -13.060  -79.727  45.605 0.6000000238
671  -13.196  -80.045  46.466 0.6000000238
501  -13.403  -80.198  43.903 0.6999999881
696  -13.126  -79.780  44.744 0.6000000238
4018  -11.748  -70.253  50.718 0.3000000119
706  -14.004  -79.727  43.037 0.6999999881
509  -14.650  -80.875  42.714 0.6999999881
516  -16.446  -81.059  41.578 0.6999999881
101764  -22.360  -79.401  35.470 0.3000000119
530  -18.561  -81.605  39.258 0.6999999881
2127  -21.410  -74.920  32.602 0.5000000000
2470  -21.719  -74.799  31.846 0.6000000238
519  -4.470  -81.017  40.867 0.6999999881
537  -18.410  -80.504  37.818 0.6999999881
1488  -25.009  -77.479  27.446 0.6999999881
1207  -13.236  -79.095  21.957 0.5000000000
1208  -13.928  -78.684  22.411 0.5000000000
103526  -22.187  -77.062  21.677 0.5000000000
2246  -22.305  -75.735  22.879 0.5000000000
1039  -17.554  -78.356  37.551 0.6000000238
1057  -17.711  -78.120  35.947 0.6000000238
2547  -7.167  -74.350  24.919 0.5000000000
1490  -27.665  -77.400  27.116 0.6000000238
1501  -26.247  -77.778  26.412 0.6999999881
1493  -29.871  -76.978  27.759 0.5000000000
1548  -14.398  -77.555  21.185 0.5000000000
2916  -22.908  -73.841  24.572 0.6000000238
115937  -22.370  -75.235  22.090 0.5000000000
3134  -7.641  -72.038  46.498 0.8000000119
2217  -7.439  -75.746  24.483 0.6999999881
1908  -13.535  -76.374  19.559 0.8000000119
2900  -23.228  -73.852  25.496 0.6000000238
2931  -23.264  -73.601  23.587 0.6999999881
2967  -23.059  -73.895  21.012 0.5000000000
3839  -6.212  -72.236  25.107 0.6999999881
2261  -13.573  -75.466  19.220 0.8000000119
2508  -28.126  -74.403  28.493 0.4000000060
2873  -27.638  -73.775  28.506 0.4000000060
3444  -21.040  -72.470  18.007 0.5000000000
114217  -24.149  -73.237  19.523 0.4000000060
110675  -14.318  -70.967  22.410 0.5000000000
3435  -22.976  -72.142  18.176 0.4000000060
3896  -22.436  -71.402  17.902 0.4000000060
5062  -2.734  -68.532  57.771 0.3000000119
3828  -7.393  -71.718  25.299 0.6999999881
3345  -27.890  -72.739  27.532 0.4000000060
5146  -6.305  -68.141  49.626 0.6999999881
4590  -6.298  -69.785  47.516 0.6000000238
4049  -5.930  -70.232  46.849 0.6000000238
4295  -5.723  -70.109  24.734 0.6999999881
3397  -13.934  -72.466  22.500 0.5000000000
5157  -4.725  -68.695  49.056 0.6000000238
119880  -6.273  -70.936  24.984 0.6999999881
7563  -7.743  -63.580  48.599 0.6999999881
6669  -4.115  -65.797  48.545 0.6000000238
8021  -8.093  -62.711  48.675 0.6000000238
7562  -6.585  -63.700  48.342 0.6999999881
8483  -6.657  -61.059  47.919 0.6999999881
100295  -4.260  -55.825  55.884 0.3000000119
7262  -10.310  -64.511  32.491 0.8000000119
7716  -11.955  -63.635  33.714 0.6000000238
7255  -12.089  -64.094  33.255 0.6000000238
7746  -12.491  -63.936  32.240 0.6000000238
103554  -12.598  -63.372  32.757 0.6000000238
8497  -5.288  -60.878  46.877 0.5000000000
11934  -3.491  -55.475  55.526 0.4000000060
11935  -3.764  -55.436  55.735 0.3000000119
11936  -5.169  -55.678  55.542 0.3000000119
8157  -9.752  -62.743  33.520 0.6999999881
8149  -10.138  -62.502  34.408 0.6000000238
13161  -3.605  -54.048  55.277 0.4000000060
115727  -4.896  -54.536  55.439 0.3000000119
12535  -5.429  -54.162  55.049 0.3000000119
10127  -3.754  -58.993  47.232 0.6000000238
12574  -2.957  -54.396  52.125 0.5000000000
12553  -6.537  -54.171  54.039 0.3000000119
13188  -6.126  -53.583  53.797 0.4000000060
13844  -3.541  -52.686  54.440 0.5000000000
13857  -3.904  -52.121  53.966 0.5000000000
13858  -5.498  -52.882  53.480 0.4000000060
13859  -5.822  -52.901  52.672 0.4000000060
10238  -9.568  -58.852  37.604 0.6000000238
13872  -5.226  -52.292  52.692 0.5000000000
14611  -2.402  -51.552  44.310 0.5000000000
12156  -6.141  -55.699  35.661 0.6999999881
14552  -4.823  -50.435  49.115 0.6000000238
16744  -2.899  -48.796  48.933 0.6000000238
15307  -4.708  -49.703  48.967 0.6000000238
15300  -5.959  -50.540  49.124 0.5000000000
15301  -6.846  -50.818  49.276 0.5000000000
101769  -3.480  -48.665  48.895 0.6000000238
16747  -4.471  -47.895  50.036 0.6000000238
17475  -9.397  -47.208  52.367 0.5000000000
16085  -6.586  -48.687  42.294 0.6000000238
113367  -9.857  -45.892  51.697 0.5000000000
17569  -5.891  -47.493  42.653 0.6999999881
16827  -6.423  -47.848  42.312 0.6000000238
109694  -8.144  -48.086  41.812 0.6000000238
17572  -8.898  -47.244  42.200 0.6000000238
16799  -11.820  -48.041  44.560 0.6000000238
16800  -12.522  -48.388  44.222 0.6000000238
16060  -13.035  -48.982  44.952 0.6000000238
16076  -14.175  -48.851  44.119 0.5000000000
16736  -4.890  -47.515  51.252 0.6000000238
16731  -6.989  -48.175  52.258 0.5000000000
118090  -4.885  -46.500  48.961 0.6999999881
16732  -7.803  -48.102  52.419 0.5000000000
18964  -10.414  -45.314  51.197 0.4000000060
18965  -11.130  -45.017  50.689 0.3000000119
17571  -7.796  -47.235  42.331 0.6000000238
118032  -15.057  -48.770  46.703 0.6000000238
18253  -3.678  -46.065  47.482 0.8000000119
116364  -4.879  -46.380  46.588 0.8000000119
16749  -6.748  -47.837  50.475 0.6000000238
17529  -5.604  -46.811  46.166 0.6999999881
17511  -6.030  -47.033  47.709 0.8000000119
16755  -6.924  -48.073  49.044 0.6000000238
109014  -11.562  -45.844  50.534 0.5000000000
18241  -12.493  -46.557  50.406 0.5000000000
14741  -6.917  -51.347  36.569 0.5000000000
14039  -7.407  -52.051  36.672 0.5000000000
17530  -6.604  -47.046  45.626 0.6999999881
112410  -7.227  -50.646  36.483 0.5000000000
18978  -16.039  -46.095  46.081 0.4000000060
103789  -19.206  -44.077  45.877 0.5000000000
19653  -19.939  -44.001  46.008 0.4000000060
20322  -17.810  -43.676  45.455 0.4000000060
19664  -23.386  -44.364  44.588 0.4000000060
21043  -23.514  -42.421  43.535 0.4000000060
21758  -23.441  -40.764  43.298 0.4000000060
104401  -23.687  -41.880  42.061 0.5000000000
22508  -22.859  -40.229  41.230 0.5000000000
23199  -23.316  -39.842  41.861 0.3000000119
22475  -23.426  -40.000  43.077 0.3000000119
22509  -23.293  -40.574  41.646 0.5000000000
16811  -4.078  -48.437  42.479 0.6999999881
1634  -14.703  -77.091  48.431 0.5000000000
456  -13.229  -80.665  49.200 0.5000000000
1257  -14.347  -77.760  49.399 0.5000000000
705  -13.600  -79.122  44.025 0.6999999881
2565  -22.590  -74.374  23.525 0.6000000238
2509  -28.992  -74.485  28.930 0.3000000119
3006  -23.213  -72.826  18.742 0.4000000060
2993  -23.360  -73.247  19.242 0.4000000060
6186  -3.746  -66.958  50.050 0.6000000238
6194  -3.661  -66.553  49.003 0.6000000238
6670  -5.187  -65.907  48.620 0.6999999881
7715  -11.209  -63.595  33.603 0.6999999881
116359  -11.567  -63.197  34.059 0.6000000238
114954  -6.339  -55.030  54.731 0.3000000119
12544  -6.148  -54.458  54.645 0.3000000119
15987  -6.262  -49.019  51.663 0.5000000000
15985  -4.922  -48.280  50.756 0.6000000238
15976  -5.231  -47.720  51.695 0.6000000238
15977  -6.001  -48.004  52.095 0.6000000238
17488  -4.910  -46.958  50.727 0.6000000238
17489  -5.534  -46.964  50.945 0.6000000238
17501  -5.562  -46.883  50.085 0.6000000238
16737  -5.829  -47.246  51.353 0.6000000238
16738  -6.328  -47.750  51.790 0.6000000238
17517  -5.465  -46.684  47.099 0.8000000119
102951  -5.633  -46.820  48.942 0.6999999881
16748  -6.151  -47.211  50.270 0.6000000238
109261  -23.566  -43.140  43.667 0.4000000060
118510  -23.261  -41.236  43.686 0.4000000060
15978  -6.832  -48.542  52.416 0.5000000000
42  -10.372  -84.302  37.926 0.5000000000
130  -10.192  -83.862  38.969 0.6999999881
0  -9.455  -84.796  36.690 0.5000000000
108688  -10.544  -83.596  40.662 0.5000000000
224  -10.231  -82.806  42.622 0.8000000119
105975  -10.199  -81.335  42.879 0.8000000119
500  -10.060  -80.956  43.687 0.8000000119
343  -9.916  -81.743  44.361 0.8000000119
43  -10.850  -84.291  38.476 0.5000000000
115  -10.734  -83.388  41.437 0.6999999881
533  -7.499  -80.843  37.817 0.8999999762
254  -6.264  -83.095  38.117 0.6999999881
255  -8.508  -82.136  37.469 0.6999999881
108448  -8.091  -80.289  37.902 0.8999999762
101758  -9.759  -79.153  46.217 0.6999999881
951  -11.865  -78.521  48.135 0.6000000238
1265  -11.840  -77.780  47.185 0.6999999881
217  -10.831  -82.391  44.485 0.8000000119
483  -9.746  -81.078  45.736 0.8000000119
113229  -9.665  -80.271  45.284 0.8000000119
220  -11.168  -82.724  43.763 0.8000000119
102266  -11.951  -82.973  43.066 0.8000000119
246  -13.429  -82.440  39.486 0.6000000238
238  -12.729  -82.865  41.626 0.6000000238
153  -17.160  -82.849  35.870 0.5000000000
116727  -15.406  -81.972  35.974 0.5000000000
279  -16.280  -82.173  35.897 0.5000000000
2360  -15.663  -74.488  45.508 0.5000000000
2347  -16.263  -73.926  46.640 0.5000000000
1984  -14.788  -75.848  45.878 0.5000000000
2346  -16.149  -74.941  46.960 0.5000000000
107930  -15.614  -75.754  47.007 0.5000000000
2678  -16.020  -73.753  49.071 0.3000000119
1664  -14.063  -76.033  45.615 0.6000000238
3144  -15.421  -73.129  45.665 0.4000000060
1288  -11.831  -77.085  45.884 0.6999999881
2727  -13.715  -73.325  44.215 0.6999999881
2000  -13.709  -74.806  44.073 0.6999999881
966  -10.051  -78.418  45.387 0.6999999881
508  -10.622  -80.766  41.949 0.8000000119
350  -10.071  -81.600  41.463 0.8000000119
230  -9.760  -82.629  41.508 0.8000000119
694  -9.954  -79.743  44.463 0.8000000119
462  -10.814  -80.772  47.817 0.6000000238
942  -11.168  -80.102  48.846 0.6000000238
471  -10.056  -80.989  47.126 0.6999999881
116038  -9.335  -82.544  40.252 0.8000000119
154  -17.955  -83.558  35.854 0.6000000238
113245  -18.944  -83.659  34.140 0.5000000000
113100  -19.203  -83.611  33.066 0.5000000000
400  -20.451  -82.129  32.486 0.8000000119
290  -20.433  -82.560  32.171 0.6999999881
3560  -11.370  -71.778  51.834 0.4000000060
2663  -11.042  -73.954  50.632 0.6000000238
3099  -11.502  -72.223  50.215 0.5000000000
3105  -11.658  -72.661  49.395 0.6000000238
3116  -12.438  -72.607  47.901 0.6000000238
3596  -14.768  -71.179  47.573 0.3000000119
3597  -15.349  -71.750  47.380 0.3000000119
2669  -11.438  -73.578  49.293 0.6000000238
3125  -13.697  -72.126  46.896 0.5000000000
102636  -12.409  -73.171  47.173 0.6000000238
955  -4.672  -79.148  46.653 0.8999999762
2725  -12.007  -72.888  43.971 0.6999999881
105629  -11.692  -73.168  45.677 0.6999999881
1668  -11.755  -76.517  44.399 0.6999999881
363  -9.304  -82.127  39.233 0.8000000119
104625  -10.621  -80.416  42.696 0.8000000119
680  -9.584  -80.187  46.075 0.8000000119
257  -13.924  -82.269  38.564 0.5000000000
101134  -20.813  -81.216  31.044 0.6999999881
599  -20.775  -80.446  30.504 0.8999999762
854  -20.760  -79.496  29.401 0.8000000119
112133  -10.379  -75.635  52.256 0.5000000000
1573  -10.228  -77.213  54.672 0.5000000000
1234  -9.052  -77.479  51.512 0.6000000238
1964  -9.932  -75.399  49.849 0.6000000238
3595  -14.013  -71.310  47.340 0.4000000060
1971  -9.701  -75.184  48.805 0.6000000238
1970  -8.933  -75.565  48.533 0.6999999881
1978  -15.797  -75.685  47.780 0.5000000000
527  -9.886  -80.703  39.547 0.8999999762
101401  -9.332  -80.963  38.877 0.8999999762
727  -11.462  -79.131  41.351 0.8000000119
2110  -20.505  -74.694  33.614 0.5000000000
110747  -14.903  -82.395  41.302 0.6000000238
119511  -14.206  -82.095  43.200 0.8000000119
2479  -20.978  -74.591  31.502 0.6000000238
1422  -19.343  -76.783  32.370 0.6000000238
1798  -19.716  -76.119  31.719 0.5000000000
865  -20.845  -79.469  27.746 0.8000000119
610  -20.902  -80.536  28.195 0.6000000238
1981  -3.991  -75.540  46.658 1.0000000000
117481  -12.460  -69.871  49.297 0.4000000060
3583  -13.244  -70.926  47.914 0.5000000000
1246  -6.714  -79.039  49.903 0.6999999881
1239  -6.946  -78.495  50.579 0.6999999881
1996  -4.061  -75.590  44.734 0.8999999762
100405  -10.577  -74.279  47.354 0.6999999881
1992  -14.137  -75.444  44.855 0.6000000238
1676  -12.135  -75.849  43.701 0.6999999881
952  -13.008  -78.083  48.343 0.5000000000
750  -10.568  -78.958  39.738 0.8999999762
738  -11.187  -79.305  40.524 0.8999999762
109479  -16.644  -82.650  38.401 0.6000000238
553  -19.177  -81.041  35.164 0.6999999881
1460  -20.633  -76.991  29.402 0.5000000000
2158  -20.996  -75.273  29.933 0.5000000000
1838  -22.082  -76.335  28.459 0.6000000238
1164  -21.630  -78.232  27.441 0.6999999881
1156  -21.006  -78.365  27.746 0.8000000119
613  -20.723  -80.360  26.980 0.6000000238
1632  -4.420  -76.960  48.741 0.8000000119
1577  -8.652  -77.546  53.469 0.5000000000
2356  -3.444  -74.144  45.348 0.8999999762
2706  -5.961  -73.596  45.527 0.8999999762
1987  -3.653  -74.608  46.093 1.0000000000
1232  -7.794  -77.992  51.601 0.6000000238
1673  -3.828  -75.592  42.843 0.8000000119
2013  -3.538  -74.992  42.373 0.6999999881
111537  -11.667  -75.705  42.895 0.8000000119
242  -4.797  -82.576  39.142 0.6000000238
746  -6.644  -79.897  39.189 1.0000000000
1316  -11.535  -77.353  41.958 0.8000000119
525  -5.374  -81.439  40.156 0.6999999881
1434  -19.666  -77.245  31.593 0.5000000000
109061  -19.699  -78.111  31.504 0.5000000000
1112  -19.945  -78.822  31.064 0.6999999881
2481  -21.882  -74.675  31.165 0.5000000000
1128  -20.004  -77.765  30.823 0.5000000000
434  -20.789  -80.946  26.076 0.6000000238
109265  -23.870  -79.552  26.346 0.6999999881
622  -23.722  -80.054  25.150 0.6000000238
626  -23.401  -80.128  24.573 0.5000000000
893  -23.925  -79.905  25.748 0.6999999881
1183  -25.951  -78.756  25.072 0.6000000238
2278  -6.677  -74.486  57.291 0.3000000119
2293  -7.251  -74.689  55.836 0.4000000060
4529  -11.790  -69.521  52.444 0.3000000119
1931  -7.919  -75.216  55.042 0.6000000238
1944  -6.771  -75.392  52.500 0.6000000238
1945  -7.825  -76.434  53.178 0.6000000238
1588  -8.049  -77.491  52.689 0.6000000238
948  -5.067  -79.583  47.879 0.8999999762
940  -4.894  -79.037  48.413 0.8999999762
119979  -6.213  -79.593  48.822 0.8000000119
1253  -5.442  -79.189  49.006 0.8000000119
949  -6.662  -79.661  47.462 0.8999999762
658  -5.067  -79.812  47.197 0.8999999762
976  -4.504  -79.419  44.904 0.8999999762
702  -4.569  -80.373  43.120 0.8000000119
105064  -4.795  -80.639  44.112 0.8999999762
118345  -6.465  -80.663  43.399 0.8999999762
498  -5.422  -81.055  43.443 1.0000000000
102073  -5.402  -80.883  42.614 0.8999999762
1021  -7.951  -78.798  39.353 1.0000000000
938  -13.217  -79.635  49.847 0.5000000000
737  -7.644  -78.899  40.346 1.0000000000
1405  -18.582  -77.126  33.788 0.6000000238
1083  -18.746  -78.329  33.666 0.6999999881
1487  -24.138  -77.646  27.594 0.6999999881
1167  -25.260  -78.255  26.760 0.6000000238
1192  -25.924  -78.552  24.291 0.6000000238
1530  -25.076  -77.722  23.129 0.5000000000
2228  -25.705  -75.892  24.436 0.6000000238
1888  -25.725  -77.252  23.381 0.6000000238
1937  -6.895  -74.919  53.363 0.6000000238
2299  -6.831  -74.595  54.256 0.6000000238
2721  -5.374  -73.567  44.049 0.8999999762
1238  -5.977  -78.198  50.290 0.6999999881
1612  -5.453  -76.955  50.345 0.6999999881
1621  -5.205  -77.483  49.948 0.6999999881
1245  -5.511  -78.524  49.648 0.6999999881
1264  -7.313  -78.106  47.828 0.8000000119
679  -6.407  -80.142  45.606 0.8000000119
2375  -11.283  -73.955  42.739 0.8000000119
513  -5.223  -80.650  41.841 0.8999999762
800  -18.819  -80.041  34.584 0.6999999881
1071  -18.469  -78.934  34.512 0.6000000238
110495  -23.904  -75.819  28.798 0.6000000238
2227  -24.525  -75.866  24.625 0.6000000238
999  -6.814  -79.901  43.051 0.8999999762
1194  -8.982  -78.367  23.579 0.6000000238
108232  -8.992  -78.548  24.584 0.6000000238
913  -11.875  -79.343  22.455 0.5000000000
1206  -12.344  -79.064  21.655 0.6000000238
1176  -26.551  -78.052  25.449 0.6000000238
1184  -26.596  -78.044  24.613 0.6000000238
1528  -22.994  -77.464  22.942 0.5000000000
115387  -22.451  -76.119  23.543 0.5000000000
2557  -22.801  -74.479  25.015 0.6000000238
2305  -5.165  -73.584  54.308 0.6000000238
99680  -8.767  -69.622  49.840 0.8000000119
4579  -8.253  -69.485  48.580 0.8000000119
102858  -5.004  -73.505  53.420 0.6000000238
2313  -5.749  -74.298  52.899 0.6000000238
3075  -4.948  -73.048  54.148 0.6000000238
2694  -6.443  -73.360  46.473 0.8999999762
2655  -4.542  -73.227  51.505 0.8000000119
987  -6.820  -79.162  43.611 0.8999999762
1866  -7.703  -76.664  24.099 0.6000000238
1544  -9.876  -77.152  21.076 0.6999999881
3392  -8.250  -72.876  22.413 0.6999999881
1216  -11.159  -78.048  21.147 0.8000000119
116274  -13.922  -78.065  21.043 0.5000000000
1492  -29.259  -77.346  27.350 0.5000000000
1503  -28.312  -77.180  26.290 0.5000000000
1856  -28.756  -76.473  26.306 0.6000000238
100417  -27.905  -77.182  25.581 0.6999999881
1513  -27.850  -77.010  24.893 0.6000000238
1502  -27.169  -77.589  25.929 0.6999999881
2184  -28.057  -75.230  27.133 0.4000000060
2211  -24.695  -75.226  25.472 0.6000000238
2586  -15.329  -74.750  20.171 0.5000000000
2543  -23.359  -74.517  25.575 0.6000000238
2531  -24.508  -73.976  26.653 0.5000000000
102717  -5.407  -73.254  56.060 0.6000000238
1889  -8.291  -76.092  22.479 0.6999999881
1536  -11.899  -77.136  20.983 0.6999999881
2250  -12.554  -76.017  21.119 0.8000000119
2977  -15.412  -73.719  19.838 0.5000000000
2213  -26.961  -75.514  25.351 0.5000000000
2519  -25.761  -73.898  27.519 0.6000000238
2532  -25.260  -74.141  27.053 0.5000000000
110544  -23.900  -73.631  20.812 0.6000000238
102814  -22.887  -73.954  22.161 0.6000000238
3059  -6.125  -72.423  56.585 0.5000000000
3076  -5.510  -72.757  54.598 0.6000000238
108002  -5.145  -72.567  52.181 0.6999999881
3562  -6.491  -72.298  50.773 0.8000000119
2248  -9.693  -75.006  20.891 0.6999999881
4899  -8.506  -69.790  22.511 0.6999999881
2591  -13.729  -74.420  19.096 0.6999999881
3886  -16.187  -71.088  19.519 0.5000000000
4373  -17.888  -70.652  19.813 0.5000000000
4381  -17.251  -70.110  19.354 0.5000000000
111048  -24.992  -74.013  20.667 0.5000000000
3518  -6.963  -71.520  56.447 0.6000000238
4009  -8.828  -70.254  51.495 0.8000000119
3559  -7.319  -71.648  51.832 0.6999999881
100961  -10.361  -75.646  24.163 0.6000000238
4945  -13.903  -69.895  19.858 0.6999999881
3432  -14.155  -72.054  18.875 0.6999999881
5480  -17.025  -67.970  19.834 0.6999999881
3357  -26.999  -72.590  26.117 0.5000000000
4379  -15.607  -70.712  19.102 0.6999999881
4397  -20.635  -70.992  17.584 0.5000000000
2934  -26.434  -73.465  23.398 0.5000000000
119975  -25.837  -74.246  20.533 0.5000000000
3960  -3.952  -70.222  57.478 0.3000000119
5691  -7.357  -67.169  50.946 0.8000000119
4514  -7.845  -69.964  54.875 0.6999999881
106473  -18.169  -67.021  21.231 0.5000000000
5484  -21.737  -67.080  19.403 0.5000000000
109844  -15.012  -70.808  18.957 0.6999999881
5494  -19.631  -68.424  18.797 0.6999999881
5497  -22.819  -68.214  18.739 0.5000000000
110062  -27.617  -73.163  24.471 0.4000000060
4387  -17.713  -69.774  19.113 0.6999999881
2954  -27.452  -74.093  22.259 0.5000000000
2971  -26.875  -74.286  21.560 0.5000000000
2995  -26.040  -73.655  19.252 0.5000000000
7533  -7.417  -63.574  52.514 0.5000000000
5619  -3.092  -67.901  57.442 0.3000000119
5070  -3.803  -68.309  56.508 0.4000000060
6130  -3.672  -66.290  56.449 0.3000000119
2936  -28.610  -73.996  22.836 0.4000000060
111184  -26.272  -70.294  18.697 0.4000000060
4964  -22.130  -69.169  18.241 0.5000000000
3440  -27.333  -71.480  18.859 0.4000000060
5134  -5.497  -67.708  50.624 0.6000000238
3419  -27.902  -73.143  19.536 0.5000000000
4855  -7.358  -70.518  26.581 0.6999999881
6651  -5.026  -66.571  51.032 0.6000000238
6661  -7.014  -65.324  50.120 0.6000000238
116140  -4.446  -66.762  50.483 0.6000000238
5701  -4.245  -67.488  50.474 0.6000000238
106376  -8.054  -63.832  50.661 0.6999999881
109932  -7.424  -69.484  27.918 0.6999999881
116501  -5.005  -60.680  51.472 0.5000000000
7097  -7.507  -64.875  49.268 0.6000000238
8419  -2.855  -61.731  53.961 0.4000000060
6671  -6.182  -65.596  48.889 0.6000000238
6369  -10.792  -66.550  31.594 0.6000000238
5905  -9.308  -67.844  30.566 0.6999999881
5948  -7.528  -67.534  26.297 0.6000000238
5376  -9.475  -69.133  28.456 0.6999999881
116920  -8.362  -67.365  30.258 0.8000000119
9508  -2.834  -59.958  52.364 0.4000000060
9007  -7.846  -60.101  50.380 0.6000000238
10059  -2.640  -58.398  53.974 0.3000000119
9523  -7.249  -59.200  50.697 0.6999999881
9524  -7.714  -59.239  50.221 0.6000000238
115236  -11.830  -65.756  28.459 0.6000000238
10097  -7.136  -58.202  49.750 0.6999999881
11280  -3.422  -56.556  56.112 0.3000000119
10663  -4.673  -57.348  52.637 0.5000000000
11315  -3.421  -56.473  54.276 0.5000000000
7761  -12.474  -63.469  29.188 0.6000000238
12534  -4.092  -54.649  55.529 0.4000000060
105321  -3.333  -54.957  53.553 0.5000000000
8613  -9.058  -61.392  35.415 0.6000000238
8700  -8.191  -60.466  30.013 0.5000000000
13174  -2.622  -53.685  54.641 0.5000000000
9149  -8.537  -60.721  35.934 0.6000000238
11354  -4.063  -56.564  49.350 0.8000000119
13845  -4.668  -52.761  54.228 0.4000000060
11989  -3.264  -55.066  50.365 0.6000000238
11591  -6.150  -56.407  32.843 0.4000000060
10710  -2.851  -57.071  47.865 0.6000000238
10125  -2.806  -57.860  46.800 0.6000000238
12592  -2.711  -54.878  49.462 0.8000000119
13230  -2.603  -54.046  48.991 0.8000000119
104115  -2.425  -54.538  45.013 0.6000000238
101403  -6.370  -55.885  36.624 0.6000000238
14541  -4.809  -51.576  50.955 0.5000000000
15262  -3.068  -50.416  51.991 0.5000000000
14561  -1.995  -50.660  50.086 0.6000000238
14568  -2.261  -51.241  49.155 0.6999999881
15275  -3.213  -50.048  51.039 0.5000000000
14540  -4.704  -51.030  49.821 0.5000000000
14581  -3.087  -51.159  46.002 0.8000000119
104164  -2.453  -50.140  44.173 0.6999999881
104339  -6.461  -55.383  38.226 0.6000000238
15299  -5.129  -50.098  48.904 0.5000000000
15995  -2.446  -49.578  49.586 0.6000000238
15316  -3.112  -50.840  46.827 0.8000000119
15298  -4.360  -49.772  49.020 0.6000000238
16042  -2.498  -49.279  45.590 0.6999999881
113455  -2.276  -48.954  47.880 0.8000000119
16796  -2.473  -48.541  44.143 0.6000000238
17545  -2.475  -47.459  44.528 0.6000000238
17557  -3.504  -47.723  42.926 0.6999999881
16797  -2.798  -47.886  43.498 0.6999999881
16745  -3.409  -47.962  48.702 0.6000000238
15996  -4.241  -49.029  49.022 0.6000000238
17508  -2.396  -46.595  47.623 0.6999999881
17527  -2.107  -47.020  45.472 0.8000000119
17528  -2.495  -46.692  44.880 0.6999999881
16084  -4.857  -48.961  42.517 0.6000000238
17476  -9.513  -46.833  51.869 0.5000000000
13355  -6.894  -53.284  38.990 0.5000000000
17509  -4.214  -46.407  48.289 0.6000000238
111110  -4.454  -47.140  49.716 0.6000000238
16001  -9.382  -49.201  49.766 0.6000000238
16010  -9.308  -49.466  48.871 0.6000000238
106822  -9.269  -48.171  51.327 0.6000000238
16011  -10.124  -49.523  49.096 0.5000000000
17551  -9.771  -46.729  44.264 0.6999999881
16812  -11.299  -47.519  43.880 0.5000000000
16798  -11.080  -47.589  45.052 0.6000000238
17552  -10.594  -47.050  44.169 0.5000000000
16814  -12.674  -48.066  43.103 0.6000000238
16034  -12.389  -49.405  46.634 0.6000000238
16801  -13.373  -48.599  43.906 0.6000000238
14730  -4.390  -51.774  37.805 0.4000000060
16740  -8.427  -48.085  51.618 0.5000000000
107475  -9.921  -49.582  48.355 0.5000000000
17534  -10.207  -47.028  45.142 0.6000000238
16033  -11.475  -49.191  46.670 0.6000000238
16024  -13.810  -49.407  47.309 0.6000000238
16061  -13.849  -49.157  44.842 0.5000000000
16037  -14.814  -49.182  46.209 0.6000000238
16036  -14.085  -49.410  46.400 0.5000000000
18267  -3.635  -46.115  45.303 0.8000000119
16770  -7.563  -48.117  46.752 0.6000000238
17518  -6.283  -47.168  46.649 0.6000000238
16761  -7.253  -48.292  47.744 0.6000000238
16754  -6.495  -47.562  48.291 0.6000000238
16000  -8.525  -49.025  49.604 0.6000000238
16008  -7.807  -48.874  48.251 0.6000000238
15988  -8.443  -48.522  50.651 0.6000000238
16771  -8.492  -48.129  46.429 0.6000000238
16762  -8.026  -48.731  47.248 0.6000000238
17549  -7.939  -46.749  44.621 0.6000000238
16763  -8.868  -48.889  47.034 0.6000000238
105715  -10.674  -49.594  48.353 0.5000000000
104129  -11.077  -49.499  49.241 0.5000000000
118073  -9.060  -47.722  46.081 0.5000000000
113170  -12.196  -48.876  50.143 0.5000000000
17533  -9.313  -46.876  45.145 0.6000000238
17482  -12.520  -47.285  50.442 0.5000000000
16004  -12.625  -49.257  49.429 0.5000000000
16013  -12.573  -49.586  48.348 0.5000000000
16751  -13.506  -48.053  49.845 0.5000000000
119558  -13.049  -46.423  50.278 0.5000000000
17490  -13.245  -47.097  50.205 0.5000000000
18248  -14.309  -46.222  49.180 0.3000000119
18970  -13.858  -45.378  49.556 0.3000000119
16014  -13.364  -49.242  48.749 0.5000000000
16756  -13.966  -48.459  48.960 0.5000000000
18972  -14.357  -45.373  48.758 0.3000000119
16764  -14.443  -48.488  48.152 0.6000000238
16047  -15.134  -49.107  45.426 0.6000000238
19625  -14.068  -44.626  49.182 0.3000000119
18973  -14.602  -45.306  47.850 0.3000000119
18977  -15.435  -45.772  46.545 0.4000000060
107760  -14.990  -44.799  46.294 0.3000000119
18980  -21.475  -45.649  46.307 0.4000000060
18988  -19.972  -45.457  46.230 0.4000000060
18262  -20.932  -46.210  46.418 0.4000000060
108590  -20.379  -44.748  46.199 0.4000000060
18987  -18.615  -45.327  45.685 0.4000000060
19652  -18.757  -44.527  45.749 0.4000000060
18264  -22.504  -46.533  46.251 0.4000000060
18990  -22.836  -45.754  45.858 0.4000000060
19638  -21.225  -44.881  46.191 0.4000000060
19637  -15.524  -45.180  45.916 0.4000000060
103646  -17.056  -45.086  45.335 0.4000000060
18993  -23.405  -45.125  45.203 0.4000000060
18998  -24.749  -45.240  44.020 0.4000000060
102939  -20.866  -44.077  45.994 0.4000000060
19654  -21.795  -44.387  45.661 0.4000000060
108818  -24.049  -44.946  44.552 0.4000000060
20338  -16.338  -43.978  45.024 0.4000000060
20340  -23.442  -43.695  44.082 0.4000000060
19666  -24.562  -44.503  43.320 0.4000000060
111837  -24.857  -45.260  42.346 0.5000000000
108018  -24.279  -44.170  41.810 0.5000000000
104105  -22.971  -44.195  40.722 0.5000000000
21059  -24.038  -43.042  42.466 0.5000000000
20353  -24.281  -43.744  42.855 0.5000000000
21074  -23.007  -42.765  40.919 0.5000000000
21044  -23.900  -43.040  43.100 0.5000000000
21067  -23.379  -42.077  41.433 0.5000000000
21777  -23.633  -41.351  42.610 0.5000000000
21804  -20.826  -41.271  39.846 0.4000000060
22516  -21.707  -40.284  40.352 0.5000000000
22517  -22.290  -40.675  40.684 0.5000000000
23225  -19.121  -39.251  38.693 0.3000000119
104084  -19.912  -39.960  39.307 0.3000000119
23207  -22.012  -38.862  40.460 0.4000000060
23875  -21.232  -38.704  39.882 0.4000000060
23874  -20.498  -38.734  39.446 0.4000000060
117659  -21.343  -38.049  39.857 0.3000000119
23215  -19.820  -39.140  39.115 0.3000000119
104671  -20.856  -38.078  39.532 0.3000000119
16739  -7.363  -47.920  51.912 0.5000000000
18240  -11.717  -46.855  50.571 0.5000000000
23180  -23.394  -39.560  42.611 0.4000000060
15997  -4.813  -49.251  49.258 0.6000000238
15986  -5.522  -48.589  51.202 0.5000000000
17510  -5.188  -46.503  48.111 0.6999999881
112244  -6.210  -47.233  49.328 0.6000000238
18966  -12.060  -45.134  50.393 0.4000000060
18983  -15.887  -45.587  45.907 0.4000000060
1848  -25.566  -76.879  27.893 0.6000000238
107828  -26.784  -77.317  26.998 0.6000000238
1473  -24.867  -76.754  28.084 0.5000000000
1841  -25.701  -76.494  28.666 0.5000000000
1839  -23.047  -76.025  28.549 0.5000000000
1840  -24.721  -76.077  28.792 0.5000000000
722  -4.323  -79.635  41.067 0.6999999881
107441  -4.367  -78.265  42.294 0.6000000238
998  -4.347  -79.275  42.522 0.6000000238
1006  -4.279  -78.659  41.106 0.5000000000
712  -4.535  -80.137  42.295 0.8000000119
511  -4.357  -80.458  40.997 0.6999999881
1312  -4.325  -77.284  41.886 0.6000000238
1693  -4.255  -76.423  41.289 0.6000000238
1322  -4.333  -77.563  41.149 0.6000000238
111897  -3.790  -73.460  42.873 0.6000000238
2707  -6.842  -73.172  44.838 0.6999999881
2734  -5.906  -73.476  43.119 0.6000000238
114306  -7.627  -71.969  45.767 0.6999999881
3149  -7.339  -72.529  44.198 0.6999999881
3615  -7.420  -71.493  45.191 0.6000000238
3614  -7.029  -71.212  44.572 0.6000000238
103928  -6.207  -70.679  45.556 0.5000000000
112856  -7.289  -72.566  43.440 0.6000000238
3623  -7.484  -71.770  44.372 0.6000000238
101188  -6.255  -70.806  44.835 0.5000000000
3156  -7.375  -72.286  42.646 0.6000000238
3622  -7.189  -71.533  43.692 0.5000000000
4063  -7.446  -70.791  46.693 0.6999999881
4062  -6.762  -70.607  46.208 0.6999999881
4072  -5.214  -70.512  45.255 0.5000000000
2722  -6.657  -73.253  43.896 0.6999999881
116290  -26.873  -77.117  27.794 0.5000000000
1842  -26.544  -76.905  28.532 0.5000000000
450  -13.430  -80.177  49.739 0.3000000119
933  -14.134  -79.322  50.953 0.3000000119
649  -14.150  -80.129  50.006 0.3000000119
932  -13.788  -79.264  50.402 0.4000000060
647  -15.274  -79.810  50.715 0.3000000119
457  -14.089  -80.895  48.894 0.3000000119
464  -13.428  -80.939  48.477 0.3000000119
465  -14.454  -81.001  48.204 0.3000000119
474  -13.466  -80.634  47.489 0.4000000060
1635  -15.348  -76.403  48.512 0.4000000060
1258  -14.915  -77.035  49.113 0.4000000060
1249  -14.597  -77.465  50.014 0.4000000060
1242  -14.291  -78.041  51.240 0.4000000060
934  -14.707  -79.366  51.346 0.3000000119
644  -15.417  -79.328  51.560 0.3000000119
475  -14.700  -80.711  47.497 0.4000000060
672  -14.121  -79.948  46.662 0.4000000060
968  -13.477  -79.105  44.994 0.5000000000
118310  -13.987  -78.847  45.307 0.4000000060
116915  -13.895  -78.707  44.663 0.4000000060
108213  -17.454  -77.851  38.860 0.5000000000
106969  -17.672  -79.124  38.200 0.5000000000
1345  -17.433  -77.717  38.131 0.5000000000
1355  -17.397  -77.225  37.545 0.5000000000
118506  -17.357  -76.292  37.606 0.5000000000
769  -17.916  -79.477  37.399 0.5000000000
1048  -17.511  -77.668  36.733 0.5000000000
1365  -17.402  -76.544  36.870 0.5000000000
781  -17.737  -78.719  36.672 0.5000000000
119407  -15.108  -76.429  50.246 0.4000000060
100087  -14.459  -77.578  51.822 0.4000000060
1604  -14.723  -77.891  52.752 0.3000000119
992  -14.708  -78.151  43.374 0.4000000060
1305  -15.630  -77.646  43.598 0.3000000119
103160  -15.452  -78.814  41.848 0.6000000238
1003  -15.247  -77.976  42.556 0.4000000060
1317  -16.018  -77.359  42.692 0.3000000119
110212  -16.704  -80.226  41.244 0.6000000238
102071  -16.395  -78.502  41.412 0.6000000238
1009  -15.953  -77.835  41.938 0.5000000000
1325  -16.510  -77.143  42.047 0.5000000000
352  -16.929  -81.700  41.200 0.6000000238
730  -17.354  -80.395  40.748 0.6000000238
740  -17.320  -79.368  40.395 0.6000000238
739  -17.012  -78.260  40.765 0.5000000000
115676  -17.293  -76.359  41.074 0.5000000000
101724  -17.697  -80.249  40.242 0.6000000238
751  -17.679  -79.529  39.700 0.6000000238
103727  -17.329  -75.964  39.520 0.5000000000
2040  -17.720  -75.379  40.031 0.4000000060
523  -17.873  -81.124  40.457 0.6000000238
759  -17.935  -79.746  38.925 0.6000000238
1715  -17.315  -76.652  38.478 0.5000000000
114566  -17.429  -75.593  38.728 0.5000000000
1732  -17.583  -75.672  36.342 0.5000000000
1741  -17.810  -75.839  35.487 0.4000000060
1374  -17.926  -76.820  35.051 0.5000000000
1769  -18.533  -76.080  34.034 0.5000000000
2850  -35.403  -73.660  32.033 0.3000000119
109879  -35.056  -73.240  31.492 0.3000000119
3282  -35.911  -73.258  31.345 0.3000000119
3314  -34.906  -72.096  30.115 0.3000000119
2992  -22.723  -73.743  19.441 0.4000000060
355  -4.895  -81.457  40.469 0.6000000238
360  -4.930  -82.057  39.740 0.5000000000
2034  -17.709  -75.637  40.855 0.4000000060
2041  -18.071  -74.965  39.677 0.3000000119
2048  -18.093  -74.840  38.754 0.3000000119
2059  -18.383  -74.758  37.840 0.3000000119
2071  -18.917  -74.648  36.895 0.3000000119
2428  -18.659  -74.688  35.534 0.4000000060
2080  -19.251  -74.594  35.846 0.3000000119
2440  -18.803  -74.738  34.820 0.4000000060
2840  -34.795  -74.272  32.588 0.3000000119
1515  -7.713  -77.268  24.766 0.5000000000
3784  -35.349  -71.986  29.224 0.3000000119
2584  -22.613  -74.463  21.627 0.4000000060
518  -4.188  -80.788  40.408 0.6000000238
1733  -19.938  -75.297  36.209 0.3000000119
2429  -19.647  -74.595  34.886 0.4000000060
2138  -22.366  -75.167  31.430 0.4000000060
2147  -22.490  -74.905  30.600 0.4000000060
2173  -22.450  -75.492  28.972 0.4000000060
1813  -23.776  -75.948  30.613 0.4000000060
2149  -24.182  -75.564  30.027 0.4000000060
2472  -33.778  -74.752  32.699 0.3000000119
2216  -7.215  -75.102  25.046 0.4000000060
1742  -21.151  -76.968  35.118 0.3000000119
1407  -21.743  -77.550  33.811 0.3000000119
1771  -21.681  -76.041  33.265 0.4000000060
1788  -22.285  -76.748  32.472 0.5000000000
1800  -22.742  -76.215  31.658 0.5000000000
1437  -23.326  -77.196  31.248 0.5000000000
1449  -24.290  -76.869  30.631 0.4000000060
118835  -25.105  -76.637  30.296 0.4000000060
1130  -25.714  -78.417  30.268 0.4000000060
1825  -25.202  -76.088  29.434 0.4000000060
1141  -26.519  -77.633  29.714 0.4000000060
3349  -5.488  -71.882  25.262 0.4000000060
1826  -26.077  -76.669  29.397 0.4000000060
856  -26.888  -79.064  30.001 0.4000000060
1142  -27.222  -78.385  29.472 0.4000000060
2118  -34.068  -75.877  34.397 0.3000000119
3350  -5.874  -72.592  25.480 0.5000000000
2231  -7.805  -76.015  23.457 0.5000000000
1143  -27.702  -77.958  28.603 0.4000000060
104422  -33.298  -75.373  32.870 0.3000000119
2905  -6.629  -72.814  25.278 0.5000000000
2906  -7.158  -73.456  24.862 0.5000000000
2175  -28.930  -75.134  28.442 0.4000000060
3441  -19.820  -72.306  18.664 0.4000000060
832  -23.778  -79.672  31.630 0.5000000000
1129  -24.878  -79.255  30.659 0.4000000060
844  -25.602  -79.603  30.614 0.4000000060
4294  -5.154  -70.265  24.880 0.5000000000
834  -26.562  -79.702  31.035 0.4000000060
105420  -5.680  -70.881  24.955 0.6000000238
846  -27.030  -79.260  30.387 0.4000000060
114234  -27.804  -78.526  29.110 0.4000000060
857  -27.461  -78.846  29.731 0.4000000060
3826  -5.888  -71.659  25.042 0.6000000238
858  -28.061  -78.635  29.323 0.4000000060
2117  -33.268  -75.981  33.526 0.3000000119
2187  -30.068  -76.279  28.154 0.3000000119
3894  -19.621  -71.494  18.613 0.4000000060
3903  -20.405  -71.669  17.873 0.4000000060
581  -26.763  -79.823  31.767 0.4000000060
812  -28.137  -79.190  33.494 0.4000000060
835  -28.243  -79.192  31.825 0.4000000060
1090  -28.700  -78.897  34.105 0.3000000119
1759  -32.287  -77.014  35.382 0.3000000119
1144  -28.623  -78.412  29.001 0.4000000060
1133  -29.273  -78.281  30.103 0.4000000060
1116  -29.369  -78.483  32.051 0.3000000119
1777  -32.176  -76.900  33.891 0.3000000119
1397  -32.374  -77.070  34.740 0.3000000119
1145  -29.215  -78.201  29.211 0.4000000060
1134  -29.937  -77.736  30.501 0.4000000060
1462  -30.374  -77.112  29.118 0.4000000060
1463  -30.865  -76.536  29.577 0.3000000119
1478  -30.134  -77.086  28.405 0.4000000060
118832  -21.783  -72.913  18.096 0.5000000000
109130  -29.308  -78.583  34.647 0.3000000119
1091  -30.036  -78.295  34.139 0.3000000119
1380  -31.406  -77.396  35.347 0.3000000119
4589  -5.081  -69.789  47.469 0.5000000000
4575  -4.325  -69.205  48.193 0.5000000000
8150  -11.333  -62.593  34.587 0.5000000000
8159  -12.191  -62.995  34.223 0.5000000000
7717  -12.456  -63.337  33.516 0.5000000000
8151  -12.397  -62.252  34.741 0.5000000000
8633  -11.592  -61.821  35.181 0.5000000000
8632  -10.554  -62.048  35.122 0.5000000000
10233  -9.141  -58.287  38.346 0.5000000000
106248  -2.408  -55.770  45.647 0.6000000238
11374  -2.461  -56.470  46.435 0.5000000000
11483  -8.168  -56.348  39.838 0.5000000000
12029  -2.460  -55.615  46.680 0.5000000000
11482  -7.658  -55.638  40.115 0.5000000000
99692  -8.809  -55.239  40.361 0.4000000060
16063  -15.365  -48.900  44.661 0.4000000060
117446  -16.556  -48.494  44.552 0.5000000000
16787  -15.988  -48.725  45.094 0.5000000000
104615  -15.547  -48.694  46.075 0.5000000000
13339  -7.024  -53.772  39.831 0.5000000000
13340  -7.713  -54.028  39.799 0.5000000000
16777  -16.281  -48.208  45.720 0.4000000060
16788  -16.890  -48.312  44.965 0.4000000060
104530  -7.744  -53.578  38.897 0.5000000000
119507  -15.891  -48.064  46.341 0.4000000060
17522  -16.229  -47.476  46.119 0.4000000060
17521  -15.705  -47.504  46.703 0.4000000060
101077  -9.284  -53.802  38.205 0.5000000000
18270  -17.428  -46.667  45.479 0.3000000119
17535  -16.951  -47.547  45.463 0.4000000060
13364  -8.515  -53.496  37.937 0.5000000000
14022  -8.573  -53.037  36.992 0.4000000060
108216  -9.171  -53.373  37.435 0.4000000060
104107  -18.357  -46.871  45.447 0.3000000119
18261  -16.575  -46.647  45.867 0.3000000119
18260  -15.913  -46.706  46.435 0.3000000119
14040  -8.299  -52.175  36.623 0.4000000060
14041  -9.215  -52.316  36.609 0.4000000060
18272  -18.931  -46.288  45.775 0.3000000119
18984  -16.550  -45.791  45.667 0.3000000119
18985  -17.325  -45.854  45.506 0.3000000119
117489  -16.960  -46.229  45.616 0.3000000119
14742  -7.929  -51.224  36.459 0.5000000000
14743  -8.931  -51.456  36.397 0.4000000060
14744  -9.820  -51.572  36.412 0.4000000060
116126  -19.308  -45.614  46.016 0.3000000119
110642  -19.693  -46.154  46.162 0.3000000119
18271  -18.102  -46.056  45.466 0.3000000119
111629  -20.315  -45.988  46.322 0.3000000119
18263  -21.703  -46.413  46.377 0.3000000119
17554  -24.987  -47.403  44.628 0.4000000060
15447  -9.577  -50.778  36.184 0.4000000060
108215  -9.556  -49.951  36.024 0.4000000060
16176  -10.228  -49.493  35.546 0.3000000119
20327  -22.105  -43.729  45.184 0.3000000119
20323  -18.575  -43.872  45.690 0.4000000060
20324  -19.324  -43.235  45.815 0.3000000119
20325  -20.405  -43.191  45.774 0.3000000119
20339  -22.724  -43.642  44.647 0.3000000119
21012  -20.314  -42.329  45.599 0.3000000119
21013  -21.137  -42.600  45.409 0.3000000119
21026  -22.036  -42.907  44.918 0.3000000119
116041  -21.653  -42.156  44.959 0.3000000119
21718  -20.959  -41.724  45.230 0.3000000119
106750  -22.287  -42.107  44.507 0.3000000119
21735  -23.067  -41.758  44.020 0.3000000119
119928  -20.653  -41.178  45.192 0.3000000119
21733  -21.732  -41.552  44.657 0.3000000119
21734  -22.411  -41.435  44.317 0.3000000119
22436  -20.428  -40.668  45.113 0.3000000119
21732  -21.184  -40.935  44.736 0.3000000119
100433  -22.048  -40.857  44.350 0.3000000119
22474  -23.150  -40.038  43.577 0.3000000119
1972  -15.779  -75.546  48.867 0.4000000060
2441  -19.298  -74.679  34.487 0.4000000060
111482  -20.150  -75.033  35.371 0.3000000119
2160  -22.774  -75.065  29.757 0.4000000060
1002  -14.581  -78.807  42.594 0.5000000000
517  -17.134  -81.051  41.064 0.6000000238
534  -18.359  -80.643  38.732 0.6000000238
2079  -18.308  -75.146  35.151 0.4000000060
1373  -17.578  -76.906  35.930 0.5000000000
3827  -6.486  -71.717  25.046 0.6000000238
1475  -28.164  -77.805  27.784 0.4000000060
1477  -29.513  -77.554  28.039 0.4000000060
2176  -29.856  -75.434  28.602 0.3000000119
3005  -22.638  -73.396  18.807 0.4000000060
3442  -19.897  -72.841  18.529 0.4000000060
6185  -3.360  -67.282  49.665 0.5000000000
12698  -8.161  -54.567  40.117 0.5000000000
18276  -24.283  -46.842  45.330 0.3000000119
19006  -24.653  -45.781  41.741 0.4000000060
1248  -14.054  -78.542  50.590 0.4000000060
2128  -22.053  -75.564  32.227 0.5000000000
354  -4.504  -81.396  40.175 0.6000000238
2536  -6.857  -73.840  25.445 0.4000000060
20321  -16.985  -43.461  45.229 0.4000000060
19655  -22.638  -44.361  45.127 0.3000000119
21027  -23.000  -42.787  44.238 0.3000000119
2162  -24.310  -75.662  29.447 0.4000000060
2174  -23.390  -75.439  29.185 0.4000000060
1461  -26.952  -77.320  28.940 0.4000000060
930  -14.304  -78.981  51.621 0.3000000119
452  -15.346  -80.270  49.858 0.3000000119
1965  -15.437  -75.855  49.997 0.4000000060
1235  -14.651  -78.600  52.326 0.3000000119
929  -15.421  -78.852  52.150 0.3000000119
673  -15.289  -80.191  46.728 0.3000000119
1024  -17.415  -78.347  39.817 0.5000000000
1339  -17.312  -77.148  39.530 0.5000000000
1030  -17.586  -78.831  38.961 0.5000000000
2047  -17.700  -75.044  38.422 0.4000000060
2058  -17.777  -74.917  37.633 0.3000000119
111827  -16.247  -79.349  41.393 0.6000000238
1318  -16.650  -76.866  42.650 0.3000000119
1688  -17.131  -76.471  42.057 0.5000000000
1334  -17.048  -77.224  40.874 0.5000000000
2035  -18.239  -75.314  40.621 0.4000000060
2069  -17.835  -74.901  36.759 0.3000000119
3300  -35.243  -72.742  30.815 0.3000000119
2473  -34.784  -74.937  33.453 0.3000000119
1375  -20.636  -76.288  35.803 0.3000000119
117714  -23.225  -76.161  31.126 0.4000000060
112504  -24.693  -76.024  30.222 0.4000000060
1814  -24.808  -75.838  29.863 0.4000000060
2130  -34.061  -75.441  33.512 0.3000000119
1113  -22.928  -78.318  31.958 0.5000000000
1438  -23.953  -77.929  30.922 0.5000000000
1450  -24.834  -77.849  30.524 0.4000000060
1131  -26.411  -78.904  30.060 0.4000000060
1778  -32.802  -76.602  34.119 0.3000000119
592  -25.563  -80.176  31.573 0.4000000060
100549  -27.469  -79.391  31.151 0.4000000060
847  -27.793  -78.942  30.132 0.4000000060
848  -28.495  -78.808  30.777 0.4000000060
1789  -32.260  -76.364  33.017 0.3000000119
103751  -27.533  -79.545  32.204 0.4000000060
813  -28.751  -79.046  33.296 0.3000000119
836  -28.861  -78.754  31.620 0.4000000060
1413  -31.811  -77.296  34.360 0.3000000119
102427  -29.338  -78.324  31.073 0.3000000119
1117  -29.941  -77.863  31.535 0.3000000119
1396  -31.016  -77.768  34.605 0.3000000119
13356  -8.497  -53.961  39.088 0.5000000000
16789  -17.508  -48.026  45.053 0.4000000060
17536  -17.859  -47.491  45.226 0.4000000060
108041  -10.334  -48.920  35.101 0.4000000060
20326  -21.383  -43.463  45.530 0.3000000119
103939  -18.445  -43.188  45.644 0.4000000060
3593  -7.720  -71.347  46.927 0.6000000238
1114  -23.501  -78.629  31.435 0.4000000060
119510  -23.672  -80.102  32.288 0.4000000060
821  -23.918  -80.283  32.729 0.4000000060
105063  -24.192  -80.339  32.021 0.4000000060
591  -24.906  -80.325  31.646 0.4000000060
1410  -25.295  -77.275  33.326 0.3000000119
1086  -25.111  -78.370  33.352 0.3000000119
1087  -26.014  -78.958  32.964 0.3000000119
809  -25.649  -79.703  32.711 0.4000000060
580  -26.072  -80.086  32.018 0.4000000060
2113  -25.201  -75.427  33.457 0.3000000119
1774  -25.478  -76.300  33.289 0.3000000119
1411  -25.956  -77.848  33.112 0.3000000119
1412  -27.025  -78.314  33.465 0.3000000119
1088  -27.338  -78.969  33.467 0.4000000060
811  -27.488  -79.250  33.247 0.4000000060
108836  -25.989  -75.537  33.244 0.3000000119
1775  -26.444  -76.356  33.239 0.3000000119
1100  -22.753  -79.142  32.690 0.4000000060
820  -23.323  -80.007  32.824 0.3000000119
110908  -24.057  -79.707  33.600 0.3000000119
806  -22.902  -79.830  33.476 0.3000000119
1409  -24.664  -77.649  33.797 0.3000000119
1085  -24.452  -78.924  33.729 0.3000000119
1423  -22.459  -77.961  32.583 0.4000000060
2028  -17.695  -75.852  41.651 0.3000000119
112141  -23.103  -79.939  34.136 0.3000000119
1772  -22.054  -77.414  33.105 0.3000000119
1074  -23.805  -79.336  34.322 0.3000000119
1073  -22.554  -79.578  34.179 0.3000000119
117298  -10.930  -48.170  52.621 0.4000000060
17470  -11.803  -47.758  52.520 0.4000000060
103757  -12.415  -46.813  52.395 0.3000000119
103148  -12.414  -45.741  52.353 0.3000000119
104731  -11.179  -46.851  52.495 0.4000000060
15289  -6.210  -49.816  49.780 0.4000000060
15291  -7.842  -50.281  50.865 0.3000000119
15278  -9.038  -49.831  52.009 0.3000000119
15263  -9.337  -49.317  52.522 0.3000000119
112436  -10.745  -49.288  52.503 0.3000000119
15968  -9.786  -48.770  52.690 0.4000000060
16721  -11.683  -48.692  52.539 0.3000000119
15967  -8.587  -48.497  52.713 0.4000000060
16720  -9.976  -48.037  52.687 0.4000000060
109995  -11.198  -45.965  52.491 0.4000000060
18947  -12.512  -44.577  52.461 0.3000000119
103234  -9.029  -48.081  52.713 0.4000000060
17468  -9.483  -47.259  52.464 0.4000000060
15966  -7.838  -48.455  52.677 0.4000000060
16719  -8.147  -48.175  52.566 0.4000000060
108999  -11.232  -44.921  52.594 0.3000000119
118820  -10.527  -44.335  52.946 0.4000000060
18224  -10.082  -46.239  52.519 0.4000000060
18223  -9.724  -46.435  52.349 0.4000000060
18946  -10.290  -45.154  52.608 0.4000000060
19604  -10.355  -44.428  52.673 0.3000000119
17467  -9.043  -47.619  52.455 0.4000000060
18234  -9.643  -46.265  52.221 0.4000000060
18958  -9.861  -45.547  52.281 0.4000000060
20265  -10.467  -44.023  52.844 0.3000000119
110549  -12.682  -45.899  50.309 0.3000000119
18969  -13.083  -45.274  50.107 0.3000000119
21009  -17.769  -42.712  45.514 0.3000000119
15277  -8.007  -49.613  52.067 0.4000000060
19614  -10.172  -44.795  52.484 0.4000000060
19619  -10.596  -44.545  51.300 0.3000000119
1537  -14.265  -78.102  21.856 0.4000000060
15290  -6.988  -50.086  50.372 0.4000000060
15276  -7.081  -49.368  51.977 0.4000000060
15979  -7.472  -48.784  52.592 0.4000000060
1075  -28.026  -78.527  34.232 0.3000000119
21010  -18.714  -42.534  45.676 0.3000000119
21008  -16.742  -42.596  45.239 0.3000000119
579  -25.343  -80.287  32.137 0.4000000060
808  -24.126  -80.122  33.101 0.3000000119
101700  -24.815  -79.569  33.127 0.3000000119
568  -25.062  -80.096  32.595 0.4000000060
106438  -26.737  -77.286  33.351 0.3000000119
1408  -22.260  -78.673  33.423 0.3000000119
17469  -10.491  -47.387  52.569 0.4000000060
18225  -13.362  -46.329  52.365 0.3000000119
109149  -10.015  -45.269  52.430 0.4000000060
13210  -6.961  -53.094  50.393 0.3000000119
13879  -6.275  -52.973  51.027 0.3000000119
116656  -6.353  -53.206  52.088 0.3000000119
13200  -7.111  -53.733  52.338 0.3000000119
12563  -7.564  -54.222  52.992 0.3000000119
13221  -7.753  -52.972  49.871 0.3000000119
5156  -3.748  -68.589  49.012 0.4000000060
14565  -8.221  -51.731  49.372 0.3000000119
14564  -7.380  -51.627  49.275 0.3000000119
106386  -6.311  -53.387  53.036 0.3000000119
13199  -6.870  -53.385  51.370 0.3000000119
13211  -7.711  -53.596  51.036 0.3000000119
4563  -13.660  -69.173  49.227 0.3000000119
118108  -14.706  -69.487  49.564 0.3000000119
4029  -14.632  -69.816  48.996 0.3000000119
3575  -15.361  -71.096  49.169 0.3000000119
107070  -14.651  -77.086  52.875 0.3000000119
1954  -14.863  -76.161  51.837 0.3000000119
2670  -15.730  -73.720  50.076 0.3000000119
2326  -15.524  -74.495  50.740 0.3000000119
105047  -15.190  -75.146  51.577 0.3000000119
1960  -15.338  -75.463  50.785 0.3000000119
13363  -7.611  -53.123  37.735 0.3000000119
103882  -7.760  -52.672  36.946 0.3000000119
1  -10.188  -85.073  36.953 0.5000000000
45  -12.112  -84.202  37.937 0.6000000238
49  -9.734  -84.372  37.081 0.5000000000
117  -9.786  -83.339  40.602 0.6000000238
123  -11.200  -83.781  39.878 0.5000000000
127  -6.047  -83.480  37.835 0.6999999881
132  -17.407  -83.011  38.250 0.6000000238
148  -17.719  -83.279  36.597 0.6000000238
149  -18.448  -83.479  36.519 0.6999999881
150  -19.059  -83.306  36.494 0.6999999881
164  -18.810  -83.667  34.816 0.6000000238
221  -13.006  -82.602  43.389 0.8000000119
223  -9.974  -82.421  42.225 0.8000000119
225  -10.866  -82.986  42.882 0.8000000119
228  -14.712  -82.176  42.751 0.8000000119
231  -9.925  -83.170  41.434 0.6999999881
236  -16.653  -82.126  41.177 0.8000000119
239  -13.773  -82.445  41.352 0.6000000238
243  -5.261  -82.659  39.236 0.6000000238
245  -9.268  -83.052  39.911 0.8000000119
248  -15.636  -82.150  39.745 0.6999999881
253  -5.120  -83.134  38.821 0.6000000238
259  -17.212  -82.874  39.094 0.6000000238
272  -15.875  -81.972  36.587 0.5000000000
274  -19.159  -83.066  37.068 0.6000000238
278  -15.626  -82.021  35.403 0.5000000000
285  -19.679  -83.051  34.600 0.6999999881
295  -20.439  -82.546  31.718 0.6999999881
337  -10.229  -81.602  45.565 0.8000000119
339  -10.273  -82.027  44.814 0.8000000119
341  -11.975  -81.991  45.023 0.8000000119
344  -13.220  -81.867  44.166 0.8000000119
346  -9.991  -82.284  43.031 0.8000000119
348  -15.198  -81.721  42.534 0.6999999881
349  -4.778  -80.862  41.280 0.6999999881
353  -17.534  -81.597  40.827 0.6000000238
362  -5.631  -81.861  39.482 0.6999999881
364  -17.970  -82.080  40.393 0.8000000119
367  -6.266  -81.697  38.728 0.8999999762
368  -6.922  -81.393  37.866 0.8999999762
372  -7.619  -81.844  37.397 0.8999999762
375  -19.167  -81.497  36.577 0.6999999881
392  -19.969  -81.606  33.326 0.8000000119
410  -20.988  -81.721  30.499 0.6000000238
421  -20.555  -80.904  27.860 0.6000000238
449  -14.767  -80.124  50.188 0.3000000119
451  -14.713  -80.583  49.435 0.3000000119
454  -11.375  -80.495  48.587 0.6000000238
481  -5.581  -80.724  45.527 0.8000000119
484  -9.751  -80.848  46.538 0.6999999881
490  -5.442  -80.869  44.956 0.8000000119
491  -9.791  -80.907  44.711 0.8000000119
499  -6.198  -81.085  44.013 0.8999999762
510  -15.551  -80.945  42.136 0.6999999881
522  -10.076  -81.094  40.381 0.8000000119
529  -18.118  -80.661  39.673 0.6000000238
544  -18.772  -80.776  36.555 0.6999999881
578  -24.579  -80.284  32.370 0.4000000060
593  -26.125  -79.988  31.481 0.4000000060
601  -25.876  -79.933  31.013 0.4000000060
617  -23.331  -80.086  25.465 0.6000000238
645  -13.901  -79.672  50.275 0.3000000119
646  -14.461  -79.711  50.647 0.3000000119
659  -5.522  -79.947  47.594 0.8999999762
661  -10.243  -79.672  47.768 0.6999999881
662  -10.709  -80.244  48.301 0.6000000238
666  -5.072  -80.269  46.171 0.8000000119
667  -5.703  -80.294  46.876 0.8999999762
669  -9.787  -80.139  47.012 0.6999999881
678  -5.131  -80.525  45.433 0.8000000119
682  -13.703  -79.356  45.802 0.4000000060
704  -10.467  -79.819  43.435 0.8000000119
713  -6.567  -80.322  42.709 0.8999999762
723  -4.334  -79.416  41.730 0.6000000238
728  -15.833  -80.027  41.674 0.6000000238
729  -16.866  -79.346  40.966 0.6000000238
747  -7.521  -79.334  38.798 1.0000000000
748  -8.378  -79.118  38.744 1.0000000000
791  -18.376  -79.480  35.276 0.6000000238
801  -23.406  -79.799  34.011 0.3000000119
807  -23.496  -80.016  33.412 0.3000000119
810  -26.583  -79.456  32.842 0.4000000060
819  -19.393  -78.924  32.401 0.6999999881
822  -25.901  -79.940  32.451 0.4000000060
823  -26.844  -79.643  32.504 0.4000000060
824  -28.200  -79.317  32.751 0.3000000119
825  -28.802  -78.943  32.413 0.4000000060
831  -20.207  -79.724  30.972 0.8999999762
833  -24.411  -79.912  31.254 0.4000000060
843  -24.975  -80.021  30.964 0.4000000060
845  -26.356  -79.457  30.515 0.4000000060
886  -25.221  -79.336  25.582 0.6000000238
894  -24.532  -79.766  25.232 0.6999999881
902  -24.649  -79.536  24.360 0.6000000238
914  -12.709  -79.423  22.637 0.5000000000
931  -14.860  -79.072  51.944 0.3000000119
941  -6.642  -79.814  48.261 0.8000000119
943  -11.611  -79.604  48.972 0.5000000000
967  -10.389  -78.156  46.238 0.6999999881
969  -14.534  -78.570  45.008 0.4000000060
986  -4.456  -79.729  44.290 0.8000000119
991  -14.103  -78.781  43.325 0.6999999881
997  -4.329  -78.427  41.760 0.6000000238
1008  -8.330  -77.596  41.209 1.0000000000
1010  -16.649  -77.630  41.433 0.5000000000
1016  -9.334  -77.974  39.906 1.0000000000
1049  -22.131  -79.093  36.300 0.3000000119
1089  -28.099  -78.961  34.010 0.4000000060
1099  -19.404  -77.962  32.229 0.5000000000
1101  -23.247  -79.405  32.105 0.4000000060
1115  -24.132  -78.951  30.974 0.4000000060
1132  -28.544  -78.575  29.709 0.4000000060
1146  -29.733  -77.657  28.753 0.4000000060
1157  -29.077  -78.111  28.485 0.5000000000
1213  -25.104  -78.123  23.240 0.5000000000
1214  -9.648  -77.785  21.631 0.6999999881
1218  -13.632  -78.543  21.436 0.5000000000
1231  -7.163  -78.006  51.098 0.6000000238
1233  -8.564  -77.885  52.020 0.6000000238
1252  -4.848  -78.230  48.980 0.8999999762
1255  -7.340  -78.765  48.654 0.8000000119
1286  -10.530  -77.752  45.319 0.6999999881
1313  -4.380  -77.681  42.527 0.8000000119
1333  -11.253  -77.557  40.729 0.8999999762
1436  -22.704  -77.319  31.951 0.5000000000
1448  -20.317  -77.056  30.262 0.5000000000
1451  -25.794  -77.003  30.120 0.4000000060
1469  -20.827  -77.663  28.517 0.8000000119
1474  -27.307  -77.329  28.115 0.5000000000
1485  -22.185  -77.821  27.571 0.6999999881
1489  -25.834  -77.326  27.279 0.6999999881
1505  -29.411  -76.933  27.198 0.5000000000
1521  -27.520  -76.706  24.504 0.5000000000
1522  -8.012  -77.334  23.903 0.6000000238
1524  -11.286  -76.819  21.201 0.6999999881
1531  -25.632  -77.700  23.401 0.6000000238
1532  -26.333  -77.412  23.722 0.6000000238
1543  -9.351  -76.660  21.116 0.6999999881
1565  -9.923  -76.959  55.748 0.5000000000
1566  -10.331  -76.916  55.395 0.5000000000
1571  -9.241  -77.128  54.935 0.5000000000
1579  -9.952  -77.684  54.022 0.5000000000
1589  -8.812  -77.787  52.819 0.6000000238
1590  -9.693  -77.688  53.130 0.5000000000
1600  -6.767  -77.363  51.315 0.6000000238
1601  -7.433  -77.481  51.932 0.6000000238
1615  -14.893  -76.462  51.026 0.4000000060
1625  -15.191  -76.524  49.557 0.4000000060
1659  -4.461  -76.657  46.230 1.0000000000
1661  -11.779  -76.808  45.159 0.6999999881
1662  -12.538  -76.645  45.564 0.6999999881
1684  -4.286  -76.707  42.560 0.8000000119
1687  -11.457  -76.543  41.847 0.8000000119
1689  -17.773  -76.084  42.424 0.3000000119
1694  -9.518  -76.292  40.871 0.8000000119
1702  -10.934  -76.807  40.773 0.8999999762
1708  -17.432  -75.935  40.356 0.4000000060
1723  -17.484  -75.538  37.191 0.5000000000
1745  -31.724  -76.900  35.516 0.3000000119
1746  -32.441  -76.415  35.579 0.3000000119
1753  -18.176  -75.957  34.736 0.5000000000
1773  -24.876  -76.723  33.611 0.3000000119
1799  -20.268  -75.595  31.132 0.5000000000
1801  -23.018  -75.510  30.943 0.4000000060
1812  -20.522  -76.013  30.176 0.5000000000
1815  -25.348  -76.249  29.934 0.4000000060
1843  -30.270  -76.590  28.371 0.4000000060
1849  -26.232  -76.915  27.934 0.6000000238
1850  -29.620  -76.593  27.501 0.5000000000
1860  -11.385  -76.351  25.155 0.6000000238
1867  -10.689  -76.379  24.064 0.6000000238
1875  -24.131  -76.472  23.982 0.5000000000
1881  -11.917  -76.727  23.361 0.6000000238
1885  -22.754  -76.608  23.610 0.5000000000
1886  -23.578  -76.977  23.433 0.5000000000
1896  -22.394  -76.796  22.773 0.5000000000
1905  -13.345  -77.068  19.874 0.8000000119
1919  -10.106  -76.156  57.124 0.3000000119
1925  -10.225  -76.584  56.423 0.3000000119
1952  -9.629  -76.837  51.647 0.6000000238
1962  -4.049  -74.884  49.378 0.6999999881
1968  -3.943  -74.792  48.379 0.8000000119
1980  -3.735  -74.952  46.937 1.0000000000
1993  -15.047  -75.151  45.167 0.5000000000
1995  -3.370  -74.699  44.888 0.8999999762
1997  -7.887  -75.727  44.477 0.6999999881
2001  -14.468  -74.524  44.463 0.6999999881
2005  -3.296  -74.677  43.220 0.8999999762
2006  -3.695  -75.275  43.869 0.8000000119
2014  -7.800  -76.022  42.776 0.8999999762
2015  -8.270  -75.711  42.154 0.8999999762
2017  -10.733  -75.049  41.848 0.8000000119
2024  -8.820  -75.886  41.397 0.8999999762
2026  -10.261  -75.282  41.556 0.8000000119
2070  -18.442  -74.704  36.348 0.3000000119
2094  -18.596  -75.268  34.448 0.4000000060
2111  -21.123  -74.937  33.292 0.5000000000
2126  -19.806  -74.867  32.801 0.6000000238
2136  -20.029  -75.156  31.959 0.6000000238
2146  -21.392  -74.800  30.395 0.5000000000
2148  -23.347  -75.299  30.254 0.4000000060
2159  -21.761  -75.152  29.558 0.5000000000
2161  -23.637  -75.354  29.752 0.4000000060
2185  -28.486  -75.238  27.765 0.4000000060
2197  -27.119  -75.098  26.200 0.5000000000
2204  -11.174  -76.043  25.908 0.5000000000
2215  -28.418  -76.149  25.785 0.6000000238
2218  -10.428  -75.834  25.135 0.5000000000
2225  -22.607  -75.102  24.510 0.6000000238
2229  -26.863  -76.134  24.440 0.6000000238
2240  -8.464  -75.285  22.147 0.6999999881
2255  -14.034  -76.761  19.747 0.8000000119
2256  -14.661  -75.452  19.449 0.6000000238
2260  -13.117  -75.445  19.464 0.8000000119
2262  -14.020  -76.001  19.240 0.8000000119
2289  -10.532  -75.611  56.386 0.3000000119
2291  -5.262  -73.952  55.539 0.4000000060
2292  -5.747  -74.226  55.551 0.4000000060
2300  -10.626  -75.530  54.781 0.4000000060
2335  -4.100  -74.250  48.341 1.0000000000
2337  -10.485  -74.735  48.995 0.6000000238
2345  -11.184  -73.926  47.333 0.6999999881
2351  -9.576  -74.501  46.428 0.6999999881
2353  -16.084  -74.520  46.161 0.5000000000
2363  -3.122  -74.093  44.482 0.8999999762
2373  -9.044  -74.479  43.421 0.6999999881
2374  -10.334  -74.032  42.641 0.8000000119
2382  -3.289  -74.170  42.699 0.6000000238
2386  -10.926  -74.557  42.268 0.8000000119
2410  -17.931  -74.841  38.170 0.3000000119
2442  -19.853  -74.619  34.045 0.4000000060
2452  -19.493  -74.823  33.712 0.6000000238
2469  -21.093  -74.569  32.068 0.6000000238
2480  -21.388  -74.597  31.007 0.5000000000
2486  -21.851  -74.672  30.652 0.5000000000
2507  -27.285  -74.074  28.325 0.6000000238
2530  -23.822  -73.918  26.126 0.5000000000
2537  -10.399  -75.216  25.785 0.5000000000
2544  -24.053  -74.535  26.040 0.6000000238
2556  -22.617  -74.440  24.235 0.6000000238
2575  -22.510  -74.629  22.734 0.6000000238
2577  -9.907  -74.357  20.942 0.6999999881
2635  -5.228  -73.681  55.540 0.6000000238
2648  -4.498  -73.053  52.179 0.8000000119
2649  -4.613  -73.090  52.868 0.6000000238
2656  -10.862  -74.237  51.252 0.6000000238
2672  -4.188  -73.976  48.515 0.8999999762
2673  -4.030  -73.928  49.066 0.8000000119
2679  -16.230  -73.901  48.118 0.5000000000
2683  -4.181  -74.109  47.761 0.8999999762
2684  -4.297  -73.872  48.330 0.8999999762
2686  -6.222  -73.315  47.470 0.8000000119
2691  -4.074  -74.072  46.773 0.8999999762
2692  -4.253  -73.886  46.594 1.0000000000
2695  -7.326  -72.652  46.068 0.8000000119
2699  -16.002  -73.750  45.849 0.4000000060
2708  -7.433  -72.419  45.138 0.6999999881
2714  -15.515  -73.761  45.306 0.5000000000
2719  -3.195  -73.772  44.159 0.8999999762
2720  -3.994  -73.596  44.292 0.8999999762
2726  -12.918  -72.983  44.045 0.6999999881
2733  -4.467  -73.478  43.370 0.6000000238
2736  -11.640  -73.367  43.343 0.8000000119
2737  -12.540  -73.446  43.563 0.6999999881
2882  -25.973  -73.453  27.779 0.6000000238
2883  -26.887  -73.453  28.215 0.6000000238
2921  -28.402  -73.316  24.438 0.4000000060
2930  -22.769  -73.956  23.812 0.6000000238
2949  -22.834  -73.951  23.071 0.6000000238
2956  -29.680  -73.891  22.255 0.4000000060
2987  -13.304  -73.684  19.413 0.6999999881
2996  -26.696  -73.641  19.305 0.5000000000
2998  -13.673  -73.529  19.091 0.6999999881
2999  -14.274  -73.481  18.924 0.6999999881
3068  -5.195  -73.209  55.055 0.6000000238
3077  -6.754  -72.340  54.970 0.6000000238
3088  -5.115  -72.596  52.935 0.6000000238
3103  -5.950  -72.894  49.618 0.8000000119
3113  -6.455  -72.897  48.778 0.8000000119
3117  -15.734  -71.955  47.916 0.3000000119
3123  -7.592  -72.122  47.369 0.8000000119
3137  -15.106  -72.508  46.200 0.3000000119
3155  -6.920  -72.996  42.954 0.6000000238
3315  -35.891  -72.569  29.873 0.3000000119
3334  -27.117  -72.877  27.957 0.4000000060
3342  -25.037  -72.871  26.937 0.6000000238
3343  -25.973  -72.618  27.011 0.5000000000
3354  -24.519  -72.949  26.177 0.6000000238
3373  -26.043  -72.756  25.067 0.5000000000
3406  -13.059  -72.403  21.005 0.6999999881
3416  -15.588  -72.746  19.565 0.6000000238
3423  -15.731  -71.959  19.299 0.6000000238
3426  -24.996  -72.950  18.929 0.4000000060
3433  -14.751  -72.068  18.811 0.6999999881
3434  -19.539  -72.325  18.899 0.4000000060
3438  -26.006  -72.307  18.704 0.5000000000
3439  -26.770  -71.981  18.714 0.5000000000
3530  -7.495  -71.287  55.747 0.6000000238
3541  -7.966  -71.462  53.536 0.6999999881
3555  -8.290  -71.089  52.978 0.6999999881
3585  -15.317  -71.230  48.160 0.3000000119
3605  -7.483  -71.250  46.063 0.6999999881
3631  -7.361  -71.795  42.755 0.5000000000
3632  -7.546  -72.007  43.503 0.6000000238
3853  -14.462  -71.773  22.873 0.5000000000
3857  -8.410  -71.571  22.256 0.6999999881
3866  -9.448  -71.173  20.841 0.6999999881
3891  -13.927  -71.335  19.104 0.6999999881
3899  -24.861  -71.259  18.459 0.5000000000
3901  -26.858  -70.911  18.768 0.4000000060
3979  -6.947  -70.213  56.137 0.5000000000
3986  -7.956  -71.001  54.903 0.6000000238
4019  -12.011  -69.803  49.991 0.4000000060
4037  -8.306  -70.185  48.529 0.8000000119
4040  -14.397  -70.227  48.421 0.4000000060
4041  -14.971  -70.515  48.709 0.3000000119
4052  -14.189  -70.652  47.847 0.4000000060
4061  -5.553  -70.451  46.095 0.5000000000
4073  -6.966  -70.919  45.381 0.6000000238
4083  -6.395  -71.005  43.955 0.5000000000
4255  -7.931  -70.382  28.122 0.8000000119
4256  -8.393  -70.273  28.218 0.8000000119
4264  -7.831  -71.062  27.321 0.8000000119
4266  -8.707  -70.675  27.526 0.8000000119
4278  -7.650  -71.366  26.410 0.6999999881
4280  -8.901  -71.000  26.677 0.8000000119
4342  -8.551  -70.732  21.749 0.6999999881
4359  -10.391  -70.217  20.884 0.6000000238
4360  -13.232  -70.679  20.475 0.6999999881
4370  -13.457  -70.519  19.864 0.6999999881
4378  -14.383  -70.159  19.498 0.6999999881
4385  -15.559  -70.219  19.275 0.6999999881
4394  -25.597  -70.783  18.513 0.5000000000
4506  -6.399  -69.437  55.864 0.5000000000
4528  -9.300  -68.972  52.104 0.8000000119
4536  -9.242  -69.379  51.298 0.8000000119
4548  -9.152  -69.148  50.392 0.8000000119
4549  -9.316  -68.527  50.869 0.8000000119
4551  -12.517  -69.130  49.914 0.4000000060
4562  -13.011  -69.240  49.289 0.4000000060
4564  -14.257  -69.250  49.303 0.3000000119
4580  -13.271  -69.672  48.824 0.4000000060
4592  -8.071  -69.934  47.964 0.8000000119
4600  -4.761  -70.144  46.712 0.5000000000
4818  -8.786  -69.609  28.707 0.6999999881
4901  -11.837  -69.796  22.489 0.6000000238
4915  -11.873  -68.953  22.115 0.6000000238
4928  -8.767  -70.038  21.436 0.6999999881
4930  -9.816  -69.515  20.926 0.6000000238
4946  -14.132  -69.160  20.296 0.6999999881
4951  -14.490  -69.445  19.881 0.6999999881
4952  -15.219  -69.096  19.900 0.6999999881
4960  -17.747  -69.368  19.084 0.6999999881
4967  -24.823  -69.544  18.673 0.5000000000
5063  -3.026  -69.086  57.499 0.3000000119
5069  -3.224  -68.479  57.148 0.3000000119
5092  -8.187  -69.463  54.217 0.6999999881
5101  -8.604  -68.940  53.566 0.8000000119
5111  -9.334  -68.098  51.920 0.8000000119
5142  -3.010  -67.942  49.274 0.5000000000
5143  -3.444  -68.094  49.560 0.4000000060
5144  -4.092  -68.122  49.965 0.6000000238
5147  -7.448  -68.104  49.405 0.8000000119
5148  -8.400  -68.283  49.575 0.8000000119
5158  -5.905  -68.670  48.914 0.6999999881
5353  -9.040  -68.382  30.132 0.6999999881
5363  -7.944  -68.546  29.646 0.6999999881
5442  -9.369  -68.348  21.635 0.6000000238
5446  -15.341  -67.972  21.750 0.5000000000
5456  -10.120  -68.763  21.184 0.6000000238
5459  -15.099  -67.850  21.038 0.6999999881
5470  -15.220  -68.084  20.688 0.6999999881
5478  -15.511  -68.393  20.310 0.6999999881
5479  -16.227  -68.088  20.076 0.6999999881
5481  -17.933  -68.052  19.578 0.6999999881
5482  -19.551  -67.386  19.687 0.6999999881
5495  -21.114  -67.820  18.874 0.6000000238
5620  -3.458  -67.626  56.791 0.4000000060
5629  -3.772  -67.023  56.229 0.4000000060
5641  -8.064  -67.847  54.276 0.6000000238
5661  -8.971  -67.435  52.423 0.8000000119
5673  -5.490  -66.942  51.499 0.6999999881
5676  -8.569  -66.858  51.959 0.8000000119
5677  -9.121  -67.532  51.533 0.8000000119
5693  -9.140  -67.794  50.822 0.8000000119
5699  -3.081  -67.511  49.418 0.5000000000
5700  -3.407  -67.655  49.711 0.6999999881
5904  -8.508  -68.080  30.261 0.8000000119
5914  -7.901  -67.742  29.698 0.8000000119
5915  -9.724  -68.108  29.919 0.6999999881
6002  -19.290  -67.028  21.068 0.5000000000
6121  -3.032  -66.308  57.631 0.3000000119
6122  -3.308  -66.283  57.030 0.3000000119
6131  -4.107  -66.460  56.013 0.4000000060
6141  -7.984  -66.443  54.390 0.6000000238
6174  -5.198  -66.758  51.329 0.6000000238
6176  -6.761  -66.117  51.969 0.8000000119
6182  -4.461  -67.045  50.806 0.6000000238
6187  -4.387  -66.488  49.349 0.6999999881
6193  -3.287  -66.786  49.165 0.6000000238
6376  -9.285  -66.677  31.194 0.6999999881
6377  -10.478  -67.068  31.162 0.6000000238
6378  -11.289  -66.630  30.941 0.6000000238
6385  -8.268  -66.764  29.531 0.6999999881
6398  -11.159  -66.715  28.176 0.6000000238
6432  -10.669  -66.084  25.342 0.6000000238
6469  -10.574  -66.421  22.543 0.6000000238
6602  -6.987  -65.655  55.334 0.5000000000
6652  -6.138  -65.713  51.169 0.6999999881
6836  -11.374  -66.101  31.684 0.6000000238
6874  -11.874  -65.219  27.853 0.6000000238
6896  -7.960  -65.301  26.460 0.5000000000
6903  -11.076  -65.441  24.833 0.6000000238
6914  -12.260  -65.172  23.999 0.6000000238
6926  -12.754  -65.762  23.483 0.6000000238
7041  -3.059  -64.510  56.569 0.3000000119
7052  -5.527  -64.119  55.396 0.4000000060
7090  -7.819  -64.506  50.146 0.6999999881
7109  -7.116  -64.716  48.673 0.6999999881
7254  -11.565  -64.212  33.273 0.6999999881
7264  -11.693  -64.716  32.753 0.6999999881
7265  -12.206  -64.341  32.739 0.6000000238
7369  -12.044  -64.464  25.543 0.6000000238
7538  -7.680  -63.496  51.498 0.5000000000
7730  -10.703  -64.043  33.093 0.6999999881
7731  -12.387  -63.890  32.997 0.6000000238
7951  -2.768  -62.675  55.156 0.3000000119
7977  -5.372  -61.960  52.927 0.5000000000
8010  -8.323  -63.512  49.785 0.6999999881
8158  -10.734  -62.989  33.884 0.6999999881
8160  -12.945  -62.460  34.060 0.5000000000
8393  -1.755  -61.085  56.257 0.3000000119
8394  -1.719  -61.307  57.067 0.3000000119
8417  -2.149  -60.606  54.722 0.4000000060
8418  -2.432  -61.416  54.276 0.4000000060
8431  -3.123  -61.462  53.310 0.4000000060
8443  -4.009  -61.214  52.384 0.4000000060
8452  -4.492  -60.928  51.809 0.5000000000
8463  -8.061  -61.238  50.323 0.6000000238
8467  -8.414  -60.692  49.868 0.6999999881
8473  -8.384  -61.277  49.194 0.6000000238
8956  -1.943  -60.849  55.551 0.3000000119
8989  -3.228  -60.370  52.085 0.5000000000
8999  -3.604  -60.196  51.650 0.5000000000
9001  -5.268  -60.209  51.218 0.5000000000
9037  -5.342  -60.225  46.981 0.5000000000
9132  -8.328  -60.197  36.498 0.6000000238
9529  -7.628  -58.853  49.751 0.6999999881
9533  -6.562  -59.207  48.440 0.6999999881
9665  -6.645  -58.789  37.012 0.5000000000
10068  -2.697  -59.248  53.115 0.4000000060
10092  -7.240  -58.449  50.373 0.6000000238
10107  -4.415  -58.639  48.056 0.6000000238
10120  -2.954  -57.706  47.665 0.6000000238
10613  -3.132  -57.108  56.257 0.3000000119
10630  -2.707  -57.410  55.988 0.3000000119
10641  -2.573  -57.697  55.510 0.3000000119
10675  -6.685  -57.849  50.832 0.6000000238
11279  -3.183  -56.621  56.051 0.3000000119
11306  -2.929  -56.818  54.868 0.4000000060
11345  -5.536  -56.500  50.483 0.6000000238
11917  -3.292  -56.148  55.742 0.3000000119
11919  -3.962  -55.991  56.097 0.3000000119
11933  -3.273  -55.458  55.315 0.5000000000
11944  -3.199  -55.161  54.809 0.5000000000
11955  -3.004  -54.657  54.214 0.5000000000
12533  -3.478  -54.801  55.383 0.4000000060
12543  -3.104  -54.197  55.105 0.4000000060
12587  -2.957  -54.547  51.070 0.6000000238
12605  -2.717  -54.336  47.601 0.8000000119
13178  -5.868  -53.840  54.448 0.3000000119
13186  -2.744  -52.842  54.340 0.5000000000
13187  -5.525  -53.267  54.191 0.4000000060
13232  -2.910  -53.565  48.068 0.8000000119
13855  -2.442  -52.298  53.698 0.5000000000
13900  -2.916  -52.737  48.238 0.8000000119
13922  -2.480  -52.411  45.366 0.6999999881
13940  -2.400  -52.312  44.458 0.5000000000
14016  -6.022  -52.621  38.087 0.5000000000
14524  -2.866  -51.448  53.340 0.5000000000
14531  -2.667  -50.938  52.620 0.5000000000
15274  -2.703  -50.112  51.462 0.6000000238
15286  -2.421  -50.024  51.005 0.6000000238
15296  -2.109  -50.204  49.530 0.6000000238
15297  -3.693  -49.194  49.127 0.6000000238
15310  -2.636  -50.594  47.739 0.8000000119
15322  -2.664  -50.796  45.292 0.8000000119
15980  -8.285  -49.047  52.643 0.3000000119
15984  -2.447  -49.808  50.411 0.6000000238
15998  -5.421  -49.537  49.446 0.6000000238
16003  -11.749  -49.288  49.741 0.5000000000
16194  -10.665  -48.524  34.629 0.4000000060
16729  -5.279  -47.300  51.497 0.6000000238
16730  -5.605  -47.487  51.826 0.6000000238
16785  -11.645  -48.278  45.381 0.6000000238
16809  -2.668  -49.032  43.371 0.6000000238
16810  -3.199  -48.703  42.808 0.6999999881
16825  -4.849  -48.153  42.501 0.6999999881
17497  -2.468  -47.321  48.092 0.6999999881
17499  -3.554  -46.778  48.619 0.8000000119
17500  -4.958  -46.692  49.734 0.6999999881
17560  -6.036  -46.994  42.970 0.6999999881
17561  -6.734  -46.850  43.134 0.6999999881
17568  -5.224  -47.690  42.683 0.6999999881
18256  -2.379  -46.438  45.508 0.8000000119
18259  -4.581  -46.235  47.370 0.8000000119
18287  -4.678  -47.074  43.250 0.6999999881
18288  -5.385  -46.958  43.449 0.6999999881
18963  -9.834  -45.186  51.952 0.4000000060
20358  -23.870  -43.620  41.567 0.5000000000
20359  -24.265  -43.650  42.190 0.5000000000
21757  -22.921  -40.846  43.991 0.4000000060
22491  -23.512  -40.451  42.412 0.4000000060
22535  -18.645  -39.832  38.506 0.3000000119
99690  -7.622  -64.958  54.315 0.6999999881
100112  -12.528  -63.581  31.391 0.6000000238
100315  -12.768  -77.222  20.222 0.8000000119
100515  -17.441  -75.591  38.005 0.5000000000
100571  -12.577  -82.195  44.445 0.8000000119
100844  -2.750  -57.081  55.510 0.3000000119
101124  -10.156  -73.948  45.891 0.6999999881
101201  -5.928  -60.808  51.196 0.5000000000
101227  -7.524  -71.841  49.150 0.8000000119
102107  -7.300  -64.884  52.027 0.8000000119
102190  -2.542  -54.843  46.888 0.8000000119
102216  -2.884  -49.297  49.763 0.6000000238
102406  -2.315  -58.915  55.311 0.3000000119
102461  -14.545  -77.098  52.179 0.3000000119
102554  -7.039  -78.742  47.394 0.8999999762
102611  -8.236  -60.487  49.309 0.6000000238
102977  -10.586  -76.188  21.341 0.6999999881
103029  -11.406  -77.018  41.210 0.8999999762
103114  -18.186  -74.708  37.090 0.3000000119
103469  -4.487  -73.573  51.099 0.6999999881
104279  -11.005  -66.668  27.364 0.6000000238
104284  -7.373  -76.517  44.128 0.8999999762
104327  -12.338  -69.928  24.047 0.4000000060
104329  -27.640  -79.400  32.908 0.4000000060
104335  -12.035  -83.429  40.153 0.6000000238
104611  -2.714  -52.010  48.424 0.8000000119
104681  -10.848  -78.586  21.660 0.8000000119
104930  -14.722  -77.033  50.610 0.4000000060
105107  -5.724  -52.660  51.812 0.3000000119
105201  -4.550  -73.812  47.314 1.0000000000
105298  -18.276  -76.769  34.423 0.6000000238
105300  -19.108  -74.566  35.114 0.4000000060
105840  -29.879  -77.693  29.575 0.4000000060
105893  -4.592  -55.144  55.635 0.3000000119
106060  -14.843  -76.760  21.312 0.5000000000
106075  -16.882  -76.929  41.479 0.5000000000
106116  -4.966  -64.981  55.763 0.4000000060
106515  -19.381  -83.410  33.581 0.5000000000
106601  -11.430  -71.083  52.177 0.3000000119
106654  -8.734  -69.175  21.830 0.6000000238
106779  -6.236  -59.362  51.151 0.6000000238
106795  -11.523  -71.089  51.321 0.4000000060
106876  -4.558  -73.715  45.719 0.8999999762
106982  -28.361  -78.285  28.540 0.4000000060
107089  -9.487  -65.095  31.315 0.8000000119
107283  -6.455  -56.465  33.746 0.6000000238
107287  -15.869  -72.422  47.300 0.3000000119
107324  -13.413  -81.162  43.908 0.6999999881
107670  -17.257  -76.681  40.264 0.5000000000
107891  -5.123  -62.189  53.672 0.5000000000
107898  -2.308  -60.075  54.103 0.4000000060
108012  -19.860  -82.701  34.590 0.8000000119
108409  -3.444  -66.857  56.766 0.3000000119
108415  -5.300  -72.610  51.378 0.8000000119
108588  -6.644  -56.978  32.391 0.5000000000
108621  -4.495  -80.190  41.583 0.6999999881
108638  -28.932  -73.750  23.652 0.4000000060
108716  -8.551  -46.866  45.122 0.6000000238
108912  -2.679  -58.620  56.405 0.3000000119
108928  -2.668  -55.862  48.408 0.6999999881
108976  -18.034  -74.972  35.937 0.4000000060
109104  -10.761  -48.751  52.626 0.3000000119
109169  -27.178  -74.214  20.557 0.5000000000
109189  -10.198  -70.943  20.757 0.6000000238
109215  -17.688  -75.166  39.194 0.4000000060
109295  -13.493  -71.263  19.539 0.6999999881
109692  -8.671  -77.381  22.395 0.6000000238
109731  -6.265  -80.168  47.005 0.8999999762
109777  -18.702  -80.279  35.388 0.6999999881
109869  -29.419  -74.027  22.859 0.4000000060
110036  -17.452  -83.189  35.212 0.5000000000
110044  -5.334  -57.396  49.179 0.6999999881
110192  -10.121  -78.177  39.760 0.8999999762
110201  -21.381  -74.605  31.499 0.6000000238
110242  -12.546  -66.899  22.727 0.6000000238
110307  -8.705  -61.925  29.475 0.5000000000
110543  -13.353  -49.471  47.991 0.5000000000
110744  -20.240  -78.503  30.374 0.6999999881
110776  -25.960  -76.978  33.080 0.3000000119
110788  -9.781  -80.045  39.105 0.8999999762
110867  -13.381  -48.171  42.761 0.6000000238
110899  -20.925  -79.821  26.891 0.8000000119
111055  -24.325  -71.954  18.524 0.4000000060
111432  -14.234  -78.431  44.099 0.4000000060
111450  -22.438  -72.850  18.314 0.5000000000
111511  -3.986  -64.863  55.912 0.4000000060
111696  -8.901  -68.889  49.763 0.8000000119
112098  -5.155  -63.413  48.318 0.6999999881
112132  -23.607  -75.876  24.698 0.6000000238
112493  -21.053  -67.038  19.578 0.5000000000
112537  -11.345  -71.227  52.919 0.3000000119
113053  -18.281  -81.635  39.957 0.6999999881
113117  -17.449  -82.440  40.365 0.8000000119
113279  -14.841  -70.365  19.200 0.6999999881
113324  -14.540  -75.627  45.374 0.5000000000
113412  -20.200  -82.445  33.284 0.6000000238
113427  -10.563  -74.868  53.960 0.5000000000
113446  -19.679  -83.097  33.929 0.6000000238
113505  -7.141  -67.684  25.449 0.5000000000
113810  -25.334  -80.076  31.160 0.4000000060
113843  -10.180  -46.610  51.297 0.5000000000
113920  -5.950  -81.092  44.850 0.8000000119
114108  -7.236  -70.848  56.216 0.6000000238
114240  -4.341  -46.748  49.139 0.6000000238
114249  -31.824  -77.388  35.001 0.3000000119
114361  -3.951  -75.042  48.882 0.8000000119
114365  -2.470  -49.432  43.896 0.6999999881
114425  -18.038  -79.868  38.200 0.6000000238
114547  -2.908  -62.169  54.443 0.4000000060
114968  -17.525  -78.392  38.318 0.5000000000
115072  -2.866  -46.829  48.273 0.8000000119
115192  -5.524  -80.447  41.431 1.0000000000
115340  -11.238  -71.379  53.525 0.3000000119
115385  -7.123  -82.706  37.323 0.6999999881
115393  -14.012  -73.945  18.974 0.8000000119
115444  -3.975  -73.710  45.098 0.8999999762
115481  -8.043  -61.290  33.286 0.8000000119
115513  -8.375  -62.909  50.059 0.6999999881
115877  -23.201  -73.716  22.651 0.6000000238
116059  -7.166  -61.654  48.247 0.6999999881
116083  -6.803  -73.287  25.351 0.5000000000
116122  -4.534  -80.686  41.362 0.6999999881
116158  -13.876  -80.541  49.473 0.5000000000
116177  -16.288  -74.187  47.382 0.5000000000
116254  -17.235  -77.532  40.268 0.5000000000
116316  -18.993  -74.854  34.248 0.6000000238
116419  -13.579  -75.974  19.339 0.8000000119
116427  -19.950  -80.434  31.989 0.8999999762
116430  -9.144  -69.132  29.110 0.8000000119
116779  -18.436  -82.870  38.499 0.6999999881
116786  -7.180  -63.766  54.063 0.5000000000
116868  -3.186  -47.277  43.385 0.6999999881
117019  -10.048  -81.208  46.338 0.6999999881
117088  -7.659  -68.975  29.151 0.8000000119
117151  -2.399  -53.819  45.561 0.6000000238
117302  -30.427  -75.891  28.603 0.3000000119
117582  -14.032  -80.961  47.946 0.4000000060
117720  -10.022  -80.356  44.072 0.8000000119
117723  -6.458  -58.063  51.234 0.6000000238
118079  -11.595  -72.947  44.678 0.6999999881
118243  -9.684  -74.012  42.994 0.8000000119
118317  -5.649  -60.050  47.388 0.6000000238
118369  -10.312  -81.171  46.648 0.6999999881
118428  -3.760  -67.729  50.013 0.6999999881
118495  -7.901  -71.399  48.443 0.8000000119
118631  -3.794  -64.263  55.796 0.3000000119
118657  -12.492  -64.188  31.445 0.6000000238
118926  -7.057  -72.736  42.406 0.6000000238
119083  -11.030  -80.161  42.085 0.8000000119
119226  -5.605  -66.046  50.827 0.6000000238
119338  -27.635  -77.389  26.318 0.6000000238
119412  -14.132  -70.226  21.893 0.6000000238
119553  -15.218  -82.416  41.873 0.8000000119
119556  -17.517  -81.104  40.772 0.6000000238
119625  -12.103  -83.050  42.240 0.8000000119
119729  -8.847  -67.713  52.996 0.8000000119
119732  -11.285  -75.982  41.803 0.8000000119
119826  -10.923  -70.235  21.225 0.6000000238
119835  -8.515  -75.409  46.839 0.6999999881
119896  -10.070  -79.398  39.389 0.8999999762
119978  -24.338  -46.183  45.110 0.4000000060
