#!ascii label  , from subject sub-v2s10x28961_ses-1 vox2ras=TkReg
4288
138710  20.519  -89.803  23.731 0.0000000000
22221  16.499  -57.538  19.403 0.0000000000
11575  10.824  -69.040  34.777 0.0000000000
8886  6.490  -72.918  12.488 0.0000000000
35481  22.965  -44.065  23.188 0.0000000000
1624  21.170  -86.415  13.766 0.0000000000
116033  4.279  -62.606  23.484 0.0000000000
25794  13.016  -51.919  24.510 0.0000000000
36516  15.912  -42.343  19.461 0.0000000000
1501  21.392  -85.927  28.830 0.0000000000
3002  11.146  -83.670  23.875 0.0000000000
4398  5.680  -80.649  27.248 0.0000000000
117112  10.879  -59.584  34.625 0.0000000000
5688  19.283  -78.346  15.376 0.0000000000
12633  10.175  -68.804  17.539 0.0000000000
3933  22.821  -81.402  24.411 0.0000000000
4510  25.689  -80.421  18.147 0.0000000000
673  25.226  -89.446  18.977 0.0000000000
36467  16.198  -42.100  22.443 0.0000000000
2943  16.037  -83.283  29.331 0.0000000000
4327  8.244  -80.414  35.218 0.0000000000
7954  10.237  -74.301  32.652 0.0000000000
129695  5.236  -68.223  30.578 0.0000000000
21132  17.507  -57.964  36.586 0.0000000000
117537  20.110  -60.533  31.284 0.0000000000
20234  24.667  -59.824  35.001 0.0000000000
4094  7.308  -81.491  12.249 0.0000000000
5151  11.474  -79.056  9.999 0.0000000000
6944  12.887  -76.844  13.049 0.0000000000
7602  18.291  -75.420  8.531 0.0000000000
126992  14.651  -72.382  8.524 0.0000000000
18506  11.444  -61.509  21.319 0.0000000000
15986  7.708  -62.713  17.659 0.0000000000
15990  13.448  -64.911  16.808 0.0000000000
32474  29.012  -46.986  31.692 0.0000000000
2124  26.663  -85.833  7.762 0.0000000000
5087  7.186  -79.666  16.044 0.0000000000
23052  6.433  -56.342  22.362 0.0000000000
23973  12.591  -55.910  22.364 0.0000000000
29847  14.490  -49.057  21.427 0.0000000000
139939  19.347  -93.944  33.785 0.0000000000
102  17.419  -93.289  24.830 0.0000000000
133064  14.388  -91.891  31.075 0.0000000000
1476  6.212  -86.800  33.058 0.0000000000
1951  5.272  -85.912  25.930 0.0000000000
15774  8.613  -63.392  32.196 0.0000000000
27574  28.354  -52.022  36.649 0.0000000000
35328  24.444  -44.270  36.257 0.0000000000
568  25.384  -90.288  34.847 0.0000000000
612  25.991  -89.690  26.865 0.0000000000
1644  20.657  -86.390  9.046 0.0000000000
4088  23.786  -81.958  13.053 0.0000000000
138162  4.703  -69.888  21.910 0.0000000000
128164  6.747  -72.819  18.674 0.0000000000
7464  10.629  -75.366  19.007 0.0000000000
10956  16.593  -70.596  20.616 0.0000000000
1548  21.498  -85.861  23.243 0.0000000000
2002  24.189  -85.640  21.249 0.0000000000
131192  22.449  -89.322  21.521 0.0000000000
9293  12.519  -72.864  37.280 0.0000000000
7285  14.217  -75.253  34.840 0.0000000000
10046  12.410  -71.253  34.368 0.0000000000
10075  8.837  -71.238  31.785 0.0000000000
12444  10.439  -68.614  31.125 0.0000000000
20251  18.296  -59.706  33.772 0.0000000000
20237  21.387  -59.952  35.199 0.0000000000
19268  22.269  -60.926  34.442 0.0000000000
6350  6.706  -77.581  11.291 0.0000000000
5707  9.784  -78.774  14.152 0.0000000000
8171  10.075  -74.613  13.213 0.0000000000
7607  12.271  -75.251  9.104 0.0000000000
8905  9.546  -73.650  8.987 0.0000000000
139802  14.671  -60.254  21.423 0.0000000000
15931  13.855  -64.965  20.641 0.0000000000
19517  14.850  -61.418  18.468 0.0000000000
35386  27.077  -43.943  32.568 0.0000000000
34454  27.363  -44.525  29.209 0.0000000000
2537  21.750  -84.207  17.258 0.0000000000
3102  26.524  -83.258  16.739 0.0000000000
2587  23.382  -84.221  13.937 0.0000000000
2614  27.816  -84.906  11.968 0.0000000000
1638  24.147  -87.112  10.900 0.0000000000
24897  9.101  -53.069  22.389 0.0000000000
23048  9.814  -55.541  19.972 0.0000000000
24904  12.301  -53.469  22.459 0.0000000000
32559  23.439  -46.974  24.466 0.0000000000
128535  20.208  -46.425  24.443 0.0000000000
38387  13.156  -40.039  21.459 0.0000000000
33563  14.749  -45.450  22.810 0.0000000000
586  20.329  -89.694  30.489 0.0000000000
147  17.099  -93.370  30.340 0.0000000000
605  17.966  -89.197  28.439 0.0000000000
2986  14.439  -82.975  25.229 0.0000000000
1508  12.337  -86.347  28.327 0.0000000000
1541  11.322  -86.582  24.207 0.0000000000
2024  10.221  -85.425  21.135 0.0000000000
4923  8.532  -79.963  30.938 0.0000000000
3404  6.213  -82.522  30.296 0.0000000000
2989  6.800  -83.171  25.702 0.0000000000
16542  12.579  -63.755  34.913 0.0000000000
15738  8.919  -64.145  34.812 0.0000000000
18334  8.086  -60.754  33.862 0.0000000000
18374  5.867  -60.791  30.133 0.0000000000
121473  8.441  -58.692  29.892 0.0000000000
28573  25.005  -50.474  35.702 0.0000000000
28601  29.911  -49.763  36.418 0.0000000000
31535  27.629  -46.817  40.687 0.0000000000
32427  29.795  -44.556  38.562 0.0000000000
2871  23.156  -83.855  32.996 0.0000000000
133191  25.077  -86.548  35.233 0.0000000000
865  23.109  -88.048  32.011 0.0000000000
206  22.559  -91.993  34.095 0.0000000000
5135  16.457  -79.227  12.740 0.0000000000
5772  15.327  -78.278  8.783 0.0000000000
4592  18.654  -79.654  11.485 0.0000000000
3139  19.608  -83.129  12.891 0.0000000000
4054  22.127  -80.929  15.586 0.0000000000
6335  22.463  -77.264  14.524 0.0000000000
14279  4.647  -65.980  22.571 0.0000000000
13508  8.408  -66.810  17.272 0.0000000000
12596  6.904  -67.606  19.233 0.0000000000
11720  8.112  -69.965  21.394 0.0000000000
7425  7.668  -75.158  21.043 0.0000000000
10172  10.808  -72.056  21.374 0.0000000000
4477  24.420  -80.518  20.998 0.0000000000
2040  24.533  -85.431  19.210 0.0000000000
1277  22.461  -88.488  16.661 0.0000000000
37395  22.335  -41.793  22.554 0.0000000000
39413  17.157  -39.386  20.175 0.0000000000
39445  15.653  -38.250  18.788 0.0000000000
1908  18.460  -84.585  28.583 0.0000000000
3862  17.842  -80.691  31.299 0.0000000000
4370  14.908  -80.810  30.410 0.0000000000
3426  12.176  -82.599  28.712 0.0000000000
3328  11.318  -82.705  37.703 0.0000000000
5494  13.444  -78.831  36.135 0.0000000000
119562  10.860  -77.652  33.622 0.0000000000
6138  5.983  -77.362  32.625 0.0000000000
7967  6.212  -74.279  30.890 0.0000000000
130925  14.749  -58.004  35.613 0.0000000000
20279  12.874  -59.224  31.474 0.0000000000
21188  15.078  -58.674  33.017 0.0000000000
122519  17.756  -59.843  30.417 0.0000000000
20250  26.039  -60.072  34.022 0.0000000000
4081  10.349  -81.929  13.371 0.0000000000
123040  13.836  -80.476  14.567 0.0000000000
6322  15.910  -77.550  14.912 0.0000000000
119997  19.230  -75.434  13.010 0.0000000000
7573  16.226  -75.104  11.648 0.0000000000
8269  15.739  -74.990  7.631 0.0000000000
18494  7.949  -61.674  22.482 0.0000000000
15912  6.814  -63.617  21.444 0.0000000000
15909  10.650  -64.848  21.966 0.0000000000
15984  10.299  -63.999  17.017 0.0000000000
14400  9.718  -66.674  13.269 0.0000000000
31637  27.997  -47.280  28.309 0.0000000000
33520  26.441  -45.630  26.724 0.0000000000
131045  25.167  -44.028  25.039 0.0000000000
2102  30.088  -85.752  10.880 0.0000000000
2135  29.162  -84.290  5.558 0.0000000000
4571  5.411  -80.505  13.256 0.0000000000
6950  5.612  -76.595  13.283 0.0000000000
20408  5.359  -59.038  22.565 0.0000000000
20450  8.284  -59.325  19.631 0.0000000000
21330  11.774  -59.018  20.563 0.0000000000
22198  14.739  -57.243  21.230 0.0000000000
27798  17.697  -51.176  24.997 0.0000000000
30816  16.502  -48.217  23.039 0.0000000000
131537  16.927  -52.959  22.488 0.0000000000
25843  15.876  -53.865  20.693 0.0000000000
25852  12.908  -53.817  18.359 0.0000000000
25873  14.495  -53.712  17.488 0.0000000000
152  20.344  -93.002  29.106 0.0000000000
99  20.675  -93.368  25.212 0.0000000000
127673  17.891  -94.596  29.046 0.0000000000
33  15.303  -95.443  29.110 0.0000000000
121950  14.349  -87.532  29.384 0.0000000000
589  10.952  -89.548  30.956 0.0000000000
2391  8.837  -84.576  28.957 0.0000000000
3348  5.898  -82.620  35.391 0.0000000000
1888  5.808  -85.692  30.114 0.0000000000
1963  8.288  -85.695  24.998 0.0000000000
13303  8.865  -66.759  32.764 0.0000000000
15036  6.938  -65.234  30.337 0.0000000000
15818  4.141  -64.358  28.655 0.0000000000
132533  27.962  -57.128  35.466 0.0000000000
116053  26.302  -53.062  36.059 0.0000000000
22939  29.533  -56.453  34.946 0.0000000000
24824  30.580  -54.392  33.369 0.0000000000
33441  28.172  -45.522  35.171 0.0000000000
830  29.247  -88.682  36.305 0.0000000000
359  25.586  -90.654  31.598 0.0000000000
232  23.276  -91.776  29.973 0.0000000000
631  23.561  -89.153  25.679 0.0000000000
186  21.305  -92.365  21.283 0.0000000000
438  22.015  -90.496  18.192 0.0000000000
1006  22.731  -89.265  8.378 0.0000000000
1664  23.111  -86.628  5.714 0.0000000000
3196  25.375  -83.713  7.967 0.0000000000
3178  22.198  -83.810  10.469 0.0000000000
4119  26.221  -81.877  10.928 0.0000000000
14326  5.479  -65.928  18.375 0.0000000000
10987  4.864  -70.798  17.370 0.0000000000
6279  6.107  -77.426  17.344 0.0000000000
124857  9.040  -77.693  17.308 0.0000000000
8841  7.787  -73.140  15.221 0.0000000000
16027  13.710  -64.704  13.364 0.0000000000
140778  13.078  -68.732  14.003 0.0000000000
11818  16.086  -68.918  15.701 0.0000000000
12590  13.051  -69.090  19.363 0.0000000000
8756  13.418  -73.246  20.860 0.0000000000
9520  10.914  -72.679  16.161 0.0000000000
10276  9.194  -70.488  11.948 0.0000000000
10301  13.231  -70.598  10.101 0.0000000000
12744  18.047  -68.457  10.020 0.0000000000
1221  20.945  -87.566  23.299 0.0000000000
1241  21.486  -87.738  21.627 0.0000000000
649  20.727  -89.779  22.490 0.0000000000
10772  11.580  -70.651  36.317 0.0000000000
141294  12.992  -71.661  35.720 0.0000000000
10804  12.422  -70.247  34.893 0.0000000000
10826  11.678  -69.582  32.920 0.0000000000
12425  11.442  -68.272  32.924 0.0000000000
20217  20.757  -59.827  35.464 0.0000000000
20215  22.322  -59.658  35.565 0.0000000000
121916  6.847  -75.031  11.931 0.0000000000
7536  8.818  -75.249  13.368 0.0000000000
8871  8.854  -73.894  13.049 0.0000000000
127037  10.082  -74.380  10.924 0.0000000000
131316  8.931  -72.954  11.905 0.0000000000
20422  16.307  -59.094  21.026 0.0000000000
18524  15.434  -61.330  20.292 0.0000000000
20481  16.257  -59.763  18.674 0.0000000000
35411  26.743  -43.407  30.862 0.0000000000
2062  21.176  -85.544  15.286 0.0000000000
120633  22.055  -84.325  15.165 0.0000000000
2080  22.274  -85.198  13.603 0.0000000000
2098  23.906  -85.458  11.811 0.0000000000
1635  22.953  -86.968  11.859 0.0000000000
137697  11.228  -52.772  23.855 0.0000000000
140598  10.800  -52.363  22.101 0.0000000000
26774  11.836  -51.714  23.017 0.0000000000
34516  23.172  -45.089  23.449 0.0000000000
124070  22.551  -46.964  24.080 0.0000000000
33560  21.502  -45.974  22.865 0.0000000000
37449  14.244  -41.373  20.342 0.0000000000
1171  20.816  -87.648  29.156 0.0000000000
371  19.171  -90.007  29.129 0.0000000000
117309  19.757  -87.195  28.494 0.0000000000
3481  12.564  -82.940  24.645 0.0000000000
1961  13.468  -84.935  24.479 0.0000000000
2461  12.494  -84.367  23.093 0.0000000000
1990  11.329  -86.121  22.067 0.0000000000
2476  10.623  -84.369  22.494 0.0000000000
4942  7.382  -79.584  29.825 0.0000000000
3893  7.752  -81.539  28.315 0.0000000000
3904  6.690  -81.478  26.899 0.0000000000
117515  11.760  -60.826  34.678 0.0000000000
17402  10.351  -62.394  34.722 0.0000000000
138641  9.559  -59.714  34.630 0.0000000000
19301  8.219  -59.325  32.286 0.0000000000
20269  9.434  -59.101  32.642 0.0000000000
30589  26.741  -48.130  40.194 0.0000000000
2357  23.145  -84.668  30.290 0.0000000000
1472  23.890  -85.652  32.285 0.0000000000
1485  22.847  -86.313  30.333 0.0000000000
869  21.669  -88.562  30.767 0.0000000000
125260  18.296  -78.870  13.984 0.0000000000
5742  17.728  -78.370  11.798 0.0000000000
5123  18.913  -79.144  13.095 0.0000000000
140516  19.662  -80.636  13.466 0.0000000000
5104  20.491  -79.365  15.554 0.0000000000
5685  22.519  -78.543  15.912 0.0000000000
120068  21.329  -77.728  16.147 0.0000000000
116028  3.890  -64.592  23.747 0.0000000000
13507  8.635  -67.928  16.701 0.0000000000
12595  8.518  -67.749  19.961 0.0000000000
11755  9.547  -69.517  19.445 0.0000000000
10173  9.338  -71.369  21.130 0.0000000000
11754  10.410  -69.656  19.298 0.0000000000
5019  24.741  -79.326  22.558 0.0000000000
3971  23.358  -81.257  22.438 0.0000000000
130800  25.257  -88.089  20.356 0.0000000000
2020  25.209  -85.387  19.986 0.0000000000
124054  24.788  -87.082  18.965 0.0000000000
122976  23.357  -86.990  18.589 0.0000000000
138553  23.809  -88.686  18.125 0.0000000000
129849  21.153  -41.127  21.753 0.0000000000
38368  21.050  -40.438  21.524 0.0000000000
39412  18.205  -39.379  19.976 0.0000000000
40539  15.613  -37.817  19.355 0.0000000000
3848  13.747  -81.733  32.284 0.0000000000
3412  13.204  -81.826  29.115 0.0000000000
3388  12.524  -82.529  31.476 0.0000000000
5489  14.412  -77.885  37.088 0.0000000000
7950  12.422  -74.671  33.535 0.0000000000
6117  12.384  -76.829  33.604 0.0000000000
6715  10.435  -76.351  32.289 0.0000000000
135227  8.472  -77.544  33.260 0.0000000000
6729  8.879  -76.234  31.859 0.0000000000
7306  5.866  -75.775  31.663 0.0000000000
7965  8.057  -74.666  31.482 0.0000000000
10852  6.772  -70.230  31.094 0.0000000000
10077  6.512  -71.646  30.932 0.0000000000
21134  16.303  -57.157  36.531 0.0000000000
22064  14.555  -57.007  35.250 0.0000000000
22062  16.799  -56.775  35.465 0.0000000000
19290  18.783  -60.397  33.011 0.0000000000
19299  17.837  -60.170  31.635 0.0000000000
20273  18.589  -60.127  30.561 0.0000000000
19267  23.338  -60.814  34.688 0.0000000000
18330  23.604  -61.694  33.517 0.0000000000
19285  24.721  -60.894  33.937 0.0000000000
19284  25.558  -60.707  33.873 0.0000000000
20233  25.539  -59.630  34.450 0.0000000000
4083  8.342  -81.799  13.052 0.0000000000
6341  11.688  -77.243  14.094 0.0000000000
5705  11.367  -79.210  14.716 0.0000000000
6325  12.975  -78.059  14.419 0.0000000000
5109  15.049  -79.915  15.101 0.0000000000
6338  14.198  -77.342  13.986 0.0000000000
124165  15.876  -76.331  13.486 0.0000000000
7552  14.614  -75.902  12.252 0.0000000000
8272  13.143  -74.269  8.135 0.0000000000
140570  14.294  -75.022  8.535 0.0000000000
10329  16.765  -71.567  9.268 0.0000000000
18493  9.984  -61.728  21.865 0.0000000000
16716  9.495  -63.478  22.875 0.0000000000
16714  11.477  -64.045  22.794 0.0000000000
15190  13.474  -65.307  18.597 0.0000000000
134289  12.680  -65.744  19.068 0.0000000000
119157  11.861  -66.031  16.797 0.0000000000
15227  9.762  -65.597  14.581 0.0000000000
14370  12.139  -66.194  15.554 0.0000000000
31636  29.458  -47.177  29.346 0.0000000000
34473  26.791  -43.791  28.398 0.0000000000
33510  27.113  -45.203  27.827 0.0000000000
35458  26.652  -44.081  27.003 0.0000000000
34506  25.865  -44.875  25.909 0.0000000000
36423  26.219  -42.851  26.435 0.0000000000
2568  27.792  -85.282  14.420 0.0000000000
2629  26.962  -84.677  10.294 0.0000000000
2627  28.797  -85.345  10.753 0.0000000000
2648  27.970  -85.196  8.718 0.0000000000
2122  29.567  -85.321  7.552 0.0000000000
2130  28.047  -85.460  6.212 0.0000000000
4537  5.476  -80.636  15.881 0.0000000000
4546  5.460  -81.490  15.073 0.0000000000
5115  6.207  -80.008  14.843 0.0000000000
5719  5.411  -78.309  12.684 0.0000000000
126979  6.695  -78.552  14.364 0.0000000000
23029  7.439  -55.473  23.501 0.0000000000
22165  6.159  -56.747  23.576 0.0000000000
21280  5.010  -58.431  24.614 0.0000000000
21312  6.037  -57.759  21.908 0.0000000000
20427  6.754  -59.206  20.727 0.0000000000
22202  7.517  -57.425  20.357 0.0000000000
23047  10.721  -55.761  20.893 0.0000000000
133781  10.690  -57.797  20.052 0.0000000000
22179  12.143  -57.515  21.644 0.0000000000
124825  13.429  -58.149  21.665 0.0000000000
120218  13.945  -56.862  21.564 0.0000000000
36465  17.772  -43.418  21.264 0.0000000000
35490  17.875  -44.292  22.801 0.0000000000
31707  14.642  -46.909  22.524 0.0000000000
31706  15.610  -47.122  22.963 0.0000000000
30825  15.735  -48.303  22.502 0.0000000000
28855  17.360  -50.904  22.522 0.0000000000
28862  16.609  -50.897  21.841 0.0000000000
25809  16.602  -53.519  22.056 0.0000000000
28863  15.658  -50.834  21.144 0.0000000000
124836  13.388  -48.840  19.379 0.0000000000
27853  13.332  -51.729  19.062 0.0000000000
27866  13.439  -51.829  18.773 0.0000000000
24959  12.708  -54.595  17.653 0.0000000000
53  20.157  -93.993  30.797 0.0000000000
69  19.573  -93.908  29.180 0.0000000000
133020  19.090  -94.921  31.662 0.0000000000
149  15.602  -92.683  29.905 0.0000000000
122878  15.780  -95.041  30.969 0.0000000000
57  14.273  -94.355  31.358 0.0000000000
35  13.757  -94.515  29.730 0.0000000000
130459  12.874  -93.626  32.390 0.0000000000
2372  16.390  -84.144  29.866 0.0000000000
1506  16.046  -86.165  29.157 0.0000000000
2374  15.088  -84.798  29.535 0.0000000000
1192  10.518  -87.217  27.582 0.0000000000
882  11.063  -87.713  30.181 0.0000000000
2910  9.664  -83.911  30.767 0.0000000000
1875  7.524  -85.262  31.712 0.0000000000
4310  9.610  -80.778  36.416 0.0000000000
3336  7.493  -81.949  36.589 0.0000000000
3814  6.723  -81.661  35.930 0.0000000000
2963  5.249  -84.293  27.947 0.0000000000
125078  5.320  -83.900  30.032 0.0000000000
1928  5.474  -85.893  27.250 0.0000000000
118941  7.224  -86.046  26.926 0.0000000000
133025  5.874  -86.821  24.962 0.0000000000
1993  6.974  -87.175  22.778 0.0000000000
1567  6.024  -87.327  22.379 0.0000000000
16565  6.913  -62.984  34.037 0.0000000000
14984  6.693  -65.128  34.709 0.0000000000
15759  5.647  -64.612  33.481 0.0000000000
14153  6.270  -65.970  32.955 0.0000000000
15016  9.320  -64.964  32.219 0.0000000000
15033  9.797  -65.544  30.864 0.0000000000
16623  9.119  -63.610  31.028 0.0000000000
18413  5.639  -60.853  28.352 0.0000000000
17487  4.074  -62.736  29.443 0.0000000000
118611  13.407  -58.644  30.105 0.0000000000
21214  11.738  -58.006  28.533 0.0000000000
116038  26.595  -56.939  35.411 0.0000000000
132611  26.915  -55.126  35.832 0.0000000000
28571  26.386  -51.030  36.777 0.0000000000
27595  26.151  -51.755  34.836 0.0000000000
26586  27.993  -52.745  36.575 0.0000000000
24800  28.694  -54.488  36.191 0.0000000000
24784  29.341  -53.981  36.052 0.0000000000
23883  30.306  -55.761  33.881 0.0000000000
25699  29.906  -53.457  35.706 0.0000000000
29616  30.488  -48.635  36.189 0.0000000000
121347  30.906  -51.506  34.269 0.0000000000
28658  31.132  -50.429  33.471 0.0000000000
120508  29.845  -44.605  36.741 0.0000000000
34394  27.762  -45.105  36.252 0.0000000000
35357  26.815  -44.956  34.739 0.0000000000
1084  24.157  -87.821  38.386 0.0000000000
119588  25.477  -87.814  35.196 0.0000000000
1107  27.176  -87.931  36.693 0.0000000000
561  27.095  -89.776  35.398 0.0000000000
570  27.183  -89.850  33.502 0.0000000000
208  21.196  -92.643  33.830 0.0000000000
129  22.756  -92.836  32.534 0.0000000000
130  21.192  -93.440  32.310 0.0000000000
139906  21.085  -91.835  29.967 0.0000000000
1191  25.057  -87.335  26.823 0.0000000000
1524  23.432  -87.260  25.579 0.0000000000
619  24.958  -89.722  26.289 0.0000000000
93  18.794  -93.456  25.700 0.0000000000
168  21.644  -93.103  23.347 0.0000000000
117  19.513  -92.912  23.016 0.0000000000
453  21.310  -90.510  16.337 0.0000000000
2661  24.542  -84.914  5.590 0.0000000000
2126  22.090  -85.242  7.988 0.0000000000
5178  11.127  -78.669  7.668 0.0000000000
3624  21.662  -82.984  13.071 0.0000000000
3151  21.175  -83.802  12.259 0.0000000000
3639  23.409  -82.730  11.476 0.0000000000
3652  24.518  -82.686  10.680 0.0000000000
4102  25.693  -81.742  11.648 0.0000000000
134047  27.203  -80.731  12.130 0.0000000000
4575  26.110  -80.668  13.228 0.0000000000
7570  18.930  -75.017  11.561 0.0000000000
16768  7.416  -62.544  18.724 0.0000000000
16751  5.820  -63.492  19.796 0.0000000000
15970  6.387  -64.022  18.456 0.0000000000
11757  6.691  -69.436  18.640 0.0000000000
11771  6.203  -69.243  17.062 0.0000000000
120058  5.587  -72.065  17.028 0.0000000000
9497  4.783  -72.797  17.223 0.0000000000
8798  5.615  -74.096  16.877 0.0000000000
6892  4.879  -75.931  16.645 0.0000000000
126296  6.539  -75.240  17.779 0.0000000000
7439  9.650  -75.875  20.868 0.0000000000
6278  9.025  -77.235  19.491 0.0000000000
6885  9.787  -76.354  17.979 0.0000000000
7507  7.976  -75.528  15.211 0.0000000000
8145  9.021  -74.512  16.325 0.0000000000
118393  15.180  -62.709  14.361 0.0000000000
15247  14.861  -65.519  13.265 0.0000000000
13578  13.077  -67.060  12.240 0.0000000000
13558  15.454  -67.020  13.208 0.0000000000
121466  16.318  -69.514  18.100 0.0000000000
140335  14.268  -68.977  17.303 0.0000000000
119800  14.837  -69.233  19.642 0.0000000000
10939  13.455  -71.307  21.642 0.0000000000
10168  14.691  -71.361  21.469 0.0000000000
123029  13.907  -73.378  14.782 0.0000000000
8813  12.570  -73.331  16.227 0.0000000000
8839  11.744  -72.996  14.750 0.0000000000
9557  10.242  -71.745  14.661 0.0000000000
9577  11.263  -71.971  13.092 0.0000000000
10291  11.072  -70.917  11.189 0.0000000000
127613  22.289  -83.808  24.054 0.0000000000
137253  23.020  -83.078  22.481 0.0000000000
2004  21.959  -85.933  21.978 0.0000000000
129601  23.703  -87.801  21.358 0.0000000000
654  24.693  -89.559  21.094 0.0000000000
7281  14.217  -75.396  36.695 0.0000000000
8626  13.912  -73.411  35.917 0.0000000000
8631  13.152  -73.624  34.528 0.0000000000
8636  11.259  -73.384  33.575 0.0000000000
9354  9.544  -72.768  32.630 0.0000000000
10066  10.424  -71.358  32.693 0.0000000000
11615  8.915  -69.754  31.091 0.0000000000
12463  8.160  -68.466  30.465 0.0000000000
20208  19.211  -59.607  36.603 0.0000000000
21166  18.158  -58.323  35.522 0.0000000000
20218  19.363  -59.494  35.670 0.0000000000
19270  20.050  -60.190  34.326 0.0000000000
19288  20.503  -60.783  33.545 0.0000000000
18332  20.916  -61.246  32.720 0.0000000000
141305  21.961  -60.161  34.971 0.0000000000
20236  22.801  -60.210  35.120 0.0000000000
20213  24.082  -59.422  35.485 0.0000000000
5140  7.036  -79.452  11.446 0.0000000000
5127  8.642  -79.807  13.127 0.0000000000
129072  8.291  -77.285  12.723 0.0000000000
6948  9.612  -76.343  13.944 0.0000000000
6963  11.660  -76.232  12.767 0.0000000000
6972  12.385  -76.172  11.855 0.0000000000
7577  11.325  -75.547  11.105 0.0000000000
8221  10.376  -74.819  9.132 0.0000000000
8924  10.790  -73.596  8.315 0.0000000000
18505  12.785  -61.409  21.295 0.0000000000
16723  13.016  -63.744  22.251 0.0000000000
17590  14.391  -62.567  20.920 0.0000000000
17609  14.312  -63.043  19.363 0.0000000000
122466  13.631  -62.744  17.428 0.0000000000
33458  28.874  -45.917  32.224 0.0000000000
128492  28.929  -45.797  29.990 0.0000000000
34432  28.001  -44.205  31.186 0.0000000000
127486  26.642  -43.320  29.961 0.0000000000
3560  23.534  -82.724  17.599 0.0000000000
136914  25.498  -81.695  17.063 0.0000000000
3104  23.365  -83.251  16.660 0.0000000000
2556  24.701  -84.721  15.259 0.0000000000
2069  25.846  -86.280  14.887 0.0000000000
2583  27.304  -86.175  13.962 0.0000000000
2617  25.227  -84.256  12.374 0.0000000000
2096  25.058  -85.538  10.786 0.0000000000
1643  24.957  -86.930  9.436 0.0000000000
23036  7.526  -54.826  22.584 0.0000000000
23050  7.968  -55.535  20.881 0.0000000000
23975  9.359  -53.957  20.444 0.0000000000
126546  10.771  -54.267  21.166 0.0000000000
23962  12.329  -54.853  22.406 0.0000000000
31663  24.693  -47.940  25.565 0.0000000000
32531  20.813  -47.251  26.130 0.0000000000
33569  13.185  -44.969  21.936 0.0000000000
31716  12.956  -47.634  21.381 0.0000000000
216  19.874  -91.446  31.896 0.0000000000
51  17.940  -93.990  33.160 0.0000000000
224  18.657  -91.858  30.669 0.0000000000
246  17.218  -91.151  28.726 0.0000000000
374  15.297  -90.652  29.579 0.0000000000
2969  15.430  -83.182  26.605 0.0000000000
1922  14.160  -85.060  28.455 0.0000000000
1935  13.665  -85.330  26.659 0.0000000000
1519  12.440  -86.144  26.072 0.0000000000
1209  10.161  -87.363  25.637 0.0000000000
4349  8.533  -80.573  33.120 0.0000000000
132254  7.719  -81.703  33.315 0.0000000000
3876  8.143  -81.733  30.554 0.0000000000
3428  7.123  -82.786  28.631 0.0000000000
2435  6.130  -84.333  24.951 0.0000000000
1979  5.388  -85.671  23.002 0.0000000000
122548  8.648  -62.548  34.622 0.0000000000
17432  7.811  -61.698  32.401 0.0000000000
119005  7.865  -61.685  31.113 0.0000000000
18372  7.249  -60.089  31.258 0.0000000000
19314  6.947  -59.430  30.361 0.0000000000
19344  7.712  -59.441  27.945 0.0000000000
28546  27.099  -50.491  37.480 0.0000000000
27550  28.561  -50.692  37.116 0.0000000000
29564  27.879  -49.975  38.762 0.0000000000
30587  29.077  -48.482  39.276 0.0000000000
31543  30.296  -47.371  38.303 0.0000000000
31551  31.371  -46.360  36.903 0.0000000000
122249  29.170  -45.163  39.827 0.0000000000
33399  26.214  -45.564  39.174 0.0000000000
34377  24.585  -45.102  36.796 0.0000000000
1815  22.342  -84.849  35.895 0.0000000000
1802  23.620  -85.300  36.445 0.0000000000
1826  24.319  -85.375  34.342 0.0000000000
1460  24.356  -86.921  33.761 0.0000000000
859  23.788  -88.596  33.552 0.0000000000
202  24.043  -91.205  34.570 0.0000000000
577  22.598  -89.380  32.580 0.0000000000
360  21.213  -90.258  31.970 0.0000000000
96  15.958  -93.693  25.459 0.0000000000
5150  14.170  -79.139  11.185 0.0000000000
5762  13.421  -78.192  9.073 0.0000000000
5744  16.379  -78.179  10.825 0.0000000000
5166  17.135  -78.551  9.946 0.0000000000
4603  18.249  -80.469  9.919 0.0000000000
4120  18.794  -81.455  10.550 0.0000000000
4089  19.220  -81.116  12.183 0.0000000000
3594  20.938  -82.240  14.367 0.0000000000
128719  23.085  -81.462  14.712 0.0000000000
4549  25.387  -79.647  14.601 0.0000000000
4540  24.138  -79.779  15.491 0.0000000000
118924  23.428  -78.175  13.909 0.0000000000
13453  4.735  -67.507  21.701 0.0000000000
15209  8.089  -64.401  17.556 0.0000000000
15194  7.449  -64.485  18.106 0.0000000000
14324  8.218  -66.399  19.443 0.0000000000
12580  7.705  -68.890  20.815 0.0000000000
10185  7.120  -71.257  20.131 0.0000000000
130278  7.165  -74.099  20.160 0.0000000000
124478  7.682  -72.671  21.299 0.0000000000
8748  9.056  -73.519  21.461 0.0000000000
8080  11.019  -74.510  21.471 0.0000000000
3485  26.844  -82.644  23.345 0.0000000000
140718  26.993  -80.551  22.873 0.0000000000
5630  25.799  -78.810  21.205 0.0000000000
4494  24.880  -80.692  20.137 0.0000000000
122113  24.246  -83.320  20.988 0.0000000000
3054  24.896  -83.508  20.134 0.0000000000
3549  24.627  -82.403  19.019 0.0000000000
2526  22.897  -84.247  18.510 0.0000000000
1273  21.792  -86.686  17.455 0.0000000000
1282  20.921  -87.268  15.232 0.0000000000
36449  22.172  -42.728  22.564 0.0000000000
34542  20.507  -45.035  22.067 0.0000000000
36464  20.970  -43.005  21.834 0.0000000000
37431  17.880  -42.008  20.566 0.0000000000
138790  20.269  -39.388  20.789 0.0000000000
38402  17.943  -40.447  20.239 0.0000000000
38383  16.098  -40.215  20.952 0.0000000000
39395  15.005  -38.747  21.244 0.0000000000
38421  14.224  -38.843  20.121 0.0000000000
38420  15.085  -39.716  19.385 0.0000000000
2919  21.674  -83.243  29.540 0.0000000000
1906  20.369  -85.007  28.421 0.0000000000
2920  20.564  -82.931  28.884 0.0000000000
117033  17.980  -82.541  29.829 0.0000000000
3881  16.919  -81.226  29.392 0.0000000000
131932  16.391  -80.330  30.870 0.0000000000
3890  15.995  -81.411  28.035 0.0000000000
3902  14.510  -81.576  27.318 0.0000000000
118105  13.153  -82.196  27.025 0.0000000000
129672  11.718  -83.076  26.972 0.0000000000
4296  12.522  -80.985  37.254 0.0000000000
4862  11.107  -79.883  35.875 0.0000000000
6703  14.118  -76.850  35.139 0.0000000000
5502  12.428  -78.047  34.719 0.0000000000
4881  9.823  -79.131  34.929 0.0000000000
5512  8.233  -78.569  33.958 0.0000000000
4911  6.671  -78.853  32.022 0.0000000000
5568  5.363  -78.678  30.380 0.0000000000
5592  4.459  -78.620  27.324 0.0000000000
6140  4.978  -77.510  31.531 0.0000000000
8649  7.594  -73.191  31.232 0.0000000000
20242  12.784  -58.595  34.887 0.0000000000
20267  11.804  -59.223  33.305 0.0000000000
21182  13.086  -58.227  34.018 0.0000000000
20265  14.028  -59.228  32.084 0.0000000000
20277  14.549  -59.233  31.096 0.0000000000
20253  16.752  -59.081  33.300 0.0000000000
20275  16.251  -59.514  31.323 0.0000000000
119582  15.896  -59.001  29.002 0.0000000000
120819  22.511  -61.820  32.246 0.0000000000
2895  22.436  -83.461  31.219 0.0000000000
4581  11.190  -80.576  11.632 0.0000000000
4560  10.057  -80.568  14.175 0.0000000000
4069  11.668  -81.147  13.767 0.0000000000
4580  12.957  -80.321  12.524 0.0000000000
4578  14.920  -80.425  13.788 0.0000000000
5097  16.440  -79.404  15.196 0.0000000000
6911  17.864  -77.547  15.403 0.0000000000
137747  19.289  -76.911  15.519 0.0000000000
6926  17.928  -76.689  14.972 0.0000000000
7550  17.846  -75.402  12.533 0.0000000000
8202  17.668  -74.657  11.046 0.0000000000
7593  14.732  -75.105  10.761 0.0000000000
8237  15.522  -74.847  9.393 0.0000000000
7616  16.865  -75.322  7.790 0.0000000000
8917  18.715  -73.609  8.130 0.0000000000
116322  6.213  -61.884  23.206 0.0000000000
116926  6.224  -63.273  22.883 0.0000000000
116480  8.105  -63.502  22.938 0.0000000000
15934  8.870  -64.130  21.025 0.0000000000
16766  9.291  -62.940  18.398 0.0000000000
15908  11.914  -65.224  21.497 0.0000000000
130802  10.698  -64.531  19.613 0.0000000000
16805  8.912  -62.460  16.585 0.0000000000
16005  8.725  -64.446  15.123 0.0000000000
14402  8.134  -66.420  14.352 0.0000000000
12661  9.623  -68.396  15.017 0.0000000000
30764  26.868  -48.384  27.120 0.0000000000
33492  28.116  -45.743  29.235 0.0000000000
126865  26.791  -46.891  27.313 0.0000000000
31661  26.227  -47.011  26.701 0.0000000000
127474  24.994  -46.226  25.376 0.0000000000
34514  24.669  -44.872  24.732 0.0000000000
129362  23.753  -44.037  23.701 0.0000000000
36429  25.928  -42.146  25.913 0.0000000000
2581  28.785  -85.921  13.040 0.0000000000
2647  31.040  -84.442  7.625 0.0000000000
118421  29.620  -83.590  6.859 0.0000000000
10001  10.325  -71.961  37.266 0.0000000000
3599  5.944  -82.288  14.289 0.0000000000
4112  6.195  -80.466  11.488 0.0000000000
5154  5.845  -79.081  11.420 0.0000000000
129582  5.794  -76.685  11.389 0.0000000000
8175  5.537  -74.471  12.076 0.0000000000
24037  16.336  -55.061  17.780 0.0000000000
137796  16.967  -57.351  17.599 0.0000000000
18478  3.833  -61.314  25.332 0.0000000000
19431  4.342  -59.808  24.642 0.0000000000
19430  4.714  -60.446  23.387 0.0000000000
129737  6.257  -60.957  22.146 0.0000000000
19463  7.986  -60.404  20.973 0.0000000000
18529  9.619  -60.220  20.147 0.0000000000
22222  8.708  -57.618  19.111 0.0000000000
20448  10.500  -59.082  19.426 0.0000000000
124898  11.486  -59.888  20.354 0.0000000000
19476  12.841  -60.014  21.145 0.0000000000
125837  15.110  -59.205  21.515 0.0000000000
22197  16.001  -57.485  20.234 0.0000000000
27790  14.845  -51.382  24.988 0.0000000000
34529  19.927  -45.814  22.579 0.0000000000
34508  18.953  -45.410  24.707 0.0000000000
32551  18.350  -46.494  25.216 0.0000000000
32563  16.890  -46.532  24.051 0.0000000000
140198  17.716  -48.304  24.245 0.0000000000
29837  17.803  -49.756  23.532 0.0000000000
26756  17.447  -51.885  23.416 0.0000000000
26758  14.349  -51.575  23.813 0.0000000000
26772  13.912  -52.482  23.266 0.0000000000
24902  14.152  -53.909  22.475 0.0000000000
24920  14.074  -54.835  21.747 0.0000000000
24936  14.194  -55.217  20.342 0.0000000000
24009  13.693  -55.627  18.881 0.0000000000
23102  14.051  -55.646  18.425 0.0000000000
135780  15.462  -55.651  18.326 0.0000000000
25872  16.185  -53.394  17.259 0.0000000000
138146  20.455  -91.200  26.523 0.0000000000
265  20.851  -91.535  24.882 0.0000000000
81  20.679  -93.130  26.619 0.0000000000
74  19.688  -93.384  27.243 0.0000000000
136863  17.270  -94.490  27.251 0.0000000000
1  16.855  -95.223  31.879 0.0000000000
10  16.411  -95.594  29.261 0.0000000000
42  16.422  -94.655  26.963 0.0000000000
39  14.734  -94.255  27.577 0.0000000000
132886  18.075  -87.189  28.400 0.0000000000
607  15.758  -88.919  29.024 0.0000000000
598  14.598  -90.007  29.719 0.0000000000
1494  13.568  -86.465  29.500 0.0000000000
881  12.869  -88.349  29.888 0.0000000000
588  12.319  -90.548  30.896 0.0000000000
2908  11.212  -83.125  30.916 0.0000000000
2927  10.511  -83.475  29.281 0.0000000000
2416  10.217  -84.068  26.364 0.0000000000
118800  5.379  -85.060  34.222 0.0000000000
3380  5.851  -82.458  33.398 0.0000000000
2890  5.231  -84.063  32.642 0.0000000000
116942  6.059  -85.998  31.766 0.0000000000
1898  7.323  -85.516  29.379 0.0000000000
138324  8.809  -84.947  26.793 0.0000000000
2449  9.666  -84.638  24.648 0.0000000000
1991  9.152  -85.342  21.999 0.0000000000
133225  8.551  -86.764  20.335 0.0000000000
11577  8.204  -69.381  34.586 0.0000000000
12407  9.811  -68.005  33.534 0.0000000000
13320  10.890  -67.237  31.989 0.0000000000
128361  8.269  -66.575  30.312 0.0000000000
14174  5.575  -66.788  30.396 0.0000000000
16626  5.504  -62.856  30.376 0.0000000000
15038  4.301  -64.988  30.204 0.0000000000
14185  4.195  -66.278  29.394 0.0000000000
129341  5.043  -67.132  28.242 0.0000000000
20295  10.552  -58.781  30.149 0.0000000000
20313  9.169  -58.620  28.844 0.0000000000
21145  25.477  -58.205  35.507 0.0000000000
21144  26.314  -57.970  35.155 0.0000000000
139150  27.294  -58.240  34.896 0.0000000000
21162  28.286  -58.480  34.785 0.0000000000
26613  26.434  -53.077  33.968 0.0000000000
116522  26.263  -53.264  35.512 0.0000000000
116354  27.816  -55.414  35.975 0.0000000000
22048  28.528  -56.934  35.415 0.0000000000
26612  30.650  -52.189  34.924 0.0000000000
31611  30.537  -47.756  32.137 0.0000000000
131941  30.799  -46.965  34.583 0.0000000000
32457  29.560  -46.650  34.394 0.0000000000
33450  28.651  -46.329  33.702 0.0000000000
140389  27.510  -45.266  34.443 0.0000000000
1072  28.231  -87.720  39.489 0.0000000000
1410  25.776  -86.931  37.602 0.0000000000
1092  28.159  -88.144  38.074 0.0000000000
867  25.275  -88.279  29.993 0.0000000000
593  25.037  -89.786  29.074 0.0000000000
123  24.228  -92.132  32.240 0.0000000000
219  24.313  -91.638  30.350 0.0000000000
379  24.512  -90.801  28.269 0.0000000000
391  23.367  -90.507  27.665 0.0000000000
401  21.538  -90.042  27.156 0.0000000000
638  20.787  -89.689  25.284 0.0000000000
3464  23.367  -81.731  25.809 0.0000000000
122109  22.726  -83.248  25.475 0.0000000000
1956  22.050  -85.707  24.704 0.0000000000
1212  22.407  -87.627  24.847 0.0000000000
411  22.094  -91.772  23.329 0.0000000000
420  23.505  -91.456  21.709 0.0000000000
124444  24.176  -90.909  20.346 0.0000000000
436  24.117  -90.139  18.512 0.0000000000
451  22.883  -89.959  16.675 0.0000000000
699  22.382  -89.786  15.181 0.0000000000
976  20.611  -89.051  14.392 0.0000000000
986  20.516  -88.355  12.455 0.0000000000
992  22.224  -88.784  11.320 0.0000000000
996  23.416  -88.693  10.230 0.0000000000
1311  23.977  -87.637  7.739 0.0000000000
1657  25.354  -86.164  6.179 0.0000000000
2138  26.495  -84.966  5.120 0.0000000000
3206  26.686  -83.955  6.387 0.0000000000
3194  27.267  -83.426  7.517 0.0000000000
3167  18.873  -83.766  11.402 0.0000000000
2099  19.566  -85.163  11.400 0.0000000000
138140  21.585  -84.858  9.373 0.0000000000
3185  23.498  -83.654  9.497 0.0000000000
3183  25.843  -83.150  8.771 0.0000000000
3661  27.699  -82.437  9.410 0.0000000000
4100  28.489  -80.820  11.180 0.0000000000
6937  21.441  -76.203  13.846 0.0000000000
15914  5.098  -64.123  21.169 0.0000000000
14304  4.927  -65.926  20.417 0.0000000000
12582  4.573  -68.232  19.979 0.0000000000
13496  5.974  -67.171  17.262 0.0000000000
12598  4.829  -68.893  17.795 0.0000000000
125689  4.638  -70.034  20.022 0.0000000000
5671  6.550  -78.676  17.542 0.0000000000
6862  7.280  -76.246  19.901 0.0000000000
5670  7.768  -78.471  18.188 0.0000000000
5693  7.826  -79.166  15.933 0.0000000000
6932  7.341  -76.850  14.672 0.0000000000
124399  6.830  -75.063  14.528 0.0000000000
9561  5.964  -72.299  13.277 0.0000000000
132829  15.659  -59.588  17.016 0.0000000000
19530  14.005  -61.089  16.625 0.0000000000
16814  13.047  -62.994  15.769 0.0000000000
17688  13.417  -62.542  14.506 0.0000000000
16003  13.005  -65.080  14.994 0.0000000000
140316  11.218  -66.736  12.710 0.0000000000
12695  10.589  -68.050  12.766 0.0000000000
118078  11.955  -68.775  15.455 0.0000000000
12658  14.481  -68.838  15.349 0.0000000000
137691  13.071  -68.872  16.545 0.0000000000
12613  12.237  -68.864  18.100 0.0000000000
11738  11.940  -69.869  20.292 0.0000000000
131065  12.379  -72.623  21.680 0.0000000000
8114  11.475  -74.459  19.120 0.0000000000
9492  13.721  -72.806  18.555 0.0000000000
9494  12.307  -73.166  18.079 0.0000000000
8796  10.722  -73.430  17.495 0.0000000000
9538  8.717  -72.277  15.665 0.0000000000
10244  7.663  -70.991  14.218 0.0000000000
9593  7.054  -71.230  12.475 0.0000000000
10304  9.064  -70.974  9.897 0.0000000000
9627  10.768  -71.547  8.852 0.0000000000
11119  13.769  -70.825  9.210 0.0000000000
11907  15.572  -69.617  10.054 0.0000000000
11116  15.907  -70.185  9.402 0.0000000000
117351  18.610  -69.175  9.413 0.0000000000
918  20.750  -89.076  23.806 0.0000000000
931  20.640  -88.815  22.416 0.0000000000
412  20.572  -90.124  23.287 0.0000000000
10786  10.953  -70.169  35.853 0.0000000000
10784  12.331  -70.325  35.376 0.0000000000
11556  12.184  -69.782  34.973 0.0000000000
11589  11.918  -69.084  33.832 0.0000000000
12383  11.141  -68.584  34.214 0.0000000000
8188  6.735  -73.945  12.208 0.0000000000
8187  8.123  -74.404  12.808 0.0000000000
8885  7.735  -73.220  12.465 0.0000000000
8884  8.421  -72.974  12.347 0.0000000000
21328  16.487  -58.700  20.257 0.0000000000
20466  16.304  -60.052  19.752 0.0000000000
21351  16.684  -58.324  19.241 0.0000000000
1618  21.121  -85.964  14.523 0.0000000000
2071  21.387  -85.306  14.690 0.0000000000
1623  21.921  -85.962  13.267 0.0000000000
1629  22.412  -86.414  12.526 0.0000000000
1293  21.604  -86.761  12.976 0.0000000000
25795  12.483  -52.850  24.600 0.0000000000
121869  11.842  -53.303  24.496 0.0000000000
25796  11.889  -52.129  23.771 0.0000000000
25801  11.550  -51.774  22.961 0.0000000000
26761  12.001  -51.658  23.319 0.0000000000
33547  22.336  -46.250  23.409 0.0000000000
34527  22.359  -45.092  22.917 0.0000000000
37448  15.055  -41.530  19.824 0.0000000000
36506  13.791  -42.327  20.814 0.0000000000
36505  14.914  -42.364  20.173 0.0000000000
1491  21.182  -86.870  28.971 0.0000000000
1181  20.139  -87.848  28.747 0.0000000000
138783  20.765  -86.453  28.667 0.0000000000
3001  11.968  -83.231  24.280 0.0000000000
3012  12.560  -83.684  23.479 0.0000000000
3013  11.979  -83.506  23.487 0.0000000000
2474  11.866  -84.600  22.476 0.0000000000
3014  11.329  -83.883  22.964 0.0000000000
4389  6.390  -80.356  28.123 0.0000000000
4397  7.213  -81.059  27.672 0.0000000000
19275  10.889  -59.916  34.889 0.0000000000
18319  10.047  -60.364  34.961 0.0000000000
20243  9.882  -59.573  34.462 0.0000000000
20256  9.611  -59.301  33.693 0.0000000000
20255  10.451  -59.352  34.101 0.0000000000
2369  22.552  -84.558  29.546 0.0000000000
1884  23.276  -85.491  30.619 0.0000000000
1489  22.419  -86.214  29.761 0.0000000000
1170  21.494  -87.384  29.589 0.0000000000
5700  18.780  -78.689  14.846 0.0000000000
5714  18.912  -79.007  13.792 0.0000000000
5699  19.374  -78.960  14.673 0.0000000000
5105  19.770  -79.391  14.684 0.0000000000
5095  19.959  -78.711  15.441 0.0000000000
5687  20.782  -78.372  16.104 0.0000000000
120065  19.903  -77.984  15.761 0.0000000000
116023  3.500  -63.029  24.907 0.0000000000
116811  3.634  -63.910  24.414 0.0000000000
116576  4.366  -63.050  23.176 0.0000000000
134928  9.535  -68.523  16.956 0.0000000000
126880  9.093  -68.456  17.781 0.0000000000
125770  9.691  -68.901  18.059 0.0000000000
12593  9.990  -69.331  18.659 0.0000000000
12615  10.625  -68.960  18.144 0.0000000000
4425  23.112  -80.712  23.960 0.0000000000
4445  23.571  -80.220  23.459 0.0000000000
3949  23.134  -80.892  23.159 0.0000000000
949  25.526  -88.353  19.798 0.0000000000
1248  25.401  -87.254  20.017 0.0000000000
953  25.388  -88.657  19.137 0.0000000000
1264  24.163  -87.975  18.547 0.0000000000
954  24.759  -88.885  18.544 0.0000000000
3378  13.260  -82.264  32.797 0.0000000000
126704  13.139  -82.190  31.902 0.0000000000
7291  11.075  -74.941  32.712 0.0000000000
140188  11.560  -75.268  32.879 0.0000000000
7292  10.456  -75.394  32.288 0.0000000000
6716  9.547  -76.646  32.216 0.0000000000
7293  9.682  -74.941  32.037 0.0000000000
7304  8.318  -75.501  31.623 0.0000000000
126304  9.409  -74.073  32.277 0.0000000000
12465  5.701  -68.848  30.764 0.0000000000
11635  5.045  -69.580  30.941 0.0000000000
12466  4.907  -68.925  30.615 0.0000000000
131346  4.747  -68.089  29.926 0.0000000000
20200  17.881  -58.829  37.094 0.0000000000
22931  16.436  -56.628  36.286 0.0000000000
22050  17.208  -56.873  36.396 0.0000000000
19297  19.410  -60.582  32.182 0.0000000000
19298  18.634  -60.391  31.879 0.0000000000
19306  19.395  -60.320  30.891 0.0000000000
19313  19.435  -59.907  29.593 0.0000000000
117341  20.249  -60.129  29.987 0.0000000000
19305  20.944  -60.458  30.493 0.0000000000
19266  24.252  -60.588  34.605 0.0000000000
19265  25.034  -60.276  34.299 0.0000000000
6340  12.527  -77.345  13.802 0.0000000000
6326  12.149  -78.020  14.447 0.0000000000
6339  13.362  -77.343  13.780 0.0000000000
6324  13.764  -78.086  14.563 0.0000000000
6943  13.822  -76.862  13.276 0.0000000000
123296  14.656  -76.759  13.499 0.0000000000
128385  13.538  -76.545  12.720 0.0000000000
8922  13.361  -73.496  8.201 0.0000000000
8937  14.100  -74.165  8.095 0.0000000000
8921  14.305  -73.380  8.203 0.0000000000
9642  15.482  -72.501  8.600 0.0000000000
18507  10.715  -61.227  21.164 0.0000000000
17558  11.163  -63.211  22.599 0.0000000000
17571  11.770  -62.396  21.862 0.0000000000
15983  13.613  -64.739  17.866 0.0000000000
120024  13.250  -65.549  17.622 0.0000000000
125005  13.045  -65.763  16.663 0.0000000000
15214  12.405  -66.143  16.413 0.0000000000
130212  12.679  -65.912  15.706 0.0000000000
32478  28.952  -46.723  30.659 0.0000000000
35450  26.640  -43.550  27.771 0.0000000000
36422  26.479  -43.211  27.132 0.0000000000
134865  26.367  -43.562  26.612 0.0000000000
2553  27.961  -86.014  15.599 0.0000000000
2554  27.541  -85.966  14.983 0.0000000000
2104  26.829  -85.313  9.235 0.0000000000
2641  27.512  -84.947  9.587 0.0000000000
2114  27.302  -85.457  8.364 0.0000000000
139244  27.776  -85.517  7.609 0.0000000000
120913  27.182  -85.695  6.799 0.0000000000
5088  6.050  -80.008  15.986 0.0000000000
4545  5.638  -80.749  15.018 0.0000000000
5100  6.265  -80.042  15.465 0.0000000000
126589  6.160  -79.389  14.230 0.0000000000
5099  7.030  -79.498  15.229 0.0000000000
23037  6.793  -55.619  22.709 0.0000000000
23030  6.746  -56.104  23.495 0.0000000000
22169  6.287  -56.277  23.065 0.0000000000
22170  5.872  -56.959  22.916 0.0000000000
22182  6.303  -57.062  21.932 0.0000000000
21311  6.733  -57.660  21.110 0.0000000000
22181  6.916  -56.804  21.315 0.0000000000
23035  11.665  -55.628  22.066 0.0000000000
117421  11.601  -56.611  21.641 0.0000000000
23046  12.395  -56.637  22.130 0.0000000000
22178  13.224  -57.308  21.817 0.0000000000
23045  13.255  -56.401  22.066 0.0000000000
36466  17.012  -42.873  21.718 0.0000000000
36450  16.859  -42.884  22.968 0.0000000000
36451  16.391  -42.678  22.982 0.0000000000
30826  14.738  -48.285  22.007 0.0000000000
31714  15.105  -47.644  22.486 0.0000000000
29846  15.618  -49.049  22.062 0.0000000000
29856  16.554  -49.927  22.203 0.0000000000
29857  15.689  -49.902  21.584 0.0000000000
29858  14.843  -49.899  21.069 0.0000000000
137075  13.786  -50.410  18.811 0.0000000000
27865  14.002  -50.964  18.525 0.0000000000
27878  14.318  -51.820  18.164 0.0000000000
12  19.765  -94.339  32.954 0.0000000000
16  19.689  -94.530  31.762 0.0000000000
13  18.965  -94.790  32.704 0.0000000000
238  14.988  -91.734  30.275 0.0000000000
65  14.882  -93.737  30.886 0.0000000000
150  14.420  -92.738  31.274 0.0000000000
58  13.542  -94.049  32.000 0.0000000000
140  13.326  -93.194  32.391 0.0000000000
2925  15.985  -83.864  29.961 0.0000000000
2373  15.709  -84.453  29.764 0.0000000000
2389  15.508  -84.115  29.640 0.0000000000
1475  6.746  -86.433  32.822 0.0000000000
123204  9.049  -80.254  35.990 0.0000000000
129981  7.874  -80.884  36.265 0.0000000000
3813  7.472  -81.005  35.953 0.0000000000
2420  5.246  -85.448  26.773 0.0000000000
2406  5.230  -85.181  27.615 0.0000000000
1938  5.415  -86.019  26.609 0.0000000000
1522  5.899  -86.531  26.418 0.0000000000
118797  5.607  -86.468  25.375 0.0000000000
1543  6.016  -87.126  23.989 0.0000000000
1544  5.715  -86.724  24.225 0.0000000000
16585  7.406  -62.676  32.771 0.0000000000
118762  5.971  -63.936  33.388 0.0000000000
15775  7.219  -63.573  32.638 0.0000000000
130572  7.123  -64.335  32.580 0.0000000000
128779  8.471  -64.166  32.324 0.0000000000
15789  9.494  -64.275  31.501 0.0000000000
16606  9.179  -63.452  31.688 0.0000000000
18412  6.402  -60.875  27.845 0.0000000000
21201  13.928  -58.373  28.905 0.0000000000
21212  13.338  -58.051  28.250 0.0000000000
116046  25.979  -54.021  36.134 0.0000000000
116301  26.779  -55.591  35.756 0.0000000000
116043  26.456  -54.583  36.015 0.0000000000
27551  27.341  -51.232  36.970 0.0000000000
116444  26.749  -51.772  36.466 0.0000000000
137746  27.647  -51.931  36.664 0.0000000000
25688  28.679  -53.529  36.410 0.0000000000
26585  28.862  -52.527  36.522 0.0000000000
25687  29.433  -53.048  36.198 0.0000000000
29648  30.936  -48.546  35.076 0.0000000000
123403  30.865  -49.460  34.814 0.0000000000
35326  26.429  -45.294  36.675 0.0000000000
35343  26.325  -44.918  35.880 0.0000000000
124241  26.304  -44.634  35.124 0.0000000000
850  25.390  -89.190  35.021 0.0000000000
841  26.280  -88.861  35.516 0.0000000000
346  26.554  -90.257  34.896 0.0000000000
350  27.474  -89.976  34.288 0.0000000000
347  26.893  -90.329  34.476 0.0000000000
348  25.954  -90.750  34.347 0.0000000000
121879  19.711  -93.482  33.659 0.0000000000
47  21.056  -93.428  33.452 0.0000000000
50  20.536  -93.966  32.879 0.0000000000
131  20.682  -93.640  31.627 0.0000000000
895  26.441  -89.080  27.016 0.0000000000
1194  24.874  -88.246  26.226 0.0000000000
618  25.459  -89.563  26.462 0.0000000000
101  18.409  -93.360  24.952 0.0000000000
134175  19.150  -93.243  24.326 0.0000000000
110  18.064  -92.963  24.201 0.0000000000
1654  20.490  -87.326  8.580 0.0000000000
1313  21.262  -87.819  7.446 0.0000000000
139734  21.770  -85.930  7.779 0.0000000000
3604  22.943  -82.250  13.282 0.0000000000
3623  22.411  -82.741  12.694 0.0000000000
3622  23.197  -82.475  12.355 0.0000000000
3621  24.125  -82.257  12.066 0.0000000000
137092  24.669  -81.643  12.868 0.0000000000
4087  25.529  -81.360  12.648 0.0000000000
4074  25.324  -80.982  13.547 0.0000000000
7591  18.710  -74.984  9.778 0.0000000000
7590  19.444  -75.229  10.310 0.0000000000
7601  19.259  -75.617  9.104 0.0000000000
16791  7.195  -62.680  18.369 0.0000000000
16792  6.566  -63.209  18.684 0.0000000000
15969  6.907  -63.449  18.067 0.0000000000
10196  6.739  -71.299  18.612 0.0000000000
10976  6.390  -70.448  17.589 0.0000000000
9495  6.182  -72.476  17.500 0.0000000000
9509  5.515  -73.091  16.974 0.0000000000
8784  6.250  -73.404  17.556 0.0000000000
124798  6.371  -74.288  17.589 0.0000000000
8768  6.722  -73.633  18.516 0.0000000000
6874  10.279  -76.069  19.930 0.0000000000
124237  9.871  -76.566  18.917 0.0000000000
7465  10.201  -75.532  18.371 0.0000000000
7492  9.402  -75.341  16.760 0.0000000000
8131  10.141  -74.584  17.764 0.0000000000
15237  15.077  -65.390  14.043 0.0000000000
14416  14.771  -66.593  12.631 0.0000000000
14397  15.589  -66.214  13.759 0.0000000000
11768  16.687  -69.743  19.306 0.0000000000
11750  15.913  -69.581  20.093 0.0000000000
11769  15.701  -69.315  18.984 0.0000000000
11717  15.431  -70.139  21.202 0.0000000000
10937  15.053  -70.656  21.422 0.0000000000
10167  15.407  -71.169  21.317 0.0000000000
8856  13.150  -73.373  14.580 0.0000000000
9555  11.907  -72.844  13.847 0.0000000000
9589  12.674  -72.358  12.192 0.0000000000
1969  21.862  -85.134  23.282 0.0000000000
2470  22.111  -84.966  22.818 0.0000000000
1985  21.804  -85.574  22.591 0.0000000000
939  21.533  -88.769  21.592 0.0000000000
1240  22.440  -87.265  21.515 0.0000000000
938  22.604  -88.394  21.424 0.0000000000
937  23.943  -88.729  21.365 0.0000000000
129026  23.604  -89.470  21.461 0.0000000000
7928  13.356  -74.503  37.140 0.0000000000
8618  13.040  -72.688  36.904 0.0000000000
127747  12.819  -71.616  35.041 0.0000000000
9343  12.974  -72.630  34.801 0.0000000000
9344  12.311  -72.205  34.339 0.0000000000
8632  12.218  -73.220  34.081 0.0000000000
9348  11.625  -72.689  33.828 0.0000000000
9349  10.828  -72.646  33.395 0.0000000000
10055  11.057  -71.691  33.267 0.0000000000
11601  11.137  -69.384  32.088 0.0000000000
10836  10.315  -69.989  31.764 0.0000000000
11614  9.901  -69.515  31.225 0.0000000000
11632  8.597  -69.127  30.701 0.0000000000
12462  9.432  -68.207  30.528 0.0000000000
134196  20.121  -60.163  36.767 0.0000000000
118937  20.083  -59.782  35.922 0.0000000000
117059  20.053  -59.796  35.147 0.0000000000
20238  20.668  -59.987  34.892 0.0000000000
19269  21.135  -60.462  34.460 0.0000000000
21148  22.894  -59.131  35.878 0.0000000000
20214  23.223  -59.553  35.541 0.0000000000
21147  23.569  -58.884  35.864 0.0000000000
5731  6.896  -78.475  11.344 0.0000000000
5730  7.746  -78.780  12.080 0.0000000000
6349  7.638  -77.854  11.964 0.0000000000
7535  9.671  -75.048  13.623 0.0000000000
121174  9.372  -75.719  13.709 0.0000000000
128481  9.949  -75.702  13.986 0.0000000000
6946  11.162  -76.398  13.777 0.0000000000
7533  11.063  -75.735  13.172 0.0000000000
7554  11.285  -75.689  12.145 0.0000000000
7578  10.763  -75.078  11.511 0.0000000000
8223  9.425  -73.622  10.414 0.0000000000
8222  9.816  -74.263  9.510 0.0000000000
8240  10.041  -74.295  8.803 0.0000000000
8255  10.453  -74.193  8.494 0.0000000000
8910  9.868  -73.417  8.621 0.0000000000
116734  13.919  -61.317  21.340 0.0000000000
18504  13.615  -62.239  21.369 0.0000000000
18503  14.337  -61.899  21.203 0.0000000000
19498  15.438  -61.247  19.482 0.0000000000
17608  14.684  -62.460  20.130 0.0000000000
17626  14.511  -62.197  18.826 0.0000000000
17627  14.000  -62.796  18.335 0.0000000000
18564  14.013  -62.039  17.594 0.0000000000
121734  27.915  -44.367  32.292 0.0000000000
34431  28.449  -45.012  31.688 0.0000000000
36380  26.215  -42.807  29.496 0.0000000000
3091  22.820  -83.279  17.544 0.0000000000
3571  24.049  -82.670  16.900 0.0000000000
3105  22.492  -83.596  16.676 0.0000000000
2573  22.719  -84.308  14.520 0.0000000000
2557  23.755  -84.065  15.243 0.0000000000
2571  24.372  -84.486  14.943 0.0000000000
2570  25.172  -85.439  15.004 0.0000000000
2586  24.419  -84.180  14.127 0.0000000000
121565  25.118  -84.260  13.689 0.0000000000
2604  24.800  -84.075  13.180 0.0000000000
2097  24.701  -84.946  11.596 0.0000000000
23958  8.994  -54.431  23.969 0.0000000000
23959  8.016  -54.634  23.423 0.0000000000
23964  8.446  -53.826  22.902 0.0000000000
23976  8.182  -54.523  21.265 0.0000000000
24907  8.733  -53.397  21.829 0.0000000000
120943  11.377  -52.488  22.185 0.0000000000
24905  10.746  -52.931  21.590 0.0000000000
130449  11.662  -53.641  22.175 0.0000000000
23963  11.501  -54.382  21.992 0.0000000000
32545  23.843  -47.436  24.959 0.0000000000
32546  23.000  -47.735  24.905 0.0000000000
32561  20.869  -46.916  24.845 0.0000000000
125508  21.628  -47.219  24.647 0.0000000000
32547  20.973  -47.107  25.653 0.0000000000
32548  20.363  -46.696  25.578 0.0000000000
37413  14.058  -40.469  22.269 0.0000000000
128762  13.344  -41.478  22.144 0.0000000000
129097  12.942  -45.749  21.614 0.0000000000
32578  13.103  -46.280  21.870 0.0000000000
32585  12.689  -46.456  21.250 0.0000000000
32595  12.774  -46.642  20.661 0.0000000000
362  19.968  -90.474  30.907 0.0000000000
223  19.296  -91.253  30.906 0.0000000000
365  19.316  -90.593  30.060 0.0000000000
604  18.609  -89.497  28.588 0.0000000000
383  18.378  -90.342  28.742 0.0000000000
384  17.727  -90.532  28.623 0.0000000000
373  16.297  -90.866  29.000 0.0000000000
385  17.010  -90.110  28.619 0.0000000000
2985  14.963  -82.765  25.851 0.0000000000
2415  14.947  -84.053  26.512 0.0000000000
2431  14.464  -84.262  25.666 0.0000000000
1962  12.804  -85.521  24.064 0.0000000000
118487  12.930  -85.700  25.080 0.0000000000
121346  11.939  -86.330  25.084 0.0000000000
1530  11.391  -86.639  25.820 0.0000000000
130350  10.680  -86.948  24.862 0.0000000000
129444  10.782  -86.926  23.424 0.0000000000
2007  11.101  -85.898  21.586 0.0000000000
1235  9.795  -87.957  21.874 0.0000000000
121168  8.744  -80.698  32.141 0.0000000000
3875  8.486  -81.214  30.312 0.0000000000
3443  7.356  -82.679  26.973 0.0000000000
3415  7.923  -82.011  28.934 0.0000000000
2961  7.122  -83.282  26.848 0.0000000000
2974  6.559  -83.737  26.258 0.0000000000
126810  6.429  -83.815  25.405 0.0000000000
2451  5.801  -84.132  24.115 0.0000000000
16547  11.631  -63.757  34.790 0.0000000000
19278  8.630  -60.631  34.514 0.0000000000
17403  9.443  -61.890  34.775 0.0000000000
18321  8.202  -61.300  34.291 0.0000000000
18322  7.684  -61.709  33.914 0.0000000000
18347  7.744  -61.103  33.252 0.0000000000
134662  7.726  -60.881  32.334 0.0000000000
18346  7.943  -60.081  33.023 0.0000000000
20283  8.380  -58.860  31.115 0.0000000000
19307  7.650  -59.259  31.184 0.0000000000
20297  7.681  -58.844  30.169 0.0000000000
20315  7.176  -58.981  29.324 0.0000000000
20314  8.032  -58.705  29.084 0.0000000000
138844  25.805  -49.666  37.394 0.0000000000
28547  26.031  -50.344  37.171 0.0000000000
29565  26.798  -49.607  37.839 0.0000000000
126203  27.492  -49.255  39.533 0.0000000000
30588  27.925  -48.401  40.091 0.0000000000
31534  29.179  -47.088  39.584 0.0000000000
31544  30.397  -46.067  38.486 0.0000000000
127685  27.386  -45.472  40.933 0.0000000000
125547  26.567  -45.497  39.850 0.0000000000
34364  26.178  -45.539  38.173 0.0000000000
2302  22.853  -84.242  34.620 0.0000000000
1814  23.516  -84.682  35.167 0.0000000000
2315  23.403  -84.241  33.758 0.0000000000
121040  23.636  -86.430  31.929 0.0000000000
1461  24.019  -86.446  32.874 0.0000000000
1156  23.561  -87.368  32.385 0.0000000000
1145  24.258  -88.000  33.982 0.0000000000
861  23.437  -88.266  32.775 0.0000000000
576  23.235  -89.121  33.179 0.0000000000
862  22.988  -88.696  32.447 0.0000000000
585  20.904  -89.168  30.579 0.0000000000
582  21.399  -89.425  31.343 0.0000000000
583  20.698  -89.937  31.192 0.0000000000
361  20.546  -90.785  31.878 0.0000000000
127404  15.051  -79.372  11.966 0.0000000000
5149  15.259  -78.518  10.812 0.0000000000
5148  15.979  -78.787  11.785 0.0000000000
5146  18.205  -78.679  11.608 0.0000000000
5743  17.121  -78.191  10.892 0.0000000000
5147  17.651  -78.445  11.028 0.0000000000
5165  18.008  -79.240  10.641 0.0000000000
118551  18.570  -80.335  10.823 0.0000000000
4577  19.109  -80.175  12.183 0.0000000000
4066  20.785  -80.953  15.004 0.0000000000
4077  20.228  -82.019  14.044 0.0000000000
4065  21.446  -81.549  14.978 0.0000000000
3593  21.802  -82.200  14.396 0.0000000000
4064  22.357  -81.567  14.977 0.0000000000
4551  23.855  -80.384  15.401 0.0000000000
4542  22.619  -80.168  15.952 0.0000000000
6320  22.541  -77.738  15.403 0.0000000000
5698  23.011  -78.311  15.330 0.0000000000
132010  22.975  -77.979  14.637 0.0000000000
5727  23.139  -78.200  12.842 0.0000000000
126867  22.815  -77.746  13.650 0.0000000000
14267  4.408  -66.895  23.600 0.0000000000
14356  8.408  -65.576  17.730 0.0000000000
14341  8.211  -65.592  18.658 0.0000000000
13495  8.536  -66.637  18.694 0.0000000000
121652  8.247  -68.913  20.920 0.0000000000
12579  8.124  -67.942  20.444 0.0000000000
11719  8.034  -69.240  21.179 0.0000000000
10964  7.318  -70.423  20.855 0.0000000000
10943  7.847  -70.572  21.426 0.0000000000
10184  7.564  -71.270  21.221 0.0000000000
10175  7.971  -71.401  21.556 0.0000000000
10183  10.139  -71.309  20.975 0.0000000000
9456  8.943  -72.666  21.378 0.0000000000
133948  9.835  -73.175  21.485 0.0000000000
8747  9.930  -74.154  21.574 0.0000000000
140385  10.600  -73.708  21.626 0.0000000000
3948  26.396  -81.692  23.951 0.0000000000
3947  26.921  -81.421  23.224 0.0000000000
4443  26.361  -80.408  23.531 0.0000000000
4463  24.210  -79.793  21.989 0.0000000000
5030  25.408  -78.989  21.767 0.0000000000
5031  24.877  -79.429  21.195 0.0000000000
4483  25.324  -79.377  20.309 0.0000000000
4484  24.872  -79.951  20.483 0.0000000000
2488  23.119  -84.615  22.062 0.0000000000
3020  23.516  -83.154  21.828 0.0000000000
3038  23.736  -83.988  21.554 0.0000000000
1595  25.121  -85.826  19.764 0.0000000000
2502  25.084  -84.529  20.033 0.0000000000
2513  24.873  -83.848  19.752 0.0000000000
3067  24.838  -82.993  19.706 0.0000000000
137496  24.477  -83.917  19.209 0.0000000000
122415  23.602  -83.604  18.614 0.0000000000
2041  23.380  -85.159  18.779 0.0000000000
1272  22.404  -87.727  17.482 0.0000000000
1601  22.407  -86.858  18.141 0.0000000000
1278  21.829  -87.556  16.757 0.0000000000
1609  21.406  -86.469  16.597 0.0000000000
962  22.077  -88.491  15.988 0.0000000000
36463  21.590  -43.066  22.262 0.0000000000
132185  21.598  -42.301  22.204 0.0000000000
130379  20.461  -41.117  21.379 0.0000000000
37429  19.919  -41.955  21.197 0.0000000000
37430  18.920  -42.028  20.731 0.0000000000
37446  18.529  -41.215  20.489 0.0000000000
38403  17.037  -40.457  20.458 0.0000000000
39394  16.124  -39.043  20.663 0.0000000000
39428  15.180  -37.945  19.485 0.0000000000
131831  14.969  -37.973  20.090 0.0000000000
38436  14.945  -38.505  19.460 0.0000000000
2907  21.044  -82.801  30.718 0.0000000000
134397  21.062  -82.897  29.294 0.0000000000
3396  20.507  -82.331  30.278 0.0000000000
133061  19.115  -81.655  30.490 0.0000000000
129734  18.328  -81.233  30.892 0.0000000000
3410  17.614  -81.865  30.137 0.0000000000
3872  17.603  -80.847  30.564 0.0000000000
4348  14.803  -80.892  31.742 0.0000000000
4360  15.672  -80.441  31.504 0.0000000000
4369  15.729  -80.486  30.374 0.0000000000
4378  16.222  -80.687  29.414 0.0000000000
3882  15.747  -80.922  28.724 0.0000000000
3901  15.456  -81.668  27.267 0.0000000000
3883  14.704  -81.091  29.137 0.0000000000
137996  12.701  -82.219  28.943 0.0000000000
3425  12.985  -82.085  28.411 0.0000000000
3441  12.648  -82.395  27.775 0.0000000000
125031  12.407  -82.630  26.972 0.0000000000
3442  11.785  -82.928  27.815 0.0000000000
4858  13.678  -79.706  37.477 0.0000000000
4294  13.243  -80.346  37.371 0.0000000000
140250  12.652  -80.335  36.749 0.0000000000
4308  11.787  -80.513  36.507 0.0000000000
4869  12.659  -79.317  35.946 0.0000000000
7284  14.407  -75.583  35.352 0.0000000000
6702  14.431  -76.214  35.640 0.0000000000
6705  14.152  -76.047  34.739 0.0000000000
6118  11.716  -77.221  33.542 0.0000000000
6111  12.425  -77.395  34.080 0.0000000000
6112  11.602  -77.876  34.159 0.0000000000
5504  10.571  -78.823  34.751 0.0000000000
124596  9.862  -78.569  34.415 0.0000000000
5506  8.711  -78.971  34.452 0.0000000000
5511  8.982  -78.337  34.150 0.0000000000
6128  6.627  -77.828  33.131 0.0000000000
5521  6.687  -78.281  33.024 0.0000000000
5534  5.686  -78.216  32.435 0.0000000000
4925  6.335  -79.017  30.726 0.0000000000
4912  5.540  -78.521  31.539 0.0000000000
5550  5.033  -78.179  31.031 0.0000000000
6139  5.326  -77.550  32.335 0.0000000000
123487  6.299  -75.061  31.313 0.0000000000
7307  5.148  -75.920  31.317 0.0000000000
128635  8.597  -71.991  31.897 0.0000000000
8648  8.461  -73.249  31.732 0.0000000000
9362  8.114  -72.524  31.560 0.0000000000
20221  15.314  -59.041  35.468 0.0000000000
20222  14.170  -58.699  35.188 0.0000000000
140689  14.110  -59.592  34.857 0.0000000000
20223  13.327  -58.174  35.067 0.0000000000
20224  13.160  -58.193  34.990 0.0000000000
21154  13.655  -57.730  35.068 0.0000000000
21180  14.565  -57.840  33.790 0.0000000000
21189  14.269  -58.726  33.006 0.0000000000
20264  14.792  -59.248  32.082 0.0000000000
20240  17.871  -58.815  34.468 0.0000000000
21167  17.450  -57.710  35.119 0.0000000000
20252  17.538  -59.378  33.524 0.0000000000
20274  17.078  -59.795  31.474 0.0000000000
119766  16.901  -59.584  30.301 0.0000000000
20290  16.029  -59.371  30.138 0.0000000000
123337  21.703  -61.603  32.831 0.0000000000
18344  21.630  -61.447  31.916 0.0000000000
19283  26.562  -60.960  33.880 0.0000000000
19264  27.019  -60.198  34.297 0.0000000000
2906  21.928  -83.196  30.476 0.0000000000
3614  9.589  -82.646  12.750 0.0000000000
4093  10.330  -81.891  11.926 0.0000000000
5717  9.040  -78.898  13.471 0.0000000000
5126  9.462  -79.704  13.856 0.0000000000
5114  10.124  -79.513  14.335 0.0000000000
122700  12.169  -79.707  14.869 0.0000000000
5112  11.595  -80.217  14.675 0.0000000000
4556  12.985  -80.631  14.299 0.0000000000
4568  12.336  -80.793  13.072 0.0000000000
4567  13.419  -80.682  13.739 0.0000000000
4579  14.216  -80.405  13.338 0.0000000000
4566  14.393  -80.566  14.157 0.0000000000
128168  15.311  -77.991  15.079 0.0000000000
5098  15.849  -79.247  15.314 0.0000000000
5691  16.545  -78.715  15.367 0.0000000000
5096  17.056  -79.144  15.213 0.0000000000
6311  16.772  -77.827  15.344 0.0000000000
6928  16.531  -77.012  14.720 0.0000000000
6958  15.912  -75.901  12.879 0.0000000000
6941  16.626  -75.962  13.303 0.0000000000
7572  17.168  -75.142  11.892 0.0000000000
8203  16.764  -74.703  10.993 0.0000000000
123877  13.020  -75.553  10.621 0.0000000000
117843  13.963  -75.476  11.075 0.0000000000
136293  12.919  -75.337  9.811 0.0000000000
7628  15.413  -75.091  7.806 0.0000000000
7604  14.776  -75.013  8.808 0.0000000000
138567  15.815  -74.992  8.732 0.0000000000
8236  16.289  -74.789  9.269 0.0000000000
8268  16.661  -75.115  7.633 0.0000000000
8267  17.627  -75.111  7.432 0.0000000000
8934  17.112  -74.610  7.577 0.0000000000
9625  18.866  -71.969  9.493 0.0000000000
116401  7.374  -62.239  23.103 0.0000000000
116438  7.749  -62.945  23.211 0.0000000000
17554  8.674  -63.189  22.960 0.0000000000
15897  9.992  -64.428  22.522 0.0000000000
15898  9.045  -64.404  22.415 0.0000000000
118241  9.814  -64.475  20.867 0.0000000000
16747  8.972  -63.416  19.689 0.0000000000
15949  9.968  -63.975  19.582 0.0000000000
16722  13.662  -64.059  21.736 0.0000000000
15894  13.104  -64.582  22.188 0.0000000000
15140  13.323  -65.259  20.982 0.0000000000
15966  11.058  -64.952  18.012 0.0000000000
15947  11.124  -64.859  18.940 0.0000000000
15967  10.414  -63.964  17.958 0.0000000000
16788  9.580  -62.912  17.352 0.0000000000
16804  9.368  -62.969  16.425 0.0000000000
15992  8.983  -63.032  15.891 0.0000000000
15991  9.558  -63.936  15.844 0.0000000000
15239  9.184  -66.145  13.992 0.0000000000
15240  8.546  -66.160  14.127 0.0000000000
13546  8.327  -66.879  13.814 0.0000000000
139774  8.482  -67.565  13.989 0.0000000000
13545  8.909  -67.416  13.393 0.0000000000
31647  27.299  -47.614  27.603 0.0000000000
33474  27.776  -45.103  29.347 0.0000000000
33511  26.781  -45.634  27.234 0.0000000000
32517  27.029  -46.096  27.573 0.0000000000
32518  26.551  -46.275  26.975 0.0000000000
32530  26.052  -46.357  26.399 0.0000000000
32543  25.488  -46.353  25.817 0.0000000000
33521  25.969  -45.622  26.145 0.0000000000
131046  25.729  -44.109  25.701 0.0000000000
34507  25.275  -44.840  25.355 0.0000000000
130904  24.478  -44.027  24.354 0.0000000000
36440  24.051  -42.329  23.779 0.0000000000
3570  25.850  -82.278  16.762 0.0000000000
2601  27.686  -86.069  12.892 0.0000000000
123855  28.065  -86.126  12.861 0.0000000000
125193  28.484  -86.223  12.309 0.0000000000
2103  29.390  -85.922  11.137 0.0000000000
2087  29.430  -86.283  12.115 0.0000000000
2086  30.192  -85.879  12.080 0.0000000000
2129  29.581  -84.770  6.151 0.0000000000
2128  30.399  -84.571  6.852 0.0000000000
2658  30.051  -84.075  6.137 0.0000000000
3203  30.428  -83.958  6.537 0.0000000000
3211  29.576  -83.972  5.902 0.0000000000
4561  5.485  -80.923  14.158 0.0000000000
4071  5.600  -81.597  14.256 0.0000000000
140834  5.505  -81.113  13.513 0.0000000000
3635  6.012  -81.581  12.365 0.0000000000
4585  5.482  -80.302  12.307 0.0000000000
4598  5.833  -80.028  11.562 0.0000000000
5141  5.412  -79.447  12.037 0.0000000000
6343  5.440  -77.298  12.744 0.0000000000
138582  5.343  -77.677  12.163 0.0000000000
141154  5.237  -76.024  12.575 0.0000000000
7559  5.536  -75.215  11.739 0.0000000000
7537  5.179  -75.140  12.927 0.0000000000
21294  5.025  -58.446  23.729 0.0000000000
20401  4.748  -58.976  24.422 0.0000000000
19444  4.811  -59.396  23.528 0.0000000000
18496  5.683  -61.141  22.750 0.0000000000
19443  5.487  -60.197  22.369 0.0000000000
140884  7.544  -59.124  19.987 0.0000000000
19481  7.638  -59.736  20.324 0.0000000000
19480  8.614  -60.014  20.148 0.0000000000
19462  8.999  -60.628  20.913 0.0000000000
20449  9.232  -59.550  19.424 0.0000000000
23069  9.238  -55.769  19.741 0.0000000000
23070  8.611  -56.118  19.921 0.0000000000
23068  9.569  -56.477  19.618 0.0000000000
122145  10.425  -58.332  19.360 0.0000000000
21331  10.993  -58.709  19.936 0.0000000000
19479  10.908  -59.770  19.973 0.0000000000
20447  11.207  -59.376  20.100 0.0000000000
20446  11.949  -59.678  20.644 0.0000000000
20426  12.575  -59.321  21.141 0.0000000000
22177  14.305  -57.821  21.561 0.0000000000
21308  14.186  -58.790  21.569 0.0000000000
22176  15.300  -57.978  21.344 0.0000000000
21307  15.698  -58.707  21.364 0.0000000000
134230  15.504  -57.509  20.931 0.0000000000
27789  15.795  -51.589  25.163 0.0000000000
35501  20.112  -44.075  21.622 0.0000000000
34543  19.480  -45.144  22.016 0.0000000000
34519  17.725  -44.489  24.104 0.0000000000
34518  18.398  -45.001  24.309 0.0000000000
130914  18.787  -45.931  25.260 0.0000000000
33551  17.680  -45.600  24.565 0.0000000000
31705  16.362  -47.484  23.357 0.0000000000
31699  16.209  -46.764  23.520 0.0000000000
30808  17.225  -47.976  23.785 0.0000000000
30815  17.773  -48.861  23.881 0.0000000000
125479  17.244  -48.948  23.222 0.0000000000
26771  17.283  -52.359  22.733 0.0000000000
27825  17.674  -51.644  22.997 0.0000000000
135210  16.942  -52.392  23.436 0.0000000000
26757  15.659  -52.161  23.756 0.0000000000
25800  15.397  -53.066  23.135 0.0000000000
25826  16.450  -53.432  21.343 0.0000000000
25827  16.083  -54.002  21.494 0.0000000000
24919  15.252  -54.406  20.832 0.0000000000
28865  13.539  -50.085  20.188 0.0000000000
26804  13.196  -52.853  18.828 0.0000000000
124480  13.523  -52.114  19.208 0.0000000000
25845  13.521  -53.958  19.054 0.0000000000
134530  13.655  -54.775  19.332 0.0000000000
23991  14.099  -55.731  20.302 0.0000000000
24937  12.925  -54.670  18.539 0.0000000000
121743  13.283  -53.875  17.682 0.0000000000
24026  13.085  -55.299  17.823 0.0000000000
24970  13.329  -54.724  17.531 0.0000000000
24025  14.318  -55.153  17.854 0.0000000000
24969  15.140  -54.376  17.624 0.0000000000
26827  15.779  -52.587  17.261 0.0000000000
249  20.471  -91.781  27.833 0.0000000000
254  20.581  -92.259  26.789 0.0000000000
133287  20.159  -93.318  28.164 0.0000000000
30  18.806  -94.330  29.417 0.0000000000
70  19.831  -93.511  28.215 0.0000000000
31  18.819  -93.865  28.691 0.0000000000
76  18.226  -93.591  27.174 0.0000000000
36  17.903  -93.897  28.098 0.0000000000
139  17.661  -93.585  31.774 0.0000000000
52  17.496  -94.612  32.564 0.0000000000
54  16.761  -94.529  31.601 0.0000000000
5  15.666  -95.260  30.617 0.0000000000
7  16.311  -95.528  30.315 0.0000000000
8  15.749  -95.527  29.685 0.0000000000
32  16.552  -95.359  28.281 0.0000000000
140487  15.603  -95.319  28.326 0.0000000000
43  15.662  -94.522  27.170 0.0000000000
120393  14.983  -94.992  28.453 0.0000000000
71  12.920  -94.087  30.060 0.0000000000
78  13.080  -93.916  28.492 0.0000000000
1907  19.471  -84.850  28.360 0.0000000000
1503  19.329  -86.497  28.363 0.0000000000
126267  18.722  -85.665  28.369 0.0000000000
1186  15.473  -86.982  29.087 0.0000000000
1185  16.429  -87.324  28.737 0.0000000000
891  15.741  -87.913  28.939 0.0000000000
125615  14.843  -89.104  29.384 0.0000000000
880  14.018  -88.455  29.498 0.0000000000
1923  13.490  -85.534  27.846 0.0000000000
1912  13.667  -85.602  29.020 0.0000000000
139699  12.694  -86.260  29.018 0.0000000000
870  11.654  -88.401  30.388 0.0000000000
600  12.431  -89.485  30.310 0.0000000000
139280  11.752  -90.082  30.826 0.0000000000
122681  11.833  -91.618  31.963 0.0000000000
2358  9.064  -84.301  29.895 0.0000000000
122236  9.854  -83.777  29.875 0.0000000000
2928  9.636  -84.024  29.107 0.0000000000
2959  10.433  -83.750  27.640 0.0000000000
2960  9.825  -84.096  27.768 0.0000000000
3329  10.676  -83.245  37.588 0.0000000000
2851  6.328  -82.458  35.777 0.0000000000
125553  8.350  -83.405  36.258 0.0000000000
2307  5.482  -84.155  34.687 0.0000000000
3866  6.652  -82.278  31.688 0.0000000000
138390  6.287  -82.311  32.979 0.0000000000
135849  5.890  -82.451  31.719 0.0000000000
2361  5.401  -84.889  30.279 0.0000000000
2899  5.266  -83.536  31.743 0.0000000000
2350  5.395  -84.724  31.199 0.0000000000
140279  5.335  -85.091  32.483 0.0000000000
1877  5.985  -85.949  30.806 0.0000000000
127975  6.304  -85.896  30.483 0.0000000000
1899  6.326  -85.894  29.297 0.0000000000
1937  7.287  -86.206  26.135 0.0000000000
2418  8.158  -85.508  26.508 0.0000000000
1949  8.250  -85.599  25.707 0.0000000000
119418  8.946  -84.985  26.073 0.0000000000
2450  8.764  -85.398  24.271 0.0000000000
2463  9.658  -84.708  23.718 0.0000000000
1976  8.913  -85.372  23.152 0.0000000000
2011  7.181  -87.337  21.634 0.0000000000
14107  6.003  -65.729  34.700 0.0000000000
13304  7.420  -66.450  32.777 0.0000000000
13281  7.443  -67.385  33.124 0.0000000000
13280  8.757  -67.666  33.200 0.0000000000
12408  8.601  -68.268  33.613 0.0000000000
13279  10.042  -67.142  32.887 0.0000000000
13302  10.759  -67.256  32.520 0.0000000000
14150  10.450  -66.591  32.239 0.0000000000
15034  9.067  -65.094  30.561 0.0000000000
139611  9.106  -65.820  30.482 0.0000000000
14172  8.156  -65.647  30.337 0.0000000000
14173  6.992  -66.233  30.299 0.0000000000
15037  5.816  -65.902  30.395 0.0000000000
17467  6.999  -61.404  30.579 0.0000000000
129652  6.803  -62.223  30.393 0.0000000000
17468  5.622  -61.717  30.220 0.0000000000
16650  3.882  -63.635  28.813 0.0000000000
16628  3.877  -63.389  29.781 0.0000000000
15809  3.576  -64.104  29.477 0.0000000000
15044  4.157  -65.638  29.813 0.0000000000
123791  4.002  -65.727  29.171 0.0000000000
14200  4.462  -66.579  28.817 0.0000000000
15056  4.511  -65.480  28.537 0.0000000000
134204  12.156  -59.366  32.268 0.0000000000
120728  11.249  -59.426  32.348 0.0000000000
20280  11.926  -59.251  31.293 0.0000000000
21240  11.354  -58.342  27.846 0.0000000000
21216  10.139  -58.434  28.325 0.0000000000
20332  9.749  -58.718  27.914 0.0000000000
19343  9.473  -59.668  27.542 0.0000000000
140412  25.982  -57.486  35.517 0.0000000000
21164  25.910  -58.751  34.738 0.0000000000
116037  27.215  -57.098  35.226 0.0000000000
116479  26.949  -57.742  34.973 0.0000000000
116397  27.761  -57.921  35.150 0.0000000000
134174  27.669  -58.682  34.814 0.0000000000
116446  26.336  -52.504  35.594 0.0000000000
27614  26.334  -52.444  34.580 0.0000000000
116475  26.457  -52.960  34.625 0.0000000000
116056  26.502  -53.705  33.978 0.0000000000
138095  26.492  -53.664  36.149 0.0000000000
116051  27.305  -53.860  36.238 0.0000000000
23855  29.409  -55.715  35.431 0.0000000000
23856  28.601  -55.462  35.915 0.0000000000
22949  29.102  -57.060  35.082 0.0000000000
22060  29.321  -57.607  34.497 0.0000000000
139725  29.581  -57.014  34.510 0.0000000000
22075  29.827  -57.339  33.858 0.0000000000
23867  30.341  -54.989  34.222 0.0000000000
124853  30.424  -56.165  33.254 0.0000000000
28570  29.355  -50.630  36.666 0.0000000000
27594  30.002  -51.709  35.945 0.0000000000
28599  30.288  -50.967  35.722 0.0000000000
26639  30.899  -52.159  33.094 0.0000000000
30706  32.348  -47.321  31.926 0.0000000000
128175  30.056  -47.672  33.097 0.0000000000
31552  30.748  -44.725  37.805 0.0000000000
32435  31.350  -45.205  36.046 0.0000000000
32436  30.612  -44.111  37.150 0.0000000000
33430  29.360  -44.992  35.923 0.0000000000
32447  30.336  -44.906  36.227 0.0000000000
32458  29.523  -45.380  35.249 0.0000000000
33440  28.983  -45.897  34.901 0.0000000000
33451  28.051  -45.729  34.314 0.0000000000
136697  27.631  -88.356  39.091 0.0000000000
140719  24.323  -85.533  36.284 0.0000000000
1411  24.798  -86.309  37.409 0.0000000000
1425  25.529  -86.513  36.836 0.0000000000
832  28.236  -88.895  36.500 0.0000000000
136924  27.413  -87.948  37.373 0.0000000000
1106  28.631  -88.507  37.230 0.0000000000
1091  29.065  -88.181  37.821 0.0000000000
1090  29.389  -87.992  37.505 0.0000000000
1437  29.164  -87.514  35.956 0.0000000000
580  25.455  -89.710  31.291 0.0000000000
864  25.242  -88.609  30.660 0.0000000000
584  25.013  -89.307  30.038 0.0000000000
876  25.304  -88.971  29.264 0.0000000000
123664  24.951  -90.300  29.754 0.0000000000
353  23.244  -91.421  34.271 0.0000000000
204  24.550  -91.677  33.852 0.0000000000
119000  23.046  -92.174  34.137 0.0000000000
134  23.251  -92.404  31.360 0.0000000000
128  23.970  -92.072  31.221 0.0000000000
220  23.672  -91.946  30.479 0.0000000000
230  24.321  -91.291  29.314 0.0000000000
241  24.130  -91.321  28.936 0.0000000000
129607  24.013  -91.110  28.300 0.0000000000
242  23.654  -91.457  29.186 0.0000000000
234  20.666  -91.912  29.341 0.0000000000
244  21.457  -91.271  29.359 0.0000000000
122603  20.755  -91.361  28.637 0.0000000000
402  20.741  -90.371  26.728 0.0000000000
2414  22.870  -84.611  25.972 0.0000000000
140762  22.334  -84.563  25.004 0.0000000000
1933  22.971  -85.512  25.891 0.0000000000
908  23.772  -88.640  25.560 0.0000000000
1525  22.843  -87.031  25.209 0.0000000000
909  22.693  -88.471  25.139 0.0000000000
917  21.859  -88.077  24.504 0.0000000000
129868  22.209  -89.072  25.479 0.0000000000
120032  21.409  -92.761  25.102 0.0000000000
271  21.475  -91.784  24.025 0.0000000000
160  21.802  -92.680  24.274 0.0000000000
123212  21.595  -92.908  22.606 0.0000000000
281  22.890  -92.238  22.449 0.0000000000
185  22.466  -92.311  21.571 0.0000000000
424  23.646  -91.499  21.103 0.0000000000
132228  22.729  -91.925  20.754 0.0000000000
430  19.899  -90.461  19.317 0.0000000000
293  20.290  -91.256  19.870 0.0000000000
429  21.074  -90.652  19.075 0.0000000000
428  22.568  -90.868  19.082 0.0000000000
437  23.197  -90.463  18.237 0.0000000000
445  23.404  -89.991  17.540 0.0000000000
446  22.773  -90.295  17.214 0.0000000000
452  22.381  -90.281  16.082 0.0000000000
968  21.809  -89.341  14.921 0.0000000000
1297  21.505  -88.049  11.974 0.0000000000
993  20.933  -88.977  11.642 0.0000000000
725  22.219  -90.071  10.080 0.0000000000
997  22.726  -89.283  10.612 0.0000000000
1001  22.878  -89.418  9.631 0.0000000000
130830  23.856  -88.029  8.774 0.0000000000
1312  23.386  -88.329  7.903 0.0000000000
1323  22.830  -87.451  6.031 0.0000000000
1322  23.030  -87.529  5.933 0.0000000000
1318  23.737  -87.180  6.337 0.0000000000
1662  23.941  -86.404  5.752 0.0000000000
2139  25.367  -85.352  5.249 0.0000000000
2670  24.679  -85.338  5.397 0.0000000000
3208  24.931  -84.266  6.801 0.0000000000
2660  25.362  -84.708  5.474 0.0000000000
3207  25.805  -84.126  6.551 0.0000000000
3195  26.234  -83.578  7.704 0.0000000000
5773  14.041  -77.948  8.015 0.0000000000
3641  18.964  -82.649  11.038 0.0000000000
3640  19.214  -83.166  12.157 0.0000000000
3165  21.881  -83.634  11.397 0.0000000000
2619  20.218  -84.674  11.838 0.0000000000
2631  21.472  -84.274  10.711 0.0000000000
2106  21.067  -85.026  10.083 0.0000000000
133591  22.028  -84.328  9.594 0.0000000000
3177  22.792  -83.741  9.942 0.0000000000
3651  25.454  -82.354  10.653 0.0000000000
3664  24.932  -82.817  10.051 0.0000000000
3650  26.417  -82.262  10.137 0.0000000000
3662  26.403  -82.724  9.267 0.0000000000
3649  27.349  -82.055  10.101 0.0000000000
3648  28.282  -82.002  10.068 0.0000000000
4117  27.927  -81.536  10.713 0.0000000000
5121  26.124  -79.228  14.073 0.0000000000
7518  20.002  -75.840  14.308 0.0000000000
6924  20.415  -76.205  14.950 0.0000000000
6938  20.718  -75.910  14.128 0.0000000000
116026  6.940  -63.836  22.282 0.0000000000
134442  4.995  -63.676  21.932 0.0000000000
140717  5.406  -63.661  21.359 0.0000000000
15184  5.600  -64.817  18.898 0.0000000000
122163  5.167  -65.417  19.543 0.0000000000
118476  4.867  -66.475  19.382 0.0000000000
121882  4.690  -67.439  20.398 0.0000000000
13477  4.693  -67.460  18.857 0.0000000000
14325  7.180  -66.186  19.023 0.0000000000
14342  7.241  -65.336  18.551 0.0000000000
13476  6.544  -66.834  18.456 0.0000000000
11001  5.456  -70.378  16.919 0.0000000000
12618  5.542  -68.608  16.876 0.0000000000
11772  4.912  -69.827  17.463 0.0000000000
11758  4.601  -69.690  18.757 0.0000000000
10977  4.633  -70.578  18.831 0.0000000000
10197  4.683  -71.481  19.635 0.0000000000
10206  4.677  -71.420  18.171 0.0000000000
8786  4.608  -73.663  17.689 0.0000000000
137346  5.208  -76.616  16.741 0.0000000000
6294  4.778  -77.257  16.835 0.0000000000
6280  4.879  -77.572  16.773 0.0000000000
5672  5.041  -78.229  16.871 0.0000000000
6293  5.628  -77.814  17.059 0.0000000000
8090  7.366  -74.688  20.657 0.0000000000
8091  7.079  -74.975  19.662 0.0000000000
7440  7.324  -75.483  20.336 0.0000000000
6298  8.776  -77.979  18.131 0.0000000000
6292  8.348  -77.880  18.950 0.0000000000
131141  8.433  -78.528  17.348 0.0000000000
5681  8.355  -78.437  16.367 0.0000000000
5692  8.104  -78.271  15.702 0.0000000000
6313  8.476  -77.430  15.841 0.0000000000
131204  7.553  -74.236  15.007 0.0000000000
8162  6.248  -73.979  14.260 0.0000000000
8163  5.565  -73.800  13.516 0.0000000000
8858  6.850  -73.113  14.559 0.0000000000
122755  17.124  -56.626  17.068 0.0000000000
21366  16.793  -58.334  18.014 0.0000000000
124671  16.689  -58.068  16.870 0.0000000000
19540  14.162  -60.371  15.990 0.0000000000
18590  13.489  -61.499  16.227 0.0000000000
18606  13.489  -61.450  15.644 0.0000000000
16854  13.964  -63.805  13.741 0.0000000000
17699  14.356  -63.002  14.074 0.0000000000
16855  13.368  -63.783  13.827 0.0000000000
16843  13.004  -64.017  14.171 0.0000000000
16014  12.921  -65.093  13.858 0.0000000000
15238  12.511  -65.806  13.255 0.0000000000
13561  12.542  -67.678  12.638 0.0000000000
13562  11.380  -67.719  12.527 0.0000000000
12693  12.258  -68.431  13.469 0.0000000000
128404  11.610  -68.681  14.280 0.0000000000
12678  12.659  -68.809  14.592 0.0000000000
133834  15.564  -68.123  14.251 0.0000000000
12675  15.656  -68.585  14.904 0.0000000000
12611  14.068  -68.941  18.085 0.0000000000
12630  13.634  -68.929  17.148 0.0000000000
12612  13.154  -68.846  18.109 0.0000000000
12631  12.720  -68.828  17.322 0.0000000000
137537  12.831  -68.933  18.739 0.0000000000
12591  12.128  -69.073  18.991 0.0000000000
11752  12.495  -69.415  19.823 0.0000000000
131323  13.565  -72.088  21.620 0.0000000000
10170  12.753  -71.877  21.701 0.0000000000
8744  13.109  -73.329  21.278 0.0000000000
8089  11.918  -74.630  20.617 0.0000000000
8767  12.324  -74.223  19.863 0.0000000000
9491  14.438  -72.806  18.927 0.0000000000
9504  14.143  -73.015  18.003 0.0000000000
125948  11.701  -73.052  16.640 0.0000000000
138227  12.340  -73.145  17.033 0.0000000000
9508  11.032  -73.007  16.931 0.0000000000
8795  11.500  -73.348  17.752 0.0000000000
8814  10.232  -73.048  16.872 0.0000000000
9522  9.719  -72.713  16.396 0.0000000000
9537  9.380  -72.128  15.816 0.0000000000
10258  9.406  -70.707  12.998 0.0000000000
10243  8.430  -70.890  14.216 0.0000000000
10259  8.443  -70.553  13.267 0.0000000000
121938  6.873  -70.950  12.934 0.0000000000
10277  7.666  -70.674  12.484 0.0000000000
9604  8.735  -71.333  10.844 0.0000000000
10292  9.137  -70.700  10.968 0.0000000000
116906  11.650  -70.788  10.466 0.0000000000
10303  10.654  -70.328  10.020 0.0000000000
10302  12.277  -70.648  9.910 0.0000000000
10319  11.910  -71.094  9.287 0.0000000000
11086  13.236  -70.595  9.930 0.0000000000
11886  16.749  -68.957  10.006 0.0000000000
11103  15.613  -69.709  9.790 0.0000000000
11905  16.966  -69.032  9.818 0.0000000000
11101  17.174  -69.606  9.484 0.0000000000
117711  18.464  -68.426  9.739 0.0000000000
118647  21.186  -86.701  23.303 0.0000000000
1560  21.344  -86.447  22.357 0.0000000000
1222  20.747  -87.873  22.487 0.0000000000
658  20.998  -89.283  21.872 0.0000000000
657  21.909  -89.821  21.727 0.0000000000
10014  12.042  -71.249  36.696 0.0000000000
9314  13.221  -72.198  36.291 0.0000000000
122380  12.715  -71.408  36.212 0.0000000000
10034  12.633  -70.913  35.451 0.0000000000
10053  12.384  -70.407  34.311 0.0000000000
10054  12.008  -70.959  33.710 0.0000000000
10815  12.146  -70.038  33.628 0.0000000000
11600  11.466  -68.708  32.545 0.0000000000
20207  20.833  -59.790  36.124 0.0000000000
20216  21.576  -59.675  35.826 0.0000000000
20205  22.360  -59.182  36.277 0.0000000000
7557  6.832  -75.986  11.579 0.0000000000
6964  7.465  -76.783  12.015 0.0000000000
7556  7.789  -75.607  12.529 0.0000000000
8173  9.078  -74.583  13.358 0.0000000000
8172  9.507  -74.400  13.258 0.0000000000
8205  10.183  -74.369  12.368 0.0000000000
8186  9.440  -73.846  12.723 0.0000000000
8206  9.508  -73.584  11.709 0.0000000000
8898  8.900  -72.558  10.693 0.0000000000
19458  15.290  -60.092  21.347 0.0000000000
19475  15.482  -60.851  20.976 0.0000000000
20445  16.109  -60.022  20.951 0.0000000000
19497  15.824  -60.765  20.109 0.0000000000
19516  15.610  -60.647  18.748 0.0000000000
134877  26.547  -43.370  32.528 0.0000000000
35395  27.380  -43.684  31.537 0.0000000000
117476  21.356  -84.910  15.832 0.0000000000
2558  22.243  -83.976  15.905 0.0000000000
2559  21.508  -84.821  15.209 0.0000000000
2070  21.937  -84.819  14.417 0.0000000000
2079  23.032  -84.721  13.299 0.0000000000
2090  23.451  -84.995  12.550 0.0000000000
1628  23.152  -85.973  12.106 0.0000000000
1295  23.497  -87.559  11.269 0.0000000000
24893  11.571  -54.301  24.830 0.0000000000
24894  10.658  -53.669  24.209 0.0000000000
24896  9.830  -53.213  23.318 0.0000000000
24906  10.280  -52.519  21.496 0.0000000000
133085  10.862  -52.108  22.490 0.0000000000
25814  11.320  -52.098  22.643 0.0000000000
25813  11.927  -52.083  22.622 0.0000000000
33546  23.343  -46.068  23.882 0.0000000000
33548  21.270  -46.782  23.752 0.0000000000
38406  13.369  -39.948  20.944 0.0000000000
37434  13.129  -41.148  21.726 0.0000000000
36507  13.275  -41.939  21.391 0.0000000000
594  20.286  -89.059  29.774 0.0000000000
587  19.794  -89.848  29.957 0.0000000000
878  19.761  -88.677  28.905 0.0000000000
888  18.348  -88.824  28.445 0.0000000000
2999  13.888  -82.774  24.900 0.0000000000
2432  13.985  -84.184  24.762 0.0000000000
3011  13.079  -83.490  23.907 0.0000000000
1974  13.061  -84.696  23.710 0.0000000000
1975  12.525  -85.320  23.250 0.0000000000
120685  11.907  -86.175  23.568 0.0000000000
137028  12.226  -85.074  22.648 0.0000000000
2491  11.366  -85.038  21.835 0.0000000000
2492  10.618  -84.820  21.725 0.0000000000
4941  8.321  -80.035  30.203 0.0000000000
4380  8.440  -80.785  29.905 0.0000000000
4381  7.949  -80.321  29.380 0.0000000000
3903  7.463  -81.876  27.399 0.0000000000
3458  6.921  -82.545  26.081 0.0000000000
3472  6.073  -82.654  25.128 0.0000000000
118285  11.763  -61.958  34.612 0.0000000000
17401  11.264  -62.763  34.642 0.0000000000
133858  10.886  -61.927  34.703 0.0000000000
18320  9.373  -60.752  34.905 0.0000000000
19292  8.540  -59.871  33.869 0.0000000000
138059  8.337  -59.556  33.130 0.0000000000
19300  8.760  -59.241  33.203 0.0000000000
20270  8.716  -58.955  32.203 0.0000000000
20282  9.256  -58.908  31.568 0.0000000000
125533  26.267  -48.790  38.065 0.0000000000
30590  25.764  -48.035  39.229 0.0000000000
31537  25.427  -47.300  38.173 0.0000000000
31536  26.227  -46.597  40.534 0.0000000000
139912  25.621  -45.965  39.861 0.0000000000
2346  23.513  -84.348  31.542 0.0000000000
124468  23.824  -84.794  32.241 0.0000000000
1874  23.650  -85.387  31.480 0.0000000000
1480  23.299  -86.359  31.079 0.0000000000
1159  22.783  -87.141  30.814 0.0000000000
135671  22.254  -88.383  31.199 0.0000000000
868  22.259  -87.835  30.697 0.0000000000
117562  21.048  -88.287  29.912 0.0000000000
133532  17.668  -78.995  13.635 0.0000000000
5729  16.949  -78.278  11.715 0.0000000000
5715  18.061  -78.553  12.792 0.0000000000
124658  18.473  -78.819  12.936 0.0000000000
5134  18.759  -79.087  12.328 0.0000000000
5133  19.275  -79.829  13.038 0.0000000000
4553  19.709  -79.997  13.941 0.0000000000
4552  20.263  -80.174  14.860 0.0000000000
4544  20.959  -80.214  15.617 0.0000000000
121922  21.329  -79.333  16.085 0.0000000000
5686  21.728  -78.441  16.201 0.0000000000
6321  21.980  -77.006  15.368 0.0000000000
15134  4.367  -65.231  23.028 0.0000000000
12634  8.673  -67.724  17.795 0.0000000000
11756  8.747  -68.761  20.173 0.0000000000
11741  9.012  -69.768  20.431 0.0000000000
10942  8.438  -70.814  21.404 0.0000000000
10962  9.476  -70.643  20.744 0.0000000000
11740  9.941  -70.075  19.980 0.0000000000
10961  10.464  -70.625  20.504 0.0000000000
5020  24.051  -79.756  22.966 0.0000000000
3991  23.793  -80.805  21.827 0.0000000000
1573  24.401  -86.390  21.095 0.0000000000
2486  24.737  -85.085  20.595 0.0000000000
1572  25.054  -86.587  20.427 0.0000000000
123875  25.211  -86.726  19.624 0.0000000000
137853  24.842  -86.243  19.309 0.0000000000
1600  23.932  -86.106  18.880 0.0000000000
1265  23.075  -87.891  18.151 0.0000000000
957  23.163  -88.899  17.251 0.0000000000
38354  22.142  -41.038  22.374 0.0000000000
38367  21.683  -40.701  22.016 0.0000000000
38381  20.131  -40.225  20.960 0.0000000000
124172  17.130  -38.567  19.765 0.0000000000
39414  15.917  -38.083  20.026 0.0000000000
40528  16.503  -37.812  19.293 0.0000000000
40538  16.416  -37.552  18.665 0.0000000000
3863  14.339  -81.185  31.014 0.0000000000
3884  13.774  -81.485  29.667 0.0000000000
3874  13.654  -81.578  30.574 0.0000000000
3400  12.948  -81.963  30.121 0.0000000000
3401  12.249  -82.477  30.193 0.0000000000
4855  13.348  -79.241  38.812 0.0000000000
132198  14.004  -79.182  38.024 0.0000000000
5493  14.204  -78.413  36.689 0.0000000000
140502  13.117  -75.342  33.723 0.0000000000
6708  13.470  -76.112  34.022 0.0000000000
6709  12.738  -76.192  33.498 0.0000000000
6710  11.936  -76.456  33.111 0.0000000000
6711  10.998  -76.922  32.865 0.0000000000
6120  9.127  -77.745  33.585 0.0000000000
6125  10.133  -76.970  32.586 0.0000000000
6717  8.425  -76.984  32.443 0.0000000000
6718  7.087  -77.164  32.613 0.0000000000
6731  6.474  -76.490  32.100 0.0000000000
6730  7.760  -76.368  31.952 0.0000000000
7305  7.083  -75.496  31.606 0.0000000000
7966  7.126  -74.560  31.272 0.0000000000
139109  7.505  -70.446  31.178 0.0000000000
10076  7.772  -71.639  31.462 0.0000000000
129221  16.794  -58.090  36.575 0.0000000000
21151  15.712  -57.875  36.055 0.0000000000
22053  14.509  -57.188  35.417 0.0000000000
22052  15.224  -56.838  35.997 0.0000000000
22063  15.269  -56.658  35.307 0.0000000000
22076  15.930  -57.070  34.663 0.0000000000
20260  18.013  -60.108  32.754 0.0000000000
18331  22.492  -61.702  33.440 0.0000000000
18315  23.095  -61.441  34.161 0.0000000000
19286  23.891  -61.263  34.161 0.0000000000
18329  24.474  -61.439  33.493 0.0000000000
139200  25.542  -60.167  34.154 0.0000000000
4082  9.527  -81.774  13.514 0.0000000000
6327  10.252  -77.918  14.371 0.0000000000
5706  10.570  -78.818  14.532 0.0000000000
117795  11.200  -77.945  14.533 0.0000000000
119071  12.597  -79.000  14.873 0.0000000000
128844  13.199  -80.056  14.949 0.0000000000
5110  14.124  -80.079  15.074 0.0000000000
5703  14.270  -79.249  15.196 0.0000000000
6323  14.572  -78.062  14.825 0.0000000000
6337  15.096  -77.284  14.314 0.0000000000
6929  15.841  -76.847  14.186 0.0000000000
6942  15.327  -76.655  13.684 0.0000000000
6959  15.180  -76.216  12.961 0.0000000000
7551  15.513  -75.566  12.160 0.0000000000
7620  12.682  -74.973  8.535 0.0000000000
7606  13.243  -75.205  9.081 0.0000000000
8252  13.141  -74.653  8.353 0.0000000000
8270  14.947  -74.756  7.895 0.0000000000
8919  16.711  -73.760  8.084 0.0000000000
9640  17.259  -72.821  8.981 0.0000000000
10315  18.335  -70.868  9.446 0.0000000000
127948  9.030  -61.852  22.221 0.0000000000
17560  9.271  -62.669  22.696 0.0000000000
17559  10.153  -62.825  22.644 0.0000000000
16715  10.400  -63.886  22.868 0.0000000000
124966  10.869  -64.372  22.606 0.0000000000
15946  13.848  -65.015  19.622 0.0000000000
15180  13.421  -65.341  20.136 0.0000000000
15191  12.975  -65.879  18.305 0.0000000000
140763  12.364  -65.913  17.905 0.0000000000
15208  10.889  -65.319  16.460 0.0000000000
15215  11.570  -66.007  16.009 0.0000000000
14381  11.066  -66.112  14.827 0.0000000000
14399  10.837  -66.421  13.466 0.0000000000
138997  28.567  -47.035  28.986 0.0000000000
34455  26.954  -44.021  28.890 0.0000000000
34472  27.114  -44.482  28.418 0.0000000000
34493  26.367  -44.891  26.520 0.0000000000
35459  26.225  -44.181  26.289 0.0000000000
140666  26.102  -43.566  26.103 0.0000000000
129972  25.694  -43.155  25.569 0.0000000000
2615  27.186  -84.357  11.266 0.0000000000
140406  27.790  -84.638  11.363 0.0000000000
2628  27.813  -84.608  10.633 0.0000000000
2640  28.270  -84.909  9.752 0.0000000000
2639  28.978  -85.226  9.804 0.0000000000
2112  29.630  -85.362  9.087 0.0000000000
2113  28.758  -85.287  8.833 0.0000000000
129569  28.957  -85.309  6.484 0.0000000000
2136  28.688  -84.999  5.527 0.0000000000
5116  5.495  -80.107  13.927 0.0000000000
5128  5.350  -79.716  12.912 0.0000000000
5709  5.496  -79.143  13.261 0.0000000000
5708  5.744  -78.367  13.470 0.0000000000
6330  6.116  -77.512  13.725 0.0000000000
22163  7.698  -56.247  23.977 0.0000000000
22164  7.004  -56.721  23.896 0.0000000000
118643  6.328  -57.371  24.067 0.0000000000
21279  5.723  -58.144  24.614 0.0000000000
21293  5.532  -57.636  23.864 0.0000000000
21300  5.473  -57.970  22.846 0.0000000000
19465  6.041  -59.667  21.547 0.0000000000
131885  6.518  -58.380  21.091 0.0000000000
20451  7.302  -58.393  20.274 0.0000000000
136403  7.975  -58.697  19.553 0.0000000000
22180  10.261  -56.704  20.048 0.0000000000
133476  11.105  -57.163  20.957 0.0000000000
21310  11.516  -58.175  20.767 0.0000000000
124613  12.500  -58.455  21.391 0.0000000000
140603  12.846  -57.856  21.720 0.0000000000
132846  18.007  -50.755  25.157 0.0000000000
35489  18.611  -44.884  22.290 0.0000000000
35503  17.472  -43.621  22.205 0.0000000000
32571  14.040  -46.102  22.433 0.0000000000
32570  15.335  -46.262  23.058 0.0000000000
30824  16.522  -49.018  22.600 0.0000000000
29845  17.312  -49.886  22.814 0.0000000000
27826  17.284  -51.938  22.309 0.0000000000
26784  17.056  -52.895  21.974 0.0000000000
27838  16.641  -51.875  21.525 0.0000000000
26785  16.427  -52.611  21.122 0.0000000000
27847  15.719  -52.382  20.480 0.0000000000
28872  13.376  -50.351  19.820 0.0000000000
28877  13.456  -50.755  19.341 0.0000000000
131848  13.252  -52.565  18.837 0.0000000000
25863  12.815  -53.881  18.024 0.0000000000
26829  13.328  -52.911  18.285 0.0000000000
26828  14.389  -52.805  17.725 0.0000000000
27877  15.751  -51.517  17.294 0.0000000000
61  20.241  -93.552  29.788 0.0000000000
68  19.991  -93.673  28.951 0.0000000000
62  19.827  -94.015  29.781 0.0000000000
25  19.201  -94.431  29.954 0.0000000000
26  18.290  -95.033  30.161 0.0000000000
148  16.608  -92.933  29.631 0.0000000000
55  16.005  -94.701  31.026 0.0000000000
64  15.751  -93.756  30.378 0.0000000000
56  15.151  -94.579  30.938 0.0000000000
23  14.010  -94.514  31.347 0.0000000000
34  14.558  -95.042  29.477 0.0000000000
24  13.666  -94.384  31.393 0.0000000000
66  12.964  -94.095  31.639 0.0000000000
59  12.135  -93.322  32.076 0.0000000000
2371  17.406  -84.314  29.284 0.0000000000
1909  17.670  -85.214  28.702 0.0000000000
1893  16.839  -84.886  29.319 0.0000000000
1895  15.392  -85.270  29.615 0.0000000000
1172  14.667  -86.820  29.384 0.0000000000
1509  11.379  -86.845  28.601 0.0000000000
1495  12.255  -86.662  29.285 0.0000000000
1496  11.230  -87.186  29.522 0.0000000000
128714  8.794  -85.096  32.551 0.0000000000
126981  8.871  -84.338  30.739 0.0000000000
2359  8.252  -84.759  30.347 0.0000000000
3807  10.412  -81.370  36.801 0.0000000000
131968  9.247  -82.133  36.903 0.0000000000
120774  8.376  -81.664  36.769 0.0000000000
3810  7.087  -81.535  36.318 0.0000000000
132971  6.116  -82.078  35.542 0.0000000000
3416  6.042  -82.804  29.551 0.0000000000
3405  5.531  -82.961  30.305 0.0000000000
2930  5.457  -83.483  29.462 0.0000000000
2377  5.347  -84.617  29.434 0.0000000000
1900  5.763  -85.633  29.235 0.0000000000
1916  6.048  -86.102  28.504 0.0000000000
1927  5.855  -86.210  27.618 0.0000000000
1521  6.324  -86.556  26.281 0.0000000000
1542  6.508  -86.841  24.692 0.0000000000
1977  7.884  -86.241  23.520 0.0000000000
1978  6.698  -86.996  23.769 0.0000000000
1554  6.221  -87.361  23.026 0.0000000000
138325  8.073  -64.122  34.740 0.0000000000
15729  8.531  -64.841  34.957 0.0000000000
15739  6.416  -64.274  34.317 0.0000000000
15740  5.881  -64.199  33.867 0.0000000000
14986  5.229  -65.280  33.943 0.0000000000
15018  6.358  -65.000  32.781 0.0000000000
137644  7.225  -65.696  32.652 0.0000000000
14152  8.481  -65.849  32.523 0.0000000000
15015  10.067  -65.329  31.950 0.0000000000
120123  9.745  -64.717  31.925 0.0000000000
15797  9.459  -64.621  30.949 0.0000000000
15799  7.542  -64.178  30.359 0.0000000000
18395  5.393  -60.957  29.715 0.0000000000
18375  5.100  -61.508  29.907 0.0000000000
18414  5.004  -61.359  28.593 0.0000000000
17498  4.924  -62.309  28.209 0.0000000000
16649  4.662  -63.482  28.361 0.0000000000
20293  12.505  -58.686  30.202 0.0000000000
21203  12.076  -58.225  29.224 0.0000000000
21224  11.913  -57.968  28.012 0.0000000000
134533  26.613  -56.139  35.688 0.0000000000
116041  26.884  -56.237  35.506 0.0000000000
132540  27.397  -56.461  35.504 0.0000000000
28572  25.616  -50.797  36.352 0.0000000000
28602  25.632  -51.098  35.188 0.0000000000
27575  25.948  -51.573  36.020 0.0000000000
116361  26.967  -52.409  36.364 0.0000000000
116055  27.147  -53.012  36.318 0.0000000000
116891  27.898  -53.503  36.452 0.0000000000
24799  29.299  -54.860  35.772 0.0000000000
23868  29.958  -55.770  34.634 0.0000000000
24813  29.878  -55.040  35.117 0.0000000000
140575  30.212  -54.450  34.883 0.0000000000
24812  30.460  -54.078  34.300 0.0000000000
28629  30.316  -50.182  35.791 0.0000000000
28628  30.752  -50.240  35.028 0.0000000000
28627  31.006  -50.724  34.201 0.0000000000
28684  31.077  -50.625  32.600 0.0000000000
33422  27.863  -45.106  37.985 0.0000000000
33420  29.655  -44.962  37.696 0.0000000000
33421  28.551  -44.967  37.563 0.0000000000
133344  28.980  -44.893  37.093 0.0000000000
34404  27.208  -45.237  34.951 0.0000000000
1083  25.029  -88.842  38.722 0.0000000000
133141  25.695  -86.993  35.729 0.0000000000
1118  26.364  -87.776  35.885 0.0000000000
840  27.296  -88.888  35.988 0.0000000000
560  28.276  -89.373  35.724 0.0000000000
839  29.141  -88.863  35.641 0.0000000000
848  28.875  -89.020  35.077 0.0000000000
574  26.645  -90.184  32.942 0.0000000000
130021  25.729  -90.952  32.091 0.0000000000
122  22.615  -92.791  33.438 0.0000000000
134506  21.971  -93.048  33.493 0.0000000000
125  21.883  -93.167  32.579 0.0000000000
222  21.970  -92.291  30.953 0.0000000000
233  21.959  -91.711  30.283 0.0000000000
144  21.269  -92.398  30.653 0.0000000000
137  20.650  -93.141  30.665 0.0000000000
1517  24.357  -86.547  26.669 0.0000000000
1943  23.214  -86.444  25.738 0.0000000000
130181  24.405  -87.381  26.294 0.0000000000
1202  24.417  -88.704  25.858 0.0000000000
620  24.297  -89.716  26.217 0.0000000000
140641  20.177  -93.425  24.534 0.0000000000
124105  21.194  -93.333  24.499 0.0000000000
109  20.104  -93.309  23.824 0.0000000000
116  20.584  -93.196  23.281 0.0000000000
169  20.413  -92.898  22.538 0.0000000000
128694  20.717  -90.099  18.217 0.0000000000
1660  21.886  -86.772  7.056 0.0000000000
1659  22.615  -86.811  6.133 0.0000000000
2671  23.866  -85.497  5.616 0.0000000000
2133  23.178  -85.638  5.971 0.0000000000
2662  23.545  -84.976  6.287 0.0000000000
2649  24.063  -84.436  7.200 0.0000000000
3137  20.865  -83.211  13.333 0.0000000000
3152  20.534  -83.680  12.838 0.0000000000
140099  21.254  -83.435  12.788 0.0000000000
3164  22.601  -82.997  11.802 0.0000000000
3163  22.845  -83.296  10.840 0.0000000000
3176  23.392  -83.368  10.212 0.0000000000
136579  23.729  -82.967  10.741 0.0000000000
3638  24.804  -82.283  11.405 0.0000000000
4101  26.671  -81.405  11.549 0.0000000000
4086  26.352  -81.082  12.382 0.0000000000
4574  26.842  -80.330  12.889 0.0000000000
7548  19.609  -75.298  12.227 0.0000000000
7589  20.065  -75.496  10.773 0.0000000000
16749  6.744  -63.113  20.529 0.0000000000
16750  6.312  -62.944  19.977 0.0000000000
16770  6.330  -63.149  19.320 0.0000000000
16771  6.073  -63.664  18.985 0.0000000000
15196  6.129  -65.048  18.421 0.0000000000
12597  6.504  -68.462  17.981 0.0000000000
11000  6.039  -70.084  16.877 0.0000000000
10988  5.218  -71.110  16.982 0.0000000000
9496  4.725  -72.129  17.685 0.0000000000
136177  4.908  -72.171  17.030 0.0000000000
8800  4.857  -73.432  16.945 0.0000000000
7468  4.716  -75.077  16.903 0.0000000000
7479  4.710  -75.543  16.876 0.0000000000
8132  5.008  -74.763  16.680 0.0000000000
7466  5.607  -75.776  16.648 0.0000000000
7453  6.170  -76.110  17.036 0.0000000000
7423  9.000  -75.581  21.189 0.0000000000
6844  8.282  -76.012  20.981 0.0000000000
6876  8.844  -76.781  20.176 0.0000000000
6291  9.337  -77.308  18.576 0.0000000000
6297  9.381  -77.124  17.645 0.0000000000
121908  8.941  -76.927  16.257 0.0000000000
6898  9.161  -76.108  16.380 0.0000000000
7493  9.126  -75.381  16.325 0.0000000000
8153  8.403  -73.832  15.708 0.0000000000
17686  15.452  -62.756  14.535 0.0000000000
16853  14.534  -63.755  14.003 0.0000000000
15248  14.258  -65.353  12.790 0.0000000000
15258  13.443  -65.950  12.312 0.0000000000
139233  14.277  -66.246  12.251 0.0000000000
13577  13.967  -66.920  12.356 0.0000000000
12691  14.075  -68.175  13.543 0.0000000000
11800  16.490  -69.328  16.333 0.0000000000
11801  15.493  -69.127  16.468 0.0000000000
135562  15.528  -69.260  18.037 0.0000000000
11770  14.850  -69.070  18.550 0.0000000000
130062  13.861  -69.152  19.575 0.0000000000
11751  13.378  -69.415  20.156 0.0000000000
11736  13.761  -69.843  21.035 0.0000000000
10169  14.047  -71.533  21.623 0.0000000000
9467  14.200  -72.510  20.698 0.0000000000
138966  14.639  -73.551  15.979 0.0000000000
8794  13.944  -73.344  17.034 0.0000000000
8837  13.454  -73.472  15.525 0.0000000000
8838  12.477  -73.365  15.185 0.0000000000
120628  10.976  -72.442  15.242 0.0000000000
9536  10.158  -72.150  15.561 0.0000000000
9556  11.113  -72.255  14.228 0.0000000000
9578  10.340  -71.406  13.646 0.0000000000
10257  10.236  -70.998  12.567 0.0000000000
10275  10.031  -70.582  11.488 0.0000000000
10274  10.945  -71.263  12.129 0.0000000000
9603  12.180  -71.647  11.380 0.0000000000
10289  13.563  -71.300  10.727 0.0000000000
3476  22.551  -82.260  24.042 0.0000000000
3497  22.738  -82.512  23.098 0.0000000000
3021  22.659  -83.524  22.919 0.0000000000
2469  22.526  -84.404  22.720 0.0000000000
2003  23.095  -85.502  21.849 0.0000000000
130499  21.607  -86.798  21.790 0.0000000000
1575  22.536  -86.363  21.719 0.0000000000
1239  23.591  -86.857  21.442 0.0000000000
1238  24.716  -87.319  20.891 0.0000000000
945  25.340  -88.978  20.413 0.0000000000
663  25.190  -89.861  20.378 0.0000000000
7270  13.678  -75.286  37.174 0.0000000000
7939  14.308  -74.774  36.257 0.0000000000
7944  14.227  -74.205  35.767 0.0000000000
9333  13.619  -72.738  35.949 0.0000000000
9342  13.521  -73.058  35.328 0.0000000000
123246  13.612  -74.273  34.591 0.0000000000
8635  12.531  -73.999  33.945 0.0000000000
123924  11.802  -74.020  33.607 0.0000000000
7951  11.017  -74.137  33.219 0.0000000000
8640  9.784  -73.472  32.716 0.0000000000
125371  10.078  -72.944  33.024 0.0000000000
9353  10.161  -72.253  32.931 0.0000000000
10067  9.398  -71.893  32.391 0.0000000000
10827  10.866  -70.358  32.393 0.0000000000
10828  9.810  -70.912  32.119 0.0000000000
10837  9.319  -70.362  31.540 0.0000000000
10851  7.923  -69.933  30.991 0.0000000000
11633  7.457  -69.332  30.799 0.0000000000
129252  6.376  -68.080  30.529 0.0000000000
20199  19.034  -59.872  37.365 0.0000000000
20209  18.270  -58.883  37.002 0.0000000000
21149  17.896  -57.945  36.419 0.0000000000
20219  18.582  -58.863  36.222 0.0000000000
116698  18.800  -59.135  35.386 0.0000000000
121570  18.600  -59.266  34.679 0.0000000000
20239  19.346  -59.631  34.842 0.0000000000
19271  19.112  -59.987  34.016 0.0000000000
19289  19.632  -60.544  33.312 0.0000000000
18333  20.138  -60.849  32.483 0.0000000000
18345  20.754  -60.940  31.656 0.0000000000
19287  21.433  -61.194  33.633 0.0000000000
20235  23.755  -60.124  35.165 0.0000000000
4584  7.144  -80.474  11.680 0.0000000000
4583  8.035  -80.730  12.604 0.0000000000
5139  7.853  -79.723  12.245 0.0000000000
5718  8.401  -79.057  12.756 0.0000000000
6328  9.421  -77.997  13.825 0.0000000000
6949  8.648  -76.296  13.240 0.0000000000
6342  9.066  -77.197  13.552 0.0000000000
6931  9.892  -77.114  14.217 0.0000000000
6930  10.992  -76.969  14.311 0.0000000000
6945  11.995  -76.822  13.284 0.0000000000
6961  12.951  -76.406  12.299 0.0000000000
6973  11.816  -76.013  11.868 0.0000000000
7576  12.082  -75.816  11.048 0.0000000000
126390  11.400  -75.417  10.288 0.0000000000
7597  10.642  -75.056  10.110 0.0000000000
7596  11.204  -75.206  9.296 0.0000000000
8238  11.682  -74.931  8.581 0.0000000000
8923  12.089  -73.597  8.205 0.0000000000
9644  12.825  -72.512  8.446 0.0000000000
128907  12.102  -61.731  21.380 0.0000000000
17570  12.733  -62.582  21.672 0.0000000000
17569  13.549  -63.153  21.536 0.0000000000
17591  14.055  -63.378  21.197 0.0000000000
18525  15.005  -61.713  20.818 0.0000000000
16746  14.313  -63.446  20.407 0.0000000000
16765  14.172  -64.037  19.541 0.0000000000
15965  13.862  -64.476  18.764 0.0000000000
16787  13.739  -63.598  18.078 0.0000000000
16803  13.515  -63.686  17.211 0.0000000000
33464  28.961  -45.550  30.875 0.0000000000
34439  28.219  -44.780  30.641 0.0000000000
34440  27.617  -44.283  30.098 0.0000000000
35410  27.243  -43.741  30.491 0.0000000000
35426  27.038  -43.866  29.549 0.0000000000
35427  26.621  -43.472  29.105 0.0000000000
36401  26.330  -43.005  28.536 0.0000000000
136636  24.671  -81.622  18.410 0.0000000000
4523  25.573  -81.101  17.500 0.0000000000
3559  24.258  -82.124  17.495 0.0000000000
118186  24.911  -82.335  16.808 0.0000000000
137905  25.412  -83.447  16.397 0.0000000000
3116  23.054  -83.786  15.892 0.0000000000
3115  23.975  -83.904  15.763 0.0000000000
2545  24.854  -84.473  15.832 0.0000000000
2555  25.446  -85.647  15.370 0.0000000000
2068  26.528  -86.765  14.941 0.0000000000
2077  26.924  -86.588  14.692 0.0000000000
2078  26.538  -86.376  14.433 0.0000000000
2584  26.743  -85.468  13.444 0.0000000000
122348  26.120  -84.130  12.347 0.0000000000
2089  24.319  -84.503  12.437 0.0000000000
2616  25.633  -84.566  11.411 0.0000000000
134778  26.421  -84.265  11.571 0.0000000000
141155  25.705  -85.127  10.533 0.0000000000
2115  25.473  -85.995  9.828 0.0000000000
1642  25.498  -86.565  8.562 0.0000000000
23028  8.540  -55.777  24.195 0.0000000000
23977  7.397  -55.225  21.857 0.0000000000
23051  7.067  -55.912  21.641 0.0000000000
23993  8.857  -55.018  20.159 0.0000000000
23049  9.472  -54.842  20.060 0.0000000000
24922  9.575  -53.034  20.870 0.0000000000
139833  9.797  -53.490  20.524 0.0000000000
23974  9.947  -54.256  20.387 0.0000000000
32560  22.351  -47.572  24.837 0.0000000000
37412  15.290  -40.969  22.304 0.0000000000
33564  13.780  -45.285  22.353 0.0000000000
31715  13.921  -47.496  21.965 0.0000000000
30827  13.588  -48.228  21.491 0.0000000000
133198  13.318  -48.715  20.987 0.0000000000
132  19.119  -93.010  33.186 0.0000000000
127  18.784  -93.818  33.527 0.0000000000
217  19.097  -92.204  31.936 0.0000000000
138  18.364  -92.632  31.397 0.0000000000
146  17.868  -92.577  30.233 0.0000000000
372  18.683  -90.818  29.366 0.0000000000
235  18.294  -91.625  29.629 0.0000000000
138283  17.268  -92.741  29.663 0.0000000000
237  16.505  -91.908  29.151 0.0000000000
134732  15.752  -91.530  29.507 0.0000000000
2957  15.925  -83.050  27.687 0.0000000000
2390  14.893  -84.450  28.910 0.0000000000
2401  15.339  -83.799  27.559 0.0000000000
138100  14.044  -85.044  27.374 0.0000000000
1936  13.054  -85.860  26.875 0.0000000000
1947  13.808  -85.041  25.551 0.0000000000
1948  13.210  -85.632  26.022 0.0000000000
1513  12.393  -86.269  27.151 0.0000000000
1514  11.609  -86.671  27.470 0.0000000000
1553  10.885  -86.855  22.774 0.0000000000
4335  8.373  -80.415  34.266 0.0000000000
3822  7.850  -81.047  34.814 0.0000000000
3849  8.209  -81.213  33.689 0.0000000000
3865  7.905  -81.841  31.558 0.0000000000
3390  7.141  -82.241  30.812 0.0000000000
3886  8.203  -81.601  29.738 0.0000000000
3403  7.459  -82.276  29.745 0.0000000000
2948  5.813  -83.508  28.242 0.0000000000
2405  5.299  -84.575  27.058 0.0000000000
2419  5.375  -84.885  26.029 0.0000000000
130912  5.447  -86.295  23.831 0.0000000000
2452  5.583  -85.178  23.766 0.0000000000
2465  5.168  -84.343  22.779 0.0000000000
15737  9.930  -64.012  34.816 0.0000000000
16548  10.645  -63.368  34.706 0.0000000000
16549  9.691  -62.952  34.709 0.0000000000
16550  8.248  -63.436  34.623 0.0000000000
120130  7.698  -62.790  34.357 0.0000000000
17411  7.228  -62.403  33.831 0.0000000000
16607  8.718  -62.768  31.315 0.0000000000
17451  8.186  -61.818  31.691 0.0000000000
18373  6.862  -60.423  30.637 0.0000000000
19315  6.309  -60.072  30.113 0.0000000000
19326  6.453  -59.634  29.474 0.0000000000
19345  6.091  -60.131  28.649 0.0000000000
120000  7.028  -60.117  27.861 0.0000000000
134450  28.126  -51.374  36.926 0.0000000000
27573  28.953  -51.528  36.673 0.0000000000
28545  27.863  -50.600  37.481 0.0000000000
122902  28.383  -50.193  37.898 0.0000000000
119874  29.077  -49.992  37.337 0.0000000000
137188  28.173  -49.333  39.599 0.0000000000
29585  29.798  -48.995  37.291 0.0000000000
30601  29.884  -48.422  38.233 0.0000000000
30612  30.721  -47.812  37.137 0.0000000000
30630  31.441  -47.554  35.767 0.0000000000
32419  26.587  -45.540  40.534 0.0000000000
33398  27.606  -45.150  39.757 0.0000000000
33406  28.623  -45.353  38.639 0.0000000000
33407  27.214  -45.343  38.880 0.0000000000
34376  25.777  -45.464  37.110 0.0000000000
1412  22.797  -86.324  37.649 0.0000000000
1803  22.724  -85.250  36.538 0.0000000000
1813  24.116  -85.200  35.637 0.0000000000
119987  24.564  -85.674  35.023 0.0000000000
1859  24.060  -85.304  32.950 0.0000000000
1841  24.327  -85.837  33.659 0.0000000000
119114  24.621  -86.254  34.412 0.0000000000
1132  24.773  -87.344  34.513 0.0000000000
851  24.744  -88.497  34.598 0.0000000000
571  24.593  -89.549  34.647 0.0000000000
349  24.880  -91.049  34.644 0.0000000000
129913  23.658  -90.649  34.400 0.0000000000
573  22.998  -90.219  33.697 0.0000000000
354  22.444  -91.181  33.815 0.0000000000
581  22.026  -88.972  31.513 0.0000000000
578  21.924  -89.717  32.158 0.0000000000
357  21.694  -90.820  32.964 0.0000000000
213  20.556  -91.798  32.955 0.0000000000
214  19.775  -92.422  32.997 0.0000000000
103  16.483  -93.315  24.722 0.0000000000
127687  17.755  -92.747  23.480 0.0000000000
111  17.050  -92.874  23.984 0.0000000000
1306  19.611  -87.810  8.747 0.0000000000
5138  12.971  -79.517  11.298 0.0000000000
122616  12.999  -78.720  10.172 0.0000000000
5167  14.197  -78.550  10.241 0.0000000000
5761  14.747  -78.252  9.536 0.0000000000
5760  15.736  -78.145  10.031 0.0000000000
5759  16.397  -78.197  9.952 0.0000000000
5771  16.204  -78.571  8.745 0.0000000000
4604  17.534  -79.618  9.365 0.0000000000
4614  17.869  -80.523  8.854 0.0000000000
4104  19.165  -81.919  11.816 0.0000000000
3625  19.429  -82.526  12.620 0.0000000000
4576  19.426  -80.845  12.817 0.0000000000
121001  19.439  -81.749  12.710 0.0000000000
3607  20.485  -82.685  13.733 0.0000000000
3606  21.321  -82.714  13.800 0.0000000000
4076  22.628  -81.975  14.157 0.0000000000
4075  23.452  -81.689  13.970 0.0000000000
4062  24.411  -81.312  13.905 0.0000000000
139676  24.505  -80.807  14.545 0.0000000000
4550  24.608  -80.241  15.034 0.0000000000
5696  24.619  -78.791  14.660 0.0000000000
5093  22.963  -79.429  15.920 0.0000000000
5091  24.083  -79.097  15.265 0.0000000000
5713  24.288  -78.496  14.120 0.0000000000
5726  23.799  -78.424  13.195 0.0000000000
124015  4.664  -69.102  21.970 0.0000000000
15985  8.006  -62.917  16.907 0.0000000000
15968  7.498  -63.569  17.632 0.0000000000
15193  8.023  -64.781  18.288 0.0000000000
15183  8.045  -65.577  18.915 0.0000000000
13475  7.555  -66.940  19.747 0.0000000000
123430  8.466  -67.047  19.605 0.0000000000
13464  8.042  -67.194  20.185 0.0000000000
12581  7.052  -68.556  19.842 0.0000000000
11743  7.178  -69.528  20.333 0.0000000000
10965  6.906  -70.392  19.391 0.0000000000
9482  6.930  -72.049  19.412 0.0000000000
8758  6.986  -73.452  19.533 0.0000000000
127871  7.066  -72.735  19.852 0.0000000000
8751  7.269  -73.232  20.646 0.0000000000
8750  7.705  -73.540  21.243 0.0000000000
10174  8.646  -71.784  21.376 0.0000000000
8749  8.245  -73.076  21.456 0.0000000000
125327  8.316  -73.921  21.427 0.0000000000
8081  9.484  -74.897  21.444 0.0000000000
7438  10.427  -75.698  20.541 0.0000000000
7452  10.828  -75.525  19.780 0.0000000000
10181  16.888  -71.339  20.516 0.0000000000
9465  15.886  -72.138  20.454 0.0000000000
8854  15.332  -73.382  15.019 0.0000000000
3019  27.113  -84.449  22.996 0.0000000000
132981  27.089  -83.493  22.977 0.0000000000
3970  27.485  -81.165  22.540 0.0000000000
134797  27.397  -80.223  22.274 0.0000000000
5003  25.860  -79.480  23.082 0.0000000000
5017  26.062  -79.076  22.261 0.0000000000
5028  26.941  -79.358  21.794 0.0000000000
123549  25.891  -78.908  20.094 0.0000000000
5052  25.702  -79.434  19.522 0.0000000000
127862  25.109  -80.599  19.454 0.0000000000
3496  23.262  -82.259  22.271 0.0000000000
133994  23.615  -81.665  21.813 0.0000000000
3990  24.119  -81.601  21.136 0.0000000000
3037  24.521  -84.231  20.721 0.0000000000
3516  24.605  -82.533  20.477 0.0000000000
133184  24.912  -82.208  20.014 0.0000000000
4010  24.922  -81.410  19.580 0.0000000000
3550  24.024  -82.404  18.247 0.0000000000
3078  22.687  -83.652  18.085 0.0000000000
2527  22.063  -84.284  18.013 0.0000000000
2042  22.599  -85.870  18.516 0.0000000000
2043  21.868  -85.150  18.081 0.0000000000
2538  21.640  -84.706  17.500 0.0000000000
2056  21.277  -85.473  16.191 0.0000000000
1613  21.120  -86.354  15.689 0.0000000000
1286  20.703  -87.229  14.482 0.0000000000
35487  22.632  -43.298  22.907 0.0000000000
126859  22.326  -44.144  22.757 0.0000000000
35488  21.935  -43.620  22.493 0.0000000000
35500  21.146  -43.918  22.097 0.0000000000
37411  20.867  -41.952  21.700 0.0000000000
36484  20.135  -42.882  21.422 0.0000000000
38401  18.974  -40.349  20.439 0.0000000000
39411  19.377  -39.453  20.391 0.0000000000
37447  17.660  -41.218  20.441 0.0000000000
38385  14.051  -38.948  21.605 0.0000000000
139575  15.140  -38.154  20.631 0.0000000000
39415  14.440  -38.274  20.773 0.0000000000
38405  13.369  -39.272  21.200 0.0000000000
120612  13.643  -39.373  20.647 0.0000000000
37464  14.505  -40.306  20.004 0.0000000000
37463  15.535  -41.068  19.334 0.0000000000
130361  15.996  -40.539  18.923 0.0000000000
1892  21.792  -84.874  28.872 0.0000000000
1905  21.074  -85.191  28.610 0.0000000000
2385  21.086  -84.267  28.606 0.0000000000
2386  20.143  -84.132  28.407 0.0000000000
2387  19.253  -83.909  28.504 0.0000000000
2921  19.734  -82.548  29.108 0.0000000000
2388  18.275  -83.502  29.054 0.0000000000
2923  17.162  -83.450  29.756 0.0000000000
134701  17.289  -82.778  29.834 0.0000000000
3424  16.561  -82.439  29.100 0.0000000000
4346  16.697  -80.432  32.629 0.0000000000
128677  17.139  -80.415  30.864 0.0000000000
135909  17.160  -80.694  30.110 0.0000000000
3438  16.275  -82.314  27.947 0.0000000000
3900  16.004  -81.898  27.464 0.0000000000
3911  15.450  -82.021  26.752 0.0000000000
3454  14.911  -82.204  26.132 0.0000000000
3892  13.857  -81.602  28.221 0.0000000000
3455  13.978  -81.842  26.671 0.0000000000
118385  14.243  -82.110  25.985 0.0000000000
3470  12.814  -82.664  25.270 0.0000000000
3471  12.007  -83.070  25.137 0.0000000000
2987  11.332  -83.433  25.785 0.0000000000
3327  12.053  -82.209  37.860 0.0000000000
4288  13.205  -80.657  38.652 0.0000000000
3797  12.626  -81.590  37.956 0.0000000000
137651  12.085  -81.654  37.422 0.0000000000
4309  10.692  -80.621  36.407 0.0000000000
4321  9.995  -80.100  35.931 0.0000000000
4872  9.460  -79.689  35.441 0.0000000000
6101  14.453  -77.211  36.898 0.0000000000
5492  14.335  -77.720  36.410 0.0000000000
121989  13.961  -78.195  35.984 0.0000000000
139850  13.654  -76.660  34.474 0.0000000000
6110  13.330  -77.403  34.698 0.0000000000
5497  12.425  -78.757  35.361 0.0000000000
139019  11.706  -78.962  35.211 0.0000000000
138617  10.441  -79.164  35.059 0.0000000000
4882  9.052  -79.331  34.939 0.0000000000
4883  8.560  -79.689  34.735 0.0000000000
4889  8.354  -79.550  33.929 0.0000000000
4899  8.465  -79.928  32.646 0.0000000000
6121  8.156  -77.989  33.843 0.0000000000
4900  7.540  -79.076  32.750 0.0000000000
4910  8.207  -79.613  31.740 0.0000000000
4924  7.783  -79.467  30.852 0.0000000000
4955  5.655  -79.713  28.566 0.0000000000
4966  4.870  -79.834  27.710 0.0000000000
4944  5.053  -78.706  29.353 0.0000000000
5569  4.932  -78.174  29.804 0.0000000000
6733  5.063  -76.846  31.803 0.0000000000
8641  9.155  -73.358  32.279 0.0000000000
123665  7.912  -73.909  31.392 0.0000000000
130957  7.115  -73.854  31.044 0.0000000000
9363  7.138  -72.422  31.060 0.0000000000
19273  12.849  -60.051  34.712 0.0000000000
124689  12.289  -59.113  34.907 0.0000000000
20254  11.248  -59.122  34.021 0.0000000000
21171  11.949  -59.113  34.704 0.0000000000
21183  12.367  -58.683  34.300 0.0000000000
20266  12.738  -59.087  33.033 0.0000000000
22078  14.097  -57.456  34.635 0.0000000000
21190  13.522  -58.818  33.051 0.0000000000
117012  13.391  -59.258  32.148 0.0000000000
20278  13.770  -59.133  31.194 0.0000000000
20292  14.253  -58.712  29.953 0.0000000000
20291  15.141  -58.942  29.752 0.0000000000
21168  16.763  -57.568  34.626 0.0000000000
21187  15.920  -58.788  33.116 0.0000000000
20261  17.253  -59.773  32.556 0.0000000000
20262  16.463  -59.476  32.366 0.0000000000
20263  15.629  -59.323  32.183 0.0000000000
20276  15.389  -59.371  31.156 0.0000000000
18352  22.867  -61.477  30.864 0.0000000000
2884  22.989  -83.703  32.347 0.0000000000
2905  22.751  -83.641  30.670 0.0000000000
2918  22.402  -83.681  29.833 0.0000000000
4593  11.700  -79.810  11.155 0.0000000000
4570  8.998  -80.781  13.529 0.0000000000
4569  10.474  -81.347  13.972 0.0000000000
5113  10.787  -79.852  14.570 0.0000000000
4559  11.002  -80.777  14.381 0.0000000000
4070  11.102  -81.386  13.914 0.0000000000
4079  11.358  -81.302  12.830 0.0000000000
5137  14.131  -79.863  12.262 0.0000000000
5136  14.979  -80.029  12.972 0.0000000000
131963  15.649  -79.561  12.638 0.0000000000
4554  15.100  -80.316  14.447 0.0000000000
5125  15.742  -80.057  13.693 0.0000000000
5124  16.805  -79.579  13.954 0.0000000000
5106  17.357  -79.247  14.623 0.0000000000
5701  17.873  -78.821  15.106 0.0000000000
5689  18.413  -78.157  15.467 0.0000000000
6309  19.609  -77.391  15.709 0.0000000000
6310  18.838  -77.482  15.526 0.0000000000
131301  18.647  -76.320  14.727 0.0000000000
6939  18.130  -76.047  14.105 0.0000000000
6940  17.191  -76.404  14.254 0.0000000000
7532  17.540  -75.799  13.351 0.0000000000
7531  18.433  -75.599  13.209 0.0000000000
7571  18.147  -75.004  11.748 0.0000000000
8201  18.400  -74.762  11.117 0.0000000000
8234  17.823  -74.885  9.302 0.0000000000
7553  13.777  -76.169  12.229 0.0000000000
124872  14.088  -75.782  11.741 0.0000000000
7592  15.457  -75.080  11.298 0.0000000000
124542  14.083  -75.096  9.086 0.0000000000
8220  15.459  -74.834  10.471 0.0000000000
8204  16.028  -74.784  10.971 0.0000000000
8219  16.224  -74.662  10.232 0.0000000000
8235  16.916  -75.055  8.668 0.0000000000
7603  17.479  -75.405  8.184 0.0000000000
7615  17.874  -75.434  7.657 0.0000000000
8932  19.157  -74.168  7.362 0.0000000000
9638  19.372  -72.787  8.983 0.0000000000
125566  5.225  -62.253  23.146 0.0000000000
117527  5.695  -62.823  23.105 0.0000000000
116027  7.467  -63.744  22.775 0.0000000000
127182  7.686  -64.130  21.901 0.0000000000
133778  8.876  -63.712  22.840 0.0000000000
15899  8.110  -64.185  22.315 0.0000000000
15935  7.754  -63.540  20.867 0.0000000000
136810  8.433  -63.463  20.298 0.0000000000
16767  8.308  -62.501  18.463 0.0000000000
17557  12.139  -63.474  22.486 0.0000000000
15896  11.658  -64.656  22.395 0.0000000000
15164  12.344  -65.452  20.456 0.0000000000
15932  11.464  -65.185  20.178 0.0000000000
15933  10.760  -64.837  20.697 0.0000000000
15948  10.194  -63.739  18.584 0.0000000000
16806  8.326  -62.360  17.007 0.0000000000
16815  8.645  -62.799  16.303 0.0000000000
119288  8.358  -63.577  16.239 0.0000000000
14371  8.123  -65.747  16.034 0.0000000000
141037  9.340  -64.600  15.087 0.0000000000
15229  8.358  -65.518  14.811 0.0000000000
14383  7.963  -66.421  14.986 0.0000000000
13523  8.043  -67.073  15.799 0.0000000000
12646  9.140  -68.245  15.897 0.0000000000
12645  10.185  -68.540  16.114 0.0000000000
32485  28.928  -46.513  29.656 0.0000000000
32500  28.088  -46.519  28.731 0.0000000000
32501  27.517  -45.902  28.327 0.0000000000
128378  27.442  -46.718  27.954 0.0000000000
31648  26.513  -47.662  26.957 0.0000000000
31662  25.527  -47.221  26.073 0.0000000000
32544  24.753  -47.089  25.397 0.0000000000
32558  24.383  -46.534  24.939 0.0000000000
33532  25.420  -45.585  25.613 0.0000000000
33533  24.827  -45.624  25.105 0.0000000000
33545  24.165  -45.836  24.499 0.0000000000
34515  23.984  -44.974  24.052 0.0000000000
36430  25.413  -42.281  25.155 0.0000000000
35471  24.979  -43.166  24.722 0.0000000000
35479  24.264  -43.154  24.013 0.0000000000
36448  22.865  -42.449  22.952 0.0000000000
4522  26.236  -80.742  17.599 0.0000000000
2569  27.239  -86.381  14.384 0.0000000000
3136  28.319  -84.778  13.807 0.0000000000
141374  28.873  -84.732  13.410 0.0000000000
2600  28.910  -86.270  12.364 0.0000000000
2599  29.607  -85.914  12.464 0.0000000000
2121  30.420  -85.085  8.199 0.0000000000
2646  31.386  -83.854  7.708 0.0000000000
3670  29.210  -83.108  8.272 0.0000000000
8599  10.960  -73.552  37.503 0.0000000000
10000  11.399  -71.911  37.282 0.0000000000
10015  10.991  -71.290  36.893 0.0000000000
10773  10.436  -70.813  36.436 0.0000000000
11558  10.302  -69.693  35.377 0.0000000000
117280  7.021  -81.899  12.383 0.0000000000
119200  5.902  -83.170  15.348 0.0000000000
3618  6.264  -82.223  13.264 0.0000000000
4096  6.314  -81.302  11.896 0.0000000000
4095  6.623  -80.956  11.679 0.0000000000
4596  6.443  -79.978  11.382 0.0000000000
5152  6.362  -79.006  11.257 0.0000000000
5745  6.296  -78.091  11.238 0.0000000000
5732  5.449  -78.478  11.905 0.0000000000
6357  5.654  -77.569  11.592 0.0000000000
6974  6.087  -76.673  11.173 0.0000000000
7579  6.129  -75.782  11.315 0.0000000000
7558  5.802  -75.099  11.598 0.0000000000
8189  5.950  -74.202  11.999 0.0000000000
24024  16.500  -56.042  18.217 0.0000000000
22235  16.783  -57.482  18.551 0.0000000000
23113  16.937  -56.510  17.845 0.0000000000
116032  3.587  -62.246  25.742 0.0000000000
116408  3.872  -61.971  24.189 0.0000000000
20385  5.186  -59.021  25.247 0.0000000000
20367  4.585  -59.688  25.611 0.0000000000
116035  4.078  -60.855  24.321 0.0000000000
116031  4.804  -61.456  23.286 0.0000000000
18495  6.866  -61.545  22.731 0.0000000000
19464  6.917  -60.092  21.059 0.0000000000
19442  7.270  -60.886  21.846 0.0000000000
18509  8.456  -61.099  21.672 0.0000000000
18508  9.296  -61.228  21.521 0.0000000000
132431  9.894  -60.897  20.976 0.0000000000
23071  7.729  -56.481  20.587 0.0000000000
22201  8.329  -57.086  19.644 0.0000000000
20468  8.862  -58.575  19.027 0.0000000000
22199  9.887  -57.462  19.277 0.0000000000
21332  9.847  -58.396  19.015 0.0000000000
20467  9.778  -59.100  19.112 0.0000000000
19499  10.174  -59.693  19.570 0.0000000000
18528  10.621  -60.427  20.336 0.0000000000
19478  11.391  -60.349  20.487 0.0000000000
19477  12.153  -60.386  20.882 0.0000000000
19461  13.175  -60.724  21.259 0.0000000000
19460  13.986  -60.378  21.407 0.0000000000
21309  13.242  -58.857  21.468 0.0000000000
20425  13.530  -59.525  21.412 0.0000000000
20424  14.499  -59.715  21.474 0.0000000000
20423  15.799  -59.451  21.321 0.0000000000
21329  16.146  -58.203  20.903 0.0000000000
27791  14.116  -51.296  24.627 0.0000000000
132192  20.791  -45.697  22.533 0.0000000000
33561  20.520  -46.304  23.147 0.0000000000
33562  19.610  -46.011  23.562 0.0000000000
34530  19.073  -45.553  22.882 0.0000000000
34517  18.945  -45.394  23.890 0.0000000000
33549  19.376  -45.737  24.702 0.0000000000
122444  19.251  -45.898  25.279 0.0000000000
32550  19.127  -46.464  25.612 0.0000000000
31686  18.553  -47.161  25.592 0.0000000000
31697  17.331  -47.154  24.369 0.0000000000
127170  17.738  -47.832  24.632 0.0000000000
30807  18.061  -48.653  24.733 0.0000000000
29826  18.102  -49.565  24.354 0.0000000000
28834  18.062  -50.486  24.205 0.0000000000
28847  17.834  -50.734  23.239 0.0000000000
130762  17.867  -51.260  23.867 0.0000000000
27799  16.966  -51.708  24.696 0.0000000000
27800  15.434  -51.601  24.571 0.0000000000
27801  14.402  -51.243  24.520 0.0000000000
26747  13.348  -51.416  24.149 0.0000000000
26759  13.384  -51.458  23.764 0.0000000000
26773  12.599  -51.798  23.185 0.0000000000
25812  12.996  -52.986  22.858 0.0000000000
25810  16.008  -53.825  22.257 0.0000000000
25811  15.035  -53.675  22.590 0.0000000000
24903  13.225  -54.363  22.472 0.0000000000
23972  13.291  -55.475  22.103 0.0000000000
28864  14.463  -50.378  20.583 0.0000000000
27839  15.101  -51.335  20.476 0.0000000000
26797  15.471  -53.301  20.115 0.0000000000
25844  14.906  -54.265  19.901 0.0000000000
23971  13.989  -55.521  21.470 0.0000000000
23044  13.846  -56.093  21.618 0.0000000000
23067  14.359  -56.433  21.015 0.0000000000
124387  14.256  -56.173  19.958 0.0000000000
24010  12.847  -55.288  18.058 0.0000000000
23066  15.016  -56.823  20.374 0.0000000000
23089  14.600  -56.200  19.316 0.0000000000
23101  15.612  -56.219  18.860 0.0000000000
23100  16.536  -56.857  18.772 0.0000000000
632  20.521  -90.549  25.235 0.0000000000
408  20.581  -90.513  24.166 0.0000000000
260  20.672  -91.666  25.828 0.0000000000
157  21.103  -92.934  25.868 0.0000000000
91  20.884  -93.195  25.901 0.0000000000
125295  20.237  -93.233  27.324 0.0000000000
92  20.046  -93.426  25.854 0.0000000000
83  19.234  -93.408  26.465 0.0000000000
84  18.037  -93.612  26.271 0.0000000000
125174  17.206  -94.019  26.146 0.0000000000
15  17.875  -94.520  33.097 0.0000000000
136562  18.064  -95.429  31.228 0.0000000000
2  17.624  -95.506  30.818 0.0000000000
21  16.544  -95.126  31.601 0.0000000000
3  16.932  -95.564  30.916 0.0000000000
6  17.443  -95.460  29.958 0.0000000000
125131  17.147  -94.921  28.104 0.0000000000
37  16.701  -94.938  27.469 0.0000000000
85  16.616  -94.176  26.232 0.0000000000
86  15.878  -94.088  26.364 0.0000000000
40  14.172  -94.397  28.548 0.0000000000
1502  20.133  -86.471  28.472 0.0000000000
116757  18.925  -87.269  28.359 0.0000000000
889  17.707  -88.578  28.462 0.0000000000
1505  17.219  -86.707  28.594 0.0000000000
1184  17.438  -87.727  28.494 0.0000000000
890  16.709  -88.426  28.650 0.0000000000
596  16.033  -89.876  29.010 0.0000000000
597  15.330  -89.679  29.338 0.0000000000
375  14.270  -91.112  30.561 0.0000000000
1911  14.419  -85.216  29.274 0.0000000000
1897  13.971  -85.846  29.422 0.0000000000
1173  14.011  -86.783  29.548 0.0000000000
135171  11.959  -87.146  29.785 0.0000000000
1174  13.374  -87.329  29.663 0.0000000000
599  13.441  -89.179  29.800 0.0000000000
376  13.522  -90.150  30.201 0.0000000000
366  13.147  -91.361  31.402 0.0000000000
226  12.676  -92.443  32.388 0.0000000000
3389  12.003  -82.718  30.916 0.0000000000
3402  11.687  -82.795  30.310 0.0000000000
2898  10.469  -83.618  31.239 0.0000000000
2926  11.166  -83.054  29.922 0.0000000000
119241  11.375  -83.019  29.059 0.0000000000
2958  11.128  -83.411  27.380 0.0000000000
2972  10.623  -83.752  26.901 0.0000000000
2988  10.631  -83.864  25.636 0.0000000000
3330  9.853  -83.015  37.012 0.0000000000
2282  9.039  -84.445  36.632 0.0000000000
1853  5.876  -86.650  33.292 0.0000000000
3834  7.181  -81.641  34.405 0.0000000000
3359  5.989  -82.146  34.561 0.0000000000
3370  5.559  -82.760  33.987 0.0000000000
127512  5.563  -82.665  31.783 0.0000000000
3381  5.416  -82.912  32.775 0.0000000000
2879  5.285  -83.619  33.561 0.0000000000
2322  5.256  -84.875  33.361 0.0000000000
120310  5.596  -85.888  32.813 0.0000000000
130557  6.184  -86.290  32.484 0.0000000000
1876  6.417  -85.844  31.190 0.0000000000
2360  7.322  -85.360  30.705 0.0000000000
2375  8.195  -84.876  29.545 0.0000000000
1915  6.968  -85.799  28.680 0.0000000000
122034  7.724  -85.429  28.169 0.0000000000
2392  8.565  -84.860  28.167 0.0000000000
2417  9.512  -84.517  26.572 0.0000000000
2433  9.781  -84.446  25.631 0.0000000000
124616  10.286  -84.231  24.084 0.0000000000
2477  9.818  -84.680  22.757 0.0000000000
2493  9.785  -85.233  21.387 0.0000000000
1992  8.066  -86.280  22.468 0.0000000000
137119  8.925  -85.859  20.957 0.0000000000
2009  9.468  -86.127  20.616 0.0000000000
1994  5.400  -86.263  22.392 0.0000000000
132423  8.767  -70.312  35.649 0.0000000000
11576  9.487  -69.295  34.849 0.0000000000
12385  9.012  -68.702  34.144 0.0000000000
12384  10.262  -68.584  34.229 0.0000000000
12406  10.917  -68.126  33.716 0.0000000000
13301  11.139  -67.753  32.634 0.0000000000
12443  10.887  -67.809  31.557 0.0000000000
15025  10.193  -65.754  31.430 0.0000000000
14170  10.240  -66.345  30.985 0.0000000000
13333  10.009  -67.169  30.660 0.0000000000
133860  7.942  -67.260  30.304 0.0000000000
13335  6.961  -67.209  30.320 0.0000000000
13336  5.767  -67.579  30.475 0.0000000000
119938  8.568  -62.825  30.905 0.0000000000
16625  7.260  -63.099  30.410 0.0000000000
126826  6.292  -63.751  30.428 0.0000000000
17469  4.723  -62.321  30.078 0.0000000000
15801  4.909  -64.071  30.451 0.0000000000
124703  5.293  -65.144  30.419 0.0000000000
129560  4.685  -66.007  30.302 0.0000000000
13338  4.830  -67.446  30.104 0.0000000000
13370  4.719  -67.573  28.702 0.0000000000
126787  11.037  -59.351  33.442 0.0000000000
126293  10.232  -59.239  31.965 0.0000000000
20296  9.380  -58.748  30.251 0.0000000000
20311  11.192  -58.258  29.216 0.0000000000
20312  10.225  -58.481  29.128 0.0000000000
117616  8.535  -58.919  28.069 0.0000000000
21146  24.516  -58.697  35.712 0.0000000000
21165  25.157  -59.125  35.203 0.0000000000
20232  26.365  -59.380  34.373 0.0000000000
21163  26.764  -58.559  34.732 0.0000000000
20231  27.352  -59.395  34.536 0.0000000000
20230  28.185  -59.223  34.453 0.0000000000
20248  28.565  -59.738  33.688 0.0000000000
116048  25.672  -54.152  34.640 0.0000000000
135097  25.586  -51.477  34.483 0.0000000000
27615  25.999  -52.346  34.106 0.0000000000
116647  25.715  -54.258  33.732 0.0000000000
116049  26.129  -54.062  34.609 0.0000000000
131015  26.155  -53.577  35.937 0.0000000000
116050  26.583  -54.081  36.103 0.0000000000
116344  27.353  -55.676  35.745 0.0000000000
132714  27.940  -54.746  36.196 0.0000000000
132636  28.108  -56.266  35.732 0.0000000000
22061  28.576  -57.695  35.075 0.0000000000
21161  28.980  -58.353  34.351 0.0000000000
22074  30.266  -56.963  33.185 0.0000000000
26584  29.525  -52.107  36.278 0.0000000000
25698  30.365  -53.027  35.231 0.0000000000
25712  30.593  -53.125  34.381 0.0000000000
27613  30.698  -51.199  34.959 0.0000000000
25724  30.615  -53.633  33.677 0.0000000000
127633  29.557  -47.526  32.198 0.0000000000
31563  31.735  -46.891  35.349 0.0000000000
31580  29.859  -47.619  33.992 0.0000000000
32446  30.316  -45.899  34.924 0.0000000000
118663  30.430  -47.034  34.047 0.0000000000
126565  29.074  -47.173  32.792 0.0000000000
33459  27.996  -45.621  32.888 0.0000000000
34422  27.273  -44.979  33.462 0.0000000000
34413  26.986  -44.777  34.045 0.0000000000
135841  23.635  -44.540  36.504 0.0000000000
129102  23.784  -86.164  37.624 0.0000000000
1402  24.350  -86.803  38.063 0.0000000000
1082  25.859  -87.720  38.340 0.0000000000
1424  26.429  -87.209  37.095 0.0000000000
1093  26.909  -87.705  37.954 0.0000000000
806  27.210  -88.407  38.654 0.0000000000
1081  28.432  -88.060  38.654 0.0000000000
886  25.738  -89.601  28.264 0.0000000000
135944  25.778  -89.940  27.659 0.0000000000
201  25.182  -91.308  34.095 0.0000000000
209  25.596  -91.234  32.738 0.0000000000
134720  25.131  -91.492  31.850 0.0000000000
124  23.329  -92.598  32.984 0.0000000000
215  24.581  -91.759  31.241 0.0000000000
218  24.839  -91.395  30.845 0.0000000000
370  24.770  -90.728  29.002 0.0000000000
378  25.019  -90.479  27.948 0.0000000000
123418  25.607  -90.143  27.347 0.0000000000
389  25.372  -90.261  26.915 0.0000000000
399  23.981  -90.225  26.708 0.0000000000
380  22.570  -90.834  28.732 0.0000000000
392  21.983  -90.245  27.880 0.0000000000
400  22.564  -89.900  27.031 0.0000000000
622  21.533  -89.657  26.287 0.0000000000
623  20.640  -90.218  25.887 0.0000000000
639  20.560  -89.811  24.434 0.0000000000
137470  26.969  -84.945  23.649 0.0000000000
3006  26.808  -83.742  23.566 0.0000000000
4412  23.970  -80.398  25.160 0.0000000000
3921  23.027  -81.488  25.151 0.0000000000
3465  22.855  -82.347  25.359 0.0000000000
125863  22.679  -82.077  24.751 0.0000000000
120990  22.309  -84.112  24.665 0.0000000000
129739  22.136  -84.883  24.597 0.0000000000
1957  21.766  -85.350  23.975 0.0000000000
1536  22.122  -86.658  24.719 0.0000000000
1537  21.595  -86.222  24.048 0.0000000000
1213  21.535  -87.274  24.111 0.0000000000
122394  21.340  -88.866  24.607 0.0000000000
140103  20.943  -90.903  23.536 0.0000000000
416  21.181  -90.669  22.873 0.0000000000
415  22.575  -91.585  22.700 0.0000000000
162  22.058  -92.781  23.673 0.0000000000
276  23.166  -91.925  22.327 0.0000000000
421  23.156  -91.132  22.134 0.0000000000
118783  23.837  -90.973  21.643 0.0000000000
423  24.783  -90.437  20.361 0.0000000000
426  24.614  -90.400  19.509 0.0000000000
118  18.273  -92.611  22.797 0.0000000000
282  21.694  -92.103  20.763 0.0000000000
291  23.280  -91.292  20.102 0.0000000000
427  23.737  -90.746  19.282 0.0000000000
670  24.877  -89.966  18.961 0.0000000000
675  23.797  -89.741  17.945 0.0000000000
684  23.150  -89.631  17.037 0.0000000000
447  21.696  -90.412  17.254 0.0000000000
692  22.531  -89.844  15.846 0.0000000000
121058  22.640  -89.372  16.015 0.0000000000
137205  21.487  -88.400  15.409 0.0000000000
969  20.754  -88.157  14.758 0.0000000000
120762  20.348  -88.083  13.874 0.0000000000
1289  20.519  -87.770  13.229 0.0000000000
135687  21.101  -87.493  12.705 0.0000000000
1296  22.646  -87.866  11.609 0.0000000000
1302  23.199  -88.450  11.036 0.0000000000
1304  24.396  -87.559  9.075 0.0000000000
1651  25.273  -86.648  7.369 0.0000000000
1319  23.174  -88.021  6.608 0.0000000000
140111  24.320  -87.202  7.169 0.0000000000
2125  25.936  -86.302  7.382 0.0000000000
2132  26.251  -85.724  5.855 0.0000000000
2131  27.181  -85.306  5.353 0.0000000000
2668  27.399  -84.748  4.955 0.0000000000
2669  25.400  -85.005  5.032 0.0000000000
2659  26.344  -84.684  5.224 0.0000000000
3213  27.974  -84.317  5.211 0.0000000000
3205  28.008  -83.814  6.074 0.0000000000
3193  28.483  -83.411  7.271 0.0000000000
3671  28.027  -82.900  8.474 0.0000000000
5168  11.666  -78.291  8.543 0.0000000000
5775  11.730  -78.104  7.218 0.0000000000
2117  20.426  -85.951  9.818 0.0000000000
2633  18.574  -84.502  10.526 0.0000000000
2607  19.642  -84.481  12.081 0.0000000000
2620  18.978  -84.601  11.497 0.0000000000
2107  20.049  -85.612  10.718 0.0000000000
2116  21.327  -85.531  8.916 0.0000000000
2652  21.893  -84.845  8.872 0.0000000000
2651  22.478  -84.654  8.424 0.0000000000
3197  24.514  -83.867  8.212 0.0000000000
3175  24.161  -83.197  9.967 0.0000000000
125893  24.145  -83.585  9.134 0.0000000000
136033  26.552  -83.135  8.492 0.0000000000
3672  27.125  -82.834  8.835 0.0000000000
3660  28.699  -82.495  9.319 0.0000000000
4591  27.586  -81.131  11.414 0.0000000000
4564  25.885  -80.164  14.054 0.0000000000
136869  26.734  -79.185  13.583 0.0000000000
6308  20.558  -77.378  15.965 0.0000000000
6923  21.298  -76.383  14.973 0.0000000000
134017  21.932  -76.651  14.458 0.0000000000
6957  20.858  -75.804  13.120 0.0000000000
6956  21.519  -76.323  12.736 0.0000000000
6336  22.195  -76.893  13.415 0.0000000000
136807  4.243  -63.713  22.887 0.0000000000
15900  4.477  -64.306  22.409 0.0000000000
15133  4.655  -65.042  21.829 0.0000000000
133540  5.505  -63.761  20.428 0.0000000000
15142  4.939  -65.113  20.717 0.0000000000
125796  4.823  -65.926  21.445 0.0000000000
129949  4.843  -66.688  20.957 0.0000000000
125585  4.668  -68.247  21.248 0.0000000000
11721  4.626  -68.857  20.805 0.0000000000
15195  6.670  -64.511  18.322 0.0000000000
135544  6.354  -65.480  18.378 0.0000000000
120105  5.525  -66.796  17.733 0.0000000000
132080  6.093  -68.419  16.900 0.0000000000
13497  5.658  -67.166  17.133 0.0000000000
124755  5.200  -66.871  17.943 0.0000000000
134846  4.625  -68.282  18.707 0.0000000000
11744  4.553  -69.093  19.623 0.0000000000
135040  4.684  -70.361  21.245 0.0000000000
5073  4.873  -78.978  16.720 0.0000000000
119195  6.886  -74.278  18.972 0.0000000000
7441  6.971  -75.891  19.025 0.0000000000
6877  6.677  -76.687  18.312 0.0000000000
6861  7.877  -76.539  20.382 0.0000000000
6265  7.218  -76.981  19.299 0.0000000000
5655  7.132  -78.033  18.492 0.0000000000
5679  7.336  -79.110  17.352 0.0000000000
123301  7.531  -78.509  15.114 0.0000000000
6329  7.046  -77.595  14.463 0.0000000000
6933  6.428  -76.594  14.045 0.0000000000
6913  7.945  -76.620  15.213 0.0000000000
7519  7.193  -76.057  14.617 0.0000000000
120202  5.567  -75.778  13.461 0.0000000000
7520  5.633  -74.791  13.723 0.0000000000
8872  5.595  -73.214  12.916 0.0000000000
123003  6.211  -72.327  12.773 0.0000000000
20490  16.255  -59.314  17.817 0.0000000000
19529  15.572  -60.069  17.669 0.0000000000
125394  15.239  -59.338  16.273 0.0000000000
20491  14.964  -60.045  16.684 0.0000000000
18575  14.255  -61.424  17.410 0.0000000000
18576  13.809  -61.571  16.861 0.0000000000
128515  13.322  -62.791  16.589 0.0000000000
137609  13.307  -63.691  16.426 0.0000000000
18626  13.536  -61.871  14.837 0.0000000000
17663  13.135  -62.331  15.222 0.0000000000
16829  12.905  -63.473  14.927 0.0000000000
15213  13.167  -65.329  16.034 0.0000000000
15226  12.428  -65.902  14.526 0.0000000000
14398  11.863  -66.314  13.434 0.0000000000
14419  10.412  -66.962  12.658 0.0000000000
13579  12.138  -67.131  12.306 0.0000000000
14418  11.172  -67.114  12.323 0.0000000000
13563  10.409  -67.505  12.506 0.0000000000
129117  9.925  -68.414  14.112 0.0000000000
12660  10.776  -68.628  15.084 0.0000000000
118048  10.518  -68.688  16.951 0.0000000000
13557  16.022  -66.836  13.693 0.0000000000
13544  15.044  -67.834  13.688 0.0000000000
118489  13.953  -68.742  14.674 0.0000000000
116931  14.520  -68.965  16.506 0.0000000000
12643  13.708  -68.913  16.067 0.0000000000
140627  13.157  -68.833  14.986 0.0000000000
118079  12.338  -68.799  16.476 0.0000000000
135039  11.976  -68.768  17.239 0.0000000000
12632  11.229  -68.792  17.572 0.0000000000
12592  11.056  -69.230  18.776 0.0000000000
11739  10.942  -69.959  20.023 0.0000000000
10941  11.031  -71.217  21.111 0.0000000000
10959  12.350  -70.417  21.057 0.0000000000
10940  11.981  -71.139  21.374 0.0000000000
9454  11.611  -72.820  21.688 0.0000000000
8746  11.457  -73.709  21.630 0.0000000000
8099  11.075  -75.067  19.258 0.0000000000
125304  14.984  -72.415  19.932 0.0000000000
9480  14.132  -72.657  19.490 0.0000000000
9481  13.439  -72.901  19.182 0.0000000000
9505  13.392  -72.969  17.781 0.0000000000
9493  13.025  -72.885  18.328 0.0000000000
8781  12.700  -73.289  18.992 0.0000000000
8782  11.917  -73.700  18.645 0.0000000000
8783  11.076  -73.851  18.236 0.0000000000
119497  10.697  -74.679  18.519 0.0000000000
8815  9.514  -73.449  16.692 0.0000000000
8816  8.902  -73.443  16.224 0.0000000000
8840  8.515  -72.911  15.762 0.0000000000
9558  9.347  -71.509  14.926 0.0000000000
9559  8.437  -71.571  15.023 0.0000000000
129936  7.299  -72.381  14.767 0.0000000000
121326  6.474  -71.963  14.000 0.0000000000
9594  6.618  -71.474  12.752 0.0000000000
130355  6.739  -71.859  12.560 0.0000000000
9591  8.352  -71.927  11.528 0.0000000000
9615  8.899  -72.004  9.690 0.0000000000
117231  9.814  -70.426  10.361 0.0000000000
10320  9.834  -70.873  9.380 0.0000000000
9628  9.650  -72.084  8.771 0.0000000000
9646  11.257  -72.618  8.442 0.0000000000
9645  12.032  -72.415  8.453 0.0000000000
10332  14.147  -71.412  8.840 0.0000000000
10300  13.949  -70.466  10.231 0.0000000000
11072  15.849  -70.173  10.584 0.0000000000
11085  13.955  -70.291  10.023 0.0000000000
11104  14.746  -70.077  9.925 0.0000000000
11118  14.402  -70.591  9.348 0.0000000000
10331  15.033  -71.303  8.959 0.0000000000
10330  16.143  -70.860  9.230 0.0000000000
10316  17.420  -70.567  9.366 0.0000000000
11099  19.398  -70.040  9.425 0.0000000000
11902  19.860  -68.755  9.395 0.0000000000
0  17.428  -95.397  31.745 0.0000000000
4  16.388  -95.290  31.186 0.0000000000
9  17.060  -95.387  28.996 0.0000000000
11  15.934  -95.537  28.669 0.0000000000
14  18.198  -94.734  33.116 0.0000000000
17  18.199  -95.253  32.203 0.0000000000
18  17.475  -94.977  32.543 0.0000000000
19  19.525  -94.490  30.711 0.0000000000
20  18.790  -95.000  30.932 0.0000000000
22  14.734  -94.827  30.866 0.0000000000
27  15.035  -95.239  30.133 0.0000000000
28  14.180  -94.845  30.693 0.0000000000
29  13.524  -94.508  30.864 0.0000000000
38  16.106  -95.213  27.738 0.0000000000
41  16.926  -94.549  26.739 0.0000000000
45  20.626  -93.309  33.762 0.0000000000
46  19.983  -93.892  33.718 0.0000000000
48  18.995  -94.252  33.574 0.0000000000
49  18.266  -94.250  33.414 0.0000000000
63  16.401  -93.799  30.553 0.0000000000
75  18.884  -93.538  27.906 0.0000000000
82  20.331  -93.273  26.577 0.0000000000
94  17.754  -93.569  25.539 0.0000000000
95  16.899  -93.712  25.502 0.0000000000
100  19.552  -93.436  25.100 0.0000000000
108  21.207  -93.320  23.818 0.0000000000
121  22.922  -92.499  33.722 0.0000000000
126  20.374  -92.832  33.682 0.0000000000
133  18.482  -93.189  32.584 0.0000000000
135  22.406  -92.644  31.588 0.0000000000
136  21.632  -92.833  31.530 0.0000000000
141  12.300  -93.034  32.394 0.0000000000
145  20.648  -92.550  29.957 0.0000000000
154  20.425  -92.399  28.470 0.0000000000
156  20.476  -92.997  27.445 0.0000000000
163  21.858  -93.106  24.129 0.0000000000
167  22.362  -92.600  23.063 0.0000000000
177  22.090  -92.632  22.196 0.0000000000
178  20.859  -92.642  21.863 0.0000000000
203  25.242  -91.442  33.456 0.0000000000
205  23.819  -91.735  34.248 0.0000000000
207  21.864  -91.932  33.832 0.0000000000
210  24.826  -91.767  32.975 0.0000000000
211  23.800  -92.163  33.588 0.0000000000
212  21.247  -91.649  33.325 0.0000000000
221  22.873  -92.195  30.726 0.0000000000
225  13.730  -92.155  31.824 0.0000000000
231  23.979  -91.657  29.627 0.0000000000
236  17.435  -92.066  29.201 0.0000000000
243  22.576  -91.374  29.578 0.0000000000
245  18.013  -91.163  28.868 0.0000000000
270  22.166  -92.443  23.480 0.0000000000
277  22.701  -92.170  22.893 0.0000000000
280  23.292  -92.007  21.801 0.0000000000
356  22.324  -90.245  33.007 0.0000000000
358  21.042  -91.024  32.572 0.0000000000
363  24.898  -91.001  30.275 0.0000000000
364  24.598  -91.231  29.978 0.0000000000
381  21.343  -90.709  28.439 0.0000000000
382  20.727  -90.945  28.025 0.0000000000
390  24.603  -90.572  27.328 0.0000000000
393  21.057  -90.443  27.650 0.0000000000
394  20.536  -91.074  27.284 0.0000000000
397  25.389  -89.965  26.612 0.0000000000
398  24.898  -90.180  26.599 0.0000000000
405  20.478  -90.786  26.024 0.0000000000
419  24.146  -90.824  21.107 0.0000000000
551  29.022  -89.158  35.997 0.0000000000
559  28.802  -89.195  35.473 0.0000000000
562  26.145  -89.802  35.190 0.0000000000
566  28.321  -89.478  34.868 0.0000000000
567  27.503  -89.979  34.991 0.0000000000
569  24.348  -90.487  34.654 0.0000000000
572  23.766  -89.620  34.106 0.0000000000
575  26.025  -90.407  32.260 0.0000000000
579  26.259  -89.726  32.319 0.0000000000
595  19.656  -89.361  29.301 0.0000000000
602  26.198  -89.656  27.470 0.0000000000
603  19.259  -89.275  28.816 0.0000000000
606  16.568  -89.295  28.718 0.0000000000
621  23.179  -89.550  26.169 0.0000000000
630  24.385  -89.241  25.918 0.0000000000
644  20.551  -89.354  23.124 0.0000000000
648  21.504  -90.310  22.175 0.0000000000
655  24.218  -90.405  21.340 0.0000000000
656  23.361  -90.335  21.667 0.0000000000
664  24.727  -90.338  20.901 0.0000000000
669  25.174  -89.972  19.585 0.0000000000
674  24.497  -89.608  18.480 0.0000000000
683  23.856  -89.336  17.965 0.0000000000
731  22.235  -89.970  8.896 0.0000000000
817  29.246  -88.377  37.017 0.0000000000
831  28.982  -88.958  36.450 0.0000000000
858  24.210  -88.864  34.171 0.0000000000
866  22.702  -87.891  31.329 0.0000000000
877  20.424  -88.315  29.267 0.0000000000
879  14.982  -88.251  29.213 0.0000000000
887  18.987  -88.748  28.511 0.0000000000
900  25.003  -89.135  26.155 0.0000000000
924  21.175  -88.212  23.896 0.0000000000
925  20.712  -88.452  23.177 0.0000000000
936  24.706  -88.418  21.000 0.0000000000
1000  23.406  -88.686  9.043 0.0000000000
1080  29.223  -87.580  38.265 0.0000000000
1094  23.420  -86.947  38.101 0.0000000000
1105  29.479  -87.986  36.703 0.0000000000
1108  26.051  -87.016  36.370 0.0000000000
1117  29.326  -88.222  35.863 0.0000000000
1130  28.879  -88.511  35.144 0.0000000000
1146  23.908  -87.622  33.212 0.0000000000
1157  25.510  -87.667  30.687 0.0000000000
1158  23.201  -87.233  31.567 0.0000000000
1164  25.677  -87.743  29.914 0.0000000000
1165  22.235  -87.062  30.070 0.0000000000
1166  21.749  -87.834  30.202 0.0000000000
1175  12.255  -87.490  29.954 0.0000000000
1182  19.362  -87.991  28.474 0.0000000000
1183  18.434  -88.068  28.389 0.0000000000
1190  26.016  -88.076  27.085 0.0000000000
1195  24.015  -87.905  25.737 0.0000000000
1199  10.887  -86.949  26.600 0.0000000000
1203  23.245  -87.878  25.306 0.0000000000
1229  21.007  -87.337  21.959 0.0000000000
1242  20.925  -88.268  21.870 0.0000000000
1257  25.315  -87.720  19.382 0.0000000000
1263  25.084  -88.074  18.877 0.0000000000
1281  21.392  -87.410  15.988 0.0000000000
1292  22.061  -87.249  12.264 0.0000000000
1305  23.921  -88.045  9.738 0.0000000000
1401  25.123  -86.934  38.011 0.0000000000
1439  24.800  -85.830  35.753 0.0000000000
1490  21.839  -86.528  29.384 0.0000000000
1492  15.032  -86.068  29.573 0.0000000000
1493  14.294  -86.151  29.547 0.0000000000
1504  18.468  -86.580  28.382 0.0000000000
1507  13.146  -86.243  29.309 0.0000000000
1515  6.265  -86.433  26.958 0.0000000000
1516  5.728  -86.282  26.847 0.0000000000
1518  23.826  -86.904  26.077 0.0000000000
1520  11.806  -86.529  26.609 0.0000000000
1531  6.462  -86.676  25.553 0.0000000000
1532  5.850  -86.639  25.821 0.0000000000
1533  5.627  -86.340  26.192 0.0000000000
1540  12.271  -86.045  24.415 0.0000000000
1552  11.782  -85.950  22.705 0.0000000000
1555  5.910  -87.126  23.229 0.0000000000
1556  5.562  -86.652  23.225 0.0000000000
1565  10.952  -86.674  22.211 0.0000000000
1566  6.415  -87.512  22.068 0.0000000000
1568  5.701  -86.969  22.629 0.0000000000
1574  23.579  -86.133  21.530 0.0000000000
1579  10.536  -86.907  21.506 0.0000000000
1587  25.311  -86.237  19.978 0.0000000000
1602  21.926  -85.991  17.993 0.0000000000
1614  20.903  -86.450  14.928 0.0000000000
1619  20.868  -86.622  14.329 0.0000000000
1625  20.680  -87.150  13.844 0.0000000000
1639  19.510  -86.334  10.151 0.0000000000
1652  24.778  -87.103  8.053 0.0000000000
1658  24.601  -86.701  6.563 0.0000000000
1661  24.598  -85.876  5.543 0.0000000000
1663  23.269  -86.678  5.721 0.0000000000
1791  24.117  -85.704  36.964 0.0000000000
1792  23.224  -85.641  37.136 0.0000000000
1801  24.854  -85.926  36.570 0.0000000000
1824  5.694  -85.077  34.811 0.0000000000
1827  23.795  -84.667  34.433 0.0000000000
1836  5.636  -85.964  34.413 0.0000000000
1842  24.062  -84.922  33.676 0.0000000000
1854  5.505  -85.991  33.670 0.0000000000
1864  6.696  -85.839  32.129 0.0000000000
1865  6.000  -86.289  32.522 0.0000000000
1866  5.756  -85.668  31.748 0.0000000000
1878  5.701  -85.545  30.785 0.0000000000
1885  22.816  -85.481  29.909 0.0000000000
1886  6.749  -85.737  29.966 0.0000000000
1887  6.038  -85.922  29.998 0.0000000000
1891  22.188  -85.602  29.311 0.0000000000
1894  16.122  -85.056  29.628 0.0000000000
1896  14.707  -85.515  29.508 0.0000000000
1910  16.929  -85.706  28.899 0.0000000000
1913  13.039  -85.983  28.641 0.0000000000
1914  7.954  -85.125  28.802 0.0000000000
1917  5.618  -85.750  28.102 0.0000000000
1924  12.882  -86.010  27.739 0.0000000000
1925  8.119  -85.343  27.403 0.0000000000
1926  6.805  -85.994  27.783 0.0000000000
1934  14.296  -84.752  26.506 0.0000000000
1944  22.559  -86.080  25.309 0.0000000000
1950  7.464  -86.260  25.274 0.0000000000
1964  7.646  -86.274  24.451 0.0000000000
1965  5.378  -86.183  24.807 0.0000000000
1984  22.411  -85.174  22.360 0.0000000000
1989  11.687  -85.404  22.227 0.0000000000
2001  24.889  -85.878  20.524 0.0000000000
2008  10.692  -85.588  21.306 0.0000000000
2010  7.850  -86.976  20.734 0.0000000000
2030  24.914  -84.793  19.695 0.0000000000
2050  21.506  -85.547  17.265 0.0000000000
2081  21.554  -85.567  14.029 0.0000000000
2088  28.987  -86.327  11.794 0.0000000000
2095  29.699  -86.122  11.680 0.0000000000
2105  26.239  -85.207  9.965 0.0000000000
2111  30.462  -85.354  9.650 0.0000000000
2123  28.521  -85.449  7.602 0.0000000000
2134  22.466  -85.905  6.778 0.0000000000
2137  27.793  -85.071  5.071 0.0000000000
2140  23.862  -85.891  5.592 0.0000000000
2141  23.365  -86.111  5.666 0.0000000000
2142  22.977  -86.219  5.802 0.0000000000
2278  23.208  -84.834  35.899 0.0000000000
2289  22.794  -84.522  35.390 0.0000000000
2329  23.415  -84.008  32.304 0.0000000000
2336  9.320  -84.597  32.191 0.0000000000
2338  5.297  -84.644  31.939 0.0000000000
2348  9.093  -84.343  31.457 0.0000000000
2349  8.272  -84.721  31.199 0.0000000000
2356  23.457  -84.731  30.915 0.0000000000
2370  21.920  -83.930  29.045 0.0000000000
2376  7.602  -85.252  29.980 0.0000000000
2393  5.303  -84.955  28.501 0.0000000000
2402  14.645  -84.537  27.514 0.0000000000
2403  9.973  -84.121  27.115 0.0000000000
2404  9.203  -84.592  27.442 0.0000000000
2427  22.458  -85.085  25.305 0.0000000000
2434  8.976  -85.081  25.231 0.0000000000
2436  5.487  -85.439  25.070 0.0000000000
2441  22.057  -84.541  23.886 0.0000000000
2446  13.979  -83.292  24.694 0.0000000000
2447  13.501  -83.686  24.244 0.0000000000
2448  10.450  -84.036  24.801 0.0000000000
2455  22.338  -84.029  23.391 0.0000000000
2456  22.139  -84.602  23.203 0.0000000000
2460  13.091  -83.966  23.672 0.0000000000
2462  10.503  -84.183  23.282 0.0000000000
2475  11.343  -84.384  22.368 0.0000000000
2487  23.975  -84.841  21.408 0.0000000000
2525  24.107  -84.495  18.976 0.0000000000
2544  25.673  -84.929  16.107 0.0000000000
2546  21.850  -83.997  16.618 0.0000000000
2547  21.470  -84.656  16.636 0.0000000000
2572  23.539  -84.159  14.668 0.0000000000
2582  27.666  -85.992  13.644 0.0000000000
2585  25.857  -85.304  14.015 0.0000000000
2588  22.639  -84.612  13.908 0.0000000000
2602  27.091  -84.480  12.290 0.0000000000
2603  25.630  -84.190  13.122 0.0000000000
2605  23.913  -84.234  13.247 0.0000000000
2606  20.371  -84.221  12.325 0.0000000000
2618  20.967  -84.269  11.655 0.0000000000
2626  29.521  -85.531  10.284 0.0000000000
2630  26.342  -84.586  10.836 0.0000000000
2632  20.572  -84.866  11.151 0.0000000000
2642  22.941  -84.144  9.001 0.0000000000
2650  23.228  -84.535  7.773 0.0000000000
2657  30.726  -83.921  6.827 0.0000000000
2663  22.787  -85.072  7.146 0.0000000000
2667  28.304  -84.561  5.095 0.0000000000
2838  9.451  -83.713  36.799 0.0000000000
2839  7.028  -82.627  36.125 0.0000000000
2852  5.603  -83.255  35.067 0.0000000000
2863  5.415  -83.348  34.437 0.0000000000
2872  22.548  -83.680  32.743 0.0000000000
2873  21.801  -83.583  32.244 0.0000000000
2885  22.501  -83.578  31.949 0.0000000000
2888  11.845  -83.088  31.845 0.0000000000
2894  23.054  -83.706  31.564 0.0000000000
2904  23.275  -84.064  30.818 0.0000000000
2909  10.476  -83.470  30.334 0.0000000000
2911  5.340  -83.774  30.782 0.0000000000
2922  18.843  -82.697  29.193 0.0000000000
2924  16.615  -83.267  29.852 0.0000000000
2929  5.742  -83.258  28.929 0.0000000000
2939  21.218  -83.398  28.909 0.0000000000
2940  20.612  -83.568  28.621 0.0000000000
2941  19.932  -83.306  28.598 0.0000000000
2942  19.208  -83.130  28.753 0.0000000000
2944  10.986  -83.347  28.296 0.0000000000
2945  10.118  -83.804  28.388 0.0000000000
2946  9.392  -84.324  28.297 0.0000000000
2947  7.114  -83.131  27.600 0.0000000000
2949  5.307  -83.955  28.740 0.0000000000
2962  5.934  -83.833  27.411 0.0000000000
2970  14.838  -83.449  25.754 0.0000000000
2971  11.275  -83.411  26.575 0.0000000000
2973  7.205  -83.076  26.395 0.0000000000
2981  22.543  -84.152  25.392 0.0000000000
2995  22.504  -83.107  24.648 0.0000000000
3000  12.705  -83.197  24.071 0.0000000000
3007  22.486  -83.225  23.671 0.0000000000
3025  11.950  -83.910  22.877 0.0000000000
3039  23.078  -83.807  22.274 0.0000000000
3076  24.370  -83.087  18.993 0.0000000000
3077  23.375  -83.060  18.173 0.0000000000
3092  22.173  -83.765  17.424 0.0000000000
3103  24.322  -83.357  16.379 0.0000000000
3138  20.092  -83.265  13.237 0.0000000000
3150  21.865  -83.272  12.317 0.0000000000
3153  19.724  -83.806  12.656 0.0000000000
3166  19.201  -84.015  12.068 0.0000000000
3184  24.947  -83.298  9.186 0.0000000000
3198  23.708  -84.013  8.524 0.0000000000
3202  30.958  -83.876  7.163 0.0000000000
3204  28.955  -83.743  6.138 0.0000000000
3212  28.745  -84.068  5.463 0.0000000000
3214  27.311  -84.286  5.432 0.0000000000
3320  12.417  -82.047  38.537 0.0000000000
3335  8.749  -82.475  36.712 0.0000000000
3337  6.661  -81.927  36.178 0.0000000000
3360  5.666  -82.589  34.925 0.0000000000
3387  13.658  -81.681  31.439 0.0000000000
3391  5.902  -82.483  31.089 0.0000000000
3392  5.428  -82.905  31.127 0.0000000000
3395  21.174  -82.740  29.937 0.0000000000
3398  18.343  -81.749  30.342 0.0000000000
3399  17.901  -81.429  30.480 0.0000000000
3408  20.503  -82.524  29.518 0.0000000000
3409  19.025  -82.044  29.760 0.0000000000
3411  17.011  -82.247  29.644 0.0000000000
3413  12.510  -82.311  29.459 0.0000000000
3414  11.860  -82.711  29.613 0.0000000000
3427  7.547  -82.348  27.978 0.0000000000
3439  15.803  -82.471  27.084 0.0000000000
3440  13.509  -81.875  27.560 0.0000000000
3453  15.328  -82.475  26.431 0.0000000000
3456  13.237  -82.325  26.127 0.0000000000
3457  12.107  -82.929  26.109 0.0000000000
3468  14.377  -82.543  25.542 0.0000000000
3469  13.674  -82.479  25.338 0.0000000000
3480  13.201  -82.794  24.709 0.0000000000
3517  23.846  -82.431  21.414 0.0000000000
3529  24.939  -82.761  19.999 0.0000000000
3539  24.827  -82.280  19.592 0.0000000000
3605  22.146  -82.534  13.586 0.0000000000
3608  19.807  -82.484  13.320 0.0000000000
3634  6.589  -82.052  12.590 0.0000000000
3663  25.649  -82.728  9.691 0.0000000000
3798  11.318  -81.951  37.261 0.0000000000
3799  10.300  -82.271  37.097 0.0000000000
3806  11.480  -81.204  36.876 0.0000000000
3808  9.335  -81.515  36.776 0.0000000000
3809  7.664  -81.278  36.487 0.0000000000
3823  6.441  -81.776  35.310 0.0000000000
3835  6.687  -82.084  33.558 0.0000000000
3850  7.250  -82.063  32.570 0.0000000000
3851  5.959  -82.426  32.395 0.0000000000
3864  8.650  -81.148  31.304 0.0000000000
3873  14.399  -81.131  30.071 0.0000000000
3880  17.359  -81.000  29.948 0.0000000000
3885  8.189  -81.208  29.220 0.0000000000
3891  15.004  -81.258  28.112 0.0000000000
3912  14.853  -81.811  26.574 0.0000000000
3913  7.165  -82.086  26.699 0.0000000000
3920  23.616  -80.993  25.521 0.0000000000
3932  23.329  -80.755  24.800 0.0000000000
3950  22.785  -81.516  23.591 0.0000000000
3972  22.971  -81.652  22.893 0.0000000000
4002  24.670  -81.558  20.380 0.0000000000
4009  25.164  -80.804  18.715 0.0000000000
4023  25.118  -80.994  17.930 0.0000000000
4036  24.969  -81.551  17.414 0.0000000000
4053  23.070  -80.841  15.455 0.0000000000
4055  21.426  -80.813  15.479 0.0000000000
4063  23.884  -81.010  14.786 0.0000000000
4067  20.131  -81.006  14.205 0.0000000000
4068  12.421  -80.889  13.722 0.0000000000
4078  19.758  -81.497  13.454 0.0000000000
4080  10.841  -81.702  13.172 0.0000000000
4084  5.813  -81.624  13.319 0.0000000000
4097  5.851  -80.897  11.826 0.0000000000
4103  24.951  -81.876  12.114 0.0000000000
4105  18.959  -80.804  11.493 0.0000000000
4118  27.002  -81.705  10.786 0.0000000000
4295  13.177  -80.924  38.007 0.0000000000
4307  12.220  -79.870  36.177 0.0000000000
4311  8.505  -80.945  36.444 0.0000000000
4322  8.250  -80.497  35.941 0.0000000000
4347  15.341  -80.662  32.475 0.0000000000
4359  16.573  -80.269  31.672 0.0000000000
4361  15.038  -80.720  31.009 0.0000000000
4362  8.694  -80.355  31.514 0.0000000000
4368  16.668  -80.528  30.114 0.0000000000
4371  8.641  -80.583  30.670 0.0000000000
4377  16.853  -80.848  29.547 0.0000000000
4379  15.296  -80.740  29.618 0.0000000000
4385  16.425  -81.098  28.850 0.0000000000
4388  7.595  -80.685  28.554 0.0000000000
4442  26.619  -79.743  22.664 0.0000000000
4464  23.632  -80.401  22.640 0.0000000000
4493  25.180  -79.993  19.798 0.0000000000
4521  27.017  -80.734  17.722 0.0000000000
4541  23.431  -80.047  15.789 0.0000000000
4543  21.780  -80.189  15.955 0.0000000000
4555  14.506  -80.315  14.727 0.0000000000
4557  12.289  -80.855  14.159 0.0000000000
4558  11.740  -80.903  14.291 0.0000000000
4563  26.527  -79.843  13.590 0.0000000000
4565  25.096  -80.539  14.356 0.0000000000
4597  6.194  -79.525  11.295 0.0000000000
4860  14.021  -79.135  37.080 0.0000000000
4861  13.220  -79.707  36.656 0.0000000000
4870  11.858  -79.336  35.598 0.0000000000
4871  10.294  -79.510  35.414 0.0000000000
4873  8.760  -79.942  35.387 0.0000000000
4890  7.740  -78.845  33.488 0.0000000000
4943  5.882  -79.236  29.482 0.0000000000
4954  7.011  -79.869  28.873 0.0000000000
4956  4.980  -79.094  28.502 0.0000000000
5018  25.414  -79.176  22.594 0.0000000000
5029  26.150  -78.830  21.455 0.0000000000
5039  26.089  -78.739  20.749 0.0000000000
5040  25.560  -78.933  20.881 0.0000000000
5092  23.620  -79.437  15.653 0.0000000000
5094  22.190  -79.345  16.169 0.0000000000
5103  24.778  -79.331  15.012 0.0000000000
5107  16.712  -79.534  14.816 0.0000000000
5108  15.999  -79.918  14.774 0.0000000000
5111  12.359  -80.483  14.572 0.0000000000
5119  27.144  -78.755  13.215 0.0000000000
5122  19.297  -79.329  13.779 0.0000000000
5153  6.211  -78.576  11.245 0.0000000000
5490  14.240  -78.455  37.523 0.0000000000
5496  13.306  -78.156  35.380 0.0000000000
5498  11.061  -79.186  35.216 0.0000000000
5503  11.498  -78.563  34.788 0.0000000000
5505  9.234  -78.847  34.568 0.0000000000
5510  9.928  -77.990  33.887 0.0000000000
5513  7.429  -78.147  33.571 0.0000000000
5522  5.953  -77.853  32.769 0.0000000000
5535  5.161  -78.076  31.924 0.0000000000
5682  7.767  -79.226  16.694 0.0000000000
5684  23.349  -78.858  15.569 0.0000000000
5690  17.376  -78.377  15.411 0.0000000000
5697  23.689  -78.509  14.846 0.0000000000
5702  15.167  -78.844  15.263 0.0000000000
5704  13.392  -79.102  15.043 0.0000000000
5716  17.389  -78.686  12.694 0.0000000000
5728  18.237  -78.552  12.252 0.0000000000
5746  6.151  -77.581  11.219 0.0000000000
5747  5.947  -78.261  11.327 0.0000000000
6102  14.188  -77.574  37.692 0.0000000000
6104  14.461  -76.998  36.042 0.0000000000
6107  14.006  -77.595  35.562 0.0000000000
6113  10.723  -78.255  34.252 0.0000000000
6119  10.096  -77.447  33.182 0.0000000000
6126  9.346  -77.222  32.810 0.0000000000
6127  7.533  -77.752  33.367 0.0000000000
6155  4.906  -77.427  30.267 0.0000000000
6264  7.836  -77.314  19.605 0.0000000000
6300  9.217  -76.968  16.852 0.0000000000
6301  8.842  -77.679  16.629 0.0000000000
6306  21.928  -77.684  15.975 0.0000000000
6307  21.374  -77.054  15.834 0.0000000000
6312  15.918  -78.358  15.293 0.0000000000
6314  7.780  -77.542  15.159 0.0000000000
6347  22.597  -77.747  12.540 0.0000000000
6351  5.310  -76.827  11.980 0.0000000000
6356  6.190  -77.351  11.202 0.0000000000
6691  14.174  -76.648  37.363 0.0000000000
6699  14.402  -76.260  36.593 0.0000000000
6706  13.049  -76.796  33.968 0.0000000000
6714  11.306  -75.866  32.611 0.0000000000
6728  9.773  -75.917  31.849 0.0000000000
6732  5.482  -76.707  32.062 0.0000000000
6845  7.683  -75.848  20.756 0.0000000000
6859  9.701  -76.263  20.374 0.0000000000
6860  8.900  -76.242  20.766 0.0000000000
6875  9.741  -76.573  19.750 0.0000000000
6884  10.303  -75.968  19.267 0.0000000000
6891  9.507  -76.197  17.138 0.0000000000
6908  20.760  -76.645  15.568 0.0000000000
6909  20.000  -76.729  15.582 0.0000000000
6910  18.655  -76.878  15.309 0.0000000000
6912  8.628  -76.368  15.767 0.0000000000
6925  19.448  -76.316  14.985 0.0000000000
6927  17.237  -77.115  15.112 0.0000000000
6947  10.393  -76.395  14.143 0.0000000000
6960  14.273  -76.405  12.809 0.0000000000
6962  12.225  -76.459  12.485 0.0000000000
6965  6.392  -76.725  11.240 0.0000000000
6966  5.452  -75.869  11.797 0.0000000000
6975  5.837  -75.848  11.359 0.0000000000
7280  14.475  -75.498  36.053 0.0000000000
7287  13.753  -75.541  34.304 0.0000000000
7288  11.668  -74.742  33.153 0.0000000000
7303  9.149  -75.445  31.736 0.0000000000
7421  10.852  -75.223  21.120 0.0000000000
7422  10.015  -75.433  21.192 0.0000000000
7424  8.146  -75.521  21.169 0.0000000000
7437  11.245  -75.189  20.524 0.0000000000
7467  4.545  -75.567  17.192 0.0000000000
7477  9.785  -75.368  17.488 0.0000000000
7478  4.982  -75.393  16.594 0.0000000000
7506  8.791  -75.462  15.909 0.0000000000
7529  20.032  -75.589  13.333 0.0000000000
7530  19.146  -75.782  13.975 0.0000000000
7534  10.413  -75.516  13.635 0.0000000000
7538  5.244  -75.064  12.207 0.0000000000
7549  18.734  -75.244  12.366 0.0000000000
7555  10.700  -75.098  12.829 0.0000000000
7569  19.555  -75.165  11.229 0.0000000000
7574  14.756  -75.458  11.562 0.0000000000
7575  13.168  -75.948  11.558 0.0000000000
7594  13.844  -75.176  10.094 0.0000000000
7595  12.109  -75.448  10.033 0.0000000000
7605  14.738  -74.952  9.822 0.0000000000
7617  15.998  -75.219  7.777 0.0000000000
7618  15.446  -75.193  8.169 0.0000000000
7619  13.727  -74.947  8.468 0.0000000000
7626  18.221  -75.404  7.406 0.0000000000
7627  17.475  -75.243  7.618 0.0000000000
7629  14.680  -75.017  8.111 0.0000000000
7940  13.845  -74.003  36.513 0.0000000000
7943  14.409  -74.946  35.561 0.0000000000
7946  13.708  -74.897  34.354 0.0000000000
7947  13.121  -74.470  34.037 0.0000000000
7955  8.724  -73.960  31.824 0.0000000000
7964  8.933  -74.715  31.764 0.0000000000
8078  11.960  -74.337  21.275 0.0000000000
8079  11.488  -74.875  21.035 0.0000000000
8082  8.436  -74.828  21.365 0.0000000000
8083  7.731  -74.363  21.190 0.0000000000
8084  7.399  -73.990  20.888 0.0000000000
8098  11.554  -74.947  19.904 0.0000000000
8115  5.727  -74.970  16.766 0.0000000000
8117  4.564  -74.714  17.533 0.0000000000
8130  10.521  -74.002  17.859 0.0000000000
8133  4.784  -74.270  16.922 0.0000000000
8144  9.642  -74.467  17.071 0.0000000000
8174  5.282  -74.259  12.756 0.0000000000
8200  18.910  -74.893  10.759 0.0000000000
8217  18.161  -74.673  10.388 0.0000000000
8218  17.158  -74.577  10.037 0.0000000000
8239  10.747  -74.711  8.696 0.0000000000
8251  16.130  -75.278  8.165 0.0000000000
8253  12.286  -74.558  8.290 0.0000000000
8254  11.271  -74.382  8.336 0.0000000000
8266  18.479  -74.863  7.232 0.0000000000
8271  14.019  -74.619  8.225 0.0000000000
8597  13.063  -73.525  37.126 0.0000000000
8617  13.522  -73.041  36.467 0.0000000000
8630  13.832  -73.829  35.185 0.0000000000
8639  10.456  -73.483  33.153 0.0000000000
8745  12.430  -73.467  21.496 0.0000000000
8757  12.709  -73.941  20.862 0.0000000000
8765  13.705  -72.895  20.149 0.0000000000
8766  13.125  -73.509  20.123 0.0000000000
8797  10.105  -73.763  17.307 0.0000000000
8799  5.072  -73.758  16.799 0.0000000000
8812  13.428  -73.419  16.389 0.0000000000
8835  15.236  -73.604  15.887 0.0000000000
8836  14.469  -73.459  15.403 0.0000000000
8857  12.397  -73.225  14.402 0.0000000000
8859  5.938  -72.983  13.767 0.0000000000
8873  5.526  -73.866  12.508 0.0000000000
8887  5.813  -73.543  12.444 0.0000000000
8906  9.209  -73.178  9.533 0.0000000000
8911  9.168  -72.700  9.002 0.0000000000
8933  18.084  -74.447  7.508 0.0000000000
8935  16.204  -74.595  7.669 0.0000000000
9294  11.707  -72.714  37.476 0.0000000000
9315  12.487  -72.052  37.009 0.0000000000
9334  13.260  -72.292  35.523 0.0000000000
9355  8.884  -72.623  32.135 0.0000000000
9452  14.230  -72.058  21.403 0.0000000000
9453  13.605  -72.738  21.289 0.0000000000
9455  10.684  -72.938  21.584 0.0000000000
9457  8.094  -72.217  21.543 0.0000000000
9458  7.741  -71.923  21.403 0.0000000000
9464  16.718  -71.938  20.458 0.0000000000
9466  15.122  -71.844  20.970 0.0000000000
9468  7.275  -72.158  20.742 0.0000000000
9483  4.642  -72.137  18.950 0.0000000000
9506  12.672  -73.066  17.632 0.0000000000
9507  11.932  -73.165  17.352 0.0000000000
9510  5.029  -72.711  16.895 0.0000000000
9518  13.033  -73.239  17.035 0.0000000000
9519  11.702  -73.065  15.711 0.0000000000
9521  10.221  -72.591  16.289 0.0000000000
9523  9.126  -72.748  16.171 0.0000000000
9539  8.037  -72.265  15.233 0.0000000000
9560  7.419  -71.596  14.540 0.0000000000
9579  6.376  -71.506  13.177 0.0000000000
9590  11.787  -71.913  12.169 0.0000000000
9592  8.044  -71.253  12.003 0.0000000000
9626  17.830  -71.849  9.424 0.0000000000
9629  9.074  -71.602  9.198 0.0000000000
9643  13.769  -72.430  8.477 0.0000000000
9647  10.383  -72.669  8.467 0.0000000000
10013  12.345  -70.693  35.986 0.0000000000
10045  12.571  -70.806  34.838 0.0000000000
10065  11.447  -70.673  33.070 0.0000000000
10171  11.763  -71.953  21.587 0.0000000000
10182  16.102  -71.348  20.873 0.0000000000
10205  6.231  -71.553  17.462 0.0000000000
10207  4.896  -71.560  17.182 0.0000000000
10216  5.747  -71.030  16.943 0.0000000000
10217  5.167  -71.766  16.970 0.0000000000
10242  9.393  -71.005  14.037 0.0000000000
10245  6.890  -71.065  13.705 0.0000000000
10260  7.508  -70.684  13.450 0.0000000000
10288  14.491  -71.215  10.831 0.0000000000
10290  12.577  -71.187  10.575 0.0000000000
10293  8.475  -70.703  11.729 0.0000000000
10317  16.614  -70.319  9.351 0.0000000000
10318  12.712  -71.109  9.231 0.0000000000
10333  13.262  -71.458  8.880 0.0000000000
10334  12.387  -71.652  8.823 0.0000000000
10785  11.987  -70.119  35.648 0.0000000000
10838  8.192  -70.615  31.351 0.0000000000
10839  7.088  -70.969  31.220 0.0000000000
10840  5.866  -71.001  31.066 0.0000000000
10938  14.157  -70.714  21.547 0.0000000000
10957  15.825  -70.593  21.187 0.0000000000
10958  13.231  -70.481  21.360 0.0000000000
10960  11.419  -70.502  20.722 0.0000000000
10963  8.686  -70.169  21.164 0.0000000000
10986  17.248  -69.860  18.051 0.0000000000
11087  12.690  -70.857  9.647 0.0000000000
11100  17.964  -69.761  9.409 0.0000000000
11102  16.395  -69.544  9.649 0.0000000000
11105  13.261  -70.805  9.459 0.0000000000
11117  15.182  -70.312  9.470 0.0000000000
11557  11.500  -69.571  35.197 0.0000000000
11559  8.521  -69.887  35.216 0.0000000000
11573  12.204  -69.662  34.262 0.0000000000
11574  11.746  -69.128  34.411 0.0000000000
11612  11.104  -68.563  31.800 0.0000000000
11613  10.639  -69.215  31.534 0.0000000000
11631  9.587  -68.959  30.799 0.0000000000
11634  6.200  -69.505  30.955 0.0000000000
11718  14.681  -69.982  21.230 0.0000000000
11733  16.552  -69.966  20.320 0.0000000000
11734  16.045  -69.983  20.882 0.0000000000
11735  15.250  -69.667  20.694 0.0000000000
11737  12.862  -69.812  20.673 0.0000000000
11742  7.748  -69.730  21.191 0.0000000000
11753  11.515  -69.490  19.511 0.0000000000
11785  15.922  -69.368  17.208 0.0000000000
11786  5.998  -68.666  16.739 0.0000000000
11787  5.655  -69.438  16.782 0.0000000000
11802  14.948  -69.063  17.438 0.0000000000
11887  16.135  -69.296  10.011 0.0000000000
11903  19.033  -68.507  9.528 0.0000000000
11904  17.719  -68.898  9.673 0.0000000000
11906  16.551  -69.114  9.974 0.0000000000
12405  11.503  -68.543  33.657 0.0000000000
12442  11.232  -67.991  32.260 0.0000000000
12461  10.370  -67.846  30.874 0.0000000000
12464  6.939  -68.693  30.647 0.0000000000
12467  4.797  -68.833  30.233 0.0000000000
12589  14.200  -68.969  18.984 0.0000000000
12594  9.160  -68.836  18.899 0.0000000000
12614  11.499  -68.981  18.337 0.0000000000
12616  8.778  -67.903  18.776 0.0000000000
12617  6.234  -67.764  17.450 0.0000000000
12635  5.944  -67.867  16.902 0.0000000000
12644  11.304  -68.710  16.468 0.0000000000
12656  16.673  -68.520  15.180 0.0000000000
12657  15.218  -68.906  15.774 0.0000000000
12659  13.607  -68.825  15.209 0.0000000000
12662  8.694  -67.973  14.794 0.0000000000
12676  14.633  -68.507  14.334 0.0000000000
12677  13.370  -68.774  14.551 0.0000000000
12679  10.634  -68.437  13.709 0.0000000000
12680  9.721  -67.961  13.046 0.0000000000
12681  9.057  -68.104  13.868 0.0000000000
12692  13.185  -68.295  13.440 0.0000000000
12694  11.281  -68.328  13.248 0.0000000000
12727  17.208  -68.787  9.980 0.0000000000
12745  16.866  -68.920  9.965 0.0000000000
13277  11.246  -68.015  33.214 0.0000000000
13278  10.805  -67.639  33.098 0.0000000000
13332  10.539  -67.097  31.277 0.0000000000
13334  8.775  -67.430  30.335 0.0000000000
13337  5.010  -67.553  30.401 0.0000000000
13474  8.211  -67.035  20.059 0.0000000000
13509  5.822  -67.349  16.906 0.0000000000
13522  8.423  -67.725  15.572 0.0000000000
13534  8.034  -67.192  14.658 0.0000000000
13543  15.928  -67.508  13.924 0.0000000000
13559  14.507  -67.411  12.959 0.0000000000
13560  13.536  -67.625  12.786 0.0000000000
13564  9.649  -67.217  12.970 0.0000000000
14131  6.441  -66.732  33.083 0.0000000000
14151  9.819  -65.960  32.347 0.0000000000
14162  10.432  -66.447  31.593 0.0000000000
14171  9.537  -66.434  30.557 0.0000000000
14175  4.821  -66.869  30.246 0.0000000000
14176  4.562  -66.494  29.912 0.0000000000
14199  5.333  -66.407  28.129 0.0000000000
14303  7.981  -66.399  19.638 0.0000000000
14343  6.206  -66.253  18.074 0.0000000000
14344  5.894  -66.237  18.008 0.0000000000
14357  5.502  -67.134  17.530 0.0000000000
14380  11.892  -66.225  14.597 0.0000000000
14382  10.072  -66.193  13.939 0.0000000000
14401  8.922  -66.754  13.477 0.0000000000
14415  15.322  -66.313  13.092 0.0000000000
14417  12.106  -66.554  12.576 0.0000000000
14434  14.691  -65.860  12.532 0.0000000000
14435  13.619  -66.409  12.199 0.0000000000
14436  12.891  -66.531  12.284 0.0000000000
14983  7.471  -64.586  34.745 0.0000000000
14985  5.616  -64.958  34.152 0.0000000000
15014  10.331  -65.954  31.929 0.0000000000
15017  7.859  -65.015  32.470 0.0000000000
15026  9.865  -65.040  31.426 0.0000000000
15035  8.173  -64.896  30.377 0.0000000000
15057  3.792  -64.864  29.204 0.0000000000
15130  3.932  -65.599  24.375 0.0000000000
15141  12.752  -65.367  21.089 0.0000000000
15163  12.991  -65.490  20.511 0.0000000000
15181  12.849  -65.621  19.815 0.0000000000
15182  12.069  -65.523  19.513 0.0000000000
15192  12.023  -65.680  18.487 0.0000000000
15206  12.654  -66.066  17.329 0.0000000000
15207  11.607  -65.627  17.474 0.0000000000
15216  8.429  -64.472  15.515 0.0000000000
15228  8.890  -65.112  14.699 0.0000000000
15249  13.649  -65.474  12.669 0.0000000000
15250  12.949  -65.873  12.581 0.0000000000
15257  14.059  -65.790  12.296 0.0000000000
15741  5.538  -64.764  33.891 0.0000000000
15776  6.228  -64.078  32.891 0.0000000000
15798  8.815  -64.263  30.598 0.0000000000
15800  6.195  -64.499  30.425 0.0000000000
15802  3.969  -64.088  30.067 0.0000000000
15819  3.564  -64.075  29.035 0.0000000000
15889  8.553  -64.007  22.707 0.0000000000
15895  12.462  -64.893  22.215 0.0000000000
15906  13.613  -64.835  21.505 0.0000000000
15907  12.944  -65.202  21.738 0.0000000000
15910  9.485  -64.602  21.891 0.0000000000
15911  8.513  -64.367  21.853 0.0000000000
15913  5.871  -63.536  21.587 0.0000000000
15936  5.378  -64.355  19.950 0.0000000000
15950  5.729  -64.098  19.238 0.0000000000
15971  5.975  -64.326  18.706 0.0000000000
15993  8.780  -63.580  15.620 0.0000000000
16002  13.190  -64.275  15.792 0.0000000000
16004  8.964  -63.931  15.261 0.0000000000
16026  14.283  -64.705  13.514 0.0000000000
16028  13.168  -65.214  13.172 0.0000000000
16551  6.431  -63.642  34.073 0.0000000000
16566  6.333  -63.542  33.698 0.0000000000
16584  8.553  -62.617  31.914 0.0000000000
16586  6.459  -63.443  33.132 0.0000000000
16624  8.402  -63.376  30.608 0.0000000000
16627  4.375  -63.201  30.170 0.0000000000
16640  3.658  -63.462  29.196 0.0000000000
16708  9.424  -64.051  22.764 0.0000000000
16713  12.371  -64.267  22.545 0.0000000000
16724  6.203  -63.252  20.808 0.0000000000
16725  5.695  -63.402  20.739 0.0000000000
16748  7.957  -62.935  19.581 0.0000000000
16769  6.778  -62.681  19.128 0.0000000000
16789  8.678  -62.263  17.434 0.0000000000
16790  7.913  -62.354  17.848 0.0000000000
16842  13.171  -63.150  14.419 0.0000000000
16856  13.229  -64.490  13.699 0.0000000000
17404  8.025  -62.018  34.356 0.0000000000
17405  7.442  -62.378  34.102 0.0000000000
17412  6.892  -62.864  33.515 0.0000000000
17433  7.384  -62.008  33.345 0.0000000000
17470  4.241  -62.734  29.907 0.0000000000
17486  4.518  -62.117  29.675 0.0000000000
17499  4.107  -62.851  28.801 0.0000000000
17561  8.388  -62.435  22.829 0.0000000000
17568  14.006  -62.671  21.238 0.0000000000
17572  10.915  -62.098  21.927 0.0000000000
17637  13.506  -62.041  16.758 0.0000000000
17648  13.148  -62.111  16.024 0.0000000000
17687  13.982  -62.421  14.231 0.0000000000
17700  13.660  -63.080  14.032 0.0000000000
18318  10.875  -61.032  34.792 0.0000000000
18360  7.679  -59.964  31.973 0.0000000000
18396  4.942  -61.443  29.384 0.0000000000
18397  4.380  -61.985  28.977 0.0000000000
18456  3.811  -61.578  25.964 0.0000000000
18526  11.846  -60.982  20.992 0.0000000000
18527  11.229  -60.862  20.811 0.0000000000
18547  15.122  -61.793  19.760 0.0000000000
19276  9.933  -59.833  34.818 0.0000000000
19277  9.274  -59.941  34.708 0.0000000000
19291  9.242  -59.533  34.199 0.0000000000
19327  5.825  -60.354  29.638 0.0000000000
19346  5.408  -60.803  29.115 0.0000000000
19459  14.771  -60.933  21.292 0.0000000000
19541  13.815  -60.903  16.071 0.0000000000
19560  13.875  -60.854  15.823 0.0000000000
20241  13.195  -59.082  34.943 0.0000000000
20247  28.855  -59.048  33.937 0.0000000000
20249  27.832  -60.013  34.142 0.0000000000
20268  10.344  -59.307  33.050 0.0000000000
20281  10.958  -59.226  31.164 0.0000000000
20294  11.553  -58.747  30.193 0.0000000000
20333  7.640  -59.021  28.554 0.0000000000
20386  4.650  -59.276  25.103 0.0000000000
20428  5.969  -58.688  21.724 0.0000000000
20465  16.447  -59.410  20.374 0.0000000000
20480  16.650  -58.972  18.680 0.0000000000
21135  15.557  -56.945  36.246 0.0000000000
21150  17.512  -57.163  35.861 0.0000000000
21152  14.906  -57.176  35.803 0.0000000000
21153  14.090  -57.634  35.325 0.0000000000
21169  13.310  -57.935  34.903 0.0000000000
21170  12.797  -58.516  34.820 0.0000000000
21178  17.121  -58.474  34.156 0.0000000000
21179  16.313  -58.107  33.911 0.0000000000
21181  13.756  -57.967  33.882 0.0000000000
21202  12.987  -58.230  29.096 0.0000000000
21213  12.493  -57.974  28.333 0.0000000000
21215  11.011  -58.107  28.333 0.0000000000
21225  10.567  -58.478  27.966 0.0000000000
21333  8.062  -57.955  19.463 0.0000000000
21352  9.276  -57.743  18.949 0.0000000000
21376  16.183  -58.924  16.956 0.0000000000
21387  15.753  -58.621  16.088 0.0000000000
22037  17.391  -57.276  36.423 0.0000000000
22039  16.672  -56.885  36.551 0.0000000000
22040  15.950  -56.766  36.333 0.0000000000
22051  16.973  -56.589  36.157 0.0000000000
22065  13.874  -57.495  35.067 0.0000000000
22077  14.912  -57.173  34.602 0.0000000000
22079  13.462  -57.803  34.655 0.0000000000
22080  13.040  -58.172  34.658 0.0000000000
22196  16.450  -58.056  20.030 0.0000000000
22200  9.079  -56.856  19.250 0.0000000000
22930  16.949  -56.755  36.456 0.0000000000
22940  28.909  -56.379  35.540 0.0000000000
22941  15.710  -56.566  36.014 0.0000000000
22942  15.136  -56.734  35.638 0.0000000000
22950  16.255  -56.453  35.860 0.0000000000
22951  15.629  -56.536  35.668 0.0000000000
22961  30.036  -56.516  34.053 0.0000000000
23088  15.803  -56.867  19.524 0.0000000000
23965  8.132  -54.042  22.256 0.0000000000
23992  13.449  -55.251  19.101 0.0000000000
24027  12.673  -55.000  17.580 0.0000000000
24785  28.135  -54.081  36.363 0.0000000000
24798  30.312  -53.768  35.075 0.0000000000
24908  8.770  -53.633  21.185 0.0000000000
24921  10.065  -53.195  20.789 0.0000000000
24947  12.611  -54.610  17.854 0.0000000000
25799  16.443  -53.185  22.772 0.0000000000
25828  15.291  -54.285  21.797 0.0000000000
26597  30.087  -52.483  35.758 0.0000000000
26748  12.500  -51.678  23.896 0.0000000000
26760  12.520  -51.681  23.546 0.0000000000
26796  16.119  -53.192  20.680 0.0000000000
26814  13.053  -53.229  18.481 0.0000000000
27572  29.703  -51.256  36.287 0.0000000000
27593  30.372  -51.712  35.506 0.0000000000
27632  31.020  -51.320  33.390 0.0000000000
27802  13.952  -51.184  24.182 0.0000000000
27813  14.530  -51.333  24.193 0.0000000000
28600  29.930  -50.561  36.199 0.0000000000
28890  13.413  -51.018  19.016 0.0000000000
29563  28.911  -49.535  38.730 0.0000000000
29649  30.526  -49.465  35.547 0.0000000000
29893  13.474  -50.393  19.183 0.0000000000
30796  18.247  -47.956  25.419 0.0000000000
30817  15.891  -47.720  22.841 0.0000000000
31687  17.918  -47.170  25.035 0.0000000000
31698  16.796  -47.169  23.840 0.0000000000
32418  28.438  -45.923  39.928 0.0000000000
32562  17.603  -46.381  24.661 0.0000000000
32577  13.673  -46.764  22.137 0.0000000000
33431  28.526  -45.175  36.122 0.0000000000
33534  19.734  -46.143  25.197 0.0000000000
33535  19.328  -45.763  25.091 0.0000000000
33536  18.824  -45.454  24.908 0.0000000000
33537  18.126  -46.039  24.936 0.0000000000
34365  25.168  -45.679  37.430 0.0000000000
34492  26.758  -44.955  27.154 0.0000000000
34528  21.540  -44.830  22.450 0.0000000000
34531  18.381  -44.827  23.590 0.0000000000
34532  17.720  -44.326  23.771 0.0000000000
34536  14.280  -44.669  22.596 0.0000000000
35327  25.479  -45.074  36.271 0.0000000000
35538  14.535  -43.199  20.602 0.0000000000
37414  13.742  -41.024  22.349 0.0000000000
37450  13.338  -41.013  20.981 0.0000000000
37465  13.739  -40.391  20.522 0.0000000000
38370  13.764  -39.659  21.965 0.0000000000
38371  13.378  -40.297  22.054 0.0000000000
38386  13.400  -39.224  21.641 0.0000000000
38404  13.755  -38.618  20.969 0.0000000000
39429  14.484  -38.182  20.202 0.0000000000
40555  15.918  -37.769  18.810 0.0000000000
116022  5.524  -63.452  22.493 0.0000000000
116034  7.111  -63.186  23.213 0.0000000000
116036  6.697  -62.611  23.287 0.0000000000
116719  11.699  -59.362  34.754 0.0000000000
116784  11.120  -70.690  9.578 0.0000000000
117001  5.211  -67.789  17.463 0.0000000000
117299  14.736  -60.761  17.340 0.0000000000
117395  14.036  -63.545  18.798 0.0000000000
117449  26.166  -85.895  8.859 0.0000000000
117686  12.942  -68.855  15.623 0.0000000000
117798  14.077  -64.271  21.052 0.0000000000
117855  10.408  -65.367  15.455 0.0000000000
117921  22.857  -84.037  15.212 0.0000000000
117942  14.277  -69.477  20.452 0.0000000000
117946  20.596  -85.826  28.511 0.0000000000
118077  10.135  -61.378  34.868 0.0000000000
118352  25.276  -90.154  28.106 0.0000000000
118504  26.590  -78.858  20.112 0.0000000000
118546  19.784  -85.729  28.354 0.0000000000
118628  22.573  -88.648  31.826 0.0000000000
118908  8.698  -61.488  34.632 0.0000000000
118926  22.425  -84.906  18.431 0.0000000000
118959  11.754  -68.862  33.262 0.0000000000
119120  19.326  -69.172  9.378 0.0000000000
119423  8.369  -81.348  32.494 0.0000000000
119428  6.321  -60.382  21.691 0.0000000000
119481  9.788  -72.176  21.268 0.0000000000
119679  21.423  -93.071  33.850 0.0000000000
119750  25.073  -90.461  27.456 0.0000000000
120045  13.858  -70.443  9.754 0.0000000000
120272  16.417  -75.525  12.436 0.0000000000
120283  20.237  -94.165  31.982 0.0000000000
120609  27.349  -81.987  22.751 0.0000000000
120749  13.046  -82.032  31.052 0.0000000000
120784  15.446  -57.844  33.800 0.0000000000
121111  18.680  -70.100  9.404 0.0000000000
121135  6.190  -87.320  33.708 0.0000000000
121206  7.067  -81.399  35.396 0.0000000000
121558  16.587  -59.195  19.509 0.0000000000
121794  7.043  -62.760  19.727 0.0000000000
121814  15.885  -71.632  9.064 0.0000000000
121896  13.952  -74.774  36.770 0.0000000000
121936  8.288  -64.667  16.730 0.0000000000
122279  14.122  -64.436  20.294 0.0000000000
122353  5.354  -79.000  12.571 0.0000000000
122387  7.245  -63.650  34.420 0.0000000000
122426  21.371  -93.118  25.231 0.0000000000
122463  17.807  -86.102  28.493 0.0000000000
122472  25.514  -80.103  19.033 0.0000000000
122473  14.137  -74.541  35.007 0.0000000000
122591  11.244  -83.517  24.911 0.0000000000
122629  12.195  -62.988  34.642 0.0000000000
122746  7.761  -67.909  20.352 0.0000000000
123113  4.643  -69.563  20.957 0.0000000000
123343  14.300  -60.494  16.331 0.0000000000
123349  8.412  -74.742  15.612 0.0000000000
123419  14.004  -93.655  31.894 0.0000000000
123470  20.574  -75.879  11.147 0.0000000000
123482  29.844  -54.283  35.498 0.0000000000
123751  7.351  -71.974  12.226 0.0000000000
123969  7.936  -62.422  30.626 0.0000000000
124174  25.162  -90.463  30.697 0.0000000000
124198  5.277  -84.191  34.086 0.0000000000
124886  16.041  -69.387  9.926 0.0000000000
125162  11.697  -71.930  33.816 0.0000000000
125242  14.177  -81.346  31.814 0.0000000000
125369  27.482  -45.159  28.694 0.0000000000
125495  16.960  -95.063  32.200 0.0000000000
125737  15.660  -69.554  10.104 0.0000000000
125745  10.811  -83.719  26.260 0.0000000000
125758  17.103  -75.549  12.707 0.0000000000
125764  5.616  -81.041  12.659 0.0000000000
125812  20.915  -87.130  22.608 0.0000000000
125965  16.031  -80.371  32.317 0.0000000000
125987  8.524  -78.155  12.904 0.0000000000
126222  12.947  -46.976  21.595 0.0000000000
126421  10.121  -86.008  20.701 0.0000000000
126429  17.655  -38.262  19.581 0.0000000000
126455  9.997  -84.724  22.018 0.0000000000
126525  23.724  -84.441  32.996 0.0000000000
126533  9.312  -64.139  32.082 0.0000000000
127134  6.923  -59.399  28.576 0.0000000000
127254  25.284  -91.069  31.277 0.0000000000
127291  22.943  -84.032  30.189 0.0000000000
127428  25.358  -86.382  36.065 0.0000000000
127915  24.103  -82.586  11.262 0.0000000000
128417  13.689  -68.639  14.090 0.0000000000
128564  12.751  -86.840  29.632 0.0000000000
128803  9.049  -74.247  21.471 0.0000000000
128922  13.287  -65.529  19.227 0.0000000000
129038  14.068  -81.425  28.861 0.0000000000
129461  22.116  -87.725  6.509 0.0000000000
129952  18.776  -92.925  23.585 0.0000000000
130736  12.000  -69.385  33.612 0.0000000000
130758  3.899  -64.848  29.679 0.0000000000
130892  4.902  -68.250  30.342 0.0000000000
130933  20.487  -87.089  28.703 0.0000000000
131097  26.811  -78.904  20.952 0.0000000000
131309  17.311  -89.234  28.536 0.0000000000
131354  28.270  -85.179  15.539 0.0000000000
131486  25.486  -89.263  19.641 0.0000000000
131618  21.674  -84.406  15.890 0.0000000000
131796  17.037  -55.541  17.457 0.0000000000
131803  26.970  -82.432  9.551 0.0000000000
131983  13.035  -72.762  21.593 0.0000000000
132109  16.423  -81.636  28.488 0.0000000000
132586  27.029  -55.941  35.547 0.0000000000
132635  27.170  -54.689  36.003 0.0000000000
132646  26.328  -52.114  35.569 0.0000000000
132835  21.697  -92.998  24.683 0.0000000000
133116  17.865  -89.842  28.508 0.0000000000
133481  23.531  -92.468  32.035 0.0000000000
133535  12.539  -82.345  30.753 0.0000000000
133638  7.566  -67.872  30.371 0.0000000000
133762  15.993  -56.529  35.393 0.0000000000
133774  16.844  -95.602  29.872 0.0000000000
133836  3.930  -65.486  29.431 0.0000000000
134066  14.135  -89.376  29.658 0.0000000000
134409  10.014  -68.402  30.752 0.0000000000
134455  28.495  -85.677  11.533 0.0000000000
134484  6.259  -75.676  14.115 0.0000000000
134590  24.461  -91.404  34.347 0.0000000000
134630  16.396  -76.481  13.982 0.0000000000
134646  22.177  -92.628  33.977 0.0000000000
134715  21.076  -93.021  31.305 0.0000000000
134779  8.334  -69.571  21.176 0.0000000000
135101  10.317  -74.915  21.426 0.0000000000
135178  15.052  -87.520  29.176 0.0000000000
135330  15.489  -94.943  27.824 0.0000000000
135504  8.013  -68.605  20.837 0.0000000000
135604  6.140  -74.836  11.682 0.0000000000
135900  14.116  -73.505  16.137 0.0000000000
136049  13.376  -83.129  24.412 0.0000000000
136310  24.909  -87.529  38.337 0.0000000000
136494  8.388  -81.205  29.780 0.0000000000
136499  13.271  -45.697  22.063 0.0000000000
136824  22.237  -91.308  19.713 0.0000000000
136943  17.387  -94.107  26.653 0.0000000000
136966  15.504  -83.702  28.827 0.0000000000
136993  25.318  -85.053  14.510 0.0000000000
137004  14.974  -58.463  21.509 0.0000000000
137090  16.011  -51.776  20.899 0.0000000000
137304  14.857  -70.032  10.162 0.0000000000
137308  24.159  -85.056  34.913 0.0000000000
137321  10.587  -77.194  14.351 0.0000000000
137345  13.512  -68.928  18.864 0.0000000000
137485  14.386  -83.604  25.159 0.0000000000
137603  12.148  -75.513  33.135 0.0000000000
137719  12.344  -58.936  34.847 0.0000000000
137735  27.323  -84.993  4.963 0.0000000000
137757  20.962  -87.102  13.337 0.0000000000
137791  9.308  -69.914  35.437 0.0000000000
137807  12.763  -71.030  21.538 0.0000000000
137810  15.620  -70.796  9.221 0.0000000000
137860  19.193  -77.886  15.603 0.0000000000
137985  11.576  -82.980  28.485 0.0000000000
137986  13.456  -84.282  24.149 0.0000000000
138027  5.547  -85.307  29.778 0.0000000000
138130  11.659  -71.796  8.719 0.0000000000
138187  17.895  -86.665  28.446 0.0000000000
138211  6.630  -63.629  22.642 0.0000000000
138441  10.374  -58.778  27.759 0.0000000000
138447  24.624  -59.289  35.368 0.0000000000
138502  21.934  -46.941  23.870 0.0000000000
138642  6.764  -86.370  26.599 0.0000000000
138660  15.727  -73.573  15.505 0.0000000000
138670  26.659  -81.126  17.427 0.0000000000
138842  5.200  -69.171  17.079 0.0000000000
138843  13.571  -44.781  22.248 0.0000000000
138881  7.200  -77.487  18.949 0.0000000000
138901  6.611  -72.038  18.273 0.0000000000
139115  22.301  -89.174  31.961 0.0000000000
139119  14.370  -61.743  18.020 0.0000000000
139214  8.546  -70.486  12.386 0.0000000000
139223  9.916  -66.577  32.603 0.0000000000
139261  28.565  -58.787  34.407 0.0000000000
139282  9.627  -60.116  34.942 0.0000000000
139463  7.648  -60.934  31.661 0.0000000000
139512  29.779  -47.203  34.127 0.0000000000
139578  24.757  -79.280  21.883 0.0000000000
139601  13.249  -55.518  18.178 0.0000000000
139729  13.761  -79.727  15.149 0.0000000000
139748  23.064  -88.789  8.101 0.0000000000
139970  11.880  -78.776  14.710 0.0000000000
140177  22.475  -83.667  25.065 0.0000000000
140362  12.355  -66.143  15.204 0.0000000000
140448  27.290  -83.841  6.334 0.0000000000
140449  10.090  -59.026  31.035 0.0000000000
140648  9.563  -68.694  17.590 0.0000000000
140673  18.583  -83.913  9.877 0.0000000000
140703  22.323  -89.315  15.341 0.0000000000
140871  18.877  -91.201  30.115 0.0000000000
140892  9.077  -63.426  34.733 0.0000000000
140947  20.684  -81.606  14.558 0.0000000000
141009  9.641  -62.255  22.384 0.0000000000
141070  26.987  -56.509  35.345 0.0000000000
141196  8.258  -86.281  21.529 0.0000000000
141379  13.251  -61.788  15.793 0.0000000000
