
Sun Mar 15 11:13:03 CET 2026
cd /out/sourcedata/freesurfer/sub-v2s10x29004_ses-1
setenv SUBJECTS_DIR /out/sourcedata/freesurfer
/opt/freesurfer/bin/recon-all -autorecon1 -i /work/fmriprep_25_2_wf/sub_v2s10x29004_ses_1_wf/anat_fit_wf/anat_validate/sub-v2s10x29004_ses-1_run-1_T1w_noise_corrected_ras_valid.nii.gz -noskullstrip -noT2pial -noFLAIRpial -openmp 16 -subjid sub-v2s10x29004_ses-1 -sd /out/sourcedata/freesurfer

subjid sub-v2s10x29004_ses-1
setenv SUBJECTS_DIR /out/sourcedata/freesurfer
FREESURFER_HOME /opt/freesurfer
Actual FREESURFER_HOME /opt/freesurfer
build-stamp.txt: freesurfer-linux-ubuntu22_x86_64-7.3.2-20220804-6354275
Linux dna078 5.14.0-427.37.1.el9_4.x86_64 #1 SMP PREEMPT_DYNAMIC Fri Sep 13 12:41:50 EDT 2024 x86_64 x86_64 x86_64 GNU/Linux
cputime      unlimited
filesize     unlimited
datasize     unlimited
stacksize    8192 kbytes
coredumpsize 0 kbytes
memoryuse    67108864 kbytes
vmemoryuse   unlimited
descriptors  1024 
memorylocked unlimited
maxproc      2061970 
maxlocks     unlimited
maxsignal    2062029 
maxmessage   819200 
maxnice      0 
maxrtprio    0 
maxrttime    unlimited

               total        used        free      shared  buff/cache   available
Mem:           503Gi        54Gi       388Gi       9.2Gi        60Gi       436Gi
Swap:             0B          0B          0B

########################################
program versions used
7.3.2 (freesurfer-linux-ubuntu22_x86_64-7.3.2-20220804-6354275)
7.3.2

ProgramName: lta_convert  ProgramArguments: lta_convert -all-info  ProgramVersion: 7.3.2  TimeStamp: 2026/03/15-10:13:03-GMT  BuildTime: Aug  4 2022 06:17:15  BuildStamp: freesurfer-linux-ubuntu22_x86_64-7.3.2-20220804-6354275  User: oesteban  Machine: dna078  Platform: Linux  PlatformVersion: 5.14.0-427.37.1.el9_4.x86_64  CompilerName: GCC  CompilerVersion: 8.4.0
ProgramName: mri_and  ProgramArguments: mri_and -all-info  ProgramVersion: 7.3.2  TimeStamp: 2026/03/15-10:13:03-GMT  BuildTime: Aug  4 2022 06:17:15  BuildStamp: freesurfer-linux-ubuntu22_x86_64-7.3.2-20220804-6354275  User: oesteban  Machine: dna078  Platform: Linux  PlatformVersion: 5.14.0-427.37.1.el9_4.x86_64  CompilerName: GCC  CompilerVersion: 8.4.0
ProgramName: mri_annotation2label  ProgramArguments: mri_annotation2label -all-info  ProgramVersion: 7.3.2  TimeStamp: 2026/03/15-10:13:03-GMT  BuildTime: Aug  4 2022 06:17:15  BuildStamp: freesurfer-linux-ubuntu22_x86_64-7.3.2-20220804-6354275  User: oesteban  Machine: dna078  Platform: Linux  PlatformVersion: 5.14.0-427.37.1.el9_4.x86_64  CompilerName: GCC  CompilerVersion: 8.4.0
ProgramName: mri_aparc2aseg  ProgramArguments: mri_aparc2aseg -all-info  ProgramVersion: 7.3.2  TimeStamp: 2026/03/15-10:13:03-GMT  BuildTime: Aug  4 2022 06:17:15  BuildStamp: freesurfer-linux-ubuntu22_x86_64-7.3.2-20220804-6354275  User: oesteban  Machine: dna078  Platform: Linux  PlatformVersion: 5.14.0-427.37.1.el9_4.x86_64  CompilerName: GCC  CompilerVersion: 8.4.0
ProgramName: mri_surf2volseg  ProgramArguments: mri_surf2volseg -all-info  ProgramVersion: 7.3.2  TimeStamp: 2026/03/15-10:13:03-GMT  BuildTime: Aug  4 2022 06:17:15  BuildStamp: freesurfer-linux-ubuntu22_x86_64-7.3.2-20220804-6354275  User: oesteban  Machine: dna078  Platform: Linux  PlatformVersion: 5.14.0-427.37.1.el9_4.x86_64  CompilerName: GCC  CompilerVersion: 8.4.0
ProgramName: mri_binarize  ProgramArguments: mri_binarize -all-info  ProgramVersion: 7.3.2  TimeStamp: 2026/03/15-10:13:03-GMT  BuildTime: Aug  4 2022 06:17:15  BuildStamp: freesurfer-linux-ubuntu22_x86_64-7.3.2-20220804-6354275  User: oesteban  Machine: dna078  Platform: Linux  PlatformVersion: 5.14.0-427.37.1.el9_4.x86_64  CompilerName: GCC  CompilerVersion: 8.4.0
ProgramName: mri_ca_label  ProgramArguments: mri_ca_label -all-info  ProgramVersion: 7.3.2  TimeStamp: 2026/03/15-10:13:03-GMT  BuildTime: Aug  4 2022 06:17:15  BuildStamp: freesurfer-linux-ubuntu22_x86_64-7.3.2-20220804-6354275  User: oesteban  Machine: dna078  Platform: Linux  PlatformVersion: 5.14.0-427.37.1.el9_4.x86_64  CompilerName: GCC  CompilerVersion: 8.4.0
ProgramName: mri_ca_normalize  ProgramArguments: mri_ca_normalize -all-info  ProgramVersion: 7.3.2  TimeStamp: 2026/03/15-10:13:03-GMT  BuildTime: Aug  4 2022 06:17:15  BuildStamp: freesurfer-linux-ubuntu22_x86_64-7.3.2-20220804-6354275  User: oesteban  Machine: dna078  Platform: Linux  PlatformVersion: 5.14.0-427.37.1.el9_4.x86_64  CompilerName: GCC  CompilerVersion: 8.4.0
ProgramName: mri_ca_register  ProgramArguments: mri_ca_register -all-info  ProgramVersion: 7.3.2  TimeStamp: 2026/03/15-10:13:03-GMT  BuildTime: Aug  4 2022 06:17:15  BuildStamp: freesurfer-linux-ubuntu22_x86_64-7.3.2-20220804-6354275  User: oesteban  Machine: dna078  Platform: Linux  PlatformVersion: 5.14.0-427.37.1.el9_4.x86_64  CompilerName: GCC  CompilerVersion: 8.4.0
ProgramName: mri_cc  ProgramArguments: mri_cc -all-info  ProgramVersion: 7.3.2  TimeStamp: 2026/03/15-10:13:03-GMT  BuildTime: Aug  4 2022 06:17:15  BuildStamp: freesurfer-linux-ubuntu22_x86_64-7.3.2-20220804-6354275  User: oesteban  Machine: dna078  Platform: Linux  PlatformVersion: 5.14.0-427.37.1.el9_4.x86_64  CompilerName: GCC  CompilerVersion: 8.4.0
ProgramName: mri_compute_overlap  ProgramArguments: mri_compute_overlap -all-info  ProgramVersion: 7.3.2  TimeStamp: 2026/03/15-10:13:03-GMT  BuildTime: Aug  4 2022 06:17:15  BuildStamp: freesurfer-linux-ubuntu22_x86_64-7.3.2-20220804-6354275  User: oesteban  Machine: dna078  Platform: Linux  PlatformVersion: 5.14.0-427.37.1.el9_4.x86_64  CompilerName: GCC  CompilerVersion: 8.4.0
ProgramName: mri_compute_seg_overlap  ProgramArguments: mri_compute_seg_overlap -all-info  ProgramVersion: 7.3.2  TimeStamp: 2026/03/15-10:13:03-GMT  BuildTime: Aug  4 2022 06:17:15  BuildStamp: freesurfer-linux-ubuntu22_x86_64-7.3.2-20220804-6354275  User: oesteban  Machine: dna078  Platform: Linux  PlatformVersion: 5.14.0-427.37.1.el9_4.x86_64  CompilerName: GCC  CompilerVersion: 8.4.0
ProgramName: mri_concat  ProgramArguments: mri_concat -all-info  ProgramVersion: 7.3.2  TimeStamp: 2026/03/15-10:13:03-GMT  BuildTime: Aug  4 2022 06:17:15  BuildStamp: freesurfer-linux-ubuntu22_x86_64-7.3.2-20220804-6354275  User: oesteban  Machine: dna078  Platform: Linux  PlatformVersion: 5.14.0-427.37.1.el9_4.x86_64  CompilerName: GCC  CompilerVersion: 8.4.0
ProgramName: mri_concatenate_lta  ProgramArguments: mri_concatenate_lta -all-info  ProgramVersion: 7.3.2  TimeStamp: 2026/03/15-10:13:03-GMT  BuildTime: Aug  4 2022 06:17:15  BuildStamp: freesurfer-linux-ubuntu22_x86_64-7.3.2-20220804-6354275  User: oesteban  Machine: dna078  Platform: Linux  PlatformVersion: 5.14.0-427.37.1.el9_4.x86_64  CompilerName: GCC  CompilerVersion: 8.4.0
mri_convert -all-info 
ProgramName: mri_convert  ProgramArguments: mri_convert -all-info  ProgramVersion: 7.3.2  TimeStamp: 2026/03/15-10:13:03-GMT  BuildTime: Aug  4 2022 06:17:15  BuildStamp: freesurfer-linux-ubuntu22_x86_64-7.3.2-20220804-6354275  User: oesteban  Machine: dna078  Platform: Linux  PlatformVersion: 5.14.0-427.37.1.el9_4.x86_64  CompilerName: GCC  CompilerVersion: 8.4.0
ProgramName: mri_diff  ProgramArguments: mri_diff -all-info  ProgramVersion: 7.3.2  TimeStamp: 2026/03/15-10:13:03-GMT  BuildTime: Aug  4 2022 06:17:15  BuildStamp: freesurfer-linux-ubuntu22_x86_64-7.3.2-20220804-6354275  User: oesteban  Machine: dna078  Platform: Linux  PlatformVersion: 5.14.0-427.37.1.el9_4.x86_64  CompilerName: GCC  CompilerVersion: 8.4.0
ProgramName: mri_edit_wm_with_aseg  ProgramArguments: mri_edit_wm_with_aseg -all-info  ProgramVersion: 7.3.2  TimeStamp: 2026/03/15-10:13:03-GMT  BuildTime: Aug  4 2022 06:17:15  BuildStamp: freesurfer-linux-ubuntu22_x86_64-7.3.2-20220804-6354275  User: oesteban  Machine: dna078  Platform: Linux  PlatformVersion: 5.14.0-427.37.1.el9_4.x86_64  CompilerName: GCC  CompilerVersion: 8.4.0
ProgramName: mri_em_register  ProgramArguments: mri_em_register -all-info  ProgramVersion: 7.3.2  TimeStamp: 2026/03/15-10:13:03-GMT  BuildTime: Aug  4 2022 06:17:15  BuildStamp: freesurfer-linux-ubuntu22_x86_64-7.3.2-20220804-6354275  User: oesteban  Machine: dna078  Platform: Linux  PlatformVersion: 5.14.0-427.37.1.el9_4.x86_64  CompilerName: GCC  CompilerVersion: 8.4.0
ProgramName: mri_fill  ProgramArguments: mri_fill -all-info  ProgramVersion: 7.3.2  TimeStamp: 2026/03/15-10:13:03-GMT  BuildTime: Aug  4 2022 06:17:15  BuildStamp: freesurfer-linux-ubuntu22_x86_64-7.3.2-20220804-6354275  User: oesteban  Machine: dna078  Platform: Linux  PlatformVersion: 5.14.0-427.37.1.el9_4.x86_64  CompilerName: GCC  CompilerVersion: 8.4.0
ProgramName: mri_fuse_segmentations  ProgramArguments: mri_fuse_segmentations -all-info  ProgramVersion: 7.3.2  TimeStamp: 2026/03/15-10:13:03-GMT  BuildTime: Aug  4 2022 06:17:15  BuildStamp: freesurfer-linux-ubuntu22_x86_64-7.3.2-20220804-6354275  User: oesteban  Machine: dna078  Platform: Linux  PlatformVersion: 5.14.0-427.37.1.el9_4.x86_64  CompilerName: GCC  CompilerVersion: 8.4.0
ProgramName: mri_fwhm  ProgramArguments: mri_fwhm -all-info  ProgramVersion: 7.3.2  TimeStamp: 2026/03/15-10:13:03-GMT  BuildTime: Aug  4 2022 06:17:15  BuildStamp: freesurfer-linux-ubuntu22_x86_64-7.3.2-20220804-6354275  User: oesteban  Machine: dna078  Platform: Linux  PlatformVersion: 5.14.0-427.37.1.el9_4.x86_64  CompilerName: GCC  CompilerVersion: 8.4.0
ProgramName: mri_gcut  ProgramArguments: mri_gcut -all-info  ProgramVersion: 7.3.2  TimeStamp: 2026/03/15-10:13:03-GMT  BuildTime: Aug  4 2022 06:17:15  BuildStamp: freesurfer-linux-ubuntu22_x86_64-7.3.2-20220804-6354275  User: oesteban  Machine: dna078  Platform: Linux  PlatformVersion: 5.14.0-427.37.1.el9_4.x86_64  CompilerName: GCC  CompilerVersion: 8.4.0
ProgramName: mri_info  ProgramArguments: mri_info -all-info  ProgramVersion: 7.3.2  TimeStamp: 2026/03/15-10:13:03-GMT  BuildTime: Aug  4 2022 06:17:15  BuildStamp: freesurfer-linux-ubuntu22_x86_64-7.3.2-20220804-6354275  User: oesteban  Machine: dna078  Platform: Linux  PlatformVersion: 5.14.0-427.37.1.el9_4.x86_64  CompilerName: GCC  CompilerVersion: 8.4.0
ProgramName: mri_label2label  ProgramArguments: mri_label2label -all-info  ProgramVersion: 7.3.2  TimeStamp: 2026/03/15-10:13:03-GMT  BuildTime: Aug  4 2022 06:17:15  BuildStamp: freesurfer-linux-ubuntu22_x86_64-7.3.2-20220804-6354275  User: oesteban  Machine: dna078  Platform: Linux  PlatformVersion: 5.14.0-427.37.1.el9_4.x86_64  CompilerName: GCC  CompilerVersion: 8.4.0
ProgramName: mri_label2vol  ProgramArguments: mri_label2vol -all-info  ProgramVersion: 7.3.2  TimeStamp: 2026/03/15-10:13:03-GMT  BuildTime: Aug  4 2022 06:17:15  BuildStamp: freesurfer-linux-ubuntu22_x86_64-7.3.2-20220804-6354275  User: oesteban  Machine: dna078  Platform: Linux  PlatformVersion: 5.14.0-427.37.1.el9_4.x86_64  CompilerName: GCC  CompilerVersion: 8.4.0
ProgramName: mri_log_likelihood  ProgramArguments: mri_log_likelihood -all-info  ProgramVersion: 7.3.2  TimeStamp: 2026/03/15-10:13:03-GMT  BuildTime: Aug  4 2022 06:17:15  BuildStamp: freesurfer-linux-ubuntu22_x86_64-7.3.2-20220804-6354275  User: oesteban  Machine: dna078  Platform: Linux  PlatformVersion: 5.14.0-427.37.1.el9_4.x86_64  CompilerName: GCC  CompilerVersion: 8.4.0
ProgramName: mri_mask  ProgramArguments: mri_mask -all-info  ProgramVersion: 7.3.2  TimeStamp: 2026/03/15-10:13:03-GMT  BuildTime: Aug  4 2022 06:17:15  BuildStamp: freesurfer-linux-ubuntu22_x86_64-7.3.2-20220804-6354275  User: oesteban  Machine: dna078  Platform: Linux  PlatformVersion: 5.14.0-427.37.1.el9_4.x86_64  CompilerName: GCC  CompilerVersion: 8.4.0
ProgramName: mri_matrix_multiply  ProgramArguments: mri_matrix_multiply -all-info  ProgramVersion: 7.3.2  TimeStamp: 2026/03/15-10:13:03-GMT  BuildTime: Aug  4 2022 06:17:15  BuildStamp: freesurfer-linux-ubuntu22_x86_64-7.3.2-20220804-6354275  User: oesteban  Machine: dna078  Platform: Linux  PlatformVersion: 5.14.0-427.37.1.el9_4.x86_64  CompilerName: GCC  CompilerVersion: 8.4.0
ProgramName: mri_normalize  ProgramArguments: mri_normalize -all-info  ProgramVersion: 7.3.2  TimeStamp: 2026/03/15-10:13:03-GMT  BuildTime: Aug  4 2022 06:17:15  BuildStamp: freesurfer-linux-ubuntu22_x86_64-7.3.2-20220804-6354275  User: oesteban  Machine: dna078  Platform: Linux  PlatformVersion: 5.14.0-427.37.1.el9_4.x86_64  CompilerName: GCC  CompilerVersion: 8.4.0
ProgramName: mri_normalize_tp2  ProgramArguments: mri_normalize_tp2 -all-info  ProgramVersion: 7.3.2  TimeStamp: 2026/03/15-10:13:03-GMT  BuildTime: Aug  4 2022 06:17:15  BuildStamp: freesurfer-linux-ubuntu22_x86_64-7.3.2-20220804-6354275  User: oesteban  Machine: dna078  Platform: Linux  PlatformVersion: 5.14.0-427.37.1.el9_4.x86_64  CompilerName: GCC  CompilerVersion: 8.4.0
ProgramName: mri_or  ProgramArguments: mri_or -all-info  ProgramVersion: 7.3.2  TimeStamp: 2026/03/15-10:13:03-GMT  BuildTime: Aug  4 2022 06:17:15  BuildStamp: freesurfer-linux-ubuntu22_x86_64-7.3.2-20220804-6354275  User: oesteban  Machine: dna078  Platform: Linux  PlatformVersion: 5.14.0-427.37.1.el9_4.x86_64  CompilerName: GCC  CompilerVersion: 8.4.0
ProgramName: mri_relabel_hypointensities  ProgramArguments: mri_relabel_hypointensities -all-info  ProgramVersion: 7.3.2  TimeStamp: 2026/03/15-10:13:03-GMT  BuildTime: Aug  4 2022 06:17:15  BuildStamp: freesurfer-linux-ubuntu22_x86_64-7.3.2-20220804-6354275  User: oesteban  Machine: dna078  Platform: Linux  PlatformVersion: 5.14.0-427.37.1.el9_4.x86_64  CompilerName: GCC  CompilerVersion: 8.4.0
ProgramName: mri_relabel_nonwm_hypos  ProgramArguments: mri_relabel_nonwm_hypos -all-info  ProgramVersion: 7.3.2  TimeStamp: 2026/03/15-10:13:03-GMT  BuildTime: Aug  4 2022 06:17:15  BuildStamp: freesurfer-linux-ubuntu22_x86_64-7.3.2-20220804-6354275  User: oesteban  Machine: dna078  Platform: Linux  PlatformVersion: 5.14.0-427.37.1.el9_4.x86_64  CompilerName: GCC  CompilerVersion: 8.4.0
ProgramName: mri_remove_neck  ProgramArguments: mri_remove_neck -all-info  ProgramVersion: 7.3.2  TimeStamp: 2026/03/15-10:13:03-GMT  BuildTime: Aug  4 2022 06:17:15  BuildStamp: freesurfer-linux-ubuntu22_x86_64-7.3.2-20220804-6354275  User: oesteban  Machine: dna078  Platform: Linux  PlatformVersion: 5.14.0-427.37.1.el9_4.x86_64  CompilerName: GCC  CompilerVersion: 8.4.0
7.3.2

ProgramName: mri_robust_register  ProgramArguments: mri_robust_register -all-info  ProgramVersion: 7.3.2  TimeStamp: 2026/03/15-10:13:03-GMT  BuildTime: Aug  4 2022 06:17:15  BuildStamp: freesurfer-linux-ubuntu22_x86_64-7.3.2-20220804-6354275  User: oesteban  Machine: dna078  Platform: Linux  PlatformVersion: 5.14.0-427.37.1.el9_4.x86_64  CompilerName: GCC  CompilerVersion: 8.4.0
7.3.2

ProgramName: mri_robust_template  ProgramArguments: mri_robust_template -all-info  ProgramVersion: 7.3.2  TimeStamp: 2026/03/15-10:13:03-GMT  BuildTime: Aug  4 2022 06:17:15  BuildStamp: freesurfer-linux-ubuntu22_x86_64-7.3.2-20220804-6354275  User: oesteban  Machine: dna078  Platform: Linux  PlatformVersion: 5.14.0-427.37.1.el9_4.x86_64  CompilerName: GCC  CompilerVersion: 8.4.0
ProgramName: mris_anatomical_stats  ProgramArguments: mris_anatomical_stats -all-info  ProgramVersion: 7.3.2  TimeStamp: 2026/03/15-10:13:03-GMT  BuildTime: Aug  4 2022 06:17:15  BuildStamp: freesurfer-linux-ubuntu22_x86_64-7.3.2-20220804-6354275  User: oesteban  Machine: dna078  Platform: Linux  PlatformVersion: 5.14.0-427.37.1.el9_4.x86_64  CompilerName: GCC  CompilerVersion: 8.4.0
ProgramName: mris_ca_label  ProgramArguments: mris_ca_label -all-info  ProgramVersion: 7.3.2  TimeStamp: 2026/03/15-10:13:03-GMT  BuildTime: Aug  4 2022 06:17:15  BuildStamp: freesurfer-linux-ubuntu22_x86_64-7.3.2-20220804-6354275  User: oesteban  Machine: dna078  Platform: Linux  PlatformVersion: 5.14.0-427.37.1.el9_4.x86_64  CompilerName: GCC  CompilerVersion: 8.4.0
ProgramName: mris_calc  ProgramArguments: mris_calc -all-info  ProgramVersion: 7.3.2  TimeStamp: 2026/03/15-10:13:03-GMT  BuildTime: Aug  4 2022 06:17:15  BuildStamp: freesurfer-linux-ubuntu22_x86_64-7.3.2-20220804-6354275  User: oesteban  Machine: dna078  Platform: Linux  PlatformVersion: 5.14.0-427.37.1.el9_4.x86_64  CompilerName: GCC  CompilerVersion: 8.4.0
ProgramName: mris_convert  ProgramArguments: mris_convert -all-info  ProgramVersion: 7.3.2  TimeStamp: 2026/03/15-10:13:03-GMT  BuildTime: Aug  4 2022 06:17:15  BuildStamp: freesurfer-linux-ubuntu22_x86_64-7.3.2-20220804-6354275  User: oesteban  Machine: dna078  Platform: Linux  PlatformVersion: 5.14.0-427.37.1.el9_4.x86_64  CompilerName: GCC  CompilerVersion: 8.4.0
ProgramName: mris_curvature  ProgramArguments: mris_curvature -all-info  ProgramVersion: 7.3.2  TimeStamp: 2026/03/15-10:13:03-GMT  BuildTime: Aug  4 2022 06:17:15  BuildStamp: freesurfer-linux-ubuntu22_x86_64-7.3.2-20220804-6354275  User: oesteban  Machine: dna078  Platform: Linux  PlatformVersion: 5.14.0-427.37.1.el9_4.x86_64  CompilerName: GCC  CompilerVersion: 8.4.0
ProgramName: mris_curvature_stats  ProgramArguments: mris_curvature_stats -all-info  ProgramVersion: 7.3.2  TimeStamp: 2026/03/15-10:13:03-GMT  BuildTime: Aug  4 2022 06:17:15  BuildStamp: freesurfer-linux-ubuntu22_x86_64-7.3.2-20220804-6354275  User: oesteban  Machine: dna078  Platform: Linux  PlatformVersion: 5.14.0-427.37.1.el9_4.x86_64  CompilerName: GCC  CompilerVersion: 8.4.0
ProgramName: mris_diff  ProgramArguments: mris_diff -all-info  ProgramVersion: 7.3.2  TimeStamp: 2026/03/15-10:13:03-GMT  BuildTime: Aug  4 2022 06:17:15  BuildStamp: freesurfer-linux-ubuntu22_x86_64-7.3.2-20220804-6354275  User: oesteban  Machine: dna078  Platform: Linux  PlatformVersion: 5.14.0-427.37.1.el9_4.x86_64  CompilerName: GCC  CompilerVersion: 8.4.0
ProgramName: mris_divide_parcellation  ProgramArguments: mris_divide_parcellation -all-info  ProgramVersion: 7.3.2  TimeStamp: 2026/03/15-10:13:03-GMT  BuildTime: Aug  4 2022 06:17:15  BuildStamp: freesurfer-linux-ubuntu22_x86_64-7.3.2-20220804-6354275  User: oesteban  Machine: dna078  Platform: Linux  PlatformVersion: 5.14.0-427.37.1.el9_4.x86_64  CompilerName: GCC  CompilerVersion: 8.4.0
ProgramName: mri_segment  ProgramArguments: mri_segment -all-info  ProgramVersion: 7.3.2  TimeStamp: 2026/03/15-10:13:03-GMT  BuildTime: Aug  4 2022 06:17:15  BuildStamp: freesurfer-linux-ubuntu22_x86_64-7.3.2-20220804-6354275  User: oesteban  Machine: dna078  Platform: Linux  PlatformVersion: 5.14.0-427.37.1.el9_4.x86_64  CompilerName: GCC  CompilerVersion: 8.4.0
ProgramName: mri_segstats  ProgramArguments: mri_segstats -all-info  ProgramVersion: 7.3.2  TimeStamp: 2026/03/15-10:13:03-GMT  BuildTime: Aug  4 2022 06:17:15  BuildStamp: freesurfer-linux-ubuntu22_x86_64-7.3.2-20220804-6354275  User: oesteban  Machine: dna078  Platform: Linux  PlatformVersion: 5.14.0-427.37.1.el9_4.x86_64  CompilerName: GCC  CompilerVersion: 8.4.0
ProgramName: mris_euler_number  ProgramArguments: mris_euler_number -all-info  ProgramVersion: 7.3.2  TimeStamp: 2026/03/15-10:13:03-GMT  BuildTime: Aug  4 2022 06:17:15  BuildStamp: freesurfer-linux-ubuntu22_x86_64-7.3.2-20220804-6354275  User: oesteban  Machine: dna078  Platform: Linux  PlatformVersion: 5.14.0-427.37.1.el9_4.x86_64  CompilerName: GCC  CompilerVersion: 8.4.0
ProgramName: mris_fix_topology  ProgramArguments: mris_fix_topology -all-info  ProgramVersion: 7.3.2  TimeStamp: 2026/03/15-10:13:03-GMT  BuildTime: Aug  4 2022 06:17:15  BuildStamp: freesurfer-linux-ubuntu22_x86_64-7.3.2-20220804-6354275  User: oesteban  Machine: dna078  Platform: Linux  PlatformVersion: 5.14.0-427.37.1.el9_4.x86_64  CompilerName: GCC  CompilerVersion: 8.4.0
ProgramName: mris_topo_fixer  ProgramArguments: mris_topo_fixer -all-info  ProgramVersion: 7.3.2  TimeStamp: 2026/03/15-10:13:03-GMT  BuildTime: Aug  4 2022 06:17:15  BuildStamp: freesurfer-linux-ubuntu22_x86_64-7.3.2-20220804-6354275  User: oesteban  Machine: dna078  Platform: Linux  PlatformVersion: 5.14.0-427.37.1.el9_4.x86_64  CompilerName: GCC  CompilerVersion: 8.4.0
ProgramName: mris_jacobian  ProgramArguments: mris_jacobian -all-info  ProgramVersion: 7.3.2  TimeStamp: 2026/03/15-10:13:03-GMT  BuildTime: Aug  4 2022 06:17:15  BuildStamp: freesurfer-linux-ubuntu22_x86_64-7.3.2-20220804-6354275  User: oesteban  Machine: dna078  Platform: Linux  PlatformVersion: 5.14.0-427.37.1.el9_4.x86_64  CompilerName: GCC  CompilerVersion: 8.4.0
ProgramName: mris_label2annot  ProgramArguments: mris_label2annot -all-info  ProgramVersion: 7.3.2  TimeStamp: 2026/03/15-10:13:03-GMT  BuildTime: Aug  4 2022 06:17:15  BuildStamp: freesurfer-linux-ubuntu22_x86_64-7.3.2-20220804-6354275  User: oesteban  Machine: dna078  Platform: Linux  PlatformVersion: 5.14.0-427.37.1.el9_4.x86_64  CompilerName: GCC  CompilerVersion: 8.4.0
ProgramName: mris_left_right_register  ProgramArguments: mris_left_right_register -all-info  ProgramVersion: 7.3.2  TimeStamp: 2026/03/15-10:13:03-GMT  BuildTime: Aug  4 2022 06:17:15  BuildStamp: freesurfer-linux-ubuntu22_x86_64-7.3.2-20220804-6354275  User: oesteban  Machine: dna078  Platform: Linux  PlatformVersion: 5.14.0-427.37.1.el9_4.x86_64  CompilerName: GCC  CompilerVersion: 8.4.0
ProgramName: mris_place_surface  ProgramArguments: mris_place_surface -all-info  ProgramVersion: 7.3.2  TimeStamp: 2026/03/15-10:13:03-GMT  BuildTime: Aug  4 2022 06:17:15  BuildStamp: freesurfer-linux-ubuntu22_x86_64-7.3.2-20220804-6354275  User: oesteban  Machine: dna078  Platform: Linux  PlatformVersion: 5.14.0-427.37.1.el9_4.x86_64  CompilerName: GCC  CompilerVersion: 8.4.0
ProgramName: mrisp_paint  ProgramArguments: mrisp_paint -all-info  ProgramVersion: 7.3.2  TimeStamp: 2026/03/15-10:13:03-GMT  BuildTime: Aug  4 2022 06:17:15  BuildStamp: freesurfer-linux-ubuntu22_x86_64-7.3.2-20220804-6354275  User: oesteban  Machine: dna078  Platform: Linux  PlatformVersion: 5.14.0-427.37.1.el9_4.x86_64  CompilerName: GCC  CompilerVersion: 8.4.0
ProgramName: mris_register  ProgramArguments: mris_register -all-info  ProgramVersion: 7.3.2  TimeStamp: 2026/03/15-10:13:03-GMT  BuildTime: Aug  4 2022 06:17:15  BuildStamp: freesurfer-linux-ubuntu22_x86_64-7.3.2-20220804-6354275  User: oesteban  Machine: dna078  Platform: Linux  PlatformVersion: 5.14.0-427.37.1.el9_4.x86_64  CompilerName: GCC  CompilerVersion: 8.4.0
ProgramName: mris_smooth  ProgramArguments: mris_smooth -all-info  ProgramVersion: 7.3.2  TimeStamp: 2026/03/15-10:13:03-GMT  BuildTime: Aug  4 2022 06:17:15  BuildStamp: freesurfer-linux-ubuntu22_x86_64-7.3.2-20220804-6354275  User: oesteban  Machine: dna078  Platform: Linux  PlatformVersion: 5.14.0-427.37.1.el9_4.x86_64  CompilerName: GCC  CompilerVersion: 8.4.0
ProgramName: mris_sphere  ProgramArguments: mris_sphere -all-info  ProgramVersion: 7.3.2  TimeStamp: 2026/03/15-10:13:03-GMT  BuildTime: Aug  4 2022 06:17:15  BuildStamp: freesurfer-linux-ubuntu22_x86_64-7.3.2-20220804-6354275  User: oesteban  Machine: dna078  Platform: Linux  PlatformVersion: 5.14.0-427.37.1.el9_4.x86_64  CompilerName: GCC  CompilerVersion: 8.4.0
ProgramName: mris_surface_stats  ProgramArguments: mris_surface_stats -all-info  ProgramVersion: 7.3.2  TimeStamp: 2026/03/15-10:13:03-GMT  BuildTime: Aug  4 2022 06:17:15  BuildStamp: freesurfer-linux-ubuntu22_x86_64-7.3.2-20220804-6354275  User: oesteban  Machine: dna078  Platform: Linux  PlatformVersion: 5.14.0-427.37.1.el9_4.x86_64  CompilerName: GCC  CompilerVersion: 8.4.0
ProgramName: mri_stats2seg  ProgramArguments: mri_stats2seg -all-info  ProgramVersion: 7.3.2  TimeStamp: 2026/03/15-10:13:03-GMT  BuildTime: Aug  4 2022 06:17:15  BuildStamp: freesurfer-linux-ubuntu22_x86_64-7.3.2-20220804-6354275  User: oesteban  Machine: dna078  Platform: Linux  PlatformVersion: 5.14.0-427.37.1.el9_4.x86_64  CompilerName: GCC  CompilerVersion: 8.4.0
ProgramName: mris_thickness  ProgramArguments: mris_thickness -all-info  ProgramVersion: 7.3.2  TimeStamp: 2026/03/15-10:13:03-GMT  BuildTime: Aug  4 2022 06:17:15  BuildStamp: freesurfer-linux-ubuntu22_x86_64-7.3.2-20220804-6354275  User: oesteban  Machine: dna078  Platform: Linux  PlatformVersion: 5.14.0-427.37.1.el9_4.x86_64  CompilerName: GCC  CompilerVersion: 8.4.0
ProgramName: mris_thickness_diff  ProgramArguments: mris_thickness_diff -all-info  ProgramVersion: 7.3.2  TimeStamp: 2026/03/15-10:13:03-GMT  BuildTime: Aug  4 2022 06:17:15  BuildStamp: freesurfer-linux-ubuntu22_x86_64-7.3.2-20220804-6354275  User: oesteban  Machine: dna078  Platform: Linux  PlatformVersion: 5.14.0-427.37.1.el9_4.x86_64  CompilerName: GCC  CompilerVersion: 8.4.0
ProgramName: mris_topo_fixer  ProgramArguments: mris_topo_fixer -all-info  ProgramVersion: 7.3.2  TimeStamp: 2026/03/15-10:13:03-GMT  BuildTime: Aug  4 2022 06:17:15  BuildStamp: freesurfer-linux-ubuntu22_x86_64-7.3.2-20220804-6354275  User: oesteban  Machine: dna078  Platform: Linux  PlatformVersion: 5.14.0-427.37.1.el9_4.x86_64  CompilerName: GCC  CompilerVersion: 8.4.0
ProgramName: mri_surf2surf  ProgramArguments: mri_surf2surf -all-info  ProgramVersion: 7.3.2  TimeStamp: 2026/03/15-10:13:03-GMT  BuildTime: Aug  4 2022 06:17:15  BuildStamp: freesurfer-linux-ubuntu22_x86_64-7.3.2-20220804-6354275  User: oesteban  Machine: dna078  Platform: Linux  PlatformVersion: 5.14.0-427.37.1.el9_4.x86_64  CompilerName: GCC  CompilerVersion: 8.4.0
ProgramName: mri_surf2vol  ProgramArguments: mri_surf2vol -all-info  ProgramVersion: 7.3.2  TimeStamp: 2026/03/15-10:13:03-GMT  BuildTime: Aug  4 2022 06:17:15  BuildStamp: freesurfer-linux-ubuntu22_x86_64-7.3.2-20220804-6354275  User: oesteban  Machine: dna078  Platform: Linux  PlatformVersion: 5.14.0-427.37.1.el9_4.x86_64  CompilerName: GCC  CompilerVersion: 8.4.0
ProgramName: mri_surfcluster  ProgramArguments: mri_surfcluster -all-info  ProgramVersion: 7.3.2  TimeStamp: 2026/03/15-10:13:03-GMT  BuildTime: Aug  4 2022 06:17:15  BuildStamp: freesurfer-linux-ubuntu22_x86_64-7.3.2-20220804-6354275  User: oesteban  Machine: dna078  Platform: Linux  PlatformVersion: 5.14.0-427.37.1.el9_4.x86_64  CompilerName: GCC  CompilerVersion: 8.4.0
ProgramName: mris_volmask  ProgramArguments: mris_volmask -all-info  ProgramVersion: 7.3.2  TimeStamp: 2026/03/15-10:13:03-GMT  BuildTime: Aug  4 2022 06:17:15  BuildStamp: freesurfer-linux-ubuntu22_x86_64-7.3.2-20220804-6354275  User: oesteban  Machine: dna078  Platform: Linux  PlatformVersion: 5.14.0-427.37.1.el9_4.x86_64  CompilerName: GCC  CompilerVersion: 8.4.0
ProgramName: mri_tessellate  ProgramArguments: mri_tessellate -all-info  ProgramVersion: 7.3.2  TimeStamp: 2026/03/15-10:13:03-GMT  BuildTime: Aug  4 2022 06:17:15  BuildStamp: freesurfer-linux-ubuntu22_x86_64-7.3.2-20220804-6354275  User: oesteban  Machine: dna078  Platform: Linux  PlatformVersion: 5.14.0-427.37.1.el9_4.x86_64  CompilerName: GCC  CompilerVersion: 8.4.0
ProgramName: mri_vol2surf  ProgramArguments: mri_vol2surf -all-info  ProgramVersion: 7.3.2  TimeStamp: 2026/03/15-10:13:03-GMT  BuildTime: Aug  4 2022 06:17:15  BuildStamp: freesurfer-linux-ubuntu22_x86_64-7.3.2-20220804-6354275  User: oesteban  Machine: dna078  Platform: Linux  PlatformVersion: 5.14.0-427.37.1.el9_4.x86_64  CompilerName: GCC  CompilerVersion: 8.4.0
ProgramName: mri_vol2vol  ProgramArguments: mri_vol2vol -all-info  ProgramVersion: 7.3.2  TimeStamp: 2026/03/15-10:13:03-GMT  BuildTime: Aug  4 2022 06:17:15  BuildStamp: freesurfer-linux-ubuntu22_x86_64-7.3.2-20220804-6354275  User: oesteban  Machine: dna078  Platform: Linux  PlatformVersion: 5.14.0-427.37.1.el9_4.x86_64  CompilerName: GCC  CompilerVersion: 8.4.0
ProgramName: mri_voldiff  ProgramArguments: mri_voldiff -all-info  ProgramVersion: 7.3.2  TimeStamp: 2026/03/15-10:13:03-GMT  BuildTime: Aug  4 2022 06:17:15  BuildStamp: freesurfer-linux-ubuntu22_x86_64-7.3.2-20220804-6354275  User: oesteban  Machine: dna078  Platform: Linux  PlatformVersion: 5.14.0-427.37.1.el9_4.x86_64  CompilerName: GCC  CompilerVersion: 8.4.0
ProgramName: mri_watershed  ProgramArguments: mri_watershed -all-info  ProgramVersion: 7.3.2  TimeStamp: 2026/03/15-10:13:03-GMT  BuildTime: Aug  4 2022 06:17:15  BuildStamp: freesurfer-linux-ubuntu22_x86_64-7.3.2-20220804-6354275  User: oesteban  Machine: dna078  Platform: Linux  PlatformVersion: 5.14.0-427.37.1.el9_4.x86_64  CompilerName: GCC  CompilerVersion: 8.4.0
ProgramName: tkregister2  ProgramArguments: tkregister2_cmdl -all-info  ProgramVersion: 7.3.2  TimeStamp: 2026/03/15-10:13:03-GMT  BuildTime: Aug  4 2022 06:17:15  BuildStamp: freesurfer-linux-ubuntu22_x86_64-7.3.2-20220804-6354275  User: oesteban  Machine: dna078  Platform: Linux  PlatformVersion: 5.14.0-427.37.1.el9_4.x86_64  CompilerName: GCC  CompilerVersion: 8.4.0
mri_motion_correct.fsl 7.3.2
mri_convert -all-info 
ProgramName: mri_convert  ProgramArguments: mri_convert -all-info  ProgramVersion: 7.3.2  TimeStamp: 2026/03/15-10:13:03-GMT  BuildTime: Aug  4 2022 06:17:15  BuildStamp: freesurfer-linux-ubuntu22_x86_64-7.3.2-20220804-6354275  User: oesteban  Machine: dna078  Platform: Linux  PlatformVersion: 5.14.0-427.37.1.el9_4.x86_64  CompilerName: GCC  CompilerVersion: 8.4.0
Program nu_correct, built from:
Package MNI N3, version 1.12.0, compiled by nicks@terrier (x86_64-unknown-linux-gnu) on 2015-06-19 at 01:25:34
#######################################
GCADIR /opt/freesurfer/average
GCA RB_all_2020-01-02.gca
GCASkull RB_all_withskull_2020_01_02.gca
AvgCurvTif folding.atlas.acfb40.noaparc.i12.2016-08-02.tif
GCSDIR /opt/freesurfer/average
GCS DKaparc.atlas.acfb40.noaparc.i12.2016-08-02.gcs
#######################################
/out/sourcedata/freesurfer/sub-v2s10x29004_ses-1

 mri_convert /work/fmriprep_25_2_wf/sub_v2s10x29004_ses_1_wf/anat_fit_wf/anat_validate/sub-v2s10x29004_ses-1_run-1_T1w_noise_corrected_ras_valid.nii.gz /out/sourcedata/freesurfer/sub-v2s10x29004_ses-1/mri/orig/001.mgz 

mri_convert /work/fmriprep_25_2_wf/sub_v2s10x29004_ses_1_wf/anat_fit_wf/anat_validate/sub-v2s10x29004_ses-1_run-1_T1w_noise_corrected_ras_valid.nii.gz /out/sourcedata/freesurfer/sub-v2s10x29004_ses-1/mri/orig/001.mgz 
reading from /work/fmriprep_25_2_wf/sub_v2s10x29004_ses_1_wf/anat_fit_wf/anat_validate/sub-v2s10x29004_ses-1_run-1_T1w_noise_corrected_ras_valid.nii.gz...
TR=0.00, TE=0.00, TI=0.00, flip angle=0.00
i_ras = (0.998136, 0.0487872, -0.0366608)
j_ras = (-0.04882, 0.998808, -1.51627e-08)
k_ras = (0.036617, 0.00178979, 0.999328)
writing to /out/sourcedata/freesurfer/sub-v2s10x29004_ses-1/mri/orig/001.mgz...
#--------------------------------------------
#@# MotionCor Sun Mar 15 11:13:05 CET 2026
Found 1 runs
/out/sourcedata/freesurfer/sub-v2s10x29004_ses-1/mri/orig/001.mgz
Checking for (invalid) multi-frame inputs...
Only one run found so motion
correction will not be performed. I'll
copy the run to rawavg and continue.

 cp /out/sourcedata/freesurfer/sub-v2s10x29004_ses-1/mri/orig/001.mgz /out/sourcedata/freesurfer/sub-v2s10x29004_ses-1/mri/rawavg.mgz 


 mri_info /out/sourcedata/freesurfer/sub-v2s10x29004_ses-1/mri/rawavg.mgz 

rawavg.mgz ========================================
Volume information for /out/sourcedata/freesurfer/sub-v2s10x29004_ses-1/mri/rawavg.mgz
          type: MGH
    dimensions: 160 x 240 x 256
   voxel sizes: 1.000000, 1.000000, 1.000000
          type: FLOAT (3)
           fov: 256.000
           dof: 1
        xstart: -80.0, xend: 80.0
        ystart: -120.0, yend: 120.0
        zstart: -128.0, zend: 128.0
            TR: 0.00 msec, TE: 0.00 msec, TI: 0.00 msec, flip angle: 0.00 degrees
       nframes: 1
       PhEncDir: UNKNOWN
       FieldStrength: 0.000000
ras xform present
    xform info: x_r =   0.9981, y_r =  -0.0488, z_r =   0.0366, c_r =    -2.0251
              : x_a =   0.0488, y_a =   0.9988, z_a =   0.0018, c_a =    16.7435
              : x_s =  -0.0367, y_s =  -0.0000, z_s =   0.9993, c_s =   -16.3283

talairach xfm : 
Orientation   : RAS
Primary Slice Direction: axial

voxel to ras transform:
                0.9981  -0.0488   0.0366   -80.7045
                0.0488   0.9988   0.0018  -107.2455
               -0.0367  -0.0000   0.9993  -141.3094
                0.0000   0.0000   0.0000     1.0000

voxel-to-ras determinant 1

ras to voxel transform:
                0.9981   0.0488  -0.0367    80.6058
               -0.0488   0.9988  -0.0000   103.1776
                0.0366   0.0018   0.9993   144.3615
                0.0000   0.0000   0.0000     1.0000
/out/sourcedata/freesurfer/sub-v2s10x29004_ses-1

 mri_convert /out/sourcedata/freesurfer/sub-v2s10x29004_ses-1/mri/rawavg.mgz /out/sourcedata/freesurfer/sub-v2s10x29004_ses-1/mri/orig.mgz --conform 

mri_convert /out/sourcedata/freesurfer/sub-v2s10x29004_ses-1/mri/rawavg.mgz /out/sourcedata/freesurfer/sub-v2s10x29004_ses-1/mri/orig.mgz --conform 
reading from /out/sourcedata/freesurfer/sub-v2s10x29004_ses-1/mri/rawavg.mgz...
TR=0.00, TE=0.00, TI=0.00, flip angle=0.00
i_ras = (0.998136, 0.0487872, -0.0366608)
j_ras = (-0.04882, 0.998808, -1.51627e-08)
k_ras = (0.036617, 0.00178979, 0.999328)
changing data type from float to uchar (noscale = 0)...
MRIchangeType: Building histogram -0.00069046 926.315 1000, flo=0, fhi=0.999, dest_type=0
Reslicing using trilinear interpolation 
writing to /out/sourcedata/freesurfer/sub-v2s10x29004_ses-1/mri/orig.mgz...

 mri_add_xform_to_header -c /out/sourcedata/freesurfer/sub-v2s10x29004_ses-1/mri/transforms/talairach.xfm /out/sourcedata/freesurfer/sub-v2s10x29004_ses-1/mri/orig.mgz /out/sourcedata/freesurfer/sub-v2s10x29004_ses-1/mri/orig.mgz 

INFO: extension is mgz

 mri_info /out/sourcedata/freesurfer/sub-v2s10x29004_ses-1/mri/orig.mgz 

orig.mgz ========================================
Volume information for /out/sourcedata/freesurfer/sub-v2s10x29004_ses-1/mri/orig.mgz
          type: MGH
    dimensions: 256 x 256 x 256
   voxel sizes: 1.000000, 1.000000, 1.000000
          type: UCHAR (0)
           fov: 256.000
           dof: 1
        xstart: -128.0, xend: 128.0
        ystart: -128.0, yend: 128.0
        zstart: -128.0, zend: 128.0
            TR: 0.00 msec, TE: 0.00 msec, TI: 0.00 msec, flip angle: 0.00 degrees
       nframes: 1
       PhEncDir: UNKNOWN
       FieldStrength: 0.000000
ras xform present
    xform info: x_r =  -1.0000, y_r =  -0.0000, z_r =   0.0000, c_r =    -2.0251
              : x_a =  -0.0000, y_a =   0.0000, z_a =   1.0000, c_a =    16.7435
              : x_s =  -0.0000, y_s =  -1.0000, z_s =  -0.0000, c_s =   -16.3283

talairach xfm : /out/sourcedata/freesurfer/sub-v2s10x29004_ses-1/mri/transforms/talairach.xfm
Orientation   : LIA
Primary Slice Direction: coronal

voxel to ras transform:
               -1.0000  -0.0000   0.0000   125.9749
               -0.0000   0.0000   1.0000  -111.2565
               -0.0000  -1.0000  -0.0000   111.6717
                0.0000   0.0000   0.0000     1.0000

voxel-to-ras determinant -1

ras to voxel transform:
               -1.0000   0.0000   0.0000   125.9749
                0.0000  -0.0000  -1.0000   111.6717
               -0.0000   1.0000   0.0000   111.2565
               -0.0000  -0.0000  -0.0000     1.0000
#--------------------------------------------
#@# Talairach Sun Mar 15 11:13:10 CET 2026
/out/sourcedata/freesurfer/sub-v2s10x29004_ses-1/mri

 mri_nu_correct.mni --no-rescale --i orig.mgz --o orig_nu.mgz --ants-n4 --n 1 --proto-iters 1000 --distance 50 

/usr/bin/bc
/out/sourcedata/freesurfer/sub-v2s10x29004_ses-1/mri
/opt/freesurfer/bin/mri_nu_correct.mni
--no-rescale --i orig.mgz --o orig_nu.mgz --ants-n4 --n 1 --proto-iters 1000 --distance 50
nIters 1
mri_nu_correct.mni 7.3.2
Linux dna078 5.14.0-427.37.1.el9_4.x86_64 #1 SMP PREEMPT_DYNAMIC Fri Sep 13 12:41:50 EDT 2024 x86_64 x86_64 x86_64 GNU/Linux
Sun Mar 15 11:13:10 CET 2026
tmpdir is ./tmp.mri_nu_correct.mni.3846024
cd /out/sourcedata/freesurfer/sub-v2s10x29004_ses-1/mri
AntsN4BiasFieldCorrectionFs -i orig.mgz -o ./tmp.mri_nu_correct.mni.3846024/nu0.mgz --dtype uchar
AntsN4BiasFieldCorrectionFs done
mri_convert ./tmp.mri_nu_correct.mni.3846024/nu0.mgz orig_nu.mgz --like orig.mgz --conform
mri_convert ./tmp.mri_nu_correct.mni.3846024/nu0.mgz orig_nu.mgz --like orig.mgz --conform 
reading from ./tmp.mri_nu_correct.mni.3846024/nu0.mgz...
TR=0.00, TE=0.00, TI=0.00, flip angle=0.00
i_ras = (-1, -1.60071e-09, -3.72529e-09)
j_ras = (-3.72529e-09, 0, -1)
k_ras = (5.33328e-09, 1, -1.16415e-10)
INFO: transform src into the like-volume: orig.mgz
writing to orig_nu.mgz...
 
 
Sun Mar 15 11:15:44 CET 2026
mri_nu_correct.mni done

 talairach_avi --i orig_nu.mgz --xfm transforms/talairach.auto.xfm 

talairach_avi log file is transforms/talairach_avi.log...
mv -f /out/sourcedata/freesurfer/sub-v2s10x29004_ses-1/mri/talsrcimg_to_711-2C_as_mni_average_305_t4_vox2vox.txt /out/sourcedata/freesurfer/sub-v2s10x29004_ses-1/mri/transforms/talsrcimg_to_711-2C_as_mni_average_305_t4_vox2vox.txt
Started at Sun Mar 15 11:15:44 CET 2026
Ended   at Sun Mar 15 11:15:59 CET 2026
talairach_avi done

 cp transforms/talairach.auto.xfm transforms/talairach.xfm 

lta_convert --src orig.mgz --trg /opt/freesurfer/average/mni305.cor.mgz --inxfm transforms/talairach.xfm --outlta transforms/talairach.xfm.lta --subject fsaverage --ltavox2vox
7.3.2

--src: orig.mgz src image (geometry).
--trg: /opt/freesurfer/average/mni305.cor.mgz trg image (geometry).
--inmni: transforms/talairach.xfm input MNI/XFM transform.
--outlta: transforms/talairach.xfm.lta output LTA.
--s: fsaverage subject name
--ltavox2vox: output LTA as VOX_TO_VOX transform.
 LTA read, type : 1
 1.11815   0.06115  -0.04922   1.40196;
-0.04293   1.16375   0.17688  -14.17475;
 0.03690  -0.26871   1.24520  -11.74011;
 0.00000   0.00000   0.00000   1.00000;
setting subject to fsaverage
Writing  LTA to file transforms/talairach.xfm.lta...
lta_convert successful.
#--------------------------------------------
#@# Talairach Failure Detection Sun Mar 15 11:16:01 CET 2026
/out/sourcedata/freesurfer/sub-v2s10x29004_ses-1/mri

 talairach_afd -T 0.005 -xfm transforms/talairach.xfm 

talairach_afd: Talairach Transform: transforms/talairach.xfm OK (p=0.8141, pval=0.8469 >= threshold=0.0050)

 awk -f /opt/freesurfer/bin/extract_talairach_avi_QA.awk /out/sourcedata/freesurfer/sub-v2s10x29004_ses-1/mri/transforms/talairach_avi.log 


 tal_QC_AZS /out/sourcedata/freesurfer/sub-v2s10x29004_ses-1/mri/transforms/talairach_avi.log 

TalAviQA: 0.97480
z-score: 0
#--------------------------------------------
#@# Nu Intensity Correction Sun Mar 15 11:16:01 CET 2026

 mri_nu_correct.mni --i orig.mgz --o nu.mgz --uchar transforms/talairach.xfm --n 2 --ants-n4 

/usr/bin/bc
/out/sourcedata/freesurfer/sub-v2s10x29004_ses-1/mri
/opt/freesurfer/bin/mri_nu_correct.mni
--i orig.mgz --o nu.mgz --uchar transforms/talairach.xfm --n 2 --ants-n4
nIters 2
mri_nu_correct.mni 7.3.2
Linux dna078 5.14.0-427.37.1.el9_4.x86_64 #1 SMP PREEMPT_DYNAMIC Fri Sep 13 12:41:50 EDT 2024 x86_64 x86_64 x86_64 GNU/Linux
Sun Mar 15 11:16:01 CET 2026
tmpdir is ./tmp.mri_nu_correct.mni.3848967
cd /out/sourcedata/freesurfer/sub-v2s10x29004_ses-1/mri
AntsN4BiasFieldCorrectionFs -i orig.mgz -o ./tmp.mri_nu_correct.mni.3848967/nu0.mgz --dtype uchar
AntsN4BiasFieldCorrectionFs done
mri_binarize --i ./tmp.mri_nu_correct.mni.3848967/nu0.mgz --min -1 --o ./tmp.mri_nu_correct.mni.3848967/ones.mgz

7.3.2
cwd /out/sourcedata/freesurfer/sub-v2s10x29004_ses-1/mri
cmdline mri_binarize --i ./tmp.mri_nu_correct.mni.3848967/nu0.mgz --min -1 --o ./tmp.mri_nu_correct.mni.3848967/ones.mgz 
sysname  Linux
hostname dna078
machine  x86_64
user     oesteban

input      ./tmp.mri_nu_correct.mni.3848967/nu0.mgz
frame      0
nErode3d   0
nErode2d   0
output     ./tmp.mri_nu_correct.mni.3848967/ones.mgz
Binarizing based on threshold
min        -1
max        +infinity
binval        1
binvalnot     0
fstart = 0, fend = 0, nframes = 1
Starting parallel 1
Found 16777216 values in range
Counting number of voxels in first frame
Found 16777215 voxels in final mask
Writing output to ./tmp.mri_nu_correct.mni.3848967/ones.mgz
Count: 16777215 16777215.000000 16777216 99.999994
mri_binarize done
mri_segstats --id 1 --seg ./tmp.mri_nu_correct.mni.3848967/ones.mgz --i orig.mgz --sum ./tmp.mri_nu_correct.mni.3848967/sum.junk --avgwf ./tmp.mri_nu_correct.mni.3848967/input.mean.dat

7.3.2
cwd 
cmdline mri_segstats --id 1 --seg ./tmp.mri_nu_correct.mni.3848967/ones.mgz --i orig.mgz --sum ./tmp.mri_nu_correct.mni.3848967/sum.junk --avgwf ./tmp.mri_nu_correct.mni.3848967/input.mean.dat 
sysname  Linux
hostname dna078
machine  x86_64
user     oesteban
whitesurfname  white
UseRobust  0
Loading ./tmp.mri_nu_correct.mni.3848967/ones.mgz
Loading orig.mgz
Voxel Volume is 1 mm^3
Generating list of segmentation ids
Found   1 segmentations
Computing statistics for each segmentation

Reporting on   1 segmentations
Using PrintSegStat
Computing spatial average of each frame

Writing to ./tmp.mri_nu_correct.mni.3848967/input.mean.dat
mri_segstats done
mri_segstats --id 1 --seg ./tmp.mri_nu_correct.mni.3848967/ones.mgz --i ./tmp.mri_nu_correct.mni.3848967/nu0.mgz --sum ./tmp.mri_nu_correct.mni.3848967/sum.junk --avgwf ./tmp.mri_nu_correct.mni.3848967/output.mean.dat

7.3.2
cwd 
cmdline mri_segstats --id 1 --seg ./tmp.mri_nu_correct.mni.3848967/ones.mgz --i ./tmp.mri_nu_correct.mni.3848967/nu0.mgz --sum ./tmp.mri_nu_correct.mni.3848967/sum.junk --avgwf ./tmp.mri_nu_correct.mni.3848967/output.mean.dat 
sysname  Linux
hostname dna078
machine  x86_64
user     oesteban
whitesurfname  white
UseRobust  0
Loading ./tmp.mri_nu_correct.mni.3848967/ones.mgz
Loading ./tmp.mri_nu_correct.mni.3848967/nu0.mgz
Voxel Volume is 1 mm^3
Generating list of segmentation ids
Found   1 segmentations
Computing statistics for each segmentation

Reporting on   1 segmentations
Using PrintSegStat
Computing spatial average of each frame

Writing to ./tmp.mri_nu_correct.mni.3848967/output.mean.dat
mri_segstats done
mris_calc -o ./tmp.mri_nu_correct.mni.3848967/nu0.mgz ./tmp.mri_nu_correct.mni.3848967/nu0.mgz mul 1.18440113480149189153
Saving result to './tmp.mri_nu_correct.mni.3848967/nu0.mgz' (type = MGH )                       [ ok ]
mri_convert ./tmp.mri_nu_correct.mni.3848967/nu0.mgz nu.mgz --like orig.mgz
mri_convert ./tmp.mri_nu_correct.mni.3848967/nu0.mgz nu.mgz --like orig.mgz 
reading from ./tmp.mri_nu_correct.mni.3848967/nu0.mgz...
TR=0.00, TE=0.00, TI=0.00, flip angle=0.00
i_ras = (-1, -1.60071e-09, -3.72529e-09)
j_ras = (-3.72529e-09, 0, -1)
k_ras = (5.33328e-09, 1, -1.16415e-10)
INFO: transform src into the like-volume: orig.mgz
writing to nu.mgz...
mri_make_uchar nu.mgz transforms/talairach.xfm nu.mgz
type change took 0 minutes and 3 seconds.
FIRST_PERCENTILE 0.010000
WM_PERCENTILE    0.900000
MAX_R 50.000000
i1 = 8, i2 = 83
#mri_make_uchar# mapping 20 212 to  3 110  :  b -8.91133 m 0.560609 : thresh 15.8958 maxsat 470.759 : nzero 14579549 nsat 0
 
 
Sun Mar 15 11:18:45 CET 2026
mri_nu_correct.mni done

 mri_add_xform_to_header -c /out/sourcedata/freesurfer/sub-v2s10x29004_ses-1/mri/transforms/talairach.xfm nu.mgz nu.mgz 

INFO: extension is mgz
#--------------------------------------------
#@# Intensity Normalization Sun Mar 15 11:18:46 CET 2026
/out/sourcedata/freesurfer/sub-v2s10x29004_ses-1/mri

 mri_normalize -g 1 -seed 1234 -mprage nu.mgz T1.mgz 

using max gradient = 1.000
setting seed for random number genererator to 1234
assuming input volume is MGH (Van der Kouwe) MP-RAGE
reading mri_src from nu.mgz...
normalizing image...
NOT doing gentle normalization with control points/label
talairach transform
 1.11815   0.06115  -0.04922   1.40196;
-0.04293   1.16375   0.17688  -14.17475;
 0.03690  -0.26871   1.24520  -11.74011;
 0.00000   0.00000   0.00000   1.00000;
processing without aseg, no1d=0
MRInormInit(): 
INFO: Modifying talairach volume c_(r,a,s) based on average_305
MRInormalize(): 
MRIsplineNormalize(): npeaks = 14
Starting OpenSpline(): npoints = 14
building Voronoi diagram...
performing soap bubble smoothing, sigma = 8...

Iterating 2 times
---------------------------------
3d normalization pass 1 of 2
white matter peak found at 110
white matter peak found at 110
gm peak at 68 (68), valley at 38 (38)
csf peak at 35, setting threshold to 57
building Voronoi diagram...
performing soap bubble smoothing, sigma = 8...
---------------------------------
3d normalization pass 2 of 2
white matter peak found at 110
white matter peak found at 110
gm peak at 70 (70), valley at 40 (40)
csf peak at 36, setting threshold to 58
building Voronoi diagram...
performing soap bubble smoothing, sigma = 8...
Done iterating ---------------------------------
writing output to T1.mgz
3D bias adjustment took 1 minutes and 0 seconds.

Started at Sun Mar 15 11:13:03 CET 2026 
Ended   at Sun Mar 15 11:19:46 CET 2026
#@#%# recon-all-run-time-hours 0.112
recon-all -s sub-v2s10x29004_ses-1 finished without error at Sun Mar 15 11:19:46 CET 2026



#New# invocation of recon-all 




Sun Mar 15 11:25:14 CET 2026
cd /out/sourcedata/freesurfer/sub-v2s10x29004_ses-1
setenv SUBJECTS_DIR /out/sourcedata/freesurfer
/opt/freesurfer/bin/recon-all -openmp 16 -subjid sub-v2s10x29004_ses-1 -sd /out/sourcedata/freesurfer -gcareg

subjid sub-v2s10x29004_ses-1
setenv SUBJECTS_DIR /out/sourcedata/freesurfer
FREESURFER_HOME /opt/freesurfer
Actual FREESURFER_HOME /opt/freesurfer
build-stamp.txt: freesurfer-linux-ubuntu22_x86_64-7.3.2-20220804-6354275
Linux dna078 5.14.0-427.37.1.el9_4.x86_64 #1 SMP PREEMPT_DYNAMIC Fri Sep 13 12:41:50 EDT 2024 x86_64 x86_64 x86_64 GNU/Linux
cputime      unlimited
filesize     unlimited
datasize     unlimited
stacksize    8192 kbytes
coredumpsize 0 kbytes
memoryuse    67108864 kbytes
vmemoryuse   unlimited
descriptors  1024 
memorylocked unlimited
maxproc      2061970 
maxlocks     unlimited
maxsignal    2062029 
maxmessage   819200 
maxnice      0 
maxrtprio    0 
maxrttime    unlimited

               total        used        free      shared  buff/cache   available
Mem:           503Gi        53Gi       390Gi       9.2Gi        59Gi       437Gi
Swap:             0B          0B          0B

########################################
program versions used
7.3.2 (freesurfer-linux-ubuntu22_x86_64-7.3.2-20220804-6354275)
7.3.2

ProgramName: lta_convert  ProgramArguments: lta_convert -all-info  ProgramVersion: 7.3.2  TimeStamp: 2026/03/15-10:25:14-GMT  BuildTime: Aug  4 2022 06:17:15  BuildStamp: freesurfer-linux-ubuntu22_x86_64-7.3.2-20220804-6354275  User: oesteban  Machine: dna078  Platform: Linux  PlatformVersion: 5.14.0-427.37.1.el9_4.x86_64  CompilerName: GCC  CompilerVersion: 8.4.0
ProgramName: mri_and  ProgramArguments: mri_and -all-info  ProgramVersion: 7.3.2  TimeStamp: 2026/03/15-10:25:14-GMT  BuildTime: Aug  4 2022 06:17:15  BuildStamp: freesurfer-linux-ubuntu22_x86_64-7.3.2-20220804-6354275  User: oesteban  Machine: dna078  Platform: Linux  PlatformVersion: 5.14.0-427.37.1.el9_4.x86_64  CompilerName: GCC  CompilerVersion: 8.4.0
ProgramName: mri_annotation2label  ProgramArguments: mri_annotation2label -all-info  ProgramVersion: 7.3.2  TimeStamp: 2026/03/15-10:25:14-GMT  BuildTime: Aug  4 2022 06:17:15  BuildStamp: freesurfer-linux-ubuntu22_x86_64-7.3.2-20220804-6354275  User: oesteban  Machine: dna078  Platform: Linux  PlatformVersion: 5.14.0-427.37.1.el9_4.x86_64  CompilerName: GCC  CompilerVersion: 8.4.0
ProgramName: mri_aparc2aseg  ProgramArguments: mri_aparc2aseg -all-info  ProgramVersion: 7.3.2  TimeStamp: 2026/03/15-10:25:14-GMT  BuildTime: Aug  4 2022 06:17:15  BuildStamp: freesurfer-linux-ubuntu22_x86_64-7.3.2-20220804-6354275  User: oesteban  Machine: dna078  Platform: Linux  PlatformVersion: 5.14.0-427.37.1.el9_4.x86_64  CompilerName: GCC  CompilerVersion: 8.4.0
ProgramName: mri_surf2volseg  ProgramArguments: mri_surf2volseg -all-info  ProgramVersion: 7.3.2  TimeStamp: 2026/03/15-10:25:14-GMT  BuildTime: Aug  4 2022 06:17:15  BuildStamp: freesurfer-linux-ubuntu22_x86_64-7.3.2-20220804-6354275  User: oesteban  Machine: dna078  Platform: Linux  PlatformVersion: 5.14.0-427.37.1.el9_4.x86_64  CompilerName: GCC  CompilerVersion: 8.4.0
ProgramName: mri_binarize  ProgramArguments: mri_binarize -all-info  ProgramVersion: 7.3.2  TimeStamp: 2026/03/15-10:25:14-GMT  BuildTime: Aug  4 2022 06:17:15  BuildStamp: freesurfer-linux-ubuntu22_x86_64-7.3.2-20220804-6354275  User: oesteban  Machine: dna078  Platform: Linux  PlatformVersion: 5.14.0-427.37.1.el9_4.x86_64  CompilerName: GCC  CompilerVersion: 8.4.0
ProgramName: mri_ca_label  ProgramArguments: mri_ca_label -all-info  ProgramVersion: 7.3.2  TimeStamp: 2026/03/15-10:25:14-GMT  BuildTime: Aug  4 2022 06:17:15  BuildStamp: freesurfer-linux-ubuntu22_x86_64-7.3.2-20220804-6354275  User: oesteban  Machine: dna078  Platform: Linux  PlatformVersion: 5.14.0-427.37.1.el9_4.x86_64  CompilerName: GCC  CompilerVersion: 8.4.0
ProgramName: mri_ca_normalize  ProgramArguments: mri_ca_normalize -all-info  ProgramVersion: 7.3.2  TimeStamp: 2026/03/15-10:25:14-GMT  BuildTime: Aug  4 2022 06:17:15  BuildStamp: freesurfer-linux-ubuntu22_x86_64-7.3.2-20220804-6354275  User: oesteban  Machine: dna078  Platform: Linux  PlatformVersion: 5.14.0-427.37.1.el9_4.x86_64  CompilerName: GCC  CompilerVersion: 8.4.0
ProgramName: mri_ca_register  ProgramArguments: mri_ca_register -all-info  ProgramVersion: 7.3.2  TimeStamp: 2026/03/15-10:25:14-GMT  BuildTime: Aug  4 2022 06:17:15  BuildStamp: freesurfer-linux-ubuntu22_x86_64-7.3.2-20220804-6354275  User: oesteban  Machine: dna078  Platform: Linux  PlatformVersion: 5.14.0-427.37.1.el9_4.x86_64  CompilerName: GCC  CompilerVersion: 8.4.0
ProgramName: mri_cc  ProgramArguments: mri_cc -all-info  ProgramVersion: 7.3.2  TimeStamp: 2026/03/15-10:25:14-GMT  BuildTime: Aug  4 2022 06:17:15  BuildStamp: freesurfer-linux-ubuntu22_x86_64-7.3.2-20220804-6354275  User: oesteban  Machine: dna078  Platform: Linux  PlatformVersion: 5.14.0-427.37.1.el9_4.x86_64  CompilerName: GCC  CompilerVersion: 8.4.0
ProgramName: mri_compute_overlap  ProgramArguments: mri_compute_overlap -all-info  ProgramVersion: 7.3.2  TimeStamp: 2026/03/15-10:25:14-GMT  BuildTime: Aug  4 2022 06:17:15  BuildStamp: freesurfer-linux-ubuntu22_x86_64-7.3.2-20220804-6354275  User: oesteban  Machine: dna078  Platform: Linux  PlatformVersion: 5.14.0-427.37.1.el9_4.x86_64  CompilerName: GCC  CompilerVersion: 8.4.0
ProgramName: mri_compute_seg_overlap  ProgramArguments: mri_compute_seg_overlap -all-info  ProgramVersion: 7.3.2  TimeStamp: 2026/03/15-10:25:14-GMT  BuildTime: Aug  4 2022 06:17:15  BuildStamp: freesurfer-linux-ubuntu22_x86_64-7.3.2-20220804-6354275  User: oesteban  Machine: dna078  Platform: Linux  PlatformVersion: 5.14.0-427.37.1.el9_4.x86_64  CompilerName: GCC  CompilerVersion: 8.4.0
ProgramName: mri_concat  ProgramArguments: mri_concat -all-info  ProgramVersion: 7.3.2  TimeStamp: 2026/03/15-10:25:14-GMT  BuildTime: Aug  4 2022 06:17:15  BuildStamp: freesurfer-linux-ubuntu22_x86_64-7.3.2-20220804-6354275  User: oesteban  Machine: dna078  Platform: Linux  PlatformVersion: 5.14.0-427.37.1.el9_4.x86_64  CompilerName: GCC  CompilerVersion: 8.4.0
ProgramName: mri_concatenate_lta  ProgramArguments: mri_concatenate_lta -all-info  ProgramVersion: 7.3.2  TimeStamp: 2026/03/15-10:25:14-GMT  BuildTime: Aug  4 2022 06:17:15  BuildStamp: freesurfer-linux-ubuntu22_x86_64-7.3.2-20220804-6354275  User: oesteban  Machine: dna078  Platform: Linux  PlatformVersion: 5.14.0-427.37.1.el9_4.x86_64  CompilerName: GCC  CompilerVersion: 8.4.0
mri_convert -all-info 
ProgramName: mri_convert  ProgramArguments: mri_convert -all-info  ProgramVersion: 7.3.2  TimeStamp: 2026/03/15-10:25:14-GMT  BuildTime: Aug  4 2022 06:17:15  BuildStamp: freesurfer-linux-ubuntu22_x86_64-7.3.2-20220804-6354275  User: oesteban  Machine: dna078  Platform: Linux  PlatformVersion: 5.14.0-427.37.1.el9_4.x86_64  CompilerName: GCC  CompilerVersion: 8.4.0
ProgramName: mri_diff  ProgramArguments: mri_diff -all-info  ProgramVersion: 7.3.2  TimeStamp: 2026/03/15-10:25:14-GMT  BuildTime: Aug  4 2022 06:17:15  BuildStamp: freesurfer-linux-ubuntu22_x86_64-7.3.2-20220804-6354275  User: oesteban  Machine: dna078  Platform: Linux  PlatformVersion: 5.14.0-427.37.1.el9_4.x86_64  CompilerName: GCC  CompilerVersion: 8.4.0
ProgramName: mri_edit_wm_with_aseg  ProgramArguments: mri_edit_wm_with_aseg -all-info  ProgramVersion: 7.3.2  TimeStamp: 2026/03/15-10:25:14-GMT  BuildTime: Aug  4 2022 06:17:15  BuildStamp: freesurfer-linux-ubuntu22_x86_64-7.3.2-20220804-6354275  User: oesteban  Machine: dna078  Platform: Linux  PlatformVersion: 5.14.0-427.37.1.el9_4.x86_64  CompilerName: GCC  CompilerVersion: 8.4.0
ProgramName: mri_em_register  ProgramArguments: mri_em_register -all-info  ProgramVersion: 7.3.2  TimeStamp: 2026/03/15-10:25:14-GMT  BuildTime: Aug  4 2022 06:17:15  BuildStamp: freesurfer-linux-ubuntu22_x86_64-7.3.2-20220804-6354275  User: oesteban  Machine: dna078  Platform: Linux  PlatformVersion: 5.14.0-427.37.1.el9_4.x86_64  CompilerName: GCC  CompilerVersion: 8.4.0
ProgramName: mri_fill  ProgramArguments: mri_fill -all-info  ProgramVersion: 7.3.2  TimeStamp: 2026/03/15-10:25:14-GMT  BuildTime: Aug  4 2022 06:17:15  BuildStamp: freesurfer-linux-ubuntu22_x86_64-7.3.2-20220804-6354275  User: oesteban  Machine: dna078  Platform: Linux  PlatformVersion: 5.14.0-427.37.1.el9_4.x86_64  CompilerName: GCC  CompilerVersion: 8.4.0
ProgramName: mri_fuse_segmentations  ProgramArguments: mri_fuse_segmentations -all-info  ProgramVersion: 7.3.2  TimeStamp: 2026/03/15-10:25:14-GMT  BuildTime: Aug  4 2022 06:17:15  BuildStamp: freesurfer-linux-ubuntu22_x86_64-7.3.2-20220804-6354275  User: oesteban  Machine: dna078  Platform: Linux  PlatformVersion: 5.14.0-427.37.1.el9_4.x86_64  CompilerName: GCC  CompilerVersion: 8.4.0
ProgramName: mri_fwhm  ProgramArguments: mri_fwhm -all-info  ProgramVersion: 7.3.2  TimeStamp: 2026/03/15-10:25:14-GMT  BuildTime: Aug  4 2022 06:17:15  BuildStamp: freesurfer-linux-ubuntu22_x86_64-7.3.2-20220804-6354275  User: oesteban  Machine: dna078  Platform: Linux  PlatformVersion: 5.14.0-427.37.1.el9_4.x86_64  CompilerName: GCC  CompilerVersion: 8.4.0
ProgramName: mri_gcut  ProgramArguments: mri_gcut -all-info  ProgramVersion: 7.3.2  TimeStamp: 2026/03/15-10:25:14-GMT  BuildTime: Aug  4 2022 06:17:15  BuildStamp: freesurfer-linux-ubuntu22_x86_64-7.3.2-20220804-6354275  User: oesteban  Machine: dna078  Platform: Linux  PlatformVersion: 5.14.0-427.37.1.el9_4.x86_64  CompilerName: GCC  CompilerVersion: 8.4.0
ProgramName: mri_info  ProgramArguments: mri_info -all-info  ProgramVersion: 7.3.2  TimeStamp: 2026/03/15-10:25:14-GMT  BuildTime: Aug  4 2022 06:17:15  BuildStamp: freesurfer-linux-ubuntu22_x86_64-7.3.2-20220804-6354275  User: oesteban  Machine: dna078  Platform: Linux  PlatformVersion: 5.14.0-427.37.1.el9_4.x86_64  CompilerName: GCC  CompilerVersion: 8.4.0
ProgramName: mri_label2label  ProgramArguments: mri_label2label -all-info  ProgramVersion: 7.3.2  TimeStamp: 2026/03/15-10:25:14-GMT  BuildTime: Aug  4 2022 06:17:15  BuildStamp: freesurfer-linux-ubuntu22_x86_64-7.3.2-20220804-6354275  User: oesteban  Machine: dna078  Platform: Linux  PlatformVersion: 5.14.0-427.37.1.el9_4.x86_64  CompilerName: GCC  CompilerVersion: 8.4.0
ProgramName: mri_label2vol  ProgramArguments: mri_label2vol -all-info  ProgramVersion: 7.3.2  TimeStamp: 2026/03/15-10:25:14-GMT  BuildTime: Aug  4 2022 06:17:15  BuildStamp: freesurfer-linux-ubuntu22_x86_64-7.3.2-20220804-6354275  User: oesteban  Machine: dna078  Platform: Linux  PlatformVersion: 5.14.0-427.37.1.el9_4.x86_64  CompilerName: GCC  CompilerVersion: 8.4.0
ProgramName: mri_log_likelihood  ProgramArguments: mri_log_likelihood -all-info  ProgramVersion: 7.3.2  TimeStamp: 2026/03/15-10:25:14-GMT  BuildTime: Aug  4 2022 06:17:15  BuildStamp: freesurfer-linux-ubuntu22_x86_64-7.3.2-20220804-6354275  User: oesteban  Machine: dna078  Platform: Linux  PlatformVersion: 5.14.0-427.37.1.el9_4.x86_64  CompilerName: GCC  CompilerVersion: 8.4.0
ProgramName: mri_mask  ProgramArguments: mri_mask -all-info  ProgramVersion: 7.3.2  TimeStamp: 2026/03/15-10:25:14-GMT  BuildTime: Aug  4 2022 06:17:15  BuildStamp: freesurfer-linux-ubuntu22_x86_64-7.3.2-20220804-6354275  User: oesteban  Machine: dna078  Platform: Linux  PlatformVersion: 5.14.0-427.37.1.el9_4.x86_64  CompilerName: GCC  CompilerVersion: 8.4.0
ProgramName: mri_matrix_multiply  ProgramArguments: mri_matrix_multiply -all-info  ProgramVersion: 7.3.2  TimeStamp: 2026/03/15-10:25:14-GMT  BuildTime: Aug  4 2022 06:17:15  BuildStamp: freesurfer-linux-ubuntu22_x86_64-7.3.2-20220804-6354275  User: oesteban  Machine: dna078  Platform: Linux  PlatformVersion: 5.14.0-427.37.1.el9_4.x86_64  CompilerName: GCC  CompilerVersion: 8.4.0
ProgramName: mri_normalize  ProgramArguments: mri_normalize -all-info  ProgramVersion: 7.3.2  TimeStamp: 2026/03/15-10:25:14-GMT  BuildTime: Aug  4 2022 06:17:15  BuildStamp: freesurfer-linux-ubuntu22_x86_64-7.3.2-20220804-6354275  User: oesteban  Machine: dna078  Platform: Linux  PlatformVersion: 5.14.0-427.37.1.el9_4.x86_64  CompilerName: GCC  CompilerVersion: 8.4.0
ProgramName: mri_normalize_tp2  ProgramArguments: mri_normalize_tp2 -all-info  ProgramVersion: 7.3.2  TimeStamp: 2026/03/15-10:25:14-GMT  BuildTime: Aug  4 2022 06:17:15  BuildStamp: freesurfer-linux-ubuntu22_x86_64-7.3.2-20220804-6354275  User: oesteban  Machine: dna078  Platform: Linux  PlatformVersion: 5.14.0-427.37.1.el9_4.x86_64  CompilerName: GCC  CompilerVersion: 8.4.0
ProgramName: mri_or  ProgramArguments: mri_or -all-info  ProgramVersion: 7.3.2  TimeStamp: 2026/03/15-10:25:14-GMT  BuildTime: Aug  4 2022 06:17:15  BuildStamp: freesurfer-linux-ubuntu22_x86_64-7.3.2-20220804-6354275  User: oesteban  Machine: dna078  Platform: Linux  PlatformVersion: 5.14.0-427.37.1.el9_4.x86_64  CompilerName: GCC  CompilerVersion: 8.4.0
ProgramName: mri_relabel_hypointensities  ProgramArguments: mri_relabel_hypointensities -all-info  ProgramVersion: 7.3.2  TimeStamp: 2026/03/15-10:25:14-GMT  BuildTime: Aug  4 2022 06:17:15  BuildStamp: freesurfer-linux-ubuntu22_x86_64-7.3.2-20220804-6354275  User: oesteban  Machine: dna078  Platform: Linux  PlatformVersion: 5.14.0-427.37.1.el9_4.x86_64  CompilerName: GCC  CompilerVersion: 8.4.0
ProgramName: mri_relabel_nonwm_hypos  ProgramArguments: mri_relabel_nonwm_hypos -all-info  ProgramVersion: 7.3.2  TimeStamp: 2026/03/15-10:25:14-GMT  BuildTime: Aug  4 2022 06:17:15  BuildStamp: freesurfer-linux-ubuntu22_x86_64-7.3.2-20220804-6354275  User: oesteban  Machine: dna078  Platform: Linux  PlatformVersion: 5.14.0-427.37.1.el9_4.x86_64  CompilerName: GCC  CompilerVersion: 8.4.0
ProgramName: mri_remove_neck  ProgramArguments: mri_remove_neck -all-info  ProgramVersion: 7.3.2  TimeStamp: 2026/03/15-10:25:14-GMT  BuildTime: Aug  4 2022 06:17:15  BuildStamp: freesurfer-linux-ubuntu22_x86_64-7.3.2-20220804-6354275  User: oesteban  Machine: dna078  Platform: Linux  PlatformVersion: 5.14.0-427.37.1.el9_4.x86_64  CompilerName: GCC  CompilerVersion: 8.4.0
7.3.2

ProgramName: mri_robust_register  ProgramArguments: mri_robust_register -all-info  ProgramVersion: 7.3.2  TimeStamp: 2026/03/15-10:25:14-GMT  BuildTime: Aug  4 2022 06:17:15  BuildStamp: freesurfer-linux-ubuntu22_x86_64-7.3.2-20220804-6354275  User: oesteban  Machine: dna078  Platform: Linux  PlatformVersion: 5.14.0-427.37.1.el9_4.x86_64  CompilerName: GCC  CompilerVersion: 8.4.0
7.3.2

ProgramName: mri_robust_template  ProgramArguments: mri_robust_template -all-info  ProgramVersion: 7.3.2  TimeStamp: 2026/03/15-10:25:14-GMT  BuildTime: Aug  4 2022 06:17:15  BuildStamp: freesurfer-linux-ubuntu22_x86_64-7.3.2-20220804-6354275  User: oesteban  Machine: dna078  Platform: Linux  PlatformVersion: 5.14.0-427.37.1.el9_4.x86_64  CompilerName: GCC  CompilerVersion: 8.4.0
ProgramName: mris_anatomical_stats  ProgramArguments: mris_anatomical_stats -all-info  ProgramVersion: 7.3.2  TimeStamp: 2026/03/15-10:25:14-GMT  BuildTime: Aug  4 2022 06:17:15  BuildStamp: freesurfer-linux-ubuntu22_x86_64-7.3.2-20220804-6354275  User: oesteban  Machine: dna078  Platform: Linux  PlatformVersion: 5.14.0-427.37.1.el9_4.x86_64  CompilerName: GCC  CompilerVersion: 8.4.0
ProgramName: mris_ca_label  ProgramArguments: mris_ca_label -all-info  ProgramVersion: 7.3.2  TimeStamp: 2026/03/15-10:25:14-GMT  BuildTime: Aug  4 2022 06:17:15  BuildStamp: freesurfer-linux-ubuntu22_x86_64-7.3.2-20220804-6354275  User: oesteban  Machine: dna078  Platform: Linux  PlatformVersion: 5.14.0-427.37.1.el9_4.x86_64  CompilerName: GCC  CompilerVersion: 8.4.0
ProgramName: mris_calc  ProgramArguments: mris_calc -all-info  ProgramVersion: 7.3.2  TimeStamp: 2026/03/15-10:25:14-GMT  BuildTime: Aug  4 2022 06:17:15  BuildStamp: freesurfer-linux-ubuntu22_x86_64-7.3.2-20220804-6354275  User: oesteban  Machine: dna078  Platform: Linux  PlatformVersion: 5.14.0-427.37.1.el9_4.x86_64  CompilerName: GCC  CompilerVersion: 8.4.0
ProgramName: mris_convert  ProgramArguments: mris_convert -all-info  ProgramVersion: 7.3.2  TimeStamp: 2026/03/15-10:25:14-GMT  BuildTime: Aug  4 2022 06:17:15  BuildStamp: freesurfer-linux-ubuntu22_x86_64-7.3.2-20220804-6354275  User: oesteban  Machine: dna078  Platform: Linux  PlatformVersion: 5.14.0-427.37.1.el9_4.x86_64  CompilerName: GCC  CompilerVersion: 8.4.0
ProgramName: mris_curvature  ProgramArguments: mris_curvature -all-info  ProgramVersion: 7.3.2  TimeStamp: 2026/03/15-10:25:14-GMT  BuildTime: Aug  4 2022 06:17:15  BuildStamp: freesurfer-linux-ubuntu22_x86_64-7.3.2-20220804-6354275  User: oesteban  Machine: dna078  Platform: Linux  PlatformVersion: 5.14.0-427.37.1.el9_4.x86_64  CompilerName: GCC  CompilerVersion: 8.4.0
ProgramName: mris_curvature_stats  ProgramArguments: mris_curvature_stats -all-info  ProgramVersion: 7.3.2  TimeStamp: 2026/03/15-10:25:14-GMT  BuildTime: Aug  4 2022 06:17:15  BuildStamp: freesurfer-linux-ubuntu22_x86_64-7.3.2-20220804-6354275  User: oesteban  Machine: dna078  Platform: Linux  PlatformVersion: 5.14.0-427.37.1.el9_4.x86_64  CompilerName: GCC  CompilerVersion: 8.4.0
ProgramName: mris_diff  ProgramArguments: mris_diff -all-info  ProgramVersion: 7.3.2  TimeStamp: 2026/03/15-10:25:14-GMT  BuildTime: Aug  4 2022 06:17:15  BuildStamp: freesurfer-linux-ubuntu22_x86_64-7.3.2-20220804-6354275  User: oesteban  Machine: dna078  Platform: Linux  PlatformVersion: 5.14.0-427.37.1.el9_4.x86_64  CompilerName: GCC  CompilerVersion: 8.4.0
ProgramName: mris_divide_parcellation  ProgramArguments: mris_divide_parcellation -all-info  ProgramVersion: 7.3.2  TimeStamp: 2026/03/15-10:25:14-GMT  BuildTime: Aug  4 2022 06:17:15  BuildStamp: freesurfer-linux-ubuntu22_x86_64-7.3.2-20220804-6354275  User: oesteban  Machine: dna078  Platform: Linux  PlatformVersion: 5.14.0-427.37.1.el9_4.x86_64  CompilerName: GCC  CompilerVersion: 8.4.0
ProgramName: mri_segment  ProgramArguments: mri_segment -all-info  ProgramVersion: 7.3.2  TimeStamp: 2026/03/15-10:25:14-GMT  BuildTime: Aug  4 2022 06:17:15  BuildStamp: freesurfer-linux-ubuntu22_x86_64-7.3.2-20220804-6354275  User: oesteban  Machine: dna078  Platform: Linux  PlatformVersion: 5.14.0-427.37.1.el9_4.x86_64  CompilerName: GCC  CompilerVersion: 8.4.0
ProgramName: mri_segstats  ProgramArguments: mri_segstats -all-info  ProgramVersion: 7.3.2  TimeStamp: 2026/03/15-10:25:14-GMT  BuildTime: Aug  4 2022 06:17:15  BuildStamp: freesurfer-linux-ubuntu22_x86_64-7.3.2-20220804-6354275  User: oesteban  Machine: dna078  Platform: Linux  PlatformVersion: 5.14.0-427.37.1.el9_4.x86_64  CompilerName: GCC  CompilerVersion: 8.4.0
ProgramName: mris_euler_number  ProgramArguments: mris_euler_number -all-info  ProgramVersion: 7.3.2  TimeStamp: 2026/03/15-10:25:14-GMT  BuildTime: Aug  4 2022 06:17:15  BuildStamp: freesurfer-linux-ubuntu22_x86_64-7.3.2-20220804-6354275  User: oesteban  Machine: dna078  Platform: Linux  PlatformVersion: 5.14.0-427.37.1.el9_4.x86_64  CompilerName: GCC  CompilerVersion: 8.4.0
ProgramName: mris_fix_topology  ProgramArguments: mris_fix_topology -all-info  ProgramVersion: 7.3.2  TimeStamp: 2026/03/15-10:25:14-GMT  BuildTime: Aug  4 2022 06:17:15  BuildStamp: freesurfer-linux-ubuntu22_x86_64-7.3.2-20220804-6354275  User: oesteban  Machine: dna078  Platform: Linux  PlatformVersion: 5.14.0-427.37.1.el9_4.x86_64  CompilerName: GCC  CompilerVersion: 8.4.0
ProgramName: mris_topo_fixer  ProgramArguments: mris_topo_fixer -all-info  ProgramVersion: 7.3.2  TimeStamp: 2026/03/15-10:25:14-GMT  BuildTime: Aug  4 2022 06:17:15  BuildStamp: freesurfer-linux-ubuntu22_x86_64-7.3.2-20220804-6354275  User: oesteban  Machine: dna078  Platform: Linux  PlatformVersion: 5.14.0-427.37.1.el9_4.x86_64  CompilerName: GCC  CompilerVersion: 8.4.0
ProgramName: mris_jacobian  ProgramArguments: mris_jacobian -all-info  ProgramVersion: 7.3.2  TimeStamp: 2026/03/15-10:25:14-GMT  BuildTime: Aug  4 2022 06:17:15  BuildStamp: freesurfer-linux-ubuntu22_x86_64-7.3.2-20220804-6354275  User: oesteban  Machine: dna078  Platform: Linux  PlatformVersion: 5.14.0-427.37.1.el9_4.x86_64  CompilerName: GCC  CompilerVersion: 8.4.0
ProgramName: mris_label2annot  ProgramArguments: mris_label2annot -all-info  ProgramVersion: 7.3.2  TimeStamp: 2026/03/15-10:25:14-GMT  BuildTime: Aug  4 2022 06:17:15  BuildStamp: freesurfer-linux-ubuntu22_x86_64-7.3.2-20220804-6354275  User: oesteban  Machine: dna078  Platform: Linux  PlatformVersion: 5.14.0-427.37.1.el9_4.x86_64  CompilerName: GCC  CompilerVersion: 8.4.0
ProgramName: mris_left_right_register  ProgramArguments: mris_left_right_register -all-info  ProgramVersion: 7.3.2  TimeStamp: 2026/03/15-10:25:14-GMT  BuildTime: Aug  4 2022 06:17:15  BuildStamp: freesurfer-linux-ubuntu22_x86_64-7.3.2-20220804-6354275  User: oesteban  Machine: dna078  Platform: Linux  PlatformVersion: 5.14.0-427.37.1.el9_4.x86_64  CompilerName: GCC  CompilerVersion: 8.4.0
ProgramName: mris_place_surface  ProgramArguments: mris_place_surface -all-info  ProgramVersion: 7.3.2  TimeStamp: 2026/03/15-10:25:14-GMT  BuildTime: Aug  4 2022 06:17:15  BuildStamp: freesurfer-linux-ubuntu22_x86_64-7.3.2-20220804-6354275  User: oesteban  Machine: dna078  Platform: Linux  PlatformVersion: 5.14.0-427.37.1.el9_4.x86_64  CompilerName: GCC  CompilerVersion: 8.4.0
ProgramName: mrisp_paint  ProgramArguments: mrisp_paint -all-info  ProgramVersion: 7.3.2  TimeStamp: 2026/03/15-10:25:14-GMT  BuildTime: Aug  4 2022 06:17:15  BuildStamp: freesurfer-linux-ubuntu22_x86_64-7.3.2-20220804-6354275  User: oesteban  Machine: dna078  Platform: Linux  PlatformVersion: 5.14.0-427.37.1.el9_4.x86_64  CompilerName: GCC  CompilerVersion: 8.4.0
ProgramName: mris_register  ProgramArguments: mris_register -all-info  ProgramVersion: 7.3.2  TimeStamp: 2026/03/15-10:25:14-GMT  BuildTime: Aug  4 2022 06:17:15  BuildStamp: freesurfer-linux-ubuntu22_x86_64-7.3.2-20220804-6354275  User: oesteban  Machine: dna078  Platform: Linux  PlatformVersion: 5.14.0-427.37.1.el9_4.x86_64  CompilerName: GCC  CompilerVersion: 8.4.0
ProgramName: mris_smooth  ProgramArguments: mris_smooth -all-info  ProgramVersion: 7.3.2  TimeStamp: 2026/03/15-10:25:14-GMT  BuildTime: Aug  4 2022 06:17:15  BuildStamp: freesurfer-linux-ubuntu22_x86_64-7.3.2-20220804-6354275  User: oesteban  Machine: dna078  Platform: Linux  PlatformVersion: 5.14.0-427.37.1.el9_4.x86_64  CompilerName: GCC  CompilerVersion: 8.4.0
ProgramName: mris_sphere  ProgramArguments: mris_sphere -all-info  ProgramVersion: 7.3.2  TimeStamp: 2026/03/15-10:25:14-GMT  BuildTime: Aug  4 2022 06:17:15  BuildStamp: freesurfer-linux-ubuntu22_x86_64-7.3.2-20220804-6354275  User: oesteban  Machine: dna078  Platform: Linux  PlatformVersion: 5.14.0-427.37.1.el9_4.x86_64  CompilerName: GCC  CompilerVersion: 8.4.0
ProgramName: mris_surface_stats  ProgramArguments: mris_surface_stats -all-info  ProgramVersion: 7.3.2  TimeStamp: 2026/03/15-10:25:14-GMT  BuildTime: Aug  4 2022 06:17:15  BuildStamp: freesurfer-linux-ubuntu22_x86_64-7.3.2-20220804-6354275  User: oesteban  Machine: dna078  Platform: Linux  PlatformVersion: 5.14.0-427.37.1.el9_4.x86_64  CompilerName: GCC  CompilerVersion: 8.4.0
ProgramName: mri_stats2seg  ProgramArguments: mri_stats2seg -all-info  ProgramVersion: 7.3.2  TimeStamp: 2026/03/15-10:25:14-GMT  BuildTime: Aug  4 2022 06:17:15  BuildStamp: freesurfer-linux-ubuntu22_x86_64-7.3.2-20220804-6354275  User: oesteban  Machine: dna078  Platform: Linux  PlatformVersion: 5.14.0-427.37.1.el9_4.x86_64  CompilerName: GCC  CompilerVersion: 8.4.0
ProgramName: mris_thickness  ProgramArguments: mris_thickness -all-info  ProgramVersion: 7.3.2  TimeStamp: 2026/03/15-10:25:14-GMT  BuildTime: Aug  4 2022 06:17:15  BuildStamp: freesurfer-linux-ubuntu22_x86_64-7.3.2-20220804-6354275  User: oesteban  Machine: dna078  Platform: Linux  PlatformVersion: 5.14.0-427.37.1.el9_4.x86_64  CompilerName: GCC  CompilerVersion: 8.4.0
ProgramName: mris_thickness_diff  ProgramArguments: mris_thickness_diff -all-info  ProgramVersion: 7.3.2  TimeStamp: 2026/03/15-10:25:14-GMT  BuildTime: Aug  4 2022 06:17:15  BuildStamp: freesurfer-linux-ubuntu22_x86_64-7.3.2-20220804-6354275  User: oesteban  Machine: dna078  Platform: Linux  PlatformVersion: 5.14.0-427.37.1.el9_4.x86_64  CompilerName: GCC  CompilerVersion: 8.4.0
ProgramName: mris_topo_fixer  ProgramArguments: mris_topo_fixer -all-info  ProgramVersion: 7.3.2  TimeStamp: 2026/03/15-10:25:14-GMT  BuildTime: Aug  4 2022 06:17:15  BuildStamp: freesurfer-linux-ubuntu22_x86_64-7.3.2-20220804-6354275  User: oesteban  Machine: dna078  Platform: Linux  PlatformVersion: 5.14.0-427.37.1.el9_4.x86_64  CompilerName: GCC  CompilerVersion: 8.4.0
ProgramName: mri_surf2surf  ProgramArguments: mri_surf2surf -all-info  ProgramVersion: 7.3.2  TimeStamp: 2026/03/15-10:25:14-GMT  BuildTime: Aug  4 2022 06:17:15  BuildStamp: freesurfer-linux-ubuntu22_x86_64-7.3.2-20220804-6354275  User: oesteban  Machine: dna078  Platform: Linux  PlatformVersion: 5.14.0-427.37.1.el9_4.x86_64  CompilerName: GCC  CompilerVersion: 8.4.0
ProgramName: mri_surf2vol  ProgramArguments: mri_surf2vol -all-info  ProgramVersion: 7.3.2  TimeStamp: 2026/03/15-10:25:14-GMT  BuildTime: Aug  4 2022 06:17:15  BuildStamp: freesurfer-linux-ubuntu22_x86_64-7.3.2-20220804-6354275  User: oesteban  Machine: dna078  Platform: Linux  PlatformVersion: 5.14.0-427.37.1.el9_4.x86_64  CompilerName: GCC  CompilerVersion: 8.4.0
ProgramName: mri_surfcluster  ProgramArguments: mri_surfcluster -all-info  ProgramVersion: 7.3.2  TimeStamp: 2026/03/15-10:25:14-GMT  BuildTime: Aug  4 2022 06:17:15  BuildStamp: freesurfer-linux-ubuntu22_x86_64-7.3.2-20220804-6354275  User: oesteban  Machine: dna078  Platform: Linux  PlatformVersion: 5.14.0-427.37.1.el9_4.x86_64  CompilerName: GCC  CompilerVersion: 8.4.0
ProgramName: mris_volmask  ProgramArguments: mris_volmask -all-info  ProgramVersion: 7.3.2  TimeStamp: 2026/03/15-10:25:14-GMT  BuildTime: Aug  4 2022 06:17:15  BuildStamp: freesurfer-linux-ubuntu22_x86_64-7.3.2-20220804-6354275  User: oesteban  Machine: dna078  Platform: Linux  PlatformVersion: 5.14.0-427.37.1.el9_4.x86_64  CompilerName: GCC  CompilerVersion: 8.4.0
ProgramName: mri_tessellate  ProgramArguments: mri_tessellate -all-info  ProgramVersion: 7.3.2  TimeStamp: 2026/03/15-10:25:14-GMT  BuildTime: Aug  4 2022 06:17:15  BuildStamp: freesurfer-linux-ubuntu22_x86_64-7.3.2-20220804-6354275  User: oesteban  Machine: dna078  Platform: Linux  PlatformVersion: 5.14.0-427.37.1.el9_4.x86_64  CompilerName: GCC  CompilerVersion: 8.4.0
ProgramName: mri_vol2surf  ProgramArguments: mri_vol2surf -all-info  ProgramVersion: 7.3.2  TimeStamp: 2026/03/15-10:25:14-GMT  BuildTime: Aug  4 2022 06:17:15  BuildStamp: freesurfer-linux-ubuntu22_x86_64-7.3.2-20220804-6354275  User: oesteban  Machine: dna078  Platform: Linux  PlatformVersion: 5.14.0-427.37.1.el9_4.x86_64  CompilerName: GCC  CompilerVersion: 8.4.0
ProgramName: mri_vol2vol  ProgramArguments: mri_vol2vol -all-info  ProgramVersion: 7.3.2  TimeStamp: 2026/03/15-10:25:14-GMT  BuildTime: Aug  4 2022 06:17:15  BuildStamp: freesurfer-linux-ubuntu22_x86_64-7.3.2-20220804-6354275  User: oesteban  Machine: dna078  Platform: Linux  PlatformVersion: 5.14.0-427.37.1.el9_4.x86_64  CompilerName: GCC  CompilerVersion: 8.4.0
ProgramName: mri_voldiff  ProgramArguments: mri_voldiff -all-info  ProgramVersion: 7.3.2  TimeStamp: 2026/03/15-10:25:14-GMT  BuildTime: Aug  4 2022 06:17:15  BuildStamp: freesurfer-linux-ubuntu22_x86_64-7.3.2-20220804-6354275  User: oesteban  Machine: dna078  Platform: Linux  PlatformVersion: 5.14.0-427.37.1.el9_4.x86_64  CompilerName: GCC  CompilerVersion: 8.4.0
ProgramName: mri_watershed  ProgramArguments: mri_watershed -all-info  ProgramVersion: 7.3.2  TimeStamp: 2026/03/15-10:25:14-GMT  BuildTime: Aug  4 2022 06:17:15  BuildStamp: freesurfer-linux-ubuntu22_x86_64-7.3.2-20220804-6354275  User: oesteban  Machine: dna078  Platform: Linux  PlatformVersion: 5.14.0-427.37.1.el9_4.x86_64  CompilerName: GCC  CompilerVersion: 8.4.0
ProgramName: tkregister2  ProgramArguments: tkregister2_cmdl -all-info  ProgramVersion: 7.3.2  TimeStamp: 2026/03/15-10:25:14-GMT  BuildTime: Aug  4 2022 06:17:15  BuildStamp: freesurfer-linux-ubuntu22_x86_64-7.3.2-20220804-6354275  User: oesteban  Machine: dna078  Platform: Linux  PlatformVersion: 5.14.0-427.37.1.el9_4.x86_64  CompilerName: GCC  CompilerVersion: 8.4.0
mri_motion_correct.fsl 7.3.2
mri_convert -all-info 
ProgramName: mri_convert  ProgramArguments: mri_convert -all-info  ProgramVersion: 7.3.2  TimeStamp: 2026/03/15-10:25:14-GMT  BuildTime: Aug  4 2022 06:17:15  BuildStamp: freesurfer-linux-ubuntu22_x86_64-7.3.2-20220804-6354275  User: oesteban  Machine: dna078  Platform: Linux  PlatformVersion: 5.14.0-427.37.1.el9_4.x86_64  CompilerName: GCC  CompilerVersion: 8.4.0
Program nu_correct, built from:
Package MNI N3, version 1.12.0, compiled by nicks@terrier (x86_64-unknown-linux-gnu) on 2015-06-19 at 01:25:34
#######################################
GCADIR /opt/freesurfer/average
GCA RB_all_2020-01-02.gca
GCASkull RB_all_withskull_2020_01_02.gca
AvgCurvTif folding.atlas.acfb40.noaparc.i12.2016-08-02.tif
GCSDIR /opt/freesurfer/average
GCS DKaparc.atlas.acfb40.noaparc.i12.2016-08-02.gcs
#######################################
#-------------------------------------
#@# EM Registration Sun Mar 15 11:25:14 CET 2026
/out/sourcedata/freesurfer/sub-v2s10x29004_ses-1/mri

 mri_em_register -uns 3 -mask brainmask.mgz nu.mgz /opt/freesurfer/average/RB_all_2020-01-02.gca transforms/talairach.lta 

setting unknown_nbr_spacing = 3
using MR volume brainmask.mgz to mask input volume...

== Number of threads available to mri_em_register for OpenMP = 16 == 
reading 1 input volumes...
logging results to talairach.log
reading '/opt/freesurfer/average/RB_all_2020-01-02.gca'...
GCAread took 0 minutes and 1 seconds.
average std = 7.2   using min determinant for regularization = 5.2
0 singular and 884 ill-conditioned covariance matrices regularized
reading 'nu.mgz'...
MRImask(): AllowDiffGeom = 1
MRImask(): AllowDiffGeom = 1
MRImask(): AllowDiffGeom = 1
MRImask(): AllowDiffGeom = 1
MRImask(): AllowDiffGeom = 1
freeing gibbs priors...done.
accounting for voxel sizes in initial transform
bounding unknown intensity as < 5.9 or > 519.0 
total sample mean = 79.1 (1017 zeros)
************************************************
spacing=8, using 2841 sample points, tol=1.00e-05...
************************************************
register_mri: find_optimal_transform
find_optimal_transform: nsamples 2841, passno 0, spacing 8
resetting wm mean[0]: 98 --> 107
resetting gm mean[0]: 61 --> 61
input volume #1 is the most T1-like
using real data threshold=28.9
skull bounding box = (58, 43, 31) --> (195, 154, 190)
finding center of left hemi white matter
using (104, 80, 111) as brain centroid of Right_Cerebral_White_Matter...
MRImask(): AllowDiffGeom = 1
mean wm in atlas = 107, using box (87,66,91) --> (120, 93,130) to find MRI wm
before smoothing, mri peak at 109
robust fit to distribution - 109 +- 3.5
after smoothing, mri peak at 109, scaling input intensities by 0.982
scaling channel 0 by 0.981651
initial log_p = -4.308
************************************************
First Search limited to translation only.
************************************************
max log p =    -4.229482 @ (-10.526, 10.526, -10.526)
max log p =    -3.873959 @ (5.263, 15.789, 15.789)
max log p =    -3.818185 @ (2.632, -2.632, -2.632)
max log p =    -3.808091 @ (1.316, 1.316, 1.316)
max log p =    -3.795933 @ (0.658, -3.289, 0.658)
max log p =    -3.791058 @ (-1.645, 0.329, -0.987)
max log p =    -3.791058 @ (0.000, 0.000, 0.000)
max log p =    -3.791058 @ (0.000, 0.000, 0.000)
Found translation: (-2.3, 22.0, 3.6): log p = -3.791
****************************************
Nine parameter search.  iteration 0 nscales = 0 ...
****************************************
Result so far: scale 1.000: max_log_p=-3.379, old_max_log_p =-3.791 (thresh=-3.8)
 1.06375   0.00000   0.00000  -10.53307;
 0.00000   1.22567   0.14032  -14.19198;
 0.00000  -0.16136   1.06580   12.61216;
 0.00000   0.00000   0.00000   1.00000;
iteration took 0 minutes and 7 seconds.
****************************************
Nine parameter search.  iteration 1 nscales = 0 ...
****************************************
Result so far: scale 1.000: max_log_p=-3.379, old_max_log_p =-3.379 (thresh=-3.4)
 1.06375   0.00000   0.00000  -10.53307;
 0.00000   1.22567   0.14032  -14.19198;
 0.00000  -0.16136   1.06580   12.61216;
 0.00000   0.00000   0.00000   1.00000;
reducing scale to 0.2500
iteration took 0 minutes and 8 seconds.
****************************************
Nine parameter search.  iteration 2 nscales = 1 ...
****************************************
Result so far: scale 0.250: max_log_p=-3.250, old_max_log_p =-3.379 (thresh=-3.4)
 1.08303   0.00558  -0.03686  -7.86939;
 0.00000   1.24866   0.14295  -16.69477;
 0.03220  -0.15524   1.02537   11.85334;
 0.00000   0.00000   0.00000   1.00000;
iteration took 0 minutes and 8 seconds.
****************************************
Nine parameter search.  iteration 3 nscales = 1 ...
****************************************
Result so far: scale 0.250: max_log_p=-3.250, old_max_log_p =-3.250 (thresh=-3.2)
 1.08303   0.00558  -0.03686  -7.86939;
-0.00103   1.22957   0.10727  -11.06956;
 0.03278  -0.11645   1.04880   5.61726;
 0.00000   0.00000   0.00000   1.00000;
reducing scale to 0.0625
iteration took 0 minutes and 8 seconds.
****************************************
Nine parameter search.  iteration 4 nscales = 2 ...
****************************************
Result so far: scale 0.062: max_log_p=-3.222, old_max_log_p =-3.250 (thresh=-3.2)
 1.08132  -0.01354  -0.04739  -4.24955;
 0.01673   1.23237   0.10698  -13.10445;
 0.04186  -0.11620   1.04599   4.25585;
 0.00000   0.00000   0.00000   1.00000;
iteration took 0 minutes and 8 seconds.
****************************************
Nine parameter search.  iteration 5 nscales = 2 ...
****************************************
Result so far: scale 0.062: max_log_p=-3.222, old_max_log_p =-3.222 (thresh=-3.2)
 1.08132  -0.01354  -0.04739  -4.24955;
 0.01673   1.23237   0.10698  -13.10445;
 0.04186  -0.11620   1.04599   4.25585;
 0.00000   0.00000   0.00000   1.00000;
min search scale 0.025000 reached
***********************************************
Computing MAP estimate using 2841 samples...
***********************************************
dt = 5.00e-06, momentum=0.80, tol=1.00e-05
l_intensity = 1.0000
Aligning input volume to GCA...
Transform matrix
 1.08132  -0.01354  -0.04739  -4.24955;
 0.01673   1.23237   0.10698  -13.10445;
 0.04186  -0.11620   1.04599   4.25585;
 0.00000   0.00000   0.00000   1.00000;
nsamples 2841
Quasinewton: input matrix
 1.08132  -0.01354  -0.04739  -4.24955;
 0.01673   1.23237   0.10698  -13.10445;
 0.04186  -0.11620   1.04599   4.25585;
 0.00000   0.00000   0.00000   1.00000;
 IFLAG= -1  LINE SEARCH FAILED. SEE DOCUMENTATION OF ROUTINE MCSRCH ERROR RETURN OF LINE SEARCH: INFO= 3 POSSIBLE CAUSES: FUNCTION OR GRADIENT ARE INCORRECT OR INCORRECT TOLERANCESoutof QuasiNewtonEMA: 008: -log(p) =   -0.0  tol 0.000010
Resulting transform:
 1.08132  -0.01354  -0.04739  -4.24955;
 0.01673   1.23237   0.10698  -13.10445;
 0.04186  -0.11620   1.04599   4.25585;
 0.00000   0.00000   0.00000   1.00000;

pass 1, spacing 8: log(p) = -3.222 (old=-4.308)
transform before final EM align:
 1.08132  -0.01354  -0.04739  -4.24955;
 0.01673   1.23237   0.10698  -13.10445;
 0.04186  -0.11620   1.04599   4.25585;
 0.00000   0.00000   0.00000   1.00000;

**************************************************
 EM alignment process ...
 Computing final MAP estimate using 315638 samples. 
**************************************************
dt = 5.00e-06, momentum=0.80, tol=1.00e-07
l_intensity = 1.0000
Aligning input volume to GCA...
Transform matrix
 1.08132  -0.01354  -0.04739  -4.24955;
 0.01673   1.23237   0.10698  -13.10445;
 0.04186  -0.11620   1.04599   4.25585;
 0.00000   0.00000   0.00000   1.00000;
nsamples 315638
Quasinewton: input matrix
 1.08132  -0.01354  -0.04739  -4.24955;
 0.01673   1.23237   0.10698  -13.10445;
 0.04186  -0.11620   1.04599   4.25585;
 0.00000   0.00000   0.00000   1.00000;
dfp_em_step_func: 009: -log(p) = 3.8
after pass:transform: ( 1.08, -0.01, -0.05, -4.25)
                      ( 0.02, 1.23, 0.11, -13.10)
                      ( 0.04, -0.12, 1.05, 4.26)
dfp_em_step_func: 010: -log(p) = 3.8
after pass:transform: ( 1.08, -0.01, -0.05, -4.25)
                      ( 0.02, 1.23, 0.11, -13.10)
                      ( 0.04, -0.12, 1.05, 4.26)
dfp_em_step_func: 011: -log(p) = 3.8
after pass:transform: ( 1.08, -0.01, -0.05, -4.25)
                      ( 0.02, 1.23, 0.11, -13.10)
                      ( 0.04, -0.12, 1.05, 4.26)
dfp_em_step_func: 012: -log(p) = 3.8
after pass:transform: ( 1.08, -0.01, -0.05, -4.25)
                      ( 0.02, 1.23, 0.11, -13.10)
                      ( 0.04, -0.12, 1.05, 4.26)
dfp_em_step_func: 013: -log(p) = 3.8
after pass:transform: ( 1.08, -0.01, -0.05, -4.25)
                      ( 0.02, 1.23, 0.11, -13.10)
                      ( 0.04, -0.12, 1.05, 4.26)
dfp_em_step_func: 014: -log(p) = 3.8
after pass:transform: ( 1.08, -0.01, -0.05, -4.25)
                      ( 0.02, 1.23, 0.11, -13.10)
                      ( 0.04, -0.12, 1.05, 4.26)
dfp_em_step_func: 015: -log(p) = 3.8
after pass:transform: ( 1.08, -0.01, -0.05, -4.25)
                      ( 0.02, 1.23, 0.11, -13.10)
                      ( 0.04, -0.12, 1.05, 4.26)
dfp_em_step_func: 016: -log(p) = 3.8
after pass:transform: ( 1.08, -0.01, -0.05, -4.25)
                      ( 0.02, 1.23, 0.11, -13.10)
                      ( 0.04, -0.12, 1.05, 4.26)
 IFLAG= -1  LINE SEARCH FAILED. SEE DOCUMENTATION OF ROUTINE MCSRCH ERROR RETURN OF LINE SEARCH: INFO= 3 POSSIBLE CAUSES: FUNCTION OR GRADIENT ARE INCORRECT OR INCORRECT TOLERANCESpass 2 through quasi-newton minimization...
 IFLAG= -1  LINE SEARCH FAILED. SEE DOCUMENTATION OF ROUTINE MCSRCH ERROR RETURN OF LINE SEARCH: INFO= 6 POSSIBLE CAUSES: FUNCTION OR GRADIENT ARE INCORRECT OR INCORRECT TOLERANCESoutof QuasiNewtonEMA: 018: -log(p) =    3.8  tol 0.000000
final transform:
 1.08161  -0.01328  -0.04706  -4.24955;
 0.01661   1.23221   0.10703  -13.10445;
 0.04193  -0.11610   1.04605   4.25585;
 0.00000   0.00000   0.00000   1.00000;

writing output transformation to transforms/talairach.lta...
#VMPC# mri_em_register VmPeak  891284
FSRUNTIME@ mri_em_register  0.0225 hours 16 threads
registration took 1 minutes and 21 seconds.

Started at Sun Mar 15 11:25:14 CET 2026 
Ended   at Sun Mar 15 11:26:36 CET 2026
#@#%# recon-all-run-time-hours 0.023
recon-all -s sub-v2s10x29004_ses-1 finished without error at Sun Mar 15 11:26:36 CET 2026



#New# invocation of recon-all 




Sun Mar 15 11:26:38 CET 2026
cd /out/sourcedata/freesurfer/sub-v2s10x29004_ses-1
setenv SUBJECTS_DIR /out/sourcedata/freesurfer
/opt/freesurfer/bin/recon-all -autorecon2-volonly -openmp 16 -subjid sub-v2s10x29004_ses-1 -sd /out/sourcedata/freesurfer -nogcareg

subjid sub-v2s10x29004_ses-1
setenv SUBJECTS_DIR /out/sourcedata/freesurfer
FREESURFER_HOME /opt/freesurfer
Actual FREESURFER_HOME /opt/freesurfer
build-stamp.txt: freesurfer-linux-ubuntu22_x86_64-7.3.2-20220804-6354275
Linux dna078 5.14.0-427.37.1.el9_4.x86_64 #1 SMP PREEMPT_DYNAMIC Fri Sep 13 12:41:50 EDT 2024 x86_64 x86_64 x86_64 GNU/Linux
cputime      unlimited
filesize     unlimited
datasize     unlimited
stacksize    8192 kbytes
coredumpsize 0 kbytes
memoryuse    67108864 kbytes
vmemoryuse   unlimited
descriptors  1024 
memorylocked unlimited
maxproc      2061970 
maxlocks     unlimited
maxsignal    2062029 
maxmessage   819200 
maxnice      0 
maxrtprio    0 
maxrttime    unlimited

               total        used        free      shared  buff/cache   available
Mem:           503Gi        53Gi       389Gi       9.2Gi        60Gi       437Gi
Swap:             0B          0B          0B

########################################
program versions used
7.3.2 (freesurfer-linux-ubuntu22_x86_64-7.3.2-20220804-6354275)
7.3.2

ProgramName: lta_convert  ProgramArguments: lta_convert -all-info  ProgramVersion: 7.3.2  TimeStamp: 2026/03/15-10:26:38-GMT  BuildTime: Aug  4 2022 06:17:15  BuildStamp: freesurfer-linux-ubuntu22_x86_64-7.3.2-20220804-6354275  User: oesteban  Machine: dna078  Platform: Linux  PlatformVersion: 5.14.0-427.37.1.el9_4.x86_64  CompilerName: GCC  CompilerVersion: 8.4.0
ProgramName: mri_and  ProgramArguments: mri_and -all-info  ProgramVersion: 7.3.2  TimeStamp: 2026/03/15-10:26:38-GMT  BuildTime: Aug  4 2022 06:17:15  BuildStamp: freesurfer-linux-ubuntu22_x86_64-7.3.2-20220804-6354275  User: oesteban  Machine: dna078  Platform: Linux  PlatformVersion: 5.14.0-427.37.1.el9_4.x86_64  CompilerName: GCC  CompilerVersion: 8.4.0
ProgramName: mri_annotation2label  ProgramArguments: mri_annotation2label -all-info  ProgramVersion: 7.3.2  TimeStamp: 2026/03/15-10:26:38-GMT  BuildTime: Aug  4 2022 06:17:15  BuildStamp: freesurfer-linux-ubuntu22_x86_64-7.3.2-20220804-6354275  User: oesteban  Machine: dna078  Platform: Linux  PlatformVersion: 5.14.0-427.37.1.el9_4.x86_64  CompilerName: GCC  CompilerVersion: 8.4.0
ProgramName: mri_aparc2aseg  ProgramArguments: mri_aparc2aseg -all-info  ProgramVersion: 7.3.2  TimeStamp: 2026/03/15-10:26:38-GMT  BuildTime: Aug  4 2022 06:17:15  BuildStamp: freesurfer-linux-ubuntu22_x86_64-7.3.2-20220804-6354275  User: oesteban  Machine: dna078  Platform: Linux  PlatformVersion: 5.14.0-427.37.1.el9_4.x86_64  CompilerName: GCC  CompilerVersion: 8.4.0
ProgramName: mri_surf2volseg  ProgramArguments: mri_surf2volseg -all-info  ProgramVersion: 7.3.2  TimeStamp: 2026/03/15-10:26:38-GMT  BuildTime: Aug  4 2022 06:17:15  BuildStamp: freesurfer-linux-ubuntu22_x86_64-7.3.2-20220804-6354275  User: oesteban  Machine: dna078  Platform: Linux  PlatformVersion: 5.14.0-427.37.1.el9_4.x86_64  CompilerName: GCC  CompilerVersion: 8.4.0
ProgramName: mri_binarize  ProgramArguments: mri_binarize -all-info  ProgramVersion: 7.3.2  TimeStamp: 2026/03/15-10:26:38-GMT  BuildTime: Aug  4 2022 06:17:15  BuildStamp: freesurfer-linux-ubuntu22_x86_64-7.3.2-20220804-6354275  User: oesteban  Machine: dna078  Platform: Linux  PlatformVersion: 5.14.0-427.37.1.el9_4.x86_64  CompilerName: GCC  CompilerVersion: 8.4.0
ProgramName: mri_ca_label  ProgramArguments: mri_ca_label -all-info  ProgramVersion: 7.3.2  TimeStamp: 2026/03/15-10:26:38-GMT  BuildTime: Aug  4 2022 06:17:15  BuildStamp: freesurfer-linux-ubuntu22_x86_64-7.3.2-20220804-6354275  User: oesteban  Machine: dna078  Platform: Linux  PlatformVersion: 5.14.0-427.37.1.el9_4.x86_64  CompilerName: GCC  CompilerVersion: 8.4.0
ProgramName: mri_ca_normalize  ProgramArguments: mri_ca_normalize -all-info  ProgramVersion: 7.3.2  TimeStamp: 2026/03/15-10:26:38-GMT  BuildTime: Aug  4 2022 06:17:15  BuildStamp: freesurfer-linux-ubuntu22_x86_64-7.3.2-20220804-6354275  User: oesteban  Machine: dna078  Platform: Linux  PlatformVersion: 5.14.0-427.37.1.el9_4.x86_64  CompilerName: GCC  CompilerVersion: 8.4.0
ProgramName: mri_ca_register  ProgramArguments: mri_ca_register -all-info  ProgramVersion: 7.3.2  TimeStamp: 2026/03/15-10:26:38-GMT  BuildTime: Aug  4 2022 06:17:15  BuildStamp: freesurfer-linux-ubuntu22_x86_64-7.3.2-20220804-6354275  User: oesteban  Machine: dna078  Platform: Linux  PlatformVersion: 5.14.0-427.37.1.el9_4.x86_64  CompilerName: GCC  CompilerVersion: 8.4.0
ProgramName: mri_cc  ProgramArguments: mri_cc -all-info  ProgramVersion: 7.3.2  TimeStamp: 2026/03/15-10:26:38-GMT  BuildTime: Aug  4 2022 06:17:15  BuildStamp: freesurfer-linux-ubuntu22_x86_64-7.3.2-20220804-6354275  User: oesteban  Machine: dna078  Platform: Linux  PlatformVersion: 5.14.0-427.37.1.el9_4.x86_64  CompilerName: GCC  CompilerVersion: 8.4.0
ProgramName: mri_compute_overlap  ProgramArguments: mri_compute_overlap -all-info  ProgramVersion: 7.3.2  TimeStamp: 2026/03/15-10:26:38-GMT  BuildTime: Aug  4 2022 06:17:15  BuildStamp: freesurfer-linux-ubuntu22_x86_64-7.3.2-20220804-6354275  User: oesteban  Machine: dna078  Platform: Linux  PlatformVersion: 5.14.0-427.37.1.el9_4.x86_64  CompilerName: GCC  CompilerVersion: 8.4.0
ProgramName: mri_compute_seg_overlap  ProgramArguments: mri_compute_seg_overlap -all-info  ProgramVersion: 7.3.2  TimeStamp: 2026/03/15-10:26:38-GMT  BuildTime: Aug  4 2022 06:17:15  BuildStamp: freesurfer-linux-ubuntu22_x86_64-7.3.2-20220804-6354275  User: oesteban  Machine: dna078  Platform: Linux  PlatformVersion: 5.14.0-427.37.1.el9_4.x86_64  CompilerName: GCC  CompilerVersion: 8.4.0
ProgramName: mri_concat  ProgramArguments: mri_concat -all-info  ProgramVersion: 7.3.2  TimeStamp: 2026/03/15-10:26:38-GMT  BuildTime: Aug  4 2022 06:17:15  BuildStamp: freesurfer-linux-ubuntu22_x86_64-7.3.2-20220804-6354275  User: oesteban  Machine: dna078  Platform: Linux  PlatformVersion: 5.14.0-427.37.1.el9_4.x86_64  CompilerName: GCC  CompilerVersion: 8.4.0
ProgramName: mri_concatenate_lta  ProgramArguments: mri_concatenate_lta -all-info  ProgramVersion: 7.3.2  TimeStamp: 2026/03/15-10:26:38-GMT  BuildTime: Aug  4 2022 06:17:15  BuildStamp: freesurfer-linux-ubuntu22_x86_64-7.3.2-20220804-6354275  User: oesteban  Machine: dna078  Platform: Linux  PlatformVersion: 5.14.0-427.37.1.el9_4.x86_64  CompilerName: GCC  CompilerVersion: 8.4.0
mri_convert -all-info 
ProgramName: mri_convert  ProgramArguments: mri_convert -all-info  ProgramVersion: 7.3.2  TimeStamp: 2026/03/15-10:26:38-GMT  BuildTime: Aug  4 2022 06:17:15  BuildStamp: freesurfer-linux-ubuntu22_x86_64-7.3.2-20220804-6354275  User: oesteban  Machine: dna078  Platform: Linux  PlatformVersion: 5.14.0-427.37.1.el9_4.x86_64  CompilerName: GCC  CompilerVersion: 8.4.0
ProgramName: mri_diff  ProgramArguments: mri_diff -all-info  ProgramVersion: 7.3.2  TimeStamp: 2026/03/15-10:26:38-GMT  BuildTime: Aug  4 2022 06:17:15  BuildStamp: freesurfer-linux-ubuntu22_x86_64-7.3.2-20220804-6354275  User: oesteban  Machine: dna078  Platform: Linux  PlatformVersion: 5.14.0-427.37.1.el9_4.x86_64  CompilerName: GCC  CompilerVersion: 8.4.0
ProgramName: mri_edit_wm_with_aseg  ProgramArguments: mri_edit_wm_with_aseg -all-info  ProgramVersion: 7.3.2  TimeStamp: 2026/03/15-10:26:38-GMT  BuildTime: Aug  4 2022 06:17:15  BuildStamp: freesurfer-linux-ubuntu22_x86_64-7.3.2-20220804-6354275  User: oesteban  Machine: dna078  Platform: Linux  PlatformVersion: 5.14.0-427.37.1.el9_4.x86_64  CompilerName: GCC  CompilerVersion: 8.4.0
ProgramName: mri_em_register  ProgramArguments: mri_em_register -all-info  ProgramVersion: 7.3.2  TimeStamp: 2026/03/15-10:26:38-GMT  BuildTime: Aug  4 2022 06:17:15  BuildStamp: freesurfer-linux-ubuntu22_x86_64-7.3.2-20220804-6354275  User: oesteban  Machine: dna078  Platform: Linux  PlatformVersion: 5.14.0-427.37.1.el9_4.x86_64  CompilerName: GCC  CompilerVersion: 8.4.0
ProgramName: mri_fill  ProgramArguments: mri_fill -all-info  ProgramVersion: 7.3.2  TimeStamp: 2026/03/15-10:26:38-GMT  BuildTime: Aug  4 2022 06:17:15  BuildStamp: freesurfer-linux-ubuntu22_x86_64-7.3.2-20220804-6354275  User: oesteban  Machine: dna078  Platform: Linux  PlatformVersion: 5.14.0-427.37.1.el9_4.x86_64  CompilerName: GCC  CompilerVersion: 8.4.0
ProgramName: mri_fuse_segmentations  ProgramArguments: mri_fuse_segmentations -all-info  ProgramVersion: 7.3.2  TimeStamp: 2026/03/15-10:26:38-GMT  BuildTime: Aug  4 2022 06:17:15  BuildStamp: freesurfer-linux-ubuntu22_x86_64-7.3.2-20220804-6354275  User: oesteban  Machine: dna078  Platform: Linux  PlatformVersion: 5.14.0-427.37.1.el9_4.x86_64  CompilerName: GCC  CompilerVersion: 8.4.0
ProgramName: mri_fwhm  ProgramArguments: mri_fwhm -all-info  ProgramVersion: 7.3.2  TimeStamp: 2026/03/15-10:26:38-GMT  BuildTime: Aug  4 2022 06:17:15  BuildStamp: freesurfer-linux-ubuntu22_x86_64-7.3.2-20220804-6354275  User: oesteban  Machine: dna078  Platform: Linux  PlatformVersion: 5.14.0-427.37.1.el9_4.x86_64  CompilerName: GCC  CompilerVersion: 8.4.0
ProgramName: mri_gcut  ProgramArguments: mri_gcut -all-info  ProgramVersion: 7.3.2  TimeStamp: 2026/03/15-10:26:38-GMT  BuildTime: Aug  4 2022 06:17:15  BuildStamp: freesurfer-linux-ubuntu22_x86_64-7.3.2-20220804-6354275  User: oesteban  Machine: dna078  Platform: Linux  PlatformVersion: 5.14.0-427.37.1.el9_4.x86_64  CompilerName: GCC  CompilerVersion: 8.4.0
ProgramName: mri_info  ProgramArguments: mri_info -all-info  ProgramVersion: 7.3.2  TimeStamp: 2026/03/15-10:26:38-GMT  BuildTime: Aug  4 2022 06:17:15  BuildStamp: freesurfer-linux-ubuntu22_x86_64-7.3.2-20220804-6354275  User: oesteban  Machine: dna078  Platform: Linux  PlatformVersion: 5.14.0-427.37.1.el9_4.x86_64  CompilerName: GCC  CompilerVersion: 8.4.0
ProgramName: mri_label2label  ProgramArguments: mri_label2label -all-info  ProgramVersion: 7.3.2  TimeStamp: 2026/03/15-10:26:38-GMT  BuildTime: Aug  4 2022 06:17:15  BuildStamp: freesurfer-linux-ubuntu22_x86_64-7.3.2-20220804-6354275  User: oesteban  Machine: dna078  Platform: Linux  PlatformVersion: 5.14.0-427.37.1.el9_4.x86_64  CompilerName: GCC  CompilerVersion: 8.4.0
ProgramName: mri_label2vol  ProgramArguments: mri_label2vol -all-info  ProgramVersion: 7.3.2  TimeStamp: 2026/03/15-10:26:38-GMT  BuildTime: Aug  4 2022 06:17:15  BuildStamp: freesurfer-linux-ubuntu22_x86_64-7.3.2-20220804-6354275  User: oesteban  Machine: dna078  Platform: Linux  PlatformVersion: 5.14.0-427.37.1.el9_4.x86_64  CompilerName: GCC  CompilerVersion: 8.4.0
ProgramName: mri_log_likelihood  ProgramArguments: mri_log_likelihood -all-info  ProgramVersion: 7.3.2  TimeStamp: 2026/03/15-10:26:38-GMT  BuildTime: Aug  4 2022 06:17:15  BuildStamp: freesurfer-linux-ubuntu22_x86_64-7.3.2-20220804-6354275  User: oesteban  Machine: dna078  Platform: Linux  PlatformVersion: 5.14.0-427.37.1.el9_4.x86_64  CompilerName: GCC  CompilerVersion: 8.4.0
ProgramName: mri_mask  ProgramArguments: mri_mask -all-info  ProgramVersion: 7.3.2  TimeStamp: 2026/03/15-10:26:38-GMT  BuildTime: Aug  4 2022 06:17:15  BuildStamp: freesurfer-linux-ubuntu22_x86_64-7.3.2-20220804-6354275  User: oesteban  Machine: dna078  Platform: Linux  PlatformVersion: 5.14.0-427.37.1.el9_4.x86_64  CompilerName: GCC  CompilerVersion: 8.4.0
ProgramName: mri_matrix_multiply  ProgramArguments: mri_matrix_multiply -all-info  ProgramVersion: 7.3.2  TimeStamp: 2026/03/15-10:26:38-GMT  BuildTime: Aug  4 2022 06:17:15  BuildStamp: freesurfer-linux-ubuntu22_x86_64-7.3.2-20220804-6354275  User: oesteban  Machine: dna078  Platform: Linux  PlatformVersion: 5.14.0-427.37.1.el9_4.x86_64  CompilerName: GCC  CompilerVersion: 8.4.0
ProgramName: mri_normalize  ProgramArguments: mri_normalize -all-info  ProgramVersion: 7.3.2  TimeStamp: 2026/03/15-10:26:38-GMT  BuildTime: Aug  4 2022 06:17:15  BuildStamp: freesurfer-linux-ubuntu22_x86_64-7.3.2-20220804-6354275  User: oesteban  Machine: dna078  Platform: Linux  PlatformVersion: 5.14.0-427.37.1.el9_4.x86_64  CompilerName: GCC  CompilerVersion: 8.4.0
ProgramName: mri_normalize_tp2  ProgramArguments: mri_normalize_tp2 -all-info  ProgramVersion: 7.3.2  TimeStamp: 2026/03/15-10:26:38-GMT  BuildTime: Aug  4 2022 06:17:15  BuildStamp: freesurfer-linux-ubuntu22_x86_64-7.3.2-20220804-6354275  User: oesteban  Machine: dna078  Platform: Linux  PlatformVersion: 5.14.0-427.37.1.el9_4.x86_64  CompilerName: GCC  CompilerVersion: 8.4.0
ProgramName: mri_or  ProgramArguments: mri_or -all-info  ProgramVersion: 7.3.2  TimeStamp: 2026/03/15-10:26:38-GMT  BuildTime: Aug  4 2022 06:17:15  BuildStamp: freesurfer-linux-ubuntu22_x86_64-7.3.2-20220804-6354275  User: oesteban  Machine: dna078  Platform: Linux  PlatformVersion: 5.14.0-427.37.1.el9_4.x86_64  CompilerName: GCC  CompilerVersion: 8.4.0
ProgramName: mri_relabel_hypointensities  ProgramArguments: mri_relabel_hypointensities -all-info  ProgramVersion: 7.3.2  TimeStamp: 2026/03/15-10:26:38-GMT  BuildTime: Aug  4 2022 06:17:15  BuildStamp: freesurfer-linux-ubuntu22_x86_64-7.3.2-20220804-6354275  User: oesteban  Machine: dna078  Platform: Linux  PlatformVersion: 5.14.0-427.37.1.el9_4.x86_64  CompilerName: GCC  CompilerVersion: 8.4.0
ProgramName: mri_relabel_nonwm_hypos  ProgramArguments: mri_relabel_nonwm_hypos -all-info  ProgramVersion: 7.3.2  TimeStamp: 2026/03/15-10:26:38-GMT  BuildTime: Aug  4 2022 06:17:15  BuildStamp: freesurfer-linux-ubuntu22_x86_64-7.3.2-20220804-6354275  User: oesteban  Machine: dna078  Platform: Linux  PlatformVersion: 5.14.0-427.37.1.el9_4.x86_64  CompilerName: GCC  CompilerVersion: 8.4.0
ProgramName: mri_remove_neck  ProgramArguments: mri_remove_neck -all-info  ProgramVersion: 7.3.2  TimeStamp: 2026/03/15-10:26:38-GMT  BuildTime: Aug  4 2022 06:17:15  BuildStamp: freesurfer-linux-ubuntu22_x86_64-7.3.2-20220804-6354275  User: oesteban  Machine: dna078  Platform: Linux  PlatformVersion: 5.14.0-427.37.1.el9_4.x86_64  CompilerName: GCC  CompilerVersion: 8.4.0
7.3.2

ProgramName: mri_robust_register  ProgramArguments: mri_robust_register -all-info  ProgramVersion: 7.3.2  TimeStamp: 2026/03/15-10:26:38-GMT  BuildTime: Aug  4 2022 06:17:15  BuildStamp: freesurfer-linux-ubuntu22_x86_64-7.3.2-20220804-6354275  User: oesteban  Machine: dna078  Platform: Linux  PlatformVersion: 5.14.0-427.37.1.el9_4.x86_64  CompilerName: GCC  CompilerVersion: 8.4.0
7.3.2

ProgramName: mri_robust_template  ProgramArguments: mri_robust_template -all-info  ProgramVersion: 7.3.2  TimeStamp: 2026/03/15-10:26:38-GMT  BuildTime: Aug  4 2022 06:17:15  BuildStamp: freesurfer-linux-ubuntu22_x86_64-7.3.2-20220804-6354275  User: oesteban  Machine: dna078  Platform: Linux  PlatformVersion: 5.14.0-427.37.1.el9_4.x86_64  CompilerName: GCC  CompilerVersion: 8.4.0
ProgramName: mris_anatomical_stats  ProgramArguments: mris_anatomical_stats -all-info  ProgramVersion: 7.3.2  TimeStamp: 2026/03/15-10:26:38-GMT  BuildTime: Aug  4 2022 06:17:15  BuildStamp: freesurfer-linux-ubuntu22_x86_64-7.3.2-20220804-6354275  User: oesteban  Machine: dna078  Platform: Linux  PlatformVersion: 5.14.0-427.37.1.el9_4.x86_64  CompilerName: GCC  CompilerVersion: 8.4.0
ProgramName: mris_ca_label  ProgramArguments: mris_ca_label -all-info  ProgramVersion: 7.3.2  TimeStamp: 2026/03/15-10:26:38-GMT  BuildTime: Aug  4 2022 06:17:15  BuildStamp: freesurfer-linux-ubuntu22_x86_64-7.3.2-20220804-6354275  User: oesteban  Machine: dna078  Platform: Linux  PlatformVersion: 5.14.0-427.37.1.el9_4.x86_64  CompilerName: GCC  CompilerVersion: 8.4.0
ProgramName: mris_calc  ProgramArguments: mris_calc -all-info  ProgramVersion: 7.3.2  TimeStamp: 2026/03/15-10:26:38-GMT  BuildTime: Aug  4 2022 06:17:15  BuildStamp: freesurfer-linux-ubuntu22_x86_64-7.3.2-20220804-6354275  User: oesteban  Machine: dna078  Platform: Linux  PlatformVersion: 5.14.0-427.37.1.el9_4.x86_64  CompilerName: GCC  CompilerVersion: 8.4.0
ProgramName: mris_convert  ProgramArguments: mris_convert -all-info  ProgramVersion: 7.3.2  TimeStamp: 2026/03/15-10:26:38-GMT  BuildTime: Aug  4 2022 06:17:15  BuildStamp: freesurfer-linux-ubuntu22_x86_64-7.3.2-20220804-6354275  User: oesteban  Machine: dna078  Platform: Linux  PlatformVersion: 5.14.0-427.37.1.el9_4.x86_64  CompilerName: GCC  CompilerVersion: 8.4.0
ProgramName: mris_curvature  ProgramArguments: mris_curvature -all-info  ProgramVersion: 7.3.2  TimeStamp: 2026/03/15-10:26:38-GMT  BuildTime: Aug  4 2022 06:17:15  BuildStamp: freesurfer-linux-ubuntu22_x86_64-7.3.2-20220804-6354275  User: oesteban  Machine: dna078  Platform: Linux  PlatformVersion: 5.14.0-427.37.1.el9_4.x86_64  CompilerName: GCC  CompilerVersion: 8.4.0
ProgramName: mris_curvature_stats  ProgramArguments: mris_curvature_stats -all-info  ProgramVersion: 7.3.2  TimeStamp: 2026/03/15-10:26:38-GMT  BuildTime: Aug  4 2022 06:17:15  BuildStamp: freesurfer-linux-ubuntu22_x86_64-7.3.2-20220804-6354275  User: oesteban  Machine: dna078  Platform: Linux  PlatformVersion: 5.14.0-427.37.1.el9_4.x86_64  CompilerName: GCC  CompilerVersion: 8.4.0
ProgramName: mris_diff  ProgramArguments: mris_diff -all-info  ProgramVersion: 7.3.2  TimeStamp: 2026/03/15-10:26:38-GMT  BuildTime: Aug  4 2022 06:17:15  BuildStamp: freesurfer-linux-ubuntu22_x86_64-7.3.2-20220804-6354275  User: oesteban  Machine: dna078  Platform: Linux  PlatformVersion: 5.14.0-427.37.1.el9_4.x86_64  CompilerName: GCC  CompilerVersion: 8.4.0
ProgramName: mris_divide_parcellation  ProgramArguments: mris_divide_parcellation -all-info  ProgramVersion: 7.3.2  TimeStamp: 2026/03/15-10:26:38-GMT  BuildTime: Aug  4 2022 06:17:15  BuildStamp: freesurfer-linux-ubuntu22_x86_64-7.3.2-20220804-6354275  User: oesteban  Machine: dna078  Platform: Linux  PlatformVersion: 5.14.0-427.37.1.el9_4.x86_64  CompilerName: GCC  CompilerVersion: 8.4.0
ProgramName: mri_segment  ProgramArguments: mri_segment -all-info  ProgramVersion: 7.3.2  TimeStamp: 2026/03/15-10:26:38-GMT  BuildTime: Aug  4 2022 06:17:15  BuildStamp: freesurfer-linux-ubuntu22_x86_64-7.3.2-20220804-6354275  User: oesteban  Machine: dna078  Platform: Linux  PlatformVersion: 5.14.0-427.37.1.el9_4.x86_64  CompilerName: GCC  CompilerVersion: 8.4.0
ProgramName: mri_segstats  ProgramArguments: mri_segstats -all-info  ProgramVersion: 7.3.2  TimeStamp: 2026/03/15-10:26:38-GMT  BuildTime: Aug  4 2022 06:17:15  BuildStamp: freesurfer-linux-ubuntu22_x86_64-7.3.2-20220804-6354275  User: oesteban  Machine: dna078  Platform: Linux  PlatformVersion: 5.14.0-427.37.1.el9_4.x86_64  CompilerName: GCC  CompilerVersion: 8.4.0
ProgramName: mris_euler_number  ProgramArguments: mris_euler_number -all-info  ProgramVersion: 7.3.2  TimeStamp: 2026/03/15-10:26:38-GMT  BuildTime: Aug  4 2022 06:17:15  BuildStamp: freesurfer-linux-ubuntu22_x86_64-7.3.2-20220804-6354275  User: oesteban  Machine: dna078  Platform: Linux  PlatformVersion: 5.14.0-427.37.1.el9_4.x86_64  CompilerName: GCC  CompilerVersion: 8.4.0
ProgramName: mris_fix_topology  ProgramArguments: mris_fix_topology -all-info  ProgramVersion: 7.3.2  TimeStamp: 2026/03/15-10:26:38-GMT  BuildTime: Aug  4 2022 06:17:15  BuildStamp: freesurfer-linux-ubuntu22_x86_64-7.3.2-20220804-6354275  User: oesteban  Machine: dna078  Platform: Linux  PlatformVersion: 5.14.0-427.37.1.el9_4.x86_64  CompilerName: GCC  CompilerVersion: 8.4.0
ProgramName: mris_topo_fixer  ProgramArguments: mris_topo_fixer -all-info  ProgramVersion: 7.3.2  TimeStamp: 2026/03/15-10:26:38-GMT  BuildTime: Aug  4 2022 06:17:15  BuildStamp: freesurfer-linux-ubuntu22_x86_64-7.3.2-20220804-6354275  User: oesteban  Machine: dna078  Platform: Linux  PlatformVersion: 5.14.0-427.37.1.el9_4.x86_64  CompilerName: GCC  CompilerVersion: 8.4.0
ProgramName: mris_jacobian  ProgramArguments: mris_jacobian -all-info  ProgramVersion: 7.3.2  TimeStamp: 2026/03/15-10:26:38-GMT  BuildTime: Aug  4 2022 06:17:15  BuildStamp: freesurfer-linux-ubuntu22_x86_64-7.3.2-20220804-6354275  User: oesteban  Machine: dna078  Platform: Linux  PlatformVersion: 5.14.0-427.37.1.el9_4.x86_64  CompilerName: GCC  CompilerVersion: 8.4.0
ProgramName: mris_label2annot  ProgramArguments: mris_label2annot -all-info  ProgramVersion: 7.3.2  TimeStamp: 2026/03/15-10:26:38-GMT  BuildTime: Aug  4 2022 06:17:15  BuildStamp: freesurfer-linux-ubuntu22_x86_64-7.3.2-20220804-6354275  User: oesteban  Machine: dna078  Platform: Linux  PlatformVersion: 5.14.0-427.37.1.el9_4.x86_64  CompilerName: GCC  CompilerVersion: 8.4.0
ProgramName: mris_left_right_register  ProgramArguments: mris_left_right_register -all-info  ProgramVersion: 7.3.2  TimeStamp: 2026/03/15-10:26:38-GMT  BuildTime: Aug  4 2022 06:17:15  BuildStamp: freesurfer-linux-ubuntu22_x86_64-7.3.2-20220804-6354275  User: oesteban  Machine: dna078  Platform: Linux  PlatformVersion: 5.14.0-427.37.1.el9_4.x86_64  CompilerName: GCC  CompilerVersion: 8.4.0
ProgramName: mris_place_surface  ProgramArguments: mris_place_surface -all-info  ProgramVersion: 7.3.2  TimeStamp: 2026/03/15-10:26:38-GMT  BuildTime: Aug  4 2022 06:17:15  BuildStamp: freesurfer-linux-ubuntu22_x86_64-7.3.2-20220804-6354275  User: oesteban  Machine: dna078  Platform: Linux  PlatformVersion: 5.14.0-427.37.1.el9_4.x86_64  CompilerName: GCC  CompilerVersion: 8.4.0
ProgramName: mrisp_paint  ProgramArguments: mrisp_paint -all-info  ProgramVersion: 7.3.2  TimeStamp: 2026/03/15-10:26:38-GMT  BuildTime: Aug  4 2022 06:17:15  BuildStamp: freesurfer-linux-ubuntu22_x86_64-7.3.2-20220804-6354275  User: oesteban  Machine: dna078  Platform: Linux  PlatformVersion: 5.14.0-427.37.1.el9_4.x86_64  CompilerName: GCC  CompilerVersion: 8.4.0
ProgramName: mris_register  ProgramArguments: mris_register -all-info  ProgramVersion: 7.3.2  TimeStamp: 2026/03/15-10:26:38-GMT  BuildTime: Aug  4 2022 06:17:15  BuildStamp: freesurfer-linux-ubuntu22_x86_64-7.3.2-20220804-6354275  User: oesteban  Machine: dna078  Platform: Linux  PlatformVersion: 5.14.0-427.37.1.el9_4.x86_64  CompilerName: GCC  CompilerVersion: 8.4.0
ProgramName: mris_smooth  ProgramArguments: mris_smooth -all-info  ProgramVersion: 7.3.2  TimeStamp: 2026/03/15-10:26:38-GMT  BuildTime: Aug  4 2022 06:17:15  BuildStamp: freesurfer-linux-ubuntu22_x86_64-7.3.2-20220804-6354275  User: oesteban  Machine: dna078  Platform: Linux  PlatformVersion: 5.14.0-427.37.1.el9_4.x86_64  CompilerName: GCC  CompilerVersion: 8.4.0
ProgramName: mris_sphere  ProgramArguments: mris_sphere -all-info  ProgramVersion: 7.3.2  TimeStamp: 2026/03/15-10:26:38-GMT  BuildTime: Aug  4 2022 06:17:15  BuildStamp: freesurfer-linux-ubuntu22_x86_64-7.3.2-20220804-6354275  User: oesteban  Machine: dna078  Platform: Linux  PlatformVersion: 5.14.0-427.37.1.el9_4.x86_64  CompilerName: GCC  CompilerVersion: 8.4.0
ProgramName: mris_surface_stats  ProgramArguments: mris_surface_stats -all-info  ProgramVersion: 7.3.2  TimeStamp: 2026/03/15-10:26:38-GMT  BuildTime: Aug  4 2022 06:17:15  BuildStamp: freesurfer-linux-ubuntu22_x86_64-7.3.2-20220804-6354275  User: oesteban  Machine: dna078  Platform: Linux  PlatformVersion: 5.14.0-427.37.1.el9_4.x86_64  CompilerName: GCC  CompilerVersion: 8.4.0
ProgramName: mri_stats2seg  ProgramArguments: mri_stats2seg -all-info  ProgramVersion: 7.3.2  TimeStamp: 2026/03/15-10:26:38-GMT  BuildTime: Aug  4 2022 06:17:15  BuildStamp: freesurfer-linux-ubuntu22_x86_64-7.3.2-20220804-6354275  User: oesteban  Machine: dna078  Platform: Linux  PlatformVersion: 5.14.0-427.37.1.el9_4.x86_64  CompilerName: GCC  CompilerVersion: 8.4.0
ProgramName: mris_thickness  ProgramArguments: mris_thickness -all-info  ProgramVersion: 7.3.2  TimeStamp: 2026/03/15-10:26:38-GMT  BuildTime: Aug  4 2022 06:17:15  BuildStamp: freesurfer-linux-ubuntu22_x86_64-7.3.2-20220804-6354275  User: oesteban  Machine: dna078  Platform: Linux  PlatformVersion: 5.14.0-427.37.1.el9_4.x86_64  CompilerName: GCC  CompilerVersion: 8.4.0
ProgramName: mris_thickness_diff  ProgramArguments: mris_thickness_diff -all-info  ProgramVersion: 7.3.2  TimeStamp: 2026/03/15-10:26:38-GMT  BuildTime: Aug  4 2022 06:17:15  BuildStamp: freesurfer-linux-ubuntu22_x86_64-7.3.2-20220804-6354275  User: oesteban  Machine: dna078  Platform: Linux  PlatformVersion: 5.14.0-427.37.1.el9_4.x86_64  CompilerName: GCC  CompilerVersion: 8.4.0
ProgramName: mris_topo_fixer  ProgramArguments: mris_topo_fixer -all-info  ProgramVersion: 7.3.2  TimeStamp: 2026/03/15-10:26:38-GMT  BuildTime: Aug  4 2022 06:17:15  BuildStamp: freesurfer-linux-ubuntu22_x86_64-7.3.2-20220804-6354275  User: oesteban  Machine: dna078  Platform: Linux  PlatformVersion: 5.14.0-427.37.1.el9_4.x86_64  CompilerName: GCC  CompilerVersion: 8.4.0
ProgramName: mri_surf2surf  ProgramArguments: mri_surf2surf -all-info  ProgramVersion: 7.3.2  TimeStamp: 2026/03/15-10:26:38-GMT  BuildTime: Aug  4 2022 06:17:15  BuildStamp: freesurfer-linux-ubuntu22_x86_64-7.3.2-20220804-6354275  User: oesteban  Machine: dna078  Platform: Linux  PlatformVersion: 5.14.0-427.37.1.el9_4.x86_64  CompilerName: GCC  CompilerVersion: 8.4.0
ProgramName: mri_surf2vol  ProgramArguments: mri_surf2vol -all-info  ProgramVersion: 7.3.2  TimeStamp: 2026/03/15-10:26:38-GMT  BuildTime: Aug  4 2022 06:17:15  BuildStamp: freesurfer-linux-ubuntu22_x86_64-7.3.2-20220804-6354275  User: oesteban  Machine: dna078  Platform: Linux  PlatformVersion: 5.14.0-427.37.1.el9_4.x86_64  CompilerName: GCC  CompilerVersion: 8.4.0
ProgramName: mri_surfcluster  ProgramArguments: mri_surfcluster -all-info  ProgramVersion: 7.3.2  TimeStamp: 2026/03/15-10:26:38-GMT  BuildTime: Aug  4 2022 06:17:15  BuildStamp: freesurfer-linux-ubuntu22_x86_64-7.3.2-20220804-6354275  User: oesteban  Machine: dna078  Platform: Linux  PlatformVersion: 5.14.0-427.37.1.el9_4.x86_64  CompilerName: GCC  CompilerVersion: 8.4.0
ProgramName: mris_volmask  ProgramArguments: mris_volmask -all-info  ProgramVersion: 7.3.2  TimeStamp: 2026/03/15-10:26:38-GMT  BuildTime: Aug  4 2022 06:17:15  BuildStamp: freesurfer-linux-ubuntu22_x86_64-7.3.2-20220804-6354275  User: oesteban  Machine: dna078  Platform: Linux  PlatformVersion: 5.14.0-427.37.1.el9_4.x86_64  CompilerName: GCC  CompilerVersion: 8.4.0
ProgramName: mri_tessellate  ProgramArguments: mri_tessellate -all-info  ProgramVersion: 7.3.2  TimeStamp: 2026/03/15-10:26:38-GMT  BuildTime: Aug  4 2022 06:17:15  BuildStamp: freesurfer-linux-ubuntu22_x86_64-7.3.2-20220804-6354275  User: oesteban  Machine: dna078  Platform: Linux  PlatformVersion: 5.14.0-427.37.1.el9_4.x86_64  CompilerName: GCC  CompilerVersion: 8.4.0
ProgramName: mri_vol2surf  ProgramArguments: mri_vol2surf -all-info  ProgramVersion: 7.3.2  TimeStamp: 2026/03/15-10:26:38-GMT  BuildTime: Aug  4 2022 06:17:15  BuildStamp: freesurfer-linux-ubuntu22_x86_64-7.3.2-20220804-6354275  User: oesteban  Machine: dna078  Platform: Linux  PlatformVersion: 5.14.0-427.37.1.el9_4.x86_64  CompilerName: GCC  CompilerVersion: 8.4.0
ProgramName: mri_vol2vol  ProgramArguments: mri_vol2vol -all-info  ProgramVersion: 7.3.2  TimeStamp: 2026/03/15-10:26:38-GMT  BuildTime: Aug  4 2022 06:17:15  BuildStamp: freesurfer-linux-ubuntu22_x86_64-7.3.2-20220804-6354275  User: oesteban  Machine: dna078  Platform: Linux  PlatformVersion: 5.14.0-427.37.1.el9_4.x86_64  CompilerName: GCC  CompilerVersion: 8.4.0
ProgramName: mri_voldiff  ProgramArguments: mri_voldiff -all-info  ProgramVersion: 7.3.2  TimeStamp: 2026/03/15-10:26:38-GMT  BuildTime: Aug  4 2022 06:17:15  BuildStamp: freesurfer-linux-ubuntu22_x86_64-7.3.2-20220804-6354275  User: oesteban  Machine: dna078  Platform: Linux  PlatformVersion: 5.14.0-427.37.1.el9_4.x86_64  CompilerName: GCC  CompilerVersion: 8.4.0
ProgramName: mri_watershed  ProgramArguments: mri_watershed -all-info  ProgramVersion: 7.3.2  TimeStamp: 2026/03/15-10:26:38-GMT  BuildTime: Aug  4 2022 06:17:15  BuildStamp: freesurfer-linux-ubuntu22_x86_64-7.3.2-20220804-6354275  User: oesteban  Machine: dna078  Platform: Linux  PlatformVersion: 5.14.0-427.37.1.el9_4.x86_64  CompilerName: GCC  CompilerVersion: 8.4.0
ProgramName: tkregister2  ProgramArguments: tkregister2_cmdl -all-info  ProgramVersion: 7.3.2  TimeStamp: 2026/03/15-10:26:38-GMT  BuildTime: Aug  4 2022 06:17:15  BuildStamp: freesurfer-linux-ubuntu22_x86_64-7.3.2-20220804-6354275  User: oesteban  Machine: dna078  Platform: Linux  PlatformVersion: 5.14.0-427.37.1.el9_4.x86_64  CompilerName: GCC  CompilerVersion: 8.4.0
mri_motion_correct.fsl 7.3.2
mri_convert -all-info 
ProgramName: mri_convert  ProgramArguments: mri_convert -all-info  ProgramVersion: 7.3.2  TimeStamp: 2026/03/15-10:26:38-GMT  BuildTime: Aug  4 2022 06:17:15  BuildStamp: freesurfer-linux-ubuntu22_x86_64-7.3.2-20220804-6354275  User: oesteban  Machine: dna078  Platform: Linux  PlatformVersion: 5.14.0-427.37.1.el9_4.x86_64  CompilerName: GCC  CompilerVersion: 8.4.0
Program nu_correct, built from:
Package MNI N3, version 1.12.0, compiled by nicks@terrier (x86_64-unknown-linux-gnu) on 2015-06-19 at 01:25:34
#######################################
GCADIR /opt/freesurfer/average
GCA RB_all_2020-01-02.gca
GCASkull RB_all_withskull_2020_01_02.gca
AvgCurvTif folding.atlas.acfb40.noaparc.i12.2016-08-02.tif
GCSDIR /opt/freesurfer/average
GCS DKaparc.atlas.acfb40.noaparc.i12.2016-08-02.gcs
#######################################
#--------------------------------------
#@# CA Normalize Sun Mar 15 11:26:38 CET 2026
/out/sourcedata/freesurfer/sub-v2s10x29004_ses-1/mri

 mri_ca_normalize -c ctrl_pts.mgz -mask brainmask.mgz nu.mgz /opt/freesurfer/average/RB_all_2020-01-02.gca transforms/talairach.lta norm.mgz 

writing control point volume to ctrl_pts.mgz
using MR volume brainmask.mgz to mask input volume...
reading 1 input volume
reading atlas from '/opt/freesurfer/average/RB_all_2020-01-02.gca'...
reading transform from 'transforms/talairach.lta'...
reading input volume from nu.mgz...
resetting wm mean[0]: 98 --> 107
resetting gm mean[0]: 61 --> 61
input volume #1 is the most T1-like
using real data threshold=28.9
skull bounding box = (58, 42, 31) --> (195, 154, 190)
finding center of left hemi white matter
using (104, 79, 111) as brain centroid of Right_Cerebral_White_Matter...
mean wm in atlas = 107, using box (87,65,91) --> (120, 92,130) to find MRI wm
before smoothing, mri peak at 109
robust fit to distribution - 109 +- 3.4
after smoothing, mri peak at 109, scaling input intensities by 0.982
scaling channel 0 by 0.981651
using 246437 sample points...
INFO: compute sample coordinates transform
 1.08161  -0.01328  -0.04706  -4.24955;
 0.01661   1.23221   0.10703  -13.10445;
 0.04193  -0.11610   1.04605   4.25585;
 0.00000   0.00000   0.00000   1.00000;
INFO: transform used
finding control points in Left_Cerebral_White_Matter....
found 40230 control points for structure...
bounding box (123, 42, 27) --> (187, 136, 187)
Left_Cerebral_White_Matter: limiting intensities to 93.0 --> 128.0
5 of 8718 (0.1%) samples deleted
finding control points in Right_Cerebral_White_Matter....
found 39478 control points for structure...
bounding box (66, 44, 28) --> (129, 138, 188)
Right_Cerebral_White_Matter: limiting intensities to 92.0 --> 128.0
36 of 8545 (0.4%) samples deleted
finding control points in Left_Cerebellum_White_Matter....
found 3105 control points for structure...
bounding box (127, 111, 51) --> (172, 149, 103)
Left_Cerebellum_White_Matter: limiting intensities to 98.0 --> 128.0
0 of 727 (0.0%) samples deleted
finding control points in Right_Cerebellum_White_Matter....
found 2710 control points for structure...
bounding box (85, 111, 50) --> (126, 148, 105)
Right_Cerebellum_White_Matter: limiting intensities to 96.0 --> 128.0
0 of 635 (0.0%) samples deleted
finding control points in Brain_Stem....
found 3475 control points for structure...
bounding box (112, 106, 86) --> (143, 162, 115)
Brain_Stem: limiting intensities to 88.0 --> 128.0
2 of 1281 (0.2%) samples deleted
using 19906 total control points for intensity normalization...
bias field = 0.969 +- 0.079
19 of 19863 control points discarded
finding control points in Left_Cerebral_White_Matter....
found 40230 control points for structure...
bounding box (123, 42, 27) --> (187, 136, 187)
Left_Cerebral_White_Matter: limiting intensities to 91.0 --> 121.0
3 of 8743 (0.0%) samples deleted
finding control points in Right_Cerebral_White_Matter....
found 39478 control points for structure...
bounding box (66, 44, 28) --> (129, 138, 188)
Right_Cerebral_White_Matter: limiting intensities to 90.0 --> 121.0
36 of 8572 (0.4%) samples deleted
finding control points in Left_Cerebellum_White_Matter....
found 3105 control points for structure...
bounding box (127, 111, 51) --> (172, 149, 103)
Left_Cerebellum_White_Matter: limiting intensities to 88.0 --> 121.0
1 of 753 (0.1%) samples deleted
finding control points in Right_Cerebellum_White_Matter....
found 2710 control points for structure...
bounding box (85, 111, 50) --> (126, 148, 105)
Right_Cerebellum_White_Matter: limiting intensities to 88.0 --> 121.0
13 of 668 (1.9%) samples deleted
finding control points in Brain_Stem....
found 3475 control points for structure...
bounding box (112, 106, 86) --> (143, 162, 115)
Brain_Stem: limiting intensities to 88.0 --> 121.0
194 of 1344 (14.4%) samples deleted
using 20080 total control points for intensity normalization...
bias field = 0.998 +- 0.050
26 of 19751 control points discarded
finding control points in Left_Cerebral_White_Matter....
found 40230 control points for structure...
bounding box (123, 42, 27) --> (187, 136, 187)
Left_Cerebral_White_Matter: limiting intensities to 91.0 --> 122.0
6 of 8748 (0.1%) samples deleted
finding control points in Right_Cerebral_White_Matter....
found 39478 control points for structure...
bounding box (66, 44, 28) --> (129, 138, 188)
Right_Cerebral_White_Matter: limiting intensities to 90.0 --> 122.0
43 of 8606 (0.5%) samples deleted
finding control points in Left_Cerebellum_White_Matter....
found 3105 control points for structure...
bounding box (127, 111, 51) --> (172, 149, 103)
Left_Cerebellum_White_Matter: limiting intensities to 88.0 --> 122.0
88 of 757 (11.6%) samples deleted
finding control points in Right_Cerebellum_White_Matter....
found 2710 control points for structure...
bounding box (85, 111, 50) --> (126, 148, 105)
Right_Cerebellum_White_Matter: limiting intensities to 88.0 --> 122.0
161 of 681 (23.6%) samples deleted
finding control points in Brain_Stem....
found 3475 control points for structure...
bounding box (112, 106, 86) --> (143, 162, 115)
Brain_Stem: limiting intensities to 88.0 --> 122.0
711 of 1351 (52.6%) samples deleted
using 20143 total control points for intensity normalization...
bias field = 0.997 +- 0.038
12 of 19018 control points discarded
writing normalized volume to norm.mgz...
writing control points to ctrl_pts.mgz
freeing GCA...done.
normalization took 0 minutes and 54 seconds.
#--------------------------------------
#@# CA Reg Sun Mar 15 11:27:33 CET 2026
/out/sourcedata/freesurfer/sub-v2s10x29004_ses-1/mri

 mri_ca_register -nobigventricles -T transforms/talairach.lta -align-after -mask brainmask.mgz norm.mgz /opt/freesurfer/average/RB_all_2020-01-02.gca transforms/talairach.m3z 

not handling expanded ventricles...
using previously computed transform transforms/talairach.lta
renormalizing sequences with structure alignment, equivalent to:
	-renormalize
	-regularize_mean 0.500
	-regularize 0.500
using MR volume brainmask.mgz to mask input volume...

== Number of threads available to mri_ca_register for OpenMP = 16 == 
reading 1 input volumes...
logging results to talairach.log
reading input volume 'norm.mgz'...
reading GCA '/opt/freesurfer/average/RB_all_2020-01-02.gca'...
label assignment complete, 0 changed (0.00%)
freeing gibbs priors...done.
average std[0] = 5.0
Starting GCAMregister()
label assignment complete, 0 changed (0.00%)
npasses = 1, nlevels = 6
#pass# 1 of 1 ************************
enabling zero nodes
setting smoothness cost coefficient to 0.156

#GCAMreg# pass 0 level1 5 level2 0 tsec 0 sigma 2
l_jacobian=1.00 l_label=1.00 l_log_likelihood=0.20 l_smoothness=0.16 
tol=2.50e-01, dt=5.00e-02, exp_k=20.0, momentum=0.90, levels=6, niter=500, lbl_dist=10.00, avgs=256, sigma=2.0,type=2, relabel=0, neg=no

blurring input image with Gaussian with sigma=2.000...
GCAMRegisterLevel(): init RMS 0.76816
#FOTS# QuadFit found better minimum quadopt=(dt=227.737,rms=0.705642) vs oldopt=(dt=92.48,rms=0.726607)
#GCMRL#    0 dt 227.736527 rms  0.706  8.139% neg 0  invalid 762 tFOTS 2.3860 tGradient 2.1010 tsec 4.6850
#FOTS# QuadFit found better minimum quadopt=(dt=141.14,rms=0.685277) vs oldopt=(dt=92.48,rms=0.687977)
#GCMRL#    1 dt 141.139823 rms  0.685  2.886% neg 0  invalid 762 tFOTS 2.4770 tGradient 2.0410 tsec 4.7090
#FOTS# QuadFit found better minimum quadopt=(dt=226.477,rms=0.676687) vs oldopt=(dt=369.92,rms=0.679576)
#GCMRL#    2 dt 226.477093 rms  0.677  1.253% neg 0  invalid 762 tFOTS 2.5160 tGradient 2.0440 tsec 4.7530
#FOTS# QuadFit found better minimum quadopt=(dt=137.399,rms=0.671191) vs oldopt=(dt=92.48,rms=0.671993)
#GCMRL#    3 dt 137.398601 rms  0.671  0.812% neg 0  invalid 762 tFOTS 2.6120 tGradient 2.1360 tsec 4.9600
#FOTS# QuadFit found better minimum quadopt=(dt=295.936,rms=0.667447) vs oldopt=(dt=369.92,rms=0.66773)
#GCMRL#    4 dt 295.936000 rms  0.667  0.558% neg 0  invalid 762 tFOTS 2.6130 tGradient 2.1090 tsec 4.9190
#FOTS# QuadFit found better minimum quadopt=(dt=129.472,rms=0.664153) vs oldopt=(dt=92.48,rms=0.664468)
#GCMRL#    5 dt 129.472000 rms  0.664  0.493% neg 0  invalid 762 tFOTS 2.7430 tGradient 2.0960 tsec 5.0490
#FOTS# QuadFit found better minimum quadopt=(dt=295.936,rms=0.662157) vs oldopt=(dt=369.92,rms=0.662327)
#GCMRL#    6 dt 295.936000 rms  0.662  0.300% neg 0  invalid 762 tFOTS 2.6010 tGradient 2.1310 tsec 4.9420
#FOTS# QuadFit found better minimum quadopt=(dt=129.472,rms=0.660161) vs oldopt=(dt=92.48,rms=0.66035)
#GCMRL#    7 dt 129.472000 rms  0.660  0.301% neg 0  invalid 762 tFOTS 2.8570 tGradient 2.1590 tsec 5.2240
#FOTS# QuadFit found better minimum quadopt=(dt=295.936,rms=0.658891) vs oldopt=(dt=369.92,rms=0.659059)
#GCMRL#    8 dt 295.936000 rms  0.659  0.000% neg 0  invalid 762 tFOTS 2.6410 tGradient 2.2090 tsec 5.0760

#GCAMreg# pass 0 level1 5 level2 1 tsec 55.144 sigma 0.5
l_jacobian=1.00 l_label=1.00 l_log_likelihood=0.20 l_smoothness=0.16 
tol=2.50e-01, dt=5.00e-02, exp_k=20.0, momentum=0.90, levels=6, niter=500, lbl_dist=10.00, avgs=256, sigma=0.5,type=2, relabel=0, neg=no

blurring input image with Gaussian with sigma=0.500...
GCAMRegisterLevel(): init RMS 0.659367
#FOTS# QuadFit found better minimum quadopt=(dt=129.472,rms=0.656995) vs oldopt=(dt=92.48,rms=0.657284)
#GCMRL#   10 dt 129.472000 rms  0.657  0.360% neg 0  invalid 762 tFOTS 2.5500 tGradient 2.0700 tsec 4.8260
#FOTS# QuadFit found better minimum quadopt=(dt=517.888,rms=0.655062) vs oldopt=(dt=369.92,rms=0.655281)
#GCMRL#   11 dt 517.888000 rms  0.655  0.294% neg 0  invalid 762 tFOTS 2.5800 tGradient 2.1800 tsec 4.9590
#FOTS# QuadFit found better minimum quadopt=(dt=129.472,rms=0.653873) vs oldopt=(dt=92.48,rms=0.654015)
#GCMRL#   12 dt 129.472000 rms  0.654  0.000% neg 0  invalid 762 tFOTS 2.6970 tGradient 2.0340 tsec 4.9580
#GCMRL#   13 dt 129.472000 rms  0.653  0.074% neg 0  invalid 762 tFOTS 0.0000 tGradient 2.2040 tsec 2.4060
#GCMRL#   14 dt 129.472000 rms  0.653  0.114% neg 0  invalid 762 tFOTS 0.0000 tGradient 2.1840 tsec 2.3700
#GCMRL#   15 dt 129.472000 rms  0.652  0.157% neg 0  invalid 762 tFOTS 0.0000 tGradient 2.1060 tsec 2.2870
#GCMRL#   16 dt 129.472000 rms  0.650  0.172% neg 0  invalid 762 tFOTS 0.0000 tGradient 2.0810 tsec 2.2590
#GCMRL#   17 dt 129.472000 rms  0.649  0.183% neg 0  invalid 762 tFOTS 0.0000 tGradient 2.0980 tsec 2.2770
#GCMRL#   18 dt 129.472000 rms  0.648  0.196% neg 0  invalid 762 tFOTS 0.0000 tGradient 2.0810 tsec 2.2680
#GCMRL#   19 dt 129.472000 rms  0.647  0.193% neg 0  invalid 762 tFOTS 0.0000 tGradient 2.0910 tsec 2.2840
#GCMRL#   20 dt 129.472000 rms  0.646  0.190% neg 0  invalid 762 tFOTS 0.0000 tGradient 2.1190 tsec 2.3160
#GCMRL#   21 dt 129.472000 rms  0.644  0.173% neg 0  invalid 762 tFOTS 0.0000 tGradient 2.0870 tsec 2.2800
#GCMRL#   22 dt 129.472000 rms  0.643  0.170% neg 0  invalid 762 tFOTS 0.0000 tGradient 2.1170 tsec 2.3030
#GCMRL#   23 dt 129.472000 rms  0.642  0.165% neg 0  invalid 762 tFOTS 0.0000 tGradient 2.1440 tsec 2.3330
#GCMRL#   24 dt 129.472000 rms  0.641  0.151% neg 0  invalid 762 tFOTS 0.0000 tGradient 2.1170 tsec 2.3050
#GCMRL#   25 dt 129.472000 rms  0.640  0.142% neg 0  invalid 762 tFOTS 0.0000 tGradient 2.1560 tsec 2.3370
#GCMRL#   26 dt 129.472000 rms  0.640  0.130% neg 0  invalid 762 tFOTS 0.0000 tGradient 2.2870 tsec 2.4730
#GCMRL#   27 dt 129.472000 rms  0.639  0.120% neg 0  invalid 762 tFOTS 0.0000 tGradient 2.0210 tsec 2.2090
#GCMRL#   28 dt 129.472000 rms  0.638  0.116% neg 0  invalid 762 tFOTS 0.0000 tGradient 2.1630 tsec 2.3650
#GCMRL#   29 dt 1479.680000 rms  0.638  0.000% neg 0  invalid 762 tFOTS 2.6040 tGradient 2.0490 tsec 4.8630
setting smoothness cost coefficient to 0.615

#GCAMreg# pass 0 level1 4 level2 0 tsec 0 sigma 2
l_jacobian=1.00 l_label=1.00 l_log_likelihood=0.20 l_smoothness=0.62 
tol=2.50e-01, dt=5.00e-02, exp_k=20.0, momentum=0.90, levels=6, niter=500, lbl_dist=10.00, avgs=64, sigma=2.0,type=2, relabel=0, neg=no

blurring input image with Gaussian with sigma=2.000...
GCAMRegisterLevel(): init RMS 0.647615
#FOTS# QuadFit found better minimum quadopt=(dt=36.288,rms=0.645569) vs oldopt=(dt=25.92,rms=0.645758)
#GCMRL#   31 dt  36.288000 rms  0.646  0.316% neg 0  invalid 762 tFOTS 2.6150 tGradient 1.6130 tsec 4.4370
#FOTS# QuadFit found better minimum quadopt=(dt=36.288,rms=0.644763) vs oldopt=(dt=25.92,rms=0.644922)
#GCMRL#   32 dt  36.288000 rms  0.645  0.000% neg 0  invalid 762 tFOTS 2.4110 tGradient 1.6280 tsec 4.2560
#GCMRL#   33 dt  36.288000 rms  0.644  0.136% neg 0  invalid 762 tFOTS 0.0000 tGradient 1.6760 tsec 1.8670
#GCMRL#   34 dt  36.288000 rms  0.643  0.200% neg 0  invalid 762 tFOTS 0.0000 tGradient 1.6320 tsec 1.8180
#GCMRL#   35 dt  36.288000 rms  0.641  0.213% neg 0  invalid 762 tFOTS 0.0000 tGradient 1.6060 tsec 1.8000
#GCMRL#   36 dt  36.288000 rms  0.639  0.300% neg 0  invalid 762 tFOTS 0.0000 tGradient 1.5940 tsec 1.7940
#GCMRL#   37 dt  36.288000 rms  0.637  0.420% neg 0  invalid 762 tFOTS 0.0000 tGradient 1.5510 tsec 1.7440
#GCMRL#   38 dt  36.288000 rms  0.634  0.483% neg 0  invalid 762 tFOTS 0.0000 tGradient 1.5530 tsec 1.7430
#GCMRL#   39 dt  36.288000 rms  0.630  0.493% neg 0  invalid 762 tFOTS 0.0000 tGradient 1.6790 tsec 1.8730
#GCMRL#   40 dt  36.288000 rms  0.628  0.442% neg 0  invalid 762 tFOTS 0.0000 tGradient 1.5360 tsec 1.7370
#GCMRL#   41 dt  36.288000 rms  0.625  0.343% neg 0  invalid 762 tFOTS 0.0000 tGradient 1.6290 tsec 1.8310
#GCMRL#   42 dt  36.288000 rms  0.624  0.235% neg 0  invalid 762 tFOTS 0.0000 tGradient 1.5890 tsec 1.7830
#GCMRL#   43 dt  36.288000 rms  0.623  0.145% neg 0  invalid 762 tFOTS 0.0000 tGradient 1.5540 tsec 1.7510
#GCMRL#   44 dt  36.288000 rms  0.623  0.091% neg 0  invalid 762 tFOTS 0.0000 tGradient 1.6050 tsec 1.8430
#GCMRL#   45 dt  36.288000 rms  0.622  0.063% neg 0  invalid 762 tFOTS 0.0000 tGradient 1.5640 tsec 1.7720
#FOTS# QuadFit found better minimum quadopt=(dt=145.152,rms=0.621604) vs oldopt=(dt=103.68,rms=0.621678)
#GCMRL#   46 dt 145.152000 rms  0.622  0.088% neg 0  invalid 762 tFOTS 2.6000 tGradient 1.4960 tsec 4.2990
#GCMRL#   47 dt   0.450000 rms  0.622  0.000% neg 0  invalid 762 tFOTS 2.7840 tGradient 1.5830 tsec 4.6200

#GCAMreg# pass 0 level1 4 level2 1 tsec 50.879 sigma 0.5
l_jacobian=1.00 l_label=1.00 l_log_likelihood=0.20 l_smoothness=0.62 
tol=2.50e-01, dt=5.00e-02, exp_k=20.0, momentum=0.90, levels=6, niter=500, lbl_dist=10.00, avgs=64, sigma=0.5,type=2, relabel=0, neg=no

blurring input image with Gaussian with sigma=0.500...
GCAMRegisterLevel(): init RMS 0.622127
#FOTS# QuadFit found better minimum quadopt=(dt=36.288,rms=0.62138) vs oldopt=(dt=25.92,rms=0.621393)
#GCMRL#   49 dt  36.288000 rms  0.621  0.120% neg 0  invalid 762 tFOTS 2.4150 tGradient 1.6090 tsec 4.2230
#FOTS# QuadFit found better minimum quadopt=(dt=20.736,rms=0.621353) vs oldopt=(dt=25.92,rms=0.621354)
#GCMRL#   50 dt  20.736000 rms  0.621  0.000% neg 0  invalid 762 tFOTS 2.7070 tGradient 1.6910 tsec 4.6130
setting smoothness cost coefficient to 2.353

#GCAMreg# pass 0 level1 3 level2 0 tsec 0 sigma 2
l_jacobian=1.00 l_label=1.00 l_log_likelihood=0.20 l_smoothness=2.35 
tol=2.50e-01, dt=5.00e-02, exp_k=20.0, momentum=0.90, levels=6, niter=500, lbl_dist=10.00, avgs=16, sigma=2.0,type=2, relabel=0, neg=no

blurring input image with Gaussian with sigma=2.000...
GCAMRegisterLevel(): init RMS 0.649879
#FOTS# QuadFit found better minimum quadopt=(dt=1.2,rms=0.649267) vs oldopt=(dt=2,rms=0.649302)
#GCMRL#   52 dt   1.200000 rms  0.649  0.094% neg 0  invalid 762 tFOTS 2.4650 tGradient 1.3920 tsec 4.0590
#FOTS# QuadFit found better minimum quadopt=(dt=0.175,rms=0.649274) vs oldopt=(dt=0.125,rms=0.649274)

#GCAMreg# pass 0 level1 3 level2 1 tsec 16.686 sigma 0.5
l_jacobian=1.00 l_label=1.00 l_log_likelihood=0.20 l_smoothness=2.35 
tol=2.50e-01, dt=5.00e-02, exp_k=20.0, momentum=0.90, levels=6, niter=500, lbl_dist=10.00, avgs=16, sigma=0.5,type=2, relabel=0, neg=no

blurring input image with Gaussian with sigma=0.500...
GCAMRegisterLevel(): init RMS 0.649764
#GCMRL#   54 dt   0.500000 rms  0.649  0.077% neg 0  invalid 762 tFOTS 2.4770 tGradient 1.3560 tsec 4.0380
#GCMRL#   55 dt   0.031250 rms  0.649  0.000% neg 0  invalid 762 tFOTS 2.5040 tGradient 1.4640 tsec 4.1870
setting smoothness cost coefficient to 8.000

#GCAMreg# pass 0 level1 2 level2 0 tsec 0 sigma 2
l_jacobian=1.00 l_label=1.00 l_log_likelihood=0.20 l_smoothness=8.00 
tol=2.50e-01, dt=5.00e-02, exp_k=20.0, momentum=0.90, levels=6, niter=500, lbl_dist=10.00, avgs=4, sigma=2.0,type=2, relabel=0, neg=no

blurring input image with Gaussian with sigma=2.000...
GCAMRegisterLevel(): init RMS 0.726502
#FOTS# QuadFit found better minimum quadopt=(dt=2.55336,rms=0.70085) vs oldopt=(dt=2.88,rms=0.701279)
#GCMRL#   57 dt   2.553360 rms  0.701  3.531% neg 0  invalid 762 tFOTS 2.5350 tGradient 1.2940 tsec 4.0380
#FOTS# QuadFit found better minimum quadopt=(dt=1.73214,rms=0.69831) vs oldopt=(dt=0.72,rms=0.699171)
#GCMRL#   58 dt   1.732143 rms  0.698  0.362% neg 0  invalid 762 tFOTS 2.4940 tGradient 1.1900 tsec 3.8960
#FOTS# QuadFit found better minimum quadopt=(dt=1.25,rms=0.697763) vs oldopt=(dt=0.72,rms=0.697877)
#GCMRL#   59 dt   1.250000 rms  0.698  0.000% neg 0  invalid 762 tFOTS 2.4680 tGradient 1.2600 tsec 3.9580

#GCAMreg# pass 0 level1 2 level2 1 tsec 21.528 sigma 0.5
l_jacobian=1.00 l_label=1.00 l_log_likelihood=0.20 l_smoothness=8.00 
tol=2.50e-01, dt=5.00e-02, exp_k=20.0, momentum=0.90, levels=6, niter=500, lbl_dist=10.00, avgs=4, sigma=0.5,type=2, relabel=0, neg=no

blurring input image with Gaussian with sigma=0.500...
GCAMRegisterLevel(): init RMS 0.698164
#FOTS# QuadFit found better minimum quadopt=(dt=0.108,rms=0.697758) vs oldopt=(dt=0.18,rms=0.697759)
#GCMRL#   61 dt   0.108000 rms  0.698  0.058% neg 0  invalid 762 tFOTS 2.7810 tGradient 1.3000 tsec 4.2890
#FOTS# QuadFit found better minimum quadopt=(dt=0.063,rms=0.697755) vs oldopt=(dt=0.045,rms=0.697755)
#GCMRL#   62 dt   0.063000 rms  0.698  0.000% neg 0  invalid 762 tFOTS 2.5490 tGradient 1.2520 tsec 4.0250
#GCMRL#   63 dt   0.063000 rms  0.698  0.000% neg 0  invalid 762 tFOTS 0.0000 tGradient 1.2830 tsec 1.4780
setting smoothness cost coefficient to 20.000

#GCAMreg# pass 0 level1 1 level2 0 tsec 0 sigma 2
l_jacobian=1.00 l_label=1.00 l_log_likelihood=0.20 l_smoothness=20.00 
tol=2.50e-01, dt=5.00e-02, exp_k=20.0, momentum=0.90, levels=6, niter=500, lbl_dist=10.00, avgs=1, sigma=2.0,type=2, relabel=0, neg=no

blurring input image with Gaussian with sigma=2.000...
GCAMRegisterLevel(): init RMS 0.75318
#FOTS# QuadFit found better minimum quadopt=(dt=0.384,rms=0.751376) vs oldopt=(dt=0.32,rms=0.751428)
#GCMRL#   65 dt   0.384000 rms  0.751  0.240% neg 0  invalid 762 tFOTS 2.5320 tGradient 1.0660 tsec 3.7930
#FOTS# QuadFit found better minimum quadopt=(dt=1.024,rms=0.744741) vs oldopt=(dt=1.28,rms=0.745038)
#GCMRL#   66 dt   1.024000 rms  0.745  0.883% neg 0  invalid 762 tFOTS 2.5550 tGradient 0.9890 tsec 3.7360
#FOTS# QuadFit found better minimum quadopt=(dt=0.192,rms=0.743221) vs oldopt=(dt=0.32,rms=0.74371)
#GCMRL#   67 dt   0.192000 rms  0.743  0.000% neg 0  invalid 762 tFOTS 2.4530 tGradient 1.0300 tsec 3.6890
#GCMRL#   68 dt   0.192000 rms  0.743  0.070% neg 0  invalid 762 tFOTS 0.0000 tGradient 0.9530 tsec 1.1420
#GCMRL#   69 dt   0.192000 rms  0.742  0.080% neg 0  invalid 762 tFOTS 0.0000 tGradient 0.9660 tsec 1.1540
#GCMRL#   70 dt   0.192000 rms  0.740  0.243% neg 0  invalid 762 tFOTS 0.0000 tGradient 0.9980 tsec 1.1940
#GCMRL#   71 dt   0.192000 rms  0.738  0.373% neg 0  invalid 762 tFOTS 0.0000 tGradient 0.9940 tsec 1.1810
#GCMRL#   72 dt   0.192000 rms  0.735  0.293% neg 0  invalid 762 tFOTS 0.0000 tGradient 0.9840 tsec 1.1760
#GCMRL#   73 dt   0.192000 rms  0.734  0.150% neg 0  invalid 762 tFOTS 0.0000 tGradient 1.0110 tsec 1.2000
#GCMRL#   74 dt   0.192000 rms  0.734  0.006% neg 0  invalid 762 tFOTS 0.0000 tGradient 1.0170 tsec 1.2100
#GCMRL#   75 dt   0.192000 rms  0.734 -0.084% neg 0  invalid 762 tFOTS 0.0000 tGradient 0.9820 tsec 1.3300
#FOTS# QuadFit found better minimum quadopt=(dt=0.448,rms=0.733699) vs oldopt=(dt=0.32,rms=0.733789)
#GCMRL#   76 dt   0.448000 rms  0.734  0.078% neg 0  invalid 762 tFOTS 2.4870 tGradient 0.9970 tsec 3.6880
#FOTS# QuadFit found better minimum quadopt=(dt=0.384,rms=0.733279) vs oldopt=(dt=0.32,rms=0.733288)

#GCAMreg# pass 0 level1 1 level2 1 tsec 36.208 sigma 0.5
l_jacobian=1.00 l_label=1.00 l_log_likelihood=0.20 l_smoothness=20.00 
tol=2.50e-01, dt=5.00e-02, exp_k=20.0, momentum=0.90, levels=6, niter=500, lbl_dist=10.00, avgs=1, sigma=0.5,type=2, relabel=0, neg=no

blurring input image with Gaussian with sigma=0.500...
GCAMRegisterLevel(): init RMS 0.733667
#FOTS# QuadFit found better minimum quadopt=(dt=0.384,rms=0.732511) vs oldopt=(dt=0.32,rms=0.732549)
#GCMRL#   78 dt   0.384000 rms  0.733  0.158% neg 0  invalid 762 tFOTS 2.6810 tGradient 1.0260 tsec 3.9230
#FOTS# QuadFit found better minimum quadopt=(dt=0.048,rms=0.732497) vs oldopt=(dt=0.08,rms=0.732501)
#GCMRL#   79 dt   0.048000 rms  0.732  0.000% neg 0  invalid 762 tFOTS 2.5300 tGradient 0.9810 tsec 3.7420
#GCMRL#   80 dt   0.048000 rms  0.732  0.001% neg 0  invalid 762 tFOTS 0.0000 tGradient 0.9910 tsec 1.1880
resetting metric properties...
setting smoothness cost coefficient to 40.000

#GCAMreg# pass 0 level1 0 level2 0 tsec 0 sigma 2
l_jacobian=1.00 l_label=1.00 l_log_likelihood=0.20 l_smoothness=40.00 
tol=2.50e-01, dt=5.00e-02, exp_k=20.0, momentum=0.90, levels=6, niter=500, lbl_dist=10.00, avgs=0, sigma=2.0,type=2, relabel=0, neg=no

blurring input image with Gaussian with sigma=2.000...
GCAMRegisterLevel(): init RMS 0.702382
#FOTS# QuadFit found better minimum quadopt=(dt=0.19648,rms=0.698388) vs oldopt=(dt=0.32,rms=0.699447)
#GCMRL#   82 dt   0.196480 rms  0.698  0.569% neg 0  invalid 762 tFOTS 2.4770 tGradient 0.5470 tsec 3.2350
#GCMRL#   83 dt   0.020000 rms  0.698  0.000% neg 0  invalid 762 tFOTS 2.4850 tGradient 0.5450 tsec 3.2520

#GCAMreg# pass 0 level1 0 level2 1 tsec 15.525 sigma 0.5
l_jacobian=1.00 l_label=1.00 l_log_likelihood=0.20 l_smoothness=40.00 
tol=2.50e-01, dt=5.00e-02, exp_k=20.0, momentum=0.90, levels=6, niter=500, lbl_dist=10.00, avgs=0, sigma=0.5,type=2, relabel=0, neg=no

blurring input image with Gaussian with sigma=0.500...
GCAMRegisterLevel(): init RMS 0.698556
#FOTS# QuadFit found better minimum quadopt=(dt=0.007,rms=0.698141) vs oldopt=(dt=0.005,rms=0.698146)
#GCMRL#   85 dt   0.007000 rms  0.698  0.059% neg 0  invalid 762 tFOTS 2.7110 tGradient 0.5480 tsec 3.4850
#FOTS# QuadFit found better minimum quadopt=(dt=0.004,rms=0.698138) vs oldopt=(dt=0.005,rms=0.698138)
#GCMRL#   86 dt   0.004000 rms  0.698  0.000% neg 0  invalid 762 tFOTS 2.5950 tGradient 0.5940 tsec 3.4270
#GCMRL#   87 dt   0.004000 rms  0.698  0.000% neg 0  invalid 762 tFOTS 0.0000 tGradient 0.6350 tsec 0.8570
GCAMregister done in 5.19395 min
Starting GCAmapRenormalizeWithAlignment() without scales
renormalizing by structure alignment....
renormalizing input #0
gca peak = 0.10253 (16)
mri peak = 0.06785 (22)
Left_Lateral_Ventricle (4): linear fit = 1.28 x + 0.0 (685 voxels, overlap=0.356)
Left_Lateral_Ventricle (4): linear fit = 1.28 x + 0.0 (685 voxels, peak = 21), gca=20.6
gca peak = 0.17690 (16)
mri peak = 0.08444 (22)
Right_Lateral_Ventricle (43): linear fit = 1.47 x + 0.0 (611 voxels, overlap=0.265)
Right_Lateral_Ventricle (43): linear fit = 1.47 x + 0.0 (611 voxels, peak = 23), gca=23.4
gca peak = 0.28275 (96)
mri peak = 0.16018 (94)
Right_Pallidum (52): linear fit = 0.99 x + 0.0 (894 voxels, overlap=0.955)
Right_Pallidum (52): linear fit = 0.99 x + 0.0 (894 voxels, peak = 95), gca=94.6
gca peak = 0.18948 (93)
mri peak = 0.14144 (98)
Left_Pallidum (13): linear fit = 1.01 x + 0.0 (708 voxels, overlap=1.003)
Left_Pallidum (13): linear fit = 1.01 x + 0.0 (708 voxels, peak = 94), gca=94.4
gca peak = 0.20755 (55)
mri peak = 0.14238 (67)
Right_Hippocampus (53): linear fit = 1.18 x + 0.0 (742 voxels, overlap=0.035)
Right_Hippocampus (53): linear fit = 1.18 x + 0.0 (742 voxels, peak = 65), gca=65.2
gca peak = 0.31831 (58)
mri peak = 0.14385 (70)
Left_Hippocampus (17): linear fit = 1.18 x + 0.0 (718 voxels, overlap=0.013)
Left_Hippocampus (17): linear fit = 1.18 x + 0.0 (718 voxels, peak = 69), gca=68.7
gca peak = 0.11957 (102)
mri peak = 0.13215 (108)
Right_Cerebral_White_Matter (41): linear fit = 1.05 x + 0.0 (52757 voxels, overlap=0.505)
Right_Cerebral_White_Matter (41): linear fit = 1.05 x + 0.0 (52757 voxels, peak = 108), gca=107.6
gca peak = 0.11429 (102)
mri peak = 0.11694 (110)
Left_Cerebral_White_Matter (2): linear fit = 1.08 x + 0.0 (54344 voxels, overlap=0.366)
Left_Cerebral_White_Matter (2): linear fit = 1.08 x + 0.0 (54344 voxels, peak = 110), gca=109.7
gca peak = 0.14521 (59)
mri peak = 0.04401 (64)
Left_Cerebral_Cortex (3): linear fit = 1.12 x + 0.0 (25264 voxels, overlap=0.762)
Left_Cerebral_Cortex (3): linear fit = 1.12 x + 0.0 (25264 voxels, peak = 66), gca=66.4
gca peak = 0.14336 (58)
mri peak = 0.04710 (67)
Right_Cerebral_Cortex (42): linear fit = 1.12 x + 0.0 (25882 voxels, overlap=0.563)
Right_Cerebral_Cortex (42): linear fit = 1.12 x + 0.0 (25882 voxels, peak = 65), gca=65.2
gca peak = 0.13305 (70)
mri peak = 0.14214 (78)
Right_Caudate (50): linear fit = 1.16 x + 0.0 (842 voxels, overlap=0.011)
Right_Caudate (50): linear fit = 1.16 x + 0.0 (842 voxels, peak = 82), gca=81.5
gca peak = 0.15761 (71)
mri peak = 0.13411 (83)
Left_Caudate (11): linear fit = 1.15 x + 0.0 (889 voxels, overlap=0.110)
Left_Caudate (11): linear fit = 1.15 x + 0.0 (889 voxels, peak = 82), gca=82.0
gca peak = 0.13537 (57)
mri peak = 0.05451 (63)
Left_Cerebellum_Cortex (8): linear fit = 1.12 x + 0.0 (29504 voxels, overlap=0.817)
Left_Cerebellum_Cortex (8): linear fit = 1.12 x + 0.0 (29504 voxels, peak = 64), gca=63.6
gca peak = 0.13487 (56)
mri peak = 0.06156 (62)
Right_Cerebellum_Cortex (47): linear fit = 1.12 x + 0.0 (31466 voxels, overlap=0.694)
Right_Cerebellum_Cortex (47): linear fit = 1.12 x + 0.0 (31466 voxels, peak = 62), gca=62.4
gca peak = 0.19040 (84)
mri peak = 0.13957 (88)
Left_Cerebellum_White_Matter (7): linear fit = 1.07 x + 0.0 (8707 voxels, overlap=0.305)
Left_Cerebellum_White_Matter (7): linear fit = 1.07 x + 0.0 (8707 voxels, peak = 89), gca=89.5
gca peak = 0.18871 (83)
mri peak = 0.18021 (88)
Right_Cerebellum_White_Matter (46): linear fit = 1.04 x + 0.0 (7569 voxels, overlap=0.381)
Right_Cerebellum_White_Matter (46): linear fit = 1.04 x + 0.0 (7569 voxels, peak = 87), gca=86.7
gca peak = 0.24248 (57)
mri peak = 0.13590 (71)
Left_Amygdala (18): linear fit = 1.23 x + 0.0 (388 voxels, overlap=0.041)
Left_Amygdala (18): linear fit = 1.23 x + 0.0 (388 voxels, peak = 70), gca=69.8
gca peak = 0.35833 (56)
mri peak = 0.19098 (69)
Right_Amygdala (54): linear fit = 1.22 x + 0.0 (475 voxels, overlap=0.022)
Right_Amygdala (54): linear fit = 1.22 x + 0.0 (475 voxels, peak = 68), gca=68.0
gca peak = 0.12897 (85)
mri peak = 0.06061 (90)
Left_Thalamus (10): linear fit = 1.07 x + 0.0 (4796 voxels, overlap=0.861)
Left_Thalamus (10): linear fit = 1.07 x + 0.0 (4796 voxels, peak = 91), gca=90.5
gca peak = 0.13127 (83)
mri peak = 0.07824 (87)
Right_Thalamus (49): linear fit = 1.03 x + 0.0 (4148 voxels, overlap=0.918)
Right_Thalamus (49): linear fit = 1.03 x + 0.0 (4148 voxels, peak = 86), gca=85.9
gca peak = 0.12974 (78)
mri peak = 0.09971 (91)
Left_Putamen (12): linear fit = 1.13 x + 0.0 (2038 voxels, overlap=0.076)
Left_Putamen (12): linear fit = 1.13 x + 0.0 (2038 voxels, peak = 89), gca=88.5
gca peak = 0.17796 (79)
mri peak = 0.13886 (87)
Right_Putamen (51): linear fit = 1.12 x + 0.0 (2072 voxels, overlap=0.199)
Right_Putamen (51): linear fit = 1.12 x + 0.0 (2072 voxels, peak = 88), gca=88.1
gca peak = 0.10999 (80)
mri peak = 0.11921 (88)
Brain_Stem (16): linear fit = 1.11 x + 0.0 (10958 voxels, overlap=0.415)
Brain_Stem (16): linear fit = 1.11 x + 0.0 (10958 voxels, peak = 88), gca=88.4
gca peak = 0.13215 (88)
mri peak = 0.10813 (94)
Right_VentralDC (60): linear fit = 1.05 x + 0.0 (1234 voxels, overlap=0.651)
Right_VentralDC (60): linear fit = 1.05 x + 0.0 (1234 voxels, peak = 93), gca=92.8
gca peak = 0.11941 (89)
mri peak = 0.09434 (94)
Left_VentralDC (28): linear fit = 1.04 x + 0.0 (1268 voxels, overlap=0.553)
Left_VentralDC (28): linear fit = 1.04 x + 0.0 (1268 voxels, peak = 93), gca=93.0
gca peak = 0.20775 (25)
uniform distribution in MR - rejecting arbitrary fit
gca peak = 0.13297 (21)
mri peak = 0.28596 (22)
Fourth_Ventricle (15): linear fit = 1.28 x + 0.0 (206 voxels, overlap=0.327)
Fourth_Ventricle (15): linear fit = 1.28 x + 0.0 (206 voxels, peak = 27), gca=27.0
gca peak Unknown = 0.94777 ( 0)
gca peak Left_Inf_Lat_Vent = 0.19087 (28)
gca peak Third_Ventricle = 0.20775 (25)
gca peak CSF = 0.16821 (33)
gca peak Left_Accumbens_area = 0.32850 (63)
gca peak Left_undetermined = 0.98480 (28)
gca peak Left_vessel = 0.40887 (53)
gca peak Left_choroid_plexus = 0.10898 (46)
gca peak Right_Inf_Lat_Vent = 0.17798 (26)
gca peak Right_Accumbens_area = 0.30137 (64)
gca peak Right_vessel = 0.47828 (52)
gca peak Right_choroid_plexus = 0.11612 (45)
gca peak Fifth_Ventricle = 0.59466 (35)
gca peak WM_hypointensities = 0.10053 (78)
gca peak non_WM_hypointensities = 0.07253 (60)
gca peak Optic_Chiasm = 0.25330 (73)
not using caudate to estimate GM means
estimating mean gm scale to be 1.18 x + 0.0
estimating mean wm scale to be 1.07 x + 0.0
estimating mean csf scale to be 1.34 x + 0.0
saving intensity scales to talairach.label_intensities.txt
GCAmapRenormalizeWithAlignment() took 2.12535 min
noneg pre
Starting GCAMregister()
label assignment complete, 0 changed (0.00%)
npasses = 1, nlevels = 6
#pass# 1 of 1 ************************
enabling zero nodes
setting smoothness cost coefficient to 0.008

#GCAMreg# pass 0 level1 5 level2 0 tsec 0 sigma 2
l_jacobian=1.00 l_label=1.00 l_log_likelihood=0.20 l_smoothness=0.01 
tol=5.00e-02, dt=5.00e-02, exp_k=20.0, momentum=0.90, levels=6, niter=500, lbl_dist=10.00, avgs=256, sigma=2.0,type=2, relabel=0, neg=no

blurring input image with Gaussian with sigma=2.000...
GCAMRegisterLevel(): init RMS 0.719224
#FOTS# QuadFit found better minimum quadopt=(dt=190.824,rms=0.68553) vs oldopt=(dt=92.48,rms=0.694677)
#GCMRL#   89 dt 190.824490 rms  0.686  4.685% neg 0  invalid 762 tFOTS 2.5530 tGradient 1.7160 tsec 4.5130
#FOTS# QuadFit found better minimum quadopt=(dt=271.706,rms=0.67228) vs oldopt=(dt=369.92,rms=0.674006)
#GCMRL#   90 dt 271.705521 rms  0.672  1.933% neg 0  invalid 762 tFOTS 2.6900 tGradient 1.7540 tsec 4.6430
#FOTS# QuadFit found better minimum quadopt=(dt=129.472,rms=0.667516) vs oldopt=(dt=92.48,rms=0.66785)
#GCMRL#   91 dt 129.472000 rms  0.668  0.709% neg 0  invalid 762 tFOTS 2.5120 tGradient 1.6820 tsec 4.3910
#FOTS# QuadFit found better minimum quadopt=(dt=295.936,rms=0.663283) vs oldopt=(dt=369.92,rms=0.663335)
#GCMRL#   92 dt 295.936000 rms  0.663  0.634% neg 0  invalid 762 tFOTS 2.6980 tGradient 1.7480 tsec 4.6680
#FOTS# QuadFit found better minimum quadopt=(dt=110.976,rms=0.660644) vs oldopt=(dt=92.48,rms=0.660759)
#GCMRL#   93 dt 110.976000 rms  0.661  0.398% neg 0  invalid 762 tFOTS 2.9530 tGradient 1.7920 tsec 4.9730
#FOTS# QuadFit found better minimum quadopt=(dt=443.904,rms=0.658024) vs oldopt=(dt=369.92,rms=0.65804)
#GCMRL#   94 dt 443.904000 rms  0.658  0.397% neg 0  invalid 762 tFOTS 2.8260 tGradient 1.7210 tsec 4.7760
#FOTS# QuadFit found better minimum quadopt=(dt=110.976,rms=0.655592) vs oldopt=(dt=92.48,rms=0.655605)
#GCMRL#   95 dt 110.976000 rms  0.656  0.370% neg 0  invalid 762 tFOTS 2.7950 tGradient 1.6970 tsec 4.7200
#FOTS# QuadFit found better minimum quadopt=(dt=221.952,rms=0.654346) vs oldopt=(dt=369.92,rms=0.654558)
#GCMRL#   96 dt 221.952000 rms  0.654  0.190% neg 0  invalid 762 tFOTS 2.8100 tGradient 1.7010 tsec 4.7430
#FOTS# QuadFit found better minimum quadopt=(dt=129.472,rms=0.653342) vs oldopt=(dt=92.48,rms=0.653485)
#GCMRL#   97 dt 129.472000 rms  0.653  0.153% neg 0  invalid 762 tFOTS 2.7740 tGradient 1.6800 tsec 4.6800
#FOTS# QuadFit found better minimum quadopt=(dt=295.936,rms=0.652175) vs oldopt=(dt=369.92,rms=0.652227)
#GCMRL#   98 dt 295.936000 rms  0.652  0.179% neg 0  invalid 762 tFOTS 2.7970 tGradient 1.7130 tsec 4.7350
#FOTS# QuadFit found better minimum quadopt=(dt=129.472,rms=0.65115) vs oldopt=(dt=92.48,rms=0.651219)
#GCMRL#   99 dt 129.472000 rms  0.651  0.157% neg 0  invalid 762 tFOTS 2.7580 tGradient 1.6450 tsec 4.6300
#FOTS# QuadFit found better minimum quadopt=(dt=129.472,rms=0.650477) vs oldopt=(dt=92.48,rms=0.65061)
#GCMRL#  100 dt 129.472000 rms  0.650  0.103% neg 0  invalid 762 tFOTS 2.7690 tGradient 1.6810 tsec 4.6660
#FOTS# QuadFit found better minimum quadopt=(dt=517.888,rms=0.649095) vs oldopt=(dt=369.92,rms=0.649206)
#GCMRL#  101 dt 517.888000 rms  0.649  0.212% neg 0  invalid 762 tFOTS 2.6980 tGradient 1.6560 tsec 4.5860
#GCMRL#  102 dt  92.480000 rms  0.648  0.176% neg 0  invalid 762 tFOTS 2.9110 tGradient 1.6740 tsec 4.8520
#FOTS# QuadFit found better minimum quadopt=(dt=1183.74,rms=0.645815) vs oldopt=(dt=1479.68,rms=0.646004)
#GCMRL#  103 dt 1183.744000 rms  0.646  0.330% neg 0  invalid 762 tFOTS 2.7670 tGradient 1.7260 tsec 4.7120
#GCMRL#  104 dt  92.480000 rms  0.644  0.283% neg 0  invalid 762 tFOTS 2.7320 tGradient 1.6570 tsec 4.6120
#FOTS# QuadFit found better minimum quadopt=(dt=517.888,rms=0.643168) vs oldopt=(dt=369.92,rms=0.643238)
#GCMRL#  105 dt 517.888000 rms  0.643  0.127% neg 0  invalid 762 tFOTS 2.7340 tGradient 1.7250 tsec 4.6790
#GCMRL#  106 dt  92.480000 rms  0.643  0.100% neg 0  invalid 762 tFOTS 2.7380 tGradient 1.6810 tsec 4.6390
#FOTS# QuadFit found better minimum quadopt=(dt=1183.74,rms=0.641016) vs oldopt=(dt=1479.68,rms=0.641098)
#GCMRL#  107 dt 1183.744000 rms  0.641  0.235% neg 0  invalid 762 tFOTS 2.7020 tGradient 1.8410 tsec 4.7530
#GCMRL#  108 dt  92.480000 rms  0.640  0.183% neg 0  invalid 762 tFOTS 2.7780 tGradient 1.7040 tsec 4.6930
#FOTS# QuadFit found better minimum quadopt=(dt=517.888,rms=0.639199) vs oldopt=(dt=369.92,rms=0.639258)
#GCMRL#  109 dt 517.888000 rms  0.639  0.100% neg 0  invalid 762 tFOTS 2.8110 tGradient 1.6080 tsec 4.6270
#GCMRL#  110 dt  92.480000 rms  0.639  0.073% neg 0  invalid 762 tFOTS 2.6310 tGradient 1.7080 tsec 4.5480
#FOTS# QuadFit found better minimum quadopt=(dt=1183.74,rms=0.637491) vs oldopt=(dt=1479.68,rms=0.637527)
#GCMRL#  111 dt 1183.744000 rms  0.637  0.194% neg 0  invalid 762 tFOTS 2.6400 tGradient 1.6410 tsec 4.4830
#GCMRL#  112 dt  92.480000 rms  0.637  0.132% neg 0  invalid 762 tFOTS 2.6990 tGradient 1.6570 tsec 4.5640
#FOTS# QuadFit found better minimum quadopt=(dt=443.904,rms=0.636201) vs oldopt=(dt=369.92,rms=0.636213)
#GCMRL#  113 dt 443.904000 rms  0.636  0.070% neg 0  invalid 762 tFOTS 2.7440 tGradient 1.6750 tsec 4.6310
#FOTS# QuadFit found better minimum quadopt=(dt=110.976,rms=0.635853) vs oldopt=(dt=92.48,rms=0.635868)
#GCMRL#  114 dt 110.976000 rms  0.636  0.055% neg 0  invalid 762 tFOTS 2.5620 tGradient 1.6460 tsec 4.4130
#GCMRL#  115 dt 369.920000 rms  0.635  0.064% neg 0  invalid 762 tFOTS 2.6850 tGradient 1.6960 tsec 4.5850
#GCMRL#  116 dt  92.480000 rms  0.635  0.000% neg 0  invalid 762 tFOTS 2.5610 tGradient 1.6720 tsec 4.4530
#GCMRL#  117 dt  92.480000 rms  0.635  0.020% neg 0  invalid 762 tFOTS 0.0000 tGradient 1.6370 tsec 1.8210
#GCMRL#  118 dt  92.480000 rms  0.635  0.037% neg 0  invalid 762 tFOTS 0.0000 tGradient 1.6580 tsec 1.8460
#GCMRL#  119 dt  92.480000 rms  0.634  0.051% neg 0  invalid 762 tFOTS 0.0000 tGradient 2.0020 tsec 2.2420
#GCMRL#  120 dt  92.480000 rms  0.634  0.064% neg 0  invalid 762 tFOTS 0.0000 tGradient 1.6380 tsec 1.8590
#GCMRL#  121 dt  92.480000 rms  0.634  0.074% neg 0  invalid 762 tFOTS 0.0000 tGradient 1.6080 tsec 1.8000
#GCMRL#  122 dt  92.480000 rms  0.633  0.084% neg 0  invalid 762 tFOTS 0.0000 tGradient 1.6420 tsec 1.8270
#GCMRL#  123 dt  92.480000 rms  0.632  0.089% neg 0  invalid 762 tFOTS 0.0000 tGradient 1.6030 tsec 1.7950
#GCMRL#  124 dt  92.480000 rms  0.632  0.093% neg 0  invalid 762 tFOTS 0.0000 tGradient 1.6440 tsec 1.8390
#GCMRL#  125 dt  92.480000 rms  0.631  0.097% neg 0  invalid 762 tFOTS 0.0000 tGradient 1.6440 tsec 1.8310
#GCMRL#  126 dt  92.480000 rms  0.631  0.100% neg 0  invalid 762 tFOTS 0.0000 tGradient 1.6490 tsec 1.8380
#GCMRL#  127 dt  92.480000 rms  0.630  0.103% neg 0  invalid 762 tFOTS 0.0000 tGradient 1.6460 tsec 1.8360
#GCMRL#  128 dt  92.480000 rms  0.629  0.106% neg 0  invalid 762 tFOTS 0.0000 tGradient 1.6700 tsec 1.8540
#GCMRL#  129 dt  92.480000 rms  0.629  0.103% neg 0  invalid 762 tFOTS 0.0000 tGradient 1.5970 tsec 1.7840
#GCMRL#  130 dt  92.480000 rms  0.628  0.099% neg 0  invalid 762 tFOTS 0.0000 tGradient 1.6710 tsec 1.8510
#GCMRL#  131 dt  92.480000 rms  0.627  0.094% neg 0  invalid 762 tFOTS 0.0000 tGradient 1.6880 tsec 1.8800
#GCMRL#  132 dt  92.480000 rms  0.627  0.091% neg 0  invalid 762 tFOTS 0.0000 tGradient 1.6370 tsec 1.8330
#GCMRL#  133 dt  92.480000 rms  0.626  0.087% neg 0  invalid 762 tFOTS 0.0000 tGradient 1.6970 tsec 1.8850
#GCMRL#  134 dt  92.480000 rms  0.626  0.086% neg 0  invalid 762 tFOTS 0.0000 tGradient 1.6470 tsec 1.8370
#GCMRL#  135 dt  92.480000 rms  0.625  0.081% neg 0  invalid 762 tFOTS 0.0000 tGradient 1.6940 tsec 1.8840
#GCMRL#  136 dt  92.480000 rms  0.625  0.077% neg 0  invalid 762 tFOTS 0.0000 tGradient 1.6440 tsec 1.8330
#GCMRL#  137 dt  92.480000 rms  0.624  0.072% neg 0  invalid 762 tFOTS 0.0000 tGradient 1.6770 tsec 1.8690
#GCMRL#  138 dt  92.480000 rms  0.624  0.068% neg 0  invalid 762 tFOTS 0.0000 tGradient 1.6530 tsec 1.8420
#GCMRL#  139 dt  92.480000 rms  0.624  0.064% neg 0  invalid 762 tFOTS 0.0000 tGradient 1.6760 tsec 1.8710
#GCMRL#  140 dt  92.480000 rms  0.623  0.062% neg 0  invalid 762 tFOTS 0.0000 tGradient 1.6570 tsec 1.8470
#GCMRL#  141 dt  92.480000 rms  0.623  0.061% neg 0  invalid 762 tFOTS 0.0000 tGradient 1.6390 tsec 1.8310
#GCMRL#  142 dt  92.480000 rms  0.622  0.059% neg 0  invalid 762 tFOTS 0.0000 tGradient 1.6790 tsec 1.8660
#GCMRL#  143 dt  92.480000 rms  0.622  0.059% neg 0  invalid 762 tFOTS 0.0000 tGradient 1.6530 tsec 1.8390
#GCMRL#  144 dt  92.480000 rms  0.622  0.057% neg 0  invalid 762 tFOTS 0.0000 tGradient 1.6930 tsec 1.8850
#GCMRL#  145 dt  92.480000 rms  0.621  0.054% neg 0  invalid 762 tFOTS 0.0000 tGradient 1.6670 tsec 1.8690
#GCMRL#  146 dt  92.480000 rms  0.621  0.052% neg 0  invalid 762 tFOTS 0.0000 tGradient 1.6700 tsec 1.9320
#GCMRL#  147 dt  92.480000 rms  0.621  0.051% neg 0  invalid 762 tFOTS 0.0000 tGradient 1.6800 tsec 1.8810
#GCMRL#  148 dt  92.480000 rms  0.620  0.051% neg 0  invalid 762 tFOTS 0.0000 tGradient 1.6490 tsec 1.8610
#GCMRL#  149 dt  92.480000 rms  0.620  0.051% neg 0  invalid 762 tFOTS 0.0000 tGradient 1.6140 tsec 1.8210
#GCMRL#  150 dt  92.480000 rms  0.620  0.051% neg 0  invalid 762 tFOTS 0.0000 tGradient 1.7250 tsec 1.9210
#GCMRL#  151 dt  92.480000 rms  0.619  0.049% neg 0  invalid 762 tFOTS 0.0000 tGradient 1.6380 tsec 1.8360
#GCMRL#  152 dt  92.480000 rms  0.619  0.047% neg 0  invalid 762 tFOTS 0.0000 tGradient 1.5960 tsec 1.7950
#GCMRL#  153 dt  92.480000 rms  0.619  0.044% neg 0  invalid 762 tFOTS 0.0000 tGradient 1.5900 tsec 1.7880
#GCMRL#  154 dt  92.480000 rms  0.619  0.041% neg 0  invalid 762 tFOTS 0.0000 tGradient 1.5900 tsec 1.7860
#GCMRL#  155 dt  92.480000 rms  0.618  0.040% neg 0  invalid 762 tFOTS 0.0000 tGradient 1.6080 tsec 1.7980
#GCMRL#  156 dt  92.480000 rms  0.618  0.039% neg 0  invalid 762 tFOTS 0.0000 tGradient 1.6040 tsec 1.8000
#GCMRL#  157 dt  92.480000 rms  0.618  0.038% neg 0  invalid 762 tFOTS 0.0000 tGradient 1.6290 tsec 1.8200
#GCMRL#  158 dt  92.480000 rms  0.618  0.037% neg 0  invalid 762 tFOTS 0.0000 tGradient 1.6200 tsec 1.8130
#GCMRL#  159 dt  92.480000 rms  0.618  0.036% neg 0  invalid 762 tFOTS 0.0000 tGradient 1.5890 tsec 1.7810
#GCMRL#  160 dt  92.480000 rms  0.617  0.034% neg 0  invalid 762 tFOTS 0.0000 tGradient 1.5730 tsec 1.7670
#GCMRL#  161 dt  92.480000 rms  0.617  0.034% neg 0  invalid 762 tFOTS 0.0000 tGradient 1.5950 tsec 1.8370
#GCMRL#  162 dt  92.480000 rms  0.617  0.033% neg 0  invalid 762 tFOTS 0.0000 tGradient 1.6430 tsec 1.8340
#GCMRL#  163 dt  92.480000 rms  0.617  0.031% neg 0  invalid 762 tFOTS 0.0000 tGradient 1.6420 tsec 1.8390
#GCMRL#  164 dt  92.480000 rms  0.616  0.031% neg 0  invalid 762 tFOTS 0.0000 tGradient 1.6570 tsec 1.8480
#GCMRL#  165 dt  92.480000 rms  0.616  0.031% neg 0  invalid 762 tFOTS 0.0000 tGradient 1.6450 tsec 1.8470
#GCMRL#  166 dt  92.480000 rms  0.616  0.031% neg 0  invalid 762 tFOTS 0.0000 tGradient 1.6960 tsec 1.8880
#GCMRL#  167 dt  92.480000 rms  0.616  0.030% neg 0  invalid 762 tFOTS 0.0000 tGradient 1.6700 tsec 1.8610
#GCMRL#  168 dt  92.480000 rms  0.616  0.030% neg 0  invalid 762 tFOTS 0.0000 tGradient 1.6750 tsec 1.8630
#GCMRL#  169 dt  92.480000 rms  0.616  0.029% neg 0  invalid 762 tFOTS 0.0000 tGradient 1.7080 tsec 1.9040
#GCMRL#  170 dt  92.480000 rms  0.615  0.028% neg 0  invalid 762 tFOTS 0.0000 tGradient 1.7230 tsec 1.9170
#GCMRL#  171 dt  92.480000 rms  0.615  0.029% neg 0  invalid 762 tFOTS 0.0000 tGradient 1.7190 tsec 1.9210
#GCMRL#  172 dt  92.480000 rms  0.615  0.028% neg 0  invalid 762 tFOTS 0.0000 tGradient 1.7350 tsec 1.9400
#GCMRL#  173 dt  92.480000 rms  0.615  0.028% neg 0  invalid 762 tFOTS 0.0000 tGradient 1.7050 tsec 1.8980
#GCMRL#  174 dt  92.480000 rms  0.615  0.027% neg 0  invalid 762 tFOTS 0.0000 tGradient 1.6560 tsec 1.8480
#GCMRL#  175 dt  92.480000 rms  0.615  0.026% neg 0  invalid 762 tFOTS 0.0000 tGradient 1.6550 tsec 1.8420
#GCMRL#  176 dt  92.480000 rms  0.614  0.026% neg 0  invalid 762 tFOTS 0.0000 tGradient 1.6390 tsec 1.8350
#GCMRL#  177 dt  92.480000 rms  0.614  0.027% neg 0  invalid 762 tFOTS 0.0000 tGradient 1.6870 tsec 1.8800
#GCMRL#  178 dt  92.480000 rms  0.614  0.026% neg 0  invalid 762 tFOTS 0.0000 tGradient 1.6470 tsec 1.8390
#GCMRL#  179 dt  92.480000 rms  0.614  0.025% neg 0  invalid 762 tFOTS 0.0000 tGradient 1.6060 tsec 1.7940
#GCMRL#  180 dt  92.480000 rms  0.614  0.025% neg 0  invalid 762 tFOTS 0.0000 tGradient 1.6680 tsec 1.8570
#GCMRL#  181 dt  92.480000 rms  0.614  0.025% neg 0  invalid 762 tFOTS 0.0000 tGradient 1.6680 tsec 1.8720
#FOTS# QuadFit found better minimum quadopt=(dt=18939.9,rms=0.612225) vs oldopt=(dt=23674.9,rms=0.612317)
#GCMRL#  182 dt 18939.904000 rms  0.612  0.224% neg 0  invalid 762 tFOTS 2.7570 tGradient 1.6250 tsec 4.5970
#FOTS# QuadFit found better minimum quadopt=(dt=129.472,rms=0.611006) vs oldopt=(dt=92.48,rms=0.611123)
#GCMRL#  183 dt 129.472000 rms  0.611  0.199% neg 0  invalid 762 tFOTS 2.6540 tGradient 1.6360 tsec 4.4890
#FOTS# QuadFit found better minimum quadopt=(dt=129.472,rms=0.610814) vs oldopt=(dt=92.48,rms=0.610829)
#GCMRL#  184 dt 129.472000 rms  0.611  0.000% neg 0  invalid 762 tFOTS 2.8150 tGradient 1.6670 tsec 4.7070
#GCMRL#  185 dt 129.472000 rms  0.611  0.008% neg 0  invalid 762 tFOTS 0.0000 tGradient 1.6460 tsec 1.8370
#GCMRL#  186 dt 129.472000 rms  0.611  0.010% neg 0  invalid 762 tFOTS 0.0000 tGradient 1.6980 tsec 1.8970
#GCMRL#  187 dt 129.472000 rms  0.611  0.016% neg 0  invalid 762 tFOTS 0.0000 tGradient 1.6710 tsec 1.8610
#GCMRL#  188 dt 129.472000 rms  0.611  0.013% neg 0  invalid 762 tFOTS 0.0000 tGradient 1.6800 tsec 1.8690
#GCMRL#  189 dt 129.472000 rms  0.610  0.015% neg 0  invalid 762 tFOTS 0.0000 tGradient 1.6680 tsec 1.8600
#GCMRL#  190 dt 129.472000 rms  0.610  0.013% neg 0  invalid 762 tFOTS 0.0000 tGradient 1.6680 tsec 1.8870
#FOTS# QuadFit found better minimum quadopt=(dt=129.472,rms=0.610335) vs oldopt=(dt=92.48,rms=0.610337)

#GCAMreg# pass 0 level1 5 level2 1 tsec 288.267 sigma 0.5
l_jacobian=1.00 l_label=1.00 l_log_likelihood=0.20 l_smoothness=0.01 
tol=5.00e-02, dt=5.00e-02, exp_k=20.0, momentum=0.90, levels=6, niter=500, lbl_dist=10.00, avgs=256, sigma=0.5,type=2, relabel=0, neg=no

blurring input image with Gaussian with sigma=0.500...
GCAMRegisterLevel(): init RMS 0.610849
#FOTS# QuadFit found better minimum quadopt=(dt=129.472,rms=0.609763) vs oldopt=(dt=92.48,rms=0.60986)
#GCMRL#  192 dt 129.472000 rms  0.610  0.178% neg 0  invalid 762 tFOTS 2.6600 tGradient 1.6690 tsec 4.5420
#FOTS# QuadFit found better minimum quadopt=(dt=517.888,rms=0.608758) vs oldopt=(dt=369.92,rms=0.608956)
#GCMRL#  193 dt 517.888000 rms  0.609  0.165% neg 0  invalid 762 tFOTS 2.7080 tGradient 1.7340 tsec 4.6420
#FOTS# QuadFit found better minimum quadopt=(dt=32.368,rms=0.608751) vs oldopt=(dt=23.12,rms=0.608752)
#GCMRL#  194 dt  32.368000 rms  0.609  0.000% neg 0  invalid 762 tFOTS 2.7280 tGradient 1.6700 tsec 4.6230
#GCMRL#  195 dt  32.368000 rms  0.609  0.002% neg 0  invalid 762 tFOTS 0.0000 tGradient 1.7260 tsec 1.9100
#GCMRL#  196 dt  32.368000 rms  0.609  0.002% neg 0  invalid 762 tFOTS 0.0000 tGradient 1.6720 tsec 1.8580
#GCMRL#  197 dt  32.368000 rms  0.609  0.001% neg 0  invalid 762 tFOTS 0.0000 tGradient 1.6260 tsec 1.8240
#FOTS# QuadFit found better minimum quadopt=(dt=1183.74,rms=0.608156) vs oldopt=(dt=1479.68,rms=0.608201)
#GCMRL#  198 dt 1183.744000 rms  0.608  0.093% neg 0  invalid 762 tFOTS 2.6960 tGradient 1.7150 tsec 4.6120
#FOTS# QuadFit found better minimum quadopt=(dt=32.368,rms=0.608031) vs oldopt=(dt=23.12,rms=0.608055)
#GCMRL#  199 dt  32.368000 rms  0.608  0.000% neg 0  invalid 762 tFOTS 2.7790 tGradient 1.6250 tsec 4.6370
#GCMRL#  200 dt  32.368000 rms  0.608  0.005% neg 0  invalid 762 tFOTS 0.0000 tGradient 1.7670 tsec 1.9580
setting smoothness cost coefficient to 0.031

#GCAMreg# pass 0 level1 4 level2 0 tsec 0 sigma 2
l_jacobian=1.00 l_label=1.00 l_log_likelihood=0.20 l_smoothness=0.03 
tol=5.00e-02, dt=5.00e-02, exp_k=20.0, momentum=0.90, levels=6, niter=500, lbl_dist=10.00, avgs=64, sigma=2.0,type=2, relabel=0, neg=no

blurring input image with Gaussian with sigma=2.000...
GCAMRegisterLevel(): init RMS 0.610528
#FOTS# QuadFit found better minimum quadopt=(dt=108.475,rms=0.607284) vs oldopt=(dt=103.68,rms=0.607285)
#GCMRL#  202 dt 108.474576 rms  0.607  0.531% neg 0  invalid 762 tFOTS 2.5590 tGradient 1.3410 tsec 4.1050
#FOTS# QuadFit found better minimum quadopt=(dt=178.059,rms=0.601426) vs oldopt=(dt=103.68,rms=0.602278)
#GCMRL#  203 dt 178.059406 rms  0.601  0.965% neg 0  invalid 762 tFOTS 2.5910 tGradient 1.2850 tsec 4.0760
#FOTS# QuadFit found better minimum quadopt=(dt=57.863,rms=0.598094) vs oldopt=(dt=25.92,rms=0.59878)
#GCMRL#  204 dt  57.863014 rms  0.598  0.554% neg 0  invalid 762 tFOTS 2.6010 tGradient 1.3220 tsec 4.1320
#FOTS# QuadFit found better minimum quadopt=(dt=331.776,rms=0.592419) vs oldopt=(dt=414.72,rms=0.592883)
#GCMRL#  205 dt 331.776000 rms  0.592  0.949% neg 0  invalid 762 tFOTS 2.5600 tGradient 1.3010 tsec 4.0680
#FOTS# QuadFit found better minimum quadopt=(dt=59.3258,rms=0.588338) vs oldopt=(dt=25.92,rms=0.589281)
#GCMRL#  206 dt  59.325843 rms  0.588  0.689% neg 0  invalid 762 tFOTS 2.5500 tGradient 1.3090 tsec 4.0580
#FOTS# QuadFit found better minimum quadopt=(dt=145.152,rms=0.585504) vs oldopt=(dt=103.68,rms=0.585901)
#GCMRL#  207 dt 145.152000 rms  0.586  0.482% neg 0  invalid 762 tFOTS 2.7160 tGradient 1.2990 tsec 4.2270
#FOTS# QuadFit found better minimum quadopt=(dt=36.288,rms=0.584311) vs oldopt=(dt=25.92,rms=0.584518)
#GCMRL#  208 dt  36.288000 rms  0.584  0.204% neg 0  invalid 762 tFOTS 2.6740 tGradient 1.3130 tsec 4.2020
#FOTS# QuadFit found better minimum quadopt=(dt=497.664,rms=0.580482) vs oldopt=(dt=414.72,rms=0.580552)
#GCMRL#  209 dt 497.664000 rms  0.580  0.655% neg 0  invalid 762 tFOTS 2.6090 tGradient 1.3130 tsec 4.1410
#FOTS# QuadFit found better minimum quadopt=(dt=73,rms=0.57627) vs oldopt=(dt=25.92,rms=0.577655)
#GCMRL#  210 dt  73.000000 rms  0.576  0.725% neg 0  invalid 762 tFOTS 2.6740 tGradient 1.2910 tsec 4.1760
#FOTS# QuadFit found better minimum quadopt=(dt=36.288,rms=0.575142) vs oldopt=(dt=25.92,rms=0.575293)
#GCMRL#  211 dt  36.288000 rms  0.575  0.196% neg 0  invalid 762 tFOTS 2.6550 tGradient 1.3110 tsec 4.1800
#GCMRL#  212 dt 414.720000 rms  0.573  0.373% neg 0  invalid 762 tFOTS 2.6260 tGradient 1.3590 tsec 4.1870
#FOTS# QuadFit found better minimum quadopt=(dt=36.288,rms=0.570821) vs oldopt=(dt=25.92,rms=0.571279)
#GCMRL#  213 dt  36.288000 rms  0.571  0.379% neg 0  invalid 762 tFOTS 2.6890 tGradient 1.3260 tsec 4.2530
#FOTS# QuadFit found better minimum quadopt=(dt=145.152,rms=0.569258) vs oldopt=(dt=103.68,rms=0.569502)
#GCMRL#  214 dt 145.152000 rms  0.569  0.274% neg 0  invalid 762 tFOTS 2.6490 tGradient 1.2980 tsec 4.1600
#FOTS# QuadFit found better minimum quadopt=(dt=36.288,rms=0.568811) vs oldopt=(dt=25.92,rms=0.568891)
#GCMRL#  215 dt  36.288000 rms  0.569  0.079% neg 0  invalid 762 tFOTS 2.6240 tGradient 1.4090 tsec 4.2380
#FOTS# QuadFit found better minimum quadopt=(dt=331.776,rms=0.567524) vs oldopt=(dt=414.72,rms=0.567568)
#GCMRL#  216 dt 331.776000 rms  0.568  0.226% neg 0  invalid 762 tFOTS 2.6250 tGradient 1.2870 tsec 4.1210
#FOTS# QuadFit found better minimum quadopt=(dt=69.8525,rms=0.565802) vs oldopt=(dt=103.68,rms=0.566166)
#GCMRL#  217 dt  69.852507 rms  0.566  0.303% neg 0  invalid 762 tFOTS 2.8410 tGradient 1.3450 tsec 4.4050
#FOTS# QuadFit found better minimum quadopt=(dt=62.208,rms=0.565421) vs oldopt=(dt=103.68,rms=0.56552)
#GCMRL#  218 dt  62.208000 rms  0.565  0.067% neg 0  invalid 762 tFOTS 2.7040 tGradient 1.3520 tsec 4.2700
#GCMRL#  219 dt 414.720000 rms  0.564  0.337% neg 0  invalid 762 tFOTS 2.6670 tGradient 1.3600 tsec 4.2800
#FOTS# QuadFit found better minimum quadopt=(dt=36.288,rms=0.562456) vs oldopt=(dt=25.92,rms=0.562605)
#GCMRL#  220 dt  36.288000 rms  0.562  0.188% neg 0  invalid 762 tFOTS 2.6120 tGradient 1.4010 tsec 4.2220
#GCMRL#  221 dt 103.680000 rms  0.562  0.064% neg 0  invalid 762 tFOTS 2.6230 tGradient 1.2860 tsec 4.1220
#FOTS# QuadFit found better minimum quadopt=(dt=145.152,rms=0.561287) vs oldopt=(dt=103.68,rms=0.561346)
#GCMRL#  222 dt 145.152000 rms  0.561  0.143% neg 0  invalid 762 tFOTS 2.6490 tGradient 1.3290 tsec 4.1840
#FOTS# QuadFit found better minimum quadopt=(dt=36.288,rms=0.560894) vs oldopt=(dt=25.92,rms=0.560956)
#GCMRL#  223 dt  36.288000 rms  0.561  0.070% neg 0  invalid 762 tFOTS 2.6190 tGradient 1.3030 tsec 4.1370
#FOTS# QuadFit found better minimum quadopt=(dt=248.832,rms=0.560252) vs oldopt=(dt=414.72,rms=0.560398)
#GCMRL#  224 dt 248.832000 rms  0.560  0.114% neg 0  invalid 762 tFOTS 2.6600 tGradient 1.3010 tsec 4.1740
#FOTS# QuadFit found better minimum quadopt=(dt=72.3117,rms=0.559351) vs oldopt=(dt=103.68,rms=0.559496)
#GCMRL#  225 dt  72.311688 rms  0.559  0.161% neg 0  invalid 762 tFOTS 2.8380 tGradient 1.2970 tsec 4.3450
#FOTS# QuadFit found better minimum quadopt=(dt=62.208,rms=0.559086) vs oldopt=(dt=103.68,rms=0.559172)
#GCMRL#  226 dt  62.208000 rms  0.559  0.000% neg 0  invalid 762 tFOTS 2.6290 tGradient 1.3100 tsec 4.1560
#GCMRL#  227 dt  62.208000 rms  0.559  0.061% neg 0  invalid 762 tFOTS 0.0000 tGradient 1.3000 tsec 1.4860
#GCMRL#  228 dt  62.208000 rms  0.558  0.099% neg 0  invalid 762 tFOTS 0.0000 tGradient 1.2710 tsec 1.4630
#GCMRL#  229 dt  62.208000 rms  0.557  0.133% neg 0  invalid 762 tFOTS 0.0000 tGradient 1.3320 tsec 1.5270
#GCMRL#  230 dt  62.208000 rms  0.557  0.157% neg 0  invalid 762 tFOTS 0.0000 tGradient 1.3030 tsec 1.5030
#GCMRL#  231 dt  62.208000 rms  0.556  0.189% neg 0  invalid 762 tFOTS 0.0000 tGradient 1.3140 tsec 1.5150
#GCMRL#  232 dt  62.208000 rms  0.554  0.208% neg 0  invalid 762 tFOTS 0.0000 tGradient 1.3040 tsec 1.4940
#GCMRL#  233 dt  62.208000 rms  0.553  0.212% neg 0  invalid 762 tFOTS 0.0000 tGradient 1.2800 tsec 1.4730
#GCMRL#  234 dt  62.208000 rms  0.552  0.214% neg 0  invalid 762 tFOTS 0.0000 tGradient 1.3950 tsec 1.5970
#GCMRL#  235 dt  62.208000 rms  0.551  0.211% neg 0  invalid 762 tFOTS 0.0000 tGradient 1.3830 tsec 1.5750
#GCMRL#  236 dt  62.208000 rms  0.550  0.217% neg 0  invalid 762 tFOTS 0.0000 tGradient 1.3340 tsec 1.5200
#GCMRL#  237 dt  62.208000 rms  0.548  0.217% neg 0  invalid 762 tFOTS 0.0000 tGradient 1.3340 tsec 1.5320
#GCMRL#  238 dt  62.208000 rms  0.547  0.201% neg 0  invalid 762 tFOTS 0.0000 tGradient 1.2910 tsec 1.4840
#GCMRL#  239 dt  62.208000 rms  0.546  0.183% neg 0  invalid 762 tFOTS 0.0000 tGradient 1.2950 tsec 1.4820
#GCMRL#  240 dt  62.208000 rms  0.545  0.170% neg 0  invalid 762 tFOTS 0.0000 tGradient 1.2600 tsec 1.4490
#GCMRL#  241 dt  62.208000 rms  0.544  0.175% neg 0  invalid 762 tFOTS 0.0000 tGradient 1.2440 tsec 1.4300
#GCMRL#  242 dt  62.208000 rms  0.544  0.171% neg 0  invalid 762 tFOTS 0.0000 tGradient 1.2800 tsec 1.4680
#GCMRL#  243 dt  62.208000 rms  0.543  0.162% neg 0  invalid 762 tFOTS 0.0000 tGradient 1.2540 tsec 1.4410
#GCMRL#  244 dt  62.208000 rms  0.542  0.150% neg 0  invalid 762 tFOTS 0.0000 tGradient 1.2840 tsec 1.4700
#GCMRL#  245 dt  62.208000 rms  0.541  0.137% neg 0  invalid 762 tFOTS 0.0000 tGradient 1.2300 tsec 1.4180
#GCMRL#  246 dt  62.208000 rms  0.540  0.133% neg 0  invalid 762 tFOTS 0.0000 tGradient 1.2820 tsec 1.4690
#GCMRL#  247 dt  62.208000 rms  0.540  0.123% neg 0  invalid 762 tFOTS 0.0000 tGradient 1.4200 tsec 1.6160
#GCMRL#  248 dt  62.208000 rms  0.539  0.116% neg 0  invalid 762 tFOTS 0.0000 tGradient 1.3280 tsec 1.5240
#GCMRL#  249 dt  62.208000 rms  0.539  0.108% neg 0  invalid 762 tFOTS 0.0000 tGradient 1.3170 tsec 1.5120
#GCMRL#  250 dt  62.208000 rms  0.538  0.109% neg 0  invalid 762 tFOTS 0.0000 tGradient 1.3050 tsec 1.4960
#GCMRL#  251 dt  62.208000 rms  0.537  0.106% neg 0  invalid 762 tFOTS 0.0000 tGradient 1.3120 tsec 1.5040
#GCMRL#  252 dt  62.208000 rms  0.537  0.101% neg 0  invalid 762 tFOTS 0.0000 tGradient 1.3290 tsec 1.5140
#GCMRL#  253 dt  62.208000 rms  0.536  0.091% neg 0  invalid 762 tFOTS 0.0000 tGradient 1.2590 tsec 1.4470
#GCMRL#  254 dt  62.208000 rms  0.536  0.089% neg 0  invalid 762 tFOTS 0.0000 tGradient 1.2680 tsec 1.4610
#GCMRL#  255 dt  62.208000 rms  0.535  0.088% neg 0  invalid 762 tFOTS 0.0000 tGradient 1.2780 tsec 1.4750
#GCMRL#  256 dt  62.208000 rms  0.535  0.084% neg 0  invalid 762 tFOTS 0.0000 tGradient 1.2490 tsec 1.4400
#GCMRL#  257 dt  62.208000 rms  0.535  0.073% neg 0  invalid 762 tFOTS 0.0000 tGradient 1.2280 tsec 1.4160
#GCMRL#  258 dt  62.208000 rms  0.534  0.063% neg 0  invalid 762 tFOTS 0.0000 tGradient 1.2580 tsec 1.4460
#GCMRL#  259 dt  62.208000 rms  0.534  0.059% neg 0  invalid 762 tFOTS 0.0000 tGradient 1.2320 tsec 1.4200
#GCMRL#  260 dt  62.208000 rms  0.534  0.063% neg 0  invalid 762 tFOTS 0.0000 tGradient 1.2250 tsec 1.4130
#GCMRL#  261 dt  62.208000 rms  0.533  0.064% neg 0  invalid 762 tFOTS 0.0000 tGradient 1.2620 tsec 1.4600
#GCMRL#  262 dt  62.208000 rms  0.533  0.063% neg 0  invalid 762 tFOTS 0.0000 tGradient 1.2460 tsec 1.4410
#GCMRL#  263 dt  62.208000 rms  0.533  0.061% neg 0  invalid 762 tFOTS 0.0000 tGradient 1.2540 tsec 1.4520
#GCMRL#  264 dt  62.208000 rms  0.532  0.054% neg 0  invalid 762 tFOTS 0.0000 tGradient 1.2530 tsec 1.4430
#GCMRL#  265 dt  62.208000 rms  0.532  0.055% neg 0  invalid 762 tFOTS 0.0000 tGradient 1.2440 tsec 1.4310
#GCMRL#  266 dt  62.208000 rms  0.532  0.056% neg 0  invalid 762 tFOTS 0.0000 tGradient 1.2710 tsec 1.4590
#GCMRL#  267 dt  62.208000 rms  0.531  0.056% neg 0  invalid 762 tFOTS 0.0000 tGradient 1.2440 tsec 1.4590
#GCMRL#  268 dt  62.208000 rms  0.531  0.054% neg 0  invalid 762 tFOTS 0.0000 tGradient 1.2410 tsec 1.4300
#GCMRL#  269 dt  62.208000 rms  0.531  0.050% neg 0  invalid 762 tFOTS 0.0000 tGradient 1.3190 tsec 1.5110
#GCMRL#  270 dt  62.208000 rms  0.531  0.054% neg 0  invalid 762 tFOTS 0.0000 tGradient 1.3350 tsec 1.5310
#GCMRL#  271 dt  62.208000 rms  0.530  0.053% neg 0  invalid 762 tFOTS 0.0000 tGradient 1.3530 tsec 1.5490
#GCMRL#  272 dt  62.208000 rms  0.530  0.052% neg 0  invalid 762 tFOTS 0.0000 tGradient 1.3150 tsec 1.5110
#GCMRL#  273 dt  62.208000 rms  0.530  0.047% neg 0  invalid 762 tFOTS 0.0000 tGradient 1.2980 tsec 1.4900
#GCMRL#  274 dt  62.208000 rms  0.529  0.048% neg 0  invalid 762 tFOTS 0.0000 tGradient 1.3570 tsec 1.5500
#GCMRL#  275 dt  62.208000 rms  0.529  0.051% neg 0  invalid 762 tFOTS 0.0000 tGradient 1.2970 tsec 1.4940
#GCMRL#  276 dt  62.208000 rms  0.529  0.049% neg 0  invalid 762 tFOTS 0.0000 tGradient 1.3010 tsec 1.4920
#GCMRL#  277 dt  62.208000 rms  0.529  0.047% neg 0  invalid 762 tFOTS 0.0000 tGradient 1.3120 tsec 1.5080
#GCMRL#  278 dt  62.208000 rms  0.528  0.042% neg 0  invalid 762 tFOTS 0.0000 tGradient 1.2820 tsec 1.4810
#GCMRL#  279 dt  62.208000 rms  0.528  0.041% neg 0  invalid 762 tFOTS 0.0000 tGradient 1.2800 tsec 1.4730
#GCMRL#  280 dt  62.208000 rms  0.528  0.037% neg 0  invalid 762 tFOTS 0.0000 tGradient 1.3010 tsec 1.4930
#GCMRL#  281 dt  62.208000 rms  0.528  0.034% neg 0  invalid 762 tFOTS 0.0000 tGradient 1.2930 tsec 1.4930
#GCMRL#  282 dt  62.208000 rms  0.528  0.032% neg 0  invalid 762 tFOTS 0.0000 tGradient 1.3260 tsec 1.5230
#GCMRL#  283 dt  62.208000 rms  0.528  0.031% neg 0  invalid 762 tFOTS 0.0000 tGradient 1.3210 tsec 1.5180
#GCMRL#  284 dt  62.208000 rms  0.527  0.031% neg 0  invalid 762 tFOTS 0.0000 tGradient 1.2880 tsec 1.4830
#GCMRL#  285 dt  62.208000 rms  0.527  0.028% neg 0  invalid 762 tFOTS 0.0000 tGradient 1.3040 tsec 1.5020
#GCMRL#  286 dt  62.208000 rms  0.527  0.027% neg 0  invalid 762 tFOTS 0.0000 tGradient 1.3160 tsec 1.5150
#GCMRL#  287 dt  62.208000 rms  0.527  0.028% neg 0  invalid 762 tFOTS 0.0000 tGradient 1.3040 tsec 1.4990
#GCMRL#  288 dt  62.208000 rms  0.527  0.031% neg 0  invalid 762 tFOTS 0.0000 tGradient 1.3070 tsec 1.4960
#GCMRL#  289 dt  62.208000 rms  0.527  0.028% neg 0  invalid 762 tFOTS 0.0000 tGradient 1.3320 tsec 1.5290
#GCMRL#  290 dt  62.208000 rms  0.527  0.026% neg 0  invalid 762 tFOTS 0.0000 tGradient 1.3110 tsec 1.5070
#GCMRL#  291 dt  62.208000 rms  0.526  0.023% neg 0  invalid 762 tFOTS 0.0000 tGradient 1.2960 tsec 1.4870
#GCMRL#  292 dt  62.208000 rms  0.526  0.026% neg 0  invalid 762 tFOTS 0.0000 tGradient 1.3160 tsec 1.5160
#GCMRL#  293 dt  62.208000 rms  0.526  0.028% neg 0  invalid 762 tFOTS 0.0000 tGradient 1.3230 tsec 1.5140
#GCMRL#  294 dt  62.208000 rms  0.526  0.028% neg 0  invalid 762 tFOTS 0.0000 tGradient 1.3070 tsec 1.5050
#GCMRL#  295 dt  62.208000 rms  0.526  0.026% neg 0  invalid 762 tFOTS 0.0000 tGradient 1.3160 tsec 1.5100
#GCMRL#  296 dt  62.208000 rms  0.526  0.026% neg 0  invalid 762 tFOTS 0.0000 tGradient 1.2870 tsec 1.4820
#GCMRL#  297 dt  62.208000 rms  0.526  0.022% neg 0  invalid 762 tFOTS 0.0000 tGradient 1.2830 tsec 1.4760
#GCMRL#  298 dt  62.208000 rms  0.525  0.022% neg 0  invalid 762 tFOTS 0.0000 tGradient 1.3050 tsec 1.5250
#FOTS# QuadFit found better minimum quadopt=(dt=580.608,rms=0.52536) vs oldopt=(dt=414.72,rms=0.525376)
#GCMRL#  299 dt 580.608000 rms  0.525  0.000% neg 0  invalid 762 tFOTS 2.8270 tGradient 1.2790 tsec 4.3370

#GCAMreg# pass 0 level1 4 level2 1 tsec 225.668 sigma 0.5
l_jacobian=1.00 l_label=1.00 l_log_likelihood=0.20 l_smoothness=0.03 
tol=5.00e-02, dt=5.00e-02, exp_k=20.0, momentum=0.90, levels=6, niter=500, lbl_dist=10.00, avgs=64, sigma=0.5,type=2, relabel=0, neg=no

blurring input image with Gaussian with sigma=0.500...
GCAMRegisterLevel(): init RMS 0.526005
#FOTS# QuadFit found better minimum quadopt=(dt=75.1443,rms=0.524171) vs oldopt=(dt=103.68,rms=0.524323)
#GCMRL#  301 dt  75.144279 rms  0.524  0.349% neg 0  invalid 762 tFOTS 2.6780 tGradient 1.3050 tsec 4.1950
#FOTS# QuadFit found better minimum quadopt=(dt=82.944,rms=0.523422) vs oldopt=(dt=103.68,rms=0.523432)
#GCMRL#  302 dt  82.944000 rms  0.523  0.143% neg 0  invalid 762 tFOTS 2.5560 tGradient 1.3250 tsec 4.0940
#FOTS# QuadFit found better minimum quadopt=(dt=36.288,rms=0.523192) vs oldopt=(dt=25.92,rms=0.52323)
#GCMRL#  303 dt  36.288000 rms  0.523  0.000% neg 0  invalid 762 tFOTS 2.5170 tGradient 1.2670 tsec 4.0110
#GCMRL#  304 dt  36.288000 rms  0.523  0.027% neg 0  invalid 762 tFOTS 0.0000 tGradient 1.3300 tsec 1.5210
#GCMRL#  305 dt  36.288000 rms  0.523  0.045% neg 0  invalid 762 tFOTS 0.0000 tGradient 1.3460 tsec 1.5470
#GCMRL#  306 dt  36.288000 rms  0.523  0.056% neg 0  invalid 762 tFOTS 0.0000 tGradient 1.3510 tsec 1.5510
#GCMRL#  307 dt  36.288000 rms  0.522  0.057% neg 0  invalid 762 tFOTS 0.0000 tGradient 1.3590 tsec 1.5570
#GCMRL#  308 dt  36.288000 rms  0.522  0.050% neg 0  invalid 762 tFOTS 0.0000 tGradient 1.2870 tsec 1.4830
#GCMRL#  309 dt  36.288000 rms  0.522  0.039% neg 0  invalid 762 tFOTS 0.0000 tGradient 1.2960 tsec 1.4930
#GCMRL#  310 dt  36.288000 rms  0.522  0.032% neg 0  invalid 762 tFOTS 0.0000 tGradient 1.3000 tsec 1.4950
#GCMRL#  311 dt  36.288000 rms  0.521  0.027% neg 0  invalid 762 tFOTS 0.0000 tGradient 1.3320 tsec 1.5300
#GCMRL#  312 dt  36.288000 rms  0.521  0.029% neg 0  invalid 762 tFOTS 0.0000 tGradient 1.3070 tsec 1.5050
#GCMRL#  313 dt  36.288000 rms  0.521  0.027% neg 0  invalid 762 tFOTS 0.0000 tGradient 1.2760 tsec 1.4730
#GCMRL#  314 dt  36.288000 rms  0.521  0.027% neg 0  invalid 762 tFOTS 0.0000 tGradient 1.3180 tsec 1.5150
#GCMRL#  315 dt  36.288000 rms  0.521  0.028% neg 0  invalid 762 tFOTS 0.0000 tGradient 1.2870 tsec 1.4800
#GCMRL#  316 dt  36.288000 rms  0.521  0.029% neg 0  invalid 762 tFOTS 0.0000 tGradient 1.3030 tsec 1.4970
#GCMRL#  317 dt  36.288000 rms  0.521  0.033% neg 0  invalid 762 tFOTS 0.0000 tGradient 1.2850 tsec 1.4800
#GCMRL#  318 dt  36.288000 rms  0.520  0.036% neg 0  invalid 762 tFOTS 0.0000 tGradient 1.2900 tsec 1.4860
#GCMRL#  319 dt  36.288000 rms  0.520  0.036% neg 0  invalid 762 tFOTS 0.0000 tGradient 1.2910 tsec 1.4920
#GCMRL#  320 dt  36.288000 rms  0.520  0.033% neg 0  invalid 762 tFOTS 0.0000 tGradient 1.2720 tsec 1.4700
#GCMRL#  321 dt  36.288000 rms  0.520  0.030% neg 0  invalid 762 tFOTS 0.0000 tGradient 1.3060 tsec 1.5050
#GCMRL#  322 dt  36.288000 rms  0.520  0.029% neg 0  invalid 762 tFOTS 0.0000 tGradient 1.2740 tsec 1.4750
#GCMRL#  323 dt  36.288000 rms  0.520  0.029% neg 0  invalid 762 tFOTS 0.0000 tGradient 1.2580 tsec 1.4560
#GCMRL#  324 dt  36.288000 rms  0.519  0.030% neg 0  invalid 762 tFOTS 0.0000 tGradient 1.2820 tsec 1.4810
#GCMRL#  325 dt  36.288000 rms  0.519  0.030% neg 0  invalid 762 tFOTS 0.0000 tGradient 1.3010 tsec 1.4930
#GCMRL#  326 dt  36.288000 rms  0.519  0.025% neg 0  invalid 762 tFOTS 0.0000 tGradient 1.2810 tsec 1.4820
#GCMRL#  327 dt  36.288000 rms  0.519  0.025% neg 0  invalid 762 tFOTS 0.0000 tGradient 1.2760 tsec 1.4720
#GCMRL#  328 dt  36.288000 rms  0.519  0.022% neg 0  invalid 762 tFOTS 0.0000 tGradient 1.2980 tsec 1.5110
#FOTS# QuadFit found better minimum quadopt=(dt=497.664,rms=0.518716) vs oldopt=(dt=414.72,rms=0.518721)
#GCMRL#  329 dt 497.664000 rms  0.519  0.026% neg 0  invalid 762 tFOTS 2.6850 tGradient 1.2690 tsec 4.1650
#FOTS# QuadFit found better minimum quadopt=(dt=31.104,rms=0.518688) vs oldopt=(dt=25.92,rms=0.518689)
#GCMRL#  330 dt  31.104000 rms  0.519  0.000% neg 0  invalid 762 tFOTS 2.8100 tGradient 1.3260 tsec 4.3650
#GCMRL#  331 dt  31.104000 rms  0.519  0.005% neg 0  invalid 762 tFOTS 0.0000 tGradient 1.2980 tsec 1.4920
#GCMRL#  332 dt  31.104000 rms  0.519  0.006% neg 0  invalid 762 tFOTS 0.0000 tGradient 1.3120 tsec 1.5050
#GCMRL#  333 dt  31.104000 rms  0.519  0.006% neg 0  invalid 762 tFOTS 0.0000 tGradient 1.3080 tsec 1.4980
#GCMRL#  334 dt  31.104000 rms  0.519  0.008% neg 0  invalid 762 tFOTS 0.0000 tGradient 1.2830 tsec 1.4740
#GCMRL#  335 dt  31.104000 rms  0.519  0.009% neg 0  invalid 762 tFOTS 0.0000 tGradient 1.3680 tsec 1.5730
#GCMRL#  336 dt  31.104000 rms  0.518  0.006% neg 0  invalid 762 tFOTS 0.0000 tGradient 1.2860 tsec 1.4810
#GCMRL#  337 dt  31.104000 rms  0.518  0.008% neg 0  invalid 762 tFOTS 0.0000 tGradient 1.2780 tsec 1.4710
#GCMRL#  338 dt  31.104000 rms  0.518  0.008% neg 0  invalid 762 tFOTS 0.0000 tGradient 1.2960 tsec 1.4860
#GCMRL#  339 dt  31.104000 rms  0.518  0.009% neg 0  invalid 762 tFOTS 0.0000 tGradient 1.2840 tsec 1.4770
#GCMRL#  340 dt  31.104000 rms  0.518  0.012% neg 0  invalid 762 tFOTS 0.0000 tGradient 1.2480 tsec 1.4380
#GCMRL#  341 dt  31.104000 rms  0.518  0.014% neg 0  invalid 762 tFOTS 0.0000 tGradient 1.2650 tsec 1.4570
setting smoothness cost coefficient to 0.118

#GCAMreg# pass 0 level1 3 level2 0 tsec 0 sigma 2
l_jacobian=1.00 l_label=1.00 l_log_likelihood=0.20 l_smoothness=0.12 
tol=5.00e-02, dt=5.00e-02, exp_k=20.0, momentum=0.90, levels=6, niter=500, lbl_dist=10.00, avgs=16, sigma=2.0,type=2, relabel=0, neg=no

blurring input image with Gaussian with sigma=2.000...
GCAMRegisterLevel(): init RMS 0.531525
#FOTS# QuadFit found better minimum quadopt=(dt=22.1935,rms=0.529744) vs oldopt=(dt=32,rms=0.530027)
#GCMRL#  343 dt  22.193548 rms  0.530  0.335% neg 0  invalid 762 tFOTS 2.9310 tGradient 1.1340 tsec 4.2840
#FOTS# QuadFit found better minimum quadopt=(dt=74.3529,rms=0.527597) vs oldopt=(dt=32,rms=0.527983)
#GCMRL#  344 dt  74.352941 rms  0.528  0.405% neg 0  invalid 762 tFOTS 2.8030 tGradient 1.1540 tsec 4.1720
#FOTS# QuadFit found better minimum quadopt=(dt=92.2353,rms=0.523157) vs oldopt=(dt=128,rms=0.523499)
#GCMRL#  345 dt  92.235294 rms  0.523  0.842% neg 0  invalid 762 tFOTS 2.7430 tGradient 1.1090 tsec 4.0610
#FOTS# QuadFit found better minimum quadopt=(dt=23.665,rms=0.519205) vs oldopt=(dt=32,rms=0.519808)
#GCMRL#  346 dt  23.664964 rms  0.519  0.755% neg 0  invalid 762 tFOTS 2.4320 tGradient 1.1200 tsec 3.7550
#FOTS# QuadFit found better minimum quadopt=(dt=44.8,rms=0.51833) vs oldopt=(dt=32,rms=0.518395)
#GCMRL#  347 dt  44.800000 rms  0.518  0.168% neg 0  invalid 762 tFOTS 2.5300 tGradient 1.1300 tsec 3.8760
#FOTS# QuadFit found better minimum quadopt=(dt=38.4,rms=0.516547) vs oldopt=(dt=32,rms=0.51661)
#GCMRL#  348 dt  38.400000 rms  0.517  0.344% neg 0  invalid 762 tFOTS 2.7650 tGradient 1.1490 tsec 4.1200
#FOTS# QuadFit found better minimum quadopt=(dt=24.2526,rms=0.515658) vs oldopt=(dt=32,rms=0.515807)
#GCMRL#  349 dt  24.252632 rms  0.516  0.172% neg 0  invalid 762 tFOTS 2.8610 tGradient 1.0850 tsec 4.1600
#FOTS# QuadFit found better minimum quadopt=(dt=102.4,rms=0.513923) vs oldopt=(dt=32,rms=0.514293)
#GCMRL#  350 dt 102.400000 rms  0.514  0.337% neg 0  invalid 762 tFOTS 2.6930 tGradient 1.1060 tsec 4.0050
#FOTS# QuadFit found better minimum quadopt=(dt=20.1437,rms=0.511969) vs oldopt=(dt=32,rms=0.512605)
#GCMRL#  351 dt  20.143667 rms  0.512  0.380% neg 0  invalid 762 tFOTS 2.5040 tGradient 1.1370 tsec 3.8640
#FOTS# QuadFit found better minimum quadopt=(dt=44.8,rms=0.510844) vs oldopt=(dt=32,rms=0.510941)
#GCMRL#  352 dt  44.800000 rms  0.511  0.220% neg 0  invalid 762 tFOTS 2.8750 tGradient 1.1340 tsec 4.2140
#GCMRL#  353 dt  32.000000 rms  0.510  0.162% neg 0  invalid 762 tFOTS 2.3630 tGradient 1.2890 tsec 3.8410
#GCMRL#  354 dt  32.000000 rms  0.509  0.141% neg 0  invalid 762 tFOTS 2.3720 tGradient 1.1000 tsec 3.6680
#GCMRL#  355 dt  32.000000 rms  0.509  0.125% neg 0  invalid 762 tFOTS 2.3590 tGradient 1.1040 tsec 3.6440
#GCMRL#  356 dt  32.000000 rms  0.508  0.117% neg 0  invalid 762 tFOTS 2.5410 tGradient 1.2710 tsec 4.0060
#FOTS# QuadFit found better minimum quadopt=(dt=25.6,rms=0.507482) vs oldopt=(dt=32,rms=0.507495)
#GCMRL#  357 dt  25.600000 rms  0.507  0.114% neg 0  invalid 762 tFOTS 2.5320 tGradient 1.0820 tsec 3.8100
#FOTS# QuadFit found better minimum quadopt=(dt=38.4,rms=0.506963) vs oldopt=(dt=32,rms=0.506977)
#GCMRL#  358 dt  38.400000 rms  0.507  0.102% neg 0  invalid 762 tFOTS 2.5100 tGradient 1.0870 tsec 3.8050
#FOTS# QuadFit found better minimum quadopt=(dt=25.6,rms=0.506426) vs oldopt=(dt=32,rms=0.506449)
#GCMRL#  359 dt  25.600000 rms  0.506  0.106% neg 0  invalid 762 tFOTS 2.5030 tGradient 1.1030 tsec 3.8130
#GCMRL#  360 dt  32.000000 rms  0.506  0.085% neg 0  invalid 762 tFOTS 2.5210 tGradient 1.0940 tsec 3.8130
#GCMRL#  361 dt  32.000000 rms  0.506  0.095% neg 0  invalid 762 tFOTS 2.6160 tGradient 1.1440 tsec 3.9660
#FOTS# QuadFit found better minimum quadopt=(dt=25.6,rms=0.505127) vs oldopt=(dt=32,rms=0.50516)
#GCMRL#  362 dt  25.600000 rms  0.505  0.077% neg 0  invalid 762 tFOTS 2.6530 tGradient 1.0700 tsec 3.9310
#GCMRL#  363 dt  32.000000 rms  0.505  0.096% neg 0  invalid 762 tFOTS 2.5840 tGradient 1.0460 tsec 3.8340
#FOTS# QuadFit found better minimum quadopt=(dt=25.6,rms=0.504334) vs oldopt=(dt=32,rms=0.504353)
#GCMRL#  364 dt  25.600000 rms  0.504  0.061% neg 0  invalid 762 tFOTS 2.6200 tGradient 1.1320 tsec 3.9590
#FOTS# QuadFit found better minimum quadopt=(dt=38.4,rms=0.503892) vs oldopt=(dt=32,rms=0.503896)
#GCMRL#  365 dt  38.400000 rms  0.504  0.088% neg 0  invalid 762 tFOTS 2.6070 tGradient 1.0520 tsec 3.8700
#FOTS# QuadFit found better minimum quadopt=(dt=19.2,rms=0.503576) vs oldopt=(dt=32,rms=0.503638)
#GCMRL#  366 dt  19.200000 rms  0.504  0.063% neg 0  invalid 762 tFOTS 2.6360 tGradient 1.1100 tsec 3.9570
#FOTS# QuadFit found better minimum quadopt=(dt=153.6,rms=0.502597) vs oldopt=(dt=128,rms=0.502618)
#GCMRL#  367 dt 153.600000 rms  0.503  0.195% neg 0  invalid 762 tFOTS 2.4470 tGradient 1.0960 tsec 3.7710
#FOTS# QuadFit found better minimum quadopt=(dt=25.6,rms=0.501831) vs oldopt=(dt=32,rms=0.501928)
#GCMRL#  368 dt  25.600000 rms  0.502  0.152% neg 0  invalid 762 tFOTS 2.6200 tGradient 1.1180 tsec 3.9520
#GCMRL#  369 dt  32.000000 rms  0.501  0.095% neg 0  invalid 762 tFOTS 2.4780 tGradient 1.0650 tsec 3.7590
#FOTS# QuadFit found better minimum quadopt=(dt=38.4,rms=0.500958) vs oldopt=(dt=32,rms=0.500963)
#GCMRL#  370 dt  38.400000 rms  0.501  0.079% neg 0  invalid 762 tFOTS 2.6040 tGradient 1.0930 tsec 3.9000
#FOTS# QuadFit found better minimum quadopt=(dt=11.2,rms=0.500829) vs oldopt=(dt=8,rms=0.500867)
#GCMRL#  371 dt  11.200000 rms  0.501  0.000% neg 0  invalid 762 tFOTS 2.6220 tGradient 1.0320 tsec 3.8780
#GCMRL#  372 dt  11.200000 rms  0.501  0.031% neg 0  invalid 762 tFOTS 0.0000 tGradient 1.0500 tsec 1.2370
#GCMRL#  373 dt  11.200000 rms  0.501  0.032% neg 0  invalid 762 tFOTS 0.0000 tGradient 1.0450 tsec 1.2710
#GCMRL#  374 dt  11.200000 rms  0.500  0.049% neg 0  invalid 762 tFOTS 0.0000 tGradient 1.0810 tsec 1.2730
#GCMRL#  375 dt  11.200000 rms  0.500  0.069% neg 0  invalid 762 tFOTS 0.0000 tGradient 1.0570 tsec 1.2420
#GCMRL#  376 dt  11.200000 rms  0.500  0.075% neg 0  invalid 762 tFOTS 0.0000 tGradient 1.0810 tsec 1.2720
#GCMRL#  377 dt  11.200000 rms  0.499  0.079% neg 0  invalid 762 tFOTS 0.0000 tGradient 1.0580 tsec 1.2460
#GCMRL#  378 dt  11.200000 rms  0.499  0.089% neg 0  invalid 762 tFOTS 0.0000 tGradient 1.0520 tsec 1.2420
#GCMRL#  379 dt  11.200000 rms  0.498  0.093% neg 0  invalid 762 tFOTS 0.0000 tGradient 1.0890 tsec 1.2770
#GCMRL#  380 dt  11.200000 rms  0.498  0.098% neg 0  invalid 762 tFOTS 0.0000 tGradient 1.0700 tsec 1.2630
#GCMRL#  381 dt  11.200000 rms  0.497  0.104% neg 0  invalid 762 tFOTS 0.0000 tGradient 1.0900 tsec 1.2850
#GCMRL#  382 dt  11.200000 rms  0.497  0.099% neg 0  invalid 762 tFOTS 0.0000 tGradient 1.0710 tsec 1.2650
#GCMRL#  383 dt  11.200000 rms  0.496  0.102% neg 0  invalid 762 tFOTS 0.0000 tGradient 1.0300 tsec 1.2330
#GCMRL#  384 dt  11.200000 rms  0.496  0.102% neg 0  invalid 762 tFOTS 0.0000 tGradient 1.0530 tsec 1.2450
#GCMRL#  385 dt  11.200000 rms  0.495  0.104% neg 0  invalid 762 tFOTS 0.0000 tGradient 1.0690 tsec 1.2590
#GCMRL#  386 dt  11.200000 rms  0.495  0.097% neg 0  invalid 762 tFOTS 0.0000 tGradient 1.1100 tsec 1.2970
#GCMRL#  387 dt  11.200000 rms  0.494  0.094% neg 0  invalid 762 tFOTS 0.0000 tGradient 1.1020 tsec 1.2900
#GCMRL#  388 dt  11.200000 rms  0.494  0.089% neg 0  invalid 762 tFOTS 0.0000 tGradient 1.1240 tsec 1.3180
#GCMRL#  389 dt  11.200000 rms  0.493  0.087% neg 0  invalid 762 tFOTS 0.0000 tGradient 1.0930 tsec 1.2910
#GCMRL#  390 dt  11.200000 rms  0.493  0.084% neg 0  invalid 762 tFOTS 0.0000 tGradient 1.1170 tsec 1.3100
#GCMRL#  391 dt  11.200000 rms  0.493  0.080% neg 0  invalid 762 tFOTS 0.0000 tGradient 1.1050 tsec 1.3020
#GCMRL#  392 dt  11.200000 rms  0.492  0.075% neg 0  invalid 762 tFOTS 0.0000 tGradient 1.1400 tsec 1.3320
#GCMRL#  393 dt  11.200000 rms  0.492  0.069% neg 0  invalid 762 tFOTS 0.0000 tGradient 1.1070 tsec 1.2970
#GCMRL#  394 dt  11.200000 rms  0.492  0.066% neg 0  invalid 762 tFOTS 0.0000 tGradient 1.1030 tsec 1.2940
#GCMRL#  395 dt  11.200000 rms  0.491  0.064% neg 0  invalid 762 tFOTS 0.0000 tGradient 1.0930 tsec 1.3030
#GCMRL#  396 dt  11.200000 rms  0.491  0.061% neg 0  invalid 762 tFOTS 0.0000 tGradient 1.1230 tsec 1.3160
#GCMRL#  397 dt  11.200000 rms  0.491  0.058% neg 0  invalid 762 tFOTS 0.0000 tGradient 1.0950 tsec 1.2900
#GCMRL#  398 dt  11.200000 rms  0.490  0.053% neg 0  invalid 762 tFOTS 0.0000 tGradient 1.1250 tsec 1.3190
#GCMRL#  399 dt  11.200000 rms  0.490  0.046% neg 0  invalid 762 tFOTS 0.0000 tGradient 1.1020 tsec 1.3050
#GCMRL#  400 dt  11.200000 rms  0.490  0.047% neg 0  invalid 762 tFOTS 0.0000 tGradient 1.1300 tsec 1.3230
#GCMRL#  401 dt  11.200000 rms  0.490  0.046% neg 0  invalid 762 tFOTS 0.0000 tGradient 1.1080 tsec 1.3000
#GCMRL#  402 dt  11.200000 rms  0.490  0.043% neg 0  invalid 762 tFOTS 0.0000 tGradient 1.1220 tsec 1.3140
#GCMRL#  403 dt  11.200000 rms  0.489  0.042% neg 0  invalid 762 tFOTS 0.0000 tGradient 1.1810 tsec 1.4110
#GCMRL#  404 dt  11.200000 rms  0.489  0.038% neg 0  invalid 762 tFOTS 0.0000 tGradient 1.2270 tsec 1.4280
#GCMRL#  405 dt  11.200000 rms  0.489  0.037% neg 0  invalid 762 tFOTS 0.0000 tGradient 1.1050 tsec 1.3000
#GCMRL#  406 dt  11.200000 rms  0.489  0.037% neg 0  invalid 762 tFOTS 0.0000 tGradient 1.1100 tsec 1.3030
#GCMRL#  407 dt  11.200000 rms  0.489  0.036% neg 0  invalid 762 tFOTS 0.0000 tGradient 1.1000 tsec 1.2970
#GCMRL#  408 dt  11.200000 rms  0.488  0.034% neg 0  invalid 762 tFOTS 0.0000 tGradient 1.1050 tsec 1.2960
#GCMRL#  409 dt  11.200000 rms  0.488  0.029% neg 0  invalid 762 tFOTS 0.0000 tGradient 1.1110 tsec 1.2990
#GCMRL#  410 dt  11.200000 rms  0.488  0.028% neg 0  invalid 762 tFOTS 0.0000 tGradient 1.0890 tsec 1.2800
#GCMRL#  411 dt  11.200000 rms  0.488  0.029% neg 0  invalid 762 tFOTS 0.0000 tGradient 1.1280 tsec 1.3210
#GCMRL#  412 dt  11.200000 rms  0.488  0.028% neg 0  invalid 762 tFOTS 0.0000 tGradient 1.0990 tsec 1.2950
#GCMRL#  413 dt  11.200000 rms  0.488  0.029% neg 0  invalid 762 tFOTS 0.0000 tGradient 1.1270 tsec 1.3190
#GCMRL#  414 dt  11.200000 rms  0.488  0.032% neg 0  invalid 762 tFOTS 0.0000 tGradient 1.1280 tsec 1.3170
#GCMRL#  415 dt  11.200000 rms  0.487  0.031% neg 0  invalid 762 tFOTS 0.0000 tGradient 1.2490 tsec 1.4550
#GCMRL#  416 dt  11.200000 rms  0.487  0.029% neg 0  invalid 762 tFOTS 0.0000 tGradient 1.1250 tsec 1.3230
#GCMRL#  417 dt  11.200000 rms  0.487  0.028% neg 0  invalid 762 tFOTS 0.0000 tGradient 1.1030 tsec 1.2920
#GCMRL#  418 dt  11.200000 rms  0.487  0.025% neg 0  invalid 762 tFOTS 0.0000 tGradient 1.0820 tsec 1.2750
#GCMRL#  419 dt  11.200000 rms  0.487  0.022% neg 0  invalid 762 tFOTS 0.0000 tGradient 1.0780 tsec 1.2710
#GCMRL#  420 dt  11.200000 rms  0.487  0.019% neg 0  invalid 762 tFOTS 0.0000 tGradient 1.0800 tsec 1.2940
#FOTS# QuadFit found better minimum quadopt=(dt=44.8,rms=0.486796) vs oldopt=(dt=32,rms=0.486799)
#GCMRL#  421 dt  44.800000 rms  0.487  0.000% neg 0  invalid 762 tFOTS 2.4990 tGradient 1.0860 tsec 3.8130

#GCAMreg# pass 0 level1 3 level2 1 tsec 190.616 sigma 0.5
l_jacobian=1.00 l_label=1.00 l_log_likelihood=0.20 l_smoothness=0.12 
tol=5.00e-02, dt=5.00e-02, exp_k=20.0, momentum=0.90, levels=6, niter=500, lbl_dist=10.00, avgs=16, sigma=0.5,type=2, relabel=0, neg=no

blurring input image with Gaussian with sigma=0.500...
GCAMRegisterLevel(): init RMS 0.487316
#FOTS# QuadFit found better minimum quadopt=(dt=38.4,rms=0.48487) vs oldopt=(dt=32,rms=0.484891)
#GCMRL#  423 dt  38.400000 rms  0.485  0.502% neg 0  invalid 762 tFOTS 2.5000 tGradient 1.0910 tsec 3.7960
#GCMRL#  424 dt  32.000000 rms  0.484  0.251% neg 0  invalid 762 tFOTS 2.7160 tGradient 1.0930 tsec 4.0210
#FOTS# QuadFit found better minimum quadopt=(dt=11.2,rms=0.483497) vs oldopt=(dt=8,rms=0.483522)
#GCMRL#  425 dt  11.200000 rms  0.483  0.000% neg 0  invalid 762 tFOTS 2.5270 tGradient 1.1350 tsec 3.9060
#GCMRL#  426 dt  11.200000 rms  0.483  0.027% neg 0  invalid 762 tFOTS 0.0000 tGradient 1.0820 tsec 1.2760
#GCMRL#  427 dt  11.200000 rms  0.483  0.037% neg 0  invalid 762 tFOTS 0.0000 tGradient 1.0970 tsec 1.2900
#GCMRL#  428 dt  11.200000 rms  0.483  0.052% neg 0  invalid 762 tFOTS 0.0000 tGradient 1.0940 tsec 1.2820
#GCMRL#  429 dt  11.200000 rms  0.483  0.067% neg 0  invalid 762 tFOTS 0.0000 tGradient 1.0880 tsec 1.2900
#GCMRL#  430 dt  11.200000 rms  0.482  0.069% neg 0  invalid 762 tFOTS 0.0000 tGradient 1.0960 tsec 1.2860
#GCMRL#  431 dt  11.200000 rms  0.482  0.056% neg 0  invalid 762 tFOTS 0.0000 tGradient 1.0580 tsec 1.2440
#GCMRL#  432 dt  11.200000 rms  0.482  0.045% neg 0  invalid 762 tFOTS 0.0000 tGradient 1.0890 tsec 1.2800
#GCMRL#  433 dt  11.200000 rms  0.482  0.037% neg 0  invalid 762 tFOTS 0.0000 tGradient 1.1260 tsec 1.3150
#GCMRL#  434 dt  11.200000 rms  0.481  0.033% neg 0  invalid 762 tFOTS 0.0000 tGradient 1.1020 tsec 1.2950
#GCMRL#  435 dt  11.200000 rms  0.481  0.032% neg 0  invalid 762 tFOTS 0.0000 tGradient 1.0940 tsec 1.2830
#GCMRL#  436 dt  11.200000 rms  0.481  0.040% neg 0  invalid 762 tFOTS 0.0000 tGradient 1.0890 tsec 1.2790
#GCMRL#  437 dt  11.200000 rms  0.481  0.044% neg 0  invalid 762 tFOTS 0.0000 tGradient 1.0910 tsec 1.2770
#GCMRL#  438 dt  11.200000 rms  0.481  0.043% neg 0  invalid 762 tFOTS 0.0000 tGradient 1.0950 tsec 1.2850
#GCMRL#  439 dt  11.200000 rms  0.481  0.038% neg 0  invalid 762 tFOTS 0.0000 tGradient 1.0900 tsec 1.2820
#GCMRL#  440 dt  11.200000 rms  0.480  0.035% neg 0  invalid 762 tFOTS 0.0000 tGradient 1.1030 tsec 1.2940
#GCMRL#  441 dt  11.200000 rms  0.480  0.028% neg 0  invalid 762 tFOTS 0.0000 tGradient 1.0870 tsec 1.2760
#GCMRL#  442 dt  11.200000 rms  0.480  0.030% neg 0  invalid 762 tFOTS 0.0000 tGradient 1.1030 tsec 1.2960
#GCMRL#  443 dt  11.200000 rms  0.480  0.032% neg 0  invalid 762 tFOTS 0.0000 tGradient 1.1050 tsec 1.2950
#GCMRL#  444 dt  11.200000 rms  0.480  0.030% neg 0  invalid 762 tFOTS 0.0000 tGradient 1.0820 tsec 1.2730
#GCMRL#  445 dt  11.200000 rms  0.480  0.028% neg 0  invalid 762 tFOTS 0.0000 tGradient 1.0740 tsec 1.2660
#GCMRL#  446 dt  11.200000 rms  0.480  0.025% neg 0  invalid 762 tFOTS 0.0000 tGradient 1.0910 tsec 1.2830
#GCMRL#  447 dt  11.200000 rms  0.479  0.024% neg 0  invalid 762 tFOTS 0.0000 tGradient 1.0860 tsec 1.2800
#GCMRL#  448 dt  11.200000 rms  0.479  0.024% neg 0  invalid 762 tFOTS 0.0000 tGradient 1.0960 tsec 1.2880
#GCMRL#  449 dt  11.200000 rms  0.479  0.025% neg 0  invalid 762 tFOTS 0.0000 tGradient 1.0950 tsec 1.2860
#GCMRL#  450 dt  11.200000 rms  0.479  0.024% neg 0  invalid 762 tFOTS 0.0000 tGradient 1.0870 tsec 1.2810
#GCMRL#  451 dt  11.200000 rms  0.479  0.027% neg 0  invalid 762 tFOTS 0.0000 tGradient 1.0730 tsec 1.2700
#GCMRL#  452 dt  11.200000 rms  0.479  0.024% neg 0  invalid 762 tFOTS 0.0000 tGradient 1.0920 tsec 1.2870
#GCMRL#  453 dt  11.200000 rms  0.479  0.021% neg 0  invalid 762 tFOTS 0.0000 tGradient 1.0710 tsec 1.2770
#GCMRL#  454 dt 128.000000 rms  0.479  0.000% neg 0  invalid 762 tFOTS 2.6490 tGradient 1.0920 tsec 3.9640
setting smoothness cost coefficient to 0.400

#GCAMreg# pass 0 level1 2 level2 0 tsec 0 sigma 2
l_jacobian=1.00 l_label=1.00 l_log_likelihood=0.20 l_smoothness=0.40 
tol=5.00e-02, dt=5.00e-02, exp_k=20.0, momentum=0.90, levels=6, niter=500, lbl_dist=10.00, avgs=4, sigma=2.0,type=2, relabel=0, neg=no

blurring input image with Gaussian with sigma=2.000...
GCAMRegisterLevel(): init RMS 0.507138
#GCMRL#  456 dt   0.000000 rms  0.507  0.100% neg 0  invalid 762 tFOTS 2.4350 tGradient 1.0340 tsec 3.6730
#GCMRL#  457 dt   0.150000 rms  0.507  0.000% neg 0  invalid 762 tFOTS 2.4240 tGradient 1.0120 tsec 3.7890

#GCAMreg# pass 0 level1 2 level2 1 tsec 16.635 sigma 0.5
l_jacobian=1.00 l_label=1.00 l_log_likelihood=0.20 l_smoothness=0.40 
tol=5.00e-02, dt=5.00e-02, exp_k=20.0, momentum=0.90, levels=6, niter=500, lbl_dist=10.00, avgs=4, sigma=0.5,type=2, relabel=0, neg=no

blurring input image with Gaussian with sigma=0.500...
GCAMRegisterLevel(): init RMS 0.507138
#GCMRL#  459 dt   0.000000 rms  0.507  0.100% neg 0  invalid 762 tFOTS 2.4730 tGradient 1.0360 tsec 3.7220
#GCMRL#  460 dt   0.150000 rms  0.507  0.000% neg 0  invalid 762 tFOTS 2.4610 tGradient 1.0050 tsec 3.8180
setting smoothness cost coefficient to 1.000

#GCAMreg# pass 0 level1 1 level2 0 tsec 0 sigma 2
l_jacobian=1.00 l_label=1.00 l_log_likelihood=0.20 l_smoothness=1.00 
tol=5.00e-02, dt=5.00e-02, exp_k=20.0, momentum=0.90, levels=6, niter=500, lbl_dist=10.00, avgs=1, sigma=2.0,type=2, relabel=0, neg=no

blurring input image with Gaussian with sigma=2.000...
GCAMRegisterLevel(): init RMS 0.562022
#FOTS# QuadFit found better minimum quadopt=(dt=1.536,rms=0.556253) vs oldopt=(dt=1.28,rms=0.556462)
#GCMRL#  462 dt   1.536000 rms  0.556  1.026% neg 0  invalid 762 tFOTS 2.4610 tGradient 0.8910 tsec 3.5610
#FOTS# QuadFit found better minimum quadopt=(dt=0.384,rms=0.556084) vs oldopt=(dt=0.32,rms=0.556091)
#GCMRL#  463 dt   0.384000 rms  0.556  0.000% neg 0  invalid 762 tFOTS 2.4590 tGradient 0.8950 tsec 3.5810

#GCAMreg# pass 0 level1 1 level2 1 tsec 16.205 sigma 0.5
l_jacobian=1.00 l_label=1.00 l_log_likelihood=0.20 l_smoothness=1.00 
tol=5.00e-02, dt=5.00e-02, exp_k=20.0, momentum=0.90, levels=6, niter=500, lbl_dist=10.00, avgs=1, sigma=0.5,type=2, relabel=0, neg=no

blurring input image with Gaussian with sigma=0.500...
GCAMRegisterLevel(): init RMS 0.556556
#FOTS# QuadFit found better minimum quadopt=(dt=0.448,rms=0.55576) vs oldopt=(dt=0.32,rms=0.555816)
#GCMRL#  465 dt   0.448000 rms  0.556  0.143% neg 0  invalid 762 tFOTS 2.5690 tGradient 0.9050 tsec 3.6850
#FOTS# QuadFit found better minimum quadopt=(dt=0.256,rms=0.555702) vs oldopt=(dt=0.32,rms=0.555704)
#GCMRL#  466 dt   0.256000 rms  0.556  0.000% neg 0  invalid 762 tFOTS 2.4850 tGradient 0.9000 tsec 3.6140
resetting metric properties...
setting smoothness cost coefficient to 2.000

#GCAMreg# pass 0 level1 0 level2 0 tsec 0 sigma 2
l_jacobian=1.00 l_label=1.00 l_log_likelihood=0.20 l_smoothness=2.00 
tol=5.00e-02, dt=5.00e-02, exp_k=20.0, momentum=0.90, levels=6, niter=500, lbl_dist=10.00, avgs=0, sigma=2.0,type=2, relabel=0, neg=no

blurring input image with Gaussian with sigma=2.000...
GCAMRegisterLevel(): init RMS 0.493416
#FOTS# QuadFit found better minimum quadopt=(dt=0.448,rms=0.48145) vs oldopt=(dt=0.32,rms=0.484555)
#GCMRL#  468 dt   0.448000 rms  0.481  2.425% neg 0  invalid 762 tFOTS 2.3660 tGradient 0.5120 tsec 3.0920
#FOTS# QuadFit found better minimum quadopt=(dt=0.448,rms=0.478602) vs oldopt=(dt=0.32,rms=0.479387)
#GCMRL#  469 dt   0.448000 rms  0.479  0.592% neg 0  invalid 762 tFOTS 2.3070 tGradient 0.5210 tsec 3.0330
#FOTS# QuadFit found better minimum quadopt=(dt=0.448,rms=0.476828) vs oldopt=(dt=0.32,rms=0.477326)
#GCMRL#  470 dt   0.448000 rms  0.477  0.371% neg 0  invalid 762 tFOTS 2.3320 tGradient 0.5010 tsec 3.0380
#FOTS# QuadFit found better minimum quadopt=(dt=0.448,rms=0.475675) vs oldopt=(dt=0.32,rms=0.475995)
#GCMRL#  471 dt   0.448000 rms  0.476  0.242% neg 0  invalid 762 tFOTS 2.3450 tGradient 0.5370 tsec 3.0850
#FOTS# QuadFit found better minimum quadopt=(dt=0.448,rms=0.474813) vs oldopt=(dt=0.32,rms=0.475053)
#GCMRL#  472 dt   0.448000 rms  0.475  0.181% neg 0  invalid 762 tFOTS 2.3920 tGradient 0.5160 tsec 3.1180
#FOTS# QuadFit found better minimum quadopt=(dt=0.448,rms=0.474177) vs oldopt=(dt=0.32,rms=0.474351)
#GCMRL#  473 dt   0.448000 rms  0.474  0.134% neg 0  invalid 762 tFOTS 2.3060 tGradient 0.4770 tsec 2.9880
#FOTS# QuadFit found better minimum quadopt=(dt=0.448,rms=0.473659) vs oldopt=(dt=0.32,rms=0.473801)
#GCMRL#  474 dt   0.448000 rms  0.474  0.109% neg 0  invalid 762 tFOTS 2.3350 tGradient 0.4910 tsec 3.0260
#FOTS# QuadFit found better minimum quadopt=(dt=0.448,rms=0.473256) vs oldopt=(dt=0.32,rms=0.473361)
#GCMRL#  475 dt   0.448000 rms  0.473  0.085% neg 0  invalid 762 tFOTS 2.3010 tGradient 0.4930 tsec 2.9970
#FOTS# QuadFit found better minimum quadopt=(dt=0.448,rms=0.47291) vs oldopt=(dt=0.32,rms=0.473002)
#GCMRL#  476 dt   0.448000 rms  0.473  0.073% neg 0  invalid 762 tFOTS 2.2700 tGradient 0.4640 tsec 2.9360
#FOTS# QuadFit found better minimum quadopt=(dt=0.448,rms=0.472635) vs oldopt=(dt=0.32,rms=0.472703)
#GCMRL#  477 dt   0.448000 rms  0.473  0.058% neg 0  invalid 762 tFOTS 2.3220 tGradient 0.4780 tsec 3.0070
#FOTS# QuadFit found better minimum quadopt=(dt=0.448,rms=0.472384) vs oldopt=(dt=0.32,rms=0.472448)
#GCMRL#  478 dt   0.448000 rms  0.472  0.053% neg 0  invalid 762 tFOTS 2.2600 tGradient 0.4910 tsec 2.9460
#FOTS# QuadFit found better minimum quadopt=(dt=0.448,rms=0.472188) vs oldopt=(dt=0.32,rms=0.472234)
#GCMRL#  479 dt   0.448000 rms  0.472  0.000% neg 0  invalid 762 tFOTS 2.3290 tGradient 0.4740 tsec 3.0320
#GCMRL#  480 dt   0.448000 rms  0.472  0.040% neg 0  invalid 762 tFOTS 0.0000 tGradient 0.5060 tsec 0.7040
#GCMRL#  481 dt   0.448000 rms  0.472  0.066% neg 0  invalid 762 tFOTS 0.0000 tGradient 0.4960 tsec 0.6960
#GCMRL#  482 dt   0.448000 rms  0.471  0.077% neg 0  invalid 762 tFOTS 0.0000 tGradient 0.4910 tsec 0.6930
#GCMRL#  483 dt   0.448000 rms  0.471  0.086% neg 0  invalid 762 tFOTS 0.0000 tGradient 0.5220 tsec 0.7270
#GCMRL#  484 dt   0.448000 rms  0.471  0.078% neg 0  invalid 762 tFOTS 0.0000 tGradient 0.4840 tsec 0.6850
#GCMRL#  485 dt   0.448000 rms  0.470  0.060% neg 0  invalid 762 tFOTS 0.0000 tGradient 0.5280 tsec 0.7330
#GCMRL#  486 dt   0.448000 rms  0.470 -0.006% neg 0  invalid 762 tFOTS 0.0000 tGradient 0.5050 tsec 0.9680
#FOTS# QuadFit found better minimum quadopt=(dt=0.028,rms=0.470263) vs oldopt=(dt=0.02,rms=0.470263)
#GCMRL#  487 dt   0.028000 rms  0.470  0.000% neg 0  invalid 762 tFOTS 2.3110 tGradient 0.5130 tsec 3.0310
#FOTS# QuadFit found better minimum quadopt=(dt=0.028,rms=0.470263) vs oldopt=(dt=0.02,rms=0.470263)

#GCAMreg# pass 0 level1 0 level2 1 tsec 55.496 sigma 0.5
l_jacobian=1.00 l_label=1.00 l_log_likelihood=0.20 l_smoothness=2.00 
tol=5.00e-02, dt=5.00e-02, exp_k=20.0, momentum=0.90, levels=6, niter=500, lbl_dist=10.00, avgs=0, sigma=0.5,type=2, relabel=0, neg=no

blurring input image with Gaussian with sigma=0.500...
GCAMRegisterLevel(): init RMS 0.470858
#FOTS# QuadFit found better minimum quadopt=(dt=0.448,rms=0.467807) vs oldopt=(dt=0.32,rms=0.468444)
#GCMRL#  489 dt   0.448000 rms  0.468  0.648% neg 0  invalid 762 tFOTS 2.2580 tGradient 0.5090 tsec 2.9710
#FOTS# QuadFit found better minimum quadopt=(dt=0.448,rms=0.4675) vs oldopt=(dt=0.32,rms=0.467575)
#GCMRL#  490 dt   0.448000 rms  0.467  0.066% neg 0  invalid 762 tFOTS 2.3050 tGradient 0.4930 tsec 2.9990
#FOTS# QuadFit found better minimum quadopt=(dt=0.448,rms=0.467388) vs oldopt=(dt=0.32,rms=0.467408)
#GCMRL#  491 dt   0.448000 rms  0.467  0.000% neg 0  invalid 762 tFOTS 2.3040 tGradient 0.5140 tsec 3.0420
#GCMRL#  492 dt   0.448000 rms  0.467  0.015% neg 0  invalid 762 tFOTS 0.0000 tGradient 0.5190 tsec 0.7230
#GCMRL#  493 dt   0.448000 rms  0.467  0.014% neg 0  invalid 762 tFOTS 0.0000 tGradient 0.5010 tsec 0.7060
#GCMRL#  494 dt   0.448000 rms  0.467  0.008% neg 0  invalid 762 tFOTS 0.0000 tGradient 0.5020 tsec 0.7190
GCAMregister done in 16.5341 min
********************* ALLOWING NEGATIVE NODES IN DEFORMATION********************************
noneg post
Starting GCAMregister()
label assignment complete, 0 changed (0.00%)
npasses = 1, nlevels = 6
#pass# 1 of 1 ************************
enabling zero nodes
setting smoothness cost coefficient to 0.008

#GCAMreg# pass 0 level1 5 level2 0 tsec 0 sigma 2
l_jacobian=1.00 l_label=1.00 l_log_likelihood=0.20 l_smoothness=0.01 
tol=2.50e-01, dt=5.00e-02, exp_k=20.0, momentum=0.90, levels=6, niter=500, lbl_dist=10.00, avgs=256, sigma=2.0,type=2, relabel=0, neg=yes

blurring input image with Gaussian with sigma=2.000...
GCAMRegisterLevel(): init RMS 0.46552
#GCMRL#  496 dt   0.000000 rms  0.465  0.129% neg 0  invalid 762 tFOTS 2.7690 tGradient 1.5380 tsec 4.5180

#GCAMreg# pass 0 level1 5 level2 1 tsec 17.39 sigma 0.5
l_jacobian=1.00 l_label=1.00 l_log_likelihood=0.20 l_smoothness=0.01 
tol=2.50e-01, dt=5.00e-02, exp_k=20.0, momentum=0.90, levels=6, niter=500, lbl_dist=10.00, avgs=256, sigma=0.5,type=2, relabel=0, neg=yes

blurring input image with Gaussian with sigma=0.500...
GCAMRegisterLevel(): init RMS 0.46552
#FOTS# QuadFit found better minimum quadopt=(dt=295.936,rms=0.464257) vs oldopt=(dt=369.92,rms=0.464315)
#GCMRL#  498 dt 295.936000 rms  0.464  0.271% neg 0  invalid 762 tFOTS 2.7900 tGradient 1.5250 tsec 4.5380
#FOTS# QuadFit found better minimum quadopt=(dt=73.984,rms=0.464104) vs oldopt=(dt=92.48,rms=0.464107)
#GCMRL#  499 dt  73.984000 rms  0.464  0.000% neg 0  invalid 762 tFOTS 2.9400 tGradient 1.6150 tsec 4.7880
#GCMRL#  500 dt  73.984000 rms  0.464  0.017% neg 0  invalid 762 tFOTS 0.0000 tGradient 1.5930 tsec 1.7890
#GCMRL#  501 dt  73.984000 rms  0.464  0.019% neg 0  invalid 762 tFOTS 0.0000 tGradient 1.6190 tsec 1.8160
#GCMRL#  502 dt  73.984000 rms  0.464  0.023% neg 0  invalid 762 tFOTS 0.0000 tGradient 1.5420 tsec 1.7360
#GCMRL#  503 dt  73.984000 rms  0.464  0.026% neg 0  invalid 762 tFOTS 0.0000 tGradient 1.5380 tsec 1.7320
#GCMRL#  504 dt  73.984000 rms  0.464  0.027% neg 0  invalid 762 tFOTS 0.0000 tGradient 1.5800 tsec 1.7730
#GCMRL#  505 dt  73.984000 rms  0.463  0.025% neg 0  invalid 762 tFOTS 0.0000 tGradient 1.5420 tsec 1.7340
#GCMRL#  506 dt  73.984000 rms  0.463  0.019% neg 0  invalid 762 tFOTS 0.0000 tGradient 1.5370 tsec 1.7420
#FOTS# QuadFit found better minimum quadopt=(dt=443.904,rms=0.463304) vs oldopt=(dt=369.92,rms=0.463307)
setting smoothness cost coefficient to 0.031

#GCAMreg# pass 0 level1 4 level2 0 tsec 0 sigma 2
l_jacobian=1.00 l_label=1.00 l_log_likelihood=0.20 l_smoothness=0.03 
tol=2.50e-01, dt=5.00e-02, exp_k=20.0, momentum=0.90, levels=6, niter=500, lbl_dist=10.00, avgs=64, sigma=2.0,type=2, relabel=0, neg=yes

blurring input image with Gaussian with sigma=2.000...
GCAMRegisterLevel(): init RMS 0.463922
#FOTS# QuadFit found better minimum quadopt=(dt=9.072,rms=0.463285) vs oldopt=(dt=6.48,rms=0.463293)
#GCMRL#  508 dt   9.072000 rms  0.463  0.137% neg 0  invalid 762 tFOTS 2.9800 tGradient 1.2290 tsec 4.4250
#FOTS# QuadFit found better minimum quadopt=(dt=7.776,rms=0.463267) vs oldopt=(dt=6.48,rms=0.463267)
#GCMRL#  509 dt   7.776000 rms  0.463  0.000% neg 0  invalid 762 tFOTS 3.0080 tGradient 1.2320 tsec 4.4660
#GCMRL#  510 dt   7.776000 rms  0.463  0.001% neg 0  invalid 762 tFOTS 0.0000 tGradient 1.2530 tsec 1.4430

#GCAMreg# pass 0 level1 4 level2 1 tsec 20.416 sigma 0.5
l_jacobian=1.00 l_label=1.00 l_log_likelihood=0.20 l_smoothness=0.03 
tol=2.50e-01, dt=5.00e-02, exp_k=20.0, momentum=0.90, levels=6, niter=500, lbl_dist=10.00, avgs=64, sigma=0.5,type=2, relabel=0, neg=yes

blurring input image with Gaussian with sigma=0.500...
GCAMRegisterLevel(): init RMS 0.463857
#GCMRL#  512 dt 103.680000 rms  0.462  0.417% neg 0  invalid 762 tFOTS 2.8120 tGradient 1.2230 tsec 4.2490
#FOTS# QuadFit found better minimum quadopt=(dt=36.288,rms=0.461125) vs oldopt=(dt=25.92,rms=0.46124)
#GCMRL#  513 dt  36.288000 rms  0.461  0.000% neg 0  invalid 762 tFOTS 2.9440 tGradient 1.2000 tsec 4.3610
#GCMRL#  514 dt  36.288000 rms  0.461  0.058% neg 0  invalid 762 tFOTS 0.0000 tGradient 1.2800 tsec 1.4690
#GCMRL#  515 dt  36.288000 rms  0.460  0.103% neg 0  invalid 762 tFOTS 0.0000 tGradient 1.2170 tsec 1.4100
#GCMRL#  516 dt  36.288000 rms  0.460  0.137% neg 0  invalid 762 tFOTS 0.0000 tGradient 1.2190 tsec 1.4090
#GCMRL#  517 dt  36.288000 rms  0.459  0.142% neg 0  invalid 762 tFOTS 0.0000 tGradient 1.2180 tsec 1.4100
#GCMRL#  518 dt  36.288000 rms  0.458  0.142% neg 0  invalid 762 tFOTS 0.0000 tGradient 1.2480 tsec 1.4410
#GCMRL#  519 dt  36.288000 rms  0.458  0.125% neg 0  invalid 762 tFOTS 0.0000 tGradient 1.2150 tsec 1.4060
#GCMRL#  520 dt  36.288000 rms  0.457  0.108% neg 0  invalid 762 tFOTS 0.0000 tGradient 1.2450 tsec 1.4520
#FOTS# QuadFit found better minimum quadopt=(dt=145.152,rms=0.457129) vs oldopt=(dt=103.68,rms=0.457174)
#GCMRL#  521 dt 145.152000 rms  0.457  0.000% neg 0  invalid 762 tFOTS 2.7720 tGradient 1.2260 tsec 4.2210
setting smoothness cost coefficient to 0.118

#GCAMreg# pass 0 level1 3 level2 0 tsec 0 sigma 2
l_jacobian=1.00 l_label=1.00 l_log_likelihood=0.20 l_smoothness=0.12 
tol=2.50e-01, dt=5.00e-02, exp_k=20.0, momentum=0.90, levels=6, niter=500, lbl_dist=10.00, avgs=16, sigma=2.0,type=2, relabel=0, neg=yes

blurring input image with Gaussian with sigma=2.000...
GCAMRegisterLevel(): init RMS 0.458053
#FOTS# QuadFit found better minimum quadopt=(dt=30.4132,rms=0.455887) vs oldopt=(dt=32,rms=0.455904)
#GCMRL#  523 dt  30.413223 rms  0.456  0.473% neg 0  invalid 762 tFOTS 2.9740 tGradient 1.0930 tsec 4.2810
#FOTS# QuadFit found better minimum quadopt=(dt=62.2362,rms=0.452601) vs oldopt=(dt=32,rms=0.453181)
#GCMRL#  524 dt  62.236220 rms  0.453  0.721% neg 0  invalid 762 tFOTS 2.9290 tGradient 1.0810 tsec 4.2400
#FOTS# QuadFit found better minimum quadopt=(dt=11.2,rms=0.451762) vs oldopt=(dt=8,rms=0.451997)
#GCMRL#  525 dt  11.200000 rms  0.452  0.000% neg 0  invalid 762 tFOTS 2.9550 tGradient 1.1560 tsec 4.3350
#GCMRL#  526 dt  11.200000 rms  0.451  0.164% neg 0  invalid 762 tFOTS 0.0000 tGradient 1.0710 tsec 1.2560
iter 0, gcam->neg = 1
after 7 iterations, nbhd size=1, neg = 0
#GCMRL#  527 dt  11.200000 rms  0.451  0.083% neg 0  invalid 762 tFOTS 0.0000 tGradient 1.1330 tsec 3.2000
iter 0, gcam->neg = 1
after 6 iterations, nbhd size=1, neg = 0
#GCMRL#  528 dt  11.200000 rms  0.450  0.150% neg 0  invalid 762 tFOTS 0.0000 tGradient 1.1150 tsec 3.2420
#GCMRL#  529 dt  11.200000 rms  0.449  0.278% neg 0  invalid 762 tFOTS 0.0000 tGradient 1.2000 tsec 1.3900
iter 0, gcam->neg = 1
after 0 iterations, nbhd size=0, neg = 0
#GCMRL#  530 dt  11.200000 rms  0.447  0.298% neg 0  invalid 762 tFOTS 0.0000 tGradient 1.1750 tsec 1.8450
#GCMRL#  531 dt  11.200000 rms  0.446  0.221% neg 0  invalid 762 tFOTS 0.0000 tGradient 1.0930 tsec 1.2840
iter 0, gcam->neg = 1
after 6 iterations, nbhd size=1, neg = 0
#GCMRL#  532 dt  11.200000 rms  0.446  0.200% neg 0  invalid 762 tFOTS 0.0000 tGradient 1.0990 tsec 3.0380
iter 0, gcam->neg = 3
after 10 iterations, nbhd size=1, neg = 0
#GCMRL#  533 dt  11.200000 rms  0.445  0.165% neg 0  invalid 762 tFOTS 0.0000 tGradient 1.1320 tsec 4.0600
iter 0, gcam->neg = 2
after 7 iterations, nbhd size=1, neg = 0
#GCMRL#  534 dt  11.200000 rms  0.444  0.097% neg 0  invalid 762 tFOTS 0.0000 tGradient 1.0860 tsec 3.3280
iter 0, gcam->neg = 2
after 3 iterations, nbhd size=0, neg = 0
#GCMRL#  535 dt  11.200000 rms  0.444  0.087% neg 0  invalid 762 tFOTS 0.0000 tGradient 1.1090 tsec 2.4570
#FOTS# QuadFit found better minimum quadopt=(dt=19.2,rms=0.443625) vs oldopt=(dt=32,rms=0.443706)
#GCMRL#  536 dt  19.200000 rms  0.444  0.000% neg 0  invalid 762 tFOTS 2.9340 tGradient 1.1000 tsec 4.2640
#GCMRL#  537 dt  19.200000 rms  0.443  0.041% neg 0  invalid 762 tFOTS 0.0000 tGradient 1.0870 tsec 1.2780
#GCMRL#  538 dt  19.200000 rms  0.443  0.066% neg 0  invalid 762 tFOTS 0.0000 tGradient 1.0830 tsec 1.2720
#GCMRL#  539 dt  19.200000 rms  0.443  0.071% neg 0  invalid 762 tFOTS 0.0000 tGradient 1.0850 tsec 1.2740
#GCMRL#  540 dt  19.200000 rms  0.442  0.094% neg 0  invalid 762 tFOTS 0.0000 tGradient 1.0760 tsec 1.2630
#GCMRL#  541 dt  19.200000 rms  0.442  0.072% neg 0  invalid 762 tFOTS 0.0000 tGradient 1.1440 tsec 1.3380
#GCMRL#  542 dt  19.200000 rms  0.442  0.083% neg 0  invalid 762 tFOTS 0.0000 tGradient 1.0770 tsec 1.2680
#GCMRL#  543 dt  19.200000 rms  0.441  0.084% neg 0  invalid 762 tFOTS 0.0000 tGradient 1.0910 tsec 1.2820
#GCMRL#  544 dt  19.200000 rms  0.441  0.110% neg 0  invalid 762 tFOTS 0.0000 tGradient 1.0880 tsec 1.2810

#GCAMreg# pass 0 level1 3 level2 1 tsec 62.307 sigma 0.5
l_jacobian=1.00 l_label=1.00 l_log_likelihood=0.20 l_smoothness=0.12 
tol=2.50e-01, dt=5.00e-02, exp_k=20.0, momentum=0.90, levels=6, niter=500, lbl_dist=10.00, avgs=16, sigma=0.5,type=2, relabel=0, neg=yes

blurring input image with Gaussian with sigma=0.500...
GCAMRegisterLevel(): init RMS 0.441123
#FOTS# QuadFit found better minimum quadopt=(dt=29.5586,rms=0.438249) vs oldopt=(dt=32,rms=0.438284)
#GCMRL#  546 dt  29.558583 rms  0.438  0.651% neg 0  invalid 762 tFOTS 2.9160 tGradient 1.1020 tsec 4.2230
#FOTS# QuadFit found better minimum quadopt=(dt=21.6702,rms=0.437245) vs oldopt=(dt=32,rms=0.437536)
#GCMRL#  547 dt  21.670175 rms  0.437  0.000% neg 0  invalid 762 tFOTS 2.9410 tGradient 1.0730 tsec 4.2400
#GCMRL#  548 dt  21.670175 rms  0.437  0.125% neg 0  invalid 762 tFOTS 0.0000 tGradient 1.0690 tsec 1.2560
#GCMRL#  549 dt  21.670175 rms  0.436  0.168% neg 0  invalid 762 tFOTS 0.0000 tGradient 1.0850 tsec 1.2740
#GCMRL#  550 dt  21.670175 rms  0.435  0.148% neg 0  invalid 762 tFOTS 0.0000 tGradient 1.0890 tsec 1.2800
#GCMRL#  551 dt  21.670175 rms  0.435  0.135% neg 0  invalid 762 tFOTS 0.0000 tGradient 1.0960 tsec 1.2920
#GCMRL#  552 dt  21.670175 rms  0.434  0.087% neg 0  invalid 762 tFOTS 0.0000 tGradient 1.0640 tsec 1.2560
#GCMRL#  553 dt  21.670175 rms  0.434  0.100% neg 0  invalid 762 tFOTS 0.0000 tGradient 1.0790 tsec 1.2680
iter 0, gcam->neg = 1
after 0 iterations, nbhd size=0, neg = 0
#GCMRL#  554 dt  21.670175 rms  0.434  0.061% neg 0  invalid 762 tFOTS 0.0000 tGradient 1.0730 tsec 1.7780
#FOTS# QuadFit found better minimum quadopt=(dt=11.2,rms=0.433399) vs oldopt=(dt=8,rms=0.433443)
#GCMRL#  555 dt  11.200000 rms  0.433  0.000% neg 0  invalid 762 tFOTS 2.8900 tGradient 1.1250 tsec 4.2330
#GCMRL#  556 dt  11.200000 rms  0.433  0.028% neg 0  invalid 762 tFOTS 0.0000 tGradient 1.0820 tsec 1.2750
#GCMRL#  557 dt  11.200000 rms  0.433  0.020% neg 0  invalid 762 tFOTS 0.0000 tGradient 1.1030 tsec 1.2980
#GCMRL#  558 dt  11.200000 rms  0.433  0.023% neg 0  invalid 762 tFOTS 0.0000 tGradient 1.0600 tsec 1.2530
#GCMRL#  559 dt  11.200000 rms  0.433  0.024% neg 0  invalid 762 tFOTS 0.0000 tGradient 1.0770 tsec 1.2670
setting smoothness cost coefficient to 0.400

#GCAMreg# pass 0 level1 2 level2 0 tsec 0 sigma 2
l_jacobian=1.00 l_label=1.00 l_log_likelihood=0.20 l_smoothness=0.40 
tol=2.50e-01, dt=5.00e-02, exp_k=20.0, momentum=0.90, levels=6, niter=500, lbl_dist=10.00, avgs=4, sigma=2.0,type=2, relabel=0, neg=yes

blurring input image with Gaussian with sigma=2.000...
GCAMRegisterLevel(): init RMS 0.439262
#GCMRL#  561 dt   0.000000 rms  0.439  0.137% neg 0  invalid 762 tFOTS 2.7810 tGradient 1.0250 tsec 4.0040

#GCAMreg# pass 0 level1 2 level2 1 tsec 16.158 sigma 0.5
l_jacobian=1.00 l_label=1.00 l_log_likelihood=0.20 l_smoothness=0.40 
tol=2.50e-01, dt=5.00e-02, exp_k=20.0, momentum=0.90, levels=6, niter=500, lbl_dist=10.00, avgs=4, sigma=0.5,type=2, relabel=0, neg=yes

blurring input image with Gaussian with sigma=0.500...
GCAMRegisterLevel(): init RMS 0.439262
#FOTS# QuadFit found better minimum quadopt=(dt=1.008,rms=0.438634) vs oldopt=(dt=0.72,rms=0.438638)
#GCMRL#  563 dt   1.008000 rms  0.439  0.143% neg 0  invalid 762 tFOTS 2.9260 tGradient 0.9910 tsec 4.1430
#FOTS# QuadFit found better minimum quadopt=(dt=0.864,rms=0.43862) vs oldopt=(dt=0.72,rms=0.438621)
#GCMRL#  564 dt   0.864000 rms  0.439  0.000% neg 0  invalid 762 tFOTS 2.8380 tGradient 1.0040 tsec 4.0510
#GCMRL#  565 dt   0.864000 rms  0.439  0.001% neg 0  invalid 762 tFOTS 0.0000 tGradient 1.0340 tsec 1.2200
setting smoothness cost coefficient to 1.000

#GCAMreg# pass 0 level1 1 level2 0 tsec 0 sigma 2
l_jacobian=1.00 l_label=1.00 l_log_likelihood=0.20 l_smoothness=1.00 
tol=2.50e-01, dt=5.00e-02, exp_k=20.0, momentum=0.90, levels=6, niter=500, lbl_dist=10.00, avgs=1, sigma=2.0,type=2, relabel=0, neg=yes

blurring input image with Gaussian with sigma=2.000...
GCAMRegisterLevel(): init RMS 0.450072
#FOTS# QuadFit found better minimum quadopt=(dt=1.024,rms=0.448888) vs oldopt=(dt=1.28,rms=0.448947)
#GCMRL#  567 dt   1.024000 rms  0.449  0.263% neg 0  invalid 762 tFOTS 2.8780 tGradient 0.9580 tsec 4.0310
#FOTS# QuadFit found better minimum quadopt=(dt=0.256,rms=0.448859) vs oldopt=(dt=0.32,rms=0.448859)
#GCMRL#  568 dt   0.256000 rms  0.449  0.000% neg 0  invalid 762 tFOTS 2.9150 tGradient 0.9050 tsec 4.0420

#GCAMreg# pass 0 level1 1 level2 1 tsec 17.301 sigma 0.5
l_jacobian=1.00 l_label=1.00 l_log_likelihood=0.20 l_smoothness=1.00 
tol=2.50e-01, dt=5.00e-02, exp_k=20.0, momentum=0.90, levels=6, niter=500, lbl_dist=10.00, avgs=1, sigma=0.5,type=2, relabel=0, neg=yes

blurring input image with Gaussian with sigma=0.500...
GCAMRegisterLevel(): init RMS 0.449459
#FOTS# QuadFit found better minimum quadopt=(dt=1.536,rms=0.4482) vs oldopt=(dt=1.28,rms=0.448205)
#GCMRL#  570 dt   1.536000 rms  0.448  0.280% neg 0  invalid 762 tFOTS 2.8940 tGradient 0.9030 tsec 4.0020
#FOTS# QuadFit found better minimum quadopt=(dt=0.384,rms=0.448175) vs oldopt=(dt=0.32,rms=0.448175)
#GCMRL#  571 dt   0.384000 rms  0.448  0.000% neg 0  invalid 762 tFOTS 3.0370 tGradient 0.9220 tsec 4.1780
resetting metric properties...
setting smoothness cost coefficient to 2.000

#GCAMreg# pass 0 level1 0 level2 0 tsec 0 sigma 2
l_jacobian=1.00 l_label=1.00 l_log_likelihood=0.20 l_smoothness=2.00 
tol=2.50e-01, dt=5.00e-02, exp_k=20.0, momentum=0.90, levels=6, niter=500, lbl_dist=10.00, avgs=0, sigma=2.0,type=2, relabel=0, neg=yes

blurring input image with Gaussian with sigma=2.000...
GCAMRegisterLevel(): init RMS 0.438695
#FOTS# QuadFit found better minimum quadopt=(dt=2.11066,rms=0.413769) vs oldopt=(dt=1.28,rms=0.417685)
iter 0, gcam->neg = 549
after 15 iterations, nbhd size=1, neg = 0
#GCMRL#  573 dt   2.110656 rms  0.415  5.406% neg 0  invalid 762 tFOTS 2.9750 tGradient 0.5300 tsec 7.6350
#FOTS# QuadFit found better minimum quadopt=(dt=0.064,rms=0.41483) vs oldopt=(dt=0.08,rms=0.414838)
#GCMRL#  574 dt   0.064000 rms  0.415  0.000% neg 0  invalid 762 tFOTS 2.9500 tGradient 0.4990 tsec 3.6780

#GCAMreg# pass 0 level1 0 level2 1 tsec 20.042 sigma 0.5
l_jacobian=1.00 l_label=1.00 l_log_likelihood=0.20 l_smoothness=2.00 
tol=2.50e-01, dt=5.00e-02, exp_k=20.0, momentum=0.90, levels=6, niter=500, lbl_dist=10.00, avgs=0, sigma=0.5,type=2, relabel=0, neg=yes

blurring input image with Gaussian with sigma=0.500...
GCAMRegisterLevel(): init RMS 0.415536
#FOTS# QuadFit found better minimum quadopt=(dt=0.048,rms=0.414739) vs oldopt=(dt=0.08,rms=0.414757)
#GCMRL#  576 dt   0.048000 rms  0.415  0.192% neg 0  invalid 762 tFOTS 3.0320 tGradient 0.5160 tsec 3.7630
#FOTS# QuadFit found better minimum quadopt=(dt=0.007,rms=0.414735) vs oldopt=(dt=0.005,rms=0.414735)
#GCMRL#  577 dt   0.007000 rms  0.415  0.000% neg 0  invalid 762 tFOTS 2.9880 tGradient 0.5100 tsec 3.7250
label assignment complete, 0 changed (0.00%)
GCAMregister done in 4.4464 min
Starting GCAMcomputeMaxPriorLabels()
Morphing with label term set to 0 *******************************
Starting GCAMregister()
label assignment complete, 0 changed (0.00%)
npasses = 1, nlevels = 6
#pass# 1 of 1 ************************
enabling zero nodes
setting smoothness cost coefficient to 0.008

#GCAMreg# pass 0 level1 5 level2 0 tsec 0 sigma 2
l_jacobian=1.00 l_log_likelihood=0.20 l_smoothness=0.01 
tol=2.50e-01, dt=5.00e-02, exp_k=20.0, momentum=0.90, levels=6, niter=500, lbl_dist=10.00, avgs=256, sigma=2.0,type=2, relabel=0, neg=yes

blurring input image with Gaussian with sigma=2.000...
GCAMRegisterLevel(): init RMS 0.402459

#GCAMreg# pass 0 level1 5 level2 1 tsec 10.715 sigma 0.5
l_jacobian=1.00 l_log_likelihood=0.20 l_smoothness=0.01 
tol=2.50e-01, dt=5.00e-02, exp_k=20.0, momentum=0.90, levels=6, niter=500, lbl_dist=10.00, avgs=256, sigma=0.5,type=2, relabel=0, neg=yes

blurring input image with Gaussian with sigma=0.500...
GCAMRegisterLevel(): init RMS 0.402459
#FOTS# QuadFit found better minimum quadopt=(dt=-0.015625,rms=0.402459) vs oldopt=(dt=0.0036125,rms=0.402459)
#GCMRL#  580 dt  -0.015625 rms  0.402  0.000% neg 0  invalid 762 tFOTS 3.4430 tGradient 1.6100 tsec 5.2480
setting smoothness cost coefficient to 0.031

#GCAMreg# pass 0 level1 4 level2 0 tsec 0 sigma 2
l_jacobian=1.00 l_log_likelihood=0.20 l_smoothness=0.03 
tol=2.50e-01, dt=5.00e-02, exp_k=20.0, momentum=0.90, levels=6, niter=500, lbl_dist=10.00, avgs=64, sigma=2.0,type=2, relabel=0, neg=yes

blurring input image with Gaussian with sigma=2.000...
GCAMRegisterLevel(): init RMS 0.402611

#GCAMreg# pass 0 level1 4 level2 1 tsec 10.083 sigma 0.5
l_jacobian=1.00 l_log_likelihood=0.20 l_smoothness=0.03 
tol=2.50e-01, dt=5.00e-02, exp_k=20.0, momentum=0.90, levels=6, niter=500, lbl_dist=10.00, avgs=64, sigma=0.5,type=2, relabel=0, neg=yes

blurring input image with Gaussian with sigma=0.500...
GCAMRegisterLevel(): init RMS 0.402611
#FOTS# QuadFit found better minimum quadopt=(dt=31.104,rms=0.402535) vs oldopt=(dt=25.92,rms=0.402536)
#GCMRL#  583 dt  31.104000 rms  0.403  0.019% neg 0  invalid 762 tFOTS 2.5620 tGradient 1.1300 tsec 3.8880
#FOTS# QuadFit found better minimum quadopt=(dt=36.288,rms=0.40249) vs oldopt=(dt=25.92,rms=0.402498)
#GCMRL#  584 dt  36.288000 rms  0.402  0.000% neg 0  invalid 762 tFOTS 2.7020 tGradient 1.1340 tsec 4.0470
#GCMRL#  585 dt  36.288000 rms  0.402  0.013% neg 0  invalid 762 tFOTS 0.0000 tGradient 1.1130 tsec 1.2910
#GCMRL#  586 dt  36.288000 rms  0.402  0.018% neg 0  invalid 762 tFOTS 0.0000 tGradient 1.1210 tsec 1.3010
#GCMRL#  587 dt  36.288000 rms  0.402  0.014% neg 0  invalid 762 tFOTS 0.0000 tGradient 1.1400 tsec 1.3220
setting smoothness cost coefficient to 0.118

#GCAMreg# pass 0 level1 3 level2 0 tsec 0 sigma 2
l_jacobian=1.00 l_log_likelihood=0.20 l_smoothness=0.12 
tol=2.50e-01, dt=5.00e-02, exp_k=20.0, momentum=0.90, levels=6, niter=500, lbl_dist=10.00, avgs=16, sigma=2.0,type=2, relabel=0, neg=yes

blurring input image with Gaussian with sigma=2.000...
GCAMRegisterLevel(): init RMS 0.40286
#GCMRL#  589 dt   8.000000 rms  0.403  0.033% neg 0  invalid 762 tFOTS 2.6960 tGradient 0.9180 tsec 3.8090
#FOTS# QuadFit found better minimum quadopt=(dt=4.8,rms=0.402697) vs oldopt=(dt=8,rms=0.402704)
#GCMRL#  590 dt   4.800000 rms  0.403  0.000% neg 0  invalid 762 tFOTS 2.6920 tGradient 0.9170 tsec 3.8190
#GCMRL#  591 dt   4.800000 rms  0.403  0.003% neg 0  invalid 762 tFOTS 0.0000 tGradient 0.9100 tsec 1.0850

#GCAMreg# pass 0 level1 3 level2 1 tsec 15.905 sigma 0.5
l_jacobian=1.00 l_log_likelihood=0.20 l_smoothness=0.12 
tol=2.50e-01, dt=5.00e-02, exp_k=20.0, momentum=0.90, levels=6, niter=500, lbl_dist=10.00, avgs=16, sigma=0.5,type=2, relabel=0, neg=yes

blurring input image with Gaussian with sigma=0.500...
GCAMRegisterLevel(): init RMS 0.402683
#FOTS# QuadFit found better minimum quadopt=(dt=44.8,rms=0.400419) vs oldopt=(dt=32,rms=0.400665)
iter 0, gcam->neg = 3
after 10 iterations, nbhd size=1, neg = 0
#GCMRL#  593 dt  44.800000 rms  0.400  0.561% neg 0  invalid 762 tFOTS 2.7420 tGradient 0.9110 tsec 6.5620
#FOTS# QuadFit found better minimum quadopt=(dt=25.6,rms=0.399591) vs oldopt=(dt=32,rms=0.399668)
#GCMRL#  594 dt  25.600000 rms  0.400  0.000% neg 0  invalid 762 tFOTS 2.7190 tGradient 0.8910 tsec 3.8260
#GCMRL#  595 dt  25.600000 rms  0.399  0.134% neg 0  invalid 762 tFOTS 0.0000 tGradient 0.8930 tsec 1.1170
iter 0, gcam->neg = 2
after 2 iterations, nbhd size=0, neg = 0
#GCMRL#  596 dt  25.600000 rms  0.398  0.181% neg 0  invalid 762 tFOTS 0.0000 tGradient 0.9430 tsec 2.0260
iter 0, gcam->neg = 4
after 3 iterations, nbhd size=0, neg = 0
#GCMRL#  597 dt  25.600000 rms  0.397  0.244% neg 0  invalid 762 tFOTS 0.0000 tGradient 0.9200 tsec 2.2140
iter 0, gcam->neg = 4
after 1 iterations, nbhd size=0, neg = 0
#GCMRL#  598 dt  25.600000 rms  0.397  0.193% neg 0  invalid 762 tFOTS 0.0000 tGradient 0.9300 tsec 1.7890
iter 0, gcam->neg = 11
after 12 iterations, nbhd size=1, neg = 0
#GCMRL#  599 dt  25.600000 rms  0.396  0.184% neg 0  invalid 762 tFOTS 0.0000 tGradient 0.9220 tsec 4.2770
iter 0, gcam->neg = 7
after 8 iterations, nbhd size=1, neg = 0
#GCMRL#  600 dt  25.600000 rms  0.395  0.156% neg 0  invalid 762 tFOTS 0.0000 tGradient 0.9460 tsec 3.3720
iter 0, gcam->neg = 2
after 2 iterations, nbhd size=0, neg = 0
#GCMRL#  601 dt  25.600000 rms  0.395  0.138% neg 0  invalid 762 tFOTS 0.0000 tGradient 0.9220 tsec 2.0170
iter 0, gcam->neg = 6
after 9 iterations, nbhd size=1, neg = 0
#GCMRL#  602 dt  25.600000 rms  0.394  0.121% neg 0  invalid 762 tFOTS 0.0000 tGradient 0.9180 tsec 3.5680
iter 0, gcam->neg = 10
after 9 iterations, nbhd size=1, neg = 0
#GCMRL#  603 dt  25.600000 rms  0.394  0.082% neg 0  invalid 762 tFOTS 0.0000 tGradient 0.9060 tsec 3.5380
iter 0, gcam->neg = 1
after 0 iterations, nbhd size=0, neg = 0
#GCMRL#  604 dt  32.000000 rms  0.394  0.000% neg 0  invalid 762 tFOTS 2.6090 tGradient 0.9150 tsec 4.1100
#GCMRL#  605 dt  32.000000 rms  0.394  0.022% neg 0  invalid 762 tFOTS 0.0000 tGradient 0.9190 tsec 1.0980
#GCMRL#  606 dt  32.000000 rms  0.394  0.027% neg 0  invalid 762 tFOTS 0.0000 tGradient 0.9130 tsec 1.1010
#GCMRL#  607 dt  32.000000 rms  0.393  0.030% neg 0  invalid 762 tFOTS 0.0000 tGradient 0.9030 tsec 1.0850
iter 0, gcam->neg = 1
after 0 iterations, nbhd size=0, neg = 0
#GCMRL#  608 dt  32.000000 rms  0.393  0.017% neg 0  invalid 762 tFOTS 0.0000 tGradient 0.9120 tsec 1.5310
iter 0, gcam->neg = 3
after 7 iterations, nbhd size=1, neg = 0
#GCMRL#  609 dt  32.000000 rms  0.393  0.022% neg 0  invalid 762 tFOTS 0.0000 tGradient 0.9240 tsec 3.0100
iter 0, gcam->neg = 1
after 2 iterations, nbhd size=0, neg = 0
setting smoothness cost coefficient to 0.400

#GCAMreg# pass 0 level1 2 level2 0 tsec 0 sigma 2
l_jacobian=1.00 l_log_likelihood=0.20 l_smoothness=0.40 
tol=2.50e-01, dt=5.00e-02, exp_k=20.0, momentum=0.90, levels=6, niter=500, lbl_dist=10.00, avgs=4, sigma=2.0,type=2, relabel=0, neg=yes

blurring input image with Gaussian with sigma=2.000...
GCAMRegisterLevel(): init RMS 0.397221
#FOTS# QuadFit found better minimum quadopt=(dt=0.000140625,rms=0.397221) vs oldopt=(dt=0.000175781,rms=0.397221)
#GCMRL#  611 dt   0.000141 rms  0.397  0.000% neg 0  invalid 762 tFOTS 3.2690 tGradient 0.8060 tsec 4.2750

#GCAMreg# pass 0 level1 2 level2 1 tsec 13.966 sigma 0.5
l_jacobian=1.00 l_log_likelihood=0.20 l_smoothness=0.40 
tol=2.50e-01, dt=5.00e-02, exp_k=20.0, momentum=0.90, levels=6, niter=500, lbl_dist=10.00, avgs=4, sigma=0.5,type=2, relabel=0, neg=yes

blurring input image with Gaussian with sigma=0.500...
GCAMRegisterLevel(): init RMS 0.397221
#FOTS# QuadFit found better minimum quadopt=(dt=5.6,rms=0.397099) vs oldopt=(dt=2.88,rms=0.397118)
#GCMRL#  613 dt   5.600000 rms  0.397  0.031% neg 0  invalid 762 tFOTS 2.6580 tGradient 0.7800 tsec 3.6280
#FOTS# QuadFit found better minimum quadopt=(dt=10,rms=0.397005) vs oldopt=(dt=2.88,rms=0.397026)
#GCMRL#  614 dt  10.000000 rms  0.397  0.000% neg 0  invalid 762 tFOTS 2.6860 tGradient 0.7590 tsec 3.6550
iter 0, gcam->neg = 1
after 0 iterations, nbhd size=0, neg = 0
#GCMRL#  615 dt  10.000000 rms  0.397  0.066% neg 0  invalid 762 tFOTS 0.0000 tGradient 0.7620 tsec 1.3900
iter 0, gcam->neg = 6
after 6 iterations, nbhd size=0, neg = 0
#GCMRL#  616 dt  10.000000 rms  0.396  0.070% neg 0  invalid 762 tFOTS 0.0000 tGradient 0.7590 tsec 2.6620
iter 0, gcam->neg = 4
after 7 iterations, nbhd size=0, neg = 0
#GCMRL#  617 dt  10.000000 rms  0.396  0.091% neg 0  invalid 762 tFOTS 0.0000 tGradient 0.7630 tsec 2.9570
iter 0, gcam->neg = 10
after 9 iterations, nbhd size=1, neg = 0
#GCMRL#  618 dt  10.000000 rms  0.396  0.138% neg 0  invalid 762 tFOTS 0.0000 tGradient 0.7710 tsec 3.3630
iter 0, gcam->neg = 10
after 12 iterations, nbhd size=1, neg = 0
#GCMRL#  619 dt  10.000000 rms  0.395  0.209% neg 0  invalid 762 tFOTS 0.0000 tGradient 0.7660 tsec 4.0130
iter 0, gcam->neg = 18
after 15 iterations, nbhd size=1, neg = 0
#GCMRL#  620 dt  10.000000 rms  0.394  0.185% neg 0  invalid 762 tFOTS 0.0000 tGradient 0.7720 tsec 4.6730
iter 0, gcam->neg = 31
after 12 iterations, nbhd size=1, neg = 0
#GCMRL#  621 dt  10.000000 rms  0.394  0.127% neg 0  invalid 762 tFOTS 0.0000 tGradient 0.7640 tsec 4.0170
iter 0, gcam->neg = 41
after 14 iterations, nbhd size=1, neg = 0
#GCMRL#  622 dt  10.000000 rms  0.394 -0.023% neg 0  invalid 762 tFOTS 0.0000 tGradient 0.7760 tsec 4.5800
#FOTS# QuadFit found better minimum quadopt=(dt=0.0016875,rms=0.393501) vs oldopt=(dt=0.0028125,rms=0.393501)
#GCMRL#  623 dt   0.001688 rms  0.394  0.000% neg 0  invalid 762 tFOTS 2.6770 tGradient 0.7840 tsec 3.6600
#FOTS# QuadFit found better minimum quadopt=(dt=0.000135,rms=0.393501) vs oldopt=(dt=0.0001125,rms=0.393501)
setting smoothness cost coefficient to 1.000

#GCAMreg# pass 0 level1 1 level2 0 tsec 0 sigma 2
l_jacobian=1.00 l_log_likelihood=0.20 l_smoothness=1.00 
tol=2.50e-01, dt=5.00e-02, exp_k=20.0, momentum=0.90, levels=6, niter=500, lbl_dist=10.00, avgs=1, sigma=2.0,type=2, relabel=0, neg=yes

blurring input image with Gaussian with sigma=2.000...
GCAMRegisterLevel(): init RMS 0.400111

#GCAMreg# pass 0 level1 1 level2 1 tsec 9.59 sigma 0.5
l_jacobian=1.00 l_log_likelihood=0.20 l_smoothness=1.00 
tol=2.50e-01, dt=5.00e-02, exp_k=20.0, momentum=0.90, levels=6, niter=500, lbl_dist=10.00, avgs=1, sigma=0.5,type=2, relabel=0, neg=yes

blurring input image with Gaussian with sigma=0.500...
GCAMRegisterLevel(): init RMS 0.400111
resetting metric properties...
setting smoothness cost coefficient to 2.000

#GCAMreg# pass 0 level1 0 level2 0 tsec 0 sigma 2
l_jacobian=1.00 l_log_likelihood=0.20 l_smoothness=2.00 
tol=2.50e-01, dt=5.00e-02, exp_k=20.0, momentum=0.90, levels=6, niter=500, lbl_dist=10.00, avgs=0, sigma=2.0,type=2, relabel=0, neg=yes

blurring input image with Gaussian with sigma=2.000...
GCAMRegisterLevel(): init RMS 0.389033
#FOTS# QuadFit found better minimum quadopt=(dt=1.04342,rms=0.381713) vs oldopt=(dt=1.28,rms=0.382086)
iter 0, gcam->neg = 548
after 13 iterations, nbhd size=1, neg = 0
#GCMRL#  627 dt   1.043417 rms  0.383  1.632% neg 0  invalid 762 tFOTS 2.7100 tGradient 0.1840 tsec 6.4160
#FOTS# QuadFit found better minimum quadopt=(dt=2.73438e-05,rms=0.382684) vs oldopt=(dt=1.95313e-05,rms=0.382684)
#GCMRL#  628 dt   0.000027 rms  0.383  0.000% neg 0  invalid 762 tFOTS 3.4270 tGradient 0.1830 tsec 3.8240

#GCAMreg# pass 0 level1 0 level2 1 tsec 16.78 sigma 0.5
l_jacobian=1.00 l_log_likelihood=0.20 l_smoothness=2.00 
tol=2.50e-01, dt=5.00e-02, exp_k=20.0, momentum=0.90, levels=6, niter=500, lbl_dist=10.00, avgs=0, sigma=0.5,type=2, relabel=0, neg=yes

blurring input image with Gaussian with sigma=0.500...
GCAMRegisterLevel(): init RMS 0.382684
#FOTS# QuadFit found better minimum quadopt=(dt=0.096,rms=0.382552) vs oldopt=(dt=0.08,rms=0.382555)
#GCMRL#  630 dt   0.096000 rms  0.383  0.034% neg 0  invalid 762 tFOTS 2.7410 tGradient 0.1780 tsec 3.1130
#GCMRL#  631 dt   0.080000 rms  0.382  0.000% neg 0  invalid 762 tFOTS 2.7150 tGradient 0.1790 tsec 3.1030
#GCMRL#  632 dt   0.080000 rms  0.382  0.010% neg 0  invalid 762 tFOTS 0.0000 tGradient 0.1810 tsec 0.3660
GCAMregister done in 3.4523 min
writing output transformation to transforms/talairach.m3z...
GCAMwrite
Calls to gcamLogLikelihoodEnergy 4597 tmin = 1.20432
Calls to gcamLabelEnergy         4048 tmin = 0.736467
Calls to gcamJacobianEnergy      4597 tmin = 0.559783
Calls to gcamSmoothnessEnergy    4597 tmin = 3.14172
Calls to gcamLogLikelihoodTerm 634 tmin = 0.405
Calls to gcamLabelTerm         579 tmin = 3.55573
Calls to gcamJacobianTerm      634 tmin = 0.610367
Calls to gcamSmoothnessTerm    634 tmin = 0.301767
Calls to gcamComputeGradient    634 tmin = 13.3151
Calls to gcamComputeMetricProperties    6412 tmin = 1.46953
mri_ca_register took 0 hours, 31 minutes and 55 seconds.
#VMPC# mri_ca_register VmPeak  3122672
FSRUNTIME@ mri_ca_register  0.5320 hours 16 threads
#--------------------------------------
#@# SubCort Seg Sun Mar 15 11:59:28 CET 2026

 mri_ca_label -relabel_unlikely 9 .3 -prior 0.5 -align norm.mgz transforms/talairach.m3z /opt/freesurfer/average/RB_all_2020-01-02.gca aseg.auto_noCCseg.mgz 

sysname  Linux
hostname dna078
machine  x86_64

setenv SUBJECTS_DIR /out/sourcedata/freesurfer
cd /out/sourcedata/freesurfer/sub-v2s10x29004_ses-1/mri
mri_ca_label -relabel_unlikely 9 .3 -prior 0.5 -align norm.mgz transforms/talairach.m3z /opt/freesurfer/average/RB_all_2020-01-02.gca aseg.auto_noCCseg.mgz 

relabeling unlikely voxels with window_size = 9 and prior threshold 0.30
using Gibbs prior factor = 0.500
renormalizing sequences with structure alignment, equivalent to:
	-renormalize
	-renormalize_mean 0.500
	-regularize 0.500

== Number of threads available to for OpenMP = 16 == 
reading 1 input volumes
reading classifier array from /opt/freesurfer/average/RB_all_2020-01-02.gca
reading input volume from norm.mgz
average std[0] = 7.2
reading transform from transforms/talairach.m3z
setting orig areas to linear transform determinant scaled 5.67
Atlas used for the 3D morph was /opt/freesurfer/average/RB_all_2020-01-02.gca
average std = 7.2   using min determinant for regularization = 5.2
0 singular and 0 ill-conditioned covariance matrices regularized
labeling volume...
renormalizing by structure alignment....
renormalizing input #0
gca peak = 0.15521 (20)
mri peak = 0.13150 (22)
Left_Lateral_Ventricle (4): linear fit = 1.10 x + 0.0 (322 voxels, overlap=0.561)
Left_Lateral_Ventricle (4): linear fit = 1.10 x + 0.0 (322 voxels, peak = 22), gca=21.9
gca peak = 0.20380 (13)
mri peak = 0.12195 (24)
Right_Lateral_Ventricle (43): linear fit = 1.62 x + 0.0 (211 voxels, overlap=0.184)
Right_Lateral_Ventricle (43): linear fit = 1.50 x + 0.0 (211 voxels, peak = 21), gca=19.5
gca peak = 0.26283 (96)
mri peak = 0.19370 (94)
Right_Pallidum (52): linear fit = 0.99 x + 0.0 (631 voxels, overlap=0.990)
Right_Pallidum (52): linear fit = 0.99 x + 0.0 (631 voxels, peak = 95), gca=94.6
gca peak = 0.15814 (97)
mri peak = 0.20564 (96)
Left_Pallidum (13): linear fit = 1.00 x + 0.0 (653 voxels, overlap=0.947)
Left_Pallidum (13): linear fit = 1.00 x + 0.0 (653 voxels, peak = 97), gca=96.5
gca peak = 0.27624 (56)
mri peak = 0.17446 (67)
Right_Hippocampus (53): linear fit = 1.17 x + 0.0 (954 voxels, overlap=0.014)
Right_Hippocampus (53): linear fit = 1.17 x + 0.0 (954 voxels, peak = 66), gca=65.8
gca peak = 0.28723 (59)
mri peak = 0.15732 (68)
Left_Hippocampus (17): linear fit = 1.17 x + 0.0 (903 voxels, overlap=0.017)
Left_Hippocampus (17): linear fit = 1.17 x + 0.0 (903 voxels, peak = 69), gca=69.3
gca peak = 0.07623 (103)
mri peak = 0.15864 (108)
Right_Cerebral_White_Matter (41): linear fit = 1.04 x + 0.0 (32808 voxels, overlap=0.460)
Right_Cerebral_White_Matter (41): linear fit = 1.04 x + 0.0 (32808 voxels, peak = 108), gca=107.6
gca peak = 0.07837 (105)
mri peak = 0.15204 (110)
Left_Cerebral_White_Matter (2): linear fit = 1.04 x + 0.0 (30376 voxels, overlap=0.294)
Left_Cerebral_White_Matter (2): linear fit = 1.04 x + 0.0 (30376 voxels, peak = 110), gca=109.7
gca peak = 0.10165 (58)
mri peak = 0.05160 (64)
Left_Cerebral_Cortex (3): linear fit = 1.12 x + 0.0 (40289 voxels, overlap=0.803)
Left_Cerebral_Cortex (3): linear fit = 1.12 x + 0.0 (40289 voxels, peak = 65), gca=64.7
gca peak = 0.11113 (58)
mri peak = 0.05514 (65)
Right_Cerebral_Cortex (42): linear fit = 1.10 x + 0.0 (38069 voxels, overlap=0.812)
Right_Cerebral_Cortex (42): linear fit = 1.10 x + 0.0 (38069 voxels, peak = 64), gca=63.5
gca peak = 0.27796 (67)
mri peak = 0.20645 (83)
Right_Caudate (50): linear fit = 1.21 x + 0.0 (775 voxels, overlap=0.015)
Right_Caudate (50): linear fit = 1.21 x + 0.0 (775 voxels, peak = 81), gca=80.7
gca peak = 0.14473 (69)
mri peak = 0.24880 (83)
Left_Caudate (11): linear fit = 1.07 x + 0.0 (836 voxels, overlap=0.234)
Left_Caudate (11): linear fit = 1.07 x + 0.0 (836 voxels, peak = 73), gca=73.5
gca peak = 0.14301 (56)
mri peak = 0.06434 (62)
Left_Cerebellum_Cortex (8): linear fit = 1.12 x + 0.0 (27900 voxels, overlap=0.807)
Left_Cerebellum_Cortex (8): linear fit = 1.12 x + 0.0 (27900 voxels, peak = 62), gca=62.4
gca peak = 0.14610 (55)
mri peak = 0.07736 (64)
Right_Cerebellum_Cortex (47): linear fit = 1.13 x + 0.0 (27061 voxels, overlap=0.637)
Right_Cerebellum_Cortex (47): linear fit = 1.13 x + 0.0 (27061 voxels, peak = 62), gca=62.4
gca peak = 0.16309 (85)
mri peak = 0.19838 (89)
Left_Cerebellum_White_Matter (7): linear fit = 1.04 x + 0.0 (5691 voxels, overlap=0.426)
Left_Cerebellum_White_Matter (7): linear fit = 1.04 x + 0.0 (5691 voxels, peak = 89), gca=88.8
gca peak = 0.15172 (84)
mri peak = 0.23648 (88)
Right_Cerebellum_White_Matter (46): linear fit = 1.03 x + 0.0 (6102 voxels, overlap=0.504)
Right_Cerebellum_White_Matter (46): linear fit = 1.03 x + 0.0 (6102 voxels, peak = 87), gca=86.9
gca peak = 0.30461 (58)
mri peak = 0.13400 (70)
Left_Amygdala (18): linear fit = 1.22 x + 0.0 (500 voxels, overlap=0.045)
Left_Amygdala (18): linear fit = 1.22 x + 0.0 (500 voxels, peak = 70), gca=70.5
gca peak = 0.32293 (57)
mri peak = 0.15152 (71)
Right_Amygdala (54): linear fit = 1.23 x + 0.0 (495 voxels, overlap=0.036)
Right_Amygdala (54): linear fit = 1.23 x + 0.0 (495 voxels, peak = 70), gca=69.8
gca peak = 0.11083 (90)
mri peak = 0.06792 (88)
Left_Thalamus (10): linear fit = 1.02 x + 0.0 (4584 voxels, overlap=0.955)
Left_Thalamus (10): linear fit = 1.02 x + 0.0 (4584 voxels, peak = 92), gca=92.2
gca peak = 0.11393 (83)
mri peak = 0.08721 (87)
Right_Thalamus (49): linear fit = 1.04 x + 0.0 (4522 voxels, overlap=0.945)
Right_Thalamus (49): linear fit = 1.04 x + 0.0 (4522 voxels, peak = 87), gca=86.7
gca peak = 0.08575 (81)
mri peak = 0.12548 (88)
Left_Putamen (12): linear fit = 1.12 x + 0.0 (1708 voxels, overlap=0.152)
Left_Putamen (12): linear fit = 1.12 x + 0.0 (1708 voxels, peak = 90), gca=90.3
gca peak = 0.08618 (78)
mri peak = 0.16222 (88)
Right_Putamen (51): linear fit = 1.09 x + 0.0 (1870 voxels, overlap=0.329)
Right_Putamen (51): linear fit = 1.09 x + 0.0 (1870 voxels, peak = 85), gca=84.6
gca peak = 0.08005 (78)
mri peak = 0.11986 (88)
Brain_Stem (16): linear fit = 1.07 x + 0.0 (10772 voxels, overlap=0.491)
Brain_Stem (16): linear fit = 1.07 x + 0.0 (10772 voxels, peak = 83), gca=83.1
gca peak = 0.12854 (88)
mri peak = 0.11812 (94)
Right_VentralDC (60): linear fit = 1.05 x + 0.0 (1433 voxels, overlap=0.780)
Right_VentralDC (60): linear fit = 1.05 x + 0.0 (1433 voxels, peak = 93), gca=92.8
gca peak = 0.15703 (87)
mri peak = 0.08932 (91)
Left_VentralDC (28): linear fit = 1.07 x + 0.0 (1430 voxels, overlap=0.789)
Left_VentralDC (28): linear fit = 1.07 x + 0.0 (1430 voxels, peak = 93), gca=92.7
gca peak = 0.17522 (25)
mri peak = 0.42857 (26)
gca peak = 0.17113 (14)
mri peak = 0.30880 (22)
Fourth_Ventricle (15): linear fit = 1.47 x + 0.0 (135 voxels, overlap=0.166)
Fourth_Ventricle (15): linear fit = 1.47 x + 0.0 (135 voxels, peak = 21), gca=20.5
gca peak Unknown = 0.94777 ( 0)
gca peak Left_Inf_Lat_Vent = 0.16627 (28)
gca peak Third_Ventricle = 0.17522 (25)
gca peak CSF = 0.20346 (36)
gca peak Left_Accumbens_area = 0.70646 (62)
gca peak Left_undetermined = 1.00000 (28)
gca peak Left_vessel = 0.89917 (53)
gca peak Left_choroid_plexus = 0.11689 (35)
gca peak Right_Inf_Lat_Vent = 0.25504 (23)
gca peak Right_Accumbens_area = 0.31650 (65)
gca peak Right_vessel = 0.77268 (52)
gca peak Right_choroid_plexus = 0.13275 (38)
gca peak Fifth_Ventricle = 0.60973 (33)
gca peak WM_hypointensities = 0.11013 (77)
gca peak non_WM_hypointensities = 0.11354 (41)
gca peak Optic_Chiasm = 0.51646 (76)
not using caudate to estimate GM means
estimating mean gm scale to be 1.17 x + 0.0
estimating mean wm scale to be 1.04 x + 0.0
estimating mean csf scale to be 1.35 x + 0.0
saving intensity scales to aseg.auto_noCCseg.label_intensities.txt
renormalizing by structure alignment....
renormalizing input #0
gca peak = 0.15101 (22)
mri peak = 0.13150 (22)
Left_Lateral_Ventricle (4): linear fit = 1.02 x + 0.0 (322 voxels, overlap=0.655)
Left_Lateral_Ventricle (4): linear fit = 1.02 x + 0.0 (322 voxels, peak = 23), gca=22.5
gca peak = 0.16085 (19)
mri peak = 0.12195 (24)
Right_Lateral_Ventricle (43): linear fit = 1.13 x + 0.0 (211 voxels, overlap=0.466)
Right_Lateral_Ventricle (43): linear fit = 1.13 x + 0.0 (211 voxels, peak = 22), gca=21.6
gca peak = 0.21656 (93)
mri peak = 0.19370 (94)
Right_Pallidum (52): linear fit = 1.00 x + 0.0 (631 voxels, overlap=0.999)
Right_Pallidum (52): linear fit = 1.00 x + 0.0 (631 voxels, peak = 93), gca=93.0
gca peak = 0.16212 (96)
mri peak = 0.20564 (96)
Left_Pallidum (13): linear fit = 1.01 x + 0.0 (653 voxels, overlap=0.927)
Left_Pallidum (13): linear fit = 1.01 x + 0.0 (653 voxels, peak = 97), gca=97.4
gca peak = 0.27036 (65)
mri peak = 0.17446 (67)
Right_Hippocampus (53): linear fit = 1.00 x + 0.0 (954 voxels, overlap=0.963)
Right_Hippocampus (53): linear fit = 1.00 x + 0.0 (954 voxels, peak = 65), gca=65.0
gca peak = 0.25971 (66)
mri peak = 0.15732 (68)
Left_Hippocampus (17): linear fit = 0.99 x + 0.0 (903 voxels, overlap=1.001)
Left_Hippocampus (17): linear fit = 0.99 x + 0.0 (903 voxels, peak = 65), gca=65.0
gca peak = 0.07551 (108)
mri peak = 0.15864 (108)
Right_Cerebral_White_Matter (41): linear fit = 1.00 x + 0.0 (32808 voxels, overlap=0.668)
Right_Cerebral_White_Matter (41): linear fit = 1.00 x + 0.0 (32808 voxels, peak = 108), gca=108.0
gca peak = 0.07449 (109)
mri peak = 0.15204 (110)
Left_Cerebral_White_Matter (2): linear fit = 1.00 x + 0.0 (30376 voxels, overlap=0.545)
Left_Cerebral_White_Matter (2): linear fit = 1.00 x + 0.0 (30376 voxels, peak = 110), gca=109.5
gca peak = 0.08973 (65)
mri peak = 0.05160 (64)
Left_Cerebral_Cortex (3): linear fit = 0.99 x + 0.0 (40289 voxels, overlap=0.975)
Left_Cerebral_Cortex (3): linear fit = 0.99 x + 0.0 (40289 voxels, peak = 64), gca=64.0
gca peak = 0.10308 (64)
mri peak = 0.05514 (65)
Right_Cerebral_Cortex (42): linear fit = 1.02 x + 0.0 (38069 voxels, overlap=0.964)
Right_Cerebral_Cortex (42): linear fit = 1.02 x + 0.0 (38069 voxels, peak = 66), gca=65.6
gca peak = 0.21849 (80)
mri peak = 0.20645 (83)
Right_Caudate (50): linear fit = 1.00 x + 0.0 (775 voxels, overlap=0.998)
Right_Caudate (50): linear fit = 1.00 x + 0.0 (775 voxels, peak = 80), gca=80.0
gca peak = 0.12297 (73)
mri peak = 0.24880 (83)
Left_Caudate (11): linear fit = 1.02 x + 0.0 (836 voxels, overlap=0.591)
Left_Caudate (11): linear fit = 1.02 x + 0.0 (836 voxels, peak = 75), gca=74.8
gca peak = 0.12490 (62)
mri peak = 0.06434 (62)
Left_Cerebellum_Cortex (8): linear fit = 1.00 x + 0.0 (27900 voxels, overlap=0.998)
Left_Cerebellum_Cortex (8): linear fit = 1.00 x + 0.0 (27900 voxels, peak = 62), gca=62.0
gca peak = 0.14075 (63)
mri peak = 0.07736 (64)
Right_Cerebellum_Cortex (47): linear fit = 1.00 x + 0.0 (27061 voxels, overlap=0.990)
Right_Cerebellum_Cortex (47): linear fit = 1.00 x + 0.0 (27061 voxels, peak = 63), gca=63.0
gca peak = 0.15128 (88)
mri peak = 0.19838 (89)
Left_Cerebellum_White_Matter (7): linear fit = 1.01 x + 0.0 (5691 voxels, overlap=0.798)
Left_Cerebellum_White_Matter (7): linear fit = 1.01 x + 0.0 (5691 voxels, peak = 89), gca=89.3
gca peak = 0.14603 (87)
mri peak = 0.23648 (88)
Right_Cerebellum_White_Matter (46): linear fit = 1.01 x + 0.0 (6102 voxels, overlap=0.748)
Right_Cerebellum_White_Matter (46): linear fit = 1.01 x + 0.0 (6102 voxels, peak = 88), gca=88.3
gca peak = 0.27968 (69)
mri peak = 0.13400 (70)
Left_Amygdala (18): linear fit = 1.00 x + 0.0 (500 voxels, overlap=1.007)
Left_Amygdala (18): linear fit = 1.00 x + 0.0 (500 voxels, peak = 69), gca=69.0
gca peak = 0.25134 (70)
mri peak = 0.15152 (71)
Right_Amygdala (54): linear fit = 1.00 x + 0.0 (495 voxels, overlap=0.999)
Right_Amygdala (54): linear fit = 1.00 x + 0.0 (495 voxels, peak = 70), gca=70.0
gca peak = 0.09461 (89)
mri peak = 0.06792 (88)
Left_Thalamus (10): linear fit = 1.00 x + 0.0 (4584 voxels, overlap=0.996)
Left_Thalamus (10): linear fit = 1.00 x + 0.0 (4584 voxels, peak = 89), gca=88.6
gca peak = 0.09538 (86)
mri peak = 0.08721 (87)
Right_Thalamus (49): linear fit = 1.00 x + 0.0 (4522 voxels, overlap=0.981)
Right_Thalamus (49): linear fit = 1.00 x + 0.0 (4522 voxels, peak = 86), gca=86.0
gca peak = 0.08172 (84)
mri peak = 0.12548 (88)
Left_Putamen (12): linear fit = 1.00 x + 0.0 (1708 voxels, overlap=0.634)
Left_Putamen (12): linear fit = 1.00 x + 0.0 (1708 voxels, peak = 84), gca=84.0
gca peak = 0.09420 (82)
mri peak = 0.16222 (88)
Right_Putamen (51): linear fit = 1.02 x + 0.0 (1870 voxels, overlap=0.704)
Right_Putamen (51): linear fit = 1.02 x + 0.0 (1870 voxels, peak = 84), gca=84.0
gca peak = 0.07377 (86)
mri peak = 0.11986 (88)
Brain_Stem (16): linear fit = 1.01 x + 0.0 (10772 voxels, overlap=0.739)
Brain_Stem (16): linear fit = 1.01 x + 0.0 (10772 voxels, peak = 87), gca=87.3
gca peak = 0.11693 (89)
mri peak = 0.11812 (94)
Right_VentralDC (60): linear fit = 1.00 x + 0.0 (1433 voxels, overlap=0.837)
Right_VentralDC (60): linear fit = 1.00 x + 0.0 (1433 voxels, peak = 89), gca=88.6
gca peak = 0.14510 (91)
mri peak = 0.08932 (91)
Left_VentralDC (28): linear fit = 0.99 x + 0.0 (1430 voxels, overlap=0.901)
Left_VentralDC (28): linear fit = 0.99 x + 0.0 (1430 voxels, peak = 90), gca=89.6
gca peak = 0.15694 (36)
mri peak = 0.42857 (26)
gca peak = 0.12908 (21)
mri peak = 0.30880 (22)
Fourth_Ventricle (15): linear fit = 0.89 x + 0.0 (135 voxels, overlap=0.550)
Fourth_Ventricle (15): linear fit = 0.89 x + 0.0 (135 voxels, peak = 19), gca=18.8
gca peak Unknown = 0.94777 ( 0)
gca peak Left_Inf_Lat_Vent = 0.15845 (33)
gca peak Third_Ventricle = 0.15694 (36)
gca peak CSF = 0.18626 (49)
gca peak Left_Accumbens_area = 0.61906 (66)
gca peak Left_undetermined = 1.00000 (28)
gca peak Left_vessel = 0.89837 (53)
gca peak Left_choroid_plexus = 0.10623 (35)
gca peak Right_Inf_Lat_Vent = 0.21842 (27)
gca peak Right_Accumbens_area = 0.29049 (78)
gca peak Right_vessel = 0.77268 (52)
gca peak Right_choroid_plexus = 0.13291 (38)
gca peak Fifth_Ventricle = 0.77755 (43)
gca peak WM_hypointensities = 0.10367 (80)
gca peak non_WM_hypointensities = 0.08220 (43)
gca peak Optic_Chiasm = 0.51841 (76)
not using caudate to estimate GM means
estimating mean gm scale to be 1.00 x + 0.0
estimating mean wm scale to be 1.00 x + 0.0
estimating mean csf scale to be 1.02 x + 0.0
saving intensity scales to aseg.auto_noCCseg.label_intensities.txt
saving sequentially combined intensity scales to aseg.auto_noCCseg.label_intensities.txt
27033 voxels changed in iteration 0 of unlikely voxel relabeling
125 voxels changed in iteration 1 of unlikely voxel relabeling
5 voxels changed in iteration 2 of unlikely voxel relabeling
0 voxels changed in iteration 3 of unlikely voxel relabeling
24799 gm and wm labels changed (%31 to gray, %69 to white out of all changed labels)
327 hippocampal voxels changed.
0 amygdala voxels changed.
Reclassifying using Gibbs Priors
pass 1: 44022 changed. image ll: -2.048, PF=0.500
pass 2: 9670 changed.
pass 3: 3124 changed.
15940 voxels changed in iteration 0 of unlikely voxel relabeling
118 voxels changed in iteration 1 of unlikely voxel relabeling
0 voxels changed in iteration 2 of unlikely voxel relabeling
4385 voxels changed in iteration 0 of unlikely voxel relabeling
30 voxels changed in iteration 1 of unlikely voxel relabeling
0 voxels changed in iteration 2 of unlikely voxel relabeling
4374 voxels changed in iteration 0 of unlikely voxel relabeling
24 voxels changed in iteration 1 of unlikely voxel relabeling
1 voxels changed in iteration 2 of unlikely voxel relabeling
0 voxels changed in iteration 3 of unlikely voxel relabeling
3962 voxels changed in iteration 0 of unlikely voxel relabeling
27 voxels changed in iteration 1 of unlikely voxel relabeling
2 voxels changed in iteration 2 of unlikely voxel relabeling
0 voxels changed in iteration 3 of unlikely voxel relabeling
 !!!!!!!!! ventricle segment 0 with volume 2616 above threshold 100 - not erasing !!!!!!!!!!
 !!!!!!!!! ventricle segment 2 with volume 119 above threshold 100 - not erasing !!!!!!!!!!
 !!!!!!!!! ventricle segment 1 with volume 2438 above threshold 100 - not erasing !!!!!!!!!!
writing labeled volume to aseg.auto_noCCseg.mgz
mri_ca_label utimesec    1183.002674
mri_ca_label stimesec    2.679001
mri_ca_label ru_maxrss   2109492
mri_ca_label ru_ixrss    0
mri_ca_label ru_idrss    0
mri_ca_label ru_isrss    0
mri_ca_label ru_minflt   3044608
mri_ca_label ru_majflt   22
mri_ca_label ru_nswap    0
mri_ca_label ru_inblock  1142
mri_ca_label ru_oublock  592
mri_ca_label ru_msgsnd   0
mri_ca_label ru_msgrcv   0
mri_ca_label ru_nsignals 0
mri_ca_label ru_nvcsw    3998
mri_ca_label ru_nivcsw   869
auto-labeling took 18 minutes and 28 seconds.
#--------------------------------------
#@# CC Seg Sun Mar 15 12:17:56 CET 2026

 mri_cc -aseg aseg.auto_noCCseg.mgz -o aseg.auto.mgz -lta /out/sourcedata/freesurfer/sub-v2s10x29004_ses-1/mri/transforms/cc_up.lta sub-v2s10x29004_ses-1 

will read input aseg from aseg.auto_noCCseg.mgz
writing aseg with cc labels to aseg.auto.mgz
will write lta as /out/sourcedata/freesurfer/sub-v2s10x29004_ses-1/mri/transforms/cc_up.lta
reading aseg from /out/sourcedata/freesurfer/sub-v2s10x29004_ses-1/mri/aseg.auto_noCCseg.mgz
reading norm from /out/sourcedata/freesurfer/sub-v2s10x29004_ses-1/mri/norm.mgz
29816 voxels in left wm, 37172 in right wm, xrange [122, 130]
searching rotation angles z=[-5  9], y=[-10  4]
searching scale 1 Z rot -4.6  searching scale 1 Z rot -4.4  searching scale 1 Z rot -4.1  searching scale 1 Z rot -3.9  searching scale 1 Z rot -3.6  searching scale 1 Z rot -3.4  searching scale 1 Z rot -3.1  searching scale 1 Z rot -2.9  searching scale 1 Z rot -2.6  searching scale 1 Z rot -2.4  searching scale 1 Z rot -2.1  searching scale 1 Z rot -1.9  searching scale 1 Z rot -1.6  searching scale 1 Z rot -1.4  searching scale 1 Z rot -1.1  searching scale 1 Z rot -0.9  searching scale 1 Z rot -0.6  searching scale 1 Z rot -0.4  searching scale 1 Z rot -0.1  searching scale 1 Z rot 0.1  searching scale 1 Z rot 0.4  searching scale 1 Z rot 0.6  searching scale 1 Z rot 0.9  searching scale 1 Z rot 1.1  searching scale 1 Z rot 1.4  searching scale 1 Z rot 1.6  searching scale 1 Z rot 1.9  searching scale 1 Z rot 2.1  searching scale 1 Z rot 2.4  searching scale 1 Z rot 2.6  searching scale 1 Z rot 2.9  searching scale 1 Z rot 3.1  searching scale 1 Z rot 3.4  searching scale 1 Z rot 3.6  searching scale 1 Z rot 3.9  searching scale 1 Z rot 4.1  searching scale 1 Z rot 4.4  searching scale 1 Z rot 4.6  searching scale 1 Z rot 4.9  searching scale 1 Z rot 5.1  searching scale 1 Z rot 5.4  searching scale 1 Z rot 5.6  searching scale 1 Z rot 5.9  searching scale 1 Z rot 6.1  searching scale 1 Z rot 6.4  searching scale 1 Z rot 6.6  searching scale 1 Z rot 6.9  searching scale 1 Z rot 7.1  searching scale 1 Z rot 7.4  searching scale 1 Z rot 7.6  searching scale 1 Z rot 7.9  searching scale 1 Z rot 8.1  searching scale 1 Z rot 8.4  searching scale 1 Z rot 8.6  searching scale 1 Z rot 8.9  searching scale 1 Z rot 9.1  global minimum found at slice 125.7, rotations (-2.78, 2.35)
final transformation (x=125.7, yr=-2.779, zr=2.351):
 0.99798  -0.04102  -0.04844   10.93522;
 0.04097   0.99916  -0.00199   40.12400;
 0.04848   0.00000   0.99882   19.02631;
 0.00000   0.00000   0.00000   1.00000;
updating x range to be [126, 130] in xformed coordinates
best xformed slice 128
min_x_fornix = 147
min_x_fornix = 147
min_x_fornix = 145
min_x_fornix = 143
min_x_fornix = 141
cc center is found at 128 83 103
eigenvectors:
-0.00115   0.00372   0.99999;
-0.08616  -0.99627   0.00361;
 0.99628  -0.08615   0.00147;
writing aseg with callosum to /out/sourcedata/freesurfer/sub-v2s10x29004_ses-1/mri/aseg.auto.mgz...
corpus callosum segmentation took 0.3 minutes
#VMPC# mri_cc VmPeak  554044
mri_cc done
#--------------------------------------
#@# Merge ASeg Sun Mar 15 12:18:15 CET 2026

 cp aseg.auto.mgz aseg.presurf.mgz 

#--------------------------------------------
#@# Intensity Normalization2 Sun Mar 15 12:18:15 CET 2026
/out/sourcedata/freesurfer/sub-v2s10x29004_ses-1/mri

 mri_normalize -seed 1234 -mprage -aseg aseg.presurf.mgz -mask brainmask.mgz norm.mgz brain.mgz 

setting seed for random number genererator to 1234
assuming input volume is MGH (Van der Kouwe) MP-RAGE
using segmentation for initial intensity normalization
using MR volume brainmask.mgz to mask input volume...
reading mri_src from norm.mgz...
Reading aseg aseg.presurf.mgz
normalizing image...
NOT doing gentle normalization with control points/label
processing with aseg
removing outliers in the aseg WM...
287 control points removed
Building bias image
building Voronoi diagram...
performing soap bubble smoothing, sigma = 0...
Smoothing with sigma 8
Applying bias correction
building Voronoi diagram...
performing soap bubble smoothing, sigma = 8...

Iterating 2 times
---------------------------------
3d normalization pass 1 of 2
white matter peak found at 110
white matter peak found at 109
gm peak at 73 (73), valley at  0 (-1)
csf peak at 36, setting threshold to 60
building Voronoi diagram...
performing soap bubble smoothing, sigma = 8...
---------------------------------
3d normalization pass 2 of 2
white matter peak found at 110
white matter peak found at 110
gm peak at 73 (73), valley at  0 (-1)
csf peak at 36, setting threshold to 60
building Voronoi diagram...
performing soap bubble smoothing, sigma = 8...
Done iterating ---------------------------------
writing output to brain.mgz
3D bias adjustment took 1 minutes and 28 seconds.
#--------------------------------------------
#@# Mask BFS Sun Mar 15 12:19:44 CET 2026
/out/sourcedata/freesurfer/sub-v2s10x29004_ses-1/mri

 mri_mask -T 5 brain.mgz brainmask.mgz brain.finalsurfs.mgz 

threshold mask volume at 5
DoAbs = 0
Found 1327580 voxels in mask (pct=  7.91)
Writing masked volume to brain.finalsurfs.mgz...done.
#--------------------------------------------
#@# WM Segmentation Sun Mar 15 12:19:44 CET 2026

 AntsDenoiseImageFs -i brain.mgz -o antsdn.brain.mgz 


 mri_segment -wsizemm 13 -mprage antsdn.brain.mgz wm.seg.mgz 

wsizemm = 13, voxres = 1, wsize = 13
Widening wm low from 89 to 79
assuming input volume is MGH (Van der Kouwe) MP-RAGE
wm mean:  110
wsize:    13
wm low:   79
wm hi:    125
gray low: 30
gray hi:  99
Doing initial trinary intensity segmentation 
Using local statistics to label ambiguous voxels
Autodetecting stats
Computing class statistics for intensity windows...
CCS WM (101.0): 100.9 +- 6.2 [79.0 --> 125.0]
CCS GM (76.0) : 75.9 +- 8.3 [30.0 --> 95.0]
 white_mean 100.874
 white_sigma 6.24741
 gray_mean 75.9416
 gray_sigma 8.3427
setting bottom of white matter range wm_low to 84.3
setting top of gray matter range gray_hi to 92.6
 wm_low 84.2843
 wm_hi  125
 gray_low 30
 gray_hi  92.627
Redoing initial intensity segmentation...
Recomputing local statistics to label ambiguous voxels...
 wm_low 84.2843
 wm_hi  125
 gray_low 30
 gray_hi  92.627
using local geometry to label remaining ambiguous voxels...
polvwsize = 5, polvlen = 3, gray_hi = 92.627, wm_low = 84.2843
MRIcpolvMedianCurveSegment(): wsize=5, len=3, gmhi=92.627, wmlow=84.2843
     99123 voxels processed (0.59%)
     42844 voxels white (0.26%)
     56279 voxels non-white (0.34%)

Reclassifying voxels using Gaussian border classifier niter=1
MRIreclassify(): wm_low=79.2843, gray_hi=92.627, wsize=13
    210850 voxels tested (1.26%)
     36671 voxels changed (0.22%)
     53304 multi-scale searches  (0.32%)
Recovering bright white
MRIrecoverBrightWhite()
 wm_low 84.2843
 wm_hi 125
 slack 6.24741
 pct_thresh 0.33
 intensity_thresh 131.247
 nvox_thresh 8.58
        3 voxels tested (0.00%)
        3 voxels changed (0.00%)

removing voxels with positive offset direction...
MRIremoveWrongDirection() wsize=3, lowthr=79.2843, hithr=92.627
  smoothing input volume with sigma = 0.250
    59528 voxels tested (0.35%)
    11909 voxels changed (0.07%)
thicken = 1
removing 1-dimensional structures...
MRIremove1dStructures(): max_iter=10000, thresh=2, WM_MIN_VAL=5
 1290 sparsely connected voxels removed in 1 iterations
thickening thin strands....
thickness 4
nsegments 20
wm_hi 125
876 diagonally connected voxels added...
MRIthickenThinWMStrands(): thickness=4, nsegments=20
  20 segments, 3346 filled
MRIfindBrightNonWM(): 0 bright non-wm voxels segmented.
MRIfilterMorphology() WM_MIN_VAL=5, DIAGONAL_FILL=230
white matter segmentation took 0.7 minutes
writing output to wm.seg.mgz...

 mri_edit_wm_with_aseg -keep-in wm.seg.mgz brain.mgz aseg.presurf.mgz wm.asegedit.mgz 

preserving editing changes in input volume...
auto filling took 0.34 minutes
reading wm segmentation from wm.seg.mgz...
0 voxels added to wm to prevent paths from MTL structures to cortex
1758 additional wm voxels added
0 additional wm voxels added
SEG EDIT: 21368 voxels turned on, 38532 voxels turned off.
propagating editing to output volume from wm.seg.mgz
writing edited volume to wm.asegedit.mgz....

 mri_pretess wm.asegedit.mgz wm norm.mgz wm.mgz 


Iteration Number : 1
pass   1 (xy+):  13 found -  13 modified     |    TOTAL:  13
pass   2 (xy+):   0 found -  13 modified     |    TOTAL:  13
pass   1 (xy-):   7 found -   7 modified     |    TOTAL:  20
pass   2 (xy-):   0 found -   7 modified     |    TOTAL:  20
pass   1 (yz+):  10 found -  10 modified     |    TOTAL:  30
pass   2 (yz+):   0 found -  10 modified     |    TOTAL:  30
pass   1 (yz-):  12 found -  12 modified     |    TOTAL:  42
pass   2 (yz-):   0 found -  12 modified     |    TOTAL:  42
pass   1 (xz+):   7 found -   7 modified     |    TOTAL:  49
pass   2 (xz+):   0 found -   7 modified     |    TOTAL:  49
pass   1 (xz-):   7 found -   7 modified     |    TOTAL:  56
pass   2 (xz-):   0 found -   7 modified     |    TOTAL:  56
Iteration Number : 1
pass   1 (+++):  10 found -  10 modified     |    TOTAL:  10
pass   2 (+++):   0 found -  10 modified     |    TOTAL:  10
pass   1 (+++):   2 found -   2 modified     |    TOTAL:  12
pass   2 (+++):   0 found -   2 modified     |    TOTAL:  12
pass   1 (+++):  10 found -  10 modified     |    TOTAL:  22
pass   2 (+++):   0 found -  10 modified     |    TOTAL:  22
pass   1 (+++):   2 found -   2 modified     |    TOTAL:  24
pass   2 (+++):   0 found -   2 modified     |    TOTAL:  24
Iteration Number : 1
pass   1 (++):  59 found -  59 modified     |    TOTAL:  59
pass   2 (++):   0 found -  59 modified     |    TOTAL:  59
pass   1 (+-):  36 found -  36 modified     |    TOTAL:  95
pass   2 (+-):   0 found -  36 modified     |    TOTAL:  95
pass   1 (--):  33 found -  33 modified     |    TOTAL: 128
pass   2 (--):   0 found -  33 modified     |    TOTAL: 128
pass   1 (-+):  47 found -  47 modified     |    TOTAL: 175
pass   2 (-+):   0 found -  47 modified     |    TOTAL: 175
Iteration Number : 2
pass   1 (xy+):   2 found -   2 modified     |    TOTAL:   2
pass   2 (xy+):   0 found -   2 modified     |    TOTAL:   2
pass   1 (xy-):   0 found -   0 modified     |    TOTAL:   2
pass   1 (yz+):   1 found -   1 modified     |    TOTAL:   3
pass   2 (yz+):   0 found -   1 modified     |    TOTAL:   3
pass   1 (yz-):   0 found -   0 modified     |    TOTAL:   3
pass   1 (xz+):   2 found -   2 modified     |    TOTAL:   5
pass   2 (xz+):   0 found -   2 modified     |    TOTAL:   5
pass   1 (xz-):   0 found -   0 modified     |    TOTAL:   5
Iteration Number : 2
pass   1 (+++):   0 found -   0 modified     |    TOTAL:   0
pass   1 (+++):   0 found -   0 modified     |    TOTAL:   0
pass   1 (+++):   0 found -   0 modified     |    TOTAL:   0
pass   1 (+++):   0 found -   0 modified     |    TOTAL:   0
Iteration Number : 2
pass   1 (++):   0 found -   0 modified     |    TOTAL:   0
pass   1 (+-):   0 found -   0 modified     |    TOTAL:   0
pass   1 (--):   0 found -   0 modified     |    TOTAL:   0
pass   1 (-+):   0 found -   0 modified     |    TOTAL:   0
Iteration Number : 3
pass   1 (xy+):   0 found -   0 modified     |    TOTAL:   0
pass   1 (xy-):   0 found -   0 modified     |    TOTAL:   0
pass   1 (yz+):   0 found -   0 modified     |    TOTAL:   0
pass   1 (yz-):   0 found -   0 modified     |    TOTAL:   0
pass   1 (xz+):   0 found -   0 modified     |    TOTAL:   0
pass   1 (xz-):   0 found -   0 modified     |    TOTAL:   0
Iteration Number : 3
pass   1 (+++):   0 found -   0 modified     |    TOTAL:   0
pass   1 (+++):   0 found -   0 modified     |    TOTAL:   0
pass   1 (+++):   0 found -   0 modified     |    TOTAL:   0
pass   1 (+++):   0 found -   0 modified     |    TOTAL:   0
Iteration Number : 3
pass   1 (++):   0 found -   0 modified     |    TOTAL:   0
pass   1 (+-):   0 found -   0 modified     |    TOTAL:   0
pass   1 (--):   0 found -   0 modified     |    TOTAL:   0
pass   1 (-+):   0 found -   0 modified     |    TOTAL:   0

Total Number of Modified Voxels = 260 (out of 472385: 0.055040)
binarizing input wm segmentation...
Ambiguous edge configurations... 

mri_pretess done

#--------------------------------------------
#@# Fill Sun Mar 15 12:21:13 CET 2026
/out/sourcedata/freesurfer/sub-v2s10x29004_ses-1/mri

 mri_fill -a ../scripts/ponscc.cut.log -xform transforms/talairach.lta -segmentation aseg.presurf.mgz -ctab /opt/freesurfer/SubCorticalMassLUT.txt wm.mgz filled.mgz 

logging cutting plane coordinates to ../scripts/ponscc.cut.log...
INFO: Using transforms/talairach.lta and its offset for Talairach volume ...
using segmentation aseg.presurf.mgz...
reading input volume...done.
searching for cutting planes...voxel to talairach voxel transform
 1.08161  -0.01328  -0.04706  -4.24954;
 0.01661   1.23221   0.10703  -13.10445;
 0.04193  -0.11610   1.04605   4.25585;
 0.00000   0.00000   0.00000   1.00000;
voxel to talairach voxel transform
 1.08161  -0.01328  -0.04706  -4.24954;
 0.01661   1.23221   0.10703  -13.10445;
 0.04193  -0.11610   1.04605   4.25585;
 0.00000   0.00000   0.00000   1.00000;
reading segmented volume aseg.presurf.mgz
removing CC from segmentation
Looking for area (min, max) = (350, 1400)
area[0] = 894 (min = 350, max = 1400), aspect = 0.47 (min = 0.10, max = 0.75)
no need to search
using seed (126, 117, 148), TAL = (2.0, 20.0, 11.0)
talairach voxel to voxel transform
 0.92278   0.01372   0.04011   3.93056;
-0.00914   0.80367  -0.08264   10.84447;
-0.03800   0.08865   0.94520  -3.02241;
 0.00000   0.00000   0.00000   1.00000;
segmentation indicates cc at (126,  117,  148) --> (2.0, 20.0, 11.0)
done.
filling took 0.6 minutes
talairach cc position changed to (2.00, 20.00, 11.00)
Erasing brainstem...done.
seed_search_size = 9, min_neighbors = 5
search rh wm seed point around talairach space:(20.00, 20.00, 11.00) SRC: (111.13, 91.66, 143.14)
search lh wm seed point around talairach space (-16.00, 20.00, 11.00), SRC: (144.35, 91.33, 141.77)
compute mri_fill using aseg
Erasing Brain Stem and Cerebellum ...
Define left and right masks using aseg:
Building Voronoi diagram ...
Using the Voronoi diagram for separating WM into two hemispheres ...
Find the largest connected component for each hemisphere ...
Embedding colortable
mri_fill done, writing output to filled.mgz...
 cp filled.mgz filled.auto.mgz

Started at Sun Mar 15 11:26:38 CET 2026 
Ended   at Sun Mar 15 12:21:51 CET 2026
#@#%# recon-all-run-time-hours 0.920
recon-all -s sub-v2s10x29004_ses-1 finished without error at Sun Mar 15 12:21:51 CET 2026



#New# invocation of recon-all 




Sun Mar 15 12:49:16 CET 2026
cd /out/sourcedata/freesurfer/sub-v2s10x29004_ses-1
setenv SUBJECTS_DIR /out/sourcedata/freesurfer
/opt/freesurfer/bin/recon-all -parallel -subjid sub-v2s10x29004_ses-1 -sd /out/sourcedata/freesurfer -cortribbon

subjid sub-v2s10x29004_ses-1
setenv SUBJECTS_DIR /out/sourcedata/freesurfer
FREESURFER_HOME /opt/freesurfer
Actual FREESURFER_HOME /opt/freesurfer
build-stamp.txt: freesurfer-linux-ubuntu22_x86_64-7.3.2-20220804-6354275
Linux dna078 5.14.0-427.37.1.el9_4.x86_64 #1 SMP PREEMPT_DYNAMIC Fri Sep 13 12:41:50 EDT 2024 x86_64 x86_64 x86_64 GNU/Linux
cputime      unlimited
filesize     unlimited
datasize     unlimited
stacksize    8192 kbytes
coredumpsize 0 kbytes
memoryuse    67108864 kbytes
vmemoryuse   unlimited
descriptors  1024 
memorylocked unlimited
maxproc      2061970 
maxlocks     unlimited
maxsignal    2062029 
maxmessage   819200 
maxnice      0 
maxrtprio    0 
maxrttime    unlimited

               total        used        free      shared  buff/cache   available
Mem:           503Gi        55Gi       385Gi       9.2Gi        61Gi       435Gi
Swap:             0B          0B          0B

########################################
program versions used
7.3.2 (freesurfer-linux-ubuntu22_x86_64-7.3.2-20220804-6354275)
7.3.2

ProgramName: lta_convert  ProgramArguments: lta_convert -all-info  ProgramVersion: 7.3.2  TimeStamp: 2026/03/15-11:49:16-GMT  BuildTime: Aug  4 2022 06:17:15  BuildStamp: freesurfer-linux-ubuntu22_x86_64-7.3.2-20220804-6354275  User: oesteban  Machine: dna078  Platform: Linux  PlatformVersion: 5.14.0-427.37.1.el9_4.x86_64  CompilerName: GCC  CompilerVersion: 8.4.0
ProgramName: mri_and  ProgramArguments: mri_and -all-info  ProgramVersion: 7.3.2  TimeStamp: 2026/03/15-11:49:16-GMT  BuildTime: Aug  4 2022 06:17:15  BuildStamp: freesurfer-linux-ubuntu22_x86_64-7.3.2-20220804-6354275  User: oesteban  Machine: dna078  Platform: Linux  PlatformVersion: 5.14.0-427.37.1.el9_4.x86_64  CompilerName: GCC  CompilerVersion: 8.4.0
ProgramName: mri_annotation2label  ProgramArguments: mri_annotation2label -all-info  ProgramVersion: 7.3.2  TimeStamp: 2026/03/15-11:49:16-GMT  BuildTime: Aug  4 2022 06:17:15  BuildStamp: freesurfer-linux-ubuntu22_x86_64-7.3.2-20220804-6354275  User: oesteban  Machine: dna078  Platform: Linux  PlatformVersion: 5.14.0-427.37.1.el9_4.x86_64  CompilerName: GCC  CompilerVersion: 8.4.0
ProgramName: mri_aparc2aseg  ProgramArguments: mri_aparc2aseg -all-info  ProgramVersion: 7.3.2  TimeStamp: 2026/03/15-11:49:16-GMT  BuildTime: Aug  4 2022 06:17:15  BuildStamp: freesurfer-linux-ubuntu22_x86_64-7.3.2-20220804-6354275  User: oesteban  Machine: dna078  Platform: Linux  PlatformVersion: 5.14.0-427.37.1.el9_4.x86_64  CompilerName: GCC  CompilerVersion: 8.4.0
ProgramName: mri_surf2volseg  ProgramArguments: mri_surf2volseg -all-info  ProgramVersion: 7.3.2  TimeStamp: 2026/03/15-11:49:16-GMT  BuildTime: Aug  4 2022 06:17:15  BuildStamp: freesurfer-linux-ubuntu22_x86_64-7.3.2-20220804-6354275  User: oesteban  Machine: dna078  Platform: Linux  PlatformVersion: 5.14.0-427.37.1.el9_4.x86_64  CompilerName: GCC  CompilerVersion: 8.4.0
ProgramName: mri_binarize  ProgramArguments: mri_binarize -all-info  ProgramVersion: 7.3.2  TimeStamp: 2026/03/15-11:49:16-GMT  BuildTime: Aug  4 2022 06:17:15  BuildStamp: freesurfer-linux-ubuntu22_x86_64-7.3.2-20220804-6354275  User: oesteban  Machine: dna078  Platform: Linux  PlatformVersion: 5.14.0-427.37.1.el9_4.x86_64  CompilerName: GCC  CompilerVersion: 8.4.0
ProgramName: mri_ca_label  ProgramArguments: mri_ca_label -all-info  ProgramVersion: 7.3.2  TimeStamp: 2026/03/15-11:49:16-GMT  BuildTime: Aug  4 2022 06:17:15  BuildStamp: freesurfer-linux-ubuntu22_x86_64-7.3.2-20220804-6354275  User: oesteban  Machine: dna078  Platform: Linux  PlatformVersion: 5.14.0-427.37.1.el9_4.x86_64  CompilerName: GCC  CompilerVersion: 8.4.0
ProgramName: mri_ca_normalize  ProgramArguments: mri_ca_normalize -all-info  ProgramVersion: 7.3.2  TimeStamp: 2026/03/15-11:49:16-GMT  BuildTime: Aug  4 2022 06:17:15  BuildStamp: freesurfer-linux-ubuntu22_x86_64-7.3.2-20220804-6354275  User: oesteban  Machine: dna078  Platform: Linux  PlatformVersion: 5.14.0-427.37.1.el9_4.x86_64  CompilerName: GCC  CompilerVersion: 8.4.0
ProgramName: mri_ca_register  ProgramArguments: mri_ca_register -all-info  ProgramVersion: 7.3.2  TimeStamp: 2026/03/15-11:49:16-GMT  BuildTime: Aug  4 2022 06:17:15  BuildStamp: freesurfer-linux-ubuntu22_x86_64-7.3.2-20220804-6354275  User: oesteban  Machine: dna078  Platform: Linux  PlatformVersion: 5.14.0-427.37.1.el9_4.x86_64  CompilerName: GCC  CompilerVersion: 8.4.0
ProgramName: mri_cc  ProgramArguments: mri_cc -all-info  ProgramVersion: 7.3.2  TimeStamp: 2026/03/15-11:49:16-GMT  BuildTime: Aug  4 2022 06:17:15  BuildStamp: freesurfer-linux-ubuntu22_x86_64-7.3.2-20220804-6354275  User: oesteban  Machine: dna078  Platform: Linux  PlatformVersion: 5.14.0-427.37.1.el9_4.x86_64  CompilerName: GCC  CompilerVersion: 8.4.0
ProgramName: mri_compute_overlap  ProgramArguments: mri_compute_overlap -all-info  ProgramVersion: 7.3.2  TimeStamp: 2026/03/15-11:49:16-GMT  BuildTime: Aug  4 2022 06:17:15  BuildStamp: freesurfer-linux-ubuntu22_x86_64-7.3.2-20220804-6354275  User: oesteban  Machine: dna078  Platform: Linux  PlatformVersion: 5.14.0-427.37.1.el9_4.x86_64  CompilerName: GCC  CompilerVersion: 8.4.0
ProgramName: mri_compute_seg_overlap  ProgramArguments: mri_compute_seg_overlap -all-info  ProgramVersion: 7.3.2  TimeStamp: 2026/03/15-11:49:16-GMT  BuildTime: Aug  4 2022 06:17:15  BuildStamp: freesurfer-linux-ubuntu22_x86_64-7.3.2-20220804-6354275  User: oesteban  Machine: dna078  Platform: Linux  PlatformVersion: 5.14.0-427.37.1.el9_4.x86_64  CompilerName: GCC  CompilerVersion: 8.4.0
ProgramName: mri_concat  ProgramArguments: mri_concat -all-info  ProgramVersion: 7.3.2  TimeStamp: 2026/03/15-11:49:17-GMT  BuildTime: Aug  4 2022 06:17:15  BuildStamp: freesurfer-linux-ubuntu22_x86_64-7.3.2-20220804-6354275  User: oesteban  Machine: dna078  Platform: Linux  PlatformVersion: 5.14.0-427.37.1.el9_4.x86_64  CompilerName: GCC  CompilerVersion: 8.4.0
ProgramName: mri_concatenate_lta  ProgramArguments: mri_concatenate_lta -all-info  ProgramVersion: 7.3.2  TimeStamp: 2026/03/15-11:49:17-GMT  BuildTime: Aug  4 2022 06:17:15  BuildStamp: freesurfer-linux-ubuntu22_x86_64-7.3.2-20220804-6354275  User: oesteban  Machine: dna078  Platform: Linux  PlatformVersion: 5.14.0-427.37.1.el9_4.x86_64  CompilerName: GCC  CompilerVersion: 8.4.0
mri_convert -all-info 
ProgramName: mri_convert  ProgramArguments: mri_convert -all-info  ProgramVersion: 7.3.2  TimeStamp: 2026/03/15-11:49:17-GMT  BuildTime: Aug  4 2022 06:17:15  BuildStamp: freesurfer-linux-ubuntu22_x86_64-7.3.2-20220804-6354275  User: oesteban  Machine: dna078  Platform: Linux  PlatformVersion: 5.14.0-427.37.1.el9_4.x86_64  CompilerName: GCC  CompilerVersion: 8.4.0
ProgramName: mri_diff  ProgramArguments: mri_diff -all-info  ProgramVersion: 7.3.2  TimeStamp: 2026/03/15-11:49:17-GMT  BuildTime: Aug  4 2022 06:17:15  BuildStamp: freesurfer-linux-ubuntu22_x86_64-7.3.2-20220804-6354275  User: oesteban  Machine: dna078  Platform: Linux  PlatformVersion: 5.14.0-427.37.1.el9_4.x86_64  CompilerName: GCC  CompilerVersion: 8.4.0
ProgramName: mri_edit_wm_with_aseg  ProgramArguments: mri_edit_wm_with_aseg -all-info  ProgramVersion: 7.3.2  TimeStamp: 2026/03/15-11:49:17-GMT  BuildTime: Aug  4 2022 06:17:15  BuildStamp: freesurfer-linux-ubuntu22_x86_64-7.3.2-20220804-6354275  User: oesteban  Machine: dna078  Platform: Linux  PlatformVersion: 5.14.0-427.37.1.el9_4.x86_64  CompilerName: GCC  CompilerVersion: 8.4.0
ProgramName: mri_em_register  ProgramArguments: mri_em_register -all-info  ProgramVersion: 7.3.2  TimeStamp: 2026/03/15-11:49:17-GMT  BuildTime: Aug  4 2022 06:17:15  BuildStamp: freesurfer-linux-ubuntu22_x86_64-7.3.2-20220804-6354275  User: oesteban  Machine: dna078  Platform: Linux  PlatformVersion: 5.14.0-427.37.1.el9_4.x86_64  CompilerName: GCC  CompilerVersion: 8.4.0
ProgramName: mri_fill  ProgramArguments: mri_fill -all-info  ProgramVersion: 7.3.2  TimeStamp: 2026/03/15-11:49:17-GMT  BuildTime: Aug  4 2022 06:17:15  BuildStamp: freesurfer-linux-ubuntu22_x86_64-7.3.2-20220804-6354275  User: oesteban  Machine: dna078  Platform: Linux  PlatformVersion: 5.14.0-427.37.1.el9_4.x86_64  CompilerName: GCC  CompilerVersion: 8.4.0
ProgramName: mri_fuse_segmentations  ProgramArguments: mri_fuse_segmentations -all-info  ProgramVersion: 7.3.2  TimeStamp: 2026/03/15-11:49:17-GMT  BuildTime: Aug  4 2022 06:17:15  BuildStamp: freesurfer-linux-ubuntu22_x86_64-7.3.2-20220804-6354275  User: oesteban  Machine: dna078  Platform: Linux  PlatformVersion: 5.14.0-427.37.1.el9_4.x86_64  CompilerName: GCC  CompilerVersion: 8.4.0
ProgramName: mri_fwhm  ProgramArguments: mri_fwhm -all-info  ProgramVersion: 7.3.2  TimeStamp: 2026/03/15-11:49:17-GMT  BuildTime: Aug  4 2022 06:17:15  BuildStamp: freesurfer-linux-ubuntu22_x86_64-7.3.2-20220804-6354275  User: oesteban  Machine: dna078  Platform: Linux  PlatformVersion: 5.14.0-427.37.1.el9_4.x86_64  CompilerName: GCC  CompilerVersion: 8.4.0
ProgramName: mri_gcut  ProgramArguments: mri_gcut -all-info  ProgramVersion: 7.3.2  TimeStamp: 2026/03/15-11:49:17-GMT  BuildTime: Aug  4 2022 06:17:15  BuildStamp: freesurfer-linux-ubuntu22_x86_64-7.3.2-20220804-6354275  User: oesteban  Machine: dna078  Platform: Linux  PlatformVersion: 5.14.0-427.37.1.el9_4.x86_64  CompilerName: GCC  CompilerVersion: 8.4.0
ProgramName: mri_info  ProgramArguments: mri_info -all-info  ProgramVersion: 7.3.2  TimeStamp: 2026/03/15-11:49:17-GMT  BuildTime: Aug  4 2022 06:17:15  BuildStamp: freesurfer-linux-ubuntu22_x86_64-7.3.2-20220804-6354275  User: oesteban  Machine: dna078  Platform: Linux  PlatformVersion: 5.14.0-427.37.1.el9_4.x86_64  CompilerName: GCC  CompilerVersion: 8.4.0
ProgramName: mri_label2label  ProgramArguments: mri_label2label -all-info  ProgramVersion: 7.3.2  TimeStamp: 2026/03/15-11:49:17-GMT  BuildTime: Aug  4 2022 06:17:15  BuildStamp: freesurfer-linux-ubuntu22_x86_64-7.3.2-20220804-6354275  User: oesteban  Machine: dna078  Platform: Linux  PlatformVersion: 5.14.0-427.37.1.el9_4.x86_64  CompilerName: GCC  CompilerVersion: 8.4.0
ProgramName: mri_label2vol  ProgramArguments: mri_label2vol -all-info  ProgramVersion: 7.3.2  TimeStamp: 2026/03/15-11:49:17-GMT  BuildTime: Aug  4 2022 06:17:15  BuildStamp: freesurfer-linux-ubuntu22_x86_64-7.3.2-20220804-6354275  User: oesteban  Machine: dna078  Platform: Linux  PlatformVersion: 5.14.0-427.37.1.el9_4.x86_64  CompilerName: GCC  CompilerVersion: 8.4.0
ProgramName: mri_log_likelihood  ProgramArguments: mri_log_likelihood -all-info  ProgramVersion: 7.3.2  TimeStamp: 2026/03/15-11:49:17-GMT  BuildTime: Aug  4 2022 06:17:15  BuildStamp: freesurfer-linux-ubuntu22_x86_64-7.3.2-20220804-6354275  User: oesteban  Machine: dna078  Platform: Linux  PlatformVersion: 5.14.0-427.37.1.el9_4.x86_64  CompilerName: GCC  CompilerVersion: 8.4.0
ProgramName: mri_mask  ProgramArguments: mri_mask -all-info  ProgramVersion: 7.3.2  TimeStamp: 2026/03/15-11:49:17-GMT  BuildTime: Aug  4 2022 06:17:15  BuildStamp: freesurfer-linux-ubuntu22_x86_64-7.3.2-20220804-6354275  User: oesteban  Machine: dna078  Platform: Linux  PlatformVersion: 5.14.0-427.37.1.el9_4.x86_64  CompilerName: GCC  CompilerVersion: 8.4.0
ProgramName: mri_matrix_multiply  ProgramArguments: mri_matrix_multiply -all-info  ProgramVersion: 7.3.2  TimeStamp: 2026/03/15-11:49:17-GMT  BuildTime: Aug  4 2022 06:17:15  BuildStamp: freesurfer-linux-ubuntu22_x86_64-7.3.2-20220804-6354275  User: oesteban  Machine: dna078  Platform: Linux  PlatformVersion: 5.14.0-427.37.1.el9_4.x86_64  CompilerName: GCC  CompilerVersion: 8.4.0
ProgramName: mri_normalize  ProgramArguments: mri_normalize -all-info  ProgramVersion: 7.3.2  TimeStamp: 2026/03/15-11:49:17-GMT  BuildTime: Aug  4 2022 06:17:15  BuildStamp: freesurfer-linux-ubuntu22_x86_64-7.3.2-20220804-6354275  User: oesteban  Machine: dna078  Platform: Linux  PlatformVersion: 5.14.0-427.37.1.el9_4.x86_64  CompilerName: GCC  CompilerVersion: 8.4.0
ProgramName: mri_normalize_tp2  ProgramArguments: mri_normalize_tp2 -all-info  ProgramVersion: 7.3.2  TimeStamp: 2026/03/15-11:49:17-GMT  BuildTime: Aug  4 2022 06:17:15  BuildStamp: freesurfer-linux-ubuntu22_x86_64-7.3.2-20220804-6354275  User: oesteban  Machine: dna078  Platform: Linux  PlatformVersion: 5.14.0-427.37.1.el9_4.x86_64  CompilerName: GCC  CompilerVersion: 8.4.0
ProgramName: mri_or  ProgramArguments: mri_or -all-info  ProgramVersion: 7.3.2  TimeStamp: 2026/03/15-11:49:17-GMT  BuildTime: Aug  4 2022 06:17:15  BuildStamp: freesurfer-linux-ubuntu22_x86_64-7.3.2-20220804-6354275  User: oesteban  Machine: dna078  Platform: Linux  PlatformVersion: 5.14.0-427.37.1.el9_4.x86_64  CompilerName: GCC  CompilerVersion: 8.4.0
ProgramName: mri_relabel_hypointensities  ProgramArguments: mri_relabel_hypointensities -all-info  ProgramVersion: 7.3.2  TimeStamp: 2026/03/15-11:49:17-GMT  BuildTime: Aug  4 2022 06:17:15  BuildStamp: freesurfer-linux-ubuntu22_x86_64-7.3.2-20220804-6354275  User: oesteban  Machine: dna078  Platform: Linux  PlatformVersion: 5.14.0-427.37.1.el9_4.x86_64  CompilerName: GCC  CompilerVersion: 8.4.0
ProgramName: mri_relabel_nonwm_hypos  ProgramArguments: mri_relabel_nonwm_hypos -all-info  ProgramVersion: 7.3.2  TimeStamp: 2026/03/15-11:49:17-GMT  BuildTime: Aug  4 2022 06:17:15  BuildStamp: freesurfer-linux-ubuntu22_x86_64-7.3.2-20220804-6354275  User: oesteban  Machine: dna078  Platform: Linux  PlatformVersion: 5.14.0-427.37.1.el9_4.x86_64  CompilerName: GCC  CompilerVersion: 8.4.0
ProgramName: mri_remove_neck  ProgramArguments: mri_remove_neck -all-info  ProgramVersion: 7.3.2  TimeStamp: 2026/03/15-11:49:17-GMT  BuildTime: Aug  4 2022 06:17:15  BuildStamp: freesurfer-linux-ubuntu22_x86_64-7.3.2-20220804-6354275  User: oesteban  Machine: dna078  Platform: Linux  PlatformVersion: 5.14.0-427.37.1.el9_4.x86_64  CompilerName: GCC  CompilerVersion: 8.4.0
7.3.2

ProgramName: mri_robust_register  ProgramArguments: mri_robust_register -all-info  ProgramVersion: 7.3.2  TimeStamp: 2026/03/15-11:49:17-GMT  BuildTime: Aug  4 2022 06:17:15  BuildStamp: freesurfer-linux-ubuntu22_x86_64-7.3.2-20220804-6354275  User: oesteban  Machine: dna078  Platform: Linux  PlatformVersion: 5.14.0-427.37.1.el9_4.x86_64  CompilerName: GCC  CompilerVersion: 8.4.0
7.3.2

ProgramName: mri_robust_template  ProgramArguments: mri_robust_template -all-info  ProgramVersion: 7.3.2  TimeStamp: 2026/03/15-11:49:17-GMT  BuildTime: Aug  4 2022 06:17:15  BuildStamp: freesurfer-linux-ubuntu22_x86_64-7.3.2-20220804-6354275  User: oesteban  Machine: dna078  Platform: Linux  PlatformVersion: 5.14.0-427.37.1.el9_4.x86_64  CompilerName: GCC  CompilerVersion: 8.4.0
ProgramName: mris_anatomical_stats  ProgramArguments: mris_anatomical_stats -all-info  ProgramVersion: 7.3.2  TimeStamp: 2026/03/15-11:49:17-GMT  BuildTime: Aug  4 2022 06:17:15  BuildStamp: freesurfer-linux-ubuntu22_x86_64-7.3.2-20220804-6354275  User: oesteban  Machine: dna078  Platform: Linux  PlatformVersion: 5.14.0-427.37.1.el9_4.x86_64  CompilerName: GCC  CompilerVersion: 8.4.0
ProgramName: mris_ca_label  ProgramArguments: mris_ca_label -all-info  ProgramVersion: 7.3.2  TimeStamp: 2026/03/15-11:49:17-GMT  BuildTime: Aug  4 2022 06:17:15  BuildStamp: freesurfer-linux-ubuntu22_x86_64-7.3.2-20220804-6354275  User: oesteban  Machine: dna078  Platform: Linux  PlatformVersion: 5.14.0-427.37.1.el9_4.x86_64  CompilerName: GCC  CompilerVersion: 8.4.0
ProgramName: mris_calc  ProgramArguments: mris_calc -all-info  ProgramVersion: 7.3.2  TimeStamp: 2026/03/15-11:49:17-GMT  BuildTime: Aug  4 2022 06:17:15  BuildStamp: freesurfer-linux-ubuntu22_x86_64-7.3.2-20220804-6354275  User: oesteban  Machine: dna078  Platform: Linux  PlatformVersion: 5.14.0-427.37.1.el9_4.x86_64  CompilerName: GCC  CompilerVersion: 8.4.0
ProgramName: mris_convert  ProgramArguments: mris_convert -all-info  ProgramVersion: 7.3.2  TimeStamp: 2026/03/15-11:49:17-GMT  BuildTime: Aug  4 2022 06:17:15  BuildStamp: freesurfer-linux-ubuntu22_x86_64-7.3.2-20220804-6354275  User: oesteban  Machine: dna078  Platform: Linux  PlatformVersion: 5.14.0-427.37.1.el9_4.x86_64  CompilerName: GCC  CompilerVersion: 8.4.0
ProgramName: mris_curvature  ProgramArguments: mris_curvature -all-info  ProgramVersion: 7.3.2  TimeStamp: 2026/03/15-11:49:17-GMT  BuildTime: Aug  4 2022 06:17:15  BuildStamp: freesurfer-linux-ubuntu22_x86_64-7.3.2-20220804-6354275  User: oesteban  Machine: dna078  Platform: Linux  PlatformVersion: 5.14.0-427.37.1.el9_4.x86_64  CompilerName: GCC  CompilerVersion: 8.4.0
ProgramName: mris_curvature_stats  ProgramArguments: mris_curvature_stats -all-info  ProgramVersion: 7.3.2  TimeStamp: 2026/03/15-11:49:17-GMT  BuildTime: Aug  4 2022 06:17:15  BuildStamp: freesurfer-linux-ubuntu22_x86_64-7.3.2-20220804-6354275  User: oesteban  Machine: dna078  Platform: Linux  PlatformVersion: 5.14.0-427.37.1.el9_4.x86_64  CompilerName: GCC  CompilerVersion: 8.4.0
ProgramName: mris_diff  ProgramArguments: mris_diff -all-info  ProgramVersion: 7.3.2  TimeStamp: 2026/03/15-11:49:17-GMT  BuildTime: Aug  4 2022 06:17:15  BuildStamp: freesurfer-linux-ubuntu22_x86_64-7.3.2-20220804-6354275  User: oesteban  Machine: dna078  Platform: Linux  PlatformVersion: 5.14.0-427.37.1.el9_4.x86_64  CompilerName: GCC  CompilerVersion: 8.4.0
ProgramName: mris_divide_parcellation  ProgramArguments: mris_divide_parcellation -all-info  ProgramVersion: 7.3.2  TimeStamp: 2026/03/15-11:49:17-GMT  BuildTime: Aug  4 2022 06:17:15  BuildStamp: freesurfer-linux-ubuntu22_x86_64-7.3.2-20220804-6354275  User: oesteban  Machine: dna078  Platform: Linux  PlatformVersion: 5.14.0-427.37.1.el9_4.x86_64  CompilerName: GCC  CompilerVersion: 8.4.0
ProgramName: mri_segment  ProgramArguments: mri_segment -all-info  ProgramVersion: 7.3.2  TimeStamp: 2026/03/15-11:49:17-GMT  BuildTime: Aug  4 2022 06:17:15  BuildStamp: freesurfer-linux-ubuntu22_x86_64-7.3.2-20220804-6354275  User: oesteban  Machine: dna078  Platform: Linux  PlatformVersion: 5.14.0-427.37.1.el9_4.x86_64  CompilerName: GCC  CompilerVersion: 8.4.0
ProgramName: mri_segstats  ProgramArguments: mri_segstats -all-info  ProgramVersion: 7.3.2  TimeStamp: 2026/03/15-11:49:17-GMT  BuildTime: Aug  4 2022 06:17:15  BuildStamp: freesurfer-linux-ubuntu22_x86_64-7.3.2-20220804-6354275  User: oesteban  Machine: dna078  Platform: Linux  PlatformVersion: 5.14.0-427.37.1.el9_4.x86_64  CompilerName: GCC  CompilerVersion: 8.4.0
ProgramName: mris_euler_number  ProgramArguments: mris_euler_number -all-info  ProgramVersion: 7.3.2  TimeStamp: 2026/03/15-11:49:17-GMT  BuildTime: Aug  4 2022 06:17:15  BuildStamp: freesurfer-linux-ubuntu22_x86_64-7.3.2-20220804-6354275  User: oesteban  Machine: dna078  Platform: Linux  PlatformVersion: 5.14.0-427.37.1.el9_4.x86_64  CompilerName: GCC  CompilerVersion: 8.4.0
ProgramName: mris_fix_topology  ProgramArguments: mris_fix_topology -all-info  ProgramVersion: 7.3.2  TimeStamp: 2026/03/15-11:49:17-GMT  BuildTime: Aug  4 2022 06:17:15  BuildStamp: freesurfer-linux-ubuntu22_x86_64-7.3.2-20220804-6354275  User: oesteban  Machine: dna078  Platform: Linux  PlatformVersion: 5.14.0-427.37.1.el9_4.x86_64  CompilerName: GCC  CompilerVersion: 8.4.0
ProgramName: mris_topo_fixer  ProgramArguments: mris_topo_fixer -all-info  ProgramVersion: 7.3.2  TimeStamp: 2026/03/15-11:49:17-GMT  BuildTime: Aug  4 2022 06:17:15  BuildStamp: freesurfer-linux-ubuntu22_x86_64-7.3.2-20220804-6354275  User: oesteban  Machine: dna078  Platform: Linux  PlatformVersion: 5.14.0-427.37.1.el9_4.x86_64  CompilerName: GCC  CompilerVersion: 8.4.0
ProgramName: mris_jacobian  ProgramArguments: mris_jacobian -all-info  ProgramVersion: 7.3.2  TimeStamp: 2026/03/15-11:49:17-GMT  BuildTime: Aug  4 2022 06:17:15  BuildStamp: freesurfer-linux-ubuntu22_x86_64-7.3.2-20220804-6354275  User: oesteban  Machine: dna078  Platform: Linux  PlatformVersion: 5.14.0-427.37.1.el9_4.x86_64  CompilerName: GCC  CompilerVersion: 8.4.0
ProgramName: mris_label2annot  ProgramArguments: mris_label2annot -all-info  ProgramVersion: 7.3.2  TimeStamp: 2026/03/15-11:49:17-GMT  BuildTime: Aug  4 2022 06:17:15  BuildStamp: freesurfer-linux-ubuntu22_x86_64-7.3.2-20220804-6354275  User: oesteban  Machine: dna078  Platform: Linux  PlatformVersion: 5.14.0-427.37.1.el9_4.x86_64  CompilerName: GCC  CompilerVersion: 8.4.0
ProgramName: mris_left_right_register  ProgramArguments: mris_left_right_register -all-info  ProgramVersion: 7.3.2  TimeStamp: 2026/03/15-11:49:17-GMT  BuildTime: Aug  4 2022 06:17:15  BuildStamp: freesurfer-linux-ubuntu22_x86_64-7.3.2-20220804-6354275  User: oesteban  Machine: dna078  Platform: Linux  PlatformVersion: 5.14.0-427.37.1.el9_4.x86_64  CompilerName: GCC  CompilerVersion: 8.4.0
ProgramName: mris_place_surface  ProgramArguments: mris_place_surface -all-info  ProgramVersion: 7.3.2  TimeStamp: 2026/03/15-11:49:17-GMT  BuildTime: Aug  4 2022 06:17:15  BuildStamp: freesurfer-linux-ubuntu22_x86_64-7.3.2-20220804-6354275  User: oesteban  Machine: dna078  Platform: Linux  PlatformVersion: 5.14.0-427.37.1.el9_4.x86_64  CompilerName: GCC  CompilerVersion: 8.4.0
ProgramName: mrisp_paint  ProgramArguments: mrisp_paint -all-info  ProgramVersion: 7.3.2  TimeStamp: 2026/03/15-11:49:17-GMT  BuildTime: Aug  4 2022 06:17:15  BuildStamp: freesurfer-linux-ubuntu22_x86_64-7.3.2-20220804-6354275  User: oesteban  Machine: dna078  Platform: Linux  PlatformVersion: 5.14.0-427.37.1.el9_4.x86_64  CompilerName: GCC  CompilerVersion: 8.4.0
ProgramName: mris_register  ProgramArguments: mris_register -all-info  ProgramVersion: 7.3.2  TimeStamp: 2026/03/15-11:49:17-GMT  BuildTime: Aug  4 2022 06:17:15  BuildStamp: freesurfer-linux-ubuntu22_x86_64-7.3.2-20220804-6354275  User: oesteban  Machine: dna078  Platform: Linux  PlatformVersion: 5.14.0-427.37.1.el9_4.x86_64  CompilerName: GCC  CompilerVersion: 8.4.0
ProgramName: mris_smooth  ProgramArguments: mris_smooth -all-info  ProgramVersion: 7.3.2  TimeStamp: 2026/03/15-11:49:17-GMT  BuildTime: Aug  4 2022 06:17:15  BuildStamp: freesurfer-linux-ubuntu22_x86_64-7.3.2-20220804-6354275  User: oesteban  Machine: dna078  Platform: Linux  PlatformVersion: 5.14.0-427.37.1.el9_4.x86_64  CompilerName: GCC  CompilerVersion: 8.4.0
ProgramName: mris_sphere  ProgramArguments: mris_sphere -all-info  ProgramVersion: 7.3.2  TimeStamp: 2026/03/15-11:49:17-GMT  BuildTime: Aug  4 2022 06:17:15  BuildStamp: freesurfer-linux-ubuntu22_x86_64-7.3.2-20220804-6354275  User: oesteban  Machine: dna078  Platform: Linux  PlatformVersion: 5.14.0-427.37.1.el9_4.x86_64  CompilerName: GCC  CompilerVersion: 8.4.0
ProgramName: mris_surface_stats  ProgramArguments: mris_surface_stats -all-info  ProgramVersion: 7.3.2  TimeStamp: 2026/03/15-11:49:17-GMT  BuildTime: Aug  4 2022 06:17:15  BuildStamp: freesurfer-linux-ubuntu22_x86_64-7.3.2-20220804-6354275  User: oesteban  Machine: dna078  Platform: Linux  PlatformVersion: 5.14.0-427.37.1.el9_4.x86_64  CompilerName: GCC  CompilerVersion: 8.4.0
ProgramName: mri_stats2seg  ProgramArguments: mri_stats2seg -all-info  ProgramVersion: 7.3.2  TimeStamp: 2026/03/15-11:49:17-GMT  BuildTime: Aug  4 2022 06:17:15  BuildStamp: freesurfer-linux-ubuntu22_x86_64-7.3.2-20220804-6354275  User: oesteban  Machine: dna078  Platform: Linux  PlatformVersion: 5.14.0-427.37.1.el9_4.x86_64  CompilerName: GCC  CompilerVersion: 8.4.0
ProgramName: mris_thickness  ProgramArguments: mris_thickness -all-info  ProgramVersion: 7.3.2  TimeStamp: 2026/03/15-11:49:17-GMT  BuildTime: Aug  4 2022 06:17:15  BuildStamp: freesurfer-linux-ubuntu22_x86_64-7.3.2-20220804-6354275  User: oesteban  Machine: dna078  Platform: Linux  PlatformVersion: 5.14.0-427.37.1.el9_4.x86_64  CompilerName: GCC  CompilerVersion: 8.4.0
ProgramName: mris_thickness_diff  ProgramArguments: mris_thickness_diff -all-info  ProgramVersion: 7.3.2  TimeStamp: 2026/03/15-11:49:17-GMT  BuildTime: Aug  4 2022 06:17:15  BuildStamp: freesurfer-linux-ubuntu22_x86_64-7.3.2-20220804-6354275  User: oesteban  Machine: dna078  Platform: Linux  PlatformVersion: 5.14.0-427.37.1.el9_4.x86_64  CompilerName: GCC  CompilerVersion: 8.4.0
ProgramName: mris_topo_fixer  ProgramArguments: mris_topo_fixer -all-info  ProgramVersion: 7.3.2  TimeStamp: 2026/03/15-11:49:17-GMT  BuildTime: Aug  4 2022 06:17:15  BuildStamp: freesurfer-linux-ubuntu22_x86_64-7.3.2-20220804-6354275  User: oesteban  Machine: dna078  Platform: Linux  PlatformVersion: 5.14.0-427.37.1.el9_4.x86_64  CompilerName: GCC  CompilerVersion: 8.4.0
ProgramName: mri_surf2surf  ProgramArguments: mri_surf2surf -all-info  ProgramVersion: 7.3.2  TimeStamp: 2026/03/15-11:49:17-GMT  BuildTime: Aug  4 2022 06:17:15  BuildStamp: freesurfer-linux-ubuntu22_x86_64-7.3.2-20220804-6354275  User: oesteban  Machine: dna078  Platform: Linux  PlatformVersion: 5.14.0-427.37.1.el9_4.x86_64  CompilerName: GCC  CompilerVersion: 8.4.0
ProgramName: mri_surf2vol  ProgramArguments: mri_surf2vol -all-info  ProgramVersion: 7.3.2  TimeStamp: 2026/03/15-11:49:17-GMT  BuildTime: Aug  4 2022 06:17:15  BuildStamp: freesurfer-linux-ubuntu22_x86_64-7.3.2-20220804-6354275  User: oesteban  Machine: dna078  Platform: Linux  PlatformVersion: 5.14.0-427.37.1.el9_4.x86_64  CompilerName: GCC  CompilerVersion: 8.4.0
ProgramName: mri_surfcluster  ProgramArguments: mri_surfcluster -all-info  ProgramVersion: 7.3.2  TimeStamp: 2026/03/15-11:49:17-GMT  BuildTime: Aug  4 2022 06:17:15  BuildStamp: freesurfer-linux-ubuntu22_x86_64-7.3.2-20220804-6354275  User: oesteban  Machine: dna078  Platform: Linux  PlatformVersion: 5.14.0-427.37.1.el9_4.x86_64  CompilerName: GCC  CompilerVersion: 8.4.0
ProgramName: mris_volmask  ProgramArguments: mris_volmask -all-info  ProgramVersion: 7.3.2  TimeStamp: 2026/03/15-11:49:17-GMT  BuildTime: Aug  4 2022 06:17:15  BuildStamp: freesurfer-linux-ubuntu22_x86_64-7.3.2-20220804-6354275  User: oesteban  Machine: dna078  Platform: Linux  PlatformVersion: 5.14.0-427.37.1.el9_4.x86_64  CompilerName: GCC  CompilerVersion: 8.4.0
ProgramName: mri_tessellate  ProgramArguments: mri_tessellate -all-info  ProgramVersion: 7.3.2  TimeStamp: 2026/03/15-11:49:17-GMT  BuildTime: Aug  4 2022 06:17:15  BuildStamp: freesurfer-linux-ubuntu22_x86_64-7.3.2-20220804-6354275  User: oesteban  Machine: dna078  Platform: Linux  PlatformVersion: 5.14.0-427.37.1.el9_4.x86_64  CompilerName: GCC  CompilerVersion: 8.4.0
ProgramName: mri_vol2surf  ProgramArguments: mri_vol2surf -all-info  ProgramVersion: 7.3.2  TimeStamp: 2026/03/15-11:49:17-GMT  BuildTime: Aug  4 2022 06:17:15  BuildStamp: freesurfer-linux-ubuntu22_x86_64-7.3.2-20220804-6354275  User: oesteban  Machine: dna078  Platform: Linux  PlatformVersion: 5.14.0-427.37.1.el9_4.x86_64  CompilerName: GCC  CompilerVersion: 8.4.0
ProgramName: mri_vol2vol  ProgramArguments: mri_vol2vol -all-info  ProgramVersion: 7.3.2  TimeStamp: 2026/03/15-11:49:17-GMT  BuildTime: Aug  4 2022 06:17:15  BuildStamp: freesurfer-linux-ubuntu22_x86_64-7.3.2-20220804-6354275  User: oesteban  Machine: dna078  Platform: Linux  PlatformVersion: 5.14.0-427.37.1.el9_4.x86_64  CompilerName: GCC  CompilerVersion: 8.4.0
ProgramName: mri_voldiff  ProgramArguments: mri_voldiff -all-info  ProgramVersion: 7.3.2  TimeStamp: 2026/03/15-11:49:17-GMT  BuildTime: Aug  4 2022 06:17:15  BuildStamp: freesurfer-linux-ubuntu22_x86_64-7.3.2-20220804-6354275  User: oesteban  Machine: dna078  Platform: Linux  PlatformVersion: 5.14.0-427.37.1.el9_4.x86_64  CompilerName: GCC  CompilerVersion: 8.4.0
ProgramName: mri_watershed  ProgramArguments: mri_watershed -all-info  ProgramVersion: 7.3.2  TimeStamp: 2026/03/15-11:49:17-GMT  BuildTime: Aug  4 2022 06:17:15  BuildStamp: freesurfer-linux-ubuntu22_x86_64-7.3.2-20220804-6354275  User: oesteban  Machine: dna078  Platform: Linux  PlatformVersion: 5.14.0-427.37.1.el9_4.x86_64  CompilerName: GCC  CompilerVersion: 8.4.0
ProgramName: tkregister2  ProgramArguments: tkregister2_cmdl -all-info  ProgramVersion: 7.3.2  TimeStamp: 2026/03/15-11:49:17-GMT  BuildTime: Aug  4 2022 06:17:15  BuildStamp: freesurfer-linux-ubuntu22_x86_64-7.3.2-20220804-6354275  User: oesteban  Machine: dna078  Platform: Linux  PlatformVersion: 5.14.0-427.37.1.el9_4.x86_64  CompilerName: GCC  CompilerVersion: 8.4.0
mri_motion_correct.fsl 7.3.2
mri_convert -all-info 
ProgramName: mri_convert  ProgramArguments: mri_convert -all-info  ProgramVersion: 7.3.2  TimeStamp: 2026/03/15-11:49:17-GMT  BuildTime: Aug  4 2022 06:17:15  BuildStamp: freesurfer-linux-ubuntu22_x86_64-7.3.2-20220804-6354275  User: oesteban  Machine: dna078  Platform: Linux  PlatformVersion: 5.14.0-427.37.1.el9_4.x86_64  CompilerName: GCC  CompilerVersion: 8.4.0
Program nu_correct, built from:
Package MNI N3, version 1.12.0, compiled by nicks@terrier (x86_64-unknown-linux-gnu) on 2015-06-19 at 01:25:34
#######################################
GCADIR /opt/freesurfer/average
GCA RB_all_2020-01-02.gca
GCASkull RB_all_withskull_2020_01_02.gca
AvgCurvTif folding.atlas.acfb40.noaparc.i12.2016-08-02.tif
GCSDIR /opt/freesurfer/average
GCS DKaparc.atlas.acfb40.noaparc.i12.2016-08-02.gcs
#######################################
#@# white curv lh Sun Mar 15 12:49:17 CET 2026
cd /out/sourcedata/freesurfer/sub-v2s10x29004_ses-1/mri
mris_place_surface --curv-map ../surf/lh.white 2 10 ../surf/lh.curv
   Update not needed
#@# white area lh Sun Mar 15 12:49:17 CET 2026
cd /out/sourcedata/freesurfer/sub-v2s10x29004_ses-1/mri
mris_place_surface --area-map ../surf/lh.white ../surf/lh.area
   Update not needed
#@# pial curv lh Sun Mar 15 12:49:17 CET 2026
cd /out/sourcedata/freesurfer/sub-v2s10x29004_ses-1/mri
mris_place_surface --curv-map ../surf/lh.pial 2 10 ../surf/lh.curv.pial
   Update not needed
#@# pial area lh Sun Mar 15 12:49:17 CET 2026
cd /out/sourcedata/freesurfer/sub-v2s10x29004_ses-1/mri
mris_place_surface --area-map ../surf/lh.pial ../surf/lh.area.pial
   Update not needed
#@# thickness lh Sun Mar 15 12:49:17 CET 2026
cd /out/sourcedata/freesurfer/sub-v2s10x29004_ses-1/mri
mris_place_surface --thickness ../surf/lh.white ../surf/lh.pial 20 5 ../surf/lh.thickness
   Update not needed
#@# area and vertex vol lh Sun Mar 15 12:49:17 CET 2026
cd /out/sourcedata/freesurfer/sub-v2s10x29004_ses-1/mri
mris_place_surface --thickness ../surf/lh.white ../surf/lh.pial 20 5 ../surf/lh.thickness
   Update not needed
#@# white curv rh Sun Mar 15 12:49:17 CET 2026
cd /out/sourcedata/freesurfer/sub-v2s10x29004_ses-1/mri
mris_place_surface --curv-map ../surf/rh.white 2 10 ../surf/rh.curv
   Update not needed
#@# white area rh Sun Mar 15 12:49:17 CET 2026
cd /out/sourcedata/freesurfer/sub-v2s10x29004_ses-1/mri
mris_place_surface --area-map ../surf/rh.white ../surf/rh.area
   Update not needed
#@# pial curv rh Sun Mar 15 12:49:17 CET 2026
cd /out/sourcedata/freesurfer/sub-v2s10x29004_ses-1/mri
mris_place_surface --curv-map ../surf/rh.pial 2 10 ../surf/rh.curv.pial
   Update not needed
#@# pial area rh Sun Mar 15 12:49:17 CET 2026
cd /out/sourcedata/freesurfer/sub-v2s10x29004_ses-1/mri
mris_place_surface --area-map ../surf/rh.pial ../surf/rh.area.pial
   Update not needed
#@# thickness rh Sun Mar 15 12:49:17 CET 2026
cd /out/sourcedata/freesurfer/sub-v2s10x29004_ses-1/mri
mris_place_surface --thickness ../surf/rh.white ../surf/rh.pial 20 5 ../surf/rh.thickness
   Update not needed
#@# area and vertex vol rh Sun Mar 15 12:49:17 CET 2026
cd /out/sourcedata/freesurfer/sub-v2s10x29004_ses-1/mri
mris_place_surface --thickness ../surf/rh.white ../surf/rh.pial 20 5 ../surf/rh.thickness
   Update not needed
#--------------------------------------------
#@# Cortical ribbon mask Sun Mar 15 12:49:17 CET 2026
/out/sourcedata/freesurfer/sub-v2s10x29004_ses-1/mri

 mris_volmask --aseg_name aseg.presurf --label_left_white 2 --label_left_ribbon 3 --label_right_white 41 --label_right_ribbon 42 --save_ribbon sub-v2s10x29004_ses-1 

SUBJECTS_DIR is /out/sourcedata/freesurfer
loading input data...
Running hemis serially
Processing left hemi
computing distance to left white surface 
computing distance to left pial surface 
Processing right hemi
computing distance to right white surface 
computing distance to right pial surface 
 hemi masks overlap voxels = 138
writing volume /out/sourcedata/freesurfer/sub-v2s10x29004_ses-1/mri/ribbon.mgz
mris_volmask took 2.43 minutes
 writing ribbon files

Started at Sun Mar 15 12:49:16 CET 2026 
Ended   at Sun Mar 15 12:51:43 CET 2026
#@#%# recon-all-run-time-hours 0.041
recon-all -s sub-v2s10x29004_ses-1 finished without error at Sun Mar 15 12:51:43 CET 2026



#New# invocation of recon-all 




Sun Mar 15 12:55:46 CET 2026
cd /out/sourcedata/freesurfer/sub-v2s10x29004_ses-1
setenv SUBJECTS_DIR /out/sourcedata/freesurfer
/opt/freesurfer/bin/recon-all -autorecon3 -openmp 16 -subjid sub-v2s10x29004_ses-1 -sd /out/sourcedata/freesurfer -nosphere -nosurfreg -nojacobian_white -noavgcurv -nocortparc -nopial -noparcstats -nocortparc2 -noparcstats2 -nocortparc3 -noparcstats3 -nopctsurfcon -nocortribbon -nobalabels

subjid sub-v2s10x29004_ses-1
setenv SUBJECTS_DIR /out/sourcedata/freesurfer
FREESURFER_HOME /opt/freesurfer
Actual FREESURFER_HOME /opt/freesurfer
build-stamp.txt: freesurfer-linux-ubuntu22_x86_64-7.3.2-20220804-6354275
Linux dna078 5.14.0-427.37.1.el9_4.x86_64 #1 SMP PREEMPT_DYNAMIC Fri Sep 13 12:41:50 EDT 2024 x86_64 x86_64 x86_64 GNU/Linux
cputime      unlimited
filesize     unlimited
datasize     unlimited
stacksize    8192 kbytes
coredumpsize 0 kbytes
memoryuse    67108864 kbytes
vmemoryuse   unlimited
descriptors  1024 
memorylocked unlimited
maxproc      2061970 
maxlocks     unlimited
maxsignal    2062029 
maxmessage   819200 
maxnice      0 
maxrtprio    0 
maxrttime    unlimited

               total        used        free      shared  buff/cache   available
Mem:           503Gi        56Gi       385Gi       9.2Gi        61Gi       434Gi
Swap:             0B          0B          0B

########################################
program versions used
7.3.2 (freesurfer-linux-ubuntu22_x86_64-7.3.2-20220804-6354275)
7.3.2

ProgramName: lta_convert  ProgramArguments: lta_convert -all-info  ProgramVersion: 7.3.2  TimeStamp: 2026/03/15-11:55:46-GMT  BuildTime: Aug  4 2022 06:17:15  BuildStamp: freesurfer-linux-ubuntu22_x86_64-7.3.2-20220804-6354275  User: oesteban  Machine: dna078  Platform: Linux  PlatformVersion: 5.14.0-427.37.1.el9_4.x86_64  CompilerName: GCC  CompilerVersion: 8.4.0
ProgramName: mri_and  ProgramArguments: mri_and -all-info  ProgramVersion: 7.3.2  TimeStamp: 2026/03/15-11:55:46-GMT  BuildTime: Aug  4 2022 06:17:15  BuildStamp: freesurfer-linux-ubuntu22_x86_64-7.3.2-20220804-6354275  User: oesteban  Machine: dna078  Platform: Linux  PlatformVersion: 5.14.0-427.37.1.el9_4.x86_64  CompilerName: GCC  CompilerVersion: 8.4.0
ProgramName: mri_annotation2label  ProgramArguments: mri_annotation2label -all-info  ProgramVersion: 7.3.2  TimeStamp: 2026/03/15-11:55:46-GMT  BuildTime: Aug  4 2022 06:17:15  BuildStamp: freesurfer-linux-ubuntu22_x86_64-7.3.2-20220804-6354275  User: oesteban  Machine: dna078  Platform: Linux  PlatformVersion: 5.14.0-427.37.1.el9_4.x86_64  CompilerName: GCC  CompilerVersion: 8.4.0
ProgramName: mri_aparc2aseg  ProgramArguments: mri_aparc2aseg -all-info  ProgramVersion: 7.3.2  TimeStamp: 2026/03/15-11:55:46-GMT  BuildTime: Aug  4 2022 06:17:15  BuildStamp: freesurfer-linux-ubuntu22_x86_64-7.3.2-20220804-6354275  User: oesteban  Machine: dna078  Platform: Linux  PlatformVersion: 5.14.0-427.37.1.el9_4.x86_64  CompilerName: GCC  CompilerVersion: 8.4.0
ProgramName: mri_surf2volseg  ProgramArguments: mri_surf2volseg -all-info  ProgramVersion: 7.3.2  TimeStamp: 2026/03/15-11:55:46-GMT  BuildTime: Aug  4 2022 06:17:15  BuildStamp: freesurfer-linux-ubuntu22_x86_64-7.3.2-20220804-6354275  User: oesteban  Machine: dna078  Platform: Linux  PlatformVersion: 5.14.0-427.37.1.el9_4.x86_64  CompilerName: GCC  CompilerVersion: 8.4.0
ProgramName: mri_binarize  ProgramArguments: mri_binarize -all-info  ProgramVersion: 7.3.2  TimeStamp: 2026/03/15-11:55:46-GMT  BuildTime: Aug  4 2022 06:17:15  BuildStamp: freesurfer-linux-ubuntu22_x86_64-7.3.2-20220804-6354275  User: oesteban  Machine: dna078  Platform: Linux  PlatformVersion: 5.14.0-427.37.1.el9_4.x86_64  CompilerName: GCC  CompilerVersion: 8.4.0
ProgramName: mri_ca_label  ProgramArguments: mri_ca_label -all-info  ProgramVersion: 7.3.2  TimeStamp: 2026/03/15-11:55:46-GMT  BuildTime: Aug  4 2022 06:17:15  BuildStamp: freesurfer-linux-ubuntu22_x86_64-7.3.2-20220804-6354275  User: oesteban  Machine: dna078  Platform: Linux  PlatformVersion: 5.14.0-427.37.1.el9_4.x86_64  CompilerName: GCC  CompilerVersion: 8.4.0
ProgramName: mri_ca_normalize  ProgramArguments: mri_ca_normalize -all-info  ProgramVersion: 7.3.2  TimeStamp: 2026/03/15-11:55:46-GMT  BuildTime: Aug  4 2022 06:17:15  BuildStamp: freesurfer-linux-ubuntu22_x86_64-7.3.2-20220804-6354275  User: oesteban  Machine: dna078  Platform: Linux  PlatformVersion: 5.14.0-427.37.1.el9_4.x86_64  CompilerName: GCC  CompilerVersion: 8.4.0
ProgramName: mri_ca_register  ProgramArguments: mri_ca_register -all-info  ProgramVersion: 7.3.2  TimeStamp: 2026/03/15-11:55:46-GMT  BuildTime: Aug  4 2022 06:17:15  BuildStamp: freesurfer-linux-ubuntu22_x86_64-7.3.2-20220804-6354275  User: oesteban  Machine: dna078  Platform: Linux  PlatformVersion: 5.14.0-427.37.1.el9_4.x86_64  CompilerName: GCC  CompilerVersion: 8.4.0
ProgramName: mri_cc  ProgramArguments: mri_cc -all-info  ProgramVersion: 7.3.2  TimeStamp: 2026/03/15-11:55:46-GMT  BuildTime: Aug  4 2022 06:17:15  BuildStamp: freesurfer-linux-ubuntu22_x86_64-7.3.2-20220804-6354275  User: oesteban  Machine: dna078  Platform: Linux  PlatformVersion: 5.14.0-427.37.1.el9_4.x86_64  CompilerName: GCC  CompilerVersion: 8.4.0
ProgramName: mri_compute_overlap  ProgramArguments: mri_compute_overlap -all-info  ProgramVersion: 7.3.2  TimeStamp: 2026/03/15-11:55:46-GMT  BuildTime: Aug  4 2022 06:17:15  BuildStamp: freesurfer-linux-ubuntu22_x86_64-7.3.2-20220804-6354275  User: oesteban  Machine: dna078  Platform: Linux  PlatformVersion: 5.14.0-427.37.1.el9_4.x86_64  CompilerName: GCC  CompilerVersion: 8.4.0
ProgramName: mri_compute_seg_overlap  ProgramArguments: mri_compute_seg_overlap -all-info  ProgramVersion: 7.3.2  TimeStamp: 2026/03/15-11:55:46-GMT  BuildTime: Aug  4 2022 06:17:15  BuildStamp: freesurfer-linux-ubuntu22_x86_64-7.3.2-20220804-6354275  User: oesteban  Machine: dna078  Platform: Linux  PlatformVersion: 5.14.0-427.37.1.el9_4.x86_64  CompilerName: GCC  CompilerVersion: 8.4.0
ProgramName: mri_concat  ProgramArguments: mri_concat -all-info  ProgramVersion: 7.3.2  TimeStamp: 2026/03/15-11:55:46-GMT  BuildTime: Aug  4 2022 06:17:15  BuildStamp: freesurfer-linux-ubuntu22_x86_64-7.3.2-20220804-6354275  User: oesteban  Machine: dna078  Platform: Linux  PlatformVersion: 5.14.0-427.37.1.el9_4.x86_64  CompilerName: GCC  CompilerVersion: 8.4.0
ProgramName: mri_concatenate_lta  ProgramArguments: mri_concatenate_lta -all-info  ProgramVersion: 7.3.2  TimeStamp: 2026/03/15-11:55:46-GMT  BuildTime: Aug  4 2022 06:17:15  BuildStamp: freesurfer-linux-ubuntu22_x86_64-7.3.2-20220804-6354275  User: oesteban  Machine: dna078  Platform: Linux  PlatformVersion: 5.14.0-427.37.1.el9_4.x86_64  CompilerName: GCC  CompilerVersion: 8.4.0
mri_convert -all-info 
ProgramName: mri_convert  ProgramArguments: mri_convert -all-info  ProgramVersion: 7.3.2  TimeStamp: 2026/03/15-11:55:46-GMT  BuildTime: Aug  4 2022 06:17:15  BuildStamp: freesurfer-linux-ubuntu22_x86_64-7.3.2-20220804-6354275  User: oesteban  Machine: dna078  Platform: Linux  PlatformVersion: 5.14.0-427.37.1.el9_4.x86_64  CompilerName: GCC  CompilerVersion: 8.4.0
ProgramName: mri_diff  ProgramArguments: mri_diff -all-info  ProgramVersion: 7.3.2  TimeStamp: 2026/03/15-11:55:46-GMT  BuildTime: Aug  4 2022 06:17:15  BuildStamp: freesurfer-linux-ubuntu22_x86_64-7.3.2-20220804-6354275  User: oesteban  Machine: dna078  Platform: Linux  PlatformVersion: 5.14.0-427.37.1.el9_4.x86_64  CompilerName: GCC  CompilerVersion: 8.4.0
ProgramName: mri_edit_wm_with_aseg  ProgramArguments: mri_edit_wm_with_aseg -all-info  ProgramVersion: 7.3.2  TimeStamp: 2026/03/15-11:55:46-GMT  BuildTime: Aug  4 2022 06:17:15  BuildStamp: freesurfer-linux-ubuntu22_x86_64-7.3.2-20220804-6354275  User: oesteban  Machine: dna078  Platform: Linux  PlatformVersion: 5.14.0-427.37.1.el9_4.x86_64  CompilerName: GCC  CompilerVersion: 8.4.0
ProgramName: mri_em_register  ProgramArguments: mri_em_register -all-info  ProgramVersion: 7.3.2  TimeStamp: 2026/03/15-11:55:46-GMT  BuildTime: Aug  4 2022 06:17:15  BuildStamp: freesurfer-linux-ubuntu22_x86_64-7.3.2-20220804-6354275  User: oesteban  Machine: dna078  Platform: Linux  PlatformVersion: 5.14.0-427.37.1.el9_4.x86_64  CompilerName: GCC  CompilerVersion: 8.4.0
ProgramName: mri_fill  ProgramArguments: mri_fill -all-info  ProgramVersion: 7.3.2  TimeStamp: 2026/03/15-11:55:46-GMT  BuildTime: Aug  4 2022 06:17:15  BuildStamp: freesurfer-linux-ubuntu22_x86_64-7.3.2-20220804-6354275  User: oesteban  Machine: dna078  Platform: Linux  PlatformVersion: 5.14.0-427.37.1.el9_4.x86_64  CompilerName: GCC  CompilerVersion: 8.4.0
ProgramName: mri_fuse_segmentations  ProgramArguments: mri_fuse_segmentations -all-info  ProgramVersion: 7.3.2  TimeStamp: 2026/03/15-11:55:46-GMT  BuildTime: Aug  4 2022 06:17:15  BuildStamp: freesurfer-linux-ubuntu22_x86_64-7.3.2-20220804-6354275  User: oesteban  Machine: dna078  Platform: Linux  PlatformVersion: 5.14.0-427.37.1.el9_4.x86_64  CompilerName: GCC  CompilerVersion: 8.4.0
ProgramName: mri_fwhm  ProgramArguments: mri_fwhm -all-info  ProgramVersion: 7.3.2  TimeStamp: 2026/03/15-11:55:46-GMT  BuildTime: Aug  4 2022 06:17:15  BuildStamp: freesurfer-linux-ubuntu22_x86_64-7.3.2-20220804-6354275  User: oesteban  Machine: dna078  Platform: Linux  PlatformVersion: 5.14.0-427.37.1.el9_4.x86_64  CompilerName: GCC  CompilerVersion: 8.4.0
ProgramName: mri_gcut  ProgramArguments: mri_gcut -all-info  ProgramVersion: 7.3.2  TimeStamp: 2026/03/15-11:55:46-GMT  BuildTime: Aug  4 2022 06:17:15  BuildStamp: freesurfer-linux-ubuntu22_x86_64-7.3.2-20220804-6354275  User: oesteban  Machine: dna078  Platform: Linux  PlatformVersion: 5.14.0-427.37.1.el9_4.x86_64  CompilerName: GCC  CompilerVersion: 8.4.0
ProgramName: mri_info  ProgramArguments: mri_info -all-info  ProgramVersion: 7.3.2  TimeStamp: 2026/03/15-11:55:46-GMT  BuildTime: Aug  4 2022 06:17:15  BuildStamp: freesurfer-linux-ubuntu22_x86_64-7.3.2-20220804-6354275  User: oesteban  Machine: dna078  Platform: Linux  PlatformVersion: 5.14.0-427.37.1.el9_4.x86_64  CompilerName: GCC  CompilerVersion: 8.4.0
ProgramName: mri_label2label  ProgramArguments: mri_label2label -all-info  ProgramVersion: 7.3.2  TimeStamp: 2026/03/15-11:55:46-GMT  BuildTime: Aug  4 2022 06:17:15  BuildStamp: freesurfer-linux-ubuntu22_x86_64-7.3.2-20220804-6354275  User: oesteban  Machine: dna078  Platform: Linux  PlatformVersion: 5.14.0-427.37.1.el9_4.x86_64  CompilerName: GCC  CompilerVersion: 8.4.0
ProgramName: mri_label2vol  ProgramArguments: mri_label2vol -all-info  ProgramVersion: 7.3.2  TimeStamp: 2026/03/15-11:55:46-GMT  BuildTime: Aug  4 2022 06:17:15  BuildStamp: freesurfer-linux-ubuntu22_x86_64-7.3.2-20220804-6354275  User: oesteban  Machine: dna078  Platform: Linux  PlatformVersion: 5.14.0-427.37.1.el9_4.x86_64  CompilerName: GCC  CompilerVersion: 8.4.0
ProgramName: mri_log_likelihood  ProgramArguments: mri_log_likelihood -all-info  ProgramVersion: 7.3.2  TimeStamp: 2026/03/15-11:55:46-GMT  BuildTime: Aug  4 2022 06:17:15  BuildStamp: freesurfer-linux-ubuntu22_x86_64-7.3.2-20220804-6354275  User: oesteban  Machine: dna078  Platform: Linux  PlatformVersion: 5.14.0-427.37.1.el9_4.x86_64  CompilerName: GCC  CompilerVersion: 8.4.0
ProgramName: mri_mask  ProgramArguments: mri_mask -all-info  ProgramVersion: 7.3.2  TimeStamp: 2026/03/15-11:55:46-GMT  BuildTime: Aug  4 2022 06:17:15  BuildStamp: freesurfer-linux-ubuntu22_x86_64-7.3.2-20220804-6354275  User: oesteban  Machine: dna078  Platform: Linux  PlatformVersion: 5.14.0-427.37.1.el9_4.x86_64  CompilerName: GCC  CompilerVersion: 8.4.0
ProgramName: mri_matrix_multiply  ProgramArguments: mri_matrix_multiply -all-info  ProgramVersion: 7.3.2  TimeStamp: 2026/03/15-11:55:46-GMT  BuildTime: Aug  4 2022 06:17:15  BuildStamp: freesurfer-linux-ubuntu22_x86_64-7.3.2-20220804-6354275  User: oesteban  Machine: dna078  Platform: Linux  PlatformVersion: 5.14.0-427.37.1.el9_4.x86_64  CompilerName: GCC  CompilerVersion: 8.4.0
ProgramName: mri_normalize  ProgramArguments: mri_normalize -all-info  ProgramVersion: 7.3.2  TimeStamp: 2026/03/15-11:55:46-GMT  BuildTime: Aug  4 2022 06:17:15  BuildStamp: freesurfer-linux-ubuntu22_x86_64-7.3.2-20220804-6354275  User: oesteban  Machine: dna078  Platform: Linux  PlatformVersion: 5.14.0-427.37.1.el9_4.x86_64  CompilerName: GCC  CompilerVersion: 8.4.0
ProgramName: mri_normalize_tp2  ProgramArguments: mri_normalize_tp2 -all-info  ProgramVersion: 7.3.2  TimeStamp: 2026/03/15-11:55:46-GMT  BuildTime: Aug  4 2022 06:17:15  BuildStamp: freesurfer-linux-ubuntu22_x86_64-7.3.2-20220804-6354275  User: oesteban  Machine: dna078  Platform: Linux  PlatformVersion: 5.14.0-427.37.1.el9_4.x86_64  CompilerName: GCC  CompilerVersion: 8.4.0
ProgramName: mri_or  ProgramArguments: mri_or -all-info  ProgramVersion: 7.3.2  TimeStamp: 2026/03/15-11:55:47-GMT  BuildTime: Aug  4 2022 06:17:15  BuildStamp: freesurfer-linux-ubuntu22_x86_64-7.3.2-20220804-6354275  User: oesteban  Machine: dna078  Platform: Linux  PlatformVersion: 5.14.0-427.37.1.el9_4.x86_64  CompilerName: GCC  CompilerVersion: 8.4.0
ProgramName: mri_relabel_hypointensities  ProgramArguments: mri_relabel_hypointensities -all-info  ProgramVersion: 7.3.2  TimeStamp: 2026/03/15-11:55:47-GMT  BuildTime: Aug  4 2022 06:17:15  BuildStamp: freesurfer-linux-ubuntu22_x86_64-7.3.2-20220804-6354275  User: oesteban  Machine: dna078  Platform: Linux  PlatformVersion: 5.14.0-427.37.1.el9_4.x86_64  CompilerName: GCC  CompilerVersion: 8.4.0
ProgramName: mri_relabel_nonwm_hypos  ProgramArguments: mri_relabel_nonwm_hypos -all-info  ProgramVersion: 7.3.2  TimeStamp: 2026/03/15-11:55:47-GMT  BuildTime: Aug  4 2022 06:17:15  BuildStamp: freesurfer-linux-ubuntu22_x86_64-7.3.2-20220804-6354275  User: oesteban  Machine: dna078  Platform: Linux  PlatformVersion: 5.14.0-427.37.1.el9_4.x86_64  CompilerName: GCC  CompilerVersion: 8.4.0
ProgramName: mri_remove_neck  ProgramArguments: mri_remove_neck -all-info  ProgramVersion: 7.3.2  TimeStamp: 2026/03/15-11:55:47-GMT  BuildTime: Aug  4 2022 06:17:15  BuildStamp: freesurfer-linux-ubuntu22_x86_64-7.3.2-20220804-6354275  User: oesteban  Machine: dna078  Platform: Linux  PlatformVersion: 5.14.0-427.37.1.el9_4.x86_64  CompilerName: GCC  CompilerVersion: 8.4.0
7.3.2

ProgramName: mri_robust_register  ProgramArguments: mri_robust_register -all-info  ProgramVersion: 7.3.2  TimeStamp: 2026/03/15-11:55:47-GMT  BuildTime: Aug  4 2022 06:17:15  BuildStamp: freesurfer-linux-ubuntu22_x86_64-7.3.2-20220804-6354275  User: oesteban  Machine: dna078  Platform: Linux  PlatformVersion: 5.14.0-427.37.1.el9_4.x86_64  CompilerName: GCC  CompilerVersion: 8.4.0
7.3.2

ProgramName: mri_robust_template  ProgramArguments: mri_robust_template -all-info  ProgramVersion: 7.3.2  TimeStamp: 2026/03/15-11:55:47-GMT  BuildTime: Aug  4 2022 06:17:15  BuildStamp: freesurfer-linux-ubuntu22_x86_64-7.3.2-20220804-6354275  User: oesteban  Machine: dna078  Platform: Linux  PlatformVersion: 5.14.0-427.37.1.el9_4.x86_64  CompilerName: GCC  CompilerVersion: 8.4.0
ProgramName: mris_anatomical_stats  ProgramArguments: mris_anatomical_stats -all-info  ProgramVersion: 7.3.2  TimeStamp: 2026/03/15-11:55:47-GMT  BuildTime: Aug  4 2022 06:17:15  BuildStamp: freesurfer-linux-ubuntu22_x86_64-7.3.2-20220804-6354275  User: oesteban  Machine: dna078  Platform: Linux  PlatformVersion: 5.14.0-427.37.1.el9_4.x86_64  CompilerName: GCC  CompilerVersion: 8.4.0
ProgramName: mris_ca_label  ProgramArguments: mris_ca_label -all-info  ProgramVersion: 7.3.2  TimeStamp: 2026/03/15-11:55:47-GMT  BuildTime: Aug  4 2022 06:17:15  BuildStamp: freesurfer-linux-ubuntu22_x86_64-7.3.2-20220804-6354275  User: oesteban  Machine: dna078  Platform: Linux  PlatformVersion: 5.14.0-427.37.1.el9_4.x86_64  CompilerName: GCC  CompilerVersion: 8.4.0
ProgramName: mris_calc  ProgramArguments: mris_calc -all-info  ProgramVersion: 7.3.2  TimeStamp: 2026/03/15-11:55:47-GMT  BuildTime: Aug  4 2022 06:17:15  BuildStamp: freesurfer-linux-ubuntu22_x86_64-7.3.2-20220804-6354275  User: oesteban  Machine: dna078  Platform: Linux  PlatformVersion: 5.14.0-427.37.1.el9_4.x86_64  CompilerName: GCC  CompilerVersion: 8.4.0
ProgramName: mris_convert  ProgramArguments: mris_convert -all-info  ProgramVersion: 7.3.2  TimeStamp: 2026/03/15-11:55:47-GMT  BuildTime: Aug  4 2022 06:17:15  BuildStamp: freesurfer-linux-ubuntu22_x86_64-7.3.2-20220804-6354275  User: oesteban  Machine: dna078  Platform: Linux  PlatformVersion: 5.14.0-427.37.1.el9_4.x86_64  CompilerName: GCC  CompilerVersion: 8.4.0
ProgramName: mris_curvature  ProgramArguments: mris_curvature -all-info  ProgramVersion: 7.3.2  TimeStamp: 2026/03/15-11:55:47-GMT  BuildTime: Aug  4 2022 06:17:15  BuildStamp: freesurfer-linux-ubuntu22_x86_64-7.3.2-20220804-6354275  User: oesteban  Machine: dna078  Platform: Linux  PlatformVersion: 5.14.0-427.37.1.el9_4.x86_64  CompilerName: GCC  CompilerVersion: 8.4.0
ProgramName: mris_curvature_stats  ProgramArguments: mris_curvature_stats -all-info  ProgramVersion: 7.3.2  TimeStamp: 2026/03/15-11:55:47-GMT  BuildTime: Aug  4 2022 06:17:15  BuildStamp: freesurfer-linux-ubuntu22_x86_64-7.3.2-20220804-6354275  User: oesteban  Machine: dna078  Platform: Linux  PlatformVersion: 5.14.0-427.37.1.el9_4.x86_64  CompilerName: GCC  CompilerVersion: 8.4.0
ProgramName: mris_diff  ProgramArguments: mris_diff -all-info  ProgramVersion: 7.3.2  TimeStamp: 2026/03/15-11:55:47-GMT  BuildTime: Aug  4 2022 06:17:15  BuildStamp: freesurfer-linux-ubuntu22_x86_64-7.3.2-20220804-6354275  User: oesteban  Machine: dna078  Platform: Linux  PlatformVersion: 5.14.0-427.37.1.el9_4.x86_64  CompilerName: GCC  CompilerVersion: 8.4.0
ProgramName: mris_divide_parcellation  ProgramArguments: mris_divide_parcellation -all-info  ProgramVersion: 7.3.2  TimeStamp: 2026/03/15-11:55:47-GMT  BuildTime: Aug  4 2022 06:17:15  BuildStamp: freesurfer-linux-ubuntu22_x86_64-7.3.2-20220804-6354275  User: oesteban  Machine: dna078  Platform: Linux  PlatformVersion: 5.14.0-427.37.1.el9_4.x86_64  CompilerName: GCC  CompilerVersion: 8.4.0
ProgramName: mri_segment  ProgramArguments: mri_segment -all-info  ProgramVersion: 7.3.2  TimeStamp: 2026/03/15-11:55:47-GMT  BuildTime: Aug  4 2022 06:17:15  BuildStamp: freesurfer-linux-ubuntu22_x86_64-7.3.2-20220804-6354275  User: oesteban  Machine: dna078  Platform: Linux  PlatformVersion: 5.14.0-427.37.1.el9_4.x86_64  CompilerName: GCC  CompilerVersion: 8.4.0
ProgramName: mri_segstats  ProgramArguments: mri_segstats -all-info  ProgramVersion: 7.3.2  TimeStamp: 2026/03/15-11:55:47-GMT  BuildTime: Aug  4 2022 06:17:15  BuildStamp: freesurfer-linux-ubuntu22_x86_64-7.3.2-20220804-6354275  User: oesteban  Machine: dna078  Platform: Linux  PlatformVersion: 5.14.0-427.37.1.el9_4.x86_64  CompilerName: GCC  CompilerVersion: 8.4.0
ProgramName: mris_euler_number  ProgramArguments: mris_euler_number -all-info  ProgramVersion: 7.3.2  TimeStamp: 2026/03/15-11:55:47-GMT  BuildTime: Aug  4 2022 06:17:15  BuildStamp: freesurfer-linux-ubuntu22_x86_64-7.3.2-20220804-6354275  User: oesteban  Machine: dna078  Platform: Linux  PlatformVersion: 5.14.0-427.37.1.el9_4.x86_64  CompilerName: GCC  CompilerVersion: 8.4.0
ProgramName: mris_fix_topology  ProgramArguments: mris_fix_topology -all-info  ProgramVersion: 7.3.2  TimeStamp: 2026/03/15-11:55:47-GMT  BuildTime: Aug  4 2022 06:17:15  BuildStamp: freesurfer-linux-ubuntu22_x86_64-7.3.2-20220804-6354275  User: oesteban  Machine: dna078  Platform: Linux  PlatformVersion: 5.14.0-427.37.1.el9_4.x86_64  CompilerName: GCC  CompilerVersion: 8.4.0
ProgramName: mris_topo_fixer  ProgramArguments: mris_topo_fixer -all-info  ProgramVersion: 7.3.2  TimeStamp: 2026/03/15-11:55:47-GMT  BuildTime: Aug  4 2022 06:17:15  BuildStamp: freesurfer-linux-ubuntu22_x86_64-7.3.2-20220804-6354275  User: oesteban  Machine: dna078  Platform: Linux  PlatformVersion: 5.14.0-427.37.1.el9_4.x86_64  CompilerName: GCC  CompilerVersion: 8.4.0
ProgramName: mris_jacobian  ProgramArguments: mris_jacobian -all-info  ProgramVersion: 7.3.2  TimeStamp: 2026/03/15-11:55:47-GMT  BuildTime: Aug  4 2022 06:17:15  BuildStamp: freesurfer-linux-ubuntu22_x86_64-7.3.2-20220804-6354275  User: oesteban  Machine: dna078  Platform: Linux  PlatformVersion: 5.14.0-427.37.1.el9_4.x86_64  CompilerName: GCC  CompilerVersion: 8.4.0
ProgramName: mris_label2annot  ProgramArguments: mris_label2annot -all-info  ProgramVersion: 7.3.2  TimeStamp: 2026/03/15-11:55:47-GMT  BuildTime: Aug  4 2022 06:17:15  BuildStamp: freesurfer-linux-ubuntu22_x86_64-7.3.2-20220804-6354275  User: oesteban  Machine: dna078  Platform: Linux  PlatformVersion: 5.14.0-427.37.1.el9_4.x86_64  CompilerName: GCC  CompilerVersion: 8.4.0
ProgramName: mris_left_right_register  ProgramArguments: mris_left_right_register -all-info  ProgramVersion: 7.3.2  TimeStamp: 2026/03/15-11:55:47-GMT  BuildTime: Aug  4 2022 06:17:15  BuildStamp: freesurfer-linux-ubuntu22_x86_64-7.3.2-20220804-6354275  User: oesteban  Machine: dna078  Platform: Linux  PlatformVersion: 5.14.0-427.37.1.el9_4.x86_64  CompilerName: GCC  CompilerVersion: 8.4.0
ProgramName: mris_place_surface  ProgramArguments: mris_place_surface -all-info  ProgramVersion: 7.3.2  TimeStamp: 2026/03/15-11:55:47-GMT  BuildTime: Aug  4 2022 06:17:15  BuildStamp: freesurfer-linux-ubuntu22_x86_64-7.3.2-20220804-6354275  User: oesteban  Machine: dna078  Platform: Linux  PlatformVersion: 5.14.0-427.37.1.el9_4.x86_64  CompilerName: GCC  CompilerVersion: 8.4.0
ProgramName: mrisp_paint  ProgramArguments: mrisp_paint -all-info  ProgramVersion: 7.3.2  TimeStamp: 2026/03/15-11:55:47-GMT  BuildTime: Aug  4 2022 06:17:15  BuildStamp: freesurfer-linux-ubuntu22_x86_64-7.3.2-20220804-6354275  User: oesteban  Machine: dna078  Platform: Linux  PlatformVersion: 5.14.0-427.37.1.el9_4.x86_64  CompilerName: GCC  CompilerVersion: 8.4.0
ProgramName: mris_register  ProgramArguments: mris_register -all-info  ProgramVersion: 7.3.2  TimeStamp: 2026/03/15-11:55:47-GMT  BuildTime: Aug  4 2022 06:17:15  BuildStamp: freesurfer-linux-ubuntu22_x86_64-7.3.2-20220804-6354275  User: oesteban  Machine: dna078  Platform: Linux  PlatformVersion: 5.14.0-427.37.1.el9_4.x86_64  CompilerName: GCC  CompilerVersion: 8.4.0
ProgramName: mris_smooth  ProgramArguments: mris_smooth -all-info  ProgramVersion: 7.3.2  TimeStamp: 2026/03/15-11:55:47-GMT  BuildTime: Aug  4 2022 06:17:15  BuildStamp: freesurfer-linux-ubuntu22_x86_64-7.3.2-20220804-6354275  User: oesteban  Machine: dna078  Platform: Linux  PlatformVersion: 5.14.0-427.37.1.el9_4.x86_64  CompilerName: GCC  CompilerVersion: 8.4.0
ProgramName: mris_sphere  ProgramArguments: mris_sphere -all-info  ProgramVersion: 7.3.2  TimeStamp: 2026/03/15-11:55:47-GMT  BuildTime: Aug  4 2022 06:17:15  BuildStamp: freesurfer-linux-ubuntu22_x86_64-7.3.2-20220804-6354275  User: oesteban  Machine: dna078  Platform: Linux  PlatformVersion: 5.14.0-427.37.1.el9_4.x86_64  CompilerName: GCC  CompilerVersion: 8.4.0
ProgramName: mris_surface_stats  ProgramArguments: mris_surface_stats -all-info  ProgramVersion: 7.3.2  TimeStamp: 2026/03/15-11:55:47-GMT  BuildTime: Aug  4 2022 06:17:15  BuildStamp: freesurfer-linux-ubuntu22_x86_64-7.3.2-20220804-6354275  User: oesteban  Machine: dna078  Platform: Linux  PlatformVersion: 5.14.0-427.37.1.el9_4.x86_64  CompilerName: GCC  CompilerVersion: 8.4.0
ProgramName: mri_stats2seg  ProgramArguments: mri_stats2seg -all-info  ProgramVersion: 7.3.2  TimeStamp: 2026/03/15-11:55:47-GMT  BuildTime: Aug  4 2022 06:17:15  BuildStamp: freesurfer-linux-ubuntu22_x86_64-7.3.2-20220804-6354275  User: oesteban  Machine: dna078  Platform: Linux  PlatformVersion: 5.14.0-427.37.1.el9_4.x86_64  CompilerName: GCC  CompilerVersion: 8.4.0
ProgramName: mris_thickness  ProgramArguments: mris_thickness -all-info  ProgramVersion: 7.3.2  TimeStamp: 2026/03/15-11:55:47-GMT  BuildTime: Aug  4 2022 06:17:15  BuildStamp: freesurfer-linux-ubuntu22_x86_64-7.3.2-20220804-6354275  User: oesteban  Machine: dna078  Platform: Linux  PlatformVersion: 5.14.0-427.37.1.el9_4.x86_64  CompilerName: GCC  CompilerVersion: 8.4.0
ProgramName: mris_thickness_diff  ProgramArguments: mris_thickness_diff -all-info  ProgramVersion: 7.3.2  TimeStamp: 2026/03/15-11:55:47-GMT  BuildTime: Aug  4 2022 06:17:15  BuildStamp: freesurfer-linux-ubuntu22_x86_64-7.3.2-20220804-6354275  User: oesteban  Machine: dna078  Platform: Linux  PlatformVersion: 5.14.0-427.37.1.el9_4.x86_64  CompilerName: GCC  CompilerVersion: 8.4.0
ProgramName: mris_topo_fixer  ProgramArguments: mris_topo_fixer -all-info  ProgramVersion: 7.3.2  TimeStamp: 2026/03/15-11:55:47-GMT  BuildTime: Aug  4 2022 06:17:15  BuildStamp: freesurfer-linux-ubuntu22_x86_64-7.3.2-20220804-6354275  User: oesteban  Machine: dna078  Platform: Linux  PlatformVersion: 5.14.0-427.37.1.el9_4.x86_64  CompilerName: GCC  CompilerVersion: 8.4.0
ProgramName: mri_surf2surf  ProgramArguments: mri_surf2surf -all-info  ProgramVersion: 7.3.2  TimeStamp: 2026/03/15-11:55:47-GMT  BuildTime: Aug  4 2022 06:17:15  BuildStamp: freesurfer-linux-ubuntu22_x86_64-7.3.2-20220804-6354275  User: oesteban  Machine: dna078  Platform: Linux  PlatformVersion: 5.14.0-427.37.1.el9_4.x86_64  CompilerName: GCC  CompilerVersion: 8.4.0
ProgramName: mri_surf2vol  ProgramArguments: mri_surf2vol -all-info  ProgramVersion: 7.3.2  TimeStamp: 2026/03/15-11:55:47-GMT  BuildTime: Aug  4 2022 06:17:15  BuildStamp: freesurfer-linux-ubuntu22_x86_64-7.3.2-20220804-6354275  User: oesteban  Machine: dna078  Platform: Linux  PlatformVersion: 5.14.0-427.37.1.el9_4.x86_64  CompilerName: GCC  CompilerVersion: 8.4.0
ProgramName: mri_surfcluster  ProgramArguments: mri_surfcluster -all-info  ProgramVersion: 7.3.2  TimeStamp: 2026/03/15-11:55:47-GMT  BuildTime: Aug  4 2022 06:17:15  BuildStamp: freesurfer-linux-ubuntu22_x86_64-7.3.2-20220804-6354275  User: oesteban  Machine: dna078  Platform: Linux  PlatformVersion: 5.14.0-427.37.1.el9_4.x86_64  CompilerName: GCC  CompilerVersion: 8.4.0
ProgramName: mris_volmask  ProgramArguments: mris_volmask -all-info  ProgramVersion: 7.3.2  TimeStamp: 2026/03/15-11:55:47-GMT  BuildTime: Aug  4 2022 06:17:15  BuildStamp: freesurfer-linux-ubuntu22_x86_64-7.3.2-20220804-6354275  User: oesteban  Machine: dna078  Platform: Linux  PlatformVersion: 5.14.0-427.37.1.el9_4.x86_64  CompilerName: GCC  CompilerVersion: 8.4.0
ProgramName: mri_tessellate  ProgramArguments: mri_tessellate -all-info  ProgramVersion: 7.3.2  TimeStamp: 2026/03/15-11:55:47-GMT  BuildTime: Aug  4 2022 06:17:15  BuildStamp: freesurfer-linux-ubuntu22_x86_64-7.3.2-20220804-6354275  User: oesteban  Machine: dna078  Platform: Linux  PlatformVersion: 5.14.0-427.37.1.el9_4.x86_64  CompilerName: GCC  CompilerVersion: 8.4.0
ProgramName: mri_vol2surf  ProgramArguments: mri_vol2surf -all-info  ProgramVersion: 7.3.2  TimeStamp: 2026/03/15-11:55:47-GMT  BuildTime: Aug  4 2022 06:17:15  BuildStamp: freesurfer-linux-ubuntu22_x86_64-7.3.2-20220804-6354275  User: oesteban  Machine: dna078  Platform: Linux  PlatformVersion: 5.14.0-427.37.1.el9_4.x86_64  CompilerName: GCC  CompilerVersion: 8.4.0
ProgramName: mri_vol2vol  ProgramArguments: mri_vol2vol -all-info  ProgramVersion: 7.3.2  TimeStamp: 2026/03/15-11:55:47-GMT  BuildTime: Aug  4 2022 06:17:15  BuildStamp: freesurfer-linux-ubuntu22_x86_64-7.3.2-20220804-6354275  User: oesteban  Machine: dna078  Platform: Linux  PlatformVersion: 5.14.0-427.37.1.el9_4.x86_64  CompilerName: GCC  CompilerVersion: 8.4.0
ProgramName: mri_voldiff  ProgramArguments: mri_voldiff -all-info  ProgramVersion: 7.3.2  TimeStamp: 2026/03/15-11:55:47-GMT  BuildTime: Aug  4 2022 06:17:15  BuildStamp: freesurfer-linux-ubuntu22_x86_64-7.3.2-20220804-6354275  User: oesteban  Machine: dna078  Platform: Linux  PlatformVersion: 5.14.0-427.37.1.el9_4.x86_64  CompilerName: GCC  CompilerVersion: 8.4.0
ProgramName: mri_watershed  ProgramArguments: mri_watershed -all-info  ProgramVersion: 7.3.2  TimeStamp: 2026/03/15-11:55:47-GMT  BuildTime: Aug  4 2022 06:17:15  BuildStamp: freesurfer-linux-ubuntu22_x86_64-7.3.2-20220804-6354275  User: oesteban  Machine: dna078  Platform: Linux  PlatformVersion: 5.14.0-427.37.1.el9_4.x86_64  CompilerName: GCC  CompilerVersion: 8.4.0
ProgramName: tkregister2  ProgramArguments: tkregister2_cmdl -all-info  ProgramVersion: 7.3.2  TimeStamp: 2026/03/15-11:55:47-GMT  BuildTime: Aug  4 2022 06:17:15  BuildStamp: freesurfer-linux-ubuntu22_x86_64-7.3.2-20220804-6354275  User: oesteban  Machine: dna078  Platform: Linux  PlatformVersion: 5.14.0-427.37.1.el9_4.x86_64  CompilerName: GCC  CompilerVersion: 8.4.0
mri_motion_correct.fsl 7.3.2
mri_convert -all-info 
ProgramName: mri_convert  ProgramArguments: mri_convert -all-info  ProgramVersion: 7.3.2  TimeStamp: 2026/03/15-11:55:47-GMT  BuildTime: Aug  4 2022 06:17:15  BuildStamp: freesurfer-linux-ubuntu22_x86_64-7.3.2-20220804-6354275  User: oesteban  Machine: dna078  Platform: Linux  PlatformVersion: 5.14.0-427.37.1.el9_4.x86_64  CompilerName: GCC  CompilerVersion: 8.4.0
Program nu_correct, built from:
Package MNI N3, version 1.12.0, compiled by nicks@terrier (x86_64-unknown-linux-gnu) on 2015-06-19 at 01:25:34
#######################################
GCADIR /opt/freesurfer/average
GCA RB_all_2020-01-02.gca
GCASkull RB_all_withskull_2020_01_02.gca
AvgCurvTif folding.atlas.acfb40.noaparc.i12.2016-08-02.tif
GCSDIR /opt/freesurfer/average
GCS DKaparc.atlas.acfb40.noaparc.i12.2016-08-02.gcs
#######################################
#--------------------------------------------
#@# WhiteSurfs lh Sun Mar 15 12:55:47 CET 2026
cd /out/sourcedata/freesurfer/sub-v2s10x29004_ses-1/mri
mris_place_surface --adgws-in ../surf/autodet.gw.stats.lh.dat --seg aseg.presurf.mgz --threads 16 --wm wm.mgz --invol brain.finalsurfs.mgz --lh --i ../surf/lh.white.preaparc --o ../surf/lh.white --white --nsmooth 0 --rip-label ../label/lh.cortex.label --rip-bg --rip-surf ../surf/lh.white.preaparc --aparc ../label/lh.aparc.annot
   Update not needed
#--------------------------------------------
#@# WhiteSurfs rh Sun Mar 15 12:55:47 CET 2026
cd /out/sourcedata/freesurfer/sub-v2s10x29004_ses-1/mri
mris_place_surface --adgws-in ../surf/autodet.gw.stats.rh.dat --seg aseg.presurf.mgz --threads 16 --wm wm.mgz --invol brain.finalsurfs.mgz --rh --i ../surf/rh.white.preaparc --o ../surf/rh.white --white --nsmooth 0 --rip-label ../label/rh.cortex.label --rip-bg --rip-surf ../surf/rh.white.preaparc --aparc ../label/rh.aparc.annot
   Update not needed
#@# white curv lh Sun Mar 15 12:55:47 CET 2026
cd /out/sourcedata/freesurfer/sub-v2s10x29004_ses-1/mri
mris_place_surface --curv-map ../surf/lh.white 2 10 ../surf/lh.curv
   Update not needed
#@# white area lh Sun Mar 15 12:55:47 CET 2026
cd /out/sourcedata/freesurfer/sub-v2s10x29004_ses-1/mri
mris_place_surface --area-map ../surf/lh.white ../surf/lh.area
   Update not needed
#@# pial curv lh Sun Mar 15 12:55:47 CET 2026
cd /out/sourcedata/freesurfer/sub-v2s10x29004_ses-1/mri
mris_place_surface --curv-map ../surf/lh.pial 2 10 ../surf/lh.curv.pial
   Update not needed
#@# pial area lh Sun Mar 15 12:55:47 CET 2026
cd /out/sourcedata/freesurfer/sub-v2s10x29004_ses-1/mri
mris_place_surface --area-map ../surf/lh.pial ../surf/lh.area.pial
   Update not needed
#@# thickness lh Sun Mar 15 12:55:47 CET 2026
cd /out/sourcedata/freesurfer/sub-v2s10x29004_ses-1/mri
mris_place_surface --thickness ../surf/lh.white ../surf/lh.pial 20 5 ../surf/lh.thickness
   Update not needed
#@# area and vertex vol lh Sun Mar 15 12:55:47 CET 2026
cd /out/sourcedata/freesurfer/sub-v2s10x29004_ses-1/mri
mris_place_surface --thickness ../surf/lh.white ../surf/lh.pial 20 5 ../surf/lh.thickness
   Update not needed
#@# white curv rh Sun Mar 15 12:55:47 CET 2026
cd /out/sourcedata/freesurfer/sub-v2s10x29004_ses-1/mri
mris_place_surface --curv-map ../surf/rh.white 2 10 ../surf/rh.curv
   Update not needed
#@# white area rh Sun Mar 15 12:55:47 CET 2026
cd /out/sourcedata/freesurfer/sub-v2s10x29004_ses-1/mri
mris_place_surface --area-map ../surf/rh.white ../surf/rh.area
   Update not needed
#@# pial curv rh Sun Mar 15 12:55:47 CET 2026
cd /out/sourcedata/freesurfer/sub-v2s10x29004_ses-1/mri
mris_place_surface --curv-map ../surf/rh.pial 2 10 ../surf/rh.curv.pial
   Update not needed
#@# pial area rh Sun Mar 15 12:55:47 CET 2026
cd /out/sourcedata/freesurfer/sub-v2s10x29004_ses-1/mri
mris_place_surface --area-map ../surf/rh.pial ../surf/rh.area.pial
   Update not needed
#@# thickness rh Sun Mar 15 12:55:47 CET 2026
cd /out/sourcedata/freesurfer/sub-v2s10x29004_ses-1/mri
mris_place_surface --thickness ../surf/rh.white ../surf/rh.pial 20 5 ../surf/rh.thickness
   Update not needed
#@# area and vertex vol rh Sun Mar 15 12:55:47 CET 2026
cd /out/sourcedata/freesurfer/sub-v2s10x29004_ses-1/mri
mris_place_surface --thickness ../surf/rh.white ../surf/rh.pial 20 5 ../surf/rh.thickness
   Update not needed

#-----------------------------------------
#@# Curvature Stats lh Sun Mar 15 12:55:47 CET 2026
/out/sourcedata/freesurfer/sub-v2s10x29004_ses-1/surf

 mris_curvature_stats -m --writeCurvatureFiles -G -o ../stats/lh.curv.stats -F smoothwm sub-v2s10x29004_ses-1 lh curv sulc 

             Toggling save flag on curvature files                       [ ok ]
                 Outputting results using filestem   [ ../stats/lh.curv.stats ]
             Toggling save flag on curvature files                       [ ok ]
                                   Setting surface [ sub-v2s10x29004_ses-1/lh.smoothwm ]
                                Reading surface...                       [ ok ]
                                   Setting texture                     [ curv ]
                                Reading texture...                       [ ok ]
                                   Setting texture                     [ sulc ]
                                Reading texture...Gb_filter = 0
                       [ ok ]
      Calculating Discrete Principal Curvatures...
      Determining geometric order for vno faces... [####################] [ ok ]
                      Determining KH curvatures... [####################] [ ok ]
                    Determining k1k2 curvatures... [####################] [ ok ]
                                   deltaViolations                      [ 202 ]
Gb_filter = 0

WARN:    S lookup   min:                          -0.232662
WARN:    S explicit min:                          0.000000	vertex = 22

#-----------------------------------------
#@# Curvature Stats rh Sun Mar 15 12:55:48 CET 2026
/out/sourcedata/freesurfer/sub-v2s10x29004_ses-1/surf

 mris_curvature_stats -m --writeCurvatureFiles -G -o ../stats/rh.curv.stats -F smoothwm sub-v2s10x29004_ses-1 rh curv sulc 

             Toggling save flag on curvature files                       [ ok ]
                 Outputting results using filestem   [ ../stats/rh.curv.stats ]
             Toggling save flag on curvature files                       [ ok ]
                                   Setting surface [ sub-v2s10x29004_ses-1/rh.smoothwm ]
                                Reading surface...                       [ ok ]
                                   Setting texture                     [ curv ]
                                Reading texture...                       [ ok ]
                                   Setting texture                     [ sulc ]
                                Reading texture...Gb_filter = 0
                       [ ok ]
      Calculating Discrete Principal Curvatures...
      Determining geometric order for vno faces... [####################] [ ok ]
                      Determining KH curvatures... [####################] [ ok ]
                    Determining k1k2 curvatures... [####################] [ ok ]
                                   deltaViolations                      [ 198 ]
Gb_filter = 0

WARN:    S lookup   min:                          -0.050363
WARN:    S explicit min:                          0.000000	vertex = 6
#-----------------------------------------
#@# Relabel Hypointensities Sun Mar 15 12:55:49 CET 2026
/out/sourcedata/freesurfer/sub-v2s10x29004_ses-1/mri

 mri_relabel_hypointensities aseg.presurf.mgz ../surf aseg.presurf.hypos.mgz 

reading input surface ../surf/lh.white...
relabeling lh hypointensities...
2194 voxels changed to hypointensity...
reading input surface ../surf/rh.white...
relabeling rh hypointensities...
2267 voxels changed to hypointensity...
4464 hypointense voxels neighboring cortex changed
#-----------------------------------------
#@# APas-to-ASeg Sun Mar 15 12:55:59 CET 2026
/out/sourcedata/freesurfer/sub-v2s10x29004_ses-1/mri

 mri_surf2volseg --o aseg.mgz --i aseg.presurf.hypos.mgz --fix-presurf-with-ribbon /out/sourcedata/freesurfer/sub-v2s10x29004_ses-1/mri/ribbon.mgz --threads 16 --lh-cortex-mask /out/sourcedata/freesurfer/sub-v2s10x29004_ses-1/label/lh.cortex.label --lh-white /out/sourcedata/freesurfer/sub-v2s10x29004_ses-1/surf/lh.white --lh-pial /out/sourcedata/freesurfer/sub-v2s10x29004_ses-1/surf/lh.pial --rh-cortex-mask /out/sourcedata/freesurfer/sub-v2s10x29004_ses-1/label/rh.cortex.label --rh-white /out/sourcedata/freesurfer/sub-v2s10x29004_ses-1/surf/rh.white --rh-pial /out/sourcedata/freesurfer/sub-v2s10x29004_ses-1/surf/rh.pial 

SUBJECTS_DIR /out/sourcedata/freesurfer
outvol aseg.mgz
16 avail.processors, using 16
Loading aseg.presurf.hypos.mgz
Loading /out/sourcedata/freesurfer/sub-v2s10x29004_ses-1/mri/ribbon.mgz
Loading /out/sourcedata/freesurfer/sub-v2s10x29004_ses-1/surf/lh.white
Loading /out/sourcedata/freesurfer/sub-v2s10x29004_ses-1/surf/lh.pial
Loading /out/sourcedata/freesurfer/sub-v2s10x29004_ses-1/label/lh.cortex.label
Loading /out/sourcedata/freesurfer/sub-v2s10x29004_ses-1/surf/rh.white
Loading /out/sourcedata/freesurfer/sub-v2s10x29004_ses-1/surf/rh.pial
Loading /out/sourcedata/freesurfer/sub-v2s10x29004_ses-1/label/rh.cortex.label
Done loading
  0 192  96 176  48 208 224 144 112  32 240 128  16 160 241  33  80 193   1 209  17 225  49  34 242   2  18 226 194 210  50  35 243 177  97  64 161   3  81  19 
 51 227  36 195 244   4  20  52 228  37 196 245   5  65 178  21  82 229  53  38 246 197   6  22 162 230  54  39 
247 198   7  23 179 
 66  98 211 145  83 231  40 248 199 
 55   8  24 212  41 200 232 249  56   9 163  25  67 180  42 213  84 201 233 250  57  10  26  43 214 146 202 251 234  58  11  44  27  68 164 203  85 252 181 235  45  12  28  59 
215 204 253  46  13 236  29  69 205 216 254  60  47 113  14  99 
237 182  86  30 147 206 217 255 165  15 238  31 218 207  70  61 239 
183 219 
 87 129 220 148  71  62 221 166 100 184 222  88  63 223  72 185 149 186 101 167  89 187 150  73 188 189 168 114  90 151 102  74 190 191 169  75 152  91 130 103 170 153  92  76 171 104 154 172  77  93 115 105 173 155  78 174  94 156  79 
106 175 131  95 157 107 116 158 132 108 159 
133 117 109 134 110 118 135 111 136 119 
137 120 138 139 
121 140 122 141 142 123 143 124 125 126 127 
nrelabeled = 123852
ndotcheck = 0
Starting Surf2VolSeg free
free done
#VMPC# mri_surf2volseg VmPeak  2310136
mri_surf2volseg done

 mri_brainvol_stats sub-v2s10x29004_ses-1 

ComputeBrainVolumeStats2 VoxelVol=1, KeepCSF=1
  #CBVS2 MaskVol              1330864.0
  #CBVS2 BrainSegVol          1081276.0
  #CBVS2 BrainSegVolNotVent   1072649.0
  #CBVS2 SupraTentVol          953503.0
  #CBVS2 SupraTentVolNotVent   944876.0
  #CBVS2 lhCtxGM               246554.9
  #CBVS2 rhCtxGM               247890.7
  #CBVS2 lhCerebralWM          197138.5
  #CBVS2 rhCerebralWM          196930.5
  #CBVS2 SubCortGMVol           57589.0
  #CBVS2 CerebellumVol         127773.0
  #CBVS2 CerebellumGMVol       102297.0
  #CBVS2 VentChorVol             6144.0
  #CBVS2 3rd4th5thCSF            2483.0
  #CBVS2 AllCSF                  8627.0
  #CBVS2 CCVol                   2853.0
#-----------------------------------------
#@# AParc-to-ASeg aparc Sun Mar 15 12:56:03 CET 2026
/out/sourcedata/freesurfer/sub-v2s10x29004_ses-1/mri

 mri_surf2volseg --o aparc+aseg.mgz --label-cortex --i aseg.mgz --threads 16 --lh-annot /out/sourcedata/freesurfer/sub-v2s10x29004_ses-1/label/lh.aparc.annot 1000 --lh-cortex-mask /out/sourcedata/freesurfer/sub-v2s10x29004_ses-1/label/lh.cortex.label --lh-white /out/sourcedata/freesurfer/sub-v2s10x29004_ses-1/surf/lh.white --lh-pial /out/sourcedata/freesurfer/sub-v2s10x29004_ses-1/surf/lh.pial --rh-annot /out/sourcedata/freesurfer/sub-v2s10x29004_ses-1/label/rh.aparc.annot 2000 --rh-cortex-mask /out/sourcedata/freesurfer/sub-v2s10x29004_ses-1/label/rh.cortex.label --rh-white /out/sourcedata/freesurfer/sub-v2s10x29004_ses-1/surf/rh.white --rh-pial /out/sourcedata/freesurfer/sub-v2s10x29004_ses-1/surf/rh.pial 

SUBJECTS_DIR /out/sourcedata/freesurfer
outvol aparc+aseg.mgz
16 avail.processors, using 16
Loading aseg.mgz
Loading /out/sourcedata/freesurfer/sub-v2s10x29004_ses-1/surf/lh.white
Loading /out/sourcedata/freesurfer/sub-v2s10x29004_ses-1/surf/lh.pial
Loading /out/sourcedata/freesurfer/sub-v2s10x29004_ses-1/label/lh.cortex.label
Ripping lh vertices labeled not in lh.cortex.label
  ripped 7244 vertices from lh hemi
Loading /out/sourcedata/freesurfer/sub-v2s10x29004_ses-1/label/lh.aparc.annot
Loading /out/sourcedata/freesurfer/sub-v2s10x29004_ses-1/surf/rh.white
Loading /out/sourcedata/freesurfer/sub-v2s10x29004_ses-1/surf/rh.pial
Loading /out/sourcedata/freesurfer/sub-v2s10x29004_ses-1/label/rh.cortex.label
Ripping rh vertices labeled not in rh.cortex.label
  ripped 7546 vertices from rh hemi
Loading /out/sourcedata/freesurfer/sub-v2s10x29004_ses-1/label/rh.aparc.annot
Done loading
  0  64 144 176  16  32 128  96  80 160 112  48 240 192 208 224 241  17 225 209  33   1 242  18 226   2  34 210 243  19 
227   3  35 211 244  20 228   4  36 212  21  49 229   5  37 213  22  50 230   6  38  23 214  51 231   7  24  52  39 
215 232   8  53  25 216  40 233   9  26  54 217  41 234  10  27  55 218 245  42 235  11  28  56 219 
246  43 236  12  57  29 193 220  44 247 237  13  30 221  45  14 238 248  31  58 222  46  15 249 239 
223  47 250 251 252 253 194 254 255  59 
195 196 197 198 199 
200 201 202 203 204 205 206 207  60  61  65  62  66  63 145 113 129 177  67  97  68 161 146 114  81  69 178 130  70  98 147 115 179 
 71 162 131  82  72 116 148 180  99 
 73 132 181 163 117 149  83 100  74 182 133 150 183 101 118  75 164  84 184 134 151  76 102 185 119 
 85 186 165 152 135 187  77 103 188 189 190 191 153  86 120 136 104  78 166 154  87 105 121  79 
137 155 106  88 122 167 138 107 156 123  89 108 139 
168 157 124 109 140 169  90 158 125 110 141 126 170 111 159 
 91 142 127 171 143  92 172  93 173  94 174 175  95 
nrelabeled = 493182
ndotcheck = 31742
Starting Surf2VolSeg free
free done
#VMPC# mri_surf2volseg VmPeak  1857024
mri_surf2volseg done
#-----------------------------------------
#@# AParc-to-ASeg aparc.a2009s Sun Mar 15 12:56:19 CET 2026
/out/sourcedata/freesurfer/sub-v2s10x29004_ses-1/mri

 mri_surf2volseg --o aparc.a2009s+aseg.mgz --label-cortex --i aseg.mgz --threads 16 --lh-annot /out/sourcedata/freesurfer/sub-v2s10x29004_ses-1/label/lh.aparc.a2009s.annot 11100 --lh-cortex-mask /out/sourcedata/freesurfer/sub-v2s10x29004_ses-1/label/lh.cortex.label --lh-white /out/sourcedata/freesurfer/sub-v2s10x29004_ses-1/surf/lh.white --lh-pial /out/sourcedata/freesurfer/sub-v2s10x29004_ses-1/surf/lh.pial --rh-annot /out/sourcedata/freesurfer/sub-v2s10x29004_ses-1/label/rh.aparc.a2009s.annot 12100 --rh-cortex-mask /out/sourcedata/freesurfer/sub-v2s10x29004_ses-1/label/rh.cortex.label --rh-white /out/sourcedata/freesurfer/sub-v2s10x29004_ses-1/surf/rh.white --rh-pial /out/sourcedata/freesurfer/sub-v2s10x29004_ses-1/surf/rh.pial 

SUBJECTS_DIR /out/sourcedata/freesurfer
outvol aparc.a2009s+aseg.mgz
16 avail.processors, using 16
Loading aseg.mgz
Loading /out/sourcedata/freesurfer/sub-v2s10x29004_ses-1/surf/lh.white
Loading /out/sourcedata/freesurfer/sub-v2s10x29004_ses-1/surf/lh.pial
Loading /out/sourcedata/freesurfer/sub-v2s10x29004_ses-1/label/lh.cortex.label
Ripping lh vertices labeled not in lh.cortex.label
  ripped 7244 vertices from lh hemi
Loading /out/sourcedata/freesurfer/sub-v2s10x29004_ses-1/label/lh.aparc.a2009s.annot
Loading /out/sourcedata/freesurfer/sub-v2s10x29004_ses-1/surf/rh.white
Loading /out/sourcedata/freesurfer/sub-v2s10x29004_ses-1/surf/rh.pial
Loading /out/sourcedata/freesurfer/sub-v2s10x29004_ses-1/label/rh.cortex.label
Ripping rh vertices labeled not in rh.cortex.label
  ripped 7546 vertices from rh hemi
Loading /out/sourcedata/freesurfer/sub-v2s10x29004_ses-1/label/rh.aparc.a2009s.annot
Done loading
 64  80 112 224 160 144 240  16 192 208   0  32 128  48  96 176  17  49 241 209   1  33  50  18 242 210  34   2  51  19 
243   3  35 211  52  20 244   4  36 212  53  21 245   5  37 213  54  22 246   6  38 214  55  23 247   7 225 215  56  24  39 
248   8 226 216  57  25 249  40 227   9 217  26  41 250 228 218  10  27 251  42  58 229 219 
 11  28 252  43 230 220  12  29 253  44 193  13 254 221 231  30  45  14 255  31 222  46 232  15  47 223 233 234  59 
235 236 237 238 194 239 
195 196 197 198 199 
200 201 202 203 204  60 205 206 207  61  65  62  66  63 145 113  67 129 177  97  68 146 161  81 114  69 178 130 147  70  98 115  71 162  82 179 
131  72 116 148  99 
180  73  83 163 132 117 149 181 100  74 182  84 101 133 164 150 118  75 183 102  76  85 151 184 134 119 
185 165 103 152  77 186 135  86 187 188 104 120 153 189  78 190 191 136 166  87 105 154 121  79 
106  88 137 155 122 167 107  89 156 108 138 123 168 109 124  90 157 139 
110 169 125  91 158 140 111 126 170 141 127 159 
 92 171 142 172  93 143 173  94 174  95 175 
nrelabeled = 493182
ndotcheck = 31742
Starting Surf2VolSeg free
free done
#VMPC# mri_surf2volseg VmPeak  1857104
mri_surf2volseg done
#-----------------------------------------
#@# AParc-to-ASeg aparc.DKTatlas Sun Mar 15 12:56:35 CET 2026
/out/sourcedata/freesurfer/sub-v2s10x29004_ses-1/mri

 mri_surf2volseg --o aparc.DKTatlas+aseg.mgz --label-cortex --i aseg.mgz --threads 16 --lh-annot /out/sourcedata/freesurfer/sub-v2s10x29004_ses-1/label/lh.aparc.DKTatlas.annot 1000 --lh-cortex-mask /out/sourcedata/freesurfer/sub-v2s10x29004_ses-1/label/lh.cortex.label --lh-white /out/sourcedata/freesurfer/sub-v2s10x29004_ses-1/surf/lh.white --lh-pial /out/sourcedata/freesurfer/sub-v2s10x29004_ses-1/surf/lh.pial --rh-annot /out/sourcedata/freesurfer/sub-v2s10x29004_ses-1/label/rh.aparc.DKTatlas.annot 2000 --rh-cortex-mask /out/sourcedata/freesurfer/sub-v2s10x29004_ses-1/label/rh.cortex.label --rh-white /out/sourcedata/freesurfer/sub-v2s10x29004_ses-1/surf/rh.white --rh-pial /out/sourcedata/freesurfer/sub-v2s10x29004_ses-1/surf/rh.pial 

SUBJECTS_DIR /out/sourcedata/freesurfer
outvol aparc.DKTatlas+aseg.mgz
16 avail.processors, using 16
Loading aseg.mgz
Loading /out/sourcedata/freesurfer/sub-v2s10x29004_ses-1/surf/lh.white
Loading /out/sourcedata/freesurfer/sub-v2s10x29004_ses-1/surf/lh.pial
Loading /out/sourcedata/freesurfer/sub-v2s10x29004_ses-1/label/lh.cortex.label
Ripping lh vertices labeled not in lh.cortex.label
  ripped 7244 vertices from lh hemi
Loading /out/sourcedata/freesurfer/sub-v2s10x29004_ses-1/label/lh.aparc.DKTatlas.annot
Loading /out/sourcedata/freesurfer/sub-v2s10x29004_ses-1/surf/rh.white
Loading /out/sourcedata/freesurfer/sub-v2s10x29004_ses-1/surf/rh.pial
Loading /out/sourcedata/freesurfer/sub-v2s10x29004_ses-1/label/rh.cortex.label
Ripping rh vertices labeled not in rh.cortex.label
  ripped 7546 vertices from rh hemi
Loading /out/sourcedata/freesurfer/sub-v2s10x29004_ses-1/label/rh.aparc.DKTatlas.annot
Done loading
 32 160 144 208 112  80 176  48 192   0 240  96 128 224  16 241  49  17  33 209 225   1  64  50 242  18  34 210   2 226  51 243  19 
 35 211   3 227  52 244  20  36   4 212  53 228 245  21  37   5 213  54 229  22 246  38 214   6  55 230  23 247  39 
215   7  56 231  24 248  40 216   8  57 232  25 249  41 217   9 233  26 250  42 218  10 234  58  27 251 193  43 219 
 11 252 235  28  44  12 253 220  29 236  13  45 221 254  30 237  14  46 222 255  31 238  59 
 47 223  15 239 
194 195 196 197 198 199 
200 201 202 203  60 204 205 206 207  61  65  62  66  63 145 113  67 129  97 177  68 146 161  81 114  69 178 130  70 147  98 115  71 162 179 
 82 131  72 148 116  99 
180  73 163 132 149  83 117 181 100  74 182 133 150 101 164  84  75 118 183 134 151 102 184  76  85 185 165 119 
152 135 186 103  77 187 188 153 189  86 104 136 190 191 120  78 166 154 105  87 137 121  79 
106 155 167  88 107 122 138 156 108  89 168 123 139 
157 109 169 124 140 110  90 158 125 141 170 111  91 159 
126 142 171 127 143  92 172  93 173  94 174  95 175 
nrelabeled = 493182
ndotcheck = 31742
Starting Surf2VolSeg free
free done
#VMPC# mri_surf2volseg VmPeak  2065904
mri_surf2volseg done
#-----------------------------------------
#@# WMParc Sun Mar 15 12:56:50 CET 2026
/out/sourcedata/freesurfer/sub-v2s10x29004_ses-1/mri

 mri_surf2volseg --o wmparc.mgz --label-wm --i aparc+aseg.mgz --threads 16 --lh-annot /out/sourcedata/freesurfer/sub-v2s10x29004_ses-1/label/lh.aparc.annot 3000 --lh-cortex-mask /out/sourcedata/freesurfer/sub-v2s10x29004_ses-1/label/lh.cortex.label --lh-white /out/sourcedata/freesurfer/sub-v2s10x29004_ses-1/surf/lh.white --lh-pial /out/sourcedata/freesurfer/sub-v2s10x29004_ses-1/surf/lh.pial --rh-annot /out/sourcedata/freesurfer/sub-v2s10x29004_ses-1/label/rh.aparc.annot 4000 --rh-cortex-mask /out/sourcedata/freesurfer/sub-v2s10x29004_ses-1/label/rh.cortex.label --rh-white /out/sourcedata/freesurfer/sub-v2s10x29004_ses-1/surf/rh.white --rh-pial /out/sourcedata/freesurfer/sub-v2s10x29004_ses-1/surf/rh.pial 

SUBJECTS_DIR /out/sourcedata/freesurfer
outvol wmparc.mgz
16 avail.processors, using 16
Loading aparc+aseg.mgz
Loading /out/sourcedata/freesurfer/sub-v2s10x29004_ses-1/surf/lh.white
Loading /out/sourcedata/freesurfer/sub-v2s10x29004_ses-1/surf/lh.pial
Loading /out/sourcedata/freesurfer/sub-v2s10x29004_ses-1/label/lh.cortex.label
Ripping lh vertices labeled not in lh.cortex.label
  ripped 7244 vertices from lh hemi
Loading /out/sourcedata/freesurfer/sub-v2s10x29004_ses-1/label/lh.aparc.annot
Loading /out/sourcedata/freesurfer/sub-v2s10x29004_ses-1/surf/rh.white
Loading /out/sourcedata/freesurfer/sub-v2s10x29004_ses-1/surf/rh.pial
Loading /out/sourcedata/freesurfer/sub-v2s10x29004_ses-1/label/rh.cortex.label
Ripping rh vertices labeled not in rh.cortex.label
  ripped 7546 vertices from rh hemi
Loading /out/sourcedata/freesurfer/sub-v2s10x29004_ses-1/label/rh.aparc.annot
Done loading
 96 144  48 112 224  64 176  80  16 240 208  32 192 160   0 128 241   1 193  17  49 209  33 225 194   2  18  50 226  34 210 195   3  51  19 
 35 227 196   4 211  52  20  36 228 197   5  53  37 212  21 198   6  54 229  38 199 
 22 213  55   7  39 
230 200  23  56   8 214  40 231 201  24  57 242   9  41 215 232  58  25 202  65 243  10  42  59 
233 216  26 203 244  43  11  60 234  27 204 245  44 217  61  12 235  28  45 205 246 218  13  62  29 236  46 206 247 219 
 14 237  30 207 248  47 220  15  31 238 249  63 221 250 239 
 66 222 251 223 252 253 254 255  67 129 177  68  69 130  70  81 178  71 179 
 72 131 161  97 180  73 113 145  82 132 181  74 182 183  75 133 162  98 184  83 185 186 187  76 188 189 114 190 191 134 146  77 163  84  99 
135  78 115 164 136  85  79 
100 147 116 165  86 137 101 166 117 148  87 138 167 102 118  88 149 168 139 
119 
 89 103 169 150 170 120 140  90 104 121 171 122 151  91 123 141 172 124 125 105 126 173 127 152  92 174 142 175 106  93 153 143 107  94 154  95 155 108 156 109 157 110 158 111 159 

nrelabeled = 391216
ndotcheck = 3110
Starting Surf2VolSeg free
free done
#VMPC# mri_surf2volseg VmPeak  1857024
mri_surf2volseg done

 mri_segstats --seed 1234 --seg mri/wmparc.mgz --sum stats/wmparc.stats --pv mri/norm.mgz --excludeid 0 --brainmask mri/brainmask.mgz --in mri/norm.mgz --in-intensity-name norm --in-intensity-units MR --subject sub-v2s10x29004_ses-1 --surf-wm-vol --ctab /opt/freesurfer/WMParcStatsLUT.txt --etiv 

setting seed for random number genererator to 1234

7.3.2
cwd 
cmdline mri_segstats --seed 1234 --seg mri/wmparc.mgz --sum stats/wmparc.stats --pv mri/norm.mgz --excludeid 0 --brainmask mri/brainmask.mgz --in mri/norm.mgz --in-intensity-name norm --in-intensity-units MR --subject sub-v2s10x29004_ses-1 --surf-wm-vol --ctab /opt/freesurfer/WMParcStatsLUT.txt --etiv 
sysname  Linux
hostname dna078
machine  x86_64
user     oesteban
whitesurfname  white
UseRobust  0
atlas_icv (eTIV) = 1160499 mm^3    (det: 1.678679 )
Loading mri/wmparc.mgz
Getting Brain Volume Statistics
Loading mri/norm.mgz
Loading mri/norm.mgz
Voxel Volume is 1 mm^3
Generating list of segmentation ids
Found 390 segmentations
Computing statistics for each segmentation

Reporting on  70 segmentations
Using PrintSegStat
mri_segstats done
#--------------------------------------------
#@# ASeg Stats Sun Mar 15 12:58:33 CET 2026
/out/sourcedata/freesurfer/sub-v2s10x29004_ses-1

 mri_segstats --seed 1234 --seg mri/aseg.mgz --sum stats/aseg.stats --pv mri/norm.mgz --empty --brainmask mri/brainmask.mgz --brain-vol-from-seg --excludeid 0 --excl-ctxgmwm --supratent --subcortgray --in mri/norm.mgz --in-intensity-name norm --in-intensity-units MR --etiv --surf-wm-vol --surf-ctx-vol --totalgray --euler --ctab /opt/freesurfer/ASegStatsLUT.txt --subject sub-v2s10x29004_ses-1 

setting seed for random number genererator to 1234

7.3.2
cwd 
cmdline mri_segstats --seed 1234 --seg mri/aseg.mgz --sum stats/aseg.stats --pv mri/norm.mgz --empty --brainmask mri/brainmask.mgz --brain-vol-from-seg --excludeid 0 --excl-ctxgmwm --supratent --subcortgray --in mri/norm.mgz --in-intensity-name norm --in-intensity-units MR --etiv --surf-wm-vol --surf-ctx-vol --totalgray --euler --ctab /opt/freesurfer/ASegStatsLUT.txt --subject sub-v2s10x29004_ses-1 
sysname  Linux
hostname dna078
machine  x86_64
user     oesteban
whitesurfname  white
UseRobust  0
atlas_icv (eTIV) = 1160499 mm^3    (det: 1.678679 )
Computing euler number
orig.nofix lheno =  -10, rheno = -4
orig.nofix lhholes =    6, rhholes = 3
Loading mri/aseg.mgz
Getting Brain Volume Statistics
Loading mri/norm.mgz
Loading mri/norm.mgz
Voxel Volume is 1 mm^3
Generating list of segmentation ids
Found  50 segmentations
Computing statistics for each segmentation

Reporting on  45 segmentations
Using PrintSegStat
mri_segstats done

Started at Sun Mar 15 12:55:46 CET 2026 
Ended   at Sun Mar 15 12:58:49 CET 2026
#@#%# recon-all-run-time-hours 0.051
recon-all -s sub-v2s10x29004_ses-1 finished without error at Sun Mar 15 12:58:49 CET 2026
