global_signal	global_signal_derivative1	global_signal_derivative1_power2	global_signal_power2	csf	csf_derivative1	csf_derivative1_power2	csf_power2	white_matter	white_matter_derivative1	white_matter_power2	white_matter_derivative1_power2	csf_wm	tcompcor	std_dvars	dvars	framewise_displacement	rmsd	t_comp_cor_00	t_comp_cor_01	t_comp_cor_02	t_comp_cor_03	t_comp_cor_04	t_comp_cor_05	c_comp_cor_00	c_comp_cor_01	c_comp_cor_02	c_comp_cor_03	c_comp_cor_04	c_comp_cor_05	c_comp_cor_06	c_comp_cor_07	w_comp_cor_00	w_comp_cor_01	w_comp_cor_02	w_comp_cor_03	w_comp_cor_04	w_comp_cor_05	w_comp_cor_06	w_comp_cor_07	w_comp_cor_08	w_comp_cor_09	w_comp_cor_10	w_comp_cor_11	w_comp_cor_12	w_comp_cor_13	w_comp_cor_14	w_comp_cor_15	w_comp_cor_16	w_comp_cor_17	w_comp_cor_18	w_comp_cor_19	w_comp_cor_20	w_comp_cor_21	w_comp_cor_22	w_comp_cor_23	w_comp_cor_24	w_comp_cor_25	w_comp_cor_26	w_comp_cor_27	w_comp_cor_28	w_comp_cor_29	w_comp_cor_30	w_comp_cor_31	w_comp_cor_32	a_comp_cor_00	a_comp_cor_01	a_comp_cor_02	a_comp_cor_03	a_comp_cor_04	a_comp_cor_05	a_comp_cor_06	a_comp_cor_07	a_comp_cor_08	a_comp_cor_09	a_comp_cor_10	a_comp_cor_11	a_comp_cor_12	a_comp_cor_13	a_comp_cor_14	a_comp_cor_15	a_comp_cor_16	a_comp_cor_17	a_comp_cor_18	a_comp_cor_19	a_comp_cor_20	a_comp_cor_21	a_comp_cor_22	a_comp_cor_23	a_comp_cor_24	edge_comp_00	edge_comp_01	edge_comp_02	edge_comp_03	edge_comp_04	edge_comp_05	edge_comp_06	edge_comp_07	edge_comp_08	edge_comp_09	edge_comp_10	edge_comp_11	edge_comp_12	edge_comp_13	edge_comp_14	edge_comp_15	edge_comp_16	edge_comp_17	edge_comp_18	edge_comp_19	edge_comp_20	edge_comp_21	edge_comp_22	edge_comp_23	cosine00	cosine01	cosine02	trans_x	trans_x_derivative1	trans_x_derivative1_power2	trans_x_power2	trans_y	trans_y_derivative1	trans_y_derivative1_power2	trans_y_power2	trans_z	trans_z_derivative1	trans_z_power2	trans_z_derivative1_power2	rot_x	rot_x_derivative1	rot_x_derivative1_power2	rot_x_power2	rot_y	rot_y_derivative1	rot_y_power2	rot_y_derivative1_power2	rot_z	rot_z_derivative1	rot_z_power2	rot_z_derivative1_power2	motion_outlier00	motion_outlier01	motion_outlier02	motion_outlier03	motion_outlier04	motion_outlier05	motion_outlier06	motion_outlier07	motion_outlier08	motion_outlier09	motion_outlier10	motion_outlier11	motion_outlier12	motion_outlier13	motion_outlier14
934.6456387922184	n/a	n/a	873562.470113314	1235.4305276119348	n/a	n/a	1526288.5885555036	853.2491103972878	n/a	728034.0443937631	n/a	916.245890016752	875.6591397539318	n/a	n/a	n/a	n/a	-0.0220509718	0.0894925124	-0.0333373359	0.0185356214	-0.0529354133	0.036134214	0.1415093536	-0.0588000866	0.1426143872	-0.0615577323	0.1511093252	-0.4307342508	0.263720583	-0.4060723929	0.0649584324	-0.0831275517	0.0678111437	-0.0856134064	0.0301631377	-0.0976543935	0.1644997148	-0.116324367	0.0819908498	-0.027957979	0.1364872526	-0.0113333715	0.0497991715	-0.0376770222	0.065839124	-0.122158217	0.0105297725	-0.0386086553	0.1206870654	-0.1742184416	0.017361226	-0.1382368813	0.0096989987	-0.0128212685	-0.0145281602	0.0481816951	0.0196187931	0.2191886171	-0.0555385268	0.0947092941	-0.1784709882	-0.0592748036	-0.0805901577	0.0061475135	-0.0983297836	0.0043031008	-0.0621329783	0.0857948806	0.1602019169	-0.0589659247	0.1444581118	-0.2739421754	0.2260818915	-0.0688252993	0.1637578308	-0.2258173349	0.173383576	0.0819369408	-0.1735388571	0.0468843348	-0.1371227751	0.0164488058	-0.1589706219	0.2475783133	-0.0810923982	0.1970262969	-0.0755170287	0.1404208581	0.0220461519	-0.1033594022	0.0500064291	-0.1394597122	0.0191692587	0.0474958416	-0.0469649569	0.0316022298	-0.0510246097	0.0496285403	-0.0002524385	0.0590638808	-0.1221445503	0.0417632337	-0.0553353736	0.1044105998	-0.1144466899	-0.1083305334	0.1870455302	-0.0665066088	0.0528293152	-0.1740599333	0.0775288619	-0.0403770253	0.1290883846	0.1290552057	0.1289999139	0.007889616955282	n/a	n/a	6.224605570107322e-05	0.0019654460894145	n/a	n/a	3.862978330394751e-06	-6.830693970982793e-05	n/a	4.6658380125220684e-09	n/a	-0.0008859687043908	n/a	n/a	7.849405451599128e-07	-0.0002721009081481	n/a	7.403890421502077e-08	n/a	0.0002278790784479	n/a	5.192887439426417e-08	n/a	0.0	0.0	0.0	0.0	0.0	0.0	0.0	0.0	0.0	0.0	0.0	0.0	0.0	0.0	0.0
929.77354739586	-4.872091396358428	23.73727457446982	864478.8494370815	1218.7878347223457	-16.64269288958917	276.97922661718195	1485443.7860671838	852.9289253430488	-0.3201850542390048	727487.7516868481	0.1025184689580344	914.8969397976904	865.3962917629764	1.265771	21.711992	0.0623732698047973	0.0230949736772422	-0.1209260861	0.0540328389	0.0650519215	-0.0766177264	-0.0277801316	-0.0796480824	0.0633844803	0.0690644557	-0.1175430742	-0.0048501605	0.1815971193	0.1176297828	0.1143343162	-0.0025875859	0.1074947734	-0.243078132	0.0594139218	0.0241744597	-0.1190044466	0.0443803521	0.1938136848	-0.0116118681	-0.0187418894	-0.121184358	-0.083496956	-0.0465703404	-0.0104777742	0.0105954069	-0.0810428896	-0.0854628212	0.0514584213	-0.0131744927	-0.004232108	-0.0927219788	0.0105678328	0.0104557374	0.0822369285	-0.1551757027	-0.0196107029	-0.0862040904	-0.0960477918	0.0945189445	0.1215813857	0.0118254172	0.1045838213	-0.0065535095	0.0115230622	0.1198190635	-0.0468011908	0.0106420121	0.0746645428	0.2108267589	0.1955144597	-0.1036342233	0.0581118442	0.0457965668	0.0776256032	0.004004852	0.0139998843	-0.0055708274	0.1332743952	-0.0541423882	-0.0009254552	-0.0764983868	0.0943983373	-0.2325264363	0.0256697844	-0.1022993076	-0.0997352478	0.0339240042	-0.104888178	-0.1536007204	-0.0657212524	-0.1240746724	-0.1318280443	-0.1273110679	-0.0008971805	0.1020466074	-0.0734987815	-0.0076165997	0.0141980188	-0.0010252139	0.0233289565	0.0614434744	-0.0110000746	0.012700568	-0.0233542793	-0.0371479648	-0.0379479087	-0.1581479595	0.2693677759	0.0952228102	0.1716060631	-0.1004641919	-0.0466724505	0.0563626348	0.1289999139	0.1287014744	0.1282045865	9.590647681534392e-05	-0.0077937104784666	6.074192302216095e-05	9.198052295132101e-09	-0.0095244360850443	-0.0114898821744588	0.0001320173923829	9.0714882738094e-05	0.0149446468619771	0.0150129538016869	0.0002233424698292	0.0002253887818515	-0.0006649728065056	0.0002209958978851	4.8839186882085736e-08	4.421888333919342e-07	-0.0001276408562296	0.0001444600519185	1.6292188179025414e-08	2.0868706600295726e-08	0.0004239575956479	0.0001960785172	1.797400429075483e-07	3.84467849073507e-08	0.0	0.0	0.0	0.0	0.0	0.0	0.0	0.0	0.0	0.0	0.0	0.0	0.0	0.0	0.0
928.02997292064	-1.7435744752199298	3.040051950638454	861239.6306390839	1225.3570326371623	6.569197914816641	43.15436124403131	1501499.8574333517	851.8179401580572	-1.1109851849915913	725593.8031751156	1.2342880812708004	914.180580754092	852.5425696393569	1.347655	23.11657	0.0677830077832642	0.037636244203297	-0.1255233519	-0.0762307929	0.1190737029	-0.0234317459	-0.2167917083	0.066977527	0.1947769729	0.0205212062	0.043001418	0.0658651913	-0.0016471917	0.0331936935	-0.2345426202	-0.0453509334	0.0599465749	-0.2069573198	0.0358797736	-0.2114294729	-0.0308993116	-0.070608055	-0.110456387	0.0012889135	0.0388233932	-0.0401383045	-0.1068675552	0.0658851443	-0.0278189562	0.0533669583	-0.0970254011	-0.0674015288	-0.0308717727	0.0122297037	-0.065748649	0.0892976971	0.018551897	0.0661819515	-0.0134759565	-0.1076024866	0.0538839499	-0.0648925402	-0.0297022625	0.0236442891	0.146902174	-0.2102190271	-0.0261470037	0.0080395901	-0.0651882143	-0.0718593374	-0.1558996473	0.0766564935	0.0977389315	0.1447822422	-0.0240029509	-0.133598572	-0.061856307	-0.0683059341	0.0238634696	-0.0991607509	-0.2389782665	0.1272465128	-0.0477341216	0.0979003006	0.0633766481	-0.0955368995	0.077992491	-0.045190657	-0.0685871491	0.0013847407	0.0589951448	0.1105497818	0.032974122	0.0664298456	0.1226883813	-0.0980799271	0.043190713	-0.0811548448	-0.0519355764	0.1995619927	-0.0920112185	-0.0499797524	0.0211755791	0.0104933975	0.0242154997	-0.0651392286	-0.0595176059	0.0404040984	-0.0565574287	0.035339215	0.0674643674	-0.1154158084	0.191451109	0.0439448307	0.0333461107	-0.0742249854	0.0002241961	0.0741446558	0.1288230331	0.1279949812	0.1266188352	-0.0227838975268639	-0.0228798040036792	0.0005234854312467	0.0005191059865146	-0.0093672421183725	0.0001571939666717	2.4709943158014912e-08	8.774522490421173e-05	-2.515341562059348e-05	-0.0149698002775976	6.326943173823162e-10	0.0002240949203511	-0.0003519996117897	0.0003129731947159	9.79522206106767e-08	1.239037267000995e-07	-4.7325535490472255e-08	0.0001275935306941	2.239706309459949e-15	1.6280109074988666e-08	0.0002690001303516	-0.0001549574652963	7.236107012917779e-08	2.4011816051054025e-08	0.0	0.0	0.0	0.0	0.0	0.0	0.0	0.0	0.0	0.0	0.0	0.0	0.0	0.0	0.0
930.8784174163404	2.848444495700392	8.113636045085858	866534.6280115505	1221.9078894875267	-3.4491431496355744	11.896588466678011	1493058.8903918618	853.3246672257134	1.5067270676561293	728162.9876958744	2.270226456407638	912.7751801402254	850.7276420263935	1.220826	20.941044	0.1274084377846184	0.067768701149183	-0.0841784194	-0.0771052661	0.1348186637	0.0681691204	0.0350926452	0.0717259747	-0.0229017772	0.1161941776	-0.0665495499	0.1026050431	-0.2179280561	-0.060646317	-0.1011074272	-0.0619280841	-0.0082432285	-0.1090511202	-0.0941884452	-0.0429451075	0.0750204906	-0.1455701726	-0.105229571	0.0544585866	0.2344479102	0.1301560446	-0.0487210722	-0.0883286405	0.1812666023	-0.0958574705	-0.0298098546	0.0164521323	0.0101900472	0.0074401343	0.0147464645	0.0636756547	0.1677913466	0.1183358511	0.0468085058	-0.0414141808	0.058970987	-0.0289239025	0.0974146797	-0.0840383921	-0.0787088057	-0.0412163981	-0.0282509591	-0.0194890923	-0.0131356272	0.0612699173	-0.0637452998	0.1558040975	0.0573946011	-0.1273842395	-0.0574187647	-0.0355485042	0.0354101222	-0.1704798857	-0.0662349299	-0.0403894627	-0.1879596269	0.165005733	-0.0407395651	0.0993870539	0.1022779827	0.0121223901	-0.022007998	0.1041808741	-0.0318768905	0.0838839726	-0.1171770226	-0.0047863909	0.0351579144	0.149467256	-0.0371751244	-0.0917767814	0.0615562631	-0.0442113143	-0.0797124547	0.1881278671	-0.0218556652	-0.0970256124	0.0022061143	0.0180685951	-0.0630534592	-0.0920242568	-0.1521929354	0.0944602394	-0.1117704286	0.0930153381	0.1104702592	0.0953336404	0.0414088664	-0.0017150349	-0.1088235048	-0.1686450633	-0.0207257001	0.0095440617	0.1285578634	0.1269376627	0.1242524367	-0.0335695889947373	-0.0107856914678733	0.0001163311404401	0.0011269173052755	0.0431016536614237	0.0524688957797962	0.0027529850243511	0.0018577525483493	-0.007170763077994	-0.0071456096623734	5.141984312072199e-05	5.105973744700419e-05	-0.0011429827838089	-0.0007909831720192	6.256543784175553e-07	1.3064096440835426e-06	-0.0002400917023417	-0.0002400443768062	5.7644025533335474e-08	5.76213028362815e-08	0.0001598628616855	-0.000109137268666	2.5556134546277303e-08	1.1910943411896488e-08	0.0	0.0	0.0	0.0	0.0	0.0	0.0	0.0	0.0	0.0	0.0	0.0	0.0	0.0	0.0
933.6261291502124	2.747711733871938	7.549919772457533	871657.749032009	1217.3319243459991	-4.575965141527604	20.939456976475743	1481897.0140319334	853.3523744649048	0.0277072391913861	728210.275004891	0.0007676911036086	912.4844145761588	852.9349294648754	1.145082	19.641794	0.2468031179054705	0.1460828685310647	0.0511867632	-0.0494310709	0.1241120209	-0.0315131375	0.1369514397	0.0198093609	-0.0822521581	-0.0631593302	-0.1175162889	0.1782488743	-0.0854425821	0.0950215481	0.0100874817	-0.0446993089	-0.0541039847	-0.1053177947	-0.0303174048	0.0898602104	-0.1023302379	-0.0291464951	-0.1746267659	-0.0597952681	0.1138788044	-0.0734651269	0.0490751295	-0.229971795	-0.0641616824	-0.2515328918	-0.0729720408	0.0126144512	-0.0575268914	0.0705464349	0.0312982712	-0.0079227106	0.093909437	0.0336159355	0.0029691495	-0.0016731823	0.0790943809	0.0106860429	0.0081926555	-0.0178570289	0.0034241267	-0.0007839312	0.0646846272	-0.0916222692	0.0784109447	0.071168341	0.1361166233	0.079646365	0.124316507	-0.0132166905	-0.1830217063	0.0786918164	0.0702448091	-0.0655923791	0.0713042547	-0.2069186536	-0.0039621877	0.0713032883	0.0244100783	0.1974294029	0.0962275189	-0.0738659411	0.0474163168	0.0414323115	-0.0662729028	-0.1393724302	-0.1575814459	0.0872137793	0.0226009693	-0.0654603815	-0.0338559344	-0.0769896267	-0.1320806163	0.1337019043	0.0859093572	0.132998798	0.056717718	-0.0964685374	0.0023481013	0.0372139495	0.0057373349	-0.0628679938	0.1175813584	0.0720573801	-0.0625842622	0.131917481	0.0676701546	0.0213863222	0.0748403482	0.0633835623	0.0078367626	-0.0094548583	-0.0069179812	-0.034327122	0.1282045865	0.1255324169	0.1211199807	-0.0155295464458617	0.0180400425488755	0.0003254431351652	0.0002411668128141	-0.0336491676827819	-0.0767508213442056	0.0058906885770101	0.0011322664857439	-0.1132398596425332	-0.1060690965645392	0.0128232658118606	0.0112506532460175	-0.0004169841802113	0.0007259986035976	5.270739724256651e-07	1.738758065464899e-07	-0.0003610180493602	-0.0001209263470185	1.303340319638438e-07	1.4623181403238691e-08	8.792466334459832e-05	-7.193819834090169e-05	7.730746424260951e-09	5.17510438053491e-09	0.0	0.0	0.0	0.0	0.0	0.0	0.0	0.0	0.0	0.0	0.0	0.0	0.0	0.0	0.0
934.8135346630252	1.187405512812802	1.409931851858233	873876.3445891789	1221.658474777684	4.326550431684836	18.719038637912245	1492449.428996137	855.3327823838795	1.98040791897472	731594.1686205489	3.922015525537781	914.4749273413616	859.2304505272735	1.159769	19.893723	0.0794970298223677	0.0440480704320243	0.1733254996	-0.0821164336	0.0714359349	0.1005580726	-0.0246861316	0.0517068049	-0.0375821889	-0.0748255765	0.0827757726	0.074443325	-0.144468305	0.1455921606	-0.0580834889	0.0577506384	-0.1626536214	0.0145764321	-0.080883258	-0.0475123988	0.0392676977	0.05488186	-0.0925149649	-0.1408749494	0.0377352315	-0.1353508618	0.0892937768	-0.1923269434	0.0534214182	-0.083580784	-0.0698617383	-0.0549675936	0.0618147226	0.0812414541	-0.0328038247	-0.0856725936	-0.0146902546	-0.0238603662	-0.0629912292	0.0227278912	-0.0666643658	-0.004661672	0.0352296773	-0.0334398418	0.13908679	-0.0195442173	-0.1052952197	0.0481737577	-0.0472808161	-0.1680560892	0.0568314121	0.1052966565	0.055442586	-0.0679077838	-0.0854513662	0.1228383904	0.004243981	0.1096537257	0.0908228557	-0.0975115083	0.0247562206	0.0620026787	0.1103046204	0.0345954345	0.1027115508	0.0613940896	0.027512515	0.0154054847	-0.0313545346	-0.1226831006	-0.091407626	-0.0872500988	0.0470159828	-0.0827592617	0.0442743657	-0.0300413941	0.0741925953	0.1455721402	0.0608618295	0.0872343749	0.1538284434	-0.0818068127	-0.0484101909	-0.000218097	0.0176933457	0.021300257	0.1129776734	-0.0275800978	-0.0979746636	0.1075661731	-0.0237538683	0.0124078644	0.0658547599	0.1469846015	0.1273448195	0.0085950087	-0.1158175648	0.0670624762	0.1277634447	0.1237830955	0.1172407796	-0.0233700819269557	-0.007840535481094	6.147399663029393e-05	0.0005461607292726	0.003493631493427	0.0371427991762089	0.0013795875306441	1.220546101186497e-05	-0.1319045143364263	-0.0186646546938931	0.0173988009023284	0.0003483693348422	-0.0003399986506826	7.698552952869998e-05	5.926771756814336e-09	1.1559908246598869e-07	-0.0005180005704656	-0.0001569825211054	2.6832459100268704e-07	2.4643511932607358e-08	4.911904555264047e-06	-8.301275878933427e-05	2.41268063600237e-11	6.891118121816194e-09	0.0	0.0	0.0	0.0	0.0	0.0	0.0	0.0	0.0	0.0	0.0	0.0	0.0	0.0	0.0
935.0566476329147	0.2431129698895802	0.0591039161285319	874330.9342825048	1222.50768476544	0.8492099877560122	0.7211576033045664	1494525.0393105564	855.1127497610307	-0.2200326228487483	731217.8148038712	0.0484143551176995	916.9757305524824	877.2380399745145	1.105264	18.958794	0.0746983355772669	0.0397349509471441	0.1627752554	-0.0331996469	-0.0332871828	0.1409348131	0.0190391386	-0.0111447455	-0.102234162	-0.0233623956	0.0701111329	-0.0261412078	-0.0401857717	0.0954024911	-0.0661925438	-0.0834980247	-0.2028467964	-0.0968282582	-0.0186106434	0.0835205296	0.1001433025	0.1497738131	-0.1221578851	0.0212356863	0.0247920325	-0.0604065552	0.0759975963	0.1300649137	-0.0954144348	0.0610343176	0.1498680646	-0.0045054025	-0.107258926	-0.1073942803	0.0609367072	0.0151185955	-0.0052348961	-0.1366247891	-0.0947356116	-0.0323995095	0.0406880971	-0.0689666538	0.0319378208	0.0348260576	-0.1725826888	0.1738682134	0.0343060992	0.0136795945	0.0500806525	-0.0361018903	0.1432998943	0.164537225	-0.0805029571	-0.0187967	-0.0288530092	0.1627352021	-0.0255591987	0.1469957907	0.1008632131	0.0182963541	-0.0289805642	-0.0708333754	0.0845154592	0.008065508	0.0123328487	-0.1053991301	0.0707019077	-0.0888903451	0.1326749463	0.1209880687	0.0446421863	-0.1820107237	-0.012877179	0.0648245826	-0.0965670554	-0.013268291	0.0502093118	0.2270559273	0.1768393505	0.0917878942	0.1134313681	-0.0826713488	8.66976e-05	0.0395938471	0.0013220293	0.0060848761	0.0257124631	0.0463490821	0.0193302905	0.0039326429	-0.0857640302	0.0246992085	0.0612514021	-0.0048098919	-0.0693470928	-0.0950338235	-0.1302211925	-0.149718583	0.1272347401	0.1216944932	0.1126387502	-0.0173549975145306	0.0060150844124251	3.618124048859943e-05	0.0003011959387293	0.0217674342902824	0.0182738027968554	0.0003339318686583	0.0004738211955817	-0.160808930198101	-0.0289044158616746	0.0258595120314577	0.0008354652563046	-0.0001889436837634	0.0001510549669192	2.281760303096061e-08	3.56997156340837e-08	-0.0006200168381436	-0.000102016267678	3.844208795815871e-07	1.0407318870949352e-08	0.0001819413200843	0.000177029415529	3.3102643954017706e-08	3.133941396255207e-08	0.0	0.0	0.0	0.0	0.0	0.0	0.0	0.0	0.0	0.0	0.0	0.0	0.0	0.0	0.0
936.625223865668	1.5685762327532302	2.460431397958316	877266.8099814126	1225.835907236735	3.328222471295021	11.077064818433136	1502673.6714709091	856.0230783656024	0.910328604571646	732775.5106945222	0.82869816830136	916.0713612088368	868.284353934089	1.321785	22.672823	0.0561472142107799	0.0361992298892417	0.1939068676	-0.0414920728	-0.005179065	-0.0986979141	0.0381945631	-0.0443298647	-0.1885686097	-0.1710691771	-0.0037362782	-0.0183704684	-0.0613013954	0.134907669	-0.0405872941	0.0452945857	-0.1379287169	0.0871144566	0.0615174446	0.070835599	-0.0934062229	0.1159518402	-0.1616132425	0.1060587476	-0.0432156178	-0.1088740091	0.1061189924	0.0869827032	0.1150347175	0.0674526347	-0.0732195638	-0.062004591	-0.0700073813	-0.0890134808	0.0305909637	0.1150969561	-0.0256637062	-0.14508369	0.0496460525	-0.1376399428	0.0471230625	-0.0947919243	0.1037852731	0.0990349404	-0.0865350581	0.0095129676	-0.0497755683	0.0044533927	-0.0405376943	-0.054969462	0.2422263583	-0.0223953935	-0.000804392	0.0108804415	-0.1505821887	0.1140148112	0.0698520167	0.1161616682	-0.0037870777	0.0791461735	-0.0530437305	0.049356424	0.0900388086	0.1225359182	0.0176340641	0.0031548646	-0.0689338378	-0.0617007341	0.2346488653	-0.038049317	0.1001737597	0.1288019461	-0.0635733306	0.1186083148	0.1212870347	-0.0327533259	-0.0785056222	0.2599284734	0.2091845671	-0.0095420595	0.0750653969	-0.0238642102	-0.0478632924	0.1466679897	-0.0479152727	-0.058572156	-0.1830768369	-0.0202125758	0.0717520294	-0.0773925476	-0.0152643938	0.1435683568	0.0294885229	0.1425139847	-0.008658798	0.0963330197	-0.1149886635	-0.0740955923	0.1266188352	0.1192723348	0.1073422654	-0.017304552175986	5.044533854459826e-05	2.544732180879131e-09	0.0002994475260114	0.0127648177166861	-0.0090026165735963	8.104710517119079e-05	0.0001629405713402	-0.19632951522712	-0.035520585029019	0.0385452785493159	0.0012617119608037	-0.0002764419364729	-8.749825270949998e-05	7.65594422721552e-09	7.642014424088686e-08	-0.0005180308645662	0.0001019859735773	2.683559766432047e-07	1.0401138806530129e-08	0.0002239284391898	4.1987119105500015e-05	5.0143945877979966e-08	1.7629181707794443e-09	0.0	0.0	0.0	0.0	0.0	0.0	0.0	0.0	0.0	0.0	0.0	0.0	0.0	0.0	0.0
939.1136080794672	2.488384213799236	6.192055995485242	881934.3688800351	1226.1012984304716	0.2653911937366047	0.07043248571294	1503324.3940128884	856.8876961970675	0.8646178314651252	734256.5238939178	0.7475639944874556	917.3648616500268	887.7361711351134	1.443045	24.752819	0.2404214816551651	0.1414706048193549	0.1161809078	0.0911669944	-0.1015152531	0.0589200081	-0.048975012	0.0724997179	0.0016780015	-0.0931512711	0.0762588826	-0.0150866465	-0.0991887018	0.0305949366	0.1306065102	0.1035411369	0.0248975999	0.2436109448	-0.0149152974	0.0149359269	0.0937551395	0.0960756608	-0.0671845785	-0.0160660453	0.0236323651	0.020986419	-0.0440302583	0.0752667241	0.0540493384	0.0448401433	-0.0616245925	0.0048347876	0.0408727551	-0.0216091968	-0.1605420471	0.0445314301	-0.0609061419	0.0096438195	-0.11014023	-0.1031604092	0.0241691545	-0.2728221185	0.0693295652	-0.0950226293	0.1623244403	0.0689184901	-0.0750911829	-0.1200711155	-0.0159652291	-0.0907592114	-0.0167803148	-0.1503046267	-0.0684263178	-0.113999574	-0.030652186	0.1397531959	0.0876396041	0.1667713528	-0.0679513821	0.0117235961	0.0371191174	0.0730847688	0.0095029979	-0.0119203248	0.0331004908	0.0121343988	0.0756143252	0.1007600999	0.0682749179	0.063308327	0.0611014515	-0.0910449212	0.033280199	0.0044958379	-0.0249104551	-0.0889285094	0.1459398481	0.1105432892	0.0516950769	-0.1267313039	0.0237508146	0.1149526022	0.0149451029	-0.00349433	-0.1467096424	0.024879979	0.0189126608	-0.1075738668	-0.1135365533	-0.0475416802	0.1955909501	0.1405826561	-0.031505237	0.1201893921	0.1056514514	0.1825744137	0.1058318286	-0.0625040645	0.1259161521	0.1165232592	0.1013839798	-0.0488440820658411	-0.0315395298898551	0.000994741945673	0.0023857443528546	0.0592879165490671	0.0465230988323809	0.0021643987249674	0.0035150570487291	-0.0885127386748081	0.1078167765523119	0.0078345049077148	0.0116244573061311	-0.0010970150101032	-0.0008205730736303	6.733401691670778e-07	1.203441932391724e-06	-0.0005174749680472	5.558965190000532e-07	2.6778034255545065e-07	3.0902093983637645e-13	-4.578411827324189e-05	-0.000269712557463	2.096185486058202e-09	7.274486365325469e-08	0.0	0.0	0.0	0.0	0.0	0.0	0.0	0.0	0.0	0.0	0.0	0.0	0.0	0.0	0.0
937.1679361875472	-1.9456718919200284	3.785639111007663	878283.7406180265	1217.428241845333	-8.67305658513851	75.2219105290145	1482131.524042619	855.8614663897018	-1.0262298073656666	732498.8496507307	1.0531476175257732	914.4305931036176	875.1345582756207	1.297728	22.260168	0.1305437127585326	0.0662706573393458	0.0123194488	0.1435863955	-0.0546207399	-0.0393063303	0.1003835088	-0.1132338088	0.0450693194	0.05065125	-0.1226303124	-0.0565575766	0.195769188	0.0328243444	0.094374532	0.2160102203	0.106286815	0.1408395663	0.0056441218	0.1861692609	0.0310200211	0.0004084602	0.0305491614	-0.0604540712	0.0296972531	-0.0640122982	-0.114524087	0.0288940665	-0.0069803327	-0.0293650466	-0.1280224269	-0.0421197191	0.0322655185	0.0751340657	-0.122028548	-0.0083916817	-0.1646198422	-0.1467655249	-0.0706270847	0.1738423506	-0.3298271629	0.0136765699	0.1571683202	0.0128720823	-0.1092792119	-0.0570203106	0.087037129	0.0834239701	0.0029628012	0.1034780352	0.0062805286	-0.1738440034	0.0190757672	-0.0689874159	0.1562884321	0.0437478219	-0.1291615154	0.1612892995	0.0073100192	-0.1056752942	0.0169536234	0.1229669168	-0.1268447691	-0.0970161565	0.0180242257	0.1882386052	-0.0400847552	0.1475200971	0.0399940233	-0.096455282	-0.0078911651	0.1258466244	-0.0726933701	-0.2348948671	-0.1297280466	-0.1013937939	-0.0837097043	0.0225562057	-0.0626855861	-0.212335026	-0.0535203416	0.1134708463	-0.0382117632	-0.166277903	-0.1583501609	0.0773856055	0.0820286536	-0.0801130439	-0.0756934731	-0.1683306718	0.0266910232	0.0362138153	-0.0479256273	0.0329955971	-0.1665862704	0.0549751011	0.2428665256	0.0420725021	0.1251271724	0.1134548014	0.0948006283	-0.0487341715565037	0.0001099105093374	1.2080320062807434e-08	0.0023750194772987	0.0389415061624021	-0.020346410386665	0.0004139764156225	0.0015164409021964	-0.0250357342199833	0.0634770044548248	0.0006267879879336	0.0040293300945578	-0.0003759991605602	0.000721015849543	5.198638552922139e-07	1.413753687419751e-07	-0.0003550004435552	0.0001624745244919	1.2602531492438878e-07	2.63979711089015e-08	2.9332558458666216e-06	4.871737411910851e-05	8.60398985731071e-12	2.373382541061184e-09	0.0	0.0	0.0	0.0	0.0	0.0	0.0	0.0	0.0	0.0	0.0	0.0	0.0	0.0	0.0
935.5235442321832	-1.6443919553639716	2.704024902865746	875204.3018127456	1229.6502925526013	12.22205070726818	149.37852349103466	1512039.841974698	855.8452842482754	-0.016182141426384	732471.1505700113	0.0002618617011434	917.402336930619	881.6213545655175	1.346209	23.091776	0.1362279585930733	0.0855136101863455	-0.0059925464	0.05941807	-0.0960737764	-0.0405565237	-0.1293306601	-0.0450863276	0.0645176889	-0.0541958583	0.0756231853	-0.0721605474	0.0953714482	0.0696388001	-0.0618450698	0.0234307928	0.0030015474	0.0761031341	0.0729629863	-0.1070454992	0.0545901929	0.150331247	-0.0176580185	-0.0243655167	0.0537481273	-0.0726071773	-0.0295813409	-0.0518153711	-0.0271467953	-0.014246882	-0.0107874137	0.2194892912	0.2663912431	-0.0448470438	0.1140269721	-0.0629719385	-0.0707732644	0.1958218133	0.0002376407	-0.072195384	-0.125939943	0.2080520858	0.0024535116	-0.008016143	-0.062692245	-0.0196831922	0.0933225144	0.147619045	-0.0320233667	-0.1128759067	-0.0389427099	-0.0573591939	-0.0562846309	0.1246206393	-0.0823975636	0.010108203	-0.0750315158	0.0924739413	0.0782295306	-0.0278389177	-0.0362361733	-0.093759324	-0.1589263093	-0.1051442969	-0.0963283511	0.0835529728	-0.0014309167	0.1635621761	-0.0536586058	-0.0829244862	-0.0511407531	-0.0739318038	-0.025337272	0.0540928833	0.0843163306	0.0109002773	0.0942211539	0.0790778474	0.0174615782	-0.0940734501	-0.0914314052	0.1047702612	0.0177971379	-0.0817289061	-0.1038511824	0.0015279033	0.2374969143	0.0919688238	-0.1204344608	-0.1166825745	-0.0397698502	-0.103969469	-0.0205850254	-0.0524118991	-0.1293398512	0.0153565444	0.0077171331	0.0764867434	0.1242524367	0.1100753719	0.0876327994	-0.0406949474204054	0.0080392241360982	6.462912471042541e-05	0.0016560787455495	0.0080955339243615	-0.0308459722380406	0.0009514740033099	6.553766952048793e-05	-0.0880728426125756	-0.0630371083925923	0.0077568256058595	0.0039736770344994	0.0002330059155443	0.0006090050761045	3.7088718272104797e-07	5.4291756678637466e-08	-0.0003129956606784	4.200478287680001e-05	9.796628360350813e-08	1.764401784527111e-09	3.8036473391408335e-05	3.510321754554171e-05	1.4467733080553143e-09	1.2322358820496275e-09	0.0	0.0	0.0	0.0	0.0	0.0	0.0	0.0	0.0	0.0	0.0	0.0	0.0	0.0	0.0
933.3705827431515	-2.152961489031668	4.635243173253457	871180.6447302903	1218.71506504868	-10.935227503921396	119.57920056251898	1485266.409776608	855.0878261196175	-0.7574581286579587	731175.1903779731	0.5737428166700167	915.4520052644264	857.7862452555046	1.1839	20.307653	0.1924163760450395	0.1146532996590605	-0.0593739636	0.0060415203	-0.1300433986	0.0058237685	-0.0005846595	0.1129988695	-0.0204034233	0.1188453531	-0.015720774	-0.2868002824	-0.1676106292	0.035363563	0.0232434753	0.0222031245	0.0731159185	-0.0087256151	0.0957383056	-0.0372368034	0.0584626408	0.013270604	0.1486086033	-0.0423623545	0.0178057796	0.0785163329	0.0059140387	0.1435149116	-0.026291489	-0.2536340788	0.1918469522	0.1185232029	-0.0970579791	0.0955867598	-0.0173142219	0.065708648	0.0907459859	0.0326160569	-0.1295715772	0.125460119	-0.0372251002	-0.0446309731	0.0165054827	-0.0318358439	0.1191041198	0.067009689	-0.0956151559	-0.115736142	0.0386669606	0.0628424054	-0.0729337004	-0.0169775486	-0.1925837332	0.0098112032	0.0262067879	0.015839171	0.0455925011	-0.1145400259	-0.0588102575	0.0291571912	-0.0785024585	-0.0920018539	-0.0814871027	-0.1443363208	0.2842587181	-0.0377875797	-0.0331627487	-0.0062416565	0.0469009307	-0.1426361729	-0.0682678217	0.0558569639	0.0540488567	0.0838009054	-0.0748542395	-0.0332702999	0.1063073327	0.0013440342	0.0080228232	-0.0751723993	-0.1226530554	0.0552251602	0.0244995656	0.0093025311	-0.0936761907	-0.1024633428	-0.0027521978	-0.0882290426	0.0211012003	-0.0530872715	-0.0213914443	0.0765983549	-0.0146605275	-0.1552683954	-0.1060211995	-0.0237439588	0.0546036931	0.0278015735	0.1232925447	0.1063942335	0.0799246852	-0.0247251766371761	0.0159697707832293	0.0002550335788688	0.0006113343597395	0.0617652461567672	0.0536697122324057	0.0028804380111092	0.003814945632806	-0.0104539915043488	0.0776188511082268	0.0001092859383729	0.006024686047361	-0.0005899943374725	-0.0008230002530168	6.773294164657168e-07	3.480933182496142e-07	-0.0003810073339995	-6.801167332109998e-05	1.4516658856140656e-07	4.6255877079360225e-09	2.5887561305753496e-05	-1.214891208565484e-05	6.701658303591455e-10	1.4759606486497022e-10	0.0	0.0	0.0	0.0	0.0	0.0	0.0	0.0	0.0	0.0	0.0	0.0	0.0	0.0	0.0
933.8131184084716	0.4425356653200651	0.1958378150802727	872006.9401117542	1221.313181513006	2.59811646432604	6.750209162202043	1491605.8873374206	855.6953448207349	0.6075187011174421	732214.5231478765	0.3690789722074239	915.3537141843397	858.3817782669616	1.259611	21.606337	0.0969766739442132	0.0455354802556887	-0.0875499441	0.0261997863	0.0104772833	-0.1892275165	0.0925518726	0.0365492333	-0.0254042416	-0.0289989415	-0.1625048259	0.0489880418	0.0536092154	0.0091957067	0.0737082875	0.0680058682	0.1021702046	0.0382325778	0.0818950552	0.0323237946	-0.1447360681	-0.0258044562	0.0653229907	-0.0089443141	0.0668536772	-0.0410341337	0.0023792827	0.064657918	-0.0133211636	-0.1062945849	0.0889490233	-0.0468075473	-0.1013690242	0.0323246956	-0.1396292901	-0.012842425	0.075316615	-0.1835695601	0.0928822976	0.1688225049	0.063082718	0.0725290924	0.0076907278	0.0172574827	-0.0757273403	-0.0670091668	0.0186549454	0.0665383874	0.0998973462	0.0857702417	0.0210816088	-0.1520592776	0.0449732547	0.0447066819	-0.0045311705	-0.075900608	0.0498619153	-0.021375276	-0.0173680058	0.0236123244	-0.0342712936	0.0635075953	-0.0357994027	-0.112145037	0.1028646771	0.1462588664	-0.0355001195	0.0806868931	0.1056644125	-0.0574658998	-0.063582499	-0.0554401761	-0.0468212214	-0.0230680942	0.0434277501	-0.0505590158	-0.1087658704	-0.0752694321	-0.0174859934	-0.1061445544	-0.1208738397	0.0816538221	-0.041838504	-0.0238361561	-0.0226122052	-0.1118985336	0.0904529684	-0.0867195207	0.0868529221	0.043688966	0.0484396901	0.1140266363	-0.0059774965	0.0592086704	-0.1463617916	-0.01900064	-0.0606101465	-0.0257876134	0.1222481541	0.1024214758	0.0717238087	-0.0070500332332414	0.0176751434039347	0.0003124106943496	4.9702968589808185e-05	0.0351432825123794	-0.0266219636443878	0.0007087289482831	0.0012350503057449	-0.0257289306485972	-0.0152749391442484	0.0006619778723203	0.0002333237658604	-0.0002339926496971	0.0003560016877754	1.267372016989334e-07	5.4752560112269756e-08	-0.0001040165430552	0.0002769907909443	1.0819441229154274e-08	7.67238982679489e-08	0.0001409876376189	0.0001151000763131	1.9877513961358273e-08	1.3248027567292151e-08	0.0	0.0	0.0	0.0	0.0	0.0	0.0	0.0	0.0	0.0	0.0	0.0	0.0	0.0	0.0
934.86980554897	1.0566871404984113	1.1165877128947093	873981.553327169	1221.207782768481	-0.1053987445250186	0.0111088953474501	1491348.4486943092	856.5622031255443	0.8668583048093979	733698.8078232863	0.7514433206170229	915.7029678488916	868.993096539614	1.083714	18.589148	0.0992932081206466	0.0624757194114705	-0.075479241	0.0634298726	0.0210440054	-0.0425342894	-0.0429099604	0.1080552855	0.1229125179	0.0011072197	-0.006118672	0.0892774126	-0.0487969525	0.0108675842	0.1054264651	0.1055774956	0.1192047328	0.0441203633	-0.0442708691	-0.0481339227	0.0075472619	-0.0175557547	0.0682808367	-0.1707555799	-0.0319881564	0.0341415799	-0.0004802843	0.0590552018	-0.0106464561	0.0907175481	-0.1987406475	0.1055208335	-0.1207880739	-0.0389167897	-0.0456410943	0.048112181	0.0953234216	-0.0093789572	-0.0825874224	0.0498547952	0.0183068517	0.0802997372	-0.0550927732	0.1457396793	0.0569150422	0.0500007724	0.1437267608	-0.0730384114	0.0702080244	-0.0117575635	-0.152064363	-0.0982170222	0.0687879793	-0.0054103304	0.0259755716	-0.0081159029	0.0307574843	-0.0262785637	-0.0257351151	-0.0744159957	0.072142631	0.109319109	0.0449380465	-0.0418542157	0.0884090516	0.0114799004	0.0622188796	-0.0179455308	0.0039702549	0.0273879883	0.2223374049	0.0586832529	-0.0915697607	-0.0404224297	0.0289336482	-0.0611802831	0.0399010825	-0.120395095	-0.0699874338	-0.0306364416	-0.0303098919	0.0875669703	-0.0448562581	0.0259490402	0.0302987848	0.0190657341	-0.053068149	-0.1359445125	0.0735254274	0.1213640562	-0.0464963506	-0.0400909017	0.0441588013	0.0355246592	0.0660867686	0.0488471285	0.0555568033	-0.1047475485	0.1211199807	0.098167988	0.063080731	-0.0121011068004861	-0.0050510735672447	2.5513344181718097e-05	0.0001464367857967	0.0367738274968161	0.0016305449844366	2.658676946271667e-06	0.0013523143887655	0.0093736530437382	0.0351025836923354	8.786537138438242e-05	0.0012321913818774	-0.0009449966846967	-0.0007110040349996	5.055267377857124e-07	8.930187340877541e-07	-0.0004180075595832	-0.000313991016528	1.747303198687025e-07	9.859035846028677e-08	1.5802571613902623e-05	-0.0001251850660049	2.4972126961252096e-10	1.5671300750675553e-08	0.0	0.0	0.0	0.0	0.0	0.0	0.0	0.0	0.0	0.0	0.0	0.0	0.0	0.0	0.0
934.418326883927	-0.4514786650430551	0.2038329849890591	873137.6096165574	1217.4312268343838	-3.776555934097132	14.262374723364262	1482138.7920714729	856.1745520414185	-0.3876510841258778	733034.8635633235	0.1502733630239683	915.359967980801	863.1226795937517	0.993354	17.039183	0.0451555809671314	0.0237783358600914	-0.0899037283	0.0791488301	0.0384032988	-0.0231430168	0.0481003002	-0.0317244023	0.1046495176	0.0772267167	-0.056667323	0.0311274465	0.1731034421	0.0069433625	0.129081928	0.1652680093	0.0803483158	0.0129549418	0.0300507828	0.1072700221	-0.065721928	0.0031606632	0.1240830295	-0.0166137285	-0.018618013	0.0319477648	0.0111805027	-0.0535098663	0.0082569482	0.053273541	0.0299257021	-0.0217634444	0.0214107364	0.0305250533	-0.1277168621	0.1051376828	-0.0317006397	0.06494432	-0.0354265187	0.0002351976	0.0405316791	-0.0926462169	0.042360959	0.0510118355	-0.1171101145	0.0388760175	-0.0114786263	0.1785194821	-0.0041308582	0.0920362374	-0.0273352739	-0.0918694199	0.0499251263	0.0493182761	0.1483842581	-0.0449620069	0.0083042252	0.0389707011	-0.0253267526	-0.0550714723	0.1452969617	0.012459262	-0.0851920221	-0.0457097975	-0.0470881331	0.0376332871	-0.1061872945	0.0570904926	0.0075035818	-0.1065920684	0.0759211618	0.0739969004	-0.0703839502	0.0316756443	-0.0725513823	-0.0602952684	-0.1081763367	-0.1104250038	-0.0708315931	-0.1042491218	-0.1050261177	0.0475118374	-0.0180121431	-0.0328424387	0.0173211751	0.036233608	0.0610548892	-0.0400568797	0.0487754943	-0.0286853268	0.0162724527	0.0110209878	0.0064439624	-0.0015360086	-0.074423523	0.0349644258	-0.0139718882	-0.0697792992	0.1199087977	0.0936454286	0.0540487397	-0.0167403314246996	-0.0046392246242134	2.1522405113908885e-05	0.0002802386962087	0.0244887923400938	-0.0122850351567222	0.0001509220888019	0.0005997009502762	0.0120495955330852	0.002675942489347	0.0001451927525109	7.160668206292624e-06	-0.0005709926794647	0.000374004005232	1.3987899592957788e-07	3.260326400022777e-07	-0.0003100129429292	0.0001079946166539	9.610802478362345e-08	1.166283722624441e-08	4.49115236648751e-05	2.9108952050972475e-05	2.017044957900636e-09	8.473310895058146e-10	0.0	0.0	0.0	0.0	0.0	0.0	0.0	0.0	0.0	0.0	0.0	0.0	0.0	0.0	0.0
931.9315261379096	-2.486800746017366	6.184177950392527	868496.3694097333	1230.2508339621804	12.819607127796644	164.34232691105453	1513517.1144646404	855.6000277073753	-0.5745243340431898	732051.4074128614	0.3300782104077707	918.1539815888927	870.1633717269349	1.259134	21.598146	0.1433451988616896	0.1134311472575296	-0.0941875667	-0.0130201837	-0.0453826112	-0.0598685473	-0.1144427097	0.063601133	0.1347735635	0.0250668691	0.0523353263	-0.0864757865	0.0585088978	0.049525543	-0.0873880216	0.0196848555	0.0448988149	-0.0090804223	0.1111090717	-0.0915239037	-0.0158691932	0.0569721283	0.0591251813	-0.0531849979	0.0208873898	-0.0178183238	0.0489905195	0.135778673	-0.1689791026	0.033168911	0.1315522832	0.0843729457	0.0537368426	0.0476793993	0.0149474507	0.0802158278	-0.1647342749	0.116180757	0.0114147923	-0.0233614449	0.1732188134	0.0363027189	0.0369161364	-0.0393370899	-0.0750145711	0.0952627229	0.257140282	0.1146725737	-0.2298549641	-0.07483259	-0.0954338678	-0.040912723	-0.0837606191	0.164775496	0.0542290596	-0.0335058661	-0.0393924237	-0.0419674863	-0.011642139	-0.0409027277	-0.0544597594	-0.0982047917	-0.1295530766	-0.118167319	-0.1048348846	0.0485490841	0.058260091	-0.062070966	-0.036221722	-0.0570497734	0.1179275394	-0.2170974729	0.0348707953	0.0153823292	0.1051304541	0.0496147176	0.0321755229	-0.0385215109	0.0136052629	-0.0490073329	-0.1652480205	0.0209957609	-0.0137868404	-0.1031546959	0.0859229916	-0.079696171	0.2404218346	0.0004756406	0.0574125802	-0.003522336	-0.0738513058	-0.0714626538	-0.0310861041	-0.0849718628	-0.1448670652	0.0259463787	-0.097636972	0.015619636	0.1186154352	0.0888661936	0.0446835199	-0.0120939133078934	0.0046464181168061	2.158920131618487e-05	0.0001462627390988	0.0219541115095012	-0.0025346808305925	6.424606912973588e-06	0.0004819830121716	-0.0354958624311194	-0.0475454579642046	0.0012599562497289	0.0022605705730259	0.0010920253311455	0.0016630180106102	2.765628903613908e-06	1.192519323863439e-06	-0.0003099158531607	9.708976850004297e-08	9.604783604032457e-08	9.426423147391935e-15	0.0001541692622879	0.000109257738623	2.3768161434395308e-08	1.193725344901723e-08	0.0	0.0	0.0	0.0	0.0	0.0	0.0	0.0	0.0	0.0	0.0	0.0	0.0	0.0	0.0
932.3738664666288	0.4423403287191831	0.195664966411395	869321.0268699309	1223.9899158362186	-6.26091812596178	39.19909577999677	1498151.3140687535	856.191723809726	0.5916961023507383	733064.2679202701	0.3501042775370554	916.105263439134	851.8718072904958	1.228562	21.073746	0.1183149014691896	0.0563025058253323	-0.1392558359	-0.0303259368	-0.0469853134	0.0103504823	0.0487187138	0.1911307085	0.0057722923	0.06765864	-0.056204998	-0.0699259439	-0.1776671754	-0.1015155845	-0.0648982998	-0.0336236042	0.1026767198	0.0613360091	-0.040223343	-0.0540408301	0.0922245059	-0.0359363902	-0.0021550655	0.0628198676	0.0357791479	0.0686450509	0.127049935	0.0795542587	0.1039101319	0.014893319	0.0405058082	0.085331204	-0.0499618651	-0.0385865811	0.1782335056	0.0103839383	0.0285319773	0.0609417094	0.0294574916	0.0985572144	0.0445387644	0.0112787355	-0.0858826822	-0.1183644241	-0.0623186343	0.0028722574	-0.0554083548	-0.0073911744	0.0207496354	0.0518886714	-0.1176650613	-0.0198773036	-0.0751038168	-0.0585619481	-0.0903341229	0.0437640649	-0.0041350502	-0.1604191824	-0.0219188141	0.1154559793	-0.0673105582	-0.0298299397	0.0453144439	0.0706963583	0.0839134645	0.0383331912	-0.1677740047	-0.0304954087	-0.0683415663	0.1205127931	0.0725234805	-0.0850005894	0.07467518	0.0399264115	-0.0143183282	0.0572489158	0.0693275237	-0.0550150264	0.0133272626	0.1081718843	-0.0676730964	0.0510406416	-0.0122715285	0.0547227032	0.1473982437	0.028115366	-0.08607139	-0.137916684	0.1161265391	0.0494193605	-0.0924756558	0.0051102436	-0.1829665156	-0.030537222	-0.0715961795	-0.0333802116	0.0169119002	0.0338855393	0.1172407796	0.0838433825	0.0350428114	0.0042059135820977	0.016299826889991	0.0002656843566436	1.768970906007391e-05	0.0539153913576768	0.0319612798481755	0.0010215234095333	0.0029068694252514	-0.0431853381868023	-0.0076894757556828	0.0018649734343084	5.9128037397235096e-05	0.0002599646432777	-0.0008320606878678	6.923249882950366e-07	6.75816157545018e-08	-0.0003930233397382	-8.310748657750004e-05	1.544673455789686e-07	6.9068543252293504e-09	-0.0001779489427736	-0.0003321182050615	3.166582623424197e-08	1.1030250213327257e-07	0.0	0.0	0.0	0.0	0.0	0.0	0.0	0.0	0.0	0.0	0.0	0.0	0.0	0.0	0.0
934.3855753626142	2.0117088959854077	4.046972682186826	873076.4034457236	1223.5359202529444	-0.4539955832742635	0.2061119896325387	1497040.1481492196	856.0405401359567	-0.1511836737693102	732805.4063562605	0.0228565032143852	916.0337708808768	868.7970348577705	1.164617	19.976881	0.0637202980208687	0.039585231630693	-0.144086708	0.0369207402	0.095812589	-0.0650599256	0.0965965378	0.0106819515	0.0091430746	0.0214087793	-0.1594346122	0.1627417032	0.0352567729	-0.0863428673	0.0921533099	-0.0201802405	0.1200935605	-0.0237076981	-0.1366057142	0.0725124579	-0.1175683784	-0.047266535	0.0694821306	0.0887459452	0.0377724404	-0.1344459035	-0.0123050591	-0.0897346198	-0.0081155212	0.1968413318	0.1505252842	0.021915739	0.0748815906	-0.0943531466	0.0377333251	-0.1013408481	0.0756159279	-0.0022519977	0.0249062986	0.2198309094	0.0337991991	-0.0341374583	0.0263846201	0.1419427369	0.1834024727	-0.0063761211	0.1194592038	0.120709891	0.0905427765	0.1282653169	-0.031862275	-0.0443289779	0.1685921063	-0.0144872844	-0.0094610327	-0.0038391224	0.0188156278	-0.02191762	0.0612528083	0.0863953251	0.0583086328	0.1002842317	0.0291096846	0.0188059562	-0.1314505739	-0.0014284457	0.0145129985	-0.1005600984	-0.0453410571	-0.0398192719	-0.1096651002	-0.1157010048	-0.0492057427	-0.0403802757	-0.0580506694	0.0399864538	-0.1526992963	-0.066207083	4.61918e-05	0.0930608561	-0.0220262115	0.050240007	0.0254937166	0.0198007877	0.1625573388	0.0879799026	0.0222107486	-0.1082213534	0.0513334263	-0.1275184367	0.0216548431	-0.0655695454	-0.1132774895	0.1383202712	0.0605482637	0.1766002572	0.0372515676	0.0520598332	0.1157857731	0.0785907625	0.0251860523	0.0041548176432826	-5.1095938815100446e-05	2.610794963396488e-09	1.7262509648932375e-05	0.0205376169636082	-0.0333777743940685	0.0011140758235013	0.0004217937105438	-0.0356932066603832	0.0074921315264191	0.0012740050017008	5.613203480916302e-05	0.0002850007804834	2.5036137205700017e-05	6.268081661826367e-10	8.122544487614716e-08	9.978663488618976e-06	0.0004030020032268	9.957372501909744e-11	1.6241061460482902e-07	-0.0001500011599748	2.7947782798799992e-05	2.2500347993785546e-08	7.810785633689006e-10	0.0	0.0	0.0	0.0	0.0	0.0	0.0	0.0	0.0	0.0	0.0	0.0	0.0	0.0	0.0
934.3873092518656	0.0017338892514544	3.0063719363092966e-06	873079.6436909416	1229.508521155155	5.972600902210616	35.67196153708706	1511691.2035931365	856.9796059564869	0.9390658205302316	734414.0450253356	0.8818446152881171	916.9506852052951	868.5611293490842	1.25885	21.593285	0.0561646564861719	0.0343112322136857	-0.0671367046	-0.0285026865	0.1271315913	0.0839293397	-0.1542479818	0.0362176935	0.0743794973	0.0342554149	0.1033160375	0.1118625833	-0.0362182731	-0.008826766	-0.1292311426	-0.0398497028	-0.0167449643	-0.0014438381	-0.1764418493	-0.1603823128	-0.0002246691	0.0346972523	-0.0615841179	0.0546792021	-0.1198215484	0.1374181481	-0.0546786743	-0.0458098444	-0.016845455	0.1310322085	-0.067594702	0.0417176851	0.0572681146	-0.0965472687	-0.0620471682	-0.0348427691	0.0721383195	0.0104934672	-0.1050158111	-0.0258762955	0.2038900865	-0.03701898	0.006168892	-0.0552773643	0.0875268415	-0.1038391519	-0.0319493998	0.0825555471	0.0042588125	-0.0953106993	-0.1246430029	0.0757878205	0.1113814027	-0.0295433347	-0.0274809041	-0.0379674244	-0.0167231864	0.0500516591	-0.1099484503	0.0980428151	-0.0099263153	0.034135297	-0.0664712036	0.0768897579	-0.0475814223	-0.0129068861	0.1334579067	-0.0033739407	-0.0661259531	0.079446101	0.0705909842	-0.0099053592	0.0973843409	0.1449213814	0.0683584457	0.0884251463	0.0565519676	-0.1412622403	0.0326110901	0.1131448722	0.049994413	0.0105998856	-0.014653934	-0.0129201078	0.0938809725	0.0499904547	0.0510595369	0.037966816	0.0072981501	-0.0757156003	0.1092066953	-0.0075232164	-0.1959829507	-0.0133130556	-0.0075402097	0.0624544006	-0.0171838398	-0.0501923752	0.1142514127	0.0731227308	0.0151740128	0.0082112683950157	0.0040564507517331	1.645479270123603e-05	6.74249286549837e-05	0.0343515318767941	0.0138139149131859	0.0001908242452287	0.0011800277422824	-0.0295523787712994	0.0061408278890837	0.0008733430910423	3.770976716334937e-05	0.0002179896460945	-6.70111343889e-05	4.4904921320872174e-09	4.751948580440536e-08	5.404161884570158e-05	4.40629553570826e-05	2.9204965674640882e-09	1.9415440348002543e-09	0.0003819940089226	0.0005319951688974	1.459194228527594e-07	2.830188597301732e-07	0.0	0.0	0.0	0.0	0.0	0.0	0.0	0.0	0.0	0.0	0.0	0.0	0.0	0.0	0.0
935.361808256838	0.9744990049723584	0.9496483106921164	874901.7123455018	1228.5694037697533	-0.939117385401687	0.8819414635637007	1509382.7798791672	856.575554174723	-0.4040517817638829	733721.6800097339	0.1632578423465684	917.3611756558548	871.5644845399925	1.06073	18.194891	0.1562826118584661	0.0896661820110314	-0.0351655348	-0.0410815867	0.0928155654	0.1363637801	0.0779568847	-0.0077234132	-0.0439174243	0.1537992269	0.0042547562	0.0308729864	-0.0359210106	-0.0352441086	-0.0464862535	-0.0189519715	-0.0244289567	-0.0611523855	-0.1562088794	0.027436435	0.0483862548	-0.0685433396	0.0537310812	0.0785891872	-0.0341758347	0.2989082045	-0.0754861411	-0.0305424974	-0.1006955344	0.074302173	-0.0594947124	0.0354805229	-0.0710676271	0.0108965554	-0.0681470636	0.050613237	0.057362928	-0.0445671004	0.038488181	0.0456462088	-0.0640416143	0.1042339452	0.001783502	-0.0617116541	0.1054785714	0.0607872804	0.0562480919	-0.0731651835	-0.0714036268	0.0779263213	-0.0475263604	0.1500954808	0.0281412687	-0.123992962	0.0657427592	-0.0229300147	-0.0337659189	-0.0400447799	-0.1210918845	0.0401561886	0.0598493018	0.0352826004	-0.1082027878	-0.0129634665	-0.0148929461	0.0399561846	0.1641217887	-0.0463250964	0.0631936898	0.0370619755	0.0692302879	0.044867684	0.0667182404	-0.0010657954	-0.1130833587	0.0545494292	0.016509156	-0.1470687454	-0.0143216562	0.0570147435	0.0871419935	-0.0777658903	-0.01196645	0.0212532866	0.0073856973	-0.047067266	-0.05122794	-0.012404509	-0.0262458958	-0.0577762578	0.0566253258	0.0449372311	-0.0968236764	-0.1255292258	-0.0615438253	0.0535869518	0.0243840203	-0.0066676845	0.1126387502	0.0674542747	0.0050684204	0.0041491673884337	-0.004062101006582	1.65006645876745e-05	1.721559001724173e-05	0.0582593123391177	0.0239077804623236	0.0005715819666346	0.0033941474742268	0.0350069080184596	0.064559286789759	0.0012254836090128	0.0041679015108023	-0.0004489983727252	-0.0006669880188197	4.448730172490285e-07	2.015995387098776e-07	-0.0001870032503457	-0.0002410448691914	3.4970215639856544e-08	5.810262896349989e-08	1.4958024937669742e-05	-0.0003670359839849	2.2374251003594987e-10	1.3471541353978597e-07	0.0	0.0	0.0	0.0	0.0	0.0	0.0	0.0	0.0	0.0	0.0	0.0	0.0	0.0	0.0
936.7809681767878	1.419159919949834	2.0140148783920195	877558.58233824	1227.8416253292198	-0.7277784405334842	0.5296614585053502	1507595.0568911002	857.5838957141209	1.0083415393978612	735450.1381882082	1.0167526600752486	916.3641393215144	853.2470149088249	1.274838	21.867523	0.1342558146827753	0.0795844513155107	0.0967768466	-0.0979478804	0.1069675872	-0.0905297082	0.0841339585	-0.057371823	-0.1072652631	-0.0963078539	-0.0260395663	0.0790624023	-0.0061584525	-0.0785775698	0.0049400256	-0.0661848364	-0.1472228884	0.0614023677	-0.0508588743	0.0223212038	-0.1184137435	-0.115050453	0.1505576912	-0.0483353536	-0.0883596197	0.1246233356	0.0563814913	0.2001100168	-0.0282758391	0.1209737618	0.1002928782	-0.076993743	-0.0754012139	0.009258017	0.0394866935	-0.2569789913	-0.0489591189	0.0816422575	0.0094242001	0.0328449451	0.0119155874	-0.1991996996	-0.0774857573	-0.1009556441	-0.0964617256	-0.0742643768	-0.1159330215	-0.016313479	0.1564019825	-0.0251111134	0.1513457576	0.0182999987	0.1013409208	-0.0969483693	0.0551449603	-0.0905936009	0.0510209188	-0.111473424	-0.0534980093	0.0932494598	0.1083699786	-0.1148264298	0.0258778602	-0.1135625174	0.0747656249	0.0491474873	0.0171325759	-0.1238967611	-0.0481634013	0.1429082608	0.1739882446	-0.0847865725	0.0360045194	0.0125083899	0.0932729877	0.0522212671	-0.0958338974	-0.1171139843	-0.0162983807	-0.0309668389	0.1282281905	-0.0914974304	-0.0912553414	-0.0343300973	0.059554747	0.0158468164	0.0382997973	-0.0576979185	-0.0242751887	0.1266210173	-0.0596208772	0.0212137436	-0.1118327029	-0.1354526153	-0.0100433598	0.0580747353	0.0281957525	0.059127077	0.1109488906	0.0616009311	-0.0050684204	-0.0013734877229012	-0.0055226551113348	3.049971947875349e-05	1.8864685249603232e-06	0.0074603794361394	-0.0507989329029783	0.0025805315840812	5.5657261331171634e-05	-0.0121749995496571	-0.0471819075681167	0.0001482306140341	0.0022261324017663	5.0000573325037967e-05	0.0004989989460502	2.489999481592483e-07	2.500057332832498e-09	-7.199958482106972e-05	0.0001150036655246	5.183940214406413e-09	1.3225843084101034e-08	1.6001795369709745e-05	1.0437704320400032e-06	2.5605745505406424e-10	1.089456714800975e-12	0.0	0.0	0.0	0.0	0.0	0.0	0.0	0.0	0.0	0.0	0.0	0.0	0.0	0.0	0.0
938.534094768805	1.7531265920171109	3.0734528476375296	880846.2470435002	1229.854810217655	2.013184888435262	4.052913395024099	1512542.8542155044	857.9231573506742	0.3392616365532603	736032.1439185496	0.1150984580367965	919.3146146866532	886.2188508452272	1.308072	22.437599	0.0829042829300863	0.0504412548813687	0.1499721852	-0.0263459113	-0.0285729754	0.0930933863	-0.0533222983	-0.0451520541	-0.04387011	-0.0469061943	0.1367927348	-0.0250689476	0.0162581348	-0.0430563332	0.0302687048	-0.0303167693	-0.1526100434	0.0735211009	-0.0329316669	0.0090513272	0.1045433003	-0.0102304112	0.1534498021	0.0243494047	-0.1157823057	0.1385707044	0.0115183831	-0.0280245831	0.0903642618	-0.0311929175	-0.0465066359	-0.1437352351	-0.0354723663	-0.0286097795	-0.0491111591	0.046892482	-0.136609021	0.0196012388	0.1218741443	0.0602858748	-0.0837963456	-0.0367771259	-0.2132263498	0.1210898346	0.0699021498	-0.0983856417	0.2451563513	-0.0742898899	-0.0398310746	-0.1154247936	0.07075701	0.0412631377	-0.0580085873	-0.1108532985	0.16111256	-0.0459460668	0.0148898548	0.0694328774	-0.1001712344	0.1132374704	0.0715794607	-5.56735e-05	0.0037617721	0.0388745785	0.0203053235	-0.0252506182	0.0207464688	-0.0192398655	-0.0984416629	0.0987431952	0.0131018983	0.1049714549	-0.1181559832	-0.1489497908	0.0177152598	0.0642356811	0.0681637942	-0.0964455498	-0.0038769404	-0.0795230439	0.1667438054	-0.0808867461	-0.0820035876	-0.0452393272	0.035324289	0.0511043695	-0.0907841367	-0.0416358667	-0.0240022735	-0.0167518	-0.1099970029	-0.0563867492	-0.0839677278	-0.1024771996	0.0947983171	0.0036432432	0.0351382412	-0.0040103055	0.1091829923	0.0555787436	-0.0151740128	-0.0095781681835518	-0.0082046804606506	6.731678146138175e-05	9.1741305752404e-05	0.0503981262739472	0.0429377468378078	0.0018436501035076	0.0025399711319247	-0.0121650663008523	9.933248804799844e-06	0.0001479888381041	9.866943181805752e-11	-0.0004220029075386	-0.0004720034808636	2.2278728594739065e-07	1.7808645397103216e-07	-0.000186993272919	-0.0001149936880979	3.4966484116959625e-08	1.3223548302364072e-08	-3.203948332518514e-05	-4.804127869489489e-05	1.0265284917448168e-09	2.3079644586405613e-09	0.0	0.0	0.0	0.0	0.0	0.0	0.0	0.0	0.0	0.0	0.0	0.0	0.0	0.0	0.0
936.4037244316862	-2.130370337118734	4.538477773275388	876851.9351295333	1228.4783627134382	-1.3764475042169124	1.8946077318649672	1509159.0876550898	857.4399828448344	-0.48317450583977	735203.32418095	0.233457603093506	916.860457042378	866.5900013271853	1.139002	19.537504	0.0369686400454558	0.0237496793990347	0.1234188146	-0.0687871614	-0.0777891268	-0.0036564779	0.0743578335	-0.1525511655	-0.1294859265	-0.0539031171	-0.0028817187	-0.1157860728	0.1390185465	-0.0302018914	-0.0895065896	-0.0369908198	-0.0581355126	0.012759688	0.0116730346	0.2221463992	0.081686851	-0.0731043908	0.1234861154	0.0770024166	-0.0660285074	0.0963444177	-0.0635615092	0.0461409739	-0.0764463346	-0.0079957965	-0.1430899503	0.0525578368	0.052547436	0.0028341014	0.1500057575	0.0267566231	-0.0178001009	-0.0235184305	-0.1291383411	0.03601028	0.0614620786	0.1735294091	-0.1445273878	0.074561944	0.106845279	-0.0070588348	-0.2334334103	-0.0840735743	0.0320007564	0.0548697002	0.152257192	-0.026522815	-0.0503588437	-0.0802004794	0.1563871129	-0.0329050621	-0.129489039	0.0623926711	0.0062690324	0.082312298	-0.0539320254	-0.0726697667	-0.0408857224	0.1211380245	-0.0393170428	-0.0149194365	0.0729742164	-0.1142453273	-0.1387117696	0.0782528391	0.0563301282	0.0977544372	-0.0703921643	-0.0085765409	-0.1313412273	0.0854967288	-0.0862913003	-0.0797425529	0.0638701208	-0.1387489958	0.0801409033	-0.1094451264	-0.0267367616	-0.0150979937	0.0461502677	0.0400968463	-0.1325454712	-0.0043136001	-0.0628442635	-0.1382766758	-0.0205566284	-0.085038818	-0.1084378902	-0.0765005777	0.1038861938	-0.0489102345	0.0045317509	0.0330305279	0.1073422654	0.0494042187	-0.0251860523	0.0042281839948969	0.0138063521784487	0.0001906153604753	1.7877539894702308e-05	0.0481975375634959	-0.0022005887104512	4.842590672565708e-06	0.0023230026271845	-0.0122243292468908	-5.926294603850017e-05	0.0001494342255363	3.512096773162183e-09	-9.399458171611092e-05	0.0003280083258224	1.0758946180887217e-07	8.834981391986653e-09	-0.000187002907324	-9.634405000001752e-09	3.4970087347628535e-08	9.282175970405876e-17	5.7991280657672207e-05	9.003076398285734e-05	3.362988632316906e-09	8.105538463336963e-09	0.0	0.0	0.0	0.0	0.0	0.0	0.0	0.0	0.0	0.0	0.0	0.0	0.0	0.0	0.0
936.5435496610114	0.1398252293251971	0.0195510947558439	877113.8204116473	1230.6686033769088	2.190240663470604	4.797154163920151	1514545.2113376711	856.6577486614452	-0.7822341833891642	733862.4983416959	0.6118903176625126	916.9812949977364	871.0100215719758	1.155706	19.824032	0.1692992956184433	0.0821686865576504	0.1192342535	-0.0669809877	-0.08244722	-0.0780163956	-0.1012351341	-0.0850464297	-0.0976311857	-0.1180882261	0.1268492324	-0.1133184024	0.0303715939	0.0183258426	-0.0509881351	-0.0019411068	-0.136586462	0.0323885305	0.0758630346	-0.0911118577	-0.0708820363	-0.0359421606	0.0273525978	0.185654065	-0.1260546839	-0.0872171808	-0.0293046809	0.039427854	0.0113231977	0.0744019141	-0.0844825158	0.17341761	0.0708810207	-0.0697251468	0.1195125374	0.1621863703	0.115260842	0.0460522939	0.0564297759	0.0046966972	-0.0782186562	0.0263205857	-0.0626903252	-0.0657201782	-0.0350223596	-0.0732439039	-0.0733651689	0.077259141	0.0014347242	-0.1471559573	0.1113171306	-0.0246654167	-0.0754119869	0.0191854266	-0.0237248886	-0.081803804	-0.0954424657	-0.0118584318	0.0667193107	0.1394599894	-0.0485412947	-0.0737851635	-0.0166011522	0.047807046	-0.1204212098	-0.0726446486	0.0007764197	-0.1072889604	0.0438670114	-0.0386657973	-0.0643930828	-0.0175063691	-0.0864724757	0.0296639436	0.1304615555	0.1300623304	0.0013099805	-0.026177458	0.053729931	-0.0795990402	0.0304898588	-0.0573741008	-0.0296208599	-0.015051177	0.0301837822	0.0308095723	-0.1221501235	0.1132649537	-0.0324863531	-0.1389645536	0.0159291925	-0.1216546893	-0.070157112	-0.0331740744	0.0676258143	0.0551757689	-0.0224961617	0.007414697	0.1054279714	0.0430942802	-0.0350428114	-0.0213431124659848	-0.0255712964608817	0.0006538912026903	0.0004555284497356	0.0179476351163998	-0.0302499024470961	0.0009150565980588	0.0003221176062714	-0.0595976175550845	-0.0473732883081937	0.0035518760182421	0.0022442284451312	0.0006509871953558	0.0007449817770719	5.549978481692225e-07	4.237843285172105e-07	6.612433419039832e-05	0.0002531272415143	4.372427572123481e-09	6.407340039668856e-08	0.0003819784301168	0.0003239871494591	1.4590752107449509e-07	1.0496767301465124e-07	0.0	0.0	0.0	0.0	0.0	0.0	0.0	0.0	0.0	0.0	0.0	0.0	0.0	0.0	0.0
936.7416616743812	0.1981120133698368	0.0392483698414504	877484.940716481	1226.9017051003195	-3.766898276589245	14.189522626171025	1505287.7939780715	857.4887960002308	0.8310473387855382	735287.0352659253	0.690639679302525	919.3389878328672	885.016658250548	1.28555	22.051268	0.1258479143316397	0.0617079861286043	0.0296951552	0.0205597721	-0.1778603981	0.0688758404	-0.0014589456	0.0561020357	-0.1178171141	0.0489229826	0.0416712404	-0.1039246811	-0.0922725324	0.0236706149	-0.0227649372	-0.0349238203	-0.0101702091	0.099206426	0.1013336724	-0.0319500516	0.0935453711	0.1064378018	-0.0613739098	0.0413930587	-0.0211823795	0.1309638533	0.0082862993	-0.0463332415	-0.0352952151	-0.233316745	0.118412221	0.0906216125	0.082951448	-0.1312669838	-0.0922993955	-0.0125528712	-0.016796934	0.017711495	0.1424224907	-0.0150305878	0.0215333695	0.1081225014	-0.0189517276	-0.1493648746	-0.0236724651	0.0592188412	-0.1385734869	0.0447032913	0.0263950906	0.0174468776	-0.0040526256	0.0144938066	-0.2092397548	-0.0369532791	-0.1290039069	0.0295875762	0.0939234702	0.0249297329	-0.1277681702	0.0536507746	0.0095207116	-0.2309762175	-0.047004664	0.0259165473	0.0148992994	-0.1048460647	0.028553217	0.1202673678	0.0643287453	0.0274554368	-0.143375326	-0.1625314535	-0.0396437863	0.0289824987	-0.0258342102	0.1571977248	0.1235615152	0.0540974136	0.1052739562	-0.0491499548	-0.0178364102	0.0338541946	0.0729070855	-0.0026423672	-0.0336673769	-0.014098665	0.0304695606	0.1073977993	0.0620760996	0.0548208557	0.027004293	0.0065761781	-0.1439999463	-0.1360877607	0.1303982642	-0.1026092743	0.0075937169	0.1122503762	0.1034414224	0.0366662233	-0.0446835199	-0.0353137404051295	-0.0139706279391447	0.000195178445014	0.0012470602614008	0.068675997240021	0.0507283621236212	0.0025733667237452	0.0047163925969113	-0.0686432722231131	-0.0090456546680286	0.0047118988214964	8.182386837322769e-05	0.0002320013499347	-0.0004189858454211	1.7554913866323392e-07	5.3824626371523123e-08	-0.0001869984269959	-0.0002531227611862	3.4968411698940944e-08	6.40711322305758e-08	1.2021644707293952e-05	-0.0003699567854095	1.4451994146840867e-10	1.368680230705353e-07	0.0	0.0	0.0	0.0	0.0	0.0	0.0	0.0	0.0	0.0	0.0	0.0	0.0	0.0	0.0
937.1956945066196	0.4540328322383402	0.2061458127503688	878335.7698017451	1229.8366534146396	2.9349483143200814	8.613921607730287	1512498.1940821204	857.6057237095657	0.1169277093349592	735487.577339408	0.0136720892103207	918.9273859589148	876.0827991403264	1.216712	20.870483	0.0693391776333178	0.0332354513456249	-0.0633360409	0.0744270779	-0.0893732036	-0.0353629893	0.1952696617	-0.0212051371	-0.0782791916	0.039304052	-0.1144557635	-0.0178126108	0.0422541665	-0.0506940126	0.0102880442	0.019930066	0.1625599944	0.077480191	-0.0396063543	0.1705344803	0.0211151788	0.1060114926	-0.1314955345	0.148548634	-0.088945408	-0.0493466483	0.2315639026	-0.0398874707	0.0219513467	0.073296014	-0.0168413017	-0.0563097611	-0.0241880305	0.0792875486	-0.1259818772	-0.096700331	-0.0359003108	-0.0015919067	0.0099254867	-0.0383501477	0.0149820015	0.0459626423	-0.1085591934	-0.2470993417	0.0064694103	0.0321254844	0.0065113745	-0.166259431	-0.0340977428	0.1739167385	-0.0012680036	-0.0929479385	-0.0479407189	-0.0084020644	-0.127369563	0.114571116	-0.0448969954	0.1000107204	0.0322764635	0.1073872966	0.1042812756	-0.0444704851	0.0669069972	0.0960169532	-0.1335817165	0.1385435418	-0.0264590213	0.0383185576	0.0369194171	0.0309226523	0.1560550487	-0.1186483122	0.108129389	-0.0518802255	-0.1288245073	0.1185041781	-0.0883608821	0.0837779347	0.0820503713	-0.0085764193	0.0094111772	0.0715582091	0.0726093862	0.0925607001	0.0686809617	0.031324182	0.0296463511	0.0118357	0.0896260407	0.0395005375	-0.0509027667	-0.0099585885	-0.0933031393	-0.0280191505	0.0986270963	0.005321175	0.0976829707	0.0622180876	0.1013839798	0.0301376669	-0.0540487397	-0.0228802314590552	0.0124335089460743	0.0001545921447121	0.0005235049916199	0.0434338794800339	-0.0252421177599871	0.000637164509009	0.0018865018866861	-0.084807954499368	-0.0161646822762548	0.0071923891463668	0.0002612969530922	1.2001682351806938e-05	-0.0002199996675828	4.839985373658346e-08	1.4404037927367412e-10	-0.0001139997385672	7.29986884287e-05	1.2995940393389949e-08	5.328808512310419e-09	2.900066171573196e-05	1.6979017008438008e-05	8.410383799503212e-10	2.8828701857282714e-10	0.0	0.0	0.0	0.0	0.0	0.0	0.0	0.0	0.0	0.0	0.0	0.0	0.0	0.0	0.0
937.7868807712972	0.5911862646776171	0.3495011995434736	879444.2337467592	1230.4665431860722	0.6298897714325449	0.3967611241553436	1514047.913900282	858.6147251363051	1.00900142673936	737219.2462208928	1.018083879162064	918.2836784290696	882.0042097901269	1.329002	22.796606	0.0747315990394496	0.0438320242986688	-0.0444579005	0.052881336	0.046843803	0.0073830221	-0.1082897334	-0.0876150221	0.0356026405	0.0128985923	0.0464591914	0.1299819906	-0.062866008	0.0167072364	-0.1420157716	-0.0648425263	-0.0385126929	0.0500036916	-0.14575078	-0.1004944849	-0.0903871582	0.1199972163	-0.1226610885	0.1823077774	-0.1425460987	-0.0745473989	-0.0613521544	-0.0089536989	-0.091489004	-0.0543036325	0.1686298363	-0.0789284424	0.1393410262	0.0067146491	0.0834658358	-0.0407743307	-0.1446653195	0.0923760315	0.1872522238	-0.0448110891	-0.0263808514	-0.0468082208	-0.0119860279	0.0993997179	0.0267703639	0.0104074881	0.0206683179	-0.0385163923	0.0985555637	-0.088922073	-0.0491567036	0.0618917046	0.0881756231	0.0094001557	-0.2028062975	0.076109745	-0.051568215	0.0909160199	0.0212292797	0.2029614131	0.0120691054	-0.0989392299	-0.0533670293	-0.0225589345	-0.1449043677	-0.0760954374	-0.1277302466	-0.0300431266	-0.0643640104	-0.0505616949	-0.1272470413	-0.0188482095	-0.0635838867	-0.090474637	0.1515748954	0.1478433007	0.0048351816	0.0760926047	0.0534564757	0.1156587595	0.0848350553	0.0847788638	0.1331173339	0.1034345181	0.0193527568	0.068534341	-0.0246148609	0.1190175018	-0.0182620584	-0.0911323813	0.0561909243	-0.0292456107	-0.160349213	-0.1186493257	-0.0333620994	0.032014168	0.0422105438	0.0276005012	0.0992570537	0.0235265052	-0.063080731	-0.0228308570070225	4.93744520327008e-05	2.437836513529472e-09	0.0005212480316751	0.0167196564145086	-0.0267142230655253	0.0007136497139946	0.0002795469106192	-0.100677989563195	-0.015870035063827	0.0101360575824868	0.000251858012927	0.0005039951776568	0.0004919934953049	2.420575994224242e-07	2.540111391013094e-07	-0.0001870120768343	-7.301233826710001e-05	3.497351688187813e-08	5.330801539229437e-09	-4.7952833873468354e-05	-7.695349558920031e-05	2.299474276496454e-09	5.921840483397072e-09	0.0	0.0	0.0	0.0	0.0	0.0	0.0	0.0	0.0	0.0	0.0	0.0	0.0	0.0	0.0
938.3107982009589	0.5239174296616511	0.2744894731032711	880427.1540205205	1228.5528315688623	-1.913711617209856	3.662292153843962	1509342.059955869	857.9417158486186	-0.6730092876864546	736063.9877932719	0.452941501312229	918.4222851976411	881.5461298222165	1.134396	19.458492	0.2275450837638838	0.1342781693060858	0.0220951544	-0.0009788085	0.0566855509	0.1736021193	0.0485840698	-0.0515291163	-0.0546033998	0.1716985144	0.0645124715	-0.0020741652	-0.1343900829	-0.0250561934	-0.0004664791	-0.0389692948	-0.0886927744	-0.0235361753	-0.1471139784	-0.0516410739	0.0923124878	-0.0288850007	0.024216938	0.0272083566	-0.0211206359	0.1499236998	-0.0001216003	0.011106893	-0.1101866488	-0.0170303576	0.0837679706	-0.012223567	-0.0828119627	0.0458347708	0.0104433638	-0.0087372471	-0.0324221521	0.0795072069	0.1008134785	0.0386536112	-0.0599604382	-0.0585454182	-0.0979027207	-0.0749179797	-0.2350321027	0.0876478307	-0.1258403586	-0.0398907083	-0.0321545822	0.0027288032	-0.0427241475	0.1843190026	-0.0464241495	-0.1418890008	0.0052909649	0.0247297383	0.0318184414	-0.0248851414	-0.1450500339	0.08352056	0.0682282843	-0.0672182153	0.0072539334	-0.0866282106	-0.0037159557	0.0233069298	0.0368151192	-0.0661589256	0.0782204554	-0.0006607307	-0.0297636556	-0.0450157414	0.1480640311	-0.0478461089	-0.0303437723	0.1177905474	0.0905741008	-0.0290040198	-0.0636240933	0.0304691931	0.1575142035	-0.0112999471	0.0314153269	-0.0240216497	-0.0631496046	-0.0047797306	-0.0310248184	0.0018392565	0.0457303688	0.0015749427	0.0182169751	0.1087493646	-0.056305358	-0.1258993783	-0.0183884912	-0.020987752	0.1094518157	-0.0816062209	0.0970621018	0.016850859	-0.0717238087	-0.0449024177405448	-0.0220715607335223	0.0004871537932135	0.0020162271189463	0.0885084914246192	0.0717888350101106	0.0051536368321088	0.0078337530542618	-0.0099487281504906	0.0907292614127044	9.897719181236413e-05	0.0082317988764948	-0.0002940099979892	-0.000798005175646	6.368122603578033e-07	8.644187891760938e-08	-0.0001869835013739	2.8575460400015072e-08	3.496282978604326e-08	8.165569370728295e-16	-0.000109027614918	-6.107478104453164e-05	1.1887020814707696e-08	3.730128879637482e-09	0.0	0.0	0.0	0.0	0.0	0.0	0.0	0.0	0.0	0.0	0.0	0.0	0.0	0.0	0.0
937.9870876195642	-0.3237105813946073	0.1047885405068346	879819.7765410321	1229.5441980535334	0.9913664846710616	0.9828075069290584	1511778.9349671064	857.1588788665125	-0.7828369821061187	734721.3436196967	0.6128337405530156	917.6144366770602	865.6636131121958	1.189728	20.407625	0.0874344289641666	0.0554041124466384	0.1106232923	-0.0757182111	0.0228948064	-0.0331430352	0.124871718	-0.1724511677	-0.1229372012	-0.0536292723	-0.1020953432	0.026089266	0.1526641131	-0.0616374197	-0.0250443987	-0.1268666628	-0.1277223607	-0.0946738702	0.0372491236	0.1609031421	-0.072547062	-0.0169157285	0.078337628	-0.0175489361	-0.102119457	-0.0186594966	0.0918122618	-0.0420612994	0.0804874579	0.1007900531	-0.0161017236	-0.0233283629	0.0576149533	0.0723644746	0.0663572444	-0.008610702	0.0133998292	0.0721048338	-0.0621659278	-0.026902219	-0.1152582706	-0.0455369253	-0.1093699388	-0.1228666762	0.055287538	0.1094839654	-0.0477133795	-0.1202656918	-0.1024800991	0.0699818094	0.21204421	0.0732953258	0.0505361466	0.0443351515	0.0551834533	-0.0447362753	-0.01680451	-0.0180778406	-0.0407294696	0.0646389643	0.1193391372	-0.122186442	0.1247578214	0.0206092574	0.0115984573	-0.0021221485	-0.0571827953	-0.0185852643	-0.0760850807	-0.0129401048	0.0654008032	-0.0402705098	0.0751865559	-0.0882304919	-0.0277985496	0.1015290417	-0.178819588	0.0244952305	-0.042444628	-0.0657815728	0.1182123201	-0.0658435743	-0.0673345118	-0.0208548915	-0.0337526266	0.0150668511	-0.0009812108	-0.011000458	0.1129646861	0.0062356683	-0.0749549151	0.0324858948	0.0619313011	-0.0380362009	0.0975354534	0.0630332323	0.0471197056	0.0157398255	0.0948006283	0.0101290257	-0.0799246852	-0.0506696806182276	-0.0057672628776828	3.326132110029813e-05	0.0025674165339531	0.0403417106199555	-0.0481667808046636	0.0023200387730845	0.0016274536157442	-0.0270497934860145	-0.0171010653355239	0.000731691327636	0.0002924464356098	1.5988132071224965e-05	0.0003099981300604	9.609884064096016e-08	2.5562036712693226e-10	-0.0001870009593014	-1.745792750000672e-08	3.496935877964386e-08	3.0477923259549096e-16	-0.000126998425856	-1.797081093800001e-05	1.612860016990193e-08	3.2295004576934084e-10	0.0	0.0	0.0	0.0	0.0	0.0	0.0	0.0	0.0	0.0	0.0	0.0	0.0	0.0	0.0
937.3642874876076	-0.6228001319566374	0.387880004365205	878651.8074571503	1231.349345444188	1.8051473906546107	3.258557101987149	1516221.2105258305	857.7005056595989	0.5416267930863796	735650.1574087316	0.2933595829890358	917.8983096790156	873.1021938735632	1.275285	21.875189	0.0465820127829214	0.0345482143286811	0.106573812	-0.1097223602	-0.0649004317	0.0285745567	-0.1398934658	-0.0367248033	0.00206848	-0.0841449223	0.159924616	-0.0173281038	0.0067569926	0.0657242313	-0.0905122509	0.0399490261	-0.078452164	0.0248704419	0.0976507788	-0.1301596345	-0.0076308428	-0.0418759848	-0.0251757164	0.0097443835	-0.0697833769	0.0371218633	-0.1027122773	-0.0322047435	-0.0501259371	0.0498661529	-0.0928694996	-0.2054183595	-0.1082997373	-0.1665996823	0.0159015854	0.015510233	0.0683297048	-0.126364974	-0.0366579481	-0.029316048	0.1160728379	0.0858024162	-0.017309166	-0.0614225512	-0.0480447443	-0.1266286302	0.0086059753	0.0691715338	-0.014848759	-0.1866416075	0.0210207831	-0.0139386739	-0.0268224968	-0.0016618954	-0.0008129279	-0.1291555692	-0.0811446944	0.0550550549	-0.0877990314	-0.0453996104	0.0103478214	0.0732258384	0.0389530884	0.0750073657	-0.0123041086	0.0086257478	0.12171611	-0.0318505248	0.0123000346	0.0862365595	0.0138971861	0.0587263354	0.1820258662	-0.0668568583	0.1059811536	0.1283969042	0.0705030746	-0.033986441	-0.0821574958	-0.0947109935	0.0317375871	-0.0612508656	-0.0664927974	-0.0826513787	0.0254994088	0.00935828	-0.1282050368	-0.0385002113	0.0442248953	-0.0377281719	0.0494323043	-0.0399640451	-0.0159016818	0.0886133998	0.0862476705	0.0540118301	-0.0733497402	-0.1295320526	0.0924741833	0.0033794295	-0.0876327994	-0.0506697922990468	-1.1168081919671337e-07	1.2472605376448978e-14	0.0025674278516285	0.0621530832722356	0.0218113726522801	0.0004757359769766	0.0038630057602454	-0.0270331393621461	1.665412386839954e-05	0.0007307906237732	2.7735984182399526e-10	0.0005109876477088	0.0004949995156375	2.450245204814339e-07	2.611083761109727e-07	-0.0001870328245248	-3.1865223400006455e-08	3.498127744972463e-08	1.015392462332319e-15	-0.0001269523201979	4.6105658100018775e-08	1.6116891603630125e-08	2.1257317088358263e-15	0.0	0.0	0.0	0.0	0.0	0.0	0.0	0.0	0.0	0.0	0.0	0.0	0.0	0.0	0.0
938.1767826341072	0.8124951464996002	0.6601483630854068	880175.6754736848	1227.2950037175958	-4.054341726592156	16.437686835986266	1506253.0261501735	857.7089907030597	0.008485043460837	735664.7127328614	7.199596253229282e-05	918.3881526860084	879.9284680098939	1.28219	21.993631	0.1078300696325254	0.0698115749336664	-0.0141296298	0.00797634	-0.1633165759	0.077679631	0.0809291689	-0.0351533042	-0.0712609968	0.0884096435	-0.0170221506	-0.1456128081	-0.0479597208	-0.0378018817	0.0456888384	0.1227026024	0.0320557908	0.075684463	0.1044479434	-0.011274361	0.0995075126	-0.0959726731	0.0457437417	0.0087670326	-0.0513557866	0.0224296352	-0.0032394925	-0.1038269322	0.0831052993	-0.0723691439	0.0989737224	-0.0704125213	-0.0453106176	-0.0193734505	0.1579140913	-0.0036405942	0.1030520323	0.0191038284	-0.0079294535	-0.008568629	-0.0858776444	0.2049696917	0.2778606028	0.0966225285	-0.0111144875	-0.0060481571	0.021967641	0.0604110699	0.0480481715	0.0468103334	-0.0001509257	-0.0322334413	-0.1493959078	-0.0649215264	-0.0003791379	-0.0457562756	-0.0389247405	-0.0628705259	-0.0804225845	-0.0112623693	0.0144443719	0.0318752994	-0.0709745915	-0.1133209372	-0.019164917	0.0001622839	-0.0545248228	-0.0664628088	-0.0042083121	-0.1876133946	-0.1389598414	0.0717138066	-0.0377059655	0.07947176	-0.0981006016	0.1111000763	0.0665965778	-0.0451148641	-0.0837254624	-0.1352574051	-0.0361390319	0.0093821804	0.0290952462	-0.0119979158	-0.0584421244	-0.0236323042	-0.0689240427	0.04913734	-0.0339100584	0.0043279997	0.0178734454	0.0987888441	-0.0277158076	-0.0902386943	-0.0310335687	-0.0499995319	-0.0111468781	0.073292211	0.090084361	-0.0033794295	-0.0948006283	-0.0507144249908435	-4.46326917966991e-05	1.992077177019131e-09	0.0025719529021518	0.0923144313039614	0.0301613480317258	0.0009097069150908	0.0085219542269738	0.0214899839421747	0.0485231233043208	0.0004618194098349	0.0023544934952063	-9.01581099954227e-06	-0.0005200034587083	2.704035970686386e-07	8.128484797946737e-11	-0.0002489996892915	-6.196686476669998e-05	6.200084526726353e-08	3.839892329014483e-09	-0.0001270013088165	-4.89886186000126e-08	1.6129332441104e-08	2.3998847523375008e-15	0.0	0.0	0.0	0.0	0.0	0.0	0.0	0.0	0.0	0.0	0.0	0.0	0.0	0.0	0.0
937.0389726268328	-1.1378100072744246	1.294611612653826	878042.0362215503	1228.5835960619377	1.2885923443418503	1.6604702298964262	1509417.6525124824	857.0972641144309	-0.6117265886288124	734615.7201524426	0.3742094192354442	917.7785085240226	872.4209503942257	1.181914	20.273594	0.1158282371283635	0.0644757916316547	-0.0560660767	0.0277907734	-0.1064141177	-0.1292321744	0.0170511279	-0.2239307925	-0.0240282337	-0.0413309543	-0.1088558247	-0.0083340342	0.1751068643	0.0435140147	0.0306850994	0.0849924353	0.0351900518	0.0005343728	0.1504346182	0.057455074	-0.1290279039	-0.048005388	-0.0376111391	0.0670992292	-0.0517405921	0.1516823989	-0.0313689555	-0.0196400211	-0.0360597264	0.0229111125	-0.0184066517	-0.0633341316	0.2492983188	0.0795090112	-0.0404370082	0.0488684167	-0.0989689004	-0.0377634136	-0.1047119137	0.0192589124	-0.1573872556	0.0545721351	-0.0483394811	0.0636915464	-0.1536497913	0.003585187	-0.0177385142	0.0688224731	0.0711909844	0.076010905	0.0777609283	-0.1073593979	0.0071227815	0.1021695783	-0.0107526069	-0.1384444246	-0.051999418	-0.0095087808	-0.1005297759	-0.0394840669	0.0516623571	-0.0859575248	-0.0991851886	-0.0704473738	-0.0444585957	0.0573923676	-0.0561508261	0.1604728602	0.0259174844	0.1004486928	-0.0402347867	0.0042627571	-0.0605061518	-0.1091617704	0.010060144	0.0992718279	-0.1632083815	-0.0491568326	-0.0852956794	-0.1472626953	-0.0509063459	0.039785066	0.0527586875	-0.0872732292	-0.0051187668	-0.0845176536	0.046742413	0.0044443968	-0.0067981092	0.0506425425	0.0157435677	0.037029441	0.0834889982	0.0098936984	0.1126750291	-0.0357703998	-0.1387080091	0.0461133904	0.0876327994	-0.0101290257	-0.1013839798	-0.0298946059429852	0.0208198190478582	0.0004334648651855	0.0008936874644863	0.0355605361924915	-0.0567538951114699	0.0032210046103237	0.0012645517342974	0.0050870865591576	-0.0164028973830171	2.587844966036191e-05	0.0002690550425577	-9.046932043707426e-06	-3.112104416515629e-08	9.685193899296085e-16	8.184697940346023e-11	-0.0001869976442723	6.200204501919998e-05	3.4968118963389655e-08	3.844253586562901e-09	-0.0005020006544735	-0.000374999345657	2.520046570918224e-07	1.4062450924317818e-07	0.0	0.0	0.0	0.0	0.0	0.0	0.0	0.0	0.0	0.0	0.0	0.0	0.0	0.0	0.0
935.3219001495496	-1.7170724772831818	2.9483378922434027	874827.056899364	1227.7180762551047	-0.8655198068329355	0.749124536020122	1507291.6747635351	857.0675993274021	-0.0296647870287642	734564.8698168363	0.0008799995894619	918.3147045430242	874.0100398880114	1.18663	20.354483	0.1123807157658437	0.0586483023263033	-0.062490924	-0.0286796194	-0.1237333077	0.0346254898	-0.0984532547	0.0118118945	0.1291236824	-0.0207253448	0.0804533874	-0.1414963157	-0.0058192804	0.0509126568	-0.0809634218	0.0786854138	0.0623060063	0.0539184965	0.1128634225	-0.0830532417	0.0097964799	-0.0921623059	-0.1500591489	-0.0026085246	-0.0429171896	0.0703999519	-0.0426784905	0.0162884336	-0.0968466562	0.0239346681	-0.039574387	-0.0105985655	0.1095580161	0.1681562804	-0.0800546553	-0.0464405255	-0.0354611907	-0.0337781086	0.0499068885	-0.0001597827	-0.0597016123	0.0930799305	0.1219804913	0.0997134029	-0.0790004079	-0.1659783107	0.0312512631	-0.1669904477	0.0026674017	-0.0973654589	-0.0768844709	-0.0716419171	-0.095345529	0.0660541619	-0.0498623367	-0.0435581066	-0.1333242067	-0.1132547475	-0.0589227006	-0.0855017428	-0.0507177469	-0.0232235756	-0.1185972357	-0.0128412394	-0.1245890287	0.0579479883	0.0121759953	0.0370589819	0.0322947006	0.0183691014	-0.0920151728	0.0850985071	-0.0022815167	-0.0468627563	0.0444688298	0.1117471289	0.1131874976	-0.01727906	-0.0984434399	-0.0844923563	-0.0835519436	0.0243929467	0.0638363686	-0.0479695655	-0.0265340701	-0.0909478957	0.0728056832	0.1252081252	0.0054482481	0.0649647829	-0.0319890842	-0.0254607432	0.0099118981	0.0377064094	-0.0139958034	-0.0158544142	-0.0889344544	0.0425065893	0.0851211787	-0.016850859	-0.1073422654	-0.0699733120180354	-0.0400787060750502	0.0016063026806502	0.0048962643947733	0.075354568284041	0.0397940320915495	0.0015835649901032	0.0056783109612741	-0.0128191314224608	-0.0179062179816184	0.0001643301304263	0.0003206326424052	-9.011613187987676e-06	3.5318855719749945e-08	1.2474215693525134e-15	8.120917224991339e-11	-7.099842867330786e-05	0.0001159992155989	5.040776874078783e-09	1.3455818019581464e-08	-0.0003259999965757	0.0001760006578977	1.062759977673564e-07	3.097623158045842e-08	0.0	0.0	0.0	0.0	0.0	0.0	0.0	0.0	0.0	0.0	0.0	0.0	0.0	0.0	0.0
936.4586946777614	1.1367945282117944	1.292301799372276	876954.8868375767	1226.8206920739376	-0.8973841811671264	0.8052983686089938	1505089.0105007752	857.240369849912	0.1727705225098361	734861.0517004139	0.0298496534483218	917.7326610113528	869.1467623100007	1.16997	20.068712	0.043399183567921	0.0238687467625427	-0.1051479468	0.0173396976	-0.1220055864	0.0398045035	0.1829973247	0.0967336414	-0.0279099109	0.1049395258	-0.071892619	-0.0503143286	-0.0862100726	-0.0955053357	0.0362699477	0.0724696964	0.1217205862	0.0006697767	0.0693822262	0.0171219397	0.1251125949	-0.0605915853	-0.0725752883	-0.0067432637	-0.193149222	-0.1613428455	0.0707146504	-0.0451587817	0.0867058785	-0.0419800283	0.0308968219	-0.0081013641	-0.0324018619	0.1508187714	0.0709404842	-0.0413950274	-0.1321340002	0.0357767445	0.251730169	0.0392666532	0.1679557064	-0.1095232637	-0.0310685612	0.0311720425	0.0193092491	-0.162593964	-0.0913895985	0.1072420697	-0.0260948817	0.0990120827	-0.0459568034	-0.0257296027	-0.1293044393	-0.0098521056	-0.1133486077	0.0245654566	-0.1139073132	-0.0655118959	0.0719507918	0.0088293658	0.0725015665	0.0539067512	0.1025020349	-0.0904396776	-0.014754348	0.0014419848	-0.1574089405	-0.0226845369	-0.1460315583	-0.0848303476	-0.0751375549	-0.0384387727	0.0387375228	0.0094222098	-0.1278166502	0.1355581217	0.0268299743	0.0404938139	-0.0584835531	-0.0167985195	-0.0754165997	0.0487170755	0.0634527605	0.0657662363	0.0058039964	-0.0330800417	0.0119847025	0.0605095057	0.1228700144	0.121477229	-0.1282785378	-0.0683360965	0.0527199974	-0.032943227	-0.0393270962	-0.013562341	0.1009161537	-0.010337178	0.0825512202	-0.0235265052	-0.1126387502	-0.0597798525907222	0.0101934594273132	0.0001039066150962	0.0035736307757684	0.0730084879964749	-0.002346080287566	5.504092715706217e-06	0.0053302393195314	-0.0119572816404343	0.0008618497820265	0.0001429765842286	7.427850467791263e-07	-0.0002940116839101	-0.0002850000707221	8.122504031160902e-08	8.644287027565256e-08	-0.0001869816268837	-0.0001159831982103	3.49621287920752e-08	1.3452102267111112e-08	-0.0001270273840879	0.0001989726124877	1.6135956308214874e-08	3.9590100520220225e-08	0.0	0.0	0.0	0.0	0.0	0.0	0.0	0.0	0.0	0.0	0.0	0.0	0.0	0.0	0.0
936.4656207965812	0.0069261188198197	4.797112190626131e-05	876967.8589339262	1228.556046965628	1.7353548916903492	3.011456600113624	1509349.9605358103	857.7144176606483	0.4740478107363515	735674.0222629451	0.2247213268639277	917.9896761696492	874.4761562978621	1.255661	21.538584	0.104946224505609	0.0577293544769861	-0.1578675908	0.018501381	0.0311242943	-0.0868878993	-0.0569842208	-0.0663711521	0.0256262017	-0.0084304176	-0.0901323073	0.1038968118	0.0640720827	0.0391360872	-0.0530577185	0.013383784	0.0968834343	-0.0593720634	-0.0180972056	-0.0029426161	-0.1547085506	0.0066395925	-0.0513992288	0.0805786426	-0.1326871527	-0.035630563	-0.0779550181	-0.0772334254	0.2465013275	0.1188943805	0.0882024567	0.0785896272	-0.1023499176	0.0126714783	0.0430969947	-0.064698639	0.0619865762	0.0355599809	-0.0745904254	-0.0442681403	-0.0587110869	0.0177997377	0.0819768573	-0.0777705466	-0.0246951156	0.0573135546	0.0697637921	-0.0661209457	-0.0754024363	0.0670827481	-0.0328064665	-0.0180563984	0.1266243425	0.1119064674	-0.1214927659	-0.0626723066	-0.0219075815	0.0482617608	-0.0669399071	0.1572684445	0.0235371386	0.1143328213	0.1200720605	-0.0044730107	-0.0866556477	-0.0743379382	-0.0844145776	0.0577408053	0.0040368189	0.007190836	-0.0175349688	-0.0358783563	0.0323788451	0.1055883087	0.1134021014	0.1096062484	-0.1227569791	0.0668675334	-0.084545998	0.1131807808	-0.0410944779	0.0780559061	0.0953807562	0.1191364879	-0.0435799386	0.0420873901	-0.0619380827	0.0870150878	0.0223856344	-0.0075541768	-0.0663175953	0.0383943968	0.0436281802	0.1864823448	-0.0336448279	0.0353241223	-0.0840484922	0.1001366842	0.0799246852	-0.0301376669	-0.1172407796	-0.0810347053791389	-0.0212548527884166	0.0004517687670572	0.0065666234758838	0.0428801941741738	-0.0301282938223011	0.0009077140886429	0.0018387110524148	-0.0395663127457055	-0.0276090311052711	0.0015654931042909	0.0007622585985718	0.0002249879415966	0.0005189996255067	2.693606112760949e-07	5.06195738638751e-08	-0.0001870140816018	-3.2454718099995175e-08	3.4974266717364715e-08	1.053308726950154e-15	-0.0001269785285203	4.885556759999911e-08	1.6123546705180644e-08	2.386866485518083e-15	0.0	0.0	0.0	0.0	0.0	0.0	0.0	0.0	0.0	0.0	0.0	0.0	0.0	0.0	0.0
937.3044107658924	0.8387899693111649	0.703568612617025	878539.5584411967	1231.4421447291518	2.8860977635238214	8.329560300617203	1516449.7558151332	858.5989873879729	0.8845697273245605	737192.2211436525	0.7824636024990473	919.416914816364	867.9015783735316	1.303067	22.351753	0.1734632467855008	0.0838361683609407	-0.0810255933	-0.0937185234	0.0634914887	0.1813399214	-0.0282352527	-0.0437664968	0.1003158829	0.0917969853	0.0795128783	0.0752253278	-0.0278592524	-0.0565659255	-0.0727398829	0.018682809	-0.0634924567	0.0062354518	-0.0785176874	-0.0618642564	0.0289780844	-0.0418331994	-0.106329877	-0.0810768639	-0.1377215779	0.0589284509	-0.127966583	0.0901767724	-0.0572227526	-0.0484575821	-0.0129425401	0.0330293494	-0.0863893345	-0.0258444128	-0.0747361759	0.026767084	-0.0628062614	-0.1206636616	0.0163449632	0.0980913272	-0.0060371169	0.1759400562	0.0539026601	-0.110023228	-0.0098347913	0.0976509582	0.1032028225	-0.1443493918	-0.3193666732	-0.0729441279	-0.0755942907	0.0953756549	0.0427547105	-0.0311179686	0.0063521239	-0.0141141465	-0.104987264	-0.0358429353	-0.184144854	-0.033250075	0.0175610795	-0.0652838254	0.0051512785	-0.1343976375	-0.0522052763	-0.06293024	-0.0375365918	0.1214954816	0.1090574228	-0.0277411477	0.0912086743	-0.013393233	-0.0526611694	-0.0552427577	0.0098906036	0.1215297166	0.1002873347	0.0281366373	-0.2007396888	0.0787959365	0.0596036486	-0.0215925699	-0.0223442477	-0.0425624166	-0.0404094135	0.0053926939	0.0169279468	-0.0148203779	0.1115592743	0.0714202885	0.0378526342	0.0787166564	0.086276917	0.0197483209	-0.0032776124	-0.0665695558	0.068537818	-0.1472445621	0.0772433738	-0.0366662233	-0.1211199807	-0.0968158121395958	-0.0157811067604568	0.0002490433305849	0.0093733014802495	0.1025319792121877	0.0596517850380138	0.0035583354582214	0.0105128067611684	-0.0054950489233505	0.0340712638223549	3.0195562670015488e-05	0.0011608510184525	-0.0001741764636697	-0.0003991644052663	1.5933222243159905e-07	3.0337440496482324e-08	-0.0006569531181028	-0.000469939036501	4.315873993849916e-07	2.208426980274883e-07	-0.0005370569100465	-0.0004100783815262	2.884301246286944e-07	1.6816427899514764e-07	0.0	0.0	0.0	0.0	0.0	0.0	0.0	0.0	0.0	0.0	0.0	0.0	0.0	0.0	0.0
938.2563122630768	0.9519014971843944	0.9061164603418916	880324.9075015082	1228.5075321313109	-2.9346125978408963	8.611951099406495	1509230.7565033638	858.6191364743372	0.020149086364313	737226.8215199366	0.0004059856813165	918.1938506588132	868.5095675461583	1.339345	22.974022	0.1401835707864324	0.0780660664341539	0.064286839	-0.117164573	-0.052367174	0.0797619411	0.1531678182	-0.1037790047	-0.0961728664	0.0251441235	-0.0596632602	-0.0051656816	0.0148843056	-0.0201404699	0.0008707494	0.0145922552	-0.0680867642	-0.0252459436	0.0438639703	0.2360949151	0.1110611645	-0.0449599241	-0.0774105813	0.0140209732	-0.0357959928	0.0487246333	-0.0456242482	-0.0283285732	0.0948478961	0.0706773489	-0.0873734994	0.0321786922	-0.004212658	0.0599069699	0.1973746265	-0.1210655746	0.0490371358	0.0350751561	-0.015296646	-0.0710555073	0.1165227799	0.1753808803	0.0433547081	0.0080241841	0.0010290019	0.0394755516	0.1464532475	-0.0276334174	-0.0409676243	0.0820997441	0.1535246086	0.0689538108	-0.0684380501	-0.0402764572	-0.0212076126	0.0734529613	-0.0901566874	-0.0202505407	-0.0212092477	-0.0158136265	0.0685360714	0.0864251767	0.1163427392	0.0047973458	-0.1061126614	-0.0475821168	-0.0314690215	0.0844097043	-0.1170405497	0.0906825287	0.0449342886	0.1064376769	-0.0326769854	-0.026530036	-0.1550565215	0.0989708908	-0.0593914547	0.1761327742	-0.1092219641	-0.0215544402	0.0138803284	-0.1446494325	0.0162776757	0.0079730444	0.0332974824	0.1148490466	-0.0557782639	0.0228216814	-0.0481258097	0.0260445044	-0.0469874153	-0.0144982067	-0.0567002352	0.1503384186	0.0443311219	0.0020437675	-0.0390271872	0.1206452037	0.0745091236	-0.0430942802	-0.1242524367	-0.1008987793554894	-0.0040829672158936	1.6670621286061946e-05	0.0101805636754277	0.0408530152240018	-0.0616789639881858	0.0038042945986559	0.0016689688528925	-0.0394236033965285	-0.0339285544731779	0.0015542205047667	0.0011511468086394	0.0001908855769262	0.0003650620405959	1.3327029348404254e-07	3.6437303478448226e-08	-0.00034306388324	0.0003138892348628	1.1769282798370837e-07	9.852645176275404e-08	-0.0006679673367713	-0.0001309104267247	4.461803629933433e-07	1.7137539825269216e-08	0.0	0.0	0.0	0.0	0.0	0.0	0.0	0.0	0.0	0.0	0.0	0.0	0.0	0.0	0.0
939.3510319243262	1.094719661249428	1.1984111367260626	882380.3611772965	1233.4354479703036	4.927915838992703	24.28435451619516	1521363.0043097036	857.7822405794924	-0.8368958948448153	735790.3722535742	0.7003947388081041	919.3299054521664	886.8583652962884	1.403486	24.074245	0.0506759083260835	0.0312658970024407	0.0222521425	0.0132658848	-0.1614989222	-0.0478852218	-0.0791828077	-0.1248615972	-0.0259443263	-0.1203203617	0.0366421108	0.0001303395	-0.0004079438	0.1068468907	-0.0185165575	0.162443275	0.044599083	0.0034189674	0.145605598	-0.0408428058	-0.0636278928	0.0399436428	-0.0999715494	-0.2025024269	-0.1561886879	-0.0306442336	-0.0887345102	-0.0646888874	-0.1290622543	0.021313296	0.1115346747	-0.0203034621	-0.0247990816	0.0290481977	-0.0279533024	0.0809154507	-0.0572473619	-0.0565372667	-0.0263150628	-0.2140729125	0.0036616281	-0.0755629889	-0.0706423262	-0.1291222058	0.0689441395	-0.0510208287	-0.1167031737	0.0175814086	0.1580079992	-0.0572423446	0.040701532	-0.1258014921	-0.027240194	0.1095928885	-0.1010798608	-0.0554488383	-0.0601488019	0.1151177294	-0.1003342708	-0.1534198707	0.0023978172	-0.017600585	0.0582195225	-0.1232190301	0.0639640956	-0.1982655313	0.0157983854	-0.0407699495	-0.0920153744	0.0671062999	-0.0955973076	-0.0520278173	0.1315063628	0.0385865083	0.1267743399	0.1230412059	-0.043983024	0.1774206399	-0.1895683572	-0.0900808621	-0.0741003888	0.1034993327	0.0866090475	-0.0089845181	-0.0194561208	0.007900716	0.0216287778	0.0562340702	-0.0299285568	0.0490295896	0.0179126973	0.0487562195	0.1364355236	0.0424928067	0.0250336604	-0.0138808191	-0.0888903691	-0.0517913163	0.0717238087	-0.0494042187	-0.1266188352	-0.123449888895692	-0.0225511095402026	0.0005085525414942	0.0152398750683586	0.040935741384743	8.272616074119638e-05	6.84361767097826e-09	0.0016757349227185	-0.0591900578899782	-0.0197664544934497	0.0035034629530189	0.0003907127232416	0.0002524168897128	6.153131278660001e-05	3.786102453242406e-09	6.371428621228385e-08	-0.000254082431834	8.8981451406e-05	6.455788216667927e-08	7.917698694318341e-09	-0.0006529677383301	1.499959844119994e-05	4.26366867299926e-07	2.2498795339724764e-10	0.0	0.0	0.0	0.0	0.0	0.0	0.0	0.0	0.0	0.0	0.0	0.0	0.0	0.0	0.0
936.7217371654216	-2.6292947589046207	6.913190929203307	877447.6128782051	1224.9364139903676	-8.49903397993603	72.23357859210728	1500469.2183195811	857.1910931811551	-0.5911473983372844	734776.5702291038	0.3494552465609399	917.6935006990376	878.0199645666768	1.340821	22.99934	0.1939471463000041	0.1153544061248381	-0.1076342488	0.0274819777	-0.0475013332	0.1474649939	-0.0657307286	-0.1107958723	0.1271058943	0.1142676965	0.0932969909	-0.0382564319	0.1549405165	0.0169625559	-0.0303004181	0.0948980753	0.0747413029	-0.1524260083	0.0452391621	-0.0263153618	0.09726236	-0.0333890409	-0.0544461475	-0.121406086	-0.0329862697	-0.0698083727	-0.0456643294	-0.0512827393	0.0170620544	0.0862069174	0.0134715548	0.0798941758	-0.0104985009	0.0506558273	0.0994525546	-0.0932075755	0.1023525481	-0.0564632515	0.1699315824	-0.0673086242	-0.1526750059	0.0369343562	0.0298467032	-0.0656345188	-0.0044558526	0.1901144249	-0.0346167676	0.028231289	0.2362512444	0.017667762	-0.1312300329	0.0562358163	-0.0475415735	0.0753739577	0.0358897513	-0.045701971	-0.0973459647	0.031670874	0.0485292464	-0.117606868	0.1074977264	0.0325219161	0.1678876546	0.0137050078	-0.0588312383	-0.1362167748	-0.0763212884	0.0166584384	0.152227936	0.0225635492	-0.1034966999	0.0407567158	0.0757013789	-0.0130798124	-0.0221013009	0.0633726824	0.0875171784	0.0472006472	-0.203961167	0.0707338323	0.042645568	0.0328182527	0.0973971147	0.0010164981	-0.1014678406	0.068976186	-0.0491108211	-0.0207613203	0.0714844596	0.0049510105	-0.0224560374	0.1010413257	0.0819927845	0.0487691784	-0.0780576415	-0.0853470862	-0.1704247165	0.0718315793	0.0688893378	-0.0555787436	-0.1282045865	-0.1183059332633291	0.0051439556323629	2.646027954771804e-05	0.0139962938453072	0.1121055594724538	0.0711698180877108	0.0050651430066378	0.0125676564646318	0.0134074133780472	0.0725974712680254	0.0001797587334898	0.0052703928345117	-0.00041212506232	-0.0006645419520328	4.4161600601156446e-07	1.698470669922639e-07	-0.000424878664734	-0.0001707962328999	1.805218797461468e-07	2.9171353172831038e-08	-0.0005875878970248	6.537984130530001e-05	3.45259536730027e-07	4.274523649106214e-09	0.0	0.0	0.0	0.0	0.0	0.0	0.0	0.0	0.0	0.0	0.0	0.0	0.0	0.0	0.0
938.0119186126008	1.2901814471791797	1.664568166645362	879866.3594592924	1233.0181192109078	8.081705220540243	65.31395927170742	1520333.6823024044	858.6621778949581	1.471084713802952	737300.7357473127	2.1640902351847138	918.7675436888225	866.622395700688	1.478787	25.365906	0.1220862608740578	0.076756632375282	-0.0225705363	-0.0918765966	0.036384583	0.1072769809	0.1802687349	-0.1739412813	0.0457708841	0.0007740454	-0.1020053485	0.0379274934	0.0450559424	-0.0793062381	-0.1926576871	0.1387632323	-0.0028428104	-0.061772361	-0.0414389616	0.2053995921	0.0008979932	-0.0884185149	-0.1573652379	-0.1981971042	-0.1442651705	-0.0346353458	-0.1035888251	-0.1083368839	-0.0766594489	0.0007954369	0.0245662355	0.0416749476	-0.0838061222	0.1560128583	-0.1074116665	0.1590614274	-0.0194393727	0.1212910744	-0.019437341	-0.0516130882	0.0598977599	-0.0087650902	-0.0189753203	0.0477815743	-0.0242216283	0.0922665148	-0.0030370484	0.1458167032	0.137804983	0.0978518829	0.0873337283	0.0304829618	0.0894756727	-0.0068633736	-0.0344220548	0.0786232421	-0.2543268329	-0.0561911538	-0.1184309934	-0.2505483091	0.0559309998	0.0246941076	0.02572377	-0.0289695541	-0.0108291674	-0.206496784	0.0016084771	0.1070872923	-0.0911116615	-0.1180984788	0.0910406772	0.1360332392	0.1463806828	-0.0253009401	-0.1057823268	0.1248358379	-0.1344620774	0.1134054796	-0.2508242311	0.0514732057	0.0449022561	-0.0193381912	-0.0052494884	-0.0333507795	0.0440396265	0.0148174876	0.0048874378	0.0242962575	-0.004467152	0.0117382965	0.1094461536	-0.0165567978	0.1892907796	0.0737295147	0.0296595551	0.0842679707	0.0657139072	-0.1646251133	0.0660076536	-0.0616009311	-0.1289999139	-0.110869736297019	0.00743619696631	5.529702532175944e-05	0.0122920984265705	0.044270511221029	-0.0678350482514248	0.0046015937712731	0.0019598781637712	-0.0039832899435623	-0.0173907033216095	1.5866598774484548e-05	0.0003024365620202	7.390219677476872e-05	0.0004860272590947	2.3622249658317346e-07	5.461534688136636e-09	-0.0003480207286519	7.685793608210002e-05	1.211184275713994e-07	5.9071423388001725e-09	-0.0005619868455074	2.5601051517400037e-05	3.1582921452335826e-07	6.554138387965706e-10	0.0	0.0	0.0	0.0	0.0	0.0	0.0	0.0	0.0	0.0	0.0	0.0	0.0	0.0	0.0
936.3483288931674	-1.6635897194333893	2.7675307546044627	876748.1930210271	1226.5863271077474	-6.431792103160433	41.367949658276906	1504514.0178476735	858.678724818405	0.016546923446981	737329.1524557621	0.0002738006755602	918.2185271826634	850.6693923071991	2.053885	35.230663	0.275592215228353	0.182428462018732	0.1349250566	-0.0987881561	0.0676529929	-0.1283458478	-0.1310327143	-0.0076814769	0.0668567504	-0.1886649463	0.1466029397	0.0342319885	0.1534928736	-0.1857983989	0.0900672483	0.0127026066	-0.2043280664	0.038769302	0.0226731642	-0.1368934994	0.0279612936	0.0407620914	0.2689261995	0.3258650694	0.2452318579	-0.3298089969	-0.0418730072	-0.0512756811	-0.1693640514	0.0370141427	-0.0758761118	0.2333363317	-0.2221842393	0.1398933927	-0.0954176777	-0.0889309348	-0.0011069658	-0.0542170912	0.0395606289	-0.0459456922	-0.1187695896	-0.0294053442	0.0212980058	-0.0942113024	-0.0289909595	-0.1622311347	0.0072377332	-0.0524932526	0.0658022036	-0.2346141151	0.0762323816	-0.0043878458	-0.0059907342	0.0742513341	0.1383711376	0.0350923756	0.0765368618	-0.0419620715	0.525830503	0.3022445213	0.1593266831	0.2136311725	-0.2472787253	-0.1285021504	0.1268424491	-0.1939035797	0.0669916591	0.1546768437	0.0993155883	0.0345731452	-0.0382149347	0.1543519281	0.1740340538	-0.0143458043	0.1289113262	-0.2133202181	0.0621215214	-0.0971948423	0.0788389047	-0.2103030965	0.0364750632	-0.4998566356	0.4706925594	0.2079664598	-0.1118427203	0.3049779266	0.1510469649	-0.1547981687	0.1682287179	-0.0084911509	0.1735259984	-0.060921095	0.0804544926	0.0773181203	-0.1538948971	-0.0557596973	0.0606259485	0.0428091163	0.063080731	-0.0674542747	-0.1289999139	-0.0742301739071251	0.0366395623898939	0.0013424575321229	0.005510118718282	0.0024864430983342	-0.0417840681226948	0.0017459083488819	6.182399281253775e-06	0.0329485385440335	0.0369318284875958	0.0010856061921876	0.0013639599554371	-0.0028680983537392	-0.0029420005505139	8.655367239224495e-06	8.22598816672151e-06	-0.0004539196197339	-0.000105898891082	2.0604302117936842e-07	1.12145751323973e-08	-0.00040515116254	0.0001568356829674	1.6414746450751348e-07	2.45974314518508e-08	1.0	0.0	0.0	0.0	0.0	0.0	0.0	0.0	0.0	0.0	0.0	0.0	0.0	0.0	0.0
940.2144112997572	3.86608240658984	14.946593174543484	884003.139215749	1227.880735200824	1.2944080930765267	1.6754923114220102	1507691.0998773158	859.579738042825	0.9010132244200122	738877.3260537718	0.8118248305797473	919.789393053378	890.0283946195095	1.888328	32.390835	0.1392812189551966	0.0752170367466833	0.0772818301	0.11942728	0.007683592	-0.2098318697	-0.1846998265	0.0862764121	-0.0600310692	-0.1414400965	0.033373941	-0.0956023839	0.0294681278	0.0640157193	0.3089185294	-0.3412365227	0.0864978718	0.1262070423	-0.0095606155	-0.0370990999	-0.1188485766	0.1076115619	0.2238243991	0.0196574259	0.2988099727	-0.1096722326	-0.0917271342	-0.2174912266	0.0616061507	-0.1016390135	0.0130659982	-0.2179621416	0.0573984045	0.0333516937	0.0124276752	0.0771457142	0.0490121676	0.1097980866	-0.0891546674	-0.0225316851	0.2252412029	0.087900118	-0.0549725956	-0.160757354	0.0448837808	0.1055280414	-0.1061681654	-0.0746384546	-0.0653643915	0.0440820945	-0.0147438924	-0.1242049143	0.0049632018	0.0165592897	0.1535328748	-0.0062664586	0.5125926439	0.0139373755	0.0469923864	0.0151674054	-0.1818343468	-0.089002102	0.0026447136	0.2536386455	-0.1515176332	-0.1178793054	-0.0085346205	0.2375356749	-0.1967373344	-0.297630546	0.1212106249	-0.1085445709	0.1682121372	-0.0972726831	0.0669206617	-0.3594686455	-0.0163855658	-0.0641728991	0.1055969997	-0.059559469	-0.0854515192	-0.0035060458	0.2540990528	0.0470006562	-0.0552506773	0.0330603795	0.0321387631	0.225458735	-0.0983916206	0.0621175361	-0.3812876499	0.124137548	-0.213056371	-0.0633513639	0.2481963285	0.1228701688	-0.1038370549	-0.2145265997	0.0601105761	-0.0731227308	-0.1282045865	-0.0931853478587783	-0.0189551739516532	0.0003592986195374	0.0086835090555615	0.0240547703330804	0.0215683272347462	0.000465192739705	0.0005786319757772	0.0340284849747405	0.001079946430707	0.0011579377896761	1.166284293196796e-06	-0.0040339969511531	-0.0011658985974138	1.359319539451698e-06	1.6273131401912502e-05	2.5938145290504977e-05	0.0004798577650244	6.727873811113454e-10	2.302634746542171e-07	-0.0007129502268635	-0.0003077990643234	5.08298025984716e-07	9.474026399842206e-08	0.0	1.0	0.0	0.0	0.0	0.0	0.0	0.0	0.0	0.0	0.0	0.0	0.0	0.0	0.0
937.5756343703296	-2.638776929427649	6.963143683279615	879048.0701649259	1233.140773935029	5.260038734205182	27.66800748533885	1520636.1683410823	859.4389490576226	-0.1407889852024482	738635.3071572708	0.0198215383543351	919.5241789974192	885.945034065521	1.626818	27.905104	0.1593864410531921	0.0775469755318992	-0.0547634817	0.0734151483	0.1340611253	0.0073910551	-0.0643584272	0.1089492796	0.0981597685	0.0278375958	0.0058729515	0.1055194869	-0.0767071363	-0.0425244196	0.0960810113	-0.0498239538	0.1150337028	0.0377695086	-0.1792888188	-0.0796961789	-0.0026880403	-0.0374787043	0.0097039495	-0.0805174972	0.1811322895	-0.0618465621	-0.0827616771	0.1340581946	0.1882665466	0.0943711717	-0.0522991289	-0.0941035883	0.1767877117	0.0255407616	-0.0104323536	0.0761847879	-0.3259804957	-0.0718550148	-0.0382494807	-0.0852461618	0.2245338185	0.1311446004	-0.0430332119	0.0901543644	-0.1150696975	0.0046701558	0.0475030541	-0.0056613051	0.1296827794	-0.0071133049	-0.1763302095	-0.0131527994	0.1113701462	-0.0772716798	0.0914271047	-0.0110707959	0.1406234176	0.02607532	-0.0087359538	-0.0487564456	-0.2314531151	0.0103753657	0.1425473213	-0.0914022073	-0.2680782154	0.1122248941	-0.050558733	-0.0068299862	0.0151073214	-0.00466801	0.1580992782	-0.008644272	-0.0811648265	-0.0115777199	0.0191095349	-0.2558079606	0.0912326781	-0.0676369317	-0.1759809419	0.0644758504	0.01447209	0.062835965	0.0213991308	-0.0555304858	0.0548457938	-0.1292052121	0.0154287875	0.1427689985	-0.0087264118	-0.1709446802	-0.0059540433	0.1163754397	-0.0242168539	-0.0014604242	0.2355364479	0.0278636883	0.0416417127	-0.0177899012	0.0570992244	-0.0785907625	-0.1266188352	-0.1100986466416316	-0.0169132987828533	0.000286059675718	0.0121217119923188	0.0795118911634773	0.0554571208303969	0.0030754922507972	0.0063221408363926	0.0599843865111182	0.0259559015363776	0.0035981266251152	0.0006737088245661	-0.003110049714659	0.000923947236494	8.536784958250835e-07	9.672409227650529e-06	-9.511741591627933e-05	-0.0001210555612067	9.047322810590468e-09	1.46544488990895e-08	-0.0008891498272339	-0.0001761996003704	7.905874152700742e-07	3.104629917068867e-08	0.0	0.0	1.0	0.0	0.0	0.0	0.0	0.0	0.0	0.0	0.0	0.0	0.0	0.0	0.0
932.8352495819612	-4.740384788368374	22.47124794179427	870181.6028626398	1224.9043266989968	-8.23644723603229	67.83906307194395	1500390.6095659228	857.4571919010634	-1.9817571565591836	735232.8359428571	3.92736142757354	919.2450458723814	861.4538934172487	1.362604	23.372992	0.1172579352002468	0.078469733547818	-0.0453600541	-0.0742754253	0.1639701767	-0.0378992875	0.0490727105	0.200098807	-0.0255022965	0.1227842441	-0.0019453791	-0.0052813492	0.0444030549	-0.028820231	0.0523452237	-0.0965654759	-0.0421750056	-0.1885893167	-0.0434406643	-0.0070960074	0.1046326738	-0.095967191	0.0289687681	0.032062824	0.2846326274	-0.0811475753	-0.0747583304	0.0587444214	-0.1483207684	0.0437297815	0.1393273089	-0.0714335308	0.0914268766	0.1122098174	-0.1233318403	0.1478593399	-0.0071653683	-0.0157771841	0.0051591125	-0.0089796438	-0.006003234	-0.0473228369	-0.0513662378	0.0403984095	-0.1423091005	0.0106362531	0.0215561125	-0.0532439318	-0.0584565583	0.0706096862	0.0072822127	0.1406541355	-0.0113638935	-0.005282527	0.1555571725	-0.0379679928	0.0445404863	-0.0408201255	0.2304869009	-0.123323189	-0.1959414586	0.0497998266	-0.136686248	-0.0656733108	-0.0830646064	0.0556115165	0.034793423	-0.0042546541	0.1284793772	-0.002220363	-0.0707701262	-0.1001203731	-0.0216020436	0.0943751045	-0.1038923668	-0.2446743761	0.0127188458	-0.0041494819	-0.0311638141	0.0916381042	-0.1384878847	-0.142177712	-0.0459227986	-0.1322784313	0.1507288987	-0.1289950712	-0.0071650001	0.2135792206	0.186632434	-0.2095010443	-0.0517569409	-0.0356747797	-0.1035901893	-0.0226779646	-0.1688157267	-0.0269519333	-0.0256606994	-0.0865745098	0.0540487397	-0.0838433825	-0.1242524367	-0.1146074692461667	-0.004508822604535	2.0329481279166668e-05	0.013134872007011	0.0571805033059575	-0.0223313878575198	0.0004986908836429	0.0032696099583226	0.0461730836299523	-0.0138113028811658	0.0021319536518985	0.0001907520872753	-0.0018051431582124	0.0013049065564466	1.702781121057324e-06	3.2585418216410377e-06	-0.0003221973436609	-0.0002270799277446	1.038111282621401e-07	5.156529358450216e-08	-0.0008892917801832	-1.419529493000343e-07	7.908398703014049e-07	2.0150639814978105e-14	0.0	0.0	0.0	0.0	0.0	0.0	0.0	0.0	0.0	0.0	0.0	0.0	0.0	0.0	0.0
935.315371736454	2.4801221544928467	6.15100590120624	874814.8446065012	1233.5087263627486	8.604399663751792	74.03569357357195	1521543.77801305	858.5496270255235	1.092435124460053	737107.4620656655	1.1934145011540511	918.3894715067942	854.2063050084835	1.479636	25.380472	0.1470207195960119	0.0816766760549925	0.0373974244	-0.1035590528	0.0762947737	-0.2412536129	0.061995906	0.2906026349	-0.0881668335	-0.1122196821	-0.0061486034	0.0485791638	-0.1120414128	-0.0142030204	0.0965164502	0.0200473417	-0.0363524051	0.0637932972	0.0961130457	-0.019251121	-0.1165308305	-0.1776764753	-0.0327927655	-0.0714615307	0.1286806303	-0.032131716	0.0212584406	0.212233953	0.0486596558	0.1198629451	-0.0388231847	-0.0479260863	-0.1934681924	-0.0013243577	0.0597992722	-0.0108942224	0.0008330357	0.1112185131	-0.1002482328	-0.0936987004	-0.1267721017	0.0397635134	0.0424383545	-0.0718921517	0.1918537884	0.1429007674	0.0056257167	0.1597699438	-0.0675781333	-0.0291116348	0.0908703966	-0.0645633385	0.0213714678	-0.0556676466	-0.0633498272	-0.0815819118	0.1365187288	-0.1905808847	0.0366260762	-0.147821522	-0.0883215144	0.0533299661	0.0395273815	-0.1612786213	0.0112866435	-0.0398497822	-0.0897305984	-0.1783890859	0.0761508205	-0.0134626002	0.2436208729	-0.008039976	-0.0780388778	-0.0735008148	0.0828650852	-0.1450157528	-0.0009818713	0.0486855171	-0.0317445738	-0.0082190001	-0.1724666259	-0.1037166991	-0.135970329	-0.0208329182	0.2240594666	-0.156826404	-0.0395090116	0.0150449122	0.1592937146	0.127106679	0.1894190058	-0.1513778214	0.0664876891	-0.0303548445	0.0927484606	0.1072382719	0.1631880303	0.1327474666	0.0509612127	-0.0888661936	-0.1211199807	-0.1143273758087417	0.000280093437425	7.845233368855689e-08	0.0130707488593132	0.0116434118526171	-0.0455370914533404	0.0020736266980298	0.0001355690395696	0.0151376490690608	-0.0310354345608915	0.000229148419338	0.0009631981983833	-0.0009370571025163	0.0008680860556961	7.535734000940124e-07	8.780760133762435e-07	-0.0003233333110403	-1.1359673793999829e-06	1.045444300282834e-07	1.2904218870608642e-12	-0.0003551518003716	0.0005341399798116	1.261328013071888e-07	2.853055180331365e-07	0.0	0.0	0.0	0.0	0.0	0.0	0.0	0.0	0.0	0.0	0.0	0.0	0.0	0.0	0.0
939.3072563581392	3.9918846216851303	15.93514283284624	882298.1218470549	1230.4478662201852	-3.0608601425633424	9.368864812332884	1514001.9514858068	858.8183013337645	0.2686743082409748	737568.8747058127	0.0721858839087663	918.0828656572444	885.6440205086907	1.550915	26.603125	0.195140694352129	0.1081244335601168	-0.0193247767	0.1445904549	0.0767694048	-0.0240831927	-0.0188421104	0.2342229986	0.0244145611	0.0367630925	0.1092553947	0.1018922003	-0.0833036933	-0.0675848207	0.0984510571	0.1276034895	0.1131580229	0.1154197175	-0.0633615947	-0.0497897268	0.0704708193	-0.1023273993	-0.0950621538	-0.0822950852	0.2577174037	0.0543266994	0.1080060627	-0.0039458899	0.0370284346	0.1076654386	0.0918970439	0.1643674724	-0.0872799262	-0.1085797617	0.076345687	0.0338618184	0.0844632238	-0.1390002685	-0.0199565732	-0.0940911112	-0.0659471081	-0.1255563675	-0.1571754981	0.1456381215	0.0855230204	-0.0814008532	0.0401520118	0.0552921467	-0.0297376991	-0.0059438223	-0.1156664801	-0.0875935151	0.0268924835	-0.194387951	-0.0717369165	0.0272309018	0.074107483	-0.052203153	0.161869869	-0.2097229915	0.0324590224	0.1175778616	-0.0533557126	0.1017144724	-0.0233109386	-0.0180343878	-0.1067985029	-0.0385765001	0.0309357764	0.2834639897	-0.046228599	-0.0388663339	-0.0681452893	0.1523862906	-0.0074933987	-0.1812990712	0.0821478393	-0.0028032242	-0.0469793286	0.0577801866	-0.001098797	0.1054694186	-0.0581923784	0.0633254533	0.0102259045	-0.0276886322	-0.1241113631	0.0380485174	0.0016351393	0.2421680408	0.0306527336	0.0227404608	-0.1612349945	0.1070715188	-0.1559726964	0.0031836644	-0.0867054815	0.1409358798	0.0478387595	-0.0936454286	-0.1172407796	-0.1098183424440009	0.0045090333647407	2.033138188434564e-05	0.0120600683371478	0.0867849683461514	0.0751415564935343	0.005646253512271	0.0075316307308425	0.0113678533559919	-0.0037697957130689	0.0001292280899233	1.4211359718272655e-05	-0.0023497750294065	-0.0014127179268902	1.995771940956944e-06	5.521442688822317e-06	-0.0006099551272837	-0.0002866218162434	3.720452572996746e-07	8.215206554666535e-08	-0.0008902182328537	-0.0005350664324821	7.924885021051644e-07	2.862960871691217e-07	0.0	0.0	0.0	1.0	0.0	0.0	0.0	0.0	0.0	0.0	0.0	0.0	0.0	0.0	0.0
941.5327333546952	2.22547699655604	4.952747862200092	886483.8879783635	1229.8756270553126	-0.5722391648725988	0.3274576618140893	1512594.0580246984	859.1564784225412	0.3381770887767743	738149.8544154225	0.1143637433735343	919.0310919328556	891.0853181907598	1.28811	22.095177	0.1320701630046045	0.0860084291110021	0.0994342949	0.1519265609	0.1263129368	0.0021465794	0.151430169	0.0517165123	-0.0150659699	-0.0007645825	-0.055537074	0.1067564821	-0.0327004746	-0.0476774583	-0.0088826708	-0.0387755854	-0.0709852681	0.0536154022	-0.1299390935	0.0907111389	-0.0400378405	-0.110924919	-0.1434475042	-0.081815497	0.0843922096	-0.0596525405	0.053571797	0.0524872104	0.026420354	-0.1412897969	0.1182027237	-0.0241961585	-0.1070191324	-0.1383832186	0.0440833174	0.04236756	-0.085623939	-0.0678985461	-0.1504649353	0.031906628	-0.1475377282	-0.0794893985	-0.1358786672	-0.0227121808	0.0993921979	-0.1677896067	-0.0517858531	0.0646831926	-0.1162608817	0.0339800653	0.0495043369	0.014987807	0.1155965266	-0.1457884172	-0.0266983886	0.069777971	-0.0419384612	-0.0082284187	0.0499223543	-0.1460185115	-0.076999676	-0.0880077694	-0.109464143	-0.0103771146	0.079659451	-0.2002500392	-0.1840844891	-0.0091023527	0.0265275441	0.1381820256	-0.0082949573	-0.0294649752	-0.1109863494	-0.0441990547	-0.0067465578	-0.1344537915	-0.0764862449	0.1144771704	-0.0360302321	0.0350558409	0.1758272648	0.0741194751	-0.0770294963	0.1045208078	0.0788143109	-0.0381768093	0.0589449089	0.1175503395	-0.0916239029	0.1816528184	0.1126159692	-0.1565764254	0.0872250376	-0.1749425416	-0.0504641608	0.0234611004	0.0642832914	0.0158488153	0.0446835199	-0.098167988	-0.1126387502	-0.1137804557909305	-0.0039621133469295	1.5698342173917673e-05	0.0129459921199918	0.0150651341001832	-0.0717198342459682	0.0051437346242691	0.0002269582654565	-0.0331621517999849	-0.0445300051559768	0.0010997283120052	0.0019829213591913	-0.0022277221119727	0.0001220529174338	1.4896914654102008e-08	4.962745808172106e-06	-0.0004950093979771	0.0001149457293066	2.45034304085651e-07	1.3212520685826164e-08	-0.0008900526744795	1.6555837419995458e-07	7.921937633481109e-07	2.7409575267732182e-14	0.0	0.0	0.0	0.0	0.0	0.0	0.0	0.0	0.0	0.0	0.0	0.0	0.0	0.0	0.0
941.034185863978	-0.4985474907172147	0.2485496005004313	885545.3389646799	1233.7613472447251	3.885720189412496	15.09882139040788	1522167.0619551193	859.4826301566202	0.3261517340789623	738710.3915409415	0.1063749536427141	919.7457556817318	892.4284171893443	1.378339	23.642895	0.1712448301043796	0.0906783608451672	0.2016908109	0.0726519264	0.0769252652	0.0115574855	-0.0916272255	0.1037059271	0.021548323	-0.0728973015	0.1642896268	0.0290451065	0.0089777696	0.0540163906	0.0192769272	0.0791096018	-0.0852036027	0.1063420244	0.0554943705	-0.0629052801	-0.0744407998	0.0664152372	0.0058125509	-0.1592937304	0.1114507273	0.1095186751	0.0265810863	-0.0712090123	-0.0340438179	0.0623437547	-0.0847286916	-0.0479938453	0.0546642323	-0.1901019434	0.0289415234	0.065904921	0.0630816769	-0.0863586194	-0.03795182	-0.0323257411	-0.0219784689	-0.0455825978	0.1597000443	0.0722265679	0.002066638	-0.0823421142	0.0576668896	-0.1028395236	0.0690251529	-0.1508628681	0.0350813113	-0.0492409658	0.0162854856	-0.075455387	0.0631884845	-0.0240748019	0.0906120123	0.0983577816	-0.08323252	-0.1392032713	0.0240731682	-0.0209188116	-0.042962877	0.1237995904	0.0581556759	0.1046791132	0.0616545739	-0.0641159192	0.1496111021	0.0775184811	-0.0316623662	-0.0042739826	0.0872601906	0.0745923829	0.0904297812	-0.1264823038	0.0568086218	0.0035043375	0.105340497	-0.1008535572	0.1447280384	0.0338173673	-0.1380081298	-0.1139757558	0.1132774056	-0.0753167174	0.0259313523	-0.1211659435	0.0117646073	0.0726889899	0.0249740551	0.0502631755	-0.0084875932	0.1492792915	-0.0644199057	0.0368019712	-0.1632194398	0.119558475	0.0414976565	-0.1024214758	-0.1073422654	-0.0733635847451807	0.0404168710457498	0.0016335234651287	0.0053822155666633	0.0816992764734294	0.0666341423732461	0.004440108929818	0.0066747717762818	-0.0532553412478336	-0.0200931894478487	0.0028361313714232	0.0004037362621871	-0.0016581246865823	0.0005695974253903	3.244412270113721e-07	2.749377476253651e-06	-0.0003228787269327	0.0001721306710444	1.0425067230568105e-07	2.9628967914195443e-08	-0.0007497682261636	0.0001402844483159	5.621523929645113e-07	1.9679726439296416e-08	0.0	0.0	0.0	0.0	0.0	0.0	0.0	0.0	0.0	0.0	0.0	0.0	0.0	0.0	0.0
942.2346286127624	1.2004427487844396	1.441062793109141	887806.0953570304	1234.6162674412583	0.8549201965331577	0.7308885424402929	1524277.3278305847	859.8332799871098	0.3506498304896013	739313.2693733915	0.1229553036223861	919.6557526092784	903.5155749972776	1.422074	24.393093	0.0861586714886187	0.0434025899546955	0.0677062022	0.2051133496	-0.1099468487	0.0684885857	0.116129887	0.1194117412	-0.006309326	0.0768547755	0.0280364146	-0.0988897595	-0.0370234862	0.0011364828	0.0147557383	0.1253321573	0.0610361499	0.0931856538	-0.0686421993	0.0532180612	0.1050190304	-0.0474884765	0.0456074365	0.0640614729	-0.0503379709	-0.0886270858	0.0333763895	-0.008372784	-0.105242831	-0.0173883451	0.05209162	-0.1357374524	-0.0082613004	-0.2482937977	-0.02549561	0.0584248191	0.0767258937	0.1328586198	0.0270490078	0.0342940201	0.0564674597	0.0269795747	0.0201539847	0.0405134025	-0.0931511497	0.0979868551	0.1086579279	0.076461473	-0.1068959176	0.0313629479	-0.0429994318	-0.0808179544	-0.0848917448	-0.1538232195	0.0525252557	0.0636364132	-0.0867802242	0.0785257532	0.0536853082	0.0056680102	-0.036393873	0.012811694	-0.0924362852	0.0893019381	-0.0426783814	-0.0745399501	0.0185152801	-0.2320628788	0.0697023247	-0.1607983438	0.0718735908	-0.040883572	-0.1688488796	0.1076843418	-0.127346548	-0.0762472838	0.0832671748	0.0189900651	0.1452772429	-0.0720702489	0.0263886065	0.1295220164	-0.1279769469	0.0983290782	0.186429471	0.1015274027	-0.1064850736	-0.0219667658	0.0144210112	-0.0593758319	0.0234701529	-0.0605344195	0.0112453141	-0.0676048446	-0.1962074932	-0.0314566366	-0.0357007284	-0.1937440296	0.0382833527	-0.1063942335	-0.1013839798	-0.0576639794472413	0.0156996052979394	0.000246477606511	0.0033251345256918	0.0738986854482419	-0.0078005910251875	6.0849220342235776e-05	0.0054610157109781	-0.0252612169731918	0.0279941242746417	0.0006381290829666	0.000783670993904	-0.001821718046356	-0.0001635933597736	2.676278736204719e-08	3.318656640419121e-06	-0.0007079499767732	-0.0003850712498405	5.011931696131744e-07	1.482798674537248e-07	-0.0006051458179608	0.0001446224082028	3.662014609954457e-07	2.091564095437733e-08	0.0	0.0	0.0	0.0	0.0	0.0	0.0	0.0	0.0	0.0	0.0	0.0	0.0	0.0	0.0
943.4053498572656	1.17072124450317	1.3705882323310512	890013.6541393098	1229.1201394052216	-5.49612803603668	30.207423388508413	1510736.317091511	860.5169206191863	0.6836406320765036	740489.370671927	0.4673645138259614	918.665203372262	893.4230264238316	1.437737	24.661764	0.083894995784912	0.0378256808008511	0.090823649	0.2166631485	0.1202152457	-0.1259816043	0.0175801449	-0.0842745776	-0.0746484166	-0.0844929309	-0.0811516667	0.1556252387	0.1155083726	-0.0263527376	-0.0068323096	-0.0272599104	0.0276735076	0.0552562122	-0.1664098718	0.0583785979	-0.143608169	0.1012953217	0.048905098	-0.0322663854	0.0173965559	0.0935158664	0.1869143092	0.0868656738	0.1353182487	-0.0118255054	-0.0939867025	0.2147584801	-0.015803301	-0.0575036375	-0.07119095	-0.0204926494	-0.0839355716	0.0624541644	-0.0093108388	-0.0941202174	0.1160892338	-0.0331374744	0.1367982418	0.0480291187	-0.1375559772	-0.1711206475	-0.1642673533	-0.036972436	0.0872500251	0.067496364	0.0446218113	-0.080369439	0.2193411503	-0.0635962518	-0.0301484531	0.0049245707	0.0537894482	0.1444585219	0.0091603208	0.0763585647	-0.0024344181	-0.1090973965	-0.0751902371	0.0351945786	0.1585372884	0.1443817236	-0.0036353216	0.0948832355	0.03728463	0.1120600306	0.1594953967	-0.0350651108	0.0862122829	0.2362499193	0.0445737059	-0.164288292	-0.1480704724	0.002758898	0.0995660631	-0.0440555579	0.1917198105	0.1924430916	-0.0630548783	0.0389116319	-0.0307990011	0.0266574843	0.09706384	-0.0506797797	-0.0821118487	0.0590945447	0.1166646628	0.0817720571	-0.0369746469	-0.0559485592	-0.0138033195	0.0354708477	-0.1870246662	0.0651439134	0.0350428114	-0.1100753719	-0.0948006283	-0.0698222871425571	-0.0121583076953158	0.0001478244460139	0.0048751517818176	0.0529963252548242	-0.0209023601934176	0.0004369086616553	0.0028086104905151	-0.0530446060809453	-0.0277833891077535	0.0028137302342826	0.0007719167103128	-0.0021376759118042	-0.0003159578654482	9.982937273858303e-08	4.569658303907919e-06	-0.0005668496356627	0.0001411003411105	3.2131850945093574e-07	1.9909306261499454e-08	-0.0006091063871706	-3.960569209800072e-06	3.71010590892021e-07	1.5686108465616366e-11	0.0	0.0	0.0	0.0	0.0	0.0	0.0	0.0	0.0	0.0	0.0	0.0	0.0	0.0	0.0
941.7098727062032	-1.6954771510623914	2.8746427697746437	886817.4843523335	1230.739920645049	1.6197812398274891	2.6236912648970776	1514720.7522693817	859.535323637385	-0.9815969818013172	738800.9725804242	0.9635326346814556	920.04788801735	897.623962709715	1.497453	25.686081	0.0697006351792138	0.0305040094182624	0.1871808387	0.0817528844	0.0277995492	0.1633597695	-0.1026174635	0.029988573	0.0797223094	0.0163481948	0.1742943521	-0.0338523381	0.0156173028	0.0913133658	-0.0026838086	-0.1382228291	-0.1251167555	0.0070442431	-0.0429088099	-0.0179410028	0.0802092446	0.1194017105	0.0076418853	-0.1170286193	-0.0632644902	-0.2016167316	0.0941840443	0.0210079568	-0.1478762138	-0.0317865061	0.0832221347	0.0167205515	0.0781354156	-0.0868478888	-0.0209461225	0.016134969	0.100860241	0.0527218886	0.1599840277	0.1193955564	-0.0374076626	0.0311423646	0.1266938437	0.153391873	0.0842978961	-0.1839883041	-0.0553114265	-0.2295476913	-0.0210271575	-0.1322757293	-0.0242559051	0.1051121701	-0.0263167988	-0.0229743857	0.0544669123	0.1143114044	-0.0513226291	0.1364384525	0.0588196306	-0.0921446477	-0.0004041332	-0.1257368336	0.0378827015	0.0597791251	-0.0105902078	-0.0550252925	-0.0880513122	-0.0989364304	-0.0027023568	-0.1730219559	-0.0030440971	-0.0151802644	0.0286651906	0.0599512119	0.0195559749	-0.0717350505	0.1477203506	0.0961356564	0.0961272998	-0.0450406509	0.1583359763	0.0230159717	-0.1816338188	0.0501567209	0.0262136267	0.0304629497	0.072307428	-0.0201556897	-0.1016112759	-0.1455434367	-0.0507463789	-0.1182288324	0.1206736652	-0.0855741078	0.0522407681	-0.0253486771	-0.0691127887	-0.0253081757	0.0317782535	-0.1134548014	-0.0876327994	-0.0800180997712232	-0.0101958126286661	0.0001039545951588	0.0064028962909974	0.066701938120957	0.0137056128661327	0.0001878438240363	0.0044491485490919	-0.0639060003274352	-0.0108613942464898	0.0040839768778501	0.0001179698849776	-0.0018356443878451	0.0003020315239591	9.122304146505653e-08	3.369590318627212e-06	-0.0007396469823712	-0.0001727973467084	5.470776585308222e-07	2.9858923029497533e-08	-0.0003851789490797	0.0002239274380909	1.483628228141421e-07	5.0143497529953883e-08	0.0	0.0	0.0	0.0	0.0	0.0	0.0	0.0	0.0	0.0	0.0	0.0	0.0	0.0	0.0
938.3151241514864	-3.3947485547167844	11.524317749751695	880435.2722114194	1229.5033037590258	-1.236616886023285	1.5292213227979254	1511678.3739543592	858.350969091307	-1.1843545460779978	736766.3861399859	1.4026956908156205	921.505811690224	891.0150086546973	1.269245	21.771582	0.0758595609352383	0.0404456371494301	0.1204519485	0.0122874165	-0.1064174258	0.0018731784	-0.0686978418	0.0154144252	-0.1787911754	0.0683088527	0.067236177	-0.1394666769	0.0545227984	0.1192369584	-0.0537147331	-0.129994935	-0.0429142321	-0.0425473982	0.1478870897	0.0039191517	0.0631411654	0.0787193593	-0.0364129421	-0.0136238054	0.0614235999	-0.0106284458	-0.0246043918	0.0931738229	-0.0014109472	-0.1652826879	-0.0822588764	-0.0535909501	0.0343282517	-0.0504680812	0.1412597136	0.0608836621	0.0021929317	-0.0805296197	-0.0088284059	0.1287708841	-0.024597989	0.0183582053	0.0651196942	-0.2167935034	0.158933803	-0.0612037806	-0.037816981	0.0829705779	0.048668761	0.0516607197	0.0684518385	0.0649289051	-0.211036169	0.0427733459	-0.0540839397	-0.0387228458	0.0923976117	0.1319116596	0.0291339757	0.0046137947	-0.1326104188	-0.0879979874	0.0465476434	0.0309267741	0.172792108	0.0818922011	-0.0083264925	0.0822514139	0.1143094235	0.0169855045	-0.0616446221	0.0811352651	0.1512867749	-0.1676813772	-0.0516895465	-0.0799498086	0.0613784585	0.078159726	0.1637988092	-0.0701077036	0.0030135933	0.0451527857	-0.0261483154	0.0669718906	-0.124893374	-0.1585285152	-0.0821591472	-0.2485457774	0.0486335691	-0.0903484384	0.0361210755	-0.0269026339	0.1323176783	-0.2884598573	0.0637155647	0.0164229459	-0.1229494283	0.0187152845	0.0284919163	-0.1165232592	-0.0799246852	-0.0698392143632418	0.0101788854079814	0.0001036097081488	0.0048775158628748	0.0850046608374981	0.018302722716541	0.0003349896588385	0.007225792364098	-0.0377150603576694	0.0261909399697657	0.0014224257777826	0.0006859653364998	-0.0021051753813732	-0.000269530993528	7.264695647224464e-08	4.431763386339798e-06	-0.0008930948065397	-0.0001534478241685	7.976183334681842e-07	2.354623474204692e-08	-0.0003859403882021	-7.614391224000107e-07	1.4894998324558769e-07	5.797895371212985e-13	0.0	0.0	0.0	0.0	0.0	0.0	0.0	0.0	0.0	0.0	0.0	0.0	0.0	0.0	0.0
938.9431789431328	0.6280547916463775	0.3944528213099746	881614.2932838359	1232.1014211943657	2.598117435339873	6.750214207817038	1518073.9121091757	859.0274011788426	0.6764320875356589	737928.0759760763	0.4575603690478492	918.9134411220753	879.9860552012492	1.217061	20.876472	0.0636437922891181	0.0571170734877527	-0.0278553371	0.0537604069	-0.0783723453	-0.0618541858	-0.0072772794	-0.0123545137	-0.0292660809	0.0222472183	-0.0463464255	-0.1114906949	-0.0185141873	-0.0918884604	-0.0415286893	-0.0709208307	0.122825528	0.0230980399	0.0327992093	-0.0564334456	0.087353085	-0.0823440281	-0.0070005881	-0.0228724818	-0.0122466585	-0.0876790622	0.0288436098	0.072491065	0.0688439249	0.0003968236	-0.0380155908	-0.113454693	-0.0305329138	-0.112816253	-0.1638021279	-0.075249352	0.0566404781	-0.0444830433	0.044355454	-0.0995072501	-0.0914057111	0.0424638952	-0.0181350773	-0.0516812181	-0.0532763889	-0.0408251436	0.0128183339	-0.0785392255	0.0430904673	0.0296378964	-0.0832141789	-0.0851014473	-0.0386137281	-0.047526455	0.0111785841	-0.039419116	-0.05037397	-0.0230658032	0.1111688822	0.0168949621	-0.1552325725	0.1010119141	0.1121269586	-0.0435188351	0.1584031705	0.1549259382	0.0044129814	-0.0403146932	0.0195535848	0.0443635444	-0.0282967893	-0.0402034697	0.1566030039	0.012746929	-0.0390756734	-0.1240008976	0.061991374	-0.0438597928	-0.0085727151	0.0102245976	-0.0518354447	0.1177030766	-0.1402346171	0.1469887198	0.0612482626	0.0202260941	-0.1123848062	-0.1551173943	0.0773181312	-0.1526754226	0.0262704139	0.131896814	0.0717135321	0.0571298766	-0.0476322042	-0.0711992244	0.0124062788	0.1210285128	0.0251860523	-0.1192723348	-0.0717238087	-0.069765595125844	7.361923739779286e-05	5.419792115032582e-09	0.0048672382632631	0.0851044733609711	9.981252347300572e-05	9.962539842049321e-09	0.0072427713860482	0.020627197688313	0.0583422580459824	0.0004254812844727	0.0034038190739039	-0.0020041768828145	0.0001009984985586	1.0200696711111662e-08	4.016724977608047e-06	-0.0008941138775759	-1.019071036199924e-06	7.994396260738114e-07	1.0385057768215868e-12	-0.0003853959081517	5.444800503999849e-07	1.4853000602007358e-07	2.964585252835701e-13	0.0	0.0	0.0	0.0	0.0	0.0	0.0	0.0	0.0	0.0	0.0	0.0	0.0	0.0	0.0
937.3078392281068	-1.6353397150260207	2.6743359835413867	878545.9854784625	1224.9914192199708	-7.110001974394891	50.55212807589924	1500603.977162558	857.9502522650371	-1.0771489138055583	736078.6353616407	1.1602497825124949	917.7670364591928	877.8940384844224	1.358612	23.304518	0.1422719624825011	0.0828075567563652	-0.0567671706	0.0772355557	0.104794813	-0.0381607526	-0.0906713368	-0.202681722	-0.0356708547	0.0768131127	-0.0211927121	0.1663525794	0.0545938386	0.0548888802	0.105490344	0.062358353	0.1031089199	-0.1418798294	-0.0850094358	-0.0342358322	-0.1191306227	0.089829858	-0.068515907	0.130087586	0.0757551347	0.0957064083	0.0591917955	0.0302305879	0.1587612217	-0.095805502	-0.1673877579	-0.1775614207	-0.0277413056	-0.0697302483	-0.1204134509	0.0749391398	0.0033962519	-0.0722271993	0.0434874585	0.0389465011	-0.2608505282	-0.0389815453	0.0745879165	0.0721404942	0.0950279511	0.1123890699	-0.083652975	-0.0269067966	0.0145959836	0.1300043784	-0.0459066723	0.0440638792	0.1577562471	0.0528271856	-0.0466424632	-0.1081061418	0.1585539795	0.1397673133	-0.045099727	0.0474373992	-0.0030119626	0.0984900368	0.0013656819	0.0488077508	0.0403905547	0.0671108392	0.0030409607	-0.0019595859	0.252695026	-0.0290693671	0.0103392919	0.2142716413	-0.1309702971	-0.0800526789	-0.0141345504	-0.1474864232	-0.1228387724	-0.0511460777	0.153414655	0.1624637676	-0.0500822586	0.0665056183	0.0334287524	-0.3992194662	-0.0057761028	0.2125079777	-0.1326112951	-0.0511224353	0.0404516886	-0.0235187852	0.2198811288	0.0439748661	0.0394235822	-0.0930823528	0.1742531162	-0.033726738	0.0002447415	0.1743887788	0.0218629269	-0.1216944932	-0.063080731	-0.0697683171674157	-2.722041571701084e-06	7.409510318068906e-12	0.0048676180803731	0.0217351570256312	-0.0633693163353399	0.0040156702528083	0.0004724170509288	-0.0008836557737765	-0.0215108534620895	7.80847526528545e-07	0.0004627168166674	-0.0012080714206789	0.0007961054621356	6.337839068421377e-07	1.4594365574611356e-06	-0.0007398871847916	0.0001542266927842	5.474330462188393e-07	2.3785872767182825e-08	-0.0001879466502016	0.0001974492579501	3.532394332200259e-08	3.8986209465045135e-08	0.0	0.0	0.0	0.0	0.0	0.0	0.0	0.0	0.0	0.0	0.0	0.0	0.0	0.0	0.0
935.6753097984003	-1.6325294297064374	2.665152338857626	875488.2853663325	1203.524177828702	-21.46724139126877	460.8424529510032	1448470.4466182531	858.2453411191602	0.2950888541231506	736585.0655527437	0.087077431827714	918.240580382249	862.3291191924391	1.651067	28.321054	0.2339162625396585	0.1272338543213595	-0.0302530548	-0.0455136242	0.0049844283	0.0958018114	-0.050733976	0.0005158162	0.3911725675	0.030036583	-0.2970942939	-0.1288476284	-0.1514168312	0.5114362268	0.2123710858	-0.2222382773	-0.0241022504	-0.1567669181	0.1239131775	0.0025957975	0.0378056171	0.4885847021	-0.0024688966	0.0666663095	0.1409986484	0.2802575779	0.0459235593	-0.0803611023	0.0291274787	0.089869722	-0.0224305325	0.1150124287	-0.2963636437	0.1498981223	0.0594162455	0.0561635954	-0.1809893006	-0.0530897569	0.0195059782	0.0647026548	0.0377315632	0.0068353939	-0.0347303627	0.120552252	0.1422206444	0.0221886653	0.0526362186	0.1051477125	0.1178590892	0.0050687394	-0.0487384691	0.1037412922	-0.0750033542	0.4857081038	0.1143068571	0.4236283426	0.1552924627	-0.0471097451	-0.2698083284	-0.0355631377	0.1418077441	0.2943032938	-0.272665141	0.1201684208	0.0736932582	0.033904484	-0.1355626507	-0.1898415565	-0.082037603	0.1580499841	0.0608882264	-0.1014117583	-0.0341845065	-0.0270077345	-0.0338858162	0.0698989095	-0.0575665723	0.1153730249	0.2603310442	0.1851305848	-0.0846384828	0.0172467802	0.236284708	-0.5063882527	-0.1972217849	-0.0100571327	-0.2308365726	-0.1688642057	-0.0599651058	0.2397173166	-0.121537643	-0.0868673573	0.0293835885	0.0012350044	-0.1914504388	0.1619294489	0.0492034784	-0.15244085	0.0185248178	-0.1237830955	-0.0540487397	-0.0494147568590932	0.0203535603083225	0.0004142674172245	0.0024418181954432	0.0542004211956026	0.0324652641699714	0.001053993377626	0.0029376856577807	-0.0696800846009892	-0.0687964288272127	0.004855314190001	0.0047329486193777	9.6015829521938e-05	0.0013040872502008	1.7006435561363828e-06	9.21903951878586e-09	0.000114987152326	0.0008548743371176	1.3222045200042728e-08	7.308101322622561e-07	-0.0002750052475662	-8.70585973646e-05	7.562788618894697e-08	7.579199375091537e-09	0.0	0.0	0.0	0.0	1.0	0.0	0.0	0.0	0.0	0.0	0.0	0.0	0.0	0.0	0.0
940.8291006572766	5.1537908588762775	26.56156021703668	885159.3966435799	1231.169292842981	27.645115014278872	764.2523841527071	1515777.8276394857	861.9196560964936	3.674314977333325	742905.4935654977	13.500590552655988	920.6800121330698	862.1759659033028	2.120662	36.376099	0.2116580193190376	0.1213151420693219	-0.0577116814	0.0517313872	0.1009834661	-0.1168919977	0.0955467057	0.1408130961	0.3774087197	-0.4183669355	-0.3082883751	-0.2867842153	-0.1875176993	-0.3074915615	-0.1859220188	0.0142399587	-0.0018451868	0.247058763	-0.1380862795	0.1107014165	-0.1558422422	0.0965667089	0.1262914517	-0.1492272471	-0.0115537409	-0.0208837671	-0.0540751668	0.1194887267	0.051052958	-0.0276186776	-0.0662119	0.1782426456	0.1071122359	0.2019411718	0.0966880037	0.106133084	0.3226767114	-0.0700454966	0.0567277349	0.0769606178	0.0114173772	0.0101395224	-0.1348469445	0.0134316366	-0.0398236885	0.0307755667	0.0500859856	0.0203156961	-0.1610801181	-0.1155399088	0.0042931266	-0.3256903063	0.202136865	0.056936598	0.2232154654	0.4506098088	-0.1965012521	-0.3541699662	-0.0674070759	0.1624096684	-0.1832491518	-0.182484035	0.2415364893	0.0737133542	0.1337917805	0.0124034795	0.1974467974	0.0713652381	0.0544520232	-0.0966832685	-0.1032398033	0.0341955932	-0.0352285641	0.0417336271	0.1192228815	-0.0878857007	-0.1208597469	-0.0184078252	0.0102429946	0.0092740002	-0.0370585744	0.1134144494	-0.0783315059	0.2146900298	-0.0805869819	-0.0032048414	0.0097653982	0.0470504708	-0.1378118104	0.1187912163	-0.0890411434	-0.0307949827	-0.1415281022	0.2144733928	-0.1275872599	-0.1902885225	0.3038944917	0.0277401358	0.0151740128	-0.1255324169	-0.0446835199	-0.0801484660801605	-0.0307337092210673	0.0009445608824851	0.0064237766150026	0.0264913193265527	-0.0277091018690499	0.0007677943263893	0.0007017899996613	-0.0277053700530984	0.0419747145478908	0.0007675875297791	0.0017618766613769	-0.0016370079879726	-0.0017330238174945	3.0033715520033416e-06	2.6797951526861e-06	-0.0001769383245999	-0.0002919254769259	3.1307170712219585e-08	8.522048407841418e-08	-7.514466836604553e-05	0.0001998605792001	5.6467211838429645e-09	3.9944251118221216e-08	0.0	0.0	0.0	0.0	0.0	1.0	0.0	0.0	0.0	0.0	0.0	0.0	0.0	0.0	0.0
941.8543318025168	1.0252311452401273	1.0510989011703828	887089.5823351654	1231.213186229359	0.0438933863781585	0.0019266293677423	1515885.9099450505	861.2099301137255	-0.7097259827680773	741682.5437264879	0.5037109706161131	920.6611209040288	893.3837441862916	1.699488	29.151627	0.1138785614083036	0.067355972091155	0.0680317106	0.0791556786	0.144479813	0.1187136731	-0.0015560292	0.0942288148	0.0221301596	-0.0070939735	0.0700551229	0.212976624	-0.1636897161	0.0211545607	0.2204419444	0.070150286	-0.1036999067	0.076511246	-0.1716804009	-0.0880532837	0.042844251	0.2051898759	0.0768023492	-0.1592773554	-0.0488821552	-0.0201470249	-0.0611455985	-0.0504862337	-0.0242412663	-0.0294838773	-0.0795802512	-0.0519517989	0.0539382618	-0.0121694772	-0.0848117062	-0.0387731022	0.1401462117	0.1046970144	-0.0352290812	0.065319614	0.0651117716	-0.0080757746	0.0176125429	0.1619066129	-0.0511818622	0.0517466773	0.020557917	0.1398262467	-0.0089467218	-0.1276715539	-0.0867734582	0.0723543625	0.0865253172	-0.1128230101	-0.0006532583	0.1295001769	0.1662548414	0.1545619095	0.0159103826	-0.0847327294	0.0130107518	-0.0170539818	0.0190544547	-0.2697213313	0.0622893097	0.0982926997	0.1264186908	0.0270295743	-0.1803595021	-0.1165958935	-0.0722558269	0.1793732819	-0.2567641206	0.118132055	0.0021683566	-0.0942341578	0.1555490814	0.0072566144	-0.007459015	0.0606866352	0.1026055561	0.042646984	-0.0638817313	-0.1801387822	-0.0691103413	0.0824440157	0.1516159312	0.0670008152	-0.1628213557	0.003081611	-0.0515230305	-0.1093500323	-0.0568662033	0.0620942987	0.0587891532	-0.1218090317	0.3404039944	0.0173189621	0.0118128082	-0.1269376627	-0.0350428114	-0.0890978366014962	-0.0089493705213356	8.009123272815233e-05	0.0079384244870669	0.0894114929751026	0.0629201736485499	0.0039589482519636	0.0079944150760368	-0.0199936066072581	0.0077117634458403	0.0003997443051657	5.947129544459869e-05	-0.0013160475137483	0.0003209604742242	1.030156260142875e-07	1.731981058443082e-06	-0.0003598308380046	-0.0001828925134047	1.294782319790927e-07	3.344967145948837e-08	-0.0002572367565886	-0.0001820920882225	6.617074894022265e-08	3.3157528593250574e-08	0.0	0.0	0.0	0.0	0.0	0.0	1.0	0.0	0.0	0.0	0.0	0.0	0.0	0.0	0.0
936.4474610028184	-5.406870799698368	29.234251844630865	876933.847218625	1220.796087137858	-10.417099091501086	108.51595348215275	1490343.0863711045	857.9193457493947	-3.290584364330812	736025.6038110694	10.827945458778412	918.2784886935342	875.0962700823228	1.631835	27.991159	0.0784359648095541	0.055779500619449	0.0931186476	-0.0485007547	-0.0194354674	0.0292920259	0.0408719099	-0.0649423496	-0.0305548127	0.0116427664	-0.1097141195	-0.027779904	0.1064286929	0.1249782757	-0.0577384718	-0.2262965486	-0.1434693013	-0.1569001837	0.0908797514	0.181217095	0.0195080998	-0.0034258125	0.0231316067	-0.0354620396	0.0681262319	-0.1278066541	-0.1037929098	0.0965846884	0.0445816195	0.0100344993	-0.0675224658	0.0018315677	0.1633884512	-0.0277562398	0.0436403194	-0.1631110655	-0.0060629952	-0.2162305636	0.0612726671	0.0885165656	0.020040699	-0.1813109903	0.0089296396	-0.0717129703	-0.0124378477	0.1856491574	-0.0583829612	0.1758385199	-0.1323453783	0.0505016606	0.17186383	0.1049563117	-0.0236324868	0.0970316658	0.1996667274	-0.0082744407	-0.0707307252	0.0618225833	0.0477939663	-0.0214044471	-0.1216656325	0.0664524265	0.1419705892	-0.0087676691	0.0417093261	0.1275061752	-0.0898239382	0.0290590146	-0.0429881162	0.1442853179	-0.2200699152	-0.2146813823	-0.0763651814	-0.1616034949	-0.0963359931	-0.018473751	-0.1123106032	0.0866877857	-0.0126322231	-0.0434109086	0.0271906385	-0.0488192103	-0.1385217547	-0.0289574725	-0.1005114797	-0.0218019076	0.0865821895	-0.0254717827	0.021414937	-0.1866486754	-0.2436709805	-0.1218609343	0.1727765234	0.0355191701	-0.0895910064	-0.1705580712	0.0594244534	-0.0261824218	0.0084435077	-0.1279949812	-0.0251860523	-0.0890103815341376	8.745506735860498e-05	7.648388806698133e-09	0.0079228480208527	0.0881978310899995	-0.0012136618851031	1.4729751713520266e-06	0.00777885740898	-0.0293131039284588	-0.0093194973212007	0.0008592580619206	8.685303031986704e-05	-0.0003740217309187	0.0009420257828296	8.874125755157208e-07	1.3989225519942045e-07	-0.0005909855399697	-0.000231154701965	3.492639084532778e-07	5.3432496240574176e-08	-7.41102306654655e-05	0.0001831265259231	5.492326289288502e-09	3.353532449667646e-08	0.0	0.0	0.0	0.0	0.0	0.0	0.0	1.0	0.0	0.0	0.0	0.0	0.0	0.0	0.0
934.4069312554224	-2.0405297473960218	4.163761650008072	873116.3131781756	1231.6863222989168	10.890235161058854	118.59722186316256	1517051.196538231	858.0510170892994	0.1316713399047557	736251.5479279812	0.0173373417523137	919.4437221932106	861.2224112531264	1.675452	28.739326	0.2242475661987084	0.134836866272071	0.0022922509	-0.1834751198	-0.117384609	-0.0069776428	-0.0835395586	0.0487089436	-0.1344044115	-0.0914639075	0.0865481123	-0.0057164026	-0.0580101321	0.1568732645	-0.2060378979	-0.0657075789	-0.0768840461	-0.0223065097	0.1464117453	-0.10811714	0.0340012498	0.1452284654	-0.1599680013	0.0440671334	0.042472095	-0.0014696751	0.0166230089	0.0014419512	-0.0845767028	-0.0646925718	-0.0065635867	-0.0449424902	0.0455637441	-0.0225952913	0.1214094402	-0.0637157852	0.0204854315	0.1768010051	-0.262746432	0.0988367257	-0.0106397879	-0.1759325781	-0.1225592514	0.0886914582	0.0041054547	0.0133999213	0.0345483149	-0.078724958	-0.1268383961	-0.1280538252	0.0764516939	0.092209869	-0.1227948233	0.1380238597	-0.2547953995	-0.0171376433	0.0459728522	0.0549401274	0.0596489977	-0.0484437197	-0.1426207301	-0.0451396303	0.0425020981	0.0542205658	-0.0693538476	0.166949725	0.2025336537	-0.0175186828	-0.1804403975	0.0070235478	0.0287304086	0.1925570019	-0.1102536051	-0.0567297261	0.1201777519	0.1254978397	0.1248515811	0.2236706878	0.1370408101	0.0599355727	-0.1854453042	-0.0364033222	0.0102245847	0.0416329496	0.0509039987	-0.0613525576	0.0703847386	-0.0268125963	-0.1602109766	-0.0987571951	0.0384852065	-0.153385085	-0.0378903777	-0.0101998233	-0.022871605	-0.09120064	0.0685495634	-0.0091589057	0.0050684204	-0.1287014744	-0.0151740128	-0.0803800976389084	0.0086302838952291	7.448180011225247e-05	0.0064609600964404	0.0262217831908486	-0.0619760478991509	0.0038410305131978	0.0006875819137078	-0.1354898549257654	-0.1061767509973066	0.0183575007878049	0.011273502452344	0.0002004443419058	0.0005744660728245	3.300112688264038e-07	4.0177934202049264e-08	-0.000920011634331	-0.0003290260943613	8.464214073043977e-07	1.0825817077065115e-07	-0.0001199077316201	-4.57975009546345e-05	1.4377864102277927e-08	2.097411093689748e-09	0.0	0.0	0.0	0.0	0.0	0.0	0.0	0.0	1.0	0.0	0.0	0.0	0.0	0.0	0.0
936.417697450699	2.0107661952766875	4.0431806920674855	876878.1040988689	1232.590262441924	0.9039401430072758	0.8171077821400141	1519278.7550666514	857.6616957376367	-0.3893213516627156	735583.5843355585	0.1515711148604839	919.3117250672574	865.4653459178458	1.517989	26.038338	0.2943506185987871	0.1774706718921022	-0.1229758684	-0.0624563227	-0.1438840089	0.0343497771	0.0957610693	0.0684193243	-0.0823179766	0.0958017145	-0.0828409511	-0.1333945157	-0.0553214777	-0.0721839906	0.0596351616	0.0699619516	0.1283760939	-0.0765844514	0.1012670224	0.0674842679	0.1235018552	0.0122470378	-0.0426400887	-0.0671801132	0.0032507522	0.0488552705	0.1391255571	-0.0832843478	0.2122457461	-0.0365673729	0.0756919683	0.0743084664	0.0709761207	-0.0652809107	-0.0374796689	-0.1467575423	0.0288725075	0.0281978306	-0.050627139	0.0589978184	0.0234943827	-0.2125010715	0.1716947408	-0.0940266418	-0.0524140459	-0.131119858	0.1680921173	-0.0175687884	-0.0180988653	0.1677016072	-0.0164177421	0.0209654077	-0.1577579698	0.0553134317	-0.1118027093	0.0352338424	0.02259746	-0.0968795221	0.0491297644	0.0363741297	0.1813521024	0.0691758864	0.2067195221	-0.0669394835	0.0729387115	0.1222087359	0.0724822086	0.0842472294	0.0265277192	-0.0181705863	-0.0462229351	0.050675375	0.0550316264	0.1832214477	-0.156026208	0.0323823449	0.0293798831	0.0436743607	0.034307139	0.0584767878	-0.1189772083	0.0511847864	-0.0057996379	0.1663011348	-0.1633038312	-0.1204521175	0.0741440428	-0.2134806098	0.0054082334	-0.0245630013	-0.0983451221	0.0836007651	0.0270092972	0.0920298772	0.1069098822	0.0157218789	0.076833283	0.0162884277	0.0016898595	-0.1290552057	-0.0050684204	-0.065856849203044	0.0145232484358644	0.0002109247451298	0.0043371245869524	0.1127231902762986	0.08650140708545	0.0074824934277627	0.0127065176260666	-0.0211220199734327	0.1143678349523327	0.000446139727758	0.013080001671684	-0.0012010780525494	-0.0014015223944552	1.964265022159437e-06	1.442588488315859e-06	-0.0010754127966099	-0.0001554011622788	1.156512683112326e-06	2.4149521237633e-08	-0.0001421467373888	-2.2239005768700013e-05	2.0205694950280477e-08	4.945733775802725e-10	0.0	0.0	0.0	0.0	0.0	0.0	0.0	0.0	0.0	1.0	0.0	0.0	0.0	0.0	0.0
933.973229853562	-2.444467597137077	5.975421833453115	872305.9940830945	1229.8527157407818	-2.7375467011422643	7.494161940934894	1512537.7024149764	858.2330637988173	0.5713680611805785	736563.9917975048	0.3264614613372533	918.524621324184	862.1221376817003	1.421959	24.391129	0.2492552333351961	0.1427655919405349	-0.1877078786	-0.0659869041	0.0154202576	-0.0722962086	-0.111228457	-0.0776901599	-0.0369838664	0.0364794528	-0.0074358141	0.1921669176	-0.0327080057	0.0819519733	-0.1921638562	-0.064256226	0.0364447522	-0.1369117568	0.0115998017	-0.1248050491	-0.1188262024	0.0563398366	-0.0792748886	0.1087772888	-0.1338995204	-0.1443200662	-0.0834443337	0.1638326887	0.0550041963	-0.0472964512	-0.0093355532	0.128851237	0.0323323249	0.0162671212	-0.037971941	-0.0469152288	-0.0388456659	-0.0508489392	-0.0885793975	0.0248725486	0.128900206	-0.0994179366	-0.0140309889	0.0454499855	-0.0320122469	0.083980723	0.1587413498	-0.1592418725	0.0643333881	-0.058990568	-0.0492620512	0.0525791688	0.0964429527	0.1096965235	-0.1927854867	-0.11423211	-0.1296914572	0.122600716	0.0825477637	0.1709376263	-0.141308067	0.0852254284	0.0539278285	-0.0039301195	0.0600792294	0.0782436584	0.0184200492	-0.0507094493	-0.0965782271	0.0486254172	-0.0423454135	-0.09356622	-0.1782928338	0.0170979449	0.1647183029	0.1027081261	-0.001332664	0.0416799661	0.0311127246	0.2003658391	-0.1205464798	0.0232227934	0.0462305878	0.0735297991	0.0295798228	0.0513502399	0.0531334483	-0.0656587101	-0.1340112629	-0.2293785736	0.0007439483	-0.1106812593	0.0130721568	0.0014601293	-0.065138498	0.0645697645	0.0145393115	-0.1139940049	-0.0016898595	-0.1290552057	0.0050684204	-0.0589023239714805	0.0069545252315634	4.836542119645327e-05	0.0034694837692412	0.0386385679327929	-0.0740846223435057	0.0054885312677798	0.001492938931897	-0.0829453669894064	-0.0618233470159736	0.0068799339050073	0.0038221262362575	0.0004270306472417	0.0016281086997911	2.6507379383354658e-06	1.8235517368366527e-07	-0.0007949835236118	0.000280429272998	6.319988028142334e-07	7.864057715424287e-08	7.717006470506593e-05	0.0002193168020938	5.955218886584061e-09	4.809985968067996e-08	0.0	0.0	0.0	0.0	0.0	0.0	0.0	0.0	0.0	0.0	0.0	0.0	0.0	0.0	0.0
933.2381370068076	-0.7350928467543554	0.5403614933494222	870933.420363937	1229.4623766350023	-0.3903391057795033	0.1523646175007423	1511577.7355609883	857.2218226472138	-1.0112411516034854	734829.2532226113	1.0226086666963432	918.555136815782	858.4422866382188	1.212521	20.798588	0.2872567983248854	0.1738298676458279	-0.1815713095	-0.1091489634	-0.0233647874	0.1136451559	-0.0266425283	-0.0045039289	-0.078710805	0.1981714551	-0.00286049	-0.0844581969	-0.1380587741	0.0153212733	0.0349935328	-0.0038353732	0.0486957842	-0.2211723585	0.0107728547	-0.0722643801	0.0989198957	-0.0206142065	0.0327856084	0.0108514846	-0.026365534	0.0362218318	-0.1001644048	0.039605473	0.146099259	-0.055857584	0.1233747424	0.0031100508	-0.0129069276	-0.0557282647	-0.1403518073	0.0453875666	0.1196335728	0.2361613803	-0.0233903238	0.1085074474	0.0371740147	0.0499503934	0.035280482	-0.0515171589	0.0337706847	0.1299442172	0.0937264441	0.0054280182	0.1319257249	0.12992234	-0.1041153735	0.2021271412	-0.101471328	0.0653846579	-0.0372620103	-0.0676715618	0.1186938268	-0.0837135006	-0.0679232576	0.1286843573	-0.0026227213	0.0217545321	0.2040145929	-0.1118315762	0.1370480034	-0.100520629	0.1319434637	-0.0527121815	0.0811752578	-0.1527163784	0.0307118001	-0.020349725	0.010915651	-0.0364936208	-0.1053317129	0.0551560177	0.0970487788	-0.0468442342	-0.034741847	0.1640885694	-0.106236716	-0.0495235639	-0.0351236787	0.1212977669	-0.1891113924	-0.0370939936	0.0165774437	-0.1918096452	0.0181854776	-0.1275202501	0.031154677	0.0505785052	0.0183264114	0.0031587889	0.05812378	0.0622395682	0.0273150845	0.0903612382	-0.0050684204	-0.1287014744	0.0151740128	-0.0706083841970297	-0.0117060602255491	0.0001370318460041	0.0049855439189153	0.1088032950461865	0.0701647271133936	0.0049230889308969	0.0118381570129075	0.0427936967342645	0.1257390637236708	0.0018313004801842	0.0158103121461053	-0.0007788891433206	-0.0012059197905623	1.4542425412698215e-06	6.066682975826982e-07	-0.0010460808648209	-0.000251097341209	1.0942851757444422e-06	6.304987476227918e-08	0.0002130918781791	0.000135921813474	4.5408148545896396e-08	1.8474739378070113e-08	0.0	0.0	0.0	0.0	0.0	0.0	0.0	0.0	0.0	0.0	0.0	0.0	0.0	0.0	0.0
932.537427597358	-0.7007094094495869	0.4909936764911888	869626.0538698977	1233.390945342093	3.9285687070905615	15.433652086331213	1521253.2240518616	858.1946443113329	0.972821664119124	736498.0475246552	0.9463819901795014	919.694285792997	850.1683689913303	1.37309	23.552855	0.1395066083224921	0.0882386894925032	-0.1972179222	-0.1531472162	0.1078562008	-0.0970319577	-0.0076642087	-0.0858090744	-0.0420214276	0.0360091792	-0.0760430869	0.0615132982	0.0951888406	-0.0921574579	-0.1785948712	-0.0098621747	0.0606127626	-0.0940309596	-0.0795283195	0.0010120956	-0.1561797671	-0.0762599604	-0.0394534461	0.1050743856	-0.0583863054	0.0773398639	-0.0710413424	-0.0139208158	-0.0601468082	-0.219702155	0.1060907957	-0.0274559403	0.0055856011	0.1167269284	0.0247807773	-0.0227605576	0.0140317676	-0.2045682375	-0.0673453149	0.0517183025	0.1312322232	-0.056325519	0.0109331864	-0.0171323648	-0.0157799262	-0.0887117182	0.0590458309	0.1366353836	-0.0180781451	0.0930252099	0.0377589104	0.0043183971	0.1318564818	0.0267222995	-0.0449708008	-0.1487317227	-0.0671602895	-0.0551006059	-0.0830857626	0.1123712148	-0.0665943525	-0.025117478	-0.0781369177	0.0881200917	-0.0225837	-0.0172335883	0.0818310287	0.1183331523	0.0070924795	0.0201561081	-0.0962918117	0.028360129	-0.0547236327	0.0443065365	0.088266179	0.0423499959	-0.1788605407	-0.1098213319	-0.0339614021	0.1462522845	-0.1151535964	-0.056461447	-0.0492551733	0.0861363951	-0.1183868043	-0.0674333328	-0.0205330612	0.0672465771	-0.1107861651	-0.029473557	0.1128439327	0.0699929666	-0.0688331939	0.0498179177	-0.0585836598	0.0150685955	-0.0835025656	-0.1154311581	-0.0084435077	-0.1279949812	0.0251860523	-0.0541220406589246	0.016486343538105	0.0002717995232564	0.0029291952850862	0.0298665475655752	-0.0789367474806112	0.0062310101028177	0.0008920106634867	0.0108156073497838	-0.0319780893844807	0.0001169773623446	0.0010225982006818	-0.0006388993548852	0.0001399897884354	1.9597140866188073e-08	4.0819238567272476e-07	-0.0009440686321826	0.0001020122326382	8.912655822711254e-07	1.0406495607850634e-08	0.0002131984154913	1.0653731220001116e-07	4.545356436800099e-08	1.1350198890802643e-14	0.0	0.0	0.0	0.0	0.0	0.0	0.0	0.0	0.0	0.0	0.0	0.0	0.0	0.0	0.0
934.9909089592358	2.4534813618777207	6.019570793081355	874207.9998364178	1229.3572394631126	-4.0337058789803	16.27078311812023	1511319.2222203647	858.5700102500958	0.3753659387629113	737142.4625008496	0.1408995879833617	918.8708681167	856.6380573794139	1.358311	23.299353	0.090192218150285	0.0531533836897743	-0.0914733192	-0.1619791791	0.0873824529	0.1157407821	-0.0275615192	0.0866657179	0.0262117478	0.0304838999	0.0477933977	0.1661755822	-0.1570726864	-0.0278354961	0.0240803812	-0.0201154165	-0.0479739372	-0.057387099	-0.0918735461	-0.1467797849	0.098475519	-0.1286452644	0.0475318929	-0.1117244933	-0.0523905845	0.0744515495	0.0639179618	0.0139257186	-0.1854477096	-0.1180255993	-0.0044610726	-0.0432016061	-0.0322072254	-0.0220916456	-0.0996316147	-0.119698262	-0.0714924371	0.1832950629	-0.0507539414	0.1298721742	-0.0420183472	-0.0390027635	0.0111191069	0.0350309625	-0.0555962227	-0.0032048542	-0.0466323547	-0.0513301043	0.0528961466	-0.0828443244	-0.0975234359	0.1630304333	0.0393071175	-0.0665668008	-0.1159800658	-0.0447207386	0.0494983101	-0.1438744289	0.0084407797	-0.0601825756	0.1278294899	-0.0880759761	-0.0845815665	-0.0386024003	0.1965254582	0.0753206634	0.1020720327	0.0651158971	-0.2691696445	0.0242621714	0.0208429149	-0.0124626123	-0.1309687526	-0.0508141115	0.023721929	0.0633150424	0.1215692076	-0.1502246342	0.0035508965	0.1408756085	0.0203921034	-0.0923583196	-0.0974668772	0.0585571251	-0.1572278858	-0.111797584	0.1436673192	-0.0766448913	-0.0177896086	0.1323269802	0.1372382479	0.0606882277	-0.01685325	-0.037286422	0.1163003982	0.1161447316	0.0244336717	-0.0507400659	-0.0118128082	-0.1269376627	0.0350428114	-0.0414067673679738	0.0127152732909507	0.0001616781748635	0.0017145203838655	0.0747448105872621	0.0448782630216868	0.0020140584918437	0.0055867867097256	0.0131711017419462	0.0023554943921623	0.0001734779210966	5.548353831508511e-06	-0.0010242975274018	-0.0003853981725166	1.4853175137913498e-07	1.049185424641441e-06	-0.0009467175630775	-2.6489308948999613e-06	8.962741442394002e-07	7.016834885955509e-12	0.0004300150609895	0.0002168166454982	1.8491295267780346e-07	4.700945776509214e-08	0.0	0.0	0.0	0.0	0.0	0.0	0.0	0.0	0.0	0.0	0.0	0.0	0.0	0.0	0.0
935.2334932268895	0.2425842676537968	0.0588471269131289	874661.6868533705	1230.8677715417111	1.510532078598544	2.2817071604752384	1515035.471020058	858.3489802433894	-0.2210300067064281	736762.9718848665	0.0488542638646436	919.128289520111	858.9179286600017	1.229804	21.095055	0.117078314747735	0.0584974068850673	-0.0272884492	-0.1558508212	0.0069648981	0.0229318498	0.0917611971	-0.0044782646	-0.0867723329	0.0814869303	0.0011962197	-0.0232073037	0.0842930744	-0.0810419637	0.0193110816	0.0020041543	-0.0953914045	-0.0862825363	0.0067847627	0.0526308926	0.0777524394	-0.1979677102	0.1868142786	0.092380985	-0.0289262373	0.0015048838	0.0862578454	-0.0650163205	0.0608733305	-0.0795193443	-0.0401266618	0.0974962602	0.0786035823	-0.1509889964	-0.0630781682	0.0656416851	-0.08657718	-0.111170424	0.0014052413	-0.1170462501	0.0335261755	0.0685254598	-0.0795831662	0.0850732424	0.1199010278	0.075120542	-0.0350522102	-0.0140408922	-0.0329240386	0.0387112434	0.0858698009	0.0723270854	-0.020094612	-0.1103934925	0.1822993143	-0.1539926909	-0.0887286942	-0.0717081217	0.0005358077	0.048920118	0.0665221762	0.1085999805	-0.073058489	0.0936431592	0.0923318668	-0.0114387661	0.029745429	0.0619059421	-0.0208900359	-0.0435926417	-0.0030934902	-0.1345254643	-0.1663493436	0.0255558172	-0.1052249558	0.0127093299	-0.0607664055	-0.1853421059	-0.027068789	-0.0124659519	-0.0425127512	-0.1695424333	-0.1619222483	0.0475199476	-0.1292884933	-0.0229525315	-0.1621111097	0.0201714217	-0.0712575115	-0.0644844323	-0.0537237419	0.0577525911	0.0017434945	0.0324483608	-0.1117645287	0.029639548	-0.0508800975	-0.2103583872	-0.0151740128	-0.1255324169	0.0446835199	-0.0233032648093143	0.0181035025586595	0.0003277368048913	0.000543042150773	0.092427580546925	0.0176827699596629	0.0003126803534463	0.0085428576457583	0.0600431006254638	0.0468719988835176	0.0036051739327195	0.0021969842793364	-0.0008470623501539	0.0001772351772478	3.1412308054094504e-08	7.175146250482483e-07	-0.0010648486558397	-0.0001181310927621	1.133902659843616e-06	1.39549550771915e-08	0.0008230496578973	0.0003930345969077	6.774107393648625e-07	1.5447619436647677e-07	0.0	0.0	0.0	0.0	0.0	0.0	0.0	0.0	0.0	0.0	0.0	0.0	0.0	0.0	0.0
936.5678447604828	1.3343515335932352	1.7804940152026187	877159.3278392957	1233.2101021968956	2.342330655184469	5.486512898216904	1520807.1561604778	857.997325612284	-0.3516546311053616	736159.4107578318	0.123660979577848	918.7907040369648	858.2302549513124	1.234635	21.177917	0.20094159611887	0.1078269330960957	0.0392954604	-0.1224523524	-0.0814029956	-0.1905681989	-0.000137986	-0.0411140903	-0.0846875631	-0.1865973113	-0.0382940288	-0.0110190884	-0.001431392	-0.0145899458	0.0257171337	0.0717857244	-0.0003026951	0.0469042417	0.1568662495	-0.0035718414	-0.1661414809	-0.1534747306	0.0504295976	0.0613824196	0.0391939539	0.0622465289	0.0600622774	-0.1000058942	-0.1522116681	0.0144438322	-0.0474534911	-0.0480662937	-0.0070260917	-0.0072104907	-0.0404195728	-0.1136278325	-0.0948291436	0.0210789197	-0.1579637024	-0.097722595	0.1031281737	-0.0478444112	-0.0917245458	-0.0740909769	-0.0838659807	0.0623069928	0.04583698	0.0026629873	0.0197550501	-0.0276458742	0.1218355149	-0.1301018792	0.0064468352	0.0289176073	-0.0376275843	-0.1513943924	0.0667700826	-0.1384599638	-0.0090461578	-0.0126225122	0.0799899104	-0.0267693295	-0.0643595474	0.0097193384	-0.0006011468	-0.0324599027	0.19849768	-0.1165431059	-0.0908464182	0.0269933869	0.0105497654	-0.1032495887	-0.0409824956	-0.1057393021	0.0701039061	0.0677803319	-0.1128402317	-0.0931199847	0.0661628944	-0.1344137494	-0.078879682	-0.0875314521	-0.1054402962	0.0303103645	-0.0393745699	-0.0509229101	0.0662532332	-0.0370700776	-0.0798348725	0.1008883898	0.0926190741	-0.0893145444	-0.0900415625	0.0366983084	-0.0090806113	-0.1064647032	-0.1058505165	-0.106675693	-0.0185248178	-0.1237830955	0.0540487397	-0.0072734527820728	0.0160298120272414	0.0002569548736286	5.290311537304256e-05	0.043202340190021	-0.049225240356904	0.0024231242881949	0.0018664421978943	-0.0167832105314857	-0.0768263111569495	0.0002816761557441	0.0059022820859844	-0.0002298278560415	0.0006172344941124	3.8097842072219046e-07	5.282084341263245e-08	-0.0009740399710884	9.08086847513e-05	9.487538652778912e-07	8.246217226260984e-09	0.0003538881852055	-0.0004691614726918	1.252368476280423e-07	2.2011248745833858e-07	0.0	0.0	0.0	0.0	0.0	0.0	0.0	0.0	0.0	0.0	0.0	0.0	0.0	0.0	0.0
937.4326258606698	0.8647811001869741	0.7478463512405933	878779.9280280304	1231.816374021588	-1.393728175307615	1.9424782266462937	1517371.5793076928	858.4703407925507	0.4730151802666569	736971.3260204782	0.2237433607626979	919.4897497918224	883.0369970417709	1.420467	24.365522	0.0810051689277071	0.046922342043572	-0.054172554	0.0688447014	-0.1067203988	0.0935268755	-0.0786704022	-0.0512540475	0.0420348078	0.0627217796	0.1402924591	0.0045591893	0.1084727379	-0.0112843236	0.0967213121	0.125800479	0.1167193739	0.0231322474	-0.0213984667	-0.054992651	0.0844262796	0.0115912655	0.065407937	0.028824076	-0.1336588298	-0.0352464407	0.0712847426	-0.1196144739	-0.0035779858	0.0712036107	-0.04455528	-0.0326721127	0.0193781986	-0.0201083169	0.0749756697	-0.192860638	0.0438358347	-0.0421516542	-0.0747840573	0.0605044073	-0.1192805958	-0.035804169	-0.2179233964	0.07912701	-0.096929604	-0.0186957964	0.0263873802	-0.104963792	0.0700342194	-0.0110418549	-0.1471968885	-0.0455859448	-0.0377975847	-0.0268912165	-0.0139016271	-0.0485578697	-0.021663235	0.1040751211	0.0646098477	0.0338832367	0.2483687496	-0.0214016497	0.0976957734	0.1535568874	-0.0428088584	-0.0500844579	0.076759593	-0.0017975755	0.0197713443	0.0451389863	0.0867982964	0.0602274616	-0.0784481846	-0.037041945	-0.0265496563	0.1027127926	0.0561771431	-0.1611795876	0.0774882512	0.0156871699	0.0052102155	0.0698962368	-0.034088265	0.0563290295	-0.0430693744	0.1548681396	0.0496821441	0.0076083744	-0.0127351348	0.0599364254	-0.0466183404	0.0050445543	0.0568072791	0.0410005989	0.1889754938	0.06471255	-0.0306529154	-0.0775074401	-0.0218629269	-0.1216944932	0.063080731	-0.0039544442922903	0.0033190084897825	1.1015817355248312e-05	1.5637629660827333e-05	0.0822157642747498	0.0390134240847288	0.0015220472588148	0.0067594318952812	-0.0021961411603399	0.0145870693711458	4.823035996139084e-06	0.0002127825928386	-0.0003766903735761	-0.0001468625175346	2.1568599056600698e-08	1.418956375449018e-07	-0.0009421234331901	3.191653789830001e-05	8.875965633659009e-07	1.0186653914136207e-09	0.0006568224694136	0.0003029342842081	4.314157563265796e-07	9.176918054867397e-08	0.0	0.0	0.0	0.0	0.0	0.0	0.0	0.0	0.0	0.0	0.0	0.0	0.0	0.0	0.0
936.229604905478	-1.2030209551917324	1.4472594186304282	876525.8731014675	1229.504232186982	-2.3121418346058817	5.345999863334653	1511680.6569657004	857.3539487228479	-1.1163920697027834	735055.7933906597	1.2463312532952644	919.026094700642	876.7188434902713	1.157915	19.861931	0.0781003150383735	0.0466264893059044	-0.0616615961	0.0676563743	0.0660587165	0.067654728	0.0490123098	-0.1344099078	0.0744026942	0.1056156614	-0.0510408829	0.0522521041	0.1387508514	-0.0181206304	-0.0558510403	0.0370549234	0.0423623567	-0.1525284008	-0.0644359758	0.1245089427	0.0315745518	0.0303866171	0.0004003509	0.0764986136	0.0096619785	-0.0537469453	0.054098865	0.0547344709	-0.1105472971	0.0188832575	-0.1198045236	-0.0251392825	0.0189834017	-0.1287968388	0.0161070323	-0.0528690369	0.0164255981	0.0630691881	0.2293055673	-0.0002329257	0.0943455383	0.0712309535	0.027644913	0.0013150333	0.1745677376	-0.0077380419	-0.0425224585	0.0767281836	0.0101729658	0.1268840752	-0.027432251	0.0779637394	0.0841525922	0.0569499897	0.0289528012	0.0502556803	-0.0759149656	0.0473425938	0.0674566083	-0.0029635808	0.0590772364	-0.0864709215	-0.0177198566	0.1303608686	-0.0275682622	-0.0813304089	0.0826911944	-0.0899452043	0.0215722763	0.0130288762	-0.0205654858	-0.0068035926	-0.047383184	-0.1184074905	-0.1180350716	0.0837914204	-0.136636072	-0.0736711853	0.0892729745	0.0758384591	0.0541607147	-0.024782847	0.0148855618	0.0152355836	-0.0504622525	0.0074466498	0.0970191617	-0.0349176406	0.1029861779	-0.1068564802	0.0405400918	-0.0536167036	-0.1069074102	0.0021950884	0.011829165	-0.0767655205	-0.0808339673	0.0823516404	-0.0251860523	-0.1192723348	0.0717238087	-0.0043178901030529	-0.0003634458107625	1.3209285736088358e-07	1.8644174942042182e-05	0.0867947962389195	0.0045790319641697	2.096753372888782e-05	0.0075333366541555	-0.0265679669176961	-0.0243718257573562	0.0007058568661397	0.0005939858907469	0.0001261195376394	0.0005028099112155	2.5281780681653896e-07	1.590613777437603e-08	-0.0008429823325271	9.914110066300004e-05	7.106192129528302e-07	9.828957840671106e-09	0.0002830532511704	-0.0003737692182432	8.011914299813354e-08	1.3970342850613293e-07	0.0	0.0	0.0	0.0	0.0	0.0	0.0	0.0	0.0	0.0	0.0	0.0	0.0	0.0	0.0
936.7019915383788	0.4723866329007933	0.2231491309433488	877410.6209519651	1235.6411045883642	6.1368724013821065	37.661202870845386	1526808.9393483528	859.1539496482416	1.8000009253936469	738145.5091961732	3.240003331417985	919.4750575881458	867.4482881834181	1.599793	27.441544	0.1399632723984638	0.0850349696550845	0.0635736824	-0.1091614341	0.0775289801	-0.0109770514	-0.0264589431	-0.0282034946	0.0424233847	-0.0499006868	0.0942696333	0.0734996856	0.0367885089	0.0097367904	-0.1069417785	0.0697576029	-0.0895261982	0.0660671627	0.0222256669	-0.0354255557	-0.0518819301	-0.0655931047	-0.020562231	0.0140189918	-0.0551939206	0.0791581462	0.1380813691	-0.225383225	0.0441322843	0.0955152042	0.0781368198	-0.0282800335	-0.0478356457	0.0546585194	-0.156893196	-0.0201584414	0.1002006425	-0.0705526897	0.026418052	-0.0241666177	0.0601135242	-0.0708981488	0.1684437048	0.1324580856	-0.139801568	0.0293063584	-0.0964985674	0.0050833943	-0.1065533711	-0.1408238642	0.0285084597	0.0046123048	0.0441267402	-0.0258014163	-0.0233734382	-0.0610180067	-0.0882833395	-0.0569456879	-0.0652271609	-0.0273464119	0.1777099688	0.1074133392	0.0221100269	0.0979619619	-0.2141797003	0.2820807311	0.0429888196	-0.0835647763	0.1188626864	-0.2166258034	-0.0259022394	0.0422294466	0.1470393773	0.1444990551	0.1220991925	0.0977476164	0.0185478282	-0.0422085963	0.1224007372	-0.0074552188	-0.0263402693	-0.1246579545	-0.1310408743	-0.1523546437	0.2298990488	0.0946277091	0.0555978801	0.0906584677	-0.0422465461	-0.0824448032	-0.0523875223	0.2405215034	0.0671122764	0.2720956877	-0.110562855	0.1479704664	-0.0362206603	0.0813176922	-0.0284919163	-0.1165232592	0.0799246852	-0.0155298394532366	-0.0112119493501837	0.000125707808231	0.0002411759134433	0.0571757758755921	-0.0296190203633274	0.0008772863672832	0.0032690693469759	-0.0899343531122838	-0.0633663861945877	0.0080881878697249	0.0040152988993616	0.0006965861983679	0.0005704666607285	3.254322110027256e-07	4.852323317566434e-07	-0.0007534211563364	8.956117619069999e-05	5.676434388152781e-07	8.021204280661606e-09	0.0002277627582823	-5.529049288809999e-05	5.187587406036141e-08	3.0570386038090344e-09	0.0	0.0	0.0	0.0	0.0	0.0	0.0	0.0	0.0	0.0	1.0	0.0	0.0	0.0	0.0
938.37795297176	1.6759614333811896	2.808846726181132	880553.1826234707	1232.1095665671608	-3.53153802120346	12.471760795205649	1518093.9840263168	858.6464106837244	-0.5075389645171526	737273.6585800431	0.2575958005031435	920.0173515417364	877.9653156417737	1.596024	27.376883	0.1633258277272662	0.0995555952433984	0.007549626	0.0117390096	-0.1859707887	0.0885367485	0.0495437355	0.0533618679	-0.0701465232	0.0649566591	0.0296262687	-0.0753579206	-0.1424391471	-0.0308948299	0.0581888828	0.0772045668	0.0823309456	0.0527060765	0.1206844888	0.0340939957	0.1707954675	0.0440263143	0.0915691351	0.1514791166	-0.0706696845	0.0524547103	0.0414249852	-0.1380389636	0.0477543566	-0.0004271112	0.1065892077	-0.0888584025	-0.1106642203	0.0991371265	-0.0721018977	-1.87624e-05	-0.0932799177	0.0849069591	-0.1590240278	-0.1208934956	0.0528614286	0.086486588	0.0755050436	0.0515237275	0.0827311711	0.0333392053	-0.1111987756	0.0653844888	-0.1309156778	0.0479534178	-0.034364938	-0.0295940888	-0.2116295066	-0.063680264	-0.0308295816	0.023734681	0.0199945717	0.0132640596	-0.0086328509	0.0720103103	0.1046677235	0.0652016466	-0.1051816106	0.0480755945	0.0040379036	-0.019179599	-0.0493370093	-0.0193575961	-0.1995142583	-0.1935326006	0.1237618117	0.0287299407	0.044748815	0.1167653665	-0.1422675479	0.1033678398	0.1301873691	-0.0467432584	0.1346522494	-0.0866014367	-0.1155967341	-0.0529468961	0.0672049577	0.0477544109	0.2803545935	0.1061845952	-0.0069416931	0.1866408013	-0.1873465346	0.0483617284	-0.0540829497	0.4428182824	0.317191851	-0.141737458	-0.0913646326	0.1502240002	0.140279996	0.1000368495	-0.0317782535	-0.1134548014	0.0876327994	-0.0049774257105639	0.0105524137426727	0.0001113534357965	2.4774766704182544e-05	0.0983234510619155	0.0411476751863234	0.0016931311732391	0.0096675010287248	-0.0192530759792646	0.0706812771330192	0.0003706809346633	0.0049958429371546	-1.995252884491988e-05	-0.0007165387272128	5.134277475957679e-07	3.981034073073599e-10	-0.0007540014469944	-5.80290657999972e-07	5.685181820696489e-07	3.367372477620405e-13	0.0001259925428481	-0.0001017702154341	1.5874120853330315e-08	1.0357176749523478e-08	0.0	0.0	0.0	0.0	0.0	0.0	0.0	0.0	0.0	0.0	0.0	1.0	0.0	0.0	0.0
935.5671410051016	-2.8108119666584344	7.900663911910255	875285.8753284597	1231.9954427083333	-0.1141238588274973	0.0130242551536785	1517812.770854102	857.5945572698927	-1.0518534138317364	735468.4246589432	1.106395604189478	920.207355916997	873.6719667832629	1.508202	25.870455	0.0730096299010662	0.0360689661726662	-0.0647868214	0.0708327227	-0.0331063858	-0.2101798774	0.0169298134	-0.1029424458	-0.0283699372	-0.0316260379	-0.0995052008	-0.0382797502	0.2122589368	0.0544835305	0.0675465701	0.0806632377	0.1030312641	-0.0215872183	0.1670295029	0.0534561725	-0.1999730447	0.0039823969	0.068510787	-0.0255529683	0.0553804493	0.1245759981	0.0587630624	0.149108178	-0.0336509086	-0.0885151891	0.0734210205	0.0814967425	0.2083730717	0.0194277697	-0.0677141545	0.0195891557	-0.0758931118	-0.0618164761	0.1142860614	0.0281683849	-0.0886867629	0.0278033668	-0.0556585552	-0.0205495556	-0.0190537308	0.0038518811	-0.0719383642	-0.0061590168	0.050666306	0.1129305506	0.0511960737	-0.1513510397	-0.0042909368	0.1328264878	0.0238734103	-0.1258875605	0.0322477535	0.0266496283	-0.0405872978	-0.0290241662	0.0686143454	-0.1600030144	-0.1010724938	-0.0631581225	0.0047692159	0.106368855	-0.0358049586	0.0722716526	0.1643612335	0.0721452404	-0.118810186	-0.0729356138	-0.0847382604	0.0180261982	0.0694109483	0.044728504	-0.1836927726	-0.1091955733	0.0238184428	-0.1351194301	-0.0968726199	0.0538239878	0.0152892912	-0.0819084865	-0.0351032916	-0.1684320188	0.1793764487	-0.0427106347	0.0244941627	0.029136654	-0.0154754152	0.0089226877	-0.0415002482	-0.0496407948	0.0069542747	-0.1101703286	-0.1784388891	0.0388804244	-0.0350428114	-0.1100753719	0.0948006283	0.0088449732845106	0.0138223989950745	0.000191058713979	7.823355240370623e-05	0.0675467164363397	-0.0307767346255758	0.0009472073942131	0.0045625589013312	-0.0154380827254385	0.0038149932538261	0.0002383343982374	1.4554173526738666e-05	0.0001460023043507	0.0001659548331956	2.7541006660986012e-08	2.1316672875714432e-08	-0.0005459993043115	0.0002080021426829	2.98115240308642e-07	4.3264891360677494e-08	8.039458194822912e-06	-0.0001179530846532	6.463288806630529e-11	1.3912930179223151e-08	0.0	0.0	0.0	0.0	0.0	0.0	0.0	0.0	0.0	0.0	0.0	0.0	1.0	0.0	0.0
933.7348249141204	-1.8323160909811804	3.357382257268553	871860.7232574031	1229.4409538962625	-2.5544888120707583	6.5254130909946735	1511525.059117352	856.6930620922824	-0.9014951776102862	733923.0026370512	0.8126935552546014	918.030148839606	864.1432979556297	1.332802	22.86179	0.0560602350551769	0.0327890898653001	-0.0967830113	0.0231856899	-0.0800627192	0.0182701541	-0.0969369523	0.1534343876	0.114647145	0.0344542737	0.0915426007	-0.0790305871	-0.0310923004	0.0444374701	-0.0671204062	0.0702658053	0.1244100578	-0.0757780692	0.1293536088	-0.1798864691	0.0178191725	-0.0602633856	0.0003092514	0.0327882569	-0.0546714827	0.0046859855	0.1124297037	-0.0388834368	-0.0740361332	0.2858326475	-0.0733194245	0.0806558193	0.061692622	0.1048140878	0.0491238465	0.0028327141	-0.0380547029	-0.0516567045	0.0868018769	0.1562718041	0.0223416052	0.0606774364	0.0679688867	0.0805570217	0.086494732	0.0344300402	-0.1601327486	0.0209994611	-0.157609374	-0.0600346257	-0.1613854405	-0.0572210116	-0.0893765341	0.0944443311	-0.0510661742	-0.1320608431	-0.1105704472	-0.0611957586	0.0372468427	-0.0459008593	0.0133868565	-0.0098464394	-0.0920372078	0.1049479483	0.0030013827	0.0099686451	-0.089583154	-0.062629106	-0.0102399958	-0.079508265	0.0829419704	-0.1062585084	0.0749558969	0.016871436	0.02045151	0.0868353801	0.1199498569	-0.1251954775	0.0718052442	0.0047507104	-0.0848498567	0.0324219242	0.0269516083	0.0225315574	0.1301888603	-0.0107147169	0.1151218312	0.0343645787	0.0622917471	0.0891588982	-0.110530588	-0.0747812669	0.1032817787	0.0214341937	0.0705655503	0.0705904174	0.046711261	0.0036019991	-0.0382833527	-0.1063942335	0.1013839798	0.0086545926280336	-0.0001903806564769	3.6244794360613456e-08	7.490197355721353e-05	0.0932590106032478	0.0257122941669081	0.0006611220713256	0.0086972430586966	-0.0219656218556565	-0.006527539130218	0.0004824885435056	4.260876709652719e-05	0.0001466136637325	6.113593818000062e-07	3.737602937148858e-13	2.1495566393066592e-08	-0.0007019761914803	-0.0001559768871688	4.927705734051868e-07	2.4328789330868587e-08	0.0003240516336757	0.0003160121754808	1.0500946128789009e-07	9.98636950521567e-08	0.0	0.0	0.0	0.0	0.0	0.0	0.0	0.0	0.0	0.0	0.0	0.0	0.0	0.0	0.0
936.5015519389676	2.766727024847228	7.654778430019992	877035.1567840949	1233.1680788907138	3.727124994451288	13.89146072426351	1520703.5107950135	858.692677849777	1.9996157574946665	737353.114992821	3.9984631776209687	919.6381316850292	867.7814317085761	1.336996	22.933741	0.0553431549397866	0.0364255965919901	-0.0971009816	0.0154698583	0.0424781789	0.005246459	0.0915951489	0.0294733122	-0.0202615341	0.1051204531	-0.0975687951	0.0364503086	-0.1058187235	-0.145919104	-0.0843410889	0.0080257208	0.0566098173	0.0374572803	-0.1105442074	0.0167817951	-0.0146526829	-0.1132723775	-0.1005617641	0.1536881183	-0.0205693351	0.0456634346	-0.0330818435	-0.0028560098	-0.1014811151	-0.208504928	-0.1699247202	0.068200701	0.0301684003	0.050157526	0.1090268027	0.1562132963	-0.0061239758	-0.0257501874	0.1046275633	0.0111802822	0.0081784764	-0.0781542373	0.0250439051	0.0872441929	0.0200807717	0.1236037901	-0.0469492446	0.0389711327	0.0260860331	0.0884500096	-0.042991256	-0.0015001456	0.0577914386	-0.1295556429	-0.0631258194	-0.0063566841	-0.1054328716	-0.0853579043	-0.0486859669	0.1133639957	-0.0436079023	0.0781369697	-0.109858111	0.0008984872	0.0273540052	-0.0071826666	-0.0333144343	0.0009944226	-0.0054520053	-0.0578667482	-0.1269948096	0.007709381	0.0222627549	-0.1591784951	-0.0834467406	0.0669294525	-0.0450318898	-0.0981950886	0.0274345329	0.0792293474	0.0217529173	-0.0077786392	0.0269144568	0.0515126491	0.0796883201	-0.0139173714	-0.0489572135	0.0255880871	-0.0169564976	0.027093036	0.1103500121	-0.072764392	-0.1282778332	-0.000554443	-0.0304314134	-0.0399923065	-0.0257790827	0.0209215099	-0.0414976565	-0.1024214758	0.1073422654	0.0086924597810877	3.786715305409936e-05	1.4339212804225866e-09	7.555885704582721e-05	0.0714527833304714	-0.0218062272727763	0.0004755115478719	0.0051055002456712	-0.0156790913933804	0.0062865304622761	0.0002458339069219	3.9520465253125374e-05	-0.0003438859023594	-0.0004904995660919	2.4058982433634213e-07	1.1825751384153877e-07	-0.000666059181396	3.591701008430004e-05	4.436348331219096e-07	1.2900316133957111e-09	0.0003418856585331	1.7834024857399985e-05	1.1688580351061146e-07	3.180524426143605e-10	0.0	0.0	0.0	0.0	0.0	0.0	0.0	0.0	0.0	0.0	0.0	0.0	0.0	0.0	0.0
937.725043461649	1.2234915226813428	1.4969315060731108	879328.2571351514	1231.7979975844871	-1.370081306226666	1.877122785671768	1517326.306853152	858.82330757745	0.1306297276729537	737577.4736382713	0.01706412575191	918.6686873295494	864.5442593032508	1.136366	19.49229	0.1076199704621424	0.0485574586811598	0.0360776905	-0.0792828821	0.0654765463	-0.0007545789	0.0633222093	-0.0955333294	-0.039341731	-0.0425953107	-0.0743736564	0.1487529015	0.0278141633	-0.003478667	0.0278244387	-0.0413596388	-0.0713085712	-0.0025794228	-0.0906084739	0.0987666305	-0.1054296225	-0.0209595967	0.0802553805	-0.1111968797	-0.0217215562	0.0197950041	0.0586413372	-0.0480649467	-0.0384786975	-0.1329336497	-0.1087520258	0.1610937482	0.0289197117	-0.1655013756	0.0377222626	-0.1365225128	-0.1257130639	0.0809023319	-0.0329220887	-0.0960375895	-0.0217161409	0.0259992108	0.2043778619	-0.0709107502	0.0300171395	-0.0309682426	0.0609496639	0.0500865086	0.064076459	0.0252283806	0.099209539	0.036670299	0.1207361467	-0.0382238876	-0.0251309887	-0.0121941309	0.0308400276	-0.0237422748	-0.0505158729	-0.0581132225	0.1343654083	-0.0565333813	-0.0214289237	-0.0404878497	0.084637136	-0.0052423778	0.0326518535	0.108484734	-0.126816096	-0.0346113236	-0.0106215584	-0.1010313474	-0.0225797097	0.0203778626	0.0020109622	0.0577334204	-0.1168099692	-0.0257553032	-0.0166697869	-0.0081490318	0.1040215668	-0.0529943529	-0.070899436	0.0090943446	-0.0487058664	0.0465173573	0.1321262276	0.0236425496	0.0058060698	0.1282928381	0.0189525168	0.0987173675	0.0197722511	-0.0629504	0.0373308592	-0.037090885	0.0108047947	-0.0499661365	-0.0446835199	-0.098167988	0.1126387502	-0.0256930245576398	-0.0343854843387275	0.0011823615332088	0.0006601315109194	0.0575216152175528	-0.0139311681129186	0.0001940774449904	0.0033087362172362	-0.0465911561819467	-0.0309120647885663	0.0021707358343705	0.0009555557494925	-0.0004532566821117	-0.0001093707797523	1.1961967463626122e-08	2.0544161987890665e-07	-0.0009586160488328	-0.0002925568674368	9.189447290798092e-07	8.55895206844334e-08	0.0005077830757826	0.0001658974172494	2.578436520512377e-07	2.752195305005469e-08	0.0	0.0	0.0	0.0	0.0	0.0	0.0	0.0	0.0	0.0	0.0	0.0	0.0	0.0	0.0
936.6588015310472	-1.066241930601791	1.1368718545734344	877329.7104855776	1232.654742339163	0.8567447546759013	0.7340115746646703	1519437.7138112283	858.8631987810933	0.0398912036432648	737645.9942204917	0.0015913081281084	919.7583339451552	863.043236810698	1.095771	18.795961	0.0766691361681976	0.0480042450346436	0.0987548353	-0.1365971779	-0.0398415703	0.0209112227	-0.1041620458	-0.0775637662	0.0351010969	-0.0792826657	0.1030311418	-0.0397527073	0.0487581157	0.0327240101	-0.0602081021	-0.0136426583	-0.15814348	0.0199835657	0.0992850523	-0.0161069054	-0.0645381883	0.0027482932	0.0152316946	0.0119159644	-0.0436617144	0.0363891893	-0.1826785551	-0.0734093358	0.1063739262	0.0507748022	0.0740610055	-0.0604821697	0.0253831158	0.0496834237	-0.1064546394	0.050227665	0.0906680606	0.0431836109	0.0591445385	-0.0279782449	-0.0814055938	0.035190609	-0.1145999348	0.065435849	0.0664091873	-0.086783712	-0.0678767597	0.075327221	-0.0466468896	-0.1489069372	0.096847966	0.0037809554	-0.0131358768	0.0535896403	0.1243748881	-0.0525771544	-0.0375769378	-0.0094935352	-0.1244612187	0.0281099634	0.0025248769	0.077504411	0.0513165727	-0.0027323541	-0.0573807402	-0.0943141644	-0.066060533	0.0782217772	-0.0138540374	0.0336680567	-0.0279994083	0.0829243766	0.0345811708	0.0568824568	0.1005790177	0.0304320065	-0.0252735707	0.0323705751	-0.0739598297	-0.0774294876	0.0389924971	-0.0921575344	-0.0653367824	-0.0298279311	-0.0308631195	0.0649178629	-0.1192332737	0.0060011207	-0.093798615	-0.0183495406	-0.0499627194	-0.0958285974	0.0313512748	-0.0263143133	0.0991027286	-0.0984368818	-0.0280455957	-0.0151507948	-0.0478387595	-0.0936454286	0.1172407796	-0.0614419881007961	-0.0357489635431562	0.0012779883944099	0.0037751179017783	0.0528790215377625	-0.0046425936797903	2.1553676075628845e-05	0.0027961909187911	-0.0399553260334357	0.006635830148511	0.0015964280784381	4.403424175988758e-05	-0.0003439550943201	0.0001093015877915	1.1946837093764837e-08	1.183051069087489e-07	-0.0008810170920174	7.759895681540003e-05	7.761911164267958e-07	6.021598098838319e-09	0.0001018486444548	-0.0004059344313277	1.0373146377280262e-08	1.6478276253742436e-07	0.0	0.0	0.0	0.0	0.0	0.0	0.0	0.0	0.0	0.0	0.0	0.0	0.0	0.0	0.0
936.7762907223891	0.1174891913419742	0.013803710082191	877549.8188595981	1233.0901586359198	0.4354162967567845	0.1895873514813922	1520511.339324758	858.470369302841	-0.3928294782522243	736971.3749709562	0.1543149989839148	920.6318734101682	876.4891775282167	1.119152	19.197014	0.1346333509352058	0.0718319819746443	0.0139602993	-0.070929563	-0.1887557829	0.0573831263	-0.041475534	0.0307087027	-0.0308412378	-0.0317991213	0.0835378639	-0.1132992197	0.0295812762	0.0266320595	-0.0325546891	0.0269199613	-0.0333528728	0.0910850299	0.1143314592	-0.0544968437	0.0395513975	0.007522847	-0.0328858526	-0.0468461209	0.0040334288	0.0181257328	-0.1338434247	0.0374955666	-0.0650642044	-0.0053512212	-0.1606494682	0.0309894824	-0.0003895002	0.0643788856	0.0159774185	-0.0794117577	0.0562012585	0.0201585127	0.0451091963	-0.1799404373	0.0812565505	-0.0710388577	-0.0320298853	0.1428165185	-0.0653449291	0.126997028	-0.1866179753	-0.154250407	0.0201266575	-0.0786347563	-0.0053962476	-0.0637575767	-0.1260527343	-0.0144004597	0.0056770761	-0.0221756291	-0.0007390943	0.041075035	-0.0839804515	-0.0340349674	-0.0909536217	-0.0625031253	0.0121619966	0.0427416893	-0.0089681059	-0.0689836412	0.0615772592	0.0813685643	0.0125548673	0.0862952551	0.0476557175	0.0255163681	-0.0884415521	-0.0170395268	0.0105333707	0.0692003747	0.1055199216	0.0179613151	0.0517867588	-0.0831940426	-0.0828701646	-0.0122046024	0.0298342988	-0.0843585434	0.0641209716	0.0363554811	-0.0016996298	0.0503736719	0.0124878455	0.0869289655	0.0631993913	0.0758800744	-0.0249206129	-0.0338537317	0.0188491556	-0.3543156118	-0.0486078448	0.0088381566	-0.0509612127	-0.0888661936	0.1211199807	-0.0326917370451127	0.0287502510556834	0.0008265769357648	0.0010687496710267	0.1073856825419738	0.0545066610042112	0.002970976093828	0.0115316848150055	-0.0579408431745207	-0.017985517141085	0.0033571413077744	0.0003234788268322	0.0001200320583751	0.0004639871526952	2.152840778661989e-07	1.4407695037763417e-08	-0.0006849935277903	0.000196023564227	4.692161331146005e-07	3.8425237732295996e-08	9.404092669257692e-05	-7.807717762223072e-06	8.843695893198627e-09	6.096045665453365e-11	0.0	0.0	0.0	0.0	0.0	0.0	0.0	0.0	0.0	0.0	0.0	0.0	0.0	0.0	0.0
937.7257911663802	0.9495004439910416	0.9015510931391854	879329.6594186136	1232.4526748657229	-0.6374837701969227	0.4063855572644829	1518939.595783675	859.1821762646321	0.7118069617910123	738194.0120108293	0.5066691508541517	920.0264660515608	873.4868221420178	1.239251	21.257093	0.104109203512082	0.0507546463376297	-0.0868010781	0.0543592343	-0.0713770217	-0.0248679944	0.1576915783	0.0029612128	-0.0509997815	0.0456146837	-0.0672596968	-0.017963843	0.0047659797	-0.0519069387	0.0230916699	0.0563751875	0.1536083119	0.0985022824	-0.0782633303	0.1376030081	0.0915391694	0.0202666814	-0.0771420867	0.0794916153	-0.0520034186	-0.1038346326	0.0421577314	0.0358449614	-0.089155317	0.1023185108	-0.1727424538	-0.0253180904	-0.0068441198	0.0828610039	-0.0881803127	0.0514112304	0.1196432833	0.0782525481	-0.0591763873	0.1375518184	0.04991864	-0.0275429847	-0.0035633614	-0.04975064	-0.0211458303	-0.0244543003	-0.108354585	-0.0573738313	-0.0455979321	0.1420902766	-0.0447324411	-0.1078873335	-0.0285742111	-0.0877472834	-0.0597527519	0.0950352784	-0.0804850704	0.0551048467	0.0698052002	0.0301496158	0.0002641959	0.026286322	-0.0002614062	0.0524232508	-0.0590149783	0.0567561001	0.1042741966	0.0169217198	-0.0544180171	0.0338148427	0.0662272196	-0.0229310841	0.057024022	-0.0147615271	-0.1518622195	0.036486596	-0.0514900263	-0.022500491	0.0518445849	0.0037308168	0.0038758701	0.0604212336	0.0540660982	0.044019164	0.0458821052	0.128500461	0.0066391119	-0.0397647825	0.0035533743	0.0670970036	-0.0332931694	-0.0482715004	-0.1322494182	0.0840091022	0.1015014848	-0.0656715694	0.0102605793	0.037197418	-0.0540487397	-0.0838433825	0.1242524367	-0.0053780988670268	0.0273136381780858	0.0007460348305233	2.8923947423514947e-05	0.0808170204528124	-0.0265686620891613	0.000705893805208	0.0065313907948702	-0.0522269740531271	0.0057138691213936	0.002727656818746	3.2648300336415266e-05	-0.000290856178174	-0.0004108882365491	1.6882914293442917e-07	8.459731638198565e-08	-0.0009585457988081	-0.0002735522710177	9.188100484126584e-07	7.483084497899588e-08	0.0002998611015945	0.0002058201749019	8.991668024946707e-08	4.236194439665821e-08	0.0	0.0	0.0	0.0	0.0	0.0	0.0	0.0	0.0	0.0	0.0	0.0	0.0	0.0	0.0
938.919082227236	1.1932910608558132	1.423943555918392	881569.0429704351	1233.887056801536	1.4343819358130077	2.057451537786671	1522477.2689423566	859.5310964254764	0.3489201608443864	738793.7057223817	0.1217452786436724	919.961496841914	876.2451561907212	1.378495	23.645582	0.043669236216436	0.0249694989285803	0.0312505093	0.0404272144	0.1500914463	-0.0504536892	-0.0203944579	-0.0391159758	0.0209024646	-0.0520910694	0.0229046271	0.0593701136	-0.02293762	-0.0381358779	0.0042666557	0.0060804052	-0.1085729654	0.0860796509	-0.153954344	-0.0453968133	-0.1400751069	-0.1348754115	0.0054092815	0.0888040258	-0.0522655672	-0.050373055	0.1695934323	-0.0715613216	-0.003516821	-0.0850914651	0.2157970946	0.1127188401	-0.011633542	0.1960757851	0.0832351109	0.0181646356	-0.0038064783	0.0703535562	-0.1532924122	-0.2132745061	-0.1823452482	0.0962256794	0.0427982912	0.065259116	0.0561377531	-0.0076850411	0.1150265437	0.0824826789	-0.0224591391	-0.0805134553	0.0474992394	0.0133866313	0.130335793	-0.0749501039	-0.0560105019	0.0092334771	-0.0145617601	-0.0803769581	0.0634235256	0.0692402066	0.1150800403	-0.1620951874	-0.1971614038	-0.0547010072	-0.0699945278	-0.0326220173	-0.1930525254	0.0284814944	0.0376281945	-0.0872455561	-0.0735778623	-0.0727554244	0.0230673049	0.0808258418	0.162467547	0.0395125556	-0.0510184229	-0.0510379956	-0.0449010924	0.0192830108	0.1417623617	0.0237782968	0.0126921952	0.0045827519	-0.018652308	-0.0172092577	0.0678049995	0.0606442033	0.0319690448	0.0167871099	-0.0040097837	0.084182762	-0.0538206324	-0.0940790814	-0.1007001908	0.0307285649	0.1057996998	-0.1446851754	-0.0570992244	-0.0785907625	0.1266188352	-0.0068715083523755	-0.0014934094853486	2.2302718909294687e-06	4.721762703676625e-05	0.0644610221133774	-0.016355998339435	0.0002675186816796	0.0041552233719013	-0.0579791186514597	-0.0057521445983325	0.0033615781996	3.3087167480126905e-05	-0.0001819962250376	0.0001088599531364	1.1850489396859208e-08	3.3122625927936744e-08	-0.0009580002934423	5.455053658000048e-07	9.177645622355328e-07	2.9757610411659705e-13	7.912884230305758e-06	-0.0002919482173641	6.261373684222154e-11	8.52337616221308e-08	0.0	0.0	0.0	0.0	0.0	0.0	0.0	0.0	0.0	0.0	0.0	0.0	0.0	0.0	0.0
938.90662204405	-0.0124601831860218	0.0001552561650292	881545.6449181685	1230.262959197073	-3.624097604462804	13.134083446673037	1513546.9487723392	859.0249033644047	-0.5061930610717127	737923.7846002249	0.2562314150771506	919.8245621278858	885.6727567384569	1.201551	20.610415	0.121242377122931	0.0782063080288281	0.1439057738	0.0377061609	-0.0001675251	0.0911101326	-0.0137257047	0.0700959275	-0.0262623126	0.0282576095	0.107406262	-0.0310902981	-0.0154163343	-0.0139941321	0.0743673206	-0.0376139679	-0.1023182622	0.095463022	-0.0185721659	-0.0406258009	0.1013078666	-0.086360758	0.0594182701	0.0557074919	-0.0441505799	0.0633025327	0.018358214	0.0585787942	0.0587874737	0.1197647115	-0.0625504231	-0.1086373493	0.1174511013	0.1406284273	0.0904032064	0.1109941885	-0.0303669934	0.0410214842	-0.023572635	0.0253850126	-0.0035360578	-0.1720160677	0.1380477484	-0.0303966289	0.163951581	0.0099225005	0.1323498607	0.0729466837	0.0274383632	-0.084948907	0.0137182819	0.040902879	-0.0719513714	-0.1308795805	0.1292006499	-0.0440652938	0.0409778609	0.0025772988	-0.0895570464	0.0594922723	0.0185748081	-0.0003097159	-0.0083141205	0.0110744415	-0.0515956485	0.0311729155	-0.0436702311	-0.0584690498	0.0015282766	0.0707681464	-0.0275615521	0.0727867382	0.0249891411	-0.1085034252	-0.0036748118	0.0329066609	0.1120668166	-0.0637601513	-0.0290369245	-0.1106095094	0.1245103244	-0.0542463945	0.0231600999	-0.0706172191	0.0249595355	-0.038065404	-0.0703068954	-0.013399005	-0.0193604651	0.0308670519	-0.0994673574	-0.0584239826	-0.0469534029	0.0806346715	0.0499379523	-0.0448458436	0.0192063016	0.1355001815	-0.0601105761	-0.0731227308	0.1282045865	-0.0126468253302931	-0.0057753169779176	3.335428619542329e-05	0.0001599421909349	0.1264745202954884	0.0620134981821109	0.0038456739567826	0.0159958042839739	-0.0151057462903025	0.0428733723611572	0.0002281835709869	0.0018381260576184	-0.0003929967416736	-0.000211000516636	4.452121802065891e-08	1.5444643896606628e-07	-0.0009580022185371	-1.925094800041792e-09	9.177682507220056e-07	3.7059899891479476e-18	7.311533926199936e-06	-6.013503041058215e-07	5.3458528353972645e-11	3.6162218824816404e-13	0.0	0.0	0.0	0.0	0.0	0.0	0.0	0.0	0.0	0.0	0.0	0.0	0.0	0.0	0.0
937.923299437164	-0.9833226068859632	0.9669233492130064	879700.115627096	1237.038182668975	6.775223471901882	45.903653094210185	1530263.4653809604	858.5571363230081	-0.4677670413966552	737120.3563311643	0.2188060050169802	921.6888810264328	883.5397176399506	1.167018	20.018076	0.0462453409834117	0.0315869511157343	0.0297069258	0.0574178179	-0.108472328	-0.0590190304	0.0883270581	-0.0148571274	-0.1095404734	0.0067888517	-0.0585157371	-0.1335789078	0.112917904	-0.019972557	0.0056438651	0.0071474317	0.0949763215	0.0361102187	0.05964357	0.1366064204	0.084968734	-0.0641701049	0.1249249621	0.0256273418	-0.0573451829	-0.0273747104	-0.1141954298	0.0841780834	0.0042567673	-0.0160595766	0.0075304029	0.0423674291	-0.0082529364	0.0053604205	0.0373481264	0.143154128	-0.013309926	0.0545845053	0.0043494521	0.0051223829	0.1301732678	-0.0184461708	0.0538736011	-0.0620310853	0.014103523	-0.2613738721	0.0300155621	-0.0202605595	0.1391586352	0.1275583746	0.0462070425	-0.0810292261	-0.1099980174	-0.0275171694	0.0878511726	-0.0394430263	-0.0427781327	0.066567241	0.0280511521	0.0381703199	-0.0432047041	-0.0358357938	-0.0305200564	-0.0423506541	-0.0714741594	-0.0279141136	0.0368636142	-0.0640463277	-0.0889651314	0.052687939	-0.0356745797	0.0930920538	0.1119417821	0.1223960448	-0.1350381495	-0.000860891	-0.032422225	-0.0369950372	-0.0528274849	-0.1446425394	-0.009620545	0.0299905093	0.1260116274	0.0314640798	0.0381834177	-0.0625941387	-0.0856840835	0.0752671288	-0.1149882441	-0.0794003429	0.0292244041	-0.0610130337	0.0397032945	0.0334716897	0.0374724455	0.1426684724	-0.020994645	0.0418082969	-0.063080731	-0.0674542747	0.1289999139	-0.0128169964941662	-0.000170171163873	2.8958225013925227e-08	0.0001642753991314	0.0992825232102347	-0.0271919970852536	0.0007394047054844	0.0098570194149907	-0.0151340647498585	-2.831845955600029e-05	0.0002290399158529	8.019351516248241e-10	-0.0006679968125315	-0.0002750000708579	7.562503897185005e-08	4.46219741552244e-07	-0.0008560025030934	0.0001019997154437	7.327402853021662e-07	1.0403941950595776e-08	7.2142347332200736e-06	-9.729919297986248e-08	5.20451827859989e-11	9.46713295453252e-15	0.0	0.0	0.0	0.0	0.0	0.0	0.0	0.0	0.0	0.0	0.0	0.0	0.0	0.0	0.0
937.7362830909346	-0.1870163462293703	0.0349751137569837	879349.3366252015	1234.09478708903	-2.9433955799449905	8.663577540039707	1522989.9435203185	859.144432178442	0.587295855433922	738129.1553432175	0.3449164218098622	920.543739899852	879.2572725419518	1.269042	21.768108	0.066772415799843	0.0438266345648459	-0.0530984562	0.0855321735	0.0163877726	-0.0958318405	-0.1143864991	-0.0448440543	0.0206435108	-0.0156276788	0.0366784003	0.0549216857	0.0341624802	-0.0150917937	-0.0156421669	0.0109441495	0.0532156548	0.0155805981	-0.0802166046	-0.106806141	-0.0865642945	0.0649254879	0.0884278797	-0.0322007617	-0.0738207728	0.014538254	-0.0279596021	0.0290750935	-0.0527531256	0.0632426078	-0.0066140794	-0.0817877945	-0.0691856577	-0.0253491701	0.2425547659	0.0219381978	0.0053334448	-0.0020793783	0.0163387921	0.0390616085	-0.0450814338	-0.0122683945	0.0920561657	-0.1760043967	-0.1065172045	0.0444060348	-0.0162519772	-0.0016107425	0.0578145152	-0.0295753992	-0.0820646084	-0.0221865953	0.0744361841	0.0421151326	-0.0066456816	-0.0558667621	0.0010037339	0.0813091427	-0.0127692022	0.1090291615	-0.0523232703	-0.1247586675	0.0298536222	-0.0930183239	0.0443703893	-0.0684002476	-0.0995141257	-0.1670470175	-0.0343893447	0.0401820404	0.0851358528	0.041054736	0.1269025303	-0.120286134	0.1313687548	0.0035514759	-0.0504604622	-0.0773013815	-0.0748183799	0.0151540255	0.0640450006	0.1338388818	0.1874685196	0.0748066686	0.0195037293	-0.0140165745	-0.0942324699	0.0120879108	-0.0425065759	-0.0297493189	-0.1007508796	-0.2830135163	0.1606253961	-0.1618133365	-0.1287889565	0.2360901551	-0.0788700657	0.2084466897	-0.0660076536	-0.0616009311	0.1289999139	-0.0085521574967515	0.0042648389974146	1.818885167386922e-05	7.31393978492429e-05	0.0604045410526339	-0.0388779821576008	0.0015114974966467	0.0036487085797793	-0.0153799131152538	-0.0002458483653952	0.0002365417274327	6.044141876754044e-08	-0.000294996740464	0.0003730000720675	1.3912905376236018e-07	8.702307688438458e-08	-0.000762001481775	9.400102131839998e-05	5.806462582272957e-07	8.836192008902287e-09	7.888066935964153e-06	6.738322027440794e-07	6.22215999862509e-11	4.540498374549381e-13	0.0	0.0	0.0	0.0	0.0	0.0	0.0	0.0	0.0	0.0	0.0	0.0	0.0	0.0	0.0
936.3865748378493	-1.349708253085396	1.821712368446831	876819.8175365591	1228.6178240689364	-5.476963020093535	29.9971239234721	1509501.757619888	858.063091639558	-1.0813405388839783	736272.2692340366	1.1692973610338926	919.1726044871664	877.8371490478515	1.083455	18.584694	0.1777339973712681	0.1092565700045237	-0.0609546785	0.0930087511	0.0870499658	0.1083613039	-0.068443278	-0.0297919309	0.0723132408	0.139867187	0.0425924535	-0.0185418777	0.0315659049	-0.0493243132	0.0074764054	-0.0916773129	0.0365589559	-0.1140240631	-0.0772759896	-0.1136747933	0.030041912	-0.0062192013	0.082555659	-0.0051527886	0.0566450056	0.1416008218	-0.0881001571	0.0320046313	0.0986407439	0.0356754649	0.0613553905	0.0192370528	0.0370353441	-0.0540801147	0.0928012581	0.028486819	0.0505324552	-0.0345230362	0.1622342034	-0.1079381432	-0.1181024299	-0.1751390071	-0.0351087471	-0.1546720217	-0.1366044439	-0.0312203184	0.0758729559	-0.0450601073	-0.0206145417	0.0397928914	-0.1400351609	0.1119273737	0.0108938271	-0.0034670519	0.112517153	-0.0563994604	0.0942156536	-0.0217961392	-0.0581967006	0.0737264638	-0.0529586761	-0.0284115061	0.0592815743	0.0385933972	-0.0307769774	-0.07757499	0.0216784847	-0.0655061117	0.171106015	0.0952158001	-0.0897763854	0.0034683864	0.0804436092	0.0575864639	-0.027527165	-0.0286720821	0.0902474942	-0.1317622169	-0.1188781265	0.0325891057	0.1468115893	0.0575702027	0.1786502918	-0.0037480719	-0.0798759793	-0.1234774485	-0.08089038	0.0569562239	-0.0409311181	-0.0723717462	-0.008598725	-0.0065315179	0.066146953	-0.0346444946	-0.1033871085	0.0766569006	-0.1220857588	0.2060021276	-0.0688893378	-0.0555787436	0.1282045865	-0.0129516800309801	-0.0043995225342286	1.9355798529185243e-05	0.0001677460156248	0.1469208856124453	0.0865163445598113	0.007485077875992	0.0215857466291452	0.0210414919712462	0.0364214050865	0.000442744384376	0.0013265187484749	-0.0011800409086305	-0.0008850441681665	7.83303179605532e-07	1.3924965460414963e-06	-0.0007479406576531	1.4060824121899938e-05	5.594152273705518e-07	1.977067749870032e-10	-0.0001009414445902	-0.0001088295115261	1.0189175235956417e-08	1.1843862579023496e-08	0.0	0.0	0.0	0.0	0.0	0.0	0.0	0.0	0.0	0.0	0.0	0.0	0.0	0.0	0.0
935.4041588489972	-0.9824159888520398	0.9651411751521312	874980.940392	1232.6174074577564	3.9995833888199286	15.996667284124303	1519345.6731678806	857.5285777216372	-0.5345139179207763	735355.2616092941	0.2857051284510183	919.3484759837008	867.4780313505544	1.383397	23.729656	0.1833915035151938	0.1081386111013627	0.0216495761	-0.0096897083	0.1013769407	0.0042805237	0.1835352185	-0.0363031173	-0.048884884	0.0332174307	-0.0996550861	-0.0019161777	0.0467789317	-0.0133051156	-0.1332562849	-0.0342401486	-0.0115573026	-0.0881960478	-0.0372204844	0.1774419277	-0.0713854452	0.0109476524	-0.103038774	0.0541961443	0.0077992803	0.1414481363	0.0180807749	-0.0687019386	-0.1928441204	0.0789979304	0.0523150082	-0.0509593453	-0.1079583746	-0.0734456349	0.0180257471	-0.0335652515	0.0396196156	-0.0868250897	0.0034390781	0.008160552	-0.0059330901	0.0765246154	-0.1322169313	-0.0733080321	-0.028231701	-0.27953316	0.1594779548	0.0908314691	-0.0412307505	0.1364108697	0.1265778857	0.0650565385	0.0546225256	0.0215552847	-0.0615488969	0.043174524	-0.0344270916	-0.0767153844	0.0192974367	-0.1103978137	-0.0086486446	-0.0750191295	-0.1454196848	0.1127794166	-0.0866958344	-0.0714268102	0.1292908327	-0.0212695934	0.1127677715	-0.050953157	0.1172670881	0.0783441175	0.1397681354	-0.0359666278	-0.1318954382	-0.0008061382	-0.1262138653	0.0479512674	0.0330768177	0.0215790415	0.11127191	-0.0527329398	0.1210141483	0.0299177294	0.0596754485	-0.1944047833	0.0077585479	0.1478132086	0.08983907	0.0240419624	0.0812745063	-0.0654816171	0.0025385507	-0.0166728442	-0.0311146976	-0.0264948819	0.0414369337	-0.1428238966	-0.0717238087	-0.0494042187	0.1266188352	-0.001879629420415	0.0110720506105651	0.0001225903047229	3.533006758089629e-06	0.0865696138479421	-0.0603512717645031	0.0036422760035929	0.0074942980417818	-0.056363637046374	-0.0774051290176202	0.0031768595810953	0.0059915539982344	-0.000684996964839	0.0004950439437915	2.450685062846419e-07	4.692208418386423e-07	-0.0008360027792908	-8.806212163769999e-05	6.989006469819421e-07	7.754937267333071e-09	7.213532430706674e-06	0.0001081549770209	5.2035050128856937e-11	1.1697499054392852e-08	0.0	0.0	0.0	0.0	0.0	0.0	0.0	0.0	0.0	0.0	0.0	0.0	0.0	0.0	0.0
940.0233488123924	4.619189963395229	21.33691591793121	883643.8963124648	1233.9446285825786	1.3272211248222447	1.7615159141744243	1522619.346407798	859.9287910248789	2.400213303241685	739477.5256335099	5.761023901058361	919.1415176094738	870.7104317973843	1.57868	27.079382	0.079354469330212	0.0501942280773973	0.1539739287	0.014194785	0.0368488424	-0.1241522028	-0.0205490277	0.1379034004	0.0320745024	-0.210734042	0.0391720815	0.0787045107	-0.1915411185	-0.0607515516	0.0865365727	0.1300184104	-0.072288921	0.2149245087	-0.0071729975	-0.0719858747	-0.0430734866	-0.0575561848	-0.0317585251	-0.0165283519	0.0807415417	0.0018419816	0.0702952772	-7.31859e-05	-0.0455143953	0.041207003	-0.0203076398	-0.1206338162	-0.1527708784	0.014652698	-0.1179356126	-0.1301506153	-0.1309580089	0.021847428	0.212567098	0.0073219154	0.0355362057	0.1494220247	-0.020824689	-0.0567312082	0.1171680257	0.180722361	0.1879049989	-0.0133342695	0.1027099668	-0.1891913899	0.0496571692	-0.1460739695	0.0603140359	-0.1199406829	-0.1094992352	0.0860540833	0.0950072221	-0.1082860044	0.0155142849	-0.0459108179	0.0499615104	0.0673312711	-0.0336348451	-0.1150117958	0.0408744565	0.0531360235	-0.0639211502	-0.1482745475	0.0307676971	-0.0149111889	0.0404246472	-0.0218552549	0.0703192663	-0.254598717	0.1304776872	-0.0145889416	0.0321358297	0.0560806382	-0.0072263851	-0.1372483024	0.0323475342	-0.0052438294	0.0160777973	-0.0092207602	0.128754062	-0.0608028309	-0.0963786338	-0.086851137	0.1616442529	0.1324039591	0.1652142631	-0.0562676741	0.0448420517	-0.0064066374	-0.0324360641	0.0663984319	0.1872929959	-0.1504737702	-0.0745091236	-0.0430942802	0.1242524367	-0.0215266290301912	-0.0196469996097762	0.0003860045936665	0.0004633957574034	0.0865522978233457	-1.7316024596397694e-05	2.9984470782304996e-10	0.0074913002585011	-0.076665042592225	-0.0203014055458509	0.0058775287556676	0.0004121470671371	-1.999614205994399e-05	0.000665000822779	4.422260942968215e-07	3.998456972814611e-10	-0.0009580000511095	-0.0001219972718186	9.177640979258044e-07	1.4883334331205752e-08	7.990400832719262e-06	7.768684020125874e-07	6.384650546752067e-11	6.035245140455911e-13	0.0	0.0	0.0	0.0	0.0	0.0	0.0	0.0	0.0	0.0	0.0	0.0	0.0	1.0	0.0
943.35768405283	3.3343352404375537	11.11779149562376	889923.7200615191	1229.7881897435043	-4.156438839074326	17.275983822965532	1512378.9916326052	860.3891621975596	0.4603711726806523	740269.5104270185	0.211941616635359	919.4936316650798	904.2296779879564	1.66376	28.538776	0.1357116067931435	0.0826943213508195	0.0629966216	0.2822760378	0.0046427891	0.1078298595	-0.0031081571	0.0022687478	0.0387604222	0.0519230415	0.0447574379	0.0259606604	-0.0854584358	-0.0912106617	0.107243049	0.0412156649	0.067467318	0.1338089822	-0.1400025718	0.0010476755	0.0963898455	0.0653637191	0.0068787507	-0.0220025794	-0.0351891411	-0.0012675062	-0.1222500272	-0.0336317855	-0.0996173621	0.0609150217	0.0890963456	-0.1077019477	-0.0206436794	0.00225376	0.041037431	0.1101099958	0.0636298913	-0.193400185	0.0918986116	-0.2336982174	-0.0677121798	0.0324479488	-0.0202493153	-0.0943181131	0.0367463229	0.1405025621	0.0379073939	-0.0877091026	0.1674281655	0.0070729268	-0.1288531345	-0.062704433	0.0135556408	-0.1976397375	0.0260041215	0.1038588725	0.0316719687	0.0897910015	-0.0401497703	-0.005815998	0.0215439605	0.0417846754	0.034703675	0.0128206643	-0.0627616524	-0.0661901113	-0.077958621	-0.1084558689	-0.0092181365	0.086005589	-0.1310725517	0.0882022715	0.0834138008	-0.0482822704	-0.0570092872	-0.0343162405	0.1124378733	0.0041843043	-0.0781368292	-0.0608871153	0.1950944232	0.1848623614	0.097124255	0.0162474197	-0.0413624707	0.0965307399	-0.1137193384	0.0261158633	-0.0031147353	0.0916851508	0.0599187726	-0.0030280169	-0.0483185153	0.125855068	-0.1038098131	-0.0692683505	-0.0080719995	0.0030875655	-0.0772433738	-0.0366662233	0.1211199807	-0.0315508817188145	-0.0100242526886232	0.0001004856419653	0.0009954581372346	0.1520739737386094	0.0655216759152637	0.0042930900147448	0.0231264934886512	-0.0476894540896495	0.0289755885025754	0.0022742840313687	0.0008395847290705	-0.0006429967940028	-0.0006230006519428	3.881298123212236e-07	4.134448770978792e-07	-0.0009580027160691	-2.6649596000013352e-09	9.177692039957726e-07	7.102009669639275e-18	7.19192400155499e-06	-7.984768311642714e-07	5.1723770844142735e-11	6.375652499061366e-13	0.0	0.0	0.0	0.0	0.0	0.0	0.0	0.0	0.0	0.0	0.0	0.0	0.0	0.0	1.0
941.9427754863711	-1.4149085664588483	2.0019662514386334	887256.1922909681	1228.183681164366	-1.6045085791383826	2.574447780528672	1508435.1546784528	859.0383775045508	-1.3507846930087908	737946.9340256511	1.8246192868668527	919.659584100542	900.3193728659651	1.295406	22.220333	0.113027225077307	0.0728341646450775	0.1632389905	0.2211204193	0.1261710323	0.0344053868	0.1195822432	-0.1494411352	0.0015926141	-0.0016263492	-0.1142862694	0.1457781806	0.1102117664	0.0513341579	-0.024882482	-0.0562140762	-0.0246043577	-0.0880509962	-0.1128473291	0.1752579926	-0.0431041519	0.1348671859	0.0690259544	-0.1477583267	0.031818251	-0.0598524343	-0.0072110181	-0.0501570133	-0.0524409375	0.0512154374	0.1008164564	-0.1517305102	0.0248276237	0.0679618303	0.1759811971	0.1489945617	-0.1010478167	0.0610306638	-0.1117358878	-0.0331336876	-0.0539430091	0.0028903729	0.0579795139	0.0024433216	0.0213539883	-0.1090428658	-0.0614025668	-0.1606567755	0.0829312987	0.10440801	0.0800078775	0.0426069471	0.1487591926	-0.0037043899	0.096106803	0.0912755187	0.0001423912	0.2118240767	0.0291917357	-0.1503633769	-0.0427030986	-0.1353199237	-0.1008367527	-0.0398229824	0.0356801813	-0.0458809484	-0.140526771	-0.0499810311	-0.1462459975	0.0247683794	-0.124155785	0.0522237271	0.1599280661	0.0505165891	-0.0908537561	-0.0756608918	-0.1239132018	0.1081242246	-0.0961787302	-0.073269449	0.2155097506	0.0831466115	0.0515572924	-0.0819333155	0.0332364059	0.0563315296	0.1145954655	0.0542580086	0.05826262	-0.0634655581	0.0659271283	-0.006189814	0.0279530066	-0.0184824904	-0.0193934242	-0.0045913203	0.0805567159	-0.0833351665	-0.0799246852	-0.0301376669	0.1172407796	-0.0316655569943975	-0.000114675275583	1.3150418830037557e-08	0.0010027074997654	0.08873417440752	-0.0633397993310894	0.0040119301793026	0.0078737537077841	-0.0763446677490264	-0.0286552136593769	0.0058285082937092	0.0008211212698645	-0.0004471028534106	0.0001958939405921	3.8374435960740384e-08	1.999009615279005e-07	-0.0009579519480036	5.0768065500009577e-08	9.176719346838918e-07	2.5773964746132628e-15	-0.0002152141035659	-0.0002224060275674	4.631711037367393e-08	4.9464441098335546e-08	0.0	0.0	0.0	0.0	0.0	0.0	0.0	0.0	0.0	0.0	0.0	0.0	0.0	0.0	0.0
938.940826824143	-3.0019486622281875	9.011695770653604	881609.8762772052	1232.8676113706647	4.683930206298783	21.93920217747816	1519962.5471668085	858.7703311031346	-0.2680464014161998	737486.4815829875	0.0718488733121745	920.392897278816	892.7264777972543	1.426263	24.464952	0.0861891006683261	0.0557576761185939	0.2270423482	0.0883818088	0.0560207345	0.0199979971	-0.1179001596	-0.0036516574	0.0550299748	-0.0993676721	0.1772220672	-0.0374649881	0.1012166932	0.11022307	-0.0877244179	-0.0922963618	-0.1217470801	-0.0135734607	0.0813533671	-0.0486865394	-0.0025052932	0.046664813	0.0793829846	-0.1206953731	-0.1014092893	-0.0405210915	-0.0209735536	0.0333094722	0.1506532069	-0.0032509451	0.0202263248	-0.0502103872	-0.0260106387	0.0475905487	-0.016396649	0.141485264	0.0096978922	-0.0492998493	-0.0173690169	0.0807057291	0.106047168	-0.0007093048	-0.0728827589	-0.0246480601	-0.0055684504	-0.0482320233	0.0347416476	-0.0355117949	-0.1146136575	-0.1858597398	0.0135588813	0.0016784731	-0.0120833471	0.0495378385	0.1670906042	-0.051263343	-0.0907094133	0.1372248447	-0.0320417722	-0.0410830431	-0.143466746	0.0316021717	0.0809574378	0.0397874525	0.0146789152	0.1604931344	-0.1159936275	-0.0468729134	-0.0737031062	-0.0030842007	-0.0365184901	2.19929e-05	0.0606568264	0.1200896136	0.1201298429	-0.0269100581	0.0723287827	0.0451155165	-0.0966017937	-0.1399964886	0.1392968492	0.0067404812	-0.0065493261	-0.1126728073	0.0423117547	-0.0410948141	-0.0698195057	-0.0281326228	0.0705464961	-0.1593899442	-0.1021664099	-0.0860808866	0.0137667668	0.1655462737	-0.0185959651	0.0270314379	-0.0391417532	-0.0170541503	-0.0825512202	-0.0235265052	0.1126387502	-0.0315835800021346	8.197699226290128e-05	6.720227260471777e-09	0.0009975225257512	0.1293328719876143	0.0405986975800943	0.0016482542451999	0.0167269917765646	-0.0785800096099649	-0.0022353418609385	0.0061748179103021	4.996753235264009e-06	0.0001950039081782	0.0006421067615888	4.1230109327805604e-07	3.8026524204771864e-08	-0.0009579992900059	-4.734200230005047e-08	9.177626396518084e-07	2.2412651817779843e-15	8.093477543609262e-06	0.0002233075811095	6.550437874890742e-11	4.9866275780980064e-08	0.0	0.0	0.0	0.0	0.0	0.0	0.0	0.0	0.0	0.0	0.0	0.0	0.0	0.0	0.0
937.8136292002004	-1.1271976239426067	1.2705744834218582	879494.4031136509	1231.4855007287229	-1.3821106419418356	1.910229826568873	1516556.5385050732	858.333883738438	-0.4364473646966189	736737.0559735104	0.1904863021506234	921.075402065275	891.5442905947459	1.309163	22.456306	0.0621757361940936	0.0391238869289007	0.0698381206	0.0543233616	-0.173588499	0.0261283233	-0.0206548645	0.0170240679	-0.1137692603	0.037769737	0.0300343364	-0.194485311	-0.0817659196	0.0778630229	-6.41647e-05	-0.0839888518	0.0245643601	0.0461160349	0.0817482465	-0.0295172055	0.0745283483	0.0380244599	-0.0547252348	-0.0124408543	0.0479202598	-0.0713177572	0.0005127698	0.1455888609	0.0535700196	-0.0306750516	-0.0241705403	-0.2177363177	-0.1953665083	0.0194124473	0.1993957821	-0.0644991741	0.033221479	0.0555488343	-0.0677606844	0.0493208531	0.0289655419	0.1472449735	-0.0415414962	0.0610620767	-0.2563248797	-0.0661423075	-0.1271043786	0.1452628887	0.0901779256	0.031403495	0.0135808651	-0.0103629844	-0.1759320581	-0.0054583653	-0.069205928	0.0091080143	0.058503879	0.0137360816	-0.0196053593	0.0011756363	-0.2253817968	-0.091627814	-0.0316016093	-0.0549339026	0.0621930832	-0.0444553285	-0.2145726523	-0.0372351483	-0.0273317801	0.002792862	0.0508979303	0.1713325146	0.023085003	-0.0082846182	-0.031473219	-0.0151720259	0.1043494422	0.0858707773	-0.0388335124	-0.1159633442	-0.0088901922	0.0859162472	0.0889124525	-0.0078534406	0.0350735717	-0.0875882094	-0.1366873577	0.051016017	0.1221837259	-0.0276195168	0.0401923797	0.0371250819	-0.0241851103	-0.0384030567	-0.0266793545	-0.150420001	-0.0726801753	-0.0918511488	-0.0851211787	-0.016850859	0.1073422654	-0.0295679570723024	0.0020156229298321	4.062735795265338e-06	0.0008742640854295	0.1454510288595685	0.0161181568719541	0.0002597949809489	0.021156001796307	-0.0680260236592147	0.0105539859507502	0.004627539894884	0.0001113866194486	-0.0003849967284894	-0.0005800006366676	3.364007385348214e-07	1.482224809475408e-07	-0.0008690010598269	8.899823017899996e-05	7.551628419802755e-07	7.920684974994258e-09	7.332935559067449e-06	-7.605419845418135e-07	5.3771943913435836e-11	5.784241102508001e-13	0.0	0.0	0.0	0.0	0.0	0.0	0.0	0.0	0.0	0.0	0.0	0.0	0.0	0.0	0.0
936.9382917030306	-0.8753374971697667	0.7662157339514314	877853.3624593932	1225.2083576549182	-6.277143073804609	39.40252516901318	1501135.519667462	857.46775424919	-0.86612948924801	735250.9495771492	0.7501802921450187	918.2442859863824	876.592479211821	1.257667	21.572996	0.1907770785422564	0.1075552145207229	-0.0885845877	0.1008120061	-0.0604732844	-0.0482129441	0.0458416326	-0.1002318847	0.020868855	-0.0207291547	-0.16236035	0.0083203903	0.0625210534	0.0595382335	0.0349205089	0.0468192307	0.1344277073	-0.0529763207	0.0317089022	0.0316179048	-0.0731523642	0.0440731759	-0.1334074603	0.0202593079	0.0194297108	-0.0552407905	0.0614054152	0.0383323294	-0.0016495356	-0.1144148751	0.0083155876	-0.0343124955	-0.0533356526	-0.0020913117	0.034371112	0.0877901808	0.0732850765	0.0377688226	0.1640512345	-0.158419865	-0.0895566293	0.0029869792	0.0032928541	-0.0038770682	-0.0321719729	-0.0181768593	0.0581590249	-0.1684797666	-0.2147758714	0.1375145033	0.0003115254	-0.0654117906	0.041094486	0.1213645688	-0.1363511288	0.0204479641	0.0086520497	-0.0179209105	0.0659903545	-0.0282291729	-0.0046367096	0.0211316549	0.0451122344	0.0630139481	0.0192736739	-0.0158431114	-0.0585675016	0.0284195991	0.1160938478	0.0250606494	-0.0100122391	0.1188022261	0.0484118452	-0.0306779904	-0.015346862	-0.0215157897	-0.1099198809	0.1219443537	0.0259053138	0.0226492059	-0.0617945255	0.1154613077	0.0502649251	-0.0185251773	0.1305489494	0.1159666704	0.0276842928	-0.010838861	0.2610956057	-0.0088274302	-0.0851088074	0.0872870718	-0.0346112323	0.0373501109	0.0882513784	-0.1877435943	-0.0212877076	-0.0161245383	-0.0876327994	-0.0101290257	0.1013839798	-0.0189322465613202	0.0106357105109822	0.0001131183380734	0.0003584299598586	0.0693921774884529	-0.0760588513711156	0.0057849488718934	0.0048152742965889	-0.1148186527047983	-0.0467926290455835	0.013183323008945	0.0021895501329975	0.0004560019986232	0.0008409987271126	7.072788590050135e-07	2.079378227483529e-07	-0.0005649980763007	0.0003040029835262	3.192228262234916e-07	9.241781399283108e-08	8.128977211767818e-06	7.960416527003696e-07	6.60802705094405e-11	6.336823128339358e-13	0.0	0.0	0.0	0.0	0.0	0.0	0.0	0.0	0.0	0.0	0.0	0.0	0.0	0.0	0.0
935.6736549048536	-1.26463679817698	1.5993062313033235	875485.188483007	1233.9360162445994	8.727658589681141	76.17202445803501	1522598.0921855925	858.5607520266121	1.0929977774221695	737126.5649205018	1.194644141449803	921.2957511592268	873.7395994008016	1.283523	22.016508	0.0598735813823149	0.0359657349537819	-0.0366522902	-0.0181527854	0.1176019673	0.037355561	-0.0793311513	-0.0114413524	0.1377996615	-0.0263873643	-0.0035281827	0.0362963097	-0.0413417845	0.0049422749	-0.0415092584	-0.1173439007	-0.0825189863	-0.0428558343	-0.0739540371	-0.0875310898	-0.0431073088	0.0667120929	-0.1540886707	0.0852264378	0.0666153093	-0.0453411081	0.1385025018	0.1491424975	0.1171935635	0.0033020994	0.0610078332	-0.043156009	0.1095775828	0.0220152554	0.0016816341	-0.0482427913	0.0327558771	-0.0982832453	-0.1087666475	0.0664403929	0.0925965837	0.2554499012	-0.123054572	-0.0318798838	-0.0411351933	-0.034960357	0.054154754	-0.0183034759	-0.0636806158	-0.0899834775	-0.0329627342	0.1113875461	0.0633455453	0.1304784984	-0.1262573618	0.1432621851	-0.0265203561	-0.0934963483	0.0790562383	0.0447900403	-0.0457247535	-0.0548379784	-0.0422605345	-0.0740899759	-0.1660962194	0.0564604203	-0.0800361357	0.113253391	0.1028714228	0.0305152329	0.0945155598	0.0341437757	-0.1054849701	-0.0877346777	0.1043992717	0.0010129315	0.0184943285	0.1595155829	-0.0094221233	0.1373260058	0.0345444146	-0.0109284819	0.0445228606	-0.0047790344	0.0079839299	-0.0490915437	0.0806100256	-0.0074296217	0.1772110064	-0.1196959213	0.0623524874	0.0808810476	-0.0006139294	-0.1240481747	0.090346684	0.055007205	0.0267823156	0.0049876505	-0.090084361	-0.0033794295	0.0948006283	-0.0505109509214349	-0.0315787043601147	0.0009972145690635	0.0025513561629876	0.0694263368966119	3.415940815899854e-05	1.1668651657730561e-09	0.0048200162548818	-0.1244738746056128	-0.0096552219008144	0.0154937454593338	9.322330995396793e-05	0.0006080029606658	0.0001520009620426	2.310429246187593e-08	3.6966760017837845e-07	-0.0007849975378682	-0.0002199994615675	6.162211344591361e-07	4.8399763089989936e-08	8.2384678662022e-06	1.094906544343811e-07	6.787235278244623e-11	1.1988203408469056e-14	0.0	0.0	0.0	0.0	0.0	0.0	0.0	0.0	0.0	0.0	0.0	0.0	0.0	0.0	0.0
936.9225036356412	1.2488487307875855	1.559623152389764	877823.7778188781	1234.2241780598958	0.288161815296462	0.0830372317949522	1523309.3217076254	859.6602644394075	1.0995124127953204	739015.770256032	1.2089275458909872	921.4763342543004	873.3671895418236	1.108524	19.014713	0.0963074024593736	0.0557093505235454	0.0513403448	-0.0963676479	0.0119679919	0.0721872288	0.0210310058	0.175001631	-0.0041388917	0.0289907173	0.0321339942	0.0265491867	-0.1545932098	-0.0042643847	0.0374591438	-0.0984447512	-0.1100912225	0.1392951882	0.0265050994	-0.0686914242	0.1388486467	0.0416145276	-0.1055976365	-0.0393616765	0.1057929688	0.102312749	-0.0931073137	0.0259787526	0.1894319426	0.0186554733	0.083034809	-0.0642200195	0.1304855015	0.1087403203	0.0099259993	-0.0734153772	0.0407613636	0.0251712336	0.1059481249	0.0791004257	-0.1316787655	0.017440084	-0.1205331058	0.0594340962	0.0381001004	-0.0471584206	0.0654574994	0.0248774977	0.090956959	-0.0758107929	0.006962737	0.0903092413	-0.1069266101	-0.0548888946	-0.0394427167	0.1262559536	0.0821019298	-0.0800312253	-0.1062143837	0.0133986603	-0.0457185021	0.0519448025	0.0668954814	-0.0615546124	-0.1068891638	0.0992286764	-0.1021859167	0.1823221843	0.1027591982	0.128041403	-0.0473001407	0.0441645443	-0.0238499829	-0.0850064125	0.0234084506	0.0073525381	0.1246827661	0.1807475806	0.0238803256	0.0263239322	0.011955546	-0.0645987469	-0.0161829889	0.034401643	-0.0273579246	-0.1543206858	-0.0295255939	-0.0465109207	0.0779929552	0.0229668851	-0.0491922326	-0.0067766991	-0.1508624801	0.0840720611	0.0818563832	0.0283654643	0.0434993318	0.1999295952	-0.0924741833	0.0033794295	0.0876327994	-0.0380737878081305	0.0124371631133044	0.0001546830263069	0.0014496133180585	0.099062851699557	0.0296365148029451	0.0008783230096651	0.0098134485868484	-0.1334897125444172	-0.0090158379388043	0.0178195033551911	8.128533373878466e-05	-0.0002959966670358	-0.0009039996277016	8.172153268846316e-07	8.761402689630225e-08	-0.0007850010967034	-3.558835199950726e-09	6.162267218255407e-07	1.2665307980408324e-17	7.883922316607344e-06	-3.545455495948557e-07	6.215623109429931e-11	1.257025467375183e-13	0.0	0.0	0.0	0.0	0.0	0.0	0.0	0.0	0.0	0.0	0.0	0.0	0.0	0.0	0.0
938.5322321377176	1.6097285020764502	2.5912258503972923	880842.7507614067	1233.3106628417968	-0.9135152180990644	0.8345100536985812	1521055.1910792722	860.0135579018821	0.3532934624746531	739623.3197750539	0.1248162706273291	921.2629501402146	873.1546143291665	1.233032	21.150415	0.0903206664302821	0.0818138510540204	-0.0230441483	-0.0072531059	-0.1023099496	-0.0810057614	0.1310948277	0.0602247607	-0.1037772915	0.0377766373	-0.0733604656	-0.0760149274	-0.0260382652	-0.0559006701	0.0954559997	0.0185337807	0.0917627232	0.0997001519	-0.007664145	0.1322338244	0.0917242935	0.1207385694	0.0961199032	0.131740694	-0.0177998847	-0.060776918	-0.0921201583	-0.0608697653	0.0827415017	0.0279138662	0.1643849331	0.1206677956	-0.0704895897	-0.1107904123	-0.1285810485	-0.0007723992	-0.0403216536	-0.1177895746	0.026528812	0.0288598492	0.0187773478	0.0595751563	0.0137220617	0.0238615963	-0.1125794198	0.006164016	-0.0689489865	0.0366884858	-0.097433448	0.111274111	0.0227540489	-0.0786565515	-0.1065858646	-0.0496577461	0.0399791507	0.0909435157	0.0231946884	0.0973580519	-0.0012986516	0.1399574263	0.0116895002	0.1485006005	0.0438427453	-0.168020354	-0.1380985477	-0.0129736733	0.061183465	0.0086593055	-0.0637926829	-0.0660210543	-0.0382583952	-0.0842721993	-0.0208214297	0.149306285	-0.1477877203	-0.0281793318	0.0105061985	0.0823493693	-0.0492972306	-0.0659852803	-0.137594225	0.0154196672	0.085086847	0.0378097377	0.0260700925	-0.0266720708	-0.0224408224	0.0006578029	-0.0749431019	-0.0705534612	0.0643986197	-0.031940384	-0.11263184	0.1272572431	0.1278356831	0.1248138148	0.0729135514	0.0172931852	-0.0948006283	0.0101290257	0.0799246852	-0.0333601516729373	0.0047136361351931	2.221836561499906e-05	0.0011128997196413	0.0990523235004161	-1.0528199140907857e-05	1.1084297715061294e-10	0.009811362790831	-0.0541207287974572	0.07936898374696	0.0029290532855679	0.0062994355810252	-0.0004199972459898	-0.000124000578954	1.537614358092719e-08	1.7639768663901657e-07	-0.0007850021825994	-1.0858960000723755e-09	6.162284266858218e-07	1.1791701229731846e-18	7.3352201868464e-06	-5.487021297609438e-07	5.3805455189518936e-11	3.010740272041957e-13	0.0	0.0	0.0	0.0	0.0	0.0	0.0	0.0	0.0	0.0	0.0	0.0	0.0	0.0	0.0
937.4543572133329	-1.077874924384787	1.1618143526175102	878820.6718582631	1234.2031107122248	0.8924478704279863	0.7964632014314479	1523257.3184917322	859.0665307018403	-0.9470272000418164	737995.304172096	0.8968605176190423	920.4688063701568	876.0859162035606	1.354126	23.227566	0.0589186333626555	0.0327473157729411	-0.0885313396	0.0305674553	0.0082511027	-0.1031726369	-0.1279750206	-0.1399398067	0.0395230661	-0.020211002	-0.0228844239	0.0685665437	0.0948159477	0.0048769224	-0.072882839	0.0210753033	0.0610438945	-0.0378500986	-0.0616637819	-0.0222921615	-0.149924671	0.0817157393	0.0204720623	-0.1394997128	-0.0589105724	-0.1226392307	-0.0284837308	0.044061011	-0.0444259007	0.1120433827	0.0306803356	-0.0327259954	-0.080748532	-0.1274124922	-0.1472784054	0.0216783959	-0.0148941253	0.0856489433	0.0125926839	0.0843992411	-0.1245987115	0.0252209048	0.0032050494	-0.1428473993	0.0161102074	0.106196566	-0.0858196059	0.1510605183	-0.0788775165	0.0134529673	-0.0272956318	-0.0486940131	0.1302450631	0.0999358354	-0.0074031551	-0.0469530906	-0.0253269482	0.1285582322	-0.0004206685	-0.0018275732	-0.0294765382	-0.0403164281	0.1155091471	-0.0997727381	0.0698541033	-0.0460073389	-0.041861665	0.049440855	-0.0956394616	0.0267411112	0.1160934803	-0.1214786503	0.0479733278	0.0228801066	0.118229384	-0.0499312743	-0.1110019135	0.0377170125	-0.1067195331	0.0770092309	-0.0371340745	0.0822431337	0.0601909604	0.0303667634	-0.0935088436	-0.0001099103	-0.0598094575	-0.0035858656	0.0575478419	-0.093889823	-0.0532026911	0.1121431722	-0.0278810633	-0.0639846558	-0.0148027144	-0.0437245724	0.0443148733	0.074396255	-0.0970621018	0.016850859	0.0717238087	-0.0331020794488239	0.0002580722241133	6.660127285883673e-08	0.0010957476638362	0.0808009021781117	-0.0182514213223043	0.0003331143802842	0.0065287857927967	-0.0634958084503978	-0.0093750796529406	0.0040317176907696	8.789211849898095e-05	-1.8976626601057383e-05	0.0004010206193887	1.608175371749308e-07	3.6011235715595864e-10	-0.0006320003324098	0.0001530018501896	3.994244201660977e-07	2.340956616144083e-08	7.399395387444713e-05	6.665873368760073e-05	5.4751052099738095e-09	4.4433867768344774e-09	0.0	0.0	0.0	0.0	0.0	0.0	0.0	0.0	0.0	0.0	0.0	0.0	0.0	0.0	0.0
936.0866938821152	-1.3676633312176136	1.87050298755726	876258.2984631489	1233.1608633792762	-1.042247332948591	1.086279503038451	1520685.714970322	858.4766716420186	-0.5898590598217197	736982.1957535582	0.3479337104537631	920.6905423260318	865.6721502564794	1.296801	22.244265	0.1182439091396419	0.0717146866503902	-0.0302138283	-0.0933778311	0.103703806	0.1153494829	-0.0761888918	-0.0635854022	0.1007738619	0.071300295	0.107618021	0.0398705555	0.0313755167	-0.0160448921	-0.0092820626	0.0150550784	-0.0821997914	-0.1043626244	-0.0197474591	-0.069826847	0.040185498	-0.0243794681	0.0193841053	-0.1577727599	-0.0676794682	0.0583030223	-0.0003015791	0.0460313728	-0.0931288859	-0.0359308848	-0.0260833364	0.2039953039	-0.0183093211	-0.0031762578	-0.0234074764	-0.0620803919	0.0195719025	-0.2192414162	-0.0950314553	-0.0653830244	0.1241450855	0.0706148782	0.1312889444	-0.0052560272	-0.0436932387	0.1004804692	-0.0219598605	-0.0444991368	-0.0384097038	-0.0732911479	-0.0672260168	0.1236578349	0.0221676747	0.0316708484	0.0842793896	-0.0139951505	0.0044122779	-0.0192311742	-0.0401437533	-0.1059037676	0.0793364183	-0.079281343	0.0417972192	-0.0854135074	0.0040510086	-0.1032991383	0.079576202	0.0787659389	0.1626764226	-0.0483954838	0.0027696152	-0.0304615809	-0.035187051	0.1831367932	0.0223616033	-0.0714670198	0.1132617578	-0.018783749	-0.118140783	0.0843054605	0.0361322105	-0.0615170993	-0.009550674	-0.0812269073	-0.1250195921	-0.044654703	0.0186395083	0.0427044372	0.0609247368	-0.0263041397	0.0255374823	0.076154737	-0.0142738737	-0.0365128118	0.131558423	0.0188524743	-0.0041659263	-0.0585684565	-0.0992570537	0.0235265052	0.063080731	-0.0333189792428498	-0.0002168997940259	4.704552064847791e-08	0.0011101543777854	0.1190363948357458	0.038235492657634	0.0014619528987719	0.0141696632954915	-0.0239438839359706	0.0395519245144272	0.0005733095779392	0.0015643547327949	-0.000682947330693	-0.0006639707040919	4.408570958923501e-07	4.66417056500694e-07	-0.000694052448825	-6.205211641520001e-05	4.817088017199792e-07	3.850465151605534e-09	0.0001527629768384	7.876902296395286e-05	2.333652709252953e-08	6.204558978695733e-09	0.0	0.0	0.0	0.0	0.0	0.0	0.0	0.0	0.0	0.0	0.0	0.0	0.0	0.0	0.0
935.6353134019316	-0.4513804801836159	0.2037443378907916	875413.4396847308	1230.196083022609	-2.9647803566672337	8.78992256327989	1513382.4026841698	857.7323745166179	-0.7442971254006352	735704.8262939157	0.5539782108796488	919.8058671680936	861.3622927713737	1.115135	19.12812	0.1026360524510689	0.0552025341594468	0.0449887454	-0.1364251018	0.0060651754	0.044408554	0.0868563083	-0.0197949637	-0.0600222712	0.0363790832	-0.0211396624	-0.0359541171	0.0640201842	-0.0265247743	-0.0387166309	-0.0468588165	-0.1026507131	-0.0823705127	0.0547361205	0.1246386655	0.1162445425	-0.0278533128	-0.047117427	-0.0298217155	0.0666600847	-0.0148603175	0.068115309	0.1352473471	0.0230480785	0.0426748258	-0.0729049117	-0.0039336986	0.1542895942	0.0301368024	-0.2793759894	-0.1285807326	0.1604612019	0.1224853241	-0.0528968002	-0.1271998509	-0.0065324354	0.0964676758	-0.1459943848	-0.1241518731	0.0137056779	-0.1276766659	-0.0258609155	0.1112217926	0.0402410939	0.0422278585	0.1032069008	0.1179917662	-0.0441358687	-0.0005262744	0.0410715997	0.0350776946	-0.0667570823	-0.0416381602	0.1295631494	-0.0832701369	-0.0096168714	-0.056121622	0.0400534126	-0.0173081506	0.0193411505	0.0703322735	0.1126931844	0.218988568	-0.000929927	0.1159860422	0.2727882443	-0.0648012282	0.0165384642	0.0023765362	-0.1055977228	-0.070998674	-0.0344571032	0.0609459341	-0.0375085966	0.0610924166	0.0114625406	-0.1562077511	-0.0152430895	-0.0101466693	0.0111641213	-0.080172755	0.0596763792	0.0069058349	0.0828658028	0.0817722503	-0.1361491181	0.0085576684	-0.0107950392	-0.0947898572	0.1040468071	0.0123567421	-0.0830846129	0.005036225	-0.1013839798	0.0301376669	0.0540487397	-0.0168346689754201	0.0164843102674297	0.0002717324849928	0.0002834060795119	0.0740467178196127	-0.0449896770161331	0.0020240710380159	0.0054829164198573	-0.0450852961401579	-0.0211414122041873	0.0020326839280457	0.0004469593099873	-0.0004339972058767	0.0002489501248163	6.197616464605139e-08	1.8835357470878278e-07	-0.0006880016002641	6.050848560899998e-06	4.733462019659624e-07	3.6612768306945566e-11	7.350890949223837e-06	-0.0001454120858891	5.403559774738093e-11	2.1144674722641143e-08	0.0	0.0	0.0	0.0	0.0	0.0	0.0	0.0	0.0	0.0	0.0	0.0	0.0	0.0	0.0
935.8710093154064	0.2356959134747285	0.0555525636286867	875854.5460770375	1232.588008302631	2.391925280021951	5.721306545208089	1519273.1982114464	858.2088094347696	0.4764349181516536	736522.3605914447	0.2269902312341729	919.8924098457476	856.3522233043643	1.179465	20.231571	0.1206432225257629	0.0734709734878131	0.0742415417	-0.1902206653	0.028589858	-0.108185498	-0.0280165804	-0.0125081956	-0.0891507207	-0.1401832817	0.0346682158	0.0043918831	0.0151772361	0.0036272872	-0.0359261989	-0.0752169489	-0.1649620657	0.0160597603	0.072808208	-0.0453687025	-0.0721770994	-0.0822482543	-0.1677321355	0.0516638302	0.0264425454	-0.1194111626	0.0548895302	-0.000531413	0.0443538698	0.0734763188	-0.0598337947	-0.0006730142	0.0322119293	0.0690296327	-0.0595203594	-0.0365784166	-0.0359518191	-0.0082376349	-0.0114681814	0.1057012787	0.0392343629	0.1309260338	0.0927924221	-0.0794302157	0.0244992751	0.0866631101	0.0205536771	-0.0807118813	0.1349747529	-0.1189537344	0.1650282317	0.053694476	-0.0113989123	0.0621060576	-0.0644570601	-0.0409574565	0.011437513	-0.0960831502	0.1009359303	0.0353740607	-0.0022126163	0.0644846935	0.0724793571	-0.0718670977	-0.0850164594	-0.0558823189	-0.0792823162	-0.0022297674	0.0791487245	-0.0561671158	0.143292696	-0.0820261819	0.0252632755	-0.0711808156	0.1449736619	-0.0279541511	-0.007944594	0.0877408105	-0.0648566957	0.0279992063	-0.0572228303	-0.1658220928	-0.0670965284	0.0060070533	0.036014809	0.006540819	-0.0396575893	-0.1038099632	0.1179125533	-0.0270832329	-0.1646961401	0.0675633187	-0.0460142914	-0.1264464155	-0.0119869852	0.0323246175	0.1144265856	-0.0378589486	-0.1034414224	0.0366662233	0.0446835199	-0.0371502603118045	-0.0203155913363844	0.0004127232513469	0.0013801418412348	0.0590011866675439	-0.0150455311520687	0.0002263680076478	0.0034811400281783	-0.0807258777860511	-0.0356405816458932	0.0065166673443284	0.0012702510600575	0.0004890030171262	0.0009230002230029	8.519294116634031e-07	2.3912395075852665e-07	-0.0007569978662225	-6.899626595840004e-05	5.73045769465418e-07	4.760484716202272e-09	8.184769816254797e-06	8.338788670309602e-07	6.699045694507559e-11	6.953539648808379e-13	0.0	0.0	0.0	0.0	0.0	0.0	0.0	0.0	0.0	0.0	0.0	0.0	0.0	0.0	0.0
936.9696173056034	1.0986079901970245	1.206939516124745	877912.0637538088	1240.1263281157524	7.538319813121461	56.82626560489958	1537913.309685859	858.2161269171979	0.0073174824283341	736534.920500756	5.35455490889796e-05	920.1139546553912	871.6832615365228	1.178091	20.208008	0.1521652576158968	0.0878503462645813	0.0187846725	-0.1524230561	-0.0620996643	-0.0099470393	-0.019498478	0.1060280268	-0.0782797697	-0.0476380219	0.0958977517	-0.0649517538	-0.0250589282	-0.0610028452	0.0627968069	-0.0024827046	-0.0279742352	0.1136522067	0.079407794	-0.0075644433	-0.0040205659	-0.2070367556	-0.0872340619	0.0187879003	0.1134358665	-0.0025722532	-0.1983303218	-0.2080391	0.018753946	-0.0021313783	-0.0991385568	0.070350716	-0.0577442567	0.0750433777	0.1048475588	0.0377186898	-0.2084768534	0.0113251055	0.0812353511	0.1677021082	0.0224115811	-0.1270090543	0.0350568169	-0.0840357069	-0.0792101418	-0.0046962075	0.0118447716	-0.0793624093	-0.078105862	-0.0608920455	0.0639576907	-0.0537902531	-0.0773493778	-0.1050302384	0.0418424496	-0.1166579787	0.063326103	-0.1135243474	-0.0907585979	-0.0498475319	-0.0345512202	0.1710747385	0.0610455386	0.013873324	-0.1428358157	-0.1047465199	-0.0029373451	0.108409073	-0.0111698785	-0.0194275084	-0.0658433465	-0.0476902941	0.0542816634	-0.1980339623	-0.0072912258	-0.0301617847	0.0839659432	0.0360703823	-0.1591020741	-0.0278299274	-0.1056462149	-0.1291952633	-0.053812373	-0.083488137	-0.0610308343	0.0289667878	-0.1217528527	-0.0320280263	0.0031699195	0.0626308686	-0.0597439253	-0.0365872716	-0.1212273667	0.0622850738	-0.0349090522	0.0212202703	-0.0404098112	-0.0034786518	-0.1054279714	0.0430942802	0.0350428114	-0.0491308485176915	-0.0119805882058869	0.000143534493759	0.0024138402760683	0.1140173382141682	0.0550161515466243	0.0030267769310011	0.012999953413444	-0.026495837244326	0.0542300405417251	0.0007020293912778	0.0029408972971571	-1.6954201661562734e-05	-0.0005059572187877	2.55992707243448e-07	2.874449539809366e-10	-0.0007570013057884	-3.439565900002252e-09	5.730509769653427e-07	1.18306135804583e-17	0.0001209936578958	0.0001128088880795	1.4639465251005885e-08	1.2725845229743356e-08	0.0	0.0	0.0	0.0	0.0	0.0	0.0	0.0	0.0	0.0	0.0	0.0	0.0	0.0	0.0
938.1366856184716	1.1670683128681958	1.362048446901017	880100.440903211	1233.8134581594757	-6.3128699562767	39.85232708486098	1522295.649535444	859.4624942026808	1.2463672854828474	738675.7789410931	1.5534314103218816	920.9797733258114	866.8357570950076	1.230437	21.105915	0.1671560886999283	0.0845029608968984	-0.0439821352	-0.0324814945	-0.1003166107	-0.0789426216	0.1644744982	0.1439435066	-0.077437524	-0.0572712055	-0.0721003994	-0.0590406971	-0.0759013121	-0.0265664734	0.1473234084	0.1490976802	0.0983890201	0.1205180003	0.0488626993	0.16415956	0.0546879165	0.0293301404	-0.154984894	-0.0122917501	0.1092229913	-0.0202328376	-0.2789515939	0.0790654873	-0.1780010032	-0.0246116458	0.0945127623	0.0209388612	-0.0273959487	-0.1542526606	0.0644219972	-0.1840987102	-0.0305885688	0.0932004399	0.0255193709	-0.0648995251	0.0029553833	-0.0900702196	0.044026304	0.1693940062	0.1063461464	-0.0017330479	-0.0073702884	0.0334733852	-0.1383840541	0.0911971102	0.0557331142	-0.1319102249	-0.082751811	-0.0429721701	-0.0543360916	0.1394597469	0.0269553713	0.0210216393	0.0458867674	-0.1030167366	-0.0373236355	0.0829207356	0.0413885933	-0.1911560127	-0.1491916569	-0.1974595898	0.2269328522	-0.0894304531	-0.0440190748	0.1109314168	-0.0231035821	0.0406354494	-0.1012958915	0.0113314323	-0.1365454699	-0.0627110043	-0.0088220714	0.1751142262	-0.0919780671	-0.0412711166	-0.1935117801	-0.0452456022	0.0096728456	0.0436635282	0.1151483927	0.0368549985	0.0536997508	-0.0131428035	-0.1272420657	0.140350242	0.1164909171	-0.0794131311	-0.1461869969	-0.0197057556	0.0073889671	0.1325915251	-0.0581541575	0.0380529755	-0.1073422654	0.0494042187	0.0251860523	-0.038027001127574	0.0111038473901175	0.000123295426863	0.0014460528147565	0.0492352546901884	-0.0647820835239798	0.0041967183457078	0.0024241103044077	-0.0698006843718701	-0.0433048471275441	0.0048721355387814	0.0018753097847399	-0.0001102339719429	-9.327977028133726e-05	8.701115543739051e-09	1.2151528570308065e-08	-0.001060975908989	-0.0003039746032005	1.1256698794550348e-06	9.24005593909622e-08	-0.000441058181788	-0.0005620518396838	1.945323197221365e-07	3.15902270491944e-07	0.0	0.0	0.0	0.0	0.0	0.0	0.0	0.0	0.0	0.0	0.0	0.0	0.0	0.0	0.0
938.8755771450088	0.7388915265372589	0.5459606879885607	881487.3493593734	1233.3156687881008	-0.4977893713748926	0.2477942582538108	1521067.5388782402	859.0330170936542	-0.4294771090266067	737937.7244570263	0.1844505871778518	919.5156736686668	878.1584349762621	1.443252	24.756361	0.0664422942830223	0.0363258938791406	-0.0939810413	0.064575664	-0.0087517477	-0.0905345315	-0.0970260708	0.0176933418	0.0809999839	-0.0118229565	0.0540214249	0.0668904628	0.0412556287	-0.0246431595	0.0685956548	0.0780148147	0.0900410307	0.019730951	-0.0407365797	-0.0521425815	-0.0210830485	0.0131144854	-0.0142860187	-0.14523277	-0.0582945418	-0.095641637	-0.0962722097	-0.0236571506	0.0951443971	-0.0661637144	0.0675461478	0.1417170086	-0.0767358931	0.0363201526	0.0070223642	-0.1003266626	-0.1802356132	0.0421083323	-0.0916928251	0.1107168454	-0.0100778521	0.0156776237	-0.2037788085	-0.0107167508	0.0906737922	0.0561788082	0.0017484863	-0.1495336581	0.0301769931	-0.0347418215	-0.0967568526	-0.0909784162	0.0664446955	0.0357943517	0.0058798294	-0.0159039217	-0.0159724347	0.0948603305	0.0435329363	-0.0075274103	0.0667351919	0.0645714187	0.1563493487	-0.1135709913	0.0883517834	-0.1144607045	-0.0566899436	0.052594496	-0.0568668997	0.0764016211	0.0359088259	-0.1253453271	-0.0125740734	-0.0094368396	0.1164772647	-0.0431137379	-0.0507501098	0.0305434437	-0.0973970086	0.0189272592	-0.0696220805	0.1159026678	-0.0347702382	0.0799391031	0.0294821885	0.2115622218	-0.0597995965	-0.0951929033	0.0401668214	0.0614118346	-0.0594011614	0.0030728535	0.0161764643	-0.0899570341	0.0422270576	0.1127176942	-0.010728915	-0.1873848408	-0.1091829923	0.0555787436	0.0151740128	-0.0361373370462985	0.0018896640812754	3.5708303400627776e-06	0.0013059071287977	0.0622886020010042	0.0130533473108158	0.0001703898760167	0.0038798699392395	-0.0701356029004784	-0.0003349185286082	0.0049190027942135	1.1217042080514835e-07	4.9002558083187474e-05	0.000159236530026	2.5356272494749056e-08	2.401250698696162e-09	-0.0006459991220244	0.0004149767869646	4.173148656562956e-07	1.72205733719463e-07	8.01578846776807e-06	0.0004490739702557	6.425286476000358e-11	2.0166743076127848e-07	0.0	0.0	0.0	0.0	0.0	0.0	0.0	0.0	0.0	0.0	0.0	0.0	0.0	0.0	0.0
938.1261081590592	-0.7494689859496475	0.561703760900393	880080.5948096628	1234.0437966086647	0.728127820563941	0.5301701230791946	1522864.0919483274	859.2265673991429	0.1935503054887704	738270.2941245139	0.0374617207547963	920.2647683534308	873.431828148931	1.140144	19.557091	0.0598678483575118	0.032088782777707	-0.0782032911	-0.0141542758	0.070607416	0.1562835659	-0.0746678324	0.0244206955	0.1220545225	0.1196138538	0.100583552	0.021632221	0.0380883506	0.000246989	0.042080731	-0.0002744452	-0.0262890346	-0.0526151076	-0.1102592798	-0.0646186242	0.0611965144	0.0173451203	0.0161052484	-0.0273955962	-0.0483081371	0.0251712084	-0.1678511436	0.0395125241	0.1313710943	-0.0024920643	0.0646541091	0.083836842	-0.0190041291	-0.0514154975	0.0127212734	-0.0960552452	-0.1571854739	-0.042772888	0.0303264903	-0.1654349846	-0.053260374	0.1664607997	0.0201515021	-0.0656061728	0.0996762866	-0.1262658304	-0.2093332079	0.092710542	-0.069987731	-0.0268905379	-0.1132404945	0.1085592168	0.034383937	-0.0034116511	0.066877059	0.0133996603	-0.018299005	0.0380283242	-0.0846696979	0.0095838702	0.0362375931	-0.0465220254	-0.0032757227	-0.106377093	-0.023476915	-0.1762296583	-0.0426185716	0.1195983167	0.1161942655	-0.0338269462	0.1188445012	0.0449258713	-0.0527079697	0.0409798194	0.022712913	-0.0234105255	0.1072511108	0.0532847358	-0.0947624695	0.094161182	0.0135129842	-0.0129950663	-0.072497365	0.0033351882	-0.0279943664	0.1293490205	0.1189519264	-0.0072136064	-0.0562129323	0.0336485247	0.054410753	-0.0042513755	-0.0315572712	-0.0999287466	-0.038699561	0.0598273185	-0.1180502604	0.0010033662	-0.1109488906	0.0616009311	0.0050684204	-0.0428085883508941	-0.0066712513045956	4.450559396906852e-05	0.0018325752365963	0.0907359384821973	0.028447336481193	0.0008092509528742	0.008233010532245	-0.0622828502024077	0.0078527526980707	0.0038791534293355	6.16657249370567e-05	-7.19678558097286e-05	-0.0001209704138929	1.463384103742342e-08	5.179372269849886e-09	-0.0005400040962066	0.0001059950258177	2.9160442391990694e-07	1.1234945498116076e-08	0.0001189805062301	0.0001109647177623	1.4156360862770864e-08	1.2313168588073985e-08	0.0	0.0	0.0	0.0	0.0	0.0	0.0	0.0	0.0	0.0	0.0	0.0	0.0	0.0	0.0
938.9532079327576	0.8270997736983645	0.6840940356518858	881633.1266872162	1234.076120596221	0.0323239875563103	0.0010448401715405	1522943.871425819	858.7802072990698	-0.4463601000730932	737503.4444486334	0.1992373389372618	919.6119408005804	870.2344544609674	1.14987	19.723928	0.099486357174704	0.0477660357639592	0.0352582992	-0.1088903687	0.0125750664	0.0566734621	0.1172812355	0.0250217874	-0.0878518795	0.0627091513	-0.0173622461	-0.0637271238	0.0272262292	-0.0352574733	-0.0219106304	-0.003827721	-0.1225670093	-0.0269880438	0.0005926675	0.1039812682	0.1093017335	-0.1021326201	0.0199197279	-0.0328957828	0.0590288527	-0.0868495159	-0.0322863593	-0.0601951645	0.1140058743	-0.0233974971	-0.0595128316	0.102140439	-0.0753535155	-0.0485695252	-0.0222392863	0.054292979	-0.0088679298	-0.0154751772	0.020607816	0.0136777724	0.1122144223	-0.0364223474	-0.0500094146	-0.0119317739	-0.1065806396	0.0235666576	0.1541677846	-0.0775220874	0.1865945297	0.0358301051	0.1059334169	0.0676873571	-0.0413389666	-0.1028046031	0.100189396	-0.0116125064	-0.0796152262	-0.0151021786	0.0042568607	-0.0258000238	-0.0391046622	0.1816214255	0.0154206947	0.072039682	0.0771636029	0.0486043007	-0.0687976848	0.109223351	0.0209822773	-0.0465153999	0.0773089335	-0.0790946571	-0.0359652578	0.05956153	-0.1077716027	-0.0606082943	-0.028302506	0.0398806945	-0.0836764829	-0.0253315095	0.0039492186	-0.1446058294	-0.1474864815	0.0040132465	-0.0152124473	0.1227825569	-0.0431509874	-0.0468956811	-0.1160772321	0.0505598011	-0.0154481272	0.0003297515	-0.0632933881	-0.0351859045	-0.0470607623	0.1101772214	-0.1412569545	-0.0297508065	-0.1126387502	0.0674542747	-0.0050684204	-0.023852106904016	0.0189564814468781	0.0003593481888458	0.0005689230037606	0.0609260133152957	-0.0298099251669015	0.0008886316384562	0.0037119790984955	-0.0373181383992573	0.0249647118031504	0.0013926434535861	0.0006232368354143	-0.0002589970129746	-0.0001870291571648	3.497990562980216e-08	6.707945272976511e-08	-0.0007570014381268	-0.0002169973419201	5.730511773260434e-07	4.7087846400432174e-08	7.902230159693421e-06	-0.0001110782760704	6.244524149676831e-11	1.2338383414773458e-08	0.0	0.0	0.0	0.0	0.0	0.0	0.0	0.0	0.0	0.0	0.0	0.0	0.0	0.0	0.0
939.4964902686066	0.543282335849085	0.295155696445638	882653.65522703	1230.213210481586	-3.862910114635042	14.922074553749717	1513424.543243411	858.4112987029247	-0.368908596145161	736869.9577408418	0.1360935523097935	919.07365531985	875.2981904393478	1.225435	21.020111	0.0954758470320222	0.0717228155396118	0.0428246965	-0.0377228097	-0.1044218906	-0.1729889291	-0.0555339881	-0.0467358076	-0.0800062179	-0.1736427418	-0.0732426821	0.0117746767	0.0101112147	0.1264655754	0.0566337687	0.0811220938	0.017491431	0.0309806494	0.1362111897	0.0244837975	-0.1863738701	-0.0183602298	-0.0343221733	0.0416070783	0.0589360359	0.0360631697	-0.1237162421	-0.1080517358	-0.0310651861	0.2105540166	0.156754195	0.08178726	0.0398397527	-0.1986752623	0.024802887	0.1193081337	0.1557765209	0.116284797	-0.0264786109	-0.0031602906	-0.0003469458	0.0287919214	0.0155661052	-0.0245267488	-0.0754309597	-0.0046304739	-0.0621732723	-0.1351519718	0.0509930523	-0.0091444914	0.1354826359	-0.1467494473	0.0222877617	0.0768056439	-0.0681672206	-0.0982625553	0.0722410124	-0.008166776	-0.0669524188	-0.0515614949	-0.0563808701	0.0684394726	-0.0312543303	0.0046183834	-0.0397442337	-0.1653985379	0.1299017614	-0.073442968	0.0300921777	0.016900725	-0.0768747208	-0.0460216033	0.0242105424	0.1814933504	0.1198355676	-0.0264853463	-0.0975488625	0.0967832892	-0.0414147763	-0.1366416542	-0.1467044438	-0.0006100991	-0.0642012036	0.0516585914	-0.0525577779	0.0729048591	-0.0771209871	0.044554771	-0.1390804426	0.0084408865	0.0680670303	0.0525780252	-0.0395911513	-0.1430658077	-0.0391089868	0.0086974484	-0.0334510018	0.0095322749	-0.1142514127	0.0731227308	-0.0151740128	-0.0238591987675675	-7.091863551501876e-06	5.0294528633120795e-11	0.0005692613658302	0.0497696849510163	-0.0111563283642793	0.0001244636625716	0.0024770215401234	-0.0902685760315336	-0.0529504376322763	0.0081484158187607	0.0028037488454495	0.0003680032420987	0.0006270002550733	3.931293198619833e-07	1.3542638619515441e-07	-0.0007569988536557	2.5844711000217596e-09	5.730472644360439e-07	6.679490866847684e-18	8.139174053594343e-06	2.3694389390092215e-07	6.624615427470338e-11	5.614240885693144e-14	0.0	0.0	0.0	0.0	0.0	0.0	0.0	0.0	0.0	0.0	0.0	0.0	0.0	0.0	0.0
939.0640508907017	-0.4324393779049842	0.1870038155628497	881841.2916752544	1228.4025674530951	-1.8106430284908583	3.278428176622547	1508972.8677253558	858.0370202378153	-0.3742784651093416	736227.5280985892	0.1400843694446046	918.6663024630924	883.2349449212603	1.323136	22.695999	0.0924455204662346	0.0551756635039276	-0.0807617225	0.0551389414	-0.0802345252	0.1039945198	-0.1077887312	0.0044604964	0.1396595973	0.0223740553	0.0970524826	-0.0094575649	0.0592097244	0.0712738981	0.0471911912	0.0718898818	0.1250692332	-0.0293374922	-0.0220217195	-0.1215257545	0.0850298874	-0.0665664281	-0.089128441	-0.1658841451	0.0173156605	-0.0890678079	0.1552691586	-0.2172508989	-0.0136079376	0.0748208289	-0.0024925161	0.1412527699	0.0574644925	-0.0286432932	-0.0039386255	0.1293962137	-0.038660503	-0.1293893759	-0.0635132617	-0.026818829	-0.0191075091	-0.0122127358	-0.2079982607	0.0354500488	-0.0100637535	0.0268844103	-0.0250796698	0.1062327372	0.0051834399	-0.0513638956	-0.1666314755	-0.0522093151	0.0107730309	0.0252061641	-0.0149594029	-0.0418602549	-0.056129609	0.0110880095	0.1006181934	-0.1770604728	0.1286066601	0.0580880514	0.1069074774	0.1364115273	-0.0003806947	-0.0419797985	-0.0110348072	0.0973342315	0.0643559049	-0.0540543967	-0.0480238857	-0.1429397307	-0.0347919599	-0.0327329479	0.0236345056	-0.0085972407	0.0901336298	-0.0071598221	-0.076029952	0.0478264752	-0.0407944583	0.0977736508	-0.0978704566	0.006395319	-0.0614068353	0.2527900105	0.0927044709	-0.0673210722	0.0220941244	0.0622008803	-0.0636963318	-0.0369407506	-0.0227936581	-0.0248872369	0.0101876222	0.0422823055	-0.1361685249	0.0326071486	-0.1157857731	0.0785907625	-0.0251860523	-0.0237600144756839	9.918429188359933e-05	9.837523756451024e-09	0.0005645382878847	0.0911388060957847	0.0413691211447684	0.0017114041842905	0.008306281976565	-0.0574949702312039	0.0327736058003296	0.003305671601887	0.0010741092371554	0.0002920018805387	-7.600136156e-05	5.776206958973846e-09	8.526509823813725e-08	-0.0004689987122932	0.0002880001413625	2.1995979213267978e-07	8.294408142482e-08	8.068492391036274e-06	-7.068166255806914e-08	6.510056946421026e-11	4.995897421972751e-15	0.0	0.0	0.0	0.0	0.0	0.0	0.0	0.0	0.0	0.0	0.0	0.0	0.0	0.0	0.0
938.6829711069702	-0.3810797837314794	0.1452218015688311	881125.720246209	1232.6342948913575	4.231727438262396	17.907517111742823	1519387.304942314	858.6404890487825	0.6034688109671151	737263.4894339324	0.3641746058100637	920.806685018831	881.5231757404135	1.2772	21.908043	0.0282601126915697	0.0149978790760619	-0.0745238613	-0.01089463	0.0256843618	0.1297570522	0.109116988	-0.0698449673	0.0178994562	0.0981371423	-0.0809742459	-0.08379306	0.0031617332	-0.0585603269	-0.117332519	-0.0096216874	-0.0095231569	-0.0969579565	-0.0741211438	0.0568795103	0.0691031696	-0.0646476084	-0.0957885283	0.0829902982	3.1624e-06	-0.0800492273	-0.0165220514	0.0898097956	0.0047159674	0.0555570441	0.0574290119	0.0495019805	-0.1056851799	-0.0290437392	-0.0335709849	0.1283219075	0.0120423503	0.0334287306	-0.0836468834	0.1456659213	-0.0337921117	0.0724261569	-0.0080036409	0.1292523818	0.0174426123	-0.0007112313	-0.1246051383	-0.0484768941	0.1272990029	0.0896601111	-0.0083487819	0.0983542913	-0.0254683194	-0.0103513817	0.0094705234	0.0463149113	-0.1330607627	-0.051186677	0.0457960473	0.0162746272	-0.1738810812	0.0176796061	-0.1018770747	-0.0101639028	-0.0319523984	-0.081385511	0.0260670447	-0.0159623821	0.0436181953	-0.0514508156	0.0663490718	-0.0445607534	-0.087459326	0.0191281274	-0.1290611798	-0.0091091054	0.0064131313	0.0663059464	-0.057067317	0.0637062659	-0.0207694844	-0.0585918831	-0.0469636695	0.0299152804	-0.0193228447	0.1184766633	0.057564607	0.0681365922	-0.0853119294	-0.0308246143	0.0739218256	-0.0993935898	0.0028759074	-0.1329867183	-0.0784810284	0.0473119116	-0.037949922	-0.0256044152	-0.1172407796	0.0838433825	-0.0350428114	-0.0238276520542939	-6.763757860999906e-05	4.574842040223802e-09	0.0005677570024204	0.0790186051589074	-0.0121202009368772	0.0001468992707502	0.0062439399612593	-0.0592691269338132	-0.0017741567026092	0.0035128294074964	3.1476320054134902e-06	0.0002180293245508	-7.397255598790001e-05	5.471939039383002e-09	4.753678636407808e-08	-0.0003969836722219	7.201504007129999e-05	1.5759603601078493e-07	5.186165996470943e-09	0.0001480432458013	0.0001399747534102	2.1916802627384125e-08	1.959293159226413e-08	0.0	0.0	0.0	0.0	0.0	0.0	0.0	0.0	0.0	0.0	0.0	0.0	0.0	0.0	0.0
939.2486066633356	0.5656355563654643	0.3199435826248683	882187.9451190174	1231.4782099868312	-1.156084904526324	1.3365323064736396	1516538.58167237	859.0444318926587	0.4039428438762797	737957.3359657808	0.1631698211188565	919.5494134721656	867.7434803859793	1.460615	25.054201	0.1270977865288223	0.0672981037398757	0.0978723078	-0.1264034005	0.0172454897	-0.1252207733	0.0190452889	-0.0537702829	-0.1039997239	-0.1168413362	-0.0384308049	0.0755905272	-0.0010026146	0.0636735843	0.0321467832	-0.0738045298	-0.1214480349	0.0015202135	0.1166759661	0.049086326	-0.1173378306	-0.0154834562	0.0050891227	-0.0418583464	0.0067679555	-0.0013867904	0.0426402168	-0.1072677245	0.0250578967	0.0034608472	0.016359321	-0.0041806394	-0.0479980105	-0.0785909806	-0.1073037766	0.0193067559	-0.0112809695	0.0330031889	0.0251137736	0.1635520516	-0.0177928557	0.0030832513	0.048428235	0.0528015345	0.0311888502	0.0686579451	-0.003203835	-0.0236969322	0.0980164756	-0.0331213578	0.1856665474	0.0039701476	0.0350616366	0.0552610617	-0.0245693402	-0.061814696	0.094844219	-0.0207848235	-0.0129892501	-0.0295709179	0.0711171755	0.0707437704	0.0515729015	-0.0267391775	0.0097624971	0.0462969658	-0.0683053882	-0.0346369801	-0.0094974938	-0.0949993268	-0.0621075341	-0.0345686198	-0.0434499003	0.0894463545	0.0986638859	-0.0014264405	-0.1169861509	0.0915770718	-0.0040901507	-0.0393912412	-0.0326036566	-0.1140607849	-0.106788567	-0.0260552128	-0.0154023029	0.0513551022	-0.0630847296	-0.0281051364	-0.0482489708	0.0138284965	-0.0915081902	0.1031572919	0.0340189304	-0.1219099598	0.0088984437	-0.0816543423	0.074739659	0.2230400008	-0.1186154352	0.0888661936	-0.0446835199	-0.0237532118630952	7.444019119870124e-05	5.541342065699197e-09	0.000564215073813	0.0442717467719688	-0.0347468583869386	0.0012073441677619	0.0019599875622413	-0.0964970394192619	-0.0372279124854487	0.0093116786166825	0.0013859174680242	0.0007370000889397	0.0005189707643889	2.693306542903992e-07	5.431691310971258e-07	-1.7019898377990117e-05	0.0003799637738439	2.8967694079711057e-10	1.443724694337059e-07	-5.399372527061647e-05	-0.0002020369710719	2.9153223685988076e-09	4.081893767991441e-08	0.0	0.0	0.0	0.0	0.0	0.0	0.0	0.0	0.0	0.0	0.0	0.0	0.0	0.0	0.0
938.3802270855758	-0.8683795777598107	0.754083091070307	880557.4505851768	1233.2556674841678	1.777457497336627	3.159355154838185	1520919.5413818203	859.5778104341947	0.5333785415359671	738874.0121908444	0.2844926685710354	920.5488818827572	879.6661898880553	1.430981	24.545876	0.1212166511018476	0.0625603465546905	-0.0018573708	-0.0478813642	-0.1677007613	0.0564288432	-0.1474505489	0.0428331282	0.0471221035	-0.068166366	0.1159698982	-0.0775183031	0.0001822963	0.0513708213	-0.0269034461	0.0871577575	0.0261590254	0.0846269523	0.1297396471	-0.0971797594	0.0417221624	0.0222366006	0.0185690764	0.1101274125	-0.095364782	-0.0288357445	-0.0668201706	0.1167227602	0.0794281501	-0.0556630935	-0.0269487452	0.090610286	-0.035974783	-0.0591619937	-0.1737814249	0.0962544465	-0.0088116838	0.0236397058	-0.1270492744	-0.0045734788	-0.1162222349	-0.0834151331	0.0633991787	0.0702959471	-0.0231183748	-0.011029097	0.0222925097	0.0415379646	0.0269215082	-0.0997861847	-0.046247334	-0.119611334	-0.1064418309	0.0278640922	-5.12896e-05	-0.0555372217	-0.0399030781	0.0502976938	-0.0790024472	0.0440796503	-0.0560493175	0.0714506817	-0.0465874916	0.0711220764	0.1030489061	-0.0846037941	-0.0089191175	0.1432534438	-0.0080167584	0.0279463516	0.0710245473	-0.0278188258	-0.1403786211	0.0340345687	0.043590657	0.0397600593	0.1042077845	-0.0117891491	0.0327564259	-0.0758028716	-0.1654673842	0.0183661065	-0.0684982502	-0.0422476895	-0.0536592026	0.0980416389	-0.034463642	0.100003862	-0.0328286894	-0.066786216	0.1734029092	-0.0633752928	0.0567621465	-0.000265392	0.0772398632	-0.0977969061	-0.0774698037	-0.1463493686	-0.1199087977	0.0936454286	-0.0540487397	-0.0071423856911678	0.0166108261719273	0.0002759195461139	5.1013673361398535e-05	0.0900541804298455	0.0457824336578767	0.0020960312316378	0.0081097554128911	-0.0801287520737048	0.016368287345557	0.0064206169088892	0.0002679208306267	0.0004509816080557	-0.000286018480884	8.180657140719108e-08	2.0338441080450506e-07	9.1090446870723e-05	0.0001081103452487	8.297469511108009e-09	1.1687846749795946e-08	0.0004009795271264	0.000454973252397	1.6078458117451137e-07	2.070006603967193e-07	0.0	0.0	0.0	0.0	0.0	0.0	0.0	0.0	0.0	0.0	0.0	0.0	0.0	0.0	0.0
938.7928477943136	0.4126207087377906	0.1702558492792766	881332.0110697573	1231.3564503525242	-1.8992171316435813	3.607025713128473	1516238.7078247685	858.69171754971	-0.8860928844846967	737351.4657884709	0.78516059993441	919.7431933586964	877.1612180915668	1.269767	21.780542	0.0639709866401455	0.037456157009438	-0.0960564818	0.042040196	-0.0952929069	0.0416274784	0.1149359153	-0.0042537841	-0.0250517215	0.1102739233	-0.0606523218	-0.040528336	-0.0644921799	-0.0462510818	-0.0078336249	0.0758538007	0.127531871	-0.0465338786	0.021516624	-0.0191181093	0.1235837906	-0.0190817304	0.0584131577	-0.0768618938	0.0662925202	-0.0046644047	0.126210691	-0.0900908129	-0.0965096227	0.0300403612	-0.1749743736	0.0422428264	-0.07873472	-0.0561022529	0.0772710463	0.0716008399	-0.1014400581	0.0752742523	0.0653612925	0.0357683459	-0.0841735831	-0.0916131388	-0.0528433308	-0.1076334734	-0.1086925888	0.0018802887	0.0099341966	0.0762725907	-0.1564555484	0.0995082417	-0.1123898464	-0.0058657579	-0.0847703464	-0.0536000691	-0.0222826036	0.0089627318	-0.0549787673	-0.0159174023	0.1306252213	-0.0743064854	0.0255428736	0.0073148543	0.030634845	0.0492408386	0.1170059921	0.095263221	0.0558210488	-0.0755252028	-0.0451428916	-0.0477501036	0.040266038	-0.1747040308	-0.0561872661	-0.1040881547	-0.1174031517	0.0176833231	0.030575155	-0.0465159546	0.0529885546	0.0545823945	-0.0773274826	0.0294813585	-0.094551057	0.0169778965	0.0030863922	0.2072657012	0.0529585209	-0.037955327	0.1356512692	0.116177047	-0.0539536025	-0.0476696079	0.027498079	-0.0369997607	-0.0694850332	-0.0561786565	-0.0199972975	0.0671121591	-0.1211199807	0.098167988	-0.063080731	0.0070244108652843	0.0141667965564521	0.0002006981246719	4.9342348004324125e-05	0.0899715368091165	-8.264362072900322e-05	6.82996804719933e-09	0.0080948774357942	-0.0481058052296106	0.0320229468440942	0.0023141684967892	0.0010254691245796	0.0003770109367922	-7.39706712635e-05	5.471660207172784e-09	1.4213724646093226e-07	-7.694555142068182e-05	-0.0001680359982914	5.92061788343279e-09	2.8236096721789e-08	0.0002890142043039	-0.0001119653228225	8.352921028941645e-08	1.2536233514746644e-08	0.0	0.0	0.0	0.0	0.0	0.0	0.0	0.0	0.0	0.0	0.0	0.0	0.0	0.0	0.0
940.2990307145564	1.506182920242736	2.2685869892309363	884162.2671627342	1230.591107963793	-0.7653423887311419	0.5857489719886904	1514354.474999556	859.1806610005357	0.4889434508256727	738191.4082373175	0.239065698105317	920.0091606000186	889.6175769558913	1.322357	22.682623	0.1091257685809577	0.0540549738871909	-0.0569421011	0.1095462746	0.0992280626	-0.0682910711	-0.0776547651	-0.1623422458	-0.0070088015	-0.0165115064	-0.1059868508	0.1386294155	-0.0145611046	-0.0050898944	-0.0316798867	-0.0181126226	0.0491403911	-0.06221914	-0.0756503764	0.0091026134	-0.1661943588	0.0696439738	-0.0270924265	0.1244200273	-0.027418722	0.0344495781	-0.0631267098	-0.1275212728	0.0703624574	-0.0769081725	-0.1648365789	-0.0260835862	0.067111682	-0.1905296118	0.0838623805	-0.0254541991	-0.1114188063	0.0741484165	-0.0547196524	0.104944719	-0.0706890486	0.0407689283	-0.0830100206	0.0210946755	-0.0913687023	0.0408412311	-0.0539679411	-0.0993753024	-0.0090732398	0.0825296127	0.0078433171	-0.0114513194	0.1677335539	0.0438928758	-0.0483701662	-0.0266405903	0.0917161026	0.0648301842	-0.0659208274	0.1113289631	-0.0203120246	0.024409076	-0.0436922064	0.118895097	-0.0115861712	-0.0703001441	-0.0277575488	0.0433021814	-0.0628880313	-0.0208209004	-0.0444439878	0.0087186844	-0.1460560845	0.0622120551	0.0798766785	-3.5708e-06	-0.1457908931	-0.0573584764	0.0748061854	0.0912042821	-0.028742875	0.072450338	0.0026237137	-0.0079770823	-0.083325585	0.1491492625	-0.1301294395	0.1742676043	0.0448592211	-0.1768076271	0.1337826903	0.0656842602	0.0047330565	-0.0011136068	0.0314318384	-0.1220606641	0.1019635855	0.0783415492	-0.1222481541	0.1024214758	-0.0717238087	0.0277166539071487	0.0206922430418644	0.0004281689221035	0.0007682129038086	0.0597065514541412	-0.0302649853549753	0.0009159693385368	0.003564872286546	-0.0793992311893561	-0.0312934259597455	0.0063042379134608	0.000979278508298	0.0006159808575469	0.0002389699207547	5.7106623025507615e-08	3.794324168642144e-07	9.162903775616904e-05	0.0001685745891768	8.395880560121452e-09	2.8417392116144044e-08	0.0004189719788598	0.0001299577745558	1.755375190696967e-07	1.6889023167522127e-08	0.0	0.0	0.0	0.0	0.0	0.0	0.0	0.0	0.0	0.0	0.0	0.0	0.0	0.0	0.0
938.704216282222	-1.594814432334374	2.543433073582012	881165.6056660205	1230.383947430235	-0.2071605335581807	0.0429154866641101	1513844.658094007	859.2890885607189	0.1084275601832587	738377.737719511	0.0117565358072941	920.2599240653444	883.3449226434283	1.275912	21.885942	0.1015957021058704	0.0797308068762407	0.0083873103	0.0223000714	0.1501643122	0.116541886	-0.0894748105	0.0238840638	0.1130578292	0.0556400416	0.102078798	0.0734538403	0.0021849015	0.0703769042	-0.0113901654	-0.061611023	-0.062330501	-0.0551763326	-0.0951949497	-0.1085320369	0.0361741047	0.1001708948	0.001555864	-0.0386552955	0.0196020068	0.0404324291	0.133195685	-0.1125233085	-0.1510661042	0.0441962311	-0.0156511508	-0.0453080402	0.168722521	0.0297551124	-0.0578466468	0.1508024141	-0.0193102192	-0.0863199163	-0.0180246426	0.1024399994	-0.0113466532	0.0175884912	0.0460871231	-0.1386568677	-0.018055116	-0.039244867	-0.053073281	0.1401406744	0.0603439533	-0.100163962	-0.1053680672	0.1245872779	0.0565420068	0.0099279909	0.0272273745	0.0472598157	0.0238804045	0.0268284567	0.0351202624	-0.1220359822	0.0671084795	-0.171760575	-0.0300875365	0.1020524133	-0.0007199832	0.1141034564	0.1293125293	-0.0152344816	0.0837351097	-0.0857845028	-0.1322867279	-0.1493842402	0.0561695861	-0.114089756	0.0471738737	0.0135408561	0.0706834009	-0.0831224544	0.092063995	0.0726114422	0.0665429997	0.0043741343	-0.1082622711	-0.1150434033	-0.1224727692	0.0056233754	0.2290434478	0.1417411088	0.2301357305	-0.0545643044	0.0069941533	0.0548653373	0.0509492478	0.0824514265	-0.1003123343	0.080581673	-0.0101110906	0.0508077024	-0.1232925447	0.1063942335	-0.0799246852	0.027898413760667	0.0001817598535182	3.3036644350993075e-08	0.0007783214903613	0.1383095487159664	0.0786029972618252	0.0061784311785425	0.0191295312660142	-0.0868831616668615	-0.0074839304775053	0.0075486837812299	5.600921539213415e-05	0.0005429523651927	-7.30284923542001e-05	5.333160695527462e-09	2.94797270868347e-07	0.0001631576056082	7.152856785203095e-05	2.6620404267800934e-08	5.116336018962596e-09	0.000580955208914	0.0001619832300542	3.375089547643094e-07	2.6238566818791888e-08	0.0	0.0	0.0	0.0	0.0	0.0	0.0	0.0	0.0	0.0	0.0	0.0	0.0	0.0	0.0
938.113665571972	-0.5905507102499996	0.348750141376779	880057.2495328817	1232.3911366318212	2.007189201586243	4.02880849096442	1518787.9136486722	859.3724678235176	0.083379262798644	738521.0384530828	0.0069521014648453	920.5220732845288	876.5327801711268	1.232511	21.141493	0.1030448440457478	0.0549121923491322	0.0554229703	-0.0408661193	0.0415576117	0.0611042044	0.1148050713	0.1204914923	-0.0533659734	0.0767208924	0.0093932454	-0.0491876853	-0.0690326228	-0.0386048899	-0.0609820869	-0.0663491459	-0.0929755218	-0.00536527	0.0161810341	0.058783936	0.1256654253	-0.1042264823	0.0662410133	0.1217855366	-0.0598529642	-0.0316627647	0.1782847191	0.0616306128	0.0159124014	-0.0095792702	0.1701071152	-0.0763592018	0.146679538	-0.1144355416	0.049527113	0.211425758	-0.0921735685	-0.0490206547	0.0023527017	-0.0323905535	0.0546114349	-0.0963801992	0.0204188404	0.0521810726	0.1086621314	0.1386436087	-0.0034295925	-0.0584271686	0.0258516691	0.0141743868	0.0599545711	0.0994394402	-0.0901849419	-0.1097761545	0.0639648417	0.0095341151	-0.043049504	-0.0607882075	0.041093922	0.078583015	-0.0292963704	-0.0026976428	-0.00634658	0.1919525565	0.0093897764	0.0447998492	-0.1651652738	-0.0634187213	-0.0383624635	-0.0720082643	0.0059667461	-0.048972599	-0.1279806868	0.0220386488	-0.1025609186	0.0247412839	0.0371511778	-0.0407920814	0.1524343237	0.0190024221	0.025901245	-0.0735576926	-0.0729374578	0.0682344819	-0.0589141956	-0.0990462596	-0.1072595072	0.1764881698	0.077117469	-0.0327983118	-0.0284341347	-0.1439737664	-0.0088186702	0.1568520503	-0.0590511906	0.1401094848	-0.0328885935	0.0192128061	-0.1242524367	0.1100753719	-0.0876327994	0.0459110573062844	0.0180126435456174	0.0003244553275014	0.0021078251829809	0.1157841352171118	-0.0225254134988546	0.0005073942532943	0.0134059659679744	-0.0752897470798217	0.0115934145870398	0.0056685460153435	0.0001344072617869	-0.0001650375169257	-0.0007079898821183	5.012496731820258e-07	2.7237381993000722e-08	9.093252676017904e-05	-7.222507884802095e-05	8.268724422990679e-09	5.216462014602843e-09	0.0008190076962323	0.0002380524873182	6.707736064877393e-07	5.666898671842936e-08	0.0	0.0	0.0	0.0	0.0	0.0	0.0	0.0	0.0	0.0	0.0	0.0	0.0	0.0	0.0
940.0837195032616	1.9700539312896128	3.881112492189658	883757.3996750871	1233.4680989120943	1.0769622802731649	1.1598477531311744	1521443.551033816	859.5643181263936	0.1918503028759914	738850.816996092	0.0368065387136096	920.458454906046	881.3316277812711	1.273426	21.843311	0.0326729887906677	0.0254874077300958	0.0831207872	0.0393542296	-0.0017624306	-0.2115032197	0.0625615624	0.1220062052	-0.1272327615	-0.1414950672	-0.0544879121	-0.0102943426	-0.0891469392	0.0171094732	0.129965928	0.0966131998	0.0293923817	0.1303607148	0.0922264226	0.0300372276	-0.1421448836	-0.0520527737	-0.0237000066	-0.0165039373	0.1567096288	0.168855573	0.1586766274	0.1138389159	-0.0811979857	0.0209825439	0.0325702255	0.0521757311	0.046890103	-0.0697466115	0.0204039487	-0.0707705457	-0.0094520705	0.0905765139	0.1552485774	0.043958562	0.1373175303	0.0027961453	0.0227137643	0.0218967927	0.1725492731	0.0079408696	0.0001905926	-0.0647372632	0.0404012373	0.008935848	0.1010261404	-0.1510812978	0.0006990878	-0.0525545344	-0.1102040767	-0.0189576419	0.1576034324	-0.1062893354	-0.0420116386	-0.0606034609	0.0283373189	-0.0680141764	-0.0654446925	-0.0394349995	0.0383128337	0.0613294907	0.0793286296	-0.2186288921	0.1034408185	0.052028644	-0.109044461	-0.0804194848	-0.0365741095	0.0359799816	0.0603346448	0.015111103	-0.0633320983	-0.0622466449	0.1012128822	-0.1212979746	-0.0298988215	0.0248127798	-0.0297892263	0.0154915768	-0.0849959822	-0.1571745585	-0.0468166904	0.0831673348	0.0742040133	0.0912664895	0.1567070298	0.0114655673	-0.0082768394	0.0269229438	0.0584768335	0.073087008	0.1596250417	0.0368933654	-0.1251271724	0.1134548014	-0.0948006283	0.0459108289448408	-2.283614436021653e-07	5.21489489240649e-14	0.0021078042144024	0.0913779562349503	-0.0244061789821614	0.0005956615725093	0.0083499308856764	-0.074626613759122	0.0006631333206996	0.0055691314811531	4.397458010222101e-07	-1.303727693415923e-05	0.0001520002399915	2.3104072957485997e-08	1.6997058985796027e-10	9.099459744099649e-05	6.207068081744118e-08	8.280016763449004e-09	3.852769417140659e-15	0.0008190010443774	-6.651854900013507e-09	6.707627106912719e-07	4.42471736108337e-17	0.0	0.0	0.0	0.0	0.0	0.0	0.0	0.0	0.0	0.0	0.0	0.0	0.0	0.0	0.0
940.8945831611384	0.81086365787678	0.6574998716653118	885282.6166219723	1229.9167045824456	-3.5513943296487014	12.612401684660949	1512695.1002109428	859.6609786255835	0.0966604991899657	739016.998171496	0.0093432521036533	919.309860509392	894.7116117683246	1.421798	24.388355	0.1080983280872742	0.0640408898685699	0.0012996979	0.209751821	-0.0585923471	0.0258023868	-0.0559850659	0.1242231757	0.0737665336	0.0348379385	0.0830506199	-0.0176876814	0.040021203	-0.0006289584	0.115327001	0.0954536609	0.1383047093	0.0784949833	0.0042825371	-0.0997099706	0.0025541908	0.0437381413	0.1094793584	-0.0305037351	-0.0839067037	-0.0708195388	0.12994878	0.0199097241	-0.0270762958	-0.1640275162	-0.0085286072	-0.0988311203	-0.016520056	0.0930102377	0.0406386918	-0.0207085753	0.1054200642	-0.1432706844	0.0117682325	-0.0617028295	0.0622634689	-0.0072642586	0.0172775875	-0.1219356296	0.1409359528	-0.0608984603	0.063261905	-0.0071297307	0.0097664927	-0.0300636526	-0.1477030313	-0.1119838678	-0.0212445642	-0.0305551155	-0.000100981	-0.0151835604	0.0266902336	0.0627299863	0.0331800719	0.0062483984	0.1279525173	-0.1028904042	0.0328493152	0.0955116164	0.1703881485	-0.0136681499	-0.0924412594	-0.0417273282	0.0188358584	-0.0125553528	-0.058663158	0.1404669328	0.042428984	-0.0435708222	0.0231996756	0.0263949401	0.0961000801	-0.1313646079	0.0924853801	-0.0394036661	-0.0025344056	0.1829668146	-0.0106756982	0.0609010813	-0.0918897104	0.0148300951	0.02049057	0.0777082181	0.1303607912	0.0573690583	-0.1150706317	-0.0914702911	0.0929119342	0.1298209707	-0.0008842106	0.098928679	0.0595701173	-0.1196216734	-0.1259161521	0.1165232592	-0.1013839798	0.0460165732952901	0.0001057443504493	1.1181867651945718e-08	0.0021175250178408	0.1496073540249085	0.0582293977899581	0.0033906627669811	0.0223823603783343	-0.0564151874675928	0.0182114262915291	0.0031826733770036	0.0003316560475718	-7.71009051171077e-05	-6.406362818294848e-05	4.104148455963071e-09	5.944549569877245e-09	0.000375979429162	0.000284984831721	1.413605311529834e-07	8.121635431104871e-08	0.0005370143111746	-0.0002819867332027	2.8838437040633014e-07	7.951651770238708e-08	0.0	0.0	0.0	0.0	0.0	0.0	0.0	0.0	0.0	0.0	0.0	0.0	0.0	0.0	0.0
939.7292223362474	-1.1653608248909677	1.3580658521905566	883091.0113126884	1235.738637265292	5.821932682846409	33.89490016359519	1527049.979630281	859.3268648996002	-0.3341137259833431	738442.6607381757	0.1116319818904724	920.7545277466702	893.3497831715097	1.235211	21.187794	0.0725524003445974	0.0361608643520829	-0.0421096424	0.131891042	0.0446487904	0.0720867322	0.0759052342	-0.0348928289	0.0320841025	0.181670708	-0.042033161	-0.051822333	0.0564447836	-0.0605381342	-0.0154392294	0.0172631898	0.0537596625	-0.1054733438	-0.0956392306	-0.0136605452	0.0693920305	0.0330155165	0.1223543677	0.0387684397	-0.0210616431	-0.0323299631	0.0303071908	0.1210550236	-0.0503365779	-0.0268284168	-0.1706826021	-0.0681285423	-0.0036326996	0.0285260054	0.0605517043	0.0090745899	-0.0646607407	0.0979217142	-0.1289146207	-0.1638565692	-0.1014261758	0.0148163703	0.1794832272	0.022312191	-0.085935855	-0.0472880823	0.1137245589	0.0106386258	-0.0107113834	0.0918417557	-0.0961610568	0.0835209506	-0.0096425739	-0.0031354124	0.0754685488	0.0198551624	-0.0851475454	0.0397460542	0.059343523	0.0689424889	-0.0155018883	-0.0822101302	-0.0655970496	-0.0317435323	0.1144187869	0.0315840504	0.0219987157	-0.093608517	0.0212852776	-0.0495263846	0.1279435165	0.082558351	-0.0059224466	-0.1104890957	-0.1262745028	0.0181608148	-0.0029511707	-0.0816356964	0.0920407537	0.0323637264	0.0719548739	0.0193870698	-0.0281682581	0.0522080861	-0.0693431234	-0.0240578774	0.0305909616	0.0752083776	0.093453041	0.0288309465	0.0175876036	-0.0557122109	0.0621176056	0.0053259046	-0.1294600918	0.0437634853	-0.0081675592	0.0720429915	-0.1266188352	0.1192723348	-0.1073422654	0.0459111655384418	-0.0001054077568483	1.111079520379057e-08	0.0021078351210982	0.1249351837193302	-0.0246721703055782	0.0006087159875874	0.0156088001309827	-0.0434901357968016	0.0129250516707912	0.0018913919116242	0.0001670569606926	-0.0002070367851955	-0.0001299358800783	1.6883332931746343e-08	4.286423042408761e-08	9.091504837099862e-05	-0.000285064380791	8.265546020301021e-09	8.126170119575706e-08	0.0008190094625328	0.0002819951513582	6.70776499718266e-07	7.952126538953413e-08	0.0	0.0	0.0	0.0	0.0	0.0	0.0	0.0	0.0	0.0	0.0	0.0	0.0	0.0	0.0
941.0719998499118	1.3427775136643731	1.803051451202676	885616.5089015124	1236.937130136201	1.1984928709089218	1.4363851616195094	1530013.4639095808	859.8034229767628	0.4765580771626219	739261.9261625581	0.2271076009089354	920.7679179065952	877.0540416854749	1.399586	24.007345	0.2167665264182927	0.1131369545044966	0.081432477	-0.060962301	0.0561424265	-0.0731570653	0.0556773005	-0.1148839465	-0.0687466177	-0.0838946579	-0.0315459003	0.0852047185	-0.0055277888	0.0086193939	-0.0105176008	-0.0671501775	-0.102215482	-0.0381542256	0.07854781	0.0477442462	-0.1159157145	0.0549032465	0.0575287374	-0.0747731582	-0.0571649554	0.0198595325	0.0784024659	0.0244624273	0.0939620344	-0.1659414095	-0.1115463268	-0.0061459593	-0.1388039024	0.034791302	-0.0801023788	0.0628850809	0.0395286562	0.140903004	0.2207148038	-0.1666737882	0.0095711708	-0.0052348685	-0.168811371	0.1863808785	-0.1279562479	0.0073944282	0.0403115101	0.0898967182	-0.0934453031	-0.0090511219	0.1415990073	0.0191335632	0.0389523116	0.0560249786	-0.0102354373	-0.0232266411	0.0480439972	-0.0348725444	-0.0592051245	0.0135358789	0.0818108887	-0.060491688	0.0711879031	0.0382843054	0.1127366757	0.0742461139	-0.1367714401	-0.0397436048	0.0072498872	-0.099396813	0.0482433887	0.1616663651	-0.1472450184	0.1119569443	0.1009587128	0.0502852408	-0.1256308468	-0.022458535	0.1678259543	-0.029122592	0.0981085913	-0.0390542807	-0.0275157211	0.0745113196	-0.0824798802	-0.1087667956	-0.1014369812	0.0193632025	-0.0931922305	0.020795637	-0.0955900096	0.1154465717	0.0403691292	-0.0358474915	-0.0284328364	-0.0204319677	0.1526676286	0.0550416931	-0.1272347401	0.1216944932	-0.1126387502	0.0637697912424783	0.0178586257040364	0.0003189305120368	0.0040665862751092	0.0660678270588448	-0.0588673566604854	0.0034653656801927	0.0043649577722774	-0.1238231881493874	-0.0803330523525858	0.0153321819234785	0.0064533993002832	0.000270893066546	0.0004779298517415	2.2841694318565218e-07	7.33830535026956e-08	0.0004570630716935	0.0003661480233225	2.0890665150589758e-07	1.3406437498297502e-07	0.0004689375035731	-0.0003500719589597	2.1990238225737121e-07	1.2255037644988192e-07	0.0	0.0	0.0	0.0	0.0	0.0	0.0	0.0	0.0	0.0	0.0	0.0	0.0	0.0	0.0
940.1861073927968	-0.8858924571150055	0.7848054455732619	883949.9165344196	1232.776921081543	-4.160209054658026	17.307339378458625	1519738.9371512886	859.6568276906094	-0.146595286153456	739009.8613950821	0.0214901779224136	921.124383083511	882.90816858964	1.324919	22.726574	0.1454779301987022	0.0736791087684345	0.0619861536	-0.0482347314	-0.1499915529	0.032249921	-0.1339490393	-0.022526086	0.0179372456	-0.0738553196	0.1156869563	-0.0597292713	0.0144855749	0.0550450377	0.0141341956	0.0132576216	-0.0063254229	0.030682582	0.1421918105	-0.0469500032	0.0411959813	0.0342934675	0.0953021446	0.0595708791	-0.1296702928	0.0248841368	-0.094984167	-0.1082705429	-0.0459129026	-0.1141313682	-0.0306717283	-0.0438133499	0.0466251389	-0.1316608321	0.0282036333	-0.1248178198	0.1062079371	-0.1950883156	-0.1427780849	-0.0217690432	0.0450429051	-0.0517007518	-0.055172638	0.0027804337	0.0352373515	-0.0319701034	0.1370572643	0.0029420512	0.0328687386	-0.1045040911	-0.0121208655	-0.0626797773	-0.115775669	0.0394805324	0.0462634942	-0.0696223446	-0.0038467564	0.0787368442	-0.0745334084	0.0577053991	0.0501427262	-0.0001636224	-0.0105621574	0.1235950512	0.1057049127	-0.072139634	0.1263904714	0.0869217466	-0.0770749491	0.0581995657	-0.0668523204	0.0237149875	-0.0288447708	-0.0410983073	0.0200122298	0.0434966401	0.0743104472	-0.053800983	0.1189776622	-0.1194216155	-0.003851895	-0.0088356755	0.0204458057	-0.045448743	-0.0324255672	-0.0663127227	-0.0443865029	-0.0040846841	-0.0849714031	-0.0346928205	0.1095729024	-0.0545402522	0.0979906683	0.1234434243	0.1554972916	-0.1100016136	-0.0295826324	-0.0681709389	-0.1277634447	0.1237830955	-0.1172407796	0.033860212626223	-0.0299095786162552	0.0008945828930019	0.001146513999093	0.1127067448037451	0.0466389177449002	0.0021751886484155	0.0127028103242565	-0.0821394042029908	0.0416837839463966	0.0067468817228223	0.0017375378440898	0.0001789312116407	-9.19618549053e-05	8.45698275762345e-09	3.201637849920898e-08	0.0006520184373275	0.000194955365634	4.251280426149951e-07	3.8007594589486645e-08	0.0002109417262894	-0.0002579957772837	4.449641188995215e-08	6.656182109622053e-08	0.0	0.0	0.0	0.0	0.0	0.0	0.0	0.0	0.0	0.0	0.0	0.0	0.0	0.0	0.0
939.4338409615792	-0.7522664312175493	0.5659047835367879	882535.9415438257	1236.3372283935546	3.5603073120116733	12.675788155963788	1528529.7423118565	859.1201427038696	-0.536684986739715	738087.4195995174	0.288030774991808	922.6375403666642	889.7714370535432	1.177413	20.196377	0.0530284214069543	0.0243966804008695	-0.0562906164	0.0404112338	-0.1574265829	-0.0007094328	0.0517347989	-0.0396162533	0.0128857597	0.0379649388	-0.0412626381	-0.1401930041	0.078394263	0.0231658756	-0.0577212335	0.0540816967	0.0986817301	-0.0126152242	0.1022747653	0.0588784316	0.0536223991	0.0521006199	-0.0458881407	0.047060497	0.0094034616	0.0620832695	0.1360605385	0.1030409061	-0.1192214792	0.013961234	-0.0398697974	-0.0371034653	0.0661052426	0.1768853392	0.0556197382	0.0121662955	0.193750033	0.016627199	-0.0604849204	-0.0673037882	-0.0625056907	-0.0137764641	0.0063145956	0.0195229037	-0.021643545	0.0456307536	0.0920134907	-0.004533504	0.1085918276	0.0858497162	-0.0183261379	-0.0500723529	-0.1294161187	0.09437866	-0.0370604808	0.0525193012	-0.068812072	-0.0055940025	0.067882738	-0.0330766496	-0.0073959005	-0.1133950285	-0.0974205986	0.0680159554	-0.0626136794	0.1181032094	0.1227715691	-0.0080510277	0.0566313794	0.0804299208	0.0327952303	0.1639587788	-0.0347685358	-0.0145051516	-0.1027422103	0.0390301812	-0.023331138	0.0125938184	0.1307633286	-0.0279832713	-0.0576184883	0.0588180427	0.0877262176	0.0458715104	-0.0280105552	-0.1072538164	0.0447456411	0.0235463025	-0.037548654	0.0190869019	0.0351077219	-0.0009521729	0.082298043	0.0153440045	0.0720261721	-0.0317727199	-0.0883209763	-0.0075014281	-0.1282045865	0.1255324169	-0.1211199807	0.0337505104727284	-0.0001097021534945	1.203456248135173e-08	0.0011390969571697	0.0962913250691315	-0.0164154197346135	0.0002694660050635	0.0092720192835691	-0.0924971239200402	-0.0103577197170493	0.0085557179334792	0.0001072823577369	-7.703188645613585e-05	-0.0002559630980968	6.551710758733043e-08	5.933911530991005e-09	0.0004559940941113	-0.0001960243432162	2.0793061386438517e-07	3.8425543133342586e-08	0.0001400175715665	-7.09241547229e-05	1.960492034737995e-08	5.030235723157859e-09	0.0	0.0	0.0	0.0	0.0	0.0	0.0	0.0	0.0	0.0	0.0	0.0	0.0	0.0	0.0
939.6976933647172	0.2638524031380029	0.0696180906416992	883031.7549149701	1231.821256232984	-4.515972160570527	20.394004555048035	1517383.607307407	859.2989797262577	0.178837022388052	738394.7365585874	0.0319826805766246	918.6474496906104	875.373673369044	1.272044	21.819607	0.1676339579490545	0.0773146972547692	-0.0903047336	0.0274134489	0.0320920457	-0.0620979215	-0.0866558885	0.0152720404	0.0757361341	-0.0381897079	-0.066701036	0.0585733623	-0.0391963408	-0.0659638296	-0.1419115378	-0.0065040206	0.0765834301	-0.0180722058	-0.1190466497	-0.0952300721	-0.1522739121	-0.1193413722	-0.0214054833	0.0709712593	-0.0291280808	0.0091266616	-0.0412761809	0.081195612	-0.0116342685	-0.0617823527	-0.0103190077	-0.0506351249	-0.0988885902	0.1033633075	0.0142189883	-0.0494260391	0.0534331795	0.0109489242	-0.0452329593	0.0455637091	0.0432424714	-0.0263821144	0.0474567126	0.1354566949	0.077204025	-0.0028583682	-0.0969452733	0.1130198309	-0.0199196115	-0.0102248459	-0.079704882	-0.057480044	0.1541281094	-0.0040479693	-0.0948902704	-0.066138046	-0.0708221524	-0.0844046456	0.0204282807	0.1281764325	-0.090575188	0.0323793189	-0.0765647077	0.0123617663	0.0134713634	0.0371664388	-0.0353419999	-0.0307282667	-0.0727654048	0.0786510088	0.0185433092	0.0866308282	0.1863714775	-0.0806260805	0.0693856082	0.0043134386	-0.0249301233	-0.1210167431	-0.0009421022	0.0830190134	0.0567790275	0.0872735791	0.1851608076	0.0561739815	0.3072232369	-0.1065392693	0.0002918424	-0.3158808987	-0.095120427	-0.0598587062	-0.0067798719	0.0659452873	0.0385029294	-0.0009166723	0.0196727553	-0.1002253074	0.0089114882	-0.1496540914	-0.1285578634	0.1269376627	-0.1242524367	0.0763672206907699	0.0426167102180415	0.0018161839898085	0.0058319523960327	0.089740163407427	-0.0065511616617044	4.291771911778682e-05	0.0080532969283917	-0.0684928724232634	0.0240042514967767	0.0046912735727894	0.0005762040899205	0.0003938168685367	0.0004708487549928	2.2169855007830358e-07	1.5509172594405245e-07	0.0005222619378149	6.626784370359994e-05	2.727575316901744e-07	4.39142710912475e-09	-0.0012121025211877	-0.0013521200927542	1.4691925218695788e-06	1.8282287452296263e-06	0.0	0.0	0.0	0.0	0.0	0.0	0.0	0.0	0.0	0.0	0.0	0.0	0.0	0.0	0.0
941.1605233298568	1.4628299651395764	2.1398715069102545	885783.1306745299	1233.6687576987526	1.847501465768573	3.4132616660170267	1521938.6037219835	860.8281739233861	1.5291941971283904	741025.1450202714	2.3384348925311427	921.1388386105616	889.616015553646	1.100543	18.877806	0.1115751067680926	0.0563419032812808	-0.0575999021	0.0375035223	0.1069658465	0.1080890487	-0.0243987648	0.0040481671	0.0499084958	0.0794940522	-0.0184243548	0.1086142823	-0.1429652783	-0.0385640603	0.0356268916	-0.0837173909	0.0006867374	0.0715398768	-0.1857013146	-0.0023081904	0.0711772702	0.0528484785	-0.0458714544	0.1478419358	0.0496963074	0.0659716722	-0.0854707676	-0.038300579	0.0066186263	-0.0392739722	-0.007417723	0.0095491649	0.0742468806	0.112283586	-0.0357933291	-0.232608335	0.1036815694	-0.0339171455	-0.0124318645	-0.028864294	0.0484461395	-0.1685704946	0.0093173796	5.52355e-05	-0.0020996631	0.1401720484	-0.0486918923	0.1951277193	0.018591249	0.0294335571	-0.0942817561	0.0925506093	0.0620035279	-0.1107859214	-0.0444352528	0.1128695127	0.096527611	-0.0202152504	-0.0887756733	0.1531680961	0.0109929439	0.0488529938	-0.041756511	-0.0292994925	-0.152258494	0.0293426364	0.0858410115	0.0453238927	-0.0533569028	0.0492521685	-0.1625777369	-0.0046805871	0.0077170109	-0.0711555059	-0.0382211725	0.0153144702	0.0754785841	-0.0493431381	0.0057581652	0.1142484211	0.097571383	0.0257032398	0.1517198344	-0.0630157274	0.1582089287	-0.0700701292	0.0668472305	-0.0905170407	-0.1944095481	-0.0568044938	0.0447716646	0.0661548858	-0.0968770445	0.0814173089	-0.0812368733	-0.1877839858	-0.0909412241	-0.089275498	-0.1288230331	0.1279949812	-0.1266188352	0.0358284819366758	-0.0405387387540941	0.0016433893397726	0.0012836801178867	0.1281184505255055	0.0383782871180784	0.0014728929221176	0.0164143373650564	-0.0683361555827133	0.0001567168405501	0.0046698301598247	2.4560168112006383e-08	0.0001886897451524	-0.0002051271233842	4.2077136747917834e-08	3.5603819925677664e-08	0.0004554214389971	-6.684049881779992e-05	2.074086870981893e-07	4.467652282212313e-09	-0.0008340428622824	0.0003780596589053	6.956274961242185e-07	1.4292910569159182e-07	0.0	0.0	0.0	0.0	0.0	0.0	0.0	0.0	0.0	0.0	0.0	0.0	0.0	0.0	0.0
939.866148641874	-1.294374687982781	1.6754058328905226	883348.3773629093	1230.0835562966088	-3.5852014021438663	12.853669093934345	1513105.5554713125	859.4042195093672	-1.4239544140189082	738575.6125105046	2.0276461732039324	920.9892959637136	881.0348503003017	1.030334	17.673512	0.0950378552609624	0.0519526141550824	-0.0136007067	-0.0383498135	0.0954399927	0.0189897671	0.0863248873	-0.0435573729	-0.0486562978	0.0619923415	-0.1111463815	0.0339967418	0.0670669929	0.0251638052	-0.0196857973	-0.1402404568	-0.0024585858	-0.1344458327	-0.0725878553	0.1165820908	0.0131124771	0.0518647403	0.0733022833	-0.0500938388	0.1205781393	0.0982104256	-0.0910445293	0.0004386427	-0.0319224878	0.1271023327	0.1245771614	-0.0468037538	0.0556196022	0.1573897948	-0.0738785269	-0.1562697764	-0.0170322102	-0.037999351	-0.0006736138	-0.0518174881	0.0023702346	0.0531159524	0.12771953	0.060818834	0.0173899459	-0.0985010837	-0.0294117926	-0.209682515	-0.1813110615	0.1157555602	0.0500944498	0.1154971271	0.0621644411	0.0510883056	0.080660471	0.0316023272	0.0399818647	0.0322538664	0.012920123	-0.0339110717	-0.020887704	0.0141337937	-0.0723216609	-0.2152167995	-0.0895191703	0.1367264821	0.1268265545	-0.0167675575	-0.1292622714	0.0786741407	-0.0645101121	0.0272985632	0.2405792285	0.0681248453	-0.1355909081	-0.0295712146	-0.0741637555	-0.0246846303	-0.0876866708	0.0402287067	0.0619941738	-0.0378248995	0.089680586	-0.0937772051	0.1054425468	-0.1177365039	0.1904310299	-0.1429232157	-0.1685044486	-0.0437153859	-0.0317183547	-0.0006953711	0.0278471361	0.039552927	-0.0067880202	0.0170146781	0.0852978505	-0.0393235999	-0.1289999139	0.1287014744	-0.1282045865	0.0172290628303244	-0.0185994191063514	0.0003459383910937	0.0002968406060112	0.0991669675182862	-0.0289514830072192	0.0008381883683173	0.0098340874467728	-0.0279482843427416	0.0403878712399717	0.0007811065977027	0.0016311801432965	0.000246670860686	5.798111553359999e-05	3.36180975852067e-09	6.084651351157203e-08	0.0004554076181322	-1.3820864900020852e-08	2.073960986528437e-07	1.9101630658462838e-16	-0.0007500561605325	8.398670174990003e-05	5.625842439527554e-07	7.0537660708266605e-09	0.0	0.0	0.0	0.0	0.0	0.0	0.0	0.0	0.0	0.0	0.0	0.0	0.0	0.0	0.0
938.8851502903016	-0.9809983515724524	0.9623577657878692	881505.3254356422	1234.683592594031	4.600036297422321	21.160333937602854	1524443.5738209034	859.7218301320156	0.3176106226484307	739121.6252055423	0.1008765076191238	919.7761112062584	861.2209080208977	1.246897	21.38825	0.0360244436693797	0.0226586797796985	0.0396740766	-0.1448725571	0.0880674592	-0.0848790124	-0.0087722378	0.0292449769	-0.0042888508	-0.0873663852	0.0322099787	0.0210858179	0.0131739651	-0.0079554022	-0.0685587976	-0.026834677	-0.1267618257	-0.0285929792	0.0119966289	-0.0134112629	-0.0593119498	-0.0052048107	0.0570492016	-0.1177471664	-0.0800069004	-0.011199161	-0.0078416137	-0.0042524609	0.1186351409	0.0671034477	0.0282458408	-0.0547609883	-0.0357797242	0.0950699158	0.0911532528	0.0094094077	0.0040861153	0.0205401982	0.1278578759	0.1006041751	0.0622918452	-0.0808380448	0.1259246661	-0.0848211558	0.0076719723	-0.0720124851	-0.0111195644	-0.0132929547	-0.0917400611	-0.1037092824	0.0688118649	0.0354832766	0.0537857379	0.0417612135	0.0401886274	-0.0422136445	-0.0499001016	-0.0346064615	-0.0354476075	-0.0126473301	-0.0046956634	0.0269726371	0.1061412573	-0.0491254696	-0.0171465803	0.1379453995	-0.0901923922	-0.0875528784	-0.072869545	-0.0891189292	0.0165786873	0.0698677088	0.0938173861	0.0793121869	0.0992593203	0.0060576156	-0.0314058973	-0.0271079973	-0.0897389782	0.0168324319	0.056392109	-0.0939426687	0.0097474261	-0.0470269323	0.0756268145	-0.1303019199	-0.0185393409	-0.1562996377	-0.1548760185	0.021121888	-0.1724212652	0.0191553615	-0.0025098066	0.004991249	-0.0308609648	-0.0711714742	0.064808651	0.1186303868	-0.1290883846	0.1290552057	-0.1289999139	0.0168040942553062	-0.0004249685750182	1.8059828975300038e-07	0.0002823775837412	0.0863146000435648	-0.0128523674747214	0.0001651833497052	0.0074502101806805	-0.0464453724342917	-0.0184970880915501	0.00215717262056	0.0003421422678665	0.0002521743381789	5.503477492900001e-06	3.0288264514856884e-11	6.359189683596622e-08	0.0004929105762876	3.750295815540004e-05	2.42960836216174e-07	1.4064718704056862e-09	-0.000708062205619	4.199395491349999e-05	5.01352087026043e-07	1.7634922492770696e-09	0.0	0.0	0.0	0.0	0.0	0.0	0.0	0.0	0.0	0.0	0.0	0.0	0.0	0.0	0.0
