global_signal	global_signal_derivative1	global_signal_derivative1_power2	global_signal_power2	csf	csf_derivative1	csf_derivative1_power2	csf_power2	white_matter	white_matter_derivative1	white_matter_derivative1_power2	white_matter_power2	csf_wm	tcompcor	std_dvars	dvars	framewise_displacement	rmsd	t_comp_cor_00	t_comp_cor_01	t_comp_cor_02	t_comp_cor_03	t_comp_cor_04	t_comp_cor_05	t_comp_cor_06	c_comp_cor_00	c_comp_cor_01	c_comp_cor_02	c_comp_cor_03	c_comp_cor_04	c_comp_cor_05	c_comp_cor_06	w_comp_cor_00	w_comp_cor_01	w_comp_cor_02	w_comp_cor_03	w_comp_cor_04	w_comp_cor_05	w_comp_cor_06	w_comp_cor_07	w_comp_cor_08	w_comp_cor_09	w_comp_cor_10	w_comp_cor_11	w_comp_cor_12	w_comp_cor_13	w_comp_cor_14	w_comp_cor_15	w_comp_cor_16	w_comp_cor_17	w_comp_cor_18	w_comp_cor_19	w_comp_cor_20	w_comp_cor_21	w_comp_cor_22	w_comp_cor_23	w_comp_cor_24	w_comp_cor_25	w_comp_cor_26	w_comp_cor_27	w_comp_cor_28	a_comp_cor_00	a_comp_cor_01	a_comp_cor_02	a_comp_cor_03	a_comp_cor_04	a_comp_cor_05	a_comp_cor_06	a_comp_cor_07	a_comp_cor_08	a_comp_cor_09	a_comp_cor_10	a_comp_cor_11	a_comp_cor_12	a_comp_cor_13	a_comp_cor_14	a_comp_cor_15	a_comp_cor_16	a_comp_cor_17	a_comp_cor_18	a_comp_cor_19	a_comp_cor_20	a_comp_cor_21	edge_comp_00	edge_comp_01	edge_comp_02	edge_comp_03	edge_comp_04	edge_comp_05	edge_comp_06	edge_comp_07	edge_comp_08	edge_comp_09	edge_comp_10	edge_comp_11	edge_comp_12	edge_comp_13	edge_comp_14	edge_comp_15	edge_comp_16	edge_comp_17	edge_comp_18	edge_comp_19	edge_comp_20	edge_comp_21	edge_comp_22	edge_comp_23	cosine00	cosine01	cosine02	trans_x	trans_x_derivative1	trans_x_derivative1_power2	trans_x_power2	trans_y	trans_y_derivative1	trans_y_derivative1_power2	trans_y_power2	trans_z	trans_z_derivative1	trans_z_power2	trans_z_derivative1_power2	rot_x	rot_x_derivative1	rot_x_power2	rot_x_derivative1_power2	rot_y	rot_y_derivative1	rot_y_derivative1_power2	rot_y_power2	rot_z	rot_z_derivative1	rot_z_derivative1_power2	rot_z_power2	motion_outlier00	motion_outlier01	motion_outlier02	motion_outlier03	motion_outlier04	motion_outlier05	motion_outlier06	motion_outlier07	motion_outlier08	motion_outlier09	motion_outlier10	motion_outlier11	motion_outlier12	motion_outlier13	motion_outlier14	motion_outlier15	motion_outlier16	motion_outlier17	motion_outlier18	motion_outlier19	motion_outlier20	motion_outlier21	motion_outlier22	motion_outlier23	motion_outlier24	motion_outlier25	motion_outlier26	motion_outlier27	motion_outlier28	motion_outlier29	motion_outlier30
979.8439368274096	n/a	n/a	960094.1405374368	1235.4470113118489	n/a	n/a	1526329.3177593795	897.5542032075621	n/a	n/a	805603.5476955617	930.040024166604	917.9901877958662	n/a	n/a	n/a	n/a	-0.1568685833	0.1295160333	-0.1058215584	0.1088230728	-0.0398796915	0.0840744907	-0.1414464591	0.0412180699	-0.1137648526	0.0555721352	-0.1394006513	0.5113250574	0.4916294636	-0.235322362	-0.2405030281	0.014249164	-0.0678448608	0.139698207	0.0262039356	-0.0401783371	0.0644661187	-0.0349949593	0.1223979384	-0.1759903904	0.1712180368	-0.0001934539	-0.0276824058	-0.0882819305	0.0165887356	-0.0522257462	0.008256118	-0.1597523237	0.0123295192	-0.0013059955	0.0087294217	-0.0136953171	0.0842213378	-0.1394697357	0.0397355855	-0.0478569711	-0.00647229	0.0638247562	0.0247957393	-0.1942673556	0.0703017971	-0.0157298001	0.0923313824	-0.0452831052	0.0429847888	-0.0090725419	0.237762864	-0.2822004868	0.0046993636	-0.2467348318	0.1135224986	-0.0525072248	0.012724087	-0.2250167587	0.0022612564	-0.1087266812	0.0465538957	-0.240710728	0.0008723593	-0.1296247385	0.0913548801	0.0122679833	-0.1477632299	0.231536597	-0.0721816164	-0.0775751642	0.0903832438	-0.0037964053	0.1386597668	-0.0162522251	0.042042526	-0.1947144703	0.0152963286	-0.0519853654	0.0271916955	-0.0484335988	0.2008304487	-0.1517702255	0.065906926	-0.1231750704	0.0614103328	-0.0676714948	0.0091861924	-0.0182139796	0.1472237397	0.1290883846	0.1290552057	0.1289999139	-0.0273186488640959	n/a	n/a	0.0007463085757597	0.0262597668807273	n/a	n/a	0.0006895753566301	-0.0768381765020365	n/a	0.0059041053681581	n/a	-0.0009272421607891	n/a	8.597780247448392e-07	n/a	0.0018888729870847	n/a	n/a	3.567841161338277e-06	-0.0008031253264233	n/a	n/a	6.450102899425321e-07	0.0	0.0	0.0	0.0	0.0	0.0	0.0	0.0	0.0	0.0	0.0	0.0	0.0	0.0	0.0	0.0	0.0	0.0	0.0	0.0	0.0	0.0	0.0	0.0	0.0	0.0	0.0	0.0	0.0	0.0	0.0
977.3313939201604	-2.5125429072492125	6.3128718607683245	955176.6535419236	1219.8045804403662	-15.642430871482702	244.6856435691151	1487923.2144632975	897.1209829496645	-0.4332202578975739	0.1876797918528404	804826.0580485722	925.4338885055664	919.6766904858936	1.804163	28.656612	0.1587414193857997	0.0825066098232093	-0.1753596388	-0.0425148466	-0.013886554	-0.0582951655	0.0942108418	0.0992253251	0.0919437333	0.2789258834	-0.0176739409	0.0601974101	0.0545297513	0.0743636069	-0.1957520085	-0.0298191734	-0.1682294937	0.0351159491	-0.0743015416	-0.0672802901	-0.2542946867	0.0453185702	-0.0202820023	0.0739251026	0.0526248436	0.1007807408	0.088711531	-0.0092486086	0.1221965413	0.1175495654	0.1739232704	0.0020335964	0.1676783376	-0.0067764772	-0.1570021969	0.0985561781	-0.0486045118	-0.0441561897	0.0430186407	0.2181794063	-0.0333755125	0.0801018382	-0.0035696017	0.0841649177	-0.0017816497	-0.2141369274	-0.0087398942	-0.0373340128	-0.1282676804	0.2076303099	0.061032675	0.0795666228	0.067531265	-0.0402616505	0.2349613698	-0.0259516746	-0.0854283447	-0.1041641694	-0.0304235611	0.2819263453	0.0810605868	-0.0334391276	-0.0529621117	-0.0909290351	0.1727759712	-0.2351865033	-0.0649059922	-0.1055645323	0.0812158843	0.2722944087	-0.0487297337	-0.0033469619	-0.1449888742	-0.070847664	0.0610567979	0.0624919264	-0.0500253285	-0.0590188227	0.0765380257	-0.057261699	0.0972187756	0.2481221527	0.0152960635	-0.1588279206	0.0017256327	-0.0980464463	-0.1117605569	-0.1538572041	0.133369084	0.1724790841	-0.0376082894	0.1289999139	0.1287014744	0.1282045865	-0.0183021718959963	0.0090164769680996	8.129685691627054e-05	0.0003349694961105	0.0558199733183499	0.0295602064376225	0.0008738058046348	0.0031158694212612	-0.002297109780244	0.0745410667217925	5.276713342492638e-06	0.0055563706280227	-0.0001276951025882	0.0007995470582009	1.630603922501092e-08	6.392754982777133e-07	0.0020000520220682	0.0001111790349835	1.2360777819862346e-08	4.000208090979096e-06	-0.0008048726184046	-1.7472919813000002e-06	3.0530292679152804e-12	6.478199318574768e-07	1.0	0.0	0.0	0.0	0.0	0.0	0.0	0.0	0.0	0.0	0.0	0.0	0.0	0.0	0.0	0.0	0.0	0.0	0.0	0.0	0.0	0.0	0.0	0.0	0.0	0.0	0.0	0.0	0.0	0.0	0.0
974.847837575745	-2.483556344415433	6.16805211588615	950328.306426106	1212.727837167135	-7.076743273231159	50.08029535522246	1470708.8070400772	897.4638591465614	0.3428761968968956	0.1175640863984787	805441.378474239	927.6698771181894	932.3042289522303	1.576829	25.045723	0.0718992753019324	0.0409480999336921	-0.1012316488	-0.1258358495	0.1800274695	0.1627506707	-0.0067850851	-0.1187735831	-0.0656354747	0.1263356877	-0.1403526996	0.1485689537	0.0088852205	-0.1393003995	0.0409501122	-0.0354908775	-0.0526951166	0.1097528249	0.1491351391	-0.0163540068	-0.1338855202	0.1265590951	0.1250815747	0.1331990573	0.0532056502	-0.0370003161	0.0841643845	-0.160921677	0.0277117966	0.0341271368	0.1224909448	0.097066291	-0.0447826586	0.0945908448	-0.0008686884	0.0556290784	-0.0824874715	-0.0086862582	0.1044269372	-0.110789139	0.0298666668	0.0534265877	-0.1177023367	-0.0506431104	-0.0783035569	-0.1076486869	-0.1424485346	0.1731539352	-0.0018667208	0.072210031	0.0830567186	0.132394527	0.0001329285	-0.1782493653	-0.0527896315	0.06277715	-0.1465321341	-0.0174191315	0.0368964296	0.0874035282	0.0300027728	-0.1569743707	-0.0803834378	-0.1810428648	-0.0720449832	0.148303268	-0.0597617199	-0.150246528	0.04719581	0.210022166	-0.124445078	-0.1000303593	-0.0359312298	-0.1114920166	0.1374726455	0.0257693266	0.1067358843	-0.0161693746	-0.0499722204	0.0272528441	0.0075100909	-0.0145435726	-0.1057507315	-0.1256408201	0.0926012126	0.1733774745	-0.1009622908	-0.0815056268	-0.0819908467	-0.0609420383	0.0548689603	0.1288230331	0.1279949812	0.1266188352	-0.013564812194275	0.0047373597017213	2.244257694349293e-05	0.0001840041298659	0.0222753948968943	-0.0335445784214556	0.0011252387414731	0.0004961932178125	0.0081584809173165	0.0104555906975605	6.656081087821748e-05	0.0001093193768349	-0.0005022316177631	-0.0003745365151749	2.522365978809406e-07	1.402776011993581e-07	0.0019122054184237	-8.78466036445002e-05	7.717025771873916e-09	3.656529562248957e-06	-0.0008040208076001	8.518108044999924e-07	7.255816466629244e-13	6.46449459053917e-07	0.0	1.0	0.0	0.0	0.0	0.0	0.0	0.0	0.0	0.0	0.0	0.0	0.0	0.0	0.0	0.0	0.0	0.0	0.0	0.0	0.0	0.0	0.0	0.0	0.0	0.0	0.0	0.0	0.0	0.0	0.0
972.3199709744208	-2.527866601324149	6.390109554090104	945406.1259556984	1216.643093698393	3.91525653125791	15.32923370555772	1480220.4174439963	896.0725975194907	-1.391261627070662	1.935608914959306	802946.1000253272	926.9881804348524	909.0023333376812	1.569904	24.935732	0.0875913691810843	0.0435542213618954	-0.0548753051	0.026017701	0.0423779713	0.0131300456	0.0776767933	0.1927097617	-0.0246369225	0.12925716	-0.1760369493	0.0107486452	-0.0905964497	-0.0117785996	-0.1453566648	0.1027798537	-0.087349426	-0.1159986999	0.0118060315	0.0116665956	-0.0656790646	0.1032035529	-0.0085534561	0.1681455193	-0.0698178994	-0.0877086795	-0.0472237232	0.1115605993	-0.0942523521	-0.1852295252	0.0464670706	-0.0126422171	-0.1531805253	-0.1122631005	-0.2160301411	0.1395945609	-0.0938568485	0.0127808718	-0.0387337717	-0.0526090031	0.057430748	-0.0315500059	0.0933168284	0.0848714256	-0.1337284219	-0.0831060369	0.0962240091	0.039173485	0.0032825401	0.1144626468	0.1108530665	0.1155894301	0.0410839766	0.027777372	-0.1051035498	-0.0107597223	-0.0284256949	0.1068990322	0.1202278808	-0.1213260229	0.1167489687	-0.0006826727	0.1519111815	-0.0616935311	-0.059609156	-0.1376918915	-0.0061147568	-0.0937853861	-0.0281380426	0.1241582915	-0.1320617232	-0.0806905253	-0.0605913272	-0.0445348791	-0.0715316208	0.0111489355	-0.0372507677	-0.12041827	0.0446897929	0.0157259546	0.0437646153	-0.0112674561	-0.1539899475	0.0516959251	0.0138218033	-0.0990827193	-0.0124103756	-0.0034515694	0.1705393566	-0.1879216745	0.0218389173	0.1285578634	0.1269376627	0.1242524367	-0.0047669826597456	0.0087978295345294	7.74018045186378e-05	2.272412367831523e-05	-0.0015601069489292	-0.0238355018458235	0.0005681311482422	2.433933692097178e-06	-0.0178893882316799	-0.0260478691489964	0.0003200302113037	0.0006784914872032	-0.0002868760280492	0.0002153555897139	8.229785546928537e-08	4.637803002102165e-08	0.0015501147275576	-0.0003620906908661	1.3110966841188962e-07	2.402855668590972e-06	-0.0008047779000548	-7.570924547000302e-07	5.731889849637175e-13	6.476674684166137e-07	0.0	0.0	1.0	0.0	0.0	0.0	0.0	0.0	0.0	0.0	0.0	0.0	0.0	0.0	0.0	0.0	0.0	0.0	0.0	0.0	0.0	0.0	0.0	0.0	0.0	0.0	0.0	0.0	0.0	0.0	0.0
971.1489262838194	-1.171044690601434	1.3713456673858082	943130.2370222152	1219.26838349133	2.62528979293711	6.892146496899775	1486615.390981561	895.6729662883331	-0.3996312311576275	0.1597051209165611	802230.0625397415	926.8486559512526	904.3209256394651	1.386305	22.01952	0.0671860436746485	0.0383056390710484	0.0213940368	-0.1258133537	0.0612458986	0.0203331567	-0.0617681758	-0.0181922092	0.0489413091	0.0903411667	0.0098324502	0.1387880552	5.99569e-05	0.0087016262	-0.0914059286	-0.0770884117	0.0050456487	-0.0079789119	0.1385118314	0.0838210766	-0.1984882974	0.2366203212	0.0627405166	3.37018e-05	0.0842845099	-0.0350163421	-0.0756192809	-0.0601572387	-0.0609893597	-0.0207740999	-0.0574211082	0.0774775858	-0.2257798384	0.0492580758	-0.0563393913	-0.0221265356	-0.2217078732	0.1474779684	-0.0912364052	-0.1019180989	0.0464142799	0.005824713	-0.0823870044	0.0047141702	-0.0588668964	-0.0328624252	-0.103172269	0.0595257727	0.0474915081	0.2045926103	0.1205090914	0.0328309748	-0.1439038177	-0.1583917409	-0.1010178801	0.0622413375	-0.0166763725	0.0879919327	0.0936229867	0.0159714697	-0.0135986637	0.0065350429	0.0179154782	-0.0523530492	0.0058703243	0.0515787425	-0.0110992851	-0.0990776626	-0.0723849526	0.1327241235	0.0248343801	-0.1231464423	-0.0555255369	-0.1746049992	0.0175991988	-0.038331123	0.013417192	0.0899068156	0.0235852117	0.0496047358	0.0503754195	-0.166087643	-0.1824959241	0.0514629057	0.1879813737	0.1261126121	0.0813647354	0.2422597837	-0.0080463996	0.0295377323	0.0536242202	0.1282045865	0.1255324169	0.1211199807	-0.0053747204691205	-0.0006077378093749	3.693452449438025e-07	2.8887620121182885e-05	0.0291286493165756	0.0306887562655048	0.0009417997611235	0.000848478211008	-0.0024901174660811	0.0153992707655988	6.200684994882158e-06	0.0002371375401122	-0.0004180782178665	-0.0001312021898173	1.7478939625442868e-07	1.7214014612854826e-08	0.0015641138049538	1.3999077396200123e-05	1.9597416794480128e-10	2.446451994847054e-06	-0.0005401735905849	0.0002646043094699	7.001544059004261e-08	2.917875079653832e-07	0.0	0.0	0.0	0.0	0.0	0.0	0.0	0.0	0.0	0.0	0.0	0.0	0.0	0.0	0.0	0.0	0.0	0.0	0.0	0.0	0.0	0.0	0.0	0.0	0.0	0.0	0.0	0.0	0.0	0.0	0.0
972.8409048351432	1.691978551323814	2.862791418139832	946419.42612046	1218.9615045562991	-0.3068789350309089	0.0941746807657048	1485867.1495901565	896.5978975414736	0.9249312531404712	0.8554978230360024	803887.7898757907	927.7120647840836	900.739508599286	1.487253	23.622925	0.0826220294016654	0.0441282241808914	0.0065922054	0.0081579921	-0.0271592884	0.0725100255	0.0765111531	0.1439679398	-0.066207924	0.0681881989	-0.130437107	-0.0165071055	0.0329799406	0.0555262538	-0.1662534779	0.023569374	-0.1362189993	-0.0701745629	0.0045634242	-0.0229319174	-0.1310263149	-0.096667031	0.0790331012	0.2278065293	0.1060978314	0.0513149217	0.125453318	-0.1193130546	-0.0104301032	-0.1044430677	-0.0037984728	-0.0786257959	0.1396866288	0.0545329092	0.0614593578	0.0279239414	0.0636256424	0.0376988733	-0.0213666646	-0.1321950268	0.0274764873	0.0618332252	0.0571666855	0.1722384869	0.1240723486	-0.0966681349	0.1011123489	0.0861352071	-0.022423991	0.1014449327	-0.0209235313	0.0951161439	0.1561901297	-0.0811999217	0.044687798	0.0333159784	-0.0669700683	0.0333656993	0.2270127044	0.0306994696	0.03342097	-0.0018507253	-0.0548775442	0.1312244038	0.0190762387	0.0064891196	-0.117009004	-0.1943491734	0.0801452562	0.1336121739	-0.1032049958	-0.0689863058	0.0017615041	0.0389133396	-0.049675263	-0.1042583875	0.0186040917	-0.1025826937	0.1119426431	0.0018801154	0.1895724795	-0.0122443015	0.085239157	0.0742660566	0.1214864082	0.130616146	-0.0148760419	0.1883042473	-0.0785621678	0.1832601481	-0.020906102	0.1277634447	0.1237830955	0.1172407796	-0.016014242591666	-0.0106395221225455	0.0001131994309961	0.0002564559657847	0.0584577400651937	0.0293290907486181	0.0008601955641406	0.0034173073735297	0.0265580117216757	0.0290481291877568	0.0007053279866086	0.0008437938093086	-0.0005030606663168	-8.498244845029995e-05	2.530700339951028e-07	7.222016544607888e-09	0.0017221306242103	0.0001580168192565	2.496931516794141e-08	2.965733886842958e-06	-0.0005110671114368	2.9106479148099983e-05	8.47187128398779e-10	2.611895923923546e-07	0.0	0.0	0.0	0.0	0.0	0.0	0.0	0.0	0.0	0.0	0.0	0.0	0.0	0.0	0.0	0.0	0.0	0.0	0.0	0.0	0.0	0.0	0.0	0.0	0.0	0.0	0.0	0.0	0.0	0.0	0.0
972.9485816153444	0.1076767802012454	0.0115942889945073	946628.9424673106	1224.6139754628748	5.652470906575672	31.950427349684404	1499679.3888989866	896.8833873954551	0.2854898539815167	0.0815044567263877	804399.810585946	927.1656297141536	898.6048893765175	1.227861	19.502848	0.1374972577357211	0.0868256311594235	-0.0330982625	0.0090291278	-0.0130595122	0.0754680552	-0.0010850572	0.0273178791	0.1775805996	0.0688418154	-0.0630220667	-0.0089650874	0.0786025055	0.007366661	-0.0312458775	-0.0010412199	-0.1270697328	0.0425962645	0.1592173575	-0.0586321752	-0.0418829848	-0.0166071411	0.0177061157	-0.0948515456	0.0049216845	0.0549688535	0.0666882784	0.0136052719	0.1750504627	-0.2005985501	0.0883292291	-0.1303955382	-0.0419478088	0.0610845089	0.2092373032	0.0340282487	0.0505524596	0.0470070136	-0.0359714062	0.0712260957	-0.1115219555	0.2178328118	0.0518789155	-0.1373788031	0.0024235719	-0.1167537736	-0.0344800082	0.163169056	-0.0015093094	0.0274726157	-0.0575851672	-0.0550247736	-0.1053880696	-0.0150605973	0.0918424394	-0.0095343447	0.0532138461	-0.1966992727	0.077006459	-0.0387643449	0.0965929471	0.1368349869	0.0058773616	0.0749982641	-0.1096325881	0.0438566065	0.0831832235	-0.0709002985	0.0467576946	0.0708160422	-0.1528068205	-0.0471395556	-0.0327895273	-0.1558628032	0.0240865494	-0.0477547058	0.0782071356	0.1029850298	0.1039023646	0.0848207757	0.0624137129	-0.0253926202	0.0534731947	-0.0076823742	-0.0836074355	-0.1216471752	0.058395063	-0.1048936182	0.09273161	-0.0687293974	0.0002386177	0.1272347401	0.1216944932	0.1126387502	-0.0053211789415854	0.0106930636500806	0.0001143416102246	2.831494532837192e-05	0.0129619646076264	-0.0454957754575673	0.0020698655844853	0.0001680125264893	-0.0461990806170575	-0.0727570923387332	0.0021343550498613	0.0052935944855869	-0.0005030017409323	5.89253844999766e-08	2.530107513809246e-07	3.4722009384700825e-15	0.0018711355334235	0.0001490049092131	2.220246296963393e-08	3.5011481844400456e-06	-0.0005330298026259	-2.1962691189099924e-05	4.823598042677675e-10	2.8412077048740586e-07	0.0	0.0	0.0	0.0	0.0	0.0	0.0	0.0	0.0	0.0	0.0	0.0	0.0	0.0	0.0	0.0	0.0	0.0	0.0	0.0	0.0	0.0	0.0	0.0	0.0	0.0	0.0	0.0	0.0	0.0	0.0
972.5230753024224	-0.4255063129220389	0.181055622336508	945801.1319956812	1223.170267988996	-1.4437074738787032	2.084291270133227	1496145.5044922726	896.2709004255746	-0.6124869698804787	0.3751402882733704	803301.5269496703	927.84130942322	894.0538040739872	1.253041	19.902809	0.1451253984216264	0.0938987332626735	-0.0198669273	0.1425654866	0.0893963226	-0.022793631	-0.0152122018	0.0983908394	0.0111792302	-0.0033319352	-0.1032864508	-0.0892309262	0.0001050579	-0.0900287133	-0.0101874446	0.0098627703	-0.1095170043	-0.02698508	0.0091999574	-0.0107292075	0.1478433231	0.1081659453	-0.003495507	-0.0336944832	0.0167920652	0.1157798065	0.0274525188	-0.1099216905	-0.0360825001	-0.0958848171	0.1351158992	-0.1667557527	0.0385895001	0.0956437092	-0.0099810636	0.0004504679	0.1022826116	0.0367101152	-0.0670641972	0.0493066655	-0.0500547302	-0.0422948975	-0.1340621987	-0.0189069308	0.0008422159	-0.074907081	0.0860168969	0.0717599663	0.0536701663	-0.1401884443	0.0143087902	0.0424419756	-0.0450918831	0.0306750166	0.0544449222	-0.0254629932	-0.0030503434	-0.029301605	0.1710004425	0.1222031842	-0.0269809716	0.1999497446	-0.004692586	0.0201380457	-0.0506481791	-0.0197228316	-0.0393032237	0.0798602214	-0.0329081769	-0.0295289245	-0.1411579617	0.0465891882	-0.0218162594	0.0657961207	-0.0401470241	0.0464282727	0.0045367531	-0.0169476507	0.0153449582	0.1759599485	0.1136125243	-0.0658794482	0.0118826888	-0.0090730048	-0.026036873	-0.0940754603	0.1144885048	0.1503103664	-0.0241478318	-0.0471126824	-0.0194612879	0.1266188352	0.1192723348	0.1073422654	-0.0053546039505931	-3.342500900770009e-05	1.117231227164832e-09	2.8671783467707235e-05	-0.0032400991829035	-0.0162020637905299	0.0002625068710724	1.0498242715051928e-05	-0.1140724451955463	-0.0678733645784888	0.0130125227528909	0.0046067936192044	0.0004047705820922	0.0009077723230245	1.6383922412725842e-07	8.240505904492972e-07	0.0019108363938	3.9700860376500014e-05	1.5761583146343486e-09	3.651295723870589e-06	-0.0008058875200969	-0.000272857717471	7.44513339834841e-08	6.494546950479314e-07	0.0	0.0	0.0	0.0	0.0	0.0	0.0	0.0	0.0	0.0	0.0	0.0	0.0	0.0	0.0	0.0	0.0	0.0	0.0	0.0	0.0	0.0	0.0	0.0	0.0	0.0	0.0	0.0	0.0	0.0	0.0
974.3840225357108	1.860947233288357	3.4631246050835904	949424.2233728725	1224.323063175853	1.1527951868567925	1.328936742840187	1498966.9630243035	897.6094805452339	1.338580119659241	1.791796736746948	805702.7795646845	928.3245390808866	904.422787789225	1.339764	21.28027	0.1436289427879698	0.0648111471938115	-0.0547401321	0.0278983527	-0.0501845591	-0.1338836908	-0.0967908492	-0.1257540007	0.0510520435	0.0361004873	0.1547147093	0.0341443534	-0.1325525371	-0.0020443769	0.0343687051	0.0966509423	-0.0342703008	0.0249913369	-0.100291736	-0.0207201486	0.0435073933	0.0159447506	-0.0290771307	-0.2544429571	0.1257022767	-0.0352142364	-0.0795555989	-0.0001915771	-0.0422499195	-0.1996758316	0.0740348316	0.0592570237	-0.0465661765	-0.1158437235	-0.0704200701	-0.067176386	0.151601724	-0.1587568179	0.0674848045	-0.0062388432	-0.0257348884	-0.2498425546	-0.0570686019	-0.2199064209	-0.002699072	-0.0464676987	-0.0081164075	-0.1363434048	0.0181559349	-0.0982481843	0.0236284835	-0.1849573746	-0.1490578745	-0.075477788	0.0615427089	-0.0299148034	0.0817368642	-0.0165787089	0.0471440913	-0.0374397589	-0.0478054109	-0.0218583202	0.234286651	0.032774484	-0.123520193	0.0142703416	0.0268235606	0.1700420263	-0.0790167176	-0.0195255804	0.0655162784	0.0144110112	0.0708187579	0.073460221	0.1002400762	-0.0032589644	-0.1265183699	0.1261467716	-0.0574092154	0.0417877229	-0.0284555509	-0.1869056572	0.0320803824	0.0083621273	-0.1142164947	-0.162228637	-0.0161590396	-0.1238873263	0.1152612949	-0.0323588643	-0.0242263327	0.1259161521	0.1165232592	0.1013839798	-0.0172831758040246	-0.0119285718534315	0.0001422908264624	0.0002987081658728	0.0370870342277953	0.0403271334106988	0.0016262776891242	0.0013754481078136	-0.1582638595959196	-0.0441914144003733	0.0250474492541969	0.0019528811067055	-3.311902292132531e-05	-0.0004378896050135	1.0968696792632714e-09	1.917473061789012e-07	0.0017840064017202	-0.0001268299920798	1.608584689096213e-08	3.1826788413786557e-06	-0.0004269706547209	0.000378916865376	1.4357799086637376e-07	1.82303939992794e-07	0.0	0.0	0.0	0.0	0.0	0.0	0.0	0.0	0.0	0.0	0.0	0.0	0.0	0.0	0.0	0.0	0.0	0.0	0.0	0.0	0.0	0.0	0.0	0.0	0.0	0.0	0.0	0.0	0.0	0.0	0.0
975.9242162649836	1.5401937292728007	2.3721967236912573	952428.0758924223	1229.0618897724928	4.73882659663991	22.456477513021795	1510593.1288911311	897.8824284343799	0.272947889146053	0.074500550189286	806192.8552912193	928.6772068321771	905.4150440160056	1.251739	19.88212	0.1119101406937442	0.0572167998287564	-0.1034341974	0.1171960991	-0.0309540368	-0.0855506627	0.0310154492	-0.0789578513	0.0004649727	0.0567865814	0.1503533476	-0.0738110904	-0.0752345574	-0.0617669736	0.0225436066	0.153741836	-0.0745256169	0.0761332663	0.0224064215	0.0315223532	0.1355680946	0.0553916404	-0.1195749521	0.0007240841	-0.1309746539	0.0712125067	-0.2301434172	0.0047207903	-0.0514831363	0.0405860252	0.1333295034	0.0940312616	-0.0560985627	0.050354716	0.1860486763	-0.0054827812	-0.0105006976	-0.0951354584	-0.015951485	0.0812363678	0.0715903023	-0.1193952735	0.1501338166	-0.0338358481	-5.12935e-05	-0.0877843803	-0.0896158063	-0.0619458231	0.1142154363	-0.1172988995	0.0124317423	-0.0801480361	-0.084668515	0.1712746277	0.0033681501	0.1596139325	0.0058873456	0.1103628975	0.0013989068	-0.0502474715	0.1969966593	0.0367467499	-0.0704484529	-0.0065362909	-0.1265386302	0.0831881894	-0.0860894273	0.2135089273	0.0149760367	-0.0231734001	-0.0401413167	0.0370142352	-0.11489729	0.1174090949	0.0097288713	0.0719839996	-0.0099827478	0.0920448623	-0.0632289894	-0.0137485103	0.0919408704	-0.1171845802	0.0271580901	0.0932686419	-0.0453376052	-0.0807148191	0.188193034	-0.0177879648	-0.2161022475	-0.0456944996	-0.2000977168	0.1251271724	0.1134548014	0.0948006283	-0.0228143151891373	-0.0055311393851126	3.059350289754489e-05	0.0005204929775493	0.0261260002919669	-0.0109610339358284	0.0001201442649423	0.0006825678912558	-0.1699751422044215	-0.0117112826085019	0.0288915489674133	0.0001371541403361	0.0007339336677455	0.0007670526906668	5.38658628650362e-07	5.883698302592164e-07	0.0023112085132344	0.0005272021115141	2.779420663850308e-07	5.341684791647165e-06	-0.0008068495478259	-0.000379878893105	1.4430797342668001e-07	6.510061928268593e-07	0.0	0.0	0.0	0.0	0.0	0.0	0.0	0.0	0.0	0.0	0.0	0.0	0.0	0.0	0.0	0.0	0.0	0.0	0.0	0.0	0.0	0.0	0.0	0.0	0.0	0.0	0.0	0.0	0.0	0.0	0.0
975.8624262770686	-0.061789987914949	0.0038180026065295	952307.4750193672	1226.7769929219069	-2.284896850585937	5.220753617817536	1504981.7903625164	898.2431983156323	0.3607698812523949	0.1301549072188671	806840.8433202964	929.3882337421144	922.7451084846384	1.372047	21.793051	0.0772339327555798	0.0358153444323662	-0.1207120532	-0.1312343792	-0.0364645055	-0.1474790265	-0.0275000422	-0.0751221549	-0.0835710078	0.0364705453	0.0853625124	-0.0251642997	0.0384425605	-0.1536610016	0.0449078685	-0.012840465	0.0732810685	0.0356287602	-0.1689330178	-0.1130707069	0.0257282768	0.1261708839	-0.1298230833	-0.089580876	-0.0231626291	-0.0585239815	-0.1234413086	-0.0626394156	-0.0734269014	-0.007375413	-0.1405968647	0.1570931487	0.2175533301	0.1493252876	0.1387661511	0.0987955882	-0.0016070143	0.0043475219	-0.1119085318	0.0348288819	-0.0584127261	-0.0468838539	0.2354744862	-0.0608879072	-0.0643065138	-0.0123134099	-0.0001954125	-0.1883406781	-0.1407210819	-0.1042427958	0.0447113224	-0.1054238832	-0.1086481336	0.03851611	-0.1568662492	0.1385065861	0.1054195961	-0.0016627431	0.0269329788	0.1034791896	-0.0414313264	0.1730587453	0.0607848049	0.0711326266	0.1727467414	0.1341791272	-0.1880612962	0.2415703727	0.0437691291	0.001349639	0.0821617719	0.0051989953	-0.1169610427	0.0947382116	0.098343057	-0.0968861437	-0.1028398906	0.1323002793	-0.1382396319	-0.0372558681	-0.0103104298	-0.0731384133	0.0598312451	0.0355586079	-0.1098941537	-0.0077080508	-0.021720079	-0.1303022508	-0.0885207453	-0.0549464237	-0.1149759656	0.1242524367	0.1100753719	0.0876327994	-0.0048052485672798	0.0180090666218575	0.0003243264805905	2.309041379334457e-05	0.0444548279993739	0.018328827707407	0.0003359459251278	0.0019762317324539	-0.1876427791115418	-0.0176676369071203	0.0352098125527028	0.0003121453938818	0.0003419610345475	-0.000391972633198	1.169373491487965e-07	1.536425451761739e-07	0.0023828626188406	7.165410560620042e-05	5.134310850224523e-09	5.678034260267883e-06	-0.0008059082562462	9.412915797000176e-07	8.860298380141545e-13	6.494881174857907e-07	0.0	0.0	0.0	0.0	0.0	0.0	0.0	0.0	0.0	0.0	0.0	0.0	0.0	0.0	0.0	0.0	0.0	0.0	0.0	0.0	0.0	0.0	0.0	0.0	0.0	0.0	0.0	0.0	0.0	0.0	0.0
974.9627357891372	-0.8996904879313661	0.8094429740741795	950552.3361774392	1222.863496237654	-3.9134966842527774	15.315456297657484	1495395.130430579	898.4164821893843	0.1732838737519841	0.0300273009024935	807152.1754695482	929.9532635041838	912.733798576218	1.466612	23.295076	0.125128810633353	0.0665057173480965	-0.0920928877	-0.0808626707	-0.0348613413	0.1467790602	0.1066788381	-0.0334059649	-0.0348593493	0.0210017984	-0.0266868561	0.0169308287	0.1304278373	-0.1246014982	0.0476768121	0.1558183858	0.0396831053	0.0956359007	0.0924132241	-0.1552114258	0.044326772	-0.1111592722	-0.1444101173	0.0691903296	-0.0834582041	-0.1292939339	-0.0204671804	-0.0958034912	0.0344244508	-0.0317078689	-0.0787881786	0.1480411846	0.0509419601	0.0224688787	-0.034578344	-0.0981746787	-0.0077562376	-0.0728632248	0.0862005153	0.137592922	-0.030546379	-0.0254903011	-0.0836188735	-0.0114735917	0.0285894115	-0.0065166116	-0.0870991289	0.1113617082	-0.1149083681	-0.0481830226	-0.0148131431	-0.1015279816	0.0674272616	0.2135207788	-0.0967109215	0.0880077611	-0.1224461723	-0.0985746607	-0.0099141723	-0.1123452872	-0.0185097667	-0.0806043443	0.107638271	0.0249273086	0.0419384939	0.1490314169	0.0008988048	0.1426843052	0.2642312521	-0.0481582124	-0.0246655695	0.0898744445	-0.0090528062	0.0728733325	0.0475847349	0.0429571766	0.0505614799	-0.0314241452	0.0352546117	-0.0663203492	0.0097445873	0.0175410775	-0.0430179437	0.0474600221	-0.1464213051	0.0302160937	0.0957732604	-0.0405672763	-0.1944924897	-0.0821056557	-0.0053158175	0.1232925447	0.1063942335	0.0799246852	0.0076221077290767	0.0124273562963565	0.0001544391845165	5.809652623365077e-05	0.0836533107520267	0.0391984827526528	0.00153652105011	0.0069978763997751	-0.1463078422444681	0.0413349368670737	0.0214059847022321	0.0017085770058049	0.0003257080412187	-1.6252993328799985e-05	1.060857281145224e-07	2.641597921460168e-10	0.0017558756239075	-0.0006269869949331	3.931126918152395e-07	3.083099206632552e-06	-0.0008057875501627	1.207060834999829e-07	1.4569958593904847e-14	6.492935759972057e-07	0.0	0.0	0.0	0.0	0.0	0.0	0.0	0.0	0.0	0.0	0.0	0.0	0.0	0.0	0.0	0.0	0.0	0.0	0.0	0.0	0.0	0.0	0.0	0.0	0.0	0.0	0.0	0.0	0.0	0.0	0.0
974.2206598970612	-0.7420758920760591	0.5506766296004788	949105.8941702654	1229.2691959288063	6.405699691152222	41.03298853322767	1511102.756059454	897.2277813670052	-1.1887008223791329	1.4130096451248262	805017.6916567584	928.1520686079394	909.6235355980828	1.559081	24.763813	0.1296263562683251	0.0924738678391681	-0.0729135876	0.0207138024	0.0521796123	-0.0991054602	-0.0353035172	-0.0253227238	-0.0304451683	0.0043930196	-0.0445584429	-0.0411117311	-0.0954536562	-0.0806990353	0.0455836942	-0.0104215544	-0.0076052362	-0.0374827548	-0.110771554	-0.0248411529	0.0470887983	0.1658462611	-0.0458560225	-0.1007896791	-0.0555417416	-0.1424823296	0.0202118383	-0.0663597099	0.0612490029	0.0557737933	-0.0216684802	0.1621979058	-0.026896731	0.0561227329	0.0329845413	-0.1134028944	0.0456470791	-0.0372799227	0.0571634576	0.009265354	-0.0825878855	-0.0078561787	-0.0740587803	0.0389481182	-0.0208098972	-0.0217028706	0.0573153204	-0.0974319791	-0.0642361586	-0.1080455952	0.0906368664	0.0165551951	-0.1452300328	0.0269817167	-0.1438692641	-0.0874675796	0.0718541392	-0.1720372973	-0.0494189258	0.0339751719	-0.077194169	-0.0138154414	0.1151279839	0.0006623891	0.0874554007	0.2142915651	0.0711493096	0.1999768657	-0.0911455865	-0.0163381267	-0.0011150423	0.0843294479	0.012301346	0.0251961163	0.1123880678	-0.0983075919	-0.0724267758	0.080858556	-0.1153951586	0.0854704359	-0.0207885616	-0.001619591	-0.0705985766	-0.0211755165	-0.1117838108	0.0033948972	0.188755795	0.0390565834	-0.1261176841	-0.0856060143	-0.0675193915	0.1222481541	0.1024214758	0.0717238087	0.003235913546419	-0.0043861941826577	1.9238699407980256e-05	1.0471136479897987e-05	-0.0058081242436429	-0.0894614349956696	0.0080033483514844	3.3734307229592406e-05	-0.1545074255857059	-0.0081995833412377	0.0238725445611224	6.723316696990441e-05	0.0004483706331453	0.0001226625919265	2.010362246671172e-07	1.5046111458151588e-08	0.0017919101736014	3.60345496939001e-05	1.2984887716421556e-09	3.2109420702561995e-06	-0.000412901816808	0.0003928857333547	1.5435919947366042e-07	1.704879103233472e-07	0.0	0.0	0.0	1.0	0.0	0.0	0.0	0.0	0.0	0.0	0.0	0.0	0.0	0.0	0.0	0.0	0.0	0.0	0.0	0.0	0.0	0.0	0.0	0.0	0.0	0.0	0.0	0.0	0.0	0.0	0.0
976.6796251131047	2.458965216043566	6.046509933712183	953903.0901110749	1221.005080432427	-8.264115496379418	68.29560493749844	1490853.4064417973	899.2413103412296	2.013528974224414	4.054298930041221	808634.9342242115	931.2322902657844	917.8517028099172	1.766708	28.061689	0.2859289048374589	0.2363078023169529	-0.1077776339	-0.0848400001	-0.0287634773	0.0127446468	-0.0404385272	-0.1320281944	-0.1641753499	-0.0219154706	0.1200678595	0.1245481425	0.0233958998	-0.0951551398	0.1189121141	0.1056753628	0.0386431791	0.0973017315	-0.0409205482	-0.1305363984	0.182172008	-0.2376542328	-0.2292680409	0.0734291546	0.1856569466	0.1616219892	0.0544495164	-0.1063707015	-0.2309151716	0.2019275965	-0.2060043861	0.0828905853	-0.0510360262	-0.1582503211	-0.1279043258	0.0113008232	0.1718086364	-0.0434163847	-0.114542576	-0.0366038276	-0.0136235347	0.1641084696	-0.0679962744	0.0639297925	0.0992452637	0.0498823453	-0.0333392715	-0.0302382134	-0.0646919314	-0.1571538433	-0.0069855419	-0.2734478326	0.2704415679	0.081090995	0.1447155874	0.0767217232	-0.2132759695	0.299485926	-0.0823057661	0.2024442695	-0.3383588563	-0.0355477846	0.0756587827	-0.0225704571	0.056525473	-0.0114753647	0.1289597937	0.1512515263	0.2968303701	0.0257364556	0.3874870433	0.0746409486	0.1242067921	0.3300723299	0.1262517664	0.0868332434	0.0565477958	-0.1218652931	0.1006999115	0.0492018897	0.0037418587	0.181827552	0.0688010461	0.1503555968	0.2112271905	0.1242051091	0.0795544292	0.1747252535	0.1493655992	0.0110978834	0.1926383093	0.1211199807	0.098167988	0.063080731	-0.0057625784876478	-0.0089984920340668	8.097285888716366e-05	3.32073108263012e-05	0.2287034578560423	0.2345115820996852	0.0549956821388973	0.0523052716353105	-0.1643816257008978	-0.0098742001151918	0.02702131886807	9.74998279148554e-05	0.0003728144510325	-7.55561821128e-05	1.3899061489866432e-07	5.7087366554625995e-09	0.0012909133204042	-0.0005009968531972	2.509978469134968e-07	1.6664572007969968e-06	-0.0004872413932683	-7.43395764603e-05	5.526372628296789e-09	2.3740417531403418e-07	0.0	0.0	0.0	0.0	1.0	0.0	0.0	0.0	0.0	0.0	0.0	0.0	0.0	0.0	0.0	0.0	0.0	0.0	0.0	0.0	0.0	0.0	0.0	0.0	0.0	0.0	0.0	0.0	0.0	0.0	0.0
976.7558492546308	0.0762241415260405	0.0058101197513818	954051.989053135	1236.0750359015735	15.069955469146636	227.10355784206257	1527881.4943790762	900.679020735238	1.4377103940084908	2.0670111770400497	811222.6983925874	933.2790906999012	918.5406647101896	1.728175	27.449642	0.3877417340394337	0.3276592722545783	-0.080436726	-0.0304950127	0.1841984191	-0.026132709	0.1141373997	-0.0520453233	0.0487235839	-0.1347726697	-0.1398144666	0.1480749151	-0.0697275396	-0.0092388354	0.179745094	-0.0373604782	0.0906528809	0.1901807876	-0.0991537754	-0.2642023946	0.0916216876	0.0874144225	0.0167419579	-0.0315579457	-0.1928346081	0.0488906224	0.0553260965	0.2668034943	-0.1116031435	0.2520248745	0.1144201643	0.0184021982	0.0605166486	0.0439260184	-0.1535961555	-0.1116237473	-0.0231100219	0.0695935583	0.1075106299	-0.1217965478	0.0685670616	-0.0159600684	0.0497084047	0.0280591881	0.132980436	0.0857477232	-0.0820331206	0.0225295075	-0.282068706	-0.2655420932	0.0681189213	0.0943340262	-0.0775253252	0.1023402459	0.1100573247	-0.1566506685	0.1714010478	0.2630862562	-0.2957322802	0.1528918276	0.1291267029	-0.2608877907	-0.204662607	-0.0661323255	-0.0688140365	-0.0714315088	0.0412200942	0.2051640218	0.138228131	-0.1908876799	-0.2078461696	-0.0494833925	-0.0852057073	0.1161109364	0.0764929221	0.0648180286	-0.1200690635	0.1319771208	-0.1717770691	-0.0214587736	-0.2257367328	0.2485788696	0.1336681661	-0.1074620121	-0.0583594098	0.0713421618	-0.2469446392	0.1820926922	0.0714086255	0.1811035464	0.3169891516	0.1199087977	0.0936454286	0.0540487397	-0.0055628820605591	0.0001996964270886	3.987866299199229e-08	3.094565681969026e-05	-0.0986694136096559	-0.3273728714656982	0.1071729969716965	0.0097356531820733	-0.1798962998083055	-0.0155146741074077	0.0323626786847197	0.000240705112659	-6.59508416513813e-05	-0.0004387652926838	4.34951351452557e-09	1.9251498206397202e-07	0.0014990276097448	0.0002081142893406	4.3311557427742975e-08	2.2470837747772085e-06	-0.0007334516520286	-0.0002462102587603	6.06194915188139e-08	5.379513258634826e-07	0.0	0.0	0.0	0.0	0.0	1.0	0.0	0.0	0.0	0.0	0.0	0.0	0.0	0.0	0.0	0.0	0.0	0.0	0.0	0.0	0.0	0.0	0.0	0.0	0.0	0.0	0.0	0.0	0.0	0.0	0.0
974.197296282676	-2.558552971954782	6.546193310298649	949060.372084476	1235.7617051039283	-0.3133307976452215	0.0981761887529907	1527106.9918013683	898.7538047568927	-1.9252159783453635	3.706456563276295	807758.4015649908	932.5220637078464	919.0594766283892	1.798941	28.573664	0.1533231130309654	0.0984200964127166	-0.0360945821	0.0456076617	0.0339848043	0.0719227425	-0.1118076216	0.08824327	-0.0455972735	-0.0410027343	0.0711439332	-0.0340090873	-0.1046447176	-0.082548996	-0.1820680939	-0.1133769888	0.0685090112	0.0527309737	-0.022795808	0.1129657494	0.1369442932	-0.0119771756	-0.1361947032	-0.0610171307	0.0341574245	-0.1926669339	-0.0542984851	0.2054533177	-0.1423737757	-0.1347390795	-0.0779649337	-0.0323173641	0.1029599533	0.0918887381	-0.0835480337	0.0727061376	-0.1280752699	0.3139460598	0.1200193718	0.0778505917	-0.0333090014	-0.0990113623	0.0339730613	0.0266297524	0.129957066	0.0504566381	-0.0455691341	-0.1066468682	0.0996807931	-0.1083352925	0.0638702583	-0.1068838605	0.0640199583	0.0653631763	-0.1359961204	-0.0294162422	0.2954523304	0.0441662709	0.0853074505	0.018109107	0.2300236101	-0.0434401504	0.0124893411	0.2998583412	0.3151739215	-0.1201345821	0.0547977229	0.1402643186	-0.1008890371	-0.0347154059	0.0235517724	-0.1149402077	-0.1415849547	0.1259879794	-0.0885612858	-0.0244930696	0.0925387755	-0.0619682225	0.046651886	-0.0533674077	-0.2222275529	-0.1166709777	0.0050904382	0.0805309284	0.0946673155	0.1660696805	-0.0956989498	-0.1054587191	0.2285488451	0.0760591828	-0.2816913723	0.1186154352	0.0888661936	0.0446835199	-0.0056605563452052	-9.767428464609994e-05	9.540265881127357e-09	3.2041898137242855e-05	-0.0164937465981864	0.0821756670114695	0.0067528402487799	0.0002720436768451	-0.1236641897695847	0.0562321100387207	0.0152928318313678	0.0031620501994068	0.0001459864706717	0.000211937312323	2.131204961917912e-08	4.49174243547313e-08	0.0014989534472003	-7.416254450007613e-08	5.500083006725771e-15	2.2468614368736623e-06	-0.0006491098929736	8.434175905499999e-05	7.113532320491673e-09	4.213436531561985e-07	0.0	0.0	0.0	0.0	0.0	0.0	1.0	0.0	0.0	0.0	0.0	0.0	0.0	0.0	0.0	0.0	0.0	0.0	0.0	0.0	0.0	0.0	0.0	0.0	0.0	0.0	0.0	0.0	0.0	0.0	0.0
969.2598449861332	-4.937451296542804	24.37842530573221	939464.6471025428	1231.2069927928894	-4.554712311038884	20.74540423632917	1515870.65910211	898.8384632411339	0.0846584842412312	0.0071670589540227	807910.5830016832	932.795816648317	909.3414705534744	1.678564	26.661636	0.1457781113555405	0.0890355629391718	0.046216104	-0.120356846	0.1053046537	-0.0686836569	0.0386128548	0.0457668749	0.1382080513	-0.0755018816	0.0489277019	0.1576024467	-0.0262299865	-0.1015321065	-0.0489899433	-0.0798628361	0.2380211194	0.0285108387	-0.1253363799	0.0298962766	-0.0682101806	-0.0186125654	-0.1774067317	0.1239396862	-0.0179263272	0.0478939547	0.0154510231	0.1420070025	-0.0272868643	-0.0624538965	-0.0206194656	-0.1401428138	0.1015310838	0.0892555496	0.0483621338	-0.016951328	0.11389722	0.038239328	-0.1063594304	-0.0433787361	-0.0995780083	0.04066752	-0.2447771531	0.1062278594	0.0980627009	0.1909573372	-0.0822887431	-0.1065354501	-0.1190379307	0.0555686814	0.1529330794	0.0533493178	0.0973735775	0.1401041024	0.0444238252	-0.0148049828	0.0060572489	0.048460289	-0.073267422	-0.0130501729	-0.0242743715	0.0422670438	-0.0090990278	0.032296331	0.0648899081	-0.0316572139	-0.0309507902	0.0675746763	0.0123943035	-0.115277019	0.0858467411	-0.1506579053	-0.0234340237	0.1018144896	-0.1817347424	-0.1560433797	0.0143261775	0.0264019907	0.2221268224	-0.0334707697	-0.108075894	0.1658095034	-0.0938406195	-0.0797969408	-0.0375081108	0.1187534375	-0.0076827858	-0.1117343957	-0.090442588	-0.1099378612	-0.0547545645	0.1172407796	0.0838433825	0.0350428114	-0.0001228105628285	0.0055377457823767	3.066662835023093e-05	1.5082434342252948e-08	0.0569627467826023	0.0734564933807886	0.0053958564198018	0.0032447545210188	-0.0858327433182495	0.0378314464513351	0.0073672598255365	0.0014312183406002	-0.0002701362520557	-0.0004161227227274	7.297359467470069e-08	1.7315812037006462e-07	0.0014990673877934	1.1394059310008801e-07	1.2982458755999823e-14	2.247203033145728e-06	-0.0004862980414733	0.0001628118515003	2.6507698988955747e-08	2.3648578514076746e-07	0.0	0.0	0.0	0.0	0.0	0.0	0.0	1.0	0.0	0.0	0.0	0.0	0.0	0.0	0.0	0.0	0.0	0.0	0.0	0.0	0.0	0.0	0.0	0.0	0.0	0.0	0.0	0.0	0.0	0.0	0.0
963.196051676572	-6.06379330956122	36.76958930107941	927746.6339653376	1224.9743695763068	-6.232623216582624	38.84559215988474	1500562.2061188703	896.13439669154	-2.704066549593904	7.31197590463268	803056.8569337104	931.357834346162	890.4579379437993	1.688535	26.820019	0.1212910143202654	0.0603885725770889	0.2046081074	-0.0250433065	0.116284256	0.1182015543	-0.0874300183	0.0553379202	-0.0912503283	-0.1941848782	-0.0669353993	0.0649002233	-0.054358972	-0.1094068149	0.0258430215	0.0872857647	0.1758629614	-0.1465713351	0.151109282	-0.0668421872	0.1648314507	0.0674119863	-0.124060539	0.0549391527	-0.1351715982	-0.1077579911	0.0926684966	0.1047026828	0.016659173	0.0859946067	-0.0886288351	0.0295114001	-0.1310449386	-0.1340308247	0.1084140068	0.1265864182	0.0596205486	-0.1700991274	0.0422460465	0.1299177789	-0.1443392542	0.0199998544	-0.0559830753	0.0665751499	-0.2761170226	0.2099617172	0.0717417361	0.1593430635	0.0373066406	-0.0777483459	0.1533342586	0.0007992848	0.0027027665	0.1415854128	-0.2150878768	-0.0091223816	-0.1568966457	0.0551433873	-0.2430947248	-0.1415459213	-0.0619149649	0.0435127969	0.112619019	-0.0247721604	-0.0205830917	-0.1501138669	-0.0267014872	0.0048004739	0.0220401875	-0.2215551424	-0.0646179442	0.0131269719	-0.073973973	0.0244041601	-0.0022120888	-0.1226205747	0.1784944496	-0.1010818376	-0.0083868539	-0.0275947287	-0.1273136811	-0.026674803	-0.2167736266	0.009062656	-0.0245249382	-0.0499543951	-0.1398232926	0.0020268942	-0.0044278228	0.0186056493	0.0058751821	0.1157857731	0.0785907625	0.0251860523	0.0140538948607513	0.0141767054235798	0.0002009789766669	0.000197511960757	0.0135434777244682	-0.0434192690581341	0.0018852329255426	0.0001834257888731	-0.0481511445110811	0.0376815988071684	0.002318532717727	0.0014199028886643	-6.025819599683711e-05	0.0002098780560588	3.6310501847932364e-09	4.40487984150472e-08	0.0013040135460382	-0.0001950538417551	3.80460011834626e-08	1.7004513282511208e-06	-0.0003709611186597	0.0001153369228136	1.3302605764110327e-08	1.3761215155725606e-07	0.0	0.0	0.0	0.0	0.0	0.0	0.0	0.0	1.0	0.0	0.0	0.0	0.0	0.0	0.0	0.0	0.0	0.0	0.0	0.0	0.0	0.0	0.0	0.0	0.0	0.0	0.0	0.0	0.0	0.0	0.0
961.7416970209777	-1.4543546555943294	2.1151474642489005	924947.09178879	1224.5133004537445	-0.4610691225623213	0.2125847357803889	1499432.8229881222	894.929763224115	-1.2046334674249692	1.4511417908403044	800899.2811043706	927.8544596653696	857.9924648900989	1.737782	27.60223	0.2148565041490209	0.0907470622026292	0.2670600587	-0.0203902124	-0.0422325207	-0.106867133	0.058730663	-0.0265108522	0.043203754	-0.1279145844	0.0142233492	-0.0179991623	-0.1535794727	0.0852923116	-0.1585641151	0.2165213492	0.1080335572	-0.2675813791	-0.0429011584	0.0642292126	-0.1219346845	0.0659395828	-0.0223498409	-0.2001681801	-0.0862097254	0.1863972603	-0.0791291374	-0.1529546836	-0.1527679328	0.0709896387	-0.1880997946	-0.4162172818	0.035116457	0.0076144061	0.0499322888	-0.1226997101	-0.020923322	0.0230948511	-0.0157323403	-0.0856182172	0.012009154	0.0561035194	-0.0486768795	0.0035171736	-0.0687400491	0.1267172052	0.1515260401	-0.071829296	0.0189024811	0.1470918988	0.0493557439	-0.0022290004	-0.298340369	0.0878699161	0.0354167475	-0.1446916088	0.0234478173	0.1029531695	0.224829379	-0.1913802932	-0.3102904444	-0.1745891492	-0.4325425653	0.1077477523	-0.0148750474	-0.0638399271	0.074401793	-0.054911133	-0.0711476897	-0.2299312887	0.1087842084	-0.0269203647	0.1575808111	-0.0019084183	-0.2818631432	-0.1509967405	-0.1535034256	0.1555006724	0.1254397728	-0.232321969	0.0617958933	-0.0734204528	-0.1115370747	-0.2890991554	0.0871677613	0.0746352464	0.2706784739	0.0990225205	0.1622299001	0.1346197469	-0.0615499036	0.1142514127	0.0731227308	0.0151740128	-0.005868256731091	-0.0199221515918423	0.0003968921240483	3.4436437061994825e-05	0.0546865800256171	0.0411431023011489	0.0016927548669628	0.0029906220348982	0.0004217181155468	0.0485728626266279	1.7784616898034417e-07	0.0023593229837452	0.0002743058231081	0.0003345640191049	7.524368459101225e-08	1.1193308287964873e-07	0.0005770920239462	-0.000726921522092	5.284148992805501e-07	3.330352041023215e-07	0.0006719210927314	0.0010428822113911	1.0876033068359911e-06	4.514779548573587e-07	0.0	0.0	0.0	0.0	0.0	0.0	0.0	0.0	0.0	1.0	0.0	0.0	0.0	0.0	0.0	0.0	0.0	0.0	0.0	0.0	0.0	0.0	0.0	0.0	0.0	0.0	0.0	0.0	0.0	0.0	0.0
967.4904263000268	5.748729279049144	33.04788832379689	936037.7249822076	1240.017468336152	15.5041678824075	240.37922172587628	1537643.3217787996	898.019068041283	3.0893048171679998	9.543804253377406	806438.2465657345	930.721548406616	879.4008948900182	1.703362	27.055517	0.1455617145955892	0.0806041116995607	0.1908552507	0.103469633	-0.0786314782	0.0646113353	0.0403492598	-0.2343807891	-0.1127645001	-0.073986409	0.0738562044	-0.2097150749	0.118110648	-0.1578906299	0.0175902027	0.167212672	-0.0042098871	0.0747756058	0.1559432073	0.0175482563	0.1089650551	-0.1272856659	0.2360660926	-0.0800966992	0.0072028115	0.0051997574	0.0201175212	-0.1174591789	0.1793485856	0.2125931532	-0.1725400577	-0.103138508	-0.0070161436	-0.0615343971	0.1949599867	-0.0767663957	-0.0196853776	0.0671422232	0.1495106606	0.0251518089	-0.050618193	-0.0323018391	-0.0006052321	-0.071357384	0.0567229864	0.036724966	-0.0391472922	0.119466508	0.0867056104	-0.1113580764	-0.3006152787	-0.0259464652	-0.0808365032	-0.0834932418	0.0037764643	0.1096620617	-0.1359339868	-0.1305298643	-0.0275046819	-0.0956158927	-0.0899701384	0.0187141481	-0.2649086436	0.09640615	0.0830908512	0.065686804	0.1637345109	-0.0916256299	0.0921620322	-0.1298971651	0.0642921517	0.0228792602	0.313155445	-0.137475992	-0.238536728	0.0851975199	0.1046251212	0.054866663	-0.1891826197	-0.1073453611	0.0202804889	-0.1256263171	0.0745199463	-0.0589864985	-0.1126331392	0.2009344548	0.0921511972	-0.0219829325	-0.0127472312	0.1103291661	0.1272788885	0.1126387502	0.0674542747	0.0050684204	-0.0057437531437329	0.0001245035873581	1.550114326503611e-08	3.299070017614157e-05	0.0965068555436374	0.0418202755180203	0.0017489354444031	0.0093135731669204	0.0018145387563777	0.0013928206408309	3.29255089839673e-06	1.939949337524599e-06	-0.0005999154837113	-0.0008742213068194	3.59898587596563e-07	7.642628932970194e-07	-0.0003741357436284	-0.0009512277675746	9.048342658049572e-07	1.3997755466037585e-07	0.0004528878701378	-0.0002190332225936	4.797555259973755e-08	2.051074229179528e-07	0.0	0.0	0.0	0.0	0.0	0.0	0.0	0.0	0.0	0.0	1.0	0.0	0.0	0.0	0.0	0.0	0.0	0.0	0.0	0.0	0.0	0.0	0.0	0.0	0.0	0.0	0.0	0.0	0.0	0.0	0.0
969.930408784472	2.4399824844451814	5.95351452439928	940764.9978848128	1229.366263536903	-10.651204799248944	113.44816367554374	1511341.4099226862	898.1884009650139	0.1693329237308489	0.0286736390592375	806742.4036280885	930.8019541894864	879.0291508337024	1.498057	23.794542	0.1775761249605161	0.1049223357562061	0.070037783	0.1058246866	-0.1380543916	-0.1035234663	0.0968548298	0.0409456195	-0.0355381836	-0.0329006241	-0.0235795497	-0.2411392238	0.0937963265	0.0246103277	0.0838587246	0.0811522763	-0.0461585522	-0.0859840756	-0.1009241146	-0.0944457381	0.1466374751	-0.2025185827	0.0646783438	0.0659402206	-0.1718241923	0.1860495965	-0.0572991585	0.0672532241	0.0075415983	-0.0659873976	-0.0139457119	0.0557304377	0.0957611103	-0.1825717803	0.0580330533	0.0839892324	-0.0784865496	-0.1475197927	0.1271587894	-0.0033320036	0.0943928459	0.0541715421	-0.0100576784	-0.0904326872	-0.0467029274	0.0147355946	0.1719650247	-0.0237909423	-0.0519163013	-0.0765897462	-0.252864063	0.0381733479	0.0775077417	0.1614453824	0.0915322892	0.0113455273	-0.0997254087	0.0536630893	0.0564588563	-0.2163744498	0.0081340448	0.2496189352	0.1122917162	-0.1299354388	0.0768223461	-0.1044019473	-0.0283162224	-0.0340068873	0.0448977229	-0.1509707579	-0.0841434737	0.0509981187	0.1271210249	-0.007330853	-0.2098520031	0.0562046542	-0.1463487948	-0.1337528739	-0.0309122185	-0.0880537029	0.0940402377	-0.0640874281	-0.0030836628	0.1061186557	-0.0794507854	0.0240441348	-0.2215287418	-0.1960567361	0.1602968579	-0.072890621	0.1418645988	0.1109488906	0.0616009311	-0.0050684204	-0.0045996226110816	0.0011441305326513	1.3090346757449472e-06	2.1156528164373116e-05	0.004147390196536	-0.0923594653471014	0.0085302708392024	1.7200845442322922e-05	-0.0081618640850109	-0.0099764028413886	6.661602534219083e-05	9.952861365366654e-05	-8.700527353596341e-05	0.0005129102101753	7.569917623067815e-09	2.630768837021079e-07	0.0001959972679748	0.0005701330116032	3.2505165091973454e-07	3.841492905358557e-08	5.400856712883883e-05	-0.0003988793030089	1.5910469836891465e-07	2.9169253233102904e-09	0.0	0.0	0.0	0.0	0.0	0.0	0.0	0.0	0.0	0.0	0.0	0.0	0.0	0.0	0.0	0.0	0.0	0.0	0.0	0.0	0.0	0.0	0.0	0.0	0.0	0.0	0.0	0.0	0.0	0.0	0.0
970.1935905641228	0.2631817796508358	0.069264649140181	941275.6031717048	1234.7559282256336	5.389664688730591	29.04848545694941	1524622.202288346	899.2892694117122	1.100868446698314	1.2119113369359589	808721.1900790511	930.999869686831	887.411878377345	1.411254	22.415796	0.0679779681256449	0.041043460434272	0.0601005623	0.0560705997	-0.0136330316	-0.0122366381	-0.0243692492	-0.1788973412	0.1593373424	-0.0275980988	0.1185272929	-0.0627858778	0.1181207588	-0.0236248095	0.0083131908	-0.1014386034	0.0875930489	0.0937434938	0.0414493482	0.0567768053	-0.0381690533	0.0031429997	0.1738921035	-0.0636027857	-0.1365243797	0.0350855246	-0.0309432121	0.0378764105	0.0620286905	0.0628944281	0.1194827945	-0.0074274559	-0.0871214979	-0.2179600254	0.0454509144	-0.1496128099	-0.0390189563	0.0364021592	0.0320304222	-0.0106541685	-0.1604397001	0.1937140165	-0.051361372	0.0114143463	0.1124052343	0.0575358653	-0.1340300939	0.0017130901	0.0253004625	0.0401729059	-0.1725749959	0.0747930272	-0.1628477627	-0.0184234737	-0.0467011446	0.0195450774	-0.0090032959	-0.0303677536	-0.0596657112	0.0167657409	0.1407761451	0.0697696935	0.0265736736	-0.0625395993	-0.1397445828	-0.0199402344	0.3719785691	-0.0489608795	-0.0637681642	-0.0488920288	-0.0094563795	0.0533075322	0.062569629	-0.1743635866	-0.0640346661	0.0686660591	0.0533707697	0.1755847503	-0.0528695587	0.0612121956	-0.0291667908	-0.0805670782	-0.0682827931	0.0464122226	-0.0257767199	-0.0502409382	0.0509068748	0.1355367649	0.0394647519	0.0171398856	0.0772749836	0.1091829923	0.0555787436	-0.0151740128	-0.0020314685797302	0.0025681540313514	6.595415128746446e-06	4.126864590431036e-06	0.0374605191659469	0.0333131289694108	0.0011097645617326	0.0014032904961822	0.0123855646511259	0.0205474287361368	0.0001534022117272	0.0004221968276666	-0.0002139948490122	-0.0001269895754762	4.579379540375427e-08	1.612635227963479e-08	0.0001960052637521	7.995777300001282e-09	6.393245463121577e-17	3.841806341853029e-08	-4.9978989392542126e-05	-0.0001039875565213	1.0813411911287397e-08	2.497899380699838e-09	0.0	0.0	0.0	0.0	0.0	0.0	0.0	0.0	0.0	0.0	0.0	0.0	0.0	0.0	0.0	0.0	0.0	0.0	0.0	0.0	0.0	0.0	0.0	0.0	0.0	0.0	0.0	0.0	0.0	0.0	0.0
971.97132609115	1.7777355270271755	3.1603436040545896	944728.2587433886	1229.7302481798622	-5.025680045771424	25.257459922465056	1512236.4832885056	898.267309861559	-1.0219595501531558	1.0444013221492403	806884.1599659221	931.620597519664	885.8218552930125	1.366246	21.700907	0.0674256484009176	0.0362359263128136	0.0049624896	0.1572389045	-0.0902929179	-0.0828737549	-0.1848705216	0.0616473921	-0.0455190988	-0.0211820931	0.1122718135	-0.130329587	-0.0258268703	0.059427246	0.0865323931	-0.0256532675	-0.0076067591	-0.0818699577	-0.1217466988	0.1526703881	0.051060259	-0.1811602631	0.085145694	-0.0229700578	0.0026245977	-0.0436621542	0.1316153325	0.0610843917	0.0095193548	0.1203137705	0.0410196871	-0.0426803515	-0.0274034035	-0.1791152096	-0.0781991933	-0.0455749959	-0.0289613798	0.0564441712	-0.203611183	0.0989049128	0.1127248644	-0.0703956995	0.0039345041	-0.3321345159	0.0438993363	0.0212115294	0.1123982603	-0.1289995814	0.095179341	0.0038040715	-0.1331851698	-0.0075153302	0.1235493845	-0.0413601176	-0.0452830738	-0.1093832992	-0.1077014274	-0.0125475163	-0.1164445457	-0.0255524149	-0.0014740963	-0.0367279651	-0.0119032895	0.0910803112	-0.1343766297	-0.0176180263	0.0829962796	-0.0418949095	-0.1215246217	0.0005877213	0.0507919479	0.1702808535	0.2060504714	0.0281362845	-0.0468192969	0.0201938525	-0.0375120215	-0.1633247738	-0.0105602038	0.1140856808	0.019799435	-0.0566089005	-0.0241511949	0.1138997967	-0.0493401964	-0.1094355898	-0.1715600207	-0.0541000307	-0.025650884	0.0972007331	-0.0096173599	0.1073422654	0.0494042187	-0.0251860523	0.005833293913767	0.0078647624934972	6.185448907912031e-05	3.402731788439113e-05	0.0691238554052802	0.0316633362393332	0.001002566861805	0.00477810738609	0.0155313053154202	0.0031457406642943	0.0002412214448007	9.89568432699475e-06	0.0001200191762822	0.0003340140252944	1.4404602675457796e-08	1.1156536909336809e-07	0.0002579908158928	6.198555214069997e-05	3.842208674187434e-09	6.655926108503262e-08	-0.0001490155920333	-9.903660264075789e-05	9.808248662623368e-09	2.2205646669034903e-08	0.0	0.0	0.0	0.0	0.0	0.0	0.0	0.0	0.0	0.0	0.0	0.0	0.0	0.0	0.0	0.0	0.0	0.0	0.0	0.0	0.0	0.0	0.0	0.0	0.0	0.0	0.0	0.0	0.0	0.0	0.0
972.699377632134	0.7280515409839836	0.5300590463291531	946144.0792459408	1235.2306672383131	5.500419058450916	30.254609818570064	1525794.8012860082	899.5121099068416	1.2448000452825454	1.549527152735427	809122.0358690579	933.0767096825122	905.6955586506532	1.462664	23.232376	0.1348479081930413	0.0700915624820545	-0.003777558	-0.0254610456	-0.0347237464	-0.004116679	0.0247768722	-0.1441031828	0.0855108503	0.0123298126	0.2346884312	0.0533424937	0.0418259106	0.0562209325	-0.0615879219	-0.1767786197	0.0578891278	0.0955482957	-0.0142738713	0.1417555858	-0.0402459044	-0.1042257608	0.0103499599	0.0271594914	0.1893253361	0.0848862831	-0.0888356365	0.020771009	0.1797872187	0.0816592864	-0.1463461712	-0.0027348255	-0.0512361779	-0.0312297957	0.0044451999	-0.161859034	-0.0209518915	0.0933102288	-0.050456315	-0.0276228649	0.0898582518	-0.0605391968	0.1417764092	0.0334154311	-0.0885510615	0.0462869801	-0.1518832399	-0.1138991772	0.1327783872	0.1107091845	-0.0503131282	-0.0416153132	0.0545009533	-0.046176711	0.1723182414	0.0948942762	-0.0332776341	-0.1085765012	-0.1226419435	-0.0045218683	-0.0734248148	0.0167685812	-0.0260574598	0.1264848356	-0.0359637774	0.0486375513	0.0277711879	-0.0688762514	-0.1231428576	0.0833723792	0.2301973835	0.0493625917	0.1241464039	-0.1010482039	0.0005895073	0.1451674261	0.0511226573	0.0650462088	0.0129132993	0.0287530873	-0.0685252337	0.1336051425	-0.0929565614	0.0584658023	-0.1215641655	-0.110180536	-0.0153293444	0.1363827751	0.0069274281	0.0259997191	-0.0998231164	0.1054279714	0.0430942802	-0.0350428114	-0.0052112023633981	-0.0110444962771651	0.0001219808980163	2.715663007228594e-05	0.121812358190553	0.0526885027852728	0.0027760783257537	0.0148382506079435	0.0513940068562419	0.0358627015408217	0.0026413439407394	0.001286133361806	-0.0001600041098965	-0.0002800232861787	2.560131518377125e-08	7.841304080231813e-08	8.099203521871878e-05	-0.000176998780674	3.13285683601115e-08	6.559709768870184e-09	9.900649290955283e-05	0.0002480220849428	6.151495461939972e-08	9.802285638249337e-09	0.0	0.0	0.0	0.0	0.0	0.0	0.0	0.0	0.0	0.0	0.0	0.0	0.0	0.0	0.0	0.0	0.0	0.0	0.0	0.0	0.0	0.0	0.0	0.0	0.0	0.0	0.0	0.0	0.0	0.0	0.0
971.801308531801	-0.8980691003329184	0.8065281089727775	944397.7832641208	1235.8234880648977	0.5928208265845569	0.3514365324323973	1527259.6936528904	898.6912929170854	-0.8208169897561675	0.6737405306723763	807646.0399649827	931.8297966409511	894.926652146008	1.340518	21.292252	0.1670979029084827	0.1246888057397852	0.0013044568	0.0070161638	-0.0795265142	-0.1058740096	-0.0653822848	0.0567931604	-0.0712434545	-0.0330551494	0.0444439365	-0.065636708	0.0327913494	0.010962742	0.0488684795	-0.0067945311	-0.0070008081	-0.0266015225	-0.1146162912	0.0287649022	0.0879405376	-0.0942538648	0.1247404018	-0.0075318396	-0.008413024	-0.0434836885	-0.024500562	0.0127468771	0.0693254477	-0.0552789376	0.0540425393	-0.0161538069	-0.144095927	0.192386819	0.0332027474	0.0793298228	0.1353624279	0.1612738659	-0.1679104129	0.1600023372	0.1620431432	0.1342411084	0.0402638042	-0.0860361674	-0.0319089334	0.0268966856	0.0826112614	-0.0825357285	0.0107785742	-0.0428512346	-0.0955611376	0.0535334599	0.0856974269	-0.0663337966	0.0051400779	0.0092705389	0.0141647325	-0.0621967545	-0.061830733	0.0418392153	0.0721149794	0.0313692662	-0.0371822932	0.1243040304	-0.1641648108	0.1118849261	-0.1282599197	-0.0415449662	-0.1499659431	0.0081360817	-0.0330381628	0.0564064303	0.1008513148	-0.1012995989	-0.0356339132	-0.0118930158	-0.0998917795	-0.1524058296	-0.065702082	0.069177291	-0.0997645347	0.1063192409	0.0639633014	0.0729569069	-0.0859183563	0.0732365002	-0.0718758071	0.0585605693	-0.0416160067	0.0627514408	-0.1132921936	0.1034414224	0.0366662233	-0.0446835199	-0.005288466366963	-7.726400356490061e-05	5.969726246876974e-09	2.7967876514498835e-05	0.0023766769309077	-0.1194356812596453	0.0142648819579555	5.648593233908845e-06	0.0350580894834138	-0.0163359173728281	0.001229069638227	0.0002668621964118	-0.0001369841168268	2.3019993069699977e-05	1.8764648262818395e-08	5.29920080929035e-10	6.503311270278367e-05	-1.5958922515935114e-05	2.5468720786962074e-10	4.2293057478129635e-09	-0.0004869953969537	-0.0005860018898632	3.433982149233039e-07	2.3716451665409185e-07	0.0	0.0	0.0	0.0	0.0	0.0	0.0	0.0	0.0	0.0	0.0	0.0	0.0	0.0	0.0	0.0	0.0	0.0	0.0	0.0	0.0	0.0	0.0	0.0	0.0	0.0	0.0	0.0	0.0	0.0	0.0
970.815871709705	-0.9854368220960624	0.9710857303427864	942483.4567634744	1236.0125968126747	0.189108747777027	0.0357621184857952	1527727.1394796115	898.0306764974633	-0.6606164196221016	0.4364140538743246	806459.0959304917	931.4773475932104	898.7397443419763	1.196192	18.999828	0.1094618218921963	0.0554265032113009	0.009150917	-0.0413781864	-0.0661245275	0.0153507005	-0.0850989746	-0.0579740816	0.1479160249	0.0132930048	0.1751431664	0.0215257274	0.0843691775	0.0449884609	0.0035287621	-0.1299660718	0.065187355	0.021841744	0.0145779786	0.1702236619	-0.0726887615	-0.0004830735	-0.0128106636	-0.1943615423	-0.0088890612	0.0700881319	-0.0671293096	0.0589087771	0.0953713351	0.0262097886	0.0135793085	0.0807417155	-0.074488093	0.014599951	-0.004915925	-0.1292020162	0.1093447492	0.0484816923	-0.1184876247	-0.0083917687	-0.0037598295	0.0039315226	-0.0488737798	0.046397763	0.0095719564	0.0430313571	-0.0943813024	-0.091301679	0.1079380359	0.1149138429	-0.0409511624	-0.0904055693	-0.082054182	-0.0154794125	0.0214557789	-0.0613782696	0.1092214757	-0.0865409252	-0.1122004715	0.0742903453	0.002663256	0.124193437	-0.0264653042	-0.0590026695	0.00350436	0.0205641756	0.0601929573	-0.0103153437	-0.18102939	0.0356918106	0.1326177964	0.0264241028	0.0528320738	-0.1721361973	0.0327247615	0.122145473	-0.0544285115	0.0765338873	0.0314872197	0.040461118	-0.1682005482	0.0177161304	-0.1046616367	0.1095893441	-0.1147600185	-0.1156317904	-0.0388068923	0.0570111864	0.0873507146	0.0592378096	0.0499836509	0.1013839798	0.0301376669	-0.0540487397	-0.0035673120225965	0.0017211543443665	2.9623722771316767e-06	1.2725715066561531e-05	0.047721614061686	0.0453449371307783	0.0020561633233942	0.0022773524486525	0.0203111046902364	-0.0147469847931774	0.0004125409737377	0.0002174735604902	-0.00047101555627	-0.0003340314394431	2.2185565424833758e-07	1.1157700253649616e-07	-0.0002139654940169	-0.0002789986067196	7.78402225515247e-08	4.578123262989608e-08	-0.0001470505306391	0.0003399448663146	1.1556251213365125e-07	2.162385856124089e-08	0.0	0.0	0.0	0.0	0.0	0.0	0.0	0.0	0.0	0.0	0.0	0.0	0.0	0.0	0.0	0.0	0.0	0.0	0.0	0.0	0.0	0.0	0.0	0.0	0.0	0.0	0.0	0.0	0.0	0.0	0.0
969.3636355596252	-1.4522361500797842	2.1089898355985537	939665.857945374	1224.7368111959318	-11.27578561674295	127.1433412747472	1499980.2566983793	897.9234220259417	-0.1072544715216281	0.0115035216613837	806266.4718227774	930.7646911033552	888.5597396153611	1.295889	20.583384	0.0826786448010671	0.0386838340078165	0.0468426647	0.0110847774	0.0306584333	-0.0681021835	-0.1899877761	0.0892415413	0.025367309	-0.034255287	0.0728158339	0.0383712977	-0.0422775266	0.0288733961	-0.0286529641	-0.0039173279	0.0545993506	-0.0651119415	-0.038961161	0.120338009	0.009630106	-0.0059999218	0.0662974496	0.0377880772	0.0156876196	-0.063195262	0.0173448693	0.0471525728	-0.0824598512	0.050599325	0.0101942075	-0.0873886453	0.0245720808	0.0410517089	0.0572857039	-0.0617048693	0.0592789082	-0.1611033821	-0.1390312223	-0.0183307285	0.0855329306	-0.050205364	0.0216279197	0.1264455152	-0.2092726853	0.0561739189	0.0336684302	-0.0712599436	0.0947562661	0.0430235453	0.0446733382	0.0290252199	0.0525839665	-0.0849604768	-0.0806951849	0.033180421	-0.0421100646	0.0685718816	-0.0086417664	-0.0321007467	-0.0216999866	0.0252562016	-0.0275831728	0.0988793869	-0.1837830047	-0.0251519507	-0.0980908094	-0.0340827513	-0.1120423908	-0.0593728176	0.0614279825	0.021591265	-0.0122689699	-0.035534189	-0.1587622238	0.0334573155	-0.0218568162	-0.0598826	-0.013709196	0.0417298075	-0.0301720238	-0.0483589276	0.0086713612	0.0803704729	0.1261032529	0.0994620399	-0.1391343356	-0.0588919866	-0.2793748725	0.0882859794	-0.1186635072	0.0992570537	0.0235265052	-0.063080731	0.0069079336060582	0.0104752456286547	0.0001097307709806	4.7719546705708246e-05	0.0371973138095995	-0.0105243002520864	0.000110760895796	0.0013836401546498	0.0394340884518413	0.0191229837616049	0.0015550473320276	0.0003656885079466	0.0001599896547057	0.0006310052109757	2.5596689612849117e-08	3.981675762784877e-07	-0.0003450044621866	-0.0001310389681697	1.7171211178979656e-08	1.1902807892866513e-07	-5.797240661007828e-05	8.907812402902173e-05	7.934912180529778e-09	3.360799928164248e-09	0.0	0.0	0.0	0.0	0.0	0.0	0.0	0.0	0.0	0.0	0.0	0.0	0.0	0.0	0.0	0.0	0.0	0.0	0.0	0.0	0.0	0.0	0.0	0.0	0.0	0.0	0.0	0.0	0.0	0.0	0.0
968.9735052529142	-0.3901303067110575	0.1522016562144638	938909.6538821192	1235.1908664858438	10.454055289912048	109.28727200453808	1525696.4766500497	899.8686222060587	1.945200180117013	3.7838037407272576	809763.5372310304	932.652501487516	886.3903540009192	1.291917	20.520292	0.162520372260067	0.087908465918463	0.079740268	-0.095630726	-0.0436281273	0.0048721916	0.0750196462	0.0265580814	0.1246095294	-0.0422885722	0.0581913362	0.0224838641	0.1280776706	0.0598124941	-0.1192334845	-0.0634930535	0.1287346635	0.0993888324	-0.0964157677	0.0167711138	-0.1079629646	-0.0332473111	-0.0211911703	0.0992987805	0.0067998954	0.0295035628	-0.0340237746	-0.0298473718	0.0239857397	-0.1070986058	-0.0278159668	-0.046405416	0.1066595367	0.0262595366	0.0938254127	0.0579629287	-0.1240845831	-0.164594282	-0.0401835981	-0.0055339727	0.0989219716	-0.1519225347	0.087036324	-0.0336833227	0.0628098511	0.0909230972	-0.1335907889	-0.0872445996	-0.0752838435	0.0926512685	-0.0373316004	0.0802152002	0.0843567376	0.0311244637	0.0690995884	0.0878671329	0.0544054499	-0.0717788109	0.1333601175	-0.1008061905	-0.0119360449	0.1166498456	-0.0301621652	0.0554815603	-0.0018647342	-0.0279080644	-0.1589852785	-0.0831685486	0.0078831495	-0.0196087125	0.0981007568	-0.1851844863	-0.045638586	-0.0575027934	-0.0836145364	-0.0350877417	0.0232472434	0.1122997943	0.0717912434	-0.1135584875	0.1217507065	0.012954363	0.1548232589	-0.0093413193	-0.037124467	0.1046033573	-0.0722975882	-0.013739733	-0.1793251817	0.0317445398	-0.1177241816	0.0970621018	0.016850859	-0.0717238087	-0.0326788364194499	-0.0395867700255081	0.0015671123610524	0.0010679063497291	0.0521047402525027	0.0149074264429032	0.0002222313631505	0.0027149039567807	0.043270092461185	0.0038360040093437	0.0018723009015994	1.4714926759700969e-05	-0.0010909829039144	-0.0012509725586201	1.190243696633497e-06	1.5649323424205195e-06	0.0004570479551375	0.0008020524173241	6.432880801354323e-07	2.088928332953702e-07	-8.875086631211792e-05	-3.077845970203964e-05	9.47313581630078e-10	7.876716271151428e-09	0.0	0.0	0.0	0.0	0.0	0.0	0.0	0.0	0.0	0.0	0.0	0.0	0.0	0.0	0.0	0.0	0.0	0.0	0.0	0.0	0.0	0.0	0.0	0.0	0.0	0.0	0.0	0.0	0.0	0.0	0.0
970.0934999493788	1.119994696464687	1.2543881201090263	941081.3986440354	1229.174997469274	-6.015869016569695	36.19068002452323	1510871.17440359	899.957008710046	0.0883865039872944	0.007812174087096	809922.6175263338	932.395211760887	890.9132189105036	1.386428	22.021467	0.2431993668213748	0.1179795508001947	0.0732389851	-0.0831832005	0.0318764883	0.0779115247	0.1521088511	0.0259650643	-0.0998904333	-0.0829784569	-0.142990025	-0.008837907	0.1403357621	0.0160517554	0.0363006191	-0.0757147764	0.0673698014	0.053052667	0.0363118247	-0.0144390053	-0.0461273942	-0.1687643627	0.1299869042	0.1684795251	0.1083180139	-0.0793110934	0.004930838	-0.0066738458	0.0513613717	0.0665232129	0.0452597806	0.0500633259	-0.0427120647	0.0619548168	-0.0827944582	0.0924088243	0.1062801179	-0.1049501299	-0.0509387452	-0.0795696877	-0.1304314028	-0.1661864105	0.1786300936	-0.0183430888	-0.0060639577	0.0797309447	-0.0085521862	0.0826164198	-0.0744972719	0.0706665037	-0.0976834693	0.0741311255	0.2386547769	-0.1111588977	-0.0331710727	0.0875341448	0.063218104	-0.1131313663	-0.0567491862	0.0009592401	-0.1118824678	0.0346463223	0.0491430492	-0.1240951799	0.0508218828	0.0622612187	0.0960156088	-0.198723214	0.0948197475	0.0596326009	0.1755941253	0.0298824649	0.0461811209	0.0418535597	0.0637196633	0.0544845558	0.1085906487	-0.1193681837	-0.1098361396	0.0730036972	-0.0049879626	0.0734166313	0.0279752097	-0.0338756099	-0.1000595263	-0.0735474408	-0.0302217701	-0.0059535884	0.0371348888	-0.0601616059	-0.0350375215	0.0948006283	0.0101290257	-0.0799246852	-0.0212040519676577	0.0114747844517922	0.000131670678215	0.0004496118198471	0.1389740906599428	0.0868693504074401	0.0075462840402106	0.019313797874758	0.1188633276387491	0.0755932351775641	0.0141284906573566	0.0057143372046105	-0.0003390029674093	0.0007519799365051	1.1492301191231093e-07	5.654738249062143e-07	-2.2958991848787136e-05	-0.0004800069469862	2.3040666915509626e-07	5.271153067126742e-10	-0.0002420039185123	-0.0001532530522001	2.3486498008671737e-08	5.856589657530794e-08	0.0	0.0	0.0	0.0	0.0	0.0	0.0	0.0	0.0	0.0	0.0	0.0	0.0	0.0	0.0	0.0	0.0	0.0	0.0	0.0	0.0	0.0	0.0	0.0	0.0	0.0	0.0	0.0	0.0	0.0	0.0
969.2617728887202	-0.8317270606586362	0.6917699034318547	939468.3843833852	1231.589325695503	2.4143282262289176	5.828980783965672	1516812.2671671037	898.8780469459122	-1.078961764133851	1.1641584884628318	807981.7432812975	932.5933476034404	883.3544560972279	1.251104	19.872032	0.1591473902272736	0.1022899364694315	0.087913114	-0.092449114	-0.0236497086	0.137220309	0.0861064856	0.1192193716	0.0372131669	-0.1112335806	-0.1973693901	0.0610165786	0.0420849739	0.0965254248	0.0441017672	-0.0554847774	0.0179767992	0.0486662179	0.1134785868	-0.1644057924	-0.1034574684	-0.0835419591	-0.0395595207	-0.0269793238	0.0181688547	0.0385533547	-0.0384775415	0.1120140437	0.1178452834	0.0650608004	-0.0634359888	-0.0257366019	-0.0077699936	0.2087827317	-0.0087165064	0.1104014721	-0.1469727839	-0.0658691403	0.0144760895	-0.1081646422	0.1340343615	0.0177937702	0.0961361136	-0.1007233446	-0.0171397049	0.0679385609	-0.0337909815	0.1635638559	-0.1082719643	0.0218255992	-0.0049597728	0.0136183018	0.0524641817	0.0329843192	0.1249474732	-0.03625227	0.1499717434	-0.0797801291	-0.1511616217	-0.1014863029	-0.0047624944	-0.0774419404	-0.1009954641	-0.0998608559	-0.0589115348	0.0905988255	-0.2045445064	-0.1449059678	0.1544451191	-0.0502503033	0.0057697289	0.0173528829	-0.0405526492	-0.1334497723	0.0051487026	0.1525116025	-0.0663873171	-0.0275918871	-0.0074375435	-0.0267440747	-0.0757335295	0.0848827035	0.0885467672	-0.0308304347	-0.0341262024	-0.0428748355	-0.0135570917	0.0013684163	-0.1034628001	-0.0271287863	-0.0195883104	0.0924741833	0.0033794295	-0.0876327994	-0.0158819108717125	0.0053221410959451	2.832518584514876e-05	0.000252235092937	0.0450948008851384	-0.0938792897748043	0.0088133210486216	0.0020335410668702	0.0891673157924657	-0.0296960118462834	0.0079508102056333	0.0008818531195746	-0.0001230504679567	0.0002159524994526	1.5141417664362854e-08	4.66354820198252e-08	-0.000405984646137	-0.0003830256542882	1.4670865184291356e-07	1.648235328989851e-07	-0.0002480247149763	-6.020796464000004e-06	3.624999006091496e-11	6.151625923907487e-08	0.0	0.0	0.0	0.0	0.0	0.0	0.0	0.0	0.0	0.0	0.0	0.0	0.0	0.0	0.0	0.0	0.0	0.0	0.0	0.0	0.0	0.0	0.0	0.0	0.0	0.0	0.0	0.0	0.0	0.0	0.0
970.2177974454968	0.9560245567765832	0.9139829531598624	941322.574479991	1236.555630319487	4.966304623983888	24.664181618203745	1529069.8268748235	898.586491564992	-0.2915553809201583	0.0850045401434986	807457.6828230815	932.1423207646992	891.5307714017335	1.385176	22.001589	0.0899632858627332	0.0589664556078773	0.0693630775	0.079760261	0.0654400742	0.028757506	0.0052988814	0.0688953178	-0.0910561136	-0.1250348187	-0.1465537827	-0.1137524489	-0.0118785927	-0.0497900916	0.0105293141	-0.0555410981	0.0082571284	-0.0637055069	0.0051579649	-0.0116436743	0.1213208926	-0.0166111068	0.1038116509	0.0422165557	0.0079237043	0.0145030519	0.0951377001	0.0531155446	0.0896309593	-0.0004204258	-0.0067396718	0.0458711494	-0.1098409444	0.112071277	-0.0632318918	-0.1082695896	-0.0396434833	0.0920508017	0.1032980819	0.1362555417	0.1370152114	0.065149632	-0.0311934083	0.0069567839	-0.0509657648	0.0573904955	0.115236186	0.0802503832	0.0165578242	-0.1105012674	-0.0585459214	0.1467935825	0.0449695213	-0.0871600141	0.0451511407	-0.0893325924	0.0391718776	-0.0909390652	0.0116881645	0.1182344992	0.0185401795	-0.0786140749	-0.056105943	0.0690412644	0.0517270331	0.0837446205	0.0049173508	-0.0901242103	-0.0899925319	-0.0687446815	-0.0924093876	0.0892253928	0.056658267	-0.0467518327	0.0811012505	0.0638181088	-0.0343557963	-0.1203683665	-0.0835598392	0.1041345313	-0.0615336298	0.1318493503	0.0744514066	-0.0574862708	-0.0360962507	0.0105989843	0.0052194761	0.0253880952	-0.0428752195	-0.0624424649	-0.0218534899	0.090084361	-0.0033794295	-0.0948006283	-0.009323465987066	0.0065584448846465	4.301319930494585e-05	8.692701801197657e-05	-0.0108002678482961	-0.0558950687334345	0.0031242587087153	0.0001166457855949	0.0892303800158202	6.306422335450312e-05	0.0079620607177676	3.977096267306657e-09	3.693761748945544e-05	0.0001599880854461	1.364387585797324e-09	2.5596187484726343e-08	-0.000256008996941	0.000149975649196	2.2492695351761663e-08	6.554060651473695e-08	-0.0004869951407601	-0.0002389704257838	5.7106864399290676e-08	2.3716426712394965e-07	0.0	0.0	0.0	0.0	0.0	0.0	0.0	0.0	0.0	0.0	0.0	0.0	0.0	0.0	0.0	0.0	0.0	0.0	0.0	0.0	0.0	0.0	0.0	0.0	0.0	0.0	0.0	0.0	0.0	0.0	0.0
968.8617846997852	-1.3560127457116096	1.8387705665323384	938693.1578516528	1229.887530443145	-6.668099876342012	44.46355596087236	1512623.3375395376	898.6175949286624	0.0311033636703541	0.0009674192316103	807513.5819153734	931.3530281386586	885.9411663285671	1.291292	20.510365	0.1195333318171868	0.0671514289693808	0.0638771233	0.0498112908	-0.084691265	0.0298045441	-0.1400942714	-0.0450906698	0.1011207346	-0.0339046841	0.163972746	0.0140452649	-0.0610722806	0.1203384949	-0.0819623184	-0.0767671786	0.0852586228	-0.0138578993	-0.0334487419	0.156885676	-0.0145676041	-0.0459979955	0.0065561862	-0.1215329552	0.0666249303	0.0703322934	0.075094339	-0.0634835785	0.0653939596	-0.0359214019	0.0885558136	0.1562883346	-0.0221146027	-0.0303356419	-0.0048229321	0.0125171447	0.009285288	0.0553617967	0.0041632789	-0.2155386132	0.0501297163	0.0433268116	0.0649506529	0.148323422	0.0848000808	0.0870781362	-0.0281288286	-0.1169363568	0.1249100014	0.0749844982	-0.0289180669	-0.0734910385	-0.0511363605	-0.0400170165	0.1015845505	-0.1586900285	-0.062476145	-0.0391765143	-0.0211601966	0.130703362	0.0799649401	-0.0393863535	0.0776876477	-0.0989187587	-0.046882369	0.1065005788	-0.0125752817	-0.0584468697	-0.1586976126	-0.0411299987	0.1103359406	0.0858436867	-0.0024710253	-0.0690980972	0.1310546102	0.0749484929	-0.0867325793	-0.0128763721	0.1257504475	0.006260407	-0.0873252439	0.0659853649	0.001575293	0.0033071736	0.0622948014	-0.0118903579	-0.0217156773	0.0135259204	-0.126465414	-0.0595077914	0.0197334496	0.0876327994	-0.0101290257	-0.1013839798	-0.0091592204821466	0.0001642455049194	2.6976585886228673e-08	8.389131984057379e-05	0.0474584886345468	0.0582587564828429	0.0033940827069271	0.0022523081434754	0.0738538931836529	-0.0153764868321673	0.0054543975383824	0.0002364363472998	0.0005179335587684	0.0004809959412789	2.6825517129849965e-07	2.313570955268179e-07	-0.0004780710037493	-0.0002220620068083	4.93115348677295e-08	2.2855188462586327e-07	-0.0002753762289022	0.0002116189118579	4.478256385592165e-08	7.583206744439686e-08	0.0	0.0	0.0	0.0	0.0	0.0	0.0	0.0	0.0	0.0	0.0	0.0	0.0	0.0	0.0	0.0	0.0	0.0	0.0	0.0	0.0	0.0	0.0	0.0	0.0	0.0	0.0	0.0	0.0	0.0	0.0
968.1973688661903	-0.6644158335948305	0.4414483999315134	937406.145079414	1233.664897639577	3.777367196432124	14.268502936681482	1521929.079668068	898.6758917337631	0.058296805100781	0.0033985174849584	807618.3583834744	933.2415497759324	893.9174076970211	1.312201	20.84248	0.0497561799362712	0.0305130335275437	0.072043571	-0.0156525657	0.0943756735	-0.0430793353	-0.1387807966	-0.002363371	0.0089636049	-0.1022494323	0.1289661982	0.0555261332	-0.0482505172	-0.001982244	-0.0722163598	0.0050572123	0.1268062814	-0.0291288492	-0.007150936	0.1153198333	0.0542803781	0.0333016424	0.013601383	0.1196932837	0.1602390236	-0.0704783105	-0.0812315268	0.0574992459	-0.0395187761	0.0443904245	0.0576354322	-0.0085517608	0.0803938842	-0.1211657018	-0.0309883581	-0.1634166149	-0.06279989	-0.0257103403	0.0431843098	0.0671594461	0.0477901197	0.1465640215	0.1058054683	0.1111617159	-0.1304020187	0.1343437714	-0.0144043889	-0.0677350231	0.1190317438	0.0309308723	0.078761297	0.0096281237	0.0861829612	-0.0652308606	-0.0178787221	0.1351070684	-0.0340039631	0.0258290171	0.001748017	0.0161442899	0.0728844385	0.0104503705	0.0542725659	0.1080297841	-0.0021164256	-0.0750677648	0.0438427693	-0.0172192477	-0.0844920097	-0.0774296901	0.1454626979	0.066387477	-0.115288893	0.0117403563	-0.0306371916	0.121422365	0.0674303975	-0.0400215533	-0.0555284342	0.1596921236	-0.0427381486	0.0295244386	-0.0004781554	-0.0170501322	0.1765717223	-0.0806145614	-0.0320474111	-0.1663657349	-0.0642908727	-0.0106087378	-0.0746234244	0.0851211787	-0.016850859	-0.1073422654	-0.0092253307935123	-6.611031136570002e-05	4.370573268869805e-09	8.510672824972628e-05	0.0714604183461489	0.0240019297116021	0.0005760926298806	0.0051065913902066	0.0587459495349094	-0.0151079436487435	0.0034510865867581	0.0002282499612936	0.000517884118851	-4.943991739993821e-08	2.682039605580767e-07	2.4443054325127134e-15	-0.0004781257018748	-5.4698125499992075e-08	2.9918849332128825e-15	2.2860418679327014e-07	-0.0004868760161505	-0.0002114997872483	4.473216000607616e-08	2.3704825510258198e-07	0.0	0.0	0.0	0.0	0.0	0.0	0.0	0.0	0.0	0.0	0.0	0.0	0.0	0.0	0.0	0.0	0.0	0.0	0.0	0.0	0.0	0.0	0.0	0.0	0.0	0.0	0.0	0.0	0.0	0.0	0.0
966.4836622030418	-1.713706663148514	2.9367905273196144	934090.6693054036	1226.2140667923095	-7.450830847267525	55.514880314593306	1503600.9375993344	897.8598872141225	-0.8160045196406145	0.66586337607391	806152.3770681568	931.4937845059457	884.8802589989019	1.367538	21.72143	0.03461074578374	0.0254502485743514	0.1070460392	-0.1896427822	-0.0093260906	0.0352167848	0.0523323045	0.0503414393	0.039610843	-0.1455225234	-0.0178987364	0.0974864889	0.1038367721	0.0646209147	-0.019685668	0.0491290835	0.1417271571	-0.0653395251	0.1001853351	-0.1268508699	-0.0709084206	-0.0333537152	-0.046776058	0.0262382793	-0.0219318998	0.0024869034	-0.1119232898	0.0806176883	0.0622022797	-0.0278829687	0.0366248159	-0.0566551098	-0.1101531733	-0.0263363607	0.0215118205	0.2614023016	-0.1146300741	-0.1274587156	0.0061457891	-0.0358254733	0.1510830669	0.0637594113	-0.0784964907	0.0526755593	0.0575826591	0.1578148811	0.0005998631	0.0929549146	-0.0802831248	0.0919068467	0.0431652072	-0.0452116334	-0.0070471806	0.0667768201	0.0027964899	0.1296695198	0.0633717921	0.0134117642	-0.0515685457	-0.1683635545	0.0038423003	0.0357755799	0.0218130709	-0.1470473027	-0.1596785776	-0.037980364	-0.2088508882	-0.0546734317	0.1416836803	-0.1429858782	0.0827731502	0.0206565375	-0.1385426482	-0.0892072146	-0.0072715904	0.0366557104	-0.0511162232	0.0117475037	0.0350422698	0.0221008186	-0.0346487597	-0.0155898963	0.030546523	-0.0854167834	0.2059953416	-0.1125159781	-0.021912085	-0.1112415199	-0.0403838946	-0.0845129165	0.0395876311	0.0825512202	-0.0235265052	-0.1126387502	-0.0093415206208788	-0.0001161898273665	1.3500075983457276e-08	8.726400751030384e-05	0.0715109824379993	5.056409185040522e-05	2.5567273846562162e-09	0.0051138206092478	0.0589326803744825	0.0001867308395731	0.0034730608161209	3.4868406447675384e-08	0.0001079505712938	-0.0004099335475572	1.1653325842657797e-08	1.6804551341283118e-07	-0.000203026564667	0.0002750991372078	7.567953529247598e-08	4.1219785960483536e-08	-0.0004869885518845	-1.1253573399999705e-07	1.2664291426918091e-14	2.3715784966656238e-07	0.0	0.0	0.0	0.0	0.0	0.0	0.0	0.0	0.0	0.0	0.0	0.0	0.0	0.0	0.0	0.0	0.0	0.0	0.0	0.0	0.0	0.0	0.0	0.0	0.0	0.0	0.0	0.0	0.0	0.0	0.0
965.3962670071954	-1.0873951958463977	1.1824283119498256	931989.9523514282	1233.4376713202253	7.223604527915768	52.18046237572519	1521368.48903186	897.6834783910222	-0.1764088231003597	0.031120072867654	805835.6273762047	933.422428809368	876.1108059470844	1.597039	25.366734	0.1290833352232289	0.0856864967876154	0.1636763152	0.0720442321	0.1485554637	0.1283045213	0.0633536367	0.091640798	-0.1144386888	-0.2420653923	-0.2537323673	-0.0363119906	0.0051503771	-0.0285584463	0.1190700039	-0.0143143652	0.1382156043	-0.0781423609	0.133414157	-0.0448133832	0.1440428348	0.015756265	0.1003901676	0.0180915995	-0.0463481635	0.0061634339	0.1382700316	0.0544219176	0.052263007	0.109177981	-0.0875422702	-0.1209131805	-0.0293155907	0.1348943285	0.0302303781	0.0304619163	0.0049137157	-0.0285743616	0.0036265108	-0.0766543307	0.0863597146	-0.1160021807	-0.1768252005	-0.0197401436	0.1237092273	0.1843064796	0.0819067861	0.2032310093	-0.0100493578	-0.1262931387	0.0025629496	0.14798207	0.0285713815	-0.0061505901	-0.0732559262	-0.1253841475	0.0593021148	-0.0566135602	-0.1127196258	-0.1171288955	-0.1156147434	0.082006559	-0.1157585507	-0.0934326206	0.0656840405	0.0398803323	-0.0228368686	-0.0675471151	0.0045770358	-0.2152912335	-0.1027700628	0.0418186378	0.0408765541	0.0556648014	0.0489880031	0.017345145	0.0927539782	-0.1208818285	0.0073367313	0.0372648986	-0.0387165869	0.0488576194	-0.0045921103	-0.1878235286	0.1265912457	-0.0565798833	0.0100274347	-0.0079647131	-0.0342082521	-0.1232682973	0.0036897377	0.0799246852	-0.0301376669	-0.1172407796	-0.0180462931617313	-0.0087047725408525	7.577306498797967e-05	0.0003256686968791	-0.0114370909064263	-0.0829480733444256	0.0068803828715522	0.0001308070484018	0.0670121180105383	0.0080794376360558	0.0044906239602583	6.527731251491494e-05	0.0001959373001117	8.798672881790001e-05	3.83914255750624e-08	7.741664448074676e-09	-0.000478025365677	-0.00027499880101	7.56243405569376e-08	2.2850825023062963e-07	-0.0002629530476745	0.00022403550421	5.019190714662893e-08	6.914430528130788e-08	0.0	0.0	0.0	0.0	0.0	0.0	0.0	0.0	0.0	0.0	0.0	1.0	0.0	0.0	0.0	0.0	0.0	0.0	0.0	0.0	0.0	0.0	0.0	0.0	0.0	0.0	0.0	0.0	0.0	0.0	0.0
963.887748028812	-1.5085189783834494	2.2756295081430458	929079.5908000544	1235.8947224190565	2.4570510988312435	6.0371001022678215	1527435.7649032767	897.0608666131111	-0.6226117779110609	0.3876454259935722	804718.198408666	930.7365219617348	865.7528073993826	1.42712	22.667803	0.056147200720426	0.0314784667964398	0.1776010274	0.0554321591	-0.1159307821	-0.0530593911	-0.1007357339	-0.008091744	0.0536366784	-0.1253806419	0.0781171529	-0.050356241	-0.1119038143	0.1620211765	-0.0973842934	0.0710531231	0.07057505	-0.1828053501	-0.0285430259	0.0222226959	-0.0080782696	-0.0837493748	0.0387064086	-0.2012172418	0.0067734989	0.0408495746	0.071546173	-0.0893821159	0.0245701192	-0.1785762998	-0.0240760729	0.0816994892	-0.0023297972	-0.0162814297	0.0083540316	-0.0918719049	-0.0795828495	0.0543103037	0.1903261204	0.0966888761	-0.0280177659	0.0866938459	0.0060013766	0.0808404751	0.0020281418	0.1214047925	0.141503618	-0.0589896626	0.0348796209	0.0610611303	-0.052238377	-0.0920929508	-0.11786757	-0.0141993288	0.0970837814	-0.2111179975	-0.0533965668	-0.0461902587	0.1186118695	-0.025037467	0.0460782938	-0.1128033684	0.0020607066	0.0254403942	0.1494365076	0.02990906	0.0326149887	-0.0803806617	-0.1046986973	-0.1590553038	0.0017442795	0.0112111046	-0.0301253416	0.0078411258	0.089838475	-0.1178804798	-0.0785397207	-0.0054418824	0.1408902395	-0.1070206326	-0.0628930193	0.0206234185	0.0223435946	-0.0118658486	0.0834907576	-0.0656012601	0.0262087591	-0.0532852238	0.0113085314	-0.1163349043	0.0738143301	0.0772433738	-0.0366662233	-0.1211199807	-0.0092166628280949	0.0088296303336364	7.796237182867204e-05	8.494687368678628e-05	0.0083074008891657	0.019744491795592	0.0003898449562661	6.901290953331108e-05	0.0865361387830319	0.0195240207724936	0.0074885033154761	0.0003811873871247	5.194116600761943e-05	-0.000143996134104	2.69788472623108e-09	2.0734886636920357e-08	-0.0004780060675149	1.929816210001836e-08	3.724190604385851e-16	2.2848980058105914e-07	-0.0002459873235666	1.6965724107900022e-05	2.8783579450538e-10	6.050976335545915e-08	0.0	0.0	0.0	0.0	0.0	0.0	0.0	0.0	0.0	0.0	0.0	0.0	0.0	0.0	0.0	0.0	0.0	0.0	0.0	0.0	0.0	0.0	0.0	0.0	0.0	0.0	0.0	0.0	0.0	0.0	0.0
963.5759388988992	-0.3118091299128309	0.0972249334969966	928478.590024895	1235.540258392086	-0.3544640269706178	0.1256447464162269	1526559.7301075824	897.3681966694559	0.3073300563447674	0.0944517635328779	805269.6803937912	931.911897445454	869.1668913936148	1.271128	20.190096	0.0718890484986636	0.0406878993410661	0.1941404802	0.111679901	0.085759743	-0.0306194004	-0.057005481	-0.0508273632	0.0020951991	-0.1259495485	0.0948459155	-0.0242588603	-0.0377705224	-0.0171087909	-0.0248820148	0.0159703899	0.1011619948	-0.0943058692	0.1255102772	0.0889212275	0.0320991119	0.1009644871	0.077633401	0.0499865195	-0.0157598735	-0.0050152619	-0.0344803057	0.112168442	0.0334900266	0.0720481382	0.1054848655	0.1258849279	0.0814395177	0.0213600428	0.110859125	-0.0554551778	-0.1020837395	0.1526250134	-0.0107190065	0.0905303716	-0.2006241661	-0.0938755946	0.0142252879	0.0953510593	0.17452547	0.123087496	0.0057522811	0.061456053	0.1774424719	0.0146250555	0.0102479783	0.0583070354	-0.0927547043	-0.0070865408	-0.0187058321	0.1151826624	-0.0573631403	0.0443528831	-0.1287339379	0.078886967	0.2746883857	0.0554697236	-0.0542577288	0.0279864571	0.0307552713	0.0087294207	0.0115240711	-0.1036862558	-0.0740621836	-0.1478626539	-0.0709780297	-0.0384275497	-0.122217965	0.0885039888	0.0489106746	-0.0065177032	0.162777258	0.0098664021	-0.1093444989	-0.0745382174	0.032634006	-0.0130711094	-0.0223354668	-0.0818799037	0.0344024074	-0.0715581432	-0.0200689879	0.0189670278	0.0042540221	-0.0093562363	0.1033837493	0.0745091236	-0.0430942802	-0.1242524367	-0.009311018763995	-9.435593590009957e-05	8.903042639583698e-09	8.669507042346698e-05	-0.0033443596004474	-0.0116517604896131	0.0001357635225073	1.1184741137104694e-05	0.1129323596870364	0.0263962209040044	0.0127537178644821	0.000696760478013	-0.0003790261978755	-0.0004309673638831	1.436608586759577e-07	1.8573286873236505e-07	-0.0003089675480962	0.0001690385194187	2.8574021047266214e-08	9.546094577657767e-08	-0.0001710589834855	7.492834008109998e-05	5.614256147308974e-09	2.926117583109256e-08	0.0	0.0	0.0	0.0	0.0	0.0	0.0	0.0	0.0	0.0	0.0	0.0	0.0	0.0	0.0	0.0	0.0	0.0	0.0	0.0	0.0	0.0	0.0	0.0	0.0	0.0	0.0	0.0	0.0	0.0	0.0
962.2421228871486	-1.333816011750514	1.7790651532020474	925909.9030583664	1234.5665451918192	-0.9737132002667296	0.948117396373676	1524154.5545068642	896.2195420641127	-1.148654605343154	1.3194074023760367	803209.467577608	930.7398916829889	881.6714749421809	1.576524	25.040874	0.0818851309482699	0.049633173354187	0.1824394982	-0.1457829201	-0.1371822929	-0.1614731261	-0.0716256144	0.0313409006	-0.099037703	-0.0865368814	0.0928111048	-0.0925197111	0.0249972811	0.1604076586	-0.0612034446	0.0922285655	0.063896868	-0.3110522301	-0.1255297649	-0.0317381811	-0.1433513631	-0.0318545995	0.0143038022	-0.0961297526	0.0051555984	-0.0085739255	-0.0112938918	-0.0130720064	-0.0615433856	-0.0619440452	0.0457042597	0.1781115056	0.0052543325	0.0035296351	-0.0894129379	0.1305572173	0.1000285728	-0.0683304625	0.0843599553	-0.0576338721	-0.0788325644	-0.009405463	-0.0101842064	-0.0109259527	0.0718696353	0.1013299741	0.2747737985	-0.1271721576	-0.061750582	0.1747650151	-0.0357347125	-0.0837097896	-0.1120641845	-0.0415255938	-0.071663312	0.0177827112	0.0197139762	0.053694039	0.0416767997	0.0719573865	0.0934457362	-0.0718590942	0.1462178603	-0.0475769143	0.0306245245	0.0897233452	-0.0762383194	-0.1198017145	-0.0644101526	-0.0865698318	0.0179041256	-0.0180616171	-0.1504179725	0.0334235778	0.1578046315	-0.2749620046	-0.1544938477	-0.0149487078	-0.03196623	-0.0966632594	0.090948902	-0.0527667465	0.0060178274	0.0088021498	0.0272259016	0.0275879707	-0.0333944396	-0.0707929995	0.0172683933	-0.1330260511	0.0684649442	0.0717238087	-0.0494042187	-0.1266188352	-0.0094111469060891	-0.0001001281420941	1.0025644839216293e-08	8.856968608799044e-05	0.0389892816605339	0.0423336412609813	0.0017921371824134	0.0015201640844044	0.1129327470436152	3.8735657879873653e-07	0.0127538053548171	1.5004511913866178e-13	-0.0003129762302865	6.604996758899996e-05	9.795412072434829e-08	4.362598218507945e-09	9.807656473781456e-05	0.000407044112834	1.6568490979282996e-07	9.619012550770732e-09	-0.0004869843868348	-0.0003159254033493	9.980886048141792e-08	2.3715379302086615e-07	0.0	0.0	0.0	0.0	0.0	0.0	0.0	0.0	0.0	0.0	0.0	0.0	1.0	0.0	0.0	0.0	0.0	0.0	0.0	0.0	0.0	0.0	0.0	0.0	0.0	0.0	0.0	0.0	0.0	0.0	0.0
962.476559286404	0.2344363992554008	0.0549604252958377	926361.1271757948	1232.522313808038	-2.0442313837811525	4.178881950435806	1519111.2540347197	896.9546266294614	0.7350845653486431	0.5403493182138035	804527.6022319965	931.361882660154	872.6153572480791	1.547853	24.585474	0.0637065264810208	0.038155419269815	0.1985100734	-0.0445060317	-0.0504166844	0.2190905042	0.0550699746	-0.1328238088	0.0045511957	-0.1275560893	0.0980553203	0.0555953045	0.1094452677	0.009835246	-0.0991218366	-0.0144853544	0.1270470866	-0.0269086953	0.2686292702	0.0520894646	-0.0524790794	0.0104181017	-0.0318121389	-0.0412103784	0.0479676813	0.0120625612	-0.0616166119	-0.1359131587	0.0476688838	-0.0327635325	-0.0687921322	0.0084311109	0.186622577	-0.0619102437	-0.0928361852	0.1454916997	0.0988187563	-0.0785565137	0.0201443549	0.0057974659	-0.1144758646	-0.0452129017	0.0103063318	0.1718641744	-0.0319311554	0.1490149532	-0.100258079	0.1607157276	0.1448666954	0.0998924269	0.0035302785	-0.0913155167	-0.0547515987	0.0125282546	0.024431431	0.0640509692	-0.0823482067	-0.0769020782	0.0368982904	0.0554009728	-0.0599366962	-0.1140786269	0.0586217357	-0.0566083437	0.0823322979	-0.0757341403	-0.1468272672	-0.1325430437	0.0669712414	-0.1021239884	0.0829676564	-0.0276279958	-0.0654789682	0.0408906079	0.1534892722	-0.0088160341	0.221360373	0.1224691187	0.0438769714	-0.1112699113	0.0003275262	-0.0349070959	0.0419060466	-0.0156501436	0.0325088931	-0.1178596255	0.1303704335	-0.0416611446	0.0430735713	0.0274969682	0.0537192816	0.0688893378	-0.0555787436	-0.1282045865	-0.0093718231507438	3.932375534529929e-05	1.5463577344569547e-09	8.783106916881746e-05	0.0645773568030705	0.0255880751425366	0.0006547495895	0.004170235011671	0.1224137882967113	0.0094810412530961	0.014985135565152	8.989014324291024e-05	-0.0007430106948606	-0.0004300344645741	5.520648926772317e-07	1.849296407215329e-07	-4.381909542994222e-05	-0.0001418956601677	2.0134378374443522e-08	1.9201131242983834e-09	-0.0004870159886938	-3.160185899997534e-08	9.986774922543226e-16	2.3718457324339958e-07	0.0	0.0	0.0	0.0	0.0	0.0	0.0	0.0	0.0	0.0	0.0	0.0	0.0	1.0	0.0	0.0	0.0	0.0	0.0	0.0	0.0	0.0	0.0	0.0	0.0	0.0	0.0	0.0	0.0	0.0	0.0
964.0589080392294	1.5823487528253963	2.503827575568087	929409.5781697916	1235.5442935354342	3.021979727396229	9.132361472793784	1526569.7012879753	896.7396473864796	-0.2149792429817125	0.0462160749129902	804141.9951948279	929.1021232734583	855.0442317103873	1.491995	23.698252	0.1447711840114904	0.0829758047208341	0.1701407001	0.087752657	-0.0305991616	-0.1097592044	0.1250377321	0.1076453353	-0.0336845715	-0.1061402299	-0.1392956715	-0.1605872713	0.0314515886	0.079222298	-0.115046248	-0.103888581	-0.0482901608	-0.2161917539	0.0276457057	0.0405582744	0.0307120237	0.0456126496	0.0654575426	0.0428995173	-0.0428319078	0.0492989359	-0.0393795769	0.0211024857	0.0613705047	0.0510800339	0.0275017939	0.0224700521	0.1088360702	0.0647147972	-0.1644900813	0.0228613918	0.0362926619	-0.1281048817	0.0010606602	-0.0251796604	0.0559452572	0.017328411	0.0569558032	-0.0899835115	0.1759867476	0.0258697373	0.2117658465	0.0483958846	0.0800339721	0.0310549872	-0.048331172	0.1392164009	-0.033395511	0.0282201265	0.0439648628	0.0393719758	0.1498763865	-0.0279663751	0.0279093857	0.2192990153	-0.0762705374	0.0307093055	0.0598027404	-0.0473608006	0.0910263687	-0.0625556685	-0.0460506204	-0.1257800898	-0.0641788966	-0.0934171159	-0.0867049875	-0.0034368657	-0.1356650164	0.1407167451	0.0496449928	-0.1085287991	-0.0269330162	-0.0336736442	-0.0681959333	-0.0551810297	0.1230661023	0.0462821812	0.089274144	0.0275684031	0.0686019739	-0.086038425	0.1232818154	0.0778713943	0.0291160541	0.1082266799	0.0028182111	0.0660076536	-0.0616009311	-0.1289999139	-0.0160108054780039	-0.00663898232726	4.407608634167192e-05	0.0002563458920544	-0.0082741625071776	-0.0728515193102481	0.0053073438658114	6.846176519518351e-05	0.1483857379708268	0.0259719496741154	0.0220183272331468	0.0006745421698747	-0.0001730057404553	0.0005700049544053	2.9930986230486626e-08	3.249056480465882e-07	-4.397653128007661e-05	-1.574358501343841e-07	2.4786046907536253e-14	1.933935303427556e-09	-0.0002710037249519	0.0002160122637418	4.666129808690015e-08	7.344301893780509e-08	0.0	0.0	0.0	0.0	0.0	0.0	0.0	0.0	0.0	0.0	0.0	0.0	0.0	0.0	0.0	0.0	0.0	0.0	0.0	0.0	0.0	0.0	0.0	0.0	0.0	0.0	0.0	0.0	0.0	0.0	0.0
967.8969200199244	3.8380119806950006	14.730335963958362	936824.447784056	1232.5100390426512	-3.0342544927830204	9.206700326973944	1519080.9963409177	897.7027523943003	0.9631050078206728	0.927571256089258	805870.2316563025	928.8024682707048	866.8922499085717	1.306128	20.746021	0.1346507281345525	0.0710153966417038	0.0870897502	0.0597553929	-0.1299079347	-0.0262306708	0.0347861718	-0.0808520419	0.1006841266	0.0330405594	0.0583322034	-0.1565148883	0.0828555197	0.0851488507	-0.0142393269	-0.0844937477	-0.0886440065	-0.0335487484	0.1533098329	0.0723033434	-0.1025259715	-0.0147824525	0.1055738684	-0.0975917069	0.0073443351	-0.0360115695	-0.17026075	0.1029318531	-0.1465567132	0.0822061275	-0.0874501504	0.0258884887	0.0236805441	0.0161848159	-0.1047194239	-0.0970486562	0.0175710772	-0.1940000617	0.1691927514	0.1413799254	0.0321197952	-0.038495411	-0.0487857925	-0.0913225096	-0.0319758598	-0.0546160281	-0.0106770463	0.0492321174	0.1394948085	0.094842042	-0.1515105462	-0.0212616353	-0.1163841246	-0.0593817701	-0.0606659585	0.0784519927	0.1909262328	0.129271038	-0.1230148329	0.001690699	-0.0990195446	-0.1765034635	0.0957697812	-0.0058433405	0.0412492972	-0.0558915775	0.0152917024	-0.1477384139	-0.0666322103	0.0513454388	-0.0232744708	0.0072252143	-0.106819056	0.1289148144	0.1968795626	-0.0660664331	0.0315820198	0.21236704	-0.0818667257	-0.1576375762	0.0071197123	-0.0648119166	0.1212698475	0.1098606287	-0.0633948412	-0.0206259783	0.015826173	0.0863343687	0.0669119975	0.1814467644	-0.1148725985	0.063080731	-0.0674542747	-0.1289999139	-0.0268435782856357	-0.0108327728076318	0.0001173489667017	0.000720577695177	0.0389224270554677	0.0471965895626453	0.0022275180663447	0.0015149553278882	0.1761581990491834	0.0277724610783565	0.0310317110922517	0.0007713095943488	-0.0008264639536874	-0.0006534582132321	6.830426667446089e-07	4.2700763644048885e-07	0.0002186373419361	0.0002626138732161	6.896604640560209e-08	4.780228728888312e-08	-0.000331909732222	-6.09060072701e-05	3.7095417215854742e-09	1.1016407034367978e-07	0.0	0.0	0.0	0.0	0.0	0.0	0.0	0.0	0.0	0.0	0.0	0.0	0.0	0.0	0.0	0.0	0.0	0.0	0.0	0.0	0.0	0.0	0.0	0.0	0.0	0.0	0.0	0.0	0.0	0.0	0.0
971.6101244064048	3.713204386480356	13.78788681577696	944026.2338490294	1224.8688633616378	-7.641175681013465	58.38756578811159	1500303.7324328304	898.8941918844009	1.1914394901006062	1.419528058571193	808010.7682035102	927.8649143551646	875.9502059849401	1.303748	20.70822	0.1711626201027523	0.0773688126218355	-0.0140370334	0.1142632996	-0.0749030517	-0.0473050104	0.1582602817	0.0216322544	-0.0089410483	0.1037149547	-0.0635212362	-0.2094125912	0.1200662015	0.0266812378	-0.0882591456	0.0196676959	-0.1071479908	-0.0303023629	0.0010711512	0.0320100757	-0.037033735	-0.1558498136	0.0925877078	0.2126612275	-0.0973146459	0.1492956611	-0.0344878129	-0.1002131495	-0.1185941528	0.0043712378	-0.0419607869	0.0230824495	0.0349012801	0.1197472144	0.0412873479	0.0837545312	-0.0813911085	0.1317560732	-0.0187787923	0.0110320115	-0.1650260051	-0.1109061591	0.0419970305	0.0618533123	-0.0807756056	-0.1013872964	0.0469949409	0.0373644593	0.0068214744	0.109836812	-0.1977127268	0.1105369871	0.0944306221	0.098602258	0.0100898055	0.0963447968	-0.0619371008	0.1753578549	0.0469278212	0.0705183925	-0.0437913692	0.0227506908	0.0503152399	0.0549099079	0.0178439523	0.0309169127	0.0150107693	-0.1481491196	0.1043439736	0.0844899705	-0.031840445	0.0790298298	-0.0394978214	0.1402943324	0.0219102331	0.0736755717	-0.0244971184	0.0154136266	-0.0543342421	-0.0078768683	0.1446127531	-0.0037291933	-0.0284157895	0.2392185363	0.0351891295	0.0003044969	0.1208590441	0.0778019347	-0.023160587	0.0757941574	-0.0731035348	0.0601105761	-0.0731227308	-0.1282045865	0.0040471214981181	0.0308906997837538	0.00095423533313	1.6379192420529692e-05	0.0910494753338468	0.0521270482783791	0.0027172291622164	0.0082900069585687	0.1557107394490202	-0.0204474596001631	0.0242458343797606	0.0004180986041003	-0.0003370028141945	0.0004894611394929	1.1357089677501269e-07	2.3957220707368814e-07	-0.0003339963887398	-0.0005526337306759	3.054040402807631e-07	1.115535876912276e-07	-2.0056353581675422e-05	0.0003118533786403	9.725252976938569e-08	4.0225731899318447e-10	0.0	0.0	0.0	0.0	0.0	0.0	0.0	0.0	0.0	0.0	0.0	0.0	0.0	0.0	0.0	0.0	0.0	0.0	0.0	0.0	0.0	0.0	0.0	0.0	0.0	0.0	0.0	0.0	0.0	0.0	0.0
972.9802024099562	1.3700780035513844	1.8771137358153476	946690.4742817192	1230.5849744595164	5.716111097878638	32.673926083291335	1514339.3793655287	900.691452532883	1.7972606484820517	3.230145838582125	811245.0926657945	930.224583557751	888.270479105814	1.277531	20.29179	0.2248940251745542	0.1333641006959266	-0.0574175654	0.056499859	-0.0087558662	-0.0527639498	0.1505997465	-0.0970858558	0.1246185368	0.0865792024	-0.0046756585	-0.0985954529	0.0905711528	-0.0669284944	0.027874836	-0.1636908004	-0.0053365237	0.1550745262	-0.0667826568	0.0361729469	-0.0387951103	0.0320542066	0.1338577127	-0.0103300701	-0.1864806162	-0.0304480308	-0.176894706	-0.0950258675	-0.0198488014	-0.1086230134	-0.0330947724	-0.103864464	0.0992128417	-0.0771192103	-0.294934644	-0.0216984523	-0.0237603277	-0.0859667307	-0.0016973045	-0.0908607258	-0.0624669236	-0.0123767077	0.0119732846	-0.0393621767	-0.0995282295	-0.0351622679	-0.1330359945	-0.0833270019	-0.0584722924	-0.024495172	-0.1636552559	0.1809890132	-0.0462162424	0.0020716309	-0.0683565347	0.0168814407	0.0914710407	0.0506563014	0.1344861236	0.0266880242	-0.1493919383	-0.1701024465	0.2157879345	-0.0895203166	-0.0086246294	-0.295386455	-0.1008645001	0.0387057327	-0.0259389671	0.0226330698	-0.1138604417	0.0312032163	0.085935326	0.0194561087	-0.0310667755	0.0720349744	-0.0106588797	0.2179973482	-0.0221745237	0.1226980031	0.1934183074	0.1511563425	0.2635994621	0.1431313401	0.1538725368	0.3160458656	-0.055215	-0.1292274195	0.3517574583	-0.0806992352	-0.2335766321	0.0570992244	-0.0785907625	-0.1266188352	-0.0153986542565718	-0.0194457757546899	0.0003781381947016	0.0002371185529134	0.0017956073746745	-0.0892538679591723	0.0079662529456733	3.2242058439854505e-06	0.0595352647707869	-0.0961754746782333	0.0035444477513276	0.0092497219295834	-0.0003449436780037	-7.940863809200013e-06	1.1898614099472028e-07	6.305731803626254e-11	-0.0003165608204849	1.7435568254900002e-05	3.0399904037127666e-10	1.0021075306607308e-07	0.0003549453500034	0.000375001703585	1.4062627769170876e-07	1.2598620148903618e-07	0.0	0.0	0.0	0.0	0.0	0.0	0.0	0.0	0.0	0.0	0.0	0.0	0.0	0.0	0.0	0.0	0.0	0.0	0.0	0.0	0.0	0.0	0.0	0.0	0.0	0.0	0.0	0.0	0.0	0.0	0.0
975.7329169868184	2.7527145768622177	7.577437541669738	952054.7252916056	1225.479460305315	-5.105514154201501	26.066274778751865	1501799.907630206	900.4109103887407	-0.2805421441422595	0.0787038946399363	810739.8075470809	928.6823557662532	903.6435296150444	1.328277	21.09782	0.175523739434237	0.1084886461605492	-0.1274386991	0.008287495	-0.104039959	-0.0323000465	0.0782738452	0.0408793623	-0.0076457132	0.187623946	0.0095379289	-0.1456764273	-0.0257161118	-0.0396719162	-0.0446833609	-0.0313583717	-0.1391867932	0.0939940739	-0.0752016432	0.1455138114	-0.0243860721	-0.0770042243	-0.0804126127	0.0885879837	0.0153899136	-0.1615701518	-0.056464147	-0.0099509689	-0.0361891281	-0.0022687894	-0.0750834183	-0.1136887476	-0.183236607	0.0488413924	0.0052878473	-0.05399511	0.156560019	0.0516001145	-0.0338449472	-0.0474719841	-0.0915990761	-0.0116249546	0.1230683723	-0.0819432317	-0.015189835	-0.1594657742	-0.0472803815	-0.1155945886	0.068153904	0.0474154428	-0.0278099653	0.0144408737	0.1500352569	0.0505841944	-0.1247545089	0.0568407585	0.0864725441	-0.0056343821	-0.0039413901	-0.0496910186	-0.1447590155	-0.0449675494	0.0182817183	0.057011089	-0.0927785158	-0.0097035913	0.2272673153	0.0677827131	-0.0105613642	0.1543400446	0.127032896	0.0003225469	-0.0028076518	-0.0564189087	-0.1702389885	-0.0574322935	0.0953138598	0.0411479104	-0.078793889	0.0178575409	0.0531995332	0.0046010048	0.2213432781	0.0764003756	-0.0562405488	0.0194659058	0.071622614	0.0384717606	0.0123839667	-0.2747013988	0.0238846803	0.0540487397	-0.0838433825	-0.1242524367	0.0059391929390244	0.0213378471955962	0.0004553037229426	3.527401276695729e-05	0.1061855836768899	0.1043899763022154	0.010897267152377	0.0112753781808017	0.0523566712917471	-0.0071785934790397	0.002741221028752	5.153220433731271e-05	-0.0001190112924742	0.0002259323855295	1.4163687736379574e-08	5.1045442831050633e-08	-0.0005469969443034	-0.0002304361238185	5.310080716049508e-08	2.992056570772569e-07	-4.103258979631429e-05	-0.0003959779397997	1.567985288080262e-07	1.6836734253925955e-09	0.0	0.0	0.0	0.0	0.0	0.0	0.0	0.0	0.0	0.0	0.0	0.0	0.0	0.0	0.0	0.0	0.0	0.0	0.0	0.0	0.0	0.0	0.0	0.0	0.0	0.0	0.0	0.0	0.0	0.0	0.0
975.188981334244	-0.5439356525744188	0.2958659941415588	950993.5493157204	1223.9868786819582	-1.4925816233567275	2.227799902382204	1498143.8791856023	899.5047713157053	-0.9061390730354332	0.8210880196815143	809108.8336197193	928.7660121896124	899.7970111902931	1.268687	20.15132	0.148559970352576	0.1096569361148994	-0.155069569	-0.0256877615	-0.1287907904	0.110290264	-0.0338087888	0.0828213117	0.2067392935	0.1822968351	-0.0684846418	-0.0353266101	0.1586928632	-0.0882290624	0.0079777957	-0.0965032722	-0.0855934017	0.1228923438	0.0802145633	0.0084026055	-0.1001166886	0.0185946506	-0.0607818466	-0.0699813286	-0.2277369882	-0.030041182	0.1325068182	0.0896345977	0.0302895233	0.0204832379	0.103040946	-0.0353974875	-0.1054531547	-0.0896482712	-0.1059045125	0.0578426059	0.1715348972	-0.0104175899	-0.04671104	0.0108971153	0.0891228924	0.0959143525	0.1396831037	0.0640550738	0.0629945683	-0.1343584227	-0.1062805356	0.0702318921	-0.0722986325	0.0575300585	-0.0438603476	0.0020709262	-0.0368637548	0.1419897046	-0.1440976225	-0.1594430762	0.0286457354	-0.0429936147	-0.00988776	0.1354230078	-0.0014563701	0.0353090065	0.0581512532	0.0322681957	-0.1412387306	-0.1602924293	-0.0005997314	0.0843436032	0.0184149765	0.0812190931	-0.1478649937	0.049757626	0.0077168465	-0.1294927406	-0.0255032389	-0.0454705993	-0.0049972809	0.0730393228	0.1615721133	0.0415268847	-0.0766585749	0.0097706705	0.1319389165	0.1432908166	-0.1013554673	0.0354026406	0.0177184407	0.0418246847	0.0077269575	-0.1116835259	0.1529217106	0.0509612127	-0.0888661936	-0.1211199807	0.0057324565878786	-0.0002067363511457	4.2739918885079455e-08	3.2861058531912765e-05	-0.0021945811547539	-0.1083801648316438	0.0117462601289342	4.816186444800961e-06	0.03471472707254	-0.017641944219207	0.0012051122757209	0.0003112381958336	-0.00040003887453	-0.0002810275820558	1.6003110113522908e-07	7.89765018761294e-08	-0.0004959688001873	5.102814411609997e-05	2.6038714919334675e-09	2.4598505075923e-07	-0.000155599362636	-0.0001145667728396	1.312554543890015e-08	2.4211161652729435e-08	0.0	0.0	0.0	0.0	0.0	0.0	0.0	0.0	0.0	0.0	0.0	0.0	0.0	0.0	0.0	0.0	0.0	0.0	0.0	0.0	0.0	0.0	0.0	0.0	0.0	0.0	0.0	0.0	0.0	0.0	0.0
973.8686931658974	-1.3202881683465648	1.743160847475927	948420.2315286528	1221.8431014394373	-2.143777242520855	4.595780865550321	1492900.564535143	898.4589356861668	-1.0458356295384874	1.0937721640121645	807228.4591143196	929.06442172611	896.7290530928196	1.438406	22.847065	0.1021222371210884	0.0639810366812323	-0.1161295714	0.148292368	0.1414125141	-0.0452755029	-0.1016473087	0.0857174469	0.0213860453	0.1148724457	-0.0249546433	0.0265909783	-0.1535076976	-0.083408285	0.0059643867	-0.0920704203	-0.1033844284	-0.0094846789	-0.0287445621	0.1032697598	0.0085739401	0.2241806811	-0.0513906686	-0.0298363161	0.0123338471	0.0957822181	0.1329136555	-0.0396304621	-0.0484714717	0.1237813627	0.1198940178	0.0068161363	0.049415958	0.0025918055	0.0517393699	0.0739972887	-0.0562415614	-0.1124853167	-0.0851973402	-0.0537761723	-0.1329078329	-0.0593353935	0.0480935787	-0.1069107228	0.0003760284	-0.1176472068	-0.01851883	-0.0338882707	0.1177044859	-0.0437677711	0.1607379425	0.0765072394	-0.0988874925	-0.0169659459	-0.0322057568	-0.05048545	-0.0154206709	0.0511258205	-0.0359561642	0.0723096921	-0.0460403494	0.170795831	-0.0770847773	-0.0743009569	-0.0934826733	0.0490012871	-0.0138098595	0.1074714575	-0.082425027	0.0957153792	-0.0231995374	0.0408691851	-0.0325084079	0.0921396044	-0.1409282289	0.0008181335	0.0931464983	0.0501844521	0.015042531	0.0783745787	0.0788319873	-0.0511206042	-0.0420545107	0.0485925941	-0.0479720994	-0.042187862	-0.1048833348	0.0020710591	0.0282583533	-0.0715581018	0.2076399452	0.0478387595	-0.0936454286	-0.1172407796	0.0174764623949954	0.0117440058071167	0.0001379216723975	0.0003054267378436	0.0585573975974966	0.0607519787522504	0.0036908029223138	0.0034289688133913	0.0346063580256128	-0.0001083690469272	0.0011976000157968	1.174385033191016e-08	-5.457123999892119e-05	0.000345467634531	2.978020235019856e-09	1.1934788650849905e-07	-0.0004279909177997	6.797788238760004e-05	4.620992493902384e-09	1.8317622571902961e-07	-0.0003325115160132	-0.0001769121533772	3.129791001255794e-08	1.1056390828139657e-07	0.0	0.0	0.0	0.0	0.0	0.0	0.0	0.0	0.0	0.0	0.0	0.0	0.0	0.0	0.0	0.0	0.0	0.0	0.0	0.0	0.0	0.0	0.0	0.0	0.0	0.0	0.0	0.0	0.0	0.0	0.0
974.4127628017668	0.5440696358693913	0.296011768675052	949480.2323109724	1222.0106791674607	0.1675777280233887	0.0280822949294808	1493310.0999993186	898.6244547990348	0.1655191128679689	0.0273965767245994	807525.9107628624	928.6662219210632	915.2276341623428	1.668638	26.503979	0.1264524306145374	0.0759774635516697	-0.0998114273	-0.1951629073	0.0610584625	-0.0619104088	-0.0028743383	-0.0155195147	-0.1103625273	0.0892173914	-0.0079068322	0.1440146656	0.0659513035	-0.0001155813	0.0352744679	0.193487858	-0.0868385564	-0.030764223	-0.0073119377	-0.2377334782	-0.0581318245	0.0234753312	-0.0330730496	0.0465154654	-0.004426851	0.0157429882	0.0683612301	-0.1066574503	-0.1137459465	0.0272161547	-0.1203365452	-0.028131029	0.0249422968	-0.1139236708	-0.0121355014	-0.0323945675	0.0409674509	0.2615755507	-0.0706211833	0.0262238108	-0.1219830092	-0.0106240134	-0.0425106569	-0.1435153926	-0.0745833054	-0.114693604	0.0711555565	0.062371877	-0.1918451384	0.0080102762	0.045825329	-0.1022500152	-0.0637261032	-0.0518715585	-0.0024887872	0.0972875365	-0.1412640569	0.067423761	0.021959936	-0.0053311716	-0.0720405933	-0.0055776149	-0.0005067879	0.0801317021	0.0327222178	0.0270187003	0.0452605745	0.0390640116	0.21658462	0.0908019675	0.0226506239	0.0458853898	0.0198671124	-0.0616642974	-0.0417169677	-0.1356717351	-0.0294809488	-0.0056492309	-0.0363163614	0.0737991542	0.0785698993	-0.0271832167	-0.0881678711	0.0861996356	0.0376494676	0.0502378018	-0.0124118681	-0.0364593866	-0.0684736139	-0.0836470402	0.1064249207	0.0446835199	-0.098167988	-0.1126387502	0.0174614400142019	-1.502238079350085e-05	2.2567192470494323e-10	0.0003049018873695	0.1084222048562111	0.0498648072587145	0.0024864990029487	0.0117553745058822	0.0553451166634033	0.0207387586377904	0.0030630819384857	0.0004300961098365	-0.0009440431029689	-0.0008894718629699	8.912173802631491e-07	7.911601950152847e-07	-0.0004959184229176	-6.792750511789994e-05	4.614145951542323e-09	2.459350821890795e-07	-0.0001732340373563	0.0001592774786569	2.5369315207299242e-08	3.001003169876394e-08	0.0	0.0	0.0	0.0	0.0	0.0	0.0	0.0	0.0	0.0	0.0	0.0	0.0	0.0	1.0	0.0	0.0	0.0	0.0	0.0	0.0	0.0	0.0	0.0	0.0	0.0	0.0	0.0	0.0	0.0	0.0
974.4774897096906	0.0647269079238412	0.0041895726093814	949606.3779509002	1224.2275925302893	2.2169133628285635	4.91470485828785	1498733.198312508	898.9015202819064	0.2770654828716488	0.0767652817988999	808023.9431651226	928.67795781344	894.6617743661703	1.535246	24.385235	0.1283870531864701	0.1070191232499919	-0.1073369189	0.0483034957	-0.0063260883	0.0968054645	0.1420526402	-0.0564902755	-0.0652292074	0.083961694	-0.0775844146	-0.0094930999	-0.0526760819	0.0351097759	-0.0458577339	0.017220056	-0.1532072678	0.0377151521	0.0665628378	0.0106968421	0.0414603256	-0.0042266893	-0.090792336	0.0169390141	0.0677972344	0.0202436186	0.0057234453	-0.1318533404	-0.0535716762	-0.084598073	-0.0023191142	0.1065918558	0.0504510185	-0.0345198375	-0.0185569468	-0.1421902542	-0.0837520325	0.0475607291	0.0989294147	-0.0246988507	0.1136107043	-0.07739768	-0.1804584363	-0.0996572356	-0.0488525568	-0.1440376656	-0.02304494	0.0654045154	0.0630951782	-0.0614759569	0.0544894097	-0.0594471295	0.0082723902	0.0265998765	0.0616243042	-0.0160983285	0.0230509938	0.0203409173	0.1414206664	-0.0621929711	-0.063672062	-0.1432310633	0.0412625502	-0.0386696679	0.100206307	0.1703142784	0.0068799237	0.0935788841	-0.0305066654	0.0735817992	-0.0880313948	0.0423641583	0.0228090166	0.0032765158	0.035276127	0.047500782	0.039918582	-0.000440865	0.0428246984	-0.1605817444	0.0700750974	-0.0495934364	-0.0768579937	0.0521486759	-0.0882115567	0.0630762793	-0.0380092364	-0.0751981203	-0.0327632798	-0.0088358823	0.1169726917	0.0414976565	-0.1024214758	-0.1073422654	0.0174568028679118	-4.6371462900998695e-06	2.1503125715786983e-11	0.0003047399663691	0.0024063289502009	-0.1060158759060101	0.0112393659441185	5.790419016574965e-06	0.0627377782535631	0.0073926615901597	0.0039360288201932	5.465144538662399e-05	-0.0008040826038355	0.0001399604991334	6.465488337908776e-07	1.9588941317670477e-08	-0.0004958663994618	5.202345579997068e-08	2.706439953371504e-15	2.4588348611520937e-07	-0.0003326990856473	-0.000159465048291	2.5429101626450968e-08	1.1068868159054949e-07	0.0	0.0	0.0	0.0	0.0	0.0	0.0	0.0	0.0	0.0	0.0	0.0	0.0	0.0	0.0	1.0	0.0	0.0	0.0	0.0	0.0	0.0	0.0	0.0	0.0	0.0	0.0	0.0	0.0	0.0	0.0
976.095126956036	1.617637246345339	2.616750260763731	952761.69686732	1228.8006611645706	4.573068634281299	20.912956733847423	1509951.0648784856	899.9439272425482	1.042406960641756	1.0866122715943836	809899.0721807409	928.754192710868	906.259002766446	1.298731	20.628519	0.1288033704025854	0.0933175246731238	-0.1288765321	-0.0178251629	-0.0303692783	-0.1648753032	0.0689322718	-0.0618987502	-0.0782402011	0.1462285028	0.0430514882	-0.0585744909	-0.1528632779	-0.092228705	0.0788729633	0.0185089864	-0.1425782844	0.0196292047	-0.1723008729	-0.0510191661	0.0181794132	0.0471187293	0.0333926067	0.0111639162	0.1034202176	-0.0532234614	-0.1275239716	-0.0409338434	0.1269682333	0.1438874743	-0.152000299	0.0264060269	-0.0407610652	-0.0500233074	0.0284420287	0.1015690137	-0.0834448866	0.1467514027	-0.0026897853	0.0262119553	0.0178178272	-0.0388079612	0.0543026027	0.0442403488	0.0862937007	-0.1621973189	0.0421762572	-0.1421823117	-0.0210291194	-0.0883981321	0.0455384636	0.0367921155	-0.0352977981	-0.0472474679	0.05620538	0.1332971584	-0.0297194057	-0.0654901226	-0.1251508748	-0.0193257303	0.0072707996	-0.1176523834	-0.0695554102	0.0755373742	0.0422713056	-0.0194898786	0.0451870282	0.078889227	0.0020442677	0.1680876616	0.0354663627	0.0118777176	-0.0045091823	-0.0381831216	-0.0676136849	-0.1333632996	-0.0062675574	0.0236993435	-0.1759596542	-0.0837732407	0.0581565607	0.1060833694	-0.0455610416	0.0203350684	-0.0921495136	0.0211322669	-0.0128826507	-0.0681354775	-0.0499494591	0.0982296499	0.0518330526	0.0382833527	-0.1063942335	-0.1013839798	0.0174932052692611	3.6402401349302366e-05	1.3251348239956907e-09	0.0003060122305925	0.0910554376153385	0.0886491086651376	0.0078586644671233	0.0082910927193208	0.0750776335197116	0.0123398552661485	0.0056366510549201	0.0001522720279894	-0.0008809640961296	-7.688149229410001e-05	7.760977386694431e-07	5.9107638573677605e-09	-0.0004960644335623	-1.980341005000663e-07	3.921750496087036e-14	2.460799222454856e-07	0.0001457814693571	0.0004784805550044	2.2894364151731866e-07	2.125223680791509e-08	0.0	0.0	0.0	0.0	0.0	0.0	0.0	0.0	0.0	0.0	0.0	0.0	0.0	0.0	0.0	0.0	0.0	0.0	0.0	0.0	0.0	0.0	0.0	0.0	0.0	0.0	0.0	0.0	0.0	0.0	0.0
975.8317953744746	-0.2633315815613741	0.0693435218476146	952247.6928637704	1223.6552932863312	-5.145367878239313	26.474810602416927	1497332.2767876573	898.9837029801365	-0.960224262411657	0.9220306341240108	808171.6982238783	928.533580049923	900.8740248314514	1.390916	22.092758	0.0991720258794274	0.0613941399591635	-0.1488319236	-0.0498247654	-0.1886791944	0.1406025523	-0.1183903783	0.0303384088	0.0591628361	0.1504133892	-0.0068465162	0.0396460089	0.1964236172	0.019268972	0.0998328443	0.0832667445	-0.1291490447	0.0704540437	0.1044412404	-0.0406982656	-0.0912985228	-0.0913298811	-0.1062904117	-0.1986099818	-0.0900122924	-0.1281692766	0.0884250671	0.03362951	-0.1708607172	0.0044197692	-0.0087221351	0.1070430328	-0.0596977007	-0.040184797	0.1522175634	0.0835543192	-0.1343778852	0.1557619434	-0.1937594891	-0.0420439189	-0.0502316382	-0.0932913133	-0.0174163161	-0.0375563176	0.0165757629	-0.1594174164	-0.053735178	0.0989020542	-0.0577341072	0.0401698564	-0.0857744227	-0.2314492208	-0.0155175795	0.0371380064	-0.1734519836	-0.1145042383	0.0372953142	0.0386354172	-0.0713469651	0.0375287406	0.058821507	0.1205668182	-0.0263338959	-0.023673333	0.0351928166	0.0401421525	0.0299679126	0.0793421207	0.0882317239	0.0940200338	-0.0869530555	0.0411177049	0.0500906041	-0.1213865132	0.0021316706	-0.0385528897	-0.051542304	-0.0130327823	0.1261855602	-0.0618622468	-0.1758388385	-0.1351416668	0.0537678568	0.1263899612	-0.020510035	-0.0358853615	0.0305087828	0.0260806488	-0.0196371554	-0.0010431881	0.0475001964	0.0350428114	-0.1100753719	-0.0948006283	0.0112651668777061	-0.006228038391555	3.8788462206683e-05	0.0001269039847825	0.0358270623234204	-0.0552283752919181	0.0030501734373849	0.0012835783947262	0.0609624875120573	-0.0141151460076542	0.0037164248836577	0.0001992373468173	-0.0007260425465195	0.00015492154961	5.271377793565203e-07	2.4000686533594672e-08	-0.0004959379846369	1.26448925400033e-07	1.598933073482311e-14	2.459544846057101e-07	-0.0001711798558734	-0.0003169613252305	1.004644816918748e-07	2.9302543056837996e-08	0.0	0.0	0.0	0.0	0.0	0.0	0.0	0.0	0.0	0.0	0.0	0.0	0.0	0.0	0.0	0.0	0.0	0.0	0.0	0.0	0.0	0.0	0.0	0.0	0.0	0.0	0.0	0.0	0.0	0.0	0.0
974.8822310656049	-0.9495643088697534	0.9016723766792925	950395.3644474514	1219.870524336652	-3.7847689496793455	14.324476002456905	1488084.096145378	898.8934683898673	-0.0902345902692332	0.0081422812810563	808009.4675139653	928.0883559748648	892.6665172732479	1.462807	23.234638	0.0520299954243285	0.0259179707427816	-0.1192871061	0.188038173	0.1262684011	-0.0088183578	0.07602817	-0.065251275	0.0062935057	0.1282900091	-0.1204598424	-0.0192464799	-0.1426699897	-0.0555302862	-0.0529542675	-0.0890836733	-0.1356781944	0.0155690373	0.0417041859	0.054394077	0.0857841465	0.1785123428	-0.062800153	0.0858342883	-0.1174186793	0.0479457751	-0.0935087987	-0.0768143703	0.036904384	-0.1406258192	-0.1377567999	0.1877614094	-0.0126656305	0.1076754001	-0.042587552	0.0148521816	0.2103169258	-0.0395534822	-0.0529252107	-0.0419171344	0.0699125791	-0.0088770462	-0.1357965332	0.0671701457	0.1146740606	-0.15657302	-0.0399115183	0.0357340306	0.0928458546	-0.080379946	0.1056978572	0.1158080957	-0.1050141147	0.1094154652	-0.0021344038	0.0141951237	-0.0604616698	0.0481598975	0.0146761676	0.0174758952	0.0216315037	0.0092590961	0.1379802268	-0.0590804477	0.1409249497	0.1334151265	-0.0954537334	0.0878665223	-0.0183873101	0.0889485179	-0.1026205666	0.0043377837	-0.046162765	0.0264431342	-0.0385268147	0.159601024	0.0512602695	0.0379558894	-0.0287596551	-0.1443073231	0.0605175052	0.0057726172	-0.1729077557	0.0608135339	-0.0297565427	-0.0057618448	0.0528518731	-0.046134685	-0.0533843347	0.0551076267	0.0745328234	0.0317782535	-0.1134548014	-0.0876327994	0.0174448754036546	0.0061797085259485	3.81887974656806e-05	0.000304323677849	0.0145951284533936	-0.0212319338700268	0.0004507950158611	0.000213017774571	0.0704078240202505	0.0094453365081932	0.0049572616832665	8.921438175300734e-05	-0.0005840821679567	0.0001419603785628	3.4115197892499866e-07	2.0152749081693497e-08	-0.0004959028512638	3.5133373100008046e-08	1.234353905384369e-15	2.459196378915665e-07	-0.0003326446743407	-0.0001614648184672	2.6070887602678136e-08	1.1065247936723033e-07	0.0	0.0	0.0	0.0	0.0	0.0	0.0	0.0	0.0	0.0	0.0	0.0	0.0	0.0	0.0	0.0	0.0	0.0	0.0	0.0	0.0	0.0	0.0	0.0	0.0	0.0	0.0	0.0	0.0	0.0	0.0
976.1890133278326	1.3067822622277845	1.707679880873166	952944.9897419674	1223.8299587839017	3.959434447249805	15.67712114206837	1497759.7680170066	899.6468188653843	0.7533504755169815	0.5675369389616622	809364.3986946056	928.6191811826194	915.235067793829	1.447538	22.992119	0.0882126122834632	0.0574307018718895	-0.1242318163	-0.0654518086	-0.0209215307	-0.059022398	0.0138624577	-0.0296790192	-0.1866120515	0.1216075494	-0.026815326	-0.0083208418	-0.0167573323	-0.08406739	0.0822055708	0.1607208948	-0.1034496868	-0.0045117966	-0.1150981031	-0.0586561291	0.0106905772	0.0277451904	0.020108178	-0.0156002868	-0.1122984794	-0.1836739433	0.0216082559	-0.1046008177	-0.0026215017	-0.0680797616	-0.1023077491	-0.0231733791	0.0629377098	0.1055550536	0.0662753059	0.0692536101	-0.0089568211	-0.0204912213	-0.1038755408	0.0491120957	0.0259992415	0.1309467293	-0.0745726616	0.0580213708	-0.0623484016	-0.1401283884	0.0758931238	-0.0323485609	-0.1091325884	-0.0662872013	0.0070928352	0.0060853486	-0.017103899	-0.0087655345	-0.1483407421	0.0315086133	-0.0853943067	-0.1320346585	0.0334323549	0.0253978037	0.0073563899	-0.0445179867	-0.0548507626	0.0854816182	0.0412507692	0.0194463259	-0.1728994699	0.079027066	0.0546228388	0.114490734	-0.0345953958	0.064838341	0.094043337	-0.0615307056	0.0224903343	-0.1677384346	-0.0492495687	-0.0842030195	-0.1112460581	-0.0225354892	0.0103635274	0.0088160781	-0.046222859	-0.0710992439	0.0250887974	0.0272698344	0.0495658587	0.0119542483	-0.0773824593	0.0691987874	0.0483913716	0.0284919163	-0.1165232592	-0.0799246852	0.0174202819355286	-2.459346812600308e-05	6.048386744647292e-10	0.0003034662227133	0.0672370011530745	0.0526418726996809	0.0027711667613294	0.0045208143240585	0.0793595219836618	0.0089516979634112	0.0062979337294752	8.013289642814184e-05	-0.0008480313215571	-0.0002639491536004	7.191571223418816e-07	6.96691556863676e-08	-0.0004069348804296	8.89679708342e-05	7.91529983435506e-09	1.6559599691025285e-07	-0.0001536728357304	0.0001789718386102	3.203091901555126e-08	2.36153404414225e-08	0.0	0.0	0.0	0.0	0.0	0.0	0.0	0.0	0.0	0.0	0.0	0.0	0.0	0.0	0.0	0.0	0.0	0.0	0.0	0.0	0.0	0.0	0.0	0.0	0.0	0.0	0.0	0.0	0.0	0.0	0.0
978.1941128609592	2.005099533126554	4.020424137744325	956863.722435839	1221.7808311896597	-2.049127594242009	4.198923897484043	1492748.3994624957	901.2789655503396	1.6321466849553872	2.66390280121086	812303.7737434903	929.800445176467	894.5067183850834	1.361072	21.618719	0.1333002783148496	0.0687070763401823	-0.1649540181	0.0897507047	-0.0888593508	0.0453732503	0.0554466193	-0.097288387	0.010614473	0.1403998883	0.0186522954	-0.0344141004	-0.0635506015	0.0206278638	0.0845384929	0.0382092526	-0.0811101056	0.1196026476	-0.104793751	0.0485887166	0.08394736	-0.0568298891	-0.0849947924	0.0391132551	-0.0628468155	-0.000189643	0.1127858166	-0.1252442872	0.0945068591	-0.1074553934	0.0163066481	-0.1299913538	-0.0898861723	-0.2515475655	0.0166257233	0.0672263921	-0.085162799	-0.0513066891	0.1279085461	-0.0690451968	-0.1862834215	-0.0040361812	0.0087277494	0.0389205934	-0.0462740668	-0.1279623782	-0.0681392066	-0.0804459247	-0.0117534997	-0.0884648263	-0.0187714883	0.0137525851	0.0586793959	0.0968681062	0.0214194603	-0.1130684306	-0.2208381542	-0.027485246	0.1295102358	-0.127830495	-0.0034847545	-0.0921905503	0.0583280373	0.019453351	-0.1613857795	-0.0980484896	0.0845849096	0.1488184274	-0.0006286426	0.0812124967	-0.084504597	0.1128778648	0.1846451931	0.0651464515	0.1112567839	-0.0025875707	0.0216428068	-0.052794539	0.1646430709	-0.0256963574	0.1086166798	0.0187282141	-0.0791766585	-0.1109951731	0.1108587247	-0.0560578458	0.0477684205	-0.0830289119	-0.0487086151	0.0181686979	-0.1219219717	0.0251860523	-0.1192723348	-0.0717238087	-0.0047032019929673	-0.0221234839284958	0.0004894485411344	2.2120108986651584e-05	0.058500179718294	-0.0087368214347805	7.633204878324003e-05	0.0034222710270726	0.0305872852371607	-0.048772236746501	0.0009355820181794	0.0023787310772567	-0.0003709981268301	0.000477033194727	1.3763961011144298e-07	2.275606688714479e-07	1.1061608912843468e-05	0.0004179964893424	1.747210651026075e-07	1.2235919174069806e-10	-0.0003319978757624	-0.000178325040032	3.17998199024144e-08	1.1022258951074599e-07	0.0	0.0	0.0	0.0	0.0	0.0	0.0	0.0	0.0	0.0	0.0	0.0	0.0	0.0	0.0	0.0	0.0	0.0	0.0	0.0	0.0	0.0	0.0	0.0	0.0	0.0	0.0	0.0	0.0	0.0	0.0
978.5469820701215	0.3528692091623497	0.1245166787748621	957554.1961185428	1222.321211652058	0.5403804623983888	0.2920110441418964	1494069.1444545554	900.3780744877099	-0.9008910626297392	0.8116047067261408	810680.6770181961	929.2916223303512	921.2465358068272	1.313021	20.855505	0.0735675242419054	0.06802646846704	-0.1686543702	-0.0172633904	-0.0078863378	-0.12090559	-0.0412601501	-0.0688479826	-0.1120754652	0.1621399863	0.0606830651	0.0358026369	-0.1138149474	-0.1196069746	0.1332790074	0.1803304019	-0.0789454057	0.0350717093	-0.1549444744	-0.0402555858	0.0015361919	0.0752574864	-0.0520992146	-0.0051836708	-0.1069983894	-0.085269219	0.0174374463	-0.0693519048	0.1389878896	0.0475582594	0.1377351915	-0.063293808	-0.0920794146	0.0034797827	0.1421398396	-0.0530974512	0.0531640921	-0.0138431275	0.0866714058	-0.0595701619	0.0505352482	0.0037501378	-0.0297988527	0.2097648212	0.142075217	-0.136082876	0.0273754531	-0.1353632445	-0.1116189392	-0.0564419248	0.0645950168	0.0049328354	-0.0408064627	0.0378144787	-0.0818901131	0.0101124789	-0.1550411252	-0.0919572653	-0.0081936746	-0.055056257	0.1445048299	0.0184629745	-0.1718392545	-0.0832287872	-0.0941251849	-0.013674639	0.0951814234	0.2060442299	-0.0260943322	0.070105484	-0.0930688032	0.0329879003	-0.0287082378	-0.1170551181	-0.0270107492	-0.0940532305	-0.0600793211	-0.0142070409	-0.0770441675	-0.0390360298	0.0295911428	0.0382375943	0.011389982	-0.1569673636	0.0979453507	0.0060536831	0.0401384949	0.0412585454	-0.0325756596	0.0248652892	-0.0229750214	0.0218629269	-0.1216944932	-0.063080731	-0.0046624092091036	4.079278386370008e-05	1.664051215350549e-09	2.1738059633134057e-05	-0.009514319306362	-0.068014499024656	0.0046259720775749	9.05222718634127e-05	0.0305755417329294	-1.1743504231300632e-05	0.0009348637522621	1.3790989163057587e-10	-0.0004139865130598	-4.298838622970001e-05	1.7138483299541197e-07	1.8480013506338615e-09	7.806900546403206e-05	6.700739655118859e-05	4.489991192568241e-09	6.094769614143067e-09	-0.0003319838799602	1.399580219996416e-08	1.9588247922052167e-16	1.102132965534285e-07	0.0	0.0	0.0	0.0	0.0	0.0	0.0	0.0	0.0	0.0	0.0	0.0	0.0	0.0	0.0	0.0	0.0	0.0	0.0	0.0	0.0	0.0	0.0	0.0	0.0	0.0	0.0	0.0	0.0	0.0	0.0
977.9886988757726	-0.5582831943489737	0.3116801250924939	956461.8951287266	1228.09153065255	5.770319000492009	33.296581367439096	1508208.807660523	900.0869776302353	-0.2910968574745993	0.0847373804315872	810156.5672995318	930.3063169935148	910.54221192153	1.296615	20.594912	0.0842485047938023	0.0641287627766044	-0.1601838404	-0.0434404643	-0.1131685767	0.1482364131	-0.0907660797	0.0045749402	0.0634597867	0.1448723205	0.0693466721	0.1254411522	0.049424813	0.0298073154	0.0575507624	-0.0282847457	-0.1104432586	0.1170360731	0.0369666632	-0.011648047	-0.0329040562	-0.0141226259	-0.156671693	-0.161107184	0.0813534991	0.0449393883	0.0743401061	0.0142421978	0.0815760148	-0.0247537989	0.0965259024	-0.0629441955	0.1294135652	-0.0269505098	0.0528282449	-0.0715188284	0.0065171649	-0.0665419953	-0.2008356525	0.0955260903	0.0641999556	-0.038557438	0.0525545351	0.1038128411	0.0656836515	-0.1394412069	-0.100802519	0.0152846997	-5.8572e-05	-0.0103868059	0.0649134521	-0.2172866752	0.0132667621	0.0425616278	0.062952092	-0.1232049168	0.0018805884	-0.1095368052	-0.0124860088	0.0659694055	0.019401097	0.0828380153	-0.0472590692	0.0563620723	0.0204512274	-0.0961150256	-0.0554679243	0.1334757387	0.0941243447	0.1129787028	0.0280460288	0.0226328015	-0.0344798668	-0.1003259074	0.0389043484	0.0179479352	0.0495808273	-0.0377935062	0.1224994215	-0.0621322362	-0.1197745979	-0.0727631841	0.0532829987	-0.0661136775	-0.0040069929	-0.0535026744	-0.0542228234	0.0654014081	0.1415849773	0.1219780451	-0.0881491196	0.0185248178	-0.1237830955	-0.0540487397	-0.0046741052849768	-1.169607587320036e-05	1.3679819083165955e-10	2.1847260215048056e-05	0.0535135804295805	0.0630278997359425	0.003972516145124	0.0028637032903931	0.0435828152180732	0.0130072734851438	0.0018994617823327	0.0001691891635173	-0.0002499871512845	0.0001639993617753	6.249357580733947e-08	2.6895790662705747e-08	7.804160265667548e-05	-2.7402807356580183e-08	7.50913851021845e-16	6.090491745222417e-09	-0.0003319898253144	-5.945354199948273e-09	3.534723656284257e-17	1.1021724411228581e-07	0.0	0.0	0.0	0.0	0.0	0.0	0.0	0.0	0.0	0.0	0.0	0.0	0.0	0.0	0.0	0.0	0.0	0.0	0.0	0.0	0.0	0.0	0.0	0.0	0.0	0.0	0.0	0.0	0.0	0.0	0.0
977.9923817268362	0.0036828510636723	1.3563391957192838e-05	956469.0987157298	1218.9268604061467	-9.164670246403375	83.9911807253113	1485782.6910195858	900.0681184634134	-0.018859166821926	0.0003556681732172	810122.6178742691	928.9512674022774	906.799169027008	1.300386	20.654812	0.076691321461289	0.0341918766540183	-0.1465189394	0.0998755729	0.2121033393	0.0044024109	-0.0105576349	0.0574008384	-0.0099735657	0.1031043337	-0.1197877451	0.1212346002	-0.1118675543	-0.1041847825	0.0383966991	-0.0278762222	-0.1625873725	0.0694862042	0.0424495101	-0.0552964764	0.1455680865	0.1903081649	-0.1337143373	0.1245877526	0.1167911168	0.0707424381	-0.048976817	0.1009294677	-0.0513342656	0.0726419249	0.0373862956	-0.0577464556	-0.084991901	-0.1039923892	0.0585683576	-0.073188663	0.037076572	-0.0126933492	-0.0021263297	-0.0903092368	-0.0631626598	0.1035894771	0.0240734415	-0.1327280577	-0.0790898766	-0.1588283998	-0.0479712804	0.0822278827	0.0557852843	-0.1385350799	0.1945232407	0.0240366964	-0.0099947169	0.018609267	0.1290348116	0.1016994772	-0.007332227	0.0808698149	-0.0334693527	-0.0807845324	-0.0790102221	0.1046139068	0.0237861678	0.0001827945	-0.0616903238	0.0109348721	0.097748365	0.1447709285	0.0297187	0.0692860396	-0.0332477201	0.0170323756	-0.0380434141	0.0184665915	-0.1542722601	0.1393668056	0.0989265144	-0.0008474339	-0.0074909485	0.0648727389	-0.0127726241	-0.0187920201	-0.1671514376	-0.0558159746	0.1213049828	-0.0917243505	0.0378850759	0.0054760111	-0.0022498339	0.0653463709	-0.0185378126	0.0151740128	-0.1255324169	-0.0446835199	0.0070295998690568	0.0117037051540336	0.0001369767143325	4.941527431904337e-05	0.0370008651101301	-0.0165127153194504	0.0002726697672212	0.001369064018898	0.0494082383037408	0.0058254230856675	0.0024411740122792	3.393555412702896e-05	-4.0019954243327006e-05	0.0002099671970411	1.601596737637987e-09	4.408622383332675e-08	-0.0003479976710971	-0.0004260392737537	1.8150946278064446e-07	1.211023790890054e-07	-0.0001150067380666	0.0002169830872478	4.708166015158638e-08	1.3226549800719542e-08	0.0	0.0	0.0	0.0	0.0	0.0	0.0	0.0	0.0	0.0	0.0	0.0	0.0	0.0	0.0	0.0	0.0	0.0	0.0	0.0	0.0	0.0	0.0	0.0	0.0	0.0	0.0	0.0	0.0	0.0	0.0
977.102833099672	-0.8895486271642312	0.7912967600897685	954729.9464514056	1220.8332407881574	1.9063803820106384	3.634286160915028	1490433.801813315	899.5075813388429	-0.5605371245704873	0.31420186802175	809113.8888860551	929.018072074294	920.0619529052036	1.379579	21.912682	0.0597710840211193	0.0331142358484946	-0.1234627266	-0.1649836294	0.082388606	-0.1000730451	-0.0030724414	0.067608315	-0.1345858521	0.0740768812	-0.0501315996	0.1615601077	-0.0858026556	-0.0448814024	0.0880391124	0.1155776262	-0.1008951049	-0.0475134591	-0.1023332214	-0.2254389774	-0.0424848868	0.1292566882	-0.0657610867	-0.0178889767	0.1774052922	-0.1687689923	0.0328055839	0.0327517164	0.0699197465	-0.0262027951	0.0173426046	-0.0224814152	-0.0630328838	0.0039183121	0.0981050263	-0.1529909499	-0.0608332828	-0.1283587981	0.0756369695	-0.0084919226	-0.0155583521	-0.0143953954	-0.0195276599	0.0193527117	0.0251815626	-0.1057299129	0.1043455593	-0.022131163	-0.1759257386	-0.0547543407	0.1998080493	-0.08379583	-0.0352288665	-0.1227465263	0.0016607011	0.0910580642	0.0597120563	-0.1004324155	-0.0322239403	-0.1097939523	0.0129732191	-0.003232494	0.0087634993	-0.0250407843	-0.0122468839	0.0213100694	0.0289319272	0.0984900839	0.0812303936	0.0816057033	0.00767816	-0.0200596859	-0.0770224066	-0.0891924677	-0.0609887398	-0.1043600272	-0.0946387854	-0.098259107	-0.1027538253	0.0238388395	-0.071704806	-0.0109560375	-0.1041245903	-0.1131619987	0.039433356	0.0470884394	-0.0502395257	0.0009948664	0.0594543654	0.0463999966	-0.0083275439	0.0118128082	-0.1269376627	-0.0350428114	0.0156936731454919	0.0086640732764351	7.506616573943688e-05	0.0002462913767975	0.0394825989779121	0.0024817338677819	6.1590029904962e-06	0.0015588756220506	0.0701346989519464	0.0207264606482056	0.0049188759970801	0.0004295861710016	-0.0003810066363173	-0.0003409866820739	1.451660569178233e-07	1.1627191735181672e-07	-0.0001609840096485	0.0001870136614486	3.4974109568411575e-08	2.5915851362508337e-08	-8.503075701523917e-05	2.9975981051360832e-05	8.985594399915437e-10	7.230229638584645e-09	0.0	0.0	0.0	0.0	0.0	0.0	0.0	0.0	0.0	0.0	0.0	0.0	0.0	0.0	0.0	0.0	0.0	0.0	0.0	0.0	0.0	0.0	0.0	0.0	0.0	0.0	0.0	0.0	0.0	0.0	0.0
976.71987264363	-0.3829604560420421	0.1466587108919288	953981.7096169888	1226.1470350560137	5.313794267856338	28.23640952110287	1503436.5515766533	900.4582987425239	0.9507174036809828	0.9038635816619088	810825.1477742804	931.7633389811014	915.4137975994564	1.270734	20.183832	0.0381407575783525	0.0187935169138881	-0.0872428433	-0.1191472724	0.0315810992	0.2112842503	0.0112531681	0.0699892622	0.0654563992	0.0376267916	-0.0816612175	0.184095551	0.0434750286	-0.0067927182	-0.0362802577	0.0457605231	0.0265565124	0.1304876687	0.0958936591	-0.0944234573	-0.1059045872	0.025046594	-0.1576857652	-0.0383122943	0.0135333099	-0.0120623609	0.085250586	0.1514850193	0.155484392	-0.0818100751	-0.0967089013	-0.1130668872	0.1715023639	-0.0623388802	0.0103554355	0.1019853947	-0.0019770622	0.0535066732	-0.0469162344	0.0488544766	0.0959828868	0.188733115	-0.0930048547	-0.093474863	-0.0971699516	-0.028254586	-0.1412897933	0.1021787093	-0.0837853038	0.0096205419	0.1277559092	-0.1046961921	0.0485885099	0.0346268709	0.0335597222	-0.0841089894	0.0301497912	-0.1628926222	-0.003400923	-0.107097844	0.0151928978	0.0770060064	-0.0187271858	0.0325378934	0.1215662403	-0.1519999625	-0.0436678583	0.06898731	0.131916921	0.0413622482	0.0126977454	-0.0197242332	-0.0069885604	-0.0891086905	-0.0190425605	0.0319352478	0.0767919061	0.0133904089	0.1790313639	0.027650432	-0.1878174037	-0.0070113778	-0.0375917912	-0.109223545	0.0136997992	-0.0438778798	0.0693819759	-0.018499706	0.0955066232	0.0957110536	-0.0538814643	0.0084435077	-0.1279949812	-0.0251860523	0.0056354703878156	-0.0100582027576763	0.0001011674427145	3.175852649194651e-05	0.0370370104261041	-0.002445588551808	5.9809033647343535e-06	0.0013717401413033	0.0624976628762112	-0.0076370360757352	0.0039059578649885	5.8324320022080944e-05	-0.0002450211171514	0.0001359855191658	6.00353478501201e-08	1.8492061422819353e-08	-0.000347984917385	-0.0001870009077365	3.4969339494275e-08	1.210935027274453e-07	-0.0001220429339755	-3.7012176960260834e-05	1.369901243337663e-09	1.4894477733348252e-08	0.0	0.0	0.0	0.0	0.0	0.0	0.0	0.0	0.0	0.0	0.0	0.0	0.0	0.0	0.0	0.0	0.0	0.0	0.0	0.0	0.0	0.0	0.0	0.0	0.0	0.0	0.0	0.0	0.0	0.0	0.0
975.2268804341792	-1.49299220945079	2.229025737480752	951067.4683213808	1225.9873812295557	-0.1596538264579976	0.0254893443026804	1503045.058934104	899.1493197239287	-1.3089790185952097	1.7134260711224785	808469.4991600037	930.1182707876204	906.2604185231942	1.414872	22.473255	0.1067303011551596	0.0618124537715965	-0.0502327766	0.0801072016	0.2354233132	0.0193304961	-0.0083382276	0.1336838828	-0.0055624027	-0.0257025631	-0.1552604799	0.0835709646	-0.1649314313	-0.0753206533	-0.0006201477	-0.035445333	0.0222567937	-0.037089597	-0.0004966205	-0.0042841359	0.0392537869	0.2158473861	-0.0596741476	0.1239626539	0.0404156443	-0.08008592	0.0215289218	0.0656984145	-0.0508994142	0.0822283038	0.0235582825	-0.1387612873	0.1760683877	-0.0406106077	-0.0522459679	-0.0152929916	-0.0863066977	0.082271575	0.1252119661	-0.006521281	-0.0598537915	0.0085977156	-0.0256110882	-0.0959468104	0.0435244744	0.0068099511	0.028021808	0.0504524834	-0.0048338504	-0.0551698378	0.2109174918	0.1144198919	-0.0009203286	0.0110321843	-0.0519143476	-0.0039327344	0.0389152765	0.0478308944	0.0180390245	0.0054029018	0.0111469608	0.0526691574	-0.0463343972	0.0383158244	0.1292590094	-0.1600505639	0.1547001583	0.0546139533	-0.0370377618	0.003680267	-0.1324225456	-0.0294038832	-0.0768045748	0.0979573844	-0.1223242016	0.0707991264	0.0765224155	-0.0621233618	0.0120655354	0.1388328309	-0.0389591937	0.0196683774	-0.148911732	-0.0845060529	0.0261687158	0.0389384095	0.0591165589	-0.0055159982	0.1168116951	0.0626459937	-0.0356031242	0.0050684204	-0.1287014744	-0.0151740128	-0.0047076319923604	-0.010343102380176	0.0001069797668468	2.216179897549515e-05	-0.0161723380900014	-0.0532093485161054	0.0028312347695083	0.0002615445192973	0.0882775047282393	0.025779841852028	0.0077929178410443	0.0006646002459155	0.0001019786053143	0.0003469997224657	1.0399635941849776e-08	1.2040880739127286e-07	-0.000348006016547	-2.1099161999960005e-08	4.451746371005563e-16	1.2110818755291086e-07	-0.0001229822804848	-9.393465092999848e-07	8.823718645340667e-13	1.5124641313242015e-08	0.0	0.0	0.0	0.0	0.0	0.0	0.0	0.0	0.0	0.0	0.0	0.0	0.0	0.0	0.0	0.0	0.0	0.0	0.0	0.0	0.0	0.0	0.0	0.0	0.0	0.0	0.0	0.0	0.0	0.0	0.0
974.2721905663642	-0.9546898678149772	0.9114327437085789	949206.301310982	1223.7245061610772	-2.262875068478479	5.120603575541481	1497501.6669791725	899.6297563734886	0.4804366495599197	0.2308193742403611	809333.6985526225	931.373509529088	923.2079321595234	1.55452	24.691368	0.1277687300024031	0.1040222727538515	-0.0068963466	-0.2112144533	0.1106846506	-0.0428708294	-0.0545328281	0.0155478681	-0.0841880324	-0.0076956672	-0.0231084476	0.1634607692	-0.0148509815	0.014346217	0.0268502961	0.1676430078	0.0711585099	-0.0414703118	-0.0225739981	-0.2144090466	-0.068317255	0.0338082441	-0.0260802342	0.0393937861	0.033470808	-0.0499384206	0.0593282423	-0.0347342534	-0.1450402395	0.030117854	-0.0505974108	-0.0053521661	-0.0618881756	-0.0006820475	0.0380482517	-0.0560335655	-0.0535091923	0.1325688612	0.0756174146	-0.0740326843	0.1908695032	-0.0213963728	-0.0255528128	-0.0495290141	-0.0203835011	0.0286115341	0.0697119365	0.0418382926	-0.2087624693	0.0363437408	0.1033817516	-0.0967947949	-0.0160197884	-0.0641311562	-0.0561621164	0.0553093301	-0.1161915452	0.1163901101	0.0516425539	-0.0527812047	-0.009111152	0.0083336515	-0.0749783824	-0.0014780339	0.0512148755	0.0412156279	0.0143964809	0.0015180936	0.1510200279	0.0148335238	0.0542145076	-0.0381669201	0.0187246027	-0.0067147212	0.0309955387	-0.1253019349	-0.0769829141	-0.05713031	-0.0071565462	0.1185702506	-0.006308465	-0.0773175819	-0.224356375	-0.0676422548	0.0543230502	0.0668660125	-0.0505611659	0.0393940698	0.0708506855	-0.1147226183	0.0036221714	0.0016898595	-0.1290552057	-0.0050684204	-0.0046415047845584	6.612720780199959e-05	4.372807611688836e-09	2.154356666507852e-05	0.0854792662556604	0.1016516043456618	0.0103330486660469	0.007306704959606	0.1057765704872224	0.0174990657589831	0.0111886828640383	0.0003062173024372	-3.4027497253926055e-05	-0.0001360061025682	1.157870569365945e-09	1.8497659935798832e-08	-0.0003479971355748	8.880972199992992e-09	7.887166721704836e-17	1.2110200636826572e-07	-0.0001580059507435	-3.5023670258700016e-05	1.226657478390148e-09	2.496588047035735e-08	0.0	0.0	0.0	0.0	0.0	0.0	0.0	0.0	0.0	0.0	0.0	0.0	0.0	0.0	0.0	0.0	1.0	0.0	0.0	0.0	0.0	0.0	0.0	0.0	0.0	0.0	0.0	0.0	0.0	0.0	0.0
974.5770937717916	0.3049032054274221	0.0929659646799167	949800.5117046715	1225.6094350427147	1.8849288816375065	3.552956888831221	1502118.4872657224	900.2331656301665	0.6034092566778781	0.3641027310445494	810419.7525005108	930.975817878006	896.0215419750618	1.624678	25.805729	0.0953592648034703	0.0492351635543257	0.0044491027	0.0434295455	0.0552926202	0.2499047831	0.0661614015	-0.0750388052	-0.0487489475	-0.0436914179	-0.0934605261	0.0779029447	-0.0013717071	0.0266183048	-0.007633518	0.0499531642	-0.0107046862	0.0814081461	0.1858678156	-0.0744106019	0.0566598819	-0.0799675671	-0.0704259273	0.0238024207	0.0380014344	0.0463140505	0.0936599602	-0.1134722529	0.0527062414	-0.0272166507	0.0058454387	0.0736709363	-0.0081913809	0.1970135992	-0.1143374545	-0.1003147371	0.1196228266	0.0305773101	0.0936938606	-0.0071930858	0.0441360325	-0.1274861733	-0.0193180372	0.0147722196	-0.1407250063	0.0081839071	-0.0644929694	0.1848836791	0.0240634138	-0.0671057536	0.0119498741	-0.0648350729	0.0605026983	0.0295155216	0.1335237423	-0.065319188	-0.084546132	-0.0198829956	0.0490787892	0.0488136909	0.0011206175	-0.1319423445	-0.0637092683	0.007150468	0.1178742523	0.1336839656	-0.0517602476	-0.0447451946	0.0987085096	-0.0010828887	-0.0680930864	-0.0039068766	0.0934309525	0.0486841379	0.1013798866	0.0664510547	0.1082213329	-0.0229980334	0.092336646	-0.0657305695	-0.0277970359	-0.0629808174	-0.1218858472	-0.0512302717	-0.1894664003	0.1573532676	0.0034108176	0.0525408647	-0.0383943654	0.0824783651	-0.1346562784	-0.0016898595	-0.1290552057	0.0050684204	-0.0122891243884453	-0.0076476196038869	5.848608560575523e-05	0.0001510225782346	0.0630480739268648	-0.0224311923287955	0.0005031583892914	0.0039750596258874	0.1365547298415066	0.0307781593542842	0.0186471942420868	0.0009472950932377	-0.0004790107602712	-0.0004449832630172	2.2945130845559307e-07	1.9801010436550043e-07	-0.0001219575623923	0.0002260395731824	5.1093888644526763e-08	1.4873647024671748e-08	-0.0001770289848738	-1.90230341303e-05	3.618758275225586e-10	3.1339261485448115e-08	0.0	0.0	0.0	0.0	0.0	0.0	0.0	0.0	0.0	0.0	0.0	0.0	0.0	0.0	0.0	0.0	0.0	1.0	0.0	0.0	0.0	0.0	0.0	0.0	0.0	0.0	0.0	0.0	0.0	0.0	0.0
974.2337928167062	-0.3433009550853967	0.1178555457625455	949131.4830660248	1230.9986001611726	5.389165118457868	29.043100674003004	1515357.5535987664	899.2911591589203	-0.9420064712461452	0.8873761918696148	808724.5889413946	930.858143652012	901.7918844394156	1.390713	22.089529	0.0875884035517573	0.0411288786009854	0.0196157518	0.0851854955	0.1297443874	-0.1116588025	0.0020824896	0.1559194648	0.0422109065	-0.0173429861	-0.0883023983	-0.0462464702	-0.1123149052	0.0245475388	-0.0319863838	0.0805246864	-0.1045120978	-0.1369315523	-0.0856526782	-0.0337258256	0.0387265172	-0.007078133	0.0739687704	0.050994715	0.0115676923	0.0792514922	0.0805145447	0.0839270223	0.0369431427	0.0983129932	0.0856365334	0.1004781088	0.0514158648	0.1127933357	-0.1113741042	-0.09101157	0.0936086905	0.0146093325	-0.0558358926	-0.0376720422	0.0168967508	-0.0396802464	-0.1263714831	-0.0814110551	-0.0964126221	-0.0348779534	0.1826673767	0.0009474072	-0.0098318964	0.0070421778	0.0128735669	0.1143246346	0.0408442441	-0.0042057821	0.120816312	-0.0456408639	-0.0195874001	-0.0186053148	-0.0979740531	0.1525179934	0.0492450138	0.0571588622	-0.0325347368	-0.014688606	0.0150492385	0.0673315199	0.1011248067	-0.0662363635	-0.0293893252	0.0338226668	-0.0430239829	0.0336208954	0.0337474933	0.1639299053	-0.0939772204	-0.0361981886	-0.0437157305	-0.0429128819	-0.0273113741	0.1409885691	0.0027147311	0.0962581786	-0.1026808467	-0.114668254	-0.1325279718	-0.0757605947	0.0988885909	0.1389889057	0.0192535654	0.0432415746	-0.0698287178	-0.0050684204	-0.1287014744	0.0151740128	-0.0046939868433497	0.0075951375450956	5.7686114328920825e-05	2.203351248554008e-05	0.0510778382777203	-0.0119702356491445	0.000143286541496	0.0026089455631249	0.1714780857974318	0.0349233559559251	0.0294047339087513	0.0012196407912242	-7.203580069765943e-05	0.0004069749595735	5.189156582152911e-09	1.6562861771988498e-07	-0.0003479924869953	-0.0002260349246029	5.109178714028388e-08	1.2109877100517406e-07	-0.0002060125887291	-2.8983603855299995e-05	8.400492924409606e-10	4.24411867148653e-08	0.0	0.0	0.0	0.0	0.0	0.0	0.0	0.0	0.0	0.0	0.0	0.0	0.0	0.0	0.0	0.0	0.0	0.0	0.0	0.0	0.0	0.0	0.0	0.0	0.0	0.0	0.0	0.0	0.0	0.0	0.0
975.2989185694394	1.065125752733138	1.1344928691353342	951207.980562718	1229.888229246062	-1.1103709151104797	1.2329235691232836	1512625.056438014	900.9804768542532	1.6893176953328748	2.853794275764776	811765.8196725175	932.3188292696684	901.9225800033496	1.308205	20.779005	0.1090916316652295	0.0592896166848153	0.0041433133	0.014315825	-0.0298204287	0.028947127	-0.1697228018	-0.1132590778	0.055670852	-0.0135300341	0.0947163693	0.090446657	0.0701584226	0.1475478078	0.0728201851	0.0600269942	0.0174927575	0.0670245314	0.0164098794	-0.0414096702	-0.0243269832	-0.0378930143	0.1833717051	-0.115756988	0.0296256705	0.026090133	-0.0040143245	0.0740984473	-0.1818323428	-0.0890036398	-0.0271086685	0.1471360496	0.0001875709	-0.0055862207	0.0148720822	0.0390700332	0.179915108	0.0356649019	0.0468896805	0.1572148044	-0.0246558284	0.1007495572	-0.0014703455	0.049785642	-0.1060132644	0.0237174336	-0.0465497043	0.0132085811	-0.0452677211	0.0126549664	-0.107972165	-0.0933290916	-0.0320721682	-0.2034291347	0.0207758091	-0.1182260245	-0.0448449714	0.1745875089	-0.0101698255	-0.049634958	0.1200955906	-0.0247102377	0.0838030312	0.075638188	0.0027860329	0.0322706281	-0.0615170757	-0.0754785286	0.0238263904	0.0227301105	-0.0307623023	-0.0478351583	0.1710906247	0.1419805292	0.1734435379	-0.000808891	-0.1193130289	0.0347888693	0.0071384796	0.0352089665	-0.0424273851	-0.1860697015	0.0246760677	-0.090338339	-0.0866515786	0.0027603742	-0.0936373079	0.0104664744	0.0484062269	0.088125744	-0.0949719848	-0.0084435077	-0.1279949812	0.0251860523	-0.0541108963187468	-0.0494169094753971	0.0024420309420995	0.0029279891004181	0.060759885679829	0.0096820474021087	9.374204189667982e-05	0.0036917637078258	0.1674135046193896	-0.0040645811780421	0.0280272815289463	1.6520820152894723e-05	-0.0005690082330955	-0.0004969724323978	3.237703693304629e-07	2.469815985634262e-07	-5.290550646130932e-05	0.0002950869805339	8.70763260806678e-08	2.798992613927642e-09	-0.0003325150479909	-0.0001265024592618	1.6002872199283374e-08	1.1056625714039055e-07	0.0	0.0	0.0	0.0	0.0	0.0	0.0	0.0	0.0	0.0	0.0	0.0	0.0	0.0	0.0	0.0	0.0	0.0	0.0	0.0	0.0	0.0	0.0	0.0	0.0	0.0	0.0	0.0	0.0	0.0	0.0
977.1679681948495	1.8690496254101845	3.493346502245951	954857.2380660505	1226.072408288475	-3.8158209575872206	14.560489580361851	1503253.5503663006	901.7751474974068	0.7946706431536086	0.6315014310901699	813198.4166439698	932.7293997707344	885.8159883477365	1.284673	20.40523	0.1104681972272986	0.0647903371028335	-0.0348415217	0.1687686032	0.0189765964	-0.1082746903	-0.0578134529	-0.0479544443	0.0463548369	-0.0267934745	0.0976088476	-0.044801072	-0.2315054982	0.060583676	0.1081254679	0.0248367121	-0.0035881133	0.0542647509	-0.134320442	0.0642830025	0.1475791811	0.0329173747	0.0611682334	-0.0301845723	0.0373256545	0.1437820906	0.0413515151	0.1754360569	-0.0364288286	-0.1199911508	-0.0245570406	-0.0046223203	-0.0119911273	-0.0907795683	-0.0369410651	0.1282420736	-0.1298467359	-0.0187404484	-0.1286918406	0.0819952441	0.0611927965	-0.0419454789	-0.0201011244	0.1458654279	-0.075396382	0.0193684237	-0.0222387789	-0.1464805399	0.0665480118	-0.1317705313	0.003787807	0.0423007912	0.0123267015	-0.0646822417	0.1472057887	-0.0890699824	-0.0803612515	0.1730590179	-0.015938245	-0.1645079274	0.1323786275	0.0308436601	0.0128150537	0.0462147614	-0.0844371041	-0.0538722167	-0.1630390833	0.0409731015	-0.0891606471	0.0042371255	-0.0225168261	-0.1045679642	0.1267831477	0.1656497839	-0.0065345636	0.0697184449	-0.0941448988	-0.0384114215	0.0336427456	-0.0281536704	0.1754924328	-0.0430875687	0.0034062432	-0.0877113938	-0.0757269625	-0.0327597437	-0.1786210852	-0.0180183737	0.0067171126	-0.0026852436	0.021385157	-0.0118128082	-0.1269376627	0.0350428114	-0.0337362979599191	0.0203745983588276	0.0004151242582835	0.0011381378000404	0.041502800504432	-0.0192570851753969	0.0003708353294524	0.0017224824497106	0.1116553760273859	-0.0557581285920037	0.0124669229958169	0.0031089689040824	-0.000569003395728	4.837367500055284e-09	3.237648643499949e-07	2.340012433059111e-17	-9.297977508948564e-05	-4.007426862817632e-05	1.6059470060832367e-09	8.645238575691335e-09	-7.102645196517147e-05	0.0002614885960257	6.837628585150666e-08	5.04475687876081e-09	0.0	0.0	0.0	0.0	0.0	0.0	0.0	0.0	0.0	0.0	0.0	0.0	0.0	0.0	0.0	0.0	0.0	0.0	0.0	0.0	0.0	0.0	0.0	0.0	0.0	0.0	0.0	0.0	0.0	0.0	0.0
978.608632767974	1.4406645731244223	2.0755144122557745	957674.8561280032	1232.3569240415	6.284515753025062	39.49513825002016	1518703.5882330274	902.1930371043098	0.4178896069030315	0.1746317235575702	813952.2761994986	933.3183980144704	925.4488043357264	1.4247	22.629372	0.0539071187448963	0.0400694702572889	-0.0508305762	-0.0740259375	-0.0212491152	-0.0656485905	-0.038965178	-0.1803712634	-0.0038857997	0.0418441336	0.1340525402	0.0319316634	0.0401772021	-0.0085941395	0.0796102448	0.017818109	0.0468464154	0.121774442	-0.017138826	-0.0326565131	-0.0619916774	0.0488853866	0.1526398675	0.0008849995	0.008120702	-0.0612519957	-0.2286322351	0.1117041581	-0.0262058591	-0.1067313138	-0.0004755076	-0.0319867247	0.1090617782	-0.0723690316	0.1089381187	-0.0198842624	0.0491753321	-0.0334564271	-0.0119284401	-0.0217063104	0.0479107747	0.1413577227	0.1012174658	0.0082575941	-0.0128413655	0.0038675191	-0.1314813301	-0.0632456197	-0.051308288	0.0364921277	-0.0793812438	-0.0017263738	-0.0594697256	-0.1215258059	-0.0140075587	0.144832254	-0.0054350333	0.0501369415	-0.0148259367	-0.1355766548	0.172266932	0.0509774906	-0.0323927559	-0.0249216315	0.0429357131	-0.0876108916	0.0601005608	-0.017873114	-0.0450259148	0.0980155222	0.0109985896	-0.1009570785	-0.0039723589	0.012384841	0.1034582266	-0.0442675906	-0.0341400131	0.0912079447	-0.1045713355	0.0104712239	-0.0626333329	-0.0529568892	-0.1325391221	0.0374643471	-0.0235574374	0.0302230718	-0.0271150468	0.1680401692	0.0715262279	0.0453005747	-0.046269188	-0.0151740128	-0.1255324169	0.0446835199	-0.0306521620905613	0.0030841358693577	9.511894060659388e-06	0.000939555040826	0.0413107323747965	-0.0001920681296355	3.6890166421679366e-08	0.001706576609342	0.1452846512560484	0.0336292752286624	0.0211076298905916	0.0011309281524051	-0.0008610039069982	-0.0002920005112702	7.413277278661651e-07	8.526429858205825e-08	-7.895479367370228e-05	1.4024981415783358e-05	1.9670010371306856e-10	6.233859444056898e-09	-0.000105033749624	-3.400729765882852e-05	1.1564962940561638e-09	1.1032088560077121e-08	0.0	0.0	0.0	0.0	0.0	0.0	0.0	0.0	0.0	0.0	0.0	0.0	0.0	0.0	0.0	0.0	0.0	0.0	0.0	0.0	0.0	0.0	0.0	0.0	0.0	0.0	0.0	0.0	0.0	0.0	0.0
978.9244856653823	0.3158528974083765	0.0997630528012664	958293.1486352334	1231.814782243434	-0.5421417980660408	0.2939177292102797	1517367.6577534385	901.9059560308812	-0.2870810734286806	0.0824155427209635	813434.3535239777	933.4446551105848	910.0972320531748	1.376399	21.862177	0.1096254301340845	0.0627640442808425	-0.0891432893	0.0277729468	-0.03779974	-0.0127107569	-0.0514510783	0.0808732044	0.0437585193	0.0062117646	0.0632387021	-0.0627326649	-0.0034628701	-0.0113217716	-0.0101843876	-0.0905254016	0.0763953189	0.0917380559	-0.0933337463	0.1868758892	0.0024301686	-0.0624089189	-0.06850275	-0.0472166663	-0.1106383413	0.0511516842	-0.010510564	-0.2454757993	-0.2572448217	0.1465002205	0.2259746226	-0.1929260335	-0.124793044	0.1991930575	0.0726464223	0.1258417739	-0.0506264012	-0.0809421551	0.0578799715	0.1009253851	-0.024493768	0.0249628371	-0.092787173	0.0420536945	-0.1143954291	0.0589794448	-0.0880155676	-0.1621413718	0.061545666	-0.0055115975	-0.0447957013	-0.0023291957	0.1194315088	0.0738982707	-0.1212991396	-0.056749163	0.0743871202	0.1163452695	0.2707508813	0.1268402154	-0.0699901003	0.118336243	-0.2923729434	-0.1509269406	-0.2058577586	0.0288723019	-0.1625936104	0.0534189351	-0.0394715996	0.061581982	0.0856791302	-0.1993842853	-0.0136706987	0.1354181905	-0.1492885902	0.0777466618	-0.0907440851	-0.0435742134	0.1177318574	-0.0760128952	0.1103260289	-0.2092655041	0.1557272159	-0.0813341752	0.0747960822	-0.0713798472	-0.2361869895	0.1578395768	-0.2468511511	0.005572268	0.1072966212	-0.0185248178	-0.1237830955	0.0540487397	-0.041449567662255	-0.0107974055716936	0.0001165839670796	0.0017180666593878	0.0614342743689633	0.0201235419941668	0.0004049569423909	0.003774170067241	0.1089295910535668	-0.0363550602024815	0.0118656558070973	0.001321690402326	-0.0001050006873231	0.0007560032196751	1.1025144338323413e-08	5.715408681591175e-07	-7.799922420370642e-05	9.55569469995865e-07	9.131130119881784e-13	6.083878976380061e-09	-1.500409145424618e-05	9.002965816975382e-05	8.105339350162722e-09	2.2512276036738323e-10	0.0	0.0	0.0	0.0	0.0	0.0	0.0	0.0	0.0	0.0	0.0	0.0	0.0	0.0	0.0	0.0	0.0	0.0	0.0	0.0	0.0	0.0	0.0	0.0	0.0	0.0	0.0	0.0	0.0	0.0	0.0
978.4600236515388	-0.4644620138435584	0.2157249623036138	957384.0178841698	1232.5442880770056	0.7295058335716931	0.5321787612151307	1519165.4220712525	902.4357995630794	0.5298435321982424	0.28073416861231	814390.3723330544	934.5527984515456	920.4206467172644	1.226984	19.488924	0.0497110948633864	0.0281765961528768	-0.0556207279	-0.0604986933	0.061667595	0.0121700529	-0.0005528903	0.0239592923	0.1790004136	0.0139814076	0.038177154	0.0966681102	0.0780187229	-0.1287580422	-0.1647295481	-0.2112076473	0.1502725659	0.180608719	-0.0641256958	0.0926059736	-0.075071508	0.0111038967	-0.0977965611	0.0575386635	0.1222775373	0.1214828229	0.151248056	-0.0843535452	-0.1037846013	0.1191755177	0.0985265803	-0.1113284936	-0.0550676889	0.0523743752	-0.0286125453	0.0689780367	-0.0592699825	0.0018739354	0.2966759513	0.1769661727	0.0822422933	-0.0905764595	0.0971551821	0.0055195895	0.0454259755	0.0891387251	-0.2240863125	-0.0958303239	-0.0521025392	0.0562577987	0.0736006784	0.0563291212	0.1238836066	0.0272801384	0.0286468209	-0.0785681301	0.0803814202	-0.0366838342	0.1421858529	0.1853964922	-0.0947118078	0.0631706438	-0.0860405111	0.1326154842	-0.0793746969	0.0486033329	0.0851561191	0.0669047485	-0.0504850157	0.0195189914	0.081393528	-0.1966708227	-0.0169220203	-0.0327976874	-0.0559567806	0.1089157047	-0.0312191877	0.0991741162	0.1547010266	0.0772572373	0.0474593291	0.0360550627	0.1913312575	-0.147614701	-0.0224660269	-0.0078186141	-0.0532638182	0.0741574266	-0.1459118207	-0.0477169779	0.0833245457	-0.0218629269	-0.1216944932	0.063080731	-0.0512020326116129	-0.0097524649493579	9.51105725884544e-05	0.0026216481435606	0.0361032966237075	-0.0253309777452558	0.0006416584335306	0.0013034480270994	0.108926016717632	-3.5743359348000547e-06	0.0118648771179698	1.2775877374802982e-11	-0.0002409974157695	-0.0001359967284464	5.8079754407577255e-08	1.8495110148123864e-08	-0.0001920031142663	-0.0001140038900625	1.2996886949403924e-08	3.6865195887957866e-08	2.747684669351988e-05	4.248093814776606e-05	1.8046301059143261e-09	7.549771042191944e-10	0.0	0.0	0.0	0.0	0.0	0.0	0.0	0.0	0.0	0.0	0.0	0.0	0.0	0.0	0.0	0.0	0.0	0.0	0.0	0.0	0.0	0.0	0.0	0.0	0.0	0.0	0.0	0.0	0.0	0.0	0.0
975.9864156373816	-2.4736080141572074	6.118736607702763	952549.4835087038	1228.9634872064355	-3.5808008705701013	12.822134874675596	1510351.252886603	901.0646426252308	-1.371156937848582	1.8800713482103	811917.490189335	933.0224630111746	907.2472312516528	1.181061	18.759499	0.0872492465271145	0.0487941182775315	0.0084978853	-0.0214105127	0.0738164481	0.0066566388	-0.0742802737	0.1000113874	-0.0108079459	-0.0471761126	0.0057050938	0.1157308007	-0.0705762869	-0.0362982487	-0.0143185519	-0.1078200182	0.0508099133	-0.0177038873	-0.0606221957	0.0319954996	0.0321743111	-0.0423572771	0.0088927269	0.0612000975	0.1384982336	-0.0382846153	-0.0005885103	0.1625861334	0.0440786422	-0.0378443737	-0.0450694677	-0.0536237099	-0.0824244867	0.1021810722	0.0370162721	0.0528826325	0.0397961173	-0.0646994613	0.0733126041	0.0130261883	-0.1655572727	0.1393224773	0.2619872886	-0.0341507105	-0.0048140246	0.0692722109	-0.0005181642	-0.039291544	0.039459595	0.0026267535	0.1079465637	0.0561356592	0.1629162443	-0.0668558726	0.0292435123	-0.0270162699	0.0861629528	-0.0557724471	-0.0596613884	-0.0535705672	0.0038514903	-0.0463811769	0.065117534	0.1052110607	-0.1230035821	0.0517523419	0.1025759825	-0.018603643	-0.065558203	0.0063808156	0.0256282268	-0.1062291047	-0.0336345658	0.0130818813	-0.0836259416	0.0257583977	0.0091910276	-0.0562054124	-0.0084510728	0.1422397637	-0.056298775	0.0295316488	0.1085246016	-0.039537116	-0.0739663764	0.0469872236	0.0911657418	-0.1438709752	-0.0137316301	-0.0386014985	-0.06416775	-0.0251860523	-0.1192723348	0.0717238087	-0.0528583176795791	-0.0016562850679662	2.743280226367808e-06	0.0027940017479153	0.0231391619965251	-0.0129641346271824	0.0001680687866317	0.0005354208179014	0.1555812275565955	0.0466552108389635	0.0242055183680171	0.0021767086984281	-6.005929672546947e-06	0.0002349914860969	3.6071191231579876e-11	5.522099853805448e-08	-8.099962476082467e-05	0.0001110034895054	1.2321774682392172e-08	6.560939211394402e-09	-0.0001460004975641	-0.0001734773442576	3.0094388970676765e-08	2.131614528896477e-08	0.0	0.0	0.0	0.0	0.0	0.0	0.0	0.0	0.0	0.0	0.0	0.0	0.0	0.0	0.0	0.0	0.0	0.0	0.0	0.0	0.0	0.0	0.0	0.0	0.0	0.0	0.0	0.0	0.0	0.0	0.0
975.2159165955194	-0.7704990418621946	0.59366877351056	951046.083981239	1230.3844759561182	1.4209887496826925	2.019209026724781	1513845.9586738115	900.7157563648777	-0.3488862603530833	0.1217216226631594	811288.8737639538	931.9617426732927	908.260440932207	1.114608	17.703987	0.0500708619633738	0.0201981392133553	0.0347363046	-0.1249692782	0.0071967466	0.0288914319	0.0204052663	0.0587549989	0.0886430835	-0.0662752019	-0.014237965	0.1362718294	0.068198993	0.0511081048	-0.0153589189	-0.0233184611	0.0617336357	0.0255161746	0.0507088076	-0.010396704	-0.0880163862	-0.0235310089	-0.0426192036	-0.0627848237	0.1560771389	0.0827912998	-0.0580756733	0.0734437745	0.0227570558	0.0211713898	0.084799416	0.0226523577	-0.1249527886	0.1226831671	0.0921066465	-0.0785727297	-0.0555270035	-0.1009193367	-0.1357304739	-0.1311700951	0.0137018104	0.0210222583	-0.1392301517	0.0770195038	0.0937333104	0.0710583454	-0.0583342747	0.0507282075	-0.0291634155	0.0772225154	0.0565604729	-0.0784405141	0.0320173156	-0.0544452525	0.1066193884	0.003685661	0.1978842581	-0.015629836	-0.0400714902	-0.0279483637	-0.0688471872	0.1957761105	-0.02998284	-0.1530620131	-0.0360222933	0.0958848933	-0.0153168323	-0.0050212617	0.0030634797	-0.0174595962	0.0611210805	-0.1467484799	-0.086847835	-0.0730145502	-0.0386293478	0.050702977	-0.0381186498	0.0546775689	0.0872545493	0.0638155888	-0.1032903684	0.0324619596	0.1147318367	-0.000473361	-0.0295382049	-0.0516530279	0.0687893536	-0.0394469212	0.0283327272	-0.0426207548	0.0395218394	-0.0284919163	-0.1165232592	0.0799246852	-0.0423391281928644	0.0105191894867147	0.0001106533474574	0.0017926017761318	0.0289094331318437	0.0057702711353186	3.329602897509101e-05	0.0008357553240045	0.1486988633280788	-0.0068823642285167	0.0221113519550626	4.736693737396637e-05	-0.0001309757134893	-0.0001249697838167	1.7154637524031204e-08	1.561744686720599e-08	0.0001460214279096	0.0002270210526704	5.153855835558775e-08	2.1322257408758516e-08	-0.0003319904033334	-0.0001859899057693	3.4592245048073095e-08	1.102176279054736e-07	0.0	0.0	0.0	0.0	0.0	0.0	0.0	0.0	0.0	0.0	0.0	0.0	0.0	0.0	0.0	0.0	0.0	0.0	0.0	0.0	0.0	0.0	0.0	0.0	0.0	0.0	0.0	0.0	0.0	0.0	0.0
975.0610921279203	-0.1548244675990417	0.0239706157673267	950744.1333816928	1231.9764408018532	1.5919648457349922	2.5343520700560376	1517765.950690802	900.670579902364	-0.0451764625137229	0.0020409127652538	811207.4935016606	932.3238477696108	899.9804986670589	1.152438	18.304869	0.0963419791153577	0.0512564469057035	0.0647121143	0.0298424297	0.1239586802	0.0466084539	0.0733569602	0.0818034815	-0.0383218475	-0.0971551058	-0.0995280046	0.0263155246	-0.0287891986	-0.0241658947	-0.0652341448	-0.1087660833	0.0435901815	-0.0214097262	0.0057275562	0.0494543158	0.0503538015	0.0397507761	0.1093196842	0.1010371303	0.1569075016	0.1029159794	-0.034160736	0.0898155074	-0.0221269516	-0.2239255872	0.0157767881	-0.0426534137	0.0743474756	0.0122248424	0.0693191686	-0.0583804508	0.0864038276	-0.0947355053	-0.0245359847	0.2151128735	-0.102810632	-0.10390902	-0.1628017788	-0.0842065111	0.1314128872	0.0613721687	0.0174193119	0.0237294149	0.0665198479	-0.0330658425	0.0559022186	0.107135268	0.0762071583	-0.1248577233	0.1006578757	0.0639557888	0.1635376635	0.0165925108	0.0937032478	-0.0982307907	-0.0387998549	0.0943465011	0.0712274849	0.1064195617	0.1245097463	0.0183310096	-0.014994652	-0.0686158337	-0.0951866678	-0.0078193003	0.0374522842	-0.1500867468	-0.0111848359	0.1195575264	-0.0462737034	0.0577532039	0.0905722192	-0.0184636275	-0.0762336705	0.0940976306	-0.0584417765	0.046408832	0.0135508949	-0.0170064348	-0.0985199573	-0.079846787	0.0810892274	-0.0177986341	0.0203605424	-0.0837494467	-0.062206632	-0.0317782535	-0.1134548014	0.0876327994	-0.0487254516222606	-0.0063863234293961	4.078512694485482e-05	0.0023741696357932	0.043864844906281	0.0149554117744373	0.0002236643413429	0.001924124618652	0.1910766826880774	0.0423778193599986	0.0365102986670802	0.0017958795737086	2.744219737771305e-05	0.000158417910867	7.53074196917361e-10	2.5096234483468894e-08	-0.0003480043781276	-0.0004940258060372	2.440614970307052e-07	1.211070471959776e-07	-0.0003319951774597	-4.774126300018111e-09	2.2792281928524618e-17	1.102207978564977e-07	0.0	0.0	0.0	0.0	0.0	0.0	0.0	0.0	0.0	0.0	0.0	0.0	0.0	0.0	0.0	0.0	0.0	0.0	0.0	0.0	0.0	0.0	0.0	0.0	0.0	0.0	0.0	0.0	0.0	0.0	0.0
974.2442792597576	-0.8168128681627422	0.6671832615962453	949151.9156703644	1227.6629741637687	-4.313466638084492	18.605994437867928	1507156.37813263	901.197922829276	0.5273429269119561	0.2780905625640686	812157.6961118017	932.481619673974	904.0078150514288	1.352317	21.479666	0.103326804738077	0.061168285005397	0.0763141721	-0.1746467525	-0.0350125967	-0.0607928567	-0.067611637	0.0512593133	-0.0279080172	-0.0682047258	0.0127098068	0.104779556	0.0546274609	0.0978580844	-0.0361058637	0.0331110447	0.0845646662	-0.015583876	-0.0084528838	-0.0977343769	-0.0841431115	-0.1040775729	0.0977475642	-0.0540929291	0.0943931959	0.0125928174	-0.1193972903	0.0984646326	-0.1946245372	0.0049338724	0.1184532652	0.1312615647	-0.1266618271	0.0276071655	0.1855468648	-0.0334960768	0.0459972749	0.0494624499	0.0479403131	-0.1882644533	-0.1250860611	0.0206504133	-0.0311528371	-0.0116928203	-0.0589195121	0.0772390555	0.0343030273	0.0117506971	-0.1194578558	0.0752107821	-0.037947987	-0.0959149825	0.002546303	-0.1407856448	0.0167917519	0.0889548983	0.1556503672	0.1772553304	0.0371583682	-0.0562228754	0.0722131417	0.0864449915	-0.0012404855	-0.0464791805	-0.0274235383	0.15191209	0.0805970234	-0.0897530827	0.0652697588	-0.0067528656	0.0631245441	-0.1989999634	-0.0220149902	0.0327893203	0.0540566965	-0.0332740787	-0.1727904134	0.010852577	-0.0958501454	-0.0232454948	-0.1078932953	-0.071881569	0.0098464101	0.0903230553	-0.0564952009	-0.0441055546	-0.0009741851	-0.027107556	0.0416854971	-0.0339740978	0.0053587262	-0.0350428114	-0.1100753719	0.0948006283	-0.0542778418661669	-0.0055523902439063	3.082903742062589e-05	0.0029460841176486	0.063248239126878	0.019383394220597	0.000375715971511	0.0040003397526507	0.191190484942183	0.0001138022541055	0.0365538015324271	1.2950953039514154e-08	-0.0009899962764104	-0.0010174384737881	9.80092627306457e-07	1.0351810479442846e-06	4.10857214514504e-05	0.000389090099579	1.5139110559043537e-07	1.6880365071861721e-09	-0.0001729793904375	0.0001590157870222	2.5286020522289672e-08	2.9921869516129074e-08	0.0	0.0	0.0	0.0	0.0	0.0	0.0	0.0	0.0	0.0	0.0	0.0	0.0	0.0	0.0	0.0	0.0	0.0	0.0	0.0	0.0	0.0	0.0	0.0	0.0	0.0	0.0	0.0	0.0	0.0	0.0
975.3150410103742	1.0707617506166116	1.1465307265835507	951239.429221068	1231.4040295360537	3.741055372285018	13.995495298502597	1516355.8839576305	901.439742472162	0.241819642886071	0.0584767396855469	812593.6093082778	933.9646486517796	902.8349593319668	1.393844	22.139269	0.0801304388364221	0.0539434340067662	0.0852432927	0.03439177	0.0351782002	0.1639254873	0.1599461841	-0.0169867402	-0.1286021964	-0.1304329437	-0.0827949993	-0.0179255478	0.0546786078	9.25258e-05	-0.0427568073	-0.0488266973	0.0947827159	0.0554686101	0.0867241379	0.0263380858	0.0532180639	-0.0494841369	0.067441466	0.2013928104	-0.0098506615	0.0087224524	0.0518668722	-0.0861910632	-0.0623131275	-0.108961038	-0.045628844	0.0815453704	0.126830973	-0.0951341632	0.0881603429	-0.1056425062	-0.1724322676	-0.0608027032	-0.1255602857	0.0306094285	0.0978176348	-0.0801468748	-0.083077981	-0.0918253475	0.012169117	0.1006078938	-0.0808837861	0.1154327409	0.0219490256	-0.0526105712	-0.03355953	0.1096773583	0.1296021368	-0.0043815297	0.0020991017	0.0301263516	-0.034081508	0.0427930576	0.1077327703	-0.0765032925	0.036335711	-0.0534541311	0.0052458989	0.0711737782	0.1167044906	0.1231702146	-0.0397379483	-0.1184789458	0.1201824174	-0.05225156	-0.0381002604	-0.1482674465	0.0503974304	0.1289374238	0.0603527373	0.170904325	0.0605496094	-0.0763646055	-0.07540494	-0.0802282405	-0.0169170189	0.0273023791	-0.0946062591	0.0230330354	-0.1160058018	0.0405681578	-0.0020059754	-0.0054307108	0.0463036257	-0.14471094	-0.1435531373	-0.0382833527	-0.1063942335	0.1013839798	-0.0464959857863505	0.0077818560798164	6.055728404697547e-05	0.0021618766942445	0.0442810737337993	-0.0189671653930787	0.0003597533630484	0.0019608134910181	0.19116374468706	-2.6740255123003376e-05	0.0365435772827794	7.150412440433081e-10	-5.200394677555285e-05	0.0009379923296348	2.7044104802345332e-09	8.798296104538076e-07	-3.499411048868417e-05	-7.607983194013457e-05	5.78814082803912e-09	1.2245877688942355e-09	-0.0002260007710306	-5.30213805931e-05	2.811266799998361e-09	5.107634850642569e-08	0.0	0.0	0.0	0.0	0.0	0.0	0.0	0.0	0.0	0.0	0.0	0.0	0.0	0.0	0.0	0.0	0.0	0.0	0.0	0.0	0.0	0.0	0.0	0.0	0.0	0.0	0.0	0.0	0.0	0.0	0.0
975.1616110405236	-0.1534299698506629	0.0235407556483753	950940.1676471492	1229.4706469279963	-1.9333826080574	3.7379683091388336	1511598.071657546	900.9023075341188	-0.5374349380432477	0.2888363126295495	811624.9677203	931.4080817804736	905.571962210327	1.422147	22.588821	0.133758012740833	0.0791609827484959	0.0683039405	-0.064143643	-0.009128715	-0.1615236048	-0.0414815217	0.0274235023	0.0059443571	-0.0909930019	-0.0819684469	-0.0736709502	0.0131118864	0.0133774665	0.0474878578	0.0669531297	0.0930437838	-0.0859716629	-0.1455624183	-0.0882465282	-0.0517487306	-0.0261000655	0.0694737665	-0.0021344626	-0.1620276434	-0.0470695569	0.0263425755	-0.0490549779	0.0127080701	-0.0421398809	0.1127857679	0.0387631188	-0.0241232568	0.0437498219	-0.0219299164	-0.0433112107	-0.0411352302	0.0781453574	-0.0678675024	-0.0181623893	-0.0531527616	0.013780896	-0.0195985261	-0.0153629999	-0.1249116378	0.0871012757	0.1352883257	-0.0578879142	-0.1889528708	0.0233736159	-0.0705142252	0.0823596073	-0.0247556904	-0.0055478264	-0.086401741	-0.0850967721	0.02864386	-0.0207104655	0.013630411	0.0798749119	0.0815988604	0.0136863914	0.0411141303	-0.1319120219	-0.0317056964	0.0506943354	0.0540408591	-0.025956385	-0.0122967191	-0.0879573254	-0.1040040656	-0.0928058724	0.0081873387	-0.0864424657	0.1000682114	-0.0765072301	-0.2377746057	-0.0153972967	-0.0508862559	0.0957379846	-0.0163439328	0.0519670829	-0.0253998975	0.0670202246	0.0335521096	0.0250872697	0.1005291069	0.0442070202	0.0024763658	-0.1801612349	-0.0060750281	-0.0414976565	-0.1024214758	0.1073422654	-0.046306164755606	0.0001898210307445	3.603202371290589e-08	0.0021442608943733	-0.0225500849302591	-0.0668311586640584	0.0044664037683805	0.0005085063303618	0.1519736160562814	-0.0391901286307785	0.023095979977222	0.0015358661820969	-0.0001459470799498	-9.394313317424716e-05	2.130055014587332e-08	8.825312270594338e-09	0.0003160242771151	0.0003510183876037	1.2321390843596046e-07	9.987134372612153e-08	-0.0003319773385576	-0.0001059765675269	1.1231032864804789e-08	1.1020895331578738e-07	0.0	0.0	0.0	0.0	0.0	0.0	0.0	0.0	0.0	0.0	0.0	0.0	0.0	0.0	0.0	0.0	0.0	0.0	0.0	0.0	0.0	0.0	0.0	0.0	0.0	0.0	0.0	0.0	0.0	0.0	0.0
974.624345140562	-0.5372658999615396	0.2886546472614831	949892.6141406692	1229.987528483073	0.5168815550766794	0.2671665419784864	1512869.3202238984	901.277836526578	0.3755289924591807	0.1410220241774074	812301.738614029	933.7437140701312	905.7375210922266	1.527937	24.269136	0.0876153927142607	0.0542733649189977	0.0758063575	0.1164116843	0.0098389193	0.1556359002	-0.1028290272	-0.1425033731	-0.0179293415	-0.1087546022	0.1539416257	-0.0099033283	-0.0304521484	-0.0142720955	0.0211643705	-0.1046967741	0.1489878448	0.060076096	0.0563160414	0.1309406408	0.0590286902	-0.0446595961	-0.0492475657	-0.0625132768	0.0358371855	-0.0212980835	0.1609910737	-0.0731803591	0.0852425143	-0.1259303164	-0.009353437	0.0858755731	0.0483258151	-0.003411011	-0.1984904284	0.1114162609	-0.0048703208	0.0858809576	-0.1019386754	-0.1024049324	-0.0344850115	0.1048264448	-0.0051076738	0.029480849	-0.0948162253	0.145509309	-0.1027963887	-0.0324469773	0.1269227374	-0.0452799333	-0.0214918489	-0.0637542122	0.0384917967	-0.0063652222	-0.0067025936	-0.1522154405	-0.1670306541	-0.1047744348	0.0215072326	0.1072671422	0.0382755583	-0.0935875407	0.1160340966	-0.0904946719	0.0625174783	0.0064381853	-0.0766741143	0.0054024108	-0.1223869997	-0.0854193282	0.0546454601	-0.0644549989	0.1099637225	-0.0103327915	0.2023877235	0.084164535	0.1286224497	-0.0430650438	0.1577438132	-0.0389042726	0.0221017486	-0.0058984605	-0.0464172472	0.0175573836	-0.0811190616	0.1425849277	0.0571752163	-0.049137873	-0.050331755	-0.0504659068	0.062253977	-0.0446835199	-0.098167988	0.1126387502	-0.0333004592562389	0.013005705499367	0.0001691483755362	0.0011089205866764	0.0268114708471927	0.0493615557774518	0.0024365631887704	0.0007188549689898	0.1394504574143695	-0.0125231586419118	0.0194464300730768	0.0001568295023704	0.0001000541354114	0.0002460012153612	1.0010830012922768e-08	6.051659795918754e-08	0.0003239833126782	7.959035563099973e-06	6.334624709469011e-11	1.049651868939403e-07	-0.0003325165435439	-5.392049862999911e-07	2.907420172507736e-13	1.1056725173038233e-07	0.0	0.0	0.0	0.0	0.0	0.0	0.0	0.0	0.0	0.0	0.0	0.0	0.0	0.0	0.0	0.0	0.0	0.0	1.0	0.0	0.0	0.0	0.0	0.0	0.0	0.0	0.0	0.0	0.0	0.0	0.0
974.3830314439074	-0.2413136966546289	0.0582323001931223	949422.2919658186	1228.2503559143563	-1.7371725687166872	3.017768533501733	1508598.936803743	900.7075316243152	-0.5703049022628193	0.3252476815450038	811274.0575247667	932.9833122936004	905.4598836276504	1.543898	24.522654	0.101437982450235	0.0606677169660228	0.1028546198	-0.0626732054	0.0383671242	-0.1722882595	0.0314463394	0.0744120933	-0.0218296822	-0.0732851366	0.0685423414	0.0109799688	-0.1015374766	-0.0117397536	-0.0924462883	0.0187466128	0.0879072309	-0.1315041947	-0.1322374772	0.017123092	-0.0177332289	-0.0347746029	0.0380799636	0.16130902	0.110049586	0.0094598419	-0.079231097	0.0304795792	0.1346338468	0.0733113414	0.1410544756	-0.0131459565	-0.0928388288	-0.1358556734	-0.0737762029	0.0630818248	0.0478331768	0.015637602	-0.004642256	-0.0275537991	-0.000479639	-0.0282520802	-0.1204445254	-0.0523362283	0.0858450239	0.109170433	0.1018775168	-0.1132582336	0.0007257124	0.0671995231	0.0464702254	0.0929141904	0.0893597711	0.0044060776	0.127388694	0.1615485713	-0.0173180084	-0.0667454829	-0.0764783215	0.0104144496	0.0311441339	-0.0195820235	0.0038691884	-0.0657011989	-0.0747552589	-0.0797421314	0.1100504533	-0.0671538927	-0.0638326949	-0.024623319	0.1128394549	-0.0895635099	-0.0841129805	0.0148821342	-0.0477222609	-0.0419095244	-0.0613753577	-0.0640872269	-0.0951449902	0.0944935347	-0.0381417547	0.1981805274	0.0517024972	-0.024080118	-0.115885431	0.016079609	0.1261144165	0.0887587496	-0.0673876154	0.0928240798	0.0439239325	-0.0478387595	-0.0936454286	0.1172407796	-0.0453973844035857	-0.0120969251473467	0.0001463355980205	0.0020609225106869	0.0556097269715394	0.0287982561243467	0.0008293395558034	0.0030924417338491	0.190644210785436	0.0511937533710664	0.0363452151060017	0.0026208003842175	0.0001110249866225	1.097085121109999e-05	1.2326547654526305e-08	1.2035957629609408e-10	0.0001479812945792	-0.0001760020180989	3.097671037492071e-08	2.1898463545335972e-08	-0.0003325084567045	8.086839400000493e-09	6.539697148140033e-17	1.1056187378000835e-07	0.0	0.0	0.0	0.0	0.0	0.0	0.0	0.0	0.0	0.0	0.0	0.0	0.0	0.0	0.0	0.0	0.0	0.0	0.0	1.0	0.0	0.0	0.0	0.0	0.0	0.0	0.0	0.0	0.0	0.0	0.0
974.1569862852116	-0.226045158695797	0.051096413769808	948981.833928286	1231.7393673532376	3.4890114388813345	12.1732008206448	1517181.869087754	900.4688305993297	-0.2387010249854029	0.0569781793290819	810844.1148809245	932.571574918546	901.0039453428682	1.437227	22.828333	0.0260039109370558	0.0182059084080078	0.1016801388	-0.0864052113	-0.0580338545	0.1055968539	-0.1677734792	0.0332811013	0.1001406579	-0.1106816138	0.0298091631	0.0740823194	0.2085550549	0.0745674589	-0.0079986163	0.0125582435	0.0778061252	-0.0187300431	0.1495545887	-0.0792466822	-0.0179365764	-0.0339890161	0.0315718034	-0.0682335249	-0.0008382139	-0.0089038743	0.1957058534	0.0439116683	-0.1166254839	-0.0371222126	0.0649870349	0.0785849207	-0.0531710545	-0.0043344971	-0.0220646799	-0.1060109784	-0.032763194	-0.1468077218	-0.0511980732	0.148636236	0.0647113094	0.0899235466	0.194111357	-0.0032005382	-0.0119430909	0.0986362662	-0.0031710843	0.1461458678	-0.0568253981	0.0600678718	-0.05241185	-0.1132846515	-0.0001885837	-0.0593942489	-0.0404001144	-0.1311880528	-0.031257354	0.0887947474	0.0051057116	0.1081380005	0.0777211006	-0.0137330654	0.0945684506	0.1530787654	-0.0971423953	0.0214375323	-0.0459381044	-0.0983069157	0.0817389701	-0.1081289648	-0.0451158879	0.0170618329	0.0736796654	-0.0044488653	0.0964413213	0.0279308293	-0.088641294	-0.0010813092	0.0816251417	0.1313047093	-0.0879315201	-0.1011195055	0.0606906637	0.1018858691	0.0694072989	0.0526914008	0.0130074547	-0.1731423529	-0.054770114	0.1458966409	-0.0400519935	-0.0509612127	-0.0888661936	0.1211199807	-0.0406828640376772	0.0047145203659084	2.2226702280566e-05	0.0016550954263081	0.0384499410800458	-0.0171597858914936	0.0002944582518419	0.0014783979690589	0.1912730651148848	0.0006288543294487	0.0365853854384429	3.954577676664821e-07	0.0001110361930441	1.1206421600011346e-08	1.2329036165726642e-08	1.2558388507720084e-16	0.0002179817650214	7.00004704422e-05	4.900065862129316e-09	4.751604988184484e-08	-0.0003325117868448	-3.3301403000191715e-09	1.1089834417811778e-17	1.1056408839072173e-07	0.0	0.0	0.0	0.0	0.0	0.0	0.0	0.0	0.0	0.0	0.0	0.0	0.0	0.0	0.0	0.0	0.0	0.0	0.0	0.0	0.0	0.0	0.0	0.0	0.0	0.0	0.0	0.0	0.0	0.0	0.0
974.1361623202614	-0.020823964950182	0.0004336375162464	948941.2627400468	1225.6899427708572	-6.049424582380425	36.595537777908575	1502315.8358096273	900.7399684541948	0.27113785486506	0.0735157363408263	811332.4907708638	932.1151406449072	887.3364146047471	1.486056	23.60392	0.1078500596136673	0.0546079825434586	0.1116279932	0.1677414676	0.0998941641	-0.0958978042	-0.0071848636	0.0068591003	0.0031063008	-0.1115291122	-0.0223970171	-0.0622839972	-0.1975159059	0.0115034102	-0.0727917263	-0.0280834071	0.0049169024	-0.0905410815	0.0207570282	0.0464911871	0.1954104275	0.0660094589	0.0228378709	0.0415696444	0.0243583427	0.1321703842	-0.005507524	0.0029342546	-0.03245545	-0.1361284257	0.0255797764	0.0034587862	-0.0556340249	0.0571054802	0.040794691	0.0203383043	-0.0219679964	0.0672044435	0.0885225698	-0.0680583802	0.0592961566	-0.0245389101	0.1267005012	-0.0149448463	0.1209760904	0.0636625438	0.0654193328	-0.001218878	0.1485758035	-0.1196687786	0.0581611416	0.0586761703	-0.0597820609	0.0228409198	0.1208399985	-0.0411494	-0.0724197373	0.0992945019	0.0994094445	-0.0290905929	0.0911974901	-0.0363757451	0.0531767349	-0.0136755374	-0.033272312	0.0266033535	0.056066623	-0.0272610074	-0.1026393849	-0.1091143378	-0.0436674449	0.0203248434	-0.0583585693	0.0735569571	-0.0029345034	0.0807492334	-0.0248283217	-0.0310952774	-0.0070308119	0.0647389594	0.1286387623	0.0089811117	-0.0437385324	0.0882525205	0.0946839932	-0.0262114344	0.0245157762	0.0184592663	-0.0251038047	0.080161519	0.0715348183	-0.0540487397	-0.0838433825	0.1242524367	-0.0407734321594261	-9.056812174890184e-05	8.202584677123906e-09	0.0016624727700593	0.0138819172931761	-0.0245680237868696	0.0006035877927921	0.0001927076277345	0.167165111175791	-0.0241079539390937	0.0279441743944145	0.0005811934431294	0.0006636731345477	0.0005526369415035	4.4046202952036957e-07	3.0540758911445334e-07	0.0006293173940028	0.0004113356289814	1.6919699966952398e-07	3.960403823944754e-07	-0.0005502094916789	-0.0002176977048341	4.7392290690034945e-08	3.027304847335536e-07	0.0	0.0	0.0	0.0	0.0	0.0	0.0	0.0	0.0	0.0	0.0	0.0	0.0	0.0	0.0	0.0	0.0	0.0	0.0	0.0	0.0	0.0	0.0	0.0	0.0	0.0	0.0	0.0	0.0	0.0	0.0
975.6140500910406	1.477887770779148	2.1841522630185595	951822.7747350434	1236.5199902542238	10.83004748336657	117.28992849197458	1528981.6862983056	901.5415297385568	0.8015612843620374	0.642500492588119	812777.1298433372	933.6779629630654	918.7978730318404	1.509767	23.980534	0.1044102623147074	0.0585108368852308	0.0849601959	-0.1248579743	-0.0575893847	-0.0914249552	-0.0325707782	-0.0956246102	-0.0990911298	-0.1039453431	0.1215342137	-0.0482249563	0.1022470943	0.0320901743	0.0905153577	0.1322006617	0.0522052953	-0.0139040574	-0.048114657	-0.1934742712	-0.0445642888	-0.0657440332	0.1053513161	-0.0844975954	0.0107895657	-0.0127888747	-0.1267672422	0.0007196757	0.0083209829	-0.0404557402	0.0750737526	-0.0857809383	0.1909379989	-0.0385376021	-0.0679444269	-0.0445638341	-0.0413063018	0.2049476474	-0.0009710814	0.0340093015	0.0129294335	-0.0877559668	-0.0062632012	0.0749882057	-0.028773059	0.0817802442	0.0676746375	-0.0204542431	-0.1548961516	-0.0107298613	-0.1363163588	-0.1232099317	-0.0532863998	-0.0696365145	0.061161437	0.094841409	-0.0282111077	-0.0170954747	0.0550296381	0.0101358179	0.1402728962	-0.0073889959	-0.0624170794	0.020133647	0.1154851633	-0.206255952	0.0219137762	-0.0155151335	0.1230423602	-0.1086108324	0.0341437556	-0.0112229891	0.010645315	-0.1537677654	0.0403642489	-0.0455351556	-0.0645675747	-0.0538924746	-0.1402759414	0.0769084167	0.0551812332	-0.0694093663	-0.0056855599	0.0758693596	-0.0033018136	0.0521902463	0.0085454374	-0.026238778	0.0756378274	0.0309925906	0.0378732737	-0.0570992244	-0.0785907625	0.1266188352	-0.0408560927725005	-8.26606130743951e-05	6.832776953834857e-09	0.0016692203166351	0.0583383650179456	0.0444564477247695	0.0019763757443051	0.003403364832967	0.1503413998873952	-0.0168237112883958	0.0226025365201016	0.0002830372615152	2.31051837733456e-05	-0.0006405679507743	5.338495172000727e-10	4.103272995592556e-07	0.0006319960347636	2.6786407607999867e-06	7.175116325419132e-12	3.994189879569135e-07	-0.0003325072294447	0.0002177022622342	4.73942749818884e-08	1.1056105763299037e-07	0.0	0.0	0.0	0.0	0.0	0.0	0.0	0.0	0.0	0.0	0.0	0.0	0.0	0.0	0.0	0.0	0.0	0.0	0.0	0.0	1.0	0.0	0.0	0.0	0.0	0.0	0.0	0.0	0.0	0.0	0.0
975.505988471532	-0.1080616195085895	0.0116773136108191	951611.9335438206	1229.9773885835475	-6.542601670676277	42.805636621136	1512844.376426803	900.862630377172	-0.6788993613848788	0.4609043428887963	811553.4788100772	932.0115887651629	897.3961649734472	1.327323	21.082674	0.1002246522798225	0.0667043038477582	0.0762522088	0.0810579901	-0.0688790838	0.0801424204	0.1248973921	-0.0841886727	-0.0513150655	-0.0678391364	0.0276414226	-0.1137150461	0.0056895409	0.0285267409	-0.0402225556	-0.0471286852	0.0079080948	-0.0013017175	0.0780119235	0.0579802579	0.1329765157	-0.0930468944	-0.0449827325	0.0275777444	-0.1096414026	0.0394824744	-0.0801384587	-0.0879391146	0.0540159339	-0.0431347763	-0.0226000767	0.0474667956	-0.0031696029	0.0346075407	-0.0904115866	-0.0530819823	-0.0491557204	0.1107894069	0.1222901294	-0.0820549307	-0.0492141419	0.1462213904	0.0921550182	0.0580459733	-0.1072731095	0.0503680805	-0.0068826231	0.0331504456	0.102701073	-0.0663816754	-0.0890556603	-0.0053180918	0.0197671288	0.1524541267	0.0361125061	0.005503094	-0.0072278383	-0.0219023903	0.0861196873	0.0229715761	0.061218138	-0.1901734907	0.061658644	-0.0614408198	0.0111128992	0.045496739	0.0581482605	0.0067212357	-0.0052305848	-0.1208182014	-0.0446228476	-0.0020784695	0.0074147688	-0.0633432973	0.0272174423	0.1289156494	0.0253104481	-0.0812221546	0.0542392991	-0.1218348903	0.0996408533	0.0060624891	0.0158664147	0.0676302697	-0.1050467664	0.1258013823	0.0028910473	-0.0666803788	0.0372861677	-0.0061357131	0.1118858628	-0.0601105761	-0.0731227308	0.1282045865	-0.0406343073137662	0.0002217854587342	4.9188789705982e-08	0.0016511469308695	0.0092514826154541	-0.0490868824024915	0.002409522023996	8.558993058404942e-05	0.1481893342924962	-0.0021520655948989	0.0219600787980531	4.631386324747985e-06	0.0008170750247402	0.0007939698409668	6.676115960541985e-07	6.303881083649321e-07	0.0004508643161487	-0.0001811317186149	3.2808699488387325e-08	2.032786315762349e-07	-0.0003326840463369	-1.7681689219999509e-07	3.1264213367264686e-14	1.1067867468709266e-07	0.0	0.0	0.0	0.0	0.0	0.0	0.0	0.0	0.0	0.0	0.0	0.0	0.0	0.0	0.0	0.0	0.0	0.0	0.0	0.0	0.0	0.0	0.0	0.0	0.0	0.0	0.0	0.0	0.0	0.0	0.0
976.314322078149	0.8083336066169977	0.6534032195864432	953189.6554949156	1233.126977811984	3.149589228436525	9.919912307883388	1520602.143407717	901.0275268554688	0.1648964782967823	0.0271908485546812	811850.6041512825	931.747059667637	912.0415842202516	1.27004	20.172813	0.1316030875354234	0.0773801552618824	0.058991794	-0.04968249	-0.0104061386	-0.1495501098	0.0847169582	-0.0536721681	-0.0622801146	-0.0669652822	0.0727233089	-0.1368245137	-0.0265509218	-0.1204841653	0.0543768776	-0.0322664096	0.0727359488	-0.0753703771	-0.0793591746	-0.0468855521	0.0347805516	-0.0007724341	0.0299330332	0.0585273066	0.0019899167	-0.102735305	-0.1153159498	-0.1379829069	0.0907301873	0.0160349335	-0.0334623793	-0.0114118155	-0.090131766	-0.0745092473	0.0136610754	0.0495744971	-0.0991725055	-0.0245149462	-0.1932451629	0.0973080741	-0.0766610272	0.0788085169	0.0021878494	-0.1189595228	0.0908044201	0.0815819156	0.0662391669	-0.0781366334	-0.0209115655	-0.0411069813	-0.0364681133	0.0462472522	-0.0320248097	0.0370283756	-0.0482727871	0.1720385112	-0.0582763967	-0.1518236843	0.0155248672	0.0525911238	-0.0401147695	-0.1003825546	0.0785294987	0.0091842627	-0.0280621458	-0.0370458693	0.0449979126	0.0281975723	0.0216035102	-0.0603072876	0.1248169623	-0.0166484901	0.0141065412	-0.143207532	-0.020116986	-0.0733485948	0.0566006542	-0.0068363125	-0.1080076192	0.0929393113	0.1270940552	0.1366472934	-0.0021100591	0.040894227	0.0344612037	0.0229959031	0.1000469443	-0.1146282429	0.0310769491	0.0405220261	0.0039506876	-0.063080731	-0.0674542747	0.1289999139	-0.0366632621933149	0.0039710451204513	1.5769199348660088e-05	0.0013441947946557	0.0676673060350196	0.0584158234195655	0.0034124084257858	0.0045788643060369	0.1384888627649729	-0.0097004715275232	0.0191791651099355	9.409914785629006e-05	-8.137682538466792e-05	-0.0008984518501248	6.622187709686733e-09	8.072157269927982e-07	0.0007420133747744	0.0002911490586257	8.476777433863131e-08	5.505838483440943e-07	-0.0003319700057298	7.140406071000057e-07	5.098539885877447e-13	1.1020408470424345e-07	0.0	0.0	0.0	0.0	0.0	0.0	0.0	0.0	0.0	0.0	0.0	0.0	0.0	0.0	0.0	0.0	0.0	0.0	0.0	0.0	0.0	0.0	0.0	0.0	0.0	0.0	0.0	0.0	0.0	0.0	0.0
976.8043139373092	0.4899918591602272	0.2400920220432959	954146.6677265372	1230.051597285077	-3.075380526907111	9.457965385279458	1513026.9319835692	901.6802276991216	0.6527008436528376	0.426018391305126	813027.2330235398	933.4794682365582	909.9580181302292	1.307694	20.770885	0.0451579938894195	0.0238981927283252	0.0468747882	-0.0876124802	-0.204341791	0.1462456288	-0.0610880421	0.0604035303	0.0343803348	-0.0653440945	0.0295900972	0.0050246715	0.2132307945	0.0307227458	0.0261578301	-0.0043552526	0.0824016885	0.0479901259	0.120231094	0.0141539266	-0.015356069	-0.1558824702	-0.1074398807	-0.1569968682	-0.0383461158	-0.0393115997	0.0242626224	-0.0019057412	0.0504322883	0.0440218591	0.0736217801	-0.0818455404	-0.0178259149	-0.0722076157	-0.0147129818	0.1128692611	-0.0666395717	-0.0230340548	-0.0184580911	-0.0201360831	0.0160914015	-0.1152476376	-0.0511568943	-0.1606414805	0.0260936849	0.0706667961	-0.0753173037	0.0688582085	0.0033421426	0.0448823081	-0.104563052	-0.1844773128	0.0502503575	0.088868583	-0.1016467454	-0.0663942686	0.1200531943	-0.1154924657	0.0109337086	0.0035889941	-0.0810472061	0.0851412069	0.0033812694	-0.1069045347	-0.0546933083	-0.0673367403	0.0550172528	0.0173261313	0.0736252131	-0.0837545122	0.0534449207	-0.0108177229	-0.0111401632	-0.1966377179	0.0219691065	0.022370874	0.0242189533	-0.0331126167	0.0834238504	-0.044752462	-0.0859320607	-0.0711733922	0.1235342344	0.1529540491	0.0141934219	-0.1356827732	0.0596388861	0.0595181767	0.0355104179	0.0384701623	-0.0094633859	-0.0660076536	-0.0616009311	0.1289999139	-0.0380828996527355	-0.0014196374594206	2.0153705161901763e-06	0.0014503072459603	0.048745260209742	-0.0189220458252775	0.0003580438182139	0.0023761003929154	0.1448013341892959	0.0063124714243229	0.0209674263830001	3.984729548289419e-05	0.0001300973003846	0.0002114741257692	1.6925307567360846e-08	4.472130586987615e-08	0.0005839783289225	-0.0001580350458519	2.497507571741214e-08	3.410306886511156e-07	-0.0003325376177166	-5.676119867999781e-07	3.221833675590185e-13	1.1058126719663158e-07	0.0	0.0	0.0	0.0	0.0	0.0	0.0	0.0	0.0	0.0	0.0	0.0	0.0	0.0	0.0	0.0	0.0	0.0	0.0	0.0	0.0	0.0	0.0	0.0	0.0	0.0	0.0	0.0	0.0	0.0	0.0
975.7539457609064	-1.0503681764027988	1.103273305999741	952095.7626679778	1230.8473648443455	0.7957675592685973	0.6332460083843006	1514985.2355442694	900.3873705725453	-1.292857126576337	1.671479549739222	810697.4170865419	931.1036783047738	899.0878418491482	1.569697	24.932447	0.119830134117795	0.0820747632064665	0.0595436737	0.1741807832	0.1363073081	-0.0165741601	0.1825940458	-0.0380518751	0.0107540997	-0.0606757285	-0.1309277879	-0.1363296363	-0.0445887975	-0.0939688295	-0.0654032537	-0.1528000732	0.0018593739	-0.0387024398	0.0548675507	0.077680514	0.1400464981	0.1370042714	-0.040514032	0.0676633195	-0.1292443103	0.1243236581	-0.1215638311	0.021037026	0.0602957819	0.0703220871	-0.038877395	0.0492752846	-0.1025077586	-0.1114128676	0.0427712362	0.1046150954	0.073234143	0.0301752251	-0.002176827	-0.1314613035	0.0183424108	-0.0121250801	0.0226837489	-0.0390711593	0.0230520637	0.0253480073	-0.0021994314	0.0460467942	0.1044918073	-0.0880332243	0.0139022948	0.1554519153	-0.101904982	0.1406975907	0.0174210673	0.0632249981	0.0559713611	0.017182236	0.0492470774	0.0439039016	-0.0704719839	0.1001170408	0.076801944	-0.0970173317	0.0157026186	-0.0376178503	0.0647567652	0.0668317703	-0.0917249662	-0.1422607297	-0.079804928	0.002795901	-0.0745996298	-0.0605497556	-0.05201275	0.1971601628	0.0526599193	0.0046086496	-0.0816601353	-0.0465674998	0.1463894605	0.0514997352	-0.0611343225	0.0629992225	0.0099936606	-0.0353080724	0.0086304421	-0.0715941854	0.0178009906	0.0979691401	0.0442217887	-0.0688893378	-0.0555787436	0.1282045865	-0.0383111270504201	-0.0002282273976845	5.2087745053883674e-08	0.0014677424558734	-0.0254191500878988	-0.0741644102976408	0.0055003597547968	0.0006461331911911	0.1387237889725412	-0.0060775452167546	0.0192442896268981	3.6936555861697776e-05	0.0006401430457062	0.0005100457453216	4.097831189660101e-07	2.601466623206664e-07	0.00086089363479	0.0002769153058675	7.668208662369109e-08	7.41137850421938e-07	-0.0003327755906418	-2.379729252000311e-07	5.6631113128259603e-14	1.1073959372699885e-07	0.0	0.0	0.0	0.0	0.0	0.0	0.0	0.0	0.0	0.0	0.0	0.0	0.0	0.0	0.0	0.0	0.0	0.0	0.0	0.0	0.0	1.0	0.0	0.0	0.0	0.0	0.0	0.0	0.0	0.0	0.0
977.293756800078	1.5398110391715818	2.3710180363546667	955103.08708041	1226.7078242108105	-4.139540633535034	17.135796656687635	1504812.0859800207	900.6079858170506	0.2206152445053248	0.0486710861081442	811094.7441174447	931.1524793337588	910.2230645346214	1.547514	24.580095	0.1287290170984908	0.1009733203646186	0.0381634933	-0.0748526607	-0.0941719844	-0.1071020691	-0.092091677	-0.1181809078	-0.1043305222	-0.0292328477	0.06961597	-0.0307114978	0.01400169	-0.0364070036	0.1225959104	0.0958566434	-0.0098151446	-0.0647660234	-0.0645590247	-0.0739865052	0.0209561999	0.01182903	0.0239977365	-0.1529970467	0.0761860449	-0.0395426133	-0.0845579281	-0.1928769516	-0.0563778863	0.0202913508	-0.0428351647	-0.0178034431	-0.017956674	0.0725118794	-0.0267435441	-0.0083836099	0.045557949	-0.1729124838	-0.0005064761	0.0506392167	0.1738187617	0.1616922165	0.0839152355	-0.007507315	0.1392583351	0.0019421123	0.0964387454	-0.08665703	-0.0407279848	-0.0603319973	-0.04647752	-0.1128216716	-0.110359045	-0.0898184785	-0.048935938	0.075939428	0.0559797623	-0.0205108785	0.0644861975	0.0320093709	-0.1853476769	-0.0434377762	-0.0137142162	-0.1375322943	-0.0380088055	0.027850225	-0.034935868	0.0646547517	-0.0476970713	-0.0754026353	0.1400345351	0.0263302418	0.0550549638	-0.0992249518	0.1444960235	-0.0948219832	-0.0620590443	-0.0833044424	-0.0522892446	-0.0075640078	0.1074530945	-0.0658043685	0.0195931979	0.0485134624	0.1617546853	-0.0779393459	-0.04671367	-0.0011398636	0.0526056584	0.0209522929	0.006797686	-0.0717238087	-0.0494042187	0.1266188352	-0.0430219128302695	-0.0047107857798494	2.2191502663631345e-05	0.0018508849835753	0.0742364862686884	0.0996556363565872	0.0099312458576363	0.0055110558935211	0.1388572563222254	0.0001334673496841	0.0192813376333362	1.7813533431723584e-08	0.0007488006094028	0.0001086575636965	5.607023526420046e-07	1.1806466148480685e-08	0.0009097533121185	4.885967732849998e-05	2.3872680686451353e-09	8.276510889105809e-07	-0.0006598409018641	-0.0003270653112222	1.0697171780493996e-07	4.353900157728288e-07	0.0	0.0	0.0	0.0	0.0	0.0	0.0	0.0	0.0	0.0	0.0	0.0	0.0	0.0	0.0	0.0	0.0	0.0	0.0	0.0	0.0	0.0	1.0	0.0	0.0	0.0	0.0	0.0	0.0	0.0	0.0
979.5021607000352	2.2084038999572613	4.877047785346441	959424.4828160376	1229.3447643993347	2.6369401885242496	6.953453557854305	1511288.549756056	901.6443278838984	1.0363420668478511	1.074004879518476	812962.494005207	930.884764484479	913.3866095986295	1.376019	21.856133	0.0986017820346359	0.063008493942516	-0.0167495052	0.1035806289	-0.0692390644	0.0226195937	0.1226917928	-0.1054665473	0.0120408411	0.0446339393	0.0599442428	-0.1490143093	-0.0338763934	-0.0192159758	-0.0147915806	0.0421009532	-0.0143395458	0.068744857	0.0950790816	0.1267747341	0.0777546533	0.0088520965	-0.0709985464	0.0336420909	-0.1396440491	0.0403738384	-0.0874207728	-0.0206477429	0.1479326714	-0.0181627991	-0.0287500829	0.0464391506	0.0205365678	0.0170067974	-0.0080077271	0.0307293368	-0.032360179	-0.0247273812	0.0786929869	-0.028939267	0.1560249151	-0.0516170571	-0.0936573788	-0.0488384669	0.1126463158	-0.0336768133	-0.1092664198	-0.0116859254	0.138725781	-0.0391022833	-0.0634590223	0.0397318929	-0.0929310616	0.1740337705	-0.0122353641	0.0886658561	-0.0261034992	-0.0224160648	0.0080171878	-0.0945366288	0.0583605236	-0.084287973	-0.0155711025	-0.0947169843	0.0204969284	0.0393118387	-0.098954181	0.101889252	-0.0551411755	-0.0751451578	-0.0389598014	0.0866836414	-0.0339756819	-0.1069790268	0.0588526085	0.1244972527	0.0953523095	-0.0056078421	0.0155730961	-0.1345045981	0.1206780224	0.029428661	-0.0115187123	0.0772128416	0.1295665527	-0.0261448734	0.021053065	-0.0341994167	-0.1107946531	0.0621896308	-0.0177984912	-0.0745091236	-0.0430942802	0.1242524367	-0.0382105316907654	0.004811381139504	2.3149388469575763e-05	0.0014600447320909	0.0152841159436292	-0.0589523703250591	0.0034753819669429	0.0002336042001783	0.1212027017535177	-0.0176545545687076	0.0146900949123521	0.0003116832970194	0.0007489455929997	1.449835968999908e-07	5.609195012736723e-07	2.1020243370059023e-14	0.0011161999914772	0.0002064466793587	4.2620231418233904e-08	1.2459024209737015e-06	-0.0007969187589358	-0.0001370778570717	1.8790338899369432e-08	6.350795083437758e-07	0.0	0.0	0.0	0.0	0.0	0.0	0.0	0.0	0.0	0.0	0.0	0.0	0.0	0.0	0.0	0.0	0.0	0.0	0.0	0.0	0.0	0.0	0.0	0.0	0.0	0.0	0.0	0.0	0.0	0.0	0.0
979.2953947879952	-0.2067659120400549	0.0427521423817557	959019.4702529754	1224.7954269037014	-4.549337495633381	20.6964716491758	1500123.83776422	901.4640900544606	-0.1802378294378286	0.0324856751604598	812637.5056577167	931.741172920132	923.2728632418213	1.363562	21.658268	0.0722940776543324	0.0374566456645901	-0.0304119017	-0.0831678397	-0.0481650181	-0.1192012516	0.0168413764	-0.0228238727	-0.1135287978	0.0234262764	0.0386968079	-0.1016460852	0.0396018811	-0.1239036007	0.0259932577	-0.0302957772	0.0771064345	-0.0916368215	-0.1151986055	-0.0193989786	-0.0143042118	-0.0049557015	-0.0228066362	0.0240221339	-0.0787792595	-0.1886476583	0.0284743292	-0.1365039915	0.1128537006	0.101117931	-0.1166622137	0.0834339062	0.0396096814	-0.0376025731	-0.0164459235	-0.0693967476	-0.0832992131	-0.0758297141	-0.0536136283	-0.1166892042	0.0110134693	0.0245884594	-0.0008200275	0.1330100371	0.1604837103	0.0268029934	0.08291484	-0.1359653193	-0.0744024426	0.0083104746	0.0002864908	0.0225128435	-0.0352794714	0.0413532603	-0.1896633047	0.090015431	-0.0846288385	-0.1307421158	-0.0649820656	0.0864853155	-0.0803977711	-0.0449211474	0.0195468374	-0.0456630862	0.0190613969	0.0201480093	-0.0123894273	0.0853503378	-0.0280139613	-0.0230532234	0.0639702326	0.0671181423	-0.0951177143	-0.1486085101	0.0170867723	-0.1132654763	-0.004500488	-0.0698301604	-0.1338098345	-0.0518606767	0.0562947565	0.0716104342	0.0300914945	-0.0019559477	0.1089175769	0.0269463161	-0.0182825672	-0.077119087	0.0142786357	0.1454259965	-0.0803915259	-0.0772433738	-0.0366662233	0.1211199807	-0.0488252565023543	-0.0106147248115889	0.0001126723828257	0.0023839056725206	0.0452441472534985	0.0299600313098693	0.0008976034760883	0.0020470328606962	0.138842882369147	0.0176401806156292	0.0192773459845727	0.000311175972152	0.0007488867572113	-5.883578840001469e-08	5.608313751264566e-07	3.4616499966513018e-15	0.0012297658066982	0.000113565815221	1.2897194386810318e-08	1.5123239393240748e-06	-0.0006289605916003	0.0001679581673355	2.8209945974699826e-08	3.955914257861994e-07	0.0	0.0	0.0	0.0	0.0	0.0	0.0	0.0	0.0	0.0	0.0	0.0	0.0	0.0	0.0	0.0	0.0	0.0	0.0	0.0	0.0	0.0	0.0	0.0	0.0	0.0	0.0	0.0	0.0	0.0	0.0
979.213035497422	-0.0823592905732084	0.0067830527437221	958858.1688880754	1225.4181270444296	0.6227001407282842	0.3877554652630249	1501649.586089078	901.2902084287272	-0.1738816257334292	0.0302348197677003	812324.0398094985	932.1270488596448	921.1713005115702	1.22823	19.508713	0.1134998304641104	0.0489599769641064	-0.0160865673	-0.0221777861	-0.0479666874	0.1440618175	0.0039350316	-0.0144111458	0.0397812397	0.0397900854	0.0469079532	0.0443393246	0.0477630366	0.0101160495	-0.1327168265	-0.0262603021	0.0676299221	0.0030755104	0.0294563422	0.1318932579	-0.0658426679	-0.029460258	-0.1563752107	0.0468820685	-0.1072002845	-0.0663717724	-0.0271834317	-0.151112751	0.0479707128	0.0480151783	0.015767622	0.08463146	0.0908574732	0.0176459196	-0.0268203049	-0.2582137078	0.0531126923	0.0109714153	-0.0091566239	0.1438663385	-0.0683858746	0.0104038648	0.1321465661	0.0191446462	0.073004621	0.024110619	-0.0794429594	-0.0179669989	0.0632467831	0.1388599225	0.0419021183	-0.0132352972	0.0112446937	0.170392895	-0.077671621	-0.0495988584	-0.0872959215	-0.0884922116	-0.0166049648	0.0633923028	-0.0205507197	-0.1240842633	-0.0217754973	0.0681474539	0.0576909179	0.0602275068	0.0684083351	0.0242715525	-0.0437034866	-0.01390826	0.0447156142	0.2115246517	-0.0965703826	-0.0578453638	0.062129347	0.0560594975	0.0934236923	0.0368552555	0.1150961089	-0.1255716586	0.0019088207	0.0447063662	-0.0104840205	0.013218875	0.0102337452	0.0971266416	-0.076290252	0.0814699947	-0.0366161419	-0.0518831592	-0.0799571611	-0.0799246852	-0.0301376669	0.1172407796	-0.0400030698365299	0.0088221866658243	7.783097756664981e-05	0.0016002455963462	0.0494294792034253	0.0041853319499268	1.7517003531078108e-05	0.0024432734143218	0.1714780281025412	0.0326351457333942	0.0294047141219359	0.0010650527370398	0.0014097537495088	0.0006608669922975	1.9874056342541206e-06	4.3674518150834405e-07	0.0016288529194221	0.0003990871127238	1.592705235422988e-07	2.653161833109898e-06	-0.0009261498088782	-0.0002971892172779	8.832143086625085e-08	8.577534684851264e-07	0.0	0.0	0.0	0.0	0.0	0.0	0.0	0.0	0.0	0.0	0.0	0.0	0.0	0.0	0.0	0.0	0.0	0.0	0.0	0.0	0.0	0.0	0.0	0.0	0.0	0.0	0.0	0.0	0.0	0.0	0.0
978.01598467897	-1.1970508184519986	1.4329306619565996	956515.2662875752	1222.7690273377953	-2.649099706634388	7.0177292556904005	1495164.0942166178	900.6048360484269	-0.6853723803002367	0.4697352996784123	811089.070713814	930.8805368149132	921.371940488333	1.152556	18.306746	0.0969708231213418	0.0504291582520585	0.0096051249	-0.0727732086	0.0767329958	-0.057672344	0.0260920881	0.0523667491	-0.0776051065	-0.0093820718	-0.0232041936	0.0269479373	-0.0883465852	-0.0720143265	-0.0750043802	-0.0143345391	-0.0196407389	-0.1061680998	-0.0352654414	-0.0265748961	-0.0253870712	0.0512409188	-0.066215006	0.040538638	0.0789506797	-0.152143946	0.0068833868	-0.0235870592	0.0910805006	0.0724498858	-0.0721023607	-0.0703115303	-0.091012728	-0.0762978863	-0.0391863949	0.0551440581	0.1254143359	0.03671181	0.1039044154	-0.009550316	0.0583561918	-0.0390614271	0.0924292318	0.0210463826	-0.0756907283	-0.0024442352	0.1087358617	-0.0225220326	0.0202128238	0.0290854457	0.1392724745	0.0186010272	0.0013425104	-0.0211906966	-0.0435425422	0.0988585657	-0.005426523	-0.1422842707	-0.0556970902	-0.0104005518	-0.1072446168	-0.1221975278	0.0228936865	0.0462945473	-0.1260184994	-0.0237194521	0.0346192675	-0.0200603332	-0.0409153429	0.0381206882	0.1156187353	0.1635097567	-0.1139275845	-0.0248595393	-0.0468672523	-0.1292271351	0.0822811342	0.0129431818	-0.0477521073	0.0360183428	0.0186862805	0.0815189119	0.0270259527	-0.0794328173	-0.0060766377	0.0779248758	-0.0982991395	0.0539555811	-0.0318594818	-0.0643482298	0.0312129172	-0.0825512202	-0.0235265052	0.1126387502	-0.0464576129114959	-0.0064545430749659	4.166112630659153e-05	0.0021583097974343	0.0842570300168858	0.0348275508134604	0.0012129582956641	0.0070992471072663	0.1931640919497965	0.0216860638472553	0.0373123664187894	0.0004702853651872	0.0011890411090009	-0.0002207126405079	1.41381875889409e-06	4.871406967996952e-08	0.0011859565285361	-0.0004428963908859	1.9615721305984442e-07	1.4064928875773975e-06	-0.0009097055325589	1.6444276319300022e-05	2.704142236654915e-10	8.275641559682719e-07	0.0	0.0	0.0	0.0	0.0	0.0	0.0	0.0	0.0	0.0	0.0	0.0	0.0	0.0	0.0	0.0	0.0	0.0	0.0	0.0	0.0	0.0	0.0	0.0	0.0	0.0	0.0	0.0	0.0	0.0	0.0
978.2144296548825	0.19844497591248	0.0393804084649047	956903.470385027	1227.726561879724	4.9575345419286805	24.577148734416014	1507312.5107450075	901.024649972243	0.4198139238160365	0.1762437306298169	811845.4198576029	931.7655666606208	917.4830446725568	1.172503	18.623562	0.0787384322674892	0.0458898414163131	0.0311989315	-0.0525225472	-0.0685776393	0.1599170546	0.0054070198	0.0663095526	0.0530809821	0.0025422175	-0.0182933081	0.0530664815	0.0559713121	0.0194238191	-0.064836914	0.06706058	-0.0292291284	-0.0174257272	0.1509658262	0.013756587	-0.0414420357	-0.0311110192	-0.0357380421	-0.0837638125	-0.1177762681	0.0281711218	-0.0057010329	0.1329571083	0.0497629359	-0.0077489297	0.0613748431	-0.0342014806	0.0856776027	-0.0451538343	0.0248816895	-0.1132694881	0.1009121993	0.0143455268	-0.053932978	-0.2037423849	-0.0474530574	-0.1316521873	0.0737765328	0.1004277238	-0.0455308906	-0.0156583958	-0.0253759696	0.1277553145	0.052252082	0.0598441087	0.0224996156	-0.0759545424	-0.0611328017	0.072207511	-0.0170187834	-0.0339147876	0.0510720595	-0.05977269	-0.0642250076	-0.0422239559	0.0809906671	-0.0254482001	0.0013279109	0.0126564318	-0.0864420335	-0.0137865927	-0.0154782742	-0.031682429	0.0245939655	-0.0361997569	-0.0298198187	0.1969993431	-0.1132232965	-0.0563034897	0.0167002404	-0.0393104388	0.1030631105	0.0611483527	0.1769558083	-0.0461808938	-0.0323168178	0.0052038823	0.0618143125	-0.0281731231	-0.054172727	0.1284779697	-0.0885489821	0.0892001268	0.0164288407	-0.1191334667	-0.0148798412	-0.0851211787	-0.016850859	0.1073422654	-0.0575599952835261	-0.0111023823720302	0.0001232628943347	0.0033131530570395	0.0425056475422138	-0.0417513824746719	0.0017431779385463	0.0018067300729829	0.1933110553516286	0.000146963401832	0.0373691641211604	2.159824147806192e-08	0.0013760597572203	0.0001870186482193	1.8935404554411907e-06	3.497597478181168e-08	0.0014019513627634	0.0002159948342273	4.6653768412878826e-08	1.9654676235541544e-06	-0.0007979649346265	0.0001117405979324	1.248596122629028e-08	6.367480368934743e-07	0.0	0.0	0.0	0.0	0.0	0.0	0.0	0.0	0.0	0.0	0.0	0.0	0.0	0.0	0.0	0.0	0.0	0.0	0.0	0.0	0.0	0.0	0.0	0.0	0.0	0.0	0.0	0.0	0.0	0.0	0.0
977.5503182625052	-0.6641113923772082	0.4410439414851941	955604.6247351252	1228.838801190136	1.1122393104121784	1.2370762836261582	1510044.7993104109	900.0137628579041	-1.010887114338857	1.0218927579363413	810024.7733336437	931.086330012044	916.8504509046844	1.223295	19.430326	0.1142920318250116	0.062019593666521	0.0512058199	0.008808161	0.1088476445	-0.0486021749	0.0805440368	0.0980709088	0.0236968283	-0.0039141367	-0.0746110884	-0.0539437416	-0.0890639944	-0.0208668127	-0.1009378234	-0.0201197952	-0.0140397965	-0.1576231015	0.0236022019	0.023165815	0.0134927406	0.0721622375	0.0257720608	0.0478302912	-0.0464187176	0.0081835387	0.0660389706	0.0562965118	0.1036959786	0.0854967572	0.0149570969	-0.0417878047	0.0774991404	-0.0168716824	0.0836197183	-0.1039146891	0.0693490472	0.0958785606	-0.0585378892	0.0818539735	-0.0500013742	-0.1189060775	-0.0367608473	0.044065733	-0.1913676545	0.0077389872	0.12978691	0.0337094683	0.0695682627	0.0604160751	0.0829280825	0.1093221081	-0.0308852476	0.0094996239	0.0003267592	0.0366940346	-0.0538373904	-0.0642579306	-0.1033980718	0.0129449274	0.0236485508	0.0747585704	-0.0276018997	0.100130476	-0.0109528872	-0.011370637	0.0577208638	-0.0783900495	-0.0526471701	0.0191325314	0.015260952	0.2043598157	-0.1149504787	0.1033565231	-0.1194200534	-0.1549066218	0.0855709208	0.0666190446	-0.0006777302	0.1342471018	0.0356497275	0.1075585865	-0.0151307917	-0.0462126634	-0.0895928328	0.0762392412	-0.1011124187	0.0183389795	-0.0610555988	-0.0604083073	-0.0219530414	-0.0876327994	-0.0101290257	0.1013839798	-0.0441301326841312	0.0134298625993949	0.0001803612094386	0.001947468610719	0.0870179377798479	0.044512290237634	0.0019813439821993	0.0075721214954574	0.2292219360920313	0.0359108807404026	0.0525426959857792	0.0012895913555514	0.0011969683959597	-0.0001790913612605	1.4327333409263371e-06	3.207371567817471e-08	0.0011730248348447	-0.0002289265279187	5.2407355184911354e-08	1.3759872631624358e-06	-0.0007972028588542	7.620757722999645e-07	5.807594827265873e-13	6.355323981653095e-07	0.0	0.0	0.0	0.0	0.0	0.0	0.0	0.0	0.0	0.0	0.0	0.0	0.0	0.0	0.0	0.0	0.0	0.0	0.0	0.0	0.0	0.0	0.0	0.0	0.0	0.0	0.0	0.0	0.0	0.0	0.0
976.420905267584	-1.1294129949212677	1.2755737130970268	953397.7842435682	1225.5794176551385	-3.259383534997596	10.623581028213426	1502044.9089799083	900.2583902446066	0.2446273867025183	0.0598425583249034	810465.1692058104	931.5259080413784	911.3612662435162	1.209012	19.203461	0.104645593520436	0.0528510883111608	0.0601560778	-0.0466239327	-0.0454776294	0.0575072096	-0.1197959543	0.0141476153	0.1346257273	-0.0151851663	-0.0012219043	0.0733406707	0.1760731346	0.1610621905	-0.0088716383	0.1082172699	0.0065541416	-0.1049762706	0.0916482897	-0.0282456271	-0.1270961644	-0.0377502953	0.0663742868	-0.1068756049	-7.11295e-05	-0.062401866	0.0946473055	-0.0206405681	-0.0410642786	0.0574879229	-0.08817647	0.0651094653	-0.0305526304	-0.170394634	0.0260547248	0.121659031	0.0338250012	-0.008245142	-0.0205387456	-0.0544949612	0.0684483903	-0.0856283096	-0.0368129238	0.0231408873	0.0435911584	0.0095247485	0.0519677248	0.1179226502	-0.0225531299	0.1640323812	-0.064375945	-0.0926053779	-0.0768473791	-0.0898887315	-0.0485530262	-0.123605818	-0.0958327564	0.0668709607	-0.091330625	-0.0460655445	-0.0619249206	0.0362671197	0.0869348209	0.035081996	-0.0590187074	-0.0450957405	-0.0558096727	-0.1419711018	0.0850637439	-0.0061434471	-0.0080369784	0.1935612927	0.0445996361	0.0689192708	0.0403990835	-0.1416542316	-0.0038026268	0.1755908457	0.1083828186	0.1070646136	-0.0408802679	-0.1310462831	0.0117455614	0.0131201821	0.0250027548	0.0142149058	-0.1454060157	0.0086493302	-0.1025647065	-0.0463835744	0.0298404947	-0.090084361	-0.0033794295	0.0948006283	-0.0624528824257737	-0.0183227497416425	0.0003357231580948	0.0039003625232875	0.1134428841047139	0.026424946324866	0.000698277788272	0.0128692879539955	0.2475987412252038	0.0183768051331725	0.0613051366563054	0.0003377069669025	0.0006010610761365	-0.0005959073198232	3.612744172463674e-07	3.551055338188697e-07	0.001407259990249	0.0002342351554043	5.48661080272766e-08	1.980380680155616e-06	-0.0007969234876666	2.793711876000272e-07	7.804826046104957e-14	6.350870451946975e-07	0.0	0.0	0.0	0.0	0.0	0.0	0.0	0.0	0.0	0.0	0.0	0.0	0.0	0.0	0.0	0.0	0.0	0.0	0.0	0.0	0.0	0.0	0.0	0.0	0.0	0.0	0.0	0.0	0.0	0.0	0.0
975.875291431218	-0.5456138363659875	0.2976944584340105	952332.5844259646	1225.8934432859344	0.314025630795868	0.0986120967967427	1502814.7342914443	899.9133078547434	-0.3450823898632507	0.1190818557937325	809843.9616540661	930.5235251818752	890.9279946954176	1.330955	21.14036	0.0900170268872757	0.0809540419703601	0.074885004	0.1648835143	0.0394680542	-0.0519235868	-0.003572903	0.0142199846	0.0114183395	-0.0367472765	-0.0209518441	-0.0826511435	-0.0979037454	0.0542183153	-0.0588448361	-0.0050469505	-0.0762819096	-0.1316088749	0.0971772241	0.0918910282	0.0588940723	0.0518399532	-0.0577919481	-0.0401162221	-4.31307e-05	0.1052673453	-0.0467502921	0.0248999569	-0.0075237193	0.112601993	-0.0534735126	0.105017893	0.0413101728	-0.012312559	-0.0246961985	0.1351444671	-0.0754904303	0.0815492296	0.0003638116	0.03982618	-0.0262388549	0.1060848581	0.0686833608	-0.0370076315	-0.0654103322	-0.0237429153	0.0884836848	0.0459915005	0.1844133915	-0.0102022074	0.0163581377	-0.010121301	-0.102745901	0.0406969191	0.0443957859	0.0188040632	-0.031640344	0.1043900158	-0.1139318261	0.0865782129	-0.042350023	0.0403793262	-0.0032922962	-0.0568361952	0.0574835026	0.003887484	-0.0407442624	-0.0656219997	-0.0937953093	-0.0073729376	-0.0321354916	0.1434364791	-0.1349732754	0.103578325	-0.0753313721	0.0114148717	0.0538161351	0.0852035446	-0.0485524894	-0.0556241729	0.0429086551	-0.0754268302	-0.0210190527	0.034978476	-0.0361821383	-0.024999461	-0.0850635539	0.1441381402	0.0599973668	-0.0447232442	0.1330323284	-0.0924741833	0.0033794295	0.0876327994	-0.0631727991675461	-0.0007199167417724	5.182801150841906e-07	0.0039908025546631	0.0328125770621738	-0.0806303070425401	0.0065012464137742	0.001076665213461	0.2459370684565556	-0.0016616727686482	0.0604850416410045	2.7611563900669862e-06	0.000601116705217	5.562908050003868e-08	3.6134129329094164e-07	3.0945945972797828e-15	0.0015472646271939	0.0001400046369448	1.9601298366073207e-08	2.394027826565478e-06	-0.0007969658283275	-4.234066089999888e-08	1.7927315654486938e-15	6.351545315217382e-07	0.0	0.0	0.0	0.0	0.0	0.0	0.0	0.0	0.0	0.0	0.0	0.0	0.0	0.0	0.0	0.0	0.0	0.0	0.0	0.0	0.0	0.0	0.0	0.0	0.0	0.0	0.0	0.0	0.0	0.0	0.0
978.210093156404	2.3348017251860256	5.451299095931641	956894.9863530606	1227.5733713289587	1.679928043024347	2.8221582297396126	1506936.3819959457	901.7564944192088	1.8431865644654408	3.3973367114259148	813164.7752272206	930.9805538052206	905.366331744544	1.319416	20.957079	0.1459138037729901	0.1010901629755815	0.0498892261	-0.0144474196	-0.0605479834	-0.0653269472	0.0601345516	-0.0388318205	0.1024273304	0.0328304407	-0.0220982515	-0.0552309375	0.1377906778	0.0928835954	0.0335087395	0.0365069043	-0.0714304655	0.0009574535	0.0164812515	-0.1072288765	-0.1138208252	-0.0761893017	0.1121064342	-0.0606424782	-0.0046025369	0.1453662603	-0.0267218002	-0.0722933269	-0.0690473419	0.0385827285	-0.0679888839	-0.0128314368	-0.0246116344	-0.0537863268	-0.0707918368	0.0774229642	-0.0039127929	0.0983995793	0.0511778925	0.0634863606	-0.0940303786	-0.0716361493	0.0909477543	0.0003700381	0.1478043055	-0.0648000336	0.0233996605	0.0596257062	-0.084662406	0.0680768243	-0.1568900927	-0.0223545422	-0.1005235261	-0.0202771355	0.0891935151	-0.0027069627	0.0171040738	0.1138665099	-0.061156793	0.0229383194	-0.073380982	-0.0246058061	0.0066758911	0.1791589308	-0.0301304121	0.0262066653	0.0297695721	-0.0979412756	0.1514137958	-0.0262704232	0.0444307919	0.1918110759	0.0616642383	0.0093713451	-0.0715606519	-0.0212022907	-0.0615831224	0.1487728878	-0.0531236858	0.030249625	0.018842721	-0.0687689488	-0.0223965904	-0.0539133823	0.0548602882	-0.1970930747	-0.0460700338	0.0240411262	0.0235573665	0.0101738881	-0.0320297459	-0.0948006283	0.0101290257	0.0799246852	-0.0576911519875977	0.0054816471799484	3.004845580543628e-05	0.003328269017656	0.1291393080219762	0.0963267309598024	0.0092788390974021	0.0166769608763948	0.2457779868680063	-0.0001590815885492	0.0604068188288898	2.5306951815368136e-08	0.000505743581347	-9.537312387000004e-05	2.557765700736896e-07	9.09603275672237e-09	0.0011298906804224	-0.0004173739467714	1.7420101144361887e-07	1.276652949705394e-06	-0.0004307860180752	0.0003661798102523	1.3408765343641042e-07	1.8557659336908653e-07	0.0	0.0	0.0	0.0	0.0	0.0	0.0	0.0	0.0	0.0	0.0	0.0	0.0	0.0	0.0	0.0	0.0	0.0	0.0	0.0	0.0	0.0	0.0	0.0	0.0	0.0	0.0	0.0	0.0	0.0	0.0
980.541352762236	2.331259605831974	5.434771349783851	961461.3444767958	1230.536932162153	2.9635608331943786	8.78269281204376	1514221.1414150435	902.7537767718936	0.997282352684806	0.994572090976542	814964.381475918	932.6980928483664	904.0293626940852	1.3388	21.264963	0.2131862684308193	0.1378613252464071	-0.0027527374	0.1607451125	-0.0831013029	0.0784117015	0.0185586836	-0.0437653461	-0.0624844437	-0.0104936107	-0.0062965953	-0.1466297493	0.0125409672	0.0100092819	0.0997230359	-0.1276560507	-0.1047729116	0.0585494544	0.0515964747	0.0648271767	0.1204980895	-0.0289017569	0.0781099304	-0.0796865254	0.0031110921	-0.09223759	-0.0294984325	0.1358957773	-0.0119227935	-0.0145614451	-0.0819266053	-0.1510597614	-0.0809093877	0.1691392942	-0.226546586	0.030163703	-0.1127207089	0.0044547985	-0.0511488282	0.0626732374	-0.1560011775	0.0898251852	-0.0884029306	0.0485791686	0.1345224092	-0.0639388902	0.0078736696	0.0340276586	0.1109035993	-0.1413664783	-0.1204821619	0.0371129766	0.0180965427	-0.0312162566	-0.0536684652	0.0034618654	0.2053310323	-0.0064161264	-0.0957364241	0.0433713772	-0.0431157238	-0.0492404174	0.0062996289	0.0448946287	-0.0365882258	-0.1287123235	-0.0954617413	0.0088066668	-0.0964674461	-0.0113061835	-0.0694463078	0.1513784075	0.0555353875	-0.0183268411	0.0053917375	-0.0241507839	0.1552938533	-0.0523882444	-0.0892603248	-0.0891565593	-0.1371719219	-0.022361403	0.1232898465	-0.1337407346	0.0333672967	0.0021487787	0.0543082836	0.1337530333	0.093384874	-0.1262257579	0.0212098222	-0.0970621018	0.016850859	0.0717238087	-0.0462906775678533	0.0114004744197444	0.0001299708169952	0.0021428268296909	0.0011680442978274	-0.1279712637241488	0.0163766443391556	1.3643274816871037e-06	0.2094170893735452	-0.0363608974944611	0.0438555173216874	0.0013221148666027	0.0008349291381672	0.0003291855568202	6.971066657606233e-07	1.0836313081902516e-07	0.0010761676946933	-5.3722985729100095e-05	2.886159195649092e-09	1.1581369071014916e-06	-0.0007969501313752	-0.0003661641133	1.3407615786877528e-07	6.351295118989486e-07	0.0	0.0	0.0	0.0	0.0	0.0	0.0	0.0	0.0	0.0	0.0	0.0	0.0	0.0	0.0	0.0	0.0	0.0	0.0	0.0	0.0	0.0	0.0	0.0	0.0	0.0	0.0	0.0	0.0	0.0	0.0
981.7461978727696	1.204845110533597	1.4516517403767155	963825.5970376392	1226.3147364670667	-4.222195695086384	17.826936487605995	1503847.8328762914	902.9421068246928	0.1883300527991878	0.0354682087873448	815304.448277015	931.246840653036	914.3152153674774	1.380231	21.92304	0.1660281941864625	0.1136804159520864	-0.0424089089	0.0249589131	-0.2366982114	-0.1190103867	0.1110917667	0.049983874	0.0413124598	0.1381325138	0.0526760752	-0.1652585229	-0.1098770507	0.1298003065	-0.0800593697	0.0057622667	-0.104007769	0.0171906466	-0.1625445096	0.1035750677	-0.092263044	-0.0922435918	-0.0504589902	-0.0720274449	-0.0675905368	0.01302103	-0.0551587782	0.1129033104	0.0541589866	-0.0299567805	-0.1617039528	0.0008395494	-0.1435003376	0.1044868751	-0.0642771486	-0.0102171036	-0.1612852723	-0.0815868579	0.1237608542	0.0210366017	0.1101224467	-0.1532193638	-0.107569177	0.0204066665	-0.0870086751	-0.1052863237	0.0105614729	-0.189622962	0.0319025535	0.0723386567	-0.0740910789	0.0352292013	-0.0118120585	0.1295409056	0.0365464913	-0.037825678	0.0638528884	-0.0035444881	-0.1497233844	-0.2094111173	-0.0817817797	-0.1369791529	0.0053305862	0.047512568	-0.0391096265	0.037822454	-0.2359718284	-0.0095244437	-0.0795434796	0.07649698	0.1146777793	0.1845060344	0.0584706678	0.0105185025	-0.0502566994	0.0159165345	-0.2220804742	-0.0171598027	-0.0035211971	-0.2437854163	-0.0201787036	0.118398263	-0.0634098785	-0.0203077955	0.0227524501	0.0063870012	-0.0737191084	0.1018590509	0.0465927626	-0.0518806598	-0.065540228	-0.0992570537	0.0235265052	0.063080731	-0.0510972285034512	-0.0048065509355978	2.3102931896497025e-05	0.0026109267607339	0.1097006019553532	0.1085325576575258	0.0117793160716841	0.0120342220693668	0.233918202609189	0.0245011132356438	0.0547177255119136	0.0006003045497858	0.0007187530368498	-0.0001161761013173	5.1660592798081e-07	1.3496886517310781e-08	0.0007592614221345	-0.0003169062725587	1.0042958558711237e-07	5.764779071417034e-07	-0.0006662730580975	0.0001306770732777	1.7076497480425385e-08	4.439197879465946e-07	0.0	0.0	0.0	0.0	0.0	0.0	0.0	0.0	0.0	0.0	0.0	0.0	0.0	0.0	0.0	0.0	0.0	0.0	0.0	0.0	0.0	0.0	0.0	0.0	0.0	0.0	0.0	0.0	0.0	0.0	0.0
983.4714009500324	1.7252030772627904	2.976325657797002	967215.9964866192	1228.2174250905107	1.9026886234439644	3.620223997783088	1508518.043295964	904.6100702562768	1.6679634315839849	2.7821020091014224	818319.379209066	933.7635942158856	916.4770779633016	1.647608	26.169949	0.2379171319694995	0.1235165663197466	-0.0551504281	0.0613247393	0.0446254102	0.0034233171	-0.0079466082	-0.235021756	0.0819945888	0.081837805	0.0538261806	-0.0356956026	0.13524401	-0.1723722921	0.1368793487	-0.0629965182	0.0686925012	0.2337276415	-0.0789353896	0.042725208	-0.0719597716	0.1222160715	0.2531749447	0.0327689769	-0.1306895193	0.0132969997	0.0301337594	0.0094738566	0.0095338324	0.0298559351	-0.0801238569	0.015197812	0.1694277103	-0.0322037396	0.1250949677	0.1853825566	0.2667353756	0.0729289587	0.0573275708	-0.0852120033	0.0843502666	-0.1057064586	-0.0154984774	-0.0776764789	-0.002034585	-0.0032864172	-0.2219254684	-0.0656236069	-0.1083763947	-0.0446487109	-0.1683475829	0.224261753	-0.0840103676	-0.1106236773	-0.08572658	-0.0325044582	-0.1513860846	0.0362490463	-0.0253797929	-0.0441467491	0.0198051473	0.1027246722	-0.1311007141	-0.067273849	0.2332875923	-0.083291081	-0.0536074903	0.0158981464	0.0119717461	0.0261690221	-0.1542306869	-0.1887923799	0.3097910583	0.0209297682	-0.0721234404	-0.0268201473	0.1304125704	0.20161366	-0.1733059564	-0.1762991839	-0.1341511807	0.2086047269	-0.031102307	0.1423418838	0.2823125581	-0.1946568346	-0.2274199431	0.1193581652	-0.1020087101	-0.2261076402	-0.205334294	-0.1013839798	0.0301376669	0.0540487397	-0.0543826370568609	-0.0032854085534097	1.0793909362817642e-05	0.0029574712132582	0.0195551026465921	-0.090145499308761	0.0081262110456258	0.0003824020395187	0.1844491397166052	-0.0494690628925837	0.0340214851421957	0.0024471881834704	-0.0009167522402449	-0.0016355052770947	8.404346699940428e-07	2.6748775114046114e-06	0.0006233643921553	-0.0001358970299791	1.846800275716757e-08	3.885831654071467e-07	-0.0007952139753185	-0.000128940917221	1.662576013379278e-08	6.323652665418519e-07	0.0	0.0	0.0	0.0	0.0	0.0	0.0	0.0	0.0	0.0	0.0	0.0	0.0	0.0	0.0	0.0	0.0	0.0	0.0	0.0	0.0	0.0	0.0	1.0	0.0	0.0	0.0	0.0	0.0	0.0	0.0
982.1932993309664	-1.2781016190659784	1.6335437486590754	964703.6772506492	1225.6214594647167	-2.5959656257939514	6.739037530303782	1502147.9619004223	902.8550561295506	-1.7550141267262234	3.0800745850086084	815147.2523786939	933.993453478354	917.5207113791836	1.466404	23.291769	0.1198512328481145	0.07048241702698	-0.0467565786	0.0618266897	-0.1255570256	-0.011673489	-0.0868741508	0.1763219514	-0.0370079626	0.1103493581	0.0052082886	-0.0538005047	0.0408158439	0.0647531006	0.0686674291	0.052753758	-0.057567576	0.0011947011	-0.0505602203	0.1353040692	-0.1006832241	-0.1885242936	-0.0149807656	0.1018035987	-0.0598908837	-0.1620855605	0.1231457538	0.1698859816	-0.0716346654	-0.0140085672	-0.117089292	-0.0010279944	0.0274424821	0.0833768648	0.1692977768	0.0106238733	0.1749970973	-0.051087694	0.1818645206	-0.1282425482	-0.0481062717	0.0064937578	-0.1765657815	-0.0613196481	-0.0622972165	-0.0624988113	0.0453406476	-0.0536814922	-0.0012904258	0.1041454986	-0.0747458332	0.0166118892	0.2345701597	0.0222157697	-0.1748253625	-0.0865035762	0.0139177169	0.0683974113	-0.1064677381	-0.1156168845	0.0031519714	0.0538300065	-0.1025670481	0.02834803	0.2003877457	0.0956016429	0.054519941	-0.0645683573	-0.0360349709	0.1283579372	-0.0886794168	-0.1040194772	0.0621021451	0.1468956128	-0.1406721276	-0.1841641167	0.0434206373	-0.1109389097	0.016708745	-0.1317031658	-0.2447277842	0.112087424	0.0668360318	0.2220613182	0.0389349691	-0.0750026392	0.1659214	-0.0529470217	-0.0394588511	0.0836357801	0.0936236897	-0.1034414224	0.0366662233	0.0446835199	-0.0427221247181677	0.0116605123386932	0.0001359675480008	0.0018251799404346	0.0383817485988515	0.0188266459522594	0.0003544425978117	0.0014731586255054	0.2449598554579921	0.0605107157413868	0.0600053307860003	0.0036615467195349	-0.0009530378607445	-3.62856204996e-05	9.08281164012453e-07	1.3166462550409911e-09	0.0011638776872262	0.0005405132950709	2.921546221484018e-07	1.3546112708230085e-06	-0.0007949457145735	2.682607450000185e-07	7.196382730796495e-14	6.319386891187725e-07	0.0	0.0	0.0	0.0	0.0	0.0	0.0	0.0	0.0	0.0	0.0	0.0	0.0	0.0	0.0	0.0	0.0	0.0	0.0	0.0	0.0	0.0	0.0	0.0	0.0	0.0	0.0	0.0	0.0	0.0	0.0
978.9530942853662	-3.240205045600192	10.49892873753294	958349.160810893	1226.441415678195	0.8199562134782354	0.6723281920215656	1504158.5460907351	901.9985922025942	-0.8564639269563941	0.7335304581775675	813601.4603354618	932.6861420196152	919.8817684490956	1.372856	21.805895	0.1268009477370195	0.0859746098238438	-0.0022287037	-0.0276907108	0.0813635236	0.0272675442	-0.0328636958	0.0241482269	0.2289680907	0.0845088416	-0.001053378	0.0982750803	0.0409334056	0.0490150309	-0.052077426	-0.1476941146	0.0109980473	-0.0039378314	8.45604e-05	0.0167446954	-0.1534766672	0.1055164291	-0.0280525755	0.0080984358	-0.0841581457	0.0198760509	0.0523377274	0.0878366807	0.0326057469	-0.0335713069	-0.190631102	-0.1728527272	-0.0111779854	-0.012617459	0.0239861709	-0.1078480449	0.1101036969	-0.0416388065	0.0063042165	0.0514826718	0.1318743489	-0.0508993749	0.1010668127	0.062849065	-0.0196395162	-0.0195364517	-0.0702205935	0.0164153522	-0.0284097211	0.1404935113	0.0625694119	0.1019718656	-0.076620527	0.0321758323	-0.0157842959	-0.1230763964	-0.0305680496	-0.0510125944	-0.06350475	-0.0760687624	-0.112043721	0.0367384011	0.0044148754	0.1810851527	0.0601186083	-0.139721162	-0.0569329637	-0.0422162079	-0.007495934	0.0548066677	-0.0672710101	0.0548269268	-0.0376921379	0.0153888024	-0.0619472353	-0.0672616719	0.0686623927	0.1903166514	0.1349014368	0.0557650848	-0.0851332087	0.0636282567	-0.061931458	0.0319308459	0.034324375	0.006443607	0.014158159	-0.1773638368	0.0180937723	0.0278450682	0.037159924	-0.1054279714	0.0430942802	0.0350428114	-0.0483506083343172	-0.0056284836161495	3.1679827817263386e-05	0.0023377813262985	0.0395043242129133	0.0011225756140617	1.2601760092862164e-06	0.0015605916315189	0.2177624833821738	-0.0271973720758182	0.0474204991687715	0.0007396970478305	0.0004306511924144	0.0013836890531589	1.8546044952794458e-07	1.914595395831773e-06	0.0016358312019988	0.0004719535147726	2.227401201062108e-07	2.6759437214328387e-06	-0.0007963534752618	-1.4077606883000375e-06	1.981790155522996e-12	6.341788575615464e-07	0.0	0.0	0.0	0.0	0.0	0.0	0.0	0.0	0.0	0.0	0.0	0.0	0.0	0.0	0.0	0.0	0.0	0.0	0.0	0.0	0.0	0.0	0.0	0.0	0.0	0.0	0.0	0.0	0.0	0.0	0.0
977.41126351498	-1.541830770386241	2.3772421245098294	955332.7780459496	1220.3046244799607	-6.1367911982342775	37.6602062107257	1489143.376527178	900.6605584235607	-1.3380337790334806	1.7903343938346172	811189.4414998402	931.3427153054882	909.9037502593744	1.243649	19.753622	0.0958319629307642	0.0569624134120462	0.0234975457	0.0328127839	0.027966299	0.0467570207	-0.1629289462	0.098826254	-0.0953307828	-0.0063925465	-0.0437162139	0.0709144789	-0.024119513	0.0002953061	-0.0394343453	0.041777331	-0.0565010257	-0.1045381507	0.1030260995	0.0247038207	-0.0091031545	0.0178833667	-0.0398597314	-0.0395206586	0.0814853072	-0.0488096621	0.0472520283	0.067170771	-0.0947359805	0.1166331114	-0.002818845	-0.0301730496	0.1206863888	0.1524658006	-0.1037022214	0.0831238316	-0.0025000583	-0.1162546193	0.0116928437	-0.1442555827	-0.1836114555	0.0423199793	0.0652331401	-0.1203266451	0.0079544302	-0.0314191434	0.088061654	0.0811326732	0.1149923669	0.0209259452	0.0797321426	-0.0793816989	0.0578302564	-0.0382922159	-0.0936279917	0.0183092874	0.0546054237	0.0536160062	-0.0592932874	0.0938731149	-0.0877357646	0.0616938374	-0.0605105123	-0.0734415173	0.0418280514	-0.0637275609	-0.0225936444	-0.0442186585	-0.0059778756	0.0582132477	0.0322838982	0.0264763971	-0.0797316489	0.1185713713	-0.1038382597	-0.1314870923	0.1455237102	-0.060675243	0.0450402802	0.0060342085	-0.0741223657	-0.1237327518	0.0248777946	0.0380890476	-0.0508628589	-0.1024207054	-0.0669755414	-0.0932488899	0.0724953862	0.0436623905	0.0566358502	-0.1073422654	0.0494042187	0.0251860523	-0.0531859784081518	-0.0048353700738345	2.3380803750935192e-05	0.0028287482992323	0.094118119831279	0.0546137956183657	0.0029826666718446	0.0088582204805749	0.2282065630312928	0.010444079649119	0.0520782354105554	0.0001090787997171	0.0006571672648409	0.0002265160724265	4.3186881397846964e-07	5.1309531067527406e-08	0.0014601999141079	-0.0001756312878909	3.0846349286216204e-08	2.132183789160718e-06	-0.0009129804667333	-0.0001166269914714	1.360185513969332e-08	8.335333326365543e-07	0.0	0.0	0.0	0.0	0.0	0.0	0.0	0.0	0.0	0.0	0.0	0.0	0.0	0.0	0.0	0.0	0.0	0.0	0.0	0.0	0.0	0.0	0.0	0.0	0.0	0.0	0.0	0.0	0.0	0.0	0.0
978.6512648905168	1.240001375536849	1.5376034113332775	957758.2982718084	1226.869772810277	6.565148330316333	43.10117259905534	1505209.4394355407	901.2725282407896	0.6119698172288963	0.3745070571991687	812292.1701615449	931.6598628250416	910.795211266149	1.295406	20.575706	0.0975204146586659	0.0617040346698977	0.0209070324	-0.024297714	-0.0218836271	0.0202966694	0.0798233469	0.1140392895	0.1533480708	0.0505651026	-0.0997676466	0.0018675151	0.0096719764	0.0570420066	-0.0950164448	0.0598645538	-0.083652678	-0.0784145435	0.013276954	-0.0928412604	-0.068908067	-0.0303379379	-0.0141946532	0.0273697413	0.0170872306	0.1070722087	0.0185461085	0.0244677158	0.1650824422	0.0794844205	-0.0184754426	-0.0349759667	0.0059476412	0.0535657995	0.0058434631	-0.0990487823	-0.1125440213	-0.1208585045	-0.142291117	0.0015467709	-0.1406740525	-0.1665554715	0.1093096744	-0.0757370913	-0.1182057048	-0.0645781258	0.0659041709	0.0738622886	-0.03263898	0.0733170685	0.0200298378	0.0531627388	-0.0403588518	0.0648299406	0.1581203661	-0.0015104557	0.0114080552	-0.0951131319	-0.084863444	-0.0129071837	-0.028714012	0.0235255857	-0.0342713902	0.1551945871	-0.1375079853	0.031414585	-0.0806030329	-0.0855076741	0.1109810369	0.0455201229	-0.0214757488	0.0373595398	0.0384991254	0.0270895692	-0.0636861028	-0.0795190919	-0.0107781367	0.1262196401	0.0603374298	-0.0549151385	0.0637750086	0.0484793727	0.0244773058	-0.0241731535	-0.1664577775	-0.1291659789	-0.0680476933	-0.1545333983	-0.0450973162	0.1248785271	-0.0836935948	-0.1091829923	0.0555787436	0.0151740128	-0.063690449120159	-0.0105044707120072	0.0001103439049394	0.0040564733091275	0.1038902630580622	0.0097721432267832	9.54947832447648e-05	0.0107931867582733	0.2440204950594733	0.0158139320281804	0.0595460020090704	0.0002500804461919	-0.0003702157793607	-0.0010273830442016	1.3705972328765052e-07	1.0555159195129468e-06	0.0015836862297411	0.0001234863156332	1.5248870148662304e-08	2.5080620742715804e-06	-0.0009907084807324	-7.772801399909995e-05	6.041644160244277e-09	9.815032937951e-07	0.0	0.0	0.0	0.0	0.0	0.0	0.0	0.0	0.0	0.0	0.0	0.0	0.0	0.0	0.0	0.0	0.0	0.0	0.0	0.0	0.0	0.0	0.0	0.0	0.0	0.0	0.0	0.0	0.0	0.0	0.0
978.4499635531428	-0.2013013373740477	0.0405222284285802	957364.3311771464	1226.2078758177718	-0.6618969925052625	0.4381076286875114	1503585.754717532	901.4410210447192	0.1684928039295528	0.0283898249760427	812595.9144221458	932.1390785571538	905.9499580607328	1.217882	19.344355	0.1341700393252947	0.0709582885440029	0.0215838253	0.085260496	-0.0236712516	0.0781438087	-0.0832117483	0.0126662728	-0.0956103343	0.0040934194	-0.0720672633	-0.0501822874	0.0570344002	-0.1118897325	0.1233339871	0.1104153539	-0.0907444853	-0.0444819501	0.0317182816	-0.0285990564	0.1436741833	0.04401556	0.1327869354	-0.0785833236	-0.0156642973	0.0246162821	0.1057764934	-0.0795742751	-0.0144684058	0.0310528534	-0.0054075741	-0.0714224332	0.0738961731	0.1135840649	-0.1343171043	0.007866072	0.1083445896	0.0102007828	-0.0809512143	-0.0382312161	0.1420267986	0.028781298	0.1068154048	-0.0525415054	-0.0007230408	-0.0599620224	0.0952254406	0.1041378622	0.0306474879	-0.130108558	-0.0759045728	0.0120233103	-0.0137532283	-0.072520865	-0.0129751881	-0.0635242277	-0.0685917011	-0.0598473251	0.0274329437	0.1041501091	-0.0917961942	0.1238715235	-0.046908067	0.025704033	-0.0479098547	-0.0292504154	-0.0487700076	-0.0209626451	0.0177623457	0.0044670914	-0.0599684441	0.0950989968	0.1633321912	0.0521811412	-0.0388558249	-0.0947387556	0.1028933597	-0.0900634954	-0.0038040324	0.0748212529	0.0131139879	-0.063700918	0.1227673332	-0.1020182376	-0.0715699698	-0.046499906	0.0935950432	-0.0274295043	0.0078380683	-0.088568722	-0.0243197573	-0.1109488906	0.0616009311	0.0050684204	-0.0750812689672102	-0.0113908198470511	0.0001297507767879	0.0056371969497265	0.090474982408196	-0.0134152806498662	0.0001799697549146	0.0081857224417633	0.212157335405891	-0.0318631596535823	0.0450107349665277	0.0010152609431096	0.0005519687996474	0.0009221845790081	3.046695557841916e-07	8.504243977603466e-07	0.0010787647201409	-0.0005049215096001	2.549457308569448e-07	1.1637333214206745e-06	-0.0008677989858448	0.0001229094948875	1.5106743933524952e-08	7.530750798332634e-07	0.0	0.0	0.0	0.0	0.0	0.0	0.0	0.0	0.0	0.0	0.0	0.0	0.0	0.0	0.0	0.0	0.0	0.0	0.0	0.0	0.0	0.0	0.0	0.0	0.0	0.0	0.0	0.0	0.0	0.0	0.0
978.7824658744096	0.3325023212668156	0.1105577936478207	958015.1155031896	1226.1247747157647	-0.0831011020070491	0.0069057931547859	1503381.9631717848	901.980407461586	0.5393864168668188	0.2909377067004255	813568.6554445686	930.9723050559228	896.767175621543	1.279697	20.3262	0.0612357152245389	0.0331448286236167	0.0155056441	0.0595040245	-0.132243856	-0.0823174109	0.1324960573	-0.0246826992	0.0563916115	0.0722010417	0.0223709823	-0.0593143016	-0.0778614986	0.1500213839	0.0220955764	0.0937702557	-0.1628887401	-0.0127013694	-0.0838686392	-0.0157543086	-0.0533303936	-0.0405998643	-0.0875833368	-0.1345591099	0.0932219833	0.153175176	-0.088096101	0.1033044738	0.1365797226	0.0024444507	-0.078518024	0.0181392752	0.0801645663	-0.0138373844	-0.0294878548	0.070588881	-0.0972328805	-0.0481329191	0.1236156682	0.0531725875	-0.1842311049	0.0349421872	-0.180895908	0.1010456262	0.0054287413	-0.1115981917	0.060208448	-0.0702364299	-0.0003623077	0.0247121014	-0.0479364632	-0.0680285471	-0.0553123888	0.0120790178	0.2268152636	-0.0525208995	0.0631989729	-0.072906802	-0.0784369415	-0.1206707249	-0.0211736587	-0.0002705237	0.0571029155	-0.1033197602	0.1499054765	-0.0219007157	-0.0350154264	0.0120853744	-0.0664425647	0.0294075382	0.0148679052	0.0262097983	0.0746808743	0.0144474886	0.0140273447	-0.0145801437	-0.0808346171	0.0118670793	0.0838388577	-0.1241833012	0.1141486989	0.1125989102	0.0094328511	-0.0593219625	-0.0725745049	-0.0566677463	0.1035561717	-0.1589442707	0.1235028528	0.0115928751	0.102313339	-0.1126387502	0.0674542747	-0.0050684204	-0.0800361594305485	-0.0049548904633383	2.455093950368085e-05	0.0064057868163921	0.0696886575608886	-0.0207863248473074	0.0004320713006577	0.0048565089926387	0.2110920574420589	-0.0010652779638321	0.0445598567151214	1.134817140226267e-06	7.135607714717598e-05	-0.0004806127225002	5.091689745833729e-09	2.309885890290773e-07	0.0010789760025202	2.112823792998087e-07	4.4640243802588246e-14	1.1641892140144706e-06	-0.0006600385517231	0.0002077604341217	4.316439798643727e-08	4.356508897607274e-07	0.0	0.0	0.0	0.0	0.0	0.0	0.0	0.0	0.0	0.0	0.0	0.0	0.0	0.0	0.0	0.0	0.0	0.0	0.0	0.0	0.0	0.0	0.0	0.0	0.0	0.0	0.0	0.0	0.0	0.0	0.0
980.9576267426048	2.175160868195235	4.731324802527848	962277.8654644836	1229.424675918207	3.2999012024422427	10.88934794587976	1511485.033756588	903.2591593888784	1.2787519272924328	1.6352064915541114	815877.1090199032	932.6729603612948	912.528450775302	1.55103	24.635939	0.1254745211913892	0.0779136082421757	-0.0220843125	-0.0296208334	-0.0107937531	0.0206951674	0.0073508235	-0.2264525767	-0.1633760131	0.0438212068	0.1079121356	0.0042552324	0.015587451	-0.1108275354	0.1138921554	-0.0378483718	-0.0842647509	0.1153081204	0.0997855879	0.0065260535	0.0908256898	-0.0122383542	0.1111988916	0.013798387	0.2117784802	-0.1212556389	-0.2116317219	-0.0392677832	-0.0387336519	0.1196404131	-0.0823455138	-0.0191698316	0.0557565702	-0.0379147091	0.0970326017	0.0718636401	0.0233722887	-0.0504018826	-0.0278296611	0.0420635825	0.0233911762	0.0145939796	-0.0232864707	0.1389388918	-0.0315088512	-0.0722328541	-0.076733021	0.0363242354	0.0956167442	-0.109369401	-0.0627890163	-0.0833028211	0.0245598843	-0.1802379032	-0.0104771262	0.2467325714	0.0117725304	0.0077535593	-0.0775056658	-0.0247748608	-0.0625456411	-0.0602478491	-0.0865160385	0.0598899224	0.0620490727	-0.0438025754	-0.0370910804	-0.0186506691	0.0344899883	0.0964873944	0.1392895695	-0.0963810661	0.0456549698	0.0017925472	0.0401693602	-0.009022212	0.182938722	0.0207382964	-0.2510422489	-0.1640233287	-0.0439358148	-0.0488826525	-0.0002056581	-0.0668169194	0.0185973675	0.0618373947	0.1272488044	-0.1232931746	0.0053609725	-0.0829277332	0.1487076794	-0.1142514127	0.0731227308	-0.0151740128	-0.0812229562544644	-0.0011867968239159	1.4084867012568952e-06	0.0065971686227146	0.1137758397572525	0.0440871821963639	0.0019436796340153	0.012944941712468	0.2431021409432645	0.0320100835012056	0.0590986509311988	0.0010246454457541	-0.0008326128120672	-0.0009039688892143	6.932440948184505e-07	8.171597526674728e-07	0.0010798035291379	8.275266177000876e-07	6.84800303002147e-13	1.1659756615386637e-06	-0.0007190513092891	-5.901275756600005e-05	3.482505555543496e-09	5.17034785390369e-07	0.0	0.0	0.0	0.0	0.0	0.0	0.0	0.0	0.0	0.0	0.0	0.0	0.0	0.0	0.0	0.0	0.0	0.0	0.0	0.0	0.0	0.0	0.0	0.0	1.0	0.0	0.0	0.0	0.0	0.0	0.0
982.0210899892406	1.0634632466358198	1.1309540769451984	964365.4211836562	1223.4861177273883	-5.93855819081864	35.266473385739154	1496918.2802716368	903.3772627961092	0.1181034072308193	0.0139484147995287	816090.4789369906	932.544371037899	909.9195582279374	1.640099	26.050674	0.1354115257177079	0.0814791742924908	-0.0609810477	0.004876207	-0.1930369208	0.0057408904	0.1868435244	0.1468734682	-0.092143169	0.1138294629	-0.1507363487	-0.1284969007	0.1000071796	0.1080303765	0.006467725	0.1662255537	-0.170755948	0.0064462252	-0.0274418072	-0.1160298139	0.0593574566	-0.2411677526	0.0654202453	0.11159321	-0.1333111975	0.0283037194	-0.0411385971	0.0896653163	-0.0226890748	0.0186997365	0.0452178156	0.0239717209	0.0110875345	0.0859214894	0.0462270404	-0.1216235891	-0.1190910848	-0.0656158685	-0.0983897212	0.0217255469	0.0242912779	0.1016517554	-0.1046927755	0.2038944796	-0.0938435718	-0.1347462777	0.1083806161	0.0579260978	-0.1206261909	-0.0184716301	-0.1677127137	0.0284918238	0.133103822	0.1669567956	0.054685677	0.0416835087	0.070780677	0.0306566152	-0.0202970414	-0.0150197427	0.1003403262	-0.0421716522	-0.0283421104	0.0412768567	-0.0800231415	0.1076446214	-0.0573012883	-0.0270848403	0.1689103545	0.0026020285	-0.1051957123	0.0592602223	0.0444078635	0.0055145215	-0.0620174914	0.0612759607	-0.1848600594	-0.1330451275	0.0223482688	-0.1529985253	0.0208988815	0.0524191132	-0.0127140731	0.0118830234	0.0481309848	-0.1215288397	0.0902006188	-0.0258451779	-0.0859664756	-0.0937008167	-0.1015781469	-0.1157857731	0.0785907625	-0.0251860523	-0.0846059514432084	-0.0033829951887439	1.1444656447065e-05	0.0071581670196105	0.0702979608031171	-0.0434778789541354	0.0018903259583504	0.0049418032930765	0.227313819558816	-0.0157883213844484	0.0516715725624179	0.0002492710921386	0.0003030600929517	0.0011356729050189	9.184541993989305e-08	1.2897529471940675e-06	0.0010788426535979	-9.60875540000029e-07	9.232818033703473e-13	1.1639014712221585e-06	-0.0010376641325378	-0.0003186128232486	1.015141311385073e-07	1.0767468519554248e-06	0.0	0.0	0.0	0.0	0.0	0.0	0.0	0.0	0.0	0.0	0.0	0.0	0.0	0.0	0.0	0.0	0.0	0.0	0.0	0.0	0.0	0.0	0.0	0.0	0.0	1.0	0.0	0.0	0.0	0.0	0.0
983.084248573946	1.0631585847053202	1.1303061762326194	966454.6397942	1227.932685665968	4.446567938579619	19.77196643240421	1507818.6805268368	904.3175954225152	0.9403326264059616	0.8842254482835336	817790.3133907599	932.680795015052	911.2199558052698	1.653999	26.27146	0.1075796254909602	0.0756151095396535	-0.0947599481	0.1140877421	0.0686775056	-0.000587434	-0.0288940199	-0.2223165445	0.1057819412	0.0878221501	0.0005108258	-0.031013255	0.0241726021	-0.0318710035	0.1393310534	-0.2126054151	1.16647e-05	0.2019127717	-0.0812188856	0.0623383576	-0.0247384089	0.1434284193	0.1730528466	-0.0831313534	-0.0655819601	0.0255082341	-0.0017444664	-0.0621041685	-0.0764306864	0.1056283834	-0.0290317253	0.0823598009	0.0390389539	-0.1107101171	-0.0461892491	-0.0546007067	-0.128567911	-0.1037656113	-0.028027724	-0.0199538563	-0.0279683548	0.0899500675	-0.0624925443	0.0094515394	-0.1502004303	-0.058836846	-0.1779031995	-0.0789510797	-0.033520667	-0.0682336925	-0.0786749704	0.1207550541	-0.1308742066	-0.0998114621	-0.0673663132	-0.0790148132	0.0344693382	0.0853294238	-0.0198840807	-0.012301231	-0.0968417254	0.0127129461	0.0336990687	-0.1389597817	0.0585755783	0.0250008233	0.1026930808	0.0609771141	-0.1122852584	0.0370358527	-0.0813291267	0.0215284713	0.062642424	0.0116496038	0.1358874554	0.1138221475	-0.0078013187	0.1101019271	-0.0693508947	-0.028940616	-0.050290278	-0.0161490971	0.0071094982	-0.0848315894	0.2023328358	-0.0107754203	-0.0075559228	-0.0488383732	0.0513185582	0.036575542	0.057277618	-0.1172407796	0.0838433825	-0.0350428114	-0.0795751755202189	0.0050307759229895	2.530870638733091e-05	0.0063322085590736	0.003016029623609	-0.067281931179508	0.004526858263244	9.096434690487043e-06	0.1930477487063484	-0.0342660708524676	0.0372674332805894	0.0011741636116663	0.0002950535884872	-8.00650446450003e-06	8.705662007917395e-08	6.410411374005892e-11	0.0010788482914843	5.637886399921521e-09	3.1785763058420047e-17	1.1639136360385928e-06	-0.0010256593241688	1.2004808368999914e-05	1.441154239764104e-10	1.0519770492543997e-06	0.0	0.0	0.0	0.0	0.0	0.0	0.0	0.0	0.0	0.0	0.0	0.0	0.0	0.0	0.0	0.0	0.0	0.0	0.0	0.0	0.0	0.0	0.0	0.0	0.0	0.0	1.0	0.0	0.0	0.0	0.0
982.0933239756496	-0.990924598296374	0.98193155950883	964507.2969975402	1218.8425130456444	-9.090172620323528	82.63123826727953	1485577.071607422	902.4268730448488	-1.8907223776664068	3.574831109408511	814374.2611935036	932.9689660768952	925.3915913567846	1.465008	23.269598	0.1686029689111391	0.1066314673619237	-0.0937399669	0.0136214872	-0.0536947846	-0.051826286	-0.0818644316	0.1313572936	-0.0450449027	0.1359042778	0.0400149947	-0.0091169912	-0.0732861584	0.0709930212	-0.05758276	0.0129316255	-0.0294971806	-0.0286422218	-0.0426153301	0.1646863889	-0.0740782625	-0.0466390478	-0.1023453747	0.0533936296	-0.0792421334	-0.1253183579	-0.0275639723	0.0773516387	-0.1017940721	0.1615741817	0.0008632966	0.0654106425	0.0670672174	-0.0040963099	-0.0535893428	-0.0470582071	0.0423602558	0.0145875169	-0.1157580368	0.0810114894	0.0097717779	0.1518609709	-0.099250647	-0.0845920393	0.1455682969	-0.0745192353	0.0145934918	-0.098539305	0.0824724535	0.1147778284	0.0441348621	-0.0236035467	0.1075015276	0.075312118	-0.1772235697	0.0357298634	0.0116072394	0.1332251487	-0.1159196205	0.0293356846	0.0621129915	0.0431947871	-0.1124247529	0.012812939	0.0555282573	0.041420284	0.0145079818	0.0014734589	-0.0329920372	0.0999661763	0.0661466387	0.0337541576	-0.1625236364	0.0448803456	-0.1382683859	0.1229560536	-0.1310297007	-0.0941678256	-0.0283037042	-0.0769698809	-0.1344801939	-0.047573758	0.0150705635	0.1018492037	0.1219609759	0.0359411145	0.1270856195	-0.0222959027	-0.0438777757	0.0261233508	0.0211925741	-0.1186154352	0.0888661936	-0.0446835199	-0.0796674339397043	-9.22584194854026e-05	8.511615965944511e-09	0.0063469000305371	0.0949837561443871	0.0919677265207781	0.0084580627214006	0.0090219139312963	0.249792105923774	0.0567443572174256	0.0623960961818339	0.0032199220760188	0.0006710431474466	0.0003759895589594	4.502989057350394e-07	1.413681484464842e-07	0.0010786619740967	-1.8631738759981867e-07	3.4714168922021054e-14	1.16351165436219e-06	-0.0010058626654468	1.9796658722e-05	3.919076965553386e-10	1.0117597017397412e-06	0.0	0.0	0.0	0.0	0.0	0.0	0.0	0.0	0.0	0.0	0.0	0.0	0.0	0.0	0.0	0.0	0.0	0.0	0.0	0.0	0.0	0.0	0.0	0.0	0.0	0.0	0.0	0.0	0.0	0.0	0.0
980.3140774468932	-1.7792465287564028	3.165718210091709	961015.6904405532	1227.3829695538775	8.540456508233092	72.93939736902098	1506468.9539508943	903.1686288034272	0.7417557585783925	0.5502016053842065	815713.5720546629	934.4685206861484	920.6193052979512	1.378981	21.903183	0.1056258076809831	0.0541911089485556	-0.0560249703	-0.0824898677	0.1161666047	0.024194517	-0.0433113394	-0.0142212976	0.1737785834	0.0469782406	-0.0323358212	0.1525578254	0.1097227337	0.0237316898	-0.0303081682	-0.1207099911	0.0607487501	0.0436430585	0.0204418512	0.0235938361	-0.1553618329	0.080086683	-0.0185496006	0.1118700316	-0.0444346964	-0.0096635254	0.1076484902	0.0276644564	-0.0608512663	-0.0631820149	-0.1566107764	0.014430283	-0.200374958	-0.001838505	-0.0626035515	-0.0223512877	0.0137037965	0.0068188755	-0.0361824118	0.239050296	-0.0490627736	-0.1820250796	0.0471187178	0.0767557041	0.0929432517	0.0062378648	-0.1134340802	0.0478059197	-0.0746249672	0.1415659755	0.0788013815	0.1160183866	0.0082181015	-0.0054022127	-0.040543113	-0.0688958979	-0.043635691	0.0659695262	-0.0446448283	0.0210930864	-0.0367171452	-0.0124522648	0.1507691725	0.1943569246	-0.0609535905	0.0038835226	-0.034516271	-0.0712844047	0.0309455345	0.0397381399	-0.0564638097	0.0327893834	0.0539410075	0.0738736028	0.050625549	0.065588623	-0.0927850607	0.1251581107	0.0444131028	0.1349337414	-0.1592645985	0.0382560936	-0.0767208159	-0.0145783275	0.1331065345	0.072833379	0.0895114232	-0.1374930434	-0.1413429931	0.1343994797	0.1091619078	-0.1199087977	0.0936454286	-0.0540487397	-0.0794866199650812	0.000180813974623	3.2693693419000325e-08	0.0063181227534732	0.0596226533655226	-0.0353611027788645	0.0012504075897374	0.0035548607943452	0.2680892134265491	0.0182971075027751	0.0718718263556658	0.0003347841429681	7.983494596689171e-05	-0.0005912082014797	6.373618597536519e-09	3.495271374968714e-07	0.0007759659648807	-0.000302696009216	9.162487399529285e-08	6.021231786532357e-07	-0.0008640312076481	0.0001418314577987	2.0116162421304426e-08	7.465499277898341e-07	0.0	0.0	0.0	0.0	0.0	0.0	0.0	0.0	0.0	0.0	0.0	0.0	0.0	0.0	0.0	0.0	0.0	0.0	0.0	0.0	0.0	0.0	0.0	0.0	0.0	0.0	0.0	0.0	0.0	0.0	0.0
978.8794858780492	-1.4345915688439843	2.058052969398245	958205.047872874	1221.890531834548	-5.492437719329473	30.166872100713142	1493016.4717869146	901.8739988714829	-1.2946299319443142	1.6760666606861396	813376.7098404395	933.63045919036	905.5309157441528	1.393502	22.133823	0.0531348735312571	0.0226214179801345	-0.0127039118	0.1169723313	0.0117443814	-0.0003236931	-0.1759823813	0.1140972147	-0.0798962208	0.0177893073	-0.0273790648	0.0544037689	-0.1419225775	0.0188731786	-0.0508841235	0.0387560115	-0.0478932727	-0.0807246084	0.009248577	0.1058511649	0.0149302556	0.0582638383	-0.0221171112	0.0555463822	0.0260157709	0.0160643262	0.182636465	0.0472774505	-0.0398645591	-0.0294437125	-0.0016401112	0.105279165	0.0487162566	0.0017808746	0.0882364583	-0.0388207452	-0.1324417383	0.0126272187	-0.0153124931	-0.005259247	0.1421231561	-0.0007195649	0.0784740759	0.057372082	-0.0687465153	-0.0236085577	0.0750065035	-0.0224190037	0.1237791864	0.0071409287	0.1104965573	0.007255657	0.0769108361	-0.063505985	-0.0616523795	-0.1017566169	-0.0870404181	0.0478464378	-0.002652604	0.0132005059	0.007409263	0.0433965365	-0.0340497099	-0.0021176346	0.0294392831	0.0250009868	-0.0771776165	-0.0315151341	-0.0966323847	0.0503877097	-0.0036788884	-0.0070998193	-0.0108505963	0.0887421087	-0.0433902906	0.0445507625	-0.0542697428	-0.0782247454	-0.0259498252	0.0029472605	-0.0798448354	-0.0796540625	0.0510579399	0.0451417603	0.0096481681	-0.0053271497	0.0689177017	-0.1039961738	-0.0622293023	0.0993132876	0.0626612028	-0.1211199807	0.098167988	-0.063080731	-0.0892201026928773	-0.0097334827277961	9.474068601230506e-05	0.0079602267245275	0.0613261610263862	0.0017035076608636	2.901938350620973e-06	0.0037608980262342	0.2569196423728357	-0.0111695710537134	0.0660077026369858	0.0001247593175239	-3.363843068558833e-05	-0.0001134733766524	1.1315440189891302e-09	1.2876207208915605e-08	0.0010790093903314	0.0003030434254506	9.183531770889397e-08	1.1642612644233391e-06	-0.0006699817679736	0.0001940494396745	3.765518503798741e-08	4.488755694170308e-07	0.0	0.0	0.0	0.0	0.0	0.0	0.0	0.0	0.0	0.0	0.0	0.0	0.0	0.0	0.0	0.0	0.0	0.0	0.0	0.0	0.0	0.0	0.0	0.0	0.0	0.0	0.0	0.0	0.0	0.0	0.0
979.6533126195628	0.7738267415136306	0.5988078258816033	959720.6129264828	1229.078795890498	7.188264055949958	51.671140138062135	1510634.6865076364	901.7956262485616	-0.0783726229212788	0.0061422680235609	813235.3515210353	933.0197839272522	921.2218427238028	1.284827	20.407677	0.0578941451437513	0.0332432170056367	-0.007056274	-0.0774177861	0.0540137048	-0.0333493961	-0.033334453	-0.0012411949	0.1455196258	0.0544775207	0.0239149771	0.103002822	0.0554610955	0.1033705866	-0.074602559	0.0584990646	-0.0421862745	-0.0199550623	0.0490892154	-0.0614900925	-0.1272439274	0.0190269864	0.00543152	0.0081892694	-0.0245988236	0.0298549553	0.0167999949	0.0254844816	0.0053951803	0.0214269872	0.1061089759	0.0551806585	-0.0995644451	-0.108543946	0.0029451478	0.014883969	0.1383897322	0.0909350068	0.0913010853	0.1951887247	0.0337951579	-0.0020451144	0.0047698071	0.0537109365	0.0819447368	-0.0428399154	-0.0027632657	0.0560326544	-0.0488088498	0.1282476898	0.0129041641	-0.0242040701	-0.0601387989	-0.0132472851	0.0405450241	-0.0218934156	-0.0389095352	0.0779108573	-0.0449366866	0.0253352365	0.0843410093	-0.0104794338	0.0040224821	0.0383779393	-0.0130374304	-0.0638095238	0.0584260679	-0.0662044242	0.0496894483	0.0215475169	-0.0731755771	0.0193799873	-0.0398289523	0.0034452794	-0.0359241006	0.0803990343	-0.1590537304	0.1390285721	-0.0230309595	0.1033418551	-0.1356944069	-0.038776861	0.0330167231	-0.0184885111	-0.0690008836	0.1193212764	0.0126915145	-0.0243533905	-0.0486866373	0.0910966484	0.037876607	-0.1222481541	0.1024214758	-0.0717238087	-0.1163127475776377	-0.0270926448847603	0.0007340114068517	0.0135286552490592	0.0543626573416986	-0.0069635036846876	4.84903835666578e-05	0.0029552985132509	0.2611174830258846	0.0041978406530489	0.0681823399417731	1.7621866148390023e-05	0.0001969488948062	0.0002305873254917	3.878886716538363e-08	5.3170514677455936e-08	0.0010789187024629	-9.068786849990645e-08	8.224289493056321e-15	1.164065566524228e-06	-0.0008321068730384	-0.0001621251050648	2.6284549692272443e-08	6.92401848157744e-07	0.0	0.0	0.0	0.0	0.0	0.0	0.0	0.0	0.0	0.0	0.0	0.0	0.0	0.0	0.0	0.0	0.0	0.0	0.0	0.0	0.0	0.0	0.0	0.0	0.0	0.0	0.0	0.0	0.0	0.0	0.0
979.3596900651776	-0.2936225543852515	0.08621420444372	959145.4025245608	1227.437716848482	-1.6410790420159174	2.6931404221438813	1506603.3487422145	900.9627750760786	-0.8328511724829468	0.6936410755062192	811733.9220727887	932.8428038513944	907.798986811428	1.312361	20.845022	0.1107135939878484	0.0590957089435903	-0.0253511289	0.141598921	0.0442909335	0.0226344722	-0.1078885705	0.0468595668	-0.0400721673	0.0186847973	-0.0399669579	-0.0134384046	-0.068312058	0.059189054	-0.0336745593	-0.0152345197	-0.1294785141	-0.0782011094	0.1046812366	0.0800489718	0.0611369452	0.0699045003	-0.0395191459	-0.0217323904	0.0744459635	0.0828737966	0.0368198564	0.0247420743	-0.2090195856	-0.0190495412	-0.0208398195	-0.0014901899	0.0522757662	-0.1330993668	0.1270524226	0.0522410764	-0.0285206144	0.0085517265	0.0041239751	-0.0033143478	0.1443483357	0.0719879743	0.0009681919	0.0921470318	0.1345894582	-0.0788250934	0.0582479686	0.0630074945	0.1779940646	-0.020342224	0.0515529974	-0.0817427655	-0.0275813554	-0.0272444424	0.007903575	-0.0436312685	0.0098811373	0.1424394827	0.0476624176	0.0136080729	-0.0134300245	0.1032964	-0.0381867457	-0.0562440766	0.0500064119	-0.0068146702	0.0025022232	-0.002882601	-0.1026700212	0.0288027002	-0.0393165641	0.0413321288	-0.0616878729	0.0858658505	-0.0556684895	0.1382225838	-0.0492091848	-0.0217751742	0.0111167182	0.1289353228	0.0093754275	-0.1993294735	0.028445028	0.0060418239	0.0632267764	0.1338179242	0.099575203	0.0308519968	0.1238038329	-0.1069049263	0.1044585497	-0.1232925447	0.1063942335	-0.0799246852	-0.1027365195251519	0.0135762280524857	0.0001843139681331	0.0105547924441419	0.0437797416891783	-0.0105829156525203	0.0001119981037083	0.0019166657823711	0.2263439229935073	-0.0347735600323773	0.0512315714760907	0.0012092004773253	0.0008202497290878	0.0006233008342816	6.728096180686093e-07	3.885039300161386e-07	0.0010017971505618	-7.71215519011e-05	5.9477337676340605e-09	1.0035975308737415e-06	-0.0004969114542118	0.0003351954188266	1.1235596880233984e-07	2.469209933268858e-07	0.0	0.0	0.0	0.0	0.0	0.0	0.0	0.0	0.0	0.0	0.0	0.0	0.0	0.0	0.0	0.0	0.0	0.0	0.0	0.0	0.0	0.0	0.0	0.0	0.0	0.0	0.0	0.0	0.0	0.0	0.0
980.8667000214166	1.507009956239017	2.2710790082035235	962099.4832109036	1229.5531807255938	2.115463877111779	4.4751874153648	1511801.0242324248	903.3550239024815	2.39224882640292	5.722854447426148	816050.299209853	933.3785830332496	925.597697937858	1.672497	26.565273	0.1758877047324462	0.1185580645171826	-0.037097357	-0.1316376682	0.1670495904	-0.1042247711	0.126023408	-0.0495863498	0.088806228	0.005165981	0.0221601619	0.1019570645	0.0095303495	-0.0029575073	0.0124093147	-0.0092868044	0.043641532	0.0690882801	-0.04366193	-0.1289849928	-0.0285393055	0.0541045703	-0.0248324439	0.029018299	0.1287059354	0.2265859684	-0.0967803552	0.0089814828	-0.0547602412	-0.017180413	0.0292346172	-0.0037453206	-0.1365722857	-0.0505893908	-0.0697002044	-0.0525203628	0.137799028	0.0522148052	-0.0736141749	-0.0310271697	0.0217310803	-0.0963621446	-0.0330652778	0.1446238095	-0.0835272824	0.0164315824	-0.0546378362	-0.0278198562	-0.1100464687	0.0067950493	0.0602386598	-0.0227765676	-0.0702874252	-0.0430897981	0.2067092914	0.1354107689	0.0280288659	0.1350040166	0.0387152596	0.0671741674	-0.0894753497	0.0575776503	0.0954762807	0.0094101855	-0.0910512313	-0.0575982461	0.0162515288	0.0215840566	0.1566169067	0.0276553423	0.1629290439	-0.0645679435	-0.0227738609	0.0209429378	-0.0398581609	0.0951905978	-0.0284226052	0.1168110619	-0.0370265655	0.1586999853	0.1552702912	-0.0590432889	-0.0069005697	-0.1687560175	0.0458802308	-0.2114380251	-0.1130797655	0.0072512778	0.1079512059	0.0302073582	-0.0467815074	-0.1242524367	0.1100753719	-0.0876327994	-0.1071181428355885	-0.0043816233104365	1.919862283456134e-05	0.0114742965245455	0.1569810381932939	0.1132012965041155	0.0128145335302126	0.0246430463522444	0.2050250007419833	-0.021318922251524	0.0420352509292502	0.0004544964459665	0.0003848907972738	-0.000435358931814	1.4814092582606144e-07	1.895373995102271e-07	0.0010788591723447	7.706202178290006e-05	5.938555201268163e-09	1.1639371137522913e-06	-0.0007242077539423	-0.0002272962997305	5.1663607871177326e-08	5.24476870870151e-07	0.0	0.0	0.0	0.0	0.0	0.0	0.0	0.0	0.0	0.0	0.0	0.0	0.0	0.0	0.0	0.0	0.0	0.0	0.0	0.0	0.0	0.0	0.0	0.0	0.0	0.0	0.0	1.0	0.0	0.0	0.0
981.9820380201148	1.1153379986982372	1.243978851340189	964288.7229941384	1232.025736242775	2.472555517181263	6.113530785543503	1517887.414764552	903.6750395842112	0.3200156817296147	0.10241003655287	816628.5771675257	935.413400133766	916.027497619828	1.565106	24.859526	0.1543762386330761	0.1357829427650091	-0.0387298694	0.0101280442	-0.0495030645	0.175036268	0.0882521098	0.0457600923	-0.180552856	-0.0752249276	-0.1222540459	-0.0198089108	0.1287338259	-0.0403632858	0.0319520935	-0.0092285157	-0.0397625618	0.0617775285	0.1228793679	-0.0931086263	0.1673377633	-0.100847145	0.0368932583	-0.0282523381	0.0148905298	-0.2119306823	-0.0956440176	-0.0329796131	-0.0633340027	-0.0481591023	0.1868598374	-0.156705926	-0.0189582458	0.0383314631	-0.1241945535	-0.0435845087	-0.0545576089	-0.0422727185	-0.0579428956	-0.1231512189	-0.0934942133	-0.0986984901	0.0187451436	0.1008129984	0.0896697185	-0.0157421224	0.0071272795	0.1567767327	-0.0274996682	-0.1688128284	-0.0432504087	-0.0815330151	0.1054605571	-0.0199565398	-0.0878763308	0.0627183681	0.1785016419	-0.0637188136	0.1492203679	0.1077816423	0.1106825122	-0.1421431373	-0.0325016089	0.0754647927	-0.1827270065	-0.0884180541	-0.0196078606	0.0409055877	0.153786761	-0.0512900342	-0.1124546095	-0.0058148733	-0.0778839342	-0.1148574654	-0.0245864512	0.0798239409	0.0719883913	-0.1463087077	-0.0835183266	-0.0147301604	-0.0331852137	-0.18662024	0.2554132932	-0.1595870185	-0.0184722371	-0.0087103579	0.0352114747	0.183493809	0.025460377	-0.0049056458	-0.177940729	-0.1251271724	0.1134548014	-0.0948006283	-0.1078315946802774	-0.0007134518446889	5.090135346900029e-07	0.0116276528112916	0.0218113591571125	-0.1351696790361814	0.0182708421307443	0.0004757353882805	0.2051341720441541	0.0001091713021708	0.0420800285402406	1.1918373217669737e-08	0.0004120572394523	2.71664421785e-05	1.6979116858505015e-07	7.380155806377835e-10	0.0012588197534035	0.0001799605810587	3.238581073502088e-08	1.5846271715588484e-06	-0.0008847594597057	-0.0001605517057633	2.577685022353736e-08	7.827993015387221e-07	0.0	0.0	0.0	0.0	0.0	0.0	0.0	0.0	0.0	0.0	0.0	0.0	0.0	0.0	0.0	0.0	0.0	0.0	0.0	0.0	0.0	0.0	0.0	0.0	0.0	0.0	0.0	0.0	1.0	0.0	0.0
982.7435340482892	0.7614960281744061	0.5798762009253958	965784.853713721	1236.8370969198584	4.8113606770832575	23.149191564983063	1529766.0043171432	904.1217182840054	0.4466786997942336	0.199521860849867	817436.0814728225	934.1959202940304	908.4739487042824	1.548285	24.592348	0.0823783846644533	0.0462002717612563	-0.0774038226	0.0579944295	-0.0906984495	-0.0767223469	0.1502666198	0.0950179608	0.1370016856	0.0680593981	-0.0646332689	-0.1629153093	-0.0719937734	0.0643310458	-0.0484956262	-0.0994684499	-0.0256480559	0.0368802714	-0.1584013383	0.0226459643	-0.0419786953	-0.0172839259	-0.0511746528	0.0191603017	-0.1137339254	0.1888336839	0.0877823104	0.0133467251	0.0314690122	-0.060041018	-0.0698635958	0.1255623873	-0.0524592164	0.1140178525	0.0935164774	0.004766702	-0.0412013991	-0.0340950138	0.1250103923	-0.0554580459	-0.1545859757	0.098174017	0.1269456224	-0.1128899562	0.0817274224	-0.0485319657	-0.007030223	-0.1133453072	-0.0566582761	0.0323194844	-0.0445163872	0.1415942937	0.0169184494	0.130924841	0.1056772655	-0.1112742217	0.0926213691	-0.0265369701	-0.0007079453	0.0024504099	0.0176036985	0.0265107217	0.0868571775	-0.0102032433	0.0502946068	0.2814808863	0.0214221982	0.013849131	-0.1155688128	0.0617720927	-0.0070750665	0.0397882476	0.0264550371	0.0538992163	0.1015912313	0.0663280992	-0.1349078494	0.0219637723	0.0920736865	-0.0370498142	0.0471717809	0.1270801126	-0.0077334033	-0.1617585572	-0.0911309226	0.1112278162	0.0869187094	0.0551568342	-0.0155382923	-0.0733068729	-0.0615101339	-0.1259161521	0.1165232592	-0.1013839798	-0.1095676479495466	-0.0017360532692691	3.013880953740248e-06	0.0120050694771957	0.0480178540874618	0.0262064949303493	0.0006867803765344	0.0023057143111647	0.2421535473946789	0.0370193753505248	0.0586383405158269	0.001370434151343	0.0004619030274227	4.98457879704e-05	2.1335440674225562e-07	2.484602578390073e-09	0.0011348332738907	-0.0001239864795127	1.5372647101977944e-08	1.2878465595294847e-06	-0.0007102625049027	0.000174496954803	3.044918723552023e-08	5.044728258706579e-07	0.0	0.0	0.0	0.0	0.0	0.0	0.0	0.0	0.0	0.0	0.0	0.0	0.0	0.0	0.0	0.0	0.0	0.0	0.0	0.0	0.0	0.0	0.0	0.0	0.0	0.0	0.0	0.0	0.0	1.0	0.0
982.425762388916	-0.3177716593731929	0.1009788275007925	965160.3786054428	1226.263045272207	-10.57405164765146	111.81056824720052	1503721.0562002666	904.2045172220444	0.0827989380389908	0.0068556641403846	817585.8089647504	936.156428301456	932.053345871594	1.551844	24.648865	0.1207535031633885	0.0721680322293974	-0.0728126122	-0.0350237408	0.0525600662	0.0314454199	-0.2080442513	-0.1485710779	-0.0924990728	0.0060216099	0.1587749375	0.0864093655	-0.066016184	-0.1042924415	0.1243511852	-0.1097096083	0.1057813684	0.1154664901	-0.0862520395	0.0264392577	0.0515623544	0.064904476	0.1238792198	-0.037342695	0.1168781062	-0.091620338	0.1600974777	-0.0567184124	-0.0011212212	0.0279066308	0.0579999124	0.1297472099	0.0496686696	0.0390000824	0.0989423211	0.1617567563	-0.0945645898	-0.0640482337	-0.1064532003	0.0379673246	-0.0376632336	0.0032167599	-0.0995753097	-0.0384792313	0.0258039189	0.053268488	-0.0967833563	-0.1178875482	-0.0201793188	-0.0794885331	0.0054056575	-0.0064374511	0.0400257815	-0.2065256685	-0.0956381622	-0.0261800256	-0.1744765345	-0.0162169773	-0.0407483519	0.0342322376	0.0468417706	0.0224135923	-0.0034777672	-0.0628374554	-0.0627849007	0.1127125694	-0.1072867611	0.0218071876	-0.0729739626	0.073779914	0.0883828228	-0.0248570789	0.0934889586	0.020137055	0.1478826366	-0.0278481674	0.0459148791	-0.0522220608	-0.0470291572	0.0517745048	-0.0391734831	-0.0856227349	-0.0411694445	-0.1073508359	0.0093689979	0.2115122147	-0.0876424565	-0.0375101938	-0.1154985527	0.0289933819	-0.021211556	-0.1266188352	0.1192723348	-0.1073422654	-0.0994850178680195	0.0100826300815271	0.0001016594293609	0.0098972687802001	0.1092589565761557	0.0612411024886938	0.0037504726340307	0.0119375195921102	0.2266043959305363	-0.0155491514641425	0.0513495522550432	0.0002417761112548	-0.0001806164153858	-0.0006425194428085	3.262228950681585e-08	4.128312343869453e-07	0.001135561152463	7.278785722998268e-07	5.298072160132342e-13	1.2894991309830964e-06	-0.000675897443703	3.43650611997e-05	1.180957431259126e-09	4.5683735440425e-07	0.0	0.0	0.0	0.0	0.0	0.0	0.0	0.0	0.0	0.0	0.0	0.0	0.0	0.0	0.0	0.0	0.0	0.0	0.0	0.0	0.0	0.0	0.0	0.0	0.0	0.0	0.0	0.0	0.0	0.0	1.0
980.180304700795	-2.245457688121064	5.042080229141995	960753.4297233432	1230.0643549973402	3.801309725133251	14.449955626392631	1513058.3174350224	902.9619778201788	-1.2425394018655425	1.54390416518838	815340.3333889291	934.5670494693052	924.3166514174196	1.402047	22.269558	0.1081699836525158	0.0681954957738076	-0.0257340377	-0.0998826689	-0.0267766702	-0.0399355206	0.0985758207	0.0439805541	-0.008306168	0.0202881233	0.0572639313	0.0757496076	-0.0327672111	0.0722622603	-0.1119229579	0.0845754381	0.052737495	0.0025422544	-0.0341475129	0.0494895765	-0.0952321561	-0.0890191868	-0.1981213738	0.0652906815	0.0253211081	-0.0228768533	-0.1580125258	-0.0515635615	0.0896909142	0.0039129228	0.2576296987	0.0639780689	0.1060933581	-0.0716455263	-0.0687644668	0.0151666288	0.058467182	0.1105028708	-0.0162578526	-0.0043461749	0.0865086868	0.0101652805	-0.0658787729	-0.122748434	-0.1408564612	0.0201283584	-0.0173196727	-0.0783933402	-0.0165441936	0.1199470412	0.0710379159	-0.0852171839	0.1018414688	0.1292609329	0.0720899006	0.0764962592	-0.0234656539	-0.0455454853	0.0630777057	0.0404914699	0.0993839778	-0.0433456505	-0.055558712	-0.2692151769	0.0530283453	-0.0545553374	0.0639186778	0.0225063838	0.0069018083	0.0193592317	0.0744976317	-0.1196181281	-0.1515764572	-0.0628805133	0.0255112912	0.0918148685	-0.1149827021	-0.0315535056	0.0580457626	-0.0589126827	0.0526628426	0.0818490849	-0.0563527341	-0.0260382377	-0.0811502824	0.0116229227	-0.0364378394	0.0739980361	0.0629437692	-0.1204285018	-0.0184805088	-0.1272347401	0.1216944932	-0.1126387502	-0.1158313549799316	-0.0163463371119121	0.0002672027369762	0.0134169027964869	0.0523078147573414	-0.0569511418188143	0.0032434325544666	0.0027361074846883	0.2304337334183657	0.0038293374878294	0.0530997054971264	1.466382559569561e-05	-0.0001177996900908	6.2816725295e-05	1.3876766985488525e-08	3.9459409767874935e-09	0.0011355698761819	8.723718900038868e-09	7.610327144689535e-17	1.2895189436917755e-06	-0.0012339353393683	-0.0005580378956653	3.114062929985563e-07	1.5225964217419616e-06	0.0	0.0	0.0	0.0	0.0	0.0	0.0	0.0	0.0	0.0	0.0	0.0	0.0	0.0	0.0	0.0	0.0	0.0	0.0	0.0	0.0	0.0	0.0	0.0	0.0	0.0	0.0	0.0	0.0	0.0	0.0
979.359675012532	-0.8206296882630113	0.6734330852586471	959145.3730406524	1228.1904073575647	-1.8739476397754515	3.5116797566199853	1508451.6767251408	903.7832960706528	0.8213182504739507	0.6745636685615912	816824.2462563332	936.0465399978656	925.9638447847102	1.308963	20.791048	0.1124575475208047	0.0629177091072147	0.0155010314	-0.1359832516	0.1886017259	0.0649308202	0.0244024763	-0.1373261819	-0.1175957152	-0.0828313274	0.0013870037	0.1363906102	-0.039159622	-0.1786521447	-0.0005695264	-0.1030710048	0.1269959815	0.0755239097	0.0239711724	-0.0076550432	-0.0388129588	0.1237902335	0.0621978555	0.0760610686	0.1113552832	-0.0638823891	-0.0085598164	-0.0370321044	0.0158900071	-0.0806474484	-0.0041429429	-0.0181326095	-0.022933502	0.0673185257	-0.0790085625	-0.0852894316	0.0244112169	-0.0189479351	0.0997696929	-0.0398138583	-0.0131471415	0.2469405045	-0.0804420355	-0.1861317744	-0.0402266124	0.1000050554	-0.1196054511	0.0133695247	-0.0579367797	-0.042406677	0.1396682142	0.0646787183	-0.0183773825	-0.1854979188	-0.0506134504	0.0747107987	0.0580857139	-0.030295712	0.0914347986	-0.0359743351	-0.0066774805	-0.2155846188	0.032361287	-0.0226347654	0.0249065861	0.094770779	-0.0013109923	0.0087821407	-0.0053224568	0.0022856556	0.0830063588	-0.1391282752	-0.0109461865	-0.0439540221	0.0716876113	0.0354393274	0.0683688432	0.0419155623	-0.1435243323	0.0144693392	0.0187656667	-0.0911596328	-0.134259011	-0.0382728486	-0.0281546121	0.1223343011	-0.0880501668	-0.1086509995	-0.0381759404	-0.0534690704	0.0140365651	-0.1277634447	0.1237830955	-0.1172407796	-0.0796433310814421	0.0361880238984895	0.0013095730736776	0.0063430601857482	0.0802995727245559	0.0279917579672145	0.0007835385140951	0.0064480213797462	0.2392887582637115	0.0088550248453457	0.0572591098313889	7.84114650116911e-05	-0.0002611653202863	-0.0001433656301954	6.820732452024564e-08	2.055370392135285e-08	0.0011355760184663	6.142284400068379e-09	3.772765765132337e-17	1.2895328937157745e-06	-0.0005888522956531	0.0006450830437151	4.161321332888666e-07	3.46747026095926e-07	0.0	0.0	0.0	0.0	0.0	0.0	0.0	0.0	0.0	0.0	0.0	0.0	0.0	0.0	0.0	0.0	0.0	0.0	0.0	0.0	0.0	0.0	0.0	0.0	0.0	0.0	0.0	0.0	0.0	0.0	0.0
978.1178209759252	-1.24185403660681	1.5422014482366282	956714.471710692	1227.5205160001428	-0.669891357421875	0.4487544307485223	1506806.617201257	901.4629647029386	-2.320331367714175	5.383937655998334	812635.4767310115	933.9875618231526	918.3199278192068	1.429929	22.712423	0.0946879711708452	0.0550695483472643	0.028009226	-0.0756294603	-0.0661075273	0.0704458548	0.0511478782	0.1235198025	-0.1356740816	-0.0361735707	-0.1032686145	0.0348664717	-0.0165744898	0.0734244609	-0.0943627546	0.1572994799	-0.0167283245	-0.1484210343	0.0886750892	-0.0154723162	-0.0391944732	-0.1013398098	-0.0805550258	0.1070476123	-0.0700089966	-0.1086950001	-0.0882538971	-0.0574386157	-0.1432789787	-0.1274823029	0.1741754034	-0.0962164411	0.0945233221	-0.0750662427	0.1483078433	-0.0796272171	-0.0185292845	0.024036238	0.0918413108	-0.0384614069	0.0977999676	0.0317508444	0.1072878275	-0.0854446813	0.0854797822	0.0075764627	0.1219299147	0.097815201	0.0080031659	0.0858713843	0.0516273567	-0.0787589304	0.0765634866	0.1176168266	-0.0816225819	0.0260851951	0.038363119	0.0785395839	0.2010329421	-0.0773271346	0.1557169019	-0.1243826377	-0.0536908552	-0.0965163867	-0.0061185465	0.0351325159	0.170653787	-0.032331201	0.0896659172	-0.0274312809	-0.0286259622	-0.0396224174	-0.1019639941	-0.0035831014	-0.0209222942	0.063893713	-0.1286317593	-0.1293071174	0.0449433166	-0.0705956227	0.0186202976	-0.0464436725	-0.1611246128	0.1384091605	-0.0519013876	0.0533487992	-0.0049676763	0.1101331762	0.0806912017	-0.1756693379	-0.0833626484	-0.1282045865	0.1255324169	-0.1211199807	-0.1010129416229119	-0.0213696105414697	0.000456660254694	0.0102036143753138	0.0613233439409697	-0.0189762287835862	0.000360097258847	0.0037605525121024	0.2392179933123372	-7.076495137428584e-05	0.0572252483243814	5.007678343005041e-09	0.0005489900525633	0.0008101553728496	3.013900778134549e-07	6.563517281570745e-07	0.0011347639526066	-8.120658597000636e-07	6.594509604904033e-13	1.2876892281353538e-06	-0.0008633121948321	-0.0002744598991789	7.53282362573468e-08	7.453079457458177e-07	0.0	0.0	0.0	0.0	0.0	0.0	0.0	0.0	0.0	0.0	0.0	0.0	0.0	0.0	0.0	0.0	0.0	0.0	0.0	0.0	0.0	0.0	0.0	0.0	0.0	0.0	0.0	0.0	0.0	0.0	0.0
978.7891878029792	0.6713668270540438	0.4507334164686143	958028.2741600156	1232.549968936579	5.029452936436201	25.29539683982672	1519179.425925562	903.8739712030562	2.411006500117537	5.812952343609016	816988.1558183832	934.9759454435564	907.1538716576032	1.465608	23.279139	0.1872595943200441	0.0896503862624812	0.0437243226	-0.0213297079	0.1720078451	-0.023784031	0.0138500954	-0.0331316753	0.1750129604	-0.0852336623	-0.1053130193	0.0238706774	0.0436894943	-0.107647167	0.0127884159	-0.0320782982	0.1486576891	0.0732057691	0.0021488158	-0.1309933142	0.0195471697	0.0834939769	0.0026673258	0.0700675826	-0.0838835163	0.1241612363	0.1021701948	-0.0561131215	-0.0134211312	-0.2460851713	-0.1264395445	-0.0479609681	-0.1621044286	-0.0428737039	-0.0646889209	-0.1492588692	-0.0736202351	-0.0678686555	-0.1145274174	-0.07791932	-0.1171046211	-0.0049541622	0.0564182969	-0.1133210672	0.120808909	0.093663833	-0.0909344138	0.0811465311	-0.1526888946	-0.0635471284	0.0233159964	0.1166343774	-0.0802966574	0.0525338895	0.0442024123	-0.0886015386	-0.0261307813	0.0141302597	0.1533292598	-0.0719462928	-0.0380502316	0.143363884	0.1898645502	0.0940867884	-0.0273466662	0.106289133	0.1938785937	0.07568794	0.0312097958	-0.1063342613	-0.1162266519	-0.2202690811	0.152431698	-0.0421167649	0.0325142892	-0.0856744379	0.0468025314	0.1460844219	0.1195478101	0.2066427355	0.1439601744	0.1481637197	-0.0779444537	0.0982340544	0.0451177255	-0.0584972251	0.0720175033	0.0587571397	-0.0540006118	0.0244951184	0.0959529498	-0.1285578634	0.1269376627	-0.1242524367	-0.0794636628420022	0.0215492787809097	0.0004643714159773	0.0063144737122674	0.0314088659537787	-0.0299144779871909	0.0008948759932461	0.0009865168605024	0.1694125303884988	-0.0698054629238384	0.028700605452634	0.0048728026540113	-0.0006689531150718	-0.0012179431676351	4.474982701642649e-07	1.4833855595890213e-06	0.0011358202977078	1.0563451012001509e-06	1.115864972829557e-12	1.2900877486850355e-06	-0.0009641201746579	-0.0001008079798257	1.0162248796558896e-08	9.295277111823796e-07	0.0	0.0	0.0	0.0	0.0	0.0	0.0	0.0	0.0	0.0	0.0	0.0	0.0	0.0	0.0	0.0	0.0	0.0	0.0	0.0	0.0	0.0	0.0	0.0	0.0	0.0	0.0	0.0	0.0	0.0	0.0
978.5004617181472	-0.2887260848319783	0.0833627520624027	957463.1535826272	1236.438390964415	3.888422027835986	15.119825866560124	1528779.8946506716	903.5687429341044	-0.3052282689517369	0.0931642961672738	816436.4732075176	937.9730150993926	911.5152254089056	1.393883	22.139883	0.1099841078414916	0.0638005573766196	0.0421103881	0.0774854053	-0.0155001013	-0.0048831494	-0.2421524497	0.0441772124	-0.0969342308	-0.1581497517	0.0734947487	-0.0141291751	-0.1667088488	-0.0584811213	0.1887347092	0.0143052395	0.1281783981	-0.0123969337	-0.1460711284	-0.0563214024	0.2426654623	0.0230759048	0.0066280061	-0.1696339091	0.1015794647	-0.0368261755	0.1712918578	0.0029959379	0.0701479304	-0.0323895121	0.0431616875	-0.031399467	0.0994798241	0.0035909438	0.0026912916	-0.0074209427	-0.0104030269	0.0173753793	0.0843136986	-0.0825929748	0.0056289249	-0.0734563899	0.0743770714	0.0946818666	-0.1410563816	0.153572539	0.0575806925	-0.1220988194	-0.0101055543	-0.2505104363	0.0404398231	-0.1051466026	0.0270412789	-0.1135783959	-0.0034200701	-0.1557051567	-0.0992682234	-0.1054791262	0.0333805627	-0.0162492913	-0.0110680318	0.090759498	0.0293358937	0.0367383953	-0.016813225	-0.088227749	-0.0473252044	0.1702618175	-0.1022939337	-0.1137805242	0.0151057583	-0.1072475267	0.121049211	-0.036184926	0.078173877	-0.2368090105	0.1156595852	-0.194501643	0.1103372182	0.1079048488	0.0418833072	-0.0177130458	0.0655586276	0.1208390107	-0.0259744606	-0.0422100336	-0.0929318595	0.0973895002	0.0790921145	0.1183842784	-0.0457352911	-0.1288230331	0.1279949812	-0.1266188352	-0.0883763912179915	-0.0089127283759893	7.943672710416494e-05	0.0078103865247154	0.0437122640108356	0.0123033980570568	0.0001513736037503	0.0019107620249529	0.1270116144674347	-0.0424009159210641	0.0161319502096242	0.0017978376709451	-1.2299650451072356e-05	0.0006566534646207	1.5128140121856438e-10	4.311937725984052e-07	0.0011350064644952	-8.138332126001596e-07	6.623244979310966e-13	1.2882396744458935e-06	-0.0012339941865722	-0.0002698740119143	7.283198230671972e-08	1.5227416524939851e-06	0.0	0.0	0.0	0.0	0.0	0.0	0.0	0.0	0.0	0.0	0.0	0.0	0.0	0.0	0.0	0.0	0.0	0.0	0.0	0.0	0.0	0.0	0.0	0.0	0.0	0.0	0.0	0.0	0.0	0.0	0.0
977.4191568996464	-1.0813048185008256	1.1692201105131037	955348.2082744156	1233.2951352499365	-3.143255714478528	9.88005648660192	1521016.890631159	902.753525666676	-0.8152172674284657	0.6645791931135345	814963.9281036138	935.5744019937138	907.2136608671404	1.312775	20.851593	0.1484345629126719	0.0845614924489747	0.0622282215	-0.0506609924	-0.037221792	-0.033598025	0.0419081701	-0.0420327718	0.0451733776	-0.0814568089	0.1694480959	0.0683920973	-0.0583769545	0.0557643894	-0.1205582353	0.014376417	0.0674792527	0.0006009368	-0.0205322014	0.0392955755	-0.01188468	-0.0337164874	-0.1481082667	-0.0633816023	0.0908315823	0.0648175131	-0.1175523609	-0.011162243	0.1189537755	0.0031004563	0.0168761021	0.0224223128	-0.0197689083	0.0724335872	0.0576218836	0.0552702806	-0.0020092826	0.1473074786	0.0287436314	-0.0822610959	0.0734728866	0.0470090897	-0.0206110812	-0.128195451	-0.0974650634	0.0884569441	-0.055793881	-0.1014085882	0.0600409138	0.0455392911	0.0718891555	-0.1296329606	-0.0201554687	0.0684942033	0.1733419396	0.0605675157	-0.00885823	-0.1016226501	0.0248687341	-0.0625122458	0.0419414677	0.0244781391	-0.0716718033	-0.0504470031	0.0520101044	-0.0266806475	0.0595678491	0.0839344568	-0.0156437425	-0.0570167515	0.1160373247	-0.1022352337	-0.0708226559	-0.0946645069	0.0534071168	-0.0465394905	0.0745544686	-0.0050802293	0.1105507817	-0.0510809869	0.1211301604	0.0499525571	-0.1022141182	0.0954391826	-0.1696565116	-0.0962192606	-0.0684435223	0.0340441474	0.0427815385	0.1001122774	0.0193826779	-0.1289999139	0.1287014744	-0.1282045865	-0.0806799312139219	0.0076964600040695	5.923549659424294e-05	0.0065092513006831	0.0864786649871831	0.0427664009763475	0.0018289650524697	0.0074785594979654	0.1911724074953582	0.0641607930279234	0.0365468893875712	0.004116607361972	-0.0003300784972957	-0.0003177788468446	1.0895181437698745e-07	1.009833955019013e-07	0.0014932027445269	0.0003581962800317	1.2830457502854816e-07	2.229654436262667e-06	-0.0012337511353619	2.430512102999209e-07	5.907389082825638e-14	1.5221418640067774e-06	0.0	0.0	0.0	0.0	0.0	0.0	0.0	0.0	0.0	0.0	0.0	0.0	0.0	0.0	0.0	0.0	0.0	0.0	0.0	0.0	0.0	0.0	0.0	0.0	0.0	0.0	0.0	0.0	0.0	0.0	0.0
977.4363115935028	0.0171546938563551	0.0002942835213052	955381.743221511	1234.281692628938	0.9865573790013968	0.9732954620621056	1523451.2967589558	901.9678730944876	-0.7856525721883827	0.6172499641862219	813546.0440945936	934.3834370907948	903.45826043507	1.165056	18.50528	0.1068112359437283	0.0584854802226726	0.0586312317	-0.0403986165	0.0483604805	-0.0341136376	0.0760607164	-0.0438734212	-0.0766429272	-0.1264666795	0.0029183609	-0.0513675866	0.0722757603	-0.1721901607	0.0659244554	0.0972224303	0.043883319	-0.0658250831	0.0521469009	-0.1437732788	0.1173711064	0.0484460894	0.0222348991	-0.0115434411	-0.0445075317	-0.0837896385	-0.092289332	-0.1319588855	0.08821358	0.0100866545	0.1079758979	-0.0966090811	-0.1202003427	-0.0048855233	0.0273209033	0.1711469816	0.0812893253	0.0704441784	0.0019785627	0.1790153206	0.0044529352	-0.1050458409	-0.0592366631	0.0708974314	-0.0199131866	0.080241498	0.0713374335	0.0813328959	-0.0512974781	-0.1063957615	-0.0248878318	-0.0058101789	-0.0519961738	0.0335388854	-0.0291948793	0.1295449866	-0.0338483593	-0.143244737	0.0870737509	0.0825392183	0.0465219813	0.0248942981	-0.0350882317	-0.0053912075	-0.0604614437	-0.1874602268	-0.0273997249	0.0423909036	0.0737179562	-0.1030985949	-0.101256045	-0.0320901479	-0.0773237279	-0.0862355772	0.0019515477	-0.0464250282	0.0747085883	-0.1239086982	-0.0516625591	0.0910265642	0.0927083773	0.0714888632	0.0248061953	0.0248992947	-0.1150481532	0.000548012	-0.0136557009	0.0893600225	-0.0618454523	0.1598157895	-0.0806787615	-0.1290883846	0.1290552057	-0.1289999139	-0.0868558013985421	-0.0061758701846201	3.814137253728067e-05	0.0075439302365829	0.0376143857639164	-0.0488642792232666	0.0023877177840093	0.0014148420163967	0.2094323404700446	0.0182599329746864	0.0438619052347606	0.00033342515224	0.0001893466259035	0.0005194251231992	3.5852144741039984e-08	2.698024586105041e-07	0.0015223949520144	2.9192207487499988e-05	8.521849779932502e-10	2.3176863899189278e-06	-0.0011121453948255	0.0001216057405364	1.4787956131406264e-08	1.236867379231567e-06	0.0	0.0	0.0	0.0	0.0	0.0	0.0	0.0	0.0	0.0	0.0	0.0	0.0	0.0	0.0	0.0	0.0	0.0	0.0	0.0	0.0	0.0	0.0	0.0	0.0	0.0	0.0	0.0	0.0	0.0	0.0
