global_signal	global_signal_derivative1	global_signal_power2	global_signal_derivative1_power2	csf	csf_derivative1	csf_derivative1_power2	csf_power2	white_matter	white_matter_derivative1	white_matter_power2	white_matter_derivative1_power2	csf_wm	tcompcor	std_dvars	dvars	framewise_displacement	rmsd	t_comp_cor_00	t_comp_cor_01	t_comp_cor_02	t_comp_cor_03	t_comp_cor_04	t_comp_cor_05	t_comp_cor_06	c_comp_cor_00	c_comp_cor_01	c_comp_cor_02	c_comp_cor_03	c_comp_cor_04	c_comp_cor_05	c_comp_cor_06	w_comp_cor_00	w_comp_cor_01	w_comp_cor_02	w_comp_cor_03	w_comp_cor_04	w_comp_cor_05	w_comp_cor_06	w_comp_cor_07	w_comp_cor_08	w_comp_cor_09	w_comp_cor_10	w_comp_cor_11	w_comp_cor_12	w_comp_cor_13	w_comp_cor_14	w_comp_cor_15	w_comp_cor_16	w_comp_cor_17	w_comp_cor_18	w_comp_cor_19	w_comp_cor_20	w_comp_cor_21	w_comp_cor_22	w_comp_cor_23	w_comp_cor_24	w_comp_cor_25	w_comp_cor_26	w_comp_cor_27	w_comp_cor_28	a_comp_cor_00	a_comp_cor_01	a_comp_cor_02	a_comp_cor_03	a_comp_cor_04	a_comp_cor_05	a_comp_cor_06	a_comp_cor_07	a_comp_cor_08	a_comp_cor_09	a_comp_cor_10	a_comp_cor_11	a_comp_cor_12	a_comp_cor_13	a_comp_cor_14	a_comp_cor_15	a_comp_cor_16	a_comp_cor_17	a_comp_cor_18	a_comp_cor_19	a_comp_cor_20	a_comp_cor_21	a_comp_cor_22	a_comp_cor_23	edge_comp_00	edge_comp_01	edge_comp_02	edge_comp_03	edge_comp_04	edge_comp_05	edge_comp_06	edge_comp_07	edge_comp_08	edge_comp_09	edge_comp_10	edge_comp_11	edge_comp_12	edge_comp_13	edge_comp_14	edge_comp_15	edge_comp_16	edge_comp_17	edge_comp_18	edge_comp_19	edge_comp_20	edge_comp_21	edge_comp_22	edge_comp_23	cosine00	cosine01	cosine02	trans_x	trans_x_derivative1	trans_x_power2	trans_x_derivative1_power2	trans_y	trans_y_derivative1	trans_y_power2	trans_y_derivative1_power2	trans_z	trans_z_derivative1	trans_z_derivative1_power2	trans_z_power2	rot_x	rot_x_derivative1	rot_x_derivative1_power2	rot_x_power2	rot_y	rot_y_derivative1	rot_y_power2	rot_y_derivative1_power2	rot_z	rot_z_derivative1	rot_z_power2	rot_z_derivative1_power2	motion_outlier00	motion_outlier01	motion_outlier02	motion_outlier03	motion_outlier04
875.7756543553807	n/a	766982.9967615951	n/a	903.6857606070382	n/a	n/a	816647.9539239212	837.9073220226715	n/a	702088.6802992049	n/a	836.727876297469	781.4476087113057	n/a	n/a	n/a	n/a	-0.2313687745	0.0971817214	-0.0055916767	0.0764648825	-0.0001079558	0.0467052674	-0.0658734348	-0.1663971585	0.0062058172	-0.1292793901	0.0789775392	-0.0037973458	0.0250978319	-0.0710240587	-0.0222423538	0.0373933897	-0.0537072924	-0.1305949632	0.0526393828	-0.0169183576	0.0033695458	-0.0986487131	0.067508639	-0.0008962617	0.1699837805	-0.1290533895	0.1190655299	-0.0491199889	0.1462088513	-0.0671520982	0.0773554458	-0.0912432175	0.2283157307	-0.0501733597	0.132857753	-0.0283207492	0.0644066988	-0.000108954	-0.1108091484	0.007786554	0.0153998277	-0.1707459544	0.0420174367	0.0460538165	-0.0514592341	0.0517347491	-0.0994458065	0.0432399189	-0.0222447634	0.0604589538	-0.1426105151	0.0608219616	-0.125871452	0.1875418874	-0.1112546411	0.2673308963	-0.0049390428	0.0713566611	-0.0826396025	0.0678314836	-0.0814842226	0.1406498224	-0.0494597579	0.0427508522	-0.0902099986	0.101605804	-0.0008356337	-0.1905170636	0.093875762	0.0229249579	-0.1422028363	0.1065887023	-0.0724021496	0.1005513732	-0.0968439068	0.1492162935	-0.1656697376	0.1186134235	-0.0765681767	0.0835434294	-0.0947905664	0.0043846688	0.1277767283	-0.0989916412	0.1909118877	-0.0848148331	0.1851137795	-0.0017558872	0.0701478048	-0.1837008008	0.0990719398	0.1290883846	0.1290552057	0.1289999139	0.014444000949993	n/a	0.0002086291634433	n/a	0.0216140404241684	n/a	0.0004671667434575	n/a	-0.0923819561905574	n/a	n/a	0.008534425829594	-3.1517812911418763e-19	n/a	n/a	9.93372530719195e-38	0.0	n/a	0.0	n/a	1.0915377371840465e-18	n/a	1.1914546316968686e-36	n/a	0.0	0.0	0.0	0.0	0.0
872.183629971625	-3.5920243837556427	760704.2843904805	12.902639173495103	893.8739314488002	-9.81182915823797	96.27199143044882	799010.6053237345	838.2207370554029	0.3134150327314273	702614.0040297029	0.0982289827420416	835.9035131395477	772.7107320265336	1.309623	17.315319	0.0745476996199759	0.0451496140877951	-0.1393937015	0.0882945546	-0.0945217976	0.1440398882	0.1978534741	0.0241376881	0.1433287235	-0.069758524	-0.0655195606	-0.0999845827	-0.1020080207	-0.0546258335	0.2150151167	-0.2120367849	0.0498578913	-0.1563995854	0.0003636882	-0.0440168605	0.1838986132	0.1069239808	0.1832264631	-0.0285143817	-0.0705230756	-0.0072389601	0.1330343966	0.0072839539	0.0345733571	0.0377927809	0.1076418191	-0.0872536402	0.0442931682	-0.1344853368	-0.1230304117	-0.030588111	0.0758835739	-0.1759711258	0.1796724915	0.0436431867	-0.1636894786	-0.0165724224	0.045310454	-0.1268770309	-0.0084950387	-0.0491408841	-0.0411066131	0.0210397557	0.0866430252	0.2492069305	0.0476813876	-0.1123779811	-0.0009516916	0.2112826903	-0.0075745283	0.0639447166	-0.1722941402	0.2036206808	0.0306711839	0.0204823591	-0.0311508794	0.0805140336	0.157865363	0.2267505428	0.1683945444	-0.0403102306	0.005388729	0.0105418617	-0.0722860599	-0.1647597016	-0.0218536061	-0.0357567182	-0.0818354659	0.0631962859	-0.1047569177	0.0930899863	-0.094739431	-0.0878165356	-0.1956862242	0.0071919138	-0.0138009624	-0.1089212008	0.0688999362	0.2063977621	0.1332121172	-0.0300212395	0.1290594387	0.079726267	0.1823303819	-0.0367010692	0.1080518206	-0.041616261	0.0681550002	0.1289999139	0.1287014744	0.1282045865	0.0043388192464703	-0.0101051817035227	1.88253524535411e-05	0.0001021146972612	0.0332737439683512	0.0116597035441828	0.0011071420376713	0.0001359486867382	-0.0550497183931	0.0373322377974574	0.0013936959789659	0.0030304714951596	-0.0001860000931967	-0.0001860000931966	3.459603466918096e-08	3.4596034669181094e-08	1.14600977596524e-08	1.14600977596524e-08	1.3133384066078998e-16	1.3133384066078998e-16	-0.0001229999782018	-0.0001229999782018	1.5128994637643273e-08	1.5128994637643538e-08	0.0	0.0	0.0	0.0	0.0
868.1519849898676	-4.031644981757381	753687.8690418473	16.254161258929475	893.9371602739607	0.0632288251604222	0.0039978843311672	799123.6465186728	837.3185903589382	-0.9021466964646834	701102.4217606793	0.8138686619421416	835.5875823345381	759.4697643942084	1.623754	21.468634	0.0763061711698017	0.0369150809311455	0.008693764	-0.1152738729	0.1321341841	-0.1890138878	0.0904510699	0.1448946213	0.097577088	0.0110117898	-0.211545222	-0.05445054	0.0643465279	0.1527262066	0.1018243554	0.2074859502	-0.0060925658	-0.0924186323	0.1946655684	-0.0069549519	-0.1144071951	0.1148706077	0.0012648085	0.0194490493	-0.1350517824	0.2061653722	-0.0173774878	-0.0830410245	-0.0200363039	0.0689386602	0.0772758097	0.0365866774	-0.0803915339	-0.1425831908	-0.1642334857	0.1431889189	-0.010357642	0.119937923	-0.1734221566	0.0313870795	-0.0448603041	0.0793884748	-0.0944732596	-0.0625668396	-0.027766772	-0.0450321985	-0.1616714152	-0.1698215527	0.0235979899	-0.0935908951	-0.0082302001	-0.0537531926	0.2226305349	0.173924771	-0.0823481936	0.0360561199	-0.0079263985	-0.0539271776	-0.0051577647	-0.0211429555	-0.1509821091	0.0215890863	0.1580716835	-0.0370715556	-0.0743158038	0.1166992671	0.02825512	-0.1595508305	0.0019021047	-0.0629759483	-0.0536332864	0.0630555843	0.0564837199	-0.0665830728	0.0319186811	0.0206099448	0.1057496675	-0.0575517545	0.0711124208	-0.0364767891	-0.1502364198	0.0982653101	-0.0023731973	0.1174756259	0.1225832783	-0.0463563776	-0.0481178866	0.0538808802	0.1729739778	-0.0062117599	0.0723485967	0.0066466592	0.0977651801	0.1288230331	0.1279949812	0.1266188352	0.0043333930947824	-5.426151687899436e-06	1.877829571390779e-05	2.9443122140093897e-11	0.0208755466543806	-0.0123981973139706	0.0004357884481192	0.0001537152966361	-0.0203982838892926	0.0346514345038074	0.0012007219131716	0.0004160899856281	3.40649859766084e-08	0.0001860341581826	3.4608708010737144e-08	1.160423269586527e-15	0.0002539999188102	0.0002539884587124	6.451595875558818e-08	6.451013715912101e-08	-0.0002679996253134	-0.0001449996471116	7.18237991681228e-08	2.1024897662488537e-08	1.0	0.0	0.0	0.0	0.0
868.9549500038773	0.8029650140097147	755082.7051362409	0.6447528137236213	887.2593497140067	-6.6778105599539685	44.59315387463273	787229.153654922	835.1660899157655	-2.1525004431726984	697502.3977451884	4.633258157858663	833.2445609810426	762.941238568834	1.402057	18.537434	0.0469543732969163	0.0258519029327901	0.0372117731	0.0853557486	-0.0465908095	0.014462812	-0.1373337483	0.1014166427	0.0696436523	0.124953734	0.0056078033	0.0095521321	0.1966166313	-0.0951931309	0.0053376688	0.0591912759	-0.2697148203	-0.0474642568	-0.1422568682	0.0026343603	-0.0334949345	0.0063760853	-0.0559152921	-0.0082775283	0.0280563923	0.1244367178	-0.038364663	-0.0942807368	0.0777829909	0.0369056916	-0.0530993083	-0.0313868177	0.0556737705	-0.0837878884	-0.0098326949	0.0496485566	-0.1560280849	-0.0044060988	-0.2186326292	0.1185261629	0.001258019	-0.0287010575	0.1555633896	0.0710805125	0.1137433263	0.2191264937	-0.0054694196	0.076600272	0.1631295674	-0.0731775229	-0.1387431837	0.0763257534	0.0505701026	0.0308696862	-0.116269252	0.0723121006	-0.0176169506	-0.0583633161	0.1492605188	-0.0566012709	-0.0018940504	0.1212020685	0.09267089	0.0249016662	0.0504794317	-0.0588080322	0.1132737718	-0.0876779805	0.0952841569	0.0282043935	0.0866661946	0.0591159808	0.0422838009	0.076921447	0.0470127929	-0.1599258597	0.0264486135	-0.0616297712	-0.0699742953	0.100343638	-0.0143670853	0.1137952435	-0.1336513658	-0.0511863448	0.0437564665	-0.0315314006	0.0741172726	0.0392371422	0.0580220278	-0.1280362376	0.0252653679	0.0620749084	0.0927684787	0.1285578634	0.1269376627	0.1242524367	0.0044669633725362	0.0001335702777537	1.995376177157998e-05	1.784101909922715e-08	0.0032336632688441	-0.0176418833855365	1.0456578136271512e-05	0.0003112360493888	-0.0217307718296098	-0.0013324879403171	1.7755241110907722e-06	0.0004722264443105	-0.0001989044169548	-0.0001989384819407	3.9576519596900697e-08	3.9562967084128935e-08	0.0004910388227508	0.0002370389039405	2.411191254484916e-07	5.6187441981360975e-08	-0.0003889508732982	-0.0001209512479848	1.5128278183943246e-07	1.4629204389080591e-08	0.0	0.0	0.0	0.0	0.0
870.2283253786377	1.273375374760349	757297.3382913081	1.6214848450460584	892.4102207728795	5.150871058872781	26.5314726651332	796396.0021398995	835.5391458916316	0.3730559758661229	698125.6643173173	0.1391707611294253	833.1366105856355	755.9874499297339	1.166393	15.421583	0.0996794582417622	0.0451372323081246	0.0075198802	-0.0225013496	0.0048127643	-0.0402001439	0.1640180733	0.1071816751	-0.0679506241	0.063615286	0.0968636583	0.0653332044	-0.1493631941	0.0703900292	-0.0020767509	0.0453522138	-0.1767012674	0.0274113604	0.0744695988	0.1463151743	-0.1133265219	0.0423862796	0.0792958394	0.1224030452	0.0547820449	-0.0437974674	-0.1091974033	0.0903338583	-0.1121654272	0.0040016097	0.0548714636	0.0955266995	-0.010626365	-0.0866082372	-0.0955596437	0.0166674923	0.0237941074	-0.0294468864	0.1131149193	0.1553364574	0.0424255829	0.0256674953	0.0018838173	-0.0983308185	0.0690468177	0.1318993044	0.1236901725	-0.0742337408	0.0596380238	-0.1700273019	0.0712974418	-0.1488826571	0.0435274181	-0.085432431	0.0693918502	0.0566207118	-0.1147302992	-0.1034617056	0.050688725	0.0572874683	-0.0114619794	-0.0419267734	0.0725638552	-0.0101867128	0.093198457	-0.0887761107	0.0639944734	-0.0544942871	0.0075627764	0.0846749453	0.0289071405	0.0192320389	0.0517418992	0.0194685771	0.0278430265	0.0806035333	0.0468186786	-0.1832904712	0.0183677752	0.001699449	-0.007736213	0.1977454279	0.0156208626	-0.0201912075	-0.0024166976	0.0764847666	-0.0108319985	0.0759816082	0.0147006318	-0.0685107137	0.1075209773	0.03212079	0.0138979283	0.1282045865	0.1255324169	0.1211199807	-0.0060058691664863	-0.0104728325390225	3.607046444495085e-05	0.0001096802213904	0.0325476913238418	0.0293140280549976	0.001059352210512	0.0008593122408091	-0.0019449938294329	0.0197857780001769	0.0003914770110722	3.783000996532057e-06	-0.0003359995716769	-0.0001370951547221	1.8795081448276544e-08	1.1289571216706026e-07	0.0007670003997972	0.0002759615770464	5.882896132890647e-07	7.61547920059362e-08	1.2878788460327214e-07	0.0003890796611828	1.658631922058574e-14	1.51382982746125e-07	0.0	0.0	0.0	0.0	0.0
869.7547700033397	-0.4735553752980195	756473.3599435623	0.2242546934736481	890.7137984139579	-1.696422358921609	2.8778488198491563	793371.0706850208	835.3385494485667	-0.2005964430649101	697790.4921948356	0.0402389329702937	833.6549581311413	769.8985077093455	1.078563	14.260334	0.03815460786306	0.0227441695694017	-0.0568564294	0.0456546665	0.0001803244	-0.0143968043	-0.1147731793	0.0034811625	0.067313521	0.091970268	0.0155711957	2.42449e-05	0.1191299963	-0.0729850546	0.0004891189	0.0416167372	-0.2531994804	-0.0045355372	-0.1093875822	-0.0772597955	-0.0181092172	0.0386356873	-0.0107246445	-0.0465108364	-0.0892290078	0.0201126734	-0.0203596676	-0.0226618114	0.0198848099	-0.0929996229	0.0930520006	-0.0015775374	0.0964784827	0.0434936879	0.0606495615	0.010254805	0.0373976863	-0.016549119	-0.0636824912	0.1353858064	0.0001124758	-0.1670342846	0.0091940518	-0.0140000381	-0.1509102853	0.2299159962	-0.0083340077	0.0402044181	0.0612084509	-0.0824792329	-0.1183166799	0.014798302	-0.0509620426	0.0320599468	-0.045163019	0.0893744306	-0.0674949248	-0.070609027	0.1111307019	0.0207835628	-0.0307706628	-0.0361669133	-0.1075701737	-0.0743012675	0.0948123518	0.006665199	0.0815470026	0.0508482649	0.0668329251	0.0269289779	0.0677805421	0.1245993557	0.061972612	0.0483548947	0.0507518866	-0.0850176422	0.0092246717	-0.1021317053	-0.0117330909	0.0789059918	0.1191736486	0.1012920508	-0.1139470985	0.0628235646	-0.0140138348	0.0469409709	-0.0048535008	-0.0500746985	-0.0728016798	-0.0244765629	-0.0157650188	0.0123469242	-0.0074808158	0.1277634447	0.1237830955	0.1172407796	-0.0117849706385158	-0.0057791014720295	0.0001388855329506	3.339801382401353e-05	0.0144170278398405	-0.0181306634840012	0.0002078506917347	0.00032872095837	-0.0019877271926205	-4.27333631876001e-05	1.8261403293233351e-09	3.951059392282975e-06	-0.0005149996200393	-0.0001790000483623	3.204101731374153e-08	2.652246086406234e-07	0.0006619998595063	-0.0001050005402908	4.3824381398636097e-07	1.1025113461380908e-08	1.7039010813553988e-07	4.160222353226774e-08	2.903278895044097e-14	1.730745002828772e-15	0.0	0.0	0.0	0.0	0.0
869.0349339289824	-0.7198360743573176	755221.7163889507	0.5181639739461537	891.1982660566058	0.4844676426479282	0.2347088967728406	794234.3494223007	836.55454782149	1.215998372923309	699823.5114808177	1.478652042952135	834.3716840291761	753.5621929089885	1.048802	13.866836	0.0659154430646037	0.0364501844300259	0.0446533207	-0.0157197813	-0.0300745319	-0.0588043628	0.172179363	-0.0841195414	-0.0311212345	0.1111633221	0.0271912327	0.0530625318	-0.0761577148	0.107559408	0.1148537845	-0.0490335786	-0.1022323817	-0.0310871679	0.1352023186	0.0546046473	0.0412758051	0.0442261608	0.0290066876	0.0230160719	-0.1312211299	0.0203199891	-0.0761856391	0.0764378617	-0.064685476	-0.0695210547	0.0628051549	0.096639071	0.0725743523	0.0482030327	0.1788422757	-0.0549483028	0.0612089017	-0.1244786373	0.0183212994	0.1256752758	-0.0266169719	0.041336229	-0.0967143297	0.0560618537	-0.1193925775	0.0788605448	0.0207164309	-0.1000306732	0.0445335848	-0.0220403648	0.079097846	-0.1427736664	0.0161901155	0.0175221674	0.0049428928	0.0010786324	-0.1408698033	-0.0836664103	-0.0512908684	0.0999196148	-0.0387099569	-0.0781922956	-0.1156216783	0.0060968646	0.0927596532	-0.0785251437	-0.0629545336	0.0657463786	0.0835971167	-0.0147813306	0.1011846922	0.0556664254	0.07058804	-0.0501780974	0.0897535444	-0.0085491392	-0.0452216755	-0.224655572	0.0236250775	-0.0628704273	0.0971627428	0.0863515172	0.1272398312	0.1245560617	-0.1136061502	0.0130754278	-0.0221011697	0.0564910236	-0.0012012103	-0.0540279165	0.084490458	-0.0461245897	-0.0213688101	0.1272347401	0.1216944932	0.1126387502	-0.0278680611075969	-0.0160830904690811	0.0007766288298967	0.0002586657990366	-0.009335475643013	-0.0237525034828535	8.715110548128898e-05	0.0005641814217029	-0.0241164286736434	-0.0221287014810229	0.0004896794292362	0.0005816021319709	-0.0005360000462931	-2.100042625380002e-05	4.4101790284129307e-10	2.8729604962620537e-07	0.0007199997913096	5.799993180329998e-05	5.183996994858676e-07	3.363992089187448e-09	1.9298468395968337e-07	2.2594575824143488e-08	3.7243088243018876e-14	5.105148566729694e-16	0.0	0.0	0.0	0.0	0.0
868.1426553597717	-0.8922785692107027	753671.6700551152	0.7961610450726988	897.4575557163784	6.2592896597725485	39.17870704493554	805430.0643124164	836.4434922278604	-0.1110555936296577	699637.7156903388	0.0123333448764356	834.9445139462185	753.1112330373654	1.130992	14.953524	0.0564736919116481	0.0312892434184146	0.0419750173	-0.1222662634	0.0373858697	-0.0236285463	-0.1727698293	-0.0965040757	0.0508240062	0.095841198	-0.1045065549	-0.0125051872	0.0524521176	-0.0850791134	-0.0296711081	-0.0295300306	-0.1257135353	-0.0755015916	0.0727650259	0.0256750709	-0.0809955782	0.035001837	-0.0415154099	-0.0283286066	-0.1274917862	-0.016744728	-0.0233183642	-0.05510634	-0.0429215151	-0.0480031057	-0.0423463772	0.0570322647	-0.0313428657	0.0069342877	-0.1202646127	-0.148544876	0.0203980083	-0.0013879647	-0.187227608	-0.1117393627	-0.1068438571	0.047964293	-0.013951912	0.0449346264	0.0208672854	0.083819308	-0.0464822495	-0.0646409844	0.0861544334	-0.0762552575	-0.0610550843	0.0475618214	0.0246372816	0.153254668	0.0730387832	-0.0236864473	0.0736167564	-0.122680852	0.0304222388	-0.0273410708	0.0190891867	-0.0882894183	0.0181150415	-0.0883279036	0.0656559909	0.1629192186	-0.0245193896	-0.0798994595	-0.0134701748	0.0198547228	0.0493899817	0.0564544225	0.110136506	-0.0602644331	0.0577606212	-0.047061618	0.0649875876	-0.066855277	0.1003089616	-0.1081041159	0.1096904596	-0.069546292	-0.1289389131	0.0769412173	5.19121e-05	0.0419195768	-0.1259946285	0.0391478531	-0.1012415822	-0.0173023571	-0.0056911194	-0.0753563664	-0.07369796	0.1266188352	0.1192723348	0.1073422654	-0.0118326396924572	0.0160354214151397	0.0001400113620915	0.0002571347399611	0.005029196402873	0.014364672045886	2.529281645867073e-05	0.0002063438029858	-0.0018938979498486	0.0222225307237948	0.00049384087177	3.58684944444073e-06	-0.0005219999001139	1.4000146179200051e-05	1.9600409303896982e-10	2.724838957189216e-07	0.0006570001679808	-6.299962332880003e-05	4.316492207267994e-07	3.9689525395706856e-09	1.7139965540662397e-07	-2.1585028553059403e-08	2.937784187350944e-14	4.659134576363897e-16	0.0	0.0	0.0	0.0	0.0
869.6413309968498	1.4986756370781222	756276.0445779724	2.246028665171516	897.0636090414864	-0.3939466748919358	0.1551939826584125	804723.1186665368	836.877211312614	0.4337190847536476	700363.4668143776	0.1881122444795417	834.3860159647834	746.9081477567184	1.035779	13.694656	0.0295120540888521	0.0218622961928994	0.1142599231	-0.0186061393	0.0210472672	0.0456674598	0.0287045811	-0.1243581551	-0.0808302269	0.0442557846	0.0602935102	0.0673980747	0.0333118924	0.0922886128	-0.067232477	-0.1717046404	-0.0869359927	-0.0396542282	-0.0086586543	0.0427808764	-0.025575825	0.102079713	0.0831532775	-0.0288481028	-0.0600715362	-0.074204755	-0.1150162536	-0.032018065	-0.0009623572	0.0403091583	-0.1103182551	0.0999559047	0.0340141194	0.0670599595	-0.0257119076	0.0941385244	0.1088310869	-0.0465360222	0.1158304176	-0.0987686609	0.0432634079	0.0295127893	0.0532991355	0.0744155762	-0.0460678976	0.0577147896	0.0544988512	0.0326709278	0.0689133607	-0.0334776425	-0.0210797234	-0.1700440813	0.0035905672	0.0572293107	0.115020724	0.0075774234	-0.0100487595	-0.1189042232	-0.0454198977	0.0763989211	0.0693943134	0.0548512056	0.0536625781	0.0780054122	-0.0744604766	0.0237681857	-0.200593219	0.0161592473	-0.0660700572	-0.0260887843	-0.0031280312	0.0172643743	0.1064054188	0.0169863419	0.1070989048	-0.01128307	-0.0138682595	-0.0939430206	-0.0414538924	-0.1505948435	0.1037856597	-0.0205346275	0.0355238778	-0.0500571782	-0.1301655746	0.0302055143	0.0430800818	0.008600026	-0.0745816534	0.0457052357	0.0305989145	-0.1022841537	-0.0626052845	0.1259161521	0.1165232592	0.1013839798	-0.0118893426675441	-5.67029750869006e-05	0.0001413564690662	3.21522738370567e-09	0.0020834009643806	-0.0029457954384924	4.340559578382015e-06	8.677710765442631e-06	-0.0020492296959346	-0.0001553317460859	2.4127951342125558e-08	4.199342346700213e-06	-0.0006570000770169	-0.000135000176903	1.8225047763841323e-08	4.316491012002126e-07	0.0002650002568043	-0.0003919999111765	7.022513610634496e-08	1.5366393036238389e-07	8.700915117055858e-08	-8.43905042360654e-08	7.570592387421116e-15	7.121757205217371e-15	0.0	0.0	0.0	0.0	0.0
871.556195706446	1.9148647095962588	759610.2022742928	3.666706856057164	899.7802416120256	2.7166325705392182	7.380092523314521	809604.4831953952	838.0035523054472	1.1263409928332069	702249.9536765484	1.2686440321364938	836.16634313839	758.059671733005	1.118178	14.784103	0.0235910805048106	0.0133970489904955	-0.0410019068	-0.0521722373	0.0380946783	-0.0281256057	-0.2008494859	-0.0374216707	-0.0449321175	-0.0662312818	0.0357736724	-0.0173759477	0.0715763276	-0.0668768695	-0.0667327769	0.0169732359	-0.0153973774	0.0011639543	0.0871275897	-0.0181454849	-0.134936752	-0.1047132468	-0.0067978682	-0.1027916051	-0.0814262236	-0.090817986	-0.0804053741	-0.2297132537	-0.027311454	-0.0331813704	0.0215583059	0.102503224	-0.037196748	0.1008504381	0.0452950936	0.0974446961	-0.0635618744	0.116956581	0.056318324	-0.0796640632	-0.0383607708	0.1099559403	0.1340012806	0.1524687298	0.1140786757	0.0380030495	-0.0505939097	-0.0131481916	-0.0775527946	-0.1104322056	0.0900241413	0.0885709647	-0.0759250349	0.115044584	0.1072120657	0.0944798882	0.0965869253	-0.1144920275	-0.0094557113	0.0932795573	-0.0049903633	-0.1050333825	-0.0126073221	0.0227549636	-0.0827564878	0.1021779418	-0.012900796	-0.014716165	-0.0701861117	0.0643093692	0.0801691532	0.0850223207	0.0208485962	0.0140540316	-0.0058856017	0.0269533379	0.067117279	0.0640646448	0.1432476709	-0.0752440749	0.1272595129	-0.0793892258	-0.1703537602	-0.0040495927	-0.0479238095	0.1190358228	-0.0167736962	0.097222647	-0.1046794771	-0.0016816887	-0.0646094212	-0.0198108474	-0.0588765185	0.1251271724	0.1134548014	0.0948006283	-0.0016771099174093	0.0102122327501348	2.812697675072629e-06	0.0001042896977429	0.0058743413230644	0.0037909403586837	3.4507885979862006e-05	1.4371228803097655e-05	-0.001811533959561	0.0002376957363735	5.6499263090187915e-08	3.281655286642755e-06	-0.0005220000275223	0.0001350000494946	1.822501336354447e-08	2.72484028733282e-07	0.0003170001415211	5.199988471680004e-05	1.0048908972439745e-07	2.703988010560494e-09	8.2710170201119e-08	-4.298980969439582e-09	6.840972254698073e-15	1.8481237375603688e-17	0.0	0.0	0.0	0.0	0.0
870.0851015234856	-1.471094182960428	757048.0838931343	2.1641180951400094	891.5644039699009	-8.215837642124711	67.49998816175334	794887.0864262047	838.7775770091547	0.7740247037074823	703547.8236933484	0.5991142419494558	836.4873066695695	763.7388587825554	1.461387	19.32188	0.0507766617977125	0.0276719575816459	0.1144059436	0.1571242984	-0.0210377088	0.1542477947	0.0164551757	-0.0469412958	0.1674431125	0.0509893867	0.1126071125	-0.1763702801	-0.0306523441	-0.091179143	-0.0038885204	-0.1060395395	0.0395658406	-0.167184494	-0.247747812	-0.0109963153	0.0599287595	-0.0113327064	0.0067819653	-0.0693494452	-0.0342616895	-0.1840354181	0.0353365538	0.0746599361	-0.08937352	0.0365095969	-0.0485215206	0.0466442786	-0.1200919053	0.1292969095	-0.0472565069	0.1037684587	-0.0958893949	0.0073272968	-0.0581050374	-0.0328761177	-0.0080448464	0.0056324743	-0.129876465	0.0882395172	-0.096081488	-0.0456614963	0.020175235	0.2534517294	0.1523176077	0.0932216735	0.0208894624	0.0287912269	-0.0570710074	0.016437026	0.0501432259	-0.0274256181	0.0837756358	0.0321735315	-0.1591923789	-0.0361993119	-0.0008716341	-0.1741414854	0.0161815141	0.0064967979	-0.0109474124	0.0368409105	0.0544014936	-0.0514802149	0.0966776616	0.1052997402	-0.0271997076	-0.1030578612	-0.0932343486	0.1381050482	0.025822376	-0.0637019362	-0.0488832177	0.0076572402	-0.1137180941	-0.0575311772	0.0297522382	-0.1405585531	-0.0471642827	0.157203723	-0.0817558096	-0.0357455976	-0.0529096201	0.0149988763	-0.0277971584	0.0591386057	-0.0222856228	-0.1048978478	-0.0978993337	0.1242524367	0.1100753719	0.0876327994	0.0102977358539249	0.0119748457713342	0.0001060433637172	0.0001433969312472	0.0312863403461136	0.0254119990230492	0.0009788350922528	0.0006457696943474	-0.0018478527556951	-3.631879613409986e-05	1.319054952630307e-09	3.4145598067299747e-06	-0.0005219617808371	3.824668519999269e-08	1.4628089287873401e-15	2.724441006546368e-07	0.0003890505769388	7.205043541769999e-05	1.5136035141641318e-07	5.1912652438801565e-09	-0.0001948985718708	-0.000194981282041	3.7985453317277394e-08	3.8017700346352434e-08	0.0	0.0	0.0	0.0	0.0
869.4008939031681	-0.6842076203174656	755857.9143196278	0.4681400677004892	893.8437519618443	2.279347991943382	5.195427268376329	798956.652921227	838.7378910998278	-0.0396859093268631	703481.2499665867	0.0015749713991	836.7443033749295	754.5216981793238	1.260399	16.664494	0.1075602400498518	0.0444534482433822	0.1495294553	0.0350936942	-0.0415534007	-0.0465057332	0.1903007843	-0.0722228479	-0.0531125526	0.0729525363	0.1347503706	0.0870803859	-0.103234603	0.1648738149	0.1204523004	-0.0733575544	0.0442215447	-0.0530408969	0.0475246757	0.0666438364	0.0796521031	0.0058030677	0.1546465914	0.1373921982	0.0714585917	-0.0846167809	-0.0233786545	-0.0345050261	0.0464749472	0.0204968662	-0.1511860593	-0.1163478171	0.0482230432	-0.0345397576	0.0109290885	0.0215643528	0.0969517905	0.0116175263	0.1278344233	-0.0403580983	0.0275106077	-0.0642534589	-0.1985146132	-0.0947067087	0.0208191404	-0.0460493983	0.0464147275	-0.0158600679	0.0325905776	0.0674332715	0.1623407119	-0.1579305437	0.1102229344	-0.0193995937	0.0781699696	0.0293315294	0.0498383893	0.0553620773	-0.0505963521	-0.0665495519	0.2168672522	0.0439872814	-0.055644183	0.1089501136	-0.0958432254	-0.0595459529	-0.083193127	0.1161755591	-0.0568818797	0.0210107698	-0.1415210591	-0.1077117578	-0.0899534296	-0.0740697955	0.0507971832	0.0261040169	-0.1079415715	-0.0818211842	0.0416277061	-0.1589743569	0.016795074	-0.0081420454	0.1220721264	-0.0273563276	-0.090182601	0.1214790962	-0.0767912328	-0.0171971245	-0.002241994	0.0777025428	-0.0857890982	-0.054357915	-0.1170691341	0.1232925447	0.1063942335	0.0799246852	-0.0149840107186918	-0.0252817465726166	0.0002245205772178	0.000639166709762	0.0312362228509925	-5.01174951210992e-05	0.0009757016179968	2.5117633172134013e-09	0.0243849759808583	0.0262328287365534	0.0006881613035213	0.000594627053587	1.4000016062806563e-05	0.0005359617968999	2.872550477361767e-07	1.9600044975884176e-10	-1.2878587085651816e-14	-0.0003890505769516	1.658580053227177e-28	1.51360351426434e-07	-8.111729146595631e-13	0.0001948985710596	6.580014974772909e-25	3.7985453001084514e-08	0.0	0.0	0.0	0.0	0.0
870.1392797750578	0.7383858718897045	757142.3662074563	0.5452136958063191	898.5615352085658	4.717783246721524	22.257478763046283	807412.8325563747	839.2255747592623	0.487683659434424	704299.5653300141	0.2378353516793513	837.3962785543855	751.9883247328198	1.249109	16.515226	0.0641731541896478	0.0451343919552722	0.0580006483	-0.1744097627	0.0637907075	-0.1141196166	-0.0419673705	-0.0117411647	-0.0635729292	-0.1342748225	-0.1510010994	0.029987267	0.0359403764	-0.0153045206	0.0069408903	0.124958538	0.065290676	0.1172332252	0.1349935351	0.0469771124	-0.0740939106	0.02293415	-0.0230332443	0.018527064	-0.0864460531	0.0880968388	0.0599981983	0.0424814208	-0.123247897	0.0786509587	-0.0519497705	-0.1515304604	0.058511718	0.1735361893	0.232804949	0.1331488806	0.0582275224	-0.0710407626	0.0287546042	-0.0052355449	0.2155833844	0.00301956	-0.0309104152	0.0013458626	0.1608923003	-0.0721406359	-0.0038584585	-0.1241882609	-0.122257676	-0.0885822143	-0.0059246761	0.0430052969	0.0942603741	0.0754137267	0.0219362054	-0.0615763485	0.0036442005	0.0230058119	-0.0661158773	-0.0955393323	0.0186083004	-0.0901263021	-0.0506389128	-0.0704935245	-0.1793091259	-0.1013230465	-0.0308199106	0.2629788967	0.0951051648	-0.0584789528	-0.0946793954	0.0349021062	0.0225772735	-0.1555575377	0.0400029997	-0.0210924123	0.0558134209	0.1611491096	0.1446089891	-0.1739939984	-0.0546132157	-0.024467985	0.0189424731	0.0776408032	-0.0247960802	-0.0141642854	-0.1392890291	-0.0348216458	-0.0442628151	0.0434403333	0.0037874282	-0.0620259572	0.0686379344	0.1222481541	0.1024214758	0.0717238087	-0.0140489698809176	0.0009350408377741	0.0001973735547149	8.743013683054756e-07	-0.0058806675979781	-0.0371168904489705	3.458225139790952e-05	0.0013776635566008	-0.0011362497550493	-0.0255212257359076	0.0006513329630631	1.2910635058495942e-06	2.59999590676226e-05	1.1999943004816036e-05	1.4399863211883334e-10	6.759978715180506e-10	-3.2152058793144533e-13	-3.086420008457935e-13	1.0337548846378228e-25	9.52598846860948e-26	-7.847221187602801e-13	2.6450795899283022e-14	6.15788803671623e-25	6.9964460370552745e-28	0.0	0.0	0.0	0.0	0.0
871.4701078825402	1.3308281074823751	759460.1489328063	1.7711034516651207	898.3498742239816	-0.2116609845842276	0.0448003723951646	807032.4965182436	839.2819477000925	0.0563729408302151	704394.1877352608	0.0031779084578469	838.1363097515302	759.7164026843615	1.264916	16.724209	0.0436551837956018	0.0230487684506853	0.0563032904	0.0921107795	-0.0376886101	0.0201537447	-0.099656337	-0.0499988507	-0.0719856981	-0.0763758549	-0.0324522742	-9.43291e-05	0.140225535	0.039320899	0.004093654	-0.0761646595	-0.0032675251	0.0535499185	-0.1879918861	-0.1632311462	0.029906361	0.0103212819	-0.0759782399	-0.0421008273	-0.0026576804	0.1274945396	-0.0875242486	-0.0152805065	-0.0906993679	0.1111924264	-0.1207557223	-0.1085541361	-0.1264043036	0.0084752207	0.0530841804	0.0391571591	0.2701657239	-0.0034964971	-0.0207404531	-0.0674364968	0.0389860033	0.026451037	0.0951087173	0.077387002	-0.0434125102	0.0352803663	-0.0214850682	0.1212418888	-0.0667294064	0.0771138748	-0.1959322739	0.0752281402	0.0535311847	-0.0498780378	-0.1455754658	-0.0524195986	-0.030210897	-0.0161702367	-0.022802105	-0.0797713834	0.0735441918	-0.0920107673	-0.041216267	0.0162184786	-0.1497841027	-0.1530662631	-0.2113932992	0.0955176717	-0.1056592195	-0.0828055304	-0.0299933203	0.0641594801	0.0039573714	0.0864930067	0.0586102248	-0.197353737	-0.0600813405	0.1349294131	-0.0111885084	0.028797061	-0.003077009	0.0061127829	0.0789773347	-0.0145505441	-0.1251214069	-0.0668605394	0.0368714203	-0.0825714293	-0.0657114165	0.077425509	0.0138894106	-0.1150304327	0.0429580019	0.1211199807	0.098167988	0.063080731	-0.0216173137939534	-0.0075683439130357	0.0004673082556662	5.727982958598601e-05	-0.0058554827130592	2.5184884918900453e-05	3.4286677802935127e-05	6.342784283782594e-10	-0.0220478909443144	-0.0209116411892651	0.0004372967372285	0.0004861094950923	-0.000277000271432	-0.0003030002304996	9.180913968282441e-08	7.672915037340166e-08	3.206324095117452e-12	3.5278446830488974e-12	1.0280514202930748e-23	1.2445688107716377e-23	4.1355451046087496e-11	4.2140173164847776e-11	1.7102733312253394e-21	1.7757941943633567e-21	0.0	0.0	0.0	0.0	0.0
873.6700485443853	2.199940661845062	763299.3537235486	4.83973891563929	899.1189185006278	0.7690442766462411	0.5914290994423402	808414.8296057386	840.1722241962748	0.8902764961823095	705889.3663109154	0.7925922396546498	837.7617526024887	760.0064806819947	1.274257	16.847719	0.0521067643316653	0.0256073440268879	-0.0364791732	-0.0432433468	-0.0460157647	-0.0572003473	0.1477048002	0.055815336	-0.1025909144	-0.0957813846	0.0522548075	0.1020592512	-0.113153048	0.0952799085	-0.0087364472	0.1097040013	0.0849796429	0.1167993484	-0.0068517745	0.0467975113	0.0721975308	-0.0386832292	-0.0437128596	0.0713022941	0.0685268853	-0.0445062593	-0.0788599034	0.0096194397	-0.2017431714	-0.1122124406	0.0614379312	0.0985657987	0.0465124916	-0.0169824077	-0.0478393459	-0.0122224474	-0.0471800929	0.0366733217	0.0539515686	0.0597529687	0.0799046723	0.0982629654	-0.1553186773	0.0741671414	0.0255770046	-0.0600235638	0.1367946615	-0.0260545119	-0.0832508571	0.0466158977	0.0241840481	-0.0445005988	0.0496602718	-0.1509827666	0.0364513032	0.0074173572	-0.0621507101	-0.1347673312	-0.0365051944	0.095948772	-0.0317583206	-0.166385476	0.0740280034	-0.1474618247	0.054903921	-0.0818989531	0.1374777519	-0.0018780198	-0.0348268344	0.034169597	0.0415566615	-9.72755e-05	0.0266938047	0.0365729071	-0.1076031383	0.0521497654	0.0070500893	0.0395263543	0.006160562	-0.0538685804	-0.1299393041	0.0581635146	0.2360598055	-0.1201532216	-0.1379070935	0.0576319349	-0.0185322536	0.0304447646	-0.0825905888	0.1219561528	0.0861620237	0.1075469419	0.1188684326	0.1199087977	0.0936454286	0.0540487397	-0.0074249955332987	0.0141923182606546	5.5130558669505645e-05	0.0002014218976117	0.0146734789674525	0.0205289616805117	0.0002153109850082	0.0004214382676799	-0.0211632452780037	0.0008846456663107	7.82597954922304e-07	0.0004478829506969	-0.0001569998494504	0.0001200004219815	1.4400101275762064e-08	2.4648952727448266e-08	1.6561778837242972e-08	1.6558572513147854e-08	2.742925182537492e-16	2.7418632367317564e-16	-0.0002099997525742	-0.0002099997939296	4.4099896081225216e-08	4.40999134504959e-08	0.0	0.0	0.0	0.0	0.0
872.9013588979916	-0.7686896463936819	761956.7823659603	0.5908837724728436	897.8327806745257	-1.2861378261021628	1.654150507730797	806103.702053751	839.6318866847207	-0.5403375115540712	704981.7051377437	0.2919646263924459	838.3043091764155	772.467629937101	1.188916	15.719378	0.0620912429335556	0.0322043389531915	-0.0983855439	0.0167470006	0.0521327509	-0.0043817758	-0.1874472694	0.1143054587	0.0719215895	-0.0218250648	0.0036421949	-0.1136560742	0.0641002981	-0.1135496163	-0.0154641057	0.1015087284	0.0239525963	-0.0120980784	-0.0040119267	-0.0335752517	-0.0468427129	-0.1122100916	-0.095445131	-0.1424281143	0.1006652254	0.0411547571	0.0438093342	-0.0690898894	0.1729301274	-0.231242229	0.0413023772	0.0884402973	0.0626266817	0.0767451469	0.0159103527	-0.0469237736	-0.0173265671	0.0743422831	-0.0283443657	0.0062882061	0.0563908883	-0.0822968247	0.0607888758	-0.1313198864	0.0176592964	-0.0098315434	-0.0661001505	0.0393458819	0.0129235196	-0.0177911214	0.0280367517	0.1629902913	-0.1189572597	-0.0234618908	-0.1108436951	0.0754336731	0.1433542933	-0.1018367152	0.0230538631	0.0422545088	-0.0024246269	0.0599760815	-0.0775239534	-0.0366092871	0.0651279336	0.0187956941	0.1179427709	0.1206317063	-0.0431840224	0.0935018495	0.1111062404	-0.0034147239	-0.0605576038	0.0646850413	-0.0684776561	0.0006775001	0.0352004092	0.1695021462	0.0554895519	0.1493177992	-0.0035640428	-0.0540386197	0.0017944631	-0.0535603678	-0.0275604773	0.1664011753	0.0118336211	-0.0779374341	-0.0480423038	0.0359293807	-0.0151367973	0.106684774	-0.0259656579	0.1186154352	0.0888661936	0.0446835199	-0.0019708839198955	0.0054541116134031	3.884383425702652e-06	2.974733349145965e-05	0.0257150796931568	0.0110416007257043	0.0006612653236254	0.0001219169465858	-0.0290570711689639	-0.0078938258909601	6.231248719679356e-05	0.0008443133849182	0.0002179997514494	0.0003749996008997	1.4062470067500926e-07	4.752389163200017e-08	-0.0001689997662295	-0.0001690163280083	2.8560920985625644e-08	2.8566519133421843e-08	1.841258742079721e-08	0.0002100181651616	3.390233755284997e-16	4.410762969785383e-08	0.0	0.0	0.0	0.0	0.0
873.1356710040665	0.2343121060748672	762365.8999797214	0.0549021630532398	901.598827798026	3.766047123500357	14.183110936425312	812880.4462867746	841.1324728992035	1.500586214482837	707503.8369655294	2.251758987095931	839.5428467740718	763.5824401319519	1.114645	14.73739	0.0593310046465554	0.0229467441357234	0.0153569027	-0.0019169324	-0.0470120321	0.0267878391	0.1097706802	0.0251946737	-0.0156180437	0.0223847029	0.0428595149	0.0158176959	-0.2368750331	0.0167121743	0.0249970109	0.0300783235	0.1439611678	0.004059134	0.052084401	0.0450391954	0.167573939	-0.0751887173	-0.018346566	0.0441401797	0.1283701849	-0.0403280461	0.0104278573	0.0111708847	0.1121271311	0.0258671686	0.0335050043	0.15480636	0.0425751919	-0.0479923492	-0.1665579093	-0.1282744219	0.0726774038	-0.126499707	-0.0159617358	0.1646835092	0.1547583051	0.1167426637	0.055823396	0.1066033443	0.0543413674	-0.1258273351	0.0633403379	-0.0453947637	0.0074861475	0.1260268225	0.1117334946	-0.0101544688	-0.0547473976	-0.1391618728	-0.0724168619	-0.0122650206	0.0968701564	-0.0387658024	-0.1158878056	0.0201937935	0.0581853896	0.0518528309	-0.0189380134	-0.0385860417	0.2177604407	0.0093528328	0.0725683187	0.0310322447	-0.0532370468	0.0245747706	0.0218149	-0.0948608847	-0.0872613865	0.0077083115	-0.1361968868	0.0539489032	0.0167765842	0.0360810815	0.0119316891	0.0534371234	0.0202283858	0.0230049373	0.1494769749	-0.0601568702	-0.0027543184	0.0500648877	0.0174006114	0.0286319606	0.0304335292	0.0305454584	0.0496440204	0.0604253626	0.039270266	0.1172407796	0.0838433825	0.0350428114	0.0087605046574452	0.0107313885773407	7.674644185311903e-05	0.0001151627007978	0.034211005480202	0.0084959257870451	0.0011703928959664	7.218075497897956e-05	-0.0330098196891555	-0.0039527485201916	1.562422086387689e-05	0.0010896481959105	-5.000026381919584e-06	-0.0002229997778313	4.9728900912817896e-08	2.5000263819891847e-11	8.43535019612318e-10	0.0001690006097645	7.1155132931235385e-19	2.856120610077944e-08	-0.0003310000350563	-0.0003310184476437	1.0956102320727185e-07	1.0957321268045873e-07	0.0	0.0	0.0	0.0	0.0
871.3182777596656	-1.8173932444008187	759195.5411580699	3.302918204793734	896.9157762799945	-4.6830515180315615	21.930971520537717	804457.9097399451	840.222549215901	-0.9099236833025088	705973.9322108673	0.8279611094348044	838.4347619125524	758.5072529453877	1.224432	16.188957	0.0551728618695659	0.0286132285325064	0.0058897009	-0.120735802	0.1336133908	-0.0374074348	-0.1186542489	0.0393271062	0.0174471664	-0.0280090307	-0.1522439511	-0.0143088291	-0.0176199375	-0.0817102426	-0.0749124742	0.0794694447	0.1140826565	-0.0185436345	0.1199720695	0.0681132828	-0.0514136998	0.0308051648	-0.105123033	0.0006893191	0.0083402712	0.0220425637	0.1856593484	-0.0819325921	0.1053668486	0.0318983781	-0.087416214	-0.0324340581	0.0382317467	0.0091291666	-0.0538550965	-0.0971465888	-0.1180307366	-0.040414679	-0.0663035879	-0.0336349426	-0.0482027444	0.0914569138	-0.1378237786	-0.023200618	-0.0098938172	-0.1433052909	-0.0710434172	-0.1144630173	0.0122563932	-0.0657115822	-0.0309004249	0.1000263451	0.0204720965	0.0478352914	-0.0224578674	0.0173587674	0.0886320769	0.0460447685	-0.0678910036	-0.0717647264	0.0558958375	0.1228854865	-0.0197434583	-0.049382108	-0.0360994251	0.0655494812	0.1338559739	-0.1211297825	0.1048696729	-0.0361280312	-0.0838742962	-0.0184618375	-0.0326812895	-0.1495262594	-0.0061009722	0.0708778275	0.1583285929	0.1287399898	0.0578935788	0.0426639597	-0.0232328571	-0.0370607382	-0.0975069232	0.0351066719	0.0839034374	-0.055034393	-0.0378612396	-0.0906406968	0.0542444946	0.0380923449	-0.0124416079	0.0985978122	-0.0110446041	0.1157857731	0.0785907625	0.0251860523	0.008720942164075	-3.956249337019879e-05	7.605483222914115e-05	1.5651908816670231e-09	0.0240484469951951	-0.0101625584850068	0.0005783278028807	0.0001032775949611	-0.0191387763465726	0.0138710433425828	0.0001924058434118	0.0003662927600441	-5.7999979707966525e-05	-5.299995332604694e-05	2.808995052563154e-09	3.3639976461245286e-09	-0.0002380000221147	-0.0002380008656497	5.6644010526597694e-08	5.6644412050015886e-08	-6.903059947885846e-09	0.0003309931319963	4.765223664410575e-17	1.0955645342875461e-07	0.0	0.0	0.0	0.0	0.0
872.3330067622435	1.0147290025778375	760964.8746868563	1.0296749486726129	895.1594261169433	-1.7563501630511382	3.08476589524976	801310.3981660153	840.7838610582645	0.561311842363466	706917.501016043	0.3150709843774685	839.1260269951574	760.8901179053566	1.389577	18.372435	0.039148389219302	0.0207591761619936	0.0389947933	0.1315976797	-0.0279339463	0.0682025973	0.0525834395	-0.0639136977	-0.0050161606	0.0401090994	0.0056754852	0.0186607923	0.0912324778	0.0619931157	-0.0401335893	-0.1304475963	0.119664914	0.0199507166	-0.0630900286	-0.0741254835	0.0152779437	0.0937857966	0.0542763456	0.0956222111	0.0176565819	-0.1504589583	0.0652942908	0.0135975318	-0.0205077224	0.0484194827	-0.0842801017	-0.1112997089	0.0233091306	-0.0590579485	-0.0073363221	0.1338989195	0.0442659842	0.2115612624	0.1533391093	8.63532e-05	0.0765698769	-0.1928880702	0.0179463208	-0.0353049906	0.0385330817	-0.0841394951	-0.0165442025	0.1164783515	-0.0349959112	0.1149306614	-0.0880739863	-0.1317534787	-0.0474014123	-0.0293035433	0.1696018271	-0.0951440731	0.0803999295	0.0136762402	0.1139994207	-0.0934407923	0.0824054885	0.162564912	0.0478761054	-0.1565571751	-0.0982501218	-0.1193116309	0.0956448894	0.0427713208	-0.1279517616	-0.0536800599	-0.0924889986	0.0366537261	0.0153206945	0.0157727844	0.0188703152	-0.0314793742	-0.0114160996	-0.0800860188	-0.1280851916	-0.0577924428	-0.0752346204	-0.1229611717	0.0128940601	-0.1495034913	0.0216336135	-0.1336905218	0.0169636143	0.0072509799	0.0757189742	-0.0491057116	0.0824926871	0.1720573917	-0.0005236542	0.1142514127	0.0731227308	0.0151740128	0.002282229841569	-0.006438712322506	5.208573049748063e-06	4.145701637199061e-05	0.0126326876030589	-0.0114157593921362	0.0001595847960764	0.0001303195624991	-0.014646226151207	0.0044925501953656	2.018300725787949e-05	0.0002145119404722	-0.0001650261852254	-0.0001070262055174	1.1454608667459906e-08	2.723364181004803e-08	-0.0002799845673342	-4.198454521950001e-05	7.839135794531918e-08	1.762702037288241e-09	-0.0001870234985089	-0.0001870165954489	3.497778899450851e-08	3.4975206973317017e-08	0.0	0.0	0.0	0.0	0.0
874.3187659823595	1.9857592201160517	764433.3045489159	3.9432396802759087	900.0648327418736	4.905406624930265	24.06301415590973	810116.7031386569	840.8265021770854	0.0426411188209385	706989.2067633523	0.0018182650143014	838.8004800698192	766.7506560333504	1.44215	19.067537	0.0617055776544135	0.0323208183873592	-0.1302938614	-0.1496302298	0.0364554285	-0.1206634883	-0.0106317947	0.1392601575	-0.0327810732	-0.0490744604	-0.0125057705	0.0890233827	-0.0126552446	-0.0525981672	-0.04794007	0.1096945665	0.0882597932	0.1538343149	0.1073447908	-0.0008838984	-0.0709028625	-0.0379977514	-0.1659068097	0.0757044054	0.0090485293	-0.0414436283	0.0012376538	0.1255679694	-0.0265178391	0.0517191928	0.0329351147	-0.0280964863	-0.1584754643	0.0028930728	0.0122411752	-0.1876532359	-0.0063852442	-0.0386571589	0.0321333259	0.0189085767	-0.0429544477	-0.1159919194	0.2149572512	0.0369074777	-0.059820798	-0.0612217882	0.0061866633	-0.1264816989	-0.1571369925	-0.0771995799	-0.0097703537	0.0702701726	-0.0035026257	-0.1227251902	0.1168471312	-0.0335124383	-0.0181592723	-0.0143105163	-0.0408451089	-0.0174685897	-0.1076121512	-0.0358109704	-0.0662261377	-0.1013692089	-0.0077946307	-0.0562485005	-0.1220321749	-0.1058064687	-0.0443109106	0.001068394	0.0109018669	0.0832738315	0.0547664482	-0.0744549437	-0.0559203228	0.0818664913	0.1342928533	0.0230139045	0.0670548126	0.0163911238	-0.1750475714	0.0721015933	-0.0648646136	-0.0846776871	0.1347141866	-0.084271303	-0.0040291916	-0.0575352412	0.0671913106	-0.0382220162	-0.0285970313	0.0792748127	-0.0796752026	0.1126387502	0.0674542747	0.0050684204	0.0087241328436817	0.0064419030021126	7.611049387420575e-05	4.149811428862861e-05	0.0244027623235325	0.0117700747204736	0.0005954948090188	0.0001385346589255	-0.0209375145180032	-0.0062912883667962	3.95803093141852e-05	0.0004383795141915	0.0002180002398702	0.0003830264250955	1.4670924232151528e-07	4.7524104583464745e-08	-0.0001059997601575	0.0001739848071767	1.1235949153447525e-08	3.0270713128313486e-08	1.1500519421655218e-08	0.0001870349990283	1.3226194696786887e-16	3.498209086152428e-08	0.0	0.0	0.0	0.0	0.0
872.060559259479	-2.2582067228805727	760489.6190159552	5.099497603263016	893.6404103960309	-6.424422345842686	41.27320247776284	798593.1830927866	840.2830381223409	-0.5434640547445042	706075.5841561115	0.2953531787993375	838.2309641100696	763.7138923298229	1.430425	18.912514	0.0687815242965673	0.0373046618158894	-0.015623846	0.0851766819	-0.0612950694	0.1079568212	-0.1567620921	0.0731741098	0.0932351992	0.0703452456	0.0402181129	-0.0181727954	0.1082787062	-0.0881429249	-0.0929489191	-0.0259378428	-0.0005641027	-5.79169e-05	-0.1517767895	-0.0145513715	0.0336318667	-0.1055509679	-0.1921338394	-0.0365038447	-0.0312368516	0.0047413336	-0.0665109189	0.049126295	-0.0595184471	-0.0440597887	-0.0162624973	-0.2331578934	-0.1903303776	-0.0063366652	-0.0844252891	-0.1982103195	-0.1480302717	-0.0053513397	0.0641630002	-0.0448862641	0.0506779558	-0.1804080991	-0.008423092	0.066704163	-0.0309092166	0.0176499318	0.0064345638	0.1081010868	0.0384031715	0.0353600136	-0.1101367591	0.1860024133	-0.0414775314	-0.0924647596	0.02921687	-0.1455726395	0.035831254	0.0279265784	0.1297741631	0.0062756094	0.0167540802	-0.0791768494	0.0155924882	-0.0805032953	0.0255918172	-0.0763431096	-0.0937105012	-0.093179338	-0.0843716899	0.1081824947	0.0371812418	0.0465258477	0.0445250938	0.0647258424	-0.0144356943	-0.1031635903	-0.0027478665	-0.0059701171	-0.1384374331	0.1153418517	-0.0238962175	-0.0022238746	-0.1365782952	-0.0418787229	0.0017850861	-0.0041569128	-0.0434663365	-0.1343693855	0.1006109794	-0.0443998255	-0.0583381061	0.2041462501	-0.121199741	0.1109488906	0.0616009311	-0.0050684204	-0.0020755610627816	-0.0107996939064633	4.307953725335084e-06	0.0001166333884733	0.0199557130029717	-0.0044470493205608	0.0003982304814569	1.9776247659500287e-05	-0.0062044434102759	0.0147330711077273	0.0002170633842653	3.8495118031316034e-05	-0.0001500000394033	-0.0003680002792735	1.3542420554537398e-07	2.250001182099155e-08	2.266258469774129e-08	0.0001060224227421	5.135927451822977e-16	1.1240754124125289e-08	-0.0003019999967012	-0.0003020114972206	9.120399800752481e-08	9.121094445344157e-08	0.0	0.0	0.0	0.0	0.0
873.3083671592856	1.2478078998066169	762667.5041504175	1.5570245548197994	902.3222244262696	8.681814030238684	75.37389485564925	814185.3966935712	841.082231073364	0.7991929510230875	707419.3194273477	0.6387093729649912	839.2673649738745	759.5430529255513	1.197185	15.828702	0.0415778699802119	0.022496969039389	0.0231990978	-0.0236504988	0.0031399116	0.0335639853	0.0688382553	0.0892570738	-0.1424037141	0.0223823518	0.1373586797	0.0920692995	-0.1632734961	0.0706934911	-0.0684321642	0.0163428088	0.0923614075	0.0497015442	-0.049326124	0.1356299575	0.0098671446	-0.0321038764	-0.0203478601	0.0535958484	0.137596503	0.0293010973	-0.0339297776	0.1088713448	0.125050214	-0.0733946123	0.1017011035	0.0832020398	-0.1001749842	0.2900202918	-0.0666427526	-0.1744637763	0.0775248508	0.0316483237	0.0914771097	-0.1336754934	0.1509198597	-0.1123211244	0.039660109	0.0454559601	0.0482976603	-0.0948554982	0.1323156035	0.0088812049	0.0042039724	-0.0218960204	0.0511379179	-0.0520227541	-0.0399344957	-0.1929981859	-0.0511528839	-0.0119274188	0.0583041768	-0.0611916532	-0.0710420106	0.0163898983	0.0226786424	-0.0030971271	-0.10396732	-0.1794448837	0.1658402485	0.1105847841	-0.2295824768	0.0651352652	-0.0845205771	0.0861109804	0.0423259188	-0.124580634	0.0407845551	0.0071945131	-0.0132692836	0.069345771	0.0311653384	-0.0373520606	-0.0169714049	0.0510098035	-0.0363028562	0.0993385588	-0.006043673	-0.2260808862	-0.1214604661	0.0042817642	-0.0477493482	-0.0561902169	0.0376611919	-0.0286880464	0.0224376502	0.0398084268	-0.0694192575	0.1091829923	0.0555787436	-0.0151740128	-0.0091458625547602	-0.0070703014919786	8.364680187056479e-05	4.998916318747484e-05	0.0337617082394956	0.0138059952365239	0.0011398529432488	0.0001906055044709	-0.0107048783248728	-0.0045004349145969	2.025391442052281e-05	0.0001145944199503	-0.000127999926217	2.200011318630001e-05	4.840049802100114e-10	1.6383981111557442e-08	-2.149391775674303e-13	-2.2662799636918862e-08	4.6198850053363335e-26	5.136024873831295e-16	-5.9448866185710095e-12	0.0003019999907563	3.534167690766465e-23	9.120399441681336e-08	0.0	0.0	0.0	0.0	0.0
875.5449396568953	2.2365724976097	766578.9413587964	5.002256537064091	903.1661574227468	0.8439329964771787	0.7122229025429496	815709.1079137698	842.1021498026299	1.0199187292658962	709136.030702211	1.0402342143073604	839.8938060327904	769.5573263720047	1.171252	15.485833	0.084192737449256	0.0421639550016222	-0.046917973	0.0888835199	0.068834557	-0.0401826553	0.0173300307	0.0808811176	-0.0011249254	-0.0978998643	0.1171225459	-0.0205317276	0.015896107	-0.0088508864	-0.1340462918	0.1796959896	0.1775450921	-0.0262885107	-0.0720834289	-0.0653147299	-0.0907772921	-0.2414202398	-0.0027052548	0.1608908375	0.0103838755	-0.0630756624	-0.0252346242	0.1733940803	-0.0328411514	0.0273723903	0.0206433253	-0.1217072081	0.1318933851	0.0696336768	0.0296298259	-0.0027996859	-0.0281920432	0.0155935189	-0.178028242	-0.1224311588	-0.1348583394	0.0436706002	-0.0224927549	-0.1962187959	0.0035323791	-0.0912315069	-0.0506571511	0.1471785592	-0.1150284268	-0.046401946	0.1144538575	0.1334331579	0.0185067728	-0.1747956908	0.1198146728	-0.1022324841	-0.1453110255	0.1260894465	0.0980419289	-0.0608502161	-0.0098037117	0.0058906519	-0.0871836792	-0.1141187439	0.0877888862	0.0751719854	-0.0810651171	-0.0427021733	0.1045616205	0.1442483854	-0.0372818135	-0.0380199902	-0.0619631422	0.0506061825	0.0693414657	0.156620246	-0.0509722478	-0.0247355813	-0.0170422885	-0.0275904752	-0.1656464781	-0.0265212884	-0.1176840504	-0.110110211	-0.0164044053	-0.028057381	-0.0780983186	-0.0848705917	-0.1061885504	0.008633238	0.0129937745	-0.0999700816	-0.0868091958	0.1073422654	0.0494042187	-0.0251860523	-0.0160405723132583	-0.0068947097584981	0.0002572999601368	4.7537022653928926e-05	0.0428647712072631	0.0091030629677675	0.001837388610651	8.286575539514005e-05	0.028788863234368	0.0394937415592408	0.0015597556223481	0.0008287986463271	0.0002179997581189	0.0003459996843359	1.1971578156054246e-07	4.7523894539898915e-08	-0.0002279999016281	-0.0002279999014131	5.198395514242328e-08	5.1983955044411055e-08	2.48715810456429e-08	2.4877525932261472e-08	6.185955437099832e-16	6.18891296510342e-16	0.0	0.0	0.0	0.0	0.0
874.440986417877	-1.103953239018324	764647.0387274696	1.2187127539390488	896.593811907087	-6.5723455156597765	43.195725577213175	803880.4635500809	840.9926281006256	-1.109521702004372	707268.6005195971	1.2310384072186784	838.8178072899888	773.3869984051413	1.251966	16.552999	0.0505839695750528	0.0303260698511282	-0.0889612822	0.024056586	-0.153638888	-0.031897654	-0.0349290626	-0.0506188192	0.0803665015	-0.03061157	0.085376651	0.0614335449	-0.0160423416	-0.1353486048	0.0481438327	-0.0532008432	0.0583748975	0.0086607832	0.0399002843	0.0317070717	0.1362893051	-0.2227022034	0.0488972042	-0.0240648396	-0.1034552241	-0.1295555901	-0.0259866481	0.0138600329	0.0986657228	-0.0364925958	-0.0742064994	0.0755932332	-0.0794734438	-0.1042641193	0.0015869019	0.0705718809	-0.0982231873	0.0027300634	0.0422502939	-0.0188627238	0.0877649884	-0.0666862366	0.0206670434	-0.0189470124	-0.0033735798	0.0136352055	0.0364766724	-0.0051108925	-0.034657638	0.1529506798	0.1643706703	0.0903217217	-0.0165685708	0.0529436631	0.0576469813	-0.1136326343	0.0832298401	-0.0510266388	0.10125428	0.0948698999	-0.0065740781	0.0388818252	-0.0745879908	0.0374699483	-0.054016105	0.0269593349	0.0806368903	-0.0159491707	0.1468098763	0.0449313439	-0.0768783671	-0.038345369	-0.0540965539	-0.0322848237	-0.2058270044	0.0703137825	-0.0776004577	-0.0666334531	0.0298461546	0.0502561722	-0.0151987543	-0.0661785885	-0.0804817557	-0.0826194618	0.077122165	0.0977128573	-0.1832464979	-0.0588931354	-0.0325820683	-0.0150897404	-0.1043814965	-0.0759629152	-0.1671598172	0.1054279714	0.0430942802	-0.0350428114	-0.00915482918532	0.0068857431279383	8.381089741238686e-05	4.7413458423949525e-05	0.0585630443008824	0.0156982730936193	0.0034296301577871	0.0002464357781218	0.0043393109455607	-0.0244495522888072	0.0005977806071231	1.8829619482262896e-05	0.0002179997509623	-7.1566000196289495e-12	5.121692384095309e-23	4.7523891419624825e-08	-0.0001569996467873	7.100025484080001e-05	2.464888909133696e-08	5.041036187458545e-09	1.7112284685723466e-08	-7.759296359919435e-09	2.928302871652458e-16	6.0206680001059e-17	0.0	0.0	0.0	0.0	0.0
873.599623748751	-0.8413626691259424	763176.3026139593	0.70789114099873	904.1810157775878	7.5872038705008435	57.56566257254298	817543.3092925906	842.4275011158453	1.4348730152197504	709684.0946362875	2.058860569805818	840.5416827329656	762.9408407526568	1.21732	16.094925	0.0531867440998293	0.0342922064675574	-0.0156276303	-0.0911506684	0.0440634966	0.1859016803	0.032434854	-0.0791267518	-0.0020865814	0.0110737993	-0.1003500895	-0.054544199	-0.1884358095	0.0051402431	-0.0773476075	-0.0844801886	0.2067438704	-0.0888939406	-0.023026502	0.0656437249	0.0712382464	0.0166306818	0.0113679353	-0.0358885564	0.0930715921	0.0922075234	-0.0091130585	0.0016848	0.0143313611	0.0089258	-0.0650600535	-0.0857138994	0.1175675221	-0.0865389763	-0.0467692627	-0.0180674608	0.0294083294	-0.001648539	-0.0334707616	-0.1430450176	0.0644725246	0.0786432888	-0.0713038988	0.0099266972	0.0285914907	-0.2213345473	-0.010372762	-0.014032901	0.0582410649	0.0427171003	-0.0083832413	0.0168767078	-0.050610441	-0.0510428497	-0.1092111309	-0.0840655519	-0.0292530285	0.0655914763	-0.0280509209	0.0525470954	0.1414361001	0.0462252195	0.0006320432	0.0759490759	0.0594017292	0.0126030667	-0.0710943924	-0.0929851277	-0.0088909736	-0.0515785934	-0.0680363072	-0.0984069814	-0.0559622411	-0.063344878	-0.0069731417	0.0438877119	0.1070988089	0.0535602319	-0.1029110591	0.1597956868	0.1241520773	-6.29979e-05	0.1065867261	-0.0144836011	-0.090745514	-0.0689741595	-0.0263743042	-0.1603542254	-0.0197098853	-0.0040010589	-0.1510748943	-0.0249353418	0.0213258823	0.1034414224	0.0366662233	-0.0446835199	-0.0091336736948477	2.115549047230006e-05	8.342399516395285e-05	4.4755477712357854e-10	0.0311862444261237	-0.0273767998747586	0.0009725818414059	0.0007494891713825	-0.0161988678677218	-0.0205381788132825	0.0004218167889663	0.0002624033201959	0.0002179997574064	6.4441000007919156e-12	4.1526424820206376e-23	4.752389422924926e-08	-0.0002620003164788	-0.0001050006696915	6.864416583499136e-08	1.1025140635663491e-08	2.8634575402811373e-08	1.1522290717087908e-08	8.199389084992901e-16	1.3276318336909016e-16	0.0	0.0	0.0	0.0	0.0
873.1200748527441	-0.4795488960069178	762338.6651108614	0.2299671436614537	895.7958367483957	-8.385179029192159	70.31122735160396	802450.1811357584	841.2704338185018	-1.157067297343474	707735.9428171703	1.338804730581731	839.6268844132571	774.1996215631154	1.228428	16.241783	0.0410642799879158	0.0234535256913391	-0.0340874589	0.1254795718	0.051931151	-0.1127335973	0.0359242073	-0.0445599475	-0.0237324129	0.0418194052	-0.0368720422	0.0066412443	0.0542401474	0.0528251452	0.0769199054	0.0539060585	0.0759233984	-0.0334701968	0.1181065408	-0.2034232486	0.0288867261	-0.0863988164	0.0071669128	0.0479651099	0.0521282707	0.1626572717	0.081840455	0.0518748602	-0.0946666131	0.0439224023	-0.1692731753	0.035669707	0.053491107	-0.1382748818	0.0013518685	-0.0249813517	-0.1109284492	-0.0755930707	0.0845834651	0.0586163451	-0.1120879653	0.0303029967	0.0560917701	0.0166324555	-0.0295903315	-0.0007759472	-0.1904887348	-0.0406200044	-0.1182654025	0.0516475855	0.0739594211	0.0231367469	0.0927092869	-0.0842598104	-0.073807943	-0.0885493262	-0.0816006026	0.1347495381	-0.1437803381	0.0707960396	0.0844117718	0.1076694752	-0.0001557991	0.1218708523	-0.0400728319	-0.0611613275	0.0919706777	-0.1985345174	0.0410034929	-0.0106667456	-0.0537239653	0.0138865459	-0.1863072651	-0.0672381172	0.0557341392	-0.0262658221	-0.0443757106	0.0396518859	0.0555936828	0.1318526448	-0.0522940598	-0.012030374	0.112938427	-0.0320581478	0.0247098034	-0.0932205944	-0.0283600511	-0.1092490808	-0.0034024531	0.001556039	-0.1080116317	-0.0809078454	0.0158693061	0.1013839798	0.0301376669	-0.0540487397	-0.0138820943060693	-0.0047484206112215	0.0001927125423226	2.2547498301074105e-05	0.0134864914047341	-0.0176997530213896	0.0001818854504099	0.0003132812570181	-0.0162134993028288	-1.46314351070001e-05	2.1407889329035508e-10	0.0002628775596428	0.0003280002778628	0.0001100005204564	1.2100114500678876e-08	1.07584182278074e-07	1.728617249341369e-12	0.0002620003182074	2.98811759472052e-24	6.864416674078789e-08	-2.5164732656620528e-11	-2.8659740135467997e-08	6.332637696791838e-22	8.21380704632555e-16	0.0	0.0	0.0	0.0	0.0
872.1017267540807	-1.0183480986634097	760561.4218074492	1.0370328500513812	898.4711594717843	2.675322723388604	7.157351674279415	807250.4244025724	840.3105569650907	-0.959876853411174	706121.8321469809	0.9213635737145368	839.3463448121375	761.9908090859406	1.281437	16.94265	0.0643281239798404	0.0329290892184266	0.0540519281	-0.0774274799	-0.147406813	0.057550664	0.0445119581	-0.1218848585	0.0962691059	0.0474461227	-0.1208485183	0.0610318595	-0.030029408	-0.162715855	-0.0196543075	-0.0226410986	-0.0109812885	-0.1081129764	-0.0115847406	0.0123500968	0.1891418231	0.0900757959	-0.0979875152	-0.0127992434	0.0899854064	0.1121601001	0.0440627529	0.0533216689	0.0650017746	0.1082216977	0.0449760486	-0.0521641868	0.0540585019	0.0040702433	-0.0584631575	-0.0164547891	-0.1843458236	0.1313753506	0.1229005878	-0.1386949039	0.0006656213	0.0084265318	0.0023505776	-0.0258289741	0.0098886768	-0.0235607263	-0.0074757307	-0.0854707634	0.1503705102	0.1699914795	-0.0671295299	0.0545388491	-0.029849846	-0.045749286	-0.0478302259	-0.0394326108	-0.0518483575	0.1495305653	-0.032449434	-0.1033174237	-0.0405138715	0.116374418	0.0025190639	-0.0504453767	-0.1438997011	0.1610019166	0.1034650332	-0.0517236618	-0.0919994651	-0.0602500468	-0.0232231849	-0.1638617536	-0.1023370129	-0.0832162017	-0.1311388107	-0.1276504588	0.0605813651	0.018021113	-0.0461793682	0.0800371994	0.0319605425	-0.0394563797	0.0788330339	0.0934196375	0.0755894037	-0.1496211156	0.0428915325	-0.0050692546	-0.205568016	0.0385791571	-0.0953493494	0.0116819273	0.0578878623	0.0992570537	0.0235265052	-0.063080731	-0.0091450857813413	0.004737008524728	8.363259394809081e-05	2.243924976334574e-05	0.0411563624446671	0.0276698710399329	0.0016938461696768	0.0007656217633665	-0.0332336797118841	-0.0170201804090553	0.0002896865411567	0.001104477467192	0.0002179997506842	-0.0001100005271786	1.2100115979569916e-08	4.752389129837336e-08	-0.0001880001568546	-0.0001880001585832	3.53440589773542e-08	3.5344059627314835e-08	2.0569195932821738e-08	2.059436066547836e-08	4.2309182132281034e-16	4.2412769121980223e-16	0.0	0.0	0.0	0.0	0.0
872.5790038760478	0.477277121967063	761394.1180053158	0.2277934511531628	901.8733232225692	3.4021637507848936	11.574718187154737	813375.4911405208	841.1451675192463	0.8346105541556881	707525.192840981	0.6965747771080647	839.7051917636518	760.5376385933112	1.284277	16.980196	0.0327864892678604	0.0178414247950697	0.021064505	-0.0452062367	0.1891643099	0.0428105945	0.0179465638	-0.1710191973	-0.0412320476	0.0798852924	-0.0853548174	-0.0436580228	-0.0297856124	0.1172478883	-0.1397919671	-0.0649197478	0.0929054984	0.0168858935	0.034978348	-0.0567940406	-0.0994999148	0.1862126419	0.0273068626	0.0499696778	0.0325088205	-0.0947733724	0.1114927831	-0.0330622373	-0.0512291153	-0.0787005242	0.0079448047	0.0787790956	0.185130247	0.0289739153	0.16308818	-0.0247792729	-0.0820138144	0.2426047714	-0.1452103918	-0.1643956228	-0.1075080411	-0.0059093605	0.1345450158	0.0793885156	0.0042724684	-0.1197186564	-0.1036562711	-0.0256091985	-0.0433167355	-0.0757436959	-0.1068643824	-0.1531623708	-0.0628587395	-0.0206182858	0.0976862166	0.0773231086	0.0407782948	0.1005972194	0.0882312767	0.0890388354	0.0204410602	0.0684162906	-0.1331215762	-0.0722362207	-0.1219743365	0.1030852397	0.1784599231	-0.0822607743	0.0264554651	-0.0738364785	-0.0757908433	-0.0145220475	-0.0837259207	-0.0805693838	0.1037553305	0.0459243425	0.1518252772	0.0127777873	0.013700807	0.0691305706	0.1203567017	-0.1051486179	0.1246287975	-0.1125978782	0.1462327843	-0.0016765226	0.0082750435	-0.061787147	-0.1560493629	0.0204852389	-0.0197409522	0.076028059	0.0802074188	0.0970621018	0.016850859	-0.0717238087	-0.0091559971672978	-1.09113859565e-05	8.383228412756533e-05	1.1905834349170542e-10	0.0411808421490889	2.447970442180647e-05	0.0016958617601081	5.992559285790113e-10	-0.0162336278989769	0.0170000518129072	0.0002890017616415	0.0002635306747624	0.0003449999504064	0.0001270001997221	1.6129050729478685e-08	1.1902496578041845e-07	1.7881252034612773e-12	0.0001880001586427	3.1973917432534344e-24	3.5344059649689846e-08	2.693598924637109e-13	-2.0568926572929277e-08	7.255475166806189e-26	4.23080740362556e-16	0.0	0.0	0.0	0.0	0.0
873.3970909066204	0.8180870305726557	762822.4784041473	0.6692663895911853	896.3905267442975	-5.482796478271666	30.061057222148182	803515.9764369192	839.5245310877672	-1.62063643147917	704801.4382981353	2.6264624430375383	838.5321936538539	765.9561111355616	1.161874	15.36183	0.0729766584401136	0.0447645290109935	-0.0036269713	0.0555583616	-0.0279439984	-0.097579178	-0.0765731662	-0.1522991622	-0.1112248106	0.0635909285	-0.0217053194	0.120615559	0.1148011869	0.0221797195	-0.0023475023	-0.0096018654	-0.1599756529	0.1437790255	-0.0066058469	-0.144078286	-0.0383882004	0.0383815297	-0.0148958357	-0.0371127436	0.1241621545	-0.0290074496	-0.0267046813	0.067230193	0.0316735467	-0.0834810872	0.0329481041	0.0869181434	-0.1448399556	-0.0581878678	0.0475646298	0.0720317383	-0.0314159419	-0.0097924481	-0.0459727153	-0.133299149	0.0649401676	-0.0368022291	-0.1847498589	0.0541290574	-0.0422117953	0.1765886272	-0.0413003897	-0.0339768501	-0.1080710705	-0.0142719595	-0.1180121516	-0.037775219	-0.0478266756	-0.1553411655	-0.0532957739	-0.0277673887	0.1062977267	0.0321434511	0.0511213953	0.0608605809	-0.05081367	0.0185535682	-0.0061484454	0.0836684866	-0.1217531215	0.0108373007	0.0137983388	0.0986139198	0.1412514403	-0.0792905315	-0.0381765916	0.0297113481	-0.0531297191	0.0106533739	-0.0337182546	-0.1528604078	-0.0622589725	0.1405448559	0.1453531117	0.0808223844	0.0590333757	-0.0662053753	0.131101058	-0.0424168334	-0.0012479091	0.0097374132	0.301216773	0.0770470002	-0.1083952116	0.193874541	-0.0587847862	0.1011595991	-0.0636693664	0.0948006283	0.0101290257	-0.0799246852	-0.009099964733096	5.603243420180051e-05	8.280935814359094e-05	3.1396336825791038e-09	0.0023872333876227	-0.0387936087614662	5.698883246980552e-06	0.0015049440807377	-0.0231103591474877	-0.0068767312485107	4.728943266424489e-05	0.0005340886999258	4.799998113213365e-05	-0.0002969999692742	8.820898174891514e-08	2.3039981886851872e-09	-0.0002479998217166	-0.0002479998235047	6.150391157146539e-08	6.150391245837485e-08	5.927409065715382e-09	5.9271397058229195e-09	3.5134178232324905e-17	3.51309850923426e-17	0.0	0.0	0.0	0.0	0.0
874.0864010257914	0.6893101191709547	764027.0364582206	0.4751484403914758	903.3144255501884	6.923898805890872	47.94037467421704	815976.9514070669	840.8908821983894	1.3663511106221904	707097.4757643855	1.8669153574984927	840.5010336964401	761.2321628066134	1.088098	14.386392	0.0612832520653789	0.0299033894437748	0.0123558308	-0.0508790906	-0.1376228511	0.0409301435	-0.0624331832	-0.0943527431	0.005083432	0.0323162735	-0.0437207328	0.1100375649	-0.0180584892	-0.1223905864	-0.1030085185	-0.0865967239	-0.0398258092	0.208476827	-0.0513848181	0.0204765601	0.0464411849	0.1317906505	-0.1329507054	-0.122069558	0.0761544578	-0.0544124848	0.0722265649	0.1289009116	0.0386649371	0.090854827	0.0634914074	0.064605089	-0.0246186659	-0.1018157751	0.0107491907	0.1611444217	0.0135261567	0.1134644641	-0.0493951884	0.1675737177	-0.0461935988	0.0164239427	-0.0249049107	-0.0326759789	-0.0632317026	0.0446177151	0.1005201787	-0.0681925962	-0.0353126665	0.0627251292	-0.1737742105	0.0064482951	-0.1703971651	-0.0948649767	0.0277007472	-0.0150331326	0.0715123657	-0.0558063474	-0.0849561092	-0.0432137128	-0.1645195819	0.1325346876	0.0185763625	-0.0418846953	-0.0872124561	-0.0688466873	0.0794679859	0.035777985	-0.0013140248	-0.0089505901	0.0555776437	-0.0057088195	0.11486671	0.0166493024	-0.133407206	-0.1035289562	-0.0064763519	0.0446065562	0.0105403225	-0.0279627364	-0.0319997046	-0.1060638202	0.0072235295	-0.0166532411	0.0810542844	-0.0575608512	0.2290254165	0.0856255579	-0.0211166022	0.0169965968	-0.0544596312	0.1307073905	0.0033738985	0.0924741833	0.0033794295	-0.0876327994	-0.0033314678665874	0.0057684968665085	1.1098678146104404e-05	3.3275556098919526e-05	0.0281366076823985	0.0257493742947758	0.0007916686918732	0.0006630302765724	-0.0162473838977845	0.0068629752497031	4.710042927803869e-05	0.0002639774835219	-8.104160117902732e-05	-0.0001290415823111	1.6651729965368134e-08	6.567741121660522e-09	-0.0002949882657701	-4.69884440535e-05	8.701807694205113e-08	2.2079138745688996e-09	-0.0002820121593141	-0.0002820180867231	7.953085800100131e-08	7.9534201238995e-08	0.0	0.0	0.0	0.0	0.0
873.1437578307646	-0.9426431950267896	762380.0218388288	0.8885761931303143	905.7049958365304	2.39057028634204	5.714826293941464	820301.5394832497	842.1051742578442	1.214292059454806	709141.1245118341	1.474505205654994	839.9450083939071	754.636560109036	1.064859	14.079144	0.0932873269086884	0.0408606971565183	0.0911802608	-0.0508353235	0.0520711579	0.1040543034	0.0365717534	0.0248092262	0.1150248272	0.0836075712	0.0201592701	-0.0934593645	-0.1254566427	-0.0138250216	-0.1127185075	-0.0095273546	0.1107601667	-0.0011407085	-0.0460715055	0.0969866523	-0.0639720878	0.042185236	-0.0187659981	-0.0415481282	0.1273548753	-0.023572668	-0.0039925743	0.1495600337	-0.0147112121	-0.037174537	0.0766384185	0.0936622197	0.0264791048	-0.1691110365	0.1022096893	0.0887211923	-0.026832033	-0.0261872187	0.0379357003	0.0952921748	-0.0078966202	0.065122339	0.1291642019	-0.032660018	0.06043051	-0.1234018591	0.0045973896	0.0335028895	0.0780856886	-0.0244329708	0.021227534	-0.0447232261	-0.120280801	-0.1212345289	0.0127287033	-0.1027922584	0.0430269214	-0.0149240161	0.08421886	0.1110648147	-0.197125095	0.0675760684	0.1086204229	0.100198444	-0.0580991999	-0.1469497929	0.0356926876	0.078319316	-0.0054755135	0.1153501009	0.0467417427	-0.0442969546	0.0715806506	-0.0393619185	0.0072445317	0.0101826394	-0.0187558487	-0.0095603696	-0.0753864969	-0.0293048299	0.0174279027	-0.1556693904	0.1426828257	-0.015815714	0.0112732455	0.0238443306	0.2590935816	0.0985227066	0.1122755096	-0.0814235579	-0.0236050049	0.0434401812	-0.0648161577	0.090084361	-0.0033794295	-0.0948006283	-0.0054199404960684	-0.0020884726294809	2.937575498092217e-05	4.36171792409128e-06	-0.0036828161687765	-0.031819423851175	1.3563134933001618e-05	0.0010124757342207	0.0059799461004033	0.0222273299981878	0.0004940541988483	3.575975536372864e-05	8.499998269491853e-05	0.0001660415838739	2.7569807575368596e-08	7.224997058136449e-09	-4.3987036235648697e-13	0.0002949882653302	1.934859356796272e-25	8.701807668253796e-08	7.861791187675773e-14	0.0002820121593927	6.180776067861645e-27	7.953085804534375e-08	0.0	0.0	0.0	0.0	0.0
870.1663989807013	-2.977358850063297	757189.561915041	8.864665722050237	903.1448818206788	-2.560114015851582	6.554183774159713	815670.677558888	841.0518862138498	-1.053288043994371	707368.2753038745	1.109415703621488	839.5172028846348	754.3689202080088	1.225293	16.200333	0.0495429397794814	0.0347518918142804	0.1462934824	-0.0922512944	0.0295907781	-0.2203614659	0.1638062494	-0.0225986192	0.1136257239	0.089812948	-0.0374767153	-0.0177384696	-0.1194589133	0.1897534638	0.1265473548	0.2250356757	0.0048367513	-0.0587208978	0.1819634101	-0.0175870567	-0.0342383488	0.0734558207	0.0481026456	0.1453140537	0.1461103974	0.0124233277	-0.0526869125	0.0149334902	0.0938926419	0.1432980802	0.1309988864	-0.0255779987	-0.024237467	0.1614476796	0.0970091114	0.0443737383	-0.2976749674	-0.1239202014	0.0317657621	-0.1202388419	-0.0104624604	0.0521755845	-0.0561119474	-0.0669619088	0.052526598	-0.0263834609	-0.1203907485	-0.1604935749	0.0368533068	-0.0129738116	0.1339351114	-0.0856992426	0.0683266741	-0.1550395303	0.0380634354	0.0027758863	-0.0166396388	0.0912713745	0.0091747169	-0.1744422129	-0.1318432001	-0.0852343761	0.1083280712	0.1333974806	-0.0577830783	0.2362985962	0.0513892344	0.1574374637	0.0704122518	0.0732753643	-0.037438629	-0.1107259373	-0.0599753952	-0.1713448811	0.019731338	0.0104409951	-0.0062612614	-0.1077228327	0.1972637719	-0.0866555369	-0.065015689	0.0155035794	0.1030255425	0.092012577	0.0098936221	-0.0063704516	0.0865295469	0.17931976	0.1289053561	-0.1292063555	-0.0985455708	-0.0402831296	-0.0537204298	0.0876327994	-0.0101290257	-0.1013839798	-0.012068593550083	-0.0066486530540146	0.0001456509502771	4.420458743265768e-05	0.0290963941851742	0.0327792103539507	0.000846600154579	0.0010744766314285	0.0094450336428408	0.0034650875424375	1.2006831676755552e-05	8.920866051439455e-05	0.0002179997356709	0.0001329997529759	1.76889342916721e-08	4.7523884752582274e-08	1.1795009413617665e-12	1.6193713037182537e-12	1.3912224706732934e-24	2.622363419306156e-24	2.2064837953169984e-11	2.1986220041293227e-11	4.868570738996506e-22	4.83393871704164e-22	0.0	0.0	0.0	0.0	0.0
869.2996214258617	-0.8667775548395866	755681.8318111465	0.7513033295736926	899.0056310381208	-4.139250782558065	17.133397040907553	808211.1246382497	840.2394340923191	-0.8124521215306686	706002.3066037807	0.6600784497796843	838.3833162288076	742.1886609763153	1.282471	16.95632	0.0594284913528514	0.0325645133038743	0.1712704882	-0.1857692647	-0.0060527937	-0.0952066048	-0.1501482609	-0.1004752083	-0.0828640335	0.0032924362	-0.1539743061	0.2332729079	0.0576545688	-0.0620429891	-0.1432124975	0.0511347978	-0.0490582376	0.1264380284	0.0841174978	0.1244000664	-0.0679609562	-0.0295864633	-0.013025996	0.0774720338	-0.1629545844	-0.0678848957	0.1813596236	-0.0050497226	-0.0282123445	0.0885066933	-0.0330909882	-0.0444096721	-0.1347056929	0.0167584006	-0.0939821618	-0.0551285665	-0.0904859143	-0.0131801038	-0.0301493405	0.0961443834	-0.1448852786	-0.0358463918	-0.0200521126	-0.0129474241	-0.0960382998	0.0190683722	0.0854335989	-0.1670710858	-0.0637313533	-0.1066315657	-0.0790927885	0.1101329896	0.0964730284	0.1112484871	0.2060495964	-0.0909530714	0.0574769771	0.2009203834	-0.057882464	-0.1015812814	0.0675961907	-0.0035532014	0.1009001436	0.1453485291	0.1686424249	-0.0128802734	0.0914682589	0.0724977192	0.0492338198	0.01391235	-0.1191734652	-0.0413736292	0.0431469366	-0.1774145978	0.0732515117	-0.0864053962	0.0558081169	0.1557204509	0.0710148084	-0.1281883642	-0.0180187633	-0.0608834083	-0.0643120404	-0.0687191893	0.0539196895	-0.0246500272	0.0171267572	0.0289805903	0.0362581318	0.0253688548	0.0225565952	-0.0074982279	-0.0007623274	0.0851211787	-0.016850859	-0.1073422654	-0.0053052771845756	0.0067633163655074	2.814596600517841e-05	4.574244825994023e-05	0.0217432318544723	-0.0073531623307019	0.0004727681314773	5.406899626165339e-05	0.0262033379197319	0.0167583042768911	0.0002808407622368	0.0006866149181356	0.0003080001036143	9.000036794339997e-05	8.100066229947377e-09	9.486406382641953e-08	-0.0004809997792944	-0.0004809997804739	2.313607876812615e-07	2.313607888159409e-07	7.404124255841319e-08	7.401917772046002e-08	5.482105599593777e-15	5.478838670413045e-15	0.0	0.0	0.0	0.0	0.0
873.6341394080878	4.334517982226089	763236.6095393101	18.788046138241324	898.7862343924386	-0.2193966456821954	0.0481348881365987	807816.6951333395	840.9277955090787	0.6883614167595624	707159.5572597588	0.473841440083232	838.3432158479985	747.186860659891	1.247424	16.492947	0.0152522163532563	0.0082190587467886	0.1014404767	0.0213078909	-0.0511755483	0.0572541315	-0.1693753531	-0.0042271131	-0.1516208056	-0.1152159811	0.0233892976	0.1164507776	0.1239345356	0.0596477004	-0.1618890915	0.0137160955	-0.049050731	0.1633053102	-0.1276765243	0.0332809006	-0.0788822401	-0.095129513	-0.0151222051	0.0003167831	-0.0538117581	0.0798773235	0.0767784601	-0.0576074369	-0.1297516696	0.0101905248	-0.1019276956	-0.2040573636	-0.1316163433	-0.1250352573	0.0288777158	0.0707221553	-0.0570468337	0.0002306659	0.0593466266	-0.1056795706	-0.0456599276	0.1064084542	-0.1208622996	0.1122487931	-0.2051071957	0.0839066819	0.1305732571	0.0888751368	-0.1483598442	-0.1109361482	-0.1079722341	0.1211147521	0.070618242	0.0530987949	0.0575188337	-0.1610817797	-0.0055517779	0.2144296051	0.016925221	0.1450531505	0.0904805731	-0.0816722976	0.235842736	0.1889900119	-0.095443145	0.0082808932	-0.0491420705	-0.0936799595	-0.1585193582	0.0171271828	-0.141549909	0.0567688384	0.0659496878	0.0270141075	0.0215064724	-0.1001540938	-0.0187898543	0.1829484736	-0.0465560893	-0.0484799074	-0.0126282946	-0.0718038452	-0.1236568107	-0.1170728926	-0.0003099653	0.0192228537	0.0662549599	0.1145803621	0.0112970014	-0.0090365761	-0.0848803036	-0.0726167528	-0.1935139123	0.0825512202	-0.0235265052	-0.1126387502	-0.0053296126460935	-2.4335461517899747e-05	2.840477095739976e-05	5.922146872891795e-10	0.0162405524196458	-0.0055026794348265	0.0002637555428952	3.02794809624625e-05	0.0243288664670302	-0.0018744714527016	3.5136432269936146e-06	0.0005918937435705	0.0002179997969695	-9.000030664479998e-05	8.100055196158028e-09	4.7523911478743224e-08	-0.000547999752974	-6.699997367959999e-05	3.0030372925956497e-07	4.488996473067091e-09	5.972148275370202e-08	-1.4319759804711169e-08	3.566655502300728e-15	2.0505552086462162e-16	0.0	0.0	0.0	0.0	0.0
873.0725987826321	-0.5615406254556774	762255.7627450589	0.3153278740371533	900.3345692225865	1.548334830147951	2.397340746249284	810602.3365372205	841.1028581863477	0.1750626772690111	707454.0180492434	0.0306469409725939	839.0310257429929	759.7723420986459	1.129704	14.936491	0.0384532584813999	0.0275107570828623	0.0775616828	0.0973994477	-0.0112254559	0.1833682218	-0.207763772	0.1107387254	-0.0045761098	-0.1007083521	0.1587394421	-0.161148151	0.0957211886	-0.0444851814	-0.1315327928	-0.0904951389	-0.0186481682	0.0420630038	-0.2263171396	0.0786093504	-0.1325805857	-0.1057050318	0.0880588557	-0.086039933	-0.066892435	-0.0376321536	0.1148305821	-0.0128597451	-0.1807044555	-0.065182049	-0.0400691187	0.0804338719	-0.0752996908	0.1083120631	-0.0224089256	-0.0162434329	-0.0523561562	-0.1734871318	-0.0480345366	-0.0630132443	0.0208838661	0.1020245268	-0.0373725201	0.0516519553	0.0225272521	-0.001513233	0.1428397281	0.2312335311	0.0091897739	-0.140271241	-0.0314738777	0.0974094621	-0.0045337224	0.1224292144	0.0493778577	-0.0813379756	0.119529035	0.0442136064	-0.1211301462	0.0871570232	0.0176187043	-0.2322487729	0.0467568084	-0.0058734331	0.0223087102	0.0749424732	0.0565465347	0.0552528513	0.1122701281	0.1710774647	0.0010197333	0.0670636731	0.0370280131	0.0943809649	0.0390358162	-0.0735017054	-0.031986385	0.1792321273	-0.095382663	-0.0075539056	0.1608044929	-0.118841492	-0.1417156147	0.0845164608	0.018088967	0.1339462735	-0.2187526602	0.2039948457	0.0601459103	-0.031601071	-0.014759804	0.1616953216	0.2353220821	0.0799246852	-0.0301376669	-0.1172407796	-0.0054469448647438	-0.0001173322186502	2.9669208359558848e-05	1.376684953340172e-08	-0.0002632860422977	-0.0165038384619435	6.931954006878629e-08	0.0002723766839779	0.0246085901051102	0.00027972363808	7.824531370071145e-08	0.0006055827069613	0.0002180002422129	4.4524340001039255e-10	1.982416852528144e-19	4.7524105604883075e-08	-0.0001169999092585	0.0004309998437154	1.3688978766497236e-08	1.857608652827854e-07	1.2727187131161724e-08	-4.69942956225403e-08	1.6198129227160858e-16	2.2084638210587106e-15	0.0	0.0	0.0	0.0	0.0
872.4439413818538	-0.6286574007782519	761158.4308539036	0.3952101275532677	894.6830689566476	-5.651500265938921	31.939455255907696	800457.7938776854	841.0961468911441	-0.0067112952035586	707442.7283151292	4.504148330930895e-05	839.5259225432405	761.5623366931253	1.171419	15.488031	0.1180538518907157	0.0677060050961757	0.1840866326	0.2029874189	-0.0226258691	0.0607204417	0.0255788338	0.0921161411	-0.0085926647	0.0091311712	0.3544442446	-0.099673083	0.0221240924	-0.0341043584	0.0256852574	-0.0323195792	-0.0333561406	-0.0424899009	-0.1948790277	0.038683816	0.0077009297	-0.1904303641	0.1368483152	0.0241036134	0.0292233915	0.0176042231	0.0264537261	0.0461938667	-0.0266727408	0.1073202918	-0.0277990492	0.1143391729	0.0251669454	0.0885193265	-0.0535637582	0.0345277608	0.162099816	-0.0706544808	-0.0197165381	-0.0360767963	-0.1295113716	0.0752020103	0.1060840026	-0.0444757298	-0.0407057147	0.0340832377	0.1217238717	0.2862608093	0.0400944289	-0.0316093047	0.1796770534	0.012401626	0.0619630388	0.0165706054	-0.0734726285	-0.0210377579	0.0974391306	-0.0582721774	-0.2056856228	-0.1210267319	-0.008636717	0.0041757314	-0.0259679925	-0.1265687705	-0.0791029219	0.1215304069	-0.0302365555	0.0053562426	0.0030725534	0.1405783667	-0.0561743098	-0.0976156352	-0.1821915614	0.1489377278	-0.001037751	-0.079213758	-0.1231792283	0.0906065747	-0.0018153353	-0.0635066579	0.0510146756	0.0032881724	0.0218781329	0.0750055966	0.0309859653	-0.0223720898	-0.3348551087	0.1804493351	-0.0617195541	0.0514960179	0.2294968915	0.0872875816	0.1658372866	0.0772433738	-0.0366662233	-0.1211199807	-0.0206121538301431	-0.0151652089653993	0.0004248608855174	0.0002299835629642	0.0520157827712068	0.0522790688135045	0.0027056416573013	0.0027331010360071	0.009501689181107	-0.0151069009240032	0.0002282184555276	9.028209729436582e-05	0.0006899993247891	0.0004719990825761	2.2278313395277445e-07	4.760990682094139e-07	0.0001210000237303	0.0002379999329888	1.4641005742733165e-08	5.6643968102673294e-08	-4.1721004043573414e-08	-5.444819117473513e-08	1.7406421784038688e-15	2.9646055222005045e-15	0.0	0.0	0.0	0.0	0.0
875.2702755510528	2.826334169198958	766098.0552632159	7.988164835981564	903.6633896963936	8.980320739745935	80.64616058871097	816607.521877576	842.5795106068616	1.4833637157174735	709940.2316944984	2.2003679131071494	840.0851247256564	757.659697288324	1.384668	18.307522	0.0579054592168896	0.0300585003942748	0.0796308746	0.0171917855	-0.029578315	0.0991525053	0.0457493459	0.1308133597	-0.2255974866	-0.1662866941	0.1875641409	0.1156391628	-0.0741454117	0.1120670896	-0.0452857138	-0.0612043486	0.0663551011	0.1632916549	-0.1199267952	0.1000419438	0.1591232938	0.0047768834	0.1304911255	0.1288594771	0.0016587359	0.1800232096	0.1942874813	-0.094190399	0.110318931	-0.1350045005	0.1367851193	0.0926844387	-0.0566940024	0.2166636565	0.0767100509	-0.0121822441	-0.0757903228	-0.0057978065	0.0504992152	0.1079604164	-0.0115048537	0.0386159577	0.2052040338	0.2341492745	0.0084378305	-0.0804856249	0.2608533952	0.0859844939	-0.0731362261	0.0194189544	0.0468265737	-0.1107867249	0.2244585804	0.0356899036	-0.1507304148	0.2238080092	0.2247708494	0.1453711899	-0.0420154334	0.0985731382	-0.1605169433	0.1336423172	-0.1313193714	-0.0755027077	0.141135546	0.0234140275	-0.110238454	0.0126820768	-0.0198111644	-0.0062270145	-0.1099089321	-0.1351899108	-0.059044743	0.0207428064	0.0279991327	0.0688372114	0.0199057683	-0.0281315012	-0.1405634677	0.0294430799	0.0423794667	0.3081691436	-0.1047956143	-0.218853822	0.015216822	0.133447815	-0.0493748717	0.0761046338	-0.1007334744	-0.1477299145	-0.3101459352	-0.1668369361	0.2361105459	0.0745091236	-0.0430942802	-0.1242524367	-0.0054030509419504	0.0152091028881927	2.9192959481311105e-05	0.0002313168106636	0.071041435920776	0.0190256531495691	0.0050468856176857	0.0003619754777677	0.0037838261080693	-0.0057178630730376	3.2693958122008124e-05	1.4317340016106867e-05	0.0008960000967118	0.0002060007719227	4.243631803274829e-08	8.02816173307555e-07	-3.1999985511843576e-05	-0.0001530000092421	1.0239990727581988e-09	2.3409002828096026e-08	1.4299952913585014e-08	5.602095695715842e-08	2.044886533307485e-16	3.1383476183957968e-15	0.0	0.0	0.0	0.0	0.0
880.2307051060428	4.960429554990014	774806.0942114813	24.60586137001843	903.261460004534	-0.4019296918595501	0.1615474771983128	815881.2651295224	843.215160104019	0.6356494971573738	711011.8062292464	0.4040502832364222	841.4120120019028	783.1736782483819	1.633119	21.592447	0.1193458528610247	0.0661831104235609	-0.2248354761	0.1307094346	0.0340916395	-0.0935895284	0.0309074036	0.1568122488	-0.2272004812	-0.2623167914	0.1010517693	-0.0263874588	0.0550389519	0.047200901	0.1140856736	0.1532297831	0.0972140417	0.1910291448	0.0414586445	-0.1259723999	-0.1148353444	-0.1997694996	0.1383625172	-0.0953075658	-0.0100460442	0.101516793	-0.1482372202	-0.0587402604	0.0697524651	0.1865452588	-0.1047245293	0.0092281343	0.1794122789	-0.0018178006	0.0336174823	-0.2061523718	0.0106041833	0.0491453657	-0.0032403634	0.1411781995	-0.1075244452	0.0351219709	-0.0692535306	-0.0603528036	-0.1338723791	0.0088769092	0.0166278368	0.0878048321	-0.3199400106	-0.073240895	0.1838354929	0.0497871736	-0.0194678974	0.0444070521	-0.1983254389	-0.0433421846	-0.2650257908	-0.116286323	-0.0517036082	-0.1572266493	0.1139988796	0.0682517312	-0.0652531387	0.0792036636	-0.0176918908	-0.0386784934	0.1477369439	-0.1615258562	-0.0315338149	-0.0990596911	0.0249650789	0.0705422824	0.0173986203	0.2037928962	0.0007729456	0.2571587843	-0.2453251252	0.2086931052	0.2149678828	-0.1241980697	0.0625740909	0.1999384962	0.0002026986	0.0353528382	0.0850723883	-0.2657633146	0.0156172456	-0.1338784692	-0.0799607398	-0.0239489791	-0.0161327308	-0.0210701269	0.0471893035	0.0717238087	-0.0494042187	-0.1266188352	-0.0123645433084931	-0.0069614923665426	0.0001528819312276	4.846237596943228e-05	0.0381517246448197	-0.0328897112759562	0.0014555540933741	0.0010817331078157	-0.0094590946733461	-0.0132429207814154	0.0001753749508228	8.947447203932457e-05	-0.0001140002967857	-0.0010100003934975	1.020100794865105e-06	1.2996067667227681e-08	-0.0003470000950112	-0.0003150001094993	1.2040906593778186e-07	9.922506898460655e-08	-1.976579243632764e-08	-3.4065745349912656e-08	3.90686550635987e-16	1.1604750062450956e-15	0.0	1.0	0.0	0.0	0.0
880.234513409238	0.0038083031952282	774812.7985967981	1.4503173226786007e-05	906.6510034833636	3.389543478829637	11.489004994876518	822016.0421173903	843.3577191369847	0.1425590329656643	711252.2424279371	0.0203230778801053	842.5033312610744	788.763555794708	1.356174	17.930796	0.0465019052852382	0.0251518663282606	-0.3129487154	0.0355560714	-0.1886964176	0.1364474913	-0.0447771919	0.0534970117	-0.0780307961	-0.30591062	0.0218917048	-0.0618539191	0.0472472948	-0.1567863599	0.177766618	-0.1577833853	0.0923422349	0.1433273739	-0.0001550408	-0.0212317242	0.2079990274	-0.058156646	0.1044037362	-0.117087231	-0.1634578612	-0.0716377703	-0.2266619498	-0.1778376292	0.2288023928	-0.006364754	-0.0134967184	-0.0576501113	-0.0426944191	-0.0487985228	0.0274431923	0.0286718397	0.0224233089	0.2062453086	-0.1445082968	0.0797980519	0.0861636746	-0.0484558374	-0.1349091894	-0.0513113089	-0.0554558601	-0.0362582555	0.1327987087	0.0081426947	-0.1373011738	0.2283290336	0.0459765373	0.1031988427	-0.090061311	0.2298822797	-0.0676265879	0.1541929644	-0.0552084988	-0.1816515752	0.1394238066	-0.1005973349	0.0322023381	0.060806159	-0.1772897986	0.0826959164	-0.1206085278	-0.1117098844	-0.0054416375	-0.0021393018	0.0292172851	-0.1100869089	-0.005288214	0.1282504435	0.1588636418	0.1955514673	-0.2320977068	0.1327669931	-0.193632922	0.0556188914	0.0480228411	-0.0285455347	0.1865349007	0.0201727152	0.0079537996	0.1338487265	0.0726904153	0.0884298909	-0.0187402317	-0.0540342583	-0.1146300231	-0.0156883541	0.0803520977	-0.0593475944	-0.1697560311	0.0688893378	-0.0555787436	-0.1282045865	-0.0053176625140594	0.0070468807944336	2.8277534613432537e-05	4.9658528930958526e-05	0.0519207414263149	0.0137690167814951	0.0026957633902582	0.000189585823129	-0.0070766926280043	0.0023824020453418	5.675839505648793e-06	5.007957855125041e-05	0.0002179997824057	0.0003320000791914	1.1022405258309589e-07	4.752390512893255e-08	-0.0004809998921084	-0.0001339997970971	2.313608962082924e-07	1.7955945622090763e-08	5.247119831477422e-08	7.223699075110186e-08	2.753226652588365e-15	5.218182832774776e-15	0.0	0.0	0.0	0.0	0.0
877.0664796647753	-3.1680337444627185	769245.6097515618	10.036437806054472	904.388192313058	-2.2628111703056675	5.120314392460105	817918.0023952808	843.4866058992606	0.1288867622758971	711469.6543314545	0.0166117974899636	841.4673601288156	780.6564609275376	1.379784	18.24295	0.0364705231990568	0.0229677006818002	-0.2124015697	-0.009228267	0.0551501917	0.1010883351	0.1523964454	-0.0171877565	0.123500819	-0.0946826757	-0.0596693179	-0.24135385	-0.1287334899	0.0132801301	0.1690859174	-0.0373775271	0.1608843763	-0.0396151283	-0.0185328673	0.0123423601	-0.0103271589	0.1053232325	0.0983481478	-0.0124763786	-0.0508516089	0.0148390264	-0.2792584636	-0.0237208333	-0.0189786883	-0.1035733249	0.0899310694	-0.0015609504	-0.1229989961	-0.0875525946	-0.0233510261	0.1704694871	0.0047482747	0.0062979727	-0.0558152126	-0.0692063256	0.1234340192	-0.0849042235	0.0416702942	-0.054925586	0.0671087235	-0.1690612356	-0.0308288496	0.0452915909	0.0133198894	0.1083899024	0.0428596346	-0.0665818581	0.038940187	0.067058578	-0.063373318	0.0979130618	0.0114370271	-0.2190396943	0.2363139249	-0.0074535103	-0.099192146	-0.0896344591	0.1060542088	0.1780590568	0.0288188817	-0.1288349341	-0.1063403902	-0.1375482255	-0.0347358157	-0.0063839364	0.0696423287	0.0206396217	0.0953778527	0.1196205003	-0.0269327443	0.1879768337	-0.0368568838	-0.1186430619	-0.0162975924	-0.0040118258	0.0497679662	-0.049521961	0.1023269745	0.1361029093	-0.0087028632	0.167201991	0.0102450697	-0.0658336772	0.0500029048	-0.0489132703	-0.2490770055	0.1075928645	0.1551041069	0.0660076536	-0.0616009311	-0.1289999139	-0.0235370841165831	-0.0182194216025237	0.0005539943287111	0.0003319473235305	0.0417224896839911	-0.0101982517423237	0.0017407661454307	0.0001040043385998	-0.0070775942027765	-9.015747721996537e-07	8.128370698668573e-13	5.009233969917552e-05	5.699997575996678e-05	-0.0001609998066457	2.5920937739963484e-08	3.2489972366368e-09	-0.0004809995264432	3.656651999966488e-10	2.3136054443858267e-07	1.337110384885892e-19	1.3677920505086514e-08	-3.8793277809687716e-08	1.8708550934346612e-16	1.5049184032196089e-15	0.0	0.0	0.0	0.0	0.0
873.8094654637434	-3.257014201031893	763542.981934033	10.608141505723422	904.3461066109794	-0.0420857020785661	0.0017712063194458	817841.880542437	842.1222033632052	-1.3644025360553087	709169.8053972996	1.8615942803941576	842.0646552646283	775.1729146941634	1.317732	17.422533	0.0287391400240294	0.0175760569978636	-0.0614485273	-0.113128259	0.01248911	-0.1278436822	-0.045517521	0.0175151001	0.191411954	-0.0342343595	-0.1519939601	-0.1102674579	-0.0788099382	-0.1029734053	0.1776581125	0.1392387806	0.0317304485	-0.0285803737	0.1471195062	0.0525302859	-0.0599934681	-0.0181527799	-0.0863740264	0.0065843972	-0.077515599	-0.128664891	0.0090556168	-0.0391405785	0.1096250824	-0.0120004571	0.0116890096	-0.0734960872	-0.0266910299	0.194844623	-0.1858263324	-0.0747738331	0.0908832665	0.1866404419	-0.1134488086	0.1670731866	-0.0777397849	-0.0895840286	-0.0395618168	-0.0750998271	0.0298382987	-0.0611508351	-0.0903745043	-0.1276912653	0.0132587157	-0.020244408	0.0738799526	0.1318645265	0.0049318266	0.1003566753	0.0460335313	0.1630073238	0.1060309938	-0.0807452224	-0.0093905311	-0.293515591	-0.0326203131	-0.0855054829	-0.1238479679	-0.0683490425	0.146695268	-0.0895142301	0.0769545601	-0.1720185875	-0.1511608973	0.0662161648	0.1567960956	-0.0146545058	0.0999493298	-0.0504689635	-0.0851979509	0.0515232665	0.0016605598	0.0171406559	0.1708667107	-0.1038516079	-0.1380139011	-0.1206797831	0.0025837264	0.0988300343	-0.0120177545	0.0695395566	-0.0338330071	-0.0961507096	0.0751368941	0.0016666852	0.1151681374	-0.0415485459	0.122380234	0.063080731	-0.0674542747	-0.1289999139	-0.0292556618621517	-0.0057185777455685	0.0008558937509925	3.270213143211244e-05	0.0267547738239954	-0.0149677158599957	0.0007158179223731	0.0002240325180655	-0.0070766960637485	8.981390280000945e-07	8.066537136169546e-13	5.007962717867351e-05	0.0002179997824057	0.0001609998066457	2.5920937739963484e-08	4.752390512893255e-08	-0.0004809998921084	-3.656651999966488e-10	2.313608962082924e-07	1.337110384885892e-19	5.247119831477422e-08	3.8793277809687716e-08	2.753226652588365e-15	1.5049184032196089e-15	0.0	0.0	0.0	0.0	0.0
874.6643255802063	0.8548601164628735	765037.6824426771	0.7307858187189177	902.4208218165808	-1.9252847943986355	3.706721539542595	814363.339648113	842.2960534489908	0.1738500857856024	709462.6416557452	0.0302238523276613	840.747981152092	767.737654268249	1.329502	17.578144	0.0554008241122698	0.0330798512259867	0.056500702	0.0665151899	0.0913475511	0.0641564783	0.0235295945	0.0168121007	0.1336753984	0.0308358351	0.0442070807	-0.1177268303	-0.000791381	-0.0515656209	-0.0530342214	0.035958497	0.0312813203	-0.1139396542	-0.1153425223	-0.0245158267	-0.0212503196	-0.0027107228	-0.0042334061	0.0545960869	0.1007067554	-0.0207646026	-0.0494143922	0.0827608876	0.0745812878	-0.0154369561	-0.0137921395	-0.0621512565	-0.0279854152	-0.1341499882	-0.03316412	-0.0031700873	0.1103438071	0.0584841002	-0.0985939527	0.0058000875	-0.0413646382	-0.0179865753	-0.018826564	-0.0564979468	0.1509986836	-0.0266299021	-0.0559949694	0.1135642792	0.0950647543	0.0142316898	-0.0134781601	0.029155125	-0.0068400001	-0.1030319404	-0.0060767485	0.0301506146	0.0053821637	0.0164329578	0.1481249138	-0.12239743	-0.0336836073	0.0078425828	0.0367335407	-0.1043721384	-0.0161798518	-0.0873226878	-0.0932043715	-0.132311688	0.0334691304	0.0736236363	0.0751444927	-0.1253432462	0.0069849566	0.0802301387	0.1045797396	0.0655830359	-0.0335302504	-0.0264853913	-0.0777574111	-0.0493829951	-0.0840732879	-0.0865259731	-0.1094855672	0.0218085868	-0.1749791015	-0.1088751039	0.1329026694	-0.0195063142	-0.0019254944	0.070476576	0.003156819	0.0712208821	-0.0528535884	0.0601105761	-0.0731227308	-0.1282045865	-0.0303015611849701	-0.0010458993228184	0.0009181846102464	1.0939053934719875e-06	0.0372918965936719	0.0105371227696765	0.0013906855515531	0.0001110309562632	0.0046864927959475	0.011763188859696	0.0001383726121488	2.1963214726467817e-05	-0.0002550001461731	-0.0004729999285788	2.237289324355499e-07	6.502507454830238e-08	-0.0003129999306303	0.0001679999614781	9.79689565745726e-08	2.8223987056643086e-08	-3.99019463643202e-08	-9.237314467909443e-08	1.592165323661086e-15	8.53279785790491e-15	0.0	0.0	0.0	0.0	0.0
873.778372386076	-0.8859531941303658	763488.64404966	0.7849130621897976	896.8264308384487	-5.594390978132083	31.29721041620564	804297.6470504308	841.3536634151515	-0.9423900338393878	707875.9869420959	0.8880989758798025	839.678602741674	763.6957028917045	1.333658	17.633093	0.079104557028323	0.0369564091175076	0.0407475938	0.0086838754	-0.0591904733	-0.1482276386	0.231816841	-0.0574557745	0.0725211012	0.0429546	-0.0111921994	0.0345902514	-0.0901981909	0.1315878313	0.2644836729	-0.0040866537	-0.0465509026	-0.051567578	0.1288126513	-0.0089628749	0.0361206947	0.132265424	0.1597761223	0.2035405214	0.1588014416	-0.0243541499	-0.0453706644	0.0035034285	-0.0256426502	0.0212274685	-0.0546117168	-0.1442117705	-0.0653220908	0.0633188901	0.1004471611	0.1021422919	0.0351432702	-0.0048548492	0.0511718839	0.079982933	0.00728949	0.0738008668	0.052892535	0.0222356948	-0.0558614004	0.0362190499	-0.0350116399	-0.1279631435	0.0324664338	0.0797356697	0.1039654866	-0.2082484763	0.0869723292	-0.0977441542	0.0165509847	-0.004894565	-0.0014326076	0.0997712653	0.1842951394	-0.1386684167	0.06230022	-0.1459988718	0.0550475974	0.0882643605	-0.0588528159	-0.042680231	-0.0003969022	0.1587729015	-0.0034866922	-0.0628978843	-0.0359085221	-0.0467880443	-0.0506196677	-0.1881044551	0.0334656298	0.0730054471	-0.2053412707	-0.2195094844	-0.0151433917	-0.0842745541	-0.0057104104	-0.0111002872	0.036309324	0.0008350198	-0.0763219779	-0.0024133752	0.0221263744	-0.0150916472	0.1606306588	-0.1007399595	-0.1348195311	-0.0677858137	0.0472743089	0.0570992244	-0.0785907625	-0.1266188352	-0.023491648202139	0.006809912982831	0.000551857535253	4.637491483373156e-05	0.0052906592505621	-0.0320012373431098	2.7991075305558325e-05	0.00102407919149	0.0181265150912892	0.0134400222953417	0.0001806341992992	0.0003285705493547	-6.970874355156646e-06	0.0002480292718179	6.151851967853923e-08	4.8593089275380585e-11	-0.0004810001574395	-0.0001680002268092	2.313611514568238e-07	2.822407620794265e-08	0.0001209982875673	0.0001210381895136	1.4640585594219029e-08	1.465024332074572e-08	0.0	0.0	0.0	0.0	0.0
872.4525257673138	-1.3258466187621707	761173.4097177653	1.757869256483081	904.6144841875348	7.788053349086113	60.653774968211415	818327.3650018796	841.2272278524489	-0.1264355627025679	707663.2488803159	0.0159859515159149	840.6100981092944	761.162441955125	1.400919	18.522396	0.0694322062967374	0.0343817434346994	0.0014363472	-0.1999518398	0.1335654757	-0.0967844526	-0.0534477415	-0.0403227139	-0.04336359	-0.0492239341	-0.2451787401	0.0112616542	0.0850981006	0.0345257139	0.0145128844	0.1015222857	-0.0638664708	0.0126551183	0.1680086198	0.0384278448	-0.1076919625	0.0536719217	-0.0265638056	-0.08292794	0.0799354144	-0.0412503675	0.063633534	-0.0571171967	0.0345763067	0.0765476482	-0.0417784385	-0.2074204622	0.0554180617	0.104691723	-0.0409772906	-0.0157379261	0.1018359577	-0.1838433529	-0.032317451	-0.0860676445	0.1449880082	-0.1056779738	-0.0052664983	0.0094652814	0.0695505043	0.0043361385	-0.0725875374	-0.1878671008	-0.0120685037	-0.1584241213	-0.0595401841	0.0277603399	-0.0596681909	0.0646609848	-0.0620074456	0.0012915362	0.02159378	0.0478866269	-0.0052044725	-0.1924077088	0.2111292675	-0.0399711474	0.0391057684	-0.125798048	-0.0341968217	0.05913128	-0.1454149703	0.1804987936	0.0460578441	-0.1137176566	0.0287125612	0.0062687488	0.0934011062	-0.2178949796	0.1126899972	0.0332628106	0.0729573731	0.0542720351	0.0990685139	0.0207366245	-0.054958985	0.0445900891	-0.1489962621	0.1589786219	-0.059180913	-0.1344825261	-0.0273047962	-0.0774227783	0.0833876667	0.0249546359	0.0045876221	-0.0332224936	0.0609798512	0.0540487397	-0.0838433825	-0.1242524367	-0.0323283670201846	-0.0088367188180456	0.0010451233141917	7.808759946920123e-05	0.0115718664363839	0.0062812071858217	0.0001339080928215	3.945356371121941e-05	-0.00279457637928	-0.0209210914705692	0.0004376920683199	7.809657139629715e-06	0.0002900004554343	0.0002969713297894	8.819197071691821e-08	8.410026415210141e-08	-0.0007310003688636	-0.0002500002114241	5.343615392787193e-07	6.250010571209473e-08	1.06052334840741e-07	-0.0001208922352324	1.1247097725172647e-14	1.4614932539500264e-08	0.0	0.0	0.0	0.0	0.0
873.8173308076522	1.3648050403384104	763556.7276198098	1.86269279813313	900.6975781032017	-3.91690608433305	15.342153273485264	811256.1272009732	841.1945083593433	-0.0327194931055601	707608.2008939174	0.0010705652290847	840.2370080377638	763.4645575373626	1.280604	16.931639	0.0722276094264092	0.0381899748257659	0.0183761005	0.0707148917	-0.0606314018	-0.0323548319	-0.0847754295	-0.1079138846	-0.093191469	0.0114619535	-0.0600234589	0.1199576875	0.1526443505	0.0553671822	0.005118813	-0.1032583917	-0.1380512282	0.0645427518	-0.0234483781	-0.1109910704	0.0264933764	0.0868187038	-0.1513752117	-0.0191668146	0.0603330282	0.1271929437	0.106020754	0.0973928716	0.0267373535	-0.1463104961	-0.1888172171	-0.1035725551	0.0796698103	-0.0098429478	-0.0111080668	0.047768629	0.0882053979	-0.0495041567	-0.0339577738	-0.0839165665	0.1080097468	0.0658035664	0.0355864175	-0.0905418484	0.0807950254	0.1593639151	-0.0453099966	-0.0208976484	-0.0365590021	0.04724267	-0.2270393899	-0.0014336339	0.0081062938	-0.076535601	-0.1088394934	-0.1029310389	0.0243750926	0.0123624051	0.0813298359	-8.78515e-05	0.0483946678	0.0867456133	-0.0251793728	-0.0080643025	0.0914010849	-0.0910353619	0.0081043759	0.0997160502	-0.0002957274	-0.1181002064	-0.0332663366	0.0425535401	0.1083583548	0.0262063758	0.1331519063	-0.1511137539	-0.1350847483	-0.0846723975	0.0182787462	0.0825632378	-0.016487059	0.0469131806	-0.1653953764	-0.0075660308	-0.0882381755	0.0416015113	0.1212718443	-0.1423556207	0.0564844736	0.097322853	0.0006955764	-0.0497305346	0.0767324888	0.0509612127	-0.0888661936	-0.1211199807	-0.0353579782756696	-0.003029611255485	0.0012501866277427	9.178544359361416e-06	0.0388025404590592	0.0272306740226752	0.0015056371460769	0.0007415096077292	0.018168854425852	0.020963430805132	0.0004394654311215	0.0003301072711478	0.0001199999626495	-0.0001700004927847	2.8900167547074825e-08	1.4399991035881396e-08	-0.0004810001304371	0.0002500002384265	2.3136112548050727e-07	6.250011921330687e-08	2.891668380298248e-08	-7.713565103775853e-08	8.361746021616694e-16	5.949908661018857e-15	0.0	0.0	0.0	0.0	0.0
875.7009644272322	1.883633619579996	766852.1790987846	3.5480756128120365	905.9978123256138	5.300234222412087	28.09248281242826	820832.0359387982	841.9533324403933	0.7588240810499656	708885.4140074834	0.5758139859813247	840.8421454360805	764.8029663858335	1.169993	15.469176	0.0244881296795315	0.0201498385559164	-0.0438452422	-0.0512772245	-0.0448312504	0.0503731818	0.122089838	-0.0295545259	-0.1469133781	-0.0634718108	0.0016140244	0.0466489072	-0.0749947336	0.072731126	-0.0064486489	0.0118516382	-0.026207894	0.0177905045	0.0008660885	0.0384508787	0.055609484	-0.0031142287	0.1055114045	-0.2358779459	0.1432082596	0.0923425456	-0.1771176651	-0.0452925316	-0.1312909779	0.1310360919	0.0474203726	0.0428659774	0.2191956373	0.0017315082	0.0005687846	-0.1537802945	-0.0410004624	0.0743723356	0.0983957841	-0.0147322984	0.0335875903	-0.1230411955	0.0639326584	0.0513317891	0.0473170854	0.0240689985	0.0967687618	-0.031687866	-0.0039474845	-0.0222803787	0.052613552	-0.0953541556	-0.1810076959	-0.0483627081	-0.2003344406	-0.0773203928	-0.2989994801	-0.133035372	-0.0620888937	0.1032796035	0.0967747205	0.0384683052	0.082198668	-0.1038272307	-0.0123456016	0.0810606037	0.0215474864	0.0050059223	-0.0919471256	-0.0935702177	0.0564212973	-0.06424826	0.154572293	-0.0372366746	0.0387968265	0.0230300556	-0.0218507651	-0.0742415122	-0.0304417694	0.1111649256	-0.0105422786	0.1896616514	-0.0206072052	0.0723681318	-0.206925255	-0.2273163308	-0.0883410646	0.1883778362	-0.0874389705	0.023711387	0.1158473161	0.1394431155	0.0036952587	0.0478387595	-0.0936454286	-0.1172407796	-0.0367476364047689	-0.0013896581290992	0.001350388781337	1.9311497157717542e-06	0.0382948035588697	-0.0005077369001894	0.0014664919796124	2.577967598140363e-07	0.0004793004055798	-0.0176895540202722	0.0003129203214361	2.2972887878896083e-07	0.0002179997824057	9.79998197562e-05	9.603964672247692e-09	4.752390512893255e-08	-0.0004809998921084	2.3832870003686816e-10	2.313608962082924e-07	5.68005692612635e-20	5.247119831477422e-08	2.355451451179174e-08	2.753226652588365e-15	5.548151538862078e-16	0.0	0.0	0.0	0.0	0.0
876.0876169937898	0.3866525665575864	767529.5126498573	0.1495002072255687	903.7318180629184	-2.265994262695472	5.134729998568794	816731.1989793078	842.6758065741491	0.7224741337557816	710102.5149853927	0.5219688739461671	841.4858506979401	777.367488419714	1.266172	16.740822	0.0903669143666406	0.0441436540062745	-0.150723389	0.055259422	0.1469296672	-0.0372304018	0.0521060876	-0.0583240094	-0.0040685547	0.0150190157	-0.0681465656	-0.0714156944	0.0803549205	0.0674116804	-0.0515700992	-0.028668533	0.0675804841	-0.0314420946	-0.0224260659	-0.1083714648	-0.0582717654	0.0807828936	-0.0581397656	-0.0125502068	-0.1710370313	0.0198293613	-0.1525907361	0.0229969969	-0.0053185451	0.1170837643	0.0836855856	0.2113397517	0.0207107818	-0.0367098128	0.0607246709	-0.0337574413	-0.0428033474	-0.1458986164	0.0139676683	0.0746187254	-0.1209640676	-0.152431613	-0.154853331	0.1409961987	-0.0122340148	-0.0485396177	-0.1374131686	0.0496067077	-0.0586091445	0.0137535968	-0.0798237051	-0.0340599891	-0.0184279705	0.0225721745	0.0906018398	0.0232688757	-0.2100186706	-0.1662321674	-0.0383825654	-0.0027466294	-0.1016192261	0.0262127325	0.0003175014	-0.0217913131	-0.0369103447	0.0457478579	-0.0119663718	-0.0339300999	0.1943940985	-0.1097845273	0.0196022665	0.0653008467	0.0449095314	0.113964022	0.1155719956	0.1010939812	0.0709835554	-0.1212363007	0.0296073093	0.0896917539	-0.1131508382	-0.0113550103	-0.0634889984	0.0726656881	0.0747970158	-0.1330092277	-0.0363666417	0.1424620352	-0.1974258604	0.0354149444	0.1403855679	0.1597800381	-0.0705404316	0.0446835199	-0.098167988	-0.1126387502	-0.0235813720306907	0.0131662643740782	0.0005560811068498	0.0001733505175681	0.0742086248993416	0.0359138213404719	0.0055069200094511	0.0012898025632753	-0.0002559232155263	-0.0007352236211061	5.405537730323662e-07	6.5496692245321e-08	0.0001479974628607	-7.000231954500002e-05	4.900324741680292e-09	2.1903249013204272e-08	-2.102073527332493e-05	0.000459979156835	4.4187131143120696e-10	2.1158082472270653e-07	-0.0002809981530413	-0.0002810506242396	7.895996201262184e-08	7.898945338547716e-08	0.0	0.0	0.0	0.0	0.0
875.2034217164165	-0.8841952773732373	765981.0293841236	0.7818012885291361	899.9062858581543	-3.8255322047640448	14.634696649686854	809831.3233270182	842.1412701722675	-0.5345364018816099	709201.91892736	0.2857291649365379	840.753442949118	773.901489888341	1.250072	16.527954	0.0725731644567624	0.0461703141621125	-0.1491564608	0.0028385058	-0.1241618063	-0.0504845455	-0.0688596996	-0.0347312022	0.0845996161	0.1096581104	-0.0380720832	0.0470788789	0.046032768	-0.0902188716	0.0488895945	-0.0546658894	-0.016055323	0.0120248553	0.1349470088	-0.0663006634	0.1307259433	0.058063583	0.0237938206	-0.1831713382	-0.1142456812	0.0862272105	-0.1334020671	0.2232452135	0.0047773233	-0.1652640812	0.1007234741	0.0096886279	-0.0734110131	0.0127711777	-0.0895259851	0.0867522745	0.121163436	0.1182355936	0.0314315511	-0.010058604	-0.0561414445	0.2652215566	0.024932279	-0.0331925064	0.0036560356	0.0747898157	-0.0561609223	-0.0821990618	-0.0259188915	0.1392239975	0.0058934616	-0.0212697941	-0.042681166	0.1568264571	-0.0836032543	-0.2034113258	0.0959932424	-0.1004584657	0.0268058319	0.1190532261	-0.2358930541	-0.1088776039	-0.0821207893	0.0603544504	0.0760668429	0.0346133484	-0.0801156142	0.0195793995	-0.1726201039	-0.0813853396	0.0162172535	0.1333989387	0.072351746	-0.0350693177	-0.1285982997	-0.0455865682	-0.0300418637	-0.0993381739	0.0056851109	0.1238448084	0.0211680294	0.0049227943	0.0242013199	-0.0175671861	0.2146877543	0.1208154819	-0.1294343152	0.1289350522	-0.0352789343	0.010569026	-0.0037033302	-0.0164233476	-0.0573363418	0.0414976565	-0.1024214758	-0.1073422654	-0.0236561805125177	-7.480848182700103e-05	0.0005596148764408	5.5963089532607445e-09	0.0342648069580207	-0.0399438179413209	0.0011740769958704	0.0015955085917293	-0.0031067751796953	-0.002850851964169	8.127356921606245e-06	9.652052017170765e-06	0.0006259878311871	0.0004779903683264	2.2847479221280758e-07	3.918607647943292e-07	-9.70754117919359e-05	-7.605467651861098e-05	9.423635574573929e-09	5.784313820350555e-09	-0.0002409694764974	4.002867654389998e-05	5.8066288603431014e-08	1.6022949458561682e-09	0.0	0.0	0.0	0.0	0.0
874.2482461402868	-0.9551755761297044	764309.9958793676	0.9123603812347127	905.5368773324147	5.630591474260427	31.70356035001421	819997.0362089408	841.9607793229906	-0.1804908492769072	708897.9539181776	0.0325769466726992	840.9170190555533	768.2448140766995	1.212784	16.034948	0.0404478286194889	0.0218912922850866	-0.0673766617	-0.0946638245	0.09826391	0.1297347945	0.0452784385	1.86137e-05	0.0911642375	0.095088281	-0.1218164848	-0.0453861332	-0.1311567713	0.0610482798	-0.0301840533	-0.1247186862	0.0226677158	-0.1878221348	0.0072024071	0.0928130877	-0.0526905064	0.1096352576	-0.0620184895	-0.1170923021	0.0932346521	0.0821530583	-0.0677883657	0.0214233507	-0.0103700503	0.0301187838	-0.0187769526	-0.0093276128	-0.0357488589	-0.1085822447	-0.0126411471	-0.0539878195	0.0472644656	-0.2422880242	-0.0913970944	-0.0266970779	-0.028468285	-0.0035347315	0.1296953976	-0.1242072481	-0.222615619	-0.0904631934	-0.0754729607	-0.0505506334	0.1823135793	-0.0336625792	-0.0337325592	-0.0321535101	-0.1048924034	-0.0065185201	-0.1124614764	-0.0456220826	-0.0872900576	-0.0606178686	-0.0050548921	0.089123579	0.0263568694	0.0438576357	0.124635264	0.127953081	0.0752139808	0.0130392328	-0.1528168604	-0.0580375065	0.0542880462	-0.0379566171	0.119826117	-0.0373106216	0.103145547	0.021364937	0.0640152572	0.0222315521	0.1185006464	-0.104366751	-0.0859702832	0.2077727554	0.0604310564	0.1169751703	0.1263336561	0.0220962896	0.0718873173	0.0536059533	-0.0134235372	0.0052714572	-0.1034280422	-0.1150110423	-0.0096815917	0.0751687791	-0.061681494	0.0382833527	-0.1063942335	-0.1013839798	-0.0235829688020174	7.321171050030106e-05	0.0005561564175169	5.359954554379893e-09	0.0433729844919668	0.009108177533946	0.0018812157837403	8.295889798988041e-05	-0.0091739087514781	-0.0060671335717828	3.681010977785392e-05	8.416060178044647e-05	0.0006119998169273	-1.398801425979998e-05	1.9566454293236759e-10	3.7454377591904885e-07	0.0001519996598604	0.0002490750716523	2.3103896597677296e-08	6.203839131861628e-08	-4.644634434182319e-08	0.000240923030153	2.1572629027192108e-15	5.8043906458131385e-08	0.0	0.0	0.0	0.0	0.0
873.7821997334283	-0.4660464068584815	763495.3325709889	0.2171992533457013	896.6331436157227	-8.903733716692045	79.27647409775874	803950.9942302132	841.2321349009509	-0.7286444220396788	707671.5047900117	0.5309226937695376	840.1817965163398	775.9188520888652	1.248042	16.50112	0.0543961812747588	0.0277390997471906	-0.0479564285	0.108647717	0.0775961701	-0.190449465	-0.0440198961	-0.0299351836	0.0682597055	0.1481277562	-0.0066531085	0.0010615338	0.0778601584	0.0420456335	0.0940305372	0.1268281929	-0.0930465342	-0.1268445662	0.0682264923	-0.0822839734	-0.1025548479	-0.0471892837	-0.1195572596	-0.0150395609	0.061779627	0.0573397703	-0.1105711749	0.1572416721	0.0611708349	-0.1778366232	0.1125600527	-0.077322075	-0.0190938814	0.0714938371	-0.1324295891	0.0714357639	-0.0191406387	-0.0541235667	0.026607492	-0.0221684888	-0.0232663503	-0.0891620074	0.044059884	-0.0045018576	-0.068488292	0.1067862603	-0.1900802581	-0.0388453051	0.038367448	-0.0611464196	0.0277381116	0.0220532026	-0.0187930005	-0.0967379266	-0.0451395969	-0.0528118181	0.0095966448	-0.0503743475	0.0350455976	0.0898368961	-0.099736387	-0.0050756277	-0.0248139242	0.0492209183	0.2453298936	0.0036543109	-0.1395214686	0.0666454439	-0.0717716346	0.06186409	0.1554209028	0.1040995806	-0.0414374476	0.0252292457	0.097672572	-0.0825039447	-0.0168944056	-0.1107776077	0.069388848	0.1876235129	-0.0763815283	0.0584791471	0.0303391953	-0.0638519616	0.1058472082	0.0879426383	0.0076383349	-0.0156650647	0.0221764596	1.8662e-05	0.0780794918	-0.1919737548	0.1628322659	0.0350428114	-0.1100753719	-0.0948006283	-0.0236688222311869	-8.585342916949887e-05	0.0005602131458115	7.370811300162159e-09	0.0251510262842913	-0.0182219582076754	0.0006325741231531	0.0003320397609222	0.0130132940281342	0.0221872027796123	0.0004922719671836	0.0001693458214626	0.0008849995590259	0.0002729997420986	7.452885918590214e-08	7.832242194760375e-07	0.0001570001946282	5.000534767799988e-06	2.4649061113292682e-08	2.5005347963976477e-11	-6.95066439722206e-08	-2.3060299630397404e-08	4.8311735562810306e-15	5.317774190437066e-16	0.0	0.0	0.0	0.0	0.0
872.6074220436956	-1.174777689732764	761443.7130057443	1.3801026202938502	900.2992340087891	3.666090393066384	13.44021877013363	810538.7107568124	840.1569684738085	-1.0751664271423351	705863.7316751002	1.1559828460540142	839.3629634267276	761.0218107680644	1.357659	17.950428	0.0729799254090648	0.0406026834836219	0.0685809712	-0.1097299488	-0.1173143306	0.0444315858	0.0156184427	-0.0752140918	0.1332840489	0.1405157741	-0.0326159571	0.0618650745	-0.1383685255	-0.1847041428	0.0103532206	0.0198700206	-0.142373547	-0.1810636573	-0.0252237392	0.1454423758	0.0568884113	0.0602877464	-0.1575594501	-0.0496893658	0.1185056693	-0.1262288471	-0.022046321	-0.0663898735	-0.0257219926	0.0626696036	0.0244562741	-0.0087475644	0.0082185803	-0.0851210915	0.0324567471	-0.1193869373	-0.065927445	0.0257627723	-0.1635070707	0.07650832	0.0248747768	0.1777523175	0.1211280639	0.0577880382	-0.1061125074	0.0705331917	0.0323479576	-0.0974131567	0.2807532954	0.0315159745	-0.0412170593	0.070182423	-0.1336925621	-0.0742356797	0.0179672695	0.0763748887	-0.106401373	0.0155275676	0.027604179	-0.0304632021	0.0554617275	-0.0376250926	0.0418126407	0.0360994936	0.0352988349	0.0048252072	0.0812877737	-0.0340639751	-0.0128517021	0.0776705707	0.1287797882	-0.1547076101	0.0515172955	-0.0287606507	-0.0847759837	-0.0915897997	0.0572895473	-0.0555664269	-0.0616747548	0.1149892119	-0.0320283013	-0.0155974984	-0.026208434	0.0661921717	-0.0729902534	-0.0662413035	0.0297741825	-0.0073955917	-0.1258319792	0.034083869	0.1321680136	-0.0972432544	-0.0094794499	0.0317782535	-0.1134548014	-0.0876327994	-0.027874575982949	-0.0042057537517621	0.0007769919862291	1.768836462046098e-05	0.0521306181437637	0.0269795918594724	0.0027176013480509	0.0007278983769037	0.0129739371456025	-3.935688253169957e-05	1.5489642026139986e-09	0.000168323045058	0.0003869998103279	-0.000497999748698	2.480037497032712e-07	1.497688531938306e-07	-0.0001800001451097	-0.0003370003397379	3.240005223951306e-08	1.1356922898346001e-07	3.4863226099426936e-08	1.0436987007164753e-07	1.2154445340597634e-15	1.0893069778772587e-14	0.0	0.0	0.0	0.0	0.0
873.6134192914363	1.0059972477407657	763200.4063660749	1.0120304624619951	906.0478699820384	5.748635973249293	33.04681555293585	820922.7426989888	841.5062857307917	1.3493172569831131	708132.8289244327	1.8206570599924323	840.2396406350676	760.0942868319424	1.274391	16.849485	0.0430058212932805	0.0242529299567752	0.0110132985	-0.0292990192	0.1505548215	-0.0212165526	0.0524212713	-0.1960258007	-0.0269560916	0.1659413803	0.001247723	-0.0535541682	-0.0337663477	0.0880131062	-0.1467595178	-0.0488351757	-0.0049842577	-0.0893745737	0.1356986724	-0.0764771688	-0.1455677796	0.1092766831	-0.0139151436	0.0341824974	-0.0175166131	-0.1556018784	0.1220865598	0.0107285329	0.0120926648	-0.0015985408	-0.0784543126	0.0294831046	-0.0026651812	0.0198534917	0.1013061619	-0.0390438939	0.0732038383	0.1044969459	0.0231398834	0.098467766	0.0624187211	0.0831930571	-0.0605303589	0.0635427671	-0.018747743	-0.0035289256	-0.1527979186	-0.0517177387	0.0046795819	-0.1467766702	0.001920874	-0.172624616	-0.1324978924	-0.0289752575	0.1732093653	0.0564736895	0.0253972473	0.0588753491	-0.0661734356	0.0228272513	0.0528205485	-0.0036920012	-0.1481611169	0.0358194507	-0.0121446082	-0.1325688663	0.0269588344	-0.0309807121	-0.0252394025	-0.0416722484	0.0527701697	-0.0557793197	-0.0304834112	-0.0642005945	0.1276188225	0.1180225353	0.0946049547	-0.1086687334	0.0997305016	0.0466041274	0.0357005863	-0.1099113863	0.000557134	-0.1382352363	0.0595481943	-0.029907826	0.0311085737	0.0567966438	-0.0341597014	0.0775877427	0.1077498088	-0.1463457705	-0.0039918551	0.0284919163	-0.1165232592	-0.0799246852	-0.0234894334862758	0.0043851424966731	0.0005517534855061	1.922947471612924e-05	0.0521347895398491	4.171396085397849e-06	0.0027180362803643	1.7400545301272502e-11	0.0192138391954159	0.0062399020498133	3.893637759126545e-05	0.0003691716166273	0.0001389763203955	-0.0002480234899324	6.151565155824732e-08	1.9314417630672672e-08	-0.0004810072356733	-0.0003010070905635	2.3136796077006957e-07	9.060526856956329e-08	-9.846666329207272e-05	-9.850152651817214e-05	9.69568377987442e-09	9.702550726410171e-09	0.0	0.0	0.0	0.0	0.0
873.4272908362759	-0.1861284551604285	762875.2323775965	0.0346438018204076	897.9718021937779	-8.076067788260502	65.22287092057888	806353.3575351413	840.1101598507774	-1.3961258800142105	705785.0806844989	1.9491674728454536	838.8985114028774	762.6248182974571	1.115792	14.752562	0.0698563818936954	0.0345431087618272	-0.0121033164	-0.0380626393	-0.0818806235	-0.0049806289	-0.1461987022	-0.2136778942	0.0015077264	0.0975134443	-0.0188472009	0.1252889081	0.1037177614	-0.0747114877	-0.003617442	-0.0946792775	-0.1891401702	-0.0219827402	0.1085237421	-0.0715854149	0.1247830391	0.0041636021	0.038617138	-0.0958517879	-0.0383680441	-0.1156238737	-0.0039122956	0.0006882047	-0.068720502	-0.022879604	-0.1746631547	0.0773876208	-0.0034926791	-0.0417066262	0.1376200158	-0.050547519	-0.0792915001	-0.0622750238	0.0016503368	-0.1552066148	-0.107472065	-0.0304822366	-0.0297849419	0.0466537829	0.2447292234	0.1768084578	-0.0023693019	-0.0820771351	0.0320553185	0.0605971138	-0.0271539014	-0.0444441204	-0.0530150345	0.1098425904	0.0184860026	-0.0644366326	0.0782003936	0.0133991999	-0.0389566448	0.1238688186	0.1394536187	-0.0498012774	-0.0457128957	-0.0395036076	-0.0987810445	0.0971876702	-0.0716899631	-0.0952306294	0.2254288699	-0.1066013605	-0.0201465496	0.0183568362	-0.0227373444	-0.1524327636	-0.0611063945	-0.0773272813	-0.0411836364	-0.031418922	-0.0163244461	0.1104578821	0.0997771188	-0.1235618961	-0.0745224994	-0.05332369	-0.0075540332	0.0759379497	-0.003547654	0.0228868623	-0.0374566938	0.053402713	-0.060496582	-0.1006204633	-0.1256885789	0.0251860523	-0.1192723348	-0.0717238087	-0.0235436008767635	-5.416739048769853e-05	0.0005543011422443	2.934106192246813e-09	0.0247530011403966	-0.0273817883994524	0.0006127110654564	0.0007497623359523	0.034352347198947	0.0151385080035311	0.0002291744245729	0.001180083758077	0.0005859998374157	0.0004470235170201	1.9983002476910898e-07	3.433958094512268e-07	-0.0004810000446473	7.1910259999787875e-09	2.313610429507046e-07	5.171085493237092e-17	1.409906662100174e-07	9.860765395828272e-05	1.987836795834454e-14	9.723469419156432e-09	0.0	0.0	0.0	0.0	0.0
873.2078334639726	-0.2194573723032817	762491.9204228449	0.0481615382582612	903.128178514753	5.156376320975141	26.58821676351313	815640.5068273756	841.5177524263701	1.4075925755926164	708152.1276487295	1.9813168588634555	840.4513873542707	760.3847737588173	1.018612	13.467679	0.0189051690661249	0.01116922816898	0.0278986832	-0.0097682417	0.0741353998	0.0924533708	0.0307041516	-0.2271341095	-0.0053631312	0.0963248695	-0.0796928725	-0.0252390762	0.0108034326	0.0290041216	-0.0524724789	-0.1789802071	0.0089657689	-0.1183266755	0.0247987161	-0.0166629581	-0.0039275127	0.1410453137	0.0719955755	-0.0173498686	-0.0770366223	-0.0533734118	0.0889211453	-0.0621194671	-0.0266150948	-0.1495006263	-0.23552682	0.0531094919	-0.0302266811	-0.1649321164	0.0584569417	0.0007236713	-0.0942042281	0.0021620081	0.0034450553	-0.0294534399	0.1988569088	-0.0865495958	-0.0343235968	0.0731324458	-0.1312449465	-0.0322322672	-0.0792969076	0.0243028552	0.0710772832	0.0275624077	-0.0665517413	-0.1663598021	-0.0266889915	0.1079877816	0.088606626	-0.0909558791	0.1390569914	-0.0559164933	0.0433308076	0.173692877	0.1658896315	0.0124947659	0.011056404	-0.0452866832	-0.0139130745	0.0324175529	0.0330032183	0.0250076681	0.0842645648	-0.0825792035	-0.0454426549	0.0445512257	0.0463462862	-0.0226297193	0.054905519	-0.010804937	0.0473334581	-0.0496775969	-0.0329033857	0.0431783675	0.0491469849	-0.1653637438	0.111244001	-0.0357298289	-0.0321130781	0.0307587292	0.0043252642	0.0075590724	0.0940001975	0.0787743977	0.0810599765	-0.1152027874	-0.0045450854	0.0218629269	-0.1216944932	-0.063080731	-0.0236022276715317	-5.862679476820176e-05	0.0005570651510588	3.437101064792849e-09	0.0317094024903781	0.0069564013499814	0.0010054862062967	4.839151974202438e-05	0.0349169750975377	0.0005646278985907	3.188046638669498e-07	0.001219195149962	0.0005860179749269	1.813751120008453e-08	3.2896931253319194e-16	3.4341706693742485e-07	-0.0003544709352121	0.0001265291094352	1.256496439101408e-07	1.6009615534464818e-08	0.0001001040041755	9.996301350928998e-05	1.002081165196852e-08	9.992604069858491e-09	0.0	0.0	0.0	0.0	0.0
872.6796997954161	-0.5281336685565066	761569.8584350176	0.2789251718629539	898.9298623221262	-4.198316192626862	17.625858853272913	808074.8973744767	841.3931988634205	-0.1245535629495862	707942.5150936195	0.0155135900434365	840.3823473743556	759.9346785111861	1.200374	15.870863	0.0463117830231231	0.0214455459356634	0.0345481109	-0.1284351323	-0.0458033105	-0.135559956	-0.0508713721	0.0374042566	0.036943612	0.0765647474	-0.0632728655	0.1508681067	0.0937702031	-0.0188237848	0.0138525773	0.0406013934	-0.0467605275	-0.0432084597	0.1661544517	0.005364061	0.044389629	-0.0342205852	-0.1416177581	-0.0190000162	-0.1385543546	0.0619464328	-0.0117014644	-0.0118652953	-0.06871567	0.086314345	-0.0646751446	0.0166256888	0.1329164385	0.0928587037	-0.0884768003	0.062868539	0.1102009282	-0.0883759884	0.101868357	-0.0329371666	-0.0870168659	-0.0676162613	0.1391450825	-0.0318691836	0.1786527891	0.0487920459	-0.0629466134	-0.1419437727	-0.0044827396	0.0114524057	0.0013482787	0.0366521204	0.0732737013	0.0835778848	0.1124762803	-0.0846676548	-0.0377293724	-0.0872956077	-0.2003712512	0.0613222393	0.0155282723	0.0913676795	-0.0370465141	-0.1298873892	-0.0662548247	0.1086247162	-0.0968079748	0.0337105237	-0.107959165	-0.0152030144	-0.0047071907	0.0771392144	0.0300015622	-0.0974624629	-0.0322223715	-0.1143244433	0.0784174589	-0.043301567	0.1000018742	-0.0668353306	-0.0858046308	-0.0001389909	0.0698409535	0.0549443087	0.0101746268	0.0953627751	-0.0614459748	-0.0217074784	0.0646347381	-0.0375313764	0.064605075	-0.0669483923	-0.0194428676	0.0185248178	-0.1237830955	-0.0540487397	-0.0236644428429286	-6.221517139689756e-05	0.0005600058550662	3.870727551945341e-09	0.0246582165691933	-0.0070511859211847	0.0006080276443732	4.971922289511469e-05	0.0440164486374001	0.0090994735398623	8.280041870265586e-05	0.0019374477506488	0.0006500077310322	6.398975610529998e-05	4.094688886415776e-09	4.225100504016289e-07	-4.539327456631881e-05	0.0003090776606457	2.060549375853206e-09	9.552900031026869e-08	0.000329014755238	0.0002289107510624	1.0825070916432105e-07	5.2400131951997844e-08	0.0	0.0	0.0	0.0	0.0
871.2602330010452	-1.4194667943709192	759094.3936090355	2.014885980321653	905.1709909711566	6.241128649030429	38.95168681374839	819334.5228957057	842.0923355077808	0.6991366443603511	709119.501520949	0.488792047487452	840.7708465890786	759.9534326506055	1.4193	18.765425	0.0317636297587674	0.0216510724223125	0.1607821278	0.0700375246	0.0885799023	0.1292669091	-0.1689910166	0.1175497586	0.1244480307	0.0649723558	-0.0395121872	-0.1992896156	0.058451773	-0.0952451027	-0.1755506167	0.0168173526	0.025987463	-0.1973920759	-0.1203081326	0.0269174802	-0.1324727035	-0.0274704267	-0.0465933991	-0.1805827087	-0.0788428007	-0.0107150647	0.086052671	-0.061003204	0.0760720322	-0.0371043736	0.0351884397	0.0597730425	-0.0527549961	0.0716341332	-0.0081967298	0.1191942395	-0.0627604233	-0.1333548111	0.1383179324	0.0146186979	1.60087e-05	0.0438026622	-0.0538885583	0.1153681957	0.0300456504	-0.0574313878	-0.1061826031	0.1343380192	0.1701120718	-0.1104079578	-0.0436276839	0.1324821412	-0.0784579514	0.1073316365	-0.0043243589	-0.0472830443	0.0667069751	0.020374282	-0.1052020193	0.0633032609	-0.0265797368	-0.0257463041	0.0319173639	0.096219118	0.0609287192	0.0174224307	-0.0196483371	0.1100345015	0.0532034584	0.149180746	0.0816126779	0.0271065046	-0.0124668286	0.0326718515	0.1565126559	-0.161812641	0.0852172165	0.1182825535	-0.1100211666	0.0433587446	0.063274861	-0.0955517864	-0.0087152118	0.0913524771	-0.0147417097	-0.0237680994	-0.0834457559	-0.0672868724	0.1269256808	-0.1190013335	0.058742699	-0.076358355	0.0562844709	0.0151740128	-0.1255324169	-0.0446835199	-0.0235986203654334	6.582247749519973e-05	0.0005568948831518	4.332598543606075e-09	0.0054875956421938	-0.0191706209269995	3.0113705932224387e-05	0.0003675127067267	0.0440696886480438	5.3240010643704205e-05	2.834498733341737e-09	0.0019421374575355	0.0005860222379207	-6.39854931115e-05	4.094143328721814e-09	3.434220633375855e-07	-0.0001704216065525	-0.0001250283319861	2.9043523979935115e-08	1.563208379924674e-08	0.0002685496534631	-6.0465101774899975e-05	7.21189163751511e-08	3.656028532649012e-09	0.0	0.0	0.0	0.0	0.0
869.2568474564005	-2.0033855446447437	755607.4668498399	4.013553640491515	890.7367748260498	-14.434216145106802	208.34659572366184	793412.0020275129	840.178074965021	-1.914260542759848	705899.1976519284	3.664393425567229	839.1662089554305	753.1648642484806	1.301517	17.208138	0.0694929829608852	0.0473906087250274	0.3005532543	0.2121534702	-0.0468128696	-0.0032399761	0.0698633362	0.0196352026	0.0274381501	0.2394785786	0.2290954406	-0.0982449335	-0.0006438399	0.0503981143	0.1309397259	-0.061071242	-0.1530211359	-0.109873753	-0.0975099984	-0.0905356214	-0.03850701	0.0209415011	0.1186076901	0.1017610584	0.0620928721	-0.092490553	-0.0336520698	-0.0071396114	0.0192657881	0.2095604454	0.1037133273	0.1151792234	-0.1051334172	0.1119596617	0.0050229175	-0.0385567075	-0.0040536181	0.116337135	0.1054493357	-0.060496518	-0.0245906026	0.0192505983	-0.0412844035	-0.0982596693	-0.053773796	0.1482355637	-0.0228614148	0.1841361452	0.1206400956	0.026802493	0.1204739845	-0.1619639279	0.0284109104	-0.0515609025	0.0787105055	0.0953193403	0.0517253384	-0.0315042792	-0.2692467731	-0.1542334191	-0.0541000348	-0.0071512479	0.011413547	0.083829125	-0.1321722753	0.1389312549	-0.0154540317	0.0096992104	-0.1059957158	0.0967581781	-0.0207558463	-0.102813739	-0.1300426508	0.0318301504	0.1079429253	-0.1637944679	-0.1142542228	-0.1125707609	-0.0018964895	-0.1086404235	-0.020463655	-0.0646175048	0.0492902932	-0.0350771542	-0.0469966371	-0.0246779241	-0.0172769279	0.0489294431	0.0396965653	-0.0854572435	0.0409204556	0.0098827551	-0.1058251119	0.0118128082	-0.1269376627	-0.0350428114	-0.023554473304884	4.414706054940015e-05	0.0005548132126704	1.9489629551524034e-09	0.0469343858718076	0.0414467902296138	0.0022028365771637	0.0017178364203376	0.0652706965742808	0.021201007926237	0.0004494827370883	0.0042602638312918	0.0005860401036464	1.7865725699946038e-08	3.1918415478571233e-16	3.434430030818832e-07	-0.0002439028645637	-7.34812580112e-05	5.9488607342378593e-08	5.399495278908543e-09	0.0003310712846159	6.25216311528e-05	1.096081954972223e-07	3.908954362006772e-09	0.0	0.0	0.0	0.0	0.0
873.0390663861841	3.782218929783653	762197.21143646	14.3051800328138	904.0772349766322	13.34046015058243	177.9678770292778	817355.6468029927	840.9027515083696	0.7246765433486644	707117.4374943469	0.5251560924797687	838.7614029087971	743.7295425667251	1.45657	19.258186	0.0086203950915481	0.0089473918231609	0.1900695822	-0.0953562321	-0.0304354181	-0.0080306253	0.0525387037	0.1528030728	-0.1918719622	-0.0946760935	0.1056159344	0.2339447005	-0.0587475131	0.1462048073	-0.1558740148	0.0920078572	-0.0905897859	0.0928462888	-0.0360556577	0.1584477314	-0.0832911019	-0.0059343892	0.1191870095	0.1889606548	0.0094457871	0.1361660663	-0.005448774	-0.0199389	0.0572727204	-0.1344703225	0.0532509059	0.0074254796	0.0064735889	-0.1618221237	0.0073414581	0.1016415459	0.0527006875	0.0121922962	0.1226107584	0.0049115545	-0.1255291522	0.0135664889	-0.1353078332	0.1195133112	0.0420712157	0.0413728729	0.2257887124	-0.029812224	-0.0009739264	-0.1874885477	0.0315535544	-0.059724088	0.2041415086	-0.0323656758	-0.0076503745	0.0869344563	0.024250599	0.1452146403	0.0378478911	0.1039793914	-0.0696408899	0.0756423272	-0.0235571922	0.1098428182	-0.0699938255	0.0057717639	-0.1177031929	-0.2455047054	-0.1000100645	-0.003134073	-0.0804043839	-0.0986890271	-0.0011205679	-0.0465756215	0.0505737765	-0.0369320731	0.0275869848	0.1185687871	-0.0319830503	-0.14411819	0.0309717617	0.1880102328	0.0158817669	-0.0923081176	-0.104184591	-0.0097260379	0.0055537903	-0.0290329329	-0.0022101479	0.0172997426	0.0467859552	-0.0487318969	-0.0234031122	0.0084435077	-0.1279949812	-0.0251860523	-0.0236043704354358	-4.9897130551802144e-05	0.0005571663036532	2.489723637303587e-09	0.0469155392676157	-1.8846604191900818e-05	0.0022010678247711	3.551944895661735e-10	0.0652736324016203	2.9358273394980428e-06	8.619082167344157e-12	0.0042606470869018	0.0005860191271038	-2.097654259992053e-08	4.4001533944628083e-16	3.4341841733149975e-07	-0.0002379512751931	5.95158937060001e-06	5.6620809366022415e-08	3.5421416036239024e-11	0.0001660695399398	-0.0001650017446761	2.757909209581683e-08	2.72255757461569e-08	0.0	0.0	0.0	0.0	0.0
875.6674467320819	2.6283803458977677	766793.4772662835	6.9083832427016665	898.3876655578613	-5.68956941877093	32.37120017101337	807100.3976265036	841.2079873355513	0.3052358271816047	707630.8779571289	0.0931689101952384	839.077714554305	769.4327702167606	1.292	17.082304	0.0291773961778602	0.0191428358937338	-0.0269827382	0.1539111126	-0.0313799989	0.0157776712	0.007601239	0.1416333143	-0.1310660822	-0.1682680694	0.0608527745	-0.0162623646	0.151006965	0.094769626	0.063484006	-0.0458239481	-0.0669807939	0.0959546733	-0.147288645	-0.064962911	0.0160993604	-0.0142141002	0.1284237133	0.071315601	-0.1178747508	-0.0417487535	-0.0139289957	-0.1727016894	-0.2039937798	-0.1387787727	0.0760394486	-0.0052711277	0.1510191877	-0.0641462171	-0.102013084	-0.167712241	-0.0493852613	-0.0168332645	0.0677447455	-0.0545092849	0.044307295	0.2287358001	0.0911450566	-0.1365576592	0.1676117355	0.0998226105	0.0833947923	0.1739202227	-0.0966726645	-0.0044599437	-0.0325976303	-0.0126893867	0.1050615935	0.1165554288	0.0019708392	0.104445559	-0.1626919101	0.0634762387	0.0340091394	0.1175405681	0.0753143896	-0.1829800496	0.047052047	0.0305848876	0.0881678964	0.1176764629	0.1902928966	0.0066643853	-0.1533570392	-0.0517599645	-0.092784026	0.1693048599	-0.0503611408	0.101892216	0.0201722073	-0.0420831342	-0.1280014463	0.0908916134	-0.1000206898	-0.0848029975	-0.0303608462	0.0395047761	0.0147765873	-0.0010697986	-0.0566506452	0.0138425601	0.0061080112	-0.0340183376	0.0322818623	-0.0481874463	-0.0145876132	-0.0921917654	-0.0288207188	0.0050684204	-0.1287014744	-0.0151740128	-0.0236290677767385	-2.469734130269852e-05	0.0005583328439977	6.099586674219781e-10	0.0294238845943795	-0.0174916546732362	0.0008657649846233	0.0003059579832077	0.065263105906979	-1.0526494641310837e-05	1.1080708943354571e-10	0.0042592729926255	0.000533035871239	-5.2983255864800095e-05	2.8072254020348732e-09	2.841272400275197e-07	-0.0002189127466172	1.9038528575899985e-05	4.792279063148641e-08	3.6246557033536027e-10	0.0003270581088727	0.0001609885689329	1.0696700657938688e-07	2.5917319327063094e-08	0.0	0.0	0.0	0.0	0.0
875.110918758104	-0.5565279739778362	765819.120129653	0.3097233858198751	902.0925699506488	3.704904392787512	13.7263165596962	813771.0047601662	841.7773974648944	0.5694101293431686	708589.1868827709	0.3242278953986039	840.3652447258074	771.1458283889392	1.087936	14.384259	0.060237089658183	0.037804574634811	-0.0638354587	-0.0818928772	-0.0960549945	0.0303111988	0.1099445613	0.1848121023	-0.0390219637	-0.1577689995	0.0320392848	0.0239594724	-0.0090002614	-0.0325769132	0.0916435074	0.0014478304	0.0088384799	-0.021875676	-0.0186727444	0.0385616812	0.0780853227	-0.0587648216	0.0489617288	-0.021853826	-0.0675927572	0.074522876	0.0821085969	-0.0671281058	-0.2258355792	-0.0460078981	0.0796976342	0.0724165946	0.0416488945	0.0605654764	0.1048117202	0.0663514729	0.0354317327	0.0278294874	-0.0571723201	0.0981517921	0.1268483773	0.0745347286	-0.0407158295	-0.2008584052	0.013654365	-0.0348348131	0.1162177421	-0.0296623522	0.0233324827	0.0366270535	0.0549609945	0.0280545731	0.1213475557	0.0831043715	-0.053008041	0.1155181202	-0.1345978888	0.0271289355	-0.1253286755	0.1049948026	-0.0499696933	-0.1075124126	-0.043458388	6.59126e-05	-0.0494730994	-0.1617983249	0.1926835187	0.153934804	-0.0146071213	-0.0110548168	-0.0365085364	0.0293302148	0.0485687567	0.0429629179	-0.1382082795	0.0042218944	0.0440911362	0.0510208671	-0.078095666	-0.0737208137	-0.0627967029	0.1098735331	0.120868495	0.0879472999	-0.0499852447	0.0499680413	-0.0494097784	-0.0815558296	0.0389812134	0.0230245721	-0.0065145342	-0.0098775348	-0.0369867057	0.0016898595	-0.1290552057	-0.0050684204	-0.0236160059078684	1.3061868870099108e-05	0.0005577157350404	1.7061241837966415e-10	0.0511700447498952	0.0217461601555156	0.0026183734797062	0.0004728954815093	0.0480873118766567	-0.0171757940303222	0.000295007900572	0.0023123895635228	0.0008710213926175	0.0003379855213785	1.1423421266149649e-07	7.58678266397329e-07	-0.0001308577546383	8.805499197890002e-05	1.7123751948977523e-08	7.753681612404146e-09	0.0003270571501606	-9.58712099996279e-10	1.0696637947117325e-07	9.191288906792757e-19	0.0	0.0	0.0	0.0	0.0
874.6115942006968	-0.4993245574072489	764945.4407102843	0.249325013629945	899.6033557346889	-2.489214215959919	6.196187412936954	809286.1976491131	842.8356010647221	1.0582035998277206	710371.8504221315	1.1197948586883466	840.5820300859274	769.2913813709227	1.156589	15.291961	0.0710022332344756	0.0351395564181343	-0.0375739957	0.1019215968	0.0692825049	0.0506324322	0.0488093133	0.0724281914	0.0811407128	0.0120796112	0.03250277	-0.1503113218	0.0518826607	0.0287690994	-0.0370005454	-0.0372498837	0.0802555041	-0.0839915018	-0.104963577	-0.0755112646	0.0722385445	-0.0422592059	0.0479055893	0.0234977788	-0.2034067003	0.0220404359	0.0807155279	0.0537522699	0.0184689295	0.0437819718	0.0365016512	0.0375922335	0.0641590618	-0.0722098728	-0.0116853783	-0.0847797911	0.0158614291	-0.0328704253	-0.0625169956	0.0863237903	0.0840754937	-0.0550873748	-0.0643443875	-0.121814935	0.0311493139	-0.0688516751	-0.0626741835	0.1570223806	0.0246540509	0.0793906555	0.0006039319	0.0164994996	0.0804592956	0.1215161568	0.0620909726	0.0066264795	-0.0855127759	0.0028522373	0.042283331	-0.0249278886	-0.1114434084	0.0212494323	0.0125475797	-0.0945957943	0.0992095527	-0.0902635032	0.0977742403	0.1141150065	0.1415865431	0.0460132998	-0.0007479952	0.0607188296	-0.037747087	0.1259625997	0.0213890963	0.0566477486	0.0314936289	-0.0280951016	-0.1187794954	-0.1155458905	-0.0679462969	-0.0780912031	0.0521207998	-0.0171366444	0.0549300485	0.0088963682	-0.0139286242	-0.0607386194	0.0040955781	-0.0725107292	-0.0239726028	0.1171060957	-0.0840122484	-0.0016898595	-0.1290552057	0.0050684204	-0.0125113582631684	0.0111046476447	0.0001565340855893	0.0001233131993129	0.0504119883628817	-0.0007580563870134	0.0025413685706993	5.746494858919577e-07	0.0650252094289314	0.0169378975522747	0.0002868923734913	0.0042282778612763	0.0006460139827782	-0.0002250074098392	5.0628334482590685e-08	4.173340659449525e-07	-0.0004809811851669	-0.0003501234305286	2.3134290048455575e-07	1.225864166051154e-07	5.8155357518751855e-05	-0.0002689017926418	3.382045608133848e-09	7.23081740859995e-08	0.0	0.0	0.0	0.0	0.0
873.922891822883	-0.6887023778137973	763741.2208520705	0.4743109652063784	900.346662902832	0.7433071681431329	0.5525055462129637	810624.1134002658	841.3417250572959	-1.4938760074262518	707855.8983223864	2.2316655255637987	840.0876855594596	769.3603808505476	1.242248	16.424501	0.0573535431884661	0.0313081441780402	-0.0196916606	-0.101264438	-0.0190707764	-0.1518751348	-0.0121581092	0.2327679005	0.1424254296	-0.0410727331	0.0348109682	-0.0251699574	-0.0806835752	-0.1041889671	0.1165415833	0.2096416953	-0.0493559096	0.0185458003	0.0909248797	0.1178650059	0.0366517114	-0.1488735606	-0.0103561159	0.0210500785	-0.0573351358	0.0295968258	-0.0295401172	-0.0833223573	0.0262631578	0.1417529171	0.1221498597	-0.0794439947	-0.0597265652	-0.0295619114	0.072225857	0.0247088215	0.0013407867	0.0341769256	-0.0863541004	0.1198226885	-0.1290773412	0.0002399738	0.0028255124	0.0394213337	0.1237289716	0.0294296825	0.0403307009	-0.0947486309	0.0339732049	-0.0152694533	0.1632296766	0.1477945245	0.097569124	0.027990107	-0.0364771238	0.0643477622	0.0274839674	-0.0376329291	0.1032322016	-0.1444892435	-0.1465353965	-0.078073615	0.1493571939	-0.1192632616	-0.0775346872	-0.0076356441	-0.024922595	-0.0604758503	0.0635862061	0.1261337266	0.0870283004	0.040373505	-0.0138988871	-0.0825948344	-0.0996848845	0.0266464743	0.0530500043	0.0680898704	0.0655893082	-0.0994996631	-0.1806184079	0.0556486889	-0.0066246737	0.0492525167	0.0158661784	0.0652990257	0.0125819866	-0.083890589	0.0795951242	-0.1050575554	-0.0085539496	-0.0024703824	-0.0305386168	-0.0050684204	-0.1287014744	0.0151740128	-0.0143080716409826	-0.0017967133778142	0.0002047209140834	3.228178962016513e-06	0.0247665321163879	-0.0256454562464938	0.000613381113072	0.0006576894260908	0.0627521364999807	-0.0022730729289507	5.166860540328555e-06	0.0039378306353122	0.0009285791142053	0.000282565131427	7.984305349841425e-08	8.622591713382996e-07	-0.0004803483230488	6.328621180999756e-07	2.307345114557944e-07	4.005144605259875e-13	0.0003277233766777	0.0002695680191589	1.0740261162103367e-07	7.266691695327904e-08	0.0	0.0	0.0	0.0	0.0
872.832947383823	-1.089944439059991	761837.3540387315	1.1879788802377986	900.1048891339983	-0.2417737688336956	0.0584545552960492	810188.8114429273	840.6098726788834	-0.7318523784124409	706624.9580452086	0.5356079037879465	839.322838631856	765.3399224399535	1.372059	18.14082	0.0882436536466984	0.0505415047236671	0.0846870704	0.1233405632	0.0219256867	0.0944311958	-0.0770064699	0.142885502	0.0317283099	0.0386453051	0.0177378968	-0.1168573649	-0.0054895981	-0.018373952	-0.0601532995	0.0165591829	-0.1088711485	-0.0204325537	-0.1950358411	0.0012581648	-0.0415316051	0.0096431769	-0.0360099645	0.0540724831	0.0500701996	0.0024065443	-0.055974617	-0.1092214229	0.1531206479	0.0597964083	-0.0452470816	-0.0859248072	-0.1314994326	-0.0584480829	0.1289265199	-0.0675883424	0.160728886	-0.056541953	-0.0256841114	0.02542597	-0.0558029213	-0.0597108221	-0.130542304	0.0407050983	0.1609538389	0.0674140918	0.0147432594	0.1301013086	0.1219950902	-0.0714056587	-0.1006588041	0.0589598577	0.0294993958	-0.0378331231	-0.0557653475	0.1864538789	0.0245550407	0.0534477622	0.0824127005	-0.0864179104	0.0579360346	0.0247963015	-0.0511522657	0.0665198609	-0.099881912	-0.1278004663	-0.1891225874	-0.0751188507	0.10625881	0.08213854	-0.0199412072	-0.0543454124	-0.1226451605	0.1249635511	0.0440861999	-0.066662763	0.0083392774	0.0960569904	-0.0370041124	0.0379763454	0.0350927092	0.0347680305	-0.0660575976	0.0625900297	-0.0234112238	0.0125982204	0.0224721956	-0.1099877707	0.1396299819	-0.0141632504	0.0098658358	-0.0323068764	-0.010098381	-0.0084435077	-0.1279949812	0.0251860523	-0.0207181645954079	-0.0064100929544253	0.0004292423442024	4.108929168437288e-05	0.0713538672733591	0.0465873351569712	0.0050913743748641	0.0021703797970279	0.0652181431322276	0.0024660066322469	6.081188710285699e-06	0.0042534061936157	0.0005860297772083	-0.000342549336997	1.173400482770843e-07	3.4343089977480965e-07	-0.0002759357290347	0.0002044125940141	7.61405265579114e-08	4.1784508591573285e-08	0.0002190809296277	-0.00010864244705	4.7996453726537254e-08	1.1803181301012057e-08	0.0	0.0	0.0	0.0	0.0
874.3889758546178	1.5560284707947858	764556.0810960873	2.42122460192396	895.8118982587542	-4.292990875244072	18.429770654928863	802478.9570619527	841.0872553449782	0.4773826660947406	707427.7711037486	0.2278942098877226	839.4289668446963	763.0127323245214	1.31158	17.341194	0.0913176457056981	0.0442891801584052	0.0356870862	0.0356998495	-0.0685383518	-0.0906190988	0.1873651166	0.1191678719	-0.1756216378	-0.0121503316	0.1118426484	0.1468947425	-0.0629917519	0.1752760598	0.1151246738	0.0182075603	-0.0770688288	0.1425581495	0.0464303803	0.0617773545	0.0614116644	0.0322762741	0.1183546731	0.1963371194	0.1138025909	0.0521270779	0.0058536714	-0.0482063468	0.0717080975	0.0664731686	0.0132552706	0.1616857021	-0.1209045454	-0.1201097957	-0.0737097356	-0.0204245745	0.0859694233	-0.0779617574	0.0765468907	0.0379265937	0.1109951845	-0.0416618044	0.020238583	-0.0370217063	-0.1116191749	0.0819505517	0.1416232492	-0.0547720562	-0.0672663987	0.0046716917	0.056151012	-0.2020313301	0.1273715552	-0.1280476932	-0.0383576978	0.1088572561	0.0697186554	-0.0442652727	0.0220790925	0.0470059528	0.0609024315	0.0969814773	0.0523843656	-0.0734470344	0.0821826694	-0.0929785641	-0.0266558238	0.0747665465	0.0751485741	-0.0305307476	-0.0533061089	-0.0060761112	-0.1471243409	-0.0407548384	-0.0905319409	0.0314008303	-0.0586145033	0.0104729591	-0.0282714276	-0.0968310007	0.0074914662	0.2588973868	0.1461913572	-0.1159355677	-0.0661023272	0.1212046884	0.0132281555	0.0392365506	0.0217431662	0.0299272309	0.0456854999	0.2219163624	-0.0058171618	-0.0118128082	-0.1269376627	0.0350428114	-0.0049912310702637	0.0157269335251442	2.491238759676572e-05	0.0002473364381043	0.0422315744023507	-0.0291222928710084	0.0017835058765012	0.0008481079420647	0.0651713511115801	-4.679202064750143e-05	2.1894931962762e-09	0.0042473050057088	0.0010339885208131	0.0004479587436047	2.006670359719909e-07	1.0691322611732624e-06	9.666902453075998e-05	0.0003726047535654	9.344900303728675e-09	1.3883430237957716e-07	0.0003269499782354	0.0001078690486077	1.0689628826812855e-07	1.1635731647530344e-08	0.0	0.0	0.0	0.0	0.0
874.6696753364074	0.2806994817896111	765047.0409530964	0.0787921990769562	902.7426861354282	6.930787876674003	48.03582059145134	814944.3573710083	841.5438368934866	0.4565815485084386	708196.0294134113	0.2084667104383636	840.2699307785821	766.2861525638044	1.361693	18.003761	0.0186708580708544	0.0130139670523663	-0.080979234	-0.125972087	0.091182105	0.0765467916	-0.1749249753	0.0740018803	-0.0544544521	-0.1040967231	-0.1453941814	-0.0620399764	0.0595180029	-0.154838252	-0.0804599706	0.001924055	0.0050497159	0.1064211598	0.0385947457	0.0980748495	-0.0988312088	0.003882765	-0.1343479185	-0.0481997652	-0.0802337014	-0.0651568031	0.1428173641	-0.0967562073	-0.0995950743	-0.1362768458	0.0382074249	-0.0011830266	0.0160313846	-0.0571087618	-0.0688124684	-0.1669129112	-0.0129441719	0.1761072839	0.1439967886	-0.0672998828	-0.0285522708	-0.059162371	-0.1104983457	-0.043133555	-0.0031952867	-0.0358920701	0.0395127769	-0.0873983821	-0.0465914227	-0.1417593616	-0.1035727637	0.1258065765	-0.0615796377	0.0696013332	0.057765661	0.1018326555	0.0504221729	0.0430578583	0.0690856242	0.1173717426	0.0622160308	0.0044977563	-0.0559850362	-0.0950503196	0.0142452579	-0.0604086466	0.1539696521	-0.0365317902	-0.1138464174	-0.0494186463	-0.0119390952	0.0318670019	-0.0465902135	-0.0752524094	-0.0422513804	0.0398955935	0.1642485539	0.2175201915	-0.0218781339	-0.0042900015	0.092094426	-0.0140451128	-0.0936247485	0.0293604543	0.0682853163	0.0892064202	0.0467363492	-0.0264141484	0.078184896	0.0092716471	0.0923706685	0.1538794656	-0.0445163092	-0.0151740128	-0.1255324169	0.0446835199	-0.0049555775375864	3.565353267729991e-05	2.455774873103089e-05	1.2711743923712927e-09	0.0422445993477111	1.3024945360394502e-05	0.0017846061740486	1.6964920164126226e-10	0.0536287221936859	-0.0115426289178941	0.0001332322823362	0.0028760398441275	0.0010340067415203	1.822070720019532e-08	3.3199417087524964e-16	1.0691699415094289e-06	-4.483058802429163e-05	-0.000141499612555	2.00978162260376e-09	2.0022140353229723e-08	0.0003270231584716	7.318023619999919e-08	1.0694414617674121e-07	5.35534697028767e-15	0.0	0.0	0.0	0.0	0.0
874.2213850476322	-0.4482902887751834	764263.0300746005	0.2009641830101373	896.8663885934012	-5.876297542027032	34.53087280243294	804369.3189885698	841.4120623868328	-0.1317745066538691	707974.2587300633	0.0173645206038706	839.6743143297962	766.6431121747356	1.435663	18.98176	0.0336434147622343	0.026287081791261	-0.0244632322	0.1311230799	-0.033626508	0.0494249051	0.1034271562	-0.0851639423	0.0001371926	0.0089892959	0.0183544422	0.0253217477	0.086534362	0.117922266	0.0228032194	-0.1705671717	-0.0136971591	0.0414339563	-0.0470767529	-0.063719246	0.0547670311	0.0854188761	0.085544152	0.1249695299	-0.1287818719	-0.0100268521	0.1165888334	-0.082562203	0.0106479113	0.0493461579	-0.0876005426	0.141942822	0.0082508408	-0.0534528855	-0.1363122555	0.1175280035	-0.0751855882	0.0465137442	0.0133336538	-0.0261147613	0.1194368991	-0.1976926873	0.1462371483	-0.0444595866	-0.0390431194	0.0317185253	0.0200418604	0.0777949	-0.0352879116	0.1182488043	-0.078309966	-0.1851276743	0.0747707258	0.1124466491	0.1040165388	-0.0144521332	0.1066109909	-0.0889325625	0.0616743036	0.0399838881	0.0643902762	0.1992698272	0.1089851872	-0.1633631511	-0.0568156805	-0.0308629187	0.0841646682	0.0260967495	0.0503646428	-0.1063981801	-0.0806513198	0.1149870088	-0.0750544708	0.0734853429	-0.0545812782	-0.021913482	-0.0329018004	-0.0768956339	-0.1204287965	-0.145205444	0.0837816848	-0.0494407374	0.146661939	-0.0584336101	0.1237067105	-0.0254517531	0.0452913163	-0.0064255781	0.0306238778	-0.0826337777	0.1293755984	0.0731259838	-0.0493933355	-0.0185248178	-0.1237830955	0.0540487397	-0.0047989511502777	0.0001566263873086	2.302993214275166e-05	2.4531825201374852e-08	0.0423021045366596	5.750518894850204e-05	0.0017894680482304	3.306846756002921e-09	0.0652432157842426	0.0116144935905566	0.000134896461365	0.0042566772058692	0.0010340770549138	7.031339349997112e-08	4.943973305481781e-15	1.0693153554991982e-06	-0.0004803305781064	-0.0004354999900821	2.3071746426402846e-07	1.896602413615165e-07	0.0003277486469044	7.254884327999875e-07	1.0741917554766506e-07	5.26333466126582e-13	0.0	0.0	0.0	0.0	0.0
874.6168686055514	0.3954835579191922	764954.6668493804	0.156407244584423	901.6190431867328	4.752654593331613	22.58772568351608	812916.8990369596	841.4536308894475	0.041568502614723	708044.2129370346	0.0017279404096302	840.0101369012262	766.8725927683932	1.422479	18.807449	0.0517168248591157	0.0279797584769862	-0.1102027924	-0.1706806133	0.0142058643	-0.0611223238	-0.0441113417	0.1480722222	0.0078188387	-0.0565990157	-0.0727285299	0.0352731756	-0.0202392031	-0.0944377671	-0.0084927819	0.1005813287	-0.029584688	0.0934656977	0.1222734336	0.0617340028	-0.0217018784	-0.0988173102	-0.0868783084	-0.074151713	-0.1437129285	0.1005480875	0.1892919613	-0.0308568535	0.022801435	0.0357397412	0.0648014772	-0.0215422345	-0.096933699	-0.0024064324	0.0590596926	0.0692061388	0.1016624889	-0.1496942633	-0.013884922	-0.0348060622	-0.0045158794	-0.1514820364	-0.0203622301	-0.0521652132	0.0712891865	-0.0035429429	0.0207485567	-0.1488461487	-0.0549705918	-0.0899426078	-0.0231422876	0.1283442271	0.0308309761	0.1080984689	0.0151425432	0.0386995182	-0.0003959477	0.0245828416	-0.1015667915	0.0375432399	-0.0680538681	0.0598029729	0.0634394393	-0.0352114246	0.0186969508	-0.0687042821	-0.1270328829	0.1065265438	0.0974193161	-0.0052879744	0.0652905064	0.0977532693	0.0448282709	-0.0097067775	-0.0788759104	0.0371047053	0.1653047939	0.0657999418	0.0356103224	-0.1087598415	-0.0815450129	0.0746361057	-0.0519808413	0.0405266232	0.0662285554	-0.008867197	-0.0125219275	-0.0903178284	0.0687704439	-0.0796574055	-0.0144318214	-0.0133101097	-0.0932501284	-0.0218629269	-0.1216944932	0.063080731	-0.0107789590361591	-0.0059800078858813	0.0001161859579031	3.576049431520372e-05	0.0367922552749178	-0.0055098492617417	0.0013536700482147	3.0358438887116648e-05	0.0487706308732001	-0.0164725849110424	0.0002713460536515	0.0023785744357699	0.0010340164024067	-6.065250710007852e-08	3.678726617525076e-15	1.0691899204460945e-06	-0.0002169400031197	0.0002633905749867	4.706296495357544e-08	6.937459499182446e-08	0.0001161122183892	-0.0002116364285152	1.3482047259261274e-08	4.478997787466937e-08	0.0	0.0	0.0	0.0	0.0
874.1532601701578	-0.4636084353936667	764143.9222661156	0.2149327813681636	896.9365143367222	-4.682528850010613	21.92607643118171	804495.1107505091	841.6637641498684	0.2101332604208892	708397.8918829253	0.0441559871351132	840.0806165557547	769.9468219694028	1.324402	17.510715	0.0696432860721862	0.0320478426255487	0.002964157	0.162165726	0.0463252672	0.0097417765	0.0022382198	0.1164645224	0.1121028542	0.0473516243	0.0996811219	-0.0623547507	0.0831999406	0.0056679029	-0.0315684666	0.0498216355	-0.0284341077	0.0064333702	-0.1564671048	-0.0724062251	-0.0017988621	-0.0323872619	-0.0736789612	0.0800396107	0.0472204852	0.0217449505	0.1080105925	-0.0026056618	-0.0105277787	0.2032832399	0.1208981004	-0.0493528125	0.1048150345	-0.024576244	-0.021859764	0.1049218826	0.0059814506	0.1614947495	0.0037483627	-0.0397941761	-0.0718477505	0.0879023062	-0.0064970492	0.0981130653	-0.0112042797	0.037374613	-0.0086004483	0.1423162385	0.0388788755	0.0179905978	-0.053927877	0.0414830895	0.0622730823	-0.0985273426	-0.001942672	0.063865706	-0.0687709537	0.0252009444	-0.0458626575	-0.0705542007	-0.1090540576	0.1533847422	0.1114577548	-0.1382530059	-0.0964638473	0.0353781267	0.0259457122	0.0216271252	-0.0267027325	0.0713459525	0.056219123	0.0336068715	-0.0776939937	0.1611544425	0.0348335343	0.0060173472	0.0220976861	-0.0578384948	-0.0778270762	-0.0736437592	-0.1441862311	-0.0112302913	-0.0481830419	-0.017834265	-0.0276691741	-0.0224784648	-0.001114917	-0.0849674122	-0.0199664912	-0.1257836486	-0.1782856967	-0.00016015	-0.0951850878	-0.0251860523	-0.1192723348	0.0717238087	-0.0218614107595982	-0.0110824517234391	0.0004779212803998	0.0001228207362023	0.0561317139613635	0.0193394586864457	0.0031507693122403	0.0003740146622847	0.0651464039803215	0.0163757731071214	0.0002681659448559	0.0042440539515672	0.0009020539267055	-0.0001319624757012	1.7414094993189802e-08	8.137012866848116e-07	-0.0003308527087171	-0.0001139127055974	1.0946351486544223e-07	1.2976104496519929e-08	0.0003271490881942	0.000211036869805	1.0702652590629645e-07	4.4536560417092525e-08	0.0	0.0	0.0	0.0	0.0
875.3978683842165	1.2446082140587578	766321.42797163	1.5490496065025303	902.1572813851492	5.220767048426978	27.256408573940945	813887.7603562432	841.586601368612	-0.0771627812563338	708268.007603171	0.0059540948112128	840.2998725497846	766.0811262367185	1.219773	16.127357	0.0383458129927621	0.0178931246162195	-0.0757908703	-0.0705454478	-0.1148218521	-0.0188794659	-0.0344203101	0.0515065282	0.0205803003	-0.0187416749	0.0982373227	0.0588879747	-0.0971941406	-0.1382485506	0.0372442956	-0.0038039561	0.0052712246	0.0668813717	0.0545298098	0.0587486094	0.0024718006	-0.0242958328	-0.1427235162	-0.0002134523	-0.0239468846	-0.220256944	0.0619947674	0.0664829168	0.0877752735	-0.0338532315	-0.0078694253	0.0074499677	0.0671752098	-0.1039617887	-0.020192084	-0.0076886383	-0.0564294825	0.0265222749	0.095401312	-0.1135273548	0.132828182	0.1087327654	0.0122976322	-0.0123604946	-0.0245665432	0.0107068275	0.0900990269	-0.0891604723	-0.0346335362	0.015666437	0.0389071964	0.0809451729	-0.142442778	-0.0684267587	0.2008471779	0.1085921342	-0.0114417865	0.0328021947	-0.0308924729	0.0086746799	-0.0655383693	0.0483049244	-0.0929326511	0.0968650954	0.056663376	0.0160967741	-0.00598422	-0.0988655393	0.0013052997	0.0332154572	0.110246508	-0.0141354602	-0.021653871	0.0189336377	-0.1647938341	0.0485307119	0.0831764013	0.0185363118	-0.0072386056	-0.1346071922	-0.0390621678	-0.0104694496	-0.0818305365	-0.0660682406	0.0331327107	0.0205411087	0.0459566011	-0.0095132972	-0.0736920339	-0.0443172363	-0.012668545	-0.0437806505	0.0416259283	-0.0284919163	-0.1165232592	0.0799246852	-0.0157889914573416	0.0060724193022566	0.00024929225124	3.687427618241854e-05	0.0532727520130009	-0.0028589619483626	0.0028379861070386	8.173663422185297e-06	0.0578758564414627	-0.0072705475388587	5.286086151480565e-05	0.0033496147588328	0.0010340096887108	0.0001319557620053	1.7412323126399383e-08	1.0691760363478057e-06	-0.0002509500029457	7.99027057714e-05	6.297590397844684e-08	6.3844423895909195e-09	9.612987190521662e-05	-0.0002310192162889	9.240952272513357e-09	5.336987829477608e-08	0.0	0.0	0.0	0.0	0.0
875.0581657482414	-0.3397026359750725	765726.7934426768	0.1153978808884126	899.171877833775	-2.9854035513741337	8.91263436455729	808510.0658871173	842.9284956822326	1.3418943136205144	710528.4488331116	1.8006803489270713	840.8069827679507	766.520450213724	1.122769	14.844807	0.0542623829438431	0.0249634996252756	-0.0590356633	0.0511816295	0.0410019327	0.1098983915	0.0588993489	-0.0788705227	0.1342586764	0.0175937113	0.0562257331	-0.1677480235	-0.0414162741	-0.0549831636	-0.0511158506	-0.0273023359	0.1193544623	-0.0895748814	-0.0793682139	0.0078083824	-0.0464623601	-0.0227570951	-0.0254808658	-0.0267614685	0.0546962727	-0.2151558593	0.0143494265	0.0600368977	-0.1064605688	0.0373994716	-0.0310496754	0.0545243493	-0.026104064	0.088961902	0.1772569046	0.1533111567	-0.0060302428	-0.0196388082	-0.1090221455	0.2126504298	0.0222027191	-0.1517758756	0.0570513164	-0.0352619282	0.0169060736	-0.0914641011	-0.0375660387	0.1147871212	0.0474261819	0.0202970094	0.0699296399	-0.0147163214	-0.13741832	-0.058304566	0.1488680202	0.0381787971	4.45964e-05	0.0350399421	0.0246389833	0.0109428791	-0.0429545564	-0.0868431972	0.0354911832	0.005767275	-0.0906530911	-0.2017167434	0.0880308968	0.0415181333	0.1357418652	0.0657013842	0.0682465566	-0.0677403644	-0.0954178912	0.0804299168	-0.041226749	0.1243952277	0.0314590053	-0.0902535382	-0.0614243332	-0.0324243331	0.0311916865	-0.1264566137	-0.0176012763	-0.0344680475	0.029319234	-0.0037351054	0.1378413004	0.0590618263	0.0073484717	0.1087722228	0.091911155	-0.0813602825	0.1466258673	-0.0317782535	-0.1134548014	0.0876327994	-0.0219560588602973	-0.0061670674029556	0.0004820685206768	3.803272035259874e-05	0.0673290599781637	0.0140563079651628	0.0045332023175431	0.0001975797936114	0.0715383680301968	0.013662511588734	0.0001866642229122	0.0051177381004238	0.0010340115185091	1.8297983000754162e-09	3.348161818958884e-18	1.069179820409495e-06	-7.433125413647268e-05	0.0001766187488092	5.525135341500887e-09	3.1194182430936945e-08	0.0003270392130375	0.0002309093411322	1.0695464686418733e-07	5.3319123822145225e-08	0.0	0.0	0.0	0.0	0.0
873.2110872345153	-1.84707851372616	762497.6028692842	3.4116990358688404	898.988791002546	-0.1830868312290476	0.0335207877694937	808180.8463482193	841.8739877264928	-1.054507955739723	708751.811210507	1.1119870287183695	840.405265886759	765.5203475794516	1.180017	15.601714	0.022930487599644	0.0150725737846265	-0.0110600908	-0.0850612586	-0.0495692087	-0.1264335325	0.1240507797	-0.0794565024	0.1118073781	0.0187195348	-0.0419217854	0.0665981863	-0.1322972927	-0.0411950039	0.096923996	0.0773991493	0.0244736201	-0.0531195208	0.0785381957	0.0454522589	0.0684492134	-0.0354886957	0.0063420558	0.0718614217	0.1435726053	0.0518656603	0.0091146259	0.0128876434	-0.1324529305	-0.1991025469	-0.0478311279	-0.1701615079	0.0184809695	0.1008456603	-0.0187040899	-0.0162672034	-0.0445245131	0.0703935794	-0.0475414247	0.2448732237	-0.1772500471	0.042471611	-0.0234184577	0.0668878673	0.094341841	-0.0299444657	-0.0014092772	-0.1028569421	0.0233605491	0.0285900291	0.0761752511	0.0227764094	0.0764306762	-0.0976891121	-0.0637938744	-0.074708847	0.0119299637	0.1029517189	0.1151076925	-0.0477070897	0.0223255788	-0.2280803827	0.0152943443	-0.0650262251	0.0722362336	0.0091896802	0.086635389	-0.0507462653	-0.0442332633	-0.0110077609	-0.0410698902	-0.034513035	-0.0678142994	-0.0848249159	-0.0914442919	0.0309119675	0.0442181139	-0.08957579	-0.0033417754	-0.0827116216	-0.0385493934	0.0640585872	-0.1238050441	0.1167336637	-0.0228349297	-0.0389552898	0.0266207897	-0.0214083756	-0.0196483828	0.2079669362	-0.0072488428	-0.057668548	-0.0414396243	-0.0350428114	-0.1100753719	0.0948006283	-0.0219176273378565	3.843152244080092e-05	0.0004803823881211	1.4769819171177846e-09	0.0671549694506978	-0.0001740905274659	0.0045097899219241	3.0307511753357385e-08	0.0799788515295105	0.0084404834993137	7.124176170218684e-05	0.0063966166919794	0.000865992484799	-0.0001680190337101	2.8230395688875745e-08	7.499429837283462e-07	4.3141572367400016e-05	0.0001174728265038	1.8611952663316126e-09	1.3799864966808977e-08	0.000326981432243	-5.7780794499994344e-08	1.0691685703168361e-07	3.338620213050576e-15	0.0	0.0	0.0	0.0	0.0
873.3194242945708	0.1083370600555326	762686.8168502006	0.011736918581476	901.7309458051408	2.7421548025947686	7.519412961393554	813118.6986226337	842.1209718775324	0.2469841510395554	709167.7312759596	0.0610011708647299	841.0804826874094	764.5031175061691	1.264622	16.720327	0.0733239391128522	0.0482500982940507	-0.0124445207	0.0292299139	0.1426349211	0.0808285605	-0.0259183353	-0.1856433397	-0.0688880258	-0.0183147866	-0.0819328817	0.0191012523	0.0220062874	0.0854964443	-0.1130549443	-0.1097357896	0.0743297109	0.0052102212	-0.0869679112	-0.058204065	-0.0175027734	0.1304236355	0.0380635193	0.0127022945	-0.130109223	-0.0347971899	-0.0113551822	-0.0661598922	-0.0368489537	0.015856545	0.0084711421	-0.2549890424	0.1319786548	0.2489366526	-0.1656527226	0.1016124592	0.0699053913	-0.0728573707	0.0951841058	0.1468533103	-0.0604417649	0.008084292	0.0306060996	0.0879316019	-0.1275062157	-0.0768066605	-0.0295565094	0.0666820569	-0.0520522848	-0.0012829574	-0.1544479799	-0.0344299568	0.0298655362	0.0956031083	0.081585097	0.0036618095	-0.1566751577	0.042321782	0.0632639304	-0.1373536826	0.136023585	-0.0100475187	-0.025406323	-0.0422563047	0.1230036452	0.050229457	-0.006601951	0.1573169141	-0.1442117964	-0.0628213125	-0.1251795569	0.106638355	-0.0143035266	-0.0202415982	0.1587841865	0.0676237325	0.0745668371	0.0057418453	-0.1314185755	-0.0343515551	0.0850664438	-0.0675399921	-0.1002747183	0.0185303709	-0.0738811086	-0.0292533783	-0.0327361506	0.0435998592	-0.0509463471	0.1437035738	0.0350002861	0.073982111	-0.0728117523	-0.0382833527	-0.1063942335	0.1013839798	-0.0219544847381456	-3.685740028910173e-05	0.0004819994001174	1.358467956071076e-09	0.0229747258011911	-0.0441802436495066	0.0005278380256399	0.0019518939289297	0.1011337902309819	0.0211549387014714	0.000447531431463	0.0102280435264842	0.0009649832080822	9.89907232832e-05	9.799163296131076e-09	9.311925918806144e-07	0.0001031576895309	6.001611716349999e-05	1.0641508909353556e-08	3.601934319382957e-09	0.000326950285458	-3.114678500000783e-08	1.068964891610677e-07	9.701222158367129e-16	0.0	0.0	0.0	0.0	0.0
874.9884189698511	1.6689946752802598	765604.7333313596	2.78554322611386	897.8156869070871	-3.915258898053708	15.329252238788731	806073.0076564446	841.1636058739364	-0.9573660035960074	707556.211846843	0.9165496648413906	839.8685766475717	772.2041282811441	1.251425	16.545839	0.0354996470414449	0.0301025559166161	-0.1221854173	0.0696980036	-0.0229553467	-0.1742806544	-0.0527430201	-0.1150740029	-0.1567277973	-0.0687477213	0.0575699909	0.1001644427	0.1002971151	0.0607302648	0.1038585889	0.0461141696	-0.0377896389	0.1270820075	0.1100726838	-0.1748457054	-0.0227635352	-0.0363988746	0.0472253285	0.1469344458	-0.001788035	0.0647363584	-0.0887000682	-0.0151225577	-0.0270078789	-0.0983108304	0.0894572101	-0.019563976	0.1390990546	0.0470176708	0.1064120681	-0.049635774	-0.0052072326	-0.0707899511	-0.0866887397	-0.1173540412	0.0703300667	-0.0459966513	0.0822843604	0.0717048227	-0.2686082932	0.1274363298	-0.0554855265	-0.024244623	-0.2105459841	0.0423548397	0.0383349918	-0.0424256453	0.0513386753	-0.0578300772	-0.0390047952	0.0030385013	-0.0618801343	-0.0565426459	0.1351866154	0.0834589762	0.0398940241	-0.0220239172	-0.0924019134	0.0079585527	0.0109338579	0.153545491	0.0433089997	0.0645102245	0.0350796796	-0.0400784245	-0.0702672387	0.1682778322	-0.0174280017	0.0081885518	-0.0232549467	0.0313021112	-0.0875106365	-0.1103987207	0.1195805385	0.0309411261	0.002373593	0.0989110207	-0.1433539769	-0.1139553901	-0.0303396189	0.0750680927	0.0229963522	0.0878089087	-0.0210821271	0.2497711018	0.0508157654	0.0253308295	-0.08619244	-0.0414976565	-0.1024214758	0.1073422654	-0.0219765242743505	-2.20395362049014e-05	0.0004829676191811	4.857411561271595e-10	0.0524470459462662	0.0294723201450751	0.0027506926284897	0.0008686176547337	0.1012131611855338	7.937095455190502e-05	6.299748426480571e-09	0.0102441039971688	0.0010339905594896	6.900735140740008e-05	4.7620145482644034e-09	1.0691364771136165e-06	5.36690487611402e-05	-4.948864076975981e-05	2.8803667949256443e-09	2.449125565238332e-09	0.0003269726213931	2.2335935099962803e-08	1.0691109514067553e-07	4.988939967897503e-16	0.0	0.0	0.0	0.0	0.0
875.1020699925516	0.1136510227005374	765803.6329052487	0.012916554960878	898.9243749346052	1.1086880275181556	1.2291891423620986	808065.0318515707	842.07854927842	0.9149434044836652	709096.2831548485	0.8371214334081599	841.1009603913297	766.0555024974602	1.322536	17.486046	0.0473217939707848	0.0275129030907407	-0.0913166513	-0.0472799581	-0.1869227165	0.1123999532	-0.0285014992	-0.0289628634	0.0294740318	-0.086257705	-0.0606720484	0.0742191261	-0.0172481642	-0.1539733536	-0.0062419894	-0.1107473981	0.0221442558	0.0429019318	-0.0185751605	0.0211250057	0.2394067872	0.0294319311	-0.0959152585	-0.0168474887	-0.1461271288	0.046452134	-0.0694992034	0.0576701562	-0.0055171625	0.1148273132	0.0515149069	0.067001568	0.1506388402	0.1565774678	-0.0505310171	-0.013040011	0.0537518914	0.0689979516	-0.1818817052	-0.087302127	0.1085795429	0.0840969945	0.0022315356	0.0449985394	-0.0685527983	-0.0371947309	0.0966523095	-0.05028522	0.0130854306	0.1793474791	-0.0967264445	0.0777844027	0.0335842502	0.0767076844	0.0056005829	-0.0461348325	-0.1319198811	-0.0705663242	-0.0713365608	-0.0260950238	-0.0430059013	0.0393683225	-0.1344429225	-0.1107607589	0.0291853297	0.1170825576	0.0366604986	0.0751252738	-0.0063119416	-0.0197584903	-0.0930107678	0.0643028579	0.10837392	0.0722289042	-0.1534484379	-0.0312463934	0.0847113229	-0.0872265306	-0.1325004236	0.0046245246	0.0208928995	0.0523796459	-0.1162663579	0.0830352942	-0.0311260573	0.0448162575	-0.038952628	-0.036941766	-0.0753385521	0.1437869596	-0.0355332345	-0.0518818886	0.0529671464	-0.0446835199	-0.098167988	0.1126387502	-0.0219697316843365	6.792590014001454e-06	0.0004826691102817	4.613927909831227e-11	0.0746008379012863	0.02215379195502	0.0055652850155739	0.0004907904979863	0.094910509388896	-0.0063026517966378	3.972341966966173e-05	0.0090080047924597	0.000950943610878	-8.304694861160011e-05	6.896795673697749e-09	9.042937510696892e-07	0.0003476555573305	0.0002939865085693	1.2086438654278058e-07	8.642806722080226e-08	0.0003268349259918	-1.3769540129995484e-07	1.068210688480654e-07	1.89600235391556e-14	0.0	0.0	0.0	0.0	0.0
873.8267041418283	-1.2753658507233467	763573.1088713702	1.626558053191286	902.8164191109794	3.892044176374157	15.148007870847986	815077.4866163715	841.9901636454429	-0.0883856329771788	708947.4356756797	0.0078120201167765	840.6977127547117	765.5293263049165	1.458675	19.286015	0.0624491066596842	0.03293472225539	-0.0287412179	-0.077975076	0.1374393905	0.0420894451	0.0308368529	0.0449412339	0.1187808427	0.0119578622	-0.0059541334	-0.1114861753	-0.1330772677	0.0153873707	-0.0709193738	0.1474168073	0.1046028423	-0.0928318011	0.0858038955	0.1020981141	0.0166952939	-0.0557341282	0.041664455	0.048404634	0.0456160154	0.0789726636	0.0330544537	-0.0462393824	0.0184690975	-0.0554690558	0.0786166843	0.1103404663	0.0622239936	0.0123469348	-0.1623160722	0.0996665475	0.0459141659	-0.0046841993	-0.1473350061	-0.1923572954	-0.1530488885	-0.2265194243	-0.0449943028	0.0494447134	0.0285131924	-0.1466829587	-0.037895288	-0.0497501015	0.0839829384	-0.038712405	0.1098574335	0.0228327318	0.0350457949	-0.0245976968	-0.0735694616	0.0166243457	0.1035205957	-0.0615295481	0.1114360649	0.1358681578	0.0298149383	0.1323975778	0.0929042496	-0.0625304311	0.0389333219	0.129205388	0.022869131	-0.0105027034	0.0080139263	0.1516421522	0.0095137101	-0.0003370973	0.0197461501	-0.01699501	-0.0075771377	0.1668748181	0.0853795106	-0.0535664776	0.0230664372	0.0715509113	0.0968327829	0.0028640516	0.0416739862	-0.0208479852	-0.0061551053	0.1593466017	0.0463531545	0.0213256755	0.1268417878	0.056352629	0.0096595418	0.0278655936	0.0193379535	-0.0478387595	-0.0936454286	0.1172407796	-0.0176414064384999	0.0043283252458365	0.0003112192211283	1.873439943374645e-05	0.0498553888990898	-0.0247454490021964	0.0024855598022794	0.0006123372463203	0.1128293624672522	0.0179188530783561	0.0003210852956437	0.0127304650347665	0.0010339844424405	8.30408315625e-05	6.8957797065914965e-09	1.0691238272089916e-06	0.0001216690570362	-0.0002259865002942	1.4803359440078091e-08	5.106989831526565e-08	0.0003269371808009	1.0225480909996061e-07	1.0688792019004036e-07	1.0456045984069387e-14	0.0	0.0	0.0	0.0	0.0
871.5516904782028	-2.2750136636254865	759602.349175413	5.175687169682658	895.8984064374652	-6.918012673514227	47.85889935090346	802633.9546571895	840.6568974474841	-1.3332661979587783	706704.0192260297	1.7775987546194565	840.1462950087085	768.0161154250468	1.2088	15.98227	0.0501471860427838	0.0292714621453614	0.0691884195	0.0831108296	0.0657000829	-0.1176353408	-0.0946544435	0.0723381313	0.0588129531	0.0744288486	-0.038743549	-0.0964788084	0.0250670311	0.0181225227	0.0790018126	0.1639889659	-0.0305221598	-0.1093155202	-0.001088497	-0.0750783098	-0.0398474313	-0.1335417271	-0.0631216909	0.0098702126	0.0513703322	0.049514844	-0.0156476287	-0.0648128651	0.1696893517	-0.0748770039	0.0888136799	-0.0190991413	-0.043142761	0.0050740503	0.0801101665	0.0101074731	-0.0727481664	-0.0343268756	0.0734089835	0.0686677737	0.1619326119	-0.0080979517	-0.0173410661	0.0475794266	-0.0381786059	0.0401336576	-0.1459144819	0.0426058148	0.0547641418	-0.0080300029	0.0705082012	0.1268407163	0.016709641	-0.0648293332	-0.080496173	0.0641482165	0.112164051	0.00362022	0.0289116331	-0.0045436908	-0.0321661558	0.0307565443	-0.0623776546	0.1358847611	0.0707239852	0.013992459	0.0524795336	0.0953151661	-0.0412951183	0.1093720572	-0.0510748548	-0.0228087643	-0.1335284963	0.0403051972	0.0553360441	-0.0483101213	0.0089227627	-0.0187167467	0.0949079194	0.095009946	0.0356189899	0.0691472024	-0.0665901874	0.0448650889	-0.0231535542	0.045545083	0.0703727942	-0.0158324093	0.1468001255	0.1273875804	-0.0474664895	-0.0287399799	0.0284215887	-0.0509612127	-0.0888661936	0.1211199807	-0.0219647916793377	-0.0043233852408378	0.0004824520735167	1.8691659940694124e-05	0.0746766419899671	0.0248212530908772	0.0055766008588977	0.0006160946050013	0.1059361608143234	-0.0068932016529287	4.7516229027940287e-05	0.0112224701680781	0.0010340255732206	4.1130780099960657e-08	1.6917410716313197e-15	1.0692088860741905e-06	-0.0001603305857285	-0.0002819996427647	2.5705896720043887e-08	7.95237985194184e-08	0.0003270833284189	1.4614761800003974e-07	1.0698350372958603e-07	2.1359126247085526e-14	0.0	0.0	0.0	0.0	0.0
871.4644060546268	-0.0872844235759657	759450.2110201435	0.0076185705989886	894.1945729936872	-1.7038334437779667	2.903048404136286	799583.9343713626	840.4950826635624	-0.1618147839217272	706431.9839816286	0.0261840242956352	839.4965505069064	754.4203770377419	1.251366	16.545057	0.0349067194572187	0.0245301647275951	0.1414916068	-0.0120982483	-0.1697500065	-0.0087422361	0.0583853579	0.045876164	0.0111119093	0.0696133058	-0.041799504	0.132423147	-0.0762746198	-0.0996055291	0.104402994	-0.0852779449	-0.0550446926	-0.017508795	0.007850469	0.0364824035	0.1549614673	-0.0105268034	0.00945623	0.1308921968	0.0617302479	0.0077769115	0.0221928354	-0.0307664982	-0.0203750828	-0.1246727751	-0.0706317159	-0.133722119	-0.0519785799	0.0429302179	-0.0988465077	0.0566739041	0.0062715007	0.0197255963	0.1069848133	-0.0253316034	-0.1011366368	-0.0272411112	-0.0171461595	0.0798284831	-0.040621189	0.0579912742	0.0524141243	-0.0563585843	0.0839387171	0.1292302751	0.005377958	-0.0027881253	0.068207975	-0.0772552737	0.0542944247	-0.0604424413	0.0594308208	0.0991377838	0.0474384269	-0.0418455699	0.0960636381	0.0139294386	-0.0396115907	0.0323243334	-0.0249394468	0.0888827663	0.1048566435	0.0412539409	-0.212137687	0.0153690078	-0.0826616376	-0.1284712094	-0.0309706575	-0.0747506631	-0.0891108248	-0.0898235583	-0.063007314	-0.0525187192	0.0078611643	-0.1130983714	0.115766431	0.0608158395	-0.004281392	0.0620802364	-0.0085056616	-0.024839787	0.0206933101	-0.0838148244	0.1000483539	0.0498643153	0.0029392157	0.116370848	0.0736179741	-0.0540487397	-0.0838433825	0.1242524367	-0.0219793898004212	-1.4598121083498478e-05	0.0004830935759988	2.1310513916848278e-10	0.0520546414039841	-0.0226220005859829	0.0027096856916973	0.0005117549105122	0.1012211698698664	-0.004714990944457	2.223113960631152e-05	0.0102457252298243	0.00103400085624	-2.471698059983499e-08	6.109291299726191e-16	1.0691577707050533e-06	-9.330928570694397e-06	0.0001509996571578	8.706622799140098e-11	2.280089646177483e-08	0.0003270051064434	-7.822197550002827e-08	1.0693233964005937e-07	6.118677451127021e-15	0.0	0.0	0.0	0.0	0.0
873.2084854065367	1.7440793519099316	762493.0589859779	3.041812785758567	905.6570544651576	11.462481471470369	131.3884814838015	820214.7003025054	841.3679075565678	0.872824893005486	707899.9558661173	0.7618232938500382	840.1444216698716	752.1251725283536	1.222578	16.164438	0.0393268812970764	0.0255893986862234	0.0922941816	-0.1051972618	0.1179943288	0.1459856179	-0.0243152157	0.051302993	-0.087285069	-0.0358613792	-0.0917729315	-0.0008967174	-0.0960280828	0.058203315	-0.2132096391	0.0057267012	0.0655444276	0.0263758241	-0.1084668281	0.0959227362	-0.091277607	0.109107987	-0.036063741	-0.0303635126	0.0911879394	-0.0002510542	-0.0176787098	0.0082649416	-0.0169442683	-0.0695757553	-0.0357725434	0.046939486	0.0757801932	-0.0923874943	-0.0837740904	-0.1559418123	0.0589402073	-0.0924933015	0.1068641513	0.0550818698	-0.0210333058	-0.0859590267	-0.0757470448	-0.1528002243	0.1109849215	-0.1286139716	0.0637786184	0.0081189341	0.0308410119	-0.1436542384	-0.1390600996	-0.0327708396	-0.0520173258	-0.0806419997	-0.0680598851	0.0063959398	0.0223196171	0.0353598879	0.0173801801	0.0073051158	0.0960912221	-0.0409089277	-0.0737599789	-0.0564370694	-0.0062549974	0.0461433219	0.0871499244	-0.0691807699	-0.0474234921	-0.0230160106	-0.0585471545	-0.0889597981	0.0425977818	-0.0174922704	0.0666497279	0.026550646	0.1059038985	0.1035749191	-0.039875096	-0.0077920065	0.12654073	0.0308205527	-0.0060262975	-0.0351395927	-0.049338162	-0.0579128463	-0.014092131	-0.1048090725	0.0948709156	-0.0415669841	0.0046001711	0.0732041749	0.0689761442	-0.0570992244	-0.0785907625	0.1266188352	-0.0217469616715249	0.0002324281288962	0.0004729303419427	5.40228351022349e-08	0.0584031131541564	0.0063484717501723	0.0034109236260971	4.030309356273576e-05	0.0920661578853838	-0.0091550119844825	8.381424443601999e-05	0.0084761774277764	0.0010340770549138	7.619867379996328e-08	5.8062378888732114e-15	1.0693153554991982e-06	-0.0004803305781064	-0.0004709996495357	2.3071746426402846e-07	2.218406698627575e-07	0.0003277486469044	7.43540460999999e-07	1.0741917554766506e-07	5.52852417144091e-13	0.0	0.0	0.0	0.0	0.0
874.4749960241361	1.2665106175993517	764706.5186714128	1.6040491444918907	895.0274095262799	-10.629644938877618	112.98935152660655	801074.0638033232	842.2195305971118	0.8516230405439273	709333.7377192193	0.7252618031852838	840.7583734885933	768.3885983869064	1.355167	17.917484	0.0521131838022166	0.0247871762701852	-0.0132326281	0.1566604279	-0.0013075424	-0.0368062412	0.0783139637	-0.0821641667	-0.0316294843	0.0077458764	0.03788482	0.0263723569	0.0881548144	0.0777575489	0.0361337854	-0.0337344555	0.0834365565	0.0178867773	-0.0605469502	-0.1456980553	0.0538959968	-0.0257180613	-0.0555861332	0.0191906102	0.0276817666	-0.0548634025	-0.0288274674	0.184539521	-0.1851287698	-0.0813990347	0.0407750244	-0.071601632	-0.0155713553	-0.0605799367	0.0958265741	-0.04411586	0.0240221591	-0.1449511743	-0.0815814257	-0.0224229247	0.0591407516	0.0354434272	-0.03105765	0.0165216393	0.1435762618	-0.0107650066	-0.0806830076	0.0769632015	-0.111980233	0.0845231789	-0.0374848505	-0.0118058636	-0.0071588336	-0.1536762063	0.0246286522	-0.1148367345	-0.0936778079	0.1150618136	-0.0058833482	0.1402000595	-0.0487397588	-0.1565642215	-0.0356317031	-0.0344929899	0.0069489863	0.0229347371	-0.0818106046	0.0438186116	0.0465798071	-0.0598981912	-0.0685403294	0.0484261428	-0.0970225043	0.0659642793	0.0552457936	-0.0180469825	-0.0408622976	-0.0324555539	-0.0183253724	-0.0155909924	-0.1595194493	-0.0338004054	0.0706369915	0.041085422	-0.0860645099	-0.0623987275	-0.0173228808	-0.0212125401	-0.1073060006	0.0260757735	-0.1159569611	0.0598059941	-0.0586041211	-0.0601105761	-0.0731227308	0.1282045865	-0.0395212482319351	-0.0177742865604101	0.0015619290618102	0.0003159252627315	0.0467042135469029	-0.0116988996072535	0.0021812835630347	0.0001368642520205	0.0810079722346159	-0.0110581856507679	0.0001222834698868	0.0065622915655643	0.0011711030147575	0.0001370259598437	1.8776113671087285e-08	1.3714822711741054e-06	-0.0004802528597736	7.771833280000072e-08	2.306428093207211e-07	6.040139253211669e-15	0.0004222812084036	9.453256149919998e-05	1.7832141897080466e-07	8.936405183600028e-09	0.0	0.0	0.0	0.0	0.0
872.4890168746434	-1.985979149492664	761237.0845668818	3.944113182219605	901.8205458504812	6.793136324201214	46.146701119181984	813280.2969180598	841.9378536477855	-0.2816769493263109	708859.3494050398	0.0793419037817771	840.8264661022068	764.1366105040242	1.180727	15.611104	0.0276182355477997	0.0176034544848784	-0.0025361667	-0.114099658	0.0146045763	-0.0451677197	0.0998671573	-0.0431757286	0.0455021401	-0.0110201988	-0.1645141544	-0.0464027143	-0.0433083092	0.0998826713	0.0562728561	0.0503427719	0.0898607867	-0.0346003035	0.0334438063	-0.0178845487	0.0099403622	0.0750810307	-0.1496361078	-0.0484310924	0.0231160346	0.1789942166	-0.0807774774	0.02285792	-0.1861794269	-0.060161042	0.0746242557	0.0431554204	-0.0623872573	0.0948224349	0.0114913516	0.0069833232	-0.0469290576	0.0833455132	0.1105954399	-0.0618446161	0.035533875	0.1233835579	-0.0274786806	-0.124660157	-0.2193425808	-0.0960599601	-0.0693194659	-0.1004376611	0.0112563102	0.0474461425	-0.0853918412	0.0161675685	0.0477185856	-0.0489011027	-0.1026025563	-0.0141978157	-0.0665891073	-0.0350001897	-0.1191061526	0.1063685131	-0.1045419734	-0.1875660978	-0.0045461327	-0.0280608085	-0.0876581447	0.0006242442	0.0190891448	0.0178092659	-0.0980222905	-0.080291752	-0.0300812132	0.0063753665	0.0205124354	-0.0271963826	-0.0388928206	-0.0903521098	0.0916567539	0.0187765423	0.0630793251	0.0195250059	-0.0306149929	-0.0317172769	0.1703420827	0.1249436965	-0.0489478327	-0.0445910498	0.0055502259	0.0076965819	-0.0489379855	-0.0017275449	-0.0532689382	0.0657283481	0.1449445241	-0.063080731	-0.0674542747	0.1289999139	-0.0277917376090215	0.0117295106229135	0.0007723806793287	0.000137581419453	0.0466040129136189	-0.0001002006332839	0.0021719340196527	1.004016691051392e-08	0.0693937438616387	-0.0116142283729771	0.0001348903006996	0.0048154916871347	0.0012410994594439	6.999644468640002e-05	4.899502268736257e-09	1.540327868231941e-06	-0.0004802466922346	6.1675390000204625e-09	2.306368854022746e-07	3.803853731677341e-17	0.0004087979022565	-1.3483306147099972e-05	1.6711572488931493e-07	1.8179954465642394e-10	0.0	0.0	0.0	0.0	0.0
871.8800815750661	-0.608935299577297	760174.876647344	0.3708021990712924	896.1440101623535	-5.676535688127615	32.22305741858645	803074.0869498644	841.0231011636447	-0.914752484140763	707319.8566909141	0.8367721072416969	839.9395017014336	756.3120873821669	1.170564	15.476727	0.0702063000479633	0.0328473298407483	0.0553069446	0.0612339044	0.0581680028	-0.1193482849	-0.0852866682	-0.1181006043	-0.1171352487	0.1392991029	-0.075962425	0.0158207696	0.1755247026	0.1083061103	0.04573794	-0.0194999515	-0.0386481744	0.0137771586	0.0252862528	-0.2554983625	-0.0321482932	0.0514072864	-0.1282794357	-0.068790206	0.1233172188	0.0945543812	0.0608232203	-0.0531517219	-0.0064724192	0.1276198795	-0.033550427	0.057654603	-0.0694218002	0.0939898422	-0.1021402604	-0.0463193287	0.1354623868	0.1583773356	0.0448615461	0.0806783349	0.11121453	0.0340184804	-0.1305857372	-0.0008263472	-0.0335401824	0.0895796415	-0.1749117503	-0.0007659821	-0.1017770387	-0.0124002271	-0.1407088019	-0.0136445892	0.0079268511	-0.0735034905	-0.1198817979	0.0508062678	0.0281699795	-0.0404766114	-0.2770085446	-0.028227561	0.043807983	0.0247270547	0.0203419819	-0.0029066126	0.073601259	-0.2300813216	-0.080646736	-0.0425121201	-0.1499785828	-0.1093467795	0.1175950311	0.1081532629	-0.0162397796	0.0722090658	0.1039429263	-0.2022166269	0.0500047984	0.0363323492	0.147915578	0.0811490516	-0.0429678293	0.018170638	0.1201092493	-0.1397623414	-0.0294969184	-0.0700956887	0.0183268465	-0.0037425862	-0.0344222612	-0.0318280394	-0.0561980666	-0.076187709	0.0464519083	-0.0660076536	-0.0616009311	0.1289999139	-0.0361194358913508	-0.0083276982823292	0.0013046136491094	6.935055868151032e-05	0.0326575473764592	-0.0139464655371597	0.0010665154006456	0.0001945039009791	0.0431469117125544	-0.0262468321490842	0.0006888961978622	0.0018616559903309	0.0008640846990877	-0.0003770147603562	1.4214012952644296e-07	7.466423671974811e-07	-0.000480347787346	-1.0109511140000233e-07	2.3073399680819801e-07	1.0220221548978882e-14	0.0003522076761363	-5.659022612020001e-05	1.240502471293328e-07	3.2024536923353674e-09	0.0	0.0	0.0	0.0	0.0
874.5183049770687	2.638223402002609	764782.2657399654	6.96022271887422	898.5923895699638	2.4483794076102185	5.994561723609765	807468.2825930575	841.8161454904022	0.7930443267574674	708654.4228083179	0.6289193042022047	839.7380637886598	755.6884336392742	1.430258	18.910299	0.0605397478869083	0.0230996992068227	-0.0055754183	-0.060935372	-0.1876705331	0.021266945	-0.0872905629	-0.0712686973	0.0087508712	-0.0704941571	0.1028698444	0.1460881737	-0.0132484814	-0.176552369	-0.1044436109	0.0166844948	0.0378345782	0.0679535642	-0.007361162	0.1196507758	0.0172746815	-0.0434776697	-0.097065636	-0.0429039435	-0.0226084722	-0.2456348811	0.0424156635	0.0301177797	0.0186611931	0.1691007024	-0.0205224077	0.0742058183	0.0108948712	-0.0669771983	-0.1127446411	0.1027155217	-0.0017644405	-0.1389959131	-0.0642255457	-0.0359510359	-0.0078484892	0.1672203631	0.0289566689	0.0377556885	-0.0022040975	-0.0077630796	0.1735412738	-0.0327423569	-0.013900178	0.0647097229	0.0226787753	0.1014785475	-0.1291096507	0.005443901	0.2609897451	-0.0320910282	-0.0360215067	-0.0152074725	-0.1411590136	-0.0546898241	0.0133104285	0.0926652879	0.2116246889	0.0503139267	0.1729608252	-0.0577202094	-0.1061432423	-0.1011477314	0.1306039533	0.0857994643	0.1797783838	-0.0122860649	0.0183911373	-0.0417481751	-0.168265888	-0.024191763	-0.0080947213	0.0187948424	-0.0466062272	-0.0552613136	-0.0281165967	-0.085339021	-0.0389610203	-0.1301146789	0.0001875137	-0.128260644	0.049801229	0.0469432447	-0.1318536215	-0.0669640536	0.1274403822	-0.1491984581	0.1355752626	-0.0688893378	-0.0555787436	0.1282045865	-0.0278183959536733	0.0083010399376774	0.0007738631534353	6.890726404691684e-05	0.0210283815831786	-0.0116291657932805	0.0004421928320077	0.0001352374970476	0.0567888972367853	0.0136419855242308	0.0001861037690433	0.0032249788493701	0.0010340202980146	0.0001699355989269	2.8878107782644222e-08	1.0691979767062022e-06	-0.0003669503377412	0.0001133974496047	1.3465255036838076e-07	1.2858981576873144e-08	9.618959203361285e-05	-0.0002560180841026	9.252437615592877e-09	6.55452593876106e-08	0.0	0.0	0.0	0.0	0.0
875.1692294879177	0.6509245108489949	765921.1802424756	0.4237027188240033	903.3726007734026	4.780211203438853	22.850419149482327	816082.0558281015	842.0420866584469	0.2259411680447556	709034.8757041114	0.0510494114174285	840.7834629648739	764.7054997121007	1.34087	17.728445	0.104656841431412	0.0748914342177079	-0.0765748726	-0.046097411	0.1167392507	0.0938713128	0.0054925345	-0.0709037157	0.0075324558	-0.027000343	0.1012847062	-0.1617271022	-0.0707835057	0.0379230309	-0.0704810255	0.013739374	0.1288946693	-0.0230225411	-0.0253040452	0.0029099002	-0.1410310313	-0.0422691358	0.0382156993	0.0319982957	0.0946714966	-0.1504671418	0.0347823283	0.0221948032	0.1333555956	-0.0421864678	0.0461826053	0.0472276901	0.024397516	-0.0505868227	0.0665423988	-0.0133188112	0.0481179317	0.0762974271	-0.0437925735	-0.0507019022	0.0247660346	0.088504586	0.0528389601	-0.0120395031	-0.0976985671	-0.1208077222	-0.0279127241	0.0756702381	-0.0338720621	-0.1023123956	0.0968489359	0.0025998682	-0.1465073064	-0.0848411466	0.0803965879	0.095309331	0.0278200411	0.0461503183	0.0567818948	0.0259936069	0.0192265993	-0.00056928	-0.1076283565	0.0886944274	0.0272947774	0.0221378082	0.0145028131	-0.0027853381	0.0439312735	0.0484250558	0.0376223853	-0.0852335939	-0.0382899138	0.0211638629	0.0356198013	0.1934787184	0.070347434	-0.0262578784	0.0402130279	0.1044848819	0.1560486788	-0.0733221882	-0.0639317414	-0.0422626419	-0.0169576292	0.0171172013	0.077370145	0.0762238463	-0.1082615874	0.0256190159	0.041040491	-0.140493793	0.0868543185	-0.0717238087	-0.0494042187	0.1266188352	-0.0261630874748846	0.0016553084787887	0.0006845071462184	2.7400461599497627e-06	0.0900211450311161	0.0689927634479375	0.0081038065527132	0.004760001408183	0.0821497603858318	0.0253608631490465	0.0006431733796646	0.0067485831314495	0.0010340459080761	2.561006149986653e-08	6.558752500269457e-16	1.069250940008926e-06	-0.0003878715601006	-2.092122235939996e-05	1.5044434713487338e-07	4.3769754501145684e-10	0.0002482008867255	0.0001520112946918	6.16036801713245e-08	2.3107433713903765e-08	0.0	0.0	0.0	0.0	0.0
874.6486767335698	-0.520552754347932	765010.3077117847	0.2709751700592184	897.013317816598	-6.359282956804577	40.44047972470516	804632.8923403411	841.563166242751	-0.4789204156959386	708228.5627765241	0.2293647645703706	840.1472149721126	780.031897521216	1.164757	15.399949	0.0401567325422905	0.0234964154630071	-0.101773518	0.1112973153	0.0571731706	-0.0996948344	0.0231599366	-0.0630880153	-0.0442086306	-0.0208615504	0.0510008957	0.0396747916	0.0871915229	0.0243644816	0.033320724	0.0136378708	0.0609450982	-0.0081978249	0.0788656925	-0.1501547062	-0.0494380889	-0.0855803393	0.0771000165	0.0588350837	-0.0098184849	-0.0315587989	0.0227008816	0.1233548167	0.0945432551	-0.0416175783	-0.1177052069	0.092961173	0.0041274236	-0.0580407133	0.2023080229	-0.0972717828	0.0202385179	-0.082071695	0.0013236388	-0.0189906505	-0.151283671	0.0244556657	0.1411796219	0.0371387465	-0.0997480618	0.0048964165	-0.1101048083	0.0381362602	-0.1369253538	0.0199906397	0.1050241419	-0.0243650654	0.0158764116	-0.03679653	0.0420644858	-0.0621009447	-0.0184305467	0.0064424405	-0.0002093471	0.0416889415	0.0446499251	0.0626973408	-0.1613299726	0.1230979485	0.0198774514	0.0193007135	-0.0431508908	-0.0781475176	0.1737049148	-0.0429483068	-0.0562724534	0.0276468742	-0.1380118886	0.0018078419	0.0496161837	0.1198633481	-0.0445452533	-0.0483365677	0.0968301792	0.0283987492	0.0105819581	-0.033193429	-0.0342776808	-0.0115445335	0.024781882	-0.0788435787	-0.0646926684	-0.042261858	-0.0950282798	0.0577197548	-0.0410191699	-0.0884783622	0.0094262763	-0.0745091236	-0.0430942802	0.1242524367	-0.0327909814261886	-0.006627893951304	0.0010752484628926	4.39289782297322e-05	0.0706970216061364	-0.0193241234249797	0.0049980688639785	0.0003734217461438	0.082044542842155	-0.0001052175436768	1.1070731497379885e-08	0.0067313070101782	0.0010870286542003	5.29827461242e-05	2.807171386861429e-09	1.1816312950525152e-06	-0.0004804391690356	-9.256760893500002e-05	2.3082179514361785e-07	8.568762223943096e-09	0.0001117612893381	-0.0001364395973874	1.2490585794514505e-08	1.8615763735235805e-08	0.0	0.0	0.0	0.0	0.0
873.3520559480631	-1.2966207855066614	762743.8136287088	1.6812254614079116	895.0662279401507	-1.947089876447308	3.791158986963592	801143.5523990098	841.5982664037176	0.0351001609666354	708287.6420137428	0.0012320212998837	840.5588138540995	768.8340285119932	1.115288	14.745891	0.0538688873640449	0.0337656542418223	-0.0811776555	0.0181798619	-0.1044251349	-0.0368288745	-0.0725095444	-0.1192962099	-0.0149920715	-0.0386438783	-0.0533513716	-0.006393211	0.0888461151	-0.0362414255	0.1015123042	-0.1166819937	0.0450909771	-0.0292649481	0.1096382776	-0.0842368976	0.1055584954	-0.0128472636	-0.0012128006	-0.0818546012	-0.0494058652	-0.0900659127	-0.0312966103	0.0065286941	0.0893710994	-0.1660497299	-0.131873157	0.0093771439	-0.0515774598	-0.0373407084	0.0768732447	-0.0126676715	-0.0551627671	-0.0128658918	-0.0658686266	0.1337129315	-0.0059672673	-0.0593627026	0.0478445531	-0.0989333768	0.0107258982	0.0166936608	-0.0946002735	-0.0471783053	-0.0674021472	0.1395393633	0.0471489055	0.0395042952	-0.0432438284	0.1001888815	0.0002981907	-0.0018996962	0.0985079571	-0.0095247202	-0.0107533124	0.0865495871	0.0734547765	-0.041843883	-0.0898353064	0.024910021	0.0492381844	-0.0653753854	-0.0822232801	-0.1016964912	0.1181203241	-0.1020035086	-0.0303720031	0.1094750485	-0.0498025436	-0.087955155	-0.0832304956	-0.0700678999	-0.0554944916	-0.0329485608	0.1001118617	0.0734270809	0.1340510126	-0.0924069685	-0.0466690738	0.0254868472	-0.0118443892	-0.0088399583	-0.0951588266	0.0411698472	0.0005958768	-0.0638954615	-0.0859630857	0.031634362	0.0463827826	-0.0772433738	-0.0366662233	0.1211199807	-0.0288215053044211	0.0039694761217675	0.0008306791680127	1.5756740681282366e-05	0.0383867944526201	-0.0323102271535163	0.0014735459883477	0.0010439507787118	0.0748862422542089	-0.0071583005879461	5.124126730738949e-05	0.005607949278956	0.0011865522201927	9.95235659924001e-05	9.904940187843616e-09	1.4079061712442256e-06	-0.000480369409382	6.975965360000915e-08	2.307547694700115e-07	4.8664092703932695e-15	0.0002207856337084	0.0001090243443703	4.8746296052019774e-08	1.1886307665373765e-08	0.0	0.0	0.0	0.0	0.0
871.8659053983823	-1.486150549680815	760150.156996141	2.2086434563165884	898.4526378631592	3.3864099230085003	11.467772166650438	807217.1424832691	841.1701434613047	-0.4281229424128696	707567.210250712	0.1832892538202533	839.9428342209649	756.0011819413871	1.097584	14.511817	0.0442107670327824	0.0205242673804374	0.0580547491	-0.0699894651	-0.085819881	0.0738520877	0.0814454572	0.0290428502	0.0258676149	-0.0188113004	-0.0955283494	0.0542170576	-0.0891060868	0.0216344351	0.0196346247	-0.0198216194	0.0495362548	-0.0840415798	-0.0370386941	0.1225884023	0.0903578799	0.0558956978	-0.0179027322	0.0282679096	-0.0218944435	0.0476522508	-0.1177456844	-0.0386052032	0.0185514624	0.1071679698	-0.1246625046	-0.0215730539	0.1000470171	-0.0025446051	0.038443155	0.0709905609	-0.1358618898	0.0311472436	-0.0503091236	-0.1856443086	-0.0328401016	0.0284417127	-0.0879954485	-0.0243652682	0.061424525	-0.1050665498	0.0540034401	-0.0332774518	0.1438100757	0.0793596358	-0.0546871715	0.0033913574	0.0672823297	0.0108551272	-0.0583953664	-0.094427739	-0.0843863123	-0.0852288536	-0.0324689559	0.0026425979	0.1007776159	0.0411602747	0.0115462911	0.0303676577	-0.0882366258	0.0525164674	-0.0507849985	-0.0575714712	0.1193901218	0.0005841095	-0.0654159918	0.034625281	0.1041702638	0.0164312608	-0.0670028054	-0.1242581195	0.0553746673	0.0016347736	-0.0274891989	0.0227318725	0.1056506532	0.0398306743	0.1652699533	0.1471732044	-0.1521513064	-0.1091802437	-0.0191920995	0.0660787886	-0.0614007164	-0.0836022376	-0.0833107136	-0.0617994047	-0.0002732825	-0.0799246852	-0.0301376669	0.1172407796	-0.0341987922220283	-0.0053772869176071	0.0011695573894454	2.891521459426951e-05	0.0424916288976504	0.0041048344450302	0.0018055385263756	1.6849665821107203e-05	0.0820898677237238	0.0072036254695149	5.1892219905043824e-05	0.0067387463828984	0.0010340967801743	-0.0001524554400184	2.3242661191203993e-08	1.0693561507668543e-06	-0.0003767335477906	0.0001036358615913	1.4192816603089234e-07	1.0740391807791814e-08	0.0005151947361112	0.0002944091024027	2.6542561611668895e-07	8.667671957762234e-08	0.0	0.0	0.0	0.0	0.0
871.1227608218769	-0.743144576505415	758854.864421929	0.5522638615894125	900.2819974626814	1.8293595995221492	3.346556544363839	810507.6749553954	840.6852169686044	-0.4849264927003105	706751.6340295495	0.2351537033226243	839.1795694567494	758.7732649874096	1.202569	15.89989	0.0107933265673643	0.0069136281050656	0.0518429922	0.0088318067	0.1694355824	0.0158192569	0.0202044393	0.0086930132	0.0517424373	0.11090356	-0.0542854716	-0.1307960695	0.0354508277	0.0908593769	-0.113741727	0.0170978083	0.0559496326	-0.0943614894	0.027831531	-0.0427983375	-0.1620427103	0.1093940378	0.0185246751	0.0213428821	-0.0811098441	-0.0049748705	-0.1270257505	-0.0926649	0.0680826957	-0.0389292102	0.0611314278	-0.0451510452	-0.0605574362	-0.0237123906	0.0401980741	-0.0009376354	-0.1468647104	0.0094688647	0.1136828484	0.0506224945	-0.0114509099	0.0089979245	0.1094670968	0.0383040758	0.0477485268	-0.0727274756	-0.1464834847	0.0427592616	0.025748832	-0.0907813681	-0.0216837252	-0.1053815972	0.0402844967	0.0762340133	0.1078375747	0.048715443	0.0077976271	-0.1127776514	0.0133909404	-0.0216931243	-0.067733582	-0.0057717301	0.0236583498	0.0855277199	0.0028876727	0.0517145261	-0.0553010393	-0.0300313568	-0.2004793463	0.0599019665	-0.0169774395	0.0868877507	0.0157382432	0.0067966861	0.119448733	0.037383096	0.129588523	-0.060109698	0.0614396126	-0.0427030236	0.0945901307	-0.0947081585	0.0898252288	-0.0489032555	0.0576171603	-0.0819366299	-0.0382120681	-0.0038249103	-0.0090873633	-0.1266372885	-0.1093009836	0.0802159878	-0.013558061	-0.0825512202	-0.0235265052	0.1126387502	-0.0309264237738915	0.0032723684481367	0.0009564436874423	1.0708395260361225e-05	0.0402498138502238	-0.0022418150474265	0.0016200475149776	5.025734706868323e-06	0.0820147847272778	-7.508299644599925e-05	5.637456355309936e-09	0.0067264249138617	0.0010346242144173	5.274342430000144e-07	2.781868806889983e-13	1.070447265058615e-06	-0.0004802333145323	-0.0001034997667416	2.3062403638667897e-07	1.0712201715586305e-08	0.0005152487366336	5.4000522400031454e-08	2.654812606025209e-07	2.9160564194762987e-15	0.0	0.0	0.0	0.0	0.0
871.6915776669192	0.5688168450423063	759846.2065754427	0.3235526032038831	889.7246916634696	-10.557305799211804	111.45670573807118	791610.026955656	838.5875959349993	-2.097621033605151	703229.1560560416	4.4000140006227415	836.9925679314997	759.5401690144184	1.230136	16.264364	0.0231338288839458	0.0165514052506247	0.0504949951	0.0770733908	-0.0135511721	-0.1394966165	-0.1101373666	0.0774609059	-0.0096636084	0.1294649277	0.1280951821	0.0843178487	0.0836018152	-0.0705459535	0.0275350412	0.0998873615	-0.1933579891	-0.0161634867	0.0327479835	-0.0108340359	-0.0806989307	-0.1673123105	0.0623029843	-0.045117579	0.0772805372	-0.0275512614	-0.1987178785	0.0096809494	0.0176241806	0.119196181	-0.1031523128	-0.0845939465	0.1766024626	0.0168182196	-0.0940942462	-0.022676014	-0.2448312178	-0.0435757059	0.1207615938	0.0328214937	0.0711589311	-0.0034581475	-0.0903778366	-0.0563189913	-0.0866950345	0.2108166393	0.001140351	0.0229572699	0.0419625811	-0.0764187269	0.1490607503	0.0382200721	-0.0418194488	-0.0588608874	-0.0241326809	-0.1434868842	-0.0611512717	-0.1674105874	-0.0428268089	-0.1426670442	0.1162282723	0.0662010385	0.1283724661	0.0762053909	-0.0731764329	0.0852582833	0.1141525086	-0.0386619413	0.0009356774	0.0921381444	0.0829400101	-0.0093914434	-0.0072816382	0.0019471147	-0.0182667067	-0.0659628515	-0.0712331608	0.0136960897	0.1641791016	0.0927550441	0.0573742072	0.0835069893	-0.0292330531	-0.1342524038	0.0230550171	-0.2986745782	-0.0745559067	0.1413854323	0.0681541028	-0.1760759222	0.0035220955	0.0741825107	-0.0680531168	-0.0851211787	-0.016850859	0.1073422654	-0.0312694735189609	-0.0003430497450694	0.0009777799741529	1.1768312759218037e-07	0.0396988236121558	-0.000550990238068	0.001575996596189	3.0359024244623576e-07	0.0714837706392543	-0.0105310140880234	0.0001109022577221	0.0051099294648055	0.0010340702132155	-5.540012017999935e-07	3.069173315958372e-13	1.0693012058595497e-06	-0.0004803547872578	-1.2147272550002864e-07	2.3074072164148638e-07	1.4755623040405302e-14	0.0002817487143052	-0.0002335000223283	7.938233801263323e-08	5.452226042736329e-08	0.0	0.0	0.0	0.0	0.0
873.089798450396	1.398220783476745	762285.7961581531	1.9550213593463228	898.131850869315	8.40715920584546	70.68032591243207	806640.8215459415	839.3742142589205	0.786618323921175	704549.0715627801	0.6187683875285587	838.3554619857946	762.356020872258	1.221072	16.144533	0.1159307565336611	0.069774312434225	-0.0094466018	-0.0151740444	-0.1723285377	0.0148881036	-0.0556501929	0.0577491941	0.0136554102	0.0186569181	0.0872023396	-0.000787223	-0.0370346529	-0.0887104637	0.1277109616	-0.1210844569	-0.1443802851	0.0706928333	0.0291325079	0.0218784394	0.0956498637	-0.0005616635	0.0835963092	-0.1366310794	0.1836783852	-0.1291660289	0.1040744059	0.0518940149	-0.0077289855	0.0623393239	0.1501454352	-0.0242898732	-0.0070278247	-0.0511944497	-0.0636793466	-0.0312537871	0.0431873727	0.1255557811	0.0303840281	-0.1249463767	-0.0342902841	-0.0679154129	0.0109453959	0.029934852	-0.0111360537	0.1749899692	0.0762698593	-0.0576445873	-0.0200277034	0.0409371407	0.0616013372	-0.0453373065	-0.2785595188	-0.0124653068	-0.0414784803	0.0694686768	0.0537544817	0.1709979561	-0.0213839365	-0.0856527143	-0.0620926958	0.0471955707	0.0610994859	-0.0784479851	-0.0093443545	0.0071088034	-0.0069117878	-0.1069904533	-0.1465317533	-0.0934482284	0.2015906009	-0.1616582494	-0.1564803357	-0.0938535318	-0.121172957	-0.0967929777	-0.050007434	0.0431265812	0.0191302374	0.0248239906	0.0687948571	0.0284545677	-0.0905222334	-0.0728782051	0.0737813777	-0.11519854	-0.019293697	0.0614955548	-0.1245183267	-0.2038261703	-0.1189428522	0.1042192421	-0.1244684433	-0.0876327994	-0.0101290257	0.1013839798	-0.0324741556739809	-0.00120468215502	0.0010545707867379	1.451259094623637e-06	0.0651957674286762	0.0254969438165203	0.004250488090614	0.0006500941439827	0.0152662064297786	-0.0562175642094757	0.0031604145256465	0.0002330570587566	0.001343638382131	0.0003095681689155	9.583245120569565e-08	1.8053641019356116e-06	-0.0007547594456667	-0.0002744046584088	5.696618208231042e-07	7.529791655650507e-08	0.0003580072140337	7.625849972849996e-05	1.2816916530017146e-07	5.815358780841627e-09	0.0	0.0	0.0	0.0	0.0
874.123580739364	1.033782288968041	764092.0344046074	1.0687058209840024	903.5272890908376	5.395438221522568	29.11075360226661	816361.562131838	841.4139453758104	2.039731116889925	707977.4274728872	4.160503029209021	839.9249806512263	755.9939831032241	1.618776	21.402817	0.2560437443747757	0.1577050355207547	0.0514597372	-0.065608822	-0.0537304736	0.2174582405	0.0237847649	-0.0411827418	-0.1011089756	-0.0552798685	-0.0937272386	0.0810461713	-0.1528378566	-0.0690619802	-0.0428500664	-0.2289461481	0.0368048365	0.1187416754	-0.0846451598	0.0396296026	0.0901683249	0.1422420312	-0.0985547634	-0.0272926317	0.0859969953	0.1419799205	-0.0598099749	-0.0068265174	0.0275273337	-0.0911904991	-0.2966694117	0.2303915497	-0.1742002685	0.1285776326	-0.036202063	-0.0694923159	-0.0416280893	0.0057727008	0.040145556	-0.040527062	-0.3141989131	-0.0472822707	-0.0938168361	-0.1052937217	0.0465384501	-0.0902884455	0.1056900788	-0.0217636546	0.0248257949	0.0524413673	-0.1974789863	-0.0325991941	0.0423575404	-0.080278307	-0.155872723	-0.0688058932	0.2353778082	-0.1047281752	-0.104974595	0.0014393388	-0.0262366362	-0.1244794012	-0.1497689317	0.2181381443	-0.1489870551	0.0117850199	0.1242296168	-0.168334116	0.0807988277	-0.1174284487	-0.2710832883	-0.3386055908	0.2909291377	0.2789537826	-0.0869464959	-0.0317434436	0.0375103926	0.002712272	0.188505559	0.1451459712	-0.052297319	-0.1621328447	-0.0216662738	-0.063147746	0.133096741	0.016414602	-0.1098611632	0.1008593258	0.2379640111	-0.120160652	-0.0013166782	-0.1915996451	-0.0940222404	-0.090084361	-0.0033794295	0.0948006283	-0.0396825132772562	-0.0072083576032752	0.0015747018599996	5.196041933669677e-05	0.2021461586097643	0.1369503911810881	0.0408630694406839	0.018755409644653	0.077295096110781	0.0620288896810024	0.0038475831550579	0.0059745318827748	0.0009717488611058	-0.0003718895210252	1.3830181584835276e-07	9.442958490604194e-07	-0.0013778284962386	-0.0006230690505718	1.8984113650471212e-06	3.882150417805688e-07	0.0003601707606248	2.163546591100031e-06	1.2972297680904698e-07	4.680933851860565e-12	0.0	0.0	1.0	0.0	0.0
875.816157841119	1.6925771017549778	767053.9423355798	2.8648172453852805	901.425468172346	-2.101820918491626	4.417651173408982	812567.8746697331	843.9995524748025	2.5856070989921136	712335.2445776669	6.685364070358413	841.8717945216857	750.1583449939066	1.335225	17.653812	0.1624346179449571	0.1139974466354701	0.0307036716	-0.0427117926	0.0549343553	-0.0151967033	0.0637501508	-0.0150331305	-0.208481934	-0.123397637	-0.0247657017	0.1713852405	-0.0784745714	0.1234869702	-0.1358877036	0.038304733	0.2174925697	0.2853267915	-0.0776599898	0.0294460549	-0.0938129148	0.037353084	-0.0233781722	0.083950658	0.057946254	0.0632029312	-0.1315773007	-0.0095058167	-0.0069817609	0.0797297388	-0.1832459199	0.0439179161	-0.0431708538	0.0293717444	-0.100104389	0.0996673354	-0.144139303	-0.0920203798	-0.1080450925	0.101072305	0.0312887473	-0.0021699146	0.0533457217	-0.0110822483	0.076841966	-0.2214128298	0.1404265276	0.0198433761	-0.2058412291	-0.0222947181	-0.1268053287	0.0364681157	0.1444473095	-0.1353245381	-0.0038301137	-0.1241218626	0.1181514001	-0.1952272324	0.0586581429	-0.1393387796	0.0288537837	0.006325662	0.1970821695	0.1912295786	0.0889328998	0.0048894405	0.0975123011	0.0606088111	0.071369829	0.0294779716	-0.2653688502	-0.0621059505	0.2386301904	0.0956504194	-0.024727218	0.1319803601	-0.0734342872	0.1466443329	0.0891797205	0.1338905722	-0.1624051192	-0.0417099513	0.0817676093	-0.2050143471	-0.1143048766	0.0146802938	-0.0196138213	0.1662484352	-0.0030532326	0.0244516016	0.0432880506	0.0805055305	0.1628134652	-0.0924741833	0.0033794295	0.0876327994	-0.0350877665774476	0.0045947466998085	0.0012311513633934	2.111169723540199e-05	0.0951241457616873	-0.1070220128480769	0.0090486031068907	0.0114537112340539	0.1182185578834875	0.0409234617727064	0.0016747297234621	0.0139756274280514	0.0010886935967297	0.0001169447356238	1.3676071190143846e-08	1.1852537475602504e-06	-0.001377851674905	-2.3178666400070977e-08	1.8984752380385136e-06	5.372505760857793e-16	0.0002792507424278	-8.092001819700001e-05	7.79809771464775e-08	6.5480493450028135e-09	0.0	0.0	0.0	0.0	0.0
875.3083032967066	-0.5078545444123392	766164.6258201593	0.2579162382802646	900.2532710484096	-1.172197123936371	1.3740460973647002	810455.9520333612	841.5275151826188	-2.4720372921837	708168.5588094327	6.110968373946919	840.2017744555916	764.9116407977648	1.49822	19.808868	0.2654605232819292	0.1903495725103858	-0.0764784952	-0.1101743221	0.0623240938	0.0300237359	-0.1174671313	0.1312959125	-0.017156229	-0.2141193228	0.0761108589	-0.0362649736	0.0117410332	-0.143974636	-0.1124902421	0.2204533262	0.0972146989	0.1047236743	0.0716944277	0.1981899195	-0.0651894428	-0.2148560218	0.0059484109	-0.1348987066	-0.0183001311	0.1449521929	0.0275770378	-0.0016560279	-0.0011938619	0.0097257109	0.1155630821	-0.052633649	0.0116437816	-0.1666546648	0.139069578	0.1173243879	0.0522485963	-0.0123088573	0.0012144037	-0.162152881	0.0882176396	-0.0653092047	-0.101679681	0.0148499171	-0.0377701612	-0.1051174226	0.1026645956	-0.0494704411	-0.0763854578	-0.1220061441	0.160613098	0.2145234718	-0.0672794435	0.0809619626	-0.0624211186	-0.0717269327	-0.0340881119	0.062753662	0.1251353759	0.1531676012	-0.1100520806	0.2156512981	0.1159886425	-0.0554057943	-0.1864232037	0.0003360727	-0.0969638034	0.2092997183	-0.0245671007	0.1835913898	0.0049526544	0.2363460505	0.0853348238	-0.3500356263	-0.0242091555	0.20048365	-0.1917289975	0.2804401354	-0.2275124367	0.210995994	-0.1030667514	0.0032841126	0.0772257259	0.082879323	-0.1086729362	0.0368399137	0.0602538767	0.2373319346	-0.0184437752	-0.0216256477	-0.0244873196	-0.1018351504	-0.0741252576	-0.0948006283	0.0101290257	0.0799246852	-0.0193770270683586	0.015710739509089	0.0003754691780079	0.0002468273359224	-0.091718793063606	-0.1868429388252933	0.0084123370010445	0.0349102837888722	0.1161183027048906	-0.0021002551785968	4.411071815223081e-06	0.0134834602230646	0.0019391053576468	0.0008504117609171	7.23200163106123e-07	3.760129588054524e-06	-0.0011013142824538	0.0002765373924511	1.2128931487367285e-06	7.647292942370894e-08	0.0001900681004171	-8.918264201069999e-05	3.612588279616481e-08	7.95354363600867e-09	0.0	0.0	0.0	0.0	0.0
870.6507514106592	-4.657551886047486	758032.7309319454	21.69278957122449	889.1624357495989	-11.090835298810704	123.00662762534547	790609.8371481596	840.6512978428573	-0.8762173397615243	706694.6045648804	0.7677568264987624	838.7064577397612	776.2693797970607	1.577245	20.853706	0.2226711331404602	0.1620764654842088	-0.0170128958	0.1224722542	0.1026367168	-0.0246594292	0.0467078936	0.0561559527	0.2675049365	0.0885872669	0.043037329	-0.1575067995	-0.0124365455	-0.1217118119	-0.0449533905	0.1826524246	0.052942165	-0.2873738217	-0.0454074316	0.0340474863	-0.0364103049	-0.2352096377	0.0145922841	0.0049157766	0.000700241	0.1107900461	-0.0150264015	-0.0154848528	-0.0788407687	0.0904617579	-0.0122216128	0.0564644389	-0.1450316168	-0.0404788468	0.103087039	-0.060045571	0.0860905703	0.1726133325	0.1150535596	0.0039798907	0.0311685858	-0.0273610331	0.1285410609	0.0690978366	-0.0019374029	-0.0344797716	-0.1311291881	0.1376355256	0.1715145506	-0.0070471791	0.1979639467	0.1452024208	0.1323061037	-0.0094602151	-0.0213077839	-0.0577233379	-0.0835233239	0.0118232617	0.0118223138	0.0914921473	0.0626844565	0.0107181735	0.0097814318	-0.1498103012	-0.1764058667	-0.1211859159	-0.094001603	0.0129655529	-0.0596469749	0.2489087329	-0.042484379	-0.0459491261	-0.0612865344	-0.0100563359	0.0620697566	0.1253956629	-0.1395590258	-0.0350410889	0.0433860522	0.2419424301	-0.1784891037	-0.1120173261	0.0598341636	0.3182605064	0.0624544291	-0.1057249238	-0.0431287803	-0.0236052939	-0.074721264	0.0198444212	-0.0892308415	0.038012987	-0.1031855695	-0.0970621018	0.016850859	0.0717238087	-0.0449256228339578	-0.0255485957655991	0.002018311587019	0.0006527307455939	0.0681050386444894	0.1598238317080954	0.0046382962887673	0.0255436571818575	0.10125724734349	-0.0148610553614006	0.0002208509664546	0.0102530301395807	0.0017740540262898	-0.000165051331357	2.7241941982718223e-08	3.14726768819505e-06	-0.0008868939152197	0.0002144203672341	7.865808168537284e-07	4.597609388480636e-08	0.0001207867929009	-6.928130751620001e-05	1.4589449339284908e-08	4.799899571154272e-09	0.0	0.0	0.0	1.0	0.0
868.5266377280808	-2.124113682578354	754338.520443245	4.511858936516577	888.6050382886614	-0.5573974609375227	0.3106919294595971	789618.9140719933	840.6351175911036	-0.0161802517536671	706667.4009274086	0.000261800546812	839.000743559218	755.2690200332768	1.575255	20.827394	0.0426447509037555	0.031141953192283	0.137629554	-0.01211998	-0.1356080415	-0.0463633636	0.0285974639	-0.0210146853	0.1218406173	0.1811688788	-0.0426891705	0.0956229959	-0.0622301139	-0.0700399947	0.077794497	-0.021160819	0.0024898725	-0.1268403093	0.048722419	0.0447087014	0.1578999426	-0.0508813363	0.0655585928	0.0509466825	-0.0891570507	0.1541542807	-0.0023160792	0.2661267621	0.0499116024	0.0566314645	-0.0758538889	-0.0809786036	-0.2263018525	-0.0442364937	0.0582391592	-0.1340273535	-0.0405762959	0.1355890568	-0.0443884019	0.0608087729	0.0627228271	0.0826949747	0.0234931572	0.1084079064	0.0354841031	0.0126755225	-0.0029310357	-0.0507888132	0.1248792818	0.1248170604	0.076551042	0.0011172567	0.1301662814	0.0541643583	-0.0257661089	-0.2969861668	0.0240203771	0.1167087751	0.0312860399	-0.1258509902	-0.0821154803	-0.0224818372	-0.1670784804	-0.0487983489	0.0708918723	-0.1085304964	-0.0688683309	-0.0992763311	-0.0730500064	0.0487234284	-0.1378936799	-0.1600182737	0.0949933365	-0.1426945029	0.010110348	-0.1187806867	-0.2064356742	-0.0871566012	-0.0467727991	-0.0020711538	-0.0417580025	0.0681865437	-0.0318244143	0.0868245497	0.320444141	0.0185516223	-0.0521533793	-0.1062032785	-0.1254013153	0.0864019543	0.0090763549	0.1579377712	0.0720699051	-0.0992570537	0.0235265052	0.063080731	-0.0373598499891443	0.0075657728448134	0.0013957583912113	5.724091873931729e-05	0.0979305124654246	0.0298254738209352	0.0095903852717406	0.0008895588886432	0.1012640208646118	6.773521121800075e-06	4.588058838747174e-11	0.0102544019216685	0.0018130572803927	3.900325410290009e-05	1.5212538306153926e-09	3.2871767019849737e-06	-0.0009468967766508	-6.000286143110004e-05	8.96613505631675e-07	3.600343379919792e-09	0.0001148582940972	-5.928498803700006e-06	1.3192427722918887e-08	3.5147098065472394e-11	0.0	0.0	0.0	0.0	1.0
870.195646847934	1.6690091198531718	757240.4637930943	2.785591442153059	896.0914169311524	7.48637864249099	56.045865178745245	802979.8274976803	840.4203665314462	-0.2147510596573738	706306.3924808505	0.0461180176239649	838.6755461073413	746.87203571225	1.331832	17.608955	0.126261170987164	0.0773965118422831	0.1229346174	-0.034994581	0.1416973376	0.1103521168	-0.0394232433	0.0174772212	-0.0449637332	0.0499864845	0.0228347276	-0.0782332119	-0.0156590547	0.0846993982	-0.121909186	-0.0642719256	0.046527333	-0.0317522132	-0.0347070858	0.1333229581	-0.1836590904	0.102084833	0.1969733361	-0.1183420701	-0.1226856855	0.0992449752	0.0642326499	0.1447116653	0.1499306578	-0.0792484764	-0.0477681699	-0.2209578499	0.0487558598	-0.0353849847	0.0077524663	-0.0452069186	-0.078031629	0.1063966182	0.0095763219	-0.004864144	0.0160924447	0.0720960615	0.0825152655	0.1606113203	-0.0295256767	-0.1014720791	-0.0031752908	0.0526806572	0.0599067584	-0.1857983818	0.03024989	-0.1243209574	-0.0335708918	0.1899031043	-0.0705803301	-0.2039591626	0.0499740299	0.1024077941	0.1924936383	-0.1070110158	-0.1142735023	0.0938248439	-0.1762269089	0.0493408172	-0.0359382033	0.0656863649	0.0533730319	0.0885414918	-0.1326375265	0.0830871494	-0.032544621	0.0007429962	0.2140685738	-0.1438131776	0.272438451	0.0237197584	-0.1698659547	0.0285761706	-0.1348728723	-0.0725609959	0.0553346472	0.035263769	0.0212714469	-0.0652044636	0.2271388479	0.0404430307	0.0839297592	-0.099468065	-0.0653440372	-0.0862567709	-0.0087227013	-0.0255654835	0.094460083	-0.1013839798	0.0301376669	0.0540487397	-0.0374889396404825	-0.0001290896513381	0.0014054205953677	1.666413808261741e-08	0.0279267293558547	-0.0700037831095699	0.0007799022125151	0.0049005296496517	0.1090725526941227	0.0078085318295109	6.097316933248503e-05	0.0118968217512121	0.0014517620261396	-0.0003612952542531	1.3053426074581226e-07	2.1076129805409563e-06	-0.0008450518912448	0.000101844885406	7.141126988964132e-07	1.0372380683361284e-08	0.000618113482373	0.0005032551882758	3.82064277091277e-07	2.53265784526511e-07	0.0	0.0	0.0	0.0	0.0
871.1593841716827	0.9637373237487736	758918.6726303855	0.9287896291864484	893.0133459908621	-3.078070940290217	9.474520713459103	797472.8361177953	839.6168069453062	-0.803559586140068	704956.3825050315	0.6457080084775972	838.53640850893	761.8298524746225	1.302037	17.21501	0.089592725309169	0.0603184762681052	0.0621403178	0.0887487611	-0.0032196739	-0.1604226313	-0.117662417	-0.0103684985	-0.070955421	0.0469013207	0.1159831427	0.0920171225	0.1103528107	0.0622756845	0.0365883597	0.0792025282	-0.1498965219	0.1170136001	-0.0691578973	-0.0372654704	-0.1461208734	-0.0716081277	-0.0578913071	0.1187041587	0.0933480814	-0.0724413211	-0.138150154	0.0718161967	0.110499286	-0.1369374624	-0.0195895813	0.0082724101	0.141351984	-0.0313323942	-0.1401752833	0.0667075705	0.0040658455	0.0015709724	-0.1325214765	0.0216339886	0.0358872291	0.059112994	0.0552301347	0.1003533818	0.1282549953	0.1789870561	-0.0024641857	0.0562045645	-0.0728432315	-0.0937599759	-0.0036882542	0.0655810576	0.0366462561	-0.1787803811	0.0262529111	0.0016858624	0.05443774	-0.1178964961	0.1476015358	-0.0538526569	0.0061943004	0.0783628022	-0.0452278104	0.1231156855	0.0642074966	0.1362655462	-0.0262503639	-0.0137336473	-0.0013067478	0.1595957191	-0.0252436765	0.0306657306	0.1119516439	0.0520460678	0.1253585569	-0.054432529	-0.1586812692	-0.0477456841	0.1983149887	0.0728050521	-0.0325561022	0.060293967	-0.0787630762	-0.0221340718	-0.0163044794	0.1477702073	0.2306201848	-0.1068498104	-0.0257228042	0.0814671286	-0.0825450123	0.1316181931	-0.043259901	-0.1034414224	0.0366662233	0.0446835199	-0.0559370220004069	-0.0184480823599244	0.003128950430274	0.0003403317427585	0.0843869705261113	0.0564602411702565	0.0071211607945747	0.0031877588330035	0.1123701497121558	0.003297597018033	1.0874146093340716e-05	0.0126270505463323	0.0014011862376353	-5.057578850430002e-05	2.5579103828316853e-09	1.963322872538567e-06	-0.0008451912043878	-1.3931314300004874e-07	7.143481719744999e-07	1.9408151812552024e-14	0.0004410924888012	-0.0001770209935718	1.9456258367683678e-07	3.133643216514727e-08	0.0	0.0	0.0	0.0	0.0
870.8449056778595	-0.3144784938232305	758370.84974508	0.0988967230773276	896.7799435206822	3.7665975298200474	14.187256951646477	804214.2671009579	838.2592088894095	-1.3575980558966876	702678.5012878986	1.8430724813744657	836.9254358979845	750.4683676002439	1.259081	16.647072	0.0868809713724529	0.0436409144182095	0.0999093149	-0.0600154183	-0.1421732321	0.0470060912	-0.0317671799	-0.0787510199	0.020392209	0.0042227698	0.0728006335	0.0700688361	-0.0682336877	-0.1422516598	-0.0400877008	-0.0238532079	-0.1905487603	0.07639968	-0.025683968	0.169532116	0.0382891231	0.0320016482	0.0484639592	0.0213105906	-0.1074242253	-0.058733917	-0.0246274399	0.1559463428	0.0814866588	0.0568480383	-0.0478929614	0.0507937394	0.0001600519	0.118499227	0.2022384103	-0.1235919226	0.1586711066	0.0493027087	-0.0022818656	-0.1214497387	-0.0445439081	0.0338937348	-0.0542025415	-0.0973955894	-0.0893034495	0.1350388339	0.1929602509	-0.0628245416	0.0875566442	-0.0496662334	0.0113426705	-0.0294707384	-0.0525847462	0.0493451537	0.0275526366	-0.0687212916	-0.0568185343	0.0379010106	0.0219803085	-0.1148463931	-0.0494682344	-0.01686182	-0.2279112318	0.032840519	-0.1404655111	-0.1033452035	0.0012150866	-0.0230517784	0.0753275752	0.0787267972	0.0491737415	-0.1378584101	0.1611434514	-0.076692567	-0.0182361985	-0.1025867043	-0.1725342081	0.0184673585	-0.0291278236	-0.1140064055	0.0215048302	-0.0358325712	-0.0011362644	0.0088110054	0.2032720525	0.0165167081	0.086087633	-0.1902873454	-0.1567428066	0.0562535525	0.0345255886	0.0316029795	0.159761503	-0.1054279714	0.0430942802	0.0350428114	-0.0435018239486879	0.0124351980517189	0.0018924086868626	0.0001546341505854	0.0605437390173762	-0.0238432315087351	0.0036655443342041	0.0005684996887791	0.078039468178602	-0.0343306815335538	0.0011785956945582	0.006090158593599	0.0013197661239139	-8.142011372139994e-05	6.629234918405698e-09	1.7417826218307197e-06	-0.0009891466334366	-0.0001439554290488	9.784110624389595e-07	2.0723165552624103e-08	0.0005411541515999	0.0001000616627987	2.928478157938076e-07	1.0012336362040746e-08	0.0	0.0	0.0	0.0	0.0
872.2771222824283	1.4322166045687936	760867.3780573144	2.051244402402564	902.8148473467146	6.034903826032405	36.42006418946056	815074.6485896716	839.0211787046064	0.7619698151969487	703956.5383148671	0.5805979992712722	837.0193905859878	755.2679664517237	1.103529	14.590424	0.1036663234593258	0.0577252223537371	0.041072811	-0.0885051677	0.0544643137	0.1023024887	-0.0031409415	-0.0617757389	-0.0199924482	-0.0084949716	0.0693928213	-0.0346199731	-0.0558810629	0.0819905316	-0.1247045042	-0.0392288115	-0.1231038411	0.091904903	0.0662610562	0.1607499694	-0.1168789012	0.0731851253	0.2599569652	-0.1902031313	0.0602999422	-0.0220584649	0.0508206647	0.2267184112	-0.0650961109	0.0985869752	-0.0934945404	-0.0432155321	-0.025368406	0.0709174427	-0.0262891592	-0.0566760069	0.0255231856	0.0807753951	-0.0985498814	0.0483698504	0.085953561	-0.0656672013	0.0485410502	0.0160579618	0.0518630225	0.051251315	0.145313175	-0.0407401693	0.0136533272	-0.2026363887	0.0769405099	-0.2271071127	-0.2029202918	0.143631967	-0.1017485044	-0.2286366336	-0.0293241008	0.0279042219	0.0257204821	-0.1340117686	-0.0474570904	0.0070528227	0.0052543796	-0.0359330738	0.026226451	-0.2241473455	-0.0127125447	-0.0182771849	0.0568749231	0.0120308499	0.2299040325	-0.1528218676	0.158767485	-0.0850274495	0.0788560926	-0.0015420831	-0.103827514	0.0820767915	-0.1618598181	-0.0702748619	0.0874350909	0.0511615061	0.1516597045	-0.1706060024	0.1222267756	-0.0306573165	-0.1688022294	-0.0925079459	0.0743821844	0.170219188	0.2123321678	-0.0948568642	-0.2938807092	-0.1073422654	0.0494042187	0.0251860523	-0.0489609091002023	-0.0054590851515144	0.0023971706199182	2.980161069148501e-05	0.040659080391606	-0.0198846586257702	0.001653160818291	0.0003953996486634	0.0240462601831907	-0.0539932079954112	0.0029152665096357	0.0005782226287977	0.0012073711039181	-0.0001123950199957	1.2632640519856256e-08	1.4577449825764116e-06	-0.001362671016682	-0.0003735243832453	1.8568722997051555e-06	1.3952046487885638e-07	0.0005418221820913	6.680304913999876e-07	2.9357127700617786e-07	4.4626473744010884e-13	0.0	0.0	0.0	0.0	0.0
874.5071458262445	2.230023543816173	764762.7481011645	4.9730050059744455	906.55914982387	3.744302477155429	14.019801040432284	821849.492129378	841.0089224099727	1.987743705366256	707296.0075731835	3.9511250382231737	839.4906574681862	765.414763742242	1.217322	16.094948	0.1328813236338112	0.0960779946855341	-0.0583569935	0.0018434554	0.0381461379	0.0563215307	0.071672322	-0.0456619604	-0.0539094639	-0.0823084433	0.0400741564	-0.0615234124	-0.011708941	0.1792542224	-0.046945484	-0.0181560908	0.0124122907	0.0770496666	-0.145302929	-0.0270877584	-0.0105094145	0.1458421709	0.1699663606	-0.2086093776	-0.0223609259	0.0200730525	0.0958050354	0.2136313627	0.1085675976	-0.0240262204	0.2214464539	-0.0702493159	0.0052225503	0.0709118013	0.0075130247	0.0354166441	-0.2163785268	-0.0805213897	-0.0378047389	0.0633114485	-0.1238297714	-0.0188189408	-0.1307139396	-0.153309849	0.0449396191	-0.036840148	0.0679625255	0.0977592725	-0.0587638043	-0.0583332618	-0.0547207257	-0.1619019749	-0.1656942685	0.053244487	-0.1547671713	-0.0626658975	-0.0474571693	0.1453722193	-0.07778959	-0.1330653765	-0.2971332664	-0.1013641147	0.0475791604	-0.0693710114	0.1556469181	0.1690947619	0.006411543	-0.0336432009	0.193614149	-0.1979042402	0.3456866968	-0.1475688576	0.0320975507	0.1131232019	0.1666602341	-0.0177849788	0.0571098094	0.1305971267	-0.1134491187	-0.1388246046	-0.147079138	0.1054973565	0.0467122683	0.0654404989	0.175504126	0.0757998853	-0.1259053327	0.3312713945	0.1074858554	0.3234518188	-0.3751068971	-0.0312168625	-0.0853485675	-0.1091829923	0.0555787436	0.0151740128	-0.0489767727620744	-1.58636618720967e-05	0.0023987242701878	2.516557679922146e-10	0.0607272241432781	0.0200681437516721	0.0036877957521479	0.0004027303936377	-0.0612748650791914	-0.0853211252623821	0.007279694416039	0.0037546090904731	0.0014712937818016	0.0002639226778834	6.965517990119768e-08	2.1647053923680543e-06	-0.0010771001619354	0.0002855708547465	1.1601447588412651e-06	8.155071308070365e-08	0.0005417918955637	-3.0286527599970685e-08	2.935384580985073e-07	9.172737540637861e-16	0.0	0.0	0.0	0.0	0.0
874.4257275363345	-0.0814182899099478	764620.3529774479	0.0066289379318603	906.7481791360036	0.1890293121335844	0.035732080845696	822192.2603664581	842.1659948512839	1.157072441311243	709243.5628838527	1.33881663444196	841.0024495862194	767.7069310747887	1.207071	15.959408	0.0705173904770241	0.0481181889295655	-0.0771274871	0.0077210515	0.1375713555	0.0526576606	0.012016651	-0.1273542866	-0.0716702907	-0.1137109333	-0.0500463413	-0.1198292086	0.0442656094	0.1684670666	0.0309311621	-0.0980888211	0.1145673372	0.0533846249	0.0347648234	-0.1013631424	-0.0371636058	0.1484468176	0.0687757226	-0.1463241464	0.1669232791	0.0214008454	-0.0220114762	-0.145471097	-0.1900452798	0.0667890461	0.0109202059	0.0001414814	-0.0646699202	-0.0673827143	0.0610769895	-0.0094416008	0.0919072459	0.0860582906	-0.0940780793	-0.0426395125	-0.1749962792	-0.1572006436	0.1294399664	0.1251244162	0.0811682245	-0.0936740761	-0.0944163219	0.0068944578	-0.1297532362	0.0006821126	-0.0334050301	-0.1133022852	-0.1368515916	-0.0114952815	-0.1073097621	0.1322147691	0.0612203701	0.0504417832	0.0065311768	0.0197188542	0.0092788321	-0.1175303787	0.1188919452	-0.0727119837	-0.2488700083	0.0173320645	-0.0389214302	-0.0855272635	-0.0932124383	-0.2295719986	0.1230827428	-0.1147818812	-0.0785006863	-0.0276053885	0.1865418057	0.0940930254	0.0054349716	0.087488885	0.0376132271	-0.0519876624	0.0510523257	-0.0838988475	-0.0518826118	0.0936183146	-0.0509039534	0.2137569524	0.1740563778	0.0841229013	-0.0323726634	-0.1353782384	0.0687490341	0.1069914718	-0.015186993	-0.1109488906	0.0616009311	0.0050684204	-0.0490413844672588	-6.461170518440307e-05	0.0024050573904654	4.1746724468362194e-09	0.0542866853828627	-0.0064405387604154	0.0029470442098579	4.148053952441314e-05	-0.0108889669841971	0.0503858980949943	0.0025387387268391	0.0001185696019829	0.0016427671964497	0.0001714734146481	2.9403131931079253e-08	2.698684061731208e-06	-0.0009760570592414	0.000101043102694	9.526873828949698e-07	1.020970860203025e-08	0.0005418022165502	1.0320986499907233e-08	2.9354964185870977e-07	1.0652276233126731e-16	0.0	0.0	0.0	0.0	0.0
873.1919509099072	-1.2337766264273569	762464.1831338498	1.5222047639184697	900.6690898895264	-6.079089246477224	36.955326066635024	811204.8094824278	841.4161545121302	-0.7498403391537067	707981.145073981	0.562260534222146	840.4441597535438	769.6306425835476	1.095009	14.477773	0.0435039018396218	0.0189692064303481	-0.0302313005	0.0966885348	0.0479880846	-0.1240096125	-0.0186736474	0.0015606708	-0.1286268785	-0.1033877961	-0.0437044038	-0.0128983571	0.1149022953	0.0828194826	0.0877270262	0.0567744151	0.0490089553	0.028765635	0.0654805856	-0.172142873	-0.0138003896	-0.033476597	0.1320470411	-0.0541978363	0.0714216542	-0.0142621689	-0.0353677112	-0.092528738	0.1486602318	0.0734923292	0.0511381989	-0.0167944439	-0.103908344	0.1364717685	-0.0417508213	0.1137353951	-0.0237932048	-0.1252536238	0.0104244566	-0.1646942373	-0.0543794991	0.0957793952	-0.0287006158	0.0042009547	0.0863601228	0.0165828716	-0.089219047	0.0294809206	-0.1432251382	0.0706924369	0.0565090216	-0.024628167	-0.0088386696	0.0465044061	-0.0635746238	0.0664013252	0.1037864308	-0.0364163563	-0.051968152	-0.1390632056	0.0519334438	0.0065849287	0.0822756215	0.0782476453	-0.026258999	0.1342267623	-0.0915450401	0.1010941167	0.1043138082	-0.1238408405	0.0540193788	0.0169067189	-0.1083004451	0.0389567842	0.0934109593	-0.0003568618	-0.1025102974	0.0802796775	0.1572666136	-0.0483848128	-0.0513866038	0.0256803708	-0.0225392291	0.066942538	-0.0506973628	0.093669826	0.0289535128	0.0845384639	0.0035445161	-0.141766183	0.1540236881	-0.0906316986	0.0791395537	-0.1126387502	0.0674542747	-0.0050684204	-0.0515221161400489	-0.0024807316727901	0.0026545284515486	6.154029632383974e-06	0.0448039348485878	-0.0094827505342749	0.0020073925779165	8.99225576952909e-05	0.0033166836618647	0.0142056506460618	0.0002018005102779	1.1000390512880237e-05	0.0018643006061881	0.0002215334097384	4.907705163032183e-08	3.4756167502333176e-06	-0.0011009946809716	-0.0001249376217301	1.2121892875277551e-06	1.5609409323598537e-08	0.0005420265648115	2.2434826130006413e-07	2.937927969613552e-07	5.0332142348361863e-14	0.0	0.0	0.0	0.0	0.0
873.697420157947	0.5054692480398444	763347.1819906522	0.2554991607139657	899.8260057176863	-0.8430841718401325	0.7107909208073621	809686.8405658455	840.8917272929434	-0.5244272191868049	707098.8970297099	0.2750239082240051	840.0188590138229	761.4645739626293	1.203939	15.918001	0.0391254762206739	0.0279828823825646	-0.0637182708	-0.0106531641	-0.1947034779	0.0248001666	-0.0473113049	0.011824327	-0.1123868148	-0.1360838763	-0.0419211543	0.1021349758	0.0985838755	-0.0659394894	0.0635960228	-0.1460168709	-0.0247665158	0.1042451075	0.0387458757	-0.0641936755	0.1790448539	0.0389580407	-0.0272760492	-0.0900736166	-0.1347210384	-0.115964172	-0.0535731105	-0.1332487928	0.1333648022	0.0593624483	-0.0242783364	-0.1051441812	-0.1555616977	-0.0060314345	0.024486955	-0.0960199004	-0.0527307831	-0.0927567282	0.105695536	-0.0259015014	0.0145472988	0.1999434131	0.2064681856	-0.0229441869	0.1603810615	0.0711433601	0.0775275603	-0.044502584	-0.1005379911	0.1998346081	-0.0846831576	0.0504629945	-0.0517874467	0.1445906456	0.0508176868	0.0367075074	0.0335381859	-0.0159234874	-0.0083319791	-0.0991827592	0.0614428272	-0.0534164	0.0554362053	0.0535748984	0.0596036101	0.0559818766	-0.1828276889	-0.0113578075	-0.0106292218	-0.1972291463	0.0128780007	0.0194165122	0.0360717022	-0.0444651443	-0.0652788022	-0.0607505372	-0.1407577887	0.0088961552	2.3359e-06	-0.1044106442	-0.0108759679	-0.0648610259	-0.1060235602	0.0196618157	-0.1027414282	0.1235690323	-0.0454439764	0.0047056459	-0.0977488082	-0.3089432705	-0.0102862418	0.0372952674	-0.002072042	-0.1142514127	0.0731227308	-0.0151740128	-0.049079264788574	0.0024428513514749	0.0024087742321869	5.967522725402748e-06	0.0425690626096297	-0.0022348722389581	0.0018121250914625	4.9946539244656e-06	0.0048806978403206	0.0015640141784559	2.446140350411084e-06	2.382121140851017e-05	0.001410854464591	-0.0004534461415971	2.0561340332929733e-07	1.990510320256357e-06	-0.0013051177562026	-0.000204123075231	1.703332357555309e-06	4.166622984176053e-08	0.0005419210126039	-1.0555220759998589e-07	2.936783839016364e-07	1.1141268529230519e-14	0.0	0.0	0.0	0.0	0.0
874.8652381004518	1.1678179425048256	765389.1848365603	1.3637987468362045	907.2381435939244	7.412137876238148	54.939787896364166	823081.0491917502	840.4034580125608	-0.4882692803826103	706277.97223947	0.2384068901653521	839.5130588492167	764.7430315727045	1.131544	14.96082	0.0346056953201746	0.0182789746041502	-0.109315589	-0.0645001391	0.0218189212	0.1468419276	0.0755215224	0.0923107674	-0.1142730447	-0.1812805199	-0.0280114211	-0.0477716576	-0.0972785367	0.1017061372	0.022145363	-0.0510269342	-0.0009506768	0.0459374346	-0.081877879	0.1296317983	-0.0272832713	0.1390678297	0.0217873955	-0.0033845811	0.0686006733	0.0811445663	-0.0511058546	-0.2678713635	-0.0170817243	-0.0122423484	0.0784691544	-0.1067455337	-0.1232214058	-0.0690730663	-0.0086319227	-0.082065754	-0.0173020934	-0.0919951632	-0.1604950509	-0.0292405441	0.0998553055	0.0257675922	0.1593806686	-0.2266570102	-0.1620805361	-0.0753225672	0.1117621152	-0.0109908459	0.0288525998	-0.0409211665	-0.1022945642	-0.0244154609	-0.0176892334	0.0150299981	-0.129364544	0.1696504888	-0.0195195049	-0.038769492	0.14654256	-0.0144641944	0.0938047993	-0.1058281184	0.1390908266	-0.0257656043	-0.0063674508	0.1247638304	-0.1115107278	0.062227092	0.0397815378	-0.1217366906	0.0193916515	-0.0774787279	0.1077838298	0.0402099067	0.0234556528	0.0592753554	-0.0399162161	0.0799382062	-0.0249850529	0.0834480865	-0.0010057338	0.0091426616	0.0180265462	0.0675111478	-0.2340063496	0.0913094447	-0.0113067842	-0.0757392002	0.0361698173	-0.1422572464	-0.0442441454	0.0601395683	-0.0219116972	-0.1157857731	0.0785907625	-0.0251860523	-0.0568392028886393	-0.0077599381000652	0.0032306949850159	6.0216639316845016e-05	0.0573756318100748	0.0148065692004451	0.0032919631256052	0.0002192344914875	0.0051158888402298	0.0002351909999091	5.5314806438289046e-08	2.6172318625587804e-05	0.0014349690725942	2.411460800320008e-05	5.815143191480014e-10	2.0591362393018586e-06	-0.0013800134951078	-7.48957389052e-05	1.904437246679646e-06	5.609371706155889e-09	0.0006789906060906	0.0001370695934866	4.6102824315928034e-07	1.8788073458609184e-08	0.0	0.0	0.0	0.0	0.0
873.8518815828886	-1.0133565175632384	763617.1109459548	1.026891431687894	902.8841062273298	-4.354037366594639	18.957641389702378	815199.7092779242	841.2280752222194	0.8246172096586406	707664.6745420801	0.6799935424652024	839.9353151301748	772.2951558483534	1.226522	16.216585	0.0622823049519164	0.0318760357258432	-0.0979854499	0.0766033108	0.0911608262	-0.022055994	0.0675208582	-0.0638672382	0.0147366237	-0.0215287088	-0.028221353	-0.1178179606	0.0489205788	0.0537371603	-0.0082882273	0.0207877528	0.0747387731	-0.0497864448	0.0252648372	-0.1162142374	-0.1054043193	0.0798120498	-0.0187939794	0.15080427	-0.0026648906	-0.0752327917	-0.0226185691	-0.0718028919	-0.0810166235	0.0202580077	0.1544416308	-0.0440395706	-0.2200459038	0.0439725447	0.0256123884	-0.0709986007	0.0465336907	-0.0473364229	-0.0783759263	0.0574904705	0.0486001217	0.1456425981	-0.188514828	-0.094651203	0.1236887154	-0.0558644488	-0.1244924346	0.014686572	-0.0583177726	-0.02788632	-0.0252882868	-0.0453217055	0.0390733665	-0.0486052969	0.0958348791	0.148992765	-0.0192668672	0.0426456544	0.0271603099	-0.111851618	0.0080444712	-0.1860220833	0.0480597085	-0.0666333726	0.0198533656	-0.0965628632	-0.0521952765	0.0210086649	0.0604037068	-0.071969131	0.0589233391	-0.1008260722	-0.1444844465	0.0320695152	0.0856317217	0.1621022066	0.0171983145	-0.0049206645	0.0330779996	-0.0281887053	-0.1513675208	-0.1518456477	-0.0858804392	-0.0001029522	-0.0555518818	0.0926061393	-0.1138651864	-0.1124075461	-0.1203926449	-0.0002762819	0.0385746765	0.1339338881	0.1163719587	-0.1172407796	0.0838433825	-0.0350428114	-0.0490875280572851	0.0077516748313542	0.0024095854107747	6.008846269105018e-05	0.0810010097745959	0.023625377964521	0.0065611635845041	0.0005581584839664	0.007240104542511	0.0021242157022812	4.512292349818015e-06	5.2419113786488425e-05	0.0017814050442908	0.0003464359716965	1.2001788248536738e-07	3.1734039318247072e-06	-0.0014730206403406	-9.300714523279996e-05	2.169789806869431e-06	8.650329064355142e-09	0.0005428129939448	-0.0001361776121458	2.946459463953175e-07	1.8544342049731932e-08	0.0	0.0	0.0	0.0	0.0
873.0041318211718	-0.847749761716841	762136.2141768378	0.7186796584909607	894.4821287427629	-8.401977484566828	70.59322565116793	800098.2786401848	840.7370549082949	-0.4910203139245368	706838.7954958733	0.2411009486865507	838.8837779880799	766.2212845825952	1.200261	15.869375	0.1154654501513247	0.0683234541328509	-0.0634210043	0.0413396793	-0.1337767703	-0.094006718	-0.0610472245	-0.128740951	0.0545078193	-0.0238861372	0.038776845	-0.0242791355	0.0586694146	-0.0960032152	0.1522228616	-0.0175688225	-0.0287846623	-0.0115983457	0.1534683201	-0.0643571531	0.131981246	-0.093807342	0.0675369146	0.0340671517	0.1352553855	-0.1324324446	0.1114660202	-0.1065473521	-0.1249532498	-0.032675855	0.0719946444	-0.0682874925	-0.0645404824	-0.0599431857	-0.1195617344	0.0353446755	0.1358258305	-0.0821733617	-0.2137067611	-0.0481433117	-0.0147883671	0.0374224922	-0.0570760376	0.1115828281	-0.110674958	0.0948942	-0.0345987882	-0.0513448585	-0.0661582451	0.1283112091	0.149380104	0.017898631	-0.0580452151	0.0251851543	-0.0025739149	0.1186635781	0.1341445588	0.1101434491	0.0723591336	0.0610143833	0.1429964583	-0.0433500659	0.1300515055	-0.1933853505	0.0334610731	-0.0508887925	-0.0385277802	-0.0756947691	0.0438239162	-0.1097556524	0.0912380727	0.0470047566	-0.1896410901	-0.1571698905	-0.1019232283	-0.027285624	-0.0980106734	-0.0440582926	-0.0488034937	0.110632643	-0.0232091019	-0.0597445748	-0.0511627845	-0.1121354521	-0.0471449766	0.1519600655	-0.1784994202	-0.0446602932	0.0282815844	-0.0118835622	0.1150825783	-0.00334449	0.030889348	-0.1186154352	0.0888661936	-0.0446835199	-0.0488476160028739	0.0002399120544111	0.0023860895891642	5.7557793851802406e-08	0.0275961909793664	-0.0534048187952295	0.0007615497565696	0.0028520746705512	-0.010606052725393	-0.017846157267904	0.0003184853292307	0.0001124883544138	0.0024087650490537	0.0006273600047629	3.935805755761061e-07	5.802149061542674e-06	-0.0013800395582796	9.298108206099992e-05	1.9045091824165536e-06	8.645481621234403e-09	0.0003836628400931	-0.0001591501538516	1.4719717486830365e-07	2.5328771471019773e-08	0.0	0.0	0.0	0.0	0.0
871.9178009614325	-1.0863308597392916	760240.6516334201	1.1801147368219085	900.0091703142439	5.527041571480936	30.548188532878456	810016.5066497336	840.8653197450808	0.1282648367858883	707054.485949997	0.0164518683557105	839.3674743023115	759.1164956999219	1.206313	15.949392	0.0682393593222548	0.0459074455906546	-0.0062512103	-0.0789178131	-0.0177077646	0.1021647828	0.0721011106	-0.0436541488	-0.0135751715	-0.0442174273	-0.1901482105	-0.0556549617	-0.0682091251	0.0757346788	0.0770161871	-0.0408192458	0.0379532878	-0.0986346587	-0.0022488686	0.0765060488	0.1325925573	0.0548764789	0.0345493792	-0.0067926398	0.0750344049	0.0537367856	0.180953506	-0.0781321717	-0.0641117737	0.0414148619	0.0525384399	0.015650464	0.123149688	-0.0063836924	0.0184285081	-0.1830795201	-0.0746600752	-0.0571849996	-0.1044195692	0.0556235513	0.0912168741	-0.0468192413	-0.1151227613	0.2014006299	0.0536640395	-0.0787015747	-0.0154952806	-0.0752244211	0.0931950737	0.0449587505	-0.0406280348	-0.0114164887	0.038526845	0.0184271349	-0.1449810528	0.101458787	-0.0820912521	0.1904494342	-0.0867771748	0.063322397	0.1588777362	0.0062656092	0.0660398541	-0.1372000135	0.0893225563	-0.024056189	0.0356934939	-0.1138853934	0.1560272331	-0.1379855062	-0.0301184069	-0.0655108064	0.0001356451	-0.0344766151	-0.0125799132	-0.0507631531	0.0522437929	0.0228856356	-0.1097259353	0.1839948226	-0.0269474456	0.0261760626	0.0783264433	0.045363819	-0.1402961432	0.1172151714	-0.1257989029	-0.1617219672	0.0607325896	0.0355672079	0.0901314397	-0.0306067235	-0.0536810715	-0.1199087977	0.0936454286	-0.0540487397	-0.0488947551913128	-4.713918843889803e-05	0.0023906970852184	2.222103086677937e-09	0.0682758307998341	0.0406796398204677	0.0046615890714075	0.0016548330959229	-0.0106582394046412	-5.218667924820029e-05	2.7234494909545393e-09	0.0001135980672066	0.0020188762691485	-0.0003898887799052	1.5201326069596548e-07	4.075861390130967e-06	-0.0013799514067467	8.815153290002779e-08	1.9042658849821964e-06	7.77069275262468e-15	0.000542893781337	0.0001592309412439	2.947336578143864e-07	2.535449264941833e-08	0.0	0.0	0.0	0.0	0.0
871.5139395307268	-0.4038614307056605	759536.5467963674	0.163104055211623	895.7502322060722	-4.258938108171719	18.138553809237305	802368.4784972322	840.0488497890182	-0.8164699560626332	705682.0700318523	0.6666231891529182	838.4607119530747	768.4843338422539	1.243601	16.4424	0.0539662584958796	0.0359568636046717	-0.0087685179	0.0984794241	0.0816010235	-0.1213047908	-0.0142873468	-0.0573355169	0.0377064054	0.074546223	-0.0815476532	-0.0341163483	0.165688098	0.051879916	0.0849902016	0.0581862778	-0.0654548995	0.0014222139	0.0431190976	-0.1567328942	-0.0136766058	-0.0513868474	0.1083855508	-0.0908532413	0.0389507055	0.170627501	0.2031485768	0.0144485215	-0.0716856536	0.0369409665	-0.1080299819	0.1558601638	-0.0296225921	0.0557020221	-0.0596821705	0.0944029588	-0.1493176708	0.0781778736	-0.0145163097	0.1181709825	0.199444313	0.0328980133	-0.0289377411	-0.1116949112	0.0694869847	0.0844474047	-0.1350044588	0.003549636	-0.0484369148	-0.0478149165	-0.0213627687	-0.0439170507	0.1164363839	0.0781097323	-0.1829169707	-0.0577267339	0.093466244	0.0269520031	-0.1485570114	0.0208994458	-0.0435790513	0.0319191154	0.0974437439	-0.0314052519	0.0579429086	-0.2082612738	0.2278148853	0.035083243	0.016044382	-0.0341534317	0.0504738145	0.1019992727	0.0064766504	0.0726084382	0.0993593713	-0.094901328	0.0060560957	-0.0015318447	0.0549725268	0.0537904913	-0.1774584676	-0.0170411843	0.1086629513	-0.0366665105	0.0068766276	0.0250943703	-0.1079137689	-0.1339975169	0.0277921511	0.0468896373	0.039436268	-0.053602176	0.05970979	-0.1211199807	0.098167988	-0.063080731	-0.0488821566430601	1.2598548252695796e-05	0.0023894652380766	1.587234180755043e-10	0.0431758650986182	-0.0250999657012159	0.001864155327014	0.0006300082782022	0.0103879052850999	0.0210461446897411	0.0004429402063015	0.0001079085762122	0.0018628772156676	-0.0001559990534809	2.4335704686936708e-08	3.47031152065347e-06	-0.0013799958731861	-4.44664393999504e-08	1.9043886100106664e-06	1.977264232909461e-15	0.0005427863101239	-1.0747121309995657e-07	2.946169784579186e-07	1.1550061645176275e-14	0.0	0.0	0.0	0.0	0.0
871.8331258248348	0.3191862941080217	760092.9992855022	0.1018798903464125	899.699128123692	3.948895917619893	15.59377896819506	809458.5211465317	840.5902387473726	0.541388958354446	706591.9494773649	0.293102004228112	839.6661084676526	757.0368157851794	1.325243	17.521835	0.0800017679674562	0.0603643663740516	0.0448233973	-0.0961548829	-0.1092865648	0.01882225	0.0393096202	0.0393911588	0.0648317349	0.0754761234	-0.0819279538	0.0155091867	-0.0961764822	-0.07174725	0.0590171676	-0.0255762812	-0.0350777943	0.0159295321	-0.0576909924	-0.0143407184	0.1213361599	0.1360559099	-0.2681290024	0.0712350702	0.028881193	0.0133890723	0.0374007978	-0.0593085075	0.1276229215	0.0352376543	0.0225566566	0.0518116536	0.1459416099	0.0799530837	0.1765355499	0.1094672141	0.0085754027	-0.0833255785	0.0537467881	0.0394240424	0.0289006766	-0.0126342302	-0.0833433438	0.0159444648	-0.0022087794	0.0045347808	0.0255110081	-0.0713206985	0.1003338714	0.130549638	-0.1760999843	0.0718323831	-0.0011440571	-0.1169431943	0.0404254934	0.1585281281	-0.0363695122	-0.0228361837	-0.0707772665	-0.0417037255	-0.1117345918	0.027327094	-0.053534936	0.0830380352	-0.0035712329	0.0357484673	0.0275097693	0.1962513191	0.003949349	-0.0273364044	0.0220777847	-0.0900323109	0.0687105426	0.0868756895	-0.1123351474	-0.1403570757	0.1794155499	-0.0811751288	-0.0204613078	-0.0846720651	-0.1837042235	-0.0607560186	-0.0757636545	0.0118286375	-0.1182617716	0.1098520319	0.1169045034	-0.0701948582	-0.1448199748	0.0591596277	0.0135844167	0.0267417741	0.000216718	-0.1222481541	0.1024214758	-0.0717238087	-0.0490063495352757	-0.0001241928922156	0.0024016222947736	1.5423874476876174e-08	0.103455430191957	0.0602795650933388	0.0107030260362028	0.003633625967842	0.0128390751618567	0.0024511698767568	6.008233764719948e-06	0.0001648418510118	0.0017037495920288	-0.0001591276236388	2.5321600604931616e-08	2.9027626723383025e-06	-0.0013801950567833	-1.9918359719993221e-07	1.9049383947690565e-06	3.967410539350484e-14	0.000359176315257	-0.0001836099948669	1.2900762544159584e-07	3.3712630215023066e-08	0.0	0.0	0.0	0.0	0.0
872.3300374355307	0.4969116106958609	760959.6942122744	0.2469211488443548	897.7924775259835	-1.9066505977085624	3.635316501742419	806031.3327022436	841.4806552188323	0.89041647145973	708089.6931075153	0.7928414926467962	839.3953881017941	756.9001063197112	1.247871	16.498857	0.1218463673612755	0.0777510089966622	0.0314775061	0.0422989008	0.1308079896	-0.0399598149	0.0248752986	0.0512744345	0.0304988384	0.0496753065	0.016636914	-0.0375897925	0.048886123	0.0882982205	-0.0921554053	0.0118831496	0.0561211116	0.0238058576	-0.0043797911	-0.0973273424	-0.1253342908	0.0418744512	-0.1277614698	0.0039037864	-0.0953637808	0.030825885	0.0498229524	0.1528533636	0.0312748024	0.1926315849	0.0112122498	-0.0040583362	0.0800901741	-0.1181108467	-0.1417744808	-0.0333417306	0.087070311	-0.0204105474	0.111688151	0.0608137926	0.0947445966	-0.03165481	0.0907490794	0.0980352404	0.0363207433	-0.0486555086	-0.0795498859	0.0582422641	-0.062896581	-0.0690650307	-0.0804765289	-0.0196633335	0.039627515	-0.0256507663	0.1378948223	-0.0366601613	-0.0530523465	-0.0693959461	-0.1111943394	-0.0398814851	-0.124974146	0.1723213091	0.1083778417	-0.0378707395	0.0414594174	-0.0854126124	-0.0570430246	-0.0378322799	-0.0856752807	0.0240700672	-0.0358508399	0.1605939725	-0.0193491301	0.0135034649	0.0664539846	0.0389694082	0.0973629667	-0.0212831086	-0.049754899	-0.0701425213	-0.1112756801	-0.0936102929	0.0855241003	-0.1631386706	-0.0194097007	-0.0523260199	-0.0150836743	-0.009943107	-0.0239085682	-0.0882072914	0.0570043593	0.0605572942	-0.082755319	-0.1232925447	0.1063942335	-0.0799246852	-0.0336492013874192	0.0153571481478565	0.001132268754011	0.0002358419992352	0.0282328768310975	-0.0752225533608595	0.0007970953341599	0.0056584325341273	0.0269589009092712	0.0141198257474145	0.0001993694791373	0.0007267823382359	0.0018628772156676	0.0001591276236388	2.5321600604931616e-08	3.47031152065347e-06	-0.0013799958731861	1.9918359719993221e-07	1.9043886100106664e-06	3.967410539350484e-14	0.0005427863101239	0.0001836099948669	2.946169784579186e-07	3.3712630215023066e-08	0.0	0.0	0.0	0.0	0.0
873.101908649817	0.7718712142863069	762306.9428879534	0.5957851714438179	897.9191118512834	0.1266343252999604	0.0160362523441762	806258.7314277977	840.4325474471675	-1.0481077716648315	706326.8668085354	1.0985299010242184	838.7501846785398	759.4109926460203	1.231321	16.280029	0.0553246102522142	0.0282392219842987	-0.0141725871	-0.0752663681	-0.1673283766	-0.0432188761	-0.0207893989	-0.0025309019	0.0952475183	-0.0023242634	0.0764348559	0.0667811106	0.0082883648	-0.1417415786	0.0402875898	-0.0015852448	-0.0364745561	0.0665498419	-0.0192698627	0.043299486	0.0815416069	-0.0414781958	-0.1513011466	0.0620226779	-0.0758325583	-0.0931162157	-0.0153595788	0.0158113329	-0.1065234487	0.0417314112	0.1634474568	-0.0810942432	0.0248522277	-0.093154299	0.0096243372	0.1720499861	-0.1104443795	0.0765741494	0.1382800055	-0.0097084005	-0.1073779359	-0.1170185919	0.1970869197	-0.1059941005	-0.0438079386	0.055061083	0.0905194313	-0.0419473744	0.0035942742	0.1170439071	-0.011440222	0.1021929369	-0.001854753	-0.0338493659	0.1845757423	0.0506283368	-0.0716119212	-0.0088912174	0.0185413537	0.0786021904	-0.1622250997	0.0372545479	0.0754173615	0.0259359167	-0.1110670864	0.0156974636	0.081023833	-0.0099147597	-0.1120238662	0.0586552568	-0.0300268294	0.0659448062	0.0502148185	-0.0392155099	-0.2140010093	-0.0025250454	0.0603715181	-0.0429398417	-0.0750191952	-0.0552916716	-0.0700716447	-0.0495664199	-0.038302715	-0.0617331979	-0.0229896271	-0.0453360524	0.0903834609	0.0486043417	-0.1200569715	-0.057887405	-0.0291211766	-0.1800448007	0.0645403641	-0.1242524367	0.1100753719	-0.0876327994	-0.0175548792292374	0.0160943221581818	0.0003081737847531	0.0002590272057313	0.04749624487836	0.0192633680472625	0.0022558932775451	0.0003710773485242	0.0241949844216762	-0.002763916487595	7.639234350399486e-06	0.0005853972711651	0.001724935554888	-0.0001379416607796	1.9027901778634244e-08	2.9754026685167725e-06	-0.0015860322988123	-0.0002060364256262	2.515498452875829e-06	4.2451008684820655e-08	0.0005428682949016	8.198477769989864e-08	2.947059856093705e-07	6.721503774501795e-15	0.0	0.0	0.0	0.0	0.0
873.0886875436399	-0.0132211061770703	762283.8563166758	0.0001747976485453	900.4102973393032	2.4911854880197097	6.206005135719999	810738.7035546523	841.13810227949	0.7055548323224912	707513.3071063418	0.4978076214136186	839.0005123177755	762.5640578939895	1.267751	16.761696	0.0568399617113217	0.0391933604878424	-0.0579934564	-0.0025979266	0.151181608	0.064061136	0.017230639	-0.0513387989	0.0526073505	0.0293606171	-0.0294845999	-0.0963521744	0.0246433903	0.0267716627	-0.0974898055	-0.0710832208	0.0761449342	-0.0258688134	0.0301684209	-0.0409505668	-0.1186138235	0.1153095235	0.0618816475	0.0394790162	-0.1573762533	-0.0532690439	0.0304780861	0.0518077154	-0.0250527292	-0.0344367974	0.0413179856	0.1461795254	-0.039234923	0.0321322315	-0.1043761205	-0.0987178111	0.0813724825	-0.038950515	0.0380601252	-0.1688788638	0.0367078248	-0.0192831056	0.0766959529	-0.0521514228	-0.0483737833	-0.0923376553	-0.0396131588	0.0317909145	-0.0181041472	-0.0747120173	-0.047911085	-0.1331139204	0.0154639832	0.1381030478	0.1478394372	0.0484768193	-0.0426400423	-0.0772235756	-0.0690307163	0.0851629554	-0.0535797292	0.0130969198	-0.0925832397	0.0169158714	0.0330495512	0.0093278679	-0.0345837444	-0.0277440366	-0.019443153	-0.021572145	-0.0647878083	0.194664308	0.0214412736	0.0432405522	0.0439814922	0.0907639148	0.1532961984	-0.0720079481	-0.0678702353	-0.0874057782	0.1137737076	-0.081639435	0.0972612434	-0.0756370002	0.1386988697	-0.0369329001	-0.039790526	-0.0152703993	0.0266677661	0.0788680576	-0.1151047202	-0.0177244845	0.1688487318	-0.1251271724	0.1134548014	-0.0948006283	-0.0262474328013979	-0.0086925535721605	0.0006889277286638	7.55604876048803e-05	0.0513089346673751	0.003812689789015	0.0026326067767009	1.4536603427259989e-05	0.0267876443090173	0.0025926598873411	6.721885291427568e-06	0.0007175778876264	0.0016152340771543	-0.0001097014777337	1.203441421695749e-08	2.608981124000503e-06	-0.0008620637795739	0.0007239685192384	7.431539600532377e-07	5.241304168482414e-07	0.0005416971226176	-1.171172283999898e-06	2.934357726521873e-07	1.371644518809538e-12	0.0	0.0	0.0	0.0	0.0
873.4477432385827	0.3590556949427537	762910.9601685731	0.1289209920708238	895.3510583605085	-5.05923897879461	25.59589904455473	801653.5177072828	841.0705933408567	-0.0675089386332956	707399.7429827407	0.004557456795394	839.0963904311976	763.0956255384713	1.419141	18.763313	0.1517577429426057	0.0720339114657179	-0.0631945961	0.0215024687	-0.1440609295	-0.0813189535	-0.1050154685	-0.066814152	0.1188650953	0.0735411522	0.1166662875	0.012444842	0.0527838573	-0.155109691	0.1454783612	-0.006981598	-0.0264738853	0.025697589	0.0843040304	-0.0605524295	0.1152179922	-0.1473177225	0.0478191426	-0.196332605	0.1062766394	-0.1657183975	-0.0788525191	-0.0222179706	-0.1804599248	-0.1539552101	-0.0138483275	-0.0527906547	-0.0340198778	0.0505670535	-0.0649133724	0.067367443	-0.0003882985	-0.0396164528	0.1130840096	0.0755429984	-0.0543158344	-0.0668966125	-0.0153570208	0.0013011161	-0.0499107398	0.0951266678	-0.0050715121	-0.0047766961	-0.0449277231	0.1045258677	0.1371111549	0.0163925523	-0.1697791117	0.013626011	0.0181237194	-0.0708707844	0.1738647886	-0.0466374605	0.0192200374	0.1061177797	0.0287261172	-0.1940623835	0.120659613	-0.05703871	-0.0042489919	-0.0478999054	0.0585818517	0.0110118584	-0.1444792619	0.0538989366	0.2239771204	0.1332973574	0.059737245	-0.0228168551	-0.1829643804	-0.0085549444	-0.1629604708	-0.0968443457	0.0843902022	-0.056705155	0.1502607445	-0.1627890145	-0.0342588497	-0.1440826	-0.1786922625	-0.2433736526	-0.1241776564	-0.0516080877	0.283380658	0.225871435	-0.2106565306	0.0935592216	0.1533520799	-0.1259161521	0.1165232592	-0.1013839798	-0.0475399987540896	-0.0212925659526917	0.0022600514815388	0.0004533733648497	-0.0040265454333194	-0.0553354801006945	1.621306812658531e-05	0.0030620153579743	-0.0105362665032373	-0.0373239108122546	0.0013930743183211	0.0001110129118272	0.0013023563341041	-0.0003128777430501	9.789248209618697e-08	1.6961320209810705e-06	-0.0013051485257984	-0.0004430847462244	1.7034126743937366e-06	1.963240923368295e-07	0.0005418503548822	1.53232264599938e-07	2.936018070859661e-07	2.3480126914425408e-14	0.0	0.0	0.0	0.0	0.0
873.4645491930277	0.0168059544449761	762940.3186969791	0.0002824401048066	909.2832656860352	13.932207325526631	194.106400961458	826796.0572566609	841.7491427379837	0.6785493971269716	708541.6193001304	0.4604292843413766	840.3749826962186	764.7081885061973	1.386234	18.328236	0.1042440903676146	0.0855213940733948	-0.0333485686	-0.1188081401	0.1233048886	0.1238826436	0.0117187233	-0.0159681062	0.0358246137	-0.0305375762	-0.0105159175	-0.1143564007	-0.2506373336	-0.0405695877	-0.0348550599	-0.0590493992	0.1140365527	-0.0620197028	0.0091126374	0.0901506584	-0.0854016898	-0.0202452614	-0.0357859606	-0.1640002424	0.0983704073	-0.0272001125	-0.0450799894	-0.1515446037	0.0569278791	-0.0216308684	-0.0212750629	0.0559006698	0.0853292458	0.0123967001	0.001532865	0.0465795189	0.1275521007	-0.056675126	0.1688658101	0.1245149567	-0.0296441513	0.0653584788	-0.1392317942	0.1578568087	-0.1270821329	-0.1538426806	0.0188948476	-0.0204851635	0.0632584812	-0.0950968661	0.0856167673	0.0410585485	-0.2026704486	-0.0028309962	-0.0732962088	0.0897327504	-0.0329908569	-0.0968891814	-0.0426942221	0.0356142147	0.152573583	0.0361601528	0.0080163725	0.1183248263	0.0181696107	0.0395854766	0.0847935927	0.1183969726	-0.1010750258	0.0363107311	0.0503719212	-0.0855897879	0.034406165	0.0508804584	0.0027710011	0.2060279131	0.1042103224	0.0160700203	0.0985455767	0.0170831757	0.3246736797	0.0370463426	0.0472200337	0.0628804523	-0.0471561044	-0.1071244673	0.0370059225	-0.1632291471	0.0418571224	-0.0233501911	0.0460471008	0.0002638329	-0.148854473	-0.1266188352	0.1192723348	-0.1073422654	-0.0475414900624429	-1.4913083532935856e-06	0.0022601932773573	2.224000604603226e-12	0.0802240310679849	0.0842505765013043	0.006435895160797	0.0070981596408021	0.0014587605259848	0.011995027029222	0.0001438806734317	2.12798227217145e-06	0.0012483954635094	-5.3960870594700096e-05	2.9117755553379692e-09	1.5584912333108495e-06	-0.0012771168783354	2.8031647462999857e-05	1.631027520929157e-06	7.857732594899064e-10	0.0006197977473992	7.7947392517e-05	3.841492476811225e-07	6.075796000199267e-09	0.0	0.0	0.0	0.0	0.0
871.6306170662045	-1.8339321268231288	759739.9326072125	3.3633070457940044	894.2163437434605	-15.066921942574709	227.0121368236392	799622.8694179227	840.2488069951631	-1.500335742820539	706018.0576567949	2.2510073411848586	838.6277301277082	763.6953887466557	1.411796	18.666203	0.0841071127173548	0.0562165435769325	0.013683536	0.1240425662	-0.0434391088	-0.126418174	-0.0287704779	-0.0204090919	-0.0360451795	0.0526042755	0.0227800756	0.0198651173	0.0749711707	0.0534353001	0.1161805828	0.0122106774	-0.0798844368	0.0040710728	0.0503314203	-0.1541127753	0.0497267367	-0.1201467945	-0.0240558454	0.0761586453	-6.73043e-05	0.0444259734	0.1108433395	0.0754902954	0.0627677638	-0.0267532675	0.0221704343	0.0916277552	0.0086316788	-0.0966160024	-0.0894206004	0.1082084691	-0.0763322705	-0.0477240165	-0.048421	-0.0326317453	-0.0775691004	-0.0345405384	-0.039917024	0.0686635547	-0.0969525106	0.1388577778	-0.1147929832	-0.0069702742	-0.0647021661	0.0676294908	0.0593157278	0.0009643419	0.0620665251	-0.0524912625	-0.0112659438	0.0054282001	0.0944766191	0.0612225459	-0.024479889	0.0951125057	-0.0760610746	0.1759065152	0.0371253448	-0.0263275405	0.0481815257	0.0628419981	0.0513275798	-0.0097631899	0.080297969	-0.0275419214	-0.0533596747	0.0023240844	-0.2056284924	-0.0021853518	-0.0496400211	-0.0583461446	-0.0185192804	-0.0793963847	0.1175456453	0.0807134579	0.0470552314	0.0991967894	-0.0887710096	-0.0209063092	0.0735191862	0.0935538242	0.1102494755	0.0889292296	0.1748650791	0.0641263898	0.1238722484	0.1200910966	-0.1105809915	-0.1272347401	0.1216944932	-0.1126387502	-0.0277891937087417	0.0197522963537011	0.0007722392869819	0.0003901532112444	0.0744739745741185	-0.0057500564938663	0.0055463728888664	3.3063149682655104e-05	0.0019126283536721	0.0004538678276873	2.059960050095888e-07	3.658147219270448e-06	0.0022318764243594	0.00098348096085	9.67234800354439e-07	4.9812723736113e-06	-0.0013798967967644	-0.0001027799184289	1.904115169720652e-06	1.056371163227186e-08	0.0005430407858362	-7.6756961563e-05	2.948932950815976e-07	5.891631148383858e-09	0.0	0.0	0.0	0.0	0.0
872.1515412512148	0.5209241850102444	760648.3109068694	0.2713620065285873	898.4053918021066	4.189048058646108	17.54812363764673	807132.2480190967	841.0939512082784	0.8451442131153044	707439.0347591538	0.7142687409622871	839.7315032958984	754.904567576637	1.297005	17.148478	0.0721109253561793	0.0438158702590995	0.0670091559	-0.0745457939	-0.0403548103	0.0871196998	0.0050658455	0.061453764	-0.0953150608	-0.0330404196	-0.1256876479	0.1352366696	-0.0472498559	-0.0807850597	-0.0842369138	-0.0428182205	0.050656043	-0.001126382	-0.0469688196	0.1031239248	0.0697510985	0.0900623895	-0.056008215	0.0195799714	-0.0734829916	-0.0106650722	-0.0858738574	0.0536859695	0.0898168397	-0.1176042006	-0.1369805257	-0.0140596002	0.1587209442	-0.0300746956	0.0182528128	0.114748346	0.1433187844	-0.0042317234	0.0060423634	0.0137581843	-0.1142336235	0.1067558007	-0.0040112254	0.0709069186	-0.0820985155	-0.0808082656	0.1092605405	-0.0314382965	0.0593370554	0.0280113528	-0.1079071245	0.0146163863	0.0474836432	-0.0082190165	0.0146497768	-0.0856112568	-0.0353330367	-0.0339714577	0.0133829658	0.0024108285	0.1315362282	0.0972049989	-0.1226098846	0.0074376578	0.0700447224	0.1017029714	-0.059281413	-0.059047118	-0.0192468615	-0.0209760602	-0.1381796497	-0.0615516885	0.0312537215	-0.0883495017	-0.0136793728	0.0371376584	0.0761922195	-0.0415519885	-0.1689429836	-0.0384085871	0.0379314761	0.0920263896	-0.2682688485	0.0091973676	-0.0483495485	-0.1126373971	0.0611668225	0.0781795086	0.0743163131	0.0387156079	0.0700232462	0.0338319203	0.0869884058	-0.1277634447	0.1237830955	-0.1172407796	-0.0236159256606498	0.0041732680480918	0.0005577119448093	1.741616620122477e-05	0.0647862458033614	-0.0096877287707571	0.0041972576452935	9.385208873575496e-05	0.0191911330427174	0.0172785046890453	0.0002985467242893	0.0003682995874632	0.00167120258665	-0.0005606738377093	3.1435515229178655e-07	2.7929180856256505e-06	-0.0013802643315312	-3.675347668001018e-07	1.9051296248972703e-06	1.3508180480680525e-13	0.0002846536813467	-0.0002583871044895	8.102771830422861e-08	6.67638957664678e-08	0.0	0.0	0.0	0.0	0.0
873.431143554723	1.2796023035082271	762881.9625313112	1.637382055143561	896.7510449000767	-1.654346902029829	2.7368636722556925	804162.4365293795	840.9019146243795	-0.1920365838989255	707116.0300189472	0.036878049555569	839.3855959862777	767.259959607085	1.263578	16.706524	0.0424372154187427	0.0280712433249067	-0.0602235156	0.1408552485	0.001723419	0.0139681833	0.0734200046	-0.0164680712	-0.0119376969	-0.0229807984	0.0221910377	0.0234174302	0.0967345284	0.0599573618	-0.0156129937	-0.0655106157	-0.001599429	-0.0045588487	-0.082334832	-0.1026679434	0.0817192672	0.0780469053	0.0402046963	0.1543002154	-0.1422105356	-0.0808226834	-0.0847396149	0.0049560409	-0.0619835949	-0.0385312857	0.0656773876	-0.0725328367	0.0931171115	0.0003652359	0.0068505556	-0.2031532121	-0.0639825733	-0.048494308	-0.0668855008	-0.0090480366	0.0485739786	-0.1992875677	-0.1025191504	0.1106023786	-0.0434969255	0.0252613959	-0.032036868	0.1003239695	-0.0532612637	0.078130996	-0.0780722723	-0.0812800811	0.0382126007	0.0082179303	0.1052611136	-0.0330020647	-0.1447582424	0.0342493176	0.1401383083	-0.0040293478	-0.0027127013	-0.0549998633	-0.0869702163	-0.1009163809	0.0234827533	0.1530441307	0.046935909	-0.0737178567	0.0069680146	-0.0625432884	-0.1471579171	0.115220717	-0.0775137189	0.0410834623	0.0281976743	0.0242755028	-0.0143418421	-0.1211099614	-0.1370645815	-0.0136232869	-0.0860643987	-0.0369976777	-0.0606179018	0.028981348	0.0063753489	-0.1515584118	0.0275782642	0.0882706922	0.0138264991	-0.0293318742	-0.0130471668	-0.0009918555	-0.0649654148	-0.1282045865	0.1255324169	-0.1211199807	-0.023509158247009	0.0001067674136408	0.0005526805214829	1.139928061554629e-08	0.0585828496843845	-0.0062033961189768	0.0034319502771431	3.848212340893764e-05	0.0180297714804424	-0.001161361562275	1.34876067832983e-06	0.0003250726596369	0.0021118739984726	0.0004406714118226	1.941912931977236e-07	4.460011785424647e-06	-0.0013799258921882	3.384393430000323e-07	1.9041954679314e-06	1.1454118889029352e-13	0.0005429576366581	0.0002583039553114	2.9480299520534935e-07	6.672093332951375e-08	0.0	0.0	0.0	0.0	0.0
872.0070516797695	-1.4240918749535467	760396.2981792442	2.028037668308708	901.08140738351	4.330362483433305	18.75203923792666	811947.7027322472	840.1261389931751	-0.7757756312043966	705811.9294195798	0.60182782997058	838.1558356216274	764.6373004755698	1.179947	15.600782	0.0179187532205559	0.0101577656831483	-0.0452954273	-0.1173003353	-0.0202769468	-0.0237486054	0.0902939124	0.1123949696	0.0387856636	-0.009791571	-0.0625317034	0.0435009492	-0.0755750213	0.0266455319	-0.0392484687	0.0968853766	-0.0422546823	-0.0039952011	0.0391018952	0.1082347901	-0.0203436292	0.0338406753	-0.1563534651	0.111467797	-0.0571773103	0.0284561887	-0.1387121103	9.18014e-05	-0.1095267666	0.0524595004	0.0988004711	0.064652525	3.1195e-06	-0.1017868741	0.1516304453	-0.0743113456	-0.0267396029	0.0893769284	0.094812646	0.0163443604	-0.040663301	0.0112420465	-0.0980103531	0.0228611059	0.1206851321	-0.0060597628	0.0312862366	-0.1275039864	0.0753379068	-0.0289333948	-0.0552474064	0.0429557509	0.1128200402	-0.0854133975	0.041480646	0.0245444489	-0.1304284102	-0.0606501798	0.0163147322	0.1042440699	-0.0973574586	-0.1023719604	-0.0635633943	0.007538075	-0.1757061388	0.0034674547	-0.0453881349	-0.105400671	0.0578832865	0.0450397574	-0.0619252895	0.0429460089	0.0160862422	-0.003209344	-0.1032644257	-0.0087076565	0.1529709708	-0.0322136379	0.0037880948	-0.0130180198	-0.045188502	0.1660229857	0.0531592894	0.1157231009	0.0445636302	-0.0224115216	-0.0035560604	-0.0438556988	-0.0498145417	0.0305968658	-0.0335742542	-0.0448335089	-0.0789091586	-0.1285578634	0.1269376627	-0.1242524367	-0.0235172186874734	-8.060440464401769e-06	0.0005530595747944	6.497070048016541e-11	0.0677451415891141	0.0091622919047296	0.0045894042089291	8.394759294747355e-05	0.0128346705576305	-0.0051951009228119	2.6989073598201063e-05	0.0001647287683229	0.0020408782707209	-7.099572775169996e-05	5.0403933589935e-09	4.165184115900731e-06	-0.0013799475359914	-2.164380319999264e-08	1.9042552020887365e-06	4.684542169600115e-16	0.000542909009162	-4.862749609999949e-08	2.947501922292646e-07	2.364633376955466e-15	0.0	0.0	0.0	0.0	0.0
869.93942194828	-2.0676297314894327	756794.5978597075	4.275092706539064	891.5983773367745	-9.483030046735507	89.92785886728844	794947.6664695694	839.4855622673343	-0.6405767258407877	704736.0092553025	0.4103385416889037	837.7415738135269	763.844609063519	1.160745	15.346906	0.0735479440418473	0.0361097458472733	0.0165205183	0.1065634597	0.0294952591	-0.0273281563	-0.0704816166	0.0557528473	0.0769177729	0.1288439796	0.0409126065	-0.0102150101	0.1242029445	-0.0283491606	-0.0112302075	0.0730505931	-0.1028527731	-0.1254780758	-0.0521697979	-0.0288955479	-0.0656223089	-0.1013935931	0.0399057688	0.0856557558	-0.0980007586	0.1181920588	-0.0064867565	0.0165463034	0.0310199298	-0.104640022	0.0444493321	0.0392358197	0.0588143688	-0.0119804466	-0.0899870803	0.0484806826	0.1522131136	0.0472184238	-0.0369869197	-0.0186054415	0.0873179248	-0.0622735583	-0.0114242643	0.0327185823	0.2079102332	0.0949228103	-0.070338129	0.0946446333	0.0944087645	-0.0671023895	0.009203198	0.0566600695	0.1403076235	0.0300687826	-0.0029027143	-0.0139560894	0.0084331186	-0.0416388968	0.1103465533	0.0778363136	0.0155080727	0.040988846	-0.0513023078	-0.062805468	0.0900265125	-0.0443174322	-0.0234387395	0.0723266901	-0.0105935375	0.1362199506	-0.0622822166	0.1508290843	-0.0966650681	0.0924431077	0.0238554336	-0.1178603764	0.0573851684	0.0214143454	7.50164e-05	0.0390936463	0.071516864	0.0899756208	0.0883319986	0.0723603982	0.1188451099	0.0403515099	-0.0038994112	-0.0364157744	0.0131144195	0.0131880019	0.0405909526	-0.0378888169	-0.0511928637	-0.1288230331	0.1279949812	-0.1266188352	-0.0235818802039915	-6.46615165180997e-05	0.0005561050739554	4.181111718420481e-09	0.0394089864047515	-0.0283361551843625	0.0015530682094498	0.0008029376906322	0.0313184684403822	0.0184837978827516	0.0003416507841704	0.0009808464654512	0.0024748501813033	0.0004339719105823	1.883316191745385e-07	6.124883419896976e-06	-0.0012808297970439	9.911773894749988e-05	1.6405249689955184e-06	9.824326174064737e-09	0.0005430859487964	1.76939634399971e-07	2.94942347780086e-07	3.1307634221595406e-14	0.0	0.0	0.0	0.0	0.0
869.3972518878792	-0.5421700604008493	755851.5815901965	0.2939483743950605	894.3846238272531	2.786246490478561	7.763169505704099	799923.855338617	839.4498546235566	-0.035707643777755	704676.0584275103	0.001275035824159	837.6599274625484	752.5226089855856	1.142285	15.102832	0.0431681553411634	0.0275851639510404	0.1307631093	-0.0701950548	-0.0697474442	-0.0349396415	0.0743365147	0.1232161744	0.0008408928	0.0837639346	0.0718586553	0.1211806499	-0.1353219012	-0.0527079097	0.0218514935	0.1028548252	-0.0720313211	-0.1168962937	0.0199479172	0.2180503874	0.0544811645	-0.1098182026	-0.06097947	0.0909775419	0.0204282924	0.0241035785	0.0102028957	-0.0561029832	-0.0682177461	-0.0074088934	-0.1523627501	0.0317646498	0.0174782045	0.1534733862	0.0910203356	0.112330535	-0.0135330288	0.0036868099	-0.0527927098	0.028074242	0.024885289	-0.1020857312	0.0875665666	-0.2368796969	-0.0865718269	0.021867451	0.0947118275	-0.0671416959	0.1824914314	-0.0350573899	0.1142100772	0.0645376852	0.1135485797	-0.0732801095	0.0446866648	0.0178455195	-0.0428950745	-0.0279029011	-0.0643447671	0.0725993418	0.0829566141	-0.0410630336	-0.1081241549	0.0866756414	0.0056812244	-0.1049902896	0.053793659	0.141098594	0.0663570019	0.1813215303	-0.0330862286	-0.0656139828	-0.0316272259	0.0230078905	-0.0952997329	-0.0721923306	0.1128473459	-0.0025291553	0.0450937511	-0.0861517369	0.0500760432	0.1511890867	0.0618379171	0.0799634047	-0.0561902942	-0.0077461453	0.1016352882	0.1101728418	0.0445732505	0.0030741069	0.0410071805	-0.0800709601	0.0352854081	-0.1289999139	0.1287014744	-0.1282045865	-0.0235221063321375	5.977387185400127e-05	0.0005532894863003	3.5729157564185646e-09	0.0612795463289188	0.0218705599241672	0.0037551827982781	0.0004783213913965	0.031238860018675	-7.960842170719878e-05	6.337500806711198e-09	0.0009758663752663	0.0021508758711746	-0.0003239743101286	1.0495935362336705e-07	4.626267013201094e-06	-0.0013799189689958	-9.908917195189988e-05	1.904176360994432e-06	9.818663998113183e-09	0.0005429851684083	-1.0078038810000957e-07	2.948328931113899e-07	1.0156686625588547e-14	0.0	0.0	0.0	0.0	0.0
870.6896870654524	1.2924351775732248	758100.5311621354	1.670388688228733	899.0794577462333	4.69483391898018	22.0414655268068	808343.8713412608	840.392665275685	0.9428106521284008	706259.8318491695	0.8888919257667803	838.8847760072689	758.5347206966936	1.117077	14.769545	0.0250128872862397	0.0122540149174083	0.1013602156	0.0677434842	0.123734395	-0.0125079474	-0.070848644	0.1244883871	-0.0437040294	0.0215119945	0.0831796367	-0.0148908801	0.0224511279	0.0125495199	-0.1335453418	0.0702062407	-0.0113247799	-0.0503887156	-0.0827557509	-0.0512260581	-0.1312646054	-0.0947158984	-0.0289887843	0.1010001499	-0.0034668634	-0.001276647	0.0917995251	-0.1060998896	0.0746508339	-0.057741723	-0.1209078357	-0.0129069184	0.0336548491	0.027479217	-0.0019249816	-0.0558477588	0.0234281208	0.1239652355	0.0791442364	0.0116809204	-0.0382459426	0.1309858632	0.0120400015	-0.1906134927	-0.0403688987	0.0208120487	-0.0552946413	0.1213809717	0.0020107418	-0.1038197572	0.0208462265	0.0756023718	0.0771554735	-0.0211671634	0.0542344915	0.0551688812	-0.0224252801	0.0219264561	-0.0600651873	-0.0186399319	0.1059108419	0.0495264387	-0.0991731149	0.0825665877	0.0464337474	-0.0321684024	0.0339390107	0.0040417867	-0.0886960432	0.1526187532	-0.0659426201	0.0364716831	-0.1442716319	0.08967105	0.0685990797	-0.0163148883	0.0474667156	0.0863815386	0.0542842228	-0.0824514606	0.0877496306	0.0880688196	0.0044724817	0.0368600151	0.0474914628	-0.0151825157	0.0731664754	0.0786625895	-0.0880818929	-0.0303394058	0.0232066499	-0.146981306	-0.02568179	-0.1290883846	0.1290552057	-0.1289999139	-0.0236319989401749	-0.0001098926080374	0.0005584713739084	1.2076385301262073e-08	0.0571911810769307	-0.0040883652519881	0.0032708311929742	1.6714730433663725e-05	0.0359080216653993	0.0046691616467243	2.1801070483241216e-05	0.0012893860199227	0.0020559530818785	-9.492278929609972e-05	9.010335927751745e-09	4.226943074885703e-06	-0.001303788669851	7.613029914480007e-05	1.6998648956318396e-06	5.795822447876745e-09	0.0006948414355572	0.0001518562671489	4.828046205671905e-07	2.3060325872398094e-08	0.0	0.0	0.0	0.0	0.0
