#!ascii label  , from subject sub-v2s10x28934_ses-1 vox2ras=TkReg
3581
24  -8.052  -106.100  35.026 0.8999999762
136  -8.927  -105.698  35.658 0.8000000119
139619  -8.674  -105.720  36.646 0.8000000119
113  -10.076  -105.242  37.722 0.8000000119
125  -9.535  -105.517  36.574 0.8000000119
242  -10.846  -104.872  37.517 0.8000000119
135050  -11.565  -104.841  36.852 0.8000000119
26  -10.426  -106.218  34.714 0.8000000119
138  -10.925  -105.817  35.515 0.8000000119
121  -11.411  -105.247  36.535 0.8000000119
1159  -3.518  -101.939  37.475 0.6999999881
633  -3.637  -102.582  35.921 0.8000000119
634  -3.851  -103.309  35.642 0.6999999881
408  -4.619  -104.440  35.634 0.6000000238
606  -11.767  -102.676  39.401 0.5000000000
380  -11.638  -103.166  38.273 0.6999999881
857  -13.045  -101.714  39.095 0.6000000238
398  -12.685  -103.839  36.343 0.8000000119
252  -12.649  -104.785  35.841 0.8000000119
134553  -12.704  -102.960  36.726 0.6999999881
413  -13.283  -104.313  35.434 0.8000000119
1171  -3.117  -101.270  36.860 0.8000000119
884  -3.390  -101.943  36.401 0.8000000119
1903  -2.664  -98.743  36.370 0.8000000119
645  -3.599  -102.861  34.706 1.0000000000
419  -4.281  -103.960  33.723 0.8999999762
267  -4.769  -104.792  33.820 0.8999999762
152  -5.303  -105.149  33.141 0.8999999762
27  -5.659  -105.905  34.316 0.8999999762
35  -7.338  -106.307  33.119 0.8999999762
379  -11.066  -103.561  39.126 0.5000000000
607  -12.293  -102.336  38.763 0.5000000000
614  -12.183  -102.492  37.952 0.6999999881
869  -13.349  -101.219  38.272 0.6000000238
133989  -13.840  -101.225  38.821 0.6000000238
30  -8.153  -106.315  33.880 0.8999999762
624  -12.615  -102.346  37.398 0.6999999881
1153  -14.009  -100.522  38.106 0.6999999881
139216  -9.759  -106.391  34.174 0.8999999762
32  -10.883  -106.117  33.806 1.0000000000
41  -10.031  -106.114  32.034 0.8999999762
137723  -13.523  -101.323  36.727 0.6999999881
141401  -13.516  -105.183  34.260 1.0000000000
127788  -13.811  -103.545  35.032 0.8000000119
120446  -3.575  -96.985  40.847 0.6999999881
142435  -3.179  -101.321  37.541 0.6999999881
893  -3.343  -101.975  35.133 0.8000000119
131000  -2.705  -98.588  35.447 0.8999999762
278  -4.900  -104.327  33.076 1.0000000000
33  -5.809  -105.845  33.114 0.8999999762
1154  -14.725  -100.243  38.119 0.6000000238
1166  -16.000  -100.304  37.795 0.6000000238
139  -11.689  -105.764  35.222 0.8000000119
274  -13.221  -105.409  34.173 1.0000000000
399  -13.194  -103.230  36.031 0.8000000119
1164  -14.643  -100.004  37.607 0.6000000238
1191  -14.027  -100.563  36.351 0.6999999881
1506  -16.026  -99.442  37.203 0.6000000238
147  -12.495  -105.635  33.936 1.0000000000
122151  -14.785  -101.520  33.923 0.6999999881
1509  -2.781  -99.550  36.813 0.8000000119
1170  -2.945  -100.326  36.260 0.8000000119
2289  -3.007  -97.959  39.609 0.8000000119
392  -4.185  -103.536  36.046 0.6000000238
901  -3.389  -102.033  33.765 0.8999999762
126843  -2.682  -99.376  35.598 0.8999999762
653  -3.795  -102.712  33.476 1.0000000000
257  -4.416  -104.460  34.870 0.8999999762
134  -4.879  -105.110  34.702 0.8000000119
21  -5.666  -105.928  35.432 0.8000000119
28  -6.425  -106.131  34.882 0.8999999762
157  -5.928  -105.409  32.797 1.0000000000
158  -6.992  -105.963  32.318 0.8999999762
36  -8.269  -106.285  32.776 0.8999999762
128  -11.992  -105.494  35.754 0.8000000119
129  -12.510  -105.329  35.491 0.8000000119
136973  -13.961  -102.510  35.131 0.8000000119
640  -13.519  -102.381  35.877 0.6999999881
1505  -15.276  -99.465  37.137 0.6000000238
134740  -11.430  -105.652  33.435 1.0000000000
275  -13.677  -105.039  33.848 1.0000000000
904  -14.340  -101.897  34.713 0.6999999881
144315  -14.194  -100.873  35.524 0.8000000119
128876  -14.485  -100.026  35.913 0.6000000238
1563  -6.442  -99.733  30.382 0.8000000119
426  -14.251  -104.098  34.104 1.0000000000
650  -14.386  -103.230  34.296 0.8000000119
1192  -14.545  -100.629  34.942 0.6999999881
1524  -15.498  -98.788  35.654 0.6000000238
153  -12.032  -105.146  33.401 1.0000000000
1208  -15.208  -99.701  33.481 0.8000000119
917  -15.463  -102.013  32.269 0.8999999762
912  -15.155  -101.061  33.241 0.8000000119
923  -15.759  -102.185  31.462 0.8999999762
1215  -15.430  -100.488  32.574 0.8000000119
1496  -2.899  -99.897  38.639 0.6000000238
1185  -2.876  -100.203  35.087 1.0000000000
1195  -2.863  -100.263  33.653 1.0000000000
122378  -3.555  -95.963  39.337 0.8999999762
2304  -3.081  -97.232  37.710 0.8999999762
1204  -3.118  -100.301  32.239 0.8999999762
1933  -4.061  -98.793  32.560 1.0000000000
1528  -5.123  -99.203  33.446 1.0000000000
1196  -3.251  -101.169  32.916 1.0000000000
132247  -3.545  -101.098  31.957 1.0000000000
132401  -4.302  -100.814  32.178 1.0000000000
128452  -5.086  -100.109  33.148 1.0000000000
1529  -5.899  -99.971  34.181 1.0000000000
1915  -2.930  -98.023  34.517 0.8999999762
909  -4.154  -101.838  32.221 1.0000000000
1521  -6.449  -99.275  34.920 1.0000000000
2322  -3.231  -97.274  35.245 0.8999999762
655  -5.014  -103.090  32.818 1.0000000000
910  -4.825  -101.555  32.670 1.0000000000
1198  -6.271  -100.879  34.290 1.0000000000
138013  -6.952  -100.999  34.843 1.0000000000
433  -5.713  -103.401  33.001 1.0000000000
646  -6.104  -102.539  33.637 1.0000000000
137162  -6.250  -104.781  32.755 1.0000000000
894  -6.628  -101.640  34.400 1.0000000000
139112  -7.395  -105.342  32.394 1.0000000000
268  -6.886  -103.907  33.198 1.0000000000
129225  -7.845  -105.948  32.018 0.8999999762
2443  -3.829  -98.605  24.372 0.5000000000
144964  -8.172  -105.436  32.216 1.0000000000
160  -9.516  -105.987  31.856 1.0000000000
2040  -5.543  -98.367  24.770 0.6999999881
161  -10.246  -105.893  31.836 1.0000000000
42  -10.644  -106.020  32.463 1.0000000000
137416  -5.903  -98.930  28.411 0.8000000119
148  -13.109  -105.151  33.695 1.0000000000
124963  -14.138  -104.489  33.596 1.0000000000
126875  -15.028  -99.257  36.329 0.6000000238
1593  -5.152  -99.526  28.586 0.8000000119
1958  -6.496  -98.748  30.203 0.8000000119
1523  -14.876  -99.496  35.307 0.6000000238
427  -14.529  -103.843  33.441 1.0000000000
1533  -15.332  -98.866  34.505 0.6999999881
1231  -6.873  -100.578  30.610 0.8000000119
140435  -16.180  -97.991  33.187 0.6999999881
132060  -15.474  -98.752  33.557 0.8000000119
2355  -16.813  -97.740  32.004 0.6999999881
1224  -15.705  -101.145  31.769 0.8999999762
124251  -15.930  -101.666  31.223 0.8999999762
1567  -15.965  -100.489  31.136 0.8000000119
1237  -16.255  -100.497  30.255 0.8000000119
1247  -16.237  -101.417  29.913 0.8000000119
3144  -4.313  -95.432  42.155 0.6000000238
3189  -3.886  -95.259  39.254 0.8999999762
1537  -2.972  -99.077  32.699 0.8999999762
1924  -4.759  -98.139  33.334 1.0000000000
3677  -5.281  -94.483  38.469 0.8999999762
142941  -2.734  -98.327  36.746 0.8999999762
1520  -2.688  -98.843  34.450 0.8999999762
144023  -5.852  -99.260  34.340 1.0000000000
1925  -5.737  -98.619  34.338 1.0000000000
3201  -3.716  -95.617  38.650 0.8999999762
2748  -3.386  -96.349  37.309 0.8999999762
133736  -2.825  -97.902  37.098 0.8999999762
2307  -3.236  -97.097  36.534 0.8999999762
1187  -6.796  -100.251  34.873 1.0000000000
121093  -3.753  -95.511  37.744 0.8999999762
3207  -3.617  -95.581  36.734 0.8999999762
902  -5.749  -101.616  33.544 1.0000000000
420  -6.522  -103.343  33.521 1.0000000000
895  -7.364  -101.562  35.097 1.0000000000
2866  -2.709  -97.854  25.775 0.5000000000
422  -8.192  -103.813  34.434 1.0000000000
2026  -3.132  -98.284  24.639 0.5000000000
269  -7.635  -104.107  33.523 1.0000000000
2052  -5.227  -98.234  24.575 0.5000000000
282  -8.980  -104.992  32.404 1.0000000000
271  -9.510  -104.346  33.373 1.0000000000
123029  -3.999  -98.936  24.046 0.5000000000
272  -10.485  -104.342  33.097 1.0000000000
425  -11.454  -103.459  33.961 1.0000000000
162  -10.851  -105.359  32.516 1.0000000000
286  -12.665  -104.690  33.272 1.0000000000
434  -12.097  -104.208  33.287 1.0000000000
656  -12.283  -103.408  33.283 1.0000000000
649  -12.306  -102.199  33.391 0.8999999762
435  -13.040  -104.173  32.952 1.0000000000
1645  -4.492  -99.972  24.823 0.5000000000
2027  -5.603  -98.939  25.339 0.6999999881
130601  -4.093  -100.488  24.555 0.5000000000
1606  -4.541  -99.802  27.602 0.8000000119
133112  -13.677  -104.485  33.289 1.0000000000
131621  -14.868  -102.945  33.492 1.0000000000
1302  -3.780  -100.629  24.955 0.5000000000
1578  -5.944  -99.477  29.809 0.8000000119
436  -14.392  -104.029  32.956 1.0000000000
1532  -14.911  -100.161  34.244 0.8000000119
1929  -16.407  -98.165  34.436 0.6000000238
1272  -2.844  -100.915  27.505 0.4000000060
1592  -4.327  -100.077  28.536 0.8000000119
1562  -5.771  -100.244  30.054 0.8000000119
1232  -7.843  -100.389  30.672 0.8000000119
437  -14.927  -103.569  32.759 0.8999999762
1945  -15.781  -98.359  33.024 0.6999999881
663  -15.195  -103.120  32.347 0.8999999762
1953  -15.839  -98.671  32.090 0.8000000119
1558  -15.932  -99.317  31.421 0.8000000119
1954  -16.316  -98.526  31.275 0.6999999881
2365  -16.936  -97.852  31.134 0.6000000238
1961  -16.799  -98.403  30.431 0.6999999881
933  -15.931  -102.636  30.851 0.8999999762
954  -16.117  -102.776  29.121 0.8000000119
940  -16.303  -101.769  29.199 0.8000000119
1599  -16.744  -99.899  28.803 0.6999999881
123983  -16.801  -100.077  27.243 0.5000000000
124448  -4.532  -94.877  42.930 0.6000000238
122757  -4.487  -94.657  41.253 0.8000000119
3659  -4.768  -94.645  40.414 0.8999999762
1897  -2.783  -98.988  38.285 0.8000000119
2733  -3.279  -96.920  39.404 0.8999999762
121487  -3.209  -97.212  33.827 0.8999999762
131577  -3.409  -97.618  33.085 0.8999999762
1917  -7.200  -98.831  35.506 1.0000000000
3214  -3.489  -95.634  35.667 0.8999999762
131480  -7.369  -99.715  35.429 1.0000000000
1188  -7.611  -100.697  35.450 1.0000000000
635  -7.151  -102.272  34.652 1.0000000000
896  -8.093  -101.549  35.683 1.0000000000
409  -8.687  -103.673  35.179 1.0000000000
133757  -4.152  -97.519  25.962 0.5000000000
621  -9.067  -102.466  36.087 1.0000000000
270  -8.533  -104.310  33.562 1.0000000000
639  -11.148  -102.794  34.943 0.8999999762
2051  -3.121  -98.375  23.708 0.5000000000
648  -11.660  -102.582  34.143 0.8999999762
285  -11.585  -104.751  33.143 1.0000000000
657  -13.169  -103.327  32.606 0.8999999762
661  -14.187  -103.142  32.135 0.8999999762
915  -13.209  -101.946  32.484 0.8999999762
441  -13.969  -103.905  32.675 0.8999999762
442  -14.745  -103.521  32.433 0.8999999762
662  -15.165  -102.965  31.778 0.8999999762
1928  -15.896  -98.199  33.919 0.6999999881
124452  -7.172  -99.727  30.633 0.8000000119
2345  -17.130  -97.811  33.179 0.6000000238
1256  -3.513  -101.449  29.097 0.4000000060
133407  -5.204  -100.279  29.689 0.8000000119
937  -3.844  -102.237  29.464 0.5000000000
1229  -5.141  -101.085  30.060 0.5000000000
139159  -7.336  -101.324  30.640 0.6999999881
129213  -9.628  -100.912  30.739 0.8999999762
1962  -17.430  -97.880  30.291 0.5000000000
1236  -16.099  -101.575  30.609 0.8000000119
1979  -17.273  -98.399  29.592 0.6999999881
1614  -17.221  -99.441  27.630 0.6000000238
1626  -16.770  -100.201  26.442 0.5000000000
2699  -4.083  -95.884  41.609 0.6999999881
1873  -3.109  -98.428  40.479 0.6000000238
2297  -3.009  -97.495  38.703 0.8999999762
3256  -3.853  -95.885  32.801 1.0000000000
2792  -4.300  -96.310  32.842 1.0000000000
2766  -6.130  -96.644  34.501 1.0000000000
1916  -6.435  -98.292  35.046 1.0000000000
140726  -4.245  -94.763  37.558 0.8999999762
3255  -3.569  -95.672  33.215 1.0000000000
2324  -7.224  -97.937  35.536 1.0000000000
1174  -8.505  -100.856  36.147 1.0000000000
886  -8.901  -101.726  36.275 1.0000000000
125566  -10.845  -102.266  35.459 0.8999999762
259  -9.079  -104.079  34.605 1.0000000000
2869  -6.394  -96.764  25.613 0.8000000119
410  -9.498  -103.729  35.395 1.0000000000
423  -9.973  -104.047  34.559 1.0000000000
2000  -6.726  -98.026  27.363 0.8000000119
2375  -6.557  -97.940  29.215 0.8000000119
126292  -7.865  -99.267  30.759 0.8000000119
664  -15.271  -102.834  31.588 0.8999999762
927  -6.565  -101.742  30.394 0.6999999881
926  -5.501  -102.379  30.083 0.5000000000
673  -7.222  -102.544  30.480 0.6000000238
674  -8.316  -102.561  30.541 0.6999999881
675  -9.241  -102.535  30.508 0.6999999881
695  -15.914  -103.203  30.409 0.8000000119
448  -8.603  -103.404  30.247 0.6000000238
689  -9.598  -103.282  30.180 0.6999999881
690  -10.618  -103.161  29.973 0.6999999881
1583  -16.662  -99.453  29.713 0.6999999881
687  -5.546  -103.928  29.423 0.5000000000
447  -7.553  -103.585  30.184 0.6000000238
1248  -16.418  -100.629  29.375 0.8000000119
1278  -16.527  -101.004  27.600 0.6999999881
1627  -17.421  -99.242  26.805 0.4000000060
123744  -17.221  -99.442  25.958 0.5000000000
2767  -7.167  -96.862  35.418 1.0000000000
1905  -7.916  -98.518  36.021 1.0000000000
1510  -8.634  -99.233  36.375 1.0000000000
138738  -7.846  -99.258  35.871 1.0000000000
123067  -9.123  -100.154  36.511 1.0000000000
1173  -8.165  -99.983  36.004 1.0000000000
121096  -9.213  -100.983  36.440 1.0000000000
897  -10.821  -101.571  35.607 0.8999999762
622  -9.531  -102.145  36.215 1.0000000000
898  -11.254  -102.035  34.988 0.8999999762
903  -11.608  -101.755  34.350 0.8999999762
2432  -6.642  -97.507  25.685 0.8000000119
424  -10.763  -103.827  34.253 1.0000000000
1207  -12.446  -101.050  33.251 0.8999999762
2414  -6.966  -97.686  26.549 0.8000000119
1989  -6.386  -98.294  28.342 0.8000000119
1973  -6.557  -98.055  29.953 0.8000000119
1564  -7.053  -98.888  30.584 0.8000000119
144572  -6.191  -98.576  28.992 0.8000000119
916  -13.910  -101.778  31.705 0.8999999762
669  -15.489  -102.937  31.206 0.8999999762
4146  -5.172  -93.642  42.921 0.8000000119
4123  -4.915  -94.065  43.271 0.6999999881
3649  -4.981  -94.148  41.843 0.8000000119
5697  -6.835  -89.733  37.994 1.0000000000
3660  -6.099  -94.172  39.970 0.8999999762
133176  -5.411  -94.156  41.032 0.8000000119
140297  -6.927  -90.179  37.333 1.0000000000
3678  -6.108  -94.168  38.815 0.8999999762
122589  -5.137  -94.633  39.402 0.8999999762
3696  -5.863  -93.910  38.085 0.8999999762
4213  -5.007  -93.550  37.463 0.8999999762
3695  -5.022  -94.317  37.747 0.8999999762
143502  -4.162  -93.528  36.644 1.0000000000
3728  -6.710  -94.707  34.435 1.0000000000
3228  -7.553  -95.875  35.550 1.0000000000
2752  -8.097  -96.686  36.066 1.0000000000
3707  -4.405  -94.165  37.090 0.8999999762
3716  -3.795  -94.000  36.111 0.8999999762
4246  -4.048  -93.332  34.296 1.0000000000
3742  -4.347  -94.201  33.684 1.0000000000
3743  -5.265  -94.202  33.658 1.0000000000
3744  -6.163  -93.904  34.132 1.0000000000
2309  -8.804  -97.386  36.462 1.0000000000
132555  -3.617  -94.229  35.261 1.0000000000
3726  -3.747  -94.559  33.724 1.0000000000
2311  -10.471  -97.314  36.673 1.0000000000
1906  -8.738  -98.284  36.459 1.0000000000
1907  -9.813  -98.040  36.703 1.0000000000
130313  -11.028  -98.166  36.476 1.0000000000
3816  -4.529  -96.207  29.124 0.6999999881
3826  -5.186  -95.456  27.984 0.6999999881
129408  -5.743  -94.996  27.395 0.8999999762
3322  -2.784  -96.366  28.423 0.6999999881
2845  -3.251  -96.955  28.350 0.6999999881
139990  -9.334  -99.527  36.573 1.0000000000
1908  -11.355  -98.901  36.219 1.0000000000
4352  -3.606  -93.246  25.959 0.4000000060
4351  -2.917  -94.146  26.802 0.6000000238
3844  -2.825  -95.702  26.027 0.5000000000
3362  -2.599  -97.034  26.160 0.6000000238
2856  -3.125  -97.227  27.468 0.6000000238
3323  -3.641  -97.098  27.848 0.6999999881
3324  -4.879  -95.896  27.308 0.8000000119
3836  -5.891  -95.123  26.893 0.8999999762
3326  -8.211  -95.569  27.719 0.8999999762
3300  -9.020  -94.951  29.644 0.8999999762
142393  -9.090  -95.788  30.958 0.8999999762
1176  -10.615  -100.312  36.297 0.8999999762
1189  -10.907  -100.764  35.812 0.8999999762
123787  -2.932  -97.571  26.674 0.6000000238
2867  -3.368  -97.625  26.763 0.6000000238
3345  -5.397  -95.901  26.514 0.6999999881
3837  -6.680  -94.943  26.881 0.8999999762
4868  -3.408  -93.146  27.055 0.6000000238
2430  -3.262  -98.007  25.938 0.6000000238
3365  -6.812  -96.203  26.059 0.8000000119
3299  -8.621  -95.679  29.847 0.8999999762
888  -10.378  -101.135  36.170 0.8999999762
125245  -11.191  -101.253  35.137 0.8999999762
1199  -11.369  -100.994  34.517 0.8999999762
3363  -4.780  -96.714  26.175 0.6000000238
2857  -7.379  -96.470  26.552 0.8000000119
140037  -8.079  -96.337  28.024 0.8000000119
2823  -8.276  -96.139  29.099 0.8999999762
2808  -8.567  -95.969  30.681 0.8999999762
911  -11.882  -101.339  33.942 0.8999999762
2433  -7.052  -96.865  25.987 0.8000000119
2846  -7.597  -96.734  27.219 0.8000000119
2389  -7.504  -97.026  28.045 0.8000000119
2807  -8.058  -96.312  30.257 0.8999999762
2353  -8.334  -97.477  31.223 0.8999999762
2801  -8.293  -96.640  30.935 0.8999999762
1206  -11.470  -100.544  33.946 0.8999999762
138619  -7.104  -97.342  28.878 0.8000000119
2376  -7.025  -97.373  29.801 0.8000000119
2354  -8.938  -97.620  31.883 0.8999999762
1941  -9.213  -98.273  33.323 0.8999999762
1942  -9.441  -98.526  32.741 0.8999999762
139605  -8.608  -98.124  31.468 0.8999999762
1952  -10.263  -98.545  31.795 0.8999999762
1213  -13.155  -100.608  32.358 0.8999999762
1959  -7.791  -98.217  30.897 0.8999999762
1565  -8.694  -98.875  30.916 0.8999999762
1555  -11.476  -98.886  31.764 0.8999999762
136946  -12.560  -99.252  32.042 0.8999999762
1553  -9.496  -98.634  31.352 0.8999999762
1548  -13.016  -99.697  31.929 0.8999999762
120076  -8.595  -99.732  30.736 0.8999999762
1554  -10.524  -99.004  31.231 0.8999999762
1220  -11.190  -99.592  31.259 0.8999999762
922  -14.315  -101.812  31.211 0.8999999762
1234  -10.437  -100.178  30.933 0.8999999762
1221  -11.977  -99.728  31.428 0.8999999762
680  -14.837  -102.533  30.879 0.8000000119
120755  -11.281  -100.690  30.928 0.8999999762
1235  -12.381  -100.620  31.105 0.8000000119
451  -6.078  -104.623  29.004 0.5000000000
126661  -10.340  -101.285  30.674 0.8000000119
676  -10.215  -102.316  30.415 0.8000000119
677  -11.229  -102.350  30.251 0.8000000119
693  -14.358  -103.194  29.629 0.8000000119
686  -4.732  -103.458  29.367 0.5000000000
456  -12.536  -103.701  28.999 0.6999999881
694  -15.458  -103.249  30.016 0.8000000119
143568  -16.633  -100.688  26.988 0.6999999881
454  -8.865  -104.194  29.550 0.5000000000
709  -15.728  -103.162  28.982 0.8000000119
455  -11.231  -103.908  29.181 0.6999999881
466  -12.957  -103.820  28.349 0.6999999881
467  -13.864  -103.591  28.387 0.8000000119
968  -16.253  -101.911  27.579 0.8000000119
141832  -16.585  -100.824  25.833 0.4000000060
317  -11.688  -104.437  27.065 0.5000000000
483  -13.216  -103.766  26.771 0.5000000000
475  -13.844  -103.666  27.810 0.6999999881
485  -15.135  -103.101  27.375 0.6999999881
721  -16.025  -102.346  27.177 0.6000000238
977  -16.030  -102.104  26.357 0.6000000238
978  -16.403  -101.366  26.670 0.6000000238
985  -15.613  -102.333  25.842 0.6000000238
1637  -16.819  -100.005  25.532 0.4000000060
493  -13.764  -103.453  26.057 0.4000000060
996  -14.884  -102.057  23.943 0.4000000060
759  -15.347  -102.196  24.967 0.4000000060
4101  -5.257  -93.086  44.189 0.6000000238
4666  -5.818  -93.049  42.851 0.8000000119
131622  -5.540  -93.613  42.351 0.8000000119
6268  -6.192  -89.402  38.817 1.0000000000
4172  -6.732  -93.478  40.643 0.8999999762
5691  -4.951  -89.564  38.973 1.0000000000
5695  -4.392  -89.929  38.370 1.0000000000
5710  -7.714  -90.241  37.526 1.0000000000
4173  -7.178  -92.858  40.368 0.8999999762
119954  -3.976  -91.490  38.054 1.0000000000
5707  -4.097  -90.644  37.840 1.0000000000
5708  -4.659  -90.128  37.438 1.0000000000
5727  -6.551  -90.462  36.699 1.0000000000
3697  -6.382  -93.553  38.496 0.8999999762
4721  -5.053  -92.671  37.956 1.0000000000
142201  -3.834  -91.876  37.435 1.0000000000
4202  -5.973  -93.188  38.081 0.8999999762
4731  -3.756  -91.879  36.686 1.0000000000
5219  -4.800  -90.873  35.921 1.0000000000
4754  -5.099  -92.191  34.895 1.0000000000
4221  -3.847  -93.074  35.778 1.0000000000
4742  -3.894  -92.155  35.787 1.0000000000
4753  -4.236  -92.234  35.077 1.0000000000
4233  -5.689  -92.956  34.424 1.0000000000
3729  -7.193  -94.221  34.935 1.0000000000
144843  -7.547  -94.706  35.323 1.0000000000
3229  -7.815  -95.108  35.667 1.0000000000
2754  -9.833  -96.437  36.664 1.0000000000
2755  -10.931  -96.539  36.696 1.0000000000
4231  -3.901  -92.771  35.044 1.0000000000
2753  -8.907  -96.516  36.451 1.0000000000
2310  -9.534  -97.147  36.631 1.0000000000
4342  -6.746  -93.257  27.937 1.0000000000
121592  -9.514  -98.961  36.629 1.0000000000
121090  -10.540  -98.937  36.592 1.0000000000
126382  -4.105  -92.452  31.036 0.8999999762
4330  -2.612  -93.760  28.780 0.6999999881
4340  -2.715  -93.945  27.711 0.6999999881
3343  -2.703  -96.908  27.018 0.6000000238
3827  -6.468  -94.465  27.553 0.8999999762
3818  -8.507  -95.030  28.211 1.0000000000
3268  -10.181  -95.677  31.448 0.8999999762
1909  -11.562  -98.873  36.042 0.8999999762
134753  -8.432  -95.742  28.367 0.8999999762
1177  -11.135  -100.086  36.033 0.8999999762
1190  -11.112  -100.319  35.497 0.8999999762
1531  -10.857  -100.172  34.463 0.8999999762
137546  -9.415  -97.098  32.855 0.8999999762
2831  -7.647  -96.773  28.934 0.8000000119
2347  -9.201  -97.645  32.752 0.8999999762
2360  -7.616  -97.189  30.586 0.8999999762
1935  -9.235  -98.897  33.781 0.8999999762
1542  -10.496  -99.718  33.688 0.8999999762
1543  -12.256  -99.800  32.892 0.8999999762
1951  -9.134  -98.067  32.342 0.8999999762
1541  -9.727  -99.110  33.353 0.8999999762
1943  -10.954  -98.624  32.093 0.8999999762
123802  -13.050  -99.738  32.112 0.8999999762
1566  -9.529  -99.611  30.856 0.8999999762
1214  -13.379  -100.610  31.806 0.8999999762
1222  -12.720  -99.899  31.625 0.8999999762
932  -13.931  -101.555  30.844 0.8999999762
134716  -14.946  -103.093  30.396 0.8000000119
678  -12.393  -102.415  30.107 0.8000000119
931  -13.092  -101.340  30.658 0.8000000119
679  -13.904  -102.318  30.239 0.8000000119
125463  -12.148  -103.264  29.586 0.8000000119
692  -13.160  -103.096  29.558 0.8000000119
458  -14.739  -103.374  29.035 0.8000000119
476  -14.793  -103.361  28.025 0.8000000119
310  -11.413  -104.525  27.671 0.4000000060
482  -11.960  -104.171  26.339 0.4000000060
746  -14.983  -102.663  25.511 0.5000000000
986  -16.160  -101.609  25.462 0.5000000000
997  -16.165  -101.152  24.478 0.5000000000
1307  -16.526  -100.514  24.352 0.4000000060
1009  -15.470  -101.408  23.688 0.4000000060
134495  -8.941  -89.278  39.018 1.0000000000
4163  -7.118  -92.818  41.043 0.8999999762
6269  -7.482  -89.453  38.728 1.0000000000
6270  -8.358  -89.466  38.665 1.0000000000
5699  -9.005  -89.792  38.238 1.0000000000
6252  -5.576  -89.178  39.632 1.0000000000
5698  -8.048  -89.750  38.078 1.0000000000
5711  -8.577  -90.428  37.653 1.0000000000
5712  -9.379  -90.731  37.720 1.0000000000
4186  -7.085  -92.951  39.133 0.8999999762
5203  -8.144  -90.867  37.012 1.0000000000
5204  -8.906  -91.408  37.333 1.0000000000
4712  -6.509  -92.548  39.214 0.8999999762
5222  -8.368  -91.936  36.790 1.0000000000
4733  -9.076  -92.425  37.218 1.0000000000
4734  -9.725  -92.723  37.399 1.0000000000
4732  -4.674  -92.899  37.352 1.0000000000
5202  -4.306  -90.671  36.751 1.0000000000
5220  -6.080  -90.890  35.956 1.0000000000
4743  -6.807  -91.929  35.696 1.0000000000
4744  -7.787  -92.409  36.154 1.0000000000
124215  -8.627  -93.490  36.583 1.0000000000
4223  -8.357  -94.032  36.236 1.0000000000
5218  -3.966  -91.317  36.283 1.0000000000
4755  -6.277  -92.457  35.039 1.0000000000
123688  -6.828  -93.345  34.842 1.0000000000
4234  -7.630  -93.630  35.449 1.0000000000
3717  -8.426  -94.883  36.113 1.0000000000
3718  -9.227  -94.646  36.548 1.0000000000
126893  -10.187  -95.461  36.736 1.0000000000
3217  -11.350  -95.758  36.693 1.0000000000
126527  -11.540  -97.404  36.381 1.0000000000
4333  -8.352  -92.968  27.771 1.0000000000
2312  -11.788  -98.149  36.064 1.0000000000
4855  -3.122  -93.011  27.982 0.6999999881
3815  -2.562  -94.955  28.432 0.6999999881
3835  -2.705  -95.451  26.837 0.6000000238
3829  -8.084  -94.697  27.630 1.0000000000
134741  -8.494  -94.080  28.031 1.0000000000
1918  -11.657  -98.481  35.927 0.8999999762
1522  -11.277  -99.425  35.551 0.8999999762
5346  -4.197  -91.697  26.576 0.4000000060
139088  -9.269  -96.984  32.121 0.8999999762
2344  -9.350  -97.686  33.411 0.8999999762
133285  -10.485  -99.526  34.492 0.8999999762
2802  -8.874  -96.892  31.450 0.8999999762
1530  -9.723  -99.403  33.999 0.8999999762
1547  -11.532  -99.006  32.443 0.8999999762
1944  -11.945  -98.952  31.964 0.8999999762
1556  -12.429  -99.234  31.926 0.8999999762
731  -14.787  -103.038  26.333 0.6000000238
758  -14.332  -102.591  24.485 0.5000000000
4667  -7.056  -92.008  42.496 0.8000000119
6256  -10.114  -88.993  39.248 1.0000000000
6253  -7.023  -89.161  39.401 1.0000000000
6254  -8.134  -89.199  39.268 1.0000000000
6271  -9.659  -89.413  38.744 1.0000000000
6272  -10.452  -89.459  38.603 1.0000000000
4690  -7.241  -92.034  41.530 0.8000000119
5154  -7.502  -91.253  42.611 0.8000000119
5700  -9.929  -90.044  38.132 1.0000000000
5168  -7.044  -91.599  41.446 0.8999999762
5714  -11.211  -90.878  37.606 1.0000000000
5182  -6.467  -92.045  40.136 1.0000000000
137283  -4.251  -89.975  39.732 1.0000000000
5690  -4.281  -89.936  39.218 1.0000000000
5713  -10.273  -91.037  37.663 1.0000000000
132285  -10.891  -91.606  37.414 1.0000000000
5207  -11.564  -91.538  37.278 1.0000000000
5193  -4.137  -90.866  38.868 1.0000000000
5206  -10.320  -92.121  37.429 1.0000000000
5726  -5.330  -90.381  36.612 1.0000000000
5221  -7.425  -91.209  36.331 1.0000000000
4748  -11.943  -92.763  36.864 1.0000000000
4747  -10.898  -93.145  37.123 1.0000000000
4745  -8.536  -92.870  36.597 1.0000000000
4746  -9.163  -93.232  37.090 1.0000000000
4214  -9.940  -93.386  37.303 1.0000000000
4225  -10.436  -93.825  37.107 1.0000000000
4226  -11.433  -93.603  36.889 1.0000000000
3719  -10.133  -94.479  36.921 1.0000000000
4222  -8.012  -93.264  36.061 1.0000000000
2756  -11.914  -96.610  36.378 1.0000000000
3804  -3.916  -96.571  29.949 0.6999999881
4845  -8.475  -91.907  27.863 1.0000000000
128267  -9.129  -92.574  28.227 1.0000000000
3817  -5.532  -95.132  28.850 0.8999999762
4331  -6.387  -94.136  28.666 1.0000000000
134375  -7.329  -92.894  27.653 1.0000000000
2313  -12.134  -97.231  36.017 1.0000000000
4341  -6.091  -94.540  27.909 1.0000000000
4322  -10.167  -92.995  29.739 1.0000000000
2325  -12.040  -97.640  35.960 1.0000000000
4830  -2.925  -92.961  29.419 0.6999999881
4318  -2.712  -94.230  29.996 0.6999999881
3803  -2.927  -95.465  30.388 0.6999999881
2830  -3.161  -96.666  29.045 0.6999999881
4344  -7.744  -93.750  27.641 1.0000000000
3311  -8.884  -94.507  28.757 1.0000000000
3791  -9.533  -94.647  30.324 1.0000000000
3279  -9.669  -95.241  30.992 0.8999999762
2337  -11.420  -97.965  35.377 0.8999999762
4843  -3.392  -92.391  28.495 0.6999999881
1927  -10.953  -98.866  35.040 0.8999999762
2798  -10.092  -96.351  32.184 0.8999999762
2793  -10.032  -96.833  33.204 0.8999999762
5332  -4.290  -91.288  27.310 0.4000000060
123174  -9.892  -97.539  34.006 0.8999999762
1926  -9.576  -99.053  34.158 0.8999999762
5146  -7.730  -90.948  42.990 0.6999999881
5138  -7.468  -91.121  43.826 0.6000000238
6843  -7.310  -88.567  40.576 1.0000000000
6240  -8.873  -88.911  39.779 1.0000000000
6845  -9.223  -88.716  40.427 1.0000000000
6239  -7.795  -88.861  39.895 1.0000000000
6257  -10.916  -88.836  39.002 1.0000000000
6238  -6.520  -88.805  40.045 1.0000000000
6273  -11.351  -89.448  38.461 1.0000000000
5702  -11.830  -90.167  37.913 1.0000000000
139189  -6.566  -91.699  40.800 1.0000000000
6236  -4.597  -89.647  39.702 1.0000000000
122063  -11.868  -90.860  37.399 1.0000000000
5181  -4.895  -91.185  40.580 1.0000000000
122100  -4.711  -90.455  41.009 1.0000000000
5208  -12.352  -91.263  37.015 1.0000000000
5180  -4.368  -90.608  39.743 1.0000000000
4749  -12.654  -91.998  36.685 1.0000000000
3720  -11.070  -94.337  36.885 1.0000000000
3218  -12.278  -95.817  36.384 1.0000000000
132442  -12.007  -94.308  36.710 1.0000000000
3721  -12.607  -95.022  36.475 1.0000000000
5272  -4.703  -91.419  31.644 1.0000000000
4332  -6.673  -93.033  28.513 1.0000000000
129064  -5.332  -95.080  30.845 0.8999999762
4319  -5.882  -94.826  29.892 0.8999999762
4857  -7.265  -92.265  27.965 1.0000000000
4846  -9.261  -91.627  28.314 1.0000000000
4835  -10.411  -92.075  29.486 1.0000000000
3259  -12.694  -95.191  34.073 1.0000000000
3219  -12.912  -95.554  36.090 1.0000000000
2326  -12.301  -96.803  35.949 1.0000000000
4308  -10.480  -93.529  30.580 1.0000000000
2782  -12.392  -96.259  35.377 1.0000000000
2338  -11.868  -97.049  35.438 1.0000000000
5318  -3.531  -91.866  29.277 0.6999999881
4818  -3.166  -93.573  30.322 0.6999999881
4303  -3.366  -94.767  30.941 0.8000000119
3790  -4.314  -95.435  31.094 0.8000000119
133377  -9.075  -93.514  28.506 1.0000000000
3792  -10.072  -94.345  30.842 1.0000000000
3780  -10.486  -94.918  31.263 1.0000000000
134987  -3.972  -91.531  28.222 0.6999999881
140892  -10.784  -95.496  31.910 1.0000000000
2336  -10.147  -98.280  34.538 0.8999999762
121613  -4.449  -90.699  27.914 0.6000000238
1934  -9.252  -98.451  33.931 0.8999999762
5139  -7.756  -90.473  43.664 0.6000000238
6831  -8.035  -88.349  41.177 1.0000000000
6862  -11.470  -88.479  39.621 1.0000000000
5661  -7.483  -90.904  42.496 0.8999999762
5667  -4.974  -90.333  41.629 1.0000000000
5668  -6.792  -90.818  41.942 0.8999999762
6841  -4.905  -88.833  40.888 1.0000000000
6842  -5.905  -88.549  40.727 1.0000000000
6258  -11.818  -88.788  38.866 1.0000000000
6274  -12.256  -89.338  38.308 1.0000000000
5680  -4.426  -90.107  40.323 1.0000000000
6237  -4.775  -89.321  40.318 1.0000000000
4750  -13.379  -91.984  36.073 1.0000000000
4228  -13.380  -93.805  36.350 1.0000000000
5752  -8.058  -90.177  32.804 1.0000000000
5794  -5.798  -91.401  32.286 1.0000000000
6343  -8.460  -89.899  32.250 1.0000000000
6369  -9.124  -89.085  31.472 1.0000000000
5320  -7.536  -91.271  28.516 1.0000000000
5321  -8.536  -91.044  28.143 1.0000000000
5310  -9.999  -91.364  28.858 1.0000000000
4235  -13.910  -93.363  35.542 1.0000000000
143883  -13.728  -93.656  36.060 1.0000000000
3722  -13.263  -94.727  36.212 1.0000000000
134912  -5.061  -91.171  32.053 1.0000000000
4306  -6.259  -94.341  30.869 0.8999999762
5309  -7.314  -91.569  29.456 1.0000000000
125756  -11.753  -93.145  31.513 1.0000000000
3247  -13.020  -95.441  35.455 1.0000000000
2768  -12.642  -96.133  35.958 1.0000000000
4320  -6.641  -93.884  29.534 0.8999999762
4821  -10.736  -92.631  30.304 1.0000000000
4309  -11.110  -93.098  31.073 1.0000000000
4833  -7.299  -92.818  30.516 1.0000000000
2781  -11.744  -96.428  34.550 1.0000000000
4831  -3.454  -92.542  30.200 0.8000000119
4819  -3.770  -93.521  31.032 0.8000000119
4304  -4.241  -94.492  31.536 0.8000000119
3767  -11.211  -94.681  31.646 1.0000000000
3258  -11.752  -95.734  33.560 1.0000000000
5307  -3.787  -91.251  30.255 0.8000000119
3257  -10.901  -96.062  32.787 1.0000000000
2794  -10.833  -96.579  33.810 0.8999999762
2780  -10.965  -97.295  34.663 0.8999999762
124871  -4.135  -90.325  29.699 0.8000000119
124084  -4.561  -90.029  29.097 0.6999999881
6401  -4.584  -89.549  29.705 0.8000000119
132774  -4.794  -88.956  27.161 0.5000000000
5133  -7.635  -90.699  44.498 0.5000000000
6217  -7.457  -90.005  43.694 0.6000000238
6821  -7.474  -87.881  41.810 1.0000000000
135821  -9.730  -88.663  40.713 1.0000000000
6846  -10.373  -88.614  40.627 1.0000000000
5660  -6.833  -90.540  42.448 0.8000000119
5654  -7.509  -90.622  42.964 0.6999999881
6830  -6.738  -88.236  41.232 1.0000000000
5659  -5.326  -90.326  42.222 1.0000000000
6829  -5.381  -88.404  41.445 1.0000000000
6844  -8.447  -88.651  40.487 1.0000000000
6860  -9.780  -88.812  40.021 1.0000000000
6861  -10.644  -88.714  39.857 1.0000000000
6221  -4.851  -89.617  42.018 1.0000000000
6228  -4.665  -89.605  41.084 1.0000000000
6280  -14.178  -88.909  37.024 1.0000000000
6278  -12.685  -89.715  37.784 1.0000000000
5716  -13.066  -89.954  37.062 1.0000000000
6279  -13.461  -89.195  37.509 1.0000000000
6289  -13.777  -89.514  36.721 1.0000000000
5728  -12.851  -90.664  36.822 1.0000000000
5729  -13.447  -90.414  36.356 1.0000000000
5224  -13.535  -91.126  35.968 1.0000000000
120362  -8.525  -89.393  32.986 1.0000000000
6344  -9.032  -88.896  32.487 1.0000000000
6290  -14.439  -88.969  36.360 1.0000000000
123728  -13.081  -92.857  36.586 1.0000000000
123141  -14.467  -89.941  35.267 1.0000000000
5733  -13.978  -90.650  35.634 1.0000000000
4757  -13.892  -92.361  35.532 1.0000000000
6972  -10.930  -88.397  31.835 1.0000000000
5776  -14.122  -89.664  32.761 1.0000000000
5236  -14.134  -91.373  34.390 1.0000000000
5235  -14.043  -91.968  34.376 1.0000000000
3230  -13.413  -94.993  36.014 1.0000000000
137647  -6.060  -90.868  32.583 1.0000000000
123921  -10.250  -88.886  30.833 1.0000000000
5844  -8.543  -90.499  28.694 1.0000000000
5322  -9.330  -90.727  28.593 1.0000000000
5278  -12.862  -90.829  32.140 1.0000000000
4248  -13.896  -93.395  34.576 1.0000000000
3731  -13.660  -94.267  35.943 1.0000000000
4790  -13.349  -92.955  33.016 1.0000000000
3745  -13.320  -94.675  34.646 1.0000000000
5298  -7.640  -92.076  30.859 1.0000000000
5819  -7.699  -90.720  30.047 1.0000000000
5832  -7.789  -90.652  28.994 1.0000000000
4271  -12.127  -93.560  31.943 1.0000000000
3246  -12.375  -95.818  34.594 1.0000000000
5818  -4.334  -90.874  31.055 1.0000000000
4799  -5.671  -92.828  31.787 0.8999999762
4285  -11.499  -93.844  31.512 1.0000000000
5297  -4.303  -91.656  31.163 0.8000000119
4282  -4.794  -93.542  31.699 0.8999999762
4283  -6.022  -93.788  31.569 0.8999999762
3269  -11.483  -95.219  32.436 1.0000000000
5831  -4.190  -90.222  30.415 0.8000000119
6413  -4.819  -89.401  28.834 0.6000000238
7001  -4.708  -87.802  28.410 0.5000000000
6402  -4.914  -88.864  29.238 0.6999999881
5648  -8.336  -89.708  45.037 0.5000000000
6208  -7.851  -89.631  44.525 0.6000000238
6832  -9.164  -88.513  41.154 1.0000000000
6833  -10.089  -88.511  41.313 1.0000000000
137035  -5.778  -89.756  43.675 0.8999999762
6834  -10.799  -88.350  41.187 1.0000000000
6818  -4.659  -88.883  42.596 1.0000000000
6819  -4.892  -88.152  42.143 1.0000000000
6847  -11.251  -88.313  40.540 1.0000000000
6877  -12.754  -88.720  38.702 1.0000000000
6848  -12.030  -87.908  40.105 1.0000000000
6864  -13.409  -88.094  38.675 1.0000000000
6883  -14.253  -88.459  37.584 1.0000000000
5730  -14.131  -89.749  35.990 1.0000000000
5228  -14.111  -91.662  35.028 1.0000000000
6329  -9.911  -88.622  33.010 1.0000000000
6291  -15.198  -88.582  36.056 1.0000000000
6309  -15.350  -89.097  34.339 1.0000000000
5754  -14.335  -90.052  33.480 1.0000000000
4766  -14.091  -92.578  34.864 1.0000000000
6327  -8.049  -89.682  33.390 1.0000000000
6373  -13.129  -89.385  31.759 1.0000000000
5798  -12.894  -90.047  31.715 1.0000000000
3755  -13.544  -94.035  34.277 1.0000000000
5833  -8.405  -90.123  29.508 1.0000000000
5835  -10.933  -90.339  29.723 1.0000000000
5821  -11.669  -90.506  30.418 1.0000000000
4802  -12.041  -91.757  31.598 1.0000000000
4789  -12.899  -92.368  32.572 1.0000000000
3754  -13.060  -94.343  33.492 1.0000000000
5262  -6.858  -91.382  32.273 1.0000000000
5276  -7.852  -91.258  31.330 1.0000000000
129710  -10.072  -90.522  29.154 1.0000000000
5311  -10.639  -91.166  29.473 1.0000000000
5299  -11.237  -91.184  30.078 1.0000000000
138360  -11.669  -92.404  31.293 1.0000000000
4803  -12.227  -92.609  31.959 1.0000000000
5274  -6.365  -92.196  31.991 1.0000000000
3769  -12.543  -94.034  32.551 1.0000000000
6367  -4.737  -89.953  32.138 1.0000000000
133310  -4.379  -90.144  31.124 0.8999999762
6386  -4.557  -89.366  30.756 0.8000000119
6387  -4.838  -88.669  29.933 0.8000000119
6978  -4.759  -88.307  30.725 0.8000000119
6780  -8.454  -88.731  46.419 0.5000000000
6772  -7.936  -88.266  47.084 0.5000000000
6198  -8.076  -89.225  45.063 0.6000000238
7463  -8.229  -87.622  42.475 1.0000000000
130902  -6.587  -89.559  44.227 0.6999999881
7462  -6.924  -87.456  42.456 1.0000000000
7476  -9.725  -88.199  42.074 1.0000000000
7478  -11.469  -88.093  41.453 1.0000000000
6207  -4.927  -89.241  43.954 0.8999999762
6822  -8.648  -88.057  41.858 1.0000000000
6808  -4.556  -88.537  43.308 1.0000000000
7460  -4.559  -88.073  42.769 1.0000000000
7492  -12.684  -87.812  40.549 1.0000000000
127843  -12.874  -87.977  39.095 1.0000000000
6878  -13.454  -88.684  38.143 1.0000000000
6328  -9.110  -88.795  33.283 1.0000000000
6295  -14.766  -89.170  35.627 1.0000000000
6296  -15.520  -88.772  35.206 1.0000000000
6953  -12.512  -88.241  31.886 1.0000000000
6945  -14.852  -88.429  33.203 1.0000000000
5753  -13.825  -90.656  33.018 1.0000000000
121902  -9.992  -88.667  31.928 1.0000000000
5264  -13.205  -91.471  32.765 1.0000000000
4257  -13.530  -93.525  33.656 1.0000000000
5751  -7.418  -90.164  33.150 1.0000000000
5773  -7.473  -90.680  32.511 1.0000000000
120796  -11.329  -89.142  30.492 1.0000000000
6372  -12.479  -89.633  31.184 1.0000000000
5277  -12.383  -91.161  31.735 1.0000000000
5263  -12.554  -91.727  32.173 1.0000000000
139535  -13.426  -92.192  33.152 1.0000000000
5774  -8.005  -90.590  32.257 1.0000000000
6388  -8.913  -89.458  30.797 1.0000000000
6389  -9.682  -89.302  30.441 1.0000000000
6404  -10.041  -89.816  29.657 1.0000000000
5795  -7.683  -91.207  31.990 1.0000000000
6342  -5.054  -89.708  32.587 1.0000000000
6341  -4.675  -89.198  32.308 1.0000000000
124950  -4.632  -88.477  32.223 1.0000000000
6979  -4.813  -87.900  30.013 0.6999999881
7639  -4.404  -87.006  28.789 0.6000000238
7656  -4.481  -86.994  27.683 0.4000000060
8303  -4.350  -86.343  29.330 0.5000000000
6778  -6.270  -88.655  46.049 0.6000000238
6788  -5.821  -88.902  45.453 0.6000000238
144996  -9.098  -87.884  42.585 1.0000000000
7464  -9.808  -87.956  42.941 1.0000000000
7465  -10.584  -88.138  42.631 1.0000000000
121109  -11.207  -88.127  43.185 1.0000000000
120833  -12.372  -87.942  41.835 1.0000000000
7491  -12.109  -87.896  40.933 1.0000000000
7508  -13.609  -87.685  39.484 1.0000000000
128243  -13.971  -88.169  38.231 1.0000000000
6880  -15.152  -87.907  37.424 1.0000000000
140826  -15.616  -88.143  36.439 1.0000000000
7588  -14.037  -87.409  33.138 1.0000000000
6895  -15.880  -88.196  35.838 1.0000000000
6946  -15.517  -88.461  33.792 1.0000000000
6952  -11.610  -88.145  32.274 1.0000000000
7598  -13.052  -87.935  32.333 1.0000000000
7561  -16.228  -87.697  34.962 1.0000000000
6325  -6.420  -89.720  33.347 1.0000000000
6924  -10.892  -87.970  34.279 1.0000000000
142377  -10.355  -88.511  32.474 1.0000000000
6974  -12.722  -88.830  31.494 1.0000000000
6345  -13.696  -89.294  32.250 1.0000000000
5772  -5.750  -90.184  32.867 1.0000000000
6306  -8.565  -88.979  33.627 1.0000000000
6905  -11.313  -87.580  34.881 1.0000000000
6371  -12.042  -89.097  30.912 1.0000000000
6390  -10.729  -89.477  30.037 1.0000000000
6324  -5.411  -89.338  33.132 1.0000000000
6304  -6.692  -89.077  33.991 1.0000000000
6305  -7.799  -89.044  34.047 1.0000000000
6939  -5.018  -88.629  33.478 1.0000000000
6949  -4.678  -88.334  32.982 1.0000000000
8288  -4.345  -86.408  30.210 0.8000000119
7619  -4.530  -87.271  30.561 0.8000000119
7374  -6.111  -87.600  48.098 0.5000000000
7391  -7.096  -87.892  47.667 0.5000000000
6779  -7.301  -88.447  46.430 0.6000000238
7390  -5.903  -88.061  47.421 0.6000000238
7399  -4.924  -87.940  46.740 0.6000000238
7400  -5.934  -88.392  46.671 0.6000000238
6797  -5.320  -89.152  44.726 0.8000000119
7444  -7.820  -86.941  42.937 1.0000000000
7445  -9.035  -87.324  43.192 1.0000000000
7428  -4.452  -87.489  44.341 1.0000000000
7461  -5.379  -87.525  42.686 1.0000000000
7448  -11.816  -87.991  43.846 1.0000000000
8114  -7.376  -86.445  43.507 1.0000000000
8115  -8.562  -86.592  43.714 1.0000000000
8116  -9.457  -86.935  43.966 1.0000000000
7447  -10.839  -88.030  43.856 1.0000000000
121669  -12.022  -88.019  43.150 1.0000000000
7467  -12.646  -87.863  42.730 1.0000000000
8113  -6.047  -86.474  43.555 1.0000000000
120077  -9.039  -86.253  44.363 1.0000000000
7430  -10.330  -87.590  44.503 1.0000000000
8099  -8.079  -85.727  44.027 1.0000000000
7415  -10.196  -87.321  45.429 1.0000000000
119870  -13.341  -87.554  42.187 1.0000000000
7493  -13.485  -87.533  40.573 1.0000000000
6307  -9.196  -88.731  33.897 1.0000000000
7494  -14.265  -87.158  40.222 1.0000000000
7495  -14.986  -86.822  39.888 1.0000000000
7510  -15.058  -87.278  38.918 1.0000000000
7526  -15.538  -87.477  38.080 1.0000000000
7576  -13.570  -87.024  33.771 1.0000000000
7511  -15.796  -86.943  38.640 1.0000000000
7536  -15.987  -87.539  37.361 1.0000000000
8195  -16.567  -86.418  37.984 1.0000000000
8245  -15.027  -86.527  34.253 1.0000000000
7548  -16.495  -87.148  36.312 1.0000000000
144300  -16.723  -86.097  37.978 1.0000000000
6940  -5.660  -88.967  33.821 1.0000000000
7574  -11.739  -87.687  34.193 1.0000000000
8244  -14.054  -86.494  34.312 1.0000000000
126212  -16.500  -86.542  35.957 1.0000000000
8900  -16.451  -85.699  39.161 1.0000000000
126025  -6.950  -88.713  34.655 1.0000000000
6923  -10.241  -88.327  34.380 1.0000000000
7560  -12.109  -87.098  34.741 1.0000000000
8243  -13.072  -86.724  34.527 1.0000000000
8229  -14.576  -85.998  34.849 1.0000000000
8230  -15.529  -86.165  34.899 1.0000000000
121986  -16.650  -85.724  37.199 1.0000000000
9643  -16.506  -85.072  37.622 1.0000000000
6920  -7.813  -88.581  34.856 1.0000000000
131700  -9.988  -88.233  34.992 1.0000000000
8954  -15.155  -85.560  35.417 1.0000000000
144891  -9.331  -88.360  34.947 1.0000000000
7558  -10.306  -87.638  35.760 1.0000000000
8938  -14.728  -84.960  35.935 1.0000000000
9658  -16.233  -85.096  36.862 1.0000000000
6919  -5.796  -88.731  34.618 1.0000000000
6918  -4.936  -88.427  34.395 1.0000000000
6917  -4.462  -87.626  34.317 1.0000000000
8282  -4.442  -86.507  31.149 0.6999999881
132995  -4.559  -86.811  32.121 0.8999999762
125562  -4.627  -87.784  32.374 0.8999999762
9030  -4.572  -85.880  28.981 0.6000000238
9011  -4.638  -85.746  29.859 0.6000000238
135506  -5.595  -87.185  48.185 0.5000000000
7414  -5.132  -88.576  46.039 0.6000000238
7413  -4.483  -87.499  45.441 0.8000000119
7446  -9.941  -87.723  43.653 1.0000000000
7442  -4.599  -87.655  43.421 1.0000000000
9521  -13.445  -85.105  44.306 1.0000000000
8814  -6.972  -85.363  44.208 1.0000000000
8083  -8.747  -85.643  44.922 1.0000000000
8085  -10.165  -87.059  46.348 1.0000000000
7449  -12.849  -87.762  43.745 1.0000000000
8143  -14.369  -86.901  42.672 1.0000000000
8117  -14.105  -85.661  43.529 1.0000000000
8144  -14.837  -86.697  41.823 1.0000000000
8131  -14.584  -86.231  43.032 1.0000000000
9538  -14.374  -85.010  43.090 1.0000000000
8162  -15.044  -86.652  40.911 1.0000000000
8145  -15.479  -86.137  41.550 1.0000000000
8164  -16.139  -86.050  39.814 1.0000000000
8879  -15.822  -85.763  40.755 1.0000000000
8180  -15.764  -86.584  39.433 1.0000000000
8181  -16.324  -86.352  38.777 1.0000000000
8227  -12.608  -86.502  35.285 1.0000000000
9611  -16.345  -85.089  39.283 1.0000000000
6893  -8.851  -87.840  36.105 1.0000000000
6894  -9.472  -87.976  35.590 1.0000000000
9626  -16.073  -84.470  38.822 1.0000000000
6902  -7.435  -88.307  35.555 1.0000000000
8228  -13.557  -86.154  35.009 1.0000000000
9627  -16.558  -85.166  38.482 1.0000000000
6901  -6.277  -88.447  35.431 1.0000000000
6903  -8.565  -88.281  35.378 1.0000000000
7547  -10.982  -87.033  36.121 1.0000000000
7559  -11.657  -86.919  35.572 1.0000000000
8953  -14.093  -85.544  35.442 1.0000000000
122641  -16.150  -84.413  37.993 1.0000000000
6900  -5.088  -88.386  35.297 1.0000000000
8998  -5.169  -85.306  31.502 0.8999999762
8266  -4.694  -85.455  32.929 0.8999999762
7597  -4.554  -87.346  32.937 1.0000000000
131198  -5.403  -85.354  29.922 0.6000000238
8024  -5.594  -86.583  48.501 0.5000000000
8046  -5.298  -87.545  47.637 0.5000000000
8023  -4.993  -86.742  47.839 0.5000000000
135054  -4.301  -86.921  46.083 0.8000000119
9485  -11.262  -84.621  47.121 1.0000000000
140631  -11.597  -84.063  46.374 1.0000000000
8096  -4.536  -86.704  44.511 1.0000000000
8781  -11.613  -85.509  46.964 1.0000000000
9506  -12.597  -84.828  45.540 1.0000000000
7431  -11.449  -87.918  44.639 1.0000000000
8069  -11.846  -86.432  46.704 1.0000000000
8816  -13.093  -85.605  44.950 1.0000000000
8097  -5.556  -85.982  44.133 1.0000000000
132690  -11.096  -87.709  45.427 1.0000000000
128660  -12.366  -87.714  44.594 1.0000000000
143668  -10.772  -87.427  46.088 1.0000000000
7434  -13.155  -87.309  44.537 1.0000000000
7450  -13.612  -87.228  43.937 1.0000000000
11031  -7.866  -82.843  42.395 1.0000000000
9552  -13.682  -84.543  42.620 1.0000000000
9571  -7.917  -84.546  42.212 1.0000000000
9553  -14.893  -84.979  42.470 1.0000000000
8843  -15.317  -85.513  42.129 1.0000000000
9572  -14.551  -84.553  41.797 1.0000000000
9573  -15.392  -84.974  41.776 1.0000000000
9596  -14.997  -84.548  40.996 1.0000000000
9598  -16.134  -85.424  39.967 1.0000000000
9597  -15.708  -85.042  40.820 1.0000000000
143175  -8.304  -86.520  40.148 1.0000000000
10327  -15.875  -84.650  39.739 1.0000000000
7523  -7.839  -87.383  38.725 1.0000000000
8952  -13.081  -85.808  35.665 1.0000000000
10340  -15.603  -83.993  39.052 1.0000000000
7545  -9.623  -87.557  36.615 1.0000000000
8214  -11.575  -86.619  36.500 1.0000000000
8215  -12.243  -86.281  36.063 1.0000000000
8937  -13.630  -85.131  36.057 1.0000000000
9657  -15.370  -84.502  36.693 1.0000000000
6891  -6.638  -88.072  36.365 1.0000000000
7557  -4.595  -87.850  35.677 1.0000000000
8984  -5.123  -85.106  32.280 0.8999999762
8224  -4.414  -86.888  35.673 1.0000000000
8265  -4.640  -85.786  32.257 0.8999999762
8240  -4.406  -86.552  34.312 1.0000000000
10188  -4.848  -84.134  48.597 0.5000000000
9444  -4.795  -84.977  48.338 0.5000000000
9483  -4.250  -84.299  46.583 0.6999999881
9461  -4.260  -84.237  47.680 0.6000000238
8778  -4.232  -85.089  46.306 0.8000000119
8066  -4.147  -85.954  46.077 0.8000000119
7389  -4.709  -86.833  46.934 0.8000000119
131109  -9.516  -83.266  47.696 1.0000000000
9465  -10.580  -84.225  47.458 1.0000000000
8796  -4.837  -85.052  45.250 0.8000000119
131055  -8.866  -83.194  47.591 1.0000000000
8759  -10.090  -85.401  47.804 1.0000000000
9464  -10.266  -84.816  47.823 1.0000000000
9505  -12.012  -84.021  45.623 1.0000000000
8797  -5.793  -85.270  44.519 1.0000000000
8082  -4.556  -86.143  45.111 0.8999999762
9519  -12.248  -83.899  44.593 1.0000000000
133418  -9.642  -86.899  44.668 1.0000000000
8047  -9.885  -85.957  47.439 1.0000000000
8048  -10.552  -86.124  47.507 1.0000000000
8815  -8.016  -85.233  44.662 1.0000000000
8084  -9.422  -86.490  45.443 1.0000000000
7403  -11.462  -87.038  46.994 1.0000000000
124872  -12.443  -84.158  43.956 1.0000000000
142353  -11.758  -83.712  43.341 1.0000000000
7416  -11.565  -87.382  46.207 1.0000000000
8100  -13.062  -86.656  45.060 1.0000000000
11037  -8.756  -82.702  40.808 1.0000000000
9536  -12.042  -84.082  43.126 1.0000000000
11051  -10.297  -82.987  39.070 1.0000000000
9594  -8.497  -84.855  41.401 1.0000000000
11032  -8.296  -83.339  41.767 1.0000000000
10323  -9.074  -84.151  40.900 1.0000000000
10337  -9.699  -84.114  40.189 1.0000000000
126213  -9.897  -83.372  39.728 1.0000000000
11063  -10.803  -82.466  38.317 1.0000000000
8877  -7.180  -85.828  41.236 1.0000000000
9610  -10.056  -84.976  39.868 1.0000000000
10338  -10.425  -83.958  39.433 1.0000000000
141700  -15.340  -84.419  40.324 1.0000000000
10326  -14.514  -83.829  40.220 1.0000000000
8878  -8.306  -85.599  41.102 1.0000000000
8898  -9.711  -85.960  40.156 1.0000000000
9623  -10.751  -84.804  39.103 1.0000000000
10352  -11.739  -83.446  37.948 1.0000000000
125104  -15.189  -83.939  39.606 1.0000000000
7524  -9.002  -87.416  38.573 1.0000000000
8179  -10.580  -86.394  39.146 1.0000000000
8912  -10.866  -85.756  38.876 1.0000000000
10353  -15.484  -83.725  38.277 1.0000000000
9624  -11.365  -84.945  38.487 1.0000000000
9641  -14.768  -83.748  37.028 1.0000000000
7532  -7.004  -87.594  37.925 1.0000000000
7533  -8.224  -87.578  37.814 1.0000000000
125986  -10.761  -87.058  38.383 1.0000000000
8923  -11.583  -85.922  37.534 1.0000000000
8936  -12.692  -85.552  36.410 1.0000000000
9655  -13.201  -84.758  36.669 1.0000000000
7531  -5.615  -87.638  38.150 1.0000000000
142285  -5.691  -88.044  36.814 1.0000000000
121074  -4.650  -87.523  36.444 1.0000000000
8961  -5.214  -84.916  34.515 0.8999999762
129973  -4.530  -86.005  34.814 1.0000000000
125467  -5.142  -84.841  33.064 0.8999999762
9013  -6.083  -85.289  30.501 0.5000000000
128319  -4.363  -83.315  47.976 0.5000000000
10203  -4.297  -83.527  46.808 0.6999999881
8740  -4.900  -85.842  48.076 0.5000000000
130101  -4.255  -85.071  47.376 0.6000000238
11709  -7.921  -81.711  47.213 1.0000000000
8757  -4.408  -85.905  47.092 0.8000000119
10932  -9.810  -82.488  47.569 1.0000000000
129060  -10.367  -83.250  47.375 1.0000000000
10930  -8.389  -82.474  47.433 1.0000000000
125369  -9.255  -83.939  47.631 1.0000000000
10206  -11.082  -83.692  46.765 1.0000000000
10224  -8.443  -83.768  46.844 1.0000000000
10226  -11.817  -83.442  46.028 1.0000000000
8779  -8.787  -85.102  46.579 1.0000000000
10258  -12.178  -83.411  44.998 1.0000000000
9504  -8.350  -84.608  45.588 1.0000000000
8780  -9.258  -85.740  46.888 1.0000000000
8068  -10.321  -86.681  47.123 1.0000000000
9535  -11.811  -83.526  43.530 1.0000000000
11780  -6.767  -82.117  43.520 1.0000000000
11818  -8.603  -81.805  40.222 1.0000000000
10270  -11.291  -82.966  43.362 1.0000000000
141578  -9.918  -81.071  38.468 1.0000000000
10286  -10.865  -82.821  42.745 1.0000000000
11062  -10.053  -82.067  38.742 1.0000000000
11843  -10.753  -81.531  37.982 1.0000000000
10306  -11.810  -83.346  41.496 1.0000000000
10322  -8.543  -84.063  41.468 1.0000000000
11844  -11.663  -80.942  37.503 1.0000000000
9593  -7.914  -85.296  41.779 1.0000000000
11064  -11.405  -82.786  37.957 1.0000000000
11041  -13.902  -83.049  39.575 1.0000000000
10325  -13.355  -83.436  40.524 1.0000000000
10366  -12.664  -83.094  37.232 1.0000000000
11075  -13.801  -82.179  37.362 1.0000000000
143538  -14.655  -83.370  39.389 1.0000000000
8177  -7.362  -86.693  39.979 1.0000000000
8899  -10.386  -85.777  39.503 1.0000000000
123517  -11.294  -84.179  38.565 1.0000000000
10369  -14.897  -83.201  37.653 1.0000000000
11065  -14.740  -82.891  38.153 1.0000000000
10339  -15.106  -83.400  38.807 1.0000000000
127647  -9.114  -86.660  39.836 1.0000000000
8178  -10.047  -86.530  39.552 1.0000000000
9625  -12.092  -84.178  37.833 1.0000000000
10368  -14.192  -83.003  37.218 1.0000000000
8192  -9.671  -87.137  39.224 1.0000000000
8193  -10.884  -86.591  38.677 1.0000000000
8913  -11.197  -85.807  38.200 1.0000000000
9638  -11.883  -85.094  37.840 1.0000000000
9639  -12.692  -84.451  37.258 1.0000000000
9640  -13.800  -83.912  36.858 1.0000000000
7522  -6.632  -87.420  38.614 1.0000000000
127684  -4.872  -87.447  37.934 1.0000000000
8210  -4.585  -87.033  37.186 1.0000000000
129038  -4.530  -86.634  36.293 1.0000000000
8947  -4.754  -85.647  35.573 1.0000000000
8969  -5.466  -84.659  33.642 0.8999999762
8985  -5.802  -84.851  32.692 0.8000000119
126050  -7.627  -82.398  46.496 1.0000000000
11710  -8.721  -81.811  47.750 1.0000000000
9502  -4.683  -84.278  45.620 0.8000000119
10204  -8.228  -83.122  46.982 1.0000000000
10225  -11.138  -82.827  46.480 1.0000000000
134966  -5.785  -84.037  44.745 0.8999999762
8758  -9.406  -85.274  47.486 1.0000000000
10969  -12.037  -82.964  45.677 1.0000000000
119712  -6.199  -84.599  44.537 1.0000000000
9503  -7.537  -83.933  44.942 1.0000000000
9484  -8.421  -84.175  46.241 1.0000000000
10970  -12.260  -82.500  45.534 1.0000000000
133936  -12.079  -83.297  43.995 1.0000000000
10987  -12.142  -82.994  44.418 1.0000000000
8798  -7.532  -84.814  44.640 1.0000000000
11004  -11.553  -82.646  43.596 1.0000000000
11781  -7.901  -82.068  42.899 1.0000000000
11809  -8.410  -82.181  41.511 1.0000000000
11017  -6.159  -82.833  43.260 1.0000000000
11003  -10.932  -82.321  42.914 1.0000000000
11019  -10.713  -82.145  42.244 1.0000000000
10285  -6.450  -83.687  43.346 1.0000000000
138963  -10.798  -80.729  37.780 1.0000000000
9570  -7.004  -85.282  42.084 1.0000000000
11810  -10.970  -81.528  40.977 1.0000000000
11033  -11.178  -82.409  41.136 1.0000000000
11846  -13.289  -81.047  37.641 1.0000000000
11040  -12.963  -82.442  39.896 1.0000000000
143360  -12.613  -83.455  40.997 1.0000000000
8858  -6.133  -85.675  41.500 1.0000000000
11074  -13.123  -82.192  37.205 1.0000000000
133993  -14.440  -82.791  38.691 1.0000000000
132422  -5.935  -86.184  41.032 1.0000000000
11073  -12.203  -82.463  37.465 1.0000000000
8897  -8.848  -86.101  40.557 1.0000000000
133742  -13.493  -82.744  37.064 1.0000000000
8176  -6.164  -86.901  39.773 1.0000000000
8190  -6.986  -87.136  39.271 1.0000000000
10367  -13.213  -83.618  37.054 1.0000000000
7521  -5.766  -87.290  39.013 1.0000000000
8930  -4.725  -85.876  36.493 1.0000000000
129777  -5.372  -85.288  36.017 1.0000000000
8970  -6.292  -85.024  33.524 0.8000000119
10929  -4.395  -82.760  46.841 0.6000000238
11727  -6.232  -81.298  45.155 0.8999999762
11728  -7.186  -81.541  46.073 1.0000000000
127375  -7.558  -80.910  46.972 1.0000000000
10949  -4.711  -82.216  45.756 0.6000000238
10966  -5.100  -82.880  45.388 0.8000000119
10951  -6.718  -82.153  45.253 0.8999999762
138216  -8.019  -80.440  47.362 1.0000000000
11711  -9.370  -81.932  47.707 1.0000000000
10241  -5.435  -83.449  45.092 0.8000000119
11712  -9.992  -81.656  47.329 1.0000000000
10952  -10.506  -82.264  47.054 1.0000000000
10967  -6.208  -82.752  44.906 0.8999999762
10242  -6.822  -83.249  44.886 1.0000000000
142478  -7.729  -82.901  46.288 1.0000000000
134815  -11.006  -82.070  46.544 1.0000000000
10953  -11.634  -82.287  46.204 1.0000000000
10971  -12.832  -82.168  45.222 1.0000000000
10989  -13.236  -82.124  44.640 1.0000000000
10990  -13.738  -81.981  43.894 1.0000000000
133795  -6.329  -81.259  43.498 1.0000000000
11797  -8.405  -81.365  41.966 1.0000000000
12590  -8.531  -80.531  41.422 1.0000000000
126995  -8.436  -80.259  40.171 1.0000000000
12600  -8.938  -80.077  39.211 1.0000000000
11767  -11.350  -81.898  43.101 1.0000000000
11768  -12.284  -81.694  43.231 1.0000000000
11786  -14.351  -81.817  43.208 1.0000000000
11796  -4.850  -81.691  41.966 1.0000000000
12612  -9.563  -80.387  38.623 1.0000000000
142648  -10.648  -79.587  37.947 1.0000000000
11783  -10.950  -81.608  42.391 1.0000000000
11784  -11.770  -81.143  42.507 1.0000000000
11808  -4.523  -82.007  40.662 1.0000000000
10302  -4.620  -83.345  41.979 1.0000000000
12613  -10.315  -80.242  38.090 1.0000000000
11798  -10.875  -81.497  41.646 1.0000000000
12573  -12.738  -80.785  42.397 1.0000000000
134819  -14.493  -81.572  42.638 1.0000000000
12580  -11.220  -80.744  40.959 1.0000000000
10303  -5.556  -84.189  42.820 1.0000000000
12625  -12.574  -80.410  37.630 1.0000000000
13373  -12.304  -79.226  40.449 1.0000000000
11833  -13.086  -80.337  37.929 1.0000000000
11039  -11.725  -81.900  40.377 1.0000000000
11811  -11.594  -80.846  40.226 1.0000000000
11821  -13.317  -81.084  38.337 1.0000000000
11053  -13.679  -82.090  38.847 1.0000000000
11835  -13.853  -81.577  37.718 1.0000000000
11822  -14.156  -81.848  38.051 1.0000000000
130351  -10.873  -84.092  38.975 1.0000000000
7506  -5.121  -87.032  39.419 1.0000000000
8908  -4.791  -85.661  38.205 1.0000000000
8931  -5.429  -85.345  36.650 1.0000000000
120966  -6.381  -85.313  36.161 0.8999999762
8948  -5.688  -84.867  35.201 0.8999999762
8986  -6.880  -85.698  32.693 0.8000000119
11725  -4.650  -81.389  46.038 0.6000000238
10950  -5.665  -82.105  44.955 0.8000000119
133756  -8.344  -81.062  47.614 1.0000000000
134328  -9.288  -81.115  47.671 1.0000000000
12519  -10.112  -80.718  46.987 1.0000000000
10968  -7.187  -82.801  45.538 1.0000000000
11729  -10.706  -81.454  46.797 1.0000000000
11730  -11.407  -81.493  46.455 1.0000000000
12532  -11.866  -80.328  45.972 1.0000000000
11731  -12.111  -81.608  46.109 1.0000000000
12533  -12.584  -80.840  45.877 1.0000000000
134053  -13.267  -81.080  45.524 1.0000000000
11743  -13.874  -80.952  45.191 1.0000000000
11757  -14.141  -81.569  44.576 1.0000000000
143510  -14.505  -81.729  43.794 1.0000000000
13385  -8.675  -79.377  39.898 1.0000000000
13386  -9.392  -79.122  39.046 1.0000000000
11787  -15.276  -81.611  42.662 1.0000000000
14168  -13.494  -78.133  39.458 1.0000000000
12572  -11.966  -80.228  41.835 1.0000000000
11800  -14.931  -81.455  42.161 1.0000000000
11048  -4.421  -82.745  40.067 1.0000000000
12624  -11.443  -80.000  37.640 1.0000000000
13364  -12.432  -79.554  41.306 1.0000000000
12583  -14.314  -80.810  41.803 1.0000000000
12584  -15.351  -81.168  41.597 1.0000000000
11049  -8.991  -82.388  39.975 1.0000000000
13387  -12.735  -78.969  39.221 1.0000000000
12581  -11.655  -79.987  41.044 1.0000000000
12582  -13.052  -80.155  41.992 1.0000000000
9568  -4.722  -84.307  41.801 1.0000000000
10304  -6.716  -84.539  42.825 1.0000000000
12615  -13.172  -80.543  37.807 1.0000000000
11820  -12.486  -80.278  39.089 1.0000000000
121540  -11.905  -79.814  39.990 1.0000000000
13376  -15.166  -79.735  40.527 1.0000000000
9569  -5.571  -85.147  42.096 1.0000000000
9592  -4.596  -84.762  40.971 1.0000000000
11052  -12.618  -81.360  39.462 1.0000000000
8896  -4.620  -85.783  40.035 1.0000000000
8876  -5.121  -85.789  41.036 1.0000000000
8159  -5.394  -86.464  40.273 1.0000000000
129545  -6.585  -85.376  37.079 1.0000000000
8920  -5.509  -85.200  37.387 1.0000000000
8949  -6.617  -85.177  35.104 0.8999999762
8963  -6.989  -85.433  34.259 0.6999999881
8252  -7.453  -86.019  33.432 0.6000000238
133398  -4.613  -80.783  46.363 0.6000000238
131553  -5.614  -80.538  44.943 0.8000000119
11726  -5.266  -81.384  45.311 0.6000000238
13294  -8.230  -79.810  47.253 1.0000000000
14069  -8.478  -79.048  46.951 1.0000000000
12505  -7.456  -80.022  46.644 1.0000000000
12507  -9.389  -80.362  47.386 1.0000000000
13295  -9.012  -79.740  47.344 1.0000000000
120432  -9.879  -79.183  46.458 1.0000000000
13321  -10.596  -79.152  45.940 1.0000000000
13307  -10.439  -79.903  46.411 1.0000000000
13308  -11.165  -79.801  45.926 1.0000000000
12520  -11.125  -80.669  46.445 1.0000000000
13324  -13.192  -79.566  45.159 1.0000000000
122937  -13.294  -80.408  45.451 1.0000000000
14102  -11.386  -78.367  45.091 1.0000000000
14103  -12.197  -79.000  45.009 1.0000000000
12545  -14.500  -80.693  44.639 1.0000000000
11769  -15.105  -81.646  43.376 1.0000000000
132536  -5.531  -81.106  42.732 1.0000000000
11782  -8.158  -81.214  42.839 1.0000000000
13363  -8.744  -79.878  42.389 1.0000000000
14186  -13.126  -77.829  38.846 1.0000000000
11020  -13.320  -81.834  43.486 1.0000000000
11770  -15.730  -81.460  43.057 1.0000000000
134169  -8.492  -81.159  40.670 1.0000000000
14182  -10.339  -78.999  38.317 1.0000000000
14185  -12.460  -78.174  38.556 1.0000000000
14151  -13.740  -78.567  40.220 1.0000000000
11801  -15.814  -81.544  41.960 1.0000000000
13401  -12.020  -78.665  38.012 1.0000000000
13402  -12.418  -78.921  38.218 1.0000000000
13374  -13.063  -78.971  40.804 1.0000000000
12591  -14.716  -80.151  41.237 1.0000000000
10321  -4.101  -83.657  40.684 1.0000000000
12614  -12.774  -79.875  37.902 1.0000000000
13389  -15.514  -79.420  39.869 1.0000000000
136805  -16.643  -80.295  39.474 1.0000000000
134062  -4.181  -84.178  39.994 1.0000000000
124085  -16.118  -79.602  39.379 1.0000000000
9619  -4.974  -84.054  39.161 1.0000000000
8909  -5.699  -84.728  37.941 1.0000000000
8921  -6.912  -85.242  37.614 1.0000000000
137880  -7.510  -85.773  35.907 0.8000000119
132225  -7.733  -86.023  35.017 0.6999999881
12516  -4.873  -80.571  45.507 0.6000000238
12530  -5.050  -79.830  44.826 0.6999999881
12531  -5.844  -79.680  44.635 0.6999999881
132432  -6.642  -79.865  45.309 0.8000000119
13306  -7.131  -79.157  45.999 0.8000000119
13293  -7.784  -79.326  46.780 0.8999999762
14083  -6.708  -78.362  45.342 0.8000000119
137977  -9.268  -79.245  46.903 1.0000000000
14086  -9.184  -78.502  46.553 1.0000000000
14087  -10.028  -78.507  45.955 1.0000000000
14101  -10.747  -78.481  45.509 1.0000000000
14904  -11.951  -78.027  44.743 1.0000000000
13336  -13.752  -79.166  44.638 1.0000000000
14111  -14.845  -78.933  43.979 1.0000000000
13338  -15.203  -79.613  43.994 1.0000000000
14118  -14.817  -78.103  43.783 1.0000000000
12546  -14.889  -81.300  44.056 1.0000000000
12558  -15.528  -81.103  43.583 1.0000000000
124459  -4.800  -81.107  40.868 1.0000000000
12569  -7.000  -80.431  43.533 1.0000000000
12570  -8.169  -80.468  43.169 1.0000000000
127637  -9.972  -78.140  38.911 1.0000000000
12559  -16.243  -80.980  43.128 1.0000000000
14169  -14.399  -78.189  39.600 1.0000000000
11788  -16.290  -81.466  42.414 1.0000000000
125153  -4.874  -81.932  39.505 1.0000000000
14183  -11.097  -78.379  38.257 1.0000000000
11813  -16.956  -81.432  40.931 1.0000000000
138631  -14.737  -78.907  40.104 1.0000000000
12593  -17.057  -81.055  40.058 1.0000000000
11060  -5.151  -82.656  39.155 1.0000000000
11842  -7.521  -81.577  37.038 0.6999999881
12601  -12.638  -79.453  38.415 1.0000000000
10348  -5.534  -83.334  38.834 1.0000000000
9620  -5.770  -84.199  38.492 1.0000000000
8910  -7.296  -84.973  38.076 1.0000000000
120731  -7.767  -85.594  37.308 0.8999999762
8225  -8.464  -86.158  35.793 0.6999999881
13318  -4.677  -79.112  44.991 0.6000000238
13319  -5.236  -79.154  44.666 0.6999999881
14099  -5.169  -78.340  44.817 0.5000000000
13305  -6.287  -78.943  44.835 0.6999999881
14085  -8.357  -78.304  46.567 0.8999999762
14888  -8.684  -77.707  46.275 1.0000000000
15725  -9.101  -76.951  45.848 1.0000000000
15735  -5.244  -76.396  45.762 0.6000000238
14886  -6.877  -77.667  45.503 0.6999999881
14902  -9.932  -77.161  45.513 1.0000000000
14890  -10.268  -77.895  45.479 1.0000000000
15740  -11.255  -76.869  44.987 1.0000000000
133773  -6.015  -77.042  45.369 0.6000000238
14901  -7.145  -76.983  45.602 0.6000000238
16575  -7.330  -76.202  45.424 0.6999999881
14912  -11.894  -77.256  44.694 1.0000000000
16576  -8.852  -75.663  45.179 0.8000000119
15739  -10.498  -76.447  45.312 1.0000000000
14110  -13.450  -78.316  44.395 1.0000000000
14915  -13.900  -77.583  43.997 1.0000000000
126274  -5.534  -79.545  42.699 0.8999999762
13354  -6.518  -79.459  43.437 0.8999999762
14119  -15.422  -78.873  43.623 1.0000000000
13362  -5.080  -79.593  41.560 0.8999999762
134560  -16.083  -79.193  43.341 1.0000000000
12578  -4.936  -80.332  41.154 0.8999999762
12567  -5.244  -80.309  42.224 0.8999999762
12568  -5.902  -80.357  43.327 0.8999999762
13355  -7.712  -79.683  43.436 1.0000000000
14134  -9.084  -78.853  41.929 1.0000000000
14150  -9.105  -78.154  40.834 1.0000000000
14972  -9.506  -77.677  39.985 1.0000000000
15836  -11.634  -77.035  38.717 1.0000000000
14994  -12.533  -77.355  38.697 1.0000000000
13358  -17.309  -79.637  42.646 1.0000000000
143517  -4.866  -81.322  39.960 0.8999999762
13372  -8.658  -79.637  41.035 1.0000000000
14187  -13.904  -77.679  39.030 1.0000000000
133679  -17.915  -80.320  42.235 1.0000000000
13367  -19.549  -78.865  41.242 1.0000000000
136682  -5.402  -80.043  38.115 0.8999999762
14993  -10.883  -77.522  38.685 1.0000000000
12576  -18.441  -80.630  41.680 1.0000000000
11831  -5.332  -81.793  38.437 1.0000000000
14188  -14.898  -77.742  38.831 1.0000000000
12585  -18.869  -80.991  40.980 1.0000000000
12586  -19.597  -80.682  40.491 1.0000000000
12611  -5.597  -80.816  37.899 0.8999999762
12617  -18.198  -80.829  38.867 1.0000000000
12594  -18.979  -81.345  40.153 1.0000000000
11832  -5.996  -81.685  37.609 1.0000000000
12622  -5.960  -80.561  37.378 0.8999999762
14171  -16.253  -79.179  38.839 1.0000000000
13390  -16.749  -79.841  38.887 1.0000000000
13391  -20.256  -80.400  39.743 1.0000000000
13408  -21.002  -79.464  38.520 1.0000000000
14174  -22.201  -78.446  38.767 1.0000000000
11070  -6.323  -82.587  37.626 1.0000000000
12628  -7.661  -80.759  37.111 0.6000000238
13404  -17.546  -80.045  38.470 1.0000000000
12606  -20.079  -80.617  38.829 1.0000000000
13423  -20.773  -79.225  37.911 1.0000000000
14999  -22.326  -78.113  38.294 1.0000000000
10363  -6.885  -83.200  37.604 1.0000000000
124797  -7.539  -82.968  37.238 0.8000000119
11081  -9.021  -82.239  36.787 0.6999999881
14189  -16.180  -78.535  38.501 1.0000000000
13403  -16.862  -79.207  38.343 1.0000000000
13420  -17.797  -79.251  37.820 1.0000000000
13405  -18.511  -80.227  38.180 1.0000000000
13422  -19.856  -79.448  37.718 1.0000000000
14204  -21.164  -78.465  37.656 1.0000000000
10364  -7.827  -84.044  37.934 1.0000000000
10375  -8.406  -83.201  37.103 0.6000000238
14201  -18.410  -78.779  37.476 1.0000000000
15018  -18.498  -78.055  37.195 1.0000000000
136871  -19.876  -77.632  37.127 1.0000000000
15020  -20.643  -77.714  37.264 1.0000000000
9636  -8.255  -84.983  38.091 1.0000000000
8932  -8.741  -85.607  37.264 0.6999999881
14887  -7.864  -77.763  46.131 0.8000000119
129292  -9.216  -76.277  45.455 0.8000000119
15738  -9.721  -76.533  45.485 0.8999999762
16577  -9.822  -75.802  45.293 0.8999999762
143021  -12.412  -77.567  44.521 1.0000000000
16573  -5.107  -75.451  45.794 0.6000000238
16574  -6.079  -75.269  45.326 0.6000000238
135004  -7.890  -75.619  45.182 0.6000000238
16578  -10.704  -75.587  45.168 0.8999999762
15746  -11.939  -76.448  44.810 1.0000000000
15749  -14.037  -76.786  43.938 1.0000000000
14924  -14.682  -77.144  43.758 1.0000000000
14925  -15.343  -77.605  43.490 1.0000000000
143328  -15.362  -78.180  43.539 1.0000000000
14127  -16.566  -77.840  42.872 1.0000000000
123951  -8.987  -79.071  42.909 1.0000000000
131939  -9.449  -77.476  40.944 1.0000000000
14983  -10.940  -76.696  39.203 1.0000000000
13357  -16.636  -78.847  42.992 1.0000000000
14136  -19.112  -77.980  41.631 1.0000000000
13384  -5.149  -79.722  39.617 0.8999999762
14995  -13.419  -77.266  38.783 1.0000000000
13378  -20.634  -79.553  39.929 1.0000000000
13416  -5.673  -79.821  37.452 0.8999999762
132644  -13.089  -76.715  38.890 1.0000000000
14996  -14.243  -77.166  38.748 1.0000000000
12605  -19.579  -81.114  39.502 1.0000000000
14173  -21.852  -78.910  39.064 1.0000000000
14975  -22.047  -77.655  39.793 1.0000000000
15838  -14.598  -76.257  38.746 1.0000000000
139953  -15.641  -78.038  38.645 1.0000000000
12618  -19.153  -80.898  38.718 1.0000000000
14985  -22.741  -77.911  38.786 1.0000000000
13406  -19.518  -80.223  38.128 1.0000000000
15840  -23.640  -76.931  38.507 1.0000000000
15015  -16.038  -77.062  37.971 1.0000000000
14998  -16.110  -77.819  38.166 1.0000000000
14190  -16.862  -78.336  37.804 1.0000000000
15861  -22.765  -76.941  37.556 1.0000000000
15858  -17.128  -77.536  37.350 1.0000000000
15021  -21.505  -77.711  37.450 1.0000000000
15878  -22.170  -76.160  37.057 1.0000000000
16689  -23.157  -76.214  37.293 1.0000000000
10365  -8.794  -84.311  37.505 0.6000000238
15037  -18.633  -77.276  36.912 1.0000000000
143406  -7.149  -75.554  45.234 0.6000000238
17433  -10.151  -75.161  44.938 0.8000000119
16590  -10.813  -74.813  44.867 0.8999999762
15748  -13.334  -76.886  44.072 1.0000000000
125109  -6.980  -74.901  44.994 0.6000000238
17432  -9.350  -75.048  44.818 0.6999999881
15747  -12.495  -76.171  44.624 1.0000000000
15759  -14.628  -76.147  43.798 1.0000000000
14123  -6.541  -78.480  43.269 0.8999999762
13347  -7.367  -78.957  43.426 1.0000000000
18249  -8.501  -73.138  44.004 0.6999999881
18253  -13.064  -74.022  44.388 0.8999999762
15760  -15.365  -76.725  43.442 1.0000000000
14940  -16.515  -77.048  42.850 1.0000000000
18269  -11.229  -73.206  43.975 0.6999999881
124945  -5.219  -78.833  42.059 0.8999999762
13353  -5.829  -78.838  42.940 0.8999999762
13348  -8.338  -79.022  43.338 1.0000000000
128910  -9.199  -78.240  42.657 1.0000000000
14126  -9.382  -77.322  42.355 1.0000000000
14135  -9.372  -77.867  41.858 1.0000000000
15802  -10.528  -76.412  40.138 1.0000000000
14128  -17.369  -78.410  42.553 1.0000000000
14959  -19.534  -77.178  41.473 1.0000000000
121365  -5.167  -79.020  39.828 0.8999999762
14129  -18.066  -78.433  42.253 1.0000000000
14181  -5.422  -78.377  37.854 0.8999999762
130014  -12.281  -76.525  38.896 1.0000000000
13366  -18.812  -78.939  41.996 1.0000000000
14138  -20.630  -78.135  40.449 1.0000000000
14960  -20.336  -77.293  40.906 1.0000000000
13398  -5.302  -79.262  38.688 0.8999999762
15803  -11.190  -75.936  39.793 1.0000000000
129156  -19.294  -80.041  41.520 1.0000000000
14974  -21.155  -77.466  40.324 1.0000000000
15806  -22.577  -76.951  39.807 1.0000000000
14154  -21.495  -78.440  39.749 1.0000000000
14976  -22.846  -77.631  39.283 1.0000000000
14986  -23.322  -77.319  38.845 1.0000000000
15841  -24.240  -76.408  38.444 1.0000000000
15857  -16.589  -76.886  37.418 1.0000000000
16690  -24.040  -76.154  37.689 1.0000000000
16691  -24.801  -75.817  38.128 1.0000000000
15873  -17.263  -76.777  36.921 1.0000000000
15859  -20.969  -76.938  37.072 1.0000000000
15877  -21.257  -76.163  36.901 1.0000000000
121747  -18.071  -76.696  36.683 1.0000000000
15875  -19.589  -76.380  36.702 1.0000000000
15039  -20.139  -76.963  36.993 1.0000000000
16708  -22.477  -75.420  36.718 1.0000000000
16710  -24.264  -75.307  37.283 1.0000000000
17431  -8.148  -74.770  44.712 0.6000000238
17446  -9.002  -74.156  44.465 0.6999999881
16592  -12.757  -75.645  44.583 1.0000000000
17445  -7.821  -73.564  44.369 0.6999999881
15758  -13.754  -76.179  44.106 1.0000000000
16605  -14.074  -75.338  44.006 1.0000000000
16606  -14.876  -75.112  43.703 1.0000000000
16607  -15.535  -75.731  43.387 1.0000000000
16608  -16.296  -75.597  43.016 1.0000000000
15774  -16.941  -76.279  42.738 1.0000000000
14122  -5.517  -78.056  42.600 0.8999999762
14124  -7.683  -78.165  43.358 1.0000000000
125249  -9.155  -77.793  42.991 1.0000000000
14956  -9.684  -76.996  41.570 1.0000000000
14973  -9.879  -76.963  40.521 1.0000000000
135461  -17.270  -77.296  42.587 1.0000000000
15791  -19.225  -76.208  41.904 1.0000000000
122597  -5.041  -78.912  40.896 0.8999999762
14957  -10.280  -76.383  41.190 1.0000000000
123131  -18.429  -77.897  42.093 1.0000000000
14165  -5.213  -78.306  39.024 0.8999999762
14981  -5.175  -77.449  39.374 0.8999999762
15788  -9.878  -76.513  41.835 1.0000000000
16664  -12.014  -75.666  39.403 1.0000000000
15792  -20.078  -76.421  41.302 1.0000000000
15804  -20.852  -76.562  40.728 1.0000000000
127135  -6.750  -76.135  39.407 0.8000000119
15790  -10.862  -75.842  40.825 1.0000000000
15818  -12.830  -76.064  39.183 1.0000000000
132222  -23.043  -76.409  39.739 1.0000000000
16661  -6.171  -75.652  39.964 0.8000000119
16665  -12.928  -75.328  39.380 1.0000000000
15837  -13.789  -76.752  38.801 1.0000000000
16670  -24.216  -75.830  39.375 1.0000000000
17526  -24.951  -75.258  39.332 1.0000000000
16666  -13.827  -75.158  39.246 1.0000000000
15821  -23.873  -76.772  38.911 1.0000000000
15822  -24.419  -76.273  39.019 1.0000000000
17534  -25.833  -75.619  39.197 1.0000000000
133466  -15.041  -75.572  38.539 1.0000000000
15839  -15.456  -76.422  38.340 1.0000000000
17571  -25.134  -75.132  37.790 1.0000000000
15856  -16.032  -76.292  37.763 1.0000000000
16678  -15.566  -75.786  38.113 1.0000000000
15872  -16.490  -76.066  36.868 1.0000000000
15874  -18.833  -76.573  36.647 1.0000000000
17572  -25.258  -74.355  37.368 1.0000000000
18362  -7.722  -73.256  37.399 0.4000000060
16704  -19.037  -75.909  36.341 1.0000000000
15876  -20.405  -76.234  36.799 1.0000000000
16706  -20.677  -75.505  36.572 1.0000000000
16707  -21.549  -75.435  36.635 1.0000000000
17570  -23.671  -74.622  36.448 1.0000000000
130520  -24.450  -74.473  36.853 1.0000000000
143366  -21.711  -72.252  35.450 1.0000000000
19233  -22.595  -72.252  35.504 1.0000000000
18250  -9.697  -73.630  44.235 0.6999999881
18251  -10.816  -73.912  44.455 0.8000000119
134696  -11.695  -73.691  44.444 0.8000000119
18267  -9.076  -72.663  43.659 0.6999999881
18271  -13.625  -73.757  43.963 0.8999999762
17450  -13.541  -74.603  44.240 1.0000000000
19086  -12.102  -73.178  44.111 0.8000000119
17463  -14.268  -74.393  43.828 1.0000000000
17465  -15.696  -74.118  43.053 1.0000000000
16624  -17.054  -75.182  42.658 1.0000000000
14938  -7.383  -77.220  43.098 1.0000000000
20006  -14.023  -71.854  41.333 0.8999999762
17486  -17.470  -74.479  42.219 1.0000000000
15775  -17.768  -75.819  42.522 1.0000000000
14133  -5.011  -78.158  41.302 0.8999999762
14939  -8.565  -77.618  43.191 1.0000000000
136793  -9.045  -77.098  42.882 1.0000000000
15776  -18.362  -76.383  42.298 1.0000000000
17498  -19.421  -74.738  41.118 1.0000000000
16640  -20.541  -75.623  40.988 1.0000000000
15787  -4.761  -76.095  41.512 0.8999999762
15770  -6.252  -76.719  42.887 0.8999999762
15789  -10.461  -75.947  41.472 1.0000000000
16638  -19.033  -75.255  41.675 1.0000000000
16668  -22.156  -75.045  40.033 1.0000000000
17494  -4.832  -74.406  41.569 0.8999999762
15833  -7.198  -76.631  38.729 0.6000000238
16621  -8.044  -75.491  42.836 1.0000000000
121764  -9.468  -76.550  42.389 1.0000000000
15805  -21.652  -76.731  40.232 1.0000000000
16653  -22.158  -75.919  40.081 1.0000000000
17525  -23.724  -74.881  39.725 1.0000000000
18340  -25.320  -74.454  39.583 0.8999999762
15835  -9.302  -76.247  38.270 0.6000000238
16650  -12.120  -75.069  39.721 1.0000000000
15819  -13.675  -75.959  39.113 1.0000000000
20970  -16.710  -70.807  37.511 0.8000000119
18334  -17.707  -73.633  38.540 0.8999999762
18341  -26.844  -75.172  39.537 0.8999999762
16667  -14.411  -75.333  39.018 1.0000000000
14203  -20.124  -78.500  37.423 1.0000000000
17528  -27.038  -75.798  39.030 0.8999999762
17520  -14.120  -74.856  39.097 1.0000000000
17535  -26.704  -75.186  39.248 1.0000000000
17536  -27.289  -75.719  38.660 1.0000000000
18342  -27.356  -74.608  38.475 0.8999999762
17533  -14.562  -74.856  38.571 1.0000000000
144347  -25.912  -74.357  37.985 1.0000000000
120691  -28.795  -74.566  38.774 1.0000000000
16687  -15.230  -75.210  37.958 1.0000000000
16701  -15.886  -75.270  36.544 1.0000000000
17565  -19.253  -75.162  36.029 1.0000000000
19213  -26.073  -72.896  37.370 1.0000000000
16702  -16.760  -75.288  36.206 1.0000000000
140943  -17.638  -75.030  35.938 1.0000000000
17567  -21.002  -74.831  36.154 1.0000000000
17568  -21.897  -74.760  36.133 1.0000000000
17569  -22.807  -74.707  36.182 1.0000000000
18381  -23.996  -74.006  36.068 1.0000000000
18382  -24.679  -73.611  36.390 1.0000000000
18369  -25.545  -73.434  37.029 1.0000000000
20982  -25.709  -70.765  36.274 1.0000000000
18268  -10.231  -73.116  43.833 0.6999999881
19106  -11.601  -72.595  43.557 0.6999999881
18270  -12.890  -73.384  44.037 0.8000000119
18272  -14.394  -73.357  43.490 1.0000000000
17464  -15.023  -74.199  43.443 1.0000000000
19968  -11.830  -72.062  42.933 0.6999999881
19989  -12.081  -71.634  42.196 0.6999999881
18273  -15.257  -73.397  43.066 1.0000000000
17485  -16.728  -74.294  42.494 1.0000000000
131216  -4.977  -75.802  42.343 0.8999999762
18294  -16.985  -73.752  41.920 1.0000000000
18304  -17.667  -74.002  41.481 1.0000000000
144044  -18.856  -74.590  41.250 1.0000000000
20004  -12.347  -71.308  41.400 0.8000000119
18303  -17.036  -73.365  41.106 1.0000000000
18305  -18.362  -74.112  40.979 1.0000000000
17509  -19.748  -74.366  40.376 1.0000000000
16651  -20.122  -74.871  41.012 1.0000000000
15769  -5.235  -76.523  42.322 0.8999999762
16604  -6.983  -75.611  43.030 1.0000000000
120370  -7.812  -76.124  42.949 1.0000000000
20021  -13.388  -71.526  40.472 0.8000000119
19172  -16.003  -72.938  39.371 0.8999999762
18320  -18.407  -73.952  40.004 1.0000000000
17508  -19.000  -74.234  40.541 1.0000000000
17510  -20.621  -74.754  40.331 1.0000000000
136979  -6.086  -75.451  43.043 0.8999999762
16622  -8.944  -75.422  42.512 1.0000000000
16637  -10.931  -75.378  41.067 1.0000000000
16649  -11.455  -75.285  40.349 1.0000000000
20055  -14.924  -71.730  37.924 0.8999999762
130279  -15.958  -71.993  37.569 0.8999999762
126103  -23.260  -73.988  39.861 0.8999999762
121807  -23.403  -73.151  39.943 0.8000000119
18322  -25.402  -73.398  39.961 0.8999999762
18298  -4.591  -73.801  42.462 0.8999999762
15834  -8.585  -76.152  39.087 0.6000000238
17482  -7.420  -74.754  42.910 1.0000000000
143906  -9.838  -74.832  41.853 1.0000000000
17495  -10.198  -74.534  41.412 1.0000000000
17506  -11.344  -74.929  40.735 1.0000000000
20971  -17.918  -70.878  37.571 0.8000000119
17521  -19.993  -74.192  39.510 1.0000000000
18323  -26.340  -73.291  40.018 0.8999999762
142112  -5.267  -74.005  41.055 0.8999999762
132291  -5.406  -74.333  40.787 0.8999999762
18332  -12.226  -73.959  39.306 1.0000000000
17531  -13.047  -74.197  39.016 1.0000000000
17532  -13.848  -74.457  38.803 1.0000000000
19211  -20.351  -72.684  38.171 0.8000000119
19176  -28.355  -74.726  39.941 0.8999999762
19177  -29.132  -74.185  39.831 0.8999999762
18348  -12.585  -73.531  38.509 1.0000000000
17546  -14.640  -74.616  37.416 1.0000000000
129184  -18.522  -71.374  40.075 0.6999999881
19194  -28.713  -74.675  39.159 0.8999999762
18349  -13.297  -73.890  38.161 1.0000000000
19214  -26.852  -72.959  38.263 1.0000000000
17545  -14.017  -74.231  37.883 1.0000000000
17562  -15.416  -74.539  36.283 1.0000000000
17582  -18.561  -74.505  35.767 1.0000000000
17563  -16.972  -74.531  35.811 1.0000000000
17581  -17.705  -74.272  35.725 1.0000000000
135318  -20.810  -73.658  35.558 1.0000000000
18395  -21.514  -73.318  35.535 1.0000000000
18397  -23.871  -73.197  35.730 1.0000000000
19224  -26.304  -72.277  37.156 1.0000000000
19105  -10.615  -72.511  43.457 0.6999999881
19107  -12.595  -72.622  43.521 0.6999999881
133287  -9.657  -72.326  43.424 0.6999999881
19966  -9.512  -71.446  43.067 0.6000000238
19108  -13.371  -72.322  43.072 0.8000000119
127792  -14.050  -72.601  43.200 1.0000000000
19990  -13.170  -71.803  42.272 0.8000000119
141644  -15.168  -72.469  42.276 1.0000000000
18292  -15.861  -73.478  42.669 1.0000000000
19153  -15.292  -72.500  40.527 1.0000000000
16619  -4.918  -75.072  42.815 0.8999999762
19171  -15.065  -72.536  39.376 0.8999999762
18333  -16.889  -73.383  38.880 0.8999999762
17462  -6.326  -74.703  43.102 0.8999999762
131062  -13.571  -71.779  39.324 0.8000000119
18335  -18.441  -74.104  38.934 0.8999999762
18368  -20.496  -73.373  38.592 0.8000000119
18352  -21.244  -73.599  39.205 0.8000000119
18337  -21.759  -73.929  39.665 0.8000000119
17481  -6.928  -74.049  42.876 0.8999999762
18291  -9.332  -74.116  41.714 1.0000000000
124284  -10.568  -74.088  40.858 1.0000000000
18302  -11.334  -74.305  40.464 1.0000000000
20956  -14.961  -70.803  37.900 0.8000000119
20056  -19.162  -71.117  38.157 0.8000000119
18339  -24.142  -74.108  39.811 0.8000000119
133416  -26.102  -72.187  40.365 0.8000000119
17517  -8.239  -74.873  40.004 0.6999999881
19124  -7.754  -72.820  42.211 0.8999999762
19137  -10.082  -73.414  40.634 1.0000000000
18316  -11.560  -73.588  39.805 1.0000000000
20942  -16.765  -69.668  39.389 0.6000000238
123612  -16.900  -70.024  38.406 0.6999999881
20943  -17.582  -70.019  39.217 0.6999999881
19156  -20.659  -72.249  40.774 0.6000000238
119863  -20.564  -72.689  38.824 0.8000000119
19161  -28.459  -73.499  40.313 0.8999999762
18313  -5.752  -73.636  40.708 0.8000000119
19149  -5.927  -72.968  40.341 0.8000000119
137632  -8.726  -74.837  39.476 0.6000000238
19162  -29.159  -73.210  40.208 0.8999999762
19163  -29.343  -72.746  40.114 0.8000000119
135319  -20.080  -73.596  35.544 1.0000000000
21833  -23.392  -69.407  40.294 0.5000000000
19215  -28.092  -72.591  38.580 0.8999999762
18365  -12.728  -73.285  37.447 1.0000000000
18377  -13.412  -73.680  37.148 1.0000000000
135320  -19.173  -73.581  35.555 1.0000000000
19222  -24.587  -72.913  35.938 1.0000000000
20070  -27.693  -71.393  38.003 0.8999999762
20058  -28.623  -71.642  38.552 0.8999999762
18378  -14.220  -73.715  36.081 1.0000000000
127881  -16.171  -74.651  36.051 1.0000000000
128286  -16.457  -74.072  35.771 1.0000000000
126073  -22.892  -72.958  35.555 1.0000000000
130185  -24.935  -72.310  36.031 1.0000000000
130597  -26.919  -71.696  37.491 1.0000000000
20992  -19.041  -70.282  35.386 1.0000000000
132612  -20.312  -72.159  35.296 1.0000000000
20094  -23.757  -71.551  35.571 1.0000000000
20092  -21.883  -71.780  35.430 1.0000000000
17461  -5.344  -74.871  43.059 0.8999999762
19138  -14.679  -72.196  41.034 1.0000000000
20020  -12.536  -71.104  40.496 0.8000000119
19154  -16.192  -72.859  40.733 1.0000000000
18289  -7.831  -73.819  42.501 1.0000000000
131534  -6.273  -73.843  43.165 0.8999999762
119554  -22.299  -72.616  40.177 0.8000000119
20044  -23.951  -71.679  39.910 0.8000000119
18288  -6.811  -73.173  42.743 0.8999999762
20957  -15.900  -70.362  37.939 0.8000000119
119306  -21.879  -72.225  40.451 0.8000000119
136171  -23.462  -71.553  39.851 0.8000000119
20927  -25.222  -70.889  40.310 0.8000000119
20928  -27.208  -71.198  40.563 0.8000000119
19133  -4.602  -72.930  41.817 0.8999999762
143448  -11.028  -73.150  39.772 1.0000000000
136150  -21.887  -72.062  40.651 0.6999999881
19159  -25.330  -72.368  40.260 0.8000000119
19160  -27.097  -73.057  40.222 0.8000000119
20030  -28.284  -72.274  40.581 0.8000000119
134512  -7.107  -73.287  39.265 0.6999999881
19135  -8.539  -72.564  41.563 1.0000000000
19170  -11.213  -72.850  39.270 1.0000000000
18331  -11.866  -73.190  38.907 1.0000000000
20023  -17.929  -70.742  39.710 0.5000000000
18345  -6.658  -72.969  38.422 0.6000000238
19187  -10.710  -72.171  38.799 1.0000000000
19188  -11.360  -72.502  38.310 1.0000000000
17560  -14.059  -74.048  36.831 1.0000000000
18380  -15.761  -74.014  35.872 1.0000000000
20059  -29.442  -71.791  39.048 0.8999999762
19206  -12.080  -72.743  36.686 1.0000000000
18379  -14.959  -73.899  35.910 1.0000000000
135459  -17.810  -72.729  35.503 1.0000000000
134190  -18.798  -72.731  35.407 1.0000000000
19234  -23.360  -72.323  35.558 1.0000000000
20962  -28.158  -70.716  37.988 0.8999999762
18388  -13.756  -73.223  35.820 1.0000000000
18389  -14.489  -73.183  35.646 1.0000000000
18391  -16.284  -73.425  35.682 1.0000000000
132613  -19.404  -71.990  35.190 1.0000000000
20077  -24.589  -71.573  35.786 1.0000000000
20078  -25.342  -71.611  36.180 1.0000000000
20983  -26.616  -70.900  36.732 1.0000000000
21878  -27.000  -70.140  36.759 1.0000000000
20973  -27.374  -70.793  37.269 1.0000000000
20998  -24.236  -70.673  35.641 1.0000000000
20999  -25.012  -70.236  35.907 1.0000000000
20995  -21.464  -70.815  35.371 1.0000000000
132110  -22.768  -70.053  35.439 1.0000000000
20022  -14.042  -71.902  40.475 0.8999999762
19152  -14.418  -72.223  39.820 0.8999999762
20040  -13.450  -71.329  38.809 0.8000000119
17460  -4.908  -74.170  43.102 0.8999999762
18300  -9.101  -73.349  41.428 1.0000000000
20054  -14.245  -71.207  38.353 0.8000000119
19122  -4.390  -72.798  42.773 0.8999999762
19099  -4.622  -72.441  43.119 0.8999999762
18266  -5.906  -73.164  43.280 0.8999999762
19151  -10.050  -72.737  40.314 1.0000000000
21863  -15.318  -69.910  38.559 0.6000000238
22778  -23.254  -70.201  39.716 0.6999999881
22760  -24.114  -68.669  38.820 0.6999999881
126532  -27.616  -70.279  40.550 0.8000000119
133195  -28.673  -70.357  40.610 0.8000000119
19169  -10.580  -72.585  39.708 1.0000000000
20930  -29.215  -70.968  40.477 0.8000000119
134666  -4.318  -72.127  42.172 0.8999999762
19167  -5.470  -72.314  40.228 0.8999999762
20038  -10.189  -71.868  39.295 1.0000000000
23658  -23.609  -68.396  38.949 0.6000000238
20031  -29.099  -72.104  40.402 0.8000000119
20931  -29.599  -70.560  40.271 0.8000000119
19147  -4.666  -72.209  41.111 0.8999999762
20018  -9.224  -71.543  40.278 1.0000000000
19204  -10.686  -71.938  37.677 1.0000000000
18376  -12.827  -73.123  36.424 1.0000000000
20085  -14.256  -71.790  35.599 1.0000000000
20987  -14.021  -70.984  35.897 1.0000000000
20045  -29.673  -71.548  39.583 0.8000000119
22781  -29.893  -69.604  39.314 0.8999999762
19203  -6.185  -72.495  37.480 0.5000000000
19221  -13.104  -72.985  35.886 1.0000000000
19228  -13.703  -72.656  35.627 1.0000000000
137691  -16.781  -69.913  35.642 1.0000000000
132614  -18.400  -71.793  35.255 1.0000000000
21879  -27.819  -69.991  37.298 0.8999999762
19230  -16.019  -72.718  35.569 1.0000000000
20089  -18.478  -70.936  35.199 1.0000000000
22823  -20.418  -68.796  35.771 1.0000000000
138556  -26.262  -70.234  36.462 1.0000000000
21891  -26.368  -69.521  36.443 1.0000000000
130879  -21.967  -70.095  35.365 1.0000000000
137170  -24.426  -69.737  35.691 1.0000000000
21890  -25.650  -69.861  36.186 1.0000000000
22813  -25.582  -68.970  36.111 1.0000000000
19963  -5.883  -71.726  43.408 0.8999999762
19982  -4.552  -71.502  43.093 0.8999999762
19123  -6.954  -72.201  42.581 0.8999999762
19150  -9.538  -72.182  40.492 1.0000000000
23659  -23.837  -67.920  38.519 0.6000000238
21852  -25.072  -68.941  39.703 0.8000000119
126509  -26.982  -69.312  40.457 0.8000000119
137799  -28.003  -68.792  40.501 0.8000000119
19101  -6.249  -72.304  43.232 0.8999999762
20002  -8.953  -71.967  40.945 1.0000000000
22740  -25.923  -68.666  40.091 0.6999999881
21835  -28.647  -69.553  40.598 0.8000000119
22763  -30.165  -69.515  40.353 0.8000000119
20885  -4.659  -70.809  43.067 0.8999999762
19985  -6.940  -71.436  42.430 0.8999999762
139570  -7.500  -71.370  41.866 0.8999999762
19205  -11.323  -72.374  37.090 1.0000000000
19219  -11.506  -72.134  36.355 1.0000000000
20026  -20.265  -71.884  41.006 0.6000000238
119970  -22.461  -70.993  40.706 0.5000000000
21836  -29.552  -69.992  40.567 0.8000000119
21837  -29.949  -69.965  40.381 0.8000000119
20015  -5.011  -71.382  40.341 0.8999999762
139234  -5.460  -71.767  39.538 0.8000000119
20053  -9.966  -71.516  38.283 1.0000000000
20065  -9.979  -71.487  37.088 1.0000000000
134268  -15.551  -70.995  35.567 1.0000000000
22779  -29.091  -68.957  38.529 0.8999999762
20014  -4.476  -71.354  41.578 0.8999999762
20050  -5.481  -71.591  38.607 0.5000000000
20075  -11.803  -71.761  35.928 1.0000000000
20076  -12.546  -71.367  35.817 1.0000000000
20990  -17.184  -70.467  35.432 1.0000000000
20086  -15.178  -71.785  35.507 1.0000000000
134016  -16.841  -71.264  35.399 1.0000000000
21892  -27.300  -69.304  36.784 0.8999999762
21900  -20.946  -69.445  35.503 1.0000000000
21902  -23.096  -69.323  35.474 1.0000000000
22827  -23.870  -69.137  35.561 1.0000000000
22814  -26.542  -68.667  36.456 1.0000000000
125228  -24.690  -68.984  35.786 1.0000000000
142175  -22.676  -68.855  35.468 1.0000000000
23660  -24.605  -67.388  39.057 0.6999999881
22741  -26.893  -68.342  40.360 0.6999999881
19983  -4.904  -71.009  43.262 0.8999999762
20037  -9.431  -71.281  39.304 1.0000000000
130220  -29.523  -68.706  40.909 0.8000000119
20036  -8.671  -70.800  39.862 1.0000000000
20052  -9.457  -70.996  37.549 1.0000000000
22762  -30.215  -68.495  40.746 0.8000000119
20935  -5.031  -70.411  39.915 0.8999999762
130541  -9.261  -70.919  38.363 1.0000000000
19218  -10.715  -71.772  36.703 1.0000000000
22780  -30.193  -68.865  39.879 0.8000000119
23681  -29.421  -68.047  38.851 0.8000000119
20917  -4.621  -70.479  41.069 0.8999999762
21827  -4.597  -69.526  40.714 0.8000000119
20035  -5.301  -71.137  39.385 0.6999999881
20952  -5.195  -70.490  38.669 0.6000000238
21895  -16.130  -69.715  35.899 1.0000000000
20991  -18.053  -70.347  35.372 1.0000000000
141518  -20.711  -69.983  35.393 1.0000000000
21901  -21.691  -69.407  35.432 1.0000000000
20000  -6.945  -70.773  42.147 0.8999999762
24561  -24.743  -66.070  39.523 0.6000000238
24563  -25.537  -66.048  39.511 0.6000000238
24538  -27.158  -66.321  40.391 0.6000000238
20868  -5.647  -71.006  43.299 0.8999999762
19999  -6.278  -70.816  42.922 0.8999999762
20017  -8.446  -71.214  40.729 0.8999999762
20938  -8.636  -70.498  38.785 1.0000000000
20969  -9.243  -70.438  37.301 1.0000000000
23640  -28.595  -67.182  40.671 0.6000000238
20887  -5.679  -70.306  43.142 0.8999999762
20901  -6.139  -69.936  42.708 0.8999999762
20919  -7.990  -70.414  40.538 0.8999999762
20954  -8.903  -70.405  37.967 1.0000000000
138870  -13.277  -70.949  35.928 1.0000000000
20978  -13.759  -70.261  36.300 1.0000000000
24540  -30.408  -67.289  40.322 0.6000000238
23662  -30.469  -67.233  40.732 0.6999999881
20899  -4.578  -70.564  42.279 0.8999999762
21792  -5.424  -69.505  43.079 0.8999999762
20918  -7.256  -70.004  41.510 0.8999999762
20936  -7.781  -69.788  40.474 0.8999999762
21883  -10.068  -70.090  36.632 1.0000000000
126206  -30.327  -68.157  40.217 0.8000000119
23697  -28.799  -66.939  38.430 0.8000000119
122227  -4.572  -68.664  41.793 0.8999999762
21813  -6.542  -69.048  42.145 0.8999999762
21845  -7.882  -69.323  40.076 0.8999999762
135729  -11.201  -70.903  36.011 1.0000000000
20979  -14.627  -70.213  36.118 1.0000000000
22820  -17.765  -68.815  36.068 1.0000000000
22821  -18.366  -68.027  36.228 1.0000000000
23696  -28.100  -67.690  37.685 0.8999999762
22753  -4.419  -68.398  40.552 0.6999999881
22772  -4.935  -68.570  39.101 0.6000000238
22774  -8.527  -68.585  39.029 0.8999999762
135345  -12.594  -69.735  36.750 1.0000000000
21886  -13.369  -69.583  36.669 1.0000000000
21887  -14.342  -69.399  36.559 1.0000000000
21889  -16.146  -68.955  36.299 1.0000000000
21896  -16.868  -69.249  35.955 1.0000000000
139299  -19.124  -68.118  36.150 1.0000000000
22825  -22.144  -68.867  35.454 1.0000000000
23717  -27.339  -67.426  36.912 0.8999999762
128232  -27.764  -67.002  37.541 0.8999999762
23713  -17.105  -67.169  36.541 1.0000000000
24623  -18.448  -66.713  36.227 1.0000000000
23730  -18.989  -67.305  36.179 1.0000000000
23731  -19.973  -67.850  36.042 1.0000000000
23734  -22.480  -68.108  35.495 1.0000000000
23735  -23.380  -67.936  35.555 1.0000000000
131078  -24.142  -68.285  35.645 1.0000000000
23715  -25.859  -67.974  36.126 0.8999999762
127699  -26.755  -67.883  36.540 0.8999999762
23716  -26.459  -67.059  36.412 0.8999999762
22828  -25.047  -68.274  35.851 1.0000000000
24621  -16.784  -66.381  36.503 1.0000000000
24642  -19.067  -66.426  36.026 1.0000000000
127986  -22.262  -67.135  35.488 1.0000000000
127985  -23.093  -67.276  35.522 1.0000000000
24648  -24.573  -66.806  35.625 1.0000000000
124957  -25.422  -67.141  35.920 0.8999999762
143747  -20.201  -66.211  35.696 1.0000000000
125819  -24.802  -65.012  40.595 0.3000000119
25436  -24.919  -65.418  39.976 0.4000000060
26350  -25.470  -65.144  40.133 0.5000000000
26335  -24.717  -64.729  41.283 0.3000000119
25421  -28.022  -65.684  40.537 0.5000000000
25422  -29.313  -66.761  39.965 0.6000000238
20953  -8.454  -69.970  38.465 1.0000000000
21846  -8.268  -69.393  39.147 0.8999999762
21873  -9.350  -69.807  37.229 1.0000000000
25423  -30.337  -66.975  40.145 0.6000000238
21812  -5.911  -68.722  43.232 0.8999999762
21884  -11.037  -70.195  36.552 1.0000000000
21876  -12.897  -68.973  37.068 1.0000000000
24585  -30.365  -66.411  39.360 0.6000000238
21811  -5.033  -68.917  42.807 0.8999999762
22712  -4.727  -67.807  42.835 0.8999999762
22755  -8.054  -68.588  40.047 0.8999999762
22775  -9.143  -68.282  38.541 1.0000000000
22808  -14.586  -68.580  36.823 1.0000000000
130669  -4.183  -67.435  41.117 0.8000000119
22754  -7.672  -68.690  40.834 0.8999999762
21874  -10.871  -69.425  37.246 1.0000000000
22807  -13.770  -68.764  36.954 1.0000000000
24626  -27.260  -66.616  36.992 0.8999999762
123943  -4.603  -67.786  40.069 0.6999999881
22773  -5.613  -68.084  38.224 0.6000000238
23708  -6.951  -67.120  36.465 0.6000000238
24599  -13.576  -66.554  37.742 1.0000000000
24625  -26.692  -66.081  36.570 0.8999999762
25495  -17.160  -65.846  36.212 1.0000000000
24643  -19.916  -66.786  35.954 1.0000000000
23732  -20.757  -67.252  35.747 1.0000000000
24624  -25.926  -66.299  36.070 0.8999999762
26403  -16.187  -64.746  36.174 0.8999999762
127987  -21.489  -66.800  35.538 1.0000000000
24647  -23.700  -66.519  35.454 1.0000000000
26338  -25.041  -64.477  40.494 0.3000000119
26351  -27.136  -65.038  40.426 0.4000000060
22733  -7.113  -68.309  41.881 0.8999999762
22714  -6.429  -67.968  43.195 0.8999999762
23635  -6.859  -67.048  42.539 0.8999999762
22795  -12.378  -68.399  37.580 1.0000000000
24602  -27.861  -66.363  37.780 0.8000000119
24603  -28.796  -66.209  38.447 0.6999999881
23623  -5.174  -66.918  43.016 0.8999999762
23624  -6.189  -67.264  43.310 0.8999999762
23654  -7.737  -67.661  41.382 0.8999999762
23655  -8.434  -67.413  40.393 0.8999999762
22776  -10.056  -68.135  38.400 1.0000000000
22794  -11.446  -68.586  37.690 1.0000000000
23691  -11.840  -67.724  38.056 1.0000000000
23694  -14.381  -67.413  37.338 1.0000000000
23652  -4.745  -66.789  40.496 0.6999999881
23674  -5.763  -67.159  38.427 0.6000000238
127931  -14.568  -66.119  37.275 1.0000000000
144820  -25.193  -66.327  35.758 0.8999999762
25496  -26.246  -65.580  36.153 0.8000000119
24641  -18.410  -66.149  36.088 1.0000000000
25494  -16.445  -65.637  36.384 1.0000000000
25506  -16.991  -65.161  35.944 1.0000000000
24646  -22.807  -66.525  35.424 1.0000000000
24645  -22.103  -66.445  35.422 1.0000000000
124705  -22.434  -65.839  35.300 1.0000000000
144415  -23.777  -65.883  35.371 0.8999999762
25512  -25.537  -65.619  35.779 0.8000000119
22777  -10.983  -67.935  38.275 1.0000000000
25479  -28.071  -65.745  38.077 0.6999999881
23636  -7.617  -66.438  41.553 0.8999999762
23656  -9.092  -66.901  39.838 0.8999999762
23676  -9.554  -67.502  38.995 0.8999999762
23692  -12.720  -67.554  37.880 1.0000000000
22796  -13.289  -68.195  37.479 1.0000000000
138262  -26.925  -65.153  36.668 0.6999999881
25497  -27.346  -65.840  37.214 0.6999999881
25417  -6.486  -64.887  40.683 0.8000000119
134729  -7.430  -65.505  41.341 0.8999999762
24560  -10.761  -65.813  39.531 0.8999999762
125009  -25.178  -65.002  35.547 0.8000000119
24557  -5.929  -65.386  40.247 0.6999999881
24579  -6.224  -66.405  38.241 0.6000000238
24635  -8.145  -66.321  35.649 0.6000000238
24617  -9.726  -65.695  37.145 0.5000000000
25477  -14.420  -65.470  37.230 1.0000000000
25478  -15.088  -65.824  36.948 1.0000000000
141785  -16.865  -64.418  35.817 0.8999999762
25492  -14.967  -65.067  36.810 0.8999999762
26417  -17.578  -64.631  35.671 1.0000000000
26418  -18.441  -64.772  35.564 1.0000000000
140324  -19.742  -65.319  35.523 1.0000000000
27300  -16.340  -63.661  35.920 0.8000000119
23622  -5.031  -66.292  42.217 0.8999999762
24533  -5.859  -65.669  41.515 0.8999999762
23678  -11.320  -67.161  38.703 1.0000000000
24581  -10.720  -66.571  39.275 0.8999999762
23679  -12.141  -66.950  38.410 1.0000000000
24598  -12.942  -66.762  38.085 1.0000000000
23693  -13.626  -67.334  37.627 1.0000000000
24600  -14.296  -66.734  37.436 1.0000000000
25419  -7.600  -64.749  40.846 0.8000000119
24583  -12.346  -66.162  38.520 0.8999999762
26424  -25.303  -64.213  35.527 0.6999999881
25452  -6.551  -64.912  39.628 0.6000000238
25418  -6.810  -64.996  41.146 0.8999999762
24584  -13.123  -65.872  38.041 1.0000000000
25476  -13.654  -65.109  37.649 0.8999999762
26402  -14.940  -64.220  36.704 0.8999999762
25510  -22.016  -65.036  35.109 0.8999999762
123130  -23.702  -65.336  35.246 0.8000000119
24580  -6.802  -65.354  38.271 0.6000000238
25489  -9.653  -64.675  37.328 0.6000000238
26382  -13.073  -64.339  37.913 0.8000000119
27280  -14.184  -63.799  37.073 0.8000000119
123473  -14.545  -62.185  36.654 0.8000000119
27317  -16.025  -62.409  36.007 0.8000000119
26419  -19.304  -64.726  35.460 1.0000000000
26423  -24.357  -64.665  35.311 0.6999999881
28174  -8.891  -60.995  37.745 0.6999999881
28175  -11.630  -61.745  37.337 0.6999999881
27321  -19.564  -63.861  35.327 0.8999999762
24558  -9.336  -65.950  40.264 0.8999999762
24559  -10.107  -65.890  39.873 0.8999999762
25453  -6.986  -64.373  39.256 0.8000000119
25432  -7.797  -63.910  40.225 0.8000000119
25434  -10.006  -64.699  39.838 0.8999999762
25435  -11.141  -65.300  39.347 0.8999999762
25475  -12.979  -65.046  38.180 0.8999999762
26383  -13.714  -64.285  37.464 0.8000000119
27318  -16.972  -62.601  35.667 0.8000000119
26416  -17.281  -63.777  35.630 0.8999999762
28217  -19.259  -62.906  35.251 0.8999999762
26421  -22.711  -64.579  34.986 0.8999999762
27326  -24.536  -63.733  35.342 0.6999999881
25471  -7.278  -64.448  38.598 0.6000000238
25454  -7.516  -63.719  39.409 0.8000000119
26346  -8.043  -63.180  39.687 0.8000000119
25474  -8.308  -63.614  37.920 0.6999999881
26366  -12.374  -64.520  38.442 0.8000000119
27279  -13.294  -63.420  37.477 0.8000000119
28218  -19.984  -63.199  35.201 0.8999999762
28160  -8.951  -61.531  38.318 0.6999999881
27278  -11.415  -62.577  37.972 0.8000000119
28195  -12.688  -61.547  36.928 0.8000000119
27341  -20.682  -62.972  35.131 0.8000000119
121431  -23.017  -63.847  34.983 0.8999999762
25457  -12.416  -65.342  38.545 0.8999999762
26349  -10.719  -64.483  39.424 0.8000000119
26365  -11.601  -64.725  38.989 0.8000000119
27249  -9.021  -62.756  39.431 0.8000000119
27263  -11.072  -63.164  38.561 0.8000000119
133655  -12.263  -63.535  38.147 0.8000000119
29035  -15.085  -59.955  36.159 0.8000000119
28215  -17.165  -61.369  35.591 0.8000000119
129350  -23.823  -64.017  35.136 0.6999999881
28161  -10.335  -62.364  38.308 0.6999999881
29892  -13.987  -60.291  35.763 0.8000000119
27324  -22.212  -63.325  35.062 0.8000000119
29053  -17.324  -60.305  35.459 0.6999999881
28241  -19.910  -62.226  35.144 0.5000000000
26364  -10.592  -63.669  39.113 0.8000000119
27264  -11.651  -63.958  38.704 0.8000000119
129555  -17.702  -62.224  35.530 0.8000000119
28240  -18.971  -61.818  35.192 0.6000000238
27261  -8.303  -62.038  38.619 0.6999999881
29894  -15.443  -59.968  35.737 0.6999999881
29904  -14.926  -60.335  35.289 0.6000000238
141193  -17.054  -59.818  34.911 0.6000000238
142546  -19.451  -61.304  34.950 0.5000000000
28242  -20.817  -62.011  35.080 0.6000000238
29072  -17.836  -59.958  35.291 0.5000000000
141966  -19.886  -60.825  34.526 0.5000000000
29918  -16.784  -60.828  33.666 0.5000000000
29073  -18.634  -60.527  34.986 0.5000000000
29936  -16.955  -60.574  32.653 0.4000000060
29071  -14.886  -61.508  34.075 0.6000000238
29908  -18.062  -59.981  35.126 0.5000000000
122385  -16.064  -60.656  32.484 0.5000000000
29938  -18.626  -60.355  32.802 0.4000000060
30814  -16.877  -59.670  31.782 0.3000000119
144461  -2.719  -99.564  34.475 0.8999999762
636  -7.886  -102.990  35.008 1.0000000000
2356  -17.514  -97.674  31.451 0.5000000000
122810  -4.880  -94.806  33.216 1.0000000000
126732  -5.560  -95.611  33.616 1.0000000000
2308  -7.965  -97.614  36.063 1.0000000000
1511  -10.062  -99.766  36.626 1.0000000000
670  -15.573  -102.896  31.072 0.8999999762
4124  -5.237  -93.325  43.438 0.6000000238
5201  -3.831  -91.174  37.180 1.0000000000
129077  -14.545  -103.424  28.424 0.8000000119
131050  -7.164  -92.246  40.673 0.8999999762
1223  -13.254  -100.736  31.373 0.8999999762
129013  -10.878  -94.989  36.844 1.0000000000
6255  -9.476  -89.056  39.378 1.0000000000
5167  -5.457  -91.060  41.310 1.0000000000
5715  -12.422  -90.426  37.335 1.0000000000
5275  -7.302  -92.100  31.597 1.0000000000
3753  -12.284  -94.873  32.943 1.0000000000
144666  -14.109  -91.135  35.284 1.0000000000
7477  -10.714  -88.239  41.874 1.0000000000
7466  -11.575  -88.110  42.410 1.0000000000
7479  -12.982  -87.704  41.296 1.0000000000
6951  -10.732  -88.336  32.865 1.0000000000
6944  -12.337  -87.919  32.675 1.0000000000
6326  -7.339  -89.571  33.594 1.0000000000
6941  -9.778  -88.582  33.809 1.0000000000
6921  -8.735  -88.658  34.441 1.0000000000
6879  -14.675  -87.839  38.139 1.0000000000
6942  -10.476  -88.376  33.715 1.0000000000
7586  -12.216  -87.707  33.496 1.0000000000
8247  -16.251  -87.140  34.820 1.0000000000
7546  -10.520  -87.156  36.752 1.0000000000
7432  -11.965  -87.649  45.376 1.0000000000
9537  -13.467  -84.745  43.543 1.0000000000
7534  -9.316  -87.485  37.687 1.0000000000
7535  -10.241  -87.255  37.613 1.0000000000
8935  -11.900  -86.045  36.810 1.0000000000
8801  -12.722  -86.055  45.585 1.0000000000
8800  -8.996  -85.770  46.050 1.0000000000
7417  -12.280  -87.253  45.870 1.0000000000
9642  -15.494  -83.965  37.481 1.0000000000
8194  -11.111  -86.602  38.003 1.0000000000
8924  -12.327  -85.296  37.184 1.0000000000
9656  -14.271  -84.422  36.470 1.0000000000
10205  -9.927  -84.065  47.784 1.0000000000
11005  -12.495  -82.282  43.807 1.0000000000
8268  -7.333  -86.210  31.917 0.6000000238
127619  -4.660  -86.095  39.281 1.0000000000
12517  -6.845  -80.717  45.684 0.8000000119
11802  -16.643  -81.447  41.668 1.0000000000
12574  -17.077  -80.889  42.523 1.0000000000
12579  -8.443  -80.713  42.397 1.0000000000
12575  -17.654  -81.125  41.802 1.0000000000
11804  -18.120  -81.364  41.165 1.0000000000
11814  -17.767  -81.443  40.527 1.0000000000
12603  -17.934  -81.240  39.671 1.0000000000
14170  -15.474  -78.681  39.236 1.0000000000
123020  -5.904  -83.836  38.558 1.0000000000
13320  -5.682  -78.824  44.625 0.6999999881
14914  -13.027  -77.539  44.258 1.0000000000
11841  -6.705  -81.194  37.240 0.8000000119
14202  -19.174  -78.732  37.408 1.0000000000
15737  -8.458  -76.320  45.511 0.8000000119
136764  -5.500  -79.144  37.539 0.8999999762
15019  -19.258  -77.886  37.126 1.0000000000
17448  -11.718  -74.515  44.761 0.8999999762
16593  -13.349  -75.479  44.356 1.0000000000
18252  -12.400  -73.869  44.493 0.8999999762
16705  -19.829  -75.665  36.474 1.0000000000
16625  -17.860  -75.119  42.370 1.0000000000
17518  -12.490  -74.638  39.515 1.0000000000
17583  -19.618  -74.349  35.743 1.0000000000
18396  -22.355  -73.380  35.589 1.0000000000
18321  -19.169  -74.140  39.617 1.0000000000
18336  -21.018  -73.985  39.067 0.8000000119
15757  -5.535  -75.765  42.900 0.8999999762
19223  -25.660  -72.462  36.612 1.0000000000
141404  -16.391  -73.113  41.698 1.0000000000
19174  -22.468  -73.015  40.029 0.8000000119
18290  -8.588  -73.411  41.988 1.0000000000
18390  -15.429  -73.343  35.675 1.0000000000
18394  -20.621  -72.978  35.419 1.0000000000
19125  -14.017  -72.184  42.602 0.8999999762
20005  -13.302  -71.566  41.431 0.8000000119
20041  -14.327  -71.971  38.732 0.8999999762
19155  -19.863  -72.171  40.375 0.6999999881
19231  -16.864  -72.743  35.568 1.0000000000
20090  -20.000  -71.344  35.208 1.0000000000
122922  -26.274  -70.307  40.450 0.8000000119
20025  -19.336  -71.737  40.397 0.6000000238
132832  -17.719  -71.118  35.276 1.0000000000
137033  -28.373  -68.420  37.818 0.8999999762
21898  -19.295  -69.376  35.790 1.0000000000
22824  -21.452  -68.601  35.541 1.0000000000
23661  -25.655  -66.807  39.593 0.6000000238
24537  -24.515  -66.370  39.939 0.4000000060
23639  -26.957  -67.422  40.327 0.6999999881
20900  -4.972  -69.970  42.888 0.8999999762
21888  -15.298  -69.450  36.304 1.0000000000
24564  -30.542  -66.958  40.258 0.6000000238
20968  -8.794  -69.939  37.767 1.0000000000
23673  -5.242  -67.514  39.227 0.6000000238
22810  -16.231  -68.223  36.560 1.0000000000
23714  -18.039  -67.252  36.355 1.0000000000
25437  -25.105  -65.743  39.502 0.5000000000
124533  -15.717  -67.863  36.792 1.0000000000
23653  -5.597  -66.383  39.424 0.6000000238
124707  -20.468  -65.659  35.505 1.0000000000
124706  -21.485  -65.900  35.412 1.0000000000
122560  -28.354  -65.180  38.245 0.4000000060
136362  -27.551  -65.236  37.506 0.6000000238
24535  -8.454  -65.895  40.988 0.8999999762
23657  -9.919  -66.734  39.531 1.0000000000
27298  -14.794  -63.237  36.618 0.8000000119
25508  -20.288  -64.696  35.327 1.0000000000
125306  -18.133  -63.994  35.526 0.8999999762
29033  -13.104  -60.503  36.267 0.6999999881
26405  -26.775  -64.220  36.502 0.6000000238
27323  -21.391  -63.602  35.089 0.8999999762
27277  -8.015  -61.868  38.157 0.6999999881
29034  -14.306  -60.141  36.195 0.8000000119
27325  -23.789  -63.194  35.186 0.6999999881
29919  -17.567  -60.503  34.383 0.6000000238
407  -4.147  -103.977  35.565 0.6999999881
406  -3.888  -103.725  34.801 0.8000000119
258  -4.963  -105.106  35.586 0.8000000119
122491  -5.282  -105.730  35.981 0.8000000119
34  -6.478  -106.123  33.680 0.8999999762
23  -7.140  -106.220  35.449 0.8000000119
20  -7.794  -106.046  36.192 0.8000000119
118  -8.961  -105.668  37.529 0.8000000119
2716  -3.816  -95.879  40.846 0.8000000119
8999  -5.746  -85.063  31.815 0.6999999881
9637  -9.100  -85.136  37.581 0.6000000238
8242  -8.769  -86.230  34.930 0.6999999881
128590  -5.846  -79.706  37.261 0.8000000119
12623  -6.640  -80.152  37.242 0.5000000000
15010  -5.566  -78.062  37.452 0.8000000119
13417  -5.611  -79.073  37.305 0.8000000119
123784  -6.151  -76.544  38.667 0.8000000119
15816  -7.797  -76.034  39.541 0.8000000119
16662  -7.456  -75.545  40.052 0.8000000119
16663  -8.349  -75.377  39.717 0.6999999881
19104  -8.477  -71.461  43.380 0.6999999881
17504  -6.453  -74.262  40.474 0.8000000119
18329  -7.703  -73.825  39.539 0.6000000238
18347  -8.432  -74.074  39.022 0.6000000238
18363  -8.797  -73.815  37.961 0.5000000000
18346  -7.689  -73.433  38.550 0.6000000238
134615  -6.933  -73.073  37.718 0.5000000000
19967  -10.816  -71.921  42.983 0.6999999881
20066  -17.147  -71.711  37.305 0.8000000119
19209  -18.857  -72.306  37.344 0.8000000119
119011  -20.942  -72.379  40.646 0.6999999881
20051  -5.636  -71.880  37.767 0.5000000000
21844  -4.866  -69.473  39.501 0.6999999881
123739  -6.581  -67.988  36.485 0.6000000238
23711  -15.611  -67.148  36.947 1.0000000000
25459  -29.804  -65.963  38.851 0.4000000060
25509  -21.113  -65.129  35.298 1.0000000000
129894  -7.454  -66.000  36.691 0.6000000238
141032  -8.268  -61.735  37.427 0.6000000238
29031  -10.596  -60.730  36.541 0.6999999881
25472  -7.589  -64.072  38.502 0.6000000238
25488  -7.946  -64.994  37.796 0.6000000238
27301  -26.090  -63.828  35.922 0.6000000238
25455  -7.867  -63.075  38.958 0.6999999881
26380  -8.000  -62.513  38.501 0.6999999881
28220  -23.459  -62.312  35.144 0.6000000238
27327  -25.363  -63.254  35.607 0.6000000238
26363  -8.187  -62.649  39.246 0.6999999881
29070  -14.127  -61.552  34.318 0.5000000000
136485  -21.625  -61.839  35.017 0.6000000238
142793  -22.831  -62.186  35.065 0.6000000238
29088  -15.052  -61.405  33.337 0.5000000000
29937  -17.781  -60.504  32.786 0.4000000060
29920  -18.372  -60.568  34.160 0.5000000000
135266  -19.584  -60.685  34.234 0.5000000000
8212  -9.140  -85.995  36.509 0.6999999881
29086  -13.164  -61.707  33.423 0.5000000000
29  -7.284  -106.217  34.357 0.8999999762
124063  -7.972  -106.200  37.248 0.8000000119
119  -9.951  -105.387  37.286 0.8000000119
135227  -9.495  -105.493  37.972 0.8000000119
120  -10.716  -105.302  36.950 0.8000000119
112  -9.514  -105.381  38.550 0.6999999881
145032  -10.131  -105.020  38.180 0.6999999881
25  -9.644  -106.123  34.959 0.8000000119
126  -10.514  -105.493  36.409 0.8000000119
137  -10.020  -105.725  35.667 0.8000000119
251  -12.061  -105.133  36.203 0.8000000119
397  -12.105  -104.411  36.672 0.8000000119
386  -11.542  -104.136  37.455 0.6999999881
145  -11.204  -106.047  34.719 0.8999999762
127  -11.292  -105.537  36.117 0.8000000119
617  -3.693  -102.392  36.774 0.6999999881
618  -3.963  -102.913  36.449 0.6000000238
124  -5.314  -105.515  36.572 0.8000000119
387  -12.145  -103.289  37.242 0.6999999881
230  -11.111  -104.071  38.170 0.6000000238
134463  -12.655  -101.822  38.165 0.6999999881
625  -13.120  -102.303  36.709 0.6999999881
126030  -3.154  -101.067  35.569 0.8999999762
121961  -2.723  -98.725  37.319 0.8000000119
418  -3.933  -103.305  34.028 1.0000000000
431  -4.589  -103.515  32.987 1.0000000000
229  -10.559  -104.474  38.507 0.6000000238
878  -13.101  -101.589  37.501 0.6999999881
1163  -14.004  -100.385  37.309 0.6999999881
261  -13.777  -104.707  34.388 0.8999999762
260  -13.180  -105.210  34.879 0.8999999762
132227  -3.506  -96.384  40.103 0.8000000119
137819  -3.303  -97.822  40.889 0.6999999881
2280  -3.282  -97.398  40.217 0.8999999762
1158  -2.960  -100.581  37.409 0.6999999881
1904  -2.862  -97.998  36.047 0.8999999762
432  -5.244  -103.836  32.871 1.0000000000
289  -6.625  -105.324  32.549 1.0000000000
1155  -15.330  -100.582  38.253 0.6000000238
1165  -15.346  -99.897  37.771 0.6000000238
140  -12.526  -105.630  34.774 0.8000000119
146  -11.825  -105.928  34.271 1.0000000000
1178  -14.559  -99.835  36.849 0.6000000238
1514  -15.726  -98.928  36.550 0.6000000238
1898  -2.777  -98.104  38.019 0.8999999762
1186  -3.075  -101.233  34.222 1.0000000000
654  -4.269  -102.718  32.719 1.0000000000
908  -3.690  -101.974  32.619 1.0000000000
22  -6.317  -106.175  35.878 0.8000000119
1549  -15.470  -99.214  32.768 0.8000000119
142847  -15.146  -103.180  32.780 0.8999999762
137128  -15.201  -102.474  32.955 0.8999999762
1557  -15.671  -99.850  31.952 0.8000000119
2745  -3.357  -96.423  38.435 0.8999999762
3169  -3.736  -95.475  40.018 0.8999999762
1205  -3.585  -100.122  31.896 1.0000000000
1538  -3.266  -99.527  32.234 1.0000000000
1540  -4.246  -99.707  32.270 1.0000000000
1932  -3.408  -98.770  32.657 1.0000000000
1923  -3.864  -97.765  32.758 1.0000000000
1197  -5.437  -100.817  33.425 1.0000000000
1922  -2.939  -98.447  33.296 0.8999999762
123782  -4.877  -102.306  32.761 1.0000000000
125196  -3.333  -96.652  34.555 0.8999999762
134111  -3.389  -96.473  35.531 0.8999999762
280  -6.970  -104.561  32.798 1.0000000000
128142  -7.753  -102.165  35.305 1.0000000000
281  -7.925  -104.767  32.755 1.0000000000
421  -7.334  -103.512  34.089 1.0000000000
1646  -5.166  -99.178  24.746 0.6000000238
2429  -3.033  -98.223  25.233 0.5000000000
2431  -5.901  -97.366  25.217 0.6999999881
2013  -5.966  -98.753  25.999 0.6999999881
283  -10.075  -104.880  32.313 1.0000000000
140113  -5.924  -98.880  26.805 0.8000000119
1999  -6.163  -98.633  27.523 0.8000000119
1988  -5.841  -99.142  29.147 0.8000000119
1577  -5.362  -99.686  29.328 0.8000000119
126349  -6.990  -98.027  30.413 0.8999999762
1230  -6.026  -100.872  30.346 0.6999999881
1946  -16.227  -98.000  32.504 0.6999999881
2349  -17.439  -97.719  32.310 0.6000000238
133886  -16.373  -98.075  31.810 0.6999999881
1568  -16.267  -99.419  30.688 0.8000000119
939  -16.146  -102.613  30.055 0.8000000119
3648  -4.483  -94.679  41.984 0.6999999881
126865  -4.140  -94.918  39.841 0.8999999762
3202  -4.255  -94.956  38.344 0.8999999762
143048  -4.479  -94.899  39.048 0.8999999762
2335  -5.636  -97.561  34.204 1.0000000000
3208  -3.910  -94.838  36.902 0.8999999762
3215  -3.664  -94.853  35.946 0.8999999762
284  -10.787  -104.824  32.476 1.0000000000
273  -11.304  -104.269  33.232 1.0000000000
412  -10.857  -103.358  34.956 1.0000000000
1631  -4.904  -99.685  25.474 0.6000000238
1619  -4.466  -99.936  26.475 0.6999999881
1284  -3.626  -100.427  27.045 0.8000000119
1293  -3.031  -101.011  25.804 0.5000000000
1273  -3.621  -100.473  28.083 0.5000000000
1576  -4.638  -100.144  29.211 0.6000000238
928  -8.107  -101.523  30.633 0.8000000119
1233  -8.807  -100.674  30.716 0.8999999762
955  -16.293  -101.917  28.344 0.8000000119
967  -16.019  -102.729  28.154 0.8000000119
1265  -16.470  -100.867  28.517 0.8000000119
1584  -17.129  -99.098  29.023 0.6999999881
1613  -16.783  -100.087  28.002 0.6999999881
3638  -4.856  -94.149  42.547 0.8000000119
133793  -3.954  -94.996  40.645 0.8000000119
2333  -3.485  -96.777  33.163 0.8999999762
2334  -3.774  -96.726  32.798 1.0000000000
3226  -3.507  -94.833  34.660 1.0000000000
637  -8.393  -102.343  35.750 1.0000000000
396  -9.794  -102.967  35.936 1.0000000000
411  -10.312  -103.591  35.302 1.0000000000
1242  -4.231  -101.066  29.658 0.5000000000
140748  -4.187  -103.094  29.320 0.5000000000
938  -4.528  -102.264  29.850 0.5000000000
929  -8.975  -101.685  30.625 0.6999999881
135377  -9.671  -101.770  30.578 0.6999999881
1993  -17.675  -98.473  28.778 0.5000000000
121511  -15.900  -103.252  29.778 0.8000000119
3243  -3.968  -95.049  33.105 1.0000000000
3244  -4.540  -95.609  32.948 1.0000000000
2779  -5.142  -96.460  33.400 1.0000000000
2323  -6.524  -97.481  35.040 1.0000000000
623  -10.250  -102.075  35.968 0.8999999762
672  -6.158  -103.073  30.193 0.5000000000
688  -6.460  -103.866  29.860 0.5000000000
681  -15.616  -103.127  30.834 0.8999999762
126027  -9.939  -104.047  29.424 0.6999999881
452  -6.865  -104.527  29.400 0.5000000000
3227  -6.643  -95.679  34.678 1.0000000000
3245  -5.916  -94.768  33.805 1.0000000000
1175  -9.907  -100.671  36.502 1.0000000000
887  -9.716  -101.469  36.356 0.8999999762
4162  -6.182  -93.556  41.556 0.8000000119
5696  -5.358  -89.679  38.136 1.0000000000
3661  -7.074  -93.229  39.782 0.8999999762
133882  -7.431  -90.566  36.930 1.0000000000
5709  -5.892  -89.947  37.332 1.0000000000
123896  -3.731  -93.511  35.104 1.0000000000
3216  -8.298  -95.767  36.104 1.0000000000
4232  -4.572  -92.769  34.541 1.0000000000
4247  -4.971  -93.466  33.965 1.0000000000
3309  -3.598  -96.793  29.230 0.6999999881
3825  -4.064  -96.750  28.411 0.6999999881
3805  -4.729  -95.772  30.190 0.6999999881
1512  -10.986  -99.615  36.308 0.8999999762
3344  -3.958  -97.110  27.145 0.6999999881
3286  -9.043  -95.341  30.504 0.8999999762
144472  -8.832  -96.272  31.103 0.8999999762
4856  -3.811  -92.212  27.451 0.6999999881
137220  -10.968  -101.624  30.532 0.8000000119
930  -11.939  -101.446  30.567 0.8000000119
691  -11.496  -103.023  29.862 0.6999999881
457  -13.648  -103.527  28.932 0.8000000119
468  -15.194  -103.314  28.725 0.8000000119
135409  -10.050  -104.741  28.500 0.5000000000
465  -11.934  -104.123  28.353 0.6000000238
720  -15.690  -102.846  27.564 0.6999999881
305  -10.876  -104.595  28.180 0.5000000000
311  -12.361  -104.146  27.835 0.6999999881
312  -13.183  -103.854  27.977 0.6999999881
484  -14.295  -103.423  27.129 0.6000000238
732  -15.557  -102.659  26.691 0.6000000238
745  -14.133  -103.004  25.366 0.5000000000
4648  -6.047  -92.556  43.577 0.8000000119
4147  -6.649  -92.843  41.947 0.8000000119
5188  -4.889  -91.704  39.718 1.0000000000
4722  -6.268  -92.867  38.451 0.8999999762
5225  -4.454  -91.607  35.445 1.0000000000
5226  -5.572  -91.518  35.337 1.0000000000
3730  -7.814  -94.368  35.611 1.0000000000
128460  -9.107  -95.576  36.477 1.0000000000
1513  -11.383  -99.499  35.993 0.8999999762
4636  -6.378  -91.913  44.197 0.6000000238
130006  -5.376  -88.858  40.318 1.0000000000
5205  -9.606  -91.852  37.473 1.0000000000
4735  -10.399  -92.828  37.324 1.0000000000
4756  -7.379  -92.882  35.417 1.0000000000
4224  -9.320  -93.904  36.933 1.0000000000
4649  -7.223  -91.609  43.219 0.6999999881
5701  -10.834  -90.146  38.063 1.0000000000
121795  -11.129  -92.328  37.185 1.0000000000
4227  -12.480  -93.595  36.701 1.0000000000
2757  -12.438  -96.418  36.053 1.0000000000
4307  -9.816  -93.813  30.121 1.0000000000
5843  -4.166  -90.815  28.973 0.6999999881
5223  -13.046  -91.237  36.453 1.0000000000
4822  -11.192  -92.128  30.678 1.0000000000
4284  -10.847  -94.088  31.120 1.0000000000
5647  -8.150  -90.053  44.341 0.6000000238
6828  -4.829  -88.861  41.729 1.0000000000
5796  -8.168  -90.601  31.789 1.0000000000
4820  -6.826  -93.458  31.084 1.0000000000
6199  -8.500  -89.228  45.812 0.5000000000
6222  -5.029  -90.002  42.699 1.0000000000
6820  -6.026  -87.820  41.871 1.0000000000
6281  -14.938  -88.396  36.824 1.0000000000
124951  -14.996  -89.395  34.975 1.0000000000
6308  -14.649  -89.906  34.313 1.0000000000
5736  -14.284  -90.766  34.865 1.0000000000
6370  -10.767  -88.661  31.167 1.0000000000
6955  -14.207  -88.787  32.605 1.0000000000
6330  -14.832  -89.200  33.384 1.0000000000
142242  -13.305  -90.767  32.584 1.0000000000
5244  -14.206  -90.765  33.950 1.0000000000
5243  -13.830  -91.592  33.624 1.0000000000
5797  -12.496  -90.487  31.450 1.0000000000
4773  -13.857  -92.617  33.885 1.0000000000
4272  -12.688  -93.198  32.439 1.0000000000
4800  -6.722  -92.974  31.521 1.0000000000
6798  -7.122  -89.191  44.855 0.6000000238
6216  -4.859  -89.507  43.270 1.0000000000
143560  -11.434  -89.837  30.114 1.0000000000
6392  -12.165  -90.279  30.922 1.0000000000
6789  -7.622  -88.800  45.580 0.6000000238
7443  -6.488  -86.893  43.003 1.0000000000
6796  -4.556  -88.381  44.125 0.8000000119
6926  -16.006  -88.100  34.386 1.0000000000
6954  -13.638  -88.303  32.394 1.0000000000
7589  -15.188  -87.923  33.423 1.0000000000
7599  -13.649  -87.801  32.710 1.0000000000
6865  -14.153  -87.715  38.787 1.0000000000
6884  -15.630  -87.937  36.892 1.0000000000
6885  -16.133  -87.685  36.544 1.0000000000
7587  -13.078  -87.485  33.064 1.0000000000
8256  -15.402  -87.296  33.802 1.0000000000
8255  -14.509  -86.988  33.693 1.0000000000
129044  -16.417  -87.171  35.486 1.0000000000
6943  -11.387  -87.993  33.390 1.0000000000
6904  -10.593  -87.900  34.928 1.0000000000
6787  -4.767  -88.391  45.067 0.8000000119
141318  -5.369  -87.045  43.314 1.0000000000
7429  -4.921  -86.857  43.881 1.0000000000
8098  -6.839  -85.885  43.762 1.0000000000
7480  -13.848  -87.201  41.582 1.0000000000
7481  -14.216  -86.963  41.005 1.0000000000
6922  -9.601  -88.505  34.404 1.0000000000
7537  -16.481  -86.964  37.231 1.0000000000
7575  -12.633  -87.272  33.973 1.0000000000
8216  -16.627  -86.466  36.807 1.0000000000
8231  -16.216  -86.589  35.151 1.0000000000
134480  -16.003  -84.542  37.309 1.0000000000
9520  -12.831  -84.632  44.763 1.0000000000
8067  -9.597  -86.353  46.606 1.0000000000
7468  -13.607  -87.421  43.195 1.0000000000
8132  -15.032  -86.201  42.407 1.0000000000
8130  -14.077  -86.669  43.513 1.0000000000
8842  -14.768  -85.577  42.760 1.0000000000
8101  -13.579  -86.358  44.289 1.0000000000
8859  -15.586  -85.454  41.478 1.0000000000
6892  -7.959  -87.992  36.212 1.0000000000
7544  -8.598  -87.698  36.891 1.0000000000
7543  -7.474  -87.785  37.056 1.0000000000
6890  -5.318  -88.102  36.227 1.0000000000
7433  -12.641  -87.340  45.208 1.0000000000
7393  -10.929  -86.827  47.338 1.0000000000
11018  -7.116  -82.896  43.113 1.0000000000
125545  -7.475  -83.715  42.888 1.0000000000
10308  -14.077  -84.123  40.957 1.0000000000
8191  -8.085  -86.971  39.550 1.0000000000
135671  -8.780  -87.200  39.233 1.0000000000
8213  -11.092  -86.826  36.866 1.0000000000
134028  -6.181  -87.897  37.287 1.0000000000
140173  -8.754  -83.714  47.349 1.0000000000
10271  -11.267  -83.423  43.141 1.0000000000
10288  -12.252  -84.001  42.216 1.0000000000
10287  -11.277  -83.437  42.508 1.0000000000
10307  -13.137  -84.030  41.442 1.0000000000
11038  -9.291  -83.244  40.329 1.0000000000
9595  -9.191  -85.147  40.634 1.0000000000
10351  -10.968  -83.443  38.633 1.0000000000
132839  -11.562  -81.920  37.649 1.0000000000
7525  -10.021  -87.320  38.543 1.0000000000
7542  -5.152  -87.830  37.237 1.0000000000
8267  -6.493  -85.492  31.977 0.6000000238
144706  -4.432  -82.479  47.717 0.5000000000
129659  -4.525  -82.991  46.030 0.6999999881
9462  -8.912  -84.446  47.305 1.0000000000
134791  -7.442  -81.287  43.326 1.0000000000
11779  -5.715  -81.999  43.256 1.0000000000
11819  -9.187  -81.664  39.324 1.0000000000
12599  -8.582  -80.935  39.667 1.0000000000
10305  -10.792  -82.714  41.959 1.0000000000
10324  -12.146  -82.889  40.638 1.0000000000
11845  -12.635  -81.452  37.413 1.0000000000
11076  -14.355  -82.363  37.714 1.0000000000
7530  -5.000  -87.271  38.641 1.0000000000
8919  -4.800  -85.905  37.288 1.0000000000
10222  -4.569  -83.563  45.845 0.8000000119
10223  -7.866  -83.354  45.960 1.0000000000
10988  -12.343  -82.675  44.573 1.0000000000
11016  -5.190  -82.634  42.538 1.0000000000
137738  -10.733  -82.038  41.592 1.0000000000
11834  -13.526  -81.023  37.863 1.0000000000
141244  -6.232  -80.444  45.012 0.8000000119
11741  -12.755  -81.620  45.654 1.0000000000
13399  -9.811  -79.730  38.493 1.0000000000
11785  -13.368  -81.525  42.880 1.0000000000
11030  -4.510  -82.459  41.618 1.0000000000
13400  -11.412  -79.117  37.808 1.0000000000
12571  -11.305  -80.854  41.669 1.0000000000
11799  -13.895  -81.175  42.321 1.0000000000
143483  -7.364  -85.636  36.687 0.8999999762
13323  -12.556  -79.948  45.630 1.0000000000
144648  -11.844  -79.600  45.671 1.0000000000
13388  -12.936  -78.578  39.943 1.0000000000
14167  -12.891  -78.317  38.932 1.0000000000
10336  -4.588  -83.420  39.613 1.0000000000
13419  -12.212  -79.429  37.779 1.0000000000
13365  -13.540  -79.634  41.430 1.0000000000
12592  -15.689  -80.640  40.897 1.0000000000
11812  -16.229  -81.293  41.327 1.0000000000
121958  -16.452  -81.046  40.656 1.0000000000
12602  -16.083  -80.273  40.089 1.0000000000
9609  -4.464  -84.906  40.025 1.0000000000
120720  -4.657  -84.910  38.915 1.0000000000
13337  -14.572  -79.637  44.432 1.0000000000
141736  -10.842  -77.968  45.131 1.0000000000
125471  -15.147  -80.492  44.116 1.0000000000
14166  -9.140  -78.522  39.806 1.0000000000
14184  -11.811  -77.891  38.446 1.0000000000
13375  -14.130  -79.191  40.831 1.0000000000
12616  -17.334  -80.596  39.188 1.0000000000
8922  -8.131  -85.233  37.893 1.0000000000
14084  -7.655  -78.548  46.311 0.8000000119
14109  -12.682  -78.216  44.601 1.0000000000
120940  -14.241  -78.592  44.216 1.0000000000
13349  -15.821  -80.108  43.626 1.0000000000
13350  -16.589  -80.020  43.106 1.0000000000
11789  -17.019  -81.426  41.962 1.0000000000
122822  -5.186  -80.975  38.928 1.0000000000
11803  -17.357  -81.433  41.324 1.0000000000
11061  -5.761  -82.572  38.220 1.0000000000
10349  -6.194  -83.292  38.079 1.0000000000
10350  -6.779  -84.063  38.279 1.0000000000
9622  -7.552  -84.755  38.201 1.0000000000
14100  -5.900  -78.038  44.793 0.6999999881
120037  -10.669  -77.338  45.208 1.0000000000
16579  -11.318  -75.989  45.122 1.0000000000
14120  -15.895  -78.238  43.284 1.0000000000
14982  -10.236  -77.207  39.471 1.0000000000
13359  -18.021  -79.269  42.310 1.0000000000
14137  -19.802  -78.015  40.991 1.0000000000
13377  -20.036  -79.754  40.676 1.0000000000
14152  -20.237  -78.832  40.585 1.0000000000
140196  -18.608  -79.891  42.064 1.0000000000
131266  -14.962  -77.037  38.575 1.0000000000
11815  -18.416  -81.396  40.549 1.0000000000
12604  -18.730  -81.285  39.451 1.0000000000
13392  -20.790  -79.904  39.048 1.0000000000
13407  -20.381  -79.879  38.327 1.0000000000
14172  -21.213  -79.234  39.378 1.0000000000
13393  -21.341  -79.307  38.884 1.0000000000
14191  -21.611  -78.829  38.377 1.0000000000
14984  -22.304  -78.266  39.210 1.0000000000
14205  -21.865  -78.244  37.847 1.0000000000
15022  -22.312  -77.673  37.738 1.0000000000
15000  -23.023  -77.425  38.264 1.0000000000
13421  -18.892  -79.530  37.688 1.0000000000
15017  -17.730  -78.242  37.400 1.0000000000
15036  -17.868  -77.427  37.042 1.0000000000
15038  -19.365  -77.103  36.905 1.0000000000
14926  -15.934  -77.315  43.131 1.0000000000
14958  -18.780  -77.137  41.973 1.0000000000
14153  -20.809  -78.819  40.019 1.0000000000
14997  -15.526  -77.376  38.417 1.0000000000
15862  -23.603  -76.807  37.926 1.0000000000
15016  -16.537  -77.534  37.717 1.0000000000
15860  -21.845  -76.932  37.265 1.0000000000
16709  -23.398  -75.380  36.939 1.0000000000
18248  -7.210  -72.336  43.945 0.6000000238
15761  -16.074  -76.452  43.069 1.0000000000
133280  -17.812  -77.820  42.336 1.0000000000
14991  -5.729  -77.422  38.006 0.8000000119
15820  -23.348  -77.023  39.325 1.0000000000
16679  -24.972  -75.763  38.764 1.0000000000
138162  -18.366  -76.138  36.379 1.0000000000
17466  -16.222  -74.754  42.959 1.0000000000
131056  -6.470  -77.641  43.091 0.8999999762
14937  -5.520  -77.238  42.458 0.8999999762
140557  -17.680  -76.575  42.493 1.0000000000
14941  -18.038  -77.176  42.284 1.0000000000
16626  -18.483  -75.552  42.222 1.0000000000
14148  -5.069  -78.192  40.149 0.8999999762
132532  -5.188  -76.633  39.665 0.8999999762
15815  -5.709  -76.323  39.156 0.8000000119
16639  -19.776  -75.541  41.440 1.0000000000
15801  -5.240  -75.921  40.058 0.8999999762
16669  -23.127  -75.594  39.800 1.0000000000
128888  -23.764  -76.403  39.376 1.0000000000
16646  -5.590  -75.010  40.442 0.8999999762
16671  -24.938  -75.775  39.077 1.0000000000
17519  -13.447  -74.736  39.205 1.0000000000
17527  -26.533  -75.813  39.344 1.0000000000
17548  -25.840  -75.200  38.840 1.0000000000
17549  -26.278  -74.985  38.527 1.0000000000
16703  -17.539  -75.960  36.373 1.0000000000
17564  -18.391  -75.462  36.090 1.0000000000
18370  -26.368  -73.792  38.089 1.0000000000
20093  -22.859  -71.583  35.493 1.0000000000
126562  -13.508  -72.948  43.594 1.0000000000
123610  -4.899  -76.889  41.471 0.8999999762
15771  -7.146  -76.419  43.021 1.0000000000
14971  -4.926  -77.299  40.548 0.8999999762
123022  -8.768  -76.212  42.803 1.0000000000
16652  -21.237  -75.725  40.487 1.0000000000
15800  -4.852  -76.377  40.618 0.8999999762
16645  -4.800  -75.616  40.859 0.8999999762
16623  -9.701  -75.392  42.101 1.0000000000
17497  -18.306  -74.694  41.864 1.0000000000
17511  -21.374  -74.964  40.125 1.0000000000
17523  -21.557  -74.379  39.834 1.0000000000
17524  -22.590  -74.457  39.900 1.0000000000
17493  -4.733  -74.646  42.472 0.8999999762
15853  -8.102  -76.981  38.125 0.6000000238
17483  -8.361  -74.720  42.568 1.0000000000
16677  -9.266  -75.406  38.882 0.6000000238
17507  -11.768  -74.752  40.163 1.0000000000
19207  -16.759  -72.452  37.627 0.8000000119
20958  -17.790  -70.321  38.252 0.8000000119
19173  -17.169  -73.068  37.980 0.8999999762
122135  -17.635  -73.841  39.387 1.0000000000
19192  -18.172  -73.088  37.728 0.8000000119
17566  -20.139  -74.966  36.072 1.0000000000
17584  -20.494  -74.264  35.753 1.0000000000
135361  -22.193  -74.060  35.730 1.0000000000
17586  -23.148  -73.898  35.763 1.0000000000
137266  -25.106  -72.964  36.323 1.0000000000
20981  -24.982  -70.957  35.910 1.0000000000
19109  -14.784  -72.621  42.820 1.0000000000
19988  -10.982  -71.397  42.253 0.5000000000
19969  -12.650  -72.087  42.838 0.6999999881
19110  -15.511  -72.829  42.508 1.0000000000
18293  -16.387  -73.573  42.304 1.0000000000
20905  -11.417  -70.641  40.402 0.6999999881
18318  -16.941  -73.313  40.031 1.0000000000
18319  -17.696  -73.726  40.490 1.0000000000
129118  -19.350  -74.114  38.883 1.0000000000
20039  -12.733  -71.059  39.322 0.8000000119
19190  -15.280  -72.453  38.368 0.8999999762
19191  -16.242  -72.839  38.168 0.8999999762
141504  -15.666  -72.696  40.072 0.8999999762
126276  -15.606  -71.148  37.601 0.8000000119
19175  -24.435  -73.267  39.950 0.8000000119
18338  -22.538  -73.627  39.892 0.8000000119
18264  -4.649  -73.509  43.045 0.8999999762
20944  -18.205  -70.436  38.787 0.8000000119
20042  -18.663  -71.041  38.929 0.8000000119
20068  -19.321  -71.482  37.575 0.8000000119
19208  -17.678  -72.416  37.442 0.8000000119
17522  -20.782  -74.294  39.587 1.0000000000
120808  -20.209  -74.002  38.904 1.0000000000
18351  -19.687  -73.579  38.401 0.8999999762
19148  -5.140  -72.956  40.878 0.8999999762
121032  -20.289  -72.377  38.778 0.8000000119
20069  -19.749  -71.809  38.210 0.8000000119
19210  -19.939  -72.243  37.575 0.8000000119
18366  -19.272  -73.094  37.683 0.8000000119
19178  -29.394  -73.331  39.767 0.8999999762
120422  -18.978  -71.588  39.435 0.6999999881
18392  -18.208  -73.566  35.601 1.0000000000
20079  -26.136  -71.649  36.674 1.0000000000
19139  -15.546  -72.557  41.691 1.0000000000
20940  -12.885  -70.812  38.917 0.6999999881
143484  -18.968  -73.776  38.426 0.8000000119
18353  -21.883  -73.476  39.794 0.8000000119
132157  -16.209  -69.816  38.711 0.8000000119
21848  -14.521  -69.719  38.839 0.6999999881
20057  -19.319  -71.614  38.863 0.8000000119
20028  -26.140  -71.333  40.476 0.8000000119
136980  -25.432  -71.651  40.382 0.8000000119
20029  -27.101  -72.159  40.474 0.8000000119
18314  -6.739  -73.468  40.053 0.8000000119
20924  -17.729  -70.515  40.701 0.6000000238
119009  -21.261  -71.804  41.258 0.5000000000
120069  -20.007  -72.395  40.140 0.6999999881
119013  -20.932  -72.670  39.820 0.8000000119
19212  -21.348  -72.893  39.805 0.8000000119
19185  -5.811  -72.269  39.303 0.8000000119
17542  -9.104  -74.543  38.762 0.6000000238
19196  -29.298  -72.799  39.137 0.8999999762
18393  -19.737  -72.818  35.388 1.0000000000
144084  -23.313  -69.531  39.946 0.6000000238
22758  -23.058  -70.245  40.107 0.6999999881
21832  -23.031  -70.306  40.435 0.5000000000
119351  -22.597  -70.953  40.469 0.6999999881
20963  -29.137  -70.845  38.647 0.8999999762
20993  -19.770  -70.645  35.263 1.0000000000
21897  -18.402  -69.538  35.733 1.0000000000
20091  -20.902  -71.510  35.325 1.0000000000
20996  -22.350  -70.844  35.432 1.0000000000
20921  -11.837  -70.419  39.774 0.6000000238
120454  -23.214  -72.253  40.023 0.8000000119
119335  -22.133  -72.422  40.321 0.8000000119
119379  -23.061  -71.970  40.120 0.8000000119
19157  -24.034  -72.377  39.958 0.8000000119
20027  -24.691  -71.749  40.192 0.8000000119
20945  -24.411  -71.048  40.005 0.8000000119
20941  -13.630  -70.591  38.659 0.6999999881
136032  -22.677  -71.117  40.023 0.8000000119
119443  -22.566  -71.820  40.312 0.8000000119
119012  -20.879  -72.567  40.304 0.8000000119
136206  -23.839  -71.168  39.760 0.8000000119
119444  -23.396  -71.110  39.692 0.8000000119
123416  -24.663  -70.382  39.919 0.8000000119
20946  -25.237  -69.922  40.048 0.8000000119
20929  -28.338  -71.181  40.627 0.8000000119
20964  -29.709  -70.899  39.230 0.8000000119
21866  -28.842  -69.893  38.234 0.8999999762
20997  -23.259  -70.765  35.499 1.0000000000
21903  -23.608  -69.936  35.520 1.0000000000
130880  -21.213  -70.061  35.365 1.0000000000
21877  -23.021  -70.691  39.722 0.8000000119
21864  -23.414  -70.498  39.674 0.6999999881
21865  -23.785  -69.565  39.412 0.6999999881
138345  -23.470  -69.251  39.511 0.6999999881
20961  -24.179  -70.515  39.717 0.8000000119
21851  -24.425  -69.644  39.539 0.6999999881
23680  -23.691  -68.600  38.891 0.6999999881
21834  -25.863  -69.403  40.279 0.8000000119
20925  -22.693  -70.722  41.204 0.4000000060
23637  -23.635  -68.019  39.075 0.6000000238
23638  -23.913  -67.746  39.806 0.5000000000
22759  -23.477  -68.787  39.599 0.6000000238
20083  -12.513  -72.056  35.755 1.0000000000
138151  -15.786  -72.128  35.469 1.0000000000
20980  -15.456  -70.303  35.822 1.0000000000
20989  -16.275  -70.566  35.562 1.0000000000
20088  -17.357  -71.949  35.396 1.0000000000
124478  -28.152  -69.141  37.475 0.8999999762
132404  -16.483  -72.040  35.447 1.0000000000
22822  -19.580  -68.681  36.023 1.0000000000
127209  -20.848  -68.023  35.726 1.0000000000
21899  -20.091  -69.800  35.510 1.0000000000
125975  -24.638  -68.055  38.754 0.6999999881
22742  -28.258  -68.055  40.578 0.8000000119
142760  -25.261  -68.227  39.318 0.6999999881
22761  -25.582  -67.811  39.511 0.6999999881
22743  -29.908  -69.498  40.652 0.8000000119
120145  -24.390  -67.140  40.516 0.5000000000
20073  -10.203  -71.228  36.547 1.0000000000
22815  -27.582  -68.356  36.908 0.8999999762
119780  -24.363  -67.177  39.246 0.6000000238
23641  -30.024  -67.666  41.165 0.8000000119
20937  -8.159  -70.000  39.485 0.8999999762
23682  -30.500  -67.161  39.867 0.8000000119
22732  -4.168  -67.656  41.763 0.8999999762
25420  -24.630  -65.710  40.217 0.3000000119
24562  -24.859  -66.406  39.311 0.6000000238
25438  -26.224  -65.574  40.099 0.6000000238
24539  -29.264  -66.593  41.028 0.6000000238
21885  -11.909  -70.298  36.427 1.0000000000
22689  -5.435  -68.475  43.212 0.8999999762
21828  -7.432  -69.224  41.111 0.8999999762
22811  -16.900  -68.502  36.296 1.0000000000
22812  -17.518  -67.932  36.371 1.0000000000
23675  -8.895  -67.750  39.261 1.0000000000
21872  -8.918  -69.473  37.824 1.0000000000
142150  -14.912  -68.994  36.583 1.0000000000
22809  -15.412  -68.561  36.638 1.0000000000
23712  -16.322  -67.520  36.693 1.0000000000
138256  -16.356  -66.890  36.722 1.0000000000
23733  -21.557  -67.645  35.558 1.0000000000
133465  -23.935  -67.415  35.559 1.0000000000
23736  -24.729  -67.628  35.732 1.0000000000
138372  -25.259  -67.768  35.887 1.0000000000
24620  -15.870  -66.263  36.772 1.0000000000
24644  -20.717  -66.433  35.637 1.0000000000
140110  -24.502  -65.766  35.494 0.8000000119
119988  -24.785  -64.177  40.857 0.3000000119
132863  -10.015  -69.406  37.294 1.0000000000
25439  -29.690  -66.653  39.509 0.5000000000
25440  -30.513  -66.547  39.709 0.5000000000
23634  -4.242  -66.799  42.076 0.8999999762
22793  -10.512  -68.734  37.808 1.0000000000
22797  -14.114  -68.022  37.242 1.0000000000
24532  -4.848  -66.104  41.643 0.8999999762
23690  -6.256  -67.405  37.421 0.6000000238
22790  -5.912  -68.633  37.241 0.6000000238
124409  -13.929  -65.986  37.552 1.0000000000
24640  -17.874  -65.525  35.885 1.0000000000
26339  -26.015  -64.281  40.391 0.3000000119
26340  -28.558  -65.313  40.292 0.3000000119
24534  -6.726  -65.863  41.939 0.8999999762
23677  -10.458  -67.323  38.853 1.0000000000
24556  -5.308  -65.879  40.752 0.8000000119
138093  -6.195  -65.663  39.087 0.6000000238
25511  -23.227  -65.892  35.315 0.8999999762
122298  -22.925  -65.214  35.115 0.8999999762
26404  -26.064  -64.793  35.915 0.8000000119
24582  -11.505  -66.266  38.992 0.8999999762
25456  -11.844  -65.592  38.917 0.8999999762
24616  -8.546  -65.643  36.838 0.6000000238
24597  -8.812  -64.799  37.760 0.6000000238
138929  -15.228  -63.750  36.492 0.8000000119
27299  -15.539  -63.283  36.277 0.8000000119
128786  -9.404  -65.049  40.239 0.8999999762
25431  -7.035  -64.298  40.270 0.8000000119
24596  -7.407  -65.242  37.661 0.6000000238
26381  -8.352  -62.806  37.601 0.5000000000
28196  -13.810  -61.455  36.658 0.8000000119
28197  -14.810  -61.055  36.420 0.8000000119
128827  -15.253  -62.199  36.414 0.8000000119
27297  -13.972  -62.794  36.930 0.8000000119
26422  -23.427  -64.608  35.072 0.6999999881
130074  -10.274  -61.663  37.721 0.6999999881
29020  -9.761  -60.887  37.145 0.6999999881
29019  -8.958  -60.719  37.103 0.6999999881
28159  -8.380  -61.405  38.037 0.6999999881
29021  -10.828  -61.143  37.090 0.6999999881
27320  -18.691  -63.455  35.390 0.8999999762
27322  -20.530  -63.812  35.187 0.8999999762
25433  -8.698  -63.928  40.241 0.8000000119
28214  -16.415  -61.325  35.869 0.8000000119
27319  -17.865  -63.145  35.441 0.8000000119
28216  -18.423  -62.531  35.364 0.8000000119
135772  -24.570  -63.009  35.403 0.6999999881
25473  -7.944  -63.683  38.421 0.6999999881
28176  -12.477  -62.582  37.535 0.8000000119
127162  -22.114  -64.159  34.995 0.8999999762
27262  -9.711  -62.578  38.793 0.8000000119
29032  -11.791  -60.810  36.654 0.8000000119
27342  -21.496  -62.733  35.102 0.6999999881
28219  -22.937  -62.920  35.081 0.6999999881
26348  -9.877  -63.782  39.555 0.8000000119
29893  -14.778  -59.839  36.018 0.6999999881
29052  -16.638  -60.511  35.639 0.6999999881
29051  -15.901  -60.328  35.920 0.6999999881
29054  -17.983  -61.292  35.290 0.6000000238
29882  -13.939  -60.140  36.076 0.6999999881
130918  -20.156  -61.225  34.879 0.5000000000
29895  -16.209  -60.025  35.508 0.6999999881
29905  -15.749  -60.642  34.760 0.6999999881
29906  -16.480  -60.229  34.772 0.5000000000
29907  -17.500  -59.939  35.242 0.6000000238
29074  -19.382  -60.778  34.650 0.5000000000
29917  -15.958  -61.126  33.386 0.4000000060
29909  -18.710  -60.487  34.660 0.5000000000
30815  -17.992  -59.794  32.009 0.4000000060
29921  -19.185  -60.553  33.670 0.4000000060
26420  -21.255  -64.414  35.134 1.0000000000
29891  -12.778  -60.427  36.065 0.6000000238
28243  -22.251  -62.458  35.078 0.6000000238
20960  -19.882  -72.306  39.416 0.8000000119
29055  -23.860  -61.601  35.178 0.6000000238
1889  -2.857  -98.463  38.932 0.6999999881
1888  -2.872  -99.296  39.036 0.6000000238
14992  -6.177  -77.034  38.171 0.6999999881
14198  -5.629  -78.460  37.362 0.5000000000
28221  -24.206  -62.376  35.307 0.5000000000
133309  -24.592  -61.672  35.437 0.5000000000
28244  -23.118  -61.550  35.008 0.5000000000
29056  -24.262  -60.910  35.264 0.5000000000
133395  -22.380  -61.645  34.959 0.5000000000
29076  -21.831  -61.178  34.604 0.5000000000
29077  -22.703  -60.875  34.574 0.5000000000
29911  -21.362  -60.786  34.111 0.4000000060
1501  -2.858  -99.681  37.779 0.6999999881
29075  -21.014  -61.238  34.785 0.4000000060
29910  -20.437  -60.761  34.250 0.4000000060
27302  -26.678  -63.416  36.493 0.5000000000
124288  -22.094  -60.709  34.109 0.5000000000
13  -5.286  -105.874  37.639 0.5000000000
9  -5.451  -106.209  38.401 0.5000000000
7  -6.370  -106.519  39.706 0.6000000238
89  -7.128  -106.163  41.076 0.5000000000
14  -5.718  -106.316  37.569 0.6000000238
11  -6.755  -106.539  38.814 0.6000000238
125134  -7.897  -105.977  39.999 0.5000000000
138392  -8.844  -105.082  40.808 0.5000000000
140584  -6.330  -106.590  37.457 0.6000000238
12  -7.835  -106.281  38.668 0.6000000238
91  -8.729  -105.422  40.091 0.5000000000
16  -8.188  -106.121  38.000 0.6000000238
111  -8.757  -105.820  38.482 0.6999999881
101  -8.774  -105.706  39.264 0.5000000000
8934  -10.469  -85.196  36.422 0.5000000000
130204  -9.541  -84.429  37.085 0.5000000000
22789  -5.358  -68.928  38.063 0.5000000000
23724  -8.203  -66.956  35.145 0.5000000000
24636  -8.897  -66.235  35.673 0.5000000000
29880  -11.297  -60.524  36.274 0.6000000238
139900  -16.130  -59.894  31.871 0.4000000060
8964  -9.886  -85.962  34.968 0.5000000000
21861  -5.139  -69.562  38.396 0.5000000000
20966  -5.237  -70.232  37.793 0.4000000060
22819  -7.729  -67.605  35.367 0.5000000000
23709  -7.588  -67.013  35.815 0.5000000000
15012  -7.168  -77.680  37.572 0.4000000060
20062  -5.305  -71.070  37.572 0.4000000060
24614  -7.322  -66.436  36.444 0.5000000000
144195  -7.178  -65.833  37.144 0.5000000000
17  -5.494  -105.993  36.856 0.5000000000
18  -6.105  -106.457  36.771 0.6999999881
19  -6.849  -106.324  36.274 0.6999999881
122383  -7.006  -106.503  36.976 0.6999999881
219  -9.352  -105.093  39.485 0.5000000000
10  -6.053  -106.620  38.170 0.6000000238
4  -6.814  -106.400  40.381 0.6000000238
8  -7.398  -106.348  39.473 0.6000000238
15  -7.172  -106.485  37.900 0.6000000238
100  -8.208  -106.060  39.174 0.6000000238
28212  -9.174  -61.829  34.840 0.5000000000
29066  -9.422  -61.366  34.840 0.5000000000
29067  -10.316  -61.655  34.081 0.5000000000
29068  -11.770  -61.604  34.189 0.4000000060
29084  -11.147  -61.994  33.156 0.4000000060
29050  -12.695  -61.058  35.219 0.5000000000
29096  -12.288  -61.318  32.372 0.4000000060
29085  -12.005  -61.660  33.239 0.4000000060
29098  -14.296  -61.139  32.622 0.4000000060
29935  -14.997  -60.670  32.325 0.3000000119
29097  -13.137  -60.824  32.426 0.3000000119
30813  -15.228  -59.570  31.707 0.3000000119
29934  -13.760  -60.072  31.941 0.3000000119
28173  -8.569  -60.994  37.278 0.5000000000
28194  -8.701  -61.654  36.068 0.5000000000
29047  -9.371  -60.775  35.725 0.5000000000
29890  -11.387  -60.461  36.028 0.5000000000
29069  -13.028  -61.624  34.382 0.4000000060
29029  -8.892  -60.800  36.362 0.5000000000
29049  -11.597  -61.156  35.210 0.5000000000
28239  -9.781  -62.079  34.048 0.5000000000
29048  -10.268  -60.914  35.390 0.5000000000
28260  -10.485  -62.522  33.174 0.5000000000
29933  -13.115  -60.074  31.744 0.3000000119
23740  -8.902  -67.054  33.968 0.4000000060
23741  -9.772  -67.466  34.316 0.4000000060
23725  -8.509  -66.817  34.660 0.4000000060
24637  -10.198  -66.489  36.220 0.4000000060
24638  -11.088  -66.638  36.089 0.4000000060
23728  -11.453  -67.173  35.523 0.4000000060
25490  -10.962  -64.917  36.739 0.4000000060
24619  -12.232  -65.830  35.920 0.3000000119
25491  -11.900  -64.879  36.140 0.4000000060
143607  -10.105  -64.000  36.592 0.4000000060
26401  -10.951  -64.393  36.487 0.4000000060
27296  -10.176  -63.704  36.084 0.4000000060
26414  -11.444  -64.120  35.825 0.4000000060
26430  -13.020  -64.891  33.930 0.3000000119
27339  -9.699  -62.605  34.218 0.4000000060
27316  -10.194  -63.403  34.845 0.4000000060
26433  -11.172  -63.816  33.445 0.4000000060
26452  -12.314  -64.067  32.479 0.3000000119
27357  -11.280  -63.513  32.564 0.3000000119
27380  -12.627  -63.702  31.838 0.3000000119
27379  -10.811  -62.912  32.538 0.3000000119
129365  -11.399  -62.894  32.123 0.3000000119
28276  -11.869  -62.002  31.911 0.3000000119
27398  -12.949  -63.209  31.237 0.3000000119
26400  -9.921  -64.123  36.979 0.4000000060
27295  -8.822  -62.937  36.470 0.4000000060
27315  -9.151  -62.641  35.144 0.4000000060
29095  -11.663  -61.839  32.606 0.3000000119
27340  -10.348  -63.288  33.768 0.4000000060
27356  -10.496  -63.138  32.954 0.4000000060
133664  -10.660  -65.765  36.774 0.4000000060
24618  -11.541  -65.847  36.314 0.4000000060
26415  -12.348  -64.530  35.409 0.3000000119
26428  -11.464  -63.911  34.812 0.4000000060
26434  -12.138  -64.288  33.244 0.3000000119
26435  -13.011  -64.727  33.072 0.3000000119
135302  -11.835  -63.437  32.033 0.3000000119
27381  -13.640  -63.919  31.682 0.3000000119
27397  -12.055  -62.976  31.586 0.3000000119
28299  -12.345  -61.503  31.363 0.3000000119
6  -5.783  -106.500  39.013 0.5000000000
31  -10.297  -106.362  33.994 1.0000000000
37  -9.242  -106.184  32.435 0.8999999762
38  -10.037  -106.252  33.148 0.8999999762
39  -6.672  -106.062  32.654 0.8999999762
40  -7.536  -106.072  32.345 0.8999999762
135  -5.150  -105.631  35.029 0.8000000119
144  -5.206  -105.476  33.960 0.8999999762
159  -8.496  -106.042  31.994 0.8999999762
279  -5.597  -104.612  32.862 1.0000000000
290  -8.782  -105.807  31.869 1.0000000000
291  -9.759  -105.598  31.876 1.0000000000
292  -10.359  -105.364  31.981 1.0000000000
318  -12.719  -103.988  27.412 0.6999999881
395  -8.849  -103.082  35.684 1.0000000000
430  -4.174  -103.256  33.256 1.0000000000
477  -15.470  -103.145  28.202 0.8000000119
638  -10.586  -102.916  35.542 0.8999999762
647  -7.054  -102.864  34.196 1.0000000000
684  -3.478  -102.232  28.945 0.5000000000
879  -13.554  -100.882  37.673 0.6999999881
899  -13.832  -101.544  35.700 0.8000000119
945  -3.174  -101.726  28.543 0.4000000060
1203  -2.964  -99.632  32.752 0.8999999762
1257  -3.800  -100.669  28.949 0.6000000238
1271  -2.516  -101.087  26.954 0.4000000060
1282  -2.656  -101.055  26.527 0.5000000000
1283  -2.676  -100.964  26.610 0.4000000060
1292  -3.045  -101.306  25.823 0.5000000000
1294  -3.876  -100.463  25.771 0.5000000000
1299  -16.563  -100.712  25.072 0.4000000060
1527  -2.801  -99.259  33.477 0.8999999762
1539  -3.633  -99.404  32.117 1.0000000000
1600  -17.240  -99.264  28.317 0.6000000238
1607  -5.525  -99.214  27.594 0.8000000119
1620  -5.333  -99.347  26.450 0.8000000119
1643  -4.413  -99.532  24.081 0.5000000000
1644  -4.305  -99.979  24.327 0.5000000000
1652  -16.872  -99.931  24.696 0.4000000060
1936  -16.502  -97.961  33.577 0.6000000238
1972  -6.250  -98.621  29.615 0.8000000119
2014  -6.477  -98.274  26.363 0.6999999881
2028  -6.137  -98.243  25.351 0.6999999881
2038  -3.468  -98.499  24.040 0.5000000000
2039  -4.962  -98.638  24.432 0.5000000000
2041  -5.996  -97.853  25.042 0.6999999881
2343  -4.511  -97.107  33.061 1.0000000000
2348  -16.680  -97.797  32.800 0.6000000238
2366  -17.612  -97.683  30.785 0.5000000000
2388  -6.950  -97.688  28.187 0.8000000119
2403  -7.242  -97.393  27.251 0.8000000119
2415  -7.233  -97.121  26.471 0.8000000119
2442  -2.898  -98.172  24.338 0.5000000000
2444  -4.623  -98.128  24.658 0.5000000000
2445  -5.473  -97.903  24.774 0.6999999881
2751  -3.431  -96.237  36.422 0.8999999762
2765  -3.403  -95.776  34.343 1.0000000000
2778  -3.360  -96.363  33.573 0.8999999762
2791  -3.586  -96.239  32.988 1.0000000000
2806  -7.657  -96.707  29.813 0.8999999762
2858  -7.847  -96.071  27.156 0.8000000119
2868  -5.464  -96.853  25.462 0.6000000238
2883  -5.026  -97.477  25.011 0.5000000000
3158  -4.121  -95.133  41.377 0.6999999881
3242  -3.564  -95.078  33.625 1.0000000000
3248  -13.491  -94.726  35.524 1.0000000000
3267  -9.488  -96.201  31.417 0.8999999762
3284  -3.439  -95.886  30.704 0.8000000119
3285  -3.849  -96.200  30.467 0.6999999881
3308  -3.225  -96.473  29.985 0.6999999881
3310  -8.711  -95.389  28.942 0.8999999762
3325  -7.641  -95.193  27.127 0.8999999762
3346  -6.368  -95.534  26.343 0.8000000119
3347  -7.232  -95.678  26.558 0.8999999762
3364  -5.902  -96.151  25.872 0.8000000119
3679  -6.765  -93.527  39.053 0.8999999762
3727  -3.731  -94.048  34.386 1.0000000000
3746  -13.735  -94.108  35.101 1.0000000000
3768  -11.871  -94.391  32.097 1.0000000000
3806  -9.346  -94.133  29.427 1.0000000000
3824  -2.601  -95.222  27.628 0.6999999881
3828  -7.265  -94.392  27.360 1.0000000000
4187  -6.801  -92.923  38.779 0.8999999762
4203  -6.669  -93.099  38.645 0.8999999762
4256  -13.131  -93.657  32.918 1.0000000000
4305  -5.201  -94.596  31.473 0.8999999762
4321  -9.654  -93.335  29.168 1.0000000000
4343  -6.889  -93.603  27.676 1.0000000000
4668  -7.348  -91.314  42.137 0.8999999762
4704  -7.064  -92.647  39.834 0.8999999762
4711  -4.804  -92.174  38.866 1.0000000000
4736  -11.913  -92.017  36.971 1.0000000000
4798  -4.754  -92.319  31.651 0.8999999762
4801  -7.259  -92.801  31.179 1.0000000000
4832  -6.845  -92.582  29.142 1.0000000000
4834  -9.789  -92.436  28.845 1.0000000000
4844  -6.947  -92.378  28.335 1.0000000000
4858  -7.793  -92.228  27.706 1.0000000000
5227  -13.882  -91.472  35.560 1.0000000000
5273  -5.336  -91.901  31.964 1.0000000000
5300  -11.638  -91.512  30.905 1.0000000000
5301  -12.075  -90.959  31.175 1.0000000000
5308  -7.136  -91.854  28.680 1.0000000000
5319  -7.357  -91.823  28.224 1.0000000000
5333  -7.795  -91.511  27.981 1.0000000000
5653  -6.268  -90.174  43.091 0.8000000119
5771  -5.219  -90.566  32.373 1.0000000000
5775  -13.422  -90.082  32.301 1.0000000000
5793  -4.620  -90.563  31.778 1.0000000000
5820  -8.316  -90.082  30.682 1.0000000000
5834  -9.278  -90.093  29.132 1.0000000000
6275  -12.930  -89.159  38.123 1.0000000000
6366  -4.491  -89.728  31.680 0.8999999762
6368  -8.605  -89.857  31.488 1.0000000000
6391  -11.921  -89.738  30.569 1.0000000000
6403  -9.095  -89.645  29.949 1.0000000000
6412  -4.613  -90.025  28.390 0.6999999881
6427  -4.646  -89.847  27.508 0.6000000238
6428  -4.821  -89.200  28.034 0.5000000000
6863  -12.267  -88.254  39.353 1.0000000000
6896  -16.226  -87.720  35.715 1.0000000000
6906  -16.028  -88.214  35.091 1.0000000000
6925  -15.774  -88.549  34.550 1.0000000000
6938  -4.734  -88.106  33.800 1.0000000000
6950  -4.925  -89.018  32.851 1.0000000000
6971  -4.576  -88.866  31.604 0.8000000119
6973  -11.925  -88.503  31.417 1.0000000000
6988  -4.830  -88.013  29.228 0.6999999881
7002  -4.879  -88.610  28.583 0.5000000000
7018  -4.779  -88.250  27.780 0.5000000000
7401  -6.846  -88.159  47.039 0.5000000000
7402  -10.887  -87.224  46.859 1.0000000000
7404  -12.016  -87.087  46.473 1.0000000000
7507  -12.780  -87.835  39.825 1.0000000000
7509  -14.417  -87.373  39.469 1.0000000000
7527  -16.218  -86.975  38.000 1.0000000000
7556  -4.350  -87.272  35.026 1.0000000000
7577  -16.038  -87.505  34.297 1.0000000000
7585  -4.553  -87.675  33.587 0.8999999762
7590  -15.762  -87.881  33.852 1.0000000000
7600  -14.406  -88.030  32.895 1.0000000000
7615  -4.689  -87.740  31.547 0.8999999762
7624  -4.426  -87.107  29.692 0.8000000119
8049  -11.212  -86.312  47.322 1.0000000000
8070  -12.378  -86.675  46.115 1.0000000000
8086  -12.716  -86.910  45.617 1.0000000000
8160  -6.656  -86.423  40.509 1.0000000000
8161  -7.855  -86.223  40.663 1.0000000000
8163  -15.657  -86.286  40.485 1.0000000000
8189  -4.677  -86.682  38.787 1.0000000000
8196  -16.727  -85.715  37.894 1.0000000000
8201  -4.655  -86.739  38.043 1.0000000000
8202  -10.952  -86.932  37.614 1.0000000000
8203  -11.388  -86.569  37.292 1.0000000000
8204  -16.666  -86.251  37.549 1.0000000000
8211  -8.218  -85.916  36.644 0.8999999762
8226  -9.294  -86.147  35.681 0.6999999881
8241  -4.761  -85.202  33.789 0.8999999762
8246  -15.850  -86.800  34.440 1.0000000000
8251  -4.474  -86.636  33.525 1.0000000000
8760  -10.808  -85.395  47.589 1.0000000000
8782  -12.245  -85.674  46.230 1.0000000000
8799  -8.518  -85.142  45.491 1.0000000000
8911  -7.955  -84.963  38.192 1.0000000000
8933  -9.650  -85.460  36.938 0.5000000000
8939  -15.709  -85.250  36.114 1.0000000000
8940  -16.422  -85.809  36.405 1.0000000000
8950  -9.926  -85.776  36.084 0.5000000000
8955  -16.044  -85.933  35.607 1.0000000000
8962  -5.958  -84.724  34.354 0.8999999762
8983  -4.778  -85.534  31.793 0.8999999762
8997  -4.606  -85.697  31.269 0.6999999881
9012  -5.070  -85.393  30.713 0.6000000238
9031  -5.185  -85.454  29.041 0.6000000238
9463  -9.665  -84.702  47.788 1.0000000000
9486  -11.944  -84.740  46.370 1.0000000000
9621  -6.750  -84.525  38.154 1.0000000000
9652  -10.080  -84.942  36.996 0.5000000000
10284  -5.590  -83.367  42.876 1.0000000000
10931  -9.063  -82.544  47.770 1.0000000000
11036  -4.192  -82.820  40.961 1.0000000000
11050  -9.622  -82.605  39.524 1.0000000000
11071  -6.889  -82.232  37.182 0.8000000119
11072  -7.956  -82.252  36.974 0.6000000238
11742  -13.433  -81.585  45.219 1.0000000000
11823  -18.381  -81.411  40.058 1.0000000000
12506  -8.744  -80.396  47.609 1.0000000000
12518  -9.713  -79.862  46.909 1.0000000000
12521  -11.896  -80.964  46.290 1.0000000000
12529  -4.687  -79.805  45.431 0.6000000238
12544  -13.937  -80.062  45.013 1.0000000000
12589  -4.967  -80.468  39.989 0.8999999762
12598  -5.218  -80.128  39.037 0.8999999762
13322  -11.322  -79.054  45.527 1.0000000000
13356  -8.539  -79.664  43.125 1.0000000000
13371  -5.002  -79.672  40.506 0.8999999762
14104  -13.059  -78.859  44.738 1.0000000000
14125  -8.873  -78.367  43.220 1.0000000000
14149  -8.814  -78.876  40.632 1.0000000000
14197  -5.540  -78.583  37.354 0.8000000119
14889  -9.519  -77.792  45.953 1.0000000000
14900  -5.423  -77.373  45.371 0.6000000238
14903  -11.305  -77.661  44.905 1.0000000000
14913  -12.570  -76.897  44.386 1.0000000000
14955  -4.978  -77.549  41.716 0.8999999762
15011  -6.038  -77.690  37.522 0.6999999881
15724  -8.121  -77.036  45.888 0.8000000119
15736  -6.004  -76.201  45.460 0.6000000238
15772  -8.163  -76.781  42.993 1.0000000000
15773  -9.962  -75.993  41.952 1.0000000000
15814  -5.541  -76.949  38.754 0.8000000119
15817  -11.584  -76.343  39.184 1.0000000000
15852  -6.841  -77.213  37.957 0.4000000060
16591  -12.056  -75.522  44.841 1.0000000000
16620  -6.367  -76.005  43.007 0.8999999762
16635  -4.758  -75.292  41.807 0.8999999762
16636  -10.362  -75.327  41.582 1.0000000000
16647  -7.001  -74.971  40.347 0.8000000119
16648  -7.865  -75.064  40.238 0.8000000119
16688  -15.745  -75.629  37.325 1.0000000000
17447  -10.005  -74.481  44.613 0.6999999881
17449  -12.724  -74.779  44.589 0.8999999762
17480  -4.736  -74.364  42.997 0.8999999762
17484  -9.175  -74.745  42.187 1.0000000000
17496  -10.919  -74.812  41.107 1.0000000000
17505  -7.582  -74.472  40.138 0.6999999881
17543  -9.603  -74.614  37.950 0.6000000238
17547  -15.212  -74.988  36.931 1.0000000000
17561  -14.711  -74.328  36.519 1.0000000000
17580  -17.184  -73.628  35.650 1.0000000000
17585  -21.325  -74.157  35.734 1.0000000000
18265  -5.057  -73.299  43.239 0.8999999762
18299  -4.975  -73.647  41.366 0.8999999762
18301  -9.762  -73.759  41.116 1.0000000000
18315  -10.765  -73.416  40.245 1.0000000000
18317  -11.915  -74.255  39.920 1.0000000000
18328  -6.419  -72.833  39.291 0.6999999881
18330  -8.191  -74.410  39.678 0.6000000238
18350  -18.426  -73.597  38.269 0.8000000119
18354  -28.113  -75.160  38.602 1.0000000000
18367  -20.053  -72.901  37.906 0.8000000119
19100  -5.483  -72.410  43.359 0.8999999762
19126  -14.659  -72.126  42.034 1.0000000000
19127  -16.004  -72.997  42.210 1.0000000000
19134  -7.680  -71.989  42.013 0.8999999762
19136  -9.400  -72.875  40.882 1.0000000000
19158  -24.704  -72.552  40.119 0.8000000119
19168  -6.126  -72.763  39.978 0.8000000119
19179  -29.540  -72.392  39.635 0.8000000119
19186  -5.972  -72.377  38.424 0.5000000000
19189  -12.074  -72.833  37.889 1.0000000000
19193  -20.891  -73.088  38.941 0.8000000119
19195  -29.235  -74.073  39.282 0.8999999762
19220  -12.352  -72.541  36.030 1.0000000000
19227  -12.929  -72.496  35.762 1.0000000000
19229  -14.553  -72.449  35.518 1.0000000000
19232  -22.023  -72.614  35.502 1.0000000000
19235  -24.196  -72.338  35.698 1.0000000000
19962  -5.144  -71.652  43.356 0.8999999762
19984  -6.321  -71.547  43.095 0.8999999762
19991  -13.892  -71.853  41.998 0.8999999762
19998  -4.341  -71.382  42.649 0.8999999762
20001  -8.139  -71.690  41.382 1.0000000000
20016  -7.702  -70.931  41.332 0.8999999762
20019  -9.912  -71.980  39.972 1.0000000000
20032  -29.477  -71.664  40.124 0.8000000119
20043  -19.399  -71.967  39.698 0.6999999881
20064  -9.650  -70.992  36.833 1.0000000000
20067  -18.291  -71.575  37.303 0.8000000119
20074  -11.000  -71.432  36.177 1.0000000000
20084  -13.287  -71.778  35.675 1.0000000000
20087  -16.021  -71.462  35.470 1.0000000000
20886  -5.119  -70.408  43.165 0.8999999762
20923  -17.391  -70.243  40.183 0.6000000238
20947  -29.807  -70.773  39.945 0.8000000119
20955  -14.468  -70.465  38.360 0.6999999881
20959  -18.555  -70.669  38.217 0.8000000119
20972  -18.780  -70.991  37.740 0.8000000119
20976  -10.478  -70.810  36.282 1.0000000000
20977  -11.853  -71.050  35.892 1.0000000000
20988  -14.848  -70.990  35.705 1.0000000000
20994  -20.579  -70.593  35.305 1.0000000000
21810  -4.781  -69.668  41.919 0.8999999762
21853  -29.993  -70.128  39.695 0.8000000119
21862  -8.608  -69.454  38.350 1.0000000000
21875  -11.912  -69.386  37.111 1.0000000000
21882  -9.627  -70.403  36.811 1.0000000000
21904  -25.071  -69.544  35.919 1.0000000000
22713  -5.748  -67.857  43.510 0.8999999762
22744  -29.988  -69.717  40.555 0.8000000119
22791  -8.841  -68.946  38.245 1.0000000000
22792  -9.506  -68.969  37.864 1.0000000000
22806  -7.148  -67.601  35.907 0.5000000000
22826  -23.272  -68.601  35.515 1.0000000000
23695  -14.880  -67.136  37.228 1.0000000000
23710  -14.966  -67.819  37.029 1.0000000000
23726  -9.480  -66.923  35.096 0.4000000060
23727  -10.578  -67.164  35.428 0.4000000060
24517  -5.962  -66.324  42.677 0.8999999762
24536  -8.539  -64.804  40.558 0.8999999762
24595  -6.786  -66.409  37.247 0.5000000000
24601  -15.062  -66.545  37.127 1.0000000000
24615  -7.691  -65.833  36.666 0.6000000238
24622  -17.707  -66.437  36.312 1.0000000000
24634  -7.738  -66.500  35.982 0.6000000238
25493  -15.665  -65.385  36.584 0.8999999762
25507  -18.923  -65.570  35.732 1.0000000000
26347  -8.820  -63.239  39.833 0.8000000119
26384  -14.317  -64.672  37.154 0.8000000119
26429  -12.282  -64.414  34.319 0.3000000119
27355  -10.146  -62.717  33.517 0.4000000060
28211  -9.002  -61.152  35.458 0.5000000000
28213  -15.645  -60.970  36.204 0.8000000119
28275  -11.216  -62.434  32.519 0.3000000119
29030  -9.530  -60.639  36.482 0.6999999881
29087  -14.194  -61.631  33.358 0.5000000000
29879  -10.364  -60.515  36.052 0.5000000000
29881  -12.097  -60.480  36.227 0.6000000238
29883  -14.492  -59.861  36.113 0.6999999881
29896  -16.870  -59.817  35.380 0.6999999881
119008  -21.628  -73.182  39.771 0.8000000119
119010  -22.059  -71.355  41.313 0.5000000000
119403  -21.809  -71.868  40.896 0.5000000000
119558  -22.897  -71.049  39.744 0.8000000119
121003  -4.065  -92.866  36.522 1.0000000000
121181  -5.440  -77.702  38.397 0.8999999762
121738  -13.054  -76.246  44.351 1.0000000000
121880  -10.973  -87.463  35.449 1.0000000000
122067  -10.460  -88.069  43.260 1.0000000000
122676  -11.439  -88.710  31.044 1.0000000000
123531  -2.740  -96.733  27.765 0.6000000238
124527  -4.490  -99.350  24.325 0.5000000000
124594  -16.669  -85.934  38.393 1.0000000000
124708  -19.722  -65.989  35.733 1.0000000000
125016  -8.075  -86.214  34.161 0.6999999881
125237  -16.834  -67.866  36.522 1.0000000000
126363  -20.189  -72.314  38.196 0.8000000119
126730  -12.591  -60.499  31.931 0.3000000119
126969  -5.594  -74.019  43.199 0.8999999762
126998  -18.755  -68.757  36.055 1.0000000000
127058  -15.563  -74.852  43.331 1.0000000000
127159  -8.925  -106.214  34.558 0.8000000119
127377  -4.198  -100.451  24.325 0.5000000000
128066  -9.425  -75.944  42.401 1.0000000000
128318  -17.503  -69.707  35.668 1.0000000000
128360  -5.690  -85.196  31.169 0.6999999881
128433  -6.680  -90.523  32.790 1.0000000000
128695  -18.842  -64.160  35.456 0.8999999762
128795  -4.558  -86.427  32.761 0.8999999762
129433  -15.646  -101.689  24.539 0.4000000060
129829  -13.246  -62.399  37.102 0.8000000119
129898  -11.716  -95.045  36.709 1.0000000000
130018  -15.618  -64.095  36.338 0.8000000119
130206  -2.634  -95.095  29.428 0.6999999881
131065  -3.123  -101.077  28.396 0.4000000060
131090  -12.772  -70.467  36.266 1.0000000000
131832  -10.868  -91.835  30.010 1.0000000000
131975  -8.006  -90.872  28.355 1.0000000000
132298  -6.134  -104.058  32.830 1.0000000000
132328  -6.914  -93.577  30.305 1.0000000000
132557  -4.999  -80.893  41.769 1.0000000000
132610  -19.178  -71.166  35.159 1.0000000000
132611  -21.270  -72.370  35.410 1.0000000000
133016  -14.760  -87.553  33.342 1.0000000000
133057  -13.697  -93.032  36.138 1.0000000000
133470  -4.510  -86.033  31.720 0.6999999881
133478  -7.271  -95.064  35.116 1.0000000000
133734  -9.078  -80.822  38.996 1.0000000000
133970  -10.489  -87.012  39.050 1.0000000000
134070  -4.440  -85.876  30.655 0.6000000238
134094  -8.843  -83.473  41.074 1.0000000000
134118  -6.291  -85.358  31.285 0.5000000000
134765  -9.068  -106.390  33.509 0.8999999762
135102  -13.409  -81.637  37.437 1.0000000000
135256  -15.231  -72.624  35.510 1.0000000000
135631  -13.419  -88.785  32.029 1.0000000000
136664  -9.943  -70.742  36.521 1.0000000000
136703  -15.500  -103.288  29.352 0.8000000119
136712  -22.389  -69.423  35.431 1.0000000000
137143  -4.570  -88.044  35.038 1.0000000000
137419  -8.677  -74.132  42.190 1.0000000000
137433  -5.834  -76.773  38.471 0.8000000119
137474  -9.453  -92.983  28.646 1.0000000000
137855  -13.093  -88.399  31.950 1.0000000000
138037  -7.151  -88.511  35.124 1.0000000000
138073  -6.348  -105.880  32.588 1.0000000000
138924  -12.806  -94.316  36.538 1.0000000000
139361  -4.797  -74.939  41.006 0.8999999762
139703  -16.186  -74.046  42.713 1.0000000000
140425  -2.803  -95.940  29.047 0.6999999881
140493  -13.549  -73.460  36.291 1.0000000000
140983  -4.131  -90.633  37.293 1.0000000000
141527  -19.855  -69.171  35.830 1.0000000000
141952  -4.343  -72.044  42.862 0.8999999762
142655  -11.351  -75.277  45.006 0.8999999762
142766  -10.740  -84.788  47.574 1.0000000000
142800  -4.861  -74.635  43.019 0.8999999762
142840  -5.736  -106.012  36.251 0.8000000119
142848  -15.468  -64.723  36.501 0.8999999762
142918  -15.921  -75.225  43.208 1.0000000000
142973  -5.540  -77.871  37.738 0.8000000119
143111  -10.808  -104.735  26.839 0.4000000060
143113  -2.928  -92.971  28.673 0.6999999881
143769  -15.270  -102.677  26.082 0.6000000238
144202  -2.942  -100.701  34.648 1.0000000000
144251  -11.424  -71.294  35.939 1.0000000000
144360  -19.533  -72.077  39.484 0.8000000119
144404  -29.670  -70.260  38.956 0.8999999762
144943  -3.032  -97.822  33.542 0.8999999762
