#!ascii label  , from subject sub-v2s10x28995_ses-1 vox2ras=TkReg
8686
807  13.238  -87.413  24.582 0.6000000238
585  11.254  -88.205  24.743 0.5000000000
570  14.059  -88.574  24.680 0.6999999881
571  13.575  -87.693  24.437 0.5000000000
824  10.858  -88.569  24.357 0.2000000030
584  12.852  -87.487  24.366 0.5000000000
805  14.727  -88.162  25.031 0.8999999762
806  14.131  -88.052  24.577 0.6999999881
550  14.669  -90.178  27.283 0.8000000119
795  14.384  -89.382  25.650 0.8000000119
560  13.960  -89.758  25.224 0.6999999881
559  14.062  -89.820  25.766 0.6999999881
823  12.125  -87.724  24.266 0.4000000060
796  11.460  -88.078  26.067 0.6999999881
1056  16.174  -89.135  27.738 0.8999999762
1077  15.259  -88.500  25.849 0.8999999762
159662  14.984  -87.359  25.053 0.8000000119
808  12.371  -87.516  25.121 0.6999999881
561  11.311  -88.207  25.587 0.6999999881
156634  16.032  -89.828  28.184 0.8999999762
782  15.026  -89.374  26.722 0.8999999762
573  10.589  -88.976  25.479 0.5000000000
29  19.471  -94.544  31.882 1.0000000000
31  17.762  -94.837  31.766 1.0000000000
84  18.431  -94.276  31.864 1.0000000000
302  16.763  -92.094  29.959 0.8999999762
162425  16.427  -91.164  29.238 0.8999999762
773  15.395  -89.796  27.670 0.8999999762
90  17.012  -93.826  31.202 1.0000000000
186  15.978  -91.789  29.390 0.8999999762
533  15.652  -90.490  28.384 0.8999999762
534  14.950  -90.753  28.046 0.8999999762
586  10.310  -89.134  24.949 0.2000000030
3  16.410  -95.090  31.363 0.8999999762
32  16.825  -94.872  31.586 0.8999999762
91  16.403  -93.574  30.699 0.8999999762
316  15.332  -91.302  28.694 0.8999999762
317  14.706  -91.605  28.370 0.8000000119
825  10.032  -89.079  24.442 0.2000000030
535  14.420  -91.021  27.635 0.8999999762
583  13.744  -88.285  24.206 0.5000000000
834  12.386  -87.977  23.764 0.3000000119
851  14.744  -89.079  21.090 0.3000000119
1122  14.337  -88.638  20.954 0.3000000119
1441  14.776  -87.822  20.712 0.2000000030
1121  15.210  -88.434  20.864 0.3000000119
1442  14.501  -87.137  20.448 0.2000000030
140258  11.412  -88.331  26.927 0.8000000119
1377  12.195  -87.323  26.880 1.0000000000
785  10.482  -89.771  27.463 0.6999999881
152100  10.980  -88.952  27.081 0.8000000119
140354  10.104  -90.135  27.007 0.4000000060
1079  11.868  -87.667  26.404 0.8000000119
562  10.637  -89.196  26.389 0.5000000000
563  9.542  -90.132  26.577 0.4000000060
1383  14.896  -86.514  25.256 1.0000000000
1375  13.521  -86.546  25.527 0.8000000119
1078  12.592  -86.973  25.944 0.6999999881
1374  15.525  -86.814  25.546 0.8999999762
1363  16.727  -87.038  26.753 1.0000000000
164124  14.490  -86.739  25.003 0.8000000119
1082  14.105  -87.320  24.642 0.8000000119
1084  12.364  -87.366  25.414 0.6999999881
164235  10.111  -89.800  26.232 0.5000000000
1066  17.241  -87.629  27.524 1.0000000000
1076  15.921  -87.657  26.085 0.8000000119
1055  16.956  -88.622  27.916 0.8999999762
1067  16.485  -88.185  27.132 1.0000000000
1083  13.192  -87.170  24.809 0.6999999881
508  22.721  -90.561  30.698 0.6999999881
291  22.907  -92.269  31.518 0.6999999881
82  21.674  -93.762  31.767 0.8000000119
175  22.356  -92.730  30.993 0.8000000119
89  21.993  -93.384  31.233 1.0000000000
155936  20.723  -94.091  32.287 0.8000000119
521  16.742  -90.637  29.104 0.8999999762
763  17.084  -89.880  28.868 0.8999999762
176  21.752  -92.991  30.498 0.8999999762
34  21.323  -93.921  31.105 0.8999999762
28  20.273  -94.400  31.808 1.0000000000
83  19.362  -93.860  32.266 0.8000000119
169  18.711  -93.302  31.622 1.0000000000
144550  17.571  -91.847  30.236 0.8999999762
309  17.005  -91.261  29.580 0.8999999762
20  19.416  -94.694  29.029 0.8999999762
6  18.820  -95.229  30.909 1.0000000000
0  18.964  -94.988  31.578 0.8999999762
178  17.116  -92.870  30.617 0.8999999762
146221  18.163  -95.013  29.196 0.8999999762
8  17.164  -95.395  30.624 0.8999999762
148031  15.824  -95.350  30.348 0.8999999762
88  15.177  -93.948  30.279 0.8999999762
180  15.359  -92.746  29.623 0.8999999762
310  15.039  -92.126  29.015 0.8999999762
41  18.839  -94.518  28.766 0.8999999762
42  17.776  -94.163  28.802 0.8999999762
17  15.381  -95.101  29.632 0.8999999762
96  14.689  -93.747  29.416 0.8999999762
93  14.724  -93.922  29.739 0.8999999762
318  14.399  -91.842  28.026 0.8999999762
102  17.822  -92.987  27.893 0.8999999762
52  16.444  -93.664  28.110 0.8999999762
45  14.633  -94.010  28.711 0.8999999762
105  14.558  -92.961  28.068 0.8999999762
194  14.296  -91.429  27.035 0.6999999881
339  14.082  -90.520  26.055 0.6999999881
118  16.746  -92.592  26.242 0.8000000119
150184  16.209  -93.033  25.703 0.8000000119
114  15.386  -92.771  26.749 0.6999999881
213  15.451  -92.094  25.975 0.6999999881
204  14.515  -91.447  26.598 0.5000000000
595  13.740  -89.596  23.984 0.5000000000
362  13.876  -89.867  24.564 0.6000000238
596  13.359  -87.921  23.916 0.5000000000
163348  17.489  -91.305  25.361 0.6999999881
120  16.317  -92.826  25.433 0.6999999881
226  16.405  -91.464  24.552 0.6000000238
222  15.202  -91.234  25.448 0.6000000238
369  13.841  -90.255  23.888 0.5000000000
602  13.277  -89.344  23.150 0.4000000060
839  12.161  -88.444  23.042 0.3000000119
365  17.670  -90.456  23.689 0.6000000238
224  17.379  -91.272  24.063 0.6000000238
371  17.337  -91.018  23.443 0.6000000238
367  15.728  -90.555  24.184 0.6000000238
374  14.948  -90.249  23.699 0.6000000238
147745  14.028  -90.160  22.692 0.6000000238
601  13.714  -90.007  22.852 0.4000000060
604  18.246  -90.322  22.007 0.5000000000
605  17.645  -90.734  22.073 0.5000000000
376  17.227  -90.988  22.472 0.5000000000
373  15.932  -90.262  23.391 0.6000000238
608  14.830  -89.788  22.343 0.6000000238
843  14.625  -89.370  21.788 0.4000000060
844  14.157  -89.099  21.552 0.4000000060
612  17.982  -90.077  21.436 0.5000000000
606  17.312  -90.497  21.962 0.5000000000
153618  16.578  -89.751  21.994 0.3000000119
842  15.274  -89.324  21.601 0.5000000000
163730  13.916  -86.978  20.725 0.2000000030
848  17.826  -89.751  20.778 0.5000000000
613  17.093  -89.592  21.394 0.3000000119
849  16.516  -89.056  20.935 0.3000000119
850  15.592  -89.036  20.980 0.2000000030
1129  15.219  -87.384  19.930 0.2000000030
1801  14.957  -86.562  19.971 0.2000000030
1802  14.379  -86.507  20.498 0.2000000030
151967  17.304  -89.202  20.824 0.3000000119
856  17.014  -88.725  20.423 0.3000000119
1128  16.685  -88.107  19.931 0.2000000030
1805  15.617  -86.009  19.545 0.2000000030
1127  17.570  -88.387  19.911 0.3000000119
1447  16.021  -87.112  19.630 0.2000000030
1800  15.664  -86.618  19.800 0.2000000030
155275  17.944  -87.712  19.031 0.2000000030
1133  17.201  -87.807  19.317 0.2000000030
1453  16.679  -87.080  19.169 0.2000000030
1804  16.109  -86.494  19.132 0.2000000030
2142  16.205  -85.462  19.365 0.2000000030
1452  17.514  -87.113  18.963 0.2000000030
140358  17.073  -86.296  18.853 0.2000000030
1811  17.036  -85.549  18.319 0.2000000030
137365  16.430  -85.803  18.977 0.2000000030
536  10.473  -90.116  28.470 0.8000000119
153995  8.935  -90.222  27.233 0.4000000060
552  10.107  -90.594  27.932 0.4000000060
331  9.713  -91.080  28.235 0.6000000238
1736  14.625  -85.971  25.792 1.0000000000
1376  12.877  -86.699  26.272 1.0000000000
555  8.352  -90.089  27.181 0.4000000060
554  8.821  -90.514  27.927 0.4000000060
321  9.028  -91.126  28.558 0.6000000238
1373  16.141  -86.486  26.075 1.0000000000
797  8.375  -89.261  25.966 0.3000000119
1724  16.703  -86.073  26.728 1.0000000000
1054  17.695  -88.146  28.200 1.0000000000
771  17.391  -89.039  28.576 1.0000000000
143886  22.242  -89.967  29.815 0.8000000119
299  22.945  -91.481  31.193 0.6999999881
512  17.951  -90.949  29.905 1.0000000000
762  17.842  -89.514  29.132 1.0000000000
307  21.855  -91.558  29.954 0.8999999762
156254  22.387  -91.253  30.493 0.8999999762
146521  22.652  -93.013  32.389 0.8000000119
79  20.644  -93.780  32.649 0.8000000119
144378  17.501  -90.386  29.361 0.8999999762
184  21.762  -92.343  30.203 0.8999999762
142835  20.791  -94.054  30.226 1.0000000000
160  20.147  -93.514  32.537 0.8000000119
301  18.456  -91.541  30.527 0.8999999762
185  21.251  -92.893  29.376 0.8999999762
36  20.804  -93.576  29.364 1.0000000000
13  20.125  -94.554  30.160 1.0000000000
294  18.992  -92.218  31.217 0.8999999762
48  20.258  -93.727  28.031 0.8999999762
168  19.564  -92.960  31.988 0.8000000119
57  19.715  -93.633  27.941 0.8999999762
58  18.862  -93.187  27.963 0.8999999762
199  20.017  -92.356  26.916 0.8999999762
110  18.253  -92.314  27.452 0.8000000119
210  19.700  -91.469  26.562 0.8999999762
359  17.640  -90.724  25.057 0.6000000238
349  17.960  -90.803  25.859 0.6999999881
348  18.888  -90.604  26.202 0.8000000119
569  18.259  -90.244  25.468 0.6999999881
1111  19.279  -88.271  23.012 0.6999999881
592  18.226  -89.939  22.932 0.6000000238
593  17.837  -90.455  23.520 0.6000000238
581  18.486  -89.637  24.996 0.6000000238
836  18.709  -89.311  22.225 0.6000000238
603  18.719  -89.915  21.494 0.6000000238
141976  18.631  -90.033  21.199 0.5000000000
1126  18.435  -88.582  19.800 0.4000000060
858  19.077  -88.826  19.332 0.4000000060
157350  18.000  -88.064  19.470 0.4000000060
1451  18.362  -87.204  18.820 0.3000000119
1458  17.939  -86.518  18.535 0.1000000015
1810  17.480  -85.847  18.204 0.2000000030
2149  17.776  -85.171  17.977 0.2000000030
784  11.207  -88.765  27.729 1.0000000000
774  10.923  -89.254  28.525 0.8999999762
1727  13.082  -86.454  27.028 1.0000000000
319  10.071  -91.013  28.713 0.8000000119
798  8.073  -89.306  26.612 0.3000000119
313  9.339  -91.087  29.458 0.8000000119
1734  16.060  -85.794  26.316 1.0000000000
1725  14.390  -85.710  26.656 1.0000000000
786  7.971  -89.087  27.399 0.3000000119
538  8.466  -89.338  28.356 0.3000000119
537  8.745  -90.333  28.568 0.6999999881
524  8.845  -90.850  29.363 0.8000000119
800  5.998  -88.201  26.090 0.3000000119
1723  17.409  -86.495  27.479 1.0000000000
1053  18.352  -87.598  28.590 1.0000000000
1046  18.739  -88.182  29.106 0.8999999762
761  18.676  -89.057  29.449 1.0000000000
760  19.323  -88.960  29.906 0.8000000119
759  22.242  -89.240  29.440 0.8999999762
497  23.939  -90.794  32.092 0.8000000119
156484  23.620  -91.728  32.052 0.8000000119
511  18.794  -90.639  30.208 1.0000000000
753  19.108  -89.770  29.949 1.0000000000
509  20.352  -89.837  31.023 0.8000000119
770  22.132  -88.979  28.333 0.8999999762
518  21.961  -90.720  29.646 0.8999999762
496  24.079  -89.974  32.122 0.8000000119
489  24.420  -91.378  32.807 0.8000000119
157  22.979  -92.714  32.862 0.8000000119
300  19.300  -91.237  30.844 0.8000000119
510  19.594  -90.306  30.540 0.8000000119
1065  22.412  -88.654  27.350 0.8000000119
531  21.720  -90.826  28.446 0.8999999762
286  23.844  -92.164  33.015 0.8000000119
147207  21.699  -92.992  33.195 0.8000000119
167  20.342  -92.644  32.455 0.8000000119
293  19.802  -91.913  31.612 0.8000000119
328  21.847  -91.242  27.607 0.8999999762
162142  21.242  -92.936  28.418 0.8999999762
153215  21.413  -92.881  27.705 0.8999999762
47  20.750  -93.442  27.826 1.0000000000
56  20.323  -93.369  27.579 1.0000000000
108  20.654  -93.029  26.956 1.0000000000
209  20.791  -92.375  26.467 0.8999999762
157750  20.771  -90.946  25.794 0.8999999762
1091  19.293  -88.467  24.041 0.8000000119
821  19.743  -88.857  24.857 0.8000000119
568  19.186  -90.011  25.751 0.8000000119
832  18.618  -89.018  23.442 0.6999999881
157088  18.841  -89.070  24.473 0.6999999881
804  19.427  -89.420  25.276 0.8999999762
1116  19.348  -88.579  21.833 0.6000000238
847  19.426  -89.217  20.560 0.5000000000
610  19.085  -89.974  20.715 0.5000000000
853  19.269  -89.140  19.910 0.6000000238
1131  19.413  -88.055  18.973 0.5000000000
1132  18.745  -88.093  19.007 0.4000000060
1364  12.515  -86.902  27.387 1.0000000000
1057  11.386  -88.354  28.471 1.0000000000
1726  13.609  -85.982  27.282 1.0000000000
2063  14.326  -85.506  27.657 1.0000000000
787  7.315  -88.744  27.001 0.3000000119
765  10.761  -89.287  29.728 1.0000000000
2061  15.797  -85.423  26.849 1.0000000000
135949  7.230  -88.063  26.761 0.3000000119
775  8.224  -88.515  27.485 0.3000000119
2059  17.050  -85.710  27.413 1.0000000000
2049  16.271  -85.288  27.631 1.0000000000
1380  6.402  -87.755  26.158 0.3000000119
148587  6.472  -87.474  26.141 0.3000000119
1740  6.798  -86.469  26.273 0.3000000119
1059  8.480  -88.184  27.688 0.3000000119
766  8.479  -89.135  29.385 0.6000000238
2047  17.721  -85.874  28.071 1.0000000000
1356  8.709  -87.408  28.234 0.4000000060
1341  18.925  -87.431  29.276 1.0000000000
1712  18.545  -86.817  28.883 1.0000000000
1035  19.788  -88.354  30.235 0.8000000119
743  23.624  -89.304  31.572 0.6999999881
1362  22.552  -86.954  27.349 0.8000000119
736  24.689  -89.894  32.840 0.8000000119
139873  22.491  -87.827  27.352 0.8000000119
499  20.078  -90.900  31.287 0.8000000119
498  20.880  -90.548  31.861 0.8000000119
549  22.057  -90.424  27.458 0.8000000119
154  23.288  -92.385  33.278 0.6999999881
279  22.053  -92.335  33.359 0.8000000119
292  20.559  -91.609  32.130 0.8000000119
491  21.164  -91.340  32.538 0.8000000119
327  22.473  -91.198  26.725 0.8999999762
99  21.927  -92.715  26.853 0.8999999762
107  21.239  -93.092  26.949 0.8999999762
106  21.768  -92.758  26.651 0.8999999762
117  21.443  -92.752  26.495 0.8999999762
137673  20.772  -91.626  26.088 0.8999999762
346  21.451  -91.480  25.629 0.8999999762
566  21.258  -90.623  25.460 0.8999999762
1090  20.175  -88.333  24.483 0.8999999762
820  20.687  -89.013  24.968 1.0000000000
802  21.023  -89.792  25.264 0.8999999762
567  20.287  -90.095  25.652 0.8999999762
1110  19.898  -87.711  22.333 0.6999999881
1102  20.128  -87.579  23.303 0.8000000119
1120  20.313  -87.681  20.603 0.5000000000
1115  19.900  -88.056  21.310 0.6999999881
155835  20.216  -88.280  20.154 0.5000000000
1125  19.556  -88.321  19.634 0.5000000000
1456  19.544  -87.016  18.133 0.5000000000
1457  18.880  -86.727  18.164 0.4000000060
1809  18.328  -85.903  17.984 0.2000000030
1450  19.667  -87.248  18.730 0.5000000000
1814  18.488  -85.162  17.735 0.1000000015
1808  19.577  -86.285  17.970 0.5000000000
1715  12.941  -86.354  27.994 1.0000000000
1354  12.287  -86.921  28.220 1.0000000000
513  10.312  -90.575  30.243 0.8999999762
161892  14.712  -85.294  28.297 1.0000000000
1714  13.144  -85.756  28.898 1.0000000000
303  9.949  -90.915  30.844 0.8999999762
183  9.385  -91.073  31.607 0.8999999762
2048  17.064  -85.419  28.187 1.0000000000
2050  15.262  -85.236  27.606 1.0000000000
2036  14.684  -85.306  29.059 1.0000000000
143466  8.191  -90.198  30.503 0.8000000119
147724  17.942  -85.891  29.636 1.0000000000
1701  18.200  -86.147  28.846 1.0000000000
1744  6.882  -86.654  25.983 0.3000000119
755  8.080  -89.413  30.330 0.6999999881
1328  19.443  -87.357  30.121 0.8999999762
1340  18.689  -86.579  29.658 1.0000000000
135956  8.703  -85.705  27.795 0.4000000060
1049  8.437  -87.984  29.234 0.5000000000
136039  8.036  -86.570  29.217 0.5000000000
135963  7.820  -85.708  28.947 0.4000000060
1703  7.082  -86.350  29.535 0.6000000238
738  22.005  -89.916  33.000 0.6999999881
161457  20.637  -89.125  31.312 0.8000000119
2038  6.725  -85.515  29.220 0.6000000238
481  22.570  -90.836  33.718 0.6999999881
744  21.354  -89.751  32.202 0.8000000119
1292  23.701  -87.991  32.441 0.6999999881
998  24.686  -89.313  33.433 0.6999999881
490  21.529  -90.649  32.621 0.8000000119
1361  22.967  -87.435  26.749 0.8000000119
1064  22.896  -88.265  26.738 0.8000000119
488  24.988  -90.867  33.348 0.6999999881
144160  22.406  -91.672  33.542 0.6999999881
781  22.252  -89.513  27.397 0.8000000119
780  22.843  -89.093  26.731 0.8000000119
277  23.953  -91.946  33.788 0.6999999881
278  22.931  -92.236  33.621 0.8000000119
326  23.487  -90.764  26.236 0.8999999762
192  22.498  -92.151  26.378 0.8999999762
197  23.200  -91.958  25.971 0.8999999762
198  22.397  -92.497  26.143 0.8000000119
345  22.155  -91.878  25.469 0.8000000119
358  21.976  -91.108  25.209 0.8000000119
580  21.857  -90.268  25.047 0.8000000119
1089  21.163  -88.466  24.604 0.8999999762
819  21.598  -89.359  24.883 0.8999999762
159901  19.805  -87.972  23.830 0.8999999762
1407  21.048  -87.231  23.686 0.8999999762
1423  20.641  -87.068  22.798 0.8000000119
155455  20.705  -86.816  20.863 0.8000000119
1434  20.513  -87.126  21.686 0.8000000119
1444  20.541  -86.992  20.054 0.5000000000
141693  20.360  -87.779  19.894 0.5000000000
1124  20.153  -88.073  19.713 0.5000000000
1445  20.377  -87.409  19.239 0.5000000000
1455  20.169  -86.876  18.091 0.5000000000
1813  19.074  -85.521  17.645 0.5000000000
1812  20.700  -85.169  17.800 0.5000000000
1454  20.495  -86.397  18.362 0.5000000000
2148  19.911  -85.362  17.867 0.5000000000
2153  20.346  -84.840  17.094 0.5000000000
2492  20.011  -84.140  16.698 0.5000000000
2154  19.563  -84.845  17.136 0.5000000000
2493  19.275  -84.062  16.697 0.5000000000
2491  20.657  -84.167  16.712 0.5000000000
2503  20.317  -83.686  15.979 0.5000000000
2893  20.281  -82.775  15.772 0.5000000000
2902  20.525  -80.966  16.025 0.5000000000
2901  21.060  -81.868  15.338 0.5000000000
3351  21.266  -80.063  15.204 0.5000000000
3363  20.324  -79.760  14.148 0.4000000060
3362  21.080  -80.445  13.769 0.5000000000
3368  19.681  -80.962  12.934 0.4000000060
3381  18.015  -81.700  10.750 0.4000000060
1343  11.728  -87.289  28.911 1.0000000000
306  8.071  -90.901  31.030 1.0000000000
151514  12.383  -86.344  28.879 1.0000000000
1037  10.600  -88.624  30.296 1.0000000000
143838  10.187  -90.216  30.828 0.8999999762
2034  16.758  -85.354  29.084 1.0000000000
149291  15.474  -85.185  28.409 1.0000000000
514  7.558  -89.908  31.179 0.6999999881
1685  18.992  -86.668  30.607 1.0000000000
1686  18.187  -86.218  30.487 1.0000000000
756  7.278  -88.981  30.948 0.8999999762
147376  19.527  -87.083  30.903 0.8999999762
1313  19.628  -87.197  31.704 0.8000000119
1670  18.429  -86.562  31.278 0.8000000119
146923  17.167  -85.871  30.443 0.8000000119
1331  7.632  -87.801  29.928 0.6999999881
1332  6.844  -87.501  30.307 0.8000000119
757  6.522  -88.692  31.395 0.8000000119
1327  20.066  -87.740  30.934 0.8999999762
1312  20.290  -87.717  31.752 0.8000000119
1347  6.424  -86.911  30.111 0.6999999881
1693  5.623  -86.624  30.475 0.8000000119
2039  5.622  -85.354  29.547 0.6999999881
1322  5.383  -86.931  31.097 0.8000000119
140526  23.263  -91.665  33.978 0.6999999881
469  23.323  -90.922  34.453 0.6999999881
1075  23.627  -87.861  26.432 0.8000000119
726  25.246  -90.310  33.862 0.6999999881
268  24.817  -91.402  34.439 0.6999999881
793  23.600  -88.667  26.429 0.8000000119
141944  23.782  -90.113  26.250 0.8999999762
191  23.370  -91.494  26.102 0.8999999762
196  24.005  -91.406  25.591 0.8999999762
206  23.050  -92.063  25.665 0.8999999762
344  24.677  -91.752  25.143 0.8999999762
217  23.455  -91.672  25.153 0.8000000119
159945  24.143  -90.686  24.466 0.8999999762
356  23.859  -91.403  24.784 0.8000000119
579  22.679  -90.763  24.855 0.8000000119
1088  22.221  -88.733  24.539 1.0000000000
818  22.488  -89.783  24.679 1.0000000000
1100  21.689  -87.789  24.243 1.0000000000
1406  22.063  -87.086  23.795 1.0000000000
158612  21.434  -86.768  23.259 0.8999999762
1422  21.308  -86.537  22.457 0.8000000119
163824  5.670  -74.691  23.897 0.6000000238
8427  5.603  -74.371  24.421 0.6000000238
1433  21.269  -86.369  21.500 0.8000000119
1784  22.099  -86.098  22.186 0.8999999762
1799  20.756  -86.387  19.452 0.6000000238
1440  21.190  -86.124  20.441 0.6999999881
142836  22.012  -85.701  21.270 0.8999999762
8441  5.935  -74.232  22.695 0.6000000238
1803  20.915  -85.881  18.704 0.6000000238
146847  5.827  -75.093  23.376 0.5000000000
1806  20.859  -85.628  18.167 0.5000000000
2147  21.264  -84.834  17.682 0.5000000000
2152  21.168  -84.503  16.948 0.5000000000
2908  21.703  -81.038  14.626 0.6000000238
144709  21.381  -82.655  14.769 0.5000000000
2151  21.774  -84.335  16.870 0.6999999881
3374  19.174  -81.440  11.864 0.5000000000
153025  20.004  -81.220  12.421 0.5000000000
162625  19.190  -81.547  11.288 0.5000000000
156897  18.762  -81.610  11.043 0.4000000060
136942  17.690  -81.781  9.980 0.4000000060
500  10.014  -90.924  30.965 0.8999999762
502  7.514  -90.615  31.651 1.0000000000
747  6.725  -89.383  31.618 1.0000000000
748  6.071  -88.858  31.965 0.8999999762
1333  6.043  -87.413  30.854 0.8000000119
162920  4.803  -85.931  31.320 0.6999999881
157633  25.194  -90.996  34.996 0.6999999881
139280  24.356  -86.608  26.386 0.8000000119
1074  24.553  -88.244  26.286 0.8000000119
141647  25.067  -89.621  34.394 0.6999999881
792  24.343  -88.994  26.245 0.8000000119
547  24.535  -90.487  25.984 0.8000000119
336  25.007  -91.328  25.456 0.8000000119
216  24.271  -91.736  24.926 0.6999999881
364  24.622  -91.437  24.685 0.8999999762
590  24.714  -90.118  24.177 0.8999999762
1087  23.238  -89.207  24.351 1.0000000000
817  23.329  -90.205  24.507 0.8999999762
137726  23.070  -87.941  24.035 1.0000000000
1404  24.405  -88.018  23.361 0.8999999762
143864  22.891  -87.031  23.575 1.0000000000
1421  22.293  -86.478  23.116 1.0000000000
10994  6.324  -71.281  23.254 0.8000000119
9236  5.636  -72.943  23.434 0.8000000119
9230  5.741  -73.301  24.411 0.6999999881
1783  22.983  -85.805  21.859 0.8999999762
1771  22.891  -86.198  22.560 0.8999999762
10117  5.849  -71.966  23.014 0.8000000119
10097  6.360  -72.751  24.889 0.6999999881
2119  22.004  -85.355  20.401 0.8000000119
9241  6.055  -73.174  22.351 0.8000000119
2130  21.358  -85.592  19.600 0.8000000119
1793  23.075  -85.416  21.050 0.8999999762
7691  6.096  -75.332  22.458 0.5000000000
148840  6.396  -74.166  21.692 0.6000000238
2140  21.305  -85.060  18.320 0.6000000238
148785  21.444  -85.149  19.011 0.8000000119
2139  21.857  -84.570  18.777 0.8999999762
2129  22.062  -84.893  19.624 0.8999999762
2509  21.766  -83.379  15.434 0.6999999881
2157  21.955  -84.396  16.289 0.8000000119
2146  21.866  -84.313  17.833 0.8999999762
2465  22.409  -84.378  19.196 0.8000000119
2907  21.703  -82.209  14.237 0.6000000238
2501  22.297  -84.144  15.759 0.6999999881
145305  20.861  -81.149  12.862 0.6999999881
3361  21.539  -81.266  13.719 0.6999999881
155892  19.618  -81.458  11.541 0.5000000000
173  9.332  -91.034  32.147 1.0000000000
174  8.729  -91.083  32.182 1.0000000000
1028  5.786  -88.194  31.901 0.8000000119
1304  5.366  -87.094  31.757 0.8000000119
2340  4.653  -84.740  32.074 0.4000000060
2015  4.669  -85.409  31.649 0.6000000238
1661  5.159  -86.279  32.425 0.8000000119
989  24.570  -88.943  34.793 0.6999999881
137778  4.804  -84.066  32.577 0.3000000119
1731  25.946  -86.661  26.820 0.8000000119
146175  25.130  -87.666  26.381 0.8000000119
1073  25.571  -88.180  26.447 0.8000000119
790  26.090  -89.604  26.233 0.8000000119
325  25.368  -90.797  25.721 0.8000000119
324  26.618  -90.739  26.005 0.8000000119
154813  26.503  -91.053  25.522 0.6999999881
343  25.652  -91.570  25.164 0.6999999881
342  26.490  -91.150  24.992 0.8000000119
354  25.831  -91.259  24.777 0.6999999881
577  25.775  -90.802  24.218 0.8000000119
829  26.500  -89.420  23.553 0.8999999762
589  25.437  -90.111  23.960 0.8999999762
830  25.821  -89.431  23.506 0.8999999762
591  24.088  -89.749  24.218 1.0000000000
140159  25.207  -88.749  23.328 0.8999999762
1419  24.477  -87.247  22.653 0.8999999762
11007  8.456  -70.923  22.005 1.0000000000
11882  7.860  -70.166  21.607 0.8999999762
11001  8.068  -71.392  22.890 0.8999999762
11002  6.892  -70.813  22.934 0.8000000119
10107  6.444  -71.814  24.169 0.6999999881
143312  6.441  -72.634  24.964 0.6999999881
1770  23.805  -86.385  22.265 0.8999999762
11003  6.629  -70.717  22.413 0.8999999762
1792  23.970  -85.585  21.206 0.8000000119
143895  6.178  -71.249  22.386 0.8000000119
149978  23.537  -85.218  20.836 0.8999999762
9249  6.478  -73.312  21.394 0.8999999762
2128  22.857  -84.553  19.819 0.8999999762
158235  21.433  -81.085  13.252 0.8000000119
3360  21.807  -81.751  13.738 0.8000000119
2900  21.985  -83.036  14.682 0.6000000238
2490  22.470  -84.412  16.146 0.6000000238
138282  22.462  -84.048  18.500 0.6999999881
3373  20.358  -81.197  11.891 0.6999999881
147787  5.547  -87.792  32.162 0.8000000119
145919  4.960  -83.034  33.929 0.3000000119
2009  4.921  -85.526  32.266 0.6999999881
1732  25.179  -86.186  26.537 0.8000000119
2732  5.028  -83.462  33.251 0.3000000119
1720  25.984  -85.900  26.962 0.8000000119
1369  25.930  -87.476  26.703 0.8000000119
146035  26.212  -88.763  26.566 0.8000000119
546  25.780  -90.327  25.926 0.8000000119
341  27.212  -91.050  25.455 0.8000000119
334  27.026  -91.041  25.967 0.8000000119
565  28.026  -90.871  25.287 0.8999999762
816  27.321  -90.023  24.213 0.8999999762
576  27.211  -90.720  24.402 0.8999999762
353  26.603  -90.948  24.300 0.8999999762
11891  7.982  -69.880  20.947 1.0000000000
138168  7.694  -72.141  24.384 0.6999999881
1432  25.455  -86.888  21.863 0.8000000119
1781  24.730  -86.130  21.492 0.8000000119
11878  6.757  -70.256  21.790 0.8999999762
2898  23.379  -82.844  14.904 0.8000000119
11008  6.423  -70.656  21.749 0.8999999762
143392  6.153  -72.260  21.988 0.8000000119
143767  22.443  -81.839  13.760 0.8999999762
2905  22.878  -82.450  14.275 0.6000000238
2445  23.479  -84.810  20.478 0.8000000119
8456  6.788  -74.129  20.730 0.8999999762
158977  22.043  -81.198  13.009 0.8999999762
3372  21.260  -80.973  12.276 0.8999999762
2507  23.033  -83.734  15.073 0.5000000000
2489  23.189  -83.990  16.281 0.6000000238
2871  23.282  -83.420  18.210 0.5000000000
2454  24.026  -83.734  19.973 0.6000000238
2455  23.464  -84.209  19.917 0.6999999881
143024  6.657  -75.065  21.048 0.6000000238
2906  22.138  -82.440  14.280 0.5000000000
145371  22.839  -84.088  15.642 0.5000000000
2464  22.961  -83.977  19.179 0.6000000238
3379  20.002  -81.234  9.957 0.6000000238
137977  20.117  -81.125  10.914 0.6999999881
3395  19.195  -81.347  8.675 0.5000000000
3388  19.270  -81.426  9.616 0.6000000238
3135  5.122  -82.706  34.002 0.3000000119
2724  5.276  -83.199  34.180 0.6999999881
2335  5.148  -84.899  32.679 0.6999999881
1719  26.558  -86.434  27.446 0.8000000119
1360  26.633  -87.739  27.338 0.8000000119
545  27.113  -90.506  26.506 0.8000000119
544  28.126  -91.320  27.070 0.8000000119
323  27.647  -91.204  26.458 0.8000000119
333  27.905  -91.339  26.136 0.8000000119
12765  10.805  -70.081  18.937 0.8999999762
159349  10.333  -70.407  19.450 1.0000000000
11889  10.230  -70.957  20.112 1.0000000000
11006  9.615  -71.594  21.540 1.0000000000
11905  9.621  -70.273  19.676 1.0000000000
11890  9.019  -70.302  20.358 1.0000000000
11000  9.219  -71.840  22.272 0.8999999762
10095  8.483  -72.292  24.528 0.6999999881
10096  7.427  -72.333  24.845 0.6000000238
1768  25.871  -86.825  21.892 0.8000000119
12766  8.815  -69.732  19.610 1.0000000000
1780  25.374  -86.326  21.642 0.8000000119
12750  8.055  -69.629  20.237 1.0000000000
11892  7.477  -69.625  20.632 0.8999999762
11884  6.631  -70.092  21.164 0.8999999762
10124  6.343  -71.569  21.458 0.8000000119
2499  24.221  -83.663  16.086 0.6999999881
2434  25.489  -84.852  21.644 0.6999999881
2116  24.786  -84.920  21.167 0.8000000119
10128  6.692  -72.153  20.339 0.8000000119
3932  22.038  -80.623  12.214 0.8999999762
2500  23.368  -83.621  15.826 0.6000000238
2488  23.975  -83.468  16.577 0.6000000238
148971  7.086  -73.971  19.598 0.8999999762
2851  24.186  -83.243  19.353 0.6000000238
157153  24.590  -83.129  19.911 0.6000000238
2435  25.159  -84.025  21.226 0.6000000238
2444  24.040  -84.498  20.582 0.8000000119
7716  6.845  -75.519  18.910 0.6000000238
140033  7.027  -74.863  19.901 0.6999999881
9285  7.188  -73.813  18.329 0.8000000119
3387  19.919  -81.245  9.058 0.8000000119
2852  23.625  -83.565  19.229 0.6000000238
145854  18.770  -81.155  6.729 0.6000000238
3405  18.380  -81.232  7.254 0.4000000060
164095  17.657  -81.339  6.279 0.4000000060
162584  5.365  -82.813  35.327 0.6000000238
556  28.388  -91.234  26.017 0.8999999762
12778  10.293  -69.226  18.552 0.8999999762
11012  10.417  -71.514  20.892 1.0000000000
10123  9.774  -72.072  22.132 1.0000000000
10116  9.449  -72.209  22.918 0.8999999762
12779  9.438  -69.041  18.620 0.8999999762
10094  9.056  -72.267  24.685 0.6999999881
2425  25.934  -84.722  22.303 0.6000000238
2099  26.191  -85.367  22.531 0.6999999881
12751  7.526  -69.535  20.024 0.8999999762
3954  22.128  -80.226  9.683 0.8999999762
3937  22.730  -80.328  11.624 0.8000000119
2108  25.398  -85.669  21.564 0.8000000119
11906  6.930  -69.953  19.739 0.8999999762
3947  21.505  -80.488  10.424 0.8000000119
140854  22.712  -80.659  12.551 0.8000000119
3359  23.356  -81.748  13.924 0.8000000119
3350  23.742  -82.122  14.586 0.6999999881
149388  6.664  -70.267  20.328 0.8999999762
10139  7.092  -72.201  19.159 0.8999999762
9272  7.077  -73.040  19.341 0.8999999762
3964  21.082  -80.658  8.669 0.8999999762
3955  21.281  -80.485  9.513 0.8999999762
3938  21.782  -80.583  11.384 0.8000000119
2487  25.028  -83.440  16.352 0.6999999881
2476  24.500  -83.021  17.037 0.6000000238
2870  24.205  -82.929  17.805 0.5000000000
153234  25.598  -84.012  21.941 0.6000000238
2836  25.738  -83.253  22.206 0.5000000000
3972  20.837  -80.963  7.862 1.0000000000
3965  20.436  -81.029  8.531 0.8999999762
3956  20.568  -80.931  9.313 1.0000000000
2869  25.031  -82.651  17.438 0.6999999881
2859  24.797  -82.556  18.228 0.5000000000
2850  24.675  -82.712  19.073 0.5000000000
3306  25.156  -82.487  19.652 0.5000000000
2837  25.444  -83.245  21.453 0.6000000238
6993  6.774  -76.407  19.235 0.5000000000
8469  6.972  -74.658  18.488 0.8999999762
3409  20.717  -81.005  6.978 1.0000000000
3316  25.350  -82.190  18.716 0.5000000000
3295  25.465  -82.250  20.210 0.5000000000
3286  25.535  -82.453  20.959 0.5000000000
3417  19.126  -81.158  5.604 1.0000000000
3411  19.298  -81.158  6.398 1.0000000000
162029  19.467  -81.253  7.944 0.8000000119
3424  18.593  -81.240  4.940 0.6999999881
142804  18.721  -81.155  6.215 0.6999999881
163019  18.192  -81.230  6.556 0.4000000060
4009  18.403  -81.171  3.456 0.6999999881
3425  17.838  -81.386  5.041 0.6000000238
160439  16.882  -81.600  5.680 0.4000000060
4011  17.088  -81.207  3.765 0.4000000060
3426  17.103  -81.654  5.059 0.4000000060
2717  6.276  -83.421  34.907 0.8000000119
2333  6.589  -84.473  33.778 0.6999999881
2003  6.067  -85.198  33.253 0.6999999881
163090  5.654  -86.180  33.414 0.6999999881
140355  5.394  -82.694  35.979 0.8000000119
160070  5.169  -84.210  32.893 0.6000000238
147381  7.643  -80.824  36.323 0.1000000015
11904  11.216  -70.803  19.647 1.0000000000
13670  10.712  -68.584  18.070 0.8999999762
10115  10.004  -72.161  22.362 1.0000000000
10105  9.877  -72.253  23.443 0.8000000119
10986  9.457  -71.707  24.840 0.8000000119
154227  25.917  -83.921  22.680 0.5000000000
13660  8.772  -69.283  18.931 1.0000000000
3946  22.407  -80.281  10.604 0.8999999762
3963  21.848  -80.237  8.816 0.8999999762
3367  22.978  -81.252  13.201 0.8000000119
2890  24.711  -83.128  15.570 0.8000000119
3275  25.947  -82.577  22.495 0.4000000060
12780  7.531  -69.519  18.723 1.0000000000
159052  6.881  -70.641  19.561 0.8999999762
3971  21.447  -80.606  7.222 0.8000000119
3349  24.451  -82.120  14.592 0.8000000119
2498  25.146  -83.628  15.970 0.6999999881
3325  25.593  -82.211  17.805 0.6000000238
7007  7.523  -76.063  17.689 0.8000000119
11022  7.138  -71.378  18.802 0.8999999762
10138  7.312  -72.166  18.234 0.8999999762
3989  20.536  -81.037  5.387 0.8999999762
159528  9.078  -76.687  18.810 0.8000000119
7000  8.464  -76.074  18.247 0.8999999762
7730  6.899  -75.936  17.672 0.6999999881
7724  6.841  -75.306  17.809 0.8000000119
9271  7.316  -72.895  18.312 0.8999999762
3416  19.929  -81.213  5.898 1.0000000000
3294  25.939  -81.662  20.486 0.5000000000
152954  25.818  -81.970  21.293 0.5000000000
8489  7.279  -74.959  17.406 0.8000000119
3422  19.886  -81.180  5.129 1.0000000000
3998  19.008  -81.244  4.068 0.8999999762
157718  19.131  -81.006  3.249 0.8999999762
4010  17.623  -81.219  3.628 0.6000000238
4019  17.999  -81.109  2.783 0.6000000238
4020  17.086  -81.167  3.093 0.5000000000
4021  16.319  -81.214  2.855 0.5000000000
4001  16.649  -81.212  4.393 0.4000000060
2716  7.096  -83.772  35.591 0.8000000119
2718  5.334  -82.903  35.151 0.8000000119
4293  4.907  -80.907  36.760 0.4000000060
12777  11.330  -69.441  18.488 0.8999999762
12764  11.836  -70.297  18.995 0.8999999762
11888  11.740  -71.116  20.369 1.0000000000
11011  11.247  -71.485  21.094 1.0000000000
162057  11.979  -71.070  20.986 1.0000000000
11004  11.087  -71.553  21.917 1.0000000000
10991  10.500  -71.613  23.349 1.0000000000
11853  9.097  -71.287  25.325 0.8000000119
10985  10.138  -71.288  24.240 0.8999999762
11854  8.340  -71.258  25.527 0.8000000119
14554  10.017  -67.761  17.789 0.8999999762
13671  9.705  -68.445  18.241 0.8999999762
13672  8.692  -68.500  18.371 0.8999999762
158895  23.270  -80.125  12.349 0.6999999881
156409  8.044  -68.389  18.149 1.0000000000
13661  8.016  -69.098  18.682 1.0000000000
141840  21.591  -80.445  8.022 0.8000000119
3358  24.177  -81.805  13.992 0.8000000119
2896  25.188  -82.581  14.893 0.6999999881
2497  25.853  -83.846  16.036 0.6999999881
11911  7.382  -70.123  18.285 0.8999999762
3981  21.346  -80.732  6.375 0.8000000119
2868  25.967  -82.589  17.013 0.6000000238
3315  26.160  -81.736  18.267 0.4000000060
3285  25.716  -82.558  21.729 0.4000000060
11028  7.327  -70.885  18.229 0.8999999762
11042  7.587  -71.572  17.884 0.8999999762
163060  20.455  -81.034  4.736 0.8999999762
3305  25.844  -81.738  19.377 0.5000000000
3865  26.535  -81.129  19.692 0.5000000000
3840  26.218  -81.405  21.309 0.4000000060
6999  10.189  -76.730  18.936 0.6000000238
3997  19.914  -81.046  4.250 1.0000000000
7723  8.982  -75.338  18.366 0.8999999762
7728  7.805  -75.462  17.607 0.8000000119
9284  7.434  -73.744  17.917 0.8999999762
4017  19.710  -81.023  2.671 0.8999999762
9296  7.661  -74.058  17.726 0.8999999762
4018  18.864  -81.100  2.566 0.8000000119
4654  17.886  -80.554  1.671 0.5000000000
4655  16.951  -80.949  1.764 0.5000000000
4028  16.274  -81.243  2.012 0.5000000000
5245  14.873  -79.971  1.809 0.4000000060
5253  16.276  -79.782  1.549 0.6000000238
5238  15.471  -79.850  2.818 0.3000000119
997  5.328  -88.916  34.548 1.0000000000
1289  5.430  -87.534  33.462 1.0000000000
1982  6.957  -85.334  35.814 0.8999999762
1996  6.727  -85.181  34.144 0.6999999881
1997  6.147  -86.060  33.989 0.8000000119
1640  5.599  -86.937  34.016 0.8000000119
1650  5.406  -86.660  33.106 0.8000000119
2326  7.045  -84.241  34.559 0.8000000119
15393  11.256  -66.283  16.287 0.8999999762
156344  11.207  -67.274  17.209 0.8999999762
13669  11.867  -68.720  17.938 0.8999999762
12776  12.387  -69.654  18.574 0.8999999762
12763  12.783  -70.282  19.211 1.0000000000
11887  12.456  -70.738  20.516 1.0000000000
11873  10.764  -70.656  23.748 1.0000000000
12729  10.260  -70.369  24.254 1.0000000000
15370  10.872  -66.664  16.800 0.8999999762
14567  10.263  -66.970  17.312 0.8999999762
11867  9.626  -70.648  24.830 0.8000000119
144358  8.793  -70.507  25.323 0.8000000119
12717  7.611  -70.294  25.491 0.6999999881
140806  25.982  -81.908  21.966 0.4000000060
15394  9.917  -66.105  16.661 0.8999999762
14555  9.011  -67.660  18.031 0.8999999762
12718  6.563  -69.683  25.457 0.6000000238
11856  6.135  -70.308  25.806 0.5000000000
152745  8.784  -65.769  16.712 0.8999999762
13673  8.272  -67.692  17.955 0.8999999762
13674  7.730  -68.848  18.040 1.0000000000
158539  22.087  -80.341  7.468 0.8000000119
3357  25.071  -82.015  13.990 0.6999999881
3324  26.540  -82.105  17.440 0.6000000238
12795  7.562  -69.416  17.832 1.0000000000
158590  7.566  -69.930  17.611 0.8999999762
3988  21.239  -80.908  5.542 0.8000000119
3853  26.555  -80.926  20.561 0.5000000000
3996  20.781  -81.005  4.072 0.8999999762
6998  10.377  -76.137  18.732 0.8999999762
10160  8.327  -71.631  17.573 0.8999999762
10149  7.581  -72.579  17.977 0.8999999762
4007  20.304  -81.004  3.417 0.8999999762
4016  20.452  -80.738  2.940 0.8999999762
155405  9.564  -76.031  18.745 0.8000000119
4023  20.024  -80.886  2.178 0.8999999762
147170  19.637  -80.362  1.797 1.0000000000
8480  8.191  -74.710  17.756 0.8999999762
4024  19.262  -81.051  1.852 0.8999999762
4652  19.128  -80.359  1.100 1.0000000000
4661  18.374  -80.097  0.326 1.0000000000
5251  17.486  -79.813  0.799 0.8999999762
156702  18.019  -80.183  1.003 0.6999999881
139536  17.655  -80.249  1.280 0.6000000238
5805  16.142  -79.715  2.260 0.5000000000
5237  16.329  -79.665  3.151 0.3000000119
5228  17.363  -79.429  4.580 0.4000000060
987  5.246  -88.484  35.349 1.0000000000
1634  5.474  -86.829  35.641 1.0000000000
1279  5.380  -87.892  34.458 0.8999999762
141504  5.990  -86.237  35.978 1.0000000000
1991  6.321  -85.921  34.979 0.8999999762
140244  5.799  -86.667  34.719 1.0000000000
2705  7.200  -83.818  36.463 0.6999999881
2315  7.334  -84.405  36.140 0.8000000119
163576  11.729  -66.200  15.943 0.8000000119
15392  12.180  -66.608  16.320 0.8999999762
15391  13.051  -66.693  16.171 0.8000000119
151376  11.905  -67.808  17.450 0.8999999762
14566  12.743  -67.730  17.271 0.8999999762
13668  13.105  -69.051  18.251 0.8999999762
149286  12.406  -70.543  21.273 1.0000000000
11876  11.617  -70.549  22.563 1.0000000000
16188  10.304  -65.740  16.027 0.8000000119
12730  9.765  -69.656  24.347 1.0000000000
12731  8.358  -69.554  25.022 0.8000000119
145532  26.136  -82.637  15.127 0.6000000238
16189  9.294  -65.562  16.011 0.8999999762
12732  7.307  -69.266  25.114 0.6999999881
2485  26.659  -83.625  16.276 0.6000000238
2880  26.657  -83.179  16.597 0.6000000238
161945  7.645  -66.211  17.005 0.8999999762
14570  7.928  -68.033  17.590 1.0000000000
2889  25.595  -83.192  15.634 0.6000000238
3876  26.770  -81.270  18.743 0.5000000000
3852  27.035  -80.601  19.890 0.5000000000
15397  7.558  -66.852  16.614 0.8999999762
13686  7.705  -68.664  17.278 1.0000000000
12810  7.734  -69.333  17.062 1.0000000000
4643  21.430  -80.090  2.822 0.8000000119
3995  21.860  -80.930  4.864 0.6999999881
11927  7.567  -70.601  17.756 0.8999999762
5243  20.652  -79.069  1.967 1.0000000000
4644  20.646  -80.172  2.728 0.8999999762
5818  19.612  -78.202  0.871 0.8999999762
9283  7.807  -72.988  17.847 0.8999999762
142530  19.512  -78.954  0.964 1.0000000000
9282  8.608  -73.217  17.991 0.8999999762
5822  19.067  -78.005  0.495 1.0000000000
5250  18.490  -79.408  -0.012 1.0000000000
7721  10.944  -75.011  18.429 0.8000000119
5823  18.451  -78.133  0.469 1.0000000000
5824  17.858  -78.445  0.548 1.0000000000
6461  17.817  -77.521  1.077 1.0000000000
5819  17.609  -78.824  1.510 0.8000000119
5811  17.375  -79.257  2.122 0.6000000238
5236  17.164  -79.463  3.466 0.4000000060
5810  17.735  -78.714  1.964 1.0000000000
5800  17.986  -79.154  3.900 0.5000000000
5209  17.449  -79.210  5.642 0.4000000060
5794  18.165  -79.072  5.087 0.6000000238
5803  17.766  -79.024  2.782 0.6999999881
1263  5.004  -87.416  36.467 1.0000000000
978  5.108  -88.457  36.312 1.0000000000
143760  5.742  -90.141  36.372 1.0000000000
1623  5.300  -86.626  36.624 1.0000000000
1983  6.288  -85.839  36.828 1.0000000000
1272  5.203  -87.643  35.637 1.0000000000
150557  7.227  -85.033  36.666 1.0000000000
2307  7.349  -84.334  36.966 0.8999999762
15411  12.298  -66.217  15.711 0.8000000119
15410  13.227  -66.252  15.544 0.6999999881
16223  11.390  -65.097  14.415 0.6999999881
16207  12.433  -65.691  14.923 0.6999999881
14552  13.428  -68.307  17.746 0.8999999762
17921  12.221  -64.194  11.940 0.6000000238
14565  13.724  -67.634  17.272 0.8999999762
13667  14.116  -68.721  18.408 0.8999999762
11886  13.040  -70.459  19.986 1.0000000000
17050  11.133  -64.559  13.176 0.6999999881
12747  14.220  -69.527  19.959 0.8999999762
12748  13.620  -69.918  20.357 1.0000000000
11875  12.221  -70.215  22.046 1.0000000000
12736  11.278  -70.060  23.248 1.0000000000
16208  11.186  -65.647  15.398 0.6999999881
157915  10.345  -65.036  14.510 0.6000000238
12744  12.843  -69.829  21.615 1.0000000000
12740  11.769  -69.617  22.656 1.0000000000
12737  10.532  -69.556  23.766 1.0000000000
3875  27.770  -81.157  18.372 0.5000000000
3864  27.352  -80.762  19.134 0.5000000000
16224  9.493  -65.359  14.492 0.6999999881
16211  8.818  -65.851  14.945 0.8000000119
15423  8.645  -66.412  14.421 0.8000000119
13634  12.381  -69.266  22.254 1.0000000000
13622  8.993  -68.947  24.378 1.0000000000
2879  27.463  -83.155  16.378 0.6000000238
3323  27.585  -82.277  17.301 0.5000000000
3314  27.147  -81.587  17.878 0.5000000000
15395  8.434  -65.689  15.988 0.8999999762
15412  8.233  -66.224  15.335 0.8000000119
14603  7.595  -67.767  16.034 1.0000000000
13624  6.805  -68.531  24.683 0.6000000238
13720  7.842  -68.404  15.862 1.0000000000
12066  16.728  -70.486  5.780 0.8000000119
10297  16.703  -71.870  6.430 0.8000000119
10279  16.101  -72.667  6.647 0.8999999762
137773  8.156  -69.664  16.677 0.8999999762
5816  21.793  -78.007  1.646 0.8000000119
6466  21.584  -76.702  0.893 0.6999999881
8655  22.774  -74.491  1.532 0.6000000238
8639  22.875  -73.927  2.933 0.5000000000
12073  16.587  -70.392  5.276 0.8000000119
11172  16.206  -71.040  6.032 0.8000000119
9414  15.066  -72.991  6.700 0.8999999762
8592  15.096  -74.306  7.662 0.8000000119
146229  9.557  -71.102  16.936 0.8000000119
11057  8.843  -71.015  17.206 0.8000000119
5817  20.549  -77.799  1.206 0.8999999762
7912  20.648  -75.827  0.375 0.8000000119
8656  21.965  -74.848  1.057 0.8000000119
7878  21.779  -75.078  2.821 0.6000000238
8623  21.434  -74.513  4.388 0.6000000238
12084  15.899  -70.745  4.979 0.8000000119
12067  15.839  -70.887  5.437 0.8999999762
10298  15.282  -72.111  6.170 0.8999999762
8582  13.625  -74.591  8.664 0.8999999762
9374  12.818  -74.162  8.872 0.8999999762
7784  11.650  -75.708  11.118 0.8999999762
7058  11.838  -76.617  11.435 0.8999999762
157101  7.881  -72.225  17.761 0.8000000119
5821  19.849  -77.373  0.698 0.8999999762
164338  22.142  -74.801  1.869 0.6999999881
11187  15.106  -71.121  5.045 0.8000000119
11174  13.863  -71.623  5.459 0.8000000119
9415  13.963  -72.783  6.659 0.8999999762
9404  12.678  -72.638  7.621 0.8999999762
9375  12.098  -73.546  9.290 0.8000000119
144496  11.386  -77.383  13.053 0.8999999762
6340  13.121  -77.960  14.905 0.8999999762
7004  12.617  -76.215  17.528 0.8999999762
7727  11.790  -75.582  18.005 0.8999999762
9295  9.640  -72.767  18.007 0.8999999762
10148  8.574  -72.382  17.795 0.8999999762
6468  18.858  -77.300  0.518 0.8999999762
11198  15.399  -71.142  4.699 0.8000000119
11188  14.153  -71.401  5.039 0.8000000119
10280  12.979  -72.269  6.780 0.8999999762
10260  11.773  -71.588  8.059 0.8999999762
9376  11.469  -72.731  9.874 0.8999999762
8488  10.765  -74.157  18.282 1.0000000000
7164  17.936  -76.912  1.153 0.8999999762
143659  18.048  -78.116  2.140 1.0000000000
7157  18.103  -77.129  1.650 0.8999999762
6419  17.781  -77.564  6.409 0.6999999881
6421  15.752  -77.302  6.231 0.6999999881
7125  15.055  -76.505  5.360 0.6999999881
6442  18.396  -78.510  3.210 0.8000000119
5799  18.691  -78.640  4.393 0.8000000119
5787  17.947  -78.543  6.073 0.6999999881
5777  17.195  -78.169  6.619 0.6999999881
7857  13.891  -75.608  4.683 0.6999999881
7858  13.157  -74.885  5.233 0.6999999881
8617  11.737  -73.381  5.755 0.6000000238
1254  4.803  -87.082  37.338 1.0000000000
1975  6.078  -85.874  37.863 1.0000000000
2691  7.049  -83.674  37.189 0.8999999762
2693  4.926  -82.487  37.638 0.6999999881
2681  4.561  -82.244  38.533 0.6999999881
4262  4.589  -80.963  38.168 0.5000000000
4245  5.758  -81.033  39.325 0.6000000238
18830  17.661  -62.690  12.018 0.4000000060
17956  16.361  -63.445  9.678 0.4000000060
17958  14.978  -63.642  9.726 0.4000000060
17920  13.312  -63.488  11.990 0.5000000000
137983  13.578  -64.700  13.954 0.5000000000
17916  17.969  -63.024  12.781 0.4000000060
17929  17.094  -62.773  11.097 0.4000000060
17931  13.293  -63.537  11.345 0.4000000060
16222  13.098  -65.233  14.399 0.6999999881
15409  14.037  -66.158  15.548 0.6999999881
153184  14.548  -66.791  16.694 0.8999999762
163945  14.352  -67.260  17.127 0.8999999762
17930  16.623  -63.570  11.114 0.4000000060
17940  16.209  -63.899  9.730 0.4000000060
17932  12.727  -63.977  11.383 0.6000000238
15367  13.761  -67.057  16.660 0.8999999762
142123  14.180  -68.119  17.887 0.8999999762
13658  14.788  -68.831  19.458 0.8999999762
164201  16.020  -64.137  9.764 0.4000000060
155573  14.080  -69.411  20.768 0.8999999762
13630  10.330  -68.495  23.368 1.0000000000
13636  10.925  -68.183  22.771 1.0000000000
17088  12.721  -64.436  11.043 0.6000000238
17075  11.555  -64.745  12.127 0.6000000238
153780  10.535  -64.843  13.369 0.6000000238
12738  9.797  -68.859  23.882 1.0000000000
13632  8.454  -68.101  24.038 1.0000000000
3313  28.152  -81.738  17.771 0.5000000000
17051  10.048  -64.997  13.808 0.6000000238
16238  9.636  -65.538  13.650 0.6000000238
16239  9.405  -65.996  13.427 0.6999999881
14491  7.415  -67.951  24.156 1.0000000000
13751  8.503  -67.558  14.440 0.8000000119
13735  8.001  -67.870  15.208 0.8000000119
12850  12.692  -69.074  13.850 0.6000000238
12852  10.687  -68.645  14.019 0.6000000238
13732  9.737  -68.348  14.166 0.6000000238
158029  8.911  -69.030  15.278 0.8000000119
160512  8.386  -69.366  16.128 0.8999999762
14492  6.124  -67.842  24.226 0.8000000119
12838  11.213  -69.389  14.510 0.5000000000
12839  10.325  -69.133  14.632 0.6999999881
12822  9.444  -69.508  15.429 0.6000000238
11956  9.381  -70.028  16.012 0.8000000119
153121  22.155  -72.903  3.806 0.5000000000
11211  18.995  -71.351  4.282 0.6000000238
12095  18.527  -70.817  4.253 0.8000000119
12083  16.581  -70.490  4.798 0.8000000119
9401  15.849  -73.418  7.092 0.8999999762
7825  15.167  -75.364  8.658 0.8999999762
7810  14.592  -75.630  9.337 0.8000000119
11972  10.814  -69.961  15.098 0.6000000238
11955  10.082  -70.087  15.602 0.6000000238
11941  9.160  -70.505  16.631 0.8000000119
9438  21.846  -73.679  4.141 0.5000000000
12096  17.728  -70.965  4.208 0.8000000119
145791  14.889  -74.802  8.180 0.8000000119
8581  14.391  -74.987  8.653 0.8000000119
8553  12.934  -75.412  9.959 0.8000000119
7783  12.212  -76.278  10.900 0.8999999762
6353  13.165  -77.920  13.085 1.0000000000
6347  12.858  -78.180  13.864 1.0000000000
11056  10.246  -71.530  16.885 0.8000000119
7879  21.143  -75.659  3.472 0.6999999881
8624  20.618  -74.470  4.962 0.6999999881
9440  20.030  -73.584  4.865 0.6999999881
11213  17.401  -71.678  4.093 0.8000000119
12097  16.881  -71.166  4.195 0.8000000119
8554  12.159  -74.841  10.118 0.8000000119
8555  11.551  -74.532  10.804 0.8999999762
6339  13.461  -77.688  14.892 1.0000000000
153134  13.031  -75.855  17.071 1.0000000000
10159  9.419  -71.810  17.484 0.8999999762
7880  20.436  -76.108  3.131 0.8000000119
7136  20.694  -76.115  4.033 0.6999999881
7867  20.294  -75.189  5.189 0.6999999881
161448  16.422  -72.512  3.778 0.8000000119
11214  16.257  -71.812  3.938 0.8000000119
11190  12.208  -71.445  5.396 0.8999999762
11176  11.839  -71.177  6.059 0.8999999762
11142  11.299  -70.774  7.276 0.8999999762
9364  11.798  -73.948  10.026 0.8999999762
7726  12.383  -75.140  17.374 0.8999999762
8487  11.548  -74.663  17.892 0.8999999762
9294  10.583  -73.269  18.005 0.8999999762
10171  10.421  -72.379  17.468 1.0000000000
7155  19.610  -76.450  2.683 0.8000000119
7146  20.133  -76.758  3.939 0.6999999881
11177  11.168  -70.891  6.618 0.6999999881
11159  10.652  -70.690  7.490 0.6999999881
161712  11.959  -74.297  17.366 0.8000000119
7156  18.738  -76.723  2.119 0.8999999762
7147  19.361  -77.233  3.217 0.8000000119
7123  17.991  -76.662  6.131 0.8000000119
7124  16.020  -76.586  5.627 0.8000000119
7139  15.270  -75.867  4.713 0.8000000119
10315  11.291  -71.965  5.451 0.6999999881
10316  10.895  -71.246  6.180 0.6999999881
6448  18.617  -77.635  2.604 0.8999999762
6434  19.237  -78.076  4.747 0.8000000119
5793  18.731  -78.263  5.523 0.8000000119
7872  13.444  -74.949  4.354 0.6999999881
8631  12.947  -74.153  4.495 0.6999999881
9429  11.578  -72.680  5.176 0.6000000238
1612  4.931  -86.443  38.237 1.0000000000
1967  6.973  -85.040  38.475 0.8999999762
140200  6.292  -83.575  39.014 0.8000000119
3083  4.410  -81.526  38.864 0.8000000119
3627  4.749  -81.139  39.088 0.6999999881
147838  6.980  -80.733  37.116 0.3000000119
4260  6.773  -81.007  38.701 0.5000000000
156325  6.202  -80.714  37.768 0.4000000060
18784  20.709  -61.993  15.946 0.3000000119
18797  19.463  -62.418  14.321 0.3000000119
18813  19.218  -62.063  13.527 0.3000000119
18828  18.888  -61.821  12.677 0.2000000030
18879  16.075  -62.976  9.542 0.2000000030
17919  14.110  -63.198  12.322 0.4000000060
17905  18.897  -62.909  13.932 0.4000000060
16221  14.045  -65.198  14.604 0.6000000238
15366  15.038  -67.087  17.371 0.8999999762
163757  17.355  -64.008  12.592 0.3000000119
17072  16.237  -64.300  11.181 0.4000000060
14543  15.371  -68.114  19.483 0.8999999762
16283  15.368  -64.839  10.067 0.4000000060
17087  13.594  -64.837  10.408 0.6000000238
160746  13.381  -65.597  10.539 0.5000000000
15482  13.611  -66.220  10.549 0.5000000000
13639  14.009  -68.876  21.467 1.0000000000
13635  11.693  -68.658  22.618 1.0000000000
16259  12.074  -64.905  11.519 0.6000000238
143324  12.020  -65.588  11.348 0.5000000000
15468  11.222  -65.909  11.666 0.5000000000
14658  11.500  -66.530  11.701 0.6999999881
13640  13.131  -68.870  21.949 1.0000000000
145701  8.922  -67.635  23.475 1.0000000000
16261  10.713  -65.328  12.444 0.6000000238
157867  10.203  -65.712  12.606 0.5000000000
15453  10.078  -65.994  12.494 0.6000000238
15438  9.094  -66.526  13.647 0.8000000119
14494  7.987  -67.426  23.609 1.0000000000
14620  10.478  -67.339  12.835 0.6000000238
13750  9.084  -67.409  13.812 0.8000000119
13747  12.174  -68.407  13.328 0.5000000000
13749  10.059  -67.820  13.501 0.6000000238
10337  20.770  -72.010  4.294 0.6000000238
12094  19.422  -70.686  4.304 0.6999999881
7794  15.076  -76.165  9.823 0.8999999762
7795  14.424  -76.162  10.216 0.8999999762
10325  20.394  -72.843  4.518 0.6999999881
148168  18.568  -71.855  4.295 0.6999999881
7076  13.865  -76.615  10.958 0.8999999762
7023  14.043  -77.239  14.753 1.0000000000
11954  11.651  -70.689  15.360 0.5000000000
11071  10.725  -71.283  16.270 0.6999999881
151350  18.825  -73.357  4.706 0.8000000119
10339  17.793  -72.153  4.166 0.8000000119
8492  12.497  -74.296  16.867 0.8000000119
10170  11.152  -72.055  16.634 0.8000000119
7137  20.278  -76.102  4.907 0.6999999881
8625  19.580  -74.430  5.266 0.6999999881
9441  17.678  -73.464  4.417 0.8000000119
9455  15.768  -73.666  3.558 0.8000000119
8640  14.454  -74.092  3.262 0.8999999762
9293  11.367  -73.809  17.677 0.8999999762
10158  11.269  -72.957  17.282 0.8000000119
10314  11.903  -71.888  5.027 0.8000000119
7138  19.344  -77.367  5.424 0.8999999762
6433  19.597  -77.467  4.380 0.8000000119
151874  17.046  -76.661  5.941 0.6999999881
7140  14.443  -75.809  4.544 0.8000000119
9445  11.987  -72.682  4.833 0.8999999762
1968  5.770  -85.990  38.697 0.8999999762
158310  6.868  -84.527  39.398 0.8999999762
159443  7.043  -84.109  38.564 0.8999999762
2668  6.337  -83.855  39.992 0.8999999762
2669  5.137  -83.140  39.719 0.6999999881
2670  4.439  -82.233  39.566 0.8000000119
143707  5.157  -81.309  40.004 0.8000000119
3626  6.556  -81.357  40.174 0.5000000000
4244  7.229  -81.231  39.581 0.5000000000
4243  8.146  -80.831  39.982 0.5000000000
4275  9.169  -80.053  37.272 0.2000000030
4276  8.683  -80.444  37.661 0.2000000030
4259  7.991  -80.964  39.062 0.5000000000
4277  7.713  -80.845  38.026 0.4000000060
18796  20.009  -61.995  14.766 0.3000000119
18878  16.497  -62.778  9.738 0.2000000030
18848  14.391  -62.449  11.147 0.2000000030
18832  14.471  -62.479  11.973 0.3000000119
17032  14.445  -64.517  14.268 0.5000000000
16187  14.782  -66.136  16.100 0.8999999762
14550  15.427  -67.400  18.166 0.8999999762
142935  15.760  -67.594  19.074 0.8999999762
17906  18.358  -63.373  13.502 0.4000000060
17046  17.251  -64.531  12.923 0.3000000119
16257  15.870  -65.055  11.474 0.3000000119
13645  15.284  -68.232  20.266 0.8999999762
15480  14.884  -65.950  10.656 0.5000000000
13646  14.664  -68.814  20.712 0.8999999762
142795  13.683  -68.057  21.938 1.0000000000
14500  11.428  -67.771  22.387 1.0000000000
153773  10.747  -67.498  22.466 1.0000000000
16258  15.320  -65.497  10.877 0.3000000119
14502  9.461  -67.257  22.930 1.0000000000
14672  13.058  -66.611  10.953 0.6000000238
14640  10.106  -66.484  12.538 0.8000000119
14503  8.533  -66.917  23.070 1.0000000000
12834  16.716  -69.368  14.810 0.5000000000
12835  16.395  -69.727  13.812 0.5000000000
12862  15.908  -70.113  12.199 0.5000000000
15292  7.493  -66.837  23.092 0.8999999762
144915  13.710  -69.243  12.567 0.6000000238
12865  14.198  -69.390  11.762 0.5000000000
13768  12.635  -68.058  12.558 0.5000000000
13769  11.547  -67.687  12.723 0.6000000238
14495  6.869  -67.354  23.620 0.8999999762
164208  5.724  -66.720  23.643 0.8999999762
12849  13.541  -69.471  13.381 0.6000000238
13746  13.104  -68.730  13.098 0.6000000238
138898  14.775  -76.668  10.985 1.0000000000
12836  13.147  -69.805  14.277 0.5000000000
11970  12.491  -70.383  14.933 0.5000000000
11070  11.396  -71.388  15.913 0.6999999881
8615  18.961  -74.945  5.502 0.8000000119
8626  18.400  -74.204  5.086 0.8000000119
8628  16.099  -74.295  3.940 0.8000000119
8629  15.186  -74.269  3.480 0.6999999881
7121  19.522  -76.367  5.470 0.6999999881
7868  18.143  -75.046  5.382 0.8000000119
148549  16.462  -74.923  4.590 0.6999999881
161272  14.643  -75.361  4.017 0.8999999762
7122  18.825  -76.573  5.920 0.8999999762
7856  16.376  -75.747  5.163 0.8000000119
7882  13.843  -74.368  3.477 0.8000000119
1959  5.480  -86.180  39.478 0.8000000119
141337  6.459  -85.479  39.963 0.8000000119
138692  6.710  -84.662  40.355 0.8000000119
2655  6.364  -84.084  40.801 0.8000000119
3065  4.258  -82.099  40.524 0.8000000119
3628  4.436  -81.670  39.934 0.8000000119
150771  5.976  -81.481  40.871 0.8000000119
4911  9.183  -79.647  38.035 0.2000000030
4242  8.627  -80.255  39.528 0.5000000000
19695  19.176  -61.335  12.056 0.2000000030
18861  16.910  -62.294  10.069 0.2000000030
19723  15.800  -61.450  10.281 0.2000000030
19709  15.367  -61.223  11.166 0.4000000060
19643  21.555  -61.660  17.022 0.2000000030
18846  17.389  -62.114  10.541 0.2000000030
19735  16.247  -62.214  9.748 0.2000000030
18831  15.158  -62.041  12.373 0.4000000060
17894  14.821  -63.838  13.901 0.4000000060
18785  20.151  -62.517  15.531 0.2000000030
16204  15.293  -65.390  15.719 0.8000000119
15389  15.348  -66.472  16.942 0.8999999762
15354  16.177  -66.972  18.611 0.8999999762
18786  19.681  -62.706  14.951 0.3000000119
17890  19.235  -63.333  14.686 0.3000000119
136728  18.214  -64.009  13.739 0.3000000119
16246  16.801  -65.156  12.940 0.3000000119
14542  15.819  -67.615  19.992 0.8999999762
14527  15.060  -68.094  21.023 0.8999999762
15315  13.116  -67.089  21.975 1.0000000000
14514  11.045  -67.032  22.080 1.0000000000
16248  15.572  -65.851  11.857 0.4000000060
15481  14.371  -66.351  10.553 0.5000000000
15301  10.138  -66.901  22.346 1.0000000000
14670  14.438  -67.207  10.822 0.5000000000
14656  13.327  -67.266  11.107 0.5000000000
15303  7.991  -66.238  22.491 1.0000000000
13765  15.684  -69.462  12.079 0.5000000000
13745  15.625  -68.567  12.417 0.5000000000
14638  12.033  -67.286  12.010 0.6000000238
15304  6.930  -66.424  22.571 0.8999999762
16092  5.230  -65.448  23.856 0.6000000238
12002  15.092  -69.962  11.636 0.5000000000
12878  14.751  -69.309  11.346 0.5000000000
12879  14.066  -68.637  11.345 0.5000000000
13785  13.176  -67.798  11.621 0.5000000000
15305  6.118  -66.142  22.327 0.8999999762
11069  12.137  -71.404  15.601 0.6000000238
1949  5.251  -86.423  40.401 0.8999999762
1948  6.418  -85.519  40.800 0.8999999762
2645  6.381  -84.273  41.441 0.8000000119
2646  5.502  -83.540  41.276 0.8000000119
2635  4.598  -82.493  41.675 0.8999999762
3602  5.360  -81.756  41.580 0.8000000119
3614  7.307  -81.301  40.968 0.6999999881
148158  7.566  -81.197  40.308 0.6999999881
4896  8.941  -79.432  39.078 0.4000000060
144101  23.521  -60.367  18.964 0.2000000030
19642  22.182  -61.110  17.322 0.2000000030
19652  21.248  -61.534  16.228 0.2000000030
159256  21.012  -61.457  15.618 0.2000000030
19667  20.604  -61.300  14.456 0.2000000030
19681  19.730  -61.279  12.847 0.2000000030
19629  23.125  -61.003  19.067 0.2000000030
19630  22.533  -61.259  18.306 0.2000000030
19721  17.706  -61.459  10.316 0.2000000030
17908  15.224  -63.193  13.480 0.4000000060
17022  15.671  -64.670  15.361 0.6999999881
16170  16.124  -66.140  17.349 0.8999999762
18769  21.878  -61.857  17.843 0.2000000030
18778  20.519  -62.701  16.301 0.2000000030
17878  19.669  -63.303  15.409 0.3000000119
15346  16.333  -66.978  19.589 0.8999999762
15334  16.125  -66.841  20.647 0.8999999762
155453  12.254  -66.522  21.815 1.0000000000
15317  10.567  -66.306  21.787 1.0000000000
146576  19.307  -63.919  15.276 0.3000000119
17029  18.846  -64.166  14.821 0.3000000119
17045  17.852  -64.551  13.666 0.3000000119
14509  15.493  -66.876  21.334 0.8999999762
17020  18.557  -64.943  14.884 0.3000000119
16236  17.341  -65.303  13.653 0.3000000119
16247  16.215  -65.460  12.453 0.3000000119
12809  18.309  -69.365  16.700 0.4000000060
16220  17.638  -65.836  14.421 0.3000000119
15450  15.927  -66.237  12.744 0.4000000060
15451  15.390  -66.690  12.126 0.4000000060
140398  17.233  -69.008  15.621 0.4000000060
13731  16.253  -68.788  14.151 0.5000000000
14655  14.788  -67.915  11.011 0.5000000000
16104  5.612  -65.349  22.783 0.6000000238
147879  15.910  -68.368  13.499 0.4000000060
13783  14.527  -68.444  11.098 0.5000000000
139494  6.644  -65.117  20.650 1.0000000000
162093  5.791  -65.682  21.993 0.8000000119
16926  5.627  -65.171  21.745 0.6999999881
1937  6.411  -85.519  41.634 0.8999999762
1928  6.424  -85.497  42.605 0.8999999762
2265  6.410  -84.544  42.731 0.8000000119
2634  4.976  -82.987  42.504 0.8999999762
3591  4.605  -82.103  41.631 0.8999999762
156789  5.020  -82.575  42.289 0.8999999762
3590  5.390  -82.039  42.415 0.8999999762
3601  6.914  -81.427  41.710 0.8999999762
4234  8.073  -80.691  40.832 0.6000000238
4233  8.510  -79.953  40.449 0.6999999881
4888  8.411  -78.999  40.320 0.5000000000
4887  8.664  -79.539  39.821 0.4000000060
19651  21.817  -60.981  16.438 0.2000000030
19698  15.536  -61.251  11.987 0.4000000060
17893  15.603  -63.577  14.244 0.6999999881
17011  16.127  -65.082  16.137 0.6999999881
16185  16.481  -65.430  17.005 0.6999999881
16123  10.976  -65.718  21.490 1.0000000000
16944  9.668  -64.938  20.893 1.0000000000
19620  22.661  -61.854  19.219 0.2000000030
154752  21.676  -62.599  18.195 0.2000000030
17869  20.420  -63.308  16.609 0.3000000119
15364  16.403  -66.419  18.120 0.8999999762
15353  16.831  -66.243  19.017 0.8999999762
159478  15.244  -66.233  21.481 0.8999999762
143934  12.887  -66.113  21.702 0.8999999762
15436  16.240  -66.760  13.584 0.5000000000
14637  15.438  -67.580  12.264 0.4000000060
14619  15.777  -67.619  13.254 0.4000000060
147152  15.224  -68.334  11.495 0.4000000060
1908  6.201  -85.801  44.341 0.8000000119
136398  5.766  -83.877  44.421 0.8999999762
140236  5.314  -83.267  43.478 0.8000000119
3583  5.472  -82.370  43.305 0.8999999762
3589  6.568  -81.466  42.455 0.8999999762
4225  7.731  -80.643  41.722 0.6999999881
4876  7.689  -79.576  42.067 0.6000000238
137170  8.185  -79.846  41.323 0.6000000238
5514  8.000  -78.189  39.936 0.4000000060
20589  16.344  -60.883  10.321 0.3000000119
18800  15.964  -62.903  13.853 0.4000000060
17010  16.951  -64.639  16.700 0.6999999881
16169  16.847  -65.708  18.012 0.8999999762
16122  11.943  -65.719  21.582 1.0000000000
16144  16.263  -65.921  20.901 0.8999999762
16145  15.504  -65.607  21.264 0.8999999762
154061  12.705  -65.390  21.497 0.8999999762
136508  5.801  -85.037  45.798 0.8000000119
1909  5.936  -86.025  45.375 0.8000000119
1542  5.763  -86.887  45.311 0.8000000119
2244  6.138  -84.956  44.920 0.8000000119
2601  5.284  -83.303  45.133 0.8999999762
143795  5.597  -84.152  45.483 0.8999999762
3042  5.121  -82.860  43.305 0.8999999762
3027  5.381  -82.634  44.176 0.8999999762
3582  6.415  -81.530  43.313 0.8999999762
4218  7.144  -80.793  43.004 0.8999999762
6110  7.341  -77.535  39.298 0.3000000119
5508  7.606  -78.393  40.713 0.3000000119
5500  7.614  -78.855  41.476 0.6000000238
6111  6.413  -77.185  39.387 0.3000000119
5515  6.993  -77.730  40.088 0.3000000119
17892  16.347  -63.300  14.593 0.6000000238
17021  16.460  -64.344  15.745 0.6999999881
18815  16.273  -62.157  13.538 0.4000000060
17871  17.165  -63.878  16.106 0.6999999881
16159  17.382  -64.953  18.334 0.8999999762
19669  16.961  -61.848  13.980 0.4000000060
17879  17.280  -63.286  15.658 0.6999999881
16143  16.676  -65.328  20.450 0.8999999762
16940  14.011  -64.982  21.245 0.8999999762
16942  12.121  -64.773  21.338 0.8999999762
18787  17.655  -62.607  15.600 0.6000000238
17865  18.018  -63.269  17.344 0.6999999881
16941  13.100  -64.810  21.311 0.8999999762
16966  11.881  -64.035  21.050 0.8999999762
19668  17.605  -61.507  14.462 0.3000000119
18779  18.427  -61.957  16.744 0.6000000238
17856  17.854  -62.903  18.712 0.6999999881
19653  18.474  -61.431  15.999 0.4000000060
18759  17.527  -62.173  18.864 0.6999999881
20508  18.553  -60.591  17.713 0.5000000000
19631  18.359  -61.452  18.043 0.5000000000
19633  17.129  -61.393  18.815 0.5000000000
153081  18.154  -60.940  18.281 0.4000000060
152225  17.574  -60.807  18.538 0.5000000000
19634  16.093  -61.325  18.827 0.6000000238
147348  5.723  -86.554  46.097 0.8000000119
1190  5.968  -87.258  46.626 0.8000000119
1895  5.610  -85.667  46.479 0.8000000119
2592  5.264  -83.535  46.119 0.8000000119
3013  5.207  -82.856  45.835 0.8999999762
3020  5.264  -82.740  44.984 0.8999999762
163245  5.217  -82.483  46.378 0.8999999762
3575  5.521  -82.130  44.935 0.8999999762
3574  6.116  -81.593  44.337 0.8999999762
4210  6.802  -80.490  43.920 0.8999999762
154225  7.211  -80.049  43.242 0.8000000119
4877  7.155  -78.770  42.154 0.6000000238
6118  6.103  -76.669  38.591 0.3000000119
5509  6.672  -77.882  40.830 0.4000000060
6104  6.145  -77.399  40.263 0.4000000060
17009  17.606  -63.892  17.031 0.8000000119
16990  17.589  -64.271  18.514 0.8000000119
16962  16.245  -64.498  20.545 0.8999999762
150543  14.521  -64.436  20.866 0.8999999762
18744  17.207  -62.970  19.379 0.6999999881
17846  15.614  -63.257  19.905 0.8999999762
16965  12.682  -64.076  21.050 0.8999999762
18745  16.152  -62.717  19.514 0.8999999762
17829  12.201  -63.359  20.670 0.8999999762
17830  11.228  -63.663  20.796 0.8999999762
19661  18.215  -61.133  15.025 0.3000000119
18760  16.717  -62.087  19.162 0.6000000238
18746  15.034  -62.587  19.452 0.8999999762
17832  8.760  -63.781  19.648 1.0000000000
16968  9.190  -64.336  20.219 1.0000000000
20529  18.731  -60.680  15.690 0.3000000119
18761  15.555  -62.011  19.076 0.6999999881
18762  14.324  -61.966  18.825 0.8999999762
16969  8.069  -64.427  19.811 1.0000000000
21470  19.008  -60.178  15.367 0.3000000119
144426  15.007  -61.343  18.652 0.6999999881
17834  6.920  -63.921  19.302 0.8999999762
17811  5.453  -64.168  20.343 0.8000000119
21459  19.189  -60.030  16.356 0.4000000060
21447  18.774  -59.831  17.581 0.4000000060
20499  15.494  -60.653  18.492 0.6999999881
21436  18.348  -59.765  18.024 0.4000000060
21438  16.825  -59.636  18.492 0.5000000000
4201  5.895  -81.270  45.353 1.0000000000
4200  6.357  -80.505  44.895 1.0000000000
4864  6.672  -79.478  43.707 0.8000000119
4870  7.095  -79.277  42.844 0.6999999881
5492  6.196  -78.336  42.478 0.6999999881
5501  6.591  -78.159  41.589 0.5000000000
6105  5.927  -77.613  41.120 0.6000000238
6779  5.709  -76.173  38.348 0.2000000030
149767  5.864  -76.867  39.620 0.2000000030
17827  14.122  -63.687  20.456 0.8999999762
17848  13.659  -62.982  20.049 0.8999999762
17828  13.187  -63.496  20.571 0.8999999762
152228  10.543  -63.090  20.389 0.8999999762
17849  12.828  -62.809  20.224 0.8999999762
18733  11.279  -62.450  20.396 0.8999999762
150352  9.633  -62.663  19.908 0.8000000119
16915  5.336  -64.429  23.741 0.4000000060
16948  5.327  -64.371  21.319 0.6000000238
20537  18.515  -60.480  14.747 0.3000000119
18749  12.563  -62.222  19.901 0.8999999762
18735  8.799  -63.024  19.423 0.8999999762
18736  6.413  -63.001  18.877 0.8999999762
17812  5.034  -63.511  20.853 0.6000000238
19636  13.424  -61.523  18.319 0.8999999762
19621  12.411  -61.657  19.599 0.8999999762
18737  5.522  -62.879  19.409 0.8999999762
18720  5.005  -62.697  20.299 0.6999999881
19635  14.132  -61.380  18.335 0.8999999762
20500  14.513  -60.808  18.176 0.6999999881
2216  5.281  -84.296  47.525 0.8000000119
3008  5.159  -82.934  46.911 0.8999999762
2997  5.348  -82.539  47.892 0.8000000119
3568  5.315  -82.119  45.831 1.0000000000
161670  5.903  -80.460  45.657 1.0000000000
4848  6.332  -79.658  44.594 0.8999999762
162279  5.707  -76.458  39.110 0.2000000030
18674  5.830  -62.453  24.121 0.4000000060
17769  6.078  -62.936  24.884 0.2000000030
19622  11.903  -61.985  20.200 0.8999999762
19612  9.485  -61.820  20.008 0.8999999762
141936  8.803  -62.345  19.488 0.8000000119
17795  5.187  -63.460  22.190 0.5000000000
157358  5.170  -62.546  22.546 0.6000000238
145206  11.669  -61.261  20.171 0.8999999762
149996  8.850  -61.175  19.978 0.8000000119
144190  7.912  -62.419  18.859 0.8999999762
18751  6.197  -62.275  18.921 0.8999999762
19613  8.344  -61.693  19.357 0.8999999762
19624  7.143  -61.377  18.620 0.8999999762
19601  5.072  -61.804  20.988 0.6999999881
138933  19.013  -59.455  13.808 0.3000000119
21439  15.820  -59.853  18.389 0.6000000238
19646  12.791  -60.935  17.685 0.8999999762
19638  12.280  -61.040  19.086 0.8999999762
3542  5.444  -81.401  47.962 0.8000000119
150174  5.282  -81.917  47.060 0.8000000119
136591  5.557  -80.944  46.468 0.8999999762
4187  5.936  -79.739  45.450 0.8999999762
4865  5.684  -78.657  44.291 0.8999999762
5481  6.258  -78.734  43.349 0.8000000119
5502  5.855  -77.823  41.825 0.6999999881
6773  5.417  -76.327  39.961 0.2000000030
6766  5.516  -76.917  40.697 0.4000000060
141960  5.582  -61.954  23.336 0.6000000238
146699  5.246  -61.857  22.181 0.6999999881
20510  13.958  -60.268  17.517 0.6000000238
21450  13.069  -60.108  16.717 0.8000000119
20456  5.460  -61.096  21.857 0.6999999881
19645  13.524  -61.030  17.806 0.8000000119
20511  12.853  -60.591  17.070 0.8999999762
143234  9.803  -60.951  20.299 0.8999999762
20480  8.958  -60.555  20.153 0.8000000119
157511  7.086  -60.801  18.871 0.8999999762
149283  6.196  -60.099  20.787 0.8000000119
156941  5.625  -60.988  20.787 0.8000000119
20489  11.815  -60.387  19.881 0.8999999762
20479  9.919  -59.999  20.346 0.8999999762
20481  8.029  -60.799  19.327 0.8000000119
20491  7.305  -60.826  18.942 0.8999999762
19625  6.643  -61.522  18.834 0.8999999762
3531  5.787  -81.439  48.363 0.6999999881
3558  5.421  -80.905  47.473 0.8000000119
4188  5.556  -79.808  46.368 0.8999999762
147233  5.727  -79.375  47.577 0.8999999762
4849  5.529  -79.009  45.139 0.8999999762
5482  5.391  -77.882  43.375 0.6999999881
6767  5.028  -75.392  40.364 0.3000000119
6101  5.404  -77.232  41.765 0.6000000238
21460  12.637  -59.400  16.204 0.6000000238
20520  12.263  -60.112  16.455 0.8000000119
21451  11.727  -59.898  16.469 0.8000000119
21440  11.897  -59.744  17.691 0.8999999762
22482  15.494  -58.324  17.885 0.5000000000
21449  13.778  -59.396  17.005 0.6000000238
20513  11.921  -60.284  17.038 0.8999999762
20502  12.161  -60.406  18.360 0.8999999762
19585  5.707  -61.176  22.870 0.5000000000
21428  11.583  -59.440  20.015 0.8999999762
20455  5.782  -60.301  21.826 0.6000000238
162611  5.770  -60.535  22.594 0.6999999881
20501  12.407  -60.693  17.811 0.8999999762
20490  11.034  -59.933  20.355 0.8999999762
21429  7.612  -59.869  19.321 0.8999999762
21421  6.950  -59.257  19.423 0.8999999762
4154  5.695  -80.502  48.009 0.8000000119
5447  5.660  -78.161  47.245 0.8999999762
4836  5.386  -78.831  46.080 0.8999999762
5466  5.306  -78.094  45.497 0.8999999762
138175  5.231  -77.410  44.721 0.6999999881
160198  5.002  -75.431  41.796 0.3000000119
6091  5.240  -76.977  42.860 0.5000000000
6760  5.171  -76.327  41.622 0.5000000000
22493  13.540  -58.573  16.455 0.6000000238
21461  11.868  -59.644  16.019 0.6999999881
23461  14.989  -57.704  17.341 0.5000000000
22483  14.527  -58.519  17.291 0.5000000000
21426  12.234  -58.985  18.932 0.6999999881
21418  10.627  -59.190  20.326 0.8999999762
21393  5.997  -59.731  22.774 0.6000000238
21392  6.023  -59.399  21.790 0.6000000238
137308  6.641  -59.878  19.859 0.8000000119
150815  8.529  -59.787  19.939 0.8000000119
5490  10.147  -78.872  41.895 0.8000000119
4817  6.517  -79.105  47.482 0.8999999762
6714  5.511  -76.550  45.620 0.8000000119
6748  5.072  -75.514  42.499 0.4000000060
22485  11.606  -58.940  16.730 0.6999999881
22463  12.328  -58.078  19.150 0.8999999762
23447  11.010  -57.573  20.204 0.8999999762
22464  12.024  -58.749  19.495 0.8999999762
23436  9.595  -57.358  20.106 0.8999999762
22465  11.384  -58.525  20.060 0.8999999762
22453  10.161  -58.269  20.222 0.8000000119
21419  9.327  -58.959  20.191 0.8000000119
22454  8.792  -57.929  19.665 0.8000000119
22407  6.401  -58.932  23.036 0.4000000060
144696  8.087  -58.704  19.396 0.8000000119
21411  6.419  -59.238  20.569 0.6999999881
22433  6.084  -58.747  22.695 0.6999999881
21420  7.479  -59.051  19.203 0.8999999762
22456  7.250  -58.374  19.412 0.8999999762
6089  9.950  -77.966  41.694 0.8000000119
6090  9.602  -77.899  42.528 0.8000000119
143893  9.494  -76.838  42.520 0.8000000119
6078  9.084  -76.961  43.371 0.8000000119
6079  8.639  -76.742  44.168 0.8999999762
6055  7.166  -77.227  46.130 0.8999999762
6046  6.546  -77.650  46.900 0.8999999762
5439  6.031  -78.468  47.545 0.8999999762
6065  7.874  -76.853  45.362 0.8999999762
6712  6.913  -76.501  45.710 0.8000000119
6048  5.587  -77.680  46.888 0.8000000119
7485  5.187  -74.841  43.160 0.6000000238
6722  5.591  -75.942  45.058 0.6999999881
7486  4.986  -74.522  42.511 0.4000000060
153131  5.172  -75.724  43.450 0.5000000000
6738  5.220  -75.770  44.401 0.6999999881
23446  12.011  -57.762  19.683 1.0000000000
24393  8.848  -56.517  19.855 1.0000000000
24395  7.425  -55.841  19.888 0.8000000119
25307  7.114  -55.269  20.858 0.8000000119
24382  6.921  -56.169  20.438 0.8000000119
145895  14.230  -57.917  16.770 0.5000000000
22494  11.877  -58.901  15.694 0.6000000238
23438  7.878  -56.801  19.053 0.8999999762
137003  7.390  -56.501  19.496 0.8000000119
23437  8.392  -57.068  19.307 0.8000000119
159561  6.498  -56.669  21.260 0.8000000119
22455  8.045  -57.646  19.163 0.8000000119
151884  7.452  -57.479  19.330 0.8000000119
152402  7.654  -58.239  19.184 0.6999999881
158651  6.323  -58.221  23.212 0.4000000060
23440  6.552  -57.851  20.653 0.8000000119
22446  6.264  -58.417  21.480 0.6999999881
6735  9.196  -75.833  43.117 0.8000000119
6736  8.668  -75.911  43.861 0.8999999762
6737  8.102  -75.766  44.447 0.8000000119
6759  9.585  -75.807  42.313 0.8000000119
7446  7.300  -75.740  44.751 0.8000000119
7447  6.338  -75.613  44.608 0.8000000119
8223  5.388  -74.860  43.251 0.6999999881
7469  6.061  -75.272  43.881 0.8000000119
25306  7.405  -54.290  21.190 0.8000000119
26220  6.512  -54.734  23.410 0.6000000238
26199  6.855  -54.943  24.199 0.5000000000
24392  10.381  -56.626  20.320 1.0000000000
148216  8.293  -55.871  19.751 1.0000000000
25320  7.831  -55.251  20.262 0.8999999762
25308  6.649  -55.147  21.845 0.8000000119
25272  6.717  -55.945  24.052 0.5000000000
22504  11.627  -58.356  15.842 0.6999999881
22471  12.166  -58.588  18.327 0.8000000119
24383  6.577  -55.914  21.603 0.6999999881
25284  6.404  -56.315  23.518 0.6999999881
155511  12.467  -58.394  15.686 0.6000000238
153364  6.313  -56.734  22.505 0.6999999881
23384  6.828  -57.400  23.947 0.3000000119
23439  6.785  -57.122  20.287 0.6999999881
23430  6.344  -57.431  21.510 0.6000000238
23418  6.189  -57.826  22.634 0.5000000000
23459  16.846  -57.336  17.839 0.5000000000
7481  9.385  -74.899  42.882 0.8999999762
7497  9.743  -74.680  42.176 0.8000000119
141326  7.386  -75.168  43.530 0.8000000119
7468  7.344  -75.478  44.188 0.6999999881
26229  6.949  -53.624  22.108 0.8000000119
25270  7.659  -54.823  24.430 0.6000000238
156809  8.461  -55.191  24.929 0.5000000000
140112  9.591  -55.736  20.336 1.0000000000
23452  12.439  -57.704  18.743 0.8000000119
23460  15.883  -57.517  17.701 0.5000000000
23471  15.382  -57.065  17.136 0.5000000000
8250  10.276  -73.858  41.183 0.8000000119
9027  10.467  -73.281  40.464 0.8000000119
8251  10.065  -73.460  41.220 0.8999999762
9016  9.678  -73.655  41.677 0.8999999762
22503  11.919  -58.173  15.527 0.6000000238
152758  10.100  -73.070  40.556 0.8000000119
146764  9.141  -73.421  40.142 0.8000000119
8261  8.151  -74.233  40.444 0.8000000119
9929  6.747  -72.144  38.287 0.5000000000
143824  6.150  -72.154  39.822 0.5000000000
25319  8.726  -54.851  20.430 1.0000000000
27023  7.424  -53.516  23.758 0.8000000119
22484  12.016  -57.937  17.649 0.8000000119
25331  10.995  -55.700  20.388 0.8999999762
23472  14.473  -57.100  16.535 0.5000000000
24406  17.217  -56.524  17.384 0.5000000000
24407  16.158  -56.760  17.297 0.5000000000
24419  15.336  -56.298  16.553 0.5000000000
9911  10.979  -72.178  38.894 0.8000000119
9057  10.476  -72.436  39.242 0.8000000119
164161  9.724  -72.723  39.219 0.8999999762
9070  9.550  -72.820  38.483 0.8000000119
9058  8.795  -73.489  38.945 0.8000000119
8262  7.219  -74.334  40.103 0.8000000119
145505  7.089  -71.745  37.617 0.5000000000
9059  6.726  -73.156  38.663 0.6000000238
8275  7.328  -74.096  38.890 0.6000000238
148113  7.408  -72.564  36.835 0.5000000000
9928  7.182  -73.131  37.519 0.6000000238
162409  9.626  -54.628  24.449 0.4000000060
155208  9.314  -53.473  23.880 0.4000000060
140235  8.377  -53.361  23.806 0.6999999881
27035  7.725  -52.366  23.027 0.5000000000
24399  11.785  -56.704  20.089 0.8999999762
26228  7.407  -53.309  21.602 0.8000000119
27051  7.270  -52.577  22.209 0.8000000119
23474  11.573  -57.358  16.066 0.6999999881
23445  12.486  -56.863  19.281 0.8999999762
23482  12.836  -57.482  15.593 0.6000000238
23484  11.857  -57.509  15.668 0.6000000238
23481  13.529  -56.901  15.794 0.5000000000
159631  12.772  -56.815  15.514 0.6000000238
9949  10.426  -72.171  37.399 0.6999999881
9087  9.355  -73.059  37.089 0.8000000119
9071  8.479  -73.644  37.658 0.8000000119
8274  7.884  -74.095  38.228 0.8000000119
16007  15.103  -65.920  30.910 0.4000000060
15202  13.516  -66.712  31.621 0.3000000119
15195  11.828  -66.513  32.673 0.4000000060
14384  11.724  -67.210  32.805 0.2000000030
10836  7.451  -71.438  36.690 0.5000000000
9072  7.791  -73.720  37.347 0.8000000119
15209  14.612  -66.679  31.299 0.5000000000
141736  12.653  -66.790  32.100 0.4000000060
14396  12.456  -67.394  32.312 0.4000000060
143346  11.568  -67.782  32.847 0.3000000119
142575  9.822  -68.546  33.848 0.2000000030
12603  9.262  -69.323  34.177 0.4000000060
12593  8.051  -69.497  35.348 0.3000000119
142663  8.131  -70.735  35.251 0.6000000238
14395  13.379  -67.641  31.824 0.5000000000
13522  12.267  -68.133  32.459 0.4000000060
12615  10.594  -69.043  33.330 0.4000000060
11728  9.508  -70.600  33.930 0.4000000060
10849  7.820  -71.764  35.623 0.6000000238
13512  11.044  -68.083  33.188 0.5000000000
12602  10.106  -69.856  33.598 0.5000000000
26243  9.096  -53.795  20.789 1.0000000000
27063  8.516  -52.749  21.255 1.0000000000
25318  10.037  -54.763  20.522 1.0000000000
23462  11.745  -57.225  16.977 0.6999999881
24403  12.513  -56.236  18.542 0.8000000119
24409  11.643  -56.538  16.529 0.6999999881
145679  9.864  -72.595  36.230 0.8000000119
9108  8.840  -73.139  35.767 0.8000000119
11729  8.717  -70.085  34.595 0.3000000119
13511  11.904  -68.791  32.628 0.5000000000
9950  7.703  -72.634  36.050 0.6999999881
27022  8.780  -52.194  23.683 0.5000000000
27050  7.729  -52.540  21.648 0.6999999881
25330  12.170  -55.531  19.892 0.8999999762
147601  9.440  -52.917  21.009 0.8999999762
26257  11.212  -54.612  20.382 1.0000000000
26242  10.249  -53.724  20.646 1.0000000000
24408  11.871  -55.870  17.248 0.8000000119
138531  12.616  -55.733  19.194 0.8999999762
25329  12.467  -54.740  19.331 1.0000000000
25351  11.754  -55.847  16.373 0.6000000238
25340  11.900  -55.249  16.998 0.8000000119
13521  13.165  -68.419  32.201 0.5000000000
9968  9.493  -72.638  35.128 0.8000000119
9969  8.734  -72.675  34.965 0.8000000119
15207  16.719  -66.803  31.016 0.8000000119
15208  15.712  -66.782  31.121 0.6999999881
14394  14.427  -67.643  31.621 0.6000000238
12613  12.485  -69.740  33.079 0.6999999881
11740  11.777  -70.288  33.329 0.6999999881
11727  10.416  -70.884  33.610 0.6999999881
12623  12.854  -69.051  32.583 0.5000000000
12614  11.440  -69.477  32.910 0.5000000000
10856  9.824  -71.607  34.043 0.6000000238
9981  8.777  -72.168  34.573 0.6999999881
9109  8.155  -73.200  35.873 0.8000000119
11741  10.934  -70.202  33.237 0.6000000238
9970  8.149  -72.634  35.381 0.6999999881
16006  16.017  -66.185  30.773 0.6000000238
10857  8.886  -71.433  34.384 0.6000000238
10848  8.366  -72.017  34.881 0.6000000238
27021  10.039  -51.912  23.844 0.5000000000
27034  8.197  -51.253  22.981 0.6000000238
27835  9.089  -50.833  23.393 0.6999999881
140010  8.188  -51.774  21.689 0.6999999881
27859  8.525  -50.902  22.083 0.8999999762
26256  11.997  -54.238  20.019 1.0000000000
25336  12.430  -55.133  18.248 0.8999999762
12612  13.564  -69.530  33.381 0.6999999881
145567  18.221  -65.962  29.093 0.8999999762
15217  17.326  -66.574  30.605 0.8999999762
151312  11.284  -70.866  33.640 0.6999999881
9980  9.262  -72.237  34.475 0.8000000119
16049  18.691  -65.051  27.659 0.8999999762
15228  17.621  -66.118  29.959 0.8999999762
16020  17.581  -65.506  29.387 0.8000000119
15218  16.724  -65.911  30.454 0.8999999762
28641  10.706  -50.966  23.356 0.5000000000
27062  9.101  -51.748  21.371 0.8999999762
27871  9.361  -50.564  21.916 0.8999999762
28670  8.962  -50.222  22.482 0.6999999881
140349  10.190  -52.571  20.890 0.8999999762
26255  12.230  -53.822  19.441 1.0000000000
27077  11.125  -53.481  20.399 1.0000000000
159034  14.435  -69.516  33.710 0.8000000119
11726  12.170  -70.640  34.146 0.8000000119
15226  18.747  -66.663  28.996 0.8000000119
15227  18.359  -66.727  29.682 0.8000000119
14402  16.323  -67.508  31.469 0.8000000119
146064  15.298  -68.316  32.055 0.8000000119
13510  13.843  -69.132  32.753 0.6999999881
16048  19.517  -65.836  27.149 0.8999999762
15240  18.894  -66.200  28.416 0.8000000119
13520  14.320  -68.578  32.217 0.6999999881
16882  20.436  -64.604  25.255 0.8000000119
16871  19.920  -65.008  25.920 0.8999999762
16035  19.049  -65.681  27.785 0.8000000119
155798  21.662  -63.625  24.506 0.8999999762
16079  21.248  -64.893  24.955 0.8999999762
27061  10.964  -52.090  20.453 1.0000000000
27870  10.144  -51.342  21.325 1.0000000000
27076  11.705  -53.174  19.853 1.0000000000
26265  12.305  -54.376  17.354 0.8000000119
26262  12.470  -53.957  18.607 1.0000000000
139966  20.643  -65.403  25.556 0.8999999762
16896  21.856  -64.320  24.599 0.8999999762
153703  10.764  -50.899  20.825 1.0000000000
28669  9.653  -50.151  22.488 0.6999999881
27084  12.415  -53.230  18.090 1.0000000000
27075  12.142  -52.994  19.071 1.0000000000
16895  22.728  -64.438  24.595 0.6999999881
18651  24.827  -62.424  25.451 0.8000000119
23273  25.050  -57.115  30.659 0.6000000238
24222  24.646  -56.527  31.053 0.6000000238
27094  12.581  -53.577  17.314 0.8000000119
16077  23.144  -65.184  24.768 0.6999999881
19543  25.238  -61.794  25.839 0.4000000060
20361  26.371  -60.133  28.506 0.4000000060
21275  25.924  -59.567  28.170 0.5000000000
23272  25.424  -57.716  31.091 0.3000000119
25165  24.072  -55.764  33.093 0.1000000015
25166  23.722  -55.134  33.535 0.1000000015
23291  25.405  -57.732  30.273 0.4000000060
26937  23.234  -53.660  35.413 0.2000000030
26932  22.864  -53.007  35.840 0.1000000015
25176  24.019  -55.774  32.133 0.4000000060
25177  23.652  -55.120  32.653 0.3000000119
26948  23.160  -53.709  34.510 0.2000000030
26938  22.881  -53.037  34.957 0.2000000030
27728  21.796  -51.806  36.374 0.1000000015
144874  23.696  -55.076  31.955 0.5000000000
26103  23.420  -54.588  33.079 0.4000000060
161657  23.073  -53.685  33.779 0.2000000030
27747  22.516  -52.417  34.495 0.2000000030
27741  22.084  -51.903  35.806 0.2000000030
28528  20.402  -50.930  36.789 0.2000000030
27748  22.053  -51.640  34.989 0.2000000030
28545  21.625  -51.338  35.864 0.2000000030
29450  20.369  -50.422  36.197 0.2000000030
30413  19.222  -49.822  36.126 0.2000000030
22290  26.138  -58.823  30.121 0.2000000030
21266  26.219  -59.291  29.437 0.3000000119
23256  25.450  -57.738  31.958 0.2000000030
23244  24.946  -57.136  32.465 0.2000000030
146559  23.540  -54.364  34.957 0.2000000030
24201  24.478  -56.412  33.556 0.1000000015
25183  24.078  -55.394  31.379 0.5000000000
26128  23.865  -54.615  31.421 0.6000000238
25153  23.852  -55.106  34.512 0.1000000015
26116  23.415  -54.288  32.263 0.5000000000
26960  22.860  -53.240  33.314 0.4000000060
26949  22.816  -53.121  34.097 0.2000000030
28546  20.995  -50.771  36.093 0.2000000030
29466  20.634  -50.255  35.610 0.2000000030
29467  19.984  -49.937  35.902 0.2000000030
22248  25.868  -58.422  32.440 0.1000000015
23243  25.469  -57.826  32.749 0.1000000015
25152  24.179  -55.803  34.042 0.1000000015
26931  23.216  -53.612  36.314 0.1000000015
26127  24.393  -54.931  30.691 0.6999999881
162500  23.702  -53.919  31.493 0.6999999881
26964  23.079  -53.385  32.590 0.4000000060
27760  22.560  -52.530  33.612 0.3000000119
28559  22.210  -51.793  33.961 0.3000000119
29465  21.343  -50.749  35.142 0.2000000030
149024  24.754  -56.913  33.186 0.1000000015
24190  24.608  -56.553  34.462 0.1000000015
160728  25.151  -53.936  29.625 0.8999999762
26971  24.374  -53.050  30.536 0.6000000238
27782  23.847  -52.365  30.915 0.5000000000
27777  23.268  -52.101  31.585 0.5000000000
28589  23.022  -51.457  31.586 0.4000000060
28576  22.197  -51.109  32.641 0.4000000060
25142  23.969  -55.046  35.532 0.1000000015
26139  24.296  -53.962  30.779 0.6000000238
160978  23.453  -52.768  31.543 0.4000000060
28564  22.355  -51.873  33.102 0.4000000060
30467  21.253  -50.111  33.512 0.1000000015
29501  20.769  -49.749  34.099 0.1000000015
30469  20.173  -49.138  33.934 0.1000000015
26967  23.362  -53.409  31.866 0.5000000000
27773  22.711  -52.630  32.818 0.4000000060
141344  21.744  -51.081  34.224 0.2000000030
29500  21.266  -50.392  34.248 0.2000000030
30447  19.497  -48.918  34.526 0.1000000015
29486  20.780  -50.029  34.868 0.2000000030
30448  18.733  -48.841  34.981 0.2000000030
30602  12.128  -49.750  18.571 0.8000000119
29627  12.528  -50.456  18.022 0.8000000119
145436  13.391  -50.782  17.314 0.8000000119
30601  12.897  -49.770  17.958 0.8000000119
29650  13.848  -49.930  17.221 0.8000000119
29649  14.331  -50.643  16.569 0.6999999881
26980  25.872  -53.666  28.519 1.0000000000
27784  25.424  -52.538  29.318 1.0000000000
27781  24.455  -52.349  30.320 0.6000000238
28588  23.530  -51.468  31.003 0.6000000238
29523  22.546  -50.863  31.794 0.3000000119
29524  21.868  -50.302  32.244 0.1000000015
146686  26.194  -53.004  28.118 1.0000000000
29507  21.684  -50.560  33.020 0.3000000119
30483  21.308  -49.826  32.756 0.1000000015
30468  20.750  -49.471  33.332 0.1000000015
158999  19.494  -48.571  33.726 0.1000000015
140579  25.892  -54.050  26.529 1.0000000000
26985  26.354  -52.935  27.388 1.0000000000
31575  13.307  -48.567  18.753 0.6999999881
30593  12.675  -49.008  18.632 0.6999999881
31584  13.519  -48.393  18.272 0.8000000119
30621  15.420  -49.508  16.038 0.6000000238
146423  24.886  -52.000  29.797 0.6000000238
28591  24.214  -51.551  30.369 0.6000000238
29537  23.438  -50.757  30.758 0.5000000000
29538  22.843  -50.368  31.072 0.4000000060
30492  21.407  -49.391  31.884 0.1000000015
30493  20.693  -48.641  31.926 0.1000000015
158544  25.916  -52.352  28.608 1.0000000000
28594  25.482  -51.723  29.136 0.8000000119
28595  24.787  -51.054  29.586 0.6999999881
30484  20.762  -49.111  32.589 0.1000000015
27793  26.381  -52.407  26.928 1.0000000000
27794  26.294  -52.307  27.784 1.0000000000
27800  26.086  -52.619  26.278 0.8999999762
28610  26.194  -51.745  26.328 1.0000000000
138522  13.488  -49.084  17.814 0.8000000119
30622  14.275  -49.331  17.093 0.8000000119
159275  15.441  -48.798  16.048 0.6000000238
29666  15.542  -50.117  15.986 0.5000000000
30636  14.646  -49.857  16.435 0.6999999881
30510  22.566  -49.621  30.726 0.3000000119
30511  21.831  -49.194  31.011 0.2000000030
31460  21.157  -48.646  31.246 0.1000000015
28596  23.999  -50.632  30.182 0.6000000238
30509  23.299  -50.051  30.437 0.5000000000
29541  24.404  -50.307  29.590 0.6000000238
30524  23.836  -49.749  29.722 0.5000000000
28599  26.025  -51.589  28.290 0.8000000119
28600  25.513  -50.913  28.764 0.6999999881
29545  24.953  -50.299  29.076 0.6000000238
28604  26.337  -51.597  27.361 1.0000000000
137704  26.067  -50.811  27.874 0.8999999762
143985  26.080  -50.951  26.107 0.6999999881
139139  26.317  -50.849  26.908 0.6999999881
32559  15.196  -47.522  16.476 0.8000000119
32524  13.924  -47.871  18.603 0.6000000238
32561  13.958  -47.739  17.945 0.6999999881
32560  14.539  -47.635  17.286 0.6000000238
31610  14.260  -48.519  17.388 0.8000000119
31609  15.006  -48.313  16.526 0.6999999881
33464  15.410  -46.690  16.457 0.6999999881
33475  16.083  -46.521  15.887 0.6999999881
31474  22.262  -48.896  30.312 0.3000000119
30525  22.996  -49.302  30.017 0.4000000060
31495  21.929  -48.262  29.879 0.4000000060
31475  21.558  -48.505  30.537 0.3000000119
158081  24.471  -49.833  29.277 0.6000000238
30523  24.239  -49.252  29.072 0.6000000238
31493  23.479  -48.892  29.365 0.4000000060
31494  22.667  -48.542  29.626 0.3000000119
29544  25.536  -50.141  28.362 0.6999999881
137596  24.790  -48.910  28.450 0.6000000238
29547  26.013  -49.961  27.395 0.6999999881
30531  25.717  -49.178  27.338 0.6999999881
30532  25.283  -48.658  27.723 0.6999999881
29552  26.106  -50.238  26.389 0.6999999881
30535  25.891  -49.468  26.588 0.6999999881
29557  25.685  -50.535  25.624 0.6999999881
29558  25.112  -50.799  25.101 0.6999999881
29604  20.929  -50.815  18.839 0.5000000000
141873  19.611  -49.916  18.518 0.4000000060
143149  14.742  -46.808  17.256 0.6999999881
31562  19.470  -48.510  18.489 0.5000000000
31563  18.546  -48.700  18.451 0.6000000238
137679  17.794  -48.927  18.427 0.5000000000
32523  14.275  -47.077  18.220 0.8000000119
32538  14.225  -47.036  17.943 0.8000000119
34248  15.266  -45.629  18.393 0.4000000060
33428  14.473  -46.451  18.136 0.8000000119
33445  14.492  -46.226  17.861 0.6999999881
152253  15.614  -45.871  16.446 0.5000000000
150141  17.435  -44.975  15.721 0.3000000119
32411  21.301  -47.901  30.088 0.2000000030
32433  22.292  -47.816  29.314 0.3000000119
31506  24.029  -48.493  28.730 0.4000000060
31507  23.152  -48.029  28.920 0.3000000119
31505  24.652  -48.161  28.101 0.4000000060
31512  25.533  -48.607  26.745 0.6000000238
31524  25.005  -48.992  24.981 0.6999999881
31517  25.579  -49.156  25.779 0.6000000238
30566  23.389  -49.602  21.739 0.6000000238
29594  23.124  -50.477  20.559 0.3000000119
30581  22.273  -49.870  19.421 0.5000000000
30582  21.403  -49.972  18.961 0.4000000060
142584  20.486  -49.964  18.645 0.4000000060
30583  19.124  -49.296  18.495 0.5000000000
137970  20.115  -49.170  18.553 0.4000000060
138980  18.838  -47.876  18.427 0.4000000060
32512  17.755  -48.119  18.413 0.5000000000
33425  17.600  -46.454  18.234 0.4000000060
34247  16.060  -45.693  18.347 0.5000000000
33414  14.774  -46.009  18.317 0.6999999881
34249  14.630  -45.637  18.028 0.6000000238
34225  15.469  -45.022  18.307 0.5000000000
35127  14.836  -45.175  18.135 0.5000000000
35170  14.948  -44.619  17.485 0.5000000000
34281  15.845  -45.111  16.373 0.5000000000
35188  16.956  -44.347  16.003 0.3000000119
32412  20.645  -47.514  30.199 0.2000000030
163818  21.669  -47.699  29.582 0.2000000030
32434  21.112  -47.325  29.615 0.2000000030
32460  21.756  -47.111  29.064 0.2000000030
33328  20.921  -46.619  29.134 0.1000000015
33353  20.322  -46.066  28.879 0.1000000015
32458  23.938  -47.700  28.373 0.4000000060
32459  22.620  -47.254  28.753 0.3000000119
33352  22.262  -46.496  28.526 0.2000000030
139435  21.059  -45.917  28.637 0.1000000015
32469  24.478  -47.467  27.683 0.4000000060
146448  23.315  -47.319  28.465 0.4000000060
34149  21.846  -45.688  28.299 0.2000000030
156714  25.164  -47.920  26.569 0.6000000238
31513  25.059  -47.987  27.338 0.5000000000
31518  25.163  -48.279  25.734 0.6000000238
152486  24.819  -47.375  26.907 0.4000000060
31525  24.235  -48.744  24.419 0.6999999881
157798  24.705  -48.294  24.927 0.6000000238
31529  23.410  -48.515  23.777 0.8000000119
30550  22.734  -49.264  23.251 0.6999999881
30551  22.305  -49.835  22.972 0.6000000238
30557  23.361  -48.863  22.084 0.5000000000
30571  23.388  -49.698  20.816 0.5000000000
145421  22.635  -49.029  19.649 0.4000000060
142319  21.683  -49.084  19.053 0.5000000000
31560  21.261  -48.260  18.816 0.5000000000
138861  20.381  -48.337  18.574 0.6000000238
32510  19.821  -47.688  18.485 0.5000000000
33413  19.195  -47.013  18.399 0.4000000060
32511  18.193  -47.188  18.347 0.4000000060
33424  18.564  -46.343  18.272 0.6000000238
34246  17.033  -45.716  18.139 0.5000000000
33412  20.261  -46.772  18.534 0.5000000000
34244  18.884  -45.530  18.208 0.5000000000
34245  17.989  -45.658  18.100 0.5000000000
35153  17.418  -44.938  18.054 0.5000000000
35125  15.615  -44.173  18.283 0.4000000060
36098  16.776  -44.155  18.164 0.4000000060
36073  15.986  -43.323  18.285 0.4000000060
36099  14.965  -42.899  17.910 0.5000000000
35177  15.300  -44.307  16.891 0.5000000000
36110  16.345  -43.606  16.343 0.4000000060
36109  16.466  -42.781  16.381 0.4000000060
36124  17.199  -43.562  16.127 0.3000000119
161467  18.204  -42.809  16.122 0.2000000030
33351  23.075  -46.647  28.252 0.2000000030
32470  23.821  -46.972  27.959 0.4000000060
33375  22.713  -45.906  27.980 0.3000000119
161129  21.173  -45.316  28.296 0.2000000030
34150  20.809  -44.762  28.085 0.1000000015
33373  24.289  -46.788  27.201 0.3000000119
33374  23.547  -46.150  27.487 0.3000000119
160124  22.371  -45.186  27.651 0.2000000030
34174  21.590  -44.883  27.882 0.1000000015
32472  24.889  -47.501  26.084 0.6000000238
33382  24.536  -46.864  26.378 0.4000000060
32474  24.651  -47.655  25.295 0.6000000238
32477  24.055  -47.838  24.452 0.6000000238
31530  22.850  -48.431  23.183 0.5000000000
31536  22.593  -48.820  22.980 0.5000000000
31535  23.213  -48.081  22.472 0.5000000000
31551  23.491  -48.180  20.669 0.4000000060
31552  23.008  -48.203  19.924 0.5000000000
31559  22.175  -48.249  19.319 0.5000000000
32504  22.566  -47.417  19.558 0.4000000060
138908  20.760  -47.586  18.649 0.5000000000
144307  21.117  -46.171  18.686 0.6000000238
34224  20.292  -45.785  18.454 0.5000000000
33423  19.468  -46.154  18.364 0.5000000000
35151  19.270  -44.681  18.195 0.5000000000
35152  18.344  -44.869  18.072 0.5000000000
147557  17.805  -44.165  18.061 0.5000000000
144652  18.600  -44.185  18.089 0.5000000000
36981  15.470  -42.656  18.181 0.4000000060
37006  15.219  -42.408  17.714 0.4000000060
37015  15.363  -42.197  17.270 0.3000000119
36111  15.579  -42.899  16.822 0.3000000119
143230  18.256  -43.490  15.966 0.2000000030
37012  17.087  -41.896  16.272 0.2000000030
37013  16.602  -42.119  16.373 0.3000000119
37027  18.130  -42.080  16.174 0.2000000030
39096  19.487  -40.636  15.698 0.2000000030
163271  23.015  -45.488  27.378 0.3000000119
35054  22.055  -44.485  27.215 0.2000000030
35055  21.105  -44.149  27.472 0.1000000015
34192  23.765  -45.617  25.885 0.3000000119
34187  23.461  -45.479  26.735 0.3000000119
34173  22.803  -44.933  26.921 0.2000000030
35080  21.661  -43.865  26.663 0.1000000015
157965  24.557  -47.076  25.682 0.5000000000
33385  24.236  -46.427  25.724 0.4000000060
35079  22.420  -44.364  26.360 0.2000000030
35091  21.934  -43.809  25.779 0.1000000015
32475  24.215  -46.982  25.011 0.4000000060
33387  23.686  -46.110  24.909 0.4000000060
32482  23.261  -47.775  23.647 0.4000000060
32478  23.539  -47.021  24.251 0.4000000060
146825  22.865  -47.915  23.135 0.4000000060
31544  23.599  -48.157  21.538 0.5000000000
32503  23.326  -47.337  20.293 0.5000000000
32509  21.648  -47.508  19.004 0.6000000238
34222  22.524  -45.950  19.495 0.5000000000
33410  21.974  -46.611  19.156 0.6000000238
34243  21.062  -45.182  18.621 0.4000000060
155030  20.682  -44.424  18.509 0.4000000060
162784  19.618  -45.425  18.309 0.5000000000
35150  20.010  -44.114  18.330 0.4000000060
36097  18.297  -43.504  18.130 0.4000000060
36979  17.198  -42.372  18.277 0.3000000119
36980  16.311  -42.499  18.260 0.3000000119
155800  15.460  -42.069  17.765 0.3000000119
162855  15.604  -41.548  17.036 0.3000000119
37014  15.888  -41.909  16.741 0.3000000119
36978  17.657  -41.756  18.284 0.3000000119
37974  16.552  -41.546  18.177 0.3000000119
37991  16.100  -41.198  17.898 0.3000000119
38001  15.858  -41.126  17.273 0.3000000119
38009  17.250  -41.157  16.313 0.2000000030
38010  16.405  -41.382  16.505 0.3000000119
38026  18.561  -41.064  16.129 0.2000000030
39083  17.301  -40.216  16.448 0.2000000030
34188  23.137  -44.940  26.099 0.3000000119
36006  21.274  -43.316  26.103 0.1000000015
34193  23.218  -45.236  25.236 0.4000000060
35090  22.561  -44.502  25.348 0.2000000030
146775  22.792  -44.953  24.672 0.4000000060
35094  21.964  -43.891  24.834 0.2000000030
36025  21.376  -43.367  25.202 0.2000000030
32479  23.117  -47.080  23.463 0.4000000060
33388  23.143  -46.369  24.035 0.4000000060
34197  22.976  -45.829  23.718 0.4000000060
32487  23.117  -47.302  22.785 0.5000000000
151061  23.702  -46.672  21.323 0.5000000000
163230  23.615  -46.995  20.771 0.5000000000
33404  23.465  -46.513  20.495 0.5000000000
34216  23.192  -45.692  20.067 0.5000000000
34223  21.831  -45.675  19.048 0.5000000000
34242  21.809  -44.919  19.028 0.4000000060
36094  20.754  -43.579  18.546 0.3000000119
36996  20.311  -42.707  18.428 0.3000000119
36997  19.470  -42.809  18.264 0.3000000119
39064  16.657  -40.001  17.993 0.3000000119
39085  16.092  -40.322  17.140 0.3000000119
38011  15.918  -41.040  16.907 0.3000000119
39063  17.493  -39.939  18.129 0.3000000119
39098  17.291  -39.546  16.645 0.2000000030
39097  18.426  -39.932  16.203 0.2000000030
34195  23.050  -45.588  24.399 0.4000000060
35093  22.428  -44.457  24.409 0.3000000119
35096  22.653  -44.456  23.717 0.4000000060
36031  22.166  -43.839  24.071 0.2000000030
33393  23.101  -46.693  22.979 0.4000000060
34201  23.304  -45.963  22.859 0.4000000060
35100  23.125  -45.129  23.297 0.4000000060
33392  23.507  -46.651  22.273 0.5000000000
34207  23.662  -45.867  21.841 0.4000000060
34215  23.663  -45.809  20.917 0.4000000060
149953  23.485  -45.092  20.629 0.4000000060
35116  23.082  -44.698  20.050 0.4000000060
140053  22.480  -45.195  19.506 0.4000000060
35124  22.265  -44.226  19.404 0.4000000060
35149  21.386  -44.298  18.782 0.3000000119
40122  17.190  -39.268  17.771 0.3000000119
41124  18.003  -38.017  16.829 0.1000000015
41125  17.553  -38.740  16.949 0.1000000015
40152  17.812  -39.085  16.566 0.2000000030
36035  22.729  -43.619  23.417 0.2000000030
36036  22.129  -43.006  23.744 0.2000000030
34200  23.517  -45.072  22.358 0.4000000060
35099  23.269  -44.188  22.842 0.3000000119
152963  23.677  -45.044  21.385 0.4000000060
35115  23.544  -44.203  20.820 0.4000000060
148503  23.005  -43.765  20.068 0.3000000119
36070  22.389  -43.264  19.573 0.3000000119
36057  22.925  -43.014  20.102 0.3000000119
36976  22.524  -42.500  19.769 0.3000000119
36040  23.179  -43.245  22.749 0.3000000119
35107  23.613  -44.244  21.857 0.4000000060
36039  23.478  -43.578  22.223 0.3000000119
36047  23.609  -43.429  21.470 0.3000000119
36056  23.393  -43.214  20.674 0.3000000119
37958  23.490  -41.861  21.073 0.3000000119
36964  23.157  -42.329  20.468 0.3000000119
37970  22.613  -41.719  19.955 0.3000000119
36950  23.569  -42.569  21.257 0.3000000119
37959  23.156  -41.495  20.598 0.2000000030
152982  22.537  -40.990  19.937 0.2000000030
764  11.006  -89.031  29.135 1.0000000000
4313  6.110  -82.030  34.980 0.4000000060
4312  6.345  -81.558  35.158 0.3000000119
141107  5.619  -81.271  35.932 0.5000000000
147310  6.379  -80.739  36.373 0.4000000060
161794  5.907  -80.604  37.021 0.4000000060
164038  6.440  -83.368  36.386 0.6999999881
4261  5.284  -80.776  38.406 0.4000000060
2692  5.945  -83.206  37.378 0.8000000119
3641  4.477  -81.557  37.846 0.6000000238
10299  14.371  -72.159  6.099 0.8999999762
154101  15.333  -73.714  7.275 0.8999999762
8591  16.038  -74.164  7.545 0.8000000119
8593  14.156  -74.288  7.921 0.8999999762
8580  15.647  -74.926  8.067 0.8000000119
11175  12.671  -71.531  5.618 0.8000000119
10301  12.343  -71.383  6.305 0.8999999762
162240  14.425  -72.884  3.581 0.8000000119
7088  15.791  -76.429  9.925 0.8999999762
9444  12.833  -73.524  4.236 0.8999999762
7176  21.042  -76.269  0.501 0.6999999881
7896  21.009  -75.040  1.002 0.8000000119
7178  19.266  -76.548  0.478 0.8000000119
6465  22.422  -76.563  0.867 0.6000000238
7902  23.402  -74.839  0.503 0.6000000238
7888  21.308  -75.048  1.491 0.8000000119
7907  18.833  -75.805  1.078 0.8000000119
7891  19.047  -75.983  1.698 0.8000000119
7175  22.674  -75.891  0.491 0.6999999881
15302  9.123  -66.533  22.435 1.0000000000
16124  10.106  -65.605  21.405 1.0000000000
16927  5.433  -64.436  22.495 0.5000000000
16947  5.756  -64.933  20.841 0.8999999762
16970  7.077  -64.737  19.941 1.0000000000
16967  10.275  -64.134  20.666 0.8999999762
16943  10.578  -64.991  21.176 0.8999999762
154267  11.221  -64.443  21.100 0.8999999762
794  14.901  -88.864  25.746 0.8000000119
338  14.068  -90.519  26.336 0.6999999881
350  14.018  -89.649  24.997 0.8000000119
1068  15.708  -88.820  26.887 0.8999999762
27  21.076  -94.134  31.809 0.8999999762
26  19.330  -94.240  32.167 1.0000000000
170  17.784  -93.587  31.343 1.0000000000
179  16.182  -92.739  30.070 1.0000000000
7  17.947  -95.357  30.800 0.8999999762
33  15.956  -94.825  31.284 0.8999999762
92  15.621  -93.453  30.214 0.8999999762
329  14.199  -91.194  27.180 0.8999999762
833  13.116  -88.192  23.582 0.4000000060
1117  13.595  -88.411  21.622 0.3000000119
1123  13.909  -87.659  20.966 0.2000000030
158471  15.303  -88.048  20.114 0.2000000030
81  22.190  -93.463  32.103 0.8000000119
5  19.676  -94.844  31.115 1.0000000000
177  18.125  -92.540  30.881 0.8999999762
19  19.829  -94.598  29.376 1.0000000000
40  19.959  -94.231  28.752 1.0000000000
14  19.384  -95.043  29.907 0.8999999762
49  19.586  -94.152  28.509 0.8999999762
152531  17.597  -95.310  29.860 0.8999999762
22  17.168  -94.918  29.160 0.8999999762
11  14.435  -94.975  30.345 0.8999999762
18  14.572  -95.043  29.877 0.8999999762
187  14.807  -92.835  29.269 0.8999999762
311  14.638  -92.417  28.716 0.8999999762
50  18.308  -93.628  28.411 0.8999999762
51  17.371  -93.509  28.327 0.8999999762
23  16.178  -94.992  28.990 0.8999999762
147359  15.444  -94.781  28.876 0.8999999762
98  14.588  -93.316  28.795 0.8999999762
143196  14.414  -92.030  27.707 0.8999999762
202  17.409  -92.179  26.780 0.8000000119
59  16.840  -93.144  27.647 0.8999999762
112  16.399  -93.024  26.747 0.8000000119
162074  15.045  -93.961  27.735 0.6999999881
113  15.869  -93.095  26.605 0.6999999881
104  14.907  -93.103  27.522 0.6999999881
203  15.045  -92.040  26.542 0.6999999881
115  14.673  -92.239  27.242 0.8999999762
215  14.255  -90.818  25.940 0.6000000238
212  16.706  -92.588  25.346 0.8000000119
211  17.130  -92.077  26.047 0.8000000119
119  15.943  -93.014  25.731 0.8000000119
221  15.964  -92.318  25.213 0.6999999881
214  14.864  -91.352  25.961 0.6000000238
223  14.336  -90.561  25.246 0.5000000000
157484  13.479  -89.068  23.508 0.5000000000
219  17.171  -91.938  24.710 0.6999999881
360  17.387  -91.423  24.690 0.6000000238
201  17.918  -91.675  26.788 0.8000000119
225  16.949  -91.784  24.049 0.6999999881
366  16.732  -91.189  23.641 0.6000000238
361  15.523  -90.904  24.923 0.6999999881
151205  14.662  -90.545  25.002 0.5000000000
368  14.544  -90.322  24.286 0.5000000000
375  13.966  -90.376  23.316 0.4000000060
838  12.916  -88.827  22.858 0.3000000119
598  18.055  -90.350  22.844 0.5000000000
372  16.867  -91.022  22.921 0.6000000238
609  13.935  -89.805  22.153 0.4000000060
160328  13.642  -89.143  22.012 0.3000000119
597  18.353  -90.100  22.183 0.6000000238
377  16.531  -90.208  22.604 0.5000000000
607  15.887  -89.540  22.285 0.5000000000
614  16.187  -89.313  21.619 0.4000000060
854  18.873  -89.544  19.880 0.5000000000
857  16.019  -88.490  20.428 0.3000000119
155457  23.379  -90.941  31.470 0.6999999881
519  21.618  -91.292  29.144 0.8999999762
530  21.913  -89.921  28.616 0.8999999762
159  20.892  -93.191  32.908 0.8000000119
315  21.571  -91.635  28.382 0.8999999762
39  20.477  -93.735  28.537 1.0000000000
100  21.272  -93.100  27.361 1.0000000000
109  19.624  -92.834  27.460 0.8999999762
200  18.996  -91.832  27.090 0.8999999762
337  18.488  -91.173  26.550 0.8000000119
347  19.940  -90.747  26.084 0.8999999762
582  17.839  -90.211  24.533 0.6000000238
822  18.150  -89.627  23.992 0.6999999881
841  19.204  -89.580  21.191 0.5000000000
523  10.335  -90.656  29.491 0.8999999762
149674  10.179  -90.899  30.257 0.8999999762
525  8.503  -89.983  29.531 0.6999999881
314  8.484  -90.794  30.153 0.8999999762
141577  22.221  -88.227  28.074 0.8000000119
1352  22.255  -87.387  28.365 0.6999999881
97  21.010  -93.295  28.302 0.8999999762
193  21.831  -92.178  27.351 0.8999999762
208  21.669  -92.409  25.919 0.8000000119
840  19.604  -88.862  21.042 0.5000000000
1036  11.105  -88.244  29.487 1.0000000000
1366  7.233  -87.700  26.612 0.3000000119
137794  8.511  -86.107  28.506 0.4000000060
1034  20.287  -88.775  30.812 0.8999999762
548  22.827  -90.058  26.653 0.8000000119
136005  7.502  -84.891  28.547 0.4000000060
160051  22.546  -91.430  25.157 0.8000000119
1448  20.530  -86.612  18.857 0.5000000000
2504  19.721  -83.433  16.199 0.5000000000
2892  20.936  -83.072  15.508 0.5000000000
3375  18.377  -81.405  11.548 0.4000000060
1705  5.413  -85.994  30.170 0.8000000119
1371  24.396  -87.415  26.326 0.8000000119
557  24.744  -89.697  26.088 0.8000000119
2502  21.318  -84.059  16.031 0.5000000000
791  25.257  -88.896  26.217 0.8000000119
335  26.062  -90.969  25.618 0.8000000119
136965  24.177  -88.848  23.889 1.0000000000
1405  23.650  -87.351  23.387 0.8999999762
1420  23.340  -86.664  23.029 0.8999999762
10993  7.026  -71.334  23.657 0.6999999881
10108  5.723  -72.041  23.946 0.6999999881
1782  24.008  -85.978  21.577 0.8999999762
2118  22.829  -85.023  20.373 0.8999999762
779  26.927  -89.511  26.945 0.8000000119
10106  8.466  -72.193  23.777 0.8000000119
1769  24.760  -86.749  21.894 0.8999999762
2117  24.204  -85.297  21.075 0.8000000119
9256  6.793  -73.230  20.454 0.8999999762
164474  22.581  -83.814  17.748 0.6999999881
2725  5.171  -82.994  34.577 0.6000000238
155129  28.259  -90.596  25.552 0.8999999762
2109  24.934  -85.771  21.374 0.8000000119
3939  20.901  -80.823  11.188 0.8000000119
139575  23.777  -83.242  17.353 0.6000000238
2860  24.117  -83.066  18.622 0.6000000238
2443  24.562  -83.873  20.612 0.6000000238
154125  11.031  -71.325  20.378 1.0000000000
11023  6.754  -71.273  19.852 0.8999999762
2843  25.113  -83.066  20.593 0.5000000000
153439  6.761  -75.983  18.233 0.6999999881
3677  5.548  -82.041  35.756 0.5000000000
3931  23.469  -80.441  12.863 0.8000000119
2475  25.287  -82.911  16.851 0.6999999881
3410  20.007  -81.205  6.699 1.0000000000
2706  5.350  -82.726  36.720 0.6999999881
3663  5.141  -81.407  36.386 0.6000000238
163171  8.720  -80.535  36.734 0.2000000030
4310  8.660  -80.896  35.733 0.1000000015
4581  23.691  -80.009  11.696 0.6999999881
6333  7.279  -76.744  18.302 0.6000000238
7722  10.121  -75.336  18.682 0.8999999762
3653  4.708  -81.387  37.007 0.6999999881
4279  4.574  -80.954  37.438 0.4000000060
11855  7.103  -71.181  25.684 0.6999999881
8479  9.462  -74.573  18.439 0.8999999762
5252  17.064  -79.434  1.368 0.6999999881
14553  12.620  -68.356  17.681 0.8999999762
12762  13.531  -69.987  19.521 0.8999999762
3921  24.731  -81.131  13.677 0.6000000238
4006  21.141  -80.795  3.384 0.8000000119
9281  9.807  -73.744  18.392 0.8999999762
14602  7.763  -66.925  15.644 0.8000000119
4650  21.105  -79.536  2.445 0.6999999881
150060  21.017  -78.321  1.712 0.8999999762
5778  16.687  -78.691  6.645 0.4000000060
17049  12.051  -64.373  13.068 0.6999999881
17033  12.613  -64.715  13.753 0.6000000238
17061  12.601  -63.999  12.374 0.5000000000
12743  13.528  -69.598  21.210 1.0000000000
14622  8.571  -66.929  14.101 0.8000000119
12065  17.238  -70.004  5.560 0.8000000119
153954  15.926  -71.766  6.217 0.8999999762
5242  21.640  -78.844  2.123 0.6999999881
6460  20.713  -76.980  0.775 0.8000000119
8663  22.788  -74.695  0.778 0.6000000238
9402  14.532  -73.620  7.257 0.8999999762
11940  10.010  -70.731  16.307 0.8000000119
158065  21.270  -75.400  0.571 0.8000000119
7905  20.399  -75.398  0.671 0.8000000119
7904  21.968  -75.116  0.699 0.6999999881
7865  21.541  -75.081  3.829 0.6999999881
9439  21.008  -73.680  4.649 0.6999999881
145611  14.765  -71.671  5.692 0.8000000119
9403  13.567  -73.335  7.349 0.8999999762
9388  13.195  -73.771  8.126 0.8999999762
8565  13.275  -74.926  9.312 0.8999999762
7059  11.328  -75.971  11.740 0.8999999762
7797  12.195  -75.549  10.495 0.8999999762
6361  12.090  -77.903  12.630 0.8999999762
7044  12.139  -77.355  11.865 1.0000000000
10300  13.354  -71.864  6.087 0.8999999762
9389  12.391  -73.076  8.499 0.8000000119
7016  13.474  -77.309  15.842 1.0000000000
153150  18.285  -76.349  0.931 0.8999999762
162906  14.803  -71.955  4.020 0.8000000119
11200  13.665  -71.729  4.709 0.8000000119
10281  12.141  -71.374  7.097 0.8999999762
10244  11.668  -72.333  9.012 0.8999999762
10261  11.179  -71.189  8.787 0.8999999762
9365  11.209  -73.083  10.756 0.8999999762
10235  10.692  -71.782  10.514 0.8999999762
8616  12.531  -74.131  5.589 0.6000000238
2680  5.411  -83.044  38.261 0.8999999762
18865  13.921  -63.157  10.838 0.4000000060
17941  14.371  -64.204  10.055 0.4000000060
17047  14.024  -64.144  13.501 0.6000000238
16205  14.461  -65.627  15.302 0.8999999762
14564  14.630  -67.629  17.705 0.8999999762
14493  9.678  -67.947  23.336 1.0000000000
11971  11.657  -70.024  14.866 0.5000000000
10324  21.367  -72.872  4.220 0.6999999881
10338  19.530  -72.060  4.403 0.6000000238
7796  13.602  -75.993  10.258 0.8000000119
7811  13.799  -75.561  9.690 0.8000000119
136318  10.779  -70.701  15.735 0.6999999881
7782  12.912  -76.173  10.598 0.8999999762
7057  12.800  -76.924  11.345 1.0000000000
7043  12.935  -77.649  12.172 1.0000000000
6346  13.354  -77.841  14.010 1.0000000000
7890  19.820  -75.812  2.149 0.8000000119
147813  15.746  -72.365  3.721 0.6999999881
157385  16.267  -73.118  3.696 0.8000000119
11201  12.710  -71.824  4.807 0.8999999762
9303  11.951  -73.594  17.025 0.8000000119
155661  8.034  -80.754  37.203 0.2000000030
18812  19.915  -61.603  13.931 0.2000000030
148546  15.218  -65.255  10.352 0.4000000060
14512  12.846  -67.905  22.158 1.0000000000
7854  18.921  -75.711  5.714 0.8000000119
9442  16.643  -73.563  3.951 0.8000000119
9456  14.598  -73.412  3.373 0.8999999762
9457  13.281  -73.393  3.913 0.8000000119
158979  17.353  -76.039  5.681 0.6999999881
2657  4.587  -82.669  40.280 0.8000000119
4291  9.343  -79.922  36.624 0.2000000030
4258  8.686  -80.402  38.581 0.3000000119
19724  15.005  -61.916  10.646 0.3000000119
17031  15.246  -64.262  14.621 0.6000000238
16186  15.710  -65.792  16.520 0.8999999762
14511  14.181  -67.309  21.870 0.8999999762
14513  12.019  -67.261  22.074 1.0000000000
15293  6.351  -66.782  23.088 0.8999999762
2284  6.666  -84.815  41.150 0.8999999762
3603  4.443  -81.894  41.141 0.8000000119
19708  18.177  -61.521  10.836 0.2000000030
15316  11.440  -66.430  21.791 1.0000000000
15318  9.670  -66.118  21.839 1.0000000000
16102  7.887  -65.718  21.865 1.0000000000
13730  16.690  -68.368  14.980 0.4000000060
142747  6.171  -65.586  21.504 0.8999999762
2633  5.964  -83.788  42.101 0.8000000119
15314  13.851  -66.417  21.795 0.8999999762
16946  7.705  -65.085  20.566 1.0000000000
16126  8.276  -65.411  21.276 1.0000000000
1920  6.352  -85.735  43.515 0.8999999762
2266  5.690  -83.668  42.906 0.8000000119
2243  6.409  -84.924  44.002 0.8000000119
19684  15.900  -61.718  12.782 0.4000000060
17003  17.055  -65.060  17.520 0.6999999881
16945  8.706  -64.986  20.625 1.0000000000
16125  9.211  -65.503  21.288 1.0000000000
16153  17.119  -65.438  19.694 0.8999999762
16120  14.543  -65.786  21.534 0.8999999762
2618  5.241  -83.060  44.220 0.8999999762
17880  16.714  -63.639  15.333 0.6999999881
148563  15.422  -64.772  20.932 0.8999999762
161638  7.131  -78.271  41.182 0.4000000060
18799  16.644  -62.571  14.282 0.6000000238
17870  17.751  -63.185  16.430 0.6999999881
16981  17.420  -64.618  19.264 0.8999999762
18798  17.332  -62.252  14.728 0.4000000060
19654  18.156  -62.090  15.971 0.4000000060
18780  18.087  -62.524  16.353 0.6000000238
144424  17.610  -63.700  19.037 0.6999999881
17855  18.212  -62.819  17.935 0.6999999881
19644  18.588  -61.398  17.292 0.5000000000
18771  18.397  -62.090  17.639 0.6999999881
17844  17.165  -63.909  19.690 0.8999999762
17825  16.119  -63.818  20.213 0.8999999762
17826  15.234  -63.908  20.445 0.8999999762
18732  12.068  -62.611  20.349 0.8999999762
17831  9.550  -63.502  20.020 0.8999999762
18747  14.010  -62.540  19.407 0.8999999762
17833  7.974  -63.443  19.204 1.0000000000
18763  13.358  -62.037  18.910 0.8999999762
159577  11.218  -61.856  20.314 0.8999999762
17783  5.396  -63.721  23.204 0.5000000000
17770  5.636  -63.387  24.132 0.3000000119
18750  7.034  -62.109  18.469 0.8999999762
20478  10.887  -60.636  20.354 0.8999999762
4818  6.033  -79.138  47.678 0.8999999762
6057  5.317  -77.095  45.993 0.8999999762
6080  5.157  -76.611  44.034 0.5000000000
6713  5.967  -76.295  45.668 0.8000000119
6054  7.841  -77.660  45.580 0.8999999762
7470  5.330  -75.306  43.769 0.6000000238
156075  8.114  -56.456  19.221 1.0000000000
26230  6.625  -54.545  22.458 0.8000000119
26208  6.787  -54.168  23.882 0.6999999881
161598  6.452  -55.507  23.707 0.6000000238
24336  7.069  -56.563  24.159 0.4000000060
23402  6.438  -57.360  23.446 0.5000000000
27036  7.113  -53.169  23.071 0.8000000119
26207  8.232  -54.367  24.342 0.6000000238
26244  8.055  -53.868  21.076 1.0000000000
144018  7.962  -74.294  39.293 0.8000000119
26206  9.160  -54.126  24.589 0.6999999881
160939  7.426  -73.779  38.037 0.6000000238
26205  9.975  -54.329  23.802 0.4000000060
25281  11.160  -55.387  23.909 0.4000000060
27049  7.826  -51.507  22.290 0.6000000238
9088  8.321  -73.472  36.623 0.8000000119
162522  13.906  -66.262  31.427 0.4000000060
16014  15.782  -65.517  30.505 0.6999999881
15216  17.940  -66.935  30.402 0.8000000119
14403  15.407  -67.549  31.508 0.6000000238
16862  18.925  -64.797  26.976 0.8000000119
16057  19.484  -65.221  26.664 0.8999999762
16036  18.480  -65.440  28.325 0.8999999762
16037  17.830  -65.170  28.781 0.8999999762
15251  19.462  -66.403  27.767 0.8000000119
16056  20.128  -65.848  26.376 0.8000000119
16883  19.685  -64.276  25.518 0.8000000119
16897  20.985  -63.980  24.706 0.8000000119
160432  20.174  -63.955  24.984 0.8000000119
153730  22.375  -63.674  24.493 0.8999999762
16065  21.424  -65.724  25.206 0.6999999881
15277  20.907  -66.213  25.794 0.8000000119
17761  23.220  -63.710  24.583 0.8000000119
150944  12.028  -52.221  18.741 1.0000000000
16078  22.175  -65.236  24.788 0.6999999881
16894  23.606  -64.463  24.740 0.3000000119
16893  24.041  -63.753  24.826 0.6999999881
18652  24.048  -62.305  25.083 0.8000000119
17750  24.417  -63.067  25.088 0.4000000060
17751  23.650  -62.995  24.724 0.8000000119
23310  25.396  -57.901  29.488 0.6000000238
24209  24.520  -56.491  31.870 0.3000000119
19522  26.047  -60.852  27.041 0.4000000060
20374  26.123  -60.304  27.671 0.4000000060
20385  25.512  -60.304  26.876 0.6999999881
19534  25.553  -61.133  26.402 0.5000000000
164487  26.214  -59.618  28.819 0.3000000119
21267  25.785  -59.032  28.753 0.5000000000
21287  25.461  -59.584  27.426 0.6000000238
158664  25.697  -58.261  29.984 0.4000000060
23257  24.980  -57.110  31.508 0.2000000030
145014  24.435  -56.410  32.704 0.1000000015
26091  23.407  -54.368  33.917 0.2000000030
27740  22.483  -52.394  35.403 0.2000000030
26959  23.170  -53.942  33.133 0.4000000060
22259  25.890  -58.370  31.516 0.1000000015
26075  23.602  -54.298  35.923 0.1000000015
30428  20.247  -49.770  35.322 0.2000000030
30429  19.507  -49.377  35.377 0.2000000030
26977  24.839  -53.596  30.036 0.6999999881
26976  25.376  -53.407  29.366 1.0000000000
27785  24.909  -52.817  29.920 0.6999999881
26972  23.817  -53.251  31.185 0.6000000238
27778  22.715  -51.836  32.250 0.4000000060
27772  23.074  -52.705  32.132 0.4000000060
162291  21.589  -50.679  33.669 0.2000000030
30446  20.198  -49.452  34.706 0.2000000030
27788  25.804  -52.996  28.814 1.0000000000
29522  23.097  -50.973  31.260 0.5000000000
160878  23.809  -51.095  30.584 0.6000000238
31424  20.164  -48.827  33.180 0.1000000015
30491  22.186  -49.945  31.472 0.1000000015
32539  13.896  -47.765  18.316 0.6999999881
150263  14.868  -49.086  16.503 0.6999999881
31608  15.621  -48.189  15.857 0.6999999881
32573  15.872  -47.448  15.758 0.6999999881
34292  16.234  -45.785  15.980 0.5000000000
30529  24.917  -49.626  28.736 0.6000000238
30528  25.476  -49.367  28.048 0.6999999881
30541  25.808  -49.850  25.849 0.6999999881
159458  25.226  -49.936  25.105 0.6999999881
34268  14.783  -45.339  17.691 0.5000000000
29587  23.316  -50.367  21.395 0.6000000238
30572  22.932  -49.776  20.073 0.4000000060
155234  20.911  -49.395  18.716 0.5000000000
33465  14.976  -45.976  17.192 0.6000000238
35154  16.417  -44.966  18.213 0.5000000000
35156  14.803  -44.629  17.906 0.6000000238
35126  14.958  -44.419  18.146 0.5000000000
35155  14.878  -43.613  17.913 0.5000000000
35169  14.925  -43.879  17.553 0.5000000000
34282  15.151  -45.165  17.018 0.5000000000
35176  16.158  -44.376  16.316 0.4000000060
149947  21.562  -46.379  28.725 0.1000000015
150056  23.585  -48.931  21.154 0.4000000060
140037  23.271  -48.973  20.330 0.2000000030
33411  21.162  -46.938  18.746 0.5000000000
36072  17.241  -43.268  18.197 0.4000000060
36074  15.078  -43.302  18.144 0.5000000000
36999  15.182  -42.518  17.973 0.4000000060
36105  14.984  -42.987  17.545 0.3000000119
150262  15.198  -43.505  17.144 0.3000000119
153070  19.167  -41.958  16.001 0.2000000030
32494  23.683  -47.460  21.061 0.5000000000
139154  20.167  -44.940  18.372 0.4000000060
36096  19.205  -43.669  18.191 0.5000000000
36998  18.025  -42.685  18.229 0.4000000060
37975  15.703  -41.969  18.044 0.3000000119
33383  24.069  -46.164  26.590 0.3000000119
32486  23.592  -47.395  21.903 0.5000000000
33405  22.933  -46.586  19.784 0.5000000000
37973  18.747  -42.092  18.253 0.3000000119
39047  16.391  -40.709  18.018 0.3000000119
39045  18.187  -41.023  18.252 0.3000000119
39046  17.065  -40.726  18.207 0.3000000119
39073  16.611  -39.841  17.487 0.3000000119
149254  16.388  -40.513  16.701 0.2000000030
35984  20.840  -43.460  26.831 0.1000000015
141658  22.672  -45.142  24.024 0.4000000060
33390  23.101  -46.414  23.435 0.4000000060
40129  17.084  -39.279  17.261 0.3000000119
39084  16.620  -39.705  16.956 0.2000000030
36032  21.584  -43.311  24.408 0.2000000030
36071  21.652  -43.446  18.996 0.3000000119
36995  21.160  -42.692  18.734 0.3000000119
41114  17.623  -38.724  17.321 0.3000000119
36942  23.481  -42.831  22.071 0.3000000119
162271  22.829  -41.232  20.259 0.2000000030
152515  5.978  -80.982  35.729 0.2000000030
6457  22.916  -77.241  1.094 0.5000000000
15319  8.724  -65.860  21.900 1.0000000000
11126  9.800  -70.601  9.287 0.8000000119
11144  10.183  -70.573  8.366 0.6999999881
9417  10.508  -72.405  6.690 0.5000000000
8604  11.224  -73.500  6.619 0.3000000119
9416  11.115  -72.485  5.820 0.5000000000
144192  10.216  -74.842  7.708 0.1000000015
8596  10.528  -74.206  7.494 0.4000000060
10245  11.010  -71.441  9.604 0.8000000119
9366  10.289  -72.233  11.377 0.8000000119
9355  10.033  -72.781  12.120 0.4000000060
7752  10.042  -75.196  13.785 0.2000000030
8533  10.498  -74.334  12.758 0.4000000060
6424  10.126  -77.547  5.318 0.2000000030
7105  10.728  -75.994  7.426 0.1000000015
7844  12.587  -75.461  7.124 0.5000000000
141378  12.808  -74.897  6.326 0.5000000000
6397  11.705  -77.532  7.528 0.3000000119
6398  11.232  -76.718  7.418 0.3000000119
7104  11.622  -75.936  7.570 0.3000000119
6408  14.300  -77.644  6.777 0.4000000060
7112  13.587  -76.808  6.582 0.5000000000
7113  12.859  -76.544  7.310 0.4000000060
7128  13.311  -75.737  6.232 0.6000000238
1099  26.103  -88.630  22.935 0.8000000119
9354  10.873  -73.421  11.631 0.6999999881
7768  10.390  -74.949  13.287 0.4000000060
7034  10.314  -76.149  14.097 0.2000000030
7017  11.012  -77.696  14.910 0.3000000119
154315  12.166  -78.290  15.786 0.3000000119
5725  12.447  -78.354  16.526 0.3000000119
5719  10.669  -78.065  18.837 0.3000000119
5711  10.210  -78.361  19.627 0.2000000030
7129  9.933  -77.187  5.501 0.1000000015
6422  14.799  -77.106  6.086 0.5000000000
7127  13.810  -76.159  5.595 0.6000000238
1052  27.827  -88.542  28.622 0.6999999881
1359  27.230  -88.126  27.921 0.6999999881
1063  26.782  -88.564  27.277 0.6999999881
1043  28.390  -88.387  29.342 0.6000000238
769  27.462  -89.300  27.890 0.6999999881
1042  28.393  -89.421  29.099 0.6999999881
156029  28.007  -89.570  28.525 0.6999999881
1109  25.439  -88.054  22.652 0.8000000119
156927  26.353  -88.078  22.657 0.8000000119
8532  11.101  -74.744  11.835 0.6999999881
7767  10.913  -75.468  12.578 0.6000000238
7751  10.731  -76.127  13.351 0.6000000238
6325  11.304  -77.713  18.455 0.4000000060
5121  9.383  -79.033  19.871 0.2000000030
5712  8.942  -78.639  19.463 0.2000000030
5113  8.186  -79.188  20.728 0.2000000030
4512  8.861  -79.678  20.898 0.1000000015
150474  7.907  -80.071  21.538 0.1000000015
1351  27.529  -87.643  28.401 0.6999999881
1323  29.711  -88.369  30.490 0.5000000000
138851  28.988  -88.326  29.952 0.6000000238
1337  28.533  -87.363  29.481 0.6999999881
1338  27.991  -87.598  28.890 0.6999999881
162274  28.033  -90.282  28.127 0.6999999881
1031  29.510  -89.164  30.276 0.6000000238
152988  28.881  -89.284  29.765 0.6000000238
517  29.135  -90.405  29.330 0.6999999881
528  29.294  -91.021  28.504 0.6000000238
529  28.551  -90.979  27.836 0.8000000119
1308  31.551  -88.233  31.341 0.4000000060
140281  29.919  -87.633  30.567 0.4000000060
1309  30.626  -88.418  30.925 0.4000000060
742  30.379  -89.179  30.628 0.6000000238
749  30.067  -89.865  30.236 0.6000000238
516  29.718  -90.959  29.171 0.6000000238
801  27.872  -90.030  24.997 0.8000000119
161413  26.924  -89.538  23.701 0.8000000119
145947  26.641  -88.842  23.323 0.8000000119
1098  26.963  -88.347  23.417 0.6999999881
141568  25.485  -87.456  22.168 0.8000000119
1108  25.972  -88.000  22.328 0.6999999881
1417  26.309  -87.210  22.356 0.6999999881
1403  26.746  -87.496  23.094 0.6999999881
1749  27.184  -86.828  24.775 0.5000000000
1750  26.885  -86.736  23.880 0.5000000000
7024  11.244  -77.768  14.562 0.6000000238
6341  12.126  -77.715  14.873 0.5000000000
6336  12.730  -78.135  16.313 0.3000000119
5111  9.803  -79.187  20.384 0.2000000030
6326  9.832  -77.334  19.123 0.4000000060
145653  12.283  -77.618  17.734 0.5000000000
5721  8.348  -77.852  19.138 0.3000000119
3849  8.389  -80.469  21.919 0.1000000015
6327  8.603  -77.331  18.909 0.3000000119
5123  7.825  -78.750  20.125 0.2000000030
4513  7.604  -79.517  21.254 0.1000000015
5714  7.616  -77.936  19.704 0.3000000119
5713  8.187  -78.195  19.678 0.3000000119
1718  27.053  -87.139  27.873 0.6999999881
1324  29.240  -87.486  30.114 0.4000000060
1709  27.589  -86.922  28.528 0.6999999881
149020  30.972  -86.192  30.830 0.4000000060
1666  30.629  -87.222  30.848 0.4000000060
1683  28.980  -86.605  29.749 0.5000000000
1698  28.350  -86.405  29.257 0.6999999881
778  29.430  -90.973  27.715 0.6000000238
542  29.557  -90.983  28.278 0.6000000238
141301  28.857  -91.295  26.780 0.6999999881
2007  32.523  -86.245  31.977 0.3000000119
1664  32.399  -86.982  31.857 0.3000000119
1665  31.610  -87.163  31.425 0.4000000060
164202  30.881  -90.010  30.061 0.6000000238
758  30.482  -90.368  29.535 0.5000000000
526  30.311  -90.957  29.044 0.6000000238
789  28.604  -90.707  26.138 0.6999999881
1081  28.074  -89.435  25.454 0.6999999881
1072  28.291  -88.530  26.152 0.5000000000
147747  32.351  -87.834  31.616 0.4000000060
1022  31.393  -89.069  30.889 0.3000000119
1050  30.937  -89.221  29.531 0.4000000060
1349  30.634  -87.970  29.127 0.4000000060
777  29.958  -90.400  28.336 0.5000000000
1062  28.778  -88.998  26.859 0.4000000060
1086  27.576  -89.424  24.572 0.6999999881
1393  27.438  -88.504  24.523 0.5000000000
1653  32.867  -86.743  32.319 0.3000000119
1291  32.882  -87.381  32.011 0.4000000060
1306  32.807  -87.917  31.501 0.3000000119
1029  31.920  -88.906  30.815 0.4000000060
1697  32.081  -87.611  29.951 0.3000000119
1348  31.550  -88.349  29.818 0.4000000060
1382  27.773  -88.066  25.494 0.5000000000
1290  33.240  -87.323  31.874 0.3000000119
1335  32.575  -87.864  30.553 0.3000000119
152214  27.395  -87.574  24.933 0.6000000238
1394  27.121  -87.586  24.075 0.6000000238
161546  27.319  -86.245  25.314 0.4000000060
1418  25.935  -87.506  22.122 0.8000000119
147843  26.197  -86.246  22.272 0.6999999881
1758  26.592  -86.588  23.000 0.6000000238
1779  25.796  -86.177  21.791 0.6999999881
2088  26.460  -85.670  23.100 0.6000000238
2082  26.697  -86.006  23.726 0.5000000000
2081  26.930  -85.911  24.613 0.6000000238
6348  12.043  -78.280  13.923 0.8000000119
3833  8.124  -80.936  22.300 0.1000000015
140706  6.860  -80.424  22.069 0.1000000015
5114  7.455  -78.807  21.028 0.2000000030
2067  24.258  -85.674  26.498 0.6999999881
147418  27.803  -86.228  28.753 0.6999999881
1710  27.138  -86.136  28.128 0.6999999881
158016  26.556  -85.734  27.538 0.6999999881
1682  29.665  -86.789  30.313 0.4000000060
2031  28.160  -85.630  29.030 0.6999999881
158338  28.597  -89.656  26.273 0.6000000238
1350  29.887  -87.634  28.417 0.4000000060
142536  29.562  -88.296  27.941 0.4000000060
145480  29.055  -88.118  27.342 0.4000000060
160395  32.654  -88.283  31.063 0.3000000119
1706  31.244  -87.150  29.339 0.3000000119
1716  29.208  -86.443  27.686 0.4000000060
1367  28.507  -87.785  26.694 0.5000000000
1368  28.055  -87.588  26.102 0.5000000000
1696  32.552  -86.985  30.110 0.3000000119
1730  27.613  -86.996  25.617 0.4000000060
2066  27.712  -86.059  25.952 0.4000000060
2065  28.243  -85.728  26.545 0.4000000060
2396  27.389  -84.605  25.588 0.4000000060
143854  27.309  -85.483  25.440 0.4000000060
2412  26.283  -84.669  23.176 0.6000000238
2799  26.538  -84.208  24.196 0.5000000000
2401  26.897  -84.908  24.848 0.4000000060
9400  16.620  -73.461  7.213 0.6999999881
6355  11.852  -78.104  13.454 0.8000000119
6335  12.893  -77.951  15.924 0.6999999881
6331  12.813  -77.275  17.251 0.8000000119
4462  8.940  -80.704  23.560 0.1000000015
6328  7.763  -77.260  18.684 0.4000000060
5100  6.954  -79.233  21.627 0.1000000015
4463  7.786  -80.818  23.607 0.1000000015
5723  7.340  -77.296  19.138 0.5000000000
5125  7.081  -77.708  20.719 0.4000000060
5101  6.218  -79.210  21.854 0.1000000015
4480  6.354  -80.407  22.481 0.1000000015
5115  6.873  -78.429  21.439 0.2000000030
1733  23.289  -85.644  26.791 0.6999999881
161453  23.655  -86.313  26.529 0.6999999881
2387  24.584  -84.911  26.645 0.6999999881
2041  31.139  -86.083  29.006 0.4000000060
1707  30.389  -86.695  28.671 0.4000000060
1708  29.654  -86.774  28.190 0.4000000060
1358  28.763  -87.059  27.219 0.4000000060
1729  28.214  -86.739  26.468 0.4000000060
1695  33.090  -86.460  30.345 0.2000000030
2029  31.874  -86.521  29.492 0.2000000030
2042  30.529  -85.610  28.500 0.4000000060
2043  29.777  -85.984  28.166 0.4000000060
2355  32.336  -85.029  29.352 0.3000000119
137714  31.195  -85.305  28.753 0.4000000060
2053  29.944  -85.081  28.036 0.4000000060
2054  29.255  -85.556  27.592 0.4000000060
164570  28.293  -85.018  26.578 0.4000000060
2385  28.058  -84.305  26.303 0.4000000060
2386  27.798  -85.200  26.110 0.4000000060
2798  26.919  -84.044  25.018 0.4000000060
2785  28.129  -83.287  26.197 0.4000000060
2786  27.472  -83.700  25.626 0.4000000060
148638  26.866  -83.172  24.958 0.4000000060
8579  16.606  -74.935  8.036 0.8000000119
10278  17.135  -72.761  6.893 0.8000000119
152915  17.498  -73.510  7.371 0.6999999881
7005  12.057  -76.581  18.053 0.8000000119
4450  7.108  -80.526  24.402 0.1000000015
6332  7.845  -76.721  18.236 0.6999999881
4465  5.871  -80.175  23.151 0.1000000015
6322  6.901  -77.159  20.105 0.4000000060
5692  6.180  -78.622  21.755 0.2000000030
7001  6.856  -76.493  18.364 0.5000000000
5703  6.634  -77.955  21.375 0.4000000060
5678  5.736  -78.902  22.341 0.2000000030
139989  6.863  -76.975  20.041 0.4000000060
6301  6.430  -77.880  21.459 0.4000000060
1702  12.620  -85.750  29.583 0.8999999762
160481  10.276  -89.340  30.759 0.8999999762
746  9.831  -89.443  31.406 0.8999999762
288  9.084  -91.244  32.352 0.8999999762
2760  31.409  -83.837  28.460 0.4000000060
164112  30.761  -84.047  28.171 0.4000000060
2370  30.196  -84.245  27.910 0.4000000060
2371  29.314  -84.579  27.427 0.4000000060
138147  29.749  -83.678  27.484 0.4000000060
2372  28.630  -84.579  26.872 0.4000000060
2384  28.842  -83.743  26.904 0.4000000060
3237  27.525  -82.772  25.564 0.4000000060
7824  16.147  -75.668  8.675 0.8000000119
147441  18.226  -73.530  7.538 0.6000000238
8578  17.569  -74.838  8.114 0.6000000238
7823  17.203  -75.604  8.569 0.8000000119
137475  13.823  -77.255  11.869 0.8999999762
7042  14.698  -77.247  12.584 0.8999999762
155450  13.912  -77.472  12.827 0.8999999762
6997  11.067  -75.899  18.468 0.8000000119
5053  6.436  -80.112  25.151 0.1000000015
5066  6.100  -80.331  24.225 0.1000000015
5661  5.390  -78.838  23.329 0.1000000015
5067  5.605  -79.549  23.793 0.1000000015
6290  5.716  -77.914  22.883 0.2000000030
149148  5.583  -79.442  22.925 0.1000000015
1302  8.816  -87.603  32.931 0.8999999762
734  8.240  -89.389  33.588 0.8999999762
2035  15.699  -85.329  29.321 0.8999999762
2037  13.769  -85.470  29.527 0.8999999762
2026  13.162  -85.524  30.065 0.8999999762
146274  7.826  -90.321  34.113 0.8999999762
1342  11.775  -86.192  29.767 0.8999999762
1329  11.268  -87.163  29.706 0.8999999762
154069  11.027  -86.540  30.459 0.8999999762
1320  9.940  -87.303  31.427 0.8999999762
1330  10.453  -87.451  30.689 0.8999999762
141108  9.384  -89.791  32.063 0.8999999762
298  7.133  -90.930  32.163 0.8999999762
2768  29.446  -82.992  27.144 0.4000000060
147957  28.762  -82.804  26.608 0.4000000060
3220  29.306  -82.276  26.839 0.4000000060
3782  29.094  -81.585  26.552 0.3000000119
8577  18.469  -74.670  8.237 0.6000000238
9399  18.909  -73.101  7.532 0.5000000000
7808  16.931  -76.248  9.193 0.6000000238
10277  18.533  -72.440  7.137 0.6999999881
7074  16.197  -76.744  10.763 0.6999999881
7055  15.584  -76.885  11.542 0.8000000119
159758  15.310  -77.062  12.315 0.6999999881
7031  14.838  -77.102  13.604 0.8000000119
7022  14.652  -76.858  14.547 0.8000000119
7015  13.888  -76.553  15.738 0.8999999762
7733  13.060  -75.083  16.653 0.8999999762
147675  7.030  -78.627  25.912 0.1000000015
5651  5.316  -78.856  24.327 0.1000000015
6282  5.335  -78.201  23.863 0.1000000015
6315  6.657  -77.148  21.011 0.3000000119
6300  6.236  -77.248  21.987 0.3000000119
6982  6.734  -76.478  20.468 0.4000000060
1645  12.256  -86.345  33.293 0.8000000119
739  15.086  -89.068  32.979 0.8000000119
1018  13.940  -88.020  32.782 0.8000000119
146182  10.895  -85.974  32.977 0.8000000119
1301  9.407  -87.154  32.276 0.8999999762
1287  9.193  -86.784  33.215 0.8000000119
2022  16.433  -85.554  29.910 0.8999999762
274  7.289  -91.082  34.458 0.8999999762
2023  15.581  -85.613  30.149 0.8999999762
2024  14.683  -85.526  30.007 0.8999999762
2025  13.822  -85.560  30.289 0.8999999762
1687  16.078  -85.908  30.650 0.8000000119
1688  15.121  -85.903  30.705 0.8000000119
1691  12.455  -85.601  30.377 0.8999999762
266  6.903  -91.222  35.176 0.8999999762
162518  11.074  -86.015  31.035 0.8999999762
487  5.698  -90.191  34.134 0.8999999762
1027  9.571  -88.236  31.737 0.8999999762
284  6.265  -90.894  33.494 0.8999999762
138625  5.515  -88.927  33.125 0.8999999762
1021  5.467  -88.080  32.888 0.8000000119
1303  5.355  -87.144  32.537 0.8000000119
150237  5.815  -89.369  32.647 0.6999999881
161341  4.970  -84.457  29.196 0.4000000060
2358  5.080  -84.824  29.692 0.5000000000
2353  4.762  -84.754  30.458 0.5000000000
10276  19.832  -72.755  7.641 0.5000000000
9386  18.770  -73.933  7.895 0.5000000000
7807  17.880  -76.197  9.078 0.6000000238
7087  16.640  -76.561  9.967 0.6000000238
7073  17.178  -76.795  10.785 0.6000000238
7054  16.687  -76.814  11.757 0.5000000000
7041  15.995  -76.869  12.481 0.5000000000
7732  13.630  -75.540  16.253 0.8000000119
150412  7.373  -77.845  26.114 0.1000000015
5043  5.940  -79.399  25.583 0.1000000015
6919  7.706  -77.110  26.312 0.1000000015
142626  5.453  -78.803  25.198 0.1000000015
6968  6.512  -76.457  21.407 0.3000000119
1689  14.250  -85.748  30.783 0.8000000119
1690  13.342  -85.581  30.896 0.8999999762
152871  12.546  -85.563  31.169 0.8999999762
740  9.258  -89.049  32.169 0.8999999762
137637  5.693  -89.764  33.358 0.8999999762
144348  5.669  -88.549  32.425 0.6999999881
282  8.125  -91.276  33.323 0.8999999762
495  6.063  -90.338  32.917 0.8999999762
9385  19.702  -73.600  8.117 0.5000000000
8576  19.309  -74.437  8.437 0.5000000000
7822  18.184  -75.486  8.583 0.5000000000
7071  19.145  -76.467  10.374 0.4000000060
7806  18.787  -76.010  9.069 0.5000000000
7072  18.233  -76.740  10.739 0.4000000060
7086  17.564  -76.602  9.870 0.6000000238
152663  17.680  -76.752  11.578 0.4000000060
7040  16.761  -76.535  12.701 0.4000000060
150989  15.535  -76.660  13.685 0.6000000238
7750  15.942  -76.134  13.987 0.6000000238
7021  15.316  -76.453  14.353 0.6000000238
155587  15.053  -76.161  15.048 0.6999999881
7740  15.642  -75.570  14.795 0.6000000238
7735  14.903  -75.469  15.527 0.6999999881
155757  13.625  -74.692  16.182 0.6999999881
8496  14.480  -74.670  15.827 0.6999999881
153375  13.000  -74.262  16.427 0.6999999881
6254  5.250  -77.550  25.617 0.1000000015
5624  5.773  -78.210  26.218 0.1000000015
6899  7.019  -76.810  27.016 0.1000000015
6958  5.815  -76.774  22.936 0.2000000030
138173  5.465  -77.316  23.866 0.1000000015
7697  6.418  -75.644  21.692 0.4000000060
7706  6.846  -75.733  20.136 0.4000000060
1646  11.441  -86.208  33.495 0.8000000119
729  16.715  -89.361  33.927 0.6999999881
735  5.474  -89.310  33.887 0.8999999762
1011  5.407  -88.443  33.717 0.8999999762
1677  11.270  -85.796  31.637 0.8999999762
493  8.498  -90.742  33.099 0.8999999762
8575  19.968  -74.196  8.700 0.5000000000
149360  20.274  -75.214  9.825 0.4000000060
7805  19.552  -75.673  9.328 0.4000000060
8552  20.724  -74.272  10.173 0.3000000119
7084  19.217  -76.221  9.648 0.4000000060
157120  20.615  -75.083  10.780 0.3000000119
149864  19.060  -76.547  11.261 0.4000000060
7053  18.415  -76.658  11.602 0.4000000060
7038  18.936  -76.495  12.097 0.4000000060
7039  18.140  -76.536  12.219 0.4000000060
7749  16.751  -76.016  13.345 0.6000000238
7739  16.378  -75.421  13.991 0.6000000238
9309  14.767  -73.700  15.607 0.6000000238
8495  15.371  -74.599  15.391 0.6000000238
162492  13.984  -74.067  15.897 0.6999999881
6935  5.266  -76.963  24.884 0.1000000015
6900  6.137  -76.963  27.128 0.1000000015
6898  7.973  -76.400  26.582 0.1000000015
162669  13.903  -73.422  15.793 0.6000000238
9310  13.376  -73.791  16.115 0.6999999881
161423  5.918  -75.906  22.954 0.3000000119
7681  5.552  -76.158  23.855 0.1000000015
10169  11.913  -72.798  16.572 0.6000000238
9302  12.618  -73.469  16.404 0.6000000238
8447  6.292  -74.900  21.918 0.5000000000
1017  14.759  -88.288  32.608 0.8000000119
1010  8.379  -88.152  33.522 0.8999999762
723  7.781  -89.495  34.546 0.8999999762
1656  13.601  -86.804  32.576 0.8000000119
477  7.424  -90.675  35.043 0.8999999762
1006  16.059  -89.076  33.303 0.6000000238
1016  15.714  -88.353  32.675 0.6999999881
1658  11.640  -85.845  32.617 0.8000000119
478  5.866  -90.565  35.048 0.8999999762
486  8.223  -90.593  33.434 0.8999999762
741  8.808  -89.901  32.691 0.8999999762
153  7.423  -91.135  33.852 0.8999999762
1300  10.052  -86.524  31.958 0.8999999762
7793  19.780  -76.233  10.880 0.4000000060
7780  20.292  -75.745  11.334 0.4000000060
7781  19.685  -76.235  11.767 0.4000000060
7766  17.674  -76.203  12.804 0.4000000060
7765  18.648  -76.175  12.712 0.4000000060
156568  17.562  -75.742  13.235 0.5000000000
136560  17.088  -75.291  13.479 0.6000000238
8502  16.173  -74.590  14.517 0.6000000238
6901  5.594  -76.955  26.839 0.1000000015
7638  7.367  -76.222  27.253 0.1000000015
9320  15.694  -73.675  14.919 0.6000000238
10180  13.270  -72.858  15.869 0.6000000238
10181  12.484  -72.648  16.123 0.6000000238
1288  8.645  -87.267  33.699 0.8000000119
465  6.989  -91.055  35.703 0.8999999762
1659  10.706  -85.959  32.218 0.8000000119
1020  8.706  -88.657  32.831 0.8999999762
1674  14.668  -86.245  31.276 0.8000000119
1676  12.155  -85.649  31.808 0.8000000119
8531  20.704  -75.006  12.727 0.3000000119
7764  19.489  -76.049  12.571 0.4000000060
7746  20.047  -75.503  13.095 0.3000000119
7747  19.186  -75.717  13.251 0.3000000119
7669  5.560  -75.205  24.229 0.3000000119
152566  5.235  -75.963  24.981 0.2000000030
6887  5.793  -76.267  27.421 0.1000000015
7623  7.134  -75.677  27.779 0.1000000015
8382  6.763  -74.854  28.420 0.1000000015
10179  14.332  -72.691  15.445 0.6000000238
7656  4.968  -75.712  25.979 0.1000000015
7625  5.254  -75.471  27.721 0.1000000015
7624  6.042  -75.725  28.139 0.1000000015
7639  5.007  -75.394  26.741 0.1000000015
724  7.489  -89.653  35.564 0.8999999762
713  5.518  -89.725  35.433 0.8999999762
1296  16.322  -87.617  32.302 0.6999999881
1319  14.165  -86.529  31.845 0.8000000119
1657  12.681  -86.064  32.603 0.8000000119
1318  14.989  -86.993  31.668 0.8000000119
9331  21.126  -74.308  13.220 0.4000000060
8512  20.475  -74.816  13.601 0.4000000060
8514  18.723  -75.260  13.760 0.4000000060
151056  17.829  -75.218  13.498 0.4000000060
9333  16.895  -73.693  13.506 0.5000000000
8515  17.267  -74.539  13.606 0.5000000000
9334  16.387  -73.512  13.797 0.6000000238
8516  16.772  -74.539  13.720 0.6000000238
9321  15.172  -72.988  15.120 0.6000000238
8416  4.930  -74.814  25.965 0.2000000030
139059  12.705  -72.045  15.711 0.6000000238
11068  13.613  -71.970  15.430 0.6000000238
8415  5.508  -74.141  25.236 0.3000000119
10182  11.946  -72.081  16.048 0.6000000238
467  6.081  -90.787  35.948 0.8999999762
8513  19.670  -75.149  13.824 0.4000000060
8501  18.065  -74.575  13.898 0.5000000000
11067  14.388  -71.888  15.056 0.5000000000
8399  4.854  -74.652  26.901 0.1000000015
9219  5.088  -73.923  26.021 0.2000000030
457  6.459  -90.765  36.518 0.8999999762
155248  7.223  -89.693  36.431 0.8000000119
712  7.115  -90.593  36.149 0.8999999762
703  5.587  -89.639  37.011 0.8999999762
139817  5.055  -88.463  37.395 0.8999999762
10193  15.669  -72.851  14.088 0.6000000238
9205  4.817  -73.748  27.028 0.1000000015
8384  4.932  -74.465  27.965 0.1000000015
977  7.203  -88.691  37.022 0.8000000119
986  7.504  -88.469  35.981 0.8000000119
688  6.643  -89.543  37.644 0.8000000119
445  6.338  -90.491  36.943 0.8000000119
690  6.175  -90.164  37.549 0.8000000119
9188  4.983  -73.534  27.950 0.1000000015
9218  5.748  -73.305  25.364 0.4000000060
9204  5.214  -73.145  26.221 0.3000000119
1622  8.914  -86.616  36.274 0.8000000119
965  7.076  -88.241  37.922 0.8000000119
1270  8.365  -86.894  36.021 0.8000000119
679  6.031  -89.677  38.353 0.8000000119
966  6.353  -89.316  38.318 0.8000000119
967  5.472  -89.144  38.508 0.8000000119
968  4.748  -87.733  38.236 0.8000000119
145229  5.745  -89.708  37.956 0.8000000119
1608  4.496  -86.840  38.597 0.8000000119
10084  5.898  -72.663  25.619 0.3000000119
141520  4.891  -72.936  27.205 0.2000000030
1253  7.806  -87.248  38.011 0.8000000119
1252  8.402  -86.871  37.092 0.8000000119
1621  9.073  -86.627  36.930 0.8000000119
955  6.154  -89.021  39.126 0.8000000119
1244  4.671  -87.619  39.063 0.8000000119
10083  6.978  -72.163  25.193 0.6000000238
10069  6.023  -72.185  25.791 0.4000000060
10070  5.259  -72.386  26.510 0.2000000030
1243  8.173  -87.308  38.872 0.6999999881
1606  9.079  -86.754  37.669 0.8000000119
1250  10.093  -87.607  37.224 0.6999999881
1235  6.729  -88.252  39.647 0.8000000119
137656  7.131  -87.917  38.863 0.8000000119
956  5.835  -89.156  39.238 0.8000000119
150472  4.443  -86.881  39.210 0.8000000119
1607  4.794  -86.561  38.968 0.6999999881
10082  8.249  -72.271  25.045 0.6000000238
10945  5.171  -71.581  27.597 0.1000000015
1242  9.037  -87.236  38.524 0.6999999881
963  10.125  -88.856  37.559 0.6999999881
1234  7.621  -87.663  39.684 0.6999999881
948  5.242  -88.535  39.608 0.8000000119
10961  6.591  -71.771  25.695 0.4000000060
10962  5.516  -71.741  26.350 0.2000000030
1251  9.694  -87.727  37.970 0.6999999881
701  10.310  -89.783  36.933 0.6999999881
947  5.657  -88.727  40.078 0.8000000119
1599  4.686  -86.704  39.696 0.8000000119
10975  8.775  -71.874  25.224 0.6999999881
10976  7.832  -71.840  25.431 0.6000000238
11844  4.987  -70.992  26.971 0.1000000015
1233  8.286  -87.564  39.719 0.6999999881
944  9.294  -88.910  39.754 0.6999999881
148929  10.210  -91.403  37.272 0.6999999881
938  6.195  -88.657  40.528 0.6999999881
1226  7.951  -87.803  40.507 0.6999999881
945  8.659  -88.087  40.151 0.6999999881
1236  4.660  -87.423  39.810 0.8000000119
940  5.097  -88.258  40.177 0.6999999881
11843  5.757  -71.052  26.132 0.3000000119
143386  6.414  -88.565  41.304 0.6999999881
935  9.082  -89.436  40.518 0.6999999881
678  9.614  -90.495  39.182 0.6999999881
1219  4.635  -87.264  41.168 0.6999999881
939  5.334  -88.375  40.901 0.6999999881
1938  5.613  -86.244  41.251 0.8000000119
1589  4.565  -86.918  40.477 0.6999999881
936  8.432  -88.524  40.995 0.6999999881
670  9.474  -90.466  39.920 0.6999999881
435  9.966  -91.410  38.975 0.6999999881
1570  4.614  -87.000  41.970 0.6999999881
139671  9.045  -78.768  38.481 0.3000000119
12698  5.439  -69.371  27.336 0.2000000030
160095  8.365  -88.946  41.783 0.6999999881
666  8.943  -90.021  41.251 0.6999999881
428  10.008  -91.270  39.663 0.6999999881
928  5.731  -88.545  41.831 0.6999999881
937  7.758  -88.355  41.476 0.6999999881
661  8.790  -90.268  42.265 0.6999999881
929  4.921  -87.708  41.825 0.6999999881
919  5.320  -88.165  42.424 0.6999999881
6115  8.560  -77.877  38.248 0.3000000119
5520  8.431  -78.201  39.097 0.3000000119
6116  7.685  -77.358  38.546 0.3000000119
163059  5.072  -69.555  26.146 0.3000000119
427  10.258  -91.336  39.180 0.6999999881
423  9.375  -90.746  41.415 0.6999999881
159460  10.241  -90.992  40.167 0.6999999881
912  7.169  -89.083  42.933 0.6999999881
140760  4.859  -87.264  42.707 0.6999999881
150233  5.597  -88.248  43.271 0.6999999881
157115  6.569  -89.060  43.374 0.6999999881
1580  5.282  -86.566  42.072 0.6999999881
1562  5.107  -86.942  43.261 0.6999999881
676  11.126  -90.743  39.047 0.6999999881
416  9.177  -90.784  42.307 0.6999999881
163398  7.038  -89.447  44.055 0.6999999881
645  8.217  -90.427  43.933 0.6999999881
407  9.437  -90.703  42.334 0.6999999881
1206  5.313  -87.329  43.676 0.6999999881
905  5.737  -88.129  44.089 0.6999999881
156630  8.635  -90.538  43.932 0.6999999881
1569  5.682  -86.530  42.955 0.6999999881
1561  5.812  -86.579  43.702 0.6999999881
904  6.266  -88.660  44.777 0.6999999881
634  7.458  -89.566  45.548 0.6999999881
1551  5.717  -86.789  44.299 0.6999999881
1201  5.750  -87.640  44.740 0.6999999881
1200  6.334  -88.415  45.567 0.6999999881
13614  6.228  -69.035  25.226 0.6000000238
12733  5.542  -68.817  25.549 0.4000000060
633  7.992  -89.912  45.602 0.6999999881
899  6.972  -88.979  46.030 0.6999999881
1197  5.973  -87.574  45.757 0.6999999881
13625  5.754  -68.406  24.965 0.5000000000
158173  8.242  -89.870  45.469 0.6999999881
897  7.888  -89.223  46.006 0.6999999881
14484  5.117  -67.602  25.631 0.4000000060
1189  6.638  -87.516  47.053 0.6999999881
137746  5.686  -86.368  47.093 0.6999999881
1878  5.452  -85.266  47.544 0.6999999881
14496  6.052  -67.222  23.696 0.6000000238
14497  5.231  -66.234  24.122 0.3000000119
145721  5.262  -67.754  24.920 0.5000000000
160573  4.948  -67.149  25.068 0.3000000119
2570  6.523  -83.982  48.513 0.6000000238
2581  5.316  -83.514  47.884 0.6000000238
2208  5.446  -84.405  48.121 0.6999999881
20434  6.498  -60.564  23.451 0.4000000060
2572  5.612  -83.674  48.389 0.6000000238
145131  5.781  -83.060  48.505 0.6999999881
8255  4.792  -73.675  41.468 0.2000000030
21359  6.702  -59.844  23.100 0.4000000060
2980  6.611  -82.378  48.289 0.6999999881
9880  5.173  -72.168  40.726 0.3000000119
9030  5.056  -72.570  41.019 0.3000000119
164125  6.279  -70.917  39.129 0.2000000030
10787  5.365  -71.361  39.812 0.1000000015
14392  16.705  -68.142  31.778 0.6000000238
13518  16.354  -68.680  32.213 0.4000000060
9912  6.428  -71.556  39.138 0.4000000060
10786  5.934  -71.342  39.644 0.3000000119
9028  6.039  -73.346  40.920 0.6000000238
150386  17.997  -67.674  30.705 0.6000000238
14401  17.615  -67.894  31.236 0.6000000238
153115  15.870  -68.651  32.442 0.6000000238
24353  7.923  -56.346  24.305 0.3000000119
5445  6.720  -78.319  47.165 0.8000000119
8222  8.808  -74.308  42.618 0.8000000119
7482  9.067  -74.693  43.125 0.6999999881
8252  8.802  -73.890  41.741 0.6999999881
8253  7.382  -74.481  41.081 0.6999999881
136360  6.227  -74.271  41.899 0.6000000238
9017  5.467  -73.461  41.603 0.6000000238
13528  17.906  -68.230  30.908 0.5000000000
14391  17.218  -68.166  31.555 0.5000000000
12622  15.944  -69.164  32.731 0.5000000000
9044  6.555  -73.483  39.810 0.6000000238
141955  17.085  -67.599  31.431 0.6999999881
13519  15.351  -68.932  32.746 0.6000000238
14410  17.481  -67.231  30.950 0.6999999881
14393  16.048  -68.169  31.929 0.6999999881
13508  15.377  -69.462  33.288 0.6000000238
14422  18.873  -67.360  29.261 0.6000000238
13529  17.500  -68.475  31.280 0.4000000060
13517  16.942  -68.726  31.811 0.4000000060
12621  16.485  -69.111  32.309 0.4000000060
14423  18.423  -67.517  30.019 0.6000000238
12601  13.466  -70.027  34.255 0.8000000119
14436  19.362  -67.074  28.463 0.6000000238
11739  12.587  -70.240  33.860 0.6000000238
12636  18.392  -68.983  29.745 0.4000000060
12610  15.699  -69.667  33.052 0.5000000000
12611  14.926  -69.751  33.873 0.5000000000
158009  19.389  -68.788  28.762 0.3000000119
140106  19.393  -67.972  28.736 0.6000000238
12600  14.342  -69.954  34.379 0.6000000238
10846  10.852  -71.500  34.246 0.6999999881
14445  20.593  -67.825  27.335 0.5000000000
14464  20.940  -67.411  26.632 0.6000000238
14446  19.941  -67.134  27.629 0.6000000238
15261  21.261  -66.964  25.999 0.6000000238
15250  19.991  -66.505  27.081 0.6999999881
24430  12.204  -56.743  15.611 0.5000000000
12628  16.731  -69.351  31.862 0.4000000060
11747  16.174  -69.641  32.485 0.4000000060
141763  15.378  -69.984  33.580 0.5000000000
11725  13.169  -70.421  35.028 0.6000000238
11715  12.560  -70.841  35.352 0.6999999881
156027  11.715  -71.065  34.403 0.6999999881
10847  10.903  -71.782  35.175 0.8000000119
19562  21.845  -61.453  24.558 0.6000000238
16872  19.265  -64.565  26.243 0.6999999881
25360  12.159  -55.805  15.818 0.5000000000
25350  12.094  -55.144  16.472 0.5000000000
19544  24.475  -61.652  25.484 0.6999999881
156951  23.330  -60.771  25.294 0.6999999881
17762  21.974  -62.977  24.458 0.8000000119
22338  23.843  -58.618  26.425 0.8000000119
20387  24.170  -59.907  26.124 0.8000000119
21307  24.797  -59.617  26.734 0.8000000119
24429  13.464  -56.183  15.506 0.5000000000
137249  13.020  -55.254  15.600 0.5000000000
22318  25.342  -58.816  27.969 0.6000000238
23292  25.157  -57.200  29.810 0.5000000000
144033  24.307  -56.016  31.417 0.5000000000
22306  24.975  -57.485  27.644 0.8000000119
22319  24.791  -58.320  27.433 0.8000000119
149156  25.096  -58.040  28.106 0.8000000119
26150  24.889  -54.437  29.942 0.8000000119
155965  24.840  -55.347  29.948 0.6999999881
161014  25.211  -55.009  29.354 0.8999999762
161045  24.847  -56.046  29.873 0.8000000119
24265  25.491  -55.885  27.959 0.8999999762
24266  25.251  -56.677  28.408 0.8000000119
24247  25.069  -56.624  29.393 0.8000000119
23311  25.210  -57.442  28.799 0.8000000119
26180  24.539  -54.428  25.535 0.6999999881
147169  12.476  -52.676  17.889 0.6999999881
27884  11.579  -52.229  19.568 0.8999999762
27114  13.108  -53.567  16.567 0.6000000238
28527  21.242  -51.378  36.638 0.1000000015
29451  19.752  -50.351  36.478 0.1000000015
26168  25.877  -54.701  27.144 0.8999999762
26149  25.448  -54.301  29.095 0.8999999762
26998  24.127  -53.720  25.208 0.6000000238
26997  24.886  -53.751  25.548 0.8000000119
28653  11.287  -50.848  22.991 0.5000000000
152177  10.285  -50.497  21.742 0.8000000119
27885  11.261  -51.390  20.033 0.8999999762
28698  11.271  -50.689  20.315 0.8999999762
27925  12.848  -52.963  17.246 0.6999999881
151812  12.244  -51.777  18.224 0.6999999881
27894  11.711  -51.363  18.892 0.6999999881
158069  11.567  -51.639  19.350 0.8999999762
27924  13.379  -52.662  16.797 0.6999999881
27903  12.767  -52.220  17.481 0.6999999881
27923  14.237  -52.232  16.197 0.6000000238
30430  18.484  -49.395  35.727 0.1000000015
26996  25.637  -53.335  25.918 0.8000000119
27808  24.749  -52.932  25.301 0.6999999881
27807  25.595  -52.378  25.685 0.8000000119
28668  10.805  -50.540  22.216 0.6000000238
28667  11.761  -51.002  21.917 0.6000000238
28682  11.009  -50.632  21.145 0.6000000238
29611  11.560  -50.393  19.714 0.8999999762
28722  11.970  -50.748  18.503 0.6999999881
28710  11.426  -51.017  19.572 0.8000000119
28745  14.061  -51.371  16.614 0.6999999881
28746  13.395  -51.785  17.001 0.6999999881
149695  24.952  -52.096  25.204 0.8000000119
27821  23.247  -52.208  24.282 0.8000000119
27820  24.229  -52.201  24.762 0.8000000119
28617  25.507  -51.434  25.497 0.6000000238
29569  22.139  -50.545  23.028 0.5000000000
28651  22.266  -51.724  22.588 0.5000000000
29588  11.420  -50.598  21.150 0.6999999881
28664  23.030  -51.034  21.937 0.4000000060
29598  11.825  -50.279  20.246 0.8000000119
29599  11.564  -50.440  20.348 0.8999999762
30587  14.201  -49.747  19.315 0.3000000119
29563  24.341  -50.583  24.532 0.6000000238
29568  22.426  -50.088  23.189 0.6000000238
29564  23.382  -50.063  23.853 0.6999999881
29579  22.149  -50.702  22.902 0.5000000000
28665  22.927  -51.854  21.240 0.5000000000
29597  12.535  -50.378  20.090 0.5000000000
29596  13.410  -50.185  19.619 0.4000000060
30575  12.074  -49.640  19.628 0.6999999881
30573  13.265  -49.264  19.351 0.5000000000
30574  12.636  -49.642  19.578 0.5000000000
153602  11.802  -49.802  19.614 0.8000000119
31568  13.233  -48.573  18.998 0.6000000238
30588  12.459  -48.906  19.071 0.6000000238
31566  15.655  -48.056  18.648 0.5000000000
30546  24.356  -49.599  24.464 0.5000000000
161951  22.705  -49.427  22.675 0.4000000060
31567  14.103  -47.926  18.831 0.4000000060
139186  14.873  -47.508  18.648 0.4000000060
137681  15.825  -48.737  15.715 0.6000000238
32521  17.137  -47.258  18.370 0.4000000060
32514  14.461  -47.078  18.419 0.5000000000
33426  16.579  -46.455  18.332 0.5000000000
32513  15.113  -46.809  18.530 0.4000000060
36026  20.773  -42.912  25.573 0.1000000015
147792  18.769  -42.967  18.191 0.2000000030
36939  21.815  -42.280  23.678 0.1000000015
37990  19.758  -41.972  18.274 0.2000000030
37972  19.144  -41.301  18.219 0.2000000030
149711  22.777  -42.901  23.185 0.1000000015
36943  23.107  -42.416  22.680 0.1000000015
36938  22.503  -42.271  23.259 0.1000000015
36977  21.890  -42.649  19.240 0.2000000030
37971  22.040  -41.441  19.414 0.1000000015
37988  21.431  -41.206  18.892 0.2000000030
37989  20.719  -41.799  18.553 0.2000000030
147178  18.857  -40.317  18.059 0.2000000030
37938  23.446  -41.866  21.897 0.1000000015
37939  22.837  -41.509  22.760 0.1000000015
39019  23.356  -41.196  21.266 0.1000000015
39034  23.029  -40.739  20.627 0.1000000015
151288  20.833  -40.965  18.478 0.1000000015
39062  20.001  -41.002  18.191 0.1000000015
37946  23.185  -40.942  22.036 0.1000000015
39044  22.019  -40.660  19.392 0.1000000015
39060  21.349  -40.325  18.730 0.1000000015
39061  20.569  -40.414  18.285 0.1000000015
41103  19.747  -39.139  17.719 0.1000000015
40121  18.055  -39.355  17.896 0.2000000030
41112  20.045  -38.281  17.509 0.1000000015
41104  18.776  -38.319  17.386 0.1000000015
41113  18.059  -38.135  17.223 0.1000000015
145189  18.289  -37.705  16.243 0.1000000015
39020  23.114  -40.415  21.392 0.1000000015
150854  22.074  -39.779  19.405 0.1000000015
40098  22.886  -39.844  20.822 0.1000000015
157977  21.544  -39.522  18.773 0.1000000015
40120  20.749  -39.634  18.205 0.1000000015
40119  21.367  -38.884  18.416 0.1000000015
41102  20.648  -38.853  17.886 0.1000000015
41101  21.099  -38.086  17.916 0.1000000015
42105  20.348  -37.459  17.425 0.1000000015
39043  22.576  -40.169  20.106 0.1000000015
494  6.593  -90.506  32.407 0.8000000119
164  7.437  -91.396  33.226 0.8999999762
501  9.868  -90.324  31.487 0.8999999762
163  8.143  -91.272  33.009 0.8999999762
2057  25.229  -85.369  26.677 0.6999999881
154230  27.710  -90.484  27.446 0.6999999881
322  28.395  -91.324  26.671 0.8000000119
6406  16.357  -77.985  6.780 0.4000000060
8594  12.097  -74.429  6.763 0.5000000000
7075  15.288  -76.550  10.537 0.8000000119
9018  5.060  -73.286  41.526 0.4000000060
8241  5.846  -74.526  42.697 0.6000000238
25271  7.442  -55.600  24.325 0.4000000060
7483  7.399  -74.928  42.857 0.6000000238
25283  9.209  -54.690  25.050 0.5000000000
9879  5.679  -72.456  40.610 0.5000000000
8254  6.542  -74.211  41.146 0.6999999881
143875  22.821  -62.952  24.514 0.8000000119
26278  12.517  -54.369  16.583 0.6999999881
25193  24.525  -55.836  30.665 0.5000000000
30594  11.960  -49.233  19.115 0.8000000119
29618  11.688  -49.959  19.117 0.8000000119
28721  12.651  -51.318  17.736 0.6999999881
26986  26.197  -53.742  27.484 0.8999999762
26992  26.232  -53.196  26.699 0.8000000119
33427  15.573  -46.292  18.451 0.4000000060
29578  22.949  -50.203  22.289 0.5000000000
30547  23.610  -49.230  23.943 0.6000000238
42117  18.359  -37.406  16.443 0.1000000015
159632  22.115  -42.053  19.451 0.2000000030
8428  5.289  -75.015  25.091 0.2000000030
17763  21.141  -63.114  24.462 0.6000000238
159737  22.070  -66.032  25.015 0.6999999881
18666  23.233  -62.202  24.731 0.8000000119
19535  24.883  -61.148  25.858 0.6000000238
22305  25.399  -58.282  28.740 0.6000000238
20386  24.863  -60.464  26.228 0.6999999881
41105  17.898  -38.731  17.557 0.1000000015
36931  21.294  -42.627  24.095 0.1000000015
141527  21.554  -41.973  19.040 0.2000000030
7835  11.024  -75.127  7.556 0.3000000119
6409  13.369  -77.549  7.196 0.3000000119
7025  10.478  -76.830  14.508 0.3000000119
5720  9.328  -77.937  19.235 0.4000000060
527  29.950  -91.074  28.839 0.6999999881
2013  30.145  -86.132  30.438 0.4000000060
2030  28.739  -85.795  29.486 0.5000000000
1061  29.484  -89.586  27.632 0.6000000238
1040  31.516  -89.171  30.313 0.4000000060
767  30.436  -90.328  29.101 0.5000000000
139470  29.094  -90.551  26.822 0.6000000238
1051  30.170  -89.089  28.570 0.4000000060
1663  33.646  -86.950  31.669 0.3000000119
1334  33.090  -87.519  30.824 0.3000000119
2402  26.619  -85.212  23.967 0.5000000000
2044  27.562  -85.435  28.534 0.6999999881
1717  28.701  -86.111  27.110 0.4000000060
2028  32.468  -85.974  29.665 0.2000000030
2055  28.709  -85.256  27.052 0.4000000060
2362  30.807  -84.677  28.384 0.4000000060
2361  31.649  -84.739  28.830 0.4000000060
3236  28.161  -82.380  26.069 0.4000000060
137038  15.453  -77.016  13.040 0.8000000119
7736  14.119  -75.502  15.908 0.6999999881
6253  6.333  -78.166  26.374 0.1000000015
6230  6.713  -77.443  26.660 0.1000000015
6232  5.500  -77.581  26.256 0.1000000015
6920  5.274  -76.736  25.998 0.1000000015
6886  6.454  -76.298  27.513 0.1000000015
7763  20.233  -75.684  12.250 0.3000000119
1262  7.780  -87.476  36.473 0.8000000119
1227  7.000  -88.117  40.287 0.8000000119
1232  8.907  -87.728  39.361 0.6999999881
964  9.814  -89.645  38.392 0.6999999881
677  9.873  -91.106  38.529 0.6999999881
665  9.556  -90.805  40.571 0.6999999881
926  7.980  -88.916  42.384 0.6999999881
646  7.715  -90.125  44.440 0.6999999881
2199  6.512  -84.905  48.444 0.6000000238
9029  5.250  -72.720  41.158 0.5000000000
13553  18.264  -68.255  30.292 0.5000000000
12637  17.844  -68.852  30.608 0.4000000060
14435  19.945  -67.852  28.046 0.6000000238
13572  19.986  -68.640  28.260 0.3000000119
138504  20.406  -67.107  27.051 0.6000000238
19561  22.752  -61.292  24.827 0.6999999881
144694  21.466  -62.277  24.433 0.6999999881
146813  20.475  -62.382  24.437 0.5000000000
19545  23.666  -61.497  25.161 0.8000000119
20401  24.149  -60.767  25.633 0.8000000119
18667  22.363  -62.189  24.531 0.6999999881
23346  24.335  -57.904  26.779 0.8000000119
22337  24.421  -58.788  26.883 0.8000000119
157255  24.142  -59.259  26.476 0.8000000119
21288  24.923  -59.024  27.292 0.8000000119
24234  24.863  -56.544  30.254 0.6000000238
25217  25.503  -55.122  28.570 0.8999999762
25218  25.200  -55.826  29.092 0.8000000119
25251  23.332  -55.120  25.293 0.6000000238
146807  25.842  -54.480  28.098 0.8999999762
25233  25.687  -55.189  27.717 0.8999999762
26181  23.698  -54.477  25.243 0.6000000238
27809  23.765  -52.965  24.807 0.6000000238
28709  11.567  -50.671  19.149 0.8000000119
28628  23.706  -51.396  24.332 0.6999999881
28618  24.671  -51.443  24.872 0.6999999881
28639  21.924  -51.344  23.141 0.6000000238
162049  23.537  -50.745  24.117 0.6999999881
28629  22.715  -50.932  23.618 0.6000000238
160832  12.035  -49.216  19.282 0.5000000000
31553  12.445  -49.074  19.268 0.6000000238
32522  15.935  -47.207  18.493 0.4000000060
36033  20.927  -42.861  24.732 0.1000000015
139425  19.886  -40.061  17.957 0.2000000030
142304  19.064  -39.584  17.831 0.1000000015
152148  18.621  -38.990  17.659 0.1000000015
42107  18.416  -37.671  17.118 0.1000000015
153146  22.056  -38.903  19.233 0.1000000015
727  22.491  -89.926  33.955 0.5000000000
1001  21.779  -89.033  33.449 0.5000000000
1014  20.777  -88.162  32.299 0.5000000000
1293  20.052  -87.501  32.462 0.6999999881
145793  21.095  -88.295  33.150 0.5000000000
751  22.780  -89.532  30.530 0.6000000238
2651  18.641  -83.788  41.053 0.3000000119
2288  19.239  -84.194  39.925 0.3000000119
1953  19.978  -85.259  39.269 0.2000000030
2287  19.791  -84.283  39.240 0.2000000030
1964  20.362  -85.045  38.708 0.4000000060
144023  21.488  -85.910  37.226 0.4000000060
979  24.728  -89.406  35.951 0.5000000000
1264  24.053  -88.796  36.407 0.5000000000
1255  23.368  -88.281  36.784 0.5000000000
1614  22.462  -87.321  36.805 0.5000000000
459  25.141  -90.682  35.713 0.6000000238
715  24.188  -90.916  35.317 0.5000000000
970  24.821  -89.882  36.874 0.5000000000
958  24.207  -89.363  37.358 0.5000000000
460  24.848  -90.659  36.053 0.5000000000
691  24.874  -90.341  36.807 0.5000000000
705  24.033  -90.428  36.278 0.5000000000
692  24.325  -90.396  37.175 0.5000000000
716  23.106  -90.141  35.015 0.5000000000
980  22.514  -89.479  35.557 0.6000000238
1002  20.447  -87.984  33.692 0.6999999881
162111  23.251  -89.398  31.108 0.6000000238
1000  22.085  -89.180  34.434 0.5000000000
138689  21.258  -88.428  34.032 0.6000000238
2505  19.185  -83.189  16.486 0.3000000119
3353  19.106  -80.234  15.263 0.2000000030
3370  17.586  -80.792  12.719 0.1000000015
3933  15.606  -80.512  12.336 0.1000000015
3941  15.064  -80.576  10.915 0.1000000015
3910  16.436  -80.352  14.097 0.1000000015
2642  18.447  -83.629  41.758 0.2000000030
2663  19.570  -83.382  39.783 0.2000000030
2662  20.079  -83.281  39.057 0.2000000030
157465  20.206  -84.101  38.676 0.3000000119
2295  20.573  -84.364  38.208 0.4000000060
1963  21.022  -85.991  38.528 0.5000000000
1594  20.494  -85.996  39.204 0.4000000060
2676  20.480  -83.542  38.356 0.3000000119
137036  21.556  -86.436  37.906 0.5000000000
158914  21.641  -85.841  35.920 0.5000000000
1978  21.485  -85.447  36.503 0.4000000060
143358  22.045  -86.581  35.833 0.5000000000
1265  22.952  -87.599  35.765 0.5000000000
1033  22.669  -88.092  30.260 0.6000000238
148614  23.613  -87.693  33.038 0.6000000238
988  25.170  -89.808  35.443 0.5000000000
1671  17.528  -86.391  31.234 0.6999999881
1314  18.780  -86.885  31.950 0.6999999881
1310  23.316  -87.520  31.716 0.6000000238
737  24.096  -89.277  32.182 0.6000000238
1294  19.235  -87.267  32.564 0.6999999881
1325  23.061  -87.893  31.066 0.6000000238
160077  22.569  -88.778  30.088 0.6000000238
2894  19.822  -81.980  16.391 0.4000000060
2903  19.841  -80.730  16.322 0.3000000119
3352  20.150  -79.933  15.390 0.4000000060
3364  19.255  -79.974  14.087 0.3000000119
138093  16.847  -81.477  10.871 0.1000000015
3943  13.169  -80.289  11.153 0.1000000015
140032  14.193  -80.302  13.123 0.1000000015
3377  16.705  -81.151  11.459 0.1000000015
3378  15.852  -80.811  11.463 0.1000000015
3958  12.690  -80.715  9.553 0.1000000015
3959  11.785  -80.923  9.312 0.1000000015
2650  19.114  -83.457  40.580 0.2000000030
2628  19.086  -82.973  41.989 0.2000000030
3071  19.953  -82.740  39.672 0.2000000030
1943  19.112  -85.051  40.093 0.4000000060
1585  19.771  -85.872  39.793 0.4000000060
2311  21.387  -84.597  36.464 0.4000000060
2318  21.524  -85.056  35.643 0.5000000000
1280  23.794  -88.084  33.965 0.6000000238
1624  22.316  -86.679  34.929 0.5000000000
1672  16.537  -86.382  31.211 0.6999999881
1654  23.232  -87.046  32.404 0.6000000238
1644  22.432  -86.260  33.607 0.5000000000
137718  21.534  -84.462  35.041 0.5000000000
706  22.944  -89.953  36.682 0.6000000238
149448  18.315  -87.287  32.660 0.6999999881
1655  22.619  -86.153  32.787 0.6000000238
2001  22.082  -85.510  33.502 0.5000000000
990  21.438  -88.736  34.976 0.6000000238
991  20.465  -88.315  34.571 0.6999999881
1315  17.899  -86.800  31.959 0.6000000238
2325  21.610  -84.440  34.323 0.5000000000
1275  19.846  -87.907  34.004 0.6999999881
1684  22.568  -86.671  30.152 0.6000000238
981  20.883  -88.722  35.546 0.6999999881
1044  22.261  -88.302  29.187 0.6000000238
3376  17.482  -81.418  11.311 0.1000000015
3400  14.609  -81.644  8.495 0.1000000015
3967  12.479  -80.916  8.855 0.1000000015
5206  10.828  -79.312  7.165 0.1000000015
5197  12.172  -78.409  7.624 0.2000000030
5213  10.821  -78.827  7.040 0.1000000015
6458  22.103  -77.247  1.300 0.6000000238
1521  21.852  -86.323  46.696 0.1000000015
1507  21.525  -86.743  47.246 0.1000000015
1172  22.544  -87.777  47.805 0.1000000015
2613  19.158  -83.246  43.465 0.2000000030
2595  19.763  -83.674  44.218 0.2000000030
2238  19.715  -84.128  44.842 0.2000000030
1868  21.351  -85.710  46.264 0.1000000015
136451  19.555  -82.901  42.807 0.2000000030
1888  20.143  -85.070  45.992 0.1000000015
149512  18.698  -83.285  42.615 0.2000000030
155487  18.183  -83.630  43.272 0.2000000030
2596  18.722  -83.589  44.085 0.2000000030
2219  20.148  -84.603  45.398 0.1000000015
3060  19.784  -82.691  40.448 0.2000000030
3037  19.915  -82.572  42.118 0.2000000030
2271  18.344  -84.487  41.220 0.2000000030
2261  18.003  -84.243  41.909 0.2000000030
1246  22.320  -87.496  37.924 0.5000000000
1601  21.654  -87.026  38.646 0.5000000000
1593  21.100  -86.712  39.136 0.5000000000
680  24.389  -90.131  37.491 0.5000000000
1237  23.322  -88.821  38.430 0.5000000000
2700  21.361  -83.738  36.480 0.5000000000
147338  21.469  -84.114  35.699 0.4000000060
1673  15.546  -86.419  31.216 0.6999999881
138340  15.275  -81.998  8.186 0.2000000030
3390  16.224  -81.726  9.558 0.2000000030
3401  14.227  -81.344  8.180 0.1000000015
3975  12.817  -80.510  8.169 0.1000000015
3973  14.658  -81.231  7.542 0.2000000030
4619  13.060  -79.952  7.780 0.1000000015
4618  14.243  -80.427  7.193 0.1000000015
5781  14.005  -78.977  7.528 0.1000000015
1182  23.122  -87.415  47.297 0.1000000015
883  23.734  -88.367  48.345 0.1000000015
2236  21.415  -84.362  44.598 0.2000000030
1886  21.647  -85.287  45.658 0.1000000015
875  22.848  -88.383  48.539 0.1000000015
2218  21.092  -84.744  45.209 0.1000000015
1869  20.530  -85.562  46.409 0.1000000015
1855  20.213  -86.006  47.056 0.1000000015
2253  20.833  -83.814  44.099 0.2000000030
145006  19.097  -84.283  45.284 0.2000000030
1508  20.702  -86.791  47.611 0.1000000015
1174  20.693  -87.551  48.338 0.1000000015
153951  20.452  -82.213  40.772 0.2000000030
3059  20.434  -82.187  40.021 0.2000000030
1229  20.668  -86.966  39.798 0.4000000060
3070  20.391  -82.469  39.254 0.3000000119
138699  23.921  -89.845  38.654 0.5000000000
1238  22.448  -88.040  38.851 0.5000000000
693  23.996  -90.426  37.713 0.5000000000
160178  22.514  -89.952  37.123 0.5000000000
158534  21.733  -89.112  35.810 0.6000000238
1316  16.911  -86.939  31.820 0.6000000238
143700  16.118  -81.851  8.130 0.2000000030
3398  16.705  -81.796  8.930 0.3000000119
3414  15.031  -81.922  6.937 0.3000000119
138092  18.022  -81.691  9.362 0.3000000119
3413  15.813  -81.653  6.558 0.3000000119
3380  19.332  -81.502  10.660 0.3000000119
139833  17.020  -81.545  6.268 0.3000000119
4634  14.341  -80.984  4.763 0.3000000119
5211  16.258  -79.692  6.079 0.2000000030
4002  16.034  -81.170  4.777 0.3000000119
5230  15.735  -79.914  3.770 0.2000000030
7911  22.955  -75.357  0.421 0.5000000000
882  24.538  -88.366  48.283 0.1000000015
874  24.099  -88.626  49.174 0.1000000015
1506  22.383  -86.995  47.176 0.1000000015
1171  24.234  -87.997  47.608 0.1000000015
866  24.472  -88.620  49.987 0.1000000015
1152  25.001  -88.266  50.570 0.1000000015
152321  22.582  -86.419  46.546 0.1000000015
2220  19.572  -84.757  45.851 0.2000000030
162130  22.798  -88.663  49.295 0.1000000015
867  23.667  -88.722  49.996 0.1000000015
1470  25.869  -87.536  51.629 0.1000000015
2629  18.107  -83.810  42.396 0.2000000030
1870  19.630  -85.284  46.498 0.1000000015
2597  18.010  -83.823  44.049 0.2000000030
1932  19.065  -85.874  40.462 0.3000000119
1933  18.473  -85.561  41.100 0.3000000119
144394  21.709  -87.657  39.421 0.5000000000
1221  21.324  -87.989  40.069 0.4000000060
1586  19.778  -86.790  40.446 0.4000000060
949  23.183  -89.245  39.158 0.5000000000
681  23.203  -90.528  38.052 0.5000000000
971  21.536  -89.271  36.368 0.5000000000
992  19.526  -88.255  34.537 0.6000000238
144465  17.316  -87.402  32.470 0.6000000238
150440  13.941  -85.932  31.369 0.6999999881
144796  17.910  -81.377  7.957 0.3000000119
5231  14.933  -80.188  3.270 0.2000000030
7910  23.767  -75.422  0.374 0.5000000000
2158  26.376  -84.966  54.112 0.1000000015
2160  26.735  -85.400  53.747 0.1000000015
1817  27.208  -86.732  52.358 0.1000000015
1468  26.737  -87.689  51.183 0.1000000015
1137  26.608  -87.918  50.296 0.1000000015
865  25.312  -88.449  49.678 0.1000000015
1138  26.258  -88.056  51.148 0.1000000015
1139  25.757  -87.950  51.188 0.1000000015
1181  23.890  -87.479  47.141 0.1000000015
1856  19.371  -85.842  47.284 0.1000000015
152062  21.103  -88.128  48.769 0.1000000015
877  21.490  -88.540  49.405 0.1000000015
859  24.060  -88.358  50.452 0.1000000015
1497  19.892  -87.167  48.353 0.1000000015
869  21.856  -88.786  50.057 0.1000000015
1574  18.929  -86.701  41.101 0.3000000119
1163  20.231  -88.056  49.259 0.1000000015
1510  18.672  -86.562  48.398 0.1000000015
153042  23.638  -90.430  38.727 0.5000000000
941  22.321  -88.830  39.886 0.5000000000
982  19.987  -88.574  35.306 0.6000000238
1317  15.921  -87.051  31.712 0.6000000238
8654  23.573  -74.051  1.144 0.4000000060
8662  24.126  -74.206  0.764 0.4000000060
2221  17.987  -84.291  45.433 0.2000000030
2262  17.642  -84.469  42.592 0.2000000030
148182  17.987  -84.618  46.329 0.2000000030
1871  18.701  -85.169  46.837 0.1000000015
1857  18.468  -85.807  47.729 0.1000000015
667  23.107  -89.938  39.664 0.5000000000
694  21.528  -89.671  37.046 0.5000000000
1283  18.290  -87.776  33.354 0.6000000238
10347  24.735  -72.242  2.024 0.3000000119
10352  24.999  -72.922  1.588 0.3000000119
9469  24.826  -73.670  1.152 0.3000000119
8660  25.139  -74.715  0.830 0.3000000119
1222  20.548  -87.753  40.549 0.4000000060
2254  17.513  -84.238  43.620 0.2000000030
1924  17.605  -85.671  42.322 0.4000000060
156066  17.484  -84.274  44.537 0.2000000030
2222  17.036  -84.458  45.282 0.2000000030
930  22.310  -89.711  40.273 0.5000000000
1214  19.730  -87.621  41.058 0.4000000060
1215  19.175  -87.688  41.666 0.4000000060
1914  17.146  -85.217  43.213 0.3000000119
163438  16.756  -85.359  43.905 0.2000000030
148573  17.335  -84.492  45.878 0.2000000030
2211  17.171  -84.616  46.532 0.2000000030
1904  16.502  -85.110  44.532 0.2000000030
1889  16.314  -84.826  45.314 0.2000000030
2203  16.928  -84.839  47.249 0.1000000015
1213  20.394  -88.384  41.234 0.4000000060
1564  17.969  -86.818  42.237 0.3000000119
1565  17.401  -86.452  42.875 0.2000000030
993  18.652  -88.488  34.431 0.6000000238
1295  17.648  -87.738  33.011 0.6000000238
2040  5.085  -85.458  30.231 0.6000000238
1140  24.720  -88.043  50.854 0.1000000015
164543  20.822  -88.457  49.555 0.1000000015
861  22.655  -88.468  50.410 0.1000000015
1498  19.129  -87.027  48.591 0.1000000015
672  23.068  -90.431  39.362 0.5000000000
920  21.381  -88.777  40.689 0.5000000000
143618  17.436  -85.451  47.896 0.1000000015
1846  17.876  -86.401  48.693 0.1000000015
972  20.484  -89.054  36.232 0.6000000238
682  21.554  -90.311  37.816 0.5000000000
150712  22.699  -90.264  39.971 0.5000000000
2213  15.912  -84.836  46.115 0.2000000030
164032  16.368  -84.719  46.636 0.2000000030
2204  16.212  -84.885  47.257 0.1000000015
707  19.442  -89.128  35.804 0.6000000238
655  21.485  -89.676  40.862 0.5000000000
1556  16.901  -86.190  43.538 0.2000000030
695  20.498  -89.749  37.045 0.5000000000
430  21.853  -90.945  39.316 0.5000000000
921  20.743  -89.122  41.408 0.4000000060
164004  19.787  -88.197  41.636 0.4000000060
2751  4.441  -83.957  30.779 0.4000000060
2161  26.378  -85.399  53.771 0.1000000015
141832  26.125  -86.857  52.349 0.1000000015
2931  23.708  -83.599  55.447 0.1000000015
1164  19.301  -87.688  49.309 0.1000000015
1890  15.776  -85.286  45.718 0.2000000030
1208  18.698  -87.848  42.407 0.3000000119
1547  16.458  -85.969  44.224 0.2000000030
1537  16.033  -85.706  45.029 0.2000000030
159514  21.775  -90.539  40.463 0.5000000000
1209  17.913  -87.497  42.889 0.3000000119
683  20.496  -90.447  37.707 0.5000000000
1015  16.781  -88.166  32.968 0.6000000238
1297  15.345  -87.662  32.185 0.6000000238
2027  4.718  -85.441  30.934 0.4000000060
647  20.176  -89.328  41.981 0.4000000060
161709  17.942  -88.817  34.346 0.6000000238
10296  17.772  -71.966  6.715 0.6999999881
12072  17.114  -69.984  5.073 0.6999999881
914  19.229  -88.659  42.921 0.4000000060
656  20.749  -89.753  41.401 0.4000000060
708  18.566  -89.481  35.493 0.6000000238
137536  18.016  -72.903  7.186 0.6999999881
431  20.747  -91.171  38.809 0.5000000000
717  18.206  -89.127  34.844 0.6000000238
1298  14.469  -87.404  32.271 0.6999999881
995  8.203  -87.777  34.224 0.6999999881
996  7.785  -88.353  34.928 0.6999999881
1647  10.611  -86.218  33.632 0.6999999881
1636  11.144  -86.507  34.281 0.6999999881
1649  9.043  -86.671  34.073 0.6999999881
143967  8.523  -87.066  34.459 0.6999999881
1285  12.677  -87.120  33.603 0.6999999881
1286  11.942  -86.826  34.068 0.6999999881
1638  9.547  -86.509  34.604 0.6999999881
1007  14.175  -88.991  33.034 0.6999999881
1008  13.404  -88.751  33.399 0.6999999881
138559  12.932  -87.992  33.633 0.6999999881
1276  12.428  -87.807  34.086 0.6999999881
153702  11.422  -87.007  34.701 0.6999999881
730  15.335  -89.661  33.435 0.6000000238
1009  12.701  -88.769  33.885 0.6999999881
1277  11.830  -87.717  34.634 0.6999999881
1633  8.808  -86.663  35.586 0.6999999881
1630  10.785  -86.748  35.130 0.6999999881
1271  7.911  -87.515  35.535 0.6999999881
720  15.906  -90.010  33.900 0.6000000238
482  15.019  -90.386  33.702 0.6999999881
732  13.645  -89.872  33.481 0.6999999881
719  16.650  -90.040  34.417 0.6000000238
269  16.027  -91.498  34.770 0.6000000238
449  17.744  -91.266  36.179 0.6000000238
254  18.172  -91.704  36.922 0.5000000000
472  15.467  -90.930  34.211 0.6999999881
473  14.612  -91.308  34.003 0.6999999881
484  13.377  -90.846  33.710 0.6999999881
151100  12.348  -89.477  34.227 0.6999999881
471  16.671  -90.743  34.827 0.6000000238
149639  16.147  -90.627  34.415 0.6000000238
733  12.893  -89.826  33.788 0.6999999881
461  18.143  -90.311  35.832 0.6000000238
1631  10.151  -86.694  35.810 0.6999999881
137  16.592  -93.198  36.442 0.6999999881
156862  16.690  -92.664  35.982 0.6000000238
264  15.517  -92.647  35.119 0.6000000238
263  16.328  -92.198  35.430 0.6000000238
270  15.092  -91.958  34.516 0.6999999881
262  17.016  -91.755  35.790 0.6000000238
485  12.800  -90.827  33.915 0.6999999881
984  11.506  -88.716  35.069 0.6999999881
1268  11.276  -87.648  35.301 0.6999999881
1269  10.679  -87.454  35.938 0.6999999881
2580  7.147  -83.718  47.876 0.6000000238
138501  8.362  -82.902  44.967 0.6000000238
2585  7.548  -83.357  46.888 0.6000000238
143097  9.211  -82.032  43.220 0.6000000238
3026  8.767  -82.689  43.972 0.6000000238
3007  7.628  -82.327  46.712 0.6000000238
151784  7.198  -82.087  47.645 0.6000000238
3019  8.926  -81.654  43.972 0.6000000238
155594  8.561  -82.008  44.713 0.6000000238
3557  7.435  -81.342  47.310 0.6000000238
3541  6.929  -81.599  48.010 0.6000000238
4153  6.199  -80.647  48.185 0.6000000238
162845  8.685  -81.274  44.566 0.6000000238
138944  7.879  -81.408  46.221 0.6000000238
3573  9.005  -80.832  44.084 0.6000000238
163264  7.344  -80.671  47.426 0.6000000238
4198  8.943  -80.062  44.232 0.6000000238
4186  8.042  -80.593  45.840 0.6000000238
4826  7.179  -79.102  46.893 0.6000000238
146809  8.574  -79.730  44.856 0.6999999881
4825  7.745  -79.085  46.121 0.6999999881
4863  9.215  -79.680  43.747 0.6999999881
5480  9.236  -78.970  43.581 0.6999999881
5464  8.826  -78.197  44.188 0.6999999881
5465  8.324  -78.264  45.000 0.6999999881
5454  7.772  -78.390  45.840 0.6999999881
162635  8.825  -77.454  43.974 0.6999999881
137259  9.224  -78.077  43.406 0.6999999881
6100  9.808  -76.967  41.672 0.6999999881
6099  10.181  -77.737  41.075 0.6999999881
143155  10.120  -76.979  40.762 0.6999999881
147551  10.402  -75.399  40.003 0.6999999881
6758  9.923  -75.710  41.384 0.6999999881
142270  10.597  -74.198  40.442 0.6999999881
7505  10.634  -74.793  39.528 0.6999999881
8273  10.957  -74.190  39.107 0.6000000238
8238  9.856  -73.899  41.854 0.6999999881
8260  10.869  -73.631  39.892 0.6999999881
9040  11.207  -72.738  39.161 0.6999999881
9056  11.502  -72.719  38.565 0.6000000238
9041  10.917  -72.903  39.721 0.6999999881
10817  11.857  -71.696  37.315 0.6000000238
10833  12.251  -71.596  36.669 0.6000000238
9925  11.501  -71.906  37.912 0.6999999881
9927  10.583  -72.143  38.375 0.6999999881
9926  11.137  -71.816  37.903 0.6999999881
11706  12.511  -71.277  36.089 0.6000000238
10834  12.005  -71.459  36.772 0.6000000238
159669  14.420  -70.492  34.828 0.5000000000
142320  13.616  -70.692  35.400 0.5000000000
153357  11.835  -71.273  35.612 0.6000000238
10835  11.392  -71.592  36.395 0.6000000238
21310  17.877  -59.381  26.851 0.1000000015
22320  18.465  -57.927  27.600 0.1000000015
19536  17.235  -61.272  26.115 0.1000000015
20389  17.514  -60.278  26.454 0.1000000015
21289  18.240  -58.693  27.122 0.1000000015
24286  19.103  -54.932  27.788 0.1000000015
22340  18.688  -58.197  26.721 0.1000000015
23349  18.993  -57.023  27.011 0.1000000015
23325  18.946  -56.478  28.205 0.1000000015
140174  16.637  -63.102  26.826 0.1000000015
137995  16.718  -62.560  26.492 0.1000000015
17730  17.075  -63.708  27.133 0.2000000030
154973  16.948  -64.078  27.780 0.3000000119
16852  16.581  -64.537  28.978 0.4000000060
153953  16.612  -64.910  29.535 0.4000000060
18641  17.110  -62.260  25.995 0.1000000015
139688  17.777  -62.748  25.656 0.2000000030
20407  17.822  -60.793  25.707 0.1000000015
19546  18.305  -61.320  25.130 0.1000000015
18654  18.319  -62.264  25.104 0.2000000030
20388  18.087  -59.839  26.037 0.1000000015
21332  18.699  -59.514  25.665 0.1000000015
21309  18.425  -59.037  26.404 0.1000000015
22366  18.949  -58.658  25.961 0.1000000015
22339  19.280  -57.704  26.253 0.1000000015
24305  19.213  -55.444  27.082 0.1000000015
23348  19.578  -56.357  26.332 0.1000000015
24304  19.470  -54.889  26.112 0.1000000015
16864  17.613  -64.271  27.624 0.3000000119
16851  17.288  -64.546  28.429 0.4000000060
16835  17.190  -64.969  29.201 0.4000000060
17741  17.261  -63.171  26.366 0.2000000030
17729  17.817  -63.942  26.844 0.2000000030
21351  19.963  -59.806  24.844 0.1000000015
20406  18.472  -60.384  25.362 0.1000000015
17740  18.096  -63.584  26.025 0.2000000030
24350  10.733  -55.797  24.658 0.3000000119
21331  19.358  -59.248  25.397 0.1000000015
24349  11.995  -55.604  24.592 0.3000000119
137205  19.918  -59.050  25.227 0.1000000015
22365  19.662  -58.345  25.659 0.1000000015
23367  19.755  -57.275  25.876 0.1000000015
24316  20.172  -54.844  25.543 0.1000000015
20428  20.497  -60.684  24.552 0.3000000119
20429  19.657  -60.706  24.637 0.1000000015
145046  20.099  -61.460  24.457 0.4000000060
17764  19.758  -62.804  24.596 0.4000000060
147318  20.862  -58.772  25.178 0.1000000015
22364  20.289  -58.553  25.338 0.1000000015
23366  20.290  -57.519  25.553 0.1000000015
142959  20.768  -58.206  25.301 0.1000000015
146438  20.704  -56.175  25.482 0.1000000015
146072  20.229  -54.313  25.161 0.1000000015
21329  21.281  -59.326  25.035 0.3000000119
18668  19.590  -62.087  24.527 0.4000000060
17753  19.471  -63.473  25.030 0.3000000119
22363  21.535  -58.521  25.281 0.2000000030
145642  21.669  -56.758  25.355 0.3000000119
24314  22.302  -56.062  25.347 0.1000000015
24315  21.323  -55.558  25.350 0.2000000030
23365  21.121  -57.536  25.343 0.1000000015
25254  20.782  -54.528  25.113 0.1000000015
26183  21.022  -54.285  24.744 0.2000000030
25268  20.400  -54.246  24.744 0.1000000015
142318  10.045  -53.254  23.664 0.3000000119
26197  20.782  -54.185  24.287 0.2000000030
24364  21.242  -56.210  22.038 0.2000000030
20404  21.734  -60.059  24.879 0.3000000119
22362  22.465  -58.587  25.555 0.6000000238
23347  23.624  -57.846  26.154 0.6999999881
155286  22.573  -57.035  25.473 0.5000000000
24303  24.194  -57.095  26.308 0.6999999881
24302  24.823  -56.398  26.573 0.6999999881
160742  22.929  -56.555  25.473 0.4000000060
25252  22.560  -55.191  25.210 0.2000000030
25253  21.660  -54.941  25.191 0.2000000030
26182  21.862  -54.380  24.860 0.2000000030
140309  22.786  -54.464  25.010 0.2000000030
26196  21.312  -53.936  24.373 0.2000000030
136678  21.425  -54.620  22.916 0.2000000030
25293  21.416  -55.423  22.460 0.2000000030
26216  21.614  -53.900  22.859 0.2000000030
139925  21.791  -54.744  22.173 0.2000000030
25313  20.837  -55.502  20.726 0.2000000030
24284  25.474  -55.644  26.977 0.6999999881
25250  24.182  -55.296  25.579 0.5000000000
27010  23.119  -53.669  24.796 0.4000000060
141672  22.078  -53.809  24.541 0.2000000030
27011  22.255  -53.185  24.252 0.3000000119
27019  21.536  -53.270  23.401 0.3000000119
27832  21.648  -52.614  23.149 0.2000000030
27032  21.783  -53.187  22.745 0.2000000030
27045  22.063  -53.997  20.878 0.3000000119
26236  21.518  -54.774  20.849 0.2000000030
28640  21.734  -52.000  23.031 0.5000000000
27843  22.558  -52.576  21.756 0.4000000060
26237  20.857  -54.669  20.220 0.2000000030
27856  22.635  -52.638  20.964 0.3000000119
27068  21.097  -53.141  19.505 0.2000000030
27058  20.926  -53.944  19.790 0.2000000030
26174  25.421  -54.875  26.410 0.6999999881
26175  24.911  -54.922  25.872 0.6999999881
141725  22.975  -52.922  24.431 0.5000000000
27822  22.335  -52.514  23.930 0.4000000060
27823  21.778  -52.866  23.650 0.4000000060
27033  12.120  -52.701  22.865 0.4000000060
27833  10.804  -51.716  23.552 0.4000000060
160998  23.033  -51.585  23.989 0.6000000238
27060  12.909  -52.851  21.867 0.2000000030
27845  12.063  -51.685  22.906 0.4000000060
144871  18.737  -53.178  18.871 0.1000000015
146127  13.523  -52.932  21.170 0.1000000015
27857  12.621  -52.246  22.124 0.3000000119
27858  12.259  -51.700  22.471 0.3000000119
28678  22.841  -51.284  20.402 0.4000000060
27879  21.986  -52.067  19.612 0.4000000060
27880  21.299  -52.319  19.320 0.2000000030
153497  19.567  -53.122  18.999 0.1000000015
27074  14.227  -52.783  20.436 0.1000000015
28691  22.320  -51.422  19.699 0.4000000060
28693  20.711  -51.727  18.905 0.2000000030
27869  13.067  -52.351  21.496 0.2000000030
28652  11.680  -51.099  22.645 0.4000000060
28677  23.214  -51.049  21.084 0.3000000119
27881  20.304  -52.604  19.016 0.2000000030
154311  19.249  -52.470  18.762 0.1000000015
144791  18.291  -52.390  18.679 0.1000000015
144790  17.338  -52.287  18.734 0.1000000015
27882  15.786  -52.680  19.274 0.1000000015
27883  14.890  -52.381  19.742 0.1000000015
28680  13.227  -51.859  20.808 0.2000000030
28692  21.571  -51.521  19.249 0.3000000119
146316  20.155  -51.203  18.675 0.2000000030
28666  12.536  -51.597  21.588 0.4000000060
144506  18.855  -51.697  18.590 0.1000000015
28695  17.883  -51.538  18.580 0.1000000015
28696  17.046  -51.605  18.693 0.1000000015
144508  15.548  -51.813  19.213 0.1000000015
28679  14.029  -52.059  20.239 0.2000000030
150113  12.764  -51.173  20.689 0.2000000030
155735  17.283  -50.965  18.580 0.3000000119
149296  15.295  -50.948  19.204 0.2000000030
29610  14.355  -50.689  19.479 0.2000000030
28697  13.561  -51.180  20.042 0.2000000030
163154  14.988  -50.203  19.172 0.2000000030
2302  21.216  -85.058  37.281 0.4000000060
140144  21.224  -85.673  37.840 0.4000000060
1245  23.336  -88.493  37.603 0.5000000000
147069  21.177  -84.195  37.154 0.4000000060
145110  21.143  -83.377  37.177 0.4000000060
3080  20.553  -82.746  38.561 0.4000000060
7895  25.550  -75.146  1.208 0.3000000119
2155  18.920  -84.740  17.177 0.2000000030
1024  21.040  -88.967  31.851 0.6999999881
147188  19.268  -80.285  13.290 0.3000000119
136941  16.968  -81.775  9.762 0.2000000030
3382  17.263  -81.676  10.485 0.3000000119
143747  24.505  -88.824  33.907 0.6000000238
3389  18.526  -81.669  10.109 0.3000000119
144795  17.030  -81.647  8.059 0.3000000119
3396  18.353  -81.454  8.651 0.3000000119
3420  16.345  -81.801  6.056 0.3000000119
4012  16.116  -81.193  3.948 0.3000000119
4657  15.391  -80.782  2.593 0.3000000119
5229  16.535  -79.674  4.137 0.2000000030
5218  16.744  -79.593  5.258 0.2000000030
5202  16.236  -79.130  6.713 0.3000000119
25282  10.158  -55.056  24.370 0.3000000119
27846  11.523  -51.727  23.204 0.4000000060
29595  22.632  -50.604  19.849 0.4000000060
6407  15.447  -78.018  6.898 0.2000000030
24348  12.931  -55.679  24.758 0.2000000030
16826  16.258  -65.164  30.035 0.4000000060
5795  10.349  -78.654  4.797 0.1000000015
5783  11.233  -78.226  7.312 0.2000000030
6396  12.555  -77.530  7.538 0.2000000030
19563  20.968  -61.499  24.440 0.5000000000
24285  25.159  -56.565  27.363 0.8000000119
26179  25.282  -54.262  25.896 0.6999999881
28681  12.092  -50.685  21.031 0.3000000119
28630  22.440  -51.778  23.661 0.5000000000
1615  21.746  -86.286  36.563 0.4000000060
1273  23.827  -88.311  35.217 0.5000000000
969  25.115  -90.154  36.433 0.6000000238
164035  25.219  -89.952  36.064 0.5000000000
149813  18.479  -80.505  13.005 0.1000000015
158288  13.661  -80.436  10.604 0.1000000015
3934  14.710  -80.353  12.317 0.1000000015
3949  14.354  -80.599  10.392 0.1000000015
3940  15.104  -80.445  11.665 0.1000000015
3371  16.594  -80.808  12.347 0.1000000015
2688  20.818  -83.833  37.744 0.4000000060
1625  21.743  -85.866  35.200 0.5000000000
1281  23.027  -87.054  33.450 0.5000000000
1274  23.053  -87.385  34.548 0.5000000000
144797  17.975  -80.920  12.089 0.1000000015
3951  12.002  -80.660  10.072 0.1000000015
3935  13.949  -80.301  12.343 0.1000000015
155418  15.616  -81.008  10.683 0.1000000015
3384  15.856  -81.402  10.148 0.1000000015
3386  14.386  -80.953  9.679 0.1000000015
3385  15.064  -81.092  10.077 0.1000000015
3957  13.646  -80.668  9.773 0.1000000015
1995  21.966  -85.889  34.295 0.5000000000
959  24.095  -89.697  38.166 0.5000000000
158178  13.955  -81.165  8.664 0.1000000015
163441  15.138  -81.820  8.792 0.2000000030
3408  14.883  -81.816  7.718 0.2000000030
3966  13.301  -80.854  8.479 0.1000000015
3976  11.692  -80.900  7.867 0.1000000015
4635  10.407  -79.410  5.176 0.1000000015
5205  11.835  -79.282  7.662 0.1000000015
3986  11.279  -80.399  7.478 0.1000000015
4620  11.763  -80.128  7.651 0.1000000015
140480  13.055  -79.147  7.695 0.1000000015
5782  13.175  -78.336  7.485 0.2000000030
2612  20.181  -83.243  43.531 0.2000000030
1934  17.920  -85.051  41.743 0.3000000119
144531  15.469  -82.023  7.276 0.3000000119
3974  13.793  -80.746  7.993 0.1000000015
3984  13.902  -80.012  7.823 0.1000000015
3985  12.298  -80.449  7.859 0.1000000015
3983  14.843  -81.205  6.793 0.2000000030
3993  14.753  -80.382  6.829 0.1000000015
5204  14.087  -79.775  7.571 0.1000000015
4627  14.637  -80.707  6.024 0.2000000030
4617  14.952  -80.123  6.889 0.1000000015
4633  14.692  -80.593  5.768 0.3000000119
143842  15.637  -79.475  6.873 0.1000000015
5780  14.887  -78.686  7.322 0.2000000030
140622  19.904  -86.448  47.640 0.1000000015
3407  16.498  -81.678  7.479 0.3000000119
3982  15.451  -81.294  6.305 0.3000000119
3412  16.434  -81.716  6.788 0.3000000119
3991  15.713  -81.293  5.563 0.3000000119
5220  15.116  -80.338  4.568 0.3000000119
4640  14.682  -81.094  3.833 0.3000000119
3992  15.124  -81.134  6.013 0.3000000119
4003  15.296  -81.301  5.063 0.3000000119
5212  15.700  -80.088  5.896 0.2000000030
143599  7.662  -80.644  46.810 0.6000000238
21290  17.903  -58.943  27.798 0.1000000015
18655  17.688  -61.797  25.536 0.1000000015
17754  18.560  -63.142  25.326 0.2000000030
18669  18.893  -61.772  24.717 0.1000000015
20430  18.938  -60.926  24.797 0.1000000015
20405  19.154  -60.066  25.070 0.1000000015
153060  20.045  -56.089  25.760 0.1000000015
21350  20.902  -59.961  24.734 0.3000000119
21330  20.515  -59.247  25.029 0.1000000015
18653  19.055  -62.616  24.786 0.2000000030
158909  19.419  -61.389  24.582 0.1000000015
23364  22.067  -57.753  25.423 0.2000000030
160355  20.668  -54.837  25.387 0.1000000015
20427  21.355  -60.730  24.607 0.6000000238
21328  22.096  -59.355  25.239 0.5000000000
161841  20.476  -54.476  24.122 0.1000000015
25278  21.013  -54.894  23.403 0.2000000030
25294  21.039  -56.065  22.774 0.2000000030
20403  22.616  -60.249  25.204 0.6000000238
21327  22.889  -59.382  25.656 0.6999999881
22361  23.199  -58.603  25.952 0.6999999881
23363  22.907  -57.819  25.696 0.5000000000
146563  23.425  -56.972  25.726 0.6000000238
24312  24.194  -56.256  25.909 0.6000000238
24313  23.304  -55.965  25.478 0.5000000000
151521  11.463  -53.794  22.657 0.4000000060
27012  21.553  -53.411  24.044 0.2000000030
26203  21.210  -53.903  23.705 0.2000000030
155909  22.161  -53.935  21.872 0.2000000030
155110  21.858  -54.608  21.458 0.2000000030
25245  24.901  -55.595  26.182 0.6999999881
27031  22.345  -53.174  22.025 0.3000000119
27044  22.424  -53.279  21.289 0.3000000119
138301  21.450  -54.209  20.343 0.2000000030
27057  21.655  -53.542  20.113 0.2000000030
27866  22.481  -52.190  20.270 0.3000000119
147232  20.229  -53.521  19.324 0.2000000030
27867  21.857  -52.748  19.848 0.2000000030
27831  21.844  -52.164  23.292 0.5000000000
27048  12.508  -52.506  22.539 0.3000000119
28694  19.779  -51.807  18.684 0.2000000030
153581  16.448  -52.082  18.905 0.1000000015
27071  16.710  -52.944  18.962 0.1000000015
142414  14.613  -51.553  19.636 0.2000000030
145641  19.416  -51.105  18.561 0.3000000119
145634  16.313  -51.138  18.829 0.1000000015
1112  12.422  -88.265  22.519 0.2000000030
158274  12.977  -87.799  21.069 0.2000000030
4373  26.984  -79.841  32.021 0.4000000060
4973  26.930  -79.579  31.270 0.3000000119
145194  26.028  -79.259  31.125 0.4000000060
4961  26.251  -79.500  31.931 0.3000000119
163621  25.262  -79.081  30.927 0.4000000060
160402  26.626  -79.427  30.134 0.4000000060
4981  25.854  -79.243  30.323 0.4000000060
4992  26.280  -79.553  29.579 0.4000000060
4398  24.923  -79.852  28.961 0.5000000000
4396  26.777  -80.015  29.069 0.4000000060
4410  25.420  -80.527  28.477 0.5000000000
4411  24.511  -80.623  28.568 0.5000000000
140635  25.442  -82.010  27.766 0.5000000000
3191  24.548  -81.985  27.785 0.5000000000
3759  24.147  -81.389  28.216 0.5000000000
3190  25.889  -82.816  27.572 0.6000000238
2771  24.274  -83.371  27.150 0.5000000000
3206  24.022  -82.602  27.541 0.5000000000
145735  22.373  -85.906  28.654 0.5000000000
1339  22.421  -87.412  29.608 0.5000000000
2769  26.287  -83.567  27.582 0.6000000238
2374  25.311  -84.563  26.898 0.6000000238
2770  25.335  -83.625  27.192 0.6000000238
2376  23.651  -84.046  27.009 0.5000000000
156508  22.815  -85.364  27.302 0.6000000238
1711  22.342  -86.409  28.064 0.5000000000
2056  26.078  -85.138  27.154 0.6000000238
3091  20.771  -83.023  37.835 0.3000000119
4980  27.194  -79.540  30.462 0.4000000060
4974  25.306  -79.112  31.624 0.3000000119
4975  24.494  -79.148  31.278 0.4000000060
4991  27.116  -79.676  29.725 0.4000000060
4994  24.504  -79.482  29.692 0.5000000000
4408  27.198  -80.712  28.752 0.4000000060
4399  24.100  -80.084  29.196 0.5000000000
156871  26.763  -81.360  28.355 0.5000000000
2762  26.889  -83.029  28.011 0.6000000238
3193  23.304  -82.534  28.068 0.5000000000
140892  22.458  -85.083  28.809 0.5000000000
2032  22.424  -85.896  29.515 0.5000000000
2373  26.191  -84.325  27.394 0.6000000238
2763  22.860  -83.310  28.079 0.5000000000
2377  22.983  -84.003  27.517 0.5000000000
142919  22.603  -84.107  28.403 0.5000000000
2045  26.863  -85.087  27.915 0.6000000238
3945  23.385  -80.032  10.693 0.5000000000
3953  22.999  -80.051  9.885 0.6000000238
154929  23.533  -79.979  10.036 0.5000000000
3980  22.221  -80.396  6.640 0.6999999881
3987  22.003  -80.648  5.714 0.6999999881
3611  21.020  -81.674  39.971 0.2000000030
4372  27.703  -79.770  31.791 0.2000000030
3090  21.003  -82.209  38.086 0.3000000119
137499  21.218  -82.526  37.310 0.3000000119
4972  27.874  -79.619  30.957 0.3000000119
4357  26.814  -80.387  32.705 0.3000000119
4358  26.097  -79.728  32.701 0.3000000119
4395  27.630  -80.216  29.333 0.4000000060
3756  27.428  -81.417  28.594 0.5000000000
4964  23.967  -79.294  32.264 0.4000000060
4984  23.566  -79.944  30.506 0.4000000060
3189  27.723  -82.852  28.546 0.4000000060
1311  22.934  -87.090  31.022 0.5000000000
137449  27.216  -82.137  28.329 0.5000000000
4412  23.747  -80.917  28.845 0.5000000000
3178  22.959  -82.204  28.860 0.5000000000
2020  22.553  -85.943  30.303 0.5000000000
154917  22.520  -84.196  29.564 0.5000000000
1667  23.013  -86.726  31.596 0.5000000000
2365  26.968  -84.090  28.072 0.6000000238
154963  22.823  -82.813  28.602 0.5000000000
2755  22.618  -83.412  28.931 0.5000000000
3920  25.730  -81.218  13.836 0.5000000000
3929  25.285  -80.682  13.062 0.5000000000
3930  24.364  -80.589  12.970 0.5000000000
4589  24.364  -79.929  10.950 0.5000000000
4597  23.793  -80.042  9.474 0.5000000000
139141  22.949  -80.239  7.324 0.6000000238
3979  23.134  -80.180  6.473 0.6000000238
4005  21.923  -80.740  3.447 0.6999999881
150958  22.623  -80.623  5.031 0.6000000238
3994  22.428  -80.705  4.150 0.6999999881
4649  21.875  -79.633  2.411 0.5000000000
140694  22.529  -79.430  1.975 0.5000000000
5247  22.643  -78.683  1.685 0.3000000119
1199  16.418  -86.933  44.737 0.1000000015
137273  15.960  -86.739  45.320 0.2000000030
1203  17.397  -87.219  43.457 0.2000000030
3036  20.923  -82.321  42.151 0.1000000015
3035  21.985  -82.319  42.377 0.1000000015
3058  21.128  -81.782  40.749 0.1000000015
3597  22.072  -81.481  41.125 0.1000000015
3610  21.802  -81.255  40.219 0.2000000030
158299  22.607  -81.112  40.690 0.2000000030
3622  21.294  -81.496  39.407 0.3000000119
3609  22.707  -80.749  40.026 0.3000000119
4319  26.529  -81.654  33.665 0.3000000119
3621  22.044  -80.891  39.378 0.3000000119
3636  21.516  -81.369  38.540 0.3000000119
140777  22.247  -80.677  38.651 0.3000000119
3635  22.057  -80.854  37.854 0.3000000119
4384  28.725  -79.856  30.577 0.3000000119
3649  21.512  -81.665  37.567 0.3000000119
2711  21.482  -83.234  35.761 0.3000000119
4385  27.917  -79.776  30.065 0.4000000060
3744  29.365  -81.246  29.686 0.4000000060
4337  26.274  -80.418  33.337 0.3000000119
4951  25.532  -79.754  34.061 0.3000000119
139897  21.545  -82.014  36.728 0.3000000119
4394  28.589  -80.464  29.659 0.3000000119
140179  24.668  -79.114  32.106 0.3000000119
4963  24.617  -79.188  32.884 0.4000000060
3745  28.611  -81.570  29.190 0.4000000060
4976  23.739  -79.526  31.276 0.5000000000
4359  23.293  -79.990  31.975 0.5000000000
151519  23.463  -80.558  29.757 0.5000000000
3734  23.159  -80.597  30.526 0.5000000000
155071  22.484  -85.202  29.940 0.5000000000
157404  22.611  -85.566  30.788 0.5000000000
2008  22.618  -85.577  32.049 0.5000000000
3747  23.176  -81.464  29.288 0.5000000000
155443  22.557  -83.354  29.698 0.5000000000
2014  22.569  -85.137  31.371 0.5000000000
157307  22.914  -86.308  32.034 0.5000000000
2761  27.503  -83.592  28.420 0.6000000238
3179  22.674  -82.766  29.306 0.5000000000
147447  27.413  -84.728  28.404 0.5000000000
143209  26.544  -81.038  13.843 0.4000000060
3909  26.373  -81.306  14.445 0.5000000000
3340  26.905  -82.362  15.660 0.5000000000
3356  25.900  -82.061  14.367 0.5000000000
3928  26.212  -80.645  13.249 0.4000000060
154013  24.081  -79.982  10.170 0.5000000000
4603  23.882  -80.005  8.520 0.5000000000
4610  23.944  -80.070  7.644 0.5000000000
149849  23.193  -80.185  4.527 0.4000000060
4639  22.455  -80.246  3.551 0.5000000000
5814  23.214  -78.019  1.237 0.3000000119
1538  15.522  -86.023  45.751 0.2000000030
1193  15.761  -87.212  45.986 0.2000000030
143410  17.591  -87.988  44.089 0.2000000030
1198  17.082  -87.972  44.726 0.2000000030
1202  18.572  -88.331  43.254 0.2000000030
2252  21.762  -83.910  44.060 0.1000000015
2251  22.676  -83.972  44.054 0.1000000015
2627  20.539  -82.784  42.895 0.1000000015
2626  21.541  -82.821  42.940 0.1000000015
2610  22.118  -83.437  43.493 0.1000000015
2625  22.508  -82.861  42.976 0.1000000015
2624  23.465  -82.839  42.968 0.1000000015
3050  21.560  -81.927  41.639 0.1000000015
3034  22.956  -82.348  42.438 0.1000000015
3714  27.162  -81.331  32.973 0.2000000030
3713  27.771  -80.726  32.824 0.2000000030
3049  22.492  -81.840  41.848 0.1000000015
3699  27.100  -82.268  33.351 0.2000000030
3595  24.029  -81.415  41.311 0.2000000030
3046  25.319  -82.295  41.879 0.1000000015
4355  28.377  -79.989  32.388 0.2000000030
3700  26.920  -82.540  33.576 0.2000000030
3608  23.521  -80.917  40.600 0.2000000030
3594  25.080  -81.697  41.192 0.2000000030
3129  26.981  -83.149  33.955 0.2000000030
4230  23.470  -80.528  39.851 0.2000000030
3682  26.603  -82.577  34.033 0.2000000030
4237  23.963  -80.257  39.311 0.3000000119
4320  26.043  -80.584  34.046 0.3000000119
3670  26.230  -82.253  34.926 0.3000000119
4253  23.665  -80.019  38.501 0.3000000119
3648  21.982  -81.187  36.962 0.3000000119
4942  25.672  -80.106  34.830 0.3000000119
149873  25.763  -80.711  35.586 0.3000000119
4286  25.628  -80.690  36.553 0.2000000030
3647  25.737  -81.317  37.358 0.3000000119
3660  22.450  -80.776  36.324 0.3000000119
150611  21.939  -81.593  36.156 0.3000000119
2722  21.560  -83.624  34.824 0.4000000060
3176  29.178  -82.252  29.388 0.4000000060
4952  24.727  -79.298  33.810 0.3000000119
4943  24.886  -79.452  34.852 0.3000000119
4918  25.251  -79.938  36.387 0.3000000119
3672  21.921  -81.909  35.399 0.4000000060
3117  21.660  -82.670  35.112 0.4000000060
2002  21.731  -85.110  34.069 0.4000000060
4953  24.005  -79.336  33.333 0.5000000000
4944  24.090  -79.418  34.283 0.4000000060
2730  21.692  -83.742  33.773 0.4000000060
3177  28.460  -82.593  28.965 0.4000000060
149913  22.207  -83.185  32.301 0.5000000000
2331  21.982  -84.015  32.759 0.4000000060
2363  28.280  -83.681  28.905 0.4000000060
3735  22.870  -81.336  30.241 0.5000000000
140168  22.517  -82.680  30.913 0.5000000000
2741  22.416  -83.340  31.468 0.5000000000
2735  22.321  -83.863  31.972 0.5000000000
2339  22.392  -84.637  32.030 0.5000000000
142826  22.570  -82.775  30.099 0.5000000000
2749  22.524  -83.603  30.532 0.5000000000
2345  22.486  -84.202  31.329 0.5000000000
2351  29.124  -85.152  29.601 0.4000000060
2357  28.048  -84.771  28.849 0.4000000060
2453  31.436  -83.971  18.891 0.2000000030
2452  31.570  -83.840  19.714 0.1000000015
2848  31.419  -82.975  19.729 0.1000000015
2849  31.216  -83.159  19.024 0.2000000030
146014  31.036  -82.519  19.185 0.2000000030
2472  30.810  -83.935  17.734 0.2000000030
2473  30.081  -83.672  17.373 0.3000000119
2463  30.406  -83.603  17.706 0.2000000030
2858  30.130  -82.895  17.909 0.2000000030
3312  29.790  -82.224  18.120 0.3000000119
2877  29.440  -83.183  16.603 0.2000000030
2878  28.587  -83.146  16.653 0.4000000060
144644  28.033  -82.931  16.962 0.4000000060
3346  28.594  -81.907  14.873 0.2000000030
4570  25.762  -80.054  12.654 0.3000000119
4588  25.333  -79.793  11.106 0.3000000119
8652  25.419  -74.006  1.432 0.2000000030
4596  24.660  -80.081  9.687 0.4000000060
7174  24.039  -76.114  0.341 0.4000000060
4638  23.075  -80.136  3.820 0.5000000000
5241  23.098  -79.306  1.871 0.3000000119
5813  24.115  -78.039  1.165 0.3000000119
4637  23.851  -80.043  4.231 0.3000000119
5227  23.451  -79.215  3.044 0.3000000119
6342  11.118  -77.922  15.038 0.2000000030
5809  23.507  -78.490  1.705 0.3000000119
10226  9.299  -72.002  11.590 0.4000000060
10227  8.824  -71.743  11.258 0.3000000119
1523  15.183  -86.495  46.505 0.2000000030
1185  14.765  -86.932  47.297 0.2000000030
1192  16.548  -87.907  45.484 0.2000000030
1183  16.377  -88.454  46.449 0.2000000030
908  18.295  -88.645  43.959 0.2000000030
888  17.099  -88.964  46.083 0.2000000030
2235  22.265  -84.474  44.555 0.1000000015
648  19.703  -89.484  42.494 0.2000000030
907  18.901  -88.989  43.563 0.2000000030
2234  23.232  -84.650  44.664 0.1000000015
2250  23.674  -83.964  44.009 0.1000000015
2609  23.062  -83.407  43.497 0.1000000015
2249  24.884  -83.808  43.924 0.1000000015
2608  24.047  -83.328  43.432 0.1000000015
2623  24.427  -82.784  42.880 0.1000000015
156987  24.933  -83.184  43.265 0.1000000015
3048  23.470  -81.854  41.909 0.1000000015
3032  24.751  -82.388  42.372 0.1000000015
2622  25.415  -82.850  42.612 0.1000000015
3047  24.461  -81.943  41.891 0.1000000015
155541  27.342  -84.976  42.765 0.1000000015
2640  26.032  -82.918  41.834 0.2000000030
2269  27.374  -85.260  41.788 0.1000000015
3045  25.770  -82.469  41.127 0.2000000030
2270  27.030  -84.636  41.392 0.1000000015
3115  26.745  -83.353  34.470 0.2000000030
158352  25.169  -81.480  40.489 0.2000000030
3057  26.022  -82.904  40.240 0.2000000030
2710  26.880  -84.149  35.086 0.2000000030
3619  25.512  -81.718  39.924 0.2000000030
142505  25.836  -82.440  39.828 0.2000000030
3116  26.348  -83.173  35.376 0.1000000015
2674  26.330  -84.312  38.055 0.2000000030
2675  25.991  -83.026  38.351 0.2000000030
3634  25.754  -81.878  38.415 0.2000000030
3103  26.114  -82.834  36.441 0.1000000015
3089  25.995  -82.750  37.488 0.1000000015
4270  25.146  -80.206  37.827 0.3000000119
4907  24.041  -79.691  37.052 0.3000000119
4932  23.841  -79.706  36.166 0.3000000119
3684  22.327  -81.334  34.892 0.4000000060
3685  21.949  -82.123  34.714 0.4000000060
141032  23.405  -79.805  32.910 0.5000000000
4321  23.471  -79.831  34.626 0.5000000000
139100  22.587  -80.973  34.096 0.5000000000
3139  22.130  -82.311  33.461 0.5000000000
3131  21.802  -82.768  34.146 0.4000000060
4339  22.924  -80.456  33.458 0.5000000000
3701  22.458  -81.452  33.217 0.5000000000
3146  22.258  -82.349  32.688 0.5000000000
2729  21.951  -83.061  33.177 0.5000000000
162914  28.935  -83.060  29.256 0.4000000060
3723  22.593  -81.696  31.158 0.5000000000
3154  22.394  -82.478  31.780 0.5000000000
2828  32.716  -83.457  22.199 0.1000000015
3274  32.634  -82.655  21.753 0.1000000015
2432  32.223  -84.270  21.980 0.1000000015
3283  32.205  -82.662  21.287 0.1000000015
2424  32.071  -85.215  21.919 0.1000000015
2433  31.969  -84.459  21.226 0.1000000015
140036  31.745  -83.619  20.550 0.1000000015
2835  31.926  -83.064  20.991 0.1000000015
2106  32.037  -85.287  21.010 0.1000000015
2127  31.724  -84.882  19.661 0.1000000015
3302  31.220  -82.150  19.643 0.2000000030
3304  30.035  -81.740  18.550 0.2000000030
3861  30.151  -81.145  18.981 0.3000000119
163649  29.412  -81.685  18.272 0.4000000060
2483  30.527  -83.933  17.224 0.3000000119
141742  28.973  -81.809  17.964 0.4000000060
2885  29.771  -83.003  15.901 0.2000000030
3907  28.063  -81.188  14.520 0.2000000030
4569  26.695  -80.148  12.786 0.3000000119
147406  25.078  -80.039  10.313 0.4000000060
9463  25.534  -73.137  1.845 0.2000000030
138761  26.164  -79.664  11.301 0.2000000030
4602  24.876  -80.124  8.964 0.2000000030
10351  25.397  -72.715  1.893 0.2000000030
4609  24.971  -80.184  7.127 0.2000000030
4616  23.927  -80.024  6.717 0.4000000060
4632  24.008  -80.016  4.911 0.4000000060
6454  25.177  -77.208  0.476 0.3000000119
4625  24.933  -80.085  5.304 0.2000000030
151803  25.226  -77.769  0.645 0.3000000119
5217  24.081  -79.452  4.103 0.2000000030
5234  24.186  -79.097  2.445 0.2000000030
5808  24.355  -78.509  1.859 0.2000000030
155848  8.769  -72.012  10.487 0.3000000119
889  16.701  -89.446  46.791 0.2000000030
1175  15.139  -88.318  47.688 0.2000000030
629  17.309  -89.734  45.671 0.3000000119
900  18.378  -89.327  44.168 0.3000000119
894  17.457  -89.316  45.554 0.2000000030
162422  19.657  -89.850  42.414 0.3000000119
403  19.265  -90.131  42.674 0.3000000119
635  18.343  -89.876  44.142 0.3000000119
657  20.112  -89.800  41.931 0.3000000119
419  20.227  -90.714  40.998 0.3000000119
411  19.780  -90.273  41.845 0.4000000060
2233  24.337  -84.539  44.584 0.1000000015
418  21.111  -90.605  40.713 0.3000000119
157842  20.735  -91.189  39.445 0.4000000060
244  19.875  -91.482  38.790 0.4000000060
2232  25.388  -84.570  44.521 0.1000000015
2248  25.997  -84.119  43.914 0.1000000015
1913  27.027  -85.377  44.278 0.1000000015
447  19.549  -90.323  37.083 0.4000000060
2247  26.844  -84.695  43.629 0.1000000015
162884  26.933  -84.435  43.010 0.1000000015
1555  27.738  -85.996  44.173 0.1000000015
1912  27.595  -85.509  43.442 0.1000000015
1922  27.949  -85.998  42.299 0.1000000015
2278  27.280  -85.478  40.783 0.1000000015
2279  26.748  -84.558  40.501 0.2000000030
2286  26.701  -85.058  39.283 0.2000000030
2661  26.087  -83.321  39.222 0.2000000030
2649  26.335  -83.918  39.856 0.2000000030
2699  26.817  -84.758  35.919 0.1000000015
142163  26.741  -85.385  38.193 0.1000000015
156817  26.364  -84.403  38.941 0.2000000030
3102  26.468  -83.929  35.748 0.2000000030
2686  26.297  -83.831  36.632 0.1000000015
2293  26.879  -85.470  37.159 0.1000000015
3265  34.646  -82.499  23.132 0.1000000015
2814  35.202  -84.080  23.701 0.1000000015
2815  34.557  -83.532  23.304 0.1000000015
2409  34.363  -84.538  23.520 0.1000000015
2826  33.929  -83.070  22.816 0.1000000015
3272  33.976  -82.319  22.605 0.1000000015
2086  33.206  -85.877  23.534 0.1000000015
2411  32.826  -85.267  23.084 0.1000000015
140203  32.922  -84.369  22.712 0.1000000015
2827  33.328  -83.498  22.602 0.1000000015
3824  32.982  -81.838  21.775 0.1000000015
2423  32.398  -85.213  22.567 0.1000000015
2097  32.299  -86.007  22.508 0.1000000015
2098  32.118  -85.877  21.918 0.1000000015
3839  31.893  -81.243  20.709 0.1000000015
3851  31.291  -80.974  20.150 0.1000000015
1791  32.174  -85.908  20.700 0.1000000015
2138  31.543  -84.798  18.750 0.1000000015
3284  31.908  -82.235  20.779 0.1000000015
3292  31.476  -81.745  20.177 0.2000000030
1798  31.782  -85.921  19.306 0.1000000015
2144  31.892  -84.981  17.942 0.1000000015
4516  30.177  -80.614  19.432 0.3000000119
4517  29.445  -80.573  19.145 0.4000000060
3862  29.406  -81.159  18.618 0.4000000060
3863  28.457  -80.668  18.863 0.4000000060
2876  30.215  -83.325  16.693 0.1000000015
3906  28.870  -81.180  14.501 0.1000000015
3918  28.475  -80.836  13.928 0.1000000015
4578  26.305  -79.803  12.054 0.2000000030
10335  24.180  -71.583  2.500 0.3000000119
10336  23.028  -72.331  3.234 0.4000000060
4568  27.626  -80.119  12.841 0.1000000015
9451  23.634  -72.944  2.496 0.3000000119
4601  25.827  -80.119  8.632 0.2000000030
4595  25.684  -80.105  9.516 0.2000000030
4594  26.125  -79.716  9.453 0.1000000015
4615  24.917  -80.156  6.170 0.2000000030
7887  25.524  -75.478  1.994 0.2000000030
4614  25.962  -80.119  6.630 0.1000000015
7153  25.496  -76.399  1.797 0.2000000030
6446  25.433  -77.179  1.483 0.2000000030
5216  24.395  -79.180  4.677 0.1000000015
6447  25.157  -77.754  2.016 0.2000000030
10236  9.598  -71.288  10.765 0.6000000238
10237  9.032  -71.087  10.493 0.4000000060
5233  24.544  -78.798  2.879 0.2000000030
10247  9.123  -71.170  9.570 0.4000000060
9390  9.236  -72.567  9.146 0.3000000119
140270  9.731  -73.657  8.355 0.2000000030
145670  13.672  -88.397  49.315 0.3000000119
1511  14.401  -86.641  47.956 0.2000000030
886  14.528  -88.825  48.649 0.2000000030
617  13.234  -90.111  49.567 0.3000000119
1176  14.478  -87.536  47.988 0.2000000030
878  14.758  -89.799  48.732 0.3000000119
1873  15.390  -85.474  46.469 0.1000000015
624  15.812  -89.990  47.962 0.3000000119
383  15.325  -90.223  47.917 0.3000000119
385  16.232  -90.272  46.538 0.3000000119
392  17.595  -90.283  44.578 0.4000000060
163622  16.796  -90.653  43.921 0.4000000060
159350  19.286  -90.992  41.242 0.4000000060
412  18.881  -90.676  42.055 0.3000000119
241  19.766  -91.476  39.541 0.4000000060
236  19.589  -91.301  40.394 0.4000000060
425  20.529  -91.040  40.212 0.4000000060
438  19.950  -91.087  38.103 0.4000000060
439  18.946  -91.285  37.421 0.5000000000
164101  28.341  -86.430  44.029 0.1000000015
1573  28.259  -87.042  40.466 0.2000000030
1942  27.219  -85.822  39.679 0.2000000030
1952  27.343  -86.176  38.484 0.1000000015
2797  35.903  -83.774  24.093 0.1000000015
3264  35.425  -83.064  23.682 0.1000000015
2085  34.076  -85.730  23.866 0.1000000015
3823  33.625  -81.723  22.260 0.1000000015
3837  33.253  -80.905  21.828 0.1000000015
2087  32.571  -86.010  23.108 0.1000000015
1767  32.386  -86.626  22.401 0.1000000015
3838  32.560  -81.112  21.325 0.1000000015
4485  32.073  -80.311  20.967 0.1000000015
2817  26.205  -83.672  23.426 0.3000000119
2136  32.211  -85.395  18.770 0.1000000015
4500  31.438  -80.396  20.484 0.1000000015
5095  27.779  -79.400  21.885 0.3000000119
4487  27.248  -80.043  21.602 0.3000000119
4474  26.827  -80.570  22.307 0.3000000119
4501  30.667  -80.298  19.976 0.4000000060
145969  28.055  -79.803  20.121 0.3000000119
4503  27.269  -80.230  20.570 0.3000000119
4488  26.681  -80.701  21.416 0.4000000060
3825  26.397  -81.259  22.126 0.3000000119
2482  31.464  -83.991  16.933 0.1000000015
2884  30.539  -83.027  15.920 0.1000000015
5104  30.034  -79.471  20.327 0.3000000119
4502  29.675  -79.991  19.698 0.4000000060
5105  28.884  -79.445  20.330 0.3000000119
4518  28.708  -80.052  19.557 0.4000000060
3344  30.008  -81.822  14.938 0.1000000015
3905  29.658  -81.170  14.545 0.1000000015
11208  22.539  -70.611  3.572 0.3000000119
4559  28.837  -80.202  13.583 0.1000000015
9450  25.446  -72.410  2.779 0.3000000119
136263  25.183  -71.061  2.820 0.3000000119
11206  24.752  -70.485  2.941 0.3000000119
153758  23.402  -71.133  3.084 0.3000000119
4567  28.487  -80.005  12.881 0.1000000015
4577  27.219  -80.031  11.977 0.1000000015
8637  25.480  -73.285  2.434 0.2000000030
139271  22.033  -71.887  3.778 0.4000000060
4587  26.632  -79.474  10.964 0.1000000015
8646  25.577  -73.813  1.925 0.2000000030
5187  26.452  -79.176  10.613 0.1000000015
147988  26.466  -79.083  10.087 0.1000000015
4600  26.115  -79.872  8.325 0.1000000015
4607  26.129  -79.857  7.300 0.1000000015
5798  24.526  -78.340  3.277 0.2000000030
4624  25.062  -79.856  5.280 0.1000000015
5792  24.359  -78.573  4.297 0.1000000015
11160  10.116  -70.743  7.617 0.5000000000
11145  9.572  -70.700  8.744 0.5000000000
10262  9.389  -71.404  8.725 0.4000000060
7834  11.871  -75.246  7.427 0.3000000119
378  12.899  -90.312  49.298 0.3000000119
157313  14.615  -86.268  47.522 0.2000000030
1860  14.648  -85.953  47.831 0.2000000030
379  14.534  -90.285  48.445 0.3000000119
386  15.185  -90.466  46.886 0.3000000119
393  16.345  -90.561  44.586 0.4000000060
389  16.336  -90.414  45.588 0.3000000119
233  17.114  -91.680  41.588 0.4000000060
405  16.444  -91.044  43.081 0.4000000060
123  18.047  -92.156  40.074 0.5000000000
238  17.641  -91.930  40.844 0.5000000000
249  17.891  -92.389  37.317 0.5000000000
709  17.760  -89.854  35.177 0.5000000000
718  17.397  -89.457  34.500 0.5000000000
147462  16.899  -88.741  33.521 0.5000000000
2767  30.606  -83.501  27.928 0.3000000119
3822  34.316  -81.685  22.688 0.1000000015
1756  33.472  -87.378  24.084 0.1000000015
1430  32.796  -87.302  22.235 0.1000000015
5059  27.974  -79.331  23.631 0.3000000119
5060  27.477  -79.877  23.365 0.3000000119
3801  26.741  -81.774  24.356 0.3000000119
3253  26.581  -82.496  24.274 0.3000000119
5077  27.810  -79.346  22.786 0.3000000119
5078  27.325  -79.927  22.517 0.3000000119
4457  27.012  -80.477  23.176 0.3000000119
4458  26.567  -81.148  23.007 0.3000000119
3811  26.803  -81.032  23.962 0.3000000119
3266  26.223  -82.708  23.388 0.3000000119
4486  27.889  -79.562  20.922 0.3000000119
156740  26.219  -81.887  22.777 0.3000000119
3812  26.472  -81.822  23.640 0.3000000119
151227  30.820  -82.315  15.755 0.1000000015
5093  29.444  -78.895  20.961 0.3000000119
140961  17.502  -70.140  6.048 0.6000000238
10323  25.357  -71.712  3.136 0.3000000119
11209  21.233  -71.154  4.126 0.5000000000
11210  20.041  -71.299  4.299 0.5000000000
160777  10.111  -74.146  7.884 0.3000000119
618  12.277  -90.076  49.959 0.2000000030
622  11.762  -89.925  49.658 0.2000000030
1167  13.511  -87.502  49.592 0.2000000030
879  12.890  -88.784  50.160 0.3000000119
871  12.545  -89.640  50.177 0.3000000119
880  11.557  -89.101  49.105 0.2000000030
1499  14.178  -86.609  48.809 0.2000000030
152952  12.370  -90.288  49.012 0.3000000119
152991  13.527  -90.437  47.579 0.3000000119
625  13.368  -90.270  46.861 0.3000000119
151424  15.441  -90.534  44.863 0.4000000060
391  14.555  -90.469  45.971 0.3000000119
400  15.748  -90.761  43.593 0.4000000060
121  16.457  -92.174  40.993 0.4000000060
230  15.762  -91.397  42.283 0.4000000060
156899  17.510  -92.671  38.954 0.5000000000
124  17.061  -92.379  40.318 0.5000000000
144  14.933  -93.562  35.421 0.6000000238
147  14.625  -93.111  34.843 0.6000000238
158165  30.122  -83.034  27.519 0.3000000119
3252  26.971  -82.228  24.984 0.3000000119
4447  27.380  -80.629  24.528 0.3000000119
3800  27.148  -81.392  24.798 0.3000000119
3793  27.597  -81.841  25.480 0.3000000119
143567  27.247  -80.384  23.853 0.3000000119
12093  20.495  -70.550  4.302 0.6000000238
1500  11.639  -87.673  48.422 0.2000000030
1168  11.212  -88.375  49.674 0.1000000015
864  11.542  -88.821  50.842 0.1000000015
147219  12.077  -88.715  47.936 0.2000000030
892  12.603  -89.422  47.403 0.2000000030
631  14.278  -90.114  45.428 0.3000000119
146097  13.422  -89.881  46.388 0.2000000030
395  14.794  -90.405  45.131 0.4000000060
122  15.541  -92.117  40.966 0.4000000060
154443  16.550  -92.558  39.817 0.6000000238
125  16.037  -92.392  40.386 0.4000000060
126  15.467  -92.157  40.394 0.5000000000
72  15.687  -93.582  36.452 0.6000000238
65  15.746  -93.428  37.878 0.6000000238
63  15.985  -92.979  38.977 0.6000000238
138721  15.416  -93.077  38.431 0.5000000000
272  13.134  -92.926  34.442 0.6000000238
280  13.725  -91.642  33.958 0.6000000238
3204  29.980  -82.399  27.308 0.3000000119
3783  28.343  -81.449  25.995 0.3000000119
4438  28.384  -80.481  25.649 0.3000000119
4446  27.917  -80.147  24.954 0.2000000030
4439  27.720  -80.953  25.286 0.3000000119
10295  18.799  -71.750  6.938 0.6000000238
1513  11.266  -86.481  48.920 0.1000000015
142080  12.327  -87.211  47.297 0.2000000030
1150  11.158  -87.797  51.180 0.1000000015
1501  10.993  -87.401  49.738 0.1000000015
1186  12.706  -88.195  46.983 0.2000000030
1493  13.518  -86.984  50.046 0.1000000015
1148  11.974  -87.849  51.321 0.1000000015
140909  15.139  -85.924  49.316 0.1000000015
1156  12.640  -87.798  50.706 0.2000000030
1157  12.015  -88.882  51.015 0.2000000030
1850  14.722  -85.950  48.768 0.1000000015
895  13.954  -88.483  45.319 0.2000000030
162244  13.602  -88.765  45.858 0.2000000030
637  15.069  -90.327  44.333 0.3000000119
163911  14.801  -89.701  44.327 0.2000000030
896  13.809  -89.499  45.780 0.2000000030
406  15.508  -91.015  42.486 0.4000000060
659  15.522  -90.614  42.239 0.3000000119
135  15.090  -92.882  38.136 0.6000000238
132  15.459  -92.517  38.944 0.4000000060
67  14.659  -93.244  36.967 0.6000000238
73  14.300  -93.830  35.561 0.6000000238
273  12.292  -92.658  34.573 0.6000000238
155103  14.202  -93.802  35.109 0.6000000238
139628  11.344  -90.736  35.015 0.6000000238
722  11.740  -89.643  34.712 0.6000000238
710  11.108  -89.920  35.415 0.6000000238
1512  11.829  -86.385  47.818 0.2000000030
142943  12.892  -87.148  46.435 0.2000000030
138232  13.349  -88.004  45.972 0.2000000030
902  14.507  -88.587  44.611 0.2000000030
643  15.203  -89.505  43.629 0.2000000030
649  15.793  -89.500  42.453 0.2000000030
239  15.442  -91.727  40.569 0.3000000119
420  15.593  -91.109  40.952 0.3000000119
147307  16.311  -90.123  40.934 0.3000000119
138  14.485  -92.953  36.992 0.5000000000
246  15.432  -91.967  38.284 0.5000000000
139  13.963  -93.304  36.226 0.5000000000
71  13.517  -93.844  35.409 0.6000000238
140  12.995  -93.702  35.472 0.6000000238
149  13.091  -93.835  34.878 0.6000000238
150  12.396  -93.500  34.937 0.6000000238
142  11.489  -92.682  35.676 0.6000000238
159267  11.801  -92.401  34.773 0.6000000238
463  11.110  -91.733  35.529 0.6000000238
146666  10.850  -90.998  35.665 0.6000000238
976  10.458  -88.159  36.733 0.6000000238
1525  12.452  -86.220  46.806 0.2000000030
1524  13.026  -86.352  45.967 0.2000000030
152667  13.346  -87.061  45.774 0.2000000030
1906  13.800  -85.930  44.737 0.2000000030
1548  14.128  -86.831  44.571 0.2000000030
1205  14.592  -87.635  44.170 0.2000000030
909  15.411  -88.451  43.266 0.2000000030
924  15.805  -88.460  42.597 0.2000000030
250  15.199  -92.148  37.327 0.4000000060
440  15.934  -91.146  37.507 0.3000000119
145332  16.497  -90.730  39.130 0.3000000119
668  16.968  -90.036  39.326 0.3000000119
139413  13.292  -93.163  35.992 0.6000000238
257  13.975  -92.251  36.187 0.6000000238
452  14.249  -90.897  36.214 0.4000000060
441  15.496  -91.114  36.862 0.4000000060
684  16.465  -90.157  37.711 0.3000000119
141  11.833  -92.903  35.614 0.6000000238
259  12.017  -92.484  36.135 0.6000000238
251  11.469  -92.148  36.696 0.6000000238
253  10.387  -92.033  37.380 0.6000000238
252  10.762  -92.135  37.112 0.6000000238
261  10.649  -92.145  36.790 0.6000000238
711  10.529  -90.730  36.326 0.6000000238
11993  14.940  -70.469  12.002 0.5000000000
11994  14.272  -69.999  12.382 0.5000000000
11983  14.085  -70.283  13.632 0.5000000000
1558  14.639  -86.673  43.641 0.2000000030
1210  15.495  -87.587  42.784 0.2000000030
1217  15.951  -87.592  42.074 0.2000000030
931  17.189  -88.397  40.237 0.3000000119
932  16.845  -88.831  41.036 0.3000000119
442  11.519  -91.607  37.318 0.6000000238
163128  12.041  -90.742  37.594 0.5000000000
700  13.415  -90.200  36.498 0.5000000000
443  10.551  -91.906  37.829 0.6000000238
444  10.192  -91.671  38.090 0.6000000238
11991  16.165  -70.793  12.437 0.5000000000
11992  15.582  -70.636  12.205 0.5000000000
11092  16.435  -71.354  12.821 0.5000000000
1557  15.137  -86.904  42.995 0.2000000030
148983  16.897  -87.879  40.652 0.2000000030
942  17.353  -88.411  39.445 0.2000000030
673  17.265  -89.251  38.924 0.3000000119
685  13.173  -89.422  36.895 0.4000000060
697  15.520  -89.635  36.462 0.4000000060
675  11.867  -89.905  38.474 0.6000000238
415  9.560  -90.773  41.558 0.6000000238
660  10.253  -90.392  41.502 0.6000000238
402  9.011  -90.655  43.674 0.6000000238
12848  16.262  -70.142  12.825 0.5000000000
11967  16.800  -70.299  14.390 0.4000000060
11981  16.525  -70.578  13.304 0.5000000000
155998  17.342  -88.361  38.483 0.2000000030
156975  15.860  -88.805  36.466 0.2000000030
951  16.999  -89.127  37.870 0.2000000030
952  12.332  -88.740  38.232 0.3000000119
962  12.878  -88.667  37.378 0.3000000119
916  10.295  -89.017  42.377 0.4000000060
953  11.803  -89.233  39.003 0.5000000000
1549  9.104  -88.589  44.647 0.5000000000
911  9.497  -89.079  43.891 0.5000000000
1231  11.650  -88.229  39.511 0.3000000119
145972  8.516  -89.142  45.438 0.6000000238
1187  7.607  -88.109  46.519 0.6000000238
893  7.253  -88.469  46.438 0.6000000238
1515  6.375  -86.489  47.828 0.6000000238
6129  8.527  -77.497  37.497 0.2000000030
6117  6.699  -77.029  38.552 0.2000000030
6147  6.486  -76.352  37.014 0.1000000015
6810  6.243  -75.986  36.769 0.1000000015
7534  6.041  -75.564  36.299 0.1000000015
163081  5.756  -74.115  35.840 0.1000000015
146869  4.964  -74.849  39.810 0.2000000030
157548  4.724  -74.422  40.802 0.2000000030
151352  4.865  -74.257  39.246 0.1000000015
9060  4.695  -73.113  39.644 0.2000000030
9045  4.817  -72.632  40.610 0.2000000030
9896  4.749  -72.013  39.828 0.2000000030
5507  11.000  -78.984  40.282 0.5000000000
5519  12.009  -78.810  38.136 0.3000000119
6143  12.300  -77.765  36.694 0.4000000060
6858  16.966  -76.627  31.707 0.1000000015
6183  14.943  -77.484  32.758 0.1000000015
161899  15.096  -77.003  32.538 0.1000000015
6861  14.668  -76.749  32.746 0.1000000015
147576  10.613  -77.975  40.270 0.6000000238
162156  11.346  -78.068  38.950 0.4000000060
6786  11.830  -77.065  37.095 0.4000000060
140009  11.187  -77.420  38.657 0.4000000060
6109  10.432  -77.046  39.922 0.6000000238
6824  12.296  -76.631  35.494 0.1000000015
6778  10.456  -75.878  39.174 0.4000000060
157877  13.008  -76.743  34.442 0.1000000015
6833  12.507  -76.336  34.756 0.1000000015
6860  15.235  -76.548  32.326 0.1000000015
7572  14.007  -76.365  33.118 0.1000000015
6108  10.926  -77.682  39.406 0.6000000238
6787  11.208  -76.343  37.436 0.4000000060
6772  10.675  -76.837  39.174 0.5000000000
7533  11.028  -75.435  37.034 0.4000000060
7519  10.803  -75.441  37.834 0.4000000060
7593  15.483  -75.828  31.954 0.1000000015
7595  13.728  -75.564  32.874 0.1000000015
7573  13.074  -75.209  33.172 0.1000000015
7559  12.171  -75.512  34.398 0.2000000030
6825  11.715  -76.065  35.937 0.3000000119
7574  12.590  -75.310  33.691 0.1000000015
8299  11.297  -74.503  36.676 0.5000000000
8287  11.110  -74.514  37.669 0.5000000000
7552  11.340  -75.104  35.730 0.5000000000
7600  15.859  -75.004  31.536 0.1000000015
8350  15.073  -74.484  31.416 0.1000000015
8341  14.777  -75.065  31.896 0.1000000015
7560  11.602  -74.816  34.926 0.4000000060
9086  11.649  -73.381  37.732 0.5000000000
8351  14.463  -74.292  31.632 0.1000000015
9141  13.328  -73.775  32.326 0.2000000030
8329  12.579  -74.505  33.303 0.1000000015
8314  11.740  -74.044  34.880 0.4000000060
16021  17.021  -65.396  29.804 0.4000000060
16863  18.310  -64.505  27.327 0.4000000060
16850  18.103  -64.763  28.090 0.4000000060
24405  18.386  -56.689  17.500 0.3000000119
23458  17.905  -57.369  17.869 0.3000000119
160779  11.796  -73.536  36.804 0.5000000000
8315  11.603  -74.055  35.778 0.5000000000
9155  14.700  -73.625  31.249 0.2000000030
151781  13.491  -72.885  32.303 0.2000000030
9117  12.795  -72.876  34.425 0.3000000119
9118  12.169  -73.520  34.564 0.5000000000
22480  17.420  -57.970  18.142 0.4000000060
20509  14.961  -59.329  17.865 0.4000000060
137975  19.339  -56.826  17.412 0.3000000119
22481  16.516  -58.112  18.168 0.4000000060
23470  20.062  -57.472  17.145 0.4000000060
9085  12.103  -72.593  37.303 0.5000000000
9153  16.201  -73.691  30.681 0.2000000030
9154  15.409  -73.289  30.783 0.2000000030
10019  15.457  -72.431  30.706 0.2000000030
145920  12.306  -73.007  36.456 0.5000000000
10008  14.077  -72.680  31.738 0.2000000030
10883  14.454  -71.782  31.911 0.3000000119
9988  14.320  -71.599  34.004 0.3000000119
9977  14.025  -71.403  34.983 0.4000000060
9965  13.327  -72.049  35.385 0.4000000060
23457  19.028  -57.539  17.708 0.4000000060
22470  17.342  -58.807  18.349 0.4000000060
21448  16.151  -58.972  18.312 0.4000000060
24414  20.643  -56.908  16.655 0.3000000119
22478  19.512  -58.532  17.458 0.4000000060
10898  15.657  -71.675  30.695 0.2000000030
10897  16.370  -71.409  30.269 0.2000000030
10873  15.136  -71.114  32.216 0.3000000119
10882  15.079  -71.639  31.271 0.3000000119
155943  15.642  -70.531  32.520 0.3000000119
10865  15.310  -70.624  33.371 0.4000000060
9947  12.448  -72.118  36.755 0.5000000000
10874  14.754  -71.329  33.125 0.3000000119
11738  14.859  -70.414  34.202 0.4000000060
10845  13.490  -71.164  35.603 0.4000000060
20426  22.075  -60.751  24.763 0.6000000238
20402  23.458  -60.067  25.670 0.6000000238
22469  18.173  -59.131  18.219 0.4000000060
23480  20.702  -57.574  16.237 0.4000000060
158504  15.709  -70.784  31.357 0.3000000119
144623  16.932  -70.837  30.059 0.1000000015
11748  16.014  -70.190  32.308 0.4000000060
11757  16.874  -69.689  31.048 0.3000000119
142952  24.705  -57.118  26.893 0.6000000238
24418  16.339  -56.019  16.826 0.4000000060
11769  16.476  -70.420  30.695 0.3000000119
11758  16.438  -70.022  31.723 0.3000000119
11789  18.513  -70.595  29.229 0.1000000015
11768  17.119  -70.125  30.219 0.2000000030
143726  18.551  -69.671  29.296 0.1000000015
139483  17.396  -69.467  30.566 0.3000000119
13571  20.488  -68.460  27.778 0.4000000060
14479  21.989  -67.210  25.610 0.2000000030
141641  13.928  -55.006  15.417 0.4000000060
26291  13.130  -54.435  15.915 0.4000000060
142899  16.809  -50.262  18.642 0.3000000119
29609  15.806  -50.228  18.864 0.3000000119
30586  15.113  -49.340  18.964 0.3000000119
29667  15.003  -50.414  16.017 0.5000000000
29605  19.969  -50.576  18.582 0.2000000030
29606  19.257  -50.497  18.512 0.3000000119
30585  17.337  -49.528  18.513 0.4000000060
145519  16.289  -49.376  18.659 0.4000000060
149634  14.792  -48.311  18.851 0.4000000060
31607  16.215  -48.457  15.641 0.4000000060
31606  17.009  -48.516  16.118 0.4000000060
30635  15.864  -49.315  15.783 0.5000000000
30620  16.410  -49.236  16.022 0.4000000060
30584  18.244  -49.468  18.452 0.4000000060
31564  17.024  -48.785  18.475 0.4000000060
136397  15.627  -48.748  18.731 0.4000000060
157262  17.677  -47.856  16.192 0.3000000119
31622  16.859  -47.669  15.697 0.4000000060
32572  16.497  -47.086  15.626 0.3000000119
32570  17.898  -46.616  15.758 0.3000000119
1903  21.918  -84.874  45.074 0.1000000015
161920  7.863  -77.198  37.920 0.2000000030
157681  5.165  -74.169  37.847 0.1000000015
8276  5.185  -74.692  38.269 0.1000000015
6809  6.467  -76.122  36.540 0.1000000015
146525  5.843  -75.605  37.051 0.1000000015
8316  5.785  -74.886  35.963 0.1000000015
7510  5.561  -75.563  37.851 0.1000000015
2829  25.968  -83.220  22.859 0.3000000119
3962  22.850  -80.088  8.942 0.6000000238
3970  22.382  -80.222  8.118 0.6000000238
151094  27.233  -83.263  15.961 0.5000000000
3322  28.649  -82.582  17.409 0.4000000060
3874  28.718  -81.360  18.259 0.4000000060
11171  17.074  -70.914  6.278 0.6000000238
8647  23.293  -73.877  2.108 0.3000000119
4519  27.786  -80.287  19.633 0.4000000060
161050  6.117  -76.392  37.814 0.1000000015
6789  6.001  -76.107  37.474 0.1000000015
7511  5.246  -75.308  38.763 0.1000000015
16015  15.034  -65.240  30.607 0.2000000030
29603  21.928  -50.713  19.271 0.3000000119
6464  23.378  -76.552  0.613 0.4000000060
845  12.940  -88.835  22.231 0.2000000030
154166  16.256  -47.784  15.567 0.5000000000
6463  24.373  -76.938  0.440 0.4000000060
2388  23.849  -84.847  26.699 0.6000000238
2375  24.452  -84.208  26.853 0.6000000238
150923  26.475  -83.319  24.158 0.3000000119
1260  10.201  -87.132  36.595 0.6000000238
464  10.674  -91.751  36.261 0.6000000238
433  11.332  -91.087  38.157 0.5000000000
664  10.313  -90.684  40.778 0.6000000238
686  12.407  -89.816  37.709 0.5000000000
933  10.802  -90.160  40.289 0.6000000238
638  8.282  -90.233  44.830 0.6000000238
644  9.251  -90.191  43.849 0.6000000238
1527  7.370  -87.142  47.120 0.6000000238
12654  18.955  -69.167  29.110 0.2000000030
14463  21.629  -67.655  26.211 0.4000000060
15276  21.657  -66.482  25.433 0.4000000060
16873  18.550  -64.236  26.529 0.4000000060
21308  23.589  -59.322  26.090 0.6000000238
140826  14.035  -48.743  19.147 0.4000000060
31574  16.647  -48.027  18.487 0.4000000060
13585  21.158  -68.668  27.336 0.2000000030
3104  21.373  -82.878  36.558 0.3000000119
141519  24.968  -75.486  0.476 0.3000000119
448  18.567  -90.754  36.609 0.4000000060
245  18.942  -92.020  38.826 0.4000000060
134  17.610  -92.778  37.826 0.5000000000
64  16.727  -93.286  37.789 0.5000000000
130  18.015  -92.512  38.508 0.4000000060
474  12.253  -91.623  34.379 0.6000000238
10866  14.885  -70.988  34.019 0.4000000060
156441  14.100  -70.804  35.196 0.4000000060
7894  25.603  -75.939  0.956 0.2000000030
1118  12.693  -88.125  21.868 0.2000000030
148746  25.904  -81.274  28.115 0.5000000000
3758  24.986  -81.264  28.066 0.5000000000
3205  24.914  -82.706  27.423 0.5000000000
3757  26.383  -82.102  27.955 0.6000000238
2772  23.463  -83.283  27.488 0.5000000000
2046  22.497  -85.597  27.927 0.5000000000
2058  23.161  -84.758  27.069 0.5000000000
3746  27.960  -80.994  28.953 0.5000000000
4580  24.565  -79.786  11.845 0.5000000000
4641  22.958  -79.914  2.970 0.4000000060
3596  23.024  -81.397  41.290 0.1000000015
4254  22.813  -80.277  38.199 0.3000000119
150311  21.623  -82.385  35.940 0.4000000060
4360  22.833  -80.638  32.562 0.5000000000
2352  22.530  -84.645  30.594 0.5000000000
3347  27.655  -82.010  14.946 0.3000000119
3908  27.132  -81.131  14.421 0.2000000030
3339  27.608  -82.532  15.752 0.4000000060
4626  23.897  -80.008  5.778 0.3000000119
1191  17.324  -88.694  45.391 0.2000000030
3606  25.627  -82.059  40.496 0.2000000030
138470  23.443  -79.920  37.629 0.3000000119
4235  25.439  -81.307  39.298 0.2000000030
4251  25.364  -80.786  38.545 0.2000000030
4272  22.664  -80.416  37.208 0.3000000119
4930  25.316  -79.821  35.549 0.3000000119
3659  25.936  -81.833  36.049 0.2000000030
154731  25.358  -80.267  37.105 0.3000000119
147809  23.318  -79.977  36.821 0.3000000119
4287  23.041  -80.170  36.154 0.3000000119
140597  24.036  -79.551  35.210 0.4000000060
4304  23.302  -79.985  35.426 0.4000000060
4338  23.506  -79.764  33.807 0.5000000000
2857  30.838  -83.393  18.316 0.2000000030
2442  31.793  -84.454  20.445 0.1000000015
2462  31.128  -84.088  18.151 0.2000000030
3311  30.558  -82.523  18.559 0.2000000030
3303  30.661  -81.866  19.052 0.2000000030
2471  31.324  -84.148  17.586 0.2000000030
2474  29.389  -83.451  17.137 0.3000000119
2865  29.511  -83.274  17.389 0.2000000030
3321  29.423  -82.615  17.698 0.3000000119
2886  28.929  -83.054  15.904 0.3000000119
2866  28.811  -83.026  17.187 0.4000000060
3337  29.296  -82.209  15.518 0.2000000030
3919  27.156  -80.590  13.578 0.2000000030
642  18.858  -89.550  43.537 0.2000000030
2607  25.729  -83.469  43.287 0.1000000015
2621  26.266  -83.453  42.525 0.1000000015
3068  25.799  -82.263  39.200 0.2000000030
4322  22.856  -80.484  34.789 0.4000000060
157245  23.042  -80.297  34.155 0.5000000000
3716  22.497  -81.562  32.174 0.5000000000
2834  32.254  -83.331  21.605 0.1000000015
3293  30.842  -81.237  19.592 0.2000000030
3336  30.190  -82.223  15.565 0.1000000015
149086  27.771  -80.849  13.936 0.2000000030
137713  26.057  -79.772  10.429 0.2000000030
143087  25.584  -79.985  5.896 0.1000000015
885  15.530  -89.654  48.112 0.2000000030
628  16.658  -89.894  46.878 0.3000000119
636  17.803  -89.661  44.946 0.2000000030
388  17.231  -90.164  45.373 0.3000000119
404  18.487  -90.508  42.869 0.4000000060
2300  27.840  -85.708  36.805 0.1000000015
2410  33.492  -84.934  23.330 0.1000000015
1166  14.012  -87.412  48.639 0.2000000030
228  17.873  -91.073  42.191 0.4000000060
237  18.661  -91.623  40.613 0.4000000060
242  18.912  -91.870  39.766 0.4000000060
232  18.292  -91.353  41.440 0.5000000000
5103  31.026  -79.637  20.571 0.1000000015
12090  24.389  -70.000  3.018 0.3000000119
1848  15.862  -85.943  49.319 0.1000000015
5048  27.666  -79.943  24.168 0.2000000030
626  12.743  -90.215  47.767 0.2000000030
227  15.561  -91.039  42.694 0.3000000119
1149  11.557  -88.015  51.245 0.1000000015
1840  14.572  -86.323  49.986 0.1000000015
163654  14.630  -90.124  44.841 0.2000000030
235  15.430  -91.782  41.270 0.4000000060
66  15.182  -93.240  37.826 0.6000000238
156431  15.186  -90.232  43.814 0.2000000030
151362  15.458  -91.252  41.874 0.4000000060
140482  15.435  -92.118  39.911 0.4000000060
150853  15.411  -92.360  39.016 0.5000000000
154861  14.200  -87.758  44.784 0.2000000030
243  15.580  -91.776  39.456 0.3000000119
426  16.261  -90.763  40.093 0.3000000119
258  13.240  -91.991  36.138 0.6000000238
663  17.114  -89.414  40.020 0.3000000119
260  11.237  -92.298  36.277 0.6000000238
453  13.587  -90.796  36.259 0.4000000060
454  12.632  -91.391  36.488 0.6000000238
451  15.171  -90.538  36.443 0.4000000060
698  14.634  -89.869  36.184 0.5000000000
974  14.905  -88.994  36.130 0.3000000119
917  9.789  -89.618  43.096 0.6000000238
934  10.769  -89.502  41.074 0.5000000000
153073  11.248  -88.831  40.328 0.4000000060
925  10.591  -88.528  41.645 0.4000000060
147761  9.868  -88.345  42.963 0.5000000000
161833  8.701  -88.112  45.164 0.6000000238
1195  8.231  -88.266  45.882 0.6000000238
6130  7.085  -76.962  37.976 0.2000000030
6788  6.309  -76.264  37.216 0.1000000015
162055  5.469  -73.645  36.659 0.1000000015
7535  5.623  -74.942  36.656 0.1000000015
9074  5.107  -73.308  37.899 0.1000000015
6806  11.512  -76.261  36.671 0.3000000119
8322  11.992  -74.487  34.094 0.1000000015
152533  13.937  -74.476  32.045 0.2000000030
9127  12.369  -73.665  33.692 0.3000000119
9989  13.467  -72.425  33.223 0.3000000119
9966  12.749  -72.444  36.002 0.3000000119
9978  13.574  -72.213  34.358 0.3000000119
154269  16.934  -73.822  30.650 0.2000000030
10018  16.181  -72.412  30.335 0.2000000030
10915  17.610  -70.717  29.693 0.1000000015
12655  17.839  -69.750  29.787 0.2000000030
31565  16.272  -48.616  18.597 0.4000000060
7521  5.449  -74.903  37.435 0.1000000015
1641  34.090  -86.255  32.603 0.2000000030
2328  34.867  -85.131  33.075 0.2000000030
149792  28.535  -85.163  29.275 0.3000000119
1994  34.292  -85.497  34.577 0.1000000015
147677  34.621  -85.523  33.659 0.2000000030
152103  34.387  -86.016  32.126 0.2000000030
158642  35.138  -84.504  33.261 0.2000000030
1662  34.043  -86.533  32.008 0.2000000030
2012  30.446  -85.341  30.408 0.3000000119
2350  29.528  -84.457  29.675 0.3000000119
2019  29.462  -85.878  29.961 0.3000000119
1642  33.747  -86.306  32.812 0.2000000030
137290  30.521  -80.307  32.333 0.1000000015
3721  31.534  -81.695  31.730 0.1000000015
3144  32.499  -82.711  32.579 0.1000000015
2330  33.238  -84.750  33.124 0.1000000015
2327  35.085  -85.165  34.009 0.2000000030
2754  29.184  -83.732  29.423 0.3000000119
160503  31.206  -85.386  30.766 0.3000000119
2727  35.080  -83.643  33.075 0.2000000030
2011  31.808  -86.021  31.424 0.3000000119
148861  34.858  -84.243  32.419 0.2000000030
2336  34.678  -85.224  32.245 0.2000000030
4369  30.440  -80.414  31.532 0.2000000030
3722  31.009  -81.137  31.387 0.2000000030
3145  32.067  -81.993  32.367 0.1000000015
2728  33.303  -84.098  33.752 0.1000000015
2738  32.424  -83.424  31.969 0.1000000015
2324  33.933  -85.344  34.685 0.1000000015
2349  30.250  -84.506  30.102 0.3000000119
2344  30.994  -84.630  30.522 0.3000000119
2733  34.726  -83.312  32.407 0.2000000030
1643  33.410  -86.159  32.783 0.2000000030
3151  34.415  -82.601  32.135 0.2000000030
4335  29.538  -80.375  33.470 0.2000000030
4354  29.318  -80.083  32.651 0.2000000030
4334  30.467  -80.377  33.676 0.1000000015
145150  29.882  -79.985  32.128 0.2000000030
4382  30.089  -80.510  30.781 0.2000000030
3732  30.607  -81.112  30.833 0.2000000030
3163  31.504  -82.467  31.114 0.1000000015
154232  30.582  -81.893  30.376 0.2000000030
2739  31.833  -83.269  31.254 0.1000000015
2005  33.516  -85.672  33.277 0.1000000015
2337  32.726  -84.423  32.269 0.1000000015
2747  30.744  -83.796  30.310 0.3000000119
3143  34.768  -82.726  32.920 0.2000000030
2343  31.718  -84.888  31.057 0.2000000030
1999  34.168  -85.902  33.605 0.2000000030
4370  29.536  -79.959  31.250 0.2000000030
4383  29.456  -80.438  30.306 0.3000000119
3733  30.072  -81.158  30.220 0.2000000030
159029  31.029  -82.417  30.599 0.1000000015
2342  32.154  -84.182  31.468 0.1000000015
150362  33.055  -85.378  32.640 0.1000000015
2740  31.490  -83.968  30.793 0.1000000015
145748  29.651  -82.943  29.588 0.3000000119
2338  32.478  -85.283  31.814 0.2000000030
11082  13.980  -71.259  14.938 0.4000000060
9356  9.348  -72.743  12.274 0.3000000119
4371  28.585  -79.724  31.523 0.2000000030
3165  29.959  -82.036  29.793 0.2000000030
3164  30.487  -82.852  30.111 0.2000000030
2746  31.228  -83.126  30.634 0.1000000015
2748  30.010  -83.720  29.801 0.3000000119
11969  13.531  -70.572  14.648 0.4000000060
11083  12.977  -71.187  15.304 0.4000000060
10207  16.001  -72.504  13.144 0.5000000000
11093  15.623  -71.802  12.815 0.4000000060
10208  15.410  -72.101  13.514 0.4000000060
150415  16.552  -72.948  13.336 0.5000000000
4336  28.556  -80.558  33.117 0.2000000030
11091  16.744  -71.917  13.154 0.4000000060
10216  16.014  -71.935  12.682 0.4000000060
11101  15.757  -71.434  12.508 0.4000000060
11982  14.686  -71.050  13.355 0.4000000060
10178  17.674  -72.531  14.580 0.3000000119
10192  17.469  -73.252  13.893 0.4000000060
9332  17.285  -73.863  13.616 0.4000000060
9406  9.669  -72.255  8.183 0.3000000119
11952  17.968  -70.601  16.146 0.3000000119
11966  17.235  -70.994  14.799 0.4000000060
11980  16.845  -71.141  13.776 0.4000000060
11065  18.172  -71.496  16.001 0.3000000119
11066  17.688  -71.715  15.193 0.4000000060
11080  17.254  -71.824  14.092 0.4000000060
10177  18.413  -72.507  15.611 0.4000000060
9405  10.144  -73.133  7.616 0.2000000030
11939  18.468  -70.170  16.706 0.3000000119
9319  17.884  -73.852  14.188 0.4000000060
12820  17.820  -69.652  16.198 0.3000000119
9318  18.689  -74.060  14.742 0.4000000060
13717  17.894  -68.629  16.289 0.3000000119
11055  18.663  -71.101  16.616 0.3000000119
140071  18.501  -68.792  16.879 0.3000000119
11938  19.034  -69.555  17.267 0.3000000119
14610  16.258  -67.739  14.199 0.3000000119
10168  18.970  -72.016  16.412 0.3000000119
13702  18.449  -68.006  16.627 0.3000000119
13718  17.362  -67.986  15.582 0.3000000119
13685  19.898  -68.205  17.720 0.3000000119
13701  19.069  -68.367  17.255 0.3000000119
14600  18.014  -67.609  15.982 0.3000000119
15408  17.718  -67.022  15.349 0.3000000119
149217  19.638  -68.975  17.649 0.3000000119
15422  16.734  -66.930  14.301 0.4000000060
14562  20.231  -67.285  17.794 0.3000000119
140970  19.173  -66.833  16.723 0.3000000119
14586  18.562  -67.075  16.220 0.3000000119
15421  17.347  -66.594  14.652 0.3000000119
15435  16.996  -66.176  14.001 0.3000000119
141165  18.876  -66.201  16.141 0.2000000030
15420  17.838  -66.274  14.989 0.3000000119
16219  18.189  -65.668  14.936 0.2000000030
162028  12.411  -85.532  46.788 0.1000000015
147364  16.666  -60.362  10.680 0.3000000119
157132  15.683  -60.906  11.495 0.3000000119
20575  16.574  -60.240  11.436 0.3000000119
1503  6.080  -85.791  48.259 0.5000000000
136296  8.494  -87.236  45.269 0.5000000000
1514  6.977  -86.505  47.845 0.5000000000
1863  7.026  -85.634  48.118 0.5000000000
2207  7.088  -84.637  48.054 0.5000000000
22492  19.746  -59.217  16.509 0.3000000119
146681  9.153  -85.256  42.888 0.4000000060
1919  8.808  -85.205  43.618 0.4000000060
158092  8.806  -85.850  43.909 0.5000000000
1541  7.863  -86.379  46.478 0.5000000000
2644  9.692  -83.581  41.259 0.3000000119
2274  9.554  -84.214  41.591 0.4000000060
2257  8.929  -84.472  43.161 0.4000000060
1907  8.501  -85.418  44.507 0.4000000060
163142  8.027  -85.829  45.907 0.5000000000
2283  10.324  -84.378  40.015 0.3000000119
2225  8.298  -84.537  44.877 0.5000000000
2226  7.994  -84.605  45.760 0.5000000000
2215  7.482  -85.149  47.342 0.5000000000
141167  7.523  -84.247  47.178 0.5000000000
3054  9.579  -82.931  41.816 0.4000000060
2632  9.404  -83.684  42.003 0.4000000060
3040  9.846  -82.079  41.750 0.5000000000
144491  9.119  -82.940  43.059 0.5000000000
148831  18.805  -59.181  17.826 0.3000000119
22502  20.027  -58.964  15.584 0.3000000119
22501  20.507  -58.246  15.537 0.3000000119
22491  20.228  -58.356  16.513 0.3000000119
148547  10.347  -81.868  41.017 0.4000000060
3600  10.231  -81.229  41.672 0.5000000000
3588  9.691  -81.446  42.495 0.5000000000
4216  9.710  -80.588  42.820 0.5000000000
4209  9.354  -80.351  43.556 0.5000000000
23506  20.777  -57.683  14.090 0.3000000119
24447  21.037  -57.022  13.230 0.3000000119
24436  21.255  -56.908  14.579 0.3000000119
23492  20.908  -57.579  15.204 0.3000000119
24435  21.388  -56.149  13.874 0.3000000119
4224  10.462  -80.468  41.660 0.5000000000
4868  10.117  -80.131  42.304 0.5000000000
4875  10.441  -79.742  41.755 0.5000000000
4869  9.626  -79.733  43.008 0.5000000000
9881  4.993  -72.047  40.522 0.2000000030
5499  10.452  -78.511  41.053 0.5000000000
12586  7.449  -69.550  36.773 0.2000000030
11692  6.957  -70.132  38.134 0.2000000030
11716  7.636  -69.856  36.101 0.2000000030
24416  18.876  -55.973  17.110 0.3000000119
25345  18.816  -55.094  16.698 0.3000000119
159840  17.881  -56.030  17.130 0.3000000119
140465  19.793  -55.574  16.742 0.3000000119
25346  17.917  -55.309  16.788 0.3000000119
24417  17.123  -55.716  16.852 0.3000000119
24420  14.311  -56.248  15.883 0.3000000119
25347  16.467  -55.429  16.503 0.3000000119
25348  15.760  -55.513  16.266 0.3000000119
25349  14.927  -55.595  15.798 0.3000000119
17739  18.914  -63.915  25.748 0.5000000000
26275  17.649  -54.554  16.518 0.3000000119
147564  17.004  -55.022  16.460 0.3000000119
26277  16.136  -54.860  16.181 0.3000000119
25358  14.617  -55.096  15.469 0.3000000119
26276  16.678  -54.125  16.342 0.3000000119
26290  14.698  -54.363  15.531 0.3000000119
140459  13.897  -54.301  15.545 0.3000000119
26288  15.609  -54.178  15.930 0.3000000119
27124  14.373  -53.520  15.713 0.3000000119
27112  15.930  -53.337  16.151 0.3000000119
27123  15.092  -53.448  15.718 0.3000000119
155682  14.345  -52.909  15.941 0.4000000060
27937  14.757  -52.759  15.772 0.4000000060
27113  13.858  -53.107  16.164 0.4000000060
31476  20.882  -48.058  30.707 0.1000000015
32413  19.961  -47.153  30.251 0.1000000015
32435  20.415  -47.002  29.689 0.1000000015
17008  19.532  -64.798  16.200 0.2000000030
10819  7.248  -70.475  37.720 0.2000000030
17752  20.328  -63.308  24.629 0.4000000060
27125  13.656  -53.769  15.899 0.5000000000
2600  8.486  -83.672  44.428 0.5000000000
145555  8.132  -83.787  45.315 0.5000000000
2356  28.752  -84.493  29.312 0.4000000060
152956  14.672  -70.652  12.656 0.4000000060
1526  8.026  -87.281  46.231 0.5000000000
11081  14.738  -71.530  14.217 0.4000000060
10205  16.891  -73.113  13.345 0.5000000000
10206  16.443  -72.389  13.086 0.4000000060
11094  15.157  -71.591  13.144 0.4000000060
152742  17.099  -72.568  13.457 0.4000000060
14563  19.493  -67.486  17.287 0.3000000119
1540  8.255  -86.243  45.445 0.5000000000
2264  9.307  -84.514  42.286 0.4000000060
2617  8.800  -83.660  43.541 0.4000000060
26289  15.306  -54.928  15.715 0.3000000119
575  9.153  -89.866  25.884 0.3000000119
811  7.557  -89.087  25.024 0.2000000030
2052  6.346  -84.709  28.797 0.3000000119
2368  5.201  -84.598  29.020 0.3000000119
152283  6.566  -89.256  26.179 0.2000000030
812  6.762  -89.158  25.320 0.2000000030
1397  6.572  -87.635  25.449 0.2000000030
1058  8.658  -87.924  28.386 0.3000000119
136009  8.729  -86.711  27.652 0.2000000030
1378  8.277  -86.549  26.843 0.2000000030
1728  8.540  -85.792  27.112 0.2000000030
2378  7.303  -84.385  27.684 0.2000000030
2367  7.009  -84.327  28.211 0.2000000030
2380  5.186  -83.640  27.530 0.2000000030
2764  5.769  -84.008  28.316 0.2000000030
2369  4.919  -83.942  28.845 0.2000000030
2757  4.777  -83.364  29.393 0.3000000119
1085  5.965  -88.144  25.876 0.2000000030
2765  4.954  -83.283  28.133 0.2000000030
145172  4.828  -82.940  28.748 0.2000000030
2379  6.250  -84.124  27.620 0.2000000030
1743  6.479  -85.620  25.727 0.2000000030
2083  5.887  -85.265  24.717 0.2000000030
1752  6.828  -86.337  25.445 0.2000000030
2346  4.492  -84.698  31.290 0.3000000119
163988  9.419  -73.779  13.035 0.2000000030
11170  18.114  -70.882  6.464 0.5000000000
12064  18.470  -69.810  6.246 0.5000000000
12079  19.802  -69.850  4.463 0.5000000000
12080  18.882  -70.067  4.445 0.5000000000
12944  17.618  -69.723  5.350 0.5000000000
12943  18.282  -69.405  5.343 0.5000000000
12950  20.092  -68.938  4.735 0.4000000060
12078  21.082  -69.612  4.334 0.4000000060
12957  22.157  -69.034  4.169 0.4000000060
12947  23.875  -68.908  3.837 0.2000000030
11158  19.954  -71.880  7.225 0.4000000060
11157  20.863  -71.665  7.764 0.3000000119
12054  20.568  -70.791  7.074 0.4000000060
12063  19.739  -69.942  6.490 0.5000000000
11169  19.272  -70.846  6.736 0.5000000000
12938  19.918  -69.042  6.221 0.5000000000
137177  19.042  -69.196  6.103 0.5000000000
13847  18.969  -68.959  5.458 0.5000000000
13851  20.425  -68.308  5.178 0.5000000000
13852  19.446  -68.797  5.101 0.5000000000
12092  22.437  -69.713  3.851 0.4000000060
13844  21.347  -67.662  5.097 0.4000000060
12949  21.316  -68.451  4.589 0.5000000000
12091  23.602  -69.781  3.346 0.2000000030
12956  23.369  -68.950  3.780 0.2000000030
12076  24.258  -69.503  3.541 0.2000000030
156688  23.884  -69.224  4.430 0.1000000015
12077  24.496  -70.085  3.946 0.2000000030
12071  23.743  -70.253  5.145 0.1000000015
11186  23.808  -71.146  5.090 0.1000000015
136112  22.873  -71.779  6.997 0.1000000015
140616  22.926  -72.707  8.334 0.1000000015
160896  9.427  -86.822  43.187 0.4000000060
1550  8.660  -86.402  44.500 0.4000000060
10275  20.454  -72.369  7.764 0.3000000119
12042  21.294  -70.638  8.125 0.3000000119
12053  21.148  -70.055  7.380 0.3000000119
152405  20.800  -68.771  6.479 0.5000000000
12936  21.228  -68.388  6.907 0.3000000119
13841  20.247  -68.392  5.859 0.5000000000
13845  20.882  -67.782  5.688 0.5000000000
13840  20.988  -67.803  6.281 0.4000000060
14714  21.637  -67.063  5.621 0.4000000060
13834  21.431  -67.423  6.996 0.3000000119
13843  23.062  -67.542  5.320 0.1000000015
12948  22.529  -68.299  4.330 0.3000000119
12089  24.583  -69.928  3.214 0.2000000030
12931  23.146  -69.451  6.832 0.1000000015
12935  23.309  -68.542  5.645 0.1000000015
156601  25.131  -71.180  3.335 0.2000000030
11196  24.901  -70.540  3.216 0.2000000030
12040  22.998  -70.816  7.860 0.1000000015
12052  23.017  -70.471  6.974 0.1000000015
12061  23.314  -69.875  5.922 0.1000000015
144102  25.559  -74.552  1.766 0.1000000015
158936  22.907  -71.208  7.224 0.1000000015
10294  23.157  -72.189  6.157 0.1000000015
10274  22.868  -72.531  7.334 0.1000000015
9372  23.160  -72.985  9.307 0.1000000015
6417  24.327  -78.116  5.432 0.1000000015
158153  24.411  -77.872  3.753 0.1000000015
153909  24.857  -77.090  3.134 0.1000000015
9398  22.916  -73.382  7.725 0.1000000015
142340  23.184  -73.819  9.251 0.1000000015
8551  23.648  -74.317  10.494 0.1000000015
9362  23.361  -73.657  9.950 0.1000000015
8550  24.075  -74.903  10.988 0.1000000015
144986  24.112  -77.690  5.977 0.1000000015
156199  21.200  -72.093  9.327 0.2000000030
9384  20.419  -73.597  8.762 0.4000000060
12024  21.410  -69.942  8.978 0.3000000119
11141  21.248  -71.432  8.768 0.3000000119
12932  21.397  -68.352  7.627 0.3000000119
153987  22.550  -66.860  5.751 0.1000000015
14710  22.145  -66.476  6.258 0.3000000119
13833  23.158  -68.285  6.837 0.1000000015
15524  22.164  -66.198  6.935 0.3000000119
14705  22.962  -67.012  6.979 0.2000000030
148012  23.056  -70.046  7.622 0.1000000015
10313  23.919  -72.118  4.957 0.1000000015
142046  23.129  -70.096  8.535 0.1000000015
9437  24.878  -72.827  3.806 0.1000000015
9426  24.133  -72.960  4.759 0.1000000015
9427  23.444  -73.127  5.713 0.1000000015
11140  23.113  -71.103  8.749 0.1000000015
11156  22.906  -71.753  7.948 0.1000000015
7877  25.371  -74.565  2.503 0.1000000015
8638  25.018  -74.162  3.271 0.1000000015
8622  24.608  -73.912  3.971 0.1000000015
8614  23.677  -73.926  5.324 0.1000000015
8603  23.224  -74.086  6.281 0.1000000015
8589  23.076  -74.119  7.263 0.1000000015
9413  23.017  -73.261  6.748 0.1000000015
10242  23.323  -72.217  9.905 0.1000000015
152512  23.375  -72.960  10.137 0.1000000015
7134  24.670  -76.278  3.476 0.1000000015
142821  25.153  -75.596  2.840 0.1000000015
7843  23.215  -75.091  6.905 0.1000000015
140920  23.194  -74.806  7.860 0.1000000015
149111  23.000  -74.078  8.033 0.1000000015
8574  23.192  -74.482  8.744 0.1000000015
7792  23.792  -75.148  10.188 0.1000000015
8540  23.906  -74.174  11.182 0.1000000015
155376  24.415  -77.085  3.840 0.1000000015
7791  24.392  -75.679  10.662 0.1000000015
7779  24.750  -75.347  11.434 0.1000000015
8530  25.186  -74.967  12.131 0.1000000015
6404  24.916  -78.101  7.292 0.1000000015
7761  26.489  -75.886  12.278 0.1000000015
7760  27.235  -75.624  12.773 0.1000000015
8563  20.367  -74.303  9.317 0.3000000119
138283  21.379  -70.611  9.164 0.2000000030
12041  21.412  -69.416  8.164 0.3000000119
15514  21.983  -66.160  7.442 0.3000000119
15512  22.582  -66.418  7.909 0.2000000030
159717  23.187  -67.965  7.608 0.2000000030
11123  23.295  -71.333  9.665 0.1000000015
7864  24.094  -75.612  4.433 0.1000000015
146783  24.445  -74.743  4.005 0.1000000015
8613  23.925  -74.649  4.755 0.1000000015
12023  23.278  -70.476  9.429 0.1000000015
9352  23.633  -73.441  10.810 0.1000000015
162478  24.363  -75.943  3.949 0.1000000015
141779  23.618  -75.643  5.335 0.1000000015
7852  23.384  -74.907  5.782 0.1000000015
7833  23.367  -75.637  7.734 0.1000000015
7804  23.537  -75.269  9.330 0.1000000015
7051  26.909  -76.513  11.748 0.1000000015
7120  23.773  -76.393  5.173 0.1000000015
164531  23.569  -76.257  5.718 0.1000000015
7842  23.394  -75.972  6.283 0.1000000015
6418  23.943  -77.242  5.247 0.1000000015
143374  23.939  -76.797  8.054 0.1000000015
9343  21.181  -74.308  12.219 0.2000000030
3613  10.766  -80.947  40.835 0.4000000060
9342  21.432  -73.479  12.682 0.2000000030
8499  20.125  -74.555  14.413 0.3000000119
4882  11.041  -79.676  40.556 0.4000000060
3625  11.364  -81.032  39.813 0.3000000119
4223  10.805  -80.072  41.060 0.4000000060
4241  11.585  -80.251  39.537 0.3000000119
4256  12.008  -80.088  38.721 0.2000000030
10191  18.186  -73.303  14.855 0.3000000119
4922  12.638  -79.213  36.873 0.1000000015
161629  11.981  -78.306  37.809 0.2000000030
5541  12.540  -78.474  36.636 0.1000000015
6805  12.089  -76.903  36.287 0.2000000030
14471  5.465  -67.372  26.562 0.1000000015
13615  5.246  -68.205  26.227 0.2000000030
16084  8.019  -64.635  25.768 0.1000000015
141456  5.282  -64.892  24.550 0.3000000119
16885  6.878  -64.326  25.855 0.1000000015
16085  5.166  -65.626  24.723 0.1000000015
16071  6.959  -65.019  26.276 0.1000000015
15269  5.267  -66.683  25.794 0.1000000015
160074  7.379  -62.668  24.829 0.1000000015
16904  6.619  -63.653  25.253 0.1000000015
18672  7.452  -62.102  24.493 0.1000000015
18673  6.506  -61.933  24.427 0.2000000030
21369  9.657  -59.242  23.097 0.1000000015
20445  7.642  -60.166  23.689 0.1000000015
22346  10.426  -57.416  26.277 0.1000000015
21371  7.928  -59.516  23.537 0.1000000015
22386  7.393  -58.884  23.743 0.2000000030
157568  9.112  -58.733  23.324 0.1000000015
22387  7.030  -58.813  23.526 0.3000000119
161873  9.445  -57.808  24.095 0.1000000015
140664  8.207  -58.724  23.617 0.2000000030
22385  10.574  -57.256  25.189 0.1000000015
22405  7.691  -58.057  24.109 0.1000000015
22406  6.682  -58.236  23.508 0.2000000030
23382  11.267  -55.888  25.517 0.1000000015
23398  9.961  -57.421  24.386 0.1000000015
23372  12.426  -55.477  25.921 0.1000000015
23399  9.263  -57.257  24.290 0.2000000030
23401  7.395  -57.330  24.158 0.1000000015
153344  22.933  -69.047  26.656 0.1000000015
13584  22.046  -68.808  26.843 0.2000000030
14444  21.364  -68.118  26.790 0.2000000030
22343  13.265  -58.259  26.552 0.1000000015
23371  13.242  -56.940  26.098 0.1000000015
24319  13.132  -55.701  26.088 0.2000000030
139900  13.339  -57.177  25.267 0.1000000015
24333  13.047  -55.623  25.553 0.1000000015
24335  11.215  -55.741  25.125 0.2000000030
13599  23.773  -68.734  26.336 0.1000000015
14461  23.301  -67.972  25.829 0.1000000015
15273  24.159  -66.455  25.289 0.1000000015
15275  22.418  -66.610  25.229 0.1000000015
150497  13.438  -57.236  24.350 0.1000000015
26204  10.729  -54.121  23.024 0.2000000030
145227  27.325  -66.326  28.222 0.1000000015
16834  27.119  -64.559  29.301 0.1000000015
13570  26.177  -69.208  28.030 0.1000000015
13580  26.750  -68.052  27.879 0.1000000015
16047  27.109  -65.615  27.726 0.1000000015
13581  26.159  -68.589  27.480 0.1000000015
13597  25.754  -68.063  26.760 0.1000000015
14458  26.103  -67.212  26.608 0.1000000015
16054  26.601  -65.664  26.931 0.1000000015
14460  24.299  -67.891  25.872 0.1000000015
15260  25.662  -66.296  25.912 0.1000000015
16870  25.834  -64.905  25.879 0.1000000015
16062  24.553  -65.552  25.231 0.1000000015
17749  25.395  -64.114  25.557 0.1000000015
16880  24.491  -64.527  25.099 0.1000000015
18640  26.198  -62.673  26.481 0.2000000030
24380  13.464  -56.113  22.281 0.1000000015
137493  13.423  -56.707  22.866 0.1000000015
26218  11.357  -54.905  22.853 0.2000000030
155051  26.645  -63.372  29.262 0.1000000015
16849  26.923  -64.821  27.419 0.1000000015
18614  26.646  -62.543  29.045 0.1000000015
152647  26.715  -63.208  27.624 0.1000000015
151046  26.553  -61.934  27.476 0.2000000030
20373  26.536  -60.767  28.350 0.2000000030
25295  12.136  -55.190  22.620 0.2000000030
24381  12.803  -55.420  22.400 0.2000000030
26217  12.014  -54.100  22.391 0.2000000030
26227  12.663  -54.443  22.088 0.1000000015
142470  12.502  -53.282  22.426 0.1000000015
28743  16.538  -51.629  16.492 0.3000000119
29648  15.984  -50.725  16.170 0.3000000119
28759  14.947  -51.907  15.831 0.3000000119
150996  15.212  -50.991  15.953 0.4000000060
29647  16.688  -50.047  16.440 0.3000000119
30619  17.314  -49.387  16.500 0.3000000119
2069  6.974  -85.427  26.201 0.2000000030
1738  7.988  -85.133  26.838 0.2000000030
135762  8.314  -85.206  28.256 0.3000000119
16905  5.730  -64.049  24.938 0.1000000015
19565  6.770  -61.027  23.940 0.2000000030
23400  8.268  -57.232  24.257 0.2000000030
27020  11.089  -52.845  23.294 0.3000000119
16881  23.899  -65.121  24.918 0.1000000015
19533  26.230  -61.502  26.898 0.2000000030
18650  25.578  -62.553  25.875 0.2000000030
146562  26.516  -60.110  29.283 0.1000000015
29665  16.009  -49.872  15.962 0.3000000119
24367  12.026  -55.428  23.583 0.2000000030
139614  12.607  -55.687  24.056 0.1000000015
157168  24.708  -63.728  25.195 0.2000000030
148678  25.166  -63.200  25.478 0.2000000030
140877  21.008  -74.229  11.170 0.2000000030
8541  20.741  -75.055  11.758 0.2000000030
9330  21.370  -73.542  13.682 0.3000000119
8500  19.191  -74.715  14.412 0.3000000119
16073  5.387  -65.766  25.557 0.1000000015
24351  9.864  -56.448  24.546 0.2000000030
28760  14.726  -51.284  16.071 0.4000000060
16064  22.781  -65.926  24.947 0.4000000060
16827  15.407  -64.885  30.185 0.1000000015
27047  12.819  -53.453  21.988 0.1000000015
29607  18.556  -50.870  18.506 0.1000000015
162262  17.877  -50.920  18.524 0.1000000015
29608  17.846  -50.294  18.499 0.2000000030
6440  24.873  -77.776  2.789 0.1000000015
153907  24.220  -73.685  4.562 0.1000000015
1559  9.416  -87.644  43.631 0.4000000060
4240  11.661  -79.700  39.297 0.2000000030
14462  22.394  -67.850  25.935 0.1000000015
14477  23.760  -67.246  25.488 0.1000000015
14478  22.837  -67.290  25.482 0.1000000015
141826  18.772  -50.052  18.481 0.2000000030
140366  17.977  -48.696  16.527 0.3000000119
1211  10.252  -87.873  42.180 0.4000000060
154841  8.920  -87.370  44.451 0.4000000060
27922  15.316  -52.591  15.930 0.3000000119
28744  15.629  -51.707  16.153 0.3000000119
139463  5.180  -84.191  26.566 0.2000000030
12951  19.136  -69.252  4.765 0.5000000000
12942  23.399  -68.362  4.533 0.2000000030
13842  19.279  -68.841  5.806 0.5000000000
13848  23.039  -67.806  4.717 0.2000000030
14712  22.569  -67.277  5.131 0.2000000030
1568  9.753  -87.123  42.656 0.4000000060
10258  23.087  -72.020  8.996 0.1000000015
12921  23.164  -69.079  7.831 0.1000000015
16887  5.596  -64.951  25.339 0.1000000015
16072  5.924  -65.079  26.165 0.1000000015
16059  5.745  -65.930  26.175 0.1000000015
21368  10.198  -58.988  23.537 0.1000000015
20444  8.471  -60.113  23.180 0.1000000015
22371  10.485  -57.727  25.592 0.1000000015
22403  10.201  -58.036  24.370 0.1000000015
22370  11.176  -56.097  25.948 0.2000000030
24309  12.965  -55.757  26.544 0.1000000015
13600  22.723  -68.479  26.308 0.1000000015
21312  13.922  -59.752  26.583 0.1000000015
22369  13.483  -58.455  25.618 0.1000000015
24308  13.227  -55.990  26.316 0.1000000015
13598  24.884  -68.449  26.415 0.1000000015
151494  25.412  -68.799  26.966 0.1000000015
14476  24.653  -67.080  25.611 0.1000000015
16061  25.414  -65.619  25.652 0.1000000015
16063  23.640  -65.817  25.009 0.1000000015
137979  13.088  -56.188  23.774 0.2000000030
22384  13.733  -58.684  24.515 0.1000000015
16034  27.317  -65.333  28.621 0.1000000015
14443  26.459  -67.643  27.313 0.1000000015
15249  26.719  -66.589  27.313 0.1000000015
15259  26.196  -66.390  26.477 0.1000000015
149808  25.751  -66.867  26.140 0.1000000015
16055  26.083  -65.644  26.178 0.1000000015
16879  25.165  -64.936  25.447 0.1000000015
150428  26.648  -64.257  26.896 0.1000000015
152008  26.191  -64.170  26.236 0.1000000015
17738  25.915  -63.358  26.000 0.1000000015
17737  26.529  -63.456  26.822 0.1000000015
163949  26.368  -62.124  26.838 0.2000000030
22432  13.977  -57.586  22.805 0.1000000015
159913  12.717  -55.932  23.067 0.2000000030
142407  27.054  -64.420  28.352 0.1000000015
17715  26.773  -63.430  28.442 0.1000000015
18639  26.580  -62.653  27.194 0.1000000015
19510  26.670  -61.654  28.421 0.1000000015
1103  11.234  -88.146  23.466 0.2000000030
141729  11.686  -88.069  23.948 0.2000000030
8556  8.498  -73.449  11.207 0.1000000015
9346  8.700  -73.288  12.566 0.1000000015
7742  9.555  -76.214  14.304 0.1000000015
7743  8.997  -76.007  13.894 0.1000000015
8534  8.917  -73.795  13.022 0.1000000015
1951  27.896  -86.883  38.994 0.1000000015
1584  28.193  -87.108  39.690 0.1000000015
164456  10.746  -78.445  19.172 0.1000000015
7741  10.009  -76.004  14.265 0.1000000015
8518  9.435  -74.442  13.378 0.1000000015
8543  8.555  -74.106  12.600 0.1000000015
1930  30.099  -86.601  41.143 0.1000000015
2267  31.223  -85.453  42.265 0.1000000015
1571  29.675  -87.198  40.721 0.1000000015
1572  29.371  -87.326  41.321 0.1000000015
144372  4.647  -83.109  30.237 0.2000000030
137940  4.489  -83.238  31.091 0.2000000030
2736  4.714  -83.230  32.590 0.2000000030
3150  4.884  -82.340  32.445 0.2000000030
3709  5.546  -82.229  33.026 0.1000000015
151676  12.652  -88.009  37.717 0.2000000030
1579  9.807  -86.288  42.000 0.3000000119
1598  10.970  -86.519  39.907 0.2000000030
1218  10.501  -87.469  41.454 0.2000000030
1224  11.246  -87.596  40.193 0.2000000030
156480  10.120  -87.034  41.912 0.2000000030
1604  12.094  -87.039  38.114 0.2000000030
1259  13.083  -87.084  36.717 0.2000000030
1248  13.065  -87.826  37.054 0.2000000030
975  14.255  -88.362  36.151 0.2000000030
137239  10.458  -86.078  40.586 0.3000000119
1240  12.266  -87.733  38.219 0.2000000030
1947  10.282  -85.190  40.388 0.2000000030
1927  9.524  -85.421  42.133 0.3000000119
1918  9.392  -86.158  42.830 0.3000000119
1957  10.614  -85.043  39.671 0.2000000030
1266  15.105  -87.233  35.729 0.2000000030
1597  11.433  -86.435  39.101 0.2000000030
2273  9.861  -84.453  40.889 0.3000000119
1973  11.721  -85.154  37.807 0.2000000030
1619  12.658  -86.380  36.935 0.2000000030
1611  11.786  -85.856  37.926 0.2000000030
1956  11.005  -85.686  39.363 0.2000000030
164222  11.220  -82.560  38.915 0.2000000030
2666  11.033  -83.300  38.827 0.2000000030
2667  10.590  -83.735  39.479 0.2000000030
3074  11.235  -81.892  39.383 0.2000000030
3053  9.932  -82.718  41.084 0.3000000119
3640  11.616  -81.353  39.062 0.1000000015
8348  16.707  -74.457  31.094 0.1000000015
9164  16.647  -73.211  30.369 0.1000000015
9151  18.536  -73.945  31.085 0.1000000015
20563  16.728  -60.361  12.198 0.2000000030
10896  17.350  -71.580  29.776 0.1000000015
20538  17.908  -60.822  14.172 0.2000000030
21520  17.817  -59.364  11.375 0.2000000030
21532  17.799  -59.557  10.648 0.2000000030
21507  17.209  -59.804  11.817 0.2000000030
20587  17.376  -60.138  10.342 0.2000000030
23549  20.599  -57.851  9.832 0.2000000030
150321  21.230  -58.184  9.940 0.2000000030
22554  19.420  -58.403  10.290 0.2000000030
21492  18.433  -59.508  12.927 0.2000000030
22540  22.060  -58.137  11.337 0.2000000030
22564  19.910  -58.464  9.820 0.2000000030
22543  18.212  -59.081  10.859 0.2000000030
162433  18.205  -59.174  11.792 0.2000000030
21529  20.937  -58.907  10.065 0.2000000030
21543  19.721  -59.223  9.731 0.2000000030
21503  21.853  -58.942  11.868 0.2000000030
21530  20.496  -59.511  10.237 0.2000000030
20596  19.196  -59.958  9.877 0.2000000030
22523  19.299  -58.881  13.009 0.2000000030
23505  22.627  -57.987  12.986 0.2000000030
23518  22.459  -57.606  11.929 0.2000000030
22530  22.315  -58.482  12.339 0.2000000030
24445  23.103  -56.569  13.370 0.2000000030
24455  22.909  -56.209  12.395 0.2000000030
149532  22.403  -55.782  10.682 0.2000000030
25406  21.572  -55.966  10.439 0.2000000030
25364  23.454  -55.269  14.703 0.2000000030
24456  22.555  -56.566  11.420 0.2000000030
23529  20.534  -56.941  10.656 0.2000000030
23507  20.003  -58.214  12.649 0.2000000030
23504  22.954  -57.436  13.648 0.2000000030
23517  22.788  -57.083  12.644 0.2000000030
23540  20.711  -57.266  10.085 0.2000000030
22531  19.286  -58.396  11.969 0.2000000030
23539  21.305  -57.419  9.981 0.2000000030
25382  23.207  -55.760  13.114 0.2000000030
164399  23.057  -55.540  12.277 0.2000000030
25354  23.846  -54.896  16.042 0.2000000030
25395  22.514  -54.994  10.695 0.2000000030
23519  20.417  -57.155  11.510 0.2000000030
24472  21.020  -56.054  10.753 0.2000000030
22522  20.124  -58.377  13.715 0.2000000030
26285  23.734  -54.626  15.339 0.2000000030
25394  23.011  -54.960  11.691 0.2000000030
25404  22.124  -54.762  10.408 0.2000000030
24458  20.902  -56.686  11.980 0.2000000030
138382  20.498  -57.485  12.397 0.2000000030
27134  23.870  -53.408  14.327 0.2000000030
26317  23.273  -54.255  12.183 0.2000000030
153145  22.573  -53.736  10.829 0.2000000030
25396  21.499  -54.926  10.944 0.2000000030
25384  21.465  -55.145  12.082 0.2000000030
27120  24.463  -53.365  15.670 0.2000000030
27135  23.613  -53.743  13.694 0.2000000030
26324  22.864  -54.235  11.099 0.2000000030
26336  22.019  -54.226  10.465 0.2000000030
27144  23.724  -53.063  13.538 0.2000000030
27159  23.066  -53.295  11.657 0.2000000030
27179  21.929  -53.553  10.698 0.2000000030
24427  21.119  -56.750  15.817 0.2000000030
27167  22.448  -53.215  10.922 0.2000000030
141334  21.535  -54.130  11.674 0.2000000030
143368  21.479  -54.785  13.902 0.2000000030
151186  21.158  -55.899  15.894 0.2000000030
27160  21.480  -53.237  11.883 0.2000000030
27146  21.412  -53.614  12.768 0.2000000030
151969  21.810  -52.926  11.036 0.2000000030
25356  21.242  -55.201  15.420 0.2000000030
27970  21.235  -52.631  12.624 0.2000000030
26299  21.388  -53.997  13.972 0.2000000030
26286  20.981  -53.999  15.163 0.2000000030
28796  21.490  -51.194  12.121 0.2000000030
27136  20.964  -53.240  14.465 0.2000000030
139524  20.674  -54.582  15.818 0.2000000030
25344  19.694  -54.633  16.365 0.2000000030
27147  21.182  -53.201  13.532 0.2000000030
26287  20.150  -53.886  15.914 0.2000000030
161247  18.205  -54.810  16.622 0.2000000030
27955  20.980  -52.494  13.784 0.2000000030
27945  20.684  -52.515  14.838 0.2000000030
26273  19.273  -53.728  16.304 0.2000000030
28771  20.868  -51.766  14.238 0.2000000030
27122  19.789  -53.130  16.053 0.2000000030
28757  20.535  -51.824  15.277 0.2000000030
27121  20.462  -53.225  15.410 0.2000000030
26274  18.519  -54.290  16.482 0.2000000030
27110  17.634  -53.764  16.467 0.2000000030
27108  19.043  -52.974  16.373 0.2000000030
27109  18.436  -53.431  16.453 0.2000000030
27936  19.514  -52.394  16.226 0.2000000030
27111  16.862  -53.181  16.485 0.2000000030
141211  17.735  -52.988  16.534 0.2000000030
28758  19.978  -51.762  16.043 0.2000000030
28740  19.189  -51.637  16.414 0.2000000030
27920  17.117  -52.373  16.587 0.2000000030
27921  16.216  -52.469  16.364 0.2000000030
149045  19.735  -50.963  16.331 0.2000000030
28741  18.333  -51.612  16.559 0.2000000030
28742  17.467  -51.637  16.614 0.2000000030
150017  17.829  -51.029  16.631 0.2000000030
146302  16.991  -50.871  16.597 0.2000000030
29646  17.634  -50.280  16.650 0.2000000030
32558  18.250  -47.209  16.130 0.2000000030
32571  17.165  -46.819  15.607 0.2000000030
34280  20.002  -45.607  15.995 0.2000000030
33472  18.292  -45.959  15.669 0.2000000030
33473  17.532  -46.107  15.603 0.2000000030
34279  21.787  -45.293  16.608 0.2000000030
34287  20.335  -44.915  15.808 0.2000000030
149773  18.588  -45.263  15.641 0.2000000030
34291  16.694  -45.200  15.904 0.2000000030
35185  20.695  -44.203  15.748 0.2000000030
144607  17.770  -44.306  15.832 0.2000000030
35184  21.256  -44.064  15.955 0.2000000030
35186  19.863  -44.319  15.653 0.2000000030
36123  19.423  -43.625  15.698 0.1000000015
149484  21.703  -43.393  16.166 0.2000000030
141097  20.124  -42.939  15.593 0.1000000015
139144  20.827  -42.825  15.453 0.1000000015
37024  21.589  -41.827  15.377 0.1000000015
37025  20.001  -42.225  15.611 0.1000000015
38008  22.072  -41.289  15.681 0.1000000015
38038  21.113  -41.117  14.599 0.1000000015
39081  22.859  -39.628  16.898 0.1000000015
157743  22.052  -40.813  15.233 0.1000000015
38036  21.704  -40.749  14.651 0.1000000015
39095  20.315  -40.927  15.155 0.1000000015
40163  22.030  -39.339  14.546 0.1000000015
39110  21.134  -39.996  13.731 0.1000000015
40166  20.427  -39.673  13.998 0.1000000015
39082  22.406  -40.464  16.123 0.1000000015
41140  18.279  -38.320  16.307 0.1000000015
143014  22.533  -39.602  16.046 0.1000000015
149943  19.383  -39.945  15.598 0.1000000015
40151  18.863  -39.218  15.919 0.1000000015
41138  22.238  -38.336  14.922 0.1000000015
40165  20.900  -39.732  13.585 0.1000000015
40150  19.725  -39.440  14.908 0.1000000015
41153  19.888  -38.839  14.188 0.1000000015
153603  18.566  -37.843  15.786 0.1000000015
41139  19.163  -38.496  15.282 0.1000000015
41152  20.585  -39.003  13.522 0.1000000015
20552  17.016  -60.758  12.932 0.2000000030
19682  17.305  -61.174  13.674 0.2000000030
20550  18.288  -60.127  13.758 0.2000000030
21478  19.551  -59.301  14.675 0.2000000030
151615  5.982  -61.724  24.016 0.2000000030
33474  16.781  -46.173  15.650 0.2000000030
34290  17.258  -45.590  15.646 0.2000000030
147912  18.068  -44.892  15.628 0.2000000030
37026  19.067  -42.780  15.928 0.1000000015
39112  20.165  -40.240  14.844 0.1000000015
38025  19.756  -41.447  15.656 0.1000000015
158867  17.534  -47.206  15.832 0.2000000030
33463  18.735  -46.520  16.011 0.2000000030
34289  17.856  -45.464  15.603 0.2000000030
22512  20.077  -58.692  14.677 0.2000000030
24446  21.331  -56.066  12.603 0.2000000030
25374  21.470  -55.355  13.308 0.2000000030
25365  21.456  -55.371  14.408 0.2000000030
25357  20.620  -55.312  16.227 0.2000000030
30618  18.369  -49.658  16.683 0.2000000030
1220  29.200  -87.445  39.782 0.1000000015
155488  11.468  -87.192  39.525 0.2000000030
1241  11.799  -87.307  38.797 0.2000000030
20562  17.573  -60.062  12.729 0.2000000030
148134  19.635  -58.032  11.526 0.2000000030
21505  18.593  -59.034  12.212 0.2000000030
24481  21.389  -56.752  10.216 0.2000000030
23520  19.997  -57.868  11.847 0.2000000030
149543  23.279  -55.021  12.730 0.2000000030
26284  24.213  -54.120  16.038 0.2000000030
24457  21.157  -55.805  11.250 0.2000000030
26297  23.602  -54.320  14.350 0.2000000030
26308  21.516  -54.513  12.951 0.2000000030
153879  21.089  -51.636  12.995 0.2000000030
29680  20.866  -51.190  14.825 0.2000000030
27935  20.177  -52.493  15.706 0.2000000030
152437  18.398  -52.808  16.491 0.2000000030
29664  20.475  -51.176  15.784 0.2000000030
27919  17.978  -52.295  16.577 0.2000000030
29645  18.679  -50.738  16.587 0.2000000030
29644  20.431  -50.455  16.222 0.2000000030
145145  20.673  -45.409  16.089 0.2000000030
34288  19.137  -45.798  15.858 0.2000000030
34286  21.119  -44.851  16.075 0.1000000015
35175  21.738  -44.404  16.384 0.1000000015
146107  19.464  -45.066  15.693 0.2000000030
35187  18.763  -44.436  15.672 0.2000000030
36121  21.044  -43.469  15.658 0.2000000030
36122  20.377  -43.579  15.616 0.1000000015
37011  21.287  -42.659  15.557 0.1000000015
160149  20.675  -42.313  15.359 0.1000000015
37039  21.105  -41.911  15.133 0.1000000015
38037  21.388  -41.228  14.771 0.1000000015
38023  21.755  -41.204  15.048 0.1000000015
38024  20.739  -41.515  15.051 0.1000000015
39111  20.879  -40.502  14.188 0.1000000015
143363  21.250  -40.616  14.276 0.1000000015
39094  22.156  -40.049  15.145 0.1000000015
39109  21.602  -40.119  14.206 0.1000000015
143551  21.802  -38.797  14.162 0.1000000015
40174  21.060  -39.360  13.376 0.1000000015
2494  18.788  -83.904  16.967 0.1000000015
2895  19.346  -81.782  16.768 0.1000000015
2132  14.903  -86.009  20.164 0.1000000015
2150  17.300  -84.892  18.178 0.1000000015
2131  15.603  -85.663  19.795 0.1000000015
2458  15.310  -85.515  20.305 0.1000000015
1424  11.008  -87.043  22.870 0.1000000015
1436  11.839  -87.113  22.442 0.1000000015
1435  12.695  -87.323  21.778 0.1000000015
1786  11.872  -86.352  22.682 0.1000000015
2429  11.351  -85.658  23.580 0.1000000015
1443  13.252  -87.186  20.965 0.1000000015
2122  13.161  -86.249  21.854 0.1000000015
2100  12.627  -85.985  22.499 0.1000000015
2428  12.341  -85.491  23.329 0.1000000015
156921  13.094  -85.125  23.415 0.1000000015
2415  11.697  -85.151  24.059 0.1000000015
2121  13.839  -86.118  21.328 0.1000000015
2427  13.790  -84.991  23.079 0.1000000015
2120  14.599  -85.806  20.816 0.1000000015
2832  14.250  -84.393  23.422 0.1000000015
2447  15.057  -85.298  21.054 0.1000000015
2448  14.288  -85.596  21.518 0.1000000015
2831  15.068  -84.034  23.077 0.1000000015
2466  17.290  -84.558  18.595 0.1000000015
2872  17.882  -83.608  18.134 0.1000000015
2467  16.643  -84.987  19.131 0.1000000015
2457  16.140  -85.136  19.775 0.1000000015
2446  15.812  -84.929  20.577 0.1000000015
3278  16.384  -83.330  22.287 0.1000000015
2456  16.936  -84.584  19.300 0.1000000015
2845  16.315  -84.273  20.939 0.1000000015
1408  9.799  -87.877  23.967 0.1000000015
1425  10.279  -87.308  23.606 0.1000000015
1426  9.781  -86.569  23.738 0.1000000015
2102  10.173  -86.083  23.723 0.1000000015
2110  13.518  -85.814  22.027 0.1000000015
2439  13.229  -85.490  22.774 0.1000000015
2438  14.040  -85.312  22.323 0.1000000015
2426  14.559  -84.717  22.661 0.1000000015
2840  15.309  -84.400  22.203 0.1000000015
2436  15.551  -84.673  21.388 0.1000000015
3327  18.101  -82.962  18.254 0.1000000015
2854  16.594  -84.495  20.114 0.1000000015
2844  17.023  -83.858  20.456 0.1000000015
2839  16.031  -84.033  21.769 0.1000000015
137235  16.230  -82.894  23.003 0.1000000015
6287  30.846  -77.279  22.424 0.1000000015
574  9.902  -89.702  25.753 0.2000000030
147848  9.259  -88.992  24.975 0.1000000015
1093  8.547  -88.160  24.850 0.1000000015
1409  8.572  -87.531  24.619 0.1000000015
1106  9.256  -88.081  24.058 0.1000000015
1410  7.844  -87.088  24.499 0.1000000015
1759  8.824  -86.554  23.989 0.1000000015
2090  9.316  -85.983  23.873 0.1000000015
2089  9.597  -85.622  24.042 0.1000000015
2430  10.465  -85.694  23.859 0.1000000015
146169  8.224  -85.196  24.019 0.1000000015
2417  8.144  -84.639  24.173 0.1000000015
157514  8.932  -85.144  24.182 0.1000000015
2407  9.031  -84.599  24.446 0.1000000015
145249  15.706  -83.835  22.471 0.1000000015
2416  10.768  -85.276  24.187 0.1000000015
5672  29.546  -78.020  22.299 0.1000000015
5673  28.815  -78.450  22.776 0.2000000030
5671  30.370  -77.793  21.910 0.1000000015
160595  28.262  -78.903  23.066 0.2000000030
3308  17.628  -83.393  19.977 0.1000000015
3297  17.374  -83.285  20.684 0.1000000015
3317  18.410  -82.215  18.424 0.1000000015
3307  18.137  -82.723  19.551 0.1000000015
6286  31.723  -77.249  22.338 0.1000000015
1680  34.038  -86.224  31.433 0.1000000015
810  8.728  -89.088  25.432 0.1000000015
2017  33.603  -85.877  30.633 0.1000000015
2010  34.386  -85.378  31.517 0.1000000015
2341  34.511  -84.465  31.579 0.1000000015
826  8.324  -88.972  24.961 0.1000000015
150165  33.004  -85.414  29.934 0.1000000015
2348  33.536  -84.793  30.319 0.1000000015
1395  7.790  -87.819  24.890 0.1000000015
136687  6.554  -88.080  24.987 0.1000000015
2354  32.860  -84.496  29.639 0.1000000015
2745  33.730  -83.942  30.487 0.1000000015
1396  7.124  -87.400  24.954 0.1000000015
1761  7.293  -86.509  24.461 0.1000000015
1760  7.911  -86.352  23.988 0.1000000015
2360  32.220  -84.183  29.049 0.1000000015
139976  8.465  -85.832  23.955 0.1000000015
2419  6.144  -84.652  23.953 0.1000000015
2759  31.660  -83.099  28.516 0.2000000030
2766  31.173  -83.109  28.208 0.2000000030
2830  15.727  -83.374  23.052 0.1000000015
3203  30.744  -82.581  27.794 0.2000000030
164525  17.285  -83.139  21.163 0.1000000015
3770  29.758  -81.699  27.004 0.2000000030
3768  31.180  -81.719  28.032 0.2000000030
149026  17.829  -82.906  20.278 0.1000000015
4419  30.114  -80.966  27.118 0.2000000030
3287  17.274  -82.876  21.747 0.1000000015
6284  33.521  -77.432  22.678 0.1000000015
6285  32.641  -77.340  22.438 0.1000000015
3296  17.695  -82.790  20.927 0.1000000015
2726  35.369  -84.240  33.940 0.1000000015
3665  38.819  -82.062  36.897 0.1000000015
2737  33.858  -83.233  30.843 0.1000000015
3161  33.456  -82.360  30.626 0.1000000015
1762  6.749  -85.770  24.447 0.1000000015
3174  33.282  -83.190  30.026 0.1000000015
3162  32.921  -82.329  29.872 0.1000000015
137048  7.207  -85.916  24.052 0.1000000015
2420  5.352  -84.627  23.974 0.1000000015
2758  32.148  -83.395  28.883 0.2000000030
2753  32.739  -83.685  29.453 0.1000000015
163952  33.035  -81.804  30.316 0.1000000015
3742  32.616  -81.586  29.823 0.1000000015
2092  6.674  -85.379  23.998 0.1000000015
3188  31.452  -82.514  28.327 0.2000000030
5646  28.631  -78.706  23.834 0.2000000030
150936  28.317  -78.897  22.264 0.2000000030
141289  30.707  -81.148  27.644 0.2000000030
4417  31.097  -80.840  28.067 0.2000000030
4428  28.943  -80.803  26.269 0.2000000030
4427  29.542  -80.401  26.586 0.2000000030
6271  34.401  -77.597  23.123 0.1000000015
3136  35.222  -83.016  33.847 0.1000000015
150596  35.525  -82.909  34.915 0.1000000015
4297  36.602  -80.817  35.898 0.1000000015
3667  36.141  -81.511  35.880 0.1000000015
3125  35.064  -82.016  34.214 0.1000000015
152844  34.791  -82.157  33.458 0.1000000015
4296  37.752  -80.838  36.087 0.1000000015
4350  34.182  -80.831  33.181 0.1000000015
3710  34.395  -81.792  32.768 0.1000000015
3720  33.972  -81.881  31.903 0.1000000015
4295  39.561  -81.443  36.291 0.1000000015
155523  33.629  -81.929  31.269 0.1000000015
4294  40.162  -81.121  35.601 0.1000000015
4925  38.647  -80.323  35.538 0.1000000015
3729  33.286  -81.553  30.873 0.1000000015
2823  5.591  -84.090  23.855 0.1000000015
3730  32.807  -81.189  30.471 0.1000000015
2093  5.823  -85.114  24.107 0.1000000015
3753  32.385  -82.127  29.249 0.2000000030
4392  32.313  -80.730  29.927 0.2000000030
3743  32.114  -81.365  29.209 0.2000000030
3754  31.825  -81.940  28.662 0.2000000030
4989  31.829  -80.062  29.756 0.2000000030
148859  31.580  -81.158  28.599 0.2000000030
4393  31.778  -80.610  29.200 0.2000000030
4979  31.533  -79.206  29.887 0.2000000030
4406  31.330  -80.403  28.598 0.2000000030
4990  31.418  -79.853  29.179 0.2000000030
4407  30.968  -80.174  28.105 0.2000000030
5602  31.048  -79.044  29.070 0.2000000030
5687  29.043  -78.545  21.812 0.2000000030
5023  29.672  -79.529  26.439 0.2000000030
4418  30.566  -80.346  27.560 0.2000000030
5010  30.253  -79.491  27.145 0.2000000030
4426  30.044  -80.141  26.952 0.2000000030
5002  30.650  -79.525  27.845 0.2000000030
5686  29.899  -78.379  21.490 0.2000000030
5644  35.512  -77.727  24.234 0.1000000015
160383  35.004  -77.452  23.717 0.1000000015
5094  28.515  -79.052  21.322 0.2000000030
160440  35.444  -80.969  35.205 0.1000000015
3679  34.988  -81.120  34.524 0.1000000015
3695  34.623  -81.375  33.685 0.1000000015
4298  35.890  -80.462  35.421 0.1000000015
4314  35.188  -80.289  34.890 0.1000000015
4331  34.556  -80.392  34.086 0.1000000015
3711  33.824  -81.104  32.353 0.1000000015
4927  36.577  -80.033  35.489 0.1000000015
4940  35.738  -79.626  35.078 0.1000000015
4941  34.966  -79.536  34.603 0.1000000015
4332  34.075  -80.092  33.513 0.1000000015
4351  33.629  -80.195  32.780 0.1000000015
4970  33.320  -80.558  31.897 0.1000000015
2794  4.774  -83.397  25.128 0.1000000015
4937  38.564  -79.446  34.977 0.1000000015
4926  37.343  -79.802  35.446 0.1000000015
4939  36.556  -79.064  35.041 0.1000000015
160490  32.735  -80.006  31.419 0.1000000015
2397  4.705  -84.397  24.851 0.1000000015
160342  39.504  -80.284  35.085 0.1000000015
4971  32.267  -79.100  31.296 0.1000000015
2075  5.080  -84.882  24.908 0.1000000015
4978  32.168  -79.808  30.519 0.2000000030
5001  31.018  -79.666  28.517 0.2000000030
5556  35.564  -78.823  34.670 0.1000000015
4949  34.358  -79.494  34.014 0.1000000015
160833  33.142  -79.868  32.182 0.1000000015
4938  37.642  -79.156  35.103 0.1000000015
4950  33.801  -79.443  33.408 0.1000000015
4959  33.292  -79.335  32.767 0.1000000015
2390  4.473  -83.802  25.732 0.1000000015
138424  4.972  -84.600  25.528 0.1000000015
5670  31.267  -77.793  21.767 0.1000000015
5567  34.207  -78.624  33.854 0.1000000015
2074  5.683  -85.134  25.389 0.1000000015
3247  5.182  -82.605  25.565 0.1000000015
3248  4.579  -82.923  26.039 0.1000000015
5669  32.250  -77.947  21.865 0.1000000015
2070  5.838  -84.951  25.992 0.1000000015
3230  5.960  -81.982  26.153 0.1000000015
3231  5.006  -82.214  26.378 0.1000000015
3787  6.426  -81.213  26.677 0.1000000015
5668  33.163  -78.100  22.199 0.1000000015
5685  30.791  -78.410  21.360 0.1000000015
11115  21.363  -71.205  10.824 0.1000000015
10234  21.292  -72.076  10.236 0.1000000015
156449  21.066  -72.751  9.726 0.1000000015
12904  21.415  -69.051  9.297 0.1000000015
11124  21.358  -71.071  9.856 0.1000000015
12922  21.450  -68.171  8.668 0.1000000015
2389  6.883  -84.586  26.862 0.1000000015
4415  5.684  -80.712  28.985 0.1000000015
3788  5.518  -81.484  26.768 0.1000000015
3775  5.799  -80.915  27.302 0.1000000015
159668  6.281  -80.757  28.067 0.1000000015
5667  33.972  -78.202  22.566 0.1000000015
5092  30.399  -78.939  20.908 0.2000000030
12861  21.427  -69.735  11.619 0.1000000015
11108  21.409  -71.341  11.696 0.1000000015
10225  21.341  -72.237  11.161 0.1000000015
9363  21.099  -73.187  10.512 0.1000000015
12892  21.378  -69.438  10.499 0.1000000015
12015  21.396  -70.244  10.595 0.1000000015
13812  21.387  -68.050  9.620 0.1000000015
14683  21.646  -66.690  9.487 0.1000000015
15495  21.956  -66.279  9.036 0.1000000015
14692  21.746  -66.471  8.635 0.1000000015
15501  22.139  -66.108  8.234 0.2000000030
143195  23.235  -67.233  9.788 0.1000000015
14682  23.042  -66.997  8.825 0.1000000015
2778  4.686  -83.506  26.735 0.1000000015
3765  5.238  -80.848  28.070 0.1000000015
5655  34.576  -78.398  22.963 0.1000000015
12847  21.820  -69.498  12.856 0.1000000015
143107  21.696  -70.942  13.200 0.1000000015
11090  21.676  -71.911  13.462 0.2000000030
10215  21.571  -72.638  13.120 0.1000000015
144288  31.151  -79.046  21.023 0.1000000015
12860  21.523  -69.427  12.130 0.1000000015
11989  21.649  -70.095  12.709 0.1000000015
11990  21.474  -70.466  12.185 0.1000000015
10224  21.446  -72.414  12.135 0.1000000015
14636  21.808  -67.390  11.576 0.1000000015
12875  21.385  -68.950  11.392 0.1000000015
12876  21.369  -69.565  11.049 0.1000000015
14653  21.840  -66.830  10.873 0.1000000015
15479  21.962  -66.375  10.029 0.1000000015
15493  22.212  -66.216  9.402 0.1000000015
14667  23.072  -66.521  10.417 0.1000000015
13799  23.537  -67.575  10.475 0.1000000015
157510  23.413  -68.245  9.971 0.1000000015
3215  4.585  -82.600  27.200 0.1000000015
3777  4.662  -81.946  27.386 0.1000000015
3767  4.709  -81.191  28.940 0.1000000015
4416  4.898  -80.907  28.875 0.1000000015
160613  4.772  -81.320  30.093 0.1000000015
11964  22.586  -70.295  14.612 0.2000000030
11063  22.171  -71.154  14.962 0.2000000030
12833  22.993  -69.388  14.425 0.2000000030
10190  21.439  -72.673  14.984 0.2000000030
5684  31.791  -78.726  21.382 0.1000000015
11979  21.879  -70.198  13.272 0.2000000030
11965  22.130  -70.707  13.982 0.2000000030
10204  21.555  -72.711  14.061 0.2000000030
9315  21.161  -73.457  14.590 0.2000000030
14635  22.417  -66.800  12.050 0.1000000015
13763  22.429  -67.615  12.670 0.1000000015
141151  21.568  -68.434  11.780 0.1000000015
15465  22.517  -66.327  10.941 0.1000000015
15464  23.171  -66.153  11.617 0.1000000015
142015  22.903  -66.288  10.910 0.1000000015
3202  4.666  -82.408  27.930 0.1000000015
3752  4.714  -81.639  29.503 0.1000000015
3741  4.821  -81.555  30.795 0.1000000015
4380  5.036  -81.205  31.390 0.1000000015
163365  23.321  -69.450  15.018 0.2000000030
12832  23.501  -68.818  14.852 0.2000000030
11951  22.559  -70.639  15.580 0.2000000030
13741  23.467  -66.878  13.543 0.1000000015
9316  20.486  -73.909  14.929 0.2000000030
13742  22.796  -67.858  13.286 0.1000000015
14618  22.971  -66.757  12.713 0.1000000015
3160  4.620  -82.804  31.760 0.1000000015
145124  5.188  -81.593  32.110 0.1000000015
149071  5.412  -81.267  31.892 0.1000000015
4366  5.829  -81.746  32.548 0.1000000015
13699  24.431  -68.292  16.578 0.2000000030
12808  23.468  -69.676  16.656 0.2000000030
11936  23.030  -70.149  16.120 0.2000000030
11051  21.886  -71.360  16.067 0.2000000030
13715  24.435  -67.497  15.790 0.2000000030
13716  24.045  -68.352  15.523 0.2000000030
11064  21.625  -71.921  15.382 0.2000000030
14608  24.424  -66.084  14.656 0.2000000030
10174  21.085  -72.549  15.798 0.2000000030
9306  20.802  -73.240  15.406 0.2000000030
9307  19.999  -73.496  15.601 0.2000000030
9317  19.639  -74.102  15.027 0.2000000030
13682  24.413  -68.493  17.620 0.2000000030
13683  23.903  -69.194  17.304 0.2000000030
11937  22.406  -70.721  16.570 0.2000000030
143427  21.313  -71.981  16.113 0.2000000030
10176  19.453  -72.836  16.059 0.2000000030
9308  19.083  -73.454  15.445 0.2000000030
14561  24.880  -67.876  17.961 0.2000000030
11921  22.905  -70.216  17.028 0.2000000030
11039  21.689  -71.119  17.039 0.2000000030
11052  21.161  -71.686  16.732 0.2000000030
10166  20.675  -72.213  16.425 0.2000000030
10167  19.863  -72.266  16.572 0.2000000030
12791  22.676  -69.965  17.791 0.2000000030
11922  22.177  -70.513  17.417 0.2000000030
11040  20.831  -71.204  17.330 0.2000000030
145545  23.933  -68.947  18.128 0.2000000030
11923  21.325  -70.613  17.652 0.2000000030
11924  20.428  -70.515  17.654 0.2000000030
11041  19.953  -71.053  17.356 0.2000000030
152711  23.583  -68.803  18.813 0.2000000030
12771  23.261  -69.410  18.172 0.2000000030
13664  22.647  -68.910  18.853 0.2000000030
12792  21.803  -69.969  18.101 0.2000000030
12773  21.844  -69.214  18.522 0.2000000030
145207  20.839  -69.925  18.010 0.2000000030
143302  20.429  -69.008  18.060 0.2000000030
15362  20.320  -66.423  17.753 0.2000000030
15363  19.738  -66.658  17.275 0.2000000030
15388  19.417  -66.042  16.700 0.1000000015
15406  18.711  -65.547  15.524 0.1000000015
15351  21.395  -66.062  18.840 0.1000000015
16158  20.517  -65.550  17.838 0.1000000015
16184  19.694  -65.305  16.692 0.1000000015
162082  24.899  -65.188  21.354 0.1000000015
15345  21.888  -66.282  19.354 0.2000000030
16151  22.299  -65.581  19.881 0.1000000015
16157  21.113  -65.480  18.506 0.1000000015
16989  20.856  -64.890  18.153 0.1000000015
17018  19.687  -64.049  15.953 0.2000000030
16118  24.272  -65.121  21.244 0.1000000015
16141  23.629  -65.457  20.882 0.1000000015
16939  23.740  -64.561  21.174 0.1000000015
160382  23.916  -63.895  21.393 0.1000000015
16979  22.468  -64.682  20.177 0.1000000015
17824  22.711  -64.051  20.415 0.1000000015
16988  21.363  -64.609  18.710 0.1000000015
17843  21.726  -63.822  19.112 0.1000000015
17001  20.490  -64.685  17.540 0.1000000015
148649  21.367  -63.804  18.477 0.2000000030
148619  20.134  -63.791  16.513 0.2000000030
5548  12.957  -78.230  35.515 0.1000000015
6156  12.596  -77.493  35.750 0.1000000015
18692  8.008  -61.403  24.009 0.1000000015
162076  8.919  -60.957  23.038 0.1000000015
19578  7.878  -60.754  23.820 0.1000000015
23397  13.473  -57.056  23.560 0.1000000015
2133  14.354  -86.182  20.794 0.1000000015
1794  13.831  -86.579  20.988 0.1000000015
4257  11.763  -80.740  39.016 0.1000000015
6155  13.001  -77.690  35.083 0.1000000015
1105  9.889  -88.541  24.028 0.1000000015
1104  10.536  -88.071  23.809 0.1000000015
1119  11.894  -87.995  22.108 0.1000000015
1113  11.687  -88.117  22.828 0.1000000015
2141  16.821  -85.207  18.785 0.1000000015
2479  17.678  -84.266  18.163 0.1000000015
2495  18.436  -83.643  17.379 0.1000000015
2743  4.481  -83.829  31.766 0.1000000015
3769  30.444  -81.762  27.475 0.2000000030
4437  28.991  -79.978  26.027 0.2000000030
145385  34.425  -83.454  31.639 0.1000000015
11054  19.466  -71.509  16.909 0.2000000030
11925  19.682  -70.318  17.472 0.2000000030
17007  20.010  -64.515  16.752 0.2000000030
1095  7.059  -88.076  24.879 0.1000000015
13823  21.538  -67.054  8.021 0.2000000030
12025  21.393  -69.880  9.838 0.1000000015
9353  21.316  -73.337  11.643 0.1000000015
142793  20.880  -74.177  14.132 0.2000000030
1772  11.276  -86.684  22.905 0.1000000015
1773  10.515  -86.609  23.142 0.1000000015
1785  12.512  -86.559  22.005 0.1000000015
1795  13.150  -86.659  21.377 0.1000000015
153059  11.840  -85.916  23.036 0.1000000015
2437  14.834  -85.053  21.872 0.1000000015
2861  17.629  -83.927  18.818 0.1000000015
146390  9.246  -87.322  23.932 0.1000000015
2853  17.347  -84.006  19.656 0.1000000015
2838  16.811  -83.553  21.293 0.1000000015
2016  34.011  -85.381  30.928 0.1000000015
2347  34.120  -84.631  30.933 0.1000000015
3152  33.971  -82.573  31.389 0.1000000015
3175  32.605  -82.895  29.352 0.1000000015
3678  35.476  -81.846  35.104 0.1000000015
150028  33.511  -81.310  31.568 0.1000000015
4367  33.072  -80.849  31.138 0.1000000015
4381  32.614  -80.526  30.701 0.2000000030
5603  30.710  -78.866  28.308 0.2000000030
12001  21.401  -70.397  11.335 0.1000000015
136628  21.461  -67.174  9.107 0.1000000015
13781  21.326  -68.746  10.749 0.1000000015
13800  21.339  -67.969  10.292 0.1000000015
15500  22.382  -66.300  8.785 0.1000000015
12891  23.612  -68.904  10.465 0.1000000015
12903  23.381  -69.045  9.676 0.1000000015
155644  21.736  -68.830  12.399 0.1000000015
11099  21.537  -71.582  12.621 0.1000000015
13780  21.381  -67.879  11.009 0.1000000015
149810  21.802  -71.744  14.294 0.2000000030
141198  22.696  -68.830  13.684 0.2000000030
13729  23.222  -68.299  14.035 0.2000000030
14650  24.196  -66.827  11.566 0.1000000015
12818  23.538  -69.408  15.666 0.2000000030
15419  24.086  -65.983  13.479 0.1000000015
3698  27.626  -81.578  33.205 0.1000000015
3127  27.528  -82.422  33.662 0.1000000015
3113  27.787  -82.766  34.342 0.1000000015
3114  27.373  -83.593  34.597 0.1000000015
2721  27.047  -83.618  34.482 0.1000000015
3618  27.724  -81.956  38.633 0.1000000015
164342  28.897  -80.665  33.586 0.1000000015
143090  28.305  -81.313  33.603 0.1000000015
4353  30.146  -80.232  32.867 0.1000000015
3681  28.402  -81.647  34.214 0.1000000015
4318  29.061  -80.760  34.027 0.1000000015
160999  25.325  -67.201  19.069 0.1000000015
14546  25.339  -67.193  18.242 0.1000000015
5542  9.557  -79.043  36.411 0.1000000015
16986  27.689  -64.321  18.472 0.1000000015
162718  26.410  -65.687  19.518 0.1000000015
15349  26.186  -65.890  18.952 0.1000000015
16987  27.006  -64.588  18.136 0.1000000015
16156  26.104  -65.713  17.990 0.1000000015
16999  27.319  -64.645  17.670 0.1000000015
15361  25.703  -66.179  17.595 0.1000000015
14560  25.237  -67.029  17.305 0.1000000015
15386  25.453  -65.621  16.436 0.1000000015
14599  24.191  -67.092  15.003 0.1000000015
6144  9.382  -78.218  36.067 0.1000000015
154218  27.209  -64.655  19.127 0.1000000015
16985  28.503  -64.187  18.526 0.1000000015
14524  24.995  -67.285  19.824 0.1000000015
13656  24.004  -68.244  19.308 0.1000000015
13657  23.195  -68.284  19.375 0.1000000015
16165  28.447  -65.033  17.688 0.1000000015
163860  27.685  -64.786  17.522 0.1000000015
16167  26.148  -65.012  17.016 0.1000000015
16180  27.112  -64.815  17.031 0.1000000015
16181  26.452  -64.912  16.540 0.1000000015
14584  24.838  -66.937  16.364 0.1000000015
15385  27.426  -65.475  16.757 0.1000000015
16182  25.887  -64.832  15.992 0.1000000015
14598  24.578  -66.432  15.408 0.1000000015
14609  24.037  -66.416  14.167 0.1000000015
157607  6.745  -75.319  34.040 0.1000000015
7575  6.952  -75.784  34.048 0.1000000015
4910  9.362  -79.302  37.179 0.1000000015
6835  7.006  -76.051  34.835 0.1000000015
5549  9.598  -78.794  35.640 0.1000000015
15329  25.462  -66.701  20.149 0.1000000015
15328  26.079  -66.145  20.026 0.1000000015
14539  23.688  -67.719  19.785 0.1000000015
16978  27.634  -64.166  19.317 0.1000000015
16201  25.711  -65.086  15.214 0.1000000015
15405  24.884  -65.456  14.868 0.1000000015
15403  26.445  -65.590  15.383 0.1000000015
16218  25.080  -65.285  14.401 0.1000000015
5529  9.161  -78.583  37.752 0.1000000015
5543  9.179  -78.147  36.840 0.1000000015
6145  8.824  -77.203  36.000 0.1000000015
17841  27.754  -63.774  20.053 0.1000000015
16138  26.233  -65.669  20.814 0.1000000015
16150  26.674  -65.327  20.017 0.1000000015
16139  25.541  -66.206  20.678 0.1000000015
14525  24.241  -67.251  20.186 0.1000000015
14547  22.370  -68.048  19.230 0.1000000015
13666  21.211  -68.025  18.538 0.1000000015
136334  8.383  -77.093  36.805 0.1000000015
6807  7.706  -76.528  36.215 0.1000000015
16958  27.221  -64.210  20.960 0.1000000015
16140  24.666  -65.868  21.018 0.1000000015
14541  22.118  -67.171  19.355 0.1000000015
14549  20.954  -67.279  18.357 0.1000000015
15343  23.417  -67.010  20.167 0.1000000015
15332  23.100  -66.093  20.364 0.1000000015
164098  10.348  -66.902  33.561 0.1000000015
15987  11.076  -66.231  32.913 0.1000000015
15973  10.074  -66.532  33.464 0.1000000015
160956  7.568  -67.794  34.883 0.1000000015
14362  7.044  -68.029  35.190 0.1000000015
13494  6.841  -68.552  35.749 0.1000000015
158902  9.110  -67.577  34.145 0.1000000015
15181  8.751  -67.091  34.048 0.1000000015
15197  10.937  -66.613  33.249 0.1000000015
15180  9.694  -67.056  33.753 0.1000000015
150140  11.859  -66.111  32.553 0.1000000015
160083  11.624  -66.084  32.668 0.1000000015
14377  8.384  -67.861  34.613 0.1000000015
15998  12.572  -65.699  31.864 0.1000000015
151703  14.139  -65.871  31.255 0.1000000015
14352  6.271  -68.618  35.647 0.1000000015
13480  6.576  -69.115  36.354 0.1000000015
12587  5.648  -69.742  36.316 0.1000000015
14375  10.169  -67.043  33.642 0.1000000015
15179  10.678  -66.807  33.453 0.1000000015
15203  12.529  -66.220  32.086 0.1000000015
15210  13.337  -65.976  31.593 0.1000000015
13479  7.271  -69.114  36.262 0.1000000015
160682  6.536  -69.459  36.977 0.1000000015
12574  5.570  -69.879  37.296 0.1000000015
12588  5.046  -70.013  36.992 0.1000000015
13492  8.380  -68.340  34.825 0.1000000015
13493  7.687  -68.502  35.400 0.1000000015
140508  10.754  -66.825  33.467 0.1000000015
14386  10.563  -67.028  33.538 0.1000000015
14376  9.460  -67.507  33.926 0.1000000015
14385  11.063  -67.160  33.329 0.1000000015
11693  4.937  -70.551  37.839 0.1000000015
149678  4.689  -71.543  38.714 0.1000000015
9913  4.719  -72.500  38.863 0.1000000015
144292  8.919  -67.949  34.421 0.1000000015
13502  9.840  -67.513  33.793 0.1000000015
12573  7.026  -69.470  37.017 0.1000000015
158597  10.345  -67.921  33.622 0.1000000015
11675  5.559  -70.571  38.736 0.1000000015
141338  4.729  -71.290  39.350 0.1000000015
13503  9.096  -68.180  34.319 0.1000000015
6157  9.338  -77.834  35.370 0.1000000015
16836  15.849  -64.555  29.472 0.1000000015
3128  27.165  -83.201  34.035 0.1000000015
2709  27.177  -84.136  35.121 0.1000000015
12774  21.160  -68.698  18.415 0.1000000015
14548  21.476  -66.790  18.848 0.1000000015
15344  22.595  -66.623  19.840 0.1000000015
159483  27.979  -83.143  35.943 0.1000000015
3101  27.572  -83.945  35.264 0.1000000015
3088  27.930  -83.042  36.905 0.1000000015
5047  28.243  -79.436  24.473 0.1000000015
5039  28.554  -79.666  25.293 0.1000000015
5656  29.419  -77.996  23.409 0.1000000015
5046  28.842  -78.916  24.864 0.1000000015
5038  29.193  -79.213  25.663 0.1000000015
6288  30.111  -77.558  22.752 0.1000000015
5645  29.311  -78.332  24.417 0.1000000015
6245  30.073  -77.764  25.047 0.1000000015
5616  29.692  -78.811  26.025 0.1000000015
6259  30.395  -77.215  24.211 0.1000000015
162389  29.682  -78.108  24.765 0.1000000015
5634  30.145  -78.150  26.003 0.1000000015
5615  30.102  -78.796  26.644 0.1000000015
5607  30.433  -78.640  27.476 0.1000000015
6244  30.451  -77.333  25.714 0.1000000015
148222  30.359  -78.132  26.821 0.1000000015
6220  30.517  -77.576  27.506 0.1000000015
147362  30.590  -78.133  28.103 0.1000000015
5598  30.771  -78.209  28.798 0.1000000015
5597  31.117  -78.292  29.553 0.1000000015
5591  31.833  -78.933  30.650 0.1000000015
6214  30.865  -77.507  29.205 0.1000000015
5592  31.460  -78.269  30.321 0.1000000015
1230  17.165  -87.485  39.948 0.1000000015
1596  16.748  -86.537  40.060 0.1000000015
142733  16.472  -85.779  40.074 0.1000000015
2282  15.798  -84.624  41.046 0.1000000015
162768  17.367  -87.639  38.246 0.1000000015
142459  15.255  -88.127  36.030 0.1000000015
2281  16.215  -84.626  40.339 0.1000000015
1603  17.159  -86.149  38.835 0.1000000015
144126  17.066  -86.798  37.093 0.1000000015
147145  16.797  -87.584  36.858 0.1000000015
1257  14.503  -87.738  35.925 0.1000000015
2653  16.113  -83.951  40.657 0.1000000015
1965  17.150  -85.497  38.385 0.1000000015
139082  16.924  -84.818  38.830 0.1000000015
1617  15.815  -86.837  35.849 0.1000000015
164369  17.073  -84.460  38.545 0.1000000015
1971  17.192  -85.532  37.442 0.1000000015
1626  16.126  -86.207  35.803 0.1000000015
2296  17.256  -84.094  38.207 0.1000000015
1979  16.946  -85.462  36.582 0.1000000015
1987  16.453  -85.399  35.796 0.1000000015
1989  14.717  -85.828  35.384 0.1000000015
144287  13.135  -86.108  36.225 0.1000000015
162866  15.859  -85.056  35.276 0.1000000015
1980  13.229  -85.317  35.880 0.1000000015
1981  12.621  -85.477  36.594 0.1000000015
2321  14.051  -85.114  35.367 0.1000000015
2305  12.119  -84.751  37.065 0.1000000015
161751  13.924  -84.483  35.367 0.1000000015
2314  12.716  -84.648  36.274 0.1000000015
2298  11.354  -84.652  38.330 0.1000000015
2690  11.929  -83.812  37.289 0.1000000015
20494  23.191  -60.450  18.368 0.1000000015
20487  24.110  -60.202  19.878 0.1000000015
144499  10.939  -84.124  38.817 0.1000000015
2704  12.386  -83.487  36.738 0.1000000015
146646  18.946  -61.110  11.199 0.1000000015
20506  23.109  -59.831  16.930 0.1000000015
20518  22.502  -60.428  16.665 0.1000000015
152161  21.616  -60.645  15.063 0.1000000015
20549  20.654  -60.834  13.498 0.1000000015
22462  24.714  -58.653  19.317 0.1000000015
21434  24.253  -59.232  18.895 0.1000000015
20495  22.811  -60.466  17.572 0.1000000015
20536  21.336  -60.643  14.302 0.1000000015
22451  25.498  -58.666  20.768 0.1000000015
21424  24.511  -59.460  19.782 0.1000000015
21417  25.003  -59.410  20.604 0.1000000015
20476  24.483  -60.156  20.501 0.1000000015
20488  23.648  -60.633  19.570 0.1000000015
19619  23.328  -61.479  19.924 0.1000000015
3094  11.562  -82.831  38.160 0.1000000015
20561  20.426  -60.570  12.416 0.1000000015
19707  19.407  -60.582  10.785 0.1000000015
20548  21.373  -60.372  13.559 0.1000000015
20560  21.161  -60.257  12.878 0.1000000015
20527  22.153  -60.393  15.659 0.1000000015
21444  24.024  -59.089  17.995 0.1000000015
23424  25.973  -57.853  21.012 0.1000000015
22425  27.030  -58.361  22.518 0.1000000015
22441  25.920  -58.692  21.510 0.1000000015
21416  25.467  -59.373  21.310 0.1000000015
20469  25.585  -60.039  21.815 0.1000000015
20477  23.947  -60.828  20.302 0.1000000015
19611  23.809  -61.571  20.744 0.1000000015
159824  23.387  -62.109  20.511 0.1000000015
162118  21.911  -62.715  18.685 0.1000000015
20586  18.777  -60.419  10.081 0.1000000015
21477  22.356  -59.641  14.264 0.1000000015
20574  20.004  -60.124  10.576 0.1000000015
21445  23.600  -59.124  17.169 0.1000000015
21468  22.596  -59.710  15.135 0.1000000015
21518  21.306  -59.432  11.478 0.1000000015
23435  25.758  -57.230  20.384 0.1000000015
162664  25.134  -58.137  19.611 0.1000000015
22476  24.186  -58.257  17.786 0.1000000015
24371  27.217  -56.231  22.130 0.1000000015
23434  26.205  -57.058  20.937 0.1000000015
22461  25.513  -58.002  20.190 0.1000000015
156302  26.917  -56.874  22.008 0.1000000015
23414  26.972  -57.543  22.253 0.1000000015
24363  27.494  -56.923  22.605 0.1000000015
23413  27.645  -57.745  22.887 0.1000000015
21409  26.406  -58.928  22.184 0.1000000015
145800  25.139  -60.818  21.791 0.1000000015
17863  21.197  -63.274  17.870 0.1000000015
21467  23.144  -59.057  15.597 0.1000000015
142504  22.560  -59.133  13.889 0.1000000015
138364  22.138  -59.130  12.668 0.1000000015
23443  25.288  -57.365  19.634 0.1000000015
23451  24.532  -57.713  18.384 0.1000000015
22490  23.492  -58.661  16.441 0.1000000015
25300  26.953  -55.609  21.560 0.1000000015
24387  25.581  -56.704  19.994 0.1000000015
24398  25.256  -56.400  19.376 0.1000000015
25291  28.395  -55.309  22.788 0.1000000015
151849  27.999  -56.167  22.790 0.1000000015
141021  23.108  -58.375  14.953 0.1000000015
23456  23.961  -57.812  17.285 0.1000000015
159184  23.285  -57.737  15.245 0.1000000015
25301  26.438  -55.717  20.875 0.1000000015
25311  25.983  -55.651  20.273 0.1000000015
151011  24.484  -57.011  18.290 0.1000000015
23468  23.874  -57.139  17.137 0.1000000015
145517  23.376  -58.190  15.764 0.1000000015
26213  29.552  -54.316  23.052 0.1000000015
24401  24.717  -56.341  18.573 0.1000000015
26224  27.310  -54.824  21.649 0.1000000015
24412  23.795  -56.338  16.852 0.1000000015
23479  23.448  -57.364  15.861 0.1000000015
24425  23.325  -57.033  15.137 0.1000000015
26215  27.948  -54.691  22.239 0.1000000015
24402  24.229  -56.466  17.730 0.1000000015
26225  26.698  -54.985  21.060 0.1000000015
25323  25.970  -54.946  20.007 0.1000000015
24413  23.502  -56.407  15.925 0.1000000015
153379  23.362  -56.161  14.965 0.1000000015
27030  29.140  -53.808  22.639 0.1000000015
146267  27.718  -53.995  21.740 0.1000000015
26235  26.457  -54.497  20.469 0.1000000015
25334  25.107  -55.546  18.904 0.1000000015
25339  24.133  -55.534  17.255 0.1000000015
160477  24.562  -54.619  17.564 0.1000000015
26272  24.146  -54.791  16.708 0.1000000015
162591  30.232  -52.089  22.497 0.1000000015
27842  29.246  -53.102  22.403 0.1000000015
27042  28.475  -53.613  22.160 0.1000000015
27055  26.712  -53.565  20.327 0.1000000015
26261  24.995  -54.747  18.444 0.1000000015
27840  31.031  -52.450  22.643 0.1000000015
27093  24.859  -53.723  17.350 0.1000000015
28649  30.711  -51.597  22.496 0.1000000015
27853  29.443  -52.160  22.233 0.1000000015
27854  28.549  -52.635  21.787 0.1000000015
27864  27.195  -52.575  20.462 0.1000000015
157694  25.356  -54.161  18.654 0.1000000015
138766  33.160  -50.995  21.634 0.1000000015
28648  31.574  -51.566  22.414 0.1000000015
137613  24.494  -54.102  16.841 0.1000000015
11691  7.255  -69.859  37.511 0.1000000015
29576  30.490  -50.891  22.380 0.1000000015
28650  29.984  -51.481  22.342 0.1000000015
142565  28.747  -51.732  21.671 0.1000000015
27066  26.271  -53.356  19.513 0.1000000015
27106  25.240  -52.976  17.228 0.1000000015
27878  26.391  -52.630  19.251 0.1000000015
27893  25.663  -52.796  18.018 0.1000000015
27107  24.741  -53.340  16.492 0.1000000015
27953  23.832  -52.185  13.421 0.1000000015
27968  23.184  -52.056  12.288 0.1000000015
28662  28.205  -51.189  21.189 0.1000000015
28663  27.695  -51.854  20.823 0.1000000015
141597  27.297  -51.766  20.266 0.1000000015
28676  27.589  -51.035  20.455 0.1000000015
147041  27.144  -51.341  19.882 0.1000000015
138494  24.406  -52.902  14.921 0.1000000015
152152  24.032  -52.728  14.140 0.1000000015
30564  29.310  -49.906  21.661 0.1000000015
30555  30.767  -50.096  22.354 0.1000000015
29586  28.673  -50.428  21.378 0.1000000015
27901  26.002  -52.094  18.003 0.1000000015
27902  25.708  -52.119  17.222 0.1000000015
28739  25.540  -51.697  16.298 0.1000000015
27934  24.821  -52.075  15.130 0.1000000015
149392  22.057  -51.966  11.422 0.1000000015
27983  21.821  -52.282  11.348 0.1000000015
28779  24.317  -51.297  13.737 0.1000000015
28809  22.092  -51.210  11.671 0.1000000015
28794  23.040  -50.939  12.315 0.1000000015
159903  23.449  -50.456  12.851 0.1000000015
28756  25.298  -51.303  15.376 0.1000000015
29705  21.799  -50.525  12.478 0.1000000015
29704  22.345  -50.297  12.427 0.1000000015
12675  21.643  -70.096  27.923 0.1000000015
28781  21.313  -50.895  12.835 0.1000000015
29690  21.626  -50.542  13.352 0.1000000015
29691  21.079  -51.056  13.726 0.1000000015
30649  22.958  -49.741  13.760 0.1000000015
12674  22.502  -70.050  27.640 0.1000000015
12676  20.833  -69.309  27.909 0.1000000015
26238  20.222  -55.087  20.123 0.1000000015
29679  21.391  -50.715  14.477 0.1000000015
29663  21.005  -50.664  15.504 0.1000000015
30634  22.720  -49.969  15.049 0.1000000015
29662  21.823  -50.344  15.343 0.1000000015
30617  19.536  -49.937  16.583 0.1000000015
26250  20.040  -54.401  19.643 0.1000000015
158234  23.138  -49.622  15.755 0.1000000015
31621  22.311  -49.774  16.126 0.1000000015
30615  21.224  -49.995  16.179 0.1000000015
31600  23.956  -48.667  16.739 0.1000000015
142767  23.111  -49.247  16.472 0.1000000015
30616  20.409  -49.723  16.477 0.1000000015
142169  22.200  -48.947  16.786 0.1000000015
31601  22.920  -48.457  17.108 0.1000000015
163854  21.592  -49.337  16.531 0.1000000015
139055  19.978  -49.039  16.690 0.1000000015
139661  19.016  -48.911  16.714 0.1000000015
136609  21.898  -47.816  17.116 0.1000000015
32555  20.915  -47.586  16.839 0.1000000015
31604  19.557  -48.154  16.667 0.1000000015
144981  21.219  -45.702  16.407 0.1000000015
33462  19.742  -46.473  16.287 0.1000000015
32557  19.157  -47.271  16.402 0.1000000015
31605  18.600  -47.995  16.506 0.1000000015
19733  18.144  -60.824  10.109 0.1000000015
24388  20.393  -56.373  20.962 0.1000000015
1577  15.981  -86.703  41.461 0.1000000015
950  17.181  -88.091  37.655 0.1000000015
1239  17.376  -87.581  39.000 0.1000000015
12691  21.789  -69.403  27.442 0.1000000015
1256  15.962  -87.466  36.139 0.1000000015
1628  14.487  -86.594  35.628 0.1000000015
22510  22.825  -58.387  13.981 0.1000000015
25355  23.569  -55.472  15.592 0.1000000015
27916  25.197  -52.486  16.472 0.1000000015
33461  20.591  -46.077  16.329 0.1000000015
153463  21.816  -46.069  16.786 0.1000000015
6276  30.050  -77.520  23.565 0.1000000015
5635  29.546  -78.472  25.275 0.1000000015
1223  16.573  -87.051  40.692 0.1000000015
1602  17.347  -86.933  38.496 0.1000000015
21458  22.824  -59.793  16.051 0.1000000015
20572  20.933  -60.004  11.988 0.1000000015
21504  21.622  -59.629  12.524 0.1000000015
21457  23.259  -59.301  16.431 0.1000000015
22477  23.808  -58.398  17.135 0.1000000015
24372  26.600  -56.457  21.367 0.1000000015
162753  28.187  -54.182  22.208 0.1000000015
25335  24.560  -55.526  18.117 0.1000000015
26248  26.122  -54.153  19.771 0.1000000015
27054  27.369  -53.347  21.083 0.1000000015
27067  25.730  -53.814  19.098 0.1000000015
27855  27.787  -52.595  21.201 0.1000000015
27082  25.938  -53.088  18.813 0.1000000015
29584  32.685  -50.110  22.073 0.1000000015
29577  29.819  -50.920  22.169 0.1000000015
28689  26.787  -51.262  19.177 0.1000000015
27944  24.392  -52.100  14.328 0.1000000015
29689  22.286  -50.047  13.021 0.1000000015
29678  22.157  -50.266  14.158 0.1000000015
31620  23.798  -49.220  15.837 0.1000000015
155554  20.830  -49.168  16.620 0.1000000015
32554  22.739  -47.613  17.282 0.1000000015
31602  21.306  -48.539  16.829 0.1000000015
31603  20.449  -48.317  16.761 0.1000000015
33459  22.223  -46.837  17.121 0.1000000015
160040  20.523  -46.815  16.589 0.1000000015
32556  20.061  -47.417  16.621 0.1000000015
33460  21.299  -46.665  16.777 0.1000000015
1  18.228  -95.115  31.540 0.8999999762
2  17.225  -95.159  31.425 0.8999999762
4  15.747  -95.205  30.994 0.8999999762
9  16.464  -95.352  30.912 0.8999999762
10  15.088  -95.106  30.172 0.8999999762
12  14.572  -94.444  29.983 0.8999999762
15  18.509  -95.272  29.931 0.8999999762
16  16.512  -95.359  29.885 0.8999999762
21  18.895  -95.039  29.247 0.8999999762
24  14.860  -94.628  29.185 0.8999999762
25  20.049  -94.194  32.345 0.8999999762
30  18.687  -94.699  31.843 1.0000000000
35  14.661  -94.341  30.147 0.8999999762
37  20.327  -94.149  29.367 1.0000000000
38  14.708  -94.162  29.437 0.8999999762
43  16.855  -94.110  28.681 0.8999999762
44  15.993  -94.297  28.412 0.8999999762
46  14.564  -93.707  28.925 0.8999999762
53  15.548  -93.901  27.801 0.6999999881
54  14.791  -93.698  27.998 0.8999999762
55  14.632  -93.491  28.548 0.8999999762
60  15.948  -93.554  27.277 0.6999999881
61  17.148  -92.961  38.432 0.5000000000
62  16.157  -93.247  38.487 0.6000000238
68  16.255  -93.490  37.128 0.6000000238
69  15.328  -93.525  37.169 0.6000000238
70  14.097  -93.680  36.004 0.6000000238
74  12.952  -93.898  35.090 0.6000000238
75  13.579  -93.948  35.064 0.6000000238
76  22.551  -92.729  33.235 0.8000000119
77  22.166  -93.221  32.781 0.8000000119
78  21.440  -93.726  32.383 0.8000000119
80  19.900  -93.981  32.543 0.8000000119
85  17.372  -94.435  31.576 1.0000000000
86  16.555  -94.393  31.304 0.8999999762
87  15.966  -94.082  30.815 0.8999999762
94  21.340  -93.478  30.338 0.8999999762
95  14.654  -93.238  29.184 0.8999999762
101  20.768  -93.276  27.474 1.0000000000
103  15.331  -93.553  27.429 0.6999999881
111  17.186  -92.593  27.208 0.8000000119
116  22.021  -92.753  26.090 0.8000000119
127  18.211  -92.349  39.266 0.5000000000
128  17.386  -92.520  39.590 0.5000000000
129  15.757  -92.486  39.639 0.5000000000
131  16.610  -92.834  39.118 0.6000000238
133  18.407  -92.301  38.000 0.5000000000
136  17.179  -93.086  37.113 0.5000000000
143  15.912  -93.277  35.796 0.6999999881
145  12.421  -93.454  35.220 0.6000000238
146  11.842  -93.108  35.219 0.6000000238
148  13.766  -93.581  34.754 0.6000000238
151  11.831  -93.023  34.921 0.6000000238
152  7.679  -91.068  33.788 0.8999999762
155  8.215  -91.242  33.225 0.8999999762
156  7.804  -91.223  33.411 0.8999999762
158  21.379  -93.410  32.850 0.8000000119
161  9.329  -91.352  32.069 1.0000000000
162  8.788  -91.138  32.627 0.8999999762
165  23.156  -92.520  32.286 0.8000000119
166  22.626  -92.953  31.747 0.6999999881
171  9.825  -90.925  31.448 0.8999999762
172  9.641  -91.246  31.768 1.0000000000
181  14.964  -93.545  29.823 0.8999999762
182  9.689  -91.053  31.307 0.8999999762
188  21.386  -92.440  28.416 0.8999999762
189  14.553  -92.666  28.425 0.8999999762
190  24.247  -90.957  25.840 0.8999999762
195  14.176  -91.056  26.507 0.6999999881
205  23.756  -91.736  25.385 0.8999999762
207  22.381  -92.420  25.764 0.8000000119
218  22.778  -91.839  25.376 0.8000000119
220  16.644  -92.197  24.950 0.6999999881
229  16.679  -91.378  42.301 0.4000000060
231  15.527  -91.411  41.821 0.3000000119
234  15.810  -91.848  41.623 0.4000000060
240  15.354  -91.936  40.849 0.4000000060
247  19.120  -91.774  38.118 0.5000000000
248  18.525  -91.958  37.557 0.5000000000
255  17.359  -92.376  36.517 0.6000000238
256  14.799  -91.575  36.503 0.4000000060
265  11.092  -92.275  36.044 0.6000000238
267  6.434  -90.959  35.461 0.8999999762
271  14.175  -92.444  34.331 0.6000000238
275  6.893  -91.207  34.448 0.8999999762
276  6.284  -90.998  34.414 0.8999999762
281  12.917  -91.764  34.099 0.6000000238
283  6.847  -91.181  33.742 0.8999999762
285  24.690  -91.530  33.643 0.6999999881
287  21.188  -92.321  32.919 0.8000000119
289  7.666  -91.179  32.653 0.8999999762
290  6.771  -91.077  32.902 0.8999999762
295  9.691  -91.489  31.699 1.0000000000
296  8.629  -91.164  31.575 1.0000000000
297  7.865  -91.094  31.866 1.0000000000
304  9.526  -91.163  30.525 0.8999999762
305  8.811  -91.164  30.756 0.8999999762
308  21.451  -91.972  29.267 0.8999999762
312  9.966  -91.188  29.682 0.8000000119
320  9.557  -91.146  28.761 0.6000000238
330  14.094  -90.930  26.739 0.8999999762
332  9.210  -91.110  28.216 0.4000000060
340  27.921  -91.044  25.599 0.8999999762
351  27.605  -91.018  24.952 0.8999999762
352  27.015  -91.035  24.731 0.8000000119
355  25.082  -91.832  24.949 0.6999999881
357  23.119  -91.352  24.946 0.8000000119
363  25.250  -91.173  24.591 0.8999999762
370  17.745  -90.693  22.804 0.5000000000
380  13.670  -90.322  48.903 0.3000000119
381  13.101  -90.415  48.478 0.3000000119
382  16.112  -90.096  47.449 0.3000000119
384  14.399  -90.476  47.635 0.3000000119
387  14.088  -90.502  46.785 0.3000000119
390  15.405  -90.527  45.802 0.4000000060
394  15.423  -90.519  44.094 0.4000000060
396  8.776  -90.409  44.224 0.6000000238
397  8.181  -90.393  44.493 0.6000000238
398  18.838  -90.027  43.413 0.3000000119
399  17.866  -90.484  43.654 0.4000000060
401  15.511  -90.521  43.443 0.3000000119
408  9.060  -90.813  43.111 0.6999999881
409  8.760  -90.672  43.178 0.6999999881
410  20.629  -90.201  41.331 0.3000000119
413  15.556  -90.845  41.548 0.3000000119
414  15.414  -91.601  41.316 0.4000000060
417  22.091  -90.227  40.434 0.5000000000
421  9.923  -90.898  41.129 0.6000000238
422  9.687  -90.974  40.947 0.6000000238
424  22.313  -90.600  40.013 0.5000000000
429  9.793  -91.129  39.733 0.6999999881
432  16.283  -91.025  38.379 0.3000000119
434  10.376  -91.540  38.576 0.6999999881
436  22.602  -90.735  38.705 0.5000000000
437  21.208  -90.855  38.438 0.5000000000
446  25.105  -90.421  36.345 0.5000000000
450  15.936  -90.340  36.938 0.4000000060
455  10.383  -91.833  36.885 0.6000000238
456  6.703  -90.769  36.413 0.8999999762
458  6.181  -90.571  36.893 0.8999999762
462  17.308  -90.778  35.394 0.6000000238
466  6.663  -90.960  35.995 0.8999999762
468  24.859  -91.114  35.249 0.6000000238
470  17.161  -90.188  34.845 0.6000000238
475  11.594  -91.639  34.825 0.6000000238
476  7.695  -90.922  34.038 0.8999999762
479  25.266  -91.034  34.253 0.6999999881
480  24.163  -91.470  34.568 0.6999999881
483  14.161  -90.643  33.597 0.6999999881
492  9.332  -90.835  32.189 0.8999999762
503  6.931  -90.211  31.858 1.0000000000
504  6.313  -89.753  32.248 0.8000000119
505  30.391  -90.266  29.890 0.6000000238
506  29.839  -90.513  29.679 0.6000000238
507  23.408  -90.060  31.376 0.6999999881
515  30.172  -90.869  29.339 0.6000000238
520  18.343  -90.081  29.612 1.0000000000
522  16.064  -90.951  28.903 0.8999999762
532  16.376  -90.219  28.634 0.8999999762
539  7.043  -88.670  26.984 0.3000000119
540  7.005  -88.679  27.000 0.3000000119
541  30.026  -90.986  28.579 0.6000000238
543  28.917  -91.271  27.483 0.6000000238
551  14.226  -90.319  26.698 0.6999999881
553  9.613  -90.459  27.627 0.4000000060
558  23.622  -89.447  26.382 0.8000000119
564  8.702  -89.859  26.539 0.4000000060
572  11.918  -87.635  25.150 0.5000000000
578  23.417  -90.910  24.702 0.8000000119
587  26.873  -90.197  23.925 0.8999999762
588  26.259  -90.193  23.847 0.8999999762
594  13.557  -90.013  23.421 0.5000000000
599  15.600  -89.922  22.829 0.6000000238
600  14.628  -90.185  23.037 0.6000000238
611  18.639  -90.011  20.427 0.5000000000
615  19.084  -89.874  20.117 0.5000000000
616  13.718  -89.612  49.423 0.3000000119
619  11.768  -89.580  50.341 0.2000000030
620  15.159  -90.006  48.409 0.3000000119
621  14.265  -90.036  48.966 0.3000000119
623  16.242  -89.849  47.467 0.3000000119
627  17.021  -89.606  46.201 0.3000000119
630  16.948  -90.023  46.152 0.3000000119
632  13.871  -90.220  46.149 0.3000000119
639  7.861  -90.166  45.060 0.6000000238
640  7.084  -89.517  44.821 0.6999999881
641  19.306  -89.711  42.963 0.2000000030
650  15.396  -90.307  43.078 0.3000000119
651  10.005  -90.219  42.312 0.6000000238
652  9.419  -90.577  43.093 0.6000000238
653  8.143  -89.861  43.192 0.6999999881
654  7.496  -89.684  43.685 0.6999999881
658  16.098  -89.729  41.714 0.3000000119
662  21.379  -90.198  40.869 0.4000000060
669  10.570  -90.866  39.672 0.6999999881
671  23.750  -90.167  38.935 0.5000000000
674  16.852  -90.033  38.538 0.3000000119
687  10.019  -90.652  37.824 0.6999999881
689  6.205  -90.098  37.599 0.8000000119
696  18.971  -89.856  36.224 0.4000000060
699  13.973  -89.304  36.323 0.4000000060
702  6.743  -90.075  37.018 0.8000000119
704  25.245  -90.262  35.979 0.5000000000
714  25.359  -90.509  35.022 0.6999999881
721  12.146  -90.529  34.366 0.6999999881
725  5.532  -89.730  34.593 0.8999999762
728  17.432  -88.826  33.944 0.5000000000
731  14.569  -89.761  33.364 0.6999999881
745  20.881  -89.665  31.608 0.8000000119
750  29.453  -89.859  29.900 0.6000000238
752  19.755  -89.353  30.367 0.8000000119
754  10.479  -89.736  30.280 0.8999999762
768  28.551  -90.401  28.622 0.6999999881
772  16.652  -89.456  28.351 0.8999999762
776  7.226  -88.457  26.953 0.3000000119
783  14.545  -89.711  26.508 0.8000000119
788  6.786  -88.776  26.762 0.3000000119
799  6.167  -88.434  26.295 0.3000000119
803  20.255  -89.407  25.279 0.8999999762
809  9.610  -89.264  25.343 0.1000000015
813  6.012  -88.581  25.892 0.2000000030
814  5.970  -88.212  26.064 0.3000000119
815  27.599  -90.641  24.755 0.8000000119
827  6.231  -88.606  25.207 0.2000000030
828  27.172  -89.174  23.802 0.8000000119
831  24.929  -89.494  23.829 0.8999999762
835  10.697  -88.557  23.962 0.3000000119
837  13.479  -89.245  22.608 0.4000000060
846  20.032  -88.591  20.502 0.5000000000
852  20.051  -88.758  20.102 0.5000000000
855  17.961  -89.428  20.087 0.4000000060
860  23.293  -88.485  50.363 0.1000000015
868  22.751  -88.804  49.989 0.1000000015
872  11.977  -89.486  50.564 0.2000000030
873  24.780  -88.512  49.087 0.1000000015
876  22.272  -88.624  49.319 0.1000000015
881  11.375  -89.173  50.222 0.1000000015
884  23.392  -87.939  47.714 0.1000000015
887  12.046  -89.806  48.487 0.2000000030
890  16.093  -89.046  47.325 0.2000000030
891  13.269  -89.099  46.475 0.2000000030
898  7.648  -89.256  45.899 0.6999999881
901  17.859  -88.862  44.797 0.2000000030
903  8.837  -89.853  44.757 0.6999999881
906  19.333  -89.242  43.047 0.2000000030
910  14.958  -88.567  43.939 0.2000000030
913  19.751  -88.981  42.530 0.4000000060
915  15.551  -89.247  43.036 0.2000000030
918  6.106  -88.788  42.596 0.6999999881
922  20.110  -88.749  41.921 0.4000000060
923  16.287  -88.613  41.908 0.2000000030
927  6.874  -88.673  42.134 0.6999999881
943  11.318  -89.713  39.677 0.5000000000
946  6.084  -88.823  39.799 0.8000000119
954  9.443  -88.443  38.913 0.6999999881
957  5.130  -88.583  38.981 0.8000000119
960  16.660  -88.537  37.021 0.1000000015
961  13.515  -88.489  36.662 0.3000000119
973  16.168  -88.118  36.454 0.1000000015
983  19.054  -88.780  35.074 0.6000000238
985  10.853  -88.879  35.949 0.6000000238
994  12.124  -88.672  34.444 0.6999999881
999  24.145  -88.417  33.175 0.6000000238
1003  19.047  -87.855  33.847 0.6000000238
1004  18.158  -88.319  33.896 0.6000000238
1005  17.535  -88.248  33.462 0.6000000238
1012  24.213  -88.868  32.616 0.6999999881
1013  21.433  -88.962  32.589 0.5000000000
1019  9.107  -88.108  32.354 0.8999999762
1023  23.641  -88.484  31.784 0.6000000238
1025  20.565  -88.366  31.470 0.6999999881
1026  10.106  -88.431  31.015 0.8999999762
1030  31.310  -89.504  30.420 0.4000000060
1032  23.115  -88.771  30.925 0.6000000238
1038  8.044  -88.545  30.011 0.6999999881
1039  6.094  -88.140  31.455 0.8000000119
1041  30.988  -89.863  29.882 0.4000000060
1045  19.266  -88.205  29.596 0.8999999762
1047  18.148  -88.599  28.829 1.0000000000
1048  8.577  -87.573  28.784 0.4000000060
1060  7.739  -88.257  27.125 0.3000000119
1069  11.637  -88.025  27.388 1.0000000000
1070  8.562  -87.635  27.655 0.3000000119
1071  7.914  -87.938  27.064 0.3000000119
1080  5.889  -87.781  26.044 0.3000000119
1092  9.288  -88.539  24.772 0.1000000015
1094  7.521  -88.869  24.895 0.1000000015
1096  6.081  -88.200  25.652 0.2000000030
1101  20.618  -87.778  24.135 0.8999999762
1114  10.908  -87.981  23.053 0.1000000015
1130  20.123  -87.889  18.981 0.5000000000
1134  19.102  -87.404  18.590 0.5000000000
1151  25.884  -88.265  50.500 0.1000000015
1158  10.995  -88.257  50.682 0.1000000015
1162  21.949  -88.220  48.540 0.1000000015
1173  21.565  -87.489  47.886 0.1000000015
1177  6.812  -87.096  47.441 0.6000000238
1184  15.507  -87.768  46.822 0.2000000030
1188  7.112  -87.735  46.997 0.6000000238
1194  13.757  -87.417  45.264 0.2000000030
1196  6.526  -88.138  46.368 0.6000000238
1204  15.075  -87.592  43.482 0.2000000030
1207  19.511  -88.398  42.238 0.4000000060
1212  29.278  -87.494  40.324 0.1000000015
1216  16.472  -87.735  41.322 0.2000000030
1225  10.873  -88.106  40.914 0.4000000060
1228  4.753  -87.647  40.495 0.8000000119
1247  17.274  -87.227  37.677 0.1000000015
1249  12.556  -87.216  37.499 0.2000000030
1258  13.725  -87.629  36.314 0.1000000015
1261  9.628  -86.939  37.147 0.8000000119
1267  14.282  -87.217  35.854 0.2000000030
1278  8.420  -86.962  35.205 0.6999999881
1282  19.719  -87.602  33.278 0.6999999881
1284  13.323  -87.536  33.212 0.8000000119
1299  12.954  -86.675  33.114 0.8000000119
1305  33.226  -87.610  31.350 0.3000000119
1307  32.254  -88.543  31.244 0.3000000119
1321  5.678  -87.599  31.537 0.8000000119
1326  22.727  -87.426  30.461 0.6000000238
1336  32.146  -88.511  30.549 0.4000000060
1344  8.573  -86.973  28.680 0.4000000060
1345  8.187  -87.341  29.333 0.5000000000
1346  7.368  -87.119  29.741 0.5000000000
1353  17.795  -87.291  27.987 1.0000000000
1355  11.950  -87.520  27.894 1.0000000000
1357  29.326  -87.342  27.787 0.4000000060
1365  8.123  -87.301  26.991 0.2000000030
1370  25.174  -87.000  26.444 0.8000000119
1372  23.617  -87.046  26.461 0.8000000119
1379  7.345  -86.975  26.414 0.2000000030
1381  5.820  -88.010  25.976 0.2000000030
1384  14.034  -86.754  24.916 0.8000000119
1385  13.278  -86.792  25.240 0.8000000119
1386  6.577  -87.365  25.936 0.3000000119
1387  5.952  -87.933  25.935 0.2000000030
1416  32.601  -87.193  22.558 0.1000000015
1437  33.125  -86.790  21.739 0.1000000015
1438  32.642  -86.588  21.432 0.1000000015
1446  16.561  -87.491  19.789 0.2000000030
1449  20.253  -87.063  18.738 0.5000000000
1469  26.281  -87.669  51.685 0.1000000015
1480  11.790  -87.105  51.533 0.1000000015
1491  15.236  -86.381  50.379 0.1000000015
1494  10.800  -87.170  50.790 0.1000000015
1502  6.553  -86.059  48.185 0.5000000000
1509  19.247  -86.463  47.973 0.1000000015
1522  21.026  -86.204  46.853 0.1000000015
1528  6.097  -86.849  47.430 0.6999999881
1539  13.566  -86.519  45.290 0.2000000030
1544  28.764  -86.523  44.331 0.1000000015
1546  16.887  -87.082  44.051 0.2000000030
1560  9.105  -86.538  43.679 0.4000000060
1575  18.551  -87.041  41.776 0.4000000060
1578  10.280  -86.553  41.329 0.2000000030
1581  4.747  -86.820  41.254 0.6999999881
1582  29.422  -87.361  40.084 0.1000000015
1583  28.788  -87.456  39.864 0.1000000015
1588  10.746  -87.018  40.739 0.2000000030
1592  28.509  -87.173  39.239 0.1000000015
1595  17.191  -86.777  39.328 0.1000000015
1605  11.754  -86.436  38.353 0.2000000030
1609  17.279  -86.312  37.833 0.1000000015
1610  12.136  -86.431  37.690 0.2000000030
1613  4.638  -86.774  37.976 0.8000000119
1616  16.514  -86.733  36.380 0.1000000015
1618  13.638  -86.759  36.095 0.1000000015
1620  9.560  -86.634  36.394 0.6999999881
1627  15.336  -86.413  35.561 0.1000000015
1629  13.828  -85.973  35.649 0.1000000015
1632  9.378  -86.549  35.517 0.6999999881
1635  22.541  -86.658  34.139 0.5000000000
1637  10.308  -86.399  34.408 0.6999999881
1639  8.930  -86.647  34.895 0.6999999881
1648  9.755  -86.429  33.756 0.6999999881
1651  33.670  -86.703  32.198 0.2000000030
1652  33.279  -86.733  32.359 0.2000000030
1660  10.027  -86.291  32.836 0.8000000119
1668  22.764  -86.345  30.916 0.5000000000
1669  19.106  -86.802  31.300 0.8000000119
1675  13.259  -85.874  31.838 0.8000000119
1678  10.555  -86.390  31.288 0.8999999762
1679  5.061  -86.479  31.436 0.6999999881
1681  33.550  -86.895  31.057 0.1000000015
1692  11.688  -85.775  30.876 0.8999999762
1694  5.064  -86.186  30.754 0.6000000238
1699  28.050  -86.886  28.981 0.6999999881
1700  22.322  -86.605  29.050 0.5000000000
1704  6.048  -86.158  29.847 0.6000000238
1713  18.075  -86.645  28.264 1.0000000000
1721  23.073  -86.585  26.786 0.6999999881
1722  22.692  -86.081  27.287 0.6000000238
1735  15.477  -86.106  25.751 1.0000000000
1737  13.670  -86.201  26.223 1.0000000000
1739  7.811  -85.998  26.462 0.2000000030
1742  14.152  -86.413  25.361 1.0000000000
1751  7.039  -86.729  24.738 0.2000000030
1807  20.370  -86.080  18.078 0.5000000000
1818  26.849  -86.351  53.096 0.1000000015
1819  26.415  -86.276  53.150 0.1000000015
1849  15.423  -85.565  48.536 0.1000000015
1852  6.414  -85.537  48.372 0.5000000000
1853  6.008  -85.083  48.471 0.6000000238
1858  16.537  -85.189  47.881 0.1000000015
1864  5.727  -85.219  48.206 0.6999999881
1872  17.811  -84.999  47.119 0.1000000015
1874  14.800  -85.955  47.124 0.2000000030
1877  7.461  -86.112  47.350 0.5000000000
1887  20.838  -85.155  45.824 0.1000000015
1891  13.235  -85.611  45.487 0.2000000030
1893  8.157  -85.324  45.446 0.5000000000
1894  7.833  -85.435  46.397 0.5000000000
1905  14.218  -86.096  44.116 0.2000000030
1915  16.947  -84.708  44.065 0.2000000030
1923  18.163  -86.130  41.656 0.4000000060
1936  9.939  -85.536  41.256 0.2000000030
1941  27.673  -86.509  40.121 0.2000000030
1944  18.680  -85.052  40.635 0.2000000030
1945  16.386  -85.159  40.029 0.1000000015
1954  19.546  -84.946  39.611 0.2000000030
1955  16.761  -85.438  39.338 0.1000000015
1958  6.531  -85.432  39.238 0.8000000119
1966  11.432  -85.580  38.558 0.2000000030
1972  12.142  -85.672  37.329 0.2000000030
1974  7.108  -85.074  37.450 1.0000000000
1977  27.342  -85.491  36.378 0.1000000015
1988  15.644  -85.690  35.423 0.1000000015
1990  7.083  -85.058  34.896 0.8999999762
2000  33.782  -85.958  33.286 0.2000000030
2004  5.334  -85.807  32.830 0.6999999881
2006  32.945  -86.088  32.484 0.3000000119
2018  29.787  -85.150  29.979 0.3000000119
2021  17.210  -85.581  29.614 1.0000000000
2033  17.575  -85.630  28.870 1.0000000000
2051  13.990  -85.478  28.620 1.0000000000
2060  16.431  -85.626  26.912 1.0000000000
2062  15.016  -85.398  26.957 1.0000000000
2064  7.848  -84.693  27.431 0.2000000030
2068  15.280  -85.655  26.295 1.0000000000
2091  7.559  -85.598  23.985 0.1000000015
2101  11.085  -86.139  23.292 0.1000000015
2107  25.880  -85.540  21.953 0.8000000119
2137  31.763  -85.169  18.738 0.1000000015
2145  31.352  -84.767  18.016 0.1000000015
2200  6.082  -84.440  48.615 0.6000000238
2201  5.764  -84.417  48.449 0.6999999881
2205  15.725  -84.978  46.890 0.1000000015
2210  18.849  -84.658  46.070 0.2000000030
2212  16.622  -84.597  45.932 0.2000000030
2227  5.403  -84.517  46.575 0.8000000119
2237  20.519  -84.226  44.710 0.2000000030
2239  18.357  -83.978  44.663 0.2000000030
2240  16.801  -84.622  44.735 0.2000000030
2242  8.604  -84.488  44.000 0.5000000000
2258  6.516  -84.988  43.280 0.8999999762
2259  6.177  -84.241  43.495 0.8000000119
2275  6.549  -84.790  41.915 0.8999999762
2280  18.770  -84.291  40.544 0.3000000119
2289  16.556  -84.680  39.588 0.1000000015
2290  10.967  -84.909  39.002 0.2000000030
2291  10.663  -84.428  39.387 0.3000000119
2294  20.855  -85.110  38.062 0.4000000060
2297  17.223  -84.803  37.965 0.1000000015
2299  7.235  -84.240  37.798 0.8999999762
2301  27.001  -85.374  36.415 0.1000000015
2304  17.198  -84.949  37.060 0.1000000015
2306  11.679  -84.424  37.703 0.1000000015
2312  17.083  -84.652  36.210 0.1000000015
2313  13.386  -84.527  35.670 0.1000000015
2317  27.196  -84.724  35.740 0.2000000030
2320  14.511  -84.460  35.147 0.1000000015
2322  7.284  -84.540  35.362 0.8000000119
2329  33.583  -85.179  33.986 0.1000000015
2332  21.796  -84.637  33.516 0.4000000060
2334  5.865  -84.089  33.261 0.6000000238
2359  4.825  -84.069  29.808 0.5000000000
2364  27.639  -84.191  28.537 0.6000000238
2366  7.915  -84.603  27.996 0.3000000119
2408  5.035  -84.768  24.283 0.1000000015
2418  7.244  -84.734  23.965 0.1000000015
2421  4.867  -84.295  24.053 0.1000000015
2477  22.425  -84.004  16.993 0.6999999881
2484  29.898  -83.614  17.056 0.2000000030
2486  25.927  -83.161  16.568 0.6999999881
2508  22.542  -83.875  14.986 0.6000000238
2571  5.919  -83.782  48.654 0.6000000238
2586  5.211  -83.740  47.021 0.8999999762
2591  7.798  -83.951  46.212 0.5000000000
2606  26.514  -83.972  43.179 0.1000000015
2611  21.182  -83.359  43.511 0.1000000015
2616  9.114  -83.730  42.726 0.4000000060
2639  26.285  -83.372  40.877 0.2000000030
2641  19.443  -82.829  41.286 0.2000000030
2647  4.571  -82.690  41.052 0.8000000119
2654  10.158  -83.448  40.373 0.3000000119
2656  5.316  -83.359  40.512 0.8000000119
2677  16.856  -84.142  39.054 0.1000000015
2678  11.426  -83.770  38.097 0.1000000015
2679  6.713  -83.619  38.060 0.8999999762
2687  26.206  -83.709  37.509 0.1000000015
2698  27.453  -84.597  35.742 0.1000000015
2731  6.454  -83.796  33.995 0.8000000119
2744  34.181  -83.926  31.046 0.1000000015
2752  33.276  -83.996  29.930 0.1000000015
2773  4.656  -83.052  27.342 0.1000000015
2779  4.511  -83.073  26.638 0.1000000015
2808  6.017  -83.506  24.012 0.1000000015
2810  4.489  -84.004  24.626 0.1000000015
2816  33.764  -83.982  23.051 0.1000000015
2842  31.625  -82.638  20.306 0.1000000015
2867  27.030  -82.789  16.835 0.5000000000
2875  30.945  -83.300  16.657 0.1000000015
2883  31.298  -82.932  15.921 0.1000000015
2887  28.067  -83.100  15.990 0.4000000060
2888  26.382  -83.221  15.826 0.6000000238
2891  23.773  -83.140  15.526 0.6999999881
2897  24.253  -82.725  14.948 0.8000000119
2899  22.618  -83.090  14.761 0.5000000000
2940  26.234  -84.195  54.121 0.1000000015
2981  6.010  -82.321  48.592 0.6999999881
2982  5.643  -82.348  48.312 0.6999999881
2996  7.176  -82.839  47.677 0.6000000238
3012  8.147  -82.180  45.600 0.6000000238
3033  23.920  -82.332  42.445 0.1000000015
3041  9.461  -82.418  42.463 0.5000000000
3051  20.197  -82.392  41.352 0.2000000030
3055  4.259  -82.095  41.156 0.8000000119
3063  10.788  -81.817  40.187 0.4000000060
3064  10.370  -82.512  40.458 0.3000000119
3069  20.757  -81.949  39.489 0.3000000119
3075  10.712  -82.751  39.628 0.2000000030
3079  20.845  -82.015  38.860 0.3000000119
3082  11.629  -81.981  38.631 0.2000000030
3109  5.085  -82.121  36.501 0.6000000238
3124  5.696  -82.426  34.848 0.6000000238
3130  22.205  -81.850  34.085 0.5000000000
3138  27.065  -82.857  33.679 0.1000000015
3142  4.923  -82.849  33.297 0.3000000119
3153  32.033  -82.568  31.784 0.1000000015
3166  22.622  -82.122  30.421 0.5000000000
3173  4.669  -82.441  30.948 0.1000000015
3186  4.738  -82.539  29.479 0.1000000015
3187  32.039  -82.663  28.798 0.2000000030
3192  23.869  -82.023  27.953 0.5000000000
3221  28.720  -82.109  26.436 0.4000000060
3232  4.625  -82.468  26.787 0.1000000015
3273  33.305  -82.646  22.294 0.1000000015
3338  28.344  -82.346  15.685 0.3000000119
3345  29.290  -81.689  14.859 0.1000000015
3348  26.654  -81.878  14.868 0.5000000000
3369  18.782  -81.061  12.443 0.4000000060
3383  16.574  -81.570  10.260 0.1000000015
3391  15.466  -81.572  9.445 0.1000000015
3392  14.769  -81.430  9.223 0.1000000015
3393  14.077  -81.247  9.068 0.1000000015
3394  19.922  -81.232  8.297 0.8000000119
3397  17.563  -81.619  8.724 0.3000000119
3399  15.792  -81.873  8.835 0.2000000030
3402  13.302  -81.012  9.029 0.1000000015
3403  20.100  -81.203  7.577 1.0000000000
3404  19.255  -81.168  7.219 0.8000000119
3406  17.391  -81.420  7.085 0.3000000119
3415  20.616  -81.072  6.149 0.8999999762
3418  18.225  -81.236  5.772 0.4000000060
3419  17.465  -81.458  5.698 0.4000000060
3421  15.939  -81.609  5.943 0.3000000119
3423  19.291  -81.155  4.804 0.8999999762
3530  6.414  -81.521  48.335 0.6999999881
3567  8.350  -81.341  45.287 0.6000000238
3581  9.369  -81.144  43.381 0.6000000238
3607  24.523  -81.156  40.638 0.2000000030
3615  4.739  -81.624  40.702 0.8000000119
3616  4.301  -81.891  40.723 0.8000000119
3620  25.010  -81.041  40.021 0.2000000030
3671  22.252  -81.267  35.656 0.4000000060
3683  26.168  -81.315  34.478 0.3000000119
3694  6.013  -82.183  34.054 0.3000000119
3715  26.851  -81.641  33.209 0.2000000030
3728  4.845  -81.859  31.621 0.1000000015
3731  31.134  -81.768  30.932 0.2000000030
3748  22.751  -82.099  29.688 0.5000000000
3755  27.934  -81.936  28.711 0.4000000060
3760  23.514  -81.744  28.503 0.5000000000
3766  4.694  -81.337  28.150 0.1000000015
3776  5.011  -81.225  27.372 0.1000000015
3817  8.450  -80.994  22.919 0.1000000015
3832  8.881  -80.571  22.565 0.1000000015
3834  7.574  -80.569  21.969 0.1000000015
3848  9.167  -80.309  21.835 0.1000000015
3917  29.278  -80.839  13.916 0.1000000015
3922  23.841  -81.084  13.508 0.8000000119
3942  14.172  -80.375  11.411 0.1000000015
3944  12.317  -80.320  10.876 0.1000000015
3948  20.712  -80.809  10.218 0.8000000119
3950  12.908  -80.446  10.323 0.1000000015
3990  16.393  -81.377  5.340 0.3000000119
3999  18.141  -81.434  4.247 0.6000000238
4000  17.397  -81.330  4.365 0.4000000060
4004  14.742  -81.052  5.419 0.2000000030
4008  19.623  -81.064  3.514 0.8999999762
4013  15.361  -81.268  4.024 0.3000000119
4014  14.799  -81.147  4.523 0.3000000119
4015  21.605  -80.640  3.010 0.8000000119
4022  15.973  -81.189  3.480 0.3000000119
4025  18.383  -81.112  2.035 0.5000000000
4026  17.457  -81.229  2.235 0.5000000000
4027  16.732  -81.160  2.428 0.5000000000
4160  6.430  -79.896  47.845 0.6000000238
4161  5.980  -79.929  47.912 0.8999999762
4162  5.651  -80.268  47.747 0.8000000119
4172  7.701  -79.855  46.462 0.6000000238
4173  7.177  -79.975  47.392 0.6000000238
4174  5.479  -80.082  47.198 0.8000000119
4199  8.559  -80.528  44.891 0.6000000238
4215  10.064  -80.749  42.183 0.5000000000
4217  7.493  -80.241  42.555 0.8999999762
4226  7.316  -80.959  42.308 0.6999999881
4229  24.252  -80.654  40.016 0.2000000030
4232  11.206  -80.280  40.321 0.3000000119
4236  24.845  -80.566  39.374 0.2000000030
4238  22.965  -80.370  39.173 0.3000000119
4252  24.601  -80.124  38.630 0.2000000030
4271  24.315  -79.814  37.844 0.3000000119
4278  5.082  -80.690  37.433 0.4000000060
4292  5.470  -80.771  36.525 0.4000000060
4305  22.662  -80.642  35.537 0.4000000060
4352  31.028  -80.482  32.998 0.1000000015
4356  27.416  -80.259  32.492 0.2000000030
4374  23.192  -80.259  31.149 0.5000000000
4375  22.793  -80.806  31.656 0.5000000000
4386  22.846  -80.914  30.944 0.5000000000
4397  25.857  -79.866  28.935 0.4000000060
4405  4.814  -81.000  29.552 0.1000000015
4409  26.347  -80.573  28.560 0.4000000060
4464  6.648  -80.682  23.439 0.1000000015
4479  7.323  -80.842  22.643 0.1000000015
4495  8.636  -80.070  21.388 0.1000000015
4496  7.163  -79.977  21.682 0.1000000015
4497  6.416  -79.920  21.904 0.1000000015
4511  9.641  -79.416  20.749 0.2000000030
4560  28.016  -80.232  13.640 0.1000000015
4571  24.854  -80.027  12.514 0.5000000000
4572  23.969  -80.028  12.443 0.5000000000
4579  25.457  -79.705  11.968 0.3000000119
4608  25.742  -80.070  7.712 0.1000000015
4628  10.284  -79.736  5.927 0.1000000015
4629  9.919  -80.032  5.146 0.1000000015
4631  24.336  -79.772  4.843 0.2000000030
4642  22.181  -80.185  2.934 0.5000000000
4645  15.809  -81.261  2.709 0.3000000119
4646  14.976  -81.176  3.199 0.3000000119
4647  15.018  -80.564  2.785 0.3000000119
4648  22.798  -79.930  2.222 0.5000000000
4651  20.325  -80.004  2.053 0.8999999762
4653  18.500  -80.395  1.405 0.6999999881
4656  15.881  -80.747  1.813 0.5000000000
4658  15.171  -80.108  2.138 0.4000000060
4659  19.765  -79.554  1.428 1.0000000000
4660  19.042  -79.649  0.542 1.0000000000
4662  17.855  -80.012  0.315 0.8999999762
4663  16.859  -80.268  1.538 0.6000000238
4664  16.201  -80.330  1.658 0.6000000238
4665  15.530  -80.054  1.574 0.4000000060
4666  18.083  -79.675  -0.107 1.0000000000
4819  5.784  -79.587  47.715 0.8999999762
4827  5.571  -78.850  47.119 0.8999999762
4835  8.263  -79.064  45.292 0.6999999881
4847  8.779  -79.147  44.395 0.6999999881
4883  10.664  -79.326  41.103 0.5000000000
4895  11.836  -79.333  38.783 0.2000000030
4906  24.855  -79.806  37.169 0.3000000119
4919  24.538  -79.655  36.537 0.3000000119
4931  24.662  -79.592  35.817 0.4000000060
4962  25.376  -79.266  32.434 0.3000000119
4982  24.871  -79.115  30.338 0.5000000000
4983  24.134  -79.370  30.471 0.4000000060
4993  25.354  -79.395  29.567 0.4000000060
5042  6.717  -79.474  25.658 0.1000000015
5054  5.725  -79.617  24.804 0.1000000015
5083  5.869  -79.686  22.240 0.1000000015
5112  9.137  -79.215  20.526 0.1000000015
5122  8.563  -78.987  19.897 0.2000000030
5124  7.443  -78.185  20.505 0.3000000119
5180  27.023  -78.678  11.170 0.1000000015
5203  14.863  -79.556  7.298 0.1000000015
5210  16.822  -79.264  6.189 0.3000000119
5214  10.506  -79.271  6.119 0.1000000015
5219  15.978  -79.932  4.878 0.2000000030
5221  14.551  -80.801  3.785 0.3000000119
5222  10.535  -78.814  5.588 0.1000000015
5223  9.890  -79.250  4.667 0.1000000015
5225  24.312  -78.766  3.792 0.1000000015
5226  24.014  -79.062  3.293 0.2000000030
5232  14.779  -80.772  3.267 0.3000000119
5235  23.289  -79.301  2.499 0.3000000119
5239  15.146  -80.122  2.654 0.2000000030
5240  23.769  -79.094  2.025 0.3000000119
5244  15.643  -79.871  1.701 0.4000000060
5246  14.848  -79.897  2.119 0.4000000060
5248  20.182  -78.615  1.400 0.8999999762
5249  19.047  -78.880  0.478 1.0000000000
5254  18.553  -78.795  0.231 1.0000000000
5255  18.198  -78.985  -0.001 1.0000000000
5256  17.812  -79.360  0.239 0.8999999762
5257  17.525  -78.988  0.786 0.8999999762
5440  5.779  -78.702  47.500 0.8999999762
5444  7.347  -78.478  46.591 0.6999999881
5446  6.132  -77.989  47.412 0.8999999762
5455  7.343  -77.933  46.492 0.8999999762
5456  5.468  -77.957  46.624 0.8999999762
5491  9.654  -78.866  42.780 0.6999999881
5493  5.559  -77.710  42.397 0.6999999881
5506  11.197  -78.437  39.547 0.4000000060
5513  8.604  -78.861  39.691 0.4000000060
5528  12.268  -78.507  37.341 0.2000000030
5561  13.431  -78.283  34.675 0.1000000015
5640  6.155  -78.799  25.965 0.1000000015
5641  5.363  -78.180  25.748 0.1000000015
5715  7.291  -77.496  19.868 0.4000000060
5722  7.849  -77.654  18.925 0.4000000060
5726  7.406  -77.059  18.756 0.5000000000
5779  15.707  -78.801  7.101 0.2000000030
5784  10.624  -77.636  6.635 0.2000000030
5788  17.258  -78.821  6.285 0.4000000060
5789  10.652  -78.342  6.335 0.1000000015
5790  10.395  -78.192  5.334 0.1000000015
5796  9.875  -78.419  4.404 0.1000000015
5801  24.837  -78.331  2.480 0.2000000030
5802  24.785  -78.864  2.266 0.2000000030
5804  17.092  -79.434  2.563 0.6000000238
5806  15.091  -79.786  1.896 0.4000000060
5807  24.981  -78.159  1.897 0.2000000030
5812  24.925  -78.061  1.057 0.3000000119
5815  22.519  -77.806  1.437 0.6000000238
5820  16.722  -79.573  1.811 0.6999999881
6041  5.732  -78.122  47.351 0.8999999762
6047  5.819  -77.710  47.113 0.8000000119
6056  5.923  -76.985  46.384 0.8000000119
6064  8.411  -77.305  44.734 0.6999999881
6066  5.252  -76.404  45.087 0.8000000119
6114  11.669  -78.056  38.256 0.2000000030
6127  11.950  -77.822  37.514 0.4000000060
6128  11.494  -77.216  37.877 0.4000000060
6131  6.445  -76.601  37.723 0.1000000015
6167  13.825  -77.731  33.915 0.1000000015
6185  13.517  -76.778  33.844 0.1000000015
6231  5.936  -77.590  26.631 0.1000000015
6260  29.800  -77.808  24.251 0.1000000015
6268  5.130  -78.029  24.854 0.1000000015
6316  6.820  -77.459  20.787 0.4000000060
6329  7.051  -76.842  18.649 0.6000000238
6354  12.609  -78.173  13.436 1.0000000000
6405  24.198  -77.594  6.753 0.1000000015
6410  10.236  -76.873  6.370 0.3000000119
6420  16.742  -77.398  6.353 0.6999999881
6423  14.152  -76.828  6.025 0.5000000000
6432  24.198  -77.585  4.543 0.1000000015
6435  10.164  -77.981  4.749 0.1000000015
6441  19.090  -78.025  3.762 0.8000000119
6450  25.419  -77.262  0.827 0.2000000030
6451  25.313  -77.861  1.166 0.3000000119
6452  17.874  -77.674  1.394 1.0000000000
6453  17.750  -78.306  1.408 1.0000000000
6455  24.818  -77.733  0.463 0.3000000119
6456  23.897  -77.592  0.682 0.5000000000
6459  21.340  -77.420  1.254 0.6999999881
6462  24.931  -77.040  0.325 0.3000000119
6467  19.407  -77.117  0.521 0.8999999762
6469  18.020  -77.725  0.783 1.0000000000
6470  17.725  -78.224  0.971 1.0000000000
6719  8.312  -76.409  44.643 0.8999999762
6720  7.680  -76.150  45.089 0.8000000119
6721  6.651  -75.949  45.204 0.8000000119
6761  5.069  -75.938  40.944 0.5000000000
6765  10.174  -76.095  40.411 0.6999999881
6774  5.341  -75.834  39.340 0.2000000030
6848  7.159  -75.985  34.069 0.1000000015
6859  16.016  -76.581  31.922 0.1000000015
6957  6.209  -76.220  22.246 0.4000000060
7006  11.169  -76.786  18.509 0.6000000238
7008  7.111  -76.284  17.749 0.8000000119
7009  6.954  -76.494  18.038 0.5000000000
7011  13.480  -76.101  16.474 1.0000000000
7012  13.234  -76.800  16.858 1.0000000000
7014  14.456  -76.330  15.372 0.6999999881
7018  10.094  -77.359  15.027 0.2000000030
7026  10.069  -76.764  14.735 0.2000000030
7030  16.085  -76.569  13.268 0.6000000238
7032  13.991  -77.400  13.802 0.8999999762
7033  10.998  -77.235  13.793 0.6000000238
7045  11.406  -76.862  12.248 0.8999999762
7056  14.690  -77.006  11.706 0.8999999762
7085  18.498  -76.477  9.735 0.5000000000
7101  23.710  -76.762  7.094 0.1000000015
7103  12.215  -76.000  7.509 0.3000000119
7114  9.998  -76.392  6.416 0.1000000015
7126  14.326  -76.326  5.320 0.6999999881
7130  9.556  -77.373  5.488 0.1000000015
7135  24.158  -76.586  4.370 0.1000000015
7145  24.710  -75.284  3.510 0.1000000015
7154  25.221  -76.330  2.626 0.1000000015
7162  25.602  -76.521  1.096 0.2000000030
7163  18.363  -76.402  1.331 0.8999999762
7169  25.395  -76.512  0.714 0.2000000030
7170  18.933  -75.976  0.600 0.8000000119
7172  25.079  -76.346  0.380 0.3000000119
7173  24.674  -76.449  0.319 0.4000000060
7177  20.086  -76.533  0.468 0.8000000119
7179  18.576  -76.719  0.644 0.8999999762
7448  5.503  -75.570  44.348 0.6999999881
7466  9.030  -75.178  43.406 0.8999999762
7467  8.464  -75.230  43.736 0.6999999881
7484  6.285  -74.990  43.262 0.6000000238
7496  10.281  -74.911  40.875 0.6999999881
7501  4.816  -74.694  41.511 0.4000000060
7509  10.643  -75.248  38.657 0.4000000060
7520  10.907  -74.629  38.332 0.6000000238
7551  11.860  -75.768  35.168 0.3000000119
7558  12.860  -76.117  34.091 0.1000000015
7594  14.591  -75.904  32.494 0.1000000015
7599  16.864  -75.175  31.517 0.1000000015
7729  7.111  -75.643  17.398 0.6999999881
7748  18.291  -75.747  13.209 0.3000000119
7753  9.414  -75.389  13.794 0.1000000015
7762  25.875  -75.310  12.434 0.1000000015
7778  25.544  -75.700  11.839 0.1000000015
7809  15.450  -75.975  9.239 0.8000000119
7819  23.403  -75.399  8.503 0.1000000015
7820  19.800  -74.877  9.023 0.4000000060
7821  19.061  -75.263  8.705 0.5000000000
7853  19.642  -75.463  5.457 0.8000000119
7855  18.093  -75.870  5.759 0.8000000119
7866  20.967  -75.398  4.486 0.6999999881
7869  17.258  -75.294  5.258 0.8000000119
7870  15.464  -75.068  4.063 0.6999999881
7871  13.913  -75.088  3.892 0.6999999881
7881  14.517  -74.745  3.552 0.6999999881
7886  25.617  -75.877  1.329 0.2000000030
7889  20.676  -75.496  2.162 0.8000000119
7897  20.347  -75.184  1.123 0.8000000119
7898  19.608  -75.507  1.380 0.8000000119
7900  25.335  -75.698  0.728 0.3000000119
7901  24.411  -74.910  0.508 0.5000000000
7903  22.611  -75.070  0.502 0.6000000238
7906  19.559  -75.489  0.832 0.8000000119
7909  24.537  -75.777  0.345 0.3000000119
7913  19.768  -75.863  0.394 0.8000000119
8221  9.445  -74.271  42.500 0.8999999762
8224  5.152  -74.359  42.676 0.6999999881
8239  9.461  -73.891  42.149 0.8000000119
8240  7.424  -74.661  42.090 0.6999999881
8242  5.140  -73.912  42.185 0.6000000238
8243  5.013  -73.905  42.176 0.2000000030
8259  11.137  -73.292  39.413 0.6999999881
8272  11.313  -73.588  38.643 0.6999999881
8288  5.397  -74.048  37.116 0.1000000015
8342  13.292  -74.644  32.673 0.2000000030
8349  15.634  -74.146  31.041 0.1000000015
8375  5.395  -74.058  28.318 0.1000000015
8436  5.669  -74.056  23.694 0.6000000238
8478  10.269  -74.553  18.528 0.8999999762
8481  7.149  -74.620  17.554 0.8000000119
8482  7.029  -74.592  17.653 0.8999999762
8490  7.010  -75.173  17.422 0.8000000119
8517  9.953  -74.285  13.237 0.2000000030
8519  8.804  -74.658  13.300 0.1000000015
8539  24.477  -74.516  11.668 0.1000000015
8542  10.520  -73.659  12.303 0.4000000060
8562  23.423  -74.455  9.669 0.1000000015
8564  13.928  -75.169  9.122 0.8000000119
8566  12.517  -74.522  9.579 0.8000000119
8590  17.052  -74.209  7.614 0.8000000119
8595  11.315  -74.404  7.237 0.4000000060
8605  10.742  -73.565  7.159 0.3000000119
8627  17.224  -74.354  4.648 0.8000000119
8630  13.378  -74.348  3.885 0.8000000119
8648  22.537  -74.456  2.571 0.6000000238
8653  25.105  -73.917  1.117 0.3000000119
8661  24.761  -74.219  0.820 0.3000000119
9042  10.572  -72.800  39.853 0.6999999881
9043  9.518  -73.444  41.124 0.8999999762
9069  11.656  -72.311  38.000 0.6000000238
9073  5.303  -73.004  37.047 0.1000000015
9089  7.743  -73.256  36.626 0.8000000119
9090  5.588  -74.183  36.376 0.1000000015
9106  12.702  -72.826  35.227 0.3000000119
9107  12.180  -73.356  35.461 0.5000000000
9126  12.742  -73.755  32.922 0.3000000119
9140  13.919  -73.646  31.773 0.2000000030
9163  17.449  -73.452  30.424 0.1000000015
9165  15.962  -73.046  30.493 0.2000000030
9344  9.823  -73.455  12.709 0.2000000030
9345  9.061  -73.195  12.675 0.3000000119
9357  8.816  -72.599  12.026 0.3000000119
9367  8.621  -72.564  11.365 0.1000000015
9373  20.780  -73.497  9.562 0.1000000015
9383  23.005  -73.570  8.572 0.1000000015
9387  17.931  -74.132  7.759 0.6000000238
9428  12.211  -73.327  4.813 0.6000000238
9443  13.422  -73.936  3.712 0.8999999762
9452  22.628  -73.433  3.440 0.5000000000
9453  17.980  -72.789  4.282 0.8000000119
9454  17.095  -72.795  3.960 0.8000000119
9464  24.237  -73.281  1.680 0.3000000119
9468  25.241  -73.322  1.546 0.2000000030
9470  24.417  -73.625  1.212 0.3000000119
9893  10.932  -72.517  39.260 0.8000000119
9894  5.532  -71.806  40.231 0.3000000119
9895  5.161  -71.819  40.291 0.3000000119
9910  11.205  -72.246  38.656 0.8000000119
9924  11.967  -71.893  37.419 0.6000000238
9946  12.873  -71.673  36.111 0.4000000060
9948  10.877  -71.811  36.974 0.6000000238
9967  10.422  -72.177  35.627 0.8000000119
9979  10.096  -72.130  34.641 0.8000000119
9997  13.967  -72.013  32.664 0.3000000119
10007  14.764  -72.539  31.178 0.2000000030
10104  10.154  -72.217  22.883 1.0000000000
10175  20.332  -72.838  16.055 0.2000000030
10194  15.010  -72.294  14.670 0.5000000000
10243  20.878  -72.880  8.960 0.2000000030
10246  10.168  -70.842  9.951 0.8000000119
10259  20.438  -72.958  8.209 0.5000000000
10282  10.054  -71.677  7.426 0.3000000119
10283  9.699  -71.167  8.087 0.5000000000
10302  10.798  -71.763  6.051 0.6999999881
10303  10.463  -71.259  6.718 0.6999999881
10312  24.831  -71.925  4.014 0.2000000030
10326  19.490  -72.853  4.556 0.6999999881
10327  18.662  -72.465  4.386 0.6999999881
10328  14.241  -72.313  4.036 0.8000000119
10329  12.566  -72.670  4.454 0.8999999762
10333  25.499  -72.441  2.184 0.2000000030
10334  25.365  -71.732  2.512 0.3000000119
10340  14.976  -72.541  3.662 0.6999999881
10341  13.905  -73.127  3.630 0.8000000119
10346  25.265  -72.170  2.143 0.2000000030
10788  5.002  -71.540  39.901 0.2000000030
10801  6.779  -70.855  38.495 0.4000000060
10802  4.782  -70.866  38.645 0.1000000015
10818  11.596  -71.685  37.364 0.6999999881
10855  14.563  -70.945  34.677 0.4000000060
10963  4.992  -71.758  27.028 0.1000000015
10992  9.723  -72.049  24.108 0.8000000119
10998  11.186  -71.267  22.572 1.0000000000
10999  10.607  -71.806  22.468 1.0000000000
11005  10.375  -71.828  21.717 1.0000000000
11013  9.685  -71.126  20.786 1.0000000000
11014  6.493  -70.924  20.860 0.8999999762
11053  20.315  -71.719  16.975 0.2000000030
11100  16.040  -71.416  12.465 0.4000000060
11102  15.255  -71.142  12.552 0.4000000060
11116  9.494  -70.752  10.039 0.8000000119
11125  10.488  -70.617  9.035 0.8000000119
11127  9.368  -70.757  9.640 0.4000000060
11143  10.831  -70.650  8.136 0.6999999881
11168  23.156  -71.041  6.253 0.1000000015
11173  14.849  -71.353  5.327 0.8000000119
11178  10.605  -70.853  6.892 0.6999999881
11185  24.704  -71.094  4.063 0.2000000030
11189  13.142  -71.505  5.144 0.8000000119
11191  11.474  -71.318  5.747 0.6999999881
11197  16.043  -71.095  4.434 0.8000000119
11199  14.656  -71.530  4.573 0.8000000119
11207  24.383  -70.646  2.732 0.3000000119
11212  18.135  -71.475  4.214 0.6999999881
11215  15.399  -71.712  4.091 0.8000000119
11221  24.958  -71.327  2.537 0.3000000119
11658  5.750  -70.887  39.259 0.2000000030
11659  5.094  -70.879  39.259 0.1000000015
11674  6.254  -70.495  38.516 0.2000000030
11676  5.181  -70.576  38.380 0.1000000015
11707  7.567  -70.129  37.030 0.2000000030
11714  13.103  -70.891  35.695 0.5000000000
11724  13.914  -70.388  34.992 0.6000000238
11737  15.743  -70.094  32.978 0.4000000060
11806  20.807  -70.356  28.342 0.1000000015
11872  11.179  -70.903  23.144 1.0000000000
11877  7.268  -70.382  22.212 0.8999999762
11881  8.806  -70.677  21.202 1.0000000000
11883  7.178  -69.849  21.320 0.8999999762
11893  7.016  -69.716  20.450 0.8999999762
11903  12.258  -70.751  19.728 1.0000000000
11912  7.281  -69.920  19.112 0.8999999762
11926  8.033  -70.863  17.441 0.8000000119
11942  8.445  -70.322  16.947 0.8000000119
11943  7.865  -70.088  17.282 0.8999999762
11953  17.634  -70.984  15.583 0.4000000060
11957  8.725  -69.887  16.355 0.8000000119
11968  14.265  -70.861  14.264 0.4000000060
12062  20.701  -69.733  6.737 0.5000000000
12081  18.081  -70.214  4.441 0.8000000119
12082  17.305  -70.338  4.550 0.8000000119
12567  6.473  -69.813  37.639 0.1000000015
12568  5.665  -70.157  38.145 0.1000000015
12575  5.230  -70.302  37.722 0.1000000015
12594  7.638  -69.140  35.947 0.1000000015
12620  17.277  -69.067  31.289 0.4000000060
12688  25.519  -69.335  27.546 0.1000000015
12709  5.144  -69.532  26.564 0.2000000030
12719  5.534  -69.494  25.793 0.6000000238
12749  13.039  -70.238  20.808 1.0000000000
12752  7.287  -69.665  19.632 1.0000000000
12767  8.073  -69.411  19.496 1.0000000000
12768  7.675  -69.510  19.336 1.0000000000
12772  22.458  -69.548  18.341 0.2000000030
12775  13.223  -69.798  18.846 0.8999999762
12793  21.202  -69.394  18.271 0.2000000030
12794  19.968  -69.729  17.744 0.2000000030
12819  23.082  -69.958  15.203 0.2000000030
12821  10.027  -69.523  15.119 0.6000000238
12823  8.845  -69.449  15.780 0.8999999762
12824  7.984  -69.017  16.285 1.0000000000
12837  12.155  -69.580  14.446 0.5000000000
12840  9.430  -68.884  14.824 0.8000000119
12846  22.323  -69.689  13.683 0.2000000030
12851  11.700  -68.850  13.978 0.6000000238
12863  15.427  -69.855  11.745 0.5000000000
12864  14.682  -69.909  11.698 0.5000000000
12874  23.859  -69.277  11.125 0.1000000015
12877  15.126  -69.471  11.427 0.5000000000
12905  21.363  -68.833  10.105 0.1000000015
12937  21.232  -69.225  7.169 0.3000000119
12939  18.591  -69.229  5.820 0.5000000000
12940  17.902  -69.637  5.782 0.6000000238
12952  18.441  -69.558  4.800 0.5000000000
12953  17.730  -69.751  4.918 0.5000000000
12955  24.201  -69.517  3.418 0.2000000030
13468  6.085  -69.495  36.759 0.1000000015
13509  14.816  -69.256  33.237 0.8000000119
13552  18.822  -68.272  29.439 0.5000000000
13601  21.996  -68.218  26.398 0.1000000015
13623  7.931  -68.681  24.586 1.0000000000
13626  5.282  -68.302  25.544 0.2000000030
13629  11.197  -69.058  23.183 1.0000000000
13631  9.278  -68.301  23.771 1.0000000000
13638  14.483  -68.131  21.530 0.8999999762
13641  12.256  -68.261  22.318 1.0000000000
13659  13.955  -69.474  19.006 0.8999999762
13663  24.306  -68.440  18.508 0.2000000030
13665  21.796  -68.451  18.786 0.1000000015
13684  20.623  -68.084  18.169 0.1000000015
13700  23.949  -69.055  16.337 0.2000000030
13703  7.737  -68.513  16.493 1.0000000000
13719  8.323  -68.808  15.593 1.0000000000
13728  23.716  -67.649  14.521 0.2000000030
13733  8.996  -68.114  14.369 0.6000000238
13734  8.637  -68.391  14.897 0.8000000119
13743  22.199  -68.656  12.976 0.2000000030
13744  16.042  -69.316  12.961 0.5000000000
13748  11.086  -68.168  13.373 0.5000000000
13764  21.967  -67.980  12.250 0.1000000015
13766  15.340  -69.182  11.581 0.5000000000
13767  13.491  -68.630  12.158 0.5000000000
13782  15.000  -68.874  11.168 0.5000000000
13784  13.895  -67.906  10.977 0.5000000000
13801  14.304  -67.767  10.901 0.5000000000
13811  23.319  -68.161  9.272 0.1000000015
13839  23.079  -67.614  6.105 0.1000000015
13846  19.850  -68.595  5.513 0.5000000000
13849  22.611  -67.724  4.658 0.2000000030
13850  21.975  -67.757  4.656 0.4000000060
13853  18.810  -69.104  5.078 0.5000000000
14459  25.283  -67.522  26.107 0.1000000015
14475  25.295  -66.845  25.795 0.1000000015
14501  10.222  -67.693  22.861 1.0000000000
14510  14.972  -67.466  21.475 0.8999999762
14526  15.530  -67.567  20.820 0.8999999762
14538  24.347  -67.717  19.674 0.1000000015
14540  22.891  -67.522  19.688 0.1000000015
14551  14.960  -68.124  18.559 0.8999999762
14568  9.208  -66.944  17.703 0.8999999762
14569  7.776  -66.996  17.472 0.8999999762
14585  18.929  -67.542  16.842 0.3000000119
14587  7.697  -67.779  16.857 1.0000000000
14601  17.005  -67.427  14.873 0.3000000119
14611  8.199  -66.961  14.734 0.8000000119
14621  9.593  -66.910  13.093 0.8000000119
14639  10.952  -66.857  12.236 0.6000000238
14641  9.636  -66.246  12.990 0.6999999881
14652  22.258  -66.621  11.393 0.1000000015
14654  15.061  -67.350  11.412 0.4000000060
14657  12.508  -66.972  11.391 0.5000000000
14668  21.542  -67.115  10.257 0.1000000015
14669  14.751  -66.877  10.893 0.5000000000
14671  13.878  -67.079  10.735 0.5000000000
14691  23.091  -67.218  7.949 0.2000000030
14706  21.750  -66.496  7.220 0.3000000119
14709  22.494  -66.544  6.486 0.2000000030
14711  21.537  -66.933  6.310 0.4000000060
14713  22.114  -66.819  5.608 0.2000000030
14715  22.034  -67.228  5.017 0.2000000030
15196  11.123  -66.598  33.138 0.1000000015
15262  20.596  -66.675  26.496 0.6999999881
15272  24.988  -66.331  25.517 0.1000000015
15274  23.267  -66.575  25.197 0.1000000015
15283  5.015  -66.430  24.921 0.1000000015
15294  5.712  -66.125  23.269 0.6000000238
15313  14.733  -66.663  21.677 0.8999999762
15330  24.847  -66.710  20.469 0.1000000015
15331  23.990  -66.485  20.623 0.1000000015
15333  16.666  -66.175  20.094 0.8999999762
15342  25.632  -66.709  19.491 0.1000000015
15350  25.726  -66.545  18.577 0.1000000015
15352  20.897  -66.339  18.322 0.1000000015
15360  27.950  -65.358  17.297 0.1000000015
15365  15.785  -66.785  17.736 0.8999999762
15368  12.887  -67.187  16.722 0.8000000119
15369  11.867  -67.077  16.876 0.8999999762
15371  9.327  -66.352  17.223 0.8999999762
15372  8.376  -66.340  17.331 0.8999999762
15387  24.911  -65.835  15.736 0.1000000015
15390  13.925  -66.580  16.086 0.8999999762
15396  7.803  -66.088  16.321 0.8000000119
15402  26.899  -65.470  16.104 0.1000000015
15404  25.418  -65.193  15.413 0.1000000015
15407  18.304  -66.388  15.549 0.2000000030
15418  24.609  -65.605  14.032 0.1000000015
15434  23.687  -66.049  12.806 0.1000000015
15437  15.676  -66.944  12.894 0.5000000000
15452  10.606  -66.171  12.042 0.6000000238
15466  15.073  -66.349  11.244 0.4000000060
15467  12.155  -66.259  11.287 0.5000000000
15469  10.573  -65.778  12.158 0.5000000000
15478  22.503  -66.346  10.244 0.1000000015
15483  12.803  -65.942  10.832 0.5000000000
15494  22.079  -66.137  8.720 0.1000000015
15502  21.976  -66.132  8.205 0.2000000030
15513  22.153  -66.109  7.615 0.3000000119
15523  22.431  -66.312  7.150 0.3000000119
15525  21.932  -66.356  6.710 0.3000000119
15527  21.875  -66.618  6.090 0.3000000119
15986  11.253  -66.399  32.927 0.1000000015
16103  6.926  -66.062  21.923 0.8999999762
16117  25.555  -65.537  21.203 0.1000000015
16119  15.809  -66.307  21.223 0.8999999762
16121  13.517  -65.576  21.533 0.8999999762
16127  7.275  -65.509  21.298 1.0000000000
16142  22.859  -65.289  20.459 0.1000000015
16152  21.635  -65.444  19.155 0.1000000015
16155  26.536  -65.015  17.957 0.1000000015
16160  17.254  -65.439  18.900 0.8999999762
16164  29.468  -65.376  17.730 0.1000000015
16166  26.753  -64.741  17.304 0.1000000015
16168  19.942  -65.863  17.267 0.1000000015
16183  20.124  -65.185  17.200 0.1000000015
16199  26.739  -64.989  16.435 0.1000000015
16200  26.220  -64.973  15.783 0.1000000015
16202  25.311  -65.187  14.827 0.1000000015
16203  19.222  -65.430  16.117 0.1000000015
16206  13.579  -65.776  14.993 0.6999999881
16209  9.883  -65.384  15.298 0.6000000238
16210  9.150  -65.586  15.354 0.8999999762
16216  26.046  -65.146  14.973 0.1000000015
16217  25.488  -65.327  14.538 0.1000000015
16225  9.125  -65.909  14.063 0.8000000119
16235  18.013  -65.117  14.295 0.3000000119
16237  16.601  -65.823  13.263 0.4000000060
16249  10.221  -65.306  13.130 0.6000000238
16250  9.794  -65.812  13.002 0.6000000238
16260  11.275  -65.370  11.870 0.5000000000
16271  14.103  -65.625  10.290 0.5000000000
16272  12.740  -65.207  10.923 0.6000000238
16869  26.438  -64.915  26.552 0.1000000015
16886  6.109  -64.400  25.754 0.1000000015
16959  26.778  -64.993  20.928 0.1000000015
16960  23.063  -64.634  20.725 0.1000000015
16961  17.054  -64.630  20.087 0.8999999762
16963  14.808  -65.105  21.207 0.8999999762
16964  13.596  -64.228  20.932 0.8999999762
16971  6.169  -64.563  19.980 1.0000000000
16980  21.901  -64.664  19.513 0.1000000015
16984  29.408  -64.208  18.469 0.1000000015
17000  20.944  -64.169  18.023 0.2000000030
17002  17.484  -64.446  17.687 0.8000000119
17019  19.132  -64.702  15.525 0.2000000030
17023  14.865  -64.940  14.988 0.8000000119
17030  18.357  -64.422  14.265 0.3000000119
17034  11.609  -64.693  13.690 0.6999999881
17035  10.702  -64.758  13.782 0.6000000238
17048  13.095  -64.332  13.184 0.6000000238
17060  16.511  -64.734  12.227 0.3000000119
17062  11.675  -64.410  12.545 0.6000000238
17063  10.924  -64.849  12.828 0.6000000238
17073  15.754  -64.653  10.248 0.4000000060
17074  12.262  -64.414  11.634 0.6000000238
17085  16.246  -63.941  9.998 0.4000000060
17086  14.672  -64.928  10.142 0.6000000238
17100  15.900  -64.283  9.847 0.4000000060
17101  15.296  -64.327  9.831 0.4000000060
17728  26.815  -63.929  27.597 0.1000000015
17767  8.059  -62.682  24.507 0.1000000015
17768  6.819  -62.710  24.949 0.2000000030
17835  5.813  -63.741  19.524 0.8000000119
17836  5.228  -63.436  19.997 0.6999999881
17842  22.266  -63.898  19.803 0.1000000015
17845  16.567  -63.459  19.839 0.8999999762
17847  14.606  -63.141  19.949 0.8999999762
17864  20.544  -63.804  17.220 0.2000000030
17868  20.817  -62.942  17.028 0.3000000119
17877  20.078  -63.278  16.052 0.3000000119
17881  16.020  -63.986  14.967 0.6999999881
17891  18.642  -63.706  14.175 0.3000000119
17907  17.792  -63.879  13.077 0.3000000119
17909  14.444  -63.486  13.110 0.6000000238
17917  17.305  -63.416  12.171 0.4000000060
17918  16.858  -64.073  12.085 0.3000000119
17942  13.421  -63.856  10.653 0.6000000238
17957  15.861  -63.717  9.645 0.4000000060
18629  26.701  -62.569  28.034 0.1000000015
18693  5.386  -62.907  23.326 0.5000000000
18705  4.978  -62.630  21.479 0.6000000238
18734  10.465  -62.220  20.231 0.8999999762
18748  13.194  -62.417  19.577 0.8999999762
18757  22.141  -62.195  18.594 0.2000000030
18758  18.128  -62.167  18.360 0.6999999881
18764  12.853  -62.000  19.232 0.8999999762
18770  21.351  -62.417  17.456 0.2000000030
18772  18.256  -62.669  17.111 0.6000000238
18777  21.005  -62.195  16.675 0.2000000030
18788  17.036  -62.983  14.987 0.6999999881
18814  18.588  -62.571  13.173 0.4000000060
18816  15.558  -62.466  13.123 0.4000000060
18817  14.833  -62.809  12.717 0.4000000060
18829  18.252  -62.303  12.347 0.2000000030
18833  13.932  -63.078  11.586 0.4000000060
18845  17.836  -62.137  11.430 0.2000000030
18847  16.828  -62.708  10.206 0.2000000030
18862  16.557  -63.106  9.827 0.4000000060
18863  15.562  -62.405  9.894 0.2000000030
18864  14.701  -62.820  10.193 0.2000000030
18880  15.454  -63.118  9.629 0.2000000030
19521  26.431  -61.151  27.612 0.2000000030
19564  7.285  -61.297  24.208 0.1000000015
19566  6.328  -61.316  23.925 0.2000000030
19579  6.005  -61.178  23.622 0.2000000030
19610  24.422  -60.965  21.146 0.1000000015
19614  5.601  -61.862  19.738 0.8999999762
19623  7.499  -61.513  18.698 0.8999999762
19632  17.882  -61.496  18.526 0.5000000000
19637  12.777  -61.468  18.595 0.8999999762
19659  21.093  -61.103  15.040 0.2000000030
19660  20.572  -61.707  15.231 0.3000000119
19662  17.914  -61.838  15.272 0.4000000060
19683  16.609  -61.428  13.232 0.4000000060
19694  19.691  -60.788  11.704 0.1000000015
19696  18.536  -61.677  11.781 0.2000000030
19697  16.286  -61.005  12.473 0.4000000060
19699  14.896  -61.801  11.588 0.3000000119
19720  18.642  -60.839  10.409 0.1000000015
19722  16.599  -61.507  9.996 0.2000000030
19734  17.269  -61.414  10.084 0.2000000030
20410  6.942  -60.005  23.312 0.4000000060
20433  7.239  -60.569  23.934 0.1000000015
20446  6.066  -60.498  23.186 0.6999999881
20475  24.967  -60.105  21.240 0.1000000015
20482  6.439  -60.747  19.669 0.8000000119
20492  6.983  -60.115  19.285 0.8999999762
20496  18.013  -60.309  18.309 0.4000000060
20497  17.350  -60.174  18.490 0.5000000000
20498  16.609  -60.535  18.618 0.6999999881
20507  18.972  -60.172  17.156 0.4000000060
20512  12.130  -60.332  16.856 0.8999999762
20519  18.801  -60.831  16.717 0.3000000119
20521  11.768  -60.040  16.359 0.8000000119
20522  11.753  -60.196  16.367 0.8000000119
20528  21.469  -60.987  15.674 0.2000000030
20535  22.033  -60.206  14.696 0.1000000015
20547  21.860  -60.089  13.894 0.1000000015
20551  17.611  -60.580  13.437 0.2000000030
20564  16.071  -60.690  11.765 0.3000000119
20573  20.274  -60.292  11.477 0.1000000015
20576  15.929  -60.658  10.986 0.3000000119
20585  19.321  -60.275  10.171 0.1000000015
20588  17.025  -60.836  10.122 0.3000000119
20595  19.872  -59.726  9.912 0.2000000030
20597  18.518  -60.255  10.007 0.1000000015
20598  17.785  -60.605  10.087 0.3000000119
21356  10.374  -58.651  24.488 0.1000000015
21357  7.292  -59.843  23.704 0.1000000015
21358  7.256  -59.467  23.740 0.4000000060
21370  8.854  -59.384  23.090 0.1000000015
21372  6.237  -59.876  22.914 0.4000000060
21410  25.907  -59.367  21.859 0.1000000015
21425  23.948  -59.934  19.273 0.1000000015
21427  12.040  -59.723  19.160 0.8999999762
21430  7.294  -60.026  19.195 0.8999999762
21435  23.739  -59.807  18.536 0.1000000015
21437  17.701  -59.623  18.368 0.4000000060
21446  19.283  -59.520  17.227 0.3000000119
21462  11.781  -59.906  16.236 0.6999999881
21469  19.448  -59.627  15.512 0.2000000030
21479  18.976  -59.890  14.622 0.3000000119
21489  22.143  -59.533  13.382 0.1000000015
21490  21.669  -60.000  13.252 0.1000000015
21491  19.598  -58.953  13.957 0.2000000030
21506  17.930  -59.469  12.142 0.2000000030
21519  20.672  -59.780  11.065 0.1000000015
21531  18.455  -59.295  10.259 0.2000000030
21533  17.137  -59.807  11.041 0.2000000030
21541  20.825  -58.512  9.769 0.2000000030
21542  20.416  -59.095  9.758 0.2000000030
21544  18.884  -59.649  9.897 0.2000000030
21545  18.126  -59.928  10.088 0.2000000030
22275  25.810  -58.311  30.658 0.2000000030
22291  25.760  -58.593  29.416 0.5000000000
22372  6.964  -59.436  23.182 0.4000000060
22388  6.691  -59.105  23.094 0.3000000119
22440  26.440  -58.094  21.841 0.1000000015
22452  25.081  -58.716  20.026 0.1000000015
22457  6.663  -58.475  20.163 0.8000000119
22468  24.459  -58.490  18.558 0.1000000015
22479  18.381  -58.353  18.053 0.4000000060
22495  11.707  -59.390  16.020 0.6999999881
22500  22.815  -59.088  14.621 0.1000000015
22511  20.522  -58.147  14.653 0.3000000119
22521  22.474  -58.825  13.210 0.1000000015
22541  19.327  -58.196  11.078 0.2000000030
22542  18.557  -58.818  11.414 0.2000000030
22552  21.699  -57.756  10.466 0.2000000030
22553  21.506  -58.704  10.780 0.2000000030
22555  18.786  -58.731  10.601 0.2000000030
22563  20.475  -58.519  9.744 0.2000000030
22565  19.160  -58.959  9.868 0.2000000030
23383  10.482  -56.838  25.003 0.2000000030
23423  26.510  -57.308  21.556 0.1000000015
23444  24.842  -57.918  19.059 0.1000000015
23450  24.833  -57.124  18.901 0.1000000015
23455  24.218  -57.409  17.767 0.1000000015
23469  23.664  -57.804  16.584 0.1000000015
23473  13.483  -57.721  16.078 0.5000000000
23483  12.253  -57.542  15.500 0.6000000238
23491  23.135  -57.651  14.541 0.1000000015
23528  22.194  -57.234  10.855 0.2000000030
23530  19.972  -57.624  11.172 0.2000000030
23538  21.794  -57.075  10.351 0.2000000030
23541  20.038  -57.767  10.371 0.2000000030
23548  20.966  -57.922  9.695 0.2000000030
24332  13.262  -56.073  25.818 0.1000000015
24334  12.332  -55.453  25.237 0.2000000030
24347  13.204  -56.206  25.063 0.2000000030
24352  8.921  -56.295  24.564 0.3000000119
24354  6.672  -56.717  23.842 0.4000000060
24386  26.041  -56.421  20.532 0.1000000015
24394  7.807  -56.139  19.411 0.8000000119
24415  19.992  -56.472  17.066 0.3000000119
24421  11.778  -56.618  15.921 0.6999999881
24426  21.378  -56.058  15.053 0.2000000030
24428  20.665  -56.146  16.509 0.3000000119
24434  23.218  -56.820  14.288 0.2000000030
24470  22.146  -56.365  10.462 0.2000000030
24471  21.457  -55.546  10.655 0.2000000030
24480  21.799  -56.288  10.342 0.2000000030
24482  21.079  -56.679  10.229 0.2000000030
24491  21.044  -57.278  9.890 0.2000000030
25292  27.598  -55.459  22.228 0.1000000015
25296  6.408  -55.562  22.813 0.6000000238
25312  25.661  -56.139  19.982 0.1000000015
25324  25.570  -55.559  19.644 0.1000000015
25343  23.775  -55.556  16.421 0.1000000015
25359  13.461  -55.632  15.464 0.4000000060
25373  23.386  -55.127  13.726 0.2000000030
25383  22.759  -55.665  11.419 0.2000000030
25405  21.866  -54.989  10.484 0.2000000030
26198  7.249  -54.142  24.162 0.6999999881
26214  28.679  -54.420  22.647 0.1000000015
26219  6.737  -53.886  23.155 0.6999999881
26234  26.981  -54.177  21.100 0.1000000015
26249  25.529  -54.698  19.238 0.1000000015
26264  25.065  -54.020  18.053 0.1000000015
26296  24.054  -53.784  15.122 0.2000000030
26298  21.359  -54.657  14.738 0.2000000030
26307  23.462  -54.357  13.269 0.2000000030
26325  22.325  -54.262  10.560 0.2000000030
26326  21.787  -54.171  10.703 0.2000000030
27024  6.914  -53.587  23.854 0.8000000119
27029  29.843  -53.596  22.853 0.1000000015
27043  27.980  -53.234  21.583 0.1000000015
27056  22.243  -53.092  20.540 0.3000000119
27083  25.492  -53.544  18.414 0.1000000015
27092  25.265  -53.408  17.812 0.1000000015
27145  23.491  -53.595  12.827 0.2000000030
27168  22.167  -53.664  10.618 0.2000000030
27169  21.684  -53.395  11.119 0.2000000030
27834  10.108  -51.122  23.629 0.4000000060
27841  30.075  -52.795  22.628 0.1000000015
27844  21.998  -52.520  22.625 0.5000000000
27847  8.595  -50.631  22.637 0.6000000238
27865  26.668  -52.830  19.866 0.1000000015
27868  13.565  -52.448  20.835 0.1000000015
27877  26.822  -52.042  19.728 0.1000000015
27892  26.160  -52.394  18.588 0.1000000015
27917  24.795  -52.701  15.759 0.1000000015
27918  18.759  -52.297  16.466 0.2000000030
27933  25.135  -52.062  15.815 0.1000000015
27954  23.491  -52.841  12.731 0.2000000030
27969  21.560  -52.572  11.620 0.1000000015
27981  22.498  -52.480  11.384 0.2000000030
27982  22.048  -52.871  10.906 0.2000000030
28565  21.970  -51.192  33.426 0.2000000030
28642  9.839  -50.513  23.265 0.5000000000
28647  32.193  -50.856  22.240 0.1000000015
28654  10.168  -50.186  22.935 0.5000000000
28655  9.227  -50.033  22.884 0.6999999881
28661  29.370  -51.338  21.958 0.1000000015
28690  26.499  -51.998  19.050 0.1000000015
28708  26.382  -51.687  18.473 0.1000000015
28770  24.801  -51.314  14.527 0.1000000015
28795  22.418  -50.743  12.038 0.1000000015
28797  21.335  -51.922  12.140 0.2000000030
28808  22.492  -51.503  11.764 0.1000000015
28810  21.825  -51.489  11.626 0.1000000015
29452  18.934  -50.368  36.649 0.1000000015
29585  29.339  -50.662  21.787 0.1000000015
29703  22.913  -50.246  12.565 0.1000000015
29719  21.956  -50.792  11.915 0.1000000015
30556  29.949  -50.292  22.139 0.1000000015
30659  22.935  -49.889  13.020 0.1000000015
31561  20.870  -48.840  18.681 0.5000000000
31623  15.958  -48.138  15.528 0.6000000238
34226  14.948  -45.238  18.285 0.5000000000
36095  19.957  -43.379  18.331 0.3000000119
37028  17.392  -42.703  16.214 0.3000000119
38002  15.562  -41.829  17.473 0.3000000119
39074  16.206  -40.627  17.621 0.3000000119
40137  17.130  -39.251  16.924 0.2000000030
41163  20.960  -38.759  13.356 0.1000000015
135761  6.553  -88.512  26.627 0.3000000119
136160  15.666  -43.718  16.664 0.3000000119
136165  23.434  -59.795  17.755 0.1000000015
136443  6.893  -80.773  47.923 0.6000000238
136519  17.392  -76.605  12.242 0.4000000060
136563  18.595  -77.428  6.093 0.8000000119
136945  5.360  -89.292  36.087 1.0000000000
137030  11.380  -79.674  39.940 0.4000000060
137220  9.230  -72.357  23.915 0.6999999881
137417  22.752  -85.983  31.456 0.5000000000
137474  23.128  -83.573  17.184 0.6000000238
137479  21.620  -85.132  34.748 0.5000000000
137517  13.544  -93.604  35.745 0.5000000000
137650  22.855  -80.335  5.825 0.6000000238
137658  16.244  -81.229  10.808 0.1000000015
137671  8.594  -88.524  28.646 0.3000000119
137688  13.830  -90.461  48.213 0.3000000119
137757  25.458  -79.466  33.244 0.3000000119
138496  16.454  -80.937  1.754 0.6000000238
138508  13.323  -80.294  11.988 0.1000000015
138594  6.839  -76.917  19.137 0.5000000000
138612  13.312  -75.916  33.467 0.1000000015
138695  12.077  -76.705  7.606 0.4000000060
138834  31.843  -85.801  19.866 0.1000000015
138936  17.195  -91.998  25.234 0.6999999881
139157  7.082  -58.122  23.997 0.2000000030
139174  21.599  -51.855  11.724 0.1000000015
139183  15.172  -94.116  28.430 0.8999999762
139429  9.725  -69.741  19.072 1.0000000000
139430  21.487  -90.888  40.087 0.5000000000
139486  17.574  -90.835  24.180 0.6000000238
139537  15.562  -73.103  3.499 0.6999999881
139634  5.818  -86.070  47.858 0.6999999881
139829  14.813  -65.485  10.330 0.4000000060
139984  10.682  -89.773  29.227 1.0000000000
140252  7.324  -89.051  26.422 0.3000000119
140273  11.472  -79.133  39.467 0.5000000000
140279  6.797  -89.099  45.418 0.6999999881
140364  27.222  -64.540  20.126 0.1000000015
140385  22.668  -84.792  27.759 0.5000000000
140582  8.521  -73.364  11.988 0.1000000015
140596  22.038  -76.173  0.613 0.6999999881
140619  33.894  -85.671  33.947 0.1000000015
140629  8.404  -86.991  23.955 0.1000000015
140638  23.240  -68.355  4.299 0.3000000119
141024  11.485  -92.555  35.288 0.6000000238
141128  19.800  -76.022  10.044 0.4000000060
141210  4.878  -83.039  41.741 0.8000000119
141294  13.344  -72.528  4.234 0.8999999762
141295  6.081  -78.161  22.038 0.2000000030
141316  26.468  -87.083  27.234 0.8000000119
141666  13.597  -63.781  12.695 0.4000000060
141767  13.723  -59.473  26.164 0.1000000015
141988  22.687  -66.490  9.607 0.1000000015
142192  24.780  -67.795  18.985 0.1000000015
142219  13.849  -73.803  3.420 0.8999999762
142348  7.463  -89.102  25.973 0.3000000119
142366  18.668  -81.531  9.279 0.3000000119
142400  23.710  -88.199  50.581 0.1000000015
142520  26.526  -84.686  36.889 0.1000000015
142570  29.506  -81.107  26.706 0.3000000119
142635  10.811  -76.410  38.335 0.4000000060
142662  5.252  -76.133  26.877 0.1000000015
142773  24.822  -79.135  5.115 0.1000000015
142839  28.173  -51.999  21.328 0.1000000015
142882  6.211  -83.126  48.563 0.6000000238
142941  12.874  -72.964  33.487 0.3000000119
142956  6.997  -60.285  23.665 0.4000000060
143028  4.811  -82.105  37.166 0.6999999881
143030  24.019  -90.193  38.361 0.5000000000
143042  15.488  -86.780  42.315 0.2000000030
143168  32.375  -81.965  21.264 0.1000000015
143260  24.911  -80.156  8.069 0.2000000030
143344  26.595  -83.790  41.609 0.2000000030
143371  22.223  -85.084  32.755 0.5000000000
143384  26.267  -88.113  26.827 0.8000000119
143397  13.993  -90.311  24.506 0.5000000000
143447  7.650  -87.513  37.323 0.8000000119
143479  21.830  -86.674  37.263 0.4000000060
143544  13.985  -90.141  36.189 0.4000000060
143688  16.487  -81.211  3.588 0.5000000000
143689  24.805  -67.812  17.173 0.1000000015
143784  12.375  -84.088  36.657 0.1000000015
143850  5.464  -87.279  34.951 1.0000000000
143878  7.073  -77.104  19.264 0.4000000060
143910  7.233  -62.972  18.701 0.8999999762
143919  10.529  -90.077  29.801 0.8999999762
143937  4.896  -73.702  38.611 0.1000000015
143956  4.866  -86.048  31.870 0.6999999881
143977  8.470  -67.031  17.844 0.8999999762
143998  12.771  -63.800  11.763 0.5000000000
144026  17.264  -80.984  11.956 0.1000000015
144224  7.646  -70.747  36.103 0.2000000030
144341  15.124  -94.947  30.872 0.8999999762
144360  9.541  -55.395  24.883 0.5000000000
144395  11.979  -88.202  38.768 0.3000000119
144445  11.149  -72.009  38.445 0.6999999881
144454  33.522  -86.611  23.963 0.1000000015
144503  14.157  -86.470  49.566 0.2000000030
144664  11.806  -78.398  18.011 0.1000000015
144691  5.898  -90.507  33.619 0.8999999762
144940  6.743  -74.788  33.493 0.1000000015
144996  21.573  -80.938  4.077 0.6999999881
145083  24.437  -78.463  4.804 0.1000000015
145085  4.690  -82.087  30.181 0.2000000030
145171  12.541  -93.134  35.725 0.6000000238
145220  8.499  -86.960  37.996 0.8000000119
145267  22.415  -91.970  30.744 0.8000000119
145296  5.135  -86.451  37.472 1.0000000000
145337  21.822  -66.280  7.911 0.2000000030
145540  21.450  -67.353  9.793 0.1000000015
145651  31.768  -85.557  29.180 0.3000000119
145833  16.604  -86.003  36.281 0.1000000015
146034  17.009  -86.149  36.902 0.1000000015
146130  18.937  -87.492  33.162 0.6999999881
146371  10.032  -86.497  35.096 0.6999999881
146403  22.846  -67.015  6.038 0.1000000015
146414  20.713  -56.466  11.098 0.2000000030
146451  20.914  -72.279  8.409 0.3000000119
146541  11.669  -70.980  6.662 0.8999999762
146542  16.336  -89.425  37.039 0.4000000060
146711  14.129  -55.610  15.484 0.3000000119
146760  29.166  -79.820  32.023 0.2000000030
146772  16.583  -63.293  10.123 0.4000000060
146788  25.902  -61.952  26.350 0.2000000030
146803  9.881  -91.107  40.396 0.6999999881
146969  14.262  -80.834  7.455 0.2000000030
147030  21.704  -91.585  33.084 0.8000000119
147120  19.208  -72.405  7.301 0.5000000000
147149  15.075  -73.742  3.336 0.8999999762
147223  5.188  -76.406  42.394 0.4000000060
147538  13.935  -78.277  7.276 0.2000000030
147786  6.080  -74.518  35.353 0.1000000015
147790  20.582  -94.381  31.063 1.0000000000
147844  25.189  -73.280  3.243 0.1000000015
147898  12.234  -65.088  14.243 0.6999999881
148236  31.037  -51.189  22.491 0.1000000015
148255  17.874  -63.642  18.084 0.6999999881
148281  8.176  -79.806  45.565 0.6000000238
148336  4.835  -73.039  41.189 0.2000000030
148430  6.931  -89.015  24.919 0.1000000015
148490  23.437  -79.410  3.583 0.3000000119
148591  22.726  -66.246  11.588 0.1000000015
148593  8.440  -74.834  43.249 0.6999999881
148643  23.318  -88.661  49.252 0.1000000015
148747  14.313  -46.677  17.828 0.8000000119
148846  4.721  -81.987  28.785 0.1000000015
149040  14.848  -93.732  36.343 0.6000000238
149114  9.035  -91.025  30.017 0.8999999762
149208  11.265  -75.500  36.361 0.4000000060
149267  8.534  -91.349  32.835 0.8999999762
149316  33.554  -78.781  33.292 0.1000000015
149330  10.451  -89.549  41.801 0.5000000000
149357  15.458  -71.365  5.783 0.8999999762
149391  8.433  -90.104  27.675 0.4000000060
149394  8.130  -87.504  34.836 0.6999999881
149572  7.248  -91.108  34.744 0.8999999762
149625  9.910  -72.755  39.811 0.8000000119
149680  22.060  -55.538  10.370 0.2000000030
149836  17.315  -70.125  15.414 0.4000000060
150052  34.453  -85.733  32.905 0.2000000030
150095  12.425  -57.110  18.340 0.6999999881
150337  32.508  -86.839  23.101 0.1000000015
150394  4.690  -73.654  40.508 0.2000000030
150443  8.386  -85.086  27.573 0.3000000119
150588  11.021  -67.861  17.606 0.8999999762
150640  9.615  -84.821  41.614 0.3000000119
150748  5.561  -83.034  48.287 0.8000000119
150956  13.564  -85.794  28.112 1.0000000000
150978  21.534  -70.384  4.077 0.4000000060
151202  10.408  -56.441  24.822 0.2000000030
151278  16.101  -78.520  6.918 0.3000000119
151356  7.913  -83.082  45.889 0.6000000238
151601  21.032  -59.321  10.654 0.2000000030
151608  14.349  -89.461  45.054 0.2000000030
151610  6.870  -88.139  30.776 0.8000000119
151619  29.341  -80.600  34.693 0.1000000015
151638  20.442  -87.779  33.012 0.6999999881
151755  19.141  -65.301  27.265 0.8999999762
151810  15.895  -87.736  20.007 0.2000000030
151862  8.196  -79.210  40.917 0.5000000000
151954  32.003  -83.767  21.296 0.1000000015
152088  18.761  -81.279  7.948 0.4000000060
152318  11.713  -71.007  21.756 1.0000000000
152451  19.853  -76.863  4.910 0.6999999881
152622  19.168  -70.652  17.128 0.3000000119
152664  16.290  -85.231  28.514 1.0000000000
152931  21.635  -67.635  18.877 0.1000000015
152974  5.604  -83.046  35.809 0.8000000119
152992  23.302  -55.965  14.043 0.2000000030
153021  9.793  -85.244  24.259 0.1000000015
153135  25.232  -77.094  2.325 0.1000000015
153174  32.944  -86.777  23.644 0.1000000015
153180  23.626  -57.001  16.487 0.1000000015
153213  17.806  -76.713  31.676 0.1000000015
153349  8.042  -88.581  34.129 0.8999999762
153368  14.234  -63.516  10.233 0.4000000060
153494  16.184  -76.240  9.362 0.8999999762
153624  22.165  -74.413  3.549 0.6000000238
153801  12.120  -77.708  14.962 0.3000000119
153859  21.101  -81.006  4.779 0.8000000119
153868  15.802  -41.481  17.658 0.3000000119
153939  7.217  -88.202  40.901 0.6999999881
154020  5.416  -67.077  24.319 0.6000000238
154097  4.985  -82.850  39.025 0.6999999881
154228  22.149  -88.629  50.362 0.1000000015
154288  25.444  -64.806  21.559 0.1000000015
154313  11.349  -65.133  21.349 0.8999999762
154426  21.096  -80.578  2.983 0.8000000119
154431  6.684  -80.861  27.312 0.1000000015
154458  19.105  -83.889  44.625 0.2000000030
154908  28.884  -87.478  40.635 0.1000000015
154912  14.081  -75.162  32.400 0.1000000015
155090  4.825  -86.939  42.584 0.6999999881
155184  16.673  -91.368  35.231 0.6000000238
155215  26.736  -65.181  18.931 0.1000000015
155254  11.532  -57.966  16.474 0.6999999881
155255  26.675  -83.682  24.594 0.4000000060
155293  16.104  -65.209  20.938 0.8999999762
155350  7.738  -84.669  46.550 0.5000000000
155368  8.057  -65.856  16.693 0.8999999762
155537  28.870  -80.958  34.449 0.1000000015
155620  13.558  -75.475  5.101 0.6999999881
155641  20.914  -84.516  37.708 0.4000000060
155719  23.272  -69.744  17.420 0.2000000030
155731  23.354  -75.790  0.415 0.5000000000
155772  10.866  -87.611  30.090 0.8999999762
155817  6.915  -54.534  21.628 0.8000000119
155859  17.376  -81.743  9.367 0.4000000060
155945  12.327  -80.013  38.181 0.2000000030
156088  23.774  -70.334  3.010 0.3000000119
156474  10.670  -54.906  23.513 0.4000000060
156545  23.898  -79.776  29.883 0.5000000000
156625  17.597  -91.405  26.055 0.6999999881
156636  12.042  -56.584  17.565 0.6999999881
156650  26.916  -84.298  42.348 0.1000000015
156773  6.919  -57.849  19.877 0.8000000119
156777  6.491  -85.617  25.540 0.2000000030
156801  11.452  -63.024  20.554 0.8999999762
156848  7.174  -70.506  18.962 0.8999999762
156883  19.759  -89.521  36.472 0.5000000000
156988  12.339  -80.755  8.325 0.1000000015
157023  15.142  -93.768  35.909 0.6000000238
157034  5.790  -87.038  45.897 0.8000000119
157048  9.705  -77.455  42.096 0.6999999881
157186  10.028  -79.496  42.339 0.5000000000
157224  18.000  -76.997  0.888 0.8999999762
157332  12.203  -87.907  47.589 0.2000000030
157337  30.818  -89.715  30.384 0.6000000238
157393  13.013  -89.893  46.906 0.2000000030
157459  26.542  -79.395  30.675 0.4000000060
157515  24.988  -90.713  24.355 0.8000000119
157535  9.046  -85.787  43.372 0.4000000060
157575  16.708  -62.102  9.894 0.2000000030
157608  9.854  -90.690  41.759 0.6999999881
157781  12.776  -56.068  15.486 0.5000000000
157782  8.816  -58.022  23.971 0.1000000015
157817  8.687  -74.015  18.077 0.8999999762
157902  23.292  -80.135  5.196 0.4000000060
157910  24.512  -90.603  32.625 0.8000000119
158037  11.537  -87.605  22.733 0.1000000015
158204  18.900  -83.300  41.315 0.2000000030
158367  12.466  -55.009  16.014 0.5000000000
158474  15.315  -80.132  1.994 0.4000000060
158485  9.332  -83.140  42.413 0.4000000060
158507  15.335  -79.969  6.715 0.1000000015
158529  27.203  -86.266  52.902 0.1000000015
158549  20.851  -82.108  41.348 0.2000000030
158678  6.329  -88.863  44.051 0.6999999881
158705  11.603  -78.650  38.862 0.3000000119
158740  21.131  -54.600  15.329 0.2000000030
158770  8.457  -72.989  35.464 0.8000000119
159001  14.963  -60.169  18.117 0.6999999881
159171  12.805  -71.302  35.960 0.6000000238
159406  15.049  -85.112  35.161 0.1000000015
159497  16.839  -71.928  3.939 0.8000000119
159584  31.716  -85.429  19.295 0.1000000015
159721  19.122  -93.862  28.333 0.8999999762
159722  12.609  -90.478  37.026 0.5000000000
159743  14.972  -94.554  30.596 0.8999999762
159834  13.058  -73.116  32.772 0.2000000030
159979  6.507  -72.563  21.139 0.8000000119
160046  16.274  -71.856  12.739 0.4000000060
160313  20.519  -57.811  13.189 0.2000000030
160373  22.848  -80.303  36.631 0.3000000119
160389  5.140  -86.595  31.994 0.8000000119
160406  13.177  -90.349  33.698 0.6999999881
160415  20.215  -75.716  10.547 0.4000000060
160552  10.615  -61.459  20.324 0.8999999762
160620  16.831  -86.114  39.533 0.1000000015
160736  6.361  -83.367  35.645 0.8000000119
160774  23.451  -74.469  0.736 0.4000000060
160818  20.326  -81.131  8.056 1.0000000000
160819  17.089  -72.225  3.965 0.8000000119
160858  11.732  -83.320  37.693 0.1000000015
160859  22.416  -88.401  39.351 0.5000000000
160943  18.949  -86.144  17.931 0.4000000060
161106  17.915  -87.971  43.503 0.2000000030
161144  12.642  -78.146  36.140 0.1000000015
161172  19.847  -60.442  11.120 0.1000000015
161216  20.601  -66.829  18.044 0.2000000030
161298  23.917  -58.724  17.522 0.1000000015
161422  9.040  -71.388  11.087 0.4000000060
161501  11.538  -78.711  7.503 0.1000000015
161559  9.769  -68.390  23.578 1.0000000000
161614  9.154  -69.801  24.827 0.8000000119
161644  12.054  -80.626  38.567 0.1000000015
161690  10.372  -76.307  39.704 0.6000000238
161800  5.729  -78.676  25.772 0.1000000015
161995  33.114  -86.465  32.519 0.2000000030
162071  13.137  -85.590  29.533 0.8999999762
162143  11.348  -87.455  51.376 0.1000000015
162161  12.308  -70.910  15.327 0.6000000238
162217  6.689  -86.924  26.093 0.3000000119
162220  27.192  -65.030  28.014 0.1000000015
162227  4.707  -84.363  24.395 0.1000000015
162260  5.562  -84.608  32.912 0.6000000238
162312  26.305  -55.160  20.536 0.1000000015
162367  6.621  -75.892  20.975 0.4000000060
162370  21.189  -77.887  1.478 0.8000000119
162416  10.604  -66.190  16.441 0.8999999762
162503  10.076  -74.471  41.569 0.8000000119
162604  16.735  -64.082  20.116 0.8999999762
162627  22.016  -90.913  33.209 0.8000000119
162673  28.845  -51.072  21.574 0.1000000015
162717  6.469  -86.983  47.455 0.6999999881
162735  16.364  -63.606  9.724 0.4000000060
162767  21.402  -75.769  0.434 0.8000000119
162798  12.096  -59.137  15.750 0.6000000238
162849  18.342  -77.346  0.655 1.0000000000
162860  18.162  -67.010  15.765 0.3000000119
163102  18.376  -78.017  6.190 0.6999999881
163238  8.922  -85.536  24.049 0.1000000015
163244  13.097  -86.603  36.490 0.1000000015
163263  17.520  -90.894  42.835 0.4000000060
163375  4.631  -71.748  39.244 0.2000000030
163412  15.464  -94.623  30.935 0.8999999762
163502  6.394  -64.654  26.091 0.1000000015
163538  29.926  -85.600  30.213 0.3000000119
163651  13.512  -54.757  15.571 0.3000000119
163681  26.545  -60.494  28.819 0.2000000030
163759  5.318  -87.789  35.105 0.8999999762
163844  13.241  -56.375  24.297 0.1000000015
163882  22.101  -75.482  0.504 0.6999999881
163895  5.926  -79.157  21.970 0.2000000030
163939  23.160  -80.117  8.116 0.6000000238
163942  18.603  -61.402  16.691 0.5000000000
163944  5.992  -88.448  25.758 0.2000000030
164037  10.795  -89.384  27.879 0.6999999881
164084  6.678  -83.220  48.298 0.6999999881
164326  33.282  -85.855  32.804 0.2000000030
164464  10.627  -85.701  39.962 0.3000000119
164510  5.790  -88.931  39.665 0.8000000119
164569  8.183  -79.886  20.991 0.1000000015
164645  4.958  -81.858  26.929 0.1000000015
