
Sun Mar 15 08:11:35 CET 2026
cd /out/sourcedata/freesurfer/sub-v2s10x28930_ses-1
setenv SUBJECTS_DIR /out/sourcedata/freesurfer
/opt/freesurfer/bin/recon-all -autorecon1 -i /work/fmriprep_25_2_wf/sub_v2s10x28930_ses_1_wf/anat_fit_wf/anat_validate/sub-v2s10x28930_ses-1_run-1_T1w_noise_corrected_ras_valid.nii.gz -noskullstrip -noT2pial -noFLAIRpial -openmp 16 -subjid sub-v2s10x28930_ses-1 -sd /out/sourcedata/freesurfer

subjid sub-v2s10x28930_ses-1
setenv SUBJECTS_DIR /out/sourcedata/freesurfer
FREESURFER_HOME /opt/freesurfer
Actual FREESURFER_HOME /opt/freesurfer
build-stamp.txt: freesurfer-linux-ubuntu22_x86_64-7.3.2-20220804-6354275
Linux dna067 5.14.0-427.37.1.el9_4.x86_64 #1 SMP PREEMPT_DYNAMIC Fri Sep 13 12:41:50 EDT 2024 x86_64 x86_64 x86_64 GNU/Linux
cputime      unlimited
filesize     unlimited
datasize     unlimited
stacksize    8192 kbytes
coredumpsize 0 kbytes
memoryuse    67108864 kbytes
vmemoryuse   unlimited
descriptors  1024 
memorylocked unlimited
maxproc      2061970 
maxlocks     unlimited
maxsignal    2062029 
maxmessage   819200 
maxnice      0 
maxrtprio    0 
maxrttime    unlimited

               total        used        free      shared  buff/cache   available
Mem:           503Gi        66Gi       256Gi        26Gi       180Gi       406Gi
Swap:             0B          0B          0B

########################################
program versions used
7.3.2 (freesurfer-linux-ubuntu22_x86_64-7.3.2-20220804-6354275)
7.3.2

ProgramName: lta_convert  ProgramArguments: lta_convert -all-info  ProgramVersion: 7.3.2  TimeStamp: 2026/03/15-07:11:35-GMT  BuildTime: Aug  4 2022 06:17:15  BuildStamp: freesurfer-linux-ubuntu22_x86_64-7.3.2-20220804-6354275  User: oesteban  Machine: dna067  Platform: Linux  PlatformVersion: 5.14.0-427.37.1.el9_4.x86_64  CompilerName: GCC  CompilerVersion: 8.4.0
ProgramName: mri_and  ProgramArguments: mri_and -all-info  ProgramVersion: 7.3.2  TimeStamp: 2026/03/15-07:11:35-GMT  BuildTime: Aug  4 2022 06:17:15  BuildStamp: freesurfer-linux-ubuntu22_x86_64-7.3.2-20220804-6354275  User: oesteban  Machine: dna067  Platform: Linux  PlatformVersion: 5.14.0-427.37.1.el9_4.x86_64  CompilerName: GCC  CompilerVersion: 8.4.0
ProgramName: mri_annotation2label  ProgramArguments: mri_annotation2label -all-info  ProgramVersion: 7.3.2  TimeStamp: 2026/03/15-07:11:35-GMT  BuildTime: Aug  4 2022 06:17:15  BuildStamp: freesurfer-linux-ubuntu22_x86_64-7.3.2-20220804-6354275  User: oesteban  Machine: dna067  Platform: Linux  PlatformVersion: 5.14.0-427.37.1.el9_4.x86_64  CompilerName: GCC  CompilerVersion: 8.4.0
ProgramName: mri_aparc2aseg  ProgramArguments: mri_aparc2aseg -all-info  ProgramVersion: 7.3.2  TimeStamp: 2026/03/15-07:11:35-GMT  BuildTime: Aug  4 2022 06:17:15  BuildStamp: freesurfer-linux-ubuntu22_x86_64-7.3.2-20220804-6354275  User: oesteban  Machine: dna067  Platform: Linux  PlatformVersion: 5.14.0-427.37.1.el9_4.x86_64  CompilerName: GCC  CompilerVersion: 8.4.0
ProgramName: mri_surf2volseg  ProgramArguments: mri_surf2volseg -all-info  ProgramVersion: 7.3.2  TimeStamp: 2026/03/15-07:11:35-GMT  BuildTime: Aug  4 2022 06:17:15  BuildStamp: freesurfer-linux-ubuntu22_x86_64-7.3.2-20220804-6354275  User: oesteban  Machine: dna067  Platform: Linux  PlatformVersion: 5.14.0-427.37.1.el9_4.x86_64  CompilerName: GCC  CompilerVersion: 8.4.0
ProgramName: mri_binarize  ProgramArguments: mri_binarize -all-info  ProgramVersion: 7.3.2  TimeStamp: 2026/03/15-07:11:35-GMT  BuildTime: Aug  4 2022 06:17:15  BuildStamp: freesurfer-linux-ubuntu22_x86_64-7.3.2-20220804-6354275  User: oesteban  Machine: dna067  Platform: Linux  PlatformVersion: 5.14.0-427.37.1.el9_4.x86_64  CompilerName: GCC  CompilerVersion: 8.4.0
ProgramName: mri_ca_label  ProgramArguments: mri_ca_label -all-info  ProgramVersion: 7.3.2  TimeStamp: 2026/03/15-07:11:35-GMT  BuildTime: Aug  4 2022 06:17:15  BuildStamp: freesurfer-linux-ubuntu22_x86_64-7.3.2-20220804-6354275  User: oesteban  Machine: dna067  Platform: Linux  PlatformVersion: 5.14.0-427.37.1.el9_4.x86_64  CompilerName: GCC  CompilerVersion: 8.4.0
ProgramName: mri_ca_normalize  ProgramArguments: mri_ca_normalize -all-info  ProgramVersion: 7.3.2  TimeStamp: 2026/03/15-07:11:35-GMT  BuildTime: Aug  4 2022 06:17:15  BuildStamp: freesurfer-linux-ubuntu22_x86_64-7.3.2-20220804-6354275  User: oesteban  Machine: dna067  Platform: Linux  PlatformVersion: 5.14.0-427.37.1.el9_4.x86_64  CompilerName: GCC  CompilerVersion: 8.4.0
ProgramName: mri_ca_register  ProgramArguments: mri_ca_register -all-info  ProgramVersion: 7.3.2  TimeStamp: 2026/03/15-07:11:35-GMT  BuildTime: Aug  4 2022 06:17:15  BuildStamp: freesurfer-linux-ubuntu22_x86_64-7.3.2-20220804-6354275  User: oesteban  Machine: dna067  Platform: Linux  PlatformVersion: 5.14.0-427.37.1.el9_4.x86_64  CompilerName: GCC  CompilerVersion: 8.4.0
ProgramName: mri_cc  ProgramArguments: mri_cc -all-info  ProgramVersion: 7.3.2  TimeStamp: 2026/03/15-07:11:35-GMT  BuildTime: Aug  4 2022 06:17:15  BuildStamp: freesurfer-linux-ubuntu22_x86_64-7.3.2-20220804-6354275  User: oesteban  Machine: dna067  Platform: Linux  PlatformVersion: 5.14.0-427.37.1.el9_4.x86_64  CompilerName: GCC  CompilerVersion: 8.4.0
ProgramName: mri_compute_overlap  ProgramArguments: mri_compute_overlap -all-info  ProgramVersion: 7.3.2  TimeStamp: 2026/03/15-07:11:35-GMT  BuildTime: Aug  4 2022 06:17:15  BuildStamp: freesurfer-linux-ubuntu22_x86_64-7.3.2-20220804-6354275  User: oesteban  Machine: dna067  Platform: Linux  PlatformVersion: 5.14.0-427.37.1.el9_4.x86_64  CompilerName: GCC  CompilerVersion: 8.4.0
ProgramName: mri_compute_seg_overlap  ProgramArguments: mri_compute_seg_overlap -all-info  ProgramVersion: 7.3.2  TimeStamp: 2026/03/15-07:11:35-GMT  BuildTime: Aug  4 2022 06:17:15  BuildStamp: freesurfer-linux-ubuntu22_x86_64-7.3.2-20220804-6354275  User: oesteban  Machine: dna067  Platform: Linux  PlatformVersion: 5.14.0-427.37.1.el9_4.x86_64  CompilerName: GCC  CompilerVersion: 8.4.0
ProgramName: mri_concat  ProgramArguments: mri_concat -all-info  ProgramVersion: 7.3.2  TimeStamp: 2026/03/15-07:11:35-GMT  BuildTime: Aug  4 2022 06:17:15  BuildStamp: freesurfer-linux-ubuntu22_x86_64-7.3.2-20220804-6354275  User: oesteban  Machine: dna067  Platform: Linux  PlatformVersion: 5.14.0-427.37.1.el9_4.x86_64  CompilerName: GCC  CompilerVersion: 8.4.0
ProgramName: mri_concatenate_lta  ProgramArguments: mri_concatenate_lta -all-info  ProgramVersion: 7.3.2  TimeStamp: 2026/03/15-07:11:35-GMT  BuildTime: Aug  4 2022 06:17:15  BuildStamp: freesurfer-linux-ubuntu22_x86_64-7.3.2-20220804-6354275  User: oesteban  Machine: dna067  Platform: Linux  PlatformVersion: 5.14.0-427.37.1.el9_4.x86_64  CompilerName: GCC  CompilerVersion: 8.4.0
mri_convert -all-info 
ProgramName: mri_convert  ProgramArguments: mri_convert -all-info  ProgramVersion: 7.3.2  TimeStamp: 2026/03/15-07:11:35-GMT  BuildTime: Aug  4 2022 06:17:15  BuildStamp: freesurfer-linux-ubuntu22_x86_64-7.3.2-20220804-6354275  User: oesteban  Machine: dna067  Platform: Linux  PlatformVersion: 5.14.0-427.37.1.el9_4.x86_64  CompilerName: GCC  CompilerVersion: 8.4.0
ProgramName: mri_diff  ProgramArguments: mri_diff -all-info  ProgramVersion: 7.3.2  TimeStamp: 2026/03/15-07:11:35-GMT  BuildTime: Aug  4 2022 06:17:15  BuildStamp: freesurfer-linux-ubuntu22_x86_64-7.3.2-20220804-6354275  User: oesteban  Machine: dna067  Platform: Linux  PlatformVersion: 5.14.0-427.37.1.el9_4.x86_64  CompilerName: GCC  CompilerVersion: 8.4.0
ProgramName: mri_edit_wm_with_aseg  ProgramArguments: mri_edit_wm_with_aseg -all-info  ProgramVersion: 7.3.2  TimeStamp: 2026/03/15-07:11:35-GMT  BuildTime: Aug  4 2022 06:17:15  BuildStamp: freesurfer-linux-ubuntu22_x86_64-7.3.2-20220804-6354275  User: oesteban  Machine: dna067  Platform: Linux  PlatformVersion: 5.14.0-427.37.1.el9_4.x86_64  CompilerName: GCC  CompilerVersion: 8.4.0
ProgramName: mri_em_register  ProgramArguments: mri_em_register -all-info  ProgramVersion: 7.3.2  TimeStamp: 2026/03/15-07:11:35-GMT  BuildTime: Aug  4 2022 06:17:15  BuildStamp: freesurfer-linux-ubuntu22_x86_64-7.3.2-20220804-6354275  User: oesteban  Machine: dna067  Platform: Linux  PlatformVersion: 5.14.0-427.37.1.el9_4.x86_64  CompilerName: GCC  CompilerVersion: 8.4.0
ProgramName: mri_fill  ProgramArguments: mri_fill -all-info  ProgramVersion: 7.3.2  TimeStamp: 2026/03/15-07:11:35-GMT  BuildTime: Aug  4 2022 06:17:15  BuildStamp: freesurfer-linux-ubuntu22_x86_64-7.3.2-20220804-6354275  User: oesteban  Machine: dna067  Platform: Linux  PlatformVersion: 5.14.0-427.37.1.el9_4.x86_64  CompilerName: GCC  CompilerVersion: 8.4.0
ProgramName: mri_fuse_segmentations  ProgramArguments: mri_fuse_segmentations -all-info  ProgramVersion: 7.3.2  TimeStamp: 2026/03/15-07:11:35-GMT  BuildTime: Aug  4 2022 06:17:15  BuildStamp: freesurfer-linux-ubuntu22_x86_64-7.3.2-20220804-6354275  User: oesteban  Machine: dna067  Platform: Linux  PlatformVersion: 5.14.0-427.37.1.el9_4.x86_64  CompilerName: GCC  CompilerVersion: 8.4.0
ProgramName: mri_fwhm  ProgramArguments: mri_fwhm -all-info  ProgramVersion: 7.3.2  TimeStamp: 2026/03/15-07:11:35-GMT  BuildTime: Aug  4 2022 06:17:15  BuildStamp: freesurfer-linux-ubuntu22_x86_64-7.3.2-20220804-6354275  User: oesteban  Machine: dna067  Platform: Linux  PlatformVersion: 5.14.0-427.37.1.el9_4.x86_64  CompilerName: GCC  CompilerVersion: 8.4.0
ProgramName: mri_gcut  ProgramArguments: mri_gcut -all-info  ProgramVersion: 7.3.2  TimeStamp: 2026/03/15-07:11:35-GMT  BuildTime: Aug  4 2022 06:17:15  BuildStamp: freesurfer-linux-ubuntu22_x86_64-7.3.2-20220804-6354275  User: oesteban  Machine: dna067  Platform: Linux  PlatformVersion: 5.14.0-427.37.1.el9_4.x86_64  CompilerName: GCC  CompilerVersion: 8.4.0
ProgramName: mri_info  ProgramArguments: mri_info -all-info  ProgramVersion: 7.3.2  TimeStamp: 2026/03/15-07:11:35-GMT  BuildTime: Aug  4 2022 06:17:15  BuildStamp: freesurfer-linux-ubuntu22_x86_64-7.3.2-20220804-6354275  User: oesteban  Machine: dna067  Platform: Linux  PlatformVersion: 5.14.0-427.37.1.el9_4.x86_64  CompilerName: GCC  CompilerVersion: 8.4.0
ProgramName: mri_label2label  ProgramArguments: mri_label2label -all-info  ProgramVersion: 7.3.2  TimeStamp: 2026/03/15-07:11:35-GMT  BuildTime: Aug  4 2022 06:17:15  BuildStamp: freesurfer-linux-ubuntu22_x86_64-7.3.2-20220804-6354275  User: oesteban  Machine: dna067  Platform: Linux  PlatformVersion: 5.14.0-427.37.1.el9_4.x86_64  CompilerName: GCC  CompilerVersion: 8.4.0
ProgramName: mri_label2vol  ProgramArguments: mri_label2vol -all-info  ProgramVersion: 7.3.2  TimeStamp: 2026/03/15-07:11:36-GMT  BuildTime: Aug  4 2022 06:17:15  BuildStamp: freesurfer-linux-ubuntu22_x86_64-7.3.2-20220804-6354275  User: oesteban  Machine: dna067  Platform: Linux  PlatformVersion: 5.14.0-427.37.1.el9_4.x86_64  CompilerName: GCC  CompilerVersion: 8.4.0
ProgramName: mri_log_likelihood  ProgramArguments: mri_log_likelihood -all-info  ProgramVersion: 7.3.2  TimeStamp: 2026/03/15-07:11:36-GMT  BuildTime: Aug  4 2022 06:17:15  BuildStamp: freesurfer-linux-ubuntu22_x86_64-7.3.2-20220804-6354275  User: oesteban  Machine: dna067  Platform: Linux  PlatformVersion: 5.14.0-427.37.1.el9_4.x86_64  CompilerName: GCC  CompilerVersion: 8.4.0
ProgramName: mri_mask  ProgramArguments: mri_mask -all-info  ProgramVersion: 7.3.2  TimeStamp: 2026/03/15-07:11:36-GMT  BuildTime: Aug  4 2022 06:17:15  BuildStamp: freesurfer-linux-ubuntu22_x86_64-7.3.2-20220804-6354275  User: oesteban  Machine: dna067  Platform: Linux  PlatformVersion: 5.14.0-427.37.1.el9_4.x86_64  CompilerName: GCC  CompilerVersion: 8.4.0
ProgramName: mri_matrix_multiply  ProgramArguments: mri_matrix_multiply -all-info  ProgramVersion: 7.3.2  TimeStamp: 2026/03/15-07:11:36-GMT  BuildTime: Aug  4 2022 06:17:15  BuildStamp: freesurfer-linux-ubuntu22_x86_64-7.3.2-20220804-6354275  User: oesteban  Machine: dna067  Platform: Linux  PlatformVersion: 5.14.0-427.37.1.el9_4.x86_64  CompilerName: GCC  CompilerVersion: 8.4.0
ProgramName: mri_normalize  ProgramArguments: mri_normalize -all-info  ProgramVersion: 7.3.2  TimeStamp: 2026/03/15-07:11:36-GMT  BuildTime: Aug  4 2022 06:17:15  BuildStamp: freesurfer-linux-ubuntu22_x86_64-7.3.2-20220804-6354275  User: oesteban  Machine: dna067  Platform: Linux  PlatformVersion: 5.14.0-427.37.1.el9_4.x86_64  CompilerName: GCC  CompilerVersion: 8.4.0
ProgramName: mri_normalize_tp2  ProgramArguments: mri_normalize_tp2 -all-info  ProgramVersion: 7.3.2  TimeStamp: 2026/03/15-07:11:36-GMT  BuildTime: Aug  4 2022 06:17:15  BuildStamp: freesurfer-linux-ubuntu22_x86_64-7.3.2-20220804-6354275  User: oesteban  Machine: dna067  Platform: Linux  PlatformVersion: 5.14.0-427.37.1.el9_4.x86_64  CompilerName: GCC  CompilerVersion: 8.4.0
ProgramName: mri_or  ProgramArguments: mri_or -all-info  ProgramVersion: 7.3.2  TimeStamp: 2026/03/15-07:11:36-GMT  BuildTime: Aug  4 2022 06:17:15  BuildStamp: freesurfer-linux-ubuntu22_x86_64-7.3.2-20220804-6354275  User: oesteban  Machine: dna067  Platform: Linux  PlatformVersion: 5.14.0-427.37.1.el9_4.x86_64  CompilerName: GCC  CompilerVersion: 8.4.0
ProgramName: mri_relabel_hypointensities  ProgramArguments: mri_relabel_hypointensities -all-info  ProgramVersion: 7.3.2  TimeStamp: 2026/03/15-07:11:36-GMT  BuildTime: Aug  4 2022 06:17:15  BuildStamp: freesurfer-linux-ubuntu22_x86_64-7.3.2-20220804-6354275  User: oesteban  Machine: dna067  Platform: Linux  PlatformVersion: 5.14.0-427.37.1.el9_4.x86_64  CompilerName: GCC  CompilerVersion: 8.4.0
ProgramName: mri_relabel_nonwm_hypos  ProgramArguments: mri_relabel_nonwm_hypos -all-info  ProgramVersion: 7.3.2  TimeStamp: 2026/03/15-07:11:36-GMT  BuildTime: Aug  4 2022 06:17:15  BuildStamp: freesurfer-linux-ubuntu22_x86_64-7.3.2-20220804-6354275  User: oesteban  Machine: dna067  Platform: Linux  PlatformVersion: 5.14.0-427.37.1.el9_4.x86_64  CompilerName: GCC  CompilerVersion: 8.4.0
ProgramName: mri_remove_neck  ProgramArguments: mri_remove_neck -all-info  ProgramVersion: 7.3.2  TimeStamp: 2026/03/15-07:11:36-GMT  BuildTime: Aug  4 2022 06:17:15  BuildStamp: freesurfer-linux-ubuntu22_x86_64-7.3.2-20220804-6354275  User: oesteban  Machine: dna067  Platform: Linux  PlatformVersion: 5.14.0-427.37.1.el9_4.x86_64  CompilerName: GCC  CompilerVersion: 8.4.0
7.3.2

ProgramName: mri_robust_register  ProgramArguments: mri_robust_register -all-info  ProgramVersion: 7.3.2  TimeStamp: 2026/03/15-07:11:36-GMT  BuildTime: Aug  4 2022 06:17:15  BuildStamp: freesurfer-linux-ubuntu22_x86_64-7.3.2-20220804-6354275  User: oesteban  Machine: dna067  Platform: Linux  PlatformVersion: 5.14.0-427.37.1.el9_4.x86_64  CompilerName: GCC  CompilerVersion: 8.4.0
7.3.2

ProgramName: mri_robust_template  ProgramArguments: mri_robust_template -all-info  ProgramVersion: 7.3.2  TimeStamp: 2026/03/15-07:11:36-GMT  BuildTime: Aug  4 2022 06:17:15  BuildStamp: freesurfer-linux-ubuntu22_x86_64-7.3.2-20220804-6354275  User: oesteban  Machine: dna067  Platform: Linux  PlatformVersion: 5.14.0-427.37.1.el9_4.x86_64  CompilerName: GCC  CompilerVersion: 8.4.0
ProgramName: mris_anatomical_stats  ProgramArguments: mris_anatomical_stats -all-info  ProgramVersion: 7.3.2  TimeStamp: 2026/03/15-07:11:36-GMT  BuildTime: Aug  4 2022 06:17:15  BuildStamp: freesurfer-linux-ubuntu22_x86_64-7.3.2-20220804-6354275  User: oesteban  Machine: dna067  Platform: Linux  PlatformVersion: 5.14.0-427.37.1.el9_4.x86_64  CompilerName: GCC  CompilerVersion: 8.4.0
ProgramName: mris_ca_label  ProgramArguments: mris_ca_label -all-info  ProgramVersion: 7.3.2  TimeStamp: 2026/03/15-07:11:36-GMT  BuildTime: Aug  4 2022 06:17:15  BuildStamp: freesurfer-linux-ubuntu22_x86_64-7.3.2-20220804-6354275  User: oesteban  Machine: dna067  Platform: Linux  PlatformVersion: 5.14.0-427.37.1.el9_4.x86_64  CompilerName: GCC  CompilerVersion: 8.4.0
ProgramName: mris_calc  ProgramArguments: mris_calc -all-info  ProgramVersion: 7.3.2  TimeStamp: 2026/03/15-07:11:36-GMT  BuildTime: Aug  4 2022 06:17:15  BuildStamp: freesurfer-linux-ubuntu22_x86_64-7.3.2-20220804-6354275  User: oesteban  Machine: dna067  Platform: Linux  PlatformVersion: 5.14.0-427.37.1.el9_4.x86_64  CompilerName: GCC  CompilerVersion: 8.4.0
ProgramName: mris_convert  ProgramArguments: mris_convert -all-info  ProgramVersion: 7.3.2  TimeStamp: 2026/03/15-07:11:36-GMT  BuildTime: Aug  4 2022 06:17:15  BuildStamp: freesurfer-linux-ubuntu22_x86_64-7.3.2-20220804-6354275  User: oesteban  Machine: dna067  Platform: Linux  PlatformVersion: 5.14.0-427.37.1.el9_4.x86_64  CompilerName: GCC  CompilerVersion: 8.4.0
ProgramName: mris_curvature  ProgramArguments: mris_curvature -all-info  ProgramVersion: 7.3.2  TimeStamp: 2026/03/15-07:11:36-GMT  BuildTime: Aug  4 2022 06:17:15  BuildStamp: freesurfer-linux-ubuntu22_x86_64-7.3.2-20220804-6354275  User: oesteban  Machine: dna067  Platform: Linux  PlatformVersion: 5.14.0-427.37.1.el9_4.x86_64  CompilerName: GCC  CompilerVersion: 8.4.0
ProgramName: mris_curvature_stats  ProgramArguments: mris_curvature_stats -all-info  ProgramVersion: 7.3.2  TimeStamp: 2026/03/15-07:11:36-GMT  BuildTime: Aug  4 2022 06:17:15  BuildStamp: freesurfer-linux-ubuntu22_x86_64-7.3.2-20220804-6354275  User: oesteban  Machine: dna067  Platform: Linux  PlatformVersion: 5.14.0-427.37.1.el9_4.x86_64  CompilerName: GCC  CompilerVersion: 8.4.0
ProgramName: mris_diff  ProgramArguments: mris_diff -all-info  ProgramVersion: 7.3.2  TimeStamp: 2026/03/15-07:11:36-GMT  BuildTime: Aug  4 2022 06:17:15  BuildStamp: freesurfer-linux-ubuntu22_x86_64-7.3.2-20220804-6354275  User: oesteban  Machine: dna067  Platform: Linux  PlatformVersion: 5.14.0-427.37.1.el9_4.x86_64  CompilerName: GCC  CompilerVersion: 8.4.0
ProgramName: mris_divide_parcellation  ProgramArguments: mris_divide_parcellation -all-info  ProgramVersion: 7.3.2  TimeStamp: 2026/03/15-07:11:36-GMT  BuildTime: Aug  4 2022 06:17:15  BuildStamp: freesurfer-linux-ubuntu22_x86_64-7.3.2-20220804-6354275  User: oesteban  Machine: dna067  Platform: Linux  PlatformVersion: 5.14.0-427.37.1.el9_4.x86_64  CompilerName: GCC  CompilerVersion: 8.4.0
ProgramName: mri_segment  ProgramArguments: mri_segment -all-info  ProgramVersion: 7.3.2  TimeStamp: 2026/03/15-07:11:36-GMT  BuildTime: Aug  4 2022 06:17:15  BuildStamp: freesurfer-linux-ubuntu22_x86_64-7.3.2-20220804-6354275  User: oesteban  Machine: dna067  Platform: Linux  PlatformVersion: 5.14.0-427.37.1.el9_4.x86_64  CompilerName: GCC  CompilerVersion: 8.4.0
ProgramName: mri_segstats  ProgramArguments: mri_segstats -all-info  ProgramVersion: 7.3.2  TimeStamp: 2026/03/15-07:11:36-GMT  BuildTime: Aug  4 2022 06:17:15  BuildStamp: freesurfer-linux-ubuntu22_x86_64-7.3.2-20220804-6354275  User: oesteban  Machine: dna067  Platform: Linux  PlatformVersion: 5.14.0-427.37.1.el9_4.x86_64  CompilerName: GCC  CompilerVersion: 8.4.0
ProgramName: mris_euler_number  ProgramArguments: mris_euler_number -all-info  ProgramVersion: 7.3.2  TimeStamp: 2026/03/15-07:11:36-GMT  BuildTime: Aug  4 2022 06:17:15  BuildStamp: freesurfer-linux-ubuntu22_x86_64-7.3.2-20220804-6354275  User: oesteban  Machine: dna067  Platform: Linux  PlatformVersion: 5.14.0-427.37.1.el9_4.x86_64  CompilerName: GCC  CompilerVersion: 8.4.0
ProgramName: mris_fix_topology  ProgramArguments: mris_fix_topology -all-info  ProgramVersion: 7.3.2  TimeStamp: 2026/03/15-07:11:36-GMT  BuildTime: Aug  4 2022 06:17:15  BuildStamp: freesurfer-linux-ubuntu22_x86_64-7.3.2-20220804-6354275  User: oesteban  Machine: dna067  Platform: Linux  PlatformVersion: 5.14.0-427.37.1.el9_4.x86_64  CompilerName: GCC  CompilerVersion: 8.4.0
ProgramName: mris_topo_fixer  ProgramArguments: mris_topo_fixer -all-info  ProgramVersion: 7.3.2  TimeStamp: 2026/03/15-07:11:36-GMT  BuildTime: Aug  4 2022 06:17:15  BuildStamp: freesurfer-linux-ubuntu22_x86_64-7.3.2-20220804-6354275  User: oesteban  Machine: dna067  Platform: Linux  PlatformVersion: 5.14.0-427.37.1.el9_4.x86_64  CompilerName: GCC  CompilerVersion: 8.4.0
ProgramName: mris_jacobian  ProgramArguments: mris_jacobian -all-info  ProgramVersion: 7.3.2  TimeStamp: 2026/03/15-07:11:36-GMT  BuildTime: Aug  4 2022 06:17:15  BuildStamp: freesurfer-linux-ubuntu22_x86_64-7.3.2-20220804-6354275  User: oesteban  Machine: dna067  Platform: Linux  PlatformVersion: 5.14.0-427.37.1.el9_4.x86_64  CompilerName: GCC  CompilerVersion: 8.4.0
ProgramName: mris_label2annot  ProgramArguments: mris_label2annot -all-info  ProgramVersion: 7.3.2  TimeStamp: 2026/03/15-07:11:36-GMT  BuildTime: Aug  4 2022 06:17:15  BuildStamp: freesurfer-linux-ubuntu22_x86_64-7.3.2-20220804-6354275  User: oesteban  Machine: dna067  Platform: Linux  PlatformVersion: 5.14.0-427.37.1.el9_4.x86_64  CompilerName: GCC  CompilerVersion: 8.4.0
ProgramName: mris_left_right_register  ProgramArguments: mris_left_right_register -all-info  ProgramVersion: 7.3.2  TimeStamp: 2026/03/15-07:11:36-GMT  BuildTime: Aug  4 2022 06:17:15  BuildStamp: freesurfer-linux-ubuntu22_x86_64-7.3.2-20220804-6354275  User: oesteban  Machine: dna067  Platform: Linux  PlatformVersion: 5.14.0-427.37.1.el9_4.x86_64  CompilerName: GCC  CompilerVersion: 8.4.0
ProgramName: mris_place_surface  ProgramArguments: mris_place_surface -all-info  ProgramVersion: 7.3.2  TimeStamp: 2026/03/15-07:11:36-GMT  BuildTime: Aug  4 2022 06:17:15  BuildStamp: freesurfer-linux-ubuntu22_x86_64-7.3.2-20220804-6354275  User: oesteban  Machine: dna067  Platform: Linux  PlatformVersion: 5.14.0-427.37.1.el9_4.x86_64  CompilerName: GCC  CompilerVersion: 8.4.0
ProgramName: mrisp_paint  ProgramArguments: mrisp_paint -all-info  ProgramVersion: 7.3.2  TimeStamp: 2026/03/15-07:11:36-GMT  BuildTime: Aug  4 2022 06:17:15  BuildStamp: freesurfer-linux-ubuntu22_x86_64-7.3.2-20220804-6354275  User: oesteban  Machine: dna067  Platform: Linux  PlatformVersion: 5.14.0-427.37.1.el9_4.x86_64  CompilerName: GCC  CompilerVersion: 8.4.0
ProgramName: mris_register  ProgramArguments: mris_register -all-info  ProgramVersion: 7.3.2  TimeStamp: 2026/03/15-07:11:36-GMT  BuildTime: Aug  4 2022 06:17:15  BuildStamp: freesurfer-linux-ubuntu22_x86_64-7.3.2-20220804-6354275  User: oesteban  Machine: dna067  Platform: Linux  PlatformVersion: 5.14.0-427.37.1.el9_4.x86_64  CompilerName: GCC  CompilerVersion: 8.4.0
ProgramName: mris_smooth  ProgramArguments: mris_smooth -all-info  ProgramVersion: 7.3.2  TimeStamp: 2026/03/15-07:11:36-GMT  BuildTime: Aug  4 2022 06:17:15  BuildStamp: freesurfer-linux-ubuntu22_x86_64-7.3.2-20220804-6354275  User: oesteban  Machine: dna067  Platform: Linux  PlatformVersion: 5.14.0-427.37.1.el9_4.x86_64  CompilerName: GCC  CompilerVersion: 8.4.0
ProgramName: mris_sphere  ProgramArguments: mris_sphere -all-info  ProgramVersion: 7.3.2  TimeStamp: 2026/03/15-07:11:36-GMT  BuildTime: Aug  4 2022 06:17:15  BuildStamp: freesurfer-linux-ubuntu22_x86_64-7.3.2-20220804-6354275  User: oesteban  Machine: dna067  Platform: Linux  PlatformVersion: 5.14.0-427.37.1.el9_4.x86_64  CompilerName: GCC  CompilerVersion: 8.4.0
ProgramName: mris_surface_stats  ProgramArguments: mris_surface_stats -all-info  ProgramVersion: 7.3.2  TimeStamp: 2026/03/15-07:11:36-GMT  BuildTime: Aug  4 2022 06:17:15  BuildStamp: freesurfer-linux-ubuntu22_x86_64-7.3.2-20220804-6354275  User: oesteban  Machine: dna067  Platform: Linux  PlatformVersion: 5.14.0-427.37.1.el9_4.x86_64  CompilerName: GCC  CompilerVersion: 8.4.0
ProgramName: mri_stats2seg  ProgramArguments: mri_stats2seg -all-info  ProgramVersion: 7.3.2  TimeStamp: 2026/03/15-07:11:36-GMT  BuildTime: Aug  4 2022 06:17:15  BuildStamp: freesurfer-linux-ubuntu22_x86_64-7.3.2-20220804-6354275  User: oesteban  Machine: dna067  Platform: Linux  PlatformVersion: 5.14.0-427.37.1.el9_4.x86_64  CompilerName: GCC  CompilerVersion: 8.4.0
ProgramName: mris_thickness  ProgramArguments: mris_thickness -all-info  ProgramVersion: 7.3.2  TimeStamp: 2026/03/15-07:11:36-GMT  BuildTime: Aug  4 2022 06:17:15  BuildStamp: freesurfer-linux-ubuntu22_x86_64-7.3.2-20220804-6354275  User: oesteban  Machine: dna067  Platform: Linux  PlatformVersion: 5.14.0-427.37.1.el9_4.x86_64  CompilerName: GCC  CompilerVersion: 8.4.0
ProgramName: mris_thickness_diff  ProgramArguments: mris_thickness_diff -all-info  ProgramVersion: 7.3.2  TimeStamp: 2026/03/15-07:11:36-GMT  BuildTime: Aug  4 2022 06:17:15  BuildStamp: freesurfer-linux-ubuntu22_x86_64-7.3.2-20220804-6354275  User: oesteban  Machine: dna067  Platform: Linux  PlatformVersion: 5.14.0-427.37.1.el9_4.x86_64  CompilerName: GCC  CompilerVersion: 8.4.0
ProgramName: mris_topo_fixer  ProgramArguments: mris_topo_fixer -all-info  ProgramVersion: 7.3.2  TimeStamp: 2026/03/15-07:11:36-GMT  BuildTime: Aug  4 2022 06:17:15  BuildStamp: freesurfer-linux-ubuntu22_x86_64-7.3.2-20220804-6354275  User: oesteban  Machine: dna067  Platform: Linux  PlatformVersion: 5.14.0-427.37.1.el9_4.x86_64  CompilerName: GCC  CompilerVersion: 8.4.0
ProgramName: mri_surf2surf  ProgramArguments: mri_surf2surf -all-info  ProgramVersion: 7.3.2  TimeStamp: 2026/03/15-07:11:36-GMT  BuildTime: Aug  4 2022 06:17:15  BuildStamp: freesurfer-linux-ubuntu22_x86_64-7.3.2-20220804-6354275  User: oesteban  Machine: dna067  Platform: Linux  PlatformVersion: 5.14.0-427.37.1.el9_4.x86_64  CompilerName: GCC  CompilerVersion: 8.4.0
ProgramName: mri_surf2vol  ProgramArguments: mri_surf2vol -all-info  ProgramVersion: 7.3.2  TimeStamp: 2026/03/15-07:11:36-GMT  BuildTime: Aug  4 2022 06:17:15  BuildStamp: freesurfer-linux-ubuntu22_x86_64-7.3.2-20220804-6354275  User: oesteban  Machine: dna067  Platform: Linux  PlatformVersion: 5.14.0-427.37.1.el9_4.x86_64  CompilerName: GCC  CompilerVersion: 8.4.0
ProgramName: mri_surfcluster  ProgramArguments: mri_surfcluster -all-info  ProgramVersion: 7.3.2  TimeStamp: 2026/03/15-07:11:36-GMT  BuildTime: Aug  4 2022 06:17:15  BuildStamp: freesurfer-linux-ubuntu22_x86_64-7.3.2-20220804-6354275  User: oesteban  Machine: dna067  Platform: Linux  PlatformVersion: 5.14.0-427.37.1.el9_4.x86_64  CompilerName: GCC  CompilerVersion: 8.4.0
ProgramName: mris_volmask  ProgramArguments: mris_volmask -all-info  ProgramVersion: 7.3.2  TimeStamp: 2026/03/15-07:11:36-GMT  BuildTime: Aug  4 2022 06:17:15  BuildStamp: freesurfer-linux-ubuntu22_x86_64-7.3.2-20220804-6354275  User: oesteban  Machine: dna067  Platform: Linux  PlatformVersion: 5.14.0-427.37.1.el9_4.x86_64  CompilerName: GCC  CompilerVersion: 8.4.0
ProgramName: mri_tessellate  ProgramArguments: mri_tessellate -all-info  ProgramVersion: 7.3.2  TimeStamp: 2026/03/15-07:11:36-GMT  BuildTime: Aug  4 2022 06:17:15  BuildStamp: freesurfer-linux-ubuntu22_x86_64-7.3.2-20220804-6354275  User: oesteban  Machine: dna067  Platform: Linux  PlatformVersion: 5.14.0-427.37.1.el9_4.x86_64  CompilerName: GCC  CompilerVersion: 8.4.0
ProgramName: mri_vol2surf  ProgramArguments: mri_vol2surf -all-info  ProgramVersion: 7.3.2  TimeStamp: 2026/03/15-07:11:36-GMT  BuildTime: Aug  4 2022 06:17:15  BuildStamp: freesurfer-linux-ubuntu22_x86_64-7.3.2-20220804-6354275  User: oesteban  Machine: dna067  Platform: Linux  PlatformVersion: 5.14.0-427.37.1.el9_4.x86_64  CompilerName: GCC  CompilerVersion: 8.4.0
ProgramName: mri_vol2vol  ProgramArguments: mri_vol2vol -all-info  ProgramVersion: 7.3.2  TimeStamp: 2026/03/15-07:11:36-GMT  BuildTime: Aug  4 2022 06:17:15  BuildStamp: freesurfer-linux-ubuntu22_x86_64-7.3.2-20220804-6354275  User: oesteban  Machine: dna067  Platform: Linux  PlatformVersion: 5.14.0-427.37.1.el9_4.x86_64  CompilerName: GCC  CompilerVersion: 8.4.0
ProgramName: mri_voldiff  ProgramArguments: mri_voldiff -all-info  ProgramVersion: 7.3.2  TimeStamp: 2026/03/15-07:11:36-GMT  BuildTime: Aug  4 2022 06:17:15  BuildStamp: freesurfer-linux-ubuntu22_x86_64-7.3.2-20220804-6354275  User: oesteban  Machine: dna067  Platform: Linux  PlatformVersion: 5.14.0-427.37.1.el9_4.x86_64  CompilerName: GCC  CompilerVersion: 8.4.0
ProgramName: mri_watershed  ProgramArguments: mri_watershed -all-info  ProgramVersion: 7.3.2  TimeStamp: 2026/03/15-07:11:36-GMT  BuildTime: Aug  4 2022 06:17:15  BuildStamp: freesurfer-linux-ubuntu22_x86_64-7.3.2-20220804-6354275  User: oesteban  Machine: dna067  Platform: Linux  PlatformVersion: 5.14.0-427.37.1.el9_4.x86_64  CompilerName: GCC  CompilerVersion: 8.4.0
ProgramName: tkregister2  ProgramArguments: tkregister2_cmdl -all-info  ProgramVersion: 7.3.2  TimeStamp: 2026/03/15-07:11:36-GMT  BuildTime: Aug  4 2022 06:17:15  BuildStamp: freesurfer-linux-ubuntu22_x86_64-7.3.2-20220804-6354275  User: oesteban  Machine: dna067  Platform: Linux  PlatformVersion: 5.14.0-427.37.1.el9_4.x86_64  CompilerName: GCC  CompilerVersion: 8.4.0
mri_motion_correct.fsl 7.3.2
mri_convert -all-info 
ProgramName: mri_convert  ProgramArguments: mri_convert -all-info  ProgramVersion: 7.3.2  TimeStamp: 2026/03/15-07:11:36-GMT  BuildTime: Aug  4 2022 06:17:15  BuildStamp: freesurfer-linux-ubuntu22_x86_64-7.3.2-20220804-6354275  User: oesteban  Machine: dna067  Platform: Linux  PlatformVersion: 5.14.0-427.37.1.el9_4.x86_64  CompilerName: GCC  CompilerVersion: 8.4.0
Program nu_correct, built from:
Package MNI N3, version 1.12.0, compiled by nicks@terrier (x86_64-unknown-linux-gnu) on 2015-06-19 at 01:25:34
#######################################
GCADIR /opt/freesurfer/average
GCA RB_all_2020-01-02.gca
GCASkull RB_all_withskull_2020_01_02.gca
AvgCurvTif folding.atlas.acfb40.noaparc.i12.2016-08-02.tif
GCSDIR /opt/freesurfer/average
GCS DKaparc.atlas.acfb40.noaparc.i12.2016-08-02.gcs
#######################################
/out/sourcedata/freesurfer/sub-v2s10x28930_ses-1

 mri_convert /work/fmriprep_25_2_wf/sub_v2s10x28930_ses_1_wf/anat_fit_wf/anat_validate/sub-v2s10x28930_ses-1_run-1_T1w_noise_corrected_ras_valid.nii.gz /out/sourcedata/freesurfer/sub-v2s10x28930_ses-1/mri/orig/001.mgz 

mri_convert /work/fmriprep_25_2_wf/sub_v2s10x28930_ses_1_wf/anat_fit_wf/anat_validate/sub-v2s10x28930_ses-1_run-1_T1w_noise_corrected_ras_valid.nii.gz /out/sourcedata/freesurfer/sub-v2s10x28930_ses-1/mri/orig/001.mgz 
reading from /work/fmriprep_25_2_wf/sub_v2s10x28930_ses_1_wf/anat_fit_wf/anat_validate/sub-v2s10x28930_ses-1_run-1_T1w_noise_corrected_ras_valid.nii.gz...
TR=0.00, TE=0.00, TI=0.00, flip angle=0.00
i_ras = (0.999724, 0.0174502, 0.0157073)
j_ras = (-0.0174524, 0.999848, 4.58104e-08)
k_ras = (-0.0157049, -0.000274176, 0.999877)
writing to /out/sourcedata/freesurfer/sub-v2s10x28930_ses-1/mri/orig/001.mgz...
#--------------------------------------------
#@# MotionCor Sun Mar 15 08:11:38 CET 2026
Found 1 runs
/out/sourcedata/freesurfer/sub-v2s10x28930_ses-1/mri/orig/001.mgz
Checking for (invalid) multi-frame inputs...
Only one run found so motion
correction will not be performed. I'll
copy the run to rawavg and continue.

 cp /out/sourcedata/freesurfer/sub-v2s10x28930_ses-1/mri/orig/001.mgz /out/sourcedata/freesurfer/sub-v2s10x28930_ses-1/mri/rawavg.mgz 


 mri_info /out/sourcedata/freesurfer/sub-v2s10x28930_ses-1/mri/rawavg.mgz 

rawavg.mgz ========================================
Volume information for /out/sourcedata/freesurfer/sub-v2s10x28930_ses-1/mri/rawavg.mgz
          type: MGH
    dimensions: 160 x 240 x 256
   voxel sizes: 1.000000, 1.000000, 1.000000
          type: FLOAT (3)
           fov: 256.000
           dof: 1
        xstart: -80.0, xend: 80.0
        ystart: -120.0, yend: 120.0
        zstart: -128.0, zend: 128.0
            TR: 0.00 msec, TE: 0.00 msec, TI: 0.00 msec, flip angle: 0.00 degrees
       nframes: 1
       PhEncDir: UNKNOWN
       FieldStrength: 0.000000
ras xform present
    xform info: x_r =   0.9997, y_r =  -0.0175, z_r =  -0.0157, c_r =     1.9375
              : x_a =   0.0175, y_a =   0.9998, z_a =  -0.0003, c_a =    26.0580
              : x_s =   0.0157, y_s =   0.0000, z_s =   0.9999, c_s =    -7.4393

talairach xfm : 
Orientation   : RAS
Primary Slice Direction: axial

voxel to ras transform:
                0.9997  -0.0175  -0.0157   -73.9360
                0.0175   0.9998  -0.0003   -95.2846
                0.0157   0.0000   0.9999  -136.6801
                0.0000   0.0000   0.0000     1.0000

voxel-to-ras determinant 1

ras to voxel transform:
                0.9997   0.0175   0.0157    77.7252
               -0.0175   0.9998   0.0000    93.9797
               -0.0157  -0.0003   0.9999   135.4760
                0.0000   0.0000   0.0000     1.0000
/out/sourcedata/freesurfer/sub-v2s10x28930_ses-1

 mri_convert /out/sourcedata/freesurfer/sub-v2s10x28930_ses-1/mri/rawavg.mgz /out/sourcedata/freesurfer/sub-v2s10x28930_ses-1/mri/orig.mgz --conform 

mri_convert /out/sourcedata/freesurfer/sub-v2s10x28930_ses-1/mri/rawavg.mgz /out/sourcedata/freesurfer/sub-v2s10x28930_ses-1/mri/orig.mgz --conform 
reading from /out/sourcedata/freesurfer/sub-v2s10x28930_ses-1/mri/rawavg.mgz...
TR=0.00, TE=0.00, TI=0.00, flip angle=0.00
i_ras = (0.999724, 0.0174502, 0.0157073)
j_ras = (-0.0174524, 0.999848, 4.58104e-08)
k_ras = (-0.0157049, -0.000274176, 0.999877)
changing data type from float to uchar (noscale = 0)...
MRIchangeType: Building histogram -0.000591806 1833.45 1000, flo=0, fhi=0.999, dest_type=0
Reslicing using trilinear interpolation 
writing to /out/sourcedata/freesurfer/sub-v2s10x28930_ses-1/mri/orig.mgz...

 mri_add_xform_to_header -c /out/sourcedata/freesurfer/sub-v2s10x28930_ses-1/mri/transforms/talairach.xfm /out/sourcedata/freesurfer/sub-v2s10x28930_ses-1/mri/orig.mgz /out/sourcedata/freesurfer/sub-v2s10x28930_ses-1/mri/orig.mgz 

INFO: extension is mgz

 mri_info /out/sourcedata/freesurfer/sub-v2s10x28930_ses-1/mri/orig.mgz 

orig.mgz ========================================
Volume information for /out/sourcedata/freesurfer/sub-v2s10x28930_ses-1/mri/orig.mgz
          type: MGH
    dimensions: 256 x 256 x 256
   voxel sizes: 1.000000, 1.000000, 1.000000
          type: UCHAR (0)
           fov: 256.000
           dof: 1
        xstart: -128.0, xend: 128.0
        ystart: -128.0, yend: 128.0
        zstart: -128.0, zend: 128.0
            TR: 0.00 msec, TE: 0.00 msec, TI: 0.00 msec, flip angle: 0.00 degrees
       nframes: 1
       PhEncDir: UNKNOWN
       FieldStrength: 0.000000
ras xform present
    xform info: x_r =  -1.0000, y_r =   0.0000, z_r =  -0.0000, c_r =     1.9375
              : x_a =   0.0000, y_a =   0.0000, z_a =   1.0000, c_a =    26.0581
              : x_s =   0.0000, y_s =  -1.0000, z_s =   0.0000, c_s =    -7.4393

talairach xfm : /out/sourcedata/freesurfer/sub-v2s10x28930_ses-1/mri/transforms/talairach.xfm
Orientation   : LIA
Primary Slice Direction: coronal

voxel to ras transform:
               -1.0000   0.0000  -0.0000   129.9375
                0.0000   0.0000   1.0000  -101.9420
                0.0000  -1.0000   0.0000   120.5607
                0.0000   0.0000   0.0000     1.0000

voxel-to-ras determinant -1

ras to voxel transform:
               -1.0000  -0.0000  -0.0000   129.9375
               -0.0000  -0.0000  -1.0000   120.5607
                0.0000   1.0000  -0.0000   101.9419
               -0.0000  -0.0000  -0.0000     1.0000
#--------------------------------------------
#@# Talairach Sun Mar 15 08:11:44 CET 2026
/out/sourcedata/freesurfer/sub-v2s10x28930_ses-1/mri

 mri_nu_correct.mni --no-rescale --i orig.mgz --o orig_nu.mgz --ants-n4 --n 1 --proto-iters 1000 --distance 50 

/usr/bin/bc
/out/sourcedata/freesurfer/sub-v2s10x28930_ses-1/mri
/opt/freesurfer/bin/mri_nu_correct.mni
--no-rescale --i orig.mgz --o orig_nu.mgz --ants-n4 --n 1 --proto-iters 1000 --distance 50
nIters 1
mri_nu_correct.mni 7.3.2
Linux dna067 5.14.0-427.37.1.el9_4.x86_64 #1 SMP PREEMPT_DYNAMIC Fri Sep 13 12:41:50 EDT 2024 x86_64 x86_64 x86_64 GNU/Linux
Sun Mar 15 08:11:44 CET 2026
tmpdir is ./tmp.mri_nu_correct.mni.3127650
cd /out/sourcedata/freesurfer/sub-v2s10x28930_ses-1/mri
AntsN4BiasFieldCorrectionFs -i orig.mgz -o ./tmp.mri_nu_correct.mni.3127650/nu0.mgz --dtype uchar
AntsN4BiasFieldCorrectionFs done
mri_convert ./tmp.mri_nu_correct.mni.3127650/nu0.mgz orig_nu.mgz --like orig.mgz --conform
mri_convert ./tmp.mri_nu_correct.mni.3127650/nu0.mgz orig_nu.mgz --like orig.mgz --conform 
reading from ./tmp.mri_nu_correct.mni.3127650/nu0.mgz...
TR=0.00, TE=0.00, TI=0.00, flip angle=0.00
i_ras = (-1, 5.12955e-10, 0)
j_ras = (0, 0, -1)
k_ras = (-2.3756e-09, 1, 0)
INFO: transform src into the like-volume: orig.mgz
writing to orig_nu.mgz...
 
 
Sun Mar 15 08:14:17 CET 2026
mri_nu_correct.mni done

 talairach_avi --i orig_nu.mgz --xfm transforms/talairach.auto.xfm 

talairach_avi log file is transforms/talairach_avi.log...
mv -f /out/sourcedata/freesurfer/sub-v2s10x28930_ses-1/mri/talsrcimg_to_711-2C_as_mni_average_305_t4_vox2vox.txt /out/sourcedata/freesurfer/sub-v2s10x28930_ses-1/mri/transforms/talsrcimg_to_711-2C_as_mni_average_305_t4_vox2vox.txt
Started at Sun Mar 15 08:14:17 CET 2026
Ended   at Sun Mar 15 08:14:31 CET 2026
talairach_avi done

 cp transforms/talairach.auto.xfm transforms/talairach.xfm 

lta_convert --src orig.mgz --trg /opt/freesurfer/average/mni305.cor.mgz --inxfm transforms/talairach.xfm --outlta transforms/talairach.xfm.lta --subject fsaverage --ltavox2vox
7.3.2

--src: orig.mgz src image (geometry).
--trg: /opt/freesurfer/average/mni305.cor.mgz trg image (geometry).
--inmni: transforms/talairach.xfm input MNI/XFM transform.
--outlta: transforms/talairach.xfm.lta output LTA.
--s: fsaverage subject name
--ltavox2vox: output LTA as VOX_TO_VOX transform.
 LTA read, type : 1
 0.97713   0.03333  -0.04820   0.56211;
-0.02859   1.09137   0.23520  -40.01746;
 0.04158  -0.25916   1.07948  -22.20828;
 0.00000   0.00000   0.00000   1.00000;
setting subject to fsaverage
Writing  LTA to file transforms/talairach.xfm.lta...
lta_convert successful.
#--------------------------------------------
#@# Talairach Failure Detection Sun Mar 15 08:14:33 CET 2026
/out/sourcedata/freesurfer/sub-v2s10x28930_ses-1/mri

 talairach_afd -T 0.005 -xfm transforms/talairach.xfm 

talairach_afd: Talairach Transform: transforms/talairach.xfm OK (p=0.7377, pval=0.6675 >= threshold=0.0050)

 awk -f /opt/freesurfer/bin/extract_talairach_avi_QA.awk /out/sourcedata/freesurfer/sub-v2s10x28930_ses-1/mri/transforms/talairach_avi.log 


 tal_QC_AZS /out/sourcedata/freesurfer/sub-v2s10x28930_ses-1/mri/transforms/talairach_avi.log 

TalAviQA: 0.97599
z-score: 0
#--------------------------------------------
#@# Nu Intensity Correction Sun Mar 15 08:14:33 CET 2026

 mri_nu_correct.mni --i orig.mgz --o nu.mgz --uchar transforms/talairach.xfm --n 2 --ants-n4 

/usr/bin/bc
/out/sourcedata/freesurfer/sub-v2s10x28930_ses-1/mri
/opt/freesurfer/bin/mri_nu_correct.mni
--i orig.mgz --o nu.mgz --uchar transforms/talairach.xfm --n 2 --ants-n4
nIters 2
mri_nu_correct.mni 7.3.2
Linux dna067 5.14.0-427.37.1.el9_4.x86_64 #1 SMP PREEMPT_DYNAMIC Fri Sep 13 12:41:50 EDT 2024 x86_64 x86_64 x86_64 GNU/Linux
Sun Mar 15 08:14:33 CET 2026
tmpdir is ./tmp.mri_nu_correct.mni.3128315
cd /out/sourcedata/freesurfer/sub-v2s10x28930_ses-1/mri
AntsN4BiasFieldCorrectionFs -i orig.mgz -o ./tmp.mri_nu_correct.mni.3128315/nu0.mgz --dtype uchar
AntsN4BiasFieldCorrectionFs done
mri_binarize --i ./tmp.mri_nu_correct.mni.3128315/nu0.mgz --min -1 --o ./tmp.mri_nu_correct.mni.3128315/ones.mgz

7.3.2
cwd /out/sourcedata/freesurfer/sub-v2s10x28930_ses-1/mri
cmdline mri_binarize --i ./tmp.mri_nu_correct.mni.3128315/nu0.mgz --min -1 --o ./tmp.mri_nu_correct.mni.3128315/ones.mgz 
sysname  Linux
hostname dna067
machine  x86_64
user     oesteban

input      ./tmp.mri_nu_correct.mni.3128315/nu0.mgz
frame      0
nErode3d   0
nErode2d   0
output     ./tmp.mri_nu_correct.mni.3128315/ones.mgz
Binarizing based on threshold
min        -1
max        +infinity
binval        1
binvalnot     0
fstart = 0, fend = 0, nframes = 1
Starting parallel 1
Found 16777216 values in range
Counting number of voxels in first frame
Found 16777215 voxels in final mask
Writing output to ./tmp.mri_nu_correct.mni.3128315/ones.mgz
Count: 16777215 16777215.000000 16777216 99.999994
mri_binarize done
mri_segstats --id 1 --seg ./tmp.mri_nu_correct.mni.3128315/ones.mgz --i orig.mgz --sum ./tmp.mri_nu_correct.mni.3128315/sum.junk --avgwf ./tmp.mri_nu_correct.mni.3128315/input.mean.dat

7.3.2
cwd 
cmdline mri_segstats --id 1 --seg ./tmp.mri_nu_correct.mni.3128315/ones.mgz --i orig.mgz --sum ./tmp.mri_nu_correct.mni.3128315/sum.junk --avgwf ./tmp.mri_nu_correct.mni.3128315/input.mean.dat 
sysname  Linux
hostname dna067
machine  x86_64
user     oesteban
whitesurfname  white
UseRobust  0
Loading ./tmp.mri_nu_correct.mni.3128315/ones.mgz
Loading orig.mgz
Voxel Volume is 1 mm^3
Generating list of segmentation ids
Found   1 segmentations
Computing statistics for each segmentation

Reporting on   1 segmentations
Using PrintSegStat
Computing spatial average of each frame

Writing to ./tmp.mri_nu_correct.mni.3128315/input.mean.dat
mri_segstats done
mri_segstats --id 1 --seg ./tmp.mri_nu_correct.mni.3128315/ones.mgz --i ./tmp.mri_nu_correct.mni.3128315/nu0.mgz --sum ./tmp.mri_nu_correct.mni.3128315/sum.junk --avgwf ./tmp.mri_nu_correct.mni.3128315/output.mean.dat

7.3.2
cwd 
cmdline mri_segstats --id 1 --seg ./tmp.mri_nu_correct.mni.3128315/ones.mgz --i ./tmp.mri_nu_correct.mni.3128315/nu0.mgz --sum ./tmp.mri_nu_correct.mni.3128315/sum.junk --avgwf ./tmp.mri_nu_correct.mni.3128315/output.mean.dat 
sysname  Linux
hostname dna067
machine  x86_64
user     oesteban
whitesurfname  white
UseRobust  0
Loading ./tmp.mri_nu_correct.mni.3128315/ones.mgz
Loading ./tmp.mri_nu_correct.mni.3128315/nu0.mgz
Voxel Volume is 1 mm^3
Generating list of segmentation ids
Found   1 segmentations
Computing statistics for each segmentation

Reporting on   1 segmentations
Using PrintSegStat
Computing spatial average of each frame

Writing to ./tmp.mri_nu_correct.mni.3128315/output.mean.dat
mri_segstats done
mris_calc -o ./tmp.mri_nu_correct.mni.3128315/nu0.mgz ./tmp.mri_nu_correct.mni.3128315/nu0.mgz mul 1.27675550397587034266
Saving result to './tmp.mri_nu_correct.mni.3128315/nu0.mgz' (type = MGH )                       [ ok ]
mri_convert ./tmp.mri_nu_correct.mni.3128315/nu0.mgz nu.mgz --like orig.mgz
mri_convert ./tmp.mri_nu_correct.mni.3128315/nu0.mgz nu.mgz --like orig.mgz 
reading from ./tmp.mri_nu_correct.mni.3128315/nu0.mgz...
TR=0.00, TE=0.00, TI=0.00, flip angle=0.00
i_ras = (-1, 5.12955e-10, 0)
j_ras = (0, 0, -1)
k_ras = (-2.3756e-09, 1, 0)
INFO: transform src into the like-volume: orig.mgz
writing to nu.mgz...
mri_make_uchar nu.mgz transforms/talairach.xfm nu.mgz
type change took 0 minutes and 3 seconds.
FIRST_PERCENTILE 0.010000
WM_PERCENTILE    0.900000
MAX_R 50.000000
i1 = 11, i2 = 60
#mri_make_uchar# mapping 13 73 to  3 110  :  b -21.5714 m 1.80911 : thresh 11.9238 maxsat 152.877 : nzero 12124381 nsat 21876
 
 
Sun Mar 15 08:17:17 CET 2026
mri_nu_correct.mni done

 mri_add_xform_to_header -c /out/sourcedata/freesurfer/sub-v2s10x28930_ses-1/mri/transforms/talairach.xfm nu.mgz nu.mgz 

INFO: extension is mgz
#--------------------------------------------
#@# Intensity Normalization Sun Mar 15 08:17:18 CET 2026
/out/sourcedata/freesurfer/sub-v2s10x28930_ses-1/mri

 mri_normalize -g 1 -seed 1234 -mprage nu.mgz T1.mgz 

using max gradient = 1.000
setting seed for random number genererator to 1234
assuming input volume is MGH (Van der Kouwe) MP-RAGE
reading mri_src from nu.mgz...
normalizing image...
NOT doing gentle normalization with control points/label
talairach transform
 0.97713   0.03333  -0.04820   0.56211;
-0.02859   1.09137   0.23520  -40.01746;
 0.04158  -0.25916   1.07948  -22.20828;
 0.00000   0.00000   0.00000   1.00000;
processing without aseg, no1d=0
MRInormInit(): 
INFO: Modifying talairach volume c_(r,a,s) based on average_305
MRInormalize(): 
MRIsplineNormalize(): npeaks = 17
Starting OpenSpline(): npoints = 17
building Voronoi diagram...
performing soap bubble smoothing, sigma = 8...

Iterating 2 times
---------------------------------
3d normalization pass 1 of 2
white matter peak found at 110
white matter peak found at 110
gm peak at 66 (66), valley at 54 (54)
csf peak at 13, setting threshold to 48
building Voronoi diagram...
performing soap bubble smoothing, sigma = 8...
---------------------------------
3d normalization pass 2 of 2
white matter peak found at 110
white matter peak found at 110
gm peak at 68 (68), valley at 50 (50)
csf peak at 13, setting threshold to 49
building Voronoi diagram...
performing soap bubble smoothing, sigma = 8...
Done iterating ---------------------------------
writing output to T1.mgz
3D bias adjustment took 1 minutes and 10 seconds.

Started at Sun Mar 15 08:11:35 CET 2026 
Ended   at Sun Mar 15 08:18:28 CET 2026
#@#%# recon-all-run-time-hours 0.115
recon-all -s sub-v2s10x28930_ses-1 finished without error at Sun Mar 15 08:18:28 CET 2026



#New# invocation of recon-all 




Sun Mar 15 08:23:51 CET 2026
cd /out/sourcedata/freesurfer/sub-v2s10x28930_ses-1
setenv SUBJECTS_DIR /out/sourcedata/freesurfer
/opt/freesurfer/bin/recon-all -openmp 16 -subjid sub-v2s10x28930_ses-1 -sd /out/sourcedata/freesurfer -gcareg

subjid sub-v2s10x28930_ses-1
setenv SUBJECTS_DIR /out/sourcedata/freesurfer
FREESURFER_HOME /opt/freesurfer
Actual FREESURFER_HOME /opt/freesurfer
build-stamp.txt: freesurfer-linux-ubuntu22_x86_64-7.3.2-20220804-6354275
Linux dna067 5.14.0-427.37.1.el9_4.x86_64 #1 SMP PREEMPT_DYNAMIC Fri Sep 13 12:41:50 EDT 2024 x86_64 x86_64 x86_64 GNU/Linux
cputime      unlimited
filesize     unlimited
datasize     unlimited
stacksize    8192 kbytes
coredumpsize 0 kbytes
memoryuse    67108864 kbytes
vmemoryuse   unlimited
descriptors  1024 
memorylocked unlimited
maxproc      2061970 
maxlocks     unlimited
maxsignal    2062029 
maxmessage   819200 
maxnice      0 
maxrtprio    0 
maxrttime    unlimited

               total        used        free      shared  buff/cache   available
Mem:           503Gi        68Gi       253Gi        26Gi       180Gi       404Gi
Swap:             0B          0B          0B

########################################
program versions used
7.3.2 (freesurfer-linux-ubuntu22_x86_64-7.3.2-20220804-6354275)
7.3.2

ProgramName: lta_convert  ProgramArguments: lta_convert -all-info  ProgramVersion: 7.3.2  TimeStamp: 2026/03/15-07:23:51-GMT  BuildTime: Aug  4 2022 06:17:15  BuildStamp: freesurfer-linux-ubuntu22_x86_64-7.3.2-20220804-6354275  User: oesteban  Machine: dna067  Platform: Linux  PlatformVersion: 5.14.0-427.37.1.el9_4.x86_64  CompilerName: GCC  CompilerVersion: 8.4.0
ProgramName: mri_and  ProgramArguments: mri_and -all-info  ProgramVersion: 7.3.2  TimeStamp: 2026/03/15-07:23:51-GMT  BuildTime: Aug  4 2022 06:17:15  BuildStamp: freesurfer-linux-ubuntu22_x86_64-7.3.2-20220804-6354275  User: oesteban  Machine: dna067  Platform: Linux  PlatformVersion: 5.14.0-427.37.1.el9_4.x86_64  CompilerName: GCC  CompilerVersion: 8.4.0
ProgramName: mri_annotation2label  ProgramArguments: mri_annotation2label -all-info  ProgramVersion: 7.3.2  TimeStamp: 2026/03/15-07:23:51-GMT  BuildTime: Aug  4 2022 06:17:15  BuildStamp: freesurfer-linux-ubuntu22_x86_64-7.3.2-20220804-6354275  User: oesteban  Machine: dna067  Platform: Linux  PlatformVersion: 5.14.0-427.37.1.el9_4.x86_64  CompilerName: GCC  CompilerVersion: 8.4.0
ProgramName: mri_aparc2aseg  ProgramArguments: mri_aparc2aseg -all-info  ProgramVersion: 7.3.2  TimeStamp: 2026/03/15-07:23:51-GMT  BuildTime: Aug  4 2022 06:17:15  BuildStamp: freesurfer-linux-ubuntu22_x86_64-7.3.2-20220804-6354275  User: oesteban  Machine: dna067  Platform: Linux  PlatformVersion: 5.14.0-427.37.1.el9_4.x86_64  CompilerName: GCC  CompilerVersion: 8.4.0
ProgramName: mri_surf2volseg  ProgramArguments: mri_surf2volseg -all-info  ProgramVersion: 7.3.2  TimeStamp: 2026/03/15-07:23:51-GMT  BuildTime: Aug  4 2022 06:17:15  BuildStamp: freesurfer-linux-ubuntu22_x86_64-7.3.2-20220804-6354275  User: oesteban  Machine: dna067  Platform: Linux  PlatformVersion: 5.14.0-427.37.1.el9_4.x86_64  CompilerName: GCC  CompilerVersion: 8.4.0
ProgramName: mri_binarize  ProgramArguments: mri_binarize -all-info  ProgramVersion: 7.3.2  TimeStamp: 2026/03/15-07:23:51-GMT  BuildTime: Aug  4 2022 06:17:15  BuildStamp: freesurfer-linux-ubuntu22_x86_64-7.3.2-20220804-6354275  User: oesteban  Machine: dna067  Platform: Linux  PlatformVersion: 5.14.0-427.37.1.el9_4.x86_64  CompilerName: GCC  CompilerVersion: 8.4.0
ProgramName: mri_ca_label  ProgramArguments: mri_ca_label -all-info  ProgramVersion: 7.3.2  TimeStamp: 2026/03/15-07:23:51-GMT  BuildTime: Aug  4 2022 06:17:15  BuildStamp: freesurfer-linux-ubuntu22_x86_64-7.3.2-20220804-6354275  User: oesteban  Machine: dna067  Platform: Linux  PlatformVersion: 5.14.0-427.37.1.el9_4.x86_64  CompilerName: GCC  CompilerVersion: 8.4.0
ProgramName: mri_ca_normalize  ProgramArguments: mri_ca_normalize -all-info  ProgramVersion: 7.3.2  TimeStamp: 2026/03/15-07:23:51-GMT  BuildTime: Aug  4 2022 06:17:15  BuildStamp: freesurfer-linux-ubuntu22_x86_64-7.3.2-20220804-6354275  User: oesteban  Machine: dna067  Platform: Linux  PlatformVersion: 5.14.0-427.37.1.el9_4.x86_64  CompilerName: GCC  CompilerVersion: 8.4.0
ProgramName: mri_ca_register  ProgramArguments: mri_ca_register -all-info  ProgramVersion: 7.3.2  TimeStamp: 2026/03/15-07:23:51-GMT  BuildTime: Aug  4 2022 06:17:15  BuildStamp: freesurfer-linux-ubuntu22_x86_64-7.3.2-20220804-6354275  User: oesteban  Machine: dna067  Platform: Linux  PlatformVersion: 5.14.0-427.37.1.el9_4.x86_64  CompilerName: GCC  CompilerVersion: 8.4.0
ProgramName: mri_cc  ProgramArguments: mri_cc -all-info  ProgramVersion: 7.3.2  TimeStamp: 2026/03/15-07:23:51-GMT  BuildTime: Aug  4 2022 06:17:15  BuildStamp: freesurfer-linux-ubuntu22_x86_64-7.3.2-20220804-6354275  User: oesteban  Machine: dna067  Platform: Linux  PlatformVersion: 5.14.0-427.37.1.el9_4.x86_64  CompilerName: GCC  CompilerVersion: 8.4.0
ProgramName: mri_compute_overlap  ProgramArguments: mri_compute_overlap -all-info  ProgramVersion: 7.3.2  TimeStamp: 2026/03/15-07:23:51-GMT  BuildTime: Aug  4 2022 06:17:15  BuildStamp: freesurfer-linux-ubuntu22_x86_64-7.3.2-20220804-6354275  User: oesteban  Machine: dna067  Platform: Linux  PlatformVersion: 5.14.0-427.37.1.el9_4.x86_64  CompilerName: GCC  CompilerVersion: 8.4.0
ProgramName: mri_compute_seg_overlap  ProgramArguments: mri_compute_seg_overlap -all-info  ProgramVersion: 7.3.2  TimeStamp: 2026/03/15-07:23:51-GMT  BuildTime: Aug  4 2022 06:17:15  BuildStamp: freesurfer-linux-ubuntu22_x86_64-7.3.2-20220804-6354275  User: oesteban  Machine: dna067  Platform: Linux  PlatformVersion: 5.14.0-427.37.1.el9_4.x86_64  CompilerName: GCC  CompilerVersion: 8.4.0
ProgramName: mri_concat  ProgramArguments: mri_concat -all-info  ProgramVersion: 7.3.2  TimeStamp: 2026/03/15-07:23:51-GMT  BuildTime: Aug  4 2022 06:17:15  BuildStamp: freesurfer-linux-ubuntu22_x86_64-7.3.2-20220804-6354275  User: oesteban  Machine: dna067  Platform: Linux  PlatformVersion: 5.14.0-427.37.1.el9_4.x86_64  CompilerName: GCC  CompilerVersion: 8.4.0
ProgramName: mri_concatenate_lta  ProgramArguments: mri_concatenate_lta -all-info  ProgramVersion: 7.3.2  TimeStamp: 2026/03/15-07:23:51-GMT  BuildTime: Aug  4 2022 06:17:15  BuildStamp: freesurfer-linux-ubuntu22_x86_64-7.3.2-20220804-6354275  User: oesteban  Machine: dna067  Platform: Linux  PlatformVersion: 5.14.0-427.37.1.el9_4.x86_64  CompilerName: GCC  CompilerVersion: 8.4.0
mri_convert -all-info 
ProgramName: mri_convert  ProgramArguments: mri_convert -all-info  ProgramVersion: 7.3.2  TimeStamp: 2026/03/15-07:23:51-GMT  BuildTime: Aug  4 2022 06:17:15  BuildStamp: freesurfer-linux-ubuntu22_x86_64-7.3.2-20220804-6354275  User: oesteban  Machine: dna067  Platform: Linux  PlatformVersion: 5.14.0-427.37.1.el9_4.x86_64  CompilerName: GCC  CompilerVersion: 8.4.0
ProgramName: mri_diff  ProgramArguments: mri_diff -all-info  ProgramVersion: 7.3.2  TimeStamp: 2026/03/15-07:23:51-GMT  BuildTime: Aug  4 2022 06:17:15  BuildStamp: freesurfer-linux-ubuntu22_x86_64-7.3.2-20220804-6354275  User: oesteban  Machine: dna067  Platform: Linux  PlatformVersion: 5.14.0-427.37.1.el9_4.x86_64  CompilerName: GCC  CompilerVersion: 8.4.0
ProgramName: mri_edit_wm_with_aseg  ProgramArguments: mri_edit_wm_with_aseg -all-info  ProgramVersion: 7.3.2  TimeStamp: 2026/03/15-07:23:51-GMT  BuildTime: Aug  4 2022 06:17:15  BuildStamp: freesurfer-linux-ubuntu22_x86_64-7.3.2-20220804-6354275  User: oesteban  Machine: dna067  Platform: Linux  PlatformVersion: 5.14.0-427.37.1.el9_4.x86_64  CompilerName: GCC  CompilerVersion: 8.4.0
ProgramName: mri_em_register  ProgramArguments: mri_em_register -all-info  ProgramVersion: 7.3.2  TimeStamp: 2026/03/15-07:23:51-GMT  BuildTime: Aug  4 2022 06:17:15  BuildStamp: freesurfer-linux-ubuntu22_x86_64-7.3.2-20220804-6354275  User: oesteban  Machine: dna067  Platform: Linux  PlatformVersion: 5.14.0-427.37.1.el9_4.x86_64  CompilerName: GCC  CompilerVersion: 8.4.0
ProgramName: mri_fill  ProgramArguments: mri_fill -all-info  ProgramVersion: 7.3.2  TimeStamp: 2026/03/15-07:23:51-GMT  BuildTime: Aug  4 2022 06:17:15  BuildStamp: freesurfer-linux-ubuntu22_x86_64-7.3.2-20220804-6354275  User: oesteban  Machine: dna067  Platform: Linux  PlatformVersion: 5.14.0-427.37.1.el9_4.x86_64  CompilerName: GCC  CompilerVersion: 8.4.0
ProgramName: mri_fuse_segmentations  ProgramArguments: mri_fuse_segmentations -all-info  ProgramVersion: 7.3.2  TimeStamp: 2026/03/15-07:23:51-GMT  BuildTime: Aug  4 2022 06:17:15  BuildStamp: freesurfer-linux-ubuntu22_x86_64-7.3.2-20220804-6354275  User: oesteban  Machine: dna067  Platform: Linux  PlatformVersion: 5.14.0-427.37.1.el9_4.x86_64  CompilerName: GCC  CompilerVersion: 8.4.0
ProgramName: mri_fwhm  ProgramArguments: mri_fwhm -all-info  ProgramVersion: 7.3.2  TimeStamp: 2026/03/15-07:23:51-GMT  BuildTime: Aug  4 2022 06:17:15  BuildStamp: freesurfer-linux-ubuntu22_x86_64-7.3.2-20220804-6354275  User: oesteban  Machine: dna067  Platform: Linux  PlatformVersion: 5.14.0-427.37.1.el9_4.x86_64  CompilerName: GCC  CompilerVersion: 8.4.0
ProgramName: mri_gcut  ProgramArguments: mri_gcut -all-info  ProgramVersion: 7.3.2  TimeStamp: 2026/03/15-07:23:51-GMT  BuildTime: Aug  4 2022 06:17:15  BuildStamp: freesurfer-linux-ubuntu22_x86_64-7.3.2-20220804-6354275  User: oesteban  Machine: dna067  Platform: Linux  PlatformVersion: 5.14.0-427.37.1.el9_4.x86_64  CompilerName: GCC  CompilerVersion: 8.4.0
ProgramName: mri_info  ProgramArguments: mri_info -all-info  ProgramVersion: 7.3.2  TimeStamp: 2026/03/15-07:23:51-GMT  BuildTime: Aug  4 2022 06:17:15  BuildStamp: freesurfer-linux-ubuntu22_x86_64-7.3.2-20220804-6354275  User: oesteban  Machine: dna067  Platform: Linux  PlatformVersion: 5.14.0-427.37.1.el9_4.x86_64  CompilerName: GCC  CompilerVersion: 8.4.0
ProgramName: mri_label2label  ProgramArguments: mri_label2label -all-info  ProgramVersion: 7.3.2  TimeStamp: 2026/03/15-07:23:51-GMT  BuildTime: Aug  4 2022 06:17:15  BuildStamp: freesurfer-linux-ubuntu22_x86_64-7.3.2-20220804-6354275  User: oesteban  Machine: dna067  Platform: Linux  PlatformVersion: 5.14.0-427.37.1.el9_4.x86_64  CompilerName: GCC  CompilerVersion: 8.4.0
ProgramName: mri_label2vol  ProgramArguments: mri_label2vol -all-info  ProgramVersion: 7.3.2  TimeStamp: 2026/03/15-07:23:51-GMT  BuildTime: Aug  4 2022 06:17:15  BuildStamp: freesurfer-linux-ubuntu22_x86_64-7.3.2-20220804-6354275  User: oesteban  Machine: dna067  Platform: Linux  PlatformVersion: 5.14.0-427.37.1.el9_4.x86_64  CompilerName: GCC  CompilerVersion: 8.4.0
ProgramName: mri_log_likelihood  ProgramArguments: mri_log_likelihood -all-info  ProgramVersion: 7.3.2  TimeStamp: 2026/03/15-07:23:51-GMT  BuildTime: Aug  4 2022 06:17:15  BuildStamp: freesurfer-linux-ubuntu22_x86_64-7.3.2-20220804-6354275  User: oesteban  Machine: dna067  Platform: Linux  PlatformVersion: 5.14.0-427.37.1.el9_4.x86_64  CompilerName: GCC  CompilerVersion: 8.4.0
ProgramName: mri_mask  ProgramArguments: mri_mask -all-info  ProgramVersion: 7.3.2  TimeStamp: 2026/03/15-07:23:51-GMT  BuildTime: Aug  4 2022 06:17:15  BuildStamp: freesurfer-linux-ubuntu22_x86_64-7.3.2-20220804-6354275  User: oesteban  Machine: dna067  Platform: Linux  PlatformVersion: 5.14.0-427.37.1.el9_4.x86_64  CompilerName: GCC  CompilerVersion: 8.4.0
ProgramName: mri_matrix_multiply  ProgramArguments: mri_matrix_multiply -all-info  ProgramVersion: 7.3.2  TimeStamp: 2026/03/15-07:23:51-GMT  BuildTime: Aug  4 2022 06:17:15  BuildStamp: freesurfer-linux-ubuntu22_x86_64-7.3.2-20220804-6354275  User: oesteban  Machine: dna067  Platform: Linux  PlatformVersion: 5.14.0-427.37.1.el9_4.x86_64  CompilerName: GCC  CompilerVersion: 8.4.0
ProgramName: mri_normalize  ProgramArguments: mri_normalize -all-info  ProgramVersion: 7.3.2  TimeStamp: 2026/03/15-07:23:51-GMT  BuildTime: Aug  4 2022 06:17:15  BuildStamp: freesurfer-linux-ubuntu22_x86_64-7.3.2-20220804-6354275  User: oesteban  Machine: dna067  Platform: Linux  PlatformVersion: 5.14.0-427.37.1.el9_4.x86_64  CompilerName: GCC  CompilerVersion: 8.4.0
ProgramName: mri_normalize_tp2  ProgramArguments: mri_normalize_tp2 -all-info  ProgramVersion: 7.3.2  TimeStamp: 2026/03/15-07:23:51-GMT  BuildTime: Aug  4 2022 06:17:15  BuildStamp: freesurfer-linux-ubuntu22_x86_64-7.3.2-20220804-6354275  User: oesteban  Machine: dna067  Platform: Linux  PlatformVersion: 5.14.0-427.37.1.el9_4.x86_64  CompilerName: GCC  CompilerVersion: 8.4.0
ProgramName: mri_or  ProgramArguments: mri_or -all-info  ProgramVersion: 7.3.2  TimeStamp: 2026/03/15-07:23:51-GMT  BuildTime: Aug  4 2022 06:17:15  BuildStamp: freesurfer-linux-ubuntu22_x86_64-7.3.2-20220804-6354275  User: oesteban  Machine: dna067  Platform: Linux  PlatformVersion: 5.14.0-427.37.1.el9_4.x86_64  CompilerName: GCC  CompilerVersion: 8.4.0
ProgramName: mri_relabel_hypointensities  ProgramArguments: mri_relabel_hypointensities -all-info  ProgramVersion: 7.3.2  TimeStamp: 2026/03/15-07:23:51-GMT  BuildTime: Aug  4 2022 06:17:15  BuildStamp: freesurfer-linux-ubuntu22_x86_64-7.3.2-20220804-6354275  User: oesteban  Machine: dna067  Platform: Linux  PlatformVersion: 5.14.0-427.37.1.el9_4.x86_64  CompilerName: GCC  CompilerVersion: 8.4.0
ProgramName: mri_relabel_nonwm_hypos  ProgramArguments: mri_relabel_nonwm_hypos -all-info  ProgramVersion: 7.3.2  TimeStamp: 2026/03/15-07:23:51-GMT  BuildTime: Aug  4 2022 06:17:15  BuildStamp: freesurfer-linux-ubuntu22_x86_64-7.3.2-20220804-6354275  User: oesteban  Machine: dna067  Platform: Linux  PlatformVersion: 5.14.0-427.37.1.el9_4.x86_64  CompilerName: GCC  CompilerVersion: 8.4.0
ProgramName: mri_remove_neck  ProgramArguments: mri_remove_neck -all-info  ProgramVersion: 7.3.2  TimeStamp: 2026/03/15-07:23:51-GMT  BuildTime: Aug  4 2022 06:17:15  BuildStamp: freesurfer-linux-ubuntu22_x86_64-7.3.2-20220804-6354275  User: oesteban  Machine: dna067  Platform: Linux  PlatformVersion: 5.14.0-427.37.1.el9_4.x86_64  CompilerName: GCC  CompilerVersion: 8.4.0
7.3.2

ProgramName: mri_robust_register  ProgramArguments: mri_robust_register -all-info  ProgramVersion: 7.3.2  TimeStamp: 2026/03/15-07:23:51-GMT  BuildTime: Aug  4 2022 06:17:15  BuildStamp: freesurfer-linux-ubuntu22_x86_64-7.3.2-20220804-6354275  User: oesteban  Machine: dna067  Platform: Linux  PlatformVersion: 5.14.0-427.37.1.el9_4.x86_64  CompilerName: GCC  CompilerVersion: 8.4.0
7.3.2

ProgramName: mri_robust_template  ProgramArguments: mri_robust_template -all-info  ProgramVersion: 7.3.2  TimeStamp: 2026/03/15-07:23:51-GMT  BuildTime: Aug  4 2022 06:17:15  BuildStamp: freesurfer-linux-ubuntu22_x86_64-7.3.2-20220804-6354275  User: oesteban  Machine: dna067  Platform: Linux  PlatformVersion: 5.14.0-427.37.1.el9_4.x86_64  CompilerName: GCC  CompilerVersion: 8.4.0
ProgramName: mris_anatomical_stats  ProgramArguments: mris_anatomical_stats -all-info  ProgramVersion: 7.3.2  TimeStamp: 2026/03/15-07:23:51-GMT  BuildTime: Aug  4 2022 06:17:15  BuildStamp: freesurfer-linux-ubuntu22_x86_64-7.3.2-20220804-6354275  User: oesteban  Machine: dna067  Platform: Linux  PlatformVersion: 5.14.0-427.37.1.el9_4.x86_64  CompilerName: GCC  CompilerVersion: 8.4.0
ProgramName: mris_ca_label  ProgramArguments: mris_ca_label -all-info  ProgramVersion: 7.3.2  TimeStamp: 2026/03/15-07:23:51-GMT  BuildTime: Aug  4 2022 06:17:15  BuildStamp: freesurfer-linux-ubuntu22_x86_64-7.3.2-20220804-6354275  User: oesteban  Machine: dna067  Platform: Linux  PlatformVersion: 5.14.0-427.37.1.el9_4.x86_64  CompilerName: GCC  CompilerVersion: 8.4.0
ProgramName: mris_calc  ProgramArguments: mris_calc -all-info  ProgramVersion: 7.3.2  TimeStamp: 2026/03/15-07:23:51-GMT  BuildTime: Aug  4 2022 06:17:15  BuildStamp: freesurfer-linux-ubuntu22_x86_64-7.3.2-20220804-6354275  User: oesteban  Machine: dna067  Platform: Linux  PlatformVersion: 5.14.0-427.37.1.el9_4.x86_64  CompilerName: GCC  CompilerVersion: 8.4.0
ProgramName: mris_convert  ProgramArguments: mris_convert -all-info  ProgramVersion: 7.3.2  TimeStamp: 2026/03/15-07:23:51-GMT  BuildTime: Aug  4 2022 06:17:15  BuildStamp: freesurfer-linux-ubuntu22_x86_64-7.3.2-20220804-6354275  User: oesteban  Machine: dna067  Platform: Linux  PlatformVersion: 5.14.0-427.37.1.el9_4.x86_64  CompilerName: GCC  CompilerVersion: 8.4.0
ProgramName: mris_curvature  ProgramArguments: mris_curvature -all-info  ProgramVersion: 7.3.2  TimeStamp: 2026/03/15-07:23:51-GMT  BuildTime: Aug  4 2022 06:17:15  BuildStamp: freesurfer-linux-ubuntu22_x86_64-7.3.2-20220804-6354275  User: oesteban  Machine: dna067  Platform: Linux  PlatformVersion: 5.14.0-427.37.1.el9_4.x86_64  CompilerName: GCC  CompilerVersion: 8.4.0
ProgramName: mris_curvature_stats  ProgramArguments: mris_curvature_stats -all-info  ProgramVersion: 7.3.2  TimeStamp: 2026/03/15-07:23:51-GMT  BuildTime: Aug  4 2022 06:17:15  BuildStamp: freesurfer-linux-ubuntu22_x86_64-7.3.2-20220804-6354275  User: oesteban  Machine: dna067  Platform: Linux  PlatformVersion: 5.14.0-427.37.1.el9_4.x86_64  CompilerName: GCC  CompilerVersion: 8.4.0
ProgramName: mris_diff  ProgramArguments: mris_diff -all-info  ProgramVersion: 7.3.2  TimeStamp: 2026/03/15-07:23:51-GMT  BuildTime: Aug  4 2022 06:17:15  BuildStamp: freesurfer-linux-ubuntu22_x86_64-7.3.2-20220804-6354275  User: oesteban  Machine: dna067  Platform: Linux  PlatformVersion: 5.14.0-427.37.1.el9_4.x86_64  CompilerName: GCC  CompilerVersion: 8.4.0
ProgramName: mris_divide_parcellation  ProgramArguments: mris_divide_parcellation -all-info  ProgramVersion: 7.3.2  TimeStamp: 2026/03/15-07:23:51-GMT  BuildTime: Aug  4 2022 06:17:15  BuildStamp: freesurfer-linux-ubuntu22_x86_64-7.3.2-20220804-6354275  User: oesteban  Machine: dna067  Platform: Linux  PlatformVersion: 5.14.0-427.37.1.el9_4.x86_64  CompilerName: GCC  CompilerVersion: 8.4.0
ProgramName: mri_segment  ProgramArguments: mri_segment -all-info  ProgramVersion: 7.3.2  TimeStamp: 2026/03/15-07:23:51-GMT  BuildTime: Aug  4 2022 06:17:15  BuildStamp: freesurfer-linux-ubuntu22_x86_64-7.3.2-20220804-6354275  User: oesteban  Machine: dna067  Platform: Linux  PlatformVersion: 5.14.0-427.37.1.el9_4.x86_64  CompilerName: GCC  CompilerVersion: 8.4.0
ProgramName: mri_segstats  ProgramArguments: mri_segstats -all-info  ProgramVersion: 7.3.2  TimeStamp: 2026/03/15-07:23:51-GMT  BuildTime: Aug  4 2022 06:17:15  BuildStamp: freesurfer-linux-ubuntu22_x86_64-7.3.2-20220804-6354275  User: oesteban  Machine: dna067  Platform: Linux  PlatformVersion: 5.14.0-427.37.1.el9_4.x86_64  CompilerName: GCC  CompilerVersion: 8.4.0
ProgramName: mris_euler_number  ProgramArguments: mris_euler_number -all-info  ProgramVersion: 7.3.2  TimeStamp: 2026/03/15-07:23:51-GMT  BuildTime: Aug  4 2022 06:17:15  BuildStamp: freesurfer-linux-ubuntu22_x86_64-7.3.2-20220804-6354275  User: oesteban  Machine: dna067  Platform: Linux  PlatformVersion: 5.14.0-427.37.1.el9_4.x86_64  CompilerName: GCC  CompilerVersion: 8.4.0
ProgramName: mris_fix_topology  ProgramArguments: mris_fix_topology -all-info  ProgramVersion: 7.3.2  TimeStamp: 2026/03/15-07:23:51-GMT  BuildTime: Aug  4 2022 06:17:15  BuildStamp: freesurfer-linux-ubuntu22_x86_64-7.3.2-20220804-6354275  User: oesteban  Machine: dna067  Platform: Linux  PlatformVersion: 5.14.0-427.37.1.el9_4.x86_64  CompilerName: GCC  CompilerVersion: 8.4.0
ProgramName: mris_topo_fixer  ProgramArguments: mris_topo_fixer -all-info  ProgramVersion: 7.3.2  TimeStamp: 2026/03/15-07:23:51-GMT  BuildTime: Aug  4 2022 06:17:15  BuildStamp: freesurfer-linux-ubuntu22_x86_64-7.3.2-20220804-6354275  User: oesteban  Machine: dna067  Platform: Linux  PlatformVersion: 5.14.0-427.37.1.el9_4.x86_64  CompilerName: GCC  CompilerVersion: 8.4.0
ProgramName: mris_jacobian  ProgramArguments: mris_jacobian -all-info  ProgramVersion: 7.3.2  TimeStamp: 2026/03/15-07:23:51-GMT  BuildTime: Aug  4 2022 06:17:15  BuildStamp: freesurfer-linux-ubuntu22_x86_64-7.3.2-20220804-6354275  User: oesteban  Machine: dna067  Platform: Linux  PlatformVersion: 5.14.0-427.37.1.el9_4.x86_64  CompilerName: GCC  CompilerVersion: 8.4.0
ProgramName: mris_label2annot  ProgramArguments: mris_label2annot -all-info  ProgramVersion: 7.3.2  TimeStamp: 2026/03/15-07:23:51-GMT  BuildTime: Aug  4 2022 06:17:15  BuildStamp: freesurfer-linux-ubuntu22_x86_64-7.3.2-20220804-6354275  User: oesteban  Machine: dna067  Platform: Linux  PlatformVersion: 5.14.0-427.37.1.el9_4.x86_64  CompilerName: GCC  CompilerVersion: 8.4.0
ProgramName: mris_left_right_register  ProgramArguments: mris_left_right_register -all-info  ProgramVersion: 7.3.2  TimeStamp: 2026/03/15-07:23:51-GMT  BuildTime: Aug  4 2022 06:17:15  BuildStamp: freesurfer-linux-ubuntu22_x86_64-7.3.2-20220804-6354275  User: oesteban  Machine: dna067  Platform: Linux  PlatformVersion: 5.14.0-427.37.1.el9_4.x86_64  CompilerName: GCC  CompilerVersion: 8.4.0
ProgramName: mris_place_surface  ProgramArguments: mris_place_surface -all-info  ProgramVersion: 7.3.2  TimeStamp: 2026/03/15-07:23:51-GMT  BuildTime: Aug  4 2022 06:17:15  BuildStamp: freesurfer-linux-ubuntu22_x86_64-7.3.2-20220804-6354275  User: oesteban  Machine: dna067  Platform: Linux  PlatformVersion: 5.14.0-427.37.1.el9_4.x86_64  CompilerName: GCC  CompilerVersion: 8.4.0
ProgramName: mrisp_paint  ProgramArguments: mrisp_paint -all-info  ProgramVersion: 7.3.2  TimeStamp: 2026/03/15-07:23:51-GMT  BuildTime: Aug  4 2022 06:17:15  BuildStamp: freesurfer-linux-ubuntu22_x86_64-7.3.2-20220804-6354275  User: oesteban  Machine: dna067  Platform: Linux  PlatformVersion: 5.14.0-427.37.1.el9_4.x86_64  CompilerName: GCC  CompilerVersion: 8.4.0
ProgramName: mris_register  ProgramArguments: mris_register -all-info  ProgramVersion: 7.3.2  TimeStamp: 2026/03/15-07:23:51-GMT  BuildTime: Aug  4 2022 06:17:15  BuildStamp: freesurfer-linux-ubuntu22_x86_64-7.3.2-20220804-6354275  User: oesteban  Machine: dna067  Platform: Linux  PlatformVersion: 5.14.0-427.37.1.el9_4.x86_64  CompilerName: GCC  CompilerVersion: 8.4.0
ProgramName: mris_smooth  ProgramArguments: mris_smooth -all-info  ProgramVersion: 7.3.2  TimeStamp: 2026/03/15-07:23:51-GMT  BuildTime: Aug  4 2022 06:17:15  BuildStamp: freesurfer-linux-ubuntu22_x86_64-7.3.2-20220804-6354275  User: oesteban  Machine: dna067  Platform: Linux  PlatformVersion: 5.14.0-427.37.1.el9_4.x86_64  CompilerName: GCC  CompilerVersion: 8.4.0
ProgramName: mris_sphere  ProgramArguments: mris_sphere -all-info  ProgramVersion: 7.3.2  TimeStamp: 2026/03/15-07:23:51-GMT  BuildTime: Aug  4 2022 06:17:15  BuildStamp: freesurfer-linux-ubuntu22_x86_64-7.3.2-20220804-6354275  User: oesteban  Machine: dna067  Platform: Linux  PlatformVersion: 5.14.0-427.37.1.el9_4.x86_64  CompilerName: GCC  CompilerVersion: 8.4.0
ProgramName: mris_surface_stats  ProgramArguments: mris_surface_stats -all-info  ProgramVersion: 7.3.2  TimeStamp: 2026/03/15-07:23:51-GMT  BuildTime: Aug  4 2022 06:17:15  BuildStamp: freesurfer-linux-ubuntu22_x86_64-7.3.2-20220804-6354275  User: oesteban  Machine: dna067  Platform: Linux  PlatformVersion: 5.14.0-427.37.1.el9_4.x86_64  CompilerName: GCC  CompilerVersion: 8.4.0
ProgramName: mri_stats2seg  ProgramArguments: mri_stats2seg -all-info  ProgramVersion: 7.3.2  TimeStamp: 2026/03/15-07:23:51-GMT  BuildTime: Aug  4 2022 06:17:15  BuildStamp: freesurfer-linux-ubuntu22_x86_64-7.3.2-20220804-6354275  User: oesteban  Machine: dna067  Platform: Linux  PlatformVersion: 5.14.0-427.37.1.el9_4.x86_64  CompilerName: GCC  CompilerVersion: 8.4.0
ProgramName: mris_thickness  ProgramArguments: mris_thickness -all-info  ProgramVersion: 7.3.2  TimeStamp: 2026/03/15-07:23:51-GMT  BuildTime: Aug  4 2022 06:17:15  BuildStamp: freesurfer-linux-ubuntu22_x86_64-7.3.2-20220804-6354275  User: oesteban  Machine: dna067  Platform: Linux  PlatformVersion: 5.14.0-427.37.1.el9_4.x86_64  CompilerName: GCC  CompilerVersion: 8.4.0
ProgramName: mris_thickness_diff  ProgramArguments: mris_thickness_diff -all-info  ProgramVersion: 7.3.2  TimeStamp: 2026/03/15-07:23:51-GMT  BuildTime: Aug  4 2022 06:17:15  BuildStamp: freesurfer-linux-ubuntu22_x86_64-7.3.2-20220804-6354275  User: oesteban  Machine: dna067  Platform: Linux  PlatformVersion: 5.14.0-427.37.1.el9_4.x86_64  CompilerName: GCC  CompilerVersion: 8.4.0
ProgramName: mris_topo_fixer  ProgramArguments: mris_topo_fixer -all-info  ProgramVersion: 7.3.2  TimeStamp: 2026/03/15-07:23:51-GMT  BuildTime: Aug  4 2022 06:17:15  BuildStamp: freesurfer-linux-ubuntu22_x86_64-7.3.2-20220804-6354275  User: oesteban  Machine: dna067  Platform: Linux  PlatformVersion: 5.14.0-427.37.1.el9_4.x86_64  CompilerName: GCC  CompilerVersion: 8.4.0
ProgramName: mri_surf2surf  ProgramArguments: mri_surf2surf -all-info  ProgramVersion: 7.3.2  TimeStamp: 2026/03/15-07:23:51-GMT  BuildTime: Aug  4 2022 06:17:15  BuildStamp: freesurfer-linux-ubuntu22_x86_64-7.3.2-20220804-6354275  User: oesteban  Machine: dna067  Platform: Linux  PlatformVersion: 5.14.0-427.37.1.el9_4.x86_64  CompilerName: GCC  CompilerVersion: 8.4.0
ProgramName: mri_surf2vol  ProgramArguments: mri_surf2vol -all-info  ProgramVersion: 7.3.2  TimeStamp: 2026/03/15-07:23:51-GMT  BuildTime: Aug  4 2022 06:17:15  BuildStamp: freesurfer-linux-ubuntu22_x86_64-7.3.2-20220804-6354275  User: oesteban  Machine: dna067  Platform: Linux  PlatformVersion: 5.14.0-427.37.1.el9_4.x86_64  CompilerName: GCC  CompilerVersion: 8.4.0
ProgramName: mri_surfcluster  ProgramArguments: mri_surfcluster -all-info  ProgramVersion: 7.3.2  TimeStamp: 2026/03/15-07:23:51-GMT  BuildTime: Aug  4 2022 06:17:15  BuildStamp: freesurfer-linux-ubuntu22_x86_64-7.3.2-20220804-6354275  User: oesteban  Machine: dna067  Platform: Linux  PlatformVersion: 5.14.0-427.37.1.el9_4.x86_64  CompilerName: GCC  CompilerVersion: 8.4.0
ProgramName: mris_volmask  ProgramArguments: mris_volmask -all-info  ProgramVersion: 7.3.2  TimeStamp: 2026/03/15-07:23:51-GMT  BuildTime: Aug  4 2022 06:17:15  BuildStamp: freesurfer-linux-ubuntu22_x86_64-7.3.2-20220804-6354275  User: oesteban  Machine: dna067  Platform: Linux  PlatformVersion: 5.14.0-427.37.1.el9_4.x86_64  CompilerName: GCC  CompilerVersion: 8.4.0
ProgramName: mri_tessellate  ProgramArguments: mri_tessellate -all-info  ProgramVersion: 7.3.2  TimeStamp: 2026/03/15-07:23:51-GMT  BuildTime: Aug  4 2022 06:17:15  BuildStamp: freesurfer-linux-ubuntu22_x86_64-7.3.2-20220804-6354275  User: oesteban  Machine: dna067  Platform: Linux  PlatformVersion: 5.14.0-427.37.1.el9_4.x86_64  CompilerName: GCC  CompilerVersion: 8.4.0
ProgramName: mri_vol2surf  ProgramArguments: mri_vol2surf -all-info  ProgramVersion: 7.3.2  TimeStamp: 2026/03/15-07:23:51-GMT  BuildTime: Aug  4 2022 06:17:15  BuildStamp: freesurfer-linux-ubuntu22_x86_64-7.3.2-20220804-6354275  User: oesteban  Machine: dna067  Platform: Linux  PlatformVersion: 5.14.0-427.37.1.el9_4.x86_64  CompilerName: GCC  CompilerVersion: 8.4.0
ProgramName: mri_vol2vol  ProgramArguments: mri_vol2vol -all-info  ProgramVersion: 7.3.2  TimeStamp: 2026/03/15-07:23:51-GMT  BuildTime: Aug  4 2022 06:17:15  BuildStamp: freesurfer-linux-ubuntu22_x86_64-7.3.2-20220804-6354275  User: oesteban  Machine: dna067  Platform: Linux  PlatformVersion: 5.14.0-427.37.1.el9_4.x86_64  CompilerName: GCC  CompilerVersion: 8.4.0
ProgramName: mri_voldiff  ProgramArguments: mri_voldiff -all-info  ProgramVersion: 7.3.2  TimeStamp: 2026/03/15-07:23:51-GMT  BuildTime: Aug  4 2022 06:17:15  BuildStamp: freesurfer-linux-ubuntu22_x86_64-7.3.2-20220804-6354275  User: oesteban  Machine: dna067  Platform: Linux  PlatformVersion: 5.14.0-427.37.1.el9_4.x86_64  CompilerName: GCC  CompilerVersion: 8.4.0
ProgramName: mri_watershed  ProgramArguments: mri_watershed -all-info  ProgramVersion: 7.3.2  TimeStamp: 2026/03/15-07:23:51-GMT  BuildTime: Aug  4 2022 06:17:15  BuildStamp: freesurfer-linux-ubuntu22_x86_64-7.3.2-20220804-6354275  User: oesteban  Machine: dna067  Platform: Linux  PlatformVersion: 5.14.0-427.37.1.el9_4.x86_64  CompilerName: GCC  CompilerVersion: 8.4.0
ProgramName: tkregister2  ProgramArguments: tkregister2_cmdl -all-info  ProgramVersion: 7.3.2  TimeStamp: 2026/03/15-07:23:51-GMT  BuildTime: Aug  4 2022 06:17:15  BuildStamp: freesurfer-linux-ubuntu22_x86_64-7.3.2-20220804-6354275  User: oesteban  Machine: dna067  Platform: Linux  PlatformVersion: 5.14.0-427.37.1.el9_4.x86_64  CompilerName: GCC  CompilerVersion: 8.4.0
mri_motion_correct.fsl 7.3.2
mri_convert -all-info 
ProgramName: mri_convert  ProgramArguments: mri_convert -all-info  ProgramVersion: 7.3.2  TimeStamp: 2026/03/15-07:23:51-GMT  BuildTime: Aug  4 2022 06:17:15  BuildStamp: freesurfer-linux-ubuntu22_x86_64-7.3.2-20220804-6354275  User: oesteban  Machine: dna067  Platform: Linux  PlatformVersion: 5.14.0-427.37.1.el9_4.x86_64  CompilerName: GCC  CompilerVersion: 8.4.0
Program nu_correct, built from:
Package MNI N3, version 1.12.0, compiled by nicks@terrier (x86_64-unknown-linux-gnu) on 2015-06-19 at 01:25:34
#######################################
GCADIR /opt/freesurfer/average
GCA RB_all_2020-01-02.gca
GCASkull RB_all_withskull_2020_01_02.gca
AvgCurvTif folding.atlas.acfb40.noaparc.i12.2016-08-02.tif
GCSDIR /opt/freesurfer/average
GCS DKaparc.atlas.acfb40.noaparc.i12.2016-08-02.gcs
#######################################
#-------------------------------------
#@# EM Registration Sun Mar 15 08:23:51 CET 2026
/out/sourcedata/freesurfer/sub-v2s10x28930_ses-1/mri

 mri_em_register -uns 3 -mask brainmask.mgz nu.mgz /opt/freesurfer/average/RB_all_2020-01-02.gca transforms/talairach.lta 

setting unknown_nbr_spacing = 3
using MR volume brainmask.mgz to mask input volume...

== Number of threads available to mri_em_register for OpenMP = 16 == 
reading 1 input volumes...
logging results to talairach.log
reading '/opt/freesurfer/average/RB_all_2020-01-02.gca'...
GCAread took 0 minutes and 1 seconds.
average std = 7.2   using min determinant for regularization = 5.2
0 singular and 884 ill-conditioned covariance matrices regularized
reading 'nu.mgz'...
MRImask(): AllowDiffGeom = 1
MRImask(): AllowDiffGeom = 1
MRImask(): AllowDiffGeom = 1
MRImask(): AllowDiffGeom = 1
MRImask(): AllowDiffGeom = 1
freeing gibbs priors...done.
accounting for voxel sizes in initial transform
bounding unknown intensity as < 5.9 or > 519.0 
total sample mean = 79.1 (1017 zeros)
************************************************
spacing=8, using 2841 sample points, tol=1.00e-05...
************************************************
register_mri: find_optimal_transform
find_optimal_transform: nsamples 2841, passno 0, spacing 8
resetting wm mean[0]: 98 --> 107
resetting gm mean[0]: 61 --> 61
input volume #1 is the most T1-like
using real data threshold=26.1
skull bounding box = (57, 30, 38) --> (201, 159, 193)
finding center of left hemi white matter
using (105, 73, 116) as brain centroid of Right_Cerebral_White_Matter...
MRImask(): AllowDiffGeom = 1
mean wm in atlas = 107, using box (87,57,97) --> (122, 88,135) to find MRI wm
before smoothing, mri peak at 108
robust fit to distribution - 108 +- 3.9
after smoothing, mri peak at 109, scaling input intensities by 0.982
scaling channel 0 by 0.981651
initial log_p = -4.579
************************************************
First Search limited to translation only.
************************************************
max log p =    -3.893779 @ (-10.526, 31.579, -10.526)
max log p =    -3.654208 @ (5.263, -5.263, 5.263)
max log p =    -3.512907 @ (2.632, 2.632, -2.632)
max log p =    -3.512907 @ (0.000, 0.000, 0.000)
max log p =    -3.500397 @ (-0.658, 0.658, -0.658)
max log p =    -3.497004 @ (0.329, -0.987, -0.329)
max log p =    -3.497004 @ (0.000, 0.000, 0.000)
max log p =    -3.497004 @ (0.000, 0.000, 0.000)
Found translation: (-3.0, 28.6, -8.9): log p = -3.497
****************************************
Nine parameter search.  iteration 0 nscales = 0 ...
****************************************
Result so far: scale 1.000: max_log_p=-3.443, old_max_log_p =-3.497 (thresh=-3.5)
 1.00000   0.00000   0.00000  -2.96053;
 0.00000   1.05465   0.12074   9.86273;
 0.00000  -0.15011   0.99144   5.70659;
 0.00000   0.00000   0.00000   1.00000;
iteration took 0 minutes and 8 seconds.
****************************************
Nine parameter search.  iteration 1 nscales = 0 ...
****************************************
Result so far: scale 1.000: max_log_p=-3.443, old_max_log_p =-3.443 (thresh=-3.4)
 1.00000   0.00000   0.00000  -2.96053;
 0.00000   1.05465   0.12074   9.86273;
 0.00000  -0.15011   0.99144   5.70659;
 0.00000   0.00000   0.00000   1.00000;
reducing scale to 0.2500
iteration took 0 minutes and 8 seconds.
****************************************
Nine parameter search.  iteration 2 nscales = 1 ...
****************************************
Result so far: scale 0.250: max_log_p=-3.327, old_max_log_p =-3.443 (thresh=-3.4)
 0.95992  -0.06666  -0.04056   12.55288;
 0.06292   1.09218   0.12287  -0.08965;
 0.03208  -0.15284   1.00949   3.54649;
 0.00000   0.00000   0.00000   1.00000;
iteration took 0 minutes and 8 seconds.
****************************************
Nine parameter search.  iteration 3 nscales = 1 ...
****************************************
Result so far: scale 0.250: max_log_p=-3.323, old_max_log_p =-3.327 (thresh=-3.3)
 0.95992  -0.06666  -0.04056   12.55288;
 0.06528   1.13313   0.12748  -4.56640;
 0.03208  -0.15284   1.00949   3.54649;
 0.00000   0.00000   0.00000   1.00000;
iteration took 0 minutes and 8 seconds.
****************************************
Nine parameter search.  iteration 4 nscales = 1 ...
****************************************
Result so far: scale 0.250: max_log_p=-3.323, old_max_log_p =-3.323 (thresh=-3.3)
 0.95992  -0.06666  -0.04056   12.55288;
 0.06528   1.13313   0.12748  -4.56640;
 0.03208  -0.15284   1.00949   3.54649;
 0.00000   0.00000   0.00000   1.00000;
reducing scale to 0.0625
iteration took 0 minutes and 8 seconds.
****************************************
Nine parameter search.  iteration 5 nscales = 2 ...
****************************************
Result so far: scale 0.062: max_log_p=-3.286, old_max_log_p =-3.323 (thresh=-3.3)
 0.95899  -0.05118  -0.02144   9.18040;
 0.05045   1.12587   0.16044  -6.56510;
 0.01422  -0.18871   1.00531   8.59841;
 0.00000   0.00000   0.00000   1.00000;
iteration took 0 minutes and 8 seconds.
****************************************
Nine parameter search.  iteration 6 nscales = 2 ...
****************************************
Result so far: scale 0.062: max_log_p=-3.286, old_max_log_p =-3.286 (thresh=-3.3)
 0.95899  -0.05118  -0.02144   9.18040;
 0.05045   1.12587   0.16044  -6.56510;
 0.01422  -0.18871   1.00531   8.59841;
 0.00000   0.00000   0.00000   1.00000;
min search scale 0.025000 reached
***********************************************
Computing MAP estimate using 2841 samples...
***********************************************
dt = 5.00e-06, momentum=0.80, tol=1.00e-05
l_intensity = 1.0000
Aligning input volume to GCA...
Transform matrix
 0.95899  -0.05118  -0.02144   9.18040;
 0.05045   1.12587   0.16044  -6.56510;
 0.01422  -0.18871   1.00531   8.59841;
 0.00000   0.00000   0.00000   1.00000;
nsamples 2841
Quasinewton: input matrix
 0.95899  -0.05118  -0.02144   9.18040;
 0.05045   1.12587   0.16044  -6.56510;
 0.01422  -0.18871   1.00531   8.59841;
 0.00000   0.00000   0.00000   1.00000;
 IFLAG= -1  LINE SEARCH FAILED. SEE DOCUMENTATION OF ROUTINE MCSRCH ERROR RETURN OF LINE SEARCH: INFO= 3 POSSIBLE CAUSES: FUNCTION OR GRADIENT ARE INCORRECT OR INCORRECT TOLERANCESoutof QuasiNewtonEMA: 009: -log(p) =   -0.0  tol 0.000010
Resulting transform:
 0.95899  -0.05118  -0.02144   9.18040;
 0.05045   1.12587   0.16044  -6.56510;
 0.01422  -0.18871   1.00531   8.59841;
 0.00000   0.00000   0.00000   1.00000;

pass 1, spacing 8: log(p) = -3.286 (old=-4.579)
transform before final EM align:
 0.95899  -0.05118  -0.02144   9.18040;
 0.05045   1.12587   0.16044  -6.56510;
 0.01422  -0.18871   1.00531   8.59841;
 0.00000   0.00000   0.00000   1.00000;

**************************************************
 EM alignment process ...
 Computing final MAP estimate using 315638 samples. 
**************************************************
dt = 5.00e-06, momentum=0.80, tol=1.00e-07
l_intensity = 1.0000
Aligning input volume to GCA...
Transform matrix
 0.95899  -0.05118  -0.02144   9.18040;
 0.05045   1.12587   0.16044  -6.56510;
 0.01422  -0.18871   1.00531   8.59841;
 0.00000   0.00000   0.00000   1.00000;
nsamples 315638
Quasinewton: input matrix
 0.95899  -0.05118  -0.02144   9.18040;
 0.05045   1.12587   0.16044  -6.56510;
 0.01422  -0.18871   1.00531   8.59841;
 0.00000   0.00000   0.00000   1.00000;
 IFLAG= -1  LINE SEARCH FAILED. SEE DOCUMENTATION OF ROUTINE MCSRCH ERROR RETURN OF LINE SEARCH: INFO= 6 POSSIBLE CAUSES: FUNCTION OR GRADIENT ARE INCORRECT OR INCORRECT TOLERANCESoutof QuasiNewtonEMA: 011: -log(p) =    3.8  tol 0.000000
final transform:
 0.95899  -0.05118  -0.02144   9.18040;
 0.05045   1.12587   0.16044  -6.56510;
 0.01422  -0.18871   1.00531   8.59841;
 0.00000   0.00000   0.00000   1.00000;

writing output transformation to transforms/talairach.lta...
#VMPC# mri_em_register VmPeak  891284
FSRUNTIME@ mri_em_register  0.0211 hours 16 threads
registration took 1 minutes and 16 seconds.

Started at Sun Mar 15 08:23:51 CET 2026 
Ended   at Sun Mar 15 08:25:08 CET 2026
#@#%# recon-all-run-time-hours 0.021
recon-all -s sub-v2s10x28930_ses-1 finished without error at Sun Mar 15 08:25:08 CET 2026



#New# invocation of recon-all 




Sun Mar 15 08:25:09 CET 2026
cd /out/sourcedata/freesurfer/sub-v2s10x28930_ses-1
setenv SUBJECTS_DIR /out/sourcedata/freesurfer
/opt/freesurfer/bin/recon-all -autorecon2-volonly -openmp 16 -subjid sub-v2s10x28930_ses-1 -sd /out/sourcedata/freesurfer -nogcareg

subjid sub-v2s10x28930_ses-1
setenv SUBJECTS_DIR /out/sourcedata/freesurfer
FREESURFER_HOME /opt/freesurfer
Actual FREESURFER_HOME /opt/freesurfer
build-stamp.txt: freesurfer-linux-ubuntu22_x86_64-7.3.2-20220804-6354275
Linux dna067 5.14.0-427.37.1.el9_4.x86_64 #1 SMP PREEMPT_DYNAMIC Fri Sep 13 12:41:50 EDT 2024 x86_64 x86_64 x86_64 GNU/Linux
cputime      unlimited
filesize     unlimited
datasize     unlimited
stacksize    8192 kbytes
coredumpsize 0 kbytes
memoryuse    67108864 kbytes
vmemoryuse   unlimited
descriptors  1024 
memorylocked unlimited
maxproc      2061970 
maxlocks     unlimited
maxsignal    2062029 
maxmessage   819200 
maxnice      0 
maxrtprio    0 
maxrttime    unlimited

               total        used        free      shared  buff/cache   available
Mem:           503Gi        68Gi       253Gi        26Gi       181Gi       404Gi
Swap:             0B          0B          0B

########################################
program versions used
7.3.2 (freesurfer-linux-ubuntu22_x86_64-7.3.2-20220804-6354275)
7.3.2

ProgramName: lta_convert  ProgramArguments: lta_convert -all-info  ProgramVersion: 7.3.2  TimeStamp: 2026/03/15-07:25:09-GMT  BuildTime: Aug  4 2022 06:17:15  BuildStamp: freesurfer-linux-ubuntu22_x86_64-7.3.2-20220804-6354275  User: oesteban  Machine: dna067  Platform: Linux  PlatformVersion: 5.14.0-427.37.1.el9_4.x86_64  CompilerName: GCC  CompilerVersion: 8.4.0
ProgramName: mri_and  ProgramArguments: mri_and -all-info  ProgramVersion: 7.3.2  TimeStamp: 2026/03/15-07:25:09-GMT  BuildTime: Aug  4 2022 06:17:15  BuildStamp: freesurfer-linux-ubuntu22_x86_64-7.3.2-20220804-6354275  User: oesteban  Machine: dna067  Platform: Linux  PlatformVersion: 5.14.0-427.37.1.el9_4.x86_64  CompilerName: GCC  CompilerVersion: 8.4.0
ProgramName: mri_annotation2label  ProgramArguments: mri_annotation2label -all-info  ProgramVersion: 7.3.2  TimeStamp: 2026/03/15-07:25:09-GMT  BuildTime: Aug  4 2022 06:17:15  BuildStamp: freesurfer-linux-ubuntu22_x86_64-7.3.2-20220804-6354275  User: oesteban  Machine: dna067  Platform: Linux  PlatformVersion: 5.14.0-427.37.1.el9_4.x86_64  CompilerName: GCC  CompilerVersion: 8.4.0
ProgramName: mri_aparc2aseg  ProgramArguments: mri_aparc2aseg -all-info  ProgramVersion: 7.3.2  TimeStamp: 2026/03/15-07:25:09-GMT  BuildTime: Aug  4 2022 06:17:15  BuildStamp: freesurfer-linux-ubuntu22_x86_64-7.3.2-20220804-6354275  User: oesteban  Machine: dna067  Platform: Linux  PlatformVersion: 5.14.0-427.37.1.el9_4.x86_64  CompilerName: GCC  CompilerVersion: 8.4.0
ProgramName: mri_surf2volseg  ProgramArguments: mri_surf2volseg -all-info  ProgramVersion: 7.3.2  TimeStamp: 2026/03/15-07:25:09-GMT  BuildTime: Aug  4 2022 06:17:15  BuildStamp: freesurfer-linux-ubuntu22_x86_64-7.3.2-20220804-6354275  User: oesteban  Machine: dna067  Platform: Linux  PlatformVersion: 5.14.0-427.37.1.el9_4.x86_64  CompilerName: GCC  CompilerVersion: 8.4.0
ProgramName: mri_binarize  ProgramArguments: mri_binarize -all-info  ProgramVersion: 7.3.2  TimeStamp: 2026/03/15-07:25:09-GMT  BuildTime: Aug  4 2022 06:17:15  BuildStamp: freesurfer-linux-ubuntu22_x86_64-7.3.2-20220804-6354275  User: oesteban  Machine: dna067  Platform: Linux  PlatformVersion: 5.14.0-427.37.1.el9_4.x86_64  CompilerName: GCC  CompilerVersion: 8.4.0
ProgramName: mri_ca_label  ProgramArguments: mri_ca_label -all-info  ProgramVersion: 7.3.2  TimeStamp: 2026/03/15-07:25:09-GMT  BuildTime: Aug  4 2022 06:17:15  BuildStamp: freesurfer-linux-ubuntu22_x86_64-7.3.2-20220804-6354275  User: oesteban  Machine: dna067  Platform: Linux  PlatformVersion: 5.14.0-427.37.1.el9_4.x86_64  CompilerName: GCC  CompilerVersion: 8.4.0
ProgramName: mri_ca_normalize  ProgramArguments: mri_ca_normalize -all-info  ProgramVersion: 7.3.2  TimeStamp: 2026/03/15-07:25:09-GMT  BuildTime: Aug  4 2022 06:17:15  BuildStamp: freesurfer-linux-ubuntu22_x86_64-7.3.2-20220804-6354275  User: oesteban  Machine: dna067  Platform: Linux  PlatformVersion: 5.14.0-427.37.1.el9_4.x86_64  CompilerName: GCC  CompilerVersion: 8.4.0
ProgramName: mri_ca_register  ProgramArguments: mri_ca_register -all-info  ProgramVersion: 7.3.2  TimeStamp: 2026/03/15-07:25:09-GMT  BuildTime: Aug  4 2022 06:17:15  BuildStamp: freesurfer-linux-ubuntu22_x86_64-7.3.2-20220804-6354275  User: oesteban  Machine: dna067  Platform: Linux  PlatformVersion: 5.14.0-427.37.1.el9_4.x86_64  CompilerName: GCC  CompilerVersion: 8.4.0
ProgramName: mri_cc  ProgramArguments: mri_cc -all-info  ProgramVersion: 7.3.2  TimeStamp: 2026/03/15-07:25:09-GMT  BuildTime: Aug  4 2022 06:17:15  BuildStamp: freesurfer-linux-ubuntu22_x86_64-7.3.2-20220804-6354275  User: oesteban  Machine: dna067  Platform: Linux  PlatformVersion: 5.14.0-427.37.1.el9_4.x86_64  CompilerName: GCC  CompilerVersion: 8.4.0
ProgramName: mri_compute_overlap  ProgramArguments: mri_compute_overlap -all-info  ProgramVersion: 7.3.2  TimeStamp: 2026/03/15-07:25:09-GMT  BuildTime: Aug  4 2022 06:17:15  BuildStamp: freesurfer-linux-ubuntu22_x86_64-7.3.2-20220804-6354275  User: oesteban  Machine: dna067  Platform: Linux  PlatformVersion: 5.14.0-427.37.1.el9_4.x86_64  CompilerName: GCC  CompilerVersion: 8.4.0
ProgramName: mri_compute_seg_overlap  ProgramArguments: mri_compute_seg_overlap -all-info  ProgramVersion: 7.3.2  TimeStamp: 2026/03/15-07:25:09-GMT  BuildTime: Aug  4 2022 06:17:15  BuildStamp: freesurfer-linux-ubuntu22_x86_64-7.3.2-20220804-6354275  User: oesteban  Machine: dna067  Platform: Linux  PlatformVersion: 5.14.0-427.37.1.el9_4.x86_64  CompilerName: GCC  CompilerVersion: 8.4.0
ProgramName: mri_concat  ProgramArguments: mri_concat -all-info  ProgramVersion: 7.3.2  TimeStamp: 2026/03/15-07:25:09-GMT  BuildTime: Aug  4 2022 06:17:15  BuildStamp: freesurfer-linux-ubuntu22_x86_64-7.3.2-20220804-6354275  User: oesteban  Machine: dna067  Platform: Linux  PlatformVersion: 5.14.0-427.37.1.el9_4.x86_64  CompilerName: GCC  CompilerVersion: 8.4.0
ProgramName: mri_concatenate_lta  ProgramArguments: mri_concatenate_lta -all-info  ProgramVersion: 7.3.2  TimeStamp: 2026/03/15-07:25:09-GMT  BuildTime: Aug  4 2022 06:17:15  BuildStamp: freesurfer-linux-ubuntu22_x86_64-7.3.2-20220804-6354275  User: oesteban  Machine: dna067  Platform: Linux  PlatformVersion: 5.14.0-427.37.1.el9_4.x86_64  CompilerName: GCC  CompilerVersion: 8.4.0
mri_convert -all-info 
ProgramName: mri_convert  ProgramArguments: mri_convert -all-info  ProgramVersion: 7.3.2  TimeStamp: 2026/03/15-07:25:09-GMT  BuildTime: Aug  4 2022 06:17:15  BuildStamp: freesurfer-linux-ubuntu22_x86_64-7.3.2-20220804-6354275  User: oesteban  Machine: dna067  Platform: Linux  PlatformVersion: 5.14.0-427.37.1.el9_4.x86_64  CompilerName: GCC  CompilerVersion: 8.4.0
ProgramName: mri_diff  ProgramArguments: mri_diff -all-info  ProgramVersion: 7.3.2  TimeStamp: 2026/03/15-07:25:09-GMT  BuildTime: Aug  4 2022 06:17:15  BuildStamp: freesurfer-linux-ubuntu22_x86_64-7.3.2-20220804-6354275  User: oesteban  Machine: dna067  Platform: Linux  PlatformVersion: 5.14.0-427.37.1.el9_4.x86_64  CompilerName: GCC  CompilerVersion: 8.4.0
ProgramName: mri_edit_wm_with_aseg  ProgramArguments: mri_edit_wm_with_aseg -all-info  ProgramVersion: 7.3.2  TimeStamp: 2026/03/15-07:25:09-GMT  BuildTime: Aug  4 2022 06:17:15  BuildStamp: freesurfer-linux-ubuntu22_x86_64-7.3.2-20220804-6354275  User: oesteban  Machine: dna067  Platform: Linux  PlatformVersion: 5.14.0-427.37.1.el9_4.x86_64  CompilerName: GCC  CompilerVersion: 8.4.0
ProgramName: mri_em_register  ProgramArguments: mri_em_register -all-info  ProgramVersion: 7.3.2  TimeStamp: 2026/03/15-07:25:09-GMT  BuildTime: Aug  4 2022 06:17:15  BuildStamp: freesurfer-linux-ubuntu22_x86_64-7.3.2-20220804-6354275  User: oesteban  Machine: dna067  Platform: Linux  PlatformVersion: 5.14.0-427.37.1.el9_4.x86_64  CompilerName: GCC  CompilerVersion: 8.4.0
ProgramName: mri_fill  ProgramArguments: mri_fill -all-info  ProgramVersion: 7.3.2  TimeStamp: 2026/03/15-07:25:09-GMT  BuildTime: Aug  4 2022 06:17:15  BuildStamp: freesurfer-linux-ubuntu22_x86_64-7.3.2-20220804-6354275  User: oesteban  Machine: dna067  Platform: Linux  PlatformVersion: 5.14.0-427.37.1.el9_4.x86_64  CompilerName: GCC  CompilerVersion: 8.4.0
ProgramName: mri_fuse_segmentations  ProgramArguments: mri_fuse_segmentations -all-info  ProgramVersion: 7.3.2  TimeStamp: 2026/03/15-07:25:09-GMT  BuildTime: Aug  4 2022 06:17:15  BuildStamp: freesurfer-linux-ubuntu22_x86_64-7.3.2-20220804-6354275  User: oesteban  Machine: dna067  Platform: Linux  PlatformVersion: 5.14.0-427.37.1.el9_4.x86_64  CompilerName: GCC  CompilerVersion: 8.4.0
ProgramName: mri_fwhm  ProgramArguments: mri_fwhm -all-info  ProgramVersion: 7.3.2  TimeStamp: 2026/03/15-07:25:09-GMT  BuildTime: Aug  4 2022 06:17:15  BuildStamp: freesurfer-linux-ubuntu22_x86_64-7.3.2-20220804-6354275  User: oesteban  Machine: dna067  Platform: Linux  PlatformVersion: 5.14.0-427.37.1.el9_4.x86_64  CompilerName: GCC  CompilerVersion: 8.4.0
ProgramName: mri_gcut  ProgramArguments: mri_gcut -all-info  ProgramVersion: 7.3.2  TimeStamp: 2026/03/15-07:25:09-GMT  BuildTime: Aug  4 2022 06:17:15  BuildStamp: freesurfer-linux-ubuntu22_x86_64-7.3.2-20220804-6354275  User: oesteban  Machine: dna067  Platform: Linux  PlatformVersion: 5.14.0-427.37.1.el9_4.x86_64  CompilerName: GCC  CompilerVersion: 8.4.0
ProgramName: mri_info  ProgramArguments: mri_info -all-info  ProgramVersion: 7.3.2  TimeStamp: 2026/03/15-07:25:09-GMT  BuildTime: Aug  4 2022 06:17:15  BuildStamp: freesurfer-linux-ubuntu22_x86_64-7.3.2-20220804-6354275  User: oesteban  Machine: dna067  Platform: Linux  PlatformVersion: 5.14.0-427.37.1.el9_4.x86_64  CompilerName: GCC  CompilerVersion: 8.4.0
ProgramName: mri_label2label  ProgramArguments: mri_label2label -all-info  ProgramVersion: 7.3.2  TimeStamp: 2026/03/15-07:25:09-GMT  BuildTime: Aug  4 2022 06:17:15  BuildStamp: freesurfer-linux-ubuntu22_x86_64-7.3.2-20220804-6354275  User: oesteban  Machine: dna067  Platform: Linux  PlatformVersion: 5.14.0-427.37.1.el9_4.x86_64  CompilerName: GCC  CompilerVersion: 8.4.0
ProgramName: mri_label2vol  ProgramArguments: mri_label2vol -all-info  ProgramVersion: 7.3.2  TimeStamp: 2026/03/15-07:25:09-GMT  BuildTime: Aug  4 2022 06:17:15  BuildStamp: freesurfer-linux-ubuntu22_x86_64-7.3.2-20220804-6354275  User: oesteban  Machine: dna067  Platform: Linux  PlatformVersion: 5.14.0-427.37.1.el9_4.x86_64  CompilerName: GCC  CompilerVersion: 8.4.0
ProgramName: mri_log_likelihood  ProgramArguments: mri_log_likelihood -all-info  ProgramVersion: 7.3.2  TimeStamp: 2026/03/15-07:25:09-GMT  BuildTime: Aug  4 2022 06:17:15  BuildStamp: freesurfer-linux-ubuntu22_x86_64-7.3.2-20220804-6354275  User: oesteban  Machine: dna067  Platform: Linux  PlatformVersion: 5.14.0-427.37.1.el9_4.x86_64  CompilerName: GCC  CompilerVersion: 8.4.0
ProgramName: mri_mask  ProgramArguments: mri_mask -all-info  ProgramVersion: 7.3.2  TimeStamp: 2026/03/15-07:25:09-GMT  BuildTime: Aug  4 2022 06:17:15  BuildStamp: freesurfer-linux-ubuntu22_x86_64-7.3.2-20220804-6354275  User: oesteban  Machine: dna067  Platform: Linux  PlatformVersion: 5.14.0-427.37.1.el9_4.x86_64  CompilerName: GCC  CompilerVersion: 8.4.0
ProgramName: mri_matrix_multiply  ProgramArguments: mri_matrix_multiply -all-info  ProgramVersion: 7.3.2  TimeStamp: 2026/03/15-07:25:09-GMT  BuildTime: Aug  4 2022 06:17:15  BuildStamp: freesurfer-linux-ubuntu22_x86_64-7.3.2-20220804-6354275  User: oesteban  Machine: dna067  Platform: Linux  PlatformVersion: 5.14.0-427.37.1.el9_4.x86_64  CompilerName: GCC  CompilerVersion: 8.4.0
ProgramName: mri_normalize  ProgramArguments: mri_normalize -all-info  ProgramVersion: 7.3.2  TimeStamp: 2026/03/15-07:25:09-GMT  BuildTime: Aug  4 2022 06:17:15  BuildStamp: freesurfer-linux-ubuntu22_x86_64-7.3.2-20220804-6354275  User: oesteban  Machine: dna067  Platform: Linux  PlatformVersion: 5.14.0-427.37.1.el9_4.x86_64  CompilerName: GCC  CompilerVersion: 8.4.0
ProgramName: mri_normalize_tp2  ProgramArguments: mri_normalize_tp2 -all-info  ProgramVersion: 7.3.2  TimeStamp: 2026/03/15-07:25:09-GMT  BuildTime: Aug  4 2022 06:17:15  BuildStamp: freesurfer-linux-ubuntu22_x86_64-7.3.2-20220804-6354275  User: oesteban  Machine: dna067  Platform: Linux  PlatformVersion: 5.14.0-427.37.1.el9_4.x86_64  CompilerName: GCC  CompilerVersion: 8.4.0
ProgramName: mri_or  ProgramArguments: mri_or -all-info  ProgramVersion: 7.3.2  TimeStamp: 2026/03/15-07:25:09-GMT  BuildTime: Aug  4 2022 06:17:15  BuildStamp: freesurfer-linux-ubuntu22_x86_64-7.3.2-20220804-6354275  User: oesteban  Machine: dna067  Platform: Linux  PlatformVersion: 5.14.0-427.37.1.el9_4.x86_64  CompilerName: GCC  CompilerVersion: 8.4.0
ProgramName: mri_relabel_hypointensities  ProgramArguments: mri_relabel_hypointensities -all-info  ProgramVersion: 7.3.2  TimeStamp: 2026/03/15-07:25:09-GMT  BuildTime: Aug  4 2022 06:17:15  BuildStamp: freesurfer-linux-ubuntu22_x86_64-7.3.2-20220804-6354275  User: oesteban  Machine: dna067  Platform: Linux  PlatformVersion: 5.14.0-427.37.1.el9_4.x86_64  CompilerName: GCC  CompilerVersion: 8.4.0
ProgramName: mri_relabel_nonwm_hypos  ProgramArguments: mri_relabel_nonwm_hypos -all-info  ProgramVersion: 7.3.2  TimeStamp: 2026/03/15-07:25:09-GMT  BuildTime: Aug  4 2022 06:17:15  BuildStamp: freesurfer-linux-ubuntu22_x86_64-7.3.2-20220804-6354275  User: oesteban  Machine: dna067  Platform: Linux  PlatformVersion: 5.14.0-427.37.1.el9_4.x86_64  CompilerName: GCC  CompilerVersion: 8.4.0
ProgramName: mri_remove_neck  ProgramArguments: mri_remove_neck -all-info  ProgramVersion: 7.3.2  TimeStamp: 2026/03/15-07:25:09-GMT  BuildTime: Aug  4 2022 06:17:15  BuildStamp: freesurfer-linux-ubuntu22_x86_64-7.3.2-20220804-6354275  User: oesteban  Machine: dna067  Platform: Linux  PlatformVersion: 5.14.0-427.37.1.el9_4.x86_64  CompilerName: GCC  CompilerVersion: 8.4.0
7.3.2

ProgramName: mri_robust_register  ProgramArguments: mri_robust_register -all-info  ProgramVersion: 7.3.2  TimeStamp: 2026/03/15-07:25:09-GMT  BuildTime: Aug  4 2022 06:17:15  BuildStamp: freesurfer-linux-ubuntu22_x86_64-7.3.2-20220804-6354275  User: oesteban  Machine: dna067  Platform: Linux  PlatformVersion: 5.14.0-427.37.1.el9_4.x86_64  CompilerName: GCC  CompilerVersion: 8.4.0
7.3.2

ProgramName: mri_robust_template  ProgramArguments: mri_robust_template -all-info  ProgramVersion: 7.3.2  TimeStamp: 2026/03/15-07:25:09-GMT  BuildTime: Aug  4 2022 06:17:15  BuildStamp: freesurfer-linux-ubuntu22_x86_64-7.3.2-20220804-6354275  User: oesteban  Machine: dna067  Platform: Linux  PlatformVersion: 5.14.0-427.37.1.el9_4.x86_64  CompilerName: GCC  CompilerVersion: 8.4.0
ProgramName: mris_anatomical_stats  ProgramArguments: mris_anatomical_stats -all-info  ProgramVersion: 7.3.2  TimeStamp: 2026/03/15-07:25:09-GMT  BuildTime: Aug  4 2022 06:17:15  BuildStamp: freesurfer-linux-ubuntu22_x86_64-7.3.2-20220804-6354275  User: oesteban  Machine: dna067  Platform: Linux  PlatformVersion: 5.14.0-427.37.1.el9_4.x86_64  CompilerName: GCC  CompilerVersion: 8.4.0
ProgramName: mris_ca_label  ProgramArguments: mris_ca_label -all-info  ProgramVersion: 7.3.2  TimeStamp: 2026/03/15-07:25:09-GMT  BuildTime: Aug  4 2022 06:17:15  BuildStamp: freesurfer-linux-ubuntu22_x86_64-7.3.2-20220804-6354275  User: oesteban  Machine: dna067  Platform: Linux  PlatformVersion: 5.14.0-427.37.1.el9_4.x86_64  CompilerName: GCC  CompilerVersion: 8.4.0
ProgramName: mris_calc  ProgramArguments: mris_calc -all-info  ProgramVersion: 7.3.2  TimeStamp: 2026/03/15-07:25:09-GMT  BuildTime: Aug  4 2022 06:17:15  BuildStamp: freesurfer-linux-ubuntu22_x86_64-7.3.2-20220804-6354275  User: oesteban  Machine: dna067  Platform: Linux  PlatformVersion: 5.14.0-427.37.1.el9_4.x86_64  CompilerName: GCC  CompilerVersion: 8.4.0
ProgramName: mris_convert  ProgramArguments: mris_convert -all-info  ProgramVersion: 7.3.2  TimeStamp: 2026/03/15-07:25:09-GMT  BuildTime: Aug  4 2022 06:17:15  BuildStamp: freesurfer-linux-ubuntu22_x86_64-7.3.2-20220804-6354275  User: oesteban  Machine: dna067  Platform: Linux  PlatformVersion: 5.14.0-427.37.1.el9_4.x86_64  CompilerName: GCC  CompilerVersion: 8.4.0
ProgramName: mris_curvature  ProgramArguments: mris_curvature -all-info  ProgramVersion: 7.3.2  TimeStamp: 2026/03/15-07:25:09-GMT  BuildTime: Aug  4 2022 06:17:15  BuildStamp: freesurfer-linux-ubuntu22_x86_64-7.3.2-20220804-6354275  User: oesteban  Machine: dna067  Platform: Linux  PlatformVersion: 5.14.0-427.37.1.el9_4.x86_64  CompilerName: GCC  CompilerVersion: 8.4.0
ProgramName: mris_curvature_stats  ProgramArguments: mris_curvature_stats -all-info  ProgramVersion: 7.3.2  TimeStamp: 2026/03/15-07:25:09-GMT  BuildTime: Aug  4 2022 06:17:15  BuildStamp: freesurfer-linux-ubuntu22_x86_64-7.3.2-20220804-6354275  User: oesteban  Machine: dna067  Platform: Linux  PlatformVersion: 5.14.0-427.37.1.el9_4.x86_64  CompilerName: GCC  CompilerVersion: 8.4.0
ProgramName: mris_diff  ProgramArguments: mris_diff -all-info  ProgramVersion: 7.3.2  TimeStamp: 2026/03/15-07:25:09-GMT  BuildTime: Aug  4 2022 06:17:15  BuildStamp: freesurfer-linux-ubuntu22_x86_64-7.3.2-20220804-6354275  User: oesteban  Machine: dna067  Platform: Linux  PlatformVersion: 5.14.0-427.37.1.el9_4.x86_64  CompilerName: GCC  CompilerVersion: 8.4.0
ProgramName: mris_divide_parcellation  ProgramArguments: mris_divide_parcellation -all-info  ProgramVersion: 7.3.2  TimeStamp: 2026/03/15-07:25:09-GMT  BuildTime: Aug  4 2022 06:17:15  BuildStamp: freesurfer-linux-ubuntu22_x86_64-7.3.2-20220804-6354275  User: oesteban  Machine: dna067  Platform: Linux  PlatformVersion: 5.14.0-427.37.1.el9_4.x86_64  CompilerName: GCC  CompilerVersion: 8.4.0
ProgramName: mri_segment  ProgramArguments: mri_segment -all-info  ProgramVersion: 7.3.2  TimeStamp: 2026/03/15-07:25:09-GMT  BuildTime: Aug  4 2022 06:17:15  BuildStamp: freesurfer-linux-ubuntu22_x86_64-7.3.2-20220804-6354275  User: oesteban  Machine: dna067  Platform: Linux  PlatformVersion: 5.14.0-427.37.1.el9_4.x86_64  CompilerName: GCC  CompilerVersion: 8.4.0
ProgramName: mri_segstats  ProgramArguments: mri_segstats -all-info  ProgramVersion: 7.3.2  TimeStamp: 2026/03/15-07:25:09-GMT  BuildTime: Aug  4 2022 06:17:15  BuildStamp: freesurfer-linux-ubuntu22_x86_64-7.3.2-20220804-6354275  User: oesteban  Machine: dna067  Platform: Linux  PlatformVersion: 5.14.0-427.37.1.el9_4.x86_64  CompilerName: GCC  CompilerVersion: 8.4.0
ProgramName: mris_euler_number  ProgramArguments: mris_euler_number -all-info  ProgramVersion: 7.3.2  TimeStamp: 2026/03/15-07:25:09-GMT  BuildTime: Aug  4 2022 06:17:15  BuildStamp: freesurfer-linux-ubuntu22_x86_64-7.3.2-20220804-6354275  User: oesteban  Machine: dna067  Platform: Linux  PlatformVersion: 5.14.0-427.37.1.el9_4.x86_64  CompilerName: GCC  CompilerVersion: 8.4.0
ProgramName: mris_fix_topology  ProgramArguments: mris_fix_topology -all-info  ProgramVersion: 7.3.2  TimeStamp: 2026/03/15-07:25:09-GMT  BuildTime: Aug  4 2022 06:17:15  BuildStamp: freesurfer-linux-ubuntu22_x86_64-7.3.2-20220804-6354275  User: oesteban  Machine: dna067  Platform: Linux  PlatformVersion: 5.14.0-427.37.1.el9_4.x86_64  CompilerName: GCC  CompilerVersion: 8.4.0
ProgramName: mris_topo_fixer  ProgramArguments: mris_topo_fixer -all-info  ProgramVersion: 7.3.2  TimeStamp: 2026/03/15-07:25:09-GMT  BuildTime: Aug  4 2022 06:17:15  BuildStamp: freesurfer-linux-ubuntu22_x86_64-7.3.2-20220804-6354275  User: oesteban  Machine: dna067  Platform: Linux  PlatformVersion: 5.14.0-427.37.1.el9_4.x86_64  CompilerName: GCC  CompilerVersion: 8.4.0
ProgramName: mris_jacobian  ProgramArguments: mris_jacobian -all-info  ProgramVersion: 7.3.2  TimeStamp: 2026/03/15-07:25:09-GMT  BuildTime: Aug  4 2022 06:17:15  BuildStamp: freesurfer-linux-ubuntu22_x86_64-7.3.2-20220804-6354275  User: oesteban  Machine: dna067  Platform: Linux  PlatformVersion: 5.14.0-427.37.1.el9_4.x86_64  CompilerName: GCC  CompilerVersion: 8.4.0
ProgramName: mris_label2annot  ProgramArguments: mris_label2annot -all-info  ProgramVersion: 7.3.2  TimeStamp: 2026/03/15-07:25:09-GMT  BuildTime: Aug  4 2022 06:17:15  BuildStamp: freesurfer-linux-ubuntu22_x86_64-7.3.2-20220804-6354275  User: oesteban  Machine: dna067  Platform: Linux  PlatformVersion: 5.14.0-427.37.1.el9_4.x86_64  CompilerName: GCC  CompilerVersion: 8.4.0
ProgramName: mris_left_right_register  ProgramArguments: mris_left_right_register -all-info  ProgramVersion: 7.3.2  TimeStamp: 2026/03/15-07:25:09-GMT  BuildTime: Aug  4 2022 06:17:15  BuildStamp: freesurfer-linux-ubuntu22_x86_64-7.3.2-20220804-6354275  User: oesteban  Machine: dna067  Platform: Linux  PlatformVersion: 5.14.0-427.37.1.el9_4.x86_64  CompilerName: GCC  CompilerVersion: 8.4.0
ProgramName: mris_place_surface  ProgramArguments: mris_place_surface -all-info  ProgramVersion: 7.3.2  TimeStamp: 2026/03/15-07:25:09-GMT  BuildTime: Aug  4 2022 06:17:15  BuildStamp: freesurfer-linux-ubuntu22_x86_64-7.3.2-20220804-6354275  User: oesteban  Machine: dna067  Platform: Linux  PlatformVersion: 5.14.0-427.37.1.el9_4.x86_64  CompilerName: GCC  CompilerVersion: 8.4.0
ProgramName: mrisp_paint  ProgramArguments: mrisp_paint -all-info  ProgramVersion: 7.3.2  TimeStamp: 2026/03/15-07:25:09-GMT  BuildTime: Aug  4 2022 06:17:15  BuildStamp: freesurfer-linux-ubuntu22_x86_64-7.3.2-20220804-6354275  User: oesteban  Machine: dna067  Platform: Linux  PlatformVersion: 5.14.0-427.37.1.el9_4.x86_64  CompilerName: GCC  CompilerVersion: 8.4.0
ProgramName: mris_register  ProgramArguments: mris_register -all-info  ProgramVersion: 7.3.2  TimeStamp: 2026/03/15-07:25:09-GMT  BuildTime: Aug  4 2022 06:17:15  BuildStamp: freesurfer-linux-ubuntu22_x86_64-7.3.2-20220804-6354275  User: oesteban  Machine: dna067  Platform: Linux  PlatformVersion: 5.14.0-427.37.1.el9_4.x86_64  CompilerName: GCC  CompilerVersion: 8.4.0
ProgramName: mris_smooth  ProgramArguments: mris_smooth -all-info  ProgramVersion: 7.3.2  TimeStamp: 2026/03/15-07:25:09-GMT  BuildTime: Aug  4 2022 06:17:15  BuildStamp: freesurfer-linux-ubuntu22_x86_64-7.3.2-20220804-6354275  User: oesteban  Machine: dna067  Platform: Linux  PlatformVersion: 5.14.0-427.37.1.el9_4.x86_64  CompilerName: GCC  CompilerVersion: 8.4.0
ProgramName: mris_sphere  ProgramArguments: mris_sphere -all-info  ProgramVersion: 7.3.2  TimeStamp: 2026/03/15-07:25:09-GMT  BuildTime: Aug  4 2022 06:17:15  BuildStamp: freesurfer-linux-ubuntu22_x86_64-7.3.2-20220804-6354275  User: oesteban  Machine: dna067  Platform: Linux  PlatformVersion: 5.14.0-427.37.1.el9_4.x86_64  CompilerName: GCC  CompilerVersion: 8.4.0
ProgramName: mris_surface_stats  ProgramArguments: mris_surface_stats -all-info  ProgramVersion: 7.3.2  TimeStamp: 2026/03/15-07:25:09-GMT  BuildTime: Aug  4 2022 06:17:15  BuildStamp: freesurfer-linux-ubuntu22_x86_64-7.3.2-20220804-6354275  User: oesteban  Machine: dna067  Platform: Linux  PlatformVersion: 5.14.0-427.37.1.el9_4.x86_64  CompilerName: GCC  CompilerVersion: 8.4.0
ProgramName: mri_stats2seg  ProgramArguments: mri_stats2seg -all-info  ProgramVersion: 7.3.2  TimeStamp: 2026/03/15-07:25:09-GMT  BuildTime: Aug  4 2022 06:17:15  BuildStamp: freesurfer-linux-ubuntu22_x86_64-7.3.2-20220804-6354275  User: oesteban  Machine: dna067  Platform: Linux  PlatformVersion: 5.14.0-427.37.1.el9_4.x86_64  CompilerName: GCC  CompilerVersion: 8.4.0
ProgramName: mris_thickness  ProgramArguments: mris_thickness -all-info  ProgramVersion: 7.3.2  TimeStamp: 2026/03/15-07:25:09-GMT  BuildTime: Aug  4 2022 06:17:15  BuildStamp: freesurfer-linux-ubuntu22_x86_64-7.3.2-20220804-6354275  User: oesteban  Machine: dna067  Platform: Linux  PlatformVersion: 5.14.0-427.37.1.el9_4.x86_64  CompilerName: GCC  CompilerVersion: 8.4.0
ProgramName: mris_thickness_diff  ProgramArguments: mris_thickness_diff -all-info  ProgramVersion: 7.3.2  TimeStamp: 2026/03/15-07:25:09-GMT  BuildTime: Aug  4 2022 06:17:15  BuildStamp: freesurfer-linux-ubuntu22_x86_64-7.3.2-20220804-6354275  User: oesteban  Machine: dna067  Platform: Linux  PlatformVersion: 5.14.0-427.37.1.el9_4.x86_64  CompilerName: GCC  CompilerVersion: 8.4.0
ProgramName: mris_topo_fixer  ProgramArguments: mris_topo_fixer -all-info  ProgramVersion: 7.3.2  TimeStamp: 2026/03/15-07:25:09-GMT  BuildTime: Aug  4 2022 06:17:15  BuildStamp: freesurfer-linux-ubuntu22_x86_64-7.3.2-20220804-6354275  User: oesteban  Machine: dna067  Platform: Linux  PlatformVersion: 5.14.0-427.37.1.el9_4.x86_64  CompilerName: GCC  CompilerVersion: 8.4.0
ProgramName: mri_surf2surf  ProgramArguments: mri_surf2surf -all-info  ProgramVersion: 7.3.2  TimeStamp: 2026/03/15-07:25:09-GMT  BuildTime: Aug  4 2022 06:17:15  BuildStamp: freesurfer-linux-ubuntu22_x86_64-7.3.2-20220804-6354275  User: oesteban  Machine: dna067  Platform: Linux  PlatformVersion: 5.14.0-427.37.1.el9_4.x86_64  CompilerName: GCC  CompilerVersion: 8.4.0
ProgramName: mri_surf2vol  ProgramArguments: mri_surf2vol -all-info  ProgramVersion: 7.3.2  TimeStamp: 2026/03/15-07:25:09-GMT  BuildTime: Aug  4 2022 06:17:15  BuildStamp: freesurfer-linux-ubuntu22_x86_64-7.3.2-20220804-6354275  User: oesteban  Machine: dna067  Platform: Linux  PlatformVersion: 5.14.0-427.37.1.el9_4.x86_64  CompilerName: GCC  CompilerVersion: 8.4.0
ProgramName: mri_surfcluster  ProgramArguments: mri_surfcluster -all-info  ProgramVersion: 7.3.2  TimeStamp: 2026/03/15-07:25:09-GMT  BuildTime: Aug  4 2022 06:17:15  BuildStamp: freesurfer-linux-ubuntu22_x86_64-7.3.2-20220804-6354275  User: oesteban  Machine: dna067  Platform: Linux  PlatformVersion: 5.14.0-427.37.1.el9_4.x86_64  CompilerName: GCC  CompilerVersion: 8.4.0
ProgramName: mris_volmask  ProgramArguments: mris_volmask -all-info  ProgramVersion: 7.3.2  TimeStamp: 2026/03/15-07:25:09-GMT  BuildTime: Aug  4 2022 06:17:15  BuildStamp: freesurfer-linux-ubuntu22_x86_64-7.3.2-20220804-6354275  User: oesteban  Machine: dna067  Platform: Linux  PlatformVersion: 5.14.0-427.37.1.el9_4.x86_64  CompilerName: GCC  CompilerVersion: 8.4.0
ProgramName: mri_tessellate  ProgramArguments: mri_tessellate -all-info  ProgramVersion: 7.3.2  TimeStamp: 2026/03/15-07:25:09-GMT  BuildTime: Aug  4 2022 06:17:15  BuildStamp: freesurfer-linux-ubuntu22_x86_64-7.3.2-20220804-6354275  User: oesteban  Machine: dna067  Platform: Linux  PlatformVersion: 5.14.0-427.37.1.el9_4.x86_64  CompilerName: GCC  CompilerVersion: 8.4.0
ProgramName: mri_vol2surf  ProgramArguments: mri_vol2surf -all-info  ProgramVersion: 7.3.2  TimeStamp: 2026/03/15-07:25:09-GMT  BuildTime: Aug  4 2022 06:17:15  BuildStamp: freesurfer-linux-ubuntu22_x86_64-7.3.2-20220804-6354275  User: oesteban  Machine: dna067  Platform: Linux  PlatformVersion: 5.14.0-427.37.1.el9_4.x86_64  CompilerName: GCC  CompilerVersion: 8.4.0
ProgramName: mri_vol2vol  ProgramArguments: mri_vol2vol -all-info  ProgramVersion: 7.3.2  TimeStamp: 2026/03/15-07:25:09-GMT  BuildTime: Aug  4 2022 06:17:15  BuildStamp: freesurfer-linux-ubuntu22_x86_64-7.3.2-20220804-6354275  User: oesteban  Machine: dna067  Platform: Linux  PlatformVersion: 5.14.0-427.37.1.el9_4.x86_64  CompilerName: GCC  CompilerVersion: 8.4.0
ProgramName: mri_voldiff  ProgramArguments: mri_voldiff -all-info  ProgramVersion: 7.3.2  TimeStamp: 2026/03/15-07:25:09-GMT  BuildTime: Aug  4 2022 06:17:15  BuildStamp: freesurfer-linux-ubuntu22_x86_64-7.3.2-20220804-6354275  User: oesteban  Machine: dna067  Platform: Linux  PlatformVersion: 5.14.0-427.37.1.el9_4.x86_64  CompilerName: GCC  CompilerVersion: 8.4.0
ProgramName: mri_watershed  ProgramArguments: mri_watershed -all-info  ProgramVersion: 7.3.2  TimeStamp: 2026/03/15-07:25:09-GMT  BuildTime: Aug  4 2022 06:17:15  BuildStamp: freesurfer-linux-ubuntu22_x86_64-7.3.2-20220804-6354275  User: oesteban  Machine: dna067  Platform: Linux  PlatformVersion: 5.14.0-427.37.1.el9_4.x86_64  CompilerName: GCC  CompilerVersion: 8.4.0
ProgramName: tkregister2  ProgramArguments: tkregister2_cmdl -all-info  ProgramVersion: 7.3.2  TimeStamp: 2026/03/15-07:25:09-GMT  BuildTime: Aug  4 2022 06:17:15  BuildStamp: freesurfer-linux-ubuntu22_x86_64-7.3.2-20220804-6354275  User: oesteban  Machine: dna067  Platform: Linux  PlatformVersion: 5.14.0-427.37.1.el9_4.x86_64  CompilerName: GCC  CompilerVersion: 8.4.0
mri_motion_correct.fsl 7.3.2
mri_convert -all-info 
ProgramName: mri_convert  ProgramArguments: mri_convert -all-info  ProgramVersion: 7.3.2  TimeStamp: 2026/03/15-07:25:09-GMT  BuildTime: Aug  4 2022 06:17:15  BuildStamp: freesurfer-linux-ubuntu22_x86_64-7.3.2-20220804-6354275  User: oesteban  Machine: dna067  Platform: Linux  PlatformVersion: 5.14.0-427.37.1.el9_4.x86_64  CompilerName: GCC  CompilerVersion: 8.4.0
Program nu_correct, built from:
Package MNI N3, version 1.12.0, compiled by nicks@terrier (x86_64-unknown-linux-gnu) on 2015-06-19 at 01:25:34
#######################################
GCADIR /opt/freesurfer/average
GCA RB_all_2020-01-02.gca
GCASkull RB_all_withskull_2020_01_02.gca
AvgCurvTif folding.atlas.acfb40.noaparc.i12.2016-08-02.tif
GCSDIR /opt/freesurfer/average
GCS DKaparc.atlas.acfb40.noaparc.i12.2016-08-02.gcs
#######################################
#--------------------------------------
#@# CA Normalize Sun Mar 15 08:25:09 CET 2026
/out/sourcedata/freesurfer/sub-v2s10x28930_ses-1/mri

 mri_ca_normalize -c ctrl_pts.mgz -mask brainmask.mgz nu.mgz /opt/freesurfer/average/RB_all_2020-01-02.gca transforms/talairach.lta norm.mgz 

writing control point volume to ctrl_pts.mgz
using MR volume brainmask.mgz to mask input volume...
reading 1 input volume
reading atlas from '/opt/freesurfer/average/RB_all_2020-01-02.gca'...
reading transform from 'transforms/talairach.lta'...
reading input volume from nu.mgz...
resetting wm mean[0]: 98 --> 107
resetting gm mean[0]: 61 --> 61
input volume #1 is the most T1-like
using real data threshold=26.1
skull bounding box = (57, 30, 38) --> (201, 159, 193)
finding center of left hemi white matter
using (105, 73, 116) as brain centroid of Right_Cerebral_White_Matter...
mean wm in atlas = 107, using box (87,57,97) --> (122, 88,135) to find MRI wm
before smoothing, mri peak at 108
robust fit to distribution - 108 +- 3.9
after smoothing, mri peak at 109, scaling input intensities by 0.982
scaling channel 0 by 0.981651
using 246437 sample points...
INFO: compute sample coordinates transform
 0.95899  -0.05118  -0.02144   9.18040;
 0.05045   1.12587   0.16044  -6.56510;
 0.01422  -0.18871   1.00531   8.59841;
 0.00000   0.00000   0.00000   1.00000;
INFO: transform used
finding control points in Left_Cerebral_White_Matter....
found 40230 control points for structure...
bounding box (128, 31, 35) --> (199, 130, 199)
Left_Cerebral_White_Matter: limiting intensities to 95.0 --> 132.0
9 of 8913 (0.1%) samples deleted
finding control points in Right_Cerebral_White_Matter....
found 39478 control points for structure...
bounding box (61, 34, 35) --> (131, 135, 200)
Right_Cerebral_White_Matter: limiting intensities to 94.0 --> 132.0
9 of 9251 (0.1%) samples deleted
finding control points in Left_Cerebellum_White_Matter....
found 3105 control points for structure...
bounding box (132, 107, 62) --> (183, 146, 115)
Left_Cerebellum_White_Matter: limiting intensities to 96.0 --> 132.0
0 of 524 (0.0%) samples deleted
finding control points in Right_Cerebellum_White_Matter....
found 2710 control points for structure...
bounding box (85, 107, 60) --> (131, 148, 117)
Right_Cerebellum_White_Matter: limiting intensities to 94.0 --> 132.0
1 of 595 (0.2%) samples deleted
finding control points in Brain_Stem....
found 3475 control points for structure...
bounding box (113, 100, 98) --> (150, 160, 127)
Brain_Stem: limiting intensities to 88.0 --> 132.0
1 of 732 (0.1%) samples deleted
using 20015 total control points for intensity normalization...
bias field = 0.971 +- 0.070
84 of 19995 control points discarded
finding control points in Left_Cerebral_White_Matter....
found 40230 control points for structure...
bounding box (128, 31, 35) --> (199, 130, 199)
Left_Cerebral_White_Matter: limiting intensities to 90.0 --> 132.0
7 of 9004 (0.1%) samples deleted
finding control points in Right_Cerebral_White_Matter....
found 39478 control points for structure...
bounding box (61, 34, 35) --> (131, 135, 200)
Right_Cerebral_White_Matter: limiting intensities to 88.0 --> 132.0
10 of 9361 (0.1%) samples deleted
finding control points in Left_Cerebellum_White_Matter....
found 3105 control points for structure...
bounding box (132, 107, 62) --> (183, 146, 115)
Left_Cerebellum_White_Matter: limiting intensities to 88.0 --> 132.0
39 of 599 (6.5%) samples deleted
finding control points in Right_Cerebellum_White_Matter....
found 2710 control points for structure...
bounding box (85, 107, 60) --> (131, 148, 117)
Right_Cerebellum_White_Matter: limiting intensities to 88.0 --> 132.0
100 of 661 (15.1%) samples deleted
finding control points in Brain_Stem....
found 3475 control points for structure...
bounding box (113, 100, 98) --> (150, 160, 127)
Brain_Stem: limiting intensities to 88.0 --> 132.0
278 of 923 (30.1%) samples deleted
using 20548 total control points for intensity normalization...
bias field = 1.030 +- 0.049
72 of 20038 control points discarded
finding control points in Left_Cerebral_White_Matter....
found 40230 control points for structure...
bounding box (128, 31, 35) --> (199, 130, 199)
Left_Cerebral_White_Matter: limiting intensities to 90.0 --> 132.0
7 of 8922 (0.1%) samples deleted
finding control points in Right_Cerebral_White_Matter....
found 39478 control points for structure...
bounding box (61, 34, 35) --> (131, 135, 200)
Right_Cerebral_White_Matter: limiting intensities to 89.0 --> 132.0
24 of 9288 (0.3%) samples deleted
finding control points in Left_Cerebellum_White_Matter....
found 3105 control points for structure...
bounding box (132, 107, 62) --> (183, 146, 115)
Left_Cerebellum_White_Matter: limiting intensities to 88.0 --> 132.0
235 of 625 (37.6%) samples deleted
finding control points in Right_Cerebellum_White_Matter....
found 2710 control points for structure...
bounding box (85, 107, 60) --> (131, 148, 117)
Right_Cerebellum_White_Matter: limiting intensities to 88.0 --> 132.0
383 of 677 (56.6%) samples deleted
finding control points in Brain_Stem....
found 3475 control points for structure...
bounding box (113, 100, 98) --> (150, 160, 127)
Brain_Stem: limiting intensities to 88.0 --> 132.0
631 of 974 (64.8%) samples deleted
using 20486 total control points for intensity normalization...
bias field = 1.022 +- 0.037
20 of 19117 control points discarded
writing normalized volume to norm.mgz...
writing control points to ctrl_pts.mgz
freeing GCA...done.
normalization took 0 minutes and 53 seconds.
#--------------------------------------
#@# CA Reg Sun Mar 15 08:26:03 CET 2026
/out/sourcedata/freesurfer/sub-v2s10x28930_ses-1/mri

 mri_ca_register -nobigventricles -T transforms/talairach.lta -align-after -mask brainmask.mgz norm.mgz /opt/freesurfer/average/RB_all_2020-01-02.gca transforms/talairach.m3z 

not handling expanded ventricles...
using previously computed transform transforms/talairach.lta
renormalizing sequences with structure alignment, equivalent to:
	-renormalize
	-regularize_mean 0.500
	-regularize 0.500
using MR volume brainmask.mgz to mask input volume...

== Number of threads available to mri_ca_register for OpenMP = 16 == 
reading 1 input volumes...
logging results to talairach.log
reading input volume 'norm.mgz'...
reading GCA '/opt/freesurfer/average/RB_all_2020-01-02.gca'...
label assignment complete, 0 changed (0.00%)
freeing gibbs priors...done.
average std[0] = 5.0
Starting GCAMregister()
label assignment complete, 0 changed (0.00%)
npasses = 1, nlevels = 6
#pass# 1 of 1 ************************
enabling zero nodes
setting smoothness cost coefficient to 0.156

#GCAMreg# pass 0 level1 5 level2 0 tsec 0 sigma 2
l_jacobian=1.00 l_label=1.00 l_log_likelihood=0.20 l_smoothness=0.16 
tol=2.50e-01, dt=5.00e-02, exp_k=20.0, momentum=0.90, levels=6, niter=500, lbl_dist=10.00, avgs=256, sigma=2.0,type=2, relabel=0, neg=no

blurring input image with Gaussian with sigma=2.000...
GCAMRegisterLevel(): init RMS 0.756471
#FOTS# QuadFit found better minimum quadopt=(dt=190.887,rms=0.70388) vs oldopt=(dt=92.48,rms=0.717714)
#GCMRL#    0 dt 190.886957 rms  0.704  6.952% neg 0  invalid 762 tFOTS 2.7810 tGradient 2.3880 tsec 5.3910
#FOTS# QuadFit found better minimum quadopt=(dt=150.667,rms=0.695135) vs oldopt=(dt=92.48,rms=0.696704)
#GCMRL#    1 dt 150.666667 rms  0.695  1.242% neg 0  invalid 762 tFOTS 2.8340 tGradient 2.2960 tsec 5.3630
#GCMRL#    2 dt 369.920000 rms  0.685  1.393% neg 0  invalid 762 tFOTS 2.8830 tGradient 2.4000 tsec 5.5150
#FOTS# QuadFit found better minimum quadopt=(dt=129.472,rms=0.681219) vs oldopt=(dt=92.48,rms=0.681552)
#GCMRL#    3 dt 129.472000 rms  0.681  0.618% neg 0  invalid 762 tFOTS 3.0080 tGradient 2.3910 tsec 5.6260
#FOTS# QuadFit found better minimum quadopt=(dt=517.888,rms=0.675369) vs oldopt=(dt=369.92,rms=0.676128)
#GCMRL#    4 dt 517.888000 rms  0.675  0.859% neg 0  invalid 762 tFOTS 2.7520 tGradient 2.2720 tsec 5.2320
#FOTS# QuadFit found better minimum quadopt=(dt=110.976,rms=0.672844) vs oldopt=(dt=92.48,rms=0.672913)
#GCMRL#    5 dt 110.976000 rms  0.673  0.374% neg 0  invalid 762 tFOTS 2.8710 tGradient 2.2760 tsec 5.3580
#FOTS# QuadFit found better minimum quadopt=(dt=1775.62,rms=0.665289) vs oldopt=(dt=1479.68,rms=0.665418)
#GCMRL#    6 dt 1775.616000 rms  0.665  1.123% neg 0  invalid 762 tFOTS 2.7540 tGradient 2.4050 tsec 5.3620
#FOTS# QuadFit found better minimum quadopt=(dt=110.976,rms=0.66224) vs oldopt=(dt=92.48,rms=0.662249)
#GCMRL#    7 dt 110.976000 rms  0.662  0.458% neg 0  invalid 762 tFOTS 2.8690 tGradient 2.3070 tsec 5.3790
#FOTS# QuadFit found better minimum quadopt=(dt=443.904,rms=0.661504) vs oldopt=(dt=369.92,rms=0.661512)
#GCMRL#    8 dt 443.904000 rms  0.662  0.000% neg 0  invalid 762 tFOTS 2.7430 tGradient 2.4160 tsec 5.3790

#GCAMreg# pass 0 level1 5 level2 1 tsec 59.611 sigma 0.5
l_jacobian=1.00 l_label=1.00 l_log_likelihood=0.20 l_smoothness=0.16 
tol=2.50e-01, dt=5.00e-02, exp_k=20.0, momentum=0.90, levels=6, niter=500, lbl_dist=10.00, avgs=256, sigma=0.5,type=2, relabel=0, neg=no

blurring input image with Gaussian with sigma=0.500...
GCAMRegisterLevel(): init RMS 0.661903
#FOTS# QuadFit found better minimum quadopt=(dt=221.952,rms=0.659553) vs oldopt=(dt=369.92,rms=0.660019)
#GCMRL#   10 dt 221.952000 rms  0.660  0.355% neg 0  invalid 762 tFOTS 2.7210 tGradient 2.4090 tsec 5.3340
#FOTS# QuadFit found better minimum quadopt=(dt=295.936,rms=0.658634) vs oldopt=(dt=369.92,rms=0.658785)
#GCMRL#   11 dt 295.936000 rms  0.659  0.000% neg 0  invalid 762 tFOTS 2.8220 tGradient 2.4800 tsec 5.5270
setting smoothness cost coefficient to 0.615

#GCAMreg# pass 0 level1 4 level2 0 tsec 0 sigma 2
l_jacobian=1.00 l_label=1.00 l_log_likelihood=0.20 l_smoothness=0.62 
tol=2.50e-01, dt=5.00e-02, exp_k=20.0, momentum=0.90, levels=6, niter=500, lbl_dist=10.00, avgs=64, sigma=2.0,type=2, relabel=0, neg=no

blurring input image with Gaussian with sigma=2.000...
GCAMRegisterLevel(): init RMS 0.665298
#FOTS# QuadFit found better minimum quadopt=(dt=86.8991,rms=0.660316) vs oldopt=(dt=103.68,rms=0.660497)
#GCMRL#   13 dt  86.899083 rms  0.660  0.749% neg 0  invalid 762 tFOTS 2.7040 tGradient 1.7890 tsec 4.7000
#FOTS# QuadFit found better minimum quadopt=(dt=308.247,rms=0.646832) vs oldopt=(dt=414.72,rms=0.648324)
#GCMRL#   14 dt 308.247221 rms  0.647  2.042% neg 0  invalid 762 tFOTS 2.9080 tGradient 1.7850 tsec 4.9010
#FOTS# QuadFit found better minimum quadopt=(dt=42.9474,rms=0.643723) vs oldopt=(dt=25.92,rms=0.644125)
#GCMRL#   15 dt  42.947368 rms  0.644  0.481% neg 0  invalid 762 tFOTS 2.7580 tGradient 1.7220 tsec 4.6910
#FOTS# QuadFit found better minimum quadopt=(dt=31.104,rms=0.643632) vs oldopt=(dt=25.92,rms=0.643633)
#GCMRL#   16 dt  31.104000 rms  0.644  0.000% neg 0  invalid 762 tFOTS 2.9110 tGradient 1.7640 tsec 4.9000
#GCMRL#   17 dt  31.104000 rms  0.643  0.026% neg 0  invalid 762 tFOTS 0.0000 tGradient 1.7130 tsec 1.9020
#GCMRL#   18 dt  31.104000 rms  0.643  0.051% neg 0  invalid 762 tFOTS 0.0000 tGradient 1.7690 tsec 1.9600
#GCMRL#   19 dt  31.104000 rms  0.643  0.088% neg 0  invalid 762 tFOTS 0.0000 tGradient 1.6750 tsec 1.8680
#GCMRL#   20 dt  31.104000 rms  0.642  0.150% neg 0  invalid 762 tFOTS 0.0000 tGradient 1.7670 tsec 1.9610
#GCMRL#   21 dt  31.104000 rms  0.640  0.205% neg 0  invalid 762 tFOTS 0.0000 tGradient 1.8380 tsec 2.0470
#GCMRL#   22 dt  31.104000 rms  0.639  0.234% neg 0  invalid 762 tFOTS 0.0000 tGradient 1.7350 tsec 1.9320
#GCMRL#   23 dt  31.104000 rms  0.637  0.234% neg 0  invalid 762 tFOTS 0.0000 tGradient 1.7670 tsec 1.9650
#GCMRL#   24 dt  31.104000 rms  0.636  0.216% neg 0  invalid 762 tFOTS 0.0000 tGradient 1.7770 tsec 1.9660
#GCMRL#   25 dt  31.104000 rms  0.635  0.186% neg 0  invalid 762 tFOTS 0.0000 tGradient 1.7360 tsec 1.9310
#GCMRL#   26 dt  31.104000 rms  0.634  0.162% neg 0  invalid 762 tFOTS 0.0000 tGradient 1.7500 tsec 1.9470
#GCMRL#   27 dt  31.104000 rms  0.633  0.149% neg 0  invalid 762 tFOTS 0.0000 tGradient 1.7260 tsec 1.9200
#GCMRL#   28 dt  31.104000 rms  0.632  0.152% neg 0  invalid 762 tFOTS 0.0000 tGradient 1.7190 tsec 1.9210
#GCMRL#   29 dt  31.104000 rms  0.631  0.156% neg 0  invalid 762 tFOTS 0.0000 tGradient 1.7500 tsec 1.9410
#GCMRL#   30 dt  31.104000 rms  0.630  0.147% neg 0  invalid 762 tFOTS 0.0000 tGradient 1.7260 tsec 1.9180
#GCMRL#   31 dt  31.104000 rms  0.629  0.124% neg 0  invalid 762 tFOTS 0.0000 tGradient 1.7150 tsec 1.9140
#GCMRL#   32 dt  31.104000 rms  0.629  0.092% neg 0  invalid 762 tFOTS 0.0000 tGradient 1.7260 tsec 1.9360

#GCAMreg# pass 0 level1 4 level2 1 tsec 63.833 sigma 0.5
l_jacobian=1.00 l_label=1.00 l_log_likelihood=0.20 l_smoothness=0.62 
tol=2.50e-01, dt=5.00e-02, exp_k=20.0, momentum=0.90, levels=6, niter=500, lbl_dist=10.00, avgs=64, sigma=0.5,type=2, relabel=0, neg=no

blurring input image with Gaussian with sigma=0.500...
GCAMRegisterLevel(): init RMS 0.629014
#FOTS# QuadFit found better minimum quadopt=(dt=62.208,rms=0.627974) vs oldopt=(dt=103.68,rms=0.628103)
#GCMRL#   34 dt  62.208000 rms  0.628  0.165% neg 0  invalid 762 tFOTS 2.6780 tGradient 1.7510 tsec 4.6370
#GCMRL#   35 dt   0.450000 rms  0.628  0.000% neg 0  invalid 762 tFOTS 2.6950 tGradient 1.8100 tsec 4.7250
setting smoothness cost coefficient to 2.353

#GCAMreg# pass 0 level1 3 level2 0 tsec 0 sigma 2
l_jacobian=1.00 l_label=1.00 l_log_likelihood=0.20 l_smoothness=2.35 
tol=2.50e-01, dt=5.00e-02, exp_k=20.0, momentum=0.90, levels=6, niter=500, lbl_dist=10.00, avgs=16, sigma=2.0,type=2, relabel=0, neg=no

blurring input image with Gaussian with sigma=2.000...
GCAMRegisterLevel(): init RMS 0.653379
#FOTS# QuadFit found better minimum quadopt=(dt=0.4,rms=0.652904) vs oldopt=(dt=0.5,rms=0.652904)
#GCMRL#   37 dt   0.400000 rms  0.653  0.073% neg 0  invalid 762 tFOTS 2.5510 tGradient 1.4230 tsec 4.1800
#FOTS# QuadFit found better minimum quadopt=(dt=0.04375,rms=0.652905) vs oldopt=(dt=0.03125,rms=0.652905)

#GCAMreg# pass 0 level1 3 level2 1 tsec 16.575 sigma 0.5
l_jacobian=1.00 l_label=1.00 l_log_likelihood=0.20 l_smoothness=2.35 
tol=2.50e-01, dt=5.00e-02, exp_k=20.0, momentum=0.90, levels=6, niter=500, lbl_dist=10.00, avgs=16, sigma=0.5,type=2, relabel=0, neg=no

blurring input image with Gaussian with sigma=0.500...
GCAMRegisterLevel(): init RMS 0.653368
#FOTS# QuadFit found better minimum quadopt=(dt=0.4,rms=0.652893) vs oldopt=(dt=0.5,rms=0.652893)
#GCMRL#   39 dt   0.400000 rms  0.653  0.073% neg 0  invalid 762 tFOTS 2.5120 tGradient 1.4440 tsec 4.1650
#FOTS# QuadFit found better minimum quadopt=(dt=0.04375,rms=0.652893) vs oldopt=(dt=0.03125,rms=0.652893)
#GCMRL#   40 dt   0.043750 rms  0.653  0.000% neg 0  invalid 762 tFOTS 2.5190 tGradient 1.4910 tsec 4.2620
setting smoothness cost coefficient to 8.000

#GCAMreg# pass 0 level1 2 level2 0 tsec 0 sigma 2
l_jacobian=1.00 l_label=1.00 l_log_likelihood=0.20 l_smoothness=8.00 
tol=2.50e-01, dt=5.00e-02, exp_k=20.0, momentum=0.90, levels=6, niter=500, lbl_dist=10.00, avgs=4, sigma=2.0,type=2, relabel=0, neg=no

blurring input image with Gaussian with sigma=2.000...
GCAMRegisterLevel(): init RMS 0.725188
#FOTS# QuadFit found better minimum quadopt=(dt=2.5325,rms=0.698974) vs oldopt=(dt=2.88,rms=0.699464)
#GCMRL#   42 dt   2.532505 rms  0.699  3.615% neg 0  invalid 762 tFOTS 2.5500 tGradient 1.3260 tsec 4.0900
#FOTS# QuadFit found better minimum quadopt=(dt=1.94384,rms=0.695637) vs oldopt=(dt=2.88,rms=0.696426)
#GCMRL#   43 dt   1.943844 rms  0.696  0.477% neg 0  invalid 762 tFOTS 2.5790 tGradient 1.2870 tsec 4.0680
#FOTS# QuadFit found better minimum quadopt=(dt=1.75,rms=0.694803) vs oldopt=(dt=0.72,rms=0.695055)
#GCMRL#   44 dt   1.750000 rms  0.695  0.000% neg 0  invalid 762 tFOTS 2.5490 tGradient 1.2990 tsec 4.0750

#GCAMreg# pass 0 level1 2 level2 1 tsec 21.759 sigma 0.5
l_jacobian=1.00 l_label=1.00 l_log_likelihood=0.20 l_smoothness=8.00 
tol=2.50e-01, dt=5.00e-02, exp_k=20.0, momentum=0.90, levels=6, niter=500, lbl_dist=10.00, avgs=4, sigma=0.5,type=2, relabel=0, neg=no

blurring input image with Gaussian with sigma=0.500...
GCAMRegisterLevel(): init RMS 0.695184
#GCMRL#   46 dt   0.000000 rms  0.695  0.053% neg 0  invalid 762 tFOTS 2.5490 tGradient 1.2190 tsec 3.9780
setting smoothness cost coefficient to 20.000

#GCAMreg# pass 0 level1 1 level2 0 tsec 0 sigma 2
l_jacobian=1.00 l_label=1.00 l_log_likelihood=0.20 l_smoothness=20.00 
tol=2.50e-01, dt=5.00e-02, exp_k=20.0, momentum=0.90, levels=6, niter=500, lbl_dist=10.00, avgs=1, sigma=2.0,type=2, relabel=0, neg=no

blurring input image with Gaussian with sigma=2.000...
GCAMRegisterLevel(): init RMS 0.738066
#FOTS# QuadFit found better minimum quadopt=(dt=0.256,rms=0.736911) vs oldopt=(dt=0.32,rms=0.73692)
#GCMRL#   48 dt   0.256000 rms  0.737  0.156% neg 0  invalid 762 tFOTS 2.6070 tGradient 0.9840 tsec 3.8040
#GCMRL#   49 dt   1.280000 rms  0.732  0.640% neg 0  invalid 762 tFOTS 2.5960 tGradient 0.9840 tsec 3.7920
#FOTS# QuadFit found better minimum quadopt=(dt=0.256,rms=0.730702) vs oldopt=(dt=0.32,rms=0.730725)
#GCMRL#   50 dt   0.256000 rms  0.731  0.000% neg 0  invalid 762 tFOTS 2.6100 tGradient 0.9650 tsec 3.7990
#GCMRL#   51 dt   0.256000 rms  0.729  0.256% neg 0  invalid 762 tFOTS 0.0000 tGradient 0.9880 tsec 1.1810
#GCMRL#   52 dt   0.256000 rms  0.727  0.291% neg 0  invalid 762 tFOTS 0.0000 tGradient 0.9670 tsec 1.1610
#GCMRL#   53 dt   0.256000 rms  0.725  0.234% neg 0  invalid 762 tFOTS 0.0000 tGradient 0.9730 tsec 1.1710
#GCMRL#   54 dt   0.256000 rms  0.724  0.139% neg 0  invalid 762 tFOTS 0.0000 tGradient 0.9570 tsec 1.1520
#GCMRL#   55 dt   0.256000 rms  0.723  0.119% neg 0  invalid 762 tFOTS 0.0000 tGradient 0.9930 tsec 1.1890
#GCMRL#   56 dt   0.256000 rms  0.723  0.051% neg 0  invalid 762 tFOTS 0.0000 tGradient 0.9970 tsec 1.2100
#GCMRL#   57 dt   0.320000 rms  0.723  0.000% neg 0  invalid 762 tFOTS 2.5590 tGradient 0.9970 tsec 3.7930
#GCMRL#   58 dt   0.320000 rms  0.722  0.084% neg 0  invalid 762 tFOTS 0.0000 tGradient 1.0220 tsec 1.2250
#GCMRL#   59 dt   0.320000 rms  0.721  0.069% neg 0  invalid 762 tFOTS 0.0000 tGradient 1.0980 tsec 1.3060

#GCAMreg# pass 0 level1 1 level2 1 tsec 34.704 sigma 0.5
l_jacobian=1.00 l_label=1.00 l_log_likelihood=0.20 l_smoothness=20.00 
tol=2.50e-01, dt=5.00e-02, exp_k=20.0, momentum=0.90, levels=6, niter=500, lbl_dist=10.00, avgs=1, sigma=0.5,type=2, relabel=0, neg=no

blurring input image with Gaussian with sigma=0.500...
GCAMRegisterLevel(): init RMS 0.721551
#FOTS# QuadFit found better minimum quadopt=(dt=0.448,rms=0.720552) vs oldopt=(dt=0.32,rms=0.72064)
#GCMRL#   61 dt   0.448000 rms  0.721  0.139% neg 0  invalid 762 tFOTS 2.5930 tGradient 1.0260 tsec 3.8310
#GCMRL#   62 dt   0.100000 rms  0.721  0.000% neg 0  invalid 762 tFOTS 2.4110 tGradient 1.0520 tsec 3.6870
resetting metric properties...
setting smoothness cost coefficient to 40.000

#GCAMreg# pass 0 level1 0 level2 0 tsec 0 sigma 2
l_jacobian=1.00 l_label=1.00 l_log_likelihood=0.20 l_smoothness=40.00 
tol=2.50e-01, dt=5.00e-02, exp_k=20.0, momentum=0.90, levels=6, niter=500, lbl_dist=10.00, avgs=0, sigma=2.0,type=2, relabel=0, neg=no

blurring input image with Gaussian with sigma=2.000...
GCAMRegisterLevel(): init RMS 0.700147
#FOTS# QuadFit found better minimum quadopt=(dt=0.196356,rms=0.695959) vs oldopt=(dt=0.32,rms=0.697117)
#GCMRL#   64 dt   0.196356 rms  0.696  0.598% neg 0  invalid 762 tFOTS 2.5680 tGradient 0.5890 tsec 3.3740
#GCMRL#   65 dt   0.020000 rms  0.696  0.000% neg 0  invalid 762 tFOTS 2.6200 tGradient 0.5560 tsec 3.4000

#GCAMreg# pass 0 level1 0 level2 1 tsec 15.64 sigma 0.5
l_jacobian=1.00 l_label=1.00 l_log_likelihood=0.20 l_smoothness=40.00 
tol=2.50e-01, dt=5.00e-02, exp_k=20.0, momentum=0.90, levels=6, niter=500, lbl_dist=10.00, avgs=0, sigma=0.5,type=2, relabel=0, neg=no

blurring input image with Gaussian with sigma=0.500...
GCAMRegisterLevel(): init RMS 0.696176
#FOTS# QuadFit found better minimum quadopt=(dt=0.006,rms=0.695778) vs oldopt=(dt=0.005,rms=0.695779)
#GCMRL#   67 dt   0.006000 rms  0.696  0.057% neg 0  invalid 762 tFOTS 2.5930 tGradient 0.5540 tsec 3.3580
#FOTS# QuadFit found better minimum quadopt=(dt=0.000375,rms=0.695777) vs oldopt=(dt=0.0003125,rms=0.695777)
#GCMRL#   68 dt   0.000375 rms  0.696  0.000% neg 0  invalid 762 tFOTS 2.6190 tGradient 0.5650 tsec 3.4070
GCAMregister done in 4.63393 min
Starting GCAmapRenormalizeWithAlignment() without scales
renormalizing by structure alignment....
renormalizing input #0
gca peak = 0.10253 (16)
mri peak = 0.10113 (17)
Left_Lateral_Ventricle (4): linear fit = 0.70 x + 0.0 (1144 voxels, overlap=0.437)
Left_Lateral_Ventricle (4): linear fit = 0.70 x + 0.0 (1144 voxels, peak = 11), gca=11.3
gca peak = 0.17690 (16)
mri peak = 0.07581 (14)
Right_Lateral_Ventricle (43): linear fit = 0.80 x + 0.0 (917 voxels, overlap=0.517)
Right_Lateral_Ventricle (43): linear fit = 0.80 x + 0.0 (917 voxels, peak = 13), gca=12.7
gca peak = 0.28275 (96)
mri peak = 0.19684 (96)
Right_Pallidum (52): linear fit = 0.99 x + 0.0 (1108 voxels, overlap=0.994)
Right_Pallidum (52): linear fit = 0.99 x + 0.0 (1108 voxels, peak = 95), gca=94.6
gca peak = 0.18948 (93)
mri peak = 0.14425 (96)
Left_Pallidum (13): linear fit = 1.00 x + 0.0 (1012 voxels, overlap=0.921)
Left_Pallidum (13): linear fit = 1.00 x + 0.0 (1012 voxels, peak = 93), gca=92.5
gca peak = 0.20755 (55)
mri peak = 0.19267 (68)
Right_Hippocampus (53): linear fit = 1.15 x + 0.0 (1223 voxels, overlap=0.032)
Right_Hippocampus (53): linear fit = 1.15 x + 0.0 (1223 voxels, peak = 64), gca=63.5
gca peak = 0.31831 (58)
mri peak = 0.20388 (65)
Left_Hippocampus (17): linear fit = 1.10 x + 0.0 (1202 voxels, overlap=0.091)
Left_Hippocampus (17): linear fit = 1.10 x + 0.0 (1202 voxels, peak = 64), gca=63.5
gca peak = 0.11957 (102)
mri peak = 0.15012 (105)
Right_Cerebral_White_Matter (41): linear fit = 1.02 x + 0.0 (73631 voxels, overlap=0.576)
Right_Cerebral_White_Matter (41): linear fit = 1.02 x + 0.0 (73631 voxels, peak = 105), gca=104.5
gca peak = 0.11429 (102)
mri peak = 0.13085 (105)
Left_Cerebral_White_Matter (2): linear fit = 1.03 x + 0.0 (75169 voxels, overlap=0.597)
Left_Cerebral_White_Matter (2): linear fit = 1.03 x + 0.0 (75169 voxels, peak = 106), gca=105.6
gca peak = 0.14521 (59)
mri peak = 0.04673 (61)
Left_Cerebral_Cortex (3): linear fit = 1.02 x + 0.0 (34192 voxels, overlap=0.962)
Left_Cerebral_Cortex (3): linear fit = 1.02 x + 0.0 (34192 voxels, peak = 60), gca=60.5
gca peak = 0.14336 (58)
mri peak = 0.04441 (63)
Right_Cerebral_Cortex (42): linear fit = 1.10 x + 0.0 (36825 voxels, overlap=0.686)
Right_Cerebral_Cortex (42): linear fit = 1.10 x + 0.0 (36825 voxels, peak = 64), gca=63.5
gca peak = 0.13305 (70)
mri peak = 0.16027 (78)
Right_Caudate (50): linear fit = 1.11 x + 0.0 (1040 voxels, overlap=0.313)
Right_Caudate (50): linear fit = 1.11 x + 0.0 (1040 voxels, peak = 77), gca=77.3
gca peak = 0.15761 (71)
mri peak = 0.17207 (81)
Left_Caudate (11): linear fit = 1.09 x + 0.0 (1203 voxels, overlap=0.536)
Left_Caudate (11): linear fit = 1.09 x + 0.0 (1203 voxels, peak = 77), gca=77.0
gca peak = 0.13537 (57)
mri peak = 0.05211 (68)
Left_Cerebellum_Cortex (8): linear fit = 1.18 x + 0.0 (32311 voxels, overlap=0.445)
Left_Cerebellum_Cortex (8): linear fit = 1.18 x + 0.0 (32311 voxels, peak = 68), gca=67.5
gca peak = 0.13487 (56)
mri peak = 0.06785 (64)
Right_Cerebellum_Cortex (47): linear fit = 1.17 x + 0.0 (39544 voxels, overlap=0.344)
Right_Cerebellum_Cortex (47): linear fit = 1.17 x + 0.0 (39544 voxels, peak = 66), gca=65.8
gca peak = 0.19040 (84)
mri peak = 0.11301 (88)
Left_Cerebellum_White_Matter (7): linear fit = 1.03 x + 0.0 (10986 voxels, overlap=0.671)
Left_Cerebellum_White_Matter (7): linear fit = 1.03 x + 0.0 (10986 voxels, peak = 87), gca=86.9
gca peak = 0.18871 (83)
mri peak = 0.14965 (88)
Right_Cerebellum_White_Matter (46): linear fit = 1.03 x + 0.0 (9968 voxels, overlap=0.695)
Right_Cerebellum_White_Matter (46): linear fit = 1.03 x + 0.0 (9968 voxels, peak = 86), gca=85.9
gca peak = 0.24248 (57)
mri peak = 0.14134 (73)
Left_Amygdala (18): linear fit = 1.21 x + 0.0 (509 voxels, overlap=0.026)
Left_Amygdala (18): linear fit = 1.21 x + 0.0 (509 voxels, peak = 69), gca=68.7
gca peak = 0.35833 (56)
mri peak = 0.15121 (67)
Right_Amygdala (54): linear fit = 1.18 x + 0.0 (627 voxels, overlap=0.018)
Right_Amygdala (54): linear fit = 1.18 x + 0.0 (627 voxels, peak = 66), gca=66.4
gca peak = 0.12897 (85)
mri peak = 0.07820 (93)
Left_Thalamus (10): linear fit = 1.07 x + 0.0 (6258 voxels, overlap=0.712)
Left_Thalamus (10): linear fit = 1.07 x + 0.0 (6258 voxels, peak = 91), gca=90.5
gca peak = 0.13127 (83)
mri peak = 0.08499 (88)
Right_Thalamus (49): linear fit = 1.08 x + 0.0 (5036 voxels, overlap=0.626)
Right_Thalamus (49): linear fit = 1.08 x + 0.0 (5036 voxels, peak = 89), gca=89.2
gca peak = 0.12974 (78)
mri peak = 0.09396 (87)
Left_Putamen (12): linear fit = 1.09 x + 0.0 (2793 voxels, overlap=0.704)
Left_Putamen (12): linear fit = 1.09 x + 0.0 (2793 voxels, peak = 85), gca=84.6
gca peak = 0.17796 (79)
mri peak = 0.09102 (85)
Right_Putamen (51): linear fit = 1.10 x + 0.0 (2813 voxels, overlap=0.818)
Right_Putamen (51): linear fit = 1.10 x + 0.0 (2813 voxels, peak = 87), gca=86.5
gca peak = 0.10999 (80)
mri peak = 0.10612 (85)
Brain_Stem (16): linear fit = 1.10 x + 0.0 (13561 voxels, overlap=0.416)
Brain_Stem (16): linear fit = 1.10 x + 0.0 (13561 voxels, peak = 88), gca=87.6
gca peak = 0.13215 (88)
mri peak = 0.09601 (96)
Right_VentralDC (60): linear fit = 1.09 x + 0.0 (1464 voxels, overlap=0.582)
Right_VentralDC (60): linear fit = 1.09 x + 0.0 (1464 voxels, peak = 95), gca=95.5
gca peak = 0.11941 (89)
mri peak = 0.10927 (93)
Left_VentralDC (28): linear fit = 1.07 x + 0.0 (1711 voxels, overlap=0.553)
Left_VentralDC (28): linear fit = 1.07 x + 0.0 (1711 voxels, peak = 95), gca=94.8
gca peak = 0.20775 (25)
mri peak = 0.44444 (50)
gca peak = 0.13297 (21)
mri peak = 0.15764 (18)
Fourth_Ventricle (15): linear fit = 0.82 x + 0.0 (362 voxels, overlap=0.603)
Fourth_Ventricle (15): linear fit = 0.82 x + 0.0 (362 voxels, peak = 17), gca=17.3
gca peak Unknown = 0.94777 ( 0)
gca peak Left_Inf_Lat_Vent = 0.19087 (28)
gca peak Third_Ventricle = 0.20775 (25)
gca peak CSF = 0.16821 (33)
gca peak Left_Accumbens_area = 0.32850 (63)
gca peak Left_undetermined = 0.98480 (28)
gca peak Left_vessel = 0.40887 (53)
gca peak Left_choroid_plexus = 0.10898 (46)
gca peak Right_Inf_Lat_Vent = 0.17798 (26)
gca peak Right_Accumbens_area = 0.30137 (64)
gca peak Right_vessel = 0.47828 (52)
gca peak Right_choroid_plexus = 0.11612 (45)
gca peak Fifth_Ventricle = 0.59466 (35)
gca peak WM_hypointensities = 0.10053 (78)
gca peak non_WM_hypointensities = 0.07253 (60)
gca peak Optic_Chiasm = 0.25330 (73)
not using caudate to estimate GM means
estimating mean gm scale to be 1.13 x + 0.0
estimating mean wm scale to be 1.03 x + 0.0
estimating mean csf scale to be 0.78 x + 0.0
saving intensity scales to talairach.label_intensities.txt
GCAmapRenormalizeWithAlignment() took 2.1624 min
noneg pre
Starting GCAMregister()
label assignment complete, 0 changed (0.00%)
npasses = 1, nlevels = 6
#pass# 1 of 1 ************************
enabling zero nodes
setting smoothness cost coefficient to 0.008

#GCAMreg# pass 0 level1 5 level2 0 tsec 0 sigma 2
l_jacobian=1.00 l_label=1.00 l_log_likelihood=0.20 l_smoothness=0.01 
tol=5.00e-02, dt=5.00e-02, exp_k=20.0, momentum=0.90, levels=6, niter=500, lbl_dist=10.00, avgs=256, sigma=2.0,type=2, relabel=0, neg=no

blurring input image with Gaussian with sigma=2.000...
GCAMRegisterLevel(): init RMS 0.70825
#FOTS# QuadFit found better minimum quadopt=(dt=194.764,rms=0.685757) vs oldopt=(dt=92.48,rms=0.692333)
#GCMRL#   70 dt 194.764120 rms  0.686  3.176% neg 0  invalid 762 tFOTS 2.7210 tGradient 1.8240 tsec 4.7530
#FOTS# QuadFit found better minimum quadopt=(dt=243.591,rms=0.677075) vs oldopt=(dt=369.92,rms=0.679034)
#GCMRL#   71 dt 243.590664 rms  0.677  1.266% neg 0  invalid 762 tFOTS 2.7220 tGradient 1.7980 tsec 4.7270
#FOTS# QuadFit found better minimum quadopt=(dt=159.429,rms=0.671007) vs oldopt=(dt=92.48,rms=0.672309)
#GCMRL#   72 dt 159.428571 rms  0.671  0.896% neg 0  invalid 762 tFOTS 2.6530 tGradient 1.8670 tsec 4.7280
#FOTS# QuadFit found better minimum quadopt=(dt=129.472,rms=0.668098) vs oldopt=(dt=92.48,rms=0.668729)
#GCMRL#   73 dt 129.472000 rms  0.668  0.434% neg 0  invalid 762 tFOTS 2.7700 tGradient 1.8720 tsec 4.8590
#FOTS# QuadFit found better minimum quadopt=(dt=517.888,rms=0.661087) vs oldopt=(dt=369.92,rms=0.662418)
#GCMRL#   74 dt 517.888000 rms  0.661  1.049% neg 0  invalid 762 tFOTS 2.6730 tGradient 1.8660 tsec 4.7480
#FOTS# QuadFit found better minimum quadopt=(dt=129.472,rms=0.659356) vs oldopt=(dt=92.48,rms=0.659498)
#GCMRL#   75 dt 129.472000 rms  0.659  0.262% neg 0  invalid 762 tFOTS 2.9200 tGradient 1.8040 tsec 4.9330
#FOTS# QuadFit found better minimum quadopt=(dt=443.904,rms=0.656811) vs oldopt=(dt=369.92,rms=0.656923)
#GCMRL#   76 dt 443.904000 rms  0.657  0.386% neg 0  invalid 762 tFOTS 2.7540 tGradient 1.8910 tsec 4.8690
#FOTS# QuadFit found better minimum quadopt=(dt=110.976,rms=0.655307) vs oldopt=(dt=92.48,rms=0.655337)
#GCMRL#   77 dt 110.976000 rms  0.655  0.229% neg 0  invalid 762 tFOTS 2.9330 tGradient 2.0040 tsec 5.1470
#FOTS# QuadFit found better minimum quadopt=(dt=887.808,rms=0.651888) vs oldopt=(dt=1479.68,rms=0.652427)
#GCMRL#   78 dt 887.808000 rms  0.652  0.522% neg 0  invalid 762 tFOTS 2.8010 tGradient 1.8390 tsec 4.8450
#GCMRL#   79 dt  92.480000 rms  0.650  0.241% neg 0  invalid 762 tFOTS 2.8990 tGradient 1.8680 tsec 4.9840
#FOTS# QuadFit found better minimum quadopt=(dt=2071.55,rms=0.645898) vs oldopt=(dt=1479.68,rms=0.646543)
#GCMRL#   80 dt 2071.552000 rms  0.646  0.680% neg 0  invalid 762 tFOTS 2.7890 tGradient 1.8360 tsec 4.8340
#FOTS# QuadFit found better minimum quadopt=(dt=110.976,rms=0.64376) vs oldopt=(dt=92.48,rms=0.643854)
#GCMRL#   81 dt 110.976000 rms  0.644  0.331% neg 0  invalid 762 tFOTS 2.9400 tGradient 1.8530 tsec 5.0040
#FOTS# QuadFit found better minimum quadopt=(dt=295.936,rms=0.64352) vs oldopt=(dt=369.92,rms=0.643525)
#GCMRL#   82 dt 295.936000 rms  0.644  0.000% neg 0  invalid 762 tFOTS 2.9410 tGradient 1.8990 tsec 5.0620
#GCMRL#   83 dt 295.936000 rms  0.643  0.088% neg 0  invalid 762 tFOTS 0.0000 tGradient 1.8300 tsec 2.0270
#GCMRL#   84 dt 295.936000 rms  0.642  0.137% neg 0  invalid 762 tFOTS 0.0000 tGradient 1.8380 tsec 2.0320
#GCMRL#   85 dt 295.936000 rms  0.640  0.283% neg 0  invalid 762 tFOTS 0.0000 tGradient 1.8240 tsec 2.0120
#GCMRL#   86 dt 295.936000 rms  0.639  0.228% neg 0  invalid 762 tFOTS 0.0000 tGradient 1.8470 tsec 2.0370
#GCMRL#   87 dt 295.936000 rms  0.638  0.193% neg 0  invalid 762 tFOTS 0.0000 tGradient 1.8920 tsec 2.0890
#GCMRL#   88 dt 295.936000 rms  0.635  0.347% neg 0  invalid 762 tFOTS 0.0000 tGradient 1.8990 tsec 2.1290
#GCMRL#   89 dt 295.936000 rms  0.634  0.236% neg 0  invalid 762 tFOTS 0.0000 tGradient 1.8070 tsec 2.0060
#GCMRL#   90 dt 295.936000 rms  0.633  0.167% neg 0  invalid 762 tFOTS 0.0000 tGradient 1.8430 tsec 2.0400
#GCMRL#   91 dt 295.936000 rms  0.631  0.313% neg 0  invalid 762 tFOTS 0.0000 tGradient 1.8190 tsec 2.0140
#GCMRL#   92 dt 295.936000 rms  0.630  0.202% neg 0  invalid 762 tFOTS 0.0000 tGradient 1.8250 tsec 2.0240
#GCMRL#   93 dt 295.936000 rms  0.629  0.144% neg 0  invalid 762 tFOTS 0.0000 tGradient 1.7910 tsec 1.9850
#GCMRL#   94 dt 295.936000 rms  0.627  0.222% neg 0  invalid 762 tFOTS 0.0000 tGradient 1.8380 tsec 2.0350
#GCMRL#   95 dt 295.936000 rms  0.626  0.139% neg 0  invalid 762 tFOTS 0.0000 tGradient 1.8170 tsec 2.0050
#GCMRL#   96 dt 295.936000 rms  0.625  0.149% neg 0  invalid 762 tFOTS 0.0000 tGradient 1.7970 tsec 1.9920
#GCMRL#   97 dt 295.936000 rms  0.624  0.158% neg 0  invalid 762 tFOTS 0.0000 tGradient 1.7980 tsec 1.9860
#GCMRL#   98 dt 295.936000 rms  0.624  0.090% neg 0  invalid 762 tFOTS 0.0000 tGradient 1.8480 tsec 2.0370
#GCMRL#   99 dt 295.936000 rms  0.623  0.159% neg 0  invalid 762 tFOTS 0.0000 tGradient 1.7860 tsec 1.9840
#GCMRL#  100 dt 295.936000 rms  0.622  0.123% neg 0  invalid 762 tFOTS 0.0000 tGradient 1.8250 tsec 2.0150
#GCMRL#  101 dt 295.936000 rms  0.622  0.077% neg 0  invalid 762 tFOTS 0.0000 tGradient 1.8440 tsec 2.0320
#GCMRL#  102 dt 295.936000 rms  0.621  0.155% neg 0  invalid 762 tFOTS 0.0000 tGradient 1.8340 tsec 2.0230
#GCMRL#  103 dt 295.936000 rms  0.620  0.099% neg 0  invalid 762 tFOTS 0.0000 tGradient 1.8290 tsec 2.0270
#GCMRL#  104 dt 295.936000 rms  0.620  0.072% neg 0  invalid 762 tFOTS 0.0000 tGradient 1.8250 tsec 2.0160
#GCMRL#  105 dt 295.936000 rms  0.619  0.120% neg 0  invalid 762 tFOTS 0.0000 tGradient 1.7870 tsec 1.9760
#GCMRL#  106 dt 295.936000 rms  0.618  0.066% neg 0  invalid 762 tFOTS 0.0000 tGradient 1.8570 tsec 2.0450
#GCMRL#  107 dt 295.936000 rms  0.618  0.088% neg 0  invalid 762 tFOTS 0.0000 tGradient 1.8140 tsec 2.0040
#GCMRL#  108 dt 295.936000 rms  0.617  0.103% neg 0  invalid 762 tFOTS 0.0000 tGradient 1.8210 tsec 2.0140
#GCMRL#  109 dt 295.936000 rms  0.617  0.040% neg 0  invalid 762 tFOTS 0.0000 tGradient 1.8070 tsec 1.9950
#GCMRL#  110 dt 295.936000 rms  0.616  0.094% neg 0  invalid 762 tFOTS 0.0000 tGradient 1.7900 tsec 1.9790
#GCMRL#  111 dt 295.936000 rms  0.616  0.080% neg 0  invalid 762 tFOTS 0.0000 tGradient 1.8360 tsec 2.0240
#GCMRL#  112 dt 295.936000 rms  0.616  0.045% neg 0  invalid 762 tFOTS 0.0000 tGradient 1.8060 tsec 1.9940
#GCMRL#  113 dt 295.936000 rms  0.615  0.095% neg 0  invalid 762 tFOTS 0.0000 tGradient 1.7950 tsec 1.9930
#GCMRL#  114 dt 295.936000 rms  0.615  0.060% neg 0  invalid 762 tFOTS 0.0000 tGradient 1.7890 tsec 1.9760
#GCMRL#  115 dt 295.936000 rms  0.614  0.057% neg 0  invalid 762 tFOTS 0.0000 tGradient 1.8070 tsec 2.0030
#GCMRL#  116 dt 295.936000 rms  0.614  0.083% neg 0  invalid 762 tFOTS 0.0000 tGradient 1.8130 tsec 2.0060
#GCMRL#  117 dt 295.936000 rms  0.614  0.046% neg 0  invalid 762 tFOTS 0.0000 tGradient 1.8130 tsec 2.0000
#GCMRL#  118 dt 295.936000 rms  0.613  0.067% neg 0  invalid 762 tFOTS 0.0000 tGradient 1.8300 tsec 2.0260
#GCMRL#  119 dt 295.936000 rms  0.613  0.070% neg 0  invalid 762 tFOTS 0.0000 tGradient 1.8200 tsec 2.0110
#GCMRL#  120 dt 295.936000 rms  0.613  0.037% neg 0  invalid 762 tFOTS 0.0000 tGradient 1.8000 tsec 1.9890
#GCMRL#  121 dt 295.936000 rms  0.612  0.074% neg 0  invalid 762 tFOTS 0.0000 tGradient 1.8440 tsec 2.0390
#GCMRL#  122 dt 295.936000 rms  0.612  0.052% neg 0  invalid 762 tFOTS 0.0000 tGradient 1.8930 tsec 2.0820
#GCMRL#  123 dt 295.936000 rms  0.612  0.036% neg 0  invalid 762 tFOTS 0.0000 tGradient 1.8610 tsec 2.0570
#GCMRL#  124 dt 295.936000 rms  0.611  0.070% neg 0  invalid 762 tFOTS 0.0000 tGradient 1.8330 tsec 2.0200
#GCMRL#  125 dt 295.936000 rms  0.611  0.036% neg 0  invalid 762 tFOTS 0.0000 tGradient 1.8760 tsec 2.0710
#GCMRL#  126 dt 295.936000 rms  0.611  0.039% neg 0  invalid 762 tFOTS 0.0000 tGradient 1.8320 tsec 2.0280
#GCMRL#  127 dt 295.936000 rms  0.610  0.056% neg 0  invalid 762 tFOTS 0.0000 tGradient 1.8760 tsec 2.0630
#GCMRL#  128 dt 295.936000 rms  0.610  0.031% neg 0  invalid 762 tFOTS 0.0000 tGradient 1.8360 tsec 2.0330
#GCMRL#  129 dt 295.936000 rms  0.610  0.050% neg 0  invalid 762 tFOTS 0.0000 tGradient 1.8440 tsec 2.0340
#GCMRL#  130 dt 295.936000 rms  0.610  0.041% neg 0  invalid 762 tFOTS 0.0000 tGradient 1.8300 tsec 2.0190
#GCMRL#  131 dt 295.936000 rms  0.609  0.019% neg 0  invalid 762 tFOTS 0.0000 tGradient 1.8810 tsec 2.0690
#GCMRL#  132 dt 295.936000 rms  0.609  0.061% neg 0  invalid 762 tFOTS 0.0000 tGradient 1.8350 tsec 2.0210
#GCMRL#  133 dt 295.936000 rms  0.609  0.028% neg 0  invalid 762 tFOTS 0.0000 tGradient 1.8100 tsec 2.0020
#GCMRL#  134 dt 295.936000 rms  0.609  0.028% neg 0  invalid 762 tFOTS 0.0000 tGradient 1.8320 tsec 2.0240
#GCMRL#  135 dt 295.936000 rms  0.608  0.052% neg 0  invalid 762 tFOTS 0.0000 tGradient 1.8690 tsec 2.0700
#GCMRL#  136 dt 295.936000 rms  0.608  0.022% neg 0  invalid 762 tFOTS 0.0000 tGradient 1.8810 tsec 2.0710
#GCMRL#  137 dt 295.936000 rms  0.608  0.045% neg 0  invalid 762 tFOTS 0.0000 tGradient 1.8950 tsec 2.0880
#GCMRL#  138 dt 295.936000 rms  0.608  0.033% neg 0  invalid 762 tFOTS 0.0000 tGradient 1.8340 tsec 2.0230
#GCMRL#  139 dt 295.936000 rms  0.608  0.018% neg 0  invalid 762 tFOTS 0.0000 tGradient 1.8190 tsec 2.0190
#GCMRL#  140 dt 295.936000 rms  0.607  0.049% neg 0  invalid 762 tFOTS 0.0000 tGradient 1.8160 tsec 2.0120
#GCMRL#  141 dt 295.936000 rms  0.607  0.026% neg 0  invalid 762 tFOTS 0.0000 tGradient 1.8230 tsec 2.0220
#GCMRL#  142 dt 295.936000 rms  0.607  0.019% neg 0  invalid 762 tFOTS 0.0000 tGradient 1.8190 tsec 2.0150
#GCMRL#  143 dt 295.936000 rms  0.607  0.039% neg 0  invalid 762 tFOTS 0.0000 tGradient 1.8830 tsec 2.0800
#GCMRL#  144 dt 295.936000 rms  0.607  0.014% neg 0  invalid 762 tFOTS 0.0000 tGradient 1.8460 tsec 2.0420
#GCMRL#  145 dt 295.936000 rms  0.607  0.034% neg 0  invalid 762 tFOTS 0.0000 tGradient 1.8180 tsec 2.0030
#GCMRL#  146 dt 295.936000 rms  0.606  0.018% neg 0  invalid 762 tFOTS 0.0000 tGradient 1.8530 tsec 2.0380
#GCMRL#  147 dt 295.936000 rms  0.606  0.014% neg 0  invalid 762 tFOTS 0.0000 tGradient 1.8540 tsec 2.0600
#FOTS# QuadFit found better minimum quadopt=(dt=295.936,rms=0.606318) vs oldopt=(dt=369.92,rms=0.606331)
#GCMRL#  148 dt 295.936000 rms  0.606  0.014% neg 0  invalid 762 tFOTS 2.8560 tGradient 1.8200 tsec 4.8810
#FOTS# QuadFit found better minimum quadopt=(dt=32.368,rms=0.606329) vs oldopt=(dt=23.12,rms=0.606329)

#GCAMreg# pass 0 level1 5 level2 1 tsec 214.009 sigma 0.5
l_jacobian=1.00 l_label=1.00 l_log_likelihood=0.20 l_smoothness=0.01 
tol=5.00e-02, dt=5.00e-02, exp_k=20.0, momentum=0.90, levels=6, niter=500, lbl_dist=10.00, avgs=256, sigma=0.5,type=2, relabel=0, neg=no

blurring input image with Gaussian with sigma=0.500...
GCAMRegisterLevel(): init RMS 0.606693
#FOTS# QuadFit found better minimum quadopt=(dt=221.952,rms=0.605902) vs oldopt=(dt=369.92,rms=0.606005)
#GCMRL#  150 dt 221.952000 rms  0.606  0.130% neg 0  invalid 762 tFOTS 2.6420 tGradient 1.8130 tsec 4.6650
#FOTS# QuadFit found better minimum quadopt=(dt=129.472,rms=0.605698) vs oldopt=(dt=92.48,rms=0.605721)
#GCMRL#  151 dt 129.472000 rms  0.606  0.000% neg 0  invalid 762 tFOTS 2.7670 tGradient 1.8630 tsec 4.8570
#GCMRL#  152 dt 129.472000 rms  0.606  0.015% neg 0  invalid 762 tFOTS 0.0000 tGradient 1.8020 tsec 2.0000
#GCMRL#  153 dt 129.472000 rms  0.605  0.027% neg 0  invalid 762 tFOTS 0.0000 tGradient 1.8030 tsec 1.9950
#GCMRL#  154 dt 129.472000 rms  0.605  0.036% neg 0  invalid 762 tFOTS 0.0000 tGradient 1.8790 tsec 2.0770
#GCMRL#  155 dt 129.472000 rms  0.605  0.031% neg 0  invalid 762 tFOTS 0.0000 tGradient 1.8900 tsec 2.0800
#GCMRL#  156 dt 129.472000 rms  0.605  0.031% neg 0  invalid 762 tFOTS 0.0000 tGradient 1.7510 tsec 1.9420
#GCMRL#  157 dt 129.472000 rms  0.605  0.031% neg 0  invalid 762 tFOTS 0.0000 tGradient 1.7900 tsec 1.9800
#GCMRL#  158 dt 129.472000 rms  0.604  0.028% neg 0  invalid 762 tFOTS 0.0000 tGradient 1.7860 tsec 1.9770
#GCMRL#  159 dt 129.472000 rms  0.604  0.024% neg 0  invalid 762 tFOTS 0.0000 tGradient 1.8010 tsec 1.9930
#GCMRL#  160 dt 129.472000 rms  0.604  0.018% neg 0  invalid 762 tFOTS 0.0000 tGradient 1.7890 tsec 1.9940
#FOTS# QuadFit found better minimum quadopt=(dt=129.472,rms=0.604218) vs oldopt=(dt=92.48,rms=0.604222)
#GCMRL#  161 dt 129.472000 rms  0.604  0.000% neg 0  invalid 762 tFOTS 2.8530 tGradient 1.7510 tsec 4.8270
#GCMRL#  162 dt 129.472000 rms  0.604  0.002% neg 0  invalid 762 tFOTS 0.0000 tGradient 1.7870 tsec 1.9770
#GCMRL#  163 dt 129.472000 rms  0.604  0.002% neg 0  invalid 762 tFOTS 0.0000 tGradient 1.8610 tsec 2.0500
#GCMRL#  164 dt 129.472000 rms  0.604  0.003% neg 0  invalid 762 tFOTS 0.0000 tGradient 1.7930 tsec 1.9800
#GCMRL#  165 dt 129.472000 rms  0.604  0.004% neg 0  invalid 762 tFOTS 0.0000 tGradient 1.8190 tsec 1.9980
#GCMRL#  166 dt 129.472000 rms  0.604  0.004% neg 0  invalid 762 tFOTS 0.0000 tGradient 1.7980 tsec 1.9850
#GCMRL#  167 dt 129.472000 rms  0.604  0.006% neg 0  invalid 762 tFOTS 0.0000 tGradient 1.8650 tsec 2.0610
#GCMRL#  168 dt 129.472000 rms  0.604  0.008% neg 0  invalid 762 tFOTS 0.0000 tGradient 1.8410 tsec 2.0260
#GCMRL#  169 dt 129.472000 rms  0.604  0.011% neg 0  invalid 762 tFOTS 0.0000 tGradient 1.8440 tsec 2.0220
#GCMRL#  170 dt 129.472000 rms  0.604  0.012% neg 0  invalid 762 tFOTS 0.0000 tGradient 1.7850 tsec 1.9670
#GCMRL#  171 dt 129.472000 rms  0.604  0.012% neg 0  invalid 762 tFOTS 0.0000 tGradient 1.7970 tsec 1.9740
#GCMRL#  172 dt 129.472000 rms  0.604  0.014% neg 0  invalid 762 tFOTS 0.0000 tGradient 1.7980 tsec 1.9860
#GCMRL#  173 dt 129.472000 rms  0.604  0.014% neg 0  invalid 762 tFOTS 0.0000 tGradient 1.8180 tsec 1.9990
#GCMRL#  174 dt 129.472000 rms  0.604  0.015% neg 0  invalid 762 tFOTS 0.0000 tGradient 1.7720 tsec 1.9520
#GCMRL#  175 dt 129.472000 rms  0.603  0.015% neg 0  invalid 762 tFOTS 0.0000 tGradient 1.8040 tsec 1.9880
#GCMRL#  176 dt 129.472000 rms  0.603  0.015% neg 0  invalid 762 tFOTS 0.0000 tGradient 1.7430 tsec 1.9360
setting smoothness cost coefficient to 0.031

#GCAMreg# pass 0 level1 4 level2 0 tsec 0 sigma 2
l_jacobian=1.00 l_label=1.00 l_log_likelihood=0.20 l_smoothness=0.03 
tol=5.00e-02, dt=5.00e-02, exp_k=20.0, momentum=0.90, levels=6, niter=500, lbl_dist=10.00, avgs=64, sigma=2.0,type=2, relabel=0, neg=no

blurring input image with Gaussian with sigma=2.000...
GCAMRegisterLevel(): init RMS 0.606452
#FOTS# QuadFit found better minimum quadopt=(dt=145.152,rms=0.603219) vs oldopt=(dt=103.68,rms=0.603646)
#GCMRL#  178 dt 145.152000 rms  0.603  0.533% neg 0  invalid 762 tFOTS 2.7170 tGradient 1.4360 tsec 4.3700
#FOTS# QuadFit found better minimum quadopt=(dt=248.832,rms=0.596747) vs oldopt=(dt=414.72,rms=0.597875)
#GCMRL#  179 dt 248.832000 rms  0.597  1.073% neg 0  invalid 762 tFOTS 2.6440 tGradient 1.4500 tsec 4.3010
#FOTS# QuadFit found better minimum quadopt=(dt=70.5882,rms=0.594545) vs oldopt=(dt=25.92,rms=0.595075)
#GCMRL#  180 dt  70.588235 rms  0.595  0.369% neg 0  invalid 762 tFOTS 2.5840 tGradient 1.3920 tsec 4.1750
#FOTS# QuadFit found better minimum quadopt=(dt=145.152,rms=0.591575) vs oldopt=(dt=103.68,rms=0.592157)
#GCMRL#  181 dt 145.152000 rms  0.592  0.500% neg 0  invalid 762 tFOTS 2.7130 tGradient 1.5050 tsec 4.4260
#FOTS# QuadFit found better minimum quadopt=(dt=77.0612,rms=0.590231) vs oldopt=(dt=103.68,rms=0.590373)
#GCMRL#  182 dt  77.061224 rms  0.590  0.227% neg 0  invalid 762 tFOTS 2.7910 tGradient 1.5070 tsec 4.4980
#FOTS# QuadFit found better minimum quadopt=(dt=145.152,rms=0.587693) vs oldopt=(dt=103.68,rms=0.588133)
#GCMRL#  183 dt 145.152000 rms  0.588  0.430% neg 0  invalid 762 tFOTS 2.6530 tGradient 1.5790 tsec 4.4350
#FOTS# QuadFit found better minimum quadopt=(dt=63.4483,rms=0.586516) vs oldopt=(dt=103.68,rms=0.586857)
#GCMRL#  184 dt  63.448276 rms  0.587  0.200% neg 0  invalid 762 tFOTS 2.6300 tGradient 1.5830 tsec 4.4190
#FOTS# QuadFit found better minimum quadopt=(dt=331.776,rms=0.583154) vs oldopt=(dt=414.72,rms=0.583248)
#GCMRL#  185 dt 331.776000 rms  0.583  0.573% neg 0  invalid 762 tFOTS 2.6290 tGradient 1.5450 tsec 4.3760
#FOTS# QuadFit found better minimum quadopt=(dt=64,rms=0.581084) vs oldopt=(dt=25.92,rms=0.581459)
#GCMRL#  186 dt  64.000000 rms  0.581  0.355% neg 0  invalid 762 tFOTS 2.6250 tGradient 1.5100 tsec 4.3440
#FOTS# QuadFit found better minimum quadopt=(dt=124.416,rms=0.579603) vs oldopt=(dt=103.68,rms=0.579646)
#GCMRL#  187 dt 124.416000 rms  0.580  0.255% neg 0  invalid 762 tFOTS 2.7150 tGradient 1.6210 tsec 4.5400
#FOTS# QuadFit found better minimum quadopt=(dt=36.288,rms=0.578799) vs oldopt=(dt=25.92,rms=0.578951)
#GCMRL#  188 dt  36.288000 rms  0.579  0.139% neg 0  invalid 762 tFOTS 2.4620 tGradient 1.4520 tsec 4.1200
#FOTS# QuadFit found better minimum quadopt=(dt=331.776,rms=0.576933) vs oldopt=(dt=414.72,rms=0.577083)
#GCMRL#  189 dt 331.776000 rms  0.577  0.322% neg 0  invalid 762 tFOTS 2.7470 tGradient 1.4840 tsec 4.4390
#FOTS# QuadFit found better minimum quadopt=(dt=36.288,rms=0.575143) vs oldopt=(dt=25.92,rms=0.575499)
#GCMRL#  190 dt  36.288000 rms  0.575  0.310% neg 0  invalid 762 tFOTS 2.7270 tGradient 1.5250 tsec 4.4600
#FOTS# QuadFit found better minimum quadopt=(dt=145.152,rms=0.57378) vs oldopt=(dt=103.68,rms=0.574034)
#GCMRL#  191 dt 145.152000 rms  0.574  0.237% neg 0  invalid 762 tFOTS 2.6970 tGradient 1.4880 tsec 4.3930
#FOTS# QuadFit found better minimum quadopt=(dt=62.208,rms=0.57317) vs oldopt=(dt=103.68,rms=0.573339)
#GCMRL#  192 dt  62.208000 rms  0.573  0.106% neg 0  invalid 762 tFOTS 2.7290 tGradient 1.5320 tsec 4.4800
#FOTS# QuadFit found better minimum quadopt=(dt=331.776,rms=0.571556) vs oldopt=(dt=414.72,rms=0.57171)
#GCMRL#  193 dt 331.776000 rms  0.572  0.281% neg 0  invalid 762 tFOTS 2.6570 tGradient 1.5150 tsec 4.3790
#FOTS# QuadFit found better minimum quadopt=(dt=36.288,rms=0.570175) vs oldopt=(dt=25.92,rms=0.570403)
#GCMRL#  194 dt  36.288000 rms  0.570  0.242% neg 0  invalid 762 tFOTS 2.7010 tGradient 1.5100 tsec 4.4230
#GCMRL#  195 dt 103.680000 rms  0.570  0.094% neg 0  invalid 762 tFOTS 2.8190 tGradient 1.5190 tsec 4.5470
#FOTS# QuadFit found better minimum quadopt=(dt=82.944,rms=0.568967) vs oldopt=(dt=103.68,rms=0.568968)
#GCMRL#  196 dt  82.944000 rms  0.569  0.118% neg 0  invalid 762 tFOTS 2.6770 tGradient 1.4760 tsec 4.3580
#FOTS# QuadFit found better minimum quadopt=(dt=82.944,rms=0.5685) vs oldopt=(dt=103.68,rms=0.568549)
#GCMRL#  197 dt  82.944000 rms  0.568  0.082% neg 0  invalid 762 tFOTS 2.6320 tGradient 1.5720 tsec 4.4100
#GCMRL#  198 dt 103.680000 rms  0.568  0.112% neg 0  invalid 762 tFOTS 2.6800 tGradient 1.5580 tsec 4.4430
#FOTS# QuadFit found better minimum quadopt=(dt=36.288,rms=0.567458) vs oldopt=(dt=25.92,rms=0.567535)
#GCMRL#  199 dt  36.288000 rms  0.567  0.072% neg 0  invalid 762 tFOTS 2.5190 tGradient 1.5070 tsec 4.2330
#FOTS# QuadFit found better minimum quadopt=(dt=580.608,rms=0.565496) vs oldopt=(dt=414.72,rms=0.565731)
#GCMRL#  200 dt 580.608000 rms  0.565  0.346% neg 0  invalid 762 tFOTS 2.6830 tGradient 1.6290 tsec 4.5160
#FOTS# QuadFit found better minimum quadopt=(dt=36.288,rms=0.56403) vs oldopt=(dt=25.92,rms=0.564271)
#GCMRL#  201 dt  36.288000 rms  0.564  0.259% neg 0  invalid 762 tFOTS 2.7610 tGradient 1.5500 tsec 4.5200
#FOTS# QuadFit found better minimum quadopt=(dt=248.832,rms=0.563185) vs oldopt=(dt=414.72,rms=0.563389)
#GCMRL#  202 dt 248.832000 rms  0.563  0.150% neg 0  invalid 762 tFOTS 2.7670 tGradient 1.5540 tsec 4.5280
#FOTS# QuadFit found better minimum quadopt=(dt=36.288,rms=0.562624) vs oldopt=(dt=25.92,rms=0.562723)
#GCMRL#  203 dt  36.288000 rms  0.563  0.100% neg 0  invalid 762 tFOTS 2.6010 tGradient 1.5250 tsec 4.3300
#FOTS# QuadFit found better minimum quadopt=(dt=145.152,rms=0.562094) vs oldopt=(dt=103.68,rms=0.562195)
#GCMRL#  204 dt 145.152000 rms  0.562  0.094% neg 0  invalid 762 tFOTS 2.7690 tGradient 1.4580 tsec 4.4320
#GCMRL#  205 dt 103.680000 rms  0.562  0.076% neg 0  invalid 762 tFOTS 2.7700 tGradient 1.4980 tsec 4.4790
#FOTS# QuadFit found better minimum quadopt=(dt=36.288,rms=0.561384) vs oldopt=(dt=25.92,rms=0.561436)
#GCMRL#  206 dt  36.288000 rms  0.561  0.050% neg 0  invalid 762 tFOTS 2.9190 tGradient 1.4870 tsec 4.6180
#FOTS# QuadFit found better minimum quadopt=(dt=580.608,rms=0.560186) vs oldopt=(dt=414.72,rms=0.560277)
#GCMRL#  207 dt 580.608000 rms  0.560  0.213% neg 0  invalid 762 tFOTS 2.7630 tGradient 1.4990 tsec 4.4790
#FOTS# QuadFit found better minimum quadopt=(dt=36.288,rms=0.55913) vs oldopt=(dt=25.92,rms=0.559335)
#GCMRL#  208 dt  36.288000 rms  0.559  0.188% neg 0  invalid 762 tFOTS 2.7530 tGradient 1.5290 tsec 4.4910
#GCMRL#  209 dt 103.680000 rms  0.559  0.076% neg 0  invalid 762 tFOTS 2.7530 tGradient 1.5340 tsec 4.4940
#FOTS# QuadFit found better minimum quadopt=(dt=82.944,rms=0.558397) vs oldopt=(dt=103.68,rms=0.558402)
#GCMRL#  210 dt  82.944000 rms  0.558  0.055% neg 0  invalid 762 tFOTS 2.7100 tGradient 1.5090 tsec 4.4200
#FOTS# QuadFit found better minimum quadopt=(dt=145.152,rms=0.558033) vs oldopt=(dt=103.68,rms=0.558058)
#GCMRL#  211 dt 145.152000 rms  0.558  0.065% neg 0  invalid 762 tFOTS 2.6910 tGradient 1.4640 tsec 4.3620
#FOTS# QuadFit found better minimum quadopt=(dt=62.208,rms=0.557698) vs oldopt=(dt=103.68,rms=0.55781)
#GCMRL#  212 dt  62.208000 rms  0.558  0.060% neg 0  invalid 762 tFOTS 2.7040 tGradient 1.4700 tsec 4.3810
#FOTS# QuadFit found better minimum quadopt=(dt=248.832,rms=0.55714) vs oldopt=(dt=414.72,rms=0.557249)
#GCMRL#  213 dt 248.832000 rms  0.557  0.100% neg 0  invalid 762 tFOTS 2.9120 tGradient 1.4500 tsec 4.5710
#FOTS# QuadFit found better minimum quadopt=(dt=36.288,rms=0.556795) vs oldopt=(dt=25.92,rms=0.556858)
#GCMRL#  214 dt  36.288000 rms  0.557  0.062% neg 0  invalid 762 tFOTS 2.9330 tGradient 1.4980 tsec 4.6390
#FOTS# QuadFit found better minimum quadopt=(dt=331.776,rms=0.556296) vs oldopt=(dt=414.72,rms=0.556373)
#GCMRL#  215 dt 331.776000 rms  0.556  0.090% neg 0  invalid 762 tFOTS 2.9410 tGradient 1.4640 tsec 4.6190
#FOTS# QuadFit found better minimum quadopt=(dt=36.288,rms=0.555786) vs oldopt=(dt=25.92,rms=0.555891)
#GCMRL#  216 dt  36.288000 rms  0.556  0.092% neg 0  invalid 762 tFOTS 2.6030 tGradient 1.6160 tsec 4.4310
#FOTS# QuadFit found better minimum quadopt=(dt=145.152,rms=0.555432) vs oldopt=(dt=103.68,rms=0.555472)
#GCMRL#  217 dt 145.152000 rms  0.555  0.064% neg 0  invalid 762 tFOTS 2.7680 tGradient 1.4690 tsec 4.4450
#FOTS# QuadFit found better minimum quadopt=(dt=82.944,rms=0.555148) vs oldopt=(dt=103.68,rms=0.555171)
#GCMRL#  218 dt  82.944000 rms  0.555  0.051% neg 0  invalid 762 tFOTS 2.7640 tGradient 1.4790 tsec 4.4580
#GCMRL#  219 dt 103.680000 rms  0.555  0.000% neg 0  invalid 762 tFOTS 2.7690 tGradient 1.5130 tsec 4.5060
#GCMRL#  220 dt 103.680000 rms  0.555  0.040% neg 0  invalid 762 tFOTS 0.0000 tGradient 1.4540 tsec 1.6490
#GCMRL#  221 dt 103.680000 rms  0.554  0.103% neg 0  invalid 762 tFOTS 0.0000 tGradient 1.4870 tsec 1.6760
#GCMRL#  222 dt 103.680000 rms  0.553  0.115% neg 0  invalid 762 tFOTS 0.0000 tGradient 1.4930 tsec 1.6860
#GCMRL#  223 dt 103.680000 rms  0.553  0.163% neg 0  invalid 762 tFOTS 0.0000 tGradient 1.4850 tsec 1.6720
#GCMRL#  224 dt 103.680000 rms  0.552  0.168% neg 0  invalid 762 tFOTS 0.0000 tGradient 1.4720 tsec 1.6580
#GCMRL#  225 dt 103.680000 rms  0.551  0.193% neg 0  invalid 762 tFOTS 0.0000 tGradient 1.4660 tsec 1.6530
#GCMRL#  226 dt 103.680000 rms  0.550  0.182% neg 0  invalid 762 tFOTS 0.0000 tGradient 1.4660 tsec 1.6610
#GCMRL#  227 dt 103.680000 rms  0.548  0.215% neg 0  invalid 762 tFOTS 0.0000 tGradient 1.4980 tsec 1.6950
#GCMRL#  228 dt 103.680000 rms  0.547  0.201% neg 0  invalid 762 tFOTS 0.0000 tGradient 1.5700 tsec 1.7630
#GCMRL#  229 dt 103.680000 rms  0.546  0.192% neg 0  invalid 762 tFOTS 0.0000 tGradient 1.4620 tsec 1.6510
#GCMRL#  230 dt 103.680000 rms  0.545  0.186% neg 0  invalid 762 tFOTS 0.0000 tGradient 1.4690 tsec 1.6640
#GCMRL#  231 dt 103.680000 rms  0.544  0.189% neg 0  invalid 762 tFOTS 0.0000 tGradient 1.5160 tsec 1.7080
#GCMRL#  232 dt 103.680000 rms  0.543  0.159% neg 0  invalid 762 tFOTS 0.0000 tGradient 1.5260 tsec 1.7180
#GCMRL#  233 dt 103.680000 rms  0.542  0.161% neg 0  invalid 762 tFOTS 0.0000 tGradient 1.4740 tsec 1.6630
#GCMRL#  234 dt 103.680000 rms  0.542  0.174% neg 0  invalid 762 tFOTS 0.0000 tGradient 1.5190 tsec 1.7050
#GCMRL#  235 dt 103.680000 rms  0.541  0.144% neg 0  invalid 762 tFOTS 0.0000 tGradient 1.4890 tsec 1.6810
#GCMRL#  236 dt 103.680000 rms  0.540  0.124% neg 0  invalid 762 tFOTS 0.0000 tGradient 1.5280 tsec 1.7180
#GCMRL#  237 dt 103.680000 rms  0.539  0.144% neg 0  invalid 762 tFOTS 0.0000 tGradient 1.4410 tsec 1.6280
#GCMRL#  238 dt 103.680000 rms  0.539  0.128% neg 0  invalid 762 tFOTS 0.0000 tGradient 1.4920 tsec 1.6860
#GCMRL#  239 dt 103.680000 rms  0.538  0.100% neg 0  invalid 762 tFOTS 0.0000 tGradient 1.4650 tsec 1.6550
#GCMRL#  240 dt 103.680000 rms  0.538  0.025% neg 0  invalid 762 tFOTS 0.0000 tGradient 1.5790 tsec 1.8650
#GCMRL#  241 dt 103.680000 rms  0.538  0.011% neg 0  invalid 762 tFOTS 0.0000 tGradient 1.4710 tsec 1.6600
#GCMRL#  242 dt 103.680000 rms  0.538  0.023% neg 0  invalid 762 tFOTS 0.0000 tGradient 1.4840 tsec 1.6700
#GCMRL#  243 dt 103.680000 rms  0.537  0.049% neg 0  invalid 762 tFOTS 0.0000 tGradient 1.4980 tsec 1.6930
#GCMRL#  244 dt 103.680000 rms  0.537  0.032% neg 0  invalid 762 tFOTS 0.0000 tGradient 1.5320 tsec 1.7260
#GCMRL#  245 dt 103.680000 rms  0.537  0.030% neg 0  invalid 762 tFOTS 0.0000 tGradient 1.4720 tsec 1.6660
#GCMRL#  246 dt 103.680000 rms  0.537  0.060% neg 0  invalid 762 tFOTS 0.0000 tGradient 1.5160 tsec 1.7060
#GCMRL#  247 dt 103.680000 rms  0.537  0.054% neg 0  invalid 762 tFOTS 0.0000 tGradient 1.4930 tsec 1.6850
#GCMRL#  248 dt 103.680000 rms  0.536  0.048% neg 0  invalid 762 tFOTS 0.0000 tGradient 1.4920 tsec 1.6810
#GCMRL#  249 dt 103.680000 rms  0.536  0.067% neg 0  invalid 762 tFOTS 0.0000 tGradient 1.4900 tsec 1.6840
#GCMRL#  250 dt 103.680000 rms  0.536  0.057% neg 0  invalid 762 tFOTS 0.0000 tGradient 1.5300 tsec 1.7200
#GCMRL#  251 dt 103.680000 rms  0.535  0.048% neg 0  invalid 762 tFOTS 0.0000 tGradient 1.4190 tsec 1.6160
#GCMRL#  252 dt 103.680000 rms  0.535  0.067% neg 0  invalid 762 tFOTS 0.0000 tGradient 1.4870 tsec 1.6820
#GCMRL#  253 dt 103.680000 rms  0.535  0.069% neg 0  invalid 762 tFOTS 0.0000 tGradient 1.4510 tsec 1.6410
#GCMRL#  254 dt 103.680000 rms  0.534  0.062% neg 0  invalid 762 tFOTS 0.0000 tGradient 1.4980 tsec 1.6920
#GCMRL#  255 dt 103.680000 rms  0.534  0.068% neg 0  invalid 762 tFOTS 0.0000 tGradient 1.4460 tsec 1.6400
#GCMRL#  256 dt 103.680000 rms  0.534  0.071% neg 0  invalid 762 tFOTS 0.0000 tGradient 1.4680 tsec 1.6580
#GCMRL#  257 dt 103.680000 rms  0.533  0.068% neg 0  invalid 762 tFOTS 0.0000 tGradient 1.4210 tsec 1.6110
#GCMRL#  258 dt 103.680000 rms  0.533  0.069% neg 0  invalid 762 tFOTS 0.0000 tGradient 1.5140 tsec 1.7100
#GCMRL#  259 dt 103.680000 rms  0.532  0.067% neg 0  invalid 762 tFOTS 0.0000 tGradient 1.4960 tsec 1.6950
#GCMRL#  260 dt 103.680000 rms  0.532  0.066% neg 0  invalid 762 tFOTS 0.0000 tGradient 1.4890 tsec 1.6810
#GCMRL#  261 dt 103.680000 rms  0.532  0.073% neg 0  invalid 762 tFOTS 0.0000 tGradient 1.4900 tsec 1.6790
#GCMRL#  262 dt 103.680000 rms  0.532 -0.002% neg 0  invalid 762 tFOTS 0.0000 tGradient 1.5350 tsec 1.9760
#GCMRL#  263 dt   0.004050 rms  0.532  0.000% neg 0  invalid 762 tFOTS 3.4040 tGradient 1.5090 tsec 5.1240

#GCAMreg# pass 0 level1 4 level2 1 tsec 277.984 sigma 0.5
l_jacobian=1.00 l_label=1.00 l_log_likelihood=0.20 l_smoothness=0.03 
tol=5.00e-02, dt=5.00e-02, exp_k=20.0, momentum=0.90, levels=6, niter=500, lbl_dist=10.00, avgs=64, sigma=0.5,type=2, relabel=0, neg=no

blurring input image with Gaussian with sigma=0.500...
GCAMRegisterLevel(): init RMS 0.532329
#FOTS# QuadFit found better minimum quadopt=(dt=145.152,rms=0.530167) vs oldopt=(dt=103.68,rms=0.530391)
#GCMRL#  265 dt 145.152000 rms  0.530  0.406% neg 0  invalid 762 tFOTS 2.5280 tGradient 1.4500 tsec 4.1850
#FOTS# QuadFit found better minimum quadopt=(dt=36.288,rms=0.529919) vs oldopt=(dt=25.92,rms=0.52997)
#GCMRL#  266 dt  36.288000 rms  0.530  0.000% neg 0  invalid 762 tFOTS 2.8280 tGradient 1.4560 tsec 4.5020
#GCMRL#  267 dt  36.288000 rms  0.530  0.023% neg 0  invalid 762 tFOTS 0.0000 tGradient 1.4470 tsec 1.6460
#GCMRL#  268 dt  36.288000 rms  0.530  0.035% neg 0  invalid 762 tFOTS 0.0000 tGradient 1.4840 tsec 1.6790
#GCMRL#  269 dt  36.288000 rms  0.529  0.044% neg 0  invalid 762 tFOTS 0.0000 tGradient 1.4370 tsec 1.6310
#GCMRL#  270 dt  36.288000 rms  0.529  0.054% neg 0  invalid 762 tFOTS 0.0000 tGradient 1.5140 tsec 1.7110
#GCMRL#  271 dt  36.288000 rms  0.529  0.059% neg 0  invalid 762 tFOTS 0.0000 tGradient 1.4860 tsec 1.6790
#GCMRL#  272 dt  36.288000 rms  0.528  0.055% neg 0  invalid 762 tFOTS 0.0000 tGradient 1.4760 tsec 1.6720
#GCMRL#  273 dt  36.288000 rms  0.528  0.050% neg 0  invalid 762 tFOTS 0.0000 tGradient 1.4790 tsec 1.6750
#GCMRL#  274 dt  36.288000 rms  0.528  0.042% neg 0  invalid 762 tFOTS 0.0000 tGradient 1.4600 tsec 1.6570
#GCMRL#  275 dt  36.288000 rms  0.528  0.038% neg 0  invalid 762 tFOTS 0.0000 tGradient 1.4270 tsec 1.6200
#GCMRL#  276 dt  36.288000 rms  0.528  0.034% neg 0  invalid 762 tFOTS 0.0000 tGradient 1.5280 tsec 1.7250
#GCMRL#  277 dt  36.288000 rms  0.527  0.033% neg 0  invalid 762 tFOTS 0.0000 tGradient 1.4670 tsec 1.6710
#GCMRL#  278 dt  36.288000 rms  0.527  0.031% neg 0  invalid 762 tFOTS 0.0000 tGradient 1.5040 tsec 1.6970
#GCMRL#  279 dt  36.288000 rms  0.527  0.031% neg 0  invalid 762 tFOTS 0.0000 tGradient 1.4990 tsec 1.6890
#GCMRL#  280 dt  36.288000 rms  0.527  0.030% neg 0  invalid 762 tFOTS 0.0000 tGradient 1.4630 tsec 1.6530
#GCMRL#  281 dt  36.288000 rms  0.527  0.032% neg 0  invalid 762 tFOTS 0.0000 tGradient 1.4860 tsec 1.6850
#GCMRL#  282 dt  36.288000 rms  0.527  0.030% neg 0  invalid 762 tFOTS 0.0000 tGradient 1.5240 tsec 1.7200
#GCMRL#  283 dt  36.288000 rms  0.526  0.029% neg 0  invalid 762 tFOTS 0.0000 tGradient 1.4640 tsec 1.6640
#GCMRL#  284 dt  36.288000 rms  0.526  0.027% neg 0  invalid 762 tFOTS 0.0000 tGradient 1.4880 tsec 1.6800
#GCMRL#  285 dt  36.288000 rms  0.526  0.027% neg 0  invalid 762 tFOTS 0.0000 tGradient 1.4400 tsec 1.6340
#GCMRL#  286 dt  36.288000 rms  0.526  0.027% neg 0  invalid 762 tFOTS 0.0000 tGradient 1.4480 tsec 1.6430
#GCMRL#  287 dt  36.288000 rms  0.526  0.026% neg 0  invalid 762 tFOTS 0.0000 tGradient 1.4170 tsec 1.6130
#GCMRL#  288 dt  36.288000 rms  0.526  0.026% neg 0  invalid 762 tFOTS 0.0000 tGradient 1.4260 tsec 1.6220
#GCMRL#  289 dt  36.288000 rms  0.526  0.024% neg 0  invalid 762 tFOTS 0.0000 tGradient 1.4190 tsec 1.6120
#GCMRL#  290 dt  36.288000 rms  0.526  0.023% neg 0  invalid 762 tFOTS 0.0000 tGradient 1.5030 tsec 1.7210
#FOTS# QuadFit found better minimum quadopt=(dt=497.664,rms=0.525385) vs oldopt=(dt=414.72,rms=0.525391)
#GCMRL#  291 dt 497.664000 rms  0.525  0.030% neg 0  invalid 762 tFOTS 2.8860 tGradient 1.4740 tsec 4.5740
#FOTS# QuadFit found better minimum quadopt=(dt=36.288,rms=0.52528) vs oldopt=(dt=25.92,rms=0.525299)
#GCMRL#  292 dt  36.288000 rms  0.525  0.000% neg 0  invalid 762 tFOTS 2.9200 tGradient 1.4730 tsec 4.6160
#GCMRL#  293 dt  36.288000 rms  0.525  0.004% neg 0  invalid 762 tFOTS 0.0000 tGradient 1.4300 tsec 1.6190
#GCMRL#  294 dt  36.288000 rms  0.525  0.004% neg 0  invalid 762 tFOTS 0.0000 tGradient 1.4520 tsec 1.6460
#GCMRL#  295 dt  36.288000 rms  0.525  0.004% neg 0  invalid 762 tFOTS 0.0000 tGradient 1.4280 tsec 1.6180
#GCMRL#  296 dt  36.288000 rms  0.525  0.007% neg 0  invalid 762 tFOTS 0.0000 tGradient 1.4810 tsec 1.6720
#GCMRL#  297 dt  36.288000 rms  0.525  0.011% neg 0  invalid 762 tFOTS 0.0000 tGradient 1.5320 tsec 1.7240
#GCMRL#  298 dt  36.288000 rms  0.525  0.015% neg 0  invalid 762 tFOTS 0.0000 tGradient 1.4970 tsec 1.6840
#GCMRL#  299 dt  36.288000 rms  0.525  0.016% neg 0  invalid 762 tFOTS 0.0000 tGradient 1.4640 tsec 1.6570
#GCMRL#  300 dt  36.288000 rms  0.525  0.016% neg 0  invalid 762 tFOTS 0.0000 tGradient 1.4830 tsec 1.6720
#GCMRL#  301 dt  36.288000 rms  0.525  0.016% neg 0  invalid 762 tFOTS 0.0000 tGradient 1.4400 tsec 1.6340
setting smoothness cost coefficient to 0.118

#GCAMreg# pass 0 level1 3 level2 0 tsec 0 sigma 2
l_jacobian=1.00 l_label=1.00 l_log_likelihood=0.20 l_smoothness=0.12 
tol=5.00e-02, dt=5.00e-02, exp_k=20.0, momentum=0.90, levels=6, niter=500, lbl_dist=10.00, avgs=16, sigma=2.0,type=2, relabel=0, neg=no

blurring input image with Gaussian with sigma=2.000...
GCAMRegisterLevel(): init RMS 0.538418
#GCMRL#  303 dt  32.000000 rms  0.536  0.403% neg 0  invalid 762 tFOTS 2.7640 tGradient 1.2320 tsec 4.2020
#FOTS# QuadFit found better minimum quadopt=(dt=44.8,rms=0.533267) vs oldopt=(dt=32,rms=0.533963)
#GCMRL#  304 dt  44.800000 rms  0.533  0.555% neg 0  invalid 762 tFOTS 2.5940 tGradient 1.2730 tsec 4.0750
#FOTS# QuadFit found better minimum quadopt=(dt=164.695,rms=0.527915) vs oldopt=(dt=128,rms=0.528113)
#GCMRL#  305 dt 164.695260 rms  0.528  1.004% neg 0  invalid 762 tFOTS 2.7350 tGradient 1.2360 tsec 4.1770
#FOTS# QuadFit found better minimum quadopt=(dt=31.6763,rms=0.523224) vs oldopt=(dt=32,rms=0.523227)
#GCMRL#  306 dt  31.676301 rms  0.523  0.889% neg 0  invalid 762 tFOTS 2.5580 tGradient 1.2730 tsec 4.0390
#GCMRL#  307 dt  32.000000 rms  0.522  0.269% neg 0  invalid 762 tFOTS 2.7410 tGradient 1.2390 tsec 4.1920
#FOTS# QuadFit found better minimum quadopt=(dt=65.4222,rms=0.519498) vs oldopt=(dt=32,rms=0.519866)
#GCMRL#  308 dt  65.422222 rms  0.519  0.444% neg 0  invalid 762 tFOTS 2.7390 tGradient 1.3160 tsec 4.2650
#FOTS# QuadFit found better minimum quadopt=(dt=21.0832,rms=0.517794) vs oldopt=(dt=32,rms=0.51828)
#GCMRL#  309 dt  21.083156 rms  0.518  0.328% neg 0  invalid 762 tFOTS 2.7090 tGradient 1.2600 tsec 4.1720
#FOTS# QuadFit found better minimum quadopt=(dt=179.2,rms=0.512879) vs oldopt=(dt=128,rms=0.513961)
#GCMRL#  310 dt 179.200000 rms  0.513  0.949% neg 0  invalid 762 tFOTS 2.5040 tGradient 1.2390 tsec 3.9480
#FOTS# QuadFit found better minimum quadopt=(dt=25.6,rms=0.511949) vs oldopt=(dt=32,rms=0.512038)
#GCMRL#  311 dt  25.600000 rms  0.512  0.181% neg 0  invalid 762 tFOTS 2.7050 tGradient 1.2950 tsec 4.2080
#FOTS# QuadFit found better minimum quadopt=(dt=44.8,rms=0.510692) vs oldopt=(dt=32,rms=0.510904)
#GCMRL#  312 dt  44.800000 rms  0.511  0.246% neg 0  invalid 762 tFOTS 2.7340 tGradient 1.2350 tsec 4.1820
#GCMRL#  313 dt  32.000000 rms  0.510  0.070% neg 0  invalid 762 tFOTS 2.6940 tGradient 1.2090 tsec 4.1080
#FOTS# QuadFit found better minimum quadopt=(dt=44.8,rms=0.509343) vs oldopt=(dt=32,rms=0.509494)
#GCMRL#  314 dt  44.800000 rms  0.509  0.195% neg 0  invalid 762 tFOTS 2.7270 tGradient 1.2830 tsec 4.2180
#FOTS# QuadFit found better minimum quadopt=(dt=19.2,rms=0.509065) vs oldopt=(dt=32,rms=0.509122)
#GCMRL#  315 dt  19.200000 rms  0.509  0.054% neg 0  invalid 762 tFOTS 2.7280 tGradient 1.2330 tsec 4.1690
#GCMRL#  316 dt 512.000000 rms  0.503  1.278% neg 0  invalid 762 tFOTS 2.7760 tGradient 1.2520 tsec 4.2390
#GCMRL#  317 dt  32.000000 rms  0.502  0.148% neg 0  invalid 762 tFOTS 2.7280 tGradient 1.7710 tsec 4.7060
#FOTS# QuadFit found better minimum quadopt=(dt=44.8,rms=0.501137) vs oldopt=(dt=32,rms=0.501182)
#GCMRL#  318 dt  44.800000 rms  0.501  0.135% neg 0  invalid 762 tFOTS 2.7360 tGradient 1.5950 tsec 4.5320
#GCMRL#  319 dt  32.000000 rms  0.501  0.000% neg 0  invalid 762 tFOTS 2.7200 tGradient 1.2700 tsec 4.2080
#GCMRL#  320 dt  32.000000 rms  0.501  0.057% neg 0  invalid 762 tFOTS 0.0000 tGradient 1.2210 tsec 1.4070
#GCMRL#  321 dt  32.000000 rms  0.500  0.082% neg 0  invalid 762 tFOTS 0.0000 tGradient 1.1810 tsec 1.3670
#GCMRL#  322 dt  32.000000 rms  0.500  0.110% neg 0  invalid 762 tFOTS 0.0000 tGradient 1.2510 tsec 1.4350
#GCMRL#  323 dt  32.000000 rms  0.499  0.114% neg 0  invalid 762 tFOTS 0.0000 tGradient 1.2220 tsec 1.4140
#GCMRL#  324 dt  32.000000 rms  0.498  0.136% neg 0  invalid 762 tFOTS 0.0000 tGradient 1.2510 tsec 1.4390
#GCMRL#  325 dt  32.000000 rms  0.498  0.177% neg 0  invalid 762 tFOTS 0.0000 tGradient 1.1770 tsec 1.3610
#GCMRL#  326 dt  32.000000 rms  0.497  0.185% neg 0  invalid 762 tFOTS 0.0000 tGradient 1.2210 tsec 1.4060
#GCMRL#  327 dt  32.000000 rms  0.496  0.167% neg 0  invalid 762 tFOTS 0.0000 tGradient 1.1440 tsec 1.3320
#GCMRL#  328 dt  32.000000 rms  0.495  0.180% neg 0  invalid 762 tFOTS 0.0000 tGradient 1.1680 tsec 1.3560
#GCMRL#  329 dt  32.000000 rms  0.494  0.213% neg 0  invalid 762 tFOTS 0.0000 tGradient 1.2380 tsec 1.4300
#GCMRL#  330 dt  32.000000 rms  0.493  0.176% neg 0  invalid 762 tFOTS 0.0000 tGradient 1.2290 tsec 1.4190
#GCMRL#  331 dt  32.000000 rms  0.493 -0.020% neg 0  invalid 762 tFOTS 0.0000 tGradient 1.1940 tsec 1.6290
#FOTS# QuadFit found better minimum quadopt=(dt=9.6,rms=0.49296) vs oldopt=(dt=8,rms=0.49296)
#GCMRL#  332 dt   9.600000 rms  0.493  0.004% neg 0  invalid 762 tFOTS 2.7040 tGradient 1.2080 tsec 4.1170
#FOTS# QuadFit found better minimum quadopt=(dt=19.2,rms=0.492922) vs oldopt=(dt=32,rms=0.492927)
#GCMRL#  333 dt  19.200000 rms  0.493  0.008% neg 0  invalid 762 tFOTS 2.5580 tGradient 1.1710 tsec 3.9320
#FOTS# QuadFit found better minimum quadopt=(dt=102.4,rms=0.492798) vs oldopt=(dt=128,rms=0.492812)
#GCMRL#  334 dt 102.400000 rms  0.493  0.025% neg 0  invalid 762 tFOTS 2.5520 tGradient 1.1870 tsec 3.9500
#FOTS# QuadFit found better minimum quadopt=(dt=11.2,rms=0.492761) vs oldopt=(dt=8,rms=0.492771)

#GCAMreg# pass 0 level1 3 level2 1 tsec 113.635 sigma 0.5
l_jacobian=1.00 l_label=1.00 l_log_likelihood=0.20 l_smoothness=0.12 
tol=5.00e-02, dt=5.00e-02, exp_k=20.0, momentum=0.90, levels=6, niter=500, lbl_dist=10.00, avgs=16, sigma=0.5,type=2, relabel=0, neg=no

blurring input image with Gaussian with sigma=0.500...
GCAMRegisterLevel(): init RMS 0.493246
#FOTS# QuadFit found better minimum quadopt=(dt=44.8,rms=0.490754) vs oldopt=(dt=32,rms=0.491023)
#GCMRL#  336 dt  44.800000 rms  0.491  0.505% neg 0  invalid 762 tFOTS 2.5670 tGradient 1.1780 tsec 3.9520
#FOTS# QuadFit found better minimum quadopt=(dt=25.6,rms=0.490309) vs oldopt=(dt=32,rms=0.49032)
#GCMRL#  337 dt  25.600000 rms  0.490  0.091% neg 0  invalid 762 tFOTS 2.7190 tGradient 1.1360 tsec 4.0620
#FOTS# QuadFit found better minimum quadopt=(dt=44.8,rms=0.490003) vs oldopt=(dt=32,rms=0.490018)
#GCMRL#  338 dt  44.800000 rms  0.490  0.062% neg 0  invalid 762 tFOTS 2.6240 tGradient 1.1640 tsec 4.0040
#FOTS# QuadFit found better minimum quadopt=(dt=25.6,rms=0.489687) vs oldopt=(dt=32,rms=0.489709)
#GCMRL#  339 dt  25.600000 rms  0.490  0.064% neg 0  invalid 762 tFOTS 2.7790 tGradient 1.1780 tsec 4.1700
#FOTS# QuadFit found better minimum quadopt=(dt=25.6,rms=0.489507) vs oldopt=(dt=32,rms=0.489508)
#GCMRL#  340 dt  25.600000 rms  0.490  0.000% neg 0  invalid 762 tFOTS 2.5500 tGradient 1.1720 tsec 3.9430
#GCMRL#  341 dt  25.600000 rms  0.489  0.037% neg 0  invalid 762 tFOTS 0.0000 tGradient 1.1710 tsec 1.3650
#GCMRL#  342 dt  25.600000 rms  0.489  0.061% neg 0  invalid 762 tFOTS 0.0000 tGradient 1.2250 tsec 1.4140
#GCMRL#  343 dt  25.600000 rms  0.489  0.063% neg 0  invalid 762 tFOTS 0.0000 tGradient 1.1900 tsec 1.3830
#GCMRL#  344 dt  25.600000 rms  0.488  0.065% neg 0  invalid 762 tFOTS 0.0000 tGradient 1.2500 tsec 1.4470
#GCMRL#  345 dt  25.600000 rms  0.488  0.068% neg 0  invalid 762 tFOTS 0.0000 tGradient 1.2120 tsec 1.4060
#GCMRL#  346 dt  25.600000 rms  0.488  0.062% neg 0  invalid 762 tFOTS 0.0000 tGradient 1.2390 tsec 1.4310
#GCMRL#  347 dt  25.600000 rms  0.488  0.043% neg 0  invalid 762 tFOTS 0.0000 tGradient 1.1440 tsec 1.3330
#GCMRL#  348 dt  25.600000 rms  0.487  0.054% neg 0  invalid 762 tFOTS 0.0000 tGradient 1.2100 tsec 1.3970
#GCMRL#  349 dt  25.600000 rms  0.487  0.078% neg 0  invalid 762 tFOTS 0.0000 tGradient 1.1940 tsec 1.3820
#GCMRL#  350 dt  25.600000 rms  0.487  0.077% neg 0  invalid 762 tFOTS 0.0000 tGradient 1.2170 tsec 1.4090
#GCMRL#  351 dt  25.600000 rms  0.486  0.066% neg 0  invalid 762 tFOTS 0.0000 tGradient 1.2090 tsec 1.3970
#GCMRL#  352 dt  25.600000 rms  0.486  0.062% neg 0  invalid 762 tFOTS 0.0000 tGradient 1.1920 tsec 1.3800
#GCMRL#  353 dt  25.600000 rms  0.485  0.088% neg 0  invalid 762 tFOTS 0.0000 tGradient 1.1640 tsec 1.3520
#GCMRL#  354 dt  25.600000 rms  0.485  0.080% neg 0  invalid 762 tFOTS 0.0000 tGradient 1.2180 tsec 1.4110
#GCMRL#  355 dt  25.600000 rms  0.485  0.066% neg 0  invalid 762 tFOTS 0.0000 tGradient 1.1860 tsec 1.3820
#GCMRL#  356 dt  25.600000 rms  0.485  0.056% neg 0  invalid 762 tFOTS 0.0000 tGradient 1.2020 tsec 1.3920
#GCMRL#  357 dt  25.600000 rms  0.484  0.069% neg 0  invalid 762 tFOTS 0.0000 tGradient 1.1680 tsec 1.3540
#GCMRL#  358 dt  25.600000 rms  0.484  0.070% neg 0  invalid 762 tFOTS 0.0000 tGradient 1.1850 tsec 1.3760
#GCMRL#  359 dt  25.600000 rms  0.484  0.054% neg 0  invalid 762 tFOTS 0.0000 tGradient 1.1610 tsec 1.3590
#GCMRL#  360 dt  25.600000 rms  0.483  0.055% neg 0  invalid 762 tFOTS 0.0000 tGradient 1.2370 tsec 1.4410
#GCMRL#  361 dt  25.600000 rms  0.483  0.067% neg 0  invalid 762 tFOTS 0.0000 tGradient 1.1960 tsec 1.3960
#GCMRL#  362 dt  25.600000 rms  0.483  0.073% neg 0  invalid 762 tFOTS 0.0000 tGradient 1.2020 tsec 1.3940
#GCMRL#  363 dt  25.600000 rms  0.482  0.057% neg 0  invalid 762 tFOTS 0.0000 tGradient 1.2040 tsec 1.3950
#GCMRL#  364 dt  25.600000 rms  0.482  0.055% neg 0  invalid 762 tFOTS 0.0000 tGradient 1.1580 tsec 1.3510
#GCMRL#  365 dt  25.600000 rms  0.482  0.057% neg 0  invalid 762 tFOTS 0.0000 tGradient 1.1480 tsec 1.3460
#GCMRL#  366 dt  25.600000 rms  0.482  0.062% neg 0  invalid 762 tFOTS 0.0000 tGradient 1.1800 tsec 1.3740
#GCMRL#  367 dt  25.600000 rms  0.481  0.050% neg 0  invalid 762 tFOTS 0.0000 tGradient 1.1660 tsec 1.3580
#GCMRL#  368 dt  25.600000 rms  0.481  0.044% neg 0  invalid 762 tFOTS 0.0000 tGradient 1.2190 tsec 1.4080
#GCMRL#  369 dt  25.600000 rms  0.481  0.041% neg 0  invalid 762 tFOTS 0.0000 tGradient 1.1310 tsec 1.3210
#GCMRL#  370 dt  25.600000 rms  0.481  0.040% neg 0  invalid 762 tFOTS 0.0000 tGradient 1.1630 tsec 1.3530
#GCMRL#  371 dt  25.600000 rms  0.480  0.038% neg 0  invalid 762 tFOTS 0.0000 tGradient 1.1460 tsec 1.3350
#GCMRL#  372 dt  25.600000 rms  0.480  0.036% neg 0  invalid 762 tFOTS 0.0000 tGradient 1.1890 tsec 1.3800
#GCMRL#  373 dt  25.600000 rms  0.480  0.038% neg 0  invalid 762 tFOTS 0.0000 tGradient 1.1170 tsec 1.3080
#GCMRL#  374 dt  25.600000 rms  0.480  0.039% neg 0  invalid 762 tFOTS 0.0000 tGradient 1.1730 tsec 1.3600
#GCMRL#  375 dt  25.600000 rms  0.480  0.035% neg 0  invalid 762 tFOTS 0.0000 tGradient 1.1390 tsec 1.3260
#GCMRL#  376 dt  25.600000 rms  0.480  0.033% neg 0  invalid 762 tFOTS 0.0000 tGradient 1.2170 tsec 1.4140
#GCMRL#  377 dt  25.600000 rms  0.479  0.032% neg 0  invalid 762 tFOTS 0.0000 tGradient 1.1990 tsec 1.3960
#GCMRL#  378 dt  25.600000 rms  0.479  0.028% neg 0  invalid 762 tFOTS 0.0000 tGradient 1.1960 tsec 1.3940
#GCMRL#  379 dt  25.600000 rms  0.479  0.024% neg 0  invalid 762 tFOTS 0.0000 tGradient 1.1400 tsec 1.3330
#GCMRL#  380 dt  25.600000 rms  0.479  0.026% neg 0  invalid 762 tFOTS 0.0000 tGradient 1.2170 tsec 1.4050
#GCMRL#  381 dt  25.600000 rms  0.479  0.023% neg 0  invalid 762 tFOTS 0.0000 tGradient 1.1800 tsec 1.3730
#GCMRL#  382 dt  25.600000 rms  0.479  0.021% neg 0  invalid 762 tFOTS 0.0000 tGradient 1.2140 tsec 1.4200
#FOTS# QuadFit found better minimum quadopt=(dt=25.6,rms=0.478895) vs oldopt=(dt=32,rms=0.478895)
#GCMRL#  383 dt  25.600000 rms  0.479  0.000% neg 0  invalid 762 tFOTS 2.6940 tGradient 1.1620 tsec 4.0830
#GCMRL#  384 dt  25.600000 rms  0.479  0.002% neg 0  invalid 762 tFOTS 0.0000 tGradient 1.2220 tsec 1.4340
#GCMRL#  385 dt  25.600000 rms  0.479  0.003% neg 0  invalid 762 tFOTS 0.0000 tGradient 1.1730 tsec 1.3670
#GCMRL#  386 dt  25.600000 rms  0.479  0.004% neg 0  invalid 762 tFOTS 0.0000 tGradient 1.1980 tsec 1.3950
#GCMRL#  387 dt  25.600000 rms  0.479  0.004% neg 0  invalid 762 tFOTS 0.0000 tGradient 1.1690 tsec 1.3600
#GCMRL#  388 dt  25.600000 rms  0.479  0.006% neg 0  invalid 762 tFOTS 0.0000 tGradient 1.1610 tsec 1.3520
#GCMRL#  389 dt  25.600000 rms  0.479  0.006% neg 0  invalid 762 tFOTS 0.0000 tGradient 1.1250 tsec 1.3170
setting smoothness cost coefficient to 0.400

#GCAMreg# pass 0 level1 2 level2 0 tsec 0 sigma 2
l_jacobian=1.00 l_label=1.00 l_log_likelihood=0.20 l_smoothness=0.40 
tol=5.00e-02, dt=5.00e-02, exp_k=20.0, momentum=0.90, levels=6, niter=500, lbl_dist=10.00, avgs=4, sigma=2.0,type=2, relabel=0, neg=no

blurring input image with Gaussian with sigma=2.000...
GCAMRegisterLevel(): init RMS 0.507478
#GCMRL#  391 dt   0.000000 rms  0.507  0.099% neg 0  invalid 762 tFOTS 2.6340 tGradient 1.1110 tsec 3.9590
#GCMRL#  392 dt   0.150000 rms  0.507  0.000% neg 0  invalid 762 tFOTS 2.5990 tGradient 1.0990 tsec 4.0570

#GCAMreg# pass 0 level1 2 level2 1 tsec 18.527 sigma 0.5
l_jacobian=1.00 l_label=1.00 l_log_likelihood=0.20 l_smoothness=0.40 
tol=5.00e-02, dt=5.00e-02, exp_k=20.0, momentum=0.90, levels=6, niter=500, lbl_dist=10.00, avgs=4, sigma=0.5,type=2, relabel=0, neg=no

blurring input image with Gaussian with sigma=0.500...
GCAMRegisterLevel(): init RMS 0.507478
#GCMRL#  394 dt   0.000000 rms  0.507  0.099% neg 0  invalid 762 tFOTS 2.5870 tGradient 1.0590 tsec 3.8650
#GCMRL#  395 dt   0.150000 rms  0.507  0.000% neg 0  invalid 762 tFOTS 2.6350 tGradient 1.0560 tsec 4.0600
setting smoothness cost coefficient to 1.000

#GCAMreg# pass 0 level1 1 level2 0 tsec 0 sigma 2
l_jacobian=1.00 l_label=1.00 l_log_likelihood=0.20 l_smoothness=1.00 
tol=5.00e-02, dt=5.00e-02, exp_k=20.0, momentum=0.90, levels=6, niter=500, lbl_dist=10.00, avgs=1, sigma=2.0,type=2, relabel=0, neg=no

blurring input image with Gaussian with sigma=2.000...
GCAMRegisterLevel(): init RMS 0.562716
#FOTS# QuadFit found better minimum quadopt=(dt=1.536,rms=0.557495) vs oldopt=(dt=1.28,rms=0.5576)
#GCMRL#  397 dt   1.536000 rms  0.557  0.928% neg 0  invalid 762 tFOTS 2.6690 tGradient 0.9120 tsec 3.8000
#FOTS# QuadFit found better minimum quadopt=(dt=0.112,rms=0.557455) vs oldopt=(dt=0.08,rms=0.557462)
#GCMRL#  398 dt   0.112000 rms  0.557  0.000% neg 0  invalid 762 tFOTS 2.5950 tGradient 0.8960 tsec 3.7200
#GCMRL#  399 dt   0.112000 rms  0.557  0.002% neg 0  invalid 762 tFOTS 0.0000 tGradient 0.9030 tsec 1.0970

#GCAMreg# pass 0 level1 1 level2 1 tsec 19.11 sigma 0.5
l_jacobian=1.00 l_label=1.00 l_log_likelihood=0.20 l_smoothness=1.00 
tol=5.00e-02, dt=5.00e-02, exp_k=20.0, momentum=0.90, levels=6, niter=500, lbl_dist=10.00, avgs=1, sigma=0.5,type=2, relabel=0, neg=no

blurring input image with Gaussian with sigma=0.500...
GCAMRegisterLevel(): init RMS 0.557902
#FOTS# QuadFit found better minimum quadopt=(dt=0.384,rms=0.5573) vs oldopt=(dt=0.32,rms=0.557305)
#GCMRL#  401 dt   0.384000 rms  0.557  0.108% neg 0  invalid 762 tFOTS 2.5920 tGradient 0.8660 tsec 3.6770
#FOTS# QuadFit found better minimum quadopt=(dt=0.064,rms=0.557297) vs oldopt=(dt=0.08,rms=0.557297)
#GCMRL#  402 dt   0.064000 rms  0.557  0.000% neg 0  invalid 762 tFOTS 2.6190 tGradient 0.9480 tsec 3.7940
resetting metric properties...
setting smoothness cost coefficient to 2.000

#GCAMreg# pass 0 level1 0 level2 0 tsec 0 sigma 2
l_jacobian=1.00 l_label=1.00 l_log_likelihood=0.20 l_smoothness=2.00 
tol=5.00e-02, dt=5.00e-02, exp_k=20.0, momentum=0.90, levels=6, niter=500, lbl_dist=10.00, avgs=0, sigma=2.0,type=2, relabel=0, neg=no

blurring input image with Gaussian with sigma=2.000...
GCAMRegisterLevel(): init RMS 0.491364
#FOTS# QuadFit found better minimum quadopt=(dt=0.448,rms=0.479077) vs oldopt=(dt=0.32,rms=0.482269)
#GCMRL#  404 dt   0.448000 rms  0.479  2.501% neg 0  invalid 762 tFOTS 2.5060 tGradient 0.4940 tsec 3.2190
#FOTS# QuadFit found better minimum quadopt=(dt=0.448,rms=0.476328) vs oldopt=(dt=0.32,rms=0.477086)
#GCMRL#  405 dt   0.448000 rms  0.476  0.574% neg 0  invalid 762 tFOTS 2.3680 tGradient 0.4680 tsec 3.0500
#FOTS# QuadFit found better minimum quadopt=(dt=0.448,rms=0.474622) vs oldopt=(dt=0.32,rms=0.4751)
#GCMRL#  406 dt   0.448000 rms  0.475  0.358% neg 0  invalid 762 tFOTS 2.3900 tGradient 0.4340 tsec 3.0350
#FOTS# QuadFit found better minimum quadopt=(dt=0.448,rms=0.473549) vs oldopt=(dt=0.32,rms=0.473847)
#GCMRL#  407 dt   0.448000 rms  0.474  0.226% neg 0  invalid 762 tFOTS 2.3960 tGradient 0.4460 tsec 3.0630
#FOTS# QuadFit found better minimum quadopt=(dt=0.448,rms=0.472729) vs oldopt=(dt=0.32,rms=0.472958)
#GCMRL#  408 dt   0.448000 rms  0.473  0.173% neg 0  invalid 762 tFOTS 2.4420 tGradient 0.4650 tsec 3.1180
#FOTS# QuadFit found better minimum quadopt=(dt=0.448,rms=0.472153) vs oldopt=(dt=0.32,rms=0.472312)
#GCMRL#  409 dt   0.448000 rms  0.472  0.122% neg 0  invalid 762 tFOTS 2.3980 tGradient 0.4700 tsec 3.0790
#FOTS# QuadFit found better minimum quadopt=(dt=0.448,rms=0.471644) vs oldopt=(dt=0.32,rms=0.471781)
#GCMRL#  410 dt   0.448000 rms  0.472  0.108% neg 0  invalid 762 tFOTS 2.3850 tGradient 0.4540 tsec 3.0600
#FOTS# QuadFit found better minimum quadopt=(dt=0.448,rms=0.471284) vs oldopt=(dt=0.32,rms=0.471381)
#GCMRL#  411 dt   0.448000 rms  0.471  0.076% neg 0  invalid 762 tFOTS 2.3920 tGradient 0.4500 tsec 3.0590
#FOTS# QuadFit found better minimum quadopt=(dt=0.448,rms=0.47094) vs oldopt=(dt=0.32,rms=0.471031)
#GCMRL#  412 dt   0.448000 rms  0.471  0.073% neg 0  invalid 762 tFOTS 2.3890 tGradient 0.4610 tsec 3.0600
#FOTS# QuadFit found better minimum quadopt=(dt=0.448,rms=0.470694) vs oldopt=(dt=0.32,rms=0.470757)
#GCMRL#  413 dt   0.448000 rms  0.471  0.052% neg 0  invalid 762 tFOTS 2.3800 tGradient 0.4540 tsec 3.0480
#FOTS# QuadFit found better minimum quadopt=(dt=0.448,rms=0.470446) vs oldopt=(dt=0.32,rms=0.47051)
#GCMRL#  414 dt   0.448000 rms  0.470  0.053% neg 0  invalid 762 tFOTS 2.3800 tGradient 0.4600 tsec 3.0550
#FOTS# QuadFit found better minimum quadopt=(dt=0.448,rms=0.470277) vs oldopt=(dt=0.32,rms=0.470318)
#GCMRL#  415 dt   0.448000 rms  0.470  0.000% neg 0  invalid 762 tFOTS 2.3990 tGradient 0.4570 tsec 3.0840
#GCMRL#  416 dt   0.448000 rms  0.470  0.040% neg 0  invalid 762 tFOTS 0.0000 tGradient 0.4480 tsec 0.6470
#GCMRL#  417 dt   0.448000 rms  0.470  0.063% neg 0  invalid 762 tFOTS 0.0000 tGradient 0.4500 tsec 0.6500
#GCMRL#  418 dt   0.448000 rms  0.469  0.074% neg 0  invalid 762 tFOTS 0.0000 tGradient 0.4570 tsec 0.6580
#GCMRL#  419 dt   0.448000 rms  0.469  0.080% neg 0  invalid 762 tFOTS 0.0000 tGradient 0.4580 tsec 0.6540
#GCMRL#  420 dt   0.448000 rms  0.469  0.014% neg 0  invalid 762 tFOTS 0.0000 tGradient 0.4590 tsec 0.7630
#GCMRL#  421 dt   0.448000 rms  0.469  0.013% neg 0  invalid 762 tFOTS 0.0000 tGradient 0.4590 tsec 0.6710
#FOTS# QuadFit found better minimum quadopt=(dt=0.384,rms=0.468925) vs oldopt=(dt=0.32,rms=0.468925)
#GCMRL#  422 dt   0.384000 rms  0.469  0.000% neg 0  invalid 762 tFOTS 2.3890 tGradient 0.4460 tsec 3.0650
#GCMRL#  423 dt   0.384000 rms  0.469  0.008% neg 0  invalid 762 tFOTS 0.0000 tGradient 0.4420 tsec 0.6390
#GCMRL#  424 dt   0.384000 rms  0.469  0.008% neg 0  invalid 762 tFOTS 0.0000 tGradient 0.4690 tsec 0.6720
#GCMRL#  425 dt   0.384000 rms  0.469  0.012% neg 0  invalid 762 tFOTS 0.0000 tGradient 0.4390 tsec 0.6340
#GCMRL#  426 dt   0.384000 rms  0.469  0.017% neg 0  invalid 762 tFOTS 0.0000 tGradient 0.4450 tsec 0.6480
#GCMRL#  427 dt   0.384000 rms  0.469  0.019% neg 0  invalid 762 tFOTS 0.0000 tGradient 0.4550 tsec 0.6580
#GCMRL#  428 dt   0.384000 rms  0.469  0.017% neg 0  invalid 762 tFOTS 0.0000 tGradient 0.4620 tsec 0.6640

#GCAMreg# pass 0 level1 0 level2 1 tsec 58.014 sigma 0.5
l_jacobian=1.00 l_label=1.00 l_log_likelihood=0.20 l_smoothness=2.00 
tol=5.00e-02, dt=5.00e-02, exp_k=20.0, momentum=0.90, levels=6, niter=500, lbl_dist=10.00, avgs=0, sigma=0.5,type=2, relabel=0, neg=no

blurring input image with Gaussian with sigma=0.500...
GCAMRegisterLevel(): init RMS 0.469083
#FOTS# QuadFit found better minimum quadopt=(dt=0.448,rms=0.466066) vs oldopt=(dt=0.32,rms=0.466694)
#GCMRL#  430 dt   0.448000 rms  0.466  0.643% neg 0  invalid 762 tFOTS 2.4070 tGradient 0.4620 tsec 3.0850
#FOTS# QuadFit found better minimum quadopt=(dt=0.448,rms=0.465829) vs oldopt=(dt=0.32,rms=0.465882)
#GCMRL#  431 dt   0.448000 rms  0.466  0.051% neg 0  invalid 762 tFOTS 2.3950 tGradient 0.4420 tsec 3.0480
#FOTS# QuadFit found better minimum quadopt=(dt=0.448,rms=0.465724) vs oldopt=(dt=0.32,rms=0.465743)
#GCMRL#  432 dt   0.448000 rms  0.466  0.000% neg 0  invalid 762 tFOTS 2.3930 tGradient 0.4790 tsec 3.1100
#GCMRL#  433 dt   0.448000 rms  0.466  0.006% neg 0  invalid 762 tFOTS 0.0000 tGradient 0.4400 tsec 0.6360
#GCMRL#  434 dt   0.448000 rms  0.466  0.012% neg 0  invalid 762 tFOTS 0.0000 tGradient 0.4730 tsec 0.6720
#GCMRL#  435 dt   0.448000 rms  0.466  0.009% neg 0  invalid 762 tFOTS 0.0000 tGradient 0.4500 tsec 0.6500
#GCMRL#  436 dt   0.448000 rms  0.466  0.008% neg 0  invalid 762 tFOTS 0.0000 tGradient 0.4510 tsec 0.6620
GCAMregister done in 16.1775 min
********************* ALLOWING NEGATIVE NODES IN DEFORMATION********************************
noneg post
Starting GCAMregister()
label assignment complete, 0 changed (0.00%)
npasses = 1, nlevels = 6
#pass# 1 of 1 ************************
enabling zero nodes
setting smoothness cost coefficient to 0.008

#GCAMreg# pass 0 level1 5 level2 0 tsec 0 sigma 2
l_jacobian=1.00 l_label=1.00 l_log_likelihood=0.20 l_smoothness=0.01 
tol=2.50e-01, dt=5.00e-02, exp_k=20.0, momentum=0.90, levels=6, niter=500, lbl_dist=10.00, avgs=256, sigma=2.0,type=2, relabel=0, neg=yes

blurring input image with Gaussian with sigma=2.000...
GCAMRegisterLevel(): init RMS 0.463976
#FOTS# QuadFit found better minimum quadopt=(dt=32.368,rms=0.46336) vs oldopt=(dt=23.12,rms=0.463361)
#GCMRL#  438 dt  32.368000 rms  0.463  0.133% neg 0  invalid 762 tFOTS 3.0400 tGradient 1.9770 tsec 5.2290
#FOTS# QuadFit found better minimum quadopt=(dt=32.368,rms=0.463351) vs oldopt=(dt=23.12,rms=0.463352)
#GCMRL#  439 dt  32.368000 rms  0.463  0.000% neg 0  invalid 762 tFOTS 3.0660 tGradient 1.9420 tsec 5.2350
#GCMRL#  440 dt  32.368000 rms  0.463  0.003% neg 0  invalid 762 tFOTS 0.0000 tGradient 1.9290 tsec 2.1240
#GCMRL#  441 dt  32.368000 rms  0.463  0.001% neg 0  invalid 762 tFOTS 0.0000 tGradient 1.9520 tsec 2.1450

#GCAMreg# pass 0 level1 5 level2 1 tsec 23.959 sigma 0.5
l_jacobian=1.00 l_label=1.00 l_log_likelihood=0.20 l_smoothness=0.01 
tol=2.50e-01, dt=5.00e-02, exp_k=20.0, momentum=0.90, levels=6, niter=500, lbl_dist=10.00, avgs=256, sigma=0.5,type=2, relabel=0, neg=yes

blurring input image with Gaussian with sigma=0.500...
GCAMRegisterLevel(): init RMS 0.46395
#FOTS# QuadFit found better minimum quadopt=(dt=295.936,rms=0.462735) vs oldopt=(dt=369.92,rms=0.462794)
#GCMRL#  443 dt 295.936000 rms  0.463  0.262% neg 0  invalid 762 tFOTS 2.9280 tGradient 1.9250 tsec 5.0690
#FOTS# QuadFit found better minimum quadopt=(dt=55.488,rms=0.462621) vs oldopt=(dt=92.48,rms=0.462665)
#GCMRL#  444 dt  55.488000 rms  0.463  0.000% neg 0  invalid 762 tFOTS 2.8690 tGradient 1.9430 tsec 5.0370
#GCMRL#  445 dt  55.488000 rms  0.463  0.008% neg 0  invalid 762 tFOTS 0.0000 tGradient 1.9340 tsec 2.1270
#GCMRL#  446 dt  55.488000 rms  0.463  0.002% neg 0  invalid 762 tFOTS 0.0000 tGradient 1.9190 tsec 2.1090
#GCMRL#  447 dt  55.488000 rms  0.463  0.007% neg 0  invalid 762 tFOTS 0.0000 tGradient 1.9380 tsec 2.1330
#GCMRL#  448 dt  55.488000 rms  0.462  0.023% neg 0  invalid 762 tFOTS 0.0000 tGradient 1.9150 tsec 2.1120
#GCMRL#  449 dt  55.488000 rms  0.462  0.034% neg 0  invalid 762 tFOTS 0.0000 tGradient 1.9260 tsec 2.1200
#GCMRL#  450 dt  55.488000 rms  0.462  0.032% neg 0  invalid 762 tFOTS 0.0000 tGradient 1.9210 tsec 2.1250
#FOTS# QuadFit found better minimum quadopt=(dt=129.472,rms=0.462121) vs oldopt=(dt=92.48,rms=0.462122)
setting smoothness cost coefficient to 0.031

#GCAMreg# pass 0 level1 4 level2 0 tsec 0 sigma 2
l_jacobian=1.00 l_label=1.00 l_log_likelihood=0.20 l_smoothness=0.03 
tol=2.50e-01, dt=5.00e-02, exp_k=20.0, momentum=0.90, levels=6, niter=500, lbl_dist=10.00, avgs=64, sigma=2.0,type=2, relabel=0, neg=yes

blurring input image with Gaussian with sigma=2.000...
GCAMRegisterLevel(): init RMS 0.462752
#FOTS# QuadFit found better minimum quadopt=(dt=31.104,rms=0.461996) vs oldopt=(dt=25.92,rms=0.462002)
#GCMRL#  452 dt  31.104000 rms  0.462  0.163% neg 0  invalid 762 tFOTS 2.8570 tGradient 1.4270 tsec 4.4980
#FOTS# QuadFit found better minimum quadopt=(dt=36.288,rms=0.461849) vs oldopt=(dt=25.92,rms=0.461877)
#GCMRL#  453 dt  36.288000 rms  0.462  0.000% neg 0  invalid 762 tFOTS 3.0080 tGradient 1.4480 tsec 4.6820
#GCMRL#  454 dt  36.288000 rms  0.462  0.034% neg 0  invalid 762 tFOTS 0.0000 tGradient 1.4230 tsec 1.6130
#GCMRL#  455 dt  36.288000 rms  0.462  0.040% neg 0  invalid 762 tFOTS 0.0000 tGradient 1.4210 tsec 1.6150
#GCMRL#  456 dt  36.288000 rms  0.461  0.022% neg 0  invalid 762 tFOTS 0.0000 tGradient 1.4430 tsec 1.6440

#GCAMreg# pass 0 level1 4 level2 1 tsec 22.67 sigma 0.5
l_jacobian=1.00 l_label=1.00 l_log_likelihood=0.20 l_smoothness=0.03 
tol=2.50e-01, dt=5.00e-02, exp_k=20.0, momentum=0.90, levels=6, niter=500, lbl_dist=10.00, avgs=64, sigma=0.5,type=2, relabel=0, neg=yes

blurring input image with Gaussian with sigma=0.500...
GCAMRegisterLevel(): init RMS 0.46197
#FOTS# QuadFit found better minimum quadopt=(dt=131.787,rms=0.458608) vs oldopt=(dt=103.68,rms=0.458717)
#GCMRL#  458 dt 131.786982 rms  0.459  0.728% neg 0  invalid 762 tFOTS 3.0440 tGradient 1.4650 tsec 4.7170
#FOTS# QuadFit found better minimum quadopt=(dt=36.288,rms=0.458077) vs oldopt=(dt=25.92,rms=0.458165)
#GCMRL#  459 dt  36.288000 rms  0.458  0.000% neg 0  invalid 762 tFOTS 2.9270 tGradient 1.4790 tsec 4.6360
#GCMRL#  460 dt  36.288000 rms  0.458  0.040% neg 0  invalid 762 tFOTS 0.0000 tGradient 1.4700 tsec 1.6640
#GCMRL#  461 dt  36.288000 rms  0.458  0.055% neg 0  invalid 762 tFOTS 0.0000 tGradient 1.4820 tsec 1.6810
#GCMRL#  462 dt  36.288000 rms  0.457  0.069% neg 0  invalid 762 tFOTS 0.0000 tGradient 1.4600 tsec 1.6500
#GCMRL#  463 dt  36.288000 rms  0.457  0.096% neg 0  invalid 762 tFOTS 0.0000 tGradient 1.4500 tsec 1.6430
#GCMRL#  464 dt  36.288000 rms  0.456  0.108% neg 0  invalid 762 tFOTS 0.0000 tGradient 1.4330 tsec 1.6260
#GCMRL#  465 dt  36.288000 rms  0.456  0.102% neg 0  invalid 762 tFOTS 0.0000 tGradient 1.4350 tsec 1.6310
#GCMRL#  466 dt  36.288000 rms  0.456  0.090% neg 0  invalid 762 tFOTS 0.0000 tGradient 1.4490 tsec 1.6570
#FOTS# QuadFit found better minimum quadopt=(dt=124.416,rms=0.455417) vs oldopt=(dt=103.68,rms=0.455418)
setting smoothness cost coefficient to 0.118

#GCAMreg# pass 0 level1 3 level2 0 tsec 0 sigma 2
l_jacobian=1.00 l_label=1.00 l_log_likelihood=0.20 l_smoothness=0.12 
tol=2.50e-01, dt=5.00e-02, exp_k=20.0, momentum=0.90, levels=6, niter=500, lbl_dist=10.00, avgs=16, sigma=2.0,type=2, relabel=0, neg=yes

blurring input image with Gaussian with sigma=2.000...
GCAMRegisterLevel(): init RMS 0.456411
#FOTS# QuadFit found better minimum quadopt=(dt=38.4,rms=0.453763) vs oldopt=(dt=32,rms=0.453819)
#GCMRL#  468 dt  38.400000 rms  0.454  0.580% neg 0  invalid 762 tFOTS 3.1110 tGradient 1.2080 tsec 4.5330
#FOTS# QuadFit found better minimum quadopt=(dt=100.13,rms=0.448883) vs oldopt=(dt=128,rms=0.449303)
iter 0, gcam->neg = 1
after 0 iterations, nbhd size=0, neg = 0
#GCMRL#  469 dt 100.130049 rms  0.449  1.075% neg 0  invalid 762 tFOTS 3.1050 tGradient 1.2290 tsec 4.9890
#FOTS# QuadFit found better minimum quadopt=(dt=11.2,rms=0.447953) vs oldopt=(dt=8,rms=0.448119)
#GCMRL#  470 dt  11.200000 rms  0.448  0.000% neg 0  invalid 762 tFOTS 3.0700 tGradient 1.2490 tsec 4.5400
iter 0, gcam->neg = 1
after 2 iterations, nbhd size=0, neg = 0
#GCMRL#  471 dt  11.200000 rms  0.448  0.072% neg 0  invalid 762 tFOTS 0.0000 tGradient 1.2480 tsec 2.3060
#GCMRL#  472 dt  11.200000 rms  0.448  0.028% neg 0  invalid 762 tFOTS 0.0000 tGradient 1.2550 tsec 1.4490
#GCMRL#  473 dt  11.200000 rms  0.447  0.071% neg 0  invalid 762 tFOTS 0.0000 tGradient 1.2430 tsec 1.4370
iter 0, gcam->neg = 1
after 1 iterations, nbhd size=0, neg = 0
#GCMRL#  474 dt  11.200000 rms  0.446  0.199% neg 0  invalid 762 tFOTS 0.0000 tGradient 1.2310 tsec 2.0410
#GCMRL#  475 dt  11.200000 rms  0.445  0.291% neg 0  invalid 762 tFOTS 0.0000 tGradient 1.2270 tsec 1.4120
iter 0, gcam->neg = 1
after 1 iterations, nbhd size=0, neg = 0
#GCMRL#  476 dt  11.200000 rms  0.444  0.283% neg 0  invalid 762 tFOTS 0.0000 tGradient 1.1900 tsec 1.9720
iter 0, gcam->neg = 1
after 1 iterations, nbhd size=0, neg = 0
#GCMRL#  477 dt  11.200000 rms  0.443  0.227% neg 0  invalid 762 tFOTS 0.0000 tGradient 1.1810 tsec 1.9550
iter 0, gcam->neg = 5
after 12 iterations, nbhd size=1, neg = 0
#GCMRL#  478 dt  11.200000 rms  0.442  0.187% neg 0  invalid 762 tFOTS 0.0000 tGradient 1.2060 tsec 4.2520
iter 0, gcam->neg = 8
after 12 iterations, nbhd size=1, neg = 0
#GCMRL#  479 dt  11.200000 rms  0.441  0.156% neg 0  invalid 762 tFOTS 0.0000 tGradient 1.2370 tsec 4.4340
iter 0, gcam->neg = 3
after 10 iterations, nbhd size=1, neg = 0
#GCMRL#  480 dt  11.200000 rms  0.441  0.095% neg 0  invalid 762 tFOTS 0.0000 tGradient 1.2580 tsec 3.7840
iter 0, gcam->neg = 13
after 4 iterations, nbhd size=0, neg = 0
#GCMRL#  481 dt  11.200000 rms  0.440  0.076% neg 0  invalid 762 tFOTS 0.0000 tGradient 1.1910 tsec 2.5800
iter 0, gcam->neg = 2
after 6 iterations, nbhd size=0, neg = 0
#GCMRL#  482 dt  32.000000 rms  0.440  0.000% neg 0  invalid 762 tFOTS 2.9710 tGradient 1.1750 tsec 5.9540
iter 0, gcam->neg = 6
after 6 iterations, nbhd size=0, neg = 0
#GCMRL#  483 dt  32.000000 rms  0.440  0.021% neg 0  invalid 762 tFOTS 0.0000 tGradient 1.2080 tsec 3.0500
iter 0, gcam->neg = 5
after 5 iterations, nbhd size=0, neg = 0
#GCMRL#  484 dt  32.000000 rms  0.440  0.054% neg 0  invalid 762 tFOTS 0.0000 tGradient 1.2250 tsec 2.8760
iter 0, gcam->neg = 13
after 13 iterations, nbhd size=1, neg = 0
#GCMRL#  485 dt  32.000000 rms  0.440  0.044% neg 0  invalid 762 tFOTS 0.0000 tGradient 1.2410 tsec 4.5700
iter 0, gcam->neg = 7
after 6 iterations, nbhd size=0, neg = 0
#GCMRL#  486 dt  32.000000 rms  0.439  0.139% neg 0  invalid 762 tFOTS 0.0000 tGradient 1.2850 tsec 3.1370
iter 0, gcam->neg = 11
after 7 iterations, nbhd size=0, neg = 0
#GCMRL#  487 dt  32.000000 rms  0.439  0.064% neg 0  invalid 762 tFOTS 0.0000 tGradient 1.2540 tsec 3.4080
iter 0, gcam->neg = 4
after 3 iterations, nbhd size=0, neg = 0
#GCMRL#  488 dt  32.000000 rms  0.438  0.067% neg 0  invalid 762 tFOTS 0.0000 tGradient 1.3250 tsec 2.5770
iter 0, gcam->neg = 7
after 4 iterations, nbhd size=0, neg = 0
#GCMRL#  489 dt  32.000000 rms  0.438  0.097% neg 0  invalid 762 tFOTS 0.0000 tGradient 1.1970 tsec 2.5780
iter 0, gcam->neg = 6
after 8 iterations, nbhd size=0, neg = 0
#GCMRL#  490 dt  32.000000 rms  0.437  0.180% neg 0  invalid 762 tFOTS 0.0000 tGradient 1.1900 tsec 3.3820
iter 0, gcam->neg = 8
after 9 iterations, nbhd size=0, neg = 0
#GCMRL#  491 dt  32.000000 rms  0.437  0.117% neg 0  invalid 762 tFOTS 0.0000 tGradient 1.1850 tsec 3.5960
iter 0, gcam->neg = 4
after 6 iterations, nbhd size=0, neg = 0
#GCMRL#  492 dt  32.000000 rms  0.436  0.094% neg 0  invalid 762 tFOTS 0.0000 tGradient 1.2560 tsec 3.1160
#FOTS# QuadFit found better minimum quadopt=(dt=25.6,rms=0.436147) vs oldopt=(dt=32,rms=0.43616)
#GCMRL#  493 dt  25.600000 rms  0.436  0.000% neg 0  invalid 762 tFOTS 3.0440 tGradient 1.2770 tsec 4.5490
#GCMRL#  494 dt  25.600000 rms  0.436  0.031% neg 0  invalid 762 tFOTS 0.0000 tGradient 1.2220 tsec 1.4110
#GCMRL#  495 dt  25.600000 rms  0.436  0.006% neg 0  invalid 762 tFOTS 0.0000 tGradient 1.2800 tsec 1.4770
iter 0, gcam->neg = 1
after 1 iterations, nbhd size=0, neg = 0

#GCAMreg# pass 0 level1 3 level2 1 tsec 96.38 sigma 0.5
l_jacobian=1.00 l_label=1.00 l_log_likelihood=0.20 l_smoothness=0.12 
tol=2.50e-01, dt=5.00e-02, exp_k=20.0, momentum=0.90, levels=6, niter=500, lbl_dist=10.00, avgs=16, sigma=0.5,type=2, relabel=0, neg=yes

blurring input image with Gaussian with sigma=0.500...
GCAMRegisterLevel(): init RMS 0.436691
#FOTS# QuadFit found better minimum quadopt=(dt=38.4,rms=0.433865) vs oldopt=(dt=32,rms=0.433927)
#GCMRL#  497 dt  38.400000 rms  0.434  0.647% neg 0  invalid 762 tFOTS 3.0320 tGradient 1.2240 tsec 4.4710
#FOTS# QuadFit found better minimum quadopt=(dt=11.2,rms=0.433507) vs oldopt=(dt=8,rms=0.433605)
#GCMRL#  498 dt  11.200000 rms  0.434  0.000% neg 0  invalid 762 tFOTS 3.0460 tGradient 1.2800 tsec 4.5540
#GCMRL#  499 dt  11.200000 rms  0.433  0.074% neg 0  invalid 762 tFOTS 0.0000 tGradient 1.1750 tsec 1.3720
#GCMRL#  500 dt  11.200000 rms  0.433  0.052% neg 0  invalid 762 tFOTS 0.0000 tGradient 1.1760 tsec 1.3740
iter 0, gcam->neg = 1
after 0 iterations, nbhd size=0, neg = 0
#GCMRL#  501 dt  11.200000 rms  0.433  0.089% neg 0  invalid 762 tFOTS 0.0000 tGradient 1.2630 tsec 1.9270
#GCMRL#  502 dt  11.200000 rms  0.432  0.095% neg 0  invalid 762 tFOTS 0.0000 tGradient 1.2610 tsec 1.4610
#GCMRL#  503 dt  11.200000 rms  0.432  0.075% neg 0  invalid 762 tFOTS 0.0000 tGradient 1.2520 tsec 1.4680
#FOTS# QuadFit found better minimum quadopt=(dt=11.2,rms=0.431781) vs oldopt=(dt=8,rms=0.431796)
setting smoothness cost coefficient to 0.400

#GCAMreg# pass 0 level1 2 level2 0 tsec 0 sigma 2
l_jacobian=1.00 l_label=1.00 l_log_likelihood=0.20 l_smoothness=0.40 
tol=2.50e-01, dt=5.00e-02, exp_k=20.0, momentum=0.90, levels=6, niter=500, lbl_dist=10.00, avgs=4, sigma=2.0,type=2, relabel=0, neg=yes

blurring input image with Gaussian with sigma=2.000...
GCAMRegisterLevel(): init RMS 0.439631
#FOTS# QuadFit found better minimum quadopt=(dt=1.008,rms=0.438958) vs oldopt=(dt=0.72,rms=0.438966)
#GCMRL#  505 dt   1.008000 rms  0.439  0.153% neg 0  invalid 762 tFOTS 3.0390 tGradient 1.0470 tsec 4.3100
#FOTS# QuadFit found better minimum quadopt=(dt=0.864,rms=0.438943) vs oldopt=(dt=0.72,rms=0.438943)
#GCMRL#  506 dt   0.864000 rms  0.439  0.000% neg 0  invalid 762 tFOTS 2.9120 tGradient 1.1060 tsec 4.2420

#GCAMreg# pass 0 level1 2 level2 1 tsec 16.791 sigma 0.5
l_jacobian=1.00 l_label=1.00 l_log_likelihood=0.20 l_smoothness=0.40 
tol=2.50e-01, dt=5.00e-02, exp_k=20.0, momentum=0.90, levels=6, niter=500, lbl_dist=10.00, avgs=4, sigma=0.5,type=2, relabel=0, neg=yes

blurring input image with Gaussian with sigma=0.500...
GCAMRegisterLevel(): init RMS 0.439567
#FOTS# QuadFit found better minimum quadopt=(dt=4.66667,rms=0.438588) vs oldopt=(dt=2.88,rms=0.438646)
#GCMRL#  508 dt   4.666667 rms  0.439  0.223% neg 0  invalid 762 tFOTS 3.0250 tGradient 1.0790 tsec 4.3120
#FOTS# QuadFit found better minimum quadopt=(dt=4.032,rms=0.438468) vs oldopt=(dt=2.88,rms=0.438476)
#GCMRL#  509 dt   4.032000 rms  0.438  0.000% neg 0  invalid 762 tFOTS 3.0490 tGradient 1.0750 tsec 4.3610
iter 0, gcam->neg = 4
after 2 iterations, nbhd size=0, neg = 0
#GCMRL#  510 dt   4.032000 rms  0.438  0.018% neg 0  invalid 762 tFOTS 0.0000 tGradient 1.0820 tsec 2.1880
iter 0, gcam->neg = 3
after 2 iterations, nbhd size=0, neg = 0
setting smoothness cost coefficient to 1.000

#GCAMreg# pass 0 level1 1 level2 0 tsec 0 sigma 2
l_jacobian=1.00 l_label=1.00 l_log_likelihood=0.20 l_smoothness=1.00 
tol=2.50e-01, dt=5.00e-02, exp_k=20.0, momentum=0.90, levels=6, niter=500, lbl_dist=10.00, avgs=1, sigma=2.0,type=2, relabel=0, neg=yes

blurring input image with Gaussian with sigma=2.000...
GCAMRegisterLevel(): init RMS 0.447864
#FOTS# QuadFit found better minimum quadopt=(dt=6e-05,rms=0.447267) vs oldopt=(dt=5e-05,rms=0.447267)
#GCMRL#  512 dt   0.000060 rms  0.447  0.133% neg 0  invalid 762 tFOTS 4.0410 tGradient 0.8880 tsec 5.1450

#GCAMreg# pass 0 level1 1 level2 1 tsec 16.803 sigma 0.5
l_jacobian=1.00 l_label=1.00 l_log_likelihood=0.20 l_smoothness=1.00 
tol=2.50e-01, dt=5.00e-02, exp_k=20.0, momentum=0.90, levels=6, niter=500, lbl_dist=10.00, avgs=1, sigma=0.5,type=2, relabel=0, neg=yes

blurring input image with Gaussian with sigma=0.500...
GCAMRegisterLevel(): init RMS 0.447864
#FOTS# QuadFit found better minimum quadopt=(dt=1.024,rms=0.44695) vs oldopt=(dt=1.28,rms=0.446995)
#GCMRL#  514 dt   1.024000 rms  0.447  0.204% neg 0  invalid 762 tFOTS 3.1990 tGradient 0.8470 tsec 4.2600
#FOTS# QuadFit found better minimum quadopt=(dt=0.384,rms=0.44692) vs oldopt=(dt=0.32,rms=0.44692)
#GCMRL#  515 dt   0.384000 rms  0.447  0.000% neg 0  invalid 762 tFOTS 3.1460 tGradient 0.8830 tsec 4.2760
iter 0, gcam->neg = 1
after 3 iterations, nbhd size=0, neg = 0
resetting metric properties...
setting smoothness cost coefficient to 2.000

#GCAMreg# pass 0 level1 0 level2 0 tsec 0 sigma 2
l_jacobian=1.00 l_label=1.00 l_log_likelihood=0.20 l_smoothness=2.00 
tol=2.50e-01, dt=5.00e-02, exp_k=20.0, momentum=0.90, levels=6, niter=500, lbl_dist=10.00, avgs=0, sigma=2.0,type=2, relabel=0, neg=yes

blurring input image with Gaussian with sigma=2.000...
GCAMRegisterLevel(): init RMS 0.436138
#FOTS# QuadFit found better minimum quadopt=(dt=2.09315,rms=0.410824) vs oldopt=(dt=1.28,rms=0.414729)
iter 0, gcam->neg = 545
after 16 iterations, nbhd size=1, neg = 0
#GCMRL#  517 dt   2.093147 rms  0.411  5.717% neg 0  invalid 762 tFOTS 3.1320 tGradient 0.4760 tsec 7.6610
#FOTS# QuadFit found better minimum quadopt=(dt=0.028,rms=0.411133) vs oldopt=(dt=0.02,rms=0.411141)
#GCMRL#  518 dt   0.028000 rms  0.411  0.000% neg 0  invalid 762 tFOTS 3.1170 tGradient 0.5000 tsec 3.8540

#GCAMreg# pass 0 level1 0 level2 1 tsec 19.997 sigma 0.5
l_jacobian=1.00 l_label=1.00 l_log_likelihood=0.20 l_smoothness=2.00 
tol=2.50e-01, dt=5.00e-02, exp_k=20.0, momentum=0.90, levels=6, niter=500, lbl_dist=10.00, avgs=0, sigma=0.5,type=2, relabel=0, neg=yes

blurring input image with Gaussian with sigma=0.500...
GCAMRegisterLevel(): init RMS 0.411856
#FOTS# QuadFit found better minimum quadopt=(dt=0.064,rms=0.411027) vs oldopt=(dt=0.08,rms=0.411041)
#GCMRL#  520 dt   0.064000 rms  0.411  0.201% neg 0  invalid 762 tFOTS 3.0950 tGradient 0.4900 tsec 3.7950
#GCMRL#  521 dt   0.050000 rms  0.411  0.000% neg 0  invalid 762 tFOTS 2.9580 tGradient 0.4870 tsec 3.6740
label assignment complete, 0 changed (0.00%)
GCAMregister done in 5.15532 min
Starting GCAMcomputeMaxPriorLabels()
Morphing with label term set to 0 *******************************
Starting GCAMregister()
label assignment complete, 0 changed (0.00%)
npasses = 1, nlevels = 6
#pass# 1 of 1 ************************
enabling zero nodes
setting smoothness cost coefficient to 0.008

#GCAMreg# pass 0 level1 5 level2 0 tsec 0 sigma 2
l_jacobian=1.00 l_log_likelihood=0.20 l_smoothness=0.01 
tol=2.50e-01, dt=5.00e-02, exp_k=20.0, momentum=0.90, levels=6, niter=500, lbl_dist=10.00, avgs=256, sigma=2.0,type=2, relabel=0, neg=yes

blurring input image with Gaussian with sigma=2.000...
GCAMRegisterLevel(): init RMS 0.397785

#GCAMreg# pass 0 level1 5 level2 1 tsec 12.301 sigma 0.5
l_jacobian=1.00 l_log_likelihood=0.20 l_smoothness=0.01 
tol=2.50e-01, dt=5.00e-02, exp_k=20.0, momentum=0.90, levels=6, niter=500, lbl_dist=10.00, avgs=256, sigma=0.5,type=2, relabel=0, neg=yes

blurring input image with Gaussian with sigma=0.500...
GCAMRegisterLevel(): init RMS 0.397785
#FOTS# QuadFit found better minimum quadopt=(dt=32.368,rms=0.397778) vs oldopt=(dt=23.12,rms=0.397779)
#GCMRL#  524 dt  32.368000 rms  0.398  0.002% neg 0  invalid 762 tFOTS 2.8640 tGradient 1.6840 tsec 4.7520
#FOTS# QuadFit found better minimum quadopt=(dt=27.744,rms=0.397776) vs oldopt=(dt=23.12,rms=0.397776)
#GCMRL#  525 dt  27.744000 rms  0.398  0.000% neg 0  invalid 762 tFOTS 2.8260 tGradient 1.6730 tsec 4.7100
#GCMRL#  526 dt  27.744000 rms  0.398  0.000% neg 0  invalid 762 tFOTS 0.0000 tGradient 1.6810 tsec 1.8590
setting smoothness cost coefficient to 0.031

#GCAMreg# pass 0 level1 4 level2 0 tsec 0 sigma 2
l_jacobian=1.00 l_log_likelihood=0.20 l_smoothness=0.03 
tol=2.50e-01, dt=5.00e-02, exp_k=20.0, momentum=0.90, levels=6, niter=500, lbl_dist=10.00, avgs=64, sigma=2.0,type=2, relabel=0, neg=yes

blurring input image with Gaussian with sigma=2.000...
GCAMRegisterLevel(): init RMS 0.39794

#GCAMreg# pass 0 level1 4 level2 1 tsec 11.791 sigma 0.5
l_jacobian=1.00 l_log_likelihood=0.20 l_smoothness=0.03 
tol=2.50e-01, dt=5.00e-02, exp_k=20.0, momentum=0.90, levels=6, niter=500, lbl_dist=10.00, avgs=64, sigma=0.5,type=2, relabel=0, neg=yes

blurring input image with Gaussian with sigma=0.500...
GCAMRegisterLevel(): init RMS 0.39794
#FOTS# QuadFit found better minimum quadopt=(dt=82.944,rms=0.397715) vs oldopt=(dt=103.68,rms=0.397718)
#GCMRL#  529 dt  82.944000 rms  0.398  0.056% neg 0  invalid 762 tFOTS 2.6720 tGradient 1.1720 tsec 4.0460
#FOTS# QuadFit found better minimum quadopt=(dt=145.152,rms=0.397428) vs oldopt=(dt=103.68,rms=0.397471)
#GCMRL#  530 dt 145.152000 rms  0.397  0.072% neg 0  invalid 762 tFOTS 2.6860 tGradient 1.1710 tsec 4.0610
#FOTS# QuadFit found better minimum quadopt=(dt=36.288,rms=0.397375) vs oldopt=(dt=25.92,rms=0.397383)
#GCMRL#  531 dt  36.288000 rms  0.397  0.000% neg 0  invalid 762 tFOTS 2.8630 tGradient 1.1670 tsec 4.2520
#GCMRL#  532 dt  36.288000 rms  0.397  0.008% neg 0  invalid 762 tFOTS 0.0000 tGradient 1.1680 tsec 1.3440
#GCMRL#  533 dt  36.288000 rms  0.397  0.014% neg 0  invalid 762 tFOTS 0.0000 tGradient 1.1740 tsec 1.3600
#GCMRL#  534 dt  36.288000 rms  0.397  0.020% neg 0  invalid 762 tFOTS 0.0000 tGradient 1.1800 tsec 1.3600
#GCMRL#  535 dt  36.288000 rms  0.397  0.024% neg 0  invalid 762 tFOTS 0.0000 tGradient 1.1810 tsec 1.3590
#GCMRL#  536 dt  36.288000 rms  0.397  0.023% neg 0  invalid 762 tFOTS 0.0000 tGradient 1.1830 tsec 1.3640
setting smoothness cost coefficient to 0.118

#GCAMreg# pass 0 level1 3 level2 0 tsec 0 sigma 2
l_jacobian=1.00 l_log_likelihood=0.20 l_smoothness=0.12 
tol=2.50e-01, dt=5.00e-02, exp_k=20.0, momentum=0.90, levels=6, niter=500, lbl_dist=10.00, avgs=16, sigma=2.0,type=2, relabel=0, neg=yes

blurring input image with Gaussian with sigma=2.000...
GCAMRegisterLevel(): init RMS 0.397595
#FOTS# QuadFit found better minimum quadopt=(dt=11.2,rms=0.397447) vs oldopt=(dt=8,rms=0.39746)
#GCMRL#  538 dt  11.200000 rms  0.397  0.037% neg 0  invalid 762 tFOTS 2.8210 tGradient 0.9490 tsec 3.9690
#FOTS# QuadFit found better minimum quadopt=(dt=11.2,rms=0.39738) vs oldopt=(dt=8,rms=0.397385)
#GCMRL#  539 dt  11.200000 rms  0.397  0.000% neg 0  invalid 762 tFOTS 2.9030 tGradient 0.9470 tsec 4.0660
#GCMRL#  540 dt  11.200000 rms  0.397  0.012% neg 0  invalid 762 tFOTS 0.0000 tGradient 0.9710 tsec 1.1530
iter 0, gcam->neg = 3
after 11 iterations, nbhd size=1, neg = 0

#GCAMreg# pass 0 level1 3 level2 1 tsec 20.223 sigma 0.5
l_jacobian=1.00 l_log_likelihood=0.20 l_smoothness=0.12 
tol=2.50e-01, dt=5.00e-02, exp_k=20.0, momentum=0.90, levels=6, niter=500, lbl_dist=10.00, avgs=16, sigma=0.5,type=2, relabel=0, neg=yes

blurring input image with Gaussian with sigma=0.500...
GCAMRegisterLevel(): init RMS 0.397333
#FOTS# QuadFit found better minimum quadopt=(dt=67.6,rms=0.395099) vs oldopt=(dt=32,rms=0.395491)
iter 0, gcam->neg = 6
after 4 iterations, nbhd size=0, neg = 0
#GCMRL#  542 dt  67.600000 rms  0.395  0.561% neg 0  invalid 762 tFOTS 2.8530 tGradient 0.9620 tsec 5.3600
#FOTS# QuadFit found better minimum quadopt=(dt=22.8031,rms=0.39413) vs oldopt=(dt=32,rms=0.394342)
iter 0, gcam->neg = 2
after 0 iterations, nbhd size=0, neg = 0
#GCMRL#  543 dt  22.803150 rms  0.394  0.000% neg 0  invalid 762 tFOTS 2.8460 tGradient 0.9550 tsec 4.4890
iter 0, gcam->neg = 1
after 0 iterations, nbhd size=0, neg = 0
#GCMRL#  544 dt  22.803150 rms  0.394  0.082% neg 0  invalid 762 tFOTS 0.0000 tGradient 0.9390 tsec 1.5530
iter 0, gcam->neg = 5
after 7 iterations, nbhd size=1, neg = 0
#GCMRL#  545 dt  22.803150 rms  0.393  0.113% neg 0  invalid 762 tFOTS 0.0000 tGradient 0.9520 tsec 3.0180
iter 0, gcam->neg = 8
after 1 iterations, nbhd size=0, neg = 0
#GCMRL#  546 dt  22.803150 rms  0.393  0.158% neg 0  invalid 762 tFOTS 0.0000 tGradient 0.9630 tsec 1.8040
iter 0, gcam->neg = 5
after 4 iterations, nbhd size=0, neg = 0
#GCMRL#  547 dt  22.803150 rms  0.392  0.170% neg 0  invalid 762 tFOTS 0.0000 tGradient 0.9900 tsec 2.5130
iter 0, gcam->neg = 9
after 2 iterations, nbhd size=0, neg = 0
#GCMRL#  548 dt  22.803150 rms  0.391  0.174% neg 0  invalid 762 tFOTS 0.0000 tGradient 0.9780 tsec 2.0260
iter 0, gcam->neg = 10
after 11 iterations, nbhd size=1, neg = 0
#GCMRL#  549 dt  22.803150 rms  0.391  0.138% neg 0  invalid 762 tFOTS 0.0000 tGradient 0.9580 tsec 3.9030
iter 0, gcam->neg = 7
after 13 iterations, nbhd size=1, neg = 0
#GCMRL#  550 dt  22.803150 rms  0.390  0.129% neg 0  invalid 762 tFOTS 0.0000 tGradient 0.9660 tsec 4.4410
iter 0, gcam->neg = 7
after 2 iterations, nbhd size=0, neg = 0
#GCMRL#  551 dt  22.803150 rms  0.390  0.114% neg 0  invalid 762 tFOTS 0.0000 tGradient 0.9590 tsec 1.9870
iter 0, gcam->neg = 14
after 9 iterations, nbhd size=1, neg = 0
#GCMRL#  552 dt  22.803150 rms  0.390  0.071% neg 0  invalid 762 tFOTS 0.0000 tGradient 1.0150 tsec 3.5220
#FOTS# QuadFit found better minimum quadopt=(dt=44.8,rms=0.389551) vs oldopt=(dt=32,rms=0.389565)
iter 0, gcam->neg = 3
after 6 iterations, nbhd size=1, neg = 0
setting smoothness cost coefficient to 0.400

#GCAMreg# pass 0 level1 2 level2 0 tsec 0 sigma 2
l_jacobian=1.00 l_log_likelihood=0.20 l_smoothness=0.40 
tol=2.50e-01, dt=5.00e-02, exp_k=20.0, momentum=0.90, levels=6, niter=500, lbl_dist=10.00, avgs=4, sigma=2.0,type=2, relabel=0, neg=yes

blurring input image with Gaussian with sigma=2.000...
GCAMRegisterLevel(): init RMS 0.393795
#FOTS# QuadFit found better minimum quadopt=(dt=2.304,rms=0.393744) vs oldopt=(dt=2.88,rms=0.393751)
#GCMRL#  554 dt   2.304000 rms  0.394  0.013% neg 0  invalid 762 tFOTS 2.8620 tGradient 0.8390 tsec 3.8980
#FOTS# QuadFit found better minimum quadopt=(dt=0.432,rms=0.393742) vs oldopt=(dt=0.72,rms=0.393742)
#GCMRL#  555 dt   0.432000 rms  0.394  0.000% neg 0  invalid 762 tFOTS 2.8490 tGradient 0.8220 tsec 3.8800
iter 0, gcam->neg = 1
after 6 iterations, nbhd size=1, neg = 0

#GCAMreg# pass 0 level1 2 level2 1 tsec 17.52 sigma 0.5
l_jacobian=1.00 l_log_likelihood=0.20 l_smoothness=0.40 
tol=2.50e-01, dt=5.00e-02, exp_k=20.0, momentum=0.90, levels=6, niter=500, lbl_dist=10.00, avgs=4, sigma=0.5,type=2, relabel=0, neg=yes

blurring input image with Gaussian with sigma=0.500...
GCAMRegisterLevel(): init RMS 0.393742
#FOTS# QuadFit found better minimum quadopt=(dt=8.2449,rms=0.393358) vs oldopt=(dt=11.52,rms=0.393422)
iter 0, gcam->neg = 4
after 6 iterations, nbhd size=1, neg = 0
#GCMRL#  557 dt   8.244898 rms  0.393  0.077% neg 0  invalid 762 tFOTS 2.8750 tGradient 0.8260 tsec 5.7540
#FOTS# QuadFit found better minimum quadopt=(dt=13.5,rms=0.393109) vs oldopt=(dt=11.52,rms=0.393116)
iter 0, gcam->neg = 4
after 4 iterations, nbhd size=0, neg = 0
#GCMRL#  558 dt  13.500000 rms  0.393  0.084% neg 0  invalid 762 tFOTS 2.8140 tGradient 0.8050 tsec 5.0760
#FOTS# QuadFit found better minimum quadopt=(dt=36.864,rms=0.392379) vs oldopt=(dt=46.08,rms=0.392427)
iter 0, gcam->neg = 55
after 17 iterations, nbhd size=1, neg = 0
#GCMRL#  559 dt  36.864000 rms  0.393  0.149% neg 0  invalid 762 tFOTS 2.8310 tGradient 0.8140 tsec 7.9800
#FOTS# QuadFit found better minimum quadopt=(dt=16.128,rms=0.392141) vs oldopt=(dt=11.52,rms=0.392188)
iter 0, gcam->neg = 32
after 13 iterations, nbhd size=1, neg = 0
#GCMRL#  560 dt  16.128000 rms  0.392  0.000% neg 0  invalid 762 tFOTS 2.8400 tGradient 0.8300 tsec 7.3190
iter 0, gcam->neg = 57
after 13 iterations, nbhd size=1, neg = 0
#GCMRL#  561 dt  16.128000 rms  0.392  0.043% neg 0  invalid 762 tFOTS 0.0000 tGradient 0.8100 tsec 4.1850
iter 0, gcam->neg = 103
after 16 iterations, nbhd size=1, neg = 0
#GCMRL#  562 dt  16.128000 rms  0.392  0.090% neg 0  invalid 762 tFOTS 0.0000 tGradient 0.8420 tsec 4.9010
iter 0, gcam->neg = 92
after 16 iterations, nbhd size=1, neg = 0
setting smoothness cost coefficient to 1.000

#GCAMreg# pass 0 level1 1 level2 0 tsec 0 sigma 2
l_jacobian=1.00 l_log_likelihood=0.20 l_smoothness=1.00 
tol=2.50e-01, dt=5.00e-02, exp_k=20.0, momentum=0.90, levels=6, niter=500, lbl_dist=10.00, avgs=1, sigma=2.0,type=2, relabel=0, neg=yes

blurring input image with Gaussian with sigma=2.000...
GCAMRegisterLevel(): init RMS 0.397813
#GCMRL#  564 dt   0.000050 rms  0.398  0.000% neg 0  invalid 762 tFOTS 3.4620 tGradient 0.6020 tsec 4.2800

#GCAMreg# pass 0 level1 1 level2 1 tsec 14.878 sigma 0.5
l_jacobian=1.00 l_log_likelihood=0.20 l_smoothness=1.00 
tol=2.50e-01, dt=5.00e-02, exp_k=20.0, momentum=0.90, levels=6, niter=500, lbl_dist=10.00, avgs=1, sigma=0.5,type=2, relabel=0, neg=yes

blurring input image with Gaussian with sigma=0.500...
GCAMRegisterLevel(): init RMS 0.397813
resetting metric properties...
setting smoothness cost coefficient to 2.000

#GCAMreg# pass 0 level1 0 level2 0 tsec 0 sigma 2
l_jacobian=1.00 l_log_likelihood=0.20 l_smoothness=2.00 
tol=2.50e-01, dt=5.00e-02, exp_k=20.0, momentum=0.90, levels=6, niter=500, lbl_dist=10.00, avgs=0, sigma=2.0,type=2, relabel=0, neg=yes

blurring input image with Gaussian with sigma=2.000...
GCAMRegisterLevel(): init RMS 0.387796
#FOTS# QuadFit found better minimum quadopt=(dt=1.19339,rms=0.379111) vs oldopt=(dt=1.28,rms=0.379133)
iter 0, gcam->neg = 542
after 15 iterations, nbhd size=1, neg = 0
#GCMRL#  567 dt   1.193386 rms  0.380  2.029% neg 0  invalid 762 tFOTS 2.7190 tGradient 0.1810 tsec 6.4700
#GCMRL#  568 dt   0.000020 rms  0.380  0.000% neg 0  invalid 762 tFOTS 3.4550 tGradient 0.1740 tsec 3.8390

#GCAMreg# pass 0 level1 0 level2 1 tsec 18.277 sigma 0.5
l_jacobian=1.00 l_log_likelihood=0.20 l_smoothness=2.00 
tol=2.50e-01, dt=5.00e-02, exp_k=20.0, momentum=0.90, levels=6, niter=500, lbl_dist=10.00, avgs=0, sigma=0.5,type=2, relabel=0, neg=yes

blurring input image with Gaussian with sigma=0.500...
GCAMRegisterLevel(): init RMS 0.379928
#FOTS# QuadFit found better minimum quadopt=(dt=0.048,rms=0.379885) vs oldopt=(dt=0.08,rms=0.379899)
#GCMRL#  570 dt   0.048000 rms  0.380  0.011% neg 0  invalid 762 tFOTS 2.7390 tGradient 0.1780 tsec 3.1070
#FOTS# QuadFit found better minimum quadopt=(dt=0.024,rms=0.379878) vs oldopt=(dt=0.02,rms=0.379878)
#GCMRL#  571 dt   0.024000 rms  0.380  0.000% neg 0  invalid 762 tFOTS 2.7430 tGradient 0.1750 tsec 3.1270
GCAMregister done in 3.74788 min
writing output transformation to transforms/talairach.m3z...
GCAMwrite
Calls to gcamLogLikelihoodEnergy 4386 tmin = 1.03067
Calls to gcamLabelEnergy         3811 tmin = 0.700383
Calls to gcamJacobianEnergy      4386 tmin = 0.57295
Calls to gcamSmoothnessEnergy    4386 tmin = 3.1391
Calls to gcamLogLikelihoodTerm 573 tmin = 0.3747
Calls to gcamLabelTerm         523 tmin = 3.08652
Calls to gcamJacobianTerm      573 tmin = 0.54355
Calls to gcamSmoothnessTerm    573 tmin = 0.273783
Calls to gcamComputeGradient    573 tmin = 13.0496
Calls to gcamComputeMetricProperties    6215 tmin = 1.40643
mri_ca_register took 0 hours, 32 minutes and 3 seconds.
#VMPC# mri_ca_register VmPeak  3974640
FSRUNTIME@ mri_ca_register  0.5342 hours 16 threads
#--------------------------------------
#@# SubCort Seg Sun Mar 15 08:58:06 CET 2026

 mri_ca_label -relabel_unlikely 9 .3 -prior 0.5 -align norm.mgz transforms/talairach.m3z /opt/freesurfer/average/RB_all_2020-01-02.gca aseg.auto_noCCseg.mgz 

sysname  Linux
hostname dna067
machine  x86_64

setenv SUBJECTS_DIR /out/sourcedata/freesurfer
cd /out/sourcedata/freesurfer/sub-v2s10x28930_ses-1/mri
mri_ca_label -relabel_unlikely 9 .3 -prior 0.5 -align norm.mgz transforms/talairach.m3z /opt/freesurfer/average/RB_all_2020-01-02.gca aseg.auto_noCCseg.mgz 

relabeling unlikely voxels with window_size = 9 and prior threshold 0.30
using Gibbs prior factor = 0.500
renormalizing sequences with structure alignment, equivalent to:
	-renormalize
	-renormalize_mean 0.500
	-regularize 0.500

== Number of threads available to for OpenMP = 16 == 
reading 1 input volumes
reading classifier array from /opt/freesurfer/average/RB_all_2020-01-02.gca
reading input volume from norm.mgz
average std[0] = 7.2
reading transform from transforms/talairach.m3z
setting orig areas to linear transform determinant scaled 7.16
Atlas used for the 3D morph was /opt/freesurfer/average/RB_all_2020-01-02.gca
average std = 7.2   using min determinant for regularization = 5.2
0 singular and 0 ill-conditioned covariance matrices regularized
labeling volume...
renormalizing by structure alignment....
renormalizing input #0
gca peak = 0.15521 (20)
mri peak = 0.13786 (14)
Left_Lateral_Ventricle (4): linear fit = 0.75 x + 0.0 (1173 voxels, overlap=0.330)
Left_Lateral_Ventricle (4): linear fit = 0.75 x + 0.0 (1173 voxels, peak = 15), gca=14.9
gca peak = 0.20380 (13)
mri peak = 0.09998 (14)
Right_Lateral_Ventricle (43): linear fit = 0.87 x + 0.0 (539 voxels, overlap=0.768)
Right_Lateral_Ventricle (43): linear fit = 0.87 x + 0.0 (539 voxels, peak = 11), gca=11.2
gca peak = 0.26283 (96)
mri peak = 0.22722 (96)
Right_Pallidum (52): linear fit = 1.02 x + 0.0 (841 voxels, overlap=1.002)
Right_Pallidum (52): linear fit = 1.02 x + 0.0 (841 voxels, peak = 98), gca=98.4
gca peak = 0.15814 (97)
mri peak = 0.31005 (96)
Left_Pallidum (13): linear fit = 1.01 x + 0.0 (816 voxels, overlap=0.856)
Left_Pallidum (13): linear fit = 1.01 x + 0.0 (816 voxels, peak = 98), gca=98.5
gca peak = 0.27624 (56)
mri peak = 0.19185 (68)
Right_Hippocampus (53): linear fit = 1.15 x + 0.0 (1380 voxels, overlap=0.016)
Right_Hippocampus (53): linear fit = 1.15 x + 0.0 (1380 voxels, peak = 65), gca=64.7
gca peak = 0.28723 (59)
mri peak = 0.17376 (65)
Left_Hippocampus (17): linear fit = 1.13 x + 0.0 (1353 voxels, overlap=0.018)
Left_Hippocampus (17): linear fit = 1.13 x + 0.0 (1353 voxels, peak = 67), gca=67.0
gca peak = 0.07623 (103)
mri peak = 0.16503 (105)
Right_Cerebral_White_Matter (41): linear fit = 1.02 x + 0.0 (54369 voxels, overlap=0.569)
Right_Cerebral_White_Matter (41): linear fit = 1.02 x + 0.0 (54369 voxels, peak = 106), gca=105.6
gca peak = 0.07837 (105)
mri peak = 0.14200 (105)
Left_Cerebral_White_Matter (2): linear fit = 1.00 x + 0.0 (52070 voxels, overlap=0.572)
Left_Cerebral_White_Matter (2): linear fit = 1.00 x + 0.0 (52070 voxels, peak = 106), gca=105.5
gca peak = 0.10165 (58)
mri peak = 0.05472 (61)
Left_Cerebral_Cortex (3): linear fit = 1.07 x + 0.0 (44201 voxels, overlap=0.968)
Left_Cerebral_Cortex (3): linear fit = 1.07 x + 0.0 (44201 voxels, peak = 62), gca=61.8
gca peak = 0.11113 (58)
mri peak = 0.05380 (63)
Right_Cerebral_Cortex (42): linear fit = 1.10 x + 0.0 (41082 voxels, overlap=0.804)
Right_Cerebral_Cortex (42): linear fit = 1.10 x + 0.0 (41082 voxels, peak = 64), gca=63.5
gca peak = 0.27796 (67)
mri peak = 0.19858 (78)
Right_Caudate (50): linear fit = 1.12 x + 0.0 (1264 voxels, overlap=0.191)
Right_Caudate (50): linear fit = 1.12 x + 0.0 (1264 voxels, peak = 75), gca=75.4
gca peak = 0.14473 (69)
mri peak = 0.19082 (76)
Left_Caudate (11): linear fit = 1.07 x + 0.0 (1381 voxels, overlap=0.565)
Left_Caudate (11): linear fit = 1.07 x + 0.0 (1381 voxels, peak = 73), gca=73.5
gca peak = 0.14301 (56)
mri peak = 0.06616 (67)
Left_Cerebellum_Cortex (8): linear fit = 1.21 x + 0.0 (32612 voxels, overlap=0.270)
Left_Cerebellum_Cortex (8): linear fit = 1.21 x + 0.0 (32612 voxels, peak = 67), gca=67.5
gca peak = 0.14610 (55)
mri peak = 0.07504 (64)
Right_Cerebellum_Cortex (47): linear fit = 1.17 x + 0.0 (35841 voxels, overlap=0.255)
Right_Cerebellum_Cortex (47): linear fit = 1.17 x + 0.0 (35841 voxels, peak = 65), gca=64.6
gca peak = 0.16309 (85)
mri peak = 0.16818 (88)
Left_Cerebellum_White_Matter (7): linear fit = 1.03 x + 0.0 (8561 voxels, overlap=0.744)
Left_Cerebellum_White_Matter (7): linear fit = 1.03 x + 0.0 (8561 voxels, peak = 88), gca=88.0
gca peak = 0.15172 (84)
mri peak = 0.19878 (88)
Right_Cerebellum_White_Matter (46): linear fit = 1.03 x + 0.0 (8408 voxels, overlap=0.702)
Right_Cerebellum_White_Matter (46): linear fit = 1.03 x + 0.0 (8408 voxels, peak = 87), gca=86.9
gca peak = 0.30461 (58)
mri peak = 0.17077 (70)
Left_Amygdala (18): linear fit = 1.18 x + 0.0 (727 voxels, overlap=0.045)
Left_Amygdala (18): linear fit = 1.18 x + 0.0 (727 voxels, peak = 69), gca=68.7
gca peak = 0.32293 (57)
mri peak = 0.13206 (69)
Right_Amygdala (54): linear fit = 1.18 x + 0.0 (569 voxels, overlap=0.043)
Right_Amygdala (54): linear fit = 1.18 x + 0.0 (569 voxels, peak = 68), gca=67.5
gca peak = 0.11083 (90)
mri peak = 0.09577 (90)
Left_Thalamus (10): linear fit = 1.04 x + 0.0 (5584 voxels, overlap=0.847)
Left_Thalamus (10): linear fit = 1.04 x + 0.0 (5584 voxels, peak = 94), gca=94.0
gca peak = 0.11393 (83)
mri peak = 0.09092 (88)
Right_Thalamus (49): linear fit = 1.09 x + 0.0 (5382 voxels, overlap=0.651)
Right_Thalamus (49): linear fit = 1.09 x + 0.0 (5382 voxels, peak = 90), gca=90.1
gca peak = 0.08575 (81)
mri peak = 0.15383 (87)
Left_Putamen (12): linear fit = 1.07 x + 0.0 (2047 voxels, overlap=0.578)
Left_Putamen (12): linear fit = 1.07 x + 0.0 (2047 voxels, peak = 86), gca=86.3
gca peak = 0.08618 (78)
mri peak = 0.09838 (84)
Right_Putamen (51): linear fit = 1.08 x + 0.0 (2125 voxels, overlap=0.691)
Right_Putamen (51): linear fit = 1.08 x + 0.0 (2125 voxels, peak = 84), gca=83.9
gca peak = 0.08005 (78)
mri peak = 0.10086 (85)
Brain_Stem (16): linear fit = 1.07 x + 0.0 (14799 voxels, overlap=0.491)
Brain_Stem (16): linear fit = 1.07 x + 0.0 (14799 voxels, peak = 83), gca=83.1
gca peak = 0.12854 (88)
mri peak = 0.09621 (93)
Right_VentralDC (60): linear fit = 1.09 x + 0.0 (1777 voxels, overlap=0.617)
Right_VentralDC (60): linear fit = 1.09 x + 0.0 (1777 voxels, peak = 95), gca=95.5
gca peak = 0.15703 (87)
mri peak = 0.11963 (96)
Left_VentralDC (28): linear fit = 1.08 x + 0.0 (1869 voxels, overlap=0.600)
Left_VentralDC (28): linear fit = 1.08 x + 0.0 (1869 voxels, peak = 94), gca=93.5
gca peak = 0.17522 (25)
mri peak = 0.21062 (23)
gca peak = 0.17113 (14)
mri peak = 0.16871 (18)
Fourth_Ventricle (15): linear fit = 1.11 x + 0.0 (209 voxels, overlap=0.610)
Fourth_Ventricle (15): linear fit = 1.11 x + 0.0 (209 voxels, peak = 15), gca=15.5
gca peak Unknown = 0.94777 ( 0)
gca peak Left_Inf_Lat_Vent = 0.16627 (28)
gca peak Third_Ventricle = 0.17522 (25)
gca peak CSF = 0.20346 (36)
gca peak Left_Accumbens_area = 0.70646 (62)
gca peak Left_undetermined = 1.00000 (28)
gca peak Left_vessel = 0.89917 (53)
gca peak Left_choroid_plexus = 0.11689 (35)
gca peak Right_Inf_Lat_Vent = 0.25504 (23)
gca peak Right_Accumbens_area = 0.31650 (65)
gca peak Right_vessel = 0.77268 (52)
gca peak Right_choroid_plexus = 0.13275 (38)
gca peak Fifth_Ventricle = 0.60973 (33)
gca peak WM_hypointensities = 0.11013 (77)
gca peak non_WM_hypointensities = 0.11354 (41)
gca peak Optic_Chiasm = 0.51646 (76)
not using caudate to estimate GM means
estimating mean gm scale to be 1.14 x + 0.0
estimating mean wm scale to be 1.01 x + 0.0
estimating mean csf scale to be 0.91 x + 0.0
saving intensity scales to aseg.auto_noCCseg.label_intensities.txt
renormalizing by structure alignment....
renormalizing input #0
gca peak = 0.19718 (15)
mri peak = 0.13786 (14)
Left_Lateral_Ventricle (4): linear fit = 0.95 x + 0.0 (1173 voxels, overlap=0.804)
Left_Lateral_Ventricle (4): linear fit = 0.95 x + 0.0 (1173 voxels, peak = 14), gca=14.3
gca peak = 0.20904 (11)
mri peak = 0.09998 (14)
Right_Lateral_Ventricle (43): linear fit = 1.04 x + 0.0 (539 voxels, overlap=0.875)
Right_Lateral_Ventricle (43): linear fit = 1.04 x + 0.0 (539 voxels, peak = 11), gca=11.5
gca peak = 0.21942 (98)
mri peak = 0.22722 (96)
Right_Pallidum (52): linear fit = 1.00 x + 0.0 (841 voxels, overlap=0.957)
Right_Pallidum (52): linear fit = 1.00 x + 0.0 (841 voxels, peak = 98), gca=98.0
gca peak = 0.16181 (98)
mri peak = 0.31005 (96)
Left_Pallidum (13): linear fit = 1.00 x + 0.0 (816 voxels, overlap=0.980)
Left_Pallidum (13): linear fit = 1.00 x + 0.0 (816 voxels, peak = 98), gca=98.0
gca peak = 0.24399 (64)
mri peak = 0.19185 (68)
Right_Hippocampus (53): linear fit = 1.01 x + 0.0 (1380 voxels, overlap=1.000)
Right_Hippocampus (53): linear fit = 1.01 x + 0.0 (1380 voxels, peak = 65), gca=65.0
gca peak = 0.32444 (64)
mri peak = 0.17376 (65)
Left_Hippocampus (17): linear fit = 1.00 x + 0.0 (1353 voxels, overlap=1.003)
Left_Hippocampus (17): linear fit = 1.00 x + 0.0 (1353 voxels, peak = 64), gca=64.0
gca peak = 0.07768 (106)
mri peak = 0.16503 (105)
Right_Cerebral_White_Matter (41): linear fit = 1.00 x + 0.0 (54369 voxels, overlap=0.674)
Right_Cerebral_White_Matter (41): linear fit = 1.00 x + 0.0 (54369 voxels, peak = 105), gca=105.5
gca peak = 0.07990 (105)
mri peak = 0.14200 (105)
Left_Cerebral_White_Matter (2): linear fit = 1.00 x + 0.0 (52070 voxels, overlap=0.597)
Left_Cerebral_White_Matter (2): linear fit = 1.00 x + 0.0 (52070 voxels, peak = 106), gca=105.5
gca peak = 0.09458 (62)
mri peak = 0.05472 (61)
Left_Cerebral_Cortex (3): linear fit = 1.00 x + 0.0 (44201 voxels, overlap=0.988)
Left_Cerebral_Cortex (3): linear fit = 1.00 x + 0.0 (44201 voxels, peak = 62), gca=62.0
gca peak = 0.10296 (64)
mri peak = 0.05380 (63)
Right_Cerebral_Cortex (42): linear fit = 0.99 x + 0.0 (41082 voxels, overlap=0.960)
Right_Cerebral_Cortex (42): linear fit = 0.99 x + 0.0 (41082 voxels, peak = 63), gca=63.0
gca peak = 0.22737 (75)
mri peak = 0.19858 (78)
Right_Caudate (50): linear fit = 1.00 x + 0.0 (1264 voxels, overlap=0.974)
Right_Caudate (50): linear fit = 1.00 x + 0.0 (1264 voxels, peak = 75), gca=75.0
gca peak = 0.12645 (80)
mri peak = 0.19082 (76)
Left_Caudate (11): linear fit = 0.96 x + 0.0 (1381 voxels, overlap=0.760)
Left_Caudate (11): linear fit = 0.96 x + 0.0 (1381 voxels, peak = 77), gca=77.2
gca peak = 0.11812 (67)
mri peak = 0.06616 (67)
Left_Cerebellum_Cortex (8): linear fit = 0.99 x + 0.0 (32612 voxels, overlap=0.958)
Left_Cerebellum_Cortex (8): linear fit = 0.99 x + 0.0 (32612 voxels, peak = 66), gca=66.0
gca peak = 0.13897 (65)
mri peak = 0.07504 (64)
Right_Cerebellum_Cortex (47): linear fit = 1.00 x + 0.0 (35841 voxels, overlap=0.967)
Right_Cerebellum_Cortex (47): linear fit = 1.00 x + 0.0 (35841 voxels, peak = 65), gca=65.0
gca peak = 0.16129 (88)
mri peak = 0.16818 (88)
Left_Cerebellum_White_Matter (7): linear fit = 1.01 x + 0.0 (8561 voxels, overlap=0.901)
Left_Cerebellum_White_Matter (7): linear fit = 1.01 x + 0.0 (8561 voxels, peak = 89), gca=89.3
gca peak = 0.14603 (87)
mri peak = 0.19878 (88)
Right_Cerebellum_White_Matter (46): linear fit = 1.00 x + 0.0 (8408 voxels, overlap=0.866)
Right_Cerebellum_White_Matter (46): linear fit = 1.00 x + 0.0 (8408 voxels, peak = 87), gca=87.0
gca peak = 0.27164 (69)
mri peak = 0.17077 (70)
Left_Amygdala (18): linear fit = 1.00 x + 0.0 (727 voxels, overlap=1.005)
Left_Amygdala (18): linear fit = 1.00 x + 0.0 (727 voxels, peak = 69), gca=69.0
gca peak = 0.27365 (68)
mri peak = 0.13206 (69)
Right_Amygdala (54): linear fit = 1.01 x + 0.0 (569 voxels, overlap=1.007)
Right_Amygdala (54): linear fit = 1.01 x + 0.0 (569 voxels, peak = 69), gca=69.0
gca peak = 0.10814 (94)
mri peak = 0.09577 (90)
Left_Thalamus (10): linear fit = 0.98 x + 0.0 (5584 voxels, overlap=0.911)
Left_Thalamus (10): linear fit = 0.98 x + 0.0 (5584 voxels, peak = 92), gca=91.7
gca peak = 0.10482 (90)
mri peak = 0.09092 (88)
Right_Thalamus (49): linear fit = 0.99 x + 0.0 (5382 voxels, overlap=0.831)
Right_Thalamus (49): linear fit = 0.99 x + 0.0 (5382 voxels, peak = 89), gca=88.7
gca peak = 0.07448 (88)
mri peak = 0.15383 (87)
Left_Putamen (12): linear fit = 1.00 x + 0.0 (2047 voxels, overlap=0.744)
Left_Putamen (12): linear fit = 1.00 x + 0.0 (2047 voxels, peak = 88), gca=88.0
gca peak = 0.08572 (83)
mri peak = 0.09838 (84)
Right_Putamen (51): linear fit = 1.00 x + 0.0 (2125 voxels, overlap=0.901)
Right_Putamen (51): linear fit = 1.00 x + 0.0 (2125 voxels, peak = 83), gca=83.0
gca peak = 0.07409 (86)
mri peak = 0.10086 (85)
Brain_Stem (16): linear fit = 1.00 x + 0.0 (14799 voxels, overlap=0.702)
Brain_Stem (16): linear fit = 1.00 x + 0.0 (14799 voxels, peak = 86), gca=85.6
gca peak = 0.11740 (97)
mri peak = 0.09621 (93)
Right_VentralDC (60): linear fit = 0.99 x + 0.0 (1777 voxels, overlap=0.825)
Right_VentralDC (60): linear fit = 0.99 x + 0.0 (1777 voxels, peak = 96), gca=95.5
gca peak = 0.14874 (93)
mri peak = 0.11963 (96)
Left_VentralDC (28): linear fit = 0.99 x + 0.0 (1869 voxels, overlap=0.869)
Left_VentralDC (28): linear fit = 0.99 x + 0.0 (1869 voxels, peak = 92), gca=91.6
gca peak = 0.20007 (24)
mri peak = 0.21062 (23)
gca peak = 0.17162 (16)
mri peak = 0.16871 (18)
Fourth_Ventricle (15): linear fit = 0.93 x + 0.0 (209 voxels, overlap=0.530)
Fourth_Ventricle (15): linear fit = 0.93 x + 0.0 (209 voxels, peak = 15), gca=14.8
gca peak Unknown = 0.94777 ( 0)
gca peak Left_Inf_Lat_Vent = 0.21079 (32)
gca peak Third_Ventricle = 0.20007 (24)
gca peak CSF = 0.23490 (33)
gca peak Left_Accumbens_area = 0.65402 (66)
gca peak Left_undetermined = 1.00000 (28)
gca peak Left_vessel = 0.89837 (53)
gca peak Left_choroid_plexus = 0.11689 (35)
gca peak Right_Inf_Lat_Vent = 0.24870 (27)
gca peak Right_Accumbens_area = 0.31508 (73)
gca peak Right_vessel = 0.77268 (52)
gca peak Right_choroid_plexus = 0.13275 (38)
gca peak Fifth_Ventricle = 0.60973 (30)
gca peak WM_hypointensities = 0.09921 (77)
gca peak non_WM_hypointensities = 0.13982 (41)
gca peak Optic_Chiasm = 0.51654 (76)
not using caudate to estimate GM means
estimating mean gm scale to be 1.00 x + 0.0
estimating mean wm scale to be 1.00 x + 0.0
estimating mean csf scale to be 0.97 x + 0.0
saving intensity scales to aseg.auto_noCCseg.label_intensities.txt
saving sequentially combined intensity scales to aseg.auto_noCCseg.label_intensities.txt
37641 voxels changed in iteration 0 of unlikely voxel relabeling
170 voxels changed in iteration 1 of unlikely voxel relabeling
4 voxels changed in iteration 2 of unlikely voxel relabeling
0 voxels changed in iteration 3 of unlikely voxel relabeling
34453 gm and wm labels changed (%28 to gray, %72 to white out of all changed labels)
336 hippocampal voxels changed.
0 amygdala voxels changed.
Reclassifying using Gibbs Priors
pass 1: 56076 changed. image ll: -2.092, PF=0.500
pass 2: 14092 changed. image ll: -2.092, PF=0.500
pass 3: 4789 changed.
27284 voxels changed in iteration 0 of unlikely voxel relabeling
160 voxels changed in iteration 1 of unlikely voxel relabeling
0 voxels changed in iteration 2 of unlikely voxel relabeling
5810 voxels changed in iteration 0 of unlikely voxel relabeling
111 voxels changed in iteration 1 of unlikely voxel relabeling
10 voxels changed in iteration 2 of unlikely voxel relabeling
0 voxels changed in iteration 3 of unlikely voxel relabeling
5872 voxels changed in iteration 0 of unlikely voxel relabeling
96 voxels changed in iteration 1 of unlikely voxel relabeling
6 voxels changed in iteration 2 of unlikely voxel relabeling
26 voxels changed in iteration 3 of unlikely voxel relabeling
0 voxels changed in iteration 4 of unlikely voxel relabeling
5152 voxels changed in iteration 0 of unlikely voxel relabeling
19 voxels changed in iteration 1 of unlikely voxel relabeling
0 voxels changed in iteration 2 of unlikely voxel relabeling
 !!!!!!!!! ventricle segment 1 with volume 5832 above threshold 100 - not erasing !!!!!!!!!!
 !!!!!!!!! ventricle segment 0 with volume 119 above threshold 100 - not erasing !!!!!!!!!!
 !!!!!!!!! ventricle segment 6 with volume 4020 above threshold 100 - not erasing !!!!!!!!!!
writing labeled volume to aseg.auto_noCCseg.mgz
mri_ca_label utimesec    1318.111913
mri_ca_label stimesec    2.919578
mri_ca_label ru_maxrss   2118224
mri_ca_label ru_ixrss    0
mri_ca_label ru_idrss    0
mri_ca_label ru_isrss    0
mri_ca_label ru_minflt   3307904
mri_ca_label ru_majflt   16
mri_ca_label ru_nswap    0
mri_ca_label ru_inblock  1142
mri_ca_label ru_oublock  672
mri_ca_label ru_msgsnd   0
mri_ca_label ru_msgrcv   0
mri_ca_label ru_nsignals 0
mri_ca_label ru_nvcsw    2547
mri_ca_label ru_nivcsw   1929
auto-labeling took 20 minutes and 46 seconds.
#--------------------------------------
#@# CC Seg Sun Mar 15 09:18:53 CET 2026

 mri_cc -aseg aseg.auto_noCCseg.mgz -o aseg.auto.mgz -lta /out/sourcedata/freesurfer/sub-v2s10x28930_ses-1/mri/transforms/cc_up.lta sub-v2s10x28930_ses-1 

will read input aseg from aseg.auto_noCCseg.mgz
writing aseg with cc labels to aseg.auto.mgz
will write lta as /out/sourcedata/freesurfer/sub-v2s10x28930_ses-1/mri/transforms/cc_up.lta
reading aseg from /out/sourcedata/freesurfer/sub-v2s10x28930_ses-1/mri/aseg.auto_noCCseg.mgz
reading norm from /out/sourcedata/freesurfer/sub-v2s10x28930_ses-1/mri/norm.mgz
26027 voxels in left wm, 55350 in right wm, xrange [123, 132]
searching rotation angles z=[-5  9], y=[-9  5]
searching scale 1 Z rot -5.5  searching scale 1 Z rot -5.2  searching scale 1 Z rot -5.0  searching scale 1 Z rot -4.7  searching scale 1 Z rot -4.5  searching scale 1 Z rot -4.2  searching scale 1 Z rot -4.0  searching scale 1 Z rot -3.7  searching scale 1 Z rot -3.5  searching scale 1 Z rot -3.2  searching scale 1 Z rot -3.0  searching scale 1 Z rot -2.7  searching scale 1 Z rot -2.5  searching scale 1 Z rot -2.2  searching scale 1 Z rot -2.0  searching scale 1 Z rot -1.7  searching scale 1 Z rot -1.5  searching scale 1 Z rot -1.2  searching scale 1 Z rot -1.0  searching scale 1 Z rot -0.7  searching scale 1 Z rot -0.5  searching scale 1 Z rot -0.2  searching scale 1 Z rot 0.0  searching scale 1 Z rot 0.3  searching scale 1 Z rot 0.5  searching scale 1 Z rot 0.8  searching scale 1 Z rot 1.0  searching scale 1 Z rot 1.3  searching scale 1 Z rot 1.5  searching scale 1 Z rot 1.8  searching scale 1 Z rot 2.0  searching scale 1 Z rot 2.3  searching scale 1 Z rot 2.5  searching scale 1 Z rot 2.8  searching scale 1 Z rot 3.0  searching scale 1 Z rot 3.3  searching scale 1 Z rot 3.5  searching scale 1 Z rot 3.8  searching scale 1 Z rot 4.0  searching scale 1 Z rot 4.3  searching scale 1 Z rot 4.5  searching scale 1 Z rot 4.8  searching scale 1 Z rot 5.0  searching scale 1 Z rot 5.3  searching scale 1 Z rot 5.5  searching scale 1 Z rot 5.8  searching scale 1 Z rot 6.0  searching scale 1 Z rot 6.3  searching scale 1 Z rot 6.5  searching scale 1 Z rot 6.8  searching scale 1 Z rot 7.0  searching scale 1 Z rot 7.3  searching scale 1 Z rot 7.5  searching scale 1 Z rot 7.8  searching scale 1 Z rot 8.0  searching scale 1 Z rot 8.3  global minimum found at slice 128.3, rotations (-1.68, 1.55)
final transformation (x=128.3, yr=-1.678, zr=1.549):
 0.99921  -0.02703  -0.02928   4.92009;
 0.02702   0.99963  -0.00079   50.64479;
 0.02929  -0.00000   0.99957   19.28857;
 0.00000   0.00000   0.00000   1.00000;
updating x range to be [126, 130] in xformed coordinates
best xformed slice 127
min_x_fornix = 145
min_x_fornix = 150
min_x_fornix = 157
min_x_fornix = 158
min_x_fornix = 147
cc center is found at 127 74 105
eigenvectors:
-0.00137   0.00030   1.00000;
 0.00619  -0.99998   0.00031;
 0.99998   0.00619   0.00136;
writing aseg with callosum to /out/sourcedata/freesurfer/sub-v2s10x28930_ses-1/mri/aseg.auto.mgz...
corpus callosum segmentation took 0.3 minutes
#VMPC# mri_cc VmPeak  554564
mri_cc done
#--------------------------------------
#@# Merge ASeg Sun Mar 15 09:19:13 CET 2026

 cp aseg.auto.mgz aseg.presurf.mgz 

#--------------------------------------------
#@# Intensity Normalization2 Sun Mar 15 09:19:13 CET 2026
/out/sourcedata/freesurfer/sub-v2s10x28930_ses-1/mri

 mri_normalize -seed 1234 -mprage -aseg aseg.presurf.mgz -mask brainmask.mgz norm.mgz brain.mgz 

setting seed for random number genererator to 1234
assuming input volume is MGH (Van der Kouwe) MP-RAGE
using segmentation for initial intensity normalization
using MR volume brainmask.mgz to mask input volume...
reading mri_src from norm.mgz...
Reading aseg aseg.presurf.mgz
normalizing image...
NOT doing gentle normalization with control points/label
processing with aseg
removing outliers in the aseg WM...
603 control points removed
Building bias image
building Voronoi diagram...
performing soap bubble smoothing, sigma = 0...
Smoothing with sigma 8
Applying bias correction
building Voronoi diagram...
performing soap bubble smoothing, sigma = 8...

Iterating 2 times
---------------------------------
3d normalization pass 1 of 2
white matter peak found at 110
white matter peak found at 110
gm peak at 71 (71), valley at 14 (14)
csf peak at 36, setting threshold to 59
building Voronoi diagram...
performing soap bubble smoothing, sigma = 8...
---------------------------------
3d normalization pass 2 of 2
white matter peak found at 110
white matter peak found at 110
gm peak at 72 (72), valley at 14 (14)
csf peak at 37, setting threshold to 60
building Voronoi diagram...
performing soap bubble smoothing, sigma = 8...
Done iterating ---------------------------------
writing output to brain.mgz
3D bias adjustment took 1 minutes and 29 seconds.
#--------------------------------------------
#@# Mask BFS Sun Mar 15 09:20:43 CET 2026
/out/sourcedata/freesurfer/sub-v2s10x28930_ses-1/mri

 mri_mask -T 5 brain.mgz brainmask.mgz brain.finalsurfs.mgz 

threshold mask volume at 5
DoAbs = 0
Found 1651793 voxels in mask (pct=  9.85)
Writing masked volume to brain.finalsurfs.mgz...done.
#--------------------------------------------
#@# WM Segmentation Sun Mar 15 09:20:43 CET 2026

 AntsDenoiseImageFs -i brain.mgz -o antsdn.brain.mgz 


 mri_segment -wsizemm 13 -mprage antsdn.brain.mgz wm.seg.mgz 

wsizemm = 13, voxres = 1, wsize = 13
Widening wm low from 89 to 79
assuming input volume is MGH (Van der Kouwe) MP-RAGE
wm mean:  110
wsize:    13
wm low:   79
wm hi:    125
gray low: 30
gray hi:  99
Doing initial trinary intensity segmentation 
Using local statistics to label ambiguous voxels
Autodetecting stats
Computing class statistics for intensity windows...
CCS WM (102.0): 101.6 +- 5.8 [79.0 --> 125.0]
CCS GM (74.0) : 73.9 +- 8.3 [30.0 --> 95.0]
 white_mean 101.606
 white_sigma 5.83177
 gray_mean 73.9419
 gray_sigma 8.30918
setting bottom of white matter range wm_low to 82.3
setting top of gray matter range gray_hi to 90.6
 wm_low 82.251
 wm_hi  125
 gray_low 30
 gray_hi  90.5602
Redoing initial intensity segmentation...
Recomputing local statistics to label ambiguous voxels...
 wm_low 82.251
 wm_hi  125
 gray_low 30
 gray_hi  90.5602
using local geometry to label remaining ambiguous voxels...
polvwsize = 5, polvlen = 3, gray_hi = 90.5602, wm_low = 82.251
MRIcpolvMedianCurveSegment(): wsize=5, len=3, gmhi=90.5602, wmlow=82.251
    135178 voxels processed (0.81%)
     62702 voxels white (0.37%)
     72476 voxels non-white (0.43%)

Reclassifying voxels using Gaussian border classifier niter=1
MRIreclassify(): wm_low=77.251, gray_hi=90.5602, wsize=13
    249182 voxels tested (1.49%)
     46373 voxels changed (0.28%)
     66280 multi-scale searches  (0.40%)
Recovering bright white
MRIrecoverBrightWhite()
 wm_low 82.251
 wm_hi 125
 slack 5.83177
 pct_thresh 0.33
 intensity_thresh 130.832
 nvox_thresh 8.58
       12 voxels tested (0.00%)
       12 voxels changed (0.00%)

removing voxels with positive offset direction...
MRIremoveWrongDirection() wsize=3, lowthr=77.251, hithr=90.5602
  smoothing input volume with sigma = 0.250
    76100 voxels tested (0.45%)
    16402 voxels changed (0.10%)
thicken = 1
removing 1-dimensional structures...
MRIremove1dStructures(): max_iter=10000, thresh=2, WM_MIN_VAL=5
 997 sparsely connected voxels removed in 1 iterations
thickening thin strands....
thickness 4
nsegments 20
wm_hi 125
1061 diagonally connected voxels added...
MRIthickenThinWMStrands(): thickness=4, nsegments=20
  20 segments, 4220 filled
MRIfindBrightNonWM(): 0 bright non-wm voxels segmented.
MRIfilterMorphology() WM_MIN_VAL=5, DIAGONAL_FILL=230
white matter segmentation took 0.8 minutes
writing output to wm.seg.mgz...

 mri_edit_wm_with_aseg -keep-in wm.seg.mgz brain.mgz aseg.presurf.mgz wm.asegedit.mgz 

preserving editing changes in input volume...
auto filling took 0.33 minutes
reading wm segmentation from wm.seg.mgz...
0 voxels added to wm to prevent paths from MTL structures to cortex
2670 additional wm voxels added
0 additional wm voxels added
SEG EDIT: 35015 voxels turned on, 69374 voxels turned off.
propagating editing to output volume from wm.seg.mgz
writing edited volume to wm.asegedit.mgz....

 mri_pretess wm.asegedit.mgz wm norm.mgz wm.mgz 


Iteration Number : 1
pass   1 (xy+):   8 found -   8 modified     |    TOTAL:   8
pass   2 (xy+):   0 found -   8 modified     |    TOTAL:   8
pass   1 (xy-):  10 found -  10 modified     |    TOTAL:  18
pass   2 (xy-):   0 found -  10 modified     |    TOTAL:  18
pass   1 (yz+):  10 found -  10 modified     |    TOTAL:  28
pass   2 (yz+):   0 found -  10 modified     |    TOTAL:  28
pass   1 (yz-):  13 found -  13 modified     |    TOTAL:  41
pass   2 (yz-):   0 found -  13 modified     |    TOTAL:  41
pass   1 (xz+):  12 found -  12 modified     |    TOTAL:  53
pass   2 (xz+):   0 found -  12 modified     |    TOTAL:  53
pass   1 (xz-):   9 found -   9 modified     |    TOTAL:  62
pass   2 (xz-):   0 found -   9 modified     |    TOTAL:  62
Iteration Number : 1
pass   1 (+++):   2 found -   2 modified     |    TOTAL:   2
pass   2 (+++):   0 found -   2 modified     |    TOTAL:   2
pass   1 (+++):   8 found -   8 modified     |    TOTAL:  10
pass   2 (+++):   0 found -   8 modified     |    TOTAL:  10
pass   1 (+++):   6 found -   6 modified     |    TOTAL:  16
pass   2 (+++):   0 found -   6 modified     |    TOTAL:  16
pass   1 (+++):   7 found -   7 modified     |    TOTAL:  23
pass   2 (+++):   0 found -   7 modified     |    TOTAL:  23
Iteration Number : 1
pass   1 (++):  29 found -  29 modified     |    TOTAL:  29
pass   2 (++):   0 found -  29 modified     |    TOTAL:  29
pass   1 (+-):  52 found -  52 modified     |    TOTAL:  81
pass   2 (+-):   0 found -  52 modified     |    TOTAL:  81
pass   1 (--):  19 found -  19 modified     |    TOTAL: 100
pass   2 (--):   0 found -  19 modified     |    TOTAL: 100
pass   1 (-+):  46 found -  46 modified     |    TOTAL: 146
pass   2 (-+):   0 found -  46 modified     |    TOTAL: 146
Iteration Number : 2
pass   1 (xy+):   2 found -   2 modified     |    TOTAL:   2
pass   2 (xy+):   0 found -   2 modified     |    TOTAL:   2
pass   1 (xy-):   2 found -   2 modified     |    TOTAL:   4
pass   2 (xy-):   0 found -   2 modified     |    TOTAL:   4
pass   1 (yz+):   1 found -   1 modified     |    TOTAL:   5
pass   2 (yz+):   0 found -   1 modified     |    TOTAL:   5
pass   1 (yz-):   3 found -   3 modified     |    TOTAL:   8
pass   2 (yz-):   0 found -   3 modified     |    TOTAL:   8
pass   1 (xz+):   1 found -   1 modified     |    TOTAL:   9
pass   2 (xz+):   0 found -   1 modified     |    TOTAL:   9
pass   1 (xz-):   0 found -   0 modified     |    TOTAL:   9
Iteration Number : 2
pass   1 (+++):   0 found -   0 modified     |    TOTAL:   0
pass   1 (+++):   0 found -   0 modified     |    TOTAL:   0
pass   1 (+++):   0 found -   0 modified     |    TOTAL:   0
pass   1 (+++):   0 found -   0 modified     |    TOTAL:   0
Iteration Number : 2
pass   1 (++):   1 found -   1 modified     |    TOTAL:   1
pass   2 (++):   0 found -   1 modified     |    TOTAL:   1
pass   1 (+-):   0 found -   0 modified     |    TOTAL:   1
pass   1 (--):   0 found -   0 modified     |    TOTAL:   1
pass   1 (-+):   0 found -   0 modified     |    TOTAL:   1
Iteration Number : 3
pass   1 (xy+):   0 found -   0 modified     |    TOTAL:   0
pass   1 (xy-):   0 found -   0 modified     |    TOTAL:   0
pass   1 (yz+):   0 found -   0 modified     |    TOTAL:   0
pass   1 (yz-):   0 found -   0 modified     |    TOTAL:   0
pass   1 (xz+):   1 found -   1 modified     |    TOTAL:   1
pass   2 (xz+):   0 found -   1 modified     |    TOTAL:   1
pass   1 (xz-):   0 found -   0 modified     |    TOTAL:   1
Iteration Number : 3
pass   1 (+++):   0 found -   0 modified     |    TOTAL:   0
pass   1 (+++):   0 found -   0 modified     |    TOTAL:   0
pass   1 (+++):   0 found -   0 modified     |    TOTAL:   0
pass   1 (+++):   0 found -   0 modified     |    TOTAL:   0
Iteration Number : 3
pass   1 (++):   0 found -   0 modified     |    TOTAL:   0
pass   1 (+-):   0 found -   0 modified     |    TOTAL:   0
pass   1 (--):   0 found -   0 modified     |    TOTAL:   0
pass   1 (-+):   0 found -   0 modified     |    TOTAL:   0
Iteration Number : 4
pass   1 (xy+):   0 found -   0 modified     |    TOTAL:   0
pass   1 (xy-):   0 found -   0 modified     |    TOTAL:   0
pass   1 (yz+):   0 found -   0 modified     |    TOTAL:   0
pass   1 (yz-):   0 found -   0 modified     |    TOTAL:   0
pass   1 (xz+):   0 found -   0 modified     |    TOTAL:   0
pass   1 (xz-):   0 found -   0 modified     |    TOTAL:   0
Iteration Number : 4
pass   1 (+++):   0 found -   0 modified     |    TOTAL:   0
pass   1 (+++):   0 found -   0 modified     |    TOTAL:   0
pass   1 (+++):   0 found -   0 modified     |    TOTAL:   0
pass   1 (+++):   0 found -   0 modified     |    TOTAL:   0
Iteration Number : 4
pass   1 (++):   0 found -   0 modified     |    TOTAL:   0
pass   1 (+-):   0 found -   0 modified     |    TOTAL:   0
pass   1 (--):   0 found -   0 modified     |    TOTAL:   0
pass   1 (-+):   0 found -   0 modified     |    TOTAL:   0

Total Number of Modified Voxels = 242 (out of 621313: 0.038950)
binarizing input wm segmentation...
Ambiguous edge configurations... 

mri_pretess done

#--------------------------------------------
#@# Fill Sun Mar 15 09:22:18 CET 2026
/out/sourcedata/freesurfer/sub-v2s10x28930_ses-1/mri

 mri_fill -a ../scripts/ponscc.cut.log -xform transforms/talairach.lta -segmentation aseg.presurf.mgz -ctab /opt/freesurfer/SubCorticalMassLUT.txt wm.mgz filled.mgz 

logging cutting plane coordinates to ../scripts/ponscc.cut.log...
INFO: Using transforms/talairach.lta and its offset for Talairach volume ...
using segmentation aseg.presurf.mgz...
reading input volume...done.
searching for cutting planes...voxel to talairach voxel transform
 0.95899  -0.05118  -0.02144   9.18040;
 0.05045   1.12587   0.16044  -6.56509;
 0.01422  -0.18871   1.00531   8.59843;
 0.00000   0.00000   0.00000   1.00000;
voxel to talairach voxel transform
 0.95899  -0.05118  -0.02144   9.18040;
 0.05045   1.12587   0.16044  -6.56509;
 0.01422  -0.18871   1.00531   8.59843;
 0.00000   0.00000   0.00000   1.00000;
reading segmented volume aseg.presurf.mgz
removing CC from segmentation
Looking for area (min, max) = (350, 1400)
area[0] = 1412 (min = 350, max = 1400), aspect = 0.53 (min = 0.10, max = 0.75)
need search nearby
using seed (125, 121, 150), TAL = (3.0, 22.0, 7.0)
talairach voxel to voxel transform
 1.03994   0.04966   0.01425  -9.34358;
-0.04335   0.86299  -0.13865   7.25570;
-0.02285   0.16130   0.96849  -7.05882;
 0.00000   0.00000   0.00000   1.00000;
segmentation indicates cc at (125,  121,  150) --> (3.0, 22.0, 7.0)
done.
filling took 0.6 minutes
talairach cc position changed to (3.00, 22.00, 7.00)
Erasing brainstem...done.
seed_search_size = 9, min_neighbors = 5
search rh wm seed point around talairach space:(21.00, 22.00, 7.00) SRC: (110.08, 86.24, 155.29)
search lh wm seed point around talairach space (-15.00, 22.00, 7.00), SRC: (147.51, 84.68, 154.46)
compute mri_fill using aseg
Erasing Brain Stem and Cerebellum ...
Define left and right masks using aseg:
Building Voronoi diagram ...
Using the Voronoi diagram for separating WM into two hemispheres ...
Find the largest connected component for each hemisphere ...
Embedding colortable
mri_fill done, writing output to filled.mgz...
 cp filled.mgz filled.auto.mgz

Started at Sun Mar 15 08:25:09 CET 2026 
Ended   at Sun Mar 15 09:22:56 CET 2026
#@#%# recon-all-run-time-hours 0.963
recon-all -s sub-v2s10x28930_ses-1 finished without error at Sun Mar 15 09:22:56 CET 2026



#New# invocation of recon-all 




Sun Mar 15 09:57:34 CET 2026
cd /out/sourcedata/freesurfer/sub-v2s10x28930_ses-1
setenv SUBJECTS_DIR /out/sourcedata/freesurfer
/opt/freesurfer/bin/recon-all -parallel -subjid sub-v2s10x28930_ses-1 -sd /out/sourcedata/freesurfer -cortribbon

subjid sub-v2s10x28930_ses-1
setenv SUBJECTS_DIR /out/sourcedata/freesurfer
FREESURFER_HOME /opt/freesurfer
Actual FREESURFER_HOME /opt/freesurfer
build-stamp.txt: freesurfer-linux-ubuntu22_x86_64-7.3.2-20220804-6354275
Linux dna067 5.14.0-427.37.1.el9_4.x86_64 #1 SMP PREEMPT_DYNAMIC Fri Sep 13 12:41:50 EDT 2024 x86_64 x86_64 x86_64 GNU/Linux
cputime      unlimited
filesize     unlimited
datasize     unlimited
stacksize    8192 kbytes
coredumpsize 0 kbytes
memoryuse    67108864 kbytes
vmemoryuse   unlimited
descriptors  1024 
memorylocked unlimited
maxproc      2061970 
maxlocks     unlimited
maxsignal    2062029 
maxmessage   819200 
maxnice      0 
maxrtprio    0 
maxrttime    unlimited

               total        used        free      shared  buff/cache   available
Mem:           503Gi        54Gi       259Gi        26Gi       189Gi       419Gi
Swap:             0B          0B          0B

########################################
program versions used
7.3.2 (freesurfer-linux-ubuntu22_x86_64-7.3.2-20220804-6354275)
7.3.2

ProgramName: lta_convert  ProgramArguments: lta_convert -all-info  ProgramVersion: 7.3.2  TimeStamp: 2026/03/15-08:57:34-GMT  BuildTime: Aug  4 2022 06:17:15  BuildStamp: freesurfer-linux-ubuntu22_x86_64-7.3.2-20220804-6354275  User: oesteban  Machine: dna067  Platform: Linux  PlatformVersion: 5.14.0-427.37.1.el9_4.x86_64  CompilerName: GCC  CompilerVersion: 8.4.0
ProgramName: mri_and  ProgramArguments: mri_and -all-info  ProgramVersion: 7.3.2  TimeStamp: 2026/03/15-08:57:34-GMT  BuildTime: Aug  4 2022 06:17:15  BuildStamp: freesurfer-linux-ubuntu22_x86_64-7.3.2-20220804-6354275  User: oesteban  Machine: dna067  Platform: Linux  PlatformVersion: 5.14.0-427.37.1.el9_4.x86_64  CompilerName: GCC  CompilerVersion: 8.4.0
ProgramName: mri_annotation2label  ProgramArguments: mri_annotation2label -all-info  ProgramVersion: 7.3.2  TimeStamp: 2026/03/15-08:57:34-GMT  BuildTime: Aug  4 2022 06:17:15  BuildStamp: freesurfer-linux-ubuntu22_x86_64-7.3.2-20220804-6354275  User: oesteban  Machine: dna067  Platform: Linux  PlatformVersion: 5.14.0-427.37.1.el9_4.x86_64  CompilerName: GCC  CompilerVersion: 8.4.0
ProgramName: mri_aparc2aseg  ProgramArguments: mri_aparc2aseg -all-info  ProgramVersion: 7.3.2  TimeStamp: 2026/03/15-08:57:34-GMT  BuildTime: Aug  4 2022 06:17:15  BuildStamp: freesurfer-linux-ubuntu22_x86_64-7.3.2-20220804-6354275  User: oesteban  Machine: dna067  Platform: Linux  PlatformVersion: 5.14.0-427.37.1.el9_4.x86_64  CompilerName: GCC  CompilerVersion: 8.4.0
ProgramName: mri_surf2volseg  ProgramArguments: mri_surf2volseg -all-info  ProgramVersion: 7.3.2  TimeStamp: 2026/03/15-08:57:34-GMT  BuildTime: Aug  4 2022 06:17:15  BuildStamp: freesurfer-linux-ubuntu22_x86_64-7.3.2-20220804-6354275  User: oesteban  Machine: dna067  Platform: Linux  PlatformVersion: 5.14.0-427.37.1.el9_4.x86_64  CompilerName: GCC  CompilerVersion: 8.4.0
ProgramName: mri_binarize  ProgramArguments: mri_binarize -all-info  ProgramVersion: 7.3.2  TimeStamp: 2026/03/15-08:57:34-GMT  BuildTime: Aug  4 2022 06:17:15  BuildStamp: freesurfer-linux-ubuntu22_x86_64-7.3.2-20220804-6354275  User: oesteban  Machine: dna067  Platform: Linux  PlatformVersion: 5.14.0-427.37.1.el9_4.x86_64  CompilerName: GCC  CompilerVersion: 8.4.0
ProgramName: mri_ca_label  ProgramArguments: mri_ca_label -all-info  ProgramVersion: 7.3.2  TimeStamp: 2026/03/15-08:57:34-GMT  BuildTime: Aug  4 2022 06:17:15  BuildStamp: freesurfer-linux-ubuntu22_x86_64-7.3.2-20220804-6354275  User: oesteban  Machine: dna067  Platform: Linux  PlatformVersion: 5.14.0-427.37.1.el9_4.x86_64  CompilerName: GCC  CompilerVersion: 8.4.0
ProgramName: mri_ca_normalize  ProgramArguments: mri_ca_normalize -all-info  ProgramVersion: 7.3.2  TimeStamp: 2026/03/15-08:57:34-GMT  BuildTime: Aug  4 2022 06:17:15  BuildStamp: freesurfer-linux-ubuntu22_x86_64-7.3.2-20220804-6354275  User: oesteban  Machine: dna067  Platform: Linux  PlatformVersion: 5.14.0-427.37.1.el9_4.x86_64  CompilerName: GCC  CompilerVersion: 8.4.0
ProgramName: mri_ca_register  ProgramArguments: mri_ca_register -all-info  ProgramVersion: 7.3.2  TimeStamp: 2026/03/15-08:57:34-GMT  BuildTime: Aug  4 2022 06:17:15  BuildStamp: freesurfer-linux-ubuntu22_x86_64-7.3.2-20220804-6354275  User: oesteban  Machine: dna067  Platform: Linux  PlatformVersion: 5.14.0-427.37.1.el9_4.x86_64  CompilerName: GCC  CompilerVersion: 8.4.0
ProgramName: mri_cc  ProgramArguments: mri_cc -all-info  ProgramVersion: 7.3.2  TimeStamp: 2026/03/15-08:57:34-GMT  BuildTime: Aug  4 2022 06:17:15  BuildStamp: freesurfer-linux-ubuntu22_x86_64-7.3.2-20220804-6354275  User: oesteban  Machine: dna067  Platform: Linux  PlatformVersion: 5.14.0-427.37.1.el9_4.x86_64  CompilerName: GCC  CompilerVersion: 8.4.0
ProgramName: mri_compute_overlap  ProgramArguments: mri_compute_overlap -all-info  ProgramVersion: 7.3.2  TimeStamp: 2026/03/15-08:57:34-GMT  BuildTime: Aug  4 2022 06:17:15  BuildStamp: freesurfer-linux-ubuntu22_x86_64-7.3.2-20220804-6354275  User: oesteban  Machine: dna067  Platform: Linux  PlatformVersion: 5.14.0-427.37.1.el9_4.x86_64  CompilerName: GCC  CompilerVersion: 8.4.0
ProgramName: mri_compute_seg_overlap  ProgramArguments: mri_compute_seg_overlap -all-info  ProgramVersion: 7.3.2  TimeStamp: 2026/03/15-08:57:34-GMT  BuildTime: Aug  4 2022 06:17:15  BuildStamp: freesurfer-linux-ubuntu22_x86_64-7.3.2-20220804-6354275  User: oesteban  Machine: dna067  Platform: Linux  PlatformVersion: 5.14.0-427.37.1.el9_4.x86_64  CompilerName: GCC  CompilerVersion: 8.4.0
ProgramName: mri_concat  ProgramArguments: mri_concat -all-info  ProgramVersion: 7.3.2  TimeStamp: 2026/03/15-08:57:34-GMT  BuildTime: Aug  4 2022 06:17:15  BuildStamp: freesurfer-linux-ubuntu22_x86_64-7.3.2-20220804-6354275  User: oesteban  Machine: dna067  Platform: Linux  PlatformVersion: 5.14.0-427.37.1.el9_4.x86_64  CompilerName: GCC  CompilerVersion: 8.4.0
ProgramName: mri_concatenate_lta  ProgramArguments: mri_concatenate_lta -all-info  ProgramVersion: 7.3.2  TimeStamp: 2026/03/15-08:57:34-GMT  BuildTime: Aug  4 2022 06:17:15  BuildStamp: freesurfer-linux-ubuntu22_x86_64-7.3.2-20220804-6354275  User: oesteban  Machine: dna067  Platform: Linux  PlatformVersion: 5.14.0-427.37.1.el9_4.x86_64  CompilerName: GCC  CompilerVersion: 8.4.0
mri_convert -all-info 
ProgramName: mri_convert  ProgramArguments: mri_convert -all-info  ProgramVersion: 7.3.2  TimeStamp: 2026/03/15-08:57:34-GMT  BuildTime: Aug  4 2022 06:17:15  BuildStamp: freesurfer-linux-ubuntu22_x86_64-7.3.2-20220804-6354275  User: oesteban  Machine: dna067  Platform: Linux  PlatformVersion: 5.14.0-427.37.1.el9_4.x86_64  CompilerName: GCC  CompilerVersion: 8.4.0
ProgramName: mri_diff  ProgramArguments: mri_diff -all-info  ProgramVersion: 7.3.2  TimeStamp: 2026/03/15-08:57:34-GMT  BuildTime: Aug  4 2022 06:17:15  BuildStamp: freesurfer-linux-ubuntu22_x86_64-7.3.2-20220804-6354275  User: oesteban  Machine: dna067  Platform: Linux  PlatformVersion: 5.14.0-427.37.1.el9_4.x86_64  CompilerName: GCC  CompilerVersion: 8.4.0
ProgramName: mri_edit_wm_with_aseg  ProgramArguments: mri_edit_wm_with_aseg -all-info  ProgramVersion: 7.3.2  TimeStamp: 2026/03/15-08:57:34-GMT  BuildTime: Aug  4 2022 06:17:15  BuildStamp: freesurfer-linux-ubuntu22_x86_64-7.3.2-20220804-6354275  User: oesteban  Machine: dna067  Platform: Linux  PlatformVersion: 5.14.0-427.37.1.el9_4.x86_64  CompilerName: GCC  CompilerVersion: 8.4.0
ProgramName: mri_em_register  ProgramArguments: mri_em_register -all-info  ProgramVersion: 7.3.2  TimeStamp: 2026/03/15-08:57:34-GMT  BuildTime: Aug  4 2022 06:17:15  BuildStamp: freesurfer-linux-ubuntu22_x86_64-7.3.2-20220804-6354275  User: oesteban  Machine: dna067  Platform: Linux  PlatformVersion: 5.14.0-427.37.1.el9_4.x86_64  CompilerName: GCC  CompilerVersion: 8.4.0
ProgramName: mri_fill  ProgramArguments: mri_fill -all-info  ProgramVersion: 7.3.2  TimeStamp: 2026/03/15-08:57:34-GMT  BuildTime: Aug  4 2022 06:17:15  BuildStamp: freesurfer-linux-ubuntu22_x86_64-7.3.2-20220804-6354275  User: oesteban  Machine: dna067  Platform: Linux  PlatformVersion: 5.14.0-427.37.1.el9_4.x86_64  CompilerName: GCC  CompilerVersion: 8.4.0
ProgramName: mri_fuse_segmentations  ProgramArguments: mri_fuse_segmentations -all-info  ProgramVersion: 7.3.2  TimeStamp: 2026/03/15-08:57:34-GMT  BuildTime: Aug  4 2022 06:17:15  BuildStamp: freesurfer-linux-ubuntu22_x86_64-7.3.2-20220804-6354275  User: oesteban  Machine: dna067  Platform: Linux  PlatformVersion: 5.14.0-427.37.1.el9_4.x86_64  CompilerName: GCC  CompilerVersion: 8.4.0
ProgramName: mri_fwhm  ProgramArguments: mri_fwhm -all-info  ProgramVersion: 7.3.2  TimeStamp: 2026/03/15-08:57:34-GMT  BuildTime: Aug  4 2022 06:17:15  BuildStamp: freesurfer-linux-ubuntu22_x86_64-7.3.2-20220804-6354275  User: oesteban  Machine: dna067  Platform: Linux  PlatformVersion: 5.14.0-427.37.1.el9_4.x86_64  CompilerName: GCC  CompilerVersion: 8.4.0
ProgramName: mri_gcut  ProgramArguments: mri_gcut -all-info  ProgramVersion: 7.3.2  TimeStamp: 2026/03/15-08:57:34-GMT  BuildTime: Aug  4 2022 06:17:15  BuildStamp: freesurfer-linux-ubuntu22_x86_64-7.3.2-20220804-6354275  User: oesteban  Machine: dna067  Platform: Linux  PlatformVersion: 5.14.0-427.37.1.el9_4.x86_64  CompilerName: GCC  CompilerVersion: 8.4.0
ProgramName: mri_info  ProgramArguments: mri_info -all-info  ProgramVersion: 7.3.2  TimeStamp: 2026/03/15-08:57:34-GMT  BuildTime: Aug  4 2022 06:17:15  BuildStamp: freesurfer-linux-ubuntu22_x86_64-7.3.2-20220804-6354275  User: oesteban  Machine: dna067  Platform: Linux  PlatformVersion: 5.14.0-427.37.1.el9_4.x86_64  CompilerName: GCC  CompilerVersion: 8.4.0
ProgramName: mri_label2label  ProgramArguments: mri_label2label -all-info  ProgramVersion: 7.3.2  TimeStamp: 2026/03/15-08:57:34-GMT  BuildTime: Aug  4 2022 06:17:15  BuildStamp: freesurfer-linux-ubuntu22_x86_64-7.3.2-20220804-6354275  User: oesteban  Machine: dna067  Platform: Linux  PlatformVersion: 5.14.0-427.37.1.el9_4.x86_64  CompilerName: GCC  CompilerVersion: 8.4.0
ProgramName: mri_label2vol  ProgramArguments: mri_label2vol -all-info  ProgramVersion: 7.3.2  TimeStamp: 2026/03/15-08:57:34-GMT  BuildTime: Aug  4 2022 06:17:15  BuildStamp: freesurfer-linux-ubuntu22_x86_64-7.3.2-20220804-6354275  User: oesteban  Machine: dna067  Platform: Linux  PlatformVersion: 5.14.0-427.37.1.el9_4.x86_64  CompilerName: GCC  CompilerVersion: 8.4.0
ProgramName: mri_log_likelihood  ProgramArguments: mri_log_likelihood -all-info  ProgramVersion: 7.3.2  TimeStamp: 2026/03/15-08:57:34-GMT  BuildTime: Aug  4 2022 06:17:15  BuildStamp: freesurfer-linux-ubuntu22_x86_64-7.3.2-20220804-6354275  User: oesteban  Machine: dna067  Platform: Linux  PlatformVersion: 5.14.0-427.37.1.el9_4.x86_64  CompilerName: GCC  CompilerVersion: 8.4.0
ProgramName: mri_mask  ProgramArguments: mri_mask -all-info  ProgramVersion: 7.3.2  TimeStamp: 2026/03/15-08:57:34-GMT  BuildTime: Aug  4 2022 06:17:15  BuildStamp: freesurfer-linux-ubuntu22_x86_64-7.3.2-20220804-6354275  User: oesteban  Machine: dna067  Platform: Linux  PlatformVersion: 5.14.0-427.37.1.el9_4.x86_64  CompilerName: GCC  CompilerVersion: 8.4.0
ProgramName: mri_matrix_multiply  ProgramArguments: mri_matrix_multiply -all-info  ProgramVersion: 7.3.2  TimeStamp: 2026/03/15-08:57:34-GMT  BuildTime: Aug  4 2022 06:17:15  BuildStamp: freesurfer-linux-ubuntu22_x86_64-7.3.2-20220804-6354275  User: oesteban  Machine: dna067  Platform: Linux  PlatformVersion: 5.14.0-427.37.1.el9_4.x86_64  CompilerName: GCC  CompilerVersion: 8.4.0
ProgramName: mri_normalize  ProgramArguments: mri_normalize -all-info  ProgramVersion: 7.3.2  TimeStamp: 2026/03/15-08:57:34-GMT  BuildTime: Aug  4 2022 06:17:15  BuildStamp: freesurfer-linux-ubuntu22_x86_64-7.3.2-20220804-6354275  User: oesteban  Machine: dna067  Platform: Linux  PlatformVersion: 5.14.0-427.37.1.el9_4.x86_64  CompilerName: GCC  CompilerVersion: 8.4.0
ProgramName: mri_normalize_tp2  ProgramArguments: mri_normalize_tp2 -all-info  ProgramVersion: 7.3.2  TimeStamp: 2026/03/15-08:57:34-GMT  BuildTime: Aug  4 2022 06:17:15  BuildStamp: freesurfer-linux-ubuntu22_x86_64-7.3.2-20220804-6354275  User: oesteban  Machine: dna067  Platform: Linux  PlatformVersion: 5.14.0-427.37.1.el9_4.x86_64  CompilerName: GCC  CompilerVersion: 8.4.0
ProgramName: mri_or  ProgramArguments: mri_or -all-info  ProgramVersion: 7.3.2  TimeStamp: 2026/03/15-08:57:34-GMT  BuildTime: Aug  4 2022 06:17:15  BuildStamp: freesurfer-linux-ubuntu22_x86_64-7.3.2-20220804-6354275  User: oesteban  Machine: dna067  Platform: Linux  PlatformVersion: 5.14.0-427.37.1.el9_4.x86_64  CompilerName: GCC  CompilerVersion: 8.4.0
ProgramName: mri_relabel_hypointensities  ProgramArguments: mri_relabel_hypointensities -all-info  ProgramVersion: 7.3.2  TimeStamp: 2026/03/15-08:57:34-GMT  BuildTime: Aug  4 2022 06:17:15  BuildStamp: freesurfer-linux-ubuntu22_x86_64-7.3.2-20220804-6354275  User: oesteban  Machine: dna067  Platform: Linux  PlatformVersion: 5.14.0-427.37.1.el9_4.x86_64  CompilerName: GCC  CompilerVersion: 8.4.0
ProgramName: mri_relabel_nonwm_hypos  ProgramArguments: mri_relabel_nonwm_hypos -all-info  ProgramVersion: 7.3.2  TimeStamp: 2026/03/15-08:57:34-GMT  BuildTime: Aug  4 2022 06:17:15  BuildStamp: freesurfer-linux-ubuntu22_x86_64-7.3.2-20220804-6354275  User: oesteban  Machine: dna067  Platform: Linux  PlatformVersion: 5.14.0-427.37.1.el9_4.x86_64  CompilerName: GCC  CompilerVersion: 8.4.0
ProgramName: mri_remove_neck  ProgramArguments: mri_remove_neck -all-info  ProgramVersion: 7.3.2  TimeStamp: 2026/03/15-08:57:34-GMT  BuildTime: Aug  4 2022 06:17:15  BuildStamp: freesurfer-linux-ubuntu22_x86_64-7.3.2-20220804-6354275  User: oesteban  Machine: dna067  Platform: Linux  PlatformVersion: 5.14.0-427.37.1.el9_4.x86_64  CompilerName: GCC  CompilerVersion: 8.4.0
7.3.2

ProgramName: mri_robust_register  ProgramArguments: mri_robust_register -all-info  ProgramVersion: 7.3.2  TimeStamp: 2026/03/15-08:57:34-GMT  BuildTime: Aug  4 2022 06:17:15  BuildStamp: freesurfer-linux-ubuntu22_x86_64-7.3.2-20220804-6354275  User: oesteban  Machine: dna067  Platform: Linux  PlatformVersion: 5.14.0-427.37.1.el9_4.x86_64  CompilerName: GCC  CompilerVersion: 8.4.0
7.3.2

ProgramName: mri_robust_template  ProgramArguments: mri_robust_template -all-info  ProgramVersion: 7.3.2  TimeStamp: 2026/03/15-08:57:34-GMT  BuildTime: Aug  4 2022 06:17:15  BuildStamp: freesurfer-linux-ubuntu22_x86_64-7.3.2-20220804-6354275  User: oesteban  Machine: dna067  Platform: Linux  PlatformVersion: 5.14.0-427.37.1.el9_4.x86_64  CompilerName: GCC  CompilerVersion: 8.4.0
ProgramName: mris_anatomical_stats  ProgramArguments: mris_anatomical_stats -all-info  ProgramVersion: 7.3.2  TimeStamp: 2026/03/15-08:57:34-GMT  BuildTime: Aug  4 2022 06:17:15  BuildStamp: freesurfer-linux-ubuntu22_x86_64-7.3.2-20220804-6354275  User: oesteban  Machine: dna067  Platform: Linux  PlatformVersion: 5.14.0-427.37.1.el9_4.x86_64  CompilerName: GCC  CompilerVersion: 8.4.0
ProgramName: mris_ca_label  ProgramArguments: mris_ca_label -all-info  ProgramVersion: 7.3.2  TimeStamp: 2026/03/15-08:57:34-GMT  BuildTime: Aug  4 2022 06:17:15  BuildStamp: freesurfer-linux-ubuntu22_x86_64-7.3.2-20220804-6354275  User: oesteban  Machine: dna067  Platform: Linux  PlatformVersion: 5.14.0-427.37.1.el9_4.x86_64  CompilerName: GCC  CompilerVersion: 8.4.0
ProgramName: mris_calc  ProgramArguments: mris_calc -all-info  ProgramVersion: 7.3.2  TimeStamp: 2026/03/15-08:57:34-GMT  BuildTime: Aug  4 2022 06:17:15  BuildStamp: freesurfer-linux-ubuntu22_x86_64-7.3.2-20220804-6354275  User: oesteban  Machine: dna067  Platform: Linux  PlatformVersion: 5.14.0-427.37.1.el9_4.x86_64  CompilerName: GCC  CompilerVersion: 8.4.0
ProgramName: mris_convert  ProgramArguments: mris_convert -all-info  ProgramVersion: 7.3.2  TimeStamp: 2026/03/15-08:57:34-GMT  BuildTime: Aug  4 2022 06:17:15  BuildStamp: freesurfer-linux-ubuntu22_x86_64-7.3.2-20220804-6354275  User: oesteban  Machine: dna067  Platform: Linux  PlatformVersion: 5.14.0-427.37.1.el9_4.x86_64  CompilerName: GCC  CompilerVersion: 8.4.0
ProgramName: mris_curvature  ProgramArguments: mris_curvature -all-info  ProgramVersion: 7.3.2  TimeStamp: 2026/03/15-08:57:34-GMT  BuildTime: Aug  4 2022 06:17:15  BuildStamp: freesurfer-linux-ubuntu22_x86_64-7.3.2-20220804-6354275  User: oesteban  Machine: dna067  Platform: Linux  PlatformVersion: 5.14.0-427.37.1.el9_4.x86_64  CompilerName: GCC  CompilerVersion: 8.4.0
ProgramName: mris_curvature_stats  ProgramArguments: mris_curvature_stats -all-info  ProgramVersion: 7.3.2  TimeStamp: 2026/03/15-08:57:34-GMT  BuildTime: Aug  4 2022 06:17:15  BuildStamp: freesurfer-linux-ubuntu22_x86_64-7.3.2-20220804-6354275  User: oesteban  Machine: dna067  Platform: Linux  PlatformVersion: 5.14.0-427.37.1.el9_4.x86_64  CompilerName: GCC  CompilerVersion: 8.4.0
ProgramName: mris_diff  ProgramArguments: mris_diff -all-info  ProgramVersion: 7.3.2  TimeStamp: 2026/03/15-08:57:34-GMT  BuildTime: Aug  4 2022 06:17:15  BuildStamp: freesurfer-linux-ubuntu22_x86_64-7.3.2-20220804-6354275  User: oesteban  Machine: dna067  Platform: Linux  PlatformVersion: 5.14.0-427.37.1.el9_4.x86_64  CompilerName: GCC  CompilerVersion: 8.4.0
ProgramName: mris_divide_parcellation  ProgramArguments: mris_divide_parcellation -all-info  ProgramVersion: 7.3.2  TimeStamp: 2026/03/15-08:57:34-GMT  BuildTime: Aug  4 2022 06:17:15  BuildStamp: freesurfer-linux-ubuntu22_x86_64-7.3.2-20220804-6354275  User: oesteban  Machine: dna067  Platform: Linux  PlatformVersion: 5.14.0-427.37.1.el9_4.x86_64  CompilerName: GCC  CompilerVersion: 8.4.0
ProgramName: mri_segment  ProgramArguments: mri_segment -all-info  ProgramVersion: 7.3.2  TimeStamp: 2026/03/15-08:57:34-GMT  BuildTime: Aug  4 2022 06:17:15  BuildStamp: freesurfer-linux-ubuntu22_x86_64-7.3.2-20220804-6354275  User: oesteban  Machine: dna067  Platform: Linux  PlatformVersion: 5.14.0-427.37.1.el9_4.x86_64  CompilerName: GCC  CompilerVersion: 8.4.0
ProgramName: mri_segstats  ProgramArguments: mri_segstats -all-info  ProgramVersion: 7.3.2  TimeStamp: 2026/03/15-08:57:34-GMT  BuildTime: Aug  4 2022 06:17:15  BuildStamp: freesurfer-linux-ubuntu22_x86_64-7.3.2-20220804-6354275  User: oesteban  Machine: dna067  Platform: Linux  PlatformVersion: 5.14.0-427.37.1.el9_4.x86_64  CompilerName: GCC  CompilerVersion: 8.4.0
ProgramName: mris_euler_number  ProgramArguments: mris_euler_number -all-info  ProgramVersion: 7.3.2  TimeStamp: 2026/03/15-08:57:34-GMT  BuildTime: Aug  4 2022 06:17:15  BuildStamp: freesurfer-linux-ubuntu22_x86_64-7.3.2-20220804-6354275  User: oesteban  Machine: dna067  Platform: Linux  PlatformVersion: 5.14.0-427.37.1.el9_4.x86_64  CompilerName: GCC  CompilerVersion: 8.4.0
ProgramName: mris_fix_topology  ProgramArguments: mris_fix_topology -all-info  ProgramVersion: 7.3.2  TimeStamp: 2026/03/15-08:57:34-GMT  BuildTime: Aug  4 2022 06:17:15  BuildStamp: freesurfer-linux-ubuntu22_x86_64-7.3.2-20220804-6354275  User: oesteban  Machine: dna067  Platform: Linux  PlatformVersion: 5.14.0-427.37.1.el9_4.x86_64  CompilerName: GCC  CompilerVersion: 8.4.0
ProgramName: mris_topo_fixer  ProgramArguments: mris_topo_fixer -all-info  ProgramVersion: 7.3.2  TimeStamp: 2026/03/15-08:57:34-GMT  BuildTime: Aug  4 2022 06:17:15  BuildStamp: freesurfer-linux-ubuntu22_x86_64-7.3.2-20220804-6354275  User: oesteban  Machine: dna067  Platform: Linux  PlatformVersion: 5.14.0-427.37.1.el9_4.x86_64  CompilerName: GCC  CompilerVersion: 8.4.0
ProgramName: mris_jacobian  ProgramArguments: mris_jacobian -all-info  ProgramVersion: 7.3.2  TimeStamp: 2026/03/15-08:57:34-GMT  BuildTime: Aug  4 2022 06:17:15  BuildStamp: freesurfer-linux-ubuntu22_x86_64-7.3.2-20220804-6354275  User: oesteban  Machine: dna067  Platform: Linux  PlatformVersion: 5.14.0-427.37.1.el9_4.x86_64  CompilerName: GCC  CompilerVersion: 8.4.0
ProgramName: mris_label2annot  ProgramArguments: mris_label2annot -all-info  ProgramVersion: 7.3.2  TimeStamp: 2026/03/15-08:57:34-GMT  BuildTime: Aug  4 2022 06:17:15  BuildStamp: freesurfer-linux-ubuntu22_x86_64-7.3.2-20220804-6354275  User: oesteban  Machine: dna067  Platform: Linux  PlatformVersion: 5.14.0-427.37.1.el9_4.x86_64  CompilerName: GCC  CompilerVersion: 8.4.0
ProgramName: mris_left_right_register  ProgramArguments: mris_left_right_register -all-info  ProgramVersion: 7.3.2  TimeStamp: 2026/03/15-08:57:34-GMT  BuildTime: Aug  4 2022 06:17:15  BuildStamp: freesurfer-linux-ubuntu22_x86_64-7.3.2-20220804-6354275  User: oesteban  Machine: dna067  Platform: Linux  PlatformVersion: 5.14.0-427.37.1.el9_4.x86_64  CompilerName: GCC  CompilerVersion: 8.4.0
ProgramName: mris_place_surface  ProgramArguments: mris_place_surface -all-info  ProgramVersion: 7.3.2  TimeStamp: 2026/03/15-08:57:34-GMT  BuildTime: Aug  4 2022 06:17:15  BuildStamp: freesurfer-linux-ubuntu22_x86_64-7.3.2-20220804-6354275  User: oesteban  Machine: dna067  Platform: Linux  PlatformVersion: 5.14.0-427.37.1.el9_4.x86_64  CompilerName: GCC  CompilerVersion: 8.4.0
ProgramName: mrisp_paint  ProgramArguments: mrisp_paint -all-info  ProgramVersion: 7.3.2  TimeStamp: 2026/03/15-08:57:34-GMT  BuildTime: Aug  4 2022 06:17:15  BuildStamp: freesurfer-linux-ubuntu22_x86_64-7.3.2-20220804-6354275  User: oesteban  Machine: dna067  Platform: Linux  PlatformVersion: 5.14.0-427.37.1.el9_4.x86_64  CompilerName: GCC  CompilerVersion: 8.4.0
ProgramName: mris_register  ProgramArguments: mris_register -all-info  ProgramVersion: 7.3.2  TimeStamp: 2026/03/15-08:57:34-GMT  BuildTime: Aug  4 2022 06:17:15  BuildStamp: freesurfer-linux-ubuntu22_x86_64-7.3.2-20220804-6354275  User: oesteban  Machine: dna067  Platform: Linux  PlatformVersion: 5.14.0-427.37.1.el9_4.x86_64  CompilerName: GCC  CompilerVersion: 8.4.0
ProgramName: mris_smooth  ProgramArguments: mris_smooth -all-info  ProgramVersion: 7.3.2  TimeStamp: 2026/03/15-08:57:34-GMT  BuildTime: Aug  4 2022 06:17:15  BuildStamp: freesurfer-linux-ubuntu22_x86_64-7.3.2-20220804-6354275  User: oesteban  Machine: dna067  Platform: Linux  PlatformVersion: 5.14.0-427.37.1.el9_4.x86_64  CompilerName: GCC  CompilerVersion: 8.4.0
ProgramName: mris_sphere  ProgramArguments: mris_sphere -all-info  ProgramVersion: 7.3.2  TimeStamp: 2026/03/15-08:57:34-GMT  BuildTime: Aug  4 2022 06:17:15  BuildStamp: freesurfer-linux-ubuntu22_x86_64-7.3.2-20220804-6354275  User: oesteban  Machine: dna067  Platform: Linux  PlatformVersion: 5.14.0-427.37.1.el9_4.x86_64  CompilerName: GCC  CompilerVersion: 8.4.0
ProgramName: mris_surface_stats  ProgramArguments: mris_surface_stats -all-info  ProgramVersion: 7.3.2  TimeStamp: 2026/03/15-08:57:34-GMT  BuildTime: Aug  4 2022 06:17:15  BuildStamp: freesurfer-linux-ubuntu22_x86_64-7.3.2-20220804-6354275  User: oesteban  Machine: dna067  Platform: Linux  PlatformVersion: 5.14.0-427.37.1.el9_4.x86_64  CompilerName: GCC  CompilerVersion: 8.4.0
ProgramName: mri_stats2seg  ProgramArguments: mri_stats2seg -all-info  ProgramVersion: 7.3.2  TimeStamp: 2026/03/15-08:57:34-GMT  BuildTime: Aug  4 2022 06:17:15  BuildStamp: freesurfer-linux-ubuntu22_x86_64-7.3.2-20220804-6354275  User: oesteban  Machine: dna067  Platform: Linux  PlatformVersion: 5.14.0-427.37.1.el9_4.x86_64  CompilerName: GCC  CompilerVersion: 8.4.0
ProgramName: mris_thickness  ProgramArguments: mris_thickness -all-info  ProgramVersion: 7.3.2  TimeStamp: 2026/03/15-08:57:34-GMT  BuildTime: Aug  4 2022 06:17:15  BuildStamp: freesurfer-linux-ubuntu22_x86_64-7.3.2-20220804-6354275  User: oesteban  Machine: dna067  Platform: Linux  PlatformVersion: 5.14.0-427.37.1.el9_4.x86_64  CompilerName: GCC  CompilerVersion: 8.4.0
ProgramName: mris_thickness_diff  ProgramArguments: mris_thickness_diff -all-info  ProgramVersion: 7.3.2  TimeStamp: 2026/03/15-08:57:34-GMT  BuildTime: Aug  4 2022 06:17:15  BuildStamp: freesurfer-linux-ubuntu22_x86_64-7.3.2-20220804-6354275  User: oesteban  Machine: dna067  Platform: Linux  PlatformVersion: 5.14.0-427.37.1.el9_4.x86_64  CompilerName: GCC  CompilerVersion: 8.4.0
ProgramName: mris_topo_fixer  ProgramArguments: mris_topo_fixer -all-info  ProgramVersion: 7.3.2  TimeStamp: 2026/03/15-08:57:34-GMT  BuildTime: Aug  4 2022 06:17:15  BuildStamp: freesurfer-linux-ubuntu22_x86_64-7.3.2-20220804-6354275  User: oesteban  Machine: dna067  Platform: Linux  PlatformVersion: 5.14.0-427.37.1.el9_4.x86_64  CompilerName: GCC  CompilerVersion: 8.4.0
ProgramName: mri_surf2surf  ProgramArguments: mri_surf2surf -all-info  ProgramVersion: 7.3.2  TimeStamp: 2026/03/15-08:57:34-GMT  BuildTime: Aug  4 2022 06:17:15  BuildStamp: freesurfer-linux-ubuntu22_x86_64-7.3.2-20220804-6354275  User: oesteban  Machine: dna067  Platform: Linux  PlatformVersion: 5.14.0-427.37.1.el9_4.x86_64  CompilerName: GCC  CompilerVersion: 8.4.0
ProgramName: mri_surf2vol  ProgramArguments: mri_surf2vol -all-info  ProgramVersion: 7.3.2  TimeStamp: 2026/03/15-08:57:34-GMT  BuildTime: Aug  4 2022 06:17:15  BuildStamp: freesurfer-linux-ubuntu22_x86_64-7.3.2-20220804-6354275  User: oesteban  Machine: dna067  Platform: Linux  PlatformVersion: 5.14.0-427.37.1.el9_4.x86_64  CompilerName: GCC  CompilerVersion: 8.4.0
ProgramName: mri_surfcluster  ProgramArguments: mri_surfcluster -all-info  ProgramVersion: 7.3.2  TimeStamp: 2026/03/15-08:57:34-GMT  BuildTime: Aug  4 2022 06:17:15  BuildStamp: freesurfer-linux-ubuntu22_x86_64-7.3.2-20220804-6354275  User: oesteban  Machine: dna067  Platform: Linux  PlatformVersion: 5.14.0-427.37.1.el9_4.x86_64  CompilerName: GCC  CompilerVersion: 8.4.0
ProgramName: mris_volmask  ProgramArguments: mris_volmask -all-info  ProgramVersion: 7.3.2  TimeStamp: 2026/03/15-08:57:34-GMT  BuildTime: Aug  4 2022 06:17:15  BuildStamp: freesurfer-linux-ubuntu22_x86_64-7.3.2-20220804-6354275  User: oesteban  Machine: dna067  Platform: Linux  PlatformVersion: 5.14.0-427.37.1.el9_4.x86_64  CompilerName: GCC  CompilerVersion: 8.4.0
ProgramName: mri_tessellate  ProgramArguments: mri_tessellate -all-info  ProgramVersion: 7.3.2  TimeStamp: 2026/03/15-08:57:34-GMT  BuildTime: Aug  4 2022 06:17:15  BuildStamp: freesurfer-linux-ubuntu22_x86_64-7.3.2-20220804-6354275  User: oesteban  Machine: dna067  Platform: Linux  PlatformVersion: 5.14.0-427.37.1.el9_4.x86_64  CompilerName: GCC  CompilerVersion: 8.4.0
ProgramName: mri_vol2surf  ProgramArguments: mri_vol2surf -all-info  ProgramVersion: 7.3.2  TimeStamp: 2026/03/15-08:57:34-GMT  BuildTime: Aug  4 2022 06:17:15  BuildStamp: freesurfer-linux-ubuntu22_x86_64-7.3.2-20220804-6354275  User: oesteban  Machine: dna067  Platform: Linux  PlatformVersion: 5.14.0-427.37.1.el9_4.x86_64  CompilerName: GCC  CompilerVersion: 8.4.0
ProgramName: mri_vol2vol  ProgramArguments: mri_vol2vol -all-info  ProgramVersion: 7.3.2  TimeStamp: 2026/03/15-08:57:34-GMT  BuildTime: Aug  4 2022 06:17:15  BuildStamp: freesurfer-linux-ubuntu22_x86_64-7.3.2-20220804-6354275  User: oesteban  Machine: dna067  Platform: Linux  PlatformVersion: 5.14.0-427.37.1.el9_4.x86_64  CompilerName: GCC  CompilerVersion: 8.4.0
ProgramName: mri_voldiff  ProgramArguments: mri_voldiff -all-info  ProgramVersion: 7.3.2  TimeStamp: 2026/03/15-08:57:34-GMT  BuildTime: Aug  4 2022 06:17:15  BuildStamp: freesurfer-linux-ubuntu22_x86_64-7.3.2-20220804-6354275  User: oesteban  Machine: dna067  Platform: Linux  PlatformVersion: 5.14.0-427.37.1.el9_4.x86_64  CompilerName: GCC  CompilerVersion: 8.4.0
ProgramName: mri_watershed  ProgramArguments: mri_watershed -all-info  ProgramVersion: 7.3.2  TimeStamp: 2026/03/15-08:57:34-GMT  BuildTime: Aug  4 2022 06:17:15  BuildStamp: freesurfer-linux-ubuntu22_x86_64-7.3.2-20220804-6354275  User: oesteban  Machine: dna067  Platform: Linux  PlatformVersion: 5.14.0-427.37.1.el9_4.x86_64  CompilerName: GCC  CompilerVersion: 8.4.0
ProgramName: tkregister2  ProgramArguments: tkregister2_cmdl -all-info  ProgramVersion: 7.3.2  TimeStamp: 2026/03/15-08:57:34-GMT  BuildTime: Aug  4 2022 06:17:15  BuildStamp: freesurfer-linux-ubuntu22_x86_64-7.3.2-20220804-6354275  User: oesteban  Machine: dna067  Platform: Linux  PlatformVersion: 5.14.0-427.37.1.el9_4.x86_64  CompilerName: GCC  CompilerVersion: 8.4.0
mri_motion_correct.fsl 7.3.2
mri_convert -all-info 
ProgramName: mri_convert  ProgramArguments: mri_convert -all-info  ProgramVersion: 7.3.2  TimeStamp: 2026/03/15-08:57:34-GMT  BuildTime: Aug  4 2022 06:17:15  BuildStamp: freesurfer-linux-ubuntu22_x86_64-7.3.2-20220804-6354275  User: oesteban  Machine: dna067  Platform: Linux  PlatformVersion: 5.14.0-427.37.1.el9_4.x86_64  CompilerName: GCC  CompilerVersion: 8.4.0
Program nu_correct, built from:
Package MNI N3, version 1.12.0, compiled by nicks@terrier (x86_64-unknown-linux-gnu) on 2015-06-19 at 01:25:34
#######################################
GCADIR /opt/freesurfer/average
GCA RB_all_2020-01-02.gca
GCASkull RB_all_withskull_2020_01_02.gca
AvgCurvTif folding.atlas.acfb40.noaparc.i12.2016-08-02.tif
GCSDIR /opt/freesurfer/average
GCS DKaparc.atlas.acfb40.noaparc.i12.2016-08-02.gcs
#######################################
#@# white curv lh Sun Mar 15 09:57:34 CET 2026
cd /out/sourcedata/freesurfer/sub-v2s10x28930_ses-1/mri
mris_place_surface --curv-map ../surf/lh.white 2 10 ../surf/lh.curv
   Update not needed
#@# white area lh Sun Mar 15 09:57:34 CET 2026
cd /out/sourcedata/freesurfer/sub-v2s10x28930_ses-1/mri
mris_place_surface --area-map ../surf/lh.white ../surf/lh.area
   Update not needed
#@# pial curv lh Sun Mar 15 09:57:34 CET 2026
cd /out/sourcedata/freesurfer/sub-v2s10x28930_ses-1/mri
mris_place_surface --curv-map ../surf/lh.pial 2 10 ../surf/lh.curv.pial
   Update not needed
#@# pial area lh Sun Mar 15 09:57:34 CET 2026
cd /out/sourcedata/freesurfer/sub-v2s10x28930_ses-1/mri
mris_place_surface --area-map ../surf/lh.pial ../surf/lh.area.pial
   Update not needed
#@# thickness lh Sun Mar 15 09:57:34 CET 2026
cd /out/sourcedata/freesurfer/sub-v2s10x28930_ses-1/mri
mris_place_surface --thickness ../surf/lh.white ../surf/lh.pial 20 5 ../surf/lh.thickness
   Update not needed
#@# area and vertex vol lh Sun Mar 15 09:57:34 CET 2026
cd /out/sourcedata/freesurfer/sub-v2s10x28930_ses-1/mri
mris_place_surface --thickness ../surf/lh.white ../surf/lh.pial 20 5 ../surf/lh.thickness
   Update not needed
#@# white curv rh Sun Mar 15 09:57:34 CET 2026
cd /out/sourcedata/freesurfer/sub-v2s10x28930_ses-1/mri
mris_place_surface --curv-map ../surf/rh.white 2 10 ../surf/rh.curv
   Update not needed
#@# white area rh Sun Mar 15 09:57:34 CET 2026
cd /out/sourcedata/freesurfer/sub-v2s10x28930_ses-1/mri
mris_place_surface --area-map ../surf/rh.white ../surf/rh.area
   Update not needed
#@# pial curv rh Sun Mar 15 09:57:34 CET 2026
cd /out/sourcedata/freesurfer/sub-v2s10x28930_ses-1/mri
mris_place_surface --curv-map ../surf/rh.pial 2 10 ../surf/rh.curv.pial
   Update not needed
#@# pial area rh Sun Mar 15 09:57:34 CET 2026
cd /out/sourcedata/freesurfer/sub-v2s10x28930_ses-1/mri
mris_place_surface --area-map ../surf/rh.pial ../surf/rh.area.pial
   Update not needed
#@# thickness rh Sun Mar 15 09:57:34 CET 2026
cd /out/sourcedata/freesurfer/sub-v2s10x28930_ses-1/mri
mris_place_surface --thickness ../surf/rh.white ../surf/rh.pial 20 5 ../surf/rh.thickness
   Update not needed
#@# area and vertex vol rh Sun Mar 15 09:57:34 CET 2026
cd /out/sourcedata/freesurfer/sub-v2s10x28930_ses-1/mri
mris_place_surface --thickness ../surf/rh.white ../surf/rh.pial 20 5 ../surf/rh.thickness
   Update not needed
#--------------------------------------------
#@# Cortical ribbon mask Sun Mar 15 09:57:34 CET 2026
/out/sourcedata/freesurfer/sub-v2s10x28930_ses-1/mri

 mris_volmask --aseg_name aseg.presurf --label_left_white 2 --label_left_ribbon 3 --label_right_white 41 --label_right_ribbon 42 --save_ribbon sub-v2s10x28930_ses-1 

SUBJECTS_DIR is /out/sourcedata/freesurfer
loading input data...
Running hemis serially
Processing left hemi
computing distance to left white surface 
computing distance to left pial surface 
Processing right hemi
computing distance to right white surface 
computing distance to right pial surface 
 hemi masks overlap voxels = 217
writing volume /out/sourcedata/freesurfer/sub-v2s10x28930_ses-1/mri/ribbon.mgz
mris_volmask took 4.39 minutes
 writing ribbon files

Started at Sun Mar 15 09:57:34 CET 2026 
Ended   at Sun Mar 15 10:01:57 CET 2026
#@#%# recon-all-run-time-hours 0.073
recon-all -s sub-v2s10x28930_ses-1 finished without error at Sun Mar 15 10:01:57 CET 2026



#New# invocation of recon-all 




Sun Mar 15 10:06:58 CET 2026
cd /out/sourcedata/freesurfer/sub-v2s10x28930_ses-1
setenv SUBJECTS_DIR /out/sourcedata/freesurfer
/opt/freesurfer/bin/recon-all -autorecon3 -openmp 16 -subjid sub-v2s10x28930_ses-1 -sd /out/sourcedata/freesurfer -nosphere -nosurfreg -nojacobian_white -noavgcurv -nocortparc -nopial -noparcstats -nocortparc2 -noparcstats2 -nocortparc3 -noparcstats3 -nopctsurfcon -nocortribbon -nobalabels

subjid sub-v2s10x28930_ses-1
setenv SUBJECTS_DIR /out/sourcedata/freesurfer
FREESURFER_HOME /opt/freesurfer
Actual FREESURFER_HOME /opt/freesurfer
build-stamp.txt: freesurfer-linux-ubuntu22_x86_64-7.3.2-20220804-6354275
Linux dna067 5.14.0-427.37.1.el9_4.x86_64 #1 SMP PREEMPT_DYNAMIC Fri Sep 13 12:41:50 EDT 2024 x86_64 x86_64 x86_64 GNU/Linux
cputime      unlimited
filesize     unlimited
datasize     unlimited
stacksize    8192 kbytes
coredumpsize 0 kbytes
memoryuse    67108864 kbytes
vmemoryuse   unlimited
descriptors  1024 
memorylocked unlimited
maxproc      2061970 
maxlocks     unlimited
maxsignal    2062029 
maxmessage   819200 
maxnice      0 
maxrtprio    0 
maxrttime    unlimited

               total        used        free      shared  buff/cache   available
Mem:           503Gi        54Gi       259Gi        26Gi       189Gi       419Gi
Swap:             0B          0B          0B

########################################
program versions used
7.3.2 (freesurfer-linux-ubuntu22_x86_64-7.3.2-20220804-6354275)
7.3.2

ProgramName: lta_convert  ProgramArguments: lta_convert -all-info  ProgramVersion: 7.3.2  TimeStamp: 2026/03/15-09:06:58-GMT  BuildTime: Aug  4 2022 06:17:15  BuildStamp: freesurfer-linux-ubuntu22_x86_64-7.3.2-20220804-6354275  User: oesteban  Machine: dna067  Platform: Linux  PlatformVersion: 5.14.0-427.37.1.el9_4.x86_64  CompilerName: GCC  CompilerVersion: 8.4.0
ProgramName: mri_and  ProgramArguments: mri_and -all-info  ProgramVersion: 7.3.2  TimeStamp: 2026/03/15-09:06:58-GMT  BuildTime: Aug  4 2022 06:17:15  BuildStamp: freesurfer-linux-ubuntu22_x86_64-7.3.2-20220804-6354275  User: oesteban  Machine: dna067  Platform: Linux  PlatformVersion: 5.14.0-427.37.1.el9_4.x86_64  CompilerName: GCC  CompilerVersion: 8.4.0
ProgramName: mri_annotation2label  ProgramArguments: mri_annotation2label -all-info  ProgramVersion: 7.3.2  TimeStamp: 2026/03/15-09:06:58-GMT  BuildTime: Aug  4 2022 06:17:15  BuildStamp: freesurfer-linux-ubuntu22_x86_64-7.3.2-20220804-6354275  User: oesteban  Machine: dna067  Platform: Linux  PlatformVersion: 5.14.0-427.37.1.el9_4.x86_64  CompilerName: GCC  CompilerVersion: 8.4.0
ProgramName: mri_aparc2aseg  ProgramArguments: mri_aparc2aseg -all-info  ProgramVersion: 7.3.2  TimeStamp: 2026/03/15-09:06:58-GMT  BuildTime: Aug  4 2022 06:17:15  BuildStamp: freesurfer-linux-ubuntu22_x86_64-7.3.2-20220804-6354275  User: oesteban  Machine: dna067  Platform: Linux  PlatformVersion: 5.14.0-427.37.1.el9_4.x86_64  CompilerName: GCC  CompilerVersion: 8.4.0
ProgramName: mri_surf2volseg  ProgramArguments: mri_surf2volseg -all-info  ProgramVersion: 7.3.2  TimeStamp: 2026/03/15-09:06:58-GMT  BuildTime: Aug  4 2022 06:17:15  BuildStamp: freesurfer-linux-ubuntu22_x86_64-7.3.2-20220804-6354275  User: oesteban  Machine: dna067  Platform: Linux  PlatformVersion: 5.14.0-427.37.1.el9_4.x86_64  CompilerName: GCC  CompilerVersion: 8.4.0
ProgramName: mri_binarize  ProgramArguments: mri_binarize -all-info  ProgramVersion: 7.3.2  TimeStamp: 2026/03/15-09:06:58-GMT  BuildTime: Aug  4 2022 06:17:15  BuildStamp: freesurfer-linux-ubuntu22_x86_64-7.3.2-20220804-6354275  User: oesteban  Machine: dna067  Platform: Linux  PlatformVersion: 5.14.0-427.37.1.el9_4.x86_64  CompilerName: GCC  CompilerVersion: 8.4.0
ProgramName: mri_ca_label  ProgramArguments: mri_ca_label -all-info  ProgramVersion: 7.3.2  TimeStamp: 2026/03/15-09:06:58-GMT  BuildTime: Aug  4 2022 06:17:15  BuildStamp: freesurfer-linux-ubuntu22_x86_64-7.3.2-20220804-6354275  User: oesteban  Machine: dna067  Platform: Linux  PlatformVersion: 5.14.0-427.37.1.el9_4.x86_64  CompilerName: GCC  CompilerVersion: 8.4.0
ProgramName: mri_ca_normalize  ProgramArguments: mri_ca_normalize -all-info  ProgramVersion: 7.3.2  TimeStamp: 2026/03/15-09:06:58-GMT  BuildTime: Aug  4 2022 06:17:15  BuildStamp: freesurfer-linux-ubuntu22_x86_64-7.3.2-20220804-6354275  User: oesteban  Machine: dna067  Platform: Linux  PlatformVersion: 5.14.0-427.37.1.el9_4.x86_64  CompilerName: GCC  CompilerVersion: 8.4.0
ProgramName: mri_ca_register  ProgramArguments: mri_ca_register -all-info  ProgramVersion: 7.3.2  TimeStamp: 2026/03/15-09:06:58-GMT  BuildTime: Aug  4 2022 06:17:15  BuildStamp: freesurfer-linux-ubuntu22_x86_64-7.3.2-20220804-6354275  User: oesteban  Machine: dna067  Platform: Linux  PlatformVersion: 5.14.0-427.37.1.el9_4.x86_64  CompilerName: GCC  CompilerVersion: 8.4.0
ProgramName: mri_cc  ProgramArguments: mri_cc -all-info  ProgramVersion: 7.3.2  TimeStamp: 2026/03/15-09:06:58-GMT  BuildTime: Aug  4 2022 06:17:15  BuildStamp: freesurfer-linux-ubuntu22_x86_64-7.3.2-20220804-6354275  User: oesteban  Machine: dna067  Platform: Linux  PlatformVersion: 5.14.0-427.37.1.el9_4.x86_64  CompilerName: GCC  CompilerVersion: 8.4.0
ProgramName: mri_compute_overlap  ProgramArguments: mri_compute_overlap -all-info  ProgramVersion: 7.3.2  TimeStamp: 2026/03/15-09:06:58-GMT  BuildTime: Aug  4 2022 06:17:15  BuildStamp: freesurfer-linux-ubuntu22_x86_64-7.3.2-20220804-6354275  User: oesteban  Machine: dna067  Platform: Linux  PlatformVersion: 5.14.0-427.37.1.el9_4.x86_64  CompilerName: GCC  CompilerVersion: 8.4.0
ProgramName: mri_compute_seg_overlap  ProgramArguments: mri_compute_seg_overlap -all-info  ProgramVersion: 7.3.2  TimeStamp: 2026/03/15-09:06:58-GMT  BuildTime: Aug  4 2022 06:17:15  BuildStamp: freesurfer-linux-ubuntu22_x86_64-7.3.2-20220804-6354275  User: oesteban  Machine: dna067  Platform: Linux  PlatformVersion: 5.14.0-427.37.1.el9_4.x86_64  CompilerName: GCC  CompilerVersion: 8.4.0
ProgramName: mri_concat  ProgramArguments: mri_concat -all-info  ProgramVersion: 7.3.2  TimeStamp: 2026/03/15-09:06:58-GMT  BuildTime: Aug  4 2022 06:17:15  BuildStamp: freesurfer-linux-ubuntu22_x86_64-7.3.2-20220804-6354275  User: oesteban  Machine: dna067  Platform: Linux  PlatformVersion: 5.14.0-427.37.1.el9_4.x86_64  CompilerName: GCC  CompilerVersion: 8.4.0
ProgramName: mri_concatenate_lta  ProgramArguments: mri_concatenate_lta -all-info  ProgramVersion: 7.3.2  TimeStamp: 2026/03/15-09:06:58-GMT  BuildTime: Aug  4 2022 06:17:15  BuildStamp: freesurfer-linux-ubuntu22_x86_64-7.3.2-20220804-6354275  User: oesteban  Machine: dna067  Platform: Linux  PlatformVersion: 5.14.0-427.37.1.el9_4.x86_64  CompilerName: GCC  CompilerVersion: 8.4.0
mri_convert -all-info 
ProgramName: mri_convert  ProgramArguments: mri_convert -all-info  ProgramVersion: 7.3.2  TimeStamp: 2026/03/15-09:06:58-GMT  BuildTime: Aug  4 2022 06:17:15  BuildStamp: freesurfer-linux-ubuntu22_x86_64-7.3.2-20220804-6354275  User: oesteban  Machine: dna067  Platform: Linux  PlatformVersion: 5.14.0-427.37.1.el9_4.x86_64  CompilerName: GCC  CompilerVersion: 8.4.0
ProgramName: mri_diff  ProgramArguments: mri_diff -all-info  ProgramVersion: 7.3.2  TimeStamp: 2026/03/15-09:06:58-GMT  BuildTime: Aug  4 2022 06:17:15  BuildStamp: freesurfer-linux-ubuntu22_x86_64-7.3.2-20220804-6354275  User: oesteban  Machine: dna067  Platform: Linux  PlatformVersion: 5.14.0-427.37.1.el9_4.x86_64  CompilerName: GCC  CompilerVersion: 8.4.0
ProgramName: mri_edit_wm_with_aseg  ProgramArguments: mri_edit_wm_with_aseg -all-info  ProgramVersion: 7.3.2  TimeStamp: 2026/03/15-09:06:58-GMT  BuildTime: Aug  4 2022 06:17:15  BuildStamp: freesurfer-linux-ubuntu22_x86_64-7.3.2-20220804-6354275  User: oesteban  Machine: dna067  Platform: Linux  PlatformVersion: 5.14.0-427.37.1.el9_4.x86_64  CompilerName: GCC  CompilerVersion: 8.4.0
ProgramName: mri_em_register  ProgramArguments: mri_em_register -all-info  ProgramVersion: 7.3.2  TimeStamp: 2026/03/15-09:06:58-GMT  BuildTime: Aug  4 2022 06:17:15  BuildStamp: freesurfer-linux-ubuntu22_x86_64-7.3.2-20220804-6354275  User: oesteban  Machine: dna067  Platform: Linux  PlatformVersion: 5.14.0-427.37.1.el9_4.x86_64  CompilerName: GCC  CompilerVersion: 8.4.0
ProgramName: mri_fill  ProgramArguments: mri_fill -all-info  ProgramVersion: 7.3.2  TimeStamp: 2026/03/15-09:06:58-GMT  BuildTime: Aug  4 2022 06:17:15  BuildStamp: freesurfer-linux-ubuntu22_x86_64-7.3.2-20220804-6354275  User: oesteban  Machine: dna067  Platform: Linux  PlatformVersion: 5.14.0-427.37.1.el9_4.x86_64  CompilerName: GCC  CompilerVersion: 8.4.0
ProgramName: mri_fuse_segmentations  ProgramArguments: mri_fuse_segmentations -all-info  ProgramVersion: 7.3.2  TimeStamp: 2026/03/15-09:06:58-GMT  BuildTime: Aug  4 2022 06:17:15  BuildStamp: freesurfer-linux-ubuntu22_x86_64-7.3.2-20220804-6354275  User: oesteban  Machine: dna067  Platform: Linux  PlatformVersion: 5.14.0-427.37.1.el9_4.x86_64  CompilerName: GCC  CompilerVersion: 8.4.0
ProgramName: mri_fwhm  ProgramArguments: mri_fwhm -all-info  ProgramVersion: 7.3.2  TimeStamp: 2026/03/15-09:06:58-GMT  BuildTime: Aug  4 2022 06:17:15  BuildStamp: freesurfer-linux-ubuntu22_x86_64-7.3.2-20220804-6354275  User: oesteban  Machine: dna067  Platform: Linux  PlatformVersion: 5.14.0-427.37.1.el9_4.x86_64  CompilerName: GCC  CompilerVersion: 8.4.0
ProgramName: mri_gcut  ProgramArguments: mri_gcut -all-info  ProgramVersion: 7.3.2  TimeStamp: 2026/03/15-09:06:58-GMT  BuildTime: Aug  4 2022 06:17:15  BuildStamp: freesurfer-linux-ubuntu22_x86_64-7.3.2-20220804-6354275  User: oesteban  Machine: dna067  Platform: Linux  PlatformVersion: 5.14.0-427.37.1.el9_4.x86_64  CompilerName: GCC  CompilerVersion: 8.4.0
ProgramName: mri_info  ProgramArguments: mri_info -all-info  ProgramVersion: 7.3.2  TimeStamp: 2026/03/15-09:06:58-GMT  BuildTime: Aug  4 2022 06:17:15  BuildStamp: freesurfer-linux-ubuntu22_x86_64-7.3.2-20220804-6354275  User: oesteban  Machine: dna067  Platform: Linux  PlatformVersion: 5.14.0-427.37.1.el9_4.x86_64  CompilerName: GCC  CompilerVersion: 8.4.0
ProgramName: mri_label2label  ProgramArguments: mri_label2label -all-info  ProgramVersion: 7.3.2  TimeStamp: 2026/03/15-09:06:58-GMT  BuildTime: Aug  4 2022 06:17:15  BuildStamp: freesurfer-linux-ubuntu22_x86_64-7.3.2-20220804-6354275  User: oesteban  Machine: dna067  Platform: Linux  PlatformVersion: 5.14.0-427.37.1.el9_4.x86_64  CompilerName: GCC  CompilerVersion: 8.4.0
ProgramName: mri_label2vol  ProgramArguments: mri_label2vol -all-info  ProgramVersion: 7.3.2  TimeStamp: 2026/03/15-09:06:58-GMT  BuildTime: Aug  4 2022 06:17:15  BuildStamp: freesurfer-linux-ubuntu22_x86_64-7.3.2-20220804-6354275  User: oesteban  Machine: dna067  Platform: Linux  PlatformVersion: 5.14.0-427.37.1.el9_4.x86_64  CompilerName: GCC  CompilerVersion: 8.4.0
ProgramName: mri_log_likelihood  ProgramArguments: mri_log_likelihood -all-info  ProgramVersion: 7.3.2  TimeStamp: 2026/03/15-09:06:58-GMT  BuildTime: Aug  4 2022 06:17:15  BuildStamp: freesurfer-linux-ubuntu22_x86_64-7.3.2-20220804-6354275  User: oesteban  Machine: dna067  Platform: Linux  PlatformVersion: 5.14.0-427.37.1.el9_4.x86_64  CompilerName: GCC  CompilerVersion: 8.4.0
ProgramName: mri_mask  ProgramArguments: mri_mask -all-info  ProgramVersion: 7.3.2  TimeStamp: 2026/03/15-09:06:58-GMT  BuildTime: Aug  4 2022 06:17:15  BuildStamp: freesurfer-linux-ubuntu22_x86_64-7.3.2-20220804-6354275  User: oesteban  Machine: dna067  Platform: Linux  PlatformVersion: 5.14.0-427.37.1.el9_4.x86_64  CompilerName: GCC  CompilerVersion: 8.4.0
ProgramName: mri_matrix_multiply  ProgramArguments: mri_matrix_multiply -all-info  ProgramVersion: 7.3.2  TimeStamp: 2026/03/15-09:06:58-GMT  BuildTime: Aug  4 2022 06:17:15  BuildStamp: freesurfer-linux-ubuntu22_x86_64-7.3.2-20220804-6354275  User: oesteban  Machine: dna067  Platform: Linux  PlatformVersion: 5.14.0-427.37.1.el9_4.x86_64  CompilerName: GCC  CompilerVersion: 8.4.0
ProgramName: mri_normalize  ProgramArguments: mri_normalize -all-info  ProgramVersion: 7.3.2  TimeStamp: 2026/03/15-09:06:58-GMT  BuildTime: Aug  4 2022 06:17:15  BuildStamp: freesurfer-linux-ubuntu22_x86_64-7.3.2-20220804-6354275  User: oesteban  Machine: dna067  Platform: Linux  PlatformVersion: 5.14.0-427.37.1.el9_4.x86_64  CompilerName: GCC  CompilerVersion: 8.4.0
ProgramName: mri_normalize_tp2  ProgramArguments: mri_normalize_tp2 -all-info  ProgramVersion: 7.3.2  TimeStamp: 2026/03/15-09:06:58-GMT  BuildTime: Aug  4 2022 06:17:15  BuildStamp: freesurfer-linux-ubuntu22_x86_64-7.3.2-20220804-6354275  User: oesteban  Machine: dna067  Platform: Linux  PlatformVersion: 5.14.0-427.37.1.el9_4.x86_64  CompilerName: GCC  CompilerVersion: 8.4.0
ProgramName: mri_or  ProgramArguments: mri_or -all-info  ProgramVersion: 7.3.2  TimeStamp: 2026/03/15-09:06:58-GMT  BuildTime: Aug  4 2022 06:17:15  BuildStamp: freesurfer-linux-ubuntu22_x86_64-7.3.2-20220804-6354275  User: oesteban  Machine: dna067  Platform: Linux  PlatformVersion: 5.14.0-427.37.1.el9_4.x86_64  CompilerName: GCC  CompilerVersion: 8.4.0
ProgramName: mri_relabel_hypointensities  ProgramArguments: mri_relabel_hypointensities -all-info  ProgramVersion: 7.3.2  TimeStamp: 2026/03/15-09:06:58-GMT  BuildTime: Aug  4 2022 06:17:15  BuildStamp: freesurfer-linux-ubuntu22_x86_64-7.3.2-20220804-6354275  User: oesteban  Machine: dna067  Platform: Linux  PlatformVersion: 5.14.0-427.37.1.el9_4.x86_64  CompilerName: GCC  CompilerVersion: 8.4.0
ProgramName: mri_relabel_nonwm_hypos  ProgramArguments: mri_relabel_nonwm_hypos -all-info  ProgramVersion: 7.3.2  TimeStamp: 2026/03/15-09:06:58-GMT  BuildTime: Aug  4 2022 06:17:15  BuildStamp: freesurfer-linux-ubuntu22_x86_64-7.3.2-20220804-6354275  User: oesteban  Machine: dna067  Platform: Linux  PlatformVersion: 5.14.0-427.37.1.el9_4.x86_64  CompilerName: GCC  CompilerVersion: 8.4.0
ProgramName: mri_remove_neck  ProgramArguments: mri_remove_neck -all-info  ProgramVersion: 7.3.2  TimeStamp: 2026/03/15-09:06:58-GMT  BuildTime: Aug  4 2022 06:17:15  BuildStamp: freesurfer-linux-ubuntu22_x86_64-7.3.2-20220804-6354275  User: oesteban  Machine: dna067  Platform: Linux  PlatformVersion: 5.14.0-427.37.1.el9_4.x86_64  CompilerName: GCC  CompilerVersion: 8.4.0
7.3.2

ProgramName: mri_robust_register  ProgramArguments: mri_robust_register -all-info  ProgramVersion: 7.3.2  TimeStamp: 2026/03/15-09:06:58-GMT  BuildTime: Aug  4 2022 06:17:15  BuildStamp: freesurfer-linux-ubuntu22_x86_64-7.3.2-20220804-6354275  User: oesteban  Machine: dna067  Platform: Linux  PlatformVersion: 5.14.0-427.37.1.el9_4.x86_64  CompilerName: GCC  CompilerVersion: 8.4.0
7.3.2

ProgramName: mri_robust_template  ProgramArguments: mri_robust_template -all-info  ProgramVersion: 7.3.2  TimeStamp: 2026/03/15-09:06:58-GMT  BuildTime: Aug  4 2022 06:17:15  BuildStamp: freesurfer-linux-ubuntu22_x86_64-7.3.2-20220804-6354275  User: oesteban  Machine: dna067  Platform: Linux  PlatformVersion: 5.14.0-427.37.1.el9_4.x86_64  CompilerName: GCC  CompilerVersion: 8.4.0
ProgramName: mris_anatomical_stats  ProgramArguments: mris_anatomical_stats -all-info  ProgramVersion: 7.3.2  TimeStamp: 2026/03/15-09:06:58-GMT  BuildTime: Aug  4 2022 06:17:15  BuildStamp: freesurfer-linux-ubuntu22_x86_64-7.3.2-20220804-6354275  User: oesteban  Machine: dna067  Platform: Linux  PlatformVersion: 5.14.0-427.37.1.el9_4.x86_64  CompilerName: GCC  CompilerVersion: 8.4.0
ProgramName: mris_ca_label  ProgramArguments: mris_ca_label -all-info  ProgramVersion: 7.3.2  TimeStamp: 2026/03/15-09:06:58-GMT  BuildTime: Aug  4 2022 06:17:15  BuildStamp: freesurfer-linux-ubuntu22_x86_64-7.3.2-20220804-6354275  User: oesteban  Machine: dna067  Platform: Linux  PlatformVersion: 5.14.0-427.37.1.el9_4.x86_64  CompilerName: GCC  CompilerVersion: 8.4.0
ProgramName: mris_calc  ProgramArguments: mris_calc -all-info  ProgramVersion: 7.3.2  TimeStamp: 2026/03/15-09:06:58-GMT  BuildTime: Aug  4 2022 06:17:15  BuildStamp: freesurfer-linux-ubuntu22_x86_64-7.3.2-20220804-6354275  User: oesteban  Machine: dna067  Platform: Linux  PlatformVersion: 5.14.0-427.37.1.el9_4.x86_64  CompilerName: GCC  CompilerVersion: 8.4.0
ProgramName: mris_convert  ProgramArguments: mris_convert -all-info  ProgramVersion: 7.3.2  TimeStamp: 2026/03/15-09:06:58-GMT  BuildTime: Aug  4 2022 06:17:15  BuildStamp: freesurfer-linux-ubuntu22_x86_64-7.3.2-20220804-6354275  User: oesteban  Machine: dna067  Platform: Linux  PlatformVersion: 5.14.0-427.37.1.el9_4.x86_64  CompilerName: GCC  CompilerVersion: 8.4.0
ProgramName: mris_curvature  ProgramArguments: mris_curvature -all-info  ProgramVersion: 7.3.2  TimeStamp: 2026/03/15-09:06:58-GMT  BuildTime: Aug  4 2022 06:17:15  BuildStamp: freesurfer-linux-ubuntu22_x86_64-7.3.2-20220804-6354275  User: oesteban  Machine: dna067  Platform: Linux  PlatformVersion: 5.14.0-427.37.1.el9_4.x86_64  CompilerName: GCC  CompilerVersion: 8.4.0
ProgramName: mris_curvature_stats  ProgramArguments: mris_curvature_stats -all-info  ProgramVersion: 7.3.2  TimeStamp: 2026/03/15-09:06:58-GMT  BuildTime: Aug  4 2022 06:17:15  BuildStamp: freesurfer-linux-ubuntu22_x86_64-7.3.2-20220804-6354275  User: oesteban  Machine: dna067  Platform: Linux  PlatformVersion: 5.14.0-427.37.1.el9_4.x86_64  CompilerName: GCC  CompilerVersion: 8.4.0
ProgramName: mris_diff  ProgramArguments: mris_diff -all-info  ProgramVersion: 7.3.2  TimeStamp: 2026/03/15-09:06:58-GMT  BuildTime: Aug  4 2022 06:17:15  BuildStamp: freesurfer-linux-ubuntu22_x86_64-7.3.2-20220804-6354275  User: oesteban  Machine: dna067  Platform: Linux  PlatformVersion: 5.14.0-427.37.1.el9_4.x86_64  CompilerName: GCC  CompilerVersion: 8.4.0
ProgramName: mris_divide_parcellation  ProgramArguments: mris_divide_parcellation -all-info  ProgramVersion: 7.3.2  TimeStamp: 2026/03/15-09:06:58-GMT  BuildTime: Aug  4 2022 06:17:15  BuildStamp: freesurfer-linux-ubuntu22_x86_64-7.3.2-20220804-6354275  User: oesteban  Machine: dna067  Platform: Linux  PlatformVersion: 5.14.0-427.37.1.el9_4.x86_64  CompilerName: GCC  CompilerVersion: 8.4.0
ProgramName: mri_segment  ProgramArguments: mri_segment -all-info  ProgramVersion: 7.3.2  TimeStamp: 2026/03/15-09:06:58-GMT  BuildTime: Aug  4 2022 06:17:15  BuildStamp: freesurfer-linux-ubuntu22_x86_64-7.3.2-20220804-6354275  User: oesteban  Machine: dna067  Platform: Linux  PlatformVersion: 5.14.0-427.37.1.el9_4.x86_64  CompilerName: GCC  CompilerVersion: 8.4.0
ProgramName: mri_segstats  ProgramArguments: mri_segstats -all-info  ProgramVersion: 7.3.2  TimeStamp: 2026/03/15-09:06:58-GMT  BuildTime: Aug  4 2022 06:17:15  BuildStamp: freesurfer-linux-ubuntu22_x86_64-7.3.2-20220804-6354275  User: oesteban  Machine: dna067  Platform: Linux  PlatformVersion: 5.14.0-427.37.1.el9_4.x86_64  CompilerName: GCC  CompilerVersion: 8.4.0
ProgramName: mris_euler_number  ProgramArguments: mris_euler_number -all-info  ProgramVersion: 7.3.2  TimeStamp: 2026/03/15-09:06:58-GMT  BuildTime: Aug  4 2022 06:17:15  BuildStamp: freesurfer-linux-ubuntu22_x86_64-7.3.2-20220804-6354275  User: oesteban  Machine: dna067  Platform: Linux  PlatformVersion: 5.14.0-427.37.1.el9_4.x86_64  CompilerName: GCC  CompilerVersion: 8.4.0
ProgramName: mris_fix_topology  ProgramArguments: mris_fix_topology -all-info  ProgramVersion: 7.3.2  TimeStamp: 2026/03/15-09:06:58-GMT  BuildTime: Aug  4 2022 06:17:15  BuildStamp: freesurfer-linux-ubuntu22_x86_64-7.3.2-20220804-6354275  User: oesteban  Machine: dna067  Platform: Linux  PlatformVersion: 5.14.0-427.37.1.el9_4.x86_64  CompilerName: GCC  CompilerVersion: 8.4.0
ProgramName: mris_topo_fixer  ProgramArguments: mris_topo_fixer -all-info  ProgramVersion: 7.3.2  TimeStamp: 2026/03/15-09:06:58-GMT  BuildTime: Aug  4 2022 06:17:15  BuildStamp: freesurfer-linux-ubuntu22_x86_64-7.3.2-20220804-6354275  User: oesteban  Machine: dna067  Platform: Linux  PlatformVersion: 5.14.0-427.37.1.el9_4.x86_64  CompilerName: GCC  CompilerVersion: 8.4.0
ProgramName: mris_jacobian  ProgramArguments: mris_jacobian -all-info  ProgramVersion: 7.3.2  TimeStamp: 2026/03/15-09:06:58-GMT  BuildTime: Aug  4 2022 06:17:15  BuildStamp: freesurfer-linux-ubuntu22_x86_64-7.3.2-20220804-6354275  User: oesteban  Machine: dna067  Platform: Linux  PlatformVersion: 5.14.0-427.37.1.el9_4.x86_64  CompilerName: GCC  CompilerVersion: 8.4.0
ProgramName: mris_label2annot  ProgramArguments: mris_label2annot -all-info  ProgramVersion: 7.3.2  TimeStamp: 2026/03/15-09:06:58-GMT  BuildTime: Aug  4 2022 06:17:15  BuildStamp: freesurfer-linux-ubuntu22_x86_64-7.3.2-20220804-6354275  User: oesteban  Machine: dna067  Platform: Linux  PlatformVersion: 5.14.0-427.37.1.el9_4.x86_64  CompilerName: GCC  CompilerVersion: 8.4.0
ProgramName: mris_left_right_register  ProgramArguments: mris_left_right_register -all-info  ProgramVersion: 7.3.2  TimeStamp: 2026/03/15-09:06:58-GMT  BuildTime: Aug  4 2022 06:17:15  BuildStamp: freesurfer-linux-ubuntu22_x86_64-7.3.2-20220804-6354275  User: oesteban  Machine: dna067  Platform: Linux  PlatformVersion: 5.14.0-427.37.1.el9_4.x86_64  CompilerName: GCC  CompilerVersion: 8.4.0
ProgramName: mris_place_surface  ProgramArguments: mris_place_surface -all-info  ProgramVersion: 7.3.2  TimeStamp: 2026/03/15-09:06:58-GMT  BuildTime: Aug  4 2022 06:17:15  BuildStamp: freesurfer-linux-ubuntu22_x86_64-7.3.2-20220804-6354275  User: oesteban  Machine: dna067  Platform: Linux  PlatformVersion: 5.14.0-427.37.1.el9_4.x86_64  CompilerName: GCC  CompilerVersion: 8.4.0
ProgramName: mrisp_paint  ProgramArguments: mrisp_paint -all-info  ProgramVersion: 7.3.2  TimeStamp: 2026/03/15-09:06:58-GMT  BuildTime: Aug  4 2022 06:17:15  BuildStamp: freesurfer-linux-ubuntu22_x86_64-7.3.2-20220804-6354275  User: oesteban  Machine: dna067  Platform: Linux  PlatformVersion: 5.14.0-427.37.1.el9_4.x86_64  CompilerName: GCC  CompilerVersion: 8.4.0
ProgramName: mris_register  ProgramArguments: mris_register -all-info  ProgramVersion: 7.3.2  TimeStamp: 2026/03/15-09:06:58-GMT  BuildTime: Aug  4 2022 06:17:15  BuildStamp: freesurfer-linux-ubuntu22_x86_64-7.3.2-20220804-6354275  User: oesteban  Machine: dna067  Platform: Linux  PlatformVersion: 5.14.0-427.37.1.el9_4.x86_64  CompilerName: GCC  CompilerVersion: 8.4.0
ProgramName: mris_smooth  ProgramArguments: mris_smooth -all-info  ProgramVersion: 7.3.2  TimeStamp: 2026/03/15-09:06:58-GMT  BuildTime: Aug  4 2022 06:17:15  BuildStamp: freesurfer-linux-ubuntu22_x86_64-7.3.2-20220804-6354275  User: oesteban  Machine: dna067  Platform: Linux  PlatformVersion: 5.14.0-427.37.1.el9_4.x86_64  CompilerName: GCC  CompilerVersion: 8.4.0
ProgramName: mris_sphere  ProgramArguments: mris_sphere -all-info  ProgramVersion: 7.3.2  TimeStamp: 2026/03/15-09:06:58-GMT  BuildTime: Aug  4 2022 06:17:15  BuildStamp: freesurfer-linux-ubuntu22_x86_64-7.3.2-20220804-6354275  User: oesteban  Machine: dna067  Platform: Linux  PlatformVersion: 5.14.0-427.37.1.el9_4.x86_64  CompilerName: GCC  CompilerVersion: 8.4.0
ProgramName: mris_surface_stats  ProgramArguments: mris_surface_stats -all-info  ProgramVersion: 7.3.2  TimeStamp: 2026/03/15-09:06:58-GMT  BuildTime: Aug  4 2022 06:17:15  BuildStamp: freesurfer-linux-ubuntu22_x86_64-7.3.2-20220804-6354275  User: oesteban  Machine: dna067  Platform: Linux  PlatformVersion: 5.14.0-427.37.1.el9_4.x86_64  CompilerName: GCC  CompilerVersion: 8.4.0
ProgramName: mri_stats2seg  ProgramArguments: mri_stats2seg -all-info  ProgramVersion: 7.3.2  TimeStamp: 2026/03/15-09:06:58-GMT  BuildTime: Aug  4 2022 06:17:15  BuildStamp: freesurfer-linux-ubuntu22_x86_64-7.3.2-20220804-6354275  User: oesteban  Machine: dna067  Platform: Linux  PlatformVersion: 5.14.0-427.37.1.el9_4.x86_64  CompilerName: GCC  CompilerVersion: 8.4.0
ProgramName: mris_thickness  ProgramArguments: mris_thickness -all-info  ProgramVersion: 7.3.2  TimeStamp: 2026/03/15-09:06:58-GMT  BuildTime: Aug  4 2022 06:17:15  BuildStamp: freesurfer-linux-ubuntu22_x86_64-7.3.2-20220804-6354275  User: oesteban  Machine: dna067  Platform: Linux  PlatformVersion: 5.14.0-427.37.1.el9_4.x86_64  CompilerName: GCC  CompilerVersion: 8.4.0
ProgramName: mris_thickness_diff  ProgramArguments: mris_thickness_diff -all-info  ProgramVersion: 7.3.2  TimeStamp: 2026/03/15-09:06:58-GMT  BuildTime: Aug  4 2022 06:17:15  BuildStamp: freesurfer-linux-ubuntu22_x86_64-7.3.2-20220804-6354275  User: oesteban  Machine: dna067  Platform: Linux  PlatformVersion: 5.14.0-427.37.1.el9_4.x86_64  CompilerName: GCC  CompilerVersion: 8.4.0
ProgramName: mris_topo_fixer  ProgramArguments: mris_topo_fixer -all-info  ProgramVersion: 7.3.2  TimeStamp: 2026/03/15-09:06:58-GMT  BuildTime: Aug  4 2022 06:17:15  BuildStamp: freesurfer-linux-ubuntu22_x86_64-7.3.2-20220804-6354275  User: oesteban  Machine: dna067  Platform: Linux  PlatformVersion: 5.14.0-427.37.1.el9_4.x86_64  CompilerName: GCC  CompilerVersion: 8.4.0
ProgramName: mri_surf2surf  ProgramArguments: mri_surf2surf -all-info  ProgramVersion: 7.3.2  TimeStamp: 2026/03/15-09:06:58-GMT  BuildTime: Aug  4 2022 06:17:15  BuildStamp: freesurfer-linux-ubuntu22_x86_64-7.3.2-20220804-6354275  User: oesteban  Machine: dna067  Platform: Linux  PlatformVersion: 5.14.0-427.37.1.el9_4.x86_64  CompilerName: GCC  CompilerVersion: 8.4.0
ProgramName: mri_surf2vol  ProgramArguments: mri_surf2vol -all-info  ProgramVersion: 7.3.2  TimeStamp: 2026/03/15-09:06:58-GMT  BuildTime: Aug  4 2022 06:17:15  BuildStamp: freesurfer-linux-ubuntu22_x86_64-7.3.2-20220804-6354275  User: oesteban  Machine: dna067  Platform: Linux  PlatformVersion: 5.14.0-427.37.1.el9_4.x86_64  CompilerName: GCC  CompilerVersion: 8.4.0
ProgramName: mri_surfcluster  ProgramArguments: mri_surfcluster -all-info  ProgramVersion: 7.3.2  TimeStamp: 2026/03/15-09:06:58-GMT  BuildTime: Aug  4 2022 06:17:15  BuildStamp: freesurfer-linux-ubuntu22_x86_64-7.3.2-20220804-6354275  User: oesteban  Machine: dna067  Platform: Linux  PlatformVersion: 5.14.0-427.37.1.el9_4.x86_64  CompilerName: GCC  CompilerVersion: 8.4.0
ProgramName: mris_volmask  ProgramArguments: mris_volmask -all-info  ProgramVersion: 7.3.2  TimeStamp: 2026/03/15-09:06:58-GMT  BuildTime: Aug  4 2022 06:17:15  BuildStamp: freesurfer-linux-ubuntu22_x86_64-7.3.2-20220804-6354275  User: oesteban  Machine: dna067  Platform: Linux  PlatformVersion: 5.14.0-427.37.1.el9_4.x86_64  CompilerName: GCC  CompilerVersion: 8.4.0
ProgramName: mri_tessellate  ProgramArguments: mri_tessellate -all-info  ProgramVersion: 7.3.2  TimeStamp: 2026/03/15-09:06:58-GMT  BuildTime: Aug  4 2022 06:17:15  BuildStamp: freesurfer-linux-ubuntu22_x86_64-7.3.2-20220804-6354275  User: oesteban  Machine: dna067  Platform: Linux  PlatformVersion: 5.14.0-427.37.1.el9_4.x86_64  CompilerName: GCC  CompilerVersion: 8.4.0
ProgramName: mri_vol2surf  ProgramArguments: mri_vol2surf -all-info  ProgramVersion: 7.3.2  TimeStamp: 2026/03/15-09:06:58-GMT  BuildTime: Aug  4 2022 06:17:15  BuildStamp: freesurfer-linux-ubuntu22_x86_64-7.3.2-20220804-6354275  User: oesteban  Machine: dna067  Platform: Linux  PlatformVersion: 5.14.0-427.37.1.el9_4.x86_64  CompilerName: GCC  CompilerVersion: 8.4.0
ProgramName: mri_vol2vol  ProgramArguments: mri_vol2vol -all-info  ProgramVersion: 7.3.2  TimeStamp: 2026/03/15-09:06:58-GMT  BuildTime: Aug  4 2022 06:17:15  BuildStamp: freesurfer-linux-ubuntu22_x86_64-7.3.2-20220804-6354275  User: oesteban  Machine: dna067  Platform: Linux  PlatformVersion: 5.14.0-427.37.1.el9_4.x86_64  CompilerName: GCC  CompilerVersion: 8.4.0
ProgramName: mri_voldiff  ProgramArguments: mri_voldiff -all-info  ProgramVersion: 7.3.2  TimeStamp: 2026/03/15-09:06:58-GMT  BuildTime: Aug  4 2022 06:17:15  BuildStamp: freesurfer-linux-ubuntu22_x86_64-7.3.2-20220804-6354275  User: oesteban  Machine: dna067  Platform: Linux  PlatformVersion: 5.14.0-427.37.1.el9_4.x86_64  CompilerName: GCC  CompilerVersion: 8.4.0
ProgramName: mri_watershed  ProgramArguments: mri_watershed -all-info  ProgramVersion: 7.3.2  TimeStamp: 2026/03/15-09:06:58-GMT  BuildTime: Aug  4 2022 06:17:15  BuildStamp: freesurfer-linux-ubuntu22_x86_64-7.3.2-20220804-6354275  User: oesteban  Machine: dna067  Platform: Linux  PlatformVersion: 5.14.0-427.37.1.el9_4.x86_64  CompilerName: GCC  CompilerVersion: 8.4.0
ProgramName: tkregister2  ProgramArguments: tkregister2_cmdl -all-info  ProgramVersion: 7.3.2  TimeStamp: 2026/03/15-09:06:58-GMT  BuildTime: Aug  4 2022 06:17:15  BuildStamp: freesurfer-linux-ubuntu22_x86_64-7.3.2-20220804-6354275  User: oesteban  Machine: dna067  Platform: Linux  PlatformVersion: 5.14.0-427.37.1.el9_4.x86_64  CompilerName: GCC  CompilerVersion: 8.4.0
mri_motion_correct.fsl 7.3.2
mri_convert -all-info 
ProgramName: mri_convert  ProgramArguments: mri_convert -all-info  ProgramVersion: 7.3.2  TimeStamp: 2026/03/15-09:06:58-GMT  BuildTime: Aug  4 2022 06:17:15  BuildStamp: freesurfer-linux-ubuntu22_x86_64-7.3.2-20220804-6354275  User: oesteban  Machine: dna067  Platform: Linux  PlatformVersion: 5.14.0-427.37.1.el9_4.x86_64  CompilerName: GCC  CompilerVersion: 8.4.0
Program nu_correct, built from:
Package MNI N3, version 1.12.0, compiled by nicks@terrier (x86_64-unknown-linux-gnu) on 2015-06-19 at 01:25:34
#######################################
GCADIR /opt/freesurfer/average
GCA RB_all_2020-01-02.gca
GCASkull RB_all_withskull_2020_01_02.gca
AvgCurvTif folding.atlas.acfb40.noaparc.i12.2016-08-02.tif
GCSDIR /opt/freesurfer/average
GCS DKaparc.atlas.acfb40.noaparc.i12.2016-08-02.gcs
#######################################
#--------------------------------------------
#@# WhiteSurfs lh Sun Mar 15 10:06:58 CET 2026
cd /out/sourcedata/freesurfer/sub-v2s10x28930_ses-1/mri
mris_place_surface --adgws-in ../surf/autodet.gw.stats.lh.dat --seg aseg.presurf.mgz --threads 16 --wm wm.mgz --invol brain.finalsurfs.mgz --lh --i ../surf/lh.white.preaparc --o ../surf/lh.white --white --nsmooth 0 --rip-label ../label/lh.cortex.label --rip-bg --rip-surf ../surf/lh.white.preaparc --aparc ../label/lh.aparc.annot
   Update not needed
#--------------------------------------------
#@# WhiteSurfs rh Sun Mar 15 10:06:58 CET 2026
cd /out/sourcedata/freesurfer/sub-v2s10x28930_ses-1/mri
mris_place_surface --adgws-in ../surf/autodet.gw.stats.rh.dat --seg aseg.presurf.mgz --threads 16 --wm wm.mgz --invol brain.finalsurfs.mgz --rh --i ../surf/rh.white.preaparc --o ../surf/rh.white --white --nsmooth 0 --rip-label ../label/rh.cortex.label --rip-bg --rip-surf ../surf/rh.white.preaparc --aparc ../label/rh.aparc.annot
   Update not needed
#@# white curv lh Sun Mar 15 10:06:58 CET 2026
cd /out/sourcedata/freesurfer/sub-v2s10x28930_ses-1/mri
mris_place_surface --curv-map ../surf/lh.white 2 10 ../surf/lh.curv
   Update not needed
#@# white area lh Sun Mar 15 10:06:58 CET 2026
cd /out/sourcedata/freesurfer/sub-v2s10x28930_ses-1/mri
mris_place_surface --area-map ../surf/lh.white ../surf/lh.area
   Update not needed
#@# pial curv lh Sun Mar 15 10:06:58 CET 2026
cd /out/sourcedata/freesurfer/sub-v2s10x28930_ses-1/mri
mris_place_surface --curv-map ../surf/lh.pial 2 10 ../surf/lh.curv.pial
   Update not needed
#@# pial area lh Sun Mar 15 10:06:58 CET 2026
cd /out/sourcedata/freesurfer/sub-v2s10x28930_ses-1/mri
mris_place_surface --area-map ../surf/lh.pial ../surf/lh.area.pial
   Update not needed
#@# thickness lh Sun Mar 15 10:06:58 CET 2026
cd /out/sourcedata/freesurfer/sub-v2s10x28930_ses-1/mri
mris_place_surface --thickness ../surf/lh.white ../surf/lh.pial 20 5 ../surf/lh.thickness
   Update not needed
#@# area and vertex vol lh Sun Mar 15 10:06:58 CET 2026
cd /out/sourcedata/freesurfer/sub-v2s10x28930_ses-1/mri
mris_place_surface --thickness ../surf/lh.white ../surf/lh.pial 20 5 ../surf/lh.thickness
   Update not needed
#@# white curv rh Sun Mar 15 10:06:58 CET 2026
cd /out/sourcedata/freesurfer/sub-v2s10x28930_ses-1/mri
mris_place_surface --curv-map ../surf/rh.white 2 10 ../surf/rh.curv
   Update not needed
#@# white area rh Sun Mar 15 10:06:58 CET 2026
cd /out/sourcedata/freesurfer/sub-v2s10x28930_ses-1/mri
mris_place_surface --area-map ../surf/rh.white ../surf/rh.area
   Update not needed
#@# pial curv rh Sun Mar 15 10:06:58 CET 2026
cd /out/sourcedata/freesurfer/sub-v2s10x28930_ses-1/mri
mris_place_surface --curv-map ../surf/rh.pial 2 10 ../surf/rh.curv.pial
   Update not needed
#@# pial area rh Sun Mar 15 10:06:58 CET 2026
cd /out/sourcedata/freesurfer/sub-v2s10x28930_ses-1/mri
mris_place_surface --area-map ../surf/rh.pial ../surf/rh.area.pial
   Update not needed
#@# thickness rh Sun Mar 15 10:06:58 CET 2026
cd /out/sourcedata/freesurfer/sub-v2s10x28930_ses-1/mri
mris_place_surface --thickness ../surf/rh.white ../surf/rh.pial 20 5 ../surf/rh.thickness
   Update not needed
#@# area and vertex vol rh Sun Mar 15 10:06:58 CET 2026
cd /out/sourcedata/freesurfer/sub-v2s10x28930_ses-1/mri
mris_place_surface --thickness ../surf/rh.white ../surf/rh.pial 20 5 ../surf/rh.thickness
   Update not needed

#-----------------------------------------
#@# Curvature Stats lh Sun Mar 15 10:06:58 CET 2026
/out/sourcedata/freesurfer/sub-v2s10x28930_ses-1/surf

 mris_curvature_stats -m --writeCurvatureFiles -G -o ../stats/lh.curv.stats -F smoothwm sub-v2s10x28930_ses-1 lh curv sulc 

             Toggling save flag on curvature files                       [ ok ]
                 Outputting results using filestem   [ ../stats/lh.curv.stats ]
             Toggling save flag on curvature files                       [ ok ]
                                   Setting surface [ sub-v2s10x28930_ses-1/lh.smoothwm ]
                                Reading surface...                       [ ok ]
                                   Setting texture                     [ curv ]
                                Reading texture...                       [ ok ]
                                   Setting texture                     [ sulc ]
                                Reading texture...Gb_filter = 0
                       [ ok ]
      Calculating Discrete Principal Curvatures...
      Determining geometric order for vno faces... [####################] [ ok ]
                      Determining KH curvatures... [####################] [ ok ]
                    Determining k1k2 curvatures... [####################] [ ok ]
                                   deltaViolations                      [ 252 ]
Gb_filter = 0

#-----------------------------------------
#@# Curvature Stats rh Sun Mar 15 10:07:00 CET 2026
/out/sourcedata/freesurfer/sub-v2s10x28930_ses-1/surf

 mris_curvature_stats -m --writeCurvatureFiles -G -o ../stats/rh.curv.stats -F smoothwm sub-v2s10x28930_ses-1 rh curv sulc 

             Toggling save flag on curvature files                       [ ok ]
                 Outputting results using filestem   [ ../stats/rh.curv.stats ]
             Toggling save flag on curvature files                       [ ok ]
                                   Setting surface [ sub-v2s10x28930_ses-1/rh.smoothwm ]
                                Reading surface...                       [ ok ]
                                   Setting texture                     [ curv ]
                                Reading texture...                       [ ok ]
                                   Setting texture                     [ sulc ]
                                Reading texture...Gb_filter = 0
                       [ ok ]
      Calculating Discrete Principal Curvatures...
      Determining geometric order for vno faces... [####################] [ ok ]
                      Determining KH curvatures... [####################] [ ok ]
                    Determining k1k2 curvatures... [####################] [ ok ]
                                   deltaViolations                      [ 232 ]
Gb_filter = 0

WARN:    S lookup   min:                          -0.154157
WARN:    S explicit min:                          0.000000	vertex = 53
#-----------------------------------------
#@# Relabel Hypointensities Sun Mar 15 10:07:02 CET 2026
/out/sourcedata/freesurfer/sub-v2s10x28930_ses-1/mri

 mri_relabel_hypointensities aseg.presurf.mgz ../surf aseg.presurf.hypos.mgz 

reading input surface ../surf/lh.white...
relabeling lh hypointensities...
2530 voxels changed to hypointensity...
reading input surface ../surf/rh.white...
relabeling rh hypointensities...
2941 voxels changed to hypointensity...
5458 hypointense voxels neighboring cortex changed
#-----------------------------------------
#@# APas-to-ASeg Sun Mar 15 10:07:12 CET 2026
/out/sourcedata/freesurfer/sub-v2s10x28930_ses-1/mri

 mri_surf2volseg --o aseg.mgz --i aseg.presurf.hypos.mgz --fix-presurf-with-ribbon /out/sourcedata/freesurfer/sub-v2s10x28930_ses-1/mri/ribbon.mgz --threads 16 --lh-cortex-mask /out/sourcedata/freesurfer/sub-v2s10x28930_ses-1/label/lh.cortex.label --lh-white /out/sourcedata/freesurfer/sub-v2s10x28930_ses-1/surf/lh.white --lh-pial /out/sourcedata/freesurfer/sub-v2s10x28930_ses-1/surf/lh.pial --rh-cortex-mask /out/sourcedata/freesurfer/sub-v2s10x28930_ses-1/label/rh.cortex.label --rh-white /out/sourcedata/freesurfer/sub-v2s10x28930_ses-1/surf/rh.white --rh-pial /out/sourcedata/freesurfer/sub-v2s10x28930_ses-1/surf/rh.pial 

SUBJECTS_DIR /out/sourcedata/freesurfer
outvol aseg.mgz
16 avail.processors, using 16
Loading aseg.presurf.hypos.mgz
Loading /out/sourcedata/freesurfer/sub-v2s10x28930_ses-1/mri/ribbon.mgz
Loading /out/sourcedata/freesurfer/sub-v2s10x28930_ses-1/surf/lh.white
Loading /out/sourcedata/freesurfer/sub-v2s10x28930_ses-1/surf/lh.pial
Loading /out/sourcedata/freesurfer/sub-v2s10x28930_ses-1/label/lh.cortex.label
Loading /out/sourcedata/freesurfer/sub-v2s10x28930_ses-1/surf/rh.white
Loading /out/sourcedata/freesurfer/sub-v2s10x28930_ses-1/surf/rh.pial
Loading /out/sourcedata/freesurfer/sub-v2s10x28930_ses-1/label/rh.cortex.label
Done loading
 16 144  32 160  80 224 192 208 176 240   0  96 112 128  48  64   1 241 209  33  49 225   2 242 193 210 226  34  50 243   3  65  81 211 177 227 244  35   4  51  17 194 212   5 245  66 228  18  36  52 161 246   6 145 213 178  19 
229  53  37 195 247   7  67  82  20 214  97 230  54 248   8  38  21 215 113  55 249 231   9 179 
 39 
 22 196 216 250  68 146  10  56 232  83  40  23 162 251 217  11  57 197 233  24  41  98 252 180 218  12  58  25 234 198  42 253  69  13 219 
 84  59 
 26 235 147 254  14 199 
 43 220  27  70  15 255 236  44  60  28 221 181 200 237  99 
 45  29 163  71 222  85 201 238  61  30  46 223 239 
202  31  72 148 182  47  62 203 100 204  86 205 114  63  73 206 164 183 207 101 149 184  74  87 185 165 102 186  75 150 187  88 103 188 166  76 129 189 151  89 115  77 104 190 167 191  90  78 152 105 168  79 
 91 106 153 116 169  92 107 154 170  93 108 155 171 117  94 109 156 130  95 172 110 157 173 111 118 158 174 159 
175 131 119 
120 132 121 122 133 123 134 124 135 125 136 126 137 138 127 139 
140 141 142 143 
nrelabeled = 161586
ndotcheck = 0
Starting Surf2VolSeg free
free done
#VMPC# mri_surf2volseg VmPeak  1994264
mri_surf2volseg done

 mri_brainvol_stats sub-v2s10x28930_ses-1 

ComputeBrainVolumeStats2 VoxelVol=1, KeepCSF=1
  #CBVS2 MaskVol              1658755.0
  #CBVS2 BrainSegVol          1319188.0
  #CBVS2 BrainSegVolNotVent   1304046.0
  #CBVS2 SupraTentVol         1160858.0
  #CBVS2 SupraTentVolNotVent  1145716.0
  #CBVS2 lhCtxGM               282961.7
  #CBVS2 rhCtxGM               272727.4
  #CBVS2 lhCerebralWM          263313.0
  #CBVS2 rhCerebralWM          260448.0
  #CBVS2 SubCortGMVol           67500.0
  #CBVS2 CerebellumVol         158330.0
  #CBVS2 CerebellumGMVol       124694.0
  #CBVS2 VentChorVol            11581.0
  #CBVS2 3rd4th5thCSF            3561.0
  #CBVS2 AllCSF                 15142.0
  #CBVS2 CCVol                   4772.0
#-----------------------------------------
#@# AParc-to-ASeg aparc Sun Mar 15 10:07:18 CET 2026
/out/sourcedata/freesurfer/sub-v2s10x28930_ses-1/mri

 mri_surf2volseg --o aparc+aseg.mgz --label-cortex --i aseg.mgz --threads 16 --lh-annot /out/sourcedata/freesurfer/sub-v2s10x28930_ses-1/label/lh.aparc.annot 1000 --lh-cortex-mask /out/sourcedata/freesurfer/sub-v2s10x28930_ses-1/label/lh.cortex.label --lh-white /out/sourcedata/freesurfer/sub-v2s10x28930_ses-1/surf/lh.white --lh-pial /out/sourcedata/freesurfer/sub-v2s10x28930_ses-1/surf/lh.pial --rh-annot /out/sourcedata/freesurfer/sub-v2s10x28930_ses-1/label/rh.aparc.annot 2000 --rh-cortex-mask /out/sourcedata/freesurfer/sub-v2s10x28930_ses-1/label/rh.cortex.label --rh-white /out/sourcedata/freesurfer/sub-v2s10x28930_ses-1/surf/rh.white --rh-pial /out/sourcedata/freesurfer/sub-v2s10x28930_ses-1/surf/rh.pial 

SUBJECTS_DIR /out/sourcedata/freesurfer
outvol aparc+aseg.mgz
16 avail.processors, using 16
Loading aseg.mgz
Loading /out/sourcedata/freesurfer/sub-v2s10x28930_ses-1/surf/lh.white
Loading /out/sourcedata/freesurfer/sub-v2s10x28930_ses-1/surf/lh.pial
Loading /out/sourcedata/freesurfer/sub-v2s10x28930_ses-1/label/lh.cortex.label
Ripping lh vertices labeled not in lh.cortex.label
  ripped 9024 vertices from lh hemi
Loading /out/sourcedata/freesurfer/sub-v2s10x28930_ses-1/label/lh.aparc.annot
Loading /out/sourcedata/freesurfer/sub-v2s10x28930_ses-1/surf/rh.white
Loading /out/sourcedata/freesurfer/sub-v2s10x28930_ses-1/surf/rh.pial
Loading /out/sourcedata/freesurfer/sub-v2s10x28930_ses-1/label/rh.cortex.label
Ripping rh vertices labeled not in rh.cortex.label
  ripped 8701 vertices from rh hemi
Loading /out/sourcedata/freesurfer/sub-v2s10x28930_ses-1/label/rh.aparc.annot
Done loading
  0 192  80  16 208 240  96 160 144  64 176 224 112  48  32 128   1 241  33  17 209 225 242   2  18  34 210 226 243   3  19 
 35 211 227 244   4  20 212  36 228   5 245  49  21 213  37 229   6  50  22 214  38   7 230  51  23 215  39   8 
231  52  24 216   9  40  53 232  25  10 217  41 233 246  26  11 218  42 234 247  27  12 219 
 43 235 248 220  28  13 236  44 249  54 221  14 250 237  29  45  55 222  15 251 238  30  56  46 223 252 239 
 31  47  57 253  58 254  59 
255  60  61  62  63  65 193  97 145 129 113 194 161 177  66 130 195  98 146  81 196 131 114 197  67 198 199 
200 162 201 202 147 203 204 205 206 207  99 
178 115 132  68 100  82 148 163 179 
116  69 101 149 133 164  83 117 102 180  70 150 165 134 103  84 118  71 151 181 166 104 135 119 
 85  72 152 105 167 182 106 136 120 153  86 168  73 183 107 121 137 154 169  87 108 122 184  74 109 155 170 138 123  88 185 110  75 156 171 186 111 139 
124  89 187 157 172 140 125  76 188  90 173 158 141 189 126  77 174 190  91 159 
127 142 191 175  78 143  92  93  79 
 94  95 
nrelabeled = 554424
ndotcheck = 34995
Starting Surf2VolSeg free
free done
#VMPC# mri_surf2volseg VmPeak  1978588
mri_surf2volseg done
#-----------------------------------------
#@# AParc-to-ASeg aparc.a2009s Sun Mar 15 10:07:39 CET 2026
/out/sourcedata/freesurfer/sub-v2s10x28930_ses-1/mri

 mri_surf2volseg --o aparc.a2009s+aseg.mgz --label-cortex --i aseg.mgz --threads 16 --lh-annot /out/sourcedata/freesurfer/sub-v2s10x28930_ses-1/label/lh.aparc.a2009s.annot 11100 --lh-cortex-mask /out/sourcedata/freesurfer/sub-v2s10x28930_ses-1/label/lh.cortex.label --lh-white /out/sourcedata/freesurfer/sub-v2s10x28930_ses-1/surf/lh.white --lh-pial /out/sourcedata/freesurfer/sub-v2s10x28930_ses-1/surf/lh.pial --rh-annot /out/sourcedata/freesurfer/sub-v2s10x28930_ses-1/label/rh.aparc.a2009s.annot 12100 --rh-cortex-mask /out/sourcedata/freesurfer/sub-v2s10x28930_ses-1/label/rh.cortex.label --rh-white /out/sourcedata/freesurfer/sub-v2s10x28930_ses-1/surf/rh.white --rh-pial /out/sourcedata/freesurfer/sub-v2s10x28930_ses-1/surf/rh.pial 

SUBJECTS_DIR /out/sourcedata/freesurfer
outvol aparc.a2009s+aseg.mgz
16 avail.processors, using 16
Loading aseg.mgz
Loading /out/sourcedata/freesurfer/sub-v2s10x28930_ses-1/surf/lh.white
Loading /out/sourcedata/freesurfer/sub-v2s10x28930_ses-1/surf/lh.pial
Loading /out/sourcedata/freesurfer/sub-v2s10x28930_ses-1/label/lh.cortex.label
Ripping lh vertices labeled not in lh.cortex.label
  ripped 9024 vertices from lh hemi
Loading /out/sourcedata/freesurfer/sub-v2s10x28930_ses-1/label/lh.aparc.a2009s.annot
Loading /out/sourcedata/freesurfer/sub-v2s10x28930_ses-1/surf/rh.white
Loading /out/sourcedata/freesurfer/sub-v2s10x28930_ses-1/surf/rh.pial
Loading /out/sourcedata/freesurfer/sub-v2s10x28930_ses-1/label/rh.cortex.label
Ripping rh vertices labeled not in rh.cortex.label
  ripped 8701 vertices from rh hemi
Loading /out/sourcedata/freesurfer/sub-v2s10x28930_ses-1/label/rh.aparc.a2009s.annot
Done loading
240  96   0  32  80 192 224 176 160 208  48 128 112  64  16 144 241   1  49  33 209 225  17   2  50 242 210 226  34  18   3  51 243  35 211 227  19 
  4  52 244  36 212 228  20   5  53 245 229 213  37  21   6  54 246 230  38  22   7  55 247 231  39 
 23   8  56 248  40 232  24  57   9 249  41 233  25  58  10 250 214 234  26 251  59  11 
215  42 235  27 252  12 216  43  28 236  13 253 217  44  29 237  14 254 218  45  30 238  15 255  46  31 219 
239 
 60  47 220 221 222 223  61  62  63  65 193 113 145 129  66 161 194 177  97 130  67 114 195 146  81 196 131 197 162  68 198 147 199 
200 201 202 203 204 205 206 207 178 115  98  69 132 148 163  82 116  99 
 70 179 
149 164 133 117  71 100 150  83 180 165  72 118 101 134 151 166 102  73  84 119 
181 152 135 103 167  74 120 153 182 104  85 136 168 121  75 105 154 183 169 106 122  86  76 137 155 107 170 123 184  77 156 108  87 138 171 124 185 109 157  78 139 
186 110  88 172 125 158 111 187  79 
140 126 173 159 
188  89 127 141 189 174 190 142  90 191 175 143  91  92  93  94  95 
nrelabeled = 554424
ndotcheck = 34995
Starting Surf2VolSeg free
free done
#VMPC# mri_surf2volseg VmPeak  2102856
mri_surf2volseg done
#-----------------------------------------
#@# AParc-to-ASeg aparc.DKTatlas Sun Mar 15 10:08:02 CET 2026
/out/sourcedata/freesurfer/sub-v2s10x28930_ses-1/mri

 mri_surf2volseg --o aparc.DKTatlas+aseg.mgz --label-cortex --i aseg.mgz --threads 16 --lh-annot /out/sourcedata/freesurfer/sub-v2s10x28930_ses-1/label/lh.aparc.DKTatlas.annot 1000 --lh-cortex-mask /out/sourcedata/freesurfer/sub-v2s10x28930_ses-1/label/lh.cortex.label --lh-white /out/sourcedata/freesurfer/sub-v2s10x28930_ses-1/surf/lh.white --lh-pial /out/sourcedata/freesurfer/sub-v2s10x28930_ses-1/surf/lh.pial --rh-annot /out/sourcedata/freesurfer/sub-v2s10x28930_ses-1/label/rh.aparc.DKTatlas.annot 2000 --rh-cortex-mask /out/sourcedata/freesurfer/sub-v2s10x28930_ses-1/label/rh.cortex.label --rh-white /out/sourcedata/freesurfer/sub-v2s10x28930_ses-1/surf/rh.white --rh-pial /out/sourcedata/freesurfer/sub-v2s10x28930_ses-1/surf/rh.pial 

SUBJECTS_DIR /out/sourcedata/freesurfer
outvol aparc.DKTatlas+aseg.mgz
16 avail.processors, using 16
Loading aseg.mgz
Loading /out/sourcedata/freesurfer/sub-v2s10x28930_ses-1/surf/lh.white
Loading /out/sourcedata/freesurfer/sub-v2s10x28930_ses-1/surf/lh.pial
Loading /out/sourcedata/freesurfer/sub-v2s10x28930_ses-1/label/lh.cortex.label
Ripping lh vertices labeled not in lh.cortex.label
  ripped 9024 vertices from lh hemi
Loading /out/sourcedata/freesurfer/sub-v2s10x28930_ses-1/label/lh.aparc.DKTatlas.annot
Loading /out/sourcedata/freesurfer/sub-v2s10x28930_ses-1/surf/rh.white
Loading /out/sourcedata/freesurfer/sub-v2s10x28930_ses-1/surf/rh.pial
Loading /out/sourcedata/freesurfer/sub-v2s10x28930_ses-1/label/rh.cortex.label
Ripping rh vertices labeled not in rh.cortex.label
  ripped 8701 vertices from rh hemi
Loading /out/sourcedata/freesurfer/sub-v2s10x28930_ses-1/label/rh.aparc.DKTatlas.annot
Done loading
  0  96 128 176  64 208 160 112  16  80 144  32 224 192  48 240  49   1 209  17 241  33 225 210   2  50  34  18 242 226 211   3  51 243  19 
 35 227 212  52   4 244  36  20 228 213  53   5 245  37  21 229 214  54 246   6  22  38 230 215  55 247   7  23  39 
 56 231 216   8 248  40  24  57 232 217   9 249  25  41  58 233 218  10 250  26  42  59 
234 219 
 11 251  43  27 235 220  12 252  28  44 221  13 236 253  45  29 237 222  14 254  46  60  30 238 223  15 255  47  31 239 
 61  62  63  65 193 113 145 129  66  97 194 161 177 130 114  67 146 195  81 196 131  68 147 115 197 162  98 198 199 
200 201 202 203 204 205 206 207 178  69 148 116 132  70 163  99 
149 117  82 179 
 71 133 150 164 118  72 100 151 180 119 
165  73 134  83 101 152 120  74 166 181 135 102 153 121  84  75 167 122 182 103 154 136  76 123 168 104 155  85 183  77 137 124 169 105 156  78 184 106 157 170 125  86 138 158  79 
185 126 107 171 139 
127 186 159 
 87 108 172 187 140 109 188  88 173 141 110 189 142 111 174 190 143  89 191 175  90  91  92  93  94  95 
nrelabeled = 554424
ndotcheck = 34995
Starting Surf2VolSeg free
free done
#VMPC# mri_surf2volseg VmPeak  2364464
mri_surf2volseg done
#-----------------------------------------
#@# WMParc Sun Mar 15 10:08:26 CET 2026
/out/sourcedata/freesurfer/sub-v2s10x28930_ses-1/mri

 mri_surf2volseg --o wmparc.mgz --label-wm --i aparc+aseg.mgz --threads 16 --lh-annot /out/sourcedata/freesurfer/sub-v2s10x28930_ses-1/label/lh.aparc.annot 3000 --lh-cortex-mask /out/sourcedata/freesurfer/sub-v2s10x28930_ses-1/label/lh.cortex.label --lh-white /out/sourcedata/freesurfer/sub-v2s10x28930_ses-1/surf/lh.white --lh-pial /out/sourcedata/freesurfer/sub-v2s10x28930_ses-1/surf/lh.pial --rh-annot /out/sourcedata/freesurfer/sub-v2s10x28930_ses-1/label/rh.aparc.annot 4000 --rh-cortex-mask /out/sourcedata/freesurfer/sub-v2s10x28930_ses-1/label/rh.cortex.label --rh-white /out/sourcedata/freesurfer/sub-v2s10x28930_ses-1/surf/rh.white --rh-pial /out/sourcedata/freesurfer/sub-v2s10x28930_ses-1/surf/rh.pial 

SUBJECTS_DIR /out/sourcedata/freesurfer
outvol wmparc.mgz
16 avail.processors, using 16
Loading aparc+aseg.mgz
Loading /out/sourcedata/freesurfer/sub-v2s10x28930_ses-1/surf/lh.white
Loading /out/sourcedata/freesurfer/sub-v2s10x28930_ses-1/surf/lh.pial
Loading /out/sourcedata/freesurfer/sub-v2s10x28930_ses-1/label/lh.cortex.label
Ripping lh vertices labeled not in lh.cortex.label
  ripped 9024 vertices from lh hemi
Loading /out/sourcedata/freesurfer/sub-v2s10x28930_ses-1/label/lh.aparc.annot
Loading /out/sourcedata/freesurfer/sub-v2s10x28930_ses-1/surf/rh.white
Loading /out/sourcedata/freesurfer/sub-v2s10x28930_ses-1/surf/rh.pial
Loading /out/sourcedata/freesurfer/sub-v2s10x28930_ses-1/label/rh.cortex.label
Ripping rh vertices labeled not in rh.cortex.label
  ripped 8701 vertices from rh hemi
Loading /out/sourcedata/freesurfer/sub-v2s10x28930_ses-1/label/rh.aparc.annot
Done loading
  0 112  16 128  96 224 160  48 208 176 144  32  80 240 192  64  17  49   1 241 225 209  33  18  50   2 242 226 210  34  19 
 51   3 243 211 227  35  52  20   4 244 228 212  36  53   5 245  21  65 229 213  54  37   6 246  22  55 230 214  38   7 247  23  56 231 215   8  39 
248  24  57 232 216   9  40 249  25  58 233 217  10  41 250  59 
 26  11 234 218  42 251  60  27  12 235 219 
252  61  43  28  13 236 220 253  62  14  44  29 237 254 221  15  63  30 193  45 238 255 222  66  31 239 
 46 223  47 129  67 194 195 196 197 198 199 
200 201 202 203 204 205 206 130 207  68 131  69  81  70 132 177  71 161 133  97  72  82 145 134 113 178  73 162 135  83  74 179 
 98 136  75  84 163 146 114 180  76 137  85  99 
 77 181 164 138 115  78  86 182 147  79 
100 165 139 
 87 183 116 184 166 140 185  88 101 186 187 148 117 167 188 141  89 189 190 191 102 168 118  90 142 169 103 149  91 119 
143 170 120  92 104 171 121 150  93 122 172 105  94 123 173 151 106 124  95 174 125 126 175 127 152 107 153 108 154 109 155 110 156 157 111 158 159 

nrelabeled = 518989
ndotcheck = 3461
Starting Surf2VolSeg free
free done
#VMPC# mri_surf2volseg VmPeak  1978588
mri_surf2volseg done

 mri_segstats --seed 1234 --seg mri/wmparc.mgz --sum stats/wmparc.stats --pv mri/norm.mgz --excludeid 0 --brainmask mri/brainmask.mgz --in mri/norm.mgz --in-intensity-name norm --in-intensity-units MR --subject sub-v2s10x28930_ses-1 --surf-wm-vol --ctab /opt/freesurfer/WMParcStatsLUT.txt --etiv 

setting seed for random number genererator to 1234

7.3.2
cwd 
cmdline mri_segstats --seed 1234 --seg mri/wmparc.mgz --sum stats/wmparc.stats --pv mri/norm.mgz --excludeid 0 --brainmask mri/brainmask.mgz --in mri/norm.mgz --in-intensity-name norm --in-intensity-units MR --subject sub-v2s10x28930_ses-1 --surf-wm-vol --ctab /opt/freesurfer/WMParcStatsLUT.txt --etiv 
sysname  Linux
hostname dna067
machine  x86_64
user     oesteban
whitesurfname  white
UseRobust  0
atlas_icv (eTIV) = 1604813 mm^3    (det: 1.213914 )
Loading mri/wmparc.mgz
Getting Brain Volume Statistics
Loading mri/norm.mgz
Loading mri/norm.mgz
Voxel Volume is 1 mm^3
Generating list of segmentation ids
Found 390 segmentations
Computing statistics for each segmentation

Reporting on  70 segmentations
Using PrintSegStat
mri_segstats done
#--------------------------------------------
#@# ASeg Stats Sun Mar 15 10:10:11 CET 2026
/out/sourcedata/freesurfer/sub-v2s10x28930_ses-1

 mri_segstats --seed 1234 --seg mri/aseg.mgz --sum stats/aseg.stats --pv mri/norm.mgz --empty --brainmask mri/brainmask.mgz --brain-vol-from-seg --excludeid 0 --excl-ctxgmwm --supratent --subcortgray --in mri/norm.mgz --in-intensity-name norm --in-intensity-units MR --etiv --surf-wm-vol --surf-ctx-vol --totalgray --euler --ctab /opt/freesurfer/ASegStatsLUT.txt --subject sub-v2s10x28930_ses-1 

setting seed for random number genererator to 1234

7.3.2
cwd 
cmdline mri_segstats --seed 1234 --seg mri/aseg.mgz --sum stats/aseg.stats --pv mri/norm.mgz --empty --brainmask mri/brainmask.mgz --brain-vol-from-seg --excludeid 0 --excl-ctxgmwm --supratent --subcortgray --in mri/norm.mgz --in-intensity-name norm --in-intensity-units MR --etiv --surf-wm-vol --surf-ctx-vol --totalgray --euler --ctab /opt/freesurfer/ASegStatsLUT.txt --subject sub-v2s10x28930_ses-1 
sysname  Linux
hostname dna067
machine  x86_64
user     oesteban
whitesurfname  white
UseRobust  0
atlas_icv (eTIV) = 1604813 mm^3    (det: 1.213914 )
Computing euler number
orig.nofix lheno =   -6, rheno = -8
orig.nofix lhholes =    4, rhholes = 5
Loading mri/aseg.mgz
Getting Brain Volume Statistics
Loading mri/norm.mgz
Loading mri/norm.mgz
Voxel Volume is 1 mm^3
Generating list of segmentation ids
Found  50 segmentations
Computing statistics for each segmentation

Reporting on  45 segmentations
Using PrintSegStat
mri_segstats done

Started at Sun Mar 15 10:06:58 CET 2026 
Ended   at Sun Mar 15 10:10:28 CET 2026
#@#%# recon-all-run-time-hours 0.058
recon-all -s sub-v2s10x28930_ses-1 finished without error at Sun Mar 15 10:10:28 CET 2026
