global_signal	global_signal_derivative1	global_signal_derivative1_power2	global_signal_power2	csf	csf_derivative1	csf_derivative1_power2	csf_power2	white_matter	white_matter_derivative1	white_matter_derivative1_power2	white_matter_power2	csf_wm	tcompcor	std_dvars	dvars	framewise_displacement	rmsd	t_comp_cor_00	t_comp_cor_01	t_comp_cor_02	t_comp_cor_03	t_comp_cor_04	c_comp_cor_00	c_comp_cor_01	c_comp_cor_02	c_comp_cor_03	c_comp_cor_04	c_comp_cor_05	w_comp_cor_00	w_comp_cor_01	w_comp_cor_02	w_comp_cor_03	w_comp_cor_04	w_comp_cor_05	w_comp_cor_06	w_comp_cor_07	w_comp_cor_08	w_comp_cor_09	w_comp_cor_10	w_comp_cor_11	w_comp_cor_12	w_comp_cor_13	w_comp_cor_14	w_comp_cor_15	w_comp_cor_16	w_comp_cor_17	w_comp_cor_18	w_comp_cor_19	w_comp_cor_20	w_comp_cor_21	w_comp_cor_22	w_comp_cor_23	w_comp_cor_24	w_comp_cor_25	w_comp_cor_26	w_comp_cor_27	w_comp_cor_28	w_comp_cor_29	a_comp_cor_00	a_comp_cor_01	a_comp_cor_02	a_comp_cor_03	a_comp_cor_04	a_comp_cor_05	a_comp_cor_06	a_comp_cor_07	a_comp_cor_08	a_comp_cor_09	a_comp_cor_10	a_comp_cor_11	a_comp_cor_12	a_comp_cor_13	a_comp_cor_14	a_comp_cor_15	a_comp_cor_16	a_comp_cor_17	a_comp_cor_18	a_comp_cor_19	a_comp_cor_20	a_comp_cor_21	a_comp_cor_22	a_comp_cor_23	edge_comp_00	edge_comp_01	edge_comp_02	edge_comp_03	edge_comp_04	edge_comp_05	edge_comp_06	edge_comp_07	edge_comp_08	edge_comp_09	edge_comp_10	edge_comp_11	edge_comp_12	edge_comp_13	edge_comp_14	edge_comp_15	edge_comp_16	edge_comp_17	edge_comp_18	edge_comp_19	edge_comp_20	edge_comp_21	edge_comp_22	edge_comp_23	cosine00	cosine01	cosine02	trans_x	trans_x_derivative1	trans_x_derivative1_power2	trans_x_power2	trans_y	trans_y_derivative1	trans_y_power2	trans_y_derivative1_power2	trans_z	trans_z_derivative1	trans_z_power2	trans_z_derivative1_power2	rot_x	rot_x_derivative1	rot_x_derivative1_power2	rot_x_power2	rot_y	rot_y_derivative1	rot_y_derivative1_power2	rot_y_power2	rot_z	rot_z_derivative1	rot_z_power2	rot_z_derivative1_power2	motion_outlier00	motion_outlier01	motion_outlier02	motion_outlier03	motion_outlier04	motion_outlier05	motion_outlier06	motion_outlier07	motion_outlier08	motion_outlier09	motion_outlier10	motion_outlier11	motion_outlier12	motion_outlier13	motion_outlier14	motion_outlier15	motion_outlier16	motion_outlier17
840.8097387548069	n/a	n/a	706961.0167849265	914.4955854130362	n/a	n/a	836302.1757399319	773.8104378979278	n/a	n/a	598782.5937997828	773.8711522510879	697.1329541603076	n/a	n/a	n/a	n/a	-0.0783769419	0.0845526414	-0.000661323	0.0381152927	-0.1221169128	-0.1098310703	0.0104974142	-0.0701189843	0.147883199	-0.0763971132	0.0626528079	0.0916404001	-0.0740641693	0.0011056053	-0.1359512183	-0.0563982807	0.0439333966	-0.0326919101	0.0326873341	-0.1957788393	0.026479201	-0.0413081403	0.0823059785	-0.0200813832	0.0869246526	-0.0025735168	0.0068404752	-0.0169867102	0.0313795184	-0.0067168116	0.2139216038	-0.0506256631	0.039783587	-0.1387354178	0.0001152362	0.0191974746	-0.0581067552	0.0580749011	-0.0891923332	-0.0078765883	0.0803473088	-0.0961955586	0.0510352698	-0.1267819815	0.024609546	-0.096931553	0.0151305307	-0.000711099	0.1532754431	-0.0517462376	0.1144804196	-0.063060714	0.0701559961	-0.0295842641	0.0071674585	-0.1075131658	-0.0937794212	0.1932305346	-0.006232404	0.0194447668	-0.1136174782	0.0849206423	-0.0022508397	0.0187868163	-0.0895829989	-0.0633581991	0.0036408399	-0.0265118715	0.0216913218	-0.0474288987	0.1535376036	-0.0724674002	0.0403349489	-0.0042326196	0.0504208304	-0.0266216048	0.0891267436	-0.1053715223	0.1530415876	-0.0128449807	0.1942019244	-0.0494776888	0.0115436663	-0.1641486317	-0.0005340165	0.1961916065	-0.0240558274	0.0896408346	-0.134488315	0.1290883846	0.1290552057	0.1289999139	0.0456311704620446	n/a	n/a	0.0020822037177361	-0.0424607037748216	n/a	0.0018029113650531	n/a	-0.0328804932140514	n/a	0.0010811268339992	n/a	-0.0004130318224076	n/a	n/a	1.705952863213432e-07	-0.0003649636666307	n/a	n/a	1.3319847796052473e-07	-0.0001750755893902	n/a	3.0651462000325905e-08	n/a	0.0	0.0	0.0	0.0	0.0	0.0	0.0	0.0	0.0	0.0	0.0	0.0	0.0	0.0	0.0	0.0	0.0	0.0
837.2135257624487	-3.5962129923581188	12.932747886405334	700926.4877195904	908.556664678151	-5.938920734885187	35.27077949524921	825475.2129310862	772.1840692378548	-1.6263686600730125	2.645075018467686	596268.2367847322	772.4359049834444	700.3569563668082	1.332971	18.902876	0.0770918235078914	0.0522986784800176	-0.0653147864	0.0284723082	0.0566970978	-0.1909648871	-0.0712825326	-0.0884949606	0.12957948	-0.0345408964	-0.1112854757	0.015811004	0.0633166474	0.0857758396	-0.0806442687	-0.1486833443	0.0263309788	-0.013082054	0.0988593585	-0.1056500211	0.1956543008	0.0301558072	-0.0341699644	-0.0336230094	0.0683253785	0.0927811769	0.0984379107	-0.1630329383	-0.1391882036	-0.0269027079	0.0965207272	-0.0215200843	0.1613926033	-0.0249147727	-0.0416035405	0.0548681976	0.1045059083	-0.1590968374	0.0039261171	-0.1367155545	0.1336963733	0.1703714439	-0.0023868809	-0.0506560544	0.0972647939	0.0533413274	0.1248276586	-0.0877260686	-0.1156418152	-0.0159188591	0.0497228839	0.1781746138	0.1544917772	-0.1680355289	0.1039662033	0.0407024988	0.044190203	-0.033394162	0.0369313603	0.0872569446	0.1007736081	-0.1910056684	-0.150876831	-0.104886477	-0.0287648105	-0.1031253259	0.0200701411	-0.0501467436	0.0394650603	-0.0184010547	-0.0256716876	-0.0082748371	0.0592334895	-0.0744314349	-0.0258152252	0.1283972151	0.015381639	-0.0686467879	0.0524456048	-0.0034775705	0.0490334903	-0.2173224132	0.0707751538	-0.07542904	0.0078393108	-0.1504133691	0.0220324258	0.2097378431	0.0241183931	0.0752596484	-0.0007647433	0.1289999139	0.1287014744	0.1282045865	0.0455930721267634	-3.809833528120588e-05	1.4514831511991764e-09	0.0020787282259562	-0.0897501095893602	-0.0472894058145385	0.0080550821713021	0.0022362879022921	-0.0328197205270726	6.077268697880084e-05	0.0010771340554751	3.693319482623309e-09	-0.0003590001475564	5.40316748512e-05	2.919421887225798e-09	1.2888110594551698e-07	-6.59472476627343e-14	0.0003649636665647	1.3319847791238806e-07	4.3490394742900144e-27	2.615704229819507e-12	0.0001750755920059	6.84190861789566e-24	3.0651462916217833e-08	0.0	0.0	0.0	0.0	0.0	0.0	0.0	0.0	0.0	0.0	0.0	0.0	0.0	0.0	0.0	0.0	0.0	0.0
833.359216947548	-3.854308814900719	14.855696440621385	694487.5844714304	907.6288145602108	-0.9278501179402384	0.8609058413617141	823790.0650199736	772.1510887645738	-0.0329804732809861	0.0010877116178378	596217.3038803168	772.5906402522636	669.9488476042258	1.334224	18.920645	0.0859522533766861	0.0695774180096091	0.106572031	0.0243764927	0.0520926068	-0.0757303344	0.0039850653	-0.0120800355	-0.1110837031	-0.0212846361	-0.1593707571	0.0105578435	0.1121805612	0.1048825983	-0.0832232222	-0.1374713377	0.0929229347	-0.0180450281	-0.0179959493	0.0533688483	0.0730251041	-0.0969308921	0.0725358407	-0.0618968405	0.1297626355	0.1255977742	0.0494990551	-0.0041274352	-0.038368077	-0.0231143072	-0.0152467383	-0.0950476728	0.0282135306	0.118575437	-0.0654109397	0.0339475333	-0.0237677095	-0.0999442859	0.0071063728	-0.0970322267	0.0359242684	-0.1804881578	0.0145400397	-0.0677516755	0.1336186387	0.1009394559	0.1133222276	0.093855317	-0.0263443592	-0.0246955297	-0.0056799879	-0.035501128	0.0484095878	0.0775075925	0.1482213644	-0.1745617811	-0.0852162054	0.0420444807	-0.1191193112	0.0459534285	-0.0595992449	-0.113862885	-0.013508857	-0.1357806373	0.060174507	-0.2150077365	0.0639441368	-0.0460939791	0.0090774647	-0.0106674952	-0.0498575625	-0.0492377352	0.0145595444	-0.0040473333	-0.0080276855	0.1038839674	0.0126478474	0.072592422	0.062737193	-0.0656706264	-0.000349436	-0.0122832081	0.0251023907	0.0707906004	-0.0185554023	-0.1816016535	0.1848417724	0.1144109735	-0.1405929535	0.0489672402	0.0002096045	0.1288230331	0.1279949812	0.1266188352	0.0455871954820992	-5.8766446641989045e-06	3.453495250925746e-11	0.0020781923919231	-0.0212933405917965	0.0684567689975637	0.0004534063535582	0.0046863292215857	-0.0261812592889327	0.0066384612381398	0.0006854583379543	4.406916761028592e-05	-0.0004800000696908	-0.0001209999221344	1.464098115653087e-08	2.304000669031729e-07	-9.599997076237266e-05	-9.59999706964254e-05	9.215994373714536e-09	9.215994386376404e-09	-2.3034479838183845e-08	-2.3037095542413665e-08	5.305872614156981e-16	5.307077710302955e-16	0.0	0.0	0.0	0.0	0.0	0.0	0.0	0.0	0.0	0.0	0.0	0.0	0.0	0.0	0.0	0.0	0.0	0.0
837.4754976109488	4.116280663400744	16.943766499886866	701365.2090987063	911.9921551778644	4.363340617653648	19.03874134566612	831729.691105966	773.29396280347	1.1428740388961387	1.3061610687827727	597983.5529082944	773.43816288182	676.5201408983638	1.33712	18.96172	0.1108579155839216	0.0735691027971219	0.0404883777	0.0471685504	0.0364861846	0.0652076779	-0.1010564872	-0.0577513626	-0.1015052506	-0.1271441367	0.01855692	-0.0581116206	0.0204792275	0.0632277318	0.0207454867	-0.0298409752	-0.0206050199	-0.1307248127	-0.0965669317	0.034436776	-0.1235984636	0.0594000365	-0.0868799319	-0.0901031813	0.053686804	-0.0835274641	0.10579219	-0.0698369832	0.0339633706	-0.0240821716	0.2203865718	0.0070197001	0.1034169666	0.0330202883	-0.1298618291	-0.0553811923	0.0151200398	0.0612347948	0.0423416288	0.0570891031	-0.0900356518	-0.0396957266	0.1458020264	-0.0518664662	0.0041722664	-0.1001238702	0.0737616998	0.1119622268	0.0232902221	0.0293793151	-0.1284599265	-0.0979754351	-0.0117731753	-0.0875864199	-0.0055874381	0.019990331	0.1121919683	-0.1443863835	-0.0352247519	-0.0136150565	0.0503696738	-0.0083059658	-0.2338315175	0.0294091615	-0.0829603612	0.1401215725	0.123224487	-0.0432669101	0.0125814412	-0.0256771637	0.0004883761	-0.0852049026	0.0866142844	-0.0727552611	-0.0492228497	-0.0875082268	-0.0317438679	-0.0678924422	-0.1208985258	0.0024474132	-0.0025912933	-0.0444896849	0.0933444447	-0.0773751837	-0.1278773381	-0.1248524699	0.0230722122	0.1770897035	-0.0356811939	0.1815724519	0.0017401911	0.1285578634	0.1269376627	0.1242524367	0.0632384309442102	0.0176512354621109	0.0003115661133388	0.0039990991482856	-0.0919743801234034	-0.0706810395316069	0.0084592865990843	0.0049958093492685	-0.0327057618973185	-0.0065245026083857	0.001069666861284	4.256913428683308e-05	-0.000703999822622	-0.0002239997529311	5.017588931323864e-08	4.956157502518075e-07	3.419486915845482e-14	9.599997079656752e-05	9.215994392941818e-09	1.1692890767638447e-27	1.428752678233475e-12	2.3035908590862082e-08	2.041334215559328e-24	5.306530846065533e-16	0.0	0.0	0.0	0.0	0.0	0.0	0.0	0.0	0.0	0.0	0.0	0.0	0.0	0.0	0.0	0.0	0.0	0.0
836.9979205534639	-0.4775770574848366	0.2280798458358749	700565.5190108228	908.6009168567772	-3.3912383210872576	11.500497350410722	825555.6261129761	772.8689704128749	-0.4249923905950936	0.1806185320637326	597326.4454270573	773.0529579385552	685.2387616031516	1.207072	17.117504	0.1550683126226108	0.0785519204822083	-0.0098901811	0.0575442834	-0.0445626274	0.0020176768	-0.1219785087	-0.0646583808	0.0087658016	-0.0076679738	0.0174124679	0.0841466904	-0.0885497956	0.121621129	0.0133124401	0.000235275	-0.0306641111	-0.0962616628	0.0089292995	0.0370622659	0.1060026616	0.0947942143	0.0166424455	-0.1478344101	-0.0705545649	-0.0435305778	-0.0345891206	-0.0957905781	-0.1439478843	0.0715693444	0.0587572147	0.1317226166	0.0674874225	0.0965691605	-0.1456230328	-0.0462024533	0.0977843227	-0.0140487315	-0.0127218555	0.0946928042	0.1054732364	0.0505623217	0.0036961635	-0.0846093177	-0.018982776	-0.0744601127	0.0669741656	0.030619043	0.0416975191	-0.0683552475	-0.0036676084	0.1228693287	0.0528941056	-0.1109576018	-0.003233629	-0.0557109922	0.2532091676	0.0500347711	-0.0302665563	-0.0576974963	0.1164504332	-0.1069930211	-0.0521806432	-0.0580743188	0.0307441949	0.0333155201	0.0286199168	-0.0724943521	-0.0081196134	-0.0043850013	-0.0722345232	0.0977329428	0.0534702952	-0.0757407142	-0.0568460576	-0.0006319751	0.0377985274	-0.0556518329	0.0348186492	0.0106600201	0.0362221752	-0.0023618518	0.0437446103	-0.0474983462	0.1617633707	-0.1871425666	-0.0096993257	0.1258450211	-0.0362651155	-0.0733483259	0.0764994927	0.1282045865	0.1255324169	0.1211199807	0.0456056861057163	-0.0176327448384938	0.0003109136905394	0.0020798786051731	-0.0277845281939619	0.0641898519294414	0.000771980006961	0.0041203370907236	-0.0163591020469908	0.0163466598503276	0.0002676202197838	0.0002672132882623	9.298992275964312e-05	0.0007969897453816	6.351926542434964e-07	8.647125734844394e-09	-0.0002650036716815	-0.0002650036717156	7.022694602279978e-08	7.022694600467624e-08	-7.598770156086409e-05	-7.598770298961677e-05	5.7741307885029485e-09	5.774131005638213e-09	0.0	0.0	0.0	0.0	0.0	0.0	0.0	0.0	0.0	0.0	0.0	0.0	0.0	0.0	0.0	0.0	0.0	0.0
837.4416491822091	0.4437286287451343	0.1968950959680372	701308.5157850181	911.0870670158706	2.4861501590934267	6.180942613560271	830079.6436835815	773.7293138462384	0.8603434333634823	0.7401908233316646	598657.0511049709	773.6546319158095	681.597161384819	1.171781	16.617043	0.0667796350149657	0.0368853687453391	-0.0032773386	0.0539634949	-0.1074595023	0.0634905387	-0.0103594738	-0.061912294	-0.0005837493	0.1073563708	0.0808710558	0.0331338837	0.0680482111	0.0570189607	0.0901102253	0.0736076034	0.0248111252	-0.1105360865	-0.0707998833	-0.046794755	-0.0573005279	-0.1701748929	0.0724807895	-0.1278008055	0.0602646998	-0.0836066679	0.0460159397	-0.0514707814	-0.0581601408	-0.0333246849	-0.1186030601	0.0507665931	0.025970657	0.0549904031	0.122719688	0.0356987725	-0.1061547539	-0.1799237402	0.0625216823	0.0765931275	0.0772575383	0.0174104522	0.0699039438	-0.0895054239	-0.1139418027	-0.0648902764	0.0009878373	0.0833307036	0.0059004862	0.1326778746	0.0747985902	-0.0945349396	0.0427504295	-0.0016632348	-0.0424871383	-0.0945036922	0.0462791458	-0.0186034507	0.0055937983	-0.0491695267	0.1393092079	-0.0808795092	0.0335452609	0.0092353093	-0.0362684564	0.016993841	-0.1142043946	-0.069326263	-0.0205864933	-0.0119317157	-0.0414563785	-0.0755380729	0.0906148797	0.0476582561	0.1373565255	-0.1488306528	0.0081864081	-0.0632815029	0.0402141737	0.0033987715	0.0305797245	0.0607097449	0.0503984387	0.0362381599	0.0324379417	-0.1032331576	-0.0278353642	0.0469764777	-0.0698531821	-0.0829468901	0.0451341615	0.1277634447	0.1237830955	0.1172407796	0.0374110137768042	-0.0081946723289121	6.715265457823776e-05	0.0013995839518082	-0.0271355695617501	0.0006489586322118	0.0007363391354405	4.2114730632221277e-07	0.0073819922766631	0.0237410943236539	5.449380997271366e-05	0.0005636395596846	-0.0003669999235507	-0.0004599898463103	2.115906587086131e-07	1.3468894388621968e-07	-0.000413000103052	-0.0001479964313705	2.1902943698403116e-08	1.7056908512096265e-07	-7.57846379481359e-08	7.591191692291596e-05	5.743311348930041e-15	5.762619130911694e-09	0.0	0.0	0.0	0.0	0.0	0.0	0.0	0.0	0.0	0.0	0.0	0.0	0.0	0.0	0.0	0.0	0.0	0.0
837.2889333119053	-0.152715870303723	0.0233221370426235	701052.7578465883	915.153009334724	4.065942318853331	16.5318869402424	837505.0304944013	774.0862821220832	0.3569682758447925	0.1274263499596039	599209.5721695893	775.3955325006334	690.0636985990391	1.200365	17.022385	0.0410784685539552	0.03134389402601	-0.0041869299	0.0398106263	-0.1431890509	-0.027831927	0.0216538951	-0.0289761434	0.0477523554	0.0568248026	0.0083146229	0.0834284734	-0.0822668617	0.0496200047	0.1319916509	0.0834162472	0.0340906452	0.0377664539	-0.0422970439	0.0215692388	0.16490309	-0.0257304802	-0.0738185851	0.1061623016	0.1147627975	-0.0943335914	-0.0216679503	-0.1094300678	-0.0321003494	-0.0407650575	-0.113300844	-0.0274936263	-0.0553657212	-0.1988653593	-0.0029529232	-0.0632933429	-0.1833593506	0.0015962442	-0.0102894803	0.0924566616	0.0657426315	-0.0720455042	-0.0243834091	-0.0586305714	-0.1106620248	0.0187360339	-0.0319267875	0.011912791	0.0574010733	-0.0312613021	-0.0730012223	0.088478574	0.1098680843	0.0253897561	-0.0584174832	0.0708017821	-0.2127222701	0.0219858828	0.0292453964	-0.0100717006	0.1465892474	-0.0125815744	0.048277978	-0.0309501061	0.0453872222	-0.0447955266	-0.1674053723	-0.0796893407	0.0091855843	-0.0274769809	-0.083664496	0.1421321326	-0.0667276297	-0.0578665967	0.0641962209	-0.0197365017	0.0264648265	-0.132761663	-0.0337773552	0.0610431562	0.0489491244	-0.0130143457	0.0118154185	0.0052073005	-0.0703413021	0.0628294422	0.0444491623	0.0817668227	0.0450755325	-0.2464760089	-0.0952318337	0.1272347401	0.1216944932	0.1126387502	0.037671755498323	0.0002607417215188	6.798624534059e-08	0.0014191611623254	-0.0566793874363611	-0.0295438178746109	0.0032125529601611	0.0008728371746081	0.0074544408102212	7.244853355809974e-05	5.5568687793091294e-05	5.2487900147191046e-09	-0.0001980001288959	0.0001689997946548	2.8560930593364573e-08	3.9204051042793016e-08	-0.0004680000685319	-5.499996547989999e-05	3.0249962027901905e-09	2.190240641458631e-07	-4.633628730058394e-08	2.944835064755196e-08	2.1470515208022567e-15	8.672053558611741e-16	0.0	0.0	0.0	0.0	0.0	0.0	0.0	0.0	0.0	0.0	0.0	0.0	0.0	0.0	0.0	0.0	0.0	0.0
836.4878499469868	-0.8010833649185543	0.6417345575492336	699711.9231089327	912.8849951921108	-2.268014142613197	5.143888151093474	833359.0144469001	774.0867097013382	0.0004275792550743	1.828240193698987e-07	599210.2341362439	775.2521753182007	690.8521706423985	1.043124	14.792553	0.0720671393489898	0.0546103402410715	-0.0107742402	-0.0117179468	-0.1221100879	-0.0076740541	0.0384644742	-0.0141460152	0.0588640014	0.0918190783	0.0406202909	0.0845841598	-0.0384353056	0.0601852463	0.0600559213	0.0507955243	0.0284387386	0.0303180579	0.0997732593	-0.0175816036	-0.0040982689	-0.102132385	0.0810044316	0.0442772526	-0.0303516975	-0.023195691	-0.1004441777	0.0851795264	-0.0613409176	-0.0859583892	-0.0565202484	-0.0783739863	0.0044803241	-0.0382478454	-0.0101734762	-0.04069826	0.0460518066	0.0357749415	0.0066543949	0.0280456942	-0.0817687984	0.0523720113	-0.057299	-0.0625623737	-0.0773471426	0.0402355542	-0.0206489384	-0.0112294574	-0.0514426767	-0.0520574764	0.1293050773	-0.0438166854	-0.006443251	0.1175148828	-0.0845473434	-0.0312324593	-0.0844799361	-0.0177484967	-0.000828466	-0.0194449135	-0.027084597	0.023514902	0.0049192757	0.0098915488	-0.0103714684	0.0312189793	-0.1478398284	-0.0495687843	-0.0180256755	-0.0361652831	-0.031522985	0.015494441	-0.0794162774	-0.0163566888	0.0894695468	-0.0609821703	0.0582932274	0.046455365	0.1156495293	0.0008451002	-0.0255771819	0.0177134058	0.0427109608	0.0273856364	-0.0069411224	0.0751286002	0.0747901241	-0.0070115152	0.0051208991	-0.1258160227	-0.1247115852	0.1266188352	0.1192723348	0.1073422654	0.0390089562102389	0.0013372007119158	1.7881057439483843e-06	0.0015216986646123	-0.0033777781910231	0.053301609245338	1.1409385507751285e-05	0.0028410615481427	-0.0031748353979281	-0.0106292762081493	1.0079579803937278e-05	0.0001129815127091	-0.0001630119020631	3.498822683279998e-05	1.2241760169034643e-09	2.657288021422971e-08	-0.0004239954660079	4.400460252399998e-05	1.936405043295225e-09	1.797721551952563e-07	-5.70345706022336e-05	-5.698823431493301e-05	3.252942243781169e-09	3.2476588503337086e-09	0.0	0.0	0.0	0.0	0.0	0.0	0.0	0.0	0.0	0.0	0.0	0.0	0.0	0.0	0.0	0.0	0.0	0.0
834.8143871242347	-1.6734628227520716	2.8004778191333317	696915.0609496116	911.9845629937636	-0.9004321983471755	0.8107781438203272	831715.843138926	772.7412568138155	-1.345452887522697	1.810243472543163	597129.0499821953	773.8394008209598	678.217003609189	1.183228	16.779369	0.069018384072598	0.0318022532836978	0.0600720777	-0.0160244645	-0.1335354773	0.0051971849	-0.0041615339	0.0719787616	0.0655920597	0.1250728111	0.0377167397	0.1435448496	0.0799315745	0.0813382665	0.1528978193	-0.0335310143	0.0990552972	-0.0929558243	-0.007302598	-0.0238067834	-0.0215237839	0.0188515141	-0.1849149041	0.0126991904	-0.0560420523	0.0436421987	0.0635678764	-0.0750420921	-0.129348886	-0.0244468099	-0.0361466302	-0.0246059785	-0.0066677024	0.0281893957	0.1793217469	-0.0399361564	0.1264403307	-0.0312079521	-0.0017357165	0.0269481436	-0.0800706799	0.1008126414	-0.1281654111	-0.0422152669	-0.1012234647	0.0384062051	0.1010093499	0.1081607402	-0.0383430082	0.0320980385	0.02057825	0.0322245957	-0.0371005563	-0.0974465499	-0.235940105	0.0810710731	-0.0383572926	0.0526593551	0.1153845554	0.0847935479	-0.0004341181	-0.124824147	-0.0497403109	0.0866569283	0.0998867707	0.010782688	-0.0894630265	-0.044253324	0.019239508	-0.0150673731	-0.0506205256	0.0085927418	-0.0069218303	0.0132466606	0.0645216258	-0.1193445169	-0.0789419633	-0.0790921167	-0.0571900546	0.0615598244	-0.1079222367	-0.0670510562	-0.0810866004	0.0060495113	0.0911844564	0.1954414416	-0.0272503299	-0.042034851	-0.0460583698	-0.2863038135	-0.0304299472	0.1259161521	0.1165232592	0.1013839798	0.0295194676934329	-0.009489488516806	9.005039231059297e-05	0.0008713989729036	-0.011179639297822	-0.0078018611067989	0.0001249843348294	6.086903672978136e-05	0.007354064219271	0.0105288996171991	5.4082260541161984e-05	0.000110857727149	0.00017800010657	0.0003410120086331	1.162891900319815e-07	3.168403793893135e-08	-1.0320601484536953e-08	0.0004239851454064	1.797634035252993e-07	1.0651481500262635e-16	-0.0001160001131986	-5.8965542596366406e-05	1.3456026262088016e-08	3.476935213683901e-09	0.0	0.0	0.0	0.0	0.0	0.0	0.0	0.0	0.0	0.0	0.0	0.0	0.0	0.0	0.0	0.0	0.0	0.0
836.6423640789571	1.8279769547224305	3.341499746996291	699970.4453716263	906.02173121104	-5.962831782723583	35.555362869058506	820875.37742665	774.3183645390006	1.5771077251851011	2.4872687768385244	599568.9296623527	773.820460085009	666.7629038326892	1.375194	19.501646	0.0887245049045797	0.0423240150214555	0.0964636296	0.0515372903	-0.0044087663	0.0618024133	0.1635231198	0.0124158948	-0.1069299647	0.2003168135	0.0579883741	-0.0208573615	-0.1753175438	0.0646718122	0.0197894876	0.0377363776	0.0446046213	0.1141113597	-0.0262501999	0.1808485139	-0.0047209621	-0.0205589688	0.0259426532	0.0177213432	-0.3149923728	0.131822781	0.0163739806	0.0375384685	0.1033078064	0.0500163613	0.0063534732	0.0241691033	0.1383557438	-0.076999386	0.1326739015	-0.0812129543	0.0976988209	0.1434210613	-0.0169225209	-0.0195211611	-0.1313782698	-0.1863690886	-0.1161652769	-0.076217175	-0.0166342112	0.0804088229	-0.107266987	0.004508454	0.1948457845	-0.1326160593	0.1242521704	-0.0368466717	-0.0208052362	-0.0166509672	-0.0171709339	0.0663139059	0.067132274	0.1082716859	0.0447424356	0.0625293134	-0.1786393046	0.1437714879	-0.0564618396	0.0649504724	0.0148500802	-0.043478977	0.0425278812	-0.0219282579	0.0128964618	0.0351961936	-0.0462605274	0.0492625822	-0.0889756514	-0.0063690204	0.0412890815	0.0796499988	0.079946329	0.0627666859	-0.0216337678	-0.02135669	-0.0331054661	0.1322089161	0.055403599	-0.0105551397	-0.0122621606	0.2174754795	-0.0742703293	0.0078289103	-0.1084208683	-0.0275875746	0.0103302459	0.1251271724	0.1134548014	0.0948006283	0.0135081359102997	-0.0160113317831332	0.0002563627454695	0.0001824697357711	-0.0214759305493288	-0.0102962912515067	0.0004612155929595	0.0001060136135358	-0.0219123178906528	-0.0292663821099238	0.000480149675341	0.000856521121804	-0.0003689994581424	-0.0005469995647123	2.992085237955551e-07	1.361606001093848e-07	1.021405182655144e-14	1.032061169858878e-08	1.0651502583304756e-16	1.043268547154788e-28	-3.3223794538000256e-12	0.0001160001098762	1.1038205235032556e-23	1.345602549129524e-08	0.0	0.0	0.0	0.0	0.0	0.0	0.0	0.0	0.0	0.0	0.0	0.0	0.0	0.0	0.0	0.0	0.0	0.0
839.7204653461856	3.078101267228476	9.474707411313547	705130.4599212145	906.3526246304996	0.3308934194595849	0.1094904550416568	821475.0801745952	775.8933929043566	1.5750283653559336	2.4807143516757844	602010.5571526343	776.1155912871031	691.2492604776852	1.323818	18.773083	0.0282572779283922	0.0135106950218061	-0.0455698306	0.0786210385	0.0815337895	-0.0680226724	0.1428357893	-0.0523947394	-0.0781340791	0.0030077665	-0.0998377403	-0.1013026433	-0.0110438159	-0.0222646101	-0.145799185	0.0037764082	0.017685973	0.1500360762	-0.1108460632	-0.0968555708	-0.0249571107	-0.042837345	0.0131961108	0.0271497865	-0.202493991	-0.0565500159	0.0376986548	-0.0445078073	0.0032623765	-0.0224310051	-0.1354125459	-0.0068806775	-0.0971501022	-0.0187283851	-0.1501918599	-0.0596166666	-0.0180793998	0.089706116	-0.0110724777	0.1321213537	-0.0668446318	0.0499382421	0.0481054351	0.0014594087	0.1445569206	0.1063431289	-0.1391677722	-0.0568023699	0.0443208008	0.1000828619	0.0360753268	0.0188380248	-0.006358687	0.1171657181	-0.1161183927	0.0813285709	0.151876884	-0.0268241468	-0.0586199297	0.0220140752	0.0274094023	0.0713188663	0.0235195101	-0.0563710696	0.1174966512	0.0322028816	0.0141044033	-0.0276314892	-0.0129975869	0.0346411195	0.0065602484	-0.0956788635	0.0243136803	0.0991664983	0.0945980289	0.1229341835	-0.0493692515	0.0145099715	-0.0212947386	-0.0261505363	0.0119035432	0.0199956328	-0.0102740462	-0.0105478867	0.1989422975	0.0230782328	-0.0860690677	-0.0969371527	-0.0817130505	-0.0871986566	0.0120003825	0.1242524367	0.1100753719	0.0876327994	0.0135040429643282	-4.0929459714997285e-06	1.6752206725615856e-11	0.0001823591763824	-0.013333759996982	0.0081421705523468	0.0001777891556571	6.629494130350338e-05	-0.0263226944723413	-0.0044103765816885	0.0006928842442842	1.9451421592306337e-05	-0.0002579952104338	0.0001110042477086	1.2321943009352228e-08	6.656152860678075e-08	6.801739275830165e-05	6.80173927480876e-05	4.6263657162476e-09	4.626365717637066e-09	-0.0001349911198334	-0.000134991116511	1.822260243387536e-08	1.8222601536891925e-08	0.0	0.0	0.0	0.0	0.0	0.0	0.0	0.0	0.0	0.0	0.0	0.0	0.0	0.0	0.0	0.0	0.0	0.0
838.5666404739168	-1.1538248722688422	1.3313118358662102	703194.0105157112	909.7785440776164	3.4259194471168257	11.736924058133257	827696.9992639874	775.3161189649824	-0.5772739393742086	0.3332452010806174	601115.0843269227	776.8014879722895	694.7325401679532	1.281061	18.16674	0.0478116944596135	0.026891045621502	-0.0270383571	0.0610146453	0.1288908532	-0.1067463888	-0.0460208151	-0.0420465256	-0.0872310621	-0.1041821277	-0.1532814824	0.0503863875	0.0073227886	-0.0017476231	-0.1387111674	-0.0275034017	-0.0660551314	0.0045896465	-0.039690296	-0.0592002706	0.0897417621	0.0979890484	-0.0899600063	0.1895966258	0.045474852	-0.0331948758	0.0826441437	-0.0422778751	0.040829174	0.1015070476	-0.1179300484	-0.0220272505	-0.2289559303	-0.1346047828	0.0420853661	0.1502442544	-0.0739221587	-0.1151544246	0.0517198089	-0.0695701502	-0.0564800565	-0.0391514845	-0.0634457929	0.0004926299	0.1612175755	-0.0455603138	-9.3497e-05	-0.0286484339	0.0007723073	0.0410828211	-0.1672876233	0.0867564089	0.0289378222	0.1642091678	0.0140700718	0.0877114635	-0.1436109954	0.1464327141	0.1436559948	0.0344033542	0.0592285417	0.0260981525	0.2334230013	-0.0530902462	-0.0004059466	0.0157677823	0.0992916366	-0.028624291	-0.0023920854	0.0059437568	-0.0325684479	0.0387072809	0.0541004733	-0.0399270282	-0.1026223005	0.1475232727	0.0130876937	-0.0018086968	-0.0250080629	0.0606526404	0.0168545628	-0.0366355986	-0.0307527734	-0.0270507179	0.0607371428	0.1239042613	0.116665395	-0.0202622233	0.1255915032	-0.175865518	-0.0695474575	0.1232925447	0.1063942335	0.0799246852	0.0252675895633984	0.0117635465990702	0.0001383810285884	0.0006384510823443	-0.0347408237955306	-0.0214070637985486	0.0012069248379921	0.0004582623804751	-0.0263637685888085	-4.107411646720252e-05	0.0006950482942042	1.687083043561317e-09	-8.69999961013356e-05	0.0001709952143324	2.9239363324605443e-08	7.568999321632409e-09	3.561100525573124e-09	-6.801383165777608e-05	4.625881296772304e-09	1.268143695323718e-17	-8.199996691308901e-05	5.2991152920311e-05	6.723994573747692e-09	2.808062287823785e-09	0.0	0.0	0.0	0.0	0.0	0.0	0.0	0.0	0.0	0.0	0.0	0.0	0.0	0.0	0.0	0.0	0.0	0.0
837.4319119517286	-1.1347285221881975	1.2876088190674106	701292.2071551277	912.1646836103794	2.386139532762968	5.693661869814275	832044.4100260235	775.4586454499757	0.1425264849933682	0.0203137989245648	601336.1108031112	776.4151595993205	684.8410419881052	1.197212	16.977671	0.1004474881040487	0.0657724268911252	0.0036053499	0.0212542368	0.0123315394	-0.0250356835	-0.0829530475	0.0027853341	-0.034413265	-0.0714942634	-0.0110446274	0.088381249	0.0800099931	-0.0298233008	-0.0728430785	-0.012204126	-0.0299684507	-0.0532261404	0.0485825802	-0.1391275104	0.0743598011	0.0515007976	0.1823481317	0.1054544603	0.0640618163	0.1232483569	0.0398359498	0.0197277366	0.0489992283	-0.0137265589	0.1094847252	0.1072099741	-0.06501722	-0.0710839163	0.0168518357	0.0683797892	0.0394857062	0.0529517585	-0.1095945739	0.0226585609	-0.0560439167	-0.0713906518	0.1430468644	0.0185737704	0.0314400484	-0.0616200943	0.0363201911	-0.0273400434	-0.1096319963	0.0602714726	0.0324128954	0.1007333289	0.0233639108	0.1534264541	0.2288373881	-0.0185112514	0.0806875654	0.134728788	0.0151023513	0.0013601178	-0.0376682131	0.0098562321	0.0177907828	0.0567682507	-0.13574809	-0.0197960531	0.1245729028	-0.0242823876	-0.0124589372	-0.0114254154	-0.0223741818	0.0066524851	0.0557369501	-0.0241430942	-0.0402377715	-0.0250216099	0.0349273086	0.1385745722	0.1268992438	-0.0285533584	0.0037757393	0.0721558553	-0.0270023943	0.0261389132	0.097547582	0.1099805896	0.1104634976	0.01014901	-0.0215435894	0.0061831297	0.0608584061	0.1222481541	0.1024214758	0.0717238087	0.023853132089755	-0.0014144574736433	2.0006899447456686e-06	0.0005689719104912	0.0244167091499605	0.0591575329454911	0.0005961756857137	0.0034996137041968	-0.0050384298039745	0.021325338784834	2.5385774889578523e-05	0.0004547700742879	-0.000375999650712	-0.0002889996546106	8.35208003650833e-08	1.41375737335546e-07	3.428368700042484e-13	-3.5607576887031196e-09	1.2678995317658382e-17	1.1753711943430992e-25	-4.2798372539096935e-12	8.199996263325176e-05	1.8317006919953265e-23	6.723993871854684e-09	0.0	0.0	0.0	0.0	0.0	0.0	0.0	0.0	0.0	0.0	0.0	0.0	0.0	0.0	0.0	0.0	0.0	0.0
838.8456111251091	1.4136991733805644	1.998545352816891	703661.9593038579	915.439720496446	3.275036886066573	10.725866605096636	838029.881862611	775.0727962843716	-0.3858491656040996	0.1488795785973799	600737.839540075	776.3199192626257	685.9833321563572	1.318032	18.691021	0.0716415140112093	0.0402472655529437	-0.011133322	0.0167966511	-0.0899202634	0.0990380884	0.0471524637	-0.0052343989	0.0042511393	0.0402358583	0.0147227067	-0.0458380803	0.0489688026	-0.0045543951	0.0793063847	0.0883889937	0.0505955689	-0.0194822337	-0.0870737884	0.0144685609	-0.1355917768	-0.1018388608	-0.0890483825	0.0393250779	-0.0002893728	0.0430403419	-0.079609987	0.1221303912	0.0486074392	-0.0588464803	0.1663605431	-0.0030122645	0.0414118893	0.0177302257	0.0164494244	0.0436146185	0.1531419687	-0.0549262186	0.1038318719	0.0328934064	-0.0801526763	-0.0501012777	0.0108916065	-0.0154161825	-0.1117693416	-0.0226134466	-0.0430726003	0.1246828781	-0.0033560042	0.1033070926	-0.0713908335	-0.1310855072	0.0022300899	-0.0473956309	-0.0225355086	0.0037043106	-0.0984470835	-0.0095684805	0.0359443451	-0.0256906994	-0.0753487348	0.0086201696	-0.0523545184	0.0256972817	-0.0872330584	0.0099764594	0.105739418	-0.0145532772	-0.0102270199	0.0141037878	0.0137534483	-0.0554628099	-0.0097156633	0.0468001805	0.12365495	-0.1189676691	-0.0796035193	-0.0647994817	-0.0847911526	0.0098078301	-0.0421120882	0.0560969479	0.0017433004	-0.0145505593	-0.0545973635	0.0489879675	0.0556613936	-0.1676616258	-0.0041385481	-0.0539965481	-0.0195881848	0.1211199807	0.098167988	0.063080731	0.0478509585277464	0.0239978264379914	0.0005758956737479	0.0022897142320241	-0.0068023831705943	-0.0312190923205548	4.6272416799584565e-05	0.0009746317253193	-0.0050150786135247	2.3351190449800475e-05	2.5151013499832827e-05	5.45278095422853e-10	-0.0002500000631927	0.0001259995875192	1.5875896055033738e-08	6.2500031596354e-08	2.5290135541311546e-08	2.528979270444154e-08	6.395736150336246e-16	6.395909556979094e-16	-0.0002020000082121	-0.0002020000039322	4.080400331768847e-08	4.0804001588634174e-08	0.0	0.0	0.0	0.0	0.0	0.0	0.0	0.0	0.0	0.0	0.0	0.0	0.0	0.0	0.0	0.0	0.0	0.0
839.6190445520521	0.7734334269429155	0.5981992659126623	704960.1399745008	915.3839124576774	-0.0558080387685322	0.0031145371911899	837927.7071863249	774.5323972410511	-0.5403990433205763	0.2920311260217941	599900.4343759693	775.7721087346312	693.8618256038399	1.284318	18.212923	0.0870115310115283	0.0499438627855957	-0.046946763	0.0200071001	0.0090163736	-0.0502508298	0.1400687007	-0.0137524829	0.0631340251	0.0225020616	-0.0700617578	-0.0959552809	-0.1621380188	0.0122759389	0.0386685574	-0.0107625477	0.1017316499	0.1203214869	0.0982227639	0.0661665198	-0.0517234918	0.1011117217	-0.0013142303	-0.0202260051	-0.0077265113	-0.024847419	-0.0937413317	-0.0155296247	0.1181267872	0.1185725621	0.0071545971	-0.0339348783	-0.0290190932	0.0173248851	-0.0251372444	-0.0143330032	-0.0460997355	-0.0165558323	0.0529530472	-0.0178928925	-0.0855682704	0.1332632049	0.0493185706	-0.0047465195	-0.0292974478	0.1476054796	-0.0525304756	-0.0189603998	-0.0013163614	-0.1581831193	-0.0211455162	0.0146364991	-0.0537811164	-0.032088375	-0.048313951	0.0066298405	-0.0242862983	-0.0359620073	-0.0165577673	-0.0402700393	0.0599367607	0.1100255184	0.038291747	0.0207584884	-0.0532978786	0.1161346829	0.0397829018	0.0016847282	-0.0115781513	0.0207294479	0.0247575786	0.0673732246	-0.1436792766	-0.0077013104	0.0050458979	0.0968093547	0.009678262	0.0231553365	-0.0092588797	0.0233701228	-0.0423353243	-0.0185334099	0.032533642	-0.0721306893	-0.0113160224	0.0328653152	-0.0592696085	-0.012238208	0.1293587762	0.0693107126	-0.0040508152	0.1199087977	0.0936454286	0.0540487397	0.0462284853866918	-0.0016224731410545	2.632419093443573e-06	0.0021370728611475	-0.0181923854582066	-0.0113900022876122	0.0003309628886599	0.0001297321521118	-0.0498632694299203	-0.0448481908163956	0.0024863456382408	0.0020113602195038	-4.196041153484118e-05	0.0002080396516578	4.3280496661923234e-08	1.760676136173233e-09	0.0002250075341836	0.000224982244048	5.0617010136900243e-08	5.062839043938392e-08	-0.0003519954078355	-0.0001499953996233	1.2390076713727997e-07	2.2498619908183455e-08	0.0	0.0	0.0	0.0	0.0	0.0	0.0	0.0	0.0	0.0	0.0	0.0	0.0	0.0	0.0	0.0	0.0	0.0
836.427245183978	-3.191799368074044	10.187583206037864	699610.5364860585	913.7222355140184	-1.6616769436590175	2.7611702650879737	834888.3236727352	774.9297967769173	0.3973995358662705	0.1579263911067272	600516.1899327143	775.9479183270433	699.273824514417	1.361155	19.302551	0.0877981777195487	0.0446233442130296	-0.0279527532	-0.1046650879	-0.1336979513	-0.0641164954	0.0271195088	0.0489448208	0.1257831501	0.0282801529	-0.0467737181	0.0367558617	0.1187294268	-0.0325478437	0.0994741031	0.0095113266	0.1371276391	0.0280122424	0.052827899	-0.0717716812	-0.1113279441	-0.0977928838	0.091894133	-0.0115404096	0.0787221262	-0.0516157216	0.0812291788	0.1033089578	0.0628246014	0.131876089	-0.0055989205	0.0762854319	-0.1244390683	0.1203466312	-0.0938533297	0.0884458925	-0.0306113299	0.1713733002	-0.0360044637	0.1026041062	-0.1033345027	-0.012998985	-0.1525557007	0.0321414122	-0.110902712	0.104816871	0.0062776926	0.0732639157	-0.154708506	0.0437232385	0.0178323933	-0.0874622936	-0.0692882159	0.1558398275	-0.0101586849	-0.1318482945	-0.0951568309	0.0112754062	-0.0775915433	0.033535105	-0.0413022082	0.0167495842	0.0487898192	0.0759494768	0.1493909425	0.1640254807	0.1100090619	0.0116942256	-0.0188532571	0.0266247112	0.0062916381	-0.0293355442	-0.1252961466	0.058344225	0.0948832388	-0.0605036019	-0.0065709831	0.073144949	0.0923198307	0.0287571816	-0.0930123458	0.0224045372	-0.0592860376	0.0867636332	0.0392586856	-0.1121189469	0.120315501	-0.1318400255	0.1843319042	0.054902473	0.0330187846	0.1186154352	0.0888661936	0.0446835199	0.0416675267071724	-0.0045609586795194	2.0802344076283377e-05	0.0017361827818929	0.0138808781111521	0.0320732635693587	0.0001926787771366	0.0010286942359895	-0.0228001768662267	0.0270630925636936	0.0005198480651312	0.000732410979111	0.0003705301236924	0.0004124905352272	1.701484416520559e-07	1.3729257256350528e-07	0.0001894409968041	-3.556653737949998e-05	1.2649785811673694e-09	3.5887891270131034e-08	-0.0003180352223027	3.3960185532799986e-05	1.0114640262512781e-07	1.1532942014221972e-09	0.0	0.0	0.0	0.0	0.0	0.0	0.0	0.0	0.0	0.0	0.0	0.0	0.0	0.0	0.0	0.0	0.0	0.0
837.2041343444101	0.7768891604321198	0.6035567675969239	700910.7625633731	913.4334110328538	-0.2888244811646245	0.0834195809200145	834360.5963911144	775.7910472753266	0.8612504984092766	0.7417524210102273	601851.749032548	776.2999704786479	666.5481429356736	1.624902	23.042751	0.1084180918196134	0.0604521641551942	0.0954176497	0.0229850627	0.077516285	0.0450809348	0.1039267558	0.0442873794	-0.0728900443	0.0345719287	-0.038577358	-0.0573641297	-0.0814947031	-0.0214951828	-0.1078552703	-0.0108713715	0.015882527	0.1256452342	-0.0566960722	0.0217238344	-0.0239836536	0.1105236838	-0.0685796123	-0.0513234114	-0.0330759945	0.0809949243	-0.0296889824	0.0595163507	0.0478157492	-0.0439061658	-0.0564453876	-0.076223391	-0.0829668002	0.0847282838	0.0859738884	-0.0687368397	0.0102052545	-0.0126314475	0.0596227708	-0.0255055451	0.0577263442	0.0081689194	-0.1033583622	0.0288780398	0.1052635495	0.0756974034	-0.0817051405	-0.011208756	0.0749745136	-0.0121290978	-0.020966655	0.0499993618	-0.0846407978	-0.1577036864	-0.1334721059	0.024991809	-0.1038382857	-0.0494411444	-0.0203523231	0.0165295746	-0.0189767118	0.0504762588	0.0023314424	-0.0433281131	-0.1116736783	-0.0049007944	-0.0770355603	0.0180582804	-0.0026093636	0.0532188962	0.0069865373	-0.0334216171	-0.0673426962	0.0318674318	-0.0495203449	0.0744754921	-0.0339044585	-0.002252616	-0.1360191584	0.0374245505	-0.0719560976	0.0408219438	0.0373252484	0.0176689156	-0.0580901132	0.0637246337	-0.1085318363	-0.0474850944	0.141822472	0.1647596614	0.0377264224	0.1172407796	0.0838433825	0.0350428114	0.039086245153129	-0.0025812815540433	6.663014461244706e-06	0.0015277345601705	-0.0418530580537321	-0.0557339361648842	0.001751678468449	0.0031062716404313	-0.0412052911528775	-0.0184051142866508	0.0016978760189934	0.0003387482319046	0.0001501050109214	-0.000220425112771	4.858723034010807e-08	2.2531514303713613e-08	0.000503968757884	0.0003145277610798	9.892771248993463e-08	2.5398450892314177e-07	-0.0004170375447325	-9.900232242979998e-05	1.7392031371651193e-07	9.801459846494076e-09	1.0	0.0	0.0	0.0	0.0	0.0	0.0	0.0	0.0	0.0	0.0	0.0	0.0	0.0	0.0	0.0	0.0	0.0
840.4129868823085	3.2088525378983377	10.296734609976603	706293.9885204432	914.364894981156	0.9314839483022296	0.8676623459447109	836063.1611739005	776.8417522646974	1.050704989370843	1.1039809746887823	603483.1080616856	778.1054473463672	692.8482607581682	1.363608	19.337345	0.0719015461633327	0.0476969714040878	-0.0312625286	0.0228583355	0.1190259933	-0.0119485258	-0.0813179744	-0.0263410834	-0.0438819948	-0.1429568794	0.0569487677	-0.0248138973	-0.0711252065	-0.0949473553	-0.1061016387	0.0537520733	-0.1249893266	-0.0567243888	0.0561069575	-0.0148728877	0.0543047849	0.1581934656	0.0354518333	-0.0069671673	-0.051761686	0.0460490295	0.0077871369	-0.1571633537	-0.0166001236	0.0640467337	-0.1137062163	-0.0060765919	-0.0268209196	-0.0413205023	0.0914858906	0.0166139426	-0.185847575	0.1862220055	-0.0238043516	0.0894590406	0.0761074474	-0.0715981342	0.1120448185	0.0754405745	0.0980397806	-0.1211109302	-0.0429117786	-0.0856067126	-0.0391722737	-0.0590918719	-0.0411264747	0.0973046037	-0.0377204484	0.0700786773	0.0269342609	0.0667243056	0.0238048025	0.118966877	0.0696455421	-0.0222582026	0.0454019221	0.0076478678	0.028070704	0.0760900787	0.051592242	0.1203570071	-0.1809351133	0.0230715994	-0.0131035182	0.052656444	0.0274086201	0.007653839	0.0539359879	-0.0614855048	-0.1348907377	0.0747578611	0.0112722537	0.0799665197	0.0274225752	0.0067079341	-0.0151672136	0.0266908665	0.0054414038	0.0447848757	0.0169125692	0.0304667083	0.051835539	-0.0793522503	0.1649923049	0.0953395383	0.1130227668	0.1157857731	0.0785907625	0.0251860523	0.0381746310397659	-0.0009116141133631	8.310402916827941e-07	0.0014573024550222	0.0016354107084026	0.0434884687621347	2.6745681851578936e-06	0.0018912469152751	-0.0568514019165888	-0.0156461107637113	0.0032320818998815	0.0002448007820303	-8.039667507197371e-05	-0.0002305016859933	5.3131027245787865e-08	6.463625362628519e-09	0.0005040162713794	4.7513495400044673e-08	2.2575322451300656e-15	2.5403240181519296e-07	-0.0004104796937388	6.557850993699958e-06	1.6849357897189905e-07	4.3005409655571527e-11	0.0	0.0	0.0	0.0	0.0	0.0	0.0	0.0	0.0	0.0	0.0	0.0	0.0	0.0	0.0	0.0	0.0	0.0
835.7760411587591	-4.636945723549388	21.50126564314296	698521.5909750077	910.115047363464	-4.249847617692012	18.06120477360247	828309.3994374003	775.8071169457581	-1.0346353189393085	1.0704702431966446	601876.6827036892	777.6109272092899	688.8769192096654	1.342416	19.036818	0.0441884534274897	0.0271006273916392	0.0192846263	-0.0792204889	0.1108731933	-0.147143104	-0.0440330851	0.07282205	-0.0001465899	-0.0409102647	-0.082344665	0.0119128159	0.1932036506	-0.080560988	-0.1059242544	-0.0761857887	-3.12855e-05	0.0122686391	0.0104612988	-0.1348649275	-0.0219874672	0.0117189391	0.0333622857	0.0031580783	0.2610828257	0.0046666549	-0.2695893002	-0.0006542142	-0.0197927558	0.1412334242	0.0537006033	-0.0001525816	-0.1040025939	-0.0154040996	0.0164940408	-0.0085654432	0.1885818953	0.0524008322	0.002742938	-0.2524513243	-0.0336547965	0.05003728	0.0034751011	0.0791006794	0.0750679098	0.0090593441	0.0462516253	-0.0465109839	-0.1584356644	0.1695976634	-0.0068754441	0.0544845997	-0.0344277207	-0.1126599005	0.2458623414	-0.0990983742	-0.1543322311	0.0087917719	0.0501938324	-0.1415267807	-0.0763196788	0.047728355	0.1443996554	-0.0348580134	0.0030843818	0.0353457958	0.0585258673	0.0339077821	-0.0090896019	0.0079999765	0.0051754937	-0.1361479722	0.0280618741	0.0768061578	-0.0408903492	0.0377057313	-0.0879261391	0.0994129233	0.0671316932	0.0445845163	-0.1201594512	-0.0575119627	-0.1373888133	0.0820445495	-0.1027505096	0.0075186111	0.1465965299	-0.1176949176	0.0145614705	0.1477789946	-0.054352712	0.1142514127	0.0731227308	0.0151740128	0.0280456858487099	-0.0101289451910559	0.0001025955306834	0.0007865604947245	-0.001426969663214	-0.0030623803716166	2.0362424197330764e-06	9.378173540462624e-06	-0.033053511766198	0.0237978901503908	0.0010925346400781	0.00056633957561	-0.0001563799147595	-7.598323968752629e-05	5.77345271341207e-09	2.4454677740188485e-08	0.0005045369459013	5.206745218999794e-07	2.711019577557722e-13	2.545575297794113e-07	-0.0004779605338179	-6.74808400791e-05	2.2844627188749202e-07	4.5536637777810695e-09	0.0	0.0	0.0	0.0	0.0	0.0	0.0	0.0	0.0	0.0	0.0	0.0	0.0	0.0	0.0	0.0	0.0	0.0
836.9657454281968	1.1897042694376978	1.4153962487182865	700511.6590201771	920.5321266722536	10.417079308789653	108.51554132561353	847379.396235742	776.2584826207056	0.4513656749475103	0.2037309725208215	602577.2318406004	777.7556638602096	667.7945176291038	1.441175	20.437313	0.0764377807330416	0.0475410970038263	0.0971448286	-0.022456347	-0.0187696457	0.1206296872	-0.0800138335	0.0580697169	-0.0574929493	-0.1113715643	0.0653506479	0.0788090109	-0.0602152475	-0.0524428951	0.036606352	0.0528545268	-0.0702525962	-0.1090596393	-0.0119163857	-0.0578250457	-0.0462088958	0.121740596	-0.0251019902	-0.0870032048	-0.0599573871	0.0370669497	-0.1077795174	0.1128562993	0.0365085421	-0.2135050144	-0.1018379577	-0.0657467991	-0.1255342427	-0.1063374213	-0.0158708176	0.1154394299	-0.0985287667	-0.0582358823	-0.0436005193	0.0365044987	-0.0340693638	-0.0472262029	-0.0610344702	0.0580665687	-0.0243661007	-0.1186763222	0.03595253	0.0607820685	-0.0245919479	-0.0023518116	-0.1641169337	0.028871443	-0.103146028	0.1054037592	-0.179410977	-0.0085992754	0.0027785751	0.0284259707	-0.0867673918	-0.1851707677	-0.0470627693	0.0344505564	0.0186955895	-0.0634696369	-0.0742619709	-0.1884252686	0.0113815267	0.0250219337	0.0051877643	-0.0083000083	-0.0036086628	0.0514464986	0.0049615776	-0.055628116	-0.1308594671	-0.123022484	-0.0005654458	0.0089388024	-0.0908133931	0.0310256296	-0.0946928466	0.0103068712	-0.0266495284	0.0019121065	-0.0247587595	0.0748931159	-0.0614038655	-0.0394338299	-0.0640999431	0.0643799813	0.0988867236	0.1126387502	0.0674542747	0.0050684204	0.0277080060438379	-0.000337679804872	1.1402765061839393e-07	0.0007677335989253	-0.0408798666783241	-0.0394528970151101	0.0016711634996375	0.0015565310828848	-0.0299110149910148	0.0031424967751832	0.0008946688177927	9.875285982036817e-06	-0.0001569939872673	-6.140725077999939e-07	3.7708504483577364e-13	2.4647112038085157e-08	4.40211070231733e-05	-0.0004605158388781	2.1207483785762477e-07	1.9378578635456776e-09	-0.0002689963024463	0.0002089642313716	7.235901072978133e-08	4.366604999272358e-08	0.0	0.0	0.0	0.0	0.0	0.0	0.0	0.0	0.0	0.0	0.0	0.0	0.0	0.0	0.0	0.0	0.0	0.0
838.6447084099863	1.678962981789482	2.8189166942194284	703324.9469440709	914.8672971896784	-5.664829482575215	32.09029306665337	836982.1714671474	775.8574270390006	-0.401055581705009	0.1608455796167431	601954.7470915782	777.1517660911816	687.6491962015921	1.267618	17.976101	0.0912004932186953	0.0583459581399694	-0.0063251801	-0.0519943532	-0.0987690406	0.0441594768	0.0465977713	0.0138406093	0.0780502732	0.1078728515	0.13126491	0.0136418321	-0.0968227403	-0.0161031317	0.0792830665	0.0604654508	-0.0109668729	0.0493163205	-0.0147348076	0.0808788805	0.0381765474	-0.0228684491	0.1192759793	-0.0013696351	-0.0816429595	0.0096875336	-0.0037539618	0.0892938483	-0.0954399857	0.0825012532	-0.0675618989	-0.0971011032	-0.1266438318	-0.0877429378	0.0560100928	0.0829191792	0.1166612682	-0.0500654595	-0.0470449794	-0.0618782802	0.1554461243	-0.0408546582	0.0337405344	0.0058370913	-0.1235044101	-0.0005251733	-0.0487475944	-0.0424515357	0.0849759047	-0.0428310332	0.1139951755	0.0147618304	-0.0037989275	0.0305644809	0.0046578753	-0.061206455	-0.0227063937	0.0676261406	0.1501444756	-0.0179107999	-0.0058994869	-0.0480906091	0.1065161461	-0.1135120756	-0.000588035	-0.0761577666	-0.0957025934	0.020251859	0.0080528018	0.0004335412	-0.0060113827	0.0603898706	-0.0841437572	-0.00077443	0.0627483813	-0.051713568	0.070918348	0.0401472279	0.0468484902	-0.0101339063	0.0032911281	0.1121778071	-0.1045997355	0.0517175079	-0.0776219287	0.0194873255	0.0303106606	-0.0895106956	0.002173133	0.027175788	0.055818262	0.1109488906	0.0616009311	-0.0050684204	0.0180952147641875	-0.0096127912796503	9.240575618612276e-05	0.000327436797362	0.005709783669431	0.0465896503477551	3.260162955170093e-05	0.002170595519526	0.0040369106147437	0.0339479256057585	1.6296647311430356e-05	0.0011524616529341	-0.0001399945481431	1.6999439124199992e-05	2.8898093053738143e-10	1.9598473509790743e-08	4.001880406234726e-05	-4.002302960826043e-06	1.6018428990236908e-11	1.6015046785805412e-09	-0.0002689970800719	-7.776255999802222e-10	7.235942908720818e-08	6.047015737446008e-19	0.0	0.0	0.0	0.0	0.0	0.0	0.0	0.0	0.0	0.0	0.0	0.0	0.0	0.0	0.0	0.0	0.0	0.0
837.5209638807827	-1.1237445292035773	1.2628017669149696	701441.3649397953	911.9503624282196	-2.916934761458833	8.5085084026069	831653.4635329611	775.0600759847716	-0.7973510542290114	0.635768703680116	600718.12138552	775.5482515102613	684.8195528618469	1.167654	16.558517	0.0982382942209711	0.0655050154880862	0.0165406827	-0.0564420178	0.0056342571	-0.0668555823	0.1511328006	0.0446755918	0.0027158179	0.1023795812	-0.0791918665	-0.1721294446	0.0536405993	-0.001910304	0.0509189058	-0.0249508406	0.0803801809	0.1085849833	-0.0135850467	0.0265540902	-0.0689922562	-0.0286602199	-0.0585401717	-0.0310634306	-0.0122701356	-0.1080731198	0.1461613198	0.0030770283	0.1423267099	0.0167816772	0.032541716	-0.1221811081	0.0842786191	0.1930098448	-0.0009679856	-0.035465414	-0.1190235455	0.0085631687	-0.0407784372	-0.0998368422	0.1017011892	0.1441953862	-0.2097028591	0.0041195386	-0.0379372611	0.1492938507	-0.043913241	0.0127538503	0.0320564335	0.0133723738	-0.0212394854	-0.1020602049	0.0062492463	-0.0837614253	-0.0330596105	0.0322931693	0.0247157279	-0.1280479191	-0.0890962463	0.0582062196	0.055715602	0.0306584074	0.0311695281	0.1314000079	0.002962193	-0.0239621705	0.0551782545	0.0327249808	0.0139212895	-0.0134330734	0.0056535453	-0.0076588033	-0.097776273	0.0808795899	0.0743281347	0.0570395462	-0.0027894374	-0.0755303998	-0.0958013796	0.0504961399	-0.0013919943	-0.0598226094	-0.000372722	0.0187171307	-0.1017892507	-0.0057515288	-0.1612349979	0.0299328779	0.0300792233	0.1890566668	0.0814964452	0.1091829923	0.0555787436	-0.0151740128	0.0256426883578484	0.0075474735936609	5.696435764700859e-05	0.0006575474662177	-0.0536155444696362	-0.0593253281390672	0.0028746266087755	0.0035194945588079	-0.0206791540984454	-0.0247160647131891	0.0004276274142272	0.0006108838549065	-2.499284782165722e-05	0.0001150017003214	1.3225391076822932e-08	6.246424422365161e-10	5.200343741318392e-05	1.198463335083666e-05	1.4363143655398635e-10	2.704357502786937e-09	-0.0002749993019007	-6.002221828800027e-06	7.562461604587235e-08	3.602666688212354e-11	0.0	0.0	0.0	0.0	0.0	0.0	0.0	0.0	0.0	0.0	0.0	0.0	0.0	0.0	0.0	0.0	0.0	0.0
836.3163363542664	-1.204627526516333	1.4511274776408587	699425.0144530224	910.5298637344451	-1.420498693774448	2.017816539014913	829064.6327522673	775.5043704770018	0.4442944922301421	0.1973975958260398	601407.0286289308	776.14242370997	670.176682862722	1.229547	17.436226	0.0624128250845535	0.03373140133175	0.0921715085	-0.0177694798	0.1273935224	-0.087558896	0.0058968663	0.056380946	-0.048046627	-0.0418008845	-0.107776396	0.0500868335	-0.0842338871	-0.0011457556	-0.0685450495	-0.042620292	0.0130878675	0.095768464	0.0104901432	0.1297189709	0.0743240699	0.1883776553	0.0203294853	-0.0801059162	-0.0607047832	-0.1990638137	-0.0182005411	0.0989477487	-0.0229456664	-0.0955618513	-0.0072303269	-0.0647028353	0.0152548397	0.1460643285	-0.0042237203	0.0194661409	-0.001766916	0.0144699719	0.0956181749	0.0148381189	0.0880160031	-0.1244429739	0.0121938566	0.038555978	0.1088211583	0.1013546627	-0.0148356347	0.0004005101	0.0723335377	-0.1324039671	-0.0854317704	0.0886755554	-0.0795933384	0.0659590461	-0.0476550785	-0.0619618158	0.0623940299	-0.1334224193	-0.0611599557	-0.1120293913	-0.0306861827	-0.0460029055	-0.0200814534	0.087703843	0.1274048466	-0.0276986267	-0.0151813588	0.0213438849	0.0006979211	0.00964683	-0.0600060743	0.0433801034	-0.0410987528	0.0383664866	-0.1037335998	0.1420739377	0.0335638246	0.0313292673	0.0016145819	0.0437783643	-0.0332404262	0.0162017658	-0.1881873208	0.0560536255	-0.0418939866	-0.0427540214	-0.0130506412	-0.1013934461	0.0068571355	-0.0272436093	0.0330020881	0.1073422654	0.0494042187	-0.0251860523	0.01981068945895	-0.0058319988988984	3.401221115675217e-05	0.0003924634168389	-0.0295755391850747	0.0240400052845615	0.0008747125180878	0.0005779218540817	0.0021122930671282	0.0227914471655736	4.461782001437859e-06	0.0005194500639011	0.0001160109130379	0.0001410037608595	1.98820605765392e-08	1.3458531943887197e-08	7.298215882922676e-05	2.0978721416042845e-05	4.4010675225193464e-10	5.326395507374482e-09	-0.0003080042943355	-3.3004992434799974e-05	9.486664532910933e-08	1.0893295256212036e-09	0.0	0.0	0.0	0.0	0.0	0.0	0.0	0.0	0.0	0.0	0.0	0.0	0.0	0.0	0.0	0.0	0.0	0.0
837.9821914457614	1.6658550914950183	2.775073185859876	702214.1531802407	915.0869228797044	4.557059145259245	20.76678805339092	837384.0764254461	776.8129499676967	1.3085794906949104	1.7123802834673512	603438.3592375153	778.035571663191	672.5398701952488	1.261059	17.883089	0.0244109028436316	0.0124222749955209	0.0796121954	-0.017335978	0.0494967433	0.0746168629	-0.0887164741	0.0130251591	-0.1084704471	-0.041273388	0.1169196673	-0.0303466075	0.0849275754	-0.0582888952	-0.1049498847	0.0112219388	-0.0960929864	-0.0700067297	-0.0498832775	0.0313772791	-0.0899993745	-0.1483893024	0.1011968594	0.1265924188	0.161337844	0.022622451	-0.180477284	0.0021385674	0.0884731305	0.011650559	0.131367111	0.0757458333	-0.1257248912	0.0523385438	0.0196067019	-0.1177837272	-0.0884705044	-0.0189110748	-0.0111949471	0.036189616	0.1982728975	-0.0592306576	-0.0128500486	0.045566896	0.0869309394	-0.1394601639	0.0196887764	-0.0386421481	0.0260498601	0.0656987316	0.1301918469	-0.1230600192	-0.0088914293	0.016685458	0.1207588079	0.0015044009	-0.1980901148	-0.0349430695	-0.0404696915	-0.0989533177	0.0292291141	0.1564883143	0.033928676	-0.0393616638	-0.1127287744	0.108333525	-0.0525950052	0.0308409059	-0.0029923917	0.0018032874	-0.0106486763	-0.1175274746	0.1508655308	0.0600866825	-0.0268985865	-0.0634262809	-0.0042850129	0.0215411289	0.0007235577	0.0098411924	0.0314777926	0.1058889637	-0.070112816	0.1163650482	-0.1085066718	0.0395930116	-0.0332486146	-0.0451885497	0.1171374157	0.1662033645	0.1001733451	0.1054279714	0.0430942802	-0.0350428114	0.024371296828292	0.004560607369342	2.079913957729658e-05	0.0005939601090927	-0.021048620180224	0.0085269190048507	0.0004430444114913	7.270834771528407e-05	0.001988578049378	-0.0001237150177502	3.954442658468011e-06	1.530540561693233e-08	2.1029565250998207e-05	-9.49813477869018e-05	9.021456427416394e-09	4.4224261464599124e-10	0.0001779963470442	0.0001050141882149	1.1027979726449824e-08	3.168269956107928e-08	-0.0003320019873674	-2.3997693031899986e-05	1.1022531961590321e-07	5.758892708533008e-10	0.0	0.0	0.0	0.0	0.0	0.0	0.0	0.0	0.0	0.0	0.0	0.0	0.0	0.0	0.0	0.0	0.0	0.0
837.5381659158643	-0.4440255298970896	0.1971586712003912	701470.1793657098	912.8015256641868	-2.285397215517605	5.223040432695624	833206.625254867	776.2770563317179	-0.5358936359788231	0.2871819890826034	602606.068187037	775.9364393890882	681.8698329956652	1.351571	19.166637	0.0531694994842052	0.0228819027780942	0.008123401	-0.0721135317	-0.0627152003	0.021181401	-0.1422280976	0.042103137	0.0602304522	-0.1158065912	-0.0043411578	0.0916653728	-0.0167566818	-0.0777818756	0.0998537439	0.0282271477	0.0154068437	-0.0955721073	-0.0188562684	-0.1484284287	0.0520869514	0.0958450744	-0.0931603897	0.0460246733	-0.0053815407	0.02705125	0.0419088773	0.0611818461	0.0815217689	-0.0843146296	0.112492349	0.2471204907	-0.0051402054	-0.0116006945	-0.1588762778	0.1531598458	-0.0308028335	0.0451390708	-0.0079041333	-0.0699653343	0.08053892	0.1129847474	0.0795628824	0.07497126	-0.1113083	-0.0678896999	0.0589842125	0.0598577382	-0.0773873722	0.0793030647	-0.160576862	0.0940193888	0.0709920835	0.0037983485	0.0454044766	0.0596003137	0.2148665978	-0.0520556789	-0.0408789533	-0.0814656516	-0.0345356529	0.0288042501	-0.1405708095	-0.0209117501	-0.1226112342	0.0624305561	0.050955121	0.035514766	0.0052441658	-0.0168482141	-0.0036047917	0.0767787935	0.0029100192	-0.0410193925	-0.0903618925	-0.113194515	-0.0398879746	-0.0646284437	-0.0502059068	0.0543997213	-0.0139685438	-0.0804058075	-0.1610964796	-0.0093847649	0.0227578886	-0.0099150258	-0.0598967565	-0.0819608002	-0.1967642999	0.1072618665	0.1356362194	0.1034414224	0.0366662233	-0.0446835199	0.0357857715608105	0.0114144747325185	0.0001302902334193	0.0012806214462025	-0.0295229903159963	-0.0084743701357723	0.0008716069571984	7.181494919806946e-05	-0.0088438337091929	-0.0108324117585708	7.821339467585664e-05	0.0001173411445072	7.898398069861902e-05	5.795441544762081e-05	3.358714269875429e-09	6.238469206999821e-09	-6.70188675655492e-05	-0.0002450152146097	6.003245539026147e-08	4.4915286097686234e-09	-0.0004779972144569	-0.0001459952270895	2.284813370285557e-07	2.131460633291469e-08	0.0	0.0	0.0	0.0	0.0	0.0	0.0	0.0	0.0	0.0	0.0	0.0	0.0	0.0	0.0	0.0	0.0	0.0
837.6006693352506	0.062503419386303	0.00390667743498	701574.8812708597	915.8757753200872	3.0742496559004167	9.45101094680383	838828.4358181709	776.6195867613413	0.3425304296234799	0.1173270952180457	603137.9825413566	778.5191298340018	683.0749267217191	1.238452	17.5625	0.0764895815806319	0.0315501391946258	0.0611072468	-0.0567630889	-0.0689290598	0.0724671843	-0.0160743325	0.0557986238	-0.0049362594	0.1499939255	0.1631747791	0.0141145431	-0.0161251513	-0.0435610097	0.0633168185	0.0763861398	-0.0212195189	-0.0465957248	-0.0269334687	0.0685716046	0.0043452958	0.0888328317	0.0378067148	0.0532872878	-0.1904084691	0.0530022199	-0.1392013551	0.0302444067	0.0325457178	-0.073878214	0.2010851801	-0.0412144881	-0.1830464343	-0.0178336611	0.0687525902	-0.0028230942	-0.0571878839	0.0487259009	-0.0619691645	-0.1195159965	0.0757431031	0.0477682538	0.1145738683	0.0280135249	-0.1000999689	-0.0736401789	-0.0357707386	0.0188530373	0.0947041453	-0.0133406012	0.11031743	0.0299146719	-0.052893062	-0.0773400747	-0.0193044608	0.0155109609	-0.0220306519	0.0508336048	0.2575413069	-0.1320756495	-0.1055048469	0.089517575	0.0482579053	-0.0357981569	-0.0541229279	-0.1737076506	0.0544749679	0.0361407848	-0.0054603958	0.0005962508	-0.0203785346	0.0479682076	-0.0414799487	0.0310587452	-0.0082211483	-0.0583811471	0.0992218271	-0.0005385848	-0.0187924074	0.0190917342	-0.0280007536	0.1154701392	-0.0664476708	0.0448947251	-0.0442486298	-0.1018457073	-0.097533344	-0.1288763875	0.1655269964	-0.0270590214	-0.0912966805	0.1013839798	0.0301376669	-0.0540487397	0.0203224698014423	-0.0154633017593682	0.0002391137013012	0.0004130027788305	-0.0102480879390611	0.0192749023769352	0.0001050233064067	0.0003715218616403	0.0021072499241938	0.0109510836333867	4.440502243014776e-06	0.0001199262327454	0.000327998880087	0.0002490148993883	6.20084201174055e-08	1.075832653383262e-07	-1.2027242286993813e-05	5.499162527855539e-05	3.024078850777052e-09	1.4465455703005214e-10	-0.000165997862905	0.0003119993515519	2.7555290489027177e-08	9.734359536880609e-08	0.0	0.0	0.0	0.0	0.0	0.0	0.0	0.0	0.0	0.0	0.0	0.0	0.0	0.0	0.0	0.0	0.0	0.0
840.0266983470959	2.426029011845344	5.885616766315296	705644.8539359228	908.945456362056	-6.930318958031194	48.02932086004657	826181.8426412262	776.0512687316628	-0.568318029678494	0.3229853828576455	602255.5717000236	775.2266278854881	681.2508992355372	1.380775	19.58078	0.0564834900348189	0.0261067645476053	0.0034390237	0.0181658369	0.0070868075	-0.010257937	0.2032923618	-0.022310317	-0.0601049041	0.0761317091	-0.0799119321	-0.2021404439	-0.0267842649	-0.014619814	0.0518897581	0.0397435394	0.054309041	0.1919499634	-0.0637249826	0.1565448007	-0.0214123592	-0.0149777918	-0.1393207583	-0.0593961916	0.0152000336	-0.1467440388	0.0575931886	0.0561760751	-0.0931251118	0.0209533001	-0.058876042	0.0155374496	0.0323312027	-0.0880477053	-0.0281988928	0.0645033389	-0.1415613993	0.0204680696	-0.0518840428	-0.114183838	0.000780857	-0.0183585747	0.0544982871	-0.0041485132	-0.0496914819	0.1316664576	-0.1395262171	-0.0078632515	0.1363138893	-0.0276157114	-0.1402844612	-0.0781436077	0.0663065231	-0.0972554539	0.0614248884	0.0165380718	0.1397466194	-0.1217355424	-0.1399077344	0.0188764398	-0.0551336989	-0.062566762	0.1523882805	-0.0040842269	0.1426065556	-0.0428308856	0.0206021279	0.0296518067	0.0116787032	0.0084556362	0.0090906059	0.0401514131	-0.0755336052	0.0638149904	0.1034811792	0.0897417735	0.0127431774	-0.1140968982	-0.1263543017	0.0401060331	0.0401668182	-0.0221938562	0.0360261527	-0.0388582184	-0.0110597876	-0.0397968999	-0.2165962722	-0.0285247144	-0.1163412423	-0.0204911445	0.0563257708	0.0992570537	0.0235265052	-0.063080731	0.0298724257404501	0.0095499559390078	9.120165843699037e-05	0.0008923618196187	-0.0284725855367611	-0.0182244975977	0.0008106881271481	0.0003321323126885	0.0048679777412701	0.0027607278170763	2.3697207289501143e-05	7.621618079978873e-06	0.0004350206777698	0.0001070217976828	1.1453665179258182e-08	1.8924299008729618e-07	8.789597225500323e-05	9.992321454199704e-05	9.984648804405971e-09	7.725701938652297e-09	-0.0004780190243009	-0.0003120211613959	2.2850218759358442e-07	9.735720515884629e-08	0.0	0.0	0.0	0.0	0.0	0.0	0.0	0.0	0.0	0.0	0.0	0.0	0.0	0.0	0.0	0.0	0.0	0.0
840.244022712221	0.2173243651250231	0.0472298796769943	706010.0177036152	912.961888867224	4.016432505168041	16.131730068570423	833499.4105240095	776.9601655651909	0.908896833528047	0.8260934539973103	603667.0988750889	777.2739977248634	686.5680577463271	1.408722	19.977098	0.0917497249012299	0.0424816109847228	-0.0187161424	0.002813095	0.149672489	-0.0247657532	-0.037318555	-0.0181840109	-0.0150444368	-0.0952804304	-0.0318413275	0.1093812537	-0.1021305111	-0.0550613187	-0.071494381	-0.0173324778	-0.1327317063	0.060517328	0.0237907428	0.0644177191	0.0399224235	0.057406244	0.0456998492	0.0753225937	-0.0858153527	-0.0513715743	0.016176364	0.1069863202	-0.0288570008	-0.0500784766	0.0471836584	-0.006977573	0.1183450333	0.0298589413	0.0296137177	0.0490408599	-0.1274420053	-0.023881745	0.1168413967	-0.0523090478	-0.1237693963	0.2027225243	0.1047358579	0.0490748406	0.1141431116	-0.0142796115	-0.0203719034	-0.1183301408	0.1073349109	-0.1145324704	0.0100569067	0.0522813435	-0.0714604601	0.1331506303	-0.1300678876	0.0186246047	-0.0482333271	-0.1398642606	-0.07374897	0.0331619122	-0.0904942544	-0.0609897294	0.0243610819	-0.0121639228	0.0498507248	0.0785323947	0.0699476854	0.0538434468	0.0101324668	0.0196414631	0.0087323685	0.037384516	0.0309542978	-0.0274091091	-0.0892135926	0.1531333681	0.0572574441	0.0263265576	0.033266167	-0.0478563973	0.0586802723	0.0060643793	-0.1577625284	-0.038298934	-0.0892418839	0.0574839603	-0.0797256145	-0.1023468914	-0.0505946098	-0.0103761055	-0.1330102727	0.0970621018	0.016850859	-0.0717238087	0.0137344443413525	-0.0161379813990976	0.0002604344436376	0.0001886349613657	-0.0125709150887303	0.0159016704480308	0.000158027906168	0.0002528631230377	-0.0201359311639066	-0.0250039089051767	0.0004054557238375	0.0006251954605383	-0.0001029416531817	-0.0005379623309515	2.894034695227713e-07	1.0596983959781404e-08	0.000244024817567	0.0001561288453119	2.437621633845741e-08	5.9548111588607626e-08	-0.0004779869175859	3.2106714999971184e-08	2.2847149338327002e-07	1.0308411480893743e-15	0.0	0.0	0.0	0.0	0.0	0.0	0.0	0.0	0.0	0.0	0.0	0.0	0.0	0.0	0.0	0.0	0.0	0.0
840.9270598958041	0.6830371835831102	0.4665397941571473	707158.3200650013	913.2183609465638	0.256472079339801	0.0657779274808811	833967.7747699285	776.6573677562731	-0.3027978089178305	0.0916865130854389	603196.6668901028	777.2547507799275	689.494699213672	1.25232	17.759157	0.0550776250540825	0.0283831660269864	-0.0624214579	-0.0060401068	0.0463885696	0.0749174713	-0.0583972863	-0.0334304589	-0.0578335026	-0.0467736168	0.1397829929	-0.0489220727	0.139902121	-0.0257358164	-0.044318764	0.018105175	-0.1490921557	-0.0450861965	-0.0993381268	0.0518992433	0.0197090034	-0.0964349053	-0.005686857	0.0809988762	0.0775422813	-0.0906329325	-0.0168707913	0.0495515472	0.0529424284	-0.0508647702	-0.1057973105	0.0406364306	0.0312774647	0.0813664296	0.0478013471	0.0090700508	0.0550938097	0.0767280016	-0.1601575477	0.0576757996	0.0857193137	0.212246745	-0.0054869093	0.0050998083	0.0466005157	-0.1389437423	0.0088849689	-0.069356799	0.0815502645	0.0745782741	0.0704084991	-0.0685149948	0.0413487461	-0.0180818039	0.1316649593	0.0954900931	-0.0363527394	-0.1465827785	-0.0346580207	0.0322665296	-0.032482951	0.0396133204	0.0502847593	0.1054648532	0.0836440206	-0.0265805381	-0.1286990521	0.0494849203	0.0135819153	-0.0155912606	0.0623249809	-0.1004433104	0.1670131343	0.0134790417	0.0323953374	-0.0252540148	-0.0425801083	-0.0473949306	-0.0195241927	-0.0289057732	0.0984225889	0.0168751294	-0.0344807783	-0.022176854	-0.1116276881	0.0574212527	-0.0817724057	-0.0751273279	-0.0872690209	0.0842419421	-0.0010472145	0.0948006283	0.0101290257	-0.0799246852	0.0268051121787209	0.0130706678373684	0.0001708423577148	0.0007185140389138	-0.0126259633861707	-5.504829744040069e-05	0.0001594149514289	3.030315051086824e-09	-0.0040366117450929	0.0160993194188137	1.629423438062195e-05	0.0002591880857489	-0.0002829811801418	-0.0001800395269601	3.241423126801657e-08	8.007834831444587e-08	0.0001930267172749	-5.09981002921e-05	2.6008062334030903e-09	3.7259313581924175e-08	-0.0001919727548289	0.000286014162757	3.685353859659696e-08	8.180410129758769e-08	0.0	0.0	0.0	0.0	0.0	0.0	0.0	0.0	0.0	0.0	0.0	0.0	0.0	0.0	0.0	0.0	0.0	0.0
841.1532263213803	0.2261664255762525	0.0511512520579385	707538.7501508673	915.089503716566	1.871142770002166	3.501175265731378	837388.7998122311	777.3062141118612	0.6488463555881481	0.4210015931600215	604204.9504969146	778.3554262472576	703.1405022327118	1.235461	17.520079	0.0661371026496693	0.03479906795676	-0.0873583119	-0.0381963149	-0.0255642314	0.0433987999	-0.1756529492	0.0025674846	0.0720935402	-0.0911373619	0.0160592273	0.0616428642	-0.06338708	-0.1006145129	0.0590739886	0.0663274097	-0.1036040927	-0.0876214572	0.0979610234	-0.0697100148	0.0586729279	-0.0185186977	-0.0028367799	0.0785043746	0.0224090013	0.0067689221	-0.0240242239	0.128718531	0.074661615	-0.0201172417	-0.0029994813	0.0206036635	0.0748877426	-0.0178047002	-0.0623874156	-0.0515035871	0.0200368726	-0.1217980207	0.0761455281	0.0401476669	-0.0284955721	-0.0773240763	-0.172516157	0.071149586	-0.0761720266	-0.1460596442	0.0181314526	-0.0490953667	-0.0601677683	-0.0333094893	-0.0223763585	0.042935596	0.0314031657	0.0491012855	0.0051651165	0.031545637	0.0626151905	-0.0372861736	-0.0033400848	-0.0150616011	-0.0426228943	0.0993655165	-0.0081063325	-0.0689180439	-0.1484912524	-0.0726737529	0.010405347	0.0554923406	0.0067023998	-0.0401726033	0.0694286328	0.0827523952	0.0349109666	-0.1177819364	-0.0917845643	-0.097696628	0.0037041313	-0.0080467159	0.0372531759	-0.0229427235	0.0529496185	-0.0717836069	-0.0344049916	-0.0877906335	-0.0652932247	0.0730445831	-0.1065671679	-0.0353501555	-0.100042345	0.0073322029	-0.0441680183	0.0924741833	0.0033794295	-0.0876327994	0.0408770173832948	0.0140719052045738	0.0001980185160865	0.0016709305501541	-0.0125284409951831	9.752239098760086e-05	0.0001569618337697	9.510616743938494e-09	-0.0309034065272015	-0.0268667947821086	0.0009550205349854	0.0007218246618639	-0.0001030024978937	0.0001799786822481	3.2392326063762544e-08	1.0609514572341672e-08	-1.6984368984784837e-05	-0.0002100110862596	4.410465635197278e-08	2.8846878981132106e-10	-0.0003040005917611	-0.0001120278369321	9.241635979109897e-08	1.2550236247707591e-08	0.0	0.0	0.0	0.0	0.0	0.0	0.0	0.0	0.0	0.0	0.0	0.0	0.0	0.0	0.0	0.0	0.0	0.0
839.1058497642822	-2.0473765570981186	4.191750766554946	704098.6271086382	911.4339842881984	-3.655519428367597	13.362822291172966	830711.9077154599	775.5867890270516	-1.7194250848095862	2.956422622272453	601534.8673132922	775.9605322665856	688.1058208627375	1.17294	16.633478	0.113967715624089	0.057255495746946	-0.0375189347	-0.0499710918	0.0252824103	0.0319432279	-0.0744247945	0.0274858002	0.0454198196	0.0628250416	0.1011321051	0.0276687843	0.1051732492	-0.0215558632	-0.0281026207	-0.0490481656	-0.1095088025	-0.0843607188	0.0594227617	0.0923514285	0.0041350807	-0.0580193379	0.0855457314	0.0746095446	0.0051637268	-0.0057037398	0.0363539428	0.0188425225	0.1314912651	0.2610468433	-0.0696540504	0.0755905177	0.1659624433	0.068255994	-0.0346243531	0.1322428242	0.0161347936	0.0002641322	-0.073757322	0.0237644127	-0.1520008935	0.0173490757	0.0325425315	0.0274731672	-0.00583774	-0.0943915383	0.0606155803	-0.0800038164	-0.0034666879	-0.0380200889	0.1480820109	-0.0324895581	0.0024249692	-0.0673157949	0.1883964098	0.0190062619	0.1421870881	0.0514081068	-0.0483473367	0.1395597995	-0.0480942238	-0.1302273584	0.1009891007	-0.0162721856	0.0702196085	-0.0028892493	0.2645577465	0.0614549599	-0.0014560728	-0.0275755878	0.0702332273	-0.0278025444	0.0557054007	-0.0031574944	-0.0403129676	-0.0572837699	-0.0037074517	0.1158667197	0.1026673888	-0.0503357519	0.0300847897	0.0265480822	-0.0375884834	0.011888881	0.0513152913	0.0433825622	-0.0269792278	0.00547637	-0.0442668286	0.0749732597	0.0049192171	0.090084361	-0.0033794295	-0.0948006283	0.0223017107769578	-0.018575306606337	0.0003450420155194	0.000497366303579	0.0359529101169613	0.0484813511121444	0.0012926117458782	0.002350441405659	-0.0093403261618618	0.0215630803653397	8.724169280995997e-05	0.000464966434842	0.0002420070023804	0.0003450095002741	1.190315552793842e-07	5.856738920114694e-08	6.497291242757441e-05	8.195728141235925e-05	6.716995976504647e-09	4.2214793493212545e-09	-0.0002240078226422	7.99927691189e-05	5.017950460489933e-08	6.398843111309641e-09	0.0	0.0	0.0	0.0	0.0	0.0	0.0	0.0	0.0	0.0	0.0	0.0	0.0	0.0	0.0	0.0	0.0	0.0
840.761537388209	1.6556876239268377	2.7413015080244976	706879.9627513848	919.7625202019058	8.328535913707356	69.36451046591321	845963.0935681611	777.1462482968793	1.5594592698276983	2.431913214251538	603956.2912419148	777.6555439737637	688.7171652017565	1.337607	18.968626	0.1213092225478348	0.0518706754205615	-0.0491100459	-0.0216699192	-0.0948075982	0.1842192627	-0.0019191932	0.0063939798	0.0152724708	-0.0295331081	0.0842648777	-0.1190807752	0.0569370315	-0.086343865	0.1671765496	0.0912765632	-0.0597816202	-0.0425748627	-0.0293556432	0.0334467264	-0.129279184	0.0765378992	-0.1982585113	0.135969057	-0.1464434964	-0.0799407499	-0.1126574937	-0.0383052579	-0.1587324137	0.0082576383	0.1566038427	0.0596274956	0.1269381968	0.0127795528	0.090646355	-0.0136913652	-0.0469122725	-0.1049493327	-0.0076528056	-0.0317908576	0.0593765422	-0.2343200473	-0.0042234891	0.0421615517	-0.153202432	-0.1020862855	-0.0463547025	0.0427911421	0.0446385343	0.0446936819	-0.1411100546	-0.1689421081	-0.0171280874	0.0348425385	-0.1122540695	0.1902518167	0.0744739512	-0.0102935123	0.217154502	-0.1109364411	-0.1229996237	-0.1326512056	-0.0046924248	0.1458163388	-0.008374877	0.0079334136	0.136396038	0.0624815873	-0.0046307184	-0.0159855637	0.111800756	0.0344621846	-0.0131550143	-0.0547170863	0.0039004297	-0.1714943897	-0.0733068888	-0.0778440033	-0.1276995958	-0.0028857629	0.0634720847	0.0025652315	0.0161138055	-0.0438540011	-0.0347927915	0.0851571253	-0.0245919257	-0.0779195719	-0.023619993	-0.0945689887	-0.0602031261	0.0876327994	-0.0101290257	-0.1013839798	0.0511053647742585	0.0288036539973007	0.0008296504835962	0.00261175830871	0.0090498025224121	-0.0269031075945491	8.189892569465642e-05	0.0007237771982438	-0.0390158969013754	-0.0296755707395136	0.0015222402110187	0.0008806394987158	8.044310941764818e-05	-0.0001615638929627	2.610289150927953e-08	6.471093852779716e-09	-0.000238018842755	-0.0003029917551825	9.180400370861713e-08	5.6652969506429416e-08	-0.0004779899788263	-0.0002539821561841	2.2847441985836677e-07	6.45069356599246e-08	0.0	0.0	0.0	0.0	0.0	0.0	0.0	0.0	0.0	0.0	0.0	0.0	0.0	0.0	0.0	0.0	0.0	0.0
841.8044515670701	1.0429141788611105	1.0876699844695443	708634.7346781357	917.9927052023882	-1.769814999517621	3.1322451325175567	842710.6068047987	777.2433214479138	0.0970731510344649	0.00942319665176	604107.180735385	778.566452483152	703.3881864843322	1.351006	19.158625	0.0837109672986678	0.0358192566481178	-0.1309544659	-0.0404552861	-0.0321726902	0.044809133	0.1375033734	-0.0101891754	0.164718291	0.0355690644	0.045206082	-0.0397674343	-0.2303917605	-0.1018492149	0.0660872824	0.1087538079	0.0549774789	0.133571413	0.0955421424	0.0806518813	-0.0402455043	-0.0153678119	0.0394304475	0.0599839568	-0.0909413622	0.0172096521	-0.0798081471	-0.0474211445	-0.0652911663	0.1136209696	-0.0823254166	0.0674907406	-0.0244121555	0.0043132726	0.0905824014	-0.1077653712	0.0661193823	0.1340185207	0.0439960708	-0.0967818086	0.0654607368	0.1024963129	0.1010207545	0.0679581427	-0.1226898154	0.0728711604	-0.1503489484	-0.0942753849	0.0009664452	-0.1325304094	0.0555655842	-0.0155272249	-0.0143940701	-0.0100702127	0.0407033043	0.0551098915	-0.043005126	0.0543621726	0.0494248767	0.0219993419	-0.030928795	0.0712102171	0.088172116	-0.0408292979	0.0762288051	0.1418268775	-0.0472924394	0.0760169576	-0.009348567	-0.0040850834	0.1319868437	0.0832541979	-0.1464525093	-0.0257450816	0.0450818197	0.0246792411	0.018908249	0.0643884498	0.0228110756	-0.0711781305	0.0737250633	0.0016095281	0.0848743993	-0.0845539083	-0.0304796545	0.0544575032	-0.0547784414	0.0273365313	-0.0478156907	0.0305662024	-0.0420304886	0.0851211787	-0.016850859	-0.1073422654	0.0421413640686125	-0.008964000705646	8.035330865082198e-05	0.0017758945655633	0.0297987999762483	0.0207489974538361	0.0008879684800244	0.0004305208953393	-0.0628405171687376	-0.0238246202673622	0.0039489305980344	0.000567612530884	-0.0001029988256202	-0.0001834419350378	3.365094353043011e-08	1.0608758079140371e-08	7.015592062620257e-06	0.0002450344348176	6.004187424639059e-08	4.921853198910036e-11	-0.0003029993712453	0.000174990607581	9.180861897504713e-08	3.0621712741567554e-08	0.0	0.0	0.0	0.0	0.0	0.0	0.0	0.0	0.0	0.0	0.0	0.0	0.0	0.0	0.0	0.0	0.0	0.0
840.5922132793453	-1.2122382877248583	1.4695216662260964	706595.2690258683	913.6754956273976	-4.317209574990557	18.638298514390144	834802.9113099707	777.1896065124778	-0.0537149354360053	0.0028852942888942	604023.68447102	778.0921315895347	700.6588148518449	1.30191	18.462399	0.0639103752277386	0.034099458990987	-0.1065818966	-0.0582317635	0.1097857453	-0.0562221209	0.1076321591	0.0430842217	0.0981821975	0.0011356213	-0.1084628603	-0.155102718	0.1623310745	-0.1016722763	-0.0901351168	-0.0305591045	0.0116421412	0.077076723	0.0346794785	-0.1114518521	-0.1401531828	-0.0964430928	0.0143909266	0.0740953717	-0.0263919038	0.0299877293	0.0208445405	0.0757732497	-0.0357113316	0.0401890742	-0.0766737134	0.0795211219	-0.0446875511	0.1287993939	0.0173366897	0.064797142	0.1135974165	-0.0049886158	0.1434618179	0.0306669264	0.1983329734	-0.1726635607	-0.0810867771	0.0816405425	0.0773611779	0.0860159107	-0.0610406627	-0.0529338592	-0.1100503173	0.1291276767	0.0322166733	-0.1474894892	-0.0637463113	0.0693467144	-0.0719986704	-0.0414518734	0.0537847067	-0.0306371874	0.0271869555	0.0456822546	-0.0691160145	-0.0755380583	0.0871389554	0.0306133836	-0.1241056222	0.0885984614	0.0082039962	0.0916371824	-0.0195455371	0.0175301794	0.1639851338	-0.1508469833	-0.0025145254	0.1023367755	0.0462074943	0.0646039758	-0.1081395774	0.041679949	-0.032418925	-0.012338244	-0.0734563688	-0.1079830173	0.123633079	0.0107033456	0.1491513629	-0.1765890135	-0.1985946339	-0.0676893886	0.122243154	-0.0162015239	-0.0460447115	0.0825512202	-0.0235265052	-0.1126387502	0.0374282749814369	-0.0047130890871755	2.22132087436537e-05	0.001400875768086	0.0365510066998666	0.0067522067236183	0.0013359760907736	4.559229563847619e-05	-0.0817313067453824	-0.0188907895766447	0.0066800065023077	0.000356861930829	0.0003539922281949	0.0004569910538151	2.0884082326703566e-07	1.2531049762239018e-07	-3.2084587711977974e-05	-3.910017977459823e-05	1.5288240584059003e-09	1.029420768647608e-09	-0.0004779939344616	-0.0001749945632163	2.2847820138208042e-07	3.0623097155263624e-08	0.0	0.0	0.0	0.0	0.0	0.0	0.0	0.0	0.0	0.0	0.0	0.0	0.0	0.0	0.0	0.0	0.0	0.0
840.3782876298916	-0.2139256494536994	0.045764183494187	706235.6663197489	918.9781386895094	5.30264306211177	28.118023444162084	844520.8193892351	776.1375809048982	-1.0520256075795942	1.1067578790032142	602389.5444929074	777.94790347066	694.146669079779	1.34239	19.036442	0.0369786286440521	0.0231958063706021	-0.0702162392	-0.012173926	0.0353914887	0.1111141335	-0.0852460514	0.0368871595	0.0040148112	-0.1255250126	0.0220356364	0.0240944348	-0.0206307512	-0.0528838147	-0.0026333831	-0.0436044916	-0.0622074018	-0.0895181952	0.079063604	-0.011625051	-0.0572134248	0.0379341067	-0.0250822144	-0.0425818632	0.0346474601	0.2078480845	0.0747683845	0.0650812462	0.0662318256	0.0447789716	-0.0147739191	-0.1423831636	0.0816689705	-0.0807909864	0.0097804294	-0.0563791244	0.0798643392	-0.0812132439	0.0296705576	-0.1187394377	0.0167445421	0.0649994871	-0.0362747061	0.0634589011	0.031561987	-0.0869202009	0.0735943598	-0.0225619772	-0.0635620534	-0.0775952907	-0.0702771793	-0.0146406681	-0.1109028272	-0.0195989286	-0.0950416368	0.0613558825	-0.0749558265	0.1459167057	-0.0719894906	0.1905857641	-0.0268665459	0.0677737822	-0.0047144224	-0.0815133395	-0.0566629544	-0.0907867974	-0.0384615295	0.0823751371	-0.009335028	-0.0007452488	0.1396024154	0.0420557498	0.009513919	-0.1189249184	-0.1212882988	-0.0706274054	-0.0442126519	0.0697762504	-0.0428714496	-0.0248320987	-0.0533653443	-0.0759889098	0.1970615861	-0.040751475	0.0484791725	0.1133213529	-0.0042373785	-0.0120699726	0.1044297805	-0.1200473834	-0.0036415543	0.0799246852	-0.0301376669	-0.1172407796	0.0439609519117425	0.0065326769303055	4.267586787574696e-05	0.0019325652929865	0.0354110719082854	-0.0011399347915811	0.0012539440136937	1.2994513290572706e-06	-0.0789787900983896	0.0027525166469928	0.0062376492854054	7.576347891972503e-06	-4.9977263337397176e-05	-0.0004039694915322	1.6319135008886272e-07	2.497726850695544e-09	9.501192379257616e-05	0.0001270965115045	1.6153523236627264e-08	9.027265662766298e-09	-0.0004779979369282	-4.0024665999582355e-09	2.2848202770761547e-07	1.601973888378124e-17	0.0	0.0	0.0	0.0	0.0	0.0	0.0	0.0	0.0	0.0	0.0	0.0	0.0	0.0	0.0	0.0	0.0	0.0
841.2690432659866	0.8907556360950366	0.7934456032350733	707733.6031576685	918.103938759444	-0.8741999300654015	0.7642255177263529	842914.8423656048	777.2130490432139	1.0754681383157276	1.156631716532297	604060.1236030492	778.5796489430086	699.1573826694955	1.321589	18.741465	0.0956491244389489	0.0580945018185281	-0.1228566559	-0.0759837811	-0.0090059513	0.0777681404	0.139628716	0.0455374244	0.1434625031	0.0278592923	0.0690208891	-0.0110454268	-0.0768748656	-0.1038051584	0.0554021228	0.0595199423	0.0208651628	0.0863554897	0.16064254	0.0640882647	-0.1094182935	-0.0831146199	0.085853389	0.0170905416	0.0612494455	0.0303584172	0.1356993985	0.0465074839	-0.0005363925	0.0223117058	-0.071722553	-0.0393501607	-0.0235494421	0.110340867	-0.1109820974	0.0923999942	0.0400461637	0.1803777651	0.1151605963	-0.0249171402	-0.0202229893	0.1327311946	-0.0307956286	0.0845665816	-0.1020454825	0.073204153	-0.0726325589	-0.0787347667	-0.0907931566	-0.1071500925	0.0564826695	-0.1148966084	-0.0747699499	0.0425119446	0.0871031975	-0.0784405375	-0.0359295758	-0.022408664	-0.04578156	0.0533927354	-0.017185447	-0.012672842	-0.0849335736	-0.0784763937	0.0865433047	0.0923513692	-0.0258149432	0.0911096857	-0.0265281259	-0.000406741	0.1655438661	-0.0044047906	-0.1543963196	-0.0094691592	0.041480305	-0.0419299783	-0.0208014616	0.172000832	0.0908131627	-0.1194745539	-0.0149574686	0.0319980129	0.1279622398	-0.0762608965	-0.0477177403	0.0779974623	0.0709520611	0.0061614277	-0.209284699	0.0738486448	0.011953938	0.0772433738	-0.0366662233	-0.1211199807	0.0410065660800427	-0.0029543858316997	8.728395642548496e-06	0.0016815384616769	0.0815323532252136	0.0461212813169282	0.0066475246224409	0.0021271725903152	-0.0790973097610816	-0.000118519662692	0.0062563844114404	1.4046910444627796e-08	-0.0005110892885981	-0.0004611120252607	2.1262429984002707e-07	2.61212260919712e-07	-0.0003723777312305	-0.000467389655023	2.1845308962259014e-07	1.386651747163745e-07	-0.000478595009197	-5.970722688000154e-07	2.290531828282765e-07	3.564952941699979e-13	0.0	0.0	0.0	0.0	0.0	0.0	0.0	0.0	0.0	0.0	0.0	0.0	0.0	0.0	0.0	0.0	0.0	0.0
840.3347365771355	-0.9343066888511656	0.8729289888320291	706162.4694981637	912.6852137400004	-5.418725019443514	29.362580836343103	832994.2993796302	777.1455541552415	-0.0674948879724297	0.0045555599024108	603955.2123432574	778.7690336481639	701.4272509507992	1.367821	19.397091	0.123772890919717	0.0707473953922024	-0.0831365872	-0.075936303	0.1270182298	-0.115518856	0.1442494744	0.079849005	0.1064340431	-0.0180662313	-0.1585872148	-0.1254493847	0.1112774327	-0.1084195299	-0.0755753677	-0.0754499583	0.0968858511	0.0923239476	0.0229444291	-0.1186063639	-0.2504681427	0.1433772898	-0.1780172409	0.004421551	-0.0766766729	0.0117476612	0.0055863768	0.0238829093	-0.0250663023	-0.01370474	-0.0387676474	0.0041726254	0.0983007469	-0.0554172794	0.0605251413	0.0919508709	0.1057628798	-0.0671514756	-0.0164522159	0.1498479188	-0.0783596391	-0.042217883	-0.0159209392	0.1151142142	0.1048742304	0.1605377818	-0.0406844219	-0.0160102821	-0.1612497303	0.1041393395	-0.0817144888	-0.0443208907	-0.1863572084	-0.1370194192	-0.1043890811	0.1221938792	0.1208916293	0.0553263018	0.0603754322	0.051379922	-0.0661783725	0.0225892241	-0.0317193344	-0.0060178748	-0.0012633944	-0.0574261869	0.0006746827	0.0999236014	-0.015303299	-0.026590724	0.1701105843	-0.1042608972	-0.0964602248	0.1034642193	-0.0186033444	0.07037592	-0.1770980555	0.0572201022	-0.1011164369	-0.0094775894	-0.0932561819	-0.1818500386	0.0208775118	-0.0592349351	0.179723438	-0.0195240595	-0.005666583	0.0432080797	0.0049194843	-0.0923633695	-0.0567506208	0.0745091236	-0.0430942802	-0.1242524367	0.0395019837029906	-0.0015045823770521	2.2637681293357543e-06	0.0015604067164713	0.0343034121034691	-0.0472289411217445	0.0011767240819404	0.0022305728794812	-0.0895373155100429	-0.0104400057489612	0.0080169308687449	0.0001089937200383	0.0003340174961917	0.0008451067847898	7.142054776977533e-07	1.1156768776217233e-07	7.39201764203834e-05	0.0004462979076508	1.9918182237355646e-07	5.464192482020606e-09	-0.0004780124681985	5.825409985000152e-07	2.2849591975322202e-07	3.393540149333947e-13	0.0	0.0	0.0	0.0	0.0	0.0	0.0	0.0	0.0	0.0	0.0	0.0	0.0	0.0	0.0	0.0	0.0	0.0
838.7996442340627	-1.5350923430727337	2.3565085017605347	703584.8431671902	916.777553215712	4.092339475711583	16.747242384467352	840481.0820801877	776.4183326621243	-0.727221493117213	0.5288511000516286	602825.4272938331	777.3718026257037	680.606652164926	1.470298	20.850317	0.0378760685142915	0.0196879898363325	0.0077273767	-0.0346009845	0.0361360278	0.1305158864	-0.0690756582	0.069865965	-0.0479886934	-0.111171202	0.0243716188	0.0855099978	0.0004406419	-0.0552937648	0.0201163776	-0.0444352973	-0.0520551965	-0.1189355155	0.102599156	0.0862202305	-0.1071858635	0.1726363637	0.0516342395	0.0748803705	0.0711773018	0.1334655546	0.0200395577	-0.0481878107	0.1579086103	-0.0322105222	-0.0598218519	0.0671404781	0.0383394293	-0.0747907632	-0.0315425884	-0.0096701404	0.055071894	-0.068509261	-0.0510029109	0.0968566492	-0.1964278892	-0.1229545978	-0.0952814725	0.0688150833	0.0240902533	-0.0786320583	0.0946982467	0.0386235869	-0.0577926317	-0.1531823179	-0.0806206849	-0.0502230066	-0.20914691	0.0996966599	0.0048476385	0.0168065049	-0.0018922514	0.1639702376	-0.0806350493	0.0752418365	-0.0182919317	0.1377708199	-0.0309349068	0.0795333597	-0.0217344334	-0.0527396134	0.0600423489	0.0905924697	-0.0092552415	-0.0097236625	0.1215348616	0.0237123994	-0.0276886613	-0.0548823565	-0.1869596276	-0.0694532836	-0.0218698328	0.1060093496	-0.0524789571	-0.0870149971	-0.0179532673	-0.0362228346	0.0780027802	0.0280775094	0.1861222503	-0.00907815	0.0690393127	-0.0059361219	0.1014611947	0.0132950647	0.0107112497	0.0717238087	-0.0494042187	-0.1266188352	0.0433493952441068	0.0038474115411162	1.4802575566714152e-05	0.0018791700680297	0.0327083209630103	-0.0015950911404587	0.0010698342602192	2.5443157463701463e-06	-0.0770045397509022	0.0125327757591407	0.0059296991422482	0.0001570704682289	0.0004420112680651	0.0001079937718733	1.1662654763443953e-08	1.953739610965177e-07	0.0001029519954627	2.9031819042316595e-05	8.428465169058163e-10	1.05991133697518e-08	-0.0002170222576427	0.0002609902105558	4.709866031233445e-08	6.811589000596082e-08	0.0	0.0	0.0	0.0	0.0	0.0	0.0	0.0	0.0	0.0	0.0	0.0	0.0	0.0	0.0	0.0	0.0	0.0
840.7812098530824	1.981565619019648	3.92660230248072	706913.042842013	919.0998400613934	2.322286845681333	5.393016193624556	844744.5160008789	777.1025574863218	0.6842248241974858	0.4681636100480802	603888.384851782	778.6136479177223	697.6164696959454	1.392803	19.751348	0.1074552638866798	0.061800829085375	-0.0716872539	-0.0887623508	-0.059667943	0.1066122845	0.1203134333	0.0669669827	0.0830604692	0.0574367578	0.104011435	-0.058288418	-0.0063528682	-0.0980288287	0.053898447	0.0363525779	0.0782834735	0.0216491928	0.0482835987	-0.0549278778	-0.1136415338	-0.0909319144	0.0868628697	-0.1034390221	0.0349184202	0.162787874	0.1647637865	-0.0098195989	-0.0833087421	-0.0526402111	-0.072504596	0.001517876	-0.1620993348	-0.0133347228	-0.2084111535	-0.1880677684	0.0532616872	-0.0257172364	-0.0508546383	0.081116869	0.0305221648	0.0113583497	-0.0253492074	0.0738545066	-0.0946222194	0.051429855	-0.0621336852	0.0055385104	-0.0778240075	0.0413261372	0.0545956713	-0.1032861465	-0.0215617938	-0.0140191777	0.0610309312	-0.1037386282	0.0438566909	0.1113163066	-0.0078928897	0.0342999379	0.0419056968	0.1359699246	-0.2296829972	-0.2645777265	0.092209013	0.01328005	-0.2025566918	0.0861413745	-0.0152934288	0.0104302288	0.1222611757	-0.0683187813	-0.1083957919	0.079004105	0.0771562914	-0.0718650689	-0.0637453892	0.0755944636	-0.0312123296	-0.1036783959	0.0086026518	0.0749800096	0.0851451769	-0.0187000956	0.0581355622	-0.1113640141	0.2281434265	-0.0261257814	-0.0781214569	0.0218742893	0.1288626754	0.0688893378	-0.0555787436	-0.1282045865	0.0459501177001016	0.0026007224559947	6.76375729311561e-06	0.0021114133166531	0.0699130947415653	0.037204773778555	0.004887840816343	0.0013841951919134	-0.0481570297781672	0.0288475099727349	0.0023190995170552	0.000832178831627	-0.0002279833810377	-0.0006699946491028	4.488928298263841e-07	5.1976422029381115e-08	0.0001030368150747	8.48196120000085e-08	7.194366579831982e-15	1.0616585260737924e-08	-0.0003229879425158	-0.0001059656848731	1.0432121101058973e-07	1.1228726370625137e-08	0.0	0.0	0.0	0.0	0.0	0.0	0.0	0.0	0.0	0.0	0.0	0.0	0.0	0.0	0.0	0.0	0.0	0.0
840.8780767577825	0.096866904700164	0.0093831972261906	707075.9399718673	913.9145096190676	-5.185330442325721	26.88765179610986	835239.7308922609	776.1017483707078	-1.0008091156139471	1.001618885895971	602333.9238240694	777.480648712354	687.6026887504739	1.524215	21.614908	0.1351471733353918	0.0655130495761323	-0.0105457778	0.0092360101	0.1671659229	-0.0152163034	-0.0309698375	0.0190922135	-0.0312300436	-0.0170639684	-0.0432097545	-0.0290622699	-0.0357132643	0.0217186842	-0.1425056677	-0.1012037294	0.0113717134	-0.0160182179	-0.0031173715	-0.020512232	-0.0528381736	0.0593516849	-0.0107541979	-0.1210936349	0.0414157972	-0.0152354799	-0.0078031227	-0.1050499743	-0.04315531	-0.1445118354	0.1695723212	-0.1556809671	-0.1472386107	0.0733940742	0.0732539197	-0.1501745079	0.0737557714	-0.0282432815	-0.0902067523	-0.0654256324	-0.0532843725	0.0125760164	-0.0728569163	0.0118123604	0.1474342966	-0.0009499987	0.0272954739	0.0016623332	0.0279485566	0.0198857483	0.0038563899	-0.0284855718	0.0078813153	-0.0924605509	-0.0389825291	-0.1461432589	-0.0777885498	-0.0651143818	0.2059119164	-0.1125961654	0.0708912749	0.1105648741	-0.169832758	0.0134590691	0.0497615653	-0.0319666007	0.0138323288	0.0282545733	-0.026716276	0.0550793513	-0.025266076	-0.0029052401	0.0623304363	0.0715416834	-0.1116710016	0.1020499387	-0.0178091594	-0.0487634477	-0.0101681564	0.0245873203	-0.0271780448	-0.0109489598	0.0669157417	-0.0719071413	-0.005660022	-0.1088488937	0.1072697643	-0.1014556838	0.0871328511	-0.1134453945	-0.0756588768	0.0660076536	-0.0616009311	-0.1289999139	0.0282643770532615	-0.0176857406468401	0.0003127854222272	0.0007988750102089	0.0385907024060259	-0.0313223923355394	0.0014892423121904	0.0009810922616214	0.0007845931948651	0.0489416229730323	6.155864814286247e-07	0.0023952824592344	0.0003040382147437	0.0005320215957814	2.830469783777874e-07	9.243923602453625e-08	0.000159927233436	5.68904183613e-05	3.2365197013237403e-09	2.5576719994492838e-08	-0.0004780242759727	-0.0001550363334569	2.285072084192241e-07	2.403626469175909e-08	0.0	1.0	0.0	0.0	0.0	0.0	0.0	0.0	0.0	0.0	0.0	0.0	0.0	0.0	0.0	0.0	0.0	0.0
840.030394704174	-0.847682053608537	0.7185648640099865	705651.0640268504	913.5352705767054	-0.3792390423622009	0.1438222512517992	834546.6905876545	776.9943326258764	0.8925842551685719	0.7967066525748342	603720.192932731	777.3207031924302	689.1613895453597	1.349526	19.13764	0.0851554085525317	0.0420895992256244	-0.0288934742	-0.0308984734	-0.0500068663	0.0587442672	-0.0974081693	0.0118328521	-0.0180946241	-0.0777327243	0.0513245238	0.1226885997	-0.017230343	-0.0363607297	0.0136109796	0.02071648	-0.0932151006	-0.0622218403	0.0055241411	-0.0477119651	0.109845739	-0.0133260066	0.0768187359	-0.0257158804	0.0143959332	0.1394922703	-0.0769447438	-0.0372299635	0.0401747816	0.0362526129	-0.0743856319	0.0269147093	0.0622565294	-0.1230769462	-0.0613479776	-0.0385538722	-0.0320599637	0.0462800075	0.019508889	0.0807007211	-0.027746329	0.0619193957	0.0225308009	0.0384511492	-0.0169029099	-0.1135729297	0.0536154467	-0.075781799	0.0009796016	0.0078525048	0.0525035783	0.1255037026	-0.0074506626	-0.00395293	0.0308915427	0.0221486416	0.008133596	0.0937780138	-0.1946536679	0.0600251725	0.0518680113	0.0114622634	0.0798705592	0.026289542	-0.0668096795	0.0373890648	-0.0190416675	0.0329605721	0.0086359972	0.0251496884	-0.0325354358	0.033440618	0.0681731615	-0.0284065783	-0.0315694146	-0.1195753522	0.0331513435	0.0130814178	0.1273788712	-0.0298107486	0.0398019146	0.0297147735	-0.0081302351	0.0771561318	0.0089986836	0.0697516888	-0.0699697355	0.0903123744	0.0683442084	-0.0100323231	-0.0227699836	0.063080731	-0.0674542747	-0.1289999139	0.0297157373071144	0.0014513602538528	2.106446586463952e-06	0.0008830250437054	0.0319890128318434	-0.0066016895741825	0.0010232969419558	4.358230523386993e-05	0.0243306266117429	0.0235460334168778	0.00059197939132	0.0005544156896687	-7.996595690317043e-05	-0.0003840041716468	1.474592038421991e-07	6.39455426343971e-09	0.0005040049927484	0.0003440777593124	1.183895044534419e-07	2.540210327153148e-07	-0.0001349797007796	0.0003430445751931	1.8219519622550352e-08	1.1767958056941445e-07	0.0	0.0	0.0	0.0	0.0	0.0	0.0	0.0	0.0	0.0	0.0	0.0	0.0	0.0	0.0	0.0	0.0	0.0
840.1705523148835	0.1401576107094797	0.01964415583979	705886.5569770964	916.9737098830902	3.438439306384794	11.822864863691942	840840.7846167578	776.653004941982	-0.3413276838944057	0.1165045877927193	603189.8900854103	778.1684063063803	695.0968177633612	1.248606	17.706501	0.059932503288795	0.0307305128621893	-0.0250042273	-0.0633543752	-0.1129006552	0.0369377331	0.0766470856	0.0132102633	0.0566421634	0.0439181847	-0.0146067829	-0.1075697578	-0.0093499626	-0.0407004402	0.1469759759	0.0344115226	0.056563438	0.0688360207	-0.1016359554	0.051620412	0.0551550223	-0.0276165386	-0.0328451217	-0.0192723545	0.2057758443	-0.0067893108	-0.0598282697	0.0299760319	0.0113681989	-0.0442239183	-0.1133930582	-0.0344133359	0.0043548544	0.0617268345	0.150230328	0.011238908	0.0163398845	-0.0027731047	-0.2334646794	-0.0205036238	0.0535083974	-0.0162246406	0.0497340838	0.0241140825	-0.1427931748	0.0572162638	-0.0340302815	0.0434247832	0.051336074	0.0697415824	-0.0910478662	-0.0361837934	0.0799006819	-0.0386150116	0.1133612517	0.0030987283	-0.1532173323	-0.0164525655	-0.0240927236	-0.0243603217	-0.0155978489	-0.0256249724	0.0426232678	0.1114981703	-0.0245372757	-0.1191544176	-0.06852305	0.0249830107	0.0096915584	-0.0119953394	-0.0118435197	0.0290116803	-0.0802840873	0.0543843767	0.1084713462	-0.0551842647	-0.0103558399	-0.1167757594	-0.0652010003	0.0192354012	0.0919165264	0.0226059062	-0.0011496059	0.0261589395	-0.1195536682	0.0128512045	0.0604981298	0.1104431455	0.0672572908	0.0422650343	-0.0028506784	0.0601105761	-0.0731227308	-0.1282045865	0.0417513110963767	0.0120355737892622	0.0001448550364367	0.0017431719782664	0.0184516314129297	-0.0135373814189136	0.0003404627017986	0.0001832606956811	0.0243186824324936	-1.1944179249299277e-05	0.0005913983152524	1.426634179393914e-10	6.700120084520306e-05	0.0001469671577483	2.1599345456635298e-08	4.489160914699241e-09	4.5998220086662656e-05	-0.0004580067726617	2.097702038040204e-07	2.115836251141056e-09	-5.300155316231602e-05	8.197814761728399e-05	2.809164637617811e-09	6.7204166867612055e-09	0.0	0.0	0.0	0.0	0.0	0.0	0.0	0.0	0.0	0.0	0.0	0.0	0.0	0.0	0.0	0.0	0.0	0.0
839.5851469772183	-0.5854053376651791	0.3426994093668823	704903.2190247573	914.298274103039	-2.6754357800512025	7.157956613178187	835941.3340277959	776.318543779798	-0.3344611621839704	0.1118642690094521	602670.4814163862	777.5127190979396	685.423943589601	1.323133	18.763357	0.1054693929993398	0.0494445671428471	0.0221201181	-0.0044367547	0.0366496402	-0.115893467	0.0953084154	0.0329535807	0.0342466977	0.0217079941	-0.1142780515	-0.0265152324	-0.1021513197	0.003128625	0.013043454	-0.0542365456	0.0950053542	0.1289783327	-0.0212711943	-0.0414819733	0.1138547535	0.0501836335	0.051613218	-0.11819677	-0.0348507386	-0.0268615145	-0.0374221619	0.0158386286	0.0055292977	-0.0336887127	-0.0563224405	0.0791109564	0.0905711094	-0.0007839169	-0.0094885619	0.0402043938	-0.1555859006	0.0747741173	0.1110643666	-0.0266032928	-0.0858133303	0.0025228015	0.1244775746	0.0222295645	0.0216593429	0.1662152923	-0.0159067403	-0.0050378846	0.036540609	-0.0363735932	0.0053228164	0.1454613508	0.0382083419	0.0206151682	-0.0357720027	-0.0564425631	0.0760214044	-0.0235369731	-0.0719531864	0.0063794086	0.0564879305	-0.0146372155	-0.0019833593	0.117694698	-0.0111906117	0.0552970485	-0.0667693349	-0.0132518836	-0.0013694556	0.0294981275	-0.0988845987	0.0942415426	-0.0846809506	0.0935234517	0.0052100598	0.1440872684	0.0489319344	-0.0524617911	0.0637232491	0.0425340535	0.0056954068	-0.0036308769	-0.0665505366	-0.0374042853	0.0682706488	-0.0489428758	-0.1003421994	0.0484255675	-0.0300235262	-0.0578275153	0.1407217009	0.0570992244	-0.0785907625	-0.1266188352	0.0210711470240028	-0.0206801640723738	0.0004276691860603	0.0004439932369071	0.0458456402152762	0.0273940088023465	0.0021018227267485	0.000750431718263	0.0562143777266896	0.031895695294196	0.0031600562631989	0.0010173353783001	0.0004670048155432	0.0004000036146979	1.600028917714636e-07	2.180934977405383e-07	7.596892499495134e-05	2.997070490828868e-05	8.982431526997193e-10	5.771277564888542e-09	-0.0001330177301645	-8.001617700218397e-05	1.769371653811573e-08	6.402588582044835e-09	0.0	0.0	0.0	0.0	0.0	0.0	0.0	0.0	0.0	0.0	0.0	0.0	0.0	0.0	0.0	0.0	0.0	0.0
838.7532654064438	-0.8318815707744989	0.6920269477942476	703507.0402299723	912.9174534460742	-1.3808206569648291	1.9066656867007823	833418.2768064651	776.0285233743326	-0.2900204054653841	0.0841118355863057	602220.2690905471	777.4520736987984	673.5500387593156	1.166823	16.546734	0.0736485121561113	0.0363660646020963	0.0863229449	0.0056544184	0.0552423138	-0.0098681511	-0.0018135195	0.0242442714	-0.0855638068	0.0005655576	-0.0479137027	-0.0427305214	0.0752984492	0.0469422765	-0.0927411284	-0.1056518379	0.0356078526	-0.0022361027	-0.0887826099	0.0355213132	-0.0639620322	-0.1325115889	-0.0090782861	-0.1540686443	-0.039587861	-0.0856213215	-0.1077456983	0.0184947482	-0.0916798711	0.0111678001	0.0629125012	-0.0098648414	0.0092871748	-0.0986286349	-0.1335194411	-0.1041657802	-0.1106232555	-0.0140164916	-0.063206764	-0.0190754631	-0.1819951563	-0.0525769994	0.0558928934	-0.029070646	0.1247694037	0.0497686101	0.0172993764	0.0447912171	0.062790502	0.0965119864	0.0229588937	-0.0853877473	0.0291111937	0.0180037244	-0.0725858298	-0.0829285167	0.0586966709	-0.0047788475	-0.0280052106	-0.0403528781	0.0304982313	0.0289624715	0.0145116349	-0.0144934246	0.1225789749	0.0686975406	-0.0627658308	-0.0071403978	0.0218200361	-0.0068779949	-0.0827901869	-0.0727745805	0.1127920231	0.0990967835	0.0421804652	0.041317191	0.0110157422	-0.0609425285	0.0257745409	0.0113975249	0.0745493701	0.0771381792	-0.1291335846	0.106468722	-0.1180650513	0.0012763024	0.013890125	0.0294033753	-0.0888815384	-0.0276246362	-0.0639057571	0.0540487397	-0.0838433825	-0.1242524367	0.0136528090017122	-0.0074183380222906	5.5031739012962434e-05	0.0001863991936372	0.0201169604736008	-0.0257286797416754	0.0004046920986964	0.0006619649612496	0.0685661543526663	0.0123517766259767	0.0047013175227136	0.000152566385818	6.499957304863959e-05	-0.0004020052424945	1.6160821499311038e-07	4.224944496505434e-09	-1.4001989693923632e-05	-8.997091468887497e-05	8.094765489952818e-09	1.960557153887436e-10	-6.199953202456332e-05	7.101819813993667e-05	3.843941971264853e-09	5.043584467043305e-09	0.0	0.0	0.0	0.0	0.0	0.0	0.0	0.0	0.0	0.0	0.0	0.0	0.0	0.0	0.0	0.0	0.0	0.0
839.6213266660026	0.8680612595587718	0.7535303503467613	704963.9721923782	917.3093619432278	4.391908497153622	19.288860247370188	841456.4655086917	775.816554939903	-0.2119684344296502	0.0449306171945569	601891.3269188195	777.7184004399578	684.8643787315581	1.099502	15.592048	0.0792814047599426	0.0404970818394547	0.0555437548	0.001453289	0.0947631869	-0.0873132293	-0.1304776538	0.0299417005	-0.0354534511	-0.1005669658	-0.0891153648	0.006015544	-0.0484731601	0.0190746052	-0.0775483457	-0.1504046973	-0.0419001906	-0.0932181252	0.0207959103	0.0296858518	0.094740217	0.0194985619	-0.0483197018	-0.101453884	0.0617989994	-0.1868429634	0.0757938154	-0.0966693179	-0.0830888508	0.0405567669	0.0324073795	-0.125673132	-0.0093515111	-0.2809906638	-0.0322270116	0.0149153094	-0.0457713716	0.0187183566	0.1532193135	0.0642513305	0.1120001499	-0.0081695578	0.0841951962	0.0191348049	0.1175239573	-0.028058491	0.1449010532	-0.0001967296	0.0004156573	-0.0418098871	-0.0692960247	0.0325305613	0.0904354516	-0.0534210346	0.0358438082	-0.0105577176	-0.0839326683	-0.0445569892	0.0521179486	-0.0656219921	0.1913123431	-0.0428530063	-0.0656443135	-0.0610339906	-0.0050541766	-0.0239183439	-0.0281303659	0.0044581151	0.03889021	-0.0339188237	-0.0730010655	0.0418268217	0.0811765256	-0.0283232143	-0.1070782549	0.0482508579	0.0331066111	-0.0421984306	-0.0138430642	0.0293692205	0.1170019167	-0.0488499572	-0.1979918581	0.0303964496	-0.1147695102	0.0689297881	0.0024642702	0.1080130692	0.0376166768	0.0104809437	-0.0138892255	0.0509612127	-0.0888661936	-0.1211199807	0.031712821773965	0.0180600127722527	0.0003261640613339	0.0010057030648672	-0.008771953157904	-0.0288889136315048	7.694716220446195e-05	0.0008345693308085	0.0540341492989	-0.0145320050537663	0.0029196892904558	0.0002111791708826	0.0002549998745554	0.0001900003015067	3.610011457265986e-08	6.502493602326975e-08	1.5009589851677774e-05	2.9011579545601407e-05	8.41671747730758e-10	2.252877875155884e-10	7.499805297144958e-05	0.000136997584996	5.624707949508356e-09	1.8768338294739777e-08	0.0	0.0	0.0	0.0	0.0	0.0	0.0	0.0	0.0	0.0	0.0	0.0	0.0	0.0	0.0	0.0	0.0	0.0
837.2704659804111	-2.3508606855914422	5.5265459630594655	701021.8332030548	913.160294150164	-4.149067793063864	17.214763551439844	833861.7228124139	775.642170035683	-0.1743849042200054	0.0304100948198204	601620.7759376633	776.3818162739999	669.512801934222	1.138409	16.143784	0.1037903232348377	0.0585986506907876	0.1094331783	-0.0172309598	0.0606575803	-0.0486312429	-0.031379644	0.0493204148	-0.1259785581	-0.0113120684	-0.0439669473	0.0730404234	0.0594564021	0.0579736981	-0.0536886884	-0.119672841	0.0032180607	0.0443644688	-0.0301657396	0.1220427398	0.0243027853	-0.0089813257	0.0615653079	-0.0921067306	0.1043020152	-0.0105450826	0.0036591724	-0.0770109871	-0.096949388	0.0263843578	-0.0017670111	0.2143846372	-0.0901316197	-0.0740012726	-0.1436977842	-0.0928842258	-0.0707906037	-0.0094634465	-0.2563401795	-0.0500230804	-0.0405665683	-0.0331925435	-0.1533349951	-0.0272425188	0.0850269215	0.0424848862	0.0800700146	0.0170708284	0.0744999111	0.0164886979	-0.0033456173	0.0179586234	0.0059060922	-0.0043225249	0.1854098354	-0.1397437568	0.0415096598	0.0526643644	0.0095953399	-0.1199758489	-0.0030867546	-0.1371865818	0.0421896596	-0.0379761162	0.1066009322	-0.0585470455	0.0336757743	0.0048820425	0.0327377761	-0.0262601856	-0.0831697479	-0.0114679073	0.0271278724	0.0351202134	-0.0399020485	0.0895580904	0.0585329158	0.0747917997	0.0574617391	-0.0065374574	0.0589931611	0.07786786	-0.2240161841	0.052956728	-0.0867226217	-0.032887881	0.0825871642	0.0326129905	-0.186753692	0.0142010655	-0.0545858081	0.0478387595	-0.0936454286	-0.1172407796	0.0136430575252006	-0.0180697642487644	0.0003265163800059	0.0001861330186359	0.0383508213134291	0.0471227744713331	0.0014707854954145	0.0022205558738761	0.0643306979271471	0.0102965486282471	0.0041384386957938	0.0001060189136538	-0.0002279993645069	-0.0004829992390623	2.3328826493476089e-07	5.1983710215550255e-08	-1.0015159079834746e-05	-2.502474893151252e-05	6.262380590852368e-10	1.0030341139439636e-10	0.0001329987827075	5.800072973605042e-05	1.76886762016768e-08	3.3640846499143637e-09	0.0	0.0	0.0	0.0	0.0	0.0	0.0	0.0	0.0	0.0	0.0	0.0	0.0	0.0	0.0	0.0	0.0	0.0
840.4743779304856	3.2039119500744846	10.265051783830089	706397.1799576367	918.99027706763	5.829982917466055	33.98870081794601	844543.1293448394	776.9545802487036	1.3124102130205983	1.7224205672407724	603658.4197694391	777.3656832313674	675.8133547255499	1.363178	19.331236	0.1017304967729369	0.0478477244587967	0.0688924712	0.0210224712	-0.0893463556	0.1765957349	-0.0807855614	-0.0128878423	-0.0949938312	-0.0132746589	0.1387311688	-0.0101778802	0.0349458876	0.0219976346	0.0753358175	0.0376396756	-0.0645147233	-0.1269125639	-0.1271090181	0.0628784625	-0.0148127352	-0.0124879346	-0.1738634805	0.0195907229	-0.0454071075	-0.0068940863	-0.095204648	0.0291972223	0.0559275797	-0.0194927191	-0.0309432122	-0.0548529023	-0.0575234121	0.0144067155	0.0063692539	-0.0253612798	-0.1351997646	-0.0924434636	0.083084676	0.0489298435	0.0956348914	0.0666562759	-0.1406766023	-0.0180260948	-0.0728765947	-0.1407756025	0.0460009198	0.0793013001	0.1183136619	0.0214768553	-0.0572638229	-0.0941304652	0.0356674592	-0.0757276985	-0.1500715216	0.0918830078	-0.0175309963	-0.055635927	-0.0918373016	-0.1094219734	-0.0082070563	-0.014218786	0.0554254454	-0.0688037833	-0.0969592593	-0.0367685296	0.0386721269	-0.0007072344	0.0172561785	-0.024911337	-0.0236025288	0.0200195202	0.1073480286	0.0016348015	-0.0016105782	-0.1603881381	-0.001250476	-0.1246553802	-0.1408695607	-0.0099841818	0.1170030522	0.0897298871	-0.0587939719	0.0174719979	0.0131679289	0.0673488166	-0.021502709	0.1078134345	-0.0131951859	-0.0577139424	0.0128269018	0.0446835199	-0.098167988	-0.1126387502	0.0362951121354342	0.0226520546102336	0.000513115578065	0.0013173351649237	0.0241227858010972	-0.0142280355123319	0.0005819087948056	0.0002024369945401	0.0416275272755939	-0.0227031706515532	0.0017328510270803	0.0005154339576335	0.0002470184853277	0.0004750178498346	2.2564195766148665e-07	6.101813209359116e-08	-0.0003499866857377	-0.0003399715266578	1.155806389380796e-07	1.224906801936596e-07	0.0001050434392236	-2.79553434839e-05	1.1034124123922149e-08	7.815012293028301e-10	0.0	0.0	0.0	0.0	0.0	0.0	0.0	0.0	0.0	0.0	0.0	0.0	0.0	0.0	0.0	0.0	0.0	0.0
841.908421956286	1.4340440258004037	2.056482267933829	708809.7909609238	917.579361738559	-1.410915329071031	1.990682065807616	841951.8850885413	777.0612582077626	0.106677959059084	0.0113801869490116	603824.1990074312	778.3352710074046	696.1176741694937	1.394149	19.770445	0.072807992598309	0.0416642131804193	-0.047842789	-0.0135034571	-0.0971663606	0.0061145741	0.1059913576	-0.0287890374	0.0850032098	0.0420403668	0.028277107	0.00044478	-0.2445365879	-0.0140279683	0.110081761	0.0863850246	0.0414757494	0.1084863097	0.0253036672	-0.0180522409	0.1547214233	4.60924e-05	0.0296189292	0.1003184405	0.0183739113	-0.0898463267	-0.0164528656	-0.139834181	0.0896336152	-0.0097092494	0.0976363679	0.0347144708	0.0224801664	0.032590811	0.0641699513	-0.1054847525	0.0585629934	0.0077147974	-0.0585660088	0.2234933878	-0.0362110528	-0.0049635762	0.157269557	-0.008394797	-0.1382024389	0.0693218941	-0.0881395618	-0.050977373	0.0283121434	-0.0568982152	0.0153158445	0.1124792141	0.0776864153	0.0599300366	0.0922813017	0.0682717204	-0.0519390465	-0.0293099498	0.0763448657	-0.0234018375	0.0582477773	0.0255971013	0.023953567	0.0999215523	-0.0058138856	-0.0315028267	0.0385039832	0.0039753914	0.0137580823	-0.0290381219	-0.0015749638	0.1368815468	-0.1150309558	0.0033135685	0.088532605	0.0145985548	0.0822504796	-0.0444921454	0.0012809479	-0.0449917799	0.1933222843	0.0652459384	-0.0868426765	-0.0294207697	-0.0180878625	0.0285309894	0.0485741826	0.1324723046	-0.0375735173	-0.0527027629	0.0385567864	0.0414976565	-0.1024214758	-0.1073422654	0.0182647711977068	-0.0180303409377274	0.0003250931943306	0.0003336018669045	0.0359645895422744	0.0118418037411771	0.0012934517009442	0.0001402283158445	0.0076933020407494	-0.0339342252348444	5.9186896290198885e-05	0.0011515316422891	0.0002810261532757	3.4007667947999985e-05	1.1565214792614256e-09	7.897569882493724e-08	-0.0004959851621635	-0.0001459984764257	2.1315555118654864e-08	2.4600128108635336e-07	0.000105069748541	2.630931739999764e-08	1.103965205846897e-08	6.921801820538184e-16	0.0	0.0	0.0	0.0	0.0	0.0	0.0	0.0	0.0	0.0	0.0	0.0	0.0	0.0	0.0	0.0	0.0	0.0
840.112648089464	-1.79577386682206	3.2248037807610537	705789.2614798915	914.27742310484	-3.3019386337190326	10.902798740846311	835903.2063992266	776.8231920134032	-0.2380661943594759	0.0566755128968037	603454.2716498927	777.8722480888122	694.0402077119463	1.246915	17.68251	0.0626336529553406	0.0341779495723482	0.001615205	-0.0395130161	0.0219516271	-0.1464303756	0.0785090718	0.0143161285	0.059407649	0.0688223759	-0.1125776207	-0.0829765718	0.1106094848	-0.0052642832	-0.1080571479	-0.1103974475	0.1031557009	0.0281949841	0.0123246948	-0.1554149075	-0.0427548728	-0.0483079937	0.013961276	0.0146165215	-0.0294303835	0.0334013613	0.017540535	-0.0056623216	0.1763902624	-0.0168590092	0.1310702822	0.0791415891	0.0601123958	0.0918299215	-0.0027229193	0.0341677638	-0.2482256055	-0.1491151433	0.0285948227	-0.0555823451	0.0747872036	0.0461294946	0.0764346701	0.0132675431	0.0975778074	0.1114811084	0.0146816805	0.0264089939	-0.1060022785	0.1208818949	0.0665558835	-0.0579492103	0.0244824664	0.0566418954	-0.0699492928	-0.0549909255	0.0203855397	-0.0094950305	0.0337757684	0.0783662355	0.0160306187	-0.0368256531	0.0001975043	0.1366319751	-0.233206398	0.0534074903	0.2135774963	0.0039813264	0.0048233979	-0.0320112462	-0.0114951745	-0.0580610476	0.0008408286	0.1420655405	0.0786461096	0.0615661456	0.0036559744	0.0230427327	0.047605076	-0.0306956517	0.083841702	0.0223146493	-0.1426462502	0.0141806736	0.1101097142	-0.0205039867	-0.0602283995	0.2044116501	0.0747213582	-0.0272148469	-0.0642495648	0.0382833527	-0.1063942335	-0.1013839798	0.0137665529967279	-0.0044982182009789	2.023396698361787e-05	0.0001895179814117	0.0585167590477624	0.022552169505488	0.0034242110894538	0.0005086003494042	0.0318532210806381	0.0241599190398887	0.001014627693212	0.0005837016880139	0.0002385635053486	-4.24626479271e-05	1.8030764689808491e-09	5.69125460842115e-08	-0.0004739677452056	2.2017416957899945e-05	4.8476664949802e-10	2.2464542349528058e-07	0.0002690566078357	0.0001639868592947	7.239145822005366e-08	2.6891690021339742e-08	0.0	0.0	0.0	0.0	0.0	0.0	0.0	0.0	0.0	0.0	0.0	0.0	0.0	0.0	0.0	0.0	0.0	0.0
839.6476745927889	-0.4649734966750429	0.2162003526102161	705008.217449078	920.636886288306	6.359463183466005	40.44277198185957	847572.2763946272	775.8705982391491	-0.9525937742540692	0.9074348987476124	601975.1852119751	777.9268997855809	680.1827430787328	1.315315	18.6525	0.0653117705293791	0.0366702246392609	0.0652853436	0.0253924744	-0.0012852301	0.0342098798	-0.1240627731	0.0369180665	-0.0615946737	-0.1253636746	0.0247217724	0.0777455302	0.0356144217	0.0572661195	0.0115485616	-0.0473960017	-0.0198310868	-0.1096973938	-0.0265237828	0.0393616013	0.0403223785	0.0154147122	-0.0946977468	-0.0527823568	-0.0257654897	0.0289748851	0.080552221	-0.0804226301	0.013497615	-0.0036960592	-0.1838984852	-0.1017600852	0.009109481	-0.0788901045	-0.1122407412	-0.1310342635	0.0673740541	-0.0011216434	0.0647304798	-0.071412736	-0.0224329634	-0.0200956597	0.0248974758	-0.0173186479	0.0397331113	-0.0776246816	0.1278695657	0.0678546123	-0.0018996498	-0.0560949594	-0.0919887044	0.0339656296	0.0011436662	-0.050773841	-0.0865054162	0.0276341749	-0.1240361634	0.0736146839	-0.0976487873	0.1315825626	0.1164714294	-0.0001584767	0.0074504699	-0.0587457904	0.0922883989	-0.0178385387	-0.1259955603	-0.0127865161	0.0095249422	-0.0182249462	-0.0369910239	0.0491681223	0.0909047184	0.0079099725	-0.0842369643	-0.0597632694	-0.0293219439	-0.0775622893	-0.0941053308	0.0004909299	0.1159533537	0.0052827305	-0.0577894636	0.0469625635	0.1572877748	0.0560377642	0.1200998189	0.1487515711	0.112110291	-0.1008940786	0.0726199202	0.0350428114	-0.1100753719	-0.0948006283	0.0136736645594339	-9.288843729399893e-05	8.62826178292117e-09	0.0001869691024839	0.0269450753898894	-0.0315716836578729	0.0007260370877668	0.0009967712089928	0.0266765315727894	-0.0051766895078487	0.000711637336754	2.679811426067084e-05	0.000499014638711	0.0002604511333624	6.783479286975868e-08	2.490156096478698e-07	-0.0003479784152784	0.0001259893299272	1.5873311255504867e-08	1.210889774996666e-07	8.60868925980307e-05	-0.0001829697152376	7.410953077184873e-09	3.3477916694153794e-08	0.0	0.0	0.0	0.0	0.0	0.0	0.0	0.0	0.0	0.0	0.0	0.0	0.0	0.0	0.0	0.0	0.0	0.0
840.9111555203665	1.2634809275775751	1.5963840543522896	707131.571478598	917.0376507879016	-3.5992355004043475	12.954496187370934	840958.0529625934	776.4091980446894	0.5385998055403434	0.2900897505280957	602811.2428083977	777.3061626322849	687.7310330327144	1.297996	18.4069	0.0888039895760491	0.0493372936837533	-0.0012246654	-0.0014726502	-0.0621142373	0.0282128086	0.1299524892	-0.0058882139	0.0310771693	0.0507598547	0.0524695945	0.0439420303	-0.1535408235	0.0290186818	0.0815088779	0.0474836374	0.0932748996	0.0318636604	0.0714140913	0.0234097361	0.0132503017	0.0655619795	0.0271514032	-0.0959800529	-0.141024212	0.0858866872	0.1067125561	-0.1547351003	0.0163548328	-0.1057550675	0.0493366684	0.0379288755	-0.0575793653	0.1322105703	-0.0862137365	0.0111626283	-0.0971427464	0.0274883599	0.0211736614	-0.2358446892	-0.0174839425	-0.0173103986	0.0810851636	-0.0331666641	-0.1043012977	0.0804070919	-0.0553937051	0.0253391113	0.0011145289	-0.114956912	0.0408743133	0.0518547534	0.0108554935	0.0176641281	0.0225891153	-0.0566706026	0.135587157	0.0868579585	0.0750499154	0.0406343393	0.0429385397	0.0661213255	-0.1877267015	0.014313975	0.0928526595	0.0642070674	-0.013886702	-0.0098628381	-0.0100396794	0.0200482197	-0.0297782699	0.0773906474	-0.1071946789	0.0455010282	0.0466277504	0.0237745374	0.0610615861	-0.0197448697	0.015472425	-0.0740102941	0.0623489878	0.0565458771	0.0550673085	-0.0246467992	0.1487554172	-0.1073931659	0.1133567139	0.1293413997	-0.0620456179	-0.0075073062	0.0828074286	0.0317782535	-0.1134548014	-0.0876327994	0.0279000549477643	0.0142263903883304	0.0002023901834811	0.0007784130660882	0.069374455043885	0.0424293796539956	0.004812815012636	0.0018002522578228	0.015455849627628	-0.0112206819451613	0.0002388832877118	0.0001259037033144	0.0001920050093161	-0.0003070096293949	9.425491254119385e-08	3.6865923602475655e-08	-0.0002874965400239	6.048187525449999e-05	3.6580572343008982e-09	8.265426052571392e-08	3.502764547619558e-05	-5.105924712183512e-05	1.2269359476060447e-09	2.607046716648628e-09	0.0	0.0	0.0	0.0	0.0	0.0	0.0	0.0	0.0	0.0	0.0	0.0	0.0	0.0	0.0	0.0	0.0	0.0
840.851184595586	-0.0599709247804867	0.0035965118190267	707030.7146358002	912.9885450580164	-4.049105729885241	16.39525721178949	833548.0834071536	776.7933303633112	0.3841323186217096	0.1475576382096906	603407.8780969243	777.9424576817116	689.5227818014571	1.320822	18.730593	0.0992545289091681	0.0506182661243985	0.0065146643	0.0329973697	0.1060284228	-0.0895089998	0.009561784	-0.0069240244	-0.0103481698	0.0454184321	-0.0842518755	-0.0971811418	0.0682246934	0.0419628369	-0.1541664909	-0.0683399439	0.0719055297	-0.0024358311	-0.0228459962	0.0143550994	-0.0783555821	-0.1111290085	-0.0357408262	-0.1214186035	-0.0504476448	-0.0253241176	-0.1006442507	-0.0426004625	-0.0296820186	-0.0742252069	-0.0028725684	-0.0975121394	-0.0546118832	-0.073425273	0.0115431613	0.0387553358	0.0919667236	0.0152990135	-0.1182284587	-0.0911883945	-0.1415996662	-0.0929516245	0.0373026233	-0.030242901	0.1415322544	0.061385163	-0.0239943424	0.0358056053	-0.0126916448	0.0865173091	0.0896885216	-0.0812593968	0.0201347765	-0.1167067048	-0.0363995464	-0.1008561326	-0.0050649418	0.0475634089	0.0783555044	-0.023394024	0.0353617033	0.0868626931	-0.0115092332	0.0311733244	0.1197460598	-0.0832640463	-0.0443345915	-0.0409192398	-0.0375809937	0.028007309	-0.0539750697	-0.0906805166	0.0823522172	0.1072314628	0.0231591708	0.0635691551	-0.0517048808	-0.0106194319	0.0705905949	-0.0172880383	-0.0673633278	-0.015791987	0.0659439662	-0.0182776419	-0.0320743612	-0.0722231957	0.1071816415	-0.0927112538	-0.0211798402	-0.1231738548	-0.2300205208	0.0284919163	-0.1165232592	-0.0799246852	0.0388480218577456	0.0109479669099812	0.000119857979462	0.0015091688022598	0.1042701802348773	0.0348957251909923	0.0108722704862137	0.0012177116366052	0.0350435372111093	0.0195876875834813	0.0012280495002664	0.000383677504868	-0.0002279991344286	-0.0004200041437447	1.7640348076271867e-07	5.198360530019081e-08	-4.200525355968488e-05	0.0002454912864642	6.026597172985534e-08	1.764441326613419e-09	4.599519976154411e-05	1.0967554285348528e-05	2.1155584011043473e-09	1.2028724700206687e-10	0.0	0.0	0.0	0.0	0.0	0.0	0.0	0.0	0.0	0.0	0.0	0.0	0.0	0.0	0.0	0.0	0.0	0.0
840.3170163946558	-0.5341682009302531	0.2853356668850632	706132.6880424161	919.0215231844052	6.032978126388798	36.396825073485694	844600.5600761842	776.8880633891409	0.0947330258297824	0.0089743461828662	603555.0630365298	778.3981012519733	689.4216408161705	1.331646	18.884092	0.0887190532779161	0.0538934259988076	0.007956254	0.0135968192	-0.0590462215	0.0378787611	-0.1660065114	0.0123566226	-0.044343936	-0.1163782061	0.0110819103	0.1252697825	0.0262805187	0.0308687945	0.0522280801	0.0449669913	-0.0905128919	-0.1527828162	0.0190378833	0.0269465428	0.0635135485	0.0147339295	0.027069517	-0.1168505143	0.0580771512	-0.0013644725	0.0495445605	0.1009302658	0.0935463804	-0.1479365942	-0.077300214	-0.1224533802	0.0921637825	-0.0577881794	-0.0026508836	0.1512273225	0.0880526688	0.1515843853	0.0678141017	0.0832818684	0.1162251299	0.0089222739	-0.0468954888	-0.008514697	-0.0377220737	-0.1394222705	0.101524421	0.0603653107	-0.0151924021	-0.0672063068	-0.0610694219	0.0696792541	-0.0331640562	0.0498932657	-0.0680031312	-0.0770883349	0.0359379847	-0.0275170831	-0.1983351291	0.0042916779	-0.0159531359	-0.0062963053	-0.0257513918	0.1102583134	-0.0519076986	-0.109692672	-0.1003535111	-0.0446443152	-0.0242879649	0.0336298868	-0.0828814643	0.0801911098	0.0737961965	-0.0376823429	-0.1243079256	-0.1252726148	0.00909831	-0.0727033374	0.0731739899	-0.0002187079	-0.0796830456	-0.0765701424	0.0872222543	-0.0711769552	0.0804249568	-0.0399242968	-0.0269929327	-0.0042473143	0.017954585	0.1344709282	-0.1200599981	0.0251860523	-0.1192723348	-0.0717238087	0.0337227937363167	-0.0051252281214288	2.6267963296685584e-05	0.0011372268173821	0.0562413626334006	-0.0480288176014767	0.0031630908708616	0.0023067673201959	0.018578339856262	-0.0164651973548473	0.0003451547118147	0.000271102723934	2.799834651399618e-05	0.0002559974809425	6.55347102489549e-08	7.83907407517802e-10	-4.200114389996124e-05	4.109659723638971e-09	1.6889303044100334e-17	1.7640960889052512e-09	-7.999941363940103e-05	-0.0001259946134009	6.3999061826479834e-09	1.5874642606053632e-08	0.0	0.0	0.0	0.0	0.0	0.0	0.0	0.0	0.0	0.0	0.0	0.0	0.0	0.0	0.0	0.0	0.0	0.0
840.4415009083405	0.1244845136847061	0.0154963941473177	706341.916449064	915.9083127689933	-3.1132104154119133	9.692079090629218	838888.037399344	777.2749596808154	0.3868962916744749	0.1496887405114603	604156.3629468132	778.5975775416205	694.6316670951408	1.207373	17.121763	0.1015893148909988	0.0536657448705848	0.0004151513	-0.0172705227	-0.1417957749	0.0161086581	0.0099604048	-0.0093611189	0.0649479969	0.1341772397	0.1228568817	0.0601813481	0.0160432861	0.024073572	0.0771376266	0.0570173189	0.0319068956	-0.0018476405	-0.0031669469	-0.0227352248	0.0328941928	-0.0329446486	0.0450690057	0.0251797041	0.033839855	0.0549483868	-0.0627178145	-0.1115012387	-0.056995637	-0.0645479811	0.05108898	-0.0949630807	-0.1193601506	-0.0650823431	0.1060660702	-0.058214534	0.0965464619	-0.1076840109	-0.0218587952	0.0495128152	-0.0076699933	0.201624516	0.1339654188	-0.0341132945	-0.1237925195	-0.0116512897	-0.0153006473	0.0155302796	0.00943172	0.0311254015	0.1201128755	0.0491942854	0.013636774	-0.0513299437	0.0132787413	-0.0059144872	-0.0542398864	0.0870225559	0.1493232377	-0.0567452156	0.0837037057	-0.0059126095	-0.0132256787	-0.1100564777	-0.0331738118	-0.0958379489	-0.0804714848	-0.053126482	-0.0291277208	0.0455818261	-0.0796210094	0.0666701722	-0.0643176265	0.0523238167	0.045973856	-0.0807829461	0.0470580022	-0.043901935	0.1321343934	-0.0553104804	-0.0707659825	0.0118280334	0.0653253196	0.0380174181	0.027217759	-0.0915468619	0.1579715177	-0.0450735246	0.1310656277	-0.0566525797	-0.0777118709	0.0218629269	-0.1216944932	-0.063080731	0.0402686470909969	0.0065458533546801	4.284819614097802e-05	0.0016215639385392	0.1019699461447203	0.0457285835113197	0.0103978699167571	0.0020911033499517	0.0452419017330356	0.0266635618767735	0.0020468296724216	0.0007109455319565	0.0002379977115829	0.0002099993650689	4.4099733329342744e-08	5.6642910718697256e-08	-0.0002230021497182	-0.0001810010058182	3.2761364107214103e-08	4.9729958778938495e-08	-1.797346156203684e-05	6.202595207736419e-05	3.2304532052201577e-10	3.847218731103479e-09	0.0	0.0	0.0	0.0	0.0	0.0	0.0	0.0	0.0	0.0	0.0	0.0	0.0	0.0	0.0	0.0	0.0	0.0
840.3948804774067	-0.0466204309337854	0.0021734645804518	706263.5551326347	914.4962963629624	-1.4120164060308298	1.9937903309002207	836303.4760615752	776.7794526279233	-0.4955070528920942	0.2455272394658086	603386.3180249361	777.7862048104926	691.8857875811528	1.130389	16.030066	0.0797133541869849	0.054160502877551	0.0175461918	-0.0015989924	-0.0767636571	-0.0647789127	0.1350403583	-0.0132862562	0.0066036567	0.1343166433	-0.0885672863	-0.0533676631	0.0100238938	0.0319233235	0.0678607734	0.0505857267	0.0940431531	0.1033302488	-0.0621594211	-0.0227659871	0.0794187856	-0.0846064904	-0.0057400115	-0.0382301025	0.1439524359	-0.1398413853	0.0415834531	0.0465822203	0.1104434943	-0.0829914013	-0.0325383369	-0.1167976666	0.12800143	0.0476467197	0.0814668606	0.0804076444	0.0649446559	-0.0447295385	0.023813996	-0.0877109556	-0.0638925967	-0.012108827	0.0152121502	-0.0417279845	-0.089435661	0.1058871082	-0.0596638271	0.0468506312	0.0261613191	0.0538964628	-0.0242875895	0.0240443569	0.0854182723	-0.047031533	0.0407090431	-0.0580321753	-0.045658869	-0.165913954	-0.1338871996	0.0394178942	0.0293375381	-0.0227633212	0.0964136233	0.1573782083	-0.0713128364	-0.0382543215	-0.0302535423	-0.0523987213	0.0038057335	0.0338857161	-0.0906337878	0.0258892858	-0.1009406529	0.1003826245	0.1104902247	0.0026941787	0.0073674131	-0.1713191404	-0.019338995	0.048379799	-0.0328318219	-0.0808179214	0.116616405	-0.0101791412	-0.0337966628	-0.0636999689	-0.0329163012	0.0696105164	0.0576124946	0.1365209113	0.0156042426	0.0185248178	-0.1237830955	-0.0540487397	0.0421314575008722	0.0018628104098752	3.4700626231397825e-06	0.0017750597111478	0.0535815618448793	-0.048388384299841	0.0028709837697366	0.002341435735149	0.0431029688762123	-0.0021389328568232	0.0018578659259437	4.575033765998266e-06	0.0006439958310103	0.0004059981194274	1.6483447297858537e-07	4.147306303586469e-07	-0.0001290207008308	9.39814488874e-05	8.832512734974979e-09	1.6646341242870798e-08	-6.445842565614383e-05	-4.6484964094107e-05	4.154888638068622e-09	2.1608518868304163e-09	0.0	0.0	0.0	0.0	0.0	0.0	0.0	0.0	0.0	0.0	0.0	0.0	0.0	0.0	0.0	0.0	0.0	0.0
839.9450154240527	-0.4498650533539603	0.2023785662291615	705507.6289357122	912.5452989589668	-1.9509974039956437	3.806390870397739	832738.9226521101	777.4184529000495	0.6390002721261681	0.4083213477773168	604379.4509095064	777.8738796046523	679.583438854622	1.277498	18.116207	0.0407489540129027	0.0231598353194877	0.0724506177	0.0676644651	0.0791663891	-0.0620582915	0.0240356554	-0.0098845207	-0.0389701225	0.0380677738	-0.0819900569	0.0534719159	-0.0310213721	0.0442335551	-0.0979355957	-0.0489423302	0.0068969813	0.0538414909	0.0222787487	0.042012862	0.091018567	0.0802643638	0.1122336777	0.0642568416	-0.0608621651	-0.0181045747	-0.0479970426	0.0629160974	-0.0639932567	-0.0167088444	0.0646853598	-0.1280082945	0.082487422	0.0715050253	-0.0005385604	0.1164076028	-0.0267307648	-0.0542954052	-0.1280126251	-0.0889186379	0.0035845779	-0.0793882253	-0.0546489385	-0.0376788692	0.1211703677	0.0689609557	-0.0022565237	-0.0327931943	0.0452463043	-0.0797399978	0.0673029449	0.0935616028	-0.008909388	0.0703854535	-0.0633468038	0.0113553849	-0.0177048622	-0.0959375126	-0.0178448197	-0.0476531754	-0.0720563219	-0.1224580472	-0.0392660381	0.0616131852	0.0501662434	-0.1015756746	0.0582540722	-0.0594648124	-0.0048138263	0.0478164069	-0.1260196483	0.0560158508	-0.0049314734	0.0411516113	-0.0842903425	0.1394822997	0.0624682971	-0.0509826435	0.0528794627	-0.002225029	-0.0457733548	-0.0306412164	0.0483552292	0.0395767862	0.0579065701	-0.1245339322	-0.0573647482	-0.0703716864	0.0943422881	0.0479950444	-0.1185962259	0.0151740128	-0.1255324169	-0.0446835199	0.0368438460894253	-0.0052876114114469	2.79588344384635e-05	0.0013574689946612	0.0720803766319448	0.0184988147870655	0.005195580695403	0.0003422061485261	0.041464955676318	-0.0016380131998943	0.001719342549239	2.6830872430279743e-06	0.0004129987861728	-0.0002309970448375	5.335963472365799e-08	1.7056799738020618e-07	-9.300510323417832e-05	3.601559759662168e-05	1.2971232702417814e-09	8.649949227600167e-09	-2.498077580034567e-05	3.947764985579816e-05	6.240391595871359e-10	1.5584848381370007e-09	0.0	0.0	0.0	0.0	0.0	0.0	0.0	0.0	0.0	0.0	0.0	0.0	0.0	0.0	0.0	0.0	0.0	0.0
841.8048508952883	1.859835471235556	3.458987980065982	708635.4069908385	914.5730489513832	2.027749992416375	4.111770031744609	836443.8618682291	776.9645151862932	-0.4539377137563178	0.2060594479703127	603673.8578586716	777.8956629453347	682.1391889562809	1.213473	17.208277	0.0486681390922861	0.0275131519759981	0.0254333186	0.0715462909	0.0306046954	0.0718352944	-0.0900947979	-0.0643240179	-0.1315235249	-0.0278780901	0.1180651529	-0.0151552461	0.0674414581	0.0741160692	-0.0648269903	-0.0141861391	-0.129509495	-0.0757027874	-0.0235084831	0.0200295788	0.0833526166	-0.1506027437	0.0511237374	0.0712776159	0.1034512236	-0.1984114559	-0.0384912665	-0.0645875111	0.0902225709	-0.0125895195	0.0345373378	-0.0931967615	-0.0384851951	0.0960278414	0.097369205	-0.0876229746	0.0399846731	-0.0056963787	0.0664768264	0.1651825138	0.0606608797	-0.0146567925	-0.1388249607	-0.0745441762	0.0757937787	-0.1412818683	0.0467339916	-0.0359970842	0.0553173343	0.0272958255	0.0905096911	-0.0666948787	0.085858481	0.0163823907	0.093744425	0.0295033321	-0.131483847	-0.1395234634	-0.0524467704	-0.0586471113	0.1117875934	0.0774331014	0.0184582728	0.0710919528	-0.04498845	0.0030607708	-0.0451299399	-0.0707689994	-0.0110035441	0.0358641314	-0.060165402	-0.0841452727	0.1664367644	-0.0063526933	0.0064184415	-0.0396977671	0.0013528554	-0.0423188943	0.0749875061	0.0430635208	-0.0407706327	0.0443273208	0.2115757958	0.0125497013	-0.1196610558	0.0013198537	0.0065883499	-0.1087614978	0.1053274598	0.0835322764	-0.0277336394	0.0118128082	-0.1269376627	-0.0350428114	0.04481616726639	0.0079723211769646	6.355790494867978e-05	0.002008488848449	0.0884965952192828	0.0164162185873379	0.0078316473654055	0.0002694922327072	0.0447934533902412	0.0033284977139231	0.0020064534666237	1.1078897031591956e-05	4.599948916466431e-05	-0.0003669992970081	1.346884840044658e-07	2.115953003410069e-09	-4.20005957859626e-05	5.100450744821572e-05	2.6014597800350932e-09	1.7640500463758193e-09	-2.599900362519995e-05	-1.0182278248542776e-06	6.7594818950316e-10	1.0367879033074737e-12	0.0	0.0	0.0	0.0	0.0	0.0	0.0	0.0	0.0	0.0	0.0	0.0	0.0	0.0	0.0	0.0	0.0	0.0
842.0078480273824	0.2029971320940831	0.0412078356384226	708977.2161397034	915.1375573438085	0.5645083924252958	0.3186697251185917	837476.7488611923	777.5455507170165	0.581035530723284	0.3376022879628882	604577.0834398284	778.6478477255073	703.2387175692236	1.265145	17.941029	0.0312458619714216	0.0265347862655266	-0.0401677329	0.0155492817	-0.0507020698	-0.0550486224	-0.2047493153	-0.0523564334	0.0492964867	-0.1030126645	0.0078909766	0.143781631	-0.0201062083	0.0108998143	0.0863714093	0.0437519439	-0.0544093303	-0.1056332716	0.0663084895	-0.1184996589	0.1523340584	0.1162413899	-0.042737587	-0.0171740904	-0.0654589398	-0.0419751357	-0.0379802188	0.0107522305	0.0225891528	-0.0749446847	-0.0284081915	0.2045319407	0.0408926198	0.0015173987	0.0956142216	-0.0459157242	0.1508208598	0.009273125	0.149215076	-0.0458415526	0.0040254519	-0.0268704104	0.0447220343	-0.0129620235	-0.0852201245	-0.1043550156	0.0745206033	-0.0254340213	-0.0483441144	-0.0210346242	-0.0352773675	0.1954550085	0.0427678292	-0.0505265907	-0.0581242107	0.0239564123	0.1510187269	-0.0459219829	0.0291092574	-0.0232212675	0.025775795	0.0490846462	-0.0177647584	0.0333183847	-0.1081335815	0.0599711545	-0.1029253881	-0.0605953772	0.0052804942	0.0144231639	-0.053985065	0.0431744654	0.0700842681	-0.1401018671	-0.0614018452	-0.0585216015	-0.0355111193	-0.0650636887	0.0897529417	0.1016457178	-0.1516946581	-0.1494915366	0.1043146857	-0.1017569324	-0.0308089994	-0.0125338751	-0.0513860542	-0.0338991459	-0.1780380042	0.0778069112	0.0241266901	0.0084435077	-0.1279949812	-0.0251860523	0.0490158200436781	0.0041996527772881	1.7637083449783654e-05	0.0024025506145542	0.0884223982307759	-7.419698850689993e-05	0.0078185205088819	5.5051931034930405e-09	0.0186214737500165	-0.0261719796402246	0.0003467592846225	0.0006849725182883	4.59997977467637e-05	3.0858209938727137e-10	9.522291206225582e-20	2.1159813927431672e-09	-4.200022591960284e-05	3.6986635976177235e-10	1.3680112408342485e-19	1.7640189772976782e-09	-9.999030765620215e-06	1.5999972859579734e-05	9.998061625181957e-11	2.559991315072881e-10	0.0	0.0	0.0	0.0	0.0	0.0	0.0	0.0	0.0	0.0	0.0	0.0	0.0	0.0	0.0	0.0	0.0	0.0
838.9323789982114	-3.075469029170904	9.458509749389425	703807.5365315987	916.253953853767	1.1163965099585766	1.2463411674476903	839521.3079526611	775.9907320180835	-1.5548186989329906	2.417461186551678	602161.616177961	776.1976507490053	687.7950238761466	1.150136	16.310085	0.1131208626222701	0.0558544891280584	0.0391653735	-0.0136093789	-0.1500847192	-0.0285924365	-0.133688037	-0.0022326468	0.0956683902	0.1271621718	0.1118725364	0.1987404009	0.0996598537	0.0666966698	0.12297421	-0.0212476636	0.0185197668	-0.1133756983	0.0318837378	-0.082553214	0.1048575921	0.0274396275	0.0262826973	-0.0312260692	0.0089846692	0.1036888413	-0.0463445896	-0.0449259957	-0.1047043754	0.1500233584	-0.1311199794	-0.0756407945	0.098157231	0.0242555025	0.1450103491	0.1103525969	0.0659855075	-0.0363800388	-0.0636544845	0.0026006014	0.0656470421	-0.0848351893	0.0450297895	-0.0570591498	-0.1130927069	-0.0472760577	0.1405246696	-0.0190044253	-0.0507230444	-0.0046428263	0.1904511173	0.1885044675	-0.0334938325	-0.1410772465	-0.0126607012	0.0406870253	0.032519111	0.0583897241	-0.0370760549	0.0607415685	-0.0479374187	-0.19705502	0.1305458258	0.0355727217	0.0789629341	-0.0790921299	0.0216409785	-0.0614542167	0.0190044055	-0.006297203	-0.0938149187	0.0306111467	0.0367201188	-0.1010197149	-0.0117002216	-0.1328203536	0.0428907101	0.064384485	0.1726478743	0.0876106916	-0.2108511553	-0.0287670638	0.1096427262	-0.0072242997	-0.0029795301	0.0791878881	-0.0897829938	0.0069987239	0.0145657137	0.0016070217	0.1023054267	0.0050684204	-0.1287014744	-0.0151740128	0.0312274546062525	-0.0177883654374255	0.0003164259449353	0.0009751539211855	0.1122932199507147	0.0238708217199388	0.0126097672468995	0.0005698161295851	0.052204102018365	0.0335826282683485	0.0027252682675438	0.00112779292141	-0.0003720074432051	-0.0004180072409518	1.7473005348818946e-07	1.383895377999957e-07	-4.193507806760088e-05	6.514785200196338e-08	4.244242620469724e-15	1.75855077253578e-09	-0.0003495075858929	-0.0003395085551272	1.221555525966829e-07	1.1526605900461319e-07	0.0	0.0	0.0	0.0	0.0	0.0	0.0	0.0	0.0	0.0	0.0	0.0	0.0	0.0	0.0	0.0	0.0	0.0
840.2911408375786	1.358761839367162	1.846233736120433	706089.2013701194	920.7845775124556	4.530623658688569	20.526550736668597	847844.2381847914	776.6278368687525	0.6371048506690613	0.4059025907460469	603150.7969994377	778.4650488137689	681.6379076785014	1.393137	19.756092	0.0849552725776151	0.0418513817984477	0.0919672293	0.0494184603	-0.1173117191	0.0348797838	0.1033119541	-0.0118049651	-0.0266857904	0.1437123503	0.0814103683	-0.0938322358	0.0195351208	0.0880112015	0.069298357	0.0453207387	0.0636985124	0.0144771847	-0.107170792	0.0010321416	-0.0086714283	-0.1439942194	-0.0609799143	-0.0939349036	-0.0675714954	0.0612928374	-0.0485780035	-0.0046860171	-0.105869334	0.0287423634	-0.0175873934	0.1943916499	0.0568953785	0.0029866475	-0.0906865083	0.0690787922	0.0382760748	-0.0909776539	0.0056162156	0.0832233141	0.0102878742	0.1814888995	0.0215049793	-0.0934826479	-0.1001306121	0.03059857	-0.0517868122	0.0912363514	0.0686564148	0.1364458564	0.0050483273	-0.0888088009	0.1273269629	-0.0852524419	0.0526824548	-0.0793430285	0.0918643007	0.1713985896	0.039733231	-0.0869255562	-0.0019670381	-0.0513283719	-0.0639744328	-0.0982223904	0.0556879024	0.0312190061	-0.0342959901	-0.0983002247	0.0006054326	0.0362258503	-0.1035991348	-0.0298555431	-0.0076573024	0.0495470134	0.1318220244	-0.0273402246	-0.0241842749	-0.0754314846	-0.0364675028	0.0357419136	-0.0496210198	0.0692807631	0.1516617483	0.0784986467	-0.122747594	0.0260991865	0.1541289255	0.0224479803	-0.0388587534	-0.0784194013	0.3163398601	0.0016898595	-0.1290552057	-0.0050684204	0.0454251100760103	0.0141976554697577	0.0002015734208379	0.0020634406254176	0.0990975247079575	-0.0131956952427571	0.0098203194032442	0.0001741263729397	0.0648864772606288	0.0126823752422637	0.004210254931294	0.0001608426417855	0.0002379986067941	0.0006100060499992	3.7210738103562657e-07	5.664333683593263e-08	-4.200739094106787e-05	-7.2312873466991e-08	5.229151669053052e-15	1.7646208936757107e-09	-6.199501630883915e-05	0.000287512569584	3.843382047133231e-09	8.266347766882944e-08	0.0	0.0	0.0	0.0	0.0	0.0	0.0	0.0	0.0	0.0	0.0	0.0	0.0	0.0	0.0	0.0	0.0	0.0
841.7615782715098	1.470437433931238	2.162186247106284	708562.5546541432	911.8234235569388	-8.961153955516806	80.30228021447451	831421.9557470966	777.1557519571229	0.5279150883703778	0.2786943405291038	603971.0628000412	777.7039112463561	683.0434276587033	1.471499	20.86735	0.0464311828798246	0.023170717044299	0.0381554166	0.1021307975	0.0937448578	-0.1178149436	-0.0096866483	-0.0603016416	-0.0304456544	0.0174622318	-0.1456893187	-0.0005362169	-0.1549070903	0.0598020984	-0.1005214566	-0.0151738202	0.0135987933	0.0943951566	-0.0231531847	0.016419421	0.0893703146	0.0551895089	0.0288668991	-0.0328786216	-0.0546232356	-0.1156452356	-0.0325658431	-0.0604442504	-0.1380925758	0.0725760525	0.1869368891	0.0720559457	0.0237298343	0.0048176635	-0.1293214599	-0.0074680075	0.1698732497	0.0182679904	0.0736313383	0.1017602841	-0.0031779845	0.005534632	-0.0677010989	-0.0465571897	0.1018001191	0.0951546674	-0.0563530975	-0.046402127	0.0497547115	-0.014638596	-0.0469913593	0.1187912715	0.0658811006	-0.0216192312	-0.0047075283	-0.0069982202	0.1154560054	-0.0407396223	0.0505946253	-0.1433145232	0.1103992543	-0.0233428259	-0.0533442454	-0.088647738	0.0617959185	0.1410815468	0.0444059531	-0.0934909856	-0.0056083789	0.0140573265	-0.0954192829	0.0090324632	0.0054957869	-0.0357936747	-0.0219908822	0.1642705275	0.0316433625	-0.0038870522	0.0367976469	0.0918801789	-0.1131629516	-0.0942191009	0.113671101	-0.0599741678	-0.1016655985	-0.0201920099	-0.0213410592	-0.1526656516	-0.0860989853	-0.1677286091	0.1917097675	-0.0016898595	-0.1290552057	0.0050684204	0.0565306565907519	0.0111055465147415	0.000123333163391	0.0031957151345815	0.0935574255783819	-0.0055400991295756	0.0087529918808544	3.06926983655244e-05	0.0511527103102054	-0.0137337669504233	0.0026165997720797	0.0001886163546485	0.000387002503078	0.0001490038962839	2.2202161107783233e-08	1.497709373886374e-07	-4.197871124622665e-05	2.8679694841216022e-08	8.225248961852727e-16	1.762212197894076e-09	0.0001100078134141	0.0001720028297229	1.2101719012151442e-08	2.95849734326984e-08	0.0	0.0	0.0	0.0	0.0	0.0	0.0	0.0	0.0	0.0	0.0	0.0	0.0	0.0	0.0	0.0	0.0	0.0
839.0341656491473	-2.7274126223625217	7.438779612622407	703978.3311265608	910.2415492349044	-1.5818743220344231	2.5023263707118657	828539.6779535589	776.7430837039864	-0.4126682531365304	0.1702950871467555	603329.818081978	778.7435475986342	689.1271210650247	1.330852	18.872822	0.0937650851484553	0.0464552966164834	0.0612434131	-0.0013377577	-0.0086088811	-0.1775324814	0.0432373013	0.0050010908	-0.0782352907	-0.0145342525	-0.2357769933	0.0133472674	0.1258943549	0.0694006848	-0.0868797797	-0.062676535	0.0927569965	0.0599455547	-0.0224699946	-0.1283973801	0.0021696392	-0.0756899574	0.1257485124	-0.0448590437	0.0036040883	0.0374505437	0.0649069412	0.0174005813	-0.1019657595	-0.1698345396	-0.0100269906	0.0916318781	0.0081337425	0.0047553967	0.1206574703	0.1607937901	0.0543782575	0.0812654749	0.1745227065	0.2315189913	-0.0051626333	-0.2935699845	-0.0030238877	-0.0403607262	0.1065043273	0.1363865907	0.0223052083	0.0910238821	-0.0948017986	0.1350467267	-0.0574343857	-0.0035700397	0.0535588421	0.2747510634	0.0056297949	-0.128445858	-1.81042e-05	0.0907516464	-0.0157596466	-0.0560662818	-0.0433814082	-0.1650331179	-0.0583817579	0.1574504701	-0.1111287341	-0.0235156092	-0.035213431	-0.0891283225	0.0081876415	0.0159450323	-0.1073608021	-0.0885577103	0.0070354864	0.0586568723	0.0763792456	0.075137445	-0.024839546	0.0487046406	0.1205103203	0.0578706006	-0.1453038479	-0.0297160424	-0.0553479475	0.1027663428	0.0778386185	-0.030917354	-0.1066032134	0.0815000505	-0.0430419758	-0.0572442736	0.0709283329	-0.0050684204	-0.1287014744	0.0151740128	0.0376753975961321	-0.0188552589946197	0.0003555207917541	0.0014194355840266	0.1250254795203318	0.0314680539419499	0.0156313705292889	0.0009902384188934	0.0650417051735274	0.013888994863322	0.00423042341188	0.0001929041783133	0.0001929881747645	-0.0001940143283135	3.764155959093857e-08	3.72444355989332e-08	-0.0001020222127041	-6.004350145787335e-05	3.6052220673216392e-09	1.0408531885040624e-08	-0.0002269899037858	-0.0003369977171999	5.152441642068675e-08	1.1356746139794381e-07	0.0	0.0	0.0	0.0	0.0	0.0	0.0	0.0	0.0	0.0	0.0	0.0	0.0	0.0	0.0	0.0	0.0	0.0
840.4738715185788	1.4397058694314635	2.072752990475407	706396.3287054285	916.4926940552488	6.251144820344393	39.076811564918536	839958.8582566478	776.7635153891217	0.0204316851353496	0.00041745375747	603361.5588396663	778.0380204595673	674.4838474018538	1.434235	20.338903	0.1608370879614543	0.0963269173676554	0.1256476893	0.108396894	0.1042638955	-0.0079321121	-0.0334604168	-0.0343818797	-0.1969316452	-0.0605765993	-0.0203895028	0.084303604	-0.012274819	0.1051318917	-0.0981569469	-0.0432419342	-0.0404574807	-0.0463948772	-0.059857805	0.0303738105	0.0004818235	0.0067636264	-0.0451718626	0.0688702072	0.0611477194	-0.0062638254	-0.0649632923	0.0232863573	-0.164380775	0.0538884866	0.0016369913	0.0235663062	-0.1403735742	0.0537612908	0.108954145	0.1215272563	-0.1285162493	0.0974323707	0.0844581342	0.0438237185	-0.108571305	0.0323983464	-0.1190561451	-0.0797655991	0.1414795208	-0.061655026	0.053057769	0.0353161136	0.0640142852	-0.0205699459	-0.0863564951	-0.0089395122	0.0282348788	0.0175359368	-0.0855323321	0.0469314068	-0.1982818243	0.0068275467	0.0818030475	-0.0418003042	0.0273614543	-0.0779572867	0.0468119089	-0.1176822457	0.0287283928	0.1300636803	0.0186763851	-0.0732226238	0.034159073	-0.0065695616	-0.0631541046	-0.0541807838	0.0888993328	-0.1020743876	-0.0653405453	0.1010635599	0.0229548313	-0.0156348114	-0.1197564794	0.0785940946	-0.0669654683	-0.0140340095	0.0851315324	0.0637553965	-0.1597575091	0.120788061	0.1062210858	-0.0517222029	0.0084375414	-0.0747608875	0.0516255278	-0.0084435077	-0.1279949812	0.0251860523	0.0490024725647657	0.0113270749686335	0.000128302627345	0.0024012423174606	0.0383747256887971	-0.0866507538315347	0.0014726195716904	0.0075083531395732	0.0403337308973164	-0.024707974276211	0.0016268098480971	0.0006104839928339	0.0001649802250558	-2.800794970870001e-05	7.844452468850688e-10	2.7218474659462413e-08	0.0001680197814104	0.0002700419941145	7.292267858533564e-08	2.82306469451986e-08	0.0002379858500925	0.0004649757538783	5.6637264844249886e-08	2.1620245169469345e-07	0.0	0.0	0.0	0.0	0.0	0.0	0.0	0.0	0.0	0.0	0.0	0.0	0.0	0.0	0.0	0.0	0.0	0.0
841.8686232520814	1.3947517335026305	1.9453323981085928	708742.778816355	914.1719103373454	-2.320783717903396	5.386037065285509	835710.2816498314	777.0892659816159	0.3257505924941597	0.1061134485102961	603867.7273038465	778.1736597562805	689.7619315702802	1.135156	16.097658	0.1405439238058382	0.074670881702224	0.0196989057	0.0604934087	0.0896530533	-0.0730796114	-0.0747953346	-0.0507525102	-0.0789463296	-0.0738307926	-0.0062665032	0.1061919682	-0.0220431892	0.0627342419	-0.048371749	-0.0118642796	-0.0519451501	-0.0303251144	-0.0007690817	-0.0111799739	0.0224041233	0.0380013396	0.0878353177	0.0387290792	0.0828251527	0.0350027361	0.0332608783	0.1073578942	-0.129046454	0.164483118	-0.0199767833	0.062963281	-0.0507820934	0.0229541709	0.192722511	-0.0326210291	-0.0216709189	0.1168562257	0.0843182335	-0.126653431	0.0632184987	0.0088033432	-0.0734863657	-0.0590615086	0.0631370924	-0.0448892831	0.0332865656	-0.0083888275	0.0055087721	-0.0292915002	-0.0183023573	0.0352372763	0.008856359	0.0610783167	0.1438323945	-0.0596360116	-0.0229792369	-0.0393683263	0.0889568046	0.050896496	-0.0746087852	-0.1095160465	0.0436095826	-0.0307179387	-0.0644710673	0.167020949	-0.0067230644	-0.0616526825	0.0246822613	-0.0135889606	-0.042367371	-0.0464950188	0.0699735884	-0.1177368978	-0.0339566098	0.0876487974	0.0395872204	0.1246805986	0.0868898268	0.049995412	-0.0924778512	0.0024923216	0.0031129757	-0.0162725476	-0.0924898564	0.0504582827	0.055534515	-0.0004438677	-0.1035147727	-0.0002913615	-0.0450693457	-0.0118128082	-0.1269376627	0.0350428114	0.0360448565099602	-0.0129576160548054	0.0001678998138237	0.0012992316808236	0.1015240489052189	0.0631493232164218	0.0103071325061092	0.0039878370226921	0.0237958377741165	-0.0165378931231999	0.000566241895372	0.0002735019089543	-0.0002580017196736	-0.0004229819447293	1.789137255670652e-07	6.656488735453488e-08	-4.198880565264851e-05	-0.000210008587063	4.410360664021802e-08	1.7630598001358872e-09	-8.700544634327104e-05	-0.0003249912964357	7.569947693391817e-09	1.0561934275900323e-07	0.0	0.0	0.0	0.0	0.0	0.0	0.0	0.0	0.0	0.0	0.0	0.0	0.0	0.0	0.0	0.0	0.0	0.0
841.769824902974	-0.0987983491073691	0.0097611137863415	708576.4381171836	920.292129082594	6.120218745248621	37.45707748969261	846937.6028513738	777.4794350170152	0.3901690353993672	0.1522318761844726	604474.2718743773	778.608887806333	690.658583623939	1.193088	16.919188	0.0564082802304391	0.0320574888177343	0.0158527789	0.0357370069	-0.0482225522	0.0417916275	-0.1070678292	-0.0506308791	-0.0498768434	0.005372778	0.0954250528	0.0143589697	0.1348053747	0.0471834095	0.0160351817	0.0336230967	-0.0583446345	-0.080432587	-0.0597694944	-0.0833258024	-0.0197828548	-0.0888703225	-0.1078406724	0.0538512949	-0.0096157732	0.0271420735	0.1008194098	-0.0027255113	0.1036707967	0.0118045336	0.0354745226	0.1083902704	0.1829320645	0.0217164781	-0.0395122921	-0.1188340131	0.0862996688	0.0311073511	-0.0019423518	-0.1543804135	-0.0461190132	-0.0899935148	0.0798846854	-0.0632885844	-0.0217945365	-0.1107151243	0.0595592749	-0.0082260301	-0.0120239707	0.0790227198	0.0352253604	-0.0539415189	0.0379425802	-0.0598777583	-0.0291428094	0.0932080266	0.0070537864	-0.055556866	-0.0921168227	0.165275038	0.0072502729	0.0609146936	-0.0902059969	0.0522937588	-0.0632992777	-0.0521212441	0.0400081069	-0.053734933	0.0263934553	-0.021941741	0.0096609391	-0.1291412998	0.121882381	-0.0709310795	0.0661283092	-0.1271404349	-0.0817346085	0.0071624845	-0.0477499559	0.0474566063	-0.0674928326	-0.0312205341	0.0522791969	0.0534849841	-0.0080965147	0.0962245668	-0.0329998393	0.1057547252	-0.1118617424	0.0561142147	-0.0811578851	-0.0151740128	-0.1255324169	0.0446835199	0.0585955525709209	0.0225506960609607	0.0005085338928338	0.0034334387810915	0.0940990084723836	-0.0074250404328353	0.0088546233954857	5.513122542923907e-05	0.0237144538812401	-8.138389287639866e-05	0.0005623753228854	6.623338019717133e-09	-1.1995924442956832e-05	0.0002460057952306	6.051885128706112e-08	1.439022032411292e-10	-4.200111816476948e-05	-1.2312512120971064e-08	1.5159795472905935e-16	1.7640939270909286e-09	0.0001939996427893	0.0002810050891325	3.763586140237599e-08	7.89638601184042e-08	0.0	0.0	0.0	0.0	0.0	0.0	0.0	0.0	0.0	0.0	0.0	0.0	0.0	0.0	0.0	0.0	0.0	0.0
842.597008611951	0.8271837089769178	0.6842328883968103	709969.7189218082	920.6739740657237	0.3818449831296675	0.145805591141296	847640.5665219728	776.9824835098467	-0.4969515071685464	0.2469608004770898	603701.7796811291	778.1530797935263	699.7088998106915	1.39235	19.744932	0.075467674171614	0.0400020386674757	-0.029674029	0.025692857	-0.1232632949	-0.0058512917	0.089730474	-0.0641592594	0.055009869	0.0317159835	-0.0195733083	-0.0406020429	-0.161608052	0.0605264171	0.1335143951	0.0781170573	0.0515987244	0.0834553133	-0.0015709703	0.009401318	0.0455194862	-0.0051219992	0.0307770016	0.0718924176	0.0534848789	0.0367559871	0.0334379204	-0.1102476483	0.0103815409	0.1167469425	0.0494338676	0.021371592	0.0596957537	0.0675863333	0.0136178503	-0.0236205562	-0.123938593	0.066888295	0.026006323	-0.0452359039	0.0030812695	-0.1035504872	0.0527660498	-0.0744495156	-0.1417839725	0.0716303276	-0.0606433301	-0.0041943699	0.0265847401	-0.0459095947	-0.0655309222	0.0626383703	0.0336870016	0.0460048098	0.0968618313	0.0549074556	-0.0487830524	0.0426036579	-0.0366819666	0.0499640957	0.0447792529	0.0128714504	-0.0106305238	0.0493516286	0.0071873053	0.1709731188	0.0854351748	-0.0498522562	0.030619051	0.0073066529	-0.007349118	0.0858245571	-0.1515119279	-0.146889348	0.0795396523	0.0186592186	0.0669199058	0.0157233889	-0.0112059579	0.0176178287	-0.0256550112	0.0032482957	0.0427412477	-0.0155051077	-0.081676598	0.0560690309	0.0725795919	0.024161604	0.0628031609	0.0137936697	0.0546208072	-0.0185248178	-0.1237830955	0.0540487397	0.0456295111826534	-0.0129660413882675	0.0001681182292822	0.0020820522907678	0.0721215675695106	-0.021977440902873	0.0052015205086834	0.0004830079086392	-0.0011578460159995	-0.0248722998972396	1.3406073967659146e-06	0.0006186313021782	0.0002700045288933	0.0002820004533362	7.952425568185435e-08	7.290244562289287e-08	-4.196960280444806e-05	3.1515360321421326e-08	9.932179361890177e-16	1.7614475595631343e-09	0.0002250055137574	3.1005870968100016e-05	5.062748122123153e-08	9.613640344904675e-10	0.0	0.0	0.0	0.0	0.0	0.0	0.0	0.0	0.0	0.0	0.0	0.0	0.0	0.0	0.0	0.0	0.0	0.0
841.3734595100194	-1.2235491019315532	1.4970724048375104	707909.2983678583	916.9954302211008	-3.678543844622823	13.531684816812458	840880.6190463818	777.1753794907482	0.1928959809015396	0.0372088594479671	604001.5704865885	778.6386214111502	694.3562406256771	1.1073	15.702627	0.1016238770784888	0.0583706611015918	0.0151778238	0.0223249751	-0.0293029304	-0.0895907655	0.118466562	-0.0349576618	0.0357276884	0.1042864803	-0.0766306315	-0.0599133909	0.0615279489	0.0485358262	-0.0036458097	0.0214241435	0.1019950359	0.0889124032	0.0190698601	0.0031994189	-0.1107703302	-0.0651487462	0.0898173323	0.0556603698	-0.0208918482	0.0391224789	0.0681320137	-0.0769722375	-0.0327496373	0.0643874953	0.0070526506	0.0311751158	0.1419479514	-0.2294803591	-0.0174899032	-0.0238696391	-0.0603430739	0.0939076533	-0.0720552088	-0.007487339	0.0981745889	0.0117700784	-0.0485555371	-0.0571249946	0.0152162917	0.1077921276	-0.0502093771	0.0176828323	-0.0483819223	0.016426056	0.0930451921	-0.0509189221	-0.0414205489	0.0688044501	-0.0446302152	0.0326567877	-0.0809146368	0.0216061258	-0.0545886782	0.0554581901	0.044577671	-0.0542074316	-0.0372608009	-0.0186507999	-0.040378094	0.06299398	0.0089197273	-0.0483128925	0.0207691727	-0.0207333003	-0.0012585068	-0.0939885389	-0.0472465136	-0.0374917186	0.1309061379	0.0671024075	0.0144174831	0.1393630357	0.0341181973	0.0138348372	-0.0965943872	0.0434461151	0.0301352545	-0.0168329461	-0.0010394339	0.1125088685	-0.0439066025	0.1245461269	-0.0033529254	0.0812953375	-0.1163576491	-0.0218629269	-0.1216944932	0.063080731	0.0400089198650022	-0.0056205913176511	3.1591046760056035e-05	0.0016007136687641	0.1194953427836083	0.0473737752140976	0.014279136946972	0.0022442745780358	0.0229695096206086	0.0241273556366081	0.0005275983722112	0.0005821292900153	7.699849301473273e-05	-0.0001930060358785	3.72513298855588e-08	5.9287679265398444e-09	-4.2002758178893984e-05	-3.3155374445925645e-08	1.0992788546495393e-15	1.7642316946346455e-09	-7.199839319222465e-05	-0.0002970039069496	5.1837686222621825e-09	8.821132074334132e-08	0.0	0.0	0.0	0.0	0.0	0.0	0.0	0.0	0.0	0.0	0.0	0.0	0.0	0.0	0.0	0.0	0.0	0.0
842.3890529657507	1.0155934557312776	1.0314300673241985	709619.3165565344	919.6269735233512	2.6315433022504067	6.925020151618975	845713.7704317186	776.8902647193343	-0.285114771413987	0.08129043287845	603558.4834156772	777.9709122237017	683.1071961202201	1.298833	18.418764	0.100693595880459	0.0569470637687901	0.0510411924	0.0949085237	0.1088315372	0.0101925055	-0.0471387223	-0.0676235337	-0.0943085206	-0.1049584742	0.0175186448	-0.0248686563	0.0680126201	0.0942964346	-0.0775374184	-0.0241141823	-0.0884023034	-0.0478420289	-0.0491579757	0.0617309844	-0.1149123481	0.0932146409	-0.1683919278	0.0549086701	-0.0416275081	-0.0006712759	0.1514079385	0.0504893117	-0.0475909425	0.1442490557	0.11336247	-0.0303998621	-0.0205119795	0.074519426	0.0703549376	0.2036568054	0.1092067784	-0.0070439514	-0.03142193	0.0799734056	0.0040148596	0.1095839548	-0.0539800753	-0.0662390436	0.1342878334	-0.073516513	0.0319620546	0.0232644738	0.0396804416	-0.0154136599	-0.1324292082	-0.0555885374	-0.0336093114	-0.0304564156	-0.0740073726	0.0971775125	-0.0134479397	-0.0536690297	0.1092109625	0.0539234801	-0.0865143594	-0.0802518978	-0.1429708796	-0.0999939307	0.1000369998	0.0690206052	0.1296271043	-0.0424477246	0.0250506205	-0.013778745	0.0336106713	-0.0639703949	0.0635556778	-0.1084501463	-0.0645637111	0.0951432675	-0.0509931443	0.0194036781	-0.1824219871	0.0063453402	0.0035143203	-0.0370474023	0.0084649872	0.0277686057	0.0634731196	-0.0444275275	0.0976707399	-0.026767332	0.0238927492	-0.139269212	-0.0252855182	-0.0251860523	-0.1192723348	0.0717238087	0.0511482356851189	0.0111393158201167	0.0001240843569403	0.0026161420137004	0.0817872297362782	-0.0377081130473301	0.0066891509479347	0.0014219017895902	-0.0158260846121862	-0.0387955942327948	0.000250464954152	0.0015050981318756	0.0002549968800426	0.0001779983870278	3.168342578452243e-08	6.502340883146015e-08	-4.201975281969972e-05	-1.6994640805734207e-08	2.888178161159262e-16	1.7656596270286623e-09	-0.0001549944671279	-8.299607393567533e-05	2.402328484026167e-08	6.888348288736087e-09	0.0	0.0	0.0	0.0	0.0	0.0	0.0	0.0	0.0	0.0	0.0	0.0	0.0	0.0	0.0	0.0	0.0	0.0
844.1582442282945	1.7691912625438135	3.1300377234613728	712603.1412985969	919.5557370214406	-0.0712365019106755	0.0050746392044696	845582.7534890447	777.4900577661773	0.5997930468430468	0.3597516990412653	604490.7899252537	778.6203397831064	702.211892001975	1.451111	20.578226	0.0479726618511193	0.023748976054287	-0.0476774784	0.0395646341	-0.1013117955	0.0257437872	-0.0347079687	-0.1001749714	-0.0061372806	0.0057560855	0.0963575804	0.0511716222	-0.1130956638	0.0560599917	0.1154332969	0.113190856	-0.0515698492	0.0036938683	-0.0064503058	0.0138385038	0.0455929634	-0.0020115171	0.1925229143	0.0757213433	-0.0246876498	-0.0925999454	0.1590022343	0.1504225693	0.1106878813	0.0598804682	0.1505342383	-0.0110887019	-0.1106222764	-0.0437430921	0.0221930206	-0.2123218534	-0.0036456997	-0.1888674588	0.071662307	0.0093114051	-0.1259199935	0.014894548	-0.1512166541	-0.0888472805	-0.1349928159	-0.0573375555	-0.0426772432	-0.0088066404	0.0674396921	-0.084182573	0.0546023391	0.0088890453	-0.0139500225	0.1738461135	0.0519800851	-0.0431285152	0.0133872401	-0.2067317436	0.0924069585	0.0811969749	-0.053577875	0.1299993178	0.063180584	-0.1539434187	-0.1403395958	0.0085605357	0.0475401378	-0.0408861241	0.0290607529	-0.0134173066	0.0401421313	0.0407805006	-0.0613471628	-0.1478768545	0.0843298581	-0.0234245654	0.1217017775	0.0418640396	-0.0308830811	-0.0344260601	0.0354390117	0.08936784	-0.0534675451	-0.1128561626	-0.0351408283	-0.1761987429	-0.0170885008	-0.0950160625	0.0032047299	0.0876916266	-0.1993742247	-0.0284919163	-0.1165232592	0.0799246852	0.0406894441823624	-0.0104587915027564	0.0001093863196981	0.0016556308678695	0.0886333801895773	0.0068461504532991	0.0078558760838301	4.6869776029207496e-05	-0.0117087162673641	0.0041173683448221	0.0001370940366296	1.695272208694309e-05	-8.299922742569763e-05	-0.0003379961074682	1.14241368663721e-07	6.8888717532626784e-09	-4.2001551139314586e-05	1.820168038513259e-08	3.3130116884252053e-16	1.7641302981084583e-09	3.799825472825048e-05	0.0001929927218561	1.44386736239301e-09	3.724619068944546e-08	0.0	0.0	0.0	0.0	0.0	0.0	0.0	0.0	0.0	0.0	0.0	0.0	0.0	0.0	0.0	0.0	0.0	0.0
844.0947662136235	-0.0634780146709772	0.0040294583465688	712495.9743492318	915.0368630643376	-4.518873957102983	20.42022184018357	837292.4607666233	777.6580589994072	0.1680012332299156	0.0282244143667725	604752.0567267255	777.5987724907808	701.6052636400133	1.373122	19.472254	0.0557600312839114	0.0272347383536801	-0.0652933008	0.0872395747	0.0076901055	-0.1045615079	0.1453168284	-0.1102291564	0.0390746415	0.1333970968	-0.0843611749	-0.1803284701	0.0655433812	0.0511974316	-0.1110478401	-0.0074689654	0.0419677734	0.1263884623	-0.1127186657	-0.0879368519	-0.0029541879	-0.0539795029	-0.1292146971	0.0997823579	-0.0638791858	0.035387291	0.0352148316	0.002971962	0.0197899779	0.0905140667	-0.1177044536	0.0099492653	-0.1129783758	-0.0377351707	-0.0046521342	-0.129054425	-0.0750475064	-0.1360843926	0.0583838184	0.1355101083	-0.029078097	0.034908052	0.0819022387	-0.0759031322	0.0780608251	0.0964842177	-0.1081047051	-0.0294687723	0.0084822034	0.1051732536	0.0741033582	-0.0387191932	0.0551568639	-0.054965408	-0.1182810856	0.1523741744	0.0369034379	0.0640207659	-0.0469227996	0.0882768211	-0.0252442046	-8.51163e-05	0.1429422344	-0.076968483	-0.1208919654	-0.0263508678	0.0546142555	-0.0463803873	0.0243512288	-0.0359433044	0.0665586202	-0.1277190686	-0.0008648862	-0.0159175854	0.1866517374	0.1224081838	-0.0515439591	0.0360277759	-0.0933672633	-0.0172517047	0.0711216454	0.0238192061	0.0085606551	-0.0242694243	0.0874614465	0.1012304678	-0.1259075886	0.0997209039	-0.0039267096	-0.0627707079	-0.160259757	-0.0317782535	-0.1134548014	0.0876327994	0.0440600968805284	0.0033706526981659	1.136129961165373e-05	0.0019412921371215	0.0992350306568994	0.0106016504673221	0.0098475913094757	0.0001123949926312	0.0082279310177852	0.0199366472851493	6.76988488334318e-05	0.0003974699049724	6.700679396156562e-05	0.0001500060213872	2.250180645243608e-08	4.489910437007706e-09	-4.198914680064725e-05	1.2404338667337813e-08	1.5386761777401198e-16	1.763088449046305e-09	0.0003250014456678	0.0002870031909395	1.0562593968615995e-07	8.237083160948352e-08	0.0	0.0	0.0	0.0	0.0	0.0	0.0	0.0	0.0	0.0	0.0	0.0	0.0	0.0	0.0	0.0	0.0	0.0
843.7034823303205	-0.3912838833030037	0.1531030773326786	711835.5660963095	918.8924871547492	3.855624090411652	14.86583712656268	844363.402949441	776.9658993383682	-0.6921596610389997	0.479084996369623	603676.0087346793	778.4221063615252	697.9906657158259	1.388669	19.692726	0.070133839827344	0.0365563570321762	-0.0443094759	0.0963201487	0.0273082037	0.0067974347	-0.146380772	-0.1031712839	-0.0456897488	-0.131499352	0.0119932325	0.105787024	0.0325120434	0.0883542162	-0.0182076687	-0.0020813765	-0.0848701808	-0.1076332262	0.0044662276	0.044224377	0.0007021875	0.1012261375	-0.0903295692	0.16098582	-0.0318742237	0.0908135225	0.0904557666	-0.0159461997	0.0472441401	-0.1076187637	-0.0013854696	-0.0225428396	-0.1308395034	0.0662328321	-0.0573763843	-0.2097199365	0.1122761923	0.1316727085	0.0857249885	0.0063335785	-0.0374305384	0.0479651366	-0.029842025	-0.0697739473	0.0537931076	-0.1236486415	0.0538592424	0.0201153607	0.0054193629	-0.1246831599	-0.1142562096	-0.0031906199	-0.0084070019	0.0707405907	-0.0247074789	0.1395667414	-0.0420709324	0.0359994902	0.087585378	0.1487356896	0.0100145724	0.0818116683	-0.051925402	-0.0653281668	0.0595411803	0.1009898739	-0.0944155461	-0.0410019937	0.0215302612	-0.048706314	0.0690170887	0.0222970977	0.0724722322	-0.2010401216	-0.0642589262	0.0054756198	0.0198465998	0.0532729808	-0.1105213752	0.0345845967	0.0622500132	-0.0231111174	-0.029460805	-0.1044921754	0.0754863627	0.0668840827	0.031680121	0.0213144662	0.0175963298	0.0601698397	-0.1090715011	-0.0350428114	-0.1100753719	0.0948006283	0.0459494809339702	0.0018893840534418	3.5697721014001685e-06	0.0021113547981012	0.0755780097011182	-0.0236570209557811	0.0057120355503823	0.0005596546405022	-0.0157095310514279	-0.0239374620692131	0.0002467893658557	0.000573002090315	9.800601925205768e-05	3.0999225290492065e-05	9.60951968610683e-10	9.6051798096347e-09	-0.0001699963068788	-0.0001280071600781	1.638583303127382e-08	2.8898744352431143e-08	7.10083760582862e-05	-0.0002539930696095	5.042189470434993e-09	6.451247940966332e-08	0.0	0.0	0.0	0.0	0.0	0.0	0.0	0.0	0.0	0.0	0.0	0.0	0.0	0.0	0.0	0.0	0.0	0.0
844.8768460637571	1.1733637334365312	1.376782450944115	713816.8850146414	917.9364964148242	-0.9559907399250278	0.9139182948224022	842607.4114503226	777.7214971484055	0.7555978100373295	0.5709280505332083	604850.7271267574	778.2801524873979	707.1141511689975	1.315628	18.656937	0.0973765030288789	0.0625557961732244	-0.0899235506	0.0521274446	-0.0658461119	0.0286531101	0.0884724359	-0.0987844203	0.0641455942	0.0710210109	0.0773944264	-0.0299369233	-0.0416852087	0.0326880501	0.0151158557	0.0668424176	0.021623348	0.0583978877	-0.0568102018	-0.0267166707	0.1162825064	-0.0285414325	0.1274194786	0.0490614443	-0.1746432387	0.1540212785	0.1066678647	0.1151334095	0.0461773831	-0.0583039832	0.1069814907	-0.1728671047	-0.0360587982	-0.1184982734	-0.086889438	0.1279794663	0.0891052734	-0.0205384049	-0.1932795412	0.0552552659	0.0856767888	0.1419616349	0.0460193387	-0.062411403	-0.0566123795	0.0030721508	-0.0997884246	0.0059521304	0.0404794324	-0.0139739097	0.0981771223	0.0089679677	0.0452606786	0.1036015813	0.0450416126	-0.0360564642	0.0985705111	0.0338397717	0.0643473586	0.0798629824	-0.1130932478	0.0494161381	-0.2024277791	-0.1617872872	-0.0261145487	-0.2500883243	0.0735930213	-0.0239990394	0.007939475	0.0142104917	0.0892849392	0.0023453642	-0.0631872438	-0.1045609131	0.1128842469	0.0356573267	0.058259702	0.1398066272	0.0053221031	-0.0879118486	0.0847822773	0.1632333985	-0.0238423487	-0.0228865893	0.0916114246	-0.0571429002	0.1207425956	-0.0152634239	-0.04972564	0.045067723	-0.0694269815	-0.0382833527	-0.1063942335	0.1013839798	0.036547261226616	-0.0094022197073542	8.840173542535969e-05	0.0013357023031665	0.1349010799976753	0.0593230702965571	0.0181983013845391	0.0035192266694102	-0.0157092544389598	2.766124680975146e-07	0.0002467806750279	7.651445750699855e-14	0.0002900002214352	0.0001919942021831	3.686177367194133e-08	8.410012843246504e-08	0.0001399995081559	0.0003099958150346	9.609740533902793e-08	1.9599862283893918e-08	-2.0334973861762173e-08	-7.102871103214797e-05	4.135111619585508e-16	5.045077790888378e-09	0.0	0.0	0.0	0.0	0.0	0.0	0.0	0.0	0.0	0.0	0.0	0.0	0.0	0.0	0.0	0.0	0.0	0.0
846.7264894196664	1.849643355909393	3.4211805440597614	716945.7478849525	917.3398319632709	-0.5966644515533517	0.356008467747462	841512.367306402	778.3804326286482	0.6589354802426897	0.434195967122664	605876.0978991616	779.1222022689417	699.578235078597	1.36206	19.315392	0.1124737155997112	0.0591162897116919	-0.0795857068	0.1567203126	0.0819179838	0.0301580094	-0.0382473314	-0.1442116432	-0.0659255634	-0.0060353163	0.0160980554	-0.1816747221	0.0830631553	0.0439168303	-0.0862354737	0.0481469893	-0.1556904513	0.0388743527	-0.1000231271	0.0273966688	-0.0335112534	-0.0337645502	-0.1435466017	0.1443916335	-0.107955911	-0.0269841851	0.1200310423	0.0481126706	-0.0254628725	0.0913894885	0.029774387	0.0141349722	-0.0492674763	0.0412458114	-0.0074768304	-0.0890575109	-0.070840869	0.0574408862	-0.1882019587	-0.1245181427	0.017518959	-0.1785207025	0.0821711666	-0.07333641	0.0840239827	-0.0823380594	-0.0969865623	-0.0788316095	0.1194234803	0.0943341341	-0.0458177706	-0.0974062758	0.072314733	-0.0324160173	0.0070482834	0.1065866051	0.0478484569	-0.0365050129	0.1549042661	0.1232167563	-0.18125953	0.0614626729	0.0221245309	0.0026053765	0.1560167447	0.013574903	0.0235324757	-0.0406123987	0.0321862504	-0.0044448718	0.0796742336	-0.10157536	0.1872596076	-0.0717051131	0.1224393073	0.0765737867	-0.0022103713	-0.0730916106	-0.1502251539	0.0183578328	0.1618796361	0.049887986	-0.0302968575	-0.0513240274	0.031743699	-0.0751115886	-0.0541652203	-0.1472480618	0.1129951604	-0.0433556026	0.0637365954	-0.0414976565	-0.1024214758	0.1073422654	0.0252407182457545	-0.0113065429808615	0.000127837914178	0.0006370938575615	0.086528534712329	-0.0483725452853463	0.0074871873194627	0.0023399031373828	0.0123847903696088	0.0280940448085686	0.0001533830324991	0.0007892753537058	0.0003109940756591	2.0993854223900024e-05	4.4074191517436483e-10	9.671731509505803e-08	-4.204523920425807e-05	-0.0001820447473601	3.314029004142378e-08	1.7678021397432794e-09	-0.0002909933838885	-0.0002909730489146	8.467714946687995e-08	8.466531519468045e-08	0.0	0.0	0.0	0.0	0.0	0.0	0.0	0.0	0.0	0.0	0.0	0.0	0.0	0.0	0.0	0.0	0.0	0.0
845.3175949296242	-1.4088944900422575	1.984983684071433	714561.8362976043	918.9421665854082	1.6023346221373913	2.5674762413001764	844454.7055286842	779.1397865328727	0.7593539042244402	0.5766183518609003	607058.8069584904	780.2030049634676	718.517242255841	1.535034	21.76833	0.0711468815598357	0.0447471380772449	-0.1583282477	0.0062766521	-0.0999208281	-0.0516596074	-0.1254496977	-0.0819004554	0.1574571752	-0.098215122	-0.0130276618	0.1012932456	-0.010885863	-0.0753578541	0.0861488347	0.1117062745	-0.1037868275	-0.0182595215	0.1392245038	-0.0950784471	0.056090752	0.06459619	-0.0052193979	0.0660845393	-0.0240753676	-0.1517016207	-0.0014886415	0.0199757026	-0.1359385441	0.053801241	0.0062075761	-0.0393303326	-0.0654230264	0.0425121069	-0.2052280057	0.0370391155	-0.1123421939	0.1411953678	-0.1048750346	0.1414746941	0.0807972084	0.0449238083	-0.074762062	0.0305943533	-0.1183552346	-0.0883442718	-0.0318512114	-0.1277453017	-0.1313330225	-0.0264677176	-0.0492848348	0.1066135045	-0.016574525	0.090099224	-0.0129910268	0.02694211	0.0463100656	-0.2042781676	0.0482055795	-0.0911561939	-0.1300983346	-0.0581935089	0.0639568426	-0.0632948413	0.2107808062	-0.009505027	-0.011036726	-0.0153685515	0.0155252682	-0.0264205252	0.0868767816	0.0688729591	0.0041738321	-0.1897720708	0.0337598158	-0.0607722099	0.0196091831	0.0194421507	0.0387309714	0.0085855474	0.0451379216	-0.096226059	-0.1719981125	-0.0335518352	0.0905297589	-0.2254414052	-0.1234287075	-0.1961140662	-0.0477749669	-0.0758121982	0.0333365359	-0.0446835199	-0.098167988	0.1126387502	0.0415904277446372	0.0163497094988827	0.0002673130006978	0.0017297636799818	0.0914441793095335	0.0049156445972044	0.0083620379295941	2.4163561806025704e-05	-0.0276458849024123	-0.0400306752720211	0.0007642949520374	0.001602454962734	0.000383996419419	7.300234375990001e-05	5.3293421944386125e-09	1.474532501266126e-07	-4.203205809560906e-05	1.3181108649007456e-08	1.7374162521693916e-16	1.766693907752655e-09	-0.0001669918649225	0.000124001518966	2.7886282950294492e-08	1.5376376705875256e-08	0.0	0.0	1.0	0.0	0.0	0.0	0.0	0.0	0.0	0.0	0.0	0.0	0.0	0.0	0.0	0.0	0.0	0.0
840.128442170879	-5.189152758745195	26.927306353592865	705815.7993444679	920.1805395937251	1.2383730083168984	1.5335677077278451	846732.2254469992	777.3318624704685	-1.8079240624041404	3.26858941541989	604244.8244118075	779.1777417270608	702.7112221461135	1.414095	20.053303	0.0783531099385968	0.052764996276375	0.0046935947	-0.0823287141	-0.152061517	-0.095579266	-0.0394887182	0.0219844765	0.1723428209	0.1498810471	0.0335463283	0.1709898305	0.2000233819	-0.0337930276	0.0800300091	-0.0327326148	0.0219441539	-0.0653423473	0.0894033004	-0.0738130531	-0.1252345024	-0.1018599171	0.0008908958	-0.0275237518	0.0607753305	-0.0425626502	-0.0625046935	0.0674797965	-0.141497817	0.1810210179	0.1109714331	-0.1592817451	0.0180001665	0.0333511857	-0.080795513	0.2127624653	-0.1874249563	-0.1201058192	-0.1750081609	0.0398498482	-0.0119057773	-0.0137362868	-0.0476019849	0.0190256407	-0.0928243469	0.0230213579	0.0957826671	-0.038820414	-0.1825307077	0.0918801741	0.1341552354	-0.0601117772	-0.0365034055	-0.0366709988	-0.1100698689	-0.0579467844	-0.1214971943	-0.1057461466	-0.1082422348	-0.1024578816	-0.0742797278	-0.1202264281	0.1179473713	-0.1723381591	0.1349518877	-0.10640849	0.1776817818	-0.0062828146	0.0363785487	-0.0664326935	0.0506607314	-0.0961085068	-0.0183312684	-0.0150796915	0.1187136275	-0.146222626	0.0029548403	0.0582726703	-0.0059747577	0.0681169478	-0.0560877988	-0.0709090909	-0.182992155	0.0875786226	0.046606838	-0.1673404188	-0.1189075418	-0.0828939443	0.0833535084	-0.0294766044	0.1053229149	-0.0478387595	-0.0936454286	0.1172407796	0.038192001403317	-0.0033984263413201	1.1549301597378982e-05	0.0014586289711909	0.0806887926596147	-0.0107553866499187	0.0065106812608662	0.0001156783419892	0.0221519129278107	0.049797797830223	0.0004907072463613	0.0024798206687397	0.000292000748175	-9.199567124400004e-05	8.463203527634137e-09	8.526443693475976e-08	-4.19957379600433e-05	3.6320135565759415e-08	1.319152247515142e-15	1.7636420068086216e-09	2.900612604063193e-05	0.0001959979909631	8.413553478850257e-10	3.841521246158395e-08	0.0	0.0	0.0	0.0	0.0	0.0	0.0	0.0	0.0	0.0	0.0	0.0	0.0	0.0	0.0	0.0	0.0	0.0
839.17928386517	-0.9491583057090338	0.9009014892964436	704221.8704684596	913.1314984395832	-7.049041154141946	49.68898119278682	833809.1334425185	776.8553086326632	-0.4765538378053406	0.2271035603269989	603504.1705507503	778.0889628186706	671.2115834906673	1.594385	22.609997	0.0920461092509301	0.0483264586346829	0.1214949571	-0.0031827986	0.0413821976	-0.0458244885	0.0725854689	0.0412088811	-0.0251245444	0.0635420025	-0.1172538477	0.0023604294	-0.0811631523	0.0163806267	-0.026997332	-0.0397456921	0.0809025538	0.0783193699	0.0692971402	0.0574299896	-0.0340462909	0.2038691924	-0.1520500063	-0.015519674	0.1041680676	0.0879749812	-0.1671021744	0.0636155185	-0.0636805379	0.16644903	-0.1086993334	-0.0890588477	0.0587211779	0.0224639414	-0.1906213822	-0.0186458104	-0.0252641743	-0.0630930833	0.2734068218	0.0280690191	-0.027504034	0.0386349753	-0.0571549352	0.0101836356	0.0411912198	0.1315265355	-0.0024169136	-0.016041065	-0.0523091803	-0.1305649507	-0.0820335344	0.1194556036	-0.1001425878	-0.2372051537	0.0195218383	0.0958596108	-0.0632924595	0.0230026801	-0.1278147944	-0.0332575842	-0.0452123748	-0.0246908681	0.118525946	-0.207701572	-0.0764177752	0.1626127784	0.0199869092	0.003515914	0.027804	-0.0550546331	0.0421277824	0.003656356	-0.1554147341	-0.1029971417	-0.0627183206	0.0980337325	0.0002902062	0.0710130587	-0.1782422845	0.063577407	-0.0869963574	-0.0433802206	-0.0498861866	0.0315728628	-0.0417117576	-0.0059766578	-0.1374035736	0.0802992332	-0.0034585687	0.116316665	0.1086844503	-0.0509612127	-0.0888661936	0.1211199807	0.0463474388069187	0.0081554374036017	6.651115924406567e-05	0.002148085083961	0.0521022941106963	-0.0285864985489184	0.0027146490515974	0.0008171878992873	-0.0155508860643465	-0.0377027989921572	0.0002418300573862	0.001421501051843	0.0001629958015429	-0.000129004946632	1.664227625555096e-08	2.6567631320612448e-08	-4.201578790796745e-05	-2.004994792415005e-08	4.0200041176112877e-16	1.7653264335273039e-09	-0.0001939963635044	-0.000223002489545	3.76345890529313e-08	4.973011034328208e-08	0.0	0.0	0.0	1.0	0.0	0.0	0.0	0.0	0.0	0.0	0.0	0.0	0.0	0.0	0.0	0.0	0.0	0.0
841.5007910720301	2.321507206860133	5.3893957115035365	708123.5813748525	919.2808394517727	6.149341012189552	37.814394884196425	845077.261783156	777.1975088994055	0.3422002667423385	0.1171010225585276	604035.9678394415	778.6520941062051	679.1786288872823	1.327566	18.826233	0.1143301038220758	0.0712505415560214	0.048396997	0.0258387196	0.0349299156	0.1037839171	-0.0267130077	-0.0014411999	-0.0914777852	-0.0171521697	0.0134302226	0.0093190183	-0.0147176495	0.0120227497	-0.0472174477	-0.0265496618	-0.0476099578	-0.0633978341	0.0590353474	0.0660018436	-0.1252580959	0.021628667	0.1013199367	0.0846782081	-0.0325992294	0.1404142065	-0.0455418121	-0.0395583572	0.0944689192	-0.0042085454	-0.2274245123	0.1894238733	0.0230203792	0.0554551765	-0.0631152972	0.0947905367	0.0211991234	-0.1601668093	-0.1172984193	0.0755001821	-0.0133586318	0.0577359858	0.0733795342	-0.0062218694	0.0533625436	-0.0333076602	0.0146491418	0.003251498	-0.0510978726	-0.0596281578	-0.0002627978	-0.1175454443	-0.158897379	0.0941118516	0.065685637	0.0647471093	0.1722046639	0.2970918786	-0.1091543494	-0.0051692734	-0.0148642284	-0.0090071654	0.1162984927	-0.0065004766	-0.0029444423	-0.0326072591	0.0122275731	0.0203824602	0.0028709614	-0.0488935276	0.1079566679	-0.1090009224	0.0286487266	-0.0525300297	-0.0257783078	-0.03466994	0.0338267187	0.1944533711	-0.0518150504	-0.0613948384	-0.0103930702	0.1056360467	0.0228974396	0.0873170757	0.0715339587	-0.0256632505	0.0408245228	-0.0023863812	-0.0836987181	0.0322768646	0.1226728259	-0.0540487397	-0.0838433825	0.1242524367	0.0290878650748993	-0.0172595737320194	0.000297892885411	0.0008461038946155	0.1179713317145569	0.0658690376038605	0.013917235106506	0.0043387301148588	-0.0266015537930002	-0.0110506677286537	0.0007076426642018	0.0001221172572491	-0.0001610023721475	-0.0003239981736904	1.049748165547146e-07	2.5921763837122085e-08	-4.199077148392405e-05	2.5016424043400324e-08	6.258214719192176e-16	1.763224889815129e-09	-0.000115003058468	7.89933050364e-05	1.3225703456994223e-08	6.239942240573737e-09	0.0	0.0	0.0	0.0	0.0	0.0	0.0	0.0	0.0	0.0	0.0	0.0	0.0	0.0	0.0	0.0	0.0	0.0
842.0651322991789	0.564341227148816	0.3184810206598314	709073.6870340337	923.8592664524468	4.578427000674083	20.961993800501475	853515.9442100532	777.0596062939239	-0.1379026054815995	0.0190171285986136	603821.631733668	778.7699246831393	697.4513735841188	1.397675	19.82045	0.086765864860668	0.0497252134070718	-0.0319851192	-0.0425155005	-0.1249930753	0.0433764453	0.0230249332	-0.0010004994	0.0547566488	-0.0205397349	-0.0014528891	0.0360739582	0.0215892423	-0.0108864168	0.1265205287	0.0435361824	0.0551538158	-0.0188157034	0.0318455721	-0.0588504539	-0.062054777	0.0227502472	-0.0650064038	0.0567965912	0.1696196408	0.0036912197	0.1163308314	-0.0215151849	0.1466055645	-0.0649952273	-0.0162522386	-0.1351603506	-0.0703073944	0.0499579879	0.0055542509	-0.0116561102	-0.1811120144	0.0292324658	0.0911559926	-0.0792134809	-0.1576086979	-0.0972021602	0.140990544	-0.0026589712	-0.1487375245	0.0088087895	0.017314402	0.0473773775	-0.0858631979	-0.0032987299	-0.12237499	-0.0449915841	-0.0158894194	0.0382067696	0.0219740783	0.0154476694	-0.1324430194	-0.0524873455	-0.0601943978	0.1129522293	0.0229543452	0.0966783146	-0.1202830343	0.0789057124	-0.0192052955	-0.0059674345	0.0182903079	0.0140925732	0.0166480677	-0.0657965194	0.0888739655	0.0285797317	-0.1285361027	-0.085271441	0.0729253517	-0.1403980866	-0.0342342072	-0.0459137009	-0.1207220928	0.027489381	0.0226329751	-0.0184339179	-0.0822144902	0.0162446009	-0.078696271	-0.0657096726	0.0243285005	-0.1084070655	0.051512369	0.0234377695	-0.119469319	-0.0570992244	-0.0785907625	0.1266188352	0.03782371474243	0.0087358496675307	7.631506941369626e-05	0.0014306333969167	0.0770579759417415	-0.0409133557728153	0.005937931656238	0.0016739026805929	-0.0105364482676719	0.0160651055253282	0.0001110167420973	0.0002580876155399	0.0002519977297207	0.0004130001018682	1.705690841431436e-07	6.350285578438697e-08	-4.201345203269646e-05	-2.2680548772413545e-08	5.144072926178295e-16	1.7651301517036863e-09	-0.0001069947629851	8.008295482899997e-06	1.1447879306237725e-08	6.41327965414365e-11	0.0	0.0	0.0	0.0	0.0	0.0	0.0	0.0	0.0	0.0	0.0	0.0	0.0	0.0	0.0	0.0	0.0	0.0
841.0695927911656	-0.9955395080132804	0.9910989120153242	707398.0599178972	918.082340034896	-5.77692641755084	33.372878833796776	842875.1830839504	777.2762599095507	0.2166536156267966	0.0469387891641637	604158.3842189795	779.3634091823847	688.2607705643671	1.408084	19.968048	0.0962851028402948	0.0517707928710708	0.0294214076	-0.0092440825	0.0288111174	-0.0661589371	0.1026262768	0.0399188783	0.0329706807	0.0929517522	-0.0338430119	-0.0176096078	-0.0835101292	-0.0179813917	-0.0749785243	-0.0632707524	0.085015358	0.0805185957	0.0220590398	-0.0743998472	0.0157576284	0.0986573249	0.092887702	0.1086133491	-0.0262421347	0.1238480575	0.1482708463	-0.0771291128	0.0018284134	0.0905830142	0.0194751299	-0.0445685956	0.0171801607	-0.0207701722	0.160508536	-0.0438913917	-0.0938435777	-0.1236030524	-0.0081374239	0.0547519151	0.1291584452	0.0721396407	-0.0263100613	0.0133314961	0.0557272118	0.0995048668	-0.0219792339	-0.0218458585	-0.0319425339	-0.013978525	0.1294456253	0.0618420356	-0.0641461462	0.0396328704	-0.0105819672	0.1090933061	-0.0378887355	0.0744197897	0.1498883517	0.0810261673	0.0239370301	-0.0841884803	-0.0796271875	-0.0119470799	-0.2351094322	-0.0163962969	0.0153019298	0.0109925288	0.0173672093	-0.0675888467	0.0404540659	-0.0264305407	-0.0979229496	-0.0525586614	0.0055759356	0.099334783	0.073980877	0.1464790321	-0.0181692102	0.0277764365	-0.0451254861	0.0485009986	-0.0881023861	0.0193405018	-0.0075807382	0.1273414539	-0.0466734589	0.0858602259	0.1693196481	-0.0539382884	0.1772072034	-0.0601105761	-0.0731227308	0.1282045865	0.0354675112795632	-0.0023562034628668	5.551694758425507e-06	0.0012579443563659	0.1114944288462282	0.0344364529044867	0.0124310076637466	0.0011858692886429	0.0201563799983546	0.0306928282660264	0.000406279654638	0.0009420497069677	0.0001190307776024	-0.0001329669521183	1.768021035563028e-08	1.4168326016632008e-08	0.0003069883670203	0.0003490018190529	1.218022697023005e-07	9.424185748579044e-08	-0.0002010183559521	-9.4023592967e-05	4.040837942968518e-08	8.840436034424094e-09	0.0	0.0	0.0	0.0	0.0	0.0	0.0	0.0	0.0	0.0	0.0	0.0	0.0	0.0	0.0	0.0	0.0	0.0
841.6343909096877	0.5647981185220488	0.3189969146860462	708348.447961921	920.920657597616	2.8383175627200217	8.056046586844925	848094.8575900255	777.1131761042832	-0.1630838052675471	0.0265963275405432	603904.8884748867	778.5049803795682	684.7017808637261	1.227529	17.407604	0.0488084048211871	0.0288427572246312	0.0390220262	0.0495425927	0.1144909179	0.0292896707	-0.0283680876	-0.0055317277	-0.0897699408	-0.0584074684	0.0197715524	-0.0557032496	0.146969632	0.0264769459	-0.1051657564	-0.0542794361	0.009902659	-0.0744169712	-0.0512767065	0.0382181436	-0.1003512152	-0.0028809078	-0.0473067157	0.0504653221	0.0018145424	0.0616143323	-0.0312425236	0.0169263876	0.1027965601	-0.1226480995	0.032906508	0.0839257351	-0.0565560796	0.1145502368	-0.0233545807	-0.0890585585	-0.094965378	0.1070623501	0.0861790563	-0.1162494716	0.0813800767	0.1763627431	0.0820354559	-0.0173654974	0.1227957872	-0.0457259123	0.0263855804	0.0484000365	0.0004520728	0.0595077445	-0.0150192777	-0.0786134079	-0.0075221911	-0.0629356737	0.0914373546	0.022746167	-0.0117067315	0.0046068345	0.0483038759	-0.0064446377	-0.0522315497	0.0957618277	-0.0309420072	0.0362830145	0.0238035192	0.1211970262	-0.0434019243	0.0054117168	-0.0028675781	-0.0542788881	0.0217085079	-0.1099311661	0.0677044437	0.0489024184	-0.0607286455	0.0350852652	-0.0896019306	-0.0266280326	-0.1330746274	-0.0345416451	0.1504411441	0.0609014015	-0.1473663681	0.0659931463	-0.0012471139	0.0647571832	0.1253318816	0.0188576175	0.0140868384	0.0989615927	0.05846254	-0.063080731	-0.0674542747	0.1289999139	0.0340924857780322	-0.0013750255015309	1.890695129860576e-06	0.0011622975865253	0.0880593464881513	-0.0234350823580769	0.0077544485039202	0.0005492030851298	0.0261585119648088	0.0060021319664542	0.000684267748213	3.602558814273139e-05	0.0004050299278418	0.0002859991502393	8.179551393765889e-08	1.640492424475337e-07	0.0003509652329574	4.397686593710001e-05	1.933964737649667e-09	1.231765947448421e-07	-0.0001710710722261	2.9947283726e-05	2.9265311752587527e-08	8.968398025655443e-10	0.0	0.0	0.0	0.0	0.0	0.0	0.0	0.0	0.0	0.0	0.0	0.0	0.0	0.0	0.0	0.0	0.0	0.0
842.4682124826965	0.8338215730087768	0.6952584156148309	709752.6890437898	919.3739947016368	-1.5466628959792388	2.392166113798885	845248.5421336453	777.3779060330453	0.2647299287621081	0.0700819351823908	604316.4087883222	779.3535986619597	694.3072731926624	1.280773	18.162661	0.1115406693216574	0.0527112280306942	-0.0010473761	0.0151179077	-0.0535178582	0.048177908	-0.0667588739	-0.0038083065	-0.0070842759	-0.0601459908	0.0233002209	0.033411286	-0.088391512	0.0027662282	0.0560585557	0.0762415039	0.0170459002	-0.057194121	0.0539109584	0.0805609929	-0.0044881451	0.0455925792	0.0955462477	-0.084819861	-0.0765045613	-0.0921299508	-0.1327049489	0.0230178852	-0.0380382334	-0.0465923263	0.1188241009	0.0510096563	-0.2110577127	0.0015174147	-0.083900796	0.14315198	0.1764619832	-0.0952267711	0.0429211874	-0.1339208532	0.1604246575	-0.0188760856	0.0848595402	-0.0086275916	-0.069722859	-0.0625197626	-0.0115612025	0.0566501998	-0.0045376793	-0.0832436843	-0.0537618832	0.0501549663	-0.0392922381	0.0445151811	-0.0110729162	-0.1267299987	0.0596927039	-0.0315937682	0.0852707039	-0.2028382713	0.0517088336	0.0524086723	0.0677969308	-0.1056877911	-0.0526848146	-0.0091130321	0.0661077029	-0.0452382401	-0.0758804313	0.0208238141	-0.0680033669	0.1097808165	-0.0546475863	0.0546867356	-0.1082100686	-0.1104180383	0.0168416803	-0.0571516892	0.0704639062	-0.1120742179	0.0592168751	-0.0019220507	-0.1550650105	-0.0659644853	0.0777538944	-0.0719342236	0.0145713796	-0.1408523105	0.0378583675	0.0658745728	0.0139917991	-0.0660076536	-0.0616009311	0.1289999139	0.0458626491225828	0.0117701633445506	0.0001385367451574	0.0021033825845411	0.1296226667587916	0.0415633202706403	0.0168020357376607	0.0017275095919198	0.0531179199533511	0.0269594079885422	0.0028215134201706	0.0007268096790926	0.0007510051329482	0.0003459752051064	1.1969884254841556e-07	5.640087097145435e-07	0.0001959823471526	-0.0001549828858048	2.4019694892383685e-08	3.8409080395442224e-08	-4.707360877881524e-05	0.0001239974634472	2.2159246434609513e-09	1.5375370941360726e-08	0.0	0.0	0.0	0.0	0.0	0.0	0.0	0.0	0.0	0.0	0.0	0.0	0.0	0.0	0.0	0.0	0.0	0.0
840.874753549179	-1.5934589335174678	2.5391113728066257	707070.3511563925	919.667163209287	0.2931685076501935	0.0859477738778415	845787.6910854173	777.3852678323938	0.0073617993484731	5.4196089647179566e-05	604327.8546428425	777.2410537273818	687.1407409811097	1.190074	16.876448	0.0936247946192674	0.0528760261215039	0.0015697992	0.005828609	-0.1328566962	0.0596826513	-0.004485302	0.0129603632	0.0771275333	0.103850367	0.1687856808	0.0733403201	0.1142547311	0.0073185155	0.0596323992	0.0791293347	-0.0111199944	-0.1094886251	0.0185920357	0.0022958369	-0.0898562716	-0.1317841062	-0.0126390109	-0.0760208728	-0.1750530566	0.0352322103	-0.2216908453	-0.0736219286	-0.0483561061	0.024050208	-0.0916234196	0.0523883598	0.065684798	-0.0471148544	-0.007075531	0.0361457271	-0.0360102019	-0.0170107349	-0.0817349027	-0.0238507897	-0.0850407073	0.0689163266	0.0066847031	-0.0116078373	-0.0801793556	-0.0886991221	0.0097499112	0.0164231945	-0.0057323466	0.061177714	0.1846436736	-0.0489372432	-0.0203927472	-0.1008546154	-0.185518367	-0.0294079437	0.1066690209	0.0831786349	-0.1477870368	-0.1392371299	0.009814949	-0.0652209367	0.1176036526	0.0357066183	0.1431614928	0.0812394378	-0.0080147857	-0.0630378549	-0.1007854018	0.0282311746	-0.0615720108	-0.0301346081	0.0221990921	0.1748915872	0.0241060456	-0.2068664452	-0.0951191791	-0.0620749664	0.1148947055	-0.1603654683	0.034520626	-0.0541732447	-0.0579824737	0.0964891823	0.1039062984	0.1105347809	-0.13599364	-0.0960896728	-0.0469002485	-0.0339705792	0.1238634176	-0.0688893378	-0.0555787436	0.1282045865	0.0488093324867264	0.0029466833641435	8.68294284852062e-06	0.0023823509377998	0.1762540767369103	0.0466314099781186	0.0310654995663806	0.0021744883965473	0.0761624901154505	0.0230445701620993	0.005800724900586	0.0005310522139559	0.0008210012260641	6.999609311589999e-05	4.899453051489742e-09	6.740430131987554e-07	-4.197335095756927e-05	-0.0002379556981101	5.662291426309802e-08	1.7617621906072812e-09	6.501722229323146e-05	0.000112090831072	4.227239194727474e-09	1.2564354410422111e-08	0.0	0.0	0.0	0.0	0.0	0.0	0.0	0.0	0.0	0.0	0.0	0.0	0.0	0.0	0.0	0.0	0.0	0.0
841.3343446024797	0.4595910533007554	0.2112239362740978	707843.4794076842	918.8824238120438	-0.7847393972431291	0.6158159215855096	844344.9087906965	777.4874530442416	0.1021852118478818	0.0104418175203964	604486.7396412218	778.7756274896949	691.1948010878696	1.260447	17.874416	0.141223707402199	0.091844070653873	0.0246208108	-0.0059145531	-0.0982690558	0.0517915035	0.0974858009	0.0030017128	-0.0155770076	0.0970095199	-0.0048184845	-0.0639185513	-0.091393157	0.0267605385	0.063802664	0.1437460044	0.0488890358	0.0338710668	0.009397549	0.0436547044	0.1132358068	-0.0338557936	-0.0949675616	0.0135031947	0.0730798946	-0.1358286528	-0.0630380855	0.0062165537	-0.0269453464	-0.0249450791	-0.1190881704	0.1259174879	-0.0066378969	-0.0959174778	0.0751154056	-0.008785787	0.1002874825	0.1761010607	-0.0739544374	-0.193455661	-0.1231875557	-0.0361822406	-0.1306597945	-0.0378419087	-0.1181196065	0.0112204177	-0.1093576629	0.0883979726	0.0491648492	-0.0181487123	-0.0768499643	-0.0034479494	0.0965001957	0.0160409486	0.0817216429	0.003228903	-0.0716626978	0.0278886464	0.0379364661	-0.0304145861	-0.0119969269	-0.0012733772	0.1438603899	0.1737965351	0.0472044169	-0.0368935493	-0.0649108328	-0.0295702597	-0.0721212083	0.0112177391	-0.0565446912	0.1083793775	-0.1445703433	0.0875419881	-0.0354891112	-0.0497743128	-0.013673363	-0.1466405361	-0.0584462026	-0.0312637406	0.0877450719	-0.0198832127	0.0025106617	-0.0389648636	-0.083563704	0.1013529114	0.0383411719	0.0662155683	0.1259647624	0.1896274588	0.0137471732	-0.0717238087	-0.0494042187	0.1266188352	0.0399754924941504	-0.0088338399925759	7.803672901443508e-05	0.0015980400001498	0.0893094418742208	-0.0869446348626895	0.0079761764078848	0.0075593695314064	0.0554240248804944	-0.020738465234956	0.0030718225339536	0.0004300839403014	0.0008829998940457	6.19986679816e-05	3.843834831492673e-09	7.796888128847173e-07	0.0003280013432722	0.0003699746942297	1.368812743704113e-07	1.075848811883676e-07	2.8552382650513103e-06	-6.216198402818015e-05	8.152385550213217e-12	3.864112258319724e-09	0.0	0.0	0.0	0.0	0.0	0.0	0.0	0.0	0.0	0.0	0.0	0.0	0.0	0.0	0.0	0.0	0.0	0.0
842.8624329357681	1.5280883332883377	2.3350539543319297	710417.0808544022	916.4105696535396	-2.471854158504243	6.110062980914719	839808.332172725	777.9525279082586	0.4650748640169695	0.2162946291404026	605210.1356788499	778.832376611972	692.4141057933913	1.188373	16.852329	0.1044011351641379	0.0810957382769561	-0.0085055195	0.0424738162	0.0360278032	-0.0165975962	0.1243319366	-0.0239654462	-0.0279982773	0.062983115	-0.0088271912	-0.0229373695	-0.1667436878	-0.0023518419	-0.0997851568	0.1048015888	0.061237279	0.1113068225	0.0898074194	-0.0058632376	0.1312930691	-0.0153655648	0.1156373888	-0.0809939112	-0.0138794778	-0.0690664539	-0.0224258636	0.0766989573	-0.0203051515	-0.1063079986	-0.011402267	0.1403324682	0.097783627	0.0849013113	0.0512585011	-0.0770091526	0.0039966109	-0.0426405818	0.1246872505	-0.0849532784	-0.0168373687	0.1271646965	-0.1967082739	-0.0144747071	0.0553372458	0.0399154063	-0.1636559091	-0.0321830854	0.0283960088	-0.0865195825	0.1033858868	0.0508247588	0.031296251	0.0661967083	-0.0775480327	-0.0830796395	0.067068818	-0.0742439988	-0.003484938	0.0010281068	0.0922183699	-0.0311513495	0.0340189003	0.0550891318	-0.1705779552	0.0700224888	-0.1047697987	-0.0331045759	-0.1025812072	0.0478922547	-0.0412817009	0.0682830927	-0.0894953425	0.1231724359	-0.0412055938	0.1000364144	0.0229566498	-0.0114239056	0.1168344201	-0.1016292631	0.0325760423	0.0410027155	0.0423181325	-0.0338497829	0.0945282935	0.0830950149	-0.182324359	-0.0038987278	-0.0176668993	0.0611195613	-0.0449692158	-0.0745091236	-0.0430942802	0.1242524367	0.0349253073145376	-0.0050501851796128	2.5504370348380796e-05	0.0012197770910148	0.1681422937844559	0.078832851910235	0.0282718309590982	0.006214618540301	0.0554946018507394	7.05769702449982e-05	0.003079650834572	4.981108728963362e-09	0.0006640092043994	-0.0002189906896463	4.795692215176209e-08	4.409082235271241e-07	0.0002249715405655	-0.0001030298027067	1.0615140245781531e-08	5.0612194064414406e-08	-8.407469146284988e-05	-8.692992972790119e-05	7.068553744573402e-09	7.556812682497839e-09	0.0	0.0	0.0	0.0	0.0	0.0	0.0	0.0	0.0	0.0	0.0	0.0	0.0	0.0	0.0	0.0	0.0	0.0
841.8473091162094	-1.015123819558653	1.030476369035349	708706.8918662027	910.205417153364	-6.205152500175586	38.50391755043533	828473.9014153294	777.9949409451547	0.0424130368960504	0.0017988656987457	605276.1281362547	778.4802349631649	694.7661717027474	1.199993	17.017113	0.0781528262572691	0.0359077269677092	-0.0248180965	0.0038578326	0.0923149739	-0.1153349072	0.0988043101	-0.0080251618	-0.0329857734	-0.0215923197	-0.1717064426	-0.0973597433	0.1122000732	-0.0339020499	-0.1184603023	0.0208668218	0.1560496916	0.0713133229	-0.0973033158	-0.185478767	-0.0596029	0.0152704131	-0.1161456302	-0.0159511177	0.0120893812	-0.0187539307	-0.0597666676	-0.0483598975	0.0490031703	-0.2783481757	-0.027053943	0.1421972234	0.0058542277	0.0956707546	-0.0541922996	0.0637137619	-0.0005787776	-0.0336911533	-0.1428368791	0.0444089669	0.0265336935	-0.0887725454	-0.0350726032	0.0220219689	0.1091192861	0.1034128136	-0.1152032232	0.0938202778	-0.0794775486	0.1969846917	-0.1295092025	0.0142064193	0.0894748986	0.0339126795	-0.0120135506	0.0764747855	0.1597025917	0.1203953558	-0.020532283	-0.0957415141	0.0666869956	0.1051636138	-0.0606043815	0.0894818501	0.0360050589	-0.0815906993	-0.0952046384	-0.0193174995	-0.1097689925	0.0447992345	-0.0426283808	-0.0355553584	-0.0158743541	0.2152209112	-0.0084031351	0.0868003584	-0.1499589009	-0.1128305989	0.0264021715	-0.0474363333	0.0139467671	-0.1589845399	0.0348608644	-0.0211818164	0.1096656265	0.0554817554	-0.0688233592	-0.0427057199	-0.1844191262	0.0991907024	0.0589346473	-0.0772433738	-0.0366662233	0.1211199807	0.0409032267194362	0.0059779194048985	3.573552041146322e-05	0.0016730739560615	0.1427164236552727	-0.0254258701291831	0.0203679775809512	0.000646474871826	0.0515175770796645	-0.0039770247710749	0.0026540607481591	1.5816726029743367e-05	0.0004145908264908	-0.0002494183779086	6.22095272385572e-08	1.7188555341032462e-07	0.0006229394052259	0.0003979678646604	1.583784213023585e-07	3.880535025831981e-07	-0.0002921286879361	-0.0002080539964732	8.53391703152673e-08	4.328646544849118e-08	0.0	0.0	0.0	0.0	0.0	0.0	0.0	0.0	0.0	0.0	0.0	0.0	0.0	0.0	0.0	0.0	0.0	0.0
840.5159233246818	-1.331385791527623	1.7725881258816354	706467.0173623423	913.5109118615796	3.305494708215633	10.926295266041556	834502.1860901747	776.5633150458856	-1.4316258992690791	2.0495527154579998	603050.5822750553	777.4312737288852	678.3867635493566	1.32287	18.759632	0.0516749420907251	0.0244297191602557	0.056599444	0.0231435485	0.1485574547	-0.0105759397	-0.0018760087	0.0345604522	-0.1122391242	-0.0947020838	-0.0984878582	0.093303077	-0.1200899967	0.0286393314	-0.1096380493	-0.0223961291	0.1034921151	0.0169200325	-0.0077788114	0.1168661136	0.093614169	0.0804309974	0.115434976	0.0062180143	-0.0218423936	-0.1101023762	0.0134234643	0.1499337763	0.1092820568	-0.0289357193	0.0105471173	-0.0396153561	-0.0278762957	-0.0680487875	0.0517362796	0.1314632434	0.032044857	0.0379083798	-0.0641921225	-0.0585610616	-0.1054349605	-0.0945071482	-0.0062434428	0.0043415964	0.1265551756	0.0589516004	-0.010630553	0.0969528022	0.0387570877	-0.1463892432	-0.0433550083	0.0549968761	-0.0331200273	0.1193958623	-0.0007335307	-0.1191183043	-0.0599472654	-0.1404940477	-0.0494928835	0.0208201365	0.0079818277	0.094962316	0.0385500167	0.0281296197	0.045889076	-0.1070052362	0.0632144425	-0.0096977502	-0.1150248011	0.0469032078	-0.0720692161	0.0844005296	-0.0571801029	0.1018990012	-0.1928927177	0.1181517939	-0.0049423994	-0.0230116512	0.0624288708	-0.1195517219	0.0556521317	-0.0099152864	-0.0468639232	-0.0267496441	-0.0048154881	0.0216099749	0.0513079977	-0.0976156868	-0.0529657483	0.0553521825	-0.071775538	-0.0799246852	-0.0301376669	0.1172407796	0.0469561694029749	0.0060529426835387	3.663811513020472e-05	0.0022048818450008	0.1296782261345441	-0.0130381975207286	0.0168164423334019	0.0001699945945895	0.0427014240581939	-0.0088161530214705	0.0018234116165977	7.772455409798512e-05	0.0006420273101342	0.0002274364836433	5.172735409207456e-08	4.121990669581562e-07	0.0005699686293196	-5.297077590629999e-05	2.8059031001154514e-09	3.248642384084636e-07	-9.718297018605516e-05	0.00019494571775	9.444529694183685e-09	3.800383286908016e-08	0.0	0.0	0.0	0.0	0.0	0.0	0.0	0.0	0.0	0.0	0.0	0.0	0.0	0.0	0.0	0.0	0.0	0.0
843.621257782917	3.105334458235234	9.643102097503114	711696.826583231	920.0523134448572	6.541401583277548	42.78993467370601	846496.2594752337	776.903921801971	0.3406067560854353	0.1160129622910432	603579.7037112832	777.7905127592624	691.2789002118259	1.311068	18.59227	0.0738939660214076	0.0403729323262722	-0.0306084394	0.0290274498	0.0561877	0.140888766	-0.071936185	-0.0113712259	-0.064850787	-0.0748865694	0.1415673299	-0.0377013832	0.0733664265	0.0074373866	-0.0963278153	0.0046249474	-0.0246212235	-0.1567452359	-0.0109811512	0.0826747227	-0.0670827516	-0.1986338487	0.0133301477	-0.0606469753	-0.0641732459	0.0749495466	0.0169432395	-0.1037801778	0.1557608329	0.0692605718	-0.0261115523	-0.159258965	-0.0259578539	-0.0497742299	-0.0735381778	0.0852431071	0.0803186264	0.0400534166	0.1134834482	-0.0656137625	0.0383432064	-0.0997498826	0.0447067062	-0.0021841497	0.0889290385	-0.1493309896	0.0232174532	0.0630741349	0.0191784298	-0.0183018086	0.1702317475	-0.1045151797	0.0120808208	-0.0558493658	-0.0438031914	-0.0099525794	-0.0392708919	0.0708672221	-0.1706625114	0.1123635537	0.1357467136	0.0947593637	0.0303880765	0.0594783682	0.0180431841	-0.065382124	0.0536031276	0.0019907334	-0.1325114045	0.0337328155	0.0045218942	-0.0519765983	0.1461919312	0.1458217833	-0.0655091899	-0.0983498838	-0.0325965488	-0.0356359001	0.0518576412	-0.090260185	0.0880789748	0.1180719545	0.0991700754	-0.0516875824	0.0568781229	0.1127047193	0.0227209492	-0.0353637165	0.1184815224	0.0886846228	0.0449516307	-0.0825512202	-0.0235265052	0.1126387502	0.0411210222388547	-0.0058351471641202	3.404894242694004e-05	0.0016909384699683	0.1611703538309683	0.0314921276964242	0.0259758829539995	0.0009917541068478	0.0629963654557599	0.0202949413975659	0.0039685420606356	0.0004118846463306	0.0004855541069556	-0.0001564732031786	2.448386331297144e-08	2.3576279078145025e-07	0.0005149487950808	-5.501983423880001e-05	3.0271821596650303e-09	2.6517226155516777e-07	-0.0002111249280346	-0.0001139419578485	4.4573735237615033e-08	1.2982769758359568e-08	0.0	0.0	0.0	0.0	0.0	0.0	0.0	0.0	0.0	0.0	0.0	0.0	0.0	0.0	0.0	0.0	0.0	0.0
843.3101640206512	-0.3110937622658412	0.0967793289207157	711172.0327405377	918.5182715318874	-1.534041912969769	2.353284590747949	843675.815137926	776.3321521542479	-0.5717696477231584	0.3269205300574647	602691.6104684463	777.5143082632987	704.4509807963161	1.474429	20.908899	0.1131482879099006	0.0582956311985984	-0.1118722342	-0.0487205007	-0.1185623993	0.0674248045	0.0367428323	-0.0134446754	0.0870064989	-0.1104314961	-0.0663586085	-0.0514518672	-0.0630011123	-0.0266621268	0.1356497338	0.0920899032	0.1174972942	-0.0265948448	0.0120400471	0.198545687	0.0171486966	-0.0034988311	-0.0860400238	-0.0191655627	0.1618790732	0.0957079654	-0.0554762723	-0.0722871258	0.0258511946	-0.0618156749	0.0145472744	-0.0792081602	-0.0605455087	-0.0132459039	-0.1257737838	0.0374577632	-0.0223595665	0.1339694472	0.0378933969	0.0289780661	0.008012318	-0.0252061035	0.1453926637	0.027518899	-0.1599856364	0.0236347193	-0.0609730363	0.1431232411	-0.0269562484	-0.0870734423	-0.212096772	-0.0859037627	0.0780677689	0.004392061	0.0898235148	-0.0209443607	-0.0887326504	0.0705297055	-0.0864191154	-0.0001291616	0.0218373578	-0.0039270121	-0.0969971634	0.0263626999	0.0465883865	0.0536007947	0.0601443394	0.034263056	-0.1090436145	0.022499813	0.0511703501	0.1631267133	-0.1286612844	0.0107330938	0.0025899699	-0.0929725314	-0.090276018	-0.1589185066	0.0401974811	0.0074583313	0.0789293542	-0.0222588627	0.0489281312	-0.0290054287	-0.0450885137	0.0342210581	0.0392659908	-0.0959623782	-0.0373934518	-0.0318843725	-0.1414658072	-0.0851211787	-0.016850859	0.1073422654	0.0451600534393463	0.0040390312004916	1.6313773038544623e-05	0.0020394304266446	0.1336983504534146	-0.0274720033775537	0.017875248913964	0.0007547109695763	0.0185396907080246	-0.0444566747477353	0.0003437201315492	0.0019763959296259	0.0008056612738366	0.000320107166881	1.024685982885804e-07	6.49090088160013e-07	0.0006708075633115	0.0001558587682307	2.4291955634391065e-08	4.499827869959121e-07	-0.0004787705646053	-0.0002676456365707	2.292212535324778e-07	7.163418677533525e-08	0.0	0.0	0.0	0.0	0.0	0.0	0.0	0.0	0.0	0.0	0.0	0.0	0.0	0.0	0.0	0.0	0.0	0.0
843.1603032529927	-0.1498607676585379	0.0224582496832062	710919.2969816786	920.9484583689068	2.4301868370193915	5.905808062822315	848146.0629720661	778.537016156459	2.2048640022111385	4.86142526824652	606119.8855258025	780.4640116837734	692.458267243029	1.508686	21.394699	0.0826948790381216	0.0587872998714673	-0.0483295187	-0.0399158391	0.0952234046	0.0469402275	0.0931892657	0.0759730297	0.0624405412	0.0251700053	0.0589007804	-0.0614806032	-0.0577190137	-0.1165831236	-0.084476551	0.066394997	0.0099837876	0.0149749729	0.0323139613	0.0761679902	0.0255801109	0.0542922511	0.0400651796	-0.0832181582	-0.070230688	0.1074754457	-0.0244762393	-0.0539704667	-0.0337879062	-0.1479932958	-0.1607125067	-0.1284286708	0.050087466	0.0894530754	0.0605265884	-0.1432870754	0.0031599948	-0.0675670532	-0.0614020821	0.093764749	0.0431077856	-0.0447730511	0.0237819979	0.0990650049	0.0515670435	-0.0209829803	-0.102714575	0.0308799725	0.0048362645	-0.0538244562	0.1292621408	0.0158911843	-0.0948132326	0.0261562132	-0.0680096311	-0.0289664334	-0.1028474401	0.0896699942	0.0913292241	-0.0713710765	-0.0766970261	-0.0791962515	-0.0795778685	0.1581524044	0.0210991333	-0.2172668097	-0.1771869915	0.0678601203	-0.1268656958	0.0077662879	0.0731355857	0.034854298	-0.0378045324	0.0737791503	-0.0860621854	0.0671571156	0.0106703567	0.0643597408	0.1103875363	0.0201382298	-0.0201066408	0.1181228501	0.0856784764	-0.1029738891	-0.0314985359	0.1986560643	0.0341229447	0.0857457067	0.1422863282	-0.1437078479	-0.0129943723	-0.0876327994	-0.0101290257	0.1013839798	0.0447513199664229	-0.0004087334729234	1.670630518880264e-07	0.0020026806387371	0.1902128154827522	0.0565144650293376	0.0361809151738755	0.0031938847575522	0.0189683179349202	0.0004286272268956	0.0003597970852802	1.837212996362125e-07	0.0009202013450001	0.0001145400711635	1.3119427902139646e-08	8.467705153399932e-07	0.0009908137478928	0.0003200061845813	1.0240395817028109e-07	9.817118830133773e-07	-0.0004064557541708	7.231481043450003e-05	1.652062800985538e-07	5.229431808177674e-09	0.0	0.0	0.0	0.0	1.0	0.0	0.0	0.0	0.0	0.0	0.0	0.0	0.0	0.0	0.0	0.0	0.0	0.0
845.3773977141996	2.217094461206898	4.915507849914305	714662.9445660319	918.8673891992626	-2.081069169644252	4.330848888843816	844317.2789338691	779.1100928627247	0.5730767062657378	0.3284169112643867	607012.5368005636	779.0387233807543	693.0802285721796	1.226223	17.389088	0.0410748402222854	0.0349472528210806	-0.0959409905	0.0116033727	0.1629128229	0.1210825183	0.0272444742	-0.0004703104	-0.0307395116	-0.078719526	0.0310521699	-0.2229455766	0.0780301894	-0.1292118221	-0.1724127694	0.0804262734	-0.0831713115	-0.0510332922	0.0065991979	-0.0277004633	-0.0982788641	-0.1752344943	-0.0809812073	-0.0594795307	0.0807308615	-0.0546029314	-0.10631356	0.1219120143	0.0074199603	-0.0140496212	-0.0331223487	-0.0233616537	0.1731522516	-0.054298357	0.2173544007	-0.0243049115	-0.0477410264	-0.0020927798	0.0298983913	-0.1438437787	0.061278486	0.0713839409	0.1835576323	0.0842164456	0.1139277275	-0.130697684	-0.1156812162	-0.0358414459	-0.0541293854	0.0939856283	0.0392457177	-0.1384436129	0.0492007878	-0.148970775	0.1365516249	-0.0109102066	0.0763235811	-0.0149787797	-0.0668284906	-0.0169172114	-0.1081224299	0.0558489964	0.1035687902	0.1628889921	-0.0687224885	0.004027263	-0.1212699609	0.0790299357	-0.1194137594	0.005637894	0.1059744684	-0.0751050439	0.0964925197	0.0973928607	-0.0590015751	0.0524670128	-0.0990632159	-0.0464111532	0.0383280291	0.0555367913	0.0936606549	0.1172312695	0.1237559276	0.0035963822	-0.118190833	0.0203806267	0.0310864164	-0.0468521464	0.0423324145	-0.0618045757	-0.0994427127	-0.090084361	-0.0033794295	0.0948006283	0.0474833052202257	0.0027319852538028	7.463743426995973e-06	0.0022546642746371	0.1555934690605624	-0.0346193464221898	0.0242093276143001	0.0011984991466995	0.019864147319808	0.0008958293848878	0.000394584348743	8.025102868284594e-07	0.000920173521608	-2.782339210004488e-08	7.741411479528398e-16	8.467193098684684e-07	0.0009908393231512	2.5575258399794524e-08	6.540938422162602e-16	9.81762564302728e-07	-0.0003499555695932	5.650018457759997e-05	1.2246890068930108e-07	3.192270857302865e-09	0.0	0.0	0.0	0.0	0.0	0.0	0.0	0.0	0.0	0.0	0.0	0.0	0.0	0.0	0.0	0.0	0.0	0.0
844.2769079681519	-1.1004897460476286	1.211077681155974	712803.4973282632	917.60054735652	-1.266841842742565	1.6048882545233776	841990.7645089851	778.4510450071643	-0.6590478555604022	0.4343440759187648	605986.0294727462	780.3267458034088	708.5381301044446	1.270447	18.016224	0.0455443937261376	0.0284279590015856	-0.1426492235	-0.10760238	0.116225141	-0.0146204841	-0.1406370846	0.0749551177	0.1010302837	-0.2349746562	-0.0443207926	-0.0388675118	0.0333753709	-0.1558181566	-0.0687420197	-0.0017180118	-0.0117297742	-0.0862708022	0.1303689484	-0.0959103977	0.0303087629	0.1695621635	-0.0897784046	-0.0362682607	0.0560801794	-0.1110605302	-0.0190530724	0.0304207368	0.0564019098	-0.0475353341	0.0280789079	-0.0469063611	0.2072625975	-0.0440601483	-0.0510867252	-0.1439907036	0.0233046301	0.0401909894	-0.1602637658	0.0312953833	-0.038827935	-0.0028228192	-0.0703043732	0.1660913933	0.0461126704	-0.0943056436	0.0271469384	-0.0517894408	-0.1807688313	-0.0221929385	-0.083858392	0.1534614267	0.0125674684	-0.1600769428	0.1141850122	0.0702021114	0.0606895428	-0.1252308946	0.054023395	-0.0398859002	-0.031535156	0.0939578505	-0.033094082	0.170564635	0.0467352411	-0.0839908236	-0.0551051566	0.1121320877	-0.1081669368	-0.0392893399	0.0988013244	0.0663782779	0.0667116277	0.0315896545	-0.1864226539	-0.0173744591	-0.0628279282	-0.0508578326	0.0658155577	0.1103194767	0.0671954444	-0.0751516953	-0.0401945286	-0.1510885582	-0.0370988341	-0.0315617523	0.0513404035	0.1041528127	-0.0160740618	0.0833191612	-0.0166446781	-0.0924741833	0.0033794295	0.0876327994	0.0496934899971961	0.0022101847769703	4.8849167483516735e-06	0.0024694429481014	0.1295301105994042	-0.0260633584611582	0.0167780495518938	0.0006792986542748	0.0199514980652821	8.735074547409905e-05	0.0003980622750489	7.630152734880835e-09	0.001059721593539	0.000139548071931	1.947366437965957e-08	1.1230098558128375e-06	0.0009157471299932	-7.509219315799992e-05	5.638837473278371e-09	8.385928060907827e-07	-0.0004789852993549	-0.0001290297297616	2.2942691699810323e-07	1.6648671162377324e-08	0.0	0.0	0.0	0.0	0.0	0.0	0.0	0.0	0.0	0.0	0.0	0.0	0.0	0.0	0.0	0.0	0.0	0.0
841.6028424823547	-2.6740654857972004	7.150626222331817	708295.3444743792	920.9612774877492	3.360730131229161	11.294507014951574	848169.6746318669	778.3876887825379	-0.0633562246264318	0.0040140111989148	605887.3940482211	779.9805937024074	700.2043954933254	1.353524	19.194338	0.0647305479029396	0.0363327455486879	-0.0749099218	-0.1788129134	-0.0392359049	0.0554601238	-0.010542364	0.1370301093	0.1218726379	-0.0515131003	0.0799362302	0.0351504011	-0.0106051276	-0.1992208368	0.0604284992	0.0198880341	0.0896367926	-0.0718152678	0.139537838	-0.0991411802	0.020708209	0.1750948857	-0.0007517366	-0.0091175458	0.0675148826	-0.1033582917	-0.0481321687	0.1786740335	-0.1013166609	1.8799e-06	0.0496578577	-0.0370836268	0.0430930292	-0.0272451668	0.0022714035	-0.1477212115	-0.0478971554	-0.1759959696	-0.0459278985	0.0941248243	-0.0342364261	-0.0723737303	0.0065777875	0.1840713436	-0.1036405427	-0.0032223592	0.0043021788	0.0092006108	-0.1886913263	-0.0417146724	0.0178668617	0.1037903683	-0.0879524985	-0.0575894525	0.039231879	0.0282156694	0.046429512	-0.1358283517	0.0706414267	-0.0716567535	-0.1141000454	-0.0074958953	0.0520855955	-0.0054584669	-0.0257171821	-0.0843665208	-0.0830248105	0.1415879436	-0.0979636011	-0.0350440884	0.1101610061	0.0818335207	-0.1177334369	0.0189320671	-0.0938288044	-0.0787511521	-0.0396954383	-0.0267545242	0.1370921038	0.1067236293	-0.0645995502	0.0305223	-0.0347140589	0.11832037	-0.0937457345	-0.0984712991	-0.0059330406	0.0108500703	-0.0347739174	-0.1227380797	-0.0596455536	-0.0948006283	0.0101290257	0.0799246852	0.0429955609345	-0.006697929062696	4.486225372890901e-05	0.0018486182600723	0.1566706658524879	0.0271405552530837	0.0245456975386619	0.0007366097394456	0.0130464870210573	-0.0069050110442248	0.0001702108235906	4.7679177520866464e-05	0.0006552375529906	-0.0004044840405484	1.636073390583598e-07	4.293362508491093e-07	0.0009908435422918	7.509641229859997e-05	5.639471140121316e-09	9.81770925301362e-07	-0.0004788247013432	1.6059801169997226e-07	2.292730946164047e-07	2.5791721361984417e-14	0.0	0.0	0.0	0.0	0.0	0.0	0.0	0.0	0.0	0.0	0.0	0.0	0.0	0.0	0.0	0.0	0.0	0.0
840.0318917209427	-1.570950761412064	2.4678862947811435	705653.5791082656	920.73104049774	-0.2302369900091889	0.0530090715684913	847745.6489360508	777.4044192784738	-0.9832695040640828	0.9668189176224274	604357.6311137012	779.4420522742839	693.9105248879064	1.168772	16.574375	0.0579240426564316	0.0352770563421017	-0.0362598727	-0.2204173009	0.0354431398	0.023143157	0.1029689816	0.2085602882	0.1830345743	0.0095419168	-0.0179474791	-0.0734332732	0.0838362936	-0.1803018729	0.0311790727	-0.0720143214	0.1814375106	-0.0013824733	0.0729884964	-0.0243012413	-0.1825381527	0.0078368086	0.0004927831	0.0450023146	0.0267693116	-0.0091406781	-0.1499226774	-0.058266638	0.0285125753	0.0948770326	-0.0231832572	-0.0942195801	-0.0582585535	-0.0318724922	0.0596002031	-0.0128721602	0.1462883317	0.0680444637	0.0380664341	0.0539329843	-0.0302044965	0.0722350183	0.0796433303	0.1914959512	-0.0412304882	0.1204667416	0.0127891753	0.047883385	-0.1828584705	0.0096024811	0.0274515448	-0.0822812398	-0.1180317182	-0.1248014823	0.0486450852	0.0556766792	-0.1356886961	0.0281428658	0.0022065568	-0.0743377353	0.0366572471	0.1153256987	0.0097313345	-0.0792657119	0.1299711373	0.0431577101	0.0858231772	0.1758421086	-0.0866791709	-0.0830959399	0.1262950171	-0.0471104369	-0.0937273438	0.1722803746	0.0165660259	-0.0532057432	-0.0342343037	0.0095205281	-0.0223129309	0.1167538242	-0.0516821807	-0.032328613	0.0680716987	0.1212433273	-0.148723044	-0.0697062814	0.0829601689	0.1176548409	-0.0614238248	-0.0794324626	0.0322803779	-0.0970621018	0.016850859	0.0717238087	0.0434470607441852	0.0004514998096852	2.038520781457735e-07	0.0018876470873089	0.1318509241626912	-0.0248197416897966	0.0173846662025557	0.0006160195775482	0.010809356049819	-0.0022371309712383	0.0001168421782117	5.0047549824736205e-06	0.0008805480617958	0.0002253105088052	5.076482537805813e-08	7.7536488913234e-07	0.0009909583680929	1.14825801100088e-07	1.3184964598276971e-14	9.819984872933436e-07	-9.593663223527083e-05	0.0003828880691079	9.203837404645609e-09	1.4660327346519837e-07	0.0	0.0	0.0	0.0	0.0	0.0	0.0	0.0	0.0	0.0	0.0	0.0	0.0	0.0	0.0	0.0	0.0	0.0
840.1493741306202	0.1174824096775637	0.0138021165836469	705850.9708520729	917.059945432012	-3.671095065727968	13.476938981612236	840998.9435157648	776.7940525238171	-0.6103667546567522	0.3725475751902158	603409.0000363747	778.4623949590616	675.0281622794869	1.50939	21.40468	0.0558901846498332	0.0367750200009438	0.0273094958	-0.1139109635	0.1920160825	0.0881598304	-0.0364770855	0.1659077292	-0.0572492578	-0.1274869835	-0.0352802996	-0.0563206674	-0.0562505681	-0.1104439696	-0.0399609742	-0.0814027408	0.0645331625	-0.1141306635	0.1363363678	0.2094030525	-0.0385949118	0.0281669253	0.0453010336	-0.231975457	0.0985624623	-0.045036828	0.0940351198	0.1574455341	0.0080736972	-0.0445978519	-0.1290646551	0.1321016629	-0.0034111968	0.0442781633	-0.0181420747	-0.1171119948	-0.0692355612	0.091732112	-0.0447066661	0.0671066945	0.1691041034	0.0191676915	-0.0062475795	0.1577425089	0.0722988695	0.0180105587	0.0524638156	0.0989775512	-0.0210112958	-0.2145900276	-0.0769852184	-0.0997529423	-0.0819946353	-0.077694904	0.0391807825	-0.2056691454	0.12582514	-0.0429421591	-0.0562248686	0.0106523359	-0.021974035	0.0437005788	0.0034579713	0.03977526	0.0577037796	0.0428115046	-0.2183783426	0.1659547625	-0.1009268184	-0.109416513	0.0960108893	0.0159850851	-0.031060794	0.0159276459	-0.2454606276	0.0345135441	-0.0361020588	-0.0321065576	-0.0096911341	0.1431178727	-0.0050758106	0.0368463459	0.027458804	0.1194228576	-0.0862945138	-0.1663646274	-0.0329234607	0.1611246643	-0.2466788679	-0.1659717443	0.0942167447	-0.0992570537	0.0235265052	0.063080731	0.0411999443244752	-0.00224711641971	5.049532203730304e-06	0.0016974354123398	0.0969612300120132	-0.034889694150678	0.0094014801254425	0.0012172907579278	0.0198353197742733	0.0090259637244542	0.0003934399105476	8.146802115516491e-05	0.0008369983426413	-4.354971915449999e-05	1.896578038435823e-09	7.005662255842831e-07	0.0009410026846987	-4.995568339420003e-05	2.495570303381552e-09	8.85486052610161e-07	5.106172315848549e-06	0.0001010428045511	2.6072995719138136e-11	1.0209648351555713e-08	0.0	0.0	0.0	0.0	0.0	1.0	0.0	0.0	0.0	0.0	0.0	0.0	0.0	0.0	0.0	0.0	0.0	0.0
841.7433084134881	1.593934282867849	2.5406264981014446	708531.7972588845	913.8708191831668	-3.189126248845241	10.17052623107372	835159.8741545123	776.7220175464081	-0.0720349774089754	0.0051890379703116	603297.0925413627	778.8856060656155	688.1194699460103	1.546761	21.934628	0.1710351226010026	0.1102053821079103	-0.0077300249	-0.1643783226	0.0441601376	0.0769377775	-0.0700454251	0.1404323776	0.0202610548	-0.0374639267	0.1130466267	-0.0440261528	0.0016465985	-0.1224042133	0.0731391783	-0.1334363892	-0.0186470009	-0.0500392515	0.0331676928	-0.0740075287	-0.1165493747	0.0635467447	0.1618879422	-0.2794722131	-0.1200805642	-0.1853541051	-0.0214319917	-0.3072647277	0.2567236386	0.1703572876	0.1523808882	0.0392840319	-0.097214149	-0.0523774325	0.1907107157	-0.0415473307	-0.0246078983	0.0570695723	-0.0532718421	0.0003756967	0.0145156076	-0.0179416504	-0.127819916	0.1414125759	-0.0446473107	-0.0112815601	0.1103641929	-0.0378132799	0.0701309685	-0.0138498645	0.1472051632	-0.0089405265	-0.1172559208	-0.0463023706	-0.064995535	-0.1942136213	0.0602398932	-0.0182213664	0.1871050302	-0.006137959	0.3902685267	0.2498552052	-0.0254986933	0.1227590182	0.0212696585	0.0107939696	0.3242139899	0.1455007332	0.020569723	-0.0793273755	0.0389164023	0.1791585503	0.2699223616	0.3278743145	0.0801900544	-0.1085315893	0.2812480395	0.2073028293	-0.0688052055	0.0944826405	-0.2056868399	0.0114793946	-0.0611382269	-0.1274928331	-0.1678001086	-0.1782191409	-0.1336822554	0.1951874119	0.1802848069	-0.080034383	-0.071313794	-0.1013839798	0.0301376669	0.0540487397	-0.0059253250997102	-0.0471252694241854	0.002220791018302	3.510947753725569e-05	0.0971583046139699	0.0001970746019566	0.0094397361554609	3.8838398736391056e-08	0.1186135361586764	0.0987782163844031	0.0140691709600656	0.0097571360320839	0.0009995703852331	0.0001625720425917	2.6429669032470008e-08	9.991409550350478e-07	0.0011529391834981	0.0002119364987993	4.491707952334804e-08	1.3292687608452653e-06	-0.0001190765301021	-0.0001241827024179	1.4179220021156328e-08	1.542134357982476e-08	0.0	0.0	0.0	0.0	0.0	0.0	1.0	0.0	0.0	0.0	0.0	0.0	0.0	0.0	0.0	0.0	0.0	0.0
842.6334723591104	0.890163945622362	0.7923918500859715	710031.1687399717	918.1331417060898	4.262322522923	18.16739328941669	842968.4658990947	777.3222431032939	0.600225556885789	0.3602707191388555	604229.8696231364	779.2360124649189	677.9626271650803	1.623734	23.02619	0.1668499105560185	0.0760244488847359	0.026904769	-0.0322895205	0.039597137	0.1031145877	0.0462870204	0.0825024797	-0.0462395771	-0.0311651603	-0.0222050215	-0.0538832581	-0.1162438958	-0.0996141088	0.1143897137	-0.1133196071	-0.2016275916	0.188558447	-0.0995143211	0.0700557439	0.1546574073	-0.0211146611	-0.0786447048	-0.1136987572	-0.0341065695	-0.1588838898	-0.0451395022	-0.1838939114	0.3387402464	0.0459935224	-0.1243158253	0.0716470818	-0.0935946085	0.0546092802	-0.0380157944	0.2041889971	0.129482899	-0.2320498021	0.0621543856	0.0467066475	-0.0773158027	0.0482722751	0.0144319991	0.1253484248	-0.0483873351	0.0501488771	0.0422571841	-0.1805012111	0.2889871524	0.0192801043	-0.1595022365	0.0254482187	0.0654154846	-0.0346131821	-0.0676720492	-0.1089052515	0.0441716296	0.072611695	0.0161081346	0.0546044196	0.236005371	0.0794375002	0.2309564181	0.0667113808	0.0070584545	-0.1621600457	0.1595806099	0.1300380818	0.1663355001	0.0226621609	-0.051734844	0.4044781671	0.2683210146	0.2410890375	0.1613204358	0.0553867024	0.1833206254	0.1797595824	-0.3232210999	-0.1041748582	-0.0841607813	-0.1353328397	0.1018821182	-0.0808957006	0.1162888009	0.0951399472	0.1533804662	-0.1777210233	-0.1972686142	0.0799905348	0.019246938	-0.1034414224	0.0366662233	0.0446835199	-0.0391575663879848	-0.0332322412882746	0.0011043818610421	0.0015333150054294	0.0692373077672385	-0.0279209968467313	0.0047938047868553	0.0007795820649151	0.1506918373068089	0.0320783011481325	0.0227080298309017	0.0010290174045502	0.0011320152736408	0.0001324448884077	1.7541648465328124e-08	1.2814585797560554e-06	0.0021312306746137	0.0009782914911156	9.570542415891843e-07	4.542144188414367e-06	-0.0004807075760364	-0.0003616310459343	2.310797736587913e-07	1.3077701338353578e-07	0.0	0.0	0.0	0.0	0.0	0.0	0.0	1.0	0.0	0.0	0.0	0.0	0.0	0.0	0.0	0.0	0.0	0.0
842.9073060807837	0.2738337216732134	0.0749849071254029	710492.726644364	921.007543758004	2.874402051914217	8.26218715604866	848254.8956591516	778.7840972300701	1.4618541267761884	2.1370174879725723	606504.6700984553	780.9715066639254	705.2070265454141	1.798854	25.509567	0.1128599768956916	0.0650089525600273	-0.0939022944	-0.1959961838	-0.0632071663	0.0090444035	-0.0639176321	0.1238554936	0.1798237873	-0.0756385444	0.1466951004	0.1313206336	0.0637186083	-0.1931311397	0.0967301061	-0.0160621406	-0.1854436285	-0.0075038573	-0.0577947899	-0.0876492207	-0.0862011132	-0.0545107043	0.1239671122	-0.0193284509	-0.0327305267	0.0634891982	0.0724541934	-0.2661368098	-0.231874238	-0.1966399471	0.0280169703	-0.0118695026	0.0056679242	-0.0793544896	0.0784877068	0.0704060626	-0.1122637121	0.118842632	0.2212926091	-0.1236402477	-0.0917472218	-0.0088809774	-0.1703795281	0.1920815992	-0.0752728249	-0.0917619805	0.0751915623	-0.1528581019	0.0467863448	0.1500403012	0.0848421711	-0.0161999407	-0.0801808383	0.1666299651	-0.1806686786	-0.0130978913	-0.0934342088	0.0352718112	0.0069465617	-0.0937028896	0.1437922592	-0.2962804105	-0.1157329393	0.0952318356	-0.0129616303	0.1803971727	-0.1317455183	0.1876129149	0.1011733889	0.0838970519	-0.0658076468	-0.0402034358	0.0790811882	-0.0647769131	0.0901625835	-0.1260820173	0.1355870975	0.0085462997	0.1616481599	0.0065630749	0.013772878	-0.1964092205	-0.0630805366	0.3214975197	0.1879577646	0.1720955954	-0.0548809965	0.0817797782	-0.1203846708	0.001470109	-0.2102871401	-0.1054279714	0.0430942802	0.0350428114	-0.0080796706635624	0.0310778957244224	0.000965835602658	6.528107803163088e-05	0.0762662500218596	0.007028942254621	0.0058165408923968	4.940602921879793e-05	0.1460765112311008	-0.0046153260757081	0.0213383471334499	2.130123478511122e-05	0.001304030484453	0.0001720152108121	2.9589232750765584e-08	1.7004955043827258e-06	0.0032040879933958	0.0010728573187821	1.1510228264643166e-06	1.0266179869423124e-05	-0.0006385913032609	-0.0001578837272245	4.077988526004547e-07	2.4927271322300327e-08	0.0	0.0	0.0	0.0	0.0	0.0	0.0	0.0	1.0	0.0	0.0	0.0	0.0	0.0	0.0	0.0	0.0	0.0
839.1445554182328	-3.762750662550843	14.15829254852681	704163.5848880636	920.154717725194	-0.8528260328099577	0.7273122422383711	846684.7045519315	777.0484335287169	-1.7356637013531326	3.0125284841948563	603804.2680494328	779.919854629745	688.4367699304179	1.65742	23.503895	0.2413350695669479	0.1188420704958089	0.047293465	-0.229030247	-0.049512608	0.0273925687	0.1035779093	0.2338292285	0.1039378524	0.072485366	0.0244786321	-0.0033039799	0.002967829	-0.1544528012	0.1360198794	-0.1172070112	-0.0401061745	0.175216156	-0.1915659791	0.0616529224	0.0498731624	0.0436886703	-0.2237901441	-0.036852311	0.2795813096	0.2146847863	0.1488304061	-0.0518371582	-0.0079213925	0.0150433245	0.2164919952	0.0804473462	0.0155615128	-0.0836343029	0.0323579654	0.1092175638	0.1082421835	0.1721726148	-0.0684966306	0.0826192648	0.0791065433	-0.0029152535	-0.0831661913	0.1872979017	-0.1082615618	0.1188277859	0.0410697893	-0.0723795368	0.1371426826	0.1244860062	-0.1974160752	0.0521253913	0.02018057	-0.1893691616	0.0842794782	-0.0461388677	-0.2278187456	0.1044258507	-0.0009101798	0.1971731037	0.005281111	-0.1933857605	-0.171536298	-0.0031057319	-0.0734309841	0.0092543544	0.0698110572	0.2210097986	0.1888752541	0.2294469805	-0.0958348589	0.0302165965	-0.1227625941	-0.082481784	0.0607550411	0.0200441004	-0.0381029585	-0.1916268097	-0.1135632269	0.0243666175	-0.165908209	-0.1675090383	-0.0139945934	0.2377564558	0.0744097413	0.0224357861	0.2438256722	0.0622262329	0.0814026589	0.165578811	-0.0992878279	-0.1073422654	0.0494042187	0.0251860523	0.0030722407312993	0.0111519113948617	0.0001243651277588	9.438663111054458e-06	0.0067570076052874	-0.0695092424165722	4.565715177791176e-05	0.0048315347813258	0.1248372240213768	-0.0212392872097239	0.0155843325013634	0.0004511073211771	0.0018848821251016	0.0005808516406486	3.373886284441704e-07	3.5527806255275232e-06	0.0048729206315805	0.0016688326381846	2.785002374270505e-06	2.37453554816829e-05	-0.0011775995953434	-0.0005390082920825	1.3867408069529396e-06	2.9052993893369377e-07	0.0	0.0	0.0	0.0	0.0	0.0	0.0	0.0	0.0	1.0	0.0	0.0	0.0	0.0	0.0	0.0	0.0	0.0
840.79240463763	1.6478492193972445	2.7154070498681078	706931.8676963282	912.093391235717	-8.061326489476983	64.9849847699433	831914.3543358708	778.2041033948873	1.1556698661703422	1.3355728395741766	605601.6265406404	778.7339938674241	671.7705810633997	1.682831	23.86425	0.1318570081131885	0.0718531037785756	0.0542001971	-0.1866323028	0.1858379986	0.1130207792	0.0686460555	0.235777601	-0.0282159696	0.0227685032	0.0609255257	-0.0906266001	-0.1610284735	-0.2094670564	-0.0204754981	-0.0689356894	-0.1245215463	0.1019965135	-0.1039425445	0.2150605127	-0.0365052445	0.0549383436	0.1341783996	-0.0214547471	-0.0545193235	0.0401386998	0.0774159101	0.0906397374	-0.1008729279	-0.0519519541	0.1039132029	-0.0628240722	0.1752737963	-0.1476386414	0.0286490034	0.0761777089	-0.0946857023	-0.0377370556	0.0571739306	0.0669519206	-0.1217513943	0.1567033139	0.0829685108	0.2139211773	0.0526387715	0.031328902	-0.0082973039	-0.0991884125	0.2261975404	-0.0878068394	0.1097236591	-0.0337813425	-0.17820696	0.000319668	0.0458166915	0.003159116	0.0086388805	-0.1062498416	-0.0408876106	-0.0304970917	-0.1119255025	-0.2190755422	-0.2336960048	0.0371916428	-0.134997917	-0.0284959331	0.0451105339	0.2795287093	0.1119389412	0.2271698853	-0.0673448543	-0.1687467554	-0.0493350797	-0.1240930216	-0.0631651269	0.0682568524	0.1520461653	-0.045876839	0.0800764398	-0.0995944685	-0.0642359695	0.0234800125	-0.0197650132	0.0874332657	-0.0177106169	0.0334867063	-0.0914195444	0.0586224832	0.0370365576	0.0301979447	-0.02241082	-0.1091829923	0.0555787436	0.0151740128	0.0033135355517259	0.0002412948204265	5.8223190364705096e-08	1.0979517852551464e-05	0.0659521563016625	0.0591951486963751	0.0043496869208389	0.0035040656291859	0.096562361775625	-0.0282748622457518	0.0093242897116866	0.0007994678350162	0.0013347629098342	-0.0005501192152674	3.0263115100642e-07	1.7815920254690606e-06	0.0049399185236969	6.699789211639991e-05	4.488717548040761e-09	2.440279502076376e-05	-0.0009118026557145	0.0002657969396289	8.31384082968015e-07	7.064801311608915e-08	0.0	0.0	0.0	0.0	0.0	0.0	0.0	0.0	0.0	0.0	1.0	0.0	0.0	0.0	0.0	0.0	0.0	0.0
844.1291544208935	3.3367497832634854	11.133899116108916	712554.0293433327	919.4507755804918	7.3573843447748	54.13110439673732	845389.728715568	778.5934316643461	0.3893282694588151	0.1515765013997957	606207.7318308628	779.2307336417081	685.0688556030174	1.486746	21.083557	0.0650808387524539	0.0354494796939532	-0.0174821133	-0.108536459	0.0683907963	0.1979397607	0.0590080547	0.1074462226	-0.0781042415	-0.0463864065	0.0963004437	-0.1825904417	-0.0229635144	-0.1692282447	0.0430644569	-0.0055206821	-0.1767459171	0.1075243715	-0.1714075322	0.1317315786	-0.0752310494	-0.084322285	-0.0260696132	-0.0771268885	-0.0501967777	0.052532319	0.1247017634	0.0476976013	-0.0553231658	-0.0608237897	-0.0650191097	0.0287324426	-0.012815398	-0.0274597099	0.0264281146	-0.0640169028	0.0560424482	-0.1402478939	-0.0900903354	-0.0319659545	0.1915919199	-0.0323967894	-0.1531577547	0.1527725926	-0.0219091048	-0.0573102982	-0.0560554376	-0.0844457553	0.2416539623	0.1213846859	-0.1110830787	-0.1818368226	-0.0275459149	-0.0231107805	-0.0246165305	-0.0214369985	0.083257516	0.0252888675	-0.1055374206	0.0359629613	0.0114357814	-0.0546229553	0.0014440558	-0.2176678916	-0.0413608862	-0.2029608212	-0.1043300025	0.2367545933	0.1358377272	0.2249637695	-0.0146659498	-0.0756183344	0.052234084	-0.0792077277	0.0872242947	0.012611456	-0.0244481422	-0.151871423	-0.0594415072	-0.1493392102	-0.0143675254	0.1584691962	0.0586245983	-0.0143906743	-0.0752759084	-0.0911459728	0.0242288737	-0.0305281359	-0.0158711401	-0.1280804313	0.0730693428	-0.1109488906	0.0616009311	0.0050684204	-0.0054123673906048	-0.0087259029423307	7.614138215897557e-05	2.929372077088221e-05	0.0722038885013489	0.0062517321996864	0.0052134015147152	3.908415549659578e-05	0.1240707253219568	0.0275083635463318	0.0153935448819164	0.0007567100649971	0.0010777425063085	-0.0002570204035257	6.605948782851366e-08	1.161528909904127e-06	0.0049399253018802	6.778183300228113e-09	4.594376885149128e-17	2.4402861988156185e-05	-0.0011066722752876	-0.000194869619573	1.2247235248902334e-06	3.7974168632564695e-08	0.0	0.0	0.0	0.0	0.0	0.0	0.0	0.0	0.0	0.0	0.0	0.0	0.0	0.0	0.0	0.0	0.0	0.0
846.5852444378064	2.456090016912867	6.032378171179048	716706.5760998204	919.3239426984044	-0.1268328820874558	0.0160865799786104	845156.5116185391	779.1758411190916	0.5824094547455161	0.3392007729769693	607114.9913836439	780.6769691842501	702.7299530315555	1.460397	20.709908	0.0874793730746034	0.0463487980357735	-0.1550481327	-0.1096297303	0.2199880642	0.1130931549	-0.0363592825	0.0522567483	0.027718838	-0.1959446114	0.0575980059	-0.1466995892	-0.1593590298	-0.228364391	-0.0739235886	-0.0447405969	-0.1793568457	0.0965602602	-0.0597692655	0.1188471536	0.0516472148	-0.0109495396	0.1268117829	0.2093982939	0.1339656727	-0.0627836609	0.0005853449	-0.0111884262	-0.1815594721	-0.0463151158	0.0212095519	0.0817173328	-0.0210353918	0.1486162949	-0.1552169034	-0.0651263921	0.1308291839	-0.108510897	0.0188184381	-0.0553259417	-0.1123201926	-0.1235852141	0.2047356491	0.2066529002	0.0532313026	-0.0621669968	-0.0610798377	-0.1537664458	0.1500817551	-0.0001998759	-0.0649716644	-0.0982087043	0.0159729233	0.1713421643	0.2189955455	0.0737344249	0.0322951735	-0.0562959372	0.031725179	0.0051945309	0.0568123483	-0.0932798243	0.0189821127	-0.1444843976	-0.0048896885	0.0780049957	-0.0553013144	0.2822602047	0.0770263589	0.1696739989	-0.0043213506	-0.1489583651	0.064340298	-0.1345455393	0.0205483291	0.1106761928	0.2167066788	-0.1561444022	0.1409287458	-0.0820934156	0.1829790391	-0.0444561267	0.0856080783	-0.1633411865	-0.1050869619	-0.0187908192	-0.1017722808	-0.1305301875	-0.0174745943	-0.1491569571	0.1686532167	-0.1126387502	0.0674542747	-0.0050684204	-0.0039814219293248	0.0014309454612799	2.047604913157831e-06	1.5851720579308412e-05	0.0628933134708091	-0.0093105750305397	0.0039555688793374	8.66868073993111e-05	0.1137677054716732	-0.0103030198502836	0.0129430908082893	0.0001061522180353	0.0015449579437293	0.0004672154374208	2.1829026496430962e-07	2.386895047892267e-06	0.0042733070882345	-0.0006666182136457	4.443798427641841e-07	1.8261153470355222e-05	-0.0009118092717041	0.0001948630035834	8.313961479655613e-07	3.7971590165583095e-08	0.0	0.0	0.0	0.0	0.0	0.0	0.0	0.0	0.0	0.0	0.0	0.0	0.0	0.0	0.0	0.0	0.0	0.0
841.4774456924578	-5.107798745348646	26.0896080229852	708084.2916091032	918.857682188114	-0.4662605102903399	0.2173988634562081	844299.4401161132	776.8397219795327	-2.336119139558946	5.457452634213629	603479.9536452376	779.2442709826947	706.7363526622778	2.2954	32.551094	0.4963344445340466	0.3219122278352813	-0.0580846641	-0.0874225579	-0.0368929243	-0.0937839141	-0.0588759468	0.0905107688	0.0939038484	-0.0755586945	0.0165559841	0.0523917843	0.0611035841	-0.0777468801	0.126361711	-0.1265117516	-0.1322303184	0.0331735755	-0.1951619536	-0.3290047715	0.1796385408	-0.0487578066	-0.0535356949	-0.3082077334	-0.1150123856	0.1089534099	0.015641274	0.3167232658	-0.0420215283	0.2855182827	-0.047517021	-0.0108975479	-0.1436174907	0.0415524666	-0.0117049584	-0.1676429165	0.0024473645	0.0774308913	0.0640541029	-0.0211052583	-0.0844050854	-0.0786680494	0.1388108949	0.0865081608	-0.0583045322	0.0124617876	0.1572096093	-0.1254253372	0.0628049522	0.313337538	-0.0659708989	0.2460006412	0.1109287012	0.0154461462	-0.2095328563	-0.322860015	0.0636019772	0.0008378159	0.0315483986	0.2282431062	-0.273046379	0.1933783985	0.1140703938	-0.1181204257	0.0064733119	0.2080321271	-0.0918200747	0.0453593618	0.2354055244	0.2706899032	-0.067464264	0.0729129954	0.0827288012	-0.046070506	0.0498232184	-0.0438593809	-0.4538646436	0.0296749766	0.1285551208	0.0693101285	-0.2008055063	0.2513085236	-0.2326509027	-0.4507696898	0.089150571	-0.0113034241	0.021725667	0.176272756	0.035275824	0.0196459282	0.0724878045	-0.1142514127	0.0731227308	-0.0151740128	-0.0070257173162531	-0.0030442953869283	9.267734402872928e-06	4.936070380789866e-05	0.1641627394974563	0.1012694260266472	0.0269494050393097	0.0102554966477665	0.4078082447535394	0.2940405392818662	0.1663075644889627	0.0864598387411706	0.0013688394231563	-0.0001761185205729	3.10177332888222e-08	1.8737213663868723e-06	0.0053509240235163	0.0010776169352818	1.161258259206139e-06	2.863238790544387e-05	-0.0016176774926214	-0.0007058682209172	2.61688047013386e-06	4.98249945300954e-07	0.0	0.0	0.0	0.0	0.0	0.0	0.0	0.0	0.0	0.0	0.0	1.0	0.0	0.0	0.0	0.0	0.0	0.0
841.0489802463597	-0.4284654460980164	0.1835826384999722	707363.3871734416	908.8106647422928	-10.047017445821211	100.94255955663576	825936.8243493282	774.917961753612	-1.921760225920707	3.693162365930807	600497.8474483724	774.8138197601819	669.0264153161601	2.46831	35.003132	0.3917309755688634	0.2530423599490657	0.1439973704	0.2233468881	-0.1610669289	-0.0690842575	0.0386143583	-0.1385673492	-0.0799662046	0.23085896	0.070048815	0.0437961256	-0.0322729207	0.2668964279	0.1381723952	-0.0862365676	-0.2635054758	0.184456498	-0.175589264	-0.2343384993	-0.0532716711	0.1498704936	0.1458314269	0.0161673029	0.0326814146	0.1325365884	-0.302675372	-0.0092356933	0.0468725941	-0.1136817216	-0.0315082178	-0.2025495187	0.1628016567	0.1980032056	-0.0863038612	-0.0066123176	-0.0761811064	0.1794420289	-0.098750144	0.0233735843	0.0073426938	0.0483498659	-0.0908673863	-0.2726543932	-0.0611849604	0.0640375916	0.1163146487	-0.2612748016	0.1710679882	0.2225933506	-0.0091149282	0.2283934105	-0.1913674185	0.0754675669	0.082835961	0.0980952274	-0.1190082707	0.1473230049	-0.1617404991	-0.1677352542	-0.1876672986	0.2173311814	-0.2433005661	0.1873371848	0.1764152632	-0.0337538564	0.0610676436	-0.2768702713	0.3444744511	0.4001873614	0.0243407849	0.1059296818	-0.092500156	0.1406502996	-0.131560327	-0.0999411341	-0.1873938163	0.3741701692	0.0005297381	0.2356321042	0.4110029143	-0.0969462648	0.151760222	0.1800480699	-0.1466829996	-0.0858854682	-0.1024836157	-0.0402455756	-0.0064408897	-0.0625726905	-0.0324827169	-0.1157857731	0.0785907625	-0.0251860523	0.015134595411439	0.0221603127276921	0.0004910794601891	0.0002290559782679	0.1320015293499779	-0.0321612101474784	0.017424403750733	0.0010343434381502	0.6584774231222923	0.2506691783687529	0.4335925167617743	0.0628350369840656	0.0021142117891046	0.0007453723659483	5.555799639193666e-07	4.469891489188874e-06	0.0050161317188983	-0.0003347923046179	1.1208588723143149e-07	2.5161577421337617e-05	-0.0022723183085539	-0.0006546408159325	5.163430495389257e-06	4.285545978847695e-07	0.0	0.0	0.0	0.0	0.0	0.0	0.0	0.0	0.0	0.0	0.0	0.0	1.0	0.0	0.0	0.0	0.0	0.0
840.0791859062734	-0.9697943400863096	0.9405010620634408	705733.0385929472	900.1997274981287	-8.61093724416412	74.14824022293277	810359.5493877052	772.3429426834573	-2.575019070154667	6.630723211660206	596513.6211129422	770.6188539163776	676.9392321277015	2.327964	33.012886	0.651246046240845	0.3584515788204311	0.0712107212	0.3892224544	-0.1379023223	-0.114892132	-0.039187648	-0.3702165432	-0.1351252349	0.222504182	-0.081664789	0.1437583783	0.10508078	0.4421881704	0.1758118351	-0.13083597	-0.2331423664	0.2051168876	0.2374492695	-0.0325264196	-0.3953587	0.1423555277	0.0866200358	-0.0049054567	0.0970876886	-0.1592084591	0.0941260361	0.0805658521	-0.026627479	-0.0643252152	-0.091306009	0.1103171634	-0.0333100366	-0.1643190429	0.0613870606	-0.0366464012	0.0877680541	-0.0505655204	-0.0110662645	-0.0362452233	0.1068421704	-0.0305430858	0.1804700921	-0.4788526253	-0.0767698323	0.1366249123	0.2104017956	-0.3361284702	-0.1222768208	0.0028282141	-0.1815261694	-0.2566895142	-0.3689307501	-0.0599874184	0.0902697278	-0.0301100059	0.1195188695	-0.1268361663	0.1343804259	-0.0112979795	0.1467966074	-0.0568933776	0.1174317348	0.0176188911	-0.1054225617	-0.0751046713	-0.1809134574	-0.3742860912	0.4538461787	-0.0615301545	0.4449203395	-0.1554751836	-0.0827647761	0.2211479673	-0.2257945166	-0.0336860338	0.3054387041	-0.306159231	0.0848584937	-0.0974838166	-0.1910023262	0.0279945878	-0.050744474	-0.0685798995	0.0270359298	0.0925873186	0.0548359184	0.012034699	-0.0465394102	-0.0131152686	0.0021084697	-0.1172407796	0.0838433825	-0.0350428114	0.072240257129394	0.0571056617179549	0.0032610566002455	0.0052186547501209	-0.0176342129710889	-0.1496357423210668	0.0003109654671097	0.0223908553799767	0.9721214851789456	0.3136440620566533	0.9450201819465188	0.0983725976633977	0.0026390762039614	0.0005248644148567	2.754826539829709e-07	6.964723210315313e-06	0.0033851239189737	-0.0016310077999246	2.660186443414885e-06	1.145906394680786e-05	-0.0018109789204319	0.000461339388122	3.2796446502486896e-06	2.1283403103278146e-07	0.0	0.0	0.0	0.0	0.0	0.0	0.0	0.0	0.0	0.0	0.0	0.0	0.0	1.0	0.0	0.0	0.0	0.0
839.136849949691	-0.942335956582383	0.8879970550680348	704150.6529434903	904.797998211341	4.598270713212287	21.144093551985836	818659.4175672499	775.6650912688809	3.322148585423633	11.036671223632249	601656.3338131614	776.328033991057	717.2349074769759	3.130114	44.38818	0.9197792330996272	0.554381845177948	-0.1019453871	-0.048674994	-0.1387600621	-0.2623918396	-0.1719334149	-0.2205520632	0.1826056249	-0.0321321616	-0.2391612559	0.227819461	-0.1939808863	0.052245501	-0.0017525213	-0.1770653114	-0.1799550301	0.1699707895	0.5713197858	0.063118875	0.1995675863	-0.3145437925	-0.3216827068	0.0104450313	-0.1009880296	0.1692815867	-0.1213016839	0.0102180496	0.0175122802	-0.1001403924	0.1226939773	0.0463537049	-0.1166922604	0.0022012974	0.0253531356	0.0357019319	-0.1175419607	-0.0059397691	-0.0180171001	0.0338718189	-0.0333889495	-0.0502888283	-0.071596526	-0.0387733633	0.0194473022	0.0454254968	0.1294615694	-0.3958118184	-0.1652106792	-0.3441242151	-0.0388096663	-0.2515855936	0.5145759809	-0.0394949368	-0.1836223809	-0.0816147116	-0.0479995915	0.2312723631	-0.0285161933	-0.2164612934	-0.1890329789	0.0379431333	-0.0660160893	0.059575743	-0.099820796	0.02185067	0.0641913458	-0.0074491545	0.2633304814	-0.4264527676	0.0734357389	0.3230161775	0.1455823951	-0.1014781022	0.1101195133	0.1877789961	-0.3760258818	-0.0628183577	0.2121364398	-0.3349059683	-0.0510059629	0.0444225963	0.0962952276	0.2753748836	-0.1481567028	-0.0224027615	-0.1068315617	-0.0447972229	0.1046417434	0.015703305	0.0380700889	-0.1186154352	0.0888661936	-0.0446835199	0.0949748679109916	0.0227346107815976	0.0005168625273907	0.0090202255347103	0.0411752102006772	0.0588094231717661	0.0016953979350699	0.0034585482537958	0.4410786280300272	-0.5310428571489184	0.194550356104851	0.2820065161288865	0.0002490309684744	-0.002390045235487	5.7123162276741095e-06	6.20164232592976e-08	0.0019290616261875	-0.0014560622927862	2.120117400473805e-06	3.721278757629162e-06	0.0004867603912418	0.0022977393116737	2.369356784818702e-07	5.279605944410729e-06	0.0	0.0	0.0	0.0	0.0	0.0	0.0	0.0	0.0	0.0	0.0	0.0	0.0	0.0	1.0	0.0	0.0	0.0
834.0268687079284	-5.109981241762625	26.111908291165904	695600.8177267521	905.4081034860212	0.6101052746802225	0.3722284461926297	819763.8338581537	775.5221729861597	-0.1429182827212116	0.0204256355359801	601434.6407931751	777.5859590885219	718.0984423312239	2.505196	35.526211	0.1346771724366235	0.075015670780237	0.0165129292	-0.3446262631	-0.1339598121	-0.4375533121	-0.1412774999	0.174289078	0.1952045442	0.097554798	-0.2716914045	0.1799992048	0.1348235057	-0.1202465442	0.1759048273	-0.3192868214	0.1806226471	-0.0458724665	-0.0211610495	-0.1901847984	0.0244648098	-0.1712932483	0.0520062956	0.3479429886	-0.1717509479	-0.2341362632	0.0322014276	-0.0271899995	-0.0118469225	-0.0844078495	-0.1208099325	-0.1108414631	0.0939552135	-0.078703051	-0.1714310021	-0.0283249023	0.0983382668	0.0323355781	0.0446789481	-0.1355718163	0.151538793	0.0029667009	-0.0094221861	0.1483251069	-0.0859989261	0.246307485	0.2779245935	0.0288668734	-0.084998002	0.0944932341	0.1101137941	-0.0719708635	0.2303773727	0.2855787275	0.0174952035	0.4160447741	0.1115470992	-0.1701637213	-0.0756360987	-0.0125462384	0.1659222134	0.1042685324	-0.0062037879	-0.1354107742	0.0993296429	-0.1044794744	-0.0460323286	0.1196131348	0.1807265937	-0.3626736464	-0.1570557424	-0.1781585556	-0.1158023007	0.04231289	0.1443679513	-0.0377188039	0.0126262251	0.094762378	0.1903791347	0.1246631139	0.2609261951	-0.3918399536	-0.0238890348	-0.2860797701	-0.0041522321	0.0973369563	0.1629742628	-0.074863951	0.1609514002	0.0004734227	0.1272837972	-0.1199087977	0.0936454286	-0.0540487397	0.0777801811515388	-0.0171946867594528	0.0002956572527557	0.0060497565799661	0.0432148274586978	0.0020396172580205	0.001867521312285	4.160038559215465e-06	0.417687826203462	-0.0233908018265651	0.1744631201585735	0.0005471296100896	0.0011948725899024	0.000945841621428	8.94616372825548e-07	1.4277205061000689e-06	0.0019117652729752	-1.7296353212300098e-05	2.9916383444464386e-10	3.6548464589539407e-06	-0.0003911429659696	-0.0008779033572114	1.5299281982749569e-07	7.707143046030469e-07	0.0	0.0	0.0	0.0	0.0	0.0	0.0	0.0	0.0	0.0	0.0	0.0	0.0	0.0	0.0	1.0	0.0	0.0
826.4971073589305	-7.529761348997908	56.6973059728628	683097.4684726795	897.9212015574564	-7.486901928564862	56.05370048794825	806262.4842063861	772.548949562306	-2.9732234238537103	8.84005752815238	596831.8794698224	774.5966981002797	631.4431900316895	2.626108	37.24086	0.1692150509010684	0.08476353916991	0.4477341473	-0.128737139	0.0058484386	-0.0954802038	-0.0489894638	0.2822152157	-0.2748783472	0.1496609147	-0.1921037949	0.2490495034	0.0503981429	0.0969960357	0.0968776663	-0.3636766065	0.2073089045	-0.1634233882	-0.0614701446	0.1301785211	0.1529138502	0.0233294589	0.0435643519	0.1121839825	-0.0118371742	0.056570326	0.0085526903	0.1874769242	0.0581430505	-0.1204537956	-0.020979846	0.0473152505	-0.1009965841	-0.0786811113	0.0903626991	0.0020692518	-0.0472734992	0.0299251353	-0.0730013922	0.0104466895	-0.07129695	0.0155397226	0.0047528415	-0.0125519415	0.0587804838	0.1985991945	0.3488679617	0.2823011487	0.1260994807	-0.1016877991	0.0653044692	0.0103623214	0.0354193253	0.0786962881	0.0372772326	-0.0243148568	-0.0099501399	-0.0160492005	0.1443715143	0.1212146982	-0.1785915396	0.0622195259	0.1094869592	-0.0013642331	-0.092297353	-0.0848022095	-0.1305672789	0.0296110816	0.1387619465	-0.265702512	-0.26751094	-0.1098460484	-0.1224200246	0.0318894348	-0.1604213417	0.0168645837	-0.0802041072	0.0186676493	-0.0883851887	0.0744538776	-0.0498029379	0.1721146588	0.0098291422	-0.038312867	0.0967186369	-0.1195597921	0.0896395752	-0.0800412626	-0.1068798764	-0.0469752821	-0.1000534159	-0.1211199807	0.098167988	-0.063080731	0.0811397850768145	0.0033596039252757	1.1286938534727931e-05	0.0065836647223116	0.062575982944466	0.0193611554857681	0.003915753641466	0.000374854341744	0.4801290826434865	0.0624412564400245	0.2305239360000759	0.0038989105058089	0.0022350845287668	0.0010402119388644	1.0820408777560342e-06	4.995602850732708e-06	0.002478985338123	0.0005672200651478	3.2173860230627465e-07	6.145368306628805e-06	-0.0004647716629574	-7.36286969878e-05	2.1601269868818707e-07	5.421185020121269e-09	0.0	0.0	0.0	0.0	0.0	0.0	0.0	0.0	0.0	0.0	0.0	0.0	0.0	0.0	0.0	0.0	1.0	0.0
831.7492655709212	5.252158211990718	27.58516588378153	691806.8407777669	900.1834619030981	2.262260345641721	5.117821871462999	810330.2650838464	773.958033066129	1.4090835038230125	1.9855163207461377	599011.0369475912	774.9464547612033	632.6522648863458	1.49957	21.265411	0.0727502150895099	0.0311618364643039	0.3787435691	-0.1039094256	-0.085146037	0.1212308104	-0.0222654966	0.2164603934	-0.2524025593	0.1924348071	0.0701262334	0.0634735024	-0.0299808278	0.0679524713	0.1300191752	-0.168421164	0.1137599758	-0.2272080145	-0.1274396502	0.1351910476	-0.0114042357	0.0376948451	0.0635969824	0.0791402758	-0.0835069959	0.0546603543	-0.0682353702	0.0319072641	-0.0513403124	0.096529965	0.0243473181	0.1901924361	0.079682654	0.0707036275	0.0229970866	-0.0619877602	-0.1369160121	-0.0635815721	0.0510485985	-0.0569889742	0.0357180525	-0.0079600416	-0.1266962371	-0.0185280477	-0.0536124457	0.0224483198	0.234079038	0.2488326771	0.1647807609	-0.0478979586	0.1348801777	-0.0200344589	-0.0503554083	-0.069634654	0.024174963	0.1582102163	0.0985811253	0.0723467682	0.0024899056	-0.0908023817	-0.1111836378	0.0524360097	0.0824236379	-0.0111747305	-0.1138274925	0.2437678118	-0.0057183337	0.0473286969	0.0843040126	-0.1929877567	-0.2773760031	-0.1171242966	-0.1073290535	-0.0140533417	-0.1343736378	-0.1997693275	0.0734847471	0.042350713	-0.137713764	0.059737255	0.0274884181	0.1598297165	0.1779516277	-0.0112564052	0.1406212164	-0.0162043456	-0.1381658005	0.0213736669	-0.0060540077	0.0087615526	-0.0709072367	-0.1222481541	0.1024214758	-0.0717238087	0.0943292098207138	0.0131894247438992	0.0001739609250749	0.0088979998254002	0.056805049868899	-0.0057709330755669	0.0032268136906081	3.330366856267315e-05	0.4597767812939679	-0.0203523013495186	0.2113946886170411	0.0004142161702216	0.0020448538848033	-0.0001902306439634	3.6187697902767793e-08	4.181427410195148e-06	0.0028213906206833	0.0003424052825602	1.1724137752519878e-07	7.960245034479696e-06	-0.0006008868548441	-0.0001361151918867	3.6106501232443453e-07	1.8527345462353168e-08	0.0	0.0	0.0	0.0	0.0	0.0	0.0	0.0	0.0	0.0	0.0	0.0	0.0	0.0	0.0	0.0	0.0	0.0
835.4934076095163	3.744142038595101	14.018599605175076	698049.2341589615	897.3081493263473	-2.87531257675073	8.267422414020922	805161.9148474744	774.8277944706413	0.8697614045122464	0.7564849007791155	600358.1110842383	774.3117611505096	640.6405409654241	1.403963	19.909611	0.0818797008512616	0.0494486536971612	0.2754019907	0.0167160453	-0.0061916218	0.0694111873	0.0996233878	0.0767159194	-0.2149266431	0.1589123122	-0.0110196303	-0.0267168196	-0.060527374	0.1042008973	0.0493711657	-0.0318384934	0.080777163	0.0211160399	-0.0601517842	0.2073444325	0.0079241681	0.0136923101	0.0202901384	0.0583940938	0.0501785248	0.0663529469	-0.0819692834	-0.124048897	-0.0727110502	0.0898916441	-0.0421079491	-0.1231312574	0.0057061703	0.1865931117	-0.0235412965	-0.1092441951	0.0371890151	-0.0987119437	0.1002639877	0.1113702886	-0.0246882962	-0.0571982365	0.1042969759	-0.0726837146	-0.008917229	0.0768429793	0.0165535232	0.1332484115	0.1653537662	-0.104130313	0.0585651771	0.0035897784	-0.033606655	-0.1057922725	0.0798377422	0.0610272218	-0.0155871137	0.058201298	-0.053461783	-0.0738959272	-0.0163987225	-0.0938454999	0.0140458731	0.0283559392	0.0832131716	0.1320623856	0.0031933649	-0.0105492443	0.0431062102	-0.132681915	-0.2165110926	-0.0391649524	-0.1050760178	-0.0214816643	-0.0891252792	0.0417237542	0.0229998803	0.0045813198	-0.1203631406	-0.0366595408	0.0223420959	0.2501166085	0.1592178371	0.0156776684	0.1047035346	-0.0231402003	-0.162859162	-0.0800371468	0.004568068	0.0657052404	-0.0648026545	-0.1232925447	0.1063942335	-0.0799246852	0.0894658582538596	-0.0048633515668542	2.3652188462823245e-05	0.0080041397930996	0.1019708460327706	0.0451657961638716	0.010398053440639	0.0020399491431163	0.4669494062602837	0.0071726249663158	0.2180417480068314	5.144654890741704e-05	0.001868727976175	-0.0001761259086283	3.102033569014437e-08	3.492144248939111e-06	0.0025359733426586	-0.0002854172780247	8.146302259502895e-08	6.431160794675032e-06	-0.0005688714784127	3.2015376431400087e-05	3.23614758951451e-07	1.024984328044248e-09	0.0	0.0	0.0	0.0	0.0	0.0	0.0	0.0	0.0	0.0	0.0	0.0	0.0	0.0	0.0	0.0	0.0	0.0
839.906918136595	4.4135105270786426	19.479075172634	705443.6311337128	909.8574619179	12.54931259155262	157.48524652050116	827840.6010076827	776.2594447573199	1.4316502866786325	2.04962254334701	602578.7255749425	777.0391878656889	669.5265368699638	1.43865	20.401506	0.1885999869697902	0.1056842700566894	0.1239550345	0.0631238843	0.0952312447	-0.0034455202	-0.0294403853	-0.0085479032	-0.131224891	-0.001488263	0.0631205601	-0.021271983	0.0502151054	0.0624480565	-0.1456320039	-0.0090554853	0.0196223529	-0.1008022229	-0.120610005	0.0295464064	-0.0694572818	-0.0667393415	0.0088341587	0.1077404528	-0.0201345382	-0.0854785911	-0.1098452323	-0.0296625465	-0.0681488358	-0.0534454403	0.0248490777	0.0459315154	-0.0383828475	-0.1261892381	-0.0127845735	0.0514580118	-0.0091772162	0.1199782436	0.0927361521	0.1616442686	-0.1149113875	0.1446085606	-0.0549425603	-0.0564066063	0.1470967198	-0.0595486491	0.0089591854	0.1156925829	0.0261623017	0.0929616364	0.0856983697	-0.0029581343	0.0100364099	0.0164113551	0.0454264182	0.066148944	-0.0694741923	-0.0478067616	0.0203292515	-0.2615901285	-0.019886085	0.0156678627	-0.0535302111	-0.0863225995	0.0329028806	0.0802715844	0.0179286379	-0.0961793803	-0.1039943052	-0.0298762014	-0.1580444894	-0.2062768462	0.0292542534	0.0570505208	-0.0742945863	-0.0285320506	0.0070408811	0.1226683184	-0.0825701141	-0.1960706197	-0.011585975	-0.10266125	-0.058302595	-0.0893586032	-0.145683646	0.0609282313	0.0580455519	-0.0471539146	-0.0460157964	0.0092042049	-0.025951321	-0.1242524367	0.1100753719	-0.0876327994	0.1168768011503118	0.0274109428964521	0.0007513597904725	0.0136601866471295	0.1936586940729938	0.0916878480402232	0.0375036897900574	0.008406661478247	0.5028575185152135	0.0359081122549298	0.2528656839272783	0.0012893925257126	0.0015701604641047	-0.0002985675120703	8.914255926384876e-08	2.4654038830374867e-06	0.0021930307763178	-0.0003429425663407	1.1760960380841397e-07	4.809383985877052e-06	-0.0005992230755653	-3.0351597152600013e-05	3.590682942899372e-07	9.212194497137171e-10	0.0	0.0	0.0	0.0	0.0	0.0	0.0	0.0	0.0	0.0	0.0	0.0	0.0	0.0	0.0	0.0	0.0	0.0
840.3912932294795	0.4843750928845338	0.2346192306069008	706257.525735917	908.9027310674062	-0.9547308504937746	0.9115109968845662	826104.1745417897	775.7634363632535	-0.4960083940663935	0.2460243269843227	601808.9091981236	775.3251583455549	668.4718583808638	1.305381	18.511618	0.1422570148093124	0.0648515832869576	0.1042493366	0.103076086	-0.0812682762	0.0845316824	-0.0426758003	-0.0610308349	-0.1252495172	-0.0054389086	0.0503802727	0.0928222782	-0.0493688518	0.1031584734	0.0088880649	0.1622708357	0.0579700502	-0.083229439	-0.041197692	0.0540408473	0.0239869234	0.0087892282	0.0040607355	-0.0671064577	0.0032249742	0.0462196696	-0.0757972349	0.1286518428	0.0936880622	-0.0048061595	0.1087924239	0.0195446503	-0.0069884838	-0.0378103548	-0.0200223664	0.0692790196	-0.0438597643	0.0037195466	0.047848293	0.0990463598	0.1313048589	-0.1055263605	0.0851594946	-0.1174334104	-0.05149336	-0.088157523	-0.0581349099	0.1615472376	-0.0063026014	-0.016031767	-0.0637386372	0.0303950953	0.0034253284	0.027456395	-0.0218773828	-0.1388189722	-0.0195988833	-0.0693853354	-0.0980807055	-0.0782077654	-0.1093078266	-0.0375187876	0.0429585572	-0.0244828226	-0.1419687603	0.0011137987	0.0846987521	-0.1492697883	-0.1327875844	0.0351462413	-0.0877818741	0.0096522647	-0.0525048247	-0.0966303586	-0.0358074402	-0.152943712	-0.017477891	0.0647558868	-0.1403361668	-0.2764792689	-0.1330118419	-0.1000556624	-0.1037281129	-0.0291024523	-0.142574704	-0.0761173036	-0.0311712779	0.0807731531	0.036010565	-0.1496062539	0.0138447476	-0.1251271724	0.1134548014	-0.0948006283	0.131937047620525	0.0150602464702132	0.0002268110237435	0.0174073845348206	0.2382073114398792	0.0445486173668853	0.0567427232234156	0.0019845793093011	0.5286267686862374	0.0257692501710238	0.2794462605716527	0.0006640542543768	0.0023690406528981	0.0007988801887934	6.382095560465785e-07	5.612353615083855e-06	0.0018803270782055	-0.0003127036981122	9.778360281310837e-08	3.5356299210328324e-06	-0.0005732289464472	2.59941291181e-05	3.2859142504496685e-07	6.75694748608454e-10	0.0	0.0	0.0	0.0	0.0	0.0	0.0	0.0	0.0	0.0	0.0	0.0	0.0	0.0	0.0	0.0	0.0	0.0
844.4323899912536	4.0410967617740425	16.330463038020653	713066.0612663405	915.8340603948352	6.931329327429012	48.04332624527752	838752.0261792906	777.2586188503749	1.495182487121383	2.235570669794485	604130.9605771924	777.0091637783363	683.8990896825495	1.372854	19.468451	0.1168164635229243	0.0558529869251531	-0.0279389778	0.1105176821	-0.0442769149	0.0740179888	0.151666437	-0.1288196896	0.010904824	0.044419971	0.1072774337	-0.1057547307	-0.0382413077	0.0346571897	-0.0929137869	0.2202268997	0.0526999805	0.0847816873	-0.0310415121	-0.0101106734	0.0439841334	0.0040868288	0.1251185683	-0.0014306115	0.0862566756	0.1564383836	-0.0773765536	-0.1014891929	0.0852345679	0.0601037031	0.0180834674	0.0819553632	0.1115786417	-0.1000140632	-0.1119527488	0.0879926007	-0.0284540842	-0.072478216	0.1460671343	-0.0936467037	0.0465506372	-0.1289606269	-0.1778603973	-0.0675107308	-0.0021385833	-0.0214896443	-0.2286766698	0.0205904238	-0.0236661593	0.0016354934	0.0661391957	0.1434494481	-0.039605255	0.027322447	0.1022309028	0.0246714749	0.0260402429	0.143913297	-0.2210935008	-0.0711783511	0.1102561566	0.0021812883	-0.0311698413	-0.1135223194	-0.121478503	0.0328908895	-0.0012305715	-0.122434763	-0.1724957064	0.1001020901	-0.0238957102	-0.0351587852	-0.0911957169	-0.0501279917	0.0851941381	-0.0094581156	0.0491377367	0.1429568037	-0.0338456801	-0.2866308216	-0.0201058926	-0.0923059829	0.0140558066	-0.0480128825	-0.1410275648	0.0053901356	-0.063925524	0.1248325747	-0.028309072	-0.0041882035	0.0810586106	-0.1259161521	0.1165232592	-0.1013839798	0.1313006150203222	-0.0006364326002027	4.050464546008926e-07	0.0172398515047148	0.2756016922590163	0.0373943808191371	0.0759562927760335	0.0013983397168466	0.506216607629213	-0.0224101610570244	0.2562552538396285	0.0005022153186017	0.0026161021687362	0.000247061515838	6.10393926082197e-08	6.843990557266248e-06	0.0024298238800959	0.0005494968018904	3.019467352877776e-07	5.904044088284295e-06	-0.0009041804096499	-0.0003309514632027	8.17542213194661e-07	1.0952887099600813e-07	0.0	0.0	0.0	0.0	0.0	0.0	0.0	0.0	0.0	0.0	0.0	0.0	0.0	0.0	0.0	0.0	0.0	0.0
844.2803991887206	-0.1519908025329641	0.0231012040546145	712809.3924542654	909.931998795378	-5.90206159945717	34.834331123786924	827976.2424317518	776.5572998513301	-0.7013189990448154	0.4918483384212218	603041.2399523886	776.7874577604526	691.3079348466135	1.35853	19.265335	0.078412181179778	0.041249766719618	-0.0464151349	0.1597645493	0.075339885	-0.0802476181	0.04150055	-0.1364598024	-0.0061942817	-0.0523903731	-0.1165634085	-0.0599320879	-0.0271671933	0.1155329793	-0.1877177417	0.1285044385	0.0931112755	0.033547231	-0.0276707669	-0.0343653321	0.0044996643	-0.0023885722	-0.1112306001	-0.0129819505	0.0193053661	-0.0531996627	-0.0393918173	0.1169094033	0.0984991489	0.0783182997	0.0369093984	0.0103716693	0.0414396915	-0.1733928115	-0.0721283144	-0.0665456337	0.1106930655	0.0748792647	-0.0136583756	0.0063026107	0.0940440498	0.0973459686	-0.0704461419	-0.1114166301	0.1351492237	0.0041453941	-0.1501974669	0.0820162954	-0.0827160782	0.0376096178	-0.0399797328	0.0695118986	0.0631162127	-0.0835896023	-0.0737681469	-0.0435229388	-0.0536518582	-0.1331960718	-0.0383054714	-0.0470442092	-0.0345469081	0.0578237524	-0.0618190043	-0.1211890322	-0.0441302425	-0.0897470171	0.0087445046	-0.1481360276	-0.1475465716	0.0698605946	0.0136537074	-0.0793895182	0.0018932355	-0.0373323476	0.0291002138	0.091585309	-0.089255942	-0.0086901756	-0.1234722249	-0.1566156209	-0.0771054964	-0.1682006079	-0.1408244661	0.0043612968	-0.0798531113	-0.085809898	0.0459236562	0.012418091	0.0039272554	-0.0540680913	-0.1399257514	-0.1266188352	0.1192723348	-0.1073422654	0.1492518212509708	0.0179512062306486	0.0003222458051352	0.0222761061467317	0.244793897535601	-0.0308077947234153	0.0599240522706703	0.00094912021572	0.525585475052182	0.019368867422969	0.2762400915858278	0.0003751530252485	0.002783637281218	0.0001675351124818	2.8068013914289465e-08	7.74863651338674e-06	0.0024562363022948	2.6412422198899936e-05	6.97616046412942e-10	6.033096772710832e-06	-0.0009159191310241	-1.173872137419992e-05	8.389078545759423e-07	1.3779757950109804e-10	0.0	0.0	0.0	0.0	0.0	0.0	0.0	0.0	0.0	0.0	0.0	0.0	0.0	0.0	0.0	0.0	0.0	0.0
845.3045219297925	1.024122741071892	1.0488273887806057	714539.734794955	913.4340776911752	3.5020788957971263	12.26455659238762	834361.8142875278	776.9339901120381	0.3766902607080737	0.1418955525123166	603626.4249914126	777.2213173592337	693.0269205488544	1.220497	17.307882	0.0936209589985914	0.04497744680774	-0.0666944836	0.1306354103	-0.0100894161	0.0813724406	-0.0720906076	-0.126121148	-0.0392989474	-0.1145323313	0.1287990251	0.1115169727	0.0217163961	0.0629615709	-0.0758805555	0.209848932	-0.0440640538	-0.0892596206	-0.0080959283	-0.0369155266	0.0055630125	0.0740415353	-0.0233377765	0.0199127556	-0.0124247164	-0.0464588912	0.0289163634	-0.1234764257	-0.0137432714	0.0730175104	-0.0950327071	-0.1231264175	-0.0078664662	-0.033021668	-0.2194825835	0.0192641113	0.0145344366	-0.092197626	-0.1299265427	-0.1761762295	-0.0439210999	-0.078053394	-0.1109111526	-0.0811129537	0.0165936449	-0.1826678246	-0.1021635119	0.0404429312	-0.0740602574	-0.0266452593	-0.0162678934	0.0643561063	-0.0448272403	0.0798271856	-0.0751855692	0.0517969216	-0.0674557421	0.0484195718	-0.0546106838	0.017172043	0.0938805889	-0.0562973391	0.0184352614	-0.0156507239	0.163519793	-0.0810931758	0.0999286349	-0.1089201783	-0.149639791	0.0754487538	0.0282423418	0.022404047	0.0589355106	-0.1205133321	-0.0136207866	-0.0602984618	0.0411977938	0.0426626768	-0.037919781	-0.0719554362	-0.012389766	-0.0999784153	-0.0120387876	0.0684080063	0.0471700221	0.0257369149	-0.0527349931	0.0296532129	0.1593073621	-0.0929002815	0.0668283989	-0.1272347401	0.1216944932	-0.1126387502	0.1185513565961002	-0.0307004646548706	0.0009425185300249	0.0140544241507757	0.2385933356134444	-0.0062005619221565	0.0569267797991497	3.844696815049828e-05	0.5108348189692578	-0.0147506560829242	0.2609522122713543	0.0002175818548767	0.0032309256441084	0.0004472883628903	2.000668795771739e-07	1.0438880517757278e-05	0.0027283377544118	0.0002721014521169	7.403920024418001e-08	7.443826902148823e-06	-0.0010359148427895	-0.0001199957117654	1.0731195615115946e-06	1.4398970842084982e-08	0.0	0.0	0.0	0.0	0.0	0.0	0.0	0.0	0.0	0.0	0.0	0.0	0.0	0.0	0.0	0.0	0.0	0.0
845.8446229191429	0.5401009893504352	0.2917090786973189	715453.126121227	910.881583916213	-2.5524937749621586	6.515224471220571	829705.259917709	776.5033572001228	-0.4306329119153815	0.1854447048247207	602957.4637430614	776.3812544068862	704.316650378179	1.292758	18.332619	0.0778234461308748	0.0392348619395584	-0.1336010561	0.0802969369	-0.1260951136	0.0483322488	0.0532628212	-0.1684141431	0.0772917096	0.0525470519	0.0435764822	-0.0644999501	0.0789652629	0.0645772413	0.0349276206	0.2092616384	0.0811864289	0.04296761	-0.0025304338	-0.1090567924	-0.0022341734	-0.0149518049	0.0464696452	-0.0411025515	0.1242483699	0.056852594	0.0823176973	0.0067473847	-0.1078776135	-0.065137322	0.0518487891	0.0633346393	-0.1056014681	-0.0552348141	0.1335002338	-0.0292382493	-0.0263800115	-0.2068196072	-0.0336204713	-0.0154401753	-0.2476817795	0.145285088	-0.0316781702	-0.1049398401	-0.1158933644	-0.0303349373	-0.1706221086	0.0400262545	-0.0697841634	0.0491493893	0.0103805591	0.0112058505	-0.0115264869	0.0478138635	0.0478271662	-0.0958646931	-0.0026093153	0.0272616049	0.0745040709	0.107074206	0.0558642007	-0.0534387778	-0.0159218039	-0.0535246804	-0.0738030462	0.0310583738	-0.0607416798	-0.0912752777	-0.1053761196	0.0416692241	0.0625782681	0.038359549	-0.033355086	-0.0919670829	0.1536328691	-0.0004222816	0.0822944194	-0.0409701931	0.0489883684	0.0991517072	0.020590428	0.1219637509	-0.0249370106	0.0051389458	0.0519851486	-0.0775601905	0.105339362	-0.0159245114	-0.083094701	0.0368484427	0.047867046	-0.1277634447	0.1237830955	-0.1172407796	0.1095533649041016	-0.0089979916919985	8.096385448927573e-05	0.0120019397618112	0.2446113836714687	0.0060180480580243	0.0598347290216704	3.621690242869012e-05	0.5250189867962547	0.0141841678269969	0.2756449364965658	0.0002011906169444	0.0027437855980671	-0.0004871400460412	2.3730542445711962e-07	7.528359408160434e-06	0.0027027179040461	-2.5619850365699894e-05	6.56376732760853e-10	7.304684068851344e-06	-0.0005762099681194	0.0004597048746701	3.3201792736016e-07	2.1132857179545243e-07	0.0	0.0	0.0	0.0	0.0	0.0	0.0	0.0	0.0	0.0	0.0	0.0	0.0	0.0	0.0	0.0	0.0	0.0
846.3723617762378	0.527738857094846	0.2785083012877743	716346.1747786867	909.8819583732924	-0.9996255429206258	0.9992512260593558	827885.1781732178	776.7292098665862	0.2258526664634246	0.0510094269486389	603308.2654599713	777.3877480276466	703.0242933861389	1.285411	18.228422	0.0563825014181497	0.0283957206001091	-0.1246330463	0.1380860552	0.0202419426	-0.0973406146	0.1077303949	-0.1707875502	0.0843537352	0.0202684623	-0.1034889155	-0.0822285563	-0.0391855913	0.0498606804	-0.1125127706	0.1139868643	0.1047433609	0.077345995	-0.011874805	-0.0709187764	0.0154695468	0.0857803854	-0.0343199068	0.0841298421	0.0308415608	0.0130601252	0.0168606208	-0.033385088	0.1022114896	0.065842618	0.0191217132	0.0034256458	0.0275518047	-0.1733798015	0.0535497445	-0.0516791419	-0.0917842355	0.0217262969	0.0369114301	0.0062552357	0.1789779266	-0.0038380605	0.0530552347	-0.085166244	0.0690267357	0.0445222819	-0.1845548003	-0.0108954879	-0.0907096272	0.0200133874	-0.009877949	0.0985497919	-0.0228837314	-0.0543582448	-0.0559708733	0.1333625719	-0.0599493681	-0.031777946	0.0024419306	0.0276590249	0.0619528867	0.0409268021	0.0469559485	-0.0045492403	-0.1430862867	-0.0388439953	0.0272892231	-0.1049038636	-0.0949502815	0.0155898875	0.0780387987	-0.0178309585	0.0149003975	-0.0133891878	0.1296528206	0.1104069819	-0.0150071112	-0.0764923922	-0.0445911408	0.1716774514	0.0095598297	0.0430544333	-0.041499239	-0.0267292961	0.0570526153	0.0936552474	-0.059211743	0.0379404231	0.0387670435	0.0702673088	-0.0709555371	-0.1282045865	0.1255324169	-0.1211199807	0.1071570194793452	-0.0023963454247564	5.742471394750954e-06	0.0114826268236967	0.2298793399746301	-0.0147320436968386	0.0528445109471715	0.0002170331114855	0.5367343601404144	0.0117153733441597	0.2880837733553401	0.000137249972593	0.0026318240580571	-0.00011196154001	1.253538644141085e-08	6.926497872568142e-06	0.0026727128786419	-3.000502540420006e-05	9.003015495066911e-10	7.143394131658272e-06	-0.0009850181817531	-0.0004088082136337	9.702608183841832e-07	1.671241555343769e-07	0.0	0.0	0.0	0.0	0.0	0.0	0.0	0.0	0.0	0.0	0.0	0.0	0.0	0.0	0.0	0.0	0.0	0.0
846.0276301973537	-0.3447315788840797	0.1188398614799104	715762.7510573502	909.79046654844	-0.091491824852369	0.0083707540148165	827718.6930224281	776.5715229750721	-0.1576868915141176	0.0248651557553851	603063.3302958229	776.1503508303391	695.3356214215277	1.290889	18.306114	0.0601396488217794	0.0306328730819418	-0.109463933	0.1850771818	0.0226770163	0.0369649166	-0.0774689244	-0.1654548341	-0.0127390814	-0.1279111401	0.0624675102	0.0717012492	0.0817068329	0.0947131527	-0.0784275916	0.1429088924	-0.0635052081	-0.0929483906	0.0273865651	-0.0603335135	-0.0362733422	-0.0045208259	-0.0652784858	-0.0876381853	-0.0555528858	-0.0642466632	0.2279651301	0.0180819574	-0.0165659272	-0.0393460288	-0.0218035303	0.0043359096	-0.1077395709	0.0970942379	-0.041619652	0.1028645629	-0.0349617329	-0.0382780145	0.0673518676	-0.0388200054	-0.0035543758	-0.008072452	0.0787138728	-0.1150278284	0.0434482748	-0.1507698279	-0.0786958714	0.0362423681	-0.1066457356	-0.0103768893	-0.0880108146	-0.0369033442	-0.021213741	0.1111105634	-0.0656104968	-0.1166367164	0.087386129	0.0024440001	0.0425596001	0.1733718835	0.0524858182	-0.0618164983	-0.0171200836	-0.0681844484	0.1283418466	0.0207786773	0.0909471259	-0.1143514447	-0.1017087236	0.0169914146	0.0993249675	0.0724519851	0.101250997	-0.0944602213	-0.0082857754	0.0769346699	0.0941390968	-0.0466484187	0.0086999384	0.0711478658	0.0959189568	0.0315324882	0.0011698204	0.1402289825	0.2424960486	-0.0646741208	0.0781354008	-0.0292187958	0.0542046542	0.0659356983	0.1585979863	-0.1285578634	0.1269376627	-0.1242524367	0.1109989937665716	0.0038419742872264	1.476076642370886e-05	0.0123207766171914	0.2077423030527256	-0.0221370369219044	0.0431568644776504	0.0004900484036817	0.5252340503067359	-0.0115003098336785	0.2758708076016187	0.0001322571262706	0.0028611459776091	0.0002293219195519	5.2588542787013895e-08	8.186156305188732e-06	0.0025347188148012	-0.0001379940638406	1.9042361655271152e-08	6.4247994701072e-06	-0.0008991276095664	8.589057218670007e-05	8.084304582845886e-07	7.377190390558736e-09	0.0	0.0	0.0	0.0	0.0	0.0	0.0	0.0	0.0	0.0	0.0	0.0	0.0	0.0	0.0	0.0	0.0	0.0
846.0896514811564	0.0620212838026645	0.0038466396445306	715867.6983435046	912.2154495673266	2.4249830188865644	5.880542641888196	832137.0264293198	776.5843184358688	0.012795460796724	0.0001637238170005	603083.2036405029	777.4255936419378	718.0499530064145	1.578191	22.380339	0.086003036140801	0.0604166666933654	-0.1940979037	0.0308771159	-0.1135355897	-0.0202990114	-0.0315142465	-0.1017302553	0.1699168377	-0.0001096681	0.07438797	-0.0069385208	0.1153569927	0.0114958322	0.0281421817	0.125669215	0.0405758181	-0.0437968179	0.0902376219	-0.0097266672	0.0021890004	-0.1341989397	0.0317755321	0.0152453953	-0.0555136923	-0.0284299025	0.092632284	0.0110248095	-0.0280827949	0.0561209183	0.195055663	-0.1885776401	0.0292758651	0.1349424919	-0.000197645	0.0183785745	0.0406922591	0.0645011104	0.0248336307	0.1175210584	-0.0376750513	-0.0235107332	0.0099641503	-0.0373376272	-0.0845184632	-0.0535991364	-0.0742983893	-0.0048106012	-0.0912928664	-0.0459903628	0.1569657501	-0.0054629673	0.035216319	-0.045483085	-0.0610661118	-0.024446135	-0.090976495	-0.1897464597	0.0071297897	0.1454512442	-0.0547317446	0.0147224847	-0.0961381302	0.0066924382	0.1145238626	0.0334636501	0.0805640752	-0.0656962627	-0.1233094085	-0.0295667661	0.0860917671	-0.0018131852	0.0356203883	-0.0676197067	0.1763440713	-0.0586397936	0.0834529197	-0.023386728	0.1422173969	0.2403709625	-0.0450543196	0.0682268183	0.0161266652	-0.0825324051	-0.0401862327	-0.01853543	0.0433140185	-0.1628747532	-0.0774513008	0.1270826619	-0.0713208491	-0.1288230331	0.1279949812	-0.1266188352	0.108843732976581	-0.0021552607899906	4.6451490728709344e-06	0.0118469582082772	0.2643949692130007	0.0566526661602751	0.0699046997451435	0.0032095245830675	0.5143203974067205	-0.0109136529000153	0.2645254711886069	0.000119107819622	0.0025942236464857	-0.0002669223311233	7.124753085234983e-08	6.7299963279855625e-06	0.0025347657133578	4.689855659986003e-08	2.199474611150275e-15	6.4250372216142765e-06	-0.0009577875056968	-5.86598961304e-05	9.173569060688976e-07	3.4409834140293166e-09	0.0	0.0	0.0	0.0	0.0	0.0	0.0	0.0	0.0	0.0	0.0	0.0	0.0	0.0	0.0	0.0	0.0	1.0
844.8980727581032	-1.1915787230531123	1.4198598532328857	713852.7533503571	910.12577470334	-2.089674863986602	4.366741037177423	828328.9257793548	776.6745211338892	0.0902026980204482	0.0081365267301681	603223.3117785562	777.6720152111965	700.6986955577358	1.42291	20.178301	0.0953605883035812	0.0538427904060246	-0.1143032607	0.0796692731	0.0378388121	-0.0915961158	0.0949395019	-0.0610600536	0.0996076991	-0.0031240506	-0.1062716481	-0.1156217122	-0.0246438004	-0.0052928071	-0.1149729934	0.0450900349	0.1045433564	-0.0018840018	0.0818160821	-0.0114110052	0.0891752358	0.0216421995	-0.0677030352	0.0018724137	-0.0806076634	0.0137984787	0.0201376524	-0.0950807638	-0.0169100046	0.0824364282	-0.0275416391	0.0169155121	0.0405811937	0.1782738458	0.144184898	-0.0215182431	0.0441811893	0.0438602229	-0.1520473963	0.1249294594	0.0683508096	-0.0029584188	0.099239047	0.0009792666	0.0784588144	0.0280772615	-0.1036178175	0.0139190977	-0.0999002494	-0.061756644	0.0165175213	0.0666897923	0.0883056297	-0.1303771845	-0.0703317714	0.0968529207	0.0133447125	0.0410077102	0.0717516016	0.0547888576	0.0233827949	-0.044752193	0.0591162943	0.0830572576	-0.0058471521	-0.0289668532	0.0034836428	-0.0482059442	-0.1377086388	-0.0258079872	0.0682348028	0.0564317839	0.0250545817	-0.0424634746	0.1025466933	0.1414426141	-0.0686560009	-0.0274080432	-0.0239069422	0.2515393094	-0.0291833513	0.0496788613	-0.0099249331	0.0444990657	0.0153430363	0.131917425	-0.018797267	0.0207278454	-0.0909451277	0.0399274095	-0.1237574641	-0.1289999139	0.1287014744	-0.1282045865	0.1097731508847488	0.0009294179081678	8.638176480230216e-07	0.0120501446551658	0.2442311027431429	-0.0201638664698577	0.0596488315471316	0.0004065815110142	0.4697229140170549	-0.0445974833896656	0.2206396159526735	0.0019889355246915	0.0026857865583037	9.15629118179999e-05	8.383766820590826e-09	7.213449436764835e-06	0.0023186041595362	-0.0002161615538216	4.6725817350568476e-08	5.375925248618568e-06	-0.0006721155606186	0.0002856719450782	4.5173932682565493e-07	8.16084602047621e-08	0.0	0.0	0.0	0.0	0.0	0.0	0.0	0.0	0.0	0.0	0.0	0.0	0.0	0.0	0.0	0.0	0.0	0.0
844.0105350894717	-0.8875376686315803	0.7877231132399809	712353.7833420163	914.503648038396	4.377873335056052	19.165774937794797	836316.9222755345	776.2729413561425	-0.4015797777467469	0.1612663178951266	602599.6794817171	777.7712257477698	694.6305443046532	1.256856	17.823486	0.0747546700901567	0.0436897393539109	-0.0932367796	0.034929961	0.1032842048	0.0200499995	-0.0863370493	0.0102667338	0.0073616336	-0.1401083325	0.0261555133	-0.0794656646	0.0829380166	-0.0058035749	-0.0739536075	0.0472115626	0.0368981665	-0.1738420108	0.0237257321	-0.0462703882	0.0407827029	0.0672794692	-0.0303572058	0.0364783147	-0.0102904248	-0.067946095	0.1410644284	-0.0666830933	-0.1198863069	0.0202744684	-0.1599692629	0.0213848209	-0.0355150178	0.2171873793	0.1141898873	0.1268610708	0.026498995	0.0967189124	-0.0930306517	-0.0809790246	-0.1498237717	0.0766038746	0.0231444478	0.020970288	0.0446178476	-0.1105237438	-0.0070770401	0.1312996458	-0.0790009408	-0.0217964216	-0.0281381956	-0.0091371324	0.0876893835	0.040851468	0.0870182249	0.0086468827	0.0659452787	0.0588015214	0.2078917394	0.1477022104	0.0145098352	-0.1381048258	0.090975934	0.1753235043	0.1731204166	-0.0048805376	-0.0081726962	-0.0161230243	-0.1744999218	-0.0356394583	0.0546178617	0.0563384545	0.1234589818	-0.0384949817	-0.0117895482	0.04750631	0.0317240457	-0.0012157242	0.0161533941	0.1635357897	-0.0067257538	-0.014949165	0.0177044568	0.0936444809	0.1130605096	0.0206935407	0.0564039902	0.0239258015	0.0522178667	0.0680641623	0.1556119296	-0.1290883846	0.1290552057	-0.1289999139	0.116918370104301	0.0071452192195522	5.105415769545821e-05	0.0136699052678463	0.229157234746026	-0.0150738679971169	0.0525130382364452	0.0002272214963945	0.4288557369381323	-0.0408671770789226	0.1839172431047485	0.0016701261624	0.0025343369282375	-0.0001514496300661	2.2936990447188787e-08	6.422863665828288e-06	0.0023766251682681	5.8021008731899866e-05	3.3664374542672e-09	5.648347190445373e-06	-0.0006960130377118	-2.389747709320006e-05	4.844341486648075e-07	5.710894114200217e-10	0.0	0.0	0.0	0.0	0.0	0.0	0.0	0.0	0.0	0.0	0.0	0.0	0.0	0.0	0.0	0.0	0.0	0.0
