global_signal	global_signal_derivative1	global_signal_derivative1_power2	global_signal_power2	csf	csf_derivative1	csf_power2	csf_derivative1_power2	white_matter	white_matter_derivative1	white_matter_derivative1_power2	white_matter_power2	csf_wm	tcompcor	std_dvars	dvars	framewise_displacement	rmsd	t_comp_cor_00	t_comp_cor_01	t_comp_cor_02	t_comp_cor_03	t_comp_cor_04	t_comp_cor_05	c_comp_cor_00	c_comp_cor_01	c_comp_cor_02	c_comp_cor_03	c_comp_cor_04	c_comp_cor_05	c_comp_cor_06	w_comp_cor_00	w_comp_cor_01	w_comp_cor_02	w_comp_cor_03	w_comp_cor_04	w_comp_cor_05	w_comp_cor_06	w_comp_cor_07	w_comp_cor_08	w_comp_cor_09	w_comp_cor_10	w_comp_cor_11	w_comp_cor_12	w_comp_cor_13	w_comp_cor_14	w_comp_cor_15	w_comp_cor_16	w_comp_cor_17	w_comp_cor_18	w_comp_cor_19	w_comp_cor_20	w_comp_cor_21	w_comp_cor_22	w_comp_cor_23	w_comp_cor_24	w_comp_cor_25	a_comp_cor_00	a_comp_cor_01	a_comp_cor_02	a_comp_cor_03	a_comp_cor_04	a_comp_cor_05	a_comp_cor_06	a_comp_cor_07	a_comp_cor_08	a_comp_cor_09	a_comp_cor_10	a_comp_cor_11	a_comp_cor_12	a_comp_cor_13	a_comp_cor_14	a_comp_cor_15	a_comp_cor_16	a_comp_cor_17	a_comp_cor_18	a_comp_cor_19	edge_comp_00	edge_comp_01	edge_comp_02	edge_comp_03	edge_comp_04	edge_comp_05	edge_comp_06	edge_comp_07	edge_comp_08	edge_comp_09	edge_comp_10	edge_comp_11	edge_comp_12	edge_comp_13	edge_comp_14	edge_comp_15	edge_comp_16	edge_comp_17	edge_comp_18	edge_comp_19	edge_comp_20	edge_comp_21	edge_comp_22	edge_comp_23	cosine00	cosine01	cosine02	trans_x	trans_x_derivative1	trans_x_derivative1_power2	trans_x_power2	trans_y	trans_y_derivative1	trans_y_power2	trans_y_derivative1_power2	trans_z	trans_z_derivative1	trans_z_power2	trans_z_derivative1_power2	rot_x	rot_x_derivative1	rot_x_derivative1_power2	rot_x_power2	rot_y	rot_y_derivative1	rot_y_derivative1_power2	rot_y_power2	rot_z	rot_z_derivative1	rot_z_derivative1_power2	rot_z_power2	motion_outlier00	motion_outlier01	motion_outlier02
894.8529581002109	n/a	n/a	800761.8166206978	1120.358961584213	n/a	1255204.202802056	n/a	838.8162219423236	n/a	n/a	703612.6541935935	881.5179773486635	743.2741126160123	n/a	n/a	n/a	n/a	-0.051770425	0.1180700455	-0.105260003	0.0718982096	-0.043874499	0.0835607716	-0.1919326092	0.4150179465	-0.1768337699	0.0719928748	-0.1260010491	0.3574580895	0.2937172728	0.0627596474	-0.0731774007	0.1199953721	-0.0103530199	0.1812682235	-0.0495352475	0.061651588	-0.1068542865	0.1529388484	-0.0792274911	0.0654956484	-0.1326593818	0.0449139835	-0.0379437077	0.1272229395	-0.0533375528	0.0409883215	-0.1101816818	0.1676567185	-0.0746866471	0.1147808547	-0.0075244821	0.084745531	-0.0020802337	-0.031323655	0.0957055326	-0.0020038465	0.1666153735	-0.148330986	0.1582025711	0.0819974365	-0.1697313276	0.0750232334	-0.0057168423	0.0461522808	-0.2000317803	0.2467813915	-0.0921501835	0.0855718087	-0.3189553219	0.2058822705	0.0427882025	-0.0740637439	0.2212118456	-0.1021007356	0.135881309	0.0001640484	-0.0301224247	0.0498285676	-0.1085604175	0.0637944421	-0.0475463683	0.0808380529	-0.1126539981	0.0625982952	-0.0680918591	0.0150929806	-0.0101211494	0.0809690411	-0.0030239451	0.1284173301	0.0285391415	-0.1025226475	0.0038768225	-0.0167633853	0.0435043861	-0.0881181496	0.0890058344	-0.0285445372	0.1050796002	0.1290883846	0.1290552057	0.1289999139	-0.0038806647263527	n/a	n/a	1.5059558718358076e-05	-0.0206514626627267	n/a	0.0004264829101099	n/a	-0.02121596548821	n/a	0.0004501171915969	n/a	-0.0005809998093586	n/a	n/a	3.375607784747296e-07	-0.0001410000361057	n/a	n/a	1.9881010181808708e-08	-4.096847826154208e-08	n/a	n/a	1.6784162110664461e-15	0.0	0.0	0.0
892.8983550506504	-1.9546030495605464	3.820473081351388	797267.4724521573	1097.0379856840093	-23.32097590020362	1203492.3420336286	543.8679169378781	838.8680136940696	0.0517917517460091	0.0026823855489202	703699.5443990338	878.5787939395544	748.3309298131003	1.171933	16.185932	0.0827980098656415	0.0395432923308288	-0.0601114741	-0.0609888222	-0.1114230433	-0.0444865239	0.0984916394	0.0590079994	-0.0804911673	0.0098144842	-0.0915916799	0.050231502	-0.1082764235	-0.1290940838	0.0142472294	0.0227839588	-0.1227743311	0.0073245272	-0.0420197503	0.2112582038	0.0044041693	-0.07913168	-0.1358032641	0.1114238995	-0.1749609269	0.0552961322	0.0686693623	0.0981821145	-0.0975131773	0.0284322458	-0.0267923462	0.1517417625	-0.0774810981	0.1262490032	-0.0213128468	-0.0603847742	-0.0127270971	0.090919655	-0.0344077864	0.0251780745	0.0056909932	0.0224126768	-0.0202298357	-0.0341234158	0.187478932	0.1285305907	-0.1002609037	0.1101015712	0.140768043	0.1641939991	-0.0370319855	0.0314155376	-0.0327596051	-0.1002985208	-0.0216353546	-0.1047458536	-0.0734886467	-0.0763635983	0.0348031736	-0.0860761966	-0.0687607814	0.0002354686	-0.0396519279	0.0889944577	-0.0528301144	0.0822187727	0.041471678	-0.0175329874	-0.051219606	0.0330232112	-0.1540255587	-0.0051989982	-0.1033577731	0.0492462659	0.0063638586	-0.0104395613	0.0434874189	0.0062797066	0.0333010716	0.1037139631	0.0766368692	-0.0503037154	-0.0261220258	0.0285574249	0.0368405751	0.1289999139	0.1287014744	0.1282045865	-0.0149615852117364	-0.0110809204853837	0.0001227867988033	0.000223849032048	0.0025027639061079	0.0231542265688345	6.263827169716473e-06	0.0005361182080009	-0.0181683380846209	0.0030476274035891	0.000330088508757	9.28803279110724e-06	-0.0008439947859741	-0.0002629949766154	6.916635772498738e-08	7.123271987514668e-07	-2.0722385087879047e-05	0.0001202776510178	1.4466713334364728e-08	4.294172437303519e-10	0.0005269911120451	0.0005270320805233	2.77762813900783e-07	2.777196321745311e-07	0.0	0.0	0.0
894.9657872103897	2.0674321597393828	4.2742757351246485	800963.7602771126	1090.9320822857796	-6.105903398229657	1190132.808160387	37.28205630851247	840.3916876590613	1.5236739649916444	2.3215823515933587	706258.1886864452	879.4648288990717	749.2519999119772	0.994838	13.740017	0.04740959972127	0.028441227387903	-0.1120109411	-0.0990202263	-0.0939798597	-0.1778790596	0.0109395305	0.0982243016	0.0353208114	-0.1121482403	-0.0683286973	0.0631230871	-0.0866283863	0.0187401949	0.1608324658	0.0237490288	-0.0181260412	-0.056489302	-0.0672942848	0.1649810811	0.0334434089	-0.0739488799	-0.081771492	0.0836706967	-0.182053667	0.1608595261	0.0927390183	0.1267069434	-0.026063893	-0.1117070167	-0.0248361665	-0.2037730726	-0.0129135762	0.0091777762	-0.0351951506	-0.008787974	-0.0285705886	0.0523213211	0.0545578545	0.0527346332	-0.0403457612	-0.0320200873	-0.0807877387	0.0593610528	0.098585451	0.1106571815	-0.1359197675	0.0738081058	0.173862897	0.158502234	-0.065627913	-0.0102583963	-0.1616897102	0.0262716513	0.0136167097	0.0099222875	0.0752445695	0.1060907497	0.0379791213	0.0119156279	-0.0970772066	0.0287818607	-0.0834259967	0.093300202	-0.0055879367	0.0882707576	0.099090059	0.0623693766	-0.0857307014	-0.0023609595	-0.1124768439	-0.0356047371	-0.2055007576	0.0625391699	0.0236791722	-0.0477207478	0.0785682382	-0.0039710915	-0.0758456577	0.10177631	0.074124898	0.024438452	-0.0613966509	-0.0513564008	-0.0164224247	0.1288230331	0.1279949812	0.1266188352	-0.0169132866756598	-0.0019517014639233	3.809138604280735e-06	0.000286059266173	-0.0045037514611578	-0.0070065153672657	2.0283777223881017e-05	4.909125759173041e-05	-0.0181999113226822	-3.157323806129986e-05	0.0003312367721534	9.96869361675514e-10	-0.0012109955115694	-0.0003670007255953	1.3468953258747674e-07	1.4665101290412328e-06	-5.209509335957208e-05	-3.1372708271693035e-05	9.842468243007563e-10	2.7138987521425313e-09	0.0001569683528717	-0.0003700227591733	1.3691684230629592e-07	2.463906380325453e-08	0.0	0.0	0.0
896.6112675910033	1.6454803806135487	2.7076056829841093	803911.7651711457	1087.9788190476438	-2.9532632381358326	1183697.9106963056	8.721763753724543	841.1477048006925	0.7560171416312187	0.5715619184402382	707529.4612914729	879.0326180368099	757.1362035594769	1.093437	15.101803	0.0568078930973152	0.028639306993508	-0.1970062514	-0.0492270121	-0.0188681481	-0.0939000186	0.0980592747	-0.0389410203	0.0949113839	-0.1218508317	-0.0602070469	0.1039255641	-0.050898138	-0.0180996846	0.0168058897	0.0557743698	0.0517107351	-0.0742567641	-0.0426359912	-0.0190862786	-0.0136144148	-0.0713309133	-0.0245350866	0.0529570962	-0.0512053296	-0.0541659405	0.0023931918	0.0177798811	0.0666668562	-0.0345071675	-0.3511338359	0.0877026016	-0.0758984699	-0.0259956811	-0.0269242349	-0.1004832736	0.0012456839	-0.1016830386	0.0359249072	-0.0473339801	-0.060826135	-0.0827043466	-0.0806016551	0.0625012579	0.014686342	0.0401003087	-0.0079260231	-0.0398656909	0.1382021891	0.0583334947	-0.0397636603	0.0062125244	-0.0444834975	0.0072884902	0.015812018	0.0859156518	0.0158827674	-0.0193128225	-0.1720801716	-0.0378767276	-0.1832777066	0.0011980566	-0.0888459308	0.0113316493	0.1154975817	0.1181552396	0.0132508304	0.0538124506	-0.0150353649	0.0380554743	-0.0654854028	0.0108061158	-0.0723065328	-0.0110993936	0.0074115587	-0.0289973577	-0.0524630267	-0.1264994517	0.0106249089	0.0492118711	0.0226475257	0.0083048167	0.0085668056	-0.0255026366	0.0531766804	0.1285578634	0.1269376627	0.1242524367	-0.0105519919821546	0.0063612946935051	4.046607017761739e-05	0.0001113445347914	0.0085650893514497	0.0130688408126075	7.336075559831706e-05	0.0001707946001852	-0.0354759595175693	-0.0172760481948871	0.0012585437036922	0.000298461841232	-0.00096600483406	0.0002449906775094	6.002043206651482e-08	9.331653394272882e-07	4.48951559295363e-05	9.699024928910838e-05	9.407108457163388e-09	2.0155750259373787e-09	0.0002170216139995	6.005326112780001e-05	3.6063941720837355e-09	4.709838094294797e-08	0.0	0.0	0.0
892.7036785961677	-3.907588994835578	15.269251752560123	796919.8577791299	1091.1783979699967	3.1995789223528845	1190670.2961963683	10.237305280364843	839.8654049035274	-1.2822998971651032	1.6442930262696345	705373.8983537661	879.2918859037964	748.3754875410849	1.361574	18.805124	0.0609099827545548	0.0253696943892675	-0.1020440743	0.1626858423	-0.0693419637	-0.0747430836	0.088733326	-0.1796278237	0.1231349463	0.0515292198	0.1654064537	0.2008220105	0.014859337	0.1077668176	-0.046366132	-0.0043198002	-0.022508134	0.1427570255	-0.0268617379	-0.2531247709	0.0980298891	0.0074884497	-0.1580986579	0.0533715583	-0.0798478194	0.1797989979	-0.174320008	0.0134043992	-0.0875956967	-0.0942925007	-0.1131134403	0.0527655578	0.0509362204	0.0143817131	-0.0498093635	-0.1084946807	0.0324607227	0.0136841526	0.0151544318	0.1915792946	0.0024133045	-0.0521708378	0.0962009664	-0.0347185626	-0.091687872	-0.1605740492	0.1472737905	-0.0150325874	0.2441285879	0.0171818256	0.0462483735	0.161811754	-0.1125869231	0.0571158746	-0.0537986402	0.0205343238	-0.0830633637	0.0797718636	0.0471520188	-0.2035531743	0.1010521452	-0.0013344659	-0.0575158173	-0.104370946	0.0322696384	0.0147524229	-0.0135120679	0.1759617197	0.0162460198	0.0032743716	-0.0884479768	0.0515882212	-0.0021339697	-0.0165234922	-0.0425786966	-0.006831699	-0.221492521	-0.1571232376	0.1007448393	-0.0679351565	-0.079998954	-0.0965807185	-0.020589092	-0.0947112061	0.0266726244	0.1282045865	0.1255324169	0.1211199807	-6.624508017694097e-07	0.0105513295313528	0.0001113305548791	4.388410647649338e-13	0.003987664187889	-0.0045774251635607	1.5901465675372435e-05	2.095282112799871e-05	-0.0271481706560337	0.0083277888615356	0.0007370231699691	6.935206732231645e-05	-0.000598999699026	0.000367005135034	1.346927691413246e-07	3.588006394332386e-07	0.0002100001042428	0.0001651049483132	2.7259643957525483e-08	4.4100043781986873e-08	6.291338465030374e-08	-0.0002169587006148	4.707107777248398e-08	3.958093968157075e-15	0.0	0.0	0.0
891.0547692832884	-1.6489093128793684	2.7189019221003106	793978.6018624943	1097.7278524845206	6.549454514523859	1205006.4381202774	42.89535443781696	840.449785452178	0.5843805486506426	0.3415006256412261	706355.8418666121	880.5633064126068	745.2945628130614	1.474016	20.358097	0.0692527478050966	0.0325558315625464	0.0289570936	-0.0326037928	-0.1462063308	-0.005862506	0.0797521852	-0.0003751861	-0.0872675894	0.0703340953	0.0355766756	0.0794733494	0.0193446373	-0.102589988	-0.1196883321	-0.0864673997	-0.0868763309	0.0523970144	0.0239851297	0.0520478825	0.0742079576	0.0530670269	-0.046066766	0.0602419703	-0.012228385	0.1620752484	-0.0466329445	-0.1339026199	0.0986660749	-0.1128581031	0.1064865148	0.1355916398	-0.0014358059	-0.0274090574	0.1310793387	-0.218554734	-0.0315772734	-0.0028291909	0.0387219487	-0.0104969216	0.0903188411	0.0940415595	0.0746881078	-0.0136787272	0.0162651177	-0.0450106441	-0.0477925519	0.0703130307	0.1016192265	-0.0687929039	0.0577145622	0.1641872835	-0.0856300658	-0.0235484818	0.103080992	-0.2310638823	-0.107840235	-0.0582782296	-0.0233284371	0.1016825179	0.1176339379	-0.0059396562	-0.0413407843	0.0090996937	-0.052025743	-0.0119299446	0.0553989135	0.0521420334	0.0477713269	-0.1495086038	-0.2071117429	-0.0789969523	-0.0083063605	0.0552428075	0.0121878635	0.0265628895	-0.0464236357	-0.0294768799	0.0424510282	0.1118151923	-0.0293426788	0.0173321092	0.0306450085	-0.0596026357	-0.0300754625	0.1277634447	0.1237830955	0.1172407796	-0.0058403592594657	-0.0058396968086639	3.410205881711969e-05	3.410979627962674e-05	0.0145411961896826	0.0105535320017936	0.0002114463866268	0.0001113770377128	-0.0137977419701371	0.0133504286858966	0.0001903776834744	0.0001782339460972	-0.0008640209105059	-0.0002650212114799	7.02362425342739e-08	7.465321337914445e-07	0.0001008202380956	-0.0001091798661472	1.1920243171920509e-08	1.0164720409653473e-08	0.0004160436419324	0.0004159807285477	1.730399665231166e-07	1.7309231199237508e-07	0.0	0.0	0.0
893.2968611625292	2.2420918792408884	5.0269759949579385	797979.2821628271	1089.1293639487408	-8.59848853577978	1186202.771415389	73.9340050999363	841.395786447236	0.9460009950579432	0.8949178826506189	707946.8694511628	881.2603182522756	750.8545733103111	1.220108	16.85129	0.0908022387410356	0.0490320817233786	-0.0045601941	-0.0923658183	-0.0770609938	-0.0771595535	0.1296256164	-0.004132333	-0.0311607155	-0.1401102614	-0.0482801233	-0.011902907	0.0400971177	0.0830160544	0.0314525347	-0.0318148442	-0.0153673918	-0.0555401989	0.0211266006	0.0597814186	0.033711687	0.2004309962	-0.0793664868	0.0405893407	0.0271138842	0.1475927199	0.0062302606	-0.0205426661	0.1142012921	0.0749949615	-0.0761920497	-0.0833240015	0.1273590186	-0.1392891445	-0.0091686365	0.1776460412	-0.0732169967	0.0022958957	-0.1198555518	-0.0405381392	0.035421954	0.0374388313	-0.0759065719	0.0530738394	0.0311035215	0.0558977202	0.0398577311	0.1851160149	-0.0032499949	0.0343866277	0.0232317764	-0.0431877337	-0.2207104536	0.0887082157	0.141015467	0.0130285175	0.0031248577	0.0274910268	-0.0265909079	-0.0023763017	0.0733250568	-0.0394049902	-0.0238440946	0.0625358917	-0.0286714685	0.0679070162	0.0290696901	0.0712971524	0.024129089	-0.1462980913	-7.36839e-05	0.0307052786	-0.1680143484	-0.0454925324	0.0577885907	-0.0058505348	-0.0505506799	0.0339677922	-0.0866112816	0.0795159135	-0.0884381292	0.1545941212	-0.073244788	0.0627580277	-0.1263867014	0.1272347401	0.1216944932	0.1126387502	-0.0123520284884932	-0.0065116692290275	4.24018361482636e-05	0.0001525726077805	-0.0048901380781245	-0.0194313342678071	2.3913450423123183e-05	0.0003775767514272	-0.0294148819026247	-0.0156171399324876	0.0008652352773453	0.0002438950596708	-0.0001459954893909	0.000718025421115	5.155605053673731e-07	2.13146829224884e-08	-1.5041425616368898e-05	-0.0001158616637119	1.3423925118105372e-08	2.2624448457275846e-10	0.0005669984633397	0.0001509548214073	2.278735810610985e-08	3.214872574295812e-07	0.0	0.0	0.0
893.2941893358219	-0.002671826707342	7.1386579540660284e-06	797974.5087011432	1087.969125496073	-1.160238452667727	1183676.81803269	1.3461532670488012	839.7252740108605	-1.6705124363754749	2.790611800085125	705138.5358126148	878.6446699226427	739.8019820398359	1.226476	16.93924	0.0817665865998178	0.0428256851509882	-0.0871514725	-0.0241621167	0.06244679	0.1462890809	0.0118829491	-0.0187410499	0.0412938327	-0.1030695653	0.0671013297	0.0132654737	-0.0912373422	0.1046025648	-0.0750530688	0.1387544532	-0.0371642829	-0.0536207985	0.0053912277	0.0290795786	-0.0682038111	0.1191098612	0.0097338929	-0.0534700908	-0.0199963124	0.06405534	-0.0369107128	-0.0788550257	-0.0471662926	-0.0396367681	0.0432031685	0.0514863922	0.0200956765	0.0330585276	-0.0282134933	0.0748943987	-0.0831226002	-0.1738955813	0.0461491717	0.1482510351	-0.1377233179	-0.0861802802	-0.0925112965	-0.0835979487	0.0352856043	0.0435404969	0.0662703847	0.0609728067	-0.0583201683	-0.0219685994	0.0590256549	0.1045755484	-0.0079477503	0.0263333495	0.015975608	0.0222639463	-0.0489876576	-0.0229284439	-0.0708378344	-0.0628860682	-0.0391199232	0.002563307	-0.0286889204	0.0018003504	0.0718040226	0.0949114625	-0.128884211	-0.0771452041	0.0013285879	-0.023470537	0.0488131554	-0.0710950314	0.0022412464	0.0424223744	0.1138601793	0.0790175725	-0.0776279367	-0.0383001603	0.1982738517	0.0798738697	0.0676499276	0.0139205037	0.1377513008	-0.2374404277	-0.0659131499	0.1266188352	0.1192723348	0.1073422654	-0.007411058251364	0.0049409702371292	2.4413186884196583e-05	5.492378440511043e-05	0.0098889312444185	0.014779069322543	9.77909611568364e-05	0.0002184208900405	-0.0069462044721575	0.0224686774304672	4.824975656902085e-05	0.0005048414654743	-0.0006110881538109	-0.00046509266442	2.163111864972948e-07	3.734287317280142e-07	0.000311326626746	0.0003263680523623	1.0651610560280597e-07	9.69242685210432e-08	0.0005670951387509	9.667541119994397e-08	9.346135130678248e-15	3.215968963949025e-07	0.0	0.0	0.0
894.786486881582	1.4922975457601524	2.226951965081774	800642.8571058837	1092.3141793109	4.345053814826997	1193150.2663236451	18.87949265374264	841.2894140070135	1.564139996153017	2.4465339275655595	707767.8781202643	881.4123665191843	741.0882674971623	1.081859	14.941896	0.0783873854917677	0.0475305462143823	-0.0990678575	-0.0181841966	0.0852909791	0.105703359	0.0138414336	0.0377459078	0.0282613292	-0.0801570402	0.0861232479	-0.0063048072	-0.0721976621	0.0834981125	-0.0262881151	0.0785228223	-0.0037900252	-0.0940139663	0.0097323444	0.0360369819	-0.2687865313	-0.0554488573	0.0800155831	-0.0424993203	-0.0381156962	0.0392275863	0.0064610123	-0.1261556655	0.0871336713	0.0197791032	-0.0014367475	0.0015044939	-0.1098857064	-0.0128770333	0.0699918003	0.0509507962	-0.0371593788	0.0284202365	0.2263733723	0.0050930161	0.059805575	-0.0311076997	-0.0936651546	-0.0447851071	-0.0063487122	0.1147793088	0.004109866	-0.1319227616	-0.1614418648	0.0513736898	0.0619360827	0.1452479138	0.0170141533	-0.0578040661	0.1164584081	0.1547878515	-0.0913227947	-0.0139812977	-0.0578321297	0.008848169	-0.1320223689	0.1050292784	-0.1648503647	0.1082208479	0.0477202509	0.0649167079	-0.1396115227	-0.1504713746	-0.0646910269	0.0507017657	0.052545554	-0.098777908	-0.0193456453	0.0208309868	0.204814851	-0.0908982849	-0.0848886727	0.0050611208	0.0362091881	-0.055944078	0.1389160536	-0.1012734411	0.021591149	-0.1880017236	0.1345414316	0.1259161521	0.1165232592	0.1013839798	-0.0112841355346091	-0.0038730772832451	1.5000727641989251e-05	0.0001273317147634	0.0254480885533467	0.0155591573089282	0.0006476052110189	0.0002420873761639	-0.0068237300387181	0.0001224744334393	4.6563291641303726e-05	1.4999986846301982e-08	-0.0014330895849655	-0.0008220014311546	6.756863528202108e-07	2.053745758536589e-06	0.0004797269063796	0.0001684002796336	2.8358654180674677e-08	2.301379047045415e-07	0.000380843320216	-0.0001862518185348	3.468973990755731e-08	1.4504163455314675e-07	0.0	0.0	0.0
894.8472451613771	0.0607582797950954	0.003691568563659	800751.5921729058	1092.8097921817862	0.4956128708861342	1194233.2418883988	0.2456321177879959	843.3236443721887	2.0342303651751763	4.138093178600731	711194.7691571898	882.6964475763668	743.2191005500395	1.186748	16.390553	0.1104915392484476	0.055739694885558	-0.0466996587	-0.0659412429	0.0127034546	0.0686561266	0.0085045229	-0.1072989672	0.0182497694	-0.0688186913	0.0390389712	0.0689749774	-0.0334085602	-0.1074850839	-0.0604589087	-0.0476267208	0.1012665379	-0.1386326403	0.065934638	0.0304094083	-0.0634523969	0.068862375	0.0722209704	0.054307674	-0.0654451523	-0.1292123165	-0.0269936268	-0.0510872143	0.0349964729	0.0582689832	-0.0728633855	0.0521351284	-0.043381397	-0.1106315461	0.1755867581	0.0950701235	0.023817428	0.0035377247	-0.114142741	0.0218476955	-0.2524585641	0.0177994775	-0.0778225865	0.091851005	-0.0414213814	0.1801127163	0.0849309881	0.0111490774	-0.0599914609	-0.0711098362	-0.0884916752	-0.0774329586	0.1089702009	-0.0030663035	0.0469128715	0.0822263497	-0.1221659778	0.0170859593	-0.0669531426	0.0124455687	-0.0326769145	0.0423508877	-0.0719539773	0.1124007429	0.0436220747	0.0492882459	-0.0150226009	-0.083087833	-0.0914358113	0.0117987667	0.0937730133	0.1893165663	-0.0450138769	-0.0326910591	-0.1289617127	-0.125405446	-0.0662835642	0.0105404582	-0.0892507271	-0.0853837167	-0.0625108606	0.1102994649	0.0111402639	0.0078668798	0.0452617813	0.1251271724	0.1134548014	0.0948006283	2.9622201481060983e-05	0.0113137577360901	0.0001280011141109	8.774748205845715e-10	-0.0118293680657188	-0.0372774566190655	0.0001399339488342	0.0013896087719863	-0.0129048952242101	-0.006081165185492	0.0001665363207478	3.6980570013239946e-05	-0.0008022207115501	0.0006308688734154	3.979955354444162e-07	6.435580700399486e-07	0.0007787725107037	0.0002990456043241	8.942827346556619e-08	6.064866234277445e-07	0.0005673120366325	0.0001864687164165	3.477058220201711e-08	3.2184294690811506e-07	0.0	0.0	0.0
893.0631431333429	-1.7841020280342264	3.18302004643584	797561.7776232058	1093.8987067039975	1.0889145222113257	1196614.3805286784	1.1857348366827196	842.3500297777581	-0.9736145944306144	0.94792537848829	709553.57266659	881.5109699897047	733.6643686152216	1.029356	14.216759	0.0663210613428867	0.0328363690069306	-0.014207731	-0.0650984065	0.0727539586	-0.0775886879	-0.0875737628	-0.010050823	0.0236946074	-0.075261101	0.0746069706	0.039606091	-0.0134036493	0.0411330542	-0.0485153945	-0.0056528885	0.0433416073	-0.0597732465	-0.0135519608	-0.0940966578	-0.0369856991	-0.1202719409	0.1407660303	0.0433926979	0.0706281747	-0.0900878969	-0.0265273107	0.1462418458	0.2340682747	0.0127195126	-0.0159173996	0.0354179821	0.0605141553	-0.074952721	0.0586532443	-0.0474798168	-0.0087788259	-0.0892267224	0.2062083142	0.0049335655	-0.1616664268	-0.011423548	-0.0510066864	0.0157945745	-0.0363815686	-0.0080094342	0.058600507	-0.1831366329	0.035009615	-0.0450812375	-0.0742274873	-0.064181265	-0.0143097874	-0.1204427116	-0.0028930528	0.0981768754	-0.0692229132	0.1380026658	0.1197132928	0.2321076107	-0.1099711286	0.0542653524	-0.0414609474	0.0457392524	0.0891077707	-0.0092527996	0.0316861924	-0.040087372	-0.1266322677	0.0172828558	0.0905325957	0.1126069589	0.0026029114	-0.0364620083	0.0335598611	-0.1093325242	-0.008699897	0.0015583842	-0.0327873068	-0.0392314779	-0.0490147152	0.0989368804	-0.0858290071	-0.0395720255	0.0569649903	0.1242524367	0.1100753719	0.0876327994	0.0001506897786924	0.0001210675772113	1.4657358251823534e-08	2.2707409402364487e-08	-0.0044982129672064	0.0073311550985124	2.0233919898343803e-05	5.374583507844437e-05	0.0114804313036529	0.024385326527863	0.0001318003029178	0.0005946441498704	-0.0006910695019288	0.0001111512096213	1.2354591400278177e-08	4.775770564961197e-07	0.000478399940804	-0.0003003725698997	9.022368074815017e-08	2.288665033612707e-07	0.0002891655733675	-0.000278146463265	7.736545502682802e-08	8.361672882095503e-08	0.0	0.0	0.0
895.0259086685245	1.9627655351815747	3.8524485460966136	801071.3771879179	1093.7662702844498	-0.1324364195477301	1196324.654011956	0.0175394052226223	843.383764740915	1.0337349631569168	1.068607974053032	711296.174628559	882.6280409854913	746.7926195272759	1.027128	14.185983	0.0261595570530601	0.0140324275375603	-0.0339030251	-0.1167426377	0.0509129005	-0.1108266166	-0.0110773178	0.0259071335	0.0492425033	-0.0872511051	-0.0341544225	-0.0082312158	0.0287639268	-0.1546420734	-0.0248841667	-0.06930479	0.0952586495	-0.1058913786	-0.0564827714	-0.0636774631	0.1011574958	-0.1156973242	0.0841833695	-0.0421040645	0.08613205	-0.0837639826	0.0258571793	-0.0333567176	-0.0209988889	-0.0513401571	-0.0079263255	-0.0668056202	0.0637947016	-0.0591119174	-0.1929768873	0.0513954979	0.0236295783	0.0577455808	-0.113440113	-0.1367842816	0.0393049573	-0.0038531992	-0.0575497327	0.1320081591	-0.0405455067	-0.0620885537	-0.0238736308	-0.1385806915	0.0834063419	-0.0652108495	-0.0538514398	-0.1425793259	0.0435367055	-0.0512926387	0.0337489294	0.0704802911	0.0265672166	0.1652850034	0.0074544174	0.1208677057	-0.1108652693	0.0566683482	-0.0051078598	0.0143156833	0.1091322573	0.0053170009	0.1117992006	0.0215906828	-0.1045603928	0.0008235428	0.0135085658	0.1261631478	0.0605515436	-0.0612002901	-0.0847844981	-0.0622673257	0.0530360246	0.1331643783	-0.0216967089	-0.0874588483	-0.037713176	0.0850779336	-0.1137855211	0.0497496331	0.0241848298	0.1232925447	0.1063942335	0.0799246852	0.0001283254384389	-2.2364340253499995e-05	5.001637149743201e-10	1.6467418150535915e-08	-0.0001863956626664	0.00431181730454	3.474334306084638e-08	1.859176846773059e-05	0.0163288898229296	0.0048484585192766	0.0002666326428493	2.350755001314679e-05	-0.0004345538641769	0.0002565156377519	6.580027241126397e-08	1.8883706087107562e-07	0.000441447151865	-3.6952788939e-05	1.3655086103702804e-09	1.9487558788972038e-07	0.0002430956622786	-4.60699110889e-05	2.122436707739151e-09	5.9095501018671146e-08	0.0	0.0	0.0
893.4365896113064	-1.5893190572180629	2.5259350656365123	798228.939656282	1094.7682784709525	1.002008186502735	1198517.583546253	1.0040204058184998	841.1700528231534	-2.213711917761657	4.9005204548399925	707567.0577665066	881.6584212585066	737.7868834111227	1.247328	17.227234	0.063204496427393	0.0321412290093883	-0.0566544347	0.0414999638	0.1413803847	-0.0464895598	-0.0178383853	-0.0549829508	0.0384259037	-0.0112845521	0.0540778335	0.12677462	0.1290443641	0.0374474154	-0.0080236735	0.0588382618	0.0001666592	0.0537838993	0.0308229786	-0.2190541374	0.0306877526	-0.1210011648	0.0704693866	-0.1430259426	-0.0491521758	-0.015557456	-0.0398177787	0.0015210567	-0.0576280392	-0.145510667	0.2026899753	-0.1425458906	-0.0920851082	0.0210234644	-0.0692829972	0.1293984917	0.0261098999	-0.0788698887	0.0804624509	-0.1557821807	0.1089648454	-0.0510594056	-0.006439976	-0.0467866349	-0.1570143599	-0.180973606	0.0859767184	-0.0677139883	-0.0176378646	0.1153530882	-0.0512160598	0.0774796888	0.1900571945	-0.0585005848	-0.0473549805	0.0226186861	0.0468286961	0.1677745098	0.0162431582	-0.0153146188	0.0683113515	0.0318847641	-0.0167080389	-0.1367405953	0.1385632766	-0.0736995226	-0.0552432834	0.0164166953	0.0124237631	0.0173468814	-0.0256718144	0.0903059868	0.1464435627	-0.0631487766	0.0203489641	-0.0080114054	-0.0178628951	0.0575156579	-0.0083332095	-0.058520964	-0.006165191	0.071261014	-0.0783063744	-0.1189238548	0.0494291649	0.1222481541	0.1024214758	0.0717238087	0.0001289052549964	5.798165575000109e-07	3.3618724035116346e-13	1.661656476568691e-08	0.0211152893897548	0.0213016850524212	0.000445855446013	0.0004537617860725	0.022751460327214	0.0064225705042844	0.0005176289470207	4.124941188250399e-05	-0.0005965612931738	-0.0001620074289969	2.6246407050185613e-08	3.5588537651319656e-07	0.0002178306644005	-0.0002236164874645	5.0004333465960884e-08	4.7450198353163255e-08	0.0005670649668998	0.0003239693046211	1.0495611033674387e-07	3.2156267668507124e-07	0.0	0.0	0.0
892.5073179228175	-0.9292716884889388	0.8635458710270831	796569.3125457813	1101.1207431874377	6.352464716485201	1212466.8910776551	40.35380797418941	842.0888246478456	0.9187718246922714	0.8441416658483658	709113.5885967901	882.2898792530756	734.9522448226587	1.402268	19.367163	0.0305171846762863	0.0225384582634021	0.0712154934	0.1457336108	-0.0578858867	0.0083685858	0.0224697854	0.056646369	-0.0017096879	0.1602550727	0.0553204916	-0.0039393288	0.1369672081	-0.0647745115	-0.0300226683	-0.0065418883	0.0590697216	0.1367329032	0.0215986336	0.0300817036	0.1290659653	0.0275202539	0.1326398231	-0.0531985032	-0.0138917154	-0.0134686843	-0.0665388895	-0.1535348044	-0.0428890656	-0.0015869414	0.04400197	-0.0165561362	0.0291047719	0.0161663067	0.0734303153	-0.0102436831	0.0348633124	-0.0240325321	-0.0249483632	0.0261609981	0.0117316725	-0.009992866	0.1519332855	-0.0098896251	-0.0780544537	-0.1237816556	-0.0646589824	0.0538092773	-0.0894265356	-0.13642041	-0.0467185989	-0.0125632335	0.0784067235	-0.0249220766	0.0587459423	0.0252808688	-0.0689256239	0.0267796345	0.0004807636	-0.0497899059	0.0285528496	0.0676990538	-0.0074627162	-0.1061991679	-0.0662602873	-0.0954114675	0.0020870401	0.1032751846	0.0754199349	-0.0679028735	-0.0037661292	0.0252383537	0.1371793805	0.0087357632	-0.0926500776	0.0141068654	0.0562142029	0.1228201746	0.0266547148	-0.1899587914	-0.0643203126	-0.0397958109	0.0546757333	-0.020986204	-0.12320294	0.1211199807	0.098167988	0.063080731	0.0066693290860655	0.0065404238310691	4.27771438900166e-05	4.447995045823928e-05	0.0426316908184531	0.0215164014286982	0.0018174610620401	0.0004629555304408	0.022785885875308	3.442554809399839e-05	0.0005191965951225	1.1851183615721962e-09	-0.0005480614008776	4.849989229620006e-05	2.3522395527430054e-09	3.003712991319173e-07	0.0002178444934231	1.38290226000138e-08	1.912418660716924e-16	4.7456223314767065e-08	0.0005670600108501	-4.956049699973708e-09	2.4562428628609482e-17	3.215570559053155e-07	0.0	0.0	0.0
891.8393473516697	-0.6679705711477482	0.4461846839194489	795377.4214846522	1099.6780107863406	-1.442732401097146	1209291.727407003	2.081476781175536	843.1555457837654	1.0667211359198063	1.137893981818042	710911.2743859193	882.950995007401	741.2604920757351	1.144257	15.803687	0.056639619815328	0.0260167745556833	0.082203622	-0.0127307667	-0.0989974468	0.0768531328	0.128406174	0.1265304834	-0.1107095747	0.0804411146	-0.0668707257	-0.0911435022	0.0978592048	-0.1850586704	-0.1142276171	-0.101037353	0.0458540247	0.0355827501	0.0258938699	0.016922092	-0.0151028297	0.1737704554	0.0603416836	-0.1044406338	0.0222867629	-0.0160669239	0.0991546806	-0.121636606	0.0648883102	0.0151212551	-0.0121018116	-0.0144569909	-0.0527912971	0.1170374751	-0.0986752903	-0.2845651646	-0.1041711386	0.0731740102	0.0926173549	-0.0492554882	0.0292437961	0.0937031739	0.1005789847	0.0539837965	-0.0071570784	-0.0177218362	0.0315568883	0.1106711318	-0.177340448	-0.0963344966	-0.0020597779	0.0202794874	0.0604331933	-0.0846598251	0.1355840332	-0.1804882819	-0.0031703976	-0.1368117181	-0.1795047976	-0.0247710648	-0.0569910808	0.0440848468	-0.004254028	0.0240212136	-0.1015779032	-0.0350144647	-0.0230697141	-0.051650964	0.1265984304	-0.1015102666	-0.0835828068	-0.01501714	0.1609743484	-0.0392822059	-0.1090903217	0.0242867252	0.0427394998	0.1314053037	0.0183379243	-0.0183500629	0.0076388942	0.030286339	-0.02200278	0.0172958294	-0.1586637626	0.1199087977	0.0936454286	0.0540487397	0.0210254694994773	0.0143561404134118	0.0002060987675695	0.0004420703676734	0.0248339193316979	-0.0177977714867551	0.0006167235493732	0.0003167606698947	0.0127007488570569	-0.010085137018251	0.00016130902153	0.0001017099886768	-0.0006280385718772	-7.997717099960007e-05	6.39634788109927e-09	3.9443244776555293e-07	0.0002178873537441	4.2860320999997883e-08	1.83700711622286e-15	4.7474898921606575e-08	0.0003590686242325	-0.0002079913866176	4.326041690711196e-08	1.289302769082203e-07	0.0	0.0	0.0
890.6245399893731	-1.2148073622965967	1.4757569274900146	793212.0712312825	1093.4104913589802	-6.267519427360412	1195546.5026138865	39.281799772340186	842.1042093912761	-1.051336392489361	1.1053082101725438	709139.4994745061	882.5783980507521	734.2611146613733	1.251505	17.284927	0.1246677987173713	0.0552512938047825	0.116021415	-0.0397142284	0.0515618594	-0.0152648552	0.1492956482	-0.0666298102	-0.0658195378	-0.084601207	-0.0625349374	-0.0841986591	0.044266029	0.1349440115	-0.0935716397	-0.0476458472	-0.0134710043	-0.0420217063	-0.0537293591	-0.1200157612	-0.0082891118	0.2058273758	0.0771283439	0.049985657	0.0211812663	0.026445653	0.0141508521	0.1278999979	-0.0952677241	0.0320649604	-0.0414047819	-0.0781790629	0.0414143642	-0.0035035892	-0.0068688348	-0.0071604809	0.0989617511	0.0595448175	0.0073553624	-0.0152682252	-0.0655765315	0.046578266	-0.0645465141	0.0447360598	0.0079361882	-0.0844681424	0.1396652061	0.0318763806	-0.1088437785	-0.1189668766	-0.0626897329	-0.0018143578	-0.1454091465	0.1119508326	0.0632980864	0.0249093187	0.1248829682	-0.0155474781	-0.0065849993	-0.0334428334	0.0221679524	0.0611585344	0.076000965	-0.0423663725	-0.0032920784	-0.068010797	0.035680505	-0.0814496104	0.0886536457	-0.1124090615	0.0788283925	0.0356893254	-0.0287476778	-0.1481358423	-0.1607058429	0.0745098499	0.0104976573	0.0072919032	-0.0272945416	-0.0994977743	-0.0854427565	0.0068473696	0.0893305425	0.0939620283	0.0118546285	0.1186154352	0.0888661936	0.0446835199	0.0302536039825866	0.0092281344831092	8.515846603835091e-05	0.0009152805539351	-0.0083119765937453	-0.0331458959254432	6.908895489496972e-05	0.0010986504167003	0.0504447051519747	0.0377439562949178	0.0025446682778696	0.0014246062367926	-0.0001620026963545	0.0004660358755227	2.1718943727420958e-07	2.6244873626128333e-08	4.8991639213680216e-05	-0.0001688957145304	2.8525762386741056e-08	2.400180712843409e-09	0.0001030039740076	-0.0002560646502249	6.556910509480037e-08	1.0609818661358336e-08	0.0	0.0	0.0
887.9659003098894	-2.658639679483713	7.068364945325259	788483.4401131525	1092.520346199198	-0.8901451597821506	1193600.7068592154	0.7923584054835904	840.3931906035452	-1.7110187877308365	2.9275852919679006	706260.7148128067	880.1218761708002	716.2959807879889	1.292975	17.857683	0.0709283161344763	0.0471826072068025	0.1363554503	0.161389623	0.1410926531	0.0145043938	0.0248762255	-0.0915702854	0.0317033081	0.0006608067	0.0823534593	-0.1518648784	0.011261741	0.1695334057	-0.0932134679	0.0573565184	-0.0902501936	0.1095460235	-0.1019338166	-0.241638905	0.0027586763	-0.018685349	0.1333467433	-0.0697084637	0.050457204	-0.014895707	-0.038805633	0.051476726	-0.1681775145	0.0172010503	-0.0358329356	-0.0444622321	-0.0488233188	-0.0050252556	-0.0862727947	-0.0039609332	0.078944339	0.0691736586	-0.0119993174	-0.0736399009	0.058716857	-0.0165379041	0.0148792845	-0.144989542	-0.0187024971	-0.1831682143	0.135179472	-0.1394529398	-0.0904218291	-0.00612642	0.0203160195	-0.0460557247	-0.0766018947	0.0533191004	0.0087866133	-0.0125498394	0.0391510227	0.043195494	-0.0147833492	-0.0981600137	-0.0700884414	0.0255466115	0.0568056906	-0.162396541	-0.0763976517	-0.1107321064	-0.1224783132	-0.071980367	0.1235116978	0.0272692681	0.0919862873	-0.0040118589	0.0385731854	-0.080372681	-0.0093524656	-0.0488682953	0.0458327412	0.0008931264	0.1863971374	-0.1377294178	-0.0295190168	-0.0246581987	-0.0884521184	0.111942092	0.0503913784	0.1172407796	0.0838433825	0.0350428114	0.0236534794634764	-0.0066001245191101	4.356164366775963e-05	0.000559487090729	0.0361955808070035	0.0445075574007488	0.0013101200699563	0.0019809226657809	0.0502748023904899	-0.0001699027614848	0.0025275557554028	2.8866948360162647e-08	-0.0002179981536871	-5.59954573326e-05	3.135491241887026e-09	4.7523195010984476e-08	-0.0002010016268936	-0.0002499932661072	6.249663309898542e-08	4.0401654013873985e-08	1.5978068384828767e-05	-8.702590562277123e-05	7.573508249463486e-09	2.552986693102645e-10	0.0	0.0	0.0
889.6949867069299	1.7290863970404189	2.989739768430217	791557.169371444	1102.5226878714054	10.002341672207422	1215556.2772711886	100.04683892757716	842.758813384085	2.365622780539752	5.596171139808628	710242.417536551	883.2152883661618	722.0779957451037	1.381988	19.087076	0.0969538640277671	0.0568345083627415	0.2134075452	0.074928	-0.0283241805	0.0324198414	-0.0542654216	0.0383741494	-0.0923461561	0.1139853673	-0.0150709024	-0.1420154072	0.0210765765	-0.0913046309	-0.0933249266	-0.100709361	0.0006656563	0.114205582	-0.0404981446	0.0936242159	0.0483089925	0.0276414539	0.0917347801	-0.0681075443	-0.0258305155	-0.1222848717	0.1600084284	0.0779020888	-0.1121827142	0.0994958775	0.1631993987	-0.0383649888	-0.0128663018	-0.085739801	-0.0079780813	0.0330477905	0.1573647637	0.1060573836	-0.0502896109	-0.0697987579	0.0012217525	0.0941270023	0.1289115893	-0.0047148537	0.0719759121	0.0194143131	0.0229433509	0.0808509788	-0.1208274761	0.0134414746	-0.0505968324	-0.1615025786	0.067931254	-0.031820986	0.0148294837	-0.080845454	0.2182918709	0.0222136429	0.13068678	-0.0421889473	-0.040512923	0.0458529125	0.0948378608	-0.0486500539	-0.2004758249	-0.0988585086	0.0726464141	-0.0742891053	0.001168853	0.0163794287	-0.0081880936	-0.0027244189	-0.0607016139	0.0501012309	-0.1287068669	-0.0036808376	0.1687755549	-0.0847139393	-0.133728917	-0.1119483313	-0.0256088708	0.0143214034	0.0535393724	0.129994141	0.0196533341	0.1157857731	0.0785907625	0.0251860523	0.0196857708928348	-0.0039677085706416	1.5742711301542812e-05	0.0003875295756451	-0.0126634284359568	-0.0488590092429603	0.0001603624197525	0.0023872027842036	0.0634950462228687	0.0132202438323787	0.0040316208948442	0.0001747748469875	-0.0005490268732079	-0.0003310287195207	1.0958001314758044e-07	3.014305075044435e-07	-0.0002009255334702	7.609342339998798e-08	5.790209084729838e-15	4.0371070000284465e-08	-0.0002710551663067	-0.0002870332346915	8.238807781748224e-08	7.347090318155279e-08	0.0	0.0	0.0
888.8501257697073	-0.8448609372225064	0.7137900032444919	790054.5460808246	1090.215287034055	-12.307400837350317	1188569.3720827473	151.47211537121123	841.2855179295395	-1.4732954545454504	2.1705994963842854	707761.3226779735	881.2116944175096	721.8108184800219	1.390227	19.200859	0.0624498195862869	0.0317672009994999	0.1483960424	-0.1139398392	0.1274730883	0.0505867462	-0.0672226152	-0.021595037	-0.0701111085	-0.1251670335	-0.0052514413	-0.1395995397	-0.0982246442	0.0088449587	-0.0513160975	0.0088262366	-0.0971418228	-0.1109154487	-0.0701980695	-0.0269178029	-0.0974255574	-0.1681093468	0.0606736637	0.0144667136	0.0628264758	-0.0604701093	0.041598238	-0.1685330507	0.0366322506	0.0069653995	-0.0740770991	0.1628757755	0.0182675923	-0.0335766467	-0.0206035662	0.0955838019	0.0351505864	-0.1429264649	-0.0104807738	-0.1500987355	-0.0284041034	0.0727425937	-0.1437300326	-0.040863205	0.0854130673	-0.0387220591	-0.0314138281	-0.2311602683	-0.0323063824	-0.0413563146	0.0520050364	-0.0358512035	0.0370993345	0.0481742609	-0.0198938979	-0.0216309004	0.0859792218	-0.1026903326	-0.0790474441	0.0744773608	0.0434463465	0.0236549785	0.0914383039	0.0168939471	0.0176330161	-0.0721513215	0.0896191635	-0.237911474	0.0173122977	0.0733807673	0.116057972	-0.0037327631	0.1000149865	-0.1126528533	0.0171580987	0.0203568939	-0.0566611249	-0.003631325	0.1432894282	0.0740436586	0.0387883006	0.0386894992	-0.0242147895	0.1697136826	0.0610622827	0.1142514127	0.0731227308	0.0151740128	0.0171441851706077	-0.0025415857222271	6.459657983428649e-06	0.000293923085164	-0.0216878277681331	-0.0090243993321763	0.0004703618733002	8.143978330658404e-05	0.04131053331065	-0.0221845129122186	0.0017065601624103	0.0004921526131523	-0.0003549990665339	0.0001940278066739	3.764678976272309e-08	1.2602433723994037e-07	-0.0001080028745858	9.29226588844e-05	8.634620534146562e-09	1.1664620918796042e-08	1.598080052819776e-05	0.0002870359668348	8.238964625684454e-08	2.5538598552204577e-10	0.0	0.0	0.0
890.5006089317438	1.650483162036494	2.7240946681659834	792991.3345078066	1090.725689534938	0.5104025008829467	1189682.529811466	0.2605107129075664	842.9288324529474	1.6433145234078663	2.700482622843224	710529.0165804891	883.7346405893002	727.5422780834027	1.176517	16.24925	0.0722611218011538	0.0521859760039317	0.0833058999	-0.0849541309	0.1180785264	0.0492436748	-0.1200600286	-0.0166074438	-0.029641775	-0.1180137278	0.0263104722	-0.1086205873	0.1034833092	-0.0561805923	0.1035771176	-0.1165658774	-0.0489949866	-0.0927156509	0.0656992299	-0.1346976536	-0.1306081295	-0.1727148501	-0.0272910468	-0.1242152992	0.2305604265	0.1471444591	0.0026232241	0.0237417003	0.1448261236	0.097256343	0.153820477	0.0085136287	0.0586595977	0.12774935	0.1033412636	0.0120630181	-0.1318040867	0.008990273	-0.257034821	0.1193531956	-0.0377171976	0.1428724896	-0.0813489202	0.0357379318	-0.1299971815	-0.1137345955	-0.0180321245	-0.1952480037	-0.1615452931	0.1669151686	0.2223282315	-0.052710985	0.0188149589	-0.0648627956	-0.112047849	-0.0685781312	-0.0706968668	-0.1117977401	0.0221427996	0.0963820423	0.1934889625	0.0001094394	-0.0565760134	0.0681992834	0.0506739077	-0.1388373082	0.0243758153	-0.1741020685	0.0417381284	0.0380369981	0.1092889241	-0.1305565649	0.0555508077	-0.1465940077	0.2185212271	0.0722757409	-0.0152615849	-0.1040854297	0.0876657511	0.093229181	0.0032709701	-0.0938681807	-0.0769035044	-0.0051017384	0.0403207849	0.1126387502	0.0674542747	0.0050684204	0.0109568549886773	-0.0061873301819304	3.828305478022689e-05	0.0001200526712429	-0.0216824660898851	5.361678247998297e-06	0.000470129335739	2.874759363505809e-11	-0.007056365962498	-0.048366899273148	4.979230059670032e-05	0.0023393569452988	-0.0002180007079634	0.0001369983585705	1.87685502510113e-08	4.752430867254361e-08	0.000108998319475	0.0002170011940608	4.7089518223812997e-08	1.1880633648374164e-08	1.6011861253447486e-05	3.10607252497258e-08	9.647686530389537e-16	2.563797007996529e-10	0.0	0.0	0.0
892.5185090029394	2.017900071195527	4.0719206973309126	796589.28891283	1095.9850626194732	5.259373084535127	1201183.257485011	27.66100524233254	844.2598637436375	1.3310312906901345	1.7716442967962454	712774.7175284254	885.166937582148	737.1345431626733	1.18599	16.380081	0.0494551871639194	0.0281516903273726	0.0944713206	-0.0896889712	-0.0208579007	-0.0483982753	-0.0308488085	-0.0439898292	-0.0889851739	-0.0938872538	-0.0620383701	-0.0155090817	0.0787667583	-0.129803632	0.0794227893	-0.1367358226	0.0729428824	-0.0752579066	0.120663096	0.0298611004	0.1351879992	0.0381980812	0.0928764474	0.0813462039	-0.0880050324	-0.0127638538	0.0623951362	-0.0020679091	0.0761786756	0.0069052995	0.1087378988	-0.0969919968	0.109843222	0.0014224454	0.0647425796	-0.0984456557	-0.0287112301	-0.0612689781	-0.1614604664	-0.1025099218	0.0206685729	0.1271588546	-0.0572501215	0.1249221666	-0.1211274862	0.0212356124	-0.023857073	0.0728470284	-0.082503574	0.021428658	-0.1459741789	-0.2129944301	-0.0418276641	-0.0415192248	-0.0165677012	-0.0731112076	-0.0605737851	-0.0724261746	-0.114243118	0.0540792131	0.1861204323	-0.0249232407	-0.0144789116	0.0488362164	0.0435670757	-0.1294134759	0.1437738989	-0.0038638755	-0.0091795652	-0.0605895859	-0.0187096978	0.0617017321	-0.0122715309	0.0213103085	-0.0236504158	0.0132571828	-0.0036567296	0.0018121859	-0.1200502254	0.1092251284	-0.0944828417	0.0634932296	-0.0928762394	0.0405460702	-0.1140746201	0.1109488906	0.0616009311	-0.0050684204	-0.0045401403416747	-0.0154969953303519	0.0002401568642689	2.061287432210206e-05	-0.0001773532454762	0.0215051128444089	3.145417368094125e-08	0.0004624698784507	-0.0070587646803517	-2.398717853699904e-06	4.9826158812580633e-05	5.753847341658674e-12	-0.000351000124025	-0.0001329994160615	1.768884467272658e-08	1.2320108706556537e-07	-7.002819780499436e-06	-0.0001160011392554	1.3456264308573771e-08	4.9039484878154176e-11	1.5998811144449357e-05	-1.3050108998129011e-08	1.703053448630477e-16	2.5596195803575687e-10	0.0	0.0	0.0
891.4330498292403	-1.0854591736990642	1.1782216177674552	794652.8823278608	1093.5955430051113	-2.389519614361916	1195951.2116806442	5.70980398742032	842.1787921327533	-2.081071610884237	4.330859049628313	709265.1179181833	881.7974960279165	728.92958239655	1.225556	16.926544	0.1027445579789002	0.0465074889473964	0.0191838735	-0.0287984644	0.1440903725	0.0131884147	-0.135721819	-0.0672978998	-0.0116053494	-0.0741920475	0.0177551867	-0.0205542124	0.1086154669	0.0773022722	0.0003998767	0.0426833269	-0.0190846599	-0.0900775982	0.0380364128	-0.0790342892	0.1551775356	0.064878388	0.1341701118	-0.0441659227	-0.027093752	-0.0379354241	0.1069210847	0.0685412538	0.0637260825	-0.1000654337	0.0651676996	0.1360708644	0.0258277926	0.0079725574	-0.0316987231	0.0089225293	0.0180589384	-0.1001373401	-0.1468092844	0.0650384055	0.2135673885	-0.0156034858	-0.1190002546	-0.015211464	-0.0850587679	-0.0994635058	0.0242829466	0.0637349098	-0.0762414834	-0.0535818721	-0.05378499	-0.0451386098	0.0395830701	-0.0512734349	-0.0142446324	0.0115530131	0.1004358222	0.0779074428	-0.0300320175	0.0513382635	0.1194061019	-0.0063492886	0.0281648478	-0.09331122	0.1206491164	-0.1018205437	-0.0291362242	-0.0800975751	0.0675532733	-0.0540945288	0.1273792025	-0.0445743317	-0.0027999794	0.0143438585	0.0074809811	0.0596441455	0.1345084307	-0.0540181991	-0.0133476801	-0.0382917221	0.0272213516	0.0027384046	-0.0396883923	-0.0984215228	-0.1347334453	0.1091829923	0.0555787436	-0.0151740128	0.0109821455077678	0.0155222858494425	0.0002409413579918	0.0001206075199537	0.0299802848317796	0.0301576380772558	0.0008988174785946	0.0009094831343987	0.0205556479755557	0.0276144126559074	0.0004225346636949	0.0007625557863307	4.4001564092174034e-05	0.0003950016881171	1.560263336154172e-07	1.936137642557699e-09	-0.0002009999637353	-0.0001939971439548	3.763489186261961e-08	4.040098542159191e-08	1.6004406998365922e-05	5.595853916565553e-09	3.131358105554204e-17	2.5614104336934413e-10	0.0	0.0	0.0
890.8314330065771	-0.6016168226632317	0.3619428013114024	793580.6420325516	1096.6166140292553	3.021071024144021	1202567.9981649886	9.126870132922605	841.3876333525686	-0.7911587801846736	0.6259322154633006	707933.1495586365	881.1701379212194	718.8337033613404	1.185862	16.378313	0.0562163911111776	0.0310695483079663	0.0782662631	0.1732590217	0.0663348283	-0.0051985513	-0.1317567311	-0.0753299184	0.0619036362	0.0616146658	0.0648782197	-0.1035014679	0.0712801099	0.1133221478	0.0565913963	0.1024213362	-0.0311860752	0.05456573	0.0250804876	0.0226603236	0.0521446498	0.1044951008	0.0920109074	-0.1543190048	0.0750279136	0.0359397182	0.0827968609	0.1750330917	-0.1299642645	0.1038536445	0.0279851388	0.0865401624	-0.0088515429	-0.0618266787	-0.0333982799	0.1019256138	0.0455395084	-0.1414004462	0.000830926	0.1817623002	0.0968046921	-0.0655797199	0.0360167208	-0.1012195903	-0.01415495	-0.0432719898	-0.0225062434	0.0855681522	-0.1639777317	-0.0244960285	0.0528615778	-0.0870013361	-0.046056918	0.0424241121	-0.1117129218	-0.0657743416	0.0442031209	0.0970282619	0.1647207378	-0.0237149132	-0.0806694604	0.026314833	-0.0238870718	-0.1305656099	-0.0761449845	-0.1223920957	-0.0928054221	0.0205983358	0.0787686756	-0.0331636638	0.1280795626	-0.0574263546	-0.0428861834	-0.0414693904	-0.0568032501	0.1142975315	0.1797774145	-0.004147816	-0.0477850536	0.0333226503	-0.0718678881	-0.0762623232	-0.0181337216	0.0782284221	-0.0910059302	0.1073422654	0.0494042187	-0.0251860523	-5.768807611161719e-06	-0.0109879143153789	0.0001207342610021	3.327914125459738e-11	0.0257701082119581	-0.0042101766198214	0.000664098477256	1.7725587170091585e-05	0.0410752547567625	0.0205196067812068	0.0016871765533329	0.0004210542624553	-0.000266988144039	-0.0003109897081311	9.671459856351278e-08	7.12826690573898e-08	-0.0002010154005309	-1.543679560000728e-08	2.3829465839640417e-16	4.040719125059816e-08	0.000114973129967	9.896872296863407e-05	9.794808126042236e-09	1.3218820614408672e-08	0.0	0.0	0.0
893.7466276827072	2.9151946761301133	8.498359999737357	798783.0344942117	1099.5979649969872	2.9813509677319416	1209115.6846255157	8.888453592796186	842.9192773992365	1.5316440466679069	2.345933485693241	710512.908211251	882.1663210406994	727.1362061500549	1.132315	15.638763	0.0639343767850189	0.0328603480279355	0.0308761109	0.0993898041	-0.0084502303	0.0327581896	-0.2476156981	0.1203585947	0.1351548743	0.0841109966	-0.0405809102	-0.2403243643	-0.1212075635	-0.0726577497	0.081935321	0.1013399435	0.1024308315	0.0746148191	0.0070085332	0.1494989178	-0.1213889543	-0.0472145677	0.0543875112	0.0319084359	0.1937679524	0.0188953856	-0.0430554719	0.122263502	0.0437314756	-0.0168834938	0.0813971559	-0.1130896683	0.125272135	-0.041731966	0.1464527485	0.1465429468	0.1095199834	-0.1670024505	0.0533373852	0.1005228841	0.1448522758	-0.1215402244	0.0980919998	-0.0250008926	0.0649031786	0.156391024	-0.1361321073	-0.0556176336	-0.1568444375	-0.0703961176	0.1568246175	-0.072458236	-0.0710076185	0.0785497171	-0.004052942	-0.0686834252	0.0206177372	0.0632685381	0.0822862496	0.1473903309	0.185925425	0.0007148772	0.0261108459	0.0042017356	-0.1257508542	0.0037339387	-0.0795263284	0.0251378821	-0.0607065223	0.0487218271	0.1627828444	-0.0156879517	0.0213507275	0.017343944	0.074691754	0.0923850533	0.1821641327	0.0223112887	-0.1361012288	0.1008050773	-0.0074896974	-0.1235435783	-0.0248152701	0.0707694453	-0.04095563	0.1054279714	0.0430942802	-0.0350428114	0.0109822756290327	0.0109880444366438	0.0001207371205416	0.000120610377992	0.0017465821304938	-0.0240235260814643	3.050549138560261e-06	0.0005771298053867	0.0271016696846118	-0.0139735850721506	0.0007345004996938	0.0001952610797686	-6.699838901010429e-05	0.0001999897550288	3.9995902116517705e-08	4.488784129949264e-09	-0.0002010005950106	1.4805520300015642e-08	2.1920343135417526e-16	4.040123919461524e-08	1.599326662099485e-05	-9.897986334600516e-05	9.797013347993854e-09	2.557845772102281e-10	0.0	0.0	0.0
896.5872909406933	2.84066325798608	8.069367745272089	803868.7702763714	1103.190219246073	3.5922542490857268	1217028.6598401985	12.904290590074458	843.6384101636482	0.7191327644117109	0.5171519328504294	711725.767103448	882.012857785015	741.6370335479281	0.983903	13.588998	0.0726048148354198	0.0378207545831078	-0.0729609445	0.0903338091	-0.0424671535	-0.0042234046	-0.1488990028	0.1107858642	0.1767146195	0.0828450664	-0.1012200679	-0.0633591243	-0.2119507329	-0.0587911949	0.1133129618	0.0816655686	0.1604707151	0.0457273047	0.0184311022	0.1178440901	-0.116923183	-0.03779625	-0.0717917326	0.0840701894	0.072941666	-0.0755010458	-0.0040642258	-0.1343739908	0.1084013252	-0.0804553943	0.1096134522	-0.1645693427	0.0440818848	-0.0515786237	-0.0562902793	-0.0194450449	0.0600164638	0.0988399628	-0.0533378023	0.0525992573	0.0891838716	-0.1575065137	0.0966060723	0.0374095824	0.0486910017	0.1876208493	-0.125414091	-0.1012662851	0.0019094149	-0.1032967044	0.0572787832	0.0210987534	0.054704888	0.0518746962	0.0084151089	0.002895872	0.1246501224	-0.0075350951	-0.1399282073	0.0612739809	0.1687242284	-0.0028390509	0.0231224695	-0.0535715748	-0.0659543685	0.0670050782	-0.0068861525	0.0828563699	-0.0664618918	0.1074189475	0.052227234	0.0035168537	0.0589132126	0.0381397306	-0.0076337871	0.0335943138	0.1713370796	0.0729734657	-0.1125953514	0.0559034766	0.0601628986	-0.1467398071	0.0718951442	0.082591679	0.0049246464	0.1034414224	0.0366662233	-0.0446835199	-0.0021705850755893	-0.013152860704622	0.0001729977447151	4.711439570371008e-06	0.030175465491979	0.0284288833614852	0.0009105587176576	0.0008082014091809	0.0092292891402792	-0.0178723805443326	8.517977803487557e-05	0.0003194219863214	3.800285780928096e-05	0.0001050012468193	1.102526183362546e-08	1.4442172016724264e-09	-0.0003589995755204	-0.0001579989805098	2.496367784213616e-08	1.288806952238274e-07	1.6006843791410535e-05	1.3577170415683271e-08	1.8433955649650504e-16	2.56219048162618e-10	0.0	0.0	0.0
896.361627002457	-0.2256639382362664	0.0509242130203014	803464.1663624919	1099.8180211817964	-3.372198064276517	1209599.6797162425	11.371719784710292	844.0771654533618	0.4387552897135265	0.1925062042516006	712466.2612397819	882.7515295736445	746.5393649286299	0.8998439999999999	12.428027	0.0838711213785149	0.039127509982929	-0.1227438618	0.0926395182	-0.0800026782	-0.0660820176	-0.1767092367	0.0895352311	0.2290335658	0.1010335375	-0.0947167038	-0.0136739698	-0.0789317151	-0.0480937929	0.0199337273	-0.0072441117	0.1497978398	0.082230224	-0.056440096	-0.015554822	-0.0101131521	-0.125883178	-0.1002360928	-0.0252329783	0.142385093	-0.03165959	0.0446901725	0.0320415294	-0.0655450784	-0.1342564728	0.0038978406	-0.1496943927	-0.017344176	0.0038910581	0.1240608301	-0.145480625	-0.0070896455	0.0882621371	0.0408343168	-0.0611281737	-0.0493821383	-0.1292314185	0.145343521	0.0911022757	-0.0241523827	0.0201263517	-0.046914059	-0.1095340154	0.1175534448	0.0230469423	0.1415259978	-0.0584746909	0.0305000533	0.031607701	0.1524816812	0.0313072774	0.061849847	-0.0291209447	-0.0286585267	0.0432413423	0.098814816	-0.0463162221	-0.0338822419	-0.059481459	-0.0300156808	0.0812379406	0.0736593126	0.1286678225	-0.0178076593	0.1803228071	0.0762166783	-0.035003838	0.1332955284	-0.0076606688	0.0576122284	-0.0356724683	0.1308956086	-0.008348355	0.0248193712	0.1456536866	0.0470763996	-0.1147449638	0.0842992673	0.1835186726	-0.1242167813	0.1013839798	0.0301376669	-0.0540487397	0.0027772262157412	0.0049478112913304	2.4480836574617583e-05	7.712985453400185e-06	0.0433515038523211	0.0131760383603421	0.0018793528862578	0.0001736079868732	-0.0172621044113867	-0.0264913935516659	0.0002979802487096	0.0007017939323092	-0.0002669932120811	-0.0003049960698903	9.302260264857815e-08	7.128537529738325e-08	-0.0008390022103976	-0.0004800026348772	2.3040252948905458e-07	7.039247090520586e-07	1.5887985055463433e-05	-1.1885873594710201e-07	1.412739911094292e-14	2.524280691226294e-10	0.0	0.0	0.0
897.9298011769506	1.5681741744936062	2.459170241548703	806277.927841678	1100.9576234208776	1.139602239081114	1212107.688568547	1.2986932633186885	844.8092840946082	0.7321186412464158	0.535997704860498	713702.7264924444	882.8117112453629	747.8557640687743	0.876193	12.101374	0.0390725059695422	0.0252278724306626	-0.1576993545	0.1011775087	-0.0403285981	-0.1046277756	-0.1429623483	0.0322855647	0.229158293	0.0629944484	-0.0613207087	0.0575306273	-0.0082146349	-0.0271401624	0.0839763413	-0.0052925942	0.2127641639	0.1121896666	-0.0059767185	-0.1016196482	0.076237154	-0.15318687	-0.119005666	0.0322329274	0.0959166858	0.0651274612	0.0373300175	-0.0320806757	-0.1573160691	-0.0247530706	-0.0058985428	0.0350235449	-0.0474382868	0.0127490813	0.0831450106	-0.0522009073	0.078174012	0.1150128043	-0.0024461341	-0.1328363139	-0.0095282338	-0.1465509203	0.1516908886	0.12430584	-0.1309346476	-0.0678079684	-0.0141555138	-0.092482357	0.1465234895	0.0934995567	0.0491724351	-0.055978819	0.0003503779	0.0013379687	0.0642158275	-0.1045443178	-0.0182804649	-0.0816072155	-0.0075350934	-0.1210288234	0.0421593295	-0.0340120955	-0.0192303295	-0.1284993121	0.03840818	0.0881111888	0.0811565427	0.1982103876	0.0383434203	0.1391571971	0.0254516243	-0.0540279988	0.0852812002	0.0026495538	0.0186579538	-0.0103772746	0.0617681585	0.0204463398	0.0031456137	0.039125166	0.0390574506	-0.0634181226	0.0428499047	0.1007321163	-0.0551161324	0.0992570537	0.0235265052	-0.063080731	0.0007649588560951	-0.0020122673596461	4.049219926697088e-06	5.851620515183239e-07	0.0499153221614392	0.006563818309118	0.0024915393864802	4.308371079511397e-05	-0.0173457177615716	-8.361335018490165e-05	0.0003008739246641	6.991192329142993e-09	0.0001659336352395	0.0004329268473206	1.874256551309541e-07	2.7533971303795435e-08	-0.0008390134354923	-1.12250946999971e-08	1.2600275102390295e-16	7.039435449365918e-07	-0.0001594300815411	-0.0001753180665965	3.0736424475157056e-08	2.5417950900201798e-08	0.0	0.0	0.0
897.7133792868832	-0.2164218900674086	0.0468384345003495	805889.3113506754	1104.627213790569	3.6695903696913774	1220201.2814467154	13.4658934813317	844.4979964747573	-0.3112876198508729	0.0968999822724215	713176.8660498792	884.4740930233362	755.0726382981485	1.059541	14.633655	0.0470905109126729	0.0289971785951856	-0.0996583558	0.083161211	-0.1277534268	0.0805268511	-0.0704122588	-0.0267816341	0.0842993614	0.1627746113	0.0369432452	0.161727795	0.1133779206	-0.1418615588	0.055805935	-0.0508764959	0.1467433112	0.1400638323	0.0850825227	0.0161409065	0.1051931079	-0.0243701365	-0.130212767	-0.0293050107	0.0807622309	-0.0063201986	-0.0758350429	-0.0018773875	-0.0576202	-0.0450948897	0.0046887648	0.0738535563	0.0123094883	0.0701735681	0.109508547	0.0928743688	-0.1008025866	-0.0022407772	0.0029617224	-0.0160816409	-0.0488764436	-0.0537219218	0.1756259319	0.0846183625	-0.1595964119	-0.0882153577	-0.0340350428	0.0699586336	0.0983160037	-0.0153727169	0.088694276	0.0199394282	0.117160734	-0.0256345203	-0.0384772284	-0.0446791432	-0.1078452969	-0.0552247538	0.064195251	-0.0858079771	0.0622556636	-0.0906528503	0.012810249	-0.0506233228	-0.0202016933	0.094248028	-0.0135675869	0.187805861	0.1452775982	0.0014094096	0.0243523298	-0.0821337875	0.1659803273	0.0596383862	-0.0023541369	0.0159008397	-0.0735321067	0.0738831029	-0.0779109794	0.1015321076	-0.0258078114	-0.0011135301	0.1208461553	-0.0028382475	0.0724428455	0.0970621018	0.016850859	-0.0717238087	-0.0005765777649315	-0.0013415366210265	1.7997205055554671e-06	3.324419190134041e-07	0.052652928892769	0.0027376067313297	0.0027723309209869	7.494490615422226e-06	-0.0377717986099241	-0.0204260808483525	0.0014267087702286	0.0004172247788234	0.0004420065787186	0.0002760729434791	7.621627012121434e-08	1.9536981563052198e-07	-0.0008389961548769	1.7280615399999782e-08	2.9861966860270963e-16	7.039145478982232e-07	1.6185428603681323e-05	0.0001756155101447	3.0840807403411795e-08	2.6196809908486547e-10	0.0	0.0	0.0
895.652831868344	-2.0605474185391586	4.24585566404839	802193.9952337842	1106.9914789078084	2.3642651172394835	1225430.1343744968	5.589749544595429	843.6495205041134	-0.8484759706439036	0.7199114727601144	711744.5134468204	883.6757810340738	749.2923033664475	1.140164	15.747161	0.0720803996886803	0.0373130698505759	-0.0178624394	0.0472382737	-0.1226621101	0.1543149725	0.1378068072	0.0654594975	-0.0669025082	0.1902339241	-0.0069112993	0.1144369476	0.1031968624	-0.2264727922	-0.1301953458	-0.0600274592	0.0288625387	0.0886528795	0.0118127798	0.0865051381	0.0264020545	0.2029834574	0.1074627676	0.0048450799	0.1005366852	-0.1404164021	-0.0345221465	-0.00095401	0.0181694448	-0.0529431812	0.0786774534	0.1223342318	-0.029011658	0.1266248485	-0.0645946492	0.0360713919	-0.1331731983	0.0229440776	0.1118039954	-0.1171506863	0.0141028004	0.0155327229	0.161992184	0.0276787212	0.0020575464	0.0324588022	0.0546519885	0.1695879524	-0.0310712936	-0.2182329743	-0.0480001983	0.0670320495	0.1466899479	-0.150621673	-0.0065200722	-0.0751609899	-0.1587590615	-0.0450977623	0.0281692015	0.0809995939	-0.195196123	-0.072753991	0.0450850867	-0.0051716432	-0.1037429304	0.0753791813	-0.0768004386	0.0072923581	0.1139943947	-0.0123715114	-0.0729180082	-0.0822644799	0.1134754846	0.0880133179	-0.1361713658	0.0318425285	-0.0328887801	0.0786706356	-0.0075359162	0.0606143755	0.0576473462	0.032973161	0.1406888158	0.0101273947	0.0214595425	0.0948006283	0.0101290257	-0.0799246852	0.0109356748107813	0.0115122525757128	0.000132531959367	0.0001195889835671	0.0277195733084738	-0.0249333555842952	0.0007683747444038	0.0006216722206929	-0.0147094621386258	0.0230623364712983	0.0002163682764076	0.0005318713635153	0.0004504046019706	8.398023251999999e-06	7.052679454113264e-11	2.0286430547629465e-07	-0.0008390506339419	-5.447906500000069e-08	2.9679685232742988e-15	7.040059663183043e-07	-0.0002268111702268	-0.0002429965988304	5.904734704318187e-08	5.1443306939650446e-08	0.0	0.0	0.0
893.417023807754	-2.2358080605899886	4.998837683799166	798193.978429505	1104.6480403169674	-2.3434385908410604	1220247.2929761163	5.491704429043135	842.9839112252901	-0.6656092788233536	0.4430357120557449	710621.8745846878	883.6100134219763	746.8175978215772	1.122893	15.508622	0.0581922765556346	0.0337681237393145	0.0752758478	-0.0562452318	-0.1457226807	0.0749487147	0.15173403	0.0029431305	-0.2114714351	0.0896000573	-0.0394701411	0.0636092269	-0.01083486	-0.0281597703	-0.0803927659	-0.1378879268	-0.090884792	0.0414677624	-0.0384116481	0.1077798379	-0.0462133834	0.099098799	-0.0680276002	-0.1140766561	-0.0259922396	-0.0926514204	0.0383127778	-0.0164970827	0.0795462208	-0.0171058973	0.1146257914	0.0283939544	-0.0265796492	-0.0981605841	-0.0795867477	-0.0867639159	-0.0299557227	0.1507045536	0.0898325574	0.1412240882	0.086101673	0.155051142	0.0807808434	-0.0001296814	0.0866018727	0.0532120219	0.0219442763	0.1201805967	0.0020001924	0.0062181014	-0.0342037771	0.0969979163	0.0846753957	-0.078093598	0.0259417094	-0.0806445246	0.0071244272	-0.0346491925	0.0713610805	0.134825786	-0.1803882918	-0.057793687	0.1074084291	0.0748150438	-0.1097639456	0.0297944093	0.0619391784	-0.047071246	0.0459613291	0.0085052029	-0.1600629778	-0.0496235379	0.0129797598	0.0084793675	-0.063993394	-0.0675506125	-0.087187618	0.0493795201	0.0315497017	0.0106001652	0.0355796787	0.033147598	0.0976676424	0.0192290896	0.0541546128	0.0924741833	0.0033794295	-0.0876327994	0.0108724834261551	-6.319138462620132e-05	3.9931510909765125e-09	0.000118210895852	-0.0019058998798158	-0.0296254731882896	3.632454351881881e-06	0.00087766866163	-0.0072754012681173	0.0074340608705085	5.293146361212282e-05	5.526526102642559e-05	0.0003250060692734	-0.0001253985326972	1.5724792002610744e-08	1.0562894506454609e-07	-0.0007859970864656	5.305354747630004e-05	2.8146788998200213e-09	6.177914199324118e-07	1.6127771843907964e-05	0.0002429389420707	5.901932957443479e-08	2.601050246491505e-10	0.0	0.0	0.0
891.2396300474046	-2.177393760349446	4.741043587608701	794308.0781670347	1092.540253334857	-12.107786982110383	1193644.2051569934	146.59850560416166	841.6939022179806	-1.290009007309436	1.664123238939477	708448.6250309316	882.9892367476937	738.0825613808277	1.313393	18.139679	0.0455608579310927	0.0261598278675764	0.0895053381	-0.1344464311	0.059453753	0.0022813633	0.0722744084	-0.217492911	-0.12930299	-0.1515719125	0.1066674783	-0.004788249	-0.0035282516	0.0814787427	0.0194905025	-0.0111117343	-0.1809093111	-0.143488269	0.0304145105	-0.0423545155	-0.061649987	-0.0233469491	-0.0800723081	0.0411645814	-0.0558830646	-0.185986012	-0.1209711772	-0.0766313833	-0.0223503141	-0.0500836728	-0.0717910736	-0.1261380073	-0.0195984885	-0.1002223083	0.111452303	0.0262027542	0.2064294489	0.0089222766	0.0039124072	0.124080642	-0.0290592502	0.1189500758	-0.2041630626	-0.0736253129	0.0111145959	0.025548393	0.0425849038	0.0040191731	0.0912243202	-0.0200447977	-0.0254746462	0.0397560561	0.0668821196	0.1766303069	0.0238165386	0.127639299	-0.0946332775	-0.0976926325	-0.0267818763	0.0629191276	-0.0376306795	-0.112894093	0.1043770487	0.0096741226	0.0801423732	-0.0999330306	0.0676244305	-0.0954908429	0.0691209097	-0.0281728602	0.0422066114	-0.0114472321	-0.0349417192	-0.0773391257	-0.0120832276	-0.0025816294	-0.2127003073	0.0271603263	-0.0332453553	0.0051104237	0.0524736819	0.0553158772	0.1983572143	0.0568985919	-0.009384405	0.090084361	-0.0033794295	-0.0948006283	-0.0080449067643115	-0.0189173901904666	0.0003578676516183	6.472052484646493e-05	-0.0170394190077445	-0.0151335191279287	0.0002903418001214	0.0002290234011953	-0.0071694942959936	0.0001059069721237	5.140164846028476e-05	1.1216286744410242e-08	0.0005000063644649	0.0001750002951915	3.062510331711214e-08	2.500063645054064e-07	-0.0008389956484804	-5.29985620148e-05	2.808847575636601e-09	7.039136981690469e-07	1.6209747449081788e-05	8.197560517382445e-08	6.719999843614752e-15	2.6275591236301353e-10	0.0	0.0	0.0
888.967710395614	-2.271919651790654	5.161618904192566	790263.5901260201	1094.4719268149518	1.931673480094787	1197868.798586033	3.7313624337015057	840.7172399347479	-0.976662283232713	0.953869215489336	706805.4775235004	881.180195142638	721.1329642623218	1.212776	16.750025	0.0396930074804818	0.0218969275536298	0.1377860508	0.0403795593	0.1553655183	0.0239756039	0.0352470374	-0.1223513074	-0.0675527391	-0.0530350399	0.1345549076	-0.0548262355	0.0821996684	0.1208575914	-0.0565787134	0.0643897758	-0.1894328603	0.041600952	0.0305007425	-0.1476623388	-0.0024475569	-0.0489921752	-0.0320575271	-0.0500620996	0.056681219	-0.0891779024	-0.0953266152	-0.1078209363	0.0227577878	0.0660612138	-0.0736207342	-0.0460278818	-0.1172407094	-0.07626239	-0.0352557695	-0.1369875518	-0.120651136	0.0955018071	0.098574772	0.0951533342	-0.1719793431	0.0376791663	-0.0686067449	-0.1849847926	-0.0056916182	-0.1402888208	0.0500449929	-0.0397132017	0.0426900674	0.0058473008	0.0850817933	0.0529928157	0.0230735828	0.009518747	0.0175262104	0.0671733957	-0.1124456116	-0.0997010586	-0.0790746728	-0.0714821461	-0.1153289496	-0.0844290582	0.117874589	-0.0977358786	0.0564296894	-0.1699649735	-0.0501245233	-0.027094523	-0.0020526493	0.0278343894	-0.0093319415	-0.0251830605	-0.0254648236	0.0258173936	0.1213565325	-0.0449609344	-0.2196192927	-0.0419822175	-0.0326743787	-0.0929988779	0.1013337804	0.0334092941	-0.0163499319	0.0276735897	0.0436828015	0.0876327994	-0.0101290257	-0.1013839798	-0.005979023412209	0.0020658833521025	4.267874024494262e-06	3.574872096374336e-05	-0.0044057102676617	0.0126337087400828	1.941028296257973e-05	0.0001596105965292	0.0111961025669558	0.0183655968629493	0.0001253527126897	0.0003372951481323	0.0006320068901458	0.0001320005256809	1.7424138780033947e-08	3.994327091917654e-07	-0.0008389951915226	4.5695779994116276e-10	2.0881043092706778e-19	7.039129313980442e-07	1.67651353173254e-05	5.553878682436103e-07	3.084556841921819e-13	2.810697622082314e-10	0.0	0.0	0.0
890.1762127125628	1.2085023169488522	1.460477850070744	792413.6896792819	1096.4338880173702	1.961961202418479	1202167.270792887	3.849291759795364	842.4754031094637	1.7581631747158326	3.0911377489268554	709764.8048444535	882.0496768591539	714.0121436403758	1.03251	14.260316	0.0640351662285886	0.0378251037103325	0.1668149397	0.1056497671	0.1304083442	-0.0593111257	-0.0513330801	-0.0662311566	0.0073577931	-0.0058778194	0.1151756476	-0.185720998	0.177410189	0.0796667591	0.0030219877	0.0522946733	-0.0329125753	0.0608650139	0.0027977655	-0.0946364277	0.0060316087	-0.0219450561	-0.0602951026	-0.1061495111	0.0831216378	0.0144396959	0.0256442516	-0.0391305808	-0.0693196654	0.1947290768	-0.0151067312	-0.0937294292	0.0536745972	-0.0828255529	-0.0568254483	-0.0441357845	0.2121120988	0.0541051247	-0.0734502962	-0.0366682895	-0.1294676761	-0.010833239	-0.0166300045	-0.1058885868	-0.0582991687	-0.0837536508	0.0502889377	0.0242606783	-0.0628306622	0.0760844411	0.0969218426	-0.135464965	-0.0501746133	0.1294407805	-0.0560916185	0.0450504121	0.062791075	-0.0653984609	0.0121907111	0.0101401594	-0.1283401555	-0.0582785061	0.1156483855	-0.0968066713	-0.0463883938	-0.1264984408	-0.0463651758	0.0388944816	0.0628066767	-0.0001424294	0.0580145691	-0.0343093656	-0.1886260905	0.1411273862	0.0907755177	-0.1197058387	-0.1029377279	-0.0037243334	-0.0649084518	-0.1385578623	0.0488019254	0.0526586666	-0.0393221678	0.0419980313	0.0633039445	0.0851211787	-0.016850859	-0.1073422654	-0.0060196708935364	-4.064748132739937e-05	1.6522177382612804e-09	3.623643766648932e-05	0.0181734942911475	0.0225792045588092	0.0003302758947503	0.0005098204785085	0.0112255508964835	2.9448329527699893e-05	0.0001260129929295	8.672041119720013e-10	0.0002430030384136	-0.0003890038517322	1.513239966624875e-07	5.905047667824157e-08	-0.0004009981360388	0.0004379970554838	1.91841420612479e-07	1.6079950510659196e-07	1.6048725354838767e-05	-7.164099624866314e-07	5.132432343500966e-13	2.575615855150447e-10	0.0	0.0	0.0
892.8211621445278	2.64494943196496	6.995757497651766	797129.6275731052	1099.5169940055684	3.083105988198213	1208937.6201070412	9.50554253446368	843.85285653779	1.3774534283262485	1.8973779472077348	712087.6434869879	883.7186389419268	726.3295369931121	0.982012	13.562879	0.0556165757586632	0.0337820467918003	0.119819644	0.099822447	0.0289558345	0.1079633473	-0.0238715044	0.0229599089	0.0458837353	0.0478503388	0.0436672502	-0.130872971	0.0311125692	-0.0614790961	-0.066813397	-0.0152711244	0.0385458772	0.0843506039	0.0289711401	-0.026347255	-0.051896773	0.0720163895	-0.0442960984	-0.0132827502	0.0548620655	-0.1418431165	0.0149625576	0.1299595574	0.0451008338	0.1870977092	-0.0797443295	-0.0962433561	0.000230354	-0.020337207	-0.1429874374	0.0040767408	0.0460499916	-0.0952879387	0.0099014355	0.0821698593	-0.072409197	0.0087584608	0.086485808	-0.0300728173	-0.0166094628	0.0334183724	0.0763133628	-0.0184977708	-0.0364642336	-0.0619168678	0.0604998694	-0.1513422597	0.0114584693	0.1136975213	-0.1850496968	0.0292431036	0.0771715511	-0.0213718748	-0.0183724569	0.0422240109	-0.1218132958	-0.0903834517	0.1163323494	0.0019582158	-0.1140999024	-0.0162260014	-0.1034607071	-0.0129535179	0.0052908468	0.0455796622	0.0570170434	-0.0325845108	-0.0400355293	0.1356503076	0.0414412259	-0.0157570475	-0.1360454171	0.0414770017	-0.0530972769	0.0483723594	0.0336822612	0.0232432519	-0.0397347027	0.0750745935	0.1199879367	0.0825512202	-0.0235265052	-0.1126387502	-0.0059126010564227	0.0001070698371136	1.1463950019554244e-08	3.4958851252410825e-05	0.0139700163869065	-0.004203477904241	0.0001951613578504	1.7669226491442314e-05	0.0112430964464351	1.754554995160064e-05	0.0001264072177038	3.078463231041132e-10	0.0004388822075032	0.0001958791690895	3.8368648883232096e-08	1.9261759206288189e-07	-0.0009720535000328	-0.000571055363994	3.261042287463198e-07	9.448880069260166e-07	-0.0002427863909087	-0.0002588351162635	6.699561741115964e-08	5.89452316104721e-08	0.0	0.0	0.0
892.7118700318492	-0.1092921126785313	0.0119447658937367	796934.4828957613	1105.187959516809	5.670965511240638	1221440.425860928	32.159849829680795	843.5459220192649	-0.306934518525054	0.0942087986622067	711569.7225553318	884.1341619191679	729.68275828148	0.815486	11.26293	0.0491724845041747	0.0261504177177476	0.1384975484	0.0824131145	-0.0262693766	0.123333732	-0.006077622	0.0794931612	-0.001444676	0.128713553	0.0328061395	-0.0987498969	-0.0401620551	-0.0324301718	-0.1064227167	-0.0494873353	-0.0218808051	0.1134253833	-0.007500866	0.0108615625	-0.0513560598	-0.0408005776	-0.0139685105	-0.0073413341	0.0126822381	-0.1400136374	0.0780745478	-0.0894952359	-0.0886023502	0.0960147064	-0.1019449182	-0.0033377814	0.1432226369	0.1572675684	0.0719317131	0.118323338	-0.1017424554	-0.0557507369	-0.0141839646	0.2312651232	-0.0299367626	0.0478956138	0.1222182714	-0.0505223558	0.0494440005	0.0095244506	0.0403622714	-0.069537548	-0.0028142293	-0.0679120285	0.0680495531	-0.0856040311	0.1243030881	0.0587302215	0.0011461807	0.0394020804	0.090619863	-0.1733714272	0.0692611391	-0.0506510377	0.0405357096	-0.0702764833	0.1519062365	-0.0033163885	-0.1173406145	-0.0015245771	-0.0413995379	0.0261069878	-0.0039457931	0.0903114801	0.0292546433	-0.0331105676	0.0159658692	0.11845922	-0.0141895543	-0.0561219621	-0.1481480031	-0.0446393866	-0.0323501659	-0.0530787409	0.0219510422	-0.0290317656	0.0453952027	0.0511480117	0.1177326804	0.0799246852	-0.0301376669	-0.1172407796	-0.0059323262758113	-1.972521938860012e-05	3.890842799284061e-10	3.519249504268117e-05	-0.0038942909887538	-0.0178643073756603	1.516550230508905e-05	0.000319133478012	0.0112948080660686	5.171161963350018e-05	0.0001275726892493	2.6740916051198012e-09	0.0006490070273178	0.0002101248198146	4.415243990211812e-08	4.212101215078876e-07	-0.0008169950416698	0.0001550584583629	2.404312550991018e-08	6.674808981130383e-07	1.6765136703546994e-05	0.0002595515276122	6.736699548585101e-08	2.810698086886186e-10	0.0	0.0	0.0
893.3318799607608	0.6200099289115997	0.3844123119489668	798041.8477542272	1106.4318123675407	1.2438528507316278	1224191.3554189207	1.5471699142731972	842.475771817294	-1.0701502019709324	1.1452214547784274	709765.4260991452	882.9399922688802	730.1983825911337	0.920173	12.708798	0.0020415088298794	0.0018039055889339	0.1182965741	0.0283934853	-0.0299102503	0.1401109799	-0.0297906011	0.1275767069	-0.0561714355	0.117490574	-0.021195191	-0.0444965361	-0.0134639607	-0.1047893052	-0.0604833753	-0.0040877626	-0.0676808923	0.1075055421	0.0283968813	0.1151216045	0.0436580636	0.0389397821	-0.038376804	0.0177819917	-0.0104201122	-0.1128677733	-0.1032718984	-0.0265368568	-0.0431199648	0.0866622794	0.0515936757	0.1941286132	0.0425148745	0.0332472046	-0.0978244161	0.248703817	-0.0536711902	0.0412443775	-0.1307227151	-0.1069132328	-0.0786017393	0.0433881599	0.0975867734	-0.0877408327	0.0824484286	0.0325758105	-0.0502928354	0.0343393994	0.0357063543	-0.0749713598	-0.0197069432	-0.0536483967	0.207153165	0.0411667909	-0.0918811195	-0.0553131542	0.0598638827	-0.0342476537	0.0327455172	-0.0853103235	0.0369786001	-0.0631473819	0.0917076046	0.0836629575	-0.0371760871	-0.0553568642	-0.0526717636	0.0674051667	-0.0850196361	0.0763684196	-0.0043380382	-0.1468272445	0.065084393	0.1955425275	-0.0871196275	0.1348716571	-0.1387778488	0.0658236983	-0.0696958198	0.0746465802	-0.2376114221	0.0439226424	-0.2073400132	-0.0963282142	0.0306996874	0.0772433738	-0.0366662233	-0.1211199807	-0.0059431742069051	-1.0847931093799744e-05	1.1767760901582728e-10	3.532131965362206e-05	-0.0056795584285964	-0.0017852674398426	3.225738394384041e-05	3.1871798317621517e-06	0.0112495076816969	-4.530038437170099e-05	0.0001265514230805	2.052124824223851e-09	0.0006530071290092	4.000101691399973e-06	1.6000813541540924e-11	4.26418310536838e-07	-0.000816994891132	1.5053779999895514e-10	2.2661629228525428e-20	6.674806521357886e-07	1.676674596577405e-05	1.6092622270565472e-09	2.5897249154309986e-18	2.8112377028080037e-10	0.0	0.0	0.0
894.656283733508	1.3244037727471325	1.7540453532668376	800409.8660238511	1105.4742291389628	-0.9575832285779596	1222073.271290384	0.9169656396537892	843.7572470925071	1.2814752752130971	1.642178880982483	711926.2920211261	884.4112653192484	734.8445947926435	1.074943	14.84637	0.0719185283171402	0.0448779172570185	0.0429986563	0.0306799137	0.0473652229	-0.0075811943	0.0535249966	0.0233801888	-0.0025819	0.0553183438	0.0202954041	-0.1083428128	-0.054047287	0.0848321141	0.0253513209	0.06615198	0.0150740688	0.050724671	0.0289867025	0.0699991465	-0.0706053131	0.0382853058	-0.0257503187	0.0060430788	-0.0480867748	-0.0350975289	0.1391388649	-0.0781008562	-0.0298871233	0.1768669689	0.1192474626	0.1271631664	0.0351475345	-0.036263275	-0.0299638517	-0.0070693605	-0.0971475787	0.006557767	0.0066975917	-0.1656543262	0.0058517469	-0.0273187601	0.0220917707	-0.0724680549	0.0367897709	0.0608158842	-0.0381540054	-0.004204787	-0.0688207912	0.054001998	-0.0422366011	-0.0419030207	0.0727774282	-0.0166409811	-0.0169609686	-0.028586005	0.1312515153	-0.0547204211	0.0079161151	-0.0636236386	0.0299619092	-0.0112851692	0.0392577064	0.0470282543	-0.0268378358	-0.0538108622	-0.1342915282	0.0038571231	0.0498145814	0.0667868284	-0.0501727925	-0.0157702409	-0.1204307444	0.1148736062	-0.0193554299	0.0407697773	-0.0028098598	-0.0182017541	0.016212032	0.0024452207	0.0139551686	0.0045773583	-0.2663989968	-0.0277103998	0.0414757371	0.0745091236	-0.0430942802	-0.1242524367	0.007039548810269	0.0129827230171741	0.0001685510969406	4.955524745215969e-05	0.0224842734675405	0.0281638318961368	0.0005055425533631	0.0007932014270738	0.0110652662122561	-0.0001842414694407	0.000122440116348	3.3944919061704743e-08	4.200653823618554e-05	-0.000611000590773	3.733217219249726e-07	1.7645492545881174e-09	-0.0008169993229778	-4.431845799959637e-09	1.9641257194619878e-17	6.674878937461836e-07	1.601712989681996e-05	-7.496160689540901e-07	5.619242508341832e-13	2.565484501316038e-10	0.0	0.0	0.0
894.7718431598083	0.1155594263003649	0.0133539810068694	800616.6513116006	1097.5915361120346	-7.882693026928109	1204707.180144776	62.13684935678104	842.5588980934837	-1.1983489990234375	1.4360403234604746	709905.4967565053	882.3079106552796	734.6375981195649	1.061716	14.663693	0.0494684123049043	0.027467243163477	-0.0308324267	-0.060794934	0.1637874885	0.1343689131	0.0815984443	0.1028183659	0.0349146573	-0.0850663885	0.0490272668	-0.0647757689	-0.0704839806	-0.022368765	-0.0802878758	0.1350623983	-0.0604895702	-0.1131073633	-0.0172004529	-0.0242405318	-0.1109815212	0.0738231875	-0.008045144	-0.0024904594	0.0131840653	-0.0462593644	-0.0521715953	0.083111933	0.013983203	0.104253823	0.0711617192	0.1167999537	0.0086791042	0.0743758829	0.1438877617	-0.0994771081	-0.1352275824	-0.0287350077	-0.0565905636	-0.0024065297	-0.0132916458	-0.050700949	-0.1368839583	-0.0650803247	0.0953278196	0.0703150386	0.0742293889	-0.0785484205	-0.0571835208	-0.0675743486	0.0361142358	0.0125884456	0.0766377708	-0.0378893	-0.1319277167	-0.1169475342	-0.05346362	0.0125702869	0.0607165487	-0.0490205078	-0.0006092192	-0.0221468512	0.11136578	0.073091461	0.0945476079	0.0644439312	-0.1491763434	-0.1446292006	-0.0523511389	0.0963371008	-0.0299459415	0.0127522903	-0.0922863183	0.099627574	-0.0087100496	0.0567940104	0.0343080898	-0.1266529169	0.08387272	-0.0684945823	0.0445818679	0.0693692402	0.0363750715	-0.0826071353	-0.0648836829	0.0717238087	-0.0494042187	-0.1266188352	0.013475199717746	0.006435650907477	4.1417602602909534e-05	0.0001815810074331	0.0044177200469164	-0.018066553420624	1.951625041292704e-05	0.0003264003525002	0.0110903379748776	2.507176262149871e-05	0.000122995596397	6.285932809487798e-10	0.0003919458096345	0.0003499392713983	1.224574936667832e-07	1.5362151769004372e-07	-0.0008170257792388	-2.6456260999985732e-08	6.999337460993664e-16	6.675311239407684e-07	-0.0001328398667275	-0.0001488569966243	2.2158405444012804e-08	1.7646430192179966e-08	0.0	0.0	0.0
895.7444775207313	0.9726343609229388	0.9460176000479738	802358.1690088878	1097.5952481533618	0.0037120413271622	1204715.3287688398	1.3779250814560825e-05	844.7125546542081	2.153656560724471	4.638236581551557	713539.2999904385	883.7810242610907	737.1636388550943	1.070268	14.781808	0.0287632734383954	0.0124150596968501	0.0145530964	-0.1564668358	0.0325064796	-0.0200866881	-0.0547096786	0.0487029779	0.0047167981	-0.1246658136	-0.0383550307	-0.0213122684	-0.0431400508	-0.0374780118	-0.0439599773	-0.0593961981	-0.0096063974	-0.1843269754	-0.0340357159	0.0459934813	0.0487191753	-0.0472000402	0.0183894021	-0.0306241768	-0.0972629565	-0.0729765101	0.0618304652	0.1968008383	-0.0617738519	-0.0956746844	-0.0101557649	-0.015867424	0.1367430769	-0.0802440069	0.0263270442	-0.0883394244	-0.0599500187	-0.1175400309	-0.0095889348	-0.024196786	-0.0050731457	0.0322620105	-0.1409186808	0.1070727507	0.0711419776	0.0352996055	-0.0231287299	-0.0560716825	0.068645545	-0.0338483093	0.0402482911	-0.0662203457	0.1000910984	0.029204146	0.0137048235	0.0201485567	0.0866977111	0.1446101186	0.0602962314	0.022085669	-0.028411437	0.0035873162	0.1006776406	0.1499747238	0.0944983548	0.0394129063	0.0897475969	0.0009445058	-0.0650735083	0.0328101628	0.030882192	0.0456647014	-0.0600850933	0.0285436473	-0.0256024053	-0.0782636897	0.1098313493	-0.0264528382	0.073466652	-0.0484669513	0.0093439729	0.0441017349	-0.100870315	-0.007461826	-0.0446278934	0.0688893378	-0.0555787436	-0.1282045865	0.0165462536830744	0.0030710539653283	9.431372457959286e-06	0.0002737785109446	0.0073949232657497	0.0029772032188333	5.468489010632621e-05	8.863739006231362e-06	0.0143343799707764	0.0032440419958988	0.0002054744491465	1.0523808471155071e-05	0.0005649293429989	0.0001729835333644	2.9923302815232504e-08	3.191451625811689e-07	-0.0006760589858172	0.0001409667934215	1.9871636847568044e-08	4.5705575230418106e-07	-0.0002083090251082	-7.546915838069999e-05	5.695593866691178e-09	4.33926499415287e-08	0.0	0.0	0.0
896.8769961801025	1.1325186593712715	1.282598513824102	804388.3462770437	1099.6955963134765	2.100348160114663	1209330.4045512527	4.411462393697051	844.6556498209635	-0.05690483324463	0.0032381600465991	713443.1667744741	883.9851666816376	748.0768777398921	0.994811	13.739642	0.03623798489103	0.0189348243704381	0.0064178861	-0.1529679206	-0.0436878193	-0.1514918677	0.0952532526	0.1359135063	-0.0724026902	-0.0881240951	-0.1463224777	0.0618978426	-0.0104582795	-0.0519370572	0.0743035307	-0.107962223	-0.0279262182	-0.1118326413	-0.1384325176	-0.0047137505	0.0843065313	-0.1005592161	-0.0213783249	-0.0173865141	-0.089129997	0.0431242731	0.0782178217	-0.0116233782	-0.0613501881	0.0383610717	0.0036144686	-0.1743394616	-0.0524275032	-0.0132943292	-0.0813233872	0.0341074657	-0.201256744	0.2071460783	0.1020374211	-0.0932756151	0.1365080172	0.0633341111	-0.0404867938	0.1471470903	0.1201234087	-0.0704911372	-0.0686707809	-0.0189716682	0.1205407105	0.0907917543	-0.0247138111	-0.0265655977	-0.0138786395	-0.0840826749	-0.0010930199	-0.0099174208	-0.0046150964	0.1415456199	0.0817538553	-0.0494202466	-0.1113302512	0.0106039855	0.105281437	0.082284949	0.0209746076	0.0611233341	0.1180153625	0.0260506078	-0.0319797641	-0.0431212784	-0.1663688157	-0.0358894162	-0.0339414376	-0.0614431674	-0.0428021634	-0.068967927	0.079601231	0.0496411358	-0.0758106631	-0.0392535022	0.0345761145	-0.0032691867	-0.0059212535	-0.049889409	0.0739182082	0.0660076536	-0.0616009311	-0.1289999139	0.0135720346805072	-0.0029742190025672	8.84597867523183e-06	0.0001842001253688	0.0082170913639174	0.0008221680981677	6.752059048296593e-05	6.759603816446934e-07	0.0267792665012365	0.0124448865304601	0.0007171291143442	0.000154875200756	0.0006298261610194	6.489681802049991e-05	4.211596989185882e-09	3.966809931044351e-07	-0.0007601448710246	-8.408588520740002e-05	7.070436091112054e-09	5.778202249450058e-07	-0.000459260547077	-0.0002509515219688	6.297666637845711e-08	2.1092025010146533e-07	0.0	0.0	0.0
896.2801432609958	-0.5968529191067091	0.3562334070461999	803318.0952039512	1103.102324790143	3.406728476666558	1216834.738957418	11.605798913730847	843.7045713482481	-0.9510784727153804	0.9045502612626208	711837.4037139311	884.0630438222826	747.3687230864567	0.797764	11.018175	0.0743712977564433	0.0364791729823255	0.0304987432	-0.1405892662	-0.0811588291	-0.062466892	0.0956057464	0.0820277566	-0.1404580782	-0.0319943749	-0.1518509455	0.1058323546	0.0261820529	-0.0093567471	0.0089617872	-0.0848755449	-0.0556341302	-0.0621045346	-0.0613110534	-0.0026980697	0.1271768642	-0.1219633201	-0.1758627865	0.0095604259	-0.0811291986	-0.0289506027	-0.044372856	0.0830242373	-0.0913527325	0.0843112496	0.0378976683	-0.0161195152	-0.0549165388	0.0899641931	-0.0625935338	0.0389950121	0.067717673	0.0809858321	-0.0192204593	0.1061157239	-0.065462974	0.0828891885	-0.0191944908	0.0968612811	0.1130965112	-0.0947229891	-0.059579529	0.0777447885	0.1476868841	0.0863559971	-0.0357876357	0.0416813138	0.1168862989	-0.0378213329	-0.1165112694	-0.0127260888	0.0504817503	-0.0222206	-0.0613895405	-0.1179107469	-0.0835717884	-0.0280862037	0.1527288605	0.1246294338	0.0302712614	0.0463249758	0.0774494314	0.0806279981	-0.0440091249	-0.0354057843	-0.2165038953	0.0065674599	0.040471584	-0.0545134748	-0.0334094262	0.0155063095	0.0176750673	0.0729635815	0.1037035422	-0.0623874203	0.034917192	0.0778193991	0.1490388567	-0.0468826219	0.0104662851	0.063080731	-0.0674542747	-0.1289999139	0.0094798608920569	-0.0040921737884502	1.6745886314879674e-05	8.986776253274985e-05	-0.0035843174236447	-0.0118014087875621	1.284733139344298e-05	0.0001392732493711	0.0112904010077556	-0.0154888654934809	0.0001274731549159	0.0002399049542751	0.0010734306619529	0.0004436045009335	1.9678495324845968e-07	1.1522533860206412e-06	-0.0008770862946843	-0.0001169414236596	1.367529656755743e-08	7.692803683230347e-07	-0.0001600294779312	0.0002992310691458	8.953923274213853e-08	2.5609433806932426e-08	0.0	0.0	0.0
895.64588729492	-0.6342559660757843	0.4022806305027264	802181.5554283046	1099.033935611806	-4.068389178336929	1207875.5916263754	16.551790506409034	843.6585744222006	-0.0459969260475645	0.0021157172058251	711759.7901960997	884.7892653267338	750.5315386661842	0.8977579999999998	12.399214	0.0661377358810681	0.041427003631315	0.0259779657	-0.1746093638	-0.0646650884	-0.0972026715	0.0827286222	-0.0147964527	-0.1264284925	-0.1271195579	-0.1229936902	0.1171016061	0.0296740051	0.0037596691	0.1180199227	-0.0879450847	-0.0969309848	-0.107753242	-0.0367198478	0.0591569631	0.1190957475	-0.0876114465	-0.1025788935	-0.0024696516	-0.0080061345	-0.0174887153	-0.0047343947	-0.0024592746	-0.0227146822	0.0313817164	-0.0337483337	0.0850798074	0.0044308673	0.1751962952	0.0253440091	-0.0412233172	0.1463149398	-0.0565390694	0.0947274682	-0.0221781823	0.0849837897	0.1186126653	-0.1066604589	0.0900966551	0.0386193753	-0.0583937175	-0.0739866844	0.0776119487	0.0844799411	0.1439757335	-0.0304942423	-0.0237173008	0.0037842897	0.0098187481	0.0029122445	-0.0416050236	0.0698298463	-0.1324048498	-0.0155609045	-0.0123511369	0.0702813279	-0.0637232842	0.1150268928	0.1048388884	0.0690519463	-0.0009396772	0.0993201321	0.0617860495	0.0405919609	-0.0532208148	-0.119379568	0.0168543727	-0.0171601464	-0.0533992536	0.0537276969	-0.1476230875	-0.022490285	0.1753946552	0.0656332735	-0.0179826067	-0.0093722544	0.0581105726	0.1575646133	0.0206344916	0.0005375425	0.0601105761	-0.0731227308	-0.1282045865	0.0136152068802175	0.0041353459881606	1.7101086441795973e-05	0.0001853738583911	0.0345695402699988	0.0381538576936434	0.001195053114479	0.0014557168569067	0.0006683564805456	-0.01062204452721	4.46700385087301e-07	0.000112827829938	0.0010740084945559	5.778326029998691e-07	3.338905170896044e-13	1.1534942463782304e-06	-0.0009639911868248	-8.690489214049999e-05	7.552460277951937e-09	9.292790082758864e-07	1.7017550766381534e-05	0.0001770470286975	3.1345650370642264e-08	2.8959703408637275e-10	0.0	0.0	0.0
894.545596594831	-1.10029070008909	1.21063962470254	800211.824387202	1094.5019356585562	-4.531999953249851	1197934.4871603264	20.539023576256657	843.506040353486	-0.1525340687145444	0.0232666421186133	711502.4401128168	882.8956024841692	739.2121171097257	1.068648	14.759432	0.0599845130494941	0.0247042264611377	-0.0032055622	-0.1868322899	0.0601182523	-0.0285687038	-0.1311408308	-0.0835561072	0.0048553723	-0.1401886897	-0.0154595584	0.0901365447	0.1170607388	0.0077534873	0.0231207105	0.0525672791	-0.0611387432	-0.1993515741	-0.0145556721	0.0502857611	-0.0224013142	-0.0137454135	-0.099785932	-0.0800356875	0.0763135846	-0.0348632534	-0.0622581913	0.0361370264	-0.0189147215	-0.0561166811	-0.0387307868	-0.0515913671	0.1682021805	0.04068764	0.0154352751	-0.0539320663	-0.0912393583	0.0054158041	-0.0285269672	-0.1320821614	-0.1065504243	-0.0327234313	-0.1949939057	0.0543804167	0.0248182889	-0.0096701339	-0.0102205393	0.0753020389	0.0329399273	0.0577536179	0.135523212	-0.0299131827	0.0828649346	0.0477101867	0.0564747016	0.0639787245	-0.1511369896	-0.0012386399	0.0856734581	0.0847218822	0.0461500797	-0.0611753583	0.1366294617	0.125251347	0.1456049427	0.0382481718	0.048113928	0.023338306	-0.0453358751	-0.005210567	0.1751913422	0.0610434492	-0.0593944944	-0.041566769	0.0702361787	-0.0113310043	0.1144287917	0.0231586202	0.1068034305	-0.1199513672	0.1099886932	-0.0469975627	0.2798970647	-0.15005146	-0.1136239117	0.0570992244	-0.0785907625	-0.1266188352	0.0250763653840238	0.0114611585038062	0.0001313581542493	0.000628824100873	0.0257405823218022	-0.0088289579481965	0.0006625775782654	7.795049845102385e-05	0.0083444944079928	0.0076761379274472	6.963058692502312e-05	5.89230934811934e-05	0.0011978081220547	0.0001237996274988	1.532634776884165e-08	1.4347442972602071e-06	-0.0011182086565777	-0.0001542174697529	2.3783027976986662e-08	1.2503905996453049e-06	-0.0003453305253828	-0.0003623480761491	1.312961282890131e-07	1.192531717611607e-07	0.0	0.0	0.0
898.277117412626	3.731520817795058	13.9242476136379	806901.7796671367	1097.3145072125374	2.812571553981116	1204099.1277390935	7.910558746263746	845.372456221147	1.866415867660976	3.4835081910566736	714654.589737375	884.5504833197443	746.5455747647072	1.14811	15.856911	0.1404000533668251	0.077816391355089	-0.093349702	-0.1899051126	0.0363748304	-0.1406922277	-0.086358507	0.0454591029	0.0526176726	-0.1440928764	-0.0592102169	-0.021249249	0.0362871132	-0.0711624049	0.1271082947	0.0918496548	0.1097963125	-0.2184859871	0.0800656243	0.1685521166	0.0323792613	-0.0939160213	0.0218518665	-0.0048977005	-0.0212024843	-0.0614252037	0.012765056	0.148240626	-0.1363374963	0.0653222747	-0.0914946732	-0.0110161854	-0.0123843349	0.0944225692	-0.0822705137	0.0074379204	0.0625934006	-0.1213904779	0.0011896786	-0.0623190606	-0.0337785009	-0.0793410849	-0.1822759754	0.1198966105	-0.0378177264	0.1121000291	-0.148720237	0.0031107329	-0.0199016481	0.0477029061	-0.0753839352	-0.0827257269	0.0354803342	-0.0162304032	-0.0604711401	0.0937639749	-0.0493821839	-0.0668198233	0.1168466379	0.0035010475	-0.1499617288	0.0256622479	-0.013803178	0.1212028324	0.1660795168	0.0321186596	0.1257459487	0.0419209298	-0.0295223008	0.0266762198	0.0313686281	-0.0380044928	-0.139057627	0.1020964421	0.0197886788	-0.010643069	0.2271963596	-0.0226542919	-0.0484312957	-0.0316276439	0.1239669564	-0.1786024012	-0.0826412417	-0.0312989396	-0.0092502456	0.0540487397	-0.0838433825	-0.1242524367	0.0136209370836439	-0.0114554283003798	0.0001312268375451	0.0001855299270365	0.0137628440326551	-0.0119777382891471	0.0001894158758671	0.0001434662145233	0.0262425422021976	0.0178980477942048	0.0006886710212341	0.0003203401148436	-6.20432721727676e-05	-0.0012598513942274	1.5872255355368935e-06	3.849367621904119e-09	-0.000596995405268	0.0005212132513097	2.716632533408285e-07	3.564035139111036e-07	-0.0001450183912581	0.0002003121341247	4.0124951077591816e-08	2.1030333803087373e-08	0.0	0.0	0.0
900.2161248526274	1.9390074400014328	3.75974985238091	810389.0714446814	1101.707955023583	4.393447811045689	1213760.4181622453	19.30238366838216	847.0020090738932	1.629552852746201	2.655442499893282	717412.4033752114	886.2378341386903	754.3724789619446	1.126935	15.56445	0.057700196060208	0.0285024549237587	-0.1242132327	-0.180269893	-0.0685625642	-0.1280601819	-0.0269537439	-0.0131186734	-0.0581921046	-0.1197429527	-0.1828264301	0.2074660959	-0.0198601749	-0.0205485015	0.1485788729	-0.0964245877	0.1592203886	-0.1487726222	0.0984869311	0.0932681271	0.1354147604	-0.0681585973	-0.0867245502	-0.0499106856	-0.0809128271	0.0362740076	0.0390660138	-0.0396448666	0.0722177118	-0.0466590789	-0.0889993951	0.0215656865	-0.2180742725	-0.1942019733	0.0263806547	0.0600444149	-0.0421192163	-0.0420400278	-0.0419725247	0.094934934	0.1474695034	0.0324378576	-0.0806241742	0.2210461258	-0.0904850985	0.0379283649	-0.1338146344	0.0861981587	0.0340710529	0.0907188596	-0.0816724706	0.0415439658	0.0467808605	-0.0251980318	0.0222248601	0.0559473265	0.1506767489	0.0762487307	-0.1127052012	-0.0991661474	-0.0050847527	0.0141223015	-0.0245038207	0.1000896699	0.1808043475	0.0642917909	0.1317289464	0.1365816551	0.0463701177	-0.0739148893	-0.0688067866	0.0072197658	-0.0346763174	0.0002587451	-0.0067812801	0.0527029282	0.0719477033	-0.0789171303	-0.0764871613	-0.0375370218	-0.0445895231	-0.0824705975	-0.1052260208	-0.170810886	0.023067631	0.0509612127	-0.0888661936	-0.1211199807	0.0135012566546919	-0.000119680428952	1.4323405074134992e-08	0.0001822839312558	0.0254940380585821	0.011731194025927	0.0006499459765324	0.0001376209132739	0.0081867078315269	-0.0180558343706707	6.702218511878389e-05	0.000326013154821	0.0001288624112073	0.00019090568338	3.6444979946810626e-08	1.6605521022159275e-08	-0.0007280247967698	-0.0001310293915017	1.7168701437331952e-08	5.300201047117085e-07	-0.0003789530610694	-0.0002339346698113	5.472542973972196e-08	1.436054224938684e-07	0.0	0.0	0.0
896.9275193156925	-3.288605536934938	10.81492637755913	804478.9749058019	1096.202598993829	-5.505356029754012	1201660.1380408255	30.30894501434885	843.9457514907375	-3.056257583155684	9.340710414596623	712244.4314592656	883.9638642365078	746.6066073517301	1.242662	17.16279	0.0636987705702094	0.039972947917363	-0.1040786553	-0.1117756369	0.0669252697	0.1064652928	-0.0734141107	-0.1643988528	0.0174793977	-0.0993083717	0.042383569	0.1765531423	0.0541187516	0.0171287682	0.0057752407	0.024021206	-0.0288849918	-0.1769110998	0.0050540187	-0.1504242636	0.0194131277	0.0526876737	-0.129094063	-0.0139380404	-0.1232607601	-0.1213876294	-0.0109146556	-0.0199832653	-0.0353790049	-0.0282131498	0.0022984371	0.0039470862	-0.2633886096	-0.0354076932	-0.0594041979	0.0091865888	-0.0912039289	-0.0761448718	-0.1114182672	0.0416115601	-0.0113145524	-0.0219486839	-0.1690307521	0.0453133019	-0.0539407808	-0.0306369909	0.1413694685	0.0769074939	0.0567674904	0.0331347003	0.0110887714	0.0492406143	0.1549573664	-0.0018101004	-0.1055146126	0.0835505679	-0.0175373761	0.0352888755	0.005721555	-0.1257037709	0.0774992046	-0.0467316013	0.0612702375	0.0847188244	0.2029597969	0.0566652446	-0.097692404	0.003423174	0.0958978181	-0.0666416384	0.0533818865	0.1259600695	0.1237885857	-0.012277205	0.0337955708	0.0519786288	0.0740257609	-0.0861964922	0.1542311946	-0.0247574966	-0.3083062979	0.0944998706	0.053158661	-0.0248327096	-0.0698696013	0.0478387595	-0.0936454286	-0.1172407796	0.0025894057511095	-0.0109118509035823	0.000119068490142	6.705022143878954e-06	0.0377528495751562	0.012258811516574	0.0014252776510443	0.0001502784597988	0.0083443358956998	0.0001576280641728	6.962794154026419e-05	2.4846606614895744e-08	0.0008258419851957	0.0006969795739884	4.857805265570516e-07	6.820149845119748e-07	-0.0008371560897184	-0.0001091312929486	1.1909639100633152e-08	7.008303185526018e-07	-0.0003776543262888	1.2987347805999716e-06	1.6867120303400562e-12	1.4262279016464745e-07	0.0	0.0	0.0
896.0199907206863	-0.9075285950061698	0.8236081507538725	802851.8237710989	1099.5427154541017	3.340116460272611	1208994.1831081796	11.15637796818404	843.2504597056995	-0.6952917850379663	0.4834306663412815	711071.3377938736	882.506563006707	744.0339842483179	1.249099	17.251694	0.067447992157736	0.0346401300894593	-0.0886270251	0.0288791545	0.1333658132	0.0013973442	0.1679783276	0.001466344	0.0653945216	-0.0666033502	0.0603557014	0.0956837093	0.0266078353	0.0711554892	-0.0575592227	0.1325099413	-0.0250119078	-0.0286178937	-0.0130854313	-0.0731609237	0.0169943512	0.118308852	-0.0425351284	0.0337718093	-0.0651663994	0.0526614896	-0.130815009	-0.090828158	0.0501580426	-0.0311209082	0.1253858025	0.1578474177	-0.1134749767	-0.0586550591	0.0830816005	0.0304562617	0.0176159109	0.0388541497	0.0340055292	-0.1297643549	0.0611018966	-0.126549788	-0.07089072	-0.0649867093	0.0119157561	-0.0254366161	0.0860530026	0.0768064275	0.030122443	-0.0698380964	-0.004262235	0.1758490894	-0.0453524532	-0.0389765411	-0.0200681031	-0.0906112576	-0.1025437275	0.1127998487	-0.0318582329	-0.0123122559	0.0567186571	-0.0136260645	0.0062991243	-0.0121753723	0.106715534	0.0362362805	-0.1712881226	-0.0278721304	0.0128180956	-0.0970455392	-0.1369531939	0.0739818543	-0.0095977868	-0.0497394544	0.062590704	0.1963003174	0.0390276022	-0.1562014299	-0.0493955775	0.0411298525	-0.0679983104	-0.0653249457	-0.0296379656	0.0503692267	-0.0306363803	0.0446835199	-0.098167988	-0.1126387502	0.0079487372224207	0.0053593314713112	2.8722433819386674e-05	6.318242343109636e-05	0.0155850840790918	-0.0221677654960643	0.0002428948457523	0.0004914098270885	0.0082544726753894	-8.986322031040092e-05	6.813631914875023e-05	8.075398364555652e-09	0.0005032183377583	-0.0003226236474374	1.0408601788581178e-07	2.532286954562265e-07	-0.0012311168280263	-0.0003939607383079	1.5520506332810577e-07	1.5156486442495384e-06	-0.0004576905799445	-8.003625365569998e-05	6.405801899239548e-09	2.0948066696993277e-07	0.0	0.0	0.0
897.444054522929	1.4240638022426992	2.027957712857934	805405.830998554	1099.4252833589594	-0.1174320951422487	1208735.9536889282	0.0137902969694981	844.1581315474077	0.9076718417081792	0.823868172229918	712602.9510576106	882.4198579368351	744.8879053485928	0.996661	13.765201	0.0339652131511227	0.0247888620226905	-0.1576331415	0.0085238334	0.1203889629	0.1027569998	0.0664331279	0.0835852598	0.0699122426	-0.0690853743	0.0382811814	0.0089892516	-0.0442959278	0.0236469552	-0.0213222	0.1458204056	0.0354207172	-0.045508839	0.0482145697	-0.0018685034	0.0125698317	0.1092859447	-0.0459643239	0.0908822887	-0.0350335888	0.1081632691	0.0663698527	-0.0097711167	0.2064988361	-0.0847103074	0.1106249843	0.0145841264	0.0679311582	0.0198977076	-0.1057734125	0.0378511293	0.0874842173	0.0794582467	0.0440253615	-0.0058986683	0.0839403328	-0.1397467522	-0.0732938887	-0.052915898	-0.0111049037	0.0973871138	0.0271349625	0.1183287973	-0.0003814787	-0.0775815483	-0.0369830337	0.090544237	-0.0996697234	-0.0526374928	-0.0725364213	-0.1420982546	0.1315360735	-0.0177182799	0.0023735674	0.1328029646	0.1082689384	-0.0168763277	-0.095040993	-0.0848709757	0.0774653186	0.1474277458	-0.1150461778	-0.076787994	-0.1283467277	-0.2046665598	-0.0959318235	-0.0023295531	0.0655767911	-0.0317603853	0.0231805269	0.105082196	0.0180118053	-0.0512556018	-0.1275474024	0.035455707	0.0004784697	0.0841193189	-0.1268138509	0.0878509864	-0.0136762217	0.0414976565	-0.1024214758	-0.1073422654	0.0063259505036654	-0.0016227867187553	2.633436734568597e-06	4.001764977482452e-05	0.0377442456809404	0.0221591616018485	0.0014246280820231	0.0004910284428968	0.0082299754935206	-2.4497181868799595e-05	6.773249662394964e-05	6.001119195130435e-10	0.0003002178917114	-0.0002030004460469	4.120918109524036e-08	9.013078250363793e-08	-0.001231066543136	5.0284890300072646e-08	2.5285701924903403e-15	1.5155248336288209e-06	-0.0004578152019803	-1.246220357999854e-07	1.5530651806932838e-14	2.095947591642629e-07	0.0	0.0	0.0
897.9476925848313	0.5036380619022793	0.2536512973966841	806310.0586184227	1098.3192368527675	-1.1060465061918876	1206305.1460408457	1.2233388738592812	843.7812482429273	-0.3768833044804296	0.1420410251960882	711966.7948863925	882.8340100222414	750.4651411682812	0.909224	12.55758	0.0888956671465381	0.0456556436069845	-0.1625516532	-0.0021242608	0.1079443853	0.1474277278	0.1511827844	0.0442922531	0.0465993726	-0.094070373	0.0561077665	0.0670620123	-0.1226098011	0.0710912003	-0.058083158	0.1301470432	-0.0141745397	-0.09063193	0.0232142734	0.0002022177	-0.072931023	0.1383801066	-0.0706556385	-0.0460449836	-0.0531940297	-0.0131881228	-0.0413501113	-0.1075289216	0.169806727	-0.1513800087	-0.0847807447	0.0150865892	0.0926135028	0.0492086016	-0.1770063293	-0.0437223253	0.1026458588	0.0664646851	0.0495069574	-0.1378294987	-0.0199028059	-0.1107425403	-0.1041015239	-0.0487709399	0.0098931278	0.1113170945	0.0888787802	0.0812772227	-0.0052077972	-0.084931303	0.0389730127	0.2372935222	-0.031005845	-0.0489818162	0.0298011316	-0.0343751735	0.0814438534	0.0179521476	-0.1808617537	0.1598677	-0.037295672	-0.0484430287	-0.1026978827	-0.0966256649	0.0393629779	0.2064335157	-0.1529096887	-0.1642894419	-0.0871734784	-0.1967354993	-0.084423415	0.000320202	0.1161904546	-0.0888284996	0.0019923579	-0.0609784858	0.0085907485	0.0525331414	-0.1034198077	-0.0213240868	0.0103022698	0.0483484163	-0.1388709869	0.0905761013	0.1254542501	0.0382833527	-0.1063942335	-0.1013839798	0.0137017016246261	0.0073757511209607	5.440170459835301e-05	0.0001877366274102	0.0735982980152414	0.035854052334301	0.0054167094707402	0.0012855130687907	0.0082716575703756	4.168207685499928e-05	6.842031896155197e-05	1.7373955309460663e-09	9.38225586903703e-05	-0.000206395333021	4.259903349286176e-08	8.80267251920798e-09	-0.0014780391428645	-0.0002469725997284	6.099546501665386e-08	2.1845997078396258e-06	-0.0009169309015192	-0.0004591156995389	2.1078722556309362e-07	8.407622781608129e-07	0.0	0.0	0.0
896.663989981674	-1.2837026031572805	1.6478923733527784	804006.3109298557	1103.2396580472905	4.920421194522987	1217137.7430883024	24.21054473151102	843.5873571222479	-0.1938911206793818	0.0375937666783066	711639.6290964991	884.2224275361067	742.9006696387903	1.181573	16.319077	0.073438112385962	0.0469483560979767	-0.067293492	0.1019915317	-0.0049629173	1.76487e-05	0.0572337527	-0.0426629223	0.013831964	0.0511400303	0.0570621056	0.0733775457	-0.0741180901	0.1091693539	-0.0408864707	0.0252078015	-0.0399194755	0.0646769068	-0.0184195801	-0.0380382313	-0.1626906358	-0.0141837772	0.0005235388	0.0344314025	-0.1553180189	-0.0424795726	0.0179159468	0.0377440814	0.1346449025	-0.0493241198	-0.1627847476	-0.0504092048	0.2118521383	0.0653176984	0.0946464125	0.0805003232	0.0837249442	0.0421003998	-0.0086982128	0.0956169694	0.1528631102	-0.0188530432	0.038047458	-0.0806273288	0.0542989141	0.1585009196	0.131154894	0.0005213072	0.0162851797	0.0816258683	-0.0771809106	0.0672520757	-0.0225519659	0.0811476235	0.0726950739	0.1329010247	0.015923403	-0.0429564957	0.0730837285	0.1258188741	0.072496906	-0.0179053074	-0.0762552183	-0.0554259547	-0.0947213378	0.1021688024	-0.0567410112	-0.0578767891	-0.2082000245	-0.0149333717	-0.0288016562	0.1500910012	-0.0338715623	-0.1262933094	0.0219327714	-0.1213072211	0.0223793372	0.0104101908	-0.0518132108	-0.0639674902	-0.0902595717	-0.033332554	-0.0615200455	0.0886358791	0.0728680586	0.0350428114	-0.1100753719	-0.0948006283	0.013619201669627	-8.249995499909867e-05	6.806242574853305e-09	0.0001854826541179	0.0314950752422191	-0.0421032227730222	0.000991939764513	0.0017726813678747	0.0287959968826498	0.0205243393122742	0.0008292094364655	0.0004212485042053	0.0002163647179975	0.0001225421593071	1.5016580807653952e-08	4.68136911941377e-08	-0.0013861002125776	9.19389302869e-05	8.452766902299456e-09	1.921273799307668e-06	-0.0009168509841999	7.991731929999844e-08	6.386777924097902e-15	8.406157272283254e-07	0.0	0.0	0.0
897.0467406879213	0.3827507062472932	0.1464981031328017	804692.8549788228	1106.0037808032746	2.76412275598409	1223244.363151138	7.640374610149081	843.6003832267993	0.0130261045513861	0.0001696793997836	711661.6065804026	883.2302371091063	742.1950953184669	1.151608	15.905213	0.0663911323201737	0.0361832303786651	-0.0627369987	0.0867372059	-0.0595648085	-0.0552883967	-0.1831883229	0.0319763602	0.052965782	0.0599523994	0.0897029402	0.0270753221	-0.1052018387	0.1123909632	0.0574155437	0.0599456937	-0.0215052136	0.0981081565	0.1134162322	0.0781342368	0.0639843221	-0.1199649756	-0.0132315509	0.1414224353	0.0529162204	0.0130572073	-0.0455738409	-0.1894438314	0.0255157857	-0.2333472424	-0.105959723	-0.0682544452	-0.0527696449	-0.0227563006	0.0799776978	0.0575900655	0.050213995	-0.0660753646	0.0354897404	0.0119162446	-0.0410658131	-0.0620926634	0.054873037	-0.1170635326	-0.0381666228	0.0194297367	-0.1640764981	-0.0498205489	0.18404224	-0.0489906721	0.0056417595	0.0254541684	-0.0359342635	-0.0320716995	0.1565737791	0.1863407776	-0.0148632709	0.0028279802	-0.0673442383	-0.0032573328	0.1689300795	-0.0521483493	-0.1159105697	-0.1159739121	-0.0082066094	0.0662770809	0.0824948118	0.0924929805	-0.2190478031	-0.0366373438	0.0570507966	0.0722855471	0.1400272215	-0.0849577031	0.0318097613	-0.1093730423	-0.0840962192	0.0512119754	-0.1032864115	0.0762039087	-0.0495382449	-0.0565220257	-0.0772348444	0.0255976016	0.0608856701	0.0317782535	-0.1134548014	-0.0876327994	-8.75674062683629e-05	-0.0137067690758953	0.0001878755184999	7.668050640568523e-09	0.0093560944360575	-0.0221389808061616	8.75365030964261e-05	0.0004901344711355	0.012767275460888	-0.0160287214217618	0.0001630033226941	0.0002569199104164	0.0005058652284871	0.0002895005104895	8.381054557373898e-08	2.558996293923059e-07	-0.0013862316897654	-1.3147718780012754e-07	1.728625091183e-14	1.9216382977098363e-06	-0.0009161497515502	7.012326497000477e-07	4.917272290053499e-13	8.393303672654932e-07	0.0	0.0	0.0
897.9450662289061	0.8983255409847288	0.8069887775855057	806305.3419648345	1101.3495863244889	-4.654194478785712	1212970.9112971227	21.661526246359404	844.2504697857481	0.6500865589488285	0.4226125341259286	712758.8557334564	884.1538113767996	749.5664063496376	1.07864	14.897436	0.1786275545662713	0.0896206064605996	-0.1112517257	0.0852811526	-0.0758636995	-0.0616026957	-0.097545848	-0.0349895462	0.0688303824	0.0796935736	0.1050667814	0.059845041	0.147544833	-0.0915731211	0.1922404983	0.0604085848	0.0396772388	0.0732325616	0.1734754149	0.0105478336	0.0002682012	-0.06905884	-0.0262877169	0.0926351614	0.0835273192	0.2054609732	-0.060882813	0.0664257226	-0.0068341805	-0.0889867229	-0.0161051776	-0.106179853	-0.1561513562	-0.0398799119	0.1141444837	0.0094658444	-0.0048682924	-0.0126088255	0.0941864278	-0.0758755878	0.0697031255	-0.0480912846	0.0511468393	-0.0547565156	-0.1805891319	-0.0269596257	-0.132124152	0.0621874118	0.0308219523	0.0852388442	0.0846833537	-0.0200204667	-0.0806908111	-0.0566381758	-0.0305677696	0.0873463608	-0.1759494643	0.059890616	-0.0297468367	-0.0846398837	0.0158797682	-0.0549863355	-0.2237110703	-0.2057595449	-0.0847950698	0.1304021549	0.0552756015	0.0463539039	-0.0783400873	-0.173626518	0.0777298939	-0.1223810853	0.0217091607	-0.0759764605	0.1309193215	-0.1471220337	-0.1168650118	0.0640038939	0.0353297136	-0.0877650501	-0.0464182337	0.1147599591	0.0608882446	-0.0014558351	0.0170231266	0.0284919163	-0.1165232592	-0.0799246852	0.0137906808587615	0.0138782482650298	0.0001926057749058	0.0001901828785482	0.0746890754175666	0.0653329809815091	0.0055784579867309	0.0042683984039302	-0.0076165288183744	-0.0203838042792624	5.801151124112774e-05	0.0004154994768952	-0.0004694140984297	-0.0009752793269168	9.511697655112864e-07	2.203495958045681e-07	-0.0019897849116281	-0.0006035532218626	3.642764916208454e-07	3.959243994542845e-06	-0.0009179676235801	-1.8178720298999904e-06	3.3046587170927118e-12	8.426645579412961e-07	0.0	0.0	0.0
897.4854849478477	-0.4595812810583766	0.2112149538992585	805480.1956920733	1104.1458705171626	2.7962841926737383	1219138.103380103	7.81920528619702	845.1739784009529	0.9235086152048098	0.8528681623575054	714319.0537660945	884.6058760589024	749.0808981283387	1.028079	14.199118	0.1770768422764181	0.0863217554250447	-0.1067992562	0.1314710515	-0.1173384656	0.0398187506	-0.0221474151	-0.0119608642	0.1175298058	0.1136755304	0.0178535216	-0.0089615401	0.0825842302	-0.0591391744	0.0013548236	0.0375837337	0.0977730911	0.0921373163	0.0616198675	-0.0249459402	-0.0139232322	0.1213985784	0.0889469466	0.2270371497	0.0419603464	0.0605117015	0.0266583039	0.0707492737	-0.0403054347	0.0127670137	-0.0164514257	-0.1743607768	0.0196852718	0.0975656715	-0.0361264829	-0.0596715589	-0.0666637722	0.0375008474	-0.0314563513	0.1229939362	-0.0801870529	-0.0863125005	0.1040678441	-0.0162543484	-0.0600345779	0.0713136652	0.0702480368	0.062080539	-0.0105641603	-0.0943438509	-0.0345862444	-0.12768021	-0.2200173884	-0.0595802195	-0.0914288233	0.1111314481	-0.1362047701	-0.049515442	-0.0476664892	-0.018454194	0.0203971027	0.0383138161	-0.2208219232	-0.1586274881	-0.1952203322	0.1625387318	0.1094353156	-0.0631995712	-0.0962619914	-0.0480680993	0.1319183605	-0.0434620266	-0.0741076451	-0.0934216586	-0.0548573124	0.0870362395	-0.1368803478	0.074707667	0.1730856701	0.0225619258	0.1775460222	0.1067169548	0.0023173657	-0.066209955	-0.1064520429	0.0251860523	-0.1192723348	-0.0717238087	0.0183095968946673	0.0045189160359057	2.042060213956658e-05	0.0003352413384452	0.0157539011705409	-0.0589351742470257	0.0002481854020911	0.0034733547635272	0.0296690673321222	0.0372855961504966	0.000880253556358	0.0013902156802979	-0.0008598077905404	-0.0003903936921107	1.5240723483982406e-07	7.392694366739645e-07	-0.0027134334045326	-0.0007236484929045	5.236671412829543e-07	7.362720840833376e-06	-0.0013306685554247	-0.0004127009318446	1.7032205914540126e-07	1.770678804396058e-06	0.0	0.0	0.0
895.9351326445304	-1.5503523033172542	2.4035922644011154	802699.7619067724	1102.3418350544382	-1.8040354627244144	1215157.5213111865	3.254543950767291	844.3663740678267	-0.8076043331262781	0.6522247588843404	712954.573656449	883.9093790594137	748.5484240660027	0.97184	13.422387	0.1090400269660669	0.0587558582702748	-0.0746860237	0.1448712774	-0.1294158567	0.0769051881	0.0106659061	-0.0176004512	0.0917842627	0.0930926447	0.0903753214	-0.0055303364	-0.0678842204	-0.0286274501	-0.042761806	-0.0202739623	0.0227431618	0.1574377143	0.0379854561	-0.0603555335	0.0114239966	0.1157677155	0.0011279228	0.1079958003	0.0678890525	0.1230678374	0.0393574151	-0.1442553716	-0.0591270879	-0.0717977242	-0.0398890149	0.0522918371	0.0600042965	-0.012534748	-0.0089315653	-0.0089359427	-0.138386335	-0.1384652215	0.0205853195	-0.0070881166	0.0370410088	-0.0259867022	0.1228437795	-0.0573702923	-0.0632018762	0.0137628145	0.0570220131	0.0127345904	0.0579099009	-0.0971740289	0.0886376153	0.0138999349	-0.1382871964	0.0136053739	0.109343208	-0.0240989407	-0.0215020582	0.0300147521	-0.1418665413	-0.0711287187	0.0601747746	0.0020212428	-0.16470623	-0.0260546382	-0.0881069094	0.0419578385	-0.014632217	0.0401617196	0.0949313528	0.0595021462	0.0776889021	0.0992270976	0.0270574447	-0.0489801733	-0.0096989619	0.1779623414	-0.034076942	0.058902843	0.048987982	0.1322417968	0.0620709189	-0.154461213	0.0051231448	-0.0349205144	-0.1302110845	0.0218629269	-0.1216944932	-0.063080731	0.0136943718875386	-0.0046152250071286	2.13003018664261e-05	0.0001875358213942	0.0227950182402736	0.0070411170697326	0.0005196128565744	4.957732958968118e-05	0.0086257006568217	-0.0210433666753005	7.440271182109429e-05	0.0004428232810311	-0.000698808712495	0.0001609990780454	2.59207031314688e-08	4.883336166589197e-07	-0.0017601787368519	0.0009532546676807	9.086944614550416e-07	3.0982291856655503e-06	-0.0009181159368727	0.000412552618552	1.7019966307411204e-07	8.429368735396357e-07	0.0	0.0	0.0
895.6877747492209	-0.2473578953095057	0.0611859283719483	802256.5898352112	1102.533327078312	0.1914920238737067	1215579.737318372	0.0366691952072482	844.8093940503669	0.4430199825402496	0.1962667049299631	713702.9122757481	885.1818244022394	747.7080168012362	0.93061	12.852947	0.0480417103425907	0.0236631951379843	-0.0499396974	0.1372415606	-0.1096285938	0.0221354108	0.033436479	-0.0466604513	0.0466443469	0.1210466038	0.0930467604	-0.0611709612	-0.0764614564	-0.0291372025	-0.0974737195	-0.0622230031	0.0007496515	0.121306882	-0.0559638155	-0.0411126042	-0.1212562321	0.0894802068	-0.0130727909	0.1614441189	0.0449121609	0.020010795	0.0786181378	0.100868906	0.0646332614	-0.1114247133	-0.1031493228	0.0360540559	0.1096803371	-0.0048699874	0.0014719433	-0.050477518	-0.0065718262	-0.0825648166	-0.1180206208	-0.1887659096	-0.0475743712	0.0178846543	0.1203575647	-0.0410483393	0.0571359815	0.1537774185	0.1557047745	-0.0692432633	0.0870985643	0.0137567734	0.0332391294	-0.1000185086	-0.1326974218	-0.0230587753	0.0840785029	0.0343725879	-0.0728111463	0.0610309179	-0.0155680171	0.0781601164	0.1000230091	0.0001393916	-0.0936717951	-0.0145723837	-0.1468635248	0.0783165399	-0.0123313094	-0.0296173294	-0.0059013965	0.1438791762	0.0490292491	0.1901111111	-0.0475782158	-0.0250602057	0.056022178	-0.0390916216	0.0398339321	0.0491205438	0.0546225329	-0.0161851422	-0.0668053999	-0.1130454641	0.0251322545	-0.0615283693	-0.2239309338	0.0185248178	-0.1237830955	-0.0540487397	0.0157843847183443	0.0020900128308056	4.368153632932452e-06	0.0002491468009367	0.0376112746396586	0.0148162563993849	0.0014146079800198	0.0002195214536923	0.0178342111769467	0.009208510520125	0.0003180590883039	8.47966659992528e-05	-0.0005230777354369	0.0001757309770581	3.088137629779448e-08	2.736103173097956e-07	-0.0017608316303181	-6.528934661999709e-07	4.2626987820661254e-13	3.100528030328698e-06	-0.0006559611955515	0.0002621547413212	6.872510839718534e-08	4.3028509006935326e-07	0.0	0.0	0.0
895.7430434959455	0.0552687467245505	0.0030546343645025	802355.5999713793	1099.871458013007	-2.661869065304927	1209717.224151658	7.085546920827326	843.4877273097183	-1.3216667406486522	1.7468029733368318	711471.5461221136	883.3588434615225	738.9574064567907	1.251806	17.28908	0.0635088004546271	0.0402979336813853	-0.082819621	0.0946341621	0.0687456415	-0.1195386735	0.0798180568	-0.0573601031	0.0660210544	-0.020977696	0.1229780462	-0.0184961071	-0.1018777517	0.0236733887	0.0550370068	0.0728636155	-0.0371001163	0.0843461005	-0.0085705195	-0.0201625029	0.0857987528	-0.0419547599	0.0625827287	-0.0357819834	0.018501201	0.1240346879	0.0347957445	-0.1809521637	0.065782915	-0.0241587197	-0.0483318718	0.1146517704	0.1363140989	0.0501470967	0.0106237593	0.0585550237	-0.0415435021	-0.0115654137	-0.0702241778	-0.0560515389	-0.0147279411	-0.0526491504	0.0167928579	-0.0981830242	-0.0499593172	-0.0430965958	-0.0643315979	-0.0684625488	0.1028480472	0.0060192537	-0.0687848645	0.0677503631	-0.1263181097	0.0272195549	0.1479780266	-0.1458168591	0.076550751	-0.0228668024	-0.0530122522	0.0887471756	0.0190846244	0.0156529648	-0.0783210029	-0.0780209492	0.0453790074	-0.0538435505	-0.0093595647	0.0339304951	0.0094687027	0.0645339674	-0.0704201091	0.1059471333	-0.0929356683	-0.0343033391	0.0140355514	0.1573163103	-0.0002503202	0.0115443911	0.0672586686	-0.0400812743	-0.0036053521	-0.1041643199	-0.1092995127	-0.0421901054	-0.039714554	0.0151740128	-0.1255324169	-0.0446835199	0.0221856514839942	0.0064012667656499	4.0976216205013936e-05	0.0004922031317692	0.0023260473991797	-0.0352852272404788	5.410496503230647e-06	0.0012450472614122	0.03590209922001	0.0180678880430633	0.0012889607284034	0.0003264485783366	-0.000523143625777	-6.58903400999793e-08	4.34153691849094e-15	2.736792531911058e-07	-0.0017608093744443	2.225587380014216e-08	4.953239186078541e-16	3.1004496531309267e-06	-0.0007309614174463	-7.500022189480004e-05	5.625033284269243e-09	5.343045937951041e-07	0.0	0.0	0.0
894.7126029311387	-1.0304405648067814	1.0618077575993186	800510.6418438135	1100.7270824675863	0.8556244545793561	1211600.110077605	0.7320932072742206	843.1294234767105	-0.358303833007767	0.1283816367480578	710867.2247321702	883.5032050414655	740.6802903289225	1.163795	16.073544	0.1169432461279916	0.0670804660963055	-0.009408544	0.1328880017	-0.0282857036	-0.0407693806	0.0955983151	-0.1864723134	0.0151672493	0.0514471076	0.0883577184	0.0651070522	0.0208178494	0.07778392	-0.0976267588	0.0354433526	-0.052692378	0.0964325262	-0.0737758083	-0.1266241697	-0.0099925477	-0.0173063742	-0.0121715594	-0.0093262288	-0.1150764064	0.0515118785	0.0326376779	-0.0357319784	0.0297921322	0.1202252404	0.0582401123	-0.0177197061	0.03419765	-0.1347819597	0.1047351155	0.0722530526	0.0729745976	-0.2065204348	0.1547152727	-0.0656460806	0.1258161796	-0.0169645434	0.0319768707	-0.0787287526	0.0250298744	-0.0522136418	0.1295809539	0.0049544331	0.0487465061	0.1224677596	-0.0068977134	-0.030333358	-0.0689025488	0.0452588729	0.0292108738	0.0741305775	0.0141364814	0.1311693631	-0.0214311878	0.0128899678	-0.1395108166	0.0675703143	-0.0578090245	-0.009772603	-0.0861658536	-0.0319372491	-0.1186987615	-0.0205581097	0.1803083981	0.0748245688	-0.0190731361	0.2106055287	-0.1346746095	-0.013623742	0.0191936564	-0.1524566433	0.1033306116	0.1011710663	0.1646769246	-0.0637580882	-0.0384316163	-0.1790873563	-0.1117290062	-0.0791673635	-0.0169834107	0.0118128082	-0.1269376627	-0.0350428114	0.0245895988184372	0.002403947334443	5.77896278677561e-06	0.0006046483700516	0.0616275813998328	0.0593015340006531	0.003797958789193	0.0035166719348306	0.0502830686341155	0.0143809694141055	0.0025283869912631	0.0002068122812894	-0.000793370502801	-0.000270226877024	7.302256506614402e-08	6.294367547147116e-07	-0.0014272957965884	0.0003335135778559	1.1123130661424345e-07	2.037173290958915e-06	-0.0005175659647504	0.0002133954526958	4.553761923128809e-08	2.678745278680123e-07	0.0	0.0	0.0
893.0835015937524	-1.6291013373862595	2.6539711674737	797598.140818958	1098.6703277263236	-2.0567547412626936	1207076.4890262673	4.23024006570657	844.8729675292968	1.7435440525863442	3.0399458633092125	713810.3312617602	886.6403721983328	735.613233359892	1.675213	23.136889	0.3189969608737649	0.1759145172047841	0.0204225814	0.1169766289	0.0093913659	0.0092000415	0.0542536567	-0.2485853678	-0.0177971646	0.0049928371	0.2865778917	0.0027959547	-0.0767772568	-0.0143627913	0.1081069865	-0.1063005252	-0.0103924472	0.1299487323	0.2026915814	-0.0847263128	-0.3056006892	-0.0624872626	-0.0116127275	-0.1407258945	-0.1671816828	0.1398518439	-0.0030708635	0.0323743681	-0.2279085814	0.0669987112	0.0031242402	0.1157644851	0.1178478451	-0.1370511433	0.0473516261	-0.0843734621	-0.0045430787	0.1954961059	-0.0794874154	0.0273855925	0.0559228331	0.1535723588	0.0669849516	-0.1257138826	-0.2285072523	0.2059814311	0.1490549239	-0.1377648199	-0.077212347	0.2849342926	-0.0359548611	-0.0010566437	-0.0359814557	0.1312592744	0.0578539543	-0.3252725294	-0.0349864935	0.0258539748	0.2136575372	-0.0824605748	-0.1107186683	-0.2411411375	-0.2825967734	0.0538754257	0.0819988851	-0.2912848358	-0.1158635659	0.010479039	0.056609576	0.1790213813	-0.0260053161	-0.19614199	-0.2237679371	-0.2934606086	-0.3952048758	-0.2311442407	0.0643621593	-0.0648433119	-0.0287989428	0.2846481928	-0.1510980912	-0.0198982438	0.101559629	-0.1445180426	0.1181697418	0.0084435077	-0.1279949812	-0.0251860523	0.0142392014543872	-0.01035039736405	0.0001071307255937	0.0002027548580586	-0.0076849260459255	-0.0693125074457583	5.905808833134415e-05	0.0048042236884183	-0.0887170033176829	-0.1390000719517984	0.0078707066776697	0.0193210200026051	-9.491746538343462e-05	0.0006984530374175	4.87836645477823e-07	9.009325234815508e-09	-0.0025269669849965	-0.0010996711884081	1.209276722614883e-06	6.385562143262301e-06	-0.0007261214211679	-0.0002085554564174	4.349537840151173e-08	5.272523182788907e-07	1.0	0.0	0.0
894.2128735685691	1.1293719748166495	1.275481057501259	799616.6632557577	1101.1007228770154	2.4303951506917656	1212422.801920286	5.90682058850605	844.982319502397	0.1093519731001606	0.0119578540208982	713995.120271651	886.7154581081942	737.5096022148631	1.686651	23.294868	0.2618683090466924	0.1625676102833161	0.0303213596	-0.1274310072	0.0286932047	0.0877784891	-0.1252775852	-0.0959541469	-0.1395818871	-0.0938183868	0.1272533186	-0.0968993374	-0.3708306711	-0.023694342	0.0263355543	-0.0891799004	-0.066207623	-0.0934040029	0.2127859786	0.061481607	-0.1859534912	-0.0922249042	0.2434465315	0.0391382927	0.0446757412	0.1933344432	0.0394426955	-0.0158569727	-0.0309361361	0.0536147491	-0.1012225441	0.0214497107	-0.0627158975	-0.0757121875	-0.1436981695	0.013108377	0.1102139832	0.163288755	0.052214104	0.1118954424	0.0498909752	0.1730495949	-0.1083906172	-0.0765226596	-0.1267034119	0.151082364	-0.1775329726	-0.2379460287	-0.1058374658	-0.1522729227	-0.0036698604	0.1443713174	-0.2140238966	-0.0618480518	0.0865085745	0.0109143068	0.129073395	0.055410543	0.1145885796	-0.1164249789	-0.0639221287	-0.0329279968	-0.2105382963	0.0488640834	0.1016291749	-0.1328022419	0.1394656665	-0.1906086139	0.010624775	-0.0122019509	0.0935076515	-0.0663568949	-0.0070828399	0.1298054596	0.0042131333	0.108443108	-0.0547336016	-0.0528501089	-0.1281941572	-0.0197332543	0.0052093963	-0.0112800667	0.1295386965	0.103130649	0.170294138	0.0050684204	-0.1287014744	-0.0151740128	0.0079360349990338	-0.0063031664553534	3.972990736389234e-05	6.298065150588941e-05	-0.0011550471255219	0.0065298789204036	1.3341338621764036e-06	4.263931871513128e-05	0.0311610024083393	0.1198780057260222	0.0009710080710925	0.0143707362568482	-0.0015672392544226	-0.0014723217890391	2.1677314504794884e-06	2.456238880603107e-06	-0.0016092847681425	0.000917682216854	8.421406511300719e-07	2.58979746497546e-06	-0.000919262574173	-0.0001931411530051	3.7303504984139446e-08	8.450436802751702e-07	0.0	1.0	0.0
895.7119380415043	1.4990644729351743	2.247194294016412	802299.8759500675	1101.3553608346492	0.254637957633804	1212983.6308392205	0.0648404894679149	845.570317216353	0.5879977139560424	0.3457413116175318	714989.1613573639	885.9682162542763	735.1079727286723	1.303691	18.005678	0.0760600712742659	0.0402093364245599	0.0428143181	0.0097328932	-0.0386124369	-0.1265278921	-0.0925123157	-0.0055367928	-0.1013694247	0.0446654227	0.0447447316	-0.0759955158	0.0226419484	-0.0713401528	0.1487866534	-0.0764497086	0.0289910841	0.0164388466	0.2011571196	0.018548878	0.0504595991	-0.0157446456	0.2072138727	-0.0136231284	0.0880812826	0.0310743053	0.0258756203	0.0955010397	0.0723784279	-0.0311434023	0.0509200352	-0.010531531	-0.2522741	0.1834243518	0.0337132456	-0.1596403723	-0.0380825333	0.0499092651	-0.0060131009	0.0821529471	-0.1396369036	0.0735426344	0.040185672	-0.0103030434	-0.1607204481	-0.0104869173	-0.1695107596	-0.008565914	-0.1216470112	-0.0998732884	-0.016714809	-0.0024679886	-0.1187794465	-0.2461613457	-0.078784447	0.1009925635	-0.1779360911	-0.0381480034	-0.0180747623	-0.0518872261	-0.0565597086	0.0397563516	-0.1906652963	-0.0491630614	-0.0131253768	-0.1252241267	0.1845762336	0.005918996	0.0706361189	0.0353891117	-0.025712569	-0.0673128859	0.0455329237	0.1491723918	0.0982952379	0.0610469211	-0.0064695583	-0.0821361292	-0.0781127846	-0.1047091885	0.0428556518	-0.0365058318	0.0911094187	0.0088744224	-0.0453532964	0.0016898595	-0.1290552057	-0.0050684204	0.0175130322819114	0.0095769972828775	9.17188769562449e-05	0.0003067062997072	0.0145736492057011	0.015728696331223	0.0002123912511708	0.0002473918882798	0.0393938393877846	0.0082328369794453	0.0015518745817105	6.777960473012206e-05	-0.0017840361960144	-0.0002167969415917	4.700091388355833e-08	3.1827851486895303e-06	-0.0022411805922002	-0.0006318958240577	3.992923324615598e-07	5.022890446854839e-06	-0.0009210006221379	-1.7380479648999988e-06	3.0208107282930278e-12	8.482421459783987e-07	0.0	0.0	0.0
897.7004295417291	1.9884915002248815	3.9540984464666007	805866.061199405	1104.643449499252	3.2880886646028102	1220237.150521607	10.811527066289491	845.0770780621153	-0.493239154237699	0.2432848632731206	714155.2678660026	885.9620981276411	738.652082784852	1.329896	18.367613	0.0564886631455434	0.0293686660226882	-0.0524180913	0.0765058646	0.0765321119	-0.0049481755	0.0609770101	0.0024196778	0.0543965118	-0.008882154	-0.0416857035	-0.0404352022	0.1390103135	0.0089697022	0.1948344879	0.0337094403	0.0613372789	0.0565481138	0.0506871161	-0.1139951195	0.0416422804	0.1116824525	0.0049882082	-0.1728850743	0.037335588	0.1066071346	-0.060121962	0.2577494775	0.1650487161	-0.0435471664	0.0468589037	0.0540121999	-0.0860225124	-0.1013711667	-0.0483619696	-0.0275180267	0.1107317467	0.0082981775	0.0004448571	-0.1273606582	-0.0630730004	-0.0385105124	0.0194935393	-0.004790613	-0.1645078701	-0.0529549571	0.0561513962	0.104703136	-0.1606635699	0.0844089389	-0.066646161	-0.0045455454	-0.0891007441	0.0451641224	-0.1133658197	-0.085922427	0.044485286	0.1785901115	-0.1488129386	0.1583612315	-0.0549653381	0.0355769748	-0.1419727799	-0.1020155047	0.0030384445	-0.0323792319	-0.0289912183	-0.0429856377	0.1220228832	-0.0239674654	-0.0085831577	-0.0005866328	-0.0877890756	0.058401374	0.076601338	0.1521471907	-0.0071449416	-0.0433858219	-0.0589297328	-0.0348227348	0.0597181248	0.1741411725	0.0350178047	0.0083986803	0.0191961981	-0.0016898595	-0.1290552057	0.0050684204	0.0409884577340022	0.0234754254520908	0.0005510956001566	0.001680053667412	0.0176627988473114	0.0030891496416102	0.0003119744631205	9.542845508261038e-06	0.047600218337962	0.0082063789501773	0.0022657807858216	6.734465547391465e-05	-0.0014789732423842	0.0003050629536302	9.306340567758159e-08	2.187361851688433e-06	-0.0021128231254274	0.0001283574667728	1.6475639276330472e-08	4.464021559340807e-06	-0.0009200668605076	9.337616303000056e-07	8.719107822205246e-13	8.465230278043114e-07	0.0	0.0	0.0
895.3555964951553	-2.3448330465738536	5.49824201630482	801661.6441751954	1106.5648830981966	1.921433598944532	1224485.8405061257	3.691907075152936	844.1954217159387	-0.8816563461766691	0.7773179127535946	712665.9100461515	885.0518367695358	740.8429904909276	1.29728	17.917141	0.0586554053329286	0.0300807755081698	0.059107012	0.1136429796	-0.1282696514	0.0991919388	0.0815980484	-0.01901802	-0.0302644126	0.1352192291	0.0218641842	0.0941666147	-0.0372855192	0.0209016646	-0.1364480799	-0.0873469654	-0.0437343794	0.1124393568	-0.0743204994	-0.0730620361	-0.0079035607	0.1458491457	0.0956595246	0.082935966	0.0324029012	0.0218955225	-0.0104833177	-0.0027582443	-0.0864683145	-0.0926009872	-0.0427118483	-0.0750092017	-0.1205810996	-0.0887225752	-0.1403515025	0.1027773518	-0.0161704499	0.0427921432	0.0377373562	0.0820022367	-0.0568019399	0.0687535358	0.1391888856	-0.0327207996	0.04106183	-0.0296924272	0.1077497029	0.0062927037	-0.0361588164	-0.0988963874	-0.0097106244	0.0026253945	-0.0452591061	-0.0605686622	-0.0043774846	0.1228884916	0.0931491648	0.243384386	-0.0837086714	-0.1992677868	-0.0385853175	0.0588198989	-0.0777012896	-0.0027704678	-0.1616963815	-0.0155407715	-0.0037368873	-0.0463693584	0.1030686092	0.0036689053	-0.0226580762	0.10750804	0.0634752473	0.0952854842	-0.0522307318	0.0883240117	-0.0636085284	-0.1058511728	0.0905256597	0.0098008239	0.0142756455	0.0447996157	-0.014256474	-0.0210605722	0.0046336059	-0.0050684204	-0.1287014744	0.0151740128	0.0410537661686163	6.530843461410168e-05	4.265191631744395e-09	0.0016854117166274	-0.0024474131296585	-0.0201102119769698	5.989831027224813e-06	0.0004044206257586	0.0649981916600666	0.0173979733221045	0.0042247649190787	0.0003026894757166	-0.0011610835191403	0.0003178897232438	1.010538761440833e-07	1.3481149384192231e-06	-0.0021129079834265	-8.48579991001748e-08	7.200880011285267e-15	4.46438014642744e-06	-0.0010237305112494	-0.0001036636507418	1.0746152485117915e-08	1.048024159662958e-06	0.0	0.0	0.0
892.660419244102	-2.6951772510533374	7.263980414595425	796842.6240850559	1109.315944590467	2.751061492270537	1230581.8649226404	7.568339334253795	843.4909552371863	-0.7044664787523516	0.4962730196857374	711476.991566941	885.5648709663055	737.9235567548382	1.202458	16.607519	0.0504259471385462	0.0332851422510434	0.1593351329	-0.0306628747	-0.1302789799	0.1228422294	0.0528942396	0.0635761846	-0.1780749928	0.1251366411	-0.0303186553	-0.053249978	-0.0459288521	-0.1712658625	-0.0931630893	-0.1688992103	-0.1507868242	0.1042117583	-0.0811632381	0.0975610144	0.0490909444	0.0358949015	0.0727143693	0.0527553737	-0.0472845408	0.0462973092	0.0065045347	-0.0047821419	0.0090130423	-0.0548632244	0.022376105	0.0796075265	-0.0603768	0.0407553863	0.0645010735	-0.0471258478	-0.046623475	-0.0179423557	0.1098590622	0.0360427912	-0.138904083	0.1988623893	0.1312818254	-0.0516960006	0.1082094208	-0.0583770314	-0.0264765082	0.0298771017	-7.91046e-05	-0.0569688311	-0.0230378266	0.0428878568	-0.0014283853	-0.1076646968	0.0826744221	-0.1303802409	-0.0874248193	0.0058137879	-0.0065681029	-0.0378641357	-0.0118467692	0.0644458916	-0.0280911941	0.0717212438	-0.1829131188	-0.0603620594	0.0594456577	-0.1357964654	0.0418806748	-0.0354616657	-0.0980012173	0.0025887058	0.0978973892	0.0858650265	-0.0419985092	0.0595148526	-0.013252671	-0.0764256754	0.0134092277	0.0556608906	0.0686463542	0.0767206198	-0.0190213394	-0.0811959939	0.0225376777	-0.0084435077	-0.1279949812	0.0251860523	0.040985742032177	-6.802413643929722e-05	4.627283138312124e-09	0.0016798310499281	-0.0078750200010091	-0.0054276068713506	6.201594001629338e-05	2.945891634993226e-05	0.0918445021084579	0.0268463104483913	0.0084354125675505	0.0007207243846914	-0.0014189760560067	-0.0002578925368664	6.650856057138755e-08	2.013493047520329e-06	-0.002112849047301	5.893612550029668e-08	3.4734668889867198e-15	4.464131096680743e-06	-0.000920001870594	0.0001037286406554	1.0759630892217104e-08	8.464034418964592e-07	0.0	0.0	0.0
892.4108157718524	-0.2496034722495324	0.062301893359023	796397.0641065831	1103.1252159605635	-6.19072862990356	1216885.24208804	38.325120969107616	843.1539702444366	-0.3369849927497625	0.1135588853385575	710908.6175389562	885.3163287564644	736.0262359202798	1.091226	15.071264	0.0668109621939717	0.0375470521722243	0.1704638263	-0.0914952672	-0.1094691627	-0.0579697945	0.0777134624	0.0299336105	-0.2510344287	0.0054230036	-0.1120535592	-0.0920185476	-0.0412237264	0.0986438268	0.059328165	-0.1113371194	-0.1486856299	0.0409867365	-0.1139876606	0.1266708994	0.0544324805	-0.0820325953	0.1473265131	0.1558664967	-0.0891923859	0.0461819105	0.1062322872	0.0617786387	-0.0845987357	-0.0544570943	0.0576781606	-0.0263927114	-0.0198771923	0.0880418573	-0.0300772166	-0.1254022584	0.0833700527	-0.1798600406	-0.0416060631	-0.0482189088	-0.1670992438	0.1995175045	0.0156578469	-0.0139603136	0.1889327353	-0.0376931208	-0.0710667131	0.0021180719	-0.0137356232	0.0991088511	-0.2026468155	-0.1023810348	-0.1241292681	-0.1556184405	-0.0014677905	0.0277979349	-0.0277390196	-0.1168463999	0.0126323182	-0.0538192679	0.0614737367	0.1328261448	-0.0302031963	0.0267027943	-0.1422397931	-0.122867179	0.1776654677	-0.1283541483	-0.0147879336	0.0213338171	-0.1164406757	0.0264868713	-0.0143445472	0.129206317	-0.0676507695	-0.1289421174	0.0627794651	0.0126835446	0.0845301087	0.0194872556	0.1023308081	0.1613727026	0.0030771233	0.0637445588	-0.023471528	-0.0118128082	-0.1269376627	0.0350428114	0.0410935500246694	0.0001078079924923	1.1622563245240353e-08	0.00168867985363	0.0175501447842805	0.0254251647852895	0.0003080075819492	0.0006464390043591	0.1142905813543677	0.0224460792459098	0.0130623369863193	0.0005038264735136	-0.0015672115968649	-0.0001482355408581	2.1973775573523037e-08	2.45615218934783e-06	-0.0021126021856274	2.4686167359984704e-07	6.094068589251743e-14	4.463087994717667e-06	-0.0011481576714678	-0.0002281558008737	5.205506947236501e-08	1.3182660385503605e-06	0.0	0.0	0.0
892.3905095383408	-0.0203062335116328	0.0004123431194289	796360.8215140995	1099.5535925682557	-3.571623392307856	1209018.1029297577	12.75649365648068	844.0460613828717	0.8920911384351484	0.7958265992745192	712413.7537359385	884.9292238823273	725.8460507464054	1.023131	14.13079	0.1024408718212885	0.050285832936823	0.1552581252	-0.0902892131	-0.0649588793	-0.1148291757	-0.0292215693	0.1102080378	-0.20229765	-0.0354617741	-0.1050726293	-0.0772403341	0.0283039609	0.0567848238	0.0963853538	-0.0885463156	-0.0875684668	-0.0688894744	-0.0683911536	0.1220700169	0.0131783111	-0.0828303274	0.0865472944	0.0032652115	0.0286485823	0.0821671186	-0.0606885062	-0.0296825174	0.0286414703	-0.044161305	0.1075661976	0.0830823011	-0.1127876283	-0.1229921342	0.0138371016	-0.0675528744	0.1517191564	-0.0840499559	-0.1237310028	0.0499315153	-0.0954302089	0.153148054	-0.0348590998	0.039810881	0.1145032715	-0.081868503	-0.1508026355	-0.0159031897	-0.0701695122	0.0225801304	-0.0330352862	0.0305842496	-0.0407310101	-0.1119794446	0.0225025936	-0.0376816763	-0.0396167156	0.0783521072	-0.1089476574	-0.0077482157	0.0185999495	0.1003986183	0.0227020691	0.0877877378	-0.079107028	-0.1260177275	0.1634496666	-0.0585850871	0.0187637939	-0.0256143367	-0.1027187603	-0.0540027788	0.0803888383	-0.0438434362	0.0559213305	0.0188257329	0.0040331593	-0.1324123762	0.0395596036	0.0362756312	0.0604077793	0.0785130148	-0.0265770091	-0.0690446969	-0.0655062886	-0.0151740128	-0.1255324169	0.0446835199	0.0582367500634291	0.0171432000387597	0.0002938893075689	0.0033915190579503	-0.0199103287463202	-0.0374604735306006	0.0003964211907865	0.0014032870771368	0.1068433391098295	-0.0074472422445382	0.011415499112138	5.54614170488344e-05	-0.0011820632100697	0.0003851483867951	1.483392798509449e-07	1.397273432600284e-06	-0.002306958336159	-0.0001943561505315	3.7774313249461925e-08	5.322056764773502e-06	-0.0009198630886468	0.0002282945828209	5.211841654541437e-08	8.461481018548307e-07	0.0	0.0	0.0
893.106274465315	0.7157649269742024	0.5123194306863852	797638.8174893146	1100.3287535322474	0.775160963991766	1210723.3658498293	0.600874520096644	843.87656213009	-0.1694992527817476	0.0287299966935707	712127.6521124996	885.6653483888638	740.310555927789	1.085489	14.992023	0.1225778209701586	0.0618295424198114	0.159886758	-0.0312008665	-0.1104518284	-0.1160263335	0.0937678457	0.0436769722	-0.1382895076	0.0245697989	-0.1686345322	-0.0380009094	0.0648730563	0.1420149342	-0.0441092509	-0.084734237	-0.0338989464	0.0093615082	-0.2299302786	0.0046104543	-0.0993964896	-0.0590846671	-0.0463753332	0.0653687329	0.020888341	0.057249111	-0.1337875449	-0.1090788898	0.1267297634	0.1272099459	0.0648511046	-0.1570365972	-0.0256211494	-0.080979655	-0.1748159428	-0.0045951699	0.0380726877	-0.1814268665	0.00976267	0.159046401	0.0074876535	0.0900395236	0.0443201827	0.0757932522	0.1936996662	-0.1365681056	0.017642722	-0.0630304305	-0.0792926049	0.0773890449	0.0360705792	0.1200423214	-0.0417791495	0.093091527	-0.1787025392	0.2087389909	-0.0506203733	-0.0184287235	-0.1395570088	0.0889106602	0.0362231846	0.1167780682	0.0825663708	0.0895428001	-0.1645813962	-0.0811137489	0.0032626941	-0.0254183075	-0.0803835817	-0.0858850085	-0.064025379	-0.0171736294	0.044243116	-0.1187693051	0.0881513343	-0.062475937	-0.0179044198	-0.0888687671	0.075327733	-0.0096772177	0.0061782477	-0.1331243344	-0.1048278562	-0.017865057	-0.0723164326	-0.0185248178	-0.1237830955	0.0540487397	0.035130572992756	-0.023106177070673	0.0005338954188212	0.0012341571587993	-0.012096178459501	0.0078141502868192	0.000146317533324	6.10609447049966e-05	0.1343966271323609	0.0275532880225313	0.0180624533845548	0.0007591836808525	-0.0001301624637922	0.0010519007462775	1.1064951800191614e-06	1.6942266980455776e-08	-0.0025344450832935	-0.0002274867471344	5.175022012183592e-08	6.423411880230596e-06	-0.0009171664702561	2.696618390700032e-06	7.271750745061629e-12	8.411943341620336e-07	0.0	0.0	0.0
892.5457904764991	-0.5604839888159177	0.3141423017190017	796637.9880973186	1102.1181288049577	1.789375272710231	1214664.3698405414	3.2018638665868138	844.4225405606356	0.5459784305456878	0.2980924466211325	713049.4270068783	884.9968790738088	725.591342132483	1.423983	19.667072	0.0871010375595622	0.0662991189718353	0.0722188669	-0.0098511266	0.1028391929	-0.0281379247	-0.0254420514	0.0554560646	0.0261022852	0.0149746794	-0.0692596307	-0.0677825215	0.0988653286	0.2236040737	-0.0864729845	0.0744916274	0.0968425798	0.0331769664	-0.018682402	-0.0700465542	0.0659074388	-0.071586686	0.1971321772	0.1294059822	-0.1118515768	-0.0211572644	0.0467843698	0.0572658784	-0.0170517361	0.1051010234	0.0286969142	-0.0470177059	0.1063309632	0.0454115173	-0.0013387966	-0.0875743568	-0.1523571761	0.0778628059	-0.1338438641	0.1496645312	0.1466893223	-0.0557812623	0.0188460945	-0.0107914846	0.0002130197	-0.1040204078	0.0258192398	-0.1552460061	-0.0682405893	-0.0931704874	-0.2431662228	-0.1078911393	-0.0114810188	0.0599971003	-0.0310786622	0.0595391495	0.0654149987	-0.2007715436	0.0443519378	-0.0982064465	0.0874551035	0.1576083651	0.049812398	-0.1345806982	0.0802020283	-0.0911876167	0.0639750814	-0.0233212941	-0.1504234339	0.0306098293	0.1079766955	-0.0533615257	0.0269554277	0.159489077	-0.1250033416	-0.0712560276	-0.0653685182	-0.1355563206	0.0359898094	0.0411100557	-0.0002916096	0.0572459883	0.0494940829	-0.0880590022	-0.0981387137	-0.0218629269	-0.1216944932	0.063080731	0.0403534338290683	0.0052228608363123	2.727827531548482e-05	0.0016283996217969	-0.012581340680299	-0.0004851622207979	0.0001582901333137	2.353823804896461e-07	0.1661287039767529	0.031732076844392	0.0275987462849955	0.0010069247008583	-0.001120168494418	-0.0009900060306258	9.801119406754525e-07	1.2547774558866888e-06	-0.0025339893217082	4.557615852999325e-07	2.0771862263510765e-13	6.421101882531183e-06	-0.0009199234312062	-2.756960950100009e-06	7.600833680376345e-12	8.462591192821882e-07	0.0	0.0	0.0
894.8380566462557	2.292266169756658	5.25448419301086	800735.1476224476	1102.3439579740484	0.2258291690907299	1215162.2016818903	0.0509988136122094	845.3243754993786	0.9018349387429224	0.8133062567374508	714573.2998134143	885.1262478138666	731.041664132209	1.309837	18.090569	0.0640087179429808	0.037337300608852	0.0967611527	-0.1080438633	-0.0015534914	-0.0360797111	-0.0753813954	0.0902576786	-0.0369809204	-0.0674277998	-0.1166801535	-0.0340768	0.0731637972	-0.057055462	-0.0371831664	-0.0856589767	0.0156315873	-0.0629638334	-0.18073468	-0.0305704234	0.1531247643	-0.0112418373	-0.005000589	-0.1509864544	0.0433335924	-0.0695287588	-0.0707034531	0.106999867	0.1773014642	0.0353010403	0.0729600854	0.0394990741	0.0446103936	0.0234612969	0.0305347135	0.0301100033	-0.0045978852	0.0287655877	0.179598499	0.0814027805	0.0919609503	0.0511158941	-0.0198680361	0.1340977459	0.0449190305	-0.2231671729	-0.0212313877	-0.0185952403	-0.0231769404	-0.0273991499	0.0460156563	-0.0219319896	0.0146735626	0.1110201861	-0.0392095651	-0.056906352	0.0882545035	0.1484948915	0.0747239945	0.2298436105	-0.0057544002	0.1353365208	0.112182903	0.063260336	0.0003758611	-0.0216341198	0.0753466274	0.0254897837	0.0633324216	-0.1338913973	0.034261163	-0.1373403372	0.0243025683	0.0043682978	0.1194530592	-0.0418676177	-0.0063754014	-0.0626092347	0.1618431442	0.1404348763	-0.0137536588	-0.0300200818	-0.1515654696	-0.0737963426	0.1281585039	-0.0251860523	-0.1192723348	0.0717238087	0.0551831867402796	0.0148297529112112	0.0002199215714075	0.0030451840988125	0.0061267891983618	0.0187081298786608	3.7537545881162826e-05	0.0003499941235568	0.1382624517066091	-0.0278662522701437	0.0191165055519224	0.0007765280155832	-0.00106816800503	5.200048938799992e-05	2.704050896591492e-09	1.1409828869697705e-06	-0.0025340125707338	-2.3249025600090983e-08	5.405171913536859e-16	6.421219708636922e-06	-0.0009198555119605	6.791924570003807e-08	4.613023936462138e-15	8.461341628841135e-07	0.0	0.0	0.0
895.7513156022986	0.9132589560429096	0.8340419207925851	802370.4194032488	1102.5977708532455	0.2538128791970848	1215721.844290546	0.0644209776463139	844.6744865648674	-0.649888934511182	0.4223556272000794	713474.9882536223	885.3706346667788	746.9554938700662	1.407339	19.437197	0.223166212595727	0.1022706594182127	0.0677738203	0.0040517794	-0.1075385075	-0.0450889778	0.1498999211	0.1489353557	-0.0302772152	0.0706666906	-0.2264728286	-0.0926350537	0.0488183175	0.0400705393	-0.1430305391	-0.0841718648	0.0145216719	0.0260269464	-0.3580300543	0.0417902484	-0.0921814667	0.0390208786	0.0677031675	-0.1570048329	0.0758331574	-0.0310520025	-0.2086956121	-0.0111489761	0.094073604	0.0611615562	0.0316515815	-0.1425888765	-0.0361997051	0.1165975789	0.017374249	-0.0098764119	-0.0891842367	-0.0346692618	-0.0946925963	0.0065034192	-0.0318112748	0.0156626564	0.0976513105	0.1252047069	0.2527184885	-0.1384292844	0.0640759785	-0.0748624307	-0.196135134	0.0634432785	0.0472984745	0.0656547144	0.0116131942	0.0841946043	-0.0971382365	0.0516454733	-0.2448745059	0.0031473921	-0.0182050589	0.1605604733	-0.0532689628	0.2812263285	0.0787232857	0.2053418469	-0.0868383425	-0.1031743777	-0.2083503708	0.0672394243	-0.1280838381	0.0156583116	-0.0328343439	-0.1339840351	0.0900320477	-0.0899064174	0.1171884085	-0.0169421279	-0.1919444856	0.2110182106	-0.1785612819	-0.0965746059	-0.1956800395	-0.2338058823	0.0520340814	-0.0598051389	-0.0637593398	-0.0284919163	-0.1165232592	0.0799246852	0.0419236000387002	-0.0132595867015793	0.0001758166394967	0.0017575882402049	-0.0364511146498784	-0.0425779038482402	0.0013286837592185	0.0018128778961099	0.1970695305199115	0.0588070788133023	0.0388363998593383	0.0034582725185539	-0.0009086114343549	0.0001595565706751	2.5458299245598214e-08	8.255747386404686e-07	-0.0012669159636693	0.0012670966070645	1.6055338116343682e-06	1.605076059000111e-06	-0.000176075825048	0.0007437796869124	5.532082226636565e-07	3.100269616633391e-08	0.0	0.0	0.0
894.8912942217286	-0.8600213805700605	0.7396367750376328	800830.4284738404	1104.809987169631	2.212216316385593	1220605.1077497604	4.893901030482642	843.9681438099254	-0.706342754941943	0.4989200874589737	712282.227765971	885.0619431741583	733.7851114201901	1.32779	18.33853	0.0851251775210428	0.0500289606900158	0.0285716374	0.0894276374	0.0678435738	-0.145499985	0.1205701762	-0.0166536937	0.0754257018	0.0587836566	-0.1297463875	-0.0004870204	0.0214037082	0.1085249154	-0.180921139	0.1004428126	0.0337003718	0.0188958221	-0.1264449918	-0.0316678	0.0115805059	0.0292825006	0.2006785872	-0.0186284953	-0.176268152	-0.0113105918	-0.0610752372	-0.1369456407	0.0936170634	0.117537119	-0.0390653962	-0.2148718805	-0.0648350165	0.0768050799	0.1256903608	0.0728029425	-0.0860223678	0.1112048703	-0.0459983753	-0.1086322058	-0.0108597306	-0.0870161752	-0.0058216484	0.0003297278	0.095910682	-0.0658278454	0.063258349	-0.0632573266	-0.1162180385	-0.0672788765	-0.2765543885	0.0202219942	0.0460305774	0.161383593	0.142933804	0.0708016233	-0.0440163582	-0.0395212418	-0.0129372956	0.0129157721	0.1101966121	0.2727628553	0.0335425164	-0.0570020136	0.0024202521	-0.0966573278	-0.1579482084	0.061800061	-0.1185694786	-0.0137707581	0.010903565	0.1054491005	-0.0947241275	0.0757665469	-0.1540674051	-0.1972535188	-0.1315221282	0.0825357263	-0.0713001924	-0.0710328554	0.0383583478	-0.0566125119	0.0672376797	-0.0300634599	-0.0794155795	-0.0317782535	-0.1134548014	0.0876327994	0.0420392825584201	0.0001156825197198	1.3382445368744582e-08	0.0017673012780266	0.007575943386243	0.0440270580361214	5.739491819155905e-05	0.001938381839316	0.197159128629238	8.959810932651635e-05	0.0388717220018404	8.027821194886376e-09	-0.0011183943823685	-0.0002097829480135	4.400888527727679e-08	1.2508059945134183e-06	-0.00153170919528	-0.0002647932316107	7.01154555068379e-08	2.3461330589053056e-06	-0.0005193564225412	-0.0003432805974931	1.1784156861528834e-07	2.6973109363479345e-07	0.0	0.0	0.0
893.5503504783683	-1.3409437433602989	1.7981301228571311	798432.2288400148	1101.4094629815283	-3.400524188102736	1213102.8051452588	11.563564753871772	842.1611507531368	-1.806993056788656	3.2652239072824103	709235.4038378475	881.8164091770004	723.1271497331448	1.010981	13.962976	0.1036967159330339	0.0612693012591303	0.0234172409	0.0570928583	0.1451888813	-0.1548078485	0.0264578229	0.0905069149	0.0815336035	0.0043586974	-0.1047490081	-0.0091638463	0.0081215791	0.0836703679	-0.0800033557	0.1661176636	-0.0737699692	0.0411160913	-0.1898223789	0.0559533004	0.0652272365	-0.0636000981	0.1168093261	-0.0259511749	-0.0273919027	0.1028230384	-0.0416322202	0.1097140436	0.0116778257	-0.0152407738	-0.1013098571	0.0677514185	0.0479667125	0.0692118281	0.1032381807	0.0808913847	-0.0454426437	-0.0058477328	-0.1355834585	-0.0204313123	0.085521846	-0.1300543978	-0.0175090583	-0.0723060589	0.1806943074	-0.1286850011	-0.0800720121	-0.076050414	0.0001359852	0.0665558716	-0.0963244749	0.0262742258	0.0192711587	0.0449970256	0.0697460745	-0.1111514855	-0.0268230999	0.1073990315	0.1196969329	0.0332367769	0.1386341795	0.1609792354	0.1219040868	-0.0460572486	0.0747778168	-0.0759497781	-0.1270140141	0.0829930799	-0.1247190167	-0.0143919375	-0.0282591392	0.0831611417	0.0054195349	-0.1831251066	0.0583284361	0.1046991036	0.0877679451	-0.0758686938	0.159590215	0.22712475	-0.1140256354	0.1454786913	0.1975538137	0.1090623696	0.023997205	-0.0350428114	-0.1100753719	0.0948006283	0.0442159284155252	0.0021766458571051	4.737787187252795e-06	0.0019550483256468	-0.0107004717862935	-0.0182764151725365	0.0001145000964492	0.0003340273515589	0.1754198410922356	-0.0217392875370024	0.0307721206488251	0.0004725966226164	-0.0001837733628486	0.0009346210195198	8.73516450128417e-07	3.3772648892683193e-08	-0.0016409703917334	-0.0001092611964533	1.1938009050428426e-08	2.692783826545668e-06	-0.0003331512911867	0.0001862051313544	3.467235094274659e-08	1.1098978281936536e-07	0.0	0.0	0.0
895.848225789835	2.2978753114667825	5.280230947048563	802544.0436507952	1099.3760393507937	-2.03342363073466	1208627.675898638	4.134811662030127	843.6668114864465	1.5056607333096963	2.2670142438306926	711773.6888037072	882.8441395789572	731.193312136095	0.957276	13.221235	0.0788166903872291	0.0386847672642827	-0.0466587077	0.0407303701	0.1571997395	-0.1173565393	0.0042957523	0.149087365	0.1448536888	-0.0342092886	-0.1227581918	-0.0658196134	0.031675907	-0.0148560943	-0.0342889135	0.2204767876	0.0550580249	-0.0300931653	-0.064859961	0.1215774604	0.0654612284	-0.0253814563	0.0854546927	-0.1483081158	-0.0263376166	-0.0565266723	-0.1525732822	-0.0141469555	-0.0951725744	-0.0312209946	-0.0127363785	0.034041959	0.1019694479	0.0343058542	0.1368263666	0.0175726279	0.0205360722	0.2264736323	0.05631029	-0.0044994	-0.0119325986	-0.2043859965	-0.041344285	-0.0123761726	0.0378219728	-0.0926466038	-0.147445281	-0.0167539274	-0.0742888031	-0.0468854527	-0.0800780891	0.0794194457	0.1400789	0.1912381755	0.0941892495	-0.0967104052	-0.1193015174	-0.0273236907	0.0996560172	-0.0296361229	-0.113597205	0.1929832566	0.1320330255	-0.1009811761	0.1474609581	-0.062889864	-0.0858717958	0.1229570022	-0.1758846468	-0.0597227551	-0.0249298788	-0.0506847273	-0.0003985556	0.0066076886	-0.0427689898	0.0544879818	0.090471615	-0.0176811757	0.0485890465	0.0209904691	-0.0112203961	0.0845382619	0.0784356295	0.1409808756	0.1079100729	-0.0382833527	-0.1063942335	0.1013839798	0.0536749317712832	0.009459003355758	8.94727444842411e-05	0.0028809983006519	0.0161490098166439	0.0268494816029374	0.000260790518058	0.0007208946623464	0.1901842388845693	0.0147643977923337	0.0361700447201029	0.0002179874421702	-0.0002281676639451	-4.439430109650001e-05	1.970853969846702e-09	5.2060482870164086e-08	-0.0016989087533416	-5.79383616082002e-05	3.3568537458425667e-09	2.88629095218071e-06	-0.000785694781206	-0.0004525434900193	2.0479561035884838e-07	6.173162892143442e-07	0.0	0.0	0.0
897.8817813298292	2.033555539994154	4.135348134240916	806191.6932440272	1100.067460080411	0.6914207296172208	1210148.4167277664	0.4780626253444099	844.7982821377841	1.1314706513376225	1.2802258348383833	713684.1375029511	883.0164637775541	736.7906998093448	1.029374	14.217001	0.0762744416815868	0.0340089428199684	-0.1119245673	0.0007405504	0.1056032577	0.072725821	-0.0855964015	0.1741870523	0.1767764596	-0.0386256683	-0.1754366016	-0.0149451504	0.0677398179	-0.0085585961	-0.042219756	0.1831141936	0.1488695733	-0.0636308821	-0.0988985852	0.0598028203	0.091919324	0.0228875045	-0.0245206227	-0.1169797511	0.1207676598	-0.0934407911	-0.1579929614	-0.0365716762	-0.1425426167	0.0022085753	0.0240280963	0.0628278809	-0.1316827933	0.0120455604	0.0659261129	-0.126294143	0.0430103247	0.0711555024	0.0026963748	0.2393445258	0.1057096545	-0.2246611517	-0.0174489289	0.0955372034	0.0471387158	-0.0943684254	-0.0842718773	0.0305298816	-0.1120202089	-0.0215500249	0.0478175689	0.0491755664	0.1434353756	0.0672236599	0.0114956527	-0.102706474	-0.0916802155	-0.0769009863	0.105223182	-0.0909762433	-0.0600425528	0.1709961984	0.0706197638	-0.0680578181	0.1268652434	0.0542987289	-0.0908986213	0.0806823311	-0.004040039	-0.0329346278	0.0943882336	-0.2081216308	0.0707478896	0.0810119734	-0.1140812397	-0.0517247069	0.0446109443	-0.0558602306	-0.0714013105	0.1037073487	0.094317486	-0.0544611207	-0.0165053532	0.005339122	0.0956728733	-0.0414976565	-0.1024214758	0.1073422654	0.0618924525984994	0.0082175208272162	6.752764854573208e-05	0.0038306756886574	0.0280829660740806	0.0119339562574367	0.0007886529835179	0.0001424193119544	0.1646784263826504	-0.0255058125019189	0.027118984115866	0.000650546471383	-0.0005692746335791	-0.000341106969634	1.1635396473289061e-07	3.240736084366186e-07	-0.0019697785784706	-0.000270869825129	7.337046216541506e-08	3.880027648201658e-06	-0.0007860610283433	-3.662471373000074e-07	1.341369655804505e-13	6.178919402801263e-07	0.0	0.0	0.0
899.8564177878137	1.9746364579845024	3.899189141201581	809741.5726339163	1101.5391922321726	1.471732151761671	1213388.5920235072	2.1659955265290383	846.4760709820372	1.6777888442530866	2.814975405900108	716521.7387451868	884.4248164194935	746.8981821857282	1.048981	14.487803	0.0404928554825073	0.0268123434490434	-0.1429594578	-0.0506456994	0.0139402718	0.0152290302	-0.1700036179	0.0054131227	0.1834082027	-0.0328810783	-0.1798269928	-0.0190007174	-0.0126212595	-0.0612076082	-0.0395896619	0.0808052676	0.2257651526	-0.1179614401	-0.0758176217	0.009935593	0.0981255972	0.1188096104	0.0822331384	0.0459600439	-0.0382328302	-0.0353086546	-0.0126059139	-0.0492445271	-0.1586896624	-0.1565088175	-0.2039108372	0.0289102875	0.1841626199	-0.1864643392	-0.1173282825	-0.1439567652	-0.0705470495	-0.0346740969	0.0430161062	0.0203096024	0.0038797926	-0.1960757738	-0.04775469	0.1876656742	-0.0147151321	0.008909553	0.0186988378	0.0207459658	-0.020379539	-0.1503314734	-0.080175767	-0.0336167693	-0.01599447	0.1549624555	0.1523407147	-0.0245036425	0.0152015299	0.060376407	0.0236553266	-0.1070204386	0.0004905304	0.1544132742	-0.00868359	0.0078683775	0.1269301697	0.0812929054	-0.0028200447	0.1304401879	0.050274333	-0.0741548616	0.267672874	-0.0463817313	-0.0397260004	0.1372907636	-0.1290239421	-0.0570965186	-0.0104126772	-0.0456711755	-0.051951336	0.0974756662	0.015969518	0.0658593619	0.0605523583	0.0860360059	-0.052082906	-0.0446835199	-0.098167988	0.1126387502	0.0617949457517426	-9.750684675680076e-05	9.507585164454231e-09	0.0038186153204608	0.0281829082575484	9.994218346779868e-05	0.0007942763178533	9.988440036311132e-09	0.1387530848935227	-0.0259253414891277	0.0192524185674691	0.0006721233313278	-0.0008557754642079	-0.0002865008306288	8.208272595099233e-08	7.323516451402467e-07	-0.0019696608344239	1.1774404670011897e-07	1.3863660533319791e-14	3.879563802663454e-06	-0.0007868437529309	-7.827245875999429e-07	6.126577800335007e-13	6.191230915263832e-07	0.0	0.0	0.0
900.358361329724	0.5019435419102365	0.2519473192653933	810645.1788163458	1100.4820172898312	-1.057174942341362	1211060.6703782964	1.1176188587144622	847.4251817183061	0.949110736268949	0.9008111897009864	718129.4386103041	886.1458652904198	758.0726101647562	1.205828	16.65407	0.0944135104439082	0.0602061489982168	-0.1522572468	-0.1122669809	-0.115858522	-0.0641857352	-0.0994715429	-0.0440451644	0.1112895964	-0.0336965539	-0.1523246341	0.0871159493	-0.1463254476	-0.033699345	-0.0183483594	-0.1222570147	0.2086289009	-0.1242256592	-0.1461966028	-0.038034301	-0.0387348011	0.0084568868	-0.1336301486	-0.1518100394	0.0338253076	0.1317417239	0.0279490076	-0.071410215	-0.1484285684	0.0060747654	-0.0261226786	0.1415619842	0.0313599134	-0.1236757315	0.0405141398	-0.0308166111	-0.0137090584	-0.0011841167	-0.0424602728	-0.0226926142	0.0028219549	-0.0587546628	0.0268828913	0.2923809916	-0.0003742784	0.0033459496	0.0150820435	-0.0618281028	0.0063868249	0.0395521022	0.1999795782	0.1542000146	-0.0076658965	0.0754965503	0.0674494006	-0.0594791675	0.1331177838	0.0838404451	0.0164985719	-0.1452726933	-0.0558871139	0.0784661964	0.0110423726	0.1462659204	-0.0149178103	0.1488551038	-0.0281604468	0.1194199516	0.1681519185	-0.0567874226	0.0966294734	-0.0311268034	-0.0247346164	-0.0764947899	0.0977056175	-0.067136807	0.1782381699	0.1467526882	0.0814939755	0.0895441725	0.1733117098	0.0661541604	-0.0011483406	0.0896115674	0.2435399774	-0.0478387595	-0.0936454286	0.1172407796	0.0619921635613138	0.0001972178095711	3.889486441205987e-08	0.0038430283430126	0.052484102730645	0.0243011944730966	0.0027545810394408	0.0005905480528192	0.0858617685734373	-0.0528913163200853	0.0073722433025585	0.0027974913420713	-0.0007988880424313	5.6887421776600014e-05	3.236178756388785e-09	6.382221043397145e-07	-0.002253190766797	-0.0002835299323731	8.038922255149466e-08	5.076868631579253e-06	-0.0007869020356043	-5.828267340003256e-08	3.396870018654863e-15	6.19214813638191e-07	0.0	0.0	0.0
901.2731973715174	0.9148360417934782	0.8369249833643586	812293.3763002782	1102.8471550799431	2.3651377901119304	1216271.8474679242	5.593876766215546	847.1704641631155	-0.2547175551906093	0.0648810329222811	717697.7953503486	887.054484817217	759.0476079627649	1.29907	17.94187	0.210602036269232	0.1029376461805208	-0.1618620849	0.0014091301	-0.147493492	0.0180153195	-0.0201906671	0.057605487	0.088061279	0.0341972245	-0.1138096874	0.0966516497	-0.0423723016	0.0940788029	-0.0341145349	-0.1313840476	0.1976819319	0.0295895786	-0.0991929338	-0.0083661451	-0.1675786085	-0.1307168664	-0.124970604	-0.1208905456	-0.0882566779	0.1476752766	0.0546553793	-0.1021873985	-0.0115183514	0.0657786607	0.0101718688	0.2163332811	0.0692221596	0.0850218808	-0.1286660471	-0.0595503636	0.138600797	-0.0804913278	0.0149551205	-0.0194595377	-0.0962337741	-0.0077242593	0.1349673642	0.2187570546	-0.0053157809	0.0708017699	0.0980570391	-0.1207680563	-0.0746341417	0.2613198316	0.1123250942	0.1010448834	-0.0090715374	-0.0914321648	0.0485055195	-0.0770785325	-0.0117024726	-0.2349904701	-0.1397450001	-0.0478514669	-0.1042325531	0.0500499116	-0.089487501	0.2485212893	-0.0383806443	0.0828975007	-0.0887974083	0.1257309572	0.1652985915	0.2978359667	-0.0756222733	-0.1214307746	0.0857316459	-0.2948447972	0.0236511549	0.1627776242	-0.0043201994	0.0155058259	-0.1455904323	-0.2481445211	0.1544919557	0.189784749	0.0377739949	0.0711017706	0.0423882516	-0.0509612127	-0.0888661936	0.1211199807	0.0823979088720108	0.020405745310697	0.000416394441685	0.0067894153864801	-0.0173257105497413	-0.0698098132803863	0.0003001802460534	0.0048734100302423	0.0257837351065859	-0.0600780334668514	0.0006648009960465	0.0036093701052441	-0.000935103853894	-0.0001362158114626	1.8554747292441823e-08	8.744192175674112e-07	-0.0026139640389466	-0.0003607732721496	1.3015735389752945e-07	6.832807996906023e-06	-7.772223499065417e-05	0.0007091798006136	5.029359895984104e-07	6.040745811942467e-09	0.0	0.0	0.0
900.5416358781422	-0.7315614933752386	0.5351822185894092	810975.2379500804	1101.4090345666764	-1.4381205132667674	1213101.861425098	2.0681906106786703	846.2974164558179	-0.8730477072975873	0.7622122992175736	716219.3170997922	885.7634919364498	752.6934320677573	1.458336	20.141529	0.1430357054839282	0.0643960415424393	-0.1970466641	-0.0071833625	0.0125753387	0.1498143145	0.0084214097	-0.079834822	0.0980310105	-0.0022541173	0.0032956328	0.2140423949	0.0272687883	-0.047329685	-0.0223867341	0.0319083584	0.1774588237	0.0420784506	0.0363417843	-0.0992885206	0.0228803823	-0.0832713645	0.00697167	0.175957678	-0.1544169385	-0.2243985373	0.0217637228	-0.0740325857	-0.0440556712	0.1156531424	0.1642792834	0.0757371589	0.0988241864	0.1547303068	-0.004451464	0.0312904562	-0.039390121	-0.0491783861	0.1881387533	-0.0263137821	-0.006969639	-0.0992650234	0.0388834244	0.0956241355	-0.1060117672	0.0781776515	0.1577531298	-0.0358296939	0.1714077559	0.0041685126	-0.2234008943	-0.0720873998	0.1485316371	-0.0759774522	-0.0005015387	0.0042629912	-0.0689121614	-0.2466838755	0.0368603224	0.0649233626	-0.0413035844	-0.0138539109	-0.0338934569	0.0280955095	0.1653158089	0.1220271054	-0.0345493996	0.0418773009	0.0717672093	0.2319235144	-0.0114331096	0.0781632416	0.1313206141	0.0832481851	-0.2269837897	0.1373230941	-0.1003025242	0.0482904624	0.0579906691	-0.1211547197	0.0461227512	0.1497001526	-0.1322233658	0.0712634712	-0.0620756361	-0.0540487397	-0.0838433825	0.1242524367	0.057111195377729	-0.0252867134942818	0.0006394178793418	0.0032616886374731	0.0254370924892413	0.0427628030389826	0.0006470456743062	0.0018286573237508	0.0389124585739324	0.0131287234673465	0.001514179432268	0.000172363379882	-0.0003591968236979	0.0005759070301961	3.316689074292917e-07	1.2902235815466025e-07	-0.0028669127160836	-0.0002529486771369	6.398303326535823e-08	8.219188521641845e-06	-0.0004860158373239	-0.0004082936023332	1.667036657062587e-07	2.3621139412965165e-07	0.0	0.0	0.0
897.5329050537675	-3.008730824374652	9.052461173542174	805565.3156542553	1100.1784241371963	-1.2306104294800662	1210392.5649370046	1.5144020291451128	845.8094020034328	-0.4880144523851868	0.2381581057368137	715393.5445174045	886.2676735164234	752.104172962815	1.467527	20.268475	0.1369614765283558	0.0569259883663358	-0.0540325344	-0.0690523678	-0.086383638	0.0763475797	-0.0519444547	-0.2881949188	-0.0704895808	0.0332581452	0.1973362423	0.291556738	0.0285720059	-0.0539083365	0.0523270607	-0.1479531752	0.0296042968	-0.0625499964	0.1741309729	-0.1146039268	0.0777410827	-0.0045597668	-0.0878263207	-0.0904164842	-0.0523655438	0.0149743079	0.0124879277	0.1120829403	0.0601050686	0.0487502402	0.0266885593	0.0872513078	-0.0389202756	0.1114353423	-0.0535771944	0.2677201962	-0.1443686916	-0.0793389188	0.147394934	0.0027754852	-0.0860067086	0.1229967191	-0.0158949349	0.0516991489	-0.2550234477	-0.0255113366	-0.004388262	0.0615840632	0.0997643453	-0.0426600643	0.0343722471	0.1917478405	0.0416589302	-0.0211926515	-0.0494491068	0.0271169362	0.0861161532	-0.0353647742	0.1702914219	0.092621714	0.0032450662	-0.1000029957	-0.080759363	0.0666783203	0.1247492373	-0.010474963	0.0770582204	0.0815438686	0.2300857683	0.0134851379	0.0306630591	0.0750495717	0.1368972479	0.1251321287	0.0434157525	-0.1274293804	-0.045602523	0.0821180129	0.0866079275	-0.0732325088	-0.1583947834	-0.0584311974	-0.1114582646	0.1173690373	0.200661019	-0.0570992244	-0.0785907625	0.1266188352	0.0402498585002888	-0.0168613368774401	0.0002843046812945	0.0016200511092932	0.0539603105905541	0.0285232181013128	0.002911715119029	0.000813573970855	0.0171555899082846	-0.0217568686656478	0.0002943142651012	0.0004733613341342	-0.0008548939434296	-0.0004956971197317	2.4571563451030336e-07	7.308436545126121e-07	-0.0022671633846036	0.00059974933148	3.596992606107072e-07	5.140029812487251e-06	-0.0007869704437913	-0.0003009546064674	9.057367515394764e-08	6.193224794010758e-07	0.0	0.0	0.0
896.0395024035839	-1.4934026501836115	2.230251475575434	802886.7898676622	1099.9320327434134	-0.2463913937829147	1209850.4766550574	0.0607087189302873	844.899037956469	-0.910364046963764	0.8287626980042422	713854.3843397668	885.3651990590605	744.2964180049612	1.322171	18.260914	0.130470898086718	0.0651435673268849	0.0308523937	-0.1154797747	-0.0369481029	0.0939327756	-0.0950981864	-0.1670645428	-0.0485259964	-0.0265502214	0.0885959601	0.0622243424	0.117643172	0.0046089056	-0.0168918448	-0.0686191296	-0.0299464412	-0.079379768	0.0371220837	0.0415499265	-0.0987818853	0.2104470531	-0.0332665749	-0.0409838039	-0.0011008407	0.0615571374	0.1271526379	0.1429118403	-0.0170385656	-0.079521708	0.007903613	-0.0987005744	-0.01065139	-0.158892076	0.2602678709	0.1912654237	-0.0716576218	0.0936835638	-0.0011182843	-0.0303599968	-0.0726475977	0.0443465329	-0.0572726023	0.0402513249	-0.0120874618	0.1059708793	0.12396114	0.2203482849	-0.0448616995	0.0524842889	0.1011844047	-0.0833419363	-0.0447936246	-0.0715924464	0.1373117192	0.156402677	-0.152529807	0.1211149334	0.295294084	0.0261617767	0.1430562964	-0.0700483279	-0.0080894106	0.0895385322	-0.0560199925	0.0805929139	0.0282441272	-0.0963336386	0.1790856148	-0.0473194706	0.1904298972	0.1453022629	-0.0483698249	0.0512457054	0.0535889845	-0.0026016718	0.0224986629	0.0623321123	-0.0896669869	0.0418768724	-0.114818869	0.2132724275	0.0378138805	-0.0156191339	-0.0507149906	-0.0601105761	-0.0731227308	0.1282045865	0.0583753161866695	0.0181254576863807	0.0003285322163407	0.0034076775398936	0.0143895190894909	-0.0395707915010632	0.0002070582596268	0.0015658475400206	0.0518078852660437	0.0346522953577591	0.0026840569757395	0.0012007815735613	-0.0007801658299903	7.472811343929998e-05	5.584290938196886e-09	6.086587222844536e-07	-0.0029541982976555	-0.0006870349130519	4.72016971752232e-07	8.727287581870653e-06	-0.0007876544881304	-6.840443390999191e-07	4.679166578546451e-13	6.203995926719624e-07	0.0	0.0	0.0
894.2727864239455	-1.766715979638434	3.1212853527097915	799723.8165384476	1097.0630587963349	-2.86897394707853	1203547.3549755705	8.231011509015358	842.8620583274147	-2.036979629054258	4.149286009182023	710416.4493679262	883.3680669196747	730.7893441079268	1.347548	18.611412	0.1175778969506771	0.0719772064239939	0.0131570412	0.0103871701	0.0797356782	0.0469066837	0.0223464697	-0.1075468097	-0.0232282619	-0.0505781603	0.1400289072	0.0319608128	-0.0930749181	-0.0025092966	-0.077921667	0.0821772563	-0.1320248161	-0.0311669716	0.1048832038	-0.0099034763	-0.0473220939	-0.0116630814	-0.091768035	-0.011155921	0.0397089853	0.0029120642	0.0791170677	-0.0938631269	-0.0677112945	0.0445124342	0.1369751718	-0.0569108947	0.0338830638	0.0419813992	0.0393806816	-0.0715998093	-0.040837873	-0.1197838442	0.1558217138	-0.0813429344	-0.0069510872	-0.0001881125	-0.0789505705	-0.1540779332	-0.0063761101	0.0496714021	0.0121270686	-0.0042658438	0.0991302432	-0.0692489406	0.0656073951	0.123603488	0.0318948104	-0.0211122697	0.0467315556	0.0556093594	0.0024482956	-0.0962948745	-0.0713202673	0.0406975035	-0.0971573956	-0.1023425842	0.079781755	-0.0318333752	0.0439707761	-0.0168394634	0.0662628476	-0.0685606826	0.0225185233	0.1596908087	-0.0595475616	0.1536028922	0.0730023221	-0.1310636116	0.0412008576	0.0877381831	-0.1037422387	-0.080461121	-0.1252227387	-0.0265264218	0.0753028959	-0.0578916067	-0.0495024774	0.0181701054	0.0427435766	-0.063080731	-0.0674542747	0.1289999139	0.0523195941182876	-0.0060557220683819	3.66717697694876e-05	0.0027373399287023	-0.0487028753353371	-0.063092394424828	0.0023719700659293	0.003980650234258	0.057931848547426	0.0061239632813823	0.0033560990761219	3.75029262717187e-05	-0.0001538739416731	0.0006262918883172	3.9224152937192413e-07	2.3677189926016577e-08	-0.0030659394379399	-0.0001117411402843	1.248608243205792e-08	9.39998463711523e-06	-0.0008957378030505	-0.0001080833149201	1.1682002964117511e-08	8.023462118137362e-07	0.0	0.0	0.0
893.7215196784106	-0.5512667455349174	0.3038950247326593	798738.1547362877	1100.1674458605178	3.1043870641829017	1210368.408931255	9.637219044266136	843.3984602494673	0.5364019220526188	0.2877270219817437	711320.9627511724	883.7391439713772	725.0856441054772	1.198319	16.550362	0.1492749385042367	0.0993011929331644	0.0694278263	0.1436314061	0.0671514504	-0.209697374	0.0210613396	-0.0935086429	0.0113179906	0.0495506171	0.1368678966	-0.013014476	0.1894769797	0.1310147587	0.058164498	0.0945203226	-0.0394534158	0.0803435586	0.0784862504	0.0037763108	0.0266287478	-0.0465316155	0.0417794602	-0.0918893966	0.0230117325	-0.0379788419	0.2110275851	-0.0426382523	-0.073439631	0.0766671246	-0.1465367442	-0.1317134096	-0.113326051	0.0138263308	0.0489485973	0.0864644038	0.0689959581	-0.0499693279	0.095558982	-0.1437927171	-0.0015443533	-0.049931212	0.0109695379	-0.1286094379	-0.093386259	-0.0626136338	-0.0327686206	0.0823471562	-0.0197426403	0.1045837997	-0.0086249663	-0.0990388106	-0.0238326472	-0.0931745969	0.0524154585	0.2077470825	0.0990859838	-0.0837499984	0.1360098319	0.005866839	-0.1458156024	-0.0599399633	0.0302486216	-0.1541718392	-0.0218209438	-0.0799019544	0.0390282954	0.107759097	0.0886329441	0.0490484772	-0.0649487431	0.079029411	-0.1260133357	0.0554965372	0.105599254	-0.084303257	0.0602204484	-0.0517812444	-0.02539262	-0.157975184	-0.0320214446	-0.0512144697	-0.0274798316	0.0006228959	0.0115171203	-0.0660076536	-0.0616009311	0.1289999139	0.049097844212639	-0.0032217499056486	1.0379672454546768e-05	0.0024105983063285	0.045812253857477	0.0945151291928141	0.0020987626035019	0.0089331096463343	0.06781812979807	0.009886281250644	0.0045992987293078	9.773855696683514e-05	-0.0005890551262041	-0.000435181184531	1.893826633698043e-07	3.469859417073282e-07	-0.0028591883540527	0.0002067510838871	4.2746010688531994e-08	8.174958043950587e-06	-0.0010868410977349	-0.0001911032946844	3.6520469239232676e-08	1.1812235717256026e-06	0.0	0.0	0.0
894.7835519657245	1.0620322873139685	1.1279125792973397	800637.6048683985	1104.881216300802	4.713770440284179	1220762.5021343394	22.219631763696903	843.8896930116596	0.4912327621922259	0.2413096266510039	712149.8139713131	884.5431598447403	732.0475393284613	1.236126	17.072529	0.0870774421340521	0.0563846489322097	0.0976903105	0.0923445132	-0.0995409584	0.0777573597	-0.0320704503	0.0699710547	-0.0446321295	0.1333063183	0.0561979282	-0.0006665975	0.0800307825	-0.2208812789	-0.0214859918	-0.030963549	-0.0423678242	0.077505449	0.0504776124	0.0618269408	0.029740135	0.1277953575	-0.0132671179	-0.0210592289	0.1949369334	-0.1421770082	0.0716459055	-0.0553464501	-0.0136548379	-0.0479090341	0.0035328965	0.1080922424	-0.1800946425	-0.0508916123	0.0314647025	0.0201565286	0.1920375003	-0.0781984126	-0.0320687874	0.0807414469	0.021633582	0.0304642958	0.1008680812	-0.0443799341	0.0216566491	-0.0049863197	-0.0468002674	0.1533802382	-0.0203010328	-0.1801202729	0.1636670901	-0.0651961332	0.1267577664	-0.032164353	-0.0254754392	0.0570302097	0.0752593517	0.093336122	-0.0520796423	-0.0367460175	-0.0870363451	-0.0581293203	0.0622350689	-0.0240838472	-0.1313744028	0.0088179575	0.0360495691	0.0598974923	0.0552336203	-0.0393090007	-0.025729993	0.0215098241	0.039224311	0.0318928283	-0.004100345	0.1374421797	0.0323505077	-0.0301134352	-0.1728586354	-0.011603978	-0.0646688083	-0.0497374623	-0.0077558615	-0.1222851797	0.0489441704	-0.0688893378	-0.0555787436	0.1282045865	0.0489341579704785	-0.0001636862421604	2.6793185872624608e-08	0.0023945518162797	-0.007023464764913	-0.05283571862239	4.9329057303974427e-05	0.0027916131623443	0.0739972532478816	0.0061791234498115	0.0054755934882311	3.81815666080116e-05	-0.0003321246647485	0.0002569304614556	6.601326202378756e-08	1.1030679293430353e-07	-0.0028593714406508	-1.8308659810017253e-07	3.35207024038941e-14	8.17600503560943e-06	-0.0007859763693948	0.0003008647283401	9.051958475916224e-08	6.177588532470311e-07	0.0	0.0	0.0
894.7775869535984	-0.0059650121261256	3.558136966482613e-05	800626.9301145044	1101.1754541924658	-3.705762108336103	1212587.380915983	13.732672803579636	845.1125172932942	1.2228242816346435	1.4952992237552825	714215.1668858086	885.8446203027881	744.3834600768872	1.199427	16.565662	0.0815831682973716	0.0406420424420701	0.1132734905	-0.0948151132	-0.138731704	-0.0333364854	0.0821184424	-0.0149010875	-0.104726202	-0.041331864	-0.0925598216	-0.0808966166	-0.0332301993	-0.0570576237	-0.0360312151	-0.1651500794	-0.050461868	-0.0325692671	-0.0276981612	0.1080091145	0.0820964378	0.1110371532	-0.0254566209	-0.0115681809	0.0654480852	-0.0416573934	0.2028949398	-0.068242988	-0.0282662362	0.1166632074	-0.0245786212	-0.0563051877	-0.0100697626	-0.109507377	0.0320564754	-0.0349788901	0.0586425475	-0.0233381239	0.1375925512	-0.117683369	0.0523249523	0.1276508387	-0.0096580635	0.0813868024	0.0954177463	0.0379043013	-0.0111151829	0.1517725051	0.0265065508	-0.0660844944	0.0462770903	-0.0971548633	-0.0693250879	0.086941427	0.1661116025	-0.0443498033	0.1730025956	-0.073923132	-0.0011349405	-0.0056060147	-0.0255946741	-0.031865444	0.1299225598	0.0407441374	-0.147983872	0.0356955757	0.1434832201	-0.0123463407	0.069082416	-0.0756084667	0.0281628347	0.0461840148	-0.1393906384	-0.0785530907	0.0218020005	0.0189928034	0.0115407152	0.0540878766	-0.0990511257	0.1307244076	0.018261232	-0.0066063977	-0.0716650781	0.0360436304	0.026292997	-0.0717238087	-0.0494042187	0.1266188352	0.0594780943706183	0.0105439364001398	0.0001111745948101	0.0035376437099601	-0.0014754511213936	0.0055480136435194	2.176956011621632e-06	3.078045538867741e-05	0.106255807390724	0.0322585541428424	0.0112902966042546	0.0010406143153866	-0.0004111801161346	-7.905545138610001e-05	6.2497643938600235e-09	1.6906908790446317e-07	-0.0031732893064553	-0.0003139178658045	9.854442647125212e-08	1.006976502246356e-05	-0.0010576563344216	-0.0002716799650267	7.381000339696324e-08	1.1186369217421353e-06	0.0	0.0	0.0
893.6536602897135	-1.1239266638849583	1.263211145791573	798616.8645492026	1094.7948364907122	-6.380617701753636	1198575.7340067253	40.71228225593185	843.3857347892992	-1.7267825039949685	2.981777816103133	711299.4976460863	883.8851497098335	735.5760280231931	1.173659	16.209774	0.0985689911252763	0.0476526746469984	0.0546639349	-0.0728553171	0.0198213107	0.11017123	-0.0389458436	-0.0246660343	-0.0395597468	-0.1392406927	0.0525347052	-0.0475101595	-0.0649411859	0.1023770941	-0.0417610248	-0.0154363845	-0.1295010002	-0.0541879336	0.0342894938	-0.0941111577	0.032927546	0.0494785693	-0.0895764112	0.0972434358	0.0945734443	-0.0242081483	0.0813144536	0.0234591269	-0.0250215368	0.0538619207	-0.0647033413	-0.0027399315	-0.0132103643	0.0934809598	0.1046506549	0.0060179481	0.1707851705	0.087168231	-0.073233666	0.0014085787	-0.0534728694	0.073317164	-0.1205521804	-0.053438448	0.0379100189	0.0026281446	0.0976886067	0.0146660388	0.0794153796	-0.0081323679	0.0908567953	-0.105130522	-0.0428530839	0.0219970815	-0.0089261613	0.0427570416	0.0767039091	-0.1432257434	-0.0318893801	-0.0841654729	0.1043301554	-0.1042667513	0.1335717978	-0.0232093057	-0.00264795	0.0647334553	0.0702460592	-0.1019795589	-0.0147725933	0.058060268	0.0845375856	0.0331263309	-0.0245784032	-0.0429966981	0.0269724839	-0.0011886236	-0.0610758869	-0.0278430305	-0.0159571375	-0.0023615297	-0.034304009	-0.0784916004	-0.0033344519	-0.0810502849	-0.1415484318	-0.0745091236	-0.0430942802	0.1242524367	0.051884913358549	-0.0075931810120693	5.765639788204978e-05	0.0026920442342241	-0.0132268262634198	-0.0117513751420262	0.0001749489330026	0.0001380948177286	0.0742140579793897	-0.0320417494113343	0.0055077264017682	0.0010266737053387	-1.985524632636896e-05	0.0003913248698082	1.53135153730429e-07	3.9423080668078805e-10	-0.0034529987986882	-0.0002797094922328	7.823740004518662e-08	1.1923200703742152e-05	-0.0007850369852658	0.0002726193491557	7.432130953413198e-08	6.162830682352158e-07	0.0	0.0	0.0
892.222876055706	-1.430784234007433	2.047143524284237	796061.6605571158	1096.9398039472865	2.14496745657425	1203276.9334839112	4.600885389762606	842.661542487867	-0.7241923014322538	0.5244544894537443	710078.4751880313	882.4013226347149	722.5360979802573	1.17921	16.286432	0.1149390385898958	0.0504150555463023	0.0579878259	0.0439336337	0.1419308332	-0.051364325	0.0673669177	0.0769536854	0.0125044797	-0.0044311815	0.0659064008	-0.0733413106	0.0763133571	0.0292583964	-0.0231903149	0.0916327958	-0.1159477493	0.0502620955	-0.040487191	-0.0431959355	0.0356945983	-0.1350604193	-0.1465055278	0.0811098008	0.116432329	-0.0095048165	0.2222366087	-0.0471173995	0.1294309375	0.0243950054	0.0601951246	-0.0204447398	0.1332385325	-0.0444514979	0.0169484987	0.0345332788	0.0201050326	0.0062225618	-0.1488007076	0.0433729165	-0.0103577283	-0.0536458214	-0.0124625403	-0.119588291	0.0715089354	-0.0854834002	0.0159892241	-0.04960592	0.135122536	0.039815298	0.10244596	-0.0975244887	-0.015188701	-0.1416819962	-0.0710682181	-0.0530583811	0.0841582858	-0.0793030809	0.0104859349	0.1484252931	0.0952389223	-0.1037304359	0.1790035637	-0.1741116334	0.0004344645	0.0211968094	0.0302129813	-0.0615165047	-0.0528916142	0.0729593586	-0.1066109593	-0.0923138901	-0.0893606543	-0.1046780767	0.0193372007	-0.0546600937	-0.0462533154	-0.0169902932	-0.0027456846	0.1107694459	0.061826575	-0.0923529916	-0.0729008374	0.0124199744	-0.106403123	-0.0772433738	-0.0366662233	0.1211199807	0.0680180400708394	0.0161331267122904	0.0002602777775148	0.0046264537750783	0.0238592183210926	0.0370860445845123	0.0005692622988935	0.0013753747029244	0.0883320827076943	0.0141180247283046	0.0078025568354789	0.000199318622229	0.0001629378693155	0.0001827931156418	3.341332312606168e-08	2.654874925707496e-08	-0.0039670989166142	-0.000514100117926	2.642989312515272e-07	1.573787381420156e-05	-0.0010401806029937	-0.0002551436177279	6.50982656672808e-08	1.0819756868443371e-06	0.0	0.0	0.0
894.1105028588721	1.8876268031660857	3.563134948031016	799433.5913225452	1098.1982142671625	1.2584103198760204	1206039.3178195846	1.583596533170468	843.6185753099846	0.9570328221176396	0.9159118226104536	711692.3006080482	883.1235050945162	728.6216022719199	0.845296	11.674646	0.0734989655611697	0.0364659279345034	0.0212319093	0.0688589451	0.1289073563	-0.1002066135	0.0880653025	0.0771960363	0.0432086789	-0.0343257573	0.024967278	-0.1002370841	0.1210876136	-0.0151456013	0.0482447817	0.1154962183	0.001272592	0.0600831234	0.0238609056	0.0113517801	0.1628273367	0.0121842053	-0.2213241306	-0.0285878864	0.0812739085	-0.0528400284	-0.0177962296	-0.0236799221	0.1791847496	0.1153859257	-0.1536755431	-0.0243592083	-0.0650454991	-0.0324984622	-0.0555848774	0.1004289874	0.0144407499	0.1924473895	-0.0748137519	-0.1246311109	-0.1554846667	-0.0872226137	-0.0119134278	-0.0776960211	-0.0288328511	-0.108654491	-0.0787448417	0.0658495773	0.0652112518	0.040848626	0.0636212329	-0.0866117619	-0.0017939195	0.0164705935	-0.100934715	-0.075356912	0.0260949551	-0.0670625612	-0.1709175995	0.1442755627	-0.0817358793	-0.1147952761	0.1569688322	-0.1859344017	0.0506604316	0.0172547398	0.0385949509	0.0517895538	-0.0150013097	0.0325922626	-0.0888733794	-0.0947269845	-0.100059386	-0.1287814852	0.0807970322	0.0288853264	-0.08643553	0.0611139986	-0.0133588559	0.0528233508	0.0437229254	-0.0193780878	0.049414156	0.0540888232	-0.0851209234	-0.0799246852	-0.0301376669	0.1172407796	0.0713355244808155	0.003317484409976	1.1005702810434408e-05	0.005088757052953	0.0143479708585232	-0.0095112474625693	0.000205864267757	9.046382829423282e-05	0.0632557607611801	-0.0250763219465142	0.0040012912694756	0.0006288219223652	0.0003370567153555	0.00017411884604	3.0317372546301224e-08	1.1360722936623857e-07	-0.0036856385596681	0.0002814603569461	7.921993253222612e-08	1.3583931592512346e-05	-0.0007838815711376	0.0002562990318561	6.568919373037417e-08	6.144703175691524e-07	0.0	0.0	0.0
895.4530033478188	1.3425004889467118	1.8023075628221603	801836.0812046288	1097.5709376883	-0.6272765788623929	1204661.9632579742	0.3934759063893077	843.8207685065992	0.2021931966145302	0.0408820887572021	712033.4893630677	882.9837349945644	733.814526401349	0.982038	13.563231	0.1026066075807056	0.0602180453562606	-0.0235701409	0.0047234343	0.094589173	0.1329845958	0.0790958612	0.1198960121	0.067193247	-0.0241046456	0.0124425996	-0.0695331436	0.1346250586	-0.0653066125	-0.0517752773	0.110565616	-0.0065105822	-0.0199072033	0.0311680065	0.0406968603	0.0026799679	0.1173559279	-0.168359375	0.0245500533	0.1069854089	-0.0710857256	0.0936217275	-0.0329151863	0.0935847072	-0.1129612066	-0.0133728024	-0.0501176662	-0.0073667541	0.1527018157	-0.1052093809	-0.0572952274	-0.0900807576	0.0649763753	-0.1784241691	0.095483737	-0.0923019787	-0.1055952263	-0.0390638295	-0.0401004961	0.0181737919	0.0310407171	0.0281735921	0.1467928891	0.0065300472	-0.060384348	0.1568066757	-0.0921939373	-0.0053080323	-0.1264937503	-0.1312210646	0.0064867827	0.0812823014	-0.0800971033	-0.0451710897	0.0976687793	0.0649671427	-0.1249268255	0.1539375326	-0.1560998596	-0.0065440461	0.1885790503	-0.0421272302	-0.0618970731	0.0712711328	-0.0452879251	-0.0321401162	-0.1800877239	-0.0328923062	-0.0116283404	0.022075526	-0.1345413896	-0.012637655	0.0678675258	-0.0248668402	0.0042769243	-0.0342029747	0.0118389581	0.0309659708	-0.0132554171	-0.0829933153	-0.0825512202	-0.0235265052	0.1126387502	0.0733192648876723	0.0019837404068568	3.935226001796422e-06	0.0053757146036686	0.0700945298884363	0.0557465590299131	0.0049132431202808	0.0031076788436755	0.0452549499037644	-0.0180008108574157	0.0020480104907922	0.0003240291915244	0.0002492433052973	-8.781341005820002e-05	7.711194986049585e-09	6.212222523552308e-08	-0.0034661326864244	0.0002195058732436	4.8182828388479135e-08	1.201407579989963e-05	-0.0010140722335661	-0.0002301906624284	5.298774106927164e-08	1.028342494889739e-06	0.0	0.0	0.0
897.3171188883116	1.864115540492776	3.474926748306674	805178.0118500204	1098.7388116065492	1.1678739182491429	1207226.976130572	1.3639294889266051	844.4621549664122	0.6413864598130203	0.4113765908314791	713116.3311705168	884.6554440192457	735.9396127871613	1.0072	13.910756	0.0798567830471336	0.0412474994805502	-0.0531859658	-0.0232422346	0.054788205	0.1906378603	0.0011814449	0.0849670308	0.022323261	-0.0429775714	0.0083731151	-0.0503790158	-0.0638553363	0.0171464059	-0.0497770819	0.0487624881	-0.0164444281	-0.052753363	0.0305025857	-0.0114433685	-0.1794236798	0.0348878626	-0.1073890532	0.1209104358	0.0170175837	-0.1151436215	0.0243589684	0.1374974437	-0.0856367542	-0.0815775848	0.2005906132	-0.0356118269	0.0458115337	-0.0745679298	-0.1250567718	-0.0917740788	0.0333559436	-0.0687759172	0.0378031604	0.0720085496	-0.0598554643	-0.0207178059	-0.0500587804	-0.0261264105	0.0732790826	0.1868122032	0.1032151509	-0.0347686245	-0.0144087746	0.0136543998	0.0612076507	-0.0771743361	0.1006487569	-0.0600657145	-0.1891237203	-0.0593968706	0.0807273427	0.0552011425	-0.0065833811	-0.0005478437	-0.0172498514	-0.1368632254	0.094959293	0.0025285196	-0.0153290943	0.1880523741	-0.082783566	-0.1247773066	-0.1142120001	0.0665011019	0.0182621224	-0.0259137848	-0.0326471374	0.0499586623	-0.0776125529	-0.051639452	0.0441084067	0.0199926151	0.058238986	-0.0673586239	0.0291545401	0.0294230568	0.0291313732	-0.1524005207	-0.1515217005	-0.0851211787	-0.016850859	0.1073422654	0.0697221570878099	-0.0035971077998624	1.293918452383092e-05	0.0048611791889772	0.035140577343327	-0.0349539525451093	0.0012348601760223	0.0012217787985257	0.0358366073961775	-0.0094183425075869	0.0012842624296677	8.870517559021828e-05	0.0004597196484146	0.0002104763431173	4.43002910120314e-08	2.1134215513844345e-07	-0.003269183746247	0.0001969489401774	3.878888503700112e-08	1.068756236672557e-05	-0.0007837499129693	0.0002303223205968	5.304837136509512e-08	6.142639260793854e-07	0.0	0.0	0.0
896.37410040304	-0.9430184852716366	0.8892838635640118	803486.5278733592	1100.5968422098365	1.858030603287261	1211313.4090822637	3.4522777227520245	844.2160950631807	-0.2460599032315258	0.0605454759783078	712700.8151637253	884.7238526974085	735.8350675355142	0.9976600000000002	13.778996	0.0893961504391442	0.0496267284504245	-0.036322589	-0.0191372796	0.0926979365	0.0833920828	0.0163341087	0.0789581694	0.0003514797	-0.0016026626	0.0668201172	-0.0227030937	-0.0942931439	0.0481803035	-0.0233463617	0.0261560638	-0.064382374	0.0133717918	-0.0048294493	-0.0932728349	-0.0493432583	-0.1846088881	0.0040751141	0.044922026	0.1016108851	-0.0309828888	0.1352649005	-0.058606757	0.0421812153	-0.130543884	0.1774738617	0.0126498263	-0.0054924897	0.0032538847	-0.1276723848	0.0075177702	-0.1005936145	0.0986433717	0.0039078022	0.0071457213	0.0108225889	-0.0143309311	-0.0142433277	-0.0746166648	0.0230874547	-0.0062089447	0.0100573854	-0.1547566507	0.0792092833	-0.0460509751	0.0364906971	0.0635082364	0.0361285273	-0.1934480094	-0.0208240672	-0.0165312176	0.1878682642	-0.0545601938	-0.0070465528	-0.0056339095	-0.0094541777	-0.0962953748	0.0592125796	-0.0892745762	0.0727334207	0.0828463876	0.0607386576	-0.1144455985	-0.0691381639	0.1526692976	-0.0845274493	-0.0534574546	0.052314382	1.17556e-05	-0.0694427455	-4.62871e-05	0.0753585817	-0.0168950391	-0.0230837874	-0.0232022115	-0.0107274503	-0.0185948317	-0.1335610983	-0.0704018074	0.006022366	-0.0876327994	-0.0101290257	0.1013839798	0.0692323278668993	-0.0004898292209106	2.399326656578917e-07	0.0047931152218698	0.0127283184147017	-0.0224122589286253	0.000162010089666	0.0005023093502837	0.0490791752352208	0.0132425678390432	0.0024087654417695	0.0001753656029716	-0.0001769812494529	-0.0006367008978675	4.0538803334528077e-07	3.1322362657909625e-08	-0.00326889665389	2.870923569999427e-07	8.242202144778255e-14	1.068568533381324e-05	-0.0012117918117561	-0.0004280418987868	1.832198671170092e-07	1.4684393950391315e-06	0.0	0.0	0.0
896.4964258732925	0.1223254702525764	0.0149635206725139	803705.8416035878	1098.1044743314703	-2.492367878366167	1205833.4365467948	6.211897641111469	844.5012968121152	0.2852017489345826	0.0813400375953447	713182.4403173444	884.3090062411326	731.7612494639496	0.931571	12.86622	0.0870214500150352	0.0371358127160648	-0.0213644831	-0.0364081344	0.1080078699	0.0997774159	-0.0944506185	0.0255972415	0.0262374571	-0.0547665304	0.0799476323	0.0004019536	0.0476923062	-0.0498153108	0.0760568485	0.0670600931	-0.0152539116	-0.079657977	0.1088859342	-0.1110173131	0.0379731278	-0.0570804169	-0.0307531041	0.0488155918	0.1082500827	-0.0883980462	0.0732680825	-0.0250533466	-0.1153184893	-0.0919884003	0.0113735889	0.1356350766	0.0384624951	-0.0622990268	-0.0132499157	0.1023868604	-0.0767272024	0.0290230571	-0.0926050495	0.1480737479	0.1600887823	-0.0406783698	-0.0825124822	-0.0462180202	-0.1012844973	-0.0487442503	-0.0521834479	-0.0276421515	0.0671783291	-0.1120878091	0.0815651808	-0.0449997598	0.0622450111	-0.1066825329	-0.0660310047	-0.0009898863	0.0839842098	-0.0426397778	0.0556969283	-0.1060275933	0.0243534569	-0.1420418538	0.0669207676	-0.0762623148	0.1238571377	0.0487289924	0.0358919926	-0.019817431	0.0168694204	0.0014960682	0.0444042757	-0.077470586	0.0726388993	-0.0121939066	-0.0185261156	0.0770216214	-0.0253052609	-0.0238304582	-0.048057789	-0.0213290694	0.0126299534	-0.0394794738	-0.1168832872	-0.1104827616	0.0203597773	-0.090084361	-0.0033794295	0.0948006283	0.049407283064184	-0.0198250448027152	0.0003930324014296	0.0024410796197844	0.0044347910416746	-0.0082935273730271	1.9667371583317284e-05	6.87825962871498e-05	0.037808627550703	-0.0112705476845177	0.0014294923172677	0.0001270252451089	0.0001717865896833	0.0003487678391362	1.216390056157343e-07	2.951063239501847e-08	-0.0030920737015993	0.0001768229522907	3.12663564567993e-08	9.560919776121996e-06	-0.0007847360000875	0.0004270558116686	1.823766662799269e-07	6.158105898333288e-07	0.0	0.0	0.0
897.0379451536252	0.5415192803326363	0.2932431309719763	804677.0750454383	1101.4801822743518	3.3757079428814905	1213258.5919431392	11.395404115633184	845.1631495620265	0.6618527499113043	0.4380490625651554	714300.7493776045	886.1884700607204	744.0844597460618	1.035776	14.305422	0.1040905279481113	0.0645650820748669	0.0039705753	-0.0784844453	-0.0193078658	0.1292205942	-0.0446781835	-0.0584001767	-0.0112850131	-0.0312987023	0.0366390168	0.0462618481	0.0331686137	-0.1149760208	-0.002255022	-0.070526114	-0.0369862929	-0.1268516989	0.0407401817	-0.1013906055	-0.0630659431	0.0595845136	0.006507161	0.0105843703	0.0541713348	-0.0261473077	0.0748195925	0.0474418599	-0.1769215671	-0.1223802557	-0.0510118069	-0.05968622	0.0582772193	0.1549081915	-0.0300119924	0.2060493094	-0.095714581	0.0619147285	0.0613445131	0.0561257143	0.0308362577	0.0547616823	-0.075810763	0.0597370545	-0.0516287788	0.0183420734	0.082210183	0.0310926168	0.000348521	-0.0481892612	0.101187417	-0.0223569268	0.0408110471	-0.0860195186	-0.0369829041	0.0709318643	0.0246862593	0.0263243855	0.1742118542	-0.0966002168	0.0610528262	-0.0993550841	0.0310714559	-0.0064428617	0.0057472429	0.0902786105	0.0577728956	-0.087572804	0.1505357929	-0.0554089792	0.1103054246	-0.0230587138	0.0284810771	0.0654028957	-0.0406215685	-0.1516849048	0.0816160343	0.0192671025	-0.0275393631	-0.0822593999	-0.1288952325	-0.1031993105	0.020790676	-0.0790848975	0.0324873592	-0.0924741833	0.0033794295	0.0876327994	0.056606143958092	0.0071988608939079	5.1823598169837855e-05	0.0032042555338042	0.0609474669097949	0.0565126758681202	0.0037145937227205	0.0031936825337752	0.0378309075593961	2.228000869310132e-05	0.0014311775667675	4.963987873646701e-10	-0.0002540665012115	-0.0004258530908947	1.8135085502465477e-07	6.454978703785312e-08	-0.0027119026388797	0.0003801710627195	1.445300369293499e-07	7.35441592276268e-06	-0.0007858460700209	-1.1100699334000211e-06	1.2322552570387278e-12	6.175540457672932e-07	0.0	0.0	0.0
895.9819834906559	-1.0559616629692528	1.1150550336607898	802783.71473985	1095.785265139316	-5.694917135035894	1200745.347296441	32.43208117492544	844.6172056255919	-0.5459439364346963	0.2980547817298117	713378.2240387833	885.3825841939674	746.6493824026478	1.345501	18.58313	0.2099365673048722	0.1379844537980895	0.0561083883	-0.0994686099	-0.0611280975	-0.0331476705	-0.0508828105	-0.2042728678	-0.0444513676	-0.1256010105	0.1203768204	-0.0039467784	-0.079579617	-0.1217002421	0.0547524767	-0.1161807109	-0.1007261406	-0.1175424651	0.1644693996	0.0137067784	0.1609953704	-0.0064656572	-0.0415413742	0.1929022512	0.0727165935	-0.0072716971	-0.2840561757	-0.0571756321	-0.0866386309	0.2026671607	0.0321221922	-0.135878402	0.2662456391	-0.0767096483	0.0804431589	-0.0825354077	0.0645463224	0.0456668937	0.1470942313	-0.0800142137	0.0633560041	0.1417514865	-0.1098747542	0.0115783661	-0.0262506851	0.081497356	-0.0258128922	0.0252798894	0.2246416536	-0.1740519159	0.0290211852	-0.2019529693	-0.0684072921	0.3458193405	-0.1040918642	-0.094872958	-0.208340068	-0.018552245	-0.0231320975	-0.0853205498	-0.0455055217	-0.197499928	0.0661588551	0.176928235	0.0184309302	-0.0578894076	0.0762185416	0.1020582597	-0.1923948131	-0.1670181821	0.19962921	0.0662715759	-0.1924808558	-0.0235004	-0.1830279172	0.3310690895	-0.1858517401	0.0599800112	0.0898824477	-0.1309520823	0.0652009239	-0.1777252542	-0.0571754622	0.1494070813	0.0133323847	-0.0948006283	0.0101290257	0.0799246852	0.0494381138125419	-0.00716803014555	5.138065616751497e-05	0.0024441270973418	-0.0473058355452451	-0.10825330245504	0.0022378420766337	0.0117187774924223	0.0153166043713639	-0.0225143031880322	0.0002345983694688	0.0005068938480426	0.001180943510913	0.0014350100121244	2.0592537348975568e-06	1.3946275759675229e-06	-0.0027129653223232	-1.062683443500169e-06	1.1292961010893769e-12	7.360180840128225e-06	-0.0007819001352639	3.945934756999984e-06	1.5570401106500525e-11	6.113678215257051e-07	0.0	0.0	0.0
895.5110501182841	-0.47093337237186	0.221778241213533	801940.0408839518	1101.414302874626	5.629037735310021	1213113.4665767984	31.686065825544173	845.2907898873993	0.6735842618074912	0.4537157577547429	714516.5194684635	888.1820856250307	744.2388178554934	1.505855	20.797832	0.2726372385240904	0.1621401531971354	0.1027544107	-0.0519728849	-0.0864974278	-0.0196895218	-0.1420944815	-0.1304775459	-0.1404969633	0.0053022575	0.1579758478	0.0533627158	-0.0608420935	-0.0869280732	0.2235711748	-0.1636977984	-0.040556394	0.0141996701	0.2640184102	0.0231582011	-0.0189294217	0.008905984	-0.042392754	-0.1417360832	0.0077665803	-0.0096124522	-0.2387019828	-0.0180085739	-0.0639538012	0.03243843	-0.0942446648	-0.1607478794	0.0924389913	0.2379002361	-0.1325775845	-0.0865312112	0.005809209	-0.1686634767	-0.0825407267	-0.1026740268	0.1287369222	0.2149944005	0.0032545614	-0.0514069529	-0.2255657716	0.1077147064	-0.1148856415	-0.0078959984	0.0054834943	-0.0413791244	0.0145237924	0.1723855194	0.1316555582	0.3562380202	-0.1581882702	0.0099217332	0.0631727101	-0.0109032445	-0.0407851139	0.0740873296	0.079803646	-0.3000223065	-0.0883821242	0.1750077052	-0.0170051235	-0.1918241428	-0.1774290093	0.1488396109	-0.0981801903	-0.2927912275	0.0026238724	-0.0520978671	0.2166661122	0.0042026026	-0.0770198548	-0.1519315474	0.0634909345	-0.0821769226	0.2420384827	-0.0563542587	0.2888091927	-0.0298895465	-0.1903003622	0.1610443801	-0.1414166802	-0.0970621018	0.016850859	0.0717238087	0.0327381728273081	-0.0166999409852338	0.0002788880289102	0.0010717879600706	0.0768019885024671	0.1241078240477122	0.005898545437933	0.0154027519898578	-0.0739839314884704	-0.0893005358598343	0.0054736221184906	0.0079745857048535	0.0018710099258022	0.0006900664148892	4.761916569580336e-07	3.5006781424503538e-06	-0.0025537393421495	0.0001592259801737	2.5352912762275592e-08	6.521584627642161e-06	-0.0007806137777006	1.2863575633000144e-06	1.6547157806591505e-12	6.093578699360017e-07	0.0	0.0	1.0
894.0539816969854	-1.4570684212986862	2.1230483843458456	799332.5221882334	1105.3439217750065	3.9296189003805466	1221785.1854049517	15.441904702228015	844.6789983575994	-0.6117915297999161	0.3742888759349216	713482.6102663975	886.005508374868	731.8893786917871	1.395558	19.274492	0.1521371861599992	0.0899264424938246	0.1336200317	0.1340853734	-0.0665450933	0.0225171019	-0.0727945194	-0.0464756896	-0.0086260596	0.110028287	0.1103977252	-0.0720628872	0.03848437	0.0394532727	0.1340501466	-0.0582436827	0.0073537293	0.1844289825	0.1640526454	0.13003571	-0.0880739487	0.0155061556	-0.0338793012	-0.1520117167	-0.1059728247	-0.1663647089	-0.0762719504	0.0340308737	0.0579137206	-0.0800128068	-0.0835986693	0.0325716546	0.02180501	-0.0299427403	0.2303563925	-0.0726346098	0.0560649817	-0.0147009795	-0.0775066641	-0.0320771597	-0.0021662739	0.0581969357	0.1416786355	-0.0796528176	-0.0737527223	0.1533088089	-0.018960458	0.0844085298	-0.0617466935	0.1156323685	0.0391403936	-0.1275904233	0.1581200425	0.0188498789	0.1736534148	0.1227993834	-0.1463702615	0.0854226196	-0.041066958	0.0840118918	0.0664040567	-0.2445237507	-0.031816998	0.062128688	-0.153573374	-0.0788623282	-0.163895023	0.0897871657	-0.1399916094	-0.0880730304	0.1069415016	0.1022262778	0.0079304996	0.004340677	0.0532977822	-0.0156055799	0.1067644348	-0.2104355537	-0.110650814	-0.0947680201	0.0430741993	0.1034000476	0.2367147614	-0.0596260658	0.0592545396	-0.0992570537	0.0235265052	0.063080731	0.0324815893293646	-0.0002565834979434	6.583509141692037e-08	0.0010550536453614	0.0280510960666759	-0.0487508924357912	0.0007868639905418	0.002376649513286	-0.0248691749800258	0.0491147565084446	0.0006184758641871	0.0024122593068838	0.0009519408375502	-0.000919069088252	8.446879889803626e-07	9.061913581957762e-07	-0.002712872000445	-0.0001591326582954	2.5323202936192336e-08	7.359674490798455e-06	-0.0007827111055095	-2.097327808899983e-06	4.398783937985204e-12	6.126366746879035e-07	0.0	0.0	0.0
894.7558272039325	0.7018455069471656	0.4925871156219239	800587.9903153935	1108.8505339926862	3.5066122176797307	1229549.5067358655	12.29632924518076	844.060981611772	-0.61801674582739	0.3819446981230767	712438.9406794282	885.7221709677258	731.6677092794162	1.200389	16.578943	0.0991966572026141	0.0615726868562264	0.1367407776	0.0777988682	-0.089679805	0.1381130388	-0.1215228834	0.0916022156	-0.0770424745	0.1332534584	0.0348846801	-0.0997231344	-0.1678304181	-0.141877907	-0.0047328624	-0.0962461067	-0.0858266456	0.1302204285	-0.0089250137	0.1803702053	-0.1310784418	-0.017055835	-0.0215261611	-0.1533306998	-0.0607088661	-0.2366589598	-0.0406177015	0.0596856923	0.049508529	-0.1574152814	-0.0910779099	0.0392079824	0.0779162421	-0.0706129755	-0.1211017855	-0.0493780041	-0.0087076224	0.0075054938	0.0075157633	-0.0515150126	0.2491102927	0.1256999244	0.130230667	-0.0888546041	0.0801006663	0.1583526361	-0.0532457262	0.0022430818	-0.0078382086	0.0540496936	0.0624855055	-0.0006351426	0.2158806172	0.0687835134	0.1120257237	-0.0209608421	0.1069885347	0.1492048733	-0.0224895728	0.0161137806	-0.0408198808	-0.1604943926	-0.0067961053	0.0940873245	-0.1581518075	-0.0853746193	-0.0932202641	-0.0324234798	-0.0881703639	-0.0050938575	0.0084149941	-0.0216030678	0.1753767687	0.1288904033	0.0826121734	-0.0756865749	0.1739358768	-0.1193860469	0.0107114562	-0.0202678594	-0.077477472	0.0121177072	0.0245847196	-0.0327956074	0.0254502228	-0.1013839798	0.0301376669	0.0540487397	0.0400565759185695	0.0075749865892048	5.738042182663407e-05	0.0016045292743201	0.0220690081668379	-0.005982087899838	0.0004870411214679	3.578537564138821e-05	0.0034216954631176	0.0282908704431434	1.1707999842319567e-05	0.0008003733504307	5.803370303944272e-05	-0.0008939071345107	7.99069965129233e-07	3.367910688470223e-09	-0.0024620235264545	0.0002508484739904	6.292495690336244e-08	6.061559844815452e-06	-0.0007849297424168	-2.218636907300024e-06	4.9223497264338136e-12	6.16114700530504e-07	0.0	0.0	0.0
896.6490741863407	1.8932469824081863	3.584384136397704	803979.562239222	1105.1939284953664	-3.656605497319788	1221453.6195830212	13.370763763029291	844.1777059844046	0.116724372632575	0.0136245791664682	712635.9992810918	884.5794820965461	731.6928916902684	1.311006	18.106718	0.0408241773655914	0.0256946214858149	0.0357661467	0.0787984799	-0.0516136778	-0.1069671253	-0.1189397671	0.1254889541	0.0137241519	0.1218370348	0.0941991254	-0.1554913009	-0.1136731031	-0.0395505964	0.1776982648	-0.0156845628	-0.0448928139	0.1395179695	0.0514103842	0.0821515793	-0.0387338872	-0.1766231696	0.011073655	0.0818594379	0.1117445065	-0.0492540441	-0.2552632713	0.1824088868	-0.0191288249	0.0225829357	0.0437976513	-0.0003490333	-0.060212624	-0.3268475528	-0.1793332218	0.0276826885	-0.2968741258	0.015894344	-0.0799125917	-0.1668230991	-0.0244171672	0.0347387465	0.1009209608	-0.1083773018	0.006413201	0.0480184523	-0.1793490456	-0.1538317043	0.0736574236	0.048046663	0.065973687	-0.1455294401	0.0032032965	0.0275811755	-0.1204601699	-0.0465731889	-0.1808820277	0.2650844528	-0.1131546644	-0.0683439109	-0.0651241733	-0.1081486839	-0.1172908423	0.038131627	-0.0851084565	-0.0910911353	0.0436679762	0.0747343674	-0.2462475388	0.1062473526	0.0389057395	-0.16219771	-0.0653399298	0.1105943784	0.1506083234	0.1506507581	0.0890715871	0.2768672111	0.1487096902	-0.0204737609	-0.3388107208	0.2207667903	0.015583609	-0.1256797149	0.044805404	-0.1034414224	0.0366662233	0.0446835199	0.0405601517241507	0.0005035758055811	2.5358859196675264e-07	0.0016451259078861	0.0220144131358637	-5.459503097419993e-05	0.0004846343857164	2.98061740707385e-09	0.0155429197781415	0.0121212243150239	0.0002415823552297	0.0001469240788951	-0.0002540665012115	-0.0003121002042509	9.740653749348017e-08	6.454978703785312e-08	-0.0027119026388797	-0.0002498791124251	6.243957082640572e-08	7.35441592276268e-06	-0.0007858460700209	-9.16327604099992e-07	8.396562780356317e-13	6.175540457672932e-07	0.0	0.0	0.0
900.4369774798218	3.787903293481122	14.348211360765132	810786.7504129972	1104.618521248026	-0.5754072473405358	1220182.077484175	0.3310935002920125	846.3932227857185	2.2155168013139246	4.908514696904284	716381.4875775949	886.8912592953856	749.8564321816857	1.398889	19.320488	0.1309627547774608	0.0664861985746074	-0.1098843525	-0.0099306095	0.0423781987	-0.012205099	0.0850215294	0.0790115746	0.0584187735	-0.0029013773	-0.0695548044	-0.0550415624	-0.0938674167	-0.1020631528	0.1188442159	0.0380417782	0.1504327309	-0.0639309654	0.0941405873	-0.0830537437	-0.005675947	0.0383867779	0.1127817831	0.200400159	-0.0912048976	-0.0758327978	-0.2327669326	-0.0746591583	-0.0911193354	0.0431581576	0.1393622278	0.0905019265	-0.1111401358	-0.0336797442	-0.0196382418	0.0539770425	0.1048905098	-0.1058292965	-0.1073562721	-0.0359517988	-0.0527662708	-0.0596215434	-0.0122318044	0.0743044532	-0.0771944162	0.1071397265	0.0180436636	-0.0768209736	-0.0357365473	-0.0639858911	-0.2237688864	-0.0547266196	0.0713295219	-0.061252248	-0.1941282567	-0.1143185918	-0.1186884745	0.0960644608	-0.1395252647	-0.1858277477	0.1122583361	0.0308271691	-0.1172414076	-0.037354598	0.0143311487	0.0763753766	-0.0540081605	-0.0993961511	-0.0733079947	-0.0396056762	-0.099524154	-0.0064769478	-0.1130307583	0.16045899	-0.0777999104	0.0838495875	0.050911887	0.074598195	-0.0109698167	-0.1398936714	0.0462559369	-0.0577702929	0.1589652793	0.0193187697	0.0722770169	-0.1054279714	0.0430942802	0.0350428114	0.0505841644401243	0.0100240127159735	0.00010048083093	0.0025587576921055	0.0537457790614865	0.0317313659256228	0.0028886087669261	0.0010068795835057	0.0370115041420859	0.0214685843639444	0.0013698514388596	0.0004609001145917	-0.0010038311550795	-0.000749764653868	5.621470361898018e-07	1.007676987908243e-06	-0.0021081052154314	0.0006037974234483	3.6457132856280563e-07	4.444107599329069e-06	-0.000787059828143	-1.2137581221000537e-06	1.473208778963849e-12	6.194631730764888e-07	0.0	0.0	0.0
896.3892952112953	-4.047682268526501	16.383731746943837	803513.7685694027	1102.2062474027591	-2.412273845266782	1214858.6118136724	5.819065104558185	844.6121735543916	-1.7810492313269606	3.172136364410357	713369.7237162737	885.941315632946	744.2225210844581	1.209949	16.710981	0.0557516348695991	0.0305348863460291	-0.0291987216	-0.0028847825	0.0566082156	0.0845559246	0.094502976	-0.0880746458	-0.0411420671	-0.0094683462	0.00019155	0.1373190151	-0.1109699267	0.0268724502	-0.1483127473	-0.0093427985	-0.0229282116	-0.0333921597	-0.007270916	-0.1979390353	-0.1926676146	-0.04681299	-0.0699403314	0.0724676534	-0.2421444384	-0.102540583	0.0381499295	-0.0035033377	0.0149572715	-0.1040680915	-0.003716188	-0.0221097996	-0.1027545869	-0.0110333441	0.0047857326	-0.0098497468	-0.0251708929	-0.0212914899	-0.0348136139	-0.0636016356	-0.0321876577	0.0460094308	-0.0231211924	-0.022526463	0.0132920885	0.0906489964	0.2332633151	-0.1285861299	0.0353612291	0.1263046559	-0.0867253419	0.0800731358	0.1202608219	-0.1318641146	-0.0429154665	0.0165134714	0.0832104932	0.1255705781	-0.1052764618	-0.0782897776	0.110797755	-0.0339195946	-0.0281437111	-0.0055860858	0.0040545358	0.0403134138	-0.0351974697	-0.1819928924	-0.0187379983	0.0820340974	-0.155947917	0.1763267774	0.075449966	-0.0235887876	-0.0758791799	-0.1324457725	0.0505697127	-0.0398712067	-0.0387269836	0.0461991706	-0.0321082287	-0.0787765509	0.0705824531	0.0772789032	0.0113834588	-0.1073422654	0.0494042187	0.0251860523	0.0472032926702183	-0.003380871769906	1.1430293924547332e-05	0.0022281508389102	0.0338046299172418	-0.0199411491442446	0.0011427530038416	0.000397649429193	0.0254710796971124	-0.0115404244449735	0.0006487759009366	0.0001331813963701	-0.0006927886008147	0.0003110425542647	9.674747056357101e-08	4.799560454187898e-07	-0.0020017296220753	0.0001063755933561	1.1315766861862362e-08	4.006921479893723e-06	-0.0007866941855544	3.656425886000613e-07	1.3369450259815366e-13	6.188877415851007e-07	0.0	0.0	0.0
895.009905240259	-1.379389971036403	1.9027166921958087	801042.7304781773	1102.772671833444	0.5664244306849469	1216107.565742673	0.3208366356767662	843.3236762769294	-1.28849727746217	1.6602252340274246	711194.8229692352	883.8483374733595	727.6694255515711	1.330277	18.372873	0.0511201911098611	0.0279140512300418	0.0117127381	0.0104910027	0.1564525996	-0.1231057196	0.0281985823	0.0957235999	-0.0536341975	0.0007834784	0.0960673453	-0.0347810592	0.020968062	0.0031439199	0.0534329945	0.0949071093	-0.1143704864	0.0038913626	0.104000642	-0.0257622885	0.1337692292	-0.0958161767	0.1278673696	0.0062333136	0.0840488715	0.0039553214	0.0020487295	0.2100475421	0.1183673633	0.0509821783	-0.1213941836	0.1891657655	0.099566465	0.0452639634	-0.0733926654	-0.1163406516	0.1030324775	0.1163177804	0.0869163949	-0.0319699431	-0.0119656673	0.0080058238	-0.0571803792	-0.1517602027	-0.0815302515	-0.1030892499	-0.1099680643	-0.0728895691	0.0828618396	-0.0736130437	-0.1410737147	-0.0337025271	-0.065838955	-0.0704111262	-0.0311470936	-0.1852964326	-0.0274891603	-0.0232353786	0.1096554805	0.1501812828	-0.0799543625	-0.027299272	-0.0660683433	-0.1356344948	0.1092285196	-0.1072391186	0.0717908893	-0.0838702845	-0.1074495083	-0.0115923555	-0.1659508755	-0.0530801437	-0.0157867336	0.1034744836	0.0236971116	0.1157735792	0.1248967346	0.1076170063	0.0491035288	-0.026086892	0.0090164534	-0.0237221625	0.0978591228	0.1182757333	0.0552660873	-0.1091829923	0.0555787436	0.0151740128	0.0507719552094414	0.0035686625392231	1.2735352318854291e-05	0.0025777914357895	0.0376083912454134	0.0038037613281716	0.001414391092068	1.4468600241693803e-05	0.0456234817228988	0.0201524020257863	0.0020815020845196	0.0004061193074089	-0.0005939355093713	9.885309144340004e-05	9.771933687917207e-09	3.527593892921456e-07	-0.0023747718257252	-0.0003730422036499	1.3916048570397345e-07	5.6395412242582e-06	-0.0007867061947947	-1.2009240300011985e-08	1.4422185258343194e-16	6.189066369283564e-07	0.0	0.0	0.0
897.6002381376007	2.590332897341796	6.709824519051142	805686.1875046776	1100.26392400214	-2.508747831304163	1210580.7024605868	6.29381568107334	843.5979716907848	0.2742954138553841	0.0752379740620964	711657.5378408062	883.3955533009655	736.976224892175	1.130351	15.611635	0.0354171528082173	0.0194733017431016	-0.0284930742	0.0144191341	0.1027954357	0.0384277821	0.0502347449	0.0779968201	0.0373413052	-0.0607149613	-0.0013012825	-0.0405203814	0.1210567233	-0.048051874	0.0254834253	0.0990957969	-0.0497055804	-0.0335138073	0.0259357038	0.0314173081	-0.013527775	-0.0301144312	-0.096524023	-0.1036333339	0.0074891868	0.0226887712	-0.0061752246	0.1045451317	0.0309170309	-0.0936975113	0.0544426892	-0.1111978885	-0.0991135076	0.1505156496	-0.0328859973	0.0350144441	0.0351432333	-0.0942949429	0.0101114034	-0.0393079792	0.1291118487	-0.0911175488	-0.069068258	-0.0513516029	-0.0214171839	-0.0483548007	-0.032726822	0.1305434822	-0.0407783606	0.0890120879	0.1367001865	0.0293309624	0.0211284068	-0.1096822872	-0.0740731694	0.0661618415	0.0042128383	0.016525574	-0.0695494558	0.0816391907	0.0265238507	-0.0008073144	-0.0101001283	-0.0966898344	0.0447697816	0.032707109	-0.0110167113	-0.0779547085	0.0573928163	-0.0280590694	-0.1150807681	-0.0207596754	0.0466891825	-0.0295913651	0.1420645338	0.0332680241	0.1210853523	-0.0576751967	-0.086824157	-0.0475646572	-0.1059794277	-0.025140124	0.0178611773	-0.0505129373	0.0401417765	-0.1109488906	0.0616009311	0.0050684204	0.0505601752569333	-0.0002117799525081	4.4850748284334106e-08	0.0025563313220118	0.0490147222532897	0.0114063310078762	0.0024024429975671	0.0001301043870612	0.0376966255367108	-0.0079268561861879	0.0014210355768549	6.283504899650694e-05	-0.000644830144365	-5.089463499369999e-05	2.590263871141951e-09	4.158059150817867e-07	-0.0021082479703435	0.0002665238553816	7.103496548752522e-08	4.444709504457488e-06	-0.0007866809719372	2.522285749999211e-08	6.361925404649083e-16	6.188669516080576e-07	0.0	0.0	0.0
896.8776527539546	-0.7225853836461056	0.5221296366589896	804389.5240094432	1100.8958333116896	0.6319093095496555	1211971.6358030394	0.3993093754955223	842.3792695016572	-1.2187021891276115	1.4852350257844331	709602.8336861456	883.101570081411	740.1642045191865	1.085208	14.988154	0.0454913187849334	0.0296853696636345	-0.0183582712	0.1176135633	0.0573968952	-0.0342591054	0.2220241039	-0.0395847134	0.0176923521	-0.0137668459	0.0732988967	-0.0182837045	0.0779357001	0.0251993883	0.005475344	0.132954014	-0.0963725818	0.0718092851	0.0181800611	-0.0042802292	0.1037122943	0.0646274618	-0.0695475639	0.0849120907	-0.2319076965	0.0978996293	-0.0695019326	0.1072706335	0.107120493	0.1566895291	0.0450120031	0.0088727794	-0.053818313	-0.1566741002	-0.0691664787	-0.0460058189	0.0028867962	-0.0262847969	-0.0470068621	0.0918616081	0.1063230123	-0.0511373534	-0.039640672	-0.1445275705	0.0262991322	0.0017606566	0.0432302913	0.1692568471	0.0018648147	0.0593695723	-0.1310841792	-0.0476270111	-0.090097556	0.0928755881	-0.0800422979	-0.114485911	-0.0094973175	0.0265893427	-0.2116338539	-0.0569869855	-0.0715224267	-0.0167893402	-0.060844709	-0.0660994286	0.0358430257	-0.0672305992	-0.084719559	0.0097274662	0.082852947	-0.0485220321	-0.184723895	0.0807559551	-0.1111211536	0.1049306397	-0.0345102201	0.1208173786	-0.020387204	0.3076910032	0.264487433	0.0980847954	-0.0331434024	-0.1355907297	0.0369493166	0.0512316706	0.0789515104	-0.1126387502	0.0674542747	-0.0050684204	0.0505810885093893	2.0913252455997955e-05	4.373641282883045e-10	0.0025584465147946	0.0556555033918897	0.0066407811386	0.0030975350578046	4.409997413078558e-05	0.0139632007722383	-0.0237334247644725	0.0001949709758058	0.0005632754510508	-0.000426242922582	0.0002185872217829	4.778037352681041e-08	1.8168302905124488e-07	-0.0021088534459545	-6.054756109996791e-07	3.666007155154347e-13	4.447262856514168e-06	-0.0007039496767431	8.273129519410002e-05	6.844467204493316e-09	4.955451473867149e-07	0.0	0.0	0.0
898.6475568219395	1.7699040679848397	3.132560409869283	807567.431382041	1100.2703433422332	-0.6254899694563392	1210594.8284384357	0.3912377018904921	846.6618725400982	4.282603038441039	18.340688784864412	716836.3264131055	886.7981179435299	747.7121430012717	1.324367	18.291243	0.0655847776307421	0.037384032758693	-0.0284766156	-0.0975231873	0.0386698402	0.0421968306	-0.03618102	0.0212403808	-0.0111631134	-0.0912915228	0.0308592033	-0.0536847202	-0.0833973879	-0.0117877264	0.0049354516	-0.0100541923	0.085683591	-0.1216945352	0.1066568473	0.0239372141	-0.0497640665	-0.1274888791	0.224695445	0.0353656996	-0.0387222268	-0.0123555813	0.0797521182	-0.0909786857	0.175835577	0.0900928788	-0.1228415122	0.0580838129	-0.0806644599	0.0157252717	-0.0423588001	-0.0105791294	-0.0398222529	0.1499760708	-0.0374577866	0.0710584131	0.0595478226	0.0151674936	-0.0996959199	0.0377662613	-0.0969035981	0.0763639033	-0.1030608862	-0.1516402915	-0.1075870483	-0.1426715399	-0.0517382134	0.0012564168	-0.0490510712	-0.1022108798	0.1151453925	0.0790096051	0.0145264894	-0.0774757564	-0.0592108685	-0.0140731932	-0.1031791983	0.0285505513	-0.117444772	0.0256081785	0.1587804135	-0.0295936232	0.1228665749	-0.1135235899	-0.0610362105	-0.0267055216	0.0527079798	0.0235386741	0.1287650936	0.0661372868	0.0183431457	-0.0376849347	-0.0548975639	0.1007895602	-0.0226728454	-0.0192550801	0.1023169242	-0.2767982903	0.1162413831	0.0414743057	0.1234538233	-0.1142514127	0.0731227308	-0.0151740128	0.0503197967235991	-0.0002612917857902	6.827339732143208e-08	0.0025320819423043	0.0326574051926371	-0.0229980981992526	0.001066506113916	0.0005289125207824	0.0289730926021576	0.0150098918299193	0.0008394400949331	0.0002252968527458	-0.0004100459920224	1.619693055960003e-05	2.623405595525054e-10	1.681377155736341e-07	-0.0016008616096876	0.0005079918362668	2.580557057138168e-07	2.5627578933715738e-06	-0.000681828527254	2.2121149489099973e-05	4.89345254719108e-10	4.648901405773586e-07	0.0	0.0	0.0
898.3396948665247	-0.3078619554147508	0.094778983591794	807014.2073728808	1106.0431918529755	5.7728485107422784	1223331.542244318	33.32577992797934	847.127758696585	0.4658861564868175	0.2170499108060594	717625.4395542996	888.1663682565749	751.0351843406905	1.262803	17.440964	0.0456047398124089	0.0201394342941041	0.0479278414	-0.1134679579	-0.0964678989	-0.1583928396	0.0208150444	-0.061867715	-0.1280405354	-0.032571197	-0.11504991	0.0919632737	0.0806365906	-0.1109695815	0.0838064276	-0.1945112211	0.0887994571	-0.053500432	0.010227623	-0.0310361369	0.1326396704	-0.0518569612	-0.000280779	0.0838980487	-0.0192735961	0.0871389472	-0.0251586605	-0.053777765	0.1844243866	0.1235976828	0.0038386326	0.0166954309	-0.0170551334	0.0451722865	0.0282160819	0.0538461342	0.0902283938	0.0031400046	-0.052831939	-0.0052111369	0.127694256	0.1350237634	0.0135423069	0.182019786	-0.0847447124	-0.0776400646	-0.0561165197	0.0298388027	0.031907614	-0.0147192758	-0.0831525033	-0.0197671139	-0.0879377248	-0.0207695727	-0.082905076	-0.0294623035	0.0221040474	0.0092840542	-0.0751609595	0.0772903884	0.1039023279	0.0302512963	-0.0070893679	0.0349800557	0.0048900571	-0.0421126374	0.2385922897	0.0607575295	0.0031343432	-0.187844743	-0.0844455894	0.1172061857	0.0040876394	-0.0896482869	0.0771129599	-0.0014153188	-0.0250617532	-0.0704520799	-0.0393063605	0.0091277549	-0.1303104679	-0.0746527114	0.0910044893	-0.0056473545	-0.0020391042	-0.1157857731	0.0785907625	-0.0251860523	0.0504250102781611	0.000105213554562	1.1069892063571018e-08	0.0025426816615526	0.0221219728257153	-0.0105354323669218	0.0004893816817016	0.0001109953351579	0.0404990761257977	0.0115259835236401	0.0016401751670431	0.0001328482961872	-0.0001891859613451	0.0002208600306773	4.8779153150777895e-08	3.5791327970069665e-08	-0.0017449265469464	-0.0001440649372588	2.075470614738199e-08	3.044768654238287e-06	-0.0007856657666636	-0.0001038372394095	1.078217228820658e-08	6.172706969071023e-07	0.0	0.0	0.0
894.6662528244597	-3.673442042065062	13.494176436411134	800427.70394296	1100.5518485211312	-5.491343331844291	1211214.371283279	30.154851588190763	844.5270331180457	-2.600725578539368	6.763773534868931	713225.9096671686	885.7011326004124	740.7797000070117	1.279586	17.67277	0.057299700039723	0.0395220985542847	0.0656510016	-0.1409558953	0.0185760841	0.1128104511	-0.0890474762	-0.1073709962	-0.121228687	-0.0863067576	-0.062177368	0.0706402868	0.0345530312	0.0416571017	-0.0069827212	-0.0734839056	-0.0997219923	-0.1151855592	-0.0215569812	-0.0485730227	0.0380956234	0.0876764485	-0.0395641018	-0.0617939443	-0.0368126686	0.0790505539	0.0114779191	-0.0649923632	-0.0877667099	-0.0338803812	0.0255566975	-0.1152853641	-0.0986508999	0.0348058752	0.1911520953	-0.0833796254	-0.0822376251	-0.074499295	-0.239134345	-0.1014342767	0.1208105879	0.1122098487	-0.1126687083	0.0336218234	0.0181331078	-0.052017155	0.0893617352	0.1066294941	-0.0446048198	0.0490799401	0.0208211716	0.0137550929	0.0555335733	0.0281647094	0.0511017472	-0.0134988716	-0.0334623847	0.0239740826	-0.0537944413	-0.1170400867	0.2259502646	0.0245937405	0.0179560728	0.1253826902	0.0257740803	-0.0378978493	-0.0366976422	-0.1376845178	0.0952856657	-0.1115618472	0.1477090542	0.0983304255	0.0470318016	-0.0083723395	0.083833192	-0.0109059794	-0.106596346	0.1392202964	-0.1363218671	0.1912947911	0.0032959172	-0.0599792934	0.0646222558	-0.0568761961	-0.0824361392	-0.1172407796	0.0838433825	-0.0350428114	0.0505749456699931	0.000149935391832	2.2480621723815742e-08	0.0025578251295227	0.022175796823717	5.3823998001700096e-05	0.0004917659647667	2.8970227608870163e-09	0.0450352886043106	0.0045362124785129	0.0020281772196735	2.0577223650216154e-05	-0.0004615868119646	-0.0002724008506195	7.420222341822714e-08	2.13062384979643e-07	-0.0018319774242723	-8.705087732590005e-05	7.5778552432089e-09	3.356141283043371e-06	-9.392293118147064e-05	0.0006917428354821	4.785081504408562e-07	8.821517001719271e-09	0.0	0.0	0.0
895.3798307779255	0.7135779534658013	0.5091934956724413	801705.0413639065	1099.3175203363946	-1.2343281847365688	1208499.0105185595	1.523566067635073	843.6762235699277	-0.8508095481179225	0.7238768871686235	711789.5702172148	883.8102142765837	730.8006941382565	1.226948	16.94577	0.1413369048230359	0.0725435741888515	0.0138911938	-0.0623884833	0.1628460186	0.0226151042	-0.0290371475	0.061878408	-0.0084011328	-0.1334405105	0.0237855516	-0.060097011	-0.0548729964	-0.0072233519	0.0073592358	0.1235221373	-0.085990345	-0.1161920718	0.0279113786	0.0409699639	-0.1045630318	0.0522260859	0.0878675816	-0.0856322052	-0.078212342	0.0014643757	-0.1192709134	-0.0211189829	-0.0423416117	-0.0360814806	0.2062526044	-0.0175518501	0.0722730549	0.0551044448	0.0874113751	-0.1285038125	0.0519980836	0.0527455789	-0.0568116292	-0.0550254071	-0.1304614649	-0.028975622	-0.1776336097	-0.1067549903	0.0545821577	0.1134381075	0.0140138238	-0.0165720616	-0.0674077084	0.0417858244	-0.0667316606	0.0681567681	0.1446898918	-0.0291794475	0.0648949239	-0.1138450044	-0.1830982184	0.0336759018	-0.0351938305	0.0042822653	0.073159677	-0.000889147	-0.0342799859	0.1291166319	0.1357354178	-0.1223436341	-0.183933715	-0.1275604458	-0.0471819125	0.0890040125	-0.1078745541	0.0691392384	0.031914802	0.0768845749	0.0924385048	-0.0373376696	-0.0129636049	0.1705420087	-0.1787974098	0.1526413992	0.1128026489	0.1084836241	-0.0119281796	0.1476020687	-0.2138158189	-0.1186154352	0.0888661936	-0.0446835199	0.032656120673181	-0.017918824996812	0.0003210842892663	0.0010664222174213	0.0366457445517198	0.0144699477280028	0.0013429105937499	0.0002093793872511	0.0057601663456381	-0.0392751222586725	3.3179516329421786e-05	0.0015425352284336	3.895630274127732e-05	0.0005005431147058	2.505434096794611e-07	1.517593523270051e-09	-0.000940001600717	0.0008919758235553	7.956208698071558e-07	8.836030093505223e-07	-9.298167265167736e-05	9.412585297932798e-07	8.859676199086066e-13	8.645591449103685e-09	0.0	0.0	0.0
897.6406277933353	2.260797015409821	5.111203144885955	805758.6966652131	1101.2047708714265	1.8872505350318531	1212651.947389991	3.5617145819780167	844.0013274221709	0.3251038522431599	0.1056925147433423	712338.2406903865	883.7926329606734	736.1023815994832	1.095459	15.129727	0.0595153826887743	0.0356474503755314	-0.0299922774	0.0503694817	0.0695580232	-0.1183110391	-0.0400921642	0.0235202468	0.0193503677	-0.0296532025	-0.0252188534	0.0029914668	0.0218081928	0.0847816827	0.1707110928	0.1443834158	-0.0102033929	0.0046060345	0.0939222891	0.1582928496	0.0535660433	-0.0467099664	0.0290715566	-0.2222473707	-0.188590271	0.19000118	0.0414069165	-0.098224208	-0.026017601	-0.0265900653	0.1039173896	-0.0415220283	0.0910607109	-0.0270218268	-0.14152965	0.1312595931	-0.0348088868	0.0200209488	0.0781642243	0.081780975	-0.2448704764	-0.0923737081	-0.0473577913	-0.0888726043	-0.0464939536	0.0025175119	-0.1963179424	0.1083762659	-0.0898192317	0.1720516423	-0.0701125171	0.140875957	0.0479404905	-0.0223931351	0.0952491408	-0.0143869846	0.0840339992	0.0593345587	0.0182091156	-0.04643242	0.0241014294	0.0163939346	-0.0659288746	0.0093506014	0.1138623432	-0.144436115	-0.0628604971	0.076778748	0.0628217645	0.0597984796	-0.0937496991	0.0416558811	-0.0138194513	0.0550384341	0.1630276904	-0.0289660572	-0.0592997378	0.0531157999	-0.1092068552	0.0709536955	0.1041399512	0.0907882663	-0.0211101362	-0.004420058	-0.1824902089	-0.1199087977	0.0936454286	-0.0540487397	0.0398921250384773	0.0072360043652962	5.235975917458707e-05	0.0015913816400855	0.0390550587945455	0.0024093142428256	0.0015252976174454	5.804795120682775e-06	0.0088910004732127	0.0031308341275745	7.904988941466844e-05	9.8021223343858e-06	-0.0003390703390667	-0.0003780266418079	1.429041419166168e-07	1.1496869483480689e-07	-0.0014959874335225	-0.0005559858328055	3.091202462804255e-07	2.2379784012572366e-06	-9.375379709975475e-05	-7.72124448077398e-07	5.961761633188265e-13	8.789774470621983e-09	0.0	0.0	0.0
898.5270408252719	0.8864130319366268	0.7857280631870833	807350.8430942198	1101.7234522068754	0.5186813354489459	1213794.5651426353	0.2690303277431019	845.4138147527522	1.412487330581257	1.9951204590525653	714724.5181748008	884.8446300434616	738.2950651681246	0.953687	13.171664	0.0690824972609442	0.0339573790665953	-0.03880475	0.10385467	0.0019219759	-0.1268277394	-0.1066312658	-0.0590987653	0.0826509562	0.031854151	-0.0420314018	-0.0411959445	0.1637417562	0.0808110476	0.129921672	0.1077381237	0.1097541832	0.0583972017	0.0733463896	0.0983327104	0.0636171902	-0.0252162542	-0.0210626152	-0.1518676792	0.0022882494	0.1604820374	0.0430510815	-0.0248155552	-0.0147353975	0.0389805416	-0.101226109	-0.1475023731	-0.037160641	0.0181186839	-0.0371224378	-0.045606788	-0.0949107125	-0.2855405113	0.0656322401	0.0517531888	-0.078162587	-0.1119995829	0.0342752106	-0.0141528816	-0.1050336538	-0.0562188774	-0.1609102922	0.1046956718	-0.1180342203	0.1932964038	0.0234077222	-0.0133863727	-0.0534700281	0.0851088057	0.0297876122	0.1098718102	0.0336166039	-0.0900336974	0.0012194404	-0.059531458	-0.0664835728	0.0100546527	-0.0191682268	-0.0565819456	0.0170740206	-0.0452705526	-0.0005622705	0.1645784708	0.0718274647	0.027673757	0.054054494	0.0154326173	-0.0868856694	0.0240242008	0.1844117596	-0.0986173063	-0.0279480844	-0.0588802949	0.0244676363	-0.0421286851	0.015919001	0.1417073503	-0.0997054165	-0.0445948858	0.0002624778	-0.1211199807	0.098167988	-0.063080731	0.0505269118904294	0.0106347868519521	0.0001130986913864	0.0025529688251832	0.0676914262486008	0.0286363674540553	0.0045821291875697	0.0008200415409636	0.0155422415394355	0.0066512410662228	0.0002415612720701	4.423900772100861e-05	-4.115347910166378e-05	0.000297916859965	8.8754455451427e-08	1.6936088421710775e-09	-0.0015579943593768	-6.20069258543e-05	3.844858853900657e-09	2.427346423849925e-06	-0.0001970320490547	-0.0001032782519549	1.0666397326869153e-08	3.882162835469371e-08	0.0	0.0	0.0
899.3839252316182	0.8568844063462393	0.734250885839347	808891.4449650329	1103.4223219364249	1.6988697295494148	1217540.8205475712	2.8861583579793018	846.1765716552734	0.7627569025212324	0.5817980923437849	716014.790418272	884.9155909460295	743.8044065290422	0.979281	13.525155	0.0742174168028569	0.0438681783566383	-0.0728563399	0.095832401	-0.0428381951	-0.0244665999	-0.0984870241	-0.010102346	0.1871912564	0.0597459283	-0.0797194755	-0.0426241316	0.0552467505	0.0332115442	0.0785131458	0.0851664508	0.1922325606	0.0646901917	-0.030852108	0.0459578188	-0.0582757202	0.0615325385	-0.0753037332	0.017762602	-0.0129177972	-0.0455939156	0.1720793326	-0.0463989224	-0.0001749531	0.2593506047	0.0350877313	-0.0712795285	-0.0559041446	-0.0433826263	0.0268250467	-0.0879256597	0.0971505101	0.0055409487	-0.04884201	0.0485588655	0.0154465963	-0.1781188652	0.0947276877	0.069278596	0.0247777341	0.0814660096	0.0196255863	0.0281282584	-0.0713137443	0.0540991816	0.0307977858	-0.1173494645	-0.0822149255	0.0439979364	-0.0732505407	0.0329429021	0.0583071705	-0.1506945691	0.0493401005	-0.0048889767	-0.0596584671	0.0392853134	0.0277878659	0.0371442479	-0.0863166149	0.0774237948	-0.1158136524	0.0880680798	0.0547838791	-0.0284973149	0.0831908091	0.0752267594	-0.1558928585	0.0137244054	0.015206348	0.0379079484	-0.0241257321	-0.0507430561	-0.1094023958	0.1613319482	0.0527965366	0.0199814968	-0.1154255046	0.0435226252	0.0668849306	-0.1222481541	0.1024214758	-0.0717238087	0.0503112933787974	-0.0002156185116319	4.6491342558396543e-08	0.0025312262414474	0.0305657756448454	-0.0371256506037554	0.000934266640771	0.0013783139327521	0.0305592002630561	0.0150169587236206	0.0009338647207175	0.0002255090493069	6.909130956621456e-05	0.0001102447886678	1.2153913428425157e-08	4.773609057574492e-09	-0.0015580188032646	-2.4443887799941933e-08	5.9750365077615e-16	2.427422591326057e-06	-0.000523946595776	-0.0003269145467213	1.0687312085799304e-07	2.745200352252591e-07	0.0	0.0	0.0
899.8876983550734	0.5037731234552894	0.2537873599158982	809797.8696507916	1105.606691125099	2.1843691886740544	1222366.1554605898	4.771468752428547	845.728290164832	-0.4482814904414454	0.2009562946724037	715256.3407851302	885.1218278273096	747.8117914413339	0.955352	13.194673	0.0495146597429302	0.0292605391532582	-0.0908693684	0.1000274942	-0.0743210121	-0.0199387646	-0.0581559715	0.003688241	0.1505304994	0.082040529	-0.0362546978	0.0014605229	-0.1447190008	0.0585192507	0.0276668835	0.0638699345	0.1276259184	0.0824578929	-0.079752228	0.0486880954	-0.1411202488	-0.0631084628	-0.0716156746	0.0464888801	0.0071719689	-0.0067301828	0.0248339063	0.119134779	-0.0063023621	0.0801137364	-0.0757202693	0.0213763738	-0.1651773411	0.0836252715	0.0312522842	-0.1151245568	-0.0478127871	-0.0566140849	-0.0531194428	-0.0835803911	0.1259541499	-0.1163003918	0.0916471811	0.0389009378	0.0788861638	0.1138099414	0.0138618471	-0.1077087674	-0.0194742206	0.1052799616	0.0258814379	-0.0049575933	-0.0876330747	0.0338016071	-0.0685441392	-0.0001437885	0.004540056	-0.038512449	-0.0655179018	-0.0233202297	-0.0512428576	0.0395809396	-0.0209315045	0.0379933278	-0.0613114552	0.0638614549	-0.0196707674	0.080220778	-0.0446780476	0.188243784	0.0184119692	0.0069925328	-0.1049916352	0.0075743028	0.1752646266	-0.0866070943	-0.0311225688	-0.0982422818	0.1611698342	-0.0335626197	-0.0502839428	0.0276858074	0.0311741988	0.2058287925	0.0684216321	-0.1232925447	0.1063942335	-0.0799246852	0.0503186898618821	7.396483084697036e-06	5.470796202220939e-11	0.0025319705494162	0.0345297814034921	0.0039640057586467	0.0011923058037729	1.5713341654584232e-05	0.008690421572453	-0.0218687786906031	7.552342710695648e-05	0.0004782434814185	-0.0004039082080676	-0.0004729995176338	2.237285436818213e-07	1.6314184054437965e-07	-0.0015578966914064	1.221118581999723e-07	1.491130591305014e-14	2.427042101095008e-06	-0.0005243145424959	-3.679467198999895e-07	1.3538478868516136e-13	2.749057394726849e-07	0.0	0.0	0.0
901.8772938507356	1.9895954956621156	3.9584902363589785	813382.653163526	1101.9826483868535	-3.6240427382454072	1214365.7573457037	13.133685768629269	846.4414820815578	0.7131919167258047	0.5086427100830272	716463.1825884241	885.4397235126615	752.9242633848048	1.258905	17.387133	0.0370816011985488	0.0257375698507629	-0.156776738	-0.0698597826	0.0174274144	0.0557502693	0.0363097004	0.0669663117	0.1772871833	-0.0544358496	-0.0646449577	0.0582375004	-0.1408107275	-0.090629174	-0.0283025705	0.0641055394	0.1384407816	-0.0968573115	-0.1641568879	-0.017114171	-0.1154245501	0.0226436981	-0.019988222	0.1652493501	0.1119936666	0.1347858969	0.0173033025	0.1776560413	-0.0126101277	-0.0022823645	0.085504111	0.0760723071	-0.0395092698	0.0753899024	0.0977005611	0.0458185877	0.0562289116	0.0947266729	0.1361176904	-0.1276827268	-0.0256554119	-0.1459662864	-0.0423086866	0.1534531858	0.0982491395	0.0750346943	0.0747871375	-0.0848571287	-0.0038575764	-0.0382559903	0.0218075404	0.0174448046	-0.1657501477	-0.1380848266	-0.0805725122	-0.1284839854	-0.0705834134	0.0446757453	0.2186185543	0.0096141958	0.0979850226	0.1265619674	-0.0930127555	0.0813013741	0.0328340451	0.1596029901	-0.032528487	-0.0877654864	0.0797771237	0.0401335419	-0.0318790578	-0.2459548886	-0.1118164966	0.0291849149	-0.0100543161	-0.0641658015	-0.0673750513	-0.2524078763	0.0726731329	-0.1366042713	-0.2496889563	-0.0551283959	0.0366275771	0.347506454	-0.1601775113	-0.1242524367	0.1100753719	-0.0876327994	0.0502348073848253	-8.388247705679724e-05	7.036269957184116e-09	0.0025235358729904	0.041577626146747	0.0070478447432549	0.0017286989959986	4.9672115525025725e-05	0.0194452629790902	0.0107548414066371	0.0003781182523259	0.0001156666136819	-0.0007869094417056	-0.0003830012336379	1.4668994496822984e-07	6.192264694454191e-07	-0.0015577955992787	1.01092127699964e-07	1.0219618282905828e-14	2.426727129132084e-06	-0.0005251128681622	-7.983256663000133e-07	6.373238694733602e-13	2.75743524309532e-07	0.0	0.0	0.0
902.6301478327812	0.7528539820456217	0.5667891182819493	814741.1837766285	1107.630588807451	5.647940420597479	1226845.5212619405	31.899230994618826	848.5250549316406	2.0835728500828736	4.341275821602469	719994.7688467437	888.2337270772682	769.4129828766211	1.366486	18.872971	0.0462413868027235	0.0309033378940131	-0.121695686	-0.0859518666	-0.220540512	0.0625810929	0.1396380299	0.0323049213	-0.0615320509	0.0641483388	-0.1020048341	0.2276281327	-0.1878020294	-0.0217741565	0.0020558451	-0.2059661363	0.1949184058	-0.0246528379	-0.0674451502	0.0646789002	-0.0044227636	0.1368142314	-0.0762256223	0.0907560882	-0.0276257851	0.0356050401	-0.0766818872	0.0139667275	0.0099384587	-0.1119294594	0.1182404784	0.0386936492	0.0504819879	0.0671189783	-0.0758992005	0.1241111958	0.066480117	0.0797806996	0.0583398115	0.0699215231	-0.0735779735	0.0503773975	0.1291843884	0.2403457335	0.0165332851	0.0727287083	-0.003666804	0.0194063688	0.0780588282	-0.1466850511	-0.0225140192	0.1653700424	-0.1112030336	0.0228568003	-0.1886538098	0.0064795794	0.0142615417	0.0708626816	0.0534839229	0.1026176624	-0.0969582306	0.0758408089	-0.053607646	0.116745619	-0.0699253449	0.182282137	0.0199244153	0.070814853	0.0677416965	-0.115969894	-0.0874110456	0.0076644485	-0.0267400898	0.0837263433	-0.1578844774	-0.0104694759	-0.1005264834	-0.1856376944	0.0153258744	0.0331471737	-0.075807401	-0.0415155265	0.0258347162	0.0059321803	-0.1356586154	-0.1251271724	0.1134548014	-0.0948006283	0.0504799755916707	0.0002451682068453	6.010744964778831e-08	0.0025482279357356	0.0444153753838634	0.0028377492371163	0.0019727255704894	8.05282073275469e-06	-5.111086284159683e-05	-0.0194963738419317	2.6123203004125233e-09	0.0003801085929843	-0.0004193807122901	0.0003675287294154	1.3507736694577178e-07	1.7588018184095165e-07	-0.0014528905770947	0.000104905022184	1.1005063679425544e-08	2.1108910290105705e-06	-0.0005243047094251	8.081587370999989e-07	6.531205443510651e-13	2.7489542832533857e-07	0.0	0.0	0.0
898.6293211290188	-4.000826703762414	16.00661431353842	807534.6567928011	1107.665621915777	0.0350331083259334	1226923.1299740649	0.0012273186789765	846.7528007738518	-1.7722541577887796	3.1408847997996165	716990.3056183624	887.3771586388162	758.5417556406846	1.398687	19.317703	0.0425025829528352	0.0237960722405637	-0.0520169779	0.0625509301	-0.1756028112	0.0990804193	0.0140298141	-0.096019187	-0.0237473621	0.1688298393	0.0171636847	0.1808224607	-0.0171860547	0.1764790168	-0.117261799	-0.1135076952	0.0913550176	0.1438363712	-0.0113923919	-0.1158345426	-0.0014232457	-0.0669595927	-0.0154895383	0.0213668879	-0.0831130406	-0.1724978797	0.0012508286	0.0387454344	0.1492989546	-0.1246606315	-0.0271152887	-0.0044897333	-0.0040613792	0.0055607938	0.090664371	0.025262494	-0.003824593	-0.0078428613	0.0539690859	0.1132246078	-0.0151801419	0.0288227683	0.1873631595	0.0286399687	-0.0435312018	0.0113664688	0.1312321083	-0.0633450034	0.1470553896	-0.0181682944	-0.1151284066	0.1178002327	0.0749102836	0.0487461075	-0.0053866829	0.1652507379	-0.0002115308	-0.0472056704	0.0151753099	0.1997501444	-0.046531537	0.0280841067	-0.0336225668	0.0064326089	-0.0221466955	0.0534696502	0.0307849388	0.0975637374	-0.0146228176	0.1366204392	0.0120689891	0.1331260806	0.1935942621	0.0265181846	-0.0977660715	-0.0586349482	-0.191389752	-0.1099241049	0.0773141545	0.2008695721	-9.81083e-05	-0.0248936275	0.0564283886	-0.0794239781	0.0068104992	-0.1259161521	0.1165232592	-0.1013839798	0.0503848775040864	-9.509808758430272e-05	9.043646262191711e-09	0.0025386358811017	0.0297172449330105	-0.0146981304508529	0.0008831146464085	0.0002160350387502	-0.0049739535673296	-0.004922842704488	2.474021408995085e-05	2.423438029313076e-05	-0.0001319247542689	0.0002874559580212	8.26309278018859e-08	1.7404140788909652e-08	-0.001620967064273	-0.0001680764871782	2.8249705542197228e-08	2.627534223457828e-06	-0.0005241069204264	1.9778899869999075e-07	3.912048800674493e-14	2.746880640388448e-07	0.0	0.0	0.0
896.9379751324353	-1.6913459965834363	2.8606512801588173	804497.7312346732	1103.6023518663771	-4.063270049399762	1217938.151044999	16.510163494349143	845.6171469948508	-1.135653779001018	1.2897095057592929	715068.3592917111	886.7375012763641	741.6945188508105	1.301114	17.970087	0.054700735792546	0.0362489726950056	0.0144456234	0.0507686271	-0.0088472751	-0.145011155	-0.0158940983	-0.2210899146	-0.0070860256	0.0445503565	0.0806950963	0.1053081311	0.0543415807	0.0375286644	-0.0089677807	-0.053502845	-0.0007196729	0.0707626893	0.0120637387	-0.0681862483	0.1690073893	-0.0683251728	-0.0346807898	-0.1039065482	-0.1070662233	-0.0137816036	0.0307761005	0.0527495821	0.0523853062	-0.0248306833	0.0156518542	-0.0120210712	0.1244507112	-0.1071248366	0.180319522	-0.0279706899	-0.0862654156	0.0698037432	0.1558542597	0.1256894868	-0.166982753	0.0412094068	0.0532443096	0.0007585305	-0.1008451347	-0.1158761106	0.0034733802	-0.0127125836	0.1299068262	0.0388583278	-0.0676661334	0.0001571074	-0.0271622926	0.0742516458	0.1368221189	-0.0206792859	-0.0282383	-0.0203738298	0.103244818	0.1629716617	-0.0446448619	0.0429304874	-0.0014989644	-0.0659975858	0.0074383942	-0.0790880302	0.088662697	0.1034324044	-0.0041760933	0.0232538355	0.0277389569	0.1000069126	-0.0618013223	-0.0348215897	0.0101535255	-0.0239152064	-0.0992169019	-0.0893896133	-0.0081014242	0.0008920955	0.0440129166	0.0004987616	-0.0090034221	0.0148430832	0.0352901363	-0.1266188352	0.1192723348	-0.1073422654	0.0503114180436625	-7.345946042389834e-05	5.396292325770286e-09	0.0025312387855641	0.0311437753208849	0.0014265303878744	0.0009699347412377	2.0349889475290905e-06	0.0287450854123108	0.0337190389796404	0.000826279935361	0.0011369735897105	-5.534272136635256e-05	7.658203290254745e-05	5.8648077634868604e-09	3.0628168082337366e-09	-0.0013079853891482	0.0003129816751247	9.795752896392585e-08	1.7108257782251682e-06	-0.0005240364891616	7.043126480003967e-08	4.960563061333308e-15	2.746142419728157e-07	0.0	0.0	0.0
896.520982522866	-0.4169926095693199	0.1738828364354313	803749.872103765	1104.0154104679189	0.4130586015417066	1218850.026550647	0.1706174083075903	843.7973987926136	-1.8197482022371787	3.311483519545444	711994.050209181	884.8470487054789	742.8739405105363	1.267797	17.509935	0.0740316825158266	0.0445376154476315	-0.0146951217	-0.0129860213	0.1046386803	0.029313801	0.1533766151	-0.0348142848	-0.019028078	0.0012521682	0.0061503868	0.0454143183	0.154401447	-0.0511546321	-0.1015251459	0.0826234748	-0.1010580664	0.0077626259	-0.0254798222	-0.1393763034	0.0795903446	0.1155047893	0.0208470592	-0.0599853685	-0.0288545358	0.0327529905	0.1014711064	-0.047951812	0.0100836431	-0.100427516	0.0510188512	-0.0231101505	0.0433091936	0.0768063976	-0.0611810223	-0.0466115777	0.2052350268	0.020657937	0.0054011421	-0.0026262521	0.0415205635	-0.0384020731	-0.0377748302	-0.0610982393	-0.0113329169	-0.1359371276	0.1366153563	0.1227659806	-0.0139769334	0.0196467391	-0.057778846	0.033194027	-0.0306537836	-0.0581553588	0.0562124232	-0.0822533157	0.0574984546	-0.0435264896	0.0727628009	0.0519240567	-0.0033973229	0.0803027192	0.048487887	-0.1342312215	0.0637696332	-0.0024836212	-0.0871339769	-0.057060648	0.1507394019	-0.1330991202	-0.0391431537	0.0096642689	-0.0290926439	0.0139452841	-0.0169481974	0.0187162918	0.0803756078	-0.0218715106	-0.0238221121	0.0269543388	0.0452748014	0.0197225193	0.0377086185	-0.0934659405	0.0246149168	-0.1272347401	0.1216944932	-0.1126387502	0.0512232738788185	0.0009118558351559	8.314810641080391e-07	0.0026238237868644	0.0610635852319063	0.0299198099110214	0.0037287614413742	0.0008951950251116	0.0589731059157259	0.0302280205034151	0.0034778272213474	0.0009137332235548	-4.590830067667032e-05	9.434420689682246e-06	8.900829374990442e-11	2.1075720710195683e-09	-0.0015579905445735	-0.0002500051554253	6.25025777392284e-08	2.4273345369804317e-06	-0.0005240361399519	3.4920970000233703e-10	1.219474145757222e-19	2.746138759756873e-07	0.0	0.0	0.0
896.0268818340893	-0.4941006887767116	0.2441354906496208	802864.172969321	1096.664603959753	-7.35080650816576	1202673.253578202	54.0343563204921	843.9295496160333	0.1321508234196926	0.0174638401305027	712217.0847151208	883.923671866363	739.6878405115498	1.297302	17.917439	0.0816834695707097	0.0422549249052709	0.0286142852	-0.1290750415	0.0310318956	0.1797037845	0.0142633335	0.008612102	-0.0336213439	-0.1240455361	0.0178595419	-0.0422280082	-0.0538516397	-0.0064915405	-0.2238975491	0.05019846	-0.13965616	-0.1223962172	-0.0272192025	0.0261080318	-0.0073065691	0.0869314261	-0.0300785069	0.1008363537	0.2300713556	-0.0166242484	0.0549166852	-0.1141463042	-0.0986015413	0.1453603552	-0.037629614	0.0748025445	-0.0302453442	-0.0797326831	0.0377346708	-0.1020402046	-0.2141443446	-0.0248781804	0.1926706332	0.0315473183	0.128124221	0.0280203186	-0.1302367074	-0.0361817091	0.1202868561	-0.0395994492	0.053465841	-0.0187942634	0.0261058376	-0.1837467596	0.1879866584	0.0150363963	-0.0625090545	-0.0001967328	0.037142296	-0.0424555496	-0.0519577406	-0.0857847211	0.0813467838	-0.1852816836	-0.1540578542	0.0750870959	0.0723657271	0.0564737331	-0.0432985564	0.0992097612	0.057991037	-0.2178759287	-0.0064902976	0.0261479646	0.1221842316	-0.1883938316	-0.0442693338	-0.0386094549	-0.1259137915	0.0345989127	0.0134217228	0.141299137	0.098314768	0.0095638799	-0.0670993276	-0.014436662	-0.1300853583	0.0323048088	0.0606571176	-0.1277634447	0.1237830955	-0.1172407796	0.070986988151219	0.0197637142724005	0.000390604401841	0.0050391524867813	0.0315499971586206	-0.0295135880732857	0.0009954023207089	0.0008710518809595	0.0701338003781018	0.0111606944623758	0.0049187499554754	0.0001245611008825	-2.6014367321518185e-05	1.989393335515213e-05	3.9576858433923455e-10	6.767473071388731e-10	-0.0019629959706131	-0.0004050054260395	1.6402939512151778e-07	3.853353180643266e-06	-0.0005240260440937	1.0095858200007482e-08	1.0192635279465831e-16	2.746032948884924e-07	0.0	0.0	0.0
898.7660004982689	2.739118664179614	7.502771056457113	807780.3236516543	1101.9616846936815	5.2970807339283965	1214319.5545329368	28.0590643017554	846.3141092936198	2.384559677586481	5.68612485597134	716247.571589453	887.8391024511565	748.19892617126	1.365751	18.86281	0.1009737512796598	0.0656441440775592	0.0360188329	-0.0747174508	-0.0996016765	-0.0812604044	0.0062728002	0.0685128899	-0.0996919025	-0.0237669759	-0.0485305539	-0.0462203611	0.0044835174	0.0218111423	0.0278695922	-0.1237484103	0.0022291348	-0.0919508233	-0.0612943411	0.0162626789	-0.1463786105	0.0360414326	0.0899671207	-0.0074876219	0.1602017962	0.1513961106	-0.1602475162	-0.0577868219	-0.0341174925	-0.0403388143	-0.1437380381	0.0143184513	0.000529355	0.0854955158	-0.0376385689	0.1397315784	0.1364477037	0.0782763678	0.0661834619	0.0292239279	0.0486686515	0.1200083349	-0.0106661648	0.0958681817	-0.0070259912	-0.0154359669	-0.038064044	-0.0392929422	-0.1846995895	-0.0320501782	0.1328387988	0.1592050726	-0.1019162577	0.0595813038	-0.0043104899	0.0846173648	-0.0848988399	-0.1221806474	0.0307163542	-0.0250616695	0.0672484218	0.066965164	-0.0852803099	0.0663597795	-0.0182017075	-0.0476635669	0.0555948643	0.0533439378	0.0184682611	-0.0372863389	0.0071022772	-0.2796882358	0.0508594453	-0.2326606814	-0.0484800291	-0.0090470313	-0.006282678	0.0016507593	-0.0796551115	-0.2314789353	0.0078339669	-0.0343743054	-0.0341752592	-0.0891775762	-0.1537396358	-0.1282045865	0.1255324169	-0.1211199807	0.06407388397119	-0.0069131041800289	4.779100940393436e-05	0.0041054626071535	0.0315326275597982	-1.7369598822397636e-05	0.0009943066008249	3.0170296325103736e-10	0.0101366892300092	-0.0599971111480926	0.0001027524685457	0.0035996533461165	0.0001682640832329	0.0001942784505544	3.774411634982552e-08	2.8312801706208303e-08	-0.0017270219038587	0.0002359740667543	5.568376018060998e-08	2.9826046564077286e-06	-0.0002733552343482	0.0002506708097454	6.283585485846464e-08	7.472308414555934e-08	0.0	0.0	0.0
898.8477169177767	0.0817164195077566	0.0066775732171676	807927.2182082996	1105.4546855520696	3.4930008583880863	1222030.061809025	12.201054996699908	846.3746528394295	0.0605435458096508	0.0036655209392052	716350.0529690648	887.3916737778382	746.7318456066189	1.321901	18.257191	0.1023433638824908	0.0550876176686869	-0.0307276507	0.047635458	0.0315656358	-0.0903591049	0.1419951507	-0.0265529992	-0.0230563065	-0.0052999269	-0.050475584	-0.0050944388	0.0891072542	0.1514273619	-0.0827225755	-0.0246151671	0.0565921722	0.0103580486	-0.0076267513	-0.1361433378	0.004686545	0.1602934646	0.1293264092	-0.093178088	-0.0425149354	0.0198047778	0.0268778011	-0.0637391339	0.0115274496	0.0785726872	-0.0938083719	-0.0185951931	0.0235456247	-0.0176953383	-0.0912035545	-0.0332504039	-0.0259645874	-0.0451233478	-0.0635702874	-0.030628118	-0.0575987512	-0.0007058089	0.0268580297	0.0420546218	-0.0650258091	-0.0898645636	0.1209020852	0.0334774671	-0.154000796	-0.0142027011	-0.144829461	0.008418983	-0.0591392639	0.0124526342	0.0683948302	0.0742239768	0.1284502028	0.0593824725	-0.0230130045	-0.0536149511	-0.0558305115	0.0840227208	-0.0199515711	-0.076651304	-0.0150814924	-0.0224027902	-0.1183961189	0.050598384	0.1091221848	-0.1227442166	0.0133202173	0.0260298331	-0.0881837186	-0.0768102984	-0.128994213	0.0200386924	0.0466454905	0.0831325063	-0.0552491117	-0.0995445948	0.1590321306	0.0512879666	0.0037700605	-0.1973136985	0.1410467596	-0.1285578634	0.1269376627	-0.1242524367	0.0708184676419705	0.0067445836707804	4.548940889215895e-05	0.0050152553591568	0.0737240302036355	0.0421914026438372	0.0054352326294665	0.0017801144570544	0.0418630570220273	0.031726367792018	0.0017525155432295	0.0010065624132744	0.0001351832253497	-3.30808578832e-05	1.0943431582884754e-09	1.827450441594777e-08	-0.0014810276411476	0.000245994262711	6.051317728677763e-08	2.1934428738432243e-06	-0.000427900309271	-0.0001545450749228	2.3884180182893877e-08	1.830986746742175e-07	0.0	0.0	0.0
895.1615391254959	-3.686177792280773	13.587906716303957	801314.1811295267	1104.2994611374877	-1.1552244145818804	1219477.2998685455	1.3345434480460483	843.9182493267638	-2.456403512665702	6.033918217036399	712198.0115467499	884.9829050699869	738.5107426394278	1.170729	16.169304	0.1027249586169486	0.0802102605429623	0.0952991894	0.074277893	-0.0197887285	0.030261899	0.0989590313	-0.0298874616	-0.0352946478	0.0289574458	-0.0047457918	-0.007553143	-0.0262334894	0.0541418592	-0.2201288331	-0.0389973256	-0.1205753252	0.090259059	-0.1872735213	-0.0879204237	-0.0249661693	0.0184000296	0.0449410971	0.0465448229	-0.0096565999	0.0305285909	0.0142367584	0.0636663797	-0.0493288563	0.0065926605	-0.1760633736	0.1142951706	-0.0294839083	0.0062219787	0.1074294855	0.0366841426	-0.0859605515	-0.0621053541	0.0048248326	-0.019063826	-0.0074369657	0.0599319185	0.0518780454	-0.0579972759	0.1383639265	-0.1203502201	0.1305918783	-0.083361825	0.0430917884	0.0070928867	0.0450869225	-0.0230377176	-0.0793619878	0.0202941822	0.0967669481	0.0041647525	-0.0121953115	0.0356544399	0.0269250342	-0.0754694541	-0.0289990894	0.0830727187	0.09746275	-0.0334310971	-0.1062995209	0.0079007037	0.0068112466	-0.0311784178	-0.0588626814	0.0529532843	0.0398733501	0.1194398546	0.0135805837	-0.2079794794	-0.0411357231	0.1424312755	0.0117984511	-0.1122427151	0.063553584	0.0075378799	-0.005619259	0.033929	0.0013224121	-0.0814144932	0.281046245	-0.1288230331	0.1279949812	-0.1266188352	0.0709184122873836	9.994464541310256e-05	9.9889321467508e-09	0.0050294212013633	-0.0045786157600531	-0.0783026459636885	2.0963722278206624e-05	0.0061313043649147	0.0569406159658143	0.0150775589437869	0.0032422337465663	0.0002273327837033	0.0002246128685468	8.942964319709999e-05	7.997661082360613e-09	5.0450940716822067e-08	-0.0014810609442605	-3.330311289999159e-08	1.1090973288295865e-15	2.193541520613804e-06	-0.0005233335442422	-9.543323497119996e-05	9.107502337068264e-09	2.738779985291027e-07	0.0	0.0	0.0
895.2363078668786	0.0747687413827407	0.0055903646879591	801448.0469231207	1106.2467291324697	1.9472679949819849	1223781.8257162878	3.79185264428116	844.498159790039	0.5799104632752687	0.3362961454161368	713177.1418887624	884.8947886101105	730.7823111228089	1.1385	15.724184	0.0767146089388059	0.0550336221875718	0.1335137536	0.0155852142	-0.0610429381	0.0456418819	-0.137427606	0.1783005345	-0.0425746706	0.0946246601	-0.0301089627	-0.1079486274	0.0249351838	-0.0928840908	-0.0877704087	-0.0477500498	-0.0969001136	0.0679939301	-0.0936702691	0.122850538	0.0928562637	-0.0947297404	0.1299633423	0.0442085725	-0.0222333065	-0.076466324	0.0422042172	-0.1340839847	-0.1385258034	-0.1457154976	0.0345129236	-0.0196077763	-0.0732105134	-0.0029058254	0.00531408	0.1426408967	0.0602794026	0.0605811837	-0.0696998809	-0.0057875979	-0.0435842013	0.040613394	0.0735702989	-0.0319514431	0.1296709865	-0.0676161702	-0.1048959151	-0.0111599641	0.0474142098	-0.0840236464	-0.0095145078	-0.0457787953	0.1693808084	-0.0807700233	0.163300366	0.0924748609	-0.0044592138	0.0119265302	0.0494255648	-0.0417259631	0.1065527871	0.068987076	0.0924873925	-0.0254481489	-0.0791888547	-0.0262395802	0.0748176752	0.0211408887	-0.0770061817	0.0742316676	0.0494265666	0.0205485579	0.2340394819	0.1028674723	-0.0745557163	-0.0394418002	0.1012013975	-0.0168767307	-0.0164379561	0.0379734644	0.0060058029	0.0440921788	-0.0350043814	-0.1565103756	0.0822340982	-0.1289999139	0.1287014744	-0.1282045865	0.0707028218647138	-0.0002155904226698	4.647923034694455e-08	0.0049988890196334	0.0484995762462574	0.0530781920063105	0.0023522088960665	0.0028172944666587	0.0484511403449232	-0.008489475620891	0.0023475130007234	7.20711963177043e-05	1.5922434733092437e-06	-0.0002230206250734	4.9738199208170535e-08	2.5352392782958838e-12	-0.0015560017959006	-7.494085164009992e-05	5.6161312445434685e-09	2.4211415888458925e-06	-0.0005239990853073	-6.655410651000126e-07	4.429449093344592e-13	2.7457504140288706e-07	0.0	0.0	0.0
897.8091860483223	2.5728781814436843	6.61970213654896	806061.334552751	1102.847603071497	-3.399126060972776	1216272.835600546	11.5540579783843	844.8706509676847	0.3724911776456565	0.138749677423848	713806.4168665593	885.183418609811	737.3920873955115	1.214529	16.77424	0.0347233812525611	0.0160033414915882	0.0122139571	0.0212535151	0.0396897213	-0.1633173714	-0.0762167764	0.0565366321	0.0527520793	-0.0339108341	-0.0367540954	-0.1173815265	0.0613472286	0.0114083813	0.1266133905	0.0594708149	-0.0319704385	0.0255370837	-0.097084551	0.0997431021	0.0591644491	-0.1110534157	0.0492817571	0.0019153735	0.1157604798	0.0614906836	0.0166286809	-0.0273315322	-0.0149868956	-0.0738392934	0.0563147074	0.034428749	0.114514462	-0.1294705905	-0.0779567516	-0.0414238767	-0.0269908474	-0.0474530119	-0.0837418081	0.0234597226	-0.1118194772	-0.0462320913	-0.0250001217	-0.0271366671	0.0675294905	-0.0632611037	-0.1453333045	-0.0501091202	0.0122717017	0.0370542441	-0.0151406274	-0.1086435143	0.0026475694	0.0113095584	0.0759163196	0.0137899052	-0.0316670965	0.086279799	-0.1284528359	0.0537850977	-0.0095068745	0.0710150375	-0.022113105	-0.1000057696	0.0053863983	-0.0698198188	0.1351251742	0.0794716513	-0.083195597	0.1081683589	0.0754293941	-0.0090620387	0.0216344265	-0.0809881525	-0.0189484366	0.0014349398	0.0761799242	0.0785961529	0.0131509015	0.0043896844	0.1024163545	0.1872696019	-0.1332245333	-0.0340724539	-0.1204236947	-0.1290883846	0.1290552057	-0.1289999139	0.0620938244928623	-0.0086089973718515	7.411483574854605e-05	0.0038556430401503	0.0446096957425652	-0.0038898805036921	0.0019900249542442	1.5131170333004664e-05	0.0369458517407395	-0.0115052886041836	0.0013649959608487	0.0001323716658655	-7.936500362649588e-07	-2.3858935095742023e-06	5.692487839028304e-12	6.298803800633705e-13	-0.001609001733974	-5.299993807339996e-05	2.808993435784231e-09	2.5888865799313386e-06	-0.0003650006214336	0.0001589984638737	2.5280511514196293e-08	1.3322545364691417e-07	0.0	0.0	0.0
