#!ascii label  , from subject sub-v2s10x28924_ses-1 vox2ras=TkReg
3674
1137  -9.412  -81.294  13.210 0.8999999762
807  -8.933  -82.532  14.015 0.8000000119
595  -8.658  -83.177  13.984 0.8000000119
227  -9.810  -85.276  14.752 0.8000000119
1136  -9.165  -81.702  12.927 0.8999999762
395  -8.993  -83.236  13.128 0.8000000119
235  -10.537  -85.131  14.090 0.8000000119
236  -11.499  -85.207  14.007 0.8000000119
820  -9.996  -82.166  11.877 0.8000000119
614  -10.368  -82.998  12.176 0.8000000119
239  -11.002  -84.752  13.269 0.8000000119
3362  -14.836  -76.227  14.427 0.6999999881
2425  -14.043  -77.933  14.791 0.8000000119
2866  -13.850  -77.570  14.107 0.6999999881
1944  -12.907  -80.151  15.849 0.6000000238
380  -13.023  -84.175  15.656 0.5000000000
231  -13.443  -84.861  14.352 0.6999999881
140214  -15.102  -83.925  14.298 0.6000000238
242  -13.671  -84.703  13.391 0.8000000119
400  -13.063  -84.296  12.555 0.8000000119
243  -14.548  -84.785  13.486 0.6999999881
401  -13.936  -84.476  12.514 0.8000000119
137290  -14.619  -75.965  13.910 0.8000000119
2886  -14.337  -76.645  13.801 0.8000000119
145775  -10.990  -75.651  12.958 0.8000000119
2885  -13.512  -77.254  13.168 1.0000000000
2884  -12.581  -77.983  12.906 0.8999999762
2434  -11.713  -78.588  12.697 0.8999999762
1980  -10.771  -79.319  12.624 0.8999999762
1971  -11.361  -79.641  13.768 0.8999999762
1531  -9.701  -80.102  12.029 0.8999999762
224  -12.278  -85.233  15.094 0.5000000000
163082  -13.565  -83.821  15.423 0.5000000000
156590  -13.992  -84.635  14.299 0.6999999881
588  -16.139  -84.297  14.183 0.6000000238
810  -16.574  -83.053  14.340 0.6000000238
1515  -9.305  -81.225  12.571 0.8999999762
232  -14.144  -84.837  14.039 0.6999999881
589  -17.699  -84.265  14.554 0.6999999881
1991  -9.739  -80.195  11.130 0.8999999762
1154  -9.828  -81.475  11.631 0.8999999762
1146  -10.579  -81.854  11.985 1.0000000000
1155  -10.182  -80.878  11.218 0.8999999762
413  -13.785  -83.581  11.071 0.8000000119
392  -17.019  -84.900  14.134 0.6999999881
833  -13.657  -83.082  10.939 1.0000000000
617  -15.227  -83.790  10.865 0.8000000119
618  -16.350  -83.722  11.000 0.8000000119
2383  -10.428  -78.188  17.105 0.6999999881
3865  -14.567  -75.320  14.517 0.6999999881
3377  -13.998  -76.367  12.934 0.8000000119
3891  -10.739  -75.551  12.138 0.8999999762
2449  -11.946  -78.074  11.817 1.0000000000
1992  -10.034  -79.541  11.281 0.8999999762
812  -18.377  -83.437  14.899 0.6000000238
151597  -19.825  -83.203  15.923 0.6000000238
615  -11.350  -83.554  12.295 0.8000000119
150852  -12.815  -82.954  12.633 1.0000000000
149824  -14.798  -84.630  12.595 0.8000000119
387  -18.271  -84.778  14.583 0.6000000238
404  -18.179  -84.696  13.521 0.6999999881
591  -20.116  -84.329  15.399 0.6000000238
815  -12.815  -82.173  13.040 1.0000000000
844  -17.422  -82.768  10.121 0.6999999881
147197  -12.029  -75.357  13.941 0.8000000119
3864  -13.456  -75.015  13.917 0.8000000119
2839  -11.166  -77.090  16.188 0.8000000119
2394  -14.064  -78.819  15.945 0.6000000238
3392  -14.033  -75.750  12.893 0.8000000119
3391  -13.755  -76.077  12.068 0.8999999762
3892  -11.588  -75.247  12.240 0.8999999762
2904  -13.473  -76.823  12.169 1.0000000000
2435  -12.342  -78.451  13.410 0.8999999762
155286  -12.220  -79.306  14.308 0.8000000119
1509  -11.093  -80.394  14.134 0.8000000119
141894  -11.039  -78.529  10.906 1.0000000000
2005  -10.080  -79.660  10.416 0.8999999762
1542  -9.832  -80.819  11.413 0.8999999762
159321  -11.650  -83.951  12.324 0.8000000119
409  -13.444  -83.754  11.816 0.8000000119
384  -15.729  -84.660  14.041 0.6999999881
605  -16.934  -84.245  12.311 0.8000000119
403  -17.394  -84.741  13.442 0.6999999881
388  -19.176  -84.579  15.027 0.6000000238
1148  -12.879  -81.540  12.860 1.0000000000
834  -14.107  -82.712  10.952 1.0000000000
619  -17.477  -83.661  11.623 0.6999999881
606  -17.859  -84.200  12.620 0.8000000119
607  -18.653  -84.079  12.859 0.6000000238
5545  -14.714  -72.105  8.176 0.8000000119
622  -14.426  -83.148  10.005 1.0000000000
154703  -15.356  -83.332  10.070 0.8000000119
620  -18.380  -83.487  12.024 0.6999999881
609  -20.387  -83.637  13.224 0.6000000238
1138  -13.505  -81.837  13.187 1.0000000000
846  -19.165  -81.940  10.821 0.8000000119
1571  -17.137  -80.774  7.826 0.8999999762
1166  -18.752  -81.736  10.013 0.8000000119
1580  -18.144  -79.962  7.146 0.8999999762
1176  -19.169  -81.298  9.607 0.8000000119
3828  -13.374  -75.249  15.938 0.6000000238
3893  -12.602  -75.067  12.189 1.0000000000
4468  -12.733  -75.256  11.203 1.0000000000
2852  -8.694  -77.952  15.071 0.8999999762
2883  -8.977  -77.124  13.767 0.8999999762
3911  -12.220  -75.630  9.761 0.8999999762
3933  -11.249  -76.431  6.767 1.0000000000
3949  -11.562  -76.172  6.224 1.0000000000
161496  -13.292  -75.470  11.484 1.0000000000
3912  -13.001  -75.577  10.594 1.0000000000
3922  -11.936  -76.912  7.240 1.0000000000
3950  -11.972  -76.471  6.451 1.0000000000
3961  -11.735  -76.088  6.113 1.0000000000
3908  -9.650  -75.840  10.724 0.8999999762
3421  -12.993  -76.624  9.565 1.0000000000
4493  -12.844  -74.623  7.857 1.0000000000
3406  -9.102  -76.240  11.401 0.8999999762
140918  -12.916  -77.133  9.903 1.0000000000
141308  -12.376  -77.113  7.499 1.0000000000
3951  -12.622  -76.476  6.659 1.0000000000
152394  -13.213  -76.318  6.942 1.0000000000
138200  -12.309  -77.788  9.389 1.0000000000
2928  -12.273  -78.235  8.068 1.0000000000
2470  -11.578  -78.601  9.114 1.0000000000
3438  -13.834  -77.021  7.254 1.0000000000
2024  -11.044  -79.422  9.211 1.0000000000
2032  -12.250  -78.827  8.247 1.0000000000
1543  -10.246  -80.075  10.531 0.8999999762
6118  -8.545  -71.411  7.366 0.5000000000
1551  -11.358  -80.032  9.651 1.0000000000
1544  -10.744  -80.322  10.421 1.0000000000
6081  -10.119  -71.529  8.787 0.6999999881
1545  -11.918  -80.562  11.046 1.0000000000
1156  -11.012  -81.132  11.455 1.0000000000
148733  -11.975  -71.483  8.129 0.8000000119
817  -14.429  -82.222  13.031 1.0000000000
841  -14.049  -82.837  10.205 1.0000000000
596  -18.918  -84.536  13.653 0.6000000238
6102  -12.573  -71.670  7.719 0.8000000119
6104  -14.296  -71.495  8.603 0.8000000119
608  -19.451  -83.878  13.058 0.6000000238
842  -14.771  -82.464  9.660 1.0000000000
827  -19.818  -83.061  12.484 0.6999999881
5042  -16.003  -74.160  7.171 0.8000000119
851  -15.663  -81.701  8.887 1.0000000000
850  -17.834  -82.143  9.544 0.8000000119
838  -20.092  -82.356  12.009 0.8000000119
839  -21.749  -82.413  12.080 0.6999999881
1159  -19.946  -81.845  11.357 0.8000000119
161373  -22.663  -81.803  11.501 0.6999999881
1563  -18.358  -80.887  8.311 0.8999999762
1573  -18.792  -80.343  7.783 0.8999999762
1574  -20.609  -80.284  8.512 0.8000000119
152899  -21.581  -80.233  8.447 0.8000000119
2042  -19.843  -79.437  6.673 0.8000000119
1904  -8.943  -79.210  19.096 0.6000000238
2422  -7.863  -78.460  14.674 0.8999999762
3880  -12.867  -75.010  13.257 0.8000000119
3921  -11.382  -75.438  10.182 0.8999999762
3948  -10.877  -75.998  6.424 1.0000000000
2420  -6.264  -79.366  14.040 0.8999999762
3878  -10.433  -76.134  13.512 0.8999999762
3909  -10.539  -75.498  11.127 0.8999999762
4505  -11.557  -75.396  6.325 1.0000000000
5029  -11.211  -74.317  7.269 1.0000000000
2862  -7.466  -78.275  13.757 0.8999999762
2882  -7.990  -77.479  13.240 0.8999999762
3376  -9.652  -76.519  13.358 0.8999999762
3375  -8.725  -76.808  12.895 0.8999999762
3952  -13.282  -75.315  7.572 1.0000000000
157024  -7.521  -77.581  12.585 0.8999999762
3388  -7.587  -76.995  11.308 0.8999999762
2929  -12.427  -77.549  7.736 1.0000000000
3429  -13.031  -77.054  7.020 1.0000000000
2490  -13.064  -77.806  7.253 1.0000000000
3430  -14.128  -76.207  7.647 1.0000000000
6790  -7.694  -71.240  7.805 0.5000000000
160601  -14.309  -78.248  8.740 1.0000000000
6806  -8.062  -71.076  7.011 0.5000000000
2026  -12.423  -79.137  8.403 1.0000000000
6099  -9.294  -71.637  7.998 0.5000000000
2019  -12.934  -79.512  9.298 1.0000000000
2020  -13.950  -79.254  10.086 1.0000000000
6807  -8.763  -71.214  6.623 0.5000000000
1552  -12.424  -80.024  10.036 1.0000000000
2007  -13.200  -80.251  11.370 1.0000000000
1994  -14.686  -79.887  12.806 1.0000000000
140666  -15.906  -80.234  13.591 0.8999999762
1532  -12.091  -81.190  12.097 1.0000000000
1139  -14.208  -81.774  13.237 1.0000000000
1519  -14.601  -80.598  13.246 1.0000000000
1141  -15.968  -81.004  13.375 1.0000000000
1523  -17.773  -79.916  13.273 0.8999999762
154889  -15.775  -81.674  12.574 1.0000000000
6137  -9.417  -71.250  6.241 0.5000000000
6100  -10.184  -71.693  7.831 0.6999999881
825  -14.817  -82.273  12.472 1.0000000000
6820  -9.911  -70.919  5.823 0.5000000000
835  -15.057  -82.227  11.312 1.0000000000
849  -16.693  -82.375  9.141 1.0000000000
6821  -10.643  -71.214  5.600 0.5000000000
6124  -14.039  -71.948  7.802 0.8000000119
1172  -15.278  -81.803  9.155 1.0000000000
611  -22.239  -83.019  13.346 0.6000000238
158924  -11.850  -71.993  5.309 0.4000000060
6122  -12.395  -72.180  6.617 0.8000000119
5556  -14.459  -72.421  7.479 0.8000000119
5032  -16.265  -73.863  8.276 0.8000000119
1560  -15.786  -81.273  8.762 0.8999999762
1160  -20.858  -82.048  11.760 0.6999999881
1570  -16.269  -80.668  8.291 0.8999999762
1572  -17.788  -80.530  7.711 0.8999999762
1175  -18.329  -81.505  8.974 0.8999999762
1168  -20.837  -81.435  10.965 0.8000000119
138217  -19.745  -80.444  8.452 0.8999999762
1556  -20.644  -80.894  10.096 0.8000000119
1169  -21.952  -81.270  10.343 0.6999999881
1162  -22.897  -81.725  11.481 0.6000000238
1567  -22.500  -80.934  9.564 0.6999999881
1177  -23.122  -81.267  10.097 0.6000000238
2041  -18.472  -79.308  6.881 0.8999999762
2505  -22.069  -77.782  5.757 0.8000000119
163279  -21.761  -78.888  6.397 0.8000000119
2038  -23.256  -79.554  8.158 0.6999999881
137080  -23.459  -78.595  8.019 0.5000000000
156077  -8.611  -79.393  19.817 0.6000000238
1927  -7.623  -79.840  17.583 0.8000000119
1943  -7.621  -79.701  16.708 0.8999999762
3361  -11.406  -75.973  14.640 0.8000000119
2410  -9.038  -78.141  15.727 0.8999999762
3907  -8.749  -76.242  10.242 0.8999999762
3919  -9.243  -76.035  9.357 0.8999999762
3947  -9.628  -75.449  6.814 1.0000000000
5017  -12.689  -73.813  8.782 1.0000000000
5018  -13.836  -74.240  9.016 1.0000000000
148793  -7.575  -76.740  10.353 0.8999999762
4481  -14.071  -75.259  8.147 1.0000000000
3437  -13.268  -77.381  7.005 1.0000000000
158293  -14.719  -75.246  8.936 1.0000000000
2948  -13.738  -77.454  7.356 1.0000000000
3422  -15.406  -76.569  9.436 1.0000000000
2482  -15.033  -77.914  9.431 1.0000000000
6079  -8.276  -71.560  9.238 0.5000000000
2930  -15.498  -77.498  10.062 1.0000000000
2450  -15.995  -78.692  13.208 0.8999999762
1983  -15.971  -79.586  13.628 0.8999999762
6818  -8.419  -70.668  6.535 0.5000000000
154700  -16.542  -79.109  13.837 0.8999999762
1984  -16.662  -79.686  13.767 0.8999999762
1518  -13.825  -81.169  13.169 1.0000000000
1140  -15.056  -81.638  13.260 1.0000000000
1535  -18.108  -79.852  12.834 0.8999999762
1149  -16.509  -81.185  12.967 0.8999999762
1554  -17.014  -80.265  10.192 0.8999999762
1547  -18.104  -79.886  12.164 0.8999999762
1165  -15.886  -81.276  10.236 0.8999999762
5547  -15.970  -73.029  8.821 0.8000000119
1173  -15.654  -81.335  9.287 0.8999999762
2028  -17.138  -79.797  9.278 0.8999999762
828  -20.883  -82.783  12.507 0.6999999881
5557  -14.986  -72.833  7.713 0.8000000119
159766  -22.372  -82.333  12.699 0.6000000238
5580  -13.227  -72.715  5.387 0.4000000060
5555  -13.929  -72.421  6.896 0.8000000119
5581  -13.970  -73.114  5.110 0.5000000000
5040  -14.624  -73.055  6.702 0.5000000000
4507  -17.533  -74.918  8.182 0.8999999762
1564  -19.219  -80.834  8.916 0.8999999762
1171  -23.665  -81.404  10.779 0.5000000000
1581  -18.869  -79.671  6.874 0.8000000119
158005  -23.283  -80.737  9.354 0.6999999881
1178  -23.921  -81.011  9.832 0.5000000000
2048  -20.972  -78.570  5.788 0.8000000119
2039  -23.607  -79.436  8.512 0.6000000238
140186  -23.809  -77.110  7.390 0.5000000000
1929  -9.206  -78.978  17.892 0.6999999881
3331  -11.694  -76.967  16.777 0.6000000238
146335  -10.050  -77.494  15.668 0.8999999762
3930  -8.118  -75.995  8.324 1.0000000000
3946  -8.313  -75.272  7.515 1.0000000000
5027  -9.090  -74.036  7.083 1.0000000000
5016  -11.822  -73.705  8.696 1.0000000000
2433  -6.570  -78.815  13.418 0.8999999762
3420  -7.844  -76.277  9.017 1.0000000000
5005  -12.417  -73.287  9.840 1.0000000000
3408  -15.738  -76.221  10.322 1.0000000000
138672  -15.710  -76.933  10.129 1.0000000000
2905  -15.870  -77.932  12.006 0.8999999762
2471  -14.564  -78.574  9.767 1.0000000000
6064  -9.463  -71.348  10.460 0.8000000119
2472  -15.344  -78.137  10.742 1.0000000000
2461  -14.752  -78.926  11.042 1.0000000000
1985  -17.496  -79.482  13.769 0.8999999762
155790  -11.629  -70.801  9.827 0.8000000119
6793  -13.748  -71.007  9.132 0.8000000119
5546  -15.348  -72.530  8.500 0.8000000119
2021  -17.784  -79.678  10.353 0.8999999762
2027  -16.601  -80.083  8.321 0.8999999762
2033  -17.146  -79.611  7.796 0.8999999762
1578  -16.779  -80.109  7.807 0.8999999762
153259  -15.350  -73.980  6.209 0.6999999881
1582  -17.822  -79.547  7.329 0.8999999762
5060  -15.231  -73.945  5.280 0.5000000000
4526  -16.170  -74.563  6.214 0.6000000238
144992  -17.475  -74.987  6.587 0.6999999881
4516  -17.841  -75.021  7.389 0.6999999881
2500  -18.717  -78.587  6.473 0.8000000119
2035  -19.760  -80.029  7.606 0.8000000119
4541  -18.349  -74.637  5.313 0.6000000238
4528  -18.318  -74.855  6.506 0.6999999881
4529  -19.448  -74.583  7.053 0.6999999881
2043  -21.199  -79.233  6.707 0.8000000119
1575  -22.472  -80.479  8.834 0.6999999881
5061  -15.978  -74.041  5.115 0.5000000000
4540  -17.037  -74.639  5.353 0.6000000238
2037  -22.292  -79.824  7.933 0.8000000119
2497  -22.933  -78.439  7.061 0.6999999881
2493  -23.633  -78.632  8.312 0.4000000060
154826  -23.701  -77.388  8.022 0.5000000000
151290  -8.832  -73.658  8.273 1.0000000000
5014  -9.830  -73.617  8.231 1.0000000000
5004  -11.494  -73.281  9.769 1.0000000000
5006  -13.291  -73.481  9.767 1.0000000000
4996  -15.012  -73.823  10.593 1.0000000000
5007  -14.559  -74.394  9.530 1.0000000000
4482  -15.246  -74.776  10.005 1.0000000000
3924  -15.734  -75.363  10.621 1.0000000000
3409  -16.106  -75.910  11.256 1.0000000000
146609  -16.695  -77.122  13.033 0.8999999762
149641  -15.968  -76.647  11.095 1.0000000000
147685  -16.736  -78.417  13.854 0.8999999762
2437  -17.274  -78.850  14.107 0.8999999762
2008  -14.139  -79.658  11.539 1.0000000000
1986  -18.180  -79.434  13.363 0.8999999762
6769  -10.939  -71.165  9.407 0.8000000119
6792  -12.758  -71.100  8.862 0.8000000119
6105  -15.055  -71.770  8.943 0.8000000119
6103  -13.456  -71.494  8.257 0.8000000119
2010  -18.403  -79.446  11.399 0.8999999762
2029  -17.872  -79.237  9.414 0.8999999762
140182  -18.051  -78.800  8.550 0.8999999762
2491  -17.642  -78.977  7.606 0.8999999762
1454  -6.319  -80.675  19.081 0.8000000119
1889  -7.687  -79.860  19.898 0.6999999881
1475  -6.790  -80.545  17.824 0.8000000119
4918  -4.660  -72.556  16.127 1.0000000000
1487  -6.199  -80.438  16.509 0.8999999762
144410  -6.870  -80.428  17.007 0.8000000119
141607  -4.904  -72.711  15.361 1.0000000000
1968  -5.720  -79.604  15.078 0.8999999762
162266  -6.380  -80.250  15.890 0.8999999762
2419  -5.748  -79.221  14.282 0.8999999762
2879  -5.751  -78.267  12.852 0.8999999762
2432  -5.987  -78.907  13.416 0.8999999762
2899  -5.422  -77.495  12.303 1.0000000000
4989  -8.320  -73.715  10.624 1.0000000000
4990  -9.292  -73.488  10.782 1.0000000000
4991  -10.200  -73.293  10.817 1.0000000000
139577  -11.126  -73.077  10.788 1.0000000000
2900  -5.989  -77.904  12.097 0.8999999762
2912  -6.197  -77.433  11.495 0.8999999762
3417  -5.472  -75.358  10.139 1.0000000000
3916  -5.540  -74.430  9.677 1.0000000000
4479  -6.708  -74.007  8.755 1.0000000000
150326  -6.397  -73.799  9.317 1.0000000000
4993  -12.052  -72.918  10.775 1.0000000000
3403  -5.975  -76.596  10.655 1.0000000000
3418  -6.185  -75.591  9.536 1.0000000000
4994  -13.033  -72.871  10.794 1.0000000000
5522  -13.392  -72.570  11.780 1.0000000000
154847  -13.580  -73.115  10.545 1.0000000000
141980  -13.849  -72.852  11.124 1.0000000000
5508  -15.037  -72.331  12.696 1.0000000000
6037  -7.436  -71.822  12.611 0.6999999881
6050  -8.228  -71.689  12.072 0.6999999881
6038  -9.036  -71.460  12.631 0.8999999762
4980  -15.606  -73.044  12.401 1.0000000000
6746  -5.956  -71.176  10.444 0.6999999881
135656  -15.381  -73.454  11.537 1.0000000000
159269  -16.228  -73.350  12.977 1.0000000000
8054  -4.825  -68.338  10.527 0.4000000060
7404  -5.112  -69.358  10.249 0.6000000238
7425  -6.067  -69.580  8.848 0.5000000000
6766  -6.006  -70.416  9.268 0.6000000238
6077  -6.616  -71.311  9.861 0.6000000238
6062  -6.833  -71.552  10.793 0.6999999881
163230  -8.556  -71.580  11.526 0.8000000119
6051  -9.085  -71.432  11.821 0.8999999762
6727  -10.693  -70.648  11.855 0.8999999762
7366  -13.300  -69.472  12.552 0.8999999762
7367  -14.154  -69.470  12.480 0.8999999762
4454  -16.602  -74.882  12.593 0.8999999762
3883  -16.894  -75.702  13.155 0.8999999762
6767  -6.494  -71.047  9.099 0.6000000238
160491  -7.868  -71.554  9.717 0.6000000238
145456  -8.916  -71.505  11.081 0.6999999881
3895  -16.468  -75.731  12.131 0.8999999762
8038  -4.384  -68.411  11.369 0.6000000238
6097  -7.702  -71.446  8.557 0.6000000238
6065  -10.234  -71.072  10.587 0.8000000119
7387  -12.741  -69.690  11.902 0.8999999762
3393  -16.625  -76.456  12.615 0.8999999762
3379  -17.170  -76.639  13.730 0.8999999762
2888  -17.610  -77.339  14.331 0.8999999762
6063  -8.445  -71.546  10.226 0.6000000238
145165  -10.644  -70.809  11.046 0.8000000119
140411  -11.342  -70.472  11.176 0.8000000119
6729  -12.158  -70.058  11.351 0.8999999762
7406  -12.911  -69.942  11.172 0.8999999762
149676  -14.165  -69.796  11.525 0.8999999762
2438  -18.143  -78.715  14.013 0.8999999762
6747  -11.006  -70.861  10.341 0.8000000119
151245  -11.873  -70.467  10.532 0.8000000119
6749  -13.673  -70.258  10.320 0.8999999762
154131  -15.625  -70.952  10.469 0.8999999762
6750  -14.358  -70.219  10.704 0.8999999762
2889  -18.535  -77.824  14.238 0.8999999762
6770  -12.428  -70.575  9.855 0.8000000119
6771  -13.299  -70.537  9.731 0.8000000119
6066  -16.235  -71.484  10.540 0.8999999762
6055  -18.146  -71.943  12.328 0.8999999762
4982  -18.911  -72.847  12.705 0.8999999762
2451  -18.737  -78.826  13.135 0.8999999762
2439  -18.928  -78.106  13.702 0.8999999762
6772  -14.107  -70.538  9.859 0.8000000119
6067  -16.965  -71.929  10.975 0.8999999762
4997  -18.760  -73.467  12.025 0.8999999762
2463  -18.967  -78.833  12.048 0.8999999762
6084  -15.490  -71.433  9.786 0.8999999762
5537  -16.414  -72.720  9.662 0.8999999762
4471  -18.730  -74.118  11.365 0.8999999762
2918  -19.747  -77.342  11.976 0.8999999762
146756  -19.452  -78.182  11.548 0.8999999762
5020  -17.076  -73.531  9.739 0.8999999762
155603  -17.509  -73.212  10.601 0.8999999762
2919  -19.954  -76.873  10.978 0.8999999762
2473  -19.031  -78.523  10.099 0.8999999762
5019  -16.543  -73.454  9.060 0.8999999762
5021  -17.747  -73.971  10.242 0.8999999762
4496  -18.864  -74.797  10.249 0.8999999762
2483  -18.489  -78.800  9.519 0.8999999762
4494  -17.625  -74.412  9.250 0.8999999762
4495  -18.275  -74.636  9.778 0.8999999762
3937  -19.579  -75.246  10.149 0.8999999762
2484  -18.918  -78.380  9.074 0.8999999762
2944  -19.538  -77.962  8.689 0.8000000119
150665  -18.258  -74.983  8.959 0.8999999762
3936  -18.993  -74.941  9.549 0.8999999762
3938  -20.147  -75.873  9.821 0.8000000119
2492  -18.444  -78.335  7.673 0.8999999762
5072  -17.092  -73.693  4.372 0.5000000000
146511  -18.435  -74.955  8.232 0.8000000119
4517  -19.768  -74.658  8.091 0.8000000119
3440  -21.462  -76.130  7.103 0.8000000119
2501  -19.216  -78.047  5.868 0.8000000119
5590  -15.161  -72.875  4.158 0.5000000000
139352  -17.635  -74.603  5.087 0.5000000000
4519  -21.339  -74.671  7.545 0.6999999881
2958  -20.075  -77.740  5.779 0.8000000119
2957  -23.443  -77.530  7.351 0.6999999881
4542  -19.348  -74.299  5.252 0.5000000000
136957  -20.337  -74.099  6.490 0.6999999881
4530  -21.172  -74.128  7.220 0.6999999881
3451  -21.463  -77.109  5.582 0.8000000119
2503  -21.167  -77.934  5.462 0.8000000119
157565  -18.710  -74.235  4.591 0.5000000000
5051  -21.507  -73.720  6.159 0.6999999881
4531  -21.986  -74.237  6.650 0.6999999881
3970  -22.639  -75.226  6.062 0.8000000119
2962  -22.654  -77.212  5.771 0.8000000119
3448  -24.323  -76.511  6.905 0.4000000060
4543  -20.395  -73.867  5.185 0.6000000238
5063  -22.171  -73.571  5.444 0.5000000000
5065  -23.490  -73.814  4.884 0.5000000000
4544  -23.464  -74.473  5.264 0.6999999881
3975  -23.627  -76.017  5.347 0.6999999881
3456  -23.794  -76.364  5.607 0.6000000238
3452  -24.146  -76.546  6.114 0.6000000238
3457  -24.383  -76.167  5.732 0.6000000238
3442  -23.959  -76.594  7.969 0.4000000060
5076  -24.400  -74.002  4.375 0.4000000060
4545  -25.925  -74.790  4.966 0.4000000060
3972  -25.257  -75.342  5.439 0.4000000060
156683  -6.018  -80.836  20.738 0.6000000238
1440  -6.126  -80.755  20.008 0.8000000119
142385  -5.977  -80.593  18.607 0.8000000119
4916  -3.728  -72.972  16.736 1.0000000000
1925  -5.500  -80.143  17.377 0.8999999762
4359  -3.593  -73.700  16.832 1.0000000000
4393  -3.719  -73.669  15.392 1.0000000000
4376  -5.712  -73.081  15.937 1.0000000000
1924  -4.928  -79.449  17.231 0.8999999762
3344  -3.737  -75.907  14.924 1.0000000000
3840  -3.637  -74.871  15.109 1.0000000000
140060  -3.805  -73.870  14.466 1.0000000000
4933  -4.686  -72.874  14.574 1.0000000000
2407  -5.231  -79.137  15.013 0.8999999762
136441  -3.840  -76.880  15.276 1.0000000000
3358  -3.952  -76.620  14.317 1.0000000000
2431  -5.363  -78.506  13.638 0.8999999762
3374  -4.342  -76.772  13.416 1.0000000000
4974  -4.226  -73.657  12.513 1.0000000000
4447  -4.495  -73.620  11.815 1.0000000000
2878  -4.994  -77.660  13.121 0.8999999762
3387  -5.057  -76.626  11.854 1.0000000000
3401  -4.497  -75.669  11.905 1.0000000000
3905  -4.428  -74.527  11.161 1.0000000000
4464  -5.141  -73.688  10.288 1.0000000000
4465  -5.981  -73.657  10.034 1.0000000000
4466  -7.202  -73.854  10.342 1.0000000000
148963  -8.964  -73.593  11.600 1.0000000000
148097  -9.772  -73.387  11.770 1.0000000000
152765  -11.990  -72.735  12.520 1.0000000000
5507  -13.659  -72.269  12.704 1.0000000000
3402  -5.055  -75.815  10.998 1.0000000000
5520  -11.582  -72.841  11.687 1.0000000000
5521  -12.500  -72.665  11.657 1.0000000000
6691  -9.771  -71.112  13.172 1.0000000000
4995  -14.619  -73.072  11.257 1.0000000000
6654  -4.615  -70.541  15.257 0.8999999762
7403  -4.720  -69.219  10.893 0.6999999881
6724  -4.813  -70.578  11.539 0.6999999881
7383  -4.923  -70.106  10.846 0.6999999881
137007  -6.017  -70.940  9.670 0.6000000238
6726  -9.802  -71.069  12.242 0.8999999762
6707  -11.102  -70.302  12.660 1.0000000000
159931  -14.479  -69.325  13.246 0.8999999762
162841  -17.067  -74.068  14.016 0.8999999762
6728  -11.557  -70.127  11.959 0.8999999762
3884  -17.555  -75.591  14.314 0.8999999762
3380  -17.770  -76.464  14.491 0.8999999762
3364  -18.120  -75.858  14.857 0.8999999762
6708  -16.550  -70.262  12.689 0.8999999762
2868  -18.222  -76.733  14.638 0.8999999762
2869  -18.777  -76.986  14.413 0.8999999762
6748  -13.063  -70.208  10.438 0.8000000119
6054  -17.492  -71.573  11.820 0.8999999762
6053  -16.756  -71.210  11.389 0.8999999762
4965  -19.358  -73.751  13.633 0.8999999762
3366  -19.140  -76.352  14.374 0.8999999762
2907  -19.456  -77.405  13.184 0.8999999762
4983  -19.252  -73.564  12.765 0.8999999762
142520  -19.501  -74.405  12.983 0.8999999762
2452  -19.303  -78.145  12.644 0.8999999762
5008  -18.108  -73.477  11.202 0.8999999762
135611  -19.476  -75.014  12.263 0.8999999762
4484  -19.234  -75.158  10.806 0.8999999762
2931  -19.757  -77.977  9.809 0.8999999762
3424  -20.119  -76.387  10.332 0.8999999762
2945  -20.283  -77.479  8.928 0.8999999762
2949  -19.514  -77.792  7.589 0.8000000119
4508  -19.209  -75.025  8.892 0.8000000119
152352  -20.644  -75.784  8.787 0.8000000119
155432  -20.672  -76.751  8.668 0.8000000119
154589  -20.458  -77.215  7.803 0.8000000119
2955  -19.570  -77.726  6.396 0.8000000119
4510  -21.109  -75.068  8.221 0.8000000119
3954  -21.219  -75.635  8.089 0.8000000119
2956  -20.720  -77.109  6.691 0.8000000119
3962  -21.419  -75.281  7.690 0.8000000119
3447  -21.010  -77.165  5.880 0.8000000119
3974  -23.292  -75.416  5.447 0.8000000119
5074  -21.916  -73.532  4.216 0.4000000060
140882  -23.577  -73.499  4.127 0.4000000060
3976  -24.718  -75.696  5.408 0.5000000000
3453  -24.522  -76.260  6.225 0.5000000000
3964  -24.684  -75.941  6.561 0.5000000000
3963  -24.323  -75.833  7.456 0.4000000060
5054  -25.947  -74.167  5.575 0.4000000060
1452  -5.373  -79.982  19.713 0.8000000119
4868  -7.101  -72.848  19.097 1.0000000000
2369  -4.760  -79.106  18.175 0.8999999762
5466  -4.729  -72.405  16.968 1.0000000000
5458  -5.982  -72.381  17.915 1.0000000000
4342  -7.056  -74.160  18.113 1.0000000000
4902  -3.592  -73.282  17.315 1.0000000000
4919  -6.209  -73.347  16.803 1.0000000000
4361  -6.826  -74.469  17.294 1.0000000000
4377  -6.534  -74.454  16.429 1.0000000000
3805  -7.103  -75.389  16.963 1.0000000000
138455  -4.758  -78.875  15.737 0.8999999762
4395  -6.382  -74.586  15.235 1.0000000000
3825  -6.783  -75.228  16.010 1.0000000000
136898  -4.139  -77.890  15.754 0.8999999762
3860  -6.989  -75.123  14.923 1.0000000000
3861  -7.597  -75.170  15.064 1.0000000000
3843  -7.900  -75.505  15.834 1.0000000000
2430  -4.547  -77.770  14.023 1.0000000000
4412  -3.829  -73.959  13.585 1.0000000000
4413  -4.797  -73.181  13.627 1.0000000000
4429  -5.690  -73.729  13.318 1.0000000000
4430  -6.658  -74.331  13.064 1.0000000000
4432  -8.839  -74.037  13.714 1.0000000000
4976  -9.153  -73.636  12.603 1.0000000000
3875  -3.863  -74.812  13.179 1.0000000000
4449  -6.075  -73.704  11.395 1.0000000000
144073  -7.016  -74.026  11.222 1.0000000000
4975  -8.088  -74.000  11.723 1.0000000000
4451  -8.259  -74.128  12.817 1.0000000000
4977  -10.207  -73.304  12.647 1.0000000000
4961  -10.687  -73.228  13.428 1.0000000000
4962  -11.602  -72.957  13.458 1.0000000000
5489  -12.379  -72.801  13.926 1.0000000000
5523  -14.289  -72.510  12.067 1.0000000000
6671  -10.795  -70.553  14.139 1.0000000000
4979  -14.987  -72.786  11.945 1.0000000000
5491  -14.468  -72.023  13.148 1.0000000000
4963  -15.886  -72.508  13.306 1.0000000000
7382  -4.537  -69.657  11.597 0.6999999881
154897  -5.135  -71.108  11.710 0.6999999881
6745  -5.518  -70.412  10.113 0.6000000238
6706  -10.393  -70.732  12.650 1.0000000000
6692  -10.610  -70.605  13.332 1.0000000000
4964  -16.747  -73.179  13.898 0.8999999762
7364  -11.831  -69.832  12.697 0.8999999762
4419  -17.475  -73.718  14.537 0.8999999762
8739  -4.581  -67.337  10.852 0.4000000060
7368  -15.618  -69.889  12.411 0.8999999762
6040  -18.355  -71.749  13.186 0.8999999762
3868  -19.089  -75.467  14.600 0.8999999762
3867  -18.482  -75.064  14.898 0.8999999762
6751  -15.289  -70.441  10.981 0.8999999762
5495  -19.065  -73.090  14.016 0.8999999762
4436  -19.427  -74.730  14.043 0.8999999762
3885  -19.475  -75.779  13.905 0.8999999762
6752  -16.069  -70.839  11.109 0.8999999762
2890  -19.131  -77.365  14.022 0.8999999762
5524  -18.380  -72.723  12.062 0.8999999762
155859  -19.656  -76.036  13.177 0.8999999762
3394  -19.710  -76.611  12.708 0.8999999762
146088  -19.600  -75.296  13.131 0.8999999762
3410  -19.827  -76.388  11.744 0.8999999762
3913  -19.610  -75.581  11.462 0.8999999762
3423  -19.835  -76.191  10.999 0.8999999762
4483  -18.369  -74.284  10.631 0.8999999762
3432  -20.443  -76.575  9.481 0.8000000119
3439  -21.073  -76.428  8.008 0.8000000119
5087  -23.487  -72.948  3.081 0.4000000060
3977  -24.390  -75.508  5.036 0.6000000238
143988  -25.743  -74.654  4.584 0.5000000000
151458  -25.954  -74.143  4.216 0.4000000060
1888  -4.991  -79.313  20.455 0.8000000119
157362  -7.541  -73.417  20.325 1.0000000000
5442  -4.076  -72.098  18.335 1.0000000000
5443  -4.949  -71.838  18.423 1.0000000000
4869  -7.401  -73.597  19.641 1.0000000000
4326  -7.536  -74.674  19.420 1.0000000000
2356  -4.712  -78.731  18.968 0.8000000119
2342  -4.796  -78.493  20.301 0.8000000119
5455  -3.755  -72.827  17.397 1.0000000000
3773  -7.761  -75.751  18.997 1.0000000000
2804  -4.568  -78.171  19.047 0.8999999762
3786  -8.361  -76.126  18.937 1.0000000000
3311  -3.969  -76.967  17.109 1.0000000000
4360  -3.652  -74.821  16.972 1.0000000000
3824  -3.586  -74.892  16.001 1.0000000000
144011  -7.577  -75.943  17.451 1.0000000000
138737  -8.470  -76.158  18.195 1.0000000000
4344  -9.299  -75.720  18.212 1.0000000000
150210  -3.703  -75.923  15.683 1.0000000000
3842  -7.214  -75.398  15.666 1.0000000000
3826  -7.525  -75.730  16.611 1.0000000000
4946  -4.224  -73.333  13.980 1.0000000000
4414  -5.734  -73.744  14.325 1.0000000000
4378  -9.302  -74.941  16.693 1.0000000000
148920  -9.705  -74.414  16.083 1.0000000000
3876  -6.616  -74.674  14.147 1.0000000000
4415  -7.194  -74.905  14.224 1.0000000000
4416  -8.114  -74.686  14.411 1.0000000000
144091  -8.308  -74.887  15.218 1.0000000000
4397  -9.593  -74.161  15.499 1.0000000000
4398  -10.388  -73.953  15.732 1.0000000000
4947  -10.340  -73.441  14.190 1.0000000000
4431  -7.752  -74.501  13.447 1.0000000000
154285  -12.356  -72.686  13.163 1.0000000000
5490  -13.895  -71.916  13.684 1.0000000000
160755  -6.161  -71.645  12.512 0.6999999881
6006  -9.390  -71.389  14.091 1.0000000000
6007  -10.144  -71.095  14.572 1.0000000000
6656  -10.889  -70.691  15.079 1.0000000000
6023  -7.457  -71.824  13.500 0.8999999762
144839  -8.343  -71.721  14.046 1.0000000000
6670  -10.148  -70.958  13.856 1.0000000000
5492  -15.342  -71.745  13.653 1.0000000000
6024  -8.255  -71.720  13.049 1.0000000000
155609  -11.722  -70.248  15.289 1.0000000000
7361  -4.231  -69.738  12.455 0.6999999881
149339  -4.763  -70.893  12.233 0.6999999881
6035  -5.389  -71.349  12.495 0.6999999881
6048  -6.024  -71.477  11.587 0.6999999881
6693  -11.449  -70.041  13.534 1.0000000000
7349  -12.271  -69.612  13.404 1.0000000000
7351  -13.920  -69.279  13.310 0.8999999762
5493  -16.390  -71.972  13.982 0.8999999762
4949  -17.323  -72.807  14.321 0.8999999762
7345  -3.814  -68.871  12.963 0.6999999881
7350  -13.076  -69.381  13.363 1.0000000000
4950  -17.918  -73.530  14.839 0.8999999762
136609  -15.083  -69.457  13.080 0.8999999762
6694  -16.801  -70.098  13.792 0.8999999762
4937  -18.098  -73.929  15.091 0.8999999762
138722  -3.961  -68.016  12.185 0.4000000060
6732  -17.132  -70.897  12.285 0.8999999762
158034  -17.967  -71.605  14.065 0.8999999762
4952  -19.124  -73.862  14.445 0.8999999762
143552  -4.754  -78.013  20.928 0.6999999881
137580  -4.621  -78.756  21.889 0.6000000238
5966  -4.598  -71.531  19.828 1.0000000000
5426  -6.570  -72.090  19.499 1.0000000000
5954  -6.785  -71.920  20.420 1.0000000000
4854  -7.718  -74.373  20.222 1.0000000000
5978  -4.208  -71.776  19.087 1.0000000000
5425  -5.375  -71.674  19.212 1.0000000000
4298  -8.525  -74.876  21.634 1.0000000000
5424  -3.816  -72.213  19.151 1.0000000000
4312  -8.244  -75.161  20.785 1.0000000000
3761  -8.630  -75.899  20.348 1.0000000000
2814  -4.308  -77.637  17.799 1.0000000000
4340  -3.617  -74.073  17.726 1.0000000000
3775  -8.942  -76.148  19.686 1.0000000000
3297  -4.403  -76.638  18.006 1.0000000000
3785  -4.354  -75.675  18.250 1.0000000000
3787  -8.879  -76.130  18.854 1.0000000000
3788  -9.584  -75.687  19.057 1.0000000000
135820  -3.788  -75.908  16.581 1.0000000000
4345  -10.165  -74.941  18.303 1.0000000000
139226  -10.956  -73.514  14.909 1.0000000000
4948  -12.419  -73.000  14.720 1.0000000000
4934  -11.281  -73.773  15.698 1.0000000000
6636  -4.659  -70.398  16.034 1.0000000000
154821  -8.874  -71.645  15.255 1.0000000000
6004  -6.521  -71.590  14.587 0.8999999762
6005  -7.333  -71.782  14.430 0.8999999762
140746  -9.461  -71.471  14.938 1.0000000000
145109  -10.594  -70.958  15.822 1.0000000000
138007  -11.349  -70.562  15.931 1.0000000000
5471  -14.575  -71.461  15.921 1.0000000000
5475  -13.181  -72.423  14.496 1.0000000000
5477  -14.897  -71.403  14.294 1.0000000000
148530  -12.467  -69.745  14.960 1.0000000000
7346  -3.985  -69.958  13.216 0.6999999881
6689  -4.374  -70.597  13.518 0.6999999881
145935  -5.317  -71.338  13.333 0.8000000119
137252  -5.976  -71.591  13.216 0.8000000119
6672  -11.553  -70.139  14.494 1.0000000000
7333  -12.811  -69.430  14.149 1.0000000000
141714  -13.752  -69.231  14.171 1.0000000000
5478  -15.826  -71.065  14.348 1.0000000000
137461  -14.827  -69.223  14.091 1.0000000000
159515  -15.641  -69.450  13.915 0.8999999762
6011  -17.603  -71.402  14.057 0.8999999762
138131  -17.503  -71.697  14.178 0.8999999762
5480  -18.196  -72.779  14.576 0.8999999762
8022  -3.644  -67.784  12.822 0.6000000238
5494  -18.520  -72.541  14.192 0.8999999762
4951  -18.651  -73.323  14.623 0.8999999762
2772  -4.442  -77.540  22.312 0.6000000238
5940  -5.301  -70.949  21.307 1.0000000000
141732  -8.213  -73.840  21.931 1.0000000000
137627  -4.761  -77.956  20.150 0.8999999762
5951  -3.777  -72.009  20.156 1.0000000000
3285  -4.790  -76.322  18.759 1.0000000000
3270  -5.010  -77.298  19.918 0.8999999762
4867  -3.698  -73.590  19.346 1.0000000000
139918  -3.708  -72.906  19.850 1.0000000000
3747  -8.872  -75.686  21.244 1.0000000000
4341  -3.926  -74.758  18.486 1.0000000000
4885  -3.634  -73.795  18.615 1.0000000000
4346  -10.991  -74.387  18.360 1.0000000000
4363  -10.679  -74.485  17.568 1.0000000000
4379  -10.284  -74.380  16.685 1.0000000000
4921  -11.867  -73.780  16.303 1.0000000000
7262  -7.400  -69.759  19.514 1.0000000000
4936  -12.856  -72.929  15.459 1.0000000000
6622  -5.615  -70.453  17.109 1.0000000000
7283  -7.897  -70.327  19.003 1.0000000000
6594  -8.781  -70.375  19.137 1.0000000000
5995  -9.353  -71.496  15.652 1.0000000000
5996  -10.082  -71.235  15.380 1.0000000000
6642  -11.815  -70.412  16.909 1.0000000000
142666  -11.997  -73.849  17.082 1.0000000000
4922  -12.623  -73.463  16.844 1.0000000000
150803  -4.846  -70.058  17.470 1.0000000000
141969  -6.978  -71.564  15.410 0.8999999762
5994  -8.624  -71.622  15.833 1.0000000000
6643  -13.112  -70.071  17.128 1.0000000000
5470  -13.725  -72.229  15.651 1.0000000000
5476  -14.207  -71.703  14.825 1.0000000000
137437  -8.112  -71.787  15.129 0.8999999762
6657  -12.454  -70.081  16.077 1.0000000000
7304  -13.490  -69.788  16.563 1.0000000000
135831  -7.814  -71.604  16.076 1.0000000000
6008  -15.452  -70.663  15.087 1.0000000000
6668  -4.509  -70.608  14.368 0.8000000119
6690  -4.932  -71.089  13.847 0.8000000119
6021  -5.755  -71.426  14.105 0.8000000119
7318  -14.126  -69.374  15.697 1.0000000000
5998  -15.561  -70.129  15.416 1.0000000000
6009  -16.037  -70.522  14.608 1.0000000000
7327  -3.750  -69.497  14.405 0.8000000119
7352  -15.722  -69.565  14.592 1.0000000000
6010  -16.788  -70.798  14.159 0.8999999762
142937  -16.841  -71.520  14.122 0.8999999762
7998  -3.595  -68.678  14.884 0.8000000119
7353  -16.258  -69.762  14.211 0.8999999762
8011  -3.554  -68.054  13.422 0.6999999881
152757  -3.459  -67.792  15.056 0.8000000119
9427  -3.596  -66.022  12.837 0.5000000000
2771  -4.248  -77.354  22.826 0.5000000000
3245  -4.605  -77.360  22.225 0.6000000238
5927  -4.756  -71.318  22.380 1.0000000000
5955  -7.237  -72.045  21.174 1.0000000000
5403  -7.653  -72.410  21.596 1.0000000000
3271  -5.537  -76.815  20.414 0.8000000119
2791  -4.937  -77.631  20.693 0.6999999881
5938  -3.943  -71.814  21.099 1.0000000000
5939  -4.523  -71.325  21.434 1.0000000000
146311  -5.860  -71.249  20.629 1.0000000000
3286  -5.314  -76.554  19.852 1.0000000000
4852  -3.882  -73.424  20.676 1.0000000000
5413  -3.767  -72.546  20.794 1.0000000000
5967  -5.721  -71.527  19.961 1.0000000000
5414  -7.490  -72.752  20.851 1.0000000000
5404  -7.993  -72.914  22.139 1.0000000000
4833  -8.536  -73.626  22.675 1.0000000000
3772  -5.148  -76.042  19.493 1.0000000000
4325  -4.055  -74.456  19.344 1.0000000000
4281  -8.846  -74.627  22.443 1.0000000000
3771  -4.610  -75.420  19.024 1.0000000000
3735  -9.215  -75.365  22.046 1.0000000000
4269  -10.669  -74.456  23.249 1.0000000000
3749  -10.336  -75.240  21.632 1.0000000000
3763  -10.122  -75.502  20.846 1.0000000000
3736  -9.881  -75.321  22.284 1.0000000000
4313  -10.726  -74.807  20.946 1.0000000000
3776  -9.851  -75.639  19.966 1.0000000000
4328  -11.097  -74.192  19.524 1.0000000000
4283  -10.560  -74.837  22.373 1.0000000000
139132  -10.737  -74.668  20.139 1.0000000000
151688  -11.206  -74.171  18.973 1.0000000000
7246  -7.768  -69.331  20.183 1.0000000000
7263  -8.261  -69.895  19.684 1.0000000000
138324  -11.664  -73.624  21.262 1.0000000000
4888  -11.747  -73.906  18.483 1.0000000000
4380  -11.267  -74.167  16.919 1.0000000000
5415  -12.258  -72.918  21.131 1.0000000000
148768  -11.380  -73.859  20.043 1.0000000000
4905  -11.543  -74.095  17.687 1.0000000000
7265  -10.007  -69.962  19.987 1.0000000000
5956  -13.159  -71.040  21.011 1.0000000000
5968  -13.303  -71.348  20.456 1.0000000000
4871  -12.486  -73.028  19.679 1.0000000000
4889  -12.500  -73.318  18.780 1.0000000000
7280  -5.197  -69.791  18.348 1.0000000000
6611  -9.333  -70.611  18.605 1.0000000000
5989  -9.916  -71.265  16.227 1.0000000000
6641  -10.759  -70.851  16.510 1.0000000000
155591  -13.441  -70.965  19.914 1.0000000000
5445  -13.270  -72.443  19.183 1.0000000000
4907  -13.218  -72.972  17.440 1.0000000000
5467  -13.336  -72.786  16.534 1.0000000000
5983  -14.176  -71.273  18.495 1.0000000000
5468  -14.291  -71.933  16.746 1.0000000000
6639  -7.834  -71.365  16.824 1.0000000000
5987  -8.516  -71.468  16.552 1.0000000000
5988  -9.281  -71.295  16.886 1.0000000000
6644  -14.164  -70.093  17.159 1.0000000000
140059  -14.908  -71.104  15.256 1.0000000000
7303  -4.291  -69.982  16.734 1.0000000000
6655  -5.357  -70.855  15.738 0.8999999762
7305  -14.229  -69.653  16.375 1.0000000000
5997  -15.124  -70.653  16.034 1.0000000000
7328  -4.023  -70.118  14.826 0.8000000119
6669  -5.158  -71.039  14.747 0.8999999762
5992  -5.994  -71.268  15.083 0.8999999762
6658  -15.203  -70.072  16.156 1.0000000000
141252  -3.788  -69.552  15.133 0.8000000119
7335  -15.289  -69.467  15.195 1.0000000000
7986  -3.544  -68.212  15.712 0.8000000119
143582  -3.487  -66.709  14.114 0.6000000238
9406  -3.448  -65.976  14.576 0.5000000000
153731  -3.475  -66.975  14.855 0.6999999881
142051  -4.295  -76.788  24.087 0.5000000000
3230  -6.020  -76.909  22.981 0.6000000238
3246  -5.629  -76.989  22.146 0.6999999881
140893  -4.367  -71.774  21.965 1.0000000000
5941  -6.476  -71.353  21.317 1.0000000000
5929  -7.362  -71.596  22.611 1.0000000000
144780  -6.301  -76.245  21.697 0.8999999762
163070  -4.062  -73.358  21.760 1.0000000000
5394  -7.787  -72.165  22.317 1.0000000000
4311  -5.433  -75.291  20.635 1.0000000000
4278  -4.668  -73.929  21.546 1.0000000000
5384  -8.524  -72.607  23.534 1.0000000000
3758  -4.894  -75.184  19.902 1.0000000000
4834  -9.249  -74.310  23.143 1.0000000000
5385  -9.189  -73.121  24.069 1.0000000000
4282  -9.619  -74.980  22.726 1.0000000000
4827  -10.272  -74.167  24.016 1.0000000000
4835  -11.478  -73.971  22.225 1.0000000000
4870  -11.742  -73.704  19.355 1.0000000000
7247  -8.625  -69.426  20.328 1.0000000000
5405  -12.177  -73.066  22.479 1.0000000000
5406  -12.659  -72.308  21.745 1.0000000000
5416  -12.986  -72.023  21.042 1.0000000000
4906  -12.461  -73.572  17.766 1.0000000000
7261  -6.520  -69.630  19.331 1.0000000000
160154  -11.405  -70.225  19.783 1.0000000000
6598  -13.050  -70.623  20.406 1.0000000000
5460  -13.984  -72.268  17.560 1.0000000000
6625  -9.503  -70.961  17.791 1.0000000000
150496  -11.238  -70.391  18.333 1.0000000000
6627  -11.594  -70.428  17.770 1.0000000000
140384  -12.761  -70.197  17.885 1.0000000000
6614  -13.688  -70.546  18.636 1.0000000000
5461  -14.495  -71.361  17.626 1.0000000000
6623  -5.827  -70.257  17.801 1.0000000000
5982  -8.498  -71.215  17.343 1.0000000000
6640  -10.156  -71.057  17.060 1.0000000000
159478  -10.936  -70.709  17.168 1.0000000000
140622  -13.740  -70.282  17.819 1.0000000000
5990  -14.785  -71.081  16.773 1.0000000000
6638  -5.941  -70.807  16.502 1.0000000000
6624  -7.480  -70.980  17.547 1.0000000000
6629  -14.602  -70.587  17.136 1.0000000000
7294  -4.222  -69.572  17.492 1.0000000000
138424  -3.894  -69.520  16.433 0.8999999762
7976  -3.635  -68.700  16.603 0.8000000119
150919  -3.489  -67.295  15.617 0.8000000119
8663  -3.520  -67.637  16.385 0.8000000119
3701  -5.245  -75.861  25.514 0.5000000000
3651  -5.798  -74.969  27.728 0.5000000000
3687  -5.936  -75.717  26.269 0.5000000000
163468  -5.120  -76.685  23.547 0.6000000238
6560  -5.201  -70.981  22.922 1.0000000000
154540  -6.633  -76.402  23.345 0.6999999881
5926  -4.688  -71.807  22.864 1.0000000000
157759  -6.275  -70.963  22.621 1.0000000000
6562  -6.896  -71.126  22.926 1.0000000000
154960  -7.928  -71.980  23.247 1.0000000000
145246  -6.783  -75.653  23.123 0.8999999762
4831  -4.465  -73.297  22.323 1.0000000000
6570  -5.011  -70.869  22.120 1.0000000000
4280  -6.341  -75.250  22.488 1.0000000000
4279  -5.615  -74.397  22.136 1.0000000000
5928  -6.781  -71.147  22.141 1.0000000000
4296  -5.519  -74.887  21.279 1.0000000000
4818  -9.883  -73.628  24.512 1.0000000000
152994  -9.621  -73.999  23.836 1.0000000000
156886  -10.092  -74.976  22.892 1.0000000000
161879  -12.076  -73.169  21.707 1.0000000000
5395  -12.746  -72.110  22.363 1.0000000000
6582  -10.901  -70.048  20.212 1.0000000000
6572  -12.215  -69.988  21.281 1.0000000000
5429  -13.526  -71.568  19.737 1.0000000000
6595  -9.683  -70.253  19.252 1.0000000000
5446  -13.835  -71.679  19.076 1.0000000000
7281  -6.165  -69.975  18.588 1.0000000000
7282  -7.041  -70.166  18.836 1.0000000000
6613  -11.385  -70.263  19.085 1.0000000000
6597  -12.306  -70.347  19.731 1.0000000000
145215  -12.410  -70.296  18.754 1.0000000000
5979  -13.753  -71.048  19.292 1.0000000000
152447  -7.514  -70.593  18.369 1.0000000000
6610  -8.431  -70.829  18.295 1.0000000000
6626  -10.583  -70.677  17.737 1.0000000000
6609  -6.742  -70.485  18.083 1.0000000000
7278  -3.878  -69.082  18.014 1.0000000000
7973  -3.653  -68.772  17.436 1.0000000000
137774  -3.643  -68.356  18.040 1.0000000000
153743  -3.490  -66.859  16.176 0.6999999881
9399  -3.462  -66.285  15.526 0.6000000238
10134  -3.599  -64.993  14.299 0.4000000060
10126  -3.513  -65.198  15.126 0.5000000000
3209  -7.291  -76.144  25.460 0.6000000238
3734  -6.562  -76.084  22.430 0.8000000119
3231  -7.037  -76.394  24.149 0.6000000238
6547  -5.610  -70.633  23.687 1.0000000000
6539  -7.188  -70.621  24.439 1.0000000000
135368  -7.869  -70.472  25.082 1.0000000000
6530  -8.688  -70.948  25.163 1.0000000000
4265  -6.196  -74.452  23.018 1.0000000000
139340  -6.217  -70.769  23.403 1.0000000000
5912  -9.025  -71.841  24.966 1.0000000000
5375  -8.558  -72.118  24.172 1.0000000000
5376  -9.460  -72.758  24.739 1.0000000000
4819  -10.655  -73.666  24.594 1.0000000000
5377  -10.244  -73.182  25.064 1.0000000000
4828  -11.147  -73.945  23.939 1.0000000000
5386  -11.970  -73.284  23.471 1.0000000000
141350  -12.442  -72.587  22.925 1.0000000000
7235  -12.330  -69.861  21.886 1.0000000000
141265  -13.014  -71.477  21.943 1.0000000000
7249  -10.332  -69.668  20.702 1.0000000000
7250  -11.277  -69.849  20.974 1.0000000000
5930  -13.021  -71.113  22.401 1.0000000000
7260  -5.567  -69.506  19.145 1.0000000000
7943  -9.264  -68.696  21.657 1.0000000000
7264  -9.119  -70.006  19.866 1.0000000000
6583  -11.962  -70.224  20.514 1.0000000000
7279  -4.415  -69.427  18.163 1.0000000000
7245  -6.888  -69.216  20.021 1.0000000000
6612  -10.309  -70.435  18.553 1.0000000000
7259  -4.648  -69.262  18.970 1.0000000000
7964  -4.849  -69.159  19.797 1.0000000000
7953  -6.279  -68.761  20.589 1.0000000000
159263  -4.001  -68.683  19.430 1.0000000000
7962  -3.835  -68.630  18.814 1.0000000000
8645  -3.682  -67.797  18.709 0.8999999762
158569  -3.488  -66.239  16.339 0.8000000119
9388  -3.503  -66.863  16.972 0.8000000119
3653  -7.360  -75.176  28.187 0.5000000000
150545  -6.817  -75.385  27.803 0.5000000000
3688  -7.265  -75.940  26.320 0.6000000238
3672  -7.555  -75.444  27.284 0.6000000238
4241  -8.251  -74.570  27.571 0.6000000238
3702  -7.599  -75.593  25.502 0.6000000238
3689  -7.823  -75.443  26.578 0.6000000238
4267  -7.314  -75.454  24.267 0.8000000119
5909  -4.997  -71.612  23.729 1.0000000000
6537  -5.459  -70.642  24.300 1.0000000000
7210  -5.736  -70.305  24.546 1.0000000000
4816  -6.490  -73.712  24.576 1.0000000000
5383  -4.589  -72.596  23.461 1.0000000000
6521  -8.447  -69.997  26.300 1.0000000000
5363  -4.748  -72.125  25.252 1.0000000000
7209  -5.336  -70.555  24.967 1.0000000000
7202  -5.426  -70.190  25.354 1.0000000000
6529  -7.702  -69.985  25.742 1.0000000000
6522  -9.173  -70.689  26.022 1.0000000000
136858  -9.836  -71.346  26.179 1.0000000000
5364  -4.852  -72.337  25.479 1.0000000000
5902  -4.557  -71.743  26.125 1.0000000000
144322  -5.053  -70.122  25.967 1.0000000000
7193  -4.927  -69.928  26.573 1.0000000000
135808  -6.633  -69.824  25.970 1.0000000000
5903  -9.453  -71.512  25.624 1.0000000000
7191  -3.938  -70.552  27.235 1.0000000000
137502  -6.728  -69.627  26.818 1.0000000000
5904  -10.204  -72.054  26.015 1.0000000000
5367  -10.754  -72.710  25.627 1.0000000000
143861  -11.581  -72.825  25.202 1.0000000000
161776  -12.191  -72.278  25.272 1.0000000000
5378  -12.300  -72.444  24.603 1.0000000000
7223  -10.950  -69.267  22.170 1.0000000000
5913  -12.719  -71.608  24.975 1.0000000000
5918  -12.951  -71.293  23.361 1.0000000000
159972  -12.946  -70.821  25.023 1.0000000000
7214  -12.045  -69.361  22.923 1.0000000000
136472  -12.931  -70.329  23.746 1.0000000000
6532  -12.867  -70.241  25.448 1.0000000000
7951  -4.382  -68.706  20.354 1.0000000000
7944  -10.046  -69.007  21.936 1.0000000000
7224  -11.856  -69.471  22.319 1.0000000000
143120  -12.670  -69.759  24.189 1.0000000000
7952  -5.131  -68.908  20.567 1.0000000000
7942  -8.492  -68.471  21.417 1.0000000000
7928  -10.299  -68.759  22.669 1.0000000000
146370  -11.213  -69.069  22.994 1.0000000000
7919  -11.829  -69.119  23.636 1.0000000000
145603  -12.547  -69.635  25.001 1.0000000000
7940  -6.761  -68.256  21.181 1.0000000000
8625  -7.993  -68.011  21.879 1.0000000000
7914  -12.246  -69.365  24.256 1.0000000000
8609  -8.196  -67.748  22.553 1.0000000000
7927  -9.511  -68.457  22.397 1.0000000000
7913  -11.535  -68.944  24.487 1.0000000000
162101  -11.990  -69.229  24.994 1.0000000000
7950  -4.027  -68.504  20.096 1.0000000000
8639  -3.790  -68.129  19.589 1.0000000000
151843  -3.662  -67.292  20.001 1.0000000000
143463  -3.600  -65.587  17.791 0.6999999881
9370  -3.629  -66.347  17.805 0.8999999762
141839  -3.603  -67.354  17.892 0.8999999762
10884  -3.640  -64.393  15.633 0.6000000238
10873  -3.510  -64.716  16.512 0.6000000238
162205  -7.873  -74.207  29.918 0.5000000000
4247  -8.082  -74.985  26.247 0.6000000238
4817  -7.275  -74.286  25.006 0.8000000119
4804  -8.002  -73.884  26.460 0.8000000119
7204  -7.026  -70.050  25.097 1.0000000000
4815  -5.489  -73.179  24.197 1.0000000000
6528  -4.743  -71.063  25.989 1.0000000000
136464  -9.130  -70.223  26.895 1.0000000000
6472  -11.308  -70.081  30.229 1.0000000000
157440  -3.849  -71.130  27.329 1.0000000000
7184  -4.258  -69.768  27.312 1.0000000000
160228  -6.840  -69.353  27.844 1.0000000000
5894  -9.954  -70.952  26.814 1.0000000000
5895  -10.825  -71.557  27.018 1.0000000000
6485  -10.957  -70.352  29.527 1.0000000000
5896  -11.644  -71.677  26.907 1.0000000000
5878  -11.902  -71.108  28.241 1.0000000000
6473  -12.157  -70.063  30.317 1.0000000000
5905  -11.851  -71.964  26.301 1.0000000000
5897  -12.516  -71.361  26.559 1.0000000000
6515  -12.837  -70.820  27.213 1.0000000000
5906  -12.382  -71.804  25.765 1.0000000000
6531  -12.912  -71.022  25.799 1.0000000000
144592  -12.945  -70.318  26.273 1.0000000000
7917  -9.737  -68.283  23.175 1.0000000000
7197  -13.009  -69.721  26.839 1.0000000000
8608  -6.973  -67.242  22.633 1.0000000000
142255  -7.496  -67.608  22.282 1.0000000000
7196  -12.530  -69.150  26.806 1.0000000000
7939  -5.574  -68.305  21.284 1.0000000000
149616  -10.446  -68.592  23.343 1.0000000000
7205  -12.660  -69.710  26.001 1.0000000000
7938  -4.524  -68.413  21.105 1.0000000000
7925  -4.644  -68.050  21.829 1.0000000000
8623  -6.335  -67.862  21.783 1.0000000000
8610  -8.938  -67.980  22.887 1.0000000000
7918  -10.979  -68.708  23.871 1.0000000000
7905  -11.789  -68.783  26.487 1.0000000000
8621  -4.216  -67.975  21.609 1.0000000000
8631  -3.808  -67.996  20.530 1.0000000000
10107  -3.504  -64.906  17.327 0.8999999762
10084  -3.688  -65.629  19.576 0.8999999762
9356  -3.649  -66.833  18.606 1.0000000000
159178  -3.498  -64.139  16.925 0.6000000238
4768  -8.079  -73.426  30.947 0.5000000000
4226  -7.764  -74.781  28.534 0.5000000000
4787  -8.371  -73.660  28.353 0.6000000238
4189  -8.182  -73.847  29.801 0.5000000000
4248  -8.303  -74.425  27.059 0.6000000238
4798  -8.177  -73.604  27.208 0.8000000119
7857  -8.925  -68.267  31.413 1.0000000000
7858  -9.871  -68.415  31.548 1.0000000000
5358  -6.258  -72.603  26.491 1.0000000000
5359  -7.418  -73.031  26.800 0.8000000119
7878  -8.482  -68.642  30.804 1.0000000000
7137  -10.355  -69.090  31.217 1.0000000000
7187  -8.312  -69.743  27.114 1.0000000000
7151  -8.994  -69.140  30.350 1.0000000000
6471  -10.415  -69.905  30.063 1.0000000000
7859  -10.949  -68.460  31.594 1.0000000000
5350  -4.490  -71.966  26.849 1.0000000000
154670  -7.348  -69.515  27.430 1.0000000000
6512  -8.955  -69.865  27.542 1.0000000000
7178  -7.360  -69.331  28.216 1.0000000000
6501  -9.857  -70.155  28.484 1.0000000000
6514  -10.368  -70.634  28.157 1.0000000000
11480  -5.599  -63.240  28.871 1.0000000000
7169  -13.341  -69.641  29.861 1.0000000000
10735  -5.056  -64.667  27.936 1.0000000000
6487  -12.672  -70.186  29.744 1.0000000000
6504  -12.444  -70.636  28.921 1.0000000000
7181  -13.683  -69.360  29.238 1.0000000000
6505  -13.041  -70.378  28.457 1.0000000000
135804  -13.662  -69.100  28.581 1.0000000000
6524  -13.062  -70.301  27.044 1.0000000000
7188  -13.267  -69.659  27.723 1.0000000000
9283  -4.747  -65.806  26.057 1.0000000000
9304  -4.893  -66.011  24.581 1.0000000000
8597  -10.070  -68.222  24.040 1.0000000000
7906  -13.071  -69.211  27.403 1.0000000000
146705  -7.653  -67.400  22.817 1.0000000000
8596  -9.134  -67.869  23.734 1.0000000000
7912  -10.744  -68.478  24.731 1.0000000000
7908  -11.395  -68.794  25.480 1.0000000000
161350  -4.370  -67.685  22.130 1.0000000000
9339  -3.704  -67.235  20.886 1.0000000000
149285  -3.545  -64.957  18.992 0.8999999762
10073  -3.725  -66.208  21.169 1.0000000000
140208  -3.680  -65.830  18.618 0.8999999762
148676  -3.709  -66.335  20.228 1.0000000000
5309  -8.318  -71.918  32.358 0.5000000000
5316  -8.316  -72.394  31.721 0.5000000000
6456  -6.933  -70.983  31.358 0.6999999881
5847  -7.935  -71.537  31.488 0.6000000238
5848  -8.356  -71.890  31.846 0.6000000238
138124  -8.313  -73.301  29.664 0.6999999881
5846  -7.165  -71.414  30.839 0.8000000119
5866  -7.673  -72.204  29.733 0.8000000119
5338  -7.678  -72.468  28.820 0.8000000119
5352  -8.260  -73.423  27.801 0.8000000119
147758  -6.671  -67.283  31.557 1.0000000000
7856  -7.968  -68.071  31.217 1.0000000000
5337  -6.480  -72.123  28.266 0.8000000119
8520  -5.672  -67.355  31.112 1.0000000000
151253  -6.633  -68.267  30.434 1.0000000000
8524  -10.276  -67.704  31.701 1.0000000000
5886  -5.092  -71.967  27.640 1.0000000000
146890  -6.580  -72.425  27.361 0.8999999762
8525  -11.117  -67.527  31.644 1.0000000000
5875  -4.257  -71.526  28.215 1.0000000000
7194  -5.773  -69.750  26.637 1.0000000000
7892  -6.999  -68.705  29.846 1.0000000000
7150  -8.071  -68.899  30.135 1.0000000000
7860  -11.948  -68.772  31.482 1.0000000000
5874  -3.659  -71.159  27.889 1.0000000000
7183  -3.746  -70.204  27.812 1.0000000000
7185  -5.010  -69.537  27.256 1.0000000000
7167  -8.611  -69.299  29.604 1.0000000000
7140  -12.682  -69.015  31.124 1.0000000000
8527  -12.697  -68.146  31.334 1.0000000000
157270  -3.606  -70.822  27.694 1.0000000000
145029  -8.148  -69.369  28.817 1.0000000000
7168  -9.512  -69.608  29.823 1.0000000000
11481  -6.434  -63.052  29.103 1.0000000000
7880  -13.448  -68.585  30.717 1.0000000000
7893  -13.961  -68.855  30.010 1.0000000000
10722  -6.944  -64.223  28.698 1.0000000000
10723  -8.596  -64.627  28.664 1.0000000000
147988  -5.713  -65.047  27.693 1.0000000000
140700  -6.227  -63.799  28.732 1.0000000000
9984  -6.565  -65.253  27.728 1.0000000000
9969  -7.141  -64.959  28.245 1.0000000000
9970  -8.044  -65.187  28.268 1.0000000000
9971  -8.996  -65.408  28.292 1.0000000000
9982  -4.232  -65.186  26.878 1.0000000000
9262  -7.013  -65.630  27.253 1.0000000000
9985  -7.499  -65.523  27.805 1.0000000000
7903  -13.420  -68.877  28.079 1.0000000000
10001  -4.830  -65.478  26.558 1.0000000000
9285  -6.645  -65.831  26.546 1.0000000000
9263  -7.871  -65.924  27.310 1.0000000000
9987  -9.295  -66.065  27.818 1.0000000000
7902  -12.906  -68.602  27.656 1.0000000000
9305  -6.205  -66.208  24.723 1.0000000000
9297  -7.232  -66.480  25.330 1.0000000000
9298  -8.146  -66.760  25.854 1.0000000000
142679  -8.029  -66.375  26.686 1.0000000000
8573  -12.141  -68.412  27.355 1.0000000000
9287  -8.650  -66.738  26.571 1.0000000000
8579  -11.102  -68.433  26.325 1.0000000000
8584  -4.625  -66.418  23.763 1.0000000000
147298  -5.446  -66.972  22.923 1.0000000000
9314  -5.494  -66.520  23.724 1.0000000000
8585  -7.661  -67.023  24.063 1.0000000000
8576  -8.755  -67.296  25.193 1.0000000000
8587  -9.334  -67.787  24.605 1.0000000000
8588  -10.023  -68.083  24.898 1.0000000000
8578  -10.440  -68.176  25.711 1.0000000000
159177  -4.437  -66.550  23.344 1.0000000000
152513  -4.150  -67.484  22.133 1.0000000000
9331  -3.798  -67.141  21.708 1.0000000000
163493  -3.628  -64.680  20.461 0.8999999762
140302  -3.702  -65.433  20.407 1.0000000000
10825  -3.614  -64.826  19.802 0.8999999762
11628  -3.622  -63.418  17.025 0.5000000000
7127  -7.783  -70.133  33.323 0.5000000000
7126  -7.341  -70.200  32.724 0.6999999881
4760  -8.296  -72.867  31.041 0.5000000000
5857  -7.821  -71.921  30.592 0.6000000238
5322  -8.237  -72.695  30.314 0.6000000238
8518  -3.855  -67.054  30.795 1.0000000000
5329  -8.210  -72.784  29.498 0.8000000119
9219  -7.106  -66.820  32.015 1.0000000000
8512  -8.070  -66.872  32.006 1.0000000000
5865  -5.519  -71.543  29.544 0.8999999762
8519  -4.482  -67.143  30.831 1.0000000000
8535  -5.969  -67.928  30.612 1.0000000000
8522  -8.492  -67.561  31.712 1.0000000000
8523  -9.394  -67.662  31.739 1.0000000000
5876  -5.376  -71.745  28.654 0.8999999762
7875  -4.287  -68.072  29.732 1.0000000000
150170  -10.509  -67.042  31.665 1.0000000000
7889  -3.867  -68.552  29.196 1.0000000000
9222  -11.101  -66.708  31.528 1.0000000000
7896  -3.665  -69.128  28.823 1.0000000000
7897  -4.047  -68.827  28.441 1.0000000000
7891  -6.017  -68.791  29.123 1.0000000000
7166  -7.140  -68.998  28.939 1.0000000000
149139  -13.025  -67.252  31.065 1.0000000000
7890  -4.798  -68.639  29.178 1.0000000000
13045  -4.524  -61.271  29.104 1.0000000000
12243  -7.245  -62.919  29.134 1.0000000000
9225  -13.251  -66.568  30.829 1.0000000000
12244  -8.881  -62.975  28.879 1.0000000000
8536  -13.986  -67.117  30.583 1.0000000000
11483  -8.346  -63.776  28.969 1.0000000000
11484  -9.260  -63.863  28.765 1.0000000000
7894  -14.482  -67.934  29.740 1.0000000000
10721  -6.126  -64.646  28.208 1.0000000000
153754  -10.073  -63.588  28.550 1.0000000000
10734  -4.283  -64.697  27.585 1.0000000000
9268  -12.941  -67.220  28.064 1.0000000000
8549  -13.943  -68.285  28.702 1.0000000000
9265  -9.731  -66.622  27.473 1.0000000000
9247  -10.820  -66.305  27.944 1.0000000000
8560  -12.489  -67.905  27.943 1.0000000000
8561  -13.398  -67.969  28.276 1.0000000000
10000  -4.126  -65.709  26.201 1.0000000000
9286  -7.347  -66.239  26.167 1.0000000000
9264  -8.760  -66.348  27.253 1.0000000000
8559  -11.612  -67.704  27.723 1.0000000000
9295  -5.369  -65.887  25.484 1.0000000000
9296  -6.425  -66.021  25.744 1.0000000000
8558  -10.872  -67.489  27.470 1.0000000000
8572  -11.331  -68.183  27.122 1.0000000000
9306  -7.919  -66.964  24.900 1.0000000000
8569  -9.060  -67.131  26.039 1.0000000000
8570  -9.836  -67.525  26.347 1.0000000000
8571  -10.586  -67.906  26.761 1.0000000000
9303  -4.360  -66.035  24.180 1.0000000000
138004  -4.287  -66.161  24.051 1.0000000000
10042  -3.792  -65.892  22.824 1.0000000000
157638  -3.708  -65.902  21.953 1.0000000000
156286  -3.673  -65.038  21.223 1.0000000000
146277  -3.529  -64.010  20.005 0.8999999762
11600  -3.501  -63.470  18.698 0.8000000119
9218  -6.055  -66.766  31.820 1.0000000000
6470  -6.167  -71.214  30.778 0.8000000119
6469  -4.898  -71.068  30.846 0.8000000119
8533  -3.950  -67.578  30.286 1.0000000000
9220  -8.949  -66.921  31.886 1.0000000000
5854  -4.517  -71.336  29.998 0.8999999762
7874  -3.733  -68.283  29.969 1.0000000000
142984  -10.241  -66.262  31.612 1.0000000000
6483  -3.676  -71.131  29.544 1.0000000000
154789  -3.315  -70.718  29.821 1.0000000000
9942  -10.969  -65.881  31.408 1.0000000000
9223  -11.716  -66.286  31.295 1.0000000000
9943  -11.576  -65.480  31.138 1.0000000000
5864  -4.404  -71.440  29.116 1.0000000000
6499  -3.606  -71.168  28.664 1.0000000000
8526  -12.022  -67.220  31.469 1.0000000000
7174  -3.541  -70.019  28.573 1.0000000000
9953  -13.547  -65.276  30.486 1.0000000000
13046  -5.299  -61.767  29.295 1.0000000000
12242  -6.753  -62.270  29.233 1.0000000000
12230  -7.741  -62.056  29.140 1.0000000000
137894  -4.506  -62.003  28.940 1.0000000000
9233  -13.808  -66.128  30.547 1.0000000000
151623  -9.761  -62.908  28.579 1.0000000000
9960  -14.968  -65.773  29.600 1.0000000000
12240  -4.109  -62.683  28.499 1.0000000000
11493  -3.816  -64.116  27.771 1.0000000000
9991  -15.174  -65.367  27.864 1.0000000000
145793  -15.203  -66.335  28.868 1.0000000000
10725  -10.692  -64.869  28.278 1.0000000000
9269  -13.890  -66.906  28.202 1.0000000000
152192  -14.330  -66.061  27.888 1.0000000000
7900  -14.530  -67.685  29.089 1.0000000000
10733  -3.988  -64.784  27.202 1.0000000000
9972  -10.347  -65.724  28.092 1.0000000000
9267  -11.942  -67.200  28.012 1.0000000000
8562  -14.267  -67.349  28.570 1.0000000000
10744  -3.933  -65.249  26.582 1.0000000000
152727  -9.715  -65.759  28.083 1.0000000000
9284  -5.635  -65.761  26.265 1.0000000000
9246  -10.197  -66.372  27.845 1.0000000000
155460  -3.823  -65.646  25.546 1.0000000000
9293  -4.267  -65.810  24.889 1.0000000000
9288  -9.361  -66.933  26.846 1.0000000000
8557  -10.156  -67.195  27.105 1.0000000000
10019  -3.940  -65.762  24.710 1.0000000000
142030  -3.647  -64.983  22.180 1.0000000000
137696  -3.592  -64.127  21.648 1.0000000000
11575  -3.520  -62.971  20.224 0.8000000119
7116  -7.167  -69.480  33.399 0.6000000238
8511  -3.111  -67.446  32.709 0.8999999762
8517  -3.478  -67.232  31.459 1.0000000000
9215  -3.839  -66.310  30.906 1.0000000000
7115  -5.571  -69.323  33.198 0.6000000238
158180  -5.270  -70.214  32.150 0.8000000119
7123  -3.314  -69.522  32.083 0.8999999762
9216  -4.134  -66.494  30.908 1.0000000000
9207  -6.530  -66.126  32.231 1.0000000000
6455  -5.040  -70.620  31.597 0.8000000119
9208  -7.589  -66.142  32.223 1.0000000000
9209  -8.512  -66.198  32.051 1.0000000000
7136  -3.546  -70.156  31.769 0.8999999762
8532  -3.565  -68.068  30.901 1.0000000000
9932  -8.921  -65.517  31.978 1.0000000000
9210  -9.349  -66.228  31.828 1.0000000000
6454  -4.017  -70.693  31.373 0.8999999762
6453  -3.496  -70.386  31.052 1.0000000000
154522  -10.349  -65.488  31.503 1.0000000000
6467  -3.206  -70.291  30.392 1.0000000000
9941  -9.684  -65.506  31.705 1.0000000000
148603  -10.846  -65.069  31.269 1.0000000000
10691  -10.681  -64.246  31.242 1.0000000000
7165  -3.256  -69.936  29.496 1.0000000000
11449  -11.974  -63.905  30.730 1.0000000000
9944  -12.222  -65.216  30.854 1.0000000000
11458  -12.693  -63.786  30.457 1.0000000000
13867  -4.723  -60.444  29.192 1.0000000000
163075  -6.188  -61.795  29.309 1.0000000000
13856  -7.352  -60.556  29.175 1.0000000000
13048  -8.561  -61.563  28.808 1.0000000000
10701  -14.079  -64.653  30.161 1.0000000000
12221  -13.710  -62.774  29.909 1.0000000000
13865  -3.328  -60.936  28.186 1.0000000000
142014  -5.879  -62.470  29.197 1.0000000000
13049  -9.981  -61.351  28.241 1.0000000000
11460  -14.645  -64.030  29.661 1.0000000000
148730  -3.078  -61.103  27.431 1.0000000000
12239  -3.628  -62.348  28.144 1.0000000000
10711  -15.461  -64.518  28.543 1.0000000000
11467  -15.209  -63.510  29.187 1.0000000000
12232  -14.546  -62.262  29.588 1.0000000000
11495  -14.906  -63.971  27.398 1.0000000000
10740  -15.484  -64.676  27.965 1.0000000000
11478  -3.671  -63.159  28.031 1.0000000000
10720  -5.329  -64.048  28.426 1.0000000000
11485  -10.677  -63.887  28.319 1.0000000000
12255  -13.741  -62.961  27.295 1.0000000000
10726  -11.680  -64.949  28.102 1.0000000000
9990  -14.610  -65.275  27.646 1.0000000000
10738  -14.396  -64.483  27.437 1.0000000000
10727  -12.599  -64.996  27.928 1.0000000000
9988  -12.940  -65.714  27.989 1.0000000000
9973  -11.140  -65.715  28.072 1.0000000000
9974  -12.024  -65.744  28.138 1.0000000000
9249  -12.427  -66.488  28.083 1.0000000000
138349  -10.436  -66.925  27.658 1.0000000000
9266  -11.019  -67.007  27.940 1.0000000000
10767  -3.652  -65.021  25.013 1.0000000000
10781  -3.632  -65.028  24.091 1.0000000000
161881  -3.617  -64.202  22.372 1.0000000000
10812  -3.570  -64.011  20.809 0.8999999762
148599  -3.666  -62.328  19.417 0.8000000119
7830  -6.369  -68.771  33.800 0.6000000238
7828  -3.773  -68.944  33.853 0.8000000119
7829  -4.868  -68.890  33.752 0.6999999881
7827  -3.266  -68.476  33.550 0.8999999762
148207  -4.642  -65.623  31.604 1.0000000000
6444  -4.203  -70.351  32.080 0.8000000119
9206  -5.545  -66.160  32.050 1.0000000000
9930  -7.013  -65.283  32.462 1.0000000000
7854  -3.223  -69.056  31.397 1.0000000000
151309  -8.541  -64.872  32.185 1.0000000000
148510  -9.261  -64.823  31.863 1.0000000000
156824  -8.852  -64.308  32.099 1.0000000000
10690  -10.059  -64.742  31.536 1.0000000000
10683  -9.531  -64.019  31.746 1.0000000000
11447  -10.289  -63.389  31.314 1.0000000000
12208  -11.074  -62.961  30.910 1.0000000000
11457  -11.995  -63.032  30.536 1.0000000000
140793  -12.994  -63.112  30.263 1.0000000000
13047  -7.909  -61.066  29.118 1.0000000000
13869  -8.601  -60.697  28.639 1.0000000000
12231  -13.659  -62.079  29.803 1.0000000000
13885  -12.500  -60.406  27.376 1.0000000000
11468  -15.541  -63.541  28.455 1.0000000000
13038  -15.196  -61.570  29.179 1.0000000000
12246  -10.295  -62.115  28.277 1.0000000000
141765  -15.473  -63.032  27.832 1.0000000000
137846  -15.572  -61.625  28.492 1.0000000000
13050  -15.766  -60.816  28.181 1.0000000000
11482  -7.542  -63.666  29.026 1.0000000000
12247  -10.702  -62.968  28.231 1.0000000000
12254  -12.623  -62.844  27.520 1.0000000000
139184  -14.139  -63.757  27.306 1.0000000000
12248  -15.676  -62.433  28.215 1.0000000000
137795  -3.530  -63.366  27.363 1.0000000000
163338  -3.997  -63.572  28.239 1.0000000000
141366  -11.447  -64.129  28.095 1.0000000000
11494  -13.044  -63.605  27.501 1.0000000000
13904  -15.121  -60.103  27.544 1.0000000000
11500  -3.683  -64.352  26.900 1.0000000000
149564  -13.919  -64.957  27.547 1.0000000000
138901  -3.427  -63.399  26.598 1.0000000000
144656  -13.340  -65.096  27.744 1.0000000000
155192  -3.506  -63.851  26.009 1.0000000000
10757  -3.679  -65.002  25.998 1.0000000000
143685  -3.624  -64.104  24.330 1.0000000000
148230  -3.610  -63.736  22.878 1.0000000000
135885  -3.626  -64.166  23.579 1.0000000000
11566  -3.571  -63.137  21.204 0.8999999762
12365  -3.744  -62.027  20.026 0.6999999881
13165  -4.049  -61.584  19.559 0.6000000238
8486  -6.126  -67.452  34.540 0.6000000238
7817  -5.593  -68.246  34.174 0.6000000238
8500  -3.683  -68.203  34.303 0.8000000119
7816  -4.328  -68.488  34.193 0.6000000238
140191  -4.197  -64.902  30.825 1.0000000000
10679  -4.590  -64.430  30.956 1.0000000000
9939  -3.772  -65.671  30.908 1.0000000000
10680  -5.828  -64.549  32.287 1.0000000000
163190  -4.871  -64.936  31.891 1.0000000000
147093  -6.317  -63.786  32.411 1.0000000000
10681  -7.214  -64.254  32.582 1.0000000000
160861  -7.844  -64.837  32.442 1.0000000000
155491  -7.876  -63.652  32.556 1.0000000000
10682  -8.216  -64.254  32.417 1.0000000000
12206  -9.738  -62.521  31.509 1.0000000000
12207  -10.522  -62.432  31.032 1.0000000000
12191  -7.966  -62.829  32.543 1.0000000000
147025  -8.394  -61.958  32.349 1.0000000000
12219  -11.298  -62.328  30.649 1.0000000000
13024  -13.178  -61.634  29.847 1.0000000000
13866  -3.929  -60.712  28.728 1.0000000000
13035  -5.987  -61.117  29.340 1.0000000000
14666  -7.230  -59.738  29.164 1.0000000000
13884  -11.607  -60.007  27.461 1.0000000000
11459  -13.698  -63.713  30.073 1.0000000000
13858  -14.075  -60.537  29.554 1.0000000000
13036  -6.956  -61.328  29.249 1.0000000000
13883  -11.177  -60.713  27.681 1.0000000000
144204  -13.238  -60.792  27.326 1.0000000000
13039  -15.498  -60.806  28.772 1.0000000000
13055  -10.784  -61.386  27.944 1.0000000000
12252  -11.188  -62.119  27.926 1.0000000000
13058  -13.708  -61.454  27.292 1.0000000000
13060  -15.393  -61.236  27.718 1.0000000000
13054  -3.195  -61.837  27.266 1.0000000000
155039  -11.291  -63.443  28.055 1.0000000000
14691  -13.882  -59.302  27.321 1.0000000000
15444  -15.320  -58.897  27.581 1.0000000000
144739  -3.291  -62.480  26.695 1.0000000000
15443  -14.484  -58.628  27.353 1.0000000000
137307  -3.468  -62.558  25.017 1.0000000000
11525  -3.538  -63.242  24.572 1.0000000000
11538  -3.537  -63.187  23.593 1.0000000000
12332  -3.540  -62.634  22.605 1.0000000000
12355  -3.694  -62.095  20.736 0.8000000119
13153  -4.019  -61.324  20.292 0.6999999881
8485  -4.583  -67.821  34.513 0.6000000238
8484  -3.782  -67.311  34.724 0.6999999881
9182  -3.347  -66.605  34.469 0.6999999881
158010  -3.463  -65.465  31.902 0.8000000119
9928  -3.862  -65.024  30.791 0.8999999762
10667  -3.217  -64.812  32.792 0.8000000119
147070  -5.252  -63.775  31.873 1.0000000000
11436  -6.100  -63.018  32.185 1.0000000000
12190  -7.063  -62.642  32.574 1.0000000000
150413  -7.523  -61.994  32.577 1.0000000000
13007  -10.010  -61.586  31.100 1.0000000000
13846  -11.099  -60.783  30.323 1.0000000000
13831  -10.035  -60.115  30.931 1.0000000000
150278  -11.965  -62.172  30.292 1.0000000000
145219  -11.938  -60.785  29.941 1.0000000000
140763  -3.395  -60.055  28.308 1.0000000000
13854  -5.637  -60.349  29.332 1.0000000000
14653  -6.224  -59.619  29.264 1.0000000000
13882  -10.030  -60.167  28.001 1.0000000000
13847  -13.062  -60.813  29.742 1.0000000000
14689  -12.297  -58.913  27.291 1.0000000000
147644  -13.559  -59.877  29.576 1.0000000000
148774  -14.945  -60.708  29.333 1.0000000000
13898  -2.973  -60.393  26.646 1.0000000000
150429  -10.432  -60.730  27.959 1.0000000000
13903  -14.328  -60.091  27.374 1.0000000000
14669  -15.633  -59.342  28.631 1.0000000000
13902  -13.322  -60.024  27.307 1.0000000000
15434  -15.965  -58.925  28.014 1.0000000000
13069  -3.100  -61.352  26.358 1.0000000000
143620  -3.692  -59.288  24.000 0.6999999881
12253  -11.649  -62.817  27.848 1.0000000000
13083  -3.171  -61.157  25.298 1.0000000000
12295  -3.434  -62.294  24.068 1.0000000000
12311  -3.483  -62.075  23.186 1.0000000000
12346  -3.619  -62.189  21.644 0.8999999762
13146  -3.881  -61.264  21.207 0.6999999881
9184  -5.293  -66.037  34.689 0.6000000238
9183  -4.003  -66.402  34.816 0.6999999881
10653  -5.471  -64.643  34.696 0.5000000000
10652  -4.303  -64.365  34.429 0.6000000238
9920  -3.213  -65.701  33.647 0.6999999881
10678  -3.971  -64.473  30.652 0.8999999762
11434  -4.244  -63.875  30.698 1.0000000000
11435  -4.891  -63.202  30.816 1.0000000000
147618  -4.323  -63.377  34.269 0.6000000238
10651  -3.353  -64.155  33.774 0.6999999881
139739  -3.180  -63.987  32.391 0.6999999881
151219  -4.023  -63.459  30.533 0.8000000119
12189  -5.625  -62.338  31.500 1.0000000000
147906  -6.592  -62.092  32.345 1.0000000000
12992  -7.068  -61.277  32.502 1.0000000000
11407  -3.333  -63.337  33.536 0.6000000238
11419  -3.082  -63.253  32.319 0.6999999881
12993  -7.941  -61.238  32.521 1.0000000000
12989  -2.914  -62.252  30.986 0.8000000119
156321  -9.358  -61.151  31.643 1.0000000000
13830  -9.723  -60.690  31.264 1.0000000000
156126  -4.317  -59.069  28.831 0.8999999762
14664  -5.114  -59.491  29.220 0.8999999762
151811  -10.717  -60.138  30.506 1.0000000000
15420  -3.962  -58.354  28.628 0.8999999762
148946  -11.425  -60.065  30.030 1.0000000000
153691  -12.282  -59.013  29.676 1.0000000000
14662  -3.465  -59.102  28.393 0.8999999762
14663  -4.143  -59.819  28.809 0.8999999762
15413  -5.966  -58.676  29.177 1.0000000000
140270  -7.521  -58.890  29.059 1.0000000000
160102  -7.985  -59.469  28.999 1.0000000000
15424  -9.117  -58.961  28.153 1.0000000000
14668  -9.514  -59.631  28.070 1.0000000000
15431  -10.307  -58.777  27.523 1.0000000000
14678  -10.930  -59.354  27.470 1.0000000000
14654  -13.090  -59.058  29.583 1.0000000000
13881  -2.939  -60.263  27.721 0.8999999762
13868  -7.996  -60.205  29.054 1.0000000000
15441  -11.819  -58.413  27.218 1.0000000000
15415  -13.585  -58.160  29.465 1.0000000000
17773  -14.311  -56.087  28.908 1.0000000000
140967  -3.010  -58.863  26.191 0.8999999762
13870  -9.298  -60.355  28.272 1.0000000000
14677  -10.221  -59.512  27.736 1.0000000000
15416  -14.698  -58.325  29.262 1.0000000000
151931  -12.047  -57.738  27.069 1.0000000000
16182  -15.218  -57.573  28.934 1.0000000000
17774  -15.192  -56.219  28.748 1.0000000000
14696  -2.991  -59.583  25.865 0.8999999762
16214  -16.216  -57.264  27.966 1.0000000000
158549  -15.729  -57.210  28.542 1.0000000000
138274  -3.404  -58.829  25.285 0.8999999762
156187  -13.145  -57.694  27.098 1.0000000000
149957  -14.121  -57.762  27.181 1.0000000000
16992  -15.927  -56.546  28.401 1.0000000000
17781  -16.241  -55.248  28.185 1.0000000000
18554  -16.466  -54.561  28.097 1.0000000000
13918  -3.355  -60.370  24.392 1.0000000000
140388  -3.387  -59.540  24.915 0.8000000119
15464  -4.146  -58.548  24.451 0.6000000238
16213  -15.973  -57.552  27.782 1.0000000000
152234  -16.280  -55.918  28.088 1.0000000000
17793  -16.493  -55.233  27.727 1.0000000000
19363  -16.772  -53.768  27.940 1.0000000000
16224  -14.735  -57.060  27.023 1.0000000000
17005  -15.700  -57.000  27.310 1.0000000000
154351  -16.366  -55.562  27.213 1.0000000000
17809  -16.641  -54.829  27.110 1.0000000000
13123  -3.487  -61.036  23.452 1.0000000000
13927  -3.719  -59.922  23.338 0.6999999881
17018  -15.245  -56.382  26.836 1.0000000000
17808  -15.723  -55.718  26.731 1.0000000000
18571  -15.348  -55.044  26.366 1.0000000000
18572  -16.166  -54.422  26.481 1.0000000000
18573  -16.919  -54.085  26.924 1.0000000000
137122  -3.795  -60.352  22.723 1.0000000000
13141  -3.722  -61.203  22.306 0.6999999881
11433  -3.602  -63.871  30.744 0.8000000119
11446  -4.164  -62.497  30.444 0.8000000119
12204  -4.870  -62.336  30.584 0.8999999762
13020  -4.691  -61.605  30.441 0.8999999762
13810  -8.284  -60.511  32.337 1.0000000000
12161  -5.092  -62.485  34.528 0.6000000238
12160  -3.971  -62.570  34.017 0.6000000238
12988  -2.973  -61.950  32.125 0.6000000238
13019  -3.930  -61.711  30.407 0.8000000119
12990  -5.479  -61.364  30.924 0.8999999762
13808  -6.670  -60.512  32.289 1.0000000000
14632  -9.015  -59.630  31.730 1.0000000000
14633  -9.697  -59.390  31.185 1.0000000000
14647  -10.342  -59.587  30.737 1.0000000000
14648  -10.925  -59.432  30.297 1.0000000000
15401  -11.799  -58.485  29.750 1.0000000000
14665  -6.789  -59.015  29.194 1.0000000000
15423  -8.312  -58.789  28.572 1.0000000000
15430  -9.556  -58.275  27.759 1.0000000000
17772  -13.272  -56.031  29.011 1.0000000000
147783  -2.830  -58.726  27.296 0.8999999762
15432  -11.045  -58.573  27.279 1.0000000000
17779  -14.919  -55.466  28.713 1.0000000000
15448  -3.401  -58.230  25.651 0.8999999762
15440  -11.249  -57.811  27.098 1.0000000000
19362  -15.903  -53.852  28.357 1.0000000000
160237  -15.181  -53.515  28.380 1.0000000000
16221  -11.542  -57.122  26.864 1.0000000000
163258  -12.571  -57.700  27.090 1.0000000000
16993  -16.274  -56.658  28.014 1.0000000000
20186  -16.358  -53.222  28.127 1.0000000000
152231  -16.391  -56.086  27.700 1.0000000000
152312  -17.075  -52.943  27.727 1.0000000000
17016  -12.763  -56.285  26.526 1.0000000000
16222  -12.494  -57.114  26.883 1.0000000000
16223  -13.603  -56.915  26.819 1.0000000000
19371  -17.380  -52.876  27.202 1.0000000000
17017  -13.674  -56.060  26.473 1.0000000000
19378  -17.157  -53.229  26.756 1.0000000000
20202  -17.666  -52.413  26.872 1.0000000000
17821  -14.266  -54.906  26.168 1.0000000000
12159  -3.207  -62.634  33.363 0.6000000238
13828  -5.406  -60.404  30.829 0.8000000119
14631  -5.783  -59.827  31.376 0.8999999762
146271  -8.508  -59.901  32.148 1.0000000000
13790  -2.991  -61.158  33.071 0.6000000238
13844  -4.208  -60.918  30.314 0.6999999881
144317  -7.878  -59.816  32.475 1.0000000000
150548  -9.049  -58.868  31.629 1.0000000000
155260  -9.596  -58.648  31.147 1.0000000000
15421  -4.926  -58.545  28.960 0.8999999762
136952  -5.504  -58.025  28.967 1.0000000000
14630  -3.174  -59.337  31.110 0.6999999881
15371  -6.965  -58.442  32.390 0.8999999762
15400  -10.301  -58.829  30.689 1.0000000000
16167  -11.257  -57.769  29.869 1.0000000000
15399  -5.199  -58.714  30.658 0.6999999881
16194  -3.545  -57.502  28.402 0.8999999762
158008  -6.180  -57.927  29.035 1.0000000000
15422  -6.938  -58.214  29.106 1.0000000000
16197  -7.539  -57.559  28.669 1.0000000000
156158  -7.736  -58.243  28.839 1.0000000000
16178  -12.057  -57.845  29.600 1.0000000000
18551  -12.697  -54.527  28.436 1.0000000000
157010  -2.825  -58.214  27.907 0.8999999762
16179  -12.771  -57.575  29.495 1.0000000000
139751  -3.222  -57.689  26.212 0.8999999762
16212  -10.338  -57.869  27.289 1.0000000000
16180  -13.479  -57.331  29.367 1.0000000000
18552  -13.713  -54.472  28.521 1.0000000000
19360  -13.910  -53.729  28.268 1.0000000000
154890  -3.033  -58.293  26.453 0.8999999762
16211  -9.511  -57.399  27.476 1.0000000000
16979  -13.825  -56.741  29.170 1.0000000000
19361  -14.775  -54.018  28.504 1.0000000000
20185  -15.517  -53.081  28.230 1.0000000000
16980  -14.693  -56.812  28.975 1.0000000000
160314  -17.035  -52.144  27.811 1.0000000000
17806  -12.979  -55.522  26.247 1.0000000000
155255  -17.614  -52.157  27.326 1.0000000000
21005  -18.008  -51.284  27.224 1.0000000000
144561  -13.765  -55.431  26.247 1.0000000000
19377  -16.562  -53.722  26.480 1.0000000000
19389  -16.320  -52.981  26.113 1.0000000000
18587  -14.843  -54.140  26.040 1.0000000000
18588  -15.669  -53.566  26.060 1.0000000000
20211  -17.077  -52.408  26.227 1.0000000000
21019  -18.058  -51.660  26.942 1.0000000000
141503  -3.094  -61.095  32.035 0.6000000238
135933  -3.010  -61.130  30.972 0.6999999881
14615  -6.800  -59.112  32.407 1.0000000000
13827  -3.080  -60.268  31.465 0.6999999881
14617  -8.337  -59.128  32.216 1.0000000000
15373  -8.469  -58.296  31.938 1.0000000000
15382  -9.103  -58.151  31.385 1.0000000000
15383  -9.808  -58.003  30.782 1.0000000000
143794  -10.096  -56.758  30.099 1.0000000000
16972  -10.955  -56.887  29.769 1.0000000000
159705  -4.667  -57.608  28.728 0.8999999762
16195  -5.732  -57.369  28.776 1.0000000000
16196  -6.660  -57.394  28.780 1.0000000000
16198  -8.288  -57.894  28.416 1.0000000000
15429  -8.865  -58.300  28.199 1.0000000000
17765  -10.508  -56.215  29.659 1.0000000000
18545  -12.283  -55.077  28.679 1.0000000000
16208  -2.878  -57.542  28.012 0.8999999762
16209  -8.213  -57.005  28.172 1.0000000000
16210  -8.932  -57.613  27.984 1.0000000000
17771  -12.342  -55.702  28.949 1.0000000000
15439  -2.818  -57.900  27.246 0.8999999762
139436  -3.038  -56.985  27.122 0.8999999762
16219  -10.010  -57.084  27.156 1.0000000000
19359  -12.213  -53.970  28.097 1.0000000000
138332  -13.111  -53.870  28.145 1.0000000000
17814  -3.456  -55.597  25.888 0.8000000119
17004  -8.903  -56.982  27.648 1.0000000000
17012  -9.320  -56.563  27.166 1.0000000000
16220  -10.707  -57.146  26.968 1.0000000000
20184  -14.516  -53.188  28.111 1.0000000000
20196  -14.932  -52.389  27.926 1.0000000000
18578  -3.359  -54.570  25.924 0.8000000119
17013  -10.122  -56.521  26.768 1.0000000000
21004  -15.321  -51.643  27.750 1.0000000000
139482  -14.807  -51.082  27.317 1.0000000000
17803  -10.313  -55.843  26.340 1.0000000000
20197  -16.126  -52.404  28.061 1.0000000000
21792  -16.449  -50.697  27.634 1.0000000000
17805  -12.066  -55.655  26.211 1.0000000000
17015  -11.819  -56.423  26.528 1.0000000000
146256  -17.261  -51.436  27.661 1.0000000000
17819  -12.356  -54.821  25.898 1.0000000000
21030  -18.149  -51.091  26.403 1.0000000000
19404  -3.521  -53.278  22.950 0.4000000060
142905  -12.952  -54.298  25.782 1.0000000000
18586  -13.733  -54.202  25.919 1.0000000000
19388  -14.690  -53.276  25.716 1.0000000000
21029  -17.688  -51.773  26.350 1.0000000000
21820  -17.553  -51.069  25.733 1.0000000000
21822  -18.447  -50.388  26.466 1.0000000000
159248  -15.684  -49.659  24.007 1.0000000000
159902  -3.379  -59.891  30.773 0.6999999881
157186  -3.911  -60.006  30.427 0.6999999881
159670  -5.285  -59.563  30.711 0.8000000119
151359  -5.785  -59.084  31.452 0.8000000119
14644  -3.592  -59.231  30.673 0.6999999881
16957  -6.931  -57.099  31.905 0.8999999762
15372  -7.764  -58.393  32.332 1.0000000000
15381  -5.760  -58.227  31.423 0.8000000119
16154  -7.761  -57.164  31.764 1.0000000000
156994  -8.255  -57.046  31.413 1.0000000000
16963  -8.765  -56.971  30.955 1.0000000000
16970  -8.587  -56.329  30.533 1.0000000000
157039  -9.778  -56.266  29.900 1.0000000000
17769  -9.849  -55.674  29.459 1.0000000000
16990  -6.244  -56.592  28.478 1.0000000000
18539  -6.640  -54.335  29.823 0.8999999762
18543  -10.337  -55.117  28.970 1.0000000000
17770  -10.784  -55.614  29.231 1.0000000000
16987  -3.302  -56.650  28.136 0.8999999762
16991  -7.253  -56.799  28.414 1.0000000000
18544  -11.514  -55.299  28.894 1.0000000000
19357  -10.764  -53.579  27.895 1.0000000000
19369  -12.606  -53.287  27.748 1.0000000000
17787  -3.506  -55.203  27.600 0.8999999762
16988  -4.323  -55.880  28.455 0.8999999762
19358  -11.342  -54.056  28.187 1.0000000000
21002  -13.489  -51.828  27.249 1.0000000000
18565  -3.352  -54.523  27.071 0.8999999762
17027  -3.673  -56.224  24.937 0.6000000238
17001  -6.392  -55.903  28.176 1.0000000000
17002  -7.675  -56.252  27.907 1.0000000000
20183  -13.518  -53.198  27.837 1.0000000000
162328  -15.103  -50.650  27.228 0.8999999762
17032  -3.841  -56.002  24.049 0.6000000238
17014  -10.936  -56.506  26.559 1.0000000000
21801  -6.780  -49.733  26.642 0.8000000119
20997  -8.677  -51.592  26.589 0.8999999762
21791  -15.562  -50.938  27.539 1.0000000000
21810  -15.529  -50.153  27.176 0.8999999762
156970  -16.150  -55.144  26.741 1.0000000000
22567  -16.711  -49.719  27.379 0.8999999762
17804  -11.163  -55.782  26.208 1.0000000000
21793  -17.457  -50.576  27.532 1.0000000000
17818  -11.387  -55.041  25.889 1.0000000000
21811  -18.466  -50.297  26.916 1.0000000000
22569  -18.383  -49.765  27.128 1.0000000000
18584  -11.552  -54.360  25.450 1.0000000000
18585  -12.310  -54.038  25.450 1.0000000000
20224  -14.281  -52.628  25.303 1.0000000000
149986  -18.728  -49.049  26.303 1.0000000000
19386  -13.095  -53.612  25.455 1.0000000000
19402  -13.620  -53.006  25.275 1.0000000000
20210  -15.931  -52.049  25.514 1.0000000000
21028  -16.887  -51.593  25.650 1.0000000000
21821  -18.120  -50.434  25.803 1.0000000000
22605  -18.633  -49.675  25.932 1.0000000000
23398  -17.888  -48.617  24.555 1.0000000000
14645  -4.449  -59.202  30.359 0.6999999881
141996  -4.980  -57.043  30.500 0.6999999881
16146  -6.437  -57.778  31.957 0.8000000119
16969  -7.424  -56.033  31.034 1.0000000000
159206  -8.001  -56.043  30.684 1.0000000000
16967  -4.440  -56.485  30.050 0.6999999881
18531  -5.085  -54.696  29.858 0.6999999881
17763  -8.362  -55.746  30.144 1.0000000000
17768  -8.883  -55.412  29.508 1.0000000000
18548  -9.194  -54.263  28.413 1.0000000000
18549  -10.081  -54.511  28.558 1.0000000000
19355  -8.709  -53.718  28.085 1.0000000000
141847  -9.991  -53.927  28.073 1.0000000000
19367  -10.971  -52.760  27.438 1.0000000000
19368  -11.667  -53.382  27.782 1.0000000000
17000  -3.625  -55.832  28.110 0.8999999762
17790  -6.069  -55.374  27.866 1.0000000000
19348  -5.283  -53.459  29.360 0.8000000119
157329  -7.557  -52.243  27.449 0.8999999762
19366  -9.995  -53.263  27.642 1.0000000000
20194  -13.029  -52.558  27.476 1.0000000000
17789  -4.932  -55.095  28.102 0.8999999762
17791  -7.019  -55.637  27.711 1.0000000000
17003  -8.469  -56.368  27.513 1.0000000000
20995  -5.601  -50.859  27.569 0.8999999762
21787  -6.229  -50.292  27.125 0.8999999762
21790  -14.000  -51.172  26.947 0.8999999762
21808  -13.555  -50.513  26.531 0.8000000119
22585  -14.815  -49.527  26.494 0.8999999762
19374  -3.438  -53.589  26.676 0.8999999762
17800  -6.610  -55.070  27.386 1.0000000000
17801  -7.322  -55.098  27.065 1.0000000000
137788  -8.079  -55.161  26.661 1.0000000000
17011  -8.693  -55.794  26.934 1.0000000000
158951  -7.142  -49.326  26.356 0.8000000119
21000  -11.613  -52.068  26.973 1.0000000000
17816  -9.668  -55.228  26.097 1.0000000000
17817  -10.522  -55.171  25.938 1.0000000000
21805  -10.313  -50.538  25.960 0.8000000119
161024  -17.464  -49.149  27.273 0.8999999762
18582  -9.907  -54.622  25.594 1.0000000000
23366  -7.235  -48.014  26.491 0.6999999881
18583  -10.733  -54.541  25.495 1.0000000000
151274  -18.498  -49.217  26.893 1.0000000000
18595  -10.923  -53.900  25.097 1.0000000000
18597  -12.338  -53.456  25.076 1.0000000000
143397  -14.070  -52.000  24.869 1.0000000000
19400  -11.885  -53.080  24.656 1.0000000000
19401  -12.763  -52.878  24.815 1.0000000000
20223  -13.501  -52.388  24.835 1.0000000000
21043  -15.193  -51.439  24.945 1.0000000000
21044  -15.973  -51.081  24.988 1.0000000000
157057  -16.770  -50.903  25.259 1.0000000000
16163  -4.219  -57.592  30.260 0.6999999881
158202  -5.731  -56.783  31.193 0.6999999881
16162  -3.421  -57.667  30.654 0.6999999881
17761  -6.035  -55.731  30.892 0.8000000119
17762  -6.830  -55.499  30.810 1.0000000000
18532  -6.065  -54.898  30.387 0.8000000119
18533  -7.105  -54.933  30.220 1.0000000000
18542  -9.479  -54.970  28.957 1.0000000000
19353  -6.852  -53.177  28.632 1.0000000000
20192  -9.939  -52.573  27.156 1.0000000000
18557  -3.885  -54.482  27.664 0.8999999762
20987  -6.904  -52.001  27.690 0.8999999762
149920  -8.034  -52.687  27.501 0.8999999762
18559  -5.800  -54.718  27.495 0.8999999762
17792  -7.900  -55.700  27.291 1.0000000000
20172  -5.880  -52.917  28.917 0.8000000119
148447  -9.788  -51.870  26.676 0.8999999762
21807  -12.359  -50.615  26.360 0.8000000119
21018  -13.010  -51.168  26.731 0.8000000119
18569  -7.454  -54.597  26.463 1.0000000000
17815  -8.854  -55.206  26.350 1.0000000000
21779  -4.539  -50.446  27.644 0.8000000119
146196  -8.297  -49.313  25.631 0.8000000119
21809  -14.536  -50.416  26.838 0.8000000119
23370  -15.044  -48.766  26.166 0.8000000119
148910  -3.433  -54.448  24.706 0.6999999881
18579  -6.820  -54.149  26.377 0.8999999762
18570  -8.217  -54.592  26.060 1.0000000000
18581  -9.040  -54.630  25.754 1.0000000000
22565  -4.862  -48.717  27.024 0.6000000238
22566  -5.900  -49.233  26.867 0.6999999881
23365  -6.359  -47.807  26.900 0.6999999881
24140  -9.194  -47.268  26.133 0.6000000238
22581  -10.896  -49.704  25.762 0.8000000119
22587  -16.686  -48.693  26.978 0.8999999762
144250  -3.255  -53.641  25.624 0.8000000119
19382  -3.171  -52.896  25.142 0.8000000119
17827  -3.655  -55.165  23.787 0.6000000238
157903  -17.157  -47.975  26.749 0.8000000119
18594  -10.159  -54.022  25.199 1.0000000000
21042  -14.325  -51.345  24.539 1.0000000000
24123  -10.951  -47.035  26.736 0.5000000000
23373  -18.527  -48.467  26.688 0.8999999762
19398  -10.343  -53.476  24.760 1.0000000000
19399  -11.106  -53.302  24.644 1.0000000000
22614  -15.719  -50.264  24.443 1.0000000000
21836  -17.226  -50.264  25.153 1.0000000000
148003  -12.816  -52.137  24.352 1.0000000000
21835  -16.382  -50.451  24.839 1.0000000000
22616  -17.463  -49.415  24.776 1.0000000000
148260  -18.822  -48.879  25.817 1.0000000000
23387  -19.003  -48.300  26.041 1.0000000000
23424  -13.580  -48.661  22.545 1.0000000000
21851  -14.957  -49.926  23.933 1.0000000000
22630  -16.057  -49.111  23.757 1.0000000000
18558  -4.762  -54.410  27.661 0.8999999762
18540  -7.389  -54.547  29.630 1.0000000000
20180  -6.416  -52.451  28.298 1.0000000000
19354  -7.887  -53.390  28.141 1.0000000000
18568  -6.648  -54.582  26.918 1.0000000000
22582  -11.856  -49.819  25.884 0.8000000119
22603  -13.026  -48.781  25.633 0.8000000119
18567  -5.693  -53.860  26.964 0.8999999762
21786  -5.251  -49.884  27.222 0.8000000119
23383  -10.844  -47.761  25.373 0.8000000119
22602  -12.174  -48.851  25.602 0.8000000119
143057  -12.910  -47.490  25.337 0.8000000119
160594  -14.581  -48.338  25.712 0.8000000119
143149  -3.251  -52.814  26.164 0.8999999762
19384  -8.385  -53.920  25.382 1.0000000000
24154  -10.504  -47.137  25.749 0.6999999881
157115  -15.771  -48.520  26.499 0.8000000119
19395  -3.202  -53.119  24.022 0.6999999881
18580  -7.511  -54.050  25.882 1.0000000000
19385  -9.359  -54.050  25.260 1.0000000000
24137  -6.909  -47.602  26.951 0.5000000000
20229  -3.281  -52.531  23.650 0.6000000238
19397  -8.994  -53.445  24.823 1.0000000000
159197  -9.702  -53.617  24.908 1.0000000000
18596  -11.679  -53.690  25.055 1.0000000000
24145  -18.004  -47.670  26.741 0.8999999762
20220  -9.690  -53.076  24.524 1.0000000000
142585  -12.110  -52.452  24.278 1.0000000000
21056  -13.486  -51.015  23.922 1.0000000000
22615  -16.449  -49.728  24.422 1.0000000000
24146  -18.859  -47.502  26.215 0.8999999762
20222  -11.313  -52.645  24.258 1.0000000000
20234  -11.568  -51.987  23.870 1.0000000000
21055  -12.790  -51.493  23.899 1.0000000000
22627  -14.122  -49.755  23.483 1.0000000000
23397  -16.903  -48.901  24.121 1.0000000000
23399  -18.727  -48.243  25.263 1.0000000000
144629  -19.032  -47.662  25.705 1.0000000000
23410  -16.403  -48.369  23.540 1.0000000000
23411  -17.321  -48.108  23.897 1.0000000000
23408  -14.839  -48.763  23.190 1.0000000000
24182  -15.887  -47.834  23.055 1.0000000000
18530  -4.010  -54.979  29.523 0.6999999881
19349  -6.298  -53.624  29.367 0.8999999762
20179  -5.449  -52.215  28.486 0.8000000119
19365  -4.303  -53.764  27.410 0.8999999762
20985  -4.967  -51.402  28.078 0.8000000119
19375  -3.867  -53.253  27.112 0.8999999762
19376  -4.676  -53.132  27.006 0.8999999762
21778  -3.615  -49.704  27.841 0.6000000238
155533  -11.536  -46.766  25.969 0.6999999881
24840  -12.178  -46.545  26.111 0.6999999881
23369  -14.039  -48.681  25.732 0.8000000119
23386  -15.154  -47.978  25.779 0.8000000119
24159  -15.723  -47.133  25.713 0.8000000119
23371  -16.248  -47.903  26.413 0.8000000119
20199  -3.552  -52.202  26.402 0.8999999762
19383  -6.678  -53.556  25.986 1.0000000000
19396  -8.201  -53.107  24.849 1.0000000000
20221  -10.490  -52.845  24.346 1.0000000000
141992  -12.517  -47.743  28.280 0.6000000238
20219  -7.462  -52.684  24.823 1.0000000000
21053  -10.973  -51.346  23.396 1.0000000000
21848  -11.684  -50.675  23.109 1.0000000000
24856  -18.293  -46.841  26.381 0.8999999762
21064  -4.285  -52.103  22.267 0.5000000000
20233  -10.692  -52.155  23.907 1.0000000000
138546  -12.965  -48.965  22.433 1.0000000000
24160  -19.018  -46.982  25.613 0.8999999762
163000  -12.264  -51.898  23.964 1.0000000000
141705  -13.384  -49.472  22.928 1.0000000000
24215  -14.025  -47.075  21.858 1.0000000000
24170  -18.264  -47.743  24.420 1.0000000000
24171  -18.914  -47.318  25.036 0.8999999762
23426  -15.071  -48.048  22.901 1.0000000000
24183  -16.777  -47.596  23.309 1.0000000000
24184  -17.724  -47.328  23.708 1.0000000000
161072  -4.818  -52.693  26.709 0.8999999762
20200  -4.088  -52.547  26.851 0.8999999762
20208  -7.488  -53.380  25.347 1.0000000000
24143  -12.504  -46.500  25.641 0.8000000119
24158  -14.431  -46.986  25.143 0.8000000119
24865  -13.841  -46.007  24.909 0.8000000119
20206  -5.655  -52.915  26.300 0.8999999762
24157  -13.220  -46.454  25.273 0.6999999881
137780  -16.319  -46.355  25.576 0.8000000119
21013  -3.966  -51.707  26.553 0.8999999762
20207  -6.675  -52.816  25.415 0.8999999762
20232  -9.804  -52.393  24.072 1.0000000000
152336  -8.739  -47.387  26.895 0.6000000238
24103  -9.970  -47.892  28.040 0.5000000000
24144  -17.063  -47.115  26.371 0.8000000119
20205  -3.132  -51.916  25.710 0.8999999762
20217  -3.103  -52.217  24.558 0.8000000119
146677  -8.869  -52.647  24.330 1.0000000000
21860  -12.194  -50.088  22.811 1.0000000000
24867  -18.569  -46.148  25.980 0.8999999762
21012  -3.498  -51.481  26.165 0.8999999762
140355  -3.702  -51.076  23.493 0.5000000000
145422  -9.988  -51.688  23.595 1.0000000000
24857  -18.894  -46.716  26.044 0.8999999762
21861  -12.858  -50.025  23.010 1.0000000000
24198  -14.556  -47.583  22.360 1.0000000000
24894  -18.640  -46.798  24.226 0.8999999762
24199  -15.370  -47.339  22.523 1.0000000000
24200  -16.238  -47.092  22.736 1.0000000000
24854  -12.945  -46.002  25.839 0.6999999881
24864  -13.410  -45.662  25.374 0.6999999881
20201  -4.810  -52.184  26.485 0.8999999762
143656  -8.072  -52.510  24.423 1.0000000000
24866  -14.935  -46.221  24.911 0.8000000119
140613  -7.563  -52.056  24.298 1.0000000000
145699  -9.139  -51.925  23.802 1.0000000000
24125  -13.067  -47.103  27.657 0.6000000238
136450  -17.614  -46.198  26.106 0.8000000119
21037  -2.975  -51.235  24.978 0.8999999762
20231  -8.320  -52.002  24.004 1.0000000000
21025  -3.212  -50.959  25.686 0.8999999762
21830  -3.104  -50.395  25.172 0.8000000119
21842  -3.250  -50.719  24.385 0.6999999881
21843  -3.895  -50.257  23.584 0.6000000238
23423  -12.330  -48.863  22.224 1.0000000000
23425  -14.313  -48.326  22.719 1.0000000000
24842  -14.093  -46.306  27.231 0.6000000238
25599  -14.421  -45.570  26.745 0.6000000238
25611  -13.998  -44.917  25.155 0.6000000238
21027  -5.819  -52.029  25.637 0.8999999762
21052  -8.614  -51.344  23.609 1.0000000000
25620  -14.784  -45.390  24.693 0.6000000238
146378  -4.697  -51.329  26.258 0.8999999762
161796  -5.438  -51.114  25.674 0.8999999762
20218  -6.795  -52.123  24.800 0.8999999762
152309  -10.816  -50.464  22.946 1.0000000000
152888  -10.658  -49.773  22.565 1.0000000000
25621  -15.686  -44.891  24.717 0.6000000238
25613  -16.833  -45.557  25.448 0.6999999881
21026  -3.754  -50.806  26.131 0.8999999762
142659  -4.646  -50.455  25.935 0.8999999762
21039  -6.224  -51.345  24.969 0.8999999762
21040  -7.029  -51.423  24.310 0.8999999762
21847  -9.983  -50.823  23.198 1.0000000000
25615  -19.007  -45.555  25.524 0.8000000119
21817  -3.419  -50.322  25.561 0.8999999762
21833  -7.249  -50.689  23.908 0.8999999762
22640  -11.171  -49.323  22.326 1.0000000000
24214  -13.218  -47.300  21.732 1.0000000000
24881  -19.185  -46.444  24.987 0.8999999762
149902  -19.322  -45.785  25.052 0.8999999762
21831  -3.407  -49.863  24.715 0.6999999881
21845  -7.466  -49.895  23.681 0.8999999762
22639  -9.955  -49.550  22.601 1.0000000000
141862  -10.487  -49.080  22.336 1.0000000000
23422  -11.607  -48.790  22.143 1.0000000000
23440  -12.003  -48.166  21.877 1.0000000000
24925  -13.478  -46.494  21.527 1.0000000000
24905  -14.833  -46.829  22.019 1.0000000000
25631  -19.196  -45.650  24.327 0.8999999762
138813  -12.293  -46.080  21.400 1.0000000000
25657  -13.121  -45.139  21.184 1.0000000000
154147  -13.687  -45.715  21.328 1.0000000000
24926  -14.278  -46.275  21.597 1.0000000000
24906  -15.675  -46.584  22.192 1.0000000000
24907  -16.576  -46.323  22.424 1.0000000000
24893  -18.277  -46.309  23.470 0.8999999762
25630  -18.497  -45.598  23.260 0.8999999762
24892  -17.269  -46.789  23.107 1.0000000000
25656  -12.353  -45.362  21.307 1.0000000000
24927  -15.120  -46.061  21.689 1.0000000000
25640  -15.984  -45.853  21.850 1.0000000000
25641  -16.884  -45.577  22.105 1.0000000000
24908  -17.562  -45.975  22.756 0.8999999762
160573  -13.815  -45.052  21.156 1.0000000000
25586  -15.806  -45.698  29.482 0.3000000119
25600  -15.503  -45.341  27.373 0.4000000060
26437  -14.419  -44.385  25.079 0.5000000000
139309  -14.676  -44.760  24.628 0.6000000238
21051  -7.793  -51.382  23.866 1.0000000000
21846  -8.131  -50.543  23.506 0.8999999762
150634  -9.048  -50.686  23.282 1.0000000000
21038  -5.547  -50.340  25.399 0.8999999762
21857  -9.503  -50.087  22.921 1.0000000000
25622  -17.427  -44.775  25.329 0.6000000238
26439  -18.654  -44.822  25.423 0.6999999881
21818  -3.861  -49.839  25.617 0.8999999762
148239  -8.132  -49.741  23.367 1.0000000000
24211  -10.872  -47.486  22.018 1.0000000000
25623  -19.280  -45.016  24.848 0.8999999762
22596  -3.840  -49.099  25.217 0.8000000119
21844  -6.703  -49.914  24.275 0.8999999762
22638  -9.246  -49.359  22.787 1.0000000000
23421  -10.986  -48.724  22.163 1.0000000000
22623  -3.965  -49.177  24.169 0.6999999881
23417  -4.637  -48.430  22.828 0.6000000238
24193  -5.001  -47.300  22.287 0.6000000238
24904  -10.269  -46.554  22.243 1.0000000000
26478  -12.509  -44.409  21.147 1.0000000000
25658  -14.522  -45.423  21.272 1.0000000000
25642  -17.969  -45.104  22.513 0.8999999762
27314  -12.142  -43.515  21.110 0.8999999762
25660  -16.287  -45.142  21.529 1.0000000000
25594  -16.370  -44.748  28.530 0.3000000119
26433  -15.114  -44.056  25.946 0.4000000060
26444  -15.051  -44.043  24.392 0.5000000000
145601  -5.971  -49.876  24.890 0.8999999762
26445  -16.419  -44.056  24.566 0.5000000000
22612  -5.172  -49.366  25.444 0.8999999762
22613  -5.817  -48.983  24.886 0.8999999762
150165  -10.465  -48.229  22.229 1.0000000000
26446  -18.155  -44.091  25.206 0.6999999881
22597  -4.379  -49.129  25.430 0.8999999762
144270  -4.896  -48.679  25.363 0.8999999762
22624  -6.919  -49.086  24.156 0.8999999762
22626  -8.524  -49.167  23.114 1.0000000000
23420  -9.795  -48.796  22.490 1.0000000000
24195  -9.678  -47.943  22.532 1.0000000000
24922  -11.072  -46.693  21.819 1.0000000000
159827  -19.351  -44.890  24.350 0.8999999762
23394  -4.100  -48.476  24.827 0.6999999881
159318  -4.526  -47.405  23.990 0.6000000238
156138  -10.064  -45.723  22.307 1.0000000000
145688  -11.075  -45.143  21.643 1.0000000000
25643  -19.145  -44.754  23.673 0.8000000119
26479  -13.474  -44.398  21.016 1.0000000000
148349  -11.744  -44.113  21.268 1.0000000000
25659  -15.434  -45.342  21.352 1.0000000000
26481  -15.736  -44.641  21.035 1.0000000000
25661  -17.083  -44.932  21.822 0.8999999762
23419  -9.053  -48.535  22.808 1.0000000000
26447  -19.089  -44.326  25.034 0.6999999881
23406  -7.234  -48.274  23.955 0.8999999762
23407  -8.201  -48.221  23.377 0.8999999762
24903  -9.602  -47.055  22.645 1.0000000000
24196  -10.252  -47.385  22.279 1.0000000000
26463  -19.271  -43.923  23.596 0.6999999881
26454  -19.260  -44.168  24.359 0.6999999881
24167  -4.877  -47.581  24.755 0.8000000119
24180  -6.631  -47.356  24.451 0.8999999762
24891  -8.072  -46.219  23.697 0.8999999762
26483  -17.703  -44.363  21.900 0.8000000119
137168  -4.829  -46.831  24.322 0.6999999881
24179  -4.764  -46.914  23.439 0.6000000238
142957  -5.971  -45.772  21.485 0.6000000238
26475  -5.929  -44.226  21.124 0.5000000000
26477  -11.708  -44.853  21.377 1.0000000000
162969  -12.449  -42.873  20.947 0.8999999762
27313  -11.374  -43.488  21.325 0.8000000119
27315  -13.058  -43.483  20.859 1.0000000000
27335  -14.063  -43.751  20.768 1.0000000000
28200  -11.716  -42.705  21.138 0.8000000119
24194  -8.935  -47.611  22.962 1.0000000000
23395  -5.189  -48.062  25.132 0.8999999762
24181  -8.172  -47.145  23.581 0.8999999762
161580  -10.618  -47.031  22.081 1.0000000000
25654  -10.737  -45.812  21.919 1.0000000000
24168  -6.155  -46.532  24.574 0.8000000119
142760  -9.507  -46.155  22.682 0.8999999762
27298  -18.326  -43.669  22.022 0.6999999881
24876  -5.295  -45.969  24.225 0.6000000238
25639  -10.347  -44.927  22.038 1.0000000000
26476  -11.026  -44.295  21.548 0.8999999762
27316  -15.976  -43.910  20.728 0.8999999762
26482  -16.685  -44.371  21.259 0.8000000119
24889  -4.987  -46.097  23.757 0.6000000238
27294  -5.729  -43.297  22.131 0.6000000238
26460  -9.663  -44.251  22.253 0.8000000119
27312  -10.640  -43.435  21.607 0.8000000119
29110  -11.288  -41.279  21.242 0.8000000119
141559  -11.693  -41.908  21.055 0.8000000119
28219  -13.825  -42.851  20.640 1.0000000000
27318  -17.389  -43.733  21.341 0.6999999881
28174  -7.382  -41.953  23.017 0.6999999881
161274  -8.962  -41.774  22.646 0.6999999881
141617  -5.663  -47.338  24.735 0.8999999762
24169  -7.201  -46.593  24.215 0.8999999762
162447  -7.501  -47.535  23.875 0.8999999762
24878  -6.588  -45.804  24.366 0.8000000119
25629  -7.865  -45.350  23.717 0.8999999762
25637  -8.729  -45.733  23.172 0.8999999762
25638  -9.397  -45.144  22.599 0.8999999762
27297  -9.889  -43.392  22.053 0.8000000119
157041  -12.753  -41.050  20.542 0.8000000119
28202  -13.008  -42.512  20.694 0.8999999762
148155  -12.852  -41.705  20.599 0.8000000119
28203  -13.635  -41.980  20.561 0.8999999762
27317  -16.665  -43.655  20.888 0.8999999762
147904  -17.893  -43.173  21.457 0.6999999881
25626  -5.474  -45.441  23.718 0.6000000238
25618  -6.293  -45.209  24.142 0.8000000119
152915  -6.137  -44.783  23.878 0.8000000119
155355  -10.272  -42.471  21.757 0.8000000119
28220  -14.502  -42.234  20.518 0.8999999762
27337  -16.198  -43.148  20.603 0.8999999762
151125  -7.697  -42.678  23.250 0.6999999881
28186  -9.238  -42.546  22.363 0.8000000119
29095  -10.501  -41.431  21.683 0.8000000119
29126  -15.117  -41.560  20.443 0.8000000119
28222  -16.473  -42.367  20.529 0.8999999762
26452  -8.436  -44.785  23.187 0.8000000119
26442  -6.628  -44.423  23.838 0.8000000119
27286  -8.084  -43.648  23.243 0.8000000119
27296  -9.044  -43.533  22.487 0.8000000119
29996  -11.655  -40.515  21.135 0.8000000119
29998  -13.096  -40.516  20.407 0.8000000119
28204  -17.121  -42.994  20.864 0.6999999881
27287  -8.493  -42.904  22.794 0.6999999881
30833  -11.296  -39.750  21.494 0.8000000119
28221  -15.495  -42.497  20.476 0.8000000119
30019  -14.794  -40.738  20.424 0.5000000000
26459  -8.928  -44.293  22.684 0.8000000119
29112  -13.404  -41.203  20.490 0.8000000119
29999  -13.924  -40.606  20.420 0.6000000238
149007  -7.112  -43.636  23.598 0.6999999881
30834  -12.021  -39.755  21.020 0.6999999881
31667  -11.406  -38.808  21.456 0.6000000238
149136  -13.135  -39.165  20.252 0.6000000238
144416  -16.171  -40.194  20.349 0.6000000238
30836  -13.564  -39.881  20.321 0.5000000000
162959  -15.859  -39.584  20.326 0.5000000000
31670  -13.660  -38.449  20.194 0.5000000000
30853  -15.133  -39.239  20.331 0.5000000000
32487  -14.153  -37.565  20.179 0.4000000060
31668  -11.949  -38.116  20.944 0.6000000238
140524  -14.097  -39.197  20.285 0.5000000000
32486  -13.148  -37.704  20.129 0.5000000000
32502  -15.225  -37.777  20.220 0.4000000060
33285  -14.003  -36.467  20.088 0.3000000119
2411  -13.713  -78.554  15.185 0.6999999881
4467  -12.114  -75.180  11.218 0.8999999762
4504  -10.667  -74.977  6.164 1.0000000000
2942  -14.464  -77.670  8.328 1.0000000000
1163  -23.426  -81.417  11.487 0.5000000000
4491  -7.260  -74.235  8.233 1.0000000000
4492  -7.418  -73.976  8.044 1.0000000000
4469  -15.665  -74.375  11.084 1.0000000000
4453  -16.136  -74.008  12.137 1.0000000000
2426  -17.884  -78.123  14.371 0.8999999762
2499  -18.086  -78.995  7.097 0.8999999762
136424  -6.447  -80.778  20.707 0.6000000238
2011  -18.997  -78.734  11.022 0.8999999762
3858  -3.755  -75.087  14.180 1.0000000000
154783  -21.691  -76.554  6.063 0.8000000119
4904  -6.548  -73.302  17.580 1.0000000000
2381  -4.443  -78.514  17.565 0.8999999762
163638  -17.662  -72.492  11.350 0.8999999762
2932  -20.217  -77.267  10.070 0.8999999762
4887  -7.246  -73.809  18.876 1.0000000000
161632  -11.745  -73.188  14.402 1.0000000000
141081  -18.593  -72.266  12.738 0.8999999762
5427  -7.215  -72.758  19.939 1.0000000000
138185  -4.601  -77.418  18.655 1.0000000000
3762  -9.289  -75.946  20.663 1.0000000000
5986  -6.949  -71.223  16.511 1.0000000000
6645  -14.780  -70.039  16.626 1.0000000000
162836  -11.909  -73.376  20.009 1.0000000000
154369  -7.534  -71.133  24.002 1.0000000000
5911  -8.437  -71.435  24.562 1.0000000000
4824  -5.339  -73.432  23.449 1.0000000000
5366  -9.819  -72.446  25.412 1.0000000000
7248  -9.474  -69.522  20.492 1.0000000000
7244  -5.899  -69.193  19.900 1.0000000000
7955  -8.140  -68.887  20.807 1.0000000000
7954  -7.278  -68.766  20.657 1.0000000000
151939  -11.620  -73.248  24.444 1.0000000000
7956  -8.968  -69.014  20.974 1.0000000000
7233  -10.649  -69.437  21.429 1.0000000000
7225  -12.452  -69.740  22.507 1.0000000000
4803  -7.092  -73.243  26.038 0.8000000119
5356  -4.473  -71.998  26.138 1.0000000000
8595  -8.217  -67.479  23.375 1.0000000000
7179  -8.281  -69.585  27.968 1.0000000000
7155  -12.450  -69.574  30.758 1.0000000000
8593  -6.362  -66.919  23.113 1.0000000000
8594  -7.289  -67.100  23.300 1.0000000000
7152  -9.897  -69.427  30.590 1.0000000000
7176  -4.369  -69.114  27.762 1.0000000000
7898  -5.101  -68.933  28.424 1.0000000000
7180  -9.154  -69.675  28.952 1.0000000000
8577  -9.563  -67.697  25.457 1.0000000000
7855  -6.863  -67.881  31.069 1.0000000000
10700  -13.206  -64.497  30.424 1.0000000000
12381  -4.226  -61.872  18.303 0.6000000238
10693  -12.403  -64.507  30.672 1.0000000000
12220  -12.828  -62.330  30.105 1.0000000000
151465  -3.630  -64.066  25.193 1.0000000000
9198  -3.138  -66.507  33.134 0.8000000119
9205  -3.480  -66.371  31.674 0.8000000119
13860  -15.362  -60.018  29.015 1.0000000000
13887  -14.886  -60.746  27.443 1.0000000000
14655  -14.141  -59.080  29.461 1.0000000000
13855  -6.574  -60.451  29.266 1.0000000000
15417  -15.483  -58.504  28.836 1.0000000000
16200  -16.038  -57.997  28.022 1.0000000000
149697  -13.521  -58.459  27.257 1.0000000000
13102  -3.325  -61.585  24.633 1.0000000000
149160  -3.543  -65.881  34.585 0.6999999881
13829  -9.021  -60.443  31.814 1.0000000000
14702  -3.729  -58.789  24.527 0.8000000119
12187  -3.068  -62.948  30.972 0.8000000119
14614  -6.348  -59.635  32.024 0.8999999762
14616  -7.454  -59.098  32.496 1.0000000000
15370  -6.343  -58.693  32.035 0.8999999762
20209  -15.266  -52.751  25.636 1.0000000000
162435  -10.897  -55.188  28.949 1.0000000000
20225  -14.823  -52.026  25.138 1.0000000000
21017  -12.033  -51.340  26.689 0.8000000119
17788  -3.986  -55.119  28.141 0.8999999762
21834  -15.048  -50.753  24.482 1.0000000000
22604  -18.011  -49.800  25.366 1.0000000000
19351  -8.254  -54.110  28.635 1.0000000000
22583  -12.863  -49.915  26.003 0.8000000119
21057  -14.225  -50.506  23.981 1.0000000000
18538  -5.717  -54.127  29.848 0.8000000119
20986  -6.012  -51.713  27.934 0.8999999762
24139  -8.399  -47.471  26.356 0.6999999881
22628  -14.672  -49.355  23.446 1.0000000000
17760  -4.867  -55.583  29.993 0.6999999881
23385  -14.006  -47.686  25.329 0.8000000119
24120  -8.050  -47.448  27.191 0.6000000238
24868  -19.059  -46.275  25.502 0.8999999762
24197  -13.762  -47.860  22.200 1.0000000000
145463  -13.412  -45.505  25.693 0.6000000238
24080  -14.397  -47.281  29.362 0.4000000060
24843  -15.138  -46.099  27.801 0.5000000000
25593  -15.994  -45.550  28.435 0.5000000000
23405  -4.386  -48.211  23.910 0.6000000238
24212  -11.566  -47.440  21.742 1.0000000000
140978  -12.935  -45.906  21.335 1.0000000000
24923  -11.916  -46.692  21.501 1.0000000000
24166  -4.496  -47.726  24.528 0.6000000238
26502  -14.314  -44.590  20.985 1.0000000000
146122  -18.825  -43.694  24.824 0.4000000060
28199  -11.007  -42.837  21.413 0.8000000119
142140  -10.023  -40.700  22.220 0.6999999881
27295  -6.109  -42.416  22.559 0.6999999881
29096  -10.760  -40.390  21.762 0.8000000119
28205  -18.006  -42.426  21.235 0.6999999881
29128  -16.853  -41.632  20.492 0.6999999881
28223  -17.214  -42.231  20.712 0.6999999881
1959  -13.332  -79.319  15.526 0.6999999881
2424  -13.362  -78.301  14.448 0.8000000119
1499  -12.296  -80.311  15.249 0.8000000119
1111  -11.483  -81.480  15.274 0.8000000119
1517  -10.376  -80.101  13.179 0.8999999762
1124  -10.044  -81.644  14.044 0.8000000119
143637  -9.705  -82.417  14.464 0.8000000119
586  -8.374  -83.466  14.791 0.8000000119
818  -9.196  -82.457  12.719 0.8000000119
160451  -11.174  -85.455  14.581 0.6000000238
2393  -9.064  -78.548  16.438 0.8000000119
10863  -3.502  -64.140  17.615 0.6999999881
163055  -3.975  -60.370  22.309 0.6000000238
13147  -4.359  -60.922  20.856 0.6999999881
15454  -3.885  -58.128  24.892 0.5000000000
17023  -3.544  -56.435  25.651 0.8000000119
17825  -3.560  -55.356  24.853 0.8000000119
15380  -3.285  -58.509  30.855 0.6999999881
18600  -3.491  -54.150  23.565 0.6000000238
18604  -3.746  -54.265  22.445 0.5000000000
162941  -8.064  -52.140  27.091 0.8999999762
160291  -4.290  -56.989  30.152 0.6999999881
21802  -7.582  -49.950  26.208 0.8000000119
161516  -9.043  -50.987  26.078 0.8000000119
23381  -9.358  -47.726  25.432 0.6999999881
20230  -3.654  -52.360  23.005 0.5000000000
23418  -4.941  -48.184  22.070 0.6000000238
25655  -11.583  -45.807  21.525 1.0000000000
26503  -15.035  -44.044  20.756 1.0000000000
143640  -5.709  -45.265  22.246 0.6000000238
28185  -6.686  -41.835  22.755 0.6000000238
29084  -8.668  -41.077  22.718 0.6999999881
25627  -5.846  -44.767  23.620 0.6000000238
25636  -5.646  -44.877  23.118 0.6000000238
27299  -19.125  -43.391  22.977 0.6000000238
26450  -6.188  -44.184  23.536 0.6999999881
27285  -6.172  -43.362  23.048 0.6999999881
140552  -6.819  -42.771  23.264 0.6999999881
29129  -17.663  -41.660  20.773 0.6000000238
27319  -18.720  -42.919  22.082 0.6000000238
27278  -6.574  -43.683  23.489 0.6999999881
30021  -16.507  -40.918  20.369 0.6000000238
31688  -14.632  -38.462  20.269 0.5000000000
140374  -16.039  -38.929  20.222 0.5000000000
13948  -4.133  -60.750  21.795 0.6999999881
149434  -11.105  -37.715  21.530 0.5000000000
1508  -10.163  -80.833  13.646 0.8999999762
137380  -8.861  -82.780  14.546 0.8000000119
138465  -8.654  -83.897  14.097 0.8000000119
378  -8.382  -84.173  15.043 0.8000000119
391  -10.021  -84.485  13.287 0.8000000119
222  -9.264  -85.377  15.526 0.6999999881
228  -10.649  -85.559  14.901 0.6999999881
819  -9.324  -82.019  12.295 0.8000000119
1530  -9.442  -80.887  11.915 0.8999999762
396  -9.635  -83.843  12.747 0.8000000119
601  -9.322  -82.844  12.551 0.8000000119
398  -11.387  -84.303  12.651 0.8000000119
241  -12.769  -84.721  13.363 0.8000000119
237  -12.361  -85.146  14.156 0.6999999881
821  -10.709  -82.765  12.188 0.8999999762
407  -10.937  -83.745  12.331 0.8000000119
2867  -14.635  -77.142  14.693 0.6999999881
2412  -14.577  -77.895  15.506 0.6000000238
2436  -13.031  -78.039  13.711 1.0000000000
1112  -12.193  -80.910  15.778 0.8000000119
1972  -12.635  -79.698  15.053 0.8000000119
225  -12.934  -84.904  14.967 0.6000000238
238  -13.252  -84.934  14.053 0.6999999881
154717  -12.200  -85.315  14.751 0.6000000238
809  -15.565  -83.013  14.484 0.5000000000
402  -16.406  -84.722  13.279 0.6999999881
411  -14.989  -84.294  11.680 0.8000000119
3881  -13.591  -75.251  13.087 0.8999999762
3862  -11.180  -75.752  13.771 0.8000000119
2903  -12.922  -77.473  12.318 1.0000000000
2914  -12.771  -77.353  11.115 1.0000000000
83  -11.211  -85.621  15.103 0.6000000238
385  -16.712  -84.793  14.147 0.6999999881
386  -17.435  -84.840  14.329 0.6999999881
1147  -11.827  -81.893  12.562 1.0000000000
621  -13.861  -83.183  10.611 0.8999999762
616  -13.567  -83.374  11.266 0.8999999762
816  -13.631  -82.409  13.027 1.0000000000
412  -15.953  -84.317  11.923 0.8000000119
623  -17.142  -83.293  10.717 0.8000000119
158297  -9.868  -78.225  16.654 0.8000000119
2382  -9.679  -78.648  17.314 0.6000000238
2823  -11.077  -77.649  16.920 0.6999999881
2838  -10.418  -77.685  16.320 0.8999999762
3845  -13.009  -75.150  14.915 0.6999999881
3390  -9.365  -76.325  12.411 0.8999999762
2460  -11.747  -78.139  10.420 1.0000000000
2006  -10.325  -79.081  10.572 1.0000000000
802  -18.953  -82.576  15.233 0.6000000238
582  -19.397  -83.894  15.350 0.6000000238
603  -12.137  -83.454  12.265 0.8000000119
602  -11.480  -83.024  12.349 1.0000000000
159431  -18.394  -84.834  14.143 0.6000000238
389  -19.941  -84.552  14.743 0.6000000238
843  -16.244  -83.074  9.845 0.8000000119
836  -18.022  -83.061  11.089 0.6999999881
845  -18.386  -82.371  10.545 0.8000000119
3345  -10.788  -76.643  14.991 0.8999999762
3894  -13.541  -75.478  12.151 1.0000000000
2915  -13.348  -76.576  11.075 1.0000000000
1125  -10.941  -81.230  14.492 0.8000000119
149076  -14.489  -82.480  10.209 1.0000000000
848  -15.833  -82.523  9.203 0.8999999762
837  -19.103  -82.619  11.627 0.6999999881
1167  -19.754  -81.365  10.422 0.8000000119
1179  -16.184  -81.326  8.490 0.8999999762
1174  -17.276  -81.797  8.659 0.8999999762
1181  -17.573  -81.191  8.185 0.8999999762
1565  -20.241  -80.629  9.232 0.8000000119
2864  -9.233  -77.383  14.607 0.8999999762
2409  -8.261  -78.685  15.617 0.8999999762
2902  -7.922  -77.123  12.373 0.8999999762
3359  -9.763  -76.834  14.149 0.8999999762
137363  -11.573  -75.926  8.636 1.0000000000
141890  -10.790  -75.828  8.536 1.0000000000
3932  -10.115  -76.093  7.145 1.0000000000
159779  -12.953  -76.295  9.593 1.0000000000
3934  -12.495  -76.989  6.470 1.0000000000
3920  -10.243  -75.625  9.805 0.8999999762
145919  -7.970  -76.530  9.785 0.8999999762
3389  -8.496  -76.623  11.951 0.8999999762
2469  -10.957  -79.101  9.183 1.0000000000
3431  -14.787  -76.630  8.339 1.0000000000
2025  -11.714  -79.255  8.702 1.0000000000
152478  -13.610  -78.104  7.787 1.0000000000
6119  -9.467  -71.609  6.929 0.6000000238
6098  -8.408  -71.579  8.274 0.5000000000
6080  -9.218  -71.595  8.974 0.6999999881
6082  -10.856  -71.437  8.613 0.6999999881
6101  -11.131  -71.640  7.936 0.8000000119
6791  -11.712  -71.189  8.993 0.8000000119
6123  -13.261  -72.040  7.295 0.8000000119
6083  -14.624  -71.107  9.394 0.8999999762
5041  -15.285  -73.513  7.178 0.6999999881
1161  -21.975  -81.869  11.379 0.6999999881
831  -22.849  -81.796  12.124 0.6000000238
1170  -22.840  -81.643  10.937 0.6999999881
1566  -21.417  -80.623  9.330 0.8000000119
2036  -20.897  -79.855  7.687 0.8000000119
2046  -19.080  -79.068  6.218 0.8000000119
1915  -8.455  -79.352  18.282 0.6999999881
158358  -8.224  -79.082  16.387 0.8999999762
2421  -6.987  -79.081  14.197 0.8999999762
2408  -7.336  -79.292  15.013 0.8999999762
3360  -10.527  -76.417  14.278 0.8999999762
5028  -10.128  -74.163  6.974 1.0000000000
150348  -6.521  -77.881  12.007 0.8999999762
2913  -6.661  -77.332  11.219 0.8999999762
140451  -13.381  -79.754  10.462 1.0000000000
1533  -12.997  -80.829  12.297 1.0000000000
1993  -13.931  -80.388  12.530 1.0000000000
2009  -14.855  -79.281  12.158 1.0000000000
1142  -16.667  -80.774  13.272 0.8999999762
1534  -17.661  -80.355  12.639 0.8999999762
154238  -16.573  -81.252  12.339 0.8999999762
1157  -15.859  -81.581  11.288 1.0000000000
6120  -10.473  -71.839  6.898 0.6000000238
6121  -11.540  -71.964  7.024 0.6999999881
1164  -15.154  -81.879  9.980 1.0000000000
6151  -11.420  -71.602  5.238 0.5000000000
6139  -10.878  -71.889  6.066 0.5000000000
5567  -12.429  -72.285  5.555 0.5000000000
5568  -13.151  -72.483  6.276 0.6000000238
5043  -16.758  -74.655  7.683 0.8000000119
5033  -16.929  -74.212  8.728 0.8999999762
1561  -16.053  -80.738  8.796 0.8999999762
2049  -22.105  -78.414  6.215 0.8000000119
2961  -21.583  -77.340  5.579 0.8000000119
2044  -22.571  -79.093  7.141 0.8000000119
1577  -23.732  -79.909  8.739 0.6999999881
2045  -23.301  -78.842  7.792 0.6999999881
2498  -23.265  -78.079  7.429 0.6000000238
1914  -7.469  -79.999  18.427 0.8000000119
1928  -8.562  -79.118  17.234 0.8000000119
3918  -8.345  -76.244  9.033 0.8999999762
3931  -8.958  -75.962  7.933 1.0000000000
4503  -9.713  -74.725  6.411 1.0000000000
3419  -7.200  -76.293  9.417 1.0000000000
2943  -15.176  -77.189  9.063 1.0000000000
2916  -15.795  -77.351  11.005 1.0000000000
2462  -15.362  -78.693  12.061 1.0000000000
155782  -17.183  -80.792  12.155 0.8999999762
1562  -16.517  -80.296  9.210 0.8999999762
2034  -17.302  -79.386  8.355 0.8999999762
5569  -13.847  -72.985  5.952 0.5000000000
5059  -14.735  -73.407  4.808 0.5000000000
5049  -14.607  -73.463  5.638 0.5000000000
159131  -16.580  -74.762  6.821 0.6999999881
4515  -17.121  -75.004  7.124 0.6999999881
2030  -24.118  -79.952  9.170 0.5000000000
2502  -20.042  -78.091  5.543 0.8000000119
3427  -6.883  -75.466  8.925 1.0000000000
3945  -7.649  -74.806  7.882 1.0000000000
5026  -8.141  -73.985  7.465 1.0000000000
5015  -10.839  -73.652  8.427 1.0000000000
2917  -16.278  -77.089  12.029 0.8999999762
5536  -15.728  -72.238  9.275 0.8999999762
2022  -18.458  -79.079  10.321 0.8999999762
5050  -15.825  -74.239  5.672 0.5000000000
4539  -16.403  -74.507  5.568 0.5000000000
143777  -18.690  -74.880  7.488 0.6999999881
2496  -18.730  -78.153  6.602 0.8999999762
137589  -19.138  -74.538  6.107 0.6999999881
4547  -17.399  -74.238  4.820 0.5000000000
2960  -23.333  -77.280  6.566 0.6999999881
5002  -9.600  -73.465  9.654 1.0000000000
4480  -7.346  -73.760  9.099 1.0000000000
5003  -10.552  -73.356  9.682 1.0000000000
156394  -16.299  -76.378  11.798 0.8999999762
2887  -16.941  -77.603  13.805 0.8999999762
1926  -5.863  -80.403  17.170 0.8000000119
4917  -3.999  -72.820  16.205 1.0000000000
158191  -5.513  -72.615  16.545 1.0000000000
1955  -5.346  -79.625  15.685 0.8999999762
4394  -5.568  -73.288  15.113 1.0000000000
145990  -4.070  -73.106  14.718 1.0000000000
4992  -10.675  -73.134  11.762 1.0000000000
3906  -4.887  -74.402  10.272 1.0000000000
4478  -5.796  -73.953  9.560 1.0000000000
5506  -12.829  -72.513  12.509 1.0000000000
6049  -7.193  -71.745  11.735 0.6999999881
6036  -6.726  -71.803  12.997 0.6999999881
4981  -16.640  -74.062  13.193 0.8999999762
145940  -7.956  -71.679  11.088 0.6999999881
7388  -13.456  -69.668  11.743 0.8999999762
145059  -14.817  -69.740  12.066 0.8999999762
8023  -4.203  -68.952  12.119 0.6999999881
6773  -14.930  -70.721  10.152 0.8999999762
6085  -16.088  -71.996  9.908 0.8999999762
157072  -17.018  -72.673  10.454 0.8999999762
4472  -19.187  -74.199  12.116 0.8999999762
156752  -18.807  -74.664  10.885 0.8999999762
138781  -19.849  -77.694  10.850 0.8999999762
3953  -20.030  -75.214  9.463 0.8000000119
145745  -20.488  -74.321  7.489 0.6999999881
4509  -20.394  -75.002  8.664 0.8000000119
145349  -21.896  -75.330  6.829 0.8000000119
2959  -20.797  -77.561  5.568 0.8000000119
148823  -22.847  -76.257  5.538 0.8000000119
3454  -22.177  -76.862  5.591 0.6999999881
5062  -21.268  -73.611  4.824 0.5000000000
5064  -22.784  -73.778  5.514 0.6999999881
4532  -22.784  -74.296  5.882 0.6999999881
149211  -23.843  -75.378  5.105 0.6000000238
3458  -24.172  -76.004  5.351 0.6000000238
4552  -24.966  -74.916  4.601 0.5000000000
4533  -25.096  -75.383  6.136 0.4000000060
1424  -5.401  -80.168  20.782 0.8000000119
1463  -5.623  -80.222  18.707 0.8000000119
146823  -6.255  -74.212  15.712 1.0000000000
2822  -4.085  -77.907  17.138 0.8999999762
3330  -3.827  -76.919  16.161 1.0000000000
154038  -4.585  -78.090  14.589 0.8999999762
3889  -4.051  -74.522  12.161 1.0000000000
4448  -5.354  -73.504  12.211 1.0000000000
4978  -11.116  -73.001  12.605 1.0000000000
146600  -13.035  -72.402  13.382 1.0000000000
4434  -17.041  -74.815  13.629 0.8999999762
3866  -17.969  -74.948  14.919 0.8999999762
6731  -16.502  -70.689  11.805 0.8999999762
6709  -17.328  -70.684  13.306 0.8999999762
7369  -16.049  -69.736  13.381 0.8999999762
3896  -19.704  -75.812  12.406 0.8999999762
1872  -5.008  -79.462  21.316 0.6000000238
1912  -5.093  -79.523  18.862 0.8000000119
5444  -6.275  -72.199  18.689 1.0000000000
4903  -5.735  -72.542  17.200 1.0000000000
150741  -3.632  -72.950  18.817 1.0000000000
3806  -7.366  -75.445  17.965 1.0000000000
4396  -8.880  -74.770  15.854 1.0000000000
3827  -8.326  -75.747  16.629 1.0000000000
4450  -7.289  -74.239  12.331 1.0000000000
4417  -9.600  -73.714  14.255 1.0000000000
136911  -9.035  -74.176  14.876 1.0000000000
135986  -4.798  -78.583  21.081 0.6999999881
4843  -7.862  -73.960  21.072 1.0000000000
3760  -7.966  -75.475  19.946 1.0000000000
3807  -8.003  -76.170  17.433 1.0000000000
4362  -9.771  -74.965  17.471 1.0000000000
4920  -11.030  -74.045  16.271 1.0000000000
4418  -9.965  -73.729  14.922 1.0000000000
7332  -12.076  -69.720  14.089 1.0000000000
161166  -3.787  -69.481  13.689 0.6999999881
3748  -9.577  -75.650  21.515 1.0000000000
4327  -10.534  -74.777  19.173 1.0000000000
140683  -13.478  -69.345  14.984 1.0000000000
7334  -14.437  -69.237  15.067 1.0000000000
3229  -4.488  -76.970  22.963 0.6000000238
4310  -4.643  -74.355  20.638 1.0000000000
6673  -16.123  -70.112  14.715 1.0000000000
3206  -4.333  -76.245  25.081 0.5000000000
3746  -6.043  -75.791  21.070 1.0000000000
5402  -3.914  -72.379  21.659 1.0000000000
4826  -8.868  -73.402  23.388 1.0000000000
137582  -11.531  -73.826  23.113 1.0000000000
4856  -12.391  -72.868  20.471 1.0000000000
6596  -10.604  -70.184  19.443 1.0000000000
6584  -12.887  -70.434  21.104 1.0000000000
5943  -13.078  -71.238  21.507 1.0000000000
5428  -13.085  -72.209  20.171 1.0000000000
6599  -13.278  -70.616  19.556 1.0000000000
137628  -13.900  -72.149  18.402 1.0000000000
5993  -6.230  -71.169  15.860 1.0000000000
3709  -4.827  -75.903  24.893 0.6000000238
142362  -6.411  -76.635  23.977 0.6000000238
5382  -4.540  -72.369  23.033 1.0000000000
4297  -6.188  -75.478  21.806 1.0000000000
5393  -4.271  -72.780  22.794 1.0000000000
3208  -6.791  -76.323  25.486 0.6000000238
5372  -4.763  -72.173  23.643 1.0000000000
4258  -7.095  -74.585  24.328 0.8000000119
4823  -4.539  -73.003  23.156 1.0000000000
6573  -12.916  -70.499  21.699 1.0000000000
6538  -6.406  -70.248  24.524 1.0000000000
154917  -10.959  -73.260  25.087 1.0000000000
5387  -12.501  -72.457  23.647 1.0000000000
140027  -12.787  -71.940  22.863 1.0000000000
7234  -11.585  -69.648  21.673 1.0000000000
6563  -12.792  -70.246  22.171 1.0000000000
6550  -12.880  -70.360  22.853 1.0000000000
7232  -9.779  -69.212  21.190 1.0000000000
7926  -8.749  -68.193  22.119 1.0000000000
160920  -7.730  -74.854  25.441 0.8000000119
143462  -4.842  -71.622  25.346 1.0000000000
4808  -6.747  -73.454  25.299 1.0000000000
5374  -4.865  -72.476  24.633 1.0000000000
5373  -4.770  -72.333  24.216 1.0000000000
7195  -7.550  -69.728  26.568 1.0000000000
159733  -10.416  -71.631  26.493 1.0000000000
5365  -5.947  -72.749  25.725 1.0000000000
149198  -5.378  -72.247  26.907 1.0000000000
5893  -4.330  -71.592  26.871 1.0000000000
7186  -6.205  -69.455  27.440 1.0000000000
5360  -11.028  -72.070  26.343 1.0000000000
5368  -11.617  -72.359  25.782 1.0000000000
7941  -7.673  -68.335  21.254 1.0000000000
6541  -12.986  -71.024  24.285 1.0000000000
6542  -12.878  -70.213  24.599 1.0000000000
7215  -12.526  -69.649  23.389 1.0000000000
7909  -12.165  -69.271  25.774 1.0000000000
7139  -12.040  -69.314  31.196 1.0000000000
7153  -10.811  -69.626  30.756 1.0000000000
7177  -6.300  -69.125  28.248 1.0000000000
5887  -10.561  -71.034  27.608 1.0000000000
6513  -9.715  -70.386  27.665 1.0000000000
5888  -11.389  -71.355  27.608 1.0000000000
5877  -11.070  -70.979  28.243 1.0000000000
6503  -11.476  -70.736  28.924 1.0000000000
6486  -11.858  -70.457  29.677 1.0000000000
5889  -12.239  -71.296  27.453 1.0000000000
6516  -13.111  -70.308  27.797 1.0000000000
8622  -5.387  -67.904  21.988 1.0000000000
8607  -6.036  -67.319  22.372 1.0000000000
8606  -4.799  -67.522  22.435 1.0000000000
8620  -3.908  -67.815  21.357 1.0000000000
7879  -9.410  -68.882  31.031 1.0000000000
6500  -9.134  -69.809  28.159 1.0000000000
155148  -7.810  -69.045  29.478 1.0000000000
12241  -4.987  -62.607  28.978 1.0000000000
11479  -4.723  -63.386  28.531 1.0000000000
7156  -13.205  -69.304  30.503 1.0000000000
7899  -14.123  -68.540  29.296 1.0000000000
9294  -4.412  -65.853  25.505 1.0000000000
8586  -8.517  -67.398  24.306 1.0000000000
8605  -4.408  -67.186  22.589 1.0000000000
5840  -8.177  -71.387  32.309 0.5000000000
6457  -7.627  -70.832  32.114 0.6000000238
5328  -6.624  -71.882  29.163 0.8000000119
8534  -4.904  -67.726  30.404 1.0000000000
9217  -4.826  -66.532  31.339 1.0000000000
7881  -14.181  -68.020  30.312 1.0000000000
153030  -7.758  -64.462  28.709 1.0000000000
10002  -5.924  -65.405  27.036 1.0000000000
9986  -8.383  -65.823  27.858 1.0000000000
10724  -9.301  -64.741  28.605 1.0000000000
9315  -6.726  -66.701  23.912 1.0000000000
161452  -7.169  -66.672  24.587 1.0000000000
9321  -3.902  -66.793  22.440 1.0000000000
11613  -3.604  -63.191  17.853 0.6000000238
7125  -6.161  -69.845  32.623 0.6999999881
7876  -5.671  -68.295  29.903 1.0000000000
9224  -12.506  -66.508  31.084 1.0000000000
13034  -5.206  -60.997  29.369 1.0000000000
144096  -8.055  -62.952  29.075 1.0000000000
152690  -8.515  -62.323  28.939 1.0000000000
8537  -14.662  -67.253  29.970 1.0000000000
9250  -14.902  -66.825  28.666 1.0000000000
148911  -9.802  -65.192  28.417 1.0000000000
9248  -11.527  -66.473  28.044 1.0000000000
10029  -3.884  -65.858  23.745 1.0000000000
10795  -3.698  -64.837  23.092 1.0000000000
7841  -3.150  -68.533  32.243 1.0000000000
140396  -5.859  -70.894  31.301 0.8000000119
7873  -3.332  -68.977  30.525 1.0000000000
10692  -11.558  -64.584  30.966 1.0000000000
13044  -3.856  -61.665  28.511 1.0000000000
9961  -15.274  -65.883  29.117 1.0000000000
9271  -15.144  -66.095  28.212 1.0000000000
9270  -14.688  -66.453  28.177 1.0000000000
8499  -3.226  -67.523  34.072 0.8000000119
7124  -3.718  -69.859  32.559 0.8999999762
150795  -10.129  -64.089  31.444 1.0000000000
12245  -9.312  -62.048  28.573 1.0000000000
10702  -14.818  -64.902  29.653 1.0000000000
150913  -14.640  -63.148  29.631 1.0000000000
13043  -3.272  -61.752  27.991 1.0000000000
142627  -9.238  -61.131  28.411 1.0000000000
10710  -15.275  -64.270  29.112 1.0000000000
163433  -15.584  -64.165  28.136 1.0000000000
12233  -15.365  -62.588  28.999 1.0000000000
13037  -14.118  -61.384  29.621 1.0000000000
142987  -14.934  -63.171  27.398 1.0000000000
147649  -13.207  -62.139  27.335 1.0000000000
12256  -14.343  -62.239  27.306 1.0000000000
10736  -12.356  -64.240  27.856 1.0000000000
11551  -3.574  -63.352  22.066 0.8999999762
12192  -8.927  -62.662  32.050 1.0000000000
11438  -8.694  -63.569  32.204 1.0000000000
14680  -12.389  -59.606  27.328 1.0000000000
13057  -12.615  -61.277  27.424 1.0000000000
145870  -11.897  -60.745  27.513 1.0000000000
12257  -15.313  -62.186  27.678 1.0000000000
154188  -15.717  -60.719  27.956 1.0000000000
13871  -15.725  -60.111  28.388 1.0000000000
148715  -12.139  -62.092  27.616 1.0000000000
11486  -12.056  -63.492  27.819 1.0000000000
14682  -15.892  -59.583  28.021 1.0000000000
14681  -15.767  -59.267  27.874 1.0000000000
14692  -14.770  -59.445  27.438 1.0000000000
148856  -3.384  -62.922  25.878 1.0000000000
161870  -3.515  -63.307  25.321 1.0000000000
12218  -10.799  -61.838  30.762 1.0000000000
13022  -11.454  -61.540  30.346 1.0000000000
14667  -8.666  -59.747  28.472 1.0000000000
147756  -10.742  -60.078  27.697 1.0000000000
14679  -11.675  -59.145  27.347 1.0000000000
13056  -11.623  -61.375  27.669 1.0000000000
13886  -14.042  -60.785  27.293 1.0000000000
13059  -14.691  -61.461  27.390 1.0000000000
14690  -12.991  -59.108  27.267 1.0000000000
15433  -15.818  -58.454  27.867 1.0000000000
16225  -15.272  -57.910  27.423 1.0000000000
12278  -3.290  -62.013  25.642 1.0000000000
10677  -3.375  -64.619  30.993 0.8000000119
12205  -9.215  -61.845  31.818 1.0000000000
141070  -10.377  -60.781  30.778 1.0000000000
13857  -12.402  -59.851  29.732 1.0000000000
14676  -2.865  -59.421  27.956 0.8999999762
15442  -12.620  -58.288  27.202 1.0000000000
13859  -14.591  -59.901  29.391 1.0000000000
14685  -2.917  -59.557  26.951 1.0000000000
14656  -15.093  -59.196  29.187 1.0000000000
13911  -3.076  -60.399  25.549 1.0000000000
9907  -3.389  -65.024  34.167 0.6999999881
12991  -6.213  -61.343  31.975 1.0000000000
13807  -6.007  -60.513  31.606 1.0000000000
15419  -3.144  -58.235  28.240 0.8999999762
14649  -11.629  -59.259  29.880 1.0000000000
146290  -9.738  -59.041  27.825 1.0000000000
15414  -12.586  -58.355  29.594 1.0000000000
17778  -13.972  -55.333  28.752 1.0000000000
16181  -14.260  -57.474  29.244 1.0000000000
16199  -15.803  -57.868  28.419 1.0000000000
17006  -16.190  -56.807  27.715 1.0000000000
146553  -16.096  -57.257  28.162 1.0000000000
17780  -15.759  -55.685  28.485 1.0000000000
143098  -15.571  -54.791  28.487 1.0000000000
18560  -16.776  -54.331  27.520 1.0000000000
19370  -17.099  -53.573  27.333 1.0000000000
151829  -14.368  -56.437  26.669 1.0000000000
17019  -16.049  -56.274  27.238 1.0000000000
17807  -14.631  -55.734  26.429 1.0000000000
144563  -11.067  -58.650  30.083 1.0000000000
17777  -13.044  -55.200  28.695 1.0000000000
18553  -14.581  -54.788  28.636 1.0000000000
13806  -3.020  -60.321  32.713 0.6000000238
14613  -3.170  -59.471  32.209 0.6000000238
16166  -10.389  -57.445  30.256 1.0000000000
16973  -11.978  -57.045  29.507 1.0000000000
18550  -11.830  -54.596  28.497 1.0000000000
16978  -12.960  -56.819  29.334 1.0000000000
16218  -3.426  -57.017  25.947 0.8000000119
20195  -13.955  -52.460  27.677 1.0000000000
154696  -16.315  -51.539  27.813 1.0000000000
17820  -13.327  -54.857  26.075 1.0000000000
19387  -14.008  -53.536  25.682 1.0000000000
16165  -9.589  -57.211  30.586 1.0000000000
17764  -9.118  -56.030  29.953 1.0000000000
138093  -5.072  -56.665  28.614 0.8999999762
149141  -3.986  -56.719  28.547 0.8999999762
16977  -11.512  -56.148  29.345 1.0000000000
147027  -12.416  -56.343  29.238 1.0000000000
147734  -10.938  -54.676  28.654 1.0000000000
17010  -3.300  -56.230  26.540 0.8999999762
17799  -3.185  -55.364  26.948 0.8999999762
21003  -14.391  -51.730  27.511 1.0000000000
160985  -3.276  -54.965  26.547 0.8999999762
21006  -18.293  -50.911  26.913 1.0000000000
21794  -18.214  -50.488  27.206 1.0000000000
154199  -14.138  -53.095  25.505 1.0000000000
22588  -18.579  -49.750  26.643 1.0000000000
16960  -6.156  -56.396  31.285 0.8999999762
17756  -6.730  -56.103  31.277 1.0000000000
155032  -3.742  -56.256  28.367 0.8999999762
16989  -5.511  -55.884  28.350 1.0000000000
16999  -3.203  -56.010  27.480 0.8999999762
152680  -6.950  -56.200  28.190 1.0000000000
20193  -12.077  -52.669  27.395 1.0000000000
157738  -10.614  -54.144  28.277 1.0000000000
21001  -12.555  -51.959  27.042 1.0000000000
18566  -3.705  -53.878  27.238 0.8999999762
17028  -4.016  -56.701  24.362 0.6000000238
17802  -9.485  -55.863  26.600 1.0000000000
21788  -7.105  -50.665  26.825 0.8000000119
22578  -6.644  -48.652  26.521 0.8000000119
21789  -7.855  -50.927  26.475 0.8999999762
20191  -8.578  -52.380  27.105 1.0000000000
22586  -15.725  -49.212  26.848 0.8999999762
22568  -17.806  -49.778  27.378 1.0000000000
23352  -18.154  -49.115  27.204 0.8999999762
151990  -7.619  -55.553  30.451 1.0000000000
17759  -3.837  -55.935  29.782 0.5000000000
16968  -5.426  -56.274  30.720 0.6999999881
18534  -7.967  -55.082  29.715 1.0000000000
18541  -8.600  -54.739  29.038 1.0000000000
19347  -4.077  -53.354  29.147 0.6999999881
20182  -8.944  -53.058  27.480 1.0000000000
20999  -10.696  -52.023  26.887 1.0000000000
20171  -4.848  -52.731  28.938 0.8000000119
20996  -6.578  -51.224  27.370 0.8999999762
20190  -7.520  -51.589  27.043 0.8999999762
20181  -7.273  -52.681  27.946 0.8999999762
160892  -12.967  -50.590  26.408 0.8999999762
22584  -13.830  -49.680  26.209 0.8000000119
22579  -7.493  -48.835  26.079 0.8000000119
21803  -8.498  -50.506  25.993 0.8000000119
21016  -11.250  -51.484  26.688 1.0000000000
21015  -10.521  -51.312  26.471 0.8999999762
22580  -9.981  -49.583  25.557 0.8000000119
151589  -9.137  -49.401  25.451 0.8000000119
157663  -8.816  -49.949  25.669 0.8000000119
21014  -9.633  -51.170  26.217 0.8000000119
23372  -17.753  -48.495  27.056 0.8999999762
23367  -8.074  -48.102  25.883 0.6999999881
21041  -13.499  -51.724  24.407 1.0000000000
22617  -18.356  -49.125  25.267 1.0000000000
16151  -3.060  -57.809  31.159 0.5000000000
139903  -7.899  -54.485  29.214 1.0000000000
20178  -4.361  -51.957  28.587 0.6999999881
21806  -11.338  -50.708  26.287 0.8000000119
158968  -4.350  -49.460  27.322 0.8000000119
22598  -8.832  -48.417  25.388 0.8000000119
18593  -3.301  -53.670  24.598 0.8000000119
24118  -6.199  -47.442  27.370 0.6000000238
24141  -9.977  -47.105  26.299 0.6000000238
24121  -9.420  -47.416  27.158 0.5000000000
23368  -8.739  -47.678  25.704 0.6999999881
22599  -9.630  -48.575  25.268 0.8000000119
22600  -10.462  -48.674  25.369 0.8000000119
17831  -3.737  -55.059  22.691 0.6000000238
135401  -11.587  -47.391  27.430 0.6000000238
24142  -11.051  -46.878  26.075 0.6999999881
24104  -10.806  -47.784  27.764 0.5000000000
141002  -10.573  -46.971  26.313 0.6999999881
22643  -14.138  -49.052  23.069 1.0000000000
22629  -15.306  -49.247  23.583 1.0000000000
22601  -11.316  -48.764  25.513 0.8000000119
20984  -3.687  -50.894  28.336 0.6999999881
23382  -10.096  -47.782  25.371 0.8000000119
158024  -12.288  -47.883  25.405 0.8000000119
23384  -11.595  -47.777  25.419 0.8000000119
24122  -10.292  -47.242  26.991 0.6000000238
21049  -3.249  -51.669  23.880 0.5000000000
21850  -13.450  -50.260  23.436 1.0000000000
23409  -15.592  -48.576  23.322 1.0000000000
24155  -11.221  -47.133  25.737 0.8000000119
136154  -11.546  -46.838  26.406 0.6999999881
24156  -11.960  -47.010  25.665 0.8000000119
24124  -12.249  -46.864  26.980 0.6999999881
21054  -12.006  -51.392  23.536 1.0000000000
21859  -11.408  -49.985  22.649 1.0000000000
22641  -11.893  -49.458  22.400 1.0000000000
22642  -12.609  -49.505  22.594 1.0000000000
21849  -12.652  -50.732  23.351 1.0000000000
161049  -17.999  -46.823  23.587 1.0000000000
24841  -12.997  -46.383  26.689 0.6999999881
24105  -13.680  -47.476  28.629 0.5000000000
155100  -9.354  -51.318  23.474 1.0000000000
24831  -13.736  -46.881  27.728 0.6000000238
24855  -13.456  -45.695  26.204 0.6999999881
25614  -18.096  -45.448  25.806 0.8000000119
22595  -3.413  -49.735  25.260 0.8999999762
23441  -12.892  -48.188  22.063 1.0000000000
24833  -15.475  -46.278  28.752 0.3000000119
24816  -15.109  -46.642  29.669 0.4000000060
24832  -14.616  -46.821  28.437 0.5000000000
25608  -13.812  -45.113  25.815 0.6000000238
158698  -13.621  -45.301  25.415 0.6000000238
25619  -14.201  -45.085  24.766 0.6000000238
24879  -13.781  -45.393  25.014 0.6000000238
25609  -14.770  -44.870  26.330 0.6000000238
25612  -15.670  -45.707  24.987 0.6000000238
21858  -10.169  -50.148  22.805 1.0000000000
21819  -4.679  -49.776  25.707 0.8999999762
21832  -6.492  -50.653  24.542 0.8999999762
24213  -12.381  -47.417  21.658 1.0000000000
24924  -12.703  -46.652  21.475 1.0000000000
22625  -7.771  -49.098  23.558 1.0000000000
23439  -11.245  -48.141  22.006 1.0000000000
25587  -16.253  -45.104  29.092 0.3000000119
25601  -16.208  -44.958  27.859 0.3000000119
26425  -15.864  -44.618  27.050 0.4000000060
26432  -14.300  -44.553  25.545 0.4000000060
148752  -14.533  -44.198  25.357 0.3000000119
26443  -14.455  -44.568  24.769 0.4000000060
26438  -14.719  -43.792  25.092 0.4000000060
21856  -8.754  -49.942  23.124 1.0000000000
23380  -4.462  -48.417  25.104 0.8999999762
24178  -4.691  -47.736  23.094 0.6000000238
26480  -15.008  -44.830  21.022 1.0000000000
27274  -14.850  -43.886  24.720 0.3000000119
24152  -4.437  -48.047  24.804 0.8000000119
26462  -18.704  -44.210  22.756 0.8000000119
23396  -6.180  -48.117  24.667 0.8999999762
137919  -5.399  -46.640  24.480 0.8000000119
24902  -8.874  -46.662  23.131 0.8999999762
26474  -5.835  -44.439  22.213 0.6000000238
28201  -12.301  -42.168  20.841 0.8000000119
24890  -7.349  -45.796  24.117 0.8999999762
24877  -5.861  -45.866  24.370 0.8000000119
26461  -10.333  -44.071  21.895 0.8000000119
161983  -15.482  -43.357  20.577 1.0000000000
25635  -5.297  -45.615  23.077 0.6000000238
29111  -12.121  -41.307  20.841 0.8000000119
29109  -11.069  -42.101  21.339 0.8000000119
27336  -14.726  -43.130  20.567 0.8999999762
28175  -8.300  -42.016  22.812 0.6999999881
29083  -7.884  -41.282  22.806 0.6999999881
29094  -9.577  -41.502  22.288 0.8000000119
25617  -5.807  -45.334  24.047 0.6999999881
25628  -6.988  -45.125  24.140 0.8000000119
29997  -12.382  -40.511  20.655 0.8000000119
29113  -14.229  -41.383  20.486 0.8000000119
26458  -5.836  -44.084  23.040 0.6999999881
155503  -7.427  -43.156  23.439 0.8000000119
29127  -16.015  -41.644  20.395 0.6999999881
26451  -7.487  -44.486  23.642 0.8000000119
30020  -15.663  -40.860  20.379 0.6000000238
30852  -14.477  -39.954  20.360 0.5000000000
30835  -12.710  -39.835  20.421 0.6999999881
150342  -15.350  -40.090  20.382 0.5000000000
150855  -12.346  -39.061  20.573 0.6999999881
31669  -12.737  -38.408  20.257 0.5000000000
148990  -14.937  -36.877  20.185 0.4000000060
31689  -15.454  -38.490  20.260 0.5000000000
29979  -9.820  -39.745  22.408 0.6000000238
30000  -18.142  -40.981  20.887 0.6000000238
137023  -11.844  -76.406  16.030 0.6999999881
3347  -12.495  -75.712  15.789 0.6000000238
150546  -3.758  -56.935  25.127 0.6999999881
16229  -3.667  -57.590  25.347 0.5000000000
29114  -18.444  -41.640  21.344 0.5000000000
30022  -17.328  -40.943  20.504 0.5000000000
142427  -18.842  -40.983  21.564 0.5000000000
30023  -17.879  -40.240  20.553 0.5000000000
30854  -16.599  -39.511  20.263 0.4000000060
3863  -12.227  -75.461  14.592 0.6999999881
140639  -17.014  -40.217  20.314 0.5000000000
1096  -11.576  -82.065  16.593 0.5000000000
783  -10.295  -82.798  17.494 0.5000000000
568  -9.244  -83.174  17.645 0.6000000238
142489  -7.595  -84.939  17.853 0.5000000000
788  -10.661  -82.631  16.476 0.6000000238
575  -8.968  -83.235  16.698 0.6000000238
213  -8.103  -85.479  17.449 0.5000000000
74  -8.840  -85.919  17.183 0.5000000000
797  -10.353  -82.586  15.376 0.6000000238
574  -8.238  -83.521  16.414 0.6000000238
216  -8.408  -85.367  16.716 0.5000000000
579  -8.212  -83.455  15.615 0.6000000238
381  -8.149  -83.842  15.489 0.6999999881
221  -8.544  -85.181  16.003 0.5000000000
156088  -4.267  -60.304  22.283 0.5000000000
13941  -4.004  -59.919  22.728 0.5000000000
24921  -6.110  -46.407  21.188 0.5000000000
25653  -6.018  -45.117  21.318 0.5000000000
29965  -9.266  -40.393  22.605 0.6000000238
160993  -13.407  -36.965  20.075 0.4000000060
13949  -4.625  -60.642  21.576 0.5000000000
145804  -4.291  -49.684  23.148 0.5000000000
24210  -6.097  -47.093  20.908 0.5000000000
24209  -5.524  -46.825  21.628 0.5000000000
21050  -3.843  -51.660  23.040 0.4000000060
22636  -4.445  -49.018  23.077 0.5000000000
24920  -5.557  -46.021  22.017 0.5000000000
24901  -5.077  -46.418  22.716 0.5000000000
161599  -11.782  -81.597  16.004 0.5000000000
798  -11.218  -82.165  15.680 0.6999999881
1110  -10.788  -82.065  14.818 0.6999999881
796  -9.286  -82.895  15.173 0.6999999881
78  -9.807  -85.828  16.108 0.5000000000
782  -9.779  -82.940  16.896 0.6000000238
143998  -8.429  -83.540  18.055 0.6000000238
566  -7.965  -83.790  16.982 0.6000000238
143870  -9.666  -82.952  16.060 0.6000000238
375  -7.927  -84.566  16.500 0.6000000238
29108  -7.354  -40.693  21.910 0.5000000000
149043  -7.815  -40.195  22.141 0.5000000000
30818  -8.276  -39.561  22.076 0.5000000000
30819  -8.815  -39.040  22.285 0.5000000000
30832  -8.635  -38.858  21.815 0.4000000060
31651  -9.036  -38.332  21.861 0.4000000060
30821  -10.519  -39.172  22.097 0.5000000000
30820  -9.535  -38.753  22.255 0.4000000060
160902  -9.994  -37.305  21.396 0.4000000060
31652  -9.756  -37.894  21.754 0.4000000060
32483  -10.444  -36.779  21.235 0.4000000060
32484  -11.556  -37.159  21.000 0.4000000060
33283  -11.978  -36.655  20.519 0.3000000119
163300  -10.879  -36.959  21.382 0.4000000060
29082  -7.286  -41.424  22.714 0.5000000000
32485  -12.384  -37.568  20.338 0.3000000119
29092  -6.863  -41.204  22.369 0.5000000000
151643  -8.231  -40.696  22.663 0.5000000000
29964  -8.679  -40.227  22.629 0.5000000000
31653  -10.429  -38.213  21.922 0.4000000060
29093  -7.657  -40.795  22.507 0.5000000000
30807  -9.053  -39.557  22.573 0.5000000000
29995  -7.807  -40.019  21.533 0.5000000000
30806  -8.648  -39.679  22.471 0.5000000000
30831  -8.325  -39.305  21.347 0.5000000000
33282  -11.047  -36.126  20.913 0.3000000119
24947  -7.471  -46.301  20.386 0.4000000060
25681  -6.817  -45.167  20.565 0.4000000060
25680  -6.621  -45.955  20.942 0.4000000060
26500  -6.833  -44.266  20.375 0.4000000060
163219  -7.632  -44.286  19.882 0.4000000060
26501  -7.673  -44.939  20.011 0.4000000060
27311  -6.153  -43.313  20.958 0.4000000060
149124  -6.696  -42.520  20.713 0.4000000060
27334  -7.855  -42.833  19.796 0.3000000119
28216  -6.317  -41.713  21.482 0.4000000060
28217  -7.274  -41.626  20.654 0.4000000060
29139  -9.218  -41.310  19.374 0.3000000119
29124  -7.399  -40.643  21.181 0.4000000060
30017  -7.987  -39.926  20.842 0.4000000060
30869  -9.487  -39.591  19.861 0.3000000119
30851  -8.633  -39.210  20.720 0.3000000119
30870  -10.214  -38.974  19.579 0.3000000119
31686  -8.877  -38.394  21.264 0.3000000119
31687  -9.665  -37.541  20.758 0.3000000119
144911  -10.037  -36.958  20.993 0.3000000119
138757  -5.877  -42.307  21.740 0.4000000060
28198  -6.198  -41.647  22.162 0.4000000060
29107  -6.708  -41.149  21.691 0.4000000060
27333  -7.227  -43.545  20.145 0.4000000060
28218  -8.456  -42.016  19.685 0.3000000119
29125  -8.177  -40.967  20.305 0.4000000060
30018  -8.812  -40.238  20.084 0.3000000119
30035  -9.618  -40.485  19.424 0.3000000119
31704  -9.358  -38.446  20.472 0.3000000119
162323  -10.887  -39.376  18.950 0.3000000119
31705  -9.986  -37.599  19.956 0.3000000119
137728  -10.244  -36.511  20.324 0.3000000119
215  -7.821  -85.007  16.963 0.5000000000
217  -9.057  -85.690  16.351 0.5000000000
220  -8.049  -84.980  16.376 0.6000000238
223  -11.616  -85.505  15.249 0.6000000238
226  -8.925  -84.695  14.772 0.8000000119
229  -11.731  -85.417  14.689 0.6000000238
230  -12.768  -85.101  14.535 0.6000000238
233  -14.957  -84.741  14.016 0.6999999881
234  -9.445  -84.639  14.003 0.8000000119
240  -11.895  -84.832  13.287 0.8000000119
244  -15.489  -84.771  13.653 0.6999999881
369  -7.805  -84.363  17.069 0.6000000238
370  -7.835  -83.960  17.844 0.5000000000
377  -8.176  -84.506  15.849 0.6999999881
379  -12.390  -84.646  15.848 0.5000000000
382  -13.504  -84.438  14.846 0.6000000238
383  -14.721  -84.629  14.131 0.6999999881
390  -9.184  -84.018  13.377 0.8000000119
393  -17.759  -84.941  14.189 0.6999999881
394  -19.029  -84.663  14.434 0.6000000238
397  -10.521  -84.162  12.625 0.8000000119
399  -12.191  -84.298  12.631 0.8000000119
405  -9.551  -83.266  12.545 0.8000000119
406  -10.159  -83.507  12.331 0.8000000119
408  -12.422  -83.825  12.296 0.8000000119
410  -14.119  -84.174  11.576 0.8000000119
414  -14.240  -83.707  10.803 0.8000000119
567  -8.368  -83.507  17.281 0.6000000238
573  -7.965  -83.921  16.263 0.6000000238
580  -8.660  -83.216  15.810 0.6000000238
587  -14.158  -83.774  14.786 0.5000000000
590  -18.606  -84.400  14.899 0.6000000238
597  -19.789  -84.393  13.884 0.6000000238
604  -13.050  -83.657  12.060 0.8999999762
612  -9.428  -82.489  12.339 0.8000000119
613  -9.742  -82.910  12.236 0.8000000119
624  -15.217  -82.802  9.552 0.8999999762
795  -8.498  -83.106  15.009 0.8000000119
806  -8.617  -82.932  14.292 0.8000000119
811  -17.497  -82.665  14.568 0.6000000238
814  -9.037  -82.510  13.429 0.8000000119
822  -12.079  -82.587  12.647 1.0000000000
823  -13.445  -83.184  12.122 1.0000000000
824  -14.025  -82.707  12.325 1.0000000000
826  -19.075  -83.383  12.416 0.6000000238
829  -22.003  -82.775  12.699 0.6999999881
832  -9.697  -82.336  12.051 0.8000000119
840  -22.505  -82.174  12.014 0.6999999881
847  -15.377  -82.188  9.156 1.0000000000
852  -15.931  -82.039  8.753 1.0000000000
853  -16.519  -81.789  8.569 0.8999999762
1123  -9.267  -82.005  13.600 0.8000000119
1135  -9.194  -81.984  12.696 0.8999999762
1145  -9.316  -81.538  12.349 0.8999999762
1150  -17.025  -80.892  12.936 0.8999999762
1153  -23.363  -81.429  11.700 0.5000000000
1158  -16.624  -80.853  11.059 0.8999999762
1180  -16.826  -81.307  8.151 0.8999999762
1182  -16.698  -80.661  7.992 0.8999999762
1425  -5.834  -80.764  21.351 0.6000000238
1426  -6.182  -81.003  21.441 0.6000000238
1439  -5.808  -80.559  20.302 0.8000000119
1441  -6.742  -80.559  19.913 0.6000000238
1453  -5.882  -80.501  19.382 0.8000000119
1464  -5.823  -80.500  17.906 0.8000000119
1465  -6.240  -80.753  18.201 0.8000000119
1466  -6.715  -80.588  18.509 0.8000000119
1474  -6.255  -80.665  17.427 0.8000000119
1498  -11.698  -80.725  14.923 0.8000000119
1510  -11.910  -80.010  14.587 0.8000000119
1516  -9.557  -80.716  12.698 0.8999999762
1520  -15.228  -80.780  13.402 1.0000000000
1521  -16.444  -80.363  13.547 0.8999999762
1522  -17.123  -80.266  13.445 0.8999999762
1546  -17.611  -80.223  11.417 0.8999999762
1550  -10.826  -79.830  9.653 1.0000000000
1553  -16.237  -80.762  9.763 0.8999999762
1555  -19.811  -80.941  9.719 0.8000000119
1559  -11.282  -79.611  9.135 1.0000000000
1568  -23.867  -80.378  9.220 0.5000000000
1576  -23.285  -80.194  8.650 0.6999999881
1579  -17.312  -80.142  7.607 0.8999999762
1901  -4.869  -79.078  19.641 0.8000000119
1902  -7.152  -80.264  19.158 0.8000000119
1903  -8.051  -79.619  19.130 0.6000000238
1913  -5.231  -79.943  18.022 0.8000000119
1916  -9.305  -79.045  18.489 0.6999999881
1940  -4.969  -79.368  16.339 0.8999999762
1941  -5.531  -80.036  16.528 0.8999999762
1942  -6.870  -80.166  16.184 0.8999999762
1956  -5.937  -80.064  15.639 0.8999999762
1957  -6.649  -79.943  15.356 0.8999999762
1958  -7.544  -79.527  15.857 0.8999999762
1969  -6.108  -79.742  14.760 0.8999999762
1970  -6.600  -79.598  14.604 0.8999999762
1973  -12.981  -78.981  14.771 0.8000000119
1981  -11.818  -78.958  13.522 0.8999999762
1982  -15.296  -80.103  13.420 0.8999999762
1995  -15.347  -79.383  13.045 0.8999999762
1996  -18.490  -79.423  12.505 0.8999999762
2017  -10.533  -79.638  9.874 1.0000000000
2018  -11.915  -79.611  9.023 1.0000000000
2040  -17.330  -79.700  7.597 0.8999999762
2047  -19.934  -78.786  5.903 0.8000000119
2302  -4.158  -77.629  23.310 0.5000000000
2315  -4.341  -78.086  22.566 0.6000000238
2330  -4.564  -78.008  21.716 0.6000000238
2384  -10.996  -78.111  17.675 0.6999999881
2392  -4.419  -78.539  16.635 0.8999999762
2406  -4.636  -78.376  15.061 0.8999999762
2418  -5.003  -78.568  14.410 0.8999999762
2423  -12.596  -78.655  14.059 0.8999999762
2448  -10.858  -78.794  11.660 0.8999999762
2458  -10.493  -79.313  9.783 1.0000000000
2459  -10.802  -78.799  9.908 1.0000000000
2480  -11.766  -78.919  8.577 1.0000000000
2481  -13.516  -78.835  8.664 1.0000000000
2489  -12.829  -78.482  7.840 1.0000000000
2494  -17.632  -79.217  7.368 0.8999999762
2495  -18.091  -78.692  7.036 0.8999999762
2504  -22.897  -77.817  6.574 0.8000000119
2781  -4.724  -77.673  21.566 0.6000000238
2824  -11.621  -77.475  17.505 0.6999999881
2836  -3.985  -77.687  16.568 1.0000000000
2837  -9.658  -77.955  16.040 0.8999999762
2853  -9.459  -77.648  15.364 0.8999999762
2863  -8.353  -77.705  14.240 0.8999999762
2865  -10.056  -77.062  14.970 0.8999999762
2880  -6.260  -78.405  12.723 0.8999999762
2881  -7.035  -78.133  12.734 0.8999999762
2901  -7.163  -77.604  11.974 0.8999999762
2906  -16.411  -77.792  13.028 0.8999999762
2911  -5.678  -77.077  11.544 1.0000000000
2940  -12.562  -78.185  7.871 1.0000000000
2941  -12.873  -77.639  7.274 1.0000000000
2950  -23.180  -77.818  8.785 0.4000000060
2951  -23.556  -77.906  7.821 0.5000000000
2963  -23.505  -76.837  5.951 0.6000000238
3207  -6.148  -76.424  24.788 0.6000000238
3215  -4.813  -76.352  24.382 0.6000000238
3216  -7.011  -76.492  24.749 0.6000000238
3217  -7.341  -76.082  24.674 0.6000000238
3228  -4.190  -77.079  23.288 0.5000000000
3244  -4.327  -77.226  22.769 0.6000000238
3247  -6.234  -76.592  22.375 0.8999999762
3259  -5.455  -77.131  21.284 0.6999999881
3272  -6.033  -76.415  21.021 0.8000000119
3312  -12.110  -76.836  17.297 0.6000000238
3346  -11.299  -76.528  15.461 0.8000000119
3348  -15.188  -76.353  15.031 0.6999999881
3365  -18.665  -76.099  14.709 0.8999999762
3378  -14.371  -76.012  13.423 0.8000000119
3381  -19.447  -76.658  13.697 0.8999999762
3386  -4.711  -76.722  12.567 1.0000000000
3404  -6.763  -76.704  10.308 0.8999999762
3405  -8.257  -76.544  10.904 0.8999999762
3407  -13.436  -75.810  11.006 1.0000000000
3428  -7.528  -75.847  8.668 1.0000000000
3441  -23.187  -77.068  8.687 0.5000000000
3455  -23.043  -76.592  5.556 0.6999999881
3671  -6.514  -75.560  27.110 0.5000000000
3673  -8.180  -75.026  27.077 0.6000000238
3700  -4.334  -75.854  25.652 0.5000000000
3710  -7.525  -75.215  24.855 0.8000000119
3721  -7.205  -76.028  23.867 0.8000000119
3759  -5.650  -76.015  20.309 1.0000000000
3774  -8.344  -75.997  19.600 1.0000000000
3804  -4.037  -75.863  17.471 1.0000000000
3808  -8.813  -75.813  17.421 1.0000000000
3841  -6.827  -75.152  15.370 1.0000000000
3844  -12.012  -75.834  15.264 0.6999999881
3859  -6.611  -74.824  14.825 1.0000000000
3877  -10.174  -75.967  12.746 0.8999999762
3879  -11.878  -75.242  13.091 0.8000000119
3882  -14.209  -75.375  13.696 0.8000000119
3890  -9.922  -75.829  11.831 0.8999999762
3910  -11.284  -75.312  11.468 0.8999999762
3917  -6.472  -74.464  8.935 1.0000000000
3923  -12.343  -76.713  8.199 1.0000000000
3925  -19.749  -75.769  10.627 0.8999999762
3929  -7.212  -75.025  8.382 1.0000000000
3935  -15.239  -75.816  9.280 1.0000000000
3959  -10.530  -75.366  6.284 1.0000000000
3960  -11.230  -75.789  6.124 1.0000000000
3971  -24.818  -75.858  5.895 0.5000000000
3973  -22.164  -76.435  5.793 0.8000000119
4188  -7.866  -73.963  30.462 0.5000000000
4209  -7.917  -74.382  29.281 0.5000000000
4227  -8.241  -74.345  28.313 0.6000000238
4240  -8.031  -74.928  27.795 0.6000000238
4266  -6.928  -75.053  23.705 0.8000000119
4268  -9.936  -74.637  23.396 1.0000000000
4295  -4.097  -73.646  21.252 1.0000000000
4299  -11.030  -74.428  21.512 1.0000000000
4314  -11.243  -74.082  20.721 1.0000000000
4343  -7.368  -74.847  18.697 1.0000000000
4375  -3.589  -74.050  16.250 1.0000000000
4392  -3.728  -73.163  16.093 1.0000000000
4399  -18.144  -74.413  15.057 0.8999999762
4400  -18.439  -74.252  15.007 0.8999999762
4401  -18.764  -73.941  14.845 0.8999999762
4420  -17.909  -74.170  14.994 0.8999999762
4421  -18.957  -74.531  14.777 0.8999999762
4427  -3.882  -73.919  12.752 1.0000000000
4428  -4.723  -73.355  12.757 1.0000000000
4433  -13.187  -75.113  12.490 0.8999999762
4435  -17.531  -74.541  14.490 0.8999999762
4446  -4.029  -73.821  12.108 1.0000000000
4452  -13.115  -75.227  11.737 1.0000000000
4462  -4.170  -73.930  11.513 1.0000000000
4463  -4.632  -73.810  10.744 1.0000000000
4470  -16.200  -75.051  11.602 1.0000000000
4477  -5.061  -73.905  10.038 1.0000000000
4502  -7.895  -74.303  7.607 1.0000000000
4506  -12.351  -75.759  6.607 1.0000000000
4518  -20.882  -74.494  8.019 0.6999999881
4527  -16.828  -74.911  6.171 0.6000000238
4534  -25.556  -74.954  5.647 0.4000000060
4546  -16.683  -74.167  5.017 0.5000000000
4551  -24.150  -74.795  4.757 0.4000000060
4553  -25.229  -75.215  4.981 0.5000000000
4759  -8.107  -73.118  31.568 0.5000000000
4769  -8.224  -73.353  30.375 0.5000000000
4778  -8.327  -73.808  29.069 0.5000000000
4799  -8.412  -74.054  27.719 0.6000000238
4807  -5.640  -72.953  24.958 1.0000000000
4809  -7.638  -74.126  25.723 0.8000000119
4814  -4.735  -72.738  23.842 1.0000000000
4825  -6.327  -74.039  23.839 1.0000000000
4832  -5.166  -73.635  22.802 1.0000000000
4842  -3.919  -72.915  22.134 1.0000000000
4853  -3.845  -73.910  20.015 1.0000000000
4855  -11.793  -73.443  20.600 1.0000000000
4884  -3.572  -73.154  17.987 1.0000000000
4886  -6.907  -73.035  18.319 1.0000000000
4932  -4.232  -72.824  15.443 1.0000000000
4935  -12.008  -73.484  15.341 1.0000000000
4938  -18.383  -73.776  14.950 0.8999999762
4959  -4.234  -73.528  13.190 1.0000000000
4960  -9.800  -73.503  13.499 1.0000000000
5030  -12.170  -74.493  7.600 1.0000000000
5031  -15.610  -73.345  7.986 0.8000000119
5052  -22.285  -73.748  6.034 0.6999999881
5070  -15.500  -73.589  4.611 0.5000000000
5071  -16.293  -73.661  4.501 0.5000000000
5073  -21.004  -73.577  3.611 0.5000000000
5075  -22.774  -73.538  4.758 0.5000000000
5330  -8.343  -73.184  28.945 0.8000000119
5339  -8.142  -72.984  28.232 0.8000000119
5351  -7.759  -72.930  27.544 0.8000000119
5357  -4.987  -72.299  26.259 1.0000000000
5392  -4.284  -72.327  22.411 1.0000000000
5441  -3.786  -72.598  18.188 1.0000000000
5456  -4.037  -72.436  17.549 1.0000000000
5457  -4.809  -72.161  17.695 1.0000000000
5459  -13.189  -72.894  18.224 1.0000000000
5465  -4.018  -72.663  16.803 1.0000000000
5472  -18.129  -73.387  14.856 0.8999999762
5479  -17.807  -72.622  14.471 0.8999999762
5509  -18.756  -72.429  13.452 0.8999999762
5510  -19.162  -73.063  13.321 0.8999999762
5531  -16.569  -72.150  10.303 0.8999999762
5855  -5.541  -71.335  30.253 0.8000000119
5856  -6.706  -71.580  30.096 0.8000000119
5858  -8.247  -72.234  31.198 0.6000000238
5879  -12.645  -70.804  28.017 1.0000000000
5885  -4.106  -71.566  27.427 1.0000000000
5910  -4.857  -71.971  24.497 1.0000000000
5916  -7.482  -71.375  23.366 1.0000000000
5917  -7.964  -71.511  23.985 1.0000000000
5942  -7.237  -71.810  21.844 1.0000000000
5952  -4.107  -71.607  20.492 1.0000000000
5953  -4.891  -71.205  20.561 1.0000000000
5965  -3.925  -71.808  19.746 1.0000000000
6012  -18.014  -72.018  14.309 0.8999999762
6022  -6.614  -71.720  13.819 0.8999999762
6025  -17.845  -71.302  13.694 0.8999999762
6026  -18.247  -71.870  13.881 0.8999999762
6039  -17.839  -71.274  12.802 0.8999999762
6052  -9.862  -71.159  11.308 0.8000000119
6078  -7.287  -71.448  9.247 0.6000000238
6138  -10.079  -71.536  6.166 0.5000000000
6437  -8.173  -71.290  32.950 0.5000000000
6445  -6.362  -70.453  31.930 0.6999999881
6446  -8.009  -70.703  32.847 0.5000000000
6468  -3.754  -70.939  30.484 1.0000000000
6474  -12.805  -69.809  30.275 1.0000000000
6482  -3.281  -70.768  29.061 1.0000000000
6484  -10.100  -70.009  29.263 1.0000000000
6488  -13.197  -70.091  29.134 1.0000000000
6498  -3.420  -70.804  28.253 1.0000000000
6502  -10.622  -70.512  28.777 1.0000000000
6520  -4.258  -71.091  26.731 1.0000000000
6523  -12.914  -70.774  26.562 1.0000000000
6536  -5.119  -71.190  24.577 1.0000000000
6540  -7.967  -71.032  24.555 1.0000000000
6546  -5.286  -71.023  23.707 1.0000000000
6548  -6.031  -70.397  24.045 1.0000000000
6549  -6.984  -70.969  23.691 1.0000000000
6559  -4.969  -71.327  23.080 1.0000000000
6561  -5.563  -70.797  22.781 1.0000000000
6571  -5.876  -70.904  22.005 1.0000000000
6628  -14.229  -70.689  17.871 1.0000000000
6637  -5.067  -70.468  16.604 1.0000000000
6674  -16.587  -70.152  14.316 0.8999999762
6675  -17.162  -70.714  13.931 0.8999999762
6704  -4.385  -70.491  12.742 0.6999999881
6705  -4.785  -71.037  13.012 0.8000000119
6723  -4.540  -70.312  12.103 0.6999999881
6725  -5.266  -70.904  10.973 0.6999999881
6730  -15.263  -70.108  11.686 0.8999999762
6768  -7.075  -71.168  8.465 0.6000000238
6789  -6.566  -70.456  8.490 0.6000000238
7114  -4.130  -69.440  33.265 0.6999999881
7117  -7.756  -69.720  33.935 0.5000000000
7135  -3.155  -69.793  31.100 1.0000000000
7138  -11.306  -69.229  31.273 1.0000000000
7149  -3.169  -69.621  30.244 1.0000000000
7154  -11.682  -69.700  30.815 1.0000000000
7175  -3.860  -69.301  28.001 1.0000000000
7192  -4.595  -70.367  26.533 1.0000000000
7201  -5.046  -70.459  25.681 1.0000000000
7203  -6.091  -70.032  25.188 1.0000000000
7302  -3.895  -69.338  17.155 1.0000000000
7306  -14.941  -69.587  15.963 1.0000000000
7315  -3.729  -69.141  15.755 0.8000000119
7316  -4.037  -70.004  15.770 0.8000000119
7317  -13.370  -69.549  15.803 1.0000000000
7319  -15.452  -69.812  15.687 1.0000000000
7336  -15.771  -69.828  15.135 1.0000000000
7337  -16.155  -69.883  14.676 1.0000000000
7365  -12.546  -69.591  12.651 0.8999999762
7386  -12.160  -69.799  12.094 0.8999999762
7389  -14.758  -70.066  11.370 0.8999999762
7407  -13.586  -70.013  10.981 0.8999999762
7424  -5.613  -69.519  9.536 0.5000000000
7479  -8.466  -69.802  6.326 0.5000000000
7842  -3.456  -69.250  33.053 0.8999999762
7877  -7.519  -68.436  30.595 1.0000000000
7888  -3.500  -69.016  29.665 1.0000000000
7937  -4.093  -68.265  20.862 1.0000000000
7963  -4.238  -68.874  19.611 1.0000000000
7971  -4.046  -69.012  18.865 1.0000000000
8521  -7.545  -67.447  31.631 1.0000000000
8543  -14.846  -67.100  29.325 1.0000000000
8592  -4.701  -66.865  23.113 1.0000000000
8604  -4.298  -66.997  22.756 1.0000000000
8624  -7.211  -67.899  21.736 1.0000000000
8650  -3.564  -67.964  17.229 1.0000000000
8690  -3.484  -67.729  14.220 0.8000000119
8701  -3.546  -67.009  13.324 0.6000000238
9221  -9.789  -66.977  31.758 1.0000000000
9234  -14.587  -66.430  30.117 1.0000000000
9302  -4.161  -65.834  24.674 1.0000000000
9313  -4.173  -66.549  23.277 1.0000000000
9349  -3.677  -66.496  19.376 1.0000000000
9908  -4.545  -65.369  34.589 0.6999999881
9929  -5.750  -65.449  32.229 1.0000000000
9931  -8.109  -65.485  32.273 1.0000000000
9940  -4.108  -65.691  30.914 1.0000000000
9945  -12.887  -65.804  30.770 1.0000000000
9952  -12.836  -65.059  30.631 1.0000000000
9954  -14.361  -65.535  30.165 1.0000000000
9975  -15.383  -65.450  28.506 1.0000000000
9983  -4.987  -65.026  27.253 1.0000000000
9989  -13.811  -65.567  27.738 1.0000000000
9999  -3.866  -65.692  26.041 1.0000000000
10012  -4.054  -65.876  25.455 1.0000000000
10120  -3.483  -65.434  16.013 0.8000000119
10719  -4.397  -64.183  28.154 1.0000000000
10737  -13.397  -64.427  27.563 1.0000000000
10739  -15.108  -64.610  27.584 1.0000000000
10833  -3.499  -64.146  19.240 0.8000000119
10849  -3.489  -64.184  18.437 0.6999999881
11437  -7.116  -63.359  32.617 1.0000000000
11439  -9.440  -63.231  31.766 1.0000000000
11445  -3.830  -62.201  30.476 0.8000000119
11448  -11.252  -63.678  30.939 1.0000000000
11496  -15.382  -63.902  27.766 1.0000000000
11583  -3.492  -63.256  19.365 0.8000000119
11614  -3.899  -62.722  17.215 0.5000000000
12172  -2.971  -62.563  32.497 0.6999999881
12188  -4.275  -62.932  30.505 0.8000000119
12203  -3.557  -62.508  30.615 0.8000000119
12217  -4.299  -62.133  30.418 0.8000000119
12251  -3.398  -62.492  27.674 1.0000000000
12380  -3.701  -62.558  18.584 0.6000000238
12974  -3.067  -61.949  33.236 0.6000000238
13006  -8.716  -61.186  32.114 1.0000000000
13018  -3.316  -61.866  30.729 0.8000000119
13021  -10.733  -61.308  30.655 1.0000000000
13023  -12.372  -61.559  29.981 1.0000000000
13809  -7.487  -60.525  32.519 1.0000000000
13843  -3.456  -60.593  30.670 0.6999999881
13845  -5.004  -60.907  30.445 0.8999999762
13872  -15.865  -60.135  28.046 1.0000000000
13888  -15.680  -60.014  27.871 1.0000000000
14646  -4.771  -60.173  30.384 0.8000000119
14670  -15.906  -59.485  28.120 1.0000000000
14693  -15.392  -59.565  27.650 1.0000000000
15397  -3.800  -58.425  30.455 0.6999999881
15398  -4.564  -58.357  30.362 0.6999999881
15425  -15.882  -58.698  28.249 1.0000000000
16147  -7.298  -57.740  32.193 1.0000000000
16148  -7.987  -57.788  32.084 1.0000000000
16152  -5.711  -57.410  31.316 0.6999999881
16153  -6.268  -56.993  31.630 0.8999999762
16155  -8.501  -57.555  31.568 1.0000000000
16156  -9.150  -57.578  31.061 1.0000000000
16164  -5.087  -57.891  30.595 0.6999999881
16961  -6.676  -56.619  31.576 1.0000000000
16962  -7.272  -56.568  31.516 1.0000000000
16966  -3.717  -56.820  30.184 0.6999999881
16971  -9.316  -56.597  30.327 1.0000000000
16981  -15.362  -56.862  28.726 1.0000000000
18537  -4.645  -54.083  29.563 0.8000000119
19350  -7.316  -53.956  29.071 1.0000000000
19356  -9.354  -53.661  27.913 1.0000000000
20998  -9.181  -52.332  26.956 0.8999999762
21804  -9.355  -50.364  25.804 0.8000000119
22577  -5.621  -48.113  26.828 0.6999999881
22611  -3.591  -49.195  24.992 0.6999999881
24138  -7.646  -47.641  26.682 0.6000000238
24153  -9.820  -47.291  25.716 0.6000000238
24880  -14.213  -45.615  24.756 0.6000000238
29978  -8.258  -40.201  22.440 0.5000000000
31666  -9.531  -37.718  21.339 0.4000000060
32470  -10.420  -37.431  21.571 0.4000000060
135528  -5.300  -69.197  27.777 1.0000000000
135879  -7.875  -76.101  18.168 1.0000000000
135893  -4.691  -78.374  19.607 0.8999999762
136739  -4.179  -75.735  12.805 1.0000000000
138219  -3.957  -70.119  13.991 0.6999999881
138296  -3.535  -64.977  18.140 0.8999999762
138345  -12.565  -73.367  16.081 1.0000000000
138968  -24.297  -80.456  9.694 0.5000000000
138971  -15.697  -61.534  27.995 1.0000000000
139131  -4.214  -77.635  14.837 0.8999999762
139341  -19.471  -78.244  10.684 0.8999999762
139367  -5.010  -70.941  25.316 1.0000000000
139415  -5.531  -69.944  25.879 1.0000000000
139599  -14.132  -73.482  10.294 1.0000000000
139732  -15.894  -70.357  11.741 0.8999999762
139796  -12.769  -71.809  24.141 1.0000000000
140053  -10.049  -71.286  9.768 0.8000000119
140120  -8.425  -70.366  25.638 1.0000000000
140471  -4.958  -79.586  22.069 0.6000000238
140580  -9.363  -79.147  19.673 0.6000000238
141092  -8.715  -74.532  6.931 1.0000000000
141192  -17.553  -74.852  5.767 0.6999999881
141623  -6.708  -71.765  12.286 0.6999999881
141777  -8.835  -71.641  14.693 1.0000000000
142176  -16.322  -84.835  14.062 0.6999999881
142226  -4.496  -78.299  18.375 0.8999999762
142232  -14.593  -81.191  13.331 1.0000000000
142528  -14.938  -70.448  16.606 1.0000000000
142584  -11.324  -82.389  12.430 1.0000000000
143382  -7.067  -59.782  32.491 1.0000000000
143453  -3.969  -75.837  13.595 1.0000000000
144058  -19.156  -74.796  11.472 0.8999999762
144574  -16.997  -84.576  14.312 0.6999999881
144624  -7.635  -75.684  26.036 0.6000000238
144713  -9.513  -60.051  31.397 1.0000000000
145786  -4.735  -69.851  32.641 0.8000000119
145814  -9.943  -64.379  28.577 1.0000000000
145914  -13.379  -69.823  28.457 1.0000000000
145939  -17.301  -78.112  14.195 0.8999999762
146723  -3.859  -73.085  21.426 1.0000000000
147373  -8.590  -84.802  15.404 0.8000000119
147443  -8.018  -56.563  31.177 1.0000000000
147746  -4.702  -77.758  19.451 0.8999999762
148030  -11.671  -72.091  5.857 0.4000000060
148581  -6.425  -70.712  17.257 1.0000000000
148594  -3.554  -61.283  30.581 0.6999999881
149069  -12.162  -65.865  31.008 1.0000000000
149345  -9.543  -81.598  11.859 0.8999999762
149720  -8.237  -72.724  22.871 1.0000000000
149891  -10.372  -78.510  17.737 0.6000000238
150090  -11.785  -68.045  31.623 1.0000000000
150132  -10.581  -58.122  30.362 1.0000000000
150194  -9.107  -71.491  9.749 0.6000000238
150207  -13.429  -66.359  28.017 1.0000000000
150624  -3.829  -75.040  17.801 1.0000000000
150827  -3.495  -65.735  16.972 0.6999999881
151350  -5.059  -66.871  34.653 0.6000000238
151577  -15.299  -65.155  29.113 1.0000000000
151911  -9.691  -75.991  8.340 0.8999999762
152144  -8.468  -85.878  17.728 0.5000000000
152351  -6.881  -63.550  29.026 1.0000000000
152425  -12.502  -70.235  10.671 0.8999999762
152688  -13.892  -74.932  14.422 0.6999999881
153953  -23.815  -76.908  6.692 0.6000000238
153964  -7.768  -75.447  8.112 1.0000000000
153974  -14.456  -77.145  7.914 1.0000000000
154150  -18.248  -77.461  14.493 0.8999999762
154277  -3.649  -52.906  26.645 0.8999999762
154543  -19.169  -76.873  14.189 0.8999999762
154567  -3.660  -67.309  19.259 1.0000000000
154879  -7.485  -71.559  10.153 0.6000000238
155205  -3.951  -61.891  18.947 0.6000000238
156183  -7.082  -70.846  7.936 0.5000000000
156721  -4.931  -73.490  11.139 1.0000000000
156807  -7.395  -72.539  28.029 0.8000000119
157074  -9.135  -71.470  16.241 1.0000000000
157148  -8.617  -73.612  9.581 1.0000000000
157161  -6.519  -70.565  24.042 1.0000000000
157354  -14.983  -66.507  29.473 1.0000000000
157790  -14.900  -65.876  27.872 1.0000000000
158312  -3.641  -68.734  13.923 0.6999999881
158356  -10.097  -76.489  13.836 0.8999999762
158640  -13.577  -72.593  17.875 1.0000000000
158888  -15.415  -60.593  27.693 1.0000000000
158941  -10.638  -77.111  15.600 0.8999999762
158972  -15.552  -84.627  12.653 0.8000000119
159392  -6.052  -76.708  21.678 0.8999999762
159646  -19.333  -78.440  5.888 0.8000000119
159684  -5.000  -76.899  19.296 1.0000000000
159820  -13.505  -67.839  30.831 1.0000000000
160094  -12.741  -75.111  14.126 0.8000000119
160389  -14.282  -71.753  18.085 1.0000000000
160514  -8.966  -71.500  13.401 1.0000000000
160825  -7.858  -73.073  21.478 1.0000000000
161035  -4.362  -74.469  19.964 1.0000000000
161360  -8.679  -69.595  28.475 1.0000000000
161364  -7.415  -65.982  26.788 1.0000000000
161413  -9.798  -60.746  28.180 1.0000000000
161683  -7.964  -73.777  8.358 1.0000000000
161922  -3.731  -66.520  21.836 1.0000000000
162008  -11.060  -73.242  14.082 1.0000000000
162050  -13.265  -74.174  8.644 1.0000000000
162606  -6.837  -67.544  22.143 1.0000000000
162991  -2.905  -58.736  28.085 0.8999999762
163247  -4.975  -62.819  30.689 1.0000000000
163315  -4.350  -54.747  27.929 0.8999999762
163580  -23.289  -77.614  7.069 0.6999999881
163695  -2.919  -61.667  31.323 0.8000000119
