global_signal	global_signal_derivative1	global_signal_power2	global_signal_derivative1_power2	csf	csf_derivative1	csf_derivative1_power2	csf_power2	white_matter	white_matter_derivative1	white_matter_power2	white_matter_derivative1_power2	csf_wm	tcompcor	std_dvars	dvars	framewise_displacement	rmsd	t_comp_cor_00	t_comp_cor_01	t_comp_cor_02	c_comp_cor_00	c_comp_cor_01	c_comp_cor_02	c_comp_cor_03	c_comp_cor_04	w_comp_cor_00	w_comp_cor_01	w_comp_cor_02	w_comp_cor_03	w_comp_cor_04	w_comp_cor_05	w_comp_cor_06	w_comp_cor_07	w_comp_cor_08	w_comp_cor_09	w_comp_cor_10	w_comp_cor_11	w_comp_cor_12	w_comp_cor_13	w_comp_cor_14	a_comp_cor_00	a_comp_cor_01	a_comp_cor_02	a_comp_cor_03	a_comp_cor_04	a_comp_cor_05	a_comp_cor_06	a_comp_cor_07	a_comp_cor_08	a_comp_cor_09	a_comp_cor_10	a_comp_cor_11	a_comp_cor_12	edge_comp_00	edge_comp_01	edge_comp_02	edge_comp_03	edge_comp_04	edge_comp_05	edge_comp_06	edge_comp_07	edge_comp_08	edge_comp_09	edge_comp_10	edge_comp_11	edge_comp_12	edge_comp_13	edge_comp_14	edge_comp_15	edge_comp_16	edge_comp_17	edge_comp_18	edge_comp_19	edge_comp_20	edge_comp_21	edge_comp_22	edge_comp_23	cosine00	cosine01	cosine02	trans_x	trans_x_derivative1	trans_x_power2	trans_x_derivative1_power2	trans_y	trans_y_derivative1	trans_y_power2	trans_y_derivative1_power2	trans_z	trans_z_derivative1	trans_z_derivative1_power2	trans_z_power2	rot_x	rot_x_derivative1	rot_x_derivative1_power2	rot_x_power2	rot_y	rot_y_derivative1	rot_y_power2	rot_y_derivative1_power2	rot_z	rot_z_derivative1	rot_z_power2	rot_z_derivative1_power2	motion_outlier00	motion_outlier01	motion_outlier02	motion_outlier03	motion_outlier04	motion_outlier05	motion_outlier06	motion_outlier07	motion_outlier08	motion_outlier09	motion_outlier10	motion_outlier11	motion_outlier12	motion_outlier13	motion_outlier14	motion_outlier15	motion_outlier16	motion_outlier17
884.3173284160144	n/a	782017.1373368371	n/a	972.7926613221686	n/a	n/a	946325.5619222672	864.0547123724629	n/a	746590.5459730595	n/a	865.4089271741036	630.3920283741012	n/a	n/a	n/a	n/a	-0.1773662804	-0.2147149224	0.0090551952	-0.1725843974	0.1277602235	-0.0916157118	0.0752278585	-0.0732738385	0.1143815681	-0.0288257012	0.2134537389	-0.0124497772	0.0286045056	0.0956056676	-0.0388268027	0.0239371431	-0.1446423356	0.062946197	-0.086647181	0.1515724231	-0.0022070919	0.0580066972	-0.0255589422	-0.1608050815	0.0217219638	-0.1748706216	0.0241254071	-0.0290637096	0.0300728677	-0.1112633951	0.0415478322	-0.0972822586	0.0024026887	-0.076209838	0.0002937722	-0.0252725853	-0.1446422755	-0.2543536415	0.0714939051	-0.0076084755	0.0156422389	-0.047533153	0.0587839348	-0.0690944999	0.0329771039	-0.0102860812	0.0465320337	-0.0603873843	0.0074682455	-0.0638002135	0.0805400405	-0.0030692556	0.0581330387	-0.0948854205	0.033977945	-0.0546349877	0.0037967585	-0.0410998224	0.0811665243	-0.0213803524	0.1290883846	0.1290552057	0.1289999139	0.0752206708433647	n/a	0.0056581493221258	n/a	0.0806075323247199	n/a	0.0064975742674807	n/a	0.3659663945858966	n/a	n/a	0.1339314019662001	0.0057412676971754	n/a	n/a	3.2962154770629723e-05	0.003472010541988	n/a	1.2054857203675804e-05	n/a	-0.0007039738036991	n/a	4.95579116294579e-07	n/a	0.0	0.0	0.0	0.0	0.0	0.0	0.0	0.0	0.0	0.0	0.0	0.0	0.0	0.0	0.0	0.0	0.0	0.0
881.0689776489891	-3.2483507670253857	776282.5433754348	10.551782705634412	959.9649857210826	-12.827675601085955	164.54926132669598	921532.7738104784	863.472417287601	-0.582295084861812	745584.615416493	0.3390675658542249	863.5026339539096	622.7104339305038	0.973577	19.914564	0.0898126479640439	0.0398116589308557	-0.1772345795	-0.1841405225	0.0496772358	-0.128652961	0.1667063764	-0.0892734899	0.1092288375	-0.0677727153	0.1219856677	-0.0488340252	0.2445911294	-0.0095933297	0.0154420785	0.1534110279	-0.0611561258	0.0237477289	-0.1139709165	0.0673824718	-0.1397488994	0.1122574271	-0.0063910442	0.0207417449	-0.0174023182	-0.1773188035	0.0351082906	-0.1898514287	0.053101123	-0.0203035376	0.0782499283	-0.1555362627	0.0472517776	-0.0771582334	0.1008135904	-0.142751366	0.0451653634	0.0642234343	-0.1432155861	-0.2666449869	0.0665405155	0.0420572995	-0.0167025796	-0.0963854218	0.0649716846	-0.0968670093	-0.1041697429	-0.0043667913	-0.0438161211	-0.0251373242	0.0213624311	-0.0183628064	0.0085402489	-0.0269773145	-0.037729119	-0.0172060645	-0.0177906066	-0.0252721302	-0.0167734406	-0.0370963339	-0.0483191715	-0.0866310762	0.1289999139	0.1287014744	0.1282045865	0.0880895268995374	0.0128688560561727	0.0077597647493843	0.0001656074561944	0.1091240376367466	0.0285165053120266	0.011908055590146	0.0008131910752108	0.3688081633778211	0.0028417687919244	8.075649866755991e-06	0.1360194613741215	0.0059730177345853	0.0002317500374099	5.3708079839490055e-08	3.567694085767052e-05	0.0038319872409013	0.0003599766989133	1.4684126214430358e-05	1.2958322376051678e-07	-0.0010239574234543	-0.0003199836197552	1.0484888050471689e-06	1.0238951691164049e-07	0.0	0.0	0.0	0.0	0.0	0.0	0.0	0.0	0.0	0.0	0.0	0.0	0.0	0.0	0.0	0.0	0.0	0.0
882.5036625222431	1.4346848732540138	778812.7143651731	2.058320685543886	961.6575034267933	1.6925177057106566	2.8646161841440647	924785.1538970527	864.3638916864514	0.8914743988503915	747124.9372513476	0.7947266038056668	865.6131845588358	628.4922504130477	0.840245	17.187256	0.0331110476518737	0.0175795667947167	-0.2012011699	-0.1856241774	0.0445508612	-0.170604715	0.1707550173	-0.1257830186	0.1269663562	-0.0185055982	0.112862821	-0.0225489233	0.2537651796	-0.0934946848	0.0120787111	0.1225045228	-0.0772158512	0.020783058	0.0609923234	0.0092085024	-0.0037536464	-0.0336771695	0.0438235322	0.0755288869	0.1215110315	-0.1663684101	0.0218568429	-0.2259242493	0.0757592982	0.0674066859	-0.0038181011	-0.1560681027	0.021762861	0.0273550617	-0.0236539387	-0.0101776709	0.1128944154	0.050766357	-0.1540891267	-0.2886451857	0.0638323503	0.0284614228	-0.0162748401	-0.1367920502	0.0634433004	-0.0517984926	-0.0891933592	0.0243097071	-0.0766070366	0.0552158491	0.0087053231	-0.1064778539	-0.0564473831	0.0060250712	0.0171039681	-0.0089764275	-0.0128868784	-0.0046619534	-0.0351715425	-0.0060083226	0.0045368393	-0.0253223794	0.1288230331	0.1279949812	0.1266188352	0.0936120170535446	0.0055224901540072	0.0087632097368331	3.049789750110648e-05	0.0952168513288711	-0.0139071863078754	0.0090662487769843	0.0001934098310019	0.3769692541575722	0.0081610907797511	6.660340271533898e-05	0.1421058185801162	0.0060015138551755	2.849612059019953e-05	8.120288886911937e-10	3.601816855386349e-05	0.0037649309012457	-6.705633965559989e-05	1.417470469115476e-05	4.4965526880071775e-09	-0.0010388105714133	-1.4853147958999871e-05	1.0791274032800267e-06	2.2061600429194203e-10	0.0	0.0	0.0	0.0	0.0	0.0	0.0	0.0	0.0	0.0	0.0	0.0	0.0	0.0	0.0	0.0	0.0	0.0
878.4685909992484	-4.035071522994713	771707.0653722048	16.28180219568287	954.694281566574	-6.963221860219278	48.48645867463562	911441.1712559168	863.944758387368	-0.4191332990834553	746400.5455450077	0.1756727224005812	863.9666786389473	615.6437818166372	0.991205	20.275133	0.0907611045511569	0.0467873061569574	-0.1498956225	-0.2237289699	0.0300579165	-0.0914669935	0.1938782191	-0.1230893046	0.0532362372	0.0418100817	0.0978899196	-0.0420994097	0.2540325966	-0.0083908891	0.0546513061	0.1208858364	-0.116483547	-0.1710173021	-0.0541656663	-0.0920090266	0.0745912831	0.0236602377	-0.0117119006	0.1472010953	0.0369146231	-0.1449430245	0.0593161293	-0.2015425241	0.0442944861	-0.0437517794	0.0257893102	-0.2434004187	-0.1388496793	-0.0640993916	-0.0451307228	0.0115339134	-0.0030588129	0.0437393206	-0.1351974966	-0.2806059922	0.069091616	0.0706046316	-0.0131985258	-0.0812845379	-0.0218564409	0.0541540952	0.0380806037	0.0025257435	-0.0174107872	-0.0146073168	0.0563095264	-0.0657210357	0.0038369733	-0.0235632407	-0.1837430667	-0.0627286509	-0.0467445158	-0.0245804424	0.0223699978	0.0042501131	-0.1903973303	-0.1969618045	0.1285578634	0.1269376627	0.1242524367	0.0971343066606778	0.0035222896071331	0.0094350735304505	1.2406524076518474e-05	0.0804557302411552	-0.0147611210877159	0.0064731245286375	0.0002178906957662	0.389141330398985	0.0121720762414128	0.0001481594400267	0.151430975024692	0.0064337809866368	0.0004322671314613	1.8685487294178105e-07	4.13935377840092e-05	0.0044829020903622	0.0007179711891164	2.0096411151773786e-05	5.154826284013607e-07	-0.0009829365396932	5.587403172009988e-05	9.66164241064042e-07	3.121907420658728e-09	0.0	0.0	0.0	0.0	0.0	0.0	0.0	0.0	0.0	0.0	0.0	0.0	0.0	0.0	0.0	0.0	0.0	0.0
883.7641719633618	5.295580964113469	781039.1116460866	28.04317774748094	964.966713365302	10.272431798728007	105.52285505951832	931160.7579030328	866.1883954935512	2.243637106183201	750282.3364876927	5.033907464242127	866.8566005869808	627.1520047979466	1.340973	27.429651	0.1928388234739791	0.0843577840169926	-0.2386527568	-0.1794260329	-0.0059928069	-0.1736489571	0.1585227379	-0.1036658356	0.0986541369	0.0427974742	0.1159568448	0.0284034454	0.2698914095	-0.0330031745	-0.0561081055	0.1044326396	-0.0871181975	-0.0118266578	-0.0899305689	-0.1057785588	0.183854752	0.1187010602	-0.0398854012	-0.1425794076	-0.0042831583	-0.1749473383	-0.0097388569	-0.2382176897	0.0268429844	0.0358457636	0.0195364789	-0.1861029417	-0.0022021887	-0.0919236856	-0.1561775711	0.1339457722	-0.0790927201	-0.1399098405	-0.1970022593	-0.2578296401	0.0683161457	0.0869531591	0.0003724961	-0.1248486782	0.025894731	0.0145426997	0.0665591206	0.0039957825	0.0171030459	-0.0563340762	0.0368310863	-0.093139705	-0.1402630023	0.0643895654	0.1395019101	-0.1354904667	-0.0822575885	0.04062679	-0.0190194525	0.0032132375	0.0991317009	0.0823952458	0.1282045865	0.1255324169	0.1211199807	0.0563604525280112	-0.0407738541326665	0.0031765006091622	0.0016625071808319	0.1192501353874888	0.0387944051463336	0.0142205947899344	0.0015050058706578	0.3491504441744411	-0.0399908862245439	0.0015992709810244	0.1219060326672095	0.0070360067654538	0.000602225778817	3.626758886717423e-07	4.950539120351165e-05	0.0049552476540493	0.0004723455636871	2.455447931296109e-05	2.2311033153488458e-07	-0.0013739587565978	-0.0003910222169045	1.8877626648317728e-06	1.52898374112988e-07	0.0	0.0	0.0	0.0	0.0	0.0	0.0	0.0	0.0	0.0	0.0	0.0	0.0	0.0	0.0	0.0	0.0	0.0
872.5323093003454	-11.231862663016386	761312.6307729937	126.15473888086154	950.6189734217631	-14.34773994353884	205.85764148741995	903676.4326294468	861.3817026194014	-4.806692874149803	741978.4376074988	23.104296386402496	858.2087608402611	626.1655545253091	2.48535	50.837944	0.7132953472481479	0.3979082192108212	-0.1869098014	-0.0379032533	0.1885741954	-0.2079407805	-0.0350254202	0.0332782808	-0.232889355	0.3798792892	0.2051666667	0.1281391066	-0.0227463265	0.3672011024	0.1915152124	-0.1446440014	0.0237594961	-0.1893033257	-0.0700335654	-0.1658562525	0.0590694574	-0.0480572766	-0.2967054186	0.173061707	0.190829742	-0.1613005382	-0.1385747215	0.1152714209	-0.1681949907	-0.4520772558	0.1393990041	-0.016185078	-0.2995730185	-0.0688869771	0.13427585	0.0779484009	-0.1160470735	0.4054436978	-0.2050756652	0.0410682104	0.1969196755	0.1707997891	0.0748769326	0.3151569814	-0.0637760046	0.0185059493	0.1743512587	-0.0857015704	0.2023252618	0.0319186578	-0.1046381868	-0.0737439659	0.4409878321	0.1332919237	-0.168304368	0.336647739	-0.073941809	-0.0825749243	0.0061762655	0.0668191972	0.0217908719	0.2190592722	0.1277634447	0.1237830955	0.1172407796	-0.0792374979872789	-0.1355979505152901	0.006278581087284	0.018386804183947	0.0653340321048148	-0.053916103282674	0.0042685357510729	0.0029069461931879	0.0265714635440872	-0.3225789806303539	0.1040571987445182	0.0007060426748747	0.0086731525869899	0.001637145821536	2.680246440973109e-06	7.522357579720959e-05	0.0029190846839992	-0.0020361629700501	8.52105539235871e-06	4.145959640603246e-06	-0.0017246962214082	-0.0003507374648104	2.9745770561397232e-06	1.2301676922162665e-07	1.0	0.0	0.0	0.0	0.0	0.0	0.0	0.0	0.0	0.0	0.0	0.0	0.0	0.0	0.0	0.0	0.0	0.0
868.3777785868998	-4.154530713445638	754079.9663435188	17.260125448963123	939.8070613447442	-10.811912077018974	116.89744276118874	883237.3125534437	854.8461279093142	-6.5355747100871895	730761.9024015475	42.71373679113125	854.4444745707716	653.76272210007	2.869303	58.691727	1.6476113638763987	0.8669870310675512	-0.2454476895	0.1551432809	-0.2021569185	0.0185259515	0.3057598188	0.5126936056	-0.1208253311	0.1909088114	0.483300361	-0.2803597128	-0.4064040885	-0.0651481322	0.1836396555	-0.3123204992	0.1636164379	-0.0484870313	-0.1941417068	-0.0374974151	-0.0949183167	-0.1466832624	0.1447621891	-0.0408595876	-0.1309753588	-0.4266773808	0.1500858299	0.4640308017	0.1571110354	-0.0784125158	-0.1515593513	0.3711446154	-0.167403085	-0.0937629099	0.1776539726	0.1199587588	0.1256927519	-0.1895737408	-0.2818403685	0.1752088911	-0.3655425768	-0.1142154566	0.0510457666	0.2574647218	0.1647821839	-0.0407841504	-0.0070643682	-0.0499087035	0.1653781875	-0.0418692769	-0.2375133591	-0.0824862772	-0.2018185963	-0.2507378383	-0.164244146	-0.0634328104	-0.0488699887	0.0083439405	0.0915055584	-0.3167410119	-0.1910476014	0.1838688526	0.1272347401	0.1216944932	0.1126387502	-0.1441269885889937	-0.0648894906017148	0.0207725888397319	0.00421064599055	0.8414076470898664	0.7760736149850516	0.7079668285813051	0.6022902558759661	0.4002479931633047	0.3736765296192175	0.1396341487882619	0.1601984560312528	0.0162528455542616	0.0075796929672717	5.745174547810808e-05	0.0002641549886106	0.0027848569022494	-0.0001342277817498	7.755427966006124e-06	1.801709739347197e-08	-0.0007791823970214	0.0009455138243868	6.071252078280147e-07	8.939963921065526e-07	0.0	1.0	0.0	0.0	0.0	0.0	0.0	0.0	0.0	0.0	0.0	0.0	0.0	0.0	0.0	0.0	0.0	0.0
881.6105892167704	13.232810629870642	777237.2310191412	175.10727716601744	961.4198088128884	21.61274746814422	467.1108531217744	924328.0487778108	863.357088982976	8.51096107366186	745385.4630971585	72.43645839738745	865.0939042311448	656.4413413117751	2.188768	44.771339	0.4397571059360466	0.2864236215419874	-0.3067380028	0.1539922779	-0.2230845832	-0.0726294898	0.3595667973	0.1872334751	0.1029106417	-0.3080645321	0.2518022205	-0.1945540317	0.0422344135	-0.0844668691	-0.2789959969	-0.0025339229	0.1288454973	0.1569408765	0.1736079539	-0.0855251791	-0.0317827041	-0.1294133726	-0.1204558374	-0.0900221742	0.0074297354	-0.290972895	0.144167587	0.0038991618	-0.0204058078	0.2600877157	0.0743070529	0.1433186316	0.2291460556	0.1404785944	-0.0592077091	0.1313113112	-0.2573818826	-0.0451611618	-0.3155312577	0.1062326597	-0.2931331492	-0.017684288	-0.0038689092	0.0300042759	-0.1143110858	0.1542450559	0.0082283624	0.1142255446	-0.0479648654	0.3887172078	0.078873503	-0.029573012	0.1128975688	0.1030059487	0.3457979261	-0.0449483829	0.2124229585	0.0072064049	0.0360399417	0.1407704837	0.1734376438	-0.0327894448	0.1266188352	0.1192723348	0.1073422654	-0.1194450331570067	0.0246819554319869	0.0142671159458784	0.0006091989239465	0.5683117720656696	-0.2730958750241967	0.3229782702684216	0.0745813569552316	0.42619532459004	0.0259473314267352	0.0006732640081688	0.1816424547024095	0.0160586435560319	-0.0001942019982297	3.771441611640909e-08	0.0002578800328596	0.0015288340531676	-0.0012560228490817	2.337333562124872e-06	1.5775933974155616e-06	9.123163672965227e-05	0.000870414033751	8.323211540371239e-09	7.57620590150778e-07	0.0	0.0	1.0	0.0	0.0	0.0	0.0	0.0	0.0	0.0	0.0	0.0	0.0	0.0	0.0	0.0	0.0	0.0
878.713320286135	-2.897268930635505	772137.0992482835	8.394167256425803	958.5826360863376	-2.8371727265507616	8.049549080283482	918880.670206232	863.2945584229534	-0.0625305600226511	745277.4946026821	0.0039100709367463	863.7486378726796	650.6431746722188	2.163848	44.261604	0.5966906514518298	0.3097254913104313	-0.2644945915	0.1098300452	-0.0500895759	-0.331090008	-0.0433667825	0.1439415555	-0.078218215	0.041617422	0.2247907725	0.0534860106	-0.0166026627	0.0750482645	-0.2268604527	0.0206878202	-0.0733510561	0.0466773262	0.0431412877	0.0304301113	0.0623659386	-0.0067820138	0.1986397408	-0.271506727	0.1563143237	-0.2235408092	-0.1270624816	0.0634959898	-0.1780635849	0.081476929	0.0455763299	-0.0228912246	0.1710100562	0.0909610779	0.0026771121	-0.1036583532	0.1569420975	-0.2740793192	-0.2691990756	0.1125562262	-0.022408289	0.0242976435	0.039433643	0.173492161	-0.1431913387	0.0389241129	-0.0638606229	0.1931047427	-0.140406576	-0.2519642351	0.0115741623	0.490027831	-0.2983450871	-0.0824669366	-0.0525540425	0.1519364172	0.0400566889	0.1342058974	-0.021866492	0.2355372416	-0.0204455817	-0.1101501638	0.1259161521	0.1165232592	0.1013839798	-0.1358705478577349	-0.0164255147007281	0.018460805775161	0.0002697975331838	0.3487888049824477	-0.2195229670832219	0.1216536304810839	0.0481903330770213	0.2052065930103879	-0.2209887315796521	0.0488360194851835	0.0421097458149309	0.0146774763577489	-0.0013811671982829	1.907622829612908e-06	0.0002154283122322	0.0017903064747946	0.000261472421627	3.205197273691468e-06	6.836782727148768e-08	-0.0010611975051249	-0.0011524291418545	1.1261401448833125e-06	1.32809292699562e-06	0.0	0.0	0.0	1.0	0.0	0.0	0.0	0.0	0.0	0.0	0.0	0.0	0.0	0.0	0.0	0.0	0.0	0.0
856.6848771485285	-22.028443137606477	733908.9787349893	485.2523070667617	952.6027394260268	-5.979896660310828	35.7591640679966	907451.9791619708	862.1439654651372	-1.1505929578162295	743292.2171879517	1.3238641545762997	860.9268161088993	602.2727199650179	4.374112	89.472649	3.12921887464014	1.6658447409524844	0.1197597883	0.3222365569	-0.444483183	0.5289601347	0.019372837	0.2835318669	-0.041618659	0.0040242251	-0.1940978425	-0.3398590173	-0.5111462125	0.0707544919	-0.0024109736	0.3922259114	-0.4079829303	0.0813016508	-0.0100554573	0.0016373789	0.1133427883	0.072128977	-0.0735808407	-0.1898098083	0.0892249695	0.2343979451	0.3192990575	0.5554034645	0.1213167005	0.0364746954	0.0149338974	-0.5134419508	0.2045787795	0.0878941134	-0.0888872542	-0.0005364164	0.0010782072	-0.0388140788	0.2107919966	0.1555827899	-0.3267460508	0.6754875252	-0.207353839	-0.178696646	-0.0180311702	-0.083036884	0.0445789596	-0.2799186696	-0.2532190663	-0.1125823636	-0.1131424827	0.0691935895	-0.0454986307	0.0666245252	0.0731206367	0.0839299423	-0.0222031207	-0.138296439	0.0625209462	-0.0955679416	0.037099857	-0.0047895208	0.1251271724	0.1134548014	0.0948006283	0.1063894523164634	0.2422600001741983	0.011318715564197	0.0586899076844025	-0.1761417437642762	-0.5249305487467238	0.0310259138963199	0.2755520810075366	-0.118047683513609	-0.3232542765239969	0.1044933272910526	0.0139352555829291	-0.0163058443209953	-0.0309833206787442	0.0009599661602818	0.0002658805590205	-0.0037978905836173	-0.0055881970584119	1.4423972885128957e-05	3.122794636364341e-05	0.0031427657416234	0.0042039632467483	9.87697650672168e-06	1.7673306980010512e-05	0.0	0.0	0.0	0.0	1.0	0.0	0.0	0.0	0.0	0.0	0.0	0.0	0.0	0.0	0.0	0.0	0.0	0.0
873.701818693411	17.01694154488257	763354.8679881741	289.5762995419504	952.4163855816944	-0.1863538443324159	0.0347277552974703	907096.9715244988	868.7553554741829	6.611390009045749	754735.867665074	43.71047785170995	867.4791077181824	585.2434837900994	2.908619	59.495937	1.0135304736355255	0.4932290925037422	0.2553401853	0.1791235089	-0.1729508135	0.4047330599	-0.0444244651	0.1787860761	0.0820660061	0.0852244641	-0.2595551811	-0.1035277801	-0.1745256156	-0.0155314574	-0.0797789851	0.1038385578	0.1098233136	0.036674117	-0.2486128686	-0.0115969356	0.0494148603	0.0732037492	-0.2087805737	0.2176708052	-0.0434868786	0.2673622583	0.1428808106	0.1657211524	0.0956786442	0.0189701404	0.124096397	0.0088774529	0.0274641914	-0.379231517	0.0519118898	-0.0782800292	-0.2264023238	0.1735115923	0.229657073	0.0958790327	-0.1190212963	0.1877591454	-0.0476003418	-0.0792483997	-0.016926388	-0.0324643773	-0.0594889123	0.116199397	0.3134512856	0.0726993042	0.1276010782	0.033808716	0.3382710205	-0.2677887445	-0.2009070235	-0.242725381	0.1916851701	0.2451521848	-0.1713939253	0.1509347248	-0.1177873654	-0.0924991374	0.1242524367	0.1100753719	0.0876327994	0.0593791681911	-0.0470102841253634	0.0035258856150669	0.0022099668135473	0.0489121305471655	0.2250538743114417	0.0023923965146629	0.0506492463425901	0.0422233858348164	0.1602710693484254	0.0256868156700877	0.0017828143113557	-0.0079554698064084	0.0083503745145869	6.97287545338624e-05	6.328949984067571e-05	-0.0021401115716861	0.0016577790119311	4.580077539264749e-06	2.748231252399585e-06	0.0015270143511356	-0.0016157513904878	2.3317728285740774e-06	2.610652555863259e-06	0.0	0.0	0.0	0.0	0.0	1.0	0.0	0.0	0.0	0.0	0.0	0.0	0.0	0.0	0.0	0.0	0.0	0.0
885.0929345141096	11.391115820698587	783389.502726798	129.75751964056963	965.0511362696268	12.63475068793241	159.63692494620852	931323.6956152978	869.3164889318389	0.5611334576559557	755711.15792878	0.3148707573009282	870.0877697284405	602.9970710415638	2.416327	49.426083	0.3393734081688621	0.2066092566220633	0.1731592808	0.0980822656	0.0584572601	0.0548211374	-0.1601279255	-0.0051797261	0.0839095416	-0.0242467521	-0.1773405531	0.0807501919	0.0264988341	-0.1215840336	-0.1083784449	-0.0452569638	0.0429844727	-0.0401179387	0.0139438393	0.0465819269	-0.1417115527	-0.1442990359	-0.0211953419	-0.0446303502	-0.0672860113	0.172030705	-0.0601408571	-0.095088714	0.0120483064	0.1833640314	0.0196597031	0.1210282598	0.0394943004	0.0040108272	0.2134189197	-0.0454136146	0.0417315666	-0.0374550727	0.1812825245	0.0308240318	0.0026312906	-0.0717247277	-0.0285717826	-0.1107179787	0.0347948844	-0.0447718099	-0.1492912944	0.1729916778	0.0667915504	0.001018111	0.0486883824	0.0108993646	-0.1467733479	-0.0710189125	0.1748851355	-0.1062014845	0.0011640916	0.1652821048	-0.1847466521	0.0004179086	-0.0010306985	0.2029693778	0.1232925447	0.1063942335	0.0799246852	0.0387483560083268	-0.0206308121827731	0.001501435093348	0.0004256304113208	-0.015848536391303	-0.0647606669384684	0.0002511761057464	0.0041939439823152	0.0272098822088509	-0.0150135036259655	0.0002254052911268	0.0007403776898195	-0.0044548161544477	0.0035006536519607	1.2254575990985786e-05	1.984538696992819e-05	-0.0013293667962099	0.0008107447754761	1.767216078865374e-06	6.573070909619539e-07	0.0010590442701394	-0.0004679700809961	1.1215747661150946e-06	2.1899599670758985e-07	0.0	0.0	0.0	0.0	0.0	0.0	1.0	0.0	0.0	0.0	0.0	0.0	0.0	0.0	0.0	0.0	0.0	0.0
879.2609967909731	-5.831937723136548	773099.9004778556	34.0114976065431	968.2675933378288	3.216457068201976	10.34559607158645	937542.132308231	867.633796914728	-1.6826920171108668	752788.4055486675	2.8314524244486377	868.2319012503339	598.4144306330147	1.383027	28.289875	0.2474103010674853	0.1180648718222172	0.2021186022	0.110363718	0.0537745651	0.1171863783	-0.1762399228	-0.0605446655	0.0814697343	-0.0414013603	-0.1663882081	0.0770818298	-0.0481331366	-0.0558489827	0.0348013943	0.0447845779	0.0591295203	-0.1236265455	0.0400280826	-0.0738895607	-0.0563005527	0.0390711699	-0.1253912311	0.0321315907	-0.0807507425	0.1969011849	-0.0570812958	-0.0096678395	0.0459642813	0.048009478	0.0570151026	0.0320950772	-0.1420730876	0.0274940649	0.0541382813	0.0502625136	-0.1214639717	0.0885632077	0.1826811863	0.0862293751	0.0299923742	-0.0030518156	-0.0063142381	-0.0556089701	-0.0123035591	0.059020219	-0.0392301213	0.0950145266	0.1394649348	0.0229619134	-0.0104005656	-0.0214083489	0.0479497174	-0.0357398701	-0.0630373359	-0.0094025215	0.0557778724	-0.0135900027	-0.0802641401	0.0887956288	0.0069458754	0.0568187431	0.1222481541	0.1024214758	0.0717238087	-0.0020128966222898	-0.0407612526306166	4.051752812025687e-06	0.0016614797160169	-0.0465394674519501	-0.0306909310606471	0.0021659220307111	0.0009419332493693	-0.0363909074740007	-0.0636007896828516	0.0040450604482823	0.0013242981467812	-0.0032692927150081	0.0011855234394395	1.4054658254606982e-06	1.0688274856405034e-05	-0.0005767281726625	0.0007526386235474	3.326153851426264e-07	5.664648976553252e-07	0.000750059779259	-0.0003089844908804	5.625896724620598e-07	9.547141560462006e-08	0.0	0.0	0.0	0.0	0.0	0.0	0.0	0.0	0.0	0.0	0.0	0.0	0.0	0.0	0.0	0.0	0.0	0.0
880.07145267479	0.8104558838168714	774525.7618131151	0.6568387396133861	969.5088784091444	1.2412850713155876	1.5407886282709435	939947.4653141572	867.397682327886	-0.2361145868420635	752378.7393077881	0.0557500981195983	869.1535521417602	593.9051506307594	1.113064	22.767765	0.0927783198428717	0.0497953623415962	0.1708859209	0.0682568673	0.0953529687	0.0365765123	-0.1983382194	-0.0978292875	0.0699793278	0.0205936297	-0.1380520876	0.1076845225	-0.042968709	-0.0509506311	0.1085691903	-0.0496345729	-0.0235996068	-0.0090888031	0.1194815919	-0.0871475941	0.0029913044	-0.0329984664	-0.0016045053	-0.0533537079	-0.001805707	0.1744660768	-0.098433465	-0.031394073	0.0766110383	0.024362724	-0.0395122788	0.067261399	0.0121693142	0.1676713443	0.029449095	0.1068979779	-0.0122214442	-0.1043526873	0.1644661706	0.0766430786	0.0495442244	-0.0751855947	-0.0133413209	-0.0567444164	0.0270236421	0.0531689431	-0.0347593008	0.0610276275	0.0674074584	0.0641583282	0.0460782436	-0.0213170693	-0.2158648815	0.0348705907	0.0874361993	0.06437869	-0.042667611	-0.0718448832	-0.0840214244	0.0407725896	-0.0659647333	0.1719497243	0.1211199807	0.098167988	0.063080731	-0.0020611196679425	-4.822304565269995e-05	4.248214285579401e-06	2.325462132022384e-09	-0.0322705629767625	0.0142689044751876	0.0010413892348371	0.000203601634922	-0.0095654547390893	0.0268254527349114	0.0007196049144329	9.149792436556594e-05	-0.0029890123225525	0.0002802803924556	7.85570983950652e-08	8.93419466437069e-06	-0.0013271219589221	-0.0007503937862596	1.7612526938532322e-06	5.630908344570184e-07	0.0007480191662318	-2.040613027199994e-06	5.595326730501172e-07	4.164101526778324e-12	0.0	0.0	0.0	0.0	0.0	0.0	0.0	0.0	0.0	0.0	0.0	0.0	0.0	0.0	0.0	0.0	0.0	0.0
877.5195659368154	-2.5518867379745416	770040.5886019369	6.512125923450347	967.5873004040086	-1.921578005135757	3.692462029821515	936225.1839031172	866.6270797368715	-0.7706025910144945	751042.4953332577	0.5938283532782522	867.1518246120877	577.5047678413539	1.067886	21.843657	0.0906128765121215	0.0444162300500303	0.1854365704	-0.0151384759	0.0008240007	0.0724969357	-0.1416760601	-0.1318561868	-0.0801989108	0.0218342417	-0.1311816222	0.048459169	-0.0447484799	0.0355370673	0.1259272913	-0.0557895351	-0.0266063653	-0.0004303787	0.0287028775	0.0652158936	0.1155755066	0.0020091422	0.0556830874	0.1040215453	-0.0213332279	0.1604886918	-0.0296340442	0.0099072853	-0.0064033229	-0.1118911751	-0.0694402098	0.011509732	-0.0395653458	0.0272445854	-0.0768051486	-0.0069938285	0.0385106116	0.0115894189	0.1641434259	0.0648619771	0.0336315182	-0.0378964812	0.0212268744	-0.0059752135	0.0064900773	0.0422073042	0.1219051605	-0.0011485934	0.0673502523	0.0736887093	0.0665568651	0.0135743584	-0.0089831783	0.0537932046	-0.0585947955	0.1220046331	-0.0708630597	0.003335254	-0.0703590421	0.0333397301	-0.1230900036	0.0662300756	0.1199087977	0.0936454286	0.0540487397	-0.0129392509386434	-0.0108781312707009	0.0001674242148531	0.0001183337399426	-0.0180234927126576	0.0142470702641048	0.0003248462895632	0.0002029790111103	-0.0220522883403901	-0.0124868336013008	0.0001559210133865	0.0004863034210477	-0.0025392333129309	0.0004497790096215	2.023011574961873e-07	6.4477058174980346e-06	-0.0007189539384899	0.0006081680204322	5.168947656701388e-07	3.6986834107642093e-07	0.0007500889636983	2.0697974665000044e-06	5.626334534619896e-07	4.284061552329837e-12	0.0	0.0	0.0	0.0	0.0	0.0	0.0	0.0	0.0	0.0	0.0	0.0	0.0	0.0	0.0	0.0	0.0	0.0
880.111984268839	2.5924183320236125	774597.1048536331	6.720632808212089	964.0952618610428	-3.4920385429658154	12.194333185558817	929479.6739429128	866.9224591633209	0.2953794264494718	751554.5502017798	0.0872490055696189	867.005537923177	590.8374304412415	0.989353	20.237253	0.0570215469688462	0.0271949760267653	0.160146903	-0.0025906253	0.0118076595	0.0585843126	-0.1322859288	-0.0519977832	-0.1603377001	0.0169549144	-0.1055115254	0.0629363164	-0.0441195755	0.0819395615	0.0332486287	-0.1117537429	0.025425691	0.027609282	-0.007838679	0.1083122713	0.0514335539	0.0129179761	0.1538953574	0.0940051314	-0.0771981396	0.1214350459	-0.0383502646	0.0095840658	-0.0886748133	-0.1047994605	-0.0743835915	0.0860286554	0.0211563416	-0.0168701024	-0.0610008849	-0.0247690854	0.0957992658	-0.0675476013	0.1469961051	0.0851952509	0.0481841997	-0.0947047154	0.0325950639	0.0026609226	0.0591227686	-0.0265948514	0.1227790857	0.0442103007	0.0602218245	0.0106273646	0.0207148272	0.0486391849	-0.0758222747	0.0723820399	0.0981268981	0.0549944169	-0.083618125	0.0372525867	0.0356166195	-0.0277983224	0.091324006	0.1355408127	0.1186154352	0.0888661936	0.0446835199	-0.0174194947517349	-0.0044802438130915	0.0003034387974057	2.007258462474467e-05	-0.0061496426957745	0.0118738500168831	3.7818105285692656e-05	0.0001409883142234	-0.0396317831701367	-0.0175794948297466	0.000309038638469	0.0015706782372447	-0.0023282571269051	0.0002109761860258	4.451095106999301e-08	5.420781248984391e-06	-0.0008176976321903	-9.874369370040006e-05	6.686294176896232e-07	9.750317045598429e-09	0.000598049677242	-0.0001520392864562	3.576634164492604e-07	2.3115944626140832e-08	0.0	0.0	0.0	0.0	0.0	0.0	0.0	0.0	0.0	0.0	0.0	0.0	0.0	0.0	0.0	0.0	0.0	0.0
880.5791443672256	0.4671600983865573	775419.6294945151	0.2182385575245379	966.7711357668222	2.67587390577944	7.160301159631316	934646.4289518716	868.8449700664579	1.9225109031369807	754891.5820097842	3.696048172680571	868.7401951194828	589.2940914488207	0.8484819999999998	17.355732	0.0992981046695644	0.0457121077403173	0.1660807564	-0.0241418061	0.0004797018	0.0777647291	-0.0764268802	-0.0563418444	-0.1362874458	-0.0676866089	-0.1512536862	0.0801446931	-0.0040381006	0.0047200847	0.0093565946	-0.1578083013	0.0054455048	0.0525208061	-0.0459708905	0.0400953048	-0.0079963126	0.0818526214	-0.0433938683	0.0182385794	-0.1196289051	0.1480817741	-0.028761615	-0.0366744013	-0.0674242405	-0.0628578238	-0.1235458601	0.0754022146	0.0471285058	-0.0292144178	0.0118826338	0.0053951101	-0.1307293426	0.0379807279	0.1455658623	0.0620251307	0.0400281052	-0.0821291487	0.0409175337	-0.0064143579	0.0668948858	-0.0676827722	0.0808889159	0.0216835533	0.0407846265	0.0414138615	0.0316267117	0.0608091141	0.0653940591	0.0594634704	-0.0163436744	0.0395406261	-0.0415317597	0.0324878593	0.0057680407	-0.0889519867	0.052548662	0.0568401026	0.1172407796	0.0838433825	0.0350428114	0.0157859570442582	0.0332054517959931	0.0002491964398031	0.001102602028976	-0.0039880953661679	0.0021615473296065	1.5904904649649878e-05	4.672286858129422e-06	-0.014897578258882	0.0247342049112547	0.0006117808925919	0.0002219378379795	-0.0019048777521714	0.0004233793747337	1.7925009494989876e-07	3.628559250717565e-06	-0.0006918472384545	0.0001258503937358	4.786526013571177e-07	1.583832160345591e-08	0.0003633414330573	-0.0002347082441847	1.3201699697613246e-07	5.5087959888264764e-08	0.0	0.0	0.0	0.0	0.0	0.0	0.0	0.0	0.0	0.0	0.0	0.0	0.0	0.0	0.0	0.0	0.0	0.0
881.239961143437	0.6608167762113908	776583.8691160863	0.4366788117224153	973.4346489963762	6.663513229553928	44.402408560440215	947575.015866698	868.2593592191439	-0.5856108473140011	753874.3148716383	0.3429400644918223	869.1214800451556	605.7103736451234	0.952949	19.492622	0.065846225908062	0.0385406049267432	0.1470815401	0.0263999769	0.0165729751	0.0339887717	-0.1269498684	-0.0664594562	-0.1299494133	-0.1665699514	-0.1201350095	0.0784560331	-0.0193593441	-0.075041166	-0.0479027103	-0.1411950335	-0.1013746433	-0.0167172234	0.063957711	-0.0021354927	-0.07459575	0.0068570313	-0.0163865737	-0.0043509467	-0.0538366949	0.1237630931	-0.036929814	-0.0301426405	-0.1047928495	0.0637849809	-0.1746660886	0.0484517947	0.0115854423	0.0909084347	0.1135588482	0.0459561591	-0.0511715958	-0.0211543014	0.1377505014	0.0714422031	0.0379114633	-0.1084416604	0.0373122094	-0.0236228492	0.0570373503	-0.0692567404	0.048604515	0.1023112482	-0.0665047227	0.0548490446	-0.0417320406	0.0390505066	-0.0696038938	0.0827996504	0.0157138648	0.0356034469	0.0144180297	0.0046255879	0.0788344182	-0.0778528122	0.0878596849	0.0433709427	0.1157857731	0.0785907625	0.0251860523	-0.0003819838533587	-0.0161679408976169	1.4591166422676085e-07	0.0002614023128688	-0.0115389784667598	-0.0075508831005918	0.0001331480240563	5.701583559880433e-05	-0.0185343758652152	-0.0036367976063331	1.322629682943089e-05	0.000343523088713	-0.0012869055469847	0.0006179722051866	3.818896463833128e-07	1.65612588685999e-06	-0.0005692150788125	0.0001226321596419	3.240058059475206e-07	1.5038646578460958e-08	0.0003341337118156	-2.920772124170005e-05	1.1164533737167043e-07	8.530909801328563e-10	0.0	0.0	0.0	0.0	0.0	0.0	0.0	0.0	0.0	0.0	0.0	0.0	0.0	0.0	0.0	0.0	0.0	0.0
878.2084327758921	-3.031528367544865	771250.0513986886	9.190164243229235	963.2814829722944	-10.15316602408177	103.08678031256842	927911.2154373028	867.0855205679139	-1.1738386512299712	751837.2999785303	1.377897179121398	867.3220119378506	594.1296971470233	0.964087	19.720438	0.0572732465407001	0.0333833927444361	0.1593531687	0.0490915935	0.0368869497	0.0795008356	-0.1106090034	-0.0836159642	-0.0624810999	-0.1033088998	-0.1095390935	0.0389035522	-0.0242867348	0.0100341151	-0.0862184524	-0.0586583188	-0.005564394	-0.1364202939	0.1417733767	0.0185421663	-0.0408425814	-0.0551830603	0.0388201988	0.1129124854	-0.0041679258	0.1172255516	-0.007219091	-0.0050478006	-0.1595470589	0.0700199303	-0.0208938824	0.0144756409	-0.132280826	0.108920366	-0.0018764445	-0.0260596213	0.0858005803	0.1106611591	0.136567231	0.0776344343	0.0367708442	-0.0665809016	0.0404335167	-0.0260179143	-0.0356880587	0.0158608351	0.0457318467	0.1084334911	-0.0477285714	-0.010372102	-0.0737952607	-0.047341837	-0.0069492419	0.0948392055	-0.0384905828	-0.0011174897	0.015426307	0.0344744319	0.0593113915	0.030789996	0.0141218726	-0.0805710118	0.1142514127	0.0731227308	0.0151740128	0.0031238540925926	0.0035058379459513	9.758464391807536e-06	1.2290899703272029e-05	-0.0116182623025764	-7.928383581660113e-05	0.0001349840189314	6.2859266217937654e-09	-0.0216933008472324	-0.0031589249820172	9.978807042012373e-06	0.0004705993016485	-0.0007967769975729	0.0004901285494118	2.4022599494851533e-07	6.34853583861285e-07	-0.0009591860245166	-0.0003899709457041	9.200378296279596e-07	1.520773384933501e-07	0.000464618212238	0.0001304845004224	2.158700831432352e-07	1.702620485048331e-08	0.0	0.0	0.0	0.0	0.0	0.0	0.0	0.0	0.0	0.0	0.0	0.0	0.0	0.0	0.0	0.0	0.0	0.0
881.0488592379563	2.8404264620642152	776247.0923645041	8.068022486394634	967.6475977150792	4.366114742784816	19.062957947162925	936341.8733637638	868.0409313727155	0.955410804801545	753495.0585384114	0.912809805931536	868.3603028908753	600.5092841538683	0.893641	18.279459	0.0615929031104499	0.0289083255115541	0.1472911418	0.0655013756	0.1049678583	0.0490303948	-0.1558125634	0.0024826792	0.0540567539	-0.0418127773	-0.120480366	0.0377303504	-0.0536427311	0.0332117551	-0.099363584	0.0126565411	0.0758760036	0.0150089333	0.0609904944	0.0504842381	0.0193216698	-0.0897008814	0.1403176187	0.1099337229	-0.0855311335	0.1250586165	-0.0363737851	0.019507035	-0.0809742767	0.0721299636	0.0594103592	0.0729135191	0.0098723239	0.0115523498	-0.0486870235	-0.00560209	0.1338882703	-0.0147627956	0.1266547981	0.0787642034	0.0415361576	-0.0806154386	0.0222822812	-0.0367674506	-0.0760850671	0.081632284	0.0060922318	0.0552156486	0.0298004287	-0.0602383333	-0.0635405777	-0.0707034205	-0.0992616087	0.0574462015	-0.0350479098	0.0065289167	-0.0378529727	-0.017850016	0.0840150657	0.0959681501	0.0901578821	-0.1411844105	0.1126387502	0.0674542747	0.0050684204	0.0021721743129035	-0.0009516797796891	4.718341245637791e-06	9.056944030690942e-07	0.0069960978121628	0.0186143601147392	4.894538459734912e-05	0.0003464944024811	-0.033188093486359	-0.0114947926391265	0.0001321302578165	0.0011014495492593	-0.0009079200486671	-0.0001111430510942	1.2352777806527956e-08	8.243188147716692e-07	-0.0006766129864881	0.0002825730380285	4.578051334843459e-07	7.98475218206561e-08	0.0002476928898228	-0.0002169253224151	6.135176766876975e-08	4.7056595504938464e-08	0.0	0.0	0.0	0.0	0.0	0.0	0.0	0.0	0.0	0.0	0.0	0.0	0.0	0.0	0.0	0.0	0.0	0.0
879.4345480063247	-1.614311231631632	773405.1242270886	2.606000752572037	965.5997327321984	-2.04786498288081	4.1937509881094215	932382.843852493	866.5476084829869	-1.4933228897285744	750904.757767584	2.2300132529873	867.3793478158805	599.1125082868407	0.8751839999999999	17.901918	0.0580997290226072	0.0279297425031652	0.136803332	0.0278647791	0.0938027222	0.0591433353	-0.1357837627	-0.060064958	0.078530492	0.0456740546	-0.1043391336	0.0382802023	-0.0547158235	0.0364271881	0.0418959888	0.0724207586	0.1208818562	0.0325469506	0.117912656	-0.0567994434	0.0037612832	-0.0236541846	0.1490228987	0.0394097815	0.0238716437	0.1212559411	-0.0398976057	0.020017428	0.0320388231	-0.0077631727	0.1153086677	0.0903077345	-0.0209196732	0.038542199	-0.0893454625	-0.007959686	0.1779943927	-0.0042360944	0.1141809413	0.0598327956	0.0479024056	-0.0671145406	0.0325423866	-0.0028291745	-0.0449184727	0.0826242417	-0.0331081553	-0.0705014522	0.127456104	-0.0386801768	-0.0215801808	-0.018853381	-0.0695698033	0.0577410263	-0.0013148565	0.0536752421	0.0228731068	-0.0916521366	0.0738344665	0.0902662798	-0.0120602492	-0.1511945404	0.1109488906	0.0616009311	-0.0050684204	-0.0003278106371737	-0.0024999849500772	1.074598138442272e-07	6.249924750612499e-06	0.00706732769072	7.122987855719999e-05	4.994712068801769e-05	5.073695599273459e-09	-0.0164263390585261	0.0167617544278328	0.0002809564114989	0.0002698246148656	-0.0005019752452836	0.0004059448033835	1.6479118339406848e-07	2.519791468775304e-07	-0.0004450272861944	0.0002315857002937	1.980492854575524e-07	5.3631936580523447e-08	0.0001098881981772	-0.0001378046916456	1.2075416098631581e-08	1.89901330395389e-08	0.0	0.0	0.0	0.0	0.0	0.0	0.0	0.0	0.0	0.0	0.0	0.0	0.0	0.0	0.0	0.0	0.0	0.0
880.5708848891417	1.1363368828169769	775405.083314446	1.2912615112502035	961.5018385462014	-4.097894185997006	16.792736759628067	924485.7855277256	867.456219711622	0.9086112286350954	752480.2931163778	0.8255743648017775	867.9626111935346	591.9602328552703	0.963251	19.703331	0.1009243042048477	0.0513855202170377	0.0913035446	-0.0580859078	0.0751624988	0.0224077485	-0.0542049415	-0.0762933646	0.0152014797	0.1068732966	-0.07883447	0.0484576349	0.0229342553	0.0104317971	0.0661560724	-0.0419597561	0.1170540047	0.1710515259	0.0687419073	0.0921108022	-0.0442667678	0.1150275439	0.0635331128	-0.0213890341	-0.0460548494	0.0916583646	-0.0409213504	-0.0436303476	0.0635921499	-0.062007785	-0.0124210125	0.1386923914	0.1224131593	0.0187646869	-0.0847292691	-0.083518644	0.0233355535	0.0001819928	0.0835287645	0.0354460914	0.0666777665	-0.095670874	0.0537198885	0.0128819371	0.0389078602	-0.014112207	0.0142945216	-0.0860646378	0.0307873995	0.0261229491	0.0065876202	0.0268181165	-0.0769783427	0.1399817255	0.0641652028	0.038227711	-0.0643367535	-0.0273427276	0.0649285056	-0.0799086011	-0.0638819978	-0.0346330163	0.1091829923	0.0555787436	-0.0151740128	-0.0012700089557142	-0.0009421983185405	1.612922747594273e-06	8.877376714605454e-07	0.0096163513604068	0.0025490236696868	9.247421348679772e-05	6.4975216686235605e-06	0.0089613447377843	0.0253876837963104	0.0006445344885414	8.030569950941437e-05	-0.0001629670415136	0.0003390082037699	1.1492656222336181e-07	2.6558256619695433e-08	0.0003680143304953	0.0008130416166897	1.3543454744990392e-07	6.61036670469401e-07	-0.0001789699497693	-0.0002888581479465	3.2030242920425765e-08	8.34390296350821e-08	0.0	0.0	0.0	0.0	0.0	0.0	0.0	0.0	0.0	0.0	0.0	0.0	0.0	0.0	0.0	0.0	0.0	0.0
880.4207500163027	-0.1501348728389757	775140.697059269	0.0225404800423754	967.76932801396	6.267489467758651	39.28142422846562	936577.4722445918	868.5978191094538	1.1415993978317829	754462.1713616994	1.3032491851298893	868.9749942877354	600.2469075803131	0.934937	19.124182	0.0683281735222272	0.0334696837531104	0.0983386448	-0.0327021074	0.0060956031	0.0252051618	-0.0523270826	-0.0634918084	-0.0998112008	-0.0512597645	-0.1007562715	0.0632783578	0.0084601403	-0.0187342168	-0.0153813545	-0.1564120043	0.0075097454	0.0681951141	-0.0335788585	0.0817032564	-0.0448466508	0.0533179394	-0.0502997988	-0.001622533	-0.0098216553	0.0952787666	-0.022614846	-0.0470591666	-0.0728986851	-0.012272244	-0.1280986768	0.0920153659	0.0464620597	-0.0398369825	0.0295963603	-0.036490146	-0.0523028816	0.0248067709	0.0899917879	0.0400570279	0.0363817684	-0.0989797759	0.0782010648	0.0110455085	0.0588073943	-0.0924111058	0.0305554031	0.0143165701	-0.0804831526	0.0400095503	-0.0330230996	0.0467299363	0.0619650058	0.0821243866	-0.044500091	0.0078266776	0.0653112851	0.008587876	0.1177705013	-0.116514835	0.0714314278	-0.0124765114	0.1073422654	0.0494042187	-0.0251860523	-0.0026430310199998	-0.0013730220642856	6.985612972681184e-06	1.8851895890150903e-06	-0.007328592516032	-0.0169449438764388	5.370826826604024e-05	0.0002871311229756	0.0293191243564621	0.0203577796186778	0.0004144391910026	0.0008596110530296	0.0001770107234844	0.000339977764998	1.1558488069303534e-07	3.133279622847072e-08	0.0001149839268768	-0.0002530304036185	1.3221303440009287e-08	6.402438515534102e-08	-0.0001790103404093	-4.0390639999981794e-08	3.204470197345346e-08	1.631403799608129e-15	0.0	0.0	0.0	0.0	0.0	0.0	0.0	0.0	0.0	0.0	0.0	0.0	0.0	0.0	0.0	0.0	0.0	0.0
880.891300281813	0.4705502655102691	775969.4829121832	0.2214175523717847	965.9508547265846	-1.8184732873754683	3.3068450968981424	933061.0537470191	867.1454704613612	-1.4523486480925385	751941.2669416555	2.109316595616224	867.4565735124115	604.8796364124217	0.918526	18.788498	0.1261929160155956	0.0715293239316055	0.0798322977	0.0145748887	0.0737730373	0.0054158799	-0.061007834	-0.0411860204	-0.0722980977	-0.1387039067	-0.0642547269	0.0614757575	-0.0244247662	-0.0073988191	-0.0397327511	-0.0584385329	-0.01312454	-0.0738816449	0.0946898529	-0.0544445006	-0.0166338321	-0.0426410118	0.1289882123	0.0482655762	0.0018123367	0.0629113563	-0.0273051567	-0.0056305442	-0.1015198613	0.0680226522	-0.0554007447	0.01776224	-0.0849207728	0.0779273539	-0.0144129887	0.0365915902	0.1037824905	0.0024793464	0.0672636014	0.052055103	0.0546837116	-0.0809287257	0.0645572133	-0.0055716984	-0.0723627095	0.0256958625	0.0119425793	0.0635981376	-0.1401248895	-0.0271514345	-0.1128841324	-0.0809382177	-0.0504870494	0.134543794	-0.0413549988	-0.0414986519	-0.0276809612	-0.0284613374	0.0834552224	0.0072968014	0.0066710331	-0.1603716544	0.1054279714	0.0430942802	-0.0350428114	-0.0231037142166457	-0.0204606831966458	0.0005337816106044	0.0004186395568735	-0.0100386412985358	-0.0027100487825037	0.0001007743191206	7.344364403550324e-06	-0.0040243334775738	-0.0333434578340359	0.0011117861803301	1.6195259938721233e-05	0.0011600619104673	0.0009830511869829	9.66389636228489e-07	1.3457436361170422e-06	0.000367304196249	0.0002523202693722	1.349123725821239e-07	6.366551833605956e-08	-0.0003372134081024	-0.0001582030676931	1.137128826040358e-07	2.5028210627507592e-08	0.0	0.0	0.0	0.0	0.0	0.0	0.0	0.0	0.0	0.0	0.0	0.0	0.0	0.0	0.0	0.0	0.0	0.0
880.8174407058467	-0.073859575966253	775839.3638515978	0.0054552369619147	965.1812545592526	-0.769600167331987	0.5922844175574223	931574.8541525728	867.1702278147818	0.0247573534205685	751984.2040083406	0.0006129265483909	867.5734333788228	610.8431382685554	0.870853	17.813345	0.0254429101151608	0.0195956525643685	0.0652887663	0.034534111	0.1159445577	0.0122409557	-0.0993115797	0.0047601063	0.0204747979	-0.0110935466	-0.0622434467	0.0445016446	-0.0409272206	0.0572568245	-0.0586567187	-0.0082644486	0.1011418604	-0.0504916897	0.0132235461	-0.092191884	0.0168731872	-0.022993302	0.1430015247	0.059927021	-0.02770824	0.0705249048	-0.0368254845	0.030462983	-0.0868614922	0.0395275569	0.0853251571	0.0533478104	-0.0735478042	-0.0128508572	-0.0706660484	0.0467069354	0.0768216573	0.0006602417	0.0557098793	0.048900282	0.0588959523	-0.0560324198	0.0629593323	0.0075992166	-0.1204320882	0.0593506707	-0.0228638884	-0.0442750139	0.0069513758	-0.0934091052	-0.0976084655	-0.1253868538	0.0161067335	0.0412118405	-0.0378561665	0.0089638878	-0.0344143578	-0.0711755623	0.1322571112	0.0646522198	0.0475490944	-0.1443477578	0.1034414224	0.0366662233	-0.0446835199	-0.0069186984010372	0.0161850158156084	4.786838756451471e-05	0.0002619547369514	-0.0099252110537548	0.0001134302447809	9.850981446157648e-05	1.2866420431077289e-08	-0.0040110469091274	1.32865684463997e-05	1.7653290108086414e-10	1.6088497307220468e-05	0.0011350371390326	-2.5024771434699984e-05	6.262391853589762e-10	1.28830930698331e-06	0.0003673985542846	9.435803559999053e-08	1.3498169769041417e-07	8.903438882289078e-15	-0.0001797089878462	0.0001575044202562	3.229532031270565e-08	2.4807642400241677e-08	0.0	0.0	0.0	0.0	0.0	0.0	0.0	0.0	0.0	0.0	0.0	0.0	0.0	0.0	0.0	0.0	0.0	0.0
880.5574664784208	-0.2599742274259142	775381.4517708952	0.0675865989257009	964.4001013974108	-0.7811531618417575	0.610200262255375	930067.5555753364	866.5760916124962	-0.5941362022856538	750954.1225543893	0.3529978268664193	867.5621867122813	605.793441093106	0.875062	17.899422	0.119449185764128	0.0496631946958703	0.0638362675	-0.0089730612	0.0814948143	0.0255142707	-0.0529187141	-0.0472897369	0.1503364129	0.0609456391	-0.0369157539	0.0123983549	-0.0002053594	0.008552997	0.0320982815	0.0449624572	0.1652980947	0.0946631105	0.0686034309	-0.028729289	-0.1342373589	0.0572720116	0.0740351387	-0.0540986059	-0.018589032	0.0578973943	-0.0339068854	-0.0095988744	0.0821113741	0.0082518456	0.1203806566	0.1433539206	0.0325004476	0.0464580361	-0.0438969171	-0.0191821706	0.092334717	0.0169063303	0.0501667441	0.0194687848	0.0496788858	-0.0758262958	0.0528920746	0.0029256262	-0.0208882471	0.0259943103	-0.0941785139	-0.110357963	0.0972918442	-0.0547306226	-0.030457041	-0.012081158	-0.0492447346	0.0650081431	0.0159832299	-0.0576594569	0.0509394536	-0.1578303517	0.0980383808	-0.0281052098	0.0022035064	-0.2233114748	0.1013839798	0.0301376669	-0.0540487397	-0.0006182959631075	0.0063004024379296	3.8228989799503116e-07	3.96950708798705e-05	0.0254242327004732	0.035349443754228	0.0006463916084078	0.0012495831737333	0.0204059888336729	0.0244170357428003	0.0005961916344651	0.0004164043802799	0.0015706695153316	0.000435632376299	1.8977556727991361e-07	2.467002726392004e-06	0.0006660974755199	0.0002986989212353	4.436858468939838e-07	8.922104554713195e-08	-0.0005130237668953	-0.0003333147790491	2.631933853994431e-07	1.1109874193255037e-07	0.0	0.0	0.0	0.0	0.0	0.0	0.0	0.0	0.0	0.0	0.0	0.0	0.0	0.0	0.0	0.0	0.0	0.0
879.0122489804579	-1.5452174979628808	772662.5338576825	2.3876971160106653	962.5073509216307	-1.892750475780076	3.582504363565705	926420.4005781752	866.25407305679	-0.3220185557061086	750396.1190874785	0.1036959502190481	866.5235666649974	592.1993015245121	0.959164	19.619743	0.044557633612806	0.0269474915510824	0.0451503647	-0.0622322707	0.0425008773	-0.0104288744	-0.0160223831	-0.0059717932	-0.0085615822	0.0809265381	-0.0271324782	0.034940157	-0.0036268615	0.0117213245	0.1121273459	-0.0414151418	0.0544173868	0.1495521569	0.03258015	0.0544780654	-0.1122563034	0.1237590567	-0.0368985942	0.0235628369	-0.0204682651	0.0355646295	-0.0382821065	-0.0057579924	0.0770501007	-0.0987064156	-0.036873889	0.0850434331	0.1170566099	0.044302392	0.0010292764	-0.0504797463	-0.0397297699	0.0282579369	0.0347915574	0.0251811538	0.0471652141	-0.0769530741	0.0645613906	0.0337507596	0.0461029013	-0.0804083441	-0.019413733	-0.1610740137	-0.0213844958	0.0564281954	0.0204597915	0.0522253306	0.0795833401	0.0845478206	0.0801462145	0.0688218587	-0.0531449358	-0.0075786014	-0.0031699653	-0.1674918447	0.019289009	-0.1697155725	0.0992570537	0.0235265052	-0.063080731	-0.0065185745768445	-0.005900278613737	4.2491814513883454e-05	3.481328771972222e-05	0.0021584215862304	-0.0232658111142428	4.658783743905356e-06	0.0005412979668036	0.0221795718556592	0.0017735830219862	3.145596735878045e-06	0.0004919334077003	0.0017551878188383	0.0001845183035066	3.40470043289906e-08	3.080684279398349e-06	0.0007390635075639	7.296603204399999e-05	5.462148682126548e-07	5.3240418322460334e-09	-0.0004981488851892	1.4874881706100063e-05	2.481523118152427e-07	2.212621057704704e-10	0.0	0.0	0.0	0.0	0.0	0.0	0.0	0.0	0.0	0.0	0.0	0.0	0.0	0.0	0.0	0.0	0.0	0.0
883.0398548365764	4.027605856118498	779759.385229802	16.22160893224002	964.0849704512632	1.5776195296324431	2.488883380277691	929459.830250013	866.479398257875	0.2253252010849564	750786.5476053292	0.050771446243976	867.3028287186581	605.1067257387758	0.9104040000000002	18.622343	0.0650845678809411	0.0366644643857816	0.0215062554	-0.0425255729	0.0660051534	-0.032487383	-0.003847838	0.0007692788	-0.0525766669	-0.0421190489	-0.001593936	0.0432230637	0.0191975738	-0.055108811	0.0712115328	0.0025729396	0.0371106026	0.0398411707	0.013166931	0.2753197688	-0.0658669091	-0.206530682	0.013387165	-0.2033013154	0.1106214182	0.0105881611	-0.0421205411	-0.029726401	0.0622935218	-0.0383065198	-0.0837353088	0.0429133207	0.0908706709	0.0324439256	0.0959420529	-0.1828835675	0.0198428968	-0.0317708961	0.0164042364	0.0034207942	0.0459489308	-0.1003864659	-0.2504081226	0.1303754614	0.1292644596	0.0118636475	-0.0662399836	-0.0134030768	-0.1787748754	0.0497857294	0.0606387444	0.0341746652	0.1240835651	-0.075975044	0.1241967045	0.1241817416	-0.1158543424	0.1166730193	-0.264002831	-0.2652563007	-0.0656205827	-0.1879633314	0.0970621018	0.016850859	-0.0717238087	-0.0083641942240006	-0.001845619647156	6.995974501680499e-05	3.4063118819686043e-06	0.0093959884628418	0.0072375668766114	8.828459919385622e-05	5.23823742934225e-05	0.0265324673381428	0.0043528954824836	1.894769908142614e-05	0.0007039718230496	0.0022998396629566	0.0005446518441182	2.966456313014649e-07	5.289262475308328e-06	0.0007039076853863	-3.515582217759991e-05	4.954860295458983e-07	1.2359318329830256e-09	-0.0009513109363871	-0.0004531620511979	9.049924976897012e-07	2.0535584464588826e-07	0.0	0.0	0.0	0.0	0.0	0.0	0.0	0.0	0.0	0.0	0.0	0.0	0.0	0.0	0.0	0.0	0.0	0.0
883.0582425615714	0.0183877249950228	779791.8597559311	0.0003381084304925	970.7233109761434	6.638340524880164	44.06756492426625	942303.7464724864	867.6862580746371	1.206859816762062	752879.4424515656	1.4565106173149582	868.6817119370158	611.4586949587789	0.90412	18.493811	0.0441865691352761	0.0257947646412411	0.0190828889	-0.0465481197	0.0642243114	-0.0342546967	-0.0309264587	-0.0961276966	-0.0644983699	-0.0513516716	-0.0152382257	0.0684211894	0.0385217514	-0.0871328057	0.140672484	-0.139402505	-0.031260616	-0.0137030378	-0.0034733762	0.0257213421	0.108385989	-0.1822807349	-0.143356888	-0.11560658	0.0521139701	0.032951662	-0.0490276929	-0.059456459	0.074177932	-0.0552612297	-0.1425874352	0.0177372072	-0.0712345852	0.0289201	0.0211680021	0.0810475175	-0.1090035771	-0.0008468459	0.0163804038	0.0038406391	0.0464932126	-0.0800817294	-0.1512768392	0.0974618463	0.0499067645	0.0490993374	0.0156578466	-0.0404157794	-0.1829239426	0.0662282082	0.0585783948	-0.0167155804	0.0845037278	-0.1678988008	0.0183918952	0.1156975659	-0.095665096	-0.0229586976	-0.1638102899	-0.0792020479	0.0095474692	-0.0086188082	0.0948006283	0.0101290257	-0.0799246852	-0.0164897726896526	-0.008125578465652	0.0002719126033564	6.60250254014675e-05	0.009185354527915	-0.0002106339349268	8.437073780348859e-05	4.43666545427478e-08	0.0195750056169004	-0.0069574617212424	4.840627360255327e-05	0.0003831808449016	0.0022060536270549	-9.37860359016998e-05	8.795820530154924e-09	4.86667260544208e-06	0.0011749662093998	0.0004710585240134	1.3805455932313345e-06	2.218961330457771e-07	-0.0009382975960332	1.3013340353900098e-05	8.80402378721682e-07	1.6934702716644475e-10	0.0	0.0	0.0	0.0	0.0	0.0	0.0	0.0	0.0	0.0	0.0	0.0	0.0	0.0	0.0	0.0	0.0	0.0
879.8671909302558	-3.191051631315645	774166.2736754993	10.182810513722238	965.8964595105276	-4.826851465615732	23.298495071116744	932955.9704949724	866.6939501596592	-0.9923079149779142	751158.4032433537	0.9846749981278152	867.7406779232189	613.0811483022329	0.974632	19.936148	0.0596900255183001	0.0341533981578307	0.0162431092	-0.0511669678	-0.0080042572	-0.0139994244	-0.0117655783	-0.0729729567	-0.1164389817	-0.0796462054	-0.0081024324	0.0611667891	0.022888048	0.0025919673	0.0171720773	-0.0576074264	-0.1426938093	-0.1226313786	-0.0165684383	0.0627512545	0.073928698	-0.0796272794	-0.0917224061	-0.0250183829	-0.0825704919	0.0132680077	-0.0306101462	-0.0295643004	-0.0687829304	-0.0127624729	-0.1395028478	-0.0975385316	-0.0955348327	0.0376522843	-0.0342011553	0.0516016244	-0.1189799748	-0.0666933895	0.0078506191	0.0144738673	0.0289083235	-0.0750046339	-0.0762537427	0.0876704075	-0.0074942181	0.0423884885	0.1122974565	-0.0150571326	-0.21430309	-0.0384938596	-0.0046829176	0.0149919398	0.061803091	-0.1782677488	-0.0175783727	0.0203108319	-0.0059481415	-0.0153965923	0.0229293702	0.0413579117	0.0660444273	0.0557155525	0.0924741833	0.0033794295	-0.0876327994	-0.0162716647928249	0.0002181078968276	0.00026476707513	4.757105465860156e-08	0.0093551960525104	0.0001698415245954	8.751969318090618e-05	2.884614347689005e-08	0.0497354748197125	0.0301604692028121	0.0009096539025337	0.0024736174555422	0.0026299741357753	0.0004239205087203	1.797085977137627e-07	6.916763954847036e-06	0.0011093910657156	-6.557514368419996e-05	1.2307485366895947e-06	4.30009946920347e-09	-0.0008449611105565	9.333648547669993e-05	7.139592783528739e-07	8.711699521142216e-09	0.0	0.0	0.0	0.0	0.0	0.0	0.0	0.0	0.0	0.0	0.0	0.0	0.0	0.0	0.0	0.0	0.0	0.0
878.8064479816152	-1.060742948640609	772300.7730140632	1.1251756030907738	961.7815948279508	-4.114864682576808	16.932111355917936	925023.8361497964	866.148493866264	-0.5454562933952047	750213.2134267974	0.2975225680044356	866.3201509915865	608.7266610893043	0.804131	16.44854	0.0949274258454868	0.0489789864978409	0.0239470418	-0.0333427049	-0.0084035062	-0.0060298243	-0.0088060002	-0.0469512819	-0.0462171799	-0.0337650395	0.0190490709	-0.0033240131	0.0036316016	0.0280295836	-0.0632581858	0.040532346	0.0033528467	-0.1275493101	-0.0074772186	0.0635762694	0.1330705193	-0.0734796761	0.0746871963	-0.0069145367	-0.0121520002	-0.0115324368	0.0081882722	0.0097605173	-0.1097565683	0.0362069875	0.0249550272	-0.0431296987	-0.1273074991	-0.0115819033	-0.1261616336	-0.0591830697	0.0364261342	-0.0443423351	0.0082763691	0.001781515	0.0084638288	-0.045591809	-0.0895174564	0.0742367839	-0.0620786619	0.0725741542	0.0896727712	-0.0036773163	-0.1583984111	-0.1269903544	0.0017619221	-0.0312939066	0.1127941581	-0.1841942389	-0.0385221065	-0.0677314749	0.0120148297	-0.0247519256	0.0895018433	0.0858658529	-0.045123006	-0.0274715011	0.090084361	-0.0033794295	-0.0948006283	0.0023864584999557	0.0186581232927806	5.695184172010809e-06	0.0003481255648086	0.0534157355544238	0.0440605395019133	0.0028532408048201	0.0019413311411996	0.0565120409444404	0.0067765661247278	4.59218484428097e-05	0.0031936107717061	0.0028651176551465	0.0002351435193711	5.529247470227385e-08	8.208899177832178e-06	0.0012350805329803	0.0001256894672647	1.525423922946902e-06	1.5797842181284102e-08	-0.0009927720624419	-0.0001478109518854	9.855963679651438e-07	2.1848077497268032e-08	0.0	0.0	0.0	0.0	0.0	0.0	0.0	0.0	0.0	0.0	0.0	0.0	0.0	0.0	0.0	0.0	0.0	0.0
881.8955412336488	3.089093252033649	777739.7456477904	9.542497119759826	960.676942066974	-1.104652760976819	1.2202577223337094	922900.187019152	866.1491850321084	0.0006911658445005	750214.4107317856	4.777102246041919e-07	866.3130730262169	613.4115451827473	0.8440889999999999	17.265882	0.0394712133554735	0.0222412000189299	0.0137900224	-0.0035941078	0.0359454768	-0.0133355765	-0.0292261087	0.0042897131	0.0672700886	0.0360764077	0.0291253355	-0.0229464012	-0.000734502	0.0638671562	-0.0724649305	0.0667526708	0.1034767057	-0.0540634548	-0.0892904752	0.1725583996	-0.0021779115	-0.0214937881	0.1051323436	0.0141641484	-0.0173095784	-0.0258431905	0.0036422407	0.0218297877	-0.0824005966	0.0244476358	0.1283559149	0.0378512987	-0.0573552024	-0.0732169925	-0.0578343513	-0.160062156	0.0822709756	-0.0223376506	0.0050281701	0.0100205177	0.0168345944	-0.0667737203	-0.0391250668	0.0405836202	-0.0539719947	0.0346014303	0.0074476873	-0.0226882936	-0.1003606538	-0.1687126086	-0.0009111876	-0.0361998924	0.096897615	-0.1153176344	0.0684958113	-0.1188628049	-0.0089808916	-0.0190519512	0.0660806389	0.0762424239	0.0164056294	0.1041729987	0.0876327994	-0.0101290257	-0.1013839798	0.0023499084491902	-3.655005076549965e-05	5.522069719575492e-06	1.3359062109606016e-09	0.033875483561502	-0.0195402519929217	0.0011475483865255	0.0003818214479468	0.0457768065985391	-0.0107352343459012	0.0001152452564614	0.00209551602236	0.0027585943180772	-0.0001065233370692	1.1347221340379672e-08	7.609842611727812e-06	0.0012582069803852	2.312644740490007e-05	1.5830848054900433e-06	5.34832569571609e-10	-0.0009392383075984	5.353375484350002e-05	8.821685984603066e-07	2.865862907643962e-09	0.0	0.0	0.0	0.0	0.0	0.0	0.0	0.0	0.0	0.0	0.0	0.0	0.0	0.0	0.0	0.0	0.0	0.0
881.3615348514074	-0.5340063822413867	776798.1551156287	0.285162816274534	966.2817715564406	5.604829489466624	31.4141136059947	933700.4620422532	866.8740516206319	0.7248665885234686	751470.62137317	0.5254315711576516	867.7293221237313	618.0854383564364	0.893198	18.270403	0.0705825134187805	0.0355587647600334	0.0187525091	0.0125734848	0.0506293127	0.0121550574	-0.0275706261	0.0241629612	0.1531200218	-0.002765634	-0.0057072332	0.0089726856	0.0183220912	0.0032273159	-0.0542958539	0.0869644146	0.0918942146	0.0184084391	-0.0172744379	0.0205032425	-0.0882414392	-0.0329244161	-0.0764667137	-0.0270699823	-0.1170164166	0.0059932573	-0.0187047647	-0.0177747611	0.0324361166	0.0664446536	0.136773105	0.0364188193	0.0227269927	-0.0142167918	0.0197528258	-0.0118147286	-0.0648409479	0.0245721074	0.0030340858	-0.0204154255	0.0077744013	-0.0517582658	-0.0539672932	0.0111012006	-0.029604863	0.029915994	-0.1196645974	-0.0830077234	0.0282792202	-0.1062969573	0.0135102685	-0.0339916462	0.0937991106	-0.185735382	0.0315870373	-0.0779203331	0.029607362	-0.0179062012	0.0652883064	-0.0007567791	0.1505842261	-0.0386840088	0.0851211787	-0.016850859	-0.1073422654	0.0120409365125198	0.0096910280633296	0.0001449841520985	9.391602492424184e-05	0.0533667935791157	0.0194913100176137	0.0028480146569159	0.0003799111662027	0.0692260757782463	0.0234492691797071	0.0005498682250623	0.0047922495676554	0.0027587810458127	1.8672773550000926e-07	3.4867247204961415e-14	7.610872858735415e-06	0.001558124606602	0.0002999176262168	2.4277522896986378e-06	8.995058251552016e-08	-0.0009981520768087	-5.891376921030001e-05	9.96307568437521e-07	3.470832202564493e-09	0.0	0.0	0.0	0.0	0.0	0.0	0.0	0.0	0.0	0.0	0.0	0.0	0.0	0.0	0.0	0.0	0.0	0.0
880.1396995645558	-1.221835286851615	774645.8907495866	1.492881468195768	964.879963242864	-1.4018083135765664	1.9650665480123768	930993.3434675508	865.5499609680601	-1.32409065257184	749176.7349318103	1.7532160562281214	866.6957411545974	614.4082258622159	0.862857	17.649769	0.0670778425154687	0.0279155410556577	-0.0112696472	-0.0133274173	0.0629875633	-0.0345754415	-0.0107588259	0.016696238	0.1306701368	0.0755829729	0.029205207	0.0175586399	0.0034023113	-0.0597382348	0.1021903578	0.0281950126	0.0515270068	0.0801733357	0.0952710112	0.0452756811	-0.1545109696	0.0006907336	-0.0766583735	-0.0855835401	-0.0386637551	-0.0153418637	-0.0456965212	-0.0198561648	0.1322537182	-0.0077361968	0.0175688212	0.0583474743	0.0478769006	0.0999626929	0.0631942932	-0.0660338372	0.0008680705	0.0538866003	-0.0086021488	-0.0288535122	0.0143018726	-0.0559636937	-0.0261006297	-0.0087142496	0.0486243164	-0.0400719163	-0.1451638123	-0.1390526476	-0.0158674294	0.0161933665	0.0686335003	0.0205897845	0.021202745	-0.1153031894	0.0282101911	-0.0244953586	0.064043799	-0.0807889818	0.0269706591	-0.0474730826	0.046850862	0.0948653966	0.0825512202	-0.0235265052	-0.1126387502	0.019121809954953	0.0070808734424331	0.0003656436159533	5.013876870775578e-05	0.0417758900776163	-0.0115909035014994	0.001745224991777	0.000134349043981	0.0815064416693474	0.012280365891101	0.0001508073864193	0.0066433000335987	0.002907189683717	0.0001484086379042	2.2025123804609557e-08	8.451751857110549e-06	0.0018641672724775	0.0003060426658755	3.475119619776202e-06	9.366211333618292e-08	-0.0012662147666376	-0.0002680626898289	1.603299835251112e-06	7.18576056783051e-08	0.0	0.0	0.0	0.0	0.0	0.0	0.0	0.0	0.0	0.0	0.0	0.0	0.0	0.0	0.0	0.0	0.0	0.0
881.9045537984962	1.7648542339403548	777755.6420105246	3.114710467057197	962.4715383598603	-2.408424883003704	5.800510417071406	926351.462152796	865.7179219507209	0.1679609826608157	749467.5203866744	0.0282108916963868	866.0804129836906	613.7726698768645	0.7842099999999999	16.041056	0.0576576394851858	0.0266569189834332	-0.0020238204	-0.0199590229	0.0519525699	-0.0175890174	0.0273522801	-0.0261646258	0.021244962	0.0032822015	0.0095095869	-0.0295674039	0.0221945156	-0.0771265751	0.0828327259	0.0656433297	0.0287865454	0.0635601901	0.1271043465	-0.0298535791	-0.0156828556	-0.0028803159	0.0044994736	-0.0897840932	0.0380382084	-0.0112692108	0.0058138178	-0.0296279786	0.1344184231	-0.0086652949	-0.0136751463	0.0075750243	0.0666840084	0.1369390483	0.0324621655	-0.0467068809	0.0302315188	0.0491473812	0.0027840429	-0.0303519089	0.0076774259	-0.0528300551	-0.0174758925	-0.0145556301	0.0127793977	0.024895842	-0.1447841863	-0.1168525618	-0.0553618856	0.0631426923	0.0867986264	0.0031016913	0.0142617669	-0.0657170064	-0.0332508549	-0.0078383	0.0740982541	-0.1351508625	-0.0365186886	0.0289703935	-0.1084418129	0.1068397715	0.0799246852	-0.0301376669	-0.1172407796	0.0145170807987682	-0.0046047291561847	0.0002107456349179	2.120353060181836e-05	0.0232321027175714	-0.0185437873600449	0.0005397305966797	0.0003438720496545	0.0699618614130912	-0.0115445802562561	0.0001332773332931	0.0048946620523845	0.0028269082637748	-8.028141994219969e-05	6.445106387935819e-09	7.991410331798255e-06	0.0019181769006912	5.4009628213699855e-05	3.6794026223452975e-06	2.917039939782083e-09	-0.0009412149605395	0.0003249998060981	8.858856019433726e-07	1.0562487396380263e-07	0.0	0.0	0.0	0.0	0.0	0.0	0.0	0.0	0.0	0.0	0.0	0.0	0.0	0.0	0.0	0.0	0.0	0.0
882.9254891915359	1.0209353930397356	779557.419464113	1.042309076761199	964.6722760257952	2.2007376659348665	4.843246274264444	930592.600132788	867.34329775411	1.6253758033891472	752284.3961589747	2.641846502242916	867.9316323826456	619.1673956837893	0.74992	15.339651	0.0394508304883861	0.0188721003888644	-0.0014809651	-0.0159499987	0.0631350146	-0.0163947096	0.0265884343	-0.0842911141	0.0614926555	0.0047401738	-0.025482319	0.0236897497	0.0458007664	-0.0943141697	0.0911356742	0.0302598998	0.0766847611	0.0826607439	0.098166438	-0.0343187134	0.0862962369	-0.0487796711	0.0546655641	-0.1099423285	0.0129681591	0.0188790024	-0.0290989236	-0.0680339546	0.1581309569	0.0020519399	-0.0189657131	0.0305967685	-0.0079087966	0.0727136783	-0.0714148081	0.0391668141	0.0412855963	-0.0090089105	0.0052129401	-0.0367579455	0.005368376	-0.0563367942	-0.0152528732	-0.0329730274	-0.0046211777	0.0523644746	-0.125975564	-0.1208445158	-0.0498872873	0.0294008869	0.0847975443	-0.0185931351	-0.0375298679	-0.0689947368	-0.0296221041	-0.0029854034	0.0313736255	-0.1267592022	-0.0642671992	0.0449037408	-0.0966533702	0.1328630304	0.0772433738	-0.0366662233	-0.1211199807	0.0189441580324825	0.0044270772337142	0.0003588811235596	1.959901283327144e-05	0.0288549243505968	0.0056228216330253	0.0008326066592786	3.161612311681842e-05	0.0731950092516626	0.0032331478385713	1.0453244946058906e-05	0.0053575093793509	0.002759799318108	-6.710894566680026e-05	4.503610588509551e-09	7.616492276229381e-06	0.0020657833128774	0.0001476064121862	4.267460695762727e-06	2.17876529184824e-08	-0.001249855278348	-0.0003086403178085	1.5621382168143567e-06	9.525884577693189e-08	0.0	0.0	0.0	0.0	0.0	0.0	0.0	0.0	0.0	0.0	0.0	0.0	0.0	0.0	0.0	0.0	0.0	0.0
880.9694354457683	-1.9560537457675764	776107.1461896357	3.8261462563313664	967.9199098793856	3.247633853590401	10.547125646986435	936868.951940918	866.9739879029848	-0.3693098511251946	751643.8957004049	0.1363897661381134	868.2282424274673	610.410230408304	0.819076	16.754227	0.0588168514345679	0.033631171956049	-0.0027534702	-0.0683480272	-0.0057765396	-0.0141092457	0.0141556541	-0.0848695822	-0.0124563559	-0.0006184756	-0.0110064624	0.0076773072	0.0440528841	-0.0752629474	0.0994861802	-0.05154127	-0.0305179394	-0.0226669798	0.0815528048	-0.0952983266	0.1117556046	-0.0627726752	-0.0325216126	-0.0530774599	0.0526141393	0.0073841811	-0.0085898898	-0.0671668549	0.1018422116	-0.0289328041	-0.0922293647	-0.0170246531	-0.0632802335	0.0790655213	-0.0647037877	0.1043374304	-0.0470556221	-0.0255538731	0.0002022524	-0.034427724	-0.0031715601	-0.0392623985	0.0006203966	-0.0061120111	-0.0063400997	0.03382295	-0.0097339676	-0.1358191005	-0.0788785423	0.0294539477	0.1146427284	0.0095575053	0.0052725083	-0.085036085	-0.0586448113	-0.0201812461	-0.0058288399	-0.0592897614	-0.0370967174	0.041199788	-0.0453856626	0.0211724748	0.0745091236	-0.0430942802	-0.1242524367	0.0102561457950827	-0.0086880122373997	0.0001051885265699	7.548155663720865e-05	0.0280445605656183	-0.0008103637849785	0.0007864973773186	6.566894640046811e-07	0.0757223033857172	0.0025272941340546	6.387215640026791e-06	0.0057338672300385	0.0033230901096703	0.0005632907915623	3.172965158588828e-07	1.1042927876988568e-05	0.0023422732791626	0.0002764899662851	5.486244114279118e-06	7.644670145639094e-08	-0.0013458981460632	-9.60428677152e-05	1.811441819576359e-06	9.224232438959406e-09	0.0	0.0	0.0	0.0	0.0	0.0	0.0	0.0	0.0	0.0	0.0	0.0	0.0	0.0	0.0	0.0	0.0	0.0
878.9908435023376	-1.9785919434307289	772624.902960951	3.914826078608988	962.9189441634948	-5.000965715890857	25.00965809151575	927212.8930289396	866.9550372934142	-0.0189506095706519	751611.0366884252	0.0003591256030992	867.2678284213074	600.5332552530591	0.7976419999999999	16.315792	0.0515485975041011	0.0233888160370199	-0.0148801934	-0.0977100541	-0.0638506566	-0.0165812602	0.0267885303	-0.0364376436	-0.1286957791	-0.0135865966	0.0072209438	0.0148574588	0.0258940535	0.0055080523	0.0203339011	-0.0670263359	-0.1179178317	-0.0273730001	0.0357993793	-0.002676336	0.1107221221	0.0199786179	-0.027914403	0.029382029	-0.0188081794	-0.0069456666	0.0035738637	-0.0203916803	-0.0431224321	-0.0408019109	-0.1416638718	-0.0663757202	-0.0278386128	0.0354091915	-0.0987961022	0.0537486329	-0.0795082635	-0.0668423115	-0.0062055246	-0.0243464651	-0.00859896	-0.0349782147	0.03018743	0.0107534968	-0.0187996349	-0.0054840668	0.1062679792	-0.0886007791	-0.1302299424	0.0025983316	0.0760646838	0.0409462927	0.0133339264	-0.0451313467	-0.0614234481	-0.0601643441	0.0320302089	-0.0197979126	0.0725911147	0.0822560759	0.0257248374	0.1242658091	0.0717238087	-0.0494042187	-0.1266188352	0.0100039605554371	-0.0002521852396456	0.0001000792267947	6.359739509510895e-08	0.016323525983438	-0.0117210345821802	0.0002664575005319	0.0001373826516766	0.0901861324855275	0.0144638290998102	0.0002092023522285	0.0081335384926971	0.0035098225498674	0.000186732440197	3.4869004221963496e-08	1.2318854331557695e-05	0.0021588786905322	-0.0001833945886303	4.6607572004340265e-06	3.3633575138913644e-08	-0.0012137942032414	0.0001321039428217	1.4732963678224252e-06	1.7451451709065395e-08	0.0	0.0	0.0	0.0	0.0	0.0	0.0	0.0	0.0	0.0	0.0	0.0	0.0	0.0	0.0	0.0	0.0	0.0
880.3653576554256	1.3745141530879437	775043.1629597654	1.889289157039067	961.5352711964804	-1.3836729670143768	1.9145508796463688	924550.077754889	866.9251802362222	-0.0298570571919754	751559.2681276064	0.0008914438641648	866.4948344695263	608.121046088377	0.724665	14.823052	0.0955240231558588	0.0479072691541413	-0.0076525856	-0.0793604427	-0.091035275	0.0174170477	0.0477500928	-0.0274481829	-0.1291628839	0.0047897417	-0.0098875002	-0.0441769561	-0.0052472128	0.0269141557	-0.044918367	-0.0290645027	0.0176040192	-0.0317875495	-0.0170757183	0.0351457715	0.1997838323	0.1165784467	0.077944483	0.0544197374	0.0721611782	-0.0105009116	0.0623052723	0.0147757622	-0.1107568058	-0.0111976582	-0.0575473271	0.0132446467	-0.0676938223	-0.0529245704	-0.1910063185	-0.0551600942	0.0393834229	-0.0377714203	-0.0005351226	-0.0484039005	-0.0384753968	-0.029100655	0.0264985394	-0.0217509165	-0.0541776388	0.0156036222	0.1178274125	-0.0807813462	-0.0926426444	-0.0862742971	0.1002031578	-0.0009399568	0.041586763	-0.0604931765	-0.0445951625	-0.1568083174	0.0418576747	-0.008991045	0.0937367318	0.0923562514	-0.0661435005	0.1144169389	0.0688893378	-0.0555787436	-0.1282045865	0.0435308727066399	0.0335269121512028	0.0018949368786016	0.0011240538383944	0.0484358776298563	0.0321123516464183	0.0023460342417744	0.0010312031282632	0.0963881594235402	0.0062020269380127	3.8465138139835296e-05	0.0092906772770578	0.0033563613819591	-0.0001534611679082	2.3550330055779388e-08	1.12651617263064e-05	0.0019847264455106	-0.0001741522450216	3.93913906350914e-06	3.0329004446063446e-08	-0.001359835438716	-0.0001460412354745	1.849152420387936e-06	2.1328042458947522e-08	0.0	0.0	0.0	0.0	0.0	0.0	0.0	0.0	0.0	0.0	0.0	0.0	0.0	0.0	0.0	0.0	0.0	0.0
881.8991320911163	1.5337744356907024	777746.0791830642	2.3524640195783326	964.6967296830144	3.161458486534002	9.994819762077864	930639.780261103	867.3690316275861	0.4438513913638644	752329.0370265765	0.1970040576156383	866.9930212819678	620.1692775538529	0.7235979999999999	14.801227	0.1054752319033829	0.0537453195447979	-0.0199347474	-0.0311662562	-0.0616625047	-0.014175398	0.0245995361	-0.0170711936	-0.061982524	-0.048473791	0.0036682254	-0.0229162739	0.0223180881	0.0104253771	-0.0915316271	-0.0526479573	-0.0501103008	-0.0218221945	-0.071139994	0.0424430731	0.0785724235	0.087695051	0.0987791316	0.0050328269	0.0283271203	-0.0219134797	0.0439308468	0.0034988547	-0.1222455642	0.0322354982	-0.023859438	-0.0009888978	-0.013843053	-0.0651795227	-0.0738252184	-0.0513337114	0.0418647895	-0.0322401091	-0.014475655	-0.0253709554	-0.0320847202	-0.0287378559	0.0342720045	-0.0191023573	-0.031096082	-0.0551136297	0.056711818	-0.0257759082	-0.0737685079	-0.1029966439	0.0398472724	0.0236819979	0.0666627578	0.0192367818	0.0048114564	-0.1577504357	0.0483948826	0.0046212396	0.0904060541	0.0338771786	0.0122990173	0.1116424829	0.0660076536	-0.0616009311	-0.1289999139	0.0341829559237254	-0.0093479167829144	0.0011684744756833	8.738354818029448e-05	0.061087366071078	0.0126514884412217	0.0037316662935018	0.0001600601597783	0.0679923571048135	-0.0283958023187267	0.0008063215893242	0.0046229606246684	0.0040087193651292	0.0006523579831701	4.255709382057607e-07	1.6069830948361857e-05	0.0023411028485631	0.0003563764030525	5.4807625475502604e-06	1.2700414065263798e-07	-0.0014527015397038	-9.286610098779998e-05	2.110341763457791e-06	8.624112712676264e-09	0.0	0.0	0.0	0.0	0.0	0.0	0.0	0.0	0.0	0.0	0.0	0.0	0.0	0.0	0.0	0.0	0.0	0.0
882.7465179864624	0.8473858953461786	779241.4150172238	0.7180628556316447	970.1308700607484	5.434140377734025	29.52988164491929	941153.9050448248	867.7682981955326	0.3992665679464835	753021.8193531707	0.1594137922797639	868.0330807938535	630.3821484223296	0.95342	19.502245	0.3179394013435351	0.1660340450081357	-0.0594482061	0.061871639	0.0093894862	-0.0562962175	-0.0396400876	0.108463651	0.0207269227	-0.0554143497	0.0056670896	0.028943628	-0.0279573723	0.0071459218	-0.1476394956	-0.0792817371	-0.092271431	-0.003653971	-0.0515752778	-0.0507639845	-0.1429995111	-0.0043776736	-0.0652973582	-0.0790308141	0.0475113096	-0.0121298524	-0.023116363	0.0317704571	-0.1249245583	0.0940913017	-0.0134271384	-0.0066367518	0.0622934375	-0.0378508614	0.1517420309	0.05369952	-0.0149871997	0.013892516	-0.0585638649	0.0525951567	0.0019280977	0.0378158398	0.0634155097	0.0346088188	-0.0133379827	-0.0933907161	-0.1029125942	0.0623344296	-0.0545238946	0.0268853341	-0.0951059515	0.0236320062	0.0476091346	0.0734491915	-0.0009353842	-0.0217015294	0.0606311713	0.0981140774	-0.0329072665	-0.0647858213	0.0807261451	-0.0400733325	0.063080731	-0.0674542747	-0.1289999139	-0.0456178997175129	-0.0798008556412383	0.002080992774637	0.0063681765610737	0.0424508997646313	-0.0186364663064467	0.0018020788908267	0.0003473178763913	0.0072587041588434	-0.06073365294597	0.0036885766001615	5.268878606561047e-05	0.0060340656061624	0.0020253462410331	4.102027396067311e-06	3.640994773947201e-05	0.0027659591201394	0.0004248562715763	7.650529854282323e-06	1.805028514977148e-07	-0.0021778675560919	-0.0007251660163881	4.743107091877705e-06	5.258657513241862e-07	0.0	0.0	0.0	0.0	0.0	0.0	0.0	0.0	0.0	0.0	0.0	0.0	0.0	0.0	0.0	0.0	0.0	0.0
883.4899610116206	0.7434430251581716	780554.5112083149	0.5527075316563338	965.9598543098174	-4.171015750931019	17.397372394514655	933078.4401382436	867.9868716689575	0.2185734734249536	753401.2093896633	0.0477743632850488	868.6531008467715	632.2216251402748	0.775054	15.853753	0.0445283419555119	0.0272831020434646	-0.0727797947	0.0660475929	0.0273632645	-0.0177176943	0.022622038	0.0333028525	0.0596849644	-0.0020494245	0.0190226602	0.0290028343	0.0101988955	0.006597588	-0.1408959996	-0.0605852151	-0.0596493194	-0.0346916197	-0.0318210189	-0.1533448594	-0.0018672363	-0.0012700527	-0.0760651768	-0.0830235387	0.0420635485	-0.0322096882	-0.0234563409	-0.0061681396	-0.0741354315	0.0838539501	0.0150490033	-0.0219414468	0.002516527	-0.0512702931	0.0406067388	0.1119988283	-0.030117478	0.0401343736	-0.0713501632	0.0404137768	0.016512489	0.0647166835	0.0639952474	0.0198600366	-0.0747123726	-0.010556623	-0.0364315442	0.0710213266	-0.0666493529	0.0262526083	-0.099905751	-0.041278102	-0.0265116251	0.1311571538	-0.0238234111	-0.0115841102	0.0142594058	0.1068997176	-0.075577506	0.0067393898	0.0481288161	0.0467866444	0.0601105761	-0.0731227308	-0.1282045865	-0.0456848315399156	-6.693182240270074e-05	0.0020871038328304	4.479868850146672e-09	0.0270223351524947	-0.0154285646121366	0.0007302065970937	0.0002380406059908	0.007683081793786	0.0004243776349426	1.8009637703947498e-07	5.90297458500059e-05	0.0062229940564298	0.0001889284502674	3.569395932044154e-08	3.872565502636062e-05	0.0031462535420825	0.0003802944219431	9.898911351066675e-06	1.4462384736103658e-07	-0.002180814041602	-2.946485510100204e-06	4.755949884048451e-06	8.681776861230459e-12	0.0	0.0	0.0	0.0	0.0	0.0	0.0	0.0	0.0	0.0	0.0	0.0	0.0	0.0	0.0	0.0	0.0	0.0
881.049280842643	-2.440680168977565	776247.8352733385	5.9569196872403545	965.7386327077108	-0.2212216021065387	0.0489389972385837	932651.1067041588	866.5904039746365	-1.396467694321018	750978.9282609237	1.95012202128226	867.1051121899205	638.4640627017812	0.907266	18.558159	0.0851200965341544	0.0385533649636376	-0.0740838751	0.0956649617	0.0548728596	-0.048226748	-0.023978068	0.0991204093	0.039431052	-0.0259536234	0.0429605323	0.0390060573	-0.0438010532	0.058016882	-0.0609405584	0.0053646305	0.0028361375	-0.0827882467	-0.0253654138	-0.1786802718	0.020490124	0.0075570181	-0.0134133771	-0.0460259672	-0.0603917785	-0.0276453613	-0.0495179015	0.0611634931	-0.0272042391	0.0454020281	0.0663715131	-0.0547929501	-0.0442849818	-0.0134149077	0.0025659702	0.1742070623	-0.0745911154	-0.1116733941	-0.0758762714	0.0494460387	0.006167733	0.0795651206	0.051779506	0.0235578936	-0.121334041	0.0587337771	-0.0821525908	-0.01618394	0.054903911	-0.0213085535	-0.0639582918	-0.0537826561	-0.0344364399	0.0177795064	-0.0115003829	0.0278606744	0.0092195288	0.0948686623	-0.0026135743	0.0408208971	0.0809134925	0.0693863987	0.0570992244	-0.0785907625	-0.1266188352	-0.0421607104262165	0.0035241211136991	0.0017775255036432	1.2419429624019812e-05	0.0521405463562132	0.0251182112037185	0.0027186365743244	0.0006309245340746	0.0234431186300128	0.0157600368362268	0.0002483787610792	0.0005495798111008	0.0066674099818778	0.000444415925448	1.975055147918027e-07	4.445435586644373e-05	0.0035127643937464	0.0003665108516639	1.2339513685972512e-05	1.343302043873973e-07	-0.0021842418121003	-3.427770498300002e-06	4.770912293727203e-06	1.1749610589015844e-11	0.0	0.0	0.0	0.0	0.0	0.0	0.0	0.0	0.0	0.0	0.0	0.0	0.0	0.0	0.0	0.0	0.0	0.0
879.7626115286156	-1.2866693140274492	773982.2526436498	1.6555179236598667	961.5158700598292	-4.222762647881609	17.8317243803441	924512.7683769104	865.2967938461622	-1.2936101284742565	748738.5414404478	1.6734271644911818	866.8758153149205	622.2164763410119	0.906814	18.548925	0.0706577689933579	0.0365230495277717	-0.07700593	0.0250625827	0.0206547631	-0.0363830622	0.018875579	0.023048376	0.1436368809	0.1733501371	0.0650825141	0.003144818	-0.0227049992	0.0489905487	0.0905711817	0.0696028754	0.0984199393	0.1221793776	0.0230623471	-0.0894021496	0.0117757459	0.1138726528	0.0582469351	0.0090124045	0.0431972235	-0.0394146206	-0.0476551698	0.0302415569	0.1233198486	-0.0521285593	0.1095949457	0.0446320916	0.043133586	0.0090166026	-0.1221828644	0.0827896309	0.0843775296	-0.029374342	-0.0742250469	0.022691189	-0.0003588936	0.0663060475	0.0403174524	0.0322485408	-0.0549770946	0.0546333101	-0.0599773825	-0.1279483263	0.1454409942	0.0040426598	0.0367795037	0.0428835596	-0.1185928342	0.0641474682	0.0096873711	-0.0020142144	-0.0042520512	0.0889881282	-0.0131170467	0.0357159122	0.0120699559	0.0304441536	0.0540487397	-0.0838433825	-0.1242524367	-0.0295149686479305	0.0126457417782859	0.0008711333742883	0.000159914785123	0.0801077413243689	0.0279671949681557	0.006417250220092	0.0007821639943868	0.0420445714648991	0.0186014528348863	0.0003460140475684	0.001767745989667	0.006717218594733	4.980861285519989e-05	2.4808979145591838e-09	4.512102564942679e-05	0.0033347132977823	-0.000178051095964	1.1120312778406104e-05	3.170219277401706e-08	-0.002183233932679	1.0078794213000224e-06	4.766510404801013e-06	1.015820927880068e-12	0.0	0.0	0.0	0.0	0.0	0.0	0.0	0.0	0.0	0.0	0.0	0.0	0.0	0.0	0.0	0.0	0.0	0.0
880.6940428267902	0.9314312981746298	775621.9970705962	0.867564263219276	959.5223902047398	-1.9934798550893904	3.973961932647216	920683.217304217	865.380234082982	0.083440236819797	748882.9495415168	0.0069622731205438	865.7588903965094	622.3147382515277	0.778302	15.920209	0.0233028151404052	0.0153312581292896	-0.079185516	-0.0155645793	-0.0223811068	-0.0359348738	0.0586105311	0.0339881599	0.002484721	0.0851938562	0.0649060974	-0.0157820071	-0.0335377682	0.0540758338	0.0696185607	0.0412662265	0.0355760748	0.2066253429	0.0135034079	-0.0086121807	0.029404922	0.0770288735	0.0359851657	0.0086909764	0.0586280766	-0.0569516636	-0.0047910283	0.0398324619	0.1009383076	-0.1062224401	0.0247719846	0.0371359739	0.164720678	-0.0206206156	-0.0432915983	-0.0100989895	0.0483901692	0.0006361027	-0.0732801917	0.0187572118	-0.0088046562	0.0660586137	0.0723776154	0.0336152511	0.0090604137	-0.039309544	-0.0209582937	-0.1325350891	0.1232988891	0.0448627192	0.0710820898	0.0889396067	-0.0351859305	0.1347816666	0.0206162034	-0.0057091901	-0.0184448925	0.0979257401	-0.0700124056	-0.0011414024	-0.1002580244	-0.0760417405	0.0509612127	-0.0888661936	-0.1211199807	-0.0295156409880803	-6.723401498008597e-07	0.0008711730629372	4.520412770342424e-13	0.0676687619323814	-0.0124389793919875	0.0045790613414613	0.0001547282083142	0.0438927540996871	0.0018481826347879	3.415779051531902e-06	0.0019265738624555	0.0067179154632068	6.968684737995029e-07	4.856256697756486e-13	4.513038817079303e-05	0.0035127157230505	0.0001780024252682	1.2339171750966198e-05	3.168486340136113e-08	-0.0021848342544066	-1.6003217275998953e-06	4.773500719228444e-06	2.5610296318283136e-12	0.0	0.0	0.0	0.0	0.0	0.0	0.0	0.0	0.0	0.0	0.0	0.0	0.0	0.0	0.0	0.0	0.0	0.0
883.776348451059	3.08230562426877	781060.6340814877	9.500607961398892	962.8959337257476	3.3735435210077185	11.380795888133155	927168.5791855792	866.9855742686647	1.6053401856826213	751663.9859899662	2.577117111767513	867.454446750217	627.752171006442	0.720567	14.739234	0.0498324032146037	0.0207712191283491	-0.0814313413	-0.0128425086	-0.0196358921	-0.0539849236	0.0539191156	0.0430835585	0.0119044797	0.0608229185	0.042407923	0.0075358432	0.0122169721	-0.0301609217	0.0616427809	0.0317059175	0.04674253	0.2207069356	-0.0020527164	-0.0652631466	-0.0503189696	0.0816626752	0.0100107565	-0.0852840468	0.0630673338	-0.0465927248	-0.0195232814	-0.0146792445	0.120443039	-0.0612858856	0.001767953	0.0537336146	0.1667520207	-0.0327833611	-0.0174032342	0.0125796921	0.0188008205	0.0597845432	-0.0767356469	0.0122964669	-0.0015266563	0.0583189073	0.0556791806	0.0116474916	0.0526869055	-0.0926960142	-0.0718783987	-0.1018015056	0.1057025709	0.1009234738	0.0684720593	0.1109821327	-0.0362455433	0.1446089752	0.0328249357	-0.0175842311	-0.0471827974	0.0941736315	-0.1080596504	-0.0708987482	-0.0295594547	-0.0647930461	0.0478387595	-0.0936454286	-0.1172407796	-0.020246395215949	0.0092692457721313	0.0004099165192404	8.591891718417403e-05	0.075529030839661	0.0078602689072796	0.0057046344995784	6.178382729474648e-05	0.0351236210080543	-0.0087691330916327	7.689769517876937e-05	0.0012336687527174	0.0068459834578495	0.0001280679946427	1.6401411251802792e-08	4.686748950514901e-05	0.0036172378272565	0.0001045221042059	1.3084409498935324e-05	1.0924870267649893e-08	-0.0024309192644291	-0.0002460850100224	5.909368470172516e-06	6.055783215777384e-08	0.0	0.0	0.0	0.0	0.0	0.0	0.0	0.0	0.0	0.0	0.0	0.0	0.0	0.0	0.0	0.0	0.0	0.0
882.6887218225037	-1.087626628555313	779139.3796326453	1.182931683142597	968.0398721350244	5.143938409276871	26.46010235843386	937101.1940431944	867.2219154665632	0.2363411978985823	752073.8506654949	0.0558571618241368	868.31728385208	630.4876020063995	0.801199	16.388552	0.0406183438297914	0.0237100496947386	-0.0779656863	-0.0142069583	-0.0482563148	-0.0295560825	0.0628473355	0.0336077033	-0.0985390582	-0.0695240728	0.0099896105	0.0313981113	0.016261326	-0.0483220141	0.0232524652	-0.0835786401	-0.1536419553	0.0133646303	0.0241882782	-0.0909874884	-0.0264262869	0.0889889445	-0.1001417458	-0.0528101968	0.0635137409	-0.0272078949	-0.0055894414	-0.0310417197	0.0077865186	-0.0181265184	-0.1308488513	-0.0576612769	0.0448572953	0.0047630813	0.0921906909	0.1001713825	-0.1332659165	0.0412956867	-0.0642188583	0.0034791983	-0.0215449136	0.0515443305	0.0829511308	-0.0063728257	0.0283567641	-0.1114346891	-0.0257020024	-0.0335310113	0.0071798298	0.114790771	0.0005228282	0.065670189	0.0066648601	0.0708800875	-0.018683974	0.0011705593	0.0476675129	0.0796303774	-0.0672881327	-0.0201754766	0.0177713932	-0.0098777052	0.0446835199	-0.098167988	-0.1126387502	-0.0218897336248886	-0.0016433384089396	0.0004791604381685	2.700561126296143e-06	0.0801024503152945	0.0045734194756335	0.0064164025465142	2.09161657001038e-05	0.0542583465213226	0.0191347255132683	0.0003661377204681	0.0029439681672279	0.0067192476811632	-0.0001267357766863	1.6061957092279844e-08	4.514828940081704e-05	0.0035988489512297	-1.838887602679997e-05	1.2951713773767112e-05	3.381507615290187e-10	-0.002591131820355	-0.0001602125559259	6.713964110456216e-06	2.566806307630971e-08	0.0	0.0	0.0	0.0	0.0	0.0	0.0	0.0	0.0	0.0	0.0	0.0	0.0	0.0	0.0	0.0	0.0	0.0
880.6705881421162	-2.01813368038745	775580.6848185809	4.072863551914194	962.3000297546388	-5.739842380385653	32.94579055167124	926021.3472657788	866.1256120493415	-1.0963034172217476	750173.5758478465	1.2018811826120812	866.1826218564286	627.9157847695369	0.904636	18.504374	0.0580584687336021	0.032507860164871	-0.0675050889	0.0027179203	-0.0821429027	-0.0272849093	0.0647832998	0.0096471372	-0.0576633243	-0.0384951692	0.0413074885	-0.0257709572	-0.0127601565	-0.0317965383	-0.0704331415	-0.0603698162	-0.0576400317	-0.0373472197	0.0740477958	-0.0320328754	-0.0190504109	0.0437985339	-0.0109430419	0.0707313789	0.0217290603	-0.0537028363	0.0336498708	0.0070465755	-0.0856295548	0.0503491297	-0.0705816534	-0.0159922456	-0.0572134995	0.0452281823	-0.0200297103	0.0475435969	0.0206666499	0.0735450129	-0.0611642118	0.0105206118	-0.0283693277	0.060189974	0.0715694402	-0.0159471848	-0.0152049749	-0.0583825066	0.0276240162	0.0901166817	-0.0534717477	0.0535546154	-0.0576987774	0.0416150749	-0.0023135826	0.1121515496	-0.1338547829	-0.0629834065	0.0786500166	0.091442469	-0.0100220326	-0.0003412886	-0.0567404197	-0.0744647682	0.0414976565	-0.1024214758	-0.1073422654	-0.0154229915965231	0.0064667420283655	0.0002378686697864	4.181875246142874e-05	0.07040573584338	-0.0096967144719145	0.0049569676396478	9.402627154983616e-05	0.0550837829756147	0.000825436454292	6.813453400743072e-07	0.0030342231469046	0.0071627717992494	0.0004435241180862	1.967136433241418e-07	5.130529984812249e-05	0.0039441715004493	0.0003453225492195	1.555648882495648e-05	1.1924766299952294e-07	-0.0026236766686298	-3.254484827480003e-05	6.883679261512366e-06	1.0591671492297543e-09	0.0	0.0	0.0	0.0	0.0	0.0	0.0	0.0	0.0	0.0	0.0	0.0	0.0	0.0	0.0	0.0	0.0	0.0
882.8938274682374	2.223239326121188	779501.5105815138	4.942793101211795	962.9877431019244	0.6877133472855803	0.4729496480347372	927345.393364538	866.4684289499847	0.3428169006432426	750767.5383670548	0.1175234273666389	866.8672004634499	632.9524860408545	0.85487	17.486412	0.0781152509598131	0.042061074070876	-0.0690616483	0.0307793065	-0.0413507211	-0.024585807	0.0497716294	0.0195856298	-0.0093547346	0.0201112566	0.0386505556	-0.0522096121	0.0112437527	0.0370694185	-0.0837107953	-0.0246110507	-0.0014043569	-0.0001358234	-0.0076567822	-0.0223099789	-0.010156993	-0.019165615	0.1242075487	0.0823086483	0.1311754758	-0.0534106616	0.0503545771	0.0106877905	-0.0897192962	0.0224867467	0.0194499801	-0.0093818183	-0.010362444	-0.0261793551	-0.044684051	0.0242919179	0.1264303152	0.0114217006	-0.0510508618	0.0021878671	-0.0230843904	0.0586914156	0.0819182069	-0.0435337738	-0.0933767139	0.0087086815	0.0308097172	0.0241036207	0.006912695	-0.0389972945	-0.0113363166	-0.0461468923	-0.0129205208	0.0641474897	-0.0265420082	-0.0361742706	-0.015584599	0.161633736	-0.0251666073	0.0162182837	-0.0232323598	0.0252266416	0.0382833527	-0.1063942335	-0.1013839798	-0.0098097497197073	0.0056132418768158	9.623118956329744e-05	3.1508484367638565e-05	0.0571487273630708	-0.0132570084803092	0.0032659770392185	0.0001757482738469	0.0493073148966516	-0.0057764680789631	3.3367583467279646e-05	0.0024312113023175	0.006412819994853	-0.0007499518043964	5.624277089174172e-07	4.1124260286386426e-05	0.0036452014524177	-0.0002989700480315	1.328749362870811e-05	8.938308962001716e-08	-0.0026032278705833	2.0448798046500145e-05	6.776795346181662e-06	4.1815334154654815e-10	0.0	0.0	0.0	0.0	0.0	0.0	0.0	0.0	0.0	0.0	0.0	0.0	0.0	0.0	0.0	0.0	0.0	0.0
882.1044843086374	-0.78934315959998	778108.3212374072	0.6230626236072795	962.257117420794	-0.7306256811303911	0.5338138859272479	925938.7600269757	865.6808416926314	-0.7875872573533798	749403.3196736627	0.6202936879454188	866.3413496229384	633.3346686142291	0.9136510000000002	18.688776	0.0622815334739949	0.0501916350483669	-0.0523923305	0.0576281956	-0.0237146646	-0.0362942687	-0.0086250611	0.0222280417	0.0582735169	0.0522838258	0.0485472559	-0.0603871669	-0.0503305629	0.0764007723	-0.0921458075	0.1052775992	0.0814071031	-0.0228296441	-0.1223177055	0.004852269	-0.0775314687	0.0322120355	0.0610983758	0.1475838648	-0.0322448456	-0.0494991497	0.0218331336	0.0659764041	-0.0365444857	0.0227300119	0.159729845	-0.0023989589	-0.0120137807	-0.1177460122	0.0026812237	-0.0698675655	0.0925956322	0.0155684554	-0.0495875101	0.0070438703	-0.0298550068	0.0477931729	0.034082566	-0.0245950496	-0.0575338935	-0.018615854	-0.0273202172	0.02558134	0.1157595036	-0.1166798107	-0.0532256279	-0.0173719246	0.0101564566	0.1195975704	0.0245141324	-0.1053709821	-0.0629911726	0.0835892564	-0.0117674531	-0.0308503145	0.0074698562	0.0663648263	0.0350428114	-0.1100753719	-0.0948006283	-0.0127658784456912	-0.0029561287259839	0.0001629676524901	8.738697044587198e-06	0.1067298365452273	0.0495811091821565	0.0113912580089709	0.0024582863877329	0.0540722962222162	0.0047649813255646	2.2705047032979416e-05	0.002923813218743	0.0063849156945402	-2.7904300312799404e-05	7.786499759468968e-10	4.076714842638577e-05	0.003711223529512	6.602207709429991e-05	1.3773180086003505e-05	4.358914663845681e-09	-0.002608887777982	-5.659907398699888e-06	6.8062954381038565e-06	3.203455176185773e-11	0.0	0.0	0.0	0.0	0.0	0.0	0.0	0.0	0.0	0.0	0.0	0.0	0.0	0.0	0.0	0.0	0.0	0.0
884.9221530524234	2.81766874378593	783087.2169629366	7.93925714970818	965.8394506638308	3.582333243036828	12.83311146416676	932845.8444586104	868.4703496898497	2.7895079972183794	754240.7482904099	7.7813548665452945	869.2050613533737	635.8888851537668	0.885885	18.120808	0.0682830732744378	0.0442041131461002	-0.0558635196	0.0576097754	0.0033589317	-0.014215178	0.0157349622	0.0672636198	0.1503274393	0.0184007856	0.0027690177	-0.006921477	0.0040179046	-0.0162556818	-0.1344379638	0.0245739033	0.0737788733	0.1616198158	-0.0864888547	-0.0983303382	-0.1646225677	0.0768027471	-0.0593033071	0.0712849279	0.027325158	-0.009470334	-0.0027466008	-0.0101006164	0.0202145904	0.0929571046	0.1058298831	0.0793437579	0.1356737832	-0.1318181912	0.070528827	0.0384827503	0.0425402098	0.1275225731	-0.042828894	0.0077009243	-0.0232610469	0.0409404531	0.1043740363	-0.0687911706	-0.0107867645	-0.0707018004	-0.1504402216	-0.0003651642	0.0666292576	-0.0137668714	-0.0166866917	-0.0037543577	0.0663337627	0.0391405163	-0.0056007642	-0.0083553204	0.0281413149	0.1011220652	-0.0469025399	-0.0737882576	0.0582122605	-0.0384060601	0.0317782535	-0.1134548014	-0.0876327994	-0.0128059917496585	-4.0113303967298855e-05	0.0001639934246923	1.609077155172914e-09	0.0743141880163307	-0.0324156485288966	0.0055225985405265	0.0010507742695489	0.0548056136154002	0.0007333173931839	5.377543991461721e-07	0.0030036552837605	0.0068477455385136	0.0004628298439733	2.1421146447244134e-07	4.689161896023291e-05	0.0039451126296186	0.0002338891001066	1.5563913660376187e-05	5.4704111148675276e-08	-0.0026140487148698	-5.160936887800127e-06	6.833250683712453e-06	2.6635269559856057e-11	0.0	0.0	0.0	0.0	0.0	0.0	0.0	0.0	0.0	0.0	0.0	0.0	0.0	0.0	0.0	0.0	0.0	0.0
882.5079088679859	-2.414244184437507	778820.2092145452	5.828574982090323	969.4122526444584	3.57280198062756	12.764913992776211	939760.1155772032	865.3962550474971	-3.074094642352634	748910.6782502327	9.450057870141167	866.6570178431324	639.4969856380036	1.000076	20.456594	0.0442666094187325	0.029608916675632	-0.0293494409	0.063945646	0.029060572	-0.0171819618	-0.0050563765	0.0156320554	0.1356631463	-0.0113101554	0.0497815372	0.0528400653	-0.0035226444	-0.0354433673	0.0780640676	0.1135445236	0.0324304624	-0.0688426373	-0.0376039575	0.0141270087	0.0202612452	0.0396225481	-0.1590815365	-0.0814728521	-0.0523809358	-0.0312155139	-0.0646368858	-0.00588408	0.1372407563	0.001216068	0.0691870625	-0.0463571159	-0.0625816156	0.0153196653	0.0657776675	-0.0459333223	-0.1545277803	-0.0132075124	-0.0340479731	-0.0149601997	-0.0146027619	0.0377786005	-0.1976207968	0.0406701094	0.0738935323	0.0094254659	-0.1570938826	0.0601222863	0.1747085458	0.0521357617	-0.0217005977	0.0395569501	-0.0510707044	0.2170307059	-0.1354540632	-0.0852975168	0.0174062697	-0.2966118175	0.0276950056	0.0910123161	-0.0528564233	0.0652838674	0.0284919163	-0.1165232592	-0.0799246852	-0.0127672214449603	3.877030469819944e-05	0.0001630019434246	1.5031365263912251e-09	0.0461904005176165	-0.0281237874987142	0.0021335530999778	0.0007909474232728	0.0545491205142951	-0.0002564931011051	6.578871091451106e-08	0.002975606548883	0.0066048873378193	-0.0002428582006943	5.898010564447291e-08	4.362453674528572e-05	0.0039451829417984	7.031217979982379e-08	1.5564468444257077e-05	4.943802628202749e-15	-0.00268807137228	-7.402265741020004e-05	7.225727702471282e-06	5.479353810067843e-09	0.0	0.0	0.0	0.0	0.0	0.0	0.0	0.0	0.0	0.0	0.0	0.0	0.0	0.0	0.0	0.0	0.0	0.0
884.2099898005596	1.7020809325737218	781827.3060631057	2.89707950103103	959.946787041354	-9.465465603104349	89.59503908355157	921497.8339510186	866.1647962800982	0.7685412326011374	750241.4543149441	0.5906556262080755	866.7662055643195	632.0759801395151	1.040732	21.288225	0.0867993036567899	0.0573336962007353	-0.0244313405	-0.0043481847	-0.0267530829	0.0344358599	0.0603481184	0.019565091	-0.0135833633	-0.0428934565	0.0300758465	0.00616182	-0.0256399675	-0.1137938908	-0.0144567309	0.0849343322	0.0473698901	-0.1767428336	-0.1082926633	0.1562816606	0.0753122843	-0.2398572914	-0.1364977818	-0.0721978744	0.0298906041	-0.039679375	0.0049514064	0.0086781659	0.0635797948	0.0493666837	-0.049734409	-0.06147499	-0.0647249743	-0.0518939576	0.1624161036	-0.2194583367	-0.1625579186	-0.0837496612	-0.0234585298	-0.0251798603	-0.0418161531	0.009395213	-0.3353075624	0.0708471802	0.0894946818	0.0340558426	0.0567036432	0.2264343199	-0.0460808662	0.062815321	0.003909587	0.0231427783	0.0208016776	0.2787891959	-0.0726474904	-0.0944980733	-0.0827916836	-0.0599380998	-0.0902314523	-0.0134350486	-0.2419793542	0.1513800019	0.0251860523	-0.1192723348	-0.0717238087	-0.0037603566594839	0.0090068647854763	1.4140282206524916e-05	8.112361326385482e-05	0.0779670250462629	0.0317766245286464	0.0060788569945645	0.0010097538664345	0.053412443315878	-0.001136677198417	1.2920350534013425e-06	0.0028528891009718	0.0057802316831332	-0.0008246556546861	6.800569488057604e-07	3.3411078310696865e-05	0.0039479817106491	2.798768850700156e-06	1.5586559587619795e-05	7.833107079649474e-12	-0.0026179430529318	7.012831934819982e-05	6.8536258283938746e-06	4.917981174603098e-09	0.0	0.0	0.0	0.0	0.0	0.0	0.0	0.0	0.0	0.0	0.0	0.0	0.0	0.0	0.0	0.0	0.0	0.0
885.444163702982	1.2341739024224123	784011.3670356732	1.5231852214205666	973.2984912136952	13.351704172341217	178.26800430571382	947309.9529988556	868.7387261529957	2.573929872897452	754706.9743179296	6.625114990593892	869.2779499021351	646.5377698294444	1.140065	23.320078	0.0586318882222089	0.0405592869440451	-0.0326565605	0.0483270242	-0.0265444887	0.0178313445	0.0030938597	0.0703614103	-0.0569879228	-0.1082150987	-0.0182373375	0.0129161076	0.0426272215	-0.0020216779	-0.1391543613	-0.0473665031	-0.0281765046	-0.037718641	-0.1302582496	0.0147808091	0.0833002379	-0.0472744167	-0.0671883094	0.0224384229	-0.0223553648	-0.0072244834	0.0169689785	-0.0192641023	-0.1023507152	0.0487757305	-0.0352891012	-0.0602728667	0.03552646	-0.1665636884	0.0070196137	0.0433134527	-0.1425870963	-0.0957662977	-0.0266984136	-0.0187308714	-0.0153469457	0.0353471478	-0.0627361252	-0.0131417209	-0.0570797854	0.0401898825	0.0862025902	0.1009431695	-0.0072004846	-0.0670926714	-0.0201180826	-0.0995014162	-0.0140513243	-0.0589600922	-0.0113218546	0.0390467998	-0.0097051778	0.0619309889	-0.1159062677	-0.0233285209	0.0837763231	0.003023181	0.0218629269	-0.1216944932	-0.063080731	-0.0068430350611379	-0.003082678401654	4.682712884796258e-05	9.50290612802406e-06	0.0660833084613017	-0.0118837165849612	0.0043670036571915	0.0001412227198716	0.0542181505477117	0.0008057072318337	6.491641434291249e-07	0.0029396078488143	0.0064810700554411	0.0007008383723079	4.911744240991871e-07	4.20042690635353e-05	0.0038010395340914	-0.0001469421765577	1.4447901539725767e-05	2.1592003251514294e-08	-0.0026273582241414	-9.415171209599914e-06	6.903011237963452e-06	8.86454489060791e-11	0.0	0.0	0.0	0.0	0.0	0.0	0.0	0.0	0.0	0.0	0.0	0.0	0.0	0.0	0.0	0.0	0.0	0.0
878.0413336769054	-7.402830026076572	770956.5836451187	54.80189239498085	966.72256345634	-6.575927757355203	43.24282586995462	934552.5146955972	864.5298943234418	-4.208831829553901	747411.9381789014	17.714265369466037	866.1127977941791	629.3341765790373	1.246584	25.498932	0.0791655800882613	0.0417355994095446	-0.0169188068	0.0231963625	-0.0246578884	0.0024521818	0.0020646223	-0.0302245752	0.0753882118	0.0667231576	0.0599636893	-0.0149477386	-0.0138933722	0.012884322	0.120763941	0.1006541671	0.0643080461	-0.0663374571	0.0361024997	-0.0093696947	0.0344305863	0.0797835952	-0.0091786885	0.0194520171	0.0155545263	-0.0373204634	-0.0050421014	0.0346277356	0.099694011	-0.0498310758	0.0973135862	-0.0203867867	-0.0875970827	0.0577152179	-0.0491645641	-0.0247833366	-0.0040965613	-0.0264628383	-0.0187649995	-0.0343232977	-0.0364162026	0.0384708195	-0.051227378	-0.0196597566	0.0077420157	0.0609527751	0.0526515384	-0.0323787561	0.1616822522	-0.0223838672	0.0805273378	-0.0052095909	-0.1164203546	-0.0700704933	0.0548947872	0.1179350363	0.0093758654	-0.081852113	0.0144715952	0.0505961542	0.0822515654	0.0981630155	0.0185248178	-0.1237830955	-0.0540487397	-0.0082196734472859	-0.0013766383861479	6.756303158001686e-05	1.895133246216168e-06	0.0788613254161987	0.0127780169548969	0.0062191086463995	0.0001632777172996	0.080832031236298	0.0266138806885862	0.0007082986453063	0.0065338172737858	0.0066063259809285	0.0001252559254873	1.5689046869705032e-08	4.36435429662909e-05	0.0044139880865665	0.0006129485524751	1.9483290828350995e-05	3.757059279813208e-07	-0.0025976218209313	2.973640321010012e-05	6.747639124578443e-06	8.842536758736524e-10	0.0	0.0	0.0	0.0	0.0	0.0	0.0	0.0	0.0	0.0	0.0	0.0	0.0	0.0	0.0	0.0	0.0	0.0
878.5291600218414	0.4878263449360247	771813.4850086824	0.2379745428136414	958.0020945905204	-8.720468865819612	76.04657723972919	917768.0132398244	864.8461625015619	0.3162681781201399	747958.8847936781	0.1000255604914325	865.3791491907886	608.761720442864	1.093668	22.371021	0.0798552118453202	0.0341979221396357	-0.0261747165	-0.065604506	-0.09239252	-0.0054893204	0.0738723956	0.0232673326	-0.0874529543	0.0867504814	0.0568797395	-0.0513996247	-0.0040379861	0.0428076991	0.0912217277	-0.0178759986	-0.0665888319	0.0583395705	-0.051069624	0.1485084145	-0.1263384516	0.071102117	-0.0716690023	0.1056181775	0.0731090479	-0.0546936885	0.0317324968	0.020254279	0.0579485784	-0.1303532604	-0.0712242278	-0.0207699475	0.1010006361	-0.0229411293	0.0742940385	-0.1340638993	0.0013689253	0.0629080863	-0.0195331075	-0.039116931	-0.0318071322	0.0163924932	0.0336232703	-0.0238203333	0.134819177	-0.1871650247	0.1471088434	0.0413096908	0.0771596797	0.0681732307	0.0884917045	0.0762331653	-0.0080510938	-0.0710678695	0.0262966261	0.111838259	0.0872103292	-0.0355330143	0.0017726081	-0.0244901856	0.1602229818	-0.0500330841	0.0151740128	-0.1255324169	-0.0446835199	0.0070068401948759	0.0152265136421618	4.909580951652855e-05	0.0002318467176949	0.0648932763704976	-0.013968049045701	0.0042111373180977	0.0001951063941431	0.0959647739981903	0.0151327427618923	0.0002289999034976	0.0092092378485237	0.0069084373364548	0.0003021113555263	9.127127113793852e-08	4.7726506431722686e-05	0.0040479436224731	-0.0003660444640934	1.6385847570720642e-05	1.3398854969342458e-07	-0.0026400241292229	-4.2402308291600126e-05	6.969727402879132e-06	1.7979557484559007e-09	0.0	0.0	0.0	0.0	0.0	0.0	0.0	0.0	0.0	0.0	0.0	0.0	0.0	0.0	0.0	0.0	0.0	0.0
881.475329054026	2.946169032184571	776998.7557309035	8.67991196620337	963.5139478200888	5.5118532295683735	30.38052602430331	928359.1276438528	865.7845362635414	0.9383737619795056	749582.8632330755	0.8805453171715698	865.8166105873564	627.7646169736119	1.085563	22.205229	0.0557068456013437	0.0277430746243345	-0.013502988	-0.0146970381	-0.0780449237	0.0083168874	0.0525572885	0.0145285808	-0.0627040189	-0.1218750033	0.0227346174	-0.0897906519	0.0155743609	-0.0420548534	-0.0454944521	0.0014565633	-0.0219618008	0.0030328913	0.0378821165	0.0840321987	0.0212266556	0.0005253625	0.0382151756	0.1541414171	0.1497340434	-0.0477380041	0.0921683981	-0.003730755	-0.0572552834	0.0340280419	-0.0402856508	-0.0023479082	0.0060603027	0.0005401327	-0.0400430711	-0.134859302	0.1305446912	0.1136545285	-0.0062772238	-0.0453495343	-0.0544023024	0.0209758036	-0.010336936	-0.0794458668	-0.0275427516	-0.0132986124	0.1582735104	0.188619003	-0.0338908281	0.0740952738	0.0149938627	-0.0422779752	-0.0774033298	-0.078570231	-0.0806465581	0.1290254368	0.106839555	-0.0335533319	0.0351814025	0.0531166046	-0.1244582394	-0.140236759	0.0118128082	-0.1269376627	-0.0350428114	0.0041958962458039	-0.002810943949072	1.760554530555126e-05	7.901405884824493e-06	0.0704128438724893	0.0055195675019917	0.0049579685822115	3.046562540904291e-05	0.0823376628353003	-0.01362711116289	0.0001856981586457	0.0067794907211795	0.0072031544088956	0.0002947170724408	8.685815278807615e-08	5.188543343839213e-05	0.0041731486280609	0.0001252050055877	1.7415169471886572e-05	1.5676293424241016e-08	-0.0028950865109421	-0.0002550623817192	8.381525905838904e-06	6.505681856827088e-08	0.0	0.0	0.0	0.0	0.0	0.0	0.0	0.0	0.0	0.0	0.0	0.0	0.0	0.0	0.0	0.0	0.0	0.0
885.9670884768316	4.491759422805558	784937.6818641139	20.17590271236252	970.5563377472292	7.042389927140448	49.595255885889244	941979.6047413136	868.1848662353855	2.4003299718440303	753744.9619601541	5.761583973732764	868.1457177577875	618.8995342438745	1.054489	21.569622	0.2312327828320725	0.1108422274837201	0.0158025738	-0.0333316083	-0.0667197731	0.0477352365	0.0061457222	-0.0468161077	-0.1019240649	-0.0411550359	-0.0465911416	-0.0201099713	0.0469424108	0.0149304124	-0.050423323	-0.1115369781	-0.0399142195	0.0099075241	-0.0435708291	-0.0169678817	0.1908232231	0.0717932443	-0.0063337216	0.0293620431	-0.0708729852	0.0283651135	0.0569111534	-0.0288146801	-0.101991771	-0.012732738	-0.0827055272	0.0016993852	-0.0126798356	-0.0979865161	-0.1354152703	0.0646021451	-0.0622128119	0.0205607033	0.0222219708	-0.0468794671	-0.0314007491	-0.0021927282	0.0257907953	-0.0562230047	0.0083964349	-0.0087681932	0.2170365725	0.0639518739	0.0517389288	-0.0268318302	0.0163196585	-0.0107293764	-0.0907595518	-0.069053915	0.0235483253	0.1105910222	0.0207166975	-0.0711243619	-0.0463721842	-0.0224210274	-0.1597575209	0.1048759429	0.0084435077	-0.1279949812	-0.0251860523	-0.0123963502412181	-0.016592246487022	0.0001536694993029	0.000275302643486	0.1114812391669062	0.0410683952944169	0.0124280666861889	0.0016866130920584	0.0172026054137717	-0.0651350574215285	0.0042425757053058	0.0002959296330219	0.005565324924066	-0.0016378294848296	2.6824854213771945e-06	3.097284151043023e-05	0.0044167999881377	0.0002436513600768	1.9508122135213188e-05	5.936598526727449e-08	-0.0026078256832664	0.0002872608276757	6.800754794303866e-06	8.251878311692835e-08	0.0	0.0	0.0	0.0	0.0	0.0	0.0	0.0	0.0	0.0	0.0	0.0	0.0	0.0	0.0	0.0	0.0	0.0
883.6495982948666	-2.317490181965013	780836.612566679	5.3707607435042295	970.6006459270616	0.0443081798323419	0.0019632148000551	942065.6138740293	866.5368328916844	-1.6480333437010586	750886.082757951	2.7160139019504914	866.815973187308	642.8277426649705	1.16028	23.733572	0.2115259931933738	0.1444018385831261	-0.0001068033	0.044411731	-0.0194264429	-0.001617098	-0.0098008581	0.0526378602	-0.0753394232	-0.1507461103	0.0219774266	0.0163689262	0.0125370296	0.0045188327	-0.0742698229	-0.0390612363	-0.141497428	-0.1576593741	-0.0809278267	0.0207965639	0.0010209962	-0.0111962981	-0.0630489407	-0.0923910012	-0.0763410023	-0.0312803829	0.0038790859	0.015906831	-0.1103642237	0.0281108457	-0.0788814097	-0.146543166	-0.0622414532	-0.0177303429	0.1019715764	0.0251095759	-0.1519847388	-0.0656777748	-0.0040964285	-0.0075730871	0.0090806856	0.0606782646	0.0052320731	-0.0306846467	-0.0065854982	-0.0698527653	0.081949915	0.1856299303	0.0247692154	0.029779389	-0.0322777639	-0.1687869572	-0.0392177959	-0.0774364394	0.0421456028	0.0711560238	-0.0323174272	-0.1661504087	-0.0745157732	-0.088931982	0.1508460432	-0.0512925098	0.0050684204	-0.1287014744	-0.0151740128	-0.0127061054513575	-0.0003097552101394	0.000161445115741	9.594829020850433e-08	0.0020430738231311	-0.1094381653437751	4.17415064676353e-06	0.0119767120338114	0.026841979777231	0.0096393743634593	9.29175381189164e-05	0.0007204918783612	0.0071533573440552	0.0015880324199892	2.521846966936756e-06	5.117052129174847e-05	0.0045111780668773	9.43780787395999e-05	2.0350727551074813e-05	8.907221746578121e-09	-0.0027681891500576	-0.0001603634667912	7.662871170496617e-06	2.571644148129232e-08	0.0	0.0	0.0	0.0	0.0	0.0	0.0	0.0	0.0	0.0	0.0	0.0	0.0	0.0	0.0	0.0	0.0	0.0
879.8166905939303	-3.832907700936289	774077.4090476556	14.69118144389671	962.7717540695006	-7.828891857560961	61.29154771738432	926929.450434063	864.9825522644297	-1.554280627254684	748194.8157218869	2.415788268259214	866.4201661199586	627.715398614356	1.158092	23.688829	0.1521364861324998	0.0992236106624551	0.0157581719	0.0132838078	0.0156379783	0.0264872659	-0.0024983551	0.0183935239	0.0808088555	0.0056928162	0.0250614601	-0.0034605895	-0.0149063895	-0.0126109803	0.0757333866	0.1218193456	0.0291718847	-0.159049679	0.0587640268	-0.0635447938	-0.0189353783	0.0840670067	0.0376961599	0.1240978462	-0.0281800849	-0.0075028914	-0.002386017	0.0220237459	0.0517916997	0.0270827951	0.1049420656	-0.0555201948	-0.1507591806	0.0565983954	-0.0223886794	0.0219166383	0.0179341972	-0.0425061909	0.007883219	-0.0455973943	-0.0149388405	0.0459852904	-0.0080841065	-0.0799222272	-0.0645461155	0.0403444633	0.0596903409	0.0106607924	0.1982248619	-0.046450848	-0.0250806651	-0.1024210129	-0.1333755076	-0.1506787727	0.0438938414	0.1359775908	-0.0081708162	-0.0016434989	0.0560618133	-0.0373798779	0.0880103101	-0.0790466716	0.0016898595	-0.1290552057	-0.0050684204	0.0055451437820295	0.018251249233387	3.074861956338043e-05	0.0003331080985792	0.0964771322607163	0.0944340584375852	0.0093078370492517	0.0089177913929932	0.0480810537397786	0.0212390739625475	0.0004510982627865	0.0023117877287274	0.0070338822712134	-0.0001194750728418	1.4274293030553481e-08	4.9475499805290176e-05	0.004542099315075	3.0921248197699966e-05	2.0630666188004783e-05	9.561235901037635e-10	-0.0029820349189977	-0.0002138457689401	8.89253225812162e-06	4.5730012893582745e-08	0.0	0.0	0.0	0.0	0.0	0.0	0.0	0.0	0.0	0.0	0.0	0.0	0.0	0.0	0.0	0.0	0.0	0.0
877.626776321765	-2.18991427216531	770228.7585169333	4.795724519433322	961.6982084986676	-1.073545570833062	1.1525000926552846	924863.4442295468	863.2622664959606	-1.7202857684691253	745221.7407557429	2.9593831251974088	864.4339615781083	623.1010420405266	1.105188	22.606678	0.0511575374229381	0.031543316312084	-0.0007704296	-0.0312138402	-0.0227679482	-0.0067973944	0.018543602	0.0346434039	-0.0188028633	0.1176618864	0.0586886621	-0.0506754229	-0.0157053696	0.0108527191	0.1638621942	0.0206557841	-0.0885228038	-0.0711485026	0.0210444547	0.1014742884	-0.1427143673	0.1081473104	0.0096861874	0.0110893205	0.0039643599	-0.0399424839	0.0088147039	0.0321564617	0.0976039674	-0.113333302	-0.024927583	-0.0259611499	-0.0318426389	0.0725027773	0.1188798361	-0.0738968707	0.0265462609	0.0117486284	0.0006545022	-0.0364437888	-0.0151078158	0.0216951586	-0.0042146772	-0.0369865208	0.123970377	-0.1395537519	0.0511195292	2.00448e-05	0.110735608	0.0844311455	0.0493501034	-0.005662039	-0.0367117421	-0.0668956593	0.0998335594	0.1489230787	-0.0142322682	-0.0341433688	0.0194543006	-0.0447385095	0.0993304683	-0.0046386047	-0.0016898595	-0.1290552057	0.0050684204	0.0078475924027259	0.0023024486206964	6.158470651932126e-05	5.301269650946755e-06	0.0963176202473761	-0.0001595120133402	0.0092770839701177	2.544408239984557e-08	0.0742475677591301	0.0261665140193515	0.0006846864559249	0.0055127013181466	0.0068852987672786	-0.0001485835039348	2.207705764154273e-08	4.74073391146882e-05	0.0044118963087749	-0.0001302030063	1.9464829039381587e-05	1.6952822849583866e-08	-0.0028102401738416	0.0001717947451561	7.897449834673265e-06	2.9513434463249453e-08	0.0	0.0	0.0	0.0	0.0	0.0	0.0	0.0	0.0	0.0	0.0	0.0	0.0	0.0	0.0	0.0	0.0	0.0
877.9188242719841	0.292047950219171	770741.4620111029	0.0852920052272194	956.8203031241176	-4.877905374549982	23.7939608430636	915505.0924705282	864.8971983759725	1.6349318800118908	748047.1637586063	2.673002252279216	865.5731083014073	616.4544383531371	0.924527	18.911236	0.0357237810371953	0.0166853169499219	0.0219143345	-0.0875600653	-0.0703401073	0.0312538745	0.057042726	-0.0436219011	-0.1622251893	0.0066895069	0.0307306796	-0.0673574174	-0.0006532388	-0.0075814167	0.0759538296	-0.036572381	-0.1287806304	-0.0290376255	0.0389263627	0.1687763556	0.0106851912	-0.0111463829	0.0255398619	0.1422384094	0.149820637	-0.0289367621	0.0636115975	0.0073472246	-0.0337384075	-0.0652842173	-0.13920169	-0.0484288397	-0.0119568904	0.0487198524	0.0073819376	-0.1236835467	0.0895901868	0.0579126698	0.0168070816	-0.0573559389	-0.0159364131	0.0068252642	0.0209253541	-0.0820300062	0.0569256125	-0.0783123212	0.1908385916	0.0816826465	-0.0143422168	0.089685824	-0.028716567	0.018682295	-0.0503752333	-0.0861150788	-0.1294158998	0.0680039352	0.0616107487	0.0167623747	0.0780770091	-0.0151929028	0.0887984434	0.0077831276	-0.0050684204	-0.1287014744	0.0151740128	0.0025465557218637	-0.0053010366808622	6.484946044556751e-06	2.810098989184653e-05	0.0965022674819664	0.0001846472345903	0.0093126876291609	3.409460124184588e-08	0.0797321907021029	0.0054846229429727	3.0081088826583525e-05	0.0063572222341565	0.0069830138677202	9.77151004416003e-05	9.548240854312037e-09	4.876248267677263e-05	0.0046482089762918	0.0002363126675169	2.1605846687279665e-05	5.5843676828952966e-08	-0.0029712818894585	-0.0001610417156169	8.828516066624073e-06	2.5934434168834543e-08	0.0	0.0	0.0	0.0	0.0	0.0	0.0	0.0	0.0	0.0	0.0	0.0	0.0	0.0	0.0	0.0	0.0	0.0
880.9984178659968	3.0795935940126355	776158.2122823894	9.483896704283662	960.0737995009824	3.2534963768648595	10.585238674272768	921741.7004882526	865.0380434081352	0.1408450321627015	748290.8165433748	0.0198373230849124	865.5543255145733	632.4414917640244	0.82591	16.89402	0.0653094995201434	0.0335219848235519	-0.0006160974	-0.0348462529	-0.043256538	0.0033020723	0.0455527229	-0.0157814203	-0.1450370014	-0.0458654538	0.0348524953	-0.0640949936	0.0062996616	0.0476810035	-0.0083596436	-0.0103387949	-0.1263114313	-0.0304077874	0.0082777031	0.1115719945	-0.0174414313	-0.0386331395	0.0633712619	0.1816919198	0.0940775685	-0.037111955	0.062769663	0.0206962544	-0.0979303357	-0.0252620992	-0.0849366253	-0.0860595257	-0.0138208972	0.0231161817	0.0124961407	-0.0763940313	0.1150608237	0.0648737825	0.0070658515	-0.0299564217	-0.0097135148	0.028080437	-0.0001691814	-0.044123284	0.0442569493	-0.0842422226	0.1307328786	0.1258997787	-0.0248468626	0.0957207313	-0.0176681913	-0.0615130907	-0.0390108763	-0.060903077	-0.0291252709	0.0142369683	0.0377577014	-0.0401531205	0.0496174533	0.0232612982	-0.0815495889	-0.0742121504	-0.0084435077	-0.1279949812	0.0251860523	0.0057251417071739	0.0031785859853101	3.2777247567222075e-05	1.0103408866010411e-05	0.0718387213136537	-0.0246635461683127	0.0051608018799808	0.0006082905095964	0.0691880317597224	-0.0105441589423805	0.0001111792878021	0.0047869837387843	0.0071931511330495	0.0002101372653293	4.4157670280076716e-08	5.174142322289131e-05	0.0048298823472365	0.0001816733709446	2.332776348814676e-05	3.300521371041045e-08	-0.0031179354216673	-0.0001466535322088	9.721521293687643e-06	2.1507258509317568e-08	0.0	0.0	0.0	0.0	0.0	0.0	0.0	0.0	0.0	0.0	0.0	0.0	0.0	0.0	0.0	0.0	0.0	0.0
881.5461379376087	0.5477200716119341	777123.5933127134	0.2999972768465823	963.44367309938	3.3698735983975894	11.356048069177117	928223.7112352252	866.1713283151513	1.1332849070161046	750252.7699952336	1.284334680470501	865.9389210758046	625.0472677591684	0.902667	18.464096	0.0419796071522292	0.0210548951023535	0.0408175821	-0.0682444246	-0.046717842	0.0463965299	0.0141413934	-0.0619785136	-0.1293669894	-0.0324538329	-0.0008859684	-0.034541037	0.0185665539	0.0647916308	-0.0815577444	-0.0016494709	-0.0064868023	-0.0899574623	-0.0417870531	0.0787137208	0.1392260614	-0.0059889557	0.1483263017	0.141983046	0.0221364719	-0.010047086	0.0588130548	0.0096448378	-0.1438059131	-0.0023817021	-0.0038036874	-0.0762422709	-0.1134552621	-0.0535739391	-0.1389840925	-0.080604297	0.0876750101	-0.0237559954	0.0306962153	-0.0631387773	-0.0018218595	0.0153827352	0.0125233089	-0.0925057832	-0.0618313011	0.0660329394	0.2613473417	0.0634592049	-0.0051966328	-0.0501111307	-0.0610110524	-0.0457777395	-0.0636198797	-0.0579112705	-0.1215998206	-0.0179798019	0.0179586093	0.1006845384	0.0507692692	-0.077362882	0.0093033481	0.007264833	-0.0118128082	-0.1269376627	0.0350428114	0.0052391296528639	-0.00048601205431	2.7448479519517805e-05	2.3620771693462655e-07	0.0838152773121407	0.011976555998487	0.007025000710911	0.0001434378935848	0.0574013098115102	-0.0117867219482121	0.0001389268142844	0.0032949103680769	0.0071914480111947	-1.7031218548001562e-06	2.900624052297924e-12	5.1716924497716206e-05	0.0046690668980635	-0.0001608154491729	2.180018569859231e-05	2.5861608692713723e-08	-0.0029258476496707	0.0001920877719965	8.56058446908356e-06	3.6897712150617776e-08	0.0	0.0	0.0	0.0	0.0	0.0	0.0	0.0	0.0	0.0	0.0	0.0	0.0	0.0	0.0	0.0	0.0	0.0
883.8570073921535	2.310869454544786	781203.2095162133	5.3401176359481175	966.667761480952	3.22408838157196	10.3947458921873	934446.5610865948	866.2379111341708	0.0665828190194588	750368.1186860915	0.004433271788578	867.0334864168086	651.3701438369899	1.489613	30.470097	0.3700250208291664	0.215684005623449	-0.0238120984	0.111574994	-0.0277739349	-0.0476220986	-0.0764070365	0.1252379966	-0.051591365	0.0763980395	0.0153458692	0.0088494037	-0.0485373222	0.1429677387	-0.0857299813	-0.0629053235	-0.0750738778	-0.0701095951	0.0070978581	-0.0737961854	0.0223900012	0.0084330388	0.0657206026	-0.1970084329	-0.0629717288	-0.0143531861	-0.0155687196	0.0777123189	-0.1668680458	-0.0323075846	0.0687383603	-0.025931832	-0.0151344325	0.0181255032	0.0485256155	0.1210775541	0.0471633401	-0.0953147248	-0.0098035598	0.0780175903	0.0048304493	0.0980242172	0.0284229876	0.1042525884	-0.0044777091	-0.1179003339	-0.011427777	0.138817399	-0.0248644595	-0.0808573369	0.0383531982	-0.1344399723	0.0034927981	-0.0023871387	0.3442693523	-0.1212950641	-0.2275490647	0.0053735887	0.0367457985	0.0971667516	-0.1863803475	-0.0192528168	-0.0151740128	-0.1255324169	0.0446835199	-0.0565873056909538	-0.0618264353438176	0.0032021231653614	0.0038225081073232	0.0958473520830551	0.0120320747709144	0.0091867149013331	0.0001447708232928	-0.0789702680529842	-0.1363715778644944	0.0185972072492518	0.0062363032363601	0.0095289623627016	0.0023375143515068	5.463973343500722e-06	9.080112370978366e-05	0.0043978910667663	-0.0002711758312971	1.9341445835142825e-05	7.353633147972731e-08	-0.0035130561238654	-0.0005872084741946	1.2341563329428189e-05	3.448137921660673e-07	0.0	0.0	0.0	0.0	0.0	0.0	0.0	0.0	0.0	0.0	0.0	0.0	0.0	0.0	0.0	0.0	0.0	0.0
881.9889900677167	-1.868017324436778	777904.5786006709	3.4894887243959385	966.8596636760666	0.1919021951146078	0.036826452489805	934817.6092437966	864.4120728727507	-1.8258382614200173	747208.2317281658	3.333685356865271	865.5153757731119	651.1708818255244	1.165955	23.849655	0.1595082245035576	0.0810614422563001	0.0004382433	0.1178606281	0.0246808249	-0.0169807432	-0.0733992299	0.0910746098	0.0468718528	0.1170971491	-0.0141668376	-0.0471971831	-0.0812893373	0.2390570266	-0.0074356073	-0.0329660987	0.0589966005	-0.1058060869	0.1148922123	-0.1967110951	-0.1847878258	0.0310800654	-0.1973536967	0.0231330708	-0.0884060284	0.0157563029	0.0149591802	0.1005243743	-0.1025670032	-0.0800228066	0.2226804392	0.0501881116	0.0087581182	0.1840643752	0.1566961413	0.1419339297	-0.1400488376	0.0147593294	0.0083289608	0.0751006483	-0.0049673642	0.0538755855	0.0353929832	0.0841730637	-0.0206827935	-0.1413358509	-0.1496849759	0.1224508906	0.0806085092	-0.030798772	0.014141262	-0.1178838479	0.1233583963	-0.1230667226	0.2559417119	0.0600821449	-0.1805322829	-0.0040360568	0.1978528115	0.0893774798	-0.2526776937	-0.1921237121	-0.0185248178	-0.1237830955	0.0540487397	-0.0450240887027462	0.0115632169882076	0.0020271685635127	0.0001337079871163	0.0988245260083431	0.0029771739252879	0.0097662869407736	8.863564581414749e-06	-0.0163886763296972	0.0625815917232869	0.0039164556226201	0.0002685887118395	0.01015349646065	0.0006245340979484	3.900428395002225e-07	0.0001030934903764	0.003462335909212	-0.0009355551575543	1.1987769948218886e-05	8.752634528264514e-07	-0.0036006917056982	-8.763558183280023e-05	1.2964980759483812e-05	7.679995203173426e-09	0.0	0.0	0.0	0.0	0.0	0.0	0.0	0.0	0.0	0.0	0.0	0.0	0.0	0.0	0.0	0.0	0.0	0.0
882.1623444994051	0.1733544316883808	778210.402052687	0.0300517589860014	962.8625666147256	-3.997097061341037	15.976784917781156	927104.3221878968	865.204944679568	0.7928718068172884	748579.5962979743	0.6286457020457116	866.3569056845118	621.9300478066257	2.227111	45.555653	0.9958463463925205	0.6027537854542344	0.0786285313	-0.1276790805	-0.1835048567	0.1901833928	0.2132904262	-0.1666449339	0.2396423551	-0.0605610903	-0.038182196	-0.2930503294	0.1167875053	-0.2502324352	0.0051068128	0.0209327973	0.0972162553	0.1211813651	0.00130498	-0.0345775267	-0.0201859265	-0.1372429997	-0.1297206881	0.1931244797	-0.1351474025	-0.0234912182	0.2840711397	-0.1324889225	0.1852038572	0.17605756	0.050479124	0.1222996486	0.0138463004	-0.0377173168	0.0488406342	-0.0196961137	0.0188473568	0.2855203088	0.0832623084	-0.220154126	-0.2060939267	-0.1467070294	-0.0127664176	-0.2050680171	0.1624896955	0.051274833	-0.2392628529	0.0654097512	0.028182087	-0.1964033976	-0.1678690212	0.2180285086	0.2170626029	0.0972394146	-0.0633511859	0.1952206091	-0.0266945523	0.1817636507	0.26118465	-0.1536715687	-0.1252929583	0.0450222105	-0.0218629269	-0.1216944932	0.063080731	-0.0117718273194356	0.0332522613833106	0.0001385759184386	0.001105712887104	0.3022157964863652	0.2033912704780221	0.0913343876458881	0.0413680089066639	0.3682755651674654	0.3846642414971626	0.1479665786865874	0.135626891899416	0.0040661481792942	-0.0060873482813558	3.705580909852543e-05	1.6533561015977535e-05	0.004185101187335	0.000722765278123	1.7515071948232827e-05	5.223896472602177e-07	-0.0029200338044965	0.0006806579012017	8.526597419402305e-06	4.6329517846830313e-07	0.0	0.0	0.0	0.0	0.0	0.0	0.0	1.0	0.0	0.0	0.0	0.0	0.0	0.0	0.0	0.0	0.0	0.0
886.6886185606736	4.526274061268509	786216.7062850357	20.487156877712124	962.2975476046644	-0.565019010061178	0.3192464817305136	926016.5701259512	867.143674041366	1.9387293617979824	751938.1514299589	3.758671538297611	868.2176174066005	655.4440554026011	1.950385	39.895218	0.8210836433118552	0.4848479116814543	-0.0369266773	0.0406291554	0.0389925442	0.0058859754	0.0613296072	0.1277360882	0.0524301627	-0.024948365	-0.0110614757	-0.0183603382	0.0237219263	-0.0930596079	-0.1073085524	0.0365185989	-0.0672762608	0.0440992126	-0.082053022	-0.1026899823	-0.0404933166	-0.1011195668	-0.0294085637	0.0013906741	-0.0496953746	-0.0090849575	0.0216513737	-0.0282496975	0.0100797354	0.1348427472	0.020857077	-0.044576852	0.0550040787	-0.088387397	0.1081620382	0.1020479154	0.02523085	0.05097454	-0.0117096071	-0.0138987282	0.0002532978	0.0224066325	0.0303043983	-0.0535055382	-0.0597439335	0.1611116154	-0.10787305	0.1056078199	-0.0792316612	0.0006107509	-0.0088182436	-0.0491806078	0.1589994865	0.1061608019	0.0113247292	0.12665449	-0.0352220057	-0.1091123385	-0.0643086896	0.0529518489	-0.0075984661	-0.0267769366	-0.0251860523	-0.1192723348	0.0717238087	-0.0603717576085358	-0.0485999302891002	0.0036447491167438	0.0023619532241053	0.0441641646119848	-0.2580516318743804	0.0019504734358744	0.0665906447130307	0.1136204742370807	-0.2546550909303847	0.0648492153367625	0.0129096121658591	0.0087354930713455	0.0046693448920513	2.1802781720925563e-05	7.630883919952522e-05	0.0036658594088898	-0.0005192417784451	1.3438525205745875e-05	2.696120244829341e-07	-0.0029130806706332	6.953133863299866e-06	8.486038993616775e-06	4.834607052096732e-11	0.0	0.0	0.0	0.0	0.0	0.0	0.0	0.0	1.0	0.0	0.0	0.0	0.0	0.0	0.0	0.0	0.0	0.0
885.1819457031097	-1.506672857563899	783547.0769987431	2.2700630997197653	967.8852208723504	5.587673267686	31.222092546412743	936801.8007831183	867.4556363971907	0.3119623558246758	752479.2811172551	0.0973205114516816	868.4821828988883	644.0326039892366	1.049649	21.470608	0.1965738535705243	0.1076394025044409	0.0297156085	0.0324082767	0.052157095	0.0159863813	-0.0617741829	0.0287033188	0.1000470717	0.027396942	-0.0508952861	0.036942904	0.0301008784	0.0233951616	-0.0383945125	0.0759499986	0.0663817282	-0.0630648202	-0.0247441088	-0.0994283477	0.1255631811	-0.129319512	-0.0265637585	-0.0547162777	-0.1488193991	0.0515947654	-0.0322769631	-0.0297458201	0.0064238948	0.0413333756	0.1221599208	-0.0328011615	-0.0570184326	-0.0246349166	-0.0338775315	0.1163701929	-0.1271330322	-0.1264009324	0.0167832725	0.0099574002	0.0284368516	0.0101977036	-0.0778192183	0.0343330312	-0.0817577941	0.205302474	4.72446e-05	0.0279272268	0.0223854698	-0.0670412228	-0.0628145005	0.0289199568	0.0215857829	-0.0424849866	-0.0572345179	0.009619918	-0.1262810144	-0.0243622982	-0.0841652165	-0.0387317001	0.0462076914	-0.1374861462	-0.0284919163	-0.1165232592	0.0799246852	-0.0769795346150772	-0.0166077770065413	0.0059258487495538	0.000275818257099	0.1067301599029946	0.0625659952910098	0.0113913270329187	0.0039145037667546	0.0359069747741926	-0.0777134994628881	0.0060393879987683	0.0012893108374345	0.0091905193970647	0.0004550263257192	2.0704895709751606e-07	8.446564678782249e-05	0.0039996939892144	0.0003338345803245	1.5997552007357802e-05	1.1144552702050173e-07	-0.0029179514007911	-4.870730157899988e-06	8.514440377378744e-06	2.3724012271076447e-11	0.0	0.0	0.0	0.0	0.0	0.0	0.0	0.0	0.0	0.0	0.0	0.0	0.0	0.0	0.0	0.0	0.0	0.0
884.4087939769419	-0.7731517261678391	782178.9148637488	0.5977635916763093	972.427438081029	4.542217208678608	20.63173717081608	945615.1223328336	867.1382612671408	-0.3173751300498679	751928.7641534002	0.1007269731741705	868.0567688509949	652.1906822528618	0.824288	16.860847	0.0760827754095702	0.0394385629109597	-0.0023572007	0.0466340503	0.057553964	0.0195216471	-0.0480645507	0.0618422883	0.1010672921	-0.0129010795	-0.0193905837	0.0452089931	0.0101465579	-0.0059598262	-0.0204862268	0.0739538302	0.0564904476	-0.0359842734	-0.0711576458	-0.072865167	0.1118767264	-0.1009597897	0.0239948935	-0.1679419898	-0.0813179251	0.0273588483	-0.0386242059	-0.009977863	0.0374503894	0.0413647227	0.1038392628	-0.0078923635	-0.0612962161	-0.0708037899	-0.0164116676	0.1138767665	-0.056741868	-0.1112626292	0.0032826758	-0.0010714084	0.0216469929	0.0103373087	-0.0738841418	0.0298210659	-0.037092753	0.1928354133	-0.0053170595	0.0126115997	-0.0266035869	-0.0750676822	-0.0310361208	-0.0099857854	0.0700502183	-0.0900762059	0.0861872169	0.0812490743	-0.1453886401	0.068974721	-0.0403585201	0.0061632652	0.0956964409	0.113111586	-0.0317782535	-0.1134548014	0.0876327994	-0.0745177174304245	0.0024618171846527	0.0055528902110405	6.060543850651351e-06	0.1223524714371819	0.0156223115341873	0.0149701272667864	0.0002440566176712	0.0602720960672229	0.0243651212930302	0.000593659135624	0.0036327255643365	0.0088315377763409	-0.0003589816207238	1.2886780401748622e-07	7.799605949493637e-05	0.0041992160234478	0.0001995220342333	1.763341521158075e-05	3.980904214463392e-08	-0.0030321182537879	-0.0001141668529967	9.193741104953784e-06	1.3034070323192868e-08	0.0	0.0	0.0	0.0	0.0	0.0	0.0	0.0	0.0	0.0	0.0	0.0	0.0	0.0	0.0	0.0	0.0	0.0
882.5150310345637	-1.8937629423782028	778832.7800019368	3.586338081924948	967.394514014922	-5.032924066106943	25.33032465519845	935852.1457461672	866.4795992749125	-0.6586619922283035	750786.895959613	0.4338356200061576	868.2771886059362	642.0935429458913	0.960275	19.642458	0.0926972729302252	0.0419472318020024	0.0154460596	0.006205563	0.0281865683	0.0280992518	-0.0437077703	-0.0049517725	0.1028804162	0.0895571097	-0.0021501826	0.0184689826	-0.0015948755	0.0671207185	-0.0059404238	0.0895363047	0.1249100463	-0.0198317876	-0.1337530214	0.0187024815	-0.0460548667	-0.036777145	0.0337823592	-0.041197214	-0.0793374045	0.0172912838	-0.0248583309	0.0119323323	0.0416862349	-0.025522835	0.1502965579	0.0288842241	-0.0022532899	-0.101916673	0.0262832253	-0.0534712081	-0.0177314836	-0.1217635902	0.0102874682	0.0010603969	0.023572592	0.0068108633	-0.0116183847	0.0277595535	0.0176378095	0.1294658115	-0.0405438935	-0.0470055746	0.0864808519	-0.0812594782	-0.0643646499	0.0496714566	0.033489828	-0.0697523053	0.0581342443	-0.0706811341	-0.0206008461	7.71682e-05	0.0232803312	-0.0264566553	0.1544381624	-0.0421873501	-0.0350428114	-0.1100753719	0.0948006283	-0.0901223380049032	-0.0156046205744787	0.00812203580747	0.0002435041832734	0.1173685452168484	-0.0049839262203335	0.0137753754063193	2.4839520569727777e-05	0.092086285177956	0.0318141891107331	0.0010121426287734	0.0084798839178758	0.0093324225221521	0.0005008847458111	2.5088552858634974e-07	8.709411013197176e-05	0.0044790865542481	0.0002798705308003	2.0062216360446115e-05	7.832751401044178e-08	-0.0030069827899058	2.5135463882099748e-05	9.04194549878967e-06	6.317915445683409e-10	0.0	0.0	0.0	0.0	0.0	0.0	0.0	0.0	0.0	0.0	0.0	0.0	0.0	0.0	0.0	0.0	0.0	0.0
882.7637320606207	0.2487010260570059	779271.8066415953	0.0618522003618075	965.3512430765544	-2.043270938367641	4.17495612757778	931903.0225094488	866.1664887535721	-0.3131105213403771	750244.386239692	0.0980381985740427	867.6079041831514	642.6210163661411	0.826697	16.910116	0.0662210259186272	0.0291954314660344	0.0104134454	0.0203451714	0.0341637092	-0.0029275284	-0.0013964673	0.0315479519	0.1115373784	-0.0055050851	-0.0099033682	-0.0136302022	0.0267245065	-0.0070833318	-0.0200587062	0.0588085821	0.0341975379	0.0474710566	-0.0268431312	0.0113438405	-0.1925932576	-0.0053769157	-0.1171782352	-0.0440626037	0.0055380756	0.0063045026	-0.0078574963	-0.0211649547	0.0417648096	0.0453582382	0.0973889387	0.02748477	0.0737227494	-0.0077140833	0.1380357507	-0.0549351572	0.0096575399	0.0616985359	0.0050933748	-0.0085330337	0.025863903	0.0036149648	-0.0155635464	-0.0090883518	0.075146658	0.0306879551	-0.1247451972	0.0083351262	0.0151609559	-0.0370473593	-0.0398019437	0.0528875375	0.0677794158	-0.0673428419	0.054941167	-0.0187017309	0.0261142018	-0.0412663554	-0.0130918661	0.0490617728	0.1898806339	-0.0004921588	-0.0382833527	-0.1063942335	0.1013839798	-0.0673588048643267	0.0227635331405764	0.0045372085927504	0.0005181784410421	0.1194510832280002	0.0020825380111517	0.0142685612843426	4.336964567892081e-06	0.1050725784504749	0.0129862932725188	0.0001686438129598	0.0110402467422312	0.0095131462685243	0.0001807237463722	3.2661072502803575e-08	9.049995192633782e-05	0.0044292223160462	-4.98642382019002e-05	1.961801032496166e-05	2.4864422514558435e-09	-0.0033441680352193	-0.0003371852453134	1.1183459847782512e-05	1.1369388965712504e-07	0.0	0.0	0.0	0.0	0.0	0.0	0.0	0.0	0.0	0.0	0.0	0.0	0.0	0.0	0.0	0.0	0.0	0.0
882.8164490449874	0.0527169843667252	779364.8827044008	0.0027790804407215	965.014060284718	-0.3371827918364261	0.1136922351106066	931252.1365471972	866.0782493198698	-0.0882394337023697	750091.5339449705	0.0077861976601149	866.7694265251486	641.4287551526397	0.753515	15.413187	0.0248552472749491	0.0151679394705201	0.0264661017	0.0094740802	0.0600978513	0.0018935636	-0.0118988471	-0.0312597465	0.0883360408	0.0303754905	-0.0220289324	0.0358214724	0.004400851	-0.0163964945	0.0760497455	0.0760533764	0.0188080282	0.0571229844	0.0020786513	0.0134911929	-0.0765368138	0.0254796355	-0.07332252	-0.0883013984	-0.0863979474	0.0248879723	-0.046057107	-0.025172814	0.1032697085	-0.0149009741	0.0366031029	0.0064510697	0.0435437875	0.039759017	0.06354097	-0.0221006918	-0.0200075286	-0.0097237553	0.0170322003	-0.0095859399	0.0325920026	0.0003335421	-0.0205687579	0.005306892	0.0574942863	0.0570934539	-0.1241316921	-0.0638724792	0.0273195126	0.0455802124	-0.042748231	0.0718134531	-0.0202388808	-0.0570855616	-0.0095840154	-0.0418042778	0.0498595462	-0.0595637558	-0.0003365853	-0.0148428497	0.097972557	-0.0133632649	-0.0414976565	-0.1024214758	0.1073422654	-0.0680489066958784	-0.0006901018315517	0.0046306537025043	4.7624053791101233e-07	0.1168804809763059	-0.0025706022516942	0.0136610468332526	6.607995936415783e-06	0.0932015577079568	-0.011871020742518	0.0001409211334692	0.0086865303591896	0.0096321504757788	0.0001190042072545	1.4162001344272156e-08	9.277832278804578e-05	0.004391833675658	-3.738864038819925e-05	1.9288203034643665e-05	1.3979104300780836e-09	-0.0033822456365603	-3.807760134100008e-05	1.1439585546031187e-05	1.4499037238841307e-09	0.0	0.0	0.0	0.0	0.0	0.0	0.0	0.0	0.0	0.0	0.0	0.0	0.0	0.0	0.0	0.0	0.0	0.0
882.8536842976324	0.0372352526450185	779430.6278779036	0.0013864640395383	967.8688831329346	2.8548228482166	8.150013494699538	936770.1749369942	865.576853363504	-0.5013959563657409	749223.289078665	0.2513979050599159	867.2728664561215	647.0034059944301	0.798471	16.332767	0.0639729898528225	0.0317580544615478	0.0055737274	-0.0105224249	0.0626745838	-0.009829244	0.0022260806	-0.0458318814	0.0558839726	-0.0472247311	-0.0056354325	-0.0068176653	0.0418393237	-0.0898847089	0.0469866556	0.1031838032	-0.0452940218	0.018683681	0.055079043	-0.0003824861	-0.0690546991	-0.0732148543	0.1191163796	-0.050579667	0.0372283137	0.0016518318	-0.0031930886	-0.0426112409	0.0938659175	0.0250504272	-0.0088510949	-0.0549942714	0.0175044239	0.0756398013	0.0807221698	-0.0466062638	0.1096813754	-0.0456213595	0.0092966549	-0.0226379953	0.0432820829	-0.0054852559	-0.0032560121	-0.0228913653	0.0601274295	0.0650850007	-0.1200140499	-0.0326483051	-0.0461308732	0.0798516826	-0.0534540268	0.0513337228	-0.000416294	-0.027484186	0.004518128	0.0117656296	0.0439887696	-0.0286911743	-0.0351831229	0.0791779687	0.0899236097	0.0422540634	-0.0446835199	-0.098167988	0.1126387502	-0.0780285945026122	-0.0099796878067337	0.006088461560053	9.959416871987112e-05	0.1188191976028463	0.0019387166265403	0.0141180017189842	3.7586221580241735e-06	0.1158343949588101	0.0226328372508533	0.0005122453220236	0.0134176070554736	0.0094502074538551	-0.0001819430219237	3.3103263226728376e-08	8.93064209208985e-05	0.0045129950114346	0.0001211613357765	2.036712397323359e-05	1.4680069287169996e-08	-0.0030969150308867	0.0002853306056736	9.59088270853197e-06	8.14135545340635e-08	0.0	0.0	0.0	0.0	0.0	0.0	0.0	0.0	0.0	0.0	0.0	0.0	0.0	0.0	0.0	0.0	0.0	0.0
881.9176443497206	-0.9360399479118088	777778.7314153602	0.8761707840867415	964.0538751073632	-3.8150080255713874	14.554286235174096	929399.8741095234	865.2440135037949	-0.3328398597091109	748647.2029041552	0.1107823722111806	866.4462479811448	642.4509121073719	0.745132	15.2417	0.0850292660138737	0.0438045343503057	0.0273664093	-0.0158130099	0.0645277291	0.0076583227	0.0010511608	-0.0586407382	0.0723574238	0.0418041938	-0.0243723112	0.0107050826	0.02963922	-0.0337052786	0.0937978494	0.1041116872	-0.013047259	-0.0546625001	0.0530398797	-0.0580560646	-0.0276437657	-0.0227726028	0.0287087923	0.0242055667	-0.0471383448	0.0253613107	-0.0186694265	-0.0407653607	0.1060046118	0.0090387111	0.0090214561	-0.0408627109	-0.0774556151	0.076662854	0.0130669052	0.052637573	0.0167161682	0.0122960955	0.0188142633	-0.012440915	0.0418485028	-0.0028730445	-0.0077341172	-0.0044572181	0.0216332003	0.1062665084	-0.0967791346	-0.057926076	-0.0154520083	0.0884181821	-0.0803710244	0.0479832868	-0.0360081477	-0.0174956716	-0.0540440007	-0.0369850558	0.0864004496	-0.0915974237	-0.0347391254	0.0461430655	0.0402253771	0.0390421544	-0.0478387595	-0.0936454286	0.1172407796	-0.0682425850804833	0.0097860094221289	0.004657050418467	9.57659804099956e-05	0.1223031887903829	0.0034839911875366	0.014958069988296	1.213819459483271e-05	0.0933263302584919	-0.0225080647003182	0.0005066129765537	0.0087098039195171	0.0097740513588053	0.0003238439049502	1.0487487477339457e-07	9.553207996456372e-05	0.0050073280493878	0.0004943330379532	2.5073334194185836e-05	2.443651524120399e-07	-0.0029300679597123	0.0001668470711744	8.5852982485326e-06	2.783794515947532e-08	0.0	0.0	0.0	0.0	0.0	0.0	0.0	0.0	0.0	0.0	0.0	0.0	0.0	0.0	0.0	0.0	0.0	0.0
881.385653058704	-0.5319912910166522	776840.6694177181	0.2830147337175643	963.7579665586172	-0.295908548745956	0.0875618692209378	928829.4181052007	865.536352420218	0.2923389164230912	749153.1773608958	0.0854620420554271	867.035742057083	639.5545802613483	0.7306329999999999	14.945127	0.0343469448889626	0.021164201265328	0.025014691	-0.0206500424	0.0939250425	-0.0172852808	-0.0190988954	-0.0943530498	-0.0016682624	0.0816602989	-0.0150806057	0.0528422964	-0.0041645991	-0.0129061267	0.1271437001	0.0356185179	-0.0510402358	0.0201555306	0.0291597911	-0.0427953514	-0.0257305089	-0.0522174386	0.0682361565	-0.0664443138	-0.0580255195	0.0244422424	-0.0497584503	-0.018166763	0.0945071504	-0.0422779411	-0.0425659817	-0.0530410249	0.0015774651	0.092365838	0.0075941135	0.0483167883	0.0346178941	-0.0913276009	0.022137457	-0.0093657377	0.0668170455	0.0134838325	0.0008637594	0.0112855984	0.0276666664	0.0847653725	-0.0609563017	-0.0865954273	-0.0263810077	0.0783084723	-0.0086647065	0.0393163586	-0.0946261858	-0.0250473264	-0.0131062888	-0.0404185333	-0.005845854	-0.042490055	-0.0589093285	0.0719495907	-0.0369986412	0.0184191348	-0.0509612127	-0.0888661936	0.1211199807	-0.0713119807433884	-0.0030693956629051	0.0050853985975453	9.421189735460689e-06	0.1193809425000438	-0.0029222462903391	0.0142518094321987	8.53952338140065e-06	0.0935325926912753	0.0002062624327834	4.254419117772869e-08	0.008748345895552	0.0098035130804841	2.9461721678799777e-05	8.679930442790606e-10	9.610886871922284e-05	0.0047817804692156	-0.0002255475801722	2.286542445577176e-05	5.087171092153527e-08	-0.00323803946792	-0.0003079715082077	1.0484899595807636e-05	9.484644986772549e-08	0.0	0.0	0.0	0.0	0.0	0.0	0.0	0.0	0.0	0.0	0.0	0.0	0.0	0.0	0.0	0.0	0.0	0.0
882.1966265104818	0.8109734517778406	778270.8878264745	0.6576779394884656	966.732254809644	2.974288251026792	8.846390600196012	934571.2524893384	865.5419134954418	0.0055610752237953	749162.8040173509	3.092555764471042e-05	866.9129554161659	630.8173164897904	0.754507	15.433467	0.0357683769182771	0.0153896742378063	0.0250978978	-0.0877743784	0.0333529733	-0.0101330475	-0.0017732983	-0.1113028203	-0.0430250241	0.0759567519	-0.0189086018	0.0208343056	0.026404561	0.01824772	0.1220176437	-0.0142828837	-0.0428095573	0.033464378	0.0534848732	-0.0119210648	0.104992632	-0.0164215849	0.0686377358	0.0265075359	-0.1113822247	0.0257902662	-0.0163195647	-0.0340188397	0.0626495783	-0.1006224639	-0.0539431333	-0.0295383604	-0.0028014677	0.0548429738	-0.1096240956	0.0478501827	0.0093966494	-0.0152433969	0.0270824339	-0.0227183048	0.0554397436	0.003758673	0.0002552102	0.0214824254	-0.0039933969	0.1133674423	0.057625003	-0.1338758332	-0.0095798497	0.0822074951	-0.0325580723	0.0452543326	-0.0684911524	0.063452259	-0.037292074	-0.0178413235	-0.0082702299	0.0180397914	-0.0460410979	0.051915446	-0.1285192687	-0.0175430103	-0.0540487397	-0.0838433825	0.1242524367	-0.0667010111606742	0.0046109695827142	0.0044490248898563	2.126104049271559e-05	0.1195604599660526	0.0001795174660088	0.014294703587294	3.2226520602222466e-08	0.0842497960704662	-0.009282796620809	8.617031310330474e-05	0.0070980281379151	0.0096910258708857	-0.0001124872095984	1.2653372323234553e-08	9.391598243017592e-05	0.0046052436709482	-0.0001765367982673	2.120826926880845e-05	3.1165241142504613e-08	-0.0033829173250291	-0.0001448778571091	1.1444129627982042e-05	2.098959348052484e-08	0.0	0.0	0.0	0.0	0.0	0.0	0.0	0.0	0.0	0.0	0.0	0.0	0.0	0.0	0.0	0.0	0.0	0.0
882.9242330863312	0.7276065758494497	779555.2013710862	0.529411329219361	965.5079989146036	-1.2242558950404143	1.4988024965412066	932205.6959680822	865.686611212676	0.1446977172341803	749413.3088328869	0.0209374293727828	866.9008696205595	631.9488411207457	0.630347	12.893765	0.1402060344096827	0.0763826042638439	0.0317591872	-0.0734138676	0.0561183215	-0.0193004161	-0.0347145161	-0.0620039493	-0.0954805182	0.0736554667	-0.0091304268	0.0549524782	0.008095767	0.05195697	0.1163906182	-0.003617285	0.012003494	0.0650815253	-0.0266881221	0.018963129	0.0768432362	-0.0470798928	0.112571376	-0.0162058694	-0.0432353692	0.0244951552	-0.0452456602	-0.011961564	0.0222259361	-0.1383687539	-0.052406574	-0.001764756	0.0416796954	-0.0128163182	-0.0409164704	-0.0010804905	0.0549178894	-0.0588566412	0.0277131003	0.0127311364	0.0865392966	0.0232648362	0.014866175	0.0776420852	0.0095185907	0.0760830072	0.0484663754	-0.1129547416	-0.0167507036	0.0512006605	-0.0017101469	0.0548828702	-0.061204377	0.0387840236	-0.0242595207	-0.0559045956	-0.0534838443	-0.0139581872	-0.0647148397	0.0516864604	-0.1366779246	-0.0860085627	-0.0570992244	-0.0785907625	0.1266188352	-0.0803338135805091	-0.0136328024198349	0.0064535216043879	0.0001858533018182	0.0886082951707436	-0.030952164795309	0.0078514299730656	0.0009580365055159	0.0406693729046025	-0.0435804231658637	0.0018992532833157	0.0016539978924536	0.0104751684677094	0.0007841425968237	6.148796121534179e-07	0.0001097291544268	0.0046580051742124	5.2761503264200406e-05	2.1697012202989493e-05	2.78377622669823e-09	-0.0031790085445435	0.0002039087804856	1.010609532628058e-05	4.15787907591247e-08	0.0	0.0	0.0	0.0	0.0	0.0	0.0	0.0	0.0	0.0	0.0	0.0	0.0	0.0	0.0	0.0	0.0	0.0
884.9163288751608	1.9920957888296016	783076.9091098919	3.968445631872632	968.5909279513072	3.082929036703604	9.50445144535021	938168.3857095744	865.4646593287525	-0.2219518839234524	749029.0765470336	0.0492626387771697	866.6676116160858	644.0562999975728	0.7342119999999999	15.018332	0.0689154977876407	0.0332723730194301	0.0302934535	-0.0376020231	0.1001999276	0.0035547198	-0.0380205755	-0.0786319052	0.0139797078	0.0193376292	-0.0060879421	0.0554492328	-0.0044238366	0.029860564	0.1027469799	0.0753608676	0.0702090492	0.0623844786	0.012438072	-0.0652680207	0.0501568725	0.0572066791	0.1805072607	-0.0394443889	-0.0468206616	0.0371450125	-0.0538045777	0.0043653262	0.0695660752	-0.0813175984	0.0470825532	0.015219284	-0.0168627793	0.0066746246	-0.0818622524	-0.0131554443	0.0675894697	-0.0476362939	0.0277023313	0.019890463	0.0854258853	0.0176700682	0.0055943171	0.0774998663	-0.0154803733	0.1134091034	-0.0141963797	-0.1307360925	0.0128274312	0.047312825	-0.040085773	0.0071072464	-0.0765639514	0.004805728	0.0519482973	-0.0875180544	-0.0412624676	0.0043144482	-0.0633054725	-0.0056279626	-0.1009823329	-0.0601270114	-0.0601105761	-0.0731227308	0.1282045865	-0.094598339332947	-0.0142645257524379	0.0089488458045513	0.0002034766949419	0.1031152972391282	0.0145070020683845	0.0106327645247137	0.0002104531090121	0.0412132005639307	0.0005438276593281	2.9574852305038864e-07	0.0016985279007227	0.0103063688394289	-0.0001687996282805	2.8493314507635405e-08	0.0001062212386543	0.0050958355938293	0.0004378304196168	2.596754039933761e-05	1.9169547634191038e-07	-0.0033643813427959	-0.0001853727982524	1.131906181975314e-05	3.436307433192499e-08	0.0	0.0	0.0	0.0	0.0	0.0	0.0	0.0	0.0	0.0	0.0	0.0	0.0	0.0	0.0	0.0	0.0	0.0
882.0599976460121	-2.8563312291487364	778029.8394472828	8.158628090610332	966.672492751156	-1.91843520015118	3.680393617179097	934455.7082417338	865.1099593755433	-0.3546999532092059	748415.2418107542	0.1258120568066128	866.2199735722991	646.8704966578244	0.8386409999999999	17.154438	0.036989262527706	0.0249805539694966	0.0333307328	-0.056264177	0.0691579258	-0.004642709	-0.0350896788	-0.0643829142	-0.0712539965	0.0608173689	-0.0006121842	0.0622274613	0.0111211224	0.0769831652	0.1130914443	-0.0651008535	0.0021540467	-0.075749137	0.0015282151	0.0103120927	0.0729842553	0.0473467679	0.0838739893	-0.0883559104	-0.0794388532	0.0187641877	-0.0636306757	-0.0069382504	0.0072720185	-0.1363789333	-0.021897749	0.0180984433	-0.0690187972	0.0471845975	0.0029355355	-0.0022392363	-0.0322291583	-0.1024642223	0.0277081892	0.0162946119	0.0941423546	0.0245841741	0.0231049719	0.0953855738	0.0410154367	0.008245946	0.0509477321	-0.1184735244	0.0091716016	0.0370209579	-0.0376507865	0.0813485283	-0.0212511341	-0.0412853737	-0.0208300976	-0.1013064076	-0.0420149198	0.0130976948	0.0101568713	0.0364610559	-0.0468114188	-0.1350608805	-0.063080731	-0.0674542747	0.1289999139	-0.0974905595039814	-0.0028922201710343	0.0095044091923993	8.36493751773823e-06	0.1104906626942181	0.0073753654550899	0.0122081865426074	5.439601559613352e-05	0.0421428400913725	0.0009296395274418	8.64229650982216e-07	0.0017760189709669	0.0107795148356285	0.0004731459961995	2.2386713371971162e-07	0.0001161979400915	0.0050938411812058	-1.9944126234995585e-06	2.5947217979348104e-05	3.977681712774392e-12	-0.0034050816814556	-4.07003386597004e-05	1.1594581257384495e-05	1.6565175670143022e-09	0.0	0.0	0.0	0.0	0.0	0.0	0.0	0.0	0.0	0.0	0.0	0.0	0.0	0.0	0.0	0.0	0.0	0.0
881.1254750080473	-0.9345226379648466	776382.1027081569	0.8733325608687758	964.1832257925746	-2.4892669585814247	6.196449991085216	929649.2928997749	865.9875700079184	0.877610632375081	749934.4714082194	0.7702004220577895	867.1706001999032	631.1893744082064	0.827777	16.932222	0.0756747699330116	0.0470454502137548	0.0388701535	-0.1023771525	0.0063740412	0.0228503716	-0.0025413893	-0.0602912211	-0.1149897073	0.0014753357	-0.018206846	0.0337007327	0.0069555629	0.0188657909	0.0646407082	-0.0780298815	0.0050692104	0.0101562505	-0.0157696144	0.0689197403	-0.0474932162	0.0177742698	-0.0132456021	-0.0865127335	-0.1006927246	0.0273000318	-0.0287131071	-0.01316089	0.0001165818	-0.0919541671	-0.0859479612	0.0251593956	0.0383454008	0.0371089196	0.0306694322	-0.0419911165	-0.1069009332	-0.0606545771	0.0367720084	0.0090805092	0.07606114	-0.0018351917	0.0219196114	0.0943405342	0.0663883975	-0.0504543434	0.0850659315	-0.1240118617	-0.0023205673	0.0702111163	-0.0703028825	0.0535185485	0.0037343971	-0.003076544	0.0461913883	-0.1210688774	0.0678662529	0.0364566023	0.0704715814	0.0220195028	-0.0166481614	0.0422207281	-0.0660076536	-0.0616009311	0.1289999139	-0.0874110345644396	0.0100795249395417	0.0076406889636256	0.0001015968230068	0.1199117365924848	0.0094210738982667	0.0143788245726254	8.87566333966021e-05	0.0712716678795857	0.0291288277882132	0.0008484886083153	0.0050796506423379	0.0102583868854294	-0.000521127950199	2.715743404787153e-07	0.0001052345014911	0.0050957916042067	1.9504230008996278e-06	2.596709207350349e-05	3.8041498824383066e-12	-0.0033872531885158	1.7828492939800204e-05	1.1473484163110454e-05	3.178551605045057e-10	0.0	0.0	0.0	0.0	0.0	0.0	0.0	0.0	0.0	0.0	0.0	0.0	0.0	0.0	0.0	0.0	0.0	0.0
883.172535858224	2.047060850176763	779993.728094246	4.190458124326411	964.8541345251612	0.6709087325865539	0.4501185274608961	930943.5009102976	866.8178342943894	0.8302642864709924	751373.1578508156	0.6893387853891861	867.6404587444077	637.4124462540085	0.7339219999999999	15.012412	0.0319239479096433	0.0169396474368591	0.027095514	-0.0858625649	0.0327253237	-0.0017509332	-0.0312358543	0.0036008423	-0.1133827194	0.0030434563	-0.0298443885	0.0522966563	0.009452676	0.0740911938	0.0347343566	-0.0962730151	-0.0626681751	0.1047922174	-0.0687380237	0.0776647585	-0.0753961089	0.0157373908	0.0168013055	0.0006207734	-0.0766983775	0.0351868797	-0.0478714686	-0.0084256419	-0.0596847727	-0.1269664289	-0.0828806996	0.0094956993	0.1274137304	-0.0523230861	0.0673287285	-0.0449657441	-0.0085915553	-0.0185084262	0.0328083624	0.0093276481	0.1035136275	0.0126949442	0.0373542607	0.0888979004	0.0858235376	-0.1210972527	0.0711337985	-0.0709636668	-0.0539122198	0.024989009	-0.0835559928	0.0800597237	0.0201549121	-0.0215340899	0.0917145858	-0.1251549603	0.0361138924	0.0967028455	0.0479845462	0.0280123876	0.0942990258	0.0578228676	-0.0688893378	-0.0555787436	0.1282045865	-0.0918834733716806	-0.0044724388072409	0.0084425726788443	2.0002708884515225e-05	0.1196148316699634	-0.0002969049225214	0.0143077079554336	8.815253301744276e-08	0.0623738742602597	-0.008897793619326	7.917073129211862e-05	0.0038905001902346	0.0099800731707091	-0.0002783137147202	7.745852380141204e-08	9.96018604927076e-05	0.0050958258120037	3.4207797000411495e-08	2.596744070628317e-05	1.1701733756213613e-15	-0.0034740414772096	-8.678828869380017e-05	1.206896418537266e-05	7.532207054398402e-09	0.0	0.0	0.0	0.0	0.0	0.0	0.0	0.0	0.0	0.0	0.0	0.0	0.0	0.0	0.0	0.0	0.0	0.0
884.6458619680559	1.4733261098318735	782598.3010972046	2.170689825912322	967.1366032979574	2.2824687727962782	5.209663698790148	935353.2094387108	866.6120903004526	-0.205743993936835	751016.5150549198	0.0423305910410804	867.3479188576723	644.026604869651	0.7450679999999998	15.240402	0.0517847387704534	0.0337775876159986	0.033644237	-0.0688596278	0.0423123355	0.0069461937	-0.0376436418	0.023535263	-0.1738113502	-0.0887092377	-0.0262905063	0.0457144809	-0.0050933041	0.045890179	0.031249518	-0.1140791144	-0.0765486688	0.0622711454	-0.0554841513	0.1468888697	0.0103514387	-0.0768208742	-0.0064574268	0.0333813535	-0.0699923668	0.0364962267	-0.0236150629	0.0107358168	-0.0912673631	-0.0912134973	-0.1498926512	0.013758708	0.069100724	-0.0241714723	-0.0030318401	-0.0100076058	-0.0234042504	0.0456427058	0.041591464	0.0307588348	0.0825268707	-0.0228676283	0.0365281332	0.1041159217	0.0374063402	-0.1013062897	0.0678564886	-0.0314410922	-0.1148149611	0.0969083443	-0.163136245	0.0073183295	0.0364946592	0.0129182553	0.0155348263	-0.1136484551	0.1373828075	0.0430228238	0.0434501185	-0.0155713306	-0.0666969467	0.0295110896	-0.0717238087	-0.0494042187	0.1266188352	-0.0965083324710178	-0.0046248590993372	0.0093138582363365	2.13893216887221e-05	0.1200131500220038	0.0003983183520404	0.0144031561782039	1.5865750957218437e-07	0.0339114074152888	-0.0284624668449708	0.000810112018901	0.0011499835528857	0.0102123995390647	0.0002323263683555	5.3975541433301566e-08	0.0001042931043454	0.0049940941014325	-0.0001017317105712	2.4940975893962888e-05	1.034934093574255e-08	-0.0034421176666543	3.192381055530007e-05	1.1848174031093644e-05	1.0191296803706882e-09	0.0	0.0	0.0	0.0	0.0	0.0	0.0	0.0	0.0	0.0	0.0	0.0	0.0	0.0	0.0	0.0	0.0	0.0
885.6192665592724	0.9734045912165356	784321.4853009837	0.9475164982014308	968.9581459803752	1.8215426824177712	3.318017743869729	938879.888661726	866.4262161360994	-0.1858741643532084	750694.3880079187	0.0345492049740035	867.107799327883	655.1334098167862	0.8343479999999999	17.066622	0.0714246591126308	0.0342580511414027	0.0330657321	-0.028484287	0.0712162679	-0.0208150227	-0.0972833024	0.0112214013	-0.1292733868	-0.1021429018	-0.0413447046	0.0649854345	-0.0322165782	0.0400859425	-0.0508299581	-0.0583444358	-0.1143401586	-0.0252659225	-0.0336957355	0.1046605239	-0.1277399814	-0.1254508172	0.1982559271	-0.042931672	-0.0484429994	0.0385821721	-0.0371558223	0.0144427808	-0.1528305791	-0.0191207209	-0.0947440829	-0.0469543061	0.029584188	-0.0105974605	0.1257602274	-0.0607946474	0.1410496477	-0.0246528132	0.0367761977	0.0185860493	0.1219831498	0.0078509926	0.0429959909	0.0682423922	0.0316601583	-0.117775277	0.0164456601	0.0261740712	-0.1467681156	0.0036843016	-0.1909094246	0.0369137055	0.0366247425	-0.0359222904	0.0545976605	-0.1069425075	0.0182740487	0.0467234881	-0.054124755	0.0382966534	-0.0584296348	0.1071712224	-0.0745091236	-0.0430942802	0.1242524367	-0.1041291496087239	-0.007620817137706	0.010842879798236	5.807685384635497e-05	0.1417887497134842	0.0217755996914804	0.020104049545313	0.0004741767419236	0.0470465161718181	0.0131351087565292	0.0001725310820458	0.0022133746839051	0.0100503147209365	-0.0001620848181282	2.627148826765181e-08	0.0001010088259898	0.005092771630816	9.867752938350072e-05	2.5936322883644264e-05	9.737254805231648e-09	-0.0037592179896809	-0.0003171003230266	1.4131719893940508e-05	1.0055261486357415e-07	0.0	0.0	0.0	0.0	0.0	0.0	0.0	0.0	0.0	0.0	0.0	0.0	0.0	0.0	0.0	0.0	0.0	0.0
883.1314473262655	-2.487819233006917	779921.1532565845	6.189244536119124	967.684952747391	-1.2731932329842266	1.621021008516827	936414.1677737203	865.3952795036645	-1.030936632434873	748908.9897872256	1.0628303400961563	867.1381642137837	654.2024033373388	1.224653	25.050333	0.2109757535378122	0.1032548800999603	0.0261138846	0.0131382129	0.0866643987	0.0158413251	-0.0202650972	-0.0321557391	0.0656755516	-0.128250414	-0.0200746146	0.0058256554	0.0193508674	-0.058320374	0.0204633127	0.0716981168	-0.0304989247	-0.0398036	0.1290402311	-0.1278182	-0.1141945079	-0.1691581864	0.0447959401	0.0540427453	0.0750560789	0.0302528177	0.0042569384	-0.026691854	0.0226485712	0.1061814428	0.0190737751	-0.0773361208	-0.0903216144	0.110699765	0.0309818688	0.1225054678	0.1152061021	0.12417742	0.0324504641	-0.0089234098	0.0580640506	0.0030842237	0.0076932324	-0.0396245375	-0.0195064887	0.110707407	-0.1037056346	0.0117916237	-0.1178181485	0.1162826497	-0.189209227	-0.1664834549	-0.0300653242	-0.0074598944	-0.0076407848	-0.0155189559	0.2139003893	0.1027679901	0.0810789806	-0.0896660535	-0.0017659327	0.118041052	-0.0772433738	-0.0366662233	0.1211199807	-0.1103590827832334	-0.0062299331745095	0.0121791271527565	3.881206735885415e-05	0.1193220388943387	-0.0224667108191455	0.014237748965902	0.0005047530950311	0.1338056186135503	0.0867591024417322	0.0075271418564949	0.0179039435725548	0.0105166232721404	0.0004663085512039	2.174436649258808e-07	0.0001105993650481	0.0061380495359359	0.0010452779051198	3.767565210560292e-05	1.0926058989318465e-06	-0.0033604043039562	0.0003988136857247	1.1292317086047351e-05	1.5905235592131989e-07	0.0	0.0	0.0	0.0	0.0	0.0	0.0	0.0	0.0	0.0	0.0	0.0	0.0	0.0	0.0	0.0	0.0	0.0
880.6428968442004	-2.4885504820650794	775531.911762145	6.19288350178634	966.4382049836308	-1.2467477637601403	1.5543799864409111	934002.8040519824	869.4077054635209	4.012425959856387	755869.7583193443	16.099562083329445	870.9654445289547	643.1924740264775	1.737358	35.537731	0.6546312183885508	0.4473733964409189	0.0098430474	0.0753015855	0.0137988014	-0.0566839363	-0.0691047322	0.0411213292	-0.0022533633	0.2772104164	-0.1138483121	0.1062232796	0.0159347712	0.2113288718	-0.0303171758	-0.0498053624	-0.0354728323	0.4280541099	-0.2136460893	-0.2292302491	0.0360496086	-0.3135813223	-0.0444076552	0.0928476642	0.3043267254	0.1082784102	-0.0887603498	-0.0567348047	-0.0255720948	-0.1202002042	0.0773900919	0.0519974734	0.3295755525	-0.2710505115	-0.0183007689	0.3764782905	0.2480143844	0.0158950703	0.0361288359	0.1087949017	0.1174478915	0.2197343794	0.1575421011	0.2203837833	0.2452905134	0.1590183163	-0.162009375	0.1285219859	-0.157012134	-0.1516582493	0.5676385166	-0.2388702438	-0.0650090288	0.1065756398	-0.1367031161	0.0518155946	0.2006775582	0.1208023862	0.2500438256	-0.1916286765	-0.0050410155	0.0436696076	-0.0799246852	-0.0301376669	0.1172407796	-0.1657944584996045	-0.055435375716371	0.027487802469177	0.0030730808808152	-0.1606023421957161	-0.2799243810900548	0.0257931123187498	0.0783576591286502	0.1165123131648755	-0.0172933054486748	0.0002990584133411	0.01357511911903	0.0162613769839266	0.0057447537117862	3.3002195209081335e-05	0.0002644323814133	0.0058743592691419	-0.000263690266794	3.450809682295336e-05	6.953255680189118e-08	-0.003391523448045	-3.1119144088799944e-05	1.1502431298639048e-05	9.684011288194922e-10	0.0	0.0	0.0	0.0	0.0	0.0	0.0	0.0	0.0	1.0	0.0	0.0	0.0	0.0	0.0	0.0	0.0	0.0
880.3341074861839	-0.3087893580164973	774988.140803496	0.0953508676242405	957.6590651087014	-8.779139874929456	77.07329694357638	917110.884984872	865.9785335365688	-3.429171926952108	749918.8205461461	11.759220104596434	865.6614904941657	637.8370288440159	2.323272	47.522629	1.4139267393776915	0.8690893569869143	-0.0113878827	0.0252607717	-0.2741578287	0.0653209665	0.0827999257	0.0580132128	-0.1290978234	-0.0871736389	-0.0229391104	-0.1390667421	-0.0154950748	-0.1496957403	-0.048897241	-0.2331889146	-0.023328116	0.1389291607	0.2950397695	0.0594394704	0.1918688285	-0.0752663282	-0.1958284915	0.0976613418	0.0899422749	-0.0079117208	0.1584120233	0.0084137011	-0.0127283422	0.0874924784	-0.2307796809	0.1864571509	0.0768124742	0.1150418511	-0.1667963353	0.0901675489	-0.0049552711	0.3008359782	-0.0016729149	0.0748370448	-0.3553875579	-0.2001027992	0.0529403118	0.0378325168	0.3033205873	-0.1488743591	-0.0339264012	-0.1849635984	-0.1037029551	-0.1714235265	0.0031607661	-0.3959414918	-0.0463313416	0.1251962885	-0.2001150776	0.0938483314	-0.1377452852	0.1192772978	-0.2700854664	0.4050890447	0.1578940371	-0.1013032992	-0.0825512202	-0.0235265052	0.1126387502	-0.0792504967252085	0.086543961774396	0.0062806412311922	0.0074898573196081	0.6291843987117147	0.7897867409074308	0.395873007582222	0.6237630961131813	0.3287744755461403	0.2122621623812648	0.0450552255787704	0.1080926557706396	0.0143556682245943	-0.0019057087593323	3.6317258753958577e-06	0.0002060852101746	0.0034237734212601	-0.0024505858478818	1.172222444012709e-05	6.00537099783856e-06	-0.0012411405689671	0.0021503828790779	1.5404299119359766e-06	4.624146526631359e-06	0.0	0.0	0.0	0.0	0.0	0.0	0.0	0.0	0.0	0.0	1.0	0.0	0.0	0.0	0.0	0.0	0.0	0.0
884.979758431521	4.6456509453370245	783189.1728335132	21.58207270591079	960.9099479353572	3.250882826655811	10.568239152645678	923347.9280411308	865.0512944037129	-0.9272391328559024	748313.741949539	0.8597724094993658	865.3831259703024	665.0645043877561	1.737427	35.539143	0.1594368235672971	0.0812187843178045	-0.0041021275	0.0569199161	-0.2426674674	0.0427161739	0.1837132573	-0.0303767093	-0.052626117	-0.138016077	0.0312067513	-0.2124455286	-0.0209987637	-0.1303367804	-0.1443441906	-0.1574051793	0.2101153273	-0.0298445689	0.1530165049	-0.0127606092	0.2335887945	0.1845537758	-0.037739845	0.0142592421	-0.1079771849	-0.0707514032	0.2264046404	0.0321301385	-0.0649630397	0.1334662473	-0.0218493153	0.2322330558	-0.09542984	0.0426702128	-0.2810085507	-0.0518061015	-0.2068896451	0.0620830203	-0.0269441	0.077950093	-0.3718458268	-0.255230642	-0.0123628811	-0.0412921477	-0.15385206	0.1809763065	0.1378400253	-0.0944606207	0.0018277492	0.0759495381	0.1139158511	-0.0358379109	0.0985293774	0.1013596218	0.0977927459	-0.1079988662	0.1313274386	-0.1211095887	0.0791504839	-0.1656552221	-0.1147517724	-0.1190648469	-0.0851211787	-0.016850859	0.1073422654	-0.0800744176899144	-0.0008239209647059	0.0064119123683788	6.788457560819079e-07	0.6600357777123378	0.030851379000623	0.4356472278603306	0.00095180758624	0.3676073723048034	0.038832896758663	0.0015079938706689	0.1351351801728423	0.0158398308615925	0.0014841626369982	2.202738733061455e-06	0.0002509002417238	0.0036449853550315	0.0002212119337714	1.3285918238394111e-05	4.8934719642882384e-08	-0.0011679426028706	7.31979660965e-05	1.364089923600152e-06	5.357942240664363e-09	0.0	0.0	0.0	0.0	0.0	0.0	0.0	0.0	0.0	0.0	0.0	1.0	0.0	0.0	0.0	0.0	0.0	0.0
884.761240288757	-0.218518142763969	782802.4523172996	0.0477501787170143	966.5646195009532	5.654671565596004	31.975310514759965	934247.1636710224	866.8255461585372	1.7742517548243768	751386.5274730463	3.1479692894973805	867.6351605276776	657.7473680834972	1.652337	33.79863	0.5801337513790847	0.2969513393014323	-0.0140452707	0.070610444	-0.0880187985	-0.0513203211	-0.0209347519	0.10672362	-0.0131777339	-0.06148352	0.0057173992	-0.0019564316	-0.0105219586	-0.0073928798	-0.2030981276	-0.0743976414	-0.0565887997	-0.0076537385	-0.0128575823	0.0798804897	-0.0834641534	0.0987308569	-0.052321034	-0.1340070884	-0.0137931759	-0.0300718828	0.0033507421	0.0213686711	-0.1448740473	0.1042796007	-0.0022869679	0.0261949603	0.1225202177	-0.020940479	0.1287507753	-0.1166238196	-0.0720510273	-0.0616089591	-0.0361157483	0.0576737416	-0.0726965909	-0.0915469968	0.0306760903	-0.0298727747	-0.0286524221	-0.0652413653	-0.0147471469	0.1062550687	-0.0666344393	-0.1688823663	0.112391121	0.2688834118	0.1443142574	0.0722398897	-0.0482582174	0.0264793098	-0.0292849056	-0.1308511278	-0.0663565375	0.0254236968	0.0598003439	0.0323675308	-0.0876327994	-0.0101290257	0.1013839798	-0.108434371474857	-0.0283599537849426	0.0117580129171472	0.000804286978684	0.3905841308095858	-0.269451646902752	0.1525559632402796	0.0726041900186053	0.2735337934854982	-0.0940735788193051	0.008849838231872	0.0748207361785671	0.0145706920025182	-0.0012691388590743	1.610713443612418e-06	0.0002123050654322	0.0047410694693554	0.0010960841143238	2.247773971325389e-05	1.2014003856732072e-06	-0.0025676910669141	-0.0013997484640435	6.59303741511047e-06	1.959295762592138e-06	0.0	0.0	0.0	0.0	0.0	0.0	0.0	0.0	0.0	0.0	0.0	0.0	1.0	0.0	0.0	0.0	0.0	0.0
884.3586824347319	-0.4025578540250762	782090.279197695	0.1620528258372746	969.597817983972	3.0331984830188503	9.200293037387857	940119.9286392798	864.9755427290236	-1.850003429513663	748182.6895193689	3.4225126892123146	866.4771331787109	660.8259750572411	1.008836	20.63578	0.1988807324348271	0.0898165340492956	-0.0132855017	0.0802387467	-0.0171259274	-0.0130541394	-0.0072507698	0.0385186867	0.0884983408	-0.1087216674	0.0195825032	-0.0066886082	-0.0240161642	-0.1053053508	-0.0898816833	-0.0049672362	-0.0375906199	-0.0868208324	0.1247933344	0.0191024012	-0.0779286976	0.0583428467	-0.0137728008	-0.0045605866	0.0816852689	-0.0240120199	0.0120736327	0.0258151811	-0.0319833374	0.1667231078	-0.0194100795	-0.000518387	-0.0564001218	0.102997773	0.0135085193	-0.036865572	0.0113325029	0.0544742273	-0.0262495235	0.0324161919	-0.0769071969	-0.0898679811	-0.0030005728	-0.1044726982	-0.133402998	0.0077398004	-0.0797587483	0.0533972233	-0.0806140277	0.0214470156	0.0220136047	0.0071816697	0.0844247361	0.0374848083	-0.0210755813	0.108763978	0.0001491287	-0.0609966657	-0.0517130149	-0.0720816761	0.0040622906	0.0628583248	-0.090084361	-0.0033794295	0.0948006283	-0.0827840859020057	0.0256502855728513	0.0068532048786306	0.0006579371499688	0.3166963318997773	-0.0738877989098085	0.1002965666387739	0.0054594068277363	0.2478709727178909	-0.0256628207676073	0.0006585803697503	0.0614400191161134	0.0141536553812244	-0.0004170366212938	1.7391954350014857e-07	0.0002003259606504	0.0053721264833581	0.0006310570140027	2.8859742953197464e-05	3.982329549220039e-07	-0.0029931939753088	-0.0004255029083947	8.9592101738249e-06	1.810527250523485e-07	0.0	0.0	0.0	0.0	0.0	0.0	0.0	0.0	0.0	0.0	0.0	0.0	0.0	0.0	0.0	0.0	0.0	0.0
884.4823338011712	0.1236513664392759	782308.9988063665	0.0152896604223001	966.359762536474	-3.238055447498027	10.48500308107165	933851.1906495504	865.7549094676308	0.7793667386072229	749531.5632673056	0.6074125132472594	866.6395773341513	658.8654552665917	0.757451	15.493699	0.0870922986571222	0.0435940400631862	-0.0108016478	0.077847508	0.0305759784	-0.0195643367	-0.007645709	0.0303763197	0.1069280702	0.0068806756	0.0208272033	0.0285339282	0.0020296406	-0.0138206795	-0.0740528089	0.0438580639	0.0196256846	-0.0348614429	-0.0017344326	0.0003302495	-0.0182462581	-0.0341372438	-0.0196745236	0.0537844864	0.0213001283	-0.0155572281	-0.0347127539	-0.0041056596	-0.0051074966	0.0796319611	0.0570548546	-0.0368400316	-0.0438605845	-0.020409641	0.0075478308	-0.0078111654	0.0352914266	0.0609399704	-0.026310748	0.0275789936	-0.0041133875	-0.0258874106	-0.0073890673	-0.0977653577	-0.116870767	-0.0023371364	-0.050233956	0.0680738283	-0.0068875988	-0.0344596537	0.1081145773	0.0543699826	0.0230567513	0.030178596	-0.0715846521	0.045975455	-0.1044300881	-0.0216827316	-0.0282489769	-0.0439638843	0.0416220641	0.1213315759	-0.0924741833	0.0033794295	0.0876327994	-0.0711302186887934	0.0116538672132122	0.0050595080107155	0.0001358126210231	0.3179336311424663	0.001237299242689	0.1010817938114338	1.5309094159587854e-06	0.2421766654290849	-0.005694307288806	3.2425135499349326e-05	0.0586495372783509	0.0146526406780506	0.0004989852968261	2.489863264487304e-07	0.00021469987884	0.0058389752094683	0.0004668487261102	3.409363149678538e-05	2.179477330707169e-07	-0.0033974964506207	-0.0004043024753118	1.1542982131980254e-05	1.634604915433293e-07	0.0	0.0	0.0	0.0	0.0	0.0	0.0	0.0	0.0	0.0	0.0	0.0	0.0	0.0	0.0	0.0	0.0	0.0
885.1804366742298	0.6981028730585876	783544.4054707801	0.4873476213726545	970.7484327109464	4.388670174472395	19.260425900303563	942352.5196107588	866.1109120418034	0.3560025741726349	750148.1119578845	0.1267378328175424	867.1954638358874	662.3848781898675	0.7864379999999999	16.08663	0.0430921611042285	0.0273471987430822	-0.012156154	0.0787782327	0.0244210094	-0.0149650506	-0.0219444027	0.0133215854	0.1364355667	-0.0203350833	0.0113386013	0.0448429662	-0.0211582722	-0.100115609	-0.012575203	0.0701991672	0.119880592	-0.0270030599	0.0517464598	-0.1486668249	0.1368225361	0.0806575801	0.0329174005	-0.0543963981	0.0160802557	0.0063626188	-0.0533342368	0.0038409216	0.0897257741	0.1032040838	0.0611922116	0.0249435621	-0.1109643084	0.0044232217	-0.1543325796	0.111765479	-0.0513699402	-0.0599623937	-0.026341962	0.0246230367	-0.0375407012	-0.0400421247	-0.0192031636	-0.1010350473	-0.1689793849	0.0712618574	-0.0229548057	-0.0273549381	0.0664317442	-0.0128731905	0.1283806443	-0.0477569603	-0.0089295846	-0.0194878432	-0.0110135816	0.0331650367	-0.0812728767	-0.0015445071	-0.0058084562	-0.1143482381	0.0338637053	0.1114046511	-0.0948006283	0.0101290257	0.0799246852	-0.0503681432356017	0.0207620754531917	0.002536949853002	0.000431063777124	0.3179881803503974	5.4549207931076094e-05	0.1011164828425568	2.9756160859077752e-09	0.2428874170584407	0.0007107516293557	5.051678786319233e-07	0.0589942973653209	0.0148390623453714	0.0001864216673208	3.4753038046667094e-08	0.0002201977712898	0.0060822002201215	0.0002432250106532	3.699315951764603e-05	5.915840580724938e-08	-0.0033958474323197	1.649018300999873e-06	1.15317797835923e-05	2.719261357032508e-12	0.0	0.0	0.0	0.0	0.0	0.0	0.0	0.0	0.0	0.0	0.0	0.0	0.0	0.0	0.0	0.0	0.0	0.0
884.4617671166294	-0.7186695576003785	782272.6174910708	0.5164859330215238	970.3602487495148	-0.3881839614316504	0.1506867879127691	941599.01235322	864.3757844588024	-1.7351275830010309	747145.4967587701	3.010667729291	866.5663410675832	653.3863728359399	0.88488	18.10026	0.0578830015853301	0.0313317632829511	-0.011904085	0.0146214811	0.030048123	-0.0402932542	-0.0461460091	-0.0190385511	0.0733955404	0.0826270926	0.0360617631	0.0444619799	-0.0413371569	0.0019379831	0.0975576101	0.0524907949	0.0850362315	0.0165233921	0.0407319016	0.0436461574	0.0566326811	0.2324657392	0.0108337563	-0.0568250878	0.0784288759	-0.0046681403	-0.0696762983	0.019265168	0.1061528994	-0.0673834446	0.0252023781	0.0598922751	0.006384563	0.0385681051	-0.1263057141	-0.0779682036	-0.0476605537	-0.103630426	-0.023299964	0.0287364655	0.0112710621	-0.0219907516	-0.0030054505	-0.0174797711	-0.0763673367	-0.0541103319	0.0180460276	-0.0914295062	0.0926778055	-0.0522483859	0.2228666054	0.1116237545	-0.0468650366	0.0102608669	0.0039620382	-0.0197090053	-0.1299883667	-0.0706169823	-0.0298188822	-0.0187333219	0.0155857747	0.0345673772	-0.0970621018	0.016850859	0.0717238087	-0.0614367386149581	-0.0110685953793564	0.0037744728516426	0.0001225138036719	0.3177350669605516	-0.0002531133898457	0.1009555727764262	6.40663881192288e-08	0.2194965179481727	-0.0233908991102679	0.0005471341611867	0.0481787213913725	0.0148788240780836	3.976173271219921e-05	1.5809953882763727e-09	0.0002213794059465	0.0061041066015843	2.190638146280007e-05	3.726011740350504e-05	4.798895487937106e-10	-0.0029941076723775	0.0004017397599422	8.96468075378981e-06	1.6139483471841666e-07	0.0	0.0	0.0	0.0	0.0	0.0	0.0	0.0	0.0	0.0	0.0	0.0	0.0	0.0	0.0	0.0	0.0	0.0
883.3125541270779	-1.149212989551529	780241.0682785019	1.3206904953539629	968.5708875081624	-1.789361241352367	3.201813652054084	938129.5641283494	865.5341066830016	1.1583222241991962	749149.2898315416	1.3417103750737729	866.7516671726846	648.1562194317925	0.8131709999999999	16.63344	0.0727064592217138	0.0334590187997783	-0.0105090353	-0.0225772851	-0.0578428782	-0.0264969206	0.0244635752	-0.0203671977	-0.0616942737	0.0203426549	0.0282487344	0.0229545519	-0.0312761504	-0.0136360296	0.0507447133	-0.1129735905	-0.0106095482	0.0021653146	0.0063644077	0.0453033313	0.0377596523	0.2411350574	-0.1115342006	-0.0468100567	0.0601381863	-0.0213420427	-0.0220310388	0.008038328	0.0186898778	-0.0670041024	-0.1091994818	0.040811385	0.0164577494	3.17528e-05	-0.0766543684	-0.0443985684	-0.1472499261	-0.0181562174	-0.0224033114	0.0275244744	-0.0282967893	-0.0467733178	0.0265751372	-0.0247456716	-0.0183849434	-0.107137667	0.0839512522	-0.070707548	0.0367467167	0.0006330193	0.1821270336	0.1096306712	0.0403815123	-0.000680504	0.0008388509	-0.0475570722	-0.0823135536	-0.0103062397	-0.0121411479	-0.0552405439	0.1244998321	-0.0429901751	-0.0992570537	0.0235265052	0.063080731	-0.0532203796625339	0.0082163589524242	0.0028324088114242	6.750855443508133e-05	0.3189874870672895	0.0012524201067379	0.1017530169055042	1.568556123761443e-06	0.2480786901204794	0.0285821721723066	0.0008169405660873	0.0615430364918928	0.0151889203514809	0.0003100962733973	9.615969877489341e-08	0.0002307033014436	0.0058531489666771	-0.0002509576349072	3.425935282611321e-05	6.297973451821559e-08	-0.0031261639238779	-0.0001320562515004	9.772900878955668e-06	1.7438853560336932e-08	0.0	0.0	0.0	0.0	0.0	0.0	0.0	0.0	0.0	0.0	0.0	0.0	0.0	0.0	0.0	0.0	0.0	0.0
883.1349306366557	-0.1776234904222065	779927.3057106106	0.0315501043497676	967.028715386448	-1.5421721217144295	2.3782948529931853	935144.5363819638	865.9556165756204	0.4215098926188148	749879.1298788629	0.1776705895755247	866.8927376771585	651.8294762276314	0.7497359999999998	15.335879	0.143488801486737	0.0615620460512496	-0.0131102575	-0.0150287523	-0.0519898444	-0.0482090979	0.0051970633	-0.0080067437	-0.1101765405	-0.0495342244	0.013249642	0.0259447345	-0.0143892481	0.0053613189	0.0020086553	-0.1309072514	-0.0383172938	0.0503709482	-0.0268820991	0.0889118683	-0.0351776621	0.1611375772	-0.122935643	0.0208626444	0.0780356429	-0.0081304935	-0.027004268	0.0045812995	-0.0323669085	-0.0559975236	-0.1295838513	0.0506808542	0.0797953941	-0.0025935378	-0.016332496	-0.0823676717	-0.0878377126	0.0062448843	-0.0220074498	0.0209437325	0.0005437816	-0.0307807985	0.0212785047	-0.0373352083	0.0133845179	-0.1957738849	0.0743423872	0.010288829	-0.0176507442	0.0126075526	0.1218114872	0.1312159746	0.0196555746	-0.0097093961	-0.1017959848	-0.0644300623	-0.0507447106	-0.0717672491	0.0391852496	-0.0028304712	0.0978126651	-0.0960253076	-0.1013839798	0.0301376669	0.0540487397	-0.0422280081005652	0.0109923715619687	0.0017832046681414	0.0001208322325563	0.2882095757980778	-0.0307779112692117	0.0830647595817079	0.0009472798220954	0.2698923586584811	0.0218136685380017	0.0004758361350858	0.0728418852622382	0.0146847090417859	-0.0005042113096949	2.5422904482434696e-07	0.0002156406796419	0.0065722105520822	0.000719061585405	4.319395154090061e-05	5.17049563605295e-07	-0.0035009880311289	-0.0003748241072509	1.2256917194107813e-05	1.404931113765091e-07	0.0	0.0	0.0	0.0	0.0	0.0	0.0	0.0	0.0	0.0	0.0	0.0	0.0	0.0	0.0	0.0	0.0	0.0
883.6466573068274	0.5117266701716972	780831.4149695296	0.2618641849650129	970.0544525054564	3.025737119008454	9.15508511334558	941005.6408256608	866.084717688209	0.1291011125886143	750102.7382130647	0.016667097271618	866.8761187170306	657.6952794012416	0.743893	15.216356	0.1028160148417985	0.0432013671993771	-0.0171110369	0.0117742105	-0.04926278	-0.0309105632	-0.0045567252	-0.0250757667	-0.1103845887	-0.1241378235	-0.0014754596	0.0498424788	-0.0352284904	-0.0428088868	-0.0474007817	-0.102414323	-0.0883387702	-0.0214326598	0.0233969243	0.0410722085	-0.0370401368	0.0919415525	-0.0185825843	-0.0382584461	0.1398464693	-0.0057215251	-0.0207183819	0.0184939989	-0.0886534894	0.0369274597	-0.160061361	-0.0147198228	-0.0153895057	0.0313136992	-0.0167059771	-0.0215733493	0.0014524273	0.0188892563	-0.0212425426	0.0259166738	-0.0070616864	-0.0417731685	0.0192094402	-0.0599974344	-0.0750548849	-0.1418668946	0.0376322048	0.0182913911	-0.0683714733	0.0470293439	0.0699061463	0.0301835025	0.0502120705	0.0002907141	-0.0817627838	0.0146949919	0.0657910231	-0.0881109046	0.0013774319	0.0448371097	-0.0464016558	-0.0368770509	-0.1034414224	0.0366662233	0.0446835199	-0.0466152177557717	-0.0043872096552065	0.002172978526418	1.924760855873717e-05	0.2707148774795627	-0.0174946983185151	0.0732865448887746	0.0003060644692558	0.2461071959248641	-0.023785162733617	0.0005657339662646	0.0605687518859994	0.0144576369235538	-0.000227072118232	5.1561746878412574e-08	0.0002090232654133	0.0060121328356153	-0.0005600777164668	3.614574123308367e-05	3.1368704848277684e-07	-0.0031451589831387	0.0003558290479901	9.892025029218062e-06	1.2661431139361186e-07	0.0	0.0	0.0	0.0	0.0	0.0	0.0	0.0	0.0	0.0	0.0	0.0	0.0	0.0	0.0	0.0	0.0	0.0
883.9136124551999	0.2669551483725172	781303.2742836013	0.0712650512425926	965.2935453667698	-4.760907138686662	22.66623678319761	931791.628726748	865.9747704942303	-0.109947193978769	749912.3031325347	0.012088385463805	866.2598308595836	656.583543048402	0.772931	15.810346	0.0592106268161958	0.0345316165553342	-0.0148658179	0.04174064	-0.0051257748	-0.0312633836	-0.0169443647	-0.0082522266	-0.0225421118	-0.0565147248	-0.0031481784	0.0054583272	-0.0326743422	-0.0363754011	-0.1437024529	-0.0359993478	-0.0184930124	-0.0465824918	0.0628875775	0.0318880418	-0.0547894547	0.0654756618	0.089961489	0.0693199421	0.1512772405	-0.0106007375	0.0055789205	0.0298819069	-0.1159971296	0.0972965532	-0.0329226945	-0.0024102409	-0.060378865	0.0126481284	-0.0293087932	-0.0844148928	0.1417513235	0.0925689883	-0.0228021367	0.0353548241	0.0123431337	-0.0417704705	0.010089625	-0.0660559585	-0.1058543015	-0.1249287574	-0.0140177663	0.0614534748	-0.0764786319	-0.0298239772	0.0286959118	0.0260799161	0.016564281	0.0487618919	-0.0443563285	-0.0124570908	0.0484092826	-0.0613528886	-0.0657307567	0.0251396752	-0.0210296457	0.0495983959	-0.1054279714	0.0430942802	0.0350428114	-0.0486436412081872	-0.0020284234524154	0.0023662038299908	4.114501702309197e-06	0.3011058938042055	0.0303910163246428	0.0906647592836294	0.0009236138732447	0.2359726264266015	-0.0101345694982626	0.0001027094989151	0.0556830804226684	0.0144689228357131	1.128591215929925e-05	1.2737181326741863e-10	0.0002093497280258	0.0061812276209429	0.0001690947853275	3.820757490190742e-05	2.8593046424987017e-08	-0.0029924073298081	0.0001527516533306	8.954501627489242e-06	2.333306759523185e-08	0.0	0.0	0.0	0.0	0.0	0.0	0.0	0.0	0.0	0.0	0.0	0.0	0.0	0.0	0.0	0.0	0.0	0.0
887.8790993370277	3.965486881827815	788329.2950395315	15.725086209948484	968.2689518756176	2.9754065088478683	8.85304389289426	937544.7631663072	867.0517882451892	1.0770177509589305	751778.8034991804	1.1599672358806323	867.8504703097873	665.170836339586	0.839707	17.176233	0.0646275182366906	0.0329649402907627	-0.0159759366	0.0383294634	0.043148326	0.0015042234	-0.0233589288	0.0013088996	0.015690178	-0.0535753824	-0.0103362408	0.0436278082	-0.0140971458	-0.0699905439	-0.1303364094	-0.0339805025	0.0157860776	0.02831405	0.0207388362	0.0470891144	0.0052892553	0.0500503822	0.0119976774	0.0241592313	0.1169948789	0.0136988306	-0.0275695835	0.0063814393	-0.0617489566	0.105452742	-0.029520372	0.0162495346	0.0003483537	-0.0535070188	-0.0527481335	-0.0285693692	0.0380429937	0.0857566982	-0.0213921684	0.0200880615	0.0119662358	-0.0379336918	0.0156389477	-0.0786404261	-0.1831834177	-0.0710868765	0.0163265535	0.0129923858	-0.0614003914	0.023831489	0.0330200353	-0.0568089349	0.0174172829	0.0229280057	-0.0548919315	-0.0108219153	-0.0367947169	0.0186865056	-0.0860052376	-0.0840747733	-0.0386472286	-0.021275878	-0.1073422654	0.0494042187	0.0251860523	-0.03787247817462	0.0107711630335671	0.001434324603087	0.0001160179530956	0.3018693648177901	0.0007634710135845	0.091125113415496	5.828879885838865e-07	0.2115049291728326	-0.0244676972537689	0.000598668208902	0.0447343350644049	0.0144837026157868	1.4779780073699568e-05	2.1844189902692679e-10	0.0002097776414625	0.0059801145475208	-0.000201113073422	3.5761770001469905e-05	4.04464683012827e-08	-0.0033490182150277	-0.0003566108852196	1.1215923004587322e-05	1.2717132345710686e-07	0.0	0.0	0.0	0.0	0.0	0.0	0.0	0.0	0.0	0.0	0.0	0.0	0.0	0.0	0.0	0.0	0.0	0.0
884.822931038313	-3.056168298714738	782911.6192912312	9.340164670068935	971.381473380399	3.112521504781398	9.687790117726658	943581.9668266748	866.2639298100796	-0.7878584351095697	750413.1960900025	0.6207209137733	867.3857272677951	660.3324268112772	0.8188039999999999	16.748669	0.0811307081429085	0.0392631794797383	-0.0114741617	0.0567774437	0.0856719785	-0.0175198669	-0.0638572737	0.0484418972	0.0245681175	-0.0444426735	-0.0040639876	0.0697876821	-0.0241694161	0.0092912195	-0.0659715589	0.0454150337	0.10136372	-0.0495125679	-0.0007002554	-0.0242295693	0.0801143456	0.0521426984	0.083871847	-0.0114873113	0.107372173	0.0142758168	-0.0650883189	0.0179891978	-0.0217724737	0.0634252845	0.0499359527	-0.009725207	-0.0798973031	-0.0174821793	-0.1123812325	-0.0030006374	0.0077701931	-0.0879693007	-0.0176666037	0.0275773438	0.0460027929	-0.0075860372	-0.0055135511	-0.0459983971	-0.1945233452	-0.0395781702	0.0181790502	-0.0418296077	0.0267918113	-0.0664523986	0.0340199394	-0.0777348724	-0.0350757582	-0.0049522408	-0.0054852043	-0.0066340582	-0.0734714533	0.0486934424	0.0182304134	-0.08487398	0.0326490767	0.1202378953	-0.1091829923	0.0555787436	0.0151740128	-0.0461979271844796	-0.0083254490098595	0.0021342484761424	6.931310121577216e-05	0.2791752782594443	-0.0226940865583457	0.0779388359912381	0.0005150215647176	0.2150808380362008	0.0035759088633681	1.2787124199115246e-05	0.0462597668903544	0.0142716191208272	-0.0002120834949595	4.497940883427843e-08	0.0002036791123299	0.0065741226986884	0.0005940081511675	4.321908925741005e-05	3.528456836535495e-07	-0.0034736318431272	-0.0001246136280994	1.206611818158727e-05	1.5528556308120474e-08	0.0	0.0	0.0	0.0	0.0	0.0	0.0	0.0	0.0	0.0	0.0	0.0	0.0	0.0	0.0	0.0	0.0	0.0
885.1307963195445	0.3078652812315567	783456.526593271	0.0947810313877855	971.3248936296944	-0.0565797507045999	0.0032012681897946	943472.0489847373	866.5435624633279	0.2796326532483135	750897.7456466355	0.0781944207626915	867.7953846206013	653.654503003971	0.723226	14.793615	0.029201769520174	0.017342835109768	-0.0176983585	0.045013954	0.06314046	-0.0247089869	-0.0835053805	0.02545976	0.064036109	0.0176588471	-0.0103234793	0.0523962204	-0.0630995716	0.0111975941	-0.0928782249	0.0754925587	0.1574621357	0.0363266635	-0.0645426181	-0.0312053502	0.0550548082	0.0442686826	0.0357205608	0.061627046	0.0563744231	0.028743936	-0.0735673112	0.0450262694	-0.0008903533	0.054098868	0.0929626132	0.0536122195	-0.0169229107	-0.1109646216	-0.126297759	-0.0379687395	0.0018775708	-0.0284561345	-0.0179011834	0.0305109663	0.0368143113	-0.0126988669	0.0080909193	-0.0406023436	-0.1768003457	-0.0612597545	0.0186996331	-0.0566581879	0.0711901499	-0.0786869747	0.0147991893	-0.0869324134	-0.0259332501	-0.0053407991	0.022975666	-0.0100551186	-0.0168686628	0.0509303888	-0.0124537695	-0.0631479743	-0.0757282104	0.0901907944	-0.1109488906	0.0616009311	0.0050684204	-0.0461882677878406	9.659396638994622e-06	0.0021333560812412	9.330394342942059e-11	0.2693324092805227	-0.0098428689789216	0.072539946688851	9.688206973621744e-05	0.2268858974623242	0.0118050594261234	0.0001393594280543	0.0514772104672843	0.0141480275386189	-0.0001235915822082	1.5274879192750964e-08	0.0002001666832335	0.0065750140250566	8.913263682000863e-07	4.323080942969099e-05	7.944626946487558e-13	-0.0034472311173339	2.6400725793300234e-05	1.1883402376315126e-05	6.969983224130283e-10	0.0	0.0	0.0	0.0	0.0	0.0	0.0	0.0	0.0	0.0	0.0	0.0	0.0	0.0	0.0	0.0	0.0	0.0
886.3246077843685	1.1938114648239662	785571.3103641146	1.4251858135451438	969.0654249995588	-2.2594686301356437	5.10519849056704	939087.7979295756	866.0518952052682	-0.4916672580596923	750045.885188637	0.2417366926479361	867.4883611956213	659.91553438032	0.674159	13.789945	0.0539104908809607	0.0272794987782011	-0.0204658266	0.0552037323	0.0555209818	-0.016240679	-0.0728136629	0.0241039246	0.060356722	-0.0014206976	0.0182311297	0.0661781025	-0.0268119168	0.0812411544	-0.1170577252	0.0655057584	0.1346898402	-0.0092883295	-0.0274366287	0.0562707658	-0.0801627435	0.0762610172	0.0024196015	0.0939775708	0.0539440976	-0.0008283423	-0.0712902594	0.0298081693	-0.069997114	0.0354447351	0.1282916626	0.045468378	-0.0037849762	-0.069187513	-0.0400775949	-0.1336943962	0.0388165617	0.0358273582	-0.020281756	0.0251154	0.0400442956	-0.018163303	-0.0086423825	-0.0336742859	-0.1224252397	-0.149776402	-0.0207471568	-0.0282100003	0.0702207832	-0.1266836419	-0.0085796257	-0.0318088698	0.0090501652	0.0389661782	0.0143169694	-0.0914162886	-0.0502128133	-0.0649969947	-0.0082339703	-0.0296760607	-0.0860717122	-0.0021816828	-0.1126387502	0.0674542747	-0.0050684204	-0.0286526635806581	0.0175356042071825	0.0008209751302663	0.0003074974149109	0.2700223586376467	0.0006899493571239	0.0729120741642378	4.76030115395772e-07	0.2386674062695135	0.0117815088071892	0.0001388039497738	0.056962130815417	0.0142458283585445	9.780081992559995e-05	9.565000378119629e-09	0.0002029436256211	0.0062169810219521	-0.0003580330031044	3.8650853027312575e-05	1.281876313120269e-07	-0.0034249963701747	2.2234747159199843e-05	1.173060013570987e-05	4.943839812335454e-10	0.0	0.0	0.0	0.0	0.0	0.0	0.0	0.0	0.0	0.0	0.0	0.0	0.0	0.0	0.0	0.0	0.0	0.0
884.9502546561527	-1.37435312821583	783136.9532159894	1.8888465210366376	972.029247375856	2.96382237629723	8.784243078240161	944840.8577540732	866.5153502569079	0.4634550516396984	750848.8522308519	0.2147905848903555	867.9681723048544	658.1221459068387	0.686764	14.047787	0.0644952831121745	0.0355320237606818	-0.019614298	0.0485342781	0.0709760074	-0.0250149678	-0.0612615919	0.0422610222	0.0896644425	-0.0469447199	0.0050209715	0.0711712972	-0.0429280209	-0.050762145	-0.0993777481	0.0346440549	-0.0023436993	-0.077011766	-0.0679058072	-0.0041735096	-0.0341674372	0.1165003951	-0.0836574536	-0.0077662388	-0.0650153397	0.0077764185	-0.0778325591	0.0303633439	-0.0115861392	0.0991362928	0.0424079771	0.001405719	-0.0566874752	-0.0812902579	0.0267301185	-0.0611226897	-0.0960600315	0.0262391727	-0.0216346049	0.0151188271	0.0353765705	-0.025104173	0.020011783	-0.0581054299	-0.0868050706	-0.1633425926	-0.0412220114	-0.0584559128	0.062984436	-0.0818029068	-0.0403020288	-0.057368797	0.0402316723	-0.0348626149	-0.0083505703	0.0031100532	0.0089299261	-0.0693154748	-0.0074520891	-0.0513962372	-0.0430361268	-0.0069464539	-0.1142514127	0.0731227308	-0.0151740128	-0.0283272917889547	0.0003253717917033	0.0008024354600965	1.0586680283627985e-07	0.2659284388192731	-0.0040939198183735	0.0707179345728558	1.676017947927207e-05	0.262253001930091	0.0235855956605774	0.0005562803226642	0.0687766370213443	0.0139431158628795	-0.000302712495665	9.163485503173295e-08	0.0001944104799656	0.0065750226789274	0.0003580416569753	4.323092322840965e-05	1.2819382812961873e-07	-0.0034940501343648	-6.90537641901e-05	1.2208386341454676e-05	4.768422348821937e-09	0.0	0.0	0.0	0.0	0.0	0.0	0.0	0.0	0.0	0.0	0.0	0.0	0.0	0.0	0.0	0.0	0.0	0.0
882.5810978786972	-2.369156777455487	778949.3943327664	5.612903836163268	967.1709356882486	-4.858311687607397	23.60319245394264	935419.6188400824	864.1739011294984	-2.3414491274095326	746796.5313933761	5.482384016246861	866.2933084080362	659.7269531787592	0.7951869999999999	16.265585	0.0955750246321833	0.0446150375255812	-0.0145706125	0.0610606507	0.0971325524	-0.0239112868	-0.0779068299	0.0615908308	0.1058562307	-0.0562878859	0.0311562393	0.0775737716	-0.0781710289	-0.0450940689	0.0483806964	0.0303815993	0.0108419742	-0.1347308289	0.1227520804	-0.0734339836	-0.1350445608	0.0199630326	0.036206574	0.0106152979	0.0754201565	-0.0001879436	-0.1008536583	0.0595389061	0.0450355083	0.0859877932	0.0306563185	-0.0050916038	-0.1183235496	0.1373595492	0.1171881251	-0.0382997795	0.05507895	0.0255168359	-0.0180792158	0.0371055901	0.0425840136	-0.0173941173	-0.0132033755	-0.0432063624	-0.0814603958	-0.1538081016	-0.1293603741	-0.0215781729	0.0032784007	0.0240325703	-0.0879387949	-0.0226463514	-0.0586312622	-0.0505223816	-0.0729060552	0.0659855947	0.120257279	-0.0408612849	0.0145040872	0.0410228267	-0.0287024646	0.0132081449	-0.1157857731	0.0785907625	-0.0251860523	-0.0624363686899158	-0.0341090769009611	0.003898300135183	0.0011634291270356	0.2783980403230259	0.0124696015037528	0.0775054688557011	0.0001554909616623	0.2579301616857066	-0.0043228402443843	1.8686947778469344e-05	0.0665279683072147	0.0143340005082212	0.0003908846453417	1.527908059639076e-07	0.0002054635705696	0.0065809087886001	5.886109672699827e-06	4.330836048387403e-05	3.4646287079050465e-11	-0.0029973507697175	0.0004966993646473	8.984111636726089e-06	2.4671025884103145e-07	0.0	0.0	0.0	0.0	0.0	0.0	0.0	0.0	0.0	0.0	0.0	0.0	0.0	0.0	0.0	0.0	0.0	0.0
881.6418299610466	-0.939267917650568	777292.316337063	0.8822242211276343	963.0608648277192	-4.11007086052939	16.8926824785728	927486.2293627145	865.813146344478	1.63924521497961	749632.4043829245	2.687124874833548	866.3396415514824	651.0238080033924	0.809407	16.556465	0.1360005499279049	0.0630746000019711	-0.0071974703	0.0136762486	0.1106919337	-0.0049750595	-0.0688157548	0.0452168577	0.0766630607	0.0724193648	-0.0111173861	0.1006914233	-0.0914489924	-0.1041193238	0.0595107542	0.0072888369	0.0463117343	-0.0371262636	0.058985268	-0.1465929481	0.0648182995	0.0172726664	-0.0137416087	-0.0280279219	-0.0305910604	0.0523148298	-0.1138737901	0.0562678703	0.1169125452	0.0631446443	-0.027620479	0.0183844559	-0.1184285267	0.0619012917	-0.0816783812	0.1375862992	-0.0275560181	-0.0053263928	-0.0119265605	0.0443044226	0.066311399	-0.0161104253	0.0296153037	-0.0069101692	-0.1315878308	-0.0001746534	-0.0736424801	-0.1411690974	-0.0014210898	0.0331842878	-0.061533878	-0.0171070364	-0.0355094133	-0.0865634024	-0.0024109822	0.1674269652	0.1522050945	0.1804551098	-0.0546355391	-0.0912303904	0.0478874539	-0.0245866295	-0.1172407796	0.0838433825	-0.0350428114	-0.098246774776399	-0.0358104060864832	0.0096524287539644	0.0012823851840788	0.2369467307363919	-0.041451309586634	0.0561437532066642	0.0017182110664469	0.2268449167598589	-0.0310852449258476	0.0009662924520999	0.0514586162597873	0.013936700573705	-0.0003972999345162	1.5784723796657744e-07	0.0001942316228811	0.0064300062244819	-0.0001509025641181	4.134498004687599e-05	2.2771583857447373e-08	-0.0029924814817731	4.869287944399888e-06	8.954945418754928e-06	2.370996508547809e-11	0.0	0.0	0.0	0.0	0.0	0.0	0.0	0.0	0.0	0.0	0.0	0.0	0.0	0.0	0.0	0.0	0.0	0.0
883.7360560543519	2.0942260933053376	780989.4167705007	4.3857829298809365	966.9924272284452	3.9315624007259657	15.45718291080212	935074.35431716	866.6925082783706	0.8793619338925964	751155.9039058535	0.7732774107793271	868.0410440298227	647.9058717705568	1.008152	20.621799	0.2476178020196648	0.1131512854229834	-0.0110583258	0.0106937892	0.0673046855	-0.0064000274	-0.0586326019	-0.0156412398	0.0233156307	0.0604016885	-0.0117161799	0.0533788752	-0.0327475417	0.0345633223	-0.0214085777	0.1379456776	0.2543223586	-0.0406470325	-0.1180936601	0.2631560484	0.1704431067	-0.061386418	-0.1278062966	-0.1037854476	0.0725720093	0.0266723913	-0.0647253197	0.0219691086	0.0454898558	-0.0254080826	0.0816289619	0.0381168029	-0.0102993761	-0.1448595855	-0.1308362383	-0.2624028822	-0.1367176123	-0.1254024438	-0.0191406818	0.0063901216	0.0383109534	-0.0202940156	-0.367732742	0.1033934254	-0.0327311764	0.0081660301	0.0822319866	0.0366210077	0.0681984801	-0.0888940349	0.0022200254	-0.0425044865	-0.017663987	0.0453853472	0.0323833473	-0.0587573859	-0.0453328688	0.255735268	0.0247245445	-0.1170296234	0.0764128062	-0.1149210738	-0.1186154352	0.0888661936	-0.0446835199	-0.0525983962842957	0.0456483784921033	0.0027665912916798	0.0020837744589583	0.3050193233156335	0.0680725925792415	0.0930367875959269	0.0046338778604594	0.2993969277759589	0.0725520110160999	0.0052637943024802	0.0896385203616827	0.0139996566605521	6.295608684710012e-05	3.9634688710996124e-09	0.0001959903866133	0.0070280126414354	0.0005980064169534	4.939296168817579e-05	3.5761167471756255e-07	-0.0035584153766169	-0.0005659338948438	1.2662319992543596e-05	3.202811733330733e-07	0.0	0.0	0.0	0.0	0.0	0.0	0.0	0.0	0.0	0.0	0.0	0.0	0.0	0.0	0.0	0.0	0.0	0.0
884.0736507849535	0.3375947306016087	781586.220012236	0.1139702021299727	968.4511672789793	1.458740050534061	2.127922535032115	937897.6634040176	866.4136906015027	-0.2788176768679022	750672.6832617165	0.0777392969340139	868.3666979667468	655.9143416614606	0.817606	16.724161	0.0630393793593937	0.0326154770030908	-0.0220001276	0.023374075	0.0719142519	0.0061267687	-0.0584718671	0.0431671411	0.1045813392	-0.0314591631	0.0269063644	0.0947689658	-0.0375834362	-0.0617924803	-0.0135827608	0.1000975553	0.1733047354	-0.0855566335	-0.1421740419	0.1651558545	0.0024851886	-0.1340148632	-0.1530415874	-0.0254898147	0.0802009818	0.000707724	-0.1011630749	0.0222488728	0.0479738614	0.0622867103	0.065947548	0.0373556053	-0.0651436985	-0.1408049542	0.0245345508	-0.1770434179	-0.0652021306	-0.0167606709	-0.0257399593	0.0013799547	0.0423297706	-0.0391593369	-0.4517153563	0.1090608154	0.053022078	-0.0423094732	0.0042626164	0.0793786687	0.1361835944	-0.0871147798	-0.0439104094	-0.0344319443	-0.0094344354	0.1912967007	-0.0013225919	-0.080796853	0.1355015154	0.0213473807	0.1857890214	0.0595641583	0.1724788459	-0.0315347853	-0.1199087977	0.0936454286	-0.0540487397	-0.0412921042233165	0.0113062920609791	0.0017050378711892	0.0001278322401681	0.2800661443702523	-0.0249531789453811	0.078437045222419	0.0006226611394802	0.2986380113710254	-0.0007589164049334	5.759541096771487e-07	0.0891846618356407	0.0138384619747881	-0.0001611946857639	2.5983726718554492e-08	0.0001915030298276	0.0066743049000381	-0.0003537077413972	4.45463458986726e-05	1.2510916632437884e-07	-0.0035528979648162	5.517411800699899e-06	1.2623083948395098e-05	3.04418329785025e-11	0.0	0.0	0.0	0.0	0.0	0.0	0.0	0.0	0.0	0.0	0.0	0.0	0.0	0.0	0.0	0.0	0.0	0.0
882.392346737013	-1.6813040479405572	778616.253580053	2.8267833016213038	967.8691705910556	-0.5819966879236063	0.3387201447540475	936770.731380618	864.6370312262311	-1.7766593752716062	747597.1957677106	3.156518535740494	866.6594702826605	652.6103919795121	0.935575	19.137226	0.0398081734816757	0.0233273244560623	-0.0196342837	0.0271509442	0.0997880776	-0.0457597673	-0.0628138141	0.0026197348	0.0384771423	-7.98911e-05	0.0399349351	0.102979586	-0.0469964643	-0.0282880169	0.1427330689	0.049463207	0.0051560966	-0.0247796718	0.0485948775	0.1317651404	-0.0879881297	-0.0434445683	-0.0615912819	-0.0717937196	0.1704057101	-0.0054473815	-0.1309831454	0.0229179265	0.1140359497	-0.0197276829	-0.0192840956	-0.0080308694	-0.0123513599	0.0979757509	0.075860132	-0.1184631871	0.0227925005	-0.0235021392	-0.0250006153	0.014838378	0.0563392586	-0.013959106	-0.2728917872	0.0714176905	0.0422902348	-0.1373313408	-0.079050259	-0.0477825695	0.0678284119	0.0636956939	0.0337803044	-0.0125936801	-0.1087837576	-0.0533301129	-0.0489183966	0.0906479033	0.1132113377	-0.0625311067	0.1372211164	0.160531811	0.0272496705	0.0514399766	-0.1211199807	0.098167988	-0.063080731	-0.0408594330837956	0.0004326711395208	0.0016694932719291	1.8720431497431186e-07	0.2869186636212077	0.0068525192509554	0.0823223195341797	4.695702008471469e-05	0.2996673596427399	0.0010293482717144	1.0595578644815658e-06	0.0898005264352512	0.0141625733573593	0.0003241113825711	1.0504818831221405e-07	0.0002005784841025	0.0069762998169748	0.0003019949169367	4.866875913632263e-05	9.120092985560437e-08	-0.0035491315679344	3.766396881800093e-06	1.2596334886508494e-05	1.4185745471233464e-11	0.0	0.0	0.0	0.0	0.0	0.0	0.0	0.0	0.0	0.0	0.0	0.0	0.0	0.0	0.0	0.0	0.0	0.0
882.2933064234337	-0.0990403135792803	778441.4785595951	0.0098089837138821	962.9963948353228	-4.872775755732846	23.74394356565781	927362.0564658288	865.8934433131955	1.2564120869643602	749771.4551727821	1.5785713322701391	867.362258858966	640.6043012482779	1.044658	21.368534	0.133713014144449	0.0993578007914814	-0.0196151329	-0.0804651672	0.0424580485	0.0101348314	0.023576808	-0.0530132266	-0.0057795183	0.0375303971	0.0132156623	0.0287105898	-0.0094234623	-0.1620324469	0.1309743168	0.0114770925	-0.0512482157	0.0162499059	-0.0168618437	0.0527648228	0.1370263984	-0.0251331291	-0.073485852	0.0056759212	0.065786564	-0.0033272582	-0.0320818713	-0.0165283181	0.1607066091	-0.0084213141	-0.151576858	-0.0380855498	-0.0168232322	-0.0289895969	-0.0844445359	-0.0716656261	0.0089102451	0.0221224149	-0.0219202037	-0.0530727046	0.0303220767	-0.0435268944	-0.1862843824	-0.0532906489	0.0590290357	0.0116422277	0.1018474505	-0.0998569403	0.0101371419	0.1109569007	0.0147356892	0.0327553178	-0.0667920454	-0.0070916578	-0.0142476393	0.1876967209	0.1140303033	0.1684807141	-0.0147236276	0.0611250948	-0.1438868875	-0.0900615836	-0.1222481541	0.1024214758	-0.0717238087	-0.0281010405598891	0.0127583925239065	0.0007896684805485	0.000162776579794	0.2928814096864585	0.0059627460652507	0.0857795201399271	3.5554340638663515e-05	0.3878870434943167	0.0882196838515768	0.0077827126188721	0.1504563585107619	0.0136479393034533	-0.0005146340539059	2.648482094397231e-07	0.0001862662472307	0.0069783118877917	2.0120708168992404e-06	4.869683680329496e-05	4.048428972217577e-12	-0.003530333858583	1.8797709351400183e-05	1.2463257153057533e-05	3.53353876859718e-10	0.0	0.0	0.0	0.0	0.0	0.0	0.0	0.0	0.0	0.0	0.0	0.0	0.0	0.0	0.0	0.0	0.0	0.0
879.4225183396594	-2.8707880837743005	773383.9657628686	8.24142422194052	950.122380084302	-12.874014751020807	165.74025580950138	902732.5371370588	863.9971232832058	-1.8963200299896243	746491.0290416551	3.5960296561398497	865.3715421236478	614.9971849743464	2.211928	45.245087	1.243503840020995	0.7860038876213347	0.1364217341	-0.3496922601	-0.188042523	0.1959682701	0.2201902232	-0.3131050082	-0.0265050294	0.0612225237	-0.176474195	-0.389397688	0.1405827842	0.0889855238	0.1148234582	0.0014240087	0.0018978299	-0.1622329379	0.0607179027	0.0867198146	-0.1456599733	-0.0759751156	0.0098160589	0.0134112479	-0.0527606635	0.0969673312	0.3876674759	-0.1459066634	0.0844323968	-0.1189714035	0.0518150472	-0.0375454011	-0.0608027189	0.1665388069	0.1134594086	-0.089010374	0.0282214478	-0.118633107	0.1947165524	-0.3746390583	-0.1768870374	-0.0224976144	0.0824606092	0.102681725	-0.0696124468	-0.0075080132	0.0020962511	-0.1022299512	-0.0216885962	0.0623286739	0.0190016888	0.0386628581	0.0409078937	0.0560525499	0.2077091591	0.2098172484	-0.044448432	0.2171196241	0.2055302853	0.2727663293	-0.1213364068	0.1549516327	-0.1232925447	0.1063942335	-0.0799246852	0.1185139715950072	0.1466150121548963	0.0140455614632221	0.0214959617891803	0.2287712133980761	-0.0641101962883823	0.052336268079628	0.0041101172681349	0.758234833293443	0.3703477897991263	0.1371574854090978	0.5749200624195353	0.0022012906118095	-0.0114466486916438	0.0001310257662699	4.845680357640643e-06	0.0068910696094515	-8.724227834019938e-05	4.7486840362306055e-05	7.611215129988821e-09	-0.0018156079929952	0.0017147258655877	3.2964323842280586e-06	2.9402847941158294e-06	0.0	0.0	0.0	0.0	0.0	0.0	0.0	0.0	0.0	0.0	0.0	0.0	0.0	1.0	0.0	0.0	0.0	0.0
879.7946747773246	0.3721564376652395	774038.6697665384	0.1385004140956813	947.1922853151	-2.9300947692020145	8.585455356505006	897173.2253604417	868.3761001608136	4.378976877607784	754077.0513305034	19.175438494623613	867.2313008626302	598.282596385617	1.676507	34.293026	0.8895934899542046	0.5484436581376197	0.2240628578	-0.3726030752	-0.2830011731	0.2598281512	0.2677605	-0.2275408248	-0.0397735965	0.154437518	-0.3169904461	-0.3451558756	0.1995232891	-0.0443493613	0.1344424474	-0.2376372348	0.1143727832	-0.1715466747	-0.3081761362	-0.243135401	-0.0898865438	0.0786371938	0.1668298729	-0.2609217933	0.2901144693	0.1844853552	0.4468013545	-0.2176509358	-0.0466459897	-0.109936144	0.0064938847	0.1518864206	-0.2127777438	-0.1342835347	0.260621778	0.1272980833	0.1031582986	-0.3225273314	0.3049592407	-0.3914480091	-0.2553490378	0.1080303433	0.1344308509	0.5083321588	-0.2098234977	-0.0322379772	-0.1064582308	0.1790986711	0.001378559	0.156557204	-0.0120722636	0.0359859374	-0.1108359465	-0.0375769365	-0.1253932423	-0.093664108	-0.1131704033	-0.1401468675	-0.0873716457	-0.1228916385	0.1719621539	-0.0566252163	-0.1242524367	0.1100753719	-0.0876327994	0.1108528311558956	-0.0076611404391116	0.0122883501752774	5.869307282779116e-05	0.1448455371491661	-0.08392567624891	0.0209802296320304	0.0070435191338368	0.995528466303341	0.237293633009898	0.0563082682670361	0.9910769272202824	-0.0063680602786516	-0.0085693508904611	7.343377468384646e-05	4.055219171254029e-05	0.0090700365949862	0.0021789669855346	8.226556383438885e-05	4.747897124050173e-06	-0.0013496650638653	0.0004659429291299	1.8215957846185249e-06	2.17102813206151e-07	0.0	0.0	0.0	0.0	0.0	0.0	0.0	0.0	0.0	0.0	0.0	0.0	0.0	0.0	1.0	0.0	0.0	0.0
878.8528146768155	-0.9418601005091888	772382.2698653609	0.887100448931179	949.79351448151	2.601229166410008	6.766393176182103	902107.7201511384	863.2528083387435	-5.123291822070087	745205.4111047275	26.248119094090228	863.5221769153562	638.9849854252053	2.632338	53.844582	1.4662715736104217	1.0212622453238245	0.0344936984	-0.1370847391	-0.1587607144	0.0686429526	0.1254013252	-0.0378634139	-0.1112874044	0.2887588799	-0.03170135	-0.2537399218	0.2185599792	0.4887520534	-0.023382952	0.0292368219	0.0571090062	0.0456743099	0.2313352662	0.0761331998	0.0460695653	-0.1517296985	-0.0612618282	-0.1216842855	-0.1108409812	-0.0336211459	0.2336379114	-0.106382604	-0.2238930647	-0.2738004576	0.332248584	0.0369831931	0.1470858806	0.2478045483	-0.1041492138	0.0094016226	-0.0600990339	0.0481725656	0.0572045941	-0.1390395031	-0.0234167662	0.023776075	0.1451768894	0.0848069409	0.1706312558	0.1679656047	0.1833577774	0.0082816344	0.1159965323	-0.4137494685	-0.0923245186	0.0342269474	0.0293421509	0.1105900159	0.2356105962	0.0261741011	0.4449980684	-0.1550095164	-0.3489584575	-0.0726630614	-0.0866381969	-0.0294169308	-0.1251271724	0.1134548014	-0.0948006283	-0.0466524280746512	-0.1575052592305468	0.0021764490452605	0.0248079066852817	0.151719859936378	0.0068743227872118	0.0230189158991141	4.725631378278072e-05	0.5445043725039085	-0.4510240937994325	0.2034227331875993	0.2964850116758751	0.0093786858445451	0.0157467461231967	0.0002479600134684	8.795974817067063e-05	0.0092413685447185	0.0001713319497323	8.540289257931251e-05	2.9354636999071378e-08	-0.0024489449468009	-0.0010992798829356	5.997331352461663e-06	1.2084162610269064e-06	0.0	0.0	0.0	0.0	0.0	0.0	0.0	0.0	0.0	0.0	0.0	0.0	0.0	0.0	0.0	1.0	0.0	0.0
886.4840262679897	7.631211591174292	785853.9288283059	58.23539034927287	974.8464452904392	25.052930808929204	627.6493421169941	950325.5918954052	865.1835725702066	1.9307642314630584	748542.6142453459	3.727850517497135	867.0006595448551	671.7083490032948	2.020181	41.322891	0.8232980050656731	0.4869046589344532	-0.0508335023	0.1199169653	0.0108183607	-0.1581765052	-0.1529767817	0.0801666765	-0.082046871	-0.0542811937	0.0433399803	0.0406648666	0.0162619057	0.250475462	-0.1320223143	-0.0342033438	-0.039420513	0.0428358975	0.187026214	0.0337290747	-0.0535837905	0.05923397	-0.0954117065	-0.075721661	-0.120233639	-0.0344700823	-0.0869614225	0.0336818225	-0.1903461184	-0.0408252439	0.1362112539	0.0080264648	0.2299319469	0.2711105409	0.1021802024	-0.0055749677	-0.1855664883	-0.0236293992	-0.0550976363	0.1266498577	0.0485295919	0.0491015685	0.0828018654	0.0425489675	0.1282363083	-0.1205256039	-0.0393383448	0.1346897337	-0.0140950849	-0.0260099108	0.0091769561	-0.0125275684	0.0345578399	-0.1522536533	0.2007608715	0.0766701458	0.078394426	-0.1807931147	0.0437656847	0.0693181879	-0.1364469854	-0.036218184	-0.1259161521	0.1165232592	-0.1013839798	-0.122557412375869	-0.0759049843012178	0.0150203193282688	0.0057615666417681	0.199872095265718	0.04815223532934	0.0399488544659082	0.0023186377672121	0.3469807350948031	-0.1975236374091054	0.0390155873353237	0.1203956305269299	0.0166981182048296	0.0073194323602844	5.357409007677992e-05	0.0002788271515824	0.0081367994834504	-0.001104569061268	6.620750583387869e-05	1.2200728111106908e-06	-0.0040592864857685	-0.0016103415389675	1.6477806773542776e-05	2.593199872124537e-06	0.0	0.0	0.0	0.0	0.0	0.0	0.0	0.0	0.0	0.0	0.0	0.0	0.0	0.0	0.0	0.0	1.0	0.0
885.3847677535214	-1.0992585144683744	783906.186969957	1.2083692816312173	966.3597093375332	-8.486735952905974	72.02468713434688	933851.0878309216	866.651035356588	1.4674627863813612	751084.0170846458	2.1534470294141483	867.9136066664997	659.8043842407727	1.247371	25.515026	0.1098048844294947	0.0667461541578547	-0.0289771794	0.0544402667	0.0213276665	0.0289505893	0.0067912068	0.1051881569	0.0493839537	-0.0882778953	0.0480202222	0.1054372282	-0.008556911	-0.1307854505	-0.0369645405	-0.028976987	-0.1360945738	0.0231188699	-0.147801788	-0.1586126596	-0.0910878381	-0.0260122821	-0.0062094861	0.0140230702	-0.2068201631	-0.0267010891	-0.0734257055	0.0061958952	0.0052246186	0.1156362826	-0.0877977044	-0.074950246	0.0135140783	-0.1223725385	0.146416806	0.1538023562	-0.0449744862	0.0169490648	-0.0365693398	0.0440743202	0.0265376486	0.0509207798	0.072241717	-0.0805811917	0.0575338663	0.0842484231	-0.0379292604	0.0888167522	-0.0436952528	0.035759294	-0.0792370797	-0.00612836	0.0152756528	-0.0508841663	0.028236661	0.1474656333	-0.0247107766	-0.0229112473	-0.0905718615	-0.0367477331	0.0238572496	-0.0734556612	-0.1266188352	0.1192723348	-0.1073422654	-0.1137026110160661	0.0088548013598028	0.0129282837518708	7.840750712156713e-05	0.2400958625271414	0.0402237672614234	0.0576460232026519	0.0016179514527011	0.3783907010249265	0.0314099659301234	0.0009865859597315	0.1431795226221353	0.0161185098671225	-0.0005796083377071	3.359458251395885e-07	0.0002598063603365	0.008134973654152	-1.8258292983994867e-06	6.617779635374715e-05	3.333652626893962e-12	-0.0040543936552111	4.89283055740003e-06	1.643810791141602e-05	2.3939790863427485e-11	0.0	0.0	0.0	0.0	0.0	0.0	0.0	0.0	0.0	0.0	0.0	0.0	0.0	0.0	0.0	0.0	0.0	0.0
883.5561298416635	-1.828637911857868	780671.4345807786	3.343916612683904	968.3728541408676	2.0131448033343986	4.052751999192294	937745.98463693	864.0415078960307	-2.609527460557274	746567.7273672464	6.809633567402496	865.1460109091213	663.8817527616346	0.937115	19.168734	0.138984657998977	0.0729614277648008	-0.0322483343	0.105322554	0.0626727231	-0.0246862483	-0.0178447643	0.0279476263	0.1113728369	0.0169538111	0.0554329171	0.0212707545	-0.0050328667	0.0080341651	0.0607427038	0.1365776233	-0.0522982662	-0.0466645786	0.1296920592	-0.1183499279	-0.0254837164	-0.02650788	-0.015336513	0.0805925305	-0.0758417924	-0.0399567583	-0.0417133327	0.0228179237	0.0836582542	0.0047008915	0.0969353041	-0.0789629147	-0.0723317271	0.0991633033	0.0221667098	0.106304841	0.0285039665	0.1369724645	-0.0439592345	0.0616783639	0.017033773	0.0474811218	0.0317589114	-0.0712422864	0.0776211966	0.096970245	-0.0915191651	0.0680554604	0.0718566704	0.0897921019	-0.104817158	-0.0185904919	-0.0005376274	-0.1262373344	-0.0238083035	0.0848656576	-0.0579471615	-0.0589484363	0.131310377	0.0217161126	-0.0612378882	-0.0552188933	-0.1272347401	0.1216944932	-0.1126387502	-0.1031622354327765	0.0105403755832896	0.0106424468194876	0.0001110995174368	0.2623767747347045	0.022280912207563	0.0688415719201858	0.0004964390488011	0.4345511761317908	0.0561604751068642	0.0031539989642287	0.1888347246775226	0.0162543810035497	0.0001358711364272	1.846096571401936e-08	0.0002642049018085	0.0089841791102518	0.0008492054560997	8.071547428508481e-05	7.211499066696677e-07	-0.0040693749647093	-1.4981309498200354e-05	1.6559812603402815e-05	2.244396342808681e-10	0.0	0.0	0.0	0.0	0.0	0.0	0.0	0.0	0.0	0.0	0.0	0.0	0.0	0.0	0.0	0.0	0.0	0.0
883.062680936386	-0.4934489052775461	779799.6984625574	0.2434918221196087	967.8582962909376	-0.5145578499300427	0.2647697809246284	936749.6816991963	864.6575441745126	0.6160362784819426	747632.6686978992	0.3795006964058816	866.0892722366202	650.5402566917154	0.968463	19.809958	0.1079002233074574	0.0648320199417097	-0.017348425	0.0252375458	0.0296511563	-0.014981539	0.0241354719	-0.0215737004	0.0497161358	0.0723874807	0.0746703139	-0.000550164	0.003194843	-0.1022262743	0.117373872	0.0553659144	-0.0829799465	0.1087585154	-0.0260068884	-0.1190263235	0.0809234773	-0.0857513463	-0.0002641373	0.1083689522	-0.0716513397	-0.0556562728	-0.0225597983	-0.0066448576	0.180349311	-0.0337179663	-0.056395389	-0.0604992917	0.0417769609	-0.057303002	-0.0277958366	0.1256496236	0.075632617	0.0613020745	-0.0316002925	0.0285517658	0.0048690853	0.0686136082	0.057800513	-0.0978522102	0.1235716965	0.2486990207	0.0335364258	-0.0127378287	0.0230329665	0.1409189844	0.0533688435	0.0544088918	-0.0682105509	-0.0616501437	-0.0778781779	0.0053244838	-0.094265805	0.0466111075	0.0713444068	0.0105084992	0.0212734406	-0.0575526624	-0.1277634447	0.1237830955	-0.1172407796	-0.096154273390681	0.0070079620420955	0.0092456442912898	4.911153198345133e-05	0.2646582122478662	0.0022814375131616	0.0700439693102365	5.204957126461337e-06	0.4964434977677712	0.0618923216359804	0.0038306594774916	0.246456146475899	0.0169795136920969	0.0007251326885471	5.258174159996881e-07	0.0002883038852201	0.0089811983975838	-2.9807126679989165e-06	8.066192465676182e-05	8.884648009169219e-12	-0.0040756316058185	-6.256641109200073e-06	1.6610772986346686e-05	3.914555796933232e-11	0.0	0.0	0.0	0.0	0.0	0.0	0.0	0.0	0.0	0.0	0.0	0.0	0.0	0.0	0.0	0.0	0.0	0.0
883.2536781981402	0.1909972617542052	780137.0600505437	0.0364799539976044	961.5372799792922	-6.321016311645394	39.95524721208714	924553.9407899756	864.0154008082786	-0.642143366233995	746522.6128338904	0.4123481027983267	864.5054578210553	640.5615047027705	0.927317	18.968313	0.0752839758778051	0.0437375333085087	-0.0286128325	-0.0277211988	-0.0616021311	-0.0089804918	0.0825881011	-0.0160772858	-0.1147139797	0.1416623949	0.0766795844	-0.0555915693	0.0098590051	0.0748474833	0.112141139	0.0136707148	-0.0581389736	0.1643178172	-0.0379482329	0.0024584448	0.1573856208	-0.0077044609	-0.0130649193	0.0660250279	-0.13832816	-0.0790387619	0.0494086654	0.0212847388	0.060608602	-0.1911419508	-0.0453881783	-0.0232782547	0.0828648725	-0.0906252785	-0.121381959	0.0700781019	0.0115922092	0.0191471829	-0.0363560297	0.0259847689	-0.0165603201	0.0469317109	0.0718331824	-0.048461624	0.134933532	0.2011859829	0.1736349761	-0.0414345067	0.0507565414	0.0577761529	0.0487011173	0.0773240049	0.0679567538	-0.0069697386	0.0427320034	-0.1334137405	-0.1776673414	0.1145590381	0.0728475619	0.034886013	0.0582648945	-0.0321229717	-0.1282045865	0.1255324169	-0.1211199807	-0.0845149412663488	0.0116393321243322	0.0071427752972543	0.0001354740523005	0.2682658226898411	0.0036076104419749	0.0719665516234572	1.3014853101046622e-05	0.5087384912942241	0.0122949935264529	0.0001511668658155	0.2588148525243233	0.0163342256549733	-0.0006452880371236	4.1639665085482885e-07	0.0002668069277475	0.0086820204056892	-0.0002991779918946	7.537747832480365e-05	8.950747083408572e-08	-0.0040652568391358	1.037476668270046e-05	1.6526313168140394e-05	1.0763578372047147e-10	0.0	0.0	0.0	0.0	0.0	0.0	0.0	0.0	0.0	0.0	0.0	0.0	0.0	0.0	0.0	0.0	0.0	0.0
885.9104324589655	2.6567542608253234	784837.2943396312	7.058343202413511	965.159359081682	3.622079102389876	13.119457023969446	931532.5884229632	866.4098698771215	2.394469068842909	750666.0626204907	5.733482121645428	866.5558105207916	648.0555753118743	0.865781	17.709578	0.0622070174626181	0.0409354947549203	-0.0285270255	0.0042701221	-0.0667051388	-0.0013763878	0.0783264135	0.0311397483	-0.1091072871	-0.0593959083	0.0349098122	-0.0187042241	0.0512232764	-0.033195123	-0.0204019241	-0.0446689342	-0.131524184	0.1616322448	-0.1755077518	0.0580539114	0.0839516828	0.0621961397	0.1016920892	0.0223268969	-0.2558526999	-0.0510371074	0.0441976588	-0.0284454883	-0.0531107047	-0.0460213395	-0.1202950621	-0.0251245901	0.1207693333	-0.1778015149	-0.043749428	0.0469159587	-0.022425948	-0.0304922981	-0.0355656062	0.0182793431	-0.0082693566	0.0388469911	0.0939582657	-0.0826625653	0.2179716495	0.0946970989	0.0922331026	0.0385057574	0.0168118769	-0.0070650343	-0.035429226	0.0813124221	0.0151399126	-0.0086762976	-0.0109956833	-0.1762203636	-0.15540149	-0.0272064775	0.0430810861	0.0211841783	0.0577691842	-0.0084822815	-0.1285578634	0.1269376627	-0.1242524367	-0.0845371821741736	-2.2240907824794265e-05	0.0071465351699494	4.946579808709946e-10	0.2617144642254772	-0.0065513584643639	0.0684944607848285	4.292029772859309e-05	0.5227036661512585	0.0139651748570344	0.0001950261087875	0.2732191226079663	0.0162703924860623	-6.383316891099902e-05	4.0746734532201325e-09	0.0002647256716505	0.0094401420461354	0.0007581216404462	8.911628185121345e-05	5.747484217128374e-07	-0.0040766668944465	-1.1410055310700357e-05	1.6619212968276072e-05	1.3018936219324138e-10	0.0	0.0	0.0	0.0	0.0	0.0	0.0	0.0	0.0	0.0	0.0	0.0	0.0	0.0	0.0	0.0	0.0	0.0
884.9470882193147	-0.9633442396508372	783131.3489478434	0.9280321240684496	974.6041591598326	9.444800078150593	89.20424851623343	949853.2670516444	865.7500247451294	-0.6598451319921423	749523.1053461921	0.4353955982137277	867.4041582938952	659.2270053841432	0.871143	17.819269	0.0414238457436783	0.0265107425105013	-0.0254326017	0.0692079074	-0.0491553901	-0.0412649378	0.0336944496	-0.0018036636	-0.0225046927	-0.1561488553	0.0398778496	0.0002875295	0.0576887928	-0.0154613305	-0.029592054	-0.0200962159	-0.2009359624	0.0486089849	-0.0652446514	0.0047120278	-0.0442270636	-0.0223956856	0.0371269232	-0.0040596648	-0.1764890816	-0.0568085849	0.0190909703	-0.0332074583	-0.0603380172	0.0108660081	-0.0667195318	-0.1087976791	0.0736780522	-0.0385442383	0.117648905	0.0772767416	-0.0377051029	0.0663185863	-0.0407593938	0.041011785	-0.0062810742	0.0425707901	0.0851086157	-0.0942405518	0.1925161969	0.0665409822	-0.0210890626	0.0971953494	-0.0121201536	0.0456303684	-0.1160260018	0.0340362295	0.1124253269	0.0001150378	-0.0280462497	-0.1084550635	-0.1764168236	-0.1113078452	-0.0175480007	0.0223622723	0.0480164485	0.0635933412	-0.1288230331	0.1279949812	-0.1266188352	-0.0847747884562863	-0.0002376062821127	0.007186764757808	5.64567452994245e-08	0.2572037928024855	-0.0045106714229916	0.0661537910319838	2.034615668619364e-05	0.5141727785608197	-0.0085308875904388	7.277604308070359e-05	0.2643736462129537	0.0166578328175528	0.0003874403314905	1.5011001046546932e-07	0.0002774833941775	0.0096093450679763	0.0001692030218409	9.233951263544044e-05	2.8629662600092198e-08	-0.0040829171500778	-6.250255631300161e-06	1.6670212454399425e-05	3.906569545659938e-11	0.0	0.0	0.0	0.0	0.0	0.0	0.0	0.0	0.0	0.0	0.0	0.0	0.0	0.0	0.0	0.0	0.0	0.0
884.433575110628	-0.5135131086866522	782222.7487829669	0.2636957127930295	966.4946490598012	-8.109510100031457	65.76415406251222	934111.9066612284	864.3743991135556	-1.3756256315738256	747143.1018429203	1.8923458782428864	865.7904357649322	664.4893221634235	0.886634	18.136141	0.1548979650312665	0.0767178091482303	-0.0321329379	0.0984602101	0.034031933	-0.0378981799	-0.0014359101	0.0627645319	0.006047136	-0.0953135296	0.0588267718	0.0128932024	-0.0491399953	-0.0743609626	-0.042005195	0.0426084854	-0.1112416798	-0.035249754	0.0339334998	-0.0314111446	-0.0830599195	-0.1233687078	0.1652329768	0.1417309803	0.031506207	-0.0580236064	-0.0209818654	0.0519512344	-0.0191066214	0.1047707989	-0.0334002679	-0.0785333156	-0.0263578596	0.00261242	0.1326984493	0.0222147743	0.1869054488	0.0643430233	-0.0399640089	0.0599752393	0.0218565768	0.055578042	0.0681488616	-0.1046823356	0.0784065399	0.0846212554	-0.0715017285	0.0940936927	-0.1238599726	0.0554119367	-0.101257474	-0.0191460113	-0.0258775913	0.0098004953	-0.0759639182	-0.0536491204	-0.1028853799	-0.0194105755	-0.0318790078	0.0085326101	-0.0294513799	0.0958237637	-0.1289999139	0.1287014744	-0.1282045865	-0.0973447417945863	-0.0125699533382999	0.0094759987550546	0.000158003726927	0.2288212260314708	-0.0283825667710147	0.0523591534825454	0.0008055700965111	0.4497489847307179	-0.0644237938301017	0.0041504252114634	0.2022741492663115	0.0166466327094757	-1.1200108077102228e-05	1.2544242093877054e-10	0.0002771103805641	0.0090850875307244	-0.0005242575372518	8.253881544092399e-05	2.748459653654267e-07	-0.0036279417735698	0.0004549753765079	1.3161961512412788e-05	2.0700259322859635e-07	0.0	0.0	0.0	0.0	0.0	0.0	0.0	0.0	0.0	0.0	0.0	0.0	0.0	0.0	0.0	0.0	0.0	0.0
883.6447546613435	-0.7888204492844579	780828.052440506	0.6222377012093341	963.9104372277316	-2.5842118320696272	6.678150793008659	929123.3309965568	865.085132285849	0.7107331722934305	748372.2861020248	0.5051416421982832	865.9373327271551	659.0479639358963	0.984688	20.141827	0.5930235270671267	0.2493284958370432	-0.0389983026	0.0291868095	0.0721257457	-0.0074062832	-0.068722553	0.1515474255	-0.0274385267	-0.0315202259	0.0424724338	0.0700426416	-0.1114944969	0.0051520291	-0.0260711542	0.0283613015	-0.0060848501	-0.0601959372	0.0083485522	-0.0723720163	-0.0641860341	-0.0734372225	0.0509791009	0.1450373235	0.034504545	-0.0007273492	-0.0854201631	0.1113230985	-0.0141715801	0.0512723119	-0.0078678237	-0.064073885	-0.0405044654	0.0023015584	0.0086817266	0.0479202337	0.0650485056	0.0288844453	-0.0257960995	0.0355933769	0.0880280786	0.0513592481	0.016066917	-0.020328583	-0.1380914183	-0.0402559573	-0.0301520996	-0.0525031356	-0.0991792759	0.0422452438	-0.0188145869	-0.1584042441	-0.0211097598	0.0535486406	-0.0032474648	-0.0324648801	0.0585738666	0.0750942201	-0.1151988724	-0.0548565167	-0.0484874413	0.0026279693	-0.1290883846	0.1290552057	-0.1289999139	-0.0437672520105962	0.0535774897839901	0.001915572348559	0.0028705474115535	0.1671017426337613	-0.0617194833977094	0.0279229923912397	0.0038092946308801	0.2359635398857307	-0.2137854448449871	0.045704216427569	0.0556787921554048	0.0142706526458399	-0.0023759800636357	5.645281262794769e-06	0.0002036515269382	0.0071539749877678	-0.0019311125429566	5.11793581256073e-05	3.7291956535643073e-06	-0.0026562121993534	0.0009717295742164	7.055463247993826e-06	9.442583654067866e-07	0.0	0.0	0.0	0.0	0.0	0.0	0.0	0.0	0.0	0.0	0.0	0.0	0.0	0.0	0.0	0.0	0.0	1.0
