#!ascii label  , from subject sub-v2s10x28987_ses-1 vox2ras=TkReg
3872
616  12.576  -89.597  -12.999 0.8000000119
965  13.789  -87.936  -12.936 0.8999999762
603  11.082  -89.579  -10.257 0.6000000238
602  12.690  -89.133  -10.068 0.5000000000
609  11.796  -89.487  -11.114 0.8000000119
961  11.519  -88.896  -11.801 0.8999999762
612  12.029  -89.352  -12.415 0.8000000119
365  13.068  -90.082  -13.045 0.8000000119
371  13.096  -89.641  -13.446 0.8999999762
615  13.176  -88.923  -13.387 0.8999999762
353  10.884  -89.895  -9.546 0.8000000119
352  11.117  -90.260  -9.345 0.6999999881
610  11.212  -89.132  -11.000 0.8999999762
359  11.831  -89.570  -11.868 0.8999999762
956  11.185  -88.358  -11.111 0.8999999762
966  12.805  -88.586  -12.748 0.8000000119
174  13.963  -90.393  -13.077 0.8000000119
379  14.868  -89.412  -15.424 0.6999999881
624  14.525  -89.217  -14.997 0.8000000119
629  15.571  -88.740  -16.575 0.6999999881
124400  15.042  -88.863  -15.829 0.8000000119
984  15.470  -88.374  -16.356 0.8000000119
604  10.804  -89.241  -10.077 0.8000000119
156  11.518  -90.692  -6.619 0.8000000119
114206  11.803  -86.526  -9.171 0.8999999762
126245  10.904  -89.153  -10.548 0.8999999762
955  11.997  -87.747  -11.445 0.8999999762
1427  11.810  -87.213  -10.699 0.8999999762
959  13.487  -87.507  -12.257 0.8999999762
960  12.334  -88.237  -12.128 0.8999999762
1439  16.112  -86.309  -12.757 0.8999999762
1451  15.547  -87.081  -13.313 0.8999999762
619  14.173  -88.881  -14.422 0.8999999762
974  14.046  -88.412  -13.628 0.8999999762
110075  14.828  -88.522  -14.945 0.8999999762
1459  16.365  -87.050  -14.506 0.8999999762
980  15.535  -87.991  -15.470 0.8999999762
114267  16.908  -86.964  -15.485 0.8999999762
1469  16.980  -87.035  -16.183 0.8999999762
983  16.005  -87.675  -16.216 0.8999999762
119084  18.476  -85.896  -18.865 0.8999999762
1511  17.899  -86.399  -21.344 0.8999999762
2094  17.821  -85.933  -21.250 0.8999999762
2083  17.971  -86.034  -20.039 1.0000000000
2102  18.101  -85.817  -22.125 1.0000000000
944  10.720  -88.597  -9.332 0.8000000119
109244  11.014  -87.993  -8.717 0.8999999762
951  10.789  -88.256  -10.042 0.8999999762
950  11.118  -87.789  -10.458 0.8999999762
2004  12.446  -85.890  -9.340 0.8999999762
1422  11.304  -87.300  -9.778 0.8999999762
1421  11.756  -86.720  -9.964 0.8999999762
1420  12.597  -86.214  -10.115 0.8999999762
913  8.840  -87.311  -5.380 0.8999999762
1426  12.865  -86.625  -10.857 0.8999999762
1380  9.145  -86.539  -6.034 0.8999999762
120143  14.312  -85.520  -10.379 1.0000000000
1431  15.074  -86.286  -11.873 0.8999999762
1425  13.990  -86.119  -10.986 0.8999999762
1440  15.356  -86.659  -12.548 0.8999999762
1441  14.493  -87.029  -12.387 0.8999999762
964  14.764  -87.504  -13.067 0.8999999762
1449  17.026  -86.243  -13.905 0.8999999762
1450  16.283  -86.642  -13.590 0.8999999762
1457  17.729  -86.328  -15.309 0.8999999762
2039  18.507  -85.493  -14.775 0.8999999762
2047  18.599  -85.738  -15.699 0.8999999762
2056  18.584  -85.969  -16.693 0.8999999762
2069  18.290  -86.130  -17.950 0.8999999762
1001  18.006  -86.760  -21.208 0.8999999762
1509  19.232  -86.453  -21.829 0.8999999762
1510  18.175  -86.372  -22.002 1.0000000000
110148  18.606  -85.489  -20.496 1.0000000000
2101  19.838  -85.924  -22.241 1.0000000000
123402  18.906  -85.009  -22.506 1.0000000000
2093  18.547  -85.297  -21.568 1.0000000000
2663  19.818  -84.661  -19.810 1.0000000000
2107  19.423  -85.455  -22.656 1.0000000000
2698  20.009  -84.667  -22.654 1.0000000000
934  10.891  -88.618  -8.289 0.8000000119
106764  11.370  -90.151  -6.138 0.8000000119
933  11.624  -87.785  -7.276 0.8000000119
1405  12.211  -86.706  -7.284 0.8999999762
583  11.523  -89.116  -6.010 0.8000000119
1406  11.496  -87.458  -8.136 0.8999999762
1987  12.493  -86.029  -7.755 1.0000000000
1412  11.913  -86.577  -8.298 0.8999999762
1994  12.433  -85.860  -8.502 0.8999999762
1362  9.841  -86.905  -3.580 0.8000000119
1993  13.082  -85.141  -8.681 1.0000000000
906  9.170  -87.277  -4.254 0.8000000119
1947  9.819  -85.844  -5.417 0.8999999762
1369  9.486  -86.664  -4.777 0.8999999762
2009  13.530  -85.797  -10.280 1.0000000000
108595  9.383  -85.633  -6.510 1.0000000000
2013  14.749  -85.988  -11.341 1.0000000000
122714  16.464  -85.696  -12.312 1.0000000000
1430  15.854  -85.960  -12.044 1.0000000000
109883  17.492  -85.210  -12.799 0.8999999762
2021  16.881  -85.830  -12.983 0.8999999762
2030  17.599  -85.528  -13.486 0.8999999762
2029  18.312  -85.154  -13.920 0.8999999762
2620  19.125  -84.701  -14.370 0.8999999762
2038  19.350  -84.974  -15.228 0.8999999762
2631  20.173  -84.381  -15.727 1.0000000000
2046  19.431  -85.187  -16.124 0.8999999762
2068  19.407  -85.345  -17.073 0.8999999762
2643  20.167  -84.585  -16.566 1.0000000000
110903  19.365  -85.340  -18.065 0.8999999762
2100  20.934  -85.585  -21.361 1.0000000000
1508  20.531  -86.161  -20.948 1.0000000000
2652  20.167  -84.672  -17.403 1.0000000000
110684  20.158  -84.646  -18.399 1.0000000000
2686  21.272  -85.044  -21.637 1.0000000000
2082  19.213  -85.363  -19.208 1.0000000000
2696  21.638  -84.386  -21.868 0.8999999762
2106  20.302  -85.403  -22.318 1.0000000000
2697  20.661  -84.798  -22.427 1.0000000000
2675  19.782  -84.444  -21.022 1.0000000000
2674  20.485  -83.818  -19.985 1.0000000000
2701  21.070  -84.361  -22.680 1.0000000000
2687  20.197  -83.958  -21.444 1.0000000000
2702  20.355  -84.269  -22.882 0.8999999762
3305  19.991  -83.972  -22.915 0.8999999762
912  12.283  -87.801  -5.404 0.8999999762
1976  12.887  -85.779  -6.897 1.0000000000
1986  12.888  -85.365  -7.811 1.0000000000
905  12.522  -87.736  -4.150 0.8999999762
124491  12.431  -87.507  -3.332 0.8000000119
899  11.903  -87.733  -2.878 0.6999999881
895  11.957  -87.109  -2.710 0.8000000119
558  11.483  -87.503  -2.663 0.6999999881
907  8.565  -87.736  -4.460 0.6000000238
1352  11.367  -86.994  -2.705 0.6999999881
573  8.090  -88.124  -4.808 0.6999999881
914  8.262  -87.750  -5.534 0.8000000119
120144  7.800  -87.791  -5.904 0.6999999881
1946  10.492  -85.167  -4.591 1.0000000000
1933  10.978  -85.764  -3.367 0.8999999762
1368  10.171  -86.097  -4.063 0.8999999762
1381  8.325  -87.135  -6.382 0.8000000119
2575  13.725  -84.885  -9.161 1.0000000000
2003  13.233  -85.458  -9.559 1.0000000000
925  7.442  -87.068  -6.576 0.8999999762
2002  14.087  -85.203  -9.768 1.0000000000
2579  15.712  -84.816  -10.313 1.0000000000
2008  14.855  -85.559  -10.791 1.0000000000
122780  9.474  -84.898  -6.736 1.0000000000
115284  15.516  -85.605  -11.296 1.0000000000
2020  17.021  -85.181  -12.249 1.0000000000
2610  18.851  -84.402  -13.553 1.0000000000
2611  18.101  -84.854  -13.115 0.8999999762
2609  19.715  -83.848  -14.021 1.0000000000
2619  19.994  -84.134  -14.867 1.0000000000
2618  20.566  -83.464  -15.467 1.0000000000
2673  22.857  -84.445  -19.769 0.6999999881
113630  20.713  -83.003  -16.088 1.0000000000
3910  20.508  -82.843  -16.703 1.0000000000
112197  20.619  -84.074  -16.973 1.0000000000
3920  20.632  -82.976  -17.648 1.0000000000
2651  20.693  -84.001  -17.703 1.0000000000
2662  20.667  -83.803  -18.731 1.0000000000
117714  22.728  -83.868  -21.265 0.6999999881
3929  20.302  -82.721  -18.821 1.0000000000
3938  20.581  -82.915  -19.423 1.0000000000
2695  23.950  -83.793  -21.136 0.6000000238
3304  22.139  -83.810  -22.166 0.8000000119
3946  20.405  -82.811  -20.348 0.8999999762
3292  20.598  -83.225  -20.204 1.0000000000
125926  22.212  -83.501  -22.603 0.8999999762
3324  23.508  -82.848  -23.014 0.8999999762
3315  21.491  -83.807  -22.856 0.8999999762
2704  20.670  -84.041  -23.148 0.8999999762
107291  20.423  -83.253  -21.408 0.8999999762
3974  23.988  -82.476  -23.672 0.6999999881
3975  22.984  -82.598  -23.707 0.8000000119
3316  20.261  -83.858  -23.289 0.8999999762
923  12.275  -87.241  -6.377 0.8999999762
1392  12.714  -86.468  -6.331 0.8999999762
1379  12.810  -86.805  -5.455 1.0000000000
1378  13.271  -85.938  -5.569 1.0000000000
123195  12.849  -87.108  -4.576 1.0000000000
1975  13.500  -85.180  -6.276 1.0000000000
896  10.928  -87.622  -2.578 0.6999999881
564  10.064  -87.861  -2.510 0.5000000000
2555  13.730  -84.552  -6.927 1.0000000000
111766  12.981  -86.828  -3.495 1.0000000000
900  10.405  -87.333  -2.824 0.6999999881
901  9.334  -87.642  -3.220 0.6000000238
902  8.586  -87.986  -3.434 0.4000000060
2561  13.426  -84.716  -7.817 1.0000000000
1351  12.237  -86.403  -2.760 0.8999999762
1931  12.759  -85.483  -2.875 0.8999999762
1932  11.881  -85.630  -2.869 0.8999999762
1360  11.481  -86.271  -2.828 0.8999999762
2566  13.866  -84.514  -8.489 1.0000000000
1361  10.688  -86.534  -3.075 0.8000000119
915  6.963  -87.620  -5.937 0.8000000119
2536  11.104  -84.436  -4.285 1.0000000000
1393  8.742  -86.197  -6.890 0.8999999762
1989  7.896  -85.708  -6.824 1.0000000000
1395  7.191  -86.227  -6.669 1.0000000000
2574  14.620  -84.564  -9.203 1.0000000000
1962  10.027  -85.010  -6.109 1.0000000000
1977  9.002  -85.340  -6.998 1.0000000000
1963  6.962  -85.380  -5.601 1.0000000000
2001  14.962  -85.009  -10.127 1.0000000000
2012  16.408  -85.268  -11.586 1.0000000000
1988  8.600  -85.021  -6.823 1.0000000000
2583  17.165  -84.607  -11.539 1.0000000000
2596  17.788  -84.536  -12.291 1.0000000000
3228  19.358  -83.528  -13.242 1.0000000000
2595  18.569  -84.082  -12.787 1.0000000000
109943  6.573  -77.850  -14.761 0.8999999762
7608  6.324  -77.229  -14.550 0.8999999762
8432  6.277  -76.427  -14.475 0.8000000119
8433  5.621  -76.611  -14.207 0.8999999762
9276  5.543  -75.765  -14.304 0.8999999762
116218  6.588  -78.984  -14.871 0.8999999762
9277  4.871  -74.948  -14.279 0.8000000119
8434  4.874  -76.013  -13.877 0.8999999762
3227  20.120  -82.882  -13.771 1.0000000000
6843  6.971  -78.363  -15.290 0.8999999762
8451  7.027  -76.992  -14.864 0.6999999881
10196  5.289  -74.196  -14.799 0.6999999881
109353  20.565  -82.568  -15.203 1.0000000000
7616  7.041  -77.644  -15.147 0.8999999762
9288  7.071  -76.081  -14.680 0.6000000238
7615  7.367  -77.313  -15.796 0.6000000238
8450  7.597  -76.549  -15.350 0.5000000000
3921  20.284  -82.724  -17.366 1.0000000000
114545  19.730  -82.642  -18.134 1.0000000000
3939  20.104  -82.661  -19.676 0.8999999762
116177  20.233  -82.603  -21.164 0.8999999762
3955  20.240  -82.728  -22.083 0.8999999762
3976  21.899  -82.845  -23.926 0.8000000119
3326  21.187  -83.518  -23.481 0.8999999762
3327  20.454  -83.477  -23.611 0.8999999762
3964  20.230  -83.145  -23.156 0.8999999762
3986  23.517  -82.228  -24.192 0.8000000119
3987  22.675  -82.256  -24.389 0.8000000119
3977  20.854  -83.141  -24.195 0.8999999762
2549  13.967  -84.535  -5.825 1.0000000000
1367  13.285  -86.420  -4.439 1.0000000000
1961  13.815  -85.178  -5.079 1.0000000000
122890  14.170  -84.556  -4.688 1.0000000000
1944  13.641  -85.722  -4.408 1.0000000000
2534  14.380  -84.022  -3.989 1.0000000000
2535  13.934  -85.019  -3.790 1.0000000000
1366  13.455  -85.908  -3.507 1.0000000000
1359  12.952  -86.138  -2.936 0.8999999762
2560  14.078  -84.085  -7.644 1.0000000000
2520  12.088  -84.692  -3.226 1.0000000000
2565  14.604  -84.061  -8.343 1.0000000000
116535  11.557  -83.807  -4.061 1.0000000000
1945  11.299  -85.112  -3.585 1.0000000000
108288  7.776  -84.336  -5.822 1.0000000000
2551  10.464  -84.304  -5.499 1.0000000000
124700  7.990  -84.528  -6.291 1.0000000000
2558  7.971  -85.053  -6.602 1.0000000000
2553  7.543  -84.950  -6.137 1.0000000000
2556  9.871  -84.210  -6.561 1.0000000000
3175  8.939  -84.331  -6.690 1.0000000000
2584  16.654  -84.681  -10.976 1.0000000000
3216  18.383  -83.753  -12.137 1.0000000000
6075  6.421  -79.828  -14.655 0.8999999762
6076  5.925  -79.292  -14.209 0.8999999762
7609  5.922  -77.801  -14.309 0.8999999762
123335  5.646  -77.219  -14.164 0.8999999762
3215  19.096  -83.195  -12.484 1.0000000000
6084  7.043  -79.345  -15.593 0.8999999762
9260  4.273  -75.234  -13.630 0.8999999762
10183  4.144  -74.362  -13.953 0.8999999762
11135  3.661  -73.596  -12.783 0.8000000119
125662  20.427  -82.331  -14.378 1.0000000000
115328  20.400  -83.196  -14.587 1.0000000000
5310  6.896  -80.353  -15.229 0.8999999762
11158  4.539  -73.315  -14.771 0.6000000238
11147  4.082  -73.537  -14.181 0.8000000119
6855  7.290  -77.931  -16.013 0.8000000119
3911  20.170  -82.462  -16.450 1.0000000000
6093  7.308  -78.654  -16.254 0.8000000119
8463  7.912  -76.790  -16.428 0.4000000060
6854  7.490  -78.200  -16.821 0.6999999881
9300  8.728  -75.811  -16.313 0.4000000060
3930  19.470  -82.663  -19.102 1.0000000000
7622  7.553  -77.568  -16.653 0.5000000000
3940  19.218  -82.601  -19.898 1.0000000000
3948  18.768  -82.420  -20.703 1.0000000000
3947  19.849  -82.516  -20.586 0.8999999762
123119  19.509  -82.142  -21.680 0.8999999762
4652  19.297  -81.795  -22.611 1.0000000000
3978  20.181  -83.230  -23.758 0.8999999762
3965  19.957  -82.083  -22.687 0.8999999762
4667  27.178  -81.975  -24.119 0.6000000238
3984  25.388  -82.040  -24.321 0.6999999881
3985  24.374  -82.013  -24.379 0.6999999881
114538  21.555  -82.431  -24.710 0.8000000119
126564  20.533  -82.788  -24.713 0.8999999762
3979  19.966  -82.386  -23.604 0.8999999762
4657  19.452  -81.643  -23.325 1.0000000000
4681  23.497  -81.763  -24.699 0.6999999881
4682  22.601  -81.705  -25.003 0.6999999881
3990  20.779  -82.265  -25.186 0.8999999762
118014  19.909  -82.724  -24.252 0.8999999762
3144  14.230  -83.463  -3.511 1.0000000000
2518  13.876  -84.316  -3.307 1.0000000000
124028  6.340  -87.470  -5.380 0.8000000119
3145  13.701  -83.600  -3.190 1.0000000000
2519  13.189  -84.430  -2.977 1.0000000000
3147  12.377  -83.909  -3.375 1.0000000000
3158  7.996  -83.069  -4.898 1.0000000000
106803  8.036  -83.780  -4.505 1.0000000000
108262  7.958  -83.703  -5.445 1.0000000000
125547  14.587  -83.807  -7.826 1.0000000000
3163  11.188  -83.096  -5.017 1.0000000000
2550  11.006  -83.818  -5.074 1.0000000000
3165  8.385  -83.196  -5.614 1.0000000000
2552  8.245  -83.991  -6.071 1.0000000000
2573  15.682  -84.414  -9.672 1.0000000000
3171  8.826  -83.824  -6.321 1.0000000000
2557  8.478  -84.454  -6.494 1.0000000000
3170  9.373  -84.006  -6.593 1.0000000000
2578  17.260  -83.988  -10.700 1.0000000000
3200  17.904  -83.864  -11.515 1.0000000000
5304  5.654  -80.327  -13.733 0.8999999762
7600  5.204  -77.704  -13.725 0.8999999762
5303  6.139  -80.954  -14.209 0.8999999762
8415  5.049  -76.917  -13.797 0.8999999762
123695  4.243  -75.955  -13.320 0.8999999762
4613  6.369  -81.865  -14.182 1.0000000000
9244  3.852  -75.542  -12.835 0.8999999762
3214  19.748  -82.521  -13.044 1.0000000000
4622  6.789  -81.185  -14.952 0.8999999762
3888  20.433  -82.026  -14.796 1.0000000000
4612  7.029  -81.881  -15.220 0.8999999762
112899  4.204  -72.717  -14.366 0.5000000000
116234  3.807  -72.929  -13.483 0.8000000119
3901  20.066  -81.997  -15.589 1.0000000000
5309  7.255  -81.022  -15.958 0.8999999762
3912  19.333  -82.385  -16.314 1.0000000000
4621  7.386  -82.149  -16.471 0.8999999762
6083  7.258  -80.096  -16.089 0.8999999762
3922  19.550  -82.592  -17.135 1.0000000000
6092  7.470  -79.552  -16.760 0.6999999881
112725  7.562  -78.839  -17.028 0.6999999881
3931  18.444  -83.000  -18.653 1.0000000000
107499  7.719  -77.887  -17.301 0.5000000000
111790  18.663  -82.800  -19.388 1.0000000000
8476  7.935  -77.302  -17.396 0.4000000060
4666  28.006  -81.748  -23.985 0.5000000000
3983  26.294  -82.044  -24.233 0.6999999881
4658  18.506  -81.439  -23.102 1.0000000000
4653  18.652  -81.794  -22.284 1.0000000000
4677  27.642  -81.215  -24.728 0.5000000000
4678  26.801  -81.387  -24.846 0.6000000238
4679  25.907  -81.429  -24.901 0.6999999881
4680  25.009  -81.407  -24.907 0.6999999881
4689  23.567  -80.963  -25.336 0.6999999881
113711  22.566  -80.921  -25.430 0.8000000119
3989  19.720  -82.454  -24.760 0.8999999762
4668  19.541  -81.876  -24.301 0.8999999762
4669  18.903  -81.149  -23.845 0.8999999762
3794  14.013  -82.848  -3.306 1.0000000000
109604  8.534  -83.790  -2.897 1.0000000000
2548  14.423  -83.951  -5.228 1.0000000000
2554  14.313  -83.898  -6.528 1.0000000000
121411  12.508  -82.489  -3.768 1.0000000000
3795  13.350  -82.921  -3.322 1.0000000000
3796  7.825  -82.413  -4.188 1.0000000000
3148  8.149  -83.439  -3.823 1.0000000000
3157  12.016  -83.179  -3.919 1.0000000000
3146  12.917  -83.425  -3.250 1.0000000000
4494  7.586  -81.652  -4.505 1.0000000000
2521  8.259  -84.311  -3.408 1.0000000000
3802  7.971  -82.253  -5.004 1.0000000000
2564  15.418  -83.962  -8.832 1.0000000000
3808  8.449  -82.299  -5.342 1.0000000000
128177  16.295  -84.118  -9.772 1.0000000000
3199  18.766  -82.917  -11.665 1.0000000000
3233  6.011  -83.567  -12.331 1.0000000000
3870  6.016  -82.913  -11.956 1.0000000000
112901  5.758  -81.838  -13.294 1.0000000000
5297  5.503  -81.302  -12.932 0.8999999762
5298  5.103  -80.804  -12.537 0.8999999762
6824  5.400  -78.658  -13.740 0.8999999762
7601  4.505  -77.480  -13.157 0.8999999762
3885  5.908  -82.709  -13.006 1.0000000000
3864  19.487  -82.135  -12.306 1.0000000000
2604  6.266  -84.136  -12.068 1.0000000000
3244  6.459  -83.460  -13.524 1.0000000000
8416  4.400  -76.660  -13.264 0.8999999762
10168  3.770  -74.552  -13.053 0.8999999762
3877  20.201  -81.957  -13.663 1.0000000000
3896  6.711  -82.661  -14.405 1.0000000000
11136  3.614  -74.210  -12.053 1.0000000000
119345  6.808  -84.834  -12.714 1.0000000000
3243  6.803  -84.265  -13.849 1.0000000000
13086  4.390  -71.215  -13.295 0.6999999881
105885  3.715  -72.836  -12.563 0.8000000119
106355  7.189  -84.529  -14.958 0.8999999762
109366  7.121  -83.558  -14.973 0.8999999762
117868  7.394  -83.288  -16.410 0.8999999762
116945  18.638  -82.739  -16.871 1.0000000000
4626  7.498  -81.344  -16.980 0.8999999762
5324  7.854  -80.279  -17.774 0.6000000238
6106  7.880  -79.412  -17.712 0.6000000238
6867  7.891  -78.570  -17.680 0.6000000238
119930  18.020  -83.080  -19.348 1.0000000000
3293  16.729  -83.166  -20.408 1.0000000000
3950  16.722  -82.636  -21.400 1.0000000000
7635  8.113  -77.921  -18.033 0.6000000238
3956  18.006  -82.179  -21.594 1.0000000000
4659  17.713  -81.743  -22.536 1.0000000000
3957  17.056  -82.135  -22.153 1.0000000000
105535  21.830  -80.906  -25.538 0.8999999762
4691  20.220  -81.903  -25.385 0.8999999762
3992  19.661  -82.042  -25.185 0.8999999762
4685  18.983  -81.127  -24.491 0.8999999762
4670  17.994  -81.008  -23.736 0.8999999762
114007  17.418  -81.343  -23.310 1.0000000000
4660  16.735  -81.735  -22.898 1.0000000000
5397  27.238  -80.527  -25.330 0.6999999881
4686  26.391  -80.670  -25.485 0.6999999881
114909  24.219  -81.389  -24.948 0.6999999881
3156  14.635  -83.264  -3.976 1.0000000000
3162  14.667  -83.404  -4.638 1.0000000000
4480  13.392  -82.203  -3.519 1.0000000000
124322  7.592  -81.833  -4.072 1.0000000000
3161  14.822  -83.258  -5.683 1.0000000000
121295  11.644  -82.539  -4.521 1.0000000000
114970  14.792  -83.353  -6.657 1.0000000000
112239  10.615  -82.822  -5.670 1.0000000000
3164  10.428  -83.502  -5.908 1.0000000000
4495  7.379  -80.908  -4.535 1.0000000000
3806  10.025  -83.058  -6.023 1.0000000000
4506  7.736  -81.333  -4.986 1.0000000000
3178  16.142  -83.326  -8.506 1.0000000000
108621  15.188  -83.526  -7.972 1.0000000000
3169  9.795  -83.660  -6.391 1.0000000000
3187  16.844  -83.779  -9.855 1.0000000000
3188  16.261  -83.798  -9.286 1.0000000000
105654  17.700  -83.158  -10.018 1.0000000000
3813  9.425  -83.475  -6.218 1.0000000000
3814  8.861  -83.121  -5.866 1.0000000000
3191  18.174  -83.158  -10.840 1.0000000000
3222  6.310  -83.657  -11.721 1.0000000000
4588  6.160  -81.966  -11.713 1.0000000000
4589  5.337  -81.471  -11.656 1.0000000000
6055  4.701  -80.347  -12.303 1.0000000000
125605  18.832  -82.327  -11.021 1.0000000000
4601  5.632  -82.084  -12.282 1.0000000000
6065  5.198  -79.812  -13.302 0.8999999762
6066  4.634  -79.491  -12.728 0.8999999762
6825  4.507  -78.470  -12.911 0.8999999762
7588  3.960  -78.045  -12.499 0.8999999762
110591  19.290  -81.733  -11.581 1.0000000000
8400  3.816  -77.324  -12.437 1.0000000000
108786  3.844  -76.393  -12.648 1.0000000000
10169  3.637  -75.127  -12.091 1.0000000000
2590  7.359  -84.591  -11.845 1.0000000000
4593  19.883  -81.451  -13.644 1.0000000000
3863  19.846  -81.599  -12.968 1.0000000000
122245  7.105  -84.906  -12.051 1.0000000000
2602  7.678  -85.165  -12.114 1.0000000000
11122  3.655  -73.300  -11.897 1.0000000000
4594  19.441  -81.132  -13.570 1.0000000000
4605  19.900  -81.404  -14.258 1.0000000000
2025  7.417  -85.517  -12.596 1.0000000000
2036  7.462  -85.932  -13.669 1.0000000000
12119  3.937  -72.042  -12.799 0.8000000119
3889  18.843  -81.758  -14.991 1.0000000000
2044  7.467  -85.947  -14.814 1.0000000000
2638  7.425  -85.337  -15.540 0.8999999762
3255  7.449  -84.460  -16.310 0.8999999762
3923  18.564  -82.911  -17.652 1.0000000000
3264  7.605  -84.066  -17.589 0.8999999762
3271  7.846  -82.830  -18.601 0.6999999881
3276  17.403  -83.350  -18.981 1.0000000000
112250  8.362  -80.082  -18.586 0.6000000238
3306  15.930  -83.250  -20.975 1.0000000000
6882  8.410  -78.599  -18.584 0.5000000000
3958  15.609  -82.833  -21.848 1.0000000000
3967  15.116  -82.479  -22.812 1.0000000000
116679  17.215  -80.966  -23.791 0.8999999762
3966  16.141  -82.246  -22.391 1.0000000000
5408  21.405  -80.333  -25.607 0.8999999762
112253  20.375  -80.885  -25.557 0.8999999762
5399  18.670  -80.382  -24.388 0.8999999762
5388  18.392  -80.715  -24.108 0.8999999762
4687  25.498  -80.748  -25.520 0.6999999881
4688  24.618  -80.781  -25.460 0.6999999881
5406  23.234  -80.134  -25.765 0.8000000119
112991  14.893  -81.894  -3.944 1.0000000000
4492  12.649  -81.555  -3.909 1.0000000000
5191  7.704  -80.460  -3.683 1.0000000000
4474  8.145  -81.259  -3.195 1.0000000000
109822  8.704  -82.040  -2.725 1.0000000000
3801  15.044  -82.621  -4.549 1.0000000000
4481  7.522  -81.285  -3.984 1.0000000000
3787  8.437  -82.940  -2.983 1.0000000000
4503  10.891  -81.590  -5.147 1.0000000000
3805  11.104  -82.367  -5.184 1.0000000000
5192  7.172  -80.001  -4.214 1.0000000000
4482  7.318  -80.585  -4.239 1.0000000000
3173  15.197  -83.091  -7.183 1.0000000000
5204  7.161  -80.182  -4.535 1.0000000000
3822  15.936  -82.860  -7.697 1.0000000000
5212  7.291  -80.333  -4.836 1.0000000000
3821  16.846  -82.536  -8.164 1.0000000000
3807  9.368  -82.483  -5.624 1.0000000000
5211  7.671  -80.353  -5.111 1.0000000000
3177  17.136  -83.041  -9.106 1.0000000000
4505  8.614  -81.219  -5.198 1.0000000000
3828  18.141  -82.264  -9.480 1.0000000000
3221  7.037  -83.857  -11.716 1.0000000000
4569  5.180  -81.151  -11.144 1.0000000000
5292  4.856  -80.963  -11.341 1.0000000000
3186  18.488  -82.316  -10.340 1.0000000000
3206  8.156  -84.285  -11.747 1.0000000000
123468  4.085  -79.359  -12.120 1.0000000000
4565  19.319  -80.850  -11.494 1.0000000000
3835  19.141  -81.401  -10.848 1.0000000000
6813  3.782  -78.815  -11.949 1.0000000000
9245  3.516  -76.049  -11.919 1.0000000000
3847  19.507  -81.251  -12.243 1.0000000000
8401  3.462  -76.949  -11.711 1.0000000000
114511  3.325  -75.683  -11.116 1.0000000000
4579  19.530  -81.097  -12.897 1.0000000000
2015  8.526  -85.396  -12.015 1.0000000000
11123  3.573  -73.999  -11.017 1.0000000000
2024  8.748  -86.072  -12.642 1.0000000000
15073  5.021  -69.423  -12.537 0.4000000060
14063  4.613  -70.289  -12.901 0.6000000238
13069  3.934  -71.429  -11.703 0.8999999762
2034  9.644  -86.308  -13.284 1.0000000000
1453  8.764  -86.606  -13.631 1.0000000000
3913  18.152  -82.724  -16.167 1.0000000000
1454  7.897  -86.637  -14.032 1.0000000000
2053  7.765  -86.299  -16.054 0.8999999762
107229  17.775  -83.200  -17.019 1.0000000000
119913  16.889  -83.680  -17.097 1.0000000000
122948  7.687  -84.911  -17.597 0.8999999762
3935  8.181  -82.806  -18.971 0.6999999881
4637  8.694  -81.746  -19.230 0.5000000000
3268  17.427  -83.472  -17.978 1.0000000000
3277  16.578  -83.729  -18.651 1.0000000000
112300  15.934  -83.611  -20.139 1.0000000000
5338  8.308  -81.007  -18.670 0.5000000000
6117  8.813  -79.802  -19.088 0.6000000238
3287  16.658  -83.499  -19.534 1.0000000000
3294  15.341  -83.731  -20.704 1.0000000000
5407  22.336  -80.120  -25.692 0.8000000119
126330  20.839  -79.523  -25.511 0.8000000119
5409  20.041  -80.131  -25.474 0.8000000119
4671  16.542  -81.207  -23.616 1.0000000000
4661  15.611  -81.684  -23.381 1.0000000000
5411  25.060  -79.565  -26.100 0.6999999881
5405  24.236  -80.069  -25.903 0.6999999881
5390  16.646  -80.427  -24.054 1.0000000000
109657  15.697  -80.781  -24.018 0.8999999762
4672  14.658  -81.031  -24.041 1.0000000000
4662  14.305  -82.022  -23.593 1.0000000000
109491  14.455  -81.243  -3.878 1.0000000000
5186  8.585  -80.503  -2.988 1.0000000000
3800  15.384  -81.755  -4.481 1.0000000000
4493  11.714  -81.777  -4.588 1.0000000000
117718  8.117  -79.199  -3.657 1.0000000000
6709  6.828  -78.632  -4.500 1.0000000000
6702  7.435  -78.896  -4.019 1.0000000000
3804  15.606  -82.001  -5.139 1.0000000000
4504  9.901  -81.400  -5.213 1.0000000000
5938  7.008  -79.316  -4.324 1.0000000000
3168  15.229  -82.841  -6.357 1.0000000000
107983  10.351  -82.325  -5.519 1.0000000000
6710  6.429  -78.447  -5.070 1.0000000000
5948  6.782  -79.043  -4.727 1.0000000000
7552  5.916  -78.114  -6.091 1.0000000000
3817  16.569  -82.125  -7.327 1.0000000000
3818  15.784  -82.474  -6.886 1.0000000000
4520  17.436  -81.636  -7.726 1.0000000000
6726  6.739  -78.824  -5.707 1.0000000000
4526  18.243  -80.940  -8.200 1.0000000000
3820  17.817  -82.016  -8.581 1.0000000000
5964  7.646  -79.334  -5.428 1.0000000000
5965  7.119  -79.501  -5.147 1.0000000000
4540  18.509  -81.271  -9.101 1.0000000000
3867  8.875  -82.971  -11.907 1.0000000000
3868  7.660  -83.083  -11.995 1.0000000000
4587  7.379  -82.204  -12.262 1.0000000000
127709  6.424  -82.365  -11.830 1.0000000000
4539  18.819  -80.427  -9.686 1.0000000000
3827  18.776  -81.336  -10.008 1.0000000000
2580  9.821  -84.257  -10.657 1.0000000000
3205  9.187  -84.474  -11.266 1.0000000000
3853  8.177  -83.655  -11.820 1.0000000000
3869  6.518  -82.954  -11.810 1.0000000000
4568  5.533  -81.396  -11.438 1.0000000000
6036  4.915  -80.433  -10.736 1.0000000000
6025  4.626  -79.722  -10.692 1.0000000000
6026  4.163  -79.350  -10.714 1.0000000000
112907  8.935  -84.957  -11.474 1.0000000000
5274  4.800  -80.632  -10.955 1.0000000000
6796  3.981  -79.512  -11.300 1.0000000000
6797  3.691  -78.913  -11.028 1.0000000000
7578  3.526  -78.285  -10.793 1.0000000000
7572  3.625  -78.148  -10.058 1.0000000000
5257  18.678  -79.823  -10.089 1.0000000000
4553  19.106  -80.408  -10.679 1.0000000000
2587  10.154  -84.788  -11.141 1.0000000000
2014  9.368  -85.256  -11.634 1.0000000000
6814  3.606  -78.190  -11.717 1.0000000000
8387  3.339  -77.622  -10.690 1.0000000000
9229  3.192  -76.727  -10.828 1.0000000000
5268  19.061  -80.354  -11.410 1.0000000000
4564  19.227  -80.738  -12.137 1.0000000000
5283  18.959  -80.443  -12.037 1.0000000000
2600  11.553  -84.829  -12.166 1.0000000000
2601  10.860  -84.952  -11.787 1.0000000000
128264  9.022  -85.655  -12.093 1.0000000000
15055  5.527  -68.670  -12.237 0.4000000060
12104  3.680  -72.904  -11.057 1.0000000000
4581  18.323  -80.849  -12.643 1.0000000000
4595  18.595  -81.091  -13.335 1.0000000000
2599  12.473  -84.764  -12.641 1.0000000000
114111  11.042  -85.259  -12.344 1.0000000000
14045  4.291  -70.295  -11.900 0.8000000119
107985  3.975  -70.969  -10.893 0.8999999762
12087  3.783  -71.972  -10.966 1.0000000000
3878  17.839  -81.756  -13.846 1.0000000000
4607  18.693  -81.332  -13.949 1.0000000000
2615  13.054  -84.929  -13.314 1.0000000000
2032  12.409  -85.439  -13.499 1.0000000000
106728  10.631  -85.757  -12.961 1.0000000000
3903  18.131  -82.335  -15.327 1.0000000000
3259  17.172  -83.349  -16.347 1.0000000000
2033  11.525  -85.988  -13.763 1.0000000000
109027  9.627  -86.865  -14.297 1.0000000000
1463  8.862  -87.092  -14.572 1.0000000000
3904  17.488  -82.589  -14.956 1.0000000000
3260  16.593  -83.582  -15.768 1.0000000000
116486  16.423  -83.981  -17.786 1.0000000000
117639  9.636  -87.275  -15.148 1.0000000000
1485  8.703  -87.173  -16.312 1.0000000000
3282  8.186  -84.065  -18.793 0.8000000119
3934  8.760  -82.428  -19.245 0.6999999881
3249  16.741  -83.197  -14.922 1.0000000000
3288  15.856  -83.964  -19.298 1.0000000000
2073  9.253  -86.164  -17.703 0.8000000119
115533  9.251  -83.600  -18.185 0.6999999881
4636  8.951  -81.557  -19.342 0.4000000060
121576  16.509  -83.818  -16.446 1.0000000000
2644  16.155  -84.160  -16.971 1.0000000000
2676  15.012  -84.547  -19.061 1.0000000000
2677  14.139  -85.183  -19.728 1.0000000000
2688  15.011  -84.279  -20.066 1.0000000000
2699  13.556  -84.717  -21.569 1.0000000000
3308  14.142  -83.890  -21.966 1.0000000000
2703  11.800  -84.346  -22.391 1.0000000000
3309  13.007  -84.318  -22.424 1.0000000000
3959  14.646  -83.117  -22.305 1.0000000000
6936  24.383  -78.401  -25.473 0.6000000238
123227  23.690  -79.123  -25.954 0.6000000238
5413  23.007  -79.294  -25.807 0.6999999881
5410  19.495  -79.955  -25.158 0.8000000119
3318  12.510  -83.538  -23.009 1.0000000000
112872  14.199  -82.760  -23.055 1.0000000000
6195  24.996  -78.951  -26.084 0.6999999881
6179  16.630  -79.209  -23.991 0.6999999881
105644  15.680  -79.643  -24.058 0.8999999762
116290  13.817  -80.694  -24.021 1.0000000000
3980  13.439  -81.829  -23.797 1.0000000000
3968  13.238  -82.633  -23.461 1.0000000000
4491  13.558  -81.387  -3.718 1.0000000000
124475  12.903  -80.828  -3.990 1.0000000000
4473  9.032  -81.236  -2.510 1.0000000000
3786  9.173  -82.829  -2.121 1.0000000000
6701  8.276  -78.544  -3.806 1.0000000000
5936  8.286  -79.778  -3.330 1.0000000000
4490  15.301  -81.010  -4.303 1.0000000000
5200  14.596  -80.382  -4.277 1.0000000000
116477  11.352  -80.858  -4.819 1.0000000000
5202  12.112  -80.869  -4.347 1.0000000000
7547  7.574  -77.474  -4.525 1.0000000000
114340  10.558  -80.729  -5.006 1.0000000000
7533  7.380  -78.149  -4.167 1.0000000000
4515  16.140  -81.471  -5.661 1.0000000000
7548  6.678  -77.928  -4.836 1.0000000000
4514  16.790  -80.994  -6.111 1.0000000000
5209  9.592  -80.058  -5.107 1.0000000000
5210  8.347  -80.042  -5.231 1.0000000000
113001  6.393  -77.528  -5.456 1.0000000000
8357  6.142  -77.385  -6.526 1.0000000000
7555  5.844  -78.027  -6.624 1.0000000000
3812  16.345  -81.765  -6.497 1.0000000000
8356  6.907  -76.777  -6.666 1.0000000000
7558  6.405  -78.476  -7.910 1.0000000000
4513  17.741  -80.613  -7.331 1.0000000000
110086  17.048  -81.277  -6.925 1.0000000000
6744  6.185  -78.415  -6.348 1.0000000000
123489  6.248  -78.391  -5.687 1.0000000000
4525  18.597  -80.482  -8.910 1.0000000000
109488  6.345  -81.755  -11.852 1.0000000000
5291  5.975  -81.226  -11.493 1.0000000000
3852  9.146  -83.692  -11.344 1.0000000000
6035  5.552  -80.058  -11.031 1.0000000000
6024  5.019  -79.581  -10.613 1.0000000000
5246  18.597  -79.868  -9.252 1.0000000000
6786  3.879  -78.733  -10.370 1.0000000000
3204  10.705  -84.049  -10.600 1.0000000000
8382  3.298  -77.447  -9.759 1.0000000000
5258  18.380  -79.824  -10.640 1.0000000000
2586  11.148  -84.486  -11.424 1.0000000000
9219  2.908  -76.386  -9.872 1.0000000000
5270  17.660  -80.237  -11.202 1.0000000000
3220  13.008  -84.052  -11.961 1.0000000000
16031  5.611  -67.691  -11.034 0.3000000119
10156  3.209  -75.116  -10.517 1.0000000000
11110  3.495  -73.366  -10.230 1.0000000000
4566  17.986  -80.545  -11.959 1.0000000000
12088  3.657  -72.508  -10.348 1.0000000000
4596  17.529  -81.572  -13.178 1.0000000000
3891  17.248  -82.481  -14.340 1.0000000000
2614  13.723  -84.739  -13.561 1.0000000000
2031  13.164  -85.354  -13.989 1.0000000000
2043  12.333  -86.062  -14.521 1.0000000000
1462  10.390  -87.173  -15.079 1.0000000000
3236  16.461  -82.993  -14.087 1.0000000000
1473  10.069  -87.561  -16.015 1.0000000000
2062  9.953  -87.036  -17.596 1.0000000000
2645  15.803  -84.286  -16.029 1.0000000000
2648  9.371  -85.374  -17.818 0.6999999881
3263  9.475  -84.189  -17.225 0.6000000238
112716  15.497  -84.533  -16.869 1.0000000000
2664  14.970  -84.743  -18.178 1.0000000000
2103  12.132  -86.071  -21.157 1.0000000000
107487  11.129  -84.925  -21.579 1.0000000000
2108  12.278  -85.238  -21.810 1.0000000000
6937  23.607  -78.429  -25.384 0.6000000238
6192  21.935  -79.264  -25.638 0.6999999881
126332  20.710  -78.813  -25.263 0.8000000119
112166  19.019  -79.721  -24.580 0.6999999881
108070  18.353  -79.557  -24.129 0.8000000119
3952  10.928  -83.355  -22.025 1.0000000000
3320  11.013  -83.197  -22.521 1.0000000000
3319  11.438  -83.421  -22.791 1.0000000000
6938  22.666  -78.539  -25.347 0.6999999881
6939  21.387  -78.476  -25.119 0.6999999881
6194  19.653  -78.949  -24.674 0.6999999881
6931  18.898  -78.800  -24.048 0.6999999881
6178  17.203  -78.676  -23.692 0.6999999881
5393  13.275  -79.923  -23.631 0.8999999762
3982  11.713  -81.725  -23.215 0.8999999762
3969  12.036  -82.628  -23.307 0.8999999762
6187  23.559  -78.202  -24.927 0.6000000238
5392  14.160  -79.923  -24.014 0.8000000119
6168  12.732  -79.569  -23.045 0.6999999881
6928  22.133  -78.207  -24.937 0.6000000238
5935  8.961  -79.069  -3.255 1.0000000000
5201  13.680  -80.557  -4.037 1.0000000000
5947  12.722  -79.988  -4.428 1.0000000000
5203  11.757  -80.071  -4.650 1.0000000000
7546  8.679  -77.073  -4.503 1.0000000000
4489  15.956  -80.440  -4.888 1.0000000000
115871  10.878  -79.782  -4.940 1.0000000000
8341  7.767  -76.844  -5.092 1.0000000000
4501  16.388  -80.694  -5.462 1.0000000000
5963  8.812  -79.072  -5.461 1.0000000000
126744  6.869  -77.650  -7.944 1.0000000000
6725  7.900  -78.747  -5.845 1.0000000000
8367  7.955  -77.010  -8.386 1.0000000000
5219  17.366  -79.925  -6.802 1.0000000000
123161  17.202  -80.560  -6.621 1.0000000000
5226  18.095  -79.452  -8.402 1.0000000000
6743  6.730  -78.840  -6.483 1.0000000000
109873  9.762  -83.197  -10.512 1.0000000000
4585  9.201  -82.181  -11.794 1.0000000000
114219  7.545  -81.304  -12.568 1.0000000000
5290  7.123  -80.698  -12.477 1.0000000000
6013  17.921  -79.170  -8.929 1.0000000000
3196  9.775  -83.845  -10.534 1.0000000000
5289  8.156  -80.542  -12.953 1.0000000000
6054  6.242  -80.412  -11.762 1.0000000000
6795  5.788  -79.004  -11.173 1.0000000000
7577  5.161  -78.632  -10.556 1.0000000000
117427  17.364  -79.248  -9.184 1.0000000000
6021  17.950  -79.477  -9.774 1.0000000000
7570  4.557  -78.073  -10.013 1.0000000000
5259  17.319  -79.916  -10.428 1.0000000000
3203  12.307  -83.773  -11.263 1.0000000000
8375  3.030  -76.981  -8.919 1.0000000000
10141  2.869  -75.496  -9.631 1.0000000000
108870  12.980  -83.523  -11.327 1.0000000000
106880  3.192  -74.437  -9.970 1.0000000000
2598  13.428  -84.444  -12.810 1.0000000000
4582  17.152  -81.430  -12.467 1.0000000000
13037  3.855  -71.668  -9.961 1.0000000000
3879  16.616  -82.228  -12.986 1.0000000000
114479  16.968  -82.337  -13.646 1.0000000000
2623  13.930  -85.062  -14.321 1.0000000000
2042  13.281  -85.694  -14.842 1.0000000000
2050  12.548  -86.344  -15.536 1.0000000000
1472  10.961  -87.318  -15.993 1.0000000000
3237  15.932  -83.616  -14.517 1.0000000000
2632  15.448  -84.224  -15.023 1.0000000000
2057  14.873  -84.901  -16.446 1.0000000000
1481  11.840  -87.111  -17.212 1.0000000000
1483  10.425  -87.409  -16.906 1.0000000000
2061  10.797  -87.173  -17.588 0.8000000119
108927  14.184  -85.441  -17.940 1.0000000000
2052  10.462  -86.296  -17.414 0.6999999881
2637  9.920  -84.986  -16.460 0.6000000238
2654  14.870  -84.889  -17.326 1.0000000000
2084  13.595  -85.927  -18.548 1.0000000000
2636  10.570  -85.062  -15.833 0.6000000238
3916  9.451  -82.883  -16.953 0.4000000060
2096  12.158  -86.719  -19.742 1.0000000000
3254  9.692  -83.479  -15.685 0.5000000000
110809  9.537  -81.731  -16.447 0.3000000119
3297  11.011  -84.398  -21.575 1.0000000000
2680  11.053  -85.809  -20.104 1.0000000000
2098  10.964  -86.706  -19.567 1.0000000000
6091  9.720  -79.995  -17.321 0.2000000030
3296  11.335  -83.386  -21.060 1.0000000000
3290  11.314  -84.597  -20.598 0.8999999762
2679  11.601  -84.808  -19.473 0.8000000119
6116  9.675  -79.179  -19.039 0.3000000119
6929  21.358  -78.291  -24.725 0.6000000238
6915  19.336  -78.535  -23.694 0.6999999881
6150  12.694  -79.565  -22.332 0.6000000238
109015  11.583  -80.903  -22.771 0.8999999762
3960  10.975  -82.385  -22.385 0.8000000119
3289  11.929  -83.310  -19.749 0.6999999881
6887  10.117  -77.949  -19.623 0.3000000119
6916  18.324  -78.340  -23.188 0.6999999881
7683  15.975  -77.524  -23.165 0.6000000238
6182  13.334  -79.018  -23.125 0.6999999881
111153  21.728  -78.334  -24.472 0.6000000238
6691  9.954  -78.609  -3.214 1.0000000000
5928  9.938  -79.544  -2.685 1.0000000000
4472  9.978  -81.190  -2.065 1.0000000000
106665  9.621  -77.440  -3.997 1.0000000000
6700  9.228  -78.179  -3.628 1.0000000000
5185  9.462  -80.432  -2.452 1.0000000000
5959  13.968  -79.047  -5.231 1.0000000000
5960  12.947  -79.006  -5.124 1.0000000000
5946  13.757  -79.709  -4.585 1.0000000000
5961  12.024  -79.271  -4.935 1.0000000000
7545  9.603  -76.736  -4.507 1.0000000000
5958  14.804  -79.086  -5.406 1.0000000000
5945  14.631  -79.613  -4.821 1.0000000000
6719  15.146  -78.783  -6.027 1.0000000000
5962  10.046  -78.938  -5.309 1.0000000000
8340  8.986  -76.359  -5.122 1.0000000000
5944  15.278  -79.533  -5.058 1.0000000000
5208  16.432  -79.980  -5.472 1.0000000000
5199  15.347  -80.126  -4.652 1.0000000000
8352  7.908  -76.404  -5.873 1.0000000000
6753  16.066  -78.877  -6.776 1.0000000000
5956  16.197  -79.488  -5.663 1.0000000000
8359  8.606  -76.223  -7.744 1.0000000000
5974  17.252  -79.179  -7.159 1.0000000000
5975  16.732  -79.527  -6.247 1.0000000000
8355  8.215  -76.210  -6.797 1.0000000000
8372  8.982  -76.732  -9.209 1.0000000000
5981  16.507  -78.920  -7.288 1.0000000000
5980  17.657  -79.121  -8.073 1.0000000000
109237  6.261  -78.634  -7.174 1.0000000000
8373  8.121  -77.597  -9.061 1.0000000000
5997  17.181  -79.046  -8.525 1.0000000000
3840  10.269  -82.903  -9.894 1.0000000000
110015  9.962  -83.341  -10.088 1.0000000000
107359  9.693  -82.377  -10.446 1.0000000000
4567  9.413  -81.888  -11.247 1.0000000000
113893  8.484  -81.331  -12.649 1.0000000000
6014  16.518  -79.314  -9.002 1.0000000000
6064  7.899  -79.872  -13.109 1.0000000000
6053  7.322  -79.627  -12.701 1.0000000000
109061  6.646  -78.255  -12.192 1.0000000000
109847  11.635  -83.539  -10.515 1.0000000000
3195  10.176  -83.592  -10.076 1.0000000000
8386  5.468  -77.722  -10.655 1.0000000000
5260  16.274  -80.302  -10.173 1.0000000000
8381  3.830  -77.881  -9.609 1.0000000000
119975  3.566  -77.454  -9.196 1.0000000000
10129  2.794  -74.976  -8.960 1.0000000000
109901  2.859  -74.131  -8.512 1.0000000000
4554  16.538  -80.681  -10.844 1.0000000000
3866  15.278  -82.915  -12.230 1.0000000000
3851  14.081  -82.881  -11.221 1.0000000000
11097  3.180  -73.771  -9.333 1.0000000000
13036  4.259  -71.069  -9.291 0.8999999762
12058  3.256  -73.193  -8.593 1.0000000000
3848  16.645  -81.236  -11.647 1.0000000000
3865  16.141  -82.154  -12.317 1.0000000000
3218  14.695  -83.620  -12.625 1.0000000000
13985  4.603  -70.085  -9.066 0.6999999881
105769  4.128  -70.523  -10.045 0.8000000119
3880  15.860  -82.837  -12.920 1.0000000000
3217  15.310  -83.385  -12.926 1.0000000000
2622  14.675  -84.660  -14.659 1.0000000000
2041  14.089  -85.292  -15.154 1.0000000000
107029  4.366  -69.082  -9.467 0.5000000000
125454  16.291  -82.786  -13.454 1.0000000000
2633  14.853  -84.798  -15.546 1.0000000000
2049  13.386  -85.892  -15.715 1.0000000000
1482  11.267  -87.144  -17.004 1.0000000000
2060  11.556  -86.685  -17.027 0.8999999762
2071  13.143  -86.334  -17.877 1.0000000000
1492  11.736  -87.126  -17.944 1.0000000000
2051  10.911  -85.963  -17.056 0.8000000119
1499  11.689  -87.174  -18.333 1.0000000000
1500  11.545  -87.104  -18.650 1.0000000000
2086  12.091  -86.505  -17.939 1.0000000000
2059  11.272  -86.172  -18.255 0.8999999762
2665  11.798  -85.019  -18.368 0.8000000119
2646  11.716  -85.164  -16.758 0.8000000119
2626  10.847  -84.279  -14.807 0.6000000238
3253  10.187  -84.142  -15.043 0.5000000000
3906  9.578  -82.424  -15.775 0.3000000119
109825  9.504  -81.580  -17.647 0.2000000030
3279  12.275  -83.736  -18.645 0.6000000238
4620  9.613  -81.675  -15.315 0.2000000030
6930  20.769  -78.371  -24.507 0.5000000000
5379  11.969  -80.275  -22.075 0.8000000119
5366  12.273  -80.652  -21.020 0.6000000238
3942  11.893  -82.260  -20.465 0.6000000238
3932  12.510  -82.655  -18.764 0.5000000000
5315  9.589  -80.807  -16.834 0.2000000030
6913  21.037  -78.328  -24.215 0.6000000238
119665  19.730  -78.470  -23.698 0.5000000000
6903  17.199  -77.774  -22.930 0.5000000000
6905  15.599  -77.566  -23.069 0.4000000060
6906  14.723  -77.872  -22.926 0.6000000238
6165  15.090  -78.036  -22.575 0.4000000060
6149  13.254  -79.083  -22.022 0.6000000238
6699  10.046  -77.902  -3.539 1.0000000000
7531  10.757  -77.475  -3.646 1.0000000000
4467  9.656  -82.070  -1.970 1.0000000000
8319  10.416  -76.868  -4.235 1.0000000000
6721  12.690  -78.527  -5.896 1.0000000000
6722  11.974  -78.683  -5.481 1.0000000000
8339  10.224  -76.130  -4.965 1.0000000000
9173  10.010  -75.775  -5.948 1.0000000000
120070  11.185  -78.486  -5.764 1.0000000000
111156  11.155  -78.905  -5.259 1.0000000000
6720  14.225  -78.695  -5.918 1.0000000000
6738  13.438  -78.576  -6.501 1.0000000000
6740  10.711  -78.306  -6.382 1.0000000000
6723  10.350  -78.506  -5.741 1.0000000000
8351  9.032  -75.938  -5.973 1.0000000000
117121  9.495  -75.682  -7.005 1.0000000000
6724  9.237  -78.581  -5.803 1.0000000000
9194  9.605  -75.835  -8.004 1.0000000000
9202  10.089  -75.627  -8.712 1.0000000000
6736  15.479  -78.825  -6.585 1.0000000000
6737  14.540  -78.757  -6.728 1.0000000000
9209  9.859  -75.867  -9.557 1.0000000000
9215  9.996  -75.027  -10.143 1.0000000000
5982  15.484  -78.925  -7.282 1.0000000000
5983  14.375  -79.062  -7.513 1.0000000000
7557  7.069  -78.058  -8.503 1.0000000000
8366  9.177  -76.238  -8.609 1.0000000000
5261  9.198  -80.906  -10.316 1.0000000000
6051  9.165  -79.562  -12.575 1.0000000000
6810  8.896  -79.026  -13.083 1.0000000000
123131  9.644  -76.420  -10.005 1.0000000000
5998  16.217  -79.052  -8.110 1.0000000000
4545  11.381  -81.830  -9.067 1.0000000000
3833  9.991  -82.100  -9.744 1.0000000000
4557  9.509  -81.590  -10.360 1.0000000000
5271  9.316  -81.067  -11.286 1.0000000000
111371  9.313  -80.299  -12.036 1.0000000000
6052  8.605  -79.714  -13.085 1.0000000000
7597  8.811  -78.209  -13.176 1.0000000000
5233  15.516  -79.671  -8.763 1.0000000000
3831  11.592  -82.592  -9.517 1.0000000000
3841  9.949  -82.802  -10.049 1.0000000000
5288  9.263  -81.315  -12.080 1.0000000000
6823  8.163  -79.002  -13.334 1.0000000000
116248  8.114  -78.048  -13.365 1.0000000000
4528  12.856  -81.414  -8.921 1.0000000000
3830  12.546  -82.463  -9.672 1.0000000000
3189  10.755  -83.030  -9.764 1.0000000000
7586  7.491  -77.649  -12.937 1.0000000000
5248  15.909  -79.981  -9.502 1.0000000000
5249  15.008  -80.445  -9.271 1.0000000000
4543  13.665  -81.491  -9.409 1.0000000000
3838  12.952  -82.782  -10.305 1.0000000000
3839  12.143  -83.039  -10.043 1.0000000000
113545  6.205  -76.954  -11.385 1.0000000000
8380  5.543  -76.860  -10.397 1.0000000000
106743  4.408  -77.299  -9.317 1.0000000000
4541  15.402  -80.743  -9.944 1.0000000000
4542  14.575  -81.178  -9.724 1.0000000000
4556  14.131  -81.882  -10.143 1.0000000000
8374  3.723  -77.056  -8.706 1.0000000000
112375  3.353  -76.733  -8.253 1.0000000000
122319  15.776  -80.977  -10.482 1.0000000000
115329  15.034  -81.548  -10.444 1.0000000000
3837  13.724  -82.527  -10.555 1.0000000000
3193  12.568  -83.290  -10.742 1.0000000000
8369  2.922  -76.393  -8.303 1.0000000000
9205  2.680  -75.792  -8.227 1.0000000000
4555  15.777  -81.488  -10.999 1.0000000000
124238  15.143  -82.052  -11.066 1.0000000000
3192  13.319  -83.054  -10.988 1.0000000000
11085  2.809  -73.943  -7.627 1.0000000000
3849  15.611  -82.116  -11.619 1.0000000000
14999  4.575  -69.443  -8.566 0.5000000000
2072  11.950  -86.964  -17.573 1.0000000000
109259  4.119  -68.022  -8.521 0.4000000060
2647  11.292  -85.404  -16.476 0.6999999881
115034  12.551  -83.613  -15.126 0.3000000119
2624  12.076  -84.027  -15.097 0.3000000119
3269  12.436  -83.998  -17.684 0.3000000119
3262  12.423  -84.179  -16.770 0.4000000060
109712  18.071  -78.105  -22.886 0.4000000060
113971  12.459  -81.991  -19.394 0.3000000119
4635  12.819  -81.691  -18.267 0.2000000030
3925  12.680  -82.828  -17.899 0.4000000060
123437  13.046  -80.077  -20.486 0.3000000119
4643  12.853  -80.651  -19.886 0.4000000060
6902  19.099  -78.393  -23.210 0.4000000060
5378  12.728  -79.823  -21.523 0.6000000238
5927  10.978  -79.670  -2.245 1.0000000000
5184  10.414  -80.402  -2.101 1.0000000000
3778  10.208  -82.334  -1.011 1.0000000000
7513  10.734  -78.178  -3.237 1.0000000000
3112  9.256  -83.218  -0.448 1.0000000000
119881  12.570  -78.427  -6.710 1.0000000000
6739  11.770  -78.349  -6.368 1.0000000000
9192  11.473  -75.097  -7.516 1.0000000000
9186  10.691  -75.470  -6.775 1.0000000000
6756  11.111  -78.436  -7.109 1.0000000000
6741  9.611  -78.412  -6.289 1.0000000000
10119  11.554  -73.814  -8.616 1.0000000000
10120  11.015  -74.379  -9.044 1.0000000000
121163  13.712  -78.774  -7.223 1.0000000000
6757  10.079  -78.507  -6.981 1.0000000000
6758  8.685  -78.859  -6.919 1.0000000000
6742  8.225  -78.654  -6.275 1.0000000000
10126  10.613  -74.054  -9.564 1.0000000000
9208  10.414  -74.958  -9.463 1.0000000000
6759  6.993  -79.301  -7.372 1.0000000000
6760  6.615  -79.157  -7.865 1.0000000000
11092  10.271  -73.438  -9.726 1.0000000000
10137  10.127  -74.247  -10.071 1.0000000000
11106  9.733  -73.791  -10.447 1.0000000000
10138  9.709  -74.594  -10.856 1.0000000000
7562  6.764  -79.083  -8.323 1.0000000000
11120  8.681  -73.827  -11.093 1.0000000000
11119  9.316  -74.073  -11.151 1.0000000000
10140  6.921  -74.156  -10.197 1.0000000000
10127  5.836  -74.759  -8.673 1.0000000000
5999  15.040  -79.398  -8.020 1.0000000000
9216  9.787  -75.609  -10.652 1.0000000000
5234  12.699  -80.713  -8.417 1.0000000000
4529  12.020  -81.284  -8.712 1.0000000000
4530  11.148  -81.078  -8.658 1.0000000000
4546  10.513  -81.559  -9.175 1.0000000000
106574  9.229  -80.209  -11.099 1.0000000000
6034  9.417  -79.278  -11.894 1.0000000000
4544  12.234  -81.979  -9.139 1.0000000000
7584  9.313  -77.838  -12.609 1.0000000000
5250  14.238  -80.828  -9.151 1.0000000000
7599  8.250  -77.282  -13.257 1.0000000000
7587  6.819  -77.227  -12.248 1.0000000000
9218  5.484  -76.094  -9.759 1.0000000000
9204  4.126  -76.541  -8.168 1.0000000000
126929  3.104  -76.402  -7.915 1.0000000000
112474  3.550  -72.773  -7.795 0.8999999762
10116  2.574  -75.120  -7.095 1.0000000000
114103  4.677  -71.749  -7.666 0.8999999762
13984  5.271  -70.228  -7.932 0.8999999762
14982  3.987  -68.518  -7.856 0.6000000238
126380  11.342  -78.456  -2.891 1.0000000000
123903  10.752  -78.879  -2.764 1.0000000000
5179  11.268  -80.434  -1.590 1.0000000000
123339  10.296  -81.709  -1.469 1.0000000000
8318  11.300  -76.960  -4.018 1.0000000000
9185  11.687  -75.405  -6.634 1.0000000000
8350  11.316  -76.075  -5.010 1.0000000000
9191  12.377  -74.814  -7.346 1.0000000000
10113  12.010  -74.321  -8.024 1.0000000000
6755  12.008  -78.505  -7.283 1.0000000000
12067  10.841  -72.792  -8.926 1.0000000000
11091  10.934  -73.389  -9.161 1.0000000000
6754  12.890  -78.673  -7.316 1.0000000000
12086  8.995  -73.021  -10.019 1.0000000000
11094  8.286  -73.132  -9.893 1.0000000000
5984  13.339  -79.271  -7.726 1.0000000000
11107  9.205  -73.520  -10.578 1.0000000000
11108  8.487  -73.418  -10.463 1.0000000000
113291  7.207  -73.305  -8.907 1.0000000000
11084  6.525  -73.856  -8.652 1.0000000000
7565  9.073  -77.238  -9.901 1.0000000000
11109  7.668  -73.509  -10.202 1.0000000000
11096  7.013  -73.653  -9.493 1.0000000000
119926  14.150  -79.641  -7.943 1.0000000000
10154  7.970  -74.233  -11.404 1.0000000000
10155  7.004  -74.691  -11.001 1.0000000000
110017  6.325  -74.387  -9.431 1.0000000000
6000  13.463  -80.142  -8.146 1.0000000000
5235  11.807  -80.544  -8.251 1.0000000000
5236  10.862  -80.340  -8.249 1.0000000000
4547  9.593  -81.242  -9.507 1.0000000000
6022  8.681  -80.230  -9.971 1.0000000000
6023  9.040  -79.391  -10.736 1.0000000000
10152  9.263  -74.760  -11.604 1.0000000000
122647  14.436  -80.168  -8.551 1.0000000000
7585  8.938  -77.266  -13.088 1.0000000000
4527  13.553  -80.811  -8.757 1.0000000000
8397  8.527  -76.536  -13.020 1.0000000000
8398  7.691  -76.723  -12.892 1.0000000000
8399  7.098  -76.178  -12.143 1.0000000000
113363  6.377  -76.143  -11.311 1.0000000000
9210  4.726  -76.411  -8.875 1.0000000000
9197  2.655  -75.677  -7.563 1.0000000000
12042  3.216  -73.357  -7.011 1.0000000000
11078  2.828  -74.337  -6.480 1.0000000000
13022  5.525  -70.879  -7.402 1.0000000000
13972  5.494  -70.318  -7.226 0.6999999881
14983  3.543  -68.069  -7.126 0.5000000000
6689  12.105  -78.402  -2.713 1.0000000000
6690  11.564  -79.019  -2.416 1.0000000000
5916  11.855  -79.804  -1.882 1.0000000000
8317  12.217  -76.892  -3.888 1.0000000000
7512  11.514  -77.939  -3.242 1.0000000000
4466  10.736  -81.130  -1.501 1.0000000000
8338  11.717  -76.503  -4.429 1.0000000000
7530  11.776  -77.399  -3.536 1.0000000000
9184  12.624  -75.331  -6.585 1.0000000000
9171  11.925  -75.723  -5.757 1.0000000000
3113  8.512  -83.438  -0.263 0.8999999762
10118  12.146  -73.318  -8.121 1.0000000000
5987  10.573  -78.741  -7.422 1.0000000000
12051  12.058  -72.751  -7.974 1.0000000000
12053  10.166  -72.575  -8.894 1.0000000000
5988  9.392  -79.365  -7.600 1.0000000000
12054  9.299  -72.543  -8.687 1.0000000000
12056  7.840  -72.970  -8.697 1.0000000000
6767  7.497  -78.580  -8.977 1.0000000000
11076  7.304  -73.324  -7.334 1.0000000000
11083  7.199  -73.299  -8.198 1.0000000000
11077  6.570  -73.820  -7.678 1.0000000000
10121  5.982  -74.507  -7.960 1.0000000000
6001  12.541  -79.918  -7.962 1.0000000000
5985  12.290  -79.029  -7.719 1.0000000000
10114  5.986  -74.506  -7.144 1.0000000000
10115  5.343  -75.189  -7.378 1.0000000000
10104  5.277  -75.225  -6.585 1.0000000000
5237  9.728  -80.238  -8.322 1.0000000000
5238  8.338  -80.455  -9.106 1.0000000000
124996  5.411  -75.196  -8.041 1.0000000000
124495  9.153  -80.681  -9.025 1.0000000000
9241  9.273  -75.435  -12.037 1.0000000000
10167  8.269  -74.817  -12.038 1.0000000000
6783  9.405  -78.439  -11.300 1.0000000000
7575  9.559  -77.650  -11.840 1.0000000000
117113  6.231  -74.989  -10.114 1.0000000000
110579  8.032  -75.875  -12.797 1.0000000000
10122  5.086  -75.709  -8.434 1.0000000000
9203  4.554  -75.951  -7.595 1.0000000000
10105  4.561  -75.751  -6.828 1.0000000000
8368  3.148  -76.239  -7.449 1.0000000000
9195  3.636  -76.136  -6.903 1.0000000000
12028  4.480  -72.386  -6.100 1.0000000000
12029  3.572  -73.335  -6.228 1.0000000000
111020  2.836  -75.343  -6.328 1.0000000000
13011  4.936  -71.473  -6.044 0.8999999762
13969  3.864  -69.882  -6.231 0.8999999762
14967  5.173  -70.020  -6.852 0.6999999881
8316  13.044  -77.010  -3.695 1.0000000000
7529  12.598  -77.412  -3.405 1.0000000000
8336  13.759  -76.598  -4.182 1.0000000000
124133  13.723  -77.066  -3.547 1.0000000000
7511  12.297  -77.844  -3.159 1.0000000000
4465  11.433  -81.115  -0.862 1.0000000000
9155  12.202  -76.123  -5.010 1.0000000000
4457  10.840  -81.814  -0.692 1.0000000000
9153  14.323  -76.022  -5.114 1.0000000000
110413  13.423  -75.269  -6.492 1.0000000000
9170  12.845  -75.704  -5.752 1.0000000000
3772  10.423  -82.360  -0.183 1.0000000000
3106  8.857  -82.972  0.327 1.0000000000
10112  12.794  -73.889  -7.710 1.0000000000
3107  7.908  -82.921  0.390 0.8999999762
3114  7.764  -83.649  -0.337 0.8999999762
3108  7.031  -83.108  0.075 0.6999999881
5989  7.739  -79.896  -7.864 1.0000000000
12037  10.946  -72.319  -7.890 1.0000000000
12039  8.899  -72.573  -7.779 1.0000000000
5990  6.966  -79.734  -8.110 1.0000000000
12027  8.128  -72.942  -7.081 1.0000000000
5986  11.386  -78.839  -7.618 1.0000000000
6003  10.603  -79.424  -7.861 1.0000000000
11063  6.625  -73.955  -6.690 1.0000000000
6004  8.496  -80.290  -8.444 1.0000000000
6005  7.675  -80.047  -8.525 1.0000000000
6002  11.594  -79.629  -7.943 1.0000000000
6015  7.927  -79.969  -9.240 1.0000000000
6775  8.032  -79.091  -9.382 1.0000000000
118917  8.942  -77.815  -10.124 1.0000000000
9187  5.354  -75.195  -5.817 1.0000000000
123513  8.444  -79.518  -9.888 1.0000000000
6784  8.833  -78.544  -10.255 1.0000000000
9226  9.570  -75.933  -11.519 1.0000000000
8396  9.341  -77.018  -12.462 1.0000000000
109711  9.325  -76.209  -12.294 1.0000000000
9227  7.568  -74.834  -11.753 1.0000000000
10128  5.622  -75.335  -9.245 1.0000000000
9243  7.720  -75.343  -12.244 1.0000000000
9217  6.248  -75.650  -10.746 1.0000000000
9228  6.969  -75.418  -11.599 1.0000000000
127187  3.288  -75.767  -6.359 1.0000000000
11064  3.947  -73.304  -5.425 1.0000000000
10106  2.959  -74.851  -5.853 1.0000000000
13964  3.436  -70.164  -5.411 0.8999999762
14964  3.250  -69.009  -5.758 0.6000000238
7528  13.363  -77.444  -3.225 1.0000000000
6688  13.369  -78.293  -2.515 1.0000000000
6675  12.400  -79.205  -2.146 1.0000000000
5178  12.100  -80.485  -0.953 1.0000000000
110085  12.921  -78.703  -2.367 1.0000000000
119070  15.312  -75.709  -5.161 1.0000000000
8335  14.919  -76.367  -4.451 1.0000000000
4447  10.864  -82.025  0.365 1.0000000000
3763  10.062  -82.412  0.540 0.8999999762
9168  14.887  -75.347  -5.971 1.0000000000
9169  13.853  -75.637  -5.892 1.0000000000
3764  9.337  -82.467  0.687 1.0000000000
11060  14.083  -73.045  -6.883 1.0000000000
125608  14.024  -74.139  -7.053 1.0000000000
3765  8.584  -82.388  0.763 1.0000000000
12021  13.502  -72.608  -6.550 1.0000000000
12034  13.266  -72.731  -7.234 1.0000000000
3774  6.408  -83.137  -0.238 0.6000000238
128025  11.087  -72.261  -7.324 1.0000000000
12025  9.787  -72.583  -6.728 1.0000000000
11062  7.521  -73.454  -6.466 1.0000000000
11049  7.789  -73.641  -5.600 1.0000000000
11050  6.994  -74.004  -5.824 1.0000000000
10087  6.539  -74.522  -5.233 1.0000000000
6006  7.355  -79.547  -8.645 1.0000000000
8379  9.688  -76.566  -10.782 1.0000000000
119773  5.915  -74.631  -6.433 1.0000000000
7566  8.394  -78.098  -9.599 1.0000000000
10088  5.689  -75.157  -4.988 1.0000000000
9175  4.090  -75.347  -5.146 1.0000000000
9188  4.194  -75.682  -5.977 1.0000000000
10166  8.864  -75.047  -12.169 1.0000000000
11052  3.689  -74.130  -5.086 1.0000000000
11065  3.237  -74.189  -5.705 1.0000000000
126896  3.438  -75.270  -5.762 1.0000000000
12016  4.574  -72.422  -5.169 1.0000000000
13005  4.734  -71.677  -5.232 0.8999999762
7510  13.918  -77.919  -2.658 1.0000000000
6674  13.615  -78.917  -2.036 1.0000000000
5915  12.518  -79.808  -1.403 1.0000000000
5168  11.921  -81.017  -0.251 1.0000000000
8315  14.552  -76.890  -3.705 1.0000000000
118966  14.228  -77.378  -3.139 1.0000000000
5914  13.217  -79.421  -1.448 1.0000000000
4456  11.464  -81.506  0.010 1.0000000000
9139  16.586  -75.466  -3.644 1.0000000000
9151  16.345  -75.184  -4.473 1.0000000000
122639  15.704  -76.012  -4.536 1.0000000000
8314  15.663  -76.554  -3.817 1.0000000000
4439  10.564  -81.833  1.239 1.0000000000
3756  9.806  -82.140  1.075 1.0000000000
11008  16.170  -74.058  -3.365 1.0000000000
10078  16.157  -74.408  -4.703 1.0000000000
123150  16.038  -74.879  -5.116 1.0000000000
9166  15.769  -74.216  -5.515 1.0000000000
127011  15.496  -74.349  -5.979 1.0000000000
3757  9.184  -82.019  1.080 1.0000000000
119180  15.603  -73.477  -3.744 1.0000000000
11026  16.057  -74.027  -4.127 1.0000000000
11045  15.415  -73.612  -5.591 1.0000000000
11046  14.938  -73.243  -5.930 1.0000000000
11059  14.643  -73.318  -6.432 1.0000000000
11027  15.176  -73.277  -4.414 1.0000000000
11999  14.519  -73.050  -4.546 1.0000000000
12010  13.683  -72.727  -5.706 1.0000000000
12011  12.849  -72.512  -5.926 1.0000000000
3766  7.089  -82.461  0.515 0.8999999762
11990  14.825  -72.939  -3.762 1.0000000000
11991  13.967  -72.639  -3.835 1.0000000000
119741  13.152  -72.828  -4.108 1.0000000000
12002  12.173  -72.844  -5.115 1.0000000000
12012  11.934  -72.460  -6.017 1.0000000000
12014  10.073  -72.837  -6.018 1.0000000000
120709  10.885  -73.220  -4.490 1.0000000000
12003  11.313  -72.943  -5.189 1.0000000000
12015  9.226  -73.001  -6.102 1.0000000000
11041  7.984  -73.891  -4.699 1.0000000000
10079  6.448  -74.714  -4.462 1.0000000000
9157  4.293  -75.091  -3.948 1.0000000000
9158  4.042  -75.081  -4.529 1.0000000000
116532  3.833  -74.616  -4.813 1.0000000000
9176  3.745  -75.031  -5.164 1.0000000000
13001  3.416  -71.516  -4.128 0.8999999762
13965  3.112  -69.696  -5.101 0.8000000119
7491  14.852  -78.324  -2.083 1.0000000000
6662  14.204  -79.254  -1.045 1.0000000000
5903  13.704  -79.827  -0.216 1.0000000000
5167  12.473  -80.689  0.066 1.0000000000
8303  16.559  -76.658  -2.591 1.0000000000
8304  16.068  -76.916  -3.134 1.0000000000
127768  15.563  -78.021  -2.088 1.0000000000
7492  14.147  -78.639  -2.041 1.0000000000
4446  11.447  -81.599  0.952 1.0000000000
109280  16.754  -76.136  -1.846 1.0000000000
8313  16.424  -76.267  -3.385 1.0000000000
7527  15.262  -77.216  -3.175 1.0000000000
115619  14.934  -77.767  -2.640 1.0000000000
10050  16.394  -74.121  -2.213 1.0000000000
10049  16.617  -74.725  -2.936 1.0000000000
4440  9.753  -81.577  1.361 1.0000000000
10992  16.158  -73.316  -1.826 1.0000000000
11009  15.919  -73.509  -2.765 1.0000000000
4448  8.514  -81.775  0.999 0.8999999762
4449  7.698  -81.975  0.855 0.8999999762
4450  6.757  -81.816  0.606 0.8000000119
11973  15.263  -72.958  -3.116 1.0000000000
11993  12.369  -72.937  -4.228 1.0000000000
110501  11.581  -73.080  -4.348 1.0000000000
11028  10.220  -73.404  -4.132 1.0000000000
11974  14.626  -72.334  -3.070 1.0000000000
11992  13.270  -72.446  -3.500 1.0000000000
12004  10.346  -73.129  -5.135 1.0000000000
11047  9.494  -73.436  -4.670 1.0000000000
11040  8.749  -73.747  -4.291 1.0000000000
118691  8.141  -74.057  -3.915 1.0000000000
11031  7.857  -74.031  -3.207 1.0000000000
11042  7.296  -74.305  -3.981 1.0000000000
10067  6.308  -74.672  -3.618 1.0000000000
10080  5.588  -75.155  -4.086 1.0000000000
10068  5.361  -74.845  -3.332 1.0000000000
11043  3.890  -73.976  -4.286 1.0000000000
4438  12.050  -81.134  1.301 1.0000000000
7490  16.277  -77.726  -1.531 1.0000000000
6672  15.621  -78.351  -1.401 1.0000000000
6673  14.939  -78.809  -1.266 1.0000000000
5902  14.380  -79.516  0.096 1.0000000000
5895  13.983  -79.891  0.886 1.0000000000
5159  12.644  -80.846  0.972 1.0000000000
109777  11.306  -81.247  1.657 1.0000000000
9121  16.667  -75.682  -1.124 1.0000000000
7508  16.636  -77.023  -1.808 1.0000000000
7477  16.611  -77.348  -0.725 1.0000000000
10039  16.429  -74.124  -1.218 1.0000000000
10038  16.680  -75.073  -1.815 1.0000000000
5153  10.391  -80.965  1.736 1.0000000000
5161  7.322  -81.127  0.581 0.8000000119
108315  15.521  -72.686  -2.463 1.0000000000
119558  12.603  -72.627  -3.483 1.0000000000
111437  11.782  -72.901  -3.462 1.0000000000
11994  10.951  -73.193  -3.659 1.0000000000
11995  10.155  -73.351  -3.155 1.0000000000
11029  9.442  -73.609  -3.737 1.0000000000
11955  15.966  -72.508  -1.669 1.0000000000
11975  13.739  -72.021  -3.116 1.0000000000
11977  12.079  -72.344  -2.794 1.0000000000
12990  14.224  -71.458  -2.642 1.0000000000
12991  13.376  -71.375  -2.598 1.0000000000
11976  12.934  -72.029  -2.992 1.0000000000
11010  9.308  -73.561  -2.828 1.0000000000
11030  8.679  -73.860  -3.402 1.0000000000
10052  5.006  -74.516  -2.555 1.0000000000
10051  6.017  -74.388  -2.817 1.0000000000
10070  3.634  -74.167  -2.827 1.0000000000
108368  15.469  -78.750  0.467 1.0000000000
5894  14.775  -79.274  0.723 1.0000000000
9113  16.566  -75.742  -0.270 1.0000000000
8273  16.571  -76.689  0.118 1.0000000000
127637  16.459  -77.577  -0.040 1.0000000000
7478  16.226  -78.075  -0.680 1.0000000000
6661  14.997  -79.127  -0.212 1.0000000000
5150  13.139  -80.361  1.262 1.0000000000
5152  11.906  -80.664  1.827 1.0000000000
9114  16.320  -75.010  0.256 1.0000000000
8289  16.714  -76.552  -0.983 1.0000000000
10024  16.172  -74.590  0.766 1.0000000000
10030  16.518  -74.943  -0.697 1.0000000000
10970  16.286  -73.933  0.282 1.0000000000
125173  16.197  -74.243  0.854 1.0000000000
10031  16.327  -74.270  -0.171 1.0000000000
10978  16.360  -73.397  -0.754 1.0000000000
5154  9.533  -80.882  1.353 0.8999999762
4441  8.985  -81.298  1.144 0.8999999762
11925  16.418  -73.219  -0.002 1.0000000000
112661  8.172  -81.150  0.898 0.8999999762
11956  15.082  -71.820  -2.281 1.0000000000
11978  11.007  -72.792  -2.524 1.0000000000
11979  9.904  -73.165  -2.221 1.0000000000
12992  12.502  -71.570  -2.357 1.0000000000
12976  14.591  -70.963  -2.055 1.0000000000
113414  13.806  -70.882  -2.244 1.0000000000
12977  12.945  -70.792  -1.919 1.0000000000
12978  12.054  -71.190  -1.659 1.0000000000
12993  11.666  -71.965  -2.035 1.0000000000
11957  11.009  -72.227  -1.643 1.0000000000
10993  9.139  -73.381  -2.100 1.0000000000
11011  8.445  -73.684  -2.499 1.0000000000
12979  11.358  -71.622  -1.267 1.0000000000
11958  10.336  -72.626  -1.537 1.0000000000
11012  7.540  -73.845  -2.445 1.0000000000
11032  6.962  -74.223  -3.045 1.0000000000
5881  15.120  -78.737  1.263 1.0000000000
109304  14.407  -79.279  1.429 1.0000000000
7468  16.211  -77.399  0.721 1.0000000000
112966  12.978  -79.331  1.929 1.0000000000
5883  12.622  -80.088  1.838 1.0000000000
8274  16.302  -75.734  0.644 1.0000000000
108131  16.148  -76.472  1.125 1.0000000000
6641  15.193  -77.994  1.781 1.0000000000
6642  14.591  -78.469  1.893 1.0000000000
6643  13.651  -78.801  2.060 1.0000000000
110873  12.289  -79.344  2.008 1.0000000000
5884  11.627  -79.864  2.016 1.0000000000
113086  11.187  -80.591  1.913 1.0000000000
115952  15.902  -75.113  1.443 1.0000000000
124776  16.088  -75.160  0.946 1.0000000000
8249  15.653  -76.370  1.884 1.0000000000
7463  15.704  -77.243  1.578 1.0000000000
115518  10.955  -79.127  1.413 1.0000000000
5885  10.680  -80.031  1.728 1.0000000000
10958  16.283  -73.777  0.914 1.0000000000
5886  9.818  -80.170  1.172 1.0000000000
5160  8.833  -80.408  0.879 0.8999999762
11924  16.537  -72.468  -0.156 1.0000000000
11938  16.253  -71.895  -0.758 1.0000000000
12956  16.077  -71.107  -0.867 1.0000000000
5899  7.884  -80.366  0.348 0.8999999762
11939  16.300  -72.538  -0.855 1.0000000000
12957  15.610  -71.460  -1.490 1.0000000000
12958  14.726  -70.441  -1.543 1.0000000000
13941  13.797  -70.374  -1.761 1.0000000000
5169  6.979  -80.393  0.058 0.8999999762
124060  12.346  -70.669  -1.246 1.0000000000
10040  4.782  -74.043  -1.963 1.0000000000
11013  6.677  -73.956  -2.294 1.0000000000
114972  7.973  -73.603  -1.939 1.0000000000
12997  2.812  -71.460  -3.434 0.8999999762
10041  3.974  -73.832  -1.787 1.0000000000
115030  5.532  -73.432  -1.606 1.0000000000
11980  2.934  -72.989  -2.343 1.0000000000
128022  14.679  -77.886  2.191 1.0000000000
6644  12.320  -78.449  2.035 1.0000000000
6645  11.542  -78.731  1.690 1.0000000000
9072  15.616  -75.194  2.070 1.0000000000
9090  15.621  -75.695  1.967 1.0000000000
8250  14.878  -77.234  2.417 1.0000000000
7464  14.019  -77.981  2.470 1.0000000000
7465  12.782  -77.994  2.257 1.0000000000
9998  15.763  -74.676  2.357 1.0000000000
6653  10.618  -78.219  1.079 1.0000000000
5896  10.098  -79.099  0.904 1.0000000000
11914  17.079  -72.556  1.149 1.0000000000
10957  16.634  -73.303  1.493 1.0000000000
6655  8.855  -78.842  -0.033 1.0000000000
5897  9.227  -79.459  0.586 1.0000000000
106486  16.861  -72.296  0.398 1.0000000000
5898  8.419  -79.592  0.153 0.8999999762
12922  17.350  -71.755  0.667 1.0000000000
12933  16.776  -71.609  -0.223 1.0000000000
12921  17.934  -71.050  1.064 1.0000000000
12932  17.338  -70.850  0.181 1.0000000000
13916  16.623  -70.606  -0.488 1.0000000000
14925  14.898  -69.908  -1.129 1.0000000000
13934  13.775  -69.775  -1.170 1.0000000000
5906  7.460  -79.446  -0.237 0.8999999762
13942  12.917  -70.217  -1.242 1.0000000000
12959  11.732  -70.975  -0.886 1.0000000000
12980  10.718  -72.061  -0.912 1.0000000000
10994  8.583  -73.335  -1.692 1.0000000000
10995  7.908  -73.208  -1.412 1.0000000000
10982  3.708  -72.422  -1.056 1.0000000000
10997  4.721  -73.385  -1.560 1.0000000000
10996  6.463  -73.520  -1.719 1.0000000000
11016  2.969  -73.090  -1.837 1.0000000000
11944  4.134  -72.295  -0.390 1.0000000000
11942  6.953  -72.501  -0.572 1.0000000000
119899  2.117  -71.310  -2.055 0.8999999762
14934  2.294  -69.264  -1.293 0.8000000119
9073  15.209  -75.854  2.522 1.0000000000
9091  15.270  -76.303  2.358 1.0000000000
127215  14.011  -77.586  2.760 1.0000000000
8252  12.129  -77.468  2.248 1.0000000000
7466  11.664  -77.715  1.811 1.0000000000
6652  11.379  -78.000  1.478 1.0000000000
9980  15.728  -74.666  3.463 1.0000000000
9981  15.230  -75.342  2.984 1.0000000000
8241  13.966  -76.674  3.321 1.0000000000
8251  13.840  -77.221  2.952 1.0000000000
121702  12.654  -77.171  2.732 1.0000000000
8253  11.270  -77.162  1.788 1.0000000000
6654  9.754  -78.142  0.457 1.0000000000
11897  17.304  -72.878  2.034 1.0000000000
7469  10.714  -77.474  1.310 1.0000000000
13898  18.482  -71.143  2.038 1.0000000000
112410  17.795  -71.999  1.736 1.0000000000
115930  9.447  -78.691  0.317 1.0000000000
5905  8.115  -78.858  -0.216 0.8999999762
13909  18.455  -70.270  1.421 1.0000000000
13933  15.772  -70.238  -0.865 1.0000000000
13915  17.838  -70.120  0.608 1.0000000000
14923  16.326  -69.694  -0.560 1.0000000000
14924  15.328  -69.398  -0.749 1.0000000000
112060  14.274  -69.258  -0.760 1.0000000000
13935  12.688  -69.752  -0.659 1.0000000000
15912  16.068  -68.674  -0.451 1.0000000000
15913  14.794  -68.640  -0.476 1.0000000000
119704  12.137  -70.344  -0.683 1.0000000000
12960  11.084  -71.385  -0.514 1.0000000000
11940  9.989  -72.389  -0.688 1.0000000000
11941  9.189  -72.527  -0.478 1.0000000000
11960  8.556  -72.895  -0.963 1.0000000000
11961  7.770  -72.708  -0.740 1.0000000000
13927  2.713  -70.777  -0.264 1.0000000000
13938  2.541  -71.105  -0.955 1.0000000000
11945  3.322  -72.239  -0.196 1.0000000000
11943  6.190  -72.342  -0.468 1.0000000000
13943  2.295  -70.264  -1.680 0.8999999762
9055  14.676  -75.691  3.897 1.0000000000
9056  14.010  -76.189  4.003 1.0000000000
8229  13.287  -76.534  3.978 1.0000000000
8243  12.216  -76.762  2.992 1.0000000000
10887  17.523  -72.957  4.062 1.0000000000
10907  16.270  -74.131  2.904 1.0000000000
9074  14.622  -76.070  3.177 1.0000000000
8242  13.092  -76.815  3.191 1.0000000000
120175  11.764  -76.972  2.335 1.0000000000
12907  18.356  -71.859  2.783 1.0000000000
11884  17.915  -72.364  3.447 1.0000000000
10905  17.435  -73.018  2.998 1.0000000000
10931  16.777  -73.529  2.432 1.0000000000
8259  9.878  -77.060  1.003 1.0000000000
7470  9.858  -77.593  0.763 1.0000000000
13897  18.725  -70.291  2.386 1.0000000000
7479  9.379  -77.491  0.241 1.0000000000
6663  9.165  -78.120  -0.032 1.0000000000
6664  8.362  -78.140  -0.297 0.8999999762
108373  6.854  -78.950  -0.833 0.8999999762
14899  18.293  -69.386  1.003 1.0000000000
14908  17.575  -69.225  0.307 1.0000000000
15911  16.928  -69.162  -0.288 1.0000000000
14926  13.249  -69.241  -0.555 1.0000000000
112372  17.920  -68.497  0.764 1.0000000000
106691  17.200  -68.261  -0.046 1.0000000000
14927  12.475  -69.333  -0.249 1.0000000000
15914  13.713  -68.686  -0.357 1.0000000000
13917  11.853  -69.839  -0.127 1.0000000000
13936  11.445  -70.652  -0.268 1.0000000000
12961  10.433  -71.789  -0.211 1.0000000000
116952  9.702  -72.047  -0.012 1.0000000000
12936  8.272  -71.667  0.247 1.0000000000
11927  7.560  -72.232  -0.089 1.0000000000
12939  5.351  -71.388  0.026 1.0000000000
12938  6.320  -71.473  0.079 1.0000000000
12942  2.554  -71.660  -0.063 1.0000000000
12940  3.589  -71.274  0.076 1.0000000000
115411  4.549  -70.790  -0.113 1.0000000000
14928  2.505  -70.002  -0.831 0.8999999762
14920  2.748  -69.631  -0.451 0.8999999762
13925  3.796  -70.405  -0.197 1.0000000000
15921  2.224  -68.542  -1.335 0.8000000119
15915  2.166  -68.582  -0.887 0.8000000119
16939  2.131  -67.961  -1.172 0.6999999881
9979  16.414  -74.126  4.089 1.0000000000
9026  15.270  -75.154  5.099 1.0000000000
120832  14.844  -75.489  4.682 1.0000000000
123006  12.772  -76.575  4.719 1.0000000000
8230  12.516  -76.693  3.866 1.0000000000
10888  17.014  -73.523  4.619 1.0000000000
8216  12.048  -76.651  4.776 1.0000000000
8244  10.983  -76.695  2.100 1.0000000000
110319  18.277  -71.581  3.797 1.0000000000
8254  10.516  -76.803  1.477 1.0000000000
127719  9.468  -77.141  0.485 1.0000000000
12898  18.695  -70.992  3.091 1.0000000000
7480  8.687  -77.435  -0.104 1.0000000000
7481  7.898  -77.405  -0.630 1.0000000000
14890  18.692  -69.564  2.658 1.0000000000
6665  7.513  -78.312  -0.745 0.8999999762
6666  6.551  -78.259  -1.117 0.8000000119
15888  18.409  -68.699  1.555 1.0000000000
16917  17.549  -67.641  0.665 1.0000000000
15898  15.362  -67.795  -0.160 1.0000000000
15899  14.200  -68.014  -0.113 1.0000000000
15900  13.205  -68.209  0.092 1.0000000000
14910  12.784  -68.830  -0.119 1.0000000000
14911  12.022  -69.124  0.149 1.0000000000
15903  10.906  -68.988  0.961 1.0000000000
14912  11.345  -69.458  0.435 1.0000000000
14900  10.228  -69.157  1.238 1.0000000000
14914  9.909  -69.872  0.838 1.0000000000
14915  9.056  -69.983  0.791 1.0000000000
106710  8.326  -70.104  0.653 1.0000000000
15904  7.369  -69.167  0.758 1.0000000000
14917  6.474  -69.230  0.391 1.0000000000
13918  11.087  -70.210  0.216 1.0000000000
13919  10.392  -70.502  0.469 1.0000000000
13920  9.588  -70.700  0.588 1.0000000000
13921  8.706  -70.787  0.543 1.0000000000
13922  7.730  -70.662  0.426 1.0000000000
106883  7.059  -69.931  0.403 1.0000000000
13937  10.788  -71.030  0.054 1.0000000000
12934  10.065  -71.320  0.270 1.0000000000
12935  9.236  -71.478  0.324 1.0000000000
13923  6.239  -70.061  0.101 1.0000000000
14918  5.586  -69.434  -0.030 1.0000000000
107104  4.531  -69.752  -0.231 1.0000000000
15908  2.467  -68.652  -0.592 0.8000000119
111831  2.273  -68.183  -0.732 0.6999999881
16933  2.410  -67.642  -0.752 0.6999999881
17941  2.565  -66.239  -1.550 0.6999999881
9945  15.612  -74.524  5.477 1.0000000000
128170  14.686  -75.499  5.355 1.0000000000
9039  14.323  -75.880  4.876 1.0000000000
9040  13.492  -76.303  5.155 1.0000000000
12891  17.150  -70.943  5.408 1.0000000000
11848  17.381  -71.864  5.232 1.0000000000
11874  17.396  -72.779  5.006 1.0000000000
9946  14.805  -75.084  5.913 1.0000000000
8207  12.549  -76.385  5.573 1.0000000000
113162  11.344  -76.738  2.899 1.0000000000
13877  17.679  -70.146  4.950 1.0000000000
12890  17.867  -71.222  4.747 1.0000000000
8231  11.681  -76.762  3.843 1.0000000000
8232  10.498  -76.584  2.966 1.0000000000
8245  10.156  -76.374  2.087 1.0000000000
14882  18.276  -69.631  4.079 1.0000000000
13889  18.369  -70.630  4.074 1.0000000000
8275  9.035  -76.913  0.200 1.0000000000
14869  17.568  -69.130  4.537 1.0000000000
14881  18.520  -69.131  3.267 1.0000000000
7482  7.064  -77.423  -1.077 0.8000000119
107582  18.093  -68.812  3.833 1.0000000000
15872  18.112  -68.160  3.024 1.0000000000
107038  18.069  -67.946  1.392 1.0000000000
16895  17.884  -67.677  2.089 1.0000000000
16906  17.617  -67.249  1.348 1.0000000000
15901  12.328  -68.483  0.341 1.0000000000
15889  11.835  -68.033  0.779 1.0000000000
16918  17.009  -67.260  0.181 1.0000000000
110331  15.334  -66.993  0.212 1.0000000000
16920  14.630  -67.360  0.148 1.0000000000
16922  12.688  -67.732  0.529 1.0000000000
15902  11.568  -68.760  0.626 1.0000000000
15890  11.140  -68.308  1.165 1.0000000000
16921  13.719  -67.350  0.337 1.0000000000
14901  9.363  -69.245  1.272 1.0000000000
14902  8.351  -69.330  1.026 1.0000000000
16923  5.831  -67.776  0.789 1.0000000000
15905  5.779  -68.568  0.339 1.0000000000
106239  5.027  -67.949  0.218 1.0000000000
106308  4.869  -68.774  -0.147 1.0000000000
15907  3.074  -68.657  -0.374 0.8000000119
105849  3.427  -67.623  -0.321 0.6999999881
15906  4.122  -68.184  -0.243 1.0000000000
16925  3.103  -67.113  -0.333 0.8000000119
18903  2.621  -65.611  -2.565 0.6999999881
18883  2.681  -65.807  -0.735 0.8000000119
9028  13.219  -75.976  6.105 1.0000000000
13860  16.110  -70.692  5.869 1.0000000000
12872  16.684  -71.556  5.666 1.0000000000
11849  16.773  -72.391  5.561 1.0000000000
10867  15.804  -73.629  5.771 1.0000000000
9947  13.824  -75.245  6.268 1.0000000000
9027  14.120  -75.792  5.798 1.0000000000
8217  11.231  -76.603  4.727 1.0000000000
112812  10.834  -76.694  3.856 1.0000000000
14871  16.083  -69.081  5.286 1.0000000000
14870  16.906  -69.461  5.198 1.0000000000
13878  16.847  -70.195  5.458 1.0000000000
8260  9.291  -76.632  0.672 1.0000000000
8261  8.647  -76.355  0.411 0.8999999762
8276  8.249  -76.796  -0.095 0.8999999762
7493  6.081  -77.467  -1.270 0.6999999881
15860  17.440  -68.317  3.969 1.0000000000
16888  17.218  -67.612  3.314 1.0000000000
127119  17.534  -67.478  2.613 1.0000000000
17896  17.464  -66.950  1.979 1.0000000000
17908  17.358  -66.551  1.318 1.0000000000
17919  16.764  -66.384  0.483 1.0000000000
17909  17.105  -65.973  0.933 1.0000000000
17920  15.866  -66.159  0.382 1.0000000000
17921  14.697  -66.534  0.391 1.0000000000
17923  12.993  -66.868  0.687 1.0000000000
16909  10.760  -67.813  1.692 1.0000000000
15891  10.497  -68.487  1.533 1.0000000000
16910  10.112  -67.939  2.087 1.0000000000
16911  9.323  -67.936  2.270 1.0000000000
118953  8.588  -67.853  2.279 1.0000000000
106426  7.307  -67.832  1.669 1.0000000000
16913  6.457  -67.503  1.392 1.0000000000
15892  9.745  -68.581  1.775 1.0000000000
16912  8.065  -68.049  1.927 1.0000000000
15894  7.769  -68.533  1.322 1.0000000000
15895  6.740  -68.337  0.900 1.0000000000
16924  4.316  -67.364  0.136 1.0000000000
16932  2.640  -66.795  -0.791 0.8000000119
17934  3.013  -66.412  -0.244 0.8000000119
18893  2.489  -65.408  -1.672 0.6999999881
125724  15.274  -71.183  6.286 1.0000000000
125040  15.892  -71.887  6.029 1.0000000000
10868  14.828  -73.491  6.215 1.0000000000
9029  12.129  -75.846  6.126 1.0000000000
8209  10.887  -76.215  5.371 0.8999999762
8218  10.418  -76.396  4.698 1.0000000000
14855  16.308  -69.798  5.566 1.0000000000
122431  10.036  -76.441  3.934 0.8999999762
9075  9.125  -76.146  2.223 0.8999999762
8255  9.684  -76.478  1.349 0.8999999762
15873  16.519  -67.890  4.070 1.0000000000
15861  16.704  -68.672  4.662 1.0000000000
8233  9.599  -76.357  3.192 0.8999999762
9092  8.940  -76.061  1.073 0.8999999762
8277  7.360  -76.639  -0.626 0.8000000119
8278  6.476  -76.718  -1.081 0.6000000238
8290  5.606  -76.818  -1.262 0.4000000060
8291  4.864  -76.898  -1.245 0.3000000119
16889  16.312  -67.103  3.379 1.0000000000
16896  17.108  -66.815  2.660 1.0000000000
17887  16.434  -66.038  2.753 1.0000000000
17897  17.107  -66.029  1.778 1.0000000000
18849  16.573  -65.408  1.262 1.0000000000
18862  15.801  -65.393  0.658 1.0000000000
18863  15.220  -65.683  0.537 1.0000000000
18864  14.389  -65.679  0.622 1.0000000000
18852  14.136  -64.829  0.905 1.0000000000
17910  13.300  -65.855  0.882 1.0000000000
17911  12.468  -66.516  1.092 1.0000000000
17912  11.657  -66.697  1.516 1.0000000000
16907  12.157  -67.257  0.992 1.0000000000
16908  11.417  -67.576  1.343 1.0000000000
16898  10.440  -67.245  2.147 1.0000000000
16899  9.747  -67.288  2.543 1.0000000000
16900  8.866  -67.239  2.768 1.0000000000
17903  7.337  -66.697  2.796 1.0000000000
16901  7.881  -67.409  2.438 1.0000000000
16902  6.912  -67.170  2.139 1.0000000000
105840  5.732  -67.157  1.212 1.0000000000
16914  5.079  -67.244  0.749 1.0000000000
18854  12.333  -65.807  1.390 1.0000000000
17899  10.864  -66.554  2.064 1.0000000000
16897  11.019  -67.197  1.771 1.0000000000
17901  9.429  -66.618  2.992 1.0000000000
17902  8.165  -66.714  3.095 1.0000000000
17891  7.627  -66.121  3.447 1.0000000000
18841  11.443  -65.817  1.864 1.0000000000
18842  10.621  -65.691  2.499 1.0000000000
17900  10.157  -66.574  2.595 1.0000000000
117338  3.258  -64.906  1.585 0.8000000119
18857  3.488  -65.623  1.168 0.8000000119
17915  4.027  -66.293  0.944 1.0000000000
19865  2.769  -64.262  1.159 0.6999999881
18870  3.143  -65.618  0.595 0.8000000119
124601  4.416  -66.816  0.709 1.0000000000
19875  2.952  -65.041  0.898 0.8000000119
17926  3.760  -66.815  0.189 0.8999999762
17916  3.437  -66.259  0.377 0.8000000119
106782  2.407  -64.789  -1.139 0.6999999881
19911  3.072  -63.854  -3.106 0.5000000000
13861  15.078  -70.355  6.260 1.0000000000
11851  14.346  -72.649  6.332 1.0000000000
10869  13.855  -73.384  6.306 1.0000000000
113982  13.223  -74.256  6.262 1.0000000000
109622  12.928  -75.294  6.301 1.0000000000
8208  11.660  -76.342  5.533 1.0000000000
8256  4.763  -76.677  0.972 0.1000000015
8264  4.755  -76.535  -0.005 0.1000000015
14857  14.700  -69.418  5.994 1.0000000000
14856  15.584  -69.646  5.794 1.0000000000
9949  11.300  -75.290  5.843 0.8999999762
9031  10.822  -75.706  5.585 0.8999999762
127934  9.740  -76.141  4.666 0.8999999762
9107  5.031  -76.282  1.060 0.2000000030
115881  14.801  -67.927  4.761 1.0000000000
15874  15.754  -68.317  4.681 1.0000000000
9104  8.265  -75.947  0.772 0.8999999762
8262  7.870  -76.190  0.140 0.8000000119
124150  6.600  -76.244  -0.646 0.6999999881
8279  5.809  -76.212  -0.790 0.4000000060
111542  5.053  -76.365  -0.699 0.3000000119
8280  4.486  -76.829  -0.761 0.3000000119
16879  15.514  -67.500  4.111 1.0000000000
17888  15.541  -65.770  3.225 1.0000000000
109902  15.450  -66.616  3.619 1.0000000000
17898  16.549  -65.360  1.959 1.0000000000
18850  15.958  -64.989  1.002 1.0000000000
18851  15.181  -64.877  0.796 1.0000000000
19860  14.747  -64.130  1.272 1.0000000000
18853  13.114  -64.908  1.312 1.0000000000
17904  6.519  -66.530  2.531 1.0000000000
17913  6.066  -66.871  1.846 1.0000000000
17914  5.047  -66.539  1.426 1.0000000000
18840  12.121  -64.983  1.746 1.0000000000
117657  8.804  -66.550  3.219 1.0000000000
18834  7.856  -65.316  4.044 1.0000000000
18835  6.913  -65.488  3.634 1.0000000000
17892  6.921  -66.182  3.108 1.0000000000
17905  5.702  -66.258  2.289 0.8999999762
18855  4.979  -65.946  2.130 0.8999999762
117982  11.350  -65.122  2.215 1.0000000000
18843  9.740  -65.868  2.997 1.0000000000
18832  9.280  -65.234  3.508 1.0000000000
17889  9.061  -65.991  3.421 1.0000000000
19840  7.230  -64.849  4.254 1.0000000000
19863  3.701  -64.778  2.239 0.8999999762
123671  3.788  -65.313  1.838 0.8000000119
19850  10.871  -64.714  2.647 1.0000000000
18831  9.993  -64.986  2.997 1.0000000000
121918  14.257  -70.163  6.498 1.0000000000
13862  14.402  -71.067  6.533 1.0000000000
12874  13.892  -71.940  6.427 1.0000000000
11852  13.378  -72.637  6.295 1.0000000000
10870  12.845  -73.162  6.074 1.0000000000
126449  12.368  -73.526  5.816 1.0000000000
9948  12.096  -74.558  6.013 1.0000000000
9096  4.170  -76.137  1.879 0.1000000015
15862  14.167  -68.467  5.482 1.0000000000
9965  10.511  -74.988  5.419 0.8999999762
9041  10.144  -75.745  5.198 0.8999999762
8219  9.259  -76.140  4.203 0.8999999762
8263  5.468  -76.009  0.136 0.2000000030
16880  14.605  -67.023  4.279 1.0000000000
9093  8.154  -75.904  1.825 0.8999999762
118210  6.992  -76.023  -0.047 0.6000000238
9115  6.226  -75.955  -0.209 0.3000000119
17879  14.604  -66.019  3.945 1.0000000000
9105  7.362  -75.815  0.973 0.6999999881
18829  15.932  -65.158  2.509 1.0000000000
19834  15.494  -64.284  2.454 1.0000000000
19846  15.419  -64.023  1.850 1.0000000000
18839  15.975  -64.715  1.685 1.0000000000
19859  15.392  -64.380  1.385 1.0000000000
110077  13.897  -64.015  1.369 1.0000000000
19848  12.875  -63.950  1.702 1.0000000000
111227  6.971  -64.218  4.674 0.8999999762
19831  6.262  -64.110  4.530 0.8000000119
19841  5.553  -64.392  3.874 0.8999999762
18836  5.928  -65.203  3.408 0.8999999762
18845  5.407  -65.595  2.704 0.8999999762
18856  4.274  -65.854  1.664 0.8999999762
19839  8.824  -64.700  3.925 1.0000000000
18824  8.274  -64.590  4.312 1.0000000000
20798  2.597  -62.876  3.136 0.6000000238
108893  4.032  -63.980  3.311 0.6999999881
19852  4.251  -64.614  2.867 0.6999999881
18846  4.498  -65.303  2.372 0.8000000119
19849  11.777  -64.242  2.244 1.0000000000
14844  13.435  -70.147  6.716 0.8999999762
125461  13.908  -70.660  6.653 0.8999999762
12854  13.429  -71.228  6.685 1.0000000000
12875  12.995  -72.141  6.352 1.0000000000
11853  12.489  -72.705  6.007 1.0000000000
9964  11.140  -74.150  5.300 0.8999999762
113035  5.498  -75.881  1.503 0.2000000030
15863  13.874  -67.391  4.968 1.0000000000
112457  13.847  -69.280  6.185 0.8999999762
9963  11.652  -73.392  5.247 0.8999999762
114460  9.839  -74.925  5.132 0.8999999762
9042  9.306  -75.471  4.849 0.8999999762
9057  8.766  -76.044  3.550 0.8999999762
17880  13.887  -66.499  4.590 0.8999999762
9106  6.312  -75.864  0.650 0.4000000060
18822  14.327  -65.112  4.112 0.8999999762
18830  15.202  -64.989  3.298 0.8999999762
19847  15.074  -63.447  2.365 1.0000000000
20805  14.960  -63.646  1.759 1.0000000000
20819  14.437  -63.481  1.658 1.0000000000
20820  13.769  -63.187  1.750 1.0000000000
19837  10.411  -64.104  3.150 1.0000000000
19836  11.146  -63.907  2.716 1.0000000000
19838  9.466  -64.295  3.673 1.0000000000
19829  8.646  -63.916  4.321 1.0000000000
20781  7.348  -63.544  4.964 1.0000000000
20784  4.804  -63.011  4.531 0.6999999881
15850  13.451  -67.924  5.470 0.8999999762
118588  13.415  -68.540  5.808 0.8999999762
14858  13.023  -69.067  6.324 0.8000000119
12855  12.416  -71.679  6.554 0.8999999762
116670  12.289  -72.407  6.067 1.0000000000
11875  12.039  -72.958  5.477 1.0000000000
10889  10.916  -73.238  4.715 0.8999999762
9982  10.264  -73.925  4.829 0.8999999762
126278  13.409  -66.685  5.097 0.8999999762
17871  13.569  -66.090  5.038 0.8999999762
121767  13.956  -65.827  4.527 0.8999999762
19835  14.954  -63.948  3.429 0.8999999762
20792  14.591  -62.857  3.120 1.0000000000
20806  14.352  -62.861  2.230 1.0000000000
21760  13.725  -62.251  2.767 1.0000000000
20807  13.471  -62.570  2.216 1.0000000000
20821  13.047  -63.102  1.930 1.0000000000
20808  12.618  -62.765  2.367 1.0000000000
20809  11.804  -63.298  2.539 1.0000000000
126973  12.417  -63.479  2.145 1.0000000000
20796  9.260  -63.504  4.106 1.0000000000
20779  8.718  -63.011  4.602 1.0000000000
127947  8.276  -63.343  4.646 1.0000000000
20767  7.552  -62.917  5.060 1.0000000000
20769  6.165  -62.799  5.240 0.8000000119
22637  2.651  -60.726  4.513 0.6000000238
21762  11.990  -62.448  2.903 1.0000000000
20794  11.023  -63.122  3.156 1.0000000000
20795  10.014  -63.388  3.663 1.0000000000
20778  9.600  -62.777  4.246 1.0000000000
21734  9.180  -62.305  4.818 1.0000000000
20765  8.451  -62.450  4.975 1.0000000000
121772  8.092  -62.395  5.165 1.0000000000
22638  1.906  -60.704  3.864 0.6000000238
113359  11.376  -62.277  3.478 1.0000000000
21750  10.500  -62.507  3.810 1.0000000000
14845  12.558  -69.748  6.965 0.8000000119
13848  12.665  -70.779  6.982 0.6999999881
15851  12.804  -68.027  5.885 0.8000000119
12876  11.677  -72.266  5.863 0.6999999881
16871  13.149  -67.245  5.454 0.8000000119
12892  11.086  -72.381  5.031 0.6999999881
18814  13.648  -65.892  5.482 0.8999999762
18823  13.959  -65.429  4.807 0.8999999762
19828  14.385  -64.585  4.439 0.8999999762
20776  14.506  -63.626  4.079 0.8999999762
127695  14.360  -62.850  3.904 0.8999999762
21747  14.218  -62.419  2.814 0.8999999762
20793  14.035  -62.240  3.557 0.8999999762
21761  12.913  -62.107  2.789 1.0000000000
21719  7.385  -62.503  5.328 1.0000000000
117650  6.776  -62.396  5.450 0.8999999762
128258  6.522  -61.971  5.446 0.8999999762
21736  4.345  -61.617  4.838 0.6999999881
123103  7.934  -62.209  5.383 1.0000000000
22616  7.181  -62.024  5.507 0.8999999762
21749  11.074  -61.779  4.088 1.0000000000
21733  10.113  -62.058  4.518 1.0000000000
21717  9.775  -61.698  5.015 1.0000000000
17865  12.826  -66.696  6.396 0.8999999762
16872  12.696  -67.185  6.034 0.8000000119
15841  12.331  -68.614  6.626 0.6999999881
117444  11.936  -71.182  7.109 0.6000000238
12856  11.392  -71.639  6.711 0.6000000238
18807  13.194  -66.326  6.075 0.8999999762
17872  13.166  -66.503  5.689 0.8999999762
18813  14.164  -65.596  5.561 0.8999999762
19823  14.275  -64.858  4.911 0.8999999762
125282  14.733  -63.980  4.609 0.8999999762
20777  14.508  -63.037  4.245 0.8999999762
111248  13.192  -61.841  3.495 0.8999999762
21731  13.753  -61.929  4.501 0.8999999762
21748  12.162  -61.799  3.606 1.0000000000
22617  6.585  -61.584  5.393 0.8999999762
23576  5.323  -60.527  5.096 0.8000000119
23591  3.385  -60.324  4.903 0.6000000238
119475  7.847  -61.607  5.461 1.0000000000
23575  7.112  -61.290  5.401 0.8999999762
21716  10.803  -61.561  4.942 1.0000000000
116204  8.766  -62.029  5.199 1.0000000000
22615  8.681  -61.616  5.367 1.0000000000
23574  7.697  -60.924  5.324 1.0000000000
24551  7.088  -60.519  5.070 1.0000000000
118829  9.627  -61.461  5.301 1.0000000000
119187  9.447  -60.814  5.325 1.0000000000
14846  11.781  -69.262  7.270 0.5000000000
114222  12.404  -67.150  6.724 0.6000000238
16865  12.274  -67.743  6.497 0.6000000238
15842  11.714  -68.172  7.028 0.6999999881
13850  10.655  -71.329  7.170 0.6000000238
18806  13.625  -66.193  6.167 0.8999999762
12857  10.605  -71.537  6.548 0.4000000060
19822  14.675  -64.590  5.094 0.8999999762
20764  14.828  -63.415  4.685 0.8999999762
115686  2.791  -58.749  4.845 0.6000000238
21714  14.016  -61.986  4.862 0.8999999762
21732  12.730  -61.626  4.554 1.0000000000
24552  5.838  -60.181  5.019 0.8999999762
122097  3.522  -59.114  4.977 0.6000000238
25646  2.307  -58.369  4.333 0.5000000000
24587  7.952  -59.256  4.093 1.0000000000
22612  12.453  -61.389  5.216 1.0000000000
22635  11.822  -61.607  4.816 1.0000000000
22613  11.518  -61.287  5.279 1.0000000000
23573  8.438  -60.942  5.346 1.0000000000
24550  7.972  -60.172  4.794 1.0000000000
22614  10.584  -61.294  5.265 1.0000000000
23572  10.409  -60.934  5.464 1.0000000000
111876  8.848  -60.287  4.966 1.0000000000
17864  13.259  -66.576  6.783 0.8000000119
112261  12.719  -66.816  7.270 0.5000000000
16855  11.891  -67.505  7.121 0.5000000000
18805  14.496  -66.146  6.475 0.8999999762
19809  14.888  -65.523  5.847 0.8999999762
19821  15.333  -64.766  5.427 0.8999999762
123248  14.687  -62.721  4.700 0.8999999762
25644  3.449  -58.395  4.752 0.6000000238
21715  13.256  -61.669  5.019 1.0000000000
25641  7.308  -58.683  3.838 1.0000000000
25642  6.416  -58.761  4.215 1.0000000000
25643  5.395  -58.810  4.572 0.8999999762
106561  4.366  -58.978  4.880 0.6000000238
26692  2.531  -57.548  4.247 0.6000000238
22611  13.744  -61.595  5.028 1.0000000000
23571  11.241  -60.968  5.535 1.0000000000
24549  10.950  -60.333  5.342 1.0000000000
24570  10.554  -59.615  4.766 1.0000000000
25640  9.272  -59.006  3.927 1.0000000000
24573  7.044  -59.589  4.517 1.0000000000
115857  10.235  -60.329  5.239 1.0000000000
24571  9.606  -59.764  4.712 1.0000000000
25639  10.109  -58.976  4.064 1.0000000000
24572  8.710  -59.579  4.362 1.0000000000
18798  14.956  -66.276  7.401 0.5000000000
17856  13.529  -66.580  7.705 0.6999999881
17857  12.109  -67.099  7.323 0.2000000030
17858  11.555  -67.204  7.700 0.3000000119
17863  14.064  -66.476  7.148 0.6999999881
17847  11.315  -66.919  8.478 0.1000000015
18804  15.466  -66.061  6.746 0.8000000119
19808  16.038  -65.619  6.165 0.8000000119
20762  15.688  -63.952  5.170 0.8999999762
119341  15.100  -62.965  4.839 0.8999999762
21713  14.429  -61.989  4.809 0.8999999762
25661  4.403  -57.984  4.381 0.6999999881
122265  13.091  -61.359  5.194 1.0000000000
25659  8.877  -58.421  3.378 1.0000000000
119296  8.104  -58.498  3.521 1.0000000000
114209  6.744  -58.054  3.648 1.0000000000
25660  5.790  -58.016  4.047 0.8999999762
26710  5.208  -57.284  3.783 0.8000000119
23569  12.731  -61.042  5.389 1.0000000000
23570  12.026  -61.024  5.483 1.0000000000
24548  11.740  -60.411  5.353 1.0000000000
24569  11.414  -59.608  4.841 1.0000000000
25638  10.981  -58.923  4.159 1.0000000000
26725  8.331  -57.844  2.846 1.0000000000
124809  7.512  -57.992  3.261 1.0000000000
24547  12.385  -60.584  5.330 1.0000000000
24568  12.371  -59.760  4.822 1.0000000000
17844  14.423  -66.389  8.011 0.4000000060
17845  12.961  -66.658  8.118 0.3000000119
17846  12.132  -66.860  8.071 0.2000000030
18797  15.642  -65.936  7.546 0.5000000000
18784  11.789  -66.513  9.071 0.1000000015
19820  16.532  -64.946  5.691 0.8000000119
21712  15.962  -63.138  4.938 0.8000000119
22609  15.222  -62.174  4.770 0.8999999762
22610  14.442  -61.656  4.830 0.8999999762
25662  3.141  -57.495  4.454 0.5000000000
22634  14.169  -61.106  4.916 1.0000000000
23568  13.415  -61.036  5.205 1.0000000000
26726  7.526  -57.403  2.720 1.0000000000
26709  6.971  -57.580  3.139 1.0000000000
112348  5.039  -56.427  3.658 0.8000000119
26712  2.871  -56.632  4.171 0.4000000060
27760  2.562  -57.123  3.749 0.4000000060
23590  13.842  -60.430  4.751 1.0000000000
24546  13.034  -60.428  5.047 1.0000000000
25658  9.693  -58.397  3.426 1.0000000000
26708  9.250  -57.893  2.865 1.0000000000
25637  11.873  -58.923  4.223 1.0000000000
115091  15.213  -66.007  8.125 0.3000000119
18782  13.684  -66.359  8.613 0.3000000119
18783  12.694  -66.441  8.855 0.1000000015
18780  15.974  -65.419  8.076 0.4000000060
18766  14.055  -65.765  9.256 0.1000000015
18767  13.248  -65.835  9.488 0.1000000015
18768  12.306  -65.802  9.780 0.1000000015
18796  16.290  -65.712  7.114 0.5000000000
19763  12.965  -65.175  10.068 0.1000000015
115734  12.341  -64.878  10.370 0.1000000015
19807  16.986  -65.305  6.575 0.5000000000
125161  12.958  -63.634  10.715 0.1000000015
21641  13.109  -62.847  10.856 0.1000000015
19806  17.486  -64.627  6.072 0.5000000000
22534  13.092  -61.670  11.007 0.1000000015
20761  16.874  -64.076  5.273 0.8000000119
22632  15.989  -61.628  4.539 0.8000000119
22633  15.024  -61.294  4.653 0.8999999762
27773  6.029  -56.314  3.082 0.8000000119
28871  5.208  -55.540  3.534 0.6999999881
28859  4.440  -54.685  3.944 0.5000000000
28861  3.388  -55.013  3.804 0.4000000060
107760  2.930  -55.920  3.628 0.2000000030
24567  14.346  -59.763  4.209 1.0000000000
115461  13.397  -59.622  4.440 1.0000000000
25657  10.541  -58.347  3.509 1.0000000000
118901  6.838  -56.209  2.457 0.8999999762
26744  3.219  -56.589  1.922 0.1000000015
25636  12.763  -59.005  4.090 1.0000000000
25656  11.411  -58.315  3.585 1.0000000000
26707  10.095  -57.815  2.920 1.0000000000
25655  12.302  -58.335  3.593 1.0000000000
19775  15.267  -65.504  8.626 0.2000000030
19761  14.705  -65.209  9.210 0.1000000015
19762  13.796  -64.879  9.842 0.1000000015
112070  14.654  -64.154  9.649 0.1000000015
19793  16.846  -65.057  7.495 0.4000000060
122712  13.746  -63.636  10.354 0.1000000015
21640  13.892  -62.487  10.595 0.1000000015
21711  17.245  -63.113  4.861 0.6999999881
22608  16.246  -62.434  4.727 0.8000000119
23588  15.774  -60.678  4.182 0.8000000119
23589  14.718  -60.518  4.490 0.8000000119
30003  5.407  -54.623  3.414 0.6999999881
29990  3.762  -54.501  3.838 0.3000000119
28872  3.356  -55.092  3.072 0.3000000119
108297  3.215  -55.873  2.522 0.1000000015
24566  15.224  -59.884  3.926 0.8000000119
26724  9.605  -57.371  2.379 1.0000000000
27784  8.530  -56.420  1.710 0.8999999762
28881  7.741  -56.175  1.974 0.8999999762
28870  6.188  -55.470  2.924 0.8000000119
27785  3.804  -56.054  1.314 0.1000000015
127280  13.336  -59.044  3.933 1.0000000000
26706  10.968  -57.724  3.030 1.0000000000
26723  10.509  -57.173  2.381 1.0000000000
27783  9.279  -56.309  1.552 1.0000000000
27795  4.159  -56.840  0.396 0.1000000015
25654  13.277  -58.450  3.532 1.0000000000
26705  11.837  -57.685  3.135 1.0000000000
26722  11.433  -57.136  2.616 1.0000000000
27768  11.110  -56.558  2.179 1.0000000000
113866  15.559  -64.659  8.911 0.2000000030
19774  16.469  -64.569  8.307 0.3000000119
109075  14.635  -63.088  10.055 0.1000000015
21639  14.681  -62.143  10.302 0.1000000015
19792  17.602  -64.650  7.002 0.4000000060
20760  17.871  -63.815  5.563 0.5000000000
21710  18.168  -63.132  5.209 0.6000000238
21729  18.019  -62.505  4.718 0.5000000000
21730  17.047  -62.102  4.523 0.8000000119
29989  4.043  -54.127  3.954 0.5000000000
126498  4.366  -53.635  2.182 0.1000000015
28882  4.361  -55.167  1.078 0.1000000015
24565  16.069  -59.869  3.678 0.8000000119
28869  7.033  -55.220  2.267 0.8999999762
25635  13.936  -59.063  3.803 1.0000000000
107542  14.275  -58.322  3.301 0.8999999762
27769  9.827  -56.786  1.923 1.0000000000
28880  8.720  -55.745  1.419 1.0000000000
29987  5.642  -53.603  3.304 0.6999999881
26704  12.711  -57.696  3.114 1.0000000000
20701  16.718  -63.719  8.477 0.2000000030
117009  16.159  -63.262  8.942 0.1000000015
20703  15.428  -63.448  9.345 0.1000000015
20723  17.257  -64.266  7.826 0.3000000119
20700  17.437  -63.339  8.104 0.2000000030
21656  16.695  -62.721  8.740 0.1000000015
21657  15.879  -62.511  9.346 0.1000000015
21658  15.211  -62.622  9.786 0.1000000015
20722  17.957  -63.797  7.363 0.3000000119
22565  16.071  -61.559  9.519 0.1000000015
119069  15.384  -61.897  9.933 0.1000000015
20740  18.508  -63.199  6.890 0.3000000119
20759  18.447  -63.246  5.992 0.3000000119
119537  16.844  -61.205  4.185 0.8000000119
119964  16.779  -60.374  3.803 0.8000000119
24585  15.654  -59.343  3.526 0.8000000119
24586  14.912  -59.049  3.553 0.8000000119
28878  10.278  -55.368  1.449 0.8999999762
30012  8.876  -54.850  1.452 0.8999999762
30013  8.019  -55.295  1.687 0.8999999762
118683  7.544  -54.572  2.053 0.8000000119
26703  13.642  -57.646  2.998 0.8999999762
27782  10.036  -56.127  1.547 1.0000000000
118413  6.753  -53.930  2.611 0.8000000119
26720  13.032  -57.030  2.739 1.0000000000
26721  12.236  -57.098  2.756 1.0000000000
27767  11.886  -56.521  2.403 1.0000000000
28868  10.769  -55.965  1.778 1.0000000000
22563  17.557  -61.718  8.365 0.1000000015
22585  18.092  -62.040  7.870 0.1000000015
126480  16.381  -62.139  9.138 0.1000000015
22594  18.871  -61.651  6.765 0.3000000119
21709  18.521  -62.527  5.452 0.3000000119
21689  18.715  -62.474  6.338 0.3000000119
22607  18.930  -61.655  5.678 0.2000000030
122357  18.529  -61.940  4.906 0.4000000060
23587  17.767  -60.786  3.976 0.5000000000
127452  16.807  -59.658  3.580 0.6999999881
24584  16.366  -59.164  3.401 0.6999999881
25653  15.818  -58.667  3.250 0.8000000119
26702  14.596  -57.467  2.885 0.8000000119
30011  9.480  -54.127  1.614 0.8000000119
30001  8.579  -53.905  1.849 0.8000000119
27757  13.922  -56.765  2.740 0.8999999762
116315  12.536  -56.553  2.589 1.0000000000
120071  12.430  -55.810  2.394 0.8999999762
118394  11.539  -55.863  2.081 1.0000000000
28877  11.059  -55.185  1.795 0.8999999762
31157  5.355  -53.357  1.078 0.1000000015
22630  18.742  -61.119  4.620 0.3000000119
23586  18.548  -60.199  4.108 0.4000000060
24564  17.605  -59.891  3.703 0.6000000238
118731  17.306  -58.999  3.464 0.6000000238
25652  16.646  -58.408  3.264 0.8000000119
30010  10.422  -54.464  1.607 0.8999999762
31132  6.992  -52.702  2.756 0.8000000119
31133  6.160  -52.909  3.138 0.6000000238
26701  16.159  -57.825  3.062 0.6999999881
113178  15.236  -58.109  3.092 0.6999999881
114592  15.580  -57.076  2.873 0.8000000119
29998  12.726  -54.854  2.492 0.8999999762
107636  11.888  -55.027  2.155 0.8999999762
31130  9.110  -53.085  2.021 0.8000000119
31131  8.032  -52.949  2.215 0.6999999881
106017  6.892  -51.624  2.956 0.4000000060
107957  5.164  -52.438  2.467 0.4000000060
122650  14.778  -56.708  2.803 0.8000000119
27755  15.252  -56.110  2.954 0.8000000119
27756  14.437  -56.052  2.808 0.8000000119
28867  13.255  -55.503  2.655 0.8999999762
31129  10.089  -53.577  1.837 0.8000000119
115741  9.914  -52.774  2.058 0.6999999881
32220  9.214  -51.998  2.307 0.6000000238
32221  8.308  -52.087  2.455 0.5000000000
33326  6.107  -51.704  2.686 0.3000000119
32219  10.271  -51.997  2.289 0.5000000000
33322  9.259  -50.928  2.520 0.5000000000
23553  19.443  -60.086  6.052 0.1000000015
23566  19.371  -60.027  5.231 0.1000000015
23585  19.090  -60.350  4.740 0.2000000030
25632  19.646  -58.702  4.738 0.2000000030
25633  18.963  -58.629  3.951 0.2000000030
24563  18.328  -59.289  3.757 0.2000000030
26699  17.735  -57.634  3.479 0.4000000060
25651  17.320  -58.200  3.383 0.4000000060
26700  16.977  -57.645  3.209 0.4000000060
115029  16.577  -56.957  3.087 0.6000000238
114213  16.144  -56.156  3.095 0.6999999881
115006  12.171  -54.049  2.350 0.8999999762
124091  7.542  -52.091  2.679 0.6999999881
28858  14.798  -55.324  2.996 0.8000000119
28866  14.002  -55.360  2.852 0.8000000119
29996  14.326  -54.625  3.041 0.8000000119
29999  11.305  -54.360  2.006 0.8999999762
31128  11.417  -53.532  2.163 0.6999999881
116143  10.679  -53.075  2.078 0.6999999881
32222  7.557  -51.320  2.735 0.5000000000
33324  7.096  -51.023  2.729 0.3000000119
32218  11.368  -52.552  2.325 0.5000000000
33323  8.337  -51.119  2.599 0.4000000060
33339  6.566  -51.457  2.358 0.2000000030
33321  10.228  -50.842  2.488 0.3000000119
26690  19.446  -57.937  4.238 0.2000000030
118005  19.152  -57.130  3.900 0.2000000030
26698  18.222  -56.975  3.616 0.2000000030
115964  17.382  -56.904  3.373 0.4000000060
28842  18.330  -55.472  3.751 0.2000000030
27746  17.828  -56.176  3.578 0.3000000119
110945  17.001  -56.139  3.362 0.5000000000
28856  16.586  -55.322  3.379 0.5000000000
28857  15.687  -55.335  3.144 0.6000000238
29986  15.162  -54.578  3.188 0.6999999881
117840  14.684  -53.902  3.202 0.8000000119
117839  13.877  -53.962  3.039 0.8000000119
116136  13.056  -54.031  2.782 0.6999999881
31127  12.001  -53.204  2.411 0.6999999881
31116  14.277  -53.240  3.209 0.8000000119
31125  13.466  -53.271  3.038 0.6000000238
31126  12.666  -53.279  2.729 0.6999999881
114760  11.715  -51.675  2.530 0.4000000060
110018  10.967  -51.619  2.419 0.3000000119
106611  7.672  -50.695  2.529 0.5000000000
34414  7.473  -50.734  2.480 0.2000000030
33320  11.072  -50.810  2.500 0.3000000119
34411  10.403  -50.066  2.456 0.3000000119
34413  8.396  -50.356  2.442 0.3000000119
34412  9.429  -49.926  2.373 0.3000000119
27744  19.668  -56.458  4.177 0.2000000030
27745  18.736  -56.289  3.774 0.2000000030
28855  17.462  -55.367  3.585 0.3000000119
29984  17.103  -54.413  3.575 0.5000000000
29985  16.073  -54.527  3.368 0.5000000000
116137  15.494  -53.836  3.341 0.5000000000
32215  13.922  -52.511  3.174 0.5000000000
32216  13.081  -52.474  2.959 0.4000000060
32217  12.258  -52.483  2.624 0.4000000060
106664  11.806  -50.857  2.527 0.3000000119
34409  12.281  -50.438  2.408 0.3000000119
35459  10.150  -48.828  1.804 0.3000000119
35461  8.696  -49.912  2.157 0.2000000030
34410  11.209  -49.962  2.387 0.3000000119
111392  10.250  -49.335  2.130 0.3000000119
28840  20.178  -55.762  4.417 0.2000000030
28841  19.264  -55.607  3.983 0.2000000030
127094  18.367  -54.316  3.791 0.3000000119
35457  11.812  -49.431  2.123 0.3000000119
35458  10.931  -49.201  2.083 0.3000000119
1979  7.295  -85.573  -6.452 1.0000000000
1948  7.499  -85.160  -4.433 1.0000000000
2538  7.473  -84.848  -5.421 1.0000000000
1980  6.518  -85.911  -6.151 1.0000000000
926  6.630  -86.620  -6.272 0.8999999762
2537  7.816  -84.460  -4.663 1.0000000000
3133  8.869  -83.567  -2.168 1.0000000000
3123  8.756  -83.945  -1.526 1.0000000000
2488  8.372  -83.991  -0.909 0.8999999762
1920  7.886  -85.231  -2.582 0.8999999762
3773  9.891  -82.748  -0.311 1.0000000000
14952  3.016  -69.702  -4.274 0.6000000238
12006  3.873  -73.293  -3.644 1.0000000000
12005  4.195  -72.914  -4.413 1.0000000000
13002  2.623  -70.767  -3.965 0.8999999762
10053  4.072  -74.331  -2.338 1.0000000000
13959  2.852  -70.196  -4.363 0.8000000119
11997  2.589  -71.949  -2.665 0.8999999762
115901  4.933  -53.129  3.383 0.5000000000
30027  4.772  -54.455  0.902 0.1000000015
113055  4.521  -55.913  0.333 0.1000000015
31118  4.446  -53.526  3.260 0.3000000119
28894  5.440  -54.708  0.308 0.1000000015
30025  5.900  -54.124  0.354 0.1000000015
30015  4.254  -54.307  1.860 0.1000000015
110026  4.889  -52.643  3.015 0.3000000119
31134  4.535  -53.078  2.496 0.3000000119
28895  4.979  -55.231  0.281 0.1000000015
32246  5.648  -52.547  1.541 0.1000000015
973  14.841  -87.984  -13.932 0.8999999762
370  13.542  -89.918  -13.683 0.8999999762
620  13.586  -89.278  -13.903 0.8999999762
598  10.604  -89.590  -9.153 0.8000000119
957  10.826  -88.772  -10.640 0.8999999762
1433  13.171  -87.076  -11.572 0.8999999762
1432  14.203  -86.610  -11.729 0.8999999762
972  15.591  -87.558  -14.270 0.8999999762
1458  17.092  -86.610  -14.750 0.8999999762
127602  17.014  -87.109  -16.940 0.8999999762
1479  17.805  -86.490  -16.304 0.8999999762
1512  18.741  -85.839  -22.507 1.0000000000
2040  17.727  -85.875  -14.331 0.8999999762
2642  20.657  -83.746  -16.308 1.0000000000
2099  21.911  -84.936  -20.397 0.8999999762
577  11.946  -88.601  -4.818 0.8000000119
571  11.996  -88.476  -3.721 0.6999999881
109043  12.457  -86.918  -2.909 0.8999999762
1394  7.984  -86.396  -6.901 1.0000000000
3267  20.793  -83.381  -17.904 1.0000000000
3275  20.740  -83.017  -18.548 1.0000000000
124537  20.440  -82.788  -18.123 1.0000000000
3285  20.730  -83.276  -19.304 1.0000000000
3303  23.139  -83.542  -21.706 0.6999999881
3314  23.038  -83.281  -22.367 0.8000000119
3325  22.308  -83.199  -23.127 0.8999999762
3973  24.912  -82.461  -23.717 0.6999999881
1930  13.387  -85.233  -3.122 1.0000000000
9275  6.263  -75.506  -14.529 0.6999999881
3988  20.156  -83.001  -24.337 0.8999999762
4683  21.731  -81.658  -25.277 0.8999999762
3902  19.030  -82.069  -15.597 1.0000000000
5316  7.499  -80.534  -16.907 0.6999999881
3941  18.263  -82.782  -19.951 1.0000000000
3949  17.630  -82.694  -20.618 1.0000000000
1934  7.967  -84.973  -3.443 1.0000000000
2627  7.188  -85.175  -14.192 1.0000000000
4631  7.785  -81.175  -17.837 0.6999999881
4638  8.001  -81.943  -18.734 0.6000000238
3286  17.441  -83.142  -19.805 1.0000000000
4692  19.590  -81.081  -25.324 0.8999999762
107901  7.914  -81.974  -3.523 1.0000000000
2035  7.843  -86.229  -13.239 1.0000000000
2649  7.673  -85.540  -16.935 0.8999999762
123629  7.841  -83.735  -18.487 0.6999999881
120339  17.287  -80.014  -24.119 0.8000000119
5937  7.584  -79.624  -3.882 1.0000000000
3134  8.574  -84.237  -2.331 1.0000000000
5966  6.965  -79.596  -4.840 1.0000000000
5272  5.306  -80.989  -11.026 1.0000000000
110028  3.506  -74.796  -11.372 1.0000000000
3248  17.345  -82.991  -15.583 1.0000000000
1475  8.109  -86.900  -15.814 1.0000000000
116953  8.206  -86.260  -17.350 0.8999999762
2075  7.997  -85.452  -17.955 0.8000000119
3281  8.605  -83.268  -19.079 0.6999999881
6193  20.160  -79.232  -25.266 0.8000000119
5391  14.959  -80.106  -24.091 0.8999999762
6727  6.755  -78.829  -5.195 1.0000000000
4586  8.672  -82.188  -12.266 1.0000000000
115564  9.399  -82.730  -11.234 1.0000000000
2585  12.028  -84.309  -11.781 1.0000000000
2022  11.646  -85.350  -12.893 1.0000000000
3890  18.175  -81.900  -14.561 1.0000000000
1452  10.549  -86.481  -14.028 1.0000000000
1461  11.295  -86.670  -14.799 1.0000000000
1474  9.188  -87.341  -15.669 1.0000000000
3278  15.793  -84.256  -18.422 1.0000000000
2063  8.948  -86.861  -17.429 0.8999999762
1484  9.604  -87.392  -16.818 1.0000000000
2074  8.580  -85.862  -17.912 0.8000000119
2657  8.314  -84.904  -18.366 0.8000000119
2667  8.676  -84.199  -18.658 0.6999999881
3280  9.034  -83.539  -18.932 0.6999999881
117765  9.844  -86.120  -17.722 0.8000000119
3270  9.096  -84.452  -18.397 0.6999999881
2653  15.650  -84.435  -17.595 1.0000000000
2689  13.908  -84.947  -20.653 1.0000000000
3317  13.640  -83.445  -22.822 1.0000000000
3310  10.959  -84.183  -22.209 1.0000000000
6180  14.707  -79.050  -23.839 0.8999999762
4675  12.349  -80.700  -23.400 0.8999999762
3122  9.193  -83.391  -1.391 1.0000000000
7532  8.461  -77.799  -4.082 1.0000000000
8353  6.710  -76.961  -5.815 1.0000000000
8361  6.231  -77.682  -7.263 1.0000000000
8360  7.383  -76.854  -7.512 1.0000000000
6812  6.473  -79.322  -12.043 1.0000000000
118554  10.845  -83.466  -10.075 1.0000000000
3202  13.656  -83.476  -11.612 1.0000000000
12071  3.540  -72.727  -9.548 1.0000000000
2597  14.218  -84.201  -13.074 1.0000000000
2613  14.468  -84.464  -13.839 1.0000000000
1460  11.779  -86.671  -15.450 1.0000000000
2095  13.372  -86.029  -19.373 1.0000000000
122092  11.592  -85.716  -21.364 1.0000000000
110543  11.856  -86.491  -20.480 1.0000000000
2691  11.067  -85.335  -20.985 1.0000000000
6940  20.539  -78.550  -24.860 0.6999999881
4663  11.194  -81.742  -22.737 0.8999999762
6917  17.318  -78.010  -23.298 0.6999999881
6920  14.598  -78.151  -23.239 0.6999999881
6167  13.348  -78.952  -22.651 0.6000000238
128106  11.478  -79.471  -4.909 1.0000000000
110053  9.009  -80.434  -12.616 1.0000000000
3201  14.450  -83.298  -11.875 1.0000000000
1470  12.600  -86.533  -16.461 1.0000000000
1471  11.783  -86.972  -16.318 1.0000000000
126342  12.370  -86.798  -16.997 1.0000000000
2621  15.216  -84.083  -14.149 1.0000000000
2070  13.975  -85.599  -16.992 1.0000000000
2085  12.783  -86.501  -19.037 1.0000000000
2097  11.209  -86.731  -19.853 1.0000000000
1507  10.919  -87.127  -19.223 1.0000000000
3242  9.985  -83.209  -14.728 0.2000000030
2666  11.011  -86.202  -19.175 1.0000000000
2087  10.779  -87.078  -18.974 1.0000000000
3951  11.292  -82.331  -21.541 0.6000000238
4654  11.338  -81.297  -21.976 0.6000000238
3832  10.729  -82.354  -9.457 1.0000000000
3836  14.500  -82.288  -10.800 1.0000000000
12057  3.877  -71.992  -8.753 0.8999999762
2612  14.938  -83.882  -13.363 1.0000000000
2048  14.155  -85.437  -16.017 1.0000000000
1480  13.070  -86.371  -16.976 1.0000000000
2655  11.913  -85.141  -17.566 0.8000000119
2634  11.632  -84.616  -15.574 0.6999999881
2625  11.488  -84.183  -14.867 0.5000000000
3895  9.724  -82.489  -14.946 0.2000000030
4649  11.800  -81.507  -21.018 0.6000000238
3779  9.703  -82.878  -1.252 1.0000000000
9172  10.972  -75.727  -5.791 1.0000000000
9193  10.540  -75.442  -7.869 1.0000000000
9201  10.748  -75.139  -8.707 1.0000000000
5251  8.983  -80.719  -9.570 1.0000000000
3829  13.336  -82.206  -9.894 1.0000000000
3239  12.148  -83.515  -14.569 0.3000000119
114537  10.987  -76.500  -4.498 1.0000000000
121672  8.849  -83.631  -0.869 1.0000000000
9200  11.299  -74.791  -8.330 1.0000000000
11082  11.532  -72.993  -8.575 1.0000000000
11121  8.059  -73.749  -10.819 1.0000000000
4531  10.195  -80.837  -8.837 1.0000000000
12052  11.346  -72.588  -8.254 1.0000000000
12068  10.248  -72.897  -9.449 1.0000000000
12069  9.539  -72.766  -9.442 1.0000000000
13010  5.473  -70.713  -6.777 0.8999999762
13014  5.099  -71.568  -6.815 1.0000000000
13970  3.318  -69.051  -6.321 0.6000000238
124235  12.733  -78.141  -2.781 1.0000000000
8337  12.876  -76.629  -4.162 1.0000000000
11075  12.789  -73.027  -7.679 1.0000000000
110327  10.026  -72.355  -8.098 1.0000000000
12040  7.947  -72.899  -7.913 1.0000000000
7569  9.463  -77.559  -10.827 1.0000000000
8385  9.586  -76.801  -11.649 1.0000000000
13963  4.380  -70.825  -5.671 0.8999999762
9154  13.146  -76.197  -4.898 1.0000000000
10102  13.379  -74.556  -7.154 1.0000000000
3105  9.471  -82.805  0.228 0.8999999762
10101  13.610  -73.531  -7.262 1.0000000000
12035  12.526  -72.602  -7.491 1.0000000000
12036  11.769  -72.410  -7.576 1.0000000000
123692  10.361  -72.342  -7.372 1.0000000000
12026  8.971  -72.745  -6.867 1.0000000000
13958  3.024  -70.487  -4.683 0.8999999762
9167  15.590  -74.929  -5.645 1.0000000000
10100  14.478  -73.814  -6.707 1.0000000000
12020  14.279  -72.888  -6.238 1.0000000000
12022  12.541  -72.382  -6.873 1.0000000000
12024  10.633  -72.417  -6.712 1.0000000000
11061  8.372  -73.187  -6.242 1.0000000000
11048  8.722  -73.439  -5.305 1.0000000000
110332  7.209  -74.175  -4.990 1.0000000000
13000  4.499  -72.066  -4.585 0.8999999762
5904  12.929  -80.172  -0.556 1.0000000000
10066  16.443  -74.617  -3.898 1.0000000000
8334  16.218  -75.881  -4.186 1.0000000000
12009  14.410  -73.007  -5.449 1.0000000000
12000  13.786  -72.924  -4.755 1.0000000000
12001  13.001  -72.890  -4.968 1.0000000000
12013  10.969  -72.682  -5.985 1.0000000000
128215  9.552  -73.169  -5.443 1.0000000000
107406  3.680  -74.029  -3.439 1.0000000000
10069  4.364  -74.748  -3.221 1.0000000000
126751  4.026  -72.452  -3.984 0.8999999762
121797  2.444  -70.994  -3.089 0.8999999762
5166  13.181  -80.352  0.516 1.0000000000
6660  15.636  -78.632  -0.479 1.0000000000
5882  13.558  -79.737  1.584 1.0000000000
11014  5.734  -74.045  -2.116 1.0000000000
11015  3.220  -73.692  -2.321 1.0000000000
11996  3.403  -72.447  -3.226 0.8999999762
6651  15.732  -78.123  1.058 1.0000000000
10017  16.047  -74.553  1.445 1.0000000000
11959  9.402  -72.960  -1.352 1.0000000000
9103  15.971  -75.674  1.397 1.0000000000
10932  16.204  -74.018  1.861 1.0000000000
11915  16.562  -72.948  0.630 1.0000000000
10980  6.265  -72.816  -1.154 1.0000000000
11981  2.427  -72.324  -1.888 0.8999999762
120662  13.194  -77.612  2.630 1.0000000000
11896  17.806  -72.464  2.586 1.0000000000
11946  2.801  -72.091  -0.240 1.0000000000
111378  4.768  -72.151  -0.002 1.0000000000
11928  6.679  -72.077  -0.097 1.0000000000
14909  17.194  -69.954  -0.151 1.0000000000
106370  16.427  -67.791  -0.158 1.0000000000
12962  8.984  -72.120  0.056 1.0000000000
11926  8.400  -72.441  -0.229 1.0000000000
13926  3.004  -70.543  -0.115 1.0000000000
10866  16.710  -73.274  5.362 1.0000000000
11873  17.801  -72.148  4.430 1.0000000000
10906  16.956  -73.591  3.527 1.0000000000
13888  18.698  -70.061  3.295 1.0000000000
12937  7.234  -71.514  0.154 1.0000000000
112247  6.773  -70.740  0.208 1.0000000000
13924  5.408  -70.356  -0.080 1.0000000000
14919  3.377  -69.667  -0.317 0.8999999762
108944  2.439  -67.161  -1.331 0.6999999881
121441  18.332  -68.200  2.109 1.0000000000
14913  10.671  -69.696  0.696 1.0000000000
108244  3.968  -68.981  -0.266 0.8000000119
16926  2.678  -68.012  -0.514 0.6999999881
123924  15.123  -74.256  6.011 1.0000000000
111044  14.323  -74.326  6.259 1.0000000000
16919  16.183  -67.045  0.142 1.0000000000
15893  8.755  -68.542  1.767 1.0000000000
123242  16.135  -72.793  5.787 1.0000000000
17922  13.791  -66.469  0.566 1.0000000000
18871  2.796  -65.085  -0.043 0.8000000119
12873  14.848  -71.902  6.333 1.0000000000
11850  15.330  -72.719  6.146 1.0000000000
14872  15.185  -68.782  5.375 1.0000000000
17890  8.382  -66.048  3.582 1.0000000000
19864  3.042  -64.255  2.005 0.6999999881
18833  8.624  -65.340  3.833 1.0000000000
108383  6.488  -64.723  4.078 1.0000000000
18844  6.222  -65.900  2.959 0.8999999762
19830  7.656  -64.371  4.579 1.0000000000
20782  6.618  -63.526  5.018 0.8999999762
20783  5.666  -63.515  4.632 0.8000000119
121077  4.728  -64.361  3.425 0.8000000119
109971  3.268  -63.640  3.149 0.6000000238
20797  3.766  -63.157  3.801 0.6000000238
20812  2.824  -63.580  2.476 0.5000000000
19842  4.768  -63.746  3.923 0.6999999881
19853  3.492  -64.180  2.698 0.6999999881
20780  7.947  -63.629  4.730 1.0000000000
20768  7.043  -62.943  5.338 1.0000000000
128237  5.473  -62.907  4.922 0.8000000119
21735  5.185  -62.327  5.037 0.8000000119
20766  8.014  -62.841  4.887 1.0000000000
21721  5.249  -61.682  5.158 0.8000000119
22636  3.623  -61.027  4.802 0.6000000238
111701  11.872  -70.438  7.327 0.5000000000
117475  5.834  -61.435  5.242 0.8000000119
22618  4.579  -60.935  5.016 0.8000000119
126216  14.518  -62.452  4.657 0.8999999762
118202  6.295  -60.848  5.222 0.8000000119
113515  4.181  -59.877  5.047 0.6000000238
124281  6.450  -60.152  4.920 1.0000000000
15832  11.161  -68.719  7.613 0.3000000119
13849  11.196  -71.058  7.460 0.4000000060
20763  15.137  -63.783  4.978 0.8999999762
24574  6.064  -59.518  4.752 1.0000000000
16856  11.207  -67.755  7.604 0.2000000030
26727  6.716  -56.993  2.852 0.8999999762
120010  8.886  -57.456  2.406 1.0000000000
26711  3.864  -56.649  4.198 0.5000000000
27772  7.402  -56.812  2.369 1.0000000000
27758  4.176  -55.557  4.118 0.6999999881
27759  3.357  -55.671  4.124 0.4000000060
18781  14.626  -65.971  8.682 0.3000000119
119625  13.049  -64.370  10.400 0.1000000015
27771  8.194  -57.090  2.170 1.0000000000
20741  18.123  -63.977  6.500 0.5000000000
31135  4.126  -53.911  2.739 0.2000000030
28883  3.756  -55.133  2.049 0.1000000015
125635  6.265  -54.599  2.954 0.8000000119
20702  16.109  -63.966  8.834 0.2000000030
22631  17.882  -61.657  4.362 0.6999999881
30002  8.149  -54.498  1.790 0.8000000119
21655  17.477  -62.404  8.271 0.1000000015
21676  18.117  -62.899  7.659 0.3000000119
22564  16.894  -61.785  8.880 0.1000000015
21675  18.572  -62.348  7.205 0.2000000030
117449  16.664  -60.801  9.309 0.1000000015
121377  13.745  -55.993  2.703 0.8999999762
23554  19.188  -60.873  6.383 0.2000000030
23567  19.246  -60.730  5.405 0.2000000030
30000  10.805  -53.822  1.930 0.8999999762
32223  6.156  -52.088  3.059 0.5000000000
29997  13.525  -54.713  2.827 0.8000000119
32232  5.875  -51.962  2.363 0.2000000030
24545  19.669  -59.348  5.560 0.1000000015
24562  19.201  -59.542  4.487 0.2000000030
25634  18.047  -58.418  3.574 0.3000000119
26691  18.605  -57.780  3.731 0.3000000119
26689  19.948  -57.293  4.499 0.2000000030
29973  17.986  -54.706  3.742 0.3000000119
122878  7.941  -50.407  2.380 0.3000000119
31114  16.373  -53.660  3.471 0.5000000000
119013  10.528  -48.765  1.850 0.2000000030
36463  11.085  -48.626  1.901 0.2000000030
2497  8.264  -84.555  -1.672 0.8999999762
2489  7.753  -84.327  -0.978 0.8999999762
368  16.194  -90.121  -13.900 0.5000000000
177  15.352  -90.161  -14.071 0.6000000238
118548  14.609  -89.774  -14.588 0.6000000238
127722  15.958  -89.694  -15.500 0.6000000238
377  16.516  -89.528  -15.893 0.6000000238
631  17.609  -89.109  -16.922 0.5000000000
380  16.530  -89.172  -16.882 0.6000000238
381  15.758  -89.103  -16.701 0.6000000238
120191  18.044  -88.658  -17.842 0.6999999881
632  16.682  -88.753  -17.640 0.6000000238
638  16.479  -88.198  -18.075 0.6999999881
113865  16.178  -88.047  -17.671 0.6999999881
633  15.976  -88.596  -17.291 0.6999999881
989  15.755  -88.250  -16.969 0.6999999881
996  18.322  -87.798  -19.512 0.8000000119
640  17.513  -87.929  -19.090 0.8000000119
993  16.745  -87.712  -18.386 0.8000000119
109161  16.610  -87.505  -17.809 0.8000000119
1505  17.342  -87.072  -19.624 0.8000000119
1504  17.579  -86.660  -20.255 0.8000000119
1496  17.591  -86.573  -19.315 0.8000000119
375  14.009  -89.561  -14.328 0.6000000238
625  20.687  -88.322  -16.266 0.5000000000
626  20.499  -88.526  -15.453 0.5000000000
630  19.606  -88.618  -16.353 0.5000000000
113998  18.688  -89.031  -16.090 0.5000000000
634  20.014  -88.225  -17.145 0.6000000238
635  18.977  -88.461  -17.487 0.6000000238
116112  20.345  -87.722  -17.744 0.6000000238
992  19.301  -88.056  -18.193 0.6999999881
639  18.117  -88.316  -18.520 0.6999999881
998  19.164  -87.357  -19.972 0.8000000119
1503  18.677  -86.950  -21.166 0.8000000119
999  18.197  -87.229  -20.563 0.8000000119
1000  17.641  -87.100  -20.188 0.8000000119
358  12.587  -89.878  -11.670 0.5000000000
357  14.581  -90.417  -11.611 0.2000000030
361  13.460  -90.378  -11.931 0.4000000060
364  16.597  -90.205  -12.923 0.4000000060
175  15.766  -90.430  -12.976 0.4000000060
127529  15.131  -90.663  -12.011 0.2000000030
170  14.403  -90.600  -12.143 0.4000000060
171  13.420  -90.354  -12.504 0.5000000000
119858  12.557  -90.025  -12.406 0.6999999881
986  21.583  -87.966  -16.262 0.5000000000
125827  21.867  -88.165  -15.587 0.5000000000
991  21.328  -87.389  -17.302 0.5000000000
987  20.820  -87.951  -16.933 0.5000000000
115921  21.317  -86.832  -18.030 0.6000000238
994  20.663  -87.225  -18.286 0.8000000119
1495  20.874  -86.730  -18.879 0.8000000119
995  20.160  -87.177  -19.200 0.8999999762
117669  19.714  -87.603  -18.808 0.8000000119
1501  21.175  -86.186  -19.498 0.8999999762
1502  20.064  -86.808  -20.237 0.8999999762
2092  21.533  -85.516  -19.968 0.8999999762
113507  15.468  -90.278  -11.011 0.2000000030
105740  14.126  -89.578  -11.072 0.3000000119
169  15.468  -90.568  -11.610 0.2000000030
172  16.575  -90.467  -11.959 0.3000000119
990  22.409  -87.299  -16.520 0.5000000000
1494  21.653  -86.291  -18.380 0.6999999881
2081  22.029  -85.632  -18.817 0.6000000238
2091  22.427  -85.039  -19.294 0.6000000238
2685  22.280  -84.358  -20.821 0.6000000238
608  13.246  -89.131  -10.534 0.4000000060
1488  22.978  -86.578  -17.104 0.5000000000
1489  22.019  -86.675  -17.485 0.5000000000
1493  22.484  -85.992  -17.899 0.5000000000
2067  23.457  -85.954  -17.627 0.4000000060
2065  24.995  -85.607  -17.569 0.3000000119
2079  23.993  -85.594  -18.254 0.5000000000
2078  24.898  -85.628  -18.211 0.4000000060
2089  24.491  -85.269  -18.935 0.5000000000
2077  25.597  -85.402  -18.204 0.5000000000
2090  23.432  -84.959  -18.962 0.5000000000
3298  28.206  -83.577  -20.903 0.5000000000
2672  23.949  -84.644  -19.634 0.5000000000
3954  28.275  -83.059  -21.763 0.5000000000
3299  27.612  -83.547  -21.598 0.5000000000
2684  23.403  -84.116  -20.412 0.5000000000
118848  28.320  -82.554  -22.607 0.5000000000
3962  27.629  -83.045  -22.326 0.5000000000
3971  27.585  -82.487  -23.248 0.5000000000
114783  23.861  -83.451  -21.843 0.6000000238
3972  26.642  -82.576  -23.491 0.5000000000
3302  24.826  -83.661  -21.719 0.5000000000
109001  25.787  -82.543  -23.656 0.6000000238
5396  27.993  -80.269  -25.150 0.5000000000
5403  26.808  -79.751  -25.736 0.6000000238
6923  27.499  -78.700  -24.967 0.4000000060
6190  26.461  -79.108  -25.829 0.6000000238
6191  25.675  -78.991  -26.060 0.6000000238
6924  26.421  -78.443  -25.007 0.6000000238
2639  25.692  -84.130  -17.227 0.2000000030
3273  27.712  -84.007  -18.694 0.2000000030
3274  27.017  -84.333  -18.327 0.2000000030
2660  26.659  -84.956  -18.610 0.3000000119
2650  26.329  -84.658  -17.986 0.2000000030
2064  25.545  -85.067  -17.639 0.2000000030
2661  26.105  -85.105  -18.261 0.3000000119
2088  25.400  -85.375  -18.910 0.5000000000
2683  24.513  -84.410  -20.378 0.5000000000
2682  25.586  -84.739  -20.489 0.5000000000
3963  26.910  -83.056  -22.696 0.5000000000
2694  24.941  -84.170  -21.005 0.5000000000
3311  27.110  -83.467  -22.052 0.5000000000
2693  25.635  -84.153  -21.304 0.5000000000
3321  26.052  -83.059  -22.871 0.5000000000
3322  25.323  -82.804  -23.143 0.6000000238
3313  24.194  -83.171  -22.378 0.5000000000
3272  28.365  -83.647  -19.099 0.2000000030
2659  27.297  -84.699  -18.987 0.2000000030
2076  26.122  -85.276  -18.809 0.4000000060
2669  26.691  -85.094  -19.324 0.5000000000
2670  25.939  -85.240  -19.592 0.5000000000
2668  27.248  -84.688  -19.806 0.5000000000
2681  26.524  -84.915  -20.182 0.5000000000
2671  25.019  -85.082  -19.689 0.5000000000
124463  27.521  -83.967  -20.996 0.5000000000
3291  27.072  -84.416  -20.635 0.5000000000
3300  26.918  -83.945  -21.439 0.5000000000
2692  26.350  -84.416  -20.961 0.5000000000
3312  26.422  -83.550  -22.148 0.5000000000
110284  26.234  -83.988  -21.576 0.5000000000
3301  25.730  -83.701  -21.950 0.5000000000
113074  25.245  -83.227  -22.481 0.5000000000
346  11.867  -90.592  -8.770 0.6000000238
151  11.957  -90.742  -5.958 0.4000000060
152  11.692  -90.457  -5.838 0.5000000000
578  11.636  -89.468  -4.887 0.6999999881
333  11.757  -89.869  -4.947 0.5000000000
572  11.859  -89.176  -3.665 0.6000000238
562  11.642  -88.590  -2.928 0.6000000238
322  11.278  -88.697  -2.405 0.5000000000
109413  10.013  -88.540  -2.164 0.4000000060
341  12.673  -90.771  -7.747 0.3000000119
159  11.620  -90.878  -8.121 0.6000000238
157  12.083  -91.022  -7.446 0.5000000000
155  12.000  -91.009  -6.775 0.6000000238
591  10.644  -89.957  -8.053 0.6999999881
160  10.996  -90.678  -8.182 0.6000000238
158  11.458  -90.862  -7.453 0.6000000238
337  11.058  -90.486  -7.295 0.6999999881
584  10.959  -89.876  -6.967 0.6999999881
124404  11.752  -88.138  -6.457 0.6999999881
147  11.919  -89.094  -3.317 0.3000000119
563  11.214  -88.096  -2.549 0.6000000238
154  12.825  -90.981  -6.953 0.4000000060
924  11.115  -88.958  -7.191 0.6999999881
146  11.942  -90.311  -4.996 0.3000000119
112305  12.236  -89.932  -4.086 0.2000000030
140  11.820  -89.168  -2.681 0.2000000030
323  10.510  -88.826  -2.060 0.1000000015
326  8.424  -88.561  -2.498 0.2000000030
567  7.945  -88.555  -3.498 0.2000000030
574  7.697  -88.364  -4.445 0.5000000000
318  8.168  -88.959  -1.995 0.1000000015
568  7.007  -88.643  -3.595 0.3000000119
579  6.892  -88.152  -5.081 0.6000000238
115740  7.059  -88.804  -3.001 0.3000000119
575  6.905  -88.371  -4.267 0.3000000119
908  6.058  -87.582  -4.796 0.4000000060
118602  5.869  -87.656  -4.239 0.3000000119
909  5.472  -86.517  -4.751 0.3000000119
113937  5.787  -86.675  -5.216 0.5000000000
1382  6.023  -86.133  -5.704 0.6999999881
1363  5.390  -87.140  -3.938 0.3000000119
1370  5.536  -85.625  -4.758 0.3000000119
917  5.679  -85.817  -5.058 0.4000000060
1950  6.157  -85.671  -4.285 0.6000000238
1964  6.226  -85.721  -5.250 0.6999999881
1949  7.024  -85.603  -4.326 0.8000000119
117764  5.226  -86.371  -4.582 0.2000000030
1371  5.506  -85.442  -4.521 0.3000000119
1937  5.683  -85.293  -3.727 0.3000000119
1919  8.220  -84.825  -2.516 0.8999999762
1935  7.552  -85.415  -3.395 0.8000000119
1938  4.913  -85.088  -4.280 0.3000000119
1936  6.870  -85.572  -3.402 0.6000000238
2523  4.851  -84.769  -3.830 0.5000000000
1922  6.290  -85.170  -2.874 0.6000000238
1921  7.258  -85.394  -2.603 0.6000000238
2522  5.039  -84.262  -3.303 0.5000000000
2509  6.701  -85.052  -2.086 0.6000000238
1909  8.048  -85.084  -2.000 0.8000000119
1910  7.506  -85.218  -1.968 0.6999999881
2510  5.778  -84.356  -2.469 0.6000000238
2498  7.655  -84.802  -1.543 0.6999999881
2500  6.347  -84.479  -1.785 0.6000000238
2499  6.976  -84.820  -1.538 0.6000000238
2490  7.183  -84.480  -1.130 0.6999999881
3124  6.549  -84.215  -1.215 0.6000000238
3115  6.956  -83.874  -0.569 0.6000000238
5162  6.612  -81.094  0.294 0.6999999881
4458  5.973  -81.550  0.235 0.6000000238
3767  6.272  -82.428  0.239 0.6000000238
5170  6.015  -80.594  0.000 0.5000000000
5171  5.168  -81.021  -0.163 0.5000000000
13955  2.638  -70.344  -3.608 0.8000000119
14965  3.212  -69.130  -5.190 0.6000000238
5907  6.437  -79.693  -0.437 0.8000000119
5908  5.322  -79.903  -0.666 0.6000000238
13950  2.371  -70.402  -2.637 0.6999999881
107869  2.526  -69.697  -2.138 0.8000000119
106723  2.792  -69.945  -3.043 0.4000000060
108879  2.573  -68.947  -1.798 0.6000000238
5917  5.986  -79.037  -1.031 0.6000000238
9076  8.316  -75.960  2.899 0.6999999881
9983  9.384  -74.332  4.805 0.8000000119
9043  8.626  -75.593  4.404 0.8000000119
17950  2.651  -66.573  -2.199 0.5000000000
9058  7.931  -75.669  3.896 0.6999999881
11876  11.218  -72.786  4.889 0.8000000119
10908  10.260  -73.078  4.450 0.6000000238
124872  8.779  -74.814  4.723 0.8000000119
11885  10.545  -72.744  4.513 0.6999999881
10909  9.583  -73.258  4.431 0.6999999881
10910  8.748  -73.673  4.461 0.6000000238
11854  11.787  -72.651  5.481 0.8000000119
11877  10.476  -72.425  4.531 0.5000000000
11886  9.823  -72.562  4.270 0.6000000238
10933  8.982  -72.551  4.111 0.6000000238
12893  10.411  -71.930  4.598 0.4000000060
12877  10.836  -71.854  5.565 0.4000000060
12894  9.647  -71.575  4.255 0.2000000030
10934  8.433  -72.520  4.045 0.5000000000
12899  9.797  -72.130  4.143 0.4000000060
11898  8.755  -72.197  3.619 0.4000000060
108684  10.043  -71.425  5.033 0.2000000030
12900  9.124  -71.894  3.663 0.3000000119
21752  2.921  -62.313  3.970 0.5000000000
21753  2.129  -62.048  3.426 0.5000000000
21751  4.057  -62.323  4.451 0.6000000238
22645  2.280  -61.479  3.990 0.5000000000
14833  11.032  -70.037  7.796 0.2000000030
23609  1.761  -60.263  1.988 0.3000000119
22646  1.739  -61.143  3.036 0.3000000119
21737  3.263  -61.602  4.495 0.5000000000
23597  1.928  -60.170  3.151 0.3000000119
123046  2.007  -59.514  3.412 0.4000000060
24578  1.965  -59.043  3.988 0.4000000060
121134  2.606  -59.922  4.759 0.5000000000
24577  2.384  -59.236  4.611 0.5000000000
31113  17.268  -53.378  3.570 0.4000000060
31115  15.055  -53.206  3.325 0.6000000238
127295  15.766  -53.177  3.393 0.4000000060
32208  15.538  -52.538  3.312 0.4000000060
32206  17.527  -52.510  3.422 0.4000000060
32207  16.509  -52.678  3.382 0.3000000119
33307  15.222  -51.834  3.168 0.3000000119
118505  13.591  -51.668  3.019 0.3000000119
33319  12.613  -51.502  2.720 0.3000000119
637  17.035  -87.738  -18.739 0.8000000119
1478  17.531  -86.713  -17.365 0.8000000119
348  10.772  -90.347  -8.942 0.6999999881
369  14.082  -90.034  -13.925 0.6999999881
374  15.460  -89.818  -15.034 0.6000000238
378  15.399  -89.297  -15.989 0.6000000238
1490  17.081  -87.078  -18.638 0.8000000119
3323  24.545  -82.784  -23.033 0.6000000238
5404  25.904  -79.859  -26.032 0.6000000238
32209  14.726  -52.526  3.270 0.4000000060
33317  14.433  -51.768  3.147 0.3000000119
176  14.770  -90.308  -13.570 0.5000000000
636  17.183  -88.346  -18.290 0.8000000119
1497  17.299  -86.915  -19.516 0.8000000119
173  14.962  -90.579  -12.565 0.4000000060
121968  15.686  -90.623  -12.007 0.3000000119
2080  22.921  -85.378  -18.368 0.5000000000
2066  24.357  -85.876  -17.520 0.4000000060
3284  27.844  -84.227  -19.449 0.5000000000
1364  4.797  -85.991  -4.256 0.3000000119
11887  9.239  -72.257  3.930 0.4000000060
33306  16.045  -51.842  3.146 0.3000000119
33304  17.887  -51.779  3.157 0.2000000030
622  19.395  -88.697  -14.608 0.3000000119
372  17.749  -89.508  -14.978 0.4000000060
376  17.708  -89.368  -15.986 0.4000000060
978  20.010  -88.202  -14.274 0.3000000119
627  19.587  -88.805  -15.328 0.4000000060
977  20.868  -88.217  -14.375 0.3000000119
982  21.177  -88.360  -14.818 0.4000000060
969  20.785  -87.766  -13.919 0.3000000119
109845  22.044  -88.217  -14.938 0.4000000060
985  22.333  -87.875  -15.647 0.4000000060
122935  21.360  -88.324  -15.527 0.4000000060
976  22.417  -87.825  -14.228 0.4000000060
112376  21.624  -88.078  -14.268 0.4000000060
967  22.626  -87.303  -13.791 0.2000000030
975  22.932  -87.436  -14.212 0.3000000119
126714  23.100  -87.323  -14.638 0.3000000119
981  22.821  -87.704  -14.905 0.4000000060
1468  22.907  -87.418  -15.706 0.4000000060
1487  23.830  -86.342  -16.909 0.4000000060
1466  23.567  -86.233  -14.846 0.2000000030
1477  23.262  -86.870  -16.277 0.4000000060
3261  12.853  -83.464  -16.232 0.1000000015
3924  13.018  -82.089  -17.213 0.1000000015
4634  12.801  -81.093  -19.114 0.1000000015
5353  13.216  -80.586  -19.004 0.3000000119
6166  14.029  -78.495  -22.520 0.4000000060
3914  13.228  -82.572  -16.206 0.1000000015
3251  12.972  -83.250  -15.541 0.1000000015
4629  13.180  -81.143  -17.433 0.1000000015
5334  13.717  -80.446  -18.325 0.2000000030
124908  13.392  -80.333  -19.674 0.2000000030
5352  14.049  -80.381  -19.105 0.2000000030
6148  14.714  -78.962  -21.960 0.4000000060
118939  13.535  -79.644  -21.176 0.3000000119
4619  13.579  -81.863  -15.788 0.1000000015
3905  13.426  -82.486  -15.198 0.1000000015
3893  12.610  -82.807  -14.214 0.2000000030
3892  13.215  -82.563  -14.490 0.1000000015
3241  10.599  -83.362  -14.348 0.3000000119
3926  9.273  -82.559  -18.463 0.4000000060
5337  8.799  -80.664  -19.182 0.4000000060
10195  6.253  -74.518  -14.819 0.6000000238
106893  5.599  -74.977  -14.537 0.6000000238
3135  4.991  -83.428  -2.725 0.4000000060
3125  5.807  -83.728  -1.789 0.5000000000
3788  5.175  -82.952  -1.996 0.5000000000
3775  5.838  -82.726  -0.355 0.4000000060
126914  5.640  -83.158  -1.471 0.5000000000
3116  6.082  -83.380  -0.934 0.5000000000
3780  5.371  -82.630  -1.148 0.4000000060
4468  4.708  -82.105  -0.850 0.3000000119
4460  4.498  -81.449  -0.433 0.4000000060
4459  5.225  -82.075  -0.032 0.4000000060
15942  3.318  -68.845  -4.949 0.3000000119
14961  3.475  -69.400  -4.107 0.3000000119
6676  5.554  -78.238  -1.245 0.6000000238
6677  4.713  -78.198  -1.264 0.4000000060
14951  3.190  -69.759  -3.228 0.4000000060
7495  4.539  -77.649  -1.261 0.3000000119
15928  2.944  -68.758  -2.110 0.4000000060
15929  2.556  -68.199  -1.742 0.5000000000
16947  2.607  -67.412  -1.915 0.4000000060
18911  3.025  -65.499  -3.270 0.4000000060
9094  7.268  -75.820  2.106 0.5000000000
9077  7.573  -75.818  2.953 0.5000000000
114547  2.823  -64.820  -3.102 0.3000000119
19910  3.897  -63.887  -3.493 0.3000000119
9078  6.756  -75.716  2.892 0.3000000119
106548  2.240  -63.813  -1.507 0.4000000060
9079  5.887  -75.653  2.744 0.3000000119
9095  6.496  -75.786  1.801 0.3000000119
9059  7.097  -75.474  3.697 0.3000000119
118632  8.195  -74.751  4.494 0.5000000000
10911  7.964  -73.705  4.336 0.4000000060
9984  7.472  -74.761  4.276 0.4000000060
10912  7.186  -73.757  4.221 0.5000000000
9985  6.687  -74.756  4.092 0.4000000060
10935  7.767  -72.589  3.965 0.4000000060
4644  12.375  -81.292  -20.141 0.3000000119
106356  2.259  -64.082  -0.493 0.6000000238
373  16.716  -89.812  -14.723 0.5000000000
628  18.694  -89.147  -15.144 0.4000000060
14942  2.978  -69.462  -2.388 0.4000000060
623  18.507  -89.045  -14.308 0.4000000060
968  21.929  -87.596  -13.790 0.3000000119
1467  23.320  -86.985  -15.316 0.2000000030
5335  13.084  -80.831  -18.236 0.1000000015
7494  5.150  -77.513  -1.400 0.5000000000
590  13.112  -89.747  -8.462 0.4000000060
942  14.332  -87.847  -8.359 0.2000000030
943  13.652  -88.427  -9.206 0.3000000119
114594  14.473  -87.634  -9.102 0.2000000030
949  13.957  -88.335  -9.665 0.3000000119
9286  8.497  -75.219  -15.644 0.3000000119
11170  6.497  -72.752  -16.662 0.2000000030
11169  7.641  -73.211  -17.282 0.2000000030
121487  7.325  -73.694  -16.245 0.2000000030
121653  5.417  -72.577  -15.683 0.3000000119
11165  4.802  -72.449  -15.107 0.4000000060
14114  6.316  -70.838  -15.818 0.2000000030
13132  5.938  -70.967  -15.974 0.2000000030
14096  5.944  -70.010  -14.936 0.3000000119
13122  5.073  -71.436  -14.889 0.3000000119
13105  4.693  -71.264  -14.130 0.4000000060
16060  6.026  -68.610  -12.562 0.3000000119
14080  5.089  -70.424  -13.716 0.4000000060
14079  5.765  -69.724  -14.190 0.3000000119
17059  5.781  -67.184  -10.541 0.2000000030
15022  4.479  -68.357  -10.203 0.3000000119
14004  4.339  -69.425  -10.157 0.3000000119
15040  4.669  -68.742  -10.946 0.3000000119
16046  5.942  -68.190  -11.821 0.2000000030
15056  4.782  -69.110  -11.748 0.2000000030
14025  4.356  -69.869  -10.952 0.4000000060
17060  5.146  -67.199  -10.313 0.2000000030
17043  5.346  -66.827  -9.759 0.2000000030
16001  4.228  -67.268  -9.019 0.2000000030
17032  4.335  -66.622  -8.433 0.2000000030
14941  3.371  -69.401  -2.507 0.3000000119
16946  3.027  -67.783  -2.293 0.3000000119
17949  2.938  -66.820  -2.671 0.3000000119
111225  3.379  -66.915  -2.788 0.3000000119
21820  3.556  -62.557  -2.477 0.3000000119
20849  1.967  -63.091  -0.813 0.3000000119
20862  2.448  -62.883  -1.776 0.3000000119
122835  2.113  -63.444  0.358 0.5000000000
21798  2.325  -62.100  -1.128 0.3000000119
20827  2.471  -63.481  1.519 0.5000000000
106407  1.788  -62.252  -0.140 0.4000000060
106849  1.825  -62.513  0.957 0.4000000060
21765  1.783  -62.043  2.597 0.4000000060
24588  2.129  -58.986  3.254 0.3000000119
26713  2.180  -57.827  3.972 0.3000000119
117517  12.695  -90.846  -6.134 0.3000000119
597  12.364  -89.558  -9.490 0.4000000060
11164  5.189  -73.324  -15.220 0.4000000060
10204  5.829  -73.781  -15.246 0.5000000000
10203  7.692  -74.571  -15.267 0.3000000119
9287  7.822  -75.612  -15.043 0.3000000119
15087  5.979  -69.207  -13.680 0.3000000119
16032  4.914  -67.792  -10.763 0.2000000030
120452  2.607  -63.572  -2.315 0.3000000119
20813  2.126  -62.767  2.062 0.4000000060
23604  2.259  -59.556  2.629 0.3000000119
11163  6.622  -73.784  -15.559 0.4000000060
16945  3.631  -67.724  -2.256 0.3000000119
596  13.555  -88.734  -8.709 0.3000000119
116055  5.862  -73.085  -15.844 0.2000000030
12146  5.806  -72.220  -16.383 0.2000000030
12153  6.203  -71.925  -16.915 0.2000000030
12152  6.958  -72.224  -17.317 0.2000000030
15054  6.312  -68.666  -11.896 0.2000000030
947  16.971  -88.415  -9.294 0.1000000015
113963  16.512  -89.088  -9.821 0.1000000015
601  15.507  -88.204  -9.824 0.1000000015
954  14.520  -88.526  -10.199 0.2000000030
607  15.445  -89.186  -10.470 0.1000000015
166  16.522  -90.487  -10.871 0.1000000015
595  18.186  -89.519  -8.766 0.1000000015
939  17.623  -88.448  -8.809 0.1000000015
600  17.449  -89.417  -9.284 0.1000000015
122978  14.777  -87.855  -9.603 0.1000000015
128162  18.540  -88.809  -11.283 0.1000000015
168  16.257  -90.541  -11.437 0.1000000015
958  18.476  -87.833  -11.590 0.1000000015
953  18.809  -88.136  -10.854 0.1000000015
1428  19.117  -86.361  -11.486 0.1000000015
1429  18.811  -87.161  -11.101 0.1000000015
2011  19.482  -85.594  -10.995 0.1000000015
2019  19.667  -85.795  -12.032 0.1000000015
938  18.423  -88.573  -8.276 0.1000000015
948  16.314  -87.877  -9.439 0.1000000015
940  16.981  -87.575  -8.964 0.1000000015
613  18.124  -88.696  -12.212 0.1000000015
362  17.776  -89.819  -11.817 0.2000000030
963  18.446  -87.665  -12.340 0.1000000015
614  17.597  -89.402  -12.899 0.3000000119
1438  18.686  -87.015  -11.955 0.1000000015
1437  19.322  -86.516  -12.468 0.1000000015
962  18.926  -87.210  -12.868 0.1000000015
1436  20.256  -86.259  -12.935 0.1000000015
2018  20.542  -85.528  -12.562 0.1000000015
1410  16.802  -86.756  -8.551 0.1000000015
121325  16.298  -87.178  -9.004 0.1000000015
1400  18.266  -86.439  -7.665 0.1000000015
1409  17.781  -87.286  -8.349 0.1000000015
618  18.179  -88.802  -13.389 0.3000000119
971  18.512  -87.975  -13.129 0.2000000030
367  17.055  -89.854  -13.475 0.3000000119
1448  19.884  -86.975  -13.358 0.2000000030
2017  21.588  -85.396  -12.976 0.1000000015
1435  21.361  -86.253  -13.186 0.1000000015
124375  14.963  -87.181  -8.646 0.1000000015
1402  16.443  -86.163  -8.004 0.1000000015
1401  17.357  -86.183  -8.002 0.1000000015
970  19.442  -87.719  -13.677 0.2000000030
366  17.694  -89.435  -13.968 0.3000000119
1447  21.121  -86.982  -13.515 0.1000000015
122971  21.372  -84.483  -12.509 0.1000000015
589  14.070  -88.803  -7.882 0.2000000030
1404  14.960  -87.057  -7.898 0.1000000015
1403  15.606  -86.479  -7.623 0.1000000015
617  18.966  -88.390  -13.933 0.2000000030
108679  22.656  -83.984  -13.028 0.1000000015
2593  22.196  -84.726  -13.014 0.1000000015
2016  22.664  -85.779  -13.270 0.1000000015
932  14.693  -87.928  -7.401 0.1000000015
2592  23.230  -85.006  -13.317 0.1000000015
1434  22.231  -86.294  -13.300 0.1000000015
1446  22.167  -86.951  -13.491 0.1000000015
582  14.744  -89.181  -6.873 0.1000000015
2608  23.806  -85.347  -13.654 0.1000000015
3875  24.783  -83.248  -13.379 0.1000000015
3210  24.025  -83.780  -13.287 0.1000000015
2028  23.288  -85.965  -13.536 0.1000000015
1445  22.842  -86.651  -13.536 0.1000000015
922  15.188  -88.061  -6.622 0.1000000015
2591  24.037  -84.628  -13.475 0.1000000015
3874  26.110  -83.098  -13.416 0.1000000015
2606  25.275  -84.453  -13.862 0.1000000015
111279  23.582  -85.899  -13.766 0.1000000015
1444  23.281  -86.485  -13.759 0.1000000015
340  13.819  -90.022  -7.444 0.1000000015
3226  24.797  -84.267  -13.572 0.1000000015
2607  24.483  -84.845  -13.753 0.1000000015
3225  25.699  -84.016  -13.661 0.1000000015
2027  24.048  -85.429  -13.871 0.1000000015
1443  23.664  -86.111  -14.058 0.1000000015
3283  28.398  -83.745  -19.941 0.3000000119
118652  27.756  -84.173  -20.300 0.4000000060
2026  24.743  -84.866  -13.975 0.1000000015
2037  24.072  -85.378  -14.432 0.1000000015
1455  23.281  -86.886  -14.302 0.1000000015
4630  9.055  -81.865  -19.205 0.2000000030
4639  30.379  -81.466  -19.940 0.2000000030
113831  29.339  -82.575  -20.891 0.2000000030
125625  28.786  -83.014  -21.187 0.3000000119
5356  30.828  -80.832  -20.364 0.2000000030
153  13.748  -90.559  -6.296 0.1000000015
7634  8.442  -77.229  -18.372 0.3000000119
6881  8.933  -78.696  -19.215 0.3000000119
6130  9.062  -80.070  -19.226 0.2000000030
6866  10.253  -78.689  -18.371 0.2000000030
5336  9.207  -80.884  -19.107 0.2000000030
4646  29.879  -82.021  -20.427 0.2000000030
4651  29.814  -81.905  -21.408 0.3000000119
3953  29.053  -82.427  -21.909 0.3000000119
3961  28.978  -81.942  -22.959 0.4000000060
4656  29.691  -81.573  -22.451 0.3000000119
120855  28.352  -82.104  -23.347 0.4000000060
4665  28.767  -81.465  -23.810 0.4000000060
8475  8.531  -76.453  -17.502 0.2000000030
8492  8.913  -76.506  -18.674 0.1000000015
7670  9.323  -78.170  -19.424 0.2000000030
122545  9.946  -76.777  -19.784 0.1000000015
6888  9.402  -78.773  -19.354 0.2000000030
7668  10.548  -77.082  -19.768 0.1000000015
9348  10.672  -76.073  -20.088 0.1000000015
6082  9.718  -80.039  -16.057 0.1000000015
4655  30.273  -80.563  -23.023 0.3000000119
5387  29.131  -80.489  -24.325 0.3000000119
4676  28.404  -80.902  -24.546 0.4000000060
9315  9.162  -75.423  -17.086 0.2000000030
121180  8.955  -75.042  -16.326 0.1000000015
9314  9.367  -75.043  -17.976 0.2000000030
10226  9.227  -74.256  -18.204 0.2000000030
10235  10.710  -74.529  -20.185 0.1000000015
9361  11.141  -75.119  -20.200 0.1000000015
5385  30.353  -79.583  -23.715 0.2000000030
6169  29.916  -78.801  -24.267 0.2000000030
5395  28.635  -79.841  -24.909 0.3000000119
5402  27.495  -79.606  -25.445 0.5000000000
10217  8.964  -74.378  -17.205 0.1000000015
11174  8.567  -73.286  -18.250 0.1000000015
12160  8.140  -71.877  -18.464 0.1000000015
12168  9.266  -72.188  -19.652 0.1000000015
13163  9.202  -71.413  -19.360 0.1000000015
14160  9.842  -70.735  -19.171 0.1000000015
107427  25.594  -78.344  -25.222 0.4000000060
12161  7.850  -72.371  -17.955 0.1000000015
6156  25.773  -79.705  -23.044 0.3000000119
6173  25.509  -79.084  -24.021 0.3000000119
6175  23.653  -78.689  -24.355 0.4000000060
6912  22.695  -78.362  -24.596 0.5000000000
5380  26.031  -80.358  -22.135 0.3000000119
6157  24.872  -79.714  -23.213 0.3000000119
14131  6.721  -71.208  -16.314 0.1000000015
13142  6.252  -71.361  -16.447 0.1000000015
109156  7.486  -71.339  -16.419 0.1000000015
13141  6.836  -71.661  -17.005 0.1000000015
6914  20.355  -78.402  -23.904 0.4000000060
14062  6.629  -70.106  -12.821 0.2000000030
127530  6.306  -69.898  -14.434 0.1000000015
14094  6.900  -70.795  -14.703 0.1000000015
15095  6.049  -69.635  -14.371 0.2000000030
15071  6.287  -68.990  -12.798 0.2000000030
565  9.230  -88.179  -2.531 0.2000000030
15981  3.890  -67.309  -7.884 0.2000000030
559  6.506  -88.605  -2.710 0.1000000015
15982  3.631  -67.174  -6.776 0.2000000030
16994  4.614  -66.393  -6.266 0.1000000015
16971  3.605  -67.407  -6.045 0.1000000015
14969  3.403  -68.216  -6.313 0.3000000119
15950  3.760  -67.979  -5.458 0.1000000015
15951  3.444  -68.426  -5.660 0.2000000030
112654  4.492  -85.168  -3.797 0.2000000030
2511  4.223  -84.096  -3.589 0.3000000119
117480  3.991  -69.708  -3.113 0.2000000030
14940  4.289  -69.625  -2.364 0.2000000030
16944  4.502  -68.127  -2.027 0.2000000030
15927  3.703  -68.720  -2.175 0.2000000030
115369  4.200  -67.074  -2.512 0.2000000030
17957  3.219  -66.191  -3.227 0.2000000030
21819  4.021  -62.650  -2.604 0.2000000030
22711  4.244  -61.789  -1.590 0.2000000030
19886  5.823  -63.872  -0.306 0.1000000015
20848  4.739  -62.510  -1.475 0.2000000030
20836  5.648  -63.028  0.355 0.1000000015
21797  4.720  -61.869  -0.860 0.2000000030
22713  2.984  -61.450  -1.263 0.2000000030
21775  1.626  -61.754  1.523 0.3000000119
21796  5.119  -62.268  -0.036 0.1000000015
22682  3.775  -60.754  -0.337 0.2000000030
21786  1.637  -61.393  0.500 0.2000000030
22683  2.902  -60.651  0.031 0.1000000015
22684  1.986  -60.745  0.405 0.2000000030
22669  3.805  -60.459  0.708 0.1000000015
22671  1.588  -60.750  1.135 0.2000000030
22659  1.618  -61.165  2.027 0.2000000030
24597  2.533  -58.795  2.676 0.1000000015
25671  2.310  -58.519  3.111 0.1000000015
25669  3.344  -58.646  2.204 0.1000000015
25663  2.064  -58.436  3.705 0.1000000015
25670  2.833  -58.198  2.591 0.1000000015
26729  2.383  -57.949  3.337 0.1000000015
33355  7.098  -51.399  1.441 0.1000000015
7653  8.653  -77.986  -18.934 0.4000000060
114380  9.127  -80.076  -19.195 0.2000000030
6186  24.334  -78.261  -24.882 0.5000000000
6185  25.358  -78.341  -24.877 0.3000000119
6104  9.991  -79.292  -17.923 0.1000000015
6105  9.548  -80.052  -18.647 0.1000000015
6879  10.199  -78.316  -19.149 0.1000000015
20875  3.670  -63.116  -3.031 0.2000000030
122047  6.277  -52.527  0.904 0.1000000015
113488  17.196  -90.065  -12.393 0.3000000119
167  17.015  -90.520  -11.089 0.1000000015
127473  25.970  -78.618  -24.626 0.3000000119
560  6.182  -88.245  -3.421 0.2000000030
1476  23.705  -86.368  -16.256 0.3000000119
18910  3.688  -65.505  -3.567 0.2000000030
10210  8.358  -74.377  -16.196 0.1000000015
21809  3.099  -62.049  -1.991 0.2000000030
22699  2.333  -61.221  -0.442 0.2000000030
356  16.495  -90.160  -10.383 0.1000000015
941  15.454  -87.388  -9.231 0.1000000015
363  17.416  -90.345  -11.434 0.1000000015
1411  15.784  -86.702  -8.545 0.1000000015
109633  23.443  -84.146  -13.255 0.1000000015
108563  23.764  -82.941  -13.188 0.1000000015
117126  9.164  -77.295  -19.356 0.2000000030
4664  29.512  -81.091  -23.485 0.3000000119
121336  9.405  -76.464  -19.420 0.2000000030
9333  9.309  -75.679  -19.006 0.1000000015
10234  11.775  -74.585  -20.006 0.1000000015
5386  29.840  -79.982  -24.074 0.3000000119
5394  29.217  -79.366  -24.602 0.3000000119
10236  9.941  -74.586  -19.678 0.1000000015
11180  9.397  -73.789  -19.096 0.1000000015
126072  9.752  -75.253  -19.550 0.1000000015
11185  9.698  -73.046  -19.722 0.1000000015
11186  8.882  -72.700  -19.083 0.1000000015
12169  8.531  -71.940  -19.098 0.1000000015
6174  24.603  -79.005  -24.205 0.3000000119
22697  4.116  -61.177  -0.990 0.2000000030
20847  5.187  -62.860  -0.593 0.2000000030
21785  4.552  -61.364  0.044 0.1000000015
4597  13.578  -81.656  -13.596 0.1000000015
117256  12.437  -81.178  -13.173 0.1000000015
3882  12.314  -82.341  -13.710 0.1000000015
4599  11.882  -81.639  -13.410 0.1000000015
3894  10.178  -82.502  -14.311 0.2000000030
3231  11.198  -82.959  -14.035 0.2000000030
107335  22.968  -79.165  -23.539 0.3000000119
115218  17.093  -77.887  -22.715 0.3000000119
6177  21.396  -78.543  -23.712 0.3000000119
6900  20.790  -78.566  -23.194 0.3000000119
5284  15.079  -80.096  -12.610 0.1000000015
5285  14.316  -80.368  -12.625 0.1000000015
5294  15.319  -80.266  -13.489 0.1000000015
5295  14.696  -80.739  -13.234 0.1000000015
4608  14.271  -81.357  -13.820 0.1000000015
4584  13.190  -81.178  -13.100 0.1000000015
4610  10.450  -81.712  -13.962 0.1000000015
116502  22.384  -79.372  -22.487 0.1000000015
6901  19.927  -78.483  -23.234 0.3000000119
6160  20.244  -78.762  -22.335 0.3000000119
6162  18.840  -78.659  -22.503 0.3000000119
6159  21.555  -78.860  -22.816 0.2000000030
6060  15.772  -79.713  -12.845 0.1000000015
6059  16.364  -79.276  -13.300 0.1000000015
6048  14.582  -79.560  -12.193 0.1000000015
5286  13.498  -80.532  -12.710 0.1000000015
5287  12.642  -80.577  -12.914 0.1000000015
105774  19.205  -79.695  -20.704 0.1000000015
5375  16.616  -79.789  -21.281 0.1000000015
6142  22.214  -79.575  -21.501 0.1000000015
6143  21.500  -79.388  -21.054 0.1000000015
6145  19.572  -79.131  -21.673 0.2000000030
6146  18.654  -79.330  -21.542 0.2000000030
114453  21.073  -78.900  -22.050 0.3000000119
6046  16.130  -78.968  -12.300 0.1000000015
6047  15.367  -79.282  -12.124 0.1000000015
5173  3.325  -80.322  -0.549 0.1000000015
5180  3.842  -79.593  -0.722 0.1000000015
107788  3.892  -81.103  -0.521 0.1000000015
5172  4.302  -80.431  -0.599 0.1000000015
5909  4.491  -79.533  -0.815 0.2000000030
5919  4.305  -78.844  -0.921 0.3000000119
5376  15.556  -79.792  -21.238 0.2000000030
6147  15.828  -78.907  -22.049 0.3000000119
107516  16.915  -78.898  -22.162 0.3000000119
6163  17.920  -78.764  -22.326 0.3000000119
3230  11.851  -82.952  -14.040 0.2000000030
5918  5.001  -78.949  -1.082 0.4000000060
32205  18.429  -52.347  3.515 0.2000000030
3884  10.794  -82.462  -13.931 0.1000000015
6144  20.509  -79.216  -21.323 0.1000000015
109600  21.733  -79.216  -21.961 0.2000000030
5374  17.732  -79.679  -21.240 0.1000000015
6678  4.241  -78.296  -1.000 0.2000000030
7496  4.102  -77.807  -1.003 0.1000000015
8292  4.069  -77.348  -0.759 0.1000000015
126298  4.367  -77.272  -1.112 0.2000000030
8265  4.224  -76.979  -0.348 0.1000000015
119765  5.082  -75.645  2.662 0.1000000015
11899  8.259  -72.213  3.343 0.1000000015
9999  5.427  -75.224  3.355 0.1000000015
12909  8.054  -71.870  2.960 0.1000000015
11900  7.583  -72.328  3.118 0.1000000015
10914  5.579  -73.834  3.683 0.1000000015
9060  6.306  -75.348  3.495 0.2000000030
10936  6.971  -72.759  3.795 0.1000000015
12908  8.614  -72.016  3.207 0.1000000015
126493  15.644  -51.285  2.949 0.2000000030
33316  14.979  -51.144  2.920 0.2000000030
114759  14.172  -51.030  2.831 0.2000000030
113811  17.403  -51.084  2.825 0.1000000015
34394  16.393  -51.050  2.813 0.1000000015
35453  16.579  -49.697  2.171 0.1000000015
34407  14.782  -50.532  2.432 0.2000000030
108608  12.890  -50.103  2.125 0.2000000030
35455  14.405  -49.761  1.775 0.1000000015
116783  13.546  -49.133  1.552 0.1000000015
126974  5.464  -74.664  3.668 0.1000000015
106643  6.218  -72.928  3.513 0.1000000015
12910  7.249  -71.740  2.897 0.1000000015
31103  17.920  -53.958  3.732 0.2000000030
36464  10.415  -48.371  1.664 0.1000000015
35456  12.706  -49.265  1.841 0.1000000015
36462  11.869  -48.482  1.886 0.1000000015
6911  27.220  -78.647  -24.659 0.3000000119
33305  16.962  -51.827  3.117 0.2000000030
33318  13.267  -50.839  2.636 0.2000000030
114744  18.302  -51.092  2.963 0.1000000015
10913  6.358  -73.795  4.071 0.1000000015
9061  5.948  -74.720  3.826 0.1000000015
34395  15.593  -50.702  2.635 0.1000000015
34408  13.854  -50.420  2.247 0.2000000030
35454  15.571  -49.954  2.115 0.1000000015
34406  16.206  -50.344  2.477 0.1000000015
35471  15.198  -49.176  1.480 0.1000000015
6184  27.999  -78.893  -25.043 0.3000000119
6910  28.805  -78.384  -24.161 0.1000000015
6922  28.260  -78.804  -24.680 0.3000000119
6899  28.645  -78.370  -23.378 0.1000000015
6153  28.076  -78.756  -23.566 0.1000000015
6170  27.949  -78.653  -24.501 0.2000000030
6140  28.172  -79.179  -22.519 0.1000000015
6121  28.898  -79.280  -18.968 0.1000000015
113007  28.565  -79.662  -19.477 0.1000000015
6134  28.560  -79.667  -20.360 0.1000000015
6871  28.381  -79.114  -18.550 0.1000000015
6154  27.448  -79.479  -22.664 0.1000000015
110252  28.598  -78.322  -18.395 0.1000000015
123502  29.085  -78.637  -18.625 0.1000000015
113340  28.101  -78.024  -18.343 0.1000000015
7641  28.614  -77.302  -18.208 0.1000000015
5382  24.251  -80.198  -22.413 0.2000000030
5371  24.566  -80.718  -21.504 0.2000000030
5370  25.436  -80.830  -21.384 0.1000000015
6171  27.328  -78.922  -23.727 0.2000000030
6892  29.068  -79.008  -21.113 0.1000000015
6870  29.406  -77.856  -18.447 0.1000000015
7658  29.998  -77.919  -18.888 0.1000000015
6133  29.095  -79.194  -19.897 0.1000000015
5381  25.159  -80.358  -22.297 0.2000000030
5383  23.345  -79.851  -22.486 0.2000000030
127991  28.043  -80.058  -20.681 0.1000000015
6158  23.930  -79.532  -23.396 0.2000000030
121930  26.974  -80.582  -21.044 0.1000000015
5369  26.275  -80.768  -21.187 0.1000000015
5357  27.449  -80.521  -20.399 0.1000000015
6172  26.433  -78.919  -23.991 0.2000000030
6141  27.633  -80.020  -21.548 0.1000000015
3136  4.215  -83.347  -3.164 0.2000000030
2512  3.867  -83.314  -3.143 0.2000000030
3789  4.378  -82.862  -2.537 0.2000000030
3782  3.920  -82.523  -1.939 0.2000000030
16030  6.181  -67.917  -11.118 0.1000000015
17031  4.933  -66.471  -8.794 0.1000000015
17014  3.996  -66.419  -7.386 0.1000000015
23541  18.769  -60.806  7.444 0.1000000015
31112  18.146  -53.150  3.674 0.1000000015
32198  19.092  -52.969  3.790 0.1000000015
5377  14.510  -79.724  -21.127 0.2000000030
6155  26.643  -79.629  -22.872 0.1000000015
1486  24.360  -85.966  -16.934 0.2000000030
6183  28.564  -79.045  -24.912 0.2000000030
5322  14.043  -80.138  -17.208 0.1000000015
119157  14.926  -80.112  -17.668 0.1000000015
5333  14.786  -80.390  -18.391 0.1000000015
5350  15.997  -80.543  -19.419 0.1000000015
7633  10.794  -78.037  -18.074 0.1000000015
6088  14.876  -79.310  -16.518 0.1000000015
6103  15.283  -79.622  -17.331 0.1000000015
6089  14.527  -79.755  -16.880 0.1000000015
5321  15.966  -80.242  -17.970 0.1000000015
114665  15.723  -80.516  -18.569 0.1000000015
5351  15.044  -80.479  -19.284 0.1000000015
118381  16.727  -80.511  -19.551 0.1000000015
5364  15.280  -80.222  -20.257 0.1000000015
5365  14.115  -80.097  -20.119 0.1000000015
8474  11.752  -76.778  -18.033 0.1000000015
15919  7.419  -68.689  -1.649 0.1000000015
121870  6.176  -67.586  -1.802 0.1000000015
16938  5.533  -68.372  -1.839 0.1000000015
15926  4.839  -69.143  -1.976 0.1000000015
16937  7.050  -67.828  -1.566 0.1000000015
17947  4.778  -66.358  -2.726 0.1000000015
125583  5.978  -66.997  -1.977 0.1000000015
17940  5.290  -67.257  -2.132 0.1000000015
110463  5.706  -66.382  -2.084 0.1000000015
18901  5.153  -65.588  -2.650 0.1000000015
17939  6.558  -66.934  -1.603 0.1000000015
18891  6.399  -66.073  -1.416 0.1000000015
115962  6.227  -65.362  -0.952 0.1000000015
19908  5.209  -64.752  -2.453 0.1000000015
19918  4.182  -64.756  -3.614 0.1000000015
19897  4.980  -63.826  -2.356 0.1000000015
20874  4.319  -63.338  -3.003 0.1000000015
34446  7.625  -50.765  1.643 0.1000000015
6152  30.827  -79.589  -22.951 0.1000000015
35460  9.758  -49.297  2.095 0.1000000015
35474  8.740  -49.849  1.640 0.1000000015
34444  8.896  -49.822  0.978 0.1000000015
36477  10.060  -48.588  1.653 0.1000000015
34429  7.941  -50.411  2.125 0.1000000015
112617  14.191  -80.264  -17.844 0.1000000015
117992  30.701  -80.423  -22.193 0.2000000030
18902  4.419  -65.571  -3.272 0.1000000015
20860  5.161  -63.453  -1.359 0.1000000015
18881  5.614  -64.543  -1.325 0.1000000015
5332  16.670  -80.540  -18.663 0.1000000015
18892  5.759  -65.456  -1.846 0.1000000015
4645  30.372  -81.385  -20.877 0.1000000015
5367  30.784  -80.662  -21.302 0.1000000015
4650  30.324  -81.148  -21.879 0.1000000015
5355  31.257  -80.087  -20.750 0.1000000015
150  13.363  -90.623  -5.524 0.1000000015
145  12.451  -90.662  -5.140 0.1000000015
139  12.286  -89.688  -3.296 0.1000000015
120187  11.168  -89.188  -2.012 0.1000000015
109836  8.747  -88.307  -2.569 0.1000000015
3944  29.412  -82.630  -19.978 0.1000000015
5340  30.810  -80.870  -19.495 0.1000000015
336  13.534  -90.669  -6.994 0.1000000015
108671  12.677  -90.293  -4.281 0.1000000015
138  12.886  -89.944  -3.465 0.1000000015
130  11.643  -89.301  -2.242 0.1000000015
566  8.265  -88.197  -3.453 0.1000000015
3936  29.359  -82.556  -19.130 0.1000000015
3937  28.914  -83.177  -19.532 0.1000000015
4640  29.871  -82.027  -19.530 0.1000000015
4632  30.335  -81.434  -19.100 0.1000000015
142  9.273  -89.090  -1.699 0.1000000015
324  9.415  -88.712  -2.015 0.1000000015
325  8.893  -88.775  -1.950 0.1000000015
4633  29.772  -81.917  -18.728 0.1000000015
319  7.354  -88.992  -2.240 0.1000000015
892  4.819  -86.995  -2.527 0.1000000015
1354  4.553  -86.141  -3.330 0.1000000015
2501  4.056  -84.830  -3.082 0.1000000015
1903  3.904  -85.287  -1.699 0.1000000015
2502  3.790  -84.102  -2.680 0.1000000015
2491  3.648  -84.314  -1.253 0.1000000015
3126  3.661  -83.313  -1.988 0.1000000015
3790  3.865  -82.859  -2.716 0.1000000015
112355  3.447  -83.679  -0.815 0.1000000015
108453  3.666  -82.691  -1.820 0.1000000015
3781  4.601  -82.451  -1.712 0.1000000015
3117  3.256  -82.876  -0.907 0.1000000015
4469  4.005  -82.036  -0.922 0.1000000015
3776  3.440  -82.140  -1.022 0.1000000015
4461  3.410  -81.263  -0.478 0.1000000015
3928  28.116  -83.256  -18.373 0.1000000015
3265  27.331  -83.465  -17.919 0.1000000015
3257  26.003  -83.288  -16.537 0.1000000015
2054  24.737  -85.495  -17.006 0.1000000015
3266  26.498  -83.738  -17.561 0.1000000015
2640  24.972  -84.662  -16.793 0.1000000015
112059  23.655  -86.293  -15.690 0.1000000015
2055  24.064  -85.897  -16.346 0.1000000015
123993  10.672  -67.729  8.169 0.1000000015
15833  10.603  -68.415  8.066 0.1000000015
347  11.174  -90.644  -8.732 0.6000000238
621  20.315  -88.491  -14.759 0.4000000060
641  17.317  -87.374  -19.343 0.8000000119
916  6.226  -86.925  -5.776 0.6999999881
979  16.437  -87.263  -15.241 0.8999999762
988  16.203  -87.692  -17.096 0.8999999762
997  17.175  -87.336  -19.088 0.8000000119
1413  11.247  -87.462  -9.072 0.8999999762
1442  7.973  -85.823  -12.562 1.0000000000
1456  23.026  -87.030  -13.831 0.2000000030
1464  8.261  -87.093  -14.974 1.0000000000
1465  7.785  -86.563  -14.849 1.0000000000
1491  12.160  -87.010  -17.651 1.0000000000
1498  12.126  -87.033  -18.302 1.0000000000
1506  11.464  -87.155  -18.991 1.0000000000
1978  8.456  -85.752  -6.932 1.0000000000
2006  16.046  -85.028  -10.830 1.0000000000
2007  15.448  -85.210  -10.660 1.0000000000
2023  10.290  -85.321  -11.989 1.0000000000
2058  13.459  -85.989  -16.419 1.0000000000
2104  11.424  -86.234  -20.789 1.0000000000
2105  11.150  -86.114  -20.378 1.0000000000
2109  11.229  -85.598  -21.171 1.0000000000
2562  9.210  -84.584  -6.794 1.0000000000
2572  16.364  -84.415  -10.296 1.0000000000
2588  9.465  -84.735  -11.127 1.0000000000
2589  8.271  -84.817  -11.810 1.0000000000
2603  6.730  -84.316  -11.872 1.0000000000
2635  11.072  -84.916  -15.539 0.6000000238
2656  8.863  -85.218  -18.232 0.8000000119
2658  7.900  -84.606  -18.311 0.8000000119
2678  12.960  -86.027  -20.440 1.0000000000
2690  12.999  -85.524  -21.230 1.0000000000
2700  11.323  -85.091  -21.818 1.0000000000
3174  14.644  -83.616  -7.324 1.0000000000
3194  11.373  -83.160  -9.921 1.0000000000
3219  13.929  -83.872  -12.325 1.0000000000
3229  15.708  -83.401  -13.620 1.0000000000
3232  6.357  -84.070  -12.793 1.0000000000
3238  12.924  -83.108  -14.817 0.2000000030
3240  11.330  -83.592  -14.348 0.2000000030
3250  16.101  -83.788  -15.259 1.0000000000
3252  12.382  -84.071  -15.777 0.3000000119
3258  20.721  -83.387  -17.038 1.0000000000
3295  14.561  -84.145  -21.037 1.0000000000
3307  15.067  -83.465  -21.437 1.0000000000
3793  14.539  -82.701  -3.711 1.0000000000
3850  14.849  -82.631  -11.460 1.0000000000
3876  20.226  -81.745  -14.284 1.0000000000
3881  13.120  -82.273  -13.897 0.1000000015
3883  11.512  -82.373  -13.722 0.2000000030
3900  20.406  -82.114  -15.210 1.0000000000
3907  7.178  -82.662  -15.476 0.8999999762
3915  12.832  -83.166  -16.986 0.1000000015
3917  7.576  -83.029  -17.617 0.8999999762
3933  8.907  -82.640  -19.247 0.6999999881
3943  8.878  -81.941  -19.304 0.4000000060
3945  28.896  -83.184  -20.406 0.1000000015
3970  11.236  -82.527  -22.923 1.0000000000
3981  12.602  -81.796  -23.654 0.8999999762
3991  20.006  -82.649  -25.027 0.8999999762
4455  12.030  -81.183  0.584 1.0000000000
4479  14.227  -82.061  -3.552 1.0000000000
4502  15.844  -81.229  -4.905 1.0000000000
4580  19.193  -80.768  -12.755 1.0000000000
4583  14.002  -81.088  -13.069 0.1000000015
4598  12.783  -81.750  -13.427 0.1000000015
4606  19.214  -81.394  -14.376 1.0000000000
4611  9.897  -81.689  -14.511 0.2000000030
4616  20.211  -81.758  -14.823 1.0000000000
4617  19.656  -81.607  -14.933 1.0000000000
4625  13.401  -81.512  -16.550 0.1000000015
4673  13.902  -81.393  -23.940 1.0000000000
4674  13.186  -81.075  -23.862 0.8999999762
4684  19.271  -81.707  -24.931 0.8999999762
4690  21.032  -81.373  -25.497 0.8999999762
5151  12.506  -80.680  1.460 1.0000000000
5193  7.019  -79.616  -4.549 1.0000000000
5198  15.905  -79.769  -5.114 1.0000000000
5220  16.856  -80.245  -6.073 1.0000000000
5227  17.940  -79.727  -7.661 1.0000000000
5232  18.414  -79.987  -8.410 1.0000000000
5247  16.888  -79.609  -9.719 1.0000000000
5269  18.701  -80.124  -11.357 1.0000000000
5273  4.973  -80.970  -10.883 1.0000000000
5308  9.613  -80.888  -15.704 0.2000000030
5341  28.019  -80.204  -19.656 0.1000000015
5354  8.939  -81.081  -19.291 0.4000000060
5368  26.845  -80.238  -21.928 0.1000000015
5384  12.161  -80.124  -22.753 0.8999999762
5389  17.585  -80.575  -23.991 0.8999999762
5398  19.076  -80.749  -24.897 0.8999999762
5400  17.990  -80.161  -24.139 0.8000000119
5401  28.083  -79.355  -25.188 0.3000000119
5412  23.701  -79.549  -25.951 0.6999999881
5929  9.044  -79.855  -2.911 1.0000000000
5957  15.600  -79.221  -5.531 1.0000000000
5996  18.326  -79.534  -8.897 1.0000000000
6012  18.343  -79.523  -9.401 1.0000000000
6037  4.518  -80.019  -10.915 1.0000000000
6049  13.757  -79.778  -12.369 0.1000000015
6056  4.402  -80.154  -11.559 1.0000000000
6118  8.342  -79.270  -18.480 0.5000000000
6129  9.282  -79.325  -19.235 0.2000000030
6137  18.502  -79.844  -20.680 0.1000000015
6161  19.541  -78.613  -22.638 0.3000000119
6164  16.169  -77.860  -22.634 0.4000000060
6176  22.059  -78.786  -23.642 0.3000000119
6181  13.915  -78.969  -23.471 0.6999999881
6188  17.562  -79.433  -24.016 0.8000000119
6189  27.536  -79.005  -25.253 0.5000000000
6196  24.322  -79.238  -26.088 0.6000000238
6718  16.045  -79.011  -6.154 1.0000000000
6752  16.583  -79.055  -6.695 1.0000000000
6785  4.410  -78.980  -10.408 1.0000000000
6794  9.494  -78.353  -12.089 1.0000000000
6809  9.242  -78.702  -12.624 1.0000000000
6811  7.404  -78.606  -12.904 1.0000000000
6830  16.865  -78.843  -13.844 0.1000000015
6834  6.272  -78.429  -14.557 0.8999999762
6880  9.672  -78.614  -19.391 0.2000000030
6904  16.392  -77.474  -23.053 0.4000000060
6907  13.971  -78.452  -22.910 0.6000000238
6918  16.549  -78.109  -23.479 0.6999999881
6919  15.583  -78.325  -23.591 0.6000000238
6925  24.835  -78.234  -25.176 0.6000000238
6926  23.976  -78.206  -25.120 0.6000000238
6927  23.107  -78.199  -25.059 0.6000000238
6932  17.963  -78.777  -23.664 0.6999999881
6933  26.872  -78.830  -25.299 0.6000000238
6934  26.071  -78.608  -25.503 0.6000000238
6935  25.204  -78.512  -25.624 0.4000000060
6941  24.595  -78.722  -25.897 0.6999999881
6942  23.993  -78.742  -25.837 0.6000000238
6943  23.417  -78.811  -25.706 0.6999999881
7509  15.993  -77.455  -2.491 1.0000000000
7549  6.051  -77.999  -5.501 1.0000000000
7551  6.010  -77.647  -6.042 1.0000000000
7571  3.980  -78.415  -9.985 1.0000000000
7576  6.001  -77.935  -11.366 1.0000000000
7598  8.563  -77.682  -13.272 1.0000000000
7669  9.836  -77.677  -19.666 0.3000000119
7682  16.580  -77.649  -23.165 0.4000000060
7687  15.300  -77.639  -23.086 0.4000000060
8240  14.688  -76.571  2.792 1.0000000000
8342  6.978  -77.292  -5.105 1.0000000000
8362  2.864  -76.123  -7.719 1.0000000000
9030  11.334  -75.976  5.793 0.8999999762
9054  15.215  -75.137  4.072 1.0000000000
9129  16.770  -75.753  -2.722 1.0000000000
9140  4.821  -75.147  -3.803 1.0000000000
9152  15.936  -75.441  -4.882 1.0000000000
9156  4.704  -75.298  -4.484 1.0000000000
9174  4.756  -75.419  -5.224 1.0000000000
9182  15.097  -74.489  -6.261 1.0000000000
9183  14.260  -74.744  -6.623 1.0000000000
9196  2.820  -75.976  -6.957 1.0000000000
9211  2.735  -76.138  -8.933 1.0000000000
9242  8.819  -75.810  -12.609 1.0000000000
9274  7.142  -75.077  -14.666 0.6000000238
9334  9.096  -75.838  -18.036 0.2000000030
9347  11.496  -75.548  -19.874 0.1000000015
9349  9.868  -75.963  -19.868 0.2000000030
9944  16.409  -74.078  5.103 1.0000000000
9962  15.849  -74.650  4.637 1.0000000000
10054  3.416  -73.876  -2.113 1.0000000000
10089  3.412  -74.723  -5.434 1.0000000000
10099  15.240  -73.815  -6.168 1.0000000000
10103  6.206  -74.548  -5.851 1.0000000000
10123  2.602  -74.953  -8.000 1.0000000000
10139  7.511  -74.026  -10.748 1.0000000000
10153  8.789  -74.422  -11.647 1.0000000000
10197  4.606  -74.028  -14.510 0.6000000238
10225  9.455  -74.732  -18.918 0.1000000015
10979  7.137  -73.018  -1.274 1.0000000000
10981  5.218  -72.541  -0.941 1.0000000000
10983  3.201  -72.390  -1.119 1.0000000000
10998  3.456  -73.197  -1.632 1.0000000000
11033  3.420  -73.600  -2.832 1.0000000000
11038  15.702  -73.693  -4.794 1.0000000000
11039  15.072  -73.297  -5.169 1.0000000000
11051  4.077  -73.347  -4.798 1.0000000000
11093  9.702  -73.184  -9.993 1.0000000000
11095  7.740  -73.168  -9.422 1.0000000000
11181  8.276  -72.343  -18.626 0.1000000015
11184  10.186  -73.841  -19.920 0.1000000015
11929  3.839  -72.062  0.093 1.0000000000
11930  3.007  -71.926  0.095 1.0000000000
11962  2.778  -72.184  -1.197 1.0000000000
12023  11.525  -72.304  -6.800 1.0000000000
12038  9.598  -72.473  -7.363 1.0000000000
12041  4.234  -72.512  -6.922 1.0000000000
12055  8.499  -72.691  -8.470 1.0000000000
12070  8.598  -72.801  -9.270 1.0000000000
12103  3.751  -72.320  -11.878 0.8999999762
12130  4.152  -72.024  -13.793 0.5000000000
12140  4.501  -71.988  -14.479 0.4000000060
12154  5.918  -71.595  -16.394 0.1000000015
12941  2.803  -71.287  0.087 1.0000000000
12963  2.590  -71.855  -0.510 1.0000000000
12981  2.427  -71.810  -1.321 0.8999999762
13006  4.122  -71.201  -4.907 0.8999999762
13023  4.955  -70.973  -8.329 0.8999999762
13121  5.709  -70.703  -15.329 0.3000000119
13133  5.517  -71.674  -15.719 0.2000000030
13154  8.543  -71.508  -18.792 0.1000000015
13173  9.815  -71.765  -19.960 0.1000000015
13908  18.617  -69.512  1.866 1.0000000000
14078  6.721  -70.452  -13.791 0.2000000030
14095  6.206  -70.297  -15.086 0.2000000030
14097  5.427  -70.532  -14.543 0.3000000119
14113  7.067  -70.987  -15.651 0.1000000015
14115  6.040  -70.496  -15.424 0.2000000030
14151  10.439  -70.275  -18.996 0.1000000015
14916  7.768  -69.824  0.635 1.0000000000
14968  3.891  -69.173  -7.096 0.5000000000
14981  4.838  -69.626  -7.657 0.6000000238
15000  4.310  -68.291  -9.248 0.5000000000
15072  5.744  -68.929  -12.971 0.3000000119
15086  6.177  -69.348  -13.690 0.2000000030
15088  5.407  -69.576  -13.359 0.3000000119
15884  18.565  -68.840  2.428 1.0000000000
16017  4.563  -67.502  -9.939 0.2000000030
16047  5.303  -68.329  -11.459 0.2000000030
16071  6.050  -68.904  -13.164 0.2000000030
16970  4.131  -66.977  -5.769 0.1000000015
16995  3.916  -66.521  -6.468 0.1000000015
17044  4.728  -66.884  -9.449 0.1000000015
17918  17.256  -66.776  0.756 1.0000000000
17948  3.925  -66.277  -3.206 0.2000000030
17958  2.794  -66.146  -2.935 0.4000000060
17997  4.429  -66.181  -7.071 0.1000000015
18861  16.446  -65.637  0.756 1.0000000000
18882  3.038  -65.867  0.054 0.8000000119
19851  5.058  -64.936  3.114 0.8000000119
19876  2.608  -64.386  0.394 0.6000000238
19898  2.483  -64.533  -2.309 0.6999999881
19909  4.600  -64.186  -3.175 0.1000000015
19919  3.413  -64.688  -3.551 0.2000000030
20861  4.591  -62.974  -2.220 0.2000000030
20876  3.069  -62.921  -2.569 0.3000000119
21718  7.725  -62.539  5.167 1.0000000000
21720  6.017  -62.095  5.367 0.8999999762
21808  3.797  -62.057  -2.132 0.2000000030
22698  3.356  -61.024  -0.820 0.2000000030
22712  3.621  -61.515  -1.510 0.2000000030
23592  2.062  -59.896  4.159 0.5000000000
24575  5.195  -59.651  5.013 0.8999999762
24576  3.049  -59.532  4.969 0.6000000238
25645  2.721  -58.066  4.618 0.6000000238
27766  13.138  -56.280  2.655 1.0000000000
27770  9.052  -56.965  1.951 1.0000000000
27774  2.898  -56.705  2.806 0.1000000015
28860  3.767  -54.856  4.069 0.5000000000
28879  9.492  -55.554  1.313 1.0000000000
29988  4.726  -53.893  3.596 0.5000000000
30004  3.675  -54.493  3.310 0.3000000119
30014  4.728  -53.621  1.583 0.1000000015
30016  3.764  -54.529  2.604 0.3000000119
30026  5.197  -54.031  0.791 0.1000000015
31117  5.491  -52.640  3.189 0.6000000238
31119  3.975  -54.085  3.528 0.5000000000
31143  4.965  -52.898  1.855 0.1000000015
32224  5.678  -52.055  2.819 0.4000000060
32245  6.345  -51.970  1.559 0.1000000015
33325  6.475  -51.531  2.768 0.3000000119
34415  6.990  -51.049  2.610 0.3000000119
34430  7.275  -50.886  2.221 0.1000000015
105793  3.797  -73.796  -13.546 0.8000000119
107783  4.022  -74.500  -3.873 1.0000000000
107907  13.275  -85.091  -7.171 1.0000000000
108187  20.421  -82.490  -15.803 1.0000000000
108233  7.307  -73.568  -1.834 1.0000000000
108875  9.281  -81.565  -18.775 0.2000000030
108913  8.189  -86.752  -13.901 1.0000000000
109056  7.640  -82.061  -17.745 0.6999999881
109255  25.090  -80.218  -25.908 0.6999999881
109288  28.402  -79.504  -21.449 0.1000000015
110081  9.530  -75.227  -11.379 1.0000000000
110409  4.553  -67.900  -5.162 0.1000000015
110557  9.588  -85.758  -12.368 1.0000000000
110561  18.461  -88.823  -17.038 0.5000000000
111002  9.727  -54.857  1.336 0.8999999762
112245  2.388  -69.161  -0.744 0.8000000119
112478  12.937  -81.952  -9.362 1.0000000000
112735  4.248  -68.857  -8.411 0.4000000060
112977  13.010  -77.800  -2.954 1.0000000000
113390  4.284  -62.322  -2.080 0.2000000030
113458  9.118  -79.346  -19.261 0.2000000030
113964  5.761  -72.091  -0.084 1.0000000000
113984  7.687  -53.775  2.150 0.8000000119
114652  4.758  -64.959  -3.112 0.1000000015
114679  20.021  -78.522  -24.213 0.5000000000
116892  28.772  -82.972  -18.764 0.1000000015
117157  4.198  -72.890  -1.285 1.0000000000
117225  17.519  -88.825  -17.621 0.6999999881
118404  6.258  -57.467  3.424 1.0000000000
118573  4.166  -71.184  -12.448 0.8000000119
118919  8.148  -83.359  -18.912 0.6999999881
119176  11.572  -84.024  -11.121 1.0000000000
119681  4.432  -71.607  0.073 1.0000000000
119721  13.453  -78.697  -5.697 1.0000000000
120174  13.853  -79.100  -21.840 0.4000000060
120341  8.243  -76.030  -15.656 0.3000000119
120546  4.871  -73.720  -14.853 0.6999999881
120594  17.038  -78.895  -7.827 1.0000000000
120889  8.317  -86.826  -16.728 1.0000000000
121203  7.593  -88.167  -5.371 0.6000000238
121210  10.707  -72.481  -8.433 1.0000000000
121316  9.705  -78.290  -19.524 0.2000000030
121343  16.057  -78.172  0.208 1.0000000000
122076  15.737  -82.212  -6.007 1.0000000000
122148  8.744  -79.161  -18.994 0.6000000238
122171  30.538  -78.857  -23.767 0.2000000030
122439  9.549  -80.809  -18.151 0.2000000030
122557  15.420  -70.629  -1.208 1.0000000000
122643  13.492  -49.800  1.849 0.1000000015
122965  8.209  -86.306  -13.194 1.0000000000
123031  8.590  -58.950  3.813 1.0000000000
123129  5.026  -70.560  -6.362 0.8999999762
123203  18.937  -79.972  -10.863 1.0000000000
123613  9.054  -76.545  -12.810 1.0000000000
123849  10.456  -56.543  1.948 1.0000000000
123935  3.469  -77.671  -11.492 1.0000000000
123972  16.634  -77.194  -1.268 1.0000000000
124027  6.035  -70.802  0.050 1.0000000000
124280  8.231  -55.931  1.592 0.8999999762
124298  10.379  -75.312  -20.061 0.1000000015
124561  14.266  -85.283  -18.794 1.0000000000
124659  27.053  -79.179  -25.535 0.6000000238
124740  5.067  -55.823  -0.260 0.1000000015
124861  3.616  -76.396  -7.708 1.0000000000
125083  12.403  -76.471  -4.424 1.0000000000
125210  3.908  -71.756  -12.193 0.8000000119
125214  18.171  -80.304  -7.858 1.0000000000
125411  9.477  -82.153  -17.332 0.3000000119
125657  10.606  -73.043  -9.354 1.0000000000
125726  8.392  -75.361  -12.423 1.0000000000
125743  15.418  -80.336  -18.133 0.1000000015
125935  19.543  -78.659  -24.125 0.6999999881
126065  5.306  -76.481  -1.079 0.3000000119
126071  25.883  -83.418  -22.377 0.5000000000
126178  5.879  -56.947  3.278 0.8999999762
126373  15.292  -82.609  -5.527 1.0000000000
126452  29.531  -78.307  -18.736 0.1000000015
126457  7.048  -74.474  -14.900 0.4000000060
127081  21.052  -78.351  -24.738 0.6999999881
127289  9.576  -75.982  -5.432 1.0000000000
127370  16.266  -74.091  -2.811 1.0000000000
127579  3.280  -69.501  -5.767 0.6000000238
127626  3.367  -68.595  -6.707 0.5000000000
128224  19.900  -81.557  -25.410 0.8999999762
