
Sun Mar 15 09:32:27 CET 2026
cd /out/sourcedata/freesurfer/sub-v2s10x28953_ses-1
setenv SUBJECTS_DIR /out/sourcedata/freesurfer
/opt/freesurfer/bin/recon-all -autorecon-hemi rh -noparcstats -noparcstats2 -noparcstats3 -nohyporelabel -nobalabels -rh-only -openmp 16 -subjid sub-v2s10x28953_ses-1 -sd /out/sourcedata/freesurfer

subjid sub-v2s10x28953_ses-1
setenv SUBJECTS_DIR /out/sourcedata/freesurfer
FREESURFER_HOME /opt/freesurfer
Actual FREESURFER_HOME /opt/freesurfer
build-stamp.txt: freesurfer-linux-ubuntu22_x86_64-7.3.2-20220804-6354275
Linux dna079 5.14.0-427.37.1.el9_4.x86_64 #1 SMP PREEMPT_DYNAMIC Fri Sep 13 12:41:50 EDT 2024 x86_64 x86_64 x86_64 GNU/Linux
cputime      unlimited
filesize     unlimited
datasize     unlimited
stacksize    8192 kbytes
coredumpsize 0 kbytes
memoryuse    67108864 kbytes
vmemoryuse   unlimited
descriptors  1024 
memorylocked unlimited
maxproc      2061970 
maxlocks     unlimited
maxsignal    2062029 
maxmessage   819200 
maxnice      0 
maxrtprio    0 
maxrttime    unlimited

               total        used        free      shared  buff/cache   available
Mem:           503Gi        53Gi       138Gi       9.3Gi       311Gi       436Gi
Swap:             0B          0B          0B

########################################
program versions used
7.3.2 (freesurfer-linux-ubuntu22_x86_64-7.3.2-20220804-6354275)
7.3.2

ProgramName: lta_convert  ProgramArguments: lta_convert -all-info  ProgramVersion: 7.3.2  TimeStamp: 2026/03/15-08:32:27-GMT  BuildTime: Aug  4 2022 06:17:15  BuildStamp: freesurfer-linux-ubuntu22_x86_64-7.3.2-20220804-6354275  User: oesteban  Machine: dna079  Platform: Linux  PlatformVersion: 5.14.0-427.37.1.el9_4.x86_64  CompilerName: GCC  CompilerVersion: 8.4.0
ProgramName: mri_and  ProgramArguments: mri_and -all-info  ProgramVersion: 7.3.2  TimeStamp: 2026/03/15-08:32:27-GMT  BuildTime: Aug  4 2022 06:17:15  BuildStamp: freesurfer-linux-ubuntu22_x86_64-7.3.2-20220804-6354275  User: oesteban  Machine: dna079  Platform: Linux  PlatformVersion: 5.14.0-427.37.1.el9_4.x86_64  CompilerName: GCC  CompilerVersion: 8.4.0
ProgramName: mri_annotation2label  ProgramArguments: mri_annotation2label -all-info  ProgramVersion: 7.3.2  TimeStamp: 2026/03/15-08:32:27-GMT  BuildTime: Aug  4 2022 06:17:15  BuildStamp: freesurfer-linux-ubuntu22_x86_64-7.3.2-20220804-6354275  User: oesteban  Machine: dna079  Platform: Linux  PlatformVersion: 5.14.0-427.37.1.el9_4.x86_64  CompilerName: GCC  CompilerVersion: 8.4.0
ProgramName: mri_aparc2aseg  ProgramArguments: mri_aparc2aseg -all-info  ProgramVersion: 7.3.2  TimeStamp: 2026/03/15-08:32:27-GMT  BuildTime: Aug  4 2022 06:17:15  BuildStamp: freesurfer-linux-ubuntu22_x86_64-7.3.2-20220804-6354275  User: oesteban  Machine: dna079  Platform: Linux  PlatformVersion: 5.14.0-427.37.1.el9_4.x86_64  CompilerName: GCC  CompilerVersion: 8.4.0
ProgramName: mri_surf2volseg  ProgramArguments: mri_surf2volseg -all-info  ProgramVersion: 7.3.2  TimeStamp: 2026/03/15-08:32:27-GMT  BuildTime: Aug  4 2022 06:17:15  BuildStamp: freesurfer-linux-ubuntu22_x86_64-7.3.2-20220804-6354275  User: oesteban  Machine: dna079  Platform: Linux  PlatformVersion: 5.14.0-427.37.1.el9_4.x86_64  CompilerName: GCC  CompilerVersion: 8.4.0
ProgramName: mri_binarize  ProgramArguments: mri_binarize -all-info  ProgramVersion: 7.3.2  TimeStamp: 2026/03/15-08:32:27-GMT  BuildTime: Aug  4 2022 06:17:15  BuildStamp: freesurfer-linux-ubuntu22_x86_64-7.3.2-20220804-6354275  User: oesteban  Machine: dna079  Platform: Linux  PlatformVersion: 5.14.0-427.37.1.el9_4.x86_64  CompilerName: GCC  CompilerVersion: 8.4.0
ProgramName: mri_ca_label  ProgramArguments: mri_ca_label -all-info  ProgramVersion: 7.3.2  TimeStamp: 2026/03/15-08:32:27-GMT  BuildTime: Aug  4 2022 06:17:15  BuildStamp: freesurfer-linux-ubuntu22_x86_64-7.3.2-20220804-6354275  User: oesteban  Machine: dna079  Platform: Linux  PlatformVersion: 5.14.0-427.37.1.el9_4.x86_64  CompilerName: GCC  CompilerVersion: 8.4.0
ProgramName: mri_ca_normalize  ProgramArguments: mri_ca_normalize -all-info  ProgramVersion: 7.3.2  TimeStamp: 2026/03/15-08:32:27-GMT  BuildTime: Aug  4 2022 06:17:15  BuildStamp: freesurfer-linux-ubuntu22_x86_64-7.3.2-20220804-6354275  User: oesteban  Machine: dna079  Platform: Linux  PlatformVersion: 5.14.0-427.37.1.el9_4.x86_64  CompilerName: GCC  CompilerVersion: 8.4.0
ProgramName: mri_ca_register  ProgramArguments: mri_ca_register -all-info  ProgramVersion: 7.3.2  TimeStamp: 2026/03/15-08:32:27-GMT  BuildTime: Aug  4 2022 06:17:15  BuildStamp: freesurfer-linux-ubuntu22_x86_64-7.3.2-20220804-6354275  User: oesteban  Machine: dna079  Platform: Linux  PlatformVersion: 5.14.0-427.37.1.el9_4.x86_64  CompilerName: GCC  CompilerVersion: 8.4.0
ProgramName: mri_cc  ProgramArguments: mri_cc -all-info  ProgramVersion: 7.3.2  TimeStamp: 2026/03/15-08:32:27-GMT  BuildTime: Aug  4 2022 06:17:15  BuildStamp: freesurfer-linux-ubuntu22_x86_64-7.3.2-20220804-6354275  User: oesteban  Machine: dna079  Platform: Linux  PlatformVersion: 5.14.0-427.37.1.el9_4.x86_64  CompilerName: GCC  CompilerVersion: 8.4.0
ProgramName: mri_compute_overlap  ProgramArguments: mri_compute_overlap -all-info  ProgramVersion: 7.3.2  TimeStamp: 2026/03/15-08:32:27-GMT  BuildTime: Aug  4 2022 06:17:15  BuildStamp: freesurfer-linux-ubuntu22_x86_64-7.3.2-20220804-6354275  User: oesteban  Machine: dna079  Platform: Linux  PlatformVersion: 5.14.0-427.37.1.el9_4.x86_64  CompilerName: GCC  CompilerVersion: 8.4.0
ProgramName: mri_compute_seg_overlap  ProgramArguments: mri_compute_seg_overlap -all-info  ProgramVersion: 7.3.2  TimeStamp: 2026/03/15-08:32:27-GMT  BuildTime: Aug  4 2022 06:17:15  BuildStamp: freesurfer-linux-ubuntu22_x86_64-7.3.2-20220804-6354275  User: oesteban  Machine: dna079  Platform: Linux  PlatformVersion: 5.14.0-427.37.1.el9_4.x86_64  CompilerName: GCC  CompilerVersion: 8.4.0
ProgramName: mri_concat  ProgramArguments: mri_concat -all-info  ProgramVersion: 7.3.2  TimeStamp: 2026/03/15-08:32:27-GMT  BuildTime: Aug  4 2022 06:17:15  BuildStamp: freesurfer-linux-ubuntu22_x86_64-7.3.2-20220804-6354275  User: oesteban  Machine: dna079  Platform: Linux  PlatformVersion: 5.14.0-427.37.1.el9_4.x86_64  CompilerName: GCC  CompilerVersion: 8.4.0
ProgramName: mri_concatenate_lta  ProgramArguments: mri_concatenate_lta -all-info  ProgramVersion: 7.3.2  TimeStamp: 2026/03/15-08:32:27-GMT  BuildTime: Aug  4 2022 06:17:15  BuildStamp: freesurfer-linux-ubuntu22_x86_64-7.3.2-20220804-6354275  User: oesteban  Machine: dna079  Platform: Linux  PlatformVersion: 5.14.0-427.37.1.el9_4.x86_64  CompilerName: GCC  CompilerVersion: 8.4.0
mri_convert -all-info 
ProgramName: mri_convert  ProgramArguments: mri_convert -all-info  ProgramVersion: 7.3.2  TimeStamp: 2026/03/15-08:32:27-GMT  BuildTime: Aug  4 2022 06:17:15  BuildStamp: freesurfer-linux-ubuntu22_x86_64-7.3.2-20220804-6354275  User: oesteban  Machine: dna079  Platform: Linux  PlatformVersion: 5.14.0-427.37.1.el9_4.x86_64  CompilerName: GCC  CompilerVersion: 8.4.0
ProgramName: mri_diff  ProgramArguments: mri_diff -all-info  ProgramVersion: 7.3.2  TimeStamp: 2026/03/15-08:32:27-GMT  BuildTime: Aug  4 2022 06:17:15  BuildStamp: freesurfer-linux-ubuntu22_x86_64-7.3.2-20220804-6354275  User: oesteban  Machine: dna079  Platform: Linux  PlatformVersion: 5.14.0-427.37.1.el9_4.x86_64  CompilerName: GCC  CompilerVersion: 8.4.0
ProgramName: mri_edit_wm_with_aseg  ProgramArguments: mri_edit_wm_with_aseg -all-info  ProgramVersion: 7.3.2  TimeStamp: 2026/03/15-08:32:27-GMT  BuildTime: Aug  4 2022 06:17:15  BuildStamp: freesurfer-linux-ubuntu22_x86_64-7.3.2-20220804-6354275  User: oesteban  Machine: dna079  Platform: Linux  PlatformVersion: 5.14.0-427.37.1.el9_4.x86_64  CompilerName: GCC  CompilerVersion: 8.4.0
ProgramName: mri_em_register  ProgramArguments: mri_em_register -all-info  ProgramVersion: 7.3.2  TimeStamp: 2026/03/15-08:32:27-GMT  BuildTime: Aug  4 2022 06:17:15  BuildStamp: freesurfer-linux-ubuntu22_x86_64-7.3.2-20220804-6354275  User: oesteban  Machine: dna079  Platform: Linux  PlatformVersion: 5.14.0-427.37.1.el9_4.x86_64  CompilerName: GCC  CompilerVersion: 8.4.0
ProgramName: mri_fill  ProgramArguments: mri_fill -all-info  ProgramVersion: 7.3.2  TimeStamp: 2026/03/15-08:32:27-GMT  BuildTime: Aug  4 2022 06:17:15  BuildStamp: freesurfer-linux-ubuntu22_x86_64-7.3.2-20220804-6354275  User: oesteban  Machine: dna079  Platform: Linux  PlatformVersion: 5.14.0-427.37.1.el9_4.x86_64  CompilerName: GCC  CompilerVersion: 8.4.0
ProgramName: mri_fuse_segmentations  ProgramArguments: mri_fuse_segmentations -all-info  ProgramVersion: 7.3.2  TimeStamp: 2026/03/15-08:32:27-GMT  BuildTime: Aug  4 2022 06:17:15  BuildStamp: freesurfer-linux-ubuntu22_x86_64-7.3.2-20220804-6354275  User: oesteban  Machine: dna079  Platform: Linux  PlatformVersion: 5.14.0-427.37.1.el9_4.x86_64  CompilerName: GCC  CompilerVersion: 8.4.0
ProgramName: mri_fwhm  ProgramArguments: mri_fwhm -all-info  ProgramVersion: 7.3.2  TimeStamp: 2026/03/15-08:32:27-GMT  BuildTime: Aug  4 2022 06:17:15  BuildStamp: freesurfer-linux-ubuntu22_x86_64-7.3.2-20220804-6354275  User: oesteban  Machine: dna079  Platform: Linux  PlatformVersion: 5.14.0-427.37.1.el9_4.x86_64  CompilerName: GCC  CompilerVersion: 8.4.0
ProgramName: mri_gcut  ProgramArguments: mri_gcut -all-info  ProgramVersion: 7.3.2  TimeStamp: 2026/03/15-08:32:27-GMT  BuildTime: Aug  4 2022 06:17:15  BuildStamp: freesurfer-linux-ubuntu22_x86_64-7.3.2-20220804-6354275  User: oesteban  Machine: dna079  Platform: Linux  PlatformVersion: 5.14.0-427.37.1.el9_4.x86_64  CompilerName: GCC  CompilerVersion: 8.4.0
ProgramName: mri_info  ProgramArguments: mri_info -all-info  ProgramVersion: 7.3.2  TimeStamp: 2026/03/15-08:32:27-GMT  BuildTime: Aug  4 2022 06:17:15  BuildStamp: freesurfer-linux-ubuntu22_x86_64-7.3.2-20220804-6354275  User: oesteban  Machine: dna079  Platform: Linux  PlatformVersion: 5.14.0-427.37.1.el9_4.x86_64  CompilerName: GCC  CompilerVersion: 8.4.0
ProgramName: mri_label2label  ProgramArguments: mri_label2label -all-info  ProgramVersion: 7.3.2  TimeStamp: 2026/03/15-08:32:27-GMT  BuildTime: Aug  4 2022 06:17:15  BuildStamp: freesurfer-linux-ubuntu22_x86_64-7.3.2-20220804-6354275  User: oesteban  Machine: dna079  Platform: Linux  PlatformVersion: 5.14.0-427.37.1.el9_4.x86_64  CompilerName: GCC  CompilerVersion: 8.4.0
ProgramName: mri_label2vol  ProgramArguments: mri_label2vol -all-info  ProgramVersion: 7.3.2  TimeStamp: 2026/03/15-08:32:27-GMT  BuildTime: Aug  4 2022 06:17:15  BuildStamp: freesurfer-linux-ubuntu22_x86_64-7.3.2-20220804-6354275  User: oesteban  Machine: dna079  Platform: Linux  PlatformVersion: 5.14.0-427.37.1.el9_4.x86_64  CompilerName: GCC  CompilerVersion: 8.4.0
ProgramName: mri_log_likelihood  ProgramArguments: mri_log_likelihood -all-info  ProgramVersion: 7.3.2  TimeStamp: 2026/03/15-08:32:27-GMT  BuildTime: Aug  4 2022 06:17:15  BuildStamp: freesurfer-linux-ubuntu22_x86_64-7.3.2-20220804-6354275  User: oesteban  Machine: dna079  Platform: Linux  PlatformVersion: 5.14.0-427.37.1.el9_4.x86_64  CompilerName: GCC  CompilerVersion: 8.4.0
ProgramName: mri_mask  ProgramArguments: mri_mask -all-info  ProgramVersion: 7.3.2  TimeStamp: 2026/03/15-08:32:27-GMT  BuildTime: Aug  4 2022 06:17:15  BuildStamp: freesurfer-linux-ubuntu22_x86_64-7.3.2-20220804-6354275  User: oesteban  Machine: dna079  Platform: Linux  PlatformVersion: 5.14.0-427.37.1.el9_4.x86_64  CompilerName: GCC  CompilerVersion: 8.4.0
ProgramName: mri_matrix_multiply  ProgramArguments: mri_matrix_multiply -all-info  ProgramVersion: 7.3.2  TimeStamp: 2026/03/15-08:32:27-GMT  BuildTime: Aug  4 2022 06:17:15  BuildStamp: freesurfer-linux-ubuntu22_x86_64-7.3.2-20220804-6354275  User: oesteban  Machine: dna079  Platform: Linux  PlatformVersion: 5.14.0-427.37.1.el9_4.x86_64  CompilerName: GCC  CompilerVersion: 8.4.0
ProgramName: mri_normalize  ProgramArguments: mri_normalize -all-info  ProgramVersion: 7.3.2  TimeStamp: 2026/03/15-08:32:27-GMT  BuildTime: Aug  4 2022 06:17:15  BuildStamp: freesurfer-linux-ubuntu22_x86_64-7.3.2-20220804-6354275  User: oesteban  Machine: dna079  Platform: Linux  PlatformVersion: 5.14.0-427.37.1.el9_4.x86_64  CompilerName: GCC  CompilerVersion: 8.4.0
ProgramName: mri_normalize_tp2  ProgramArguments: mri_normalize_tp2 -all-info  ProgramVersion: 7.3.2  TimeStamp: 2026/03/15-08:32:27-GMT  BuildTime: Aug  4 2022 06:17:15  BuildStamp: freesurfer-linux-ubuntu22_x86_64-7.3.2-20220804-6354275  User: oesteban  Machine: dna079  Platform: Linux  PlatformVersion: 5.14.0-427.37.1.el9_4.x86_64  CompilerName: GCC  CompilerVersion: 8.4.0
ProgramName: mri_or  ProgramArguments: mri_or -all-info  ProgramVersion: 7.3.2  TimeStamp: 2026/03/15-08:32:27-GMT  BuildTime: Aug  4 2022 06:17:15  BuildStamp: freesurfer-linux-ubuntu22_x86_64-7.3.2-20220804-6354275  User: oesteban  Machine: dna079  Platform: Linux  PlatformVersion: 5.14.0-427.37.1.el9_4.x86_64  CompilerName: GCC  CompilerVersion: 8.4.0
ProgramName: mri_relabel_hypointensities  ProgramArguments: mri_relabel_hypointensities -all-info  ProgramVersion: 7.3.2  TimeStamp: 2026/03/15-08:32:27-GMT  BuildTime: Aug  4 2022 06:17:15  BuildStamp: freesurfer-linux-ubuntu22_x86_64-7.3.2-20220804-6354275  User: oesteban  Machine: dna079  Platform: Linux  PlatformVersion: 5.14.0-427.37.1.el9_4.x86_64  CompilerName: GCC  CompilerVersion: 8.4.0
ProgramName: mri_relabel_nonwm_hypos  ProgramArguments: mri_relabel_nonwm_hypos -all-info  ProgramVersion: 7.3.2  TimeStamp: 2026/03/15-08:32:27-GMT  BuildTime: Aug  4 2022 06:17:15  BuildStamp: freesurfer-linux-ubuntu22_x86_64-7.3.2-20220804-6354275  User: oesteban  Machine: dna079  Platform: Linux  PlatformVersion: 5.14.0-427.37.1.el9_4.x86_64  CompilerName: GCC  CompilerVersion: 8.4.0
ProgramName: mri_remove_neck  ProgramArguments: mri_remove_neck -all-info  ProgramVersion: 7.3.2  TimeStamp: 2026/03/15-08:32:27-GMT  BuildTime: Aug  4 2022 06:17:15  BuildStamp: freesurfer-linux-ubuntu22_x86_64-7.3.2-20220804-6354275  User: oesteban  Machine: dna079  Platform: Linux  PlatformVersion: 5.14.0-427.37.1.el9_4.x86_64  CompilerName: GCC  CompilerVersion: 8.4.0
7.3.2

ProgramName: mri_robust_register  ProgramArguments: mri_robust_register -all-info  ProgramVersion: 7.3.2  TimeStamp: 2026/03/15-08:32:27-GMT  BuildTime: Aug  4 2022 06:17:15  BuildStamp: freesurfer-linux-ubuntu22_x86_64-7.3.2-20220804-6354275  User: oesteban  Machine: dna079  Platform: Linux  PlatformVersion: 5.14.0-427.37.1.el9_4.x86_64  CompilerName: GCC  CompilerVersion: 8.4.0
7.3.2

ProgramName: mri_robust_template  ProgramArguments: mri_robust_template -all-info  ProgramVersion: 7.3.2  TimeStamp: 2026/03/15-08:32:27-GMT  BuildTime: Aug  4 2022 06:17:15  BuildStamp: freesurfer-linux-ubuntu22_x86_64-7.3.2-20220804-6354275  User: oesteban  Machine: dna079  Platform: Linux  PlatformVersion: 5.14.0-427.37.1.el9_4.x86_64  CompilerName: GCC  CompilerVersion: 8.4.0
ProgramName: mris_anatomical_stats  ProgramArguments: mris_anatomical_stats -all-info  ProgramVersion: 7.3.2  TimeStamp: 2026/03/15-08:32:27-GMT  BuildTime: Aug  4 2022 06:17:15  BuildStamp: freesurfer-linux-ubuntu22_x86_64-7.3.2-20220804-6354275  User: oesteban  Machine: dna079  Platform: Linux  PlatformVersion: 5.14.0-427.37.1.el9_4.x86_64  CompilerName: GCC  CompilerVersion: 8.4.0
ProgramName: mris_ca_label  ProgramArguments: mris_ca_label -all-info  ProgramVersion: 7.3.2  TimeStamp: 2026/03/15-08:32:27-GMT  BuildTime: Aug  4 2022 06:17:15  BuildStamp: freesurfer-linux-ubuntu22_x86_64-7.3.2-20220804-6354275  User: oesteban  Machine: dna079  Platform: Linux  PlatformVersion: 5.14.0-427.37.1.el9_4.x86_64  CompilerName: GCC  CompilerVersion: 8.4.0
ProgramName: mris_calc  ProgramArguments: mris_calc -all-info  ProgramVersion: 7.3.2  TimeStamp: 2026/03/15-08:32:27-GMT  BuildTime: Aug  4 2022 06:17:15  BuildStamp: freesurfer-linux-ubuntu22_x86_64-7.3.2-20220804-6354275  User: oesteban  Machine: dna079  Platform: Linux  PlatformVersion: 5.14.0-427.37.1.el9_4.x86_64  CompilerName: GCC  CompilerVersion: 8.4.0
ProgramName: mris_convert  ProgramArguments: mris_convert -all-info  ProgramVersion: 7.3.2  TimeStamp: 2026/03/15-08:32:27-GMT  BuildTime: Aug  4 2022 06:17:15  BuildStamp: freesurfer-linux-ubuntu22_x86_64-7.3.2-20220804-6354275  User: oesteban  Machine: dna079  Platform: Linux  PlatformVersion: 5.14.0-427.37.1.el9_4.x86_64  CompilerName: GCC  CompilerVersion: 8.4.0
ProgramName: mris_curvature  ProgramArguments: mris_curvature -all-info  ProgramVersion: 7.3.2  TimeStamp: 2026/03/15-08:32:27-GMT  BuildTime: Aug  4 2022 06:17:15  BuildStamp: freesurfer-linux-ubuntu22_x86_64-7.3.2-20220804-6354275  User: oesteban  Machine: dna079  Platform: Linux  PlatformVersion: 5.14.0-427.37.1.el9_4.x86_64  CompilerName: GCC  CompilerVersion: 8.4.0
ProgramName: mris_curvature_stats  ProgramArguments: mris_curvature_stats -all-info  ProgramVersion: 7.3.2  TimeStamp: 2026/03/15-08:32:27-GMT  BuildTime: Aug  4 2022 06:17:15  BuildStamp: freesurfer-linux-ubuntu22_x86_64-7.3.2-20220804-6354275  User: oesteban  Machine: dna079  Platform: Linux  PlatformVersion: 5.14.0-427.37.1.el9_4.x86_64  CompilerName: GCC  CompilerVersion: 8.4.0
ProgramName: mris_diff  ProgramArguments: mris_diff -all-info  ProgramVersion: 7.3.2  TimeStamp: 2026/03/15-08:32:27-GMT  BuildTime: Aug  4 2022 06:17:15  BuildStamp: freesurfer-linux-ubuntu22_x86_64-7.3.2-20220804-6354275  User: oesteban  Machine: dna079  Platform: Linux  PlatformVersion: 5.14.0-427.37.1.el9_4.x86_64  CompilerName: GCC  CompilerVersion: 8.4.0
ProgramName: mris_divide_parcellation  ProgramArguments: mris_divide_parcellation -all-info  ProgramVersion: 7.3.2  TimeStamp: 2026/03/15-08:32:27-GMT  BuildTime: Aug  4 2022 06:17:15  BuildStamp: freesurfer-linux-ubuntu22_x86_64-7.3.2-20220804-6354275  User: oesteban  Machine: dna079  Platform: Linux  PlatformVersion: 5.14.0-427.37.1.el9_4.x86_64  CompilerName: GCC  CompilerVersion: 8.4.0
ProgramName: mri_segment  ProgramArguments: mri_segment -all-info  ProgramVersion: 7.3.2  TimeStamp: 2026/03/15-08:32:27-GMT  BuildTime: Aug  4 2022 06:17:15  BuildStamp: freesurfer-linux-ubuntu22_x86_64-7.3.2-20220804-6354275  User: oesteban  Machine: dna079  Platform: Linux  PlatformVersion: 5.14.0-427.37.1.el9_4.x86_64  CompilerName: GCC  CompilerVersion: 8.4.0
ProgramName: mri_segstats  ProgramArguments: mri_segstats -all-info  ProgramVersion: 7.3.2  TimeStamp: 2026/03/15-08:32:27-GMT  BuildTime: Aug  4 2022 06:17:15  BuildStamp: freesurfer-linux-ubuntu22_x86_64-7.3.2-20220804-6354275  User: oesteban  Machine: dna079  Platform: Linux  PlatformVersion: 5.14.0-427.37.1.el9_4.x86_64  CompilerName: GCC  CompilerVersion: 8.4.0
ProgramName: mris_euler_number  ProgramArguments: mris_euler_number -all-info  ProgramVersion: 7.3.2  TimeStamp: 2026/03/15-08:32:27-GMT  BuildTime: Aug  4 2022 06:17:15  BuildStamp: freesurfer-linux-ubuntu22_x86_64-7.3.2-20220804-6354275  User: oesteban  Machine: dna079  Platform: Linux  PlatformVersion: 5.14.0-427.37.1.el9_4.x86_64  CompilerName: GCC  CompilerVersion: 8.4.0
ProgramName: mris_fix_topology  ProgramArguments: mris_fix_topology -all-info  ProgramVersion: 7.3.2  TimeStamp: 2026/03/15-08:32:27-GMT  BuildTime: Aug  4 2022 06:17:15  BuildStamp: freesurfer-linux-ubuntu22_x86_64-7.3.2-20220804-6354275  User: oesteban  Machine: dna079  Platform: Linux  PlatformVersion: 5.14.0-427.37.1.el9_4.x86_64  CompilerName: GCC  CompilerVersion: 8.4.0
ProgramName: mris_topo_fixer  ProgramArguments: mris_topo_fixer -all-info  ProgramVersion: 7.3.2  TimeStamp: 2026/03/15-08:32:27-GMT  BuildTime: Aug  4 2022 06:17:15  BuildStamp: freesurfer-linux-ubuntu22_x86_64-7.3.2-20220804-6354275  User: oesteban  Machine: dna079  Platform: Linux  PlatformVersion: 5.14.0-427.37.1.el9_4.x86_64  CompilerName: GCC  CompilerVersion: 8.4.0
ProgramName: mris_jacobian  ProgramArguments: mris_jacobian -all-info  ProgramVersion: 7.3.2  TimeStamp: 2026/03/15-08:32:27-GMT  BuildTime: Aug  4 2022 06:17:15  BuildStamp: freesurfer-linux-ubuntu22_x86_64-7.3.2-20220804-6354275  User: oesteban  Machine: dna079  Platform: Linux  PlatformVersion: 5.14.0-427.37.1.el9_4.x86_64  CompilerName: GCC  CompilerVersion: 8.4.0
ProgramName: mris_label2annot  ProgramArguments: mris_label2annot -all-info  ProgramVersion: 7.3.2  TimeStamp: 2026/03/15-08:32:27-GMT  BuildTime: Aug  4 2022 06:17:15  BuildStamp: freesurfer-linux-ubuntu22_x86_64-7.3.2-20220804-6354275  User: oesteban  Machine: dna079  Platform: Linux  PlatformVersion: 5.14.0-427.37.1.el9_4.x86_64  CompilerName: GCC  CompilerVersion: 8.4.0
ProgramName: mris_left_right_register  ProgramArguments: mris_left_right_register -all-info  ProgramVersion: 7.3.2  TimeStamp: 2026/03/15-08:32:27-GMT  BuildTime: Aug  4 2022 06:17:15  BuildStamp: freesurfer-linux-ubuntu22_x86_64-7.3.2-20220804-6354275  User: oesteban  Machine: dna079  Platform: Linux  PlatformVersion: 5.14.0-427.37.1.el9_4.x86_64  CompilerName: GCC  CompilerVersion: 8.4.0
ProgramName: mris_place_surface  ProgramArguments: mris_place_surface -all-info  ProgramVersion: 7.3.2  TimeStamp: 2026/03/15-08:32:27-GMT  BuildTime: Aug  4 2022 06:17:15  BuildStamp: freesurfer-linux-ubuntu22_x86_64-7.3.2-20220804-6354275  User: oesteban  Machine: dna079  Platform: Linux  PlatformVersion: 5.14.0-427.37.1.el9_4.x86_64  CompilerName: GCC  CompilerVersion: 8.4.0
ProgramName: mrisp_paint  ProgramArguments: mrisp_paint -all-info  ProgramVersion: 7.3.2  TimeStamp: 2026/03/15-08:32:27-GMT  BuildTime: Aug  4 2022 06:17:15  BuildStamp: freesurfer-linux-ubuntu22_x86_64-7.3.2-20220804-6354275  User: oesteban  Machine: dna079  Platform: Linux  PlatformVersion: 5.14.0-427.37.1.el9_4.x86_64  CompilerName: GCC  CompilerVersion: 8.4.0
ProgramName: mris_register  ProgramArguments: mris_register -all-info  ProgramVersion: 7.3.2  TimeStamp: 2026/03/15-08:32:27-GMT  BuildTime: Aug  4 2022 06:17:15  BuildStamp: freesurfer-linux-ubuntu22_x86_64-7.3.2-20220804-6354275  User: oesteban  Machine: dna079  Platform: Linux  PlatformVersion: 5.14.0-427.37.1.el9_4.x86_64  CompilerName: GCC  CompilerVersion: 8.4.0
ProgramName: mris_smooth  ProgramArguments: mris_smooth -all-info  ProgramVersion: 7.3.2  TimeStamp: 2026/03/15-08:32:27-GMT  BuildTime: Aug  4 2022 06:17:15  BuildStamp: freesurfer-linux-ubuntu22_x86_64-7.3.2-20220804-6354275  User: oesteban  Machine: dna079  Platform: Linux  PlatformVersion: 5.14.0-427.37.1.el9_4.x86_64  CompilerName: GCC  CompilerVersion: 8.4.0
ProgramName: mris_sphere  ProgramArguments: mris_sphere -all-info  ProgramVersion: 7.3.2  TimeStamp: 2026/03/15-08:32:27-GMT  BuildTime: Aug  4 2022 06:17:15  BuildStamp: freesurfer-linux-ubuntu22_x86_64-7.3.2-20220804-6354275  User: oesteban  Machine: dna079  Platform: Linux  PlatformVersion: 5.14.0-427.37.1.el9_4.x86_64  CompilerName: GCC  CompilerVersion: 8.4.0
ProgramName: mris_surface_stats  ProgramArguments: mris_surface_stats -all-info  ProgramVersion: 7.3.2  TimeStamp: 2026/03/15-08:32:27-GMT  BuildTime: Aug  4 2022 06:17:15  BuildStamp: freesurfer-linux-ubuntu22_x86_64-7.3.2-20220804-6354275  User: oesteban  Machine: dna079  Platform: Linux  PlatformVersion: 5.14.0-427.37.1.el9_4.x86_64  CompilerName: GCC  CompilerVersion: 8.4.0
ProgramName: mri_stats2seg  ProgramArguments: mri_stats2seg -all-info  ProgramVersion: 7.3.2  TimeStamp: 2026/03/15-08:32:27-GMT  BuildTime: Aug  4 2022 06:17:15  BuildStamp: freesurfer-linux-ubuntu22_x86_64-7.3.2-20220804-6354275  User: oesteban  Machine: dna079  Platform: Linux  PlatformVersion: 5.14.0-427.37.1.el9_4.x86_64  CompilerName: GCC  CompilerVersion: 8.4.0
ProgramName: mris_thickness  ProgramArguments: mris_thickness -all-info  ProgramVersion: 7.3.2  TimeStamp: 2026/03/15-08:32:27-GMT  BuildTime: Aug  4 2022 06:17:15  BuildStamp: freesurfer-linux-ubuntu22_x86_64-7.3.2-20220804-6354275  User: oesteban  Machine: dna079  Platform: Linux  PlatformVersion: 5.14.0-427.37.1.el9_4.x86_64  CompilerName: GCC  CompilerVersion: 8.4.0
ProgramName: mris_thickness_diff  ProgramArguments: mris_thickness_diff -all-info  ProgramVersion: 7.3.2  TimeStamp: 2026/03/15-08:32:27-GMT  BuildTime: Aug  4 2022 06:17:15  BuildStamp: freesurfer-linux-ubuntu22_x86_64-7.3.2-20220804-6354275  User: oesteban  Machine: dna079  Platform: Linux  PlatformVersion: 5.14.0-427.37.1.el9_4.x86_64  CompilerName: GCC  CompilerVersion: 8.4.0
ProgramName: mris_topo_fixer  ProgramArguments: mris_topo_fixer -all-info  ProgramVersion: 7.3.2  TimeStamp: 2026/03/15-08:32:27-GMT  BuildTime: Aug  4 2022 06:17:15  BuildStamp: freesurfer-linux-ubuntu22_x86_64-7.3.2-20220804-6354275  User: oesteban  Machine: dna079  Platform: Linux  PlatformVersion: 5.14.0-427.37.1.el9_4.x86_64  CompilerName: GCC  CompilerVersion: 8.4.0
ProgramName: mri_surf2surf  ProgramArguments: mri_surf2surf -all-info  ProgramVersion: 7.3.2  TimeStamp: 2026/03/15-08:32:27-GMT  BuildTime: Aug  4 2022 06:17:15  BuildStamp: freesurfer-linux-ubuntu22_x86_64-7.3.2-20220804-6354275  User: oesteban  Machine: dna079  Platform: Linux  PlatformVersion: 5.14.0-427.37.1.el9_4.x86_64  CompilerName: GCC  CompilerVersion: 8.4.0
ProgramName: mri_surf2vol  ProgramArguments: mri_surf2vol -all-info  ProgramVersion: 7.3.2  TimeStamp: 2026/03/15-08:32:27-GMT  BuildTime: Aug  4 2022 06:17:15  BuildStamp: freesurfer-linux-ubuntu22_x86_64-7.3.2-20220804-6354275  User: oesteban  Machine: dna079  Platform: Linux  PlatformVersion: 5.14.0-427.37.1.el9_4.x86_64  CompilerName: GCC  CompilerVersion: 8.4.0
ProgramName: mri_surfcluster  ProgramArguments: mri_surfcluster -all-info  ProgramVersion: 7.3.2  TimeStamp: 2026/03/15-08:32:27-GMT  BuildTime: Aug  4 2022 06:17:15  BuildStamp: freesurfer-linux-ubuntu22_x86_64-7.3.2-20220804-6354275  User: oesteban  Machine: dna079  Platform: Linux  PlatformVersion: 5.14.0-427.37.1.el9_4.x86_64  CompilerName: GCC  CompilerVersion: 8.4.0
ProgramName: mris_volmask  ProgramArguments: mris_volmask -all-info  ProgramVersion: 7.3.2  TimeStamp: 2026/03/15-08:32:27-GMT  BuildTime: Aug  4 2022 06:17:15  BuildStamp: freesurfer-linux-ubuntu22_x86_64-7.3.2-20220804-6354275  User: oesteban  Machine: dna079  Platform: Linux  PlatformVersion: 5.14.0-427.37.1.el9_4.x86_64  CompilerName: GCC  CompilerVersion: 8.4.0
ProgramName: mri_tessellate  ProgramArguments: mri_tessellate -all-info  ProgramVersion: 7.3.2  TimeStamp: 2026/03/15-08:32:27-GMT  BuildTime: Aug  4 2022 06:17:15  BuildStamp: freesurfer-linux-ubuntu22_x86_64-7.3.2-20220804-6354275  User: oesteban  Machine: dna079  Platform: Linux  PlatformVersion: 5.14.0-427.37.1.el9_4.x86_64  CompilerName: GCC  CompilerVersion: 8.4.0
ProgramName: mri_vol2surf  ProgramArguments: mri_vol2surf -all-info  ProgramVersion: 7.3.2  TimeStamp: 2026/03/15-08:32:27-GMT  BuildTime: Aug  4 2022 06:17:15  BuildStamp: freesurfer-linux-ubuntu22_x86_64-7.3.2-20220804-6354275  User: oesteban  Machine: dna079  Platform: Linux  PlatformVersion: 5.14.0-427.37.1.el9_4.x86_64  CompilerName: GCC  CompilerVersion: 8.4.0
ProgramName: mri_vol2vol  ProgramArguments: mri_vol2vol -all-info  ProgramVersion: 7.3.2  TimeStamp: 2026/03/15-08:32:27-GMT  BuildTime: Aug  4 2022 06:17:15  BuildStamp: freesurfer-linux-ubuntu22_x86_64-7.3.2-20220804-6354275  User: oesteban  Machine: dna079  Platform: Linux  PlatformVersion: 5.14.0-427.37.1.el9_4.x86_64  CompilerName: GCC  CompilerVersion: 8.4.0
ProgramName: mri_voldiff  ProgramArguments: mri_voldiff -all-info  ProgramVersion: 7.3.2  TimeStamp: 2026/03/15-08:32:27-GMT  BuildTime: Aug  4 2022 06:17:15  BuildStamp: freesurfer-linux-ubuntu22_x86_64-7.3.2-20220804-6354275  User: oesteban  Machine: dna079  Platform: Linux  PlatformVersion: 5.14.0-427.37.1.el9_4.x86_64  CompilerName: GCC  CompilerVersion: 8.4.0
ProgramName: mri_watershed  ProgramArguments: mri_watershed -all-info  ProgramVersion: 7.3.2  TimeStamp: 2026/03/15-08:32:27-GMT  BuildTime: Aug  4 2022 06:17:15  BuildStamp: freesurfer-linux-ubuntu22_x86_64-7.3.2-20220804-6354275  User: oesteban  Machine: dna079  Platform: Linux  PlatformVersion: 5.14.0-427.37.1.el9_4.x86_64  CompilerName: GCC  CompilerVersion: 8.4.0
ProgramName: tkregister2  ProgramArguments: tkregister2_cmdl -all-info  ProgramVersion: 7.3.2  TimeStamp: 2026/03/15-08:32:27-GMT  BuildTime: Aug  4 2022 06:17:15  BuildStamp: freesurfer-linux-ubuntu22_x86_64-7.3.2-20220804-6354275  User: oesteban  Machine: dna079  Platform: Linux  PlatformVersion: 5.14.0-427.37.1.el9_4.x86_64  CompilerName: GCC  CompilerVersion: 8.4.0
mri_motion_correct.fsl 7.3.2
mri_convert -all-info 
ProgramName: mri_convert  ProgramArguments: mri_convert -all-info  ProgramVersion: 7.3.2  TimeStamp: 2026/03/15-08:32:27-GMT  BuildTime: Aug  4 2022 06:17:15  BuildStamp: freesurfer-linux-ubuntu22_x86_64-7.3.2-20220804-6354275  User: oesteban  Machine: dna079  Platform: Linux  PlatformVersion: 5.14.0-427.37.1.el9_4.x86_64  CompilerName: GCC  CompilerVersion: 8.4.0
Program nu_correct, built from:
Package MNI N3, version 1.12.0, compiled by nicks@terrier (x86_64-unknown-linux-gnu) on 2015-06-19 at 01:25:34
#######################################
GCADIR /opt/freesurfer/average
GCA RB_all_2020-01-02.gca
GCASkull RB_all_withskull_2020_01_02.gca
AvgCurvTif folding.atlas.acfb40.noaparc.i12.2016-08-02.tif
GCSDIR /opt/freesurfer/average
GCS DKaparc.atlas.acfb40.noaparc.i12.2016-08-02.gcs
#######################################
#--------------------------------------------
#@# Tessellate rh Sun Mar 15 09:32:27 CET 2026
/out/sourcedata/freesurfer/sub-v2s10x28953_ses-1/scripts

 mri_pretess ../mri/filled.mgz 127 ../mri/norm.mgz ../mri/filled-pretess127.mgz 


Iteration Number : 1
pass   1 (xy+):   0 found -   0 modified     |    TOTAL:   0
pass   1 (xy-):   2 found -   2 modified     |    TOTAL:   2
pass   2 (xy-):   0 found -   2 modified     |    TOTAL:   2
pass   1 (yz+):   8 found -   8 modified     |    TOTAL:  10
pass   2 (yz+):   0 found -   8 modified     |    TOTAL:  10
pass   1 (yz-):   6 found -   6 modified     |    TOTAL:  16
pass   2 (yz-):   0 found -   6 modified     |    TOTAL:  16
pass   1 (xz+):   1 found -   1 modified     |    TOTAL:  17
pass   2 (xz+):   0 found -   1 modified     |    TOTAL:  17
pass   1 (xz-):   1 found -   1 modified     |    TOTAL:  18
pass   2 (xz-):   0 found -   1 modified     |    TOTAL:  18
Iteration Number : 1
pass   1 (+++):   0 found -   0 modified     |    TOTAL:   0
pass   1 (+++):   0 found -   0 modified     |    TOTAL:   0
pass   1 (+++):   0 found -   0 modified     |    TOTAL:   0
pass   1 (+++):   0 found -   0 modified     |    TOTAL:   0
Iteration Number : 1
pass   1 (++):   0 found -   0 modified     |    TOTAL:   0
pass   1 (+-):   0 found -   0 modified     |    TOTAL:   0
pass   1 (--):   0 found -   0 modified     |    TOTAL:   0
pass   1 (-+):   0 found -   0 modified     |    TOTAL:   0
Iteration Number : 2
pass   1 (xy+):   0 found -   0 modified     |    TOTAL:   0
pass   1 (xy-):   0 found -   0 modified     |    TOTAL:   0
pass   1 (yz+):   0 found -   0 modified     |    TOTAL:   0
pass   1 (yz-):   0 found -   0 modified     |    TOTAL:   0
pass   1 (xz+):   0 found -   0 modified     |    TOTAL:   0
pass   1 (xz-):   0 found -   0 modified     |    TOTAL:   0
Iteration Number : 2
pass   1 (+++):   0 found -   0 modified     |    TOTAL:   0
pass   1 (+++):   0 found -   0 modified     |    TOTAL:   0
pass   1 (+++):   0 found -   0 modified     |    TOTAL:   0
pass   1 (+++):   0 found -   0 modified     |    TOTAL:   0
Iteration Number : 2
pass   1 (++):   0 found -   0 modified     |    TOTAL:   0
pass   1 (+-):   0 found -   0 modified     |    TOTAL:   0
pass   1 (--):   0 found -   0 modified     |    TOTAL:   0
pass   1 (-+):   0 found -   0 modified     |    TOTAL:   0

Total Number of Modified Voxels = 18 (out of 198492: 0.009068)
Ambiguous edge configurations... 

mri_pretess done


 mri_tessellate ../mri/filled-pretess127.mgz 127 ../surf/rh.orig.nofix 

7.3.2
  7.3.2
slice 60: 1659 vertices, 1869 faces
slice 70: 10857 vertices, 11275 faces
slice 80: 23596 vertices, 24028 faces
slice 90: 36628 vertices, 37030 faces
slice 100: 48033 vertices, 48429 faces
slice 110: 59499 vertices, 59865 faces
slice 120: 70644 vertices, 71022 faces
slice 130: 80992 vertices, 81349 faces
slice 140: 90280 vertices, 90574 faces
slice 150: 98190 vertices, 98449 faces
slice 160: 104758 vertices, 104963 faces
slice 170: 108887 vertices, 109013 faces
slice 180: 111159 vertices, 111218 faces
slice 190: 111328 vertices, 111340 faces
slice 200: 111328 vertices, 111340 faces
slice 210: 111328 vertices, 111340 faces
slice 220: 111328 vertices, 111340 faces
slice 230: 111328 vertices, 111340 faces
slice 240: 111328 vertices, 111340 faces
slice 250: 111328 vertices, 111340 faces
using the conformed surface RAS to save vertex points...
writing ../surf/rh.orig.nofix
using vox2ras matrix:
-1.00000   0.00000   0.00000   128.00000;
 0.00000   0.00000   1.00000  -128.00000;
 0.00000  -1.00000   0.00000   128.00000;
 0.00000   0.00000   0.00000   1.00000;

 rm -f ../mri/filled-pretess127.mgz 


 mris_extract_main_component ../surf/rh.orig.nofix ../surf/rh.orig.nofix 


counting number of connected components...
   111328 voxel in cpt #1: X=-12 [v=111328,e=334020,f=222680] located at (25.802565, -19.946016, 43.939262)
For the whole surface: X=-12 [v=111328,e=334020,f=222680]
One single component has been found
nothing to do
done

#--------------------------------------------
#@# Smooth1 rh Sun Mar 15 09:32:29 CET 2026
/out/sourcedata/freesurfer/sub-v2s10x28953_ses-1/scripts

 mris_smooth -nw -seed 1234 ../surf/rh.orig.nofix ../surf/rh.smoothwm.nofix 

setting seed for random number generator to 1234
smoothing surface tessellation for 10 iterations...
smoothing complete - recomputing first and second fundamental forms...
#--------------------------------------------
#@# Inflation1 rh Sun Mar 15 09:32:31 CET 2026
/out/sourcedata/freesurfer/sub-v2s10x28953_ses-1/scripts

 mris_inflate -no-save-sulc ../surf/rh.smoothwm.nofix ../surf/rh.inflated.nofix 

Not saving sulc
Reading ../surf/rh.smoothwm.nofix
avg radius = 41.4 mm, total surface area = 59833 mm^2
step 000: RMS=0.149 (target=0.015)   step 005: RMS=0.112 (target=0.015)   step 010: RMS=0.082 (target=0.015)   step 015: RMS=0.067 (target=0.015)   step 020: RMS=0.057 (target=0.015)   step 025: RMS=0.049 (target=0.015)   step 030: RMS=0.041 (target=0.015)   step 035: RMS=0.037 (target=0.015)   step 040: RMS=0.033 (target=0.015)   step 045: RMS=0.031 (target=0.015)   step 050: RMS=0.030 (target=0.015)   step 055: RMS=0.028 (target=0.015)   step 060: RMS=0.027 (target=0.015)   writing inflated surface to ../surf/rh.inflated.nofix
inflation took 0.1 minutes

inflation complete.
Not saving sulc
mris_inflate utimesec    31.297621
mris_inflate stimesec    0.275816
mris_inflate ru_maxrss   175424
mris_inflate ru_ixrss    0
mris_inflate ru_idrss    0
mris_inflate ru_isrss    0
mris_inflate ru_minflt   59600
mris_inflate ru_majflt   4
mris_inflate ru_nswap    0
mris_inflate ru_inblock  0
mris_inflate ru_oublock  7832
mris_inflate ru_msgsnd   0
mris_inflate ru_msgrcv   0
mris_inflate ru_nsignals 0
mris_inflate ru_nvcsw    4124
mris_inflate ru_nivcsw   105
#--------------------------------------------
#@# QSphere rh Sun Mar 15 09:32:36 CET 2026
/out/sourcedata/freesurfer/sub-v2s10x28953_ses-1/scripts

 mris_sphere -q -p 6 -a 128 -seed 1234 ../surf/rh.inflated.nofix ../surf/rh.qsphere.nofix 

doing quick spherical unfolding.
limitting unfolding to 6 passes
using n_averages = 128
setting seed for random number genererator to 1234
version: 7.3.2
available threads: 16
scaling brain by 0.404...
inflating...
projecting onto sphere...
surface projected - minimizing metric distortion...
vertex spacing 1.11 +- 0.57 (0.00-->7.87) (max @ vno 88352 --> 88369)
face area 0.04 +- 0.05 (-0.05-->1.45)
Entering MRISinflateToSphere()
inflating to sphere (rms error < 2.00)
000: dt: 0.0000, rms radial error=173.034, avgs=0
005/300: dt: 0.9000, rms radial error=172.779, avgs=0
010/300: dt: 0.9000, rms radial error=172.233, avgs=0
015/300: dt: 0.9000, rms radial error=171.516, avgs=0
020/300: dt: 0.9000, rms radial error=170.703, avgs=0
025/300: dt: 0.9000, rms radial error=169.836, avgs=0
030/300: dt: 0.9000, rms radial error=168.937, avgs=0
035/300: dt: 0.9000, rms radial error=168.020, avgs=0
040/300: dt: 0.9000, rms radial error=167.094, avgs=0
045/300: dt: 0.9000, rms radial error=166.165, avgs=0
050/300: dt: 0.9000, rms radial error=165.240, avgs=0
055/300: dt: 0.9000, rms radial error=164.316, avgs=0
060/300: dt: 0.9000, rms radial error=163.396, avgs=0
065/300: dt: 0.9000, rms radial error=162.479, avgs=0
070/300: dt: 0.9000, rms radial error=161.567, avgs=0
075/300: dt: 0.9000, rms radial error=160.659, avgs=0
080/300: dt: 0.9000, rms radial error=159.755, avgs=0
085/300: dt: 0.9000, rms radial error=158.857, avgs=0
090/300: dt: 0.9000, rms radial error=157.964, avgs=0
095/300: dt: 0.9000, rms radial error=157.076, avgs=0
100/300: dt: 0.9000, rms radial error=156.195, avgs=0
105/300: dt: 0.9000, rms radial error=155.318, avgs=0
110/300: dt: 0.9000, rms radial error=154.446, avgs=0
115/300: dt: 0.9000, rms radial error=153.579, avgs=0
120/300: dt: 0.9000, rms radial error=152.717, avgs=0
125/300: dt: 0.9000, rms radial error=151.859, avgs=0
130/300: dt: 0.9000, rms radial error=151.007, avgs=0
135/300: dt: 0.9000, rms radial error=150.158, avgs=0
140/300: dt: 0.9000, rms radial error=149.315, avgs=0
145/300: dt: 0.9000, rms radial error=148.475, avgs=0
150/300: dt: 0.9000, rms radial error=147.641, avgs=0
155/300: dt: 0.9000, rms radial error=146.810, avgs=0
160/300: dt: 0.9000, rms radial error=145.984, avgs=0
165/300: dt: 0.9000, rms radial error=145.163, avgs=0
170/300: dt: 0.9000, rms radial error=144.345, avgs=0
175/300: dt: 0.9000, rms radial error=143.533, avgs=0
180/300: dt: 0.9000, rms radial error=142.724, avgs=0
185/300: dt: 0.9000, rms radial error=141.920, avgs=0
190/300: dt: 0.9000, rms radial error=141.121, avgs=0
195/300: dt: 0.9000, rms radial error=140.326, avgs=0
200/300: dt: 0.9000, rms radial error=139.535, avgs=0
205/300: dt: 0.9000, rms radial error=138.748, avgs=0
210/300: dt: 0.9000, rms radial error=137.965, avgs=0
215/300: dt: 0.9000, rms radial error=137.187, avgs=0
220/300: dt: 0.9000, rms radial error=136.413, avgs=0
225/300: dt: 0.9000, rms radial error=135.644, avgs=0
230/300: dt: 0.9000, rms radial error=134.879, avgs=0
235/300: dt: 0.9000, rms radial error=134.118, avgs=0
240/300: dt: 0.9000, rms radial error=133.362, avgs=0
245/300: dt: 0.9000, rms radial error=132.609, avgs=0
250/300: dt: 0.9000, rms radial error=131.861, avgs=0
255/300: dt: 0.9000, rms radial error=131.118, avgs=0
260/300: dt: 0.9000, rms radial error=130.378, avgs=0
265/300: dt: 0.9000, rms radial error=129.643, avgs=0
270/300: dt: 0.9000, rms radial error=128.911, avgs=0
275/300: dt: 0.9000, rms radial error=128.184, avgs=0
280/300: dt: 0.9000, rms radial error=127.462, avgs=0
285/300: dt: 0.9000, rms radial error=126.744, avgs=0
290/300: dt: 0.9000, rms radial error=126.030, avgs=0
295/300: dt: 0.9000, rms radial error=125.320, avgs=0
300/300: dt: 0.9000, rms radial error=124.614, avgs=0

spherical inflation complete.
epoch 1 (K=10.0), pass 1, starting sse = 11593.06
taking momentum steps...
taking momentum steps...
taking momentum steps...
taking momentum steps...
pass 1 complete, delta sse/iter = 0.01/13 = 0.00066
epoch 2 (K=40.0), pass 1, starting sse = 1454.14
taking momentum steps...
taking momentum steps...
taking momentum steps...
taking momentum steps...
pass 1 complete, delta sse/iter = 0.02/13 = 0.00150
epoch 3 (K=160.0), pass 1, starting sse = 72.70
taking momentum steps...
taking momentum steps...
taking momentum steps...
taking momentum steps...
pass 1 complete, delta sse/iter = 0.19/16 = 0.01200
epoch 4 (K=640.0), pass 1, starting sse = 1.61
taking momentum steps...
taking momentum steps...
taking momentum steps...
taking momentum steps...
pass 1 complete, delta sse/iter = 0.04/15 = 0.00247
final distance error %100000.00
writing spherical brain to ../surf/rh.qsphere.nofix
spherical transformation took 0.0087 hours
FSRUNTIME@ mris_sphere  0.0087 hours 16 threads
#VMPC# mris_sphere VmPeak  2356440
mris_sphere done
#@# Fix Topology rh Sun Mar 15 09:33:08 CET 2026

 mris_fix_topology -mgz -sphere qsphere.nofix -inflated inflated.nofix -orig orig.nofix -out orig.premesh -ga -seed 1234 sub-v2s10x28953_ses-1 rh 

reading spherical homeomorphism from 'qsphere.nofix'
reading inflated coordinates from 'inflated.nofix'
reading original coordinates from 'orig.nofix'
using genetic algorithm with optimized parameters
setting seed for random number genererator to 1234

*************************************************************
Topology Correction Parameters
retessellation mode:           genetic search
number of patches/generation : 10
number of generations :        10
surface mri loglikelihood coefficient :         1.0
volume mri loglikelihood coefficient :          10.0
normal dot loglikelihood coefficient :          1.0
quadratic curvature loglikelihood coefficient : 1.0
volume resolution :                             2
eliminate vertices during search :              1
initial patch selection :                       1
select all defect vertices :                    0
ordering dependant retessellation:              0
use precomputed edge table :                    0
smooth retessellated patch :                    2
match retessellated patch :                     1
verbose mode :                                  0

*************************************************************
INFO: assuming .mgz format
writing corrected surface to 'orig.premesh'
7.3.2
  7.3.2
before topology correction, eno=-12 (nv=111328, nf=222680, ne=334020, g=7)
using quasi-homeomorphic spherical map to tessellate cortical surface...

Correction of the Topology
Finding true center and radius of Spherical Surface...done
Surface centered at (0,0,0) with radius 100.0 in 16 iterations
marking ambiguous vertices...
453 ambiguous faces found in tessellation
segmenting defects...
16 defects found, arbitrating ambiguous regions...
analyzing neighboring defects...
      -merging segment 13 into 12
15 defects to be corrected 
0 vertices coincident
reading input surface /out/sourcedata/freesurfer/sub-v2s10x28953_ses-1/surf/rh.qsphere.nofix...
reading brain volume from brain...
reading wm segmentation from wm...
Reading original properties of orig.nofix
Reading vertex positions of inflated.nofix
Computing Initial Surface Statistics
      -face       loglikelihood: -9.4680  (-4.7340)
      -vertex     loglikelihood: -6.3031  (-3.1516)
      -normal dot loglikelihood: -3.6181  (-3.6181)
      -quad curv  loglikelihood: -6.1740  (-3.0870)
      Total Loglikelihood : -25.5633
CORRECTING DEFECT 0 (vertices=19, convex hull=42, v0=3216)
After retessellation of defect 0 (v0=3216), euler #=-13 (111013,332833,221807) : difference with theory (-12) = 1 
CORRECTING DEFECT 1 (vertices=29, convex hull=59, v0=17606)
After retessellation of defect 1 (v0=17606), euler #=-12 (111029,332904,221863) : difference with theory (-11) = 1 
CORRECTING DEFECT 2 (vertices=16, convex hull=38, v0=24940)
After retessellation of defect 2 (v0=24940), euler #=-11 (111038,332946,221897) : difference with theory (-10) = 1 
CORRECTING DEFECT 3 (vertices=31, convex hull=51, v0=50047)
After retessellation of defect 3 (v0=50047), euler #=-10 (111049,332997,221938) : difference with theory (-9) = 1 
CORRECTING DEFECT 4 (vertices=27, convex hull=37, v0=57199)
After retessellation of defect 4 (v0=57199), euler #=-9 (111056,333035,221970) : difference with theory (-8) = 1 
CORRECTING DEFECT 5 (vertices=50, convex hull=19, v0=57500)
After retessellation of defect 5 (v0=57500), euler #=-8 (111059,333051,221984) : difference with theory (-7) = 1 
CORRECTING DEFECT 6 (vertices=8, convex hull=14, v0=70546)
After retessellation of defect 6 (v0=70546), euler #=-7 (111060,333056,221989) : difference with theory (-6) = 1 
CORRECTING DEFECT 7 (vertices=10, convex hull=31, v0=84632)
After retessellation of defect 7 (v0=84632), euler #=-6 (111066,333084,222012) : difference with theory (-5) = 1 
CORRECTING DEFECT 8 (vertices=7, convex hull=32, v0=85684)
After retessellation of defect 8 (v0=85684), euler #=-5 (111070,333105,222030) : difference with theory (-4) = 1 
CORRECTING DEFECT 9 (vertices=5, convex hull=25, v0=86671)
After retessellation of defect 9 (v0=86671), euler #=-4 (111072,333117,222041) : difference with theory (-3) = 1 
CORRECTING DEFECT 10 (vertices=35, convex hull=60, v0=90258)
After retessellation of defect 10 (v0=90258), euler #=-3 (111081,333166,222082) : difference with theory (-2) = 1 
CORRECTING DEFECT 11 (vertices=38, convex hull=80, v0=94194)
After retessellation of defect 11 (v0=94194), euler #=-2 (111109,333281,222170) : difference with theory (-1) = 1 
CORRECTING DEFECT 12 (vertices=28, convex hull=40, v0=99717)
After retessellation of defect 12 (v0=99717), euler #=0 (111116,333320,222204) : difference with theory (0) = 0 
CORRECTING DEFECT 13 (vertices=6, convex hull=28, v0=110250)
After retessellation of defect 13 (v0=110250), euler #=1 (111117,333331,222215) : difference with theory (1) = 0 
CORRECTING DEFECT 14 (vertices=17, convex hull=41, v0=110902)
After retessellation of defect 14 (v0=110902), euler #=2 (111126,333372,222248) : difference with theory (2) = 0 
computing original vertex metric properties...
storing new metric properties...
computing tessellation statistics...
vertex spacing 0.88 +- 0.21 (0.15-->4.00) (max @ vno 57146 --> 60199)
face area -nan +- -nan (1000.00-->-1.00)
performing soap bubble on retessellated vertices for 0 iterations...
vertex spacing 0.88 +- 0.21 (0.15-->4.00) (max @ vno 57146 --> 60199)
face area -nan +- -nan (1000.00-->-1.00)
tessellation finished, orienting corrected surface...
59 mutations (35.5%), 107 crossovers (64.5%), 11 vertices were eliminated
building final representation...
202 vertices and 0 faces have been removed from triangulation
after topology correction, eno=2 (nv=111126, nf=222248, ne=333372, g=0)
writing corrected surface to /out/sourcedata/freesurfer/sub-v2s10x28953_ses-1/surf/rh.orig.premesh...

0.000 % of the vertices (0 vertices) exhibit an orientation change
removing intersecting faces
000: 40 intersecting
001: 4 intersecting
terminating search with 0 intersecting
topology fixing took 0.3 minutes
FSRUNTIME@ mris_fix_topology rh  0.0045 hours 16 threads
#VMPC# mris_fix_topology VmPeak  1826532

 mris_euler_number ../surf/rh.orig.premesh 

euler # = v-e+f = 2g-2: 111126 - 333372 + 222248 = 2 --> 0 holes
      F =2V-4:          222248 = 222252-4 (0)
      2E=3F:            666744 = 666744 (0)

total defect index = 0
Sun Mar 15 09:33:24 CET 2026

setenv SUBJECTS_DIR /out/sourcedata/freesurfer
cd /out/sourcedata/freesurfer/sub-v2s10x28953_ses-1/scripts
/opt/freesurfer/bin/defect2seg --s sub-v2s10x28953_ses-1 --rh-only --cortex

freesurfer-linux-ubuntu22_x86_64-7.3.2-20220804-6354275
defect2seg 7.3.2
Linux dna079 5.14.0-427.37.1.el9_4.x86_64 #1 SMP PREEMPT_DYNAMIC Fri Sep 13 12:41:50 EDT 2024 x86_64 x86_64 x86_64 GNU/Linux
pid 2422940
mri_label2label --label-cortex /out/sourcedata/freesurfer/sub-v2s10x28953_ses-1/surf/rh.orig.nofix /out/sourcedata/freesurfer/sub-v2s10x28953_ses-1/mri/aseg.presurf.mgz 0 /out/sourcedata/freesurfer/sub-v2s10x28953_ses-1/label/rh.nofix.cortex.label

 Generating cortex label... RemoveHipAmgy=0
 NucAccIsMedialWall=0
 mris->useRealRAS=0
8 non-cortical segments detected
only using segment with 6162 vertices
erasing segment 1 (vno[0] = 70475)
erasing segment 2 (vno[0] = 71256)
erasing segment 3 (vno[0] = 78684)
erasing segment 4 (vno[0] = 81481)
erasing segment 5 (vno[0] = 82541)
erasing segment 6 (vno[0] = 88338)
erasing segment 7 (vno[0] = 92397)
mri_label2vol --defects /out/sourcedata/freesurfer/sub-v2s10x28953_ses-1/surf/rh.orig.nofix /out/sourcedata/freesurfer/sub-v2s10x28953_ses-1/surf/rh.defect_labels /out/sourcedata/freesurfer/sub-v2s10x28953_ses-1/mri/orig.mgz 2000 0 /out/sourcedata/freesurfer/sub-v2s10x28953_ses-1/mri/rh.surface.defects.mgz /out/sourcedata/freesurfer/sub-v2s10x28953_ses-1/label/rh.nofix.cortex.label
mri_label2vol supposed to be reproducible but seed not set
Contraining to label /out/sourcedata/freesurfer/sub-v2s10x28953_ses-1/label/rh.nofix.cortex.label
Changing input type 0 to MRI_INT
Converting defects to volume: offset=2000, merge=0
Writing to /out/sourcedata/freesurfer/sub-v2s10x28953_ses-1/mri/rh.surface.defects.mgz
mris_defects_pointset -s /out/sourcedata/freesurfer/sub-v2s10x28953_ses-1/surf/rh.orig.nofix -d /out/sourcedata/freesurfer/sub-v2s10x28953_ses-1/surf/rh.defect_labels -o /out/sourcedata/freesurfer/sub-v2s10x28953_ses-1/surf/rh.defects.pointset --label /out/sourcedata/freesurfer/sub-v2s10x28953_ses-1/label/rh.nofix.cortex.label
Reading in surface /out/sourcedata/freesurfer/sub-v2s10x28953_ses-1/surf/rh.orig.nofix
Reading in defect segmentation /out/sourcedata/freesurfer/sub-v2s10x28953_ses-1/surf/rh.defect_labels
Reading in label /out/sourcedata/freesurfer/sub-v2s10x28953_ses-1/label/rh.nofix.cortex.label
#VMPC# mris_defects_pointset 2066876
mris_defects_pointset done
 
Started at Sun Mar 15 09:33:24 CET 2026 
Ended   at Sun Mar 15 09:33:33 CET 2026
Defect2seg-Run-Time-Sec 9
Defect2seg-Run-Time-Min 0.18
Defect2seg-Run-Time-Hours 0.00
 
tkmeditfv sub-v2s10x28953_ses-1 brain.finalsurfs.mgz -defect
defect2seg Done

 mris_remesh --remesh --iters 3 --input /out/sourcedata/freesurfer/sub-v2s10x28953_ses-1/surf/rh.orig.premesh --output /out/sourcedata/freesurfer/sub-v2s10x28953_ses-1/surf/rh.orig 

iters = 3
standard remeshing without target
   adjusted l: 0.707624
remeshing to edge length 0.707624 with 3 iterations

avg qual before   : 0.892797  after: 0.971551

Removing intersections
Remeshed surface quality stats nv0 = 111126  nv = 115992  1.04379
Area    231980  0.30038  0.03316 0.073975   0.4779
Corner  695940 60.00000  8.73650 17.895587 143.3114
Edge    347970  0.84073  0.08153 0.486005   1.2752
Hinge   347970  9.48807 10.24558 0.000014 128.9682
mris_remesh done
/out/sourcedata/freesurfer/sub-v2s10x28953_ses-1/scripts

 mris_remove_intersection ../surf/rh.orig ../surf/rh.orig 

intersection removal took 0.00 hours
writing corrected surface to ../surf/rh.orig

 rm -f ../surf/rh.inflated 

#--------------------------------------------
#@# AutoDetGWStats rh Sun Mar 15 09:33:52 CET 2026
cd /out/sourcedata/freesurfer/sub-v2s10x28953_ses-1/mri
mris_autodet_gwstats --o ../surf/autodet.gw.stats.rh.dat --i brain.finalsurfs.mgz --wm wm.mgz --surf ../surf/rh.orig.premesh
7.3.2

cd /out/sourcedata/freesurfer/sub-v2s10x28953_ses-1/mri
setenv SUBJECTS_DIR /out/sourcedata/freesurfer
mris_autodet_gwstats --o ../surf/autodet.gw.stats.rh.dat --i brain.finalsurfs.mgz --wm wm.mgz --surf ../surf/rh.orig.premesh 

border white:    198605 voxels (1.18%)
border gray      229004 voxels (1.36%)
Reading in intensity volume brain.finalsurfs.mgz
Reading in wm volume wm.mgz
Reading in surf ../surf/rh.orig.premesh
Auto detecting stats
MRIclipBrightWM(): nthresh=15692, wmmin=5, clip=110 
Binarizing thresholding at 5
computing class statistics... low=30, hi=110.000000
CCS WM (99.0): 98.6 +- 8.3 [70.0 --> 110.0]
CCS GM (73.0) : 72.8 +- 9.6 [30.0 --> 110.0]
white_mean = 98.6211 +/- 8.27951, gray_mean = 72.8414 +/- 9.64755
using class modes intead of means, discounting robust sigmas....
MRIScomputeClassModes(): min=0 max=141 nbins=142
intensity peaks found at WM=104+-7.8,    GM=69+-6.1
white_mode = 104, gray_mode = 69
std_scale = 1
Applying sanity checks, max_scale_down = 0.2
setting MIN_GRAY_AT_WHITE_BORDER to 59.4 (was 70.000000)
setting MAX_BORDER_WHITE to 112.3 (was 105.000000)
setting MIN_BORDER_WHITE to 69.0 (was 85.000000)
setting MAX_CSF to 49.7 (was 40.000000)
setting MAX_GRAY to 95.7 (was 95.000000)
setting MAX_GRAY_AT_CSF_BORDER to 59.4 (was 75.000000)
setting MIN_GRAY_AT_CSF_BORDER to 40.1 (was 40.000000)
When placing the white surface
  white_border_hi   = 112.28;
  white_border_low  = 69;
  white_outside_low = 59.3524;
  white_inside_hi   = 120;
  white_outside_hi  = 112.28;
When placing the pial surface
  pial_border_hi   = 59.3524;
  pial_border_low  = 40.0573;
  pial_outside_low = 10;
  pial_inside_hi   = 95.7205;
  pial_outside_hi  = 54.5287;
#VMPC# mris_autodet_gwstats VmPeak  1313832
mris_autodet_gwstats done
#--------------------------------------------
#@# WhitePreAparc rh Sun Mar 15 09:33:54 CET 2026
cd /out/sourcedata/freesurfer/sub-v2s10x28953_ses-1/mri
mris_place_surface --adgws-in ../surf/autodet.gw.stats.rh.dat --wm wm.mgz --threads 16 --invol brain.finalsurfs.mgz --rh --i ../surf/rh.orig --o ../surf/rh.white.preaparc --white --seg aseg.presurf.mgz --nsmooth 5
7.3.2
7.3.2

cd /out/sourcedata/freesurfer/sub-v2s10x28953_ses-1/mri
setenv SUBJECTS_DIR /out/sourcedata/freesurfer
mris_place_surface --adgws-in ../surf/autodet.gw.stats.rh.dat --wm wm.mgz --threads 16 --invol brain.finalsurfs.mgz --rh --i ../surf/rh.orig --o ../surf/rh.white.preaparc --white --seg aseg.presurf.mgz --nsmooth 5 

Reading in input surface ../surf/rh.orig
Smoothing surface before ripping with 5 iterations
Area    231980  0.26512  0.06308 0.006204   0.6122
Corner  695940 60.00000  9.59695 14.935296 139.9779
Edge    347970  0.78628  0.11477 0.101043   1.3157
Hinge   347970  6.41122  6.57656 0.000000 138.5674
Not reading in aparc
Reading in input volume brain.finalsurfs.mgz
Reading in wm volume wm.mgz
MRIclipBrightWM(): nthresh=15692, wmmin=5, clip=110 
MRIfindBrightNonWM(): 25 bright non-wm voxels segmented.
Masking bright non-wm for white surface
MRImask(): AllowDiffGeom = 1
MRImask(): AllowDiffGeom = 1
Reading in seg volume aseg.presurf.mgz
Ripping frozen voxels
INFO: rip surface needed but not specified, so using input surface
Freezing midline and others
Entering: MRISripMidline(): inhibiting deformation at non-cortical midline structures...
  which=1, fix_mtl=0, using annot = 0
#FML0# MRISripMidline(): nripped=0
removing 4 vertices from ripped group in thread:0
removing 2 vertices from ripped group in thread:0
#FML# MRISripMidline(): nmarked=5752, nmarked2=73, nripped=5752
Ripping segs (eg, WMSA, BG, frozen)
Starting MRISripSegs() d = (-2 2 0.5) segnos: 247 
MRISripSegs(): -2 2 0.5 ripped 0
vertex 57996: xyz = (42.4925,-12.105,14.931) oxyz = (42.4925,-12.105,14.931) wxzy = (42.4925,-12.105,14.931) pxyz = (0,0,0) 
CBVO Creating mask 115992
n_averages 4
Iteration 0 =========================================
n_averages=4, current_sigma=2
Freezing midline and others
Ripping frozen voxels
INFO: rip surface needed but not specified, so using input surface
Freezing midline and others
Entering: MRISripMidline(): inhibiting deformation at non-cortical midline structures...
  which=1, fix_mtl=0, using annot = 0
#FML0# MRISripMidline(): nripped=5752
removing 4 vertices from ripped group in thread:0
removing 2 vertices from ripped group in thread:0
#FML# MRISripMidline(): nmarked=5752, nmarked2=73, nripped=5752
Ripping segs (eg, WMSA, BG, frozen)
Starting MRISripSegs() d = (-2 2 0.5) segnos: 247 247 
MRISripSegs(): -2 2 0.5 ripped 0
Computing target border values 
Entering MRIScomputeBorderValues_new(): 
  inside_hi   = 120.0000000;
  border_hi   = 112.2795100;
  border_low  =  69.0000000;
  outside_low =  59.3524480;
  outside_hi  = 112.2795100;
  sigma = 2;
  max_thickness = 10;
  step_size=0.5;
  STEP_SIZE=0.1;
  which = 1
  thresh = 0
  flags = 0
  CBVfindFirstPeakD1=0
  CBVfindFirstPeakD2=0
  nvertices=115992
  Gdiag_no=-1
  vno start=0, stop=115992
Replacing 255s with 0s
#SI# sigma=2 had to be increased for 18 vertices, nripped=5752
mean border=80.7, 11 (11) missing vertices, mean dist 0.3 [0.5 (%38.0)->0.8 (%62.0))]
%70 local maxima, %25 large gradients and % 0 min vals, 0 gradients ignored
nFirstPeakD1 0
MRIScomputeBorderValues_new() finished in 0.0097 min


Finding expansion regions
mean absolute distance = 0.69 +- 0.88
4345 vertices more than 2 sigmas from mean.
Averaging target values for 5 iterations...
Positioning Surface: tspring = 0.3, nspring = 0.3, spring = 0, niters = 100 l_repulse = 5, l_surf_repulse = 0, checktol = 0
Positioning pial surface
Entering MRISpositionSurface()
  max_mm = 0.3
  MAX_REDUCTIONS = 2, REDUCTION_PCT = 0.5
  parms->check_tol = 0, niterations = 100
tol=1.0e-04, sigma=2.0, host=dna07, nav=4, nbrs=2, l_repulse=5.000, l_tspring=0.300, l_nspring=0.300, l_intensity=0.200, l_curv=1.000
mom=0.00, dt=0.50
complete_dist_mat 0
rms 0
smooth_averages 0
remove_neg 0
ico_order 0
which_surface 0
target_radius 0.000000
nfields 0
scale 0.000000
desired_rms_height 0.000000
momentum 0.000000
nbhd_size 0
max_nbrs 0
niterations 100
nsurfaces 0
SURFACES 3
flags 0 (0)
use curv 0
no sulc 0
no rigid align 0
mris->nsize 2
mris->hemisphere 1
randomSeed 0

000: dt: 0.0000, sse=2235964.2, rms=9.783
001: dt: 0.5000, sse=1190406.4, rms=6.959 (28.865%)
002: dt: 0.5000, sse=769869.9, rms=5.421 (22.097%)
003: dt: 0.5000, sse=569269.4, rms=4.503 (16.947%)
004: dt: 0.5000, sse=458648.0, rms=3.901 (13.350%)
005: dt: 0.5000, sse=397658.1, rms=3.522 (9.723%)
006: dt: 0.5000, sse=364201.5, rms=3.293 (6.510%)
007: dt: 0.5000, sse=347930.6, rms=3.170 (3.743%)
008: dt: 0.5000, sse=337230.2, rms=3.086 (2.643%)
rms = 3.0497/3.0858, sse=333224.0/337230.2, time step reduction 1 of 3 to 0.250  0 0 1
009: dt: 0.5000, sse=333224.0, rms=3.050 (1.170%)
010: dt: 0.2500, sse=193396.1, rms=1.689 (44.605%)
011: dt: 0.2500, sse=174713.8, rms=1.413 (16.380%)
012: dt: 0.2500, sse=170195.6, rms=1.332 (5.719%)
rms = 1.2867/1.3319, sse=167913.8/170195.6, time step reduction 2 of 3 to 0.125  0 0 1
013: dt: 0.2500, sse=167913.8, rms=1.287 (3.391%)
014: dt: 0.1250, sse=165131.3, rms=1.234 (4.124%)
rms = 1.2188/1.2337, sse=164524.2/165131.3, time step reduction 3 of 3 to 0.062  0 0 1
015: dt: 0.1250, sse=164524.2, rms=1.219 (1.201%)
  maximum number of reductions reached, breaking from loop
positioning took 0.9 minutes
Iteration 1 =========================================
n_averages=2, current_sigma=1
Freezing midline and others
Ripping frozen voxels
INFO: rip surface needed but not specified, so using input surface
Freezing midline and others
Entering: MRISripMidline(): inhibiting deformation at non-cortical midline structures...
  which=1, fix_mtl=0, using annot = 0
#FML0# MRISripMidline(): nripped=5752
removing 2 vertices from ripped group in thread:0
removing 2 vertices from ripped group in thread:0
removing 2 vertices from ripped group in thread:0
removing 4 vertices from ripped group in thread:0
#FML# MRISripMidline(): nmarked=5888, nmarked2=74, nripped=5888
Ripping segs (eg, WMSA, BG, frozen)
Starting MRISripSegs() d = (-2 2 0.5) segnos: 247 247 247 
MRISripSegs(): -2 2 0.5 ripped 0
Computing target border values 
Entering MRIScomputeBorderValues_new(): 
  inside_hi   = 120.0000000;
  border_hi   = 112.2795100;
  border_low  =  69.0000000;
  outside_low =  59.3524480;
  outside_hi  = 112.2795100;
  sigma = 1;
  max_thickness = 10;
  step_size=0.5;
  STEP_SIZE=0.1;
  which = 1
  thresh = 0
  flags = 0
  CBVfindFirstPeakD1=0
  CBVfindFirstPeakD2=0
  nvertices=115992
  Gdiag_no=-1
  vno start=0, stop=115992
Replacing 255s with 0s
#SI# sigma=1 had to be increased for 36 vertices, nripped=5888
mean border=83.3, 26 (1) missing vertices, mean dist -0.2 [0.3 (%74.3)->0.3 (%25.7))]
%79 local maxima, %16 large gradients and % 0 min vals, 0 gradients ignored
nFirstPeakD1 0
MRIScomputeBorderValues_new() finished in 0.0067 min


Finding expansion regions
mean absolute distance = 0.32 +- 0.58
2321 vertices more than 2 sigmas from mean.
Averaging target values for 5 iterations...
Positioning Surface: tspring = 0.3, nspring = 0.3, spring = 0, niters = 100 l_repulse = 5, l_surf_repulse = 0, checktol = 0
Positioning pial surface
Entering MRISpositionSurface()
  max_mm = 0.3
  MAX_REDUCTIONS = 2, REDUCTION_PCT = 0.5
  parms->check_tol = 0, niterations = 100
tol=1.0e-04, sigma=1.0, host=dna07, nav=2, nbrs=2, l_repulse=5.000, l_tspring=0.300, l_nspring=0.300, l_intensity=0.200, l_curv=1.000
mom=0.00, dt=0.50
000: dt: 0.0000, sse=551289.4, rms=4.138
016: dt: 0.5000, sse=326712.0, rms=2.633 (36.352%)
rms = 2.7135/2.6335, sse=335116.5/326712.0, time step reduction 1 of 3 to 0.250  0 1 1
   RMS increased, rejecting step
017: dt: 0.2500, sse=256956.3, rms=1.942 (26.266%)
018: dt: 0.2500, sse=221725.8, rms=1.475 (24.061%)
019: dt: 0.2500, sse=209934.7, rms=1.278 (13.339%)
020: dt: 0.2500, sse=204811.6, rms=1.181 (7.556%)
021: dt: 0.2500, sse=201923.9, rms=1.120 (5.159%)
rms = 1.0845/1.1204, sse=200368.2/201923.9, time step reduction 2 of 3 to 0.125  0 0 1
022: dt: 0.2500, sse=200368.2, rms=1.085 (3.199%)
rms = 1.0459/1.0845, sse=198682.6/200368.2, time step reduction 3 of 3 to 0.062  0 0 1
023: dt: 0.1250, sse=198682.6, rms=1.046 (3.558%)
  maximum number of reductions reached, breaking from loop
positioning took 0.5 minutes
Iteration 2 =========================================
n_averages=1, current_sigma=0.5
Freezing midline and others
Ripping frozen voxels
INFO: rip surface needed but not specified, so using input surface
Freezing midline and others
Entering: MRISripMidline(): inhibiting deformation at non-cortical midline structures...
  which=1, fix_mtl=0, using annot = 0
#FML0# MRISripMidline(): nripped=5888
removing 2 vertices from ripped group in thread:0
removing 3 vertices from ripped group in thread:0
removing 2 vertices from ripped group in thread:0
removing 3 vertices from ripped group in thread:0
removing 4 vertices from ripped group in thread:0
#FML# MRISripMidline(): nmarked=6018, nmarked2=75, nripped=6018
Ripping segs (eg, WMSA, BG, frozen)
Starting MRISripSegs() d = (-2 2 0.5) segnos: 247 247 247 247 
MRISripSegs(): -2 2 0.5 ripped 0
Computing target border values 
Entering MRIScomputeBorderValues_new(): 
  inside_hi   = 120.0000000;
  border_hi   = 112.2795100;
  border_low  =  69.0000000;
  outside_low =  59.3524480;
  outside_hi  = 112.2795100;
  sigma = 0.5;
  max_thickness = 10;
  step_size=0.5;
  STEP_SIZE=0.1;
  which = 1
  thresh = 0
  flags = 0
  CBVfindFirstPeakD1=0
  CBVfindFirstPeakD2=0
  nvertices=115992
  Gdiag_no=-1
  vno start=0, stop=115992
Replacing 255s with 0s
#SI# sigma=0.5 had to be increased for 66 vertices, nripped=6018
mean border=85.3, 23 (0) missing vertices, mean dist -0.1 [0.2 (%72.2)->0.2 (%27.8))]
%86 local maxima, % 9 large gradients and % 0 min vals, 0 gradients ignored
nFirstPeakD1 0
MRIScomputeBorderValues_new() finished in 0.0037 min


Finding expansion regions
mean absolute distance = 0.24 +- 0.40
2507 vertices more than 2 sigmas from mean.
Averaging target values for 5 iterations...
Positioning Surface: tspring = 0.3, nspring = 0.3, spring = 0, niters = 100 l_repulse = 5, l_surf_repulse = 0, checktol = 0
Positioning pial surface
Entering MRISpositionSurface()
  max_mm = 0.3
  MAX_REDUCTIONS = 2, REDUCTION_PCT = 0.5
  parms->check_tol = 0, niterations = 100
tol=1.0e-04, sigma=0.5, host=dna07, nav=1, nbrs=2, l_repulse=5.000, l_tspring=0.300, l_nspring=0.300, l_intensity=0.200, l_curv=1.000
mom=0.00, dt=0.50
000: dt: 0.0000, sse=363861.8, rms=2.941
024: dt: 0.5000, sse=294641.8, rms=2.332 (20.708%)
rms = 2.5853/2.3322, sse=320187.5/294641.8, time step reduction 1 of 3 to 0.250  0 1 1
   RMS increased, rejecting step
025: dt: 0.2500, sse=223740.2, rms=1.496 (35.848%)
026: dt: 0.2500, sse=199284.0, rms=1.073 (28.301%)
027: dt: 0.2500, sse=194539.8, rms=0.968 (9.721%)
rms = 0.9542/0.9684, sse=193971.5/194539.7, time step reduction 2 of 3 to 0.125  0 0 1
028: dt: 0.2500, sse=193971.5, rms=0.954 (1.469%)
rms = 0.9154/0.9542, sse=192354.2/193971.5, time step reduction 3 of 3 to 0.062  0 0 1
029: dt: 0.1250, sse=192354.2, rms=0.915 (4.065%)
  maximum number of reductions reached, breaking from loop
positioning took 0.4 minutes
Iteration 3 =========================================
n_averages=0, current_sigma=0.25
Freezing midline and others
Ripping frozen voxels
INFO: rip surface needed but not specified, so using input surface
Freezing midline and others
Entering: MRISripMidline(): inhibiting deformation at non-cortical midline structures...
  which=1, fix_mtl=0, using annot = 0
#FML0# MRISripMidline(): nripped=6018
removing 4 vertices from ripped group in thread:0
removing 2 vertices from ripped group in thread:0
removing 3 vertices from ripped group in thread:0
removing 4 vertices from ripped group in thread:0
removing 4 vertices from ripped group in thread:0
#FML# MRISripMidline(): nmarked=6043, nmarked2=75, nripped=6043
Ripping segs (eg, WMSA, BG, frozen)
Starting MRISripSegs() d = (-2 2 0.5) segnos: 247 247 247 247 247 
MRISripSegs(): -2 2 0.5 ripped 0
Computing target border values 
Entering MRIScomputeBorderValues_new(): 
  inside_hi   = 120.0000000;
  border_hi   = 112.2795100;
  border_low  =  69.0000000;
  outside_low =  59.3524480;
  outside_hi  = 112.2795100;
  sigma = 0.25;
  max_thickness = 10;
  step_size=0.5;
  STEP_SIZE=0.1;
  which = 1
  thresh = 0
  flags = 0
  CBVfindFirstPeakD1=0
  CBVfindFirstPeakD2=0
  nvertices=115992
  Gdiag_no=-1
  vno start=0, stop=115992
Replacing 255s with 0s
#SI# sigma=0.25 had to be increased for 103 vertices, nripped=6043
mean border=86.0, 34 (0) missing vertices, mean dist -0.0 [0.2 (%57.6)->0.2 (%42.4))]
%88 local maxima, % 7 large gradients and % 0 min vals, 0 gradients ignored
nFirstPeakD1 0
MRIScomputeBorderValues_new() finished in 0.0025 min


Finding expansion regions
mean absolute distance = 0.20 +- 0.33
2235 vertices more than 2 sigmas from mean.
Averaging target values for 5 iterations...
Positioning Surface: tspring = 0.3, nspring = 0.3, spring = 0, niters = 100 l_repulse = 5, l_surf_repulse = 0, checktol = 0
Positioning pial surface
Entering MRISpositionSurface()
  max_mm = 0.3
  MAX_REDUCTIONS = 2, REDUCTION_PCT = 0.5
  parms->check_tol = 0, niterations = 100
tol=1.0e-04, sigma=0.2, host=dna07, nav=0, nbrs=2, l_repulse=5.000, l_tspring=0.300, l_nspring=0.300, l_intensity=0.200, l_curv=1.000
mom=0.00, dt=0.50
000: dt: 0.0000, sse=209010.8, rms=1.290
rms = 1.3678/1.2900, sse=215019.2/209010.8, time step reduction 1 of 3 to 0.250  0 1 1
   RMS increased, rejecting step
030: dt: 0.2500, sse=190250.3, rms=0.896 (30.522%)
031: dt: 0.2500, sse=182997.3, rms=0.686 (23.467%)
rms = 0.6953/0.6859, sse=183090.5/182997.4, time step reduction 2 of 3 to 0.125  0 1 1
   RMS increased, rejecting step
rms = 0.6836/0.6859, sse=182842.2/182997.4, time step reduction 3 of 3 to 0.062  0 0 1
032: dt: 0.1250, sse=182842.2, rms=0.684 (0.336%)
  maximum number of reductions reached, breaking from loop
positioning took 0.2 minutes


Writing output to ../surf/rh.white.preaparc
#ET# mris_place_surface  2.02 minutes
#VMPC# mris_place_surfaces VmPeak  2908280
mris_place_surface done
#--------------------------------------------
#@# CortexLabel rh Sun Mar 15 09:35:59 CET 2026
cd /out/sourcedata/freesurfer/sub-v2s10x28953_ses-1/mri
mri_label2label --label-cortex ../surf/rh.white.preaparc aseg.presurf.mgz 0 ../label/rh.cortex.label

 Generating cortex label... RemoveHipAmgy=0
 NucAccIsMedialWall=0
 mris->useRealRAS=0
3 non-cortical segments detected
only using segment with 6845 vertices
erasing segment 1 (vno[0] = 71179)
erasing segment 2 (vno[0] = 104745)
#--------------------------------------------
#@# CortexLabel+HipAmyg rh Sun Mar 15 09:36:06 CET 2026
cd /out/sourcedata/freesurfer/sub-v2s10x28953_ses-1/mri
mri_label2label --label-cortex ../surf/rh.white.preaparc aseg.presurf.mgz 1 ../label/rh.cortex+hipamyg.label

 Generating cortex label... RemoveHipAmgy=1
 NucAccIsMedialWall=0
 mris->useRealRAS=0
7 non-cortical segments detected
only using segment with 4602 vertices
erasing segment 1 (vno[0] = 40945)
erasing segment 2 (vno[0] = 42011)
erasing segment 3 (vno[0] = 44245)
erasing segment 4 (vno[0] = 48461)
erasing segment 5 (vno[0] = 71179)
erasing segment 6 (vno[0] = 104745)
#--------------------------------------------
#@# Smooth2 rh Sun Mar 15 09:36:13 CET 2026
/out/sourcedata/freesurfer/sub-v2s10x28953_ses-1/scripts

 mris_smooth -n 3 -nw -seed 1234 ../surf/rh.white.preaparc ../surf/rh.smoothwm 

smoothing for 3 iterations
setting seed for random number generator to 1234
smoothing surface tessellation for 3 iterations...
smoothing complete - recomputing first and second fundamental forms...
#--------------------------------------------
#@# Inflation2 rh Sun Mar 15 09:36:15 CET 2026
/out/sourcedata/freesurfer/sub-v2s10x28953_ses-1/scripts

 mris_inflate ../surf/rh.smoothwm ../surf/rh.inflated 

Reading ../surf/rh.smoothwm
avg radius = 41.4 mm, total surface area = 73009 mm^2
step 000: RMS=0.173 (target=0.015)   step 005: RMS=0.116 (target=0.015)   step 010: RMS=0.087 (target=0.015)   step 015: RMS=0.072 (target=0.015)   step 020: RMS=0.060 (target=0.015)   step 025: RMS=0.049 (target=0.015)   step 030: RMS=0.041 (target=0.015)   step 035: RMS=0.035 (target=0.015)   step 040: RMS=0.030 (target=0.015)   step 045: RMS=0.026 (target=0.015)   step 050: RMS=0.024 (target=0.015)   step 055: RMS=0.022 (target=0.015)   step 060: RMS=0.020 (target=0.015)   writing inflated surface to ../surf/rh.inflated
writing sulcal depths to ../surf/rh.sulc

inflation complete.
inflation took 0.1 minutes
mris_inflate utimesec    34.592215
mris_inflate stimesec    0.837784
mris_inflate ru_maxrss   182036
mris_inflate ru_ixrss    0
mris_inflate ru_idrss    0
mris_inflate ru_isrss    0
mris_inflate ru_minflt   214668
mris_inflate ru_majflt   12
mris_inflate ru_nswap    0
mris_inflate ru_inblock  0
mris_inflate ru_oublock  9072
mris_inflate ru_msgsnd   0
mris_inflate ru_msgrcv   0
mris_inflate ru_nsignals 0
mris_inflate ru_nvcsw    3600
mris_inflate ru_nivcsw   157
#--------------------------------------------
#@# Curv .H and .K rh Sun Mar 15 09:36:21 CET 2026
/out/sourcedata/freesurfer/sub-v2s10x28953_ses-1/surf

 mris_curvature -w -seed 1234 rh.white.preaparc 

setting seed for random number generator to 1234
total integrated curvature = 15.875*4pi (199.490) --> -15 handles
ICI = 117.9, FI = 1280.8, variation=19760.719
writing Gaussian curvature to ./rh.white.preaparc.K...done.
writing mean curvature to ./rh.white.preaparc.H...done.
rm -f rh.white.H
ln -s rh.white.preaparc.H rh.white.H
rm -f rh.white.K
ln -s rh.white.preaparc.K rh.white.K

 mris_curvature -seed 1234 -thresh .999 -n -a 5 -w -distances 10 10 rh.inflated 

setting seed for random number generator to 1234
normalizing curvature values.
averaging curvature patterns 5 times.
sampling 10 neighbors out to a distance of 10 mm
108 vertices thresholded to be in k1 ~ [-0.21 0.38], k2 ~ [-0.16 0.05]
total integrated curvature = 0.629*4pi (7.910) --> 0 handles
ICI = 1.5, FI = 8.1, variation=144.863
70 vertices thresholded to be in [-0.01 0.01]
writing Gaussian curvature to ./rh.inflated.K...thresholding curvature at 99.90% level
curvature mean = 0.000, std = 0.001
112 vertices thresholded to be in [-0.12 0.19]
done.
writing mean curvature to ./rh.inflated.H...curvature mean = -0.016, std = 0.023
done.
#--------------------------------------------
#@# Sphere rh Sun Mar 15 09:36:51 CET 2026
/out/sourcedata/freesurfer/sub-v2s10x28953_ses-1/scripts

 mris_sphere -seed 1234 ../surf/rh.inflated ../surf/rh.sphere 

setting seed for random number genererator to 1234
version: 7.3.2
available threads: 16
reading original vertex positions...
projecting onto sphere...
surface projected - minimizing metric distortion...
scaling brain by 0.365...
MRISunfold() max_passes = 1 -------
tol=5.0e-01, sigma=0.0, host=dna07, nav=1024, nbrs=2, l_area=1.000, l_dist=1.000
using quadratic fit line minimization
complete_dist_mat 0
rms 0
smooth_averages 0
remove_neg 0
ico_order 0
which_surface 0
target_radius 0.000000
nfields 0
scale 1.000000
desired_rms_height -1.000000
momentum 0.900000
nbhd_size 7
max_nbrs 8
niterations 25
nsurfaces 0
SURFACES 3
flags 0 (0)
use curv 0
no sulc 0
no rigid align 0
mris->nsize 2
mris->hemisphere 1
randomSeed 1234

singular matrix in quadratic form
singular matrix in quadratic form
singular matrix in quadratic form
singular matrix in quadratic form
singular matrix in quadratic form
singular matrix in quadratic form
singular matrix in quadratic form
singular matrix in quadratic form
singular matrix in quadratic form
singular matrix in quadratic form
singular matrix in quadratic form
--------------------
  mrisRemoveNegativeArea()
pass 1: epoch 1 of 3 starting distance error %19.68
pass 1: epoch 2 of 3 starting distance error %19.67
unfolding complete - removing small folds...
starting distance error %19.63
removing remaining folds...
final distance error %19.63
MRISunfold() return, current seed 1234
-01: dt=0.0000, 151 negative triangles  VmPeak 2392700
101: dt=0.9900, 151 negative triangles
102: dt=0.9900,  69 negative triangles
103: dt=0.9900,  61 negative triangles
104: dt=0.9900,  52 negative triangles
105: dt=0.9900,  55 negative triangles
106: dt=0.9900,  50 negative triangles
107: dt=0.9900,  52 negative triangles
108: dt=0.9900,  49 negative triangles
109: dt=0.9900,  48 negative triangles
110: dt=0.9900,  45 negative triangles
111: dt=0.9900,  49 negative triangles
112: dt=0.9900,  54 negative triangles
113: dt=0.9900,  44 negative triangles
114: dt=0.9900,  51 negative triangles
115: dt=0.9900,  50 negative triangles
116: dt=0.9900,  51 negative triangles
117: dt=0.9900,  49 negative triangles
118: dt=0.9900,  45 negative triangles
119: dt=0.9900,  47 negative triangles
120: dt=0.9900,  52 negative triangles
121: dt=0.9900,  46 negative triangles
122: dt=0.9900,  44 negative triangles
123: dt=0.9405,  50 negative triangles
124: dt=0.9405,  50 negative triangles
125: dt=0.9405,  49 negative triangles
126: dt=0.9405,  43 negative triangles
127: dt=0.9405,  50 negative triangles
128: dt=0.9405,  49 negative triangles
129: dt=0.9405,  43 negative triangles
130: dt=0.9405,  46 negative triangles
131: dt=0.9405,  48 negative triangles
132: dt=0.9405,  49 negative triangles
133: dt=0.9405,  45 negative triangles
134: dt=0.9405,  45 negative triangles
135: dt=0.9405,  49 negative triangles
136: dt=0.8935,  48 negative triangles
137: dt=0.8935,  45 negative triangles
138: dt=0.8935,  44 negative triangles
139: dt=0.8935,  47 negative triangles
140: dt=0.8935,  48 negative triangles
141: dt=0.8935,  45 negative triangles
142: dt=0.8935,  47 negative triangles
143: dt=0.8935,  48 negative triangles
144: dt=0.8935,  47 negative triangles
145: dt=0.8935,  45 negative triangles
146: dt=0.8488,  43 negative triangles
147: dt=0.8488,  48 negative triangles
148: dt=0.8488,  45 negative triangles
149: dt=0.8488,  43 negative triangles
150: dt=0.8488,  46 negative triangles
151: dt=0.8488,  45 negative triangles
152: dt=0.8488,  45 negative triangles
153: dt=0.8488,  45 negative triangles
154: dt=0.8488,  45 negative triangles
155: dt=0.8488,  43 negative triangles
156: dt=0.8064,  45 negative triangles
157: dt=0.8064,  46 negative triangles
158: dt=0.8064,  44 negative triangles
159: dt=0.8064,  48 negative triangles
160: dt=0.8064,  47 negative triangles
161: dt=0.8064,  46 negative triangles
162: dt=0.8064,  45 negative triangles
163: dt=0.8064,  47 negative triangles
164: dt=0.8064,  44 negative triangles
165: dt=0.8064,  42 negative triangles
166: dt=0.8064,  43 negative triangles
167: dt=0.8064,  48 negative triangles
168: dt=0.8064,  46 negative triangles
169: dt=0.8064,  44 negative triangles
170: dt=0.8064,  39 negative triangles
171: dt=0.8064,  48 negative triangles
172: dt=0.8064,  46 negative triangles
173: dt=0.8064,  44 negative triangles
174: dt=0.8064,  47 negative triangles
175: dt=0.8064,  43 negative triangles
176: dt=0.8064,  42 negative triangles
177: dt=0.8064,  46 negative triangles
178: dt=0.8064,  40 negative triangles
179: dt=0.8064,  42 negative triangles
180: dt=0.7660,  43 negative triangles
181: dt=0.7660,  43 negative triangles
182: dt=0.7660,  45 negative triangles
183: dt=0.7660,  41 negative triangles
184: dt=0.7660,  42 negative triangles
185: dt=0.7660,  41 negative triangles
186: dt=0.7660,  41 negative triangles
187: dt=0.7660,  37 negative triangles
188: dt=0.7660,  41 negative triangles
189: dt=0.7660,  38 negative triangles
190: dt=0.7660,  39 negative triangles
191: dt=0.7660,  32 negative triangles
192: dt=0.7660,  40 negative triangles
193: dt=0.7660,  37 negative triangles
194: dt=0.7660,  39 negative triangles
195: dt=0.7660,  34 negative triangles
196: dt=0.7660,  33 negative triangles
197: dt=0.7660,  34 negative triangles
198: dt=0.7660,  37 negative triangles
199: dt=0.7660,  36 negative triangles
200: dt=0.7660,  36 negative triangles
201: dt=0.7660,  31 negative triangles
202: dt=0.7660,  34 negative triangles
203: dt=0.7660,  33 negative triangles
204: dt=0.7660,  35 negative triangles
205: dt=0.7660,  35 negative triangles
206: dt=0.7660,  29 negative triangles
207: dt=0.7660,  36 negative triangles
208: dt=0.7660,  33 negative triangles
209: dt=0.7660,  35 negative triangles
210: dt=0.7660,  38 negative triangles
211: dt=0.7660,  32 negative triangles
212: dt=0.7660,  30 negative triangles
213: dt=0.7660,  27 negative triangles
214: dt=0.7660,  33 negative triangles
215: dt=0.7660,  35 negative triangles
216: dt=0.7660,  29 negative triangles
217: dt=0.7660,  30 negative triangles
218: dt=0.7660,  30 negative triangles
219: dt=0.7660,  26 negative triangles
220: dt=0.7660,  25 negative triangles
221: dt=0.7660,  24 negative triangles
222: dt=0.7660,  22 negative triangles
223: dt=0.7660,  25 negative triangles
224: dt=0.7660,  22 negative triangles
225: dt=0.7660,  22 negative triangles
226: dt=0.7660,  23 negative triangles
227: dt=0.7660,  22 negative triangles
228: dt=0.7660,  20 negative triangles
229: dt=0.7660,  18 negative triangles
230: dt=0.7660,  19 negative triangles
231: dt=0.7660,  16 negative triangles
232: dt=0.7660,  18 negative triangles
233: dt=0.7660,  14 negative triangles
234: dt=0.7660,  14 negative triangles
235: dt=0.7660,  14 negative triangles
236: dt=0.7660,  12 negative triangles
237: dt=0.7660,  11 negative triangles
238: dt=0.7660,   9 negative triangles
239: dt=0.7660,  10 negative triangles
240: dt=0.7660,   3 negative triangles
241: dt=0.7660,   3 negative triangles
242: dt=0.7660,   6 negative triangles
243: dt=0.7660,   1 negative triangles
244: dt=0.7660,   1 negative triangles
245: dt=0.7660,   1 negative triangles
writing spherical brain to ../surf/rh.sphere
spherical transformation took 0.0217 hours
FSRUNTIME@ mris_sphere  0.0217 hours 16 threads
#VMPC# mris_sphere VmPeak  2392700
mris_sphere done
#--------------------------------------------
#@# Surf Reg rh Sun Mar 15 09:38:09 CET 2026
/out/sourcedata/freesurfer/sub-v2s10x28953_ses-1/scripts

 mris_register -curv ../surf/rh.sphere /opt/freesurfer/average/rh.folding.atlas.acfb40.noaparc.i12.2016-08-02.tif ../surf/rh.sphere.reg 

using smoothwm curvature for final alignment

cwd /out/sourcedata/freesurfer/sub-v2s10x28953_ses-1/scripts
cmdline mris_register -curv ../surf/rh.sphere /opt/freesurfer/average/rh.folding.atlas.acfb40.noaparc.i12.2016-08-02.tif ../surf/rh.sphere.reg 

0 inflated.H
1 sulc
2 smoothwm (computed)
7.3.2
  7.3.2
reading surface from ../surf/rh.sphere...
reading template parameterization from /opt/freesurfer/average/rh.folding.atlas.acfb40.noaparc.i12.2016-08-02.tif...
MRISregister() -------
max_passes = 4 
min_degrees = 0.500000 
max_degrees = 64.000000 
nangles = 8 
tol=5.0e-01, sigma=0.0, host=dna07, nav=1024, nbrs=1, l_extern=10000.000, l_parea=0.200, l_nlarea=1.000, l_corr=1.000, l_dist=5.000
using quadratic fit line minimization
complete_dist_mat 0
rms 0
smooth_averages 0
remove_neg 0
ico_order 0
which_surface 0
target_radius 0.000000
nfields 0
scale 0.000000
desired_rms_height -1.000000
momentum 0.950000
nbhd_size -10
max_nbrs 10
niterations 25
nsurfaces 0
SURFACES 3
flags 16 (10)
use curv 16
no sulc 0
no rigid align 0
mris->nsize 1
mris->hemisphere 1
randomSeed 0

tol=5.0e-01, sigma=0.0, host=dna07, nav=1024, nbrs=1, l_extern=10000.000, l_parea=0.200, l_nlarea=1.000, l_corr=1.000, l_dist=5.000
using quadratic fit line minimization
--------------------
1 Reading rh.sulc
tol=1.0e+00, sigma=0.5, host=dna07, nav=1024, nbrs=1, l_extern=10000.000, l_parea=0.200, l_nlarea=1.000, l_corr=0.050, l_spring=0.500, l_dist=5.000
using quadratic fit line minimization
curvature mean = 0.000, std = 5.836
curvature mean = 0.041, std = 0.824
curvature mean = 0.010, std = 0.882
Starting MRISrigidBodyAlignGlobal()
Starting new MRISrigidBodyAlignGlobal_findMinSSE()
  new MRISrigidBodyAlignGlobal_findMinSSE min @ (6.50, -8.50, -9.50) sse = 192026.0, elapsed since starting=0.0425 min
MRISrigidBodyAlignGlobal() done   0.04 min
curvature mean = 0.031, std = 0.844
curvature mean = 0.004, std = 0.956
curvature mean = 0.030, std = 0.855
curvature mean = 0.001, std = 0.983
curvature mean = 0.030, std = 0.858
curvature mean = -0.000, std = 0.994
2 Reading smoothwm
curvature mean = -0.018, std = 0.274
curvature mean = 0.043, std = 0.243
curvature mean = 0.050, std = 0.379
curvature mean = 0.039, std = 0.301
curvature mean = 0.027, std = 0.575
curvature mean = 0.039, std = 0.327
curvature mean = 0.013, std = 0.712
curvature mean = 0.039, std = 0.339
curvature mean = 0.003, std = 0.817
MRISregister() return, current seed 0
-01: dt=0.0000,   1 negative triangles  VmPeak 1746776
098: dt=0.9900,   1 negative triangles
expanding nbhd size to 1
099: dt=0.9900,   1 negative triangles
100: dt=0.9405,   1 negative triangles
101: dt=0.9405,   1 negative triangles
102: dt=0.9405,   1 negative triangles
103: dt=0.9405,   1 negative triangles
104: dt=0.9405,   1 negative triangles
writing registered surface to ../surf/rh.sphere.reg...
registration took 0.03 hours
#VMPC# mris_register VmPeak  1746776
FSRUNTIME@ mris_register  0.0299 hours 16 threads

 ln -sf rh.sphere.reg rh.fsaverage.sphere.reg 

#--------------------------------------------
#@# Jacobian white rh Sun Mar 15 09:39:57 CET 2026
/out/sourcedata/freesurfer/sub-v2s10x28953_ses-1/scripts

 mris_jacobian ../surf/rh.white.preaparc ../surf/rh.sphere.reg ../surf/rh.jacobian_white 

reading surface from ../surf/rh.white.preaparc...
writing curvature file ../surf/rh.jacobian_white
#--------------------------------------------
#@# AvgCurv rh Sun Mar 15 09:39:58 CET 2026
/out/sourcedata/freesurfer/sub-v2s10x28953_ses-1/scripts

 mrisp_paint -a 5 /opt/freesurfer/average/rh.folding.atlas.acfb40.noaparc.i12.2016-08-02.tif#6 ../surf/rh.sphere.reg ../surf/rh.avg_curv 

averaging curvature patterns 5 times...
reading surface from ../surf/rh.sphere.reg...
reading template parameterization from /opt/freesurfer/average/rh.folding.atlas.acfb40.noaparc.i12.2016-08-02.tif...
writing curvature file to ../surf/rh.avg_curv...
#-----------------------------------------
#@# Cortical Parc rh Sun Mar 15 09:39:58 CET 2026
/out/sourcedata/freesurfer/sub-v2s10x28953_ses-1/scripts

 mris_ca_label -l ../label/rh.cortex.label -aseg ../mri/aseg.presurf.mgz -seed 1234 sub-v2s10x28953_ses-1 rh ../surf/rh.sphere.reg /opt/freesurfer/average/rh.DKaparc.atlas.acfb40.noaparc.i12.2016-08-02.gcs ../label/rh.aparc.annot 

setting seed for random number generator to 1234
using ../mri/aseg.presurf.mgz aseg volume to correct midline
7.3.2
  7.3.2
reading atlas from /opt/freesurfer/average/rh.DKaparc.atlas.acfb40.noaparc.i12.2016-08-02.gcs...
reading color table from GCSA file....
average std = 0.7   using min determinant for regularization = 0.004
0 singular and 309 ill-conditioned covariance matrices regularized
input 0: MEAN CURVATURE, flags 0, avgs 5, name mean_curvature
labeling surface...
1195 labels changed using aseg
relabeling using gibbs priors...
000:   2446 changed, 115992 examined...
001:    547 changed, 10662 examined...
002:    144 changed, 3116 examined...
003:     49 changed, 864 examined...
004:     16 changed, 292 examined...
005:      6 changed, 104 examined...
006:      4 changed, 39 examined...
007:      1 changed, 23 examined...
008:      0 changed, 7 examined...
143 labels changed using aseg
000: 81 total segments, 43 labels (135 vertices) changed
001: 37 total segments, 0 labels (0 vertices) changed
10 filter iterations complete (10 requested, 1 changed)
rationalizing unknown annotations with cortex label
relabeling unknown label...
relabeling corpuscallosum label...
1588 vertices marked for relabeling...
1588 labels changed in reclassification.
writing output to ../label/rh.aparc.annot...
classification took 0 minutes and 6 seconds.
#--------------------------------------------
#@# WhiteSurfs rh Sun Mar 15 09:40:04 CET 2026
cd /out/sourcedata/freesurfer/sub-v2s10x28953_ses-1/mri
mris_place_surface --adgws-in ../surf/autodet.gw.stats.rh.dat --seg aseg.presurf.mgz --threads 16 --wm wm.mgz --invol brain.finalsurfs.mgz --rh --i ../surf/rh.white.preaparc --o ../surf/rh.white --white --nsmooth 0 --rip-label ../label/rh.cortex.label --rip-bg --rip-surf ../surf/rh.white.preaparc --aparc ../label/rh.aparc.annot
7.3.2
7.3.2

cd /out/sourcedata/freesurfer/sub-v2s10x28953_ses-1/mri
setenv SUBJECTS_DIR /out/sourcedata/freesurfer
mris_place_surface --adgws-in ../surf/autodet.gw.stats.rh.dat --seg aseg.presurf.mgz --threads 16 --wm wm.mgz --invol brain.finalsurfs.mgz --rh --i ../surf/rh.white.preaparc --o ../surf/rh.white --white --nsmooth 0 --rip-label ../label/rh.cortex.label --rip-bg --rip-surf ../surf/rh.white.preaparc --aparc ../label/rh.aparc.annot 

Reading in input surface ../surf/rh.white.preaparc
Not smoothing input surface
Area    231980  0.34598  0.12763 0.002013   1.8989
Corner  695940 60.00000 14.29028 0.889717 176.2482
Edge    347970  0.90542  0.21119 0.030754   3.9908
Hinge   347970  9.58592 10.92483 0.000112 179.9411
Reading in aparc ../label/rh.aparc.annot
Reading in input volume brain.finalsurfs.mgz
Reading in wm volume wm.mgz
MRIclipBrightWM(): nthresh=15692, wmmin=5, clip=110 
MRIfindBrightNonWM(): 25 bright non-wm voxels segmented.
Masking bright non-wm for white surface
MRImask(): AllowDiffGeom = 1
MRImask(): AllowDiffGeom = 1
Reading in seg volume aseg.presurf.mgz
Ripping frozen voxels
Ripping vertices not in label ../label/rh.cortex.label
MRISripNotLabel() ripped 7137/115992 vertices (108855 unripped)
Reading in ripping surface ../surf/rh.white.preaparc
Reading in aparc ../label/rh.aparc.annot for ripsurf
Ripping BG
MRISripBasalGanglia(): 1 -2 2 0.5 ripped 482
Ripping segs (eg, WMSA, BG, frozen)
Starting MRISripSegs() d = (-2 2 0.5) segnos: 247 
MRISripSegs(): -2 2 0.5 ripped 0
vertex 57996: xyz = (42.6791,-12.0666,15.1359) oxyz = (42.6791,-12.0666,15.1359) wxzy = (42.6791,-12.0666,15.1359) pxyz = (0,0,0) 
CBVO Creating mask 115992
n_averages 4
Iteration 0 =========================================
n_averages=4, current_sigma=2
Computing target border values 
Entering MRIScomputeBorderValues_new(): 
  inside_hi   = 120.0000000;
  border_hi   = 112.2795100;
  border_low  =  69.0000000;
  outside_low =  59.3524480;
  outside_hi  = 112.2795100;
  sigma = 2;
  max_thickness = 10;
  step_size=0.5;
  STEP_SIZE=0.1;
  which = 1
  thresh = 0
  flags = 0
  CBVfindFirstPeakD1=0
  CBVfindFirstPeakD2=0
  nvertices=115992
  Gdiag_no=-1
  vno start=0, stop=115992
Replacing 255s with 0s
#SI# sigma=2 had to be increased for 103 vertices, nripped=7619
mean border=80.1, 35 (35) missing vertices, mean dist 0.3 [1.0 (%13.3)->0.5 (%86.7))]
%64 local maxima, %29 large gradients and % 0 min vals, 0 gradients ignored
nFirstPeakD1 0
MRIScomputeBorderValues_new() finished in 0.0091 min


Finding expansion regions
mean absolute distance = 0.58 +- 0.89
2371 vertices more than 2 sigmas from mean.
Averaging target values for 5 iterations...
Positioning Surface: tspring = 0.3, nspring = 0.3, spring = 0, niters = 100 l_repulse = 5, l_surf_repulse = 0, checktol = 0
Positioning pial surface
Entering MRISpositionSurface()
  max_mm = 0.3
  MAX_REDUCTIONS = 2, REDUCTION_PCT = 0.5
  parms->check_tol = 0, niterations = 100
tol=1.0e-04, sigma=2.0, host=dna07, nav=4, nbrs=2, l_repulse=5.000, l_tspring=0.300, l_nspring=0.300, l_intensity=0.200, l_curv=1.000
mom=0.00, dt=0.50
complete_dist_mat 0
rms 0
smooth_averages 0
remove_neg 0
ico_order 0
which_surface 0
target_radius 0.000000
nfields 0
scale 0.000000
desired_rms_height 0.000000
momentum 0.000000
nbhd_size 0
max_nbrs 0
niterations 100
nsurfaces 0
SURFACES 3
flags 0 (0)
use curv 0
no sulc 0
no rigid align 0
mris->nsize 2
mris->hemisphere 1
randomSeed 0

000: dt: 0.0000, sse=1327868.8, rms=7.311
001: dt: 0.5000, sse=519607.4, rms=4.029 (44.888%)
002: dt: 0.5000, sse=361881.4, rms=2.986 (25.892%)
003: dt: 0.5000, sse=340343.2, rms=2.815 (5.730%)
004: dt: 0.5000, sse=328908.6, rms=2.706 (3.875%)
rms = 2.7844/2.7057, sse=338213.2/328908.6, time step reduction 1 of 3 to 0.250  0 1 1
   RMS increased, rejecting step
005: dt: 0.2500, sse=248439.2, rms=1.892 (30.072%)
006: dt: 0.2500, sse=220344.0, rms=1.502 (20.624%)
007: dt: 0.2500, sse=213077.4, rms=1.378 (8.217%)
rms = 1.3356/1.3784, sse=211090.2/213077.4, time step reduction 2 of 3 to 0.125  0 0 1
008: dt: 0.2500, sse=211090.2, rms=1.336 (3.108%)
rms = 1.2978/1.3356, sse=209049.2/211090.2, time step reduction 3 of 3 to 0.062  0 0 1
009: dt: 0.1250, sse=209049.2, rms=1.298 (2.831%)
  maximum number of reductions reached, breaking from loop
positioning took 0.6 minutes
Iteration 1 =========================================
n_averages=2, current_sigma=1
Computing target border values 
Entering MRIScomputeBorderValues_new(): 
  inside_hi   = 120.0000000;
  border_hi   = 112.2795100;
  border_low  =  69.0000000;
  outside_low =  59.3524480;
  outside_hi  = 112.2795100;
  sigma = 1;
  max_thickness = 10;
  step_size=0.5;
  STEP_SIZE=0.1;
  which = 1
  thresh = 0
  flags = 0
  CBVfindFirstPeakD1=0
  CBVfindFirstPeakD2=0
  nvertices=115992
  Gdiag_no=-1
  vno start=0, stop=115992
Replacing 255s with 0s
#SI# sigma=1 had to be increased for 88 vertices, nripped=7619
mean border=82.9, 62 (7) missing vertices, mean dist -0.2 [0.4 (%74.9)->0.3 (%25.1))]
%76 local maxima, %17 large gradients and % 0 min vals, 0 gradients ignored
nFirstPeakD1 0
MRIScomputeBorderValues_new() finished in 0.0067 min


Finding expansion regions
mean absolute distance = 0.34 +- 0.62
1974 vertices more than 2 sigmas from mean.
Averaging target values for 5 iterations...
Positioning Surface: tspring = 0.3, nspring = 0.3, spring = 0, niters = 100 l_repulse = 5, l_surf_repulse = 0, checktol = 0
Positioning pial surface
Entering MRISpositionSurface()
  max_mm = 0.3
  MAX_REDUCTIONS = 2, REDUCTION_PCT = 0.5
  parms->check_tol = 0, niterations = 100
tol=1.0e-04, sigma=1.0, host=dna07, nav=2, nbrs=2, l_repulse=5.000, l_tspring=0.300, l_nspring=0.300, l_intensity=0.200, l_curv=1.000
mom=0.00, dt=0.50
000: dt: 0.0000, sse=546575.4, rms=4.103
010: dt: 0.5000, sse=325457.0, rms=2.573 (37.282%)
rms = 2.6095/2.5735, sse=328256.3/325457.0, time step reduction 1 of 3 to 0.250  0 1 1
   RMS increased, rejecting step
011: dt: 0.2500, sse=261386.4, rms=1.917 (25.516%)
012: dt: 0.2500, sse=227284.2, rms=1.453 (24.193%)
013: dt: 0.2500, sse=215567.2, rms=1.250 (13.970%)
014: dt: 0.2500, sse=211419.9, rms=1.165 (6.804%)
rms = 1.1221/1.1650, sse=209528.8/211419.9, time step reduction 2 of 3 to 0.125  0 0 1
015: dt: 0.2500, sse=209528.8, rms=1.122 (3.687%)
rms = 1.0856/1.1221, sse=207905.8/209528.8, time step reduction 3 of 3 to 0.062  0 0 1
016: dt: 0.1250, sse=207905.8, rms=1.086 (3.247%)
  maximum number of reductions reached, breaking from loop
positioning took 0.4 minutes
Iteration 2 =========================================
n_averages=1, current_sigma=0.5
Computing target border values 
Entering MRIScomputeBorderValues_new(): 
  inside_hi   = 120.0000000;
  border_hi   = 112.2795100;
  border_low  =  69.0000000;
  outside_low =  59.3524480;
  outside_hi  = 112.2795100;
  sigma = 0.5;
  max_thickness = 10;
  step_size=0.5;
  STEP_SIZE=0.1;
  which = 1
  thresh = 0
  flags = 0
  CBVfindFirstPeakD1=0
  CBVfindFirstPeakD2=0
  nvertices=115992
  Gdiag_no=-1
  vno start=0, stop=115992
Replacing 255s with 0s
#SI# sigma=0.5 had to be increased for 81 vertices, nripped=7619
mean border=85.1, 76 (2) missing vertices, mean dist -0.1 [0.3 (%72.8)->0.2 (%27.2))]
%84 local maxima, % 9 large gradients and % 0 min vals, 0 gradients ignored
nFirstPeakD1 0
MRIScomputeBorderValues_new() finished in 0.0038 min


Finding expansion regions
mean absolute distance = 0.25 +- 0.43
2268 vertices more than 2 sigmas from mean.
Averaging target values for 5 iterations...
Positioning Surface: tspring = 0.3, nspring = 0.3, spring = 0, niters = 100 l_repulse = 5, l_surf_repulse = 0, checktol = 0
Positioning pial surface
Entering MRISpositionSurface()
  max_mm = 0.3
  MAX_REDUCTIONS = 2, REDUCTION_PCT = 0.5
  parms->check_tol = 0, niterations = 100
tol=1.0e-04, sigma=0.5, host=dna07, nav=1, nbrs=2, l_repulse=5.000, l_tspring=0.300, l_nspring=0.300, l_intensity=0.200, l_curv=1.000
mom=0.00, dt=0.50
000: dt: 0.0000, sse=376982.5, rms=3.024
017: dt: 0.5000, sse=303166.2, rms=2.344 (22.476%)
rms = 2.5593/2.3442, sse=325136.5/303166.2, time step reduction 1 of 3 to 0.250  0 1 1
   RMS increased, rejecting step
018: dt: 0.2500, sse=231841.3, rms=1.527 (34.854%)
019: dt: 0.2500, sse=206069.4, rms=1.097 (28.198%)
020: dt: 0.2500, sse=200557.6, rms=0.982 (10.471%)
rms = 0.9620/0.9817, sse=199506.4/200557.6, time step reduction 2 of 3 to 0.125  0 0 1
021: dt: 0.2500, sse=199506.4, rms=0.962 (2.003%)
rms = 0.9279/0.9620, sse=197977.7/199506.4, time step reduction 3 of 3 to 0.062  0 0 1
022: dt: 0.1250, sse=197977.7, rms=0.928 (3.547%)
  maximum number of reductions reached, breaking from loop
positioning took 0.4 minutes
Iteration 3 =========================================
n_averages=0, current_sigma=0.25
Computing target border values 
Entering MRIScomputeBorderValues_new(): 
  inside_hi   = 120.0000000;
  border_hi   = 112.2795100;
  border_low  =  69.0000000;
  outside_low =  59.3524480;
  outside_hi  = 112.2795100;
  sigma = 0.25;
  max_thickness = 10;
  step_size=0.5;
  STEP_SIZE=0.1;
  which = 1
  thresh = 0
  flags = 0
  CBVfindFirstPeakD1=0
  CBVfindFirstPeakD2=0
  nvertices=115992
  Gdiag_no=-1
  vno start=0, stop=115992
Replacing 255s with 0s
#SI# sigma=0.25 had to be increased for 107 vertices, nripped=7619
mean border=85.8, 104 (0) missing vertices, mean dist -0.0 [0.2 (%57.9)->0.2 (%42.1))]
%87 local maxima, % 7 large gradients and % 0 min vals, 0 gradients ignored
nFirstPeakD1 0
MRIScomputeBorderValues_new() finished in 0.0025 min


Finding expansion regions
mean absolute distance = 0.20 +- 0.35
2372 vertices more than 2 sigmas from mean.
Averaging target values for 5 iterations...
Positioning Surface: tspring = 0.3, nspring = 0.3, spring = 0, niters = 100 l_repulse = 5, l_surf_repulse = 0, checktol = 0
Positioning pial surface
Entering MRISpositionSurface()
  max_mm = 0.3
  MAX_REDUCTIONS = 2, REDUCTION_PCT = 0.5
  parms->check_tol = 0, niterations = 100
tol=1.0e-04, sigma=0.2, host=dna07, nav=0, nbrs=2, l_repulse=5.000, l_tspring=0.300, l_nspring=0.300, l_intensity=0.200, l_curv=1.000
mom=0.00, dt=0.50
000: dt: 0.0000, sse=214531.6, rms=1.316
rms = 1.3766/1.3161, sse=223615.2/214531.6, time step reduction 1 of 3 to 0.250  0 1 1
   RMS increased, rejecting step
023: dt: 0.2500, sse=196733.4, rms=0.941 (28.528%)
024: dt: 0.2500, sse=191075.5, rms=0.746 (20.690%)
rms = 0.7474/0.7460, sse=190675.4/191075.5, time step reduction 2 of 3 to 0.125  0 0 1
   RMS increased, rejecting step
rms = 0.7429/0.7460, sse=190816.7/191075.5, time step reduction 3 of 3 to 0.062  0 0 1
025: dt: 0.1250, sse=190816.7, rms=0.743 (0.418%)
  maximum number of reductions reached, breaking from loop
positioning took 0.2 minutes


Writing output to ../surf/rh.white
#ET# mris_place_surface  1.62 minutes
#VMPC# mris_place_surfaces VmPeak  2816548
mris_place_surface done
#--------------------------------------------
#@# T1PialSurf rh Sun Mar 15 09:41:45 CET 2026
cd /out/sourcedata/freesurfer/sub-v2s10x28953_ses-1/mri
mris_place_surface --adgws-in ../surf/autodet.gw.stats.rh.dat --seg aseg.presurf.mgz --threads 16 --wm wm.mgz --invol brain.finalsurfs.mgz --rh --i ../surf/rh.white --o ../surf/rh.pial.T1 --pial --nsmooth 0 --rip-label ../label/rh.cortex+hipamyg.label --pin-medial-wall ../label/rh.cortex.label --aparc ../label/rh.aparc.annot --repulse-surf ../surf/rh.white --white-surf ../surf/rh.white
7.3.2
7.3.2

cd /out/sourcedata/freesurfer/sub-v2s10x28953_ses-1/mri
setenv SUBJECTS_DIR /out/sourcedata/freesurfer
mris_place_surface --adgws-in ../surf/autodet.gw.stats.rh.dat --seg aseg.presurf.mgz --threads 16 --wm wm.mgz --invol brain.finalsurfs.mgz --rh --i ../surf/rh.white --o ../surf/rh.pial.T1 --pial --nsmooth 0 --rip-label ../label/rh.cortex+hipamyg.label --pin-medial-wall ../label/rh.cortex.label --aparc ../label/rh.aparc.annot --repulse-surf ../surf/rh.white --white-surf ../surf/rh.white 

Reading in input surface ../surf/rh.white
Not smoothing input surface
Area    231980  0.35065  0.14372 0.000660   2.6634
Corner  695940 60.00000 15.91707 0.347662 178.3465
Edge    347970  0.91325  0.23268 0.010557   3.9908
Hinge   347970  9.79213 11.49818 0.000124 179.9411
Reading white surface coordinates from ../surf/rh.white
Reading repulsion surface coordinates from ../surf/rh.white
Reading in aparc ../label/rh.aparc.annot
Reading in input volume brain.finalsurfs.mgz
Reading in wm volume wm.mgz
MRIclipBrightWM(): nthresh=15692, wmmin=5, clip=110 
MRIfindBrightNonWM(): 25 bright non-wm voxels segmented.
Masking bright non-wm for pial surface mid_gray = 67.8889
MRImask(): AllowDiffGeom = 1
MRImask(): AllowDiffGeom = 1
MRImask(): AllowDiffGeom = 1
Reading in seg volume aseg.presurf.mgz
Ripping frozen voxels
Ripping vertices not in label ../label/rh.cortex+hipamyg.label
MRISripNotLabel() ripped 5014/115992 vertices (110978 unripped)
INFO: rip surface needed but not specified, so using input surface
Ripping segs (eg, WMSA, BG, frozen)
Starting MRISripSegs() d = (-2 2 0.5) segnos: 247 
MRISripSegs(): -2 2 0.5 ripped 0
vertex 57996: xyz = (42.6537,-12.0801,15.1609) oxyz = (42.6537,-12.0801,15.1609) wxzy = (42.6537,-12.0801,15.1609) pxyz = (42.6537,-12.0801,15.1609) 
CBVO Creating mask 115992
n_averages 16
Iteration 0 =========================================
n_averages=16, current_sigma=2
Computing target border values 
Entering MRIScomputeBorderValues_new(): 
  inside_hi   =  95.7204900;
  border_hi   =  59.3524480;
  border_low  =  40.0573390;
  outside_low =  10.0000000;
  outside_hi  =  54.5286710;
  sigma = 2;
  max_thickness = 10;
  step_size=0.5;
  STEP_SIZE=0.1;
  which = 2
  thresh = 0
  flags = 0
  CBVfindFirstPeakD1=0
  CBVfindFirstPeakD2=0
  nvertices=115992
  Gdiag_no=-1
  vno start=0, stop=115992
Replacing 255s with 0s
#SI# sigma=2 had to be increased for 163 vertices, nripped=5014
mean border=57.7, 85 (85) missing vertices, mean dist 1.6 [3.0 (%0.0)->2.8 (%100.0))]
%13 local maxima, %44 large gradients and %39 min vals, 0 gradients ignored
nFirstPeakD1 0
MRIScomputeBorderValues_new() finished in 0.0084 min


Averaging target values for 5 iterations...
Positioning Surface: tspring = 0.3, nspring = 0.3, spring = 0, niters = 100 l_repulse = 0, l_surf_repulse = 5, checktol = 0
Positioning pial surface
Entering MRISpositionSurface()
  max_mm = 0.3
  MAX_REDUCTIONS = 2, REDUCTION_PCT = 0.5
  parms->check_tol = 0, niterations = 100
tol=1.0e-04, sigma=2.0, host=dna07, nav=16, nbrs=2, l_surf_repulse=5.000, l_tspring=0.300, l_nspring=0.300, l_intensity=0.200, l_curv=1.000
mom=0.00, dt=0.50
complete_dist_mat 0
rms 0
smooth_averages 0
remove_neg 0
ico_order 0
which_surface 0
target_radius 0.000000
nfields 0
scale 0.000000
desired_rms_height 0.000000
momentum 0.000000
nbhd_size 0
max_nbrs 0
niterations 100
nsurfaces 0
SURFACES 3
flags 0 (0)
use curv 0
no sulc 0
no rigid align 0
mris->nsize 2
mris->hemisphere 1
randomSeed 0

000: dt: 0.0000, sse=18314826.0, rms=28.598
001: dt: 0.5000, sse=12429409.0, rms=23.505 (17.811%)
002: dt: 0.5000, sse=8371962.5, rms=19.222 (18.223%)
003: dt: 0.5000, sse=5820449.0, rms=15.948 (17.033%)
004: dt: 0.5000, sse=4259221.0, rms=13.558 (14.984%)
005: dt: 0.5000, sse=3255625.5, rms=11.767 (13.214%)
006: dt: 0.5000, sse=2539802.0, rms=10.298 (12.482%)
007: dt: 0.5000, sse=2008857.0, rms=9.054 (12.081%)
008: dt: 0.5000, sse=1606716.8, rms=7.981 (11.846%)
009: dt: 0.5000, sse=1304551.1, rms=7.067 (11.457%)
010: dt: 0.5000, sse=1072614.6, rms=6.273 (11.233%)
011: dt: 0.5000, sse=901266.1, rms=5.613 (10.525%)
012: dt: 0.5000, sse=771119.4, rms=5.052 (9.985%)
013: dt: 0.5000, sse=681222.6, rms=4.624 (8.478%)
014: dt: 0.5000, sse=612461.3, rms=4.266 (7.739%)
015: dt: 0.5000, sse=568880.7, rms=4.021 (5.739%)
016: dt: 0.5000, sse=535845.0, rms=3.824 (4.905%)
017: dt: 0.5000, sse=516354.3, rms=3.702 (3.202%)
018: dt: 0.5000, sse=498851.2, rms=3.587 (3.092%)
019: dt: 0.5000, sse=488133.3, rms=3.514 (2.047%)
020: dt: 0.5000, sse=477467.4, rms=3.440 (2.099%)
rms = 3.4006/3.4399, sse=472058.7/477467.4, time step reduction 1 of 3 to 0.250  0 0 1
021: dt: 0.5000, sse=472058.7, rms=3.401 (1.144%)
022: dt: 0.2500, sse=401917.0, rms=2.875 (15.442%)
023: dt: 0.2500, sse=387997.9, rms=2.761 (3.989%)
rms = 2.7424/2.7608, sse=385999.3/387997.9, time step reduction 2 of 3 to 0.125  0 0 1
024: dt: 0.2500, sse=385999.3, rms=2.742 (0.665%)
025: dt: 0.1250, sse=378999.7, rms=2.681 (2.256%)
rms = 2.6675/2.6806, sse=377538.1/378999.7, time step reduction 3 of 3 to 0.062  0 0 1
026: dt: 0.1250, sse=377538.1, rms=2.668 (0.487%)
  maximum number of reductions reached, breaking from loop
positioning took 1.4 minutes
Iteration 1 =========================================
n_averages=8, current_sigma=1
Computing target border values 
Entering MRIScomputeBorderValues_new(): 
  inside_hi   =  95.7204900;
  border_hi   =  59.3524480;
  border_low  =  40.0573390;
  outside_low =  10.0000000;
  outside_hi  =  54.5286710;
  sigma = 1;
  max_thickness = 10;
  step_size=0.5;
  STEP_SIZE=0.1;
  which = 2
  thresh = 0
  flags = 0
  CBVfindFirstPeakD1=0
  CBVfindFirstPeakD2=0
  nvertices=115992
  Gdiag_no=-1
  vno start=0, stop=115992
Replacing 255s with 0s
#SI# sigma=1 had to be increased for 9766 vertices, nripped=5014
mean border=56.4, 1555 (12) missing vertices, mean dist 0.2 [0.2 (%46.6)->0.6 (%53.4))]
%24 local maxima, %37 large gradients and %34 min vals, 0 gradients ignored
nFirstPeakD1 0
MRIScomputeBorderValues_new() finished in 0.0034 min


Averaging target values for 5 iterations...
Positioning Surface: tspring = 0.3, nspring = 0.3, spring = 0, niters = 100 l_repulse = 0, l_surf_repulse = 5, checktol = 0
Positioning pial surface
Entering MRISpositionSurface()
  max_mm = 0.3
  MAX_REDUCTIONS = 2, REDUCTION_PCT = 0.5
  parms->check_tol = 0, niterations = 100
tol=1.0e-04, sigma=1.0, host=dna07, nav=8, nbrs=2, l_surf_repulse=5.000, l_tspring=0.300, l_nspring=0.300, l_intensity=0.200, l_curv=1.000
mom=0.00, dt=0.50
000: dt: 0.0000, sse=556937.7, rms=3.590
027: dt: 0.5000, sse=508502.1, rms=3.269 (8.962%)
rms = 3.2219/3.2685, sse=499678.3/508502.1, time step reduction 1 of 3 to 0.250  0 0 1
028: dt: 0.5000, sse=499678.2, rms=3.222 (1.427%)
029: dt: 0.2500, sse=437571.8, rms=2.733 (15.173%)
030: dt: 0.2500, sse=424515.3, rms=2.622 (4.078%)
rms = 2.6019/2.6216, sse=422386.6/424515.3, time step reduction 2 of 3 to 0.125  0 0 1
031: dt: 0.2500, sse=422386.6, rms=2.602 (0.750%)
032: dt: 0.1250, sse=414447.6, rms=2.529 (2.812%)
rms = 2.5097/2.5287, sse=412377.6/414447.6, time step reduction 3 of 3 to 0.062  0 0 1
033: dt: 0.1250, sse=412377.6, rms=2.510 (0.754%)
  maximum number of reductions reached, breaking from loop
positioning took 0.4 minutes
Iteration 2 =========================================
n_averages=4, current_sigma=0.5
Computing target border values 
Entering MRIScomputeBorderValues_new(): 
  inside_hi   =  95.7204900;
  border_hi   =  59.3524480;
  border_low  =  40.0573390;
  outside_low =  10.0000000;
  outside_hi  =  54.5286710;
  sigma = 0.5;
  max_thickness = 10;
  step_size=0.5;
  STEP_SIZE=0.1;
  which = 2
  thresh = 0
  flags = 0
  CBVfindFirstPeakD1=0
  CBVfindFirstPeakD2=0
  nvertices=115992
  Gdiag_no=-1
  vno start=0, stop=115992
Replacing 255s with 0s
#SI# sigma=0.5 had to be increased for 10805 vertices, nripped=5014
mean border=55.4, 1850 (9) missing vertices, mean dist 0.1 [0.2 (%39.1)->0.4 (%60.9))]
%37 local maxima, %23 large gradients and %34 min vals, 0 gradients ignored
nFirstPeakD1 0
MRIScomputeBorderValues_new() finished in 0.0021 min


Averaging target values for 5 iterations...
Positioning Surface: tspring = 0.3, nspring = 0.3, spring = 0, niters = 100 l_repulse = 0, l_surf_repulse = 5, checktol = 0
Positioning pial surface
Entering MRISpositionSurface()
  max_mm = 0.3
  MAX_REDUCTIONS = 2, REDUCTION_PCT = 0.5
  parms->check_tol = 0, niterations = 100
tol=1.0e-04, sigma=0.5, host=dna07, nav=4, nbrs=2, l_surf_repulse=5.000, l_tspring=0.300, l_nspring=0.300, l_intensity=0.200, l_curv=1.000
mom=0.00, dt=0.50
000: dt: 0.0000, sse=482161.2, rms=3.030
rms = 3.0210/3.0299, sse=481022.9/482161.2, time step reduction 1 of 3 to 0.250  0 0 1
034: dt: 0.5000, sse=481022.9, rms=3.021 (0.293%)
035: dt: 0.2500, sse=430708.8, rms=2.619 (13.308%)
036: dt: 0.2500, sse=421684.3, rms=2.542 (2.940%)
rms = 2.5351/2.5420, sse=420781.4/421684.3, time step reduction 2 of 3 to 0.125  0 0 1
037: dt: 0.2500, sse=420781.4, rms=2.535 (0.269%)
038: dt: 0.1250, sse=411570.7, rms=2.450 (3.376%)
rms = 2.4344/2.4496, sse=409877.4/411570.6, time step reduction 3 of 3 to 0.062  0 0 1
039: dt: 0.1250, sse=409877.3, rms=2.434 (0.617%)
  maximum number of reductions reached, breaking from loop
positioning took 0.3 minutes
Iteration 3 =========================================
n_averages=2, current_sigma=0.25
Computing target border values 
Entering MRIScomputeBorderValues_new(): 
  inside_hi   =  95.7204900;
  border_hi   =  59.3524480;
  border_low  =  40.0573390;
  outside_low =  10.0000000;
  outside_hi  =  54.5286710;
  sigma = 0.25;
  max_thickness = 10;
  step_size=0.5;
  STEP_SIZE=0.1;
  which = 2
  thresh = 0
  flags = 0
  CBVfindFirstPeakD1=0
  CBVfindFirstPeakD2=0
  nvertices=115992
  Gdiag_no=-1
  vno start=0, stop=115992
Replacing 255s with 0s
#SI# sigma=0.25 had to be increased for 9086 vertices, nripped=5014
mean border=54.7, 4274 (9) missing vertices, mean dist 0.1 [0.2 (%41.3)->0.3 (%58.7))]
%42 local maxima, %17 large gradients and %32 min vals, 0 gradients ignored
nFirstPeakD1 0
MRIScomputeBorderValues_new() finished in 0.0014 min


Averaging target values for 5 iterations...
Positioning Surface: tspring = 0.3, nspring = 0.3, spring = 0, niters = 100 l_repulse = 0, l_surf_repulse = 5, checktol = 0
Positioning pial surface
Entering MRISpositionSurface()
  max_mm = 0.3
  MAX_REDUCTIONS = 2, REDUCTION_PCT = 0.5
  parms->check_tol = 0, niterations = 100
tol=1.0e-04, sigma=0.2, host=dna07, nav=2, nbrs=2, l_surf_repulse=5.000, l_tspring=0.300, l_nspring=0.300, l_intensity=0.200, l_curv=1.000
mom=0.00, dt=0.50
000: dt: 0.0000, sse=429351.8, rms=2.602
rms = 2.7689/2.6018, sse=448480.0/429351.7, time step reduction 1 of 3 to 0.250  0 1 1
   RMS increased, rejecting step
040: dt: 0.2500, sse=416338.2, rms=2.484 (4.518%)
041: dt: 0.2500, sse=409719.3, rms=2.427 (2.311%)
rms = 2.4110/2.4268, sse=407596.5/409719.3, time step reduction 2 of 3 to 0.125  0 0 1
042: dt: 0.2500, sse=407596.5, rms=2.411 (0.651%)
043: dt: 0.1250, sse=402270.8, rms=2.360 (2.124%)
rms = 2.3445/2.3598, sse=400481.9/402270.9, time step reduction 3 of 3 to 0.062  0 0 1
044: dt: 0.1250, sse=400481.9, rms=2.345 (0.648%)
  maximum number of reductions reached, breaking from loop
positioning took 0.3 minutes
Pinning medial wall to white surface
removing intersecting faces
000: 23 intersecting
terminating search with 0 intersecting


Writing output to ../surf/rh.pial.T1
#ET# mris_place_surface  2.41 minutes
#VMPC# mris_place_surfaces VmPeak  2444196
mris_place_surface done
#@# white curv rh Sun Mar 15 09:44:13 CET 2026
cd /out/sourcedata/freesurfer/sub-v2s10x28953_ses-1/mri
mris_place_surface --curv-map ../surf/rh.white 2 10 ../surf/rh.curv
insurf  ../surf/rh.white, nbrs 2, curvature_avgs 10
writing curvature file ../surf/rh.curv
#@# white area rh Sun Mar 15 09:44:14 CET 2026
cd /out/sourcedata/freesurfer/sub-v2s10x28953_ses-1/mri
mris_place_surface --area-map ../surf/rh.white ../surf/rh.area
writing curvature file ../surf/rh.area
#@# pial curv rh Sun Mar 15 09:44:14 CET 2026
cd /out/sourcedata/freesurfer/sub-v2s10x28953_ses-1/mri
mris_place_surface --curv-map ../surf/rh.pial 2 10 ../surf/rh.curv.pial
insurf  ../surf/rh.pial, nbrs 2, curvature_avgs 10
writing curvature file ../surf/rh.curv.pial
#@# pial area rh Sun Mar 15 09:44:15 CET 2026
cd /out/sourcedata/freesurfer/sub-v2s10x28953_ses-1/mri
mris_place_surface --area-map ../surf/rh.pial ../surf/rh.area.pial
writing curvature file ../surf/rh.area.pial
#@# thickness rh Sun Mar 15 09:44:15 CET 2026
cd /out/sourcedata/freesurfer/sub-v2s10x28953_ses-1/mri
mris_place_surface --thickness ../surf/rh.white ../surf/rh.pial 20 5 ../surf/rh.thickness
0 of 115992 vertices processed
25000 of 115992 vertices processed
50000 of 115992 vertices processed
75000 of 115992 vertices processed
100000 of 115992 vertices processed
0 of 115992 vertices processed
25000 of 115992 vertices processed
50000 of 115992 vertices processed
75000 of 115992 vertices processed
100000 of 115992 vertices processed
thickness calculation complete, 460:1584 truncations.
51230 vertices at 0 distance
89356 vertices at 1 distance
56676 vertices at 2 distance
21258 vertices at 3 distance
7939 vertices at 4 distance
2956 vertices at 5 distance
1253 vertices at 6 distance
539 vertices at 7 distance
255 vertices at 8 distance
120 vertices at 9 distance
87 vertices at 10 distance
64 vertices at 11 distance
43 vertices at 12 distance
43 vertices at 13 distance
30 vertices at 14 distance
25 vertices at 15 distance
37 vertices at 16 distance
32 vertices at 17 distance
17 vertices at 18 distance
11 vertices at 19 distance
13 vertices at 20 distance
writing curvature file ../surf/rh.thickness
#@# area and vertex vol rh Sun Mar 15 09:44:31 CET 2026
cd /out/sourcedata/freesurfer/sub-v2s10x28953_ses-1/mri
mris_place_surface --thickness ../surf/rh.white ../surf/rh.pial 20 5 ../surf/rh.thickness
/out/sourcedata/freesurfer/sub-v2s10x28953_ses-1/surf
mris_calc -o rh.area.mid rh.area add rh.area.pial
Saving result to 'rh.area.mid' (type = MRI_CURV_FILE)                       [ ok ]
mris_calc -o rh.area.mid rh.area.mid div 2
Saving result to 'rh.area.mid' (type = MRI_CURV_FILE)                       [ ok ]
mris_convert --volume sub-v2s10x28953_ses-1 rh /out/sourcedata/freesurfer/sub-v2s10x28953_ses-1/surf/rh.volume
masking with /out/sourcedata/freesurfer/sub-v2s10x28953_ses-1/label/rh.cortex.label
Total face volume 231074
Total vertex volume 230868 (mask=0)
#@# sub-v2s10x28953_ses-1 rh 230868
 
vertexvol Done

#-----------------------------------------
#@# Curvature Stats rh Sun Mar 15 09:44:31 CET 2026
/out/sourcedata/freesurfer/sub-v2s10x28953_ses-1/surf

 mris_curvature_stats -m --writeCurvatureFiles -G -o ../stats/rh.curv.stats -F smoothwm sub-v2s10x28953_ses-1 rh curv sulc 

             Toggling save flag on curvature files                       [ ok ]
                 Outputting results using filestem   [ ../stats/rh.curv.stats ]
             Toggling save flag on curvature files                       [ ok ]
                                   Setting surface [ sub-v2s10x28953_ses-1/rh.smoothwm ]
                                Reading surface...                       [ ok ]
                                   Setting texture                     [ curv ]
                                Reading texture...                       [ ok ]
                                   Setting texture                     [ sulc ]
                                Reading texture...Gb_filter = 0
                       [ ok ]
      Calculating Discrete Principal Curvatures...
      Determining geometric order for vno faces... [####################] [ ok ]
                      Determining KH curvatures... [####################] [ ok ]
                    Determining k1k2 curvatures... [####################] [ ok ]
                                   deltaViolations                      [ 192 ]
Gb_filter = 0

WARN:    S lookup   min:                          -0.088777
WARN:    S explicit min:                          0.000000	vertex = 728
#-----------------------------------------
#@# Cortical Parc 2 rh Sun Mar 15 09:44:33 CET 2026
/out/sourcedata/freesurfer/sub-v2s10x28953_ses-1/scripts

 mris_ca_label -l ../label/rh.cortex.label -aseg ../mri/aseg.presurf.mgz -seed 1234 sub-v2s10x28953_ses-1 rh ../surf/rh.sphere.reg /opt/freesurfer/average/rh.CDaparc.atlas.acfb40.noaparc.i12.2016-08-02.gcs ../label/rh.aparc.a2009s.annot 

setting seed for random number generator to 1234
using ../mri/aseg.presurf.mgz aseg volume to correct midline
7.3.2
  7.3.2
reading atlas from /opt/freesurfer/average/rh.CDaparc.atlas.acfb40.noaparc.i12.2016-08-02.gcs...
reading color table from GCSA file....
average std = 1.4   using min determinant for regularization = 0.021
0 singular and 0 ill-conditioned covariance matrices regularized
input 0: MEAN CURVATURE, flags 0, avgs 5, name mean_curvature
labeling surface...
0 labels changed using aseg
relabeling using gibbs priors...
000:   7856 changed, 115992 examined...
001:   1729 changed, 30894 examined...
002:    480 changed, 9320 examined...
003:    201 changed, 2855 examined...
004:     86 changed, 1182 examined...
005:     59 changed, 512 examined...
006:     21 changed, 332 examined...
007:     12 changed, 131 examined...
008:     11 changed, 83 examined...
009:      5 changed, 64 examined...
010:      3 changed, 33 examined...
011:      1 changed, 20 examined...
012:      0 changed, 8 examined...
0 labels changed using aseg
000: 198 total segments, 107 labels (1327 vertices) changed
001: 97 total segments, 6 labels (25 vertices) changed
002: 91 total segments, 0 labels (0 vertices) changed
10 filter iterations complete (10 requested, 27 changed)
rationalizing unknown annotations with cortex label
relabeling Medial_wall label...
1246 vertices marked for relabeling...
1246 labels changed in reclassification.
writing output to ../label/rh.aparc.a2009s.annot...
classification took 0 minutes and 8 seconds.
#-----------------------------------------
#@# Cortical Parc 3 rh Sun Mar 15 09:44:41 CET 2026
/out/sourcedata/freesurfer/sub-v2s10x28953_ses-1/scripts

 mris_ca_label -l ../label/rh.cortex.label -aseg ../mri/aseg.presurf.mgz -seed 1234 sub-v2s10x28953_ses-1 rh ../surf/rh.sphere.reg /opt/freesurfer/average/rh.DKTaparc.atlas.acfb40.noaparc.i12.2016-08-02.gcs ../label/rh.aparc.DKTatlas.annot 

setting seed for random number generator to 1234
using ../mri/aseg.presurf.mgz aseg volume to correct midline
7.3.2
  7.3.2
reading atlas from /opt/freesurfer/average/rh.DKTaparc.atlas.acfb40.noaparc.i12.2016-08-02.gcs...
reading color table from GCSA file....
average std = 0.9   using min determinant for regularization = 0.009
0 singular and 325 ill-conditioned covariance matrices regularized
input 0: MEAN CURVATURE, flags 0, avgs 5, name mean_curvature
labeling surface...
1266 labels changed using aseg
relabeling using gibbs priors...
000:   1780 changed, 115992 examined...
001:    383 changed, 8447 examined...
002:    102 changed, 2282 examined...
003:     44 changed, 627 examined...
004:     16 changed, 265 examined...
005:      8 changed, 89 examined...
006:      5 changed, 54 examined...
007:      4 changed, 30 examined...
008:      3 changed, 23 examined...
009:      1 changed, 22 examined...
010:      0 changed, 7 examined...
112 labels changed using aseg
000: 43 total segments, 10 labels (47 vertices) changed
001: 33 total segments, 0 labels (0 vertices) changed
10 filter iterations complete (10 requested, 5 changed)
rationalizing unknown annotations with cortex label
relabeling unknown label...
relabeling corpuscallosum label...
1093 vertices marked for relabeling...
1093 labels changed in reclassification.
writing output to ../label/rh.aparc.DKTatlas.annot...
classification took 0 minutes and 6 seconds.
#-----------------------------------------
#@# WM/GM Contrast rh Sun Mar 15 09:44:47 CET 2026
/out/sourcedata/freesurfer/sub-v2s10x28953_ses-1/scripts

 pctsurfcon --s sub-v2s10x28953_ses-1 --rh-only 

Log file is /out/sourcedata/freesurfer/sub-v2s10x28953_ses-1/scripts/pctsurfcon.log
Sun Mar 15 09:44:47 CET 2026
setenv SUBJECTS_DIR /out/sourcedata/freesurfer
cd /out/sourcedata/freesurfer/sub-v2s10x28953_ses-1/scripts
/opt/freesurfer/bin/pctsurfcon
pctsurfcon 7.3.2
Linux dna079 5.14.0-427.37.1.el9_4.x86_64 #1 SMP PREEMPT_DYNAMIC Fri Sep 13 12:41:50 EDT 2024 x86_64 x86_64 x86_64 GNU/Linux
FREESURFER_HOME /opt/freesurfer
mri_vol2surf --mov /out/sourcedata/freesurfer/sub-v2s10x28953_ses-1/mri/rawavg.mgz --hemi rh --noreshape --interp trilinear --projdist -1 --o /out/sourcedata/freesurfer/sub-v2s10x28953_ses-1/surf/tmp.pctsurfcon.2426966/rh.wm.mgh --regheader sub-v2s10x28953_ses-1 --cortex
srcvol = /out/sourcedata/freesurfer/sub-v2s10x28953_ses-1/mri/rawavg.mgz
srcreg unspecified
srcregold = 0
srcwarp unspecified
surf = white
hemi = rh
ProjDist = -1
reshape = 0
interp = trilinear
float2int = round
GetProjMax = 0
INFO: float2int code = 0
Done loading volume
Computing registration from header.
  Using /out/sourcedata/freesurfer/sub-v2s10x28953_ses-1/mri/orig.mgz as target reference.
-------- original matrix -----------
-0.99881   0.04885   0.00000   0.00000;
 0.00000   0.00000   1.00000   0.00000;
-0.04885  -0.99881   0.00000   0.00000;
 0.00000   0.00000   0.00000   1.00000;
-------- original matrix -----------
Loading label /out/sourcedata/freesurfer/sub-v2s10x28953_ses-1/label/rh.cortex.label
Reading surface /out/sourcedata/freesurfer/sub-v2s10x28953_ses-1/surf/rh.white
Done reading source surface
Mapping Source Volume onto Source Subject Surface
Projecting -1 -1 1
 1 -1 -1 -1
using old
Done mapping volume to surface
Number of source voxels hit = 65595
Masking with /out/sourcedata/freesurfer/sub-v2s10x28953_ses-1/label/rh.cortex.label
Writing to /out/sourcedata/freesurfer/sub-v2s10x28953_ses-1/surf/tmp.pctsurfcon.2426966/rh.wm.mgh
Dim: 115992 1 1
mri_vol2surf --mov /out/sourcedata/freesurfer/sub-v2s10x28953_ses-1/mri/rawavg.mgz --hemi rh --noreshape --interp trilinear --o /out/sourcedata/freesurfer/sub-v2s10x28953_ses-1/surf/tmp.pctsurfcon.2426966/rh.gm.mgh --projfrac 0.3 --regheader sub-v2s10x28953_ses-1 --cortex
srcvol = /out/sourcedata/freesurfer/sub-v2s10x28953_ses-1/mri/rawavg.mgz
srcreg unspecified
srcregold = 0
srcwarp unspecified
surf = white
hemi = rh
ProjFrac = 0.3
thickness = thickness
reshape = 0
interp = trilinear
float2int = round
GetProjMax = 0
INFO: float2int code = 0
Done loading volume
Computing registration from header.
  Using /out/sourcedata/freesurfer/sub-v2s10x28953_ses-1/mri/orig.mgz as target reference.
-------- original matrix -----------
-0.99881   0.04885   0.00000   0.00000;
 0.00000   0.00000   1.00000   0.00000;
-0.04885  -0.99881   0.00000   0.00000;
 0.00000   0.00000   0.00000   1.00000;
-------- original matrix -----------
Loading label /out/sourcedata/freesurfer/sub-v2s10x28953_ses-1/label/rh.cortex.label
Reading surface /out/sourcedata/freesurfer/sub-v2s10x28953_ses-1/surf/rh.white
Done reading source surface
Reading thickness /out/sourcedata/freesurfer/sub-v2s10x28953_ses-1/surf/rh.thickness
Done
Mapping Source Volume onto Source Subject Surface
Projecting 0.3 0.3 1
 1 0.3 0.3 0.3
using old
Done mapping volume to surface
Number of source voxels hit = 76357
Masking with /out/sourcedata/freesurfer/sub-v2s10x28953_ses-1/label/rh.cortex.label
Writing to /out/sourcedata/freesurfer/sub-v2s10x28953_ses-1/surf/tmp.pctsurfcon.2426966/rh.gm.mgh
Dim: 115992 1 1
mri_concat /out/sourcedata/freesurfer/sub-v2s10x28953_ses-1/surf/tmp.pctsurfcon.2426966/rh.wm.mgh /out/sourcedata/freesurfer/sub-v2s10x28953_ses-1/surf/tmp.pctsurfcon.2426966/rh.gm.mgh --paired-diff-norm --mul 100 --o /out/sourcedata/freesurfer/sub-v2s10x28953_ses-1/surf/rh.w-g.pct.mgh
ninputs = 2
Checking inputs
nframestot = 2
Allocing output
Done allocing
Combining pairs
nframes = 1
Multiplying by 100.000000
Writing to /out/sourcedata/freesurfer/sub-v2s10x28953_ses-1/surf/rh.w-g.pct.mgh
mri_segstats --in /out/sourcedata/freesurfer/sub-v2s10x28953_ses-1/surf/rh.w-g.pct.mgh --annot sub-v2s10x28953_ses-1 rh aparc --sum /out/sourcedata/freesurfer/sub-v2s10x28953_ses-1/stats/rh.w-g.pct.stats --snr

7.3.2
cwd 
cmdline mri_segstats --in /out/sourcedata/freesurfer/sub-v2s10x28953_ses-1/surf/rh.w-g.pct.mgh --annot sub-v2s10x28953_ses-1 rh aparc --sum /out/sourcedata/freesurfer/sub-v2s10x28953_ses-1/stats/rh.w-g.pct.stats --snr 
sysname  Linux
hostname dna079
machine  x86_64
user     oesteban
whitesurfname  white
UseRobust  0
Constructing seg from annotation

Reading annotation /out/sourcedata/freesurfer/sub-v2s10x28953_ses-1/label/rh.aparc.annot
Seg base 2000
Loading /out/sourcedata/freesurfer/sub-v2s10x28953_ses-1/surf/rh.w-g.pct.mgh
Vertex Area is 0.701293 mm^3
Generating list of segmentation ids
Found  36 segmentations
Computing statistics for each segmentation

Reporting on  35 segmentations
Using PrintSegStat
mri_segstats done
Cleaning up

Started at Sun Mar 15 09:32:27 CET 2026 
Ended   at Sun Mar 15 09:44:49 CET 2026
#@#%# recon-all-run-time-hours 0.206
recon-all -s sub-v2s10x28953_ses-1 finished without error at Sun Mar 15 09:44:49 CET 2026



#New# invocation of recon-all 




Sun Mar 15 09:49:53 CET 2026
cd /out/sourcedata/freesurfer/sub-v2s10x28953_ses-1
setenv SUBJECTS_DIR /out/sourcedata/freesurfer
/opt/freesurfer/bin/recon-all -autorecon-hemi rh -nohyporelabel -rh-only -openmp 16 -subjid sub-v2s10x28953_ses-1 -sd /out/sourcedata/freesurfer -notessellate -nosmooth1 -noinflate1 -noqsphere -nofix -nowhite -nosmooth2 -noinflate2 -nocurvHK -nocurvstats -nosphere -nosurfreg -nojacobian_white -noavgcurv -nocortparc -nopial -nocortparc2 -nocortparc3 -nopctsurfcon

subjid sub-v2s10x28953_ses-1
setenv SUBJECTS_DIR /out/sourcedata/freesurfer
FREESURFER_HOME /opt/freesurfer
Actual FREESURFER_HOME /opt/freesurfer
build-stamp.txt: freesurfer-linux-ubuntu22_x86_64-7.3.2-20220804-6354275
Linux dna079 5.14.0-427.37.1.el9_4.x86_64 #1 SMP PREEMPT_DYNAMIC Fri Sep 13 12:41:50 EDT 2024 x86_64 x86_64 x86_64 GNU/Linux
cputime      unlimited
filesize     unlimited
datasize     unlimited
stacksize    8192 kbytes
coredumpsize 0 kbytes
memoryuse    67108864 kbytes
vmemoryuse   unlimited
descriptors  1024 
memorylocked unlimited
maxproc      2061970 
maxlocks     unlimited
maxsignal    2062029 
maxmessage   819200 
maxnice      0 
maxrtprio    0 
maxrttime    unlimited

               total        used        free      shared  buff/cache   available
Mem:           503Gi        52Gi       139Gi       9.3Gi       311Gi       438Gi
Swap:             0B          0B          0B

########################################
program versions used
7.3.2 (freesurfer-linux-ubuntu22_x86_64-7.3.2-20220804-6354275)
7.3.2

ProgramName: lta_convert  ProgramArguments: lta_convert -all-info  ProgramVersion: 7.3.2  TimeStamp: 2026/03/15-08:49:53-GMT  BuildTime: Aug  4 2022 06:17:15  BuildStamp: freesurfer-linux-ubuntu22_x86_64-7.3.2-20220804-6354275  User: oesteban  Machine: dna079  Platform: Linux  PlatformVersion: 5.14.0-427.37.1.el9_4.x86_64  CompilerName: GCC  CompilerVersion: 8.4.0
ProgramName: mri_and  ProgramArguments: mri_and -all-info  ProgramVersion: 7.3.2  TimeStamp: 2026/03/15-08:49:53-GMT  BuildTime: Aug  4 2022 06:17:15  BuildStamp: freesurfer-linux-ubuntu22_x86_64-7.3.2-20220804-6354275  User: oesteban  Machine: dna079  Platform: Linux  PlatformVersion: 5.14.0-427.37.1.el9_4.x86_64  CompilerName: GCC  CompilerVersion: 8.4.0
ProgramName: mri_annotation2label  ProgramArguments: mri_annotation2label -all-info  ProgramVersion: 7.3.2  TimeStamp: 2026/03/15-08:49:53-GMT  BuildTime: Aug  4 2022 06:17:15  BuildStamp: freesurfer-linux-ubuntu22_x86_64-7.3.2-20220804-6354275  User: oesteban  Machine: dna079  Platform: Linux  PlatformVersion: 5.14.0-427.37.1.el9_4.x86_64  CompilerName: GCC  CompilerVersion: 8.4.0
ProgramName: mri_aparc2aseg  ProgramArguments: mri_aparc2aseg -all-info  ProgramVersion: 7.3.2  TimeStamp: 2026/03/15-08:49:53-GMT  BuildTime: Aug  4 2022 06:17:15  BuildStamp: freesurfer-linux-ubuntu22_x86_64-7.3.2-20220804-6354275  User: oesteban  Machine: dna079  Platform: Linux  PlatformVersion: 5.14.0-427.37.1.el9_4.x86_64  CompilerName: GCC  CompilerVersion: 8.4.0
ProgramName: mri_surf2volseg  ProgramArguments: mri_surf2volseg -all-info  ProgramVersion: 7.3.2  TimeStamp: 2026/03/15-08:49:53-GMT  BuildTime: Aug  4 2022 06:17:15  BuildStamp: freesurfer-linux-ubuntu22_x86_64-7.3.2-20220804-6354275  User: oesteban  Machine: dna079  Platform: Linux  PlatformVersion: 5.14.0-427.37.1.el9_4.x86_64  CompilerName: GCC  CompilerVersion: 8.4.0
ProgramName: mri_binarize  ProgramArguments: mri_binarize -all-info  ProgramVersion: 7.3.2  TimeStamp: 2026/03/15-08:49:53-GMT  BuildTime: Aug  4 2022 06:17:15  BuildStamp: freesurfer-linux-ubuntu22_x86_64-7.3.2-20220804-6354275  User: oesteban  Machine: dna079  Platform: Linux  PlatformVersion: 5.14.0-427.37.1.el9_4.x86_64  CompilerName: GCC  CompilerVersion: 8.4.0
ProgramName: mri_ca_label  ProgramArguments: mri_ca_label -all-info  ProgramVersion: 7.3.2  TimeStamp: 2026/03/15-08:49:53-GMT  BuildTime: Aug  4 2022 06:17:15  BuildStamp: freesurfer-linux-ubuntu22_x86_64-7.3.2-20220804-6354275  User: oesteban  Machine: dna079  Platform: Linux  PlatformVersion: 5.14.0-427.37.1.el9_4.x86_64  CompilerName: GCC  CompilerVersion: 8.4.0
ProgramName: mri_ca_normalize  ProgramArguments: mri_ca_normalize -all-info  ProgramVersion: 7.3.2  TimeStamp: 2026/03/15-08:49:53-GMT  BuildTime: Aug  4 2022 06:17:15  BuildStamp: freesurfer-linux-ubuntu22_x86_64-7.3.2-20220804-6354275  User: oesteban  Machine: dna079  Platform: Linux  PlatformVersion: 5.14.0-427.37.1.el9_4.x86_64  CompilerName: GCC  CompilerVersion: 8.4.0
ProgramName: mri_ca_register  ProgramArguments: mri_ca_register -all-info  ProgramVersion: 7.3.2  TimeStamp: 2026/03/15-08:49:53-GMT  BuildTime: Aug  4 2022 06:17:15  BuildStamp: freesurfer-linux-ubuntu22_x86_64-7.3.2-20220804-6354275  User: oesteban  Machine: dna079  Platform: Linux  PlatformVersion: 5.14.0-427.37.1.el9_4.x86_64  CompilerName: GCC  CompilerVersion: 8.4.0
ProgramName: mri_cc  ProgramArguments: mri_cc -all-info  ProgramVersion: 7.3.2  TimeStamp: 2026/03/15-08:49:53-GMT  BuildTime: Aug  4 2022 06:17:15  BuildStamp: freesurfer-linux-ubuntu22_x86_64-7.3.2-20220804-6354275  User: oesteban  Machine: dna079  Platform: Linux  PlatformVersion: 5.14.0-427.37.1.el9_4.x86_64  CompilerName: GCC  CompilerVersion: 8.4.0
ProgramName: mri_compute_overlap  ProgramArguments: mri_compute_overlap -all-info  ProgramVersion: 7.3.2  TimeStamp: 2026/03/15-08:49:53-GMT  BuildTime: Aug  4 2022 06:17:15  BuildStamp: freesurfer-linux-ubuntu22_x86_64-7.3.2-20220804-6354275  User: oesteban  Machine: dna079  Platform: Linux  PlatformVersion: 5.14.0-427.37.1.el9_4.x86_64  CompilerName: GCC  CompilerVersion: 8.4.0
ProgramName: mri_compute_seg_overlap  ProgramArguments: mri_compute_seg_overlap -all-info  ProgramVersion: 7.3.2  TimeStamp: 2026/03/15-08:49:53-GMT  BuildTime: Aug  4 2022 06:17:15  BuildStamp: freesurfer-linux-ubuntu22_x86_64-7.3.2-20220804-6354275  User: oesteban  Machine: dna079  Platform: Linux  PlatformVersion: 5.14.0-427.37.1.el9_4.x86_64  CompilerName: GCC  CompilerVersion: 8.4.0
ProgramName: mri_concat  ProgramArguments: mri_concat -all-info  ProgramVersion: 7.3.2  TimeStamp: 2026/03/15-08:49:53-GMT  BuildTime: Aug  4 2022 06:17:15  BuildStamp: freesurfer-linux-ubuntu22_x86_64-7.3.2-20220804-6354275  User: oesteban  Machine: dna079  Platform: Linux  PlatformVersion: 5.14.0-427.37.1.el9_4.x86_64  CompilerName: GCC  CompilerVersion: 8.4.0
ProgramName: mri_concatenate_lta  ProgramArguments: mri_concatenate_lta -all-info  ProgramVersion: 7.3.2  TimeStamp: 2026/03/15-08:49:53-GMT  BuildTime: Aug  4 2022 06:17:15  BuildStamp: freesurfer-linux-ubuntu22_x86_64-7.3.2-20220804-6354275  User: oesteban  Machine: dna079  Platform: Linux  PlatformVersion: 5.14.0-427.37.1.el9_4.x86_64  CompilerName: GCC  CompilerVersion: 8.4.0
mri_convert -all-info 
ProgramName: mri_convert  ProgramArguments: mri_convert -all-info  ProgramVersion: 7.3.2  TimeStamp: 2026/03/15-08:49:53-GMT  BuildTime: Aug  4 2022 06:17:15  BuildStamp: freesurfer-linux-ubuntu22_x86_64-7.3.2-20220804-6354275  User: oesteban  Machine: dna079  Platform: Linux  PlatformVersion: 5.14.0-427.37.1.el9_4.x86_64  CompilerName: GCC  CompilerVersion: 8.4.0
ProgramName: mri_diff  ProgramArguments: mri_diff -all-info  ProgramVersion: 7.3.2  TimeStamp: 2026/03/15-08:49:53-GMT  BuildTime: Aug  4 2022 06:17:15  BuildStamp: freesurfer-linux-ubuntu22_x86_64-7.3.2-20220804-6354275  User: oesteban  Machine: dna079  Platform: Linux  PlatformVersion: 5.14.0-427.37.1.el9_4.x86_64  CompilerName: GCC  CompilerVersion: 8.4.0
ProgramName: mri_edit_wm_with_aseg  ProgramArguments: mri_edit_wm_with_aseg -all-info  ProgramVersion: 7.3.2  TimeStamp: 2026/03/15-08:49:53-GMT  BuildTime: Aug  4 2022 06:17:15  BuildStamp: freesurfer-linux-ubuntu22_x86_64-7.3.2-20220804-6354275  User: oesteban  Machine: dna079  Platform: Linux  PlatformVersion: 5.14.0-427.37.1.el9_4.x86_64  CompilerName: GCC  CompilerVersion: 8.4.0
ProgramName: mri_em_register  ProgramArguments: mri_em_register -all-info  ProgramVersion: 7.3.2  TimeStamp: 2026/03/15-08:49:53-GMT  BuildTime: Aug  4 2022 06:17:15  BuildStamp: freesurfer-linux-ubuntu22_x86_64-7.3.2-20220804-6354275  User: oesteban  Machine: dna079  Platform: Linux  PlatformVersion: 5.14.0-427.37.1.el9_4.x86_64  CompilerName: GCC  CompilerVersion: 8.4.0
ProgramName: mri_fill  ProgramArguments: mri_fill -all-info  ProgramVersion: 7.3.2  TimeStamp: 2026/03/15-08:49:53-GMT  BuildTime: Aug  4 2022 06:17:15  BuildStamp: freesurfer-linux-ubuntu22_x86_64-7.3.2-20220804-6354275  User: oesteban  Machine: dna079  Platform: Linux  PlatformVersion: 5.14.0-427.37.1.el9_4.x86_64  CompilerName: GCC  CompilerVersion: 8.4.0
ProgramName: mri_fuse_segmentations  ProgramArguments: mri_fuse_segmentations -all-info  ProgramVersion: 7.3.2  TimeStamp: 2026/03/15-08:49:53-GMT  BuildTime: Aug  4 2022 06:17:15  BuildStamp: freesurfer-linux-ubuntu22_x86_64-7.3.2-20220804-6354275  User: oesteban  Machine: dna079  Platform: Linux  PlatformVersion: 5.14.0-427.37.1.el9_4.x86_64  CompilerName: GCC  CompilerVersion: 8.4.0
ProgramName: mri_fwhm  ProgramArguments: mri_fwhm -all-info  ProgramVersion: 7.3.2  TimeStamp: 2026/03/15-08:49:53-GMT  BuildTime: Aug  4 2022 06:17:15  BuildStamp: freesurfer-linux-ubuntu22_x86_64-7.3.2-20220804-6354275  User: oesteban  Machine: dna079  Platform: Linux  PlatformVersion: 5.14.0-427.37.1.el9_4.x86_64  CompilerName: GCC  CompilerVersion: 8.4.0
ProgramName: mri_gcut  ProgramArguments: mri_gcut -all-info  ProgramVersion: 7.3.2  TimeStamp: 2026/03/15-08:49:53-GMT  BuildTime: Aug  4 2022 06:17:15  BuildStamp: freesurfer-linux-ubuntu22_x86_64-7.3.2-20220804-6354275  User: oesteban  Machine: dna079  Platform: Linux  PlatformVersion: 5.14.0-427.37.1.el9_4.x86_64  CompilerName: GCC  CompilerVersion: 8.4.0
ProgramName: mri_info  ProgramArguments: mri_info -all-info  ProgramVersion: 7.3.2  TimeStamp: 2026/03/15-08:49:53-GMT  BuildTime: Aug  4 2022 06:17:15  BuildStamp: freesurfer-linux-ubuntu22_x86_64-7.3.2-20220804-6354275  User: oesteban  Machine: dna079  Platform: Linux  PlatformVersion: 5.14.0-427.37.1.el9_4.x86_64  CompilerName: GCC  CompilerVersion: 8.4.0
ProgramName: mri_label2label  ProgramArguments: mri_label2label -all-info  ProgramVersion: 7.3.2  TimeStamp: 2026/03/15-08:49:53-GMT  BuildTime: Aug  4 2022 06:17:15  BuildStamp: freesurfer-linux-ubuntu22_x86_64-7.3.2-20220804-6354275  User: oesteban  Machine: dna079  Platform: Linux  PlatformVersion: 5.14.0-427.37.1.el9_4.x86_64  CompilerName: GCC  CompilerVersion: 8.4.0
ProgramName: mri_label2vol  ProgramArguments: mri_label2vol -all-info  ProgramVersion: 7.3.2  TimeStamp: 2026/03/15-08:49:53-GMT  BuildTime: Aug  4 2022 06:17:15  BuildStamp: freesurfer-linux-ubuntu22_x86_64-7.3.2-20220804-6354275  User: oesteban  Machine: dna079  Platform: Linux  PlatformVersion: 5.14.0-427.37.1.el9_4.x86_64  CompilerName: GCC  CompilerVersion: 8.4.0
ProgramName: mri_log_likelihood  ProgramArguments: mri_log_likelihood -all-info  ProgramVersion: 7.3.2  TimeStamp: 2026/03/15-08:49:53-GMT  BuildTime: Aug  4 2022 06:17:15  BuildStamp: freesurfer-linux-ubuntu22_x86_64-7.3.2-20220804-6354275  User: oesteban  Machine: dna079  Platform: Linux  PlatformVersion: 5.14.0-427.37.1.el9_4.x86_64  CompilerName: GCC  CompilerVersion: 8.4.0
ProgramName: mri_mask  ProgramArguments: mri_mask -all-info  ProgramVersion: 7.3.2  TimeStamp: 2026/03/15-08:49:53-GMT  BuildTime: Aug  4 2022 06:17:15  BuildStamp: freesurfer-linux-ubuntu22_x86_64-7.3.2-20220804-6354275  User: oesteban  Machine: dna079  Platform: Linux  PlatformVersion: 5.14.0-427.37.1.el9_4.x86_64  CompilerName: GCC  CompilerVersion: 8.4.0
ProgramName: mri_matrix_multiply  ProgramArguments: mri_matrix_multiply -all-info  ProgramVersion: 7.3.2  TimeStamp: 2026/03/15-08:49:53-GMT  BuildTime: Aug  4 2022 06:17:15  BuildStamp: freesurfer-linux-ubuntu22_x86_64-7.3.2-20220804-6354275  User: oesteban  Machine: dna079  Platform: Linux  PlatformVersion: 5.14.0-427.37.1.el9_4.x86_64  CompilerName: GCC  CompilerVersion: 8.4.0
ProgramName: mri_normalize  ProgramArguments: mri_normalize -all-info  ProgramVersion: 7.3.2  TimeStamp: 2026/03/15-08:49:53-GMT  BuildTime: Aug  4 2022 06:17:15  BuildStamp: freesurfer-linux-ubuntu22_x86_64-7.3.2-20220804-6354275  User: oesteban  Machine: dna079  Platform: Linux  PlatformVersion: 5.14.0-427.37.1.el9_4.x86_64  CompilerName: GCC  CompilerVersion: 8.4.0
ProgramName: mri_normalize_tp2  ProgramArguments: mri_normalize_tp2 -all-info  ProgramVersion: 7.3.2  TimeStamp: 2026/03/15-08:49:53-GMT  BuildTime: Aug  4 2022 06:17:15  BuildStamp: freesurfer-linux-ubuntu22_x86_64-7.3.2-20220804-6354275  User: oesteban  Machine: dna079  Platform: Linux  PlatformVersion: 5.14.0-427.37.1.el9_4.x86_64  CompilerName: GCC  CompilerVersion: 8.4.0
ProgramName: mri_or  ProgramArguments: mri_or -all-info  ProgramVersion: 7.3.2  TimeStamp: 2026/03/15-08:49:53-GMT  BuildTime: Aug  4 2022 06:17:15  BuildStamp: freesurfer-linux-ubuntu22_x86_64-7.3.2-20220804-6354275  User: oesteban  Machine: dna079  Platform: Linux  PlatformVersion: 5.14.0-427.37.1.el9_4.x86_64  CompilerName: GCC  CompilerVersion: 8.4.0
ProgramName: mri_relabel_hypointensities  ProgramArguments: mri_relabel_hypointensities -all-info  ProgramVersion: 7.3.2  TimeStamp: 2026/03/15-08:49:53-GMT  BuildTime: Aug  4 2022 06:17:15  BuildStamp: freesurfer-linux-ubuntu22_x86_64-7.3.2-20220804-6354275  User: oesteban  Machine: dna079  Platform: Linux  PlatformVersion: 5.14.0-427.37.1.el9_4.x86_64  CompilerName: GCC  CompilerVersion: 8.4.0
ProgramName: mri_relabel_nonwm_hypos  ProgramArguments: mri_relabel_nonwm_hypos -all-info  ProgramVersion: 7.3.2  TimeStamp: 2026/03/15-08:49:53-GMT  BuildTime: Aug  4 2022 06:17:15  BuildStamp: freesurfer-linux-ubuntu22_x86_64-7.3.2-20220804-6354275  User: oesteban  Machine: dna079  Platform: Linux  PlatformVersion: 5.14.0-427.37.1.el9_4.x86_64  CompilerName: GCC  CompilerVersion: 8.4.0
ProgramName: mri_remove_neck  ProgramArguments: mri_remove_neck -all-info  ProgramVersion: 7.3.2  TimeStamp: 2026/03/15-08:49:53-GMT  BuildTime: Aug  4 2022 06:17:15  BuildStamp: freesurfer-linux-ubuntu22_x86_64-7.3.2-20220804-6354275  User: oesteban  Machine: dna079  Platform: Linux  PlatformVersion: 5.14.0-427.37.1.el9_4.x86_64  CompilerName: GCC  CompilerVersion: 8.4.0
7.3.2

ProgramName: mri_robust_register  ProgramArguments: mri_robust_register -all-info  ProgramVersion: 7.3.2  TimeStamp: 2026/03/15-08:49:53-GMT  BuildTime: Aug  4 2022 06:17:15  BuildStamp: freesurfer-linux-ubuntu22_x86_64-7.3.2-20220804-6354275  User: oesteban  Machine: dna079  Platform: Linux  PlatformVersion: 5.14.0-427.37.1.el9_4.x86_64  CompilerName: GCC  CompilerVersion: 8.4.0
7.3.2

ProgramName: mri_robust_template  ProgramArguments: mri_robust_template -all-info  ProgramVersion: 7.3.2  TimeStamp: 2026/03/15-08:49:53-GMT  BuildTime: Aug  4 2022 06:17:15  BuildStamp: freesurfer-linux-ubuntu22_x86_64-7.3.2-20220804-6354275  User: oesteban  Machine: dna079  Platform: Linux  PlatformVersion: 5.14.0-427.37.1.el9_4.x86_64  CompilerName: GCC  CompilerVersion: 8.4.0
ProgramName: mris_anatomical_stats  ProgramArguments: mris_anatomical_stats -all-info  ProgramVersion: 7.3.2  TimeStamp: 2026/03/15-08:49:53-GMT  BuildTime: Aug  4 2022 06:17:15  BuildStamp: freesurfer-linux-ubuntu22_x86_64-7.3.2-20220804-6354275  User: oesteban  Machine: dna079  Platform: Linux  PlatformVersion: 5.14.0-427.37.1.el9_4.x86_64  CompilerName: GCC  CompilerVersion: 8.4.0
ProgramName: mris_ca_label  ProgramArguments: mris_ca_label -all-info  ProgramVersion: 7.3.2  TimeStamp: 2026/03/15-08:49:53-GMT  BuildTime: Aug  4 2022 06:17:15  BuildStamp: freesurfer-linux-ubuntu22_x86_64-7.3.2-20220804-6354275  User: oesteban  Machine: dna079  Platform: Linux  PlatformVersion: 5.14.0-427.37.1.el9_4.x86_64  CompilerName: GCC  CompilerVersion: 8.4.0
ProgramName: mris_calc  ProgramArguments: mris_calc -all-info  ProgramVersion: 7.3.2  TimeStamp: 2026/03/15-08:49:53-GMT  BuildTime: Aug  4 2022 06:17:15  BuildStamp: freesurfer-linux-ubuntu22_x86_64-7.3.2-20220804-6354275  User: oesteban  Machine: dna079  Platform: Linux  PlatformVersion: 5.14.0-427.37.1.el9_4.x86_64  CompilerName: GCC  CompilerVersion: 8.4.0
ProgramName: mris_convert  ProgramArguments: mris_convert -all-info  ProgramVersion: 7.3.2  TimeStamp: 2026/03/15-08:49:53-GMT  BuildTime: Aug  4 2022 06:17:15  BuildStamp: freesurfer-linux-ubuntu22_x86_64-7.3.2-20220804-6354275  User: oesteban  Machine: dna079  Platform: Linux  PlatformVersion: 5.14.0-427.37.1.el9_4.x86_64  CompilerName: GCC  CompilerVersion: 8.4.0
ProgramName: mris_curvature  ProgramArguments: mris_curvature -all-info  ProgramVersion: 7.3.2  TimeStamp: 2026/03/15-08:49:53-GMT  BuildTime: Aug  4 2022 06:17:15  BuildStamp: freesurfer-linux-ubuntu22_x86_64-7.3.2-20220804-6354275  User: oesteban  Machine: dna079  Platform: Linux  PlatformVersion: 5.14.0-427.37.1.el9_4.x86_64  CompilerName: GCC  CompilerVersion: 8.4.0
ProgramName: mris_curvature_stats  ProgramArguments: mris_curvature_stats -all-info  ProgramVersion: 7.3.2  TimeStamp: 2026/03/15-08:49:53-GMT  BuildTime: Aug  4 2022 06:17:15  BuildStamp: freesurfer-linux-ubuntu22_x86_64-7.3.2-20220804-6354275  User: oesteban  Machine: dna079  Platform: Linux  PlatformVersion: 5.14.0-427.37.1.el9_4.x86_64  CompilerName: GCC  CompilerVersion: 8.4.0
ProgramName: mris_diff  ProgramArguments: mris_diff -all-info  ProgramVersion: 7.3.2  TimeStamp: 2026/03/15-08:49:53-GMT  BuildTime: Aug  4 2022 06:17:15  BuildStamp: freesurfer-linux-ubuntu22_x86_64-7.3.2-20220804-6354275  User: oesteban  Machine: dna079  Platform: Linux  PlatformVersion: 5.14.0-427.37.1.el9_4.x86_64  CompilerName: GCC  CompilerVersion: 8.4.0
ProgramName: mris_divide_parcellation  ProgramArguments: mris_divide_parcellation -all-info  ProgramVersion: 7.3.2  TimeStamp: 2026/03/15-08:49:53-GMT  BuildTime: Aug  4 2022 06:17:15  BuildStamp: freesurfer-linux-ubuntu22_x86_64-7.3.2-20220804-6354275  User: oesteban  Machine: dna079  Platform: Linux  PlatformVersion: 5.14.0-427.37.1.el9_4.x86_64  CompilerName: GCC  CompilerVersion: 8.4.0
ProgramName: mri_segment  ProgramArguments: mri_segment -all-info  ProgramVersion: 7.3.2  TimeStamp: 2026/03/15-08:49:53-GMT  BuildTime: Aug  4 2022 06:17:15  BuildStamp: freesurfer-linux-ubuntu22_x86_64-7.3.2-20220804-6354275  User: oesteban  Machine: dna079  Platform: Linux  PlatformVersion: 5.14.0-427.37.1.el9_4.x86_64  CompilerName: GCC  CompilerVersion: 8.4.0
ProgramName: mri_segstats  ProgramArguments: mri_segstats -all-info  ProgramVersion: 7.3.2  TimeStamp: 2026/03/15-08:49:53-GMT  BuildTime: Aug  4 2022 06:17:15  BuildStamp: freesurfer-linux-ubuntu22_x86_64-7.3.2-20220804-6354275  User: oesteban  Machine: dna079  Platform: Linux  PlatformVersion: 5.14.0-427.37.1.el9_4.x86_64  CompilerName: GCC  CompilerVersion: 8.4.0
ProgramName: mris_euler_number  ProgramArguments: mris_euler_number -all-info  ProgramVersion: 7.3.2  TimeStamp: 2026/03/15-08:49:53-GMT  BuildTime: Aug  4 2022 06:17:15  BuildStamp: freesurfer-linux-ubuntu22_x86_64-7.3.2-20220804-6354275  User: oesteban  Machine: dna079  Platform: Linux  PlatformVersion: 5.14.0-427.37.1.el9_4.x86_64  CompilerName: GCC  CompilerVersion: 8.4.0
ProgramName: mris_fix_topology  ProgramArguments: mris_fix_topology -all-info  ProgramVersion: 7.3.2  TimeStamp: 2026/03/15-08:49:53-GMT  BuildTime: Aug  4 2022 06:17:15  BuildStamp: freesurfer-linux-ubuntu22_x86_64-7.3.2-20220804-6354275  User: oesteban  Machine: dna079  Platform: Linux  PlatformVersion: 5.14.0-427.37.1.el9_4.x86_64  CompilerName: GCC  CompilerVersion: 8.4.0
ProgramName: mris_topo_fixer  ProgramArguments: mris_topo_fixer -all-info  ProgramVersion: 7.3.2  TimeStamp: 2026/03/15-08:49:53-GMT  BuildTime: Aug  4 2022 06:17:15  BuildStamp: freesurfer-linux-ubuntu22_x86_64-7.3.2-20220804-6354275  User: oesteban  Machine: dna079  Platform: Linux  PlatformVersion: 5.14.0-427.37.1.el9_4.x86_64  CompilerName: GCC  CompilerVersion: 8.4.0
ProgramName: mris_jacobian  ProgramArguments: mris_jacobian -all-info  ProgramVersion: 7.3.2  TimeStamp: 2026/03/15-08:49:53-GMT  BuildTime: Aug  4 2022 06:17:15  BuildStamp: freesurfer-linux-ubuntu22_x86_64-7.3.2-20220804-6354275  User: oesteban  Machine: dna079  Platform: Linux  PlatformVersion: 5.14.0-427.37.1.el9_4.x86_64  CompilerName: GCC  CompilerVersion: 8.4.0
ProgramName: mris_label2annot  ProgramArguments: mris_label2annot -all-info  ProgramVersion: 7.3.2  TimeStamp: 2026/03/15-08:49:53-GMT  BuildTime: Aug  4 2022 06:17:15  BuildStamp: freesurfer-linux-ubuntu22_x86_64-7.3.2-20220804-6354275  User: oesteban  Machine: dna079  Platform: Linux  PlatformVersion: 5.14.0-427.37.1.el9_4.x86_64  CompilerName: GCC  CompilerVersion: 8.4.0
ProgramName: mris_left_right_register  ProgramArguments: mris_left_right_register -all-info  ProgramVersion: 7.3.2  TimeStamp: 2026/03/15-08:49:53-GMT  BuildTime: Aug  4 2022 06:17:15  BuildStamp: freesurfer-linux-ubuntu22_x86_64-7.3.2-20220804-6354275  User: oesteban  Machine: dna079  Platform: Linux  PlatformVersion: 5.14.0-427.37.1.el9_4.x86_64  CompilerName: GCC  CompilerVersion: 8.4.0
ProgramName: mris_place_surface  ProgramArguments: mris_place_surface -all-info  ProgramVersion: 7.3.2  TimeStamp: 2026/03/15-08:49:53-GMT  BuildTime: Aug  4 2022 06:17:15  BuildStamp: freesurfer-linux-ubuntu22_x86_64-7.3.2-20220804-6354275  User: oesteban  Machine: dna079  Platform: Linux  PlatformVersion: 5.14.0-427.37.1.el9_4.x86_64  CompilerName: GCC  CompilerVersion: 8.4.0
ProgramName: mrisp_paint  ProgramArguments: mrisp_paint -all-info  ProgramVersion: 7.3.2  TimeStamp: 2026/03/15-08:49:53-GMT  BuildTime: Aug  4 2022 06:17:15  BuildStamp: freesurfer-linux-ubuntu22_x86_64-7.3.2-20220804-6354275  User: oesteban  Machine: dna079  Platform: Linux  PlatformVersion: 5.14.0-427.37.1.el9_4.x86_64  CompilerName: GCC  CompilerVersion: 8.4.0
ProgramName: mris_register  ProgramArguments: mris_register -all-info  ProgramVersion: 7.3.2  TimeStamp: 2026/03/15-08:49:53-GMT  BuildTime: Aug  4 2022 06:17:15  BuildStamp: freesurfer-linux-ubuntu22_x86_64-7.3.2-20220804-6354275  User: oesteban  Machine: dna079  Platform: Linux  PlatformVersion: 5.14.0-427.37.1.el9_4.x86_64  CompilerName: GCC  CompilerVersion: 8.4.0
ProgramName: mris_smooth  ProgramArguments: mris_smooth -all-info  ProgramVersion: 7.3.2  TimeStamp: 2026/03/15-08:49:53-GMT  BuildTime: Aug  4 2022 06:17:15  BuildStamp: freesurfer-linux-ubuntu22_x86_64-7.3.2-20220804-6354275  User: oesteban  Machine: dna079  Platform: Linux  PlatformVersion: 5.14.0-427.37.1.el9_4.x86_64  CompilerName: GCC  CompilerVersion: 8.4.0
ProgramName: mris_sphere  ProgramArguments: mris_sphere -all-info  ProgramVersion: 7.3.2  TimeStamp: 2026/03/15-08:49:53-GMT  BuildTime: Aug  4 2022 06:17:15  BuildStamp: freesurfer-linux-ubuntu22_x86_64-7.3.2-20220804-6354275  User: oesteban  Machine: dna079  Platform: Linux  PlatformVersion: 5.14.0-427.37.1.el9_4.x86_64  CompilerName: GCC  CompilerVersion: 8.4.0
ProgramName: mris_surface_stats  ProgramArguments: mris_surface_stats -all-info  ProgramVersion: 7.3.2  TimeStamp: 2026/03/15-08:49:53-GMT  BuildTime: Aug  4 2022 06:17:15  BuildStamp: freesurfer-linux-ubuntu22_x86_64-7.3.2-20220804-6354275  User: oesteban  Machine: dna079  Platform: Linux  PlatformVersion: 5.14.0-427.37.1.el9_4.x86_64  CompilerName: GCC  CompilerVersion: 8.4.0
ProgramName: mri_stats2seg  ProgramArguments: mri_stats2seg -all-info  ProgramVersion: 7.3.2  TimeStamp: 2026/03/15-08:49:53-GMT  BuildTime: Aug  4 2022 06:17:15  BuildStamp: freesurfer-linux-ubuntu22_x86_64-7.3.2-20220804-6354275  User: oesteban  Machine: dna079  Platform: Linux  PlatformVersion: 5.14.0-427.37.1.el9_4.x86_64  CompilerName: GCC  CompilerVersion: 8.4.0
ProgramName: mris_thickness  ProgramArguments: mris_thickness -all-info  ProgramVersion: 7.3.2  TimeStamp: 2026/03/15-08:49:53-GMT  BuildTime: Aug  4 2022 06:17:15  BuildStamp: freesurfer-linux-ubuntu22_x86_64-7.3.2-20220804-6354275  User: oesteban  Machine: dna079  Platform: Linux  PlatformVersion: 5.14.0-427.37.1.el9_4.x86_64  CompilerName: GCC  CompilerVersion: 8.4.0
ProgramName: mris_thickness_diff  ProgramArguments: mris_thickness_diff -all-info  ProgramVersion: 7.3.2  TimeStamp: 2026/03/15-08:49:53-GMT  BuildTime: Aug  4 2022 06:17:15  BuildStamp: freesurfer-linux-ubuntu22_x86_64-7.3.2-20220804-6354275  User: oesteban  Machine: dna079  Platform: Linux  PlatformVersion: 5.14.0-427.37.1.el9_4.x86_64  CompilerName: GCC  CompilerVersion: 8.4.0
ProgramName: mris_topo_fixer  ProgramArguments: mris_topo_fixer -all-info  ProgramVersion: 7.3.2  TimeStamp: 2026/03/15-08:49:53-GMT  BuildTime: Aug  4 2022 06:17:15  BuildStamp: freesurfer-linux-ubuntu22_x86_64-7.3.2-20220804-6354275  User: oesteban  Machine: dna079  Platform: Linux  PlatformVersion: 5.14.0-427.37.1.el9_4.x86_64  CompilerName: GCC  CompilerVersion: 8.4.0
ProgramName: mri_surf2surf  ProgramArguments: mri_surf2surf -all-info  ProgramVersion: 7.3.2  TimeStamp: 2026/03/15-08:49:53-GMT  BuildTime: Aug  4 2022 06:17:15  BuildStamp: freesurfer-linux-ubuntu22_x86_64-7.3.2-20220804-6354275  User: oesteban  Machine: dna079  Platform: Linux  PlatformVersion: 5.14.0-427.37.1.el9_4.x86_64  CompilerName: GCC  CompilerVersion: 8.4.0
ProgramName: mri_surf2vol  ProgramArguments: mri_surf2vol -all-info  ProgramVersion: 7.3.2  TimeStamp: 2026/03/15-08:49:53-GMT  BuildTime: Aug  4 2022 06:17:15  BuildStamp: freesurfer-linux-ubuntu22_x86_64-7.3.2-20220804-6354275  User: oesteban  Machine: dna079  Platform: Linux  PlatformVersion: 5.14.0-427.37.1.el9_4.x86_64  CompilerName: GCC  CompilerVersion: 8.4.0
ProgramName: mri_surfcluster  ProgramArguments: mri_surfcluster -all-info  ProgramVersion: 7.3.2  TimeStamp: 2026/03/15-08:49:53-GMT  BuildTime: Aug  4 2022 06:17:15  BuildStamp: freesurfer-linux-ubuntu22_x86_64-7.3.2-20220804-6354275  User: oesteban  Machine: dna079  Platform: Linux  PlatformVersion: 5.14.0-427.37.1.el9_4.x86_64  CompilerName: GCC  CompilerVersion: 8.4.0
ProgramName: mris_volmask  ProgramArguments: mris_volmask -all-info  ProgramVersion: 7.3.2  TimeStamp: 2026/03/15-08:49:53-GMT  BuildTime: Aug  4 2022 06:17:15  BuildStamp: freesurfer-linux-ubuntu22_x86_64-7.3.2-20220804-6354275  User: oesteban  Machine: dna079  Platform: Linux  PlatformVersion: 5.14.0-427.37.1.el9_4.x86_64  CompilerName: GCC  CompilerVersion: 8.4.0
ProgramName: mri_tessellate  ProgramArguments: mri_tessellate -all-info  ProgramVersion: 7.3.2  TimeStamp: 2026/03/15-08:49:53-GMT  BuildTime: Aug  4 2022 06:17:15  BuildStamp: freesurfer-linux-ubuntu22_x86_64-7.3.2-20220804-6354275  User: oesteban  Machine: dna079  Platform: Linux  PlatformVersion: 5.14.0-427.37.1.el9_4.x86_64  CompilerName: GCC  CompilerVersion: 8.4.0
ProgramName: mri_vol2surf  ProgramArguments: mri_vol2surf -all-info  ProgramVersion: 7.3.2  TimeStamp: 2026/03/15-08:49:53-GMT  BuildTime: Aug  4 2022 06:17:15  BuildStamp: freesurfer-linux-ubuntu22_x86_64-7.3.2-20220804-6354275  User: oesteban  Machine: dna079  Platform: Linux  PlatformVersion: 5.14.0-427.37.1.el9_4.x86_64  CompilerName: GCC  CompilerVersion: 8.4.0
ProgramName: mri_vol2vol  ProgramArguments: mri_vol2vol -all-info  ProgramVersion: 7.3.2  TimeStamp: 2026/03/15-08:49:53-GMT  BuildTime: Aug  4 2022 06:17:15  BuildStamp: freesurfer-linux-ubuntu22_x86_64-7.3.2-20220804-6354275  User: oesteban  Machine: dna079  Platform: Linux  PlatformVersion: 5.14.0-427.37.1.el9_4.x86_64  CompilerName: GCC  CompilerVersion: 8.4.0
ProgramName: mri_voldiff  ProgramArguments: mri_voldiff -all-info  ProgramVersion: 7.3.2  TimeStamp: 2026/03/15-08:49:53-GMT  BuildTime: Aug  4 2022 06:17:15  BuildStamp: freesurfer-linux-ubuntu22_x86_64-7.3.2-20220804-6354275  User: oesteban  Machine: dna079  Platform: Linux  PlatformVersion: 5.14.0-427.37.1.el9_4.x86_64  CompilerName: GCC  CompilerVersion: 8.4.0
ProgramName: mri_watershed  ProgramArguments: mri_watershed -all-info  ProgramVersion: 7.3.2  TimeStamp: 2026/03/15-08:49:53-GMT  BuildTime: Aug  4 2022 06:17:15  BuildStamp: freesurfer-linux-ubuntu22_x86_64-7.3.2-20220804-6354275  User: oesteban  Machine: dna079  Platform: Linux  PlatformVersion: 5.14.0-427.37.1.el9_4.x86_64  CompilerName: GCC  CompilerVersion: 8.4.0
ProgramName: tkregister2  ProgramArguments: tkregister2_cmdl -all-info  ProgramVersion: 7.3.2  TimeStamp: 2026/03/15-08:49:53-GMT  BuildTime: Aug  4 2022 06:17:15  BuildStamp: freesurfer-linux-ubuntu22_x86_64-7.3.2-20220804-6354275  User: oesteban  Machine: dna079  Platform: Linux  PlatformVersion: 5.14.0-427.37.1.el9_4.x86_64  CompilerName: GCC  CompilerVersion: 8.4.0
mri_motion_correct.fsl 7.3.2
mri_convert -all-info 
ProgramName: mri_convert  ProgramArguments: mri_convert -all-info  ProgramVersion: 7.3.2  TimeStamp: 2026/03/15-08:49:53-GMT  BuildTime: Aug  4 2022 06:17:15  BuildStamp: freesurfer-linux-ubuntu22_x86_64-7.3.2-20220804-6354275  User: oesteban  Machine: dna079  Platform: Linux  PlatformVersion: 5.14.0-427.37.1.el9_4.x86_64  CompilerName: GCC  CompilerVersion: 8.4.0
Program nu_correct, built from:
Package MNI N3, version 1.12.0, compiled by nicks@terrier (x86_64-unknown-linux-gnu) on 2015-06-19 at 01:25:34
#######################################
GCADIR /opt/freesurfer/average
GCA RB_all_2020-01-02.gca
GCASkull RB_all_withskull_2020_01_02.gca
AvgCurvTif folding.atlas.acfb40.noaparc.i12.2016-08-02.tif
GCSDIR /opt/freesurfer/average
GCS DKaparc.atlas.acfb40.noaparc.i12.2016-08-02.gcs
#######################################
#--------------------------------------------
#@# AutoDetGWStats rh Sun Mar 15 09:49:53 CET 2026
cd /out/sourcedata/freesurfer/sub-v2s10x28953_ses-1/mri
mris_autodet_gwstats --o ../surf/autodet.gw.stats.rh.dat --i brain.finalsurfs.mgz --wm wm.mgz --surf ../surf/rh.orig.premesh
  Update not needed
#--------------------------------------------
#@# WhitePreAparc rh Sun Mar 15 09:49:53 CET 2026
cd /out/sourcedata/freesurfer/sub-v2s10x28953_ses-1/mri
mris_place_surface --adgws-in ../surf/autodet.gw.stats.rh.dat --wm wm.mgz --threads 16 --invol brain.finalsurfs.mgz --rh --i ../surf/rh.orig --o ../surf/rh.white.preaparc --white --seg aseg.presurf.mgz --nsmooth 5
   Update not needed
#--------------------------------------------
#@# CortexLabel rh Sun Mar 15 09:49:53 CET 2026
cd /out/sourcedata/freesurfer/sub-v2s10x28953_ses-1/mri
mri_label2label --label-cortex ../surf/rh.white.preaparc aseg.presurf.mgz 0 ../label/rh.cortex.label
   Update not needed
#--------------------------------------------
#@# CortexLabel+HipAmyg rh Sun Mar 15 09:49:53 CET 2026
cd /out/sourcedata/freesurfer/sub-v2s10x28953_ses-1/mri
mri_label2label --label-cortex ../surf/rh.white.preaparc aseg.presurf.mgz 1 ../label/rh.cortex+hipamyg.label
   Update not needed
#@# white curv rh Sun Mar 15 09:49:53 CET 2026
cd /out/sourcedata/freesurfer/sub-v2s10x28953_ses-1/mri
mris_place_surface --curv-map ../surf/rh.white 2 10 ../surf/rh.curv
   Update not needed
#@# white area rh Sun Mar 15 09:49:53 CET 2026
cd /out/sourcedata/freesurfer/sub-v2s10x28953_ses-1/mri
mris_place_surface --area-map ../surf/rh.white ../surf/rh.area
   Update not needed
#@# pial curv rh Sun Mar 15 09:49:53 CET 2026
cd /out/sourcedata/freesurfer/sub-v2s10x28953_ses-1/mri
mris_place_surface --curv-map ../surf/rh.pial 2 10 ../surf/rh.curv.pial
   Update not needed
#@# pial area rh Sun Mar 15 09:49:53 CET 2026
cd /out/sourcedata/freesurfer/sub-v2s10x28953_ses-1/mri
mris_place_surface --area-map ../surf/rh.pial ../surf/rh.area.pial
   Update not needed
#@# thickness rh Sun Mar 15 09:49:54 CET 2026
cd /out/sourcedata/freesurfer/sub-v2s10x28953_ses-1/mri
mris_place_surface --thickness ../surf/rh.white ../surf/rh.pial 20 5 ../surf/rh.thickness
   Update not needed
#@# area and vertex vol rh Sun Mar 15 09:49:54 CET 2026
cd /out/sourcedata/freesurfer/sub-v2s10x28953_ses-1/mri
mris_place_surface --thickness ../surf/rh.white ../surf/rh.pial 20 5 ../surf/rh.thickness
   Update not needed
#-----------------------------------------
#@# Parcellation Stats rh Sun Mar 15 09:49:54 CET 2026
/out/sourcedata/freesurfer/sub-v2s10x28953_ses-1/scripts

 mris_anatomical_stats -th3 -mgz -noglobal -cortex ../label/rh.cortex.label -f ../stats/rh.aparc.stats -b -a ../label/rh.aparc.annot -c ../label/aparc.annot.ctab sub-v2s10x28953_ses-1 rh white 

computing statistics for each annotation in ../label/rh.aparc.annot.
reading volume /out/sourcedata/freesurfer/sub-v2s10x28953_ses-1/mri/wm.mgz...
reading input surface /out/sourcedata/freesurfer/sub-v2s10x28953_ses-1/surf/rh.white...
reading input pial surface /out/sourcedata/freesurfer/sub-v2s10x28953_ses-1/surf/rh.pial...
reading input white surface /out/sourcedata/freesurfer/sub-v2s10x28953_ses-1/surf/rh.white...
INFO: using TH3 volume calc
INFO: assuming MGZ format for volumes.
INFO: not computing global stats
INFO: using ../label/rh.cortex.label as mask to calc cortex NumVert, SurfArea and MeanThickness.
Using TH3 vertex volume calc
Total face volume 231074
Total vertex volume 230868 (mask=0)
Saving annotation colortable ../label/aparc.annot.ctab

table columns are:
    number of vertices
    total surface area (mm^2)
    total gray matter volume (mm^3)
    average cortical thickness +- standard deviation (mm)
    integrated rectified mean curvature
    integrated rectified Gaussian curvature
    folding index
    intrinsic curvature index
    structure name

 1050    702   1742  2.454 0.489     0.092     0.014        6     0.6  bankssts
  964    721   2293  2.522 0.830     0.122     0.020       14     1.0  caudalanteriorcingulate
 2230   1538   4426  2.688 0.499     0.105     0.020       16     1.8  caudalmiddlefrontal
 2250   1592   3244  1.885 0.513     0.140     0.031       28     2.8  cuneus
  564    433   2182  3.666 0.682     0.143     0.049        8     1.1  entorhinal
 4201   2874  10276  3.054 0.613     0.120     0.028       46     4.7  fusiform
 6628   4798  14862  2.646 0.538     0.110     0.020       68     5.3  inferiorparietal
 4159   3015  10114  2.887 0.650     0.124     0.027       51     4.7  inferiortemporal
 1262    870   2331  2.302 0.915     0.109     0.022       16     0.9  isthmuscingulate
 6469   4781  12049  2.327 0.535     0.147     0.032       91     8.6  lateraloccipital
 3408   2506   7831  2.902 0.665     0.134     0.031       39     4.5  lateralorbitofrontal
 3579   2570   6189  2.271 0.650     0.136     0.029       41     4.7  lingual
 2566   1888   5668  2.598 0.781     0.116     0.028       35     2.9  medialorbitofrontal
 4487   3199  12299  3.004 0.661     0.114     0.022       58     3.9  middletemporal
  806    527   1720  2.957 0.689     0.096     0.023       11     0.6  parahippocampal
 2180   1413   3808  2.517 0.498     0.101     0.017       16     1.6  paracentral
 1836   1306   3689  2.626 0.421     0.113     0.017       20     1.4  parsopercularis
 1156    858   3577  3.071 0.747     0.136     0.032       16     1.4  parsorbitalis
 2105   1603   5215  2.555 0.656     0.129     0.024       31     1.9  parstriangularis
 1469   1019   1444  1.572 0.511     0.118     0.024       15     1.5  pericalcarine
 5365   3549   7359  1.848 0.587     0.092     0.015       46     3.2  postcentral
 1557   1074   3309  2.599 0.987     0.116     0.022       16     1.5  posteriorcingulate
 6651   4566  12508  2.513 0.502     0.107     0.018       56     5.0  precentral
 4938   3474  10377  2.701 0.643     0.114     0.021       49     4.3  precuneus
  805    607   2544  3.207 0.759     0.128     0.027       14     1.0  rostralanteriorcingulate
 6444   4734  14052  2.454 0.646     0.123     0.027       96     7.0  rostralmiddlefrontal
 8488   6046  19455  2.805 0.573     0.119     0.025       90     8.5  superiorfrontal
 7367   5227  13706  2.343 0.522     0.112     0.020       78     6.1  superiorparietal
 5076   3394  11163  2.846 0.593     0.093     0.015       42     3.1  superiortemporal
 4241   2995   9643  2.813 0.619     0.121     0.022       48     4.0  supramarginal
  384    301   1087  2.602 0.720     0.169     0.048       17     0.7  frontalpole
  558    427   2432  3.981 0.736     0.137     0.039        6     1.0  temporalpole
  501    341    950  2.557 0.421     0.135     0.026       11     0.6  transversetemporal
 3111   2115   7323  3.445 0.786     0.109     0.024       25     2.9  insula

 mris_anatomical_stats -th3 -mgz -noglobal -cortex ../label/rh.cortex.label -f ../stats/rh.aparc.pial.stats -b -a ../label/rh.aparc.annot -c ../label/aparc.annot.ctab sub-v2s10x28953_ses-1 rh pial 

computing statistics for each annotation in ../label/rh.aparc.annot.
reading volume /out/sourcedata/freesurfer/sub-v2s10x28953_ses-1/mri/wm.mgz...
reading input surface /out/sourcedata/freesurfer/sub-v2s10x28953_ses-1/surf/rh.pial...
reading input pial surface /out/sourcedata/freesurfer/sub-v2s10x28953_ses-1/surf/rh.pial...
reading input white surface /out/sourcedata/freesurfer/sub-v2s10x28953_ses-1/surf/rh.white...
INFO: using TH3 volume calc
INFO: assuming MGZ format for volumes.
INFO: not computing global stats
INFO: using ../label/rh.cortex.label as mask to calc cortex NumVert, SurfArea and MeanThickness.
Using TH3 vertex volume calc
Total face volume 231074
Total vertex volume 230868 (mask=0)
Saving annotation colortable ../label/aparc.annot.ctab

table columns are:
    number of vertices
    total surface area (mm^2)
    total gray matter volume (mm^3)
    average cortical thickness +- standard deviation (mm)
    integrated rectified mean curvature
    integrated rectified Gaussian curvature
    folding index
    intrinsic curvature index
    structure name

 1050    716   1742  2.454 0.489     0.117     0.031       16     1.3  bankssts
  964   1018   2293  2.522 0.830     0.207     0.060       64     2.2  caudalanteriorcingulate
 2230   1695   4426  2.688 0.499     0.135     0.029     2413     2.4  caudalmiddlefrontal
 2250   1987   3244  1.885 0.513     0.157     0.035       32     3.4  cuneus
  564    838   2182  3.666 0.682     0.339     0.096       28     2.8  entorhinal
 4201   3756  10276  3.054 0.613     0.153     1.412     4579     6.4  fusiform
 6628   6161  14862  2.646 0.538     0.149     0.030       92     9.0  inferiorparietal
 4159   3884  10114  2.887 0.650     0.153     0.039      100     6.2  inferiortemporal
 1262   1191   2331  2.302 0.915     0.185     0.054       35     3.1  isthmuscingulate
 6469   5808  12049  2.327 0.535     0.156     0.040      260    10.4  lateraloccipital
 3408   2947   7831  2.902 0.665     0.158     0.050       80     8.5  lateralorbitofrontal
 3579   3198   6189  2.271 0.650     0.162     0.050      109     6.6  lingual
 2566   2503   5668  2.598 0.781     0.170     0.039      189     4.2  medialorbitofrontal
 4487   4713  12299  3.004 0.661     0.163     0.035       70     6.9  middletemporal
  806    691   1720  2.957 0.689     0.195     0.063       24     2.5  parahippocampal
 2180   1633   3808  2.517 0.498     0.117     0.026       31     2.2  paracentral
 1836   1555   3689  2.626 0.421     0.137     0.029       36     2.1  parsopercularis
 1156   1487   3577  3.071 0.747     0.213     0.042       21     2.2  parsorbitalis
 2105   2370   5215  2.555 0.656     0.197     0.035       34     3.2  parstriangularis
 1469    916   1444  1.572 0.511     0.117     0.031       20     1.8  pericalcarine
 5365   4404   7359  1.848 0.587     0.115     0.021       46     4.6  postcentral
 1557   1408   3309  2.599 0.987     0.165     0.044       41     3.0  posteriorcingulate
 6651   5237  12508  2.513 0.502     0.116     0.025       85     6.2  precentral
 4938   4123  10377  2.701 0.643     0.146     0.035      150     7.2  precuneus
  805    915   2544  3.207 0.759     0.186     0.087      129     1.3  rostralanteriorcingulate
 6444   6699  14052  2.454 0.646     0.179     0.038      100    11.2  rostralmiddlefrontal
 8488   7755  19455  2.805 0.573     0.155     0.033      189    11.0  superiorfrontal
 7367   6431  13706  2.343 0.522     0.139     0.030       96     8.4  superiorparietal
 5076   4303  11163  2.846 0.593     0.136     0.031      190     6.8  superiortemporal
 4241   3717   9643  2.813 0.619     0.158     0.036     3671     6.0  supramarginal
  384    597   1087  2.602 0.720     0.272     0.048        8     0.8  frontalpole
  558    803   2432  3.981 0.736     0.196     0.043       11     1.1  temporalpole
  501    431    950  2.557 0.421     0.114     0.028        3     0.6  transversetemporal
 3111   2005   7323  3.445 0.786     0.147     0.054      104     6.3  insula
#-----------------------------------------
#@# Parcellation Stats 2 rh Sun Mar 15 09:50:04 CET 2026
/out/sourcedata/freesurfer/sub-v2s10x28953_ses-1/scripts

 mris_anatomical_stats -th3 -mgz -noglobal -cortex ../label/rh.cortex.label -f ../stats/rh.aparc.a2009s.stats -b -a ../label/rh.aparc.a2009s.annot -c ../label/aparc.annot.a2009s.ctab sub-v2s10x28953_ses-1 rh white 

computing statistics for each annotation in ../label/rh.aparc.a2009s.annot.
reading volume /out/sourcedata/freesurfer/sub-v2s10x28953_ses-1/mri/wm.mgz...
reading input surface /out/sourcedata/freesurfer/sub-v2s10x28953_ses-1/surf/rh.white...
reading input pial surface /out/sourcedata/freesurfer/sub-v2s10x28953_ses-1/surf/rh.pial...
reading input white surface /out/sourcedata/freesurfer/sub-v2s10x28953_ses-1/surf/rh.white...
INFO: using TH3 volume calc
INFO: assuming MGZ format for volumes.
INFO: not computing global stats
INFO: using ../label/rh.cortex.label as mask to calc cortex NumVert, SurfArea and MeanThickness.
Using TH3 vertex volume calc
Total face volume 231074
Total vertex volume 230868 (mask=0)
Saving annotation colortable ../label/aparc.annot.a2009s.ctab

table columns are:
    number of vertices
    total surface area (mm^2)
    total gray matter volume (mm^3)
    average cortical thickness +- standard deviation (mm)
    integrated rectified mean curvature
    integrated rectified Gaussian curvature
    folding index
    intrinsic curvature index
    structure name

  849    600   1769  2.352 0.774     0.124     0.027       14     0.9  G_and_S_frontomargin
  983    755   2361  2.730 0.487     0.146     0.031       13     1.2  G_and_S_occipital_inf
 1446    933   2615  2.275 0.481     0.121     0.024       15     1.5  G_and_S_paracentral
 1260    911   2985  2.589 0.557     0.125     0.023       18     1.2  G_and_S_subcentral
  961    717   2456  2.539 0.621     0.145     0.038       28     1.6  G_and_S_transv_frontopol
 2498   1791   5672  2.835 0.730     0.111     0.021       28     2.4  G_and_S_cingul-Ant
 1190    850   2752  3.000 0.460     0.113     0.020       12     1.1  G_and_S_cingul-Mid-Ant
 1294    884   2717  2.881 0.604     0.111     0.020       10     1.1  G_and_S_cingul-Mid-Post
  471    375   1498  2.898 0.779     0.153     0.036       10     0.7  G_cingul-Post-dorsal
  246    165    676  2.832 1.003     0.143     0.031        5     0.3  G_cingul-Post-ventral
 2043   1478   3083  1.859 0.555     0.147     0.033       29     2.9  G_cuneus
 1125    835   2781  2.652 0.438     0.125     0.023       18     1.0  G_front_inf-Opercular
  420    317   1377  3.005 0.545     0.144     0.034        8     0.4  G_front_inf-Orbital
  786    659   2705  2.730 0.706     0.168     0.038       23     1.1  G_front_inf-Triangul
 2782   2189   7888  2.670 0.617     0.140     0.033       57     3.6  G_front_middle
 5325   3967  14634  2.886 0.577     0.132     0.030       74     6.6  G_front_sup
  555    390   1741  3.844 1.027     0.110     0.033        7     0.5  G_Ins_lg_and_S_cent_ins
  634    464   2165  3.465 0.879     0.136     0.038        9     1.0  G_insular_short
 1950   1530   5322  2.615 0.599     0.140     0.028       33     2.1  G_occipital_middle
 1512   1102   2990  2.348 0.546     0.137     0.029       23     1.8  G_occipital_sup
 1834   1224   5241  3.173 0.606     0.129     0.032       28     2.3  G_oc-temp_lat-fusifor
 2177   1609   4185  2.236 0.748     0.150     0.034       30     3.3  G_oc-temp_med-Lingual
 1204    879   4026  3.346 0.808     0.142     0.048       20     2.4  G_oc-temp_med-Parahip
 2314   1761   7580  3.049 0.756     0.143     0.035       37     3.4  G_orbital
 2005   1603   6278  2.795 0.575     0.136     0.028       35     2.1  G_pariet_inf-Angular
 2205   1602   6346  3.016 0.654     0.131     0.028       33     2.4  G_pariet_inf-Supramar
 1882   1480   5064  2.571 0.538     0.140     0.025       31     2.0  G_parietal_sup
 1807   1206   2642  1.803 0.510     0.104     0.018       21     1.3  G_postcentral
 2482   1770   5955  2.662 0.525     0.119     0.023       28     2.5  G_precentral
 2070   1573   6073  2.808 0.665     0.139     0.031       36     2.7  G_precuneus
  697    545   2224  2.847 0.732     0.140     0.039       15     0.9  G_rectus
  537    373    945  2.728 0.919     0.128     0.044        6     0.8  G_subcallosal
  406    260    807  2.483 0.384     0.136     0.027       11     0.5  G_temp_sup-G_T_transv
 1559   1086   4906  3.130 0.593     0.112     0.022       22     1.4  G_temp_sup-Lateral
  768    521   1873  3.210 0.897     0.075     0.013        2     0.3  G_temp_sup-Plan_polar
  748    498   1446  2.679 0.548     0.067     0.008        2     0.2  G_temp_sup-Plan_tempo
 2127   1567   6538  2.978 0.726     0.138     0.035       37     2.9  G_temporal_inf
 2613   1916   8609  3.175 0.652     0.127     0.028       46     2.8  G_temporal_middle
  453    325    690  2.249 0.400     0.098     0.010        2     0.3  Lat_Fis-ant-Horizont
  366    237    441  2.124 0.453     0.084     0.008        1     0.1  Lat_Fis-ant-Vertical
 1318    865   1923  2.862 0.509     0.102     0.014        7     0.9  Lat_Fis-post
 2569   1966   4516  2.024 0.587     0.165     0.040       41     4.2  Pole_occipital
 1511   1157   5835  3.483 0.708     0.142     0.037       25     2.2  Pole_temporal
 1904   1270   2473  2.195 0.854     0.102     0.019       12     1.6  S_calcarine
 2759   1772   2668  1.762 0.517     0.078     0.009       11     1.1  S_central
 1106    752   1826  2.660 0.615     0.088     0.013        5     0.5  S_cingul-Marginalis
  707    490   1269  3.264 0.594     0.111     0.021        4     0.7  S_circular_insula_ant
 1151    739   1732  2.909 0.804     0.073     0.009        3     0.5  S_circular_insula_inf
 1494    995   2320  2.965 0.505     0.107     0.017        8     1.2  S_circular_insula_sup
 1147    744   1867  2.950 0.380     0.075     0.010        4     0.5  S_collat_transv_ant
  403    264    494  2.163 0.388     0.110     0.016        3     0.3  S_collat_transv_post
 1441   1000   2509  2.450 0.464     0.092     0.014        8     0.9  S_front_inf
 1587   1103   2543  2.352 0.587     0.113     0.021       13     1.4  S_front_middle
 2249   1552   3693  2.454 0.533     0.106     0.020       15     2.0  S_front_sup
  325    242    552  2.559 0.485     0.102     0.014        2     0.3  S_interm_prim-Jensen
 3450   2307   4592  2.199 0.438     0.089     0.012       18     1.9  S_intrapariet_and_P_trans
  913    642   1278  2.383 0.447     0.136     0.027       10     1.1  S_oc_middle_and_Lunatus
 1048    709   1598  2.400 0.479     0.109     0.018        8     0.7  S_oc_sup_and_transversal
  788    551   1187  2.278 0.385     0.100     0.017        4     0.6  S_occipital_ant
 1189    836   2015  2.727 0.585     0.113     0.021        8     1.2  S_oc-temp_lat
 1651   1102   2446  2.664 0.473     0.096     0.017        9     1.1  S_oc-temp_med_and_Lingual
  409    292    693  2.203 0.593     0.105     0.020        3     0.3  S_orbital_lateral
  701    499   1131  2.663 0.570     0.115     0.024        5     0.7  S_orbital_med-olfact
 1130    791   2215  2.814 0.672     0.111     0.020        8     1.0  S_orbital-H_Shaped
 2092   1389   3121  2.409 0.626     0.106     0.016       16     1.3  S_parieto_occipital
 1574    991   1403  1.689 0.587     0.095     0.014       16     0.9  S_pericallosal
 2243   1443   2750  2.132 0.430     0.082     0.012       10     1.1  S_postcentral
 1749   1189   2958  2.611 0.384     0.099     0.012       12     1.0  S_precentral-inf-part
 1047    685   1474  2.518 0.452     0.090     0.012        4     0.6  S_precentral-sup-part
  315    221    374  1.904 0.482     0.133     0.015        3     0.3  S_suborbital
 1148    787   1911  2.667 0.505     0.109     0.020        8     0.8  S_subparietal
 1110    779   1738  2.758 0.439     0.115     0.017        7     1.0  S_temporal_inf
 5757   3785   9265  2.597 0.470     0.090     0.013       31     3.2  S_temporal_sup
  286    205    445  2.684 0.439     0.120     0.016        3     0.2  S_temporal_transverse
#-----------------------------------------
#@# Parcellation Stats 3 rh Sun Mar 15 09:50:09 CET 2026
/out/sourcedata/freesurfer/sub-v2s10x28953_ses-1/scripts

 mris_anatomical_stats -th3 -mgz -noglobal -cortex ../label/rh.cortex.label -f ../stats/rh.aparc.DKTatlas.stats -b -a ../label/rh.aparc.DKTatlas.annot -c ../label/aparc.annot.DKTatlas.ctab sub-v2s10x28953_ses-1 rh white 

computing statistics for each annotation in ../label/rh.aparc.DKTatlas.annot.
reading volume /out/sourcedata/freesurfer/sub-v2s10x28953_ses-1/mri/wm.mgz...
reading input surface /out/sourcedata/freesurfer/sub-v2s10x28953_ses-1/surf/rh.white...
reading input pial surface /out/sourcedata/freesurfer/sub-v2s10x28953_ses-1/surf/rh.pial...
reading input white surface /out/sourcedata/freesurfer/sub-v2s10x28953_ses-1/surf/rh.white...
INFO: using TH3 volume calc
INFO: assuming MGZ format for volumes.
INFO: not computing global stats
INFO: using ../label/rh.cortex.label as mask to calc cortex NumVert, SurfArea and MeanThickness.
Using TH3 vertex volume calc
Total face volume 231074
Total vertex volume 230868 (mask=0)
Saving annotation colortable ../label/aparc.annot.DKTatlas.ctab

table columns are:
    number of vertices
    total surface area (mm^2)
    total gray matter volume (mm^3)
    average cortical thickness +- standard deviation (mm)
    integrated rectified mean curvature
    integrated rectified Gaussian curvature
    folding index
    intrinsic curvature index
    structure name

 1076    795   2508  2.525 0.815     0.123     0.020       15     1.1  caudalanteriorcingulate
 2266   1560   4540  2.711 0.493     0.106     0.020       17     1.8  caudalmiddlefrontal
 2770   1957   4075  1.925 0.540     0.134     0.028       33     3.3  cuneus
  543    414   2179  3.704 0.673     0.141     0.048        8     1.1  entorhinal
 3761   2557   9191  3.041 0.618     0.117     0.028       41     4.1  fusiform
 6510   4704  14508  2.653 0.537     0.111     0.020       67     5.3  inferiorparietal
 4575   3306  10981  2.889 0.634     0.124     0.027       54     5.1  inferiortemporal
 1254    868   2305  2.298 0.898     0.109     0.022       16     0.9  isthmuscingulate
 6633   4893  12471  2.339 0.541     0.147     0.032       94     8.7  lateraloccipital
 3612   2600   8694  2.877 0.734     0.128     0.029       44     4.3  lateralorbitofrontal
 3513   2527   6073  2.265 0.647     0.136     0.029       40     4.7  lingual
 1968   1482   4862  2.668 0.737     0.135     0.037       36     2.9  medialorbitofrontal
 5376   3819  13950  2.936 0.658     0.112     0.021       65     4.5  middletemporal
  861    565   1838  2.991 0.673     0.099     0.024       12     0.7  parahippocampal
 2264   1478   4048  2.510 0.492     0.101     0.016       16     1.7  paracentral
 2084   1489   4228  2.617 0.442     0.111     0.018       22     1.5  parsopercularis
 1107    808   3114  3.034 0.512     0.132     0.028       13     1.3  parsorbitalis
 1988   1513   4914  2.555 0.663     0.130     0.025       31     1.9  parstriangularis
 1439   1002   1412  1.564 0.495     0.120     0.026       14     1.6  pericalcarine
 5935   3935   8370  1.890 0.589     0.094     0.015       51     3.7  postcentral
 1639   1123   3385  2.622 0.971     0.116     0.022       17     1.6  posteriorcingulate
 6466   4453  12146  2.513 0.506     0.107     0.018       55     4.8  precentral
 5068   3587  10824  2.697 0.646     0.117     0.022       53     4.6  precuneus
 1108    800   2946  3.122 0.786     0.122     0.026       16     1.3  rostralanteriorcingulate
 4494   3375  10131  2.490 0.661     0.127     0.028       67     5.1  rostralmiddlefrontal
10786   7741  24118  2.694 0.628     0.120     0.025      129    11.1  superiorfrontal
 6010   4259  11014  2.337 0.516     0.106     0.018       61     4.4  superiorparietal
 6276   4226  14607  2.920 0.701     0.098     0.018       52     4.4  superiortemporal
 4097   2908   9584  2.849 0.612     0.122     0.023       48     4.0  supramarginal
  496    336    938  2.524 0.414     0.131     0.025       10     0.6  transversetemporal
 2880   1979   6914  3.497 0.764     0.108     0.024       23     2.7  insula
/out/sourcedata/freesurfer/sub-v2s10x28953_ses-1/label
#--------------------------------------------
#@# BA_exvivo Labels rh Sun Mar 15 09:50:14 CET 2026

 mri_label2label --srcsubject fsaverage --srclabel /out/sourcedata/freesurfer/fsaverage/label/rh.BA1_exvivo.label --trgsubject sub-v2s10x28953_ses-1 --trglabel ./rh.BA1_exvivo.label --hemi rh --regmethod surface 


srclabel = /out/sourcedata/freesurfer/fsaverage/label/rh.BA1_exvivo.label
srcsubject = fsaverage
trgsubject = sub-v2s10x28953_ses-1
trglabel = ./rh.BA1_exvivo.label
regmethod = surface

srchemi = rh
trghemi = rh
trgsurface = white
srcsurfreg = sphere.reg
trgsurfreg = sphere.reg
usehash = 1
Use ProjAbs  = 0, 0
Use ProjFrac = 0, 0
DoPaint 0

SUBJECTS_DIR    /out/sourcedata/freesurfer
FREESURFER_HOME /opt/freesurfer
Loading source label.
Found 3962 points in source label.
Starting surface-based mapping
Reading source registration 
 /out/sourcedata/freesurfer/fsaverage/surf/rh.sphere.reg
Rescaling ...  original radius = 100
Reading target surface 
 /out/sourcedata/freesurfer/sub-v2s10x28953_ses-1/surf/rh.white
Reading target registration 
 /out/sourcedata/freesurfer/sub-v2s10x28953_ses-1/surf/rh.sphere.reg
Rescaling ...  original radius = 100
Building target registration hash (res=16).
Building source registration hash (res=16).
INFO: found  3962 nlabel points
Performing mapping from target back to the source label 115992
Number of reverse mapping hits = 42
Checking for and removing duplicates
Writing label file ./rh.BA1_exvivo.label 4004
mri_label2label: Done


 mri_label2label --srcsubject fsaverage --srclabel /out/sourcedata/freesurfer/fsaverage/label/rh.BA2_exvivo.label --trgsubject sub-v2s10x28953_ses-1 --trglabel ./rh.BA2_exvivo.label --hemi rh --regmethod surface 


srclabel = /out/sourcedata/freesurfer/fsaverage/label/rh.BA2_exvivo.label
srcsubject = fsaverage
trgsubject = sub-v2s10x28953_ses-1
trglabel = ./rh.BA2_exvivo.label
regmethod = surface

srchemi = rh
trghemi = rh
trgsurface = white
srcsurfreg = sphere.reg
trgsurfreg = sphere.reg
usehash = 1
Use ProjAbs  = 0, 0
Use ProjFrac = 0, 0
DoPaint 0

SUBJECTS_DIR    /out/sourcedata/freesurfer
FREESURFER_HOME /opt/freesurfer
Loading source label.
Found 6687 points in source label.
Starting surface-based mapping
Reading source registration 
 /out/sourcedata/freesurfer/fsaverage/surf/rh.sphere.reg
Rescaling ...  original radius = 100
Reading target surface 
 /out/sourcedata/freesurfer/sub-v2s10x28953_ses-1/surf/rh.white
Reading target registration 
 /out/sourcedata/freesurfer/sub-v2s10x28953_ses-1/surf/rh.sphere.reg
Rescaling ...  original radius = 100
Building target registration hash (res=16).
Building source registration hash (res=16).
INFO: found  6687 nlabel points
Performing mapping from target back to the source label 115992
Number of reverse mapping hits = 57
Checking for and removing duplicates
Writing label file ./rh.BA2_exvivo.label 6744
mri_label2label: Done


 mri_label2label --srcsubject fsaverage --srclabel /out/sourcedata/freesurfer/fsaverage/label/rh.BA3a_exvivo.label --trgsubject sub-v2s10x28953_ses-1 --trglabel ./rh.BA3a_exvivo.label --hemi rh --regmethod surface 


srclabel = /out/sourcedata/freesurfer/fsaverage/label/rh.BA3a_exvivo.label
srcsubject = fsaverage
trgsubject = sub-v2s10x28953_ses-1
trglabel = ./rh.BA3a_exvivo.label
regmethod = surface

srchemi = rh
trghemi = rh
trgsurface = white
srcsurfreg = sphere.reg
trgsurfreg = sphere.reg
usehash = 1
Use ProjAbs  = 0, 0
Use ProjFrac = 0, 0
DoPaint 0

SUBJECTS_DIR    /out/sourcedata/freesurfer
FREESURFER_HOME /opt/freesurfer
Loading source label.
Found 3980 points in source label.
Starting surface-based mapping
Reading source registration 
 /out/sourcedata/freesurfer/fsaverage/surf/rh.sphere.reg
Rescaling ...  original radius = 100
Reading target surface 
 /out/sourcedata/freesurfer/sub-v2s10x28953_ses-1/surf/rh.white
Reading target registration 
 /out/sourcedata/freesurfer/sub-v2s10x28953_ses-1/surf/rh.sphere.reg
Rescaling ...  original radius = 100
Building target registration hash (res=16).
Building source registration hash (res=16).
INFO: found  3980 nlabel points
Performing mapping from target back to the source label 115992
Number of reverse mapping hits = 10
Checking for and removing duplicates
Writing label file ./rh.BA3a_exvivo.label 3990
mri_label2label: Done


 mri_label2label --srcsubject fsaverage --srclabel /out/sourcedata/freesurfer/fsaverage/label/rh.BA3b_exvivo.label --trgsubject sub-v2s10x28953_ses-1 --trglabel ./rh.BA3b_exvivo.label --hemi rh --regmethod surface 


srclabel = /out/sourcedata/freesurfer/fsaverage/label/rh.BA3b_exvivo.label
srcsubject = fsaverage
trgsubject = sub-v2s10x28953_ses-1
trglabel = ./rh.BA3b_exvivo.label
regmethod = surface

srchemi = rh
trghemi = rh
trgsurface = white
srcsurfreg = sphere.reg
trgsurfreg = sphere.reg
usehash = 1
Use ProjAbs  = 0, 0
Use ProjFrac = 0, 0
DoPaint 0

SUBJECTS_DIR    /out/sourcedata/freesurfer
FREESURFER_HOME /opt/freesurfer
Loading source label.
Found 4522 points in source label.
Starting surface-based mapping
Reading source registration 
 /out/sourcedata/freesurfer/fsaverage/surf/rh.sphere.reg
Rescaling ...  original radius = 100
Reading target surface 
 /out/sourcedata/freesurfer/sub-v2s10x28953_ses-1/surf/rh.white
Reading target registration 
 /out/sourcedata/freesurfer/sub-v2s10x28953_ses-1/surf/rh.sphere.reg
Rescaling ...  original radius = 100
Building target registration hash (res=16).
Building source registration hash (res=16).
INFO: found  4522 nlabel points
Performing mapping from target back to the source label 115992
Number of reverse mapping hits = 34
Checking for and removing duplicates
Writing label file ./rh.BA3b_exvivo.label 4556
mri_label2label: Done


 mri_label2label --srcsubject fsaverage --srclabel /out/sourcedata/freesurfer/fsaverage/label/rh.BA4a_exvivo.label --trgsubject sub-v2s10x28953_ses-1 --trglabel ./rh.BA4a_exvivo.label --hemi rh --regmethod surface 


srclabel = /out/sourcedata/freesurfer/fsaverage/label/rh.BA4a_exvivo.label
srcsubject = fsaverage
trgsubject = sub-v2s10x28953_ses-1
trglabel = ./rh.BA4a_exvivo.label
regmethod = surface

srchemi = rh
trghemi = rh
trgsurface = white
srcsurfreg = sphere.reg
trgsurfreg = sphere.reg
usehash = 1
Use ProjAbs  = 0, 0
Use ProjFrac = 0, 0
DoPaint 0

SUBJECTS_DIR    /out/sourcedata/freesurfer
FREESURFER_HOME /opt/freesurfer
Loading source label.
Found 5747 points in source label.
Starting surface-based mapping
Reading source registration 
 /out/sourcedata/freesurfer/fsaverage/surf/rh.sphere.reg
Rescaling ...  original radius = 100
Reading target surface 
 /out/sourcedata/freesurfer/sub-v2s10x28953_ses-1/surf/rh.white
Reading target registration 
 /out/sourcedata/freesurfer/sub-v2s10x28953_ses-1/surf/rh.sphere.reg
Rescaling ...  original radius = 100
Building target registration hash (res=16).
Building source registration hash (res=16).
INFO: found  5747 nlabel points
Performing mapping from target back to the source label 115992
Number of reverse mapping hits = 40
Checking for and removing duplicates
Writing label file ./rh.BA4a_exvivo.label 5787
mri_label2label: Done


 mri_label2label --srcsubject fsaverage --srclabel /out/sourcedata/freesurfer/fsaverage/label/rh.BA4p_exvivo.label --trgsubject sub-v2s10x28953_ses-1 --trglabel ./rh.BA4p_exvivo.label --hemi rh --regmethod surface 


srclabel = /out/sourcedata/freesurfer/fsaverage/label/rh.BA4p_exvivo.label
srcsubject = fsaverage
trgsubject = sub-v2s10x28953_ses-1
trglabel = ./rh.BA4p_exvivo.label
regmethod = surface

srchemi = rh
trghemi = rh
trgsurface = white
srcsurfreg = sphere.reg
trgsurfreg = sphere.reg
usehash = 1
Use ProjAbs  = 0, 0
Use ProjFrac = 0, 0
DoPaint 0

SUBJECTS_DIR    /out/sourcedata/freesurfer
FREESURFER_HOME /opt/freesurfer
Loading source label.
Found 4473 points in source label.
Starting surface-based mapping
Reading source registration 
 /out/sourcedata/freesurfer/fsaverage/surf/rh.sphere.reg
Rescaling ...  original radius = 100
Reading target surface 
 /out/sourcedata/freesurfer/sub-v2s10x28953_ses-1/surf/rh.white
Reading target registration 
 /out/sourcedata/freesurfer/sub-v2s10x28953_ses-1/surf/rh.sphere.reg
Rescaling ...  original radius = 100
Building target registration hash (res=16).
Building source registration hash (res=16).
INFO: found  4473 nlabel points
Performing mapping from target back to the source label 115992
Number of reverse mapping hits = 18
Checking for and removing duplicates
Writing label file ./rh.BA4p_exvivo.label 4491
mri_label2label: Done


 mri_label2label --srcsubject fsaverage --srclabel /out/sourcedata/freesurfer/fsaverage/label/rh.BA6_exvivo.label --trgsubject sub-v2s10x28953_ses-1 --trglabel ./rh.BA6_exvivo.label --hemi rh --regmethod surface 


srclabel = /out/sourcedata/freesurfer/fsaverage/label/rh.BA6_exvivo.label
srcsubject = fsaverage
trgsubject = sub-v2s10x28953_ses-1
trglabel = ./rh.BA6_exvivo.label
regmethod = surface

srchemi = rh
trghemi = rh
trgsurface = white
srcsurfreg = sphere.reg
trgsurfreg = sphere.reg
usehash = 1
Use ProjAbs  = 0, 0
Use ProjFrac = 0, 0
DoPaint 0

SUBJECTS_DIR    /out/sourcedata/freesurfer
FREESURFER_HOME /opt/freesurfer
Loading source label.
Found 12256 points in source label.
Starting surface-based mapping
Reading source registration 
 /out/sourcedata/freesurfer/fsaverage/surf/rh.sphere.reg
Rescaling ...  original radius = 100
Reading target surface 
 /out/sourcedata/freesurfer/sub-v2s10x28953_ses-1/surf/rh.white
Reading target registration 
 /out/sourcedata/freesurfer/sub-v2s10x28953_ses-1/surf/rh.sphere.reg
Rescaling ...  original radius = 100
Building target registration hash (res=16).
Building source registration hash (res=16).
INFO: found  12256 nlabel points
Performing mapping from target back to the source label 115992
Number of reverse mapping hits = 183
Checking for and removing duplicates
Writing label file ./rh.BA6_exvivo.label 12439
mri_label2label: Done


 mri_label2label --srcsubject fsaverage --srclabel /out/sourcedata/freesurfer/fsaverage/label/rh.BA44_exvivo.label --trgsubject sub-v2s10x28953_ses-1 --trglabel ./rh.BA44_exvivo.label --hemi rh --regmethod surface 


srclabel = /out/sourcedata/freesurfer/fsaverage/label/rh.BA44_exvivo.label
srcsubject = fsaverage
trgsubject = sub-v2s10x28953_ses-1
trglabel = ./rh.BA44_exvivo.label
regmethod = surface

srchemi = rh
trghemi = rh
trgsurface = white
srcsurfreg = sphere.reg
trgsurfreg = sphere.reg
usehash = 1
Use ProjAbs  = 0, 0
Use ProjFrac = 0, 0
DoPaint 0

SUBJECTS_DIR    /out/sourcedata/freesurfer
FREESURFER_HOME /opt/freesurfer
Loading source label.
Found 6912 points in source label.
Starting surface-based mapping
Reading source registration 
 /out/sourcedata/freesurfer/fsaverage/surf/rh.sphere.reg
Rescaling ...  original radius = 100
Reading target surface 
 /out/sourcedata/freesurfer/sub-v2s10x28953_ses-1/surf/rh.white
Reading target registration 
 /out/sourcedata/freesurfer/sub-v2s10x28953_ses-1/surf/rh.sphere.reg
Rescaling ...  original radius = 100
Building target registration hash (res=16).
Building source registration hash (res=16).
INFO: found  6912 nlabel points
Performing mapping from target back to the source label 115992
Number of reverse mapping hits = 283
Checking for and removing duplicates
Writing label file ./rh.BA44_exvivo.label 7195
mri_label2label: Done


 mri_label2label --srcsubject fsaverage --srclabel /out/sourcedata/freesurfer/fsaverage/label/rh.BA45_exvivo.label --trgsubject sub-v2s10x28953_ses-1 --trglabel ./rh.BA45_exvivo.label --hemi rh --regmethod surface 


srclabel = /out/sourcedata/freesurfer/fsaverage/label/rh.BA45_exvivo.label
srcsubject = fsaverage
trgsubject = sub-v2s10x28953_ses-1
trglabel = ./rh.BA45_exvivo.label
regmethod = surface

srchemi = rh
trghemi = rh
trgsurface = white
srcsurfreg = sphere.reg
trgsurfreg = sphere.reg
usehash = 1
Use ProjAbs  = 0, 0
Use ProjFrac = 0, 0
DoPaint 0

SUBJECTS_DIR    /out/sourcedata/freesurfer
FREESURFER_HOME /opt/freesurfer
Loading source label.
Found 5355 points in source label.
Starting surface-based mapping
Reading source registration 
 /out/sourcedata/freesurfer/fsaverage/surf/rh.sphere.reg
Rescaling ...  original radius = 100
Reading target surface 
 /out/sourcedata/freesurfer/sub-v2s10x28953_ses-1/surf/rh.white
Reading target registration 
 /out/sourcedata/freesurfer/sub-v2s10x28953_ses-1/surf/rh.sphere.reg
Rescaling ...  original radius = 100
Building target registration hash (res=16).
Building source registration hash (res=16).
INFO: found  5355 nlabel points
Performing mapping from target back to the source label 115992
Number of reverse mapping hits = 406
Checking for and removing duplicates
Writing label file ./rh.BA45_exvivo.label 5761
mri_label2label: Done


 mri_label2label --srcsubject fsaverage --srclabel /out/sourcedata/freesurfer/fsaverage/label/rh.V1_exvivo.label --trgsubject sub-v2s10x28953_ses-1 --trglabel ./rh.V1_exvivo.label --hemi rh --regmethod surface 


srclabel = /out/sourcedata/freesurfer/fsaverage/label/rh.V1_exvivo.label
srcsubject = fsaverage
trgsubject = sub-v2s10x28953_ses-1
trglabel = ./rh.V1_exvivo.label
regmethod = surface

srchemi = rh
trghemi = rh
trgsurface = white
srcsurfreg = sphere.reg
trgsurfreg = sphere.reg
usehash = 1
Use ProjAbs  = 0, 0
Use ProjFrac = 0, 0
DoPaint 0

SUBJECTS_DIR    /out/sourcedata/freesurfer
FREESURFER_HOME /opt/freesurfer
Loading source label.
Found 4727 points in source label.
Starting surface-based mapping
Reading source registration 
 /out/sourcedata/freesurfer/fsaverage/surf/rh.sphere.reg
Rescaling ...  original radius = 100
Reading target surface 
 /out/sourcedata/freesurfer/sub-v2s10x28953_ses-1/surf/rh.white
Reading target registration 
 /out/sourcedata/freesurfer/sub-v2s10x28953_ses-1/surf/rh.sphere.reg
Rescaling ...  original radius = 100
Building target registration hash (res=16).
Building source registration hash (res=16).
INFO: found  4727 nlabel points
Performing mapping from target back to the source label 115992
Number of reverse mapping hits = 365
Checking for and removing duplicates
Writing label file ./rh.V1_exvivo.label 5092
mri_label2label: Done


 mri_label2label --srcsubject fsaverage --srclabel /out/sourcedata/freesurfer/fsaverage/label/rh.V2_exvivo.label --trgsubject sub-v2s10x28953_ses-1 --trglabel ./rh.V2_exvivo.label --hemi rh --regmethod surface 


srclabel = /out/sourcedata/freesurfer/fsaverage/label/rh.V2_exvivo.label
srcsubject = fsaverage
trgsubject = sub-v2s10x28953_ses-1
trglabel = ./rh.V2_exvivo.label
regmethod = surface

srchemi = rh
trghemi = rh
trgsurface = white
srcsurfreg = sphere.reg
trgsurfreg = sphere.reg
usehash = 1
Use ProjAbs  = 0, 0
Use ProjFrac = 0, 0
DoPaint 0

SUBJECTS_DIR    /out/sourcedata/freesurfer
FREESURFER_HOME /opt/freesurfer
Loading source label.
Found 8016 points in source label.
Starting surface-based mapping
Reading source registration 
 /out/sourcedata/freesurfer/fsaverage/surf/rh.sphere.reg
Rescaling ...  original radius = 100
Reading target surface 
 /out/sourcedata/freesurfer/sub-v2s10x28953_ses-1/surf/rh.white
Reading target registration 
 /out/sourcedata/freesurfer/sub-v2s10x28953_ses-1/surf/rh.sphere.reg
Rescaling ...  original radius = 100
Building target registration hash (res=16).
Building source registration hash (res=16).
INFO: found  8016 nlabel points
Performing mapping from target back to the source label 115992
Number of reverse mapping hits = 1290
Checking for and removing duplicates
Writing label file ./rh.V2_exvivo.label 9306
mri_label2label: Done


 mri_label2label --srcsubject fsaverage --srclabel /out/sourcedata/freesurfer/fsaverage/label/rh.MT_exvivo.label --trgsubject sub-v2s10x28953_ses-1 --trglabel ./rh.MT_exvivo.label --hemi rh --regmethod surface 


srclabel = /out/sourcedata/freesurfer/fsaverage/label/rh.MT_exvivo.label
srcsubject = fsaverage
trgsubject = sub-v2s10x28953_ses-1
trglabel = ./rh.MT_exvivo.label
regmethod = surface

srchemi = rh
trghemi = rh
trgsurface = white
srcsurfreg = sphere.reg
trgsurfreg = sphere.reg
usehash = 1
Use ProjAbs  = 0, 0
Use ProjFrac = 0, 0
DoPaint 0

SUBJECTS_DIR    /out/sourcedata/freesurfer
FREESURFER_HOME /opt/freesurfer
Loading source label.
Found 1932 points in source label.
Starting surface-based mapping
Reading source registration 
 /out/sourcedata/freesurfer/fsaverage/surf/rh.sphere.reg
Rescaling ...  original radius = 100
Reading target surface 
 /out/sourcedata/freesurfer/sub-v2s10x28953_ses-1/surf/rh.white
Reading target registration 
 /out/sourcedata/freesurfer/sub-v2s10x28953_ses-1/surf/rh.sphere.reg
Rescaling ...  original radius = 100
Building target registration hash (res=16).
Building source registration hash (res=16).
INFO: found  1932 nlabel points
Performing mapping from target back to the source label 115992
Number of reverse mapping hits = 307
Checking for and removing duplicates
Writing label file ./rh.MT_exvivo.label 2239
mri_label2label: Done


 mri_label2label --srcsubject fsaverage --srclabel /out/sourcedata/freesurfer/fsaverage/label/rh.entorhinal_exvivo.label --trgsubject sub-v2s10x28953_ses-1 --trglabel ./rh.entorhinal_exvivo.label --hemi rh --regmethod surface 


srclabel = /out/sourcedata/freesurfer/fsaverage/label/rh.entorhinal_exvivo.label
srcsubject = fsaverage
trgsubject = sub-v2s10x28953_ses-1
trglabel = ./rh.entorhinal_exvivo.label
regmethod = surface

srchemi = rh
trghemi = rh
trgsurface = white
srcsurfreg = sphere.reg
trgsurfreg = sphere.reg
usehash = 1
Use ProjAbs  = 0, 0
Use ProjFrac = 0, 0
DoPaint 0

SUBJECTS_DIR    /out/sourcedata/freesurfer
FREESURFER_HOME /opt/freesurfer
Loading source label.
Found 1038 points in source label.
Starting surface-based mapping
Reading source registration 
 /out/sourcedata/freesurfer/fsaverage/surf/rh.sphere.reg
Rescaling ...  original radius = 100
Reading target surface 
 /out/sourcedata/freesurfer/sub-v2s10x28953_ses-1/surf/rh.white
Reading target registration 
 /out/sourcedata/freesurfer/sub-v2s10x28953_ses-1/surf/rh.sphere.reg
Rescaling ...  original radius = 100
Building target registration hash (res=16).
Building source registration hash (res=16).
INFO: found  1038 nlabel points
Performing mapping from target back to the source label 115992
Number of reverse mapping hits = 100
Checking for and removing duplicates
Writing label file ./rh.entorhinal_exvivo.label 1138
mri_label2label: Done


 mri_label2label --srcsubject fsaverage --srclabel /out/sourcedata/freesurfer/fsaverage/label/rh.perirhinal_exvivo.label --trgsubject sub-v2s10x28953_ses-1 --trglabel ./rh.perirhinal_exvivo.label --hemi rh --regmethod surface 


srclabel = /out/sourcedata/freesurfer/fsaverage/label/rh.perirhinal_exvivo.label
srcsubject = fsaverage
trgsubject = sub-v2s10x28953_ses-1
trglabel = ./rh.perirhinal_exvivo.label
regmethod = surface

srchemi = rh
trghemi = rh
trgsurface = white
srcsurfreg = sphere.reg
trgsurfreg = sphere.reg
usehash = 1
Use ProjAbs  = 0, 0
Use ProjFrac = 0, 0
DoPaint 0

SUBJECTS_DIR    /out/sourcedata/freesurfer
FREESURFER_HOME /opt/freesurfer
Loading source label.
Found 752 points in source label.
Starting surface-based mapping
Reading source registration 
 /out/sourcedata/freesurfer/fsaverage/surf/rh.sphere.reg
Rescaling ...  original radius = 100
Reading target surface 
 /out/sourcedata/freesurfer/sub-v2s10x28953_ses-1/surf/rh.white
Reading target registration 
 /out/sourcedata/freesurfer/sub-v2s10x28953_ses-1/surf/rh.sphere.reg
Rescaling ...  original radius = 100
Building target registration hash (res=16).
Building source registration hash (res=16).
INFO: found  752 nlabel points
Performing mapping from target back to the source label 115992
Number of reverse mapping hits = 73
Checking for and removing duplicates
Writing label file ./rh.perirhinal_exvivo.label 825
mri_label2label: Done


 mri_label2label --srcsubject fsaverage --srclabel /out/sourcedata/freesurfer/fsaverage/label/rh.FG1.mpm.vpnl.label --trgsubject sub-v2s10x28953_ses-1 --trglabel ./rh.FG1.mpm.vpnl.label --hemi rh --regmethod surface 


srclabel = /out/sourcedata/freesurfer/fsaverage/label/rh.FG1.mpm.vpnl.label
srcsubject = fsaverage
trgsubject = sub-v2s10x28953_ses-1
trglabel = ./rh.FG1.mpm.vpnl.label
regmethod = surface

srchemi = rh
trghemi = rh
trgsurface = white
srcsurfreg = sphere.reg
trgsurfreg = sphere.reg
usehash = 1
Use ProjAbs  = 0, 0
Use ProjFrac = 0, 0
DoPaint 0

SUBJECTS_DIR    /out/sourcedata/freesurfer
FREESURFER_HOME /opt/freesurfer
Loading source label.
Found 541 points in source label.
Starting surface-based mapping
Reading source registration 
 /out/sourcedata/freesurfer/fsaverage/surf/rh.sphere.reg
Rescaling ...  original radius = 100
Reading target surface 
 /out/sourcedata/freesurfer/sub-v2s10x28953_ses-1/surf/rh.white
Reading target registration 
 /out/sourcedata/freesurfer/sub-v2s10x28953_ses-1/surf/rh.sphere.reg
Rescaling ...  original radius = 100
Building target registration hash (res=16).
Building source registration hash (res=16).
INFO: found  541 nlabel points
Performing mapping from target back to the source label 115992
Number of reverse mapping hits = 122
Checking for and removing duplicates
Writing label file ./rh.FG1.mpm.vpnl.label 663
mri_label2label: Done


 mri_label2label --srcsubject fsaverage --srclabel /out/sourcedata/freesurfer/fsaverage/label/rh.FG2.mpm.vpnl.label --trgsubject sub-v2s10x28953_ses-1 --trglabel ./rh.FG2.mpm.vpnl.label --hemi rh --regmethod surface 


srclabel = /out/sourcedata/freesurfer/fsaverage/label/rh.FG2.mpm.vpnl.label
srcsubject = fsaverage
trgsubject = sub-v2s10x28953_ses-1
trglabel = ./rh.FG2.mpm.vpnl.label
regmethod = surface

srchemi = rh
trghemi = rh
trgsurface = white
srcsurfreg = sphere.reg
trgsurfreg = sphere.reg
usehash = 1
Use ProjAbs  = 0, 0
Use ProjFrac = 0, 0
DoPaint 0

SUBJECTS_DIR    /out/sourcedata/freesurfer
FREESURFER_HOME /opt/freesurfer
Loading source label.
Found 721 points in source label.
Starting surface-based mapping
Reading source registration 
 /out/sourcedata/freesurfer/fsaverage/surf/rh.sphere.reg
Rescaling ...  original radius = 100
Reading target surface 
 /out/sourcedata/freesurfer/sub-v2s10x28953_ses-1/surf/rh.white
Reading target registration 
 /out/sourcedata/freesurfer/sub-v2s10x28953_ses-1/surf/rh.sphere.reg
Rescaling ...  original radius = 100
Building target registration hash (res=16).
Building source registration hash (res=16).
INFO: found  721 nlabel points
Performing mapping from target back to the source label 115992
Number of reverse mapping hits = 157
Checking for and removing duplicates
Writing label file ./rh.FG2.mpm.vpnl.label 878
mri_label2label: Done


 mri_label2label --srcsubject fsaverage --srclabel /out/sourcedata/freesurfer/fsaverage/label/rh.FG3.mpm.vpnl.label --trgsubject sub-v2s10x28953_ses-1 --trglabel ./rh.FG3.mpm.vpnl.label --hemi rh --regmethod surface 


srclabel = /out/sourcedata/freesurfer/fsaverage/label/rh.FG3.mpm.vpnl.label
srcsubject = fsaverage
trgsubject = sub-v2s10x28953_ses-1
trglabel = ./rh.FG3.mpm.vpnl.label
regmethod = surface

srchemi = rh
trghemi = rh
trgsurface = white
srcsurfreg = sphere.reg
trgsurfreg = sphere.reg
usehash = 1
Use ProjAbs  = 0, 0
Use ProjFrac = 0, 0
DoPaint 0

SUBJECTS_DIR    /out/sourcedata/freesurfer
FREESURFER_HOME /opt/freesurfer
Loading source label.
Found 1523 points in source label.
Starting surface-based mapping
Reading source registration 
 /out/sourcedata/freesurfer/fsaverage/surf/rh.sphere.reg
Rescaling ...  original radius = 100
Reading target surface 
 /out/sourcedata/freesurfer/sub-v2s10x28953_ses-1/surf/rh.white
Reading target registration 
 /out/sourcedata/freesurfer/sub-v2s10x28953_ses-1/surf/rh.sphere.reg
Rescaling ...  original radius = 100
Building target registration hash (res=16).
Building source registration hash (res=16).
INFO: found  1523 nlabel points
Performing mapping from target back to the source label 115992
Number of reverse mapping hits = 132
Checking for and removing duplicates
Writing label file ./rh.FG3.mpm.vpnl.label 1655
mri_label2label: Done


 mri_label2label --srcsubject fsaverage --srclabel /out/sourcedata/freesurfer/fsaverage/label/rh.FG4.mpm.vpnl.label --trgsubject sub-v2s10x28953_ses-1 --trglabel ./rh.FG4.mpm.vpnl.label --hemi rh --regmethod surface 


srclabel = /out/sourcedata/freesurfer/fsaverage/label/rh.FG4.mpm.vpnl.label
srcsubject = fsaverage
trgsubject = sub-v2s10x28953_ses-1
trglabel = ./rh.FG4.mpm.vpnl.label
regmethod = surface

srchemi = rh
trghemi = rh
trgsurface = white
srcsurfreg = sphere.reg
trgsurfreg = sphere.reg
usehash = 1
Use ProjAbs  = 0, 0
Use ProjFrac = 0, 0
DoPaint 0

SUBJECTS_DIR    /out/sourcedata/freesurfer
FREESURFER_HOME /opt/freesurfer
Loading source label.
Found 1586 points in source label.
Starting surface-based mapping
Reading source registration 
 /out/sourcedata/freesurfer/fsaverage/surf/rh.sphere.reg
Rescaling ...  original radius = 100
Reading target surface 
 /out/sourcedata/freesurfer/sub-v2s10x28953_ses-1/surf/rh.white
Reading target registration 
 /out/sourcedata/freesurfer/sub-v2s10x28953_ses-1/surf/rh.sphere.reg
Rescaling ...  original radius = 100
Building target registration hash (res=16).
Building source registration hash (res=16).
INFO: found  1586 nlabel points
Performing mapping from target back to the source label 115992
Number of reverse mapping hits = 218
Checking for and removing duplicates
Writing label file ./rh.FG4.mpm.vpnl.label 1804
mri_label2label: Done


 mri_label2label --srcsubject fsaverage --srclabel /out/sourcedata/freesurfer/fsaverage/label/rh.hOc1.mpm.vpnl.label --trgsubject sub-v2s10x28953_ses-1 --trglabel ./rh.hOc1.mpm.vpnl.label --hemi rh --regmethod surface 


srclabel = /out/sourcedata/freesurfer/fsaverage/label/rh.hOc1.mpm.vpnl.label
srcsubject = fsaverage
trgsubject = sub-v2s10x28953_ses-1
trglabel = ./rh.hOc1.mpm.vpnl.label
regmethod = surface

srchemi = rh
trghemi = rh
trgsurface = white
srcsurfreg = sphere.reg
trgsurfreg = sphere.reg
usehash = 1
Use ProjAbs  = 0, 0
Use ProjFrac = 0, 0
DoPaint 0

SUBJECTS_DIR    /out/sourcedata/freesurfer
FREESURFER_HOME /opt/freesurfer
Loading source label.
Found 3667 points in source label.
Starting surface-based mapping
Reading source registration 
 /out/sourcedata/freesurfer/fsaverage/surf/rh.sphere.reg
Rescaling ...  original radius = 100
Reading target surface 
 /out/sourcedata/freesurfer/sub-v2s10x28953_ses-1/surf/rh.white
Reading target registration 
 /out/sourcedata/freesurfer/sub-v2s10x28953_ses-1/surf/rh.sphere.reg
Rescaling ...  original radius = 100
Building target registration hash (res=16).
Building source registration hash (res=16).
INFO: found  3667 nlabel points
Performing mapping from target back to the source label 115992
Number of reverse mapping hits = 244
Checking for and removing duplicates
Writing label file ./rh.hOc1.mpm.vpnl.label 3911
mri_label2label: Done


 mri_label2label --srcsubject fsaverage --srclabel /out/sourcedata/freesurfer/fsaverage/label/rh.hOc2.mpm.vpnl.label --trgsubject sub-v2s10x28953_ses-1 --trglabel ./rh.hOc2.mpm.vpnl.label --hemi rh --regmethod surface 


srclabel = /out/sourcedata/freesurfer/fsaverage/label/rh.hOc2.mpm.vpnl.label
srcsubject = fsaverage
trgsubject = sub-v2s10x28953_ses-1
trglabel = ./rh.hOc2.mpm.vpnl.label
regmethod = surface

srchemi = rh
trghemi = rh
trgsurface = white
srcsurfreg = sphere.reg
trgsurfreg = sphere.reg
usehash = 1
Use ProjAbs  = 0, 0
Use ProjFrac = 0, 0
DoPaint 0

SUBJECTS_DIR    /out/sourcedata/freesurfer
FREESURFER_HOME /opt/freesurfer
Loading source label.
Found 2719 points in source label.
Starting surface-based mapping
Reading source registration 
 /out/sourcedata/freesurfer/fsaverage/surf/rh.sphere.reg
Rescaling ...  original radius = 100
Reading target surface 
 /out/sourcedata/freesurfer/sub-v2s10x28953_ses-1/surf/rh.white
Reading target registration 
 /out/sourcedata/freesurfer/sub-v2s10x28953_ses-1/surf/rh.sphere.reg
Rescaling ...  original radius = 100
Building target registration hash (res=16).
Building source registration hash (res=16).
INFO: found  2719 nlabel points
Performing mapping from target back to the source label 115992
Number of reverse mapping hits = 467
Checking for and removing duplicates
Writing label file ./rh.hOc2.mpm.vpnl.label 3186
mri_label2label: Done


 mri_label2label --srcsubject fsaverage --srclabel /out/sourcedata/freesurfer/fsaverage/label/rh.hOc3v.mpm.vpnl.label --trgsubject sub-v2s10x28953_ses-1 --trglabel ./rh.hOc3v.mpm.vpnl.label --hemi rh --regmethod surface 


srclabel = /out/sourcedata/freesurfer/fsaverage/label/rh.hOc3v.mpm.vpnl.label
srcsubject = fsaverage
trgsubject = sub-v2s10x28953_ses-1
trglabel = ./rh.hOc3v.mpm.vpnl.label
regmethod = surface

srchemi = rh
trghemi = rh
trgsurface = white
srcsurfreg = sphere.reg
trgsurfreg = sphere.reg
usehash = 1
Use ProjAbs  = 0, 0
Use ProjFrac = 0, 0
DoPaint 0

SUBJECTS_DIR    /out/sourcedata/freesurfer
FREESURFER_HOME /opt/freesurfer
Loading source label.
Found 1228 points in source label.
Starting surface-based mapping
Reading source registration 
 /out/sourcedata/freesurfer/fsaverage/surf/rh.sphere.reg
Rescaling ...  original radius = 100
Reading target surface 
 /out/sourcedata/freesurfer/sub-v2s10x28953_ses-1/surf/rh.white
Reading target registration 
 /out/sourcedata/freesurfer/sub-v2s10x28953_ses-1/surf/rh.sphere.reg
Rescaling ...  original radius = 100
Building target registration hash (res=16).
Building source registration hash (res=16).
INFO: found  1228 nlabel points
Performing mapping from target back to the source label 115992
Number of reverse mapping hits = 175
Checking for and removing duplicates
Writing label file ./rh.hOc3v.mpm.vpnl.label 1403
mri_label2label: Done


 mri_label2label --srcsubject fsaverage --srclabel /out/sourcedata/freesurfer/fsaverage/label/rh.hOc4v.mpm.vpnl.label --trgsubject sub-v2s10x28953_ses-1 --trglabel ./rh.hOc4v.mpm.vpnl.label --hemi rh --regmethod surface 


srclabel = /out/sourcedata/freesurfer/fsaverage/label/rh.hOc4v.mpm.vpnl.label
srcsubject = fsaverage
trgsubject = sub-v2s10x28953_ses-1
trglabel = ./rh.hOc4v.mpm.vpnl.label
regmethod = surface

srchemi = rh
trghemi = rh
trgsurface = white
srcsurfreg = sphere.reg
trgsurfreg = sphere.reg
usehash = 1
Use ProjAbs  = 0, 0
Use ProjFrac = 0, 0
DoPaint 0

SUBJECTS_DIR    /out/sourcedata/freesurfer
FREESURFER_HOME /opt/freesurfer
Loading source label.
Found 1025 points in source label.
Starting surface-based mapping
Reading source registration 
 /out/sourcedata/freesurfer/fsaverage/surf/rh.sphere.reg
Rescaling ...  original radius = 100
Reading target surface 
 /out/sourcedata/freesurfer/sub-v2s10x28953_ses-1/surf/rh.white
Reading target registration 
 /out/sourcedata/freesurfer/sub-v2s10x28953_ses-1/surf/rh.sphere.reg
Rescaling ...  original radius = 100
Building target registration hash (res=16).
Building source registration hash (res=16).
INFO: found  1025 nlabel points
Performing mapping from target back to the source label 115992
Number of reverse mapping hits = 170
Checking for and removing duplicates
Writing label file ./rh.hOc4v.mpm.vpnl.label 1195
mri_label2label: Done


 mris_label2annot --s sub-v2s10x28953_ses-1 --ctab /opt/freesurfer/average/colortable_vpnl.txt --hemi rh --a mpm.vpnl --maxstatwinner --noverbose --l rh.FG1.mpm.vpnl.label --l rh.FG2.mpm.vpnl.label --l rh.FG3.mpm.vpnl.label --l rh.FG4.mpm.vpnl.label --l rh.hOc1.mpm.vpnl.label --l rh.hOc2.mpm.vpnl.label --l rh.hOc3v.mpm.vpnl.label --l rh.hOc4v.mpm.vpnl.label 

Reading ctab /opt/freesurfer/average/colortable_vpnl.txt
Number of ctab entries 9

7.3.2
cwd /out/sourcedata/freesurfer/sub-v2s10x28953_ses-1/label
cmdline mris_label2annot --s sub-v2s10x28953_ses-1 --ctab /opt/freesurfer/average/colortable_vpnl.txt --hemi rh --a mpm.vpnl --maxstatwinner --noverbose --l rh.FG1.mpm.vpnl.label --l rh.FG2.mpm.vpnl.label --l rh.FG3.mpm.vpnl.label --l rh.FG4.mpm.vpnl.label --l rh.hOc1.mpm.vpnl.label --l rh.hOc2.mpm.vpnl.label --l rh.hOc3v.mpm.vpnl.label --l rh.hOc4v.mpm.vpnl.label 
sysname  Linux
hostname dna079
machine  x86_64
user     oesteban

subject sub-v2s10x28953_ses-1
hemi    rh
SUBJECTS_DIR /out/sourcedata/freesurfer
ColorTable /opt/freesurfer/average/colortable_vpnl.txt
AnnotName  mpm.vpnl
nlables 8
LabelThresh 0 0.000000
Loading /out/sourcedata/freesurfer/sub-v2s10x28953_ses-1/surf/rh.orig
 1 1376057 FG1
 2 16711935 FG2
 3 16711680 FG3
 4 1705837 FG4
 5 25600 hOc1
 6 255 hOc2
 7 16776960 hOc3v
 8 65535 hOc4v
Mapping unhit to unknown
Found 103610 unhit vertices
Writing annot to /out/sourcedata/freesurfer/sub-v2s10x28953_ses-1/label/rh.mpm.vpnl.annot

 mri_label2label --srcsubject fsaverage --srclabel /out/sourcedata/freesurfer/fsaverage/label/rh.BA1_exvivo.thresh.label --trgsubject sub-v2s10x28953_ses-1 --trglabel ./rh.BA1_exvivo.thresh.label --hemi rh --regmethod surface 


srclabel = /out/sourcedata/freesurfer/fsaverage/label/rh.BA1_exvivo.thresh.label
srcsubject = fsaverage
trgsubject = sub-v2s10x28953_ses-1
trglabel = ./rh.BA1_exvivo.thresh.label
regmethod = surface

srchemi = rh
trghemi = rh
trgsurface = white
srcsurfreg = sphere.reg
trgsurfreg = sphere.reg
usehash = 1
Use ProjAbs  = 0, 0
Use ProjFrac = 0, 0
DoPaint 0

SUBJECTS_DIR    /out/sourcedata/freesurfer
FREESURFER_HOME /opt/freesurfer
Loading source label.
Found 876 points in source label.
Starting surface-based mapping
Reading source registration 
 /out/sourcedata/freesurfer/fsaverage/surf/rh.sphere.reg
Rescaling ...  original radius = 100
Reading target surface 
 /out/sourcedata/freesurfer/sub-v2s10x28953_ses-1/surf/rh.white
Reading target registration 
 /out/sourcedata/freesurfer/sub-v2s10x28953_ses-1/surf/rh.sphere.reg
Rescaling ...  original radius = 100
Building target registration hash (res=16).
Building source registration hash (res=16).
INFO: found  876 nlabel points
Performing mapping from target back to the source label 115992
Number of reverse mapping hits = 15
Checking for and removing duplicates
Writing label file ./rh.BA1_exvivo.thresh.label 891
mri_label2label: Done


 mri_label2label --srcsubject fsaverage --srclabel /out/sourcedata/freesurfer/fsaverage/label/rh.BA2_exvivo.thresh.label --trgsubject sub-v2s10x28953_ses-1 --trglabel ./rh.BA2_exvivo.thresh.label --hemi rh --regmethod surface 


srclabel = /out/sourcedata/freesurfer/fsaverage/label/rh.BA2_exvivo.thresh.label
srcsubject = fsaverage
trgsubject = sub-v2s10x28953_ses-1
trglabel = ./rh.BA2_exvivo.thresh.label
regmethod = surface

srchemi = rh
trghemi = rh
trgsurface = white
srcsurfreg = sphere.reg
trgsurfreg = sphere.reg
usehash = 1
Use ProjAbs  = 0, 0
Use ProjFrac = 0, 0
DoPaint 0

SUBJECTS_DIR    /out/sourcedata/freesurfer
FREESURFER_HOME /opt/freesurfer
Loading source label.
Found 2688 points in source label.
Starting surface-based mapping
Reading source registration 
 /out/sourcedata/freesurfer/fsaverage/surf/rh.sphere.reg
Rescaling ...  original radius = 100
Reading target surface 
 /out/sourcedata/freesurfer/sub-v2s10x28953_ses-1/surf/rh.white
Reading target registration 
 /out/sourcedata/freesurfer/sub-v2s10x28953_ses-1/surf/rh.sphere.reg
Rescaling ...  original radius = 100
Building target registration hash (res=16).
Building source registration hash (res=16).
INFO: found  2688 nlabel points
Performing mapping from target back to the source label 115992
Number of reverse mapping hits = 6
Checking for and removing duplicates
Writing label file ./rh.BA2_exvivo.thresh.label 2694
mri_label2label: Done


 mri_label2label --srcsubject fsaverage --srclabel /out/sourcedata/freesurfer/fsaverage/label/rh.BA3a_exvivo.thresh.label --trgsubject sub-v2s10x28953_ses-1 --trglabel ./rh.BA3a_exvivo.thresh.label --hemi rh --regmethod surface 


srclabel = /out/sourcedata/freesurfer/fsaverage/label/rh.BA3a_exvivo.thresh.label
srcsubject = fsaverage
trgsubject = sub-v2s10x28953_ses-1
trglabel = ./rh.BA3a_exvivo.thresh.label
regmethod = surface

srchemi = rh
trghemi = rh
trgsurface = white
srcsurfreg = sphere.reg
trgsurfreg = sphere.reg
usehash = 1
Use ProjAbs  = 0, 0
Use ProjFrac = 0, 0
DoPaint 0

SUBJECTS_DIR    /out/sourcedata/freesurfer
FREESURFER_HOME /opt/freesurfer
Loading source label.
Found 1698 points in source label.
Starting surface-based mapping
Reading source registration 
 /out/sourcedata/freesurfer/fsaverage/surf/rh.sphere.reg
Rescaling ...  original radius = 100
Reading target surface 
 /out/sourcedata/freesurfer/sub-v2s10x28953_ses-1/surf/rh.white
Reading target registration 
 /out/sourcedata/freesurfer/sub-v2s10x28953_ses-1/surf/rh.sphere.reg
Rescaling ...  original radius = 100
Building target registration hash (res=16).
Building source registration hash (res=16).
INFO: found  1698 nlabel points
Performing mapping from target back to the source label 115992
Number of reverse mapping hits = 2
Checking for and removing duplicates
Writing label file ./rh.BA3a_exvivo.thresh.label 1700
mri_label2label: Done


 mri_label2label --srcsubject fsaverage --srclabel /out/sourcedata/freesurfer/fsaverage/label/rh.BA3b_exvivo.thresh.label --trgsubject sub-v2s10x28953_ses-1 --trglabel ./rh.BA3b_exvivo.thresh.label --hemi rh --regmethod surface 


srclabel = /out/sourcedata/freesurfer/fsaverage/label/rh.BA3b_exvivo.thresh.label
srcsubject = fsaverage
trgsubject = sub-v2s10x28953_ses-1
trglabel = ./rh.BA3b_exvivo.thresh.label
regmethod = surface

srchemi = rh
trghemi = rh
trgsurface = white
srcsurfreg = sphere.reg
trgsurfreg = sphere.reg
usehash = 1
Use ProjAbs  = 0, 0
Use ProjFrac = 0, 0
DoPaint 0

SUBJECTS_DIR    /out/sourcedata/freesurfer
FREESURFER_HOME /opt/freesurfer
Loading source label.
Found 2183 points in source label.
Starting surface-based mapping
Reading source registration 
 /out/sourcedata/freesurfer/fsaverage/surf/rh.sphere.reg
Rescaling ...  original radius = 100
Reading target surface 
 /out/sourcedata/freesurfer/sub-v2s10x28953_ses-1/surf/rh.white
Reading target registration 
 /out/sourcedata/freesurfer/sub-v2s10x28953_ses-1/surf/rh.sphere.reg
Rescaling ...  original radius = 100
Building target registration hash (res=16).
Building source registration hash (res=16).
INFO: found  2183 nlabel points
Performing mapping from target back to the source label 115992
Number of reverse mapping hits = 10
Checking for and removing duplicates
Writing label file ./rh.BA3b_exvivo.thresh.label 2193
mri_label2label: Done


 mri_label2label --srcsubject fsaverage --srclabel /out/sourcedata/freesurfer/fsaverage/label/rh.BA4a_exvivo.thresh.label --trgsubject sub-v2s10x28953_ses-1 --trglabel ./rh.BA4a_exvivo.thresh.label --hemi rh --regmethod surface 


srclabel = /out/sourcedata/freesurfer/fsaverage/label/rh.BA4a_exvivo.thresh.label
srcsubject = fsaverage
trgsubject = sub-v2s10x28953_ses-1
trglabel = ./rh.BA4a_exvivo.thresh.label
regmethod = surface

srchemi = rh
trghemi = rh
trgsurface = white
srcsurfreg = sphere.reg
trgsurfreg = sphere.reg
usehash = 1
Use ProjAbs  = 0, 0
Use ProjFrac = 0, 0
DoPaint 0

SUBJECTS_DIR    /out/sourcedata/freesurfer
FREESURFER_HOME /opt/freesurfer
Loading source label.
Found 1388 points in source label.
Starting surface-based mapping
Reading source registration 
 /out/sourcedata/freesurfer/fsaverage/surf/rh.sphere.reg
Rescaling ...  original radius = 100
Reading target surface 
 /out/sourcedata/freesurfer/sub-v2s10x28953_ses-1/surf/rh.white
Reading target registration 
 /out/sourcedata/freesurfer/sub-v2s10x28953_ses-1/surf/rh.sphere.reg
Rescaling ...  original radius = 100
Building target registration hash (res=16).
Building source registration hash (res=16).
INFO: found  1388 nlabel points
Performing mapping from target back to the source label 115992
Number of reverse mapping hits = 6
Checking for and removing duplicates
Writing label file ./rh.BA4a_exvivo.thresh.label 1394
mri_label2label: Done


 mri_label2label --srcsubject fsaverage --srclabel /out/sourcedata/freesurfer/fsaverage/label/rh.BA4p_exvivo.thresh.label --trgsubject sub-v2s10x28953_ses-1 --trglabel ./rh.BA4p_exvivo.thresh.label --hemi rh --regmethod surface 


srclabel = /out/sourcedata/freesurfer/fsaverage/label/rh.BA4p_exvivo.thresh.label
srcsubject = fsaverage
trgsubject = sub-v2s10x28953_ses-1
trglabel = ./rh.BA4p_exvivo.thresh.label
regmethod = surface

srchemi = rh
trghemi = rh
trgsurface = white
srcsurfreg = sphere.reg
trgsurfreg = sphere.reg
usehash = 1
Use ProjAbs  = 0, 0
Use ProjFrac = 0, 0
DoPaint 0

SUBJECTS_DIR    /out/sourcedata/freesurfer
FREESURFER_HOME /opt/freesurfer
Loading source label.
Found 1489 points in source label.
Starting surface-based mapping
Reading source registration 
 /out/sourcedata/freesurfer/fsaverage/surf/rh.sphere.reg
Rescaling ...  original radius = 100
Reading target surface 
 /out/sourcedata/freesurfer/sub-v2s10x28953_ses-1/surf/rh.white
Reading target registration 
 /out/sourcedata/freesurfer/sub-v2s10x28953_ses-1/surf/rh.sphere.reg
Rescaling ...  original radius = 100
Building target registration hash (res=16).
Building source registration hash (res=16).
INFO: found  1489 nlabel points
Performing mapping from target back to the source label 115992
Number of reverse mapping hits = 5
Checking for and removing duplicates
Writing label file ./rh.BA4p_exvivo.thresh.label 1494
mri_label2label: Done


 mri_label2label --srcsubject fsaverage --srclabel /out/sourcedata/freesurfer/fsaverage/label/rh.BA6_exvivo.thresh.label --trgsubject sub-v2s10x28953_ses-1 --trglabel ./rh.BA6_exvivo.thresh.label --hemi rh --regmethod surface 


srclabel = /out/sourcedata/freesurfer/fsaverage/label/rh.BA6_exvivo.thresh.label
srcsubject = fsaverage
trgsubject = sub-v2s10x28953_ses-1
trglabel = ./rh.BA6_exvivo.thresh.label
regmethod = surface

srchemi = rh
trghemi = rh
trgsurface = white
srcsurfreg = sphere.reg
trgsurfreg = sphere.reg
usehash = 1
Use ProjAbs  = 0, 0
Use ProjFrac = 0, 0
DoPaint 0

SUBJECTS_DIR    /out/sourcedata/freesurfer
FREESURFER_HOME /opt/freesurfer
Loading source label.
Found 6959 points in source label.
Starting surface-based mapping
Reading source registration 
 /out/sourcedata/freesurfer/fsaverage/surf/rh.sphere.reg
Rescaling ...  original radius = 100
Reading target surface 
 /out/sourcedata/freesurfer/sub-v2s10x28953_ses-1/surf/rh.white
Reading target registration 
 /out/sourcedata/freesurfer/sub-v2s10x28953_ses-1/surf/rh.sphere.reg
Rescaling ...  original radius = 100
Building target registration hash (res=16).
Building source registration hash (res=16).
INFO: found  6959 nlabel points
Performing mapping from target back to the source label 115992
Number of reverse mapping hits = 89
Checking for and removing duplicates
Writing label file ./rh.BA6_exvivo.thresh.label 7048
mri_label2label: Done


 mri_label2label --srcsubject fsaverage --srclabel /out/sourcedata/freesurfer/fsaverage/label/rh.BA44_exvivo.thresh.label --trgsubject sub-v2s10x28953_ses-1 --trglabel ./rh.BA44_exvivo.thresh.label --hemi rh --regmethod surface 


srclabel = /out/sourcedata/freesurfer/fsaverage/label/rh.BA44_exvivo.thresh.label
srcsubject = fsaverage
trgsubject = sub-v2s10x28953_ses-1
trglabel = ./rh.BA44_exvivo.thresh.label
regmethod = surface

srchemi = rh
trghemi = rh
trgsurface = white
srcsurfreg = sphere.reg
trgsurfreg = sphere.reg
usehash = 1
Use ProjAbs  = 0, 0
Use ProjFrac = 0, 0
DoPaint 0

SUBJECTS_DIR    /out/sourcedata/freesurfer
FREESURFER_HOME /opt/freesurfer
Loading source label.
Found 1012 points in source label.
Starting surface-based mapping
Reading source registration 
 /out/sourcedata/freesurfer/fsaverage/surf/rh.sphere.reg
Rescaling ...  original radius = 100
Reading target surface 
 /out/sourcedata/freesurfer/sub-v2s10x28953_ses-1/surf/rh.white
Reading target registration 
 /out/sourcedata/freesurfer/sub-v2s10x28953_ses-1/surf/rh.sphere.reg
Rescaling ...  original radius = 100
Building target registration hash (res=16).
Building source registration hash (res=16).
INFO: found  1012 nlabel points
Performing mapping from target back to the source label 115992
Number of reverse mapping hits = 75
Checking for and removing duplicates
Writing label file ./rh.BA44_exvivo.thresh.label 1087
mri_label2label: Done


 mri_label2label --srcsubject fsaverage --srclabel /out/sourcedata/freesurfer/fsaverage/label/rh.BA45_exvivo.thresh.label --trgsubject sub-v2s10x28953_ses-1 --trglabel ./rh.BA45_exvivo.thresh.label --hemi rh --regmethod surface 


srclabel = /out/sourcedata/freesurfer/fsaverage/label/rh.BA45_exvivo.thresh.label
srcsubject = fsaverage
trgsubject = sub-v2s10x28953_ses-1
trglabel = ./rh.BA45_exvivo.thresh.label
regmethod = surface

srchemi = rh
trghemi = rh
trgsurface = white
srcsurfreg = sphere.reg
trgsurfreg = sphere.reg
usehash = 1
Use ProjAbs  = 0, 0
Use ProjFrac = 0, 0
DoPaint 0

SUBJECTS_DIR    /out/sourcedata/freesurfer
FREESURFER_HOME /opt/freesurfer
Loading source label.
Found 1178 points in source label.
Starting surface-based mapping
Reading source registration 
 /out/sourcedata/freesurfer/fsaverage/surf/rh.sphere.reg
Rescaling ...  original radius = 100
Reading target surface 
 /out/sourcedata/freesurfer/sub-v2s10x28953_ses-1/surf/rh.white
Reading target registration 
 /out/sourcedata/freesurfer/sub-v2s10x28953_ses-1/surf/rh.sphere.reg
Rescaling ...  original radius = 100
Building target registration hash (res=16).
Building source registration hash (res=16).
INFO: found  1178 nlabel points
Performing mapping from target back to the source label 115992
Number of reverse mapping hits = 41
Checking for and removing duplicates
Writing label file ./rh.BA45_exvivo.thresh.label 1219
mri_label2label: Done


 mri_label2label --srcsubject fsaverage --srclabel /out/sourcedata/freesurfer/fsaverage/label/rh.V1_exvivo.thresh.label --trgsubject sub-v2s10x28953_ses-1 --trglabel ./rh.V1_exvivo.thresh.label --hemi rh --regmethod surface 


srclabel = /out/sourcedata/freesurfer/fsaverage/label/rh.V1_exvivo.thresh.label
srcsubject = fsaverage
trgsubject = sub-v2s10x28953_ses-1
trglabel = ./rh.V1_exvivo.thresh.label
regmethod = surface

srchemi = rh
trghemi = rh
trgsurface = white
srcsurfreg = sphere.reg
trgsurfreg = sphere.reg
usehash = 1
Use ProjAbs  = 0, 0
Use ProjFrac = 0, 0
DoPaint 0

SUBJECTS_DIR    /out/sourcedata/freesurfer
FREESURFER_HOME /opt/freesurfer
Loading source label.
Found 3232 points in source label.
Starting surface-based mapping
Reading source registration 
 /out/sourcedata/freesurfer/fsaverage/surf/rh.sphere.reg
Rescaling ...  original radius = 100
Reading target surface 
 /out/sourcedata/freesurfer/sub-v2s10x28953_ses-1/surf/rh.white
Reading target registration 
 /out/sourcedata/freesurfer/sub-v2s10x28953_ses-1/surf/rh.sphere.reg
Rescaling ...  original radius = 100
Building target registration hash (res=16).
Building source registration hash (res=16).
INFO: found  3232 nlabel points
Performing mapping from target back to the source label 115992
Number of reverse mapping hits = 191
Checking for and removing duplicates
Writing label file ./rh.V1_exvivo.thresh.label 3423
mri_label2label: Done


 mri_label2label --srcsubject fsaverage --srclabel /out/sourcedata/freesurfer/fsaverage/label/rh.V2_exvivo.thresh.label --trgsubject sub-v2s10x28953_ses-1 --trglabel ./rh.V2_exvivo.thresh.label --hemi rh --regmethod surface 


srclabel = /out/sourcedata/freesurfer/fsaverage/label/rh.V2_exvivo.thresh.label
srcsubject = fsaverage
trgsubject = sub-v2s10x28953_ses-1
trglabel = ./rh.V2_exvivo.thresh.label
regmethod = surface

srchemi = rh
trghemi = rh
trgsurface = white
srcsurfreg = sphere.reg
trgsurfreg = sphere.reg
usehash = 1
Use ProjAbs  = 0, 0
Use ProjFrac = 0, 0
DoPaint 0

SUBJECTS_DIR    /out/sourcedata/freesurfer
FREESURFER_HOME /opt/freesurfer
Loading source label.
Found 3437 points in source label.
Starting surface-based mapping
Reading source registration 
 /out/sourcedata/freesurfer/fsaverage/surf/rh.sphere.reg
Rescaling ...  original radius = 100
Reading target surface 
 /out/sourcedata/freesurfer/sub-v2s10x28953_ses-1/surf/rh.white
Reading target registration 
 /out/sourcedata/freesurfer/sub-v2s10x28953_ses-1/surf/rh.sphere.reg
Rescaling ...  original radius = 100
Building target registration hash (res=16).
Building source registration hash (res=16).
INFO: found  3437 nlabel points
Performing mapping from target back to the source label 115992
Number of reverse mapping hits = 474
Checking for and removing duplicates
Writing label file ./rh.V2_exvivo.thresh.label 3911
mri_label2label: Done


 mri_label2label --srcsubject fsaverage --srclabel /out/sourcedata/freesurfer/fsaverage/label/rh.MT_exvivo.thresh.label --trgsubject sub-v2s10x28953_ses-1 --trglabel ./rh.MT_exvivo.thresh.label --hemi rh --regmethod surface 


srclabel = /out/sourcedata/freesurfer/fsaverage/label/rh.MT_exvivo.thresh.label
srcsubject = fsaverage
trgsubject = sub-v2s10x28953_ses-1
trglabel = ./rh.MT_exvivo.thresh.label
regmethod = surface

srchemi = rh
trghemi = rh
trgsurface = white
srcsurfreg = sphere.reg
trgsurfreg = sphere.reg
usehash = 1
Use ProjAbs  = 0, 0
Use ProjFrac = 0, 0
DoPaint 0

SUBJECTS_DIR    /out/sourcedata/freesurfer
FREESURFER_HOME /opt/freesurfer
Loading source label.
Found 268 points in source label.
Starting surface-based mapping
Reading source registration 
 /out/sourcedata/freesurfer/fsaverage/surf/rh.sphere.reg
Rescaling ...  original radius = 100
Reading target surface 
 /out/sourcedata/freesurfer/sub-v2s10x28953_ses-1/surf/rh.white
Reading target registration 
 /out/sourcedata/freesurfer/sub-v2s10x28953_ses-1/surf/rh.sphere.reg
Rescaling ...  original radius = 100
Building target registration hash (res=16).
Building source registration hash (res=16).
INFO: found  268 nlabel points
Performing mapping from target back to the source label 115992
Number of reverse mapping hits = 42
Checking for and removing duplicates
Writing label file ./rh.MT_exvivo.thresh.label 310
mri_label2label: Done


 mri_label2label --srcsubject fsaverage --srclabel /out/sourcedata/freesurfer/fsaverage/label/rh.entorhinal_exvivo.thresh.label --trgsubject sub-v2s10x28953_ses-1 --trglabel ./rh.entorhinal_exvivo.thresh.label --hemi rh --regmethod surface 


srclabel = /out/sourcedata/freesurfer/fsaverage/label/rh.entorhinal_exvivo.thresh.label
srcsubject = fsaverage
trgsubject = sub-v2s10x28953_ses-1
trglabel = ./rh.entorhinal_exvivo.thresh.label
regmethod = surface

srchemi = rh
trghemi = rh
trgsurface = white
srcsurfreg = sphere.reg
trgsurfreg = sphere.reg
usehash = 1
Use ProjAbs  = 0, 0
Use ProjFrac = 0, 0
DoPaint 0

SUBJECTS_DIR    /out/sourcedata/freesurfer
FREESURFER_HOME /opt/freesurfer
Loading source label.
Found 694 points in source label.
Starting surface-based mapping
Reading source registration 
 /out/sourcedata/freesurfer/fsaverage/surf/rh.sphere.reg
Rescaling ...  original radius = 100
Reading target surface 
 /out/sourcedata/freesurfer/sub-v2s10x28953_ses-1/surf/rh.white
Reading target registration 
 /out/sourcedata/freesurfer/sub-v2s10x28953_ses-1/surf/rh.sphere.reg
Rescaling ...  original radius = 100
Building target registration hash (res=16).
Building source registration hash (res=16).
INFO: found  694 nlabel points
Performing mapping from target back to the source label 115992
Number of reverse mapping hits = 71
Checking for and removing duplicates
Writing label file ./rh.entorhinal_exvivo.thresh.label 765
mri_label2label: Done


 mri_label2label --srcsubject fsaverage --srclabel /out/sourcedata/freesurfer/fsaverage/label/rh.perirhinal_exvivo.thresh.label --trgsubject sub-v2s10x28953_ses-1 --trglabel ./rh.perirhinal_exvivo.thresh.label --hemi rh --regmethod surface 


srclabel = /out/sourcedata/freesurfer/fsaverage/label/rh.perirhinal_exvivo.thresh.label
srcsubject = fsaverage
trgsubject = sub-v2s10x28953_ses-1
trglabel = ./rh.perirhinal_exvivo.thresh.label
regmethod = surface

srchemi = rh
trghemi = rh
trgsurface = white
srcsurfreg = sphere.reg
trgsurfreg = sphere.reg
usehash = 1
Use ProjAbs  = 0, 0
Use ProjFrac = 0, 0
DoPaint 0

SUBJECTS_DIR    /out/sourcedata/freesurfer
FREESURFER_HOME /opt/freesurfer
Loading source label.
Found 291 points in source label.
Starting surface-based mapping
Reading source registration 
 /out/sourcedata/freesurfer/fsaverage/surf/rh.sphere.reg
Rescaling ...  original radius = 100
Reading target surface 
 /out/sourcedata/freesurfer/sub-v2s10x28953_ses-1/surf/rh.white
Reading target registration 
 /out/sourcedata/freesurfer/sub-v2s10x28953_ses-1/surf/rh.sphere.reg
Rescaling ...  original radius = 100
Building target registration hash (res=16).
Building source registration hash (res=16).
INFO: found  291 nlabel points
Performing mapping from target back to the source label 115992
Number of reverse mapping hits = 44
Checking for and removing duplicates
Writing label file ./rh.perirhinal_exvivo.thresh.label 335
mri_label2label: Done


 mris_label2annot --s sub-v2s10x28953_ses-1 --hemi rh --ctab /opt/freesurfer/average/colortable_BA.txt --l rh.BA1_exvivo.label --l rh.BA2_exvivo.label --l rh.BA3a_exvivo.label --l rh.BA3b_exvivo.label --l rh.BA4a_exvivo.label --l rh.BA4p_exvivo.label --l rh.BA6_exvivo.label --l rh.BA44_exvivo.label --l rh.BA45_exvivo.label --l rh.V1_exvivo.label --l rh.V2_exvivo.label --l rh.MT_exvivo.label --l rh.perirhinal_exvivo.label --l rh.entorhinal_exvivo.label --a BA_exvivo --maxstatwinner --noverbose 

Reading ctab /opt/freesurfer/average/colortable_BA.txt
Number of ctab entries 15

7.3.2
cwd /out/sourcedata/freesurfer/sub-v2s10x28953_ses-1/label
cmdline mris_label2annot --s sub-v2s10x28953_ses-1 --hemi rh --ctab /opt/freesurfer/average/colortable_BA.txt --l rh.BA1_exvivo.label --l rh.BA2_exvivo.label --l rh.BA3a_exvivo.label --l rh.BA3b_exvivo.label --l rh.BA4a_exvivo.label --l rh.BA4p_exvivo.label --l rh.BA6_exvivo.label --l rh.BA44_exvivo.label --l rh.BA45_exvivo.label --l rh.V1_exvivo.label --l rh.V2_exvivo.label --l rh.MT_exvivo.label --l rh.perirhinal_exvivo.label --l rh.entorhinal_exvivo.label --a BA_exvivo --maxstatwinner --noverbose 
sysname  Linux
hostname dna079
machine  x86_64
user     oesteban

subject sub-v2s10x28953_ses-1
hemi    rh
SUBJECTS_DIR /out/sourcedata/freesurfer
ColorTable /opt/freesurfer/average/colortable_BA.txt
AnnotName  BA_exvivo
nlables 14
LabelThresh 0 0.000000
Loading /out/sourcedata/freesurfer/sub-v2s10x28953_ses-1/surf/rh.orig
 1 1530880 BA1_exvivo
 2 16749699 BA2_exvivo
 3 16711680 BA3a_exvivo
 4 3368703 BA3b_exvivo
 5 1376196 BA4a_exvivo
 6 13382655 BA4p_exvivo
 7 10036737 BA6_exvivo
 8 2490521 BA44_exvivo
 9 39283 BA45_exvivo
10 3993 V1_exvivo
11 8508928 V2_exvivo
12 10027163 MT_exvivo
13 16422433 perirhinal_exvivo
14 16392598 entorhinal_exvivo
Mapping unhit to unknown
Found 80664 unhit vertices
Writing annot to /out/sourcedata/freesurfer/sub-v2s10x28953_ses-1/label/rh.BA_exvivo.annot

 mris_label2annot --s sub-v2s10x28953_ses-1 --hemi rh --ctab /opt/freesurfer/average/colortable_BA.txt --l rh.BA1_exvivo.thresh.label --l rh.BA2_exvivo.thresh.label --l rh.BA3a_exvivo.thresh.label --l rh.BA3b_exvivo.thresh.label --l rh.BA4a_exvivo.thresh.label --l rh.BA4p_exvivo.thresh.label --l rh.BA6_exvivo.thresh.label --l rh.BA44_exvivo.thresh.label --l rh.BA45_exvivo.thresh.label --l rh.V1_exvivo.thresh.label --l rh.V2_exvivo.thresh.label --l rh.MT_exvivo.thresh.label --l rh.perirhinal_exvivo.thresh.label --l rh.entorhinal_exvivo.thresh.label --a BA_exvivo.thresh --maxstatwinner --noverbose 

Reading ctab /opt/freesurfer/average/colortable_BA.txt
Number of ctab entries 15

7.3.2
cwd /out/sourcedata/freesurfer/sub-v2s10x28953_ses-1/label
cmdline mris_label2annot --s sub-v2s10x28953_ses-1 --hemi rh --ctab /opt/freesurfer/average/colortable_BA.txt --l rh.BA1_exvivo.thresh.label --l rh.BA2_exvivo.thresh.label --l rh.BA3a_exvivo.thresh.label --l rh.BA3b_exvivo.thresh.label --l rh.BA4a_exvivo.thresh.label --l rh.BA4p_exvivo.thresh.label --l rh.BA6_exvivo.thresh.label --l rh.BA44_exvivo.thresh.label --l rh.BA45_exvivo.thresh.label --l rh.V1_exvivo.thresh.label --l rh.V2_exvivo.thresh.label --l rh.MT_exvivo.thresh.label --l rh.perirhinal_exvivo.thresh.label --l rh.entorhinal_exvivo.thresh.label --a BA_exvivo.thresh --maxstatwinner --noverbose 
sysname  Linux
hostname dna079
machine  x86_64
user     oesteban

subject sub-v2s10x28953_ses-1
hemi    rh
SUBJECTS_DIR /out/sourcedata/freesurfer
ColorTable /opt/freesurfer/average/colortable_BA.txt
AnnotName  BA_exvivo.thresh
nlables 14
LabelThresh 0 0.000000
Loading /out/sourcedata/freesurfer/sub-v2s10x28953_ses-1/surf/rh.orig
 1 1530880 BA1_exvivo
 2 16749699 BA2_exvivo
 3 16711680 BA3a_exvivo
 4 3368703 BA3b_exvivo
 5 1376196 BA4a_exvivo
 6 13382655 BA4p_exvivo
 7 10036737 BA6_exvivo
 8 2490521 BA44_exvivo
 9 39283 BA45_exvivo
10 3993 V1_exvivo
11 8508928 V2_exvivo
12 10027163 MT_exvivo
13 16422433 perirhinal_exvivo
14 16392598 entorhinal_exvivo
Mapping unhit to unknown
Found 96971 unhit vertices
Writing annot to /out/sourcedata/freesurfer/sub-v2s10x28953_ses-1/label/rh.BA_exvivo.thresh.annot

 mris_anatomical_stats -th3 -mgz -noglobal -f ../stats/rh.BA_exvivo.stats -b -a ./rh.BA_exvivo.annot -c ./BA_exvivo.ctab sub-v2s10x28953_ses-1 rh white 

computing statistics for each annotation in ./rh.BA_exvivo.annot.
reading volume /out/sourcedata/freesurfer/sub-v2s10x28953_ses-1/mri/wm.mgz...
reading input surface /out/sourcedata/freesurfer/sub-v2s10x28953_ses-1/surf/rh.white...
reading input pial surface /out/sourcedata/freesurfer/sub-v2s10x28953_ses-1/surf/rh.pial...
reading input white surface /out/sourcedata/freesurfer/sub-v2s10x28953_ses-1/surf/rh.white...
INFO: using TH3 volume calc
INFO: assuming MGZ format for volumes.
INFO: not computing global stats
Using TH3 vertex volume calc
Total face volume 231074
Total vertex volume 230868 (mask=0)
Saving annotation colortable ./BA_exvivo.ctab

table columns are:
    number of vertices
    total surface area (mm^2)
    total gray matter volume (mm^3)
    average cortical thickness +- standard deviation (mm)
    integrated rectified mean curvature
    integrated rectified Gaussian curvature
    folding index
    intrinsic curvature index
    structure name

  782    503   1341  1.998 0.525     0.149     0.031       15     0.9  BA1_exvivo
 2791   1827   3687  2.056 0.441     0.085     0.013       18     1.5  BA2_exvivo
  974    654    860  1.756 0.429     0.125     0.017        9     0.6  BA3a_exvivo
 1757   1152   1922  1.471 0.488     0.073     0.011        8     0.8  BA3b_exvivo
 1411    924   2447  2.395 0.348     0.102     0.017       10     1.1  BA4a_exvivo
 1126    729   1563  2.240 0.347     0.075     0.011        4     0.5  BA4p_exvivo
 6715   4807  15808  2.814 0.513     0.118     0.023       64     6.5  BA6_exvivo
 3482   2466   6880  2.592 0.433     0.111     0.017       37     2.5  BA44_exvivo
 3581   2727   9641  2.679 0.660     0.132     0.028       57     4.0  BA45_exvivo
 2709   1958   3560  1.728 0.568     0.134     0.029       30     3.5  V1_exvivo
 6955   5060  11374  2.157 0.606     0.148     0.033       92     9.9  V2_exvivo
 2007   1445   3922  2.512 0.478     0.122     0.024       23     2.0  MT_exvivo
  428    308   1645  3.532 0.779     0.139     0.042        5     0.8  perirhinal_exvivo
  610    470   2275  3.670 0.644     0.129     0.042        7     1.0  entorhinal_exvivo

 mris_anatomical_stats -th3 -mgz -f ../stats/rh.BA_exvivo.thresh.stats -noglobal -b -a ./rh.BA_exvivo.thresh.annot -c ./BA_exvivo.thresh.ctab sub-v2s10x28953_ses-1 rh white 

computing statistics for each annotation in ./rh.BA_exvivo.thresh.annot.
reading volume /out/sourcedata/freesurfer/sub-v2s10x28953_ses-1/mri/wm.mgz...
reading input surface /out/sourcedata/freesurfer/sub-v2s10x28953_ses-1/surf/rh.white...
reading input pial surface /out/sourcedata/freesurfer/sub-v2s10x28953_ses-1/surf/rh.pial...
reading input white surface /out/sourcedata/freesurfer/sub-v2s10x28953_ses-1/surf/rh.white...
INFO: using TH3 volume calc
INFO: assuming MGZ format for volumes.
INFO: not computing global stats
Using TH3 vertex volume calc
Total face volume 231074
Total vertex volume 230868 (mask=0)
Saving annotation colortable ./BA_exvivo.thresh.ctab

table columns are:
    number of vertices
    total surface area (mm^2)
    total gray matter volume (mm^3)
    average cortical thickness +- standard deviation (mm)
    integrated rectified mean curvature
    integrated rectified Gaussian curvature
    folding index
    intrinsic curvature index
    structure name

  525    331    743  1.738 0.429     0.135     0.022        7     0.5  BA1_exvivo
 1520    983   2067  1.946 0.428     0.067     0.009        6     0.6  BA2_exvivo
  871    578    718  1.756 0.416     0.130     0.016        8     0.6  BA3a_exvivo
 1363    893   1156  1.274 0.191     0.053     0.006        3     0.3  BA3b_exvivo
  853    551   1508  2.479 0.343     0.120     0.020        8     0.7  BA4a_exvivo
  911    597   1236  2.235 0.355     0.072     0.012        3     0.4  BA4p_exvivo
 4212   3045  10017  2.796 0.497     0.120     0.023       40     4.1  BA6_exvivo
  879    664   2050  2.608 0.397     0.132     0.020       13     0.7  BA44_exvivo
  897    731   2422  2.442 0.696     0.133     0.027       17     0.8  BA45_exvivo
 2579   1830   3172  1.708 0.551     0.132     0.028       29     3.3  V1_exvivo
 3436   2608   5414  1.984 0.572     0.160     0.039       51     5.8  V2_exvivo
  287    188    366  2.123 0.382     0.096     0.016        1     0.2  MT_exvivo
   45     33    125  3.171 0.655     0.132     0.034        0     0.0  perirhinal_exvivo
  643    475   2627  3.815 0.644     0.124     0.037        7     0.9  entorhinal_exvivo

Started at Sun Mar 15 09:49:53 CET 2026 
Ended   at Sun Mar 15 09:51:46 CET 2026
#@#%# recon-all-run-time-hours 0.031
recon-all -s sub-v2s10x28953_ses-1 finished without error at Sun Mar 15 09:51:46 CET 2026
