#!ascii label  , from subject sub-v2s10x28951_ses-1 vox2ras=TkReg
4137
35371  5.900  -32.761  86.652 0.1250000000
112806  5.952  -33.634  87.479 0.1250000000
34564  5.716  -33.634  86.307 0.1250000000
34529  5.275  -33.529  88.561 0.1250000000
35383  5.529  -32.750  85.678 0.1250000000
34576  5.318  -33.578  85.266 0.1250000000
111578  2.851  -34.145  87.043 0.1250000000
35414  4.545  -32.761  83.976 0.1250000000
36224  4.274  -31.926  83.511 0.1250000000
33659  2.352  -34.254  86.231 0.1250000000
122395  2.031  -33.652  85.672 0.1250000000
34577  1.400  -33.477  84.984 0.1250000000
101909  4.109  -31.048  83.126 0.1250000000
37035  3.943  -30.150  82.858 0.2500000000
34578  0.518  -33.661  84.466 0.1250000000
113018  3.523  -31.016  82.440 0.2500000000
37036  3.412  -30.118  82.224 0.2500000000
37881  3.214  -29.404  82.010 0.2500000000
34592  0.022  -33.104  83.876 0.1250000000
37042  2.928  -30.971  81.867 0.2500000000
37043  2.908  -30.094  81.593 0.3750000000
37886  2.748  -29.337  81.227 0.2500000000
34593  -0.843  -33.324  83.674 0.1250000000
35418  -1.543  -32.885  83.164 0.1250000000
37054  2.505  -30.127  80.726 0.2500000000
37887  2.397  -29.416  80.307 0.2500000000
38742  2.143  -28.918  79.865 0.2500000000
38743  1.793  -28.417  79.429 0.3750000000
39712  1.343  -27.841  78.952 0.3750000000
39713  0.996  -27.287  78.995 0.5000000000
39722  0.862  -27.403  78.358 0.5000000000
39721  1.246  -27.987  77.990 0.3750000000
36202  5.672  -31.894  86.050 0.1250000000
34528  5.815  -33.143  88.699 0.1250000000
34543  3.699  -33.771  88.268 0.1250000000
34544  3.110  -33.621  87.637 0.1250000000
101936  5.348  -31.893  85.163 0.1250000000
33635  3.389  -34.440  87.714 0.1250000000
34555  2.558  -33.250  86.499 0.2500000000
36211  4.955  -30.727  84.250 0.1250000000
121149  4.640  -31.105  83.733 0.1250000000
37027  4.513  -30.210  83.625 0.2500000000
37875  3.701  -29.407  82.623 0.2500000000
35397  1.514  -32.659  84.841 0.1250000000
35398  0.887  -32.773  84.244 0.1250000000
38723  3.412  -28.816  82.461 0.3750000000
38729  2.986  -28.964  81.800 0.3750000000
35416  0.251  -32.412  83.736 0.1250000000
38730  2.687  -28.739  81.183 0.3750000000
39698  2.502  -28.187  81.167 0.3750000000
35417  -0.509  -32.468  83.294 0.1250000000
36227  -1.266  -31.941  82.721 0.1250000000
38736  2.223  -28.408  80.372 0.2500000000
39706  1.966  -27.772  80.523 0.5000000000
106313  1.709  -27.862  79.788 0.5000000000
35435  -1.996  -32.358  82.697 0.1250000000
112839  1.302  -27.450  79.445 0.5000000000
40817  0.414  -26.820  78.762 0.5000000000
39730  0.729  -27.620  77.520 0.5000000000
40818  -0.150  -26.567  78.209 0.6250000000
38760  1.129  -28.285  77.055 0.3750000000
39731  0.147  -27.256  77.110 0.5000000000
40819  -0.782  -26.187  77.993 0.6250000000
38772  1.092  -28.632  76.051 0.2500000000
39752  0.577  -28.401  74.571 0.2500000000
36990  1.765  -30.242  89.256 0.2500000000
36984  1.219  -29.747  89.680 0.2500000000
36997  1.706  -30.491  88.394 0.2500000000
36991  1.120  -29.857  88.799 0.2500000000
37834  0.590  -29.359  89.282 0.3750000000
107198  5.872  -30.971  87.266 0.1250000000
36183  6.057  -31.765  87.909 0.1250000000
34514  5.466  -32.852  88.837 0.1250000000
34515  4.570  -33.023  88.888 0.1250000000
36173  3.452  -32.106  88.985 0.2500000000
36184  2.613  -32.036  87.745 0.2500000000
36185  2.219  -31.234  88.049 0.2500000000
36194  5.665  -31.042  86.439 0.1250000000
123393  3.314  -33.195  88.197 0.1250000000
35362  2.874  -32.831  87.545 0.2500000000
114961  1.721  -30.795  87.592 0.3750000000
111624  5.396  -31.080  85.579 0.1250000000
113357  2.530  -32.346  86.922 0.2500000000
106544  1.778  -31.283  86.054 0.2500000000
37022  4.813  -29.965  84.307 0.1250000000
34565  1.992  -32.896  85.479 0.1250000000
37868  4.516  -29.349  83.976 0.2500000000
37874  4.156  -29.399  83.264 0.3750000000
38716  3.718  -28.481  83.236 0.3750000000
35384  1.780  -32.009  85.319 0.1250000000
36204  1.000  -31.060  84.513 0.1250000000
36213  0.730  -31.828  83.988 0.1250000000
36225  0.084  -31.689  83.481 0.1250000000
36226  -0.531  -31.600  83.054 0.1250000000
39699  2.058  -27.583  81.329 0.3750000000
40803  1.423  -27.305  80.001 0.5000000000
40804  0.908  -26.998  79.481 0.5000000000
40805  0.181  -26.578  79.592 0.5000000000
41844  -0.696  -26.135  79.895 0.5000000000
41859  -0.525  -26.236  78.888 0.6250000000
41860  -1.421  -25.642  79.422 0.6250000000
108780  -1.406  -25.697  78.495 0.6250000000
40833  -1.026  -26.347  77.211 0.6250000000
41875  -1.527  -25.763  77.663 0.6250000000
41876  -2.133  -25.183  78.111 0.6250000000
38781  1.113  -28.909  75.002 0.2500000000
39741  -0.011  -27.522  76.249 0.3750000000
40845  -0.497  -26.870  76.741 0.5000000000
41890  -1.726  -25.899  76.856 0.5000000000
41891  -2.195  -25.285  77.278 0.6250000000
108094  -0.782  -27.261  75.040 0.5000000000
37801  1.645  -28.735  92.079 0.7500000000
37802  1.013  -28.259  92.388 0.7500000000
38657  0.596  -28.239  92.291 0.8750000000
36965  2.591  -29.751  90.736 0.7500000000
36966  2.043  -29.555  90.946 0.8750000000
37812  1.600  -29.127  91.486 0.7500000000
37805  1.085  -28.678  91.935 0.7500000000
37806  0.552  -28.536  91.817 0.7500000000
118979  -0.028  -28.286  91.692 0.8750000000
36981  4.462  -30.536  89.464 0.5000000000
36972  3.982  -30.317  90.143 0.6250000000
36973  3.229  -30.244  90.342 0.6250000000
36974  2.487  -30.005  90.449 0.6250000000
36967  1.517  -29.382  90.960 0.8750000000
36976  1.375  -29.603  90.403 0.6250000000
37819  0.915  -29.154  90.778 0.7500000000
37814  0.432  -28.687  91.209 0.7500000000
36163  4.486  -31.506  89.133 0.5000000000
36151  2.979  -30.678  89.880 0.5000000000
36982  2.329  -30.204  90.161 0.5000000000
36975  1.934  -29.827  90.560 0.5000000000
36983  1.826  -30.045  90.003 0.6250000000
37820  0.282  -28.820  90.477 0.7500000000
36162  5.081  -31.166  88.759 0.1250000000
36164  3.610  -31.575  89.397 0.2500000000
112636  2.956  -31.274  89.295 0.3750000000
36165  2.379  -30.540  89.613 0.3750000000
36175  2.321  -30.915  88.895 0.2500000000
37826  0.738  -29.305  90.090 0.6250000000
37827  0.141  -28.909  89.723 0.7500000000
36996  5.459  -30.225  87.600 0.2500000000
36172  5.891  -30.902  87.950 0.1250000000
35337  5.734  -31.778  88.707 0.1250000000
35339  4.597  -32.346  88.951 0.2500000000
122266  -0.801  -28.263  89.725 0.7500000000
37004  5.460  -30.317  86.836 0.2500000000
37012  5.295  -30.312  86.019 0.1250000000
37848  4.672  -29.250  86.411 0.3750000000
37855  4.482  -29.010  85.510 0.5000000000
37021  5.056  -30.291  85.059 0.2500000000
37861  4.668  -29.440  84.814 0.3750000000
38708  4.278  -28.762  84.458 0.5000000000
39671  3.718  -28.228  83.767 0.5000000000
39681  3.087  -27.915  83.652 0.6250000000
39688  3.219  -28.318  82.585 0.3750000000
39689  2.758  -27.806  82.837 0.5000000000
40742  1.620  -27.257  83.093 0.5000000000
39697  2.931  -28.534  81.872 0.3750000000
39690  1.997  -27.404  82.296 0.5000000000
40757  0.989  -27.037  82.537 0.5000000000
40774  1.251  -27.146  81.621 0.5000000000
40775  0.589  -26.831  81.025 0.5000000000
40791  -0.032  -26.491  80.449 0.6250000000
42931  -2.145  -25.089  79.023 0.6250000000
42932  -2.743  -24.341  78.602 0.7500000000
42948  -2.691  -24.602  77.673 0.7500000000
40855  -0.690  -27.078  75.875 0.3750000000
40846  -1.238  -26.474  76.367 0.5000000000
41901  -1.929  -25.955  76.001 0.5000000000
41902  -2.354  -25.375  76.466 0.6250000000
42962  -2.758  -24.728  76.857 0.6250000000
42949  -3.218  -24.030  77.223 0.6250000000
39753  -0.112  -27.727  75.292 0.3750000000
39764  -0.220  -27.732  74.185 0.3750000000
40865  -1.216  -26.963  74.305 0.3750000000
111080  0.105  -27.823  73.136 0.3750000000
111779  1.651  -27.910  92.491 1.0000000000
38649  1.329  -28.135  92.448 0.7500000000
38643  0.834  -27.714  92.574 0.7500000000
38665  3.426  -28.974  90.546 0.8750000000
37810  2.615  -28.840  91.262 0.8750000000
37804  2.228  -28.792  91.929 0.8750000000
38651  -0.068  -27.788  92.467 0.8750000000
37818  4.225  -29.314  90.005 0.7500000000
36964  3.675  -29.722  90.357 0.7500000000
108391  2.902  -29.418  90.786 0.8750000000
37811  2.209  -29.240  91.394 0.8750000000
122814  0.177  -28.187  92.158 0.8750000000
38652  -0.584  -27.259  92.595 0.8750000000
36971  4.477  -29.709  89.453 0.6250000000
120155  4.338  -29.877  90.007 0.7500000000
120626  3.099  -29.830  90.580 0.8750000000
38658  -0.327  -27.845  92.157 0.8750000000
38659  -1.076  -27.372  92.080 0.8750000000
120050  4.841  -29.832  88.458 0.6250000000
36980  4.854  -30.288  88.780 0.5000000000
39614  3.727  -28.331  89.647 0.8750000000
108914  3.905  -28.447  88.972 0.8750000000
38667  -0.702  -27.824  91.564 0.7500000000
37833  5.056  -29.705  88.034 0.5000000000
38674  -0.314  -28.276  90.906 0.7500000000
104146  -1.153  -27.734  90.920 0.8750000000
38690  4.780  -29.220  87.890 0.7500000000
36989  5.383  -30.464  88.300 0.2500000000
36171  5.851  -31.324  88.454 0.2500000000
37821  -0.330  -28.490  90.084 0.7500000000
38675  -0.896  -28.055  90.267 0.7500000000
38696  4.573  -29.099  87.322 0.7500000000
37840  4.969  -29.593  87.546 0.5000000000
38698  3.945  -28.492  86.006 0.6250000000
39664  3.097  -27.936  85.148 0.6250000000
38703  4.084  -28.641  85.296 0.6250000000
39672  3.448  -28.058  84.376 0.6250000000
40758  0.325  -26.678  81.940 0.5000000000
40776  -0.285  -26.339  81.335 0.5000000000
108093  -0.831  -25.973  80.770 0.6250000000
41845  -1.496  -25.511  80.362 0.7500000000
42900  -2.721  -24.052  80.447 0.7500000000
42915  -2.162  -24.931  79.978 0.7500000000
42916  -2.687  -24.279  79.566 0.7500000000
43965  -3.169  -23.586  79.289 0.6250000000
43979  -3.244  -23.574  78.612 0.6250000000
43966  -3.479  -22.927  78.947 0.6250000000
43980  -3.479  -23.119  78.168 0.6250000000
40856  -1.466  -26.574  75.353 0.5000000000
41912  -2.160  -25.911  75.220 0.5000000000
42977  -2.939  -24.839  76.038 0.6250000000
42963  -3.312  -24.103  76.389 0.6250000000
111888  -3.018  -24.878  75.282 0.6250000000
42978  -3.293  -24.181  75.544 0.6250000000
44004  -3.593  -23.348  75.921 0.6250000000
40877  -1.560  -26.487  73.349 0.5000000000
40866  -2.042  -26.200  74.390 0.6250000000
119161  -0.759  -27.246  73.385 0.3750000000
39570  1.216  -27.629  92.570 0.8750000000
117670  0.584  -27.319  92.709 0.8750000000
107509  2.609  -27.877  91.506 1.0000000000
39581  2.451  -27.644  92.069 1.0000000000
39563  1.052  -27.217  92.643 0.8750000000
39571  0.310  -27.426  92.733 0.8750000000
39590  3.325  -28.439  90.482 0.8750000000
39591  2.834  -27.901  90.852 1.0000000000
40618  2.532  -27.392  91.639 1.0000000000
40619  2.029  -26.664  92.079 1.0000000000
38673  4.043  -28.901  90.108 0.8750000000
39602  3.182  -27.834  90.313 0.8750000000
39603  2.829  -27.361  90.466 1.0000000000
40635  2.286  -26.714  91.183 1.0000000000
38668  -1.549  -27.362  91.491 0.8750000000
37825  4.513  -29.498  88.930 0.6250000000
38672  4.332  -29.121  89.454 0.7500000000
38680  4.115  -28.724  89.251 0.8750000000
39616  2.983  -27.449  89.812 1.0000000000
106953  2.238  -26.807  90.459 1.0000000000
121575  1.339  -26.296  90.244 1.0000000000
107418  -2.062  -27.380  90.937 0.8750000000
38679  4.343  -29.012  88.962 0.7500000000
38686  4.261  -28.736  88.604 0.8750000000
39639  4.217  -28.551  88.185 0.8750000000
120313  3.474  -27.906  89.036 0.8750000000
39628  2.867  -27.752  88.841 0.8750000000
40641  1.847  -26.953  89.551 1.0000000000
38676  -1.645  -27.700  90.308 0.7500000000
38685  4.613  -29.193  88.383 0.7500000000
39627  3.859  -28.284  88.322 0.8750000000
107992  3.057  -27.884  87.896 0.8750000000
39629  1.896  -27.572  87.631 0.7500000000
116405  -1.309  -27.979  89.723 0.7500000000
38691  4.514  -28.820  88.010 0.7500000000
118103  4.133  -28.480  87.711 0.7500000000
39640  3.764  -28.278  87.395 0.8750000000
39641  2.870  -27.981  86.961 0.6250000000
39655  1.743  -27.528  86.429 0.7500000000
115136  1.148  -27.291  85.677 0.7500000000
105896  4.238  -28.650  87.525 0.6250000000
117846  3.549  -28.181  85.731 0.6250000000
40705  1.284  -27.289  84.857 0.6250000000
39673  2.439  -27.621  84.389 0.6250000000
40725  0.459  -26.858  84.376 0.6250000000
40744  -0.269  -26.429  83.834 0.5000000000
104259  -0.906  -25.919  83.290 0.7500000000
40724  1.489  -27.215  83.929 0.6250000000
40743  0.724  -26.912  83.439 0.5000000000
41808  -1.376  -25.472  82.834 0.6250000000
41809  -1.978  -24.756  82.685 0.7500000000
41828  -1.081  -25.753  81.573 0.6250000000
41829  -1.783  -25.072  81.764 0.7500000000
42880  -2.383  -24.244  81.978 0.7500000000
43934  -2.605  -23.333  82.147 0.7500000000
120176  -1.483  -25.422  81.094 0.6250000000
42899  -2.168  -24.718  81.006 0.7500000000
107787  -2.708  -23.670  81.317 0.7500000000
43951  -3.309  -22.799  79.829 0.6250000000
43950  -3.097  -23.136  80.663 0.6250000000
44947  -3.514  -22.293  78.345 0.6250000000
42992  -3.081  -24.371  74.730 0.6250000000
42993  -3.347  -23.484  75.084 0.6250000000
44970  -3.480  -22.603  75.456 0.6250000000
43994  -3.599  -23.312  76.816 0.6250000000
41924  -2.653  -25.319  74.636 0.6250000000
41944  -1.658  -25.704  72.614 0.5000000000
41936  -2.249  -25.531  73.582 0.5000000000
40889  -1.018  -26.554  72.438 0.3750000000
41645  0.595  -26.467  92.787 1.0000000000
40607  1.003  -26.532  92.559 1.0000000000
111751  0.583  -26.950  92.799 0.8750000000
39564  0.215  -27.043  92.917 0.8750000000
39572  -0.246  -27.076  92.935 0.8750000000
40628  2.544  -27.278  91.218 1.0000000000
41665  1.701  -26.167  92.017 1.0000000000
39573  -0.938  -26.662  92.964 1.0000000000
39583  -1.368  -26.821  92.537 1.0000000000
40636  1.570  -26.111  90.945 1.0000000000
109041  0.930  -25.456  91.310 1.0000000000
38660  -1.975  -26.885  91.944 0.8750000000
41683  0.624  -25.495  90.389 1.0000000000
118157  0.196  -24.614  90.708 1.0000000000
40651  0.287  -26.177  88.626 1.0000000000
40642  0.626  -26.067  89.522 1.0000000000
42801  -0.153  -24.831  89.238 1.0000000000
41677  0.042  -24.735  89.982 1.0000000000
40664  0.775  -26.992  87.196 0.7500000000
41711  -0.291  -25.520  88.301 1.0000000000
41712  -0.466  -24.843  87.905 1.0000000000
38682  -1.990  -27.677  89.697 0.7500000000
40684  0.561  -26.956  86.306 0.7500000000
113165  0.163  -26.709  85.483 0.7500000000
40685  -0.493  -25.939  86.194 0.7500000000
113948  -0.519  -24.482  87.178 1.0000000000
40706  -0.667  -25.904  85.531 0.8750000000
40726  -0.493  -26.227  84.777 1.0000000000
41787  -1.697  -24.987  83.660 0.7500000000
42865  -2.432  -23.784  82.780 0.7500000000
44897  -2.399  -22.729  82.347 0.7500000000
44911  -2.757  -22.724  81.459 0.7500000000
44928  -2.996  -22.394  80.520 0.6250000000
44927  -2.406  -22.086  80.994 0.7500000000
44939  -3.392  -22.179  79.212 0.6250000000
115282  -2.771  -21.339  75.223 0.6250000000
45889  -2.914  -20.892  75.985 0.6250000000
45850  -3.393  -21.534  77.961 0.6250000000
45849  -2.885  -21.097  78.569 0.6250000000
45907  -2.374  -21.741  74.549 0.6250000000
44979  -3.168  -22.822  74.781 0.6250000000
45890  -3.379  -21.728  75.721 0.6250000000
44965  -3.663  -22.376  76.435 0.6250000000
105170  -3.618  -22.595  77.472 0.6250000000
44029  -2.895  -23.544  74.182 0.6250000000
43010  -2.655  -24.581  73.849 0.6250000000
43009  -2.029  -24.737  72.982 0.5000000000
41943  -0.973  -25.949  71.688 0.3750000000
41657  0.702  -25.989  92.679 1.0000000000
41658  0.171  -25.953  93.065 1.0000000000
40597  0.066  -26.481  93.088 1.0000000000
40598  -0.589  -26.255  93.272 1.0000000000
41671  1.177  -25.528  91.951 1.0000000000
42764  0.414  -25.229  92.499 1.0000000000
39565  -0.713  -26.475  93.169 1.0000000000
40608  -1.444  -26.145  93.274 1.0000000000
42771  0.572  -24.958  92.023 1.0000000000
40650  0.928  -26.874  88.110 1.0000000000
39593  -3.072  -27.115  90.997 1.0000000000
109679  -0.160  -26.242  86.911 0.8750000000
40665  0.072  -26.266  87.813 0.8750000000
42800  0.220  -24.155  89.329 1.0000000000
39617  -2.845  -27.337  89.667 0.8750000000
41725  -0.433  -25.558  87.606 1.0000000000
42812  -0.151  -24.219  87.788 1.0000000000
39630  -3.026  -27.199  88.968 0.6250000000
41726  -0.731  -25.185  86.940 1.0000000000
42820  -0.787  -24.446  86.432 1.0000000000
42819  -0.135  -23.924  86.810 1.0000000000
123123  -3.065  -26.950  88.374 0.5000000000
41761  -1.162  -25.427  85.137 1.0000000000
41743  -1.383  -24.753  85.345 1.0000000000
42826  -1.141  -24.336  85.675 1.0000000000
43882  -0.591  -23.812  85.877 0.8750000000
41762  -1.570  -24.798  84.672 0.8750000000
42827  -1.538  -24.123  85.061 0.7500000000
43883  -1.138  -23.750  85.327 0.8750000000
42847  -2.191  -24.135  83.406 0.7500000000
42834  -1.945  -23.929  84.221 0.7500000000
42848  -2.232  -23.288  83.396 0.7500000000
44896  -1.819  -22.335  82.675 0.7500000000
45836  -3.014  -21.551  79.326 0.6250000000
45820  -2.523  -21.714  80.049 0.6250000000
46868  -3.028  -20.721  76.895 0.6250000000
46867  -2.290  -20.283  77.318 0.6250000000
44977  -1.866  -22.210  73.935 0.6250000000
110318  -3.424  -21.430  76.580 0.6250000000
45861  -2.949  -20.780  77.743 0.6250000000
44988  -2.126  -23.034  73.635 0.6250000000
44041  -1.567  -23.442  72.948 0.6250000000
44042  -2.267  -23.892  73.304 0.5000000000
43026  -1.176  -24.801  72.107 0.3750000000
118671  -0.391  -25.438  93.118 1.0000000000
41647  -1.071  -25.780  93.424 1.0000000000
107185  -1.636  -26.404  92.946 1.0000000000
43808  -0.037  -24.413  91.944 1.0000000000
39574  -2.184  -26.479  92.514 1.0000000000
43821  -0.009  -24.188  91.113 1.0000000000
118184  -3.102  -26.830  91.535 1.0000000000
43832  0.530  -23.390  90.106 1.0000000000
39605  -3.624  -27.191  90.355 1.0000000000
39618  -3.845  -27.177  89.578 0.7500000000
42790  0.425  -23.799  89.872 1.0000000000
39631  -3.999  -26.911  88.799 0.7500000000
43858  0.430  -23.897  88.503 1.0000000000
39632  -4.959  -26.677  88.893 0.7500000000
43871  0.559  -23.775  87.586 1.0000000000
117002  -0.450  -23.242  85.069 0.8750000000
43897  -1.389  -23.417  84.720 0.8750000000
43910  -0.850  -22.831  84.240 0.7500000000
120098  -1.768  -21.833  81.272 0.7500000000
45819  -1.647  -21.590  80.560 0.5000000000
116418  0.679  -19.915  78.718 0.7500000000
46865  -0.114  -19.603  77.692 0.7500000000
46882  -0.614  -19.580  76.760 0.6250000000
46866  -1.193  -19.900  77.732 0.6250000000
46848  -2.160  -20.524  78.220 0.6250000000
45848  -2.053  -20.996  79.156 0.6250000000
103174  -0.979  -19.908  75.718 0.6250000000
46898  -2.019  -20.381  75.737 0.6250000000
122229  -1.611  -21.560  74.232 0.6250000000
44062  -0.981  -23.834  72.271 0.5000000000
43025  -0.183  -24.163  71.550 0.1250000000
42748  -1.817  -24.795  93.436 1.0000000000
41648  -2.098  -25.082  93.483 1.0000000000
113952  -2.368  -25.460  93.367 1.0000000000
42747  -0.853  -25.080  93.308 1.0000000000
43798  -1.209  -24.064  92.777 1.0000000000
42758  -0.866  -24.783  93.037 1.0000000000
40609  -2.332  -26.003  93.116 1.0000000000
39575  -3.028  -26.221  92.438 1.0000000000
109646  -3.730  -26.552  91.805 1.0000000000
43809  -0.520  -23.978  91.965 1.0000000000
42765  -0.159  -24.729  92.516 1.0000000000
44786  -0.695  -23.245  91.439 1.0000000000
43822  -0.335  -23.587  91.230 1.0000000000
106593  -3.798  -26.846  91.238 1.0000000000
39594  -4.439  -26.900  90.748 1.0000000000
39606  -4.599  -27.102  90.085 1.0000000000
43847  1.124  -23.370  89.063 1.0000000000
55119  -20.294  -11.412  92.060 0.7500000000
55112  -20.488  -10.739  92.543 0.7500000000
103311  0.794  -23.662  86.783 1.0000000000
43881  0.497  -23.465  85.863 1.0000000000
43896  0.847  -23.103  84.804 0.8750000000
110922  0.088  -22.812  84.353 0.8750000000
44880  0.092  -22.460  83.523 0.8750000000
44895  -0.421  -22.071  82.551 0.7500000000
44909  -1.271  -21.913  81.833 0.7500000000
47727  2.145  -19.695  80.555 0.8750000000
46808  2.069  -20.366  80.724 0.8750000000
44926  -0.865  -21.630  80.990 0.6250000000
116043  1.720  -19.649  79.307 0.8750000000
116195  2.020  -19.884  79.938 0.8750000000
46828  1.521  -20.159  79.695 0.8750000000
45832  1.342  -20.671  80.165 0.8750000000
45835  -1.485  -21.222  79.848 0.5000000000
46863  0.879  -19.520  78.099 0.7500000000
46844  0.964  -19.863  78.814 0.7500000000
45846  0.716  -20.257  79.264 0.7500000000
45834  0.298  -20.658  79.655 0.7500000000
108910  -0.664  -20.613  79.318 0.7500000000
46864  0.510  -19.457  77.685 0.7500000000
47783  0.215  -19.318  76.877 0.7500000000
46845  0.408  -19.785  78.325 0.7500000000
46846  -0.356  -20.004  78.510 0.7500000000
46847  -1.254  -20.345  78.637 0.6250000000
111263  -0.898  -20.461  74.906 0.6250000000
45906  -0.782  -21.112  74.200 0.6250000000
45926  -0.127  -21.535  73.441 0.6250000000
44987  -1.285  -22.649  73.296 0.6250000000
45927  -1.013  -21.871  73.664 0.6250000000
44986  -0.418  -22.285  73.003 0.6250000000
45000  -0.705  -23.093  72.661 0.2500000000
44061  0.328  -23.220  71.590 0.1250000000
42749  -2.437  -24.447  93.517 1.0000000000
123273  -2.743  -25.598  93.191 1.0000000000
40610  -3.270  -25.706  92.896 1.0000000000
43787  -1.520  -24.486  93.226 1.0000000000
39576  -3.944  -26.101  92.321 1.0000000000
44773  -1.470  -23.424  92.392 1.0000000000
43810  -0.950  -23.646  92.147 1.0000000000
39595  -5.297  -26.534  90.857 1.0000000000
44803  0.103  -23.109  90.442 1.0000000000
39619  -4.766  -26.955  89.478 0.7500000000
43838  1.842  -22.764  88.948 1.0000000000
43839  1.082  -23.102  89.506 1.0000000000
40652  -5.605  -26.493  88.491 0.7500000000
53046  -19.584  -12.998  91.327 0.8750000000
54070  -19.242  -12.663  91.825 0.7500000000
55111  -19.421  -11.120  92.751 0.8750000000
119284  -19.928  -11.129  92.649 0.7500000000
108809  1.914  -23.111  88.467 1.0000000000
54071  -19.819  -12.286  91.688 0.8750000000
54063  -19.608  -11.739  92.306 0.8750000000
57017  -20.614  -9.563  93.014 0.6250000000
114501  -21.303  -9.145  92.838 0.8750000000
57988  -22.072  -8.835  92.504 1.0000000000
43857  1.412  -23.493  88.164 1.0000000000
52084  -19.790  -14.408  88.681 0.6250000000
56098  -20.755  -10.110  92.852 0.7500000000
115008  -21.240  -9.597  92.767 0.8750000000
57989  -22.885  -8.997  92.275 0.8750000000
58003  -23.612  -8.680  91.770 0.8750000000
123505  -24.155  -8.909  91.660 0.7500000000
43870  1.704  -23.574  87.253 1.0000000000
52097  -19.719  -15.047  87.255 0.6250000000
56100  -22.679  -9.564  92.070 0.8750000000
117884  -23.693  -9.286  91.732 0.8750000000
57029  -24.702  -9.219  91.366 0.5000000000
113067  1.821  -23.558  86.269 0.8750000000
48544  2.855  -19.031  86.094 0.8750000000
48545  1.960  -18.756  85.622 0.8750000000
43880  1.931  -23.328  85.239 0.8750000000
47671  2.360  -19.549  85.143 0.8750000000
47684  1.764  -19.571  84.198 0.8750000000
46771  2.502  -20.548  83.276 0.8750000000
44894  0.923  -22.241  82.669 0.7500000000
47701  1.789  -19.775  83.408 0.7500000000
46779  2.351  -20.443  82.333 0.8750000000
46778  2.752  -21.170  82.677 1.0000000000
105777  0.661  -21.957  81.963 0.7500000000
110326  1.319  -19.314  82.718 0.8750000000
47713  1.942  -19.707  81.695 0.8750000000
45814  2.156  -20.931  81.300 0.8750000000
45803  2.314  -21.516  81.818 0.8750000000
48626  2.284  -18.849  80.459 0.7500000000
45816  1.233  -21.149  80.648 0.7500000000
47766  1.752  -19.151  78.669 0.7500000000
45833  0.891  -20.701  79.887 0.7500000000
45817  0.570  -21.118  80.327 0.7500000000
45818  -0.455  -21.195  80.161 0.7500000000
47799  -0.051  -19.525  75.901 0.7500000000
47798  0.642  -19.144  76.035 0.6250000000
46897  -0.170  -19.977  75.042 0.6250000000
45905  0.220  -20.847  73.871 0.6250000000
43788  -2.130  -24.152  93.414 1.0000000000
41649  -2.894  -24.753  93.497 1.0000000000
43800  -2.478  -23.658  93.135 1.0000000000
43790  -3.444  -23.766  93.282 1.0000000000
40601  -3.845  -25.251  93.103 1.0000000000
44774  -2.083  -23.250  92.635 0.8750000000
40602  -4.646  -25.261  92.735 1.0000000000
39577  -4.693  -26.309  91.728 1.0000000000
44805  -0.774  -22.674  91.044 1.0000000000
108276  -5.731  -26.350  90.814 1.0000000000
44814  0.248  -22.470  90.089 1.0000000000
40668  -6.348  -26.346  87.969 0.7500000000
39633  -5.748  -26.680  89.338 0.6250000000
44822  1.354  -22.660  89.499 1.0000000000
40689  -6.688  -26.063  87.146 0.7500000000
40667  -5.222  -26.146  87.572 0.7500000000
53045  -19.256  -13.488  91.140 0.7500000000
107730  4.095  -18.004  88.120 0.7500000000
109119  -19.662  -13.915  90.169 0.7500000000
52077  -19.567  -14.645  89.612 0.7500000000
56097  -19.910  -10.531  92.934 0.7500000000
49420  3.827  -17.948  87.799 0.7500000000
110016  -19.698  -15.284  88.100 0.7500000000
49440  3.285  -17.903  87.236 0.8750000000
48543  3.237  -18.722  86.541 0.8750000000
115283  3.381  -19.702  86.155 0.8750000000
57030  -25.579  -9.321  90.888 0.5000000000
48527  3.241  -18.563  86.757 0.8750000000
47670  3.156  -19.716  85.823 0.8750000000
115343  2.911  -23.364  85.684 0.8750000000
49461  2.479  -18.337  86.406 0.7500000000
47683  2.785  -20.181  84.931 0.8750000000
43908  2.050  -22.719  83.443 0.8750000000
47700  2.975  -20.689  84.281 0.8750000000
44879  1.263  -22.527  83.249 0.8750000000
43924  1.845  -22.463  82.846 0.8750000000
48563  1.408  -19.036  84.655 0.7500000000
45792  2.707  -21.689  82.699 1.0000000000
44907  1.694  -22.088  82.094 0.7500000000
48582  1.027  -19.082  83.464 0.7500000000
45802  2.638  -21.388  82.105 0.8750000000
44924  0.899  -21.590  81.231 0.7500000000
44908  -0.143  -21.758  81.537 0.7500000000
48599  1.453  -19.059  81.920 0.8750000000
44923  1.752  -21.602  81.522 0.7500000000
44925  0.072  -21.447  80.777 0.7500000000
109185  2.341  -17.939  80.437 0.7500000000
112244  2.240  -18.591  78.774 0.7500000000
47779  1.985  -18.518  78.154 0.6250000000
47781  1.318  -18.897  77.489 0.7500000000
47797  1.164  -18.747  76.322 0.6250000000
47807  1.254  -19.045  75.138 0.6250000000
41650  -3.696  -24.724  93.370 1.0000000000
40620  -5.529  -26.093  91.567 1.0000000000
39596  -6.547  -26.190  90.592 0.8750000000
45677  -1.331  -22.527  91.345 0.7500000000
39585  -5.369  -26.305  91.214 1.0000000000
39608  -6.040  -26.462  90.491 0.8750000000
45709  0.350  -22.008  89.875 1.0000000000
45694  -0.299  -22.347  90.390 1.0000000000
121607  -6.932  -26.473  89.149 0.6250000000
44812  1.527  -22.140  89.444 0.8750000000
45708  0.950  -22.077  89.661 1.0000000000
48550  -18.703  -18.168  86.026 0.7500000000
50299  -19.322  -16.864  87.123 0.7500000000
51178  -19.405  -15.466  89.329 0.6250000000
48511  4.142  -18.766  87.814 0.8750000000
44820  2.664  -21.882  88.675 0.8750000000
44821  2.072  -22.241  89.105 0.8750000000
40729  -5.990  -25.478  85.814 0.3750000000
47689  -17.652  -19.610  83.776 0.7500000000
113826  -18.409  -18.266  84.443 0.6250000000
114859  -18.888  -17.499  86.143 0.7500000000
51191  -19.517  -15.762  88.661 0.7500000000
49400  4.419  -17.619  88.790 0.7500000000
47659  3.797  -19.073  87.254 0.8750000000
43855  3.085  -22.954  87.157 1.0000000000
47702  -17.295  -19.541  83.057 0.7500000000
48587  -18.242  -18.211  83.705 0.6250000000
49468  -18.887  -17.096  85.572 0.6250000000
50300  -19.474  -16.180  86.849 0.6250000000
50271  4.507  -17.284  88.994 0.5000000000
46797  -16.424  -19.944  81.748 0.5000000000
46782  -16.890  -19.918  82.505 0.6250000000
47703  -17.694  -18.855  83.224 0.7500000000
49421  3.775  -17.729  87.831 0.6250000000
46744  3.380  -20.121  85.821 0.8750000000
122023  3.429  -22.561  86.725 1.0000000000
49422  3.196  -17.477  87.568 0.7500000000
121591  3.205  -20.173  85.503 1.0000000000
46755  3.367  -20.713  85.265 1.0000000000
44855  3.634  -21.792  85.892 1.0000000000
43879  3.404  -22.912  85.712 1.0000000000
43894  2.773  -23.052  84.625 0.8750000000
49441  2.865  -17.904  87.027 0.8750000000
45783  3.199  -21.552  83.977 1.0000000000
44868  3.364  -22.291  84.623 1.0000000000
43907  2.656  -22.682  83.778 0.8750000000
54101  -28.243  -11.773  88.287 0.5000000000
108989  -28.767  -11.977  87.757 0.6250000000
49462  1.520  -18.072  86.069 0.7500000000
46770  3.030  -21.200  83.609 1.0000000000
118281  2.877  -21.686  83.274 0.8750000000
44892  2.667  -22.030  83.067 0.8750000000
43922  2.757  -22.366  83.537 0.8750000000
43933  2.360  -22.220  82.571 0.8750000000
53067  -28.092  -12.274  87.757 0.6250000000
120904  -28.545  -12.322  87.444 0.6250000000
116633  -29.379  -12.901  86.069 0.7500000000
44906  2.284  -21.991  82.233 0.7500000000
44893  2.538  -22.071  82.711 0.8750000000
53102  -29.422  -13.131  85.410 0.7500000000
48564  0.515  -18.498  84.138 0.7500000000
48600  0.825  -18.520  82.210 0.7500000000
48613  1.454  -17.991  81.393 0.7500000000
48625  2.512  -18.332  79.822 0.7500000000
48639  2.594  -17.984  79.080 0.6250000000
48658  2.222  -18.078  77.732 0.6250000000
47780  1.822  -18.452  77.544 0.6250000000
47806  1.524  -18.473  75.586 0.6250000000
48679  1.772  -18.198  75.033 0.6250000000
47818  1.856  -18.710  74.547 0.6250000000
48687  2.184  -18.422  74.138 0.6250000000
48705  1.755  -18.849  73.119 0.2500000000
122723  1.596  -18.628  73.039 0.1250000000
39622  -7.231  -26.318  89.758 0.7500000000
49379  2.393  -17.408  90.479 0.5000000000
48467  2.894  -18.135  89.928 0.6250000000
48477  2.358  -18.751  89.021 0.6250000000
45710  -0.326  -21.875  90.135 0.8750000000
45695  -0.884  -22.153  90.764 1.0000000000
39646  -6.992  -26.436  88.675 0.7500000000
49371  3.528  -17.238  91.019 0.5000000000
49377  4.016  -17.667  90.577 0.5000000000
48466  3.748  -18.093  90.117 0.6250000000
48476  3.317  -18.638  89.461 0.6250000000
47603  3.265  -19.120  88.880 0.6250000000
113913  2.854  -19.227  88.898 0.6250000000
110400  1.247  -20.949  89.175 0.7500000000
117068  1.091  -21.582  89.464 0.8750000000
103130  -6.774  -25.720  86.372 0.6250000000
40690  -7.461  -26.113  86.961 0.6250000000
50243  3.801  -16.677  91.257 0.5000000000
49370  4.212  -17.248  90.752 0.5000000000
48465  4.190  -17.821  90.011 0.6250000000
48475  3.924  -18.380  89.442 0.7500000000
46683  3.935  -19.337  88.245 0.7500000000
47602  3.610  -19.128  88.676 0.7500000000
46684  2.995  -20.126  88.642 0.7500000000
45721  2.821  -21.165  88.564 0.8750000000
108231  2.297  -21.018  88.822 0.7500000000
45722  2.156  -21.710  89.021 0.8750000000
48570  -18.324  -18.717  84.931 0.6250000000
50242  4.266  -16.733  90.691 0.5000000000
50250  4.411  -17.089  90.051 0.5000000000
49385  4.503  -17.457  89.551 0.5000000000
48474  4.163  -18.340  88.773 0.7500000000
47622  4.162  -18.778  88.130 0.8750000000
46717  3.774  -19.581  87.087 0.8750000000
45743  3.528  -21.054  86.932 1.0000000000
45729  3.482  -21.633  87.494 1.0000000000
108138  3.226  -22.048  88.180 0.8750000000
40746  -6.759  -25.067  84.457 0.2500000000
40730  -6.695  -25.280  85.474 0.5000000000
114551  -17.145  -20.125  83.297 0.5000000000
46772  -17.463  -20.345  83.946 0.6250000000
114552  4.554  -17.424  89.154 0.5000000000
46813  -15.345  -20.095  80.866 0.3750000000
46781  -16.349  -20.437  82.417 0.5000000000
50272  3.934  -16.729  88.775 0.5000000000
50283  4.147  -17.564  88.377 0.7500000000
46796  -15.713  -20.339  81.759 0.2500000000
45753  3.579  -20.499  86.159 1.0000000000
45754  3.612  -21.121  86.278 1.0000000000
50284  2.807  -16.790  87.849 0.6250000000
111492  2.436  -17.215  87.291 0.6250000000
45775  3.415  -21.303  84.720 1.0000000000
123170  3.530  -21.016  85.376 1.0000000000
105783  -28.778  -11.495  88.219 0.5000000000
44878  3.053  -22.131  83.799 0.8750000000
53080  -29.640  -12.458  86.722 0.6250000000
48546  0.946  -18.414  85.208 0.7500000000
53103  -29.932  -13.012  85.238 0.7500000000
106240  -29.965  -12.833  85.997 0.6250000000
109683  0.092  -17.897  84.772 0.7500000000
52126  -29.421  -13.706  84.197 0.7500000000
52140  -30.064  -13.780  83.724 0.7500000000
48583  0.261  -18.264  83.004 0.6250000000
52156  -29.778  -14.208  83.172 0.7500000000
52157  -30.301  -13.882  82.964 0.7500000000
49517  2.280  -17.067  80.326 0.7500000000
49525  2.602  -17.215  79.106 0.6250000000
49540  2.432  -17.691  77.970 0.6250000000
48659  2.079  -18.002  77.062 0.6250000000
48669  1.828  -18.017  76.136 0.6250000000
49558  1.864  -17.670  75.668 0.6250000000
48695  2.063  -18.579  73.625 0.3750000000
118684  1.940  -18.338  73.464 0.2500000000
39647  -7.516  -26.288  88.582 0.7500000000
50244  2.845  -16.737  91.417 0.5000000000
49372  2.689  -17.045  91.051 0.5000000000
40711  -7.468  -25.556  85.990 0.6250000000
40731  -7.356  -25.119  85.113 0.6250000000
40747  -7.475  -25.216  84.219 0.2500000000
40748  -7.897  -25.248  84.735 0.3750000000
45806  -13.655  -20.988  82.272 0.3750000000
45808  -15.026  -20.793  82.321 0.5000000000
46780  -15.754  -20.780  82.533 0.3750000000
51167  4.374  -16.782  89.732 0.5000000000
41790  -6.940  -25.134  83.412 0.2500000000
40762  -7.746  -25.467  83.107 0.3750000000
45807  -14.318  -20.790  82.101 0.2500000000
51179  4.318  -16.751  89.334 0.5000000000
41831  -7.922  -25.363  81.941 0.2500000000
41813  -8.661  -25.570  82.728 0.1250000000
45838  -11.410  -21.024  80.223 0.1250000000
45821  -12.137  -20.735  81.058 0.1250000000
46794  -13.894  -20.536  81.481 0.3750000000
46795  -14.770  -20.416  81.523 0.3750000000
109302  3.587  -17.120  88.104 0.5000000000
41850  -9.064  -24.874  81.052 0.1250000000
42901  -9.379  -24.339  80.599 0.1250000000
46811  -13.406  -20.416  80.727 0.3750000000
107633  2.069  -17.639  86.709 0.6250000000
54116  -30.251  -11.831  87.216 0.3750000000
111502  0.567  -17.675  85.717 0.6250000000
53091  -30.467  -12.184  86.532 0.6250000000
49463  -0.318  -17.178  85.293 0.6250000000
53112  -29.864  -13.313  84.592 0.7500000000
48601  0.474  -17.573  82.072 0.7500000000
53120  -30.605  -13.256  83.539 0.8750000000
49509  1.522  -17.061  81.107 0.7500000000
52184  -30.392  -13.903  80.274 0.6250000000
52175  -30.422  -13.877  82.037 0.7500000000
49516  2.436  -16.793  79.678 0.7500000000
50373  2.390  -16.515  78.071 0.6250000000
49547  2.260  -17.398  76.680 0.6250000000
50384  2.479  -16.906  77.389 0.6250000000
50403  2.351  -16.788  76.867 0.6250000000
49583  2.180  -18.094  73.900 0.6250000000
48696  1.288  -18.041  73.347 0.2500000000
49597  0.519  -18.149  73.055 0.1250000000
50236  2.133  -16.143  91.698 0.5000000000
40764  -8.967  -25.523  83.761 0.3750000000
50235  3.027  -16.195  91.782 0.5000000000
51137  3.201  -15.366  92.240 0.5000000000
51147  3.807  -15.811  91.477 0.5000000000
41814  -9.271  -25.143  81.975 0.1250000000
45805  -12.290  -21.075  82.014 0.3750000000
51156  4.227  -16.291  90.326 0.5000000000
45804  -11.501  -21.255  81.365 0.1250000000
42902  -9.767  -23.741  80.982 0.1250000000
44930  -10.788  -21.689  80.662 0.1250000000
114350  -9.879  -23.100  80.392 0.1250000000
44940  -10.221  -22.341  79.934 0.1250000000
116229  1.729  -17.022  86.979 0.6250000000
49443  0.251  -16.848  86.185 0.6250000000
117381  -30.438  -12.763  85.026 0.7500000000
53104  -30.565  -12.473  85.772 0.6250000000
119317  -31.365  -12.002  85.478 0.3750000000
107549  -30.362  -13.166  84.301 0.7500000000
54151  -31.116  -12.607  84.104 0.7500000000
115230  -31.758  -11.932  84.721 0.7500000000
49479  -0.138  -17.818  83.721 0.6250000000
49480  -0.509  -17.257  84.294 0.5000000000
53147  -30.738  -13.201  81.763 0.7500000000
54177  -31.198  -12.557  82.356 0.8750000000
54165  -31.215  -12.602  83.252 0.8750000000
115983  1.025  -17.572  81.491 0.7500000000
49490  -0.063  -17.367  82.755 0.6250000000
53174  -30.505  -13.302  80.137 0.6250000000
53162  -30.671  -13.201  80.932 0.8750000000
50338  1.896  -16.643  80.706 0.7500000000
54219  -30.352  -13.077  79.571 0.7500000000
51265  1.998  -15.856  79.881 0.7500000000
50360  2.453  -16.635  79.119 0.6250000000
51278  2.062  -15.778  79.171 0.7500000000
51288  2.112  -15.928  78.428 0.6250000000
116851  2.183  -16.274  77.531 0.6250000000
50419  2.217  -17.021  76.142 0.6250000000
49570  1.947  -17.957  74.612 0.6250000000
51304  1.769  -15.661  78.157 0.5000000000
49559  1.757  -17.530  75.368 0.5000000000
49560  1.503  -17.343  75.148 0.3750000000
49584  1.860  -17.849  73.764 0.2500000000
48706  0.144  -18.492  72.386 0.1250000000
49585  0.923  -17.761  73.679 0.2500000000
48708  -1.846  -18.321  72.188 0.1250000000
52046  4.003  -15.370  90.844 0.5000000000
117309  3.877  -15.437  90.283 0.5000000000
51180  3.692  -15.894  89.370 0.5000000000
51181  3.068  -15.699  88.823 0.5000000000
51192  2.476  -16.044  88.247 0.3750000000
51198  0.974  -15.706  87.474 0.6250000000
118679  -0.797  -16.646  84.691 0.5000000000
54178  -31.851  -11.939  82.926 0.6250000000
50339  1.437  -16.422  80.944 0.7500000000
49501  0.915  -16.881  81.389 0.7500000000
50328  0.285  -16.731  81.991 0.7500000000
54208  -30.901  -12.486  80.809 0.8750000000
54192  -31.082  -12.502  81.531 0.8750000000
51266  1.577  -15.754  80.177 0.6250000000
50351  1.804  -16.102  80.493 0.7500000000
112444  -30.054  -12.795  78.952 0.7500000000
54220  -30.727  -12.392  80.226 0.7500000000
50350  2.161  -16.344  80.165 0.6250000000
51279  1.713  -15.566  79.542 0.7500000000
51289  1.782  -15.494  78.892 0.7500000000
50404  2.059  -16.491  76.664 0.5000000000
52202  1.316  -15.297  79.320 0.6250000000
50385  1.593  -15.936  77.300 0.5000000000
50420  1.832  -16.836  75.867 0.5000000000
49572  1.289  -17.557  74.353 0.2500000000
106668  1.293  -15.278  78.732 0.6250000000
50405  1.246  -16.399  76.492 0.3750000000
50421  0.990  -16.831  75.702 0.2500000000
49573  0.220  -17.577  74.312 0.2500000000
49574  -0.847  -17.703  74.316 0.1250000000
49599  -1.534  -18.115  72.876 0.1250000000
51306  0.014  -15.608  78.002 0.5000000000
50386  0.437  -16.055  77.229 0.3750000000
50406  0.161  -16.653  76.402 0.2500000000
117508  -0.461  -17.470  74.991 0.1250000000
49575  -1.956  -17.843  74.405 0.1250000000
111313  -0.666  -16.529  77.018 0.2500000000
49548  -0.134  -17.142  75.689 0.2500000000
49562  -1.179  -17.428  75.629 0.1250000000
52078  2.976  -14.846  89.415 0.3750000000
51193  1.712  -15.498  88.115 0.3750000000
54152  -32.584  -11.390  85.470 0.2500000000
50296  0.102  -15.909  86.732 0.5000000000
54166  -31.947  -11.973  83.855 0.3750000000
55201  -32.899  -11.343  84.595 0.3750000000
50301  -0.685  -16.174  85.631 0.3750000000
54193  -31.637  -11.903  82.074 0.7500000000
55210  -32.762  -11.304  83.550 0.3750000000
50340  0.701  -16.190  81.357 0.7500000000
50329  -0.033  -16.064  82.066 0.7500000000
122902  -1.080  -15.795  83.583 0.6250000000
113627  -31.110  -11.868  80.690 0.8750000000
55226  -31.412  -11.762  81.314 0.6250000000
51252  1.275  -15.972  80.766 0.7500000000
116362  -0.671  -15.935  82.835 0.6250000000
55257  -29.967  -11.685  78.943 0.6250000000
55246  -30.476  -12.092  79.666 0.7500000000
55234  -31.419  -11.175  80.839 0.6250000000
116080  0.978  -15.638  80.456 0.7500000000
52162  0.571  -15.680  81.092 0.7500000000
51234  -0.493  -15.488  82.305 0.7500000000
56217  -30.587  -11.031  79.688 0.7500000000
52187  1.228  -15.455  79.895 0.7500000000
56234  -29.599  -10.891  78.376 0.8750000000
52188  0.729  -15.139  79.782 0.6250000000
52203  0.696  -15.020  79.235 0.5000000000
51290  0.472  -15.172  78.643 0.5000000000
50387  -1.336  -16.358  77.565 0.2500000000
50407  -1.663  -16.851  76.941 0.1250000000
49563  -2.106  -17.664  75.373 0.1250000000
110217  -2.868  -17.874  73.273 0.1250000000
49549  -0.929  -17.041  76.346 0.1250000000
121980  -1.337  -17.652  74.959 0.1250000000
52079  2.499  -14.563  88.950 0.3750000000
52080  1.741  -14.410  88.469 0.3750000000
121965  -33.378  -11.021  84.210 0.3750000000
55219  -32.333  -11.336  82.537 0.3750000000
55235  -31.835  -11.073  81.414 0.6250000000
56192  -32.548  -10.714  81.984 0.3750000000
51217  -1.086  -15.353  83.172 0.5000000000
55247  -30.946  -11.507  80.268 0.7500000000
56202  -31.311  -10.513  80.219 0.5000000000
109823  0.381  -15.230  80.806 0.7500000000
52143  -0.249  -15.062  81.662 0.7500000000
114225  -30.253  -10.489  78.995 0.6250000000
52180  0.171  -14.818  80.405 0.7500000000
55262  -29.099  -11.233  77.636 0.8750000000
56250  -29.274  -10.327  77.841 0.8750000000
52204  -0.185  -14.824  79.167 0.5000000000
115314  -0.941  -15.856  78.071 0.5000000000
49550  -1.964  -17.352  76.230 0.1250000000
106471  -2.942  -17.833  74.922 0.1250000000
122469  -3.581  -17.747  74.428 0.1250000000
49589  -3.671  -17.667  73.520 0.1250000000
49590  -4.509  -17.276  73.488 0.1250000000
55202  -33.892  -10.611  84.840 0.2500000000
55220  -33.189  -10.752  82.959 0.3750000000
56203  -32.034  -10.389  81.037 0.3750000000
57148  -32.934  -9.846  81.668 0.3750000000
108199  -1.107  -14.837  82.812 0.5000000000
56218  -30.851  -10.063  79.477 0.5000000000
57172  -31.444  -9.590  79.753 0.5000000000
53151  -0.386  -14.365  80.845 0.5000000000
107824  -0.109  -14.732  81.051 0.6250000000
56235  -30.564  -9.679  78.860 0.5000000000
53166  -0.524  -14.356  80.346 0.5000000000
57184  -30.619  -9.014  78.392 0.5000000000
52189  0.053  -14.741  79.785 0.5000000000
57199  -30.115  -8.796  77.711 0.6250000000
51291  -0.531  -15.252  78.553 0.5000000000
119893  -1.371  -15.513  78.467 0.5000000000
51307  -1.841  -16.030  78.101 0.2500000000
50408  -2.687  -17.067  76.848 0.1250000000
49551  -3.091  -17.525  75.923 0.1250000000
49564  -3.834  -17.636  75.164 0.1250000000
52205  -1.324  -14.890  79.012 0.2500000000
51308  -2.798  -16.082  78.125 0.2500000000
50389  -3.280  -16.565  77.455 0.1250000000
50409  -3.699  -16.992  76.673 0.1250000000
50448  -4.952  -16.818  72.946 0.1250000000
56185  -33.538  -10.065  82.576 0.3750000000
52128  -1.466  -14.221  83.809 0.5000000000
57160  -32.449  -9.493  80.821 0.3750000000
53135  -0.732  -14.232  81.522 0.6250000000
53122  -0.986  -14.437  82.259 0.5000000000
57173  -32.019  -9.093  80.059 0.3750000000
57185  -31.030  -9.245  79.076 0.5000000000
58217  -31.562  -8.757  79.326 0.2500000000
53152  -1.063  -13.802  80.881 0.3750000000
58235  -31.144  -8.495  78.597 0.5000000000
52190  -0.815  -14.471  79.716 0.5000000000
58255  -30.711  -8.245  77.895 0.6250000000
51293  -3.191  -15.410  78.607 0.2500000000
58275  -30.205  -7.997  77.132 0.7500000000
51292  -2.182  -15.486  78.592 0.2500000000
49552  -4.149  -17.268  75.874 0.1250000000
49565  -4.510  -17.312  75.211 0.1250000000
110184  -5.030  -17.018  74.867 0.1250000000
59121  -29.900  -7.643  76.373 0.6250000000
50410  -4.563  -16.681  76.422 0.1250000000
50422  -4.865  -16.870  75.619 0.1250000000
121541  -5.292  -16.608  74.621 0.1250000000
50435  -5.117  -16.852  74.035 0.1250000000
59142  -29.529  -7.402  75.744 0.8750000000
58293  -29.237  -8.091  76.047 0.8750000000
115117  -5.514  -16.148  74.357 0.1250000000
50449  -5.480  -16.175  73.434 0.1250000000
59141  -28.860  -7.790  75.386 0.7500000000
120339  -28.290  -7.155  74.363 0.5000000000
59165  -29.132  -7.114  75.165 0.7500000000
53113  -1.422  -14.086  83.083 0.5000000000
57161  -33.254  -8.994  81.402 0.3750000000
113604  -33.908  -9.309  82.272 0.3750000000
53123  -1.391  -13.650  82.379 0.2500000000
58218  -32.197  -8.148  79.634 0.2500000000
53136  -1.311  -13.495  81.570 0.3750000000
53167  -1.330  -13.975  80.230 0.3750000000
58256  -31.263  -7.783  78.138 0.5000000000
53153  -1.834  -13.332  80.618 0.3750000000
53168  -2.231  -13.653  80.046 0.2500000000
59105  -30.869  -7.553  77.437 0.6250000000
52192  -2.831  -14.151  79.588 0.2500000000
52191  -1.825  -14.304  79.616 0.2500000000
50390  -4.221  -16.395  77.249 0.1250000000
59122  -30.495  -7.298  76.742 0.6250000000
62239  -32.521  -3.791  80.794 0.5000000000
62230  -32.207  -2.846  81.095 0.5000000000
62231  -33.014  -3.383  81.698 0.2500000000
63055  -32.884  -2.357  82.264 0.2500000000
52206  -2.484  -14.841  79.114 0.2500000000
51294  -4.241  -15.093  78.430 0.1250000000
51310  -4.643  -15.668  77.670 0.1250000000
51321  -4.998  -16.030  76.895 0.1250000000
59143  -30.147  -7.039  76.081 0.7500000000
111581  -31.361  -3.549  79.460 0.5000000000
62238  -31.769  -3.271  80.272 0.5000000000
63054  -31.954  -1.861  81.279 0.3750000000
51295  -4.987  -14.981  77.921 0.1250000000
59964  -29.674  -6.734  75.543 0.8750000000
63085  -30.881  -2.619  79.202 0.6250000000
102529  -31.266  -2.759  79.812 0.5000000000
63069  -31.537  -2.377  80.420 0.5000000000
51311  -5.263  -15.215  77.226 0.1250000000
104960  -28.705  -6.826  74.654 0.7500000000
61515  -29.268  -5.031  75.528 0.8750000000
63098  -30.568  -2.481  78.459 0.6250000000
63931  -31.445  -1.499  80.358 0.5000000000
60770  -29.013  -5.710  74.979 0.8750000000
62273  -29.450  -3.555  76.362 0.6250000000
62260  -29.735  -3.010  76.959 0.5000000000
63110  -30.201  -2.472  77.614 0.5000000000
61514  -28.705  -4.208  75.189 0.8750000000
118211  -29.146  -3.146  75.872 0.8750000000
59076  -32.945  -7.747  80.283 0.2500000000
58194  -32.698  -8.610  80.540 0.3750000000
59092  -31.740  -7.332  78.430 0.3750000000
58236  -31.653  -8.000  78.842 0.2500000000
61460  -34.176  -4.537  82.042 0.3750000000
62232  -33.734  -3.843  82.162 0.2500000000
59106  -31.398  -7.144  77.738 0.6250000000
61469  -32.841  -4.683  80.560 0.3750000000
61470  -33.683  -5.065  81.163 0.3750000000
62225  -33.748  -3.131  82.727 0.2500000000
59941  -31.318  -6.614  77.516 0.5000000000
61459  -33.310  -4.247  81.358 0.3750000000
59948  -30.607  -6.646  76.541 0.6250000000
59949  -31.025  -6.949  77.105 0.6250000000
61479  -32.401  -5.078  79.804 0.5000000000
61468  -32.090  -4.187  80.020 0.5000000000
110748  -33.300  -1.721  83.332 0.2500000000
117567  -3.223  -13.326  79.903 0.2500000000
111117  -3.649  -13.977  79.451 0.1250000000
52207  -3.477  -14.648  79.062 0.2500000000
60762  -30.181  -6.324  75.964 0.6250000000
60751  -30.561  -5.904  76.508 0.6250000000
60745  -30.836  -5.539  77.166 0.5000000000
61495  -31.125  -5.168  77.873 0.5000000000
61487  -31.451  -4.872  78.587 0.5000000000
61478  -31.744  -4.569  79.300 0.5000000000
53178  -4.274  -14.236  78.967 0.1250000000
52208  -4.910  -14.375  78.384 0.1250000000
60761  -29.631  -5.978  75.447 0.7500000000
61516  -30.012  -5.509  76.003 0.6250000000
61505  -30.282  -5.063  76.677 0.7500000000
61486  -30.801  -4.130  78.169 0.5000000000
62251  -30.794  -3.326  78.739 0.6250000000
63920  -31.908  -0.820  81.235 0.3750000000
52219  -5.400  -14.285  77.578 0.1250000000
61494  -30.524  -4.619  77.395 0.5000000000
62261  -30.198  -3.574  77.563 0.5000000000
120268  -30.434  -3.175  78.130 0.5000000000
61504  -29.674  -4.565  76.214 0.7500000000
62274  -29.915  -4.069  76.897 0.6250000000
64823  -32.178  -0.281  79.728 0.3750000000
123446  -32.057  -7.532  79.036 0.2500000000
60719  -33.962  -5.943  81.072 0.3750000000
60709  -34.534  -5.328  81.905 0.2500000000
62226  -34.542  -3.883  83.115 0.2500000000
59931  -31.719  -6.577  78.174 0.3750000000
59923  -32.611  -6.602  79.522 0.3750000000
59913  -33.169  -6.275  80.226 0.3750000000
60728  -32.590  -5.878  79.613 0.3750000000
60718  -33.103  -5.522  80.382 0.3750000000
63042  -34.258  -3.132  83.680 0.1250000000
60746  -31.336  -6.000  77.645 0.5000000000
60727  -32.004  -5.432  79.079 0.5000000000
60736  -31.670  -5.729  78.348 0.5000000000
63921  -32.535  -1.302  82.362 0.3750000000
63910  -32.480  -0.471  82.339 0.1250000000
64811  -32.179  -0.195  80.659 0.2500000000
64834  -32.484  -0.345  78.825 0.6250000000
105622  -34.720  -6.018  81.970 0.3750000000
61461  -34.974  -4.836  82.795 0.2500000000
62220  -34.661  -3.944  83.933 0.1250000000
109544  -34.514  -3.554  83.788 0.1250000000
63041  -33.751  -2.441  83.524 0.1250000000
63911  -33.166  -0.780  83.697 0.1250000000
65621  -32.416  0.005  81.696 0.2500000000
65633  -32.784  0.470  81.143 0.1250000000
64853  -32.607  -0.548  77.887 0.6250000000
113804  -33.267  -0.305  78.386 0.6250000000
61450  -35.007  -4.562  83.661 0.1250000000
62219  -34.248  -3.365  84.187 0.1250000000
63029  -33.944  -2.645  84.220 0.1250000000
65644  -32.801  0.241  80.248 0.2500000000
119714  -32.914  0.055  79.534 0.5000000000
65645  -33.926  0.583  80.073 0.2500000000
64867  -32.873  -0.801  77.066 0.6250000000
64854  -33.727  -0.595  77.729 0.6250000000
65657  -33.588  0.046  79.124 0.2500000000
63991  -32.965  -1.594  75.353 0.6250000000
63975  -33.186  -1.258  76.229 0.6250000000
64868  -33.763  -1.005  76.910 0.6250000000
104377  -33.474  0.736  80.781 0.2500000000
65623  -33.698  1.248  81.684 0.2500000000
65634  -34.767  1.488  81.164 0.2500000000
64835  -34.322  -0.204  78.653 0.5000000000
63992  -33.905  -1.763  75.582 0.6250000000
64008  -34.465  -2.124  75.006 0.6250000000
63993  -34.876  -1.838  75.806 0.6250000000
64869  -34.856  -1.028  77.399 0.6250000000
63145  -34.096  -2.361  74.236 0.6250000000
65658  -35.262  0.435  79.642 0.2500000000
65635  -35.642  1.154  80.509 0.2500000000
123500  -34.886  -0.548  78.200 0.3750000000
64836  -35.829  -0.138  79.029 0.2500000000
63976  -34.314  -1.446  76.406 0.5000000000
63164  -34.593  -2.465  73.631 0.5000000000
108553  -34.685  -2.515  72.136 0.7500000000
63203  -35.072  -2.464  71.538 0.6250000000
64855  -36.026  -0.719  78.415 0.5000000000
63977  -35.404  -1.504  76.702 0.6250000000
63963  -36.202  -1.210  77.723 0.5000000000
63146  -34.972  -2.309  74.438 0.6250000000
63131  -35.388  -2.069  75.232 0.6250000000
63165  -35.509  -2.349  73.820 0.7500000000
63186  -35.101  -2.468  72.946 0.6250000000
63233  -35.394  -2.618  69.878 0.7500000000
111876  -35.720  -2.441  71.203 0.7500000000
63234  -36.292  -2.820  69.879 0.8750000000
65659  -37.148  0.564  79.811 0.2500000000
64837  -37.336  -0.070  79.221 0.3750000000
63978  -36.568  -1.500  77.020 0.3750000000
63147  -35.894  -2.170  74.687 0.6250000000
63132  -36.387  -1.904  75.511 0.6250000000
63994  -35.908  -1.778  76.065 0.6250000000
104036  -36.080  -2.332  73.060 0.6250000000
63166  -36.619  -2.089  74.089 0.5000000000
117441  -36.665  -2.257  72.207 0.6250000000
63221  -36.585  -2.548  70.688 0.7500000000
62356  -36.834  -3.563  69.352 0.7500000000
62335  -38.205  -3.418  70.110 0.6250000000
62357  -37.852  -3.898  69.468 0.7500000000
62336  -39.290  -3.741  70.229 0.7500000000
61571  -38.447  -4.734  69.025 0.7500000000
63148  -36.754  -1.951  75.008 0.5000000000
63995  -37.041  -1.658  76.403 0.5000000000
103293  -37.154  -2.087  73.103 0.5000000000
122699  -37.556  -1.786  74.941 0.5000000000
63205  -37.146  -2.368  71.360 0.7500000000
108247  -37.830  -2.183  72.073 0.5000000000
63167  -37.772  -1.837  74.057 0.5000000000
63206  -37.971  -2.464  71.179 0.6250000000
114578  -38.817  -2.550  71.393 0.6250000000
62358  -38.893  -4.241  69.612 0.7500000000
62322  -39.700  -3.249  70.818 0.6250000000
61572  -39.306  -4.683  69.131 0.7500000000
61557  -39.854  -4.289  69.675 0.6250000000
60817  -38.883  -5.268  68.108 0.7500000000
111640  -39.374  -4.770  68.668 0.6250000000
63188  -38.284  -1.948  73.160 0.5000000000
63207  -40.041  -2.697  71.555 0.5000000000
113038  -39.032  -2.145  72.294 0.5000000000
62337  -40.420  -3.903  70.173 0.5000000000
63208  -41.519  -2.667  71.629 0.3750000000
61558  -40.600  -4.075  69.700 0.6250000000
61607  -38.803  -5.030  67.624 0.7500000000
61608  -39.307  -4.703  68.173 0.7500000000
62359  -40.900  -3.944  69.453 0.7500000000
62378  -39.607  -3.923  67.999 0.7500000000
112456  -41.324  -3.701  70.046 0.5000000000
62324  -41.870  -3.075  70.726 0.5000000000
63235  -41.358  -3.375  69.611 0.6250000000
63224  -41.826  -3.085  70.259 0.2500000000
64919  -42.784  -1.769  71.469 0.1250000000
62372  -40.243  -3.613  68.458 0.6250000000
63239  -40.852  -3.495  69.001 0.5000000000
64047  -42.015  -2.431  70.542 0.2500000000
63245  -39.634  -2.796  67.838 0.6250000000
63238  -40.412  -2.712  68.472 0.5000000000
64056  -40.992  -2.731  69.063 0.3750000000
64046  -41.110  -1.827  70.061 0.3750000000
64062  -40.013  -1.685  67.926 0.3750000000
109086  -40.489  -1.852  68.572 0.3750000000
105926  -39.865  -0.420  68.633 0.3750000000
65775  -38.996  0.380  68.889 0.3750000000
64907  -40.699  -0.293  71.204 0.1250000000
64054  -40.799  -1.888  69.243 0.2500000000
106319  -40.501  -0.947  70.520 0.1250000000
65769  -38.819  0.865  70.674 0.1250000000
64916  -39.042  -0.083  70.025 0.1250000000
64045  -39.909  -0.951  69.812 0.3750000000
64923  -39.326  -0.255  69.282 0.1250000000
66602  -38.146  1.324  69.198 0.1250000000
113335  -40.108  -1.086  68.903 0.3750000000
66601  -37.719  2.071  69.116 0.1250000000
66607  -38.691  1.170  68.700 0.2500000000
67419  -37.798  2.581  68.702 0.1250000000
66606  -38.197  1.842  68.696 0.2500000000
68264  -38.364  3.263  68.255 0.2500000000
68263  -37.507  3.437  68.832 0.1250000000
67416  -37.353  2.809  69.559 0.1250000000
69095  -37.989  4.187  68.537 0.1250000000
69096  -38.750  4.162  68.126 0.1250000000
68260  -37.057  3.707  69.631 0.1250000000
69972  -37.780  5.058  69.037 0.1250000000
111242  -38.571  4.903  68.474 0.1250000000
69958  -38.064  6.232  69.602 0.1250000000
70785  -39.289  6.951  69.525 0.1250000000
69973  -39.381  5.360  68.346 0.1250000000
71684  -40.185  7.974  70.125 0.1250000000
48526  3.607  -18.667  87.123 0.8750000000
103095  3.821  -18.422  87.557 0.8750000000
47660  3.550  -19.322  86.741 0.8750000000
44836  3.394  -22.355  87.385 1.0000000000
48542  3.506  -19.219  86.687 1.0000000000
45742  3.616  -20.359  86.620 1.0000000000
43846  2.436  -22.874  88.336 1.0000000000
44847  3.547  -21.893  86.666 1.0000000000
43869  2.697  -23.407  86.754 1.0000000000
43845  3.034  -22.764  87.975 0.8750000000
34542  5.934  -33.261  88.243 0.1250000000
35361  6.050  -32.675  87.600 0.1250000000
35396  5.127  -32.719  84.759 0.1250000000
36223  4.960  -31.753  84.267 0.1250000000
38735  2.499  -28.927  80.605 0.2500000000
108576  5.986  -31.844  86.942 0.1250000000
34527  6.022  -32.620  88.441 0.1250000000
35350  5.882  -32.499  88.845 0.1250000000
35351  3.829  -33.018  88.763 0.1250000000
121505  5.200  -31.149  84.828 0.1250000000
36212  1.304  -31.929  84.592 0.1250000000
40789  1.396  -27.258  80.745 0.5000000000
36241  -2.009  -31.804  82.386 0.1250000000
106784  0.618  -27.902  76.626 0.3750000000
40831  0.322  -27.000  77.912 0.5000000000
40832  -0.303  -26.675  77.538 0.6250000000
39740  0.545  -28.212  75.652 0.3750000000
36182  5.988  -32.023  88.616 0.1250000000
35338  5.409  -32.106  88.787 0.1250000000
34516  3.982  -32.399  89.139 0.2500000000
36174  2.779  -31.738  88.621 0.2500000000
35352  3.130  -32.528  88.373 0.1250000000
111357  2.131  -31.485  87.010 0.2500000000
35372  2.225  -32.187  86.135 0.1250000000
36203  1.445  -31.118  85.219 0.1250000000
38722  3.863  -28.909  83.032 0.3750000000
38715  4.144  -28.776  83.614 0.3750000000
39680  3.402  -28.186  83.197 0.6250000000
37028  0.446  -30.950  83.957 0.1250000000
108934  2.694  -27.933  81.952 0.5000000000
37029  -0.242  -30.742  83.437 0.1250000000
40790  0.812  -26.858  80.184 0.5000000000
37813  1.040  -28.954  91.389 0.7500000000
36150  3.758  -31.066  89.771 0.5000000000
112337  3.984  -31.896  89.337 0.2500000000
36161  5.431  -31.007  88.597 0.2500000000
37847  5.067  -29.776  86.512 0.2500000000
117895  4.844  -29.514  86.997 0.6250000000
37854  4.911  -29.600  85.714 0.2500000000
38697  4.256  -28.787  86.453 0.5000000000
38709  4.011  -28.420  83.872 0.5000000000
39662  3.936  -28.377  84.415 0.6250000000
39682  2.294  -27.501  83.464 0.6250000000
122324  2.192  -27.464  82.914 0.5000000000
42933  -3.161  -23.862  77.977 0.6250000000
39569  1.793  -27.458  92.436 1.0000000000
38656  2.481  -28.283  91.869 0.8750000000
39615  3.464  -27.940  89.734 0.8750000000
39653  3.619  -28.243  86.487 0.8750000000
39663  3.738  -28.328  85.124 0.6250000000
39654  2.907  -27.862  85.994 0.6250000000
39665  2.117  -27.589  85.399 0.6250000000
114058  0.034  -26.530  82.879 0.5000000000
108303  -3.087  -23.562  79.998 0.6250000000
41913  -2.545  -25.416  75.618 0.5000000000
39582  2.283  -27.081  92.122 1.0000000000
40606  1.536  -26.861  92.409 1.0000000000
39601  3.463  -28.242  90.211 0.8750000000
123011  2.436  -26.976  91.854 1.0000000000
41656  1.351  -26.340  92.338 1.0000000000
39592  -2.407  -27.055  91.448 1.0000000000
40649  1.806  -27.303  88.537 0.8750000000
108742  1.047  -26.701  88.871 1.0000000000
120762  2.420  -27.633  88.225 0.8750000000
39652  4.042  -28.550  86.972 0.7500000000
40759  -0.678  -26.056  82.290 0.5000000000
105794  -1.402  -25.454  82.226 0.7500000000
116091  -2.461  -23.117  82.777 0.7500000000
45837  -3.313  -21.687  78.722 0.6250000000
40629  2.245  -26.644  91.792 1.0000000000
41666  1.035  -25.752  92.319 1.0000000000
41670  1.741  -26.107  91.668 1.0000000000
104210  0.542  -24.911  91.541 1.0000000000
41684  0.114  -25.291  89.646 1.0000000000
41694  -0.074  -25.468  89.026 1.0000000000
39604  -2.542  -27.393  90.341 0.7500000000
41695  -0.344  -24.963  88.650 1.0000000000
104220  -0.164  -24.508  88.608 1.0000000000
121436  -0.032  -26.498  86.219 0.7500000000
41786  -1.106  -25.678  84.250 1.0000000000
44910  -2.205  -22.197  81.819 0.7500000000
45908  -3.093  -22.081  74.955 0.6250000000
45888  -1.845  -20.960  74.905 0.6250000000
44957  -3.581  -21.842  77.247 0.6250000000
44978  -2.644  -22.549  74.310 0.6250000000
111363  -1.667  -24.123  72.708 0.5000000000
42757  0.110  -25.434  92.864 1.0000000000
109146  -1.630  -25.678  93.420 1.0000000000
107195  -2.785  -26.626  91.976 1.0000000000
122378  -3.763  -27.039  90.878 1.0000000000
41742  -1.073  -25.139  85.956 1.0000000000
43911  -1.736  -23.023  83.980 0.7500000000
44882  -1.958  -22.747  83.333 0.7500000000
46883  -1.611  -19.900  76.632 0.6250000000
109003  -0.504  -25.171  71.263 0.1250000000
122440  -0.371  -24.987  92.865 1.0000000000
44881  -1.217  -22.495  83.444 0.7500000000
45847  0.264  -20.173  78.999 0.7500000000
119137  -0.212  -23.436  72.068 0.1250000000
43797  -0.672  -24.358  92.582 1.0000000000
44804  -0.308  -22.847  90.728 1.0000000000
39584  -4.568  -26.573  91.283 1.0000000000
44813  0.787  -22.602  89.812 1.0000000000
39607  -5.322  -26.795  90.349 0.8750000000
43895  2.029  -23.012  84.252 0.8750000000
43909  1.068  -22.766  83.937 0.8750000000
46792  2.247  -20.498  81.556 0.8750000000
47728  2.129  -19.451  81.030 0.8750000000
104237  2.382  -18.613  79.361 0.7500000000
46843  1.344  -19.757  79.035 0.8750000000
47739  2.288  -19.091  79.877 0.7500000000
47767  1.278  -19.360  78.348 0.7500000000
47782  0.803  -19.135  77.111 0.7500000000
44999  0.112  -22.739  72.345 0.3750000000
43789  -2.785  -23.932  93.412 1.0000000000
43799  -1.797  -23.805  93.016 1.0000000000
44787  -1.151  -23.048  91.705 1.0000000000
39620  -5.325  -26.894  89.882 0.6250000000
39645  -6.467  -26.516  88.897 0.7500000000
56096  -19.249  -10.512  92.986 0.8750000000
57006  -19.962  -9.515  93.127 0.7500000000
43856  2.465  -23.247  87.763 1.0000000000
109777  2.390  -20.127  84.234 0.8750000000
47714  1.881  -19.869  82.560 0.8750000000
45815  1.739  -21.067  81.022 0.8750000000
48612  1.977  -18.595  81.140 0.7500000000
117688  1.598  -18.849  78.040 0.6250000000
47808  0.540  -19.529  75.123 0.6250000000
46911  -0.198  -20.506  74.452 0.6250000000
39586  -6.064  -26.098  91.046 0.8750000000
40669  -7.156  -26.307  87.898 0.7500000000
116349  -6.727  -26.501  89.527 0.6250000000
102676  -6.056  -26.637  89.970 0.7500000000
52069  -19.319  -14.196  90.445 0.5000000000
47669  3.489  -19.723  86.381 1.0000000000
43906  3.001  -22.616  84.158 0.8750000000
43923  2.515  -22.352  83.095 0.8750000000
49508  1.941  -17.457  80.885 0.7500000000
48649  2.389  -18.080  78.335 0.6250000000
46658  -1.131  -21.661  90.372 0.7500000000
46670  0.429  -21.514  89.648 0.7500000000
45723  1.641  -21.629  89.268 0.8750000000
48571  -18.638  -17.859  85.254 0.7500000000
115124  -18.519  -18.576  85.609 0.7500000000
50305  -19.206  -16.666  86.193 0.7500000000
50293  -19.487  -16.390  87.631 0.7500000000
50281  -19.384  -16.444  88.449 0.7500000000
50292  -19.330  -17.081  87.882 0.7500000000
51190  -19.318  -16.052  89.063 0.6250000000
120464  3.047  -21.623  88.406 0.8750000000
110374  -18.117  -18.884  84.094 0.6250000000
47690  -17.960  -19.511  84.647 0.6250000000
107064  4.501  -17.621  89.024 0.7500000000
48493  4.198  -18.128  88.348 0.8750000000
46730  3.691  -20.221  86.501 1.0000000000
47621  4.056  -19.062  87.655 0.8750000000
49483  -18.748  -17.065  84.812 0.5000000000
43868  3.271  -23.060  86.350 1.0000000000
46769  3.291  -21.007  84.425 1.0000000000
44856  3.543  -22.349  85.424 1.0000000000
44848  3.571  -22.459  86.129 1.0000000000
43893  3.227  -22.854  85.008 1.0000000000
44877  3.371  -21.822  84.408 0.8750000000
44867  3.552  -21.681  85.161 1.0000000000
54102  -29.338  -11.454  87.917 0.5000000000
49442  1.170  -17.328  86.458 0.7500000000
113340  2.555  -17.543  79.748 0.8750000000
47796  1.621  -18.403  76.723 0.6250000000
47829  2.066  -18.958  73.773 0.3750000000
109680  1.121  -18.564  72.639 0.1250000000
39621  -6.825  -26.384  90.086 0.7500000000
49378  3.298  -17.645  90.615 0.5000000000
48468  1.899  -17.898  89.612 0.6250000000
46671  -0.321  -21.382  89.846 0.7500000000
39658  -7.815  -26.237  87.839 0.7500000000
49376  4.345  -17.491  90.218 0.5000000000
107085  4.348  -17.890  89.437 0.7500000000
46703  3.419  -20.208  88.317 0.8750000000
46702  3.703  -20.253  87.886 1.0000000000
51146  4.173  -16.181  90.947 0.5000000000
50260  4.524  -17.271  89.385 0.5000000000
46701  3.967  -19.491  87.704 0.8750000000
46718  3.711  -20.280  87.274 0.8750000000
116637  3.545  -20.920  87.540 0.8750000000
45730  3.371  -21.190  88.102 1.0000000000
122178  -16.721  -20.476  82.967 0.5000000000
46743  3.541  -20.380  86.065 1.0000000000
50273  3.204  -16.486  88.369 0.5000000000
52139  -29.518  -13.983  83.796 0.7500000000
49491  -0.426  -17.109  83.409 0.6250000000
52174  -30.022  -14.312  82.289 0.7500000000
49534  2.531  -17.502  78.482 0.6250000000
49541  2.394  -17.553  77.443 0.6250000000
50372  2.510  -16.858  78.558 0.6250000000
50245  2.030  -16.490  91.369 0.5000000000
40763  -8.228  -25.487  83.976 0.3750000000
40749  -8.665  -25.378  84.638 0.3750000000
46793  -12.974  -20.668  81.585 0.2500000000
45797  -16.285  -21.107  83.134 0.5000000000
51168  4.063  -16.064  89.823 0.5000000000
41832  -8.580  -25.306  81.530 0.1250000000
53130  -30.719  -13.240  82.661 0.8750000000
113408  -30.401  -13.830  81.114 0.6250000000
51277  2.316  -16.255  78.787 0.6250000000
49571  1.866  -17.788  74.454 0.3750000000
109351  -9.396  -25.160  83.015 0.2500000000
44913  -11.007  -21.905  81.674 0.1250000000
43952  -9.601  -23.825  80.259 0.1250000000
44929  -10.368  -22.393  80.981 0.1250000000
50294  1.872  -16.421  87.570 0.5000000000
50295  1.033  -16.541  86.907 0.6250000000
121905  -30.967  -12.522  84.756 0.7500000000
116586  -0.310  -16.575  82.721 0.6250000000
49586  -0.176  -17.841  73.638 0.1250000000
51182  2.296  -15.260  88.561 0.3750000000
50317  -0.801  -16.477  83.671 0.5000000000
49561  0.604  -17.300  75.016 0.2500000000
51305  1.018  -15.534  78.007 0.5000000000
49587  -1.232  -17.896  73.611 0.1250000000
49588  -2.164  -17.969  73.502 0.1250000000
49600  -2.379  -18.019  72.728 0.1250000000
114888  -0.522  -16.098  77.582 0.2500000000
55191  -33.149  -10.698  86.065 0.2500000000
55227  -31.944  -11.360  81.858 0.6250000000
51233  0.147  -15.700  81.660 0.7500000000
116156  -29.445  -11.781  78.139 0.7500000000
52179  0.727  -15.290  80.246 0.8750000000
49576  -2.882  -17.868  74.023 0.1250000000
112802  -33.398  -10.839  85.409 0.2500000000
55211  -33.689  -10.693  83.901 0.3750000000
117359  -1.379  -14.759  83.843 0.3750000000
50388  -2.292  -16.528  77.531 0.1250000000
49577  -4.399  -17.445  74.412 0.1250000000
49602  -4.091  -17.357  72.487 0.1250000000
121745  -31.843  -9.830  80.373 0.2500000000
51309  -3.776  -15.966  78.012 0.1250000000
50436  -5.390  -16.332  75.174 0.1250000000
59164  -28.592  -7.415  74.807 0.6250000000
59163  -28.070  -7.705  74.405 0.5000000000
59982  -29.170  -6.446  75.027 0.8750000000
62284  -29.128  -3.979  75.783 0.7500000000
61526  -28.249  -4.441  74.610 0.7500000000
62283  -28.793  -3.281  75.353 0.8750000000
59932  -32.173  -6.932  78.877 0.2500000000
60752  -30.991  -6.301  77.046 0.6250000000
62252  -31.249  -4.098  78.835 0.6250000000
53179  -4.242  -13.345  79.339 0.1250000000
60737  -32.160  -6.218  78.892 0.5000000000
63187  -35.642  -2.416  72.110 0.6250000000
63222  -37.600  -2.741  70.631 0.8750000000
63189  -40.239  -2.152  72.578 0.3750000000
61574  -40.531  -4.076  68.970 0.6250000000
64918  -41.605  -1.378  70.852 0.1250000000
64924  -40.268  -1.028  68.216 0.3750000000
65773  -38.565  0.534  69.654 0.1250000000
67420  -38.482  2.375  68.360 0.2500000000
70805  -38.726  5.856  68.916 0.1250000000
70776  -39.154  7.500  70.060 0.1250000000
38750  1.609  -28.449  78.488 0.2500000000
37005  0.813  -30.087  86.820 0.1250000000
36998  1.062  -30.070  87.720 0.1250000000
37006  0.337  -29.856  86.159 0.1250000000
37013  1.127  -30.526  86.059 0.1250000000
37014  0.819  -30.428  85.273 0.1250000000
37015  0.184  -29.914  85.179 0.1250000000
37862  -0.396  -29.520  84.859 0.1250000000
37023  0.036  -30.194  84.289 0.1250000000
37863  -0.938  -29.061  84.463 0.1250000000
37841  0.439  -29.412  88.332 0.1250000000
37849  0.198  -29.505  87.250 0.1250000000
37856  -0.330  -29.407  85.798 0.1250000000
37857  -0.889  -28.945  85.465 0.1250000000
38717  -1.461  -28.603  84.045 0.1250000000
38724  -1.647  -28.799  83.241 0.1250000000
37870  -1.147  -29.429  83.381 0.1250000000
38725  -2.242  -28.612  82.680 0.1250000000
38726  -2.877  -28.032  82.376 0.1250000000
37877  -2.429  -29.520  82.068 0.1250000000
37842  -0.239  -28.919  87.995 0.2500000000
119049  -0.529  -28.921  87.143 0.2500000000
111111  -0.767  -28.899  86.349 0.2500000000
119089  -0.255  -29.320  86.555 0.1250000000
38710  -1.443  -28.490  85.035 0.2500000000
38711  -1.901  -27.991  84.551 0.1250000000
39691  -2.545  -27.749  83.197 0.1250000000
38718  -1.961  -28.132  83.619 0.1250000000
38732  -3.328  -28.181  81.687 0.1250000000
39700  -3.773  -27.425  81.538 0.1250000000
39707  -4.225  -27.491  80.831 0.1250000000
38737  -3.875  -28.223  81.085 0.1250000000
37888  -4.062  -28.886  80.831 0.1250000000
39714  -4.698  -27.413  80.183 0.1250000000
37835  -0.047  -28.947  88.904 0.3750000000
37843  -0.877  -28.466  87.795 0.2500000000
37850  -1.127  -28.464  86.966 0.2500000000
38704  -1.392  -28.368  86.055 0.2500000000
38700  -1.899  -27.798  86.185 0.2500000000
38705  -1.885  -27.917  85.441 0.2500000000
39675  -2.851  -26.956  84.568 0.1250000000
39674  -2.382  -27.470  84.977 0.1250000000
39683  -2.410  -27.540  84.108 0.1250000000
39692  -3.141  -27.316  82.788 0.1250000000
40745  -3.559  -26.555  83.146 0.1250000000
114853  -3.333  -27.579  82.110 0.1250000000
40777  -4.041  -26.693  81.744 0.1250000000
40792  -4.534  -26.741  80.652 0.1250000000
39715  -5.220  -27.341  79.581 0.1250000000
120679  -1.015  -26.938  72.886 0.1250000000
40876  -0.295  -27.344  72.427 0.1250000000
37828  -0.465  -28.571  89.388 0.5000000000
39666  -2.354  -27.384  85.836 0.1250000000
39667  -2.814  -26.851  85.411 0.1250000000
39684  -2.961  -27.066  83.679 0.1250000000
40760  -3.632  -26.922  82.278 0.1250000000
40761  -4.205  -26.079  82.440 0.1250000000
40778  -4.544  -26.141  81.360 0.1250000000
40888  -0.365  -26.868  71.563 0.1250000000
38681  -1.037  -28.249  89.202 0.6250000000
122570  -1.546  -27.939  89.216 0.6250000000
38687  -1.344  -28.090  88.511 0.5000000000
120893  -1.824  -27.750  88.182 0.2500000000
38692  -1.451  -28.059  87.632 0.2500000000
39642  -2.675  -27.065  87.686 0.3750000000
38699  -1.675  -27.952  86.855 0.2500000000
39656  -2.342  -27.347  86.787 0.2500000000
39657  -2.867  -26.744  86.297 0.2500000000
40727  -3.280  -26.446  85.057 0.1250000000
110384  -3.516  -26.316  84.265 0.1250000000
104868  -4.139  -25.740  83.591 0.1250000000
56110  -25.131  -9.875  90.948 0.5000000000
41810  -4.798  -25.343  83.041 0.1250000000
56111  -25.800  -9.863  90.643 0.2500000000
57031  -26.398  -9.468  90.497 0.2500000000
109040  -4.957  -25.478  82.029 0.1250000000
56119  -24.763  -10.397  90.677 0.7500000000
56121  -26.280  -10.236  90.328 0.2500000000
107601  -2.110  -27.631  88.940 0.3750000000
118738  -2.417  -27.373  88.281 0.3750000000
39643  -3.082  -26.646  87.164 0.3750000000
40707  -3.520  -26.140  85.926 0.2500000000
40728  -3.832  -25.819  85.217 0.2500000000
41763  -4.250  -25.515  84.630 0.1250000000
41788  -4.860  -25.181  84.121 0.1250000000
41811  -5.573  -25.112  82.594 0.1250000000
58005  -25.320  -8.786  91.058 0.2500000000
56122  -26.977  -10.000  90.103 0.2500000000
112001  -24.087  -10.352  90.904 0.6250000000
55128  -24.392  -10.726  90.217 0.6250000000
54086  -27.048  -11.605  88.814 0.3750000000
54099  -26.917  -12.095  88.288 0.7500000000
111607  -3.542  -26.647  87.977 0.3750000000
40686  -3.559  -26.268  86.724 0.5000000000
57005  -19.476  -9.586  93.088 0.7500000000
57016  -20.499  -8.904  93.010 0.7500000000
58981  -20.626  -8.393  92.553 0.7500000000
40708  -4.411  -25.615  85.987 0.2500000000
58001  -21.956  -8.455  92.216 0.7500000000
58988  -21.252  -8.115  92.000 0.7500000000
117524  -5.398  -25.078  83.568 0.1250000000
58002  -22.722  -8.557  92.065 0.7500000000
58989  -22.283  -8.184  91.707 0.6250000000
120514  -24.207  -7.944  90.451 0.3750000000
58030  -26.221  -8.237  89.887 0.2500000000
58031  -27.042  -8.612  89.790 0.2500000000
116147  -6.362  -25.021  82.656 0.1250000000
56099  -21.705  -9.840  92.451 0.6250000000
58004  -24.489  -8.625  91.349 0.6250000000
59005  -25.182  -8.282  90.680 0.3750000000
59016  -25.501  -8.174  90.259 0.2500000000
58019  -26.644  -8.827  90.291 0.2500000000
57038  -27.201  -9.354  90.082 0.2500000000
56107  -22.281  -10.124  91.893 0.7500000000
56109  -24.314  -9.900  91.263 0.7500000000
58018  -25.743  -8.547  90.607 0.2500000000
57037  -25.982  -8.939  90.713 0.2500000000
56123  -27.579  -9.838  89.788 0.2500000000
56118  -23.569  -10.484  90.734 0.6250000000
55132  -27.488  -10.428  89.631 0.2500000000
56131  -23.797  -10.716  90.101 0.6250000000
55142  -27.288  -11.071  89.335 0.3750000000
54100  -27.579  -11.977  88.327 0.3750000000
53066  -27.375  -12.389  87.825 0.5000000000
53078  -27.172  -12.623  87.214 0.7500000000
53090  -28.325  -12.954  86.298 0.6250000000
40611  -4.848  -25.903  92.233 0.8750000000
40621  -6.255  -25.892  91.393 0.8750000000
41727  -10.357  -25.434  86.312 0.6250000000
42828  -10.657  -24.922  85.589 0.5000000000
40714  -9.607  -25.851  86.461 0.6250000000
41745  -9.734  -25.421  85.522 0.3750000000
39644  -4.591  -26.490  88.210 0.6250000000
40688  -5.879  -25.901  87.046 0.6250000000
42835  -11.055  -24.361  85.080 0.3750000000
40666  -4.072  -26.268  87.434 0.6250000000
40687  -4.463  -25.874  86.777 0.5000000000
102304  -5.214  -25.682  86.531 0.6250000000
114733  -5.763  -25.664  86.389 0.5000000000
41744  -4.519  -25.440  85.394 0.1250000000
41764  -5.073  -25.180  85.146 0.1250000000
41789  -6.159  -25.039  83.555 0.1250000000
55136  -20.688  -11.411  90.421 0.6250000000
55120  -20.958  -10.822  92.028 0.6250000000
105542  -22.054  -7.889  90.216 0.3750000000
58028  -22.874  -7.904  89.763 0.5000000000
56129  -21.349  -10.887  90.331 0.6250000000
56116  -21.707  -10.536  91.638 0.6250000000
59024  -23.481  -7.963  88.918 0.5000000000
58029  -24.387  -7.872  89.162 0.5000000000
58032  -27.505  -8.939  89.859 0.2500000000
55151  -20.803  -10.867  89.017 0.5000000000
102777  -21.976  -10.638  90.857 0.5000000000
56117  -22.683  -10.426  91.213 0.5000000000
57039  -27.954  -9.393  89.665 0.2500000000
56133  -29.036  -10.100  88.955 0.2500000000
56139  -22.534  -10.646  89.476 0.5000000000
56130  -22.922  -10.587  90.332 0.6250000000
109543  -28.050  -10.847  89.199 0.2500000000
55143  -28.753  -10.585  88.880 0.2500000000
55156  -29.110  -10.979  88.382 0.3750000000
52100  -28.786  -13.180  85.698 0.6250000000
52110  -28.763  -13.482  85.016 0.6250000000
52125  -28.968  -13.796  84.245 0.6250000000
41660  -6.261  -24.705  92.425 0.8750000000
41651  -4.849  -24.536  92.856 0.8750000000
41659  -5.545  -25.111  92.497 0.8750000000
40614  -7.189  -25.374  91.629 0.7500000000
40623  -7.288  -25.607  90.931 0.7500000000
40622  -6.965  -25.653  91.242 0.7500000000
40630  -6.991  -25.806  90.838 0.7500000000
40631  -7.468  -25.694  90.537 0.7500000000
39609  -7.095  -26.187  90.185 0.7500000000
123163  -7.255  -26.257  89.788 0.7500000000
39623  -7.540  -26.133  89.556 0.6250000000
39634  -7.280  -26.349  89.243 0.5000000000
39635  -7.788  -26.158  89.007 0.7500000000
39648  -8.004  -26.139  88.430 0.6250000000
40672  -9.789  -25.579  87.660 0.7500000000
40693  -10.079  -25.709  87.029 0.7500000000
40670  -8.566  -26.087  87.769 0.6250000000
115123  -9.440  -25.961  87.322 0.6250000000
40712  -8.116  -25.984  86.435 0.5000000000
118552  -8.156  -25.597  85.839 0.5000000000
40713  -8.838  -25.820  85.998 0.5000000000
40733  -8.758  -25.478  85.346 0.5000000000
41766  -9.539  -25.233  84.731 0.2500000000
56095  -18.651  -10.443  92.975 0.6250000000
40732  -7.980  -25.349  85.328 0.2500000000
42850  -10.968  -24.071  84.401 0.3750000000
41791  -9.501  -25.205  83.969 0.2500000000
53052  -19.623  -13.487  90.770 0.7500000000
41765  -5.869  -25.070  84.636 0.1250000000
109465  -20.040  -12.611  89.352 0.5000000000
54078  -19.962  -12.792  91.027 0.6250000000
113345  -19.920  -12.663  88.440 0.5000000000
57047  -28.808  -9.479  89.088 0.2500000000
54095  -20.197  -11.619  88.512 0.5000000000
57053  -29.571  -9.935  88.592 0.2500000000
55144  -29.413  -10.396  88.519 0.2500000000
52111  -29.413  -13.397  84.708 0.6250000000
52138  -29.055  -14.054  83.855 0.6250000000
51246  -29.503  -14.474  82.477 0.6250000000
41652  -5.487  -24.303  92.650 0.8750000000
44772  -4.446  -23.297  92.663 0.7500000000
42759  -6.828  -24.193  92.355 0.8750000000
41661  -7.864  -25.159  91.399 0.7500000000
42772  -8.770  -24.568  90.810 0.7500000000
42767  -9.375  -23.885  90.736 0.6250000000
44775  -2.883  -23.216  92.716 0.7500000000
111337  -4.205  -23.143  92.544 0.7500000000
43801  -4.974  -23.147  92.367 0.7500000000
44778  -6.238  -23.159  92.121 0.8750000000
107999  -6.982  -23.337  92.190 0.8750000000
40624  -7.851  -25.464  90.656 0.7500000000
41673  -8.997  -24.779  90.254 0.7500000000
41678  -9.106  -24.981  89.708 0.7500000000
43840  -9.617  -24.165  89.112 0.7500000000
42813  -10.140  -24.736  87.736 0.7500000000
110174  -10.716  -24.853  86.367 0.7500000000
44788  -1.708  -22.875  91.993 0.6250000000
44789  -2.453  -22.794  92.184 0.6250000000
45671  -3.956  -22.975  92.342 0.7500000000
45681  -4.438  -22.909  92.146 0.7500000000
40637  -7.569  -25.885  90.043 0.7500000000
40644  -8.682  -25.383  89.436 0.7500000000
41685  -9.222  -25.083  89.076 0.7500000000
41696  -9.843  -25.197  87.953 0.6250000000
41713  -10.380  -25.192  87.180 0.6250000000
39624  -7.867  -26.081  88.901 0.6250000000
40653  -8.646  -25.644  88.701 0.6250000000
115305  -9.320  -25.463  88.267 0.7500000000
40671  -9.097  -25.800  88.079 0.7500000000
43913  -11.228  -23.667  83.869 0.2500000000
54069  -18.586  -12.579  92.031 0.6250000000
54061  -18.409  -11.772  92.477 0.6250000000
52056  -18.923  -13.982  90.923 0.3750000000
43912  -10.779  -23.511  83.207 0.1250000000
53056  -19.817  -13.770  89.518 0.6250000000
52090  -19.790  -14.552  87.817 0.5000000000
109073  -19.763  -14.168  87.170 0.5000000000
55157  -29.888  -10.791  87.953 0.2500000000
55167  -30.626  -11.095  87.547 0.2500000000
54103  -29.940  -11.432  87.630 0.2500000000
51260  -30.084  -14.306  81.326 0.6250000000
44779  -7.328  -22.718  91.787 0.7500000000
41662  -8.098  -24.480  91.854 0.7500000000
42766  -8.970  -23.874  91.328 0.7500000000
102314  -9.911  -23.327  88.184 0.7500000000
104639  -10.224  -23.447  87.223 0.6250000000
111805  -10.673  -23.407  86.584 0.5000000000
45682  -4.895  -22.795  91.824 0.7500000000
44790  -5.242  -22.930  91.992 0.7500000000
106747  -5.480  -23.019  92.075 0.7500000000
44792  -6.976  -22.479  91.343 0.7500000000
113749  -7.996  -22.087  91.493 0.6250000000
43812  -8.888  -23.247  91.773 0.7500000000
43813  -9.453  -23.190  91.336 0.6250000000
118580  -9.618  -23.829  89.809 0.6250000000
43848  -9.817  -24.077  88.488 0.7500000000
42821  -10.541  -24.255  86.944 0.7500000000
44857  -11.091  -23.369  86.175 0.5000000000
45678  -2.026  -22.409  91.558 0.6250000000
45679  -2.886  -22.415  91.662 0.6250000000
106528  -4.028  -22.331  91.209 0.7500000000
45698  -4.535  -22.648  91.620 0.6250000000
45700  -6.316  -22.217  90.782 0.6250000000
103748  -9.041  -21.909  91.649 0.6250000000
44793  -9.306  -22.549  91.662 0.7500000000
43884  -11.013  -24.275  86.024 0.3750000000
45696  -1.608  -22.042  90.968 0.6250000000
45697  -2.398  -21.999  91.068 0.6250000000
46660  -3.272  -22.052  91.031 0.6250000000
45712  -4.598  -22.318  90.998 0.5000000000
45713  -5.457  -22.208  90.705 0.6250000000
45714  -6.519  -21.877  90.427 0.6250000000
45701  -7.396  -21.682  90.707 0.5000000000
103906  -7.830  -21.799  91.150 0.6250000000
45685  -8.698  -21.406  91.345 0.6250000000
43885  -11.456  -24.088  85.478 0.3750000000
46659  -1.990  -21.653  90.559 0.6250000000
46674  -3.187  -21.599  90.342 0.3750000000
109706  -4.643  -21.862  90.354 0.3750000000
46675  -5.613  -21.725  90.084 0.3750000000
46676  -6.634  -21.345  89.881 0.3750000000
43898  -11.692  -23.931  84.671 0.3750000000
46672  -1.710  -21.307  90.059 0.6250000000
46673  -2.467  -21.373  90.153 0.5000000000
102128  -3.081  -21.036  89.707 0.3750000000
107889  -3.847  -21.496  90.010 0.3750000000
43926  -11.358  -23.098  83.305 0.2500000000
52055  -18.374  -14.097  91.014 0.3750000000
43925  -10.584  -23.062  82.465 0.1250000000
44898  -11.407  -22.425  82.640 0.1250000000
50306  -19.429  -15.966  86.200 0.5000000000
54117  -31.073  -11.478  87.062 0.2500000000
54130  -31.305  -11.777  86.359 0.2500000000
44815  -10.057  -22.113  90.550 0.5000000000
111533  -9.738  -21.796  91.594 0.6250000000
43823  -9.969  -22.671  90.872 0.6250000000
104702  -9.719  -23.408  89.255 0.6250000000
122630  -10.568  -22.670  86.363 0.5000000000
46650  -9.140  -20.620  91.432 0.6250000000
121746  -7.369  -20.668  89.891 0.3750000000
116855  -8.051  -20.932  90.709 0.5000000000
118120  -8.294  -21.196  90.987 0.6250000000
43886  -12.299  -24.100  85.204 0.2500000000
47606  0.215  -20.216  88.736 0.5000000000
46687  -0.398  -20.817  89.417 0.5000000000
46689  -2.193  -20.895  89.606 0.5000000000
47609  -2.632  -20.435  88.941 0.3750000000
46704  -3.473  -20.515  88.956 0.3750000000
46691  -4.759  -21.201  89.672 0.3750000000
46692  -5.828  -21.214  89.520 0.3750000000
104659  -0.993  -21.253  89.890 0.6250000000
46690  -3.856  -20.952  89.540 0.3750000000
43914  -12.803  -23.522  84.162 0.3750000000
119786  -13.576  -22.905  83.732 0.3750000000
44885  -14.045  -23.059  84.127 0.3750000000
44871  -15.378  -22.597  84.420 0.3750000000
106535  -16.207  -21.909  85.692 0.5000000000
112656  -12.031  -23.546  84.001 0.5000000000
43927  -12.211  -22.947  83.513 0.3750000000
44900  -13.228  -22.348  83.326 0.3750000000
45784  -15.001  -22.194  83.422 0.3750000000
45785  -15.908  -21.973  83.665 0.3750000000
45777  -16.842  -21.621  84.907 0.5000000000
45786  -16.687  -21.596  83.948 0.3750000000
46761  -17.972  -19.877  85.318 0.5000000000
48531  -18.614  -18.718  87.087 0.5000000000
48549  -18.547  -18.877  86.258 0.5000000000
50270  -19.085  -16.520  89.081 0.3750000000
49430  -19.116  -17.549  87.329 0.6250000000
46923  0.949  -20.471  73.558 0.5000000000
46910  0.537  -20.091  74.329 0.5000000000
45702  -10.267  -20.631  91.280 0.6250000000
44823  -9.846  -22.488  89.729 0.5000000000
44830  -9.764  -22.410  88.131 0.6250000000
45686  -9.609  -20.970  91.564 0.6250000000
44806  -10.083  -21.723  91.222 0.6250000000
46661  -8.596  -20.383  91.039 0.5000000000
47607  -0.757  -20.254  88.751 0.5000000000
47627  -2.164  -19.649  88.221 0.3750000000
47629  -3.941  -20.030  88.181 0.3750000000
119511  -5.632  -20.014  88.081 0.3750000000
47631  -6.332  -19.964  88.447 0.3750000000
120528  -7.480  -19.830  89.582 0.3750000000
46677  -8.112  -20.116  90.469 0.5000000000
47628  -3.055  -19.832  88.206 0.3750000000
46705  -4.364  -20.584  88.925 0.3750000000
46706  -5.489  -20.610  88.829 0.3750000000
47605  1.165  -20.198  88.757 0.5000000000
46686  0.480  -20.897  89.371 0.5000000000
44884  -12.993  -22.956  83.687 0.3750000000
47604  2.099  -19.967  88.711 0.5000000000
44899  -12.408  -22.329  83.089 0.3750000000
45795  -14.401  -21.478  82.777 0.3750000000
46685  2.589  -20.071  88.689 0.5000000000
119330  1.829  -20.964  88.983 0.5000000000
44914  -11.863  -21.740  82.308 0.2500000000
45794  -13.509  -21.686  82.883 0.3750000000
45796  -15.389  -21.412  82.942 0.3750000000
108317  -12.999  -21.151  82.396 0.3750000000
47819  1.697  -19.262  74.207 0.5000000000
47820  1.097  -19.554  74.516 0.5000000000
54229  -29.706  -12.550  78.191 0.6250000000
47591  -9.757  -19.261  92.130 0.3750000000
46651  -9.756  -19.995  91.813 0.6250000000
47597  -8.485  -19.224  90.936 0.3750000000
46662  -9.198  -19.906  91.539 0.3750000000
102707  -10.003  -21.043  91.513 0.6250000000
47626  -1.202  -19.564  88.237 0.3750000000
46693  -6.663  -20.569  89.230 0.3750000000
47625  -0.218  -19.500  88.307 0.5000000000
48496  -1.624  -18.678  87.844 0.3750000000
47646  -3.586  -19.203  87.605 0.3750000000
47624  0.758  -19.440  88.424 0.5000000000
48478  1.218  -18.497  88.738 0.5000000000
47623  1.604  -19.366  88.593 0.5000000000
121497  -28.801  -9.569  76.964 0.6250000000
48470  -8.487  -18.370  91.072 0.3750000000
103842  -7.957  -18.947  90.069 0.3750000000
47632  -7.305  -18.980  89.123 0.3750000000
47648  -5.282  -19.554  87.715 0.3750000000
104079  -6.714  -19.108  88.406 0.3750000000
49402  -0.276  -17.772  88.398 0.5000000000
57198  -29.354  -9.439  77.424 0.7500000000
56251  -29.966  -9.758  78.276 0.5000000000
122080  -28.316  -9.702  76.440 0.5000000000
49386  0.951  -17.471  89.401 0.5000000000
57211  -29.700  -8.593  77.118 0.7500000000
57223  -28.593  -8.758  75.983 0.6250000000
57210  -29.107  -8.857  76.652 0.6250000000
58315  -28.284  -8.502  75.339 0.6250000000
58274  -29.645  -8.180  76.649 0.7500000000
104346  -28.354  -7.962  74.898 0.6250000000
59180  -27.738  -7.234  73.830 0.3750000000
59997  -27.562  -6.339  73.593 0.5000000000
60011  -27.037  -6.904  73.189 0.2500000000
60776  -27.999  -5.795  74.035 0.5000000000
59181  -28.190  -6.609  74.164 0.6250000000
60775  -27.213  -5.281  73.412 0.3750000000
60784  -26.371  -5.309  72.644 0.2500000000
61543  -26.283  -4.225  72.239 0.1250000000
60769  -28.416  -5.371  74.525 0.6250000000
61527  -28.706  -4.999  74.996 0.7500000000
61535  -27.784  -4.802  74.041 0.5000000000
61525  -27.743  -3.774  74.096 0.5000000000
63142  -28.450  -2.543  74.266 0.7500000000
61534  -27.198  -4.133  73.502 0.3750000000
62300  -27.517  -3.199  73.415 0.5000000000
63158  -28.218  -2.419  73.382 0.6250000000
61544  -26.708  -4.461  72.948 0.3750000000
62312  -26.935  -3.504  72.613 0.2500000000
63178  -27.647  -2.685  72.561 0.3750000000
63196  -28.088  -2.509  71.626 0.6250000000
113978  -25.873  -4.036  71.425 0.2500000000
63195  -27.232  -2.857  71.720 0.2500000000
63212  -27.650  -2.745  70.912 0.2500000000
63197  -29.087  -2.394  71.463 0.5000000000
116708  -39.300  -1.854  73.224 0.2500000000
109480  -29.482  -2.656  76.248 0.5000000000
63129  -28.708  -2.703  74.887 0.7500000000
63143  -29.015  -2.142  74.593 0.7500000000
63159  -28.929  -1.967  73.828 0.7500000000
63179  -28.584  -2.254  72.361 0.7500000000
122298  -29.584  -1.734  73.511 0.7500000000
63213  -28.560  -2.674  70.829 0.2500000000
62329  -28.992  -3.182  70.171 0.2500000000
63202  -34.391  -2.517  71.366 0.5000000000
119895  -34.234  -2.527  70.695 0.6250000000
107955  -31.789  -3.226  69.801 0.6250000000
62367  -32.031  -3.420  68.842 0.5000000000
62353  -33.084  -2.793  69.777 0.6250000000
63231  -33.715  -2.615  70.247 0.6250000000
63220  -34.999  -2.464  70.747 0.6250000000
63120  -29.905  -2.143  76.739 0.5000000000
63119  -29.712  -2.040  76.030 0.6250000000
64020  -29.535  -1.740  74.205 0.7500000000
63989  -30.632  -1.499  75.231 0.7500000000
103764  -31.302  -1.376  75.692 0.6250000000
64005  -30.949  -1.527  74.446 0.7500000000
63180  -29.619  -2.126  72.157 0.6250000000
63160  -31.067  -1.954  72.941 0.7500000000
63181  -30.697  -2.345  72.101 0.7500000000
63215  -30.252  -3.080  70.718 0.5000000000
63198  -30.153  -2.661  71.371 0.5000000000
63184  -33.365  -2.555  72.678 0.5000000000
63185  -34.204  -2.538  72.810 0.6250000000
62330  -29.871  -3.309  70.196 0.3750000000
62321  -30.915  -3.013  70.989 0.5000000000
63216  -31.720  -2.907  70.962 0.5000000000
63217  -32.398  -2.813  70.852 0.5000000000
118475  -33.006  -2.601  72.004 0.6250000000
62350  -30.250  -3.544  69.658 0.3750000000
62331  -30.624  -3.280  70.295 0.3750000000
112235  -31.014  -3.419  69.783 0.3750000000
119528  -31.937  -3.014  70.446 0.5000000000
63201  -33.018  -2.662  71.330 0.5000000000
63218  -33.033  -2.719  70.582 0.7500000000
61569  -30.658  -3.668  69.127 0.3750000000
61613  -38.277  -5.278  67.068 0.5000000000
114347  -31.816  -1.658  74.448 0.6250000000
64023  -32.368  -2.086  73.868 0.7500000000
121025  -30.805  -2.704  71.503 0.5000000000
63161  -32.012  -2.257  73.117 0.7500000000
63200  -32.269  -2.693  71.635 0.5000000000
117975  -39.063  -4.312  67.671 0.6250000000
116467  -36.537  -3.947  65.710 0.6250000000
110541  -37.798  -4.728  66.556 0.5000000000
63254  -37.006  -3.128  66.162 0.7500000000
62382  -37.641  -3.603  66.548 0.5000000000
63262  -35.787  -3.152  65.215 0.6250000000
108584  -42.606  4.514  63.525 0.5000000000
69169  -43.603  4.477  63.603 0.6250000000
69161  -47.216  4.968  63.627 0.3750000000
70028  -47.118  5.209  64.185 0.2500000000
69170  -44.932  4.403  63.573 0.6250000000
69182  -45.783  4.419  62.720 0.5000000000
70038  -46.984  4.958  62.983 0.3750000000
70879  -44.946  5.869  63.599 0.3750000000
71785  -42.933  7.101  63.818 0.1250000000
71784  -42.335  7.461  63.355 0.1250000000
70044  -46.737  4.981  62.663 0.6250000000
70036  -45.850  5.495  62.692 0.3750000000
63250  -38.215  -3.046  66.931 0.6250000000
63253  -36.653  -2.333  65.949 0.6250000000
64077  -35.227  -1.620  64.840 0.3750000000
64078  -35.799  -1.208  65.244 0.3750000000
118697  -40.054  3.296  65.237 0.5000000000
69155  -40.821  4.228  64.242 0.3750000000
69168  -41.791  4.507  63.850 0.5000000000
69157  -42.817  4.487  64.485 0.6250000000
69158  -44.218  4.494  64.487 0.6250000000
110850  -47.120  5.222  64.868 0.2500000000
121489  -45.602  6.184  65.151 0.1250000000
69171  -46.228  4.495  63.672 0.6250000000
69160  -47.017  4.788  64.073 0.5000000000
70868  -44.626  6.359  64.515 0.1250000000
64070  -37.054  -1.435  66.179 0.7500000000
36195  1.440  -30.706  86.867 0.2500000000
55126  -20.338  -11.895  91.212 0.6250000000
55110  -18.841  -11.100  92.799 0.6250000000
103954  -19.956  -13.213  90.265 0.6250000000
58990  -23.185  -8.259  91.499 0.6250000000
51203  -19.569  -15.468  86.562 0.5000000000
51197  -19.598  -15.737  87.402 0.5000000000
56108  -23.374  -10.025  91.444 0.6250000000
58017  -25.102  -8.488  90.973 0.2500000000
45925  0.652  -21.166  73.135 0.5000000000
42750  -3.593  -24.139  93.401 0.8750000000
44771  -3.892  -23.444  92.918 0.7500000000
44776  -3.648  -23.234  92.698 0.7500000000
42751  -4.318  -24.119  93.131 0.8750000000
123263  -5.254  -25.831  86.998 0.6250000000
40612  -5.697  -25.787  92.032 0.8750000000
40710  -6.261  -25.759  86.587 0.5000000000
48520  -18.866  -18.159  87.410 0.6250000000
52076  -19.178  -15.038  89.926 0.5000000000
50312  -18.992  -16.516  85.232 0.5000000000
54087  -27.786  -11.445  88.814 0.3750000000
106665  -27.696  -12.554  87.297 0.6250000000
47675  -18.278  -19.231  85.479 0.5000000000
46760  -17.667  -20.355  84.723 0.5000000000
114185  -16.971  -20.834  83.560 0.5000000000
51259  -29.694  -14.558  81.548 0.6250000000
40691  -8.172  -26.222  87.135 0.5000000000
45793  -12.703  -21.703  82.742 0.3750000000
118231  -28.772  -8.245  75.684 0.6250000000
59981  -28.638  -6.154  74.523 0.6250000000
61612  -37.820  -5.595  66.560 0.5000000000
51177  -19.006  -15.827  89.552 0.5000000000
48505  -19.002  -17.827  88.028 0.6250000000
51166  -18.703  -15.270  90.069 0.3750000000
62293  -28.310  -3.392  74.671 0.7500000000
63130  -29.226  -2.395  75.430 0.6250000000
38731  -2.858  -28.815  81.925 0.1250000000
38738  -4.491  -28.287  80.435 0.1250000000
39723  -5.775  -27.332  79.020 0.1250000000
37836  -0.675  -28.532  88.630 0.3750000000
38693  -2.027  -27.607  87.559 0.2500000000
55131  -26.759  -10.641  89.821 0.2500000000
59002  -22.649  -7.956  90.874 0.3750000000
59003  -23.632  -7.961  90.729 0.3750000000
59015  -23.880  -7.872  89.850 0.5000000000
58991  -23.920  -8.325  91.336 0.2500000000
111958  -24.735  -7.963  90.152 0.5000000000
59025  -25.303  -7.913  89.487 0.5000000000
58047  -27.757  -8.636  89.345 0.1250000000
56132  -28.279  -10.099  89.368 0.2500000000
55154  -24.188  -11.150  88.795 0.5000000000
118510  -20.886  -10.998  89.763 0.6250000000
55127  -20.984  -11.012  91.257 0.6250000000
113080  -22.069  -10.650  90.122 0.5000000000
58043  -24.020  -8.042  88.238 0.3750000000
58044  -24.944  -7.909  88.520 0.5000000000
43794  -6.109  -23.548  92.350 0.8750000000
42752  -4.931  -24.014  92.772 0.8750000000
113982  -7.534  -24.766  92.049 0.7500000000
41672  -8.412  -25.232  90.408 0.7500000000
39611  -7.808  -25.890  89.506 0.6250000000
40692  -8.829  -26.127  86.813 0.6250000000
54083  -20.226  -12.246  90.354 0.6250000000
53063  -19.870  -13.432  88.793 0.5000000000
43802  -5.460  -23.397  92.413 0.7500000000
44777  -4.721  -23.009  92.284 0.7500000000
42760  -7.765  -23.870  92.147 0.7500000000
116799  -8.443  -24.518  91.375 0.7500000000
116792  -9.780  -23.134  90.969 0.6250000000
42781  -9.396  -24.253  90.059 0.6250000000
45670  -3.298  -22.850  92.274 0.7500000000
44791  -5.938  -22.826  91.689 0.6250000000
40638  -8.703  -25.168  90.172 0.7500000000
42791  -9.423  -24.544  89.391 0.7500000000
117147  -9.412  -25.191  88.503 0.6250000000
42802  -9.686  -24.730  88.524 0.7500000000
43859  -10.108  -24.101  87.760 0.7500000000
45680  -3.815  -22.604  91.769 0.7500000000
40654  -8.924  -25.395  88.870 0.6250000000
117911  -8.259  -23.337  91.948 0.7500000000
45699  -5.239  -22.601  91.357 0.6250000000
109913  -5.651  -22.674  91.454 0.6250000000
45684  -7.235  -22.051  90.963 0.6250000000
43811  -8.372  -22.683  91.789 0.6250000000
44794  -9.801  -22.499  91.308 0.6250000000
104696  -9.816  -23.002  90.208 0.6250000000
43833  -9.704  -23.447  90.476 0.6250000000
44858  -11.632  -23.395  85.904 0.5000000000
45711  -3.894  -21.975  90.628 0.3750000000
116238  -2.653  -21.710  90.609 0.6250000000
108175  -7.464  -21.191  90.335 0.3750000000
114367  -9.751  -22.747  88.916 0.5000000000
46688  -1.314  -20.828  89.488 0.5000000000
47608  -1.725  -20.324  88.835 0.5000000000
43899  -12.507  -23.875  84.604 0.3750000000
43915  -13.423  -23.388  84.216 0.3750000000
44886  -14.694  -22.799  83.960 0.3750000000
44870  -14.560  -23.011  84.731 0.3750000000
45776  -16.206  -22.156  84.642 0.3750000000
44901  -14.082  -22.418  83.427 0.3750000000
46749  -17.631  -20.527  85.743 0.5000000000
45787  -17.240  -21.036  84.302 0.3750000000
46737  -18.202  -19.759  86.045 0.5000000000
46663  -10.607  -19.742  91.418 0.6250000000
46678  -10.555  -20.257  90.910 0.6250000000
45715  -10.302  -21.182  90.762 0.6250000000
46652  -10.148  -20.077  91.659 0.6250000000
120294  -8.722  -19.708  91.192 0.5000000000
47630  -4.855  -20.149  88.124 0.3750000000
47590  -9.077  -19.046  91.666 0.3750000000
48495  -0.679  -18.642  88.062 0.5000000000
48494  0.237  -18.641  88.342 0.5000000000
49401  0.460  -17.901  88.704 0.5000000000
56257  -28.667  -10.368  77.157 0.5000000000
62311  -26.538  -3.430  71.653 0.2500000000
62319  -26.367  -3.476  70.806 0.2500000000
63214  -29.511  -2.858  70.759 0.3750000000
64003  -29.494  -1.854  74.875 0.7500000000
64021  -30.387  -1.628  73.737 0.7500000000
64035  -30.065  -1.795  72.870 0.7500000000
110699  -33.760  -2.581  71.917 0.6250000000
63232  -34.507  -2.556  69.999 0.7500000000
62333  -32.433  -2.928  70.182 0.5000000000
63973  -30.407  -1.641  76.164 0.6250000000
64004  -30.104  -1.591  74.653 0.7500000000
64022  -31.452  -1.808  73.735 0.7500000000
63199  -31.365  -2.707  71.581 0.6250000000
63183  -32.548  -2.510  72.514 0.6250000000
63249  -37.465  -2.467  66.470 0.7500000000
107445  -35.878  -2.242  65.365 0.6250000000
69180  -43.110  4.300  62.808 0.6250000000
69183  -46.561  4.799  62.619 0.6250000000
70869  -46.008  5.783  64.396 0.3750000000
70870  -46.730  5.563  65.271 0.1250000000
70043  -46.672  5.047  62.584 0.3750000000
70878  -43.696  6.479  63.704 0.1250000000
69184  -46.280  4.990  62.102 0.3750000000
70019  -47.010  5.123  65.706 0.1250000000
106727  -16.837  -15.891  88.387 0.2500000000
49447  -15.591  -17.764  86.686 0.2500000000
50290  -16.119  -17.291  86.961 0.2500000000
49467  -15.288  -17.611  85.689 0.2500000000
50303  -16.009  -16.943  86.014 0.2500000000
53050  -17.555  -14.055  90.624 0.2500000000
54077  -17.515  -13.155  91.076 0.3750000000
51189  -17.130  -15.330  89.000 0.2500000000
106697  -17.306  -14.240  90.077 0.2500000000
120200  -17.813  -12.984  91.566 0.3750000000
116436  -13.164  -19.771  85.682 0.3750000000
48548  -14.353  -18.688  86.065 0.2500000000
50291  -16.454  -17.100  87.610 0.1250000000
51196  -16.694  -15.614  87.704 0.2500000000
52083  -17.040  -14.474  88.791 0.2500000000
53051  -17.868  -13.755  91.173 0.3750000000
53043  -18.196  -13.237  91.597 0.3750000000
49466  -14.722  -18.119  85.552 0.2500000000
50298  -16.382  -16.594  86.900 0.2500000000
106783  -16.766  -14.931  87.121 0.1250000000
52096  -16.712  -14.090  86.923 0.1250000000
50304  -16.401  -15.991  86.095 0.2500000000
114813  -16.637  -14.432  86.095 0.2500000000
53086  -16.547  -13.500  86.380 0.2500000000
116407  -15.185  -16.918  83.901 0.2500000000
50311  -15.755  -16.221  84.177 0.2500000000
51207  -16.456  -15.196  85.383 0.2500000000
117834  -16.470  -14.376  85.227 0.2500000000
51210  -15.774  -15.510  83.673 0.2500000000
52133  -15.694  -14.729  83.395 0.2500000000
53117  -15.614  -13.799  83.332 0.2500000000
104906  -20.791  -10.893  88.162 0.2500000000
53055  -17.122  -13.908  89.446 0.2500000000
54076  -17.114  -12.280  90.661 0.2500000000
54067  -17.497  -12.151  91.603 0.2500000000
54068  -18.006  -12.440  92.034 0.5000000000
47688  -12.950  -19.326  84.841 0.2500000000
116003  -13.672  -19.135  85.617 0.2500000000
105403  -16.988  -13.046  89.294 0.2500000000
55135  -16.708  -11.356  90.015 0.2500000000
48568  -13.465  -18.637  84.464 0.2500000000
48569  -14.226  -18.423  84.980 0.2500000000
54109  -16.468  -12.344  87.742 0.3750000000
49482  -14.051  -18.000  84.038 0.2500000000
119062  -14.846  -17.665  84.612 0.2500000000
53096  -16.443  -13.688  85.502 0.2500000000
54124  -15.894  -11.949  86.251 0.2500000000
119169  -14.526  -17.386  83.761 0.2500000000
50322  -15.306  -16.177  83.350 0.2500000000
118198  -16.086  -14.235  83.964 0.2500000000
54146  -15.626  -12.464  84.376 0.2500000000
54135  -15.767  -12.199  85.315 0.2500000000
50321  -14.514  -16.685  83.212 0.2500000000
51221  -14.853  -15.991  82.840 0.2500000000
51238  -15.264  -15.418  82.991 0.2500000000
54159  -15.405  -12.798  83.484 0.2500000000
55196  -14.046  -10.914  84.474 0.2500000000
55152  -21.824  -10.631  88.558 0.2500000000
56138  -21.533  -10.710  89.540 0.2500000000
50330  -14.168  -16.018  82.737 0.2500000000
52149  -14.120  -14.625  82.363 0.2500000000
53126  -14.258  -13.774  82.326 0.2500000000
54158  -14.534  -12.260  83.063 0.2500000000
55165  -22.764  -10.789  87.689 0.2500000000
121269  -13.623  -14.094  82.054 0.2500000000
54172  -14.053  -12.775  82.394 0.2500000000
54171  -13.090  -12.238  82.123 0.2500000000
52168  -13.455  -13.324  81.942 0.2500000000
53143  -12.600  -12.831  81.593 0.1250000000
55125  -16.924  -11.263  91.015 0.2500000000
55118  -17.800  -11.585  92.304 0.5000000000
46758  -10.884  -20.289  85.009 0.2500000000
54094  -16.690  -12.314  88.730 0.3750000000
55150  -16.471  -11.417  89.076 0.3750000000
55109  -18.217  -11.018  92.735 0.5000000000
47686  -11.309  -19.445  84.611 0.2500000000
47687  -12.144  -19.372  84.602 0.2500000000
120827  -16.135  -11.592  87.702 0.3750000000
48567  -11.812  -18.694  84.215 0.2500000000
48586  -13.170  -18.053  83.723 0.2500000000
55177  -15.411  -11.037  86.739 0.2500000000
48585  -12.335  -18.018  83.773 0.2500000000
49494  -13.768  -17.373  83.439 0.2500000000
55186  -14.292  -10.617  85.373 0.2500000000
123480  -12.943  -16.653  83.171 0.2500000000
50320  -13.509  -16.591  83.044 0.2500000000
54145  -14.857  -11.851  83.913 0.2500000000
51220  -12.850  -16.072  83.016 0.2500000000
51237  -13.758  -15.340  82.500 0.2500000000
52148  -13.299  -14.673  82.199 0.2500000000
54157  -13.496  -11.707  82.797 0.2500000000
55206  -13.746  -11.276  83.638 0.1250000000
55195  -13.147  -10.387  84.154 0.2500000000
55216  -12.691  -11.179  82.613 0.1250000000
55205  -12.963  -10.727  83.357 0.1250000000
52167  -12.813  -13.902  81.720 0.1250000000
54170  -12.377  -11.642  81.873 0.1250000000
44985  0.362  -21.908  72.713 0.1250000000
117500  -9.783  -22.105  87.145 0.5000000000
45767  -9.974  -21.276  85.792 0.5000000000
56115  -16.857  -10.217  91.225 0.3750000000
56105  -17.406  -10.276  92.170 0.3750000000
46745  -10.060  -20.328  85.310 0.3750000000
56137  -16.301  -10.573  89.332 0.3750000000
47685  -10.519  -19.510  84.843 0.2500000000
55161  -15.687  -10.919  87.659 0.3750000000
55149  -15.969  -10.675  88.467 0.3750000000
48566  -11.026  -18.743  84.465 0.2500000000
55176  -14.565  -10.389  86.308 0.2500000000
48584  -11.622  -18.022  84.075 0.2500000000
49492  -12.144  -17.307  83.665 0.2500000000
55204  -12.721  -10.465  83.041 0.1250000000
55180  -23.578  -11.372  86.973 0.2500000000
51236  -12.906  -15.344  82.581 0.2500000000
52147  -12.465  -14.663  82.058 0.2500000000
55215  -12.489  -10.853  82.373 0.1250000000
52166  -11.913  -14.111  81.561 0.1250000000
53142  -11.992  -13.300  81.341 0.1250000000
54187  -11.885  -12.215  81.268 0.1250000000
55225  -12.092  -11.211  81.457 0.1250000000
45941  1.011  -21.476  72.411 0.1250000000
44998  0.737  -22.323  72.035 0.1250000000
44997  1.181  -21.802  71.774 0.1250000000
107562  -16.573  -9.010  90.531 0.3750000000
57997  -17.550  -9.028  91.987 0.5000000000
56094  -17.993  -10.334  92.755 0.6250000000
45766  -9.615  -20.586  85.870 0.3750000000
56128  -16.274  -9.894  89.561 0.3750000000
112506  -16.507  -9.788  90.364 0.3750000000
46757  -9.900  -19.478  85.172 0.2500000000
56136  -15.890  -10.025  88.664 0.3750000000
48565  -10.244  -18.744  84.890 0.2500000000
56152  -14.980  -10.259  87.124 0.2500000000
110636  -11.585  -17.211  84.177 0.2500000000
56162  -13.807  -9.919  85.736 0.2500000000
55137  -23.555  -10.776  89.532 0.3750000000
56161  -13.441  -9.803  85.044 0.2500000000
55153  -23.175  -10.785  88.697 0.2500000000
51219  -11.848  -15.434  83.381 0.1250000000
113143  -12.255  -15.874  83.482 0.2500000000
56184  -12.746  -10.129  83.133 0.1250000000
57102  -13.071  -9.842  84.352 0.1250000000
51218  -11.226  -15.114  82.893 0.1250000000
51235  -12.073  -15.164  82.673 0.1250000000
52165  -10.992  -14.234  81.537 0.1250000000
114980  -11.376  -13.628  81.238 0.1250000000
54186  -11.300  -12.826  80.858 0.1250000000
53141  -10.623  -13.590  80.975 0.1250000000
53157  -10.630  -12.916  80.544 0.1250000000
55224  -11.510  -11.806  80.758 0.1250000000
56199  -12.353  -10.759  81.039 0.1250000000
54203  -10.894  -12.239  80.373 0.1250000000
55233  -11.784  -11.125  80.615 0.1250000000
54202  -10.218  -12.570  80.145 0.1250000000
55231  -10.520  -11.905  79.803 0.1250000000
55232  -11.227  -11.488  80.057 0.1250000000
55244  -10.823  -11.347  79.372 0.1250000000
120223  -11.335  -11.066  79.484 0.1250000000
46909  1.110  -19.966  74.059 0.3750000000
47830  1.677  -19.471  73.657 0.2500000000
46922  1.390  -19.997  73.282 0.2500000000
46935  1.482  -20.101  72.613 0.1250000000
45924  1.193  -20.699  72.839 0.1250000000
58015  -17.665  -8.451  91.417 0.3750000000
57999  -18.870  -8.346  92.311 0.5000000000
57985  -18.668  -8.973  92.683 0.6250000000
57986  -19.671  -8.943  93.023 0.6250000000
45732  -9.764  -21.990  89.018 0.3750000000
58014  -16.955  -8.949  91.248 0.3750000000
57998  -18.117  -9.188  92.500 0.6250000000
46731  -9.467  -20.228  86.385 0.3750000000
58025  -16.516  -8.841  89.791 0.3750000000
121069  -10.094  -18.384  85.503 0.2500000000
48547  -9.681  -19.009  85.562 0.2500000000
58038  -16.290  -8.833  88.912 0.3750000000
49444  -10.524  -17.665  85.827 0.2500000000
49464  -10.533  -18.014  85.104 0.2500000000
57052  -15.489  -9.619  87.999 0.3750000000
50310  -11.691  -16.181  84.667 0.2500000000
58075  -14.448  -9.107  86.274 0.2500000000
55138  -24.348  -10.998  89.514 0.3750000000
52132  -11.185  -15.226  83.825 0.1250000000
51209  -11.677  -15.659  84.165 0.1250000000
50318  -11.999  -16.433  83.845 0.2500000000
57074  -13.991  -9.356  85.498 0.2500000000
54111  -24.508  -11.837  87.180 0.2500000000
112327  -26.727  -13.074  86.294 0.5000000000
57087  -13.563  -9.597  84.793 0.1250000000
52098  -27.237  -13.529  85.739 0.6250000000
52131  -10.322  -14.982  83.242 0.1250000000
57138  -13.120  -9.921  82.764 0.1250000000
57103  -13.741  -9.506  84.022 0.1250000000
51224  -26.791  -14.950  83.191 0.5000000000
52137  -27.300  -14.737  83.868 0.5000000000
52108  -27.627  -13.844  85.103 0.6250000000
52124  -28.415  -13.943  84.331 0.6250000000
52145  -9.500  -14.695  82.726 0.1250000000
53140  -10.110  -14.210  81.415 0.1250000000
109554  -12.801  -10.232  82.595 0.1250000000
51243  -27.324  -14.951  82.588 0.5000000000
51214  -28.553  -14.200  83.900 0.6250000000
120797  -9.881  -13.750  80.938 0.1250000000
106826  -12.587  -10.549  82.013 0.1250000000
51225  -27.647  -14.817  83.449 0.6250000000
51226  -28.232  -14.523  83.586 0.6250000000
53156  -10.019  -13.241  80.519 0.1250000000
50333  -28.330  -14.644  82.171 0.6250000000
55245  -11.733  -10.942  79.861 0.1250000000
50354  -28.452  -15.388  80.605 0.6250000000
56212  -11.834  -10.815  79.108 0.1250000000
104067  -28.788  -15.698  79.655 0.6250000000
47838  1.902  -19.024  73.167 0.1250000000
58986  -19.367  -7.920  91.951 0.5000000000
111132  -10.313  -20.250  89.525 0.3750000000
46720  -9.846  -20.473  88.471 0.3750000000
58987  -20.175  -8.004  92.167 0.5000000000
47649  -9.828  -19.740  87.859 0.3750000000
114322  -9.568  -19.786  86.983 0.3750000000
58026  -16.989  -8.587  90.608 0.3750000000
49428  -11.015  -16.857  87.848 0.3750000000
48528  -9.918  -18.414  86.356 0.3750000000
59019  -16.744  -8.504  89.237 0.3750000000
116326  -11.187  -16.518  87.060 0.3750000000
49445  -11.203  -16.679  86.200 0.2500000000
58058  -16.131  -8.694  88.007 0.3750000000
55139  -25.020  -11.178  89.495 0.5000000000
54084  -25.530  -11.558  88.759 0.5000000000
50302  -11.569  -16.013  85.675 0.2500000000
105200  -15.717  -8.779  87.143 0.3750000000
55155  -24.895  -11.406  88.793 0.5000000000
54097  -25.357  -11.803  88.046 0.5000000000
54113  -25.746  -12.269  87.413 0.3750000000
53077  -26.675  -12.647  87.054 0.5000000000
52116  -11.164  -15.162  84.779 0.1250000000
51205  -11.444  -15.514  85.215 0.2500000000
58095  -14.832  -8.802  85.790 0.1250000000
57075  -14.722  -9.002  85.213 0.1250000000
57088  -14.281  -9.274  84.734 0.1250000000
52163  -8.861  -14.379  82.380 0.1250000000
53139  -9.366  -13.951  81.270 0.1250000000
117196  -28.697  -14.294  83.612 0.5000000000
50343  -28.799  -14.888  81.346 0.6250000000
51245  -28.953  -14.577  82.390 0.6250000000
118786  -12.250  -10.731  79.473 0.1250000000
105723  -13.076  -10.553  80.276 0.1250000000
56213  -12.896  -10.633  79.431 0.1250000000
49528  -28.970  -16.051  78.906 0.1250000000
55255  -10.473  -11.014  78.756 0.1250000000
55256  -11.209  -10.879  78.868 0.1250000000
113386  -12.510  -10.677  78.780 0.1250000000
56228  -11.881  -10.618  78.240 0.1250000000
49529  -29.584  -15.917  78.677 0.1250000000
102439  -19.122  -7.666  91.018 0.3750000000
46707  -10.005  -21.117  89.217 0.3750000000
45724  -10.104  -21.615  89.972 0.3750000000
59012  -19.254  -7.662  89.924 0.3750000000
58999  -18.306  -7.944  91.179 0.3750000000
116327  -10.575  -19.545  89.753 0.3750000000
59011  -18.436  -7.728  90.261 0.3750000000
107071  -17.830  -7.894  89.595 0.3750000000
116322  -10.660  -17.580  87.938 0.3750000000
106116  -10.229  -18.955  88.241 0.3750000000
111321  -18.049  -7.947  88.691 0.2500000000
59029  -17.471  -8.157  88.205 0.3750000000
50289  -11.487  -15.996  87.682 0.3750000000
58059  -17.638  -8.217  87.303 0.2500000000
102786  -16.638  -8.393  87.168 0.3750000000
55140  -25.756  -11.253  89.437 0.6250000000
50297  -11.509  -15.918  86.644 0.2500000000
54098  -25.924  -11.993  88.100 0.6250000000
53064  -26.288  -12.394  87.566 0.5000000000
52105  -11.188  -14.945  85.747 0.1250000000
54085  -26.290  -11.697  88.702 0.6250000000
112148  -26.429  -12.165  88.096 0.6250000000
119850  -9.721  -14.671  84.918 0.1250000000
52104  -10.534  -14.774  85.288 0.1250000000
109050  -27.550  -12.934  86.526 0.6250000000
52129  -8.591  -14.363  84.073 0.1250000000
52114  -9.355  -14.652  84.374 0.1250000000
52099  -27.977  -13.384  85.753 0.5000000000
51227  -29.161  -14.317  83.276 0.5000000000
50344  -29.392  -14.865  80.866 0.5000000000
102966  -13.879  -10.526  79.406 0.1250000000
50355  -29.125  -15.314  80.296 0.6250000000
106724  -29.830  -14.713  80.535 0.5000000000
56229  -12.737  -10.548  77.939 0.1250000000
50365  -29.408  -15.546  79.405 0.5000000000
51272  -30.028  -15.011  79.424 0.6250000000
50379  -30.061  -15.887  78.282 0.1250000000
50367  -30.115  -15.469  78.549 0.2500000000
50397  -30.329  -16.167  77.674 0.1250000000
105642  -19.863  -7.699  91.412 0.3750000000
59000  -20.690  -7.763  91.239 0.6250000000
47611  -10.973  -19.016  90.391 0.3750000000
47610  -10.624  -19.868  90.391 0.3750000000
102684  -19.491  -7.853  89.079 0.2500000000
105119  -11.362  -17.105  89.782 0.2500000000
48481  -11.035  -18.054  89.811 0.3750000000
48480  -10.608  -18.899  89.325 0.3750000000
59031  -18.926  -7.992  88.253 0.2500000000
51188  -11.461  -15.618  88.783 0.2500000000
50279  -11.331  -16.500  88.776 0.2500000000
119179  -10.979  -14.455  87.940 0.2500000000
55129  -25.230  -10.861  90.082 0.6250000000
55141  -26.523  -11.217  89.395 0.3750000000
51273  -30.153  -14.402  80.349 0.6250000000
51284  -30.371  -15.108  78.529 0.5000000000
50380  -30.429  -15.701  77.948 0.2500000000
50398  -30.805  -15.892  77.269 0.1250000000
113138  -11.531  -17.811  91.813 0.3750000000
48471  -11.330  -18.292  90.824 0.3750000000
47598  -10.957  -19.481  91.031 0.5000000000
121978  -19.782  -7.719  89.639 0.2500000000
59013  -20.029  -7.640  90.375 0.3750000000
59001  -21.694  -7.879  91.077 0.2500000000
49390  -11.406  -17.613  90.545 0.2500000000
59014  -21.131  -7.825  90.079 0.2500000000
110993  -30.398  -14.075  79.631 0.5000000000
111240  -30.265  -14.528  79.492 0.5000000000
53195  -30.402  -13.889  77.489 0.3750000000
52215  -30.639  -14.881  78.097 0.3750000000
52197  -30.390  -14.538  78.928 0.6250000000
53196  -30.919  -14.444  76.919 0.2500000000
52225  -30.999  -14.967  77.275 0.3750000000
51316  -31.137  -15.410  76.913 0.2500000000
47588  -10.250  -19.323  92.077 0.5000000000
47593  -11.072  -19.020  91.652 0.5000000000
108708  -11.240  -18.863  91.112 0.5000000000
59022  -20.333  -7.915  89.255 0.2500000000
59023  -21.162  -8.092  89.091 0.2500000000
58039  -19.928  -8.131  88.272 0.2500000000
54244  -29.328  -12.284  77.291 0.3750000000
116241  -30.031  -13.289  78.135 0.3750000000
53184  -30.300  -13.780  78.599 0.3750000000
54237  -30.014  -13.144  77.305 0.3750000000
103219  -29.192  -12.362  76.322 0.3750000000
54245  -29.909  -13.023  76.359 0.3750000000
53206  -30.636  -13.793  76.453 0.3750000000
53218  -30.431  -13.579  75.598 0.2500000000
58027  -21.903  -8.015  89.344 0.1250000000
58045  -25.893  -7.927  88.854 0.2500000000
112035  -1.296  -15.291  84.117 0.2500000000
54252  -28.601  -11.965  75.804 0.3750000000
55268  -28.698  -11.565  76.803 0.3750000000
58042  -22.555  -8.132  88.560 0.1250000000
58041  -21.646  -8.238  88.461 0.2500000000
58064  -22.697  -8.309  87.624 0.1250000000
104074  -23.245  -8.149  88.115 0.1250000000
58040  -20.817  -8.254  88.345 0.2500000000
111560  -22.061  -8.348  87.854 0.2500000000
51200  -0.676  -15.102  86.316 0.3750000000
51204  -1.214  -15.259  85.200 0.2500000000
52112  -1.410  -14.167  84.718 0.2500000000
56262  -27.815  -10.279  75.847 0.3750000000
55267  -28.147  -10.862  76.331 0.3750000000
58065  -23.519  -8.257  87.356 0.2500000000
58066  -24.607  -8.130  87.522 0.2500000000
57222  -27.925  -9.420  75.669 0.3750000000
56261  -27.411  -10.218  75.060 0.3750000000
119034  -27.682  -9.136  75.101 0.5000000000
58314  -27.777  -8.491  74.626 0.3750000000
54198  -2.318  -12.438  80.804 0.1250000000
54213  -3.036  -12.429  80.267 0.1250000000
63948  -30.709  -1.809  78.094 0.5000000000
63961  -30.544  -1.715  77.183 0.5000000000
63939  -30.829  -1.864  78.936 0.5000000000
63940  -31.252  -1.347  79.459 0.5000000000
63949  -31.175  -1.303  78.615 0.5000000000
64866  -31.938  -0.865  77.345 0.5000000000
62368  -33.141  -3.095  68.760 0.5000000000
109371  -33.920  -2.720  69.359 0.5000000000
62369  -34.293  -3.254  68.570 0.5000000000
61590  -35.871  -4.586  68.137 0.5000000000
61589  -34.805  -4.147  67.980 0.3750000000
61591  -36.953  -5.060  68.321 0.6250000000
61592  -37.957  -5.276  68.437 0.6250000000
60816  -38.274  -5.592  67.933 0.5000000000
62393  -36.132  -3.911  65.382 0.5000000000
64852  -31.748  -0.787  78.243 0.5000000000
64822  -31.666  -0.793  80.088 0.3750000000
110859  -31.340  -1.265  76.671 0.5000000000
62355  -35.869  -3.159  69.206 0.5000000000
62371  -36.402  -4.015  68.696 0.6250000000
62377  -38.952  -3.448  67.453 0.5000000000
63244  -38.797  -2.449  67.231 0.3750000000
64067  -39.565  -1.054  67.244 0.2500000000
64065  -37.799  -1.675  66.603 0.6250000000
64937  -38.942  -0.452  66.703 0.5000000000
64936  -37.908  -0.895  66.480 0.3750000000
65787  -38.020  -0.020  66.298 0.3750000000
64943  -37.192  -0.417  65.999 0.3750000000
63974  -32.181  -1.229  75.924 0.5000000000
118486  -32.268  -1.022  76.617 0.5000000000
63162  -32.889  -2.415  73.291 0.6250000000
62354  -34.890  -2.825  69.181 0.5000000000
64938  -39.929  -0.316  67.000 0.2500000000
65796  -38.178  0.729  66.065 0.2500000000
66618  -38.948  0.780  66.254 0.3750000000
65795  -37.353  0.468  65.775 0.5000000000
64007  -33.579  -2.033  74.790 0.5000000000
63144  -33.240  -2.266  74.041 0.3750000000
63163  -33.737  -2.481  73.458 0.3750000000
64930  -40.169  -0.711  67.611 0.2500000000
64925  -40.308  -0.314  68.050 0.2500000000
64939  -40.226  0.182  66.956 0.2500000000
65777  -40.422  0.259  68.027 0.2500000000
66608  -39.703  0.727  68.401 0.2500000000
65789  -39.591  0.312  66.621 0.2500000000
65790  -40.277  0.686  66.802 0.1250000000
66612  -40.343  1.347  68.063 0.2500000000
122328  -39.925  1.884  68.160 0.2500000000
66619  -39.601  1.080  66.309 0.3750000000
66620  -40.379  1.379  66.584 0.2500000000
66613  -40.645  1.095  67.375 0.2500000000
114370  -40.914  1.641  67.658 0.3750000000
66631  -38.546  1.482  65.820 0.2500000000
66632  -39.485  2.008  65.839 0.3750000000
67434  -41.109  1.699  67.025 0.2500000000
67447  -38.516  2.254  65.326 0.2500000000
67449  -40.504  2.160  66.190 0.3750000000
106842  -40.627  2.085  68.018 0.2500000000
67426  -41.394  1.972  67.653 0.2500000000
68300  -39.847  2.821  65.495 0.3750000000
67450  -41.211  2.294  66.506 0.2500000000
67448  -38.967  2.841  65.091 0.3750000000
67460  -38.671  3.307  64.090 0.2500000000
68311  -39.548  3.446  64.699 0.3750000000
68276  -41.242  2.575  68.005 0.3750000000
67427  -42.003  2.327  67.820 0.3750000000
67428  -42.300  2.517  67.248 0.3750000000
68301  -40.667  3.016  65.718 0.3750000000
68302  -41.691  2.883  66.287 0.3750000000
68318  -39.371  3.718  63.665 0.2500000000
67467  -38.694  3.402  62.985 0.2500000000
68290  -43.032  2.861  67.519 0.3750000000
68313  -41.145  3.762  65.278 0.3750000000
116506  -41.944  3.701  65.633 0.3750000000
69144  -42.673  4.067  65.570 0.5000000000
69131  -43.522  3.461  66.666 0.5000000000
114427  -39.987  3.927  64.189 0.3750000000
69156  -41.796  4.277  64.819 0.3750000000
68319  -40.147  4.039  63.394 0.3750000000
68327  -40.433  3.816  62.430 0.2500000000
69145  -43.814  4.280  65.538 0.5000000000
69146  -45.416  4.459  65.371 0.2500000000
69179  -42.047  4.369  62.915 0.3750000000
68340  -41.781  3.278  61.358 0.5000000000
68329  -42.643  3.705  61.992 0.5000000000
104209  -45.429  4.480  64.306 0.5000000000
68341  -42.727  3.196  61.075 0.5000000000
68331  -44.723  3.923  61.786 0.5000000000
69190  -45.785  4.492  61.915 0.5000000000
67505  -42.891  2.877  59.853 0.3750000000
68343  -45.044  4.141  61.164 0.3750000000
68355  -44.266  3.939  60.422 0.3750000000
68363  -42.723  3.096  59.277 0.3750000000
67528  -41.876  3.236  58.241 0.3750000000
68375  -42.393  3.485  58.673 0.3750000000
69204  -43.785  4.158  59.724 0.5000000000
69205  -44.530  4.785  60.227 0.3750000000
68376  -43.025  3.774  59.206 0.6250000000
68380  -41.941  3.928  58.096 0.2500000000
69219  -42.507  4.292  58.630 0.3750000000
70091  -41.815  4.927  58.073 0.3750000000
69235  -40.703  4.686  57.067 0.1250000000
118883  -41.155  5.081  57.479 0.3750000000
101955  -41.112  6.594  57.192 0.2500000000
71857  -41.847  7.532  55.385 0.1250000000
71869  -41.930  7.285  54.521 0.1250000000
71870  -43.828  8.039  54.377 0.1250000000
120710  -44.505  8.301  54.581 0.2500000000
71883  -43.150  7.505  53.810 0.1250000000
71894  -44.185  7.224  52.835 0.1250000000
109885  -43.841  5.109  59.674 0.6250000000
70078  -42.536  5.191  58.753 0.3750000000
70077  -41.918  5.921  58.442 0.3750000000
70090  -41.318  5.838  57.697 0.3750000000
71843  -41.339  7.289  56.580 0.1250000000
71844  -41.922  7.837  57.001 0.3750000000
70948  -40.771  6.583  56.398 0.2500000000
104923  -41.930  7.794  56.155 0.1250000000
71858  -42.586  8.087  55.568 0.2500000000
72733  -44.210  8.538  55.160 0.2500000000
71859  -43.326  8.220  55.079 0.1250000000
72734  -45.771  8.331  54.443 0.2500000000
72709  -43.399  8.975  56.767 0.2500000000
72722  -45.191  8.975  55.550 0.2500000000
53173  -30.409  -13.920  79.300 0.3750000000
51199  0.223  -14.800  87.330 0.3750000000
107753  -2.534  -13.049  80.364 0.1250000000
64833  -31.628  -0.773  79.165 0.5000000000
64061  -39.310  -1.862  67.447 0.2500000000
57015  -18.475  -9.703  92.889 0.6250000000
46921  1.664  -19.445  73.171 0.2500000000
67421  -39.149  1.672  68.347 0.2500000000
56120  -25.536  -10.385  90.471 0.5000000000
55130  -26.016  -10.816  89.969 0.5000000000
123271  -27.005  -12.813  86.740 0.6250000000
44837  -9.980  -22.806  87.469 0.5000000000
45756  -10.041  -22.019  86.320 0.5000000000
117722  -31.344  -1.445  74.981 0.6250000000
64006  -32.695  -1.844  74.588 0.5000000000
63990  -32.064  -1.439  75.138 0.5000000000
68330  -43.752  3.793  62.117 0.5000000000
69178  -41.051  4.310  63.161 0.5000000000
69159  -46.397  4.604  64.500 0.2500000000
55166  -23.875  -11.296  87.942 0.2500000000
47592  -10.600  -19.350  91.843 0.5000000000
112738  -38.136  -2.199  66.857 0.5000000000
69199  -45.627  4.817  61.312 0.3750000000
103865  -16.880  -15.094  88.160 0.2500000000
49446  -14.945  -18.260  86.413 0.2500000000
51206  -16.116  -16.138  85.131 0.2500000000
105221  -17.214  -13.325  90.184 0.2500000000
52075  -17.251  -14.751  89.609 0.2500000000
104757  -16.584  -16.308  87.709 0.2500000000
53062  -16.843  -13.386  88.441 0.3750000000
52089  -16.837  -14.230  87.797 0.2500000000
105108  -15.591  -16.943  84.870 0.2500000000
106372  -16.596  -15.791  86.975 0.1250000000
53073  -16.648  -13.359  87.320 0.2500000000
51202  -16.625  -15.266  86.310 0.1250000000
54125  -16.354  -12.618  86.756 0.2500000000
51211  -16.149  -15.455  84.451 0.2500000000
52118  -16.314  -14.680  84.583 0.2500000000
53095  -16.126  -13.090  84.940 0.2500000000
53109  -16.321  -13.904  84.679 0.2500000000
52117  -16.094  -14.930  83.965 0.2500000000
52150  -15.014  -14.433  82.730 0.2500000000
53116  -14.953  -13.286  82.758 0.2500000000
54082  -16.882  -12.286  89.667 0.2500000000
55117  -17.313  -11.070  91.897 0.3750000000
109096  -12.635  -18.700  84.156 0.2500000000
54108  -16.020  -11.726  87.144 0.2500000000
54136  -16.264  -12.840  85.831 0.2500000000
55187  -15.224  -11.257  85.796 0.2500000000
53108  -15.973  -13.371  84.073 0.2500000000
55197  -15.057  -11.535  84.834 0.2500000000
116056  -14.573  -15.330  82.626 0.2500000000
117764  -13.454  -15.887  82.748 0.2500000000
104567  -16.566  -10.457  90.265 0.3750000000
55162  -16.254  -11.505  88.233 0.3750000000
49493  -12.883  -17.262  83.381 0.2500000000
50319  -12.514  -16.598  83.369 0.2500000000
114598  -12.361  -15.595  83.010 0.2500000000
56178  -12.807  -10.110  83.783 0.1250000000
103459  -10.634  -21.213  85.474 0.5000000000
57027  -17.142  -9.556  91.683 0.3750000000
47672  -9.561  -19.829  85.697 0.3750000000
57044  -16.034  -9.532  88.937 0.3750000000
107055  -15.428  -10.146  87.861 0.3750000000
56151  -14.396  -9.862  86.541 0.2500000000
57065  -14.040  -9.568  86.054 0.2500000000
56170  -13.423  -10.146  84.910 0.1250000000
56183  -12.696  -10.412  82.714 0.1250000000
52146  -11.522  -14.739  82.100 0.1250000000
45755  -9.596  -21.189  86.582 0.3750000000
45731  -9.626  -21.426  87.967 0.3750000000
57045  -16.357  -9.363  89.902 0.3750000000
58037  -15.821  -9.181  88.492 0.3750000000
56144  -14.933  -9.797  87.256 0.3750000000
49465  -11.172  -17.064  85.091 0.2500000000
49481  -10.953  -18.009  84.518 0.2500000000
57121  -12.988  -9.838  83.568 0.1250000000
109194  -10.427  -14.721  82.225 0.1250000000
58998  -17.664  -8.071  90.520 0.3750000000
46719  -9.568  -20.499  87.337 0.3750000000
59010  -17.124  -8.310  89.814 0.3750000000
47661  -9.510  -19.376  86.295 0.3750000000
59028  -16.769  -8.419  88.546 0.3750000000
58057  -15.458  -9.196  87.674 0.3750000000
57058  -15.065  -9.500  87.303 0.3750000000
58056  -15.034  -9.198  86.934 0.3750000000
54096  -24.760  -11.637  88.028 0.3750000000
53076  -26.159  -12.670  86.803 0.5000000000
52123  -27.339  -14.275  84.438 0.5000000000
51213  -27.928  -14.504  84.020 0.6250000000
52164  -9.449  -14.424  81.911 0.1250000000
51244  -27.972  -14.687  82.883 0.6250000000
110497  -12.275  -10.748  80.155 0.1250000000
47633  -10.231  -19.652  88.890 0.3750000000
119465  -9.792  -19.060  87.199 0.3750000000
49427  -10.598  -17.390  86.949 0.2500000000
112283  -10.236  -18.231  87.538 0.3750000000
51201  -11.455  -15.342  86.176 0.1250000000
52115  -10.250  -14.933  84.288 0.1250000000
52130  -9.425  -14.739  83.619 0.1250000000
50366  -29.809  -15.475  78.959 0.5000000000
46694  -10.380  -20.730  90.197 0.3750000000
59021  -18.665  -7.797  89.275 0.2500000000
48500  -10.612  -18.164  88.619 0.3750000000
49407  -10.964  -17.332  88.815 0.3750000000
52095  -11.197  -14.837  86.654 0.1250000000
51195  -11.465  -15.329  87.049 0.1250000000
52144  -8.708  -14.447  83.114 0.1250000000
50356  -29.658  -15.179  79.890 0.6250000000
50266  -11.539  -16.286  89.830 0.2500000000
106568  -11.475  -15.295  87.813 0.2500000000
52088  -11.254  -14.813  87.470 0.1250000000
52103  -9.658  -14.468  85.638 0.1250000000
51299  -30.762  -15.354  77.610 0.2500000000
48464  -11.390  -18.350  91.499 0.5000000000
49384  -11.536  -17.675  91.272 0.3750000000
50257  -11.598  -16.893  90.801 0.3750000000
49369  -11.344  -17.563  92.308 0.3750000000
52196  -30.472  -14.426  78.563 0.5000000000
52214  -30.615  -14.497  77.793 0.3750000000
54253  -29.558  -12.948  75.492 0.2500000000
123096  -1.373  -14.720  84.701 0.2500000000
52101  -1.151  -14.318  85.734 0.2500000000
63962  -31.190  -1.281  77.706 0.5000000000
64066  -38.630  -1.493  66.927 0.6250000000
65788  -38.742  0.277  66.395 0.3750000000
64931  -40.351  -0.068  67.461 0.2500000000
66609  -40.511  0.736  67.977 0.2500000000
67435  -41.711  2.136  67.133 0.3750000000
119596  -42.557  2.648  67.851 0.3750000000
68303  -42.548  3.184  66.491 0.3750000000
69132  -44.887  3.841  66.862 0.3750000000
67478  -39.889  3.244  61.812 0.2500000000
110741  -43.592  3.539  61.413 0.5000000000
68342  -44.139  3.634  60.944 0.5000000000
118704  -43.373  3.294  60.799 0.5000000000
68353  -42.823  2.928  60.417 0.3750000000
68364  -43.407  3.454  59.796 0.5000000000
68354  -43.511  3.315  60.340 0.6250000000
67521  -42.064  2.841  58.746 0.3750000000
68386  -40.799  3.790  57.186 0.2500000000
69229  -41.317  4.297  57.588 0.3750000000
70102  -40.246  5.085  56.409 0.2500000000
70103  -40.698  5.710  56.954 0.3750000000
117641  -41.617  6.694  57.922 0.3750000000
118709  -41.533  7.470  55.982 0.1250000000
108465  -42.731  7.736  54.656 0.1250000000
71882  -42.455  7.355  54.031 0.1250000000
71871  -44.890  8.041  54.106 0.1250000000
101906  -45.131  8.498  54.801 0.2500000000
71884  -44.063  7.591  53.560 0.1250000000
112684  -44.772  7.311  52.544 0.1250000000
71885  -44.989  7.656  53.231 0.1250000000
108241  -41.158  7.130  55.817 0.2500000000
72708  -42.567  8.343  56.444 0.2500000000
72721  -43.351  8.575  55.817 0.2500000000
72710  -44.212  9.068  56.029 0.2500000000
72723  -46.246  8.770  55.097 0.2500000000
44849  -10.206  -22.713  86.786 0.3750000000
102208  -10.687  -22.242  85.963 0.3750000000
121057  -12.069  -22.983  85.912 0.3750000000
44860  -13.411  -23.304  85.515 0.2500000000
44859  -12.598  -23.551  85.540 0.2500000000
56146  -31.655  -10.139  87.410 0.1250000000
48498  -6.000  -19.324  87.878 0.2500000000
56145  -30.773  -10.334  87.744 0.1250000000
56140  -30.005  -10.220  88.182 0.1250000000
48497  -2.629  -18.756  87.639 0.2500000000
47647  -4.502  -19.414  87.595 0.2500000000
45768  -11.487  -22.141  85.880 0.3750000000
45769  -12.643  -22.635  85.997 0.2500000000
44861  -14.159  -22.923  85.510 0.2500000000
47589  -10.772  -18.823  92.163 0.2500000000
48459  -10.292  -18.734  92.475 0.2500000000
48461  -11.285  -18.343  92.051 0.3750000000
44862  -14.931  -22.569  85.470 0.2500000000
48463  -9.679  -18.542  92.354 0.2500000000
49367  -10.293  -18.055  92.706 0.2500000000
48460  -10.868  -18.227  92.521 0.2500000000
48462  -9.090  -18.272  91.893 0.2500000000
49374  -9.557  -17.696  92.379 0.2500000000
49368  -10.861  -17.625  92.750 0.2500000000
121277  -11.463  -16.955  92.263 0.2500000000
50249  -11.658  -16.010  91.573 0.2500000000
55169  -32.151  -10.295  87.106 0.1250000000
56153  -32.170  -10.033  87.197 0.1250000000
55181  -32.659  -10.510  86.645 0.1250000000
49387  0.078  -17.091  89.163 0.3750000000
49388  -0.734  -16.822  88.717 0.3750000000
50240  -11.110  -16.872  92.633 0.2500000000
50241  -11.439  -16.387  92.165 0.2500000000
49404  -1.641  -16.697  88.249 0.2500000000
48479  -7.453  -18.167  89.391 0.2500000000
49383  -8.324  -17.577  90.879 0.2500000000
111023  -9.153  -17.069  91.909 0.2500000000
50248  -9.761  -16.804  92.456 0.2500000000
111614  -10.469  -16.362  92.655 0.2500000000
51155  -11.427  -15.520  92.072 0.2500000000
57061  -31.100  -9.984  87.634 0.1250000000
55168  -31.446  -10.685  87.351 0.1250000000
54131  -31.935  -11.027  86.893 0.1250000000
54142  -32.287  -11.286  86.227 0.1250000000
48512  -1.979  -17.689  87.649 0.2500000000
50285  -3.134  -16.642  87.582 0.2500000000
48516  -6.304  -18.449  87.857 0.2500000000
48469  -7.939  -17.918  90.207 0.2500000000
114330  -11.148  -14.994  92.362 0.2500000000
57054  -30.286  -9.945  88.109 0.1250000000
48513  -2.819  -17.628  87.419 0.2500000000
48514  -4.182  -18.521  87.199 0.2500000000
48515  -5.323  -18.679  87.373 0.2500000000
49406  -7.038  -17.490  88.877 0.2500000000
49389  -7.496  -17.360  89.613 0.2500000000
50256  -8.540  -16.816  91.183 0.2500000000
51154  -9.805  -15.927  92.427 0.2500000000
106027  -10.646  -14.730  92.612 0.2500000000
50276  -4.791  -15.891  87.763 0.2500000000
49425  -4.775  -17.616  87.121 0.2500000000
50288  -6.066  -16.925  87.789 0.2500000000
50278  -6.577  -16.650  88.499 0.2500000000
118693  -7.113  -16.850  89.186 0.2500000000
50255  -7.900  -16.189  90.555 0.2500000000
120570  -9.160  -15.611  92.037 0.2500000000
51144  -10.325  -15.368  92.652 0.2500000000
50264  -6.901  -16.093  89.254 0.2500000000
50265  -7.453  -16.556  89.801 0.2500000000
51162  -8.455  -15.699  91.376 0.2500000000
51143  -9.593  -15.076  92.535 0.2500000000
45770  -13.611  -22.472  86.069 0.2500000000
45771  -14.412  -22.222  86.167 0.2500000000
51149  -0.216  -15.232  91.662 0.2500000000
50246  0.402  -15.778  91.150 0.3750000000
50253  -0.301  -15.772  90.560 0.2500000000
50252  1.133  -16.398  90.858 0.3750000000
49381  0.485  -16.479  90.191 0.3750000000
49375  -11.637  -16.989  91.751 0.2500000000
50261  -0.412  -16.244  89.690 0.3750000000
51169  -1.311  -15.405  90.081 0.2500000000
121661  -11.686  -16.492  91.287 0.2500000000
112343  -11.703  -16.084  90.795 0.1250000000
49380  1.485  -17.015  90.286 0.3750000000
50262  -1.222  -15.958  89.291 0.2500000000
51176  -11.694  -15.333  90.992 0.2500000000
57062  -31.786  -9.989  87.352 0.1250000000
50263  -1.927  -15.951  88.788 0.2500000000
118307  -3.013  -15.944  88.152 0.2500000000
52064  -11.479  -14.561  91.359 0.1250000000
57068  -31.289  -9.756  87.286 0.1250000000
50275  -3.776  -15.893  87.882 0.2500000000
52054  -11.412  -14.732  92.044 0.2500000000
119767  -30.369  -9.742  87.834 0.1250000000
52045  -10.946  -14.268  92.410 0.2500000000
119363  -11.196  -13.942  91.471 0.2500000000
57060  -29.584  -9.594  88.404 0.1250000000
51187  -6.188  -15.624  88.742 0.2500000000
53042  -11.229  -14.036  92.019 0.2500000000
51175  -7.267  -15.648  89.999 0.2500000000
52044  -10.011  -14.307  92.894 0.2500000000
53034  -10.678  -13.542  92.483 0.2500000000
119951  -12.118  -21.652  85.898 0.3750000000
51141  -0.023  -15.021  92.132 0.2500000000
51148  0.348  -15.388  91.720 0.3750000000
51142  -0.680  -14.794  92.107 0.2500000000
45758  -14.541  -21.347  86.583 0.2500000000
108462  1.294  -16.162  91.291 0.3750000000
51157  -0.426  -15.420  91.183 0.2500000000
112360  -15.645  -22.338  85.345 0.3750000000
56154  -32.623  -10.029  86.832 0.1250000000
57070  -32.967  -9.830  86.497 0.1250000000
51158  -1.031  -15.320  90.825 0.2500000000
57069  -32.267  -9.880  86.955 0.1250000000
50254  -0.832  -15.700  90.123 0.2500000000
51159  -1.767  -14.917  90.511 0.2500000000
104637  -2.519  -14.391  91.064 0.2500000000
51170  -1.951  -15.265  89.512 0.2500000000
52058  -2.538  -14.602  90.090 0.2500000000
51183  -2.528  -15.593  88.712 0.2500000000
119609  -11.205  -14.126  90.695 0.1250000000
57067  -30.248  -9.491  87.264 0.1250000000
51185  -4.259  -15.299  88.460 0.2500000000
51173  -4.676  -14.669  89.146 0.2500000000
51186  -5.251  -15.348  88.492 0.2500000000
120038  -17.237  -18.911  81.917 0.3750000000
58070  -28.699  -8.809  88.117 0.1250000000
51174  -6.559  -15.175  89.540 0.2500000000
53049  -10.799  -13.563  91.095 0.1250000000
51153  -8.755  -14.937  91.990 0.2500000000
53041  -10.862  -13.465  91.927 0.2500000000
116209  -10.329  -13.715  92.830 0.2500000000
52032  -0.920  -13.801  93.002 0.1250000000
107703  -1.061  -13.242  93.453 0.1250000000
52038  -0.409  -14.454  92.609 0.1250000000
53020  -1.524  -13.440  93.167 0.1250000000
53026  -1.498  -13.871  92.781 0.1250000000
45757  -13.750  -21.515  86.429 0.2500000000
52039  -1.114  -14.294  92.508 0.1250000000
107019  -15.304  -21.951  86.248 0.2500000000
51140  0.669  -15.333  92.029 0.3750000000
51150  -0.914  -15.061  91.560 0.2500000000
52048  -1.391  -14.591  91.980 0.2500000000
52041  -2.676  -13.995  92.244 0.1250000000
45760  -16.011  -21.183  86.498 0.3750000000
45759  -15.183  -21.091  86.654 0.2500000000
50251  1.863  -16.734  90.982 0.3750000000
50237  1.393  -15.893  91.649 0.3750000000
51151  -1.614  -14.760  91.321 0.2500000000
45772  -16.877  -21.269  85.788 0.3750000000
111440  -16.213  -20.430  86.941 0.3750000000
107078  -11.559  -15.502  90.012 0.1250000000
46736  -17.643  -20.058  86.660 0.3750000000
46735  -16.870  -20.626  86.497 0.3750000000
46723  -16.864  -20.053  87.164 0.3750000000
103672  -31.774  -9.649  86.661 0.1250000000
56163  -33.219  -10.055  86.336 0.1250000000
52059  -3.298  -14.185  90.471 0.2500000000
111646  -11.447  -14.775  90.362 0.1250000000
103126  -11.336  -14.900  89.306 0.1250000000
47652  -17.593  -19.466  87.412 0.3750000000
47634  -17.305  -19.039  87.845 0.3750000000
52073  -5.068  -14.011  89.970 0.2500000000
52072  -4.008  -14.193  89.824 0.2500000000
52074  -11.069  -14.345  89.759 0.1250000000
48504  -18.383  -18.178  88.195 0.3750000000
51172  -3.704  -14.751  89.125 0.2500000000
105563  -5.678  -14.794  89.258 0.2500000000
114217  -10.654  -13.747  90.030 0.1250000000
49495  -18.311  -17.436  83.371 0.2500000000
58089  -28.590  -8.917  87.191 0.1250000000
51160  -6.901  -14.786  90.296 0.2500000000
52042  -8.178  -14.252  92.089 0.2500000000
53048  -10.159  -13.118  90.631 0.1250000000
48615  -17.876  -17.545  82.303 0.2500000000
58087  -26.643  -8.497  86.321 0.1250000000
51161  -7.623  -15.230  90.768 0.2500000000
52043  -9.081  -14.201  92.605 0.2500000000
49502  -18.134  -16.722  82.294 0.2500000000
50331  -18.531  -16.677  83.503 0.2500000000
112564  -19.085  -16.010  84.803 0.3750000000
52034  -9.932  -13.482  93.091 0.2500000000
54066  -10.432  -12.856  92.484 0.1250000000
54075  -10.412  -12.902  91.615 0.1250000000
51212  -19.257  -15.475  84.903 0.3750000000
51222  -19.005  -15.678  84.053 0.2500000000
52119  -19.442  -14.794  85.172 0.2500000000
53087  -19.713  -13.044  87.028 0.3750000000
58067  -25.516  -8.190  87.231 0.1250000000
112915  -18.881  -15.159  83.474 0.2500000000
123028  -19.663  -13.759  86.507 0.3750000000
54110  -19.901  -12.289  87.680 0.3750000000
58084  -24.049  -8.320  86.793 0.1250000000
102461  -24.115  -8.429  86.104 0.1250000000
58083  -22.787  -8.391  86.928 0.1250000000
102455  -23.088  -8.466  84.924 0.1250000000
58063  -21.370  -8.403  87.655 0.1250000000
102463  -22.402  -8.470  86.292 0.1250000000
102456  -22.257  -8.468  84.994 0.1250000000
102448  -23.035  -8.500  83.476 0.1250000000
102450  -21.269  -8.449  83.540 0.1250000000
58115  -20.862  -8.464  84.301 0.1250000000
58116  -21.738  -8.468  84.299 0.1250000000
102449  -22.121  -8.451  83.529 0.1250000000
58146  -22.773  -8.460  82.147 0.1250000000
103431  -21.650  -8.413  82.811 0.1250000000
58145  -22.016  -8.381  82.138 0.1250000000
58163  -22.452  -8.415  81.508 0.1250000000
58144  -21.242  -8.390  82.106 0.1250000000
52037  0.162  -14.850  92.443 0.2500000000
52031  -0.351  -13.953  93.122 0.2500000000
104422  -2.050  -13.174  93.286 0.1250000000
52030  0.065  -14.466  92.852 0.2500000000
51136  0.621  -14.960  92.545 0.3750000000
52029  0.723  -14.410  93.191 0.3750000000
53036  -3.617  -13.725  91.898 0.2500000000
119364  -2.896  -14.098  91.693 0.2500000000
46733  -14.759  -20.476  86.770 0.3750000000
51139  1.424  -15.527  92.177 0.3750000000
102276  -3.458  -13.940  91.214 0.2500000000
48517  -15.941  -18.648  87.283 0.3750000000
47650  -15.677  -19.293  87.096 0.3750000000
46734  -15.495  -20.434  86.884 0.2500000000
114192  2.327  -15.764  92.105 0.3750000000
48518  -16.517  -19.008  87.524 0.3750000000
48502  -17.148  -18.538  87.969 0.2500000000
57080  -32.621  -9.624  86.222 0.1250000000
55192  -33.874  -10.138  85.726 0.1250000000
52060  -4.165  -13.848  90.619 0.2500000000
52081  -10.896  -14.367  88.804 0.1250000000
117647  -17.307  -16.680  88.816 0.1250000000
49409  -17.087  -17.326  88.405 0.2500000000
48503  -17.763  -18.445  88.202 0.2500000000
109912  -4.904  -13.727  90.763 0.2500000000
50267  -17.655  -16.252  89.344 0.1250000000
49392  -18.417  -16.946  88.971 0.3750000000
57079  -30.825  -9.533  86.481 0.1250000000
108496  -31.460  -9.540  85.748 0.1250000000
52061  -5.708  -13.909  90.644 0.2500000000
121555  -6.453  -14.231  90.643 0.2500000000
122209  -10.749  -14.088  89.396 0.1250000000
52087  -10.352  -14.023  88.069 0.1250000000
117207  -17.488  -15.480  89.665 0.1250000000
51164  -17.948  -15.817  89.863 0.2500000000
50258  -18.323  -15.937  89.765 0.2500000000
110742  -29.077  -9.445  85.274 0.1250000000
52063  -7.108  -14.431  90.993 0.2500000000
123019  -8.362  -13.766  92.571 0.2500000000
54065  -9.987  -12.272  92.195 0.1250000000
53061  -10.369  -13.856  89.089 0.1250000000
51165  -18.230  -15.397  90.162 0.2500000000
50259  -18.568  -15.768  89.805 0.2500000000
57077  -28.803  -9.248  86.190 0.1250000000
52033  -9.564  -13.647  92.994 0.2500000000
54060  -10.255  -12.934  92.969 0.1250000000
54074  -9.742  -12.459  91.194 0.1250000000
53054  -9.882  -13.339  89.653 0.1250000000
53060  -9.653  -13.527  88.703 0.1250000000
52067  -18.388  -14.821  90.473 0.2500000000
58060  -18.626  -8.217  87.311 0.1250000000
58102  -23.554  -8.462  85.571 0.1250000000
121268  -24.251  -8.471  85.436 0.1250000000
58080  -19.206  -8.374  86.574 0.1250000000
58118  -23.515  -8.502  84.164 0.1250000000
58119  -24.487  -8.542  84.048 0.1250000000
102359  -24.778  -8.521  84.928 0.1250000000
102459  -19.475  -8.409  84.979 0.1250000000
58098  -19.905  -8.458  85.874 0.1250000000
103430  -22.503  -8.453  82.793 0.1250000000
102447  -23.858  -8.526  83.477 0.1250000000
103429  -23.536  -8.531  82.672 0.1250000000
58081  -20.629  -8.474  86.445 0.1250000000
58164  -23.471  -8.521  81.631 0.1250000000
58187  -22.940  -8.431  80.840 0.1250000000
56087  -1.469  -10.223  93.464 0.1250000000
56088  -2.560  -10.559  93.210 0.1250000000
56080  -2.899  -11.208  93.445 0.1250000000
56089  -3.669  -10.764  93.022 0.1250000000
56090  -4.756  -10.565  92.718 0.1250000000
56078  -1.005  -10.531  94.110 0.1250000000
117996  -1.318  -11.282  94.194 0.1250000000
56079  -1.996  -11.093  93.815 0.1250000000
55098  -3.505  -11.747  93.318 0.1250000000
108141  -5.340  -11.057  92.997 0.1250000000
54040  -0.722  -12.620  94.016 0.1250000000
54041  -1.090  -11.862  94.236 0.1250000000
54045  -2.300  -12.612  93.497 0.1250000000
54046  -3.111  -12.533  93.279 0.1250000000
55105  -4.469  -11.461  93.074 0.1250000000
106543  0.080  -14.062  93.320 0.3750000000
53019  -0.103  -13.573  93.729 0.1250000000
54039  0.019  -12.220  94.366 0.1250000000
53021  -2.723  -13.168  93.141 0.1250000000
54055  -4.127  -12.442  92.992 0.1250000000
46748  -13.161  -20.606  86.116 0.3750000000
106025  -12.919  -21.646  86.170 0.3750000000
53018  0.658  -13.644  93.885 0.3750000000
54038  0.877  -11.889  94.431 0.1250000000
54044  0.407  -12.889  94.231 0.1250000000
53028  -3.152  -13.544  92.602 0.1250000000
54054  -3.458  -13.058  92.952 0.1250000000
55106  -5.358  -11.967  93.113 0.1250000000
51135  1.220  -14.978  92.755 0.3750000000
52028  1.843  -14.515  93.241 0.2500000000
54043  1.613  -12.629  94.210 0.2500000000
106899  -4.165  -13.254  92.493 0.2500000000
120550  -4.929  -12.742  92.746 0.1250000000
55099  -6.329  -11.105  93.225 0.1250000000
51138  2.145  -15.230  92.729 0.3750000000
119959  2.742  -13.723  93.280 0.2500000000
53029  -5.223  -13.200  92.317 0.1250000000
54056  -5.829  -12.657  92.835 0.1250000000
54047  -6.465  -11.989  93.310 0.1250000000
55100  -7.109  -11.439  93.423 0.1250000000
119501  -15.367  -19.001  87.003 0.3750000000
46721  -15.211  -19.838  86.954 0.3750000000
52035  3.502  -14.521  92.129 0.3750000000
52050  -4.325  -13.683  91.266 0.2500000000
53037  -4.682  -13.511  91.791 0.2500000000
53038  -5.708  -13.527  91.808 0.2500000000
54057  -6.793  -12.667  93.054 0.2500000000
55101  -7.883  -11.367  93.365 0.1250000000
52082  -11.310  -14.849  88.301 0.1250000000
48501  -16.686  -18.114  87.855 0.3750000000
56171  -34.427  -9.776  85.174 0.1250000000
57082  -34.138  -9.496  85.458 0.1250000000
52051  -5.256  -13.643  91.234 0.2500000000
53030  -6.215  -13.214  92.449 0.2500000000
54048  -7.407  -12.000  93.478 0.2500000000
54049  -8.310  -12.025  93.450 0.1250000000
50280  -16.820  -16.717  88.340 0.1250000000
56179  -34.430  -10.075  84.444 0.1250000000
52052  -6.323  -13.856  91.253 0.2500000000
53039  -6.703  -13.625  92.005 0.2500000000
53031  -7.165  -13.224  92.678 0.2500000000
53022  -8.635  -12.712  93.261 0.1250000000
55102  -8.704  -11.656  93.230 0.1250000000
110060  -30.187  -9.535  85.169 0.1250000000
56186  -34.099  -10.136  83.511 0.2500000000
53032  -8.051  -13.265  92.885 0.2500000000
54050  -9.125  -12.224  93.283 0.1250000000
55116  -9.475  -11.810  92.618 0.1250000000
53072  -9.432  -13.696  87.763 0.1250000000
52053  -7.314  -14.078  91.656 0.2500000000
53023  -9.513  -12.958  93.211 0.1250000000
54059  -9.950  -12.332  92.896 0.1250000000
57091  -29.263  -9.499  84.374 0.1250000000
53024  -10.027  -13.071  93.169 0.1250000000
57090  -28.557  -9.396  84.576 0.1250000000
58122  -27.155  -8.860  84.830 0.1250000000
54093  -9.132  -13.001  89.260 0.1250000000
108194  -28.637  -9.440  83.867 0.1250000000
57089  -27.810  -9.237  84.171 0.1250000000
57106  -27.361  -9.180  83.444 0.1250000000
58130  -26.885  -8.922  83.945 0.1250000000
58079  -18.308  -8.306  86.479 0.1250000000
104792  -18.915  -8.392  85.740 0.1250000000
57126  -26.712  -8.955  83.144 0.1250000000
58148  -26.013  -8.710  82.794 0.1250000000
58129  -26.005  -8.674  83.626 0.1250000000
103506  -25.917  -8.729  82.054 0.1250000000
58147  -25.278  -8.626  82.478 0.1250000000
58128  -25.201  -8.597  83.623 0.1250000000
58120  -25.411  -8.584  84.319 0.1250000000
58114  -19.995  -8.417  84.246 0.1250000000
102451  -20.437  -8.433  83.520 0.1250000000
116520  -23.728  -8.523  80.856 0.1250000000
58165  -24.411  -8.579  81.250 0.1250000000
116121  -24.427  -8.595  82.134 0.1250000000
103419  -20.051  -8.410  82.771 0.1250000000
108532  -20.433  -8.399  81.956 0.1250000000
58185  -21.136  -8.402  80.800 0.1250000000
58162  -21.621  -8.393  81.477 0.1250000000
57010  -1.013  -9.315  93.252 0.1250000000
107942  -1.962  -9.806  92.766 0.1250000000
57011  -3.117  -9.945  92.651 0.1250000000
57012  -4.146  -9.909  92.475 0.1250000000
57013  -5.007  -9.843  92.302 0.1250000000
56077  -0.219  -9.832  94.492 0.1250000000
56075  -0.658  -10.936  94.428 0.1250000000
57000  0.575  -9.771  94.702 0.1250000000
56074  0.056  -10.591  94.684 0.1250000000
56091  -6.859  -10.430  92.883 0.1250000000
113651  -5.828  -10.226  92.653 0.1250000000
55091  1.103  -11.076  94.508 0.1250000000
46732  -14.022  -20.596  86.632 0.3750000000
54042  2.640  -11.812  93.408 0.1250000000
119470  -15.104  -19.419  86.919 0.3750000000
53016  3.300  -12.969  92.663 0.1250000000
54053  3.259  -12.170  92.400 0.1250000000
56092  -7.642  -10.718  93.001 0.1250000000
52027  3.442  -13.755  92.381 0.3750000000
55107  -8.330  -11.083  93.029 0.1250000000
49429  -16.095  -17.884  87.419 0.2500000000
114032  -34.116  -9.298  85.426 0.1250000000
57095  -34.502  -9.198  85.116 0.1250000000
57113  -34.976  -8.862  84.723 0.1250000000
52047  3.752  -14.454  90.906 0.3750000000
55108  -8.927  -11.437  92.880 0.1250000000
55115  -8.871  -11.358  92.127 0.1250000000
57093  -32.183  -9.477  85.296 0.1250000000
57094  -33.237  -9.362  85.536 0.1250000000
56172  -34.680  -9.380  84.830 0.1250000000
57133  -35.248  -8.868  83.902 0.1250000000
55124  -9.343  -11.847  91.706 0.1250000000
57092  -31.166  -9.520  84.605 0.1250000000
57110  -32.255  -9.323  84.404 0.1250000000
57149  -34.870  -8.765  82.927 0.2500000000
54073  -9.002  -12.142  90.704 0.1250000000
54081  -9.428  -12.729  90.195 0.1250000000
57109  -30.011  -9.533  83.743 0.1250000000
53059  -8.885  -13.211  88.338 0.1250000000
122397  -29.211  -9.505  83.755 0.1250000000
57107  -28.055  -9.375  83.270 0.1250000000
58078  -17.320  -8.322  86.295 0.1250000000
57143  -26.652  -8.967  82.352 0.1250000000
57127  -27.388  -9.234  82.727 0.1250000000
58096  -17.482  -8.386  85.334 0.1250000000
58113  -19.169  -8.398  84.149 0.1250000000
58166  -25.195  -8.616  81.686 0.1250000000
102452  -19.657  -8.414  83.484 0.1250000000
117633  -20.978  -8.399  81.506 0.1250000000
58186  -22.025  -8.398  80.803 0.1250000000
57022  -2.471  -9.303  92.142 0.1250000000
57023  -3.538  -9.357  91.978 0.1250000000
57009  -0.376  -8.699  93.927 0.1250000000
57024  -4.535  -9.249  91.750 0.1250000000
109404  -5.616  -9.427  91.817 0.1250000000
46746  -11.440  -21.043  85.431 0.3750000000
57003  -0.062  -8.808  94.371 0.1250000000
57014  -6.538  -9.833  92.200 0.1250000000
56072  1.532  -10.618  94.344 0.1250000000
56103  -7.320  -10.219  92.383 0.1250000000
47662  -13.725  -19.864  86.360 0.3750000000
55094  2.556  -11.047  93.202 0.1250000000
47663  -14.509  -19.801  86.776 0.3750000000
53025  3.496  -12.915  91.497 0.1250000000
54052  3.441  -11.838  91.226 0.1250000000
55121  3.504  -11.547  90.219 0.2500000000
56104  -7.568  -10.333  91.865 0.1250000000
56114  -8.063  -10.858  91.566 0.1250000000
48530  -15.428  -18.485  86.987 0.2500000000
48529  -14.819  -19.026  86.751 0.2500000000
54064  3.495  -12.521  90.610 0.1250000000
54072  3.451  -12.159  90.193 0.2500000000
56124  3.470  -11.215  89.820 0.2500000000
56093  -7.960  -10.640  92.422 0.1250000000
122866  -8.481  -11.019  92.463 0.1250000000
57112  -34.548  -8.925  85.010 0.1250000000
53035  3.519  -13.548  90.722 0.3750000000
104634  3.169  -13.583  90.016 0.3750000000
55123  -8.592  -11.533  91.135 0.1250000000
58152  -35.439  -8.185  83.568 0.2500000000
58172  -34.233  -8.500  82.014 0.2500000000
58173  -35.139  -8.002  82.688 0.2500000000
58195  -33.552  -8.151  81.118 0.2500000000
57108  -28.989  -9.498  83.093 0.1250000000
104993  -15.849  -8.558  85.765 0.1250000000
58143  -18.471  -8.498  82.920 0.1250000000
109144  -18.797  -8.530  81.817 0.1250000000
58160  -19.668  -8.428  82.112 0.1250000000
108531  -19.769  -8.425  81.252 0.1250000000
103415  -22.498  -8.430  80.080 0.1250000000
103416  -21.619  -8.398  80.097 0.1250000000
102847  3.307  -12.479  89.870 0.2500000000
109294  3.343  -11.291  89.258 0.2500000000
55145  3.188  -11.413  88.655 0.2500000000
53053  2.928  -13.964  89.719 0.2500000000
53057  2.660  -13.680  89.263 0.2500000000
54089  3.044  -12.031  88.875 0.2500000000
55158  3.176  -10.962  87.829 0.2500000000
56141  3.313  -10.325  87.462 0.1250000000
55170  3.187  -10.539  86.991 0.1250000000
53058  2.250  -13.423  88.735 0.2500000000
54104  2.866  -11.700  88.183 0.2500000000
102698  2.855  -11.088  87.371 0.1250000000
56147  3.419  -9.976  86.615 0.1250000000
58134  -35.301  -8.211  84.249 0.1250000000
53069  1.627  -13.224  88.221 0.2500000000
54105  2.404  -11.704  87.641 0.1250000000
59067  -34.457  -7.664  81.795 0.2500000000
59077  -33.727  -7.319  80.911 0.2500000000
59903  -34.508  -6.751  81.618 0.2500000000
59068  -35.241  -7.203  82.573 0.2500000000
51194  1.059  -14.923  87.968 0.2500000000
59084  -33.126  -6.978  80.150 0.2500000000
59093  -32.524  -7.316  79.540 0.1250000000
103414  -23.442  -8.511  80.154 0.1250000000
58188  -24.326  -8.577  80.396 0.1250000000
55171  2.767  -10.697  86.563 0.1250000000
56156  3.145  -10.068  85.851 0.1250000000
54106  1.709  -12.356  87.731 0.1250000000
55172  2.194  -11.232  86.802 0.1250000000
55182  1.967  -11.026  86.345 0.1250000000
52085  0.895  -14.024  87.995 0.2500000000
53070  0.913  -13.104  87.689 0.2500000000
54120  0.918  -12.306  87.239 0.1250000000
56158  1.486  -10.706  85.805 0.1250000000
59904  -35.284  -6.416  82.617 0.2500000000
59887  -35.480  -6.563  83.739 0.1250000000
60710  -35.219  -5.644  82.696 0.1250000000
60700  -35.525  -6.129  83.388 0.1250000000
59281  -33.643  -7.917  64.088 0.1250000000
59297  -33.855  -7.335  63.890 0.1250000000
60870  -32.836  -6.188  63.325 0.1250000000
61587  -32.653  -3.724  67.975 0.3750000000
61588  -33.716  -3.797  67.910 0.2500000000
61606  -35.316  -5.121  67.526 0.2500000000
60832  -35.751  -6.110  67.212 0.3750000000
61603  -32.166  -4.360  67.323 0.2500000000
60830  -33.772  -5.439  66.887 0.2500000000
60044  -34.275  -6.380  66.630 0.2500000000
60059  -35.428  -7.224  66.495 0.2500000000
59254  -36.096  -7.213  66.092 0.3750000000
60829  -32.802  -5.084  66.764 0.2500000000
60057  -33.923  -6.919  66.280 0.2500000000
60058  -34.669  -7.200  66.400 0.2500000000
59264  -35.188  -7.640  65.623 0.2500000000
123156  -36.332  -5.937  65.303 0.5000000000
61625  -35.309  -4.883  64.708 0.2500000000
60846  -33.250  -6.162  66.395 0.2500000000
111410  -33.408  -7.869  65.506 0.2500000000
108428  -35.338  -6.407  64.699 0.2500000000
119033  -35.138  -5.662  64.573 0.5000000000
63261  -35.144  -2.615  64.787 0.3750000000
64950  -35.879  -0.292  65.049 0.2500000000
66639  -36.295  1.245  64.347 0.2500000000
66647  -36.343  1.584  63.562 0.2500000000
58416  -34.052  -8.102  64.583 0.2500000000
60089  -34.662  -7.029  64.351 0.1250000000
60871  -33.972  -5.788  63.979 0.1250000000
103681  -34.754  -4.238  64.487 0.2500000000
112708  -34.505  -3.298  64.415 0.2500000000
64948  -34.681  -1.094  64.362 0.2500000000
108429  -33.459  -5.983  63.643 0.2500000000
61633  -33.600  -4.983  63.845 0.2500000000
62401  -33.802  -3.368  64.047 0.1250000000
65799  -36.055  0.584  64.722 0.2500000000
61632  -32.901  -5.280  63.461 0.1250000000
62399  -32.714  -3.678  63.425 0.1250000000
122244  -36.237  1.878  81.042 0.1250000000
64856  -37.257  -0.680  78.588 0.1250000000
63964  -37.412  -1.150  77.974 0.2500000000
60815  -37.405  -5.812  67.735 0.5000000000
60833  -36.613  -6.262  67.276 0.5000000000
60047  -36.635  -6.597  66.880 0.5000000000
60075  -36.736  -6.299  65.744 0.5000000000
61626  -36.036  -4.763  65.195 0.5000000000
123075  -37.177  1.551  65.061 0.2500000000
66648  -36.955  2.111  63.239 0.2500000000
122001  -37.403  2.485  63.309 0.2500000000
67475  -37.499  2.487  62.648 0.1250000000
67477  -39.010  3.137  62.056 0.2500000000
67476  -38.193  2.885  62.326 0.2500000000
66464  -36.085  2.590  81.502 0.1250000000
66477  -37.507  1.997  80.629 0.1250000000
65647  -37.651  1.302  80.248 0.1250000000
63133  -37.560  -1.670  75.839 0.2500000000
105213  -38.177  -1.436  76.816 0.2500000000
64857  -38.223  -0.492  78.585 0.2500000000
60834  -37.855  -6.014  67.270 0.5000000000
60061  -37.027  -6.493  66.269 0.5000000000
60847  -37.660  -6.107  66.654 0.3750000000
60856  -36.700  -5.557  65.559 0.5000000000
61620  -37.319  -5.164  66.043 0.5000000000
65794  -36.561  0.120  65.434 0.2500000000
66640  -36.867  1.771  64.377 0.2500000000
67458  -37.397  2.411  64.016 0.2500000000
67490  -39.431  2.585  61.374 0.2500000000
67491  -40.291  2.685  61.136 0.2500000000
68339  -40.801  3.320  61.591 0.3750000000
68328  -41.425  3.873  62.208 0.3750000000
64942  -36.444  -0.799  65.622 0.2500000000
65800  -36.761  1.053  65.107 0.2500000000
67492  -41.123  2.766  60.871 0.3750000000
115129  -38.631  -1.074  77.549 0.2500000000
63996  -38.550  -1.351  76.445 0.2500000000
67466  -37.898  2.915  63.405 0.2500000000
63966  -38.822  -0.701  77.611 0.1250000000
63149  -38.432  -1.590  74.937 0.2500000000
63134  -38.466  -1.439  75.742 0.2500000000
63980  -38.946  -1.023  77.100 0.2500000000
63150  -39.026  -1.607  74.262 0.1250000000
64024  -40.068  -1.359  74.923 0.2500000000
63997  -39.100  -1.074  76.348 0.1250000000
66641  -37.665  2.008  65.052 0.2500000000
67493  -42.015  2.774  60.613 0.3750000000
67504  -42.186  2.515  60.003 0.2500000000
67513  -42.196  2.600  59.397 0.3750000000
70065  -44.665  5.686  60.010 0.3750000000
70913  -44.631  6.438  59.982 0.2500000000
109316  -43.742  6.088  59.536 0.3750000000
71808  -44.469  7.435  60.451 0.2500000000
70912  -43.951  6.891  59.680 0.2500000000
110513  -44.429  8.267  60.512 0.2500000000
71816  -44.450  7.342  60.026 0.2500000000
72666  -44.219  8.519  60.926 0.1250000000
72675  -44.702  8.946  60.435 0.1250000000
103245  -44.532  8.282  60.186 0.2500000000
72676  -45.016  9.453  60.203 0.1250000000
73603  -45.298  10.034  60.239 0.1250000000
72682  -44.225  8.443  59.698 0.2500000000
72683  -44.884  9.002  60.008 0.2500000000
73611  -45.235  9.823  59.852 0.1250000000
72692  -42.843  8.342  58.368 0.2500000000
73610  -44.394  9.509  59.230 0.2500000000
72698  -42.604  8.415  57.394 0.2500000000
72699  -43.322  9.014  57.816 0.2500000000
106243  -45.699  10.426  60.044 0.1250000000
73619  -44.040  9.595  58.276 0.2500000000
73620  -44.839  10.199  58.745 0.1250000000
74533  -45.683  10.632  59.387 0.1250000000
73625  -43.993  9.482  57.407 0.2500000000
73626  -44.672  10.020  57.884 0.2500000000
74542  -45.760  10.628  58.346 0.1250000000
73635  -44.227  9.393  56.732 0.2500000000
108007  -44.633  9.717  57.145 0.2500000000
73627  -45.400  10.090  57.334 0.2500000000
73636  -45.147  9.524  56.473 0.1250000000
120787  -45.702  7.792  53.197 0.1250000000
74543  -46.336  11.071  59.219 0.1250000000
74549  -46.247  10.511  57.486 0.2500000000
73637  -46.341  9.913  56.785 0.2500000000
111602  -46.594  8.488  54.407 0.1250000000
123228  -46.764  8.330  53.821 0.1250000000
71886  -46.422  8.026  53.091 0.1250000000
71896  -46.410  7.856  52.126 0.1250000000
110728  -47.450  8.715  54.222 0.1250000000
72724  -47.305  8.953  54.916 0.2500000000
102842  -47.380  8.542  53.413 0.1250000000
72773  -47.768  8.832  51.840 0.1250000000
72772  -47.091  8.230  51.607 0.1250000000
72783  -47.053  8.029  50.900 0.1250000000
72759  -47.967  9.030  52.828 0.1250000000
103821  -48.093  9.309  51.099 0.1250000000
110202  -48.008  9.009  50.215 0.1250000000
72784  -47.608  8.605  50.967 0.1250000000
73711  -48.206  9.529  49.341 0.1250000000
71903  -47.427  8.122  50.152 0.1250000000
72793  -48.012  8.582  49.263 0.1250000000
72794  -48.356  9.082  48.550 0.1250000000
72803  -48.439  8.438  48.249 0.1250000000
72817  -48.867  8.913  47.662 0.1250000000
72818  -49.723  8.382  47.048 0.1250000000
105724  -49.030  8.274  47.619 0.1250000000
73703  -48.166  9.847  50.320 0.1250000000
57078  -29.740  -9.415  86.227 0.1250000000
57059  -29.462  -9.239  87.924 0.1250000000
57066  -29.387  -9.248  87.017 0.1250000000
58106  -27.343  -8.772  85.791 0.1250000000
58107  -28.068  -8.952  86.232 0.1250000000
103237  -26.240  -8.313  87.021 0.1250000000
58103  -24.877  -8.449  85.754 0.1250000000
58104  -25.670  -8.522  85.261 0.1250000000
58105  -26.533  -8.615  85.399 0.1250000000
58121  -26.281  -8.667  84.540 0.1250000000
105880  -17.905  -18.089  83.012 0.3750000000
52036  2.973  -14.592  92.890 0.3750000000
113962  3.755  -14.941  91.486 0.3750000000
52070  3.400  -14.931  89.926 0.3750000000
52057  3.504  -14.369  90.435 0.3750000000
57132  -34.518  -9.487  83.202 0.2500000000
63086  -31.074  -2.028  79.709 0.3750000000
59914  -33.702  -6.649  80.753 0.2500000000
65646  -36.801  0.992  80.291 0.1250000000
49496  -18.591  -17.020  84.063 0.3750000000
63168  -40.308  -1.703  73.893 0.2500000000
57046  -28.162  -9.024  89.518 0.1250000000
58049  -28.930  -9.093  88.628 0.1250000000
55163  -20.324  -11.348  87.485 0.2500000000
52106  -19.654  -14.645  86.528 0.3750000000
51208  -19.433  -15.479  85.738 0.3750000000
47664  -18.239  -19.402  86.849 0.3750000000
49393  -18.796  -16.886  88.958 0.3750000000
117889  -3.353  -18.362  87.332 0.2500000000
49373  -8.818  -17.647  91.578 0.2500000000
48499  -6.930  -18.291  88.592 0.2500000000
49403  -1.109  -17.656  87.990 0.3750000000
60857  -37.357  -5.954  66.086 0.5000000000
62388  -37.017  -4.067  66.095 0.5000000000
63260  -34.463  -2.388  64.391 0.2500000000
122886  -19.554  -14.953  85.953 0.3750000000
115383  -17.186  -16.076  88.990 0.1250000000
52066  -17.930  -14.659  90.632 0.2500000000
52065  -17.533  -14.775  90.181 0.1250000000
49408  -16.630  -17.457  87.963 0.1250000000
58077  -16.240  -8.501  86.422 0.1250000000
59030  -18.143  -8.059  87.932 0.1250000000
58061  -19.522  -8.273  87.402 0.1250000000
111559  -19.953  -8.418  86.717 0.1250000000
58062  -20.486  -8.386  87.378 0.1250000000
58082  -22.007  -8.479  87.051 0.1250000000
61605  -34.272  -4.739  67.376 0.2500000000
60814  -36.359  -5.535  67.695 0.3750000000
62392  -35.400  -3.824  64.865 0.2500000000
72745  -45.888  8.022  53.800 0.1250000000
73647  -46.272  9.350  55.935 0.1250000000
50239  -10.387  -17.272  92.771 0.2500000000
51145  -10.973  -15.777  92.445 0.2500000000
49423  -2.362  -16.954  87.720 0.2500000000
49382  -7.937  -17.084  90.351 0.2500000000
50247  -9.153  -16.327  91.891 0.2500000000
49424  -3.717  -17.556  87.198 0.2500000000
49405  -6.519  -17.578  88.114 0.2500000000
49426  -5.801  -17.658  87.457 0.2500000000
50287  -5.290  -16.764  87.432 0.2500000000
51184  -3.330  -15.368  88.549 0.2500000000
52071  -3.241  -14.458  89.746 0.2500000000
103363  -28.283  -8.647  88.649 0.1250000000
58069  -27.978  -8.531  87.775 0.1250000000
52062  -6.116  -14.370  90.007 0.2500000000
53015  -0.613  -13.419  93.533 0.1250000000
120080  -1.519  -12.744  93.671 0.1250000000
52040  -1.843  -14.155  92.386 0.1250000000
53027  -2.203  -13.656  92.811 0.1250000000
52049  -2.165  -14.350  91.815 0.2500000000
47651  -16.836  -19.499  87.515 0.2500000000
46722  -16.061  -19.777  87.199 0.2500000000
47635  -18.009  -18.873  87.896 0.3750000000
48482  -18.125  -17.703  88.562 0.3750000000
121119  -18.288  -16.921  82.843 0.2500000000
58068  -27.048  -8.384  87.387 0.1250000000
58088  -27.609  -8.639  86.773 0.1250000000
58086  -25.685  -8.391  86.261 0.1250000000
114281  -18.696  -16.128  83.591 0.2500000000
110520  -18.420  -16.241  82.817 0.2500000000
52134  -19.226  -14.732  84.115 0.2500000000
53097  -19.554  -13.934  85.725 0.2500000000
58085  -24.791  -8.309  86.607 0.1250000000
103518  -18.844  -14.396  83.145 0.2500000000
53110  -19.395  -13.691  84.650 0.3750000000
54126  -19.937  -11.989  86.767 0.3750000000
102462  -23.298  -8.414  86.386 0.1250000000
58117  -22.611  -8.481  84.241 0.1250000000
58101  -22.762  -8.467  85.642 0.1250000000
106636  -21.194  -8.489  86.921 0.1250000000
102885  -21.487  -8.490  86.161 0.1250000000
58100  -22.053  -8.478  85.645 0.1250000000
102457  -21.362  -8.474  85.162 0.1250000000
103418  -20.841  -8.416  82.780 0.1250000000
102458  -20.391  -8.447  85.040 0.1250000000
57081  -33.571  -9.658  85.953 0.1250000000
49391  -17.796  -17.019  88.847 0.2500000000
50268  -18.160  -16.397  89.449 0.3750000000
57076  -28.092  -9.188  85.281 0.1250000000
102454  -23.947  -8.477  84.841 0.1250000000
102460  -18.457  -8.392  84.881 0.1250000000
58099  -20.757  -8.477  85.722 0.1250000000
58127  -24.615  -8.579  83.073 0.1250000000
57004  -0.611  -9.551  93.958 0.1250000000
55096  -1.821  -11.929  93.911 0.1250000000
55097  -2.609  -11.871  93.585 0.1250000000
53014  -0.241  -13.000  94.016 0.1250000000
55093  -0.361  -11.568  94.459 0.1250000000
55092  0.382  -11.263  94.582 0.1250000000
108088  1.677  -13.712  93.760 0.2500000000
53017  2.649  -12.793  93.473 0.2500000000
54058  -7.730  -12.649  93.222 0.2500000000
56180  -34.808  -9.472  84.171 0.2500000000
55103  -9.391  -11.944  93.106 0.1250000000
54051  -9.769  -12.531  93.123 0.1250000000
58097  -18.109  -8.338  85.732 0.1250000000
58189  -25.261  -8.622  80.769 0.1250000000
56073  0.863  -10.488  94.657 0.1250000000
112509  0.318  -9.087  94.580 0.1250000000
55095  1.908  -11.331  94.169 0.1250000000
56076  2.132  -10.530  93.671 0.1250000000
102993  3.620  -14.010  91.395 0.2500000000
55104  3.036  -11.347  92.297 0.1250000000
117119  -16.720  -8.427  85.749 0.1250000000
58112  -17.548  -8.479  84.403 0.1250000000
116210  -18.998  -8.414  83.436 0.1250000000
102453  -18.377  -8.436  83.854 0.1250000000
58210  -23.076  -8.465  79.229 0.1250000000
57002  1.022  -9.097  94.390 0.1250000000
56999  1.487  -9.912  94.261 0.1250000000
56085  2.656  -10.631  92.380 0.1250000000
55114  3.212  -11.106  91.483 0.1250000000
106524  3.499  -11.851  90.512 0.1250000000
55113  3.443  -11.322  90.759 0.1250000000
53047  3.350  -13.070  90.296 0.2500000000
103600  3.424  -11.738  89.803 0.2500000000
54079  3.246  -11.910  89.332 0.2500000000
102258  -16.583  -8.511  84.989 0.1250000000
103420  -19.278  -8.430  82.758 0.1250000000
101872  3.009  -12.826  89.439 0.2500000000
56134  3.296  -10.723  88.487 0.2500000000
54090  2.710  -12.602  88.805 0.2500000000
53068  2.293  -12.434  88.235 0.2500000000
54118  2.489  -11.237  87.111 0.1250000000
56148  3.253  -10.194  86.352 0.1250000000
55173  1.419  -11.559  86.827 0.1250000000
54119  1.908  -11.692  87.232 0.1250000000
56157  2.532  -10.430  85.826 0.1250000000
102348  0.433  -12.022  86.697 0.1250000000
55183  0.907  -11.329  86.361 0.1250000000
59894  -35.569  -6.812  83.341 0.1250000000
59282  -34.339  -7.721  64.378 0.1250000000
60102  -33.382  -6.843  63.531 0.1250000000
61604  -33.218  -4.479  67.331 0.2500000000
60045  -35.196  -6.665  66.779 0.2500000000
59263  -34.517  -7.973  65.442 0.2500000000
59253  -35.540  -7.425  66.186 0.3750000000
59283  -35.027  -7.522  64.900 0.2500000000
59255  -36.468  -6.873  65.874 0.2500000000
61624  -34.468  -5.117  64.284 0.2500000000
60103  -33.974  -6.581  63.889 0.1250000000
62400  -33.381  -3.936  63.816 0.2500000000
63270  -33.907  -2.581  64.056 0.1250000000
121545  -32.977  -4.488  63.573 0.1250000000
63269  -33.205  -2.896  63.647 0.1250000000
61641  -32.243  -4.478  63.197 0.1250000000
66476  -37.081  1.628  80.654 0.1250000000
63979  -37.738  -1.392  77.338 0.2500000000
119884  -38.683  -0.709  78.014 0.1250000000
64009  -39.422  -1.233  75.513 0.2500000000
72693  -43.565  8.953  58.789 0.2500000000
72758  -47.209  8.387  52.497 0.1250000000
72746  -48.005  9.103  53.841 0.1250000000
73692  -48.124  9.517  51.956 0.1250000000
72735  -47.996  9.303  54.664 0.2500000000
72837  -49.338  8.857  46.937 0.1250000000
107871  -26.366  -8.114  88.016 0.1250000000
122808  -26.126  -8.493  85.786 0.1250000000
105036  -27.425  -8.359  88.435 0.1250000000
117813  -10.440  -24.751  84.688 0.2500000000
41767  -10.036  -24.822  84.065 0.2500000000
41792  -9.952  -24.585  83.308 0.1250000000
41815  -9.816  -24.484  82.377 0.1250000000
42882  -10.043  -23.760  81.874 0.1250000000
42881  -9.597  -24.425  81.450 0.1250000000
43935  -10.157  -23.078  81.407 0.1250000000
55179  -22.501  -10.881  86.647 0.1250000000
54127  -23.279  -11.572  86.031 0.1250000000
46812  -14.388  -20.275  80.537 0.1250000000
54138  -20.034  -11.762  85.750 0.1250000000
55178  -20.521  -11.187  86.551 0.1250000000
115236  -21.423  -10.818  86.228 0.1250000000
46814  -15.868  -19.763  80.392 0.1250000000
54129  -24.913  -12.419  86.470 0.1250000000
54112  -25.184  -12.109  87.290 0.2500000000
54140  -23.867  -12.294  85.428 0.1250000000
53099  -24.445  -12.765  84.804 0.1250000000
54141  -24.667  -12.649  85.655 0.1250000000
53098  -19.662  -12.792  86.155 0.2500000000
54137  -19.579  -12.686  85.198 0.1250000000
54160  -19.447  -12.449  83.458 0.1250000000
53088  -25.298  -12.835  85.819 0.2500000000
52120  -24.898  -13.195  84.237 0.1250000000
53100  -25.103  -12.993  85.063 0.2500000000
114247  -25.623  -13.197  85.302 0.2500000000
46834  -15.693  -19.653  79.475 0.1250000000
54174  -19.733  -11.982  82.830 0.1250000000
117681  -25.262  -13.627  83.823 0.2500000000
52121  -25.566  -13.499  84.550 0.2500000000
52092  -0.389  -14.102  86.773 0.1250000000
53092  -1.174  -13.470  85.562 0.1250000000
53105  -1.416  -13.553  84.647 0.1250000000
102979  -15.985  -19.917  81.136 0.1250000000
47729  -16.411  -19.450  81.012 0.1250000000
53118  -19.162  -13.419  83.577 0.1250000000
47740  -16.232  -19.351  80.080 0.1250000000
52152  -18.628  -15.046  82.777 0.1250000000
54147  -19.504  -12.603  84.218 0.1250000000
54148  -19.931  -11.888  84.702 0.1250000000
47756  -16.449  -18.988  79.888 0.1250000000
53127  -18.868  -13.408  82.606 0.1250000000
111870  -26.168  -13.934  84.460 0.3750000000
53089  -26.011  -13.084  85.895 0.3750000000
48640  -16.302  -18.606  79.471 0.1250000000
114948  -19.209  -12.679  82.916 0.1250000000
54173  -19.245  -12.482  82.136 0.1250000000
110003  -25.844  -14.037  83.844 0.2500000000
52136  -26.612  -14.454  83.963 0.3750000000
52091  0.294  -13.823  87.442 0.1250000000
48650  -16.081  -18.146  78.903 0.1250000000
49526  -16.497  -17.861  79.605 0.1250000000
116912  -26.117  -15.019  82.633 0.2500000000
53082  -0.609  -13.399  86.402 0.1250000000
54121  0.014  -12.697  86.795 0.1250000000
123493  0.027  -11.835  86.224 0.1250000000
54143  -1.146  -12.749  85.330 0.1250000000
54153  -1.426  -12.869  84.407 0.1250000000
55193  -1.032  -11.794  84.988 0.1250000000
55203  -1.518  -12.005  83.804 0.1250000000
119239  -1.645  -12.677  82.877 0.1250000000
56175  -1.404  -10.849  83.455 0.1250000000
46798  -16.891  -19.435  81.808 0.2500000000
48627  -17.029  -18.337  80.873 0.1250000000
47741  -16.634  -18.947  80.548 0.1250000000
49511  -17.799  -16.839  81.652 0.1250000000
48641  -16.638  -18.431  80.142 0.1250000000
49510  -17.453  -17.528  81.216 0.1250000000
49519  -17.568  -16.904  81.118 0.1250000000
50341  -18.106  -16.048  81.837 0.1250000000
51239  -18.406  -15.524  82.391 0.1250000000
104645  -16.978  -17.705  80.369 0.1250000000
50352  -17.634  -16.272  81.001 0.1250000000
52151  -18.404  -14.903  82.121 0.1250000000
49518  -17.332  -16.943  80.565 0.1250000000
51267  -17.568  -15.566  80.515 0.1250000000
52169  -18.328  -14.280  81.565 0.1250000000
52170  -18.578  -14.278  82.295 0.1250000000
49527  -16.862  -17.036  79.744 0.1250000000
50362  -17.248  -16.126  79.966 0.1250000000
51268  -17.757  -14.846  80.609 0.1250000000
53158  -18.281  -13.563  80.821 0.1250000000
53144  -18.661  -13.206  81.590 0.1250000000
51280  -17.406  -15.078  79.668 0.1250000000
110523  -17.947  -13.955  80.284 0.1250000000
53159  -18.681  -12.569  80.565 0.1250000000
54188  -19.235  -12.105  81.198 0.1250000000
51242  -26.631  -15.107  82.209 0.2500000000
50342  -28.211  -15.051  81.374 0.5000000000
103338  0.125  -11.166  85.716 0.1250000000
56166  0.949  -10.318  85.089 0.1250000000
56167  -0.296  -10.702  84.794 0.1250000000
57100  0.013  -9.637  83.392 0.1250000000
54167  -1.711  -12.680  81.967 0.1250000000
55221  -1.996  -11.797  81.814 0.1250000000
54182  -1.695  -13.013  81.164 0.1250000000
120031  3.398  -10.813  89.905 0.1250000000
57040  3.297  -10.194  88.875 0.1250000000
54183  -2.024  -12.268  81.358 0.1250000000
55222  -2.345  -11.461  81.195 0.1250000000
107316  -31.298  -14.895  76.562 0.1250000000
53219  -30.999  -14.143  75.687 0.1250000000
52234  -31.392  -14.745  75.873 0.1250000000
53207  -31.153  -14.406  76.245 0.1250000000
54263  -29.413  -13.208  74.733 0.1250000000
107384  -28.902  -12.614  75.108 0.1250000000
54251  -28.305  -12.015  75.116 0.1250000000
55291  -27.844  -12.275  74.145 0.1250000000
57246  -27.043  -9.908  74.140 0.2500000000
57236  -27.372  -9.319  74.608 0.2500000000
119017  -27.168  -8.938  74.040 0.2500000000
107309  -26.584  -9.811  73.432 0.2500000000
106159  -27.525  -8.085  73.939 0.2500000000
57254  -26.036  -9.909  72.801 0.1250000000
58331  -26.515  -8.330  72.969 0.2500000000
111245  -41.777  2.875  68.080 0.2500000000
68278  -43.196  2.866  68.131 0.2500000000
69115  -43.979  3.533  68.265 0.2500000000
68279  -44.101  3.192  67.865 0.1250000000
68280  -45.100  3.642  67.860 0.2500000000
69133  -45.796  4.010  67.533 0.1250000000
68277  -42.456  2.788  68.101 0.2500000000
121312  -1.498  -13.656  83.885 0.1250000000
54154  -1.540  -13.222  83.439 0.1250000000
55164  -21.381  -10.769  87.321 0.1250000000
54128  -24.179  -12.087  86.295 0.1250000000
52122  -26.653  -13.991  84.785 0.3750000000
51257  -27.154  -15.194  81.626 0.3750000000
53075  -25.549  -12.571  86.594 0.3750000000
55273  -27.865  -11.179  75.519 0.2500000000
103485  -46.253  4.428  66.592 0.1250000000
47730  -16.924  -18.910  81.311 0.1250000000
48614  -17.389  -18.317  81.659 0.1250000000
114677  3.367  -10.798  89.335 0.1250000000
55188  -20.580  -11.317  85.057 0.1250000000
55207  -20.441  -11.539  83.284 0.1250000000
53081  0.128  -13.206  87.127 0.1250000000
54132  -0.538  -12.620  86.182 0.1250000000
51253  -18.114  -15.096  81.551 0.1250000000
55184  -0.613  -12.055  85.765 0.1250000000
117378  -1.132  -11.086  84.287 0.1250000000
55212  -1.785  -11.665  82.664 0.1250000000
52181  -18.053  -14.370  80.992 0.1250000000
117511  -27.043  -15.519  80.915 0.2500000000
56174  -0.628  -10.293  83.919 0.1250000000
109485  -26.722  -9.010  73.474 0.2500000000
58324  -27.014  -8.410  73.561 0.2500000000
110963  -26.293  -9.172  72.908 0.2500000000
47674  -14.171  -19.314  86.439 0.1250000000
46759  -11.711  -20.153  85.024 0.1250000000
47673  -12.531  -20.002  85.294 0.2500000000
35448  2.822  -32.857  81.161 0.1250000000
36261  2.670  -31.917  81.219 0.2500000000
102517  2.563  -30.993  81.066 0.2500000000
63190  -42.591  -2.310  72.101 0.1250000000
63169  -41.507  -1.942  73.015 0.1250000000
64025  -41.035  -1.320  74.718 0.1250000000
64010  -40.381  -1.063  75.283 0.1250000000
107914  -45.978  5.282  61.908 0.2500000000
70051  -45.639  5.367  61.381 0.2500000000
70058  -45.265  5.385  60.662 0.2500000000
120258  -46.673  10.970  57.901 0.1250000000
74558  -47.238  10.566  57.151 0.1250000000
67538  -40.845  2.926  57.354 0.2500000000
73638  -47.427  9.794  56.189 0.1250000000
73648  -47.838  9.531  55.397 0.1250000000
117986  -45.086  6.064  60.337 0.2500000000
70923  -42.261  6.799  58.659 0.3750000000
71825  -42.731  7.612  58.907 0.1250000000
71833  -42.129  7.604  57.958 0.1250000000
74569  -48.112  10.690  55.816 0.1250000000
119912  -48.291  9.992  55.138 0.1250000000
118234  -43.151  5.405  59.274 0.3750000000
70064  -42.665  6.059  59.086 0.2500000000
46747  -12.289  -20.846  85.665 0.2500000000
70911  -43.011  6.868  59.361 0.2500000000
116334  -47.123  9.227  55.520 0.1250000000
35455  2.670  -32.757  80.321 0.1250000000
36279  2.501  -31.836  80.490 0.1250000000
111364  -45.261  6.016  60.807 0.2500000000
70885  -45.345  5.879  61.306 0.2500000000
73639  -48.093  10.023  55.846 0.1250000000
103913  -25.398  -14.045  83.195 0.1250000000
44869  -13.808  -23.380  84.826 0.1250000000
52155  -25.532  -14.572  82.422 0.1250000000
52173  -25.488  -14.735  81.626 0.1250000000
51270  -25.857  -15.194  80.444 0.1250000000
42849  -10.535  -24.119  83.739 0.1250000000
42866  -10.300  -23.901  82.779 0.1250000000
51256  -26.433  -15.256  81.246 0.1250000000
50353  -27.243  -15.777  80.301 0.1250000000
105743  -27.716  -15.443  80.970 0.1250000000
117534  -26.139  -15.611  79.885 0.1250000000
103830  -28.209  -15.995  79.227 0.2500000000
105246  -27.985  -15.743  80.059 0.2500000000
55279  -27.657  -11.593  74.732 0.1250000000
56283  -26.727  -10.794  73.751 0.1250000000
56298  -26.339  -10.473  73.176 0.1250000000
110563  -25.973  -8.658  72.518 0.1250000000
59179  -27.062  -7.721  73.369 0.1250000000
58330  -25.908  -8.022  72.394 0.1250000000
59200  -25.774  -7.259  72.234 0.1250000000
60010  -26.280  -6.487  72.560 0.1250000000
64957  -34.284  -0.663  63.723 0.1250000000
65802  -34.563  0.016  63.415 0.1250000000
65808  -34.717  0.478  62.767 0.1250000000
64949  -35.261  -0.695  64.688 0.1250000000
64958  -34.812  -0.241  64.069 0.1250000000
65803  -35.105  0.540  63.518 0.1250000000
119594  -35.509  1.001  63.238 0.1250000000
65810  -35.942  1.359  62.838 0.1250000000
66658  -36.552  1.752  62.717 0.1250000000
66630  -37.577  1.251  65.529 0.1250000000
68326  -39.543  3.636  62.676 0.1250000000
69247  -39.991  4.860  53.058 0.1250000000
69253  -41.059  4.114  51.559 0.1250000000
69254  -41.679  4.567  51.319 0.1250000000
122729  -39.968  5.358  55.747 0.1250000000
70109  -40.141  5.931  55.264 0.1250000000
70112  -40.151  5.831  54.378 0.1250000000
70116  -41.180  6.114  53.015 0.1250000000
70119  -41.579  5.738  52.269 0.1250000000
70124  -42.684  5.534  51.405 0.1250000000
119560  -40.295  5.922  56.094 0.1250000000
70962  -40.643  6.558  55.556 0.1250000000
70983  -40.855  6.336  53.852 0.1250000000
70963  -41.226  7.024  55.024 0.1250000000
70974  -41.375  6.841  54.241 0.1250000000
70989  -42.125  6.460  52.728 0.1250000000
120453  -42.739  6.777  52.859 0.1250000000
70120  -42.381  5.990  51.979 0.1250000000
70990  -42.988  6.525  52.342 0.1250000000
70121  -43.010  6.061  51.723 0.1250000000
106522  -43.706  6.796  52.440 0.1250000000
59201  -26.469  -7.464  72.760 0.1250000000
67459  -38.108  2.712  64.559 0.1250000000
70984  -41.667  6.662  53.507 0.1250000000
43887  -13.073  -23.852  84.858 0.1250000000
56272  -27.097  -10.848  74.399 0.1250000000
51255  -25.747  -14.997  81.238 0.1250000000
55302  -26.418  -11.190  73.151 0.1250000000
70118  -40.737  5.332  52.593 0.1250000000
69250  -40.421  4.385  52.216 0.1250000000
70115  -40.388  5.643  53.450 0.1250000000
69251  -41.182  4.953  51.858 0.1250000000
70123  -41.964  5.315  51.615 0.1250000000
70973  -40.675  6.479  54.707 0.1250000000
36260  3.027  -31.961  81.938 0.1250000000
36280  2.374  -31.094  79.928 0.1250000000
37055  2.305  -30.096  79.825 0.1250000000
108322  2.249  -30.581  78.774 0.1250000000
37915  2.220  -30.159  77.177 0.1250000000
37928  1.936  -29.780  76.090 0.1250000000
37934  1.695  -29.819  74.771 0.1250000000
38786  1.343  -29.494  74.217 0.1250000000
37128  1.160  -30.242  74.059 0.1250000000
38787  1.205  -29.019  73.966 0.1250000000
37961  1.136  -29.286  73.718 0.1250000000
118478  2.167  -29.548  79.307 0.1250000000
37903  1.842  -28.975  78.021 0.1250000000
38749  1.923  -28.963  78.888 0.1250000000
37916  1.891  -29.484  77.124 0.1250000000
38759  1.540  -28.661  77.538 0.1250000000
38771  1.536  -29.030  76.532 0.1250000000
108425  1.597  -29.417  75.429 0.1250000000
37139  1.045  -29.568  73.807 0.1250000000
37962  0.852  -29.217  73.187 0.1250000000
39763  0.632  -28.459  73.451 0.1250000000
61556  -25.741  -4.057  70.588 0.1250000000
61565  -26.322  -4.269  69.217 0.1250000000
62320  -26.903  -2.945  71.020 0.1250000000
119619  -28.138  -3.000  70.290 0.1250000000
62347  -27.230  -3.933  69.336 0.1250000000
61566  -28.027  -4.260  68.755 0.1250000000
103150  -27.067  -4.469  68.576 0.1250000000
61599  -28.452  -4.649  67.604 0.1250000000
62348  -28.312  -3.633  69.560 0.1250000000
61567  -28.989  -4.101  68.937 0.1250000000
60826  -29.642  -4.684  66.951 0.1250000000
60825  -28.776  -4.763  67.025 0.1250000000
61568  -29.872  -3.878  69.015 0.1250000000
61600  -29.163  -4.511  67.642 0.1250000000
61601  -30.045  -4.365  67.681 0.1250000000
60827  -30.592  -4.647  66.908 0.1250000000
60055  -31.613  -6.038  65.806 0.1250000000
61602  -31.076  -4.189  67.686 0.1250000000
60828  -31.544  -4.716  66.836 0.1250000000
60844  -31.157  -5.263  66.302 0.1250000000
60845  -32.152  -5.506  66.363 0.1250000000
60073  -31.807  -6.941  65.415 0.1250000000
59250  -33.301  -7.139  65.939 0.1250000000
60074  -32.627  -7.463  65.474 0.1250000000
111984  -32.739  -8.078  65.029 0.1250000000
59262  -34.082  -8.074  65.540 0.1250000000
61586  -31.194  -3.753  68.582 0.1250000000
122632  -32.164  -4.863  66.777 0.1250000000
111314  -31.795  -3.818  68.058 0.1250000000
65776  -39.892  0.044  68.433 0.1250000000
68275  -40.146  3.141  67.899 0.1250000000
69112  -40.874  3.777  67.932 0.1250000000
67425  -39.372  2.571  68.067 0.1250000000
68274  -39.209  3.506  67.946 0.1250000000
69097  -39.637  4.274  67.948 0.1250000000
69113  -41.905  3.657  68.117 0.1250000000
69114  -42.888  3.407  68.263 0.1250000000
67502  -40.596  2.305  60.598 0.1250000000
69099  -43.235  4.441  68.376 0.1250000000
67503  -41.266  2.301  60.201 0.1250000000
66689  -40.970  1.949  59.132 0.1250000000
66681  -40.929  1.980  59.722 0.1250000000
66696  -40.902  1.991  58.363 0.1250000000
67512  -41.532  2.240  59.571 0.1250000000
67526  -40.630  2.200  57.605 0.1250000000
67527  -41.414  2.626  58.082 0.1250000000
71815  -43.569  7.617  59.511 0.1250000000
121300  -45.088  5.784  61.976 0.1250000000
70895  -44.115  6.439  61.766 0.1250000000
105260  -44.809  6.719  60.926 0.1250000000
58046  -26.850  -8.241  89.148 0.1250000000
62328  -27.244  -3.244  70.211 0.1250000000
62349  -29.408  -3.645  69.573 0.1250000000
61585  -30.374  -3.996  68.424 0.1250000000
67520  -41.559  2.315  58.874 0.1250000000
60056  -32.480  -6.541  65.873 0.1250000000
70905  -44.845  6.620  60.423 0.1250000000
71800  -44.307  7.663  60.885 0.1250000000
71826  -43.284  8.250  59.109 0.1250000000
70884  -43.181  6.688  62.309 0.1250000000
37902  2.063  -29.719  78.129 0.1250000000
112989  2.002  -29.985  75.421 0.1250000000
104402  1.485  -29.128  74.787 0.1250000000
37127  1.337  -29.660  74.236 0.1250000000
38797  0.933  -28.865  72.964 0.1250000000
61564  -25.356  -4.605  69.280 0.1250000000
62327  -26.404  -3.799  69.976 0.1250000000
61583  -28.656  -4.431  68.225 0.1250000000
38647  2.131  -27.955  92.352 1.0000000000
38648  1.940  -28.378  92.327 1.0000000000
38650  0.601  -27.873  92.544 0.8750000000
38666  2.791  -28.367  91.037 0.8750000000
39562  1.220  -27.253  92.574 0.8750000000
39587  -6.641  -25.941  90.873 0.7500000000
39597  -6.915  -26.050  90.527 0.7500000000
39598  -7.232  -26.008  90.278 0.7500000000
39610  -7.468  -26.050  89.847 0.7500000000
39636  -8.345  -25.918  88.584 0.6250000000
39701  -4.181  -26.889  81.200 0.1250000000
40596  0.939  -26.942  92.658 0.8750000000
40599  -1.067  -26.069  93.387 1.0000000000
40600  -3.125  -25.264  93.294 1.0000000000
40613  -6.473  -25.481  91.953 0.8750000000
40632  -7.933  -25.623  90.143 0.7500000000
40643  -8.299  -25.625  89.241 0.6250000000
40709  -5.196  -25.497  85.899 0.1250000000
41646  -0.462  -25.880  93.291 1.0000000000
42753  -6.012  -24.057  92.543 0.8750000000
42761  -8.466  -23.886  91.809 0.7500000000
43791  -4.078  -23.634  93.063 0.8750000000
43792  -4.750  -23.522  92.704 0.8750000000
43793  -5.401  -23.738  92.566 0.8750000000
43803  -7.755  -23.139  92.058 0.7500000000
44770  -3.237  -23.559  93.087 1.0000000000
44829  2.592  -22.419  88.561 0.8750000000
44883  -2.260  -22.810  82.949 0.7500000000
44905  2.633  -21.715  82.476 0.7500000000
44938  -3.158  -22.067  79.831 0.6250000000
45683  -6.406  -22.553  91.268 0.6250000000
45778  -17.342  -21.052  85.079 0.5000000000
46756  3.201  -20.530  85.109 1.0000000000
46809  1.783  -20.529  80.466 0.8750000000
46829  1.096  -20.260  79.455 0.8750000000
46884  -2.432  -20.375  76.503 0.6250000000
47653  -18.253  -19.057  87.454 0.3750000000
47715  -17.260  -19.216  82.471 0.2500000000
47754  2.103  -19.185  79.284 0.8750000000
48483  -18.658  -17.453  88.584 0.3750000000
48519  -18.582  -18.530  87.725 0.3750000000
48525  3.672  -18.882  87.117 0.8750000000
48532  -18.835  -18.035  86.745 0.7500000000
48588  -18.525  -17.634  84.277 0.5000000000
48602  -17.554  -18.494  82.426 0.3750000000
49410  -17.460  -17.873  88.314 0.2500000000
49411  -19.105  -17.097  88.567 0.6250000000
49448  -19.091  -17.304  86.727 0.7500000000
50238  0.831  -15.703  91.578 0.3750000000
50269  -18.635  -16.354  89.409 0.2500000000
50274  -2.418  -16.293  88.180 0.2500000000
50277  -5.772  -16.079  87.950 0.2500000000
50282  -19.574  -15.945  88.045 0.7500000000
50286  -4.229  -16.654  87.379 0.2500000000
50309  -1.124  -15.956  84.465 0.3750000000
50323  -18.818  -16.417  84.305 0.3750000000
50332  -27.719  -14.856  81.901 0.5000000000
50361  2.261  -16.199  79.485 0.6250000000
50363  -26.666  -15.856  79.755 0.1250000000
50383  2.511  -17.157  77.955 0.6250000000
51152  -7.924  -14.761  91.460 0.2500000000
51163  -11.613  -15.214  91.643 0.2500000000
51171  -2.814  -14.902  89.236 0.2500000000
51223  -26.008  -14.664  83.237 0.2500000000
51240  -18.657  -15.646  83.204 0.1250000000
51241  -25.932  -15.055  81.917 0.1250000000
51254  -25.304  -14.653  80.889 0.1250000000
51258  -29.261  -14.664  81.739 0.6250000000
51271  -26.559  -15.606  80.430 0.1250000000
52068  -18.826  -14.583  90.471 0.3750000000
52107  -26.614  -13.602  85.516 0.5000000000
52109  -28.285  -13.647  85.005 0.6250000000
52127  -29.983  -13.654  83.992 0.7500000000
53033  -8.892  -13.415  92.953 0.1250000000
53040  -7.615  -13.703  92.304 0.2500000000
53044  -18.759  -13.383  91.452 0.6250000000
53065  -26.794  -12.445  87.721 0.7500000000
53074  -19.850  -13.512  87.935 0.5000000000
53079  -28.309  -12.600  87.017 0.6250000000
53101  -26.100  -13.610  85.130 0.3750000000
54062  -19.023  -11.833  92.462 0.6250000000
54088  -28.466  -11.203  88.674 0.5000000000
54114  -28.961  -12.397  87.177 0.6250000000
54115  -29.496  -11.970  87.434 0.5000000000
54161  -19.869  -11.931  83.778 0.1250000000
56081  -7.220  -10.965  93.280 0.1250000000
56082  -19.098  -9.955  93.123 0.7500000000
56083  -19.605  -10.034  93.100 0.7500000000
56084  -20.121  -9.970  93.068 0.7500000000
56106  -21.319  -10.380  92.307 0.7500000000
57018  -21.992  -9.321  92.516 1.0000000000
57028  -17.735  -9.661  92.431 0.5000000000
57036  -16.675  -9.424  90.835 0.3750000000
57057  -14.609  -9.535  86.710 0.3750000000
57987  -21.291  -8.631  92.571 0.8750000000
58000  -19.542  -8.355  92.574 0.5000000000
58016  -18.367  -8.249  91.806 0.5000000000
58024  -16.147  -9.186  89.221 0.3750000000
58076  -15.250  -8.752  86.417 0.3750000000
58400  -33.463  -8.279  65.061 0.1250000000
58401  -34.065  -8.279  65.035 0.2500000000
58402  -34.572  -8.002  64.961 0.2500000000
58980  -20.068  -8.451  92.775 0.7500000000
58985  -18.784  -7.955  91.725 0.5000000000
59004  -24.521  -8.177  90.919 0.3750000000
59020  -17.313  -8.174  89.011 0.3750000000
59245  -36.057  -7.026  66.525 0.3750000000
59251  -34.072  -7.602  65.983 0.2500000000
59252  -34.827  -7.717  66.013 0.2500000000
59265  -35.757  -7.203  65.450 0.3750000000
60046  -35.894  -6.704  66.944 0.3750000000
60048  -37.223  -6.387  66.817 0.5000000000
60060  -36.618  -6.749  66.467 0.5000000000
60090  -35.414  -7.001  64.894 0.2500000000
60091  -36.044  -6.545  65.293 0.5000000000
60785  -26.923  -6.089  73.065 0.1250000000
60831  -34.777  -5.767  67.056 0.2500000000
60835  -38.411  -5.590  67.524 0.7500000000
60861  -34.578  -6.120  64.276 0.1250000000
60862  -35.909  -5.729  65.024 0.5000000000
61553  -25.706  -4.897  71.880 0.1250000000
61570  -37.451  -4.469  68.885 0.6250000000
61573  -40.129  -4.368  69.210 0.6250000000
61584  -29.514  -4.241  68.347 0.1250000000
61593  -38.751  -5.091  68.524 0.7500000000
61594  -39.948  -4.352  68.617 0.7500000000
61619  -36.647  -4.586  65.649 0.5000000000
62301  -27.935  -3.007  74.032 0.7500000000
62323  -40.978  -3.365  70.749 0.5000000000
62332  -31.349  -3.176  70.391 0.5000000000
62334  -37.217  -3.116  69.993 0.8750000000
62351  -31.324  -3.490  69.243 0.6250000000
62352  -32.466  -3.047  69.489 0.5000000000
62370  -35.357  -3.598  68.583 0.5000000000
62383  -38.416  -4.232  67.112 0.6250000000
62387  -36.411  -3.239  65.692 0.7500000000
63182  -31.673  -2.451  72.320 0.7500000000
63204  -36.328  -2.376  71.526 0.5000000000
63209  -42.247  -2.567  71.012 0.1250000000
63219  -33.674  -2.595  71.034 0.7500000000
63223  -38.560  -2.960  70.710 0.6250000000
63236  -41.495  -2.706  69.742 0.3750000000
63965  -38.373  -0.906  78.034 0.2500000000
63988  -29.860  -1.759  75.421 0.7500000000
64076  -34.707  -1.865  64.510 0.2500000000
64858  -38.725  -0.287  78.313 0.1250000000
65680  -38.864  -0.312  77.936 0.1250000000
65781  -40.501  0.465  67.400 0.2500000000
65798  -35.406  0.199  64.361 0.2500000000
65804  -35.727  1.014  63.838 0.1250000000
66659  -37.088  2.014  62.227 0.1250000000
66671  -39.858  2.096  60.765 0.2500000000
68312  -40.315  3.708  64.912 0.3750000000
69147  -46.873  4.804  65.340 0.2500000000
69148  -47.195  5.078  64.547 0.2500000000
69172  -46.851  4.768  63.235 0.6250000000
69181  -44.376  4.173  62.718 0.6250000000
69198  -45.047  4.568  60.769 0.3750000000
69220  -43.142  4.602  59.217 0.6250000000
70027  -46.400  5.470  63.572 0.3750000000
70037  -47.029  5.072  63.185 0.3750000000
70932  -41.544  7.227  57.351 0.1250000000
70975  -41.975  7.076  53.909 0.1250000000
71668  -40.854  8.724  70.606 0.1250000000
101828  -28.918  -12.754  86.503 0.6250000000
102604  -20.412  -11.547  89.555 0.5000000000
102811  -19.640  -15.182  88.916 0.7500000000
102826  -19.187  -8.764  92.774 0.6250000000
103741  -28.557  -14.471  83.083 0.6250000000
104717  -29.121  -1.891  72.993 0.7500000000
105587  -0.213  -26.760  93.073 0.8750000000
105635  -27.074  -13.912  85.148 0.5000000000
105751  -27.912  -14.102  84.499 0.6250000000
106143  -19.117  -9.333  92.983 0.7500000000
106563  -31.038  -6.439  65.448 0.1250000000
106930  -34.070  -4.154  64.162 0.2500000000
107234  -16.913  -8.329  87.843 0.3750000000
107376  -6.948  -24.985  92.182 0.8750000000
107642  -13.034  -9.981  84.476 0.1250000000
108367  -3.463  -23.390  77.541 0.6250000000
108627  -25.773  -4.217  69.861 0.1250000000
109004  -17.821  -15.555  81.144 0.1250000000
109206  -4.284  -24.770  93.159 1.0000000000
110020  -4.082  -25.657  92.679 1.0000000000
110100  -8.004  -25.706  89.713 0.6250000000
110304  -35.793  -2.532  70.476 0.7500000000
111359  -1.552  -25.355  93.430 1.0000000000
111675  5.157  -29.867  87.126 0.5000000000
112123  -37.206  -6.244  67.194 0.5000000000
112769  3.618  -21.067  85.776 1.0000000000
113135  -18.188  -8.662  92.185 0.6250000000
114424  -19.254  -16.016  85.526 0.5000000000
116248  -36.619  -6.785  66.199 0.5000000000
116810  -17.711  -10.866  92.474 0.5000000000
117220  -36.345  -1.597  65.679 0.7500000000
117967  1.467  -19.001  72.463 0.1250000000
118060  -6.973  -19.694  88.916 0.3750000000
118255  -3.019  -24.158  93.500 1.0000000000
118785  -38.073  -5.810  67.020 0.5000000000
119519  -17.693  -19.950  84.256 0.6250000000
120603  -9.963  -24.474  88.114 0.7500000000
120727  -5.191  -25.548  92.372 0.8750000000
120903  -2.440  -20.892  75.451 0.6250000000
121039  -1.452  -20.412  75.284 0.6250000000
121141  0.021  -27.101  92.963 0.8750000000
121171  -8.834  -20.494  91.251 0.5000000000
121425  -3.570  -22.042  77.759 0.6250000000
121766  -20.689  -11.086  85.793 0.1250000000
121792  -2.193  -25.995  93.360 1.0000000000
121917  -41.242  -1.688  74.040 0.1250000000
122281  -3.338  -21.239  77.283 0.6250000000
122358  -13.771  -9.676  85.539 0.2500000000
122532  -8.288  -25.063  90.925 0.7500000000
122700  -2.596  -26.832  91.709 1.0000000000
122747  -17.813  -15.260  90.182 0.2500000000
122909  -26.884  -9.416  73.772 0.2500000000
123120  -29.220  -15.796  79.129 0.1250000000
