#!ascii label  , from subject sub-v2s10x28954_ses-1 vox2ras=TkReg
3735
48794  9.118  -31.593  97.093 0.6250000000
48795  8.526  -32.186  96.545 0.6250000000
48793  9.248  -32.340  97.073 0.5000000000
48767  10.340  -31.439  98.779 0.5000000000
125060  9.818  -31.108  98.432 0.5000000000
48765  11.819  -31.879  99.037 0.5000000000
48766  11.039  -31.737  99.020 0.5000000000
48780  9.434  -31.014  97.762 0.6250000000
48777  12.027  -32.333  98.505 0.5000000000
47637  11.616  -32.662  97.925 0.5000000000
48778  11.302  -32.261  98.495 0.5000000000
120724  10.527  -32.097  98.339 0.5000000000
48779  9.771  -31.744  97.915 0.5000000000
49849  8.529  -31.452  96.450 0.6250000000
47638  10.768  -32.597  97.794 0.5000000000
49858  8.000  -32.117  96.084 0.6250000000
48829  7.051  -32.943  94.370 0.7500000000
50856  12.533  -29.562  100.840 0.7500000000
50863  11.954  -30.111  100.580 0.7500000000
135966  10.604  -29.822  100.166 0.7500000000
49822  10.421  -30.291  99.657 0.7500000000
50872  10.032  -30.058  98.975 0.6250000000
50855  13.141  -29.707  100.817 0.7500000000
50862  12.731  -30.089  100.620 0.7500000000
49820  11.709  -30.891  100.049 0.7500000000
50864  11.037  -30.381  100.256 0.7500000000
49830  10.137  -30.762  99.021 0.5000000000
50873  9.718  -30.511  98.349 0.6250000000
50861  13.284  -30.296  100.323 0.7500000000
49819  12.558  -30.641  100.233 0.6250000000
49829  11.547  -31.435  99.517 0.6250000000
49821  10.804  -31.079  99.602 0.5000000000
49817  13.638  -30.738  99.682 0.6250000000
49828  13.224  -31.442  99.237 0.6250000000
120219  12.384  -31.353  99.604 0.6250000000
49848  9.090  -31.014  97.081 0.6250000000
49838  13.630  -31.711  98.567 0.5000000000
48763  13.081  -31.973  98.649 0.5000000000
48776  12.634  -32.395  98.293 0.5000000000
48764  12.548  -31.929  98.901 0.5000000000
50891  8.682  -30.904  96.230 0.6250000000
48775  13.286  -32.235  98.140 0.5000000000
130499  8.090  -31.544  95.978 0.6250000000
49867  7.750  -31.781  94.469 0.6250000000
126722  8.167  -31.584  95.092 0.6250000000
137281  7.900  -31.936  95.335 0.6250000000
49889  7.648  -31.875  94.208 0.6250000000
49879  7.437  -32.086  94.339 0.6250000000
49868  7.343  -32.419  94.459 0.7500000000
134932  7.481  -32.194  93.848 0.6250000000
124523  7.068  -32.698  94.212 0.7500000000
48818  7.649  -32.194  94.852 0.7500000000
48809  7.602  -32.635  95.255 0.7500000000
48848  7.189  -33.156  93.284 0.6250000000
48819  7.274  -32.850  94.673 0.7500000000
51914  11.866  -29.272  100.766 0.7500000000
51923  10.589  -29.173  100.255 0.7500000000
51924  10.338  -29.586  99.588 0.7500000000
51913  12.860  -29.114  101.133 0.7500000000
53004  12.055  -28.665  100.932 0.7500000000
51915  11.229  -28.861  100.625 0.7500000000
51931  10.395  -28.989  99.622 0.8750000000
51941  9.941  -29.493  98.164 0.7500000000
50881  9.592  -30.434  97.534 0.6250000000
137340  14.116  -29.398  100.812 0.7500000000
114906  13.643  -29.232  101.110 0.7500000000
51958  9.749  -29.807  96.534 0.6250000000
51942  9.836  -30.004  97.386 0.6250000000
50860  13.995  -30.078  100.034 0.7500000000
119788  9.382  -30.026  95.956 0.6250000000
51959  9.186  -30.281  95.921 0.6250000000
51950  9.653  -30.154  96.523 0.6250000000
50871  14.325  -30.466  99.392 0.7500000000
51969  10.007  -29.643  95.401 0.6250000000
51970  9.374  -30.442  95.296 0.6250000000
50900  8.963  -30.577  95.997 0.6250000000
49837  14.235  -31.350  98.305 0.5000000000
51979  9.639  -30.314  94.585 0.6250000000
120571  8.643  -31.054  95.048 0.6250000000
50910  8.360  -31.360  95.071 0.6250000000
50923  8.191  -31.511  94.599 0.6250000000
49878  7.785  -31.580  94.761 0.6250000000
49910  8.255  -32.429  92.407 0.6250000000
136425  8.062  -32.136  93.435 0.6250000000
48856  8.399  -32.645  91.670 0.6250000000
48858  7.485  -33.052  92.583 0.6250000000
48868  8.007  -33.288  91.450 0.5000000000
47722  7.442  -33.371  91.872 0.6250000000
47748  7.840  -34.407  90.588 0.5000000000
46623  7.553  -35.062  90.582 0.5000000000
45639  7.395  -35.839  90.716 0.5000000000
121571  14.786  -25.818  101.558 0.7500000000
55864  14.408  -25.174  101.502 0.7500000000
121376  13.996  -25.906  101.542 0.7500000000
55863  15.247  -25.234  101.481 0.7500000000
54986  14.662  -26.705  101.531 0.7500000000
54987  13.418  -26.770  101.477 0.7500000000
135533  12.798  -27.143  101.331 0.7500000000
54032  12.263  -27.196  100.846 0.8750000000
54033  11.418  -27.913  100.404 0.8750000000
54038  11.079  -27.863  99.406 0.7500000000
56739  15.552  -24.529  101.285 0.7500000000
55862  15.991  -25.419  101.057 0.7500000000
54985  15.483  -26.102  101.365 0.7500000000
54027  15.092  -27.688  101.360 0.8750000000
54028  14.125  -27.628  101.538 0.8750000000
54029  13.097  -27.780  101.476 0.7500000000
53003  12.453  -28.339  101.191 0.8750000000
53008  11.432  -28.303  100.569 0.8750000000
53009  10.851  -28.485  100.230 0.7500000000
53017  10.647  -28.506  98.824 0.8750000000
127360  15.995  -27.781  99.997 0.8750000000
51911  14.933  -28.877  100.440 0.7500000000
51912  14.525  -28.974  101.025 0.7500000000
114646  13.870  -28.465  101.417 0.7500000000
53031  10.852  -28.578  96.594 0.8750000000
123791  10.551  -28.537  98.103 0.8750000000
51918  15.436  -28.818  99.590 0.7500000000
51930  15.223  -29.447  99.345 0.6250000000
51968  10.928  -28.978  94.931 0.7500000000
53032  9.974  -29.261  96.302 0.8750000000
136490  15.799  -29.284  98.380 0.6250000000
50870  14.937  -30.107  99.058 0.6250000000
121296  10.508  -29.596  94.434 0.7500000000
50878  15.615  -29.810  97.999 0.6250000000
50879  15.141  -30.288  98.376 0.6250000000
50880  14.597  -30.733  98.725 0.5000000000
50933  11.024  -29.798  92.998 0.7500000000
50889  15.421  -30.484  97.581 0.6250000000
49847  14.515  -31.625  97.569 0.5000000000
49908  9.882  -31.387  91.725 0.6250000000
118744  9.762  -30.975  93.125 0.6250000000
119820  9.161  -30.768  93.920 0.6250000000
50899  15.650  -30.641  96.758 0.6250000000
49856  15.204  -31.250  96.301 0.6250000000
49846  15.127  -31.186  97.205 0.6250000000
48790  14.144  -32.274  97.152 0.5000000000
116955  9.740  -31.957  91.171 0.6250000000
50944  9.397  -31.513  92.519 0.6250000000
49857  14.698  -31.801  96.767 0.3750000000
48866  9.587  -32.534  90.526 0.5000000000
48877  9.860  -32.766  89.773 0.5000000000
48867  8.707  -33.055  90.987 0.5000000000
129971  10.313  -33.970  88.572 0.5000000000
47747  9.123  -33.833  89.644 0.5000000000
47734  8.252  -33.757  90.741 0.5000000000
46660  9.547  -35.047  89.027 0.5000000000
46640  8.886  -34.543  89.544 0.5000000000
45656  9.366  -35.890  88.929 0.5000000000
44721  10.281  -36.508  87.744 0.5000000000
57640  15.086  -23.835  101.198 0.7500000000
54041  11.241  -27.773  98.377 0.7500000000
57639  15.676  -23.938  100.973 0.7500000000
54984  16.085  -26.428  100.859 0.6250000000
53024  11.039  -28.190  97.450 0.7500000000
55869  16.581  -25.952  100.575 0.6250000000
54026  16.058  -27.304  100.539 0.7500000000
53035  11.900  -28.012  95.214 0.8750000000
116780  11.421  -28.172  95.892 0.8750000000
53005  16.485  -27.460  99.502 0.7500000000
119700  12.106  -28.310  93.951 0.8750000000
136204  11.415  -28.496  95.273 0.7500000000
119066  16.306  -28.070  98.950 0.8750000000
51984  11.705  -29.201  92.990 0.7500000000
51978  11.188  -29.001  94.244 0.7500000000
52009  12.055  -29.307  91.533 0.7500000000
50888  15.990  -29.895  97.125 0.6250000000
50952  11.680  -29.870  91.154 0.8750000000
50953  10.753  -30.579  91.611 0.7500000000
50898  16.134  -30.175  96.230 0.6250000000
49920  11.082  -31.279  89.956 0.5000000000
50961  11.463  -30.453  90.522 0.6250000000
49932  11.165  -31.802  89.301 0.5000000000
130777  10.285  -31.856  90.501 0.6250000000
47760  10.455  -33.438  88.754 0.6250000000
47746  9.772  -33.317  89.408 0.5000000000
46676  10.831  -34.814  87.721 0.6250000000
46659  10.228  -34.550  88.453 0.6250000000
45668  10.834  -35.718  87.395 0.5000000000
44720  10.931  -36.422  86.987 0.5000000000
45669  10.112  -35.571  88.268 0.5000000000
57645  16.248  -23.587  100.535 0.6250000000
57646  15.397  -23.364  100.650 0.7500000000
57644  17.178  -23.574  100.252 0.7500000000
56738  16.136  -24.501  100.851 0.7500000000
56744  17.371  -24.976  100.286 0.6250000000
55868  17.114  -25.613  100.314 0.6250000000
54991  16.552  -26.699  100.315 0.7500000000
54055  12.186  -27.351  94.356 1.0000000000
54046  11.947  -27.507  95.895 1.0000000000
55871  17.842  -25.593  98.908 0.7500000000
54989  17.302  -26.178  99.418 0.7500000000
54990  16.847  -26.796  99.756 0.7500000000
54075  12.273  -27.829  92.948 1.0000000000
54995  17.517  -26.147  98.738 0.7500000000
54996  16.986  -26.724  99.153 0.7500000000
52020  12.229  -29.196  90.612 1.0000000000
52008  12.291  -28.715  91.516 1.0000000000
53016  16.624  -27.879  98.214 0.7500000000
52031  12.277  -28.565  90.096 1.0000000000
129880  11.931  -29.832  90.536 0.8750000000
51948  16.512  -28.479  97.627 0.6250000000
50972  12.118  -30.044  89.115 1.0000000000
118172  16.438  -29.094  96.994 0.6250000000
50983  12.247  -30.370  88.282 1.0000000000
49931  11.850  -31.035  88.985 0.8750000000
50897  16.529  -29.766  95.744 0.6250000000
119055  12.129  -31.299  88.051 0.6250000000
47759  11.255  -32.875  88.285 0.6250000000
117221  16.605  -29.970  94.989 0.6250000000
50908  16.261  -30.358  95.397 0.6250000000
47775  11.660  -33.144  87.394 0.6250000000
50920  16.727  -30.082  94.287 0.6250000000
47787  11.787  -33.519  86.614 0.6250000000
47776  10.914  -33.840  88.046 0.6250000000
124755  11.340  -35.020  86.860 0.6250000000
45678  11.535  -35.094  85.824 0.5000000000
45691  10.632  -35.793  84.488 0.5000000000
45685  11.269  -35.887  85.341 0.5000000000
44727  10.900  -36.689  85.006 0.5000000000
44732  10.151  -36.542  84.297 0.5000000000
43723  9.723  -37.737  84.330 0.5000000000
58585  17.285  -22.352  99.343 0.6250000000
58586  16.441  -22.483  99.396 0.6250000000
58584  18.169  -22.375  99.315 0.6250000000
58575  17.640  -22.968  99.778 0.6250000000
136690  17.517  -24.279  100.223 0.6250000000
55030  11.756  -26.721  93.694 0.8750000000
59559  18.373  -21.248  98.602 0.6250000000
57652  18.491  -23.211  99.490 0.5000000000
56749  18.283  -24.981  99.068 0.6250000000
54077  11.588  -26.860  92.072 0.8750000000
54090  12.288  -27.770  92.200 1.0000000000
58583  19.139  -22.544  99.357 0.5000000000
57651  19.288  -23.536  99.185 0.5000000000
123517  18.930  -24.531  98.617 0.5000000000
55870  18.558  -25.154  98.452 0.6250000000
136674  17.821  -26.179  98.202 0.7500000000
54035  17.323  -26.662  98.475 0.7500000000
53080  12.146  -27.902  90.209 1.0000000000
53069  12.353  -28.038  91.552 1.0000000000
54998  18.291  -25.850  97.601 0.7500000000
54999  17.713  -26.531  97.823 0.7500000000
54039  17.184  -27.184  98.048 0.7500000000
53087  11.994  -28.223  89.414 1.0000000000
55002  17.989  -26.331  97.132 0.7500000000
114087  17.369  -27.467  96.804 0.6250000000
53029  16.853  -28.271  96.859 0.6250000000
52041  12.117  -29.478  88.516 1.0000000000
137697  17.785  -26.820  96.778 0.6250000000
53028  17.344  -28.040  96.137 0.6250000000
51956  16.837  -28.980  96.120 0.6250000000
50993  11.418  -29.873  86.775 1.0000000000
51007  10.773  -30.203  86.005 0.8750000000
51006  11.749  -30.764  86.526 1.0000000000
51967  16.867  -29.320  95.227 0.6250000000
49964  11.213  -31.198  85.775 0.7500000000
49963  11.965  -31.519  86.407 0.7500000000
118129  16.943  -30.132  93.575 0.6250000000
49977  11.857  -31.957  85.971 0.5000000000
47803  11.716  -33.632  85.758 0.5000000000
46693  11.655  -34.312  86.308 0.5000000000
46711  11.104  -34.823  84.824 0.5000000000
45692  9.706  -35.730  83.893 0.5000000000
133855  9.744  -37.079  84.113 0.5000000000
120710  9.111  -37.210  83.639 0.3750000000
120456  20.163  -21.154  98.608 0.5000000000
59558  19.307  -21.045  98.798 0.6250000000
54078  10.606  -26.381  91.995 0.8750000000
59547  19.805  -21.800  99.097 0.5000000000
54103  11.652  -27.360  90.665 1.0000000000
58594  21.140  -22.516  98.147 0.5000000000
131378  20.383  -21.654  98.738 0.5000000000
58582  20.011  -22.949  99.102 0.5000000000
56748  19.679  -23.940  98.426 0.5000000000
56755  19.160  -24.653  98.065 0.5000000000
54117  10.046  -27.339  89.408 0.8750000000
58602  21.542  -22.621  97.570 0.5000000000
57658  20.492  -23.192  98.268 0.5000000000
128116  20.285  -23.767  97.695 0.5000000000
56754  19.707  -24.271  97.721 0.5000000000
55875  18.768  -25.234  97.839 0.7500000000
55001  18.619  -25.828  96.788 0.7500000000
53089  9.663  -27.595  88.669 1.0000000000
53088  11.025  -27.835  88.727 1.0000000000
57657  20.967  -23.189  97.620 0.3750000000
56761  20.171  -24.252  97.098 0.5000000000
55880  18.983  -25.285  97.118 0.5000000000
55887  19.286  -25.378  96.381 0.5000000000
54042  18.305  -26.410  96.419 0.6250000000
52043  10.222  -28.298  87.907 1.0000000000
52054  10.952  -28.996  87.156 1.0000000000
54045  17.905  -27.169  96.071 0.6250000000
129142  17.673  -27.779  95.495 0.6250000000
51975  17.275  -28.950  94.513 0.6250000000
118189  17.417  -29.135  93.764 0.6250000000
48931  11.158  -32.129  85.324 0.5000000000
49978  10.458  -31.433  85.219 0.6250000000
129628  11.372  -33.020  85.335 0.5000000000
47817  10.372  -33.856  84.394 0.5000000000
47804  11.209  -33.751  85.017 0.5000000000
47818  9.400  -33.885  83.811 0.5000000000
46725  10.124  -34.833  84.060 0.5000000000
46726  9.196  -34.896  83.568 0.5000000000
45693  8.843  -35.741  83.393 0.3750000000
44733  9.320  -36.482  83.732 0.5000000000
44737  8.226  -36.535  82.735 0.3750000000
45698  7.950  -35.752  82.456 0.3750000000
44742  7.815  -35.627  82.166 0.3750000000
55044  10.135  -25.983  92.611 0.8750000000
121310  9.299  -26.655  90.568 0.8750000000
54094  8.863  -26.310  91.234 0.8750000000
61674  24.013  -20.065  96.317 0.3750000000
61675  23.140  -19.983  96.559 0.3750000000
60626  22.428  -20.135  96.636 0.3750000000
60627  21.642  -20.347  96.654 0.3750000000
59573  21.525  -21.039  97.776 0.3750000000
54104  10.396  -26.895  90.332 0.8750000000
60625  24.576  -20.537  96.302 0.2500000000
125789  24.112  -20.699  96.633 0.2500000000
60614  23.507  -20.542  96.838 0.3750000000
59571  23.148  -21.029  97.154 0.2500000000
120341  22.048  -20.591  97.201 0.2500000000
59572  22.383  -21.235  97.389 0.3750000000
58593  21.720  -21.845  97.888 0.5000000000
54118  9.219  -27.200  89.262 0.8750000000
54105  9.250  -27.000  89.886 0.8750000000
59586  24.496  -21.165  96.324 0.2500000000
59587  23.770  -21.329  96.794 0.2500000000
58600  22.995  -21.733  97.012 0.2500000000
58601  22.201  -22.268  97.188 0.3750000000
58605  24.928  -21.600  95.774 0.2500000000
58616  24.533  -22.224  95.537 0.2500000000
58606  24.187  -21.859  96.166 0.2500000000
58607  23.473  -22.137  96.515 0.2500000000
58608  22.264  -22.916  96.512 0.3750000000
116487  20.913  -23.833  96.584 0.5000000000
56766  20.404  -24.429  96.297 0.5000000000
55886  19.931  -24.946  95.958 0.5000000000
55005  18.915  -25.930  96.030 0.5000000000
54047  18.513  -26.531  95.616 0.5000000000
119826  9.219  -27.697  88.134 1.0000000000
57667  22.407  -23.332  95.881 0.3750000000
56764  21.819  -23.754  95.691 0.5000000000
56765  21.167  -24.081  95.936 0.5000000000
55885  20.653  -24.588  95.578 0.5000000000
55894  20.180  -25.143  95.235 0.5000000000
55004  19.515  -25.482  95.613 0.5000000000
117835  18.697  -26.619  94.783 0.3750000000
53034  18.130  -27.213  95.145 0.6250000000
52055  9.701  -28.665  87.017 1.0000000000
55893  20.833  -24.748  94.842 0.5000000000
55906  20.287  -25.259  94.449 0.5000000000
55008  19.688  -25.644  94.845 0.5000000000
55020  19.237  -26.148  94.488 0.3750000000
53037  18.346  -27.388  94.213 0.5000000000
114092  17.729  -28.016  94.767 0.6250000000
53038  17.795  -28.378  93.921 0.6250000000
51983  17.675  -28.925  93.088 0.6250000000
49965  10.126  -30.722  85.427 0.8750000000
49979  9.678  -31.370  84.912 0.7500000000
133850  10.269  -31.944  84.821 0.5000000000
48945  9.720  -33.105  84.231 0.5000000000
48946  8.919  -32.871  84.014 0.6250000000
47819  8.651  -33.593  83.576 0.6250000000
47820  8.155  -32.992  83.575 0.5000000000
46737  8.018  -34.946  82.710 0.3750000000
46738  7.605  -34.117  82.661 0.3750000000
46750  7.270  -33.935  82.128 0.5000000000
47852  7.168  -33.248  81.596 0.3750000000
46749  7.691  -34.878  82.267 0.3750000000
118768  7.542  -34.741  82.012 0.3750000000
46761  7.779  -34.527  81.675 0.2500000000
135644  26.514  -20.094  95.516 0.2500000000
128631  25.760  -20.086  95.701 0.2500000000
61673  24.894  -20.059  95.939 0.3750000000
55045  8.626  -25.878  92.097 0.8750000000
60635  26.188  -20.685  95.615 0.2500000000
58614  26.228  -21.860  94.980 0.2500000000
59601  25.774  -21.401  95.496 0.2500000000
59585  25.251  -20.796  95.946 0.2500000000
54107  8.390  -26.580  90.020 0.8750000000
54095  8.395  -26.289  90.800 0.8750000000
58622  26.714  -22.277  94.452 0.2500000000
58615  25.361  -22.026  95.251 0.2500000000
54119  8.737  -26.903  89.490 0.8750000000
55075  8.115  -26.449  89.706 0.8750000000
57680  27.435  -22.692  93.950 0.2500000000
57681  26.296  -22.686  93.884 0.3750000000
57673  24.048  -22.722  95.201 0.3750000000
57674  23.129  -23.043  95.383 0.3750000000
53090  8.952  -27.248  88.716 1.0000000000
53091  8.623  -26.939  88.730 0.8750000000
120756  27.071  -22.991  93.400 0.3750000000
57682  25.215  -22.705  94.185 0.5000000000
57683  24.309  -22.926  94.512 0.5000000000
56790  23.604  -23.466  94.127 0.5000000000
56769  22.938  -23.522  94.685 0.5000000000
56771  21.467  -24.169  95.186 0.5000000000
53108  9.145  -28.058  87.550 1.0000000000
53100  8.789  -27.406  87.998 1.0000000000
57697  26.500  -23.516  92.558 0.7500000000
57698  25.644  -23.282  92.726 0.3750000000
135670  25.106  -23.070  93.158 0.5000000000
57693  24.584  -23.103  93.665 0.5000000000
114218  22.859  -23.867  94.122 0.6250000000
55904  21.728  -24.451  93.994 0.6250000000
55905  20.986  -24.798  94.008 0.6250000000
55018  20.370  -25.383  93.676 0.6250000000
54053  19.265  -26.466  93.532 0.3750000000
137944  19.306  -26.274  94.028 0.3750000000
114397  18.745  -27.071  93.601 0.5000000000
52056  8.944  -28.365  86.827 1.0000000000
130123  8.429  -27.329  87.421 1.0000000000
115074  25.146  -23.617  92.070 0.5000000000
56800  23.970  -23.734  92.237 0.6250000000
118548  23.018  -23.969  92.947 0.6250000000
55921  22.157  -24.427  92.788 0.6250000000
55028  20.545  -25.504  93.001 0.6250000000
55029  19.853  -25.896  93.255 0.6250000000
54063  18.826  -27.105  92.967 0.5000000000
135902  9.024  -29.287  85.870 1.0000000000
132988  21.143  -25.152  91.763 0.6250000000
55041  20.634  -25.459  92.371 0.6250000000
55057  20.199  -25.724  91.634 0.5000000000
54073  19.379  -26.478  92.779 0.3750000000
53047  18.276  -27.868  93.239 0.5000000000
52084  8.343  -29.077  85.297 0.8750000000
54101  19.421  -26.372  91.137 0.5000000000
54089  18.839  -27.061  91.473 0.3750000000
53068  18.492  -27.828  91.726 0.5000000000
53059  18.467  -27.825  92.432 0.5000000000
124705  8.899  -31.487  84.566 0.7500000000
49980  8.606  -30.562  84.725 0.7500000000
51034  8.017  -29.492  84.510 0.8750000000
114355  7.901  -28.404  84.919 0.8750000000
130901  7.560  -28.361  84.101 0.7500000000
54102  18.847  -27.037  90.645 0.2500000000
53078  18.414  -27.794  90.991 0.3750000000
48933  9.501  -32.240  84.492 0.6250000000
49991  8.284  -31.365  84.244 0.7500000000
53157  7.467  -28.644  83.383 0.6250000000
52109  7.399  -29.554  83.235 0.6250000000
53086  18.551  -27.862  90.182 0.3750000000
135386  8.872  -32.205  84.321 0.7500000000
133156  7.829  -31.349  83.913 0.6250000000
49992  7.519  -30.909  83.621 0.6250000000
51046  7.252  -30.429  83.121 0.6250000000
52122  7.194  -29.940  82.510 0.6250000000
52137  7.284  -29.587  81.971 0.6250000000
48947  8.459  -32.188  84.132 0.6250000000
48949  7.447  -31.764  83.477 0.6250000000
50003  7.085  -31.275  83.025 0.6250000000
51058  6.997  -30.764  82.426 0.6250000000
124310  7.103  -30.292  81.923 0.6250000000
48960  7.432  -32.692  83.249 0.6250000000
50025  6.942  -31.986  81.607 0.5000000000
51073  6.986  -31.111  81.754 0.5000000000
50024  7.195  -31.571  81.223 0.5000000000
47830  7.264  -33.384  82.673 0.6250000000
47840  7.013  -33.110  82.133 0.6250000000
48987  6.982  -32.678  81.662 0.5000000000
49001  7.170  -32.508  81.181 0.3750000000
50037  7.407  -32.016  80.858 0.5000000000
46778  7.785  -33.755  81.296 0.2500000000
126363  7.811  -33.134  80.872 0.2500000000
46777  8.215  -34.248  81.357 0.2500000000
60634  27.044  -20.522  95.393 0.2500000000
55060  7.719  -25.930  90.989 0.7500000000
59599  27.579  -21.131  95.100 0.2500000000
59600  26.674  -21.255  95.281 0.2500000000
55059  8.074  -26.280  90.474 0.8750000000
55076  7.770  -26.146  90.107 0.8750000000
136956  27.495  -22.266  94.455 0.1250000000
54120  8.402  -26.664  89.284 0.8750000000
54121  8.120  -26.469  88.965 0.8750000000
54129  8.335  -26.681  88.573 0.8750000000
54130  8.023  -26.459  88.253 0.8750000000
55094  7.672  -26.166  87.895 0.8750000000
57690  27.867  -23.267  93.412 0.6250000000
56788  27.303  -23.545  92.827 0.6250000000
57691  26.397  -23.112  93.116 0.6250000000
54139  8.225  -26.781  87.872 0.8750000000
54140  7.876  -26.492  87.560 0.8750000000
55102  7.564  -26.102  87.203 0.7500000000
55108  7.430  -26.014  86.473 0.7500000000
55989  7.479  -25.269  85.996 0.7500000000
56859  7.471  -24.585  85.642 0.7500000000
56796  27.857  -24.200  92.380 0.7500000000
128574  8.009  -26.951  87.167 0.8750000000
54149  7.669  -26.552  86.866 0.7500000000
55107  7.444  -26.572  86.143 0.7500000000
55116  7.358  -25.844  85.672 0.7500000000
55988  7.346  -24.908  85.193 0.7500000000
56804  26.636  -24.256  91.567 0.6250000000
56801  22.897  -24.180  92.062 0.5000000000
53120  8.133  -27.528  86.635 0.8750000000
54148  7.724  -27.093  86.475 0.7500000000
134294  7.517  -27.144  85.842 0.7500000000
55115  7.383  -26.617  85.245 0.7500000000
55125  7.352  -25.669  84.838 0.7500000000
56806  24.741  -23.898  91.366 0.6250000000
56817  24.505  -24.109  90.559 0.6250000000
56807  23.691  -23.927  91.253 0.5000000000
55932  21.979  -24.653  91.923 0.5000000000
52072  8.245  -28.243  85.940 0.8750000000
53132  7.833  -27.673  85.882 0.8750000000
54163  7.569  -27.518  85.166 0.8750000000
54175  7.444  -27.144  84.417 0.8750000000
137659  7.411  -26.339  84.410 0.8750000000
55056  20.953  -25.304  90.812 0.3750000000
55074  20.077  -25.794  90.557 0.5000000000
53145  7.523  -27.861  84.473 0.8750000000
114977  7.466  -27.732  83.646 0.8750000000
55131  7.491  -26.669  83.590 0.8750000000
54114  19.415  -26.399  90.321 0.3750000000
54186  7.504  -27.377  82.968 0.7500000000
54137  19.704  -26.642  88.056 0.2500000000
54115  19.056  -26.961  89.644 0.3750000000
53158  7.393  -29.014  82.525 0.6250000000
53173  7.567  -28.407  82.172 0.6250000000
52136  7.496  -29.559  81.579 0.6250000000
51072  7.335  -30.525  81.447 0.5000000000
51088  7.562  -31.111  80.987 0.3750000000
120161  8.578  -32.946  80.615 0.1250000000
47864  9.298  -33.474  80.714 0.1250000000
60633  27.889  -20.345  95.126 0.1250000000
117311  27.984  -21.833  94.754 0.1250000000
131345  28.300  -22.579  94.351 0.2500000000
115413  7.199  -25.029  89.839 0.7500000000
57689  28.665  -23.575  93.536 0.3750000000
134504  7.598  -25.935  88.882 0.8750000000
55972  7.515  -25.768  88.233 0.8750000000
56795  28.670  -24.469  92.641 0.5000000000
56787  28.289  -23.857  92.961 0.6250000000
55981  7.471  -25.617  87.504 0.8750000000
55985  7.477  -25.469  86.764 0.8750000000
56852  7.520  -24.696  86.278 0.7500000000
55920  27.475  -24.513  91.775 0.6250000000
56851  7.496  -23.976  86.555 0.7500000000
116504  7.533  -24.023  85.786 0.7500000000
55930  27.069  -24.729  91.163 0.6250000000
55931  26.261  -24.450  90.942 0.6250000000
56816  25.402  -24.251  90.770 0.6250000000
56009  7.823  -24.905  83.760 0.7500000000
56867  7.457  -24.324  84.740 0.7500000000
55071  26.964  -25.262  90.123 0.6250000000
55941  26.654  -24.864  90.512 0.6250000000
55942  25.882  -24.595  90.249 0.6250000000
56818  23.526  -24.120  90.277 0.5000000000
55944  22.537  -24.471  90.114 0.5000000000
55933  21.796  -24.790  90.977 0.5000000000
55139  7.731  -25.833  83.277 0.7500000000
118691  7.563  -25.667  84.034 0.8750000000
55955  25.357  -24.736  89.446 0.6250000000
55956  24.538  -24.654  89.026 0.5000000000
55943  24.446  -24.372  89.731 0.5000000000
55073  20.831  -25.427  89.816 0.3750000000
55083  20.876  -25.585  88.849 0.5000000000
55084  19.926  -26.018  89.499 0.6250000000
55148  7.950  -27.151  82.327 0.7500000000
114489  7.664  -26.796  82.825 0.7500000000
54127  19.577  -26.560  88.859 0.2500000000
54203  8.412  -27.476  81.755 0.6250000000
53190  7.666  -28.746  81.721 0.6250000000
52135  7.932  -29.250  81.291 0.3750000000
53189  8.154  -28.421  81.504 0.3750000000
52154  7.739  -30.138  81.129 0.5000000000
52152  9.392  -29.542  80.684 0.1250000000
51086  9.162  -30.401  80.589 0.1250000000
51087  8.213  -30.714  80.768 0.3750000000
50035  8.965  -31.281  80.526 0.1250000000
50036  8.046  -31.626  80.682 0.2500000000
51085  10.106  -30.115  80.388 0.1250000000
48999  8.771  -32.151  80.485 0.1250000000
57678  29.690  -23.361  94.220 0.2500000000
58612  28.856  -22.029  94.778 0.1250000000
56778  29.403  -23.817  93.728 0.5000000000
57672  29.217  -22.722  94.459 0.1250000000
56825  7.461  -24.195  89.239 0.7500000000
55914  29.399  -24.710  92.916 0.5000000000
56786  29.052  -24.186  93.233 0.5000000000
117728  7.425  -25.174  88.810 0.7500000000
56832  7.526  -24.152  88.267 0.8750000000
57725  7.779  -23.235  87.835 0.7500000000
58665  7.813  -22.454  87.620 0.7500000000
55040  29.213  -25.495  91.972 0.5000000000
55918  28.987  -25.003  92.353 0.5000000000
56842  7.473  -24.027  87.380 0.8750000000
57733  7.572  -23.107  86.941 0.8750000000
58673  7.682  -22.332  87.053 0.8750000000
55039  29.858  -25.859  92.019 0.6250000000
55053  29.407  -25.953  91.560 0.6250000000
55928  28.624  -25.194  91.840 0.7500000000
57753  7.596  -23.593  85.321 0.7500000000
53076  30.253  -27.433  90.139 0.6250000000
54098  29.757  -26.872  90.593 0.7500000000
55069  28.485  -25.980  90.586 0.7500000000
132982  28.052  -25.461  90.859 0.7500000000
57765  7.597  -23.818  84.715 0.7500000000
52026  32.243  -28.521  89.221 0.7500000000
53082  30.779  -27.872  89.640 0.7500000000
53077  29.460  -27.168  89.824 0.8750000000
55070  27.649  -25.682  90.144 0.6250000000
121181  26.843  -25.621  89.348 0.6250000000
55072  26.308  -24.985  89.736 0.6250000000
56876  8.011  -24.244  83.745 0.8750000000
57782  8.106  -23.747  83.993 0.8750000000
52036  32.464  -28.813  88.356 0.7500000000
52027  31.309  -28.277  89.108 0.7500000000
52028  30.481  -28.045  88.839 0.7500000000
53084  29.172  -27.358  88.995 0.7500000000
54110  28.689  -26.866  89.441 0.7500000000
136384  27.537  -26.109  89.440 0.7500000000
55081  25.938  -25.253  88.882 0.6250000000
55968  24.221  -24.782  88.385 0.5000000000
55970  22.491  -24.956  88.452 0.5000000000
55959  21.626  -25.130  89.106 0.5000000000
56016  9.250  -25.229  82.114 0.6250000000
56017  8.462  -25.250  82.623 0.7500000000
52046  31.825  -28.700  87.668 0.7500000000
52037  31.061  -28.377  88.285 0.7500000000
52038  30.194  -28.205  87.999 0.7500000000
53094  29.671  -27.791  88.511 0.7500000000
53085  28.353  -27.135  88.632 0.6250000000
54123  27.535  -26.881  88.241 0.8750000000
54124  26.736  -26.579  87.851 0.6250000000
55089  25.549  -25.602  88.040 0.6250000000
55091  23.921  -24.980  87.674 0.3750000000
55979  22.454  -25.240  87.675 0.6250000000
55971  21.694  -25.343  88.278 0.3750000000
55093  20.246  -26.083  88.457 0.5000000000
55146  9.557  -26.250  81.614 0.5000000000
55147  8.717  -26.014  82.149 0.5000000000
50989  33.175  -29.348  86.941 0.6250000000
50981  32.638  -29.051  87.587 0.7500000000
53104  28.491  -27.831  87.247 0.5000000000
53097  27.184  -27.178  87.306 0.6250000000
54133  26.407  -26.900  86.921 0.5000000000
54134  25.695  -26.529  86.681 0.5000000000
54126  25.249  -25.863  87.204 0.5000000000
55097  24.456  -25.512  87.017 0.5000000000
55098  23.409  -25.275  87.021 0.5000000000
55980  21.758  -25.501  87.600 0.5000000000
55100  21.292  -25.774  87.160 0.3750000000
55101  20.437  -26.150  87.573 0.2500000000
54202  9.330  -27.246  81.428 0.5000000000
119850  8.833  -26.720  81.782 0.6250000000
54136  24.161  -25.864  86.306 0.2500000000
55099  22.355  -25.517  86.840 0.3750000000
55106  20.644  -26.203  86.686 0.3750000000
116266  11.082  -26.793  80.840 0.1250000000
55156  10.236  -27.002  81.149 0.3750000000
54145  23.765  -26.197  85.629 0.2500000000
130847  23.007  -26.179  85.306 0.2500000000
55105  21.623  -25.867  86.279 0.2500000000
54212  11.620  -27.384  80.428 0.1250000000
54213  10.846  -27.637  80.759 0.3750000000
53207  9.689  -28.723  80.882 0.2500000000
53188  9.037  -28.132  81.305 0.3750000000
54221  12.882  -27.594  79.615 0.1250000000
54222  12.121  -27.946  79.989 0.1250000000
53205  11.417  -28.210  80.373 0.1250000000
53206  10.612  -28.471  80.658 0.1250000000
53208  8.696  -28.971  81.057 0.2500000000
53222  12.602  -28.554  79.542 0.1250000000
135078  12.252  -29.036  79.673 0.1250000000
53224  11.233  -29.023  80.291 0.1250000000
52151  10.364  -29.293  80.521 0.1250000000
52167  11.853  -29.510  79.777 0.1250000000
51101  10.738  -30.645  80.040 0.1250000000
55037  31.734  -26.234  93.005 0.6250000000
55027  30.570  -25.342  93.135 0.6250000000
56777  30.133  -24.015  93.982 0.5000000000
54071  31.334  -26.487  92.229 0.6250000000
55038  30.966  -25.904  92.730 0.6250000000
55913  30.013  -24.889  93.178 0.5000000000
53067  31.368  -27.442  91.026 0.5000000000
54085  30.910  -26.809  91.498 0.7500000000
54086  30.025  -26.472  91.379 0.7500000000
120222  7.745  -22.796  86.383 0.8750000000
53081  31.614  -28.136  89.870 0.6250000000
53075  31.074  -27.682  90.382 0.6250000000
58680  7.963  -23.094  84.984 0.7500000000
52035  32.923  -28.894  88.859 0.7500000000
52017  32.438  -28.378  90.061 0.6250000000
57798  9.255  -23.734  83.014 0.7500000000
57781  8.638  -23.555  83.730 0.7500000000
57764  7.859  -23.542  84.531 0.7500000000
57822  12.126  -24.057  80.928 0.2500000000
56890  11.368  -24.047  81.478 0.1250000000
57813  10.514  -24.092  81.966 0.5000000000
134536  9.310  -24.538  82.395 0.7500000000
57799  8.479  -23.989  83.411 0.7500000000
51002  33.670  -29.680  86.175 0.6250000000
56897  12.981  -24.103  80.437 0.1250000000
56899  11.540  -24.641  81.088 0.1250000000
56025  10.865  -25.251  81.308 0.1250000000
124876  10.041  -24.676  81.886 0.5000000000
49947  34.089  -29.700  86.063 0.5000000000
56898  12.314  -24.787  80.608 0.1250000000
56024  11.713  -25.455  80.752 0.1250000000
131446  11.226  -26.025  80.913 0.1250000000
115520  13.085  -25.744  79.915 0.1250000000
55155  10.535  -26.150  81.265 0.3750000000
55179  14.148  -25.763  79.182 0.1250000000
55164  13.526  -26.193  79.517 0.1250000000
55165  12.797  -26.555  79.909 0.1250000000
117554  14.119  -26.766  78.987 0.1250000000
54220  13.423  -26.966  79.459 0.1250000000
133455  15.355  -26.273  78.164 0.1250000000
53237  14.376  -27.659  78.500 0.1250000000
54231  13.657  -27.631  79.068 0.1250000000
133288  13.247  -28.257  79.178 0.1250000000
54070  32.175  -26.803  92.492 0.6250000000
127978  31.986  -26.059  93.601 0.5000000000
53058  32.538  -27.465  91.982 0.5000000000
53073  32.684  -28.156  90.731 0.5000000000
54084  31.736  -27.134  91.705 0.6250000000
59716  8.184  -21.949  86.465 0.8750000000
59717  7.868  -22.256  86.628 0.8750000000
52016  33.227  -28.542  90.248 0.5000000000
53074  31.892  -27.926  90.555 0.6250000000
129961  8.422  -22.201  85.844 0.8750000000
52025  33.030  -28.731  89.529 0.7500000000
114485  10.496  -22.874  83.232 0.6250000000
58702  9.739  -22.699  83.989 0.7500000000
114602  8.344  -22.963  84.629 0.8750000000
50970  33.525  -29.075  88.924 0.7500000000
58738  11.708  -23.173  82.167 0.5000000000
57796  10.798  -23.292  82.568 0.5000000000
58719  9.421  -23.241  83.470 0.7500000000
58703  8.806  -23.094  84.120 0.8750000000
50979  33.995  -29.323  88.223 0.6250000000
50980  33.241  -29.191  88.063 0.7500000000
57821  12.723  -23.629  80.910 0.1250000000
57812  11.103  -23.648  82.003 0.5000000000
50988  33.826  -29.474  87.322 0.6250000000
56906  14.251  -23.919  79.546 0.1250000000
130027  13.740  -23.702  80.084 0.1250000000
56035  13.023  -24.991  80.165 0.1250000000
49960  33.751  -30.041  85.256 0.3750000000
56907  13.611  -24.441  79.876 0.1250000000
49987  34.480  -30.209  84.315 0.5000000000
56914  14.755  -24.421  78.948 0.1250000000
56034  13.587  -25.317  79.660 0.1250000000
56913  15.252  -24.925  78.442 0.1250000000
56045  14.685  -25.284  78.813 0.1250000000
56066  16.705  -25.041  77.248 0.1250000000
56054  16.223  -25.053  77.586 0.1250000000
55188  15.723  -25.509  77.925 0.1250000000
55178  14.720  -26.118  78.652 0.1250000000
56930  17.026  -24.604  77.009 0.1250000000
52004  34.040  -28.503  91.266 0.6250000000
53057  33.309  -27.708  92.241 0.3750000000
52015  34.037  -28.704  90.521 0.5000000000
52005  33.439  -28.343  90.961 0.6250000000
50959  34.460  -29.068  89.803 0.6250000000
50968  34.972  -29.362  89.155 0.6250000000
52024  33.739  -28.876  89.682 0.6250000000
58717  11.491  -22.806  82.770 0.6250000000
59746  10.840  -22.296  83.927 0.7500000000
49937  34.879  -29.536  87.614 0.5000000000
50978  34.657  -29.429  88.349 0.7500000000
58737  12.542  -22.881  81.861 0.2500000000
135076  35.238  -29.569  87.178 0.6250000000
57820  13.398  -23.393  80.615 0.1250000000
58754  13.025  -23.124  81.247 0.1250000000
57811  12.100  -23.530  81.502 0.2500000000
133434  34.922  -29.590  86.201 0.6250000000
49959  34.288  -29.764  85.621 0.6250000000
115594  35.218  -29.713  84.776 0.6250000000
57848  15.901  -23.732  78.008 0.1250000000
125517  15.482  -23.239  78.579 0.1250000000
57838  14.919  -23.590  79.084 0.1250000000
137145  34.745  -30.263  83.569 0.5000000000
56923  15.788  -24.590  77.968 0.1250000000
57857  17.011  -23.822  77.011 0.1250000000
53056  33.978  -27.952  92.481 0.6250000000
53064  33.672  -28.187  91.722 0.6250000000
50958  35.234  -29.270  89.962 0.6250000000
50977  35.412  -29.503  88.554 0.6250000000
136237  12.188  -22.694  82.414 0.5000000000
58753  13.781  -22.729  80.872 0.1250000000
49958  35.751  -29.565  86.814 0.6250000000
49972  36.251  -29.576  85.384 0.7500000000
117796  35.054  -29.888  84.197 0.6250000000
50007  35.860  -29.717  83.052 0.6250000000
57830  14.541  -23.219  79.602 0.1250000000
58769  14.113  -23.063  80.167 0.1250000000
49997  35.385  -29.836  83.606 0.5000000000
58788  16.039  -22.897  78.069 0.1250000000
58779  15.145  -22.843  79.179 0.1250000000
51991  34.316  -28.437  91.946 0.6250000000
52002  35.429  -29.074  91.608 0.6250000000
52003  34.675  -28.819  91.278 0.6250000000
50957  36.142  -29.475  90.260 0.6250000000
50967  35.823  -29.498  89.371 0.6250000000
49923  36.342  -29.603  88.877 0.7500000000
49936  35.698  -29.545  88.055 0.6250000000
118193  35.948  -29.560  87.606 0.6250000000
117862  36.748  -29.549  87.451 0.6250000000
49957  36.515  -29.555  86.402 0.6250000000
49996  36.487  -29.490  83.684 0.6250000000
116908  36.854  -28.975  82.163 0.3750000000
51079  36.430  -29.157  80.904 0.2500000000
59822  16.208  -22.134  78.014 0.1250000000
58768  15.398  -22.001  79.310 0.1250000000
50949  35.923  -29.402  91.087 0.6250000000
50966  36.682  -29.572  89.600 0.6250000000
135590  36.949  -29.622  89.282 0.7500000000
120075  37.429  -29.621  88.155 0.7500000000
49956  37.636  -29.450  86.916 0.6250000000
49971  37.303  -29.497  85.855 0.6250000000
117826  37.241  -29.381  84.414 0.7500000000
117080  37.748  -28.746  83.318 0.7500000000
51063  37.295  -28.584  82.116 0.5000000000
134189  37.513  -28.622  82.685 0.5000000000
52129  37.263  -28.448  81.821 0.3750000000
135706  36.885  -28.405  81.160 0.2500000000
118300  36.854  -28.846  79.798 0.2500000000
53214  36.918  -28.057  79.736 0.2500000000
54229  36.928  -27.478  79.022 0.2500000000
53231  37.070  -28.377  78.495 0.1250000000
50976  38.151  -29.670  88.587 0.7500000000
51015  38.762  -28.886  85.464 0.7500000000
51028  38.186  -29.017  84.542 0.8750000000
49986  37.868  -29.281  85.219 0.7500000000
52127  37.953  -28.158  82.558 0.3750000000
53213  37.199  -27.586  80.762 0.2500000000
54219  37.177  -27.156  80.097 0.2500000000
121923  36.928  -26.762  78.750 0.1250000000
55186  36.908  -26.742  77.920 0.1250000000
50975  38.896  -29.611  88.309 0.6250000000
49955  38.535  -29.327  86.973 0.7500000000
51027  38.858  -28.621  84.621 0.8750000000
52115  38.291  -28.370  83.374 0.8750000000
53179  38.220  -27.818  82.418 0.5000000000
122562  37.116  -26.689  79.540 0.3750000000
123201  36.743  -26.263  77.600 0.1250000000
119873  39.436  -29.460  88.131 0.6250000000
51000  39.550  -29.034  86.855 0.6250000000
122457  39.342  -28.752  86.091 0.6250000000
51014  39.521  -28.605  85.280 0.8750000000
117334  38.981  -28.161  83.897 0.8750000000
52114  38.486  -28.121  83.233 0.8750000000
53196  37.706  -27.695  81.605 0.3750000000
54218  37.967  -26.934  81.135 0.3750000000
55163  37.684  -26.295  80.350 0.3750000000
55175  37.352  -25.865  79.600 0.3750000000
55176  36.959  -26.091  78.739 0.3750000000
56043  37.237  -25.201  79.219 0.2500000000
120750  36.855  -25.847  78.318 0.2500000000
50986  39.747  -29.226  87.598 0.6250000000
53163  39.230  -27.934  83.761 1.0000000000
53178  39.033  -27.394  82.815 1.0000000000
54211  38.549  -27.209  82.053 0.6250000000
137305  38.782  -26.515  81.726 0.5000000000
55162  38.525  -26.001  81.137 0.5000000000
55174  38.240  -25.447  80.480 0.5000000000
56042  37.951  -24.948  79.982 0.3750000000
56044  36.886  -24.978  78.647 0.1250000000
50985  40.334  -29.188  87.719 0.6250000000
52078  40.309  -28.747  85.575 0.7500000000
52089  40.044  -28.458  84.777 0.7500000000
53150  40.163  -27.891  84.092 1.0000000000
53162  39.510  -27.603  83.489 1.0000000000
118515  39.751  -27.002  83.032 1.0000000000
54210  39.358  -26.589  82.339 1.0000000000
56022  39.117  -25.262  81.153 0.5000000000
56910  37.767  -24.505  79.733 0.3750000000
52061  40.490  -29.014  86.424 0.7500000000
53138  40.827  -28.590  84.959 0.6250000000
118321  40.406  -28.279  84.428 0.8750000000
54192  40.177  -27.397  83.730 1.0000000000
54201  39.894  -26.183  82.606 1.0000000000
55152  39.746  -25.851  82.143 0.8750000000
56032  38.802  -24.733  80.619 0.5000000000
56905  38.392  -24.289  80.236 0.6250000000
52077  41.034  -29.136  85.844 0.5000000000
53125  41.613  -28.632  85.481 0.5000000000
53137  40.990  -28.218  84.219 0.7500000000
54180  40.705  -27.283  83.900 0.7500000000
54191  40.275  -26.554  83.256 0.8750000000
55145  40.007  -25.536  82.207 0.8750000000
56014  39.825  -25.203  81.731 0.7500000000
56896  39.888  -24.050  81.246 0.6250000000
56031  39.577  -24.614  81.204 0.6250000000
56904  39.197  -24.137  80.763 0.6250000000
53124  42.139  -27.891  85.172 0.5000000000
116754  41.434  -28.278  84.788 0.6250000000
54179  41.303  -27.180  84.251 0.6250000000
54169  41.539  -27.795  84.454 0.6250000000
55144  40.235  -25.625  82.586 0.7500000000
56013  40.229  -25.010  82.047 0.8750000000
56021  40.095  -24.527  81.658 0.6250000000
55112  42.652  -27.080  85.431 0.3750000000
54168  42.006  -27.122  84.775 0.3750000000
55122  42.395  -26.396  85.217 0.3750000000
55129  41.612  -26.301  84.551 0.5000000000
55136  41.175  -25.654  83.976 0.6250000000
55137  40.631  -25.687  83.210 0.7500000000
56007  40.569  -24.857  82.511 0.7500000000
126714  40.364  -24.483  81.977 0.8750000000
56889  40.304  -23.949  81.728 0.8750000000
57819  40.039  -23.464  81.351 0.7500000000
56002  41.710  -24.968  84.287 0.5000000000
56006  41.058  -24.930  83.358 0.6250000000
56882  40.973  -24.239  82.859 0.7500000000
56883  40.604  -24.122  82.219 0.7500000000
57804  40.598  -23.458  82.126 0.8750000000
57805  40.338  -23.300  81.741 0.8750000000
55995  42.812  -25.326  85.690 0.3750000000
119600  43.343  -25.268  86.232 0.3750000000
56874  42.168  -24.116  84.365 0.5000000000
56001  42.454  -24.740  85.073 0.3750000000
128947  41.366  -23.664  83.249 0.5000000000
58709  40.981  -22.837  82.648 0.5000000000
57790  40.933  -23.611  82.631 0.6250000000
60798  43.824  -19.463  83.234 0.1250000000
60787  43.467  -20.316  83.753 0.1250000000
133400  41.257  -21.649  82.819 0.5000000000
60799  43.123  -19.892  83.276 0.1250000000
119037  42.176  -20.419  83.103 0.5000000000
128139  40.569  -22.530  82.111 0.6250000000
59759  40.725  -21.450  82.232 0.5000000000
58727  40.136  -22.724  81.540 0.8750000000
60801  41.320  -20.532  82.485 0.5000000000
59760  40.272  -21.790  81.737 0.5000000000
56863  42.804  -23.905  85.147 0.3750000000
129016  41.870  -23.654  83.840 0.5000000000
57771  41.777  -23.018  83.655 0.5000000000
57789  41.290  -23.124  83.070 0.5000000000
60785  44.368  -19.757  84.159 0.2500000000
60786  43.975  -19.996  83.906 0.2500000000
58708  41.553  -22.357  83.303 0.5000000000
61799  44.308  -19.299  83.424 0.1250000000
59740  42.064  -21.395  83.500 0.5000000000
59748  42.785  -20.726  83.617 0.3750000000
61809  44.300  -18.784  82.837 0.2500000000
58666  44.331  -22.387  86.342 0.2500000000
118467  44.181  -23.108  86.401 0.3750000000
57743  43.454  -23.793  85.855 0.3750000000
58674  44.170  -22.310  85.892 0.2500000000
58682  43.872  -22.919  85.795 0.2500000000
57754  43.185  -23.049  85.235 0.3750000000
59718  44.133  -21.680  85.484 0.2500000000
127338  43.888  -22.007  85.420 0.2500000000
58683  43.525  -22.356  85.219 0.3750000000
58691  43.022  -22.246  84.664 0.3750000000
57770  42.437  -23.153  84.433 0.3750000000
59729  43.566  -21.640  84.819 0.2500000000
58692  42.312  -22.088  83.988 0.5000000000
59727  44.150  -20.557  84.565 0.2500000000
59738  43.737  -20.808  84.363 0.2500000000
59739  43.090  -21.271  84.158 0.5000000000
137392  42.579  -21.346  83.825 0.5000000000
62807  43.709  -18.231  82.014 0.3750000000
116689  43.748  -18.016  81.145 0.3750000000
60744  44.405  -20.927  85.603 0.2500000000
60761  44.384  -20.402  84.894 0.2500000000
59728  44.000  -21.294  84.978 0.2500000000
130339  44.500  -19.783  84.703 0.2500000000
61781  44.613  -19.226  84.259 0.2500000000
61798  44.653  -19.012  83.594 0.2500000000
62796  44.748  -18.296  82.574 0.3750000000
61808  44.650  -18.777  83.056 0.2500000000
62818  43.273  -17.725  80.275 0.3750000000
115050  43.235  -17.591  79.222 0.6250000000
62842  42.324  -17.717  78.723 0.6250000000
62856  42.196  -17.667  77.699 0.7500000000
62869  42.097  -17.775  76.681 0.6250000000
62817  44.379  -17.771  81.019 0.5000000000
126186  41.917  -17.899  75.766 0.6250000000
62897  41.650  -18.040  74.368 0.2500000000
62826  44.251  -17.678  80.438 0.5000000000
62841  43.075  -17.523  78.244 0.8750000000
62855  42.924  -17.603  77.200 0.8750000000
137876  42.320  -17.928  75.200 0.5000000000
64726  44.666  -16.245  72.406 0.3750000000
62896  42.339  -18.051  74.508 0.2500000000
63861  44.044  -16.737  72.039 0.1250000000
63851  43.601  -17.372  72.398 0.3750000000
62916  42.997  -17.801  72.904 0.3750000000
62907  41.976  -18.085  73.760 0.2500000000
62827  44.118  -17.549  79.613 0.6250000000
63767  43.999  -17.490  78.714 0.7500000000
63785  43.881  -17.467  77.779 0.8750000000
63802  43.748  -17.535  76.733 0.7500000000
63803  42.761  -17.793  76.013 0.6250000000
63818  43.695  -17.701  75.729 0.5000000000
63819  42.900  -17.944  75.082 0.3750000000
63834  43.009  -18.075  74.456 0.3750000000
65723  45.391  -15.196  72.793 0.3750000000
64725  45.223  -15.880  72.963 0.5000000000
127993  43.683  -17.834  74.050 0.3750000000
62906  42.790  -18.029  73.716 0.2500000000
66681  45.061  -14.095  72.110 0.2500000000
64716  44.954  -16.577  73.201 0.5000000000
63850  44.335  -17.049  72.724 0.3750000000
63841  43.659  -17.635  73.210 0.3750000000
67556  44.563  -13.811  71.598 0.3750000000
63753  45.271  -16.805  79.390 0.7500000000
63754  44.842  -17.393  79.895 0.6250000000
63784  44.623  -17.173  78.249 0.7500000000
63766  44.717  -17.215  79.093 0.7500000000
131512  47.613  -11.727  76.312 0.6250000000
68385  47.220  -12.153  76.499 0.6250000000
63817  44.610  -17.385  75.409 0.7500000000
69318  47.706  -11.394  76.738 0.6250000000
67509  46.972  -12.944  75.574 0.7500000000
122617  46.672  -13.693  75.227 0.8750000000
65704  46.050  -14.897  74.968 0.6250000000
64693  45.519  -16.181  75.690 0.5000000000
63833  43.710  -17.821  74.853 0.5000000000
69317  48.202  -10.867  76.623 0.6250000000
68395  47.449  -12.115  75.839 0.7500000000
67523  46.755  -13.292  74.486 0.7500000000
65715  45.876  -14.833  74.038 0.5000000000
65705  45.670  -15.467  74.403 0.6250000000
64705  45.460  -16.128  74.744 0.5000000000
64706  45.088  -16.735  74.120 0.5000000000
68406  47.214  -12.443  74.879 0.8750000000
67534  46.339  -13.765  73.850 0.6250000000
66663  45.970  -14.294  73.600 0.6250000000
66664  45.676  -14.826  73.310 0.6250000000
63840  44.473  -17.276  73.585 0.3750000000
63832  44.561  -17.389  74.490 0.3750000000
66673  45.889  -13.741  73.247 0.6250000000
68414  46.755  -12.592  73.972 0.6250000000
121288  46.332  -13.211  73.594 0.6250000000
132138  45.807  -13.193  73.045 0.6250000000
66674  45.523  -14.398  72.789 0.5000000000
132026  45.437  -12.877  72.545 0.6250000000
67555  44.983  -13.322  72.013 0.3750000000
120094  44.439  -13.069  71.456 0.3750000000
115922  45.475  -16.216  79.301 0.7500000000
64662  45.476  -16.147  78.662 0.8750000000
63783  45.150  -16.744  78.558 0.7500000000
68370  46.107  -12.725  77.904 0.7500000000
67481  45.674  -13.394  78.399 0.6250000000
64669  45.401  -16.303  77.904 0.8750000000
132025  45.063  -16.810  77.853 0.8750000000
68378  46.534  -12.424  77.383 0.7500000000
67490  46.200  -13.231  77.411 0.8750000000
63800  45.269  -16.668  77.049 0.7500000000
126541  44.638  -17.224  77.363 0.8750000000
70219  47.868  -10.502  77.614 0.3750000000
68377  47.069  -11.893  77.097 0.6250000000
68386  46.649  -12.668  76.919 0.6250000000
66620  46.256  -14.361  76.404 0.7500000000
63801  44.648  -17.313  76.391 0.8750000000
70229  48.108  -10.730  77.092 0.5000000000
67500  46.786  -12.893  76.340 0.7500000000
67510  46.597  -13.646  76.015 0.7500000000
65686  46.061  -14.981  75.921 0.7500000000
64704  45.772  -15.553  75.358 0.7500000000
63816  45.226  -16.795  76.026 0.7500000000
70228  48.573  -10.326  76.833 0.5000000000
66633  46.375  -14.308  75.529 0.7500000000
63831  45.168  -16.797  75.072 0.5000000000
69332  47.970  -11.348  76.096 0.6250000000
69343  47.623  -11.641  75.205 0.7500000000
69352  47.092  -11.839  74.322 0.6250000000
68424  46.024  -12.537  73.229 0.6250000000
68425  45.441  -12.113  72.625 0.5000000000
68438  44.862  -12.433  71.918 0.3750000000
67491  45.790  -13.775  77.985 0.7500000000
66610  45.630  -14.678  78.154 0.8750000000
65643  45.554  -15.437  78.362 0.8750000000
65656  45.717  -15.043  77.581 0.8750000000
129892  45.940  -14.156  77.511 0.8750000000
66609  46.046  -14.461  77.060 0.8750000000
65668  45.896  -15.041  76.773 0.8750000000
130162  45.553  -15.734  77.954 0.8750000000
67501  46.350  -13.631  76.835 0.7500000000
65669  45.605  -15.795  77.172 0.8750000000
64680  45.515  -16.204  76.477 0.8750000000
70218  48.463  -10.157  77.343 0.3750000000
64679  45.741  -15.621  76.273 0.8750000000
69331  48.436  -10.583  76.243 0.3750000000
70252  48.076  -10.848  75.464 0.6250000000
70259  47.484  -11.039  74.577 0.6250000000
70260  46.659  -11.160  73.729 0.6250000000
69353  46.522  -11.993  73.668 0.6250000000
69362  45.976  -11.708  73.170 0.6250000000
70270  45.924  -10.918  73.003 0.6250000000
134720  45.522  -11.444  72.668 0.6250000000
69363  45.056  -11.562  72.138 0.6250000000
70282  44.833  -10.792  71.701 0.7500000000
71980  49.634  -8.476  76.516 0.5000000000
71199  49.340  -9.173  76.527 0.6250000000
71186  49.034  -9.675  77.075 0.5000000000
129391  49.754  -7.392  75.596 0.5000000000
72005  49.598  -7.865  75.484 0.5000000000
71992  49.524  -8.594  75.973 0.5000000000
71213  48.591  -9.493  75.256 0.6250000000
70251  48.558  -10.084  75.725 0.6250000000
72826  49.396  -7.714  74.736 0.6250000000
135970  48.979  -8.069  74.511 0.7500000000
71222  48.153  -9.156  74.494 0.6250000000
71214  47.944  -10.129  74.792 0.6250000000
72834  49.626  -7.073  74.177 0.7500000000
72835  48.966  -7.681  73.913 0.7500000000
130942  48.465  -8.359  74.169 0.6250000000
117185  47.160  -10.420  74.078 0.6250000000
72012  48.086  -7.955  73.323 0.7500000000
72013  47.624  -8.710  73.634 0.7500000000
71223  47.328  -9.611  73.911 0.6250000000
71224  46.459  -10.111  73.329 0.6250000000
72849  47.929  -7.574  72.335 0.6250000000
72024  47.171  -8.162  72.769 0.6250000000
71234  46.791  -9.082  73.083 0.7500000000
72025  46.468  -8.595  72.199 0.6250000000
71236  45.329  -9.887  71.942 0.7500000000
134337  45.780  -10.229  72.659 0.7500000000
70295  44.769  -10.010  71.107 0.5000000000
72825  49.801  -7.089  74.930 0.6250000000
73626  49.868  -6.539  74.248 0.6250000000
131944  48.676  -7.535  73.065 0.8750000000
72859  48.450  -7.180  71.635 0.7500000000
72034  46.939  -7.862  71.653 0.6250000000
136950  46.280  -8.329  71.437 0.6250000000
72869  47.147  -7.590  70.648 0.6250000000
72870  46.429  -7.967  70.732 0.6250000000
73635  49.920  -6.528  73.614 0.8750000000
119543  49.394  -7.132  73.338 0.8750000000
72847  49.834  -6.642  72.772 0.8750000000
72848  48.972  -7.192  72.502 0.7500000000
116830  49.334  -6.749  71.970 0.7500000000
131709  47.650  -7.458  71.371 0.6250000000
72867  48.712  -6.874  70.113 0.7500000000
72868  47.991  -7.171  70.631 0.7500000000
73634  50.158  -6.048  73.785 0.5000000000
74531  50.734  -5.462  73.219 0.5000000000
125041  50.440  -6.099  73.129 0.6250000000
73645  50.369  -6.210  72.398 0.7500000000
73655  49.953  -6.410  71.578 0.7500000000
128489  50.934  -5.687  72.620 0.6250000000
72858  48.998  -6.806  71.079 0.8750000000
73662  50.587  -6.147  70.907 0.7500000000
73671  50.338  -6.329  69.921 0.7500000000
73672  49.409  -6.666  69.576 0.7500000000
73684  50.089  -6.529  68.999 0.6250000000
72889  49.756  -6.862  68.062 0.8750000000
72895  48.955  -7.274  67.322 0.6250000000
72903  49.454  -7.391  66.407 0.7500000000
72902  50.419  -7.255  66.307 0.7500000000
73654  50.796  -5.904  71.831 0.6250000000
116340  51.009  -6.246  69.305 0.6250000000
73694  50.746  -6.501  68.410 0.6250000000
122345  50.021  -7.105  67.122 0.8750000000
72914  49.865  -7.472  65.506 0.6250000000
74541  51.348  -5.128  72.634 0.3750000000
73653  51.391  -5.351  72.026 0.5000000000
73661  51.373  -5.664  71.222 0.5000000000
115775  51.237  -5.972  70.262 0.6250000000
73670  51.928  -5.845  69.606 0.6250000000
133139  50.584  -6.775  67.677 0.6250000000
72894  50.983  -6.936  67.043 0.6250000000
72901  51.455  -7.034  66.199 0.6250000000
72900  52.235  -6.951  65.609 0.6250000000
114981  53.939  -6.398  66.226 0.3750000000
73715  53.103  -6.673  65.902 0.5000000000
72911  52.945  -6.876  65.079 0.5000000000
73714  54.722  -6.377  65.647 0.3750000000
75471  51.791  -4.860  72.041 0.3750000000
74548  51.995  -5.156  71.474 0.3750000000
74557  52.058  -5.508  70.609 0.5000000000
73683  51.680  -6.204  68.672 0.5000000000
73682  52.609  -5.780  68.909 0.6250000000
114701  52.357  -6.247  68.012 0.5000000000
73693  51.384  -6.548  67.814 0.6250000000
73681  53.413  -5.777  68.255 0.5000000000
73692  53.043  -6.254  67.291 0.5000000000
73701  51.956  -6.644  67.138 0.6250000000
73700  52.504  -6.665  66.450 0.6250000000
136887  53.295  -6.422  66.562 0.3750000000
73698  54.715  -6.012  66.654 0.3750000000
74556  52.705  -5.020  70.946 0.2500000000
74563  52.883  -5.344  69.931 0.3750000000
74572  53.398  -5.414  69.126 0.3750000000
74571  54.091  -5.279  68.851 0.3750000000
136114  53.894  -5.868  67.610 0.3750000000
129964  54.990  -5.405  67.882 0.3750000000
129779  54.595  -5.742  67.424 0.3750000000
74587  55.187  -5.601  67.116 0.3750000000
114361  55.434  -5.244  67.486 0.3750000000
73697  55.381  -5.818  66.313 0.3750000000
74570  54.730  -5.133  68.613 0.2500000000
74586  55.594  -5.462  66.658 0.3750000000
74580  55.163  -5.011  68.351 0.3750000000
115496  12.342  -28.968  100.966 0.7500000000
51922  11.169  -29.612  100.559 0.7500000000
51921  13.769  -29.727  100.616 0.7500000000
49818  13.049  -30.925  99.879 0.7500000000
49827  13.973  -31.109  99.009 0.5000000000
50901  8.437  -31.189  95.615 0.6250000000
48837  7.217  -32.446  93.970 0.6250000000
48847  7.542  -32.659  93.392 0.6250000000
47723  7.112  -33.539  92.422 0.6250000000
51932  10.208  -29.511  98.877 0.7500000000
54030  11.923  -27.856  100.801 0.7500000000
53012  10.628  -28.489  99.600 0.8750000000
53013  10.402  -29.055  98.877 0.8750000000
54034  10.907  -27.972  99.850 0.8750000000
53018  10.162  -29.048  98.152 0.8750000000
51933  9.759  -29.931  98.234 0.6250000000
51920  14.391  -29.419  100.349 0.7500000000
53002  13.137  -28.627  101.378 0.7500000000
53025  10.177  -29.008  97.317 0.7500000000
51949  9.951  -29.620  97.385 0.6250000000
50890  9.410  -30.474  96.660 0.6250000000
50859  14.638  -29.794  99.686 0.7500000000
136649  8.991  -30.573  95.708 0.6250000000
50909  8.729  -30.892  95.570 0.6250000000
50922  8.860  -31.016  94.642 0.6250000000
49888  8.346  -31.398  94.088 0.6250000000
49898  8.900  -31.484  93.360 0.6250000000
125243  7.851  -32.726  92.756 0.6250000000
48857  7.777  -32.810  92.057 0.6250000000
49909  8.998  -31.997  91.885 0.6250000000
47735  7.679  -33.944  91.260 0.5000000000
47736  7.158  -33.967  91.737 0.6250000000
46641  7.981  -34.855  89.930 0.5000000000
120989  8.382  -34.057  90.022 0.5000000000
45648  7.685  -35.540  90.102 0.5000000000
54988  12.653  -26.610  101.080 0.7500000000
134205  12.422  -27.470  101.148 0.8750000000
119965  15.632  -27.033  101.195 0.8750000000
53000  15.302  -28.396  100.893 0.7500000000
132499  15.691  -27.749  100.921 0.8750000000
53001  14.645  -28.287  101.338 0.7500000000
52999  15.714  -27.961  100.462 0.8750000000
53007  15.426  -28.435  100.089 0.7500000000
53006  15.892  -28.235  99.549 0.8750000000
51919  14.946  -29.106  99.868 0.7500000000
53030  11.550  -27.807  96.647 1.0000000000
53036  10.728  -28.834  95.750 0.8750000000
51929  15.763  -28.906  99.014 0.6250000000
51940  15.433  -29.688  98.733 0.6250000000
53040  11.734  -28.503  94.555 0.7500000000
131085  16.100  -29.226  97.754 0.6250000000
50934  10.177  -30.147  93.608 0.7500000000
49836  14.805  -30.919  97.955 0.6250000000
50943  10.508  -30.374  92.615 0.7500000000
51985  11.093  -29.423  93.668 0.7500000000
49907  10.513  -31.249  90.911 0.6250000000
49921  9.086  -32.468  91.272 0.5000000000
48878  9.060  -33.349  90.147 0.5000000000
47761  9.756  -34.092  89.087 0.5000000000
134962  8.877  -36.058  89.250 0.5000000000
43683  10.693  -37.103  86.870 0.5000000000
121867  16.650  -25.161  100.631 0.6250000000
54031  16.435  -27.258  100.016 0.7500000000
54048  12.108  -27.368  95.104 0.8750000000
53048  12.271  -27.862  93.766 1.0000000000
51977  11.738  -28.797  93.750 0.7500000000
53039  12.154  -27.900  94.492 0.8750000000
53049  12.143  -28.456  93.129 0.8750000000
51939  16.175  -28.644  98.335 0.7500000000
51994  12.140  -28.998  92.274 0.7500000000
51995  11.447  -29.720  92.147 0.7500000000
51957  16.395  -29.613  96.440 0.6250000000
49933  10.441  -32.137  89.861 0.6250000000
49919  11.800  -30.512  89.678 0.7500000000
48876  10.675  -32.622  89.144 0.5000000000
48890  11.560  -31.966  88.577 0.5000000000
45679  11.242  -35.842  86.428 0.5000000000
56745  16.845  -24.339  100.495 0.7500000000
58577  15.915  -22.825  100.120 0.6250000000
58576  16.793  -22.803  100.075 0.6250000000
56743  17.997  -24.671  99.804 0.7500000000
55867  17.650  -25.535  99.728 0.7500000000
115553  17.107  -26.211  100.075 0.7500000000
55010  12.074  -26.841  94.901 0.8750000000
55006  12.038  -26.765  95.833 0.8750000000
54064  12.163  -27.340  93.656 1.0000000000
54076  12.018  -27.257  92.712 1.0000000000
53060  12.323  -28.301  92.263 1.0000000000
54994  18.161  -25.710  98.302 0.7500000000
54036  16.788  -27.300  98.760 0.8750000000
117719  12.128  -29.848  89.957 0.7500000000
53070  12.187  -27.819  90.951 1.0000000000
53023  16.972  -27.693  97.505 0.7500000000
52032  12.232  -29.166  89.481 1.0000000000
53099  11.838  -28.623  88.678 1.0000000000
50992  12.153  -30.574  87.387 1.0000000000
49950  12.168  -31.475  87.181 0.8750000000
48905  12.038  -32.322  86.813 0.6250000000
48889  11.867  -32.196  87.740 0.6250000000
46675  11.411  -34.123  87.195 0.6250000000
135695  11.923  -32.977  86.767 0.6250000000
51976  16.887  -29.610  94.594 0.6250000000
59550  16.979  -22.058  98.772 0.6250000000
58587  15.625  -22.567  99.427 0.6250000000
57643  17.977  -23.791  99.905 0.6250000000
60610  18.944  -20.944  98.113 0.5000000000
59548  18.757  -21.644  99.159 0.6250000000
119182  18.647  -24.156  99.270 0.5000000000
55043  11.243  -26.554  92.764 0.8750000000
54091  12.021  -27.410  91.624 1.0000000000
54116  11.357  -27.482  89.704 1.0000000000
117777  17.500  -26.983  97.374 0.6250000000
52053  11.910  -29.664  87.628 1.0000000000
51966  17.284  -28.526  95.380 0.6250000000
52069  10.231  -29.392  86.456 0.8750000000
46710  11.564  -34.336  85.497 0.5000000000
60609  19.850  -20.790  98.162 0.3750000000
60608  20.731  -20.803  98.078 0.3750000000
59557  20.940  -21.544  98.370 0.3750000000
54093  9.917  -26.490  91.240 0.8750000000
54092  11.171  -26.793  91.287 0.8750000000
54079  9.460  -26.117  91.958 0.8750000000
58595  20.544  -22.307  98.694 0.5000000000
56760  20.743  -23.637  97.176 0.3750000000
55874  19.389  -24.745  97.418 0.6250000000
52042  11.539  -28.849  87.951 1.0000000000
57662  21.454  -23.133  96.956 0.5000000000
55879  19.687  -24.840  96.709 0.5000000000
48932  10.528  -32.833  84.735 0.5000000000
126411  8.748  -34.264  83.430 0.5000000000
46736  8.479  -34.960  83.173 0.3750000000
45697  8.264  -35.774  82.929 0.3750000000
44734  8.584  -36.512  83.237 0.3750000000
54106  8.731  -26.635  90.310 0.8750000000
60615  22.792  -20.503  97.038 0.3750000000
60616  21.268  -20.646  97.404 0.3750000000
136162  22.793  -22.359  96.679 0.1250000000
58624  24.875  -22.483  94.917 0.2500000000
58617  23.746  -22.489  95.842 0.3750000000
57666  22.991  -22.748  96.145 0.2500000000
57668  21.677  -23.538  96.254 0.5000000000
55009  19.075  -26.004  95.218 0.5000000000
56770  22.301  -23.607  95.213 0.5000000000
54054  18.961  -26.660  94.101 0.3750000000
55019  19.693  -25.829  94.024 0.6250000000
52070  9.283  -29.015  86.315 1.0000000000
51008  9.582  -29.787  85.752 1.0000000000
51992  18.072  -28.492  92.555 0.5000000000
51021  9.219  -30.583  85.140 0.7500000000
132189  8.129  -34.055  83.174 0.5000000000
131186  7.647  -33.473  83.105 0.5000000000
48948  7.909  -32.082  83.813 0.6250000000
46762  7.467  -33.878  81.687 0.3750000000
117871  8.007  -35.947  81.886 0.2500000000
58623  25.778  -22.348  94.635 0.3750000000
58613  27.104  -21.763  94.777 0.2500000000
57684  23.610  -23.142  94.817 0.3750000000
57692  25.529  -22.925  93.446 0.5000000000
56779  22.154  -24.035  94.466 0.6250000000
56780  21.420  -24.427  94.495 0.6250000000
53101  8.513  -26.985  88.136 0.8750000000
56798  26.129  -23.753  92.053 0.6250000000
56789  23.805  -23.569  93.254 0.5000000000
56799  24.692  -23.332  92.826 0.5000000000
124007  23.124  -23.857  93.653 0.5000000000
56791  22.385  -24.207  93.642 0.6250000000
55915  21.591  -24.665  93.414 0.6250000000
134200  20.971  -25.097  93.348 0.6250000000
53109  8.726  -27.818  87.311 1.0000000000
53119  8.514  -27.994  86.717 1.0000000000
55922  21.302  -25.025  92.684 0.6250000000
55042  19.990  -25.896  92.545 0.6250000000
52071  8.710  -28.780  86.048 1.0000000000
54088  19.435  -26.430  92.002 0.5000000000
54074  18.881  -27.103  92.239 0.3750000000
51009  8.800  -29.686  85.389 0.8750000000
51022  8.367  -29.864  84.852 0.7500000000
52096  7.653  -29.101  83.993 0.6250000000
49981  8.049  -30.506  84.232 0.6250000000
51035  7.584  -30.022  83.805 0.6250000000
48961  7.040  -32.101  82.876 0.6250000000
131727  7.436  -32.684  80.905 0.2500000000
49000  7.923  -32.446  80.693 0.2500000000
55946  7.400  -25.576  90.507 0.7500000000
55085  7.857  -26.243  89.298 0.8750000000
132812  7.817  -26.226  88.578 0.8750000000
124714  7.424  -24.141  85.169 0.7500000000
56797  26.995  -23.973  92.167 0.6250000000
56805  25.748  -24.014  91.423 0.6250000000
56003  7.511  -24.887  84.461 0.7500000000
132052  25.136  -24.430  90.139 0.6250000000
56808  22.690  -24.265  91.095 0.5000000000
115371  7.534  -28.126  82.792 0.6250000000
54196  7.679  -27.670  82.481 0.7500000000
54128  19.102  -27.229  88.648 0.2500000000
124784  18.626  -27.926  89.272 0.2500000000
59598  28.598  -21.062  94.937 0.1250000000
120145  28.273  -23.029  93.833 0.3750000000
57679  28.936  -23.198  94.017 0.2500000000
55919  28.271  -24.756  92.059 0.7500000000
56843  7.456  -24.817  87.047 0.8750000000
57742  7.659  -23.395  86.059 0.7500000000
55055  27.391  -25.171  90.726 0.6250000000
56877  7.693  -24.271  84.269 0.7500000000
55957  23.490  -24.491  89.191 0.5000000000
55945  21.656  -24.942  90.020 0.5000000000
56008  7.995  -25.159  83.122 0.7500000000
55082  25.078  -25.031  88.566 0.6250000000
121517  22.914  -24.693  88.780 0.5000000000
55958  22.409  -24.712  89.249 0.5000000000
55138  8.063  -26.110  82.664 0.7500000000
55092  21.030  -25.693  87.974 0.5000000000
126679  8.344  -26.690  82.142 0.7500000000
54204  7.859  -28.012  82.000 0.6250000000
52153  8.421  -29.809  80.860 0.3750000000
51102  9.894  -30.957  80.329 0.1250000000
49016  9.733  -31.817  80.323 0.1250000000
48998  9.557  -32.669  80.447 0.1250000000
56785  29.774  -24.415  93.461 0.5000000000
133404  7.774  -23.283  88.759 0.7500000000
55917  29.763  -25.273  92.592 0.5000000000
136241  7.854  -21.951  87.607 0.7500000000
55054  28.715  -25.619  91.337 0.6250000000
59709  7.897  -21.792  87.361 0.8750000000
54072  30.535  -26.205  92.050 0.6250000000
54087  29.231  -26.269  90.981 0.7500000000
55929  27.951  -25.052  91.402 0.7500000000
58690  7.709  -23.395  84.982 0.7500000000
58681  7.798  -23.084  85.626 0.7500000000
54097  30.559  -27.146  90.854 0.6250000000
54099  28.982  -26.590  90.232 0.8750000000
135980  31.790  -28.517  88.552 0.7500000000
53083  29.964  -27.625  89.340 0.7500000000
54100  28.211  -26.310  89.832 0.7500000000
56885  8.323  -24.557  83.110 0.7500000000
58704  8.204  -23.356  84.326 0.8750000000
52039  29.339  -28.009  87.654 0.6250000000
54111  27.905  -26.610  89.064 0.7500000000
54112  27.132  -26.297  88.732 0.6250000000
54113  26.345  -25.931  88.387 0.6250000000
55090  24.765  -25.281  87.790 0.5000000000
55969  23.358  -24.765  88.360 0.5000000000
55978  23.119  -24.970  87.815 0.6250000000
56891  8.807  -24.701  82.618 0.7500000000
52062  31.486  -28.827  86.620 0.7500000000
53095  28.838  -27.589  88.162 0.6250000000
53096  27.996  -27.408  87.768 0.6250000000
54125  25.970  -26.245  87.502 0.5000000000
56015  10.050  -25.479  81.626 0.5000000000
54135  25.000  -26.148  86.462 0.3750000000
116862  23.304  -25.683  86.294 0.3750000000
54214  9.975  -27.883  81.042 0.2500000000
55104  22.696  -25.831  85.922 0.2500000000
55154  11.884  -26.446  80.444 0.1250000000
55166  12.279  -27.198  80.098 0.1250000000
53223  11.924  -28.719  79.947 0.1250000000
52166  12.577  -29.346  79.381 0.1250000000
55026  31.346  -25.725  93.390 0.6250000000
121648  30.318  -25.698  92.512 0.6250000000
55903  30.533  -24.735  93.702 0.5000000000
53066  32.186  -27.701  91.201 0.6250000000
137615  7.878  -22.721  86.116 0.8750000000
119449  8.379  -22.599  85.200 0.8750000000
59726  8.056  -22.627  85.844 0.7500000000
57814  9.664  -24.131  82.429 0.7500000000
57797  10.177  -23.711  82.466 0.6250000000
58718  9.962  -23.358  82.889 0.7500000000
56884  8.922  -24.230  82.833 0.7500000000
56900  10.870  -24.504  81.545 0.3750000000
121125  34.244  -29.603  86.896 0.6250000000
49946  34.583  -29.605  86.587 0.6250000000
56023  12.477  -25.668  80.303 0.1250000000
56033  14.181  -24.847  79.356 0.1250000000
55177  15.162  -25.634  78.416 0.1250000000
55189  14.893  -26.940  78.385 0.1250000000
53065  32.969  -27.943  91.440 0.5000000000
60759  8.479  -21.201  86.927 0.8750000000
60743  8.164  -21.205  87.813 0.8750000000
58701  11.417  -22.453  83.358 0.7500000000
58689  8.997  -22.576  84.650 0.8750000000
59737  9.180  -21.957  85.426 0.8750000000
50969  34.214  -29.221  89.024 0.7500000000
135778  14.147  -23.451  79.862 0.1250000000
49974  34.123  -30.199  84.746 0.3750000000
49973  34.626  -29.769  85.154 0.7500000000
118908  15.342  -24.070  78.506 0.1250000000
52014  34.715  -29.003  90.486 0.6250000000
115210  35.483  -29.594  85.796 0.7500000000
52013  35.314  -29.229  90.802 0.6250000000
133787  36.976  -29.476  85.039 0.6250000000
123226  36.057  -29.621  84.394 0.6250000000
51051  36.877  -29.159  82.965 0.7500000000
50948  36.701  -29.529  90.978 0.6250000000
49935  36.551  -29.593  88.240 0.7500000000
135248  37.537  -29.553  87.620 0.6250000000
51040  37.540  -29.129  83.776 0.7500000000
51064  36.851  -28.746  81.546 0.2500000000
50965  38.159  -29.746  89.296 0.7500000000
49934  37.293  -29.659  88.907 0.7500000000
49945  38.242  -29.551  87.750 0.7500000000
49970  38.265  -29.274  86.142 0.7500000000
51039  38.319  -28.709  83.944 0.8750000000
52128  37.812  -28.316  82.603 0.6250000000
53197  37.479  -28.180  81.824 0.3750000000
117414  37.105  -27.833  80.934 0.2500000000
52159  36.822  -28.523  80.178 0.2500000000
52143  36.741  -28.648  80.757 0.2500000000
54230  37.033  -27.566  78.074 0.1250000000
51001  38.984  -29.053  86.516 0.7500000000
118906  39.115  -29.362  87.459 0.7500000000
52101  39.339  -28.370  84.475 0.8750000000
51038  38.805  -28.376  84.080 0.8750000000
116974  38.706  -27.874  83.117 0.8750000000
50999  40.093  -29.050  87.011 0.7500000000
51013  39.888  -28.752  86.244 0.7500000000
52100  39.708  -28.129  84.286 1.0000000000
55153  39.316  -25.881  81.723 0.8750000000
52045  40.590  -29.066  87.128 0.6250000000
53149  40.735  -27.826  83.977 0.8750000000
55130  40.858  -26.474  83.874 0.6250000000
132464  41.625  -25.621  84.508 0.3750000000
55996  42.160  -25.599  85.056 0.3750000000
56875  41.515  -24.257  83.622 0.5000000000
116781  44.323  -23.158  86.875 0.2500000000
57734  43.917  -23.794  86.480 0.2500000000
59711  44.409  -21.562  86.287 0.2500000000
64715  45.358  -16.037  73.795 0.5000000000
67544  45.452  -13.605  72.602 0.3750000000
123389  45.249  -17.121  80.212 0.5000000000
69306  47.486  -11.158  77.351 0.5000000000
66649  46.349  -14.168  74.513 0.6250000000
115395  45.528  -15.216  78.821 0.8750000000
71200  48.849  -9.861  76.437 0.5000000000
70271  45.360  -10.810  72.377 0.6250000000
71993  49.058  -9.331  75.888 0.6250000000
120699  49.766  -7.928  76.035 0.5000000000
72006  49.015  -8.582  75.105 0.7500000000
71235  46.078  -9.461  72.500 0.7500000000
71245  45.868  -8.972  71.685 0.7500000000
71246  45.333  -9.239  71.077 0.6250000000
71254  44.874  -9.409  70.492 0.6250000000
73663  49.660  -6.535  70.531 0.8750000000
42514  7.219  -37.741  96.748 0.1250000000
43499  7.568  -37.575  96.977 0.1250000000
43505  7.652  -37.135  96.553 0.1250000000
43506  7.224  -37.041  96.358 0.1250000000
44622  7.367  -36.398  96.204 0.1250000000
43507  6.801  -36.770  95.644 0.1250000000
43515  8.995  -37.134  96.033 0.1250000000
124434  8.233  -36.679  96.261 0.1250000000
42527  6.736  -37.957  94.314 0.2500000000
44636  9.347  -36.561  95.234 0.1250000000
42538  6.714  -37.762  93.437 0.2500000000
44621  7.698  -36.012  96.191 0.1250000000
132948  8.827  -36.445  95.785 0.1250000000
44620  8.445  -35.900  95.915 0.1250000000
43517  6.661  -37.351  95.011 0.2500000000
43533  6.542  -37.128  94.005 0.3750000000
127155  6.715  -37.697  92.831 0.3750000000
126368  6.840  -37.802  91.955 0.2500000000
43575  6.694  -37.343  92.397 0.2500000000
42581  7.951  -38.307  89.790 0.2500000000
131248  7.658  -35.241  96.191 0.1250000000
126853  7.300  -35.696  96.124 0.1250000000
44623  7.027  -36.216  96.011 0.1250000000
44637  6.725  -36.005  95.359 0.2500000000
45563  8.223  -35.165  96.155 0.1250000000
44657  6.540  -36.501  94.673 0.3750000000
135546  6.467  -36.545  94.038 0.3750000000
44668  6.504  -36.590  93.546 0.3750000000
44680  6.587  -36.632  92.811 0.3750000000
43553  6.602  -37.223  93.138 0.3750000000
44689  6.731  -36.474  91.993 0.2500000000
44697  7.464  -36.625  90.494 0.2500000000
43611  6.890  -37.249  91.654 0.2500000000
43629  7.649  -37.436  90.162 0.2500000000
43610  7.229  -37.300  90.898 0.2500000000
42594  8.687  -38.524  88.985 0.3750000000
45565  6.980  -35.476  95.714 0.2500000000
45564  7.344  -34.799  95.894 0.2500000000
45562  8.910  -35.197  95.865 0.2500000000
45604  6.546  -35.645  94.671 0.2500000000
45584  9.959  -35.483  95.002 0.1250000000
133138  6.603  -35.982  92.593 0.3750000000
44698  7.105  -36.557  91.194 0.2500000000
44706  7.920  -36.796  89.829 0.3750000000
43647  8.940  -37.616  88.835 0.3750000000
43664  9.837  -38.113  87.450 0.3750000000
43665  9.460  -37.546  88.217 0.3750000000
43684  10.361  -37.828  86.637 0.3750000000
42610  10.021  -38.587  86.434 0.3750000000
43703  10.734  -37.354  85.779 0.3750000000
47669  7.810  -33.712  95.995 0.3750000000
126378  9.072  -34.365  96.183 0.3750000000
46527  8.729  -33.676  96.366 0.3750000000
46545  7.219  -34.044  95.347 0.5000000000
46544  8.100  -34.493  96.206 0.2500000000
46546  6.917  -34.770  95.292 0.5000000000
45561  9.789  -34.705  95.758 0.1250000000
128252  6.457  -35.259  94.191 0.5000000000
45626  6.566  -35.313  92.915 0.3750000000
121251  7.015  -35.914  91.410 0.3750000000
120803  7.624  -36.138  90.112 0.2500000000
44714  9.671  -36.309  88.437 0.3750000000
45647  8.280  -36.133  89.589 0.3750000000
44722  9.596  -36.894  88.300 0.3750000000
120828  9.154  -37.093  88.731 0.3750000000
119490  10.073  -37.370  87.613 0.3750000000
44728  10.364  -37.316  84.761 0.3750000000
47670  7.503  -33.317  95.450 0.5000000000
46526  9.498  -33.560  96.565 0.3750000000
47671  7.206  -33.408  94.915 0.5000000000
46564  6.899  -34.072  94.839 0.5000000000
46577  6.700  -33.953  94.355 0.5000000000
46543  10.604  -34.048  96.058 0.3750000000
46585  6.557  -34.579  93.378 0.3750000000
45616  6.447  -35.281  93.639 0.5000000000
47713  6.840  -33.854  93.114 0.3750000000
46596  6.709  -34.620  92.550 0.3750000000
46609  6.936  -34.613  91.784 0.3750000000
45631  6.731  -35.441  92.025 0.3750000000
45640  7.195  -35.243  91.258 0.3750000000
136825  8.079  -35.480  89.763 0.3750000000
44724  11.080  -36.625  86.052 0.3750000000
46525  10.131  -33.732  96.467 0.3750000000
47683  6.957  -33.403  94.520 0.6250000000
47700  6.629  -33.845  93.885 0.3750000000
129167  6.867  -34.052  92.260 0.3750000000
46624  7.425  -34.572  91.190 0.3750000000
47649  9.361  -33.018  96.876 0.3750000000
47650  8.569  -32.947  96.487 0.3750000000
47651  7.902  -32.784  96.001 0.5000000000
47668  11.403  -33.284  96.767 0.2500000000
46524  10.882  -33.540  96.512 0.3750000000
47691  6.831  -33.278  94.221 0.5000000000
47667  12.166  -33.246  96.749 0.2500000000
46542  11.415  -33.788  96.076 0.2500000000
47639  9.991  -32.489  97.541 0.3750000000
47647  10.929  -33.032  97.128 0.3750000000
47648  10.133  -33.040  97.064 0.3750000000
47645  12.976  -32.973  97.179 0.2500000000
46541  12.294  -33.710  95.820 0.2500000000
47681  13.938  -32.933  95.698 0.2500000000
46540  12.957  -33.594  95.518 0.2500000000
47682  13.574  -33.422  95.219 0.1250000000
48817  14.574  -32.635  95.350 0.2500000000
47689  14.247  -33.205  94.927 0.1250000000
48828  15.368  -32.371  94.126 0.2500000000
47688  14.820  -32.855  94.566 0.2500000000
48792  12.966  -32.647  97.807 0.3750000000
47646  12.337  -32.803  97.695 0.2500000000
48791  13.502  -32.541  97.501 0.3750000000
47665  13.627  -32.860  96.625 0.2500000000
48807  14.821  -31.914  95.791 0.2500000000
49866  15.422  -31.461  95.372 0.2500000000
48827  15.906  -31.837  93.758 0.2500000000
49877  15.651  -31.673  94.575 0.2500000000
49886  16.747  -30.657  93.096 0.3750000000
48835  16.221  -31.900  93.062 0.2500000000
48774  13.913  -31.988  97.898 0.3750000000
49855  15.743  -30.748  95.820 0.5000000000
48808  14.278  -32.398  96.238 0.2500000000
50921  16.373  -30.525  94.647 0.5000000000
49876  16.106  -31.133  94.222 0.3750000000
49875  16.534  -30.610  93.880 0.3750000000
50932  17.160  -30.165  92.883 0.5000000000
50941  17.384  -30.088  92.217 0.5000000000
51993  17.748  -29.276  92.205 0.5000000000
52047  30.827  -28.517  87.388 0.6250000000
52063  30.506  -28.708  86.448 0.3750000000
50919  17.094  -29.632  94.007 0.5000000000
114531  17.459  -29.676  92.740 0.5000000000
52064  29.475  -28.686  85.921 0.3750000000
121210  29.648  -28.986  84.905 0.1250000000
52006  18.171  -28.545  91.940 0.3750000000
136435  17.845  -29.103  91.551 0.3750000000
114497  30.047  -29.132  84.191 0.1250000000
53105  27.680  -27.714  86.774 0.3750000000
136918  30.276  -28.905  85.613 0.3750000000
52091  29.467  -29.207  83.443 0.1250000000
52104  29.117  -29.396  82.850 0.1250000000
52080  30.629  -29.173  84.927 0.2500000000
52118  29.665  -29.270  82.291 0.1250000000
54044  11.658  -27.397  97.445 0.6250000000
49999  34.225  -30.715  83.702 0.2500000000
52133  29.854  -29.259  81.682 0.1250000000
59736  10.172  -22.016  84.714 0.6250000000
59735  11.340  -21.616  84.447 0.6250000000
59745  11.793  -21.878  83.765 0.5000000000
54993  12.022  -27.322  100.494 0.7500000000
54037  11.649  -27.371  99.936 0.7500000000
114633  11.787  -26.981  98.151 0.7500000000
54043  11.922  -27.066  96.645 0.7500000000
120297  11.246  -26.138  94.180 0.7500000000
55031  10.786  -26.020  93.449 0.7500000000
121312  7.890  -20.797  91.255 0.5000000000
60691  8.137  -20.637  90.500 0.5000000000
51004  32.090  -29.212  85.705 0.3750000000
52079  31.112  -29.015  85.694 0.3750000000
61738  8.144  -20.201  90.045 0.5000000000
51003  32.963  -29.618  85.778 0.5000000000
51019  31.065  -29.334  84.276 0.1250000000
61749  8.151  -19.724  89.594 0.5000000000
62740  8.281  -19.488  89.252 0.5000000000
124226  32.512  -29.778  84.922 0.2500000000
132875  31.650  -29.569  84.295 0.1250000000
52102  31.039  -29.431  83.158 0.1250000000
125716  7.991  -21.885  88.201 0.6250000000
60723  8.247  -20.853  88.503 0.5000000000
61758  8.298  -20.114  88.930 0.5000000000
61769  8.529  -19.581  88.742 0.5000000000
51016  33.287  -30.353  84.782 0.2500000000
51030  32.320  -30.196  83.905 0.2500000000
127110  30.383  -29.248  82.575 0.1250000000
59699  8.069  -21.494  88.022 0.6250000000
61770  8.373  -20.485  88.280 0.5000000000
62738  9.001  -18.576  88.832 0.5000000000
124546  30.865  -29.287  81.757 0.1250000000
52103  29.998  -29.248  82.975 0.1250000000
120110  8.675  -20.038  87.989 0.6250000000
62751  9.216  -19.171  88.287 0.5000000000
129546  33.535  -30.830  83.928 0.2500000000
120663  31.139  -29.348  81.205 0.1250000000
61768  9.494  -19.613  87.634 0.6250000000
59725  10.172  -21.503  85.433 0.7500000000
60784  11.806  -20.924  84.861 0.6250000000
61797  11.995  -20.148  85.206 0.6250000000
59734  12.178  -21.191  84.185 0.6250000000
60783  12.440  -20.328  84.457 0.6250000000
129203  12.458  -21.466  83.562 0.5000000000
60797  12.795  -20.677  83.710 0.5000000000
55000  12.057  -26.169  98.414 0.7500000000
55003  11.817  -26.534  97.439 0.7500000000
55888  11.664  -26.059  96.245 0.7500000000
55022  11.793  -26.519  94.569 0.7500000000
115570  11.112  -25.965  94.939 0.7500000000
55023  10.194  -25.653  94.312 0.7500000000
55058  8.254  -25.990  91.609 0.7500000000
130224  8.036  -26.071  91.175 0.7500000000
59657  7.681  -21.529  91.462 0.5000000000
61714  7.695  -19.580  92.015 0.5000000000
61725  7.978  -20.022  91.041 0.5000000000
62713  7.591  -18.816  92.073 0.5000000000
134907  7.903  -22.444  90.045 0.5000000000
59671  8.117  -21.299  90.429 0.5000000000
62720  7.730  -19.151  91.130 0.5000000000
131329  7.931  -22.482  89.262 0.5000000000
58651  8.122  -21.887  89.807 0.5000000000
137864  7.981  -19.227  89.926 0.5000000000
58658  8.045  -21.862  88.973 0.6250000000
129006  8.223  -21.423  89.545 0.5000000000
125467  8.182  -21.261  88.854 0.5000000000
52090  30.567  -29.274  83.658 0.1250000000
128420  7.958  -22.497  88.390 0.6250000000
62739  8.416  -18.810  89.282 0.5000000000
52116  30.985  -29.314  82.389 0.1250000000
52117  30.348  -29.233  81.981 0.1250000000
133411  29.666  -29.258  81.216 0.1250000000
52132  30.326  -29.332  81.283 0.1250000000
53180  29.791  -29.226  80.621 0.1250000000
60760  8.078  -21.563  87.150 0.7500000000
60741  8.903  -20.417  87.314 0.7500000000
62750  10.120  -18.755  87.815 0.6250000000
52147  30.543  -29.378  80.508 0.1250000000
61767  10.492  -19.231  87.223 0.7500000000
60758  9.270  -20.795  86.642 0.7500000000
61780  9.891  -20.053  87.016 0.7500000000
60774  9.730  -21.235  86.024 0.7500000000
60757  10.321  -20.476  86.367 0.7500000000
61789  11.321  -20.072  85.891 0.7500000000
126101  12.003  -19.321  85.523 0.6250000000
60773  10.688  -20.903  85.748 0.7500000000
61796  12.472  -19.425  84.767 0.6250000000
62784  12.639  -18.568  84.328 0.6250000000
61807  12.991  -19.459  83.776 0.3750000000
123437  12.172  -26.514  99.336 0.7500000000
55881  11.651  -25.800  97.028 0.7500000000
55895  11.047  -25.681  95.775 0.7500000000
119146  10.259  -25.123  95.950 0.7500000000
55013  9.405  -25.167  94.837 0.7500000000
55897  8.930  -24.744  95.151 0.7500000000
55032  9.628  -25.683  93.391 0.7500000000
115778  9.077  -25.464  94.075 0.7500000000
55907  8.770  -25.122  94.496 0.7500000000
57685  7.250  -23.723  94.144 0.5000000000
58629  7.308  -22.192  94.001 0.5000000000
59623  7.352  -21.313  94.226 0.5000000000
55033  8.414  -25.543  92.904 0.7500000000
55034  7.919  -25.363  93.220 0.7500000000
133111  7.150  -23.078  93.737 0.5000000000
59634  7.365  -21.629  93.539 0.5000000000
60650  7.310  -20.498  94.337 0.5000000000
114845  8.083  -25.633  92.404 0.7500000000
55923  7.670  -25.347  92.778 0.6250000000
56802  7.032  -24.497  93.134 0.5000000000
58632  7.074  -23.248  93.078 0.5000000000
59646  7.441  -21.406  92.781 0.5000000000
60670  7.506  -20.605  92.831 0.5000000000
60658  7.373  -20.180  93.641 0.5000000000
119489  7.784  -25.699  91.885 0.6250000000
132220  7.032  -24.401  91.681 0.6250000000
119793  7.226  -22.872  92.386 0.5000000000
58635  7.473  -22.386  91.523 0.5000000000
55934  7.367  -25.293  91.593 0.6250000000
57710  7.287  -23.805  90.797 0.6250000000
58641  7.826  -22.010  90.659 0.5000000000
118017  7.295  -24.245  90.100 0.6250000000
117833  7.944  -19.494  90.299 0.5000000000
63663  7.984  -17.648  90.116 0.5000000000
62729  8.092  -19.026  89.648 0.5000000000
63662  8.213  -18.158  89.720 0.5000000000
63674  8.906  -17.685  89.289 0.5000000000
63684  10.609  -17.791  87.759 0.5000000000
62762  10.978  -18.361  87.262 0.6250000000
53198  29.939  -29.049  79.842 0.1250000000
122219  11.488  -18.051  86.605 0.6250000000
62774  11.919  -18.325  85.823 0.6250000000
61778  11.549  -19.246  86.135 0.6250000000
62773  12.344  -18.703  85.087 0.6250000000
63706  12.324  -17.908  84.833 0.5000000000
114310  8.348  -24.838  94.576 0.6250000000
55908  7.780  -25.102  93.965 0.6250000000
56782  7.493  -24.204  94.422 0.5000000000
55909  7.459  -24.810  93.899 0.5000000000
62708  7.435  -19.210  92.918 0.5000000000
63655  7.632  -18.274  91.288 0.5000000000
114194  7.839  -18.594  90.293 0.5000000000
63673  9.524  -17.724  88.742 0.5000000000
63707  11.970  -17.259  85.270 0.5000000000
57827  39.504  -23.556  80.870 0.5000000000
58743  39.711  -22.855  81.048 0.6250000000
134613  38.944  -22.241  80.389 0.5000000000
65716  45.540  -15.377  73.520 0.3750000000
59773  39.816  -21.988  81.273 0.5000000000
58744  39.367  -22.123  80.731 0.3750000000
59787  38.935  -21.497  80.162 0.3750000000
60838  38.692  -20.794  79.509 0.5000000000
137928  48.680  -9.691  77.587 0.2500000000
72800  49.763  -7.793  76.510 0.3750000000
72880  47.379  -7.401  69.839 0.6250000000
72892  47.276  -7.572  68.375 0.6250000000
72062  46.717  -7.855  67.893 0.6250000000
59774  39.653  -21.072  80.741 0.6250000000
60837  39.268  -20.441  79.958 0.6250000000
60849  38.918  -19.968  79.136 0.5000000000
61858  38.645  -19.573  78.205 0.5000000000
69307  46.713  -11.703  77.686 0.6250000000
61884  38.969  -18.583  76.744 0.5000000000
61885  38.425  -18.791  76.296 0.3750000000
72878  48.492  -7.011  69.131 0.6250000000
72891  47.988  -7.318  68.404 0.6250000000
72074  46.393  -8.370  66.788 0.2500000000
135480  46.161  -8.595  66.465 0.1250000000
71287  45.760  -9.271  65.093 0.1250000000
129297  45.291  -9.632  64.499 0.1250000000
72066  47.474  -7.819  66.890 0.5000000000
72897  47.324  -7.706  67.533 0.5000000000
116276  45.026  -10.142  63.028 0.1250000000
65633  45.504  -15.792  79.481 0.6250000000
66599  45.543  -14.339  78.721 0.6250000000
133889  45.531  -15.777  78.947 0.7500000000
61844  39.581  -19.508  79.582 0.6250000000
61857  39.394  -19.135  78.661 0.5000000000
120991  39.284  -18.696  77.597 0.5000000000
62870  41.399  -17.898  76.463 0.5000000000
62871  40.660  -18.046  76.448 0.5000000000
62872  39.772  -18.271  76.600 0.5000000000
61871  38.336  -19.208  77.229 0.5000000000
62885  41.219  -17.941  75.641 0.5000000000
62886  40.330  -18.126  75.575 0.5000000000
62873  39.283  -18.393  75.940 0.5000000000
62884  41.776  -17.922  75.005 0.5000000000
125441  41.139  -17.994  74.890 0.3750000000
129199  47.737  -7.508  67.841 0.6250000000
72067  46.874  -7.971  67.132 0.5000000000
72084  46.588  -8.489  66.102 0.3750000000
71296  45.882  -9.498  64.093 0.1250000000
72896  48.026  -7.570  67.167 0.5000000000
72073  47.234  -8.125  66.338 0.5000000000
72083  47.281  -8.400  65.486 0.3750000000
71295  46.572  -9.103  64.467 0.2500000000
70367  45.203  -9.854  63.779 0.1250000000
71294  47.258  -8.673  64.699 0.2500000000
71299  46.574  -9.351  63.601 0.2500000000
71300  45.809  -9.731  63.110 0.1250000000
70376  45.391  -10.132  62.451 0.1250000000
70385  46.008  -9.858  62.169 0.1250000000
116429  46.172  -10.024  61.280 0.1250000000
62857  41.416  -17.929  78.128 0.5000000000
62858  40.681  -18.195  77.930 0.5000000000
62845  40.053  -18.506  78.234 0.5000000000
117353  41.586  -17.829  77.216 0.5000000000
114959  40.991  -18.018  77.242 0.5000000000
115548  40.223  -18.234  77.339 0.5000000000
72082  47.992  -8.062  65.591 0.3750000000
72081  48.832  -7.693  65.723 0.3750000000
116195  47.922  -8.325  64.854 0.3750000000
72095  47.854  -8.539  64.113 0.2500000000
118469  47.161  -9.181  63.232 0.2500000000
72093  49.089  -7.892  64.116 0.3750000000
72097  48.476  -8.321  63.506 0.3750000000
72098  47.735  -8.764  63.330 0.2500000000
71304  47.455  -9.104  62.495 0.2500000000
71305  46.650  -9.477  62.751 0.2500000000
72092  49.873  -7.708  63.644 0.2500000000
72096  49.255  -8.002  63.201 0.3750000000
122144  48.779  -8.288  62.740 0.2500000000
71303  47.988  -8.814  61.990 0.1250000000
71309  47.521  -9.206  61.562 0.2500000000
71310  46.788  -9.538  61.867 0.1250000000
131901  48.627  -8.460  61.940 0.1250000000
71317  46.944  -9.641  60.986 0.1250000000
72108  49.710  -8.047  60.792 0.1250000000
72109  49.109  -8.461  60.587 0.1250000000
71315  48.436  -8.933  60.416 0.1250000000
71316  47.700  -9.306  60.733 0.1250000000
72947  51.944  -7.406  61.278 0.2500000000
72956  50.436  -7.697  60.802 0.1250000000
114593  49.569  -8.311  60.014 0.1250000000
72964  50.670  -7.669  59.961 0.1250000000
62844  40.730  -18.288  78.708 0.6250000000
61856  40.076  -18.769  79.121 0.5000000000
120590  50.496  -7.463  64.871 0.6250000000
72928  49.851  -7.619  64.398 0.3750000000
72927  50.553  -7.539  64.058 0.7500000000
72934  51.290  -7.462  63.717 0.6250000000
72935  50.613  -7.565  63.276 0.5000000000
72099  49.960  -7.730  62.782 0.2500000000
72933  52.660  -7.277  63.493 0.8750000000
121231  51.379  -7.466  62.974 0.2500000000
72942  50.757  -7.568  62.425 0.2500000000
72103  50.022  -7.753  61.726 0.2500000000
72100  49.312  -8.038  62.315 0.2500000000
131308  53.851  -7.178  62.899 0.7500000000
114702  52.662  -7.322  61.949 0.5000000000
72941  51.646  -7.451  62.170 0.3750000000
72955  51.300  -7.478  60.590 0.1250000000
72948  51.011  -7.538  61.517 0.1250000000
135288  12.165  -32.578  98.155 0.3750000000
48838  6.869  -33.147  93.898 0.5000000000
54040  11.758  -27.123  99.003 0.7500000000
44715  9.128  -36.524  88.968 0.3750000000
49865  15.951  -30.972  94.989 0.3750000000
55021  12.098  -26.938  94.249 0.7500000000
42632  9.659  -38.392  84.634 0.3750000000
50931  17.295  -29.654  93.337 0.5000000000
130552  9.101  -25.757  92.667 0.7500000000
129511  18.118  -28.525  91.288 0.3750000000
50990  32.407  -29.103  86.725 0.5000000000
53106  26.897  -27.607  86.234 0.3750000000
137496  33.364  -29.989  85.332 0.2500000000
49988  34.134  -30.637  84.160 0.2500000000
129617  47.987  -7.122  69.761 0.6250000000
137890  49.874  -7.546  64.892 0.3750000000
55011  11.763  -26.310  95.393 0.7500000000
55007  11.853  -26.490  96.641 0.7500000000
56819  7.132  -24.796  90.774 0.6250000000
137601  33.033  -30.086  84.994 0.2500000000
120769  33.193  -30.655  84.323 0.2500000000
119680  6.936  -38.499  93.678 0.2500000000
44635  10.162  -36.553  94.539 0.1250000000
45585  9.152  -35.739  95.502 0.1250000000
43648  8.281  -37.585  89.483 0.3750000000
45586  6.739  -35.336  95.169 0.3750000000
114470  6.400  -35.975  94.002 0.5000000000
116459  6.504  -35.972  93.261 0.3750000000
42593  9.278  -38.307  88.172 0.3750000000
44716  8.629  -36.950  89.272 0.3750000000
43704  10.252  -38.103  85.392 0.3750000000
117609  6.636  -34.797  94.651 0.5000000000
114900  6.484  -34.597  94.022 0.5000000000
120752  11.679  -32.969  97.304 0.2500000000
123315  13.418  -33.244  95.912 0.2500000000
48816  15.149  -32.215  94.965 0.2500000000
49887  16.366  -31.262  93.423 0.2500000000
51018  31.633  -29.422  84.816 0.3750000000
60669  7.738  -20.318  92.024 0.5000000000
59645  7.661  -21.009  92.082 0.5000000000
116940  8.301  -20.881  89.757 0.5000000000
60706  8.269  -20.494  89.247 0.5000000000
119467  32.136  -29.865  84.313 0.1250000000
51017  32.790  -30.322  84.407 0.2500000000
51031  31.581  -29.656  83.878 0.1250000000
51055  31.834  -29.672  82.787 0.1250000000
63685  9.809  -18.231  88.355 0.5000000000
55889  10.924  -25.222  96.585 0.7500000000
55012  10.199  -25.398  95.283 0.7500000000
58642  7.569  -22.835  90.746 0.5000000000
61779  10.867  -19.663  86.589 0.7500000000
60772  11.414  -20.688  85.400 0.7500000000
55896  9.537  -24.887  95.609 0.7500000000
55024  8.337  -25.348  93.820 0.7500000000
57694  7.047  -23.882  93.427 0.5000000000
136457  7.555  -25.141  93.432 0.7500000000
128366  7.269  -24.999  93.195 0.5000000000
126598  7.284  -22.352  93.115 0.5000000000
125492  7.385  -20.911  93.561 0.5000000000
55924  7.446  -25.272  92.446 0.6250000000
126431  6.945  -23.917  92.588 0.5000000000
135082  7.546  -21.460  92.131 0.5000000000
61715  7.518  -19.896  92.880 0.5000000000
57702  7.224  -23.351  91.640 0.5000000000
62761  11.298  -18.826  86.657 0.6250000000
56772  7.989  -24.069  95.589 0.5000000000
56781  7.898  -24.469  94.706 0.5000000000
131291  47.084  -7.543  69.158 0.6250000000
72879  47.663  -7.332  69.108 0.6250000000
72072  48.024  -7.803  66.365 0.5000000000
125276  46.565  -8.766  65.332 0.2500000000
71298  47.216  -8.955  63.912 0.2500000000
62843  41.506  -18.042  79.362 0.6250000000
117677  48.602  -7.994  64.907 0.3750000000
125136  49.348  -7.704  64.905 0.3750000000
72094  48.401  -8.216  64.309 0.3750000000
72101  48.183  -8.605  62.674 0.1250000000
71308  48.176  -8.864  61.296 0.1250000000
130251  48.719  -8.560  61.129 0.1250000000
72104  49.235  -8.196  61.413 0.1250000000
121299  50.058  -7.955  60.212 0.1250000000
72926  51.309  -7.402  64.473 0.7500000000
118127  52.095  -7.200  64.851 0.7500000000
72940  52.205  -7.376  62.803 0.6250000000
72910  53.884  -6.754  64.914 0.6250000000
115010  53.087  -7.270  62.809 0.7500000000
72939  53.646  -7.205  62.185 0.5000000000
72938  54.570  -7.060  62.528 0.6250000000
120350  14.418  -33.436  94.112 0.1250000000
48836  15.750  -32.598  93.214 0.1250000000
47698  15.054  -33.076  93.710 0.1250000000
47699  14.704  -33.788  93.342 0.1250000000
47712  14.815  -34.041  92.580 0.1250000000
49897  16.552  -31.287  92.530 0.1250000000
48846  16.087  -32.139  92.279 0.1250000000
50951  17.510  -29.850  91.458 0.2500000000
123073  16.819  -30.963  91.883 0.1250000000
48845  16.520  -31.484  91.696 0.1250000000
122718  11.780  -25.709  97.712 0.6250000000
50942  16.963  -30.612  92.360 0.2500000000
127055  11.220  -25.090  97.447 0.6250000000
55882  10.270  -24.558  97.060 0.6250000000
55890  9.716  -24.668  96.375 0.6250000000
55873  12.318  -25.530  99.144 0.6250000000
59641  15.339  -22.283  91.762 0.2500000000
135235  14.779  -22.260  92.417 0.2500000000
59630  15.162  -22.112  93.348 0.2500000000
55876  11.715  -24.962  98.198 0.6250000000
114618  14.208  -22.162  93.089 0.2500000000
55877  10.667  -24.313  97.680 0.6250000000
118087  14.979  -22.242  90.978 0.2500000000
59654  14.397  -22.163  91.439 0.2500000000
56758  9.914  -23.707  98.001 0.6250000000
59670  14.310  -21.864  90.591 0.2500000000
115195  13.765  -22.100  92.076 0.2500000000
55878  9.704  -23.967  97.307 0.6250000000
55883  9.495  -24.241  96.815 0.6250000000
59685  13.734  -21.376  90.267 0.2500000000
59655  13.439  -21.651  91.024 0.2500000000
55884  9.086  -24.287  96.491 0.6250000000
55891  8.608  -24.104  96.346 0.5000000000
59684  14.308  -21.498  89.838 0.2500000000
55892  8.415  -24.365  95.516 0.5000000000
51052  36.139  -29.456  82.379 0.3750000000
50018  35.701  -29.621  82.044 0.2500000000
59616  17.144  -21.550  94.811 0.2500000000
131027  16.440  -21.588  95.167 0.2500000000
59603  16.049  -21.534  95.800 0.2500000000
59591  15.573  -21.511  96.428 0.5000000000
59640  16.649  -21.928  92.783 0.2500000000
59628  17.143  -21.654  93.707 0.2500000000
118078  16.316  -21.681  94.385 0.2500000000
59617  15.681  -21.677  95.016 0.2500000000
59604  15.190  -21.557  95.702 0.5000000000
132455  14.889  -21.523  96.285 0.5000000000
54997  12.368  -26.500  99.950 0.6250000000
115276  16.874  -22.023  91.249 0.2500000000
59629  16.087  -21.904  93.521 0.2500000000
115870  15.426  -21.839  94.192 0.2500000000
59618  14.714  -21.763  94.886 0.2500000000
56752  11.205  -23.708  98.797 0.6250000000
56756  11.841  -24.455  98.870 0.6250000000
114738  16.267  -22.135  91.953 0.2500000000
114739  15.743  -22.186  92.663 0.2500000000
59631  14.561  -22.007  93.979 0.2500000000
118747  10.945  -22.733  98.856 0.5000000000
57653  11.417  -23.335  99.035 0.6250000000
59668  16.256  -22.107  90.347 0.2500000000
59653  15.825  -22.269  91.067 0.2500000000
59632  13.714  -22.032  93.733 0.2500000000
121705  13.804  -21.740  95.063 0.5000000000
59567  10.541  -21.948  98.074 0.5000000000
57654  10.558  -23.137  98.746 0.6250000000
56757  11.037  -23.989  98.243 0.6250000000
114561  15.791  -21.908  89.626 0.2500000000
59669  15.180  -22.052  90.202 0.2500000000
59642  13.276  -21.992  92.830 0.2500000000
124485  13.071  -21.712  95.090 0.5000000000
59607  12.491  -21.539  95.626 0.5000000000
59608  11.581  -21.399  95.968 0.5000000000
59580  11.231  -21.728  97.651 0.5000000000
129078  9.900  -22.538  98.525 0.5000000000
57655  9.738  -23.170  98.473 0.6250000000
59698  15.875  -21.590  88.823 0.1250000000
137273  12.700  -21.798  94.035 0.5000000000
128261  11.775  -21.429  95.221 0.3750000000
59595  11.121  -21.495  96.832 0.5000000000
59581  10.211  -21.628  97.426 0.3750000000
58596  9.742  -22.044  98.157 0.3750000000
57656  9.041  -22.787  98.330 0.3750000000
56759  9.024  -23.617  97.676 0.3750000000
131198  15.598  -21.004  88.149 0.1250000000
59683  15.010  -21.551  89.328 0.1250000000
59656  12.850  -21.644  91.908 0.2500000000
59633  12.279  -21.638  93.613 0.3750000000
59568  9.543  -21.710  97.743 0.3750000000
131349  9.107  -21.655  97.807 0.3750000000
57660  8.562  -23.169  98.020 0.3750000000
56763  8.319  -23.606  96.818 0.5000000000
60721  14.959  -20.976  88.603 0.1250000000
60677  12.558  -20.953  91.167 0.1250000000
59569  8.482  -21.170  97.640 0.3750000000
132294  8.326  -21.652  97.797 0.3750000000
60704  14.163  -20.818  89.152 0.1250000000
56773  7.725  -23.891  95.261 0.3750000000
136548  22.751  -19.844  96.133 0.2500000000
60636  21.537  -20.134  95.955 0.2500000000
120155  20.898  -20.531  96.947 0.2500000000
59549  17.816  -21.816  98.882 0.5000000000
129113  20.813  -20.366  95.621 0.2500000000
128607  20.866  -20.359  96.354 0.2500000000
60628  20.032  -20.508  96.844 0.2500000000
60618  19.480  -20.672  97.547 0.2500000000
60619  18.679  -20.855  97.556 0.3750000000
117758  20.101  -20.593  95.321 0.2500000000
60638  19.413  -20.808  95.550 0.2500000000
60629  19.001  -20.659  97.010 0.2500000000
60620  18.012  -21.162  97.931 0.3750000000
59560  17.524  -21.559  98.392 0.5000000000
59551  16.136  -22.267  98.784 0.5000000000
126484  14.409  -23.925  101.184 0.6250000000
55865  13.709  -25.241  101.349 0.6250000000
60654  19.823  -20.802  93.847 0.2500000000
60646  19.595  -20.826  94.735 0.2500000000
60639  18.660  -21.093  95.886 0.2500000000
59602  17.925  -21.354  95.394 0.2500000000
60630  18.090  -21.000  97.139 0.2500000000
59589  17.249  -21.351  96.826 0.2500000000
124578  17.219  -21.490  98.001 0.5000000000
59575  16.460  -21.638  97.756 0.5000000000
132885  15.093  -22.591  99.419 0.5000000000
58578  15.020  -22.909  99.939 0.5000000000
57647  14.484  -23.421  100.639 0.6250000000
57641  13.834  -23.865  100.823 0.6250000000
129403  13.277  -24.946  100.943 0.6250000000
60665  19.132  -21.133  93.145 0.2500000000
60655  18.960  -21.227  94.093 0.2500000000
59615  18.040  -21.411  94.404 0.2500000000
132451  17.025  -21.455  95.868 0.2500000000
59590  16.412  -21.461  96.580 0.3750000000
59562  15.814  -22.023  98.255 0.5000000000
58588  14.543  -22.595  99.370 0.5000000000
58579  14.095  -23.014  99.851 0.6250000000
57642  13.376  -23.970  100.353 0.6250000000
56746  13.046  -24.493  100.219 0.6250000000
129311  12.896  -25.540  100.541 0.6250000000
59638  18.418  -21.422  92.447 0.2500000000
59639  17.525  -21.651  92.704 0.2500000000
115558  15.927  -21.539  97.142 0.5000000000
59576  15.434  -21.795  97.670 0.5000000000
59563  14.839  -22.077  98.211 0.5000000000
59553  14.203  -22.287  98.741 0.5000000000
58589  13.641  -22.582  99.249 0.5000000000
58580  13.194  -23.009  99.694 0.6250000000
56750  12.674  -24.768  99.792 0.6250000000
55872  12.642  -25.578  99.890 0.6250000000
59652  17.703  -21.662  91.819 0.2500000000
115872  14.992  -21.612  96.966 0.5000000000
59577  14.480  -21.822  97.588 0.5000000000
59564  13.875  -22.001  98.104 0.5000000000
59554  13.133  -22.206  98.541 0.5000000000
58590  12.688  -22.599  99.096 0.5000000000
57650  12.141  -23.547  99.376 0.6250000000
56751  12.014  -24.091  99.311 0.6250000000
119516  17.749  -21.687  90.939 0.2500000000
116521  17.020  -21.886  92.107 0.2500000000
115871  14.212  -21.656  97.027 0.5000000000
59578  13.525  -21.741  97.441 0.5000000000
117355  13.087  -21.864  98.015 0.5000000000
58581  12.359  -23.056  99.425 0.5000000000
133560  11.679  -23.045  99.196 0.5000000000
133593  17.083  -21.953  90.444 0.2500000000
59592  14.410  -21.559  96.518 0.5000000000
115864  12.811  -21.623  96.966 0.5000000000
59565  12.393  -21.913  98.128 0.5000000000
118620  11.958  -21.763  97.823 0.5000000000
59556  11.194  -22.297  98.507 0.5000000000
59682  16.725  -21.890  89.587 0.2500000000
59605  14.295  -21.554  95.810 0.5000000000
121774  12.918  -21.536  96.268 0.5000000000
59566  11.561  -21.944  98.138 0.5000000000
115134  16.795  -21.646  88.776 0.1250000000
59594  12.168  -21.541  96.501 0.5000000000
115047  11.986  -21.656  97.275 0.5000000000
59697  16.477  -21.310  88.039 0.1250000000
59622  10.936  -21.220  95.329 0.3750000000
59596  9.899  -21.211  96.622 0.3750000000
51989  35.697  -28.885  92.283 0.5000000000
51990  34.978  -28.692  92.129 0.5000000000
135306  11.730  -21.386  93.864 0.3750000000
59621  11.402  -21.275  94.528 0.3750000000
59582  9.176  -21.254  97.308 0.3750000000
58599  7.927  -22.498  97.558 0.3750000000
57664  8.017  -23.119  97.247 0.3750000000
51987  37.355  -29.230  92.296 0.5000000000
59643  12.454  -21.628  92.765 0.3750000000
60648  10.574  -20.805  94.517 0.3750000000
136637  10.375  -20.895  95.174 0.3750000000
60611  8.789  -21.187  97.502 0.3750000000
57665  7.709  -22.689  97.097 0.3750000000
50945  38.963  -29.763  90.972 0.3750000000
51999  38.732  -29.616  91.501 0.3750000000
50935  37.077  -29.458  91.700 0.6250000000
60740  16.692  -20.867  87.228 0.1250000000
61756  14.993  -20.180  87.968 0.1250000000
60666  12.047  -21.081  92.012 0.1250000000
60667  11.394  -20.432  92.285 0.2500000000
60656  11.101  -20.964  93.714 0.3750000000
119598  9.955  -20.456  95.118 0.3750000000
60640  9.563  -20.414  96.038 0.3750000000
56768  7.847  -23.585  96.045 0.3750000000
50946  38.424  -29.675  91.026 0.6250000000
50956  37.158  -29.597  90.259 0.6250000000
60720  15.841  -20.604  87.530 0.1250000000
60722  14.403  -20.267  88.540 0.1250000000
120181  13.456  -20.235  89.567 0.1250000000
60689  13.104  -20.744  90.302 0.1250000000
57675  7.500  -23.480  94.946 0.3750000000
50963  39.661  -29.748  89.798 0.6250000000
135658  39.219  -29.868  90.142 0.6250000000
131323  38.273  -29.857  89.906 0.5000000000
49922  37.510  -29.684  89.669 0.6250000000
50973  40.167  -29.684  89.113 0.6250000000
50964  38.911  -29.864  89.647 0.5000000000
50974  39.434  -29.734  88.903 0.5000000000
127848  39.957  -29.436  88.354 0.6250000000
61683  23.436  -19.645  95.755 0.2500000000
61676  22.195  -19.990  96.092 0.2500000000
61685  22.054  -20.005  95.555 0.2500000000
61682  24.415  -19.539  95.627 0.2500000000
61684  22.662  -19.732  95.464 0.2500000000
60644  21.505  -20.247  95.194 0.2500000000
61695  22.157  -19.932  94.877 0.2500000000
60645  20.592  -20.506  94.670 0.2500000000
60664  19.991  -20.724  92.891 0.2500000000
60676  20.208  -20.703  91.897 0.2500000000
59637  19.338  -21.139  92.217 0.2500000000
134335  19.476  -21.063  91.458 0.2500000000
59650  19.181  -21.188  90.876 0.2500000000
59651  18.622  -21.395  91.469 0.2500000000
59666  18.494  -21.452  90.521 0.2500000000
59695  18.354  -21.437  88.712 0.2500000000
59680  18.407  -21.483  89.648 0.2500000000
59667  17.683  -21.709  90.063 0.2500000000
53045  34.232  -27.657  93.096 0.5000000000
59696  17.402  -21.524  88.340 0.2500000000
59681  17.561  -21.631  89.189 0.2500000000
53044  34.767  -27.944  93.215 0.6250000000
59708  17.244  -21.297  87.653 0.1250000000
131724  36.375  -27.559  93.140 0.5000000000
53054  35.215  -28.462  92.769 0.5000000000
58603  7.664  -21.923  97.370 0.3750000000
58604  7.493  -22.109  96.854 0.3750000000
54056  37.446  -27.986  92.535 0.3750000000
53042  36.801  -28.036  92.836 0.3750000000
60631  8.980  -20.471  96.900 0.3750000000
60621  8.531  -20.456  97.455 0.3750000000
128769  7.935  -21.768  97.735 0.3750000000
53050  39.819  -28.915  91.624 0.3750000000
53051  39.328  -28.734  91.883 0.3750000000
53041  38.231  -28.561  92.326 0.3750000000
60678  11.877  -20.253  91.464 0.2500000000
130088  11.020  -20.575  92.990 0.2500000000
60657  10.497  -20.251  93.584 0.2500000000
116950  10.110  -20.221  94.357 0.3750000000
135835  7.537  -22.823  96.036 0.3750000000
51986  39.208  -29.260  91.738 0.3750000000
52012  39.997  -29.675  90.783 0.3750000000
51998  39.408  -29.669  91.157 0.3750000000
61765  15.417  -19.666  87.273 0.1250000000
60705  13.700  -20.979  89.773 0.1250000000
52011  40.407  -29.466  90.366 0.3750000000
52034  40.595  -29.356  88.503 0.5000000000
61681  25.351  -19.538  95.469 0.2500000000
115440  23.998  -19.233  95.042 0.2500000000
61702  22.912  -19.507  93.691 0.2500000000
61703  22.195  -19.816  94.009 0.2500000000
60652  21.480  -20.185  94.308 0.2500000000
61712  22.254  -19.806  93.078 0.2500000000
60662  21.537  -20.167  93.371 0.2500000000
60653  20.707  -20.455  93.619 0.2500000000
120558  22.312  -19.824  92.146 0.2500000000
132562  21.016  -20.343  91.980 0.2500000000
60663  20.855  -20.450  92.702 0.2500000000
60674  21.642  -20.191  91.617 0.2500000000
129421  21.615  -20.148  92.482 0.2500000000
60686  21.564  -20.310  90.722 0.2500000000
60675  20.864  -20.513  91.235 0.2500000000
60688  19.955  -20.803  90.844 0.2500000000
60687  20.747  -20.577  90.368 0.2500000000
59665  19.302  -21.220  90.075 0.2500000000
133872  20.068  -20.821  90.019 0.2500000000
60703  19.749  -20.964  89.251 0.2500000000
60719  19.705  -21.023  88.370 0.1250000000
134515  19.163  -21.243  88.725 0.2500000000
59679  19.011  -21.314  89.287 0.2500000000
128946  20.275  -20.805  88.035 0.1250000000
59694  18.924  -21.275  88.023 0.1250000000
60737  19.654  -21.011  87.449 0.1250000000
59707  18.034  -21.381  87.790 0.1250000000
54057  36.174  -26.971  93.247 0.5000000000
60738  18.648  -21.156  87.167 0.1250000000
59584  7.455  -21.197  97.075 0.3750000000
60753  19.279  -20.885  86.390 0.1250000000
60739  17.639  -21.039  86.956 0.1250000000
61677  9.080  -19.636  96.385 0.3750000000
60613  7.997  -20.260  97.671 0.3750000000
60624  7.491  -20.341  97.269 0.3750000000
60754  18.334  -20.889  86.440 0.1250000000
60649  9.781  -19.872  94.719 0.2500000000
59610  7.347  -21.761  95.630 0.3750000000
60755  17.657  -20.577  86.110 0.1250000000
60756  16.885  -20.451  86.471 0.1250000000
61736  12.893  -19.672  90.043 0.1250000000
60690  12.418  -20.034  90.715 0.1250000000
126473  7.355  -21.875  94.792 0.3750000000
137979  7.397  -22.296  95.146 0.3750000000
52010  40.922  -29.040  90.558 0.2500000000
51996  40.604  -29.022  91.117 0.2500000000
61764  16.110  -20.129  86.831 0.1250000000
61757  14.312  -19.417  88.333 0.1250000000
61747  13.819  -19.809  88.913 0.1250000000
53072  41.503  -28.962  90.009 0.2500000000
118939  40.413  -29.386  90.833 0.3750000000
52033  41.385  -29.090  88.700 0.2500000000
52023  40.745  -29.377  89.261 0.3750000000
53103  41.587  -28.975  87.182 0.3750000000
52044  41.061  -29.177  87.697 0.3750000000
61680  26.248  -19.605  95.308 0.1250000000
61693  24.909  -19.143  94.978 0.2500000000
61711  22.961  -19.489  92.732 0.2500000000
61701  23.638  -19.228  93.304 0.2500000000
61723  22.420  -19.888  91.130 0.2500000000
60702  20.603  -20.626  89.530 0.2500000000
60701  21.412  -20.362  89.840 0.2500000000
60718  20.423  -20.705  88.728 0.2500000000
60717  21.240  -20.441  88.979 0.2500000000
115402  20.989  -20.557  88.162 0.2500000000
62684  8.186  -18.423  97.719 0.2500000000
61671  7.806  -19.105  97.829 0.2500000000
60736  20.577  -20.712  87.428 0.1250000000
62683  8.785  -18.829  96.721 0.2500000000
62681  7.408  -18.368  97.887 0.2500000000
61672  6.986  -18.983  97.274 0.3750000000
61686  9.510  -19.766  95.442 0.2500000000
61670  8.432  -19.514  97.367 0.3750000000
128462  7.611  -19.789  97.504 0.3750000000
127292  6.914  -19.320  96.789 0.3750000000
115450  20.136  -20.817  86.793 0.1250000000
62727  13.821  -18.768  88.892 0.1250000000
61724  11.984  -19.326  91.154 0.1250000000
61713  11.350  -19.405  91.925 0.2500000000
61704  10.446  -19.466  93.254 0.2500000000
60632  7.171  -20.274  96.644 0.3750000000
123071  7.269  -20.868  95.955 0.3750000000
61687  7.003  -19.493  95.388 0.3750000000
117264  7.309  -20.900  95.116 0.3750000000
122892  42.148  -28.408  90.032 0.2500000000
61776  16.380  -19.644  86.155 0.1250000000
52021  41.849  -28.768  89.373 0.2500000000
53093  42.012  -29.079  87.893 0.3750000000
120572  42.617  -28.513  87.975 0.3750000000
62690  24.526  -18.997  94.340 0.2500000000
62697  24.232  -19.002  93.713 0.2500000000
61722  23.015  -19.535  91.843 0.2500000000
65472  15.522  -15.327  93.646 0.1250000000
65473  14.705  -15.459  93.823 0.1250000000
65474  13.838  -15.576  93.943 0.1250000000
65478  15.497  -15.375  92.524 0.1250000000
65479  14.772  -15.551  92.789 0.1250000000
65483  15.471  -15.420  91.552 0.1250000000
65480  14.001  -15.703  92.974 0.1250000000
61735  22.196  -20.067  90.152 0.2500000000
61746  22.066  -20.160  89.281 0.2500000000
65493  15.579  -15.614  89.770 0.1250000000
65487  15.484  -15.480  90.649 0.1250000000
65484  14.793  -15.669  91.848 0.1250000000
64552  14.113  -15.917  92.112 0.1250000000
65488  14.814  -15.809  90.953 0.1250000000
117566  21.920  -20.323  88.319 0.1250000000
64570  15.066  -16.262  89.218 0.1250000000
64562  14.255  -16.439  90.396 0.1250000000
64563  13.602  -16.852  90.699 0.1250000000
131687  8.709  -18.093  97.017 0.1250000000
63629  8.392  -17.445  97.620 0.2500000000
63625  7.677  -17.540  98.093 0.2500000000
64582  15.295  -16.498  88.427 0.1250000000
64571  14.410  -16.749  89.533 0.1250000000
63653  13.780  -17.231  89.889 0.1250000000
127498  9.552  -18.240  95.067 0.1250000000
129606  9.177  -18.198  96.184 0.1250000000
63671  14.663  -17.148  88.637 0.1250000000
63661  14.054  -17.709  89.114 0.1250000000
62728  13.488  -18.201  89.578 0.1250000000
62705  11.257  -18.349  92.146 0.1250000000
62698  10.303  -18.606  93.483 0.1250000000
62682  6.937  -18.484  97.563 0.2500000000
63670  15.043  -17.111  88.012 0.1250000000
63683  14.784  -17.671  87.987 0.1250000000
61737  12.486  -19.076  90.561 0.1250000000
62706  10.778  -18.958  92.669 0.1250000000
61696  10.024  -19.495  94.019 0.2500000000
128879  9.239  -19.005  95.720 0.1250000000
61678  6.725  -19.040  96.173 0.3750000000
63682  15.237  -17.619  87.420 0.1250000000
61766  14.785  -19.081  87.728 0.1250000000
61748  13.374  -19.220  89.483 0.1250000000
62749  14.840  -18.246  87.695 0.1250000000
135864  7.215  -20.101  95.024 0.3750000000
61777  15.751  -19.158  86.610 0.1250000000
61697  7.228  -19.783  94.467 0.3750000000
54096  42.179  -27.596  90.501 0.2500000000
134285  42.549  -27.795  89.861 0.2500000000
54109  43.052  -27.600  89.339 0.2500000000
54132  43.228  -28.051  87.580 0.2500000000
53102  42.411  -28.629  87.088 0.2500000000
61691  26.735  -19.167  94.790 0.1250000000
62688  26.304  -18.755  94.301 0.2500000000
114082  15.821  -14.199  97.932 0.1250000000
66466  15.161  -14.089  98.094 0.1250000000
66467  14.252  -14.298  97.801 0.1250000000
66455  13.747  -13.768  98.111 0.1250000000
61692  25.834  -19.110  94.906 0.2500000000
62689  25.421  -18.822  94.312 0.2500000000
65457  15.335  -15.044  96.122 0.1250000000
66476  15.086  -14.620  97.292 0.1250000000
118777  13.399  -14.197  97.887 0.1250000000
66456  12.955  -13.793  98.129 0.1250000000
62696  25.025  -18.753  93.524 0.2500000000
66483  16.172  -14.907  96.100 0.1250000000
65458  14.414  -15.116  96.061 0.1250000000
66477  14.137  -14.845  96.950 0.1250000000
66468  12.590  -14.327  97.664 0.1250000000
65465  15.469  -15.245  94.872 0.1250000000
65466  14.590  -15.348  94.941 0.1250000000
65459  13.456  -15.101  95.999 0.1250000000
65450  13.229  -14.732  97.123 0.1250000000
66457  12.103  -13.826  98.020 0.1250000000
62704  24.371  -18.953  92.953 0.2500000000
65467  13.681  -15.432  94.993 0.1250000000
65460  12.443  -15.113  96.001 0.1250000000
65451  12.085  -14.828  96.915 0.1250000000
66469  11.621  -14.425  97.527 0.1250000000
124055  23.259  -19.544  91.135 0.2500000000
137802  23.505  -19.405  91.666 0.2500000000
65475  12.933  -15.663  94.074 0.1250000000
65469  11.763  -15.618  95.195 0.1250000000
65452  11.080  -15.066  97.022 0.1250000000
66470  10.618  -14.600  97.607 0.1250000000
65462  10.499  -15.568  96.409 0.1250000000
61734  22.935  -19.748  90.348 0.2500000000
64547  13.116  -15.971  93.059 0.1250000000
64548  12.288  -16.177  93.427 0.1250000000
64541  12.045  -15.897  94.298 0.1250000000
64542  11.145  -16.171  94.574 0.1250000000
65453  10.094  -15.268  97.220 0.1250000000
64554  12.416  -16.455  92.690 0.1250000000
64549  11.452  -16.486  93.698 0.1250000000
64537  10.843  -15.813  95.472 0.1250000000
64533  8.889  -16.529  97.408 0.1250000000
64529  8.520  -15.998  97.793 0.2500000000
61745  22.692  -19.923  89.633 0.2500000000
64557  14.178  -16.193  91.268 0.1250000000
64559  12.868  -16.470  92.187 0.1250000000
64555  11.747  -16.752  92.865 0.1250000000
64543  10.338  -16.456  95.020 0.1250000000
64544  9.796  -16.743  95.550 0.1250000000
64539  9.483  -16.696  96.375 0.1250000000
64531  7.308  -16.713  97.878 0.2500000000
61755  22.859  -20.016  88.792 0.2500000000
63654  13.197  -17.704  90.260 0.1250000000
63645  12.953  -17.287  90.976 0.1250000000
63641  12.104  -17.028  92.057 0.1250000000
63642  11.412  -17.495  92.444 0.1250000000
63638  11.035  -17.197  93.182 0.1250000000
64550  10.557  -16.949  94.070 0.1250000000
63635  9.865  -17.210  94.863 0.1250000000
63632  9.477  -17.402  95.780 0.1250000000
64534  8.114  -16.671  98.008 0.2500000000
63626  7.002  -17.712  97.824 0.2500000000
63646  12.279  -17.737  91.332 0.1250000000
63647  11.703  -17.781  91.825 0.1250000000
132098  10.500  -17.700  93.492 0.1250000000
63634  10.033  -17.857  94.142 0.1250000000
63628  9.027  -17.413  96.742 0.1250000000
62711  12.220  -18.560  91.016 0.1250000000
62712  11.761  -18.516  91.508 0.1250000000
63643  10.778  -18.017  92.812 0.1250000000
62685  6.688  -18.646  96.900 0.3750000000
62718  12.958  -18.658  90.039 0.1250000000
62719  12.632  -18.154  90.639 0.1250000000
62686  6.573  -18.352  96.160 0.3750000000
62693  6.812  -18.796  95.408 0.3750000000
55078  42.783  -27.094  89.953 0.2500000000
64572  8.433  -16.952  89.764 0.3750000000
54122  43.097  -28.043  88.565 0.2500000000
54131  43.789  -27.453  88.128 0.2500000000
64584  9.162  -16.402  89.234 0.3750000000
54142  43.058  -27.957  86.612 0.2500000000
54156  42.679  -27.668  85.887 0.2500000000
119658  9.689  -16.849  88.767 0.3750000000
62695  25.957  -18.591  93.655 0.2500000000
62702  25.711  -18.619  92.909 0.2500000000
62703  25.027  -18.728  92.710 0.2500000000
62710  25.477  -18.736  92.109 0.2500000000
61709  24.595  -18.933  92.127 0.2500000000
61720  24.950  -19.060  91.417 0.2500000000
61721  24.043  -19.300  91.394 0.2500000000
61732  24.555  -19.428  90.659 0.2500000000
65447  9.617  -14.800  97.616 0.2500000000
66459  9.262  -14.278  97.603 0.2500000000
61733  23.721  -19.560  90.490 0.2500000000
65454  9.178  -15.603  97.468 0.1250000000
65448  8.652  -15.196  97.574 0.2500000000
61744  23.380  -19.774  89.641 0.2500000000
64530  7.925  -15.910  97.873 0.2500000000
63630  6.724  -17.221  97.319 0.2500000000
64536  6.687  -16.997  96.496 0.2500000000
63631  6.558  -17.747  96.637 0.2500000000
63633  6.631  -17.677  95.855 0.3750000000
125402  6.721  -18.228  95.411 0.3750000000
120064  7.101  -19.150  94.598 0.3750000000
65495  8.193  -15.887  89.918 0.3750000000
61705  7.301  -19.503  93.743 0.3750000000
55062  42.374  -26.645  90.498 0.1250000000
65494  8.523  -14.893  89.421 0.3750000000
64573  7.951  -16.783  90.303 0.3750000000
64564  7.744  -17.571  90.706 0.3750000000
55962  43.770  -26.175  89.056 0.1250000000
124321  8.710  -15.871  89.495 0.3750000000
55087  43.916  -26.799  88.587 0.2500000000
54141  43.656  -27.201  87.177 0.2500000000
65505  9.109  -15.335  88.935 0.3750000000
55103  43.590  -26.417  86.608 0.2500000000
64583  9.689  -15.819  88.526 0.3750000000
63672  10.233  -17.261  88.293 0.3750000000
62687  27.117  -18.802  94.168 0.2500000000
62694  26.672  -18.612  93.745 0.2500000000
62701  26.579  -18.577  93.070 0.2500000000
62709  26.182  -18.653  92.458 0.2500000000
67385  9.062  -13.766  97.374 0.2500000000
67393  8.660  -13.573  96.721 0.2500000000
66460  8.587  -14.393  97.300 0.2500000000
66471  8.182  -14.332  96.821 0.2500000000
65455  7.891  -15.145  97.330 0.2500000000
65456  7.332  -15.631  96.881 0.2500000000
65449  7.407  -15.933  97.544 0.2500000000
64535  6.948  -16.384  97.183 0.2500000000
64540  6.974  -16.200  96.248 0.2500000000
63640  6.999  -18.469  94.692 0.3750000000
65490  7.792  -15.856  90.525 0.3750000000
65485  7.567  -15.775  91.252 0.3750000000
64560  7.455  -16.468  91.775 0.3750000000
62699  7.230  -18.823  93.808 0.3750000000
117987  7.547  -17.358  91.530 0.3750000000
55061  43.071  -26.184  89.916 0.1250000000
63648  7.508  -18.013  92.180 0.3750000000
55948  43.509  -25.501  89.468 0.1250000000
55086  44.135  -26.115  88.289 0.2500000000
55983  43.773  -25.854  87.038 0.2500000000
125638  43.487  -25.835  86.400 0.2500000000
131251  42.714  -25.891  85.611 0.2500000000
131065  10.284  -16.270  88.077 0.3750000000
64593  10.835  -16.702  87.445 0.3750000000
66478  8.237  -13.860  95.922 0.2500000000
66472  7.795  -14.826  96.431 0.2500000000
67401  8.477  -13.024  95.182 0.2500000000
67405  8.026  -13.675  93.797 0.2500000000
67402  8.129  -13.746  94.811 0.2500000000
66479  7.795  -14.599  95.383 0.2500000000
65463  7.418  -15.440  95.876 0.2500000000
66484  7.766  -14.507  94.330 0.2500000000
65470  7.522  -15.319  94.846 0.3750000000
64545  7.250  -16.129  95.215 0.2500000000
125730  7.536  -15.295  93.881 0.3750000000
136131  7.403  -15.960  94.377 0.3750000000
64546  6.917  -16.939  95.528 0.3750000000
63637  6.917  -17.721  94.957 0.3750000000
63636  7.231  -16.861  94.396 0.3750000000
63639  7.247  -17.921  93.865 0.3750000000
64556  7.438  -16.302  92.640 0.3750000000
117651  7.404  -17.049  93.288 0.3750000000
117245  7.444  -17.166  92.371 0.3750000000
62707  7.403  -18.472  92.959 0.3750000000
63644  7.432  -17.767  92.927 0.3750000000
56810  43.161  -24.822  89.854 0.1250000000
55961  43.962  -25.528  88.633 0.2500000000
55973  44.183  -25.434  87.941 0.2500000000
55982  43.969  -25.291  87.403 0.2500000000
66489  7.736  -14.512  93.330 0.3750000000
65476  7.550  -15.409  92.936 0.3750000000
55947  43.782  -24.899  89.087 0.2500000000
57711  43.993  -24.148  88.728 0.2500000000
56834  44.165  -24.692  87.589 0.2500000000
56844  43.970  -24.540  87.038 0.2500000000
56854  43.098  -24.601  85.782 0.2500000000
132925  44.179  -23.835  86.908 0.2500000000
56853  43.612  -24.552  86.428 0.2500000000
137017  40.060  -21.171  81.354 0.5000000000
60810  40.591  -20.617  81.813 0.3750000000
60811  40.169  -20.298  81.108 0.5000000000
60836  39.815  -19.900  80.428 0.3750000000
64734  44.990  -15.586  72.423 0.2500000000
60824  40.711  -19.674  81.421 0.5000000000
72035  45.837  -8.511  70.886 0.5000000000
72044  45.913  -8.193  70.026 0.5000000000
72045  45.323  -8.773  70.277 0.5000000000
60800  42.037  -19.733  82.592 0.3750000000
60809  41.455  -19.493  81.977 0.5000000000
61832  40.467  -19.347  80.765 0.5000000000
62888  38.649  -18.541  75.427 0.1250000000
72881  46.634  -7.747  69.744 0.5000000000
72052  46.620  -7.779  68.739 0.3750000000
72068  46.258  -8.214  67.477 0.3750000000
61821  42.443  -18.972  82.290 0.5000000000
61830  42.165  -18.496  81.562 0.3750000000
61831  41.242  -18.828  81.157 0.5000000000
62819  42.068  -18.090  80.521 0.5000000000
62829  40.673  -18.479  79.484 0.5000000000
61842  40.981  -18.533  80.249 0.5000000000
62887  39.594  -18.296  75.049 0.2500000000
122735  48.249  -7.357  67.780 0.5000000000
62828  42.484  -17.751  79.642 0.5000000000
75460  52.148  -4.067  72.130 0.2500000000
133486  52.090  -4.471  71.969 0.2500000000
76321  52.531  -3.708  71.676 0.1250000000
75469  53.204  -3.989  71.355 0.1250000000
75480  53.047  -4.518  71.162 0.1250000000
76332  53.836  -3.681  70.968 0.1250000000
74555  53.433  -4.806  70.467 0.1250000000
75488  54.117  -4.621  70.080 0.1250000000
74562  53.808  -5.044  69.670 0.1250000000
72912  51.385  -7.280  65.267 0.6250000000
73625  49.912  -6.331  74.554 0.3750000000
76310  51.575  -3.833  72.488 0.1250000000
74530  51.256  -4.852  73.038 0.2500000000
77204  51.519  -2.742  71.616 0.1250000000
77216  53.619  -2.793  70.782 0.1250000000
77217  52.947  -3.137  71.277 0.1250000000
78062  51.138  -1.962  71.256 0.1250000000
76331  54.400  -3.375  70.344 0.1250000000
75478  54.332  -4.145  70.321 0.1250000000
75487  54.586  -4.512  69.717 0.1250000000
75486  54.944  -4.047  69.647 0.1250000000
137635  52.566  -7.114  64.575 0.7500000000
121476  53.725  -6.633  65.550 0.2500000000
72924  53.114  -7.046  64.268 0.5000000000
120927  52.848  -2.317  70.918 0.1250000000
78074  51.561  -1.400  70.758 0.1250000000
75494  55.226  -4.453  68.780 0.1250000000
72925  52.138  -7.328  64.117 0.7500000000
75504  55.442  -4.746  68.013 0.1250000000
136161  54.620  -6.610  64.779 0.2500000000
72931  54.393  -6.943  63.426 0.5000000000
72954  52.324  -7.350  60.296 0.1250000000
72946  53.452  -7.188  61.337 0.1250000000
130494  52.734  -7.292  61.076 0.1250000000
134171  55.420  -3.963  66.654 0.1250000000
76358  55.449  -4.220  67.507 0.1250000000
75519  55.761  -5.133  66.740 0.1250000000
73713  55.704  -5.965  65.501 0.2500000000
137723  55.223  -6.361  64.966 0.2500000000
74601  56.072  -5.456  65.535 0.2500000000
118232  55.751  -6.118  64.613 0.2500000000
72922  55.053  -6.606  64.160 0.2500000000
72953  54.141  -7.044  60.748 0.1250000000
115009  53.296  -7.214  60.499 0.1250000000
133149  53.025  -7.339  58.960 0.1250000000
72969  53.331  -7.369  58.330 0.1250000000
75539  56.247  -5.071  65.442 0.1250000000
73732  56.280  -5.791  64.175 0.2500000000
73733  55.797  -6.276  63.809 0.2500000000
133310  56.343  -5.991  63.545 0.3750000000
73742  56.252  -6.500  62.345 0.3750000000
73752  55.759  -6.775  61.616 0.5000000000
72952  54.925  -6.899  60.110 0.1250000000
124413  53.726  -7.176  59.050 0.1250000000
72959  54.554  -6.903  59.186 0.1250000000
72968  54.279  -7.141  58.271 0.1250000000
72977  53.621  -7.518  57.620 0.1250000000
72976  54.316  -7.389  57.480 0.1250000000
72122  53.863  -7.747  56.973 0.1250000000
72132  54.053  -8.070  56.366 0.1250000000
72131  54.778  -7.783  56.142 0.1250000000
72136  55.013  -8.190  55.460 0.1250000000
75551  56.591  -4.859  64.645 0.2500000000
74623  56.869  -5.491  63.668 0.2500000000
117149  56.662  -5.997  62.958 0.3750000000
73751  56.460  -6.452  61.720 0.3750000000
73779  55.816  -6.620  59.870 0.2500000000
135716  55.275  -6.708  59.335 0.1250000000
72967  55.204  -6.802  58.600 0.1250000000
72975  55.169  -7.120  57.660 0.1250000000
133763  54.592  -7.520  56.887 0.1250000000
72986  55.435  -7.304  56.760 0.1250000000
72135  55.732  -7.880  55.105 0.1250000000
72994  58.425  -7.168  54.372 0.1250000000
72995  57.510  -7.460  54.568 0.1250000000
72996  56.586  -7.677  54.810 0.1250000000
117979  56.978  -6.148  61.252 0.3750000000
73765  56.455  -6.418  60.475 0.2500000000
73778  56.626  -6.365  59.596 0.1250000000
73791  55.939  -6.554  59.030 0.1250000000
73802  56.029  -6.697  58.193 0.1250000000
72974  56.183  -6.965  57.375 0.1250000000
72991  55.578  -7.520  55.921 0.1250000000
73817  58.118  -6.865  56.076 0.1250000000
72984  57.241  -7.069  56.340 0.1250000000
73822  59.201  -6.687  54.988 0.1250000000
72988  58.288  -7.029  55.244 0.1250000000
72989  57.377  -7.232  55.478 0.1250000000
130684  58.054  -5.888  59.714 0.1250000000
73777  57.467  -6.153  59.263 0.1250000000
73776  58.393  -5.949  58.920 0.1250000000
73789  57.626  -6.299  58.408 0.1250000000
73790  56.762  -6.416  58.720 0.1250000000
136741  59.000  -5.855  58.367 0.1250000000
123563  58.419  -6.141  58.058 0.1250000000
73800  57.766  -6.487  57.614 0.1250000000
73811  57.080  -6.859  57.127 0.1250000000
73799  58.592  -6.321  57.326 0.1250000000
73809  58.810  -6.479  56.580 0.1250000000
73810  57.938  -6.691  56.859 0.1250000000
72985  56.344  -7.171  56.567 0.1250000000
73788  59.178  -5.960  57.747 0.1250000000
73798  59.430  -6.090  57.033 0.1250000000
73797  60.326  -5.767  56.745 0.1250000000
73808  59.701  -6.162  56.266 0.1250000000
73807  60.641  -5.798  55.939 0.1250000000
73816  59.032  -6.604  55.804 0.1250000000
56740  14.793  -24.480  101.442 0.6250000000
56741  13.922  -24.505  101.267 0.6250000000
55866  13.208  -25.802  101.241 0.6250000000
53055  34.574  -28.221  92.660 0.5000000000
52001  36.196  -29.288  91.710 0.5000000000
123078  41.040  -29.108  86.754 0.3750000000
53114  41.692  -28.947  86.373 0.3750000000
53113  42.333  -28.349  86.074 0.2500000000
55111  43.020  -26.317  85.936 0.2500000000
54155  43.103  -27.080  86.259 0.2500000000
55986  43.688  -25.261  86.785 0.2500000000
72890  48.746  -7.100  68.233 0.5000000000
130043  48.638  -7.540  66.575 0.5000000000
75461  51.674  -4.510  72.511 0.2500000000
74547  52.368  -4.699  71.548 0.2500000000
117346  55.635  -4.876  67.327 0.1250000000
74602  55.770  -5.599  66.062 0.2500000000
75495  54.895  -4.712  69.102 0.1250000000
59561  16.713  -21.823  98.304 0.5000000000
60617  20.417  -20.592  97.542 0.2500000000
50947  37.622  -29.600  90.987 0.5000000000
49896  17.159  -30.541  91.686 0.1250000000
54992  12.504  -26.502  100.555 0.6250000000
116842  8.980  -24.549  95.958 0.6250000000
58625  7.349  -22.799  94.606 0.3750000000
72063  46.110  -8.114  68.220 0.3750000000
61843  40.191  -19.011  79.990 0.3750000000
72932  53.536  -7.129  63.519 0.6250000000
120788  7.626  -23.268  95.752 0.3750000000
72923  54.104  -6.859  64.178 0.2500000000
72945  54.293  -7.093  61.616 0.3750000000
116242  15.307  -33.401  92.919 0.1250000000
48855  16.152  -32.145  91.334 0.1250000000
123448  12.381  -24.842  99.406 0.6250000000
57659  9.141  -23.339  98.207 0.6250000000
57663  8.443  -23.410  97.410 0.3750000000
56762  8.931  -23.851  96.953 0.6250000000
57669  7.914  -23.324  96.695 0.3750000000
56767  8.160  -23.863  96.210 0.5000000000
115783  14.026  -21.904  94.424 0.3750000000
59619  13.239  -21.871  94.371 0.5000000000
59606  13.388  -21.567  95.730 0.5000000000
58592  10.433  -22.314  98.447 0.5000000000
56753  10.447  -23.525  98.459 0.6250000000
130786  12.919  -21.905  93.549 0.3750000000
59620  12.351  -21.618  94.562 0.5000000000
59609  10.775  -21.254  96.136 0.3750000000
58597  9.010  -22.008  98.046 0.3750000000
58598  8.389  -22.401  97.927 0.3750000000
59644  11.628  -21.193  92.967 0.3750000000
57661  8.186  -22.957  97.672 0.3750000000
60612  8.356  -20.520  97.546 0.3750000000
60637  20.102  -20.497  96.028 0.2500000000
116895  19.295  -20.727  96.324 0.2500000000
136667  18.587  -20.915  96.567 0.2500000000
59574  17.299  -21.358  97.515 0.5000000000
60647  18.769  -21.152  95.012 0.2500000000
59588  17.930  -21.229  96.322 0.2500000000
59552  15.185  -22.347  98.888 0.5000000000
57648  13.637  -23.479  100.222 0.6250000000
59627  18.216  -21.426  93.416 0.2500000000
129833  16.675  -21.463  97.213 0.5000000000
57649  12.911  -23.684  99.811 0.6250000000
56747  12.563  -24.127  99.657 0.6250000000
59593  13.654  -21.571  96.535 0.5000000000
59579  12.615  -21.732  97.666 0.5000000000
59555  12.102  -22.244  98.542 0.5000000000
58591  11.795  -22.664  98.960 0.5000000000
121184  10.214  -20.945  95.746 0.3750000000
51981  36.679  -28.666  92.674 0.6250000000
129292  36.186  -28.133  93.110 0.6250000000
53053  38.306  -29.245  92.151 0.3750000000
52000  37.988  -29.580  91.676 0.6250000000
51980  37.467  -28.659  92.509 0.3750000000
59570  8.006  -21.027  97.714 0.3750000000
50955  39.449  -29.788  90.557 0.3750000000
118049  38.772  -29.843  90.404 0.6250000000
57670  7.632  -22.908  96.451 0.3750000000
58609  7.448  -22.308  96.212 0.3750000000
114641  38.000  -29.750  90.384 0.5000000000
119747  23.283  -19.419  95.061 0.2500000000
61694  22.809  -19.575  94.598 0.2500000000
123664  35.795  -27.536  93.369 0.6250000000
59583  7.718  -21.103  97.497 0.3750000000
60623  7.775  -20.453  97.560 0.3750000000
51997  40.016  -29.316  91.268 0.2500000000
137110  38.809  -28.507  92.101 0.3750000000
60668  10.827  -19.892  92.714 0.2500000000
58618  7.463  -22.700  95.506 0.3750000000
115757  40.860  -29.285  89.904 0.2500000000
115396  23.625  -19.248  94.289 0.2500000000
128167  7.238  -19.561  97.197 0.3750000000
134196  7.774  -19.535  97.669 0.3750000000
60622  8.098  -19.842  97.681 0.3750000000
59597  7.359  -21.413  96.451 0.3750000000
53071  41.583  -28.400  90.581 0.2500000000
52022  41.240  -29.074  89.472 0.2500000000
53092  42.262  -28.666  88.644 0.2500000000
61710  23.730  -19.254  92.292 0.2500000000
132202  7.386  -19.047  97.569 0.2500000000
62691  9.853  -18.690  94.263 0.1250000000
62692  9.607  -19.195  94.826 0.2500000000
135721  6.908  -19.629  96.194 0.3750000000
62737  14.391  -18.289  88.298 0.1250000000
124724  7.101  -20.159  95.750 0.3750000000
62748  15.259  -18.627  87.194 0.1250000000
65471  16.238  -15.133  93.266 0.1250000000
64561  14.881  -15.984  90.067 0.1250000000
64553  13.512  -16.092  92.361 0.1250000000
64558  13.422  -16.511  91.575 0.1250000000
63627  6.647  -18.012  97.231 0.3750000000
55077  43.431  -26.872  89.309 0.2500000000
65468  12.732  -15.504  95.063 0.1250000000
65461  11.420  -15.267  96.097 0.1250000000
64538  10.092  -16.187  95.943 0.1250000000
64532  9.663  -15.940  96.815 0.1250000000
118635  12.714  -16.974  91.587 0.1250000000
55096  44.160  -26.712  87.892 0.2500000000
131678  7.638  -16.632  90.982 0.3750000000
127521  43.931  -26.420  87.293 0.2500000000
61719  25.671  -18.999  91.486 0.2500000000
68261  8.998  -12.715  96.295 0.2500000000
66509  7.733  -15.045  90.843 0.3750000000
55095  44.125  -25.974  87.679 0.2500000000
68273  8.834  -12.483  95.480 0.2500000000
117504  44.307  -24.297  87.966 0.2500000000
56826  44.136  -24.882  88.259 0.2500000000
129865  43.422  -24.325  89.501 0.2500000000
136691  44.174  -24.275  87.245 0.2500000000
72054  45.349  -8.522  69.393 0.5000000000
72053  46.024  -8.101  69.095 0.5000000000
61810  42.781  -19.477  82.812 0.3750000000
76322  51.896  -3.471  71.949 0.1250000000
75470  52.567  -4.256  71.630 0.1250000000
77203  52.218  -3.079  71.568 0.1250000000
75479  53.739  -4.311  70.799 0.1250000000
77189  51.113  -3.174  72.075 0.1250000000
77218  52.089  -2.284  71.189 0.1250000000
126963  50.759  -1.366  70.828 0.1250000000
77243  55.230  -3.450  68.144 0.1250000000
75540  55.975  -4.884  66.013 0.1250000000
73712  56.183  -5.644  64.892 0.2500000000
72930  55.221  -6.700  63.241 0.5000000000
129114  55.035  -7.048  61.858 0.3750000000
72937  55.494  -6.829  62.448 0.5000000000
72944  54.958  -6.882  61.097 0.2500000000
72961  53.130  -7.277  59.663 0.1250000000
72960  53.971  -7.103  59.871 0.1250000000
115998  56.430  -5.196  64.865 0.2500000000
73766  55.687  -6.673  60.717 0.3750000000
72137  54.252  -8.629  55.691 0.1250000000
127363  56.940  -6.076  62.191 0.3750000000
129320  56.269  -6.507  61.151 0.3750000000
72990  56.458  -7.370  55.698 0.1250000000
74638  57.735  -5.768  61.058 0.2500000000
73764  57.362  -6.064  60.258 0.2500000000
74649  58.265  -5.647  60.456 0.2500000000
73801  56.910  -6.600  57.894 0.1250000000
73815  59.943  -6.206  55.487 0.1250000000
74670  59.757  -5.686  58.247 0.1250000000
74683  60.019  -5.751  57.530 0.1250000000
54059  34.361  -27.385  93.451 0.5000000000
54051  33.904  -26.828  93.686 0.5000000000
54060  33.838  -27.150  93.386 0.5000000000
136374  35.646  -26.466  93.326 0.2500000000
55911  34.720  -25.485  93.393 0.3750000000
55899  34.200  -25.498  93.730 0.3750000000
55014  34.101  -26.251  93.859 0.3750000000
124366  33.103  -25.059  94.158 0.3750000000
130221  32.318  -23.738  94.074 0.3750000000
58626  32.910  -23.006  93.017 0.2500000000
59635  31.443  -21.753  92.785 0.1250000000
60659  30.409  -20.649  93.369 0.1250000000
61688  29.300  -19.896  94.093 0.1250000000
122429  27.568  -19.051  92.449 0.1250000000
59636  30.881  -21.212  93.159 0.1250000000
60681  29.622  -20.550  92.185 0.1250000000
61718  26.238  -18.818  91.900 0.1250000000
60683  27.734  -20.287  90.993 0.1250000000
60684  26.847  -20.059  90.678 0.1250000000
61743  24.206  -19.710  89.815 0.1250000000
59649  29.905  -21.272  91.522 0.1250000000
60696  28.125  -20.866  90.578 0.1250000000
60698  26.439  -20.526  89.821 0.1250000000
60700  24.728  -20.045  89.253 0.1250000000
59690  28.991  -22.322  88.922 0.1250000000
59678  27.567  -21.438  89.279 0.1250000000
60711  26.903  -21.054  89.325 0.1250000000
60730  25.646  -21.003  88.064 0.1250000000
59703  27.560  -22.005  87.962 0.1250000000
59693  26.345  -21.348  88.089 0.1250000000
58672  26.988  -22.101  86.065 0.1250000000
59713  26.882  -21.876  86.820 0.1250000000
59705  26.107  -21.387  87.247 0.1250000000
59706  25.480  -21.200  86.604 0.1250000000
58700  12.328  -22.188  83.043 0.3750000000
59714  26.203  -21.667  86.171 0.1250000000
59753  13.039  -21.308  83.020 0.3750000000
58715  13.311  -21.694  82.333 0.3750000000
64609  11.525  -16.567  85.480 0.2500000000
124261  11.679  -16.639  84.766 0.2500000000
64619  11.192  -16.106  84.734 0.1250000000
63717  12.077  -17.057  84.386 0.2500000000
63716  12.516  -17.650  83.924 0.1250000000
60796  13.354  -20.232  83.067 0.3750000000
62795  12.912  -18.312  83.479 0.2500000000
61806  13.390  -19.411  82.946 0.1250000000
62794  13.222  -18.813  83.092 0.2500000000
64610  10.985  -15.890  85.483 0.2500000000
65571  10.550  -15.593  84.689 0.1250000000
63694  11.654  -17.322  86.135 0.3750000000
64618  11.430  -16.344  83.951 0.2500000000
63724  12.014  -16.873  83.462 0.2500000000
62805  13.144  -18.126  82.667 0.1250000000
56911  37.422  -24.334  79.277 0.2500000000
135137  10.905  -16.076  86.851 0.2500000000
65533  10.625  -15.607  86.238 0.2500000000
65553  9.919  -14.966  85.738 0.1250000000
65552  10.379  -15.396  85.354 0.1250000000
65572  9.735  -15.058  84.694 0.1250000000
64600  11.246  -16.454  86.421 0.2500000000
137397  10.826  -15.812  84.094 0.1250000000
115122  10.638  -15.895  83.339 0.1250000000
64643  11.360  -16.520  82.044 0.1250000000
63738  12.212  -16.908  81.986 0.1250000000
65605  9.560  -15.721  82.984 0.1250000000
57828  38.714  -23.697  80.361 0.3750000000
57829  38.193  -23.202  79.824 0.3750000000
57836  37.710  -23.694  79.471 0.2500000000
64551  7.435  -16.146  93.569 0.2500000000
65518  10.010  -15.331  87.674 0.2500000000
66527  9.521  -14.513  87.219 0.2500000000
66535  9.422  -14.365  86.258 0.1250000000
65517  10.537  -15.785  87.193 0.2500000000
65534  10.055  -15.057  86.704 0.2500000000
66546  9.171  -14.396  85.280 0.1250000000
65573  8.779  -14.615  84.322 0.1250000000
65587  9.075  -15.254  83.629 0.1250000000
64627  10.108  -15.482  83.883 0.1250000000
135019  8.889  -15.550  83.001 0.1250000000
64644  10.476  -16.613  81.387 0.1250000000
64636  10.279  -16.201  82.357 0.1250000000
58760  39.021  -22.915  80.473 0.3750000000
65481  7.506  -15.608  92.043 0.2500000000
66495  7.778  -14.624  92.265 0.2500000000
69201  8.495  -11.906  88.175 0.2500000000
68320  8.476  -12.329  87.870 0.2500000000
68322  8.496  -12.271  87.063 0.1250000000
67421  8.591  -13.008  87.397 0.1250000000
67423  8.543  -12.873  86.477 0.1250000000
65504  9.439  -14.840  88.146 0.2500000000
66528  8.937  -13.695  86.821 0.2500000000
66536  8.792  -13.610  85.849 0.1250000000
66559  8.193  -14.291  83.969 0.1250000000
130600  8.404  -15.403  82.888 0.1250000000
64645  9.319  -16.471  81.559 0.1250000000
121117  9.139  -16.125  82.222 0.1250000000
64653  10.503  -16.916  80.582 0.1250000000
64654  9.530  -16.860  80.762 0.1250000000
64637  8.234  -16.308  81.640 0.1250000000
67409  7.993  -13.667  92.824 0.2500000000
67412  8.335  -12.891  92.358 0.2500000000
67413  8.180  -13.704  91.912 0.2500000000
131834  7.656  -15.089  91.528 0.2500000000
126728  9.160  -11.617  88.931 0.1250000000
69199  9.866  -11.500  88.460 0.1250000000
66502  7.930  -14.385  91.344 0.2500000000
69200  8.958  -11.617  88.105 0.1250000000
66501  8.384  -13.619  91.085 0.2500000000
66508  8.063  -14.237  90.533 0.2500000000
68318  8.477  -12.303  88.622 0.2500000000
69190  8.632  -11.838  88.721 0.2500000000
124539  9.763  -11.505  87.645 0.1250000000
69210  9.023  -11.629  87.239 0.1250000000
66514  8.237  -14.026  89.775 0.2500000000
114211  8.504  -13.871  89.106 0.2500000000
67419  8.591  -13.209  88.393 0.2500000000
69220  8.671  -11.868  86.792 0.1250000000
66518  8.844  -14.339  88.616 0.2500000000
68327  8.515  -12.207  86.241 0.1250000000
67425  8.391  -12.802  85.457 0.1250000000
66547  8.428  -13.761  84.792 0.1250000000
66548  7.985  -13.695  84.007 0.1250000000
65588  8.305  -14.883  83.456 0.1250000000
65589  7.900  -15.184  82.724 0.1250000000
65608  7.619  -15.466  82.126 0.1250000000
63751  8.654  -17.183  80.274 0.1250000000
64646  7.742  -16.458  80.927 0.1250000000
123539  7.493  -15.553  81.613 0.1250000000
64656  7.376  -16.683  80.225 0.1250000000
65632  7.431  -15.940  80.840 0.1250000000
123221  7.169  -15.361  80.372 0.1250000000
114712  11.042  -11.470  90.992 0.1250000000
69170  10.360  -11.515  91.570 0.1250000000
69178  10.081  -11.587  90.859 0.1250000000
69187  11.061  -11.432  89.405 0.1250000000
114635  10.593  -11.485  90.138 0.1250000000
118329  9.829  -11.603  90.127 0.1250000000
69188  10.041  -11.515  89.357 0.1250000000
69172  9.138  -11.950  91.446 0.2500000000
69179  9.373  -11.846  90.632 0.1250000000
69189  9.262  -11.715  89.690 0.2500000000
114889  10.675  -11.454  88.764 0.1250000000
136334  8.496  -13.054  91.599 0.2500000000
69180  8.880  -11.977  89.906 0.2500000000
132259  8.804  -11.818  89.279 0.2500000000
69198  10.778  -11.446  87.965 0.1250000000
67415  8.410  -13.352  90.250 0.2500000000
67417  8.494  -12.988  89.353 0.2500000000
68315  8.559  -12.118  89.298 0.2500000000
69209  9.740  -11.513  86.855 0.1250000000
69219  9.044  -11.640  86.433 0.1250000000
69227  8.683  -11.863  86.108 0.1250000000
131042  8.483  -12.074  85.480 0.1250000000
69225  9.806  -11.530  85.219 0.1250000000
133491  9.223  -11.620  84.585 0.1250000000
68330  8.272  -12.499  84.738 0.1250000000
67432  8.146  -13.115  84.604 0.1250000000
115568  8.304  -12.333  83.998 0.1250000000
67442  7.968  -12.993  84.041 0.1250000000
68336  8.036  -12.810  83.304 0.1250000000
67443  7.836  -13.599  83.310 0.1250000000
66569  7.662  -14.925  82.528 0.1250000000
64655  7.831  -17.007  80.467 0.1250000000
66579  7.457  -14.968  82.019 0.1250000000
73585  49.424  -6.578  77.077 0.2500000000
73599  49.716  -6.981  76.492 0.1250000000
73612  49.754  -6.492  75.787 0.2500000000
65642  7.091  -16.085  79.925 0.1250000000
121429  6.958  -15.117  79.628 0.1250000000
72811  49.839  -6.803  75.315 0.2500000000
68309  8.729  -12.312  91.740 0.2500000000
69171  9.563  -11.673  91.713 0.2500000000
114711  12.570  -11.420  89.926 0.1250000000
129499  9.016  -12.229  90.762 0.2500000000
68312  8.749  -12.870  90.913 0.2500000000
118440  8.643  -12.489  90.044 0.2500000000
133673  10.436  -11.469  87.238 0.1250000000
69245  8.410  -12.148  83.187 0.1250000000
73573  48.470  -6.945  78.428 0.1250000000
72781  48.444  -7.850  78.585 0.1250000000
71963  48.836  -8.595  78.070 0.1250000000
74490  48.777  -5.655  77.375 0.1250000000
72789  49.034  -7.723  77.918 0.1250000000
71972  49.362  -8.441  77.432 0.1250000000
71971  49.663  -8.293  76.926 0.1250000000
74513  49.613  -5.566  75.591 0.1250000000
75414  49.065  -4.927  76.134 0.2500000000
74512  49.899  -6.033  74.997 0.1250000000
74521  50.127  -5.554  74.050 0.2500000000
73587  48.185  -5.933  78.150 0.1250000000
73586  49.007  -6.726  77.728 0.1250000000
128900  47.859  -9.179  78.770 0.1250000000
70206  47.536  -10.258  78.228 0.2500000000
71169  48.443  -9.347  78.162 0.1250000000
123722  48.645  -4.294  75.794 0.1250000000
75428  48.668  -3.946  75.159 0.1250000000
76297  50.357  -3.841  73.226 0.1250000000
75450  49.836  -4.142  73.755 0.1250000000
75438  49.362  -4.279  74.516 0.1250000000
74522  49.867  -5.172  74.795 0.1250000000
121342  50.019  -4.835  74.081 0.1250000000
70207  46.824  -10.524  78.612 0.2500000000
69296  45.913  -11.667  78.757 0.3750000000
68371  45.744  -12.573  78.529 0.5000000000
69295  46.521  -11.229  78.331 0.3750000000
75404  47.845  -4.965  77.780 0.1250000000
73574  47.695  -6.280  78.861 0.1250000000
71964  48.195  -8.626  78.706 0.1250000000
71171  47.063  -9.931  78.938 0.2500000000
133241  46.191  -11.954  78.183 0.5000000000
75394  46.970  -4.482  77.857 0.1250000000
75395  46.476  -4.754  78.606 0.1250000000
74478  47.210  -5.265  78.560 0.1250000000
75415  48.284  -4.323  76.521 0.1250000000
75417  47.075  -3.976  77.150 0.1250000000
122240  46.599  -4.114  77.418 0.1250000000
75439  48.614  -3.688  74.514 0.1250000000
76261  48.086  -3.761  75.735 0.1250000000
76273  47.570  -3.455  75.363 0.1250000000
119116  46.600  -3.447  75.893 0.1250000000
117969  45.429  -3.421  74.802 0.1250000000
75462  51.187  -4.214  73.005 0.1250000000
76284  48.191  -3.373  74.126 0.1250000000
77169  47.336  -2.927  73.937 0.1250000000
76287  46.145  -3.152  74.449 0.1250000000
76301  45.462  -2.997  73.961 0.1250000000
77180  46.523  -2.558  73.174 0.1250000000
69281  46.148  -10.860  79.073 0.3750000000
71161  46.504  -9.514  79.793 0.1250000000
71160  47.231  -9.315  79.224 0.1250000000
75405  46.086  -4.432  78.124 0.1250000000
76264  46.037  -3.635  76.372 0.1250000000
75406  45.295  -4.493  77.774 0.1250000000
75429  44.594  -4.223  76.036 0.1250000000
137575  44.058  -5.416  78.089 0.1250000000
72913  50.723  -7.333  65.621 0.6250000000
116036  27.912  -18.904  93.181 0.1250000000
61708  26.811  -18.746  92.431 0.1250000000
60661  29.252  -19.904  92.805 0.1250000000
59661  31.077  -22.149  90.995 0.1250000000
58639  31.789  -22.456  91.160 0.1250000000
58631  32.061  -22.361  92.265 0.1250000000
119547  38.280  -28.037  92.125 0.2500000000
61699  28.588  -19.350  93.607 0.1250000000
60651  29.942  -20.229  93.631 0.1250000000
60672  28.699  -19.942  92.239 0.1250000000
56774  33.557  -24.756  93.835 0.3750000000
57696  33.402  -23.439  92.769 0.2500000000
59647  31.229  -21.820  91.927 0.1250000000
59648  30.477  -21.216  92.139 0.1250000000
58630  32.561  -22.673  92.791 0.1250000000
58620  31.335  -22.383  94.064 0.2500000000
58640  31.273  -22.498  90.407 0.1250000000
57835  37.979  -23.947  79.864 0.3750000000
69294  47.188  -10.860  77.930 0.3750000000
70205  48.177  -9.965  77.889 0.2500000000
72812  49.795  -7.275  75.957 0.2500000000
63695  11.268  -17.431  87.017 0.2500000000
58761  38.483  -22.314  79.998 0.2500000000
129265  49.067  -9.184  77.560 0.1250000000
54049  35.388  -26.931  93.507 0.5000000000
114145  36.722  -27.418  92.839 0.2500000000
54067  37.199  -27.511  92.437 0.2500000000
55025  36.054  -26.450  93.086 0.1250000000
61742  25.047  -19.739  90.059 0.1250000000
61731  25.397  -19.369  90.860 0.1250000000
65489  8.018  -14.984  90.129 0.2500000000
61700  27.876  -18.953  93.906 0.1250000000
62700  27.278  -18.678  93.496 0.1250000000
120180  26.865  -19.040  91.929 0.1250000000
61730  26.322  -19.342  91.246 0.1250000000
55898  34.896  -26.213  93.547 0.5000000000
55910  35.384  -25.898  93.199 0.2500000000
55900  33.577  -25.585  94.036 0.3750000000
126134  34.167  -24.703  93.380 0.2500000000
124416  32.988  -25.614  94.129 0.3750000000
55901  32.329  -24.953  94.198 0.3750000000
56775  32.939  -24.375  94.011 0.3750000000
137830  33.243  -24.198  93.746 0.3750000000
134302  32.975  -23.759  93.680 0.3750000000
57688  32.633  -23.187  93.566 0.3750000000
58627  32.398  -22.718  93.293 0.2500000000
58633  32.984  -23.019  92.622 0.2500000000
57687  33.156  -23.416  93.247 0.3750000000
59624  31.972  -22.227  93.046 0.1250000000
59626  30.778  -21.143  93.563 0.2500000000
60641  30.041  -20.538  94.090 0.2500000000
59612  30.571  -21.113  93.974 0.2500000000
61698  29.305  -19.769  93.361 0.1250000000
60642  29.434  -20.657  94.550 0.1250000000
61716  28.065  -19.505  92.188 0.1250000000
61706  28.531  -19.392  92.839 0.1250000000
61717  27.359  -19.554  91.592 0.1250000000
60671  30.433  -20.766  92.839 0.1250000000
114281  30.909  -21.345  92.668 0.1250000000
60682  28.630  -20.529  91.356 0.1250000000
59663  29.303  -21.082  91.276 0.1250000000
60673  28.094  -19.937  91.703 0.1250000000
60685  25.916  -19.883  90.364 0.1250000000
61754  23.878  -19.953  88.857 0.1250000000
120426  30.494  -21.724  91.240 0.1250000000
121885  29.653  -21.671  90.584 0.1250000000
59664  28.776  -21.250  90.585 0.1250000000
59677  28.149  -21.384  89.916 0.1250000000
60697  27.365  -20.853  90.110 0.1250000000
60713  25.260  -20.505  88.707 0.1250000000
60699  25.577  -20.267  89.511 0.1250000000
120509  28.919  -21.793  89.762 0.1250000000
120511  28.275  -21.866  89.122 0.1250000000
120508  27.751  -21.831  88.629 0.1250000000
60712  26.168  -20.885  88.861 0.1250000000
59692  27.022  -21.488  88.541 0.1250000000
118538  24.899  -20.624  88.018 0.1250000000
121969  26.892  -21.704  87.655 0.1250000000
59704  27.401  -22.085  87.274 0.1250000000
63723  12.528  -17.420  82.890 0.2500000000
64635  11.306  -16.358  82.954 0.1250000000
64634  11.907  -16.746  82.657 0.1250000000
66523  8.998  -13.915  87.761 0.2500000000
69211  8.599  -11.865  87.555 0.1250000000
65607  7.955  -15.748  82.244 0.1250000000
123945  8.501  -16.756  80.942 0.1250000000
69226  8.965  -11.667  85.529 0.1250000000
67452  7.658  -14.273  82.578 0.1250000000
66590  7.350  -14.944  81.158 0.1250000000
115434  11.586  -11.419  88.662 0.1250000000
69218  9.798  -11.505  86.019 0.1250000000
67480  7.284  -13.428  80.090 0.1250000000
74502  49.406  -5.908  76.483 0.2500000000
121640  49.566  -7.546  77.167 0.1250000000
119759  47.992  -7.148  79.005 0.1250000000
72782  47.801  -7.834  79.268 0.1250000000
74503  48.818  -5.060  76.804 0.1250000000
75427  49.270  -4.659  75.363 0.1250000000
75437  50.634  -4.739  73.504 0.1250000000
71170  47.756  -9.703  78.502 0.2500000000
76262  47.487  -3.730  76.403 0.1250000000
76272  48.085  -3.479  74.921 0.1250000000
76298  49.370  -3.468  73.292 0.1250000000
76283  48.943  -3.679  73.907 0.1250000000
70192  46.371  -10.178  79.455 0.2500000000
75416  47.631  -4.278  77.204 0.1250000000
74479  45.774  -4.893  79.055 0.1250000000
76263  46.741  -3.684  76.662 0.1250000000
75418  46.041  -4.031  77.248 0.1250000000
76285  47.652  -3.255  74.464 0.1250000000
116623  46.707  -3.327  75.036 0.1250000000
76274  47.085  -3.427  75.732 0.1250000000
76286  47.201  -3.246  74.766 0.1250000000
122538  45.312  -3.745  75.781 0.1250000000
76275  46.090  -3.431  75.398 0.1250000000
76276  44.506  -3.795  75.106 0.1250000000
76300  47.827  -3.017  73.677 0.1250000000
77170  46.766  -2.873  74.070 0.1250000000
137746  47.067  -2.633  73.423 0.1250000000
75419  45.167  -4.209  76.803 0.1250000000
60660  29.898  -20.211  93.074 0.1250000000
58628  31.730  -22.248  93.572 0.1250000000
59625  31.339  -21.704  93.343 0.2500000000
58638  32.420  -22.728  91.565 0.1250000000
58634  32.738  -22.841  92.161 0.1250000000
57686  33.773  -23.935  93.095 0.3750000000
57695  33.757  -23.840  92.271 0.2500000000
133180  33.909  -23.976  92.787 0.2500000000
58621  30.732  -22.591  94.366 0.2500000000
57676  31.389  -23.295  94.256 0.2500000000
58619  32.012  -22.874  93.839 0.2500000000
59611  31.120  -21.691  93.804 0.2500000000
54068  36.590  -26.933  92.868 0.1250000000
61689  28.391  -19.486  94.336 0.1250000000
41669  6.957  -38.835  94.548 0.1250000000
40915  7.955  -40.295  91.060 0.1250000000
122286  6.902  -38.203  92.950 0.1250000000
41689  7.529  -39.437  91.447 0.1250000000
124458  7.122  -38.556  91.830 0.1250000000
40917  8.214  -40.018  89.831 0.1250000000
41696  7.818  -39.666  90.644 0.1250000000
42570  7.465  -38.117  90.554 0.1250000000
118527  8.320  -39.269  89.455 0.1250000000
41695  7.799  -39.015  90.212 0.1250000000
41717  8.781  -40.349  87.813 0.1250000000
47666  12.963  -33.346  96.354 0.1250000000
124173  7.099  -37.952  91.323 0.1250000000
41707  9.103  -39.263  88.040 0.2500000000
41716  9.231  -39.848  86.945 0.1250000000
125846  8.744  -39.538  88.715 0.1250000000
42611  9.593  -39.336  86.198 0.2500000000
41732  8.480  -39.598  83.653 0.1250000000
42622  9.782  -38.858  85.394 0.2500000000
42623  9.376  -39.455  85.252 0.2500000000
42634  8.743  -38.911  83.724 0.2500000000
42633  9.273  -38.961  84.487 0.2500000000
43738  8.528  -37.290  83.139 0.2500000000
43725  8.523  -38.111  83.140 0.1250000000
43739  8.294  -37.351  82.605 0.1250000000
49998  34.500  -30.468  83.825 0.1250000000
51029  32.862  -30.640  83.896 0.1250000000
50009  34.883  -30.231  82.927 0.1250000000
50010  34.234  -30.650  82.950 0.1250000000
51041  33.064  -30.702  83.359 0.1250000000
50000  33.719  -30.724  83.294 0.1250000000
137067  32.812  -30.488  83.004 0.1250000000
117752  35.041  -30.102  83.226 0.1250000000
50008  35.384  -29.861  82.641 0.1250000000
52007  17.761  -29.228  90.960 0.2500000000
52029  18.243  -28.676  89.810 0.2500000000
52018  18.148  -28.594  90.592 0.2500000000
52048  29.865  -28.425  87.094 0.3750000000
52049  28.955  -28.276  86.685 0.1250000000
52065  28.486  -28.621  85.558 0.1250000000
52050  28.143  -28.178  86.247 0.2500000000
53115  27.487  -28.188  85.720 0.2500000000
136126  45.469  -15.099  79.263 0.3750000000
62898  40.491  -18.154  74.637 0.1250000000
67444  44.217  -13.405  82.738 0.2500000000
66570  44.781  -14.123  81.916 0.2500000000
66549  44.096  -14.676  83.905 0.1250000000
131233  44.796  -15.263  83.273 0.1250000000
69282  45.564  -11.325  79.588 0.2500000000
68362  45.423  -12.280  79.234 0.2500000000
67462  44.704  -12.733  80.667 0.2500000000
67453  44.923  -13.898  80.922 0.2500000000
132307  45.082  -14.982  81.998 0.2500000000
64638  45.519  -16.699  81.399 0.2500000000
67472  45.382  -13.415  79.094 0.2500000000
132046  45.088  -13.725  79.970 0.2500000000
66580  45.304  -14.708  80.308 0.2500000000
65620  45.516  -15.588  80.621 0.3750000000
65609  45.511  -15.789  81.519 0.3750000000
64647  45.469  -16.815  80.658 0.3750000000
63740  45.141  -17.288  80.837 0.3750000000
128916  45.375  -14.510  79.496 0.3750000000
66591  45.429  -15.374  79.870 0.3750000000
120071  45.531  -16.115  80.215 0.3750000000
68354  44.691  -11.542  81.122 0.2500000000
68353  45.029  -11.917  80.093 0.2500000000
120000  45.039  -12.825  79.727 0.2500000000
63732  45.279  -17.312  81.349 0.3750000000
131019  43.974  -12.882  70.980 0.2500000000
68460  43.649  -12.277  70.494 0.2500000000
69375  44.522  -11.613  71.466 0.3750000000
68439  44.220  -12.326  71.199 0.2500000000
69389  44.023  -11.571  70.752 0.3750000000
70296  43.986  -10.877  70.293 0.2500000000
71255  44.324  -10.030  70.197 0.2500000000
70312  43.797  -10.492  69.539 0.1250000000
69400  43.602  -11.362  69.986 0.1250000000
71264  44.183  -9.606  69.162 0.1250000000
70323  43.748  -10.085  68.574 0.1250000000
71263  44.741  -9.137  69.722 0.1250000000
71270  44.764  -8.908  68.789 0.1250000000
72064  45.473  -8.470  68.502 0.2500000000
71271  44.369  -9.426  68.229 0.1250000000
43724  9.039  -38.098  83.783 0.2500000000
132614  34.669  -30.431  83.495 0.1250000000
64657  45.446  -16.505  79.889 0.3750000000
70283  44.358  -10.828  70.946 0.3750000000
42548  6.838  -37.999  92.413 0.1250000000
42571  7.426  -38.787  91.001 0.1250000000
42602  9.596  -38.946  87.258 0.2500000000
40913  7.785  -40.153  91.905 0.1250000000
41683  7.137  -38.728  92.460 0.1250000000
41724  8.706  -40.704  86.462 0.1250000000
41723  9.093  -40.055  85.749 0.2500000000
41729  8.539  -40.669  85.273 0.2500000000
50020  34.502  -30.254  82.480 0.1250000000
66561  45.310  -14.857  81.208 0.2500000000
65590  45.224  -15.495  82.522 0.1250000000
65591  44.673  -14.488  82.940 0.1250000000
64628  45.494  -16.382  82.204 0.1250000000
121307  45.597  -16.273  80.844 0.3750000000
63741  44.810  -17.492  80.632 0.3750000000
53046  33.667  -27.403  92.927 0.3750000000
118130  36.303  -29.226  81.585 0.1250000000
54061  33.340  -26.937  93.255 0.3750000000
54069  32.979  -27.124  92.731 0.3750000000
54062  32.616  -26.524  93.293 0.3750000000
55015  33.393  -26.221  93.940 0.2500000000
55016  32.578  -26.044  93.960 0.3750000000
119857  34.324  -24.440  93.002 0.1250000000
55017  31.740  -25.565  93.902 0.2500000000
55916  35.261  -25.508  92.869 0.1250000000
56793  34.726  -24.913  92.850 0.1250000000
124527  31.655  -24.183  94.254 0.2500000000
55902  31.335  -24.862  94.062 0.2500000000
55912  31.097  -25.276  93.664 0.3750000000
53063  40.391  -28.711  91.429 0.1250000000
56776  30.901  -24.128  94.248 0.2500000000
53062  41.030  -28.404  91.168 0.1250000000
57677  30.496  -23.371  94.341 0.1250000000
130929  41.081  -27.692  91.186 0.1250000000
53061  41.519  -27.692  90.922 0.1250000000
119386  30.720  -21.806  94.231 0.1250000000
134176  8.607  -13.077  95.935 0.1250000000
55047  41.367  -27.076  90.920 0.1250000000
58611  29.563  -22.197  94.644 0.1250000000
58775  37.903  -22.381  79.346 0.2500000000
67392  9.301  -13.111  97.046 0.1250000000
68286  8.712  -12.364  94.642 0.1250000000
67404  8.347  -12.908  94.242 0.1250000000
67408  8.288  -12.852  93.278 0.1250000000
67383  10.640  -13.194  97.795 0.1250000000
67384  9.706  -13.527  97.600 0.1250000000
67391  9.933  -12.852  97.376 0.1250000000
68260  9.660  -12.420  96.658 0.1250000000
68272  9.330  -12.110  95.809 0.1250000000
68294  8.956  -11.943  94.268 0.1250000000
68285  9.108  -12.016  94.963 0.1250000000
69151  8.886  -11.836  93.033 0.1250000000
69141  10.075  -11.592  94.465 0.1250000000
131673  10.056  -11.571  93.101 0.1250000000
69149  10.455  -11.522  93.710 0.1250000000
69159  10.173  -11.525  92.341 0.1250000000
57717  44.352  -23.605  88.081 0.1250000000
126065  44.314  -23.894  87.415 0.1250000000
59686  44.276  -22.177  87.722 0.1250000000
58659  44.416  -23.031  87.491 0.1250000000
124762  44.448  -22.291  86.937 0.1250000000
59710  44.294  -21.679  85.804 0.1250000000
60762  44.498  -20.145  85.324 0.1250000000
61782  44.573  -19.312  84.985 0.1250000000
57712  43.312  -23.595  89.457 0.1250000000
57718  43.916  -23.212  88.753 0.1250000000
136540  44.285  -22.852  88.142 0.1250000000
131038  43.593  -21.476  88.102 0.1250000000
59700  44.258  -21.226  87.144 0.1250000000
62797  44.348  -18.178  82.145 0.3750000000
58643  43.152  -22.712  89.277 0.1250000000
136471  43.032  -21.253  88.481 0.1250000000
60725  43.515  -20.461  87.435 0.1250000000
60724  44.036  -20.367  86.827 0.1250000000
60745  44.425  -20.577  86.163 0.1250000000
61771  44.376  -19.689  85.776 0.1250000000
59673  42.154  -21.500  89.489 0.1250000000
60692  41.918  -20.762  89.333 0.1250000000
59688  42.575  -21.045  88.825 0.1250000000
60726  42.700  -19.943  87.766 0.1250000000
61759  43.280  -19.649  86.970 0.1250000000
133507  44.080  -19.885  86.422 0.1250000000
122517  44.213  -18.006  81.518 0.3750000000
61772  43.625  -19.167  86.241 0.1250000000
62775  44.870  -18.572  83.866 0.1250000000
133261  45.858  -8.549  67.196 0.1250000000
74648  59.180  -5.232  60.560 0.1250000000
130007  60.404  -4.818  60.026 0.1250000000
74630  57.456  -5.483  62.841 0.1250000000
117985  57.637  -5.679  61.876 0.1250000000
114065  58.139  -5.199  62.336 0.1250000000
122942  58.486  -5.305  61.447 0.1250000000
74647  60.042  -4.776  60.540 0.1250000000
75599  61.159  -4.276  59.561 0.1250000000
75560  57.732  -4.534  63.427 0.1250000000
74621  58.084  -4.861  62.934 0.1250000000
74636  59.469  -4.752  61.372 0.1250000000
134648  60.607  -3.314  61.064 0.1250000000
75581  59.698  -4.265  61.976 0.1250000000
77341  60.737  -3.063  60.038 0.1250000000
75580  60.320  -4.067  61.190 0.1250000000
77342  60.364  -2.585  59.872 0.1250000000
76445  60.856  -3.648  60.314 0.1250000000
75589  60.676  -4.418  60.208 0.1250000000
77344  58.602  -2.108  59.468 0.1250000000
77353  57.826  -2.381  58.950 0.1250000000
75561  57.029  -4.555  63.900 0.1250000000
76421  57.544  -4.013  63.535 0.1250000000
74613  56.986  -5.012  64.023 0.1250000000
77308  57.991  -3.284  63.216 0.1250000000
77317  58.520  -2.520  62.802 0.1250000000
76430  59.036  -3.592  62.829 0.1250000000
76428  60.065  -2.539  62.131 0.1250000000
76429  59.695  -3.300  62.384 0.1250000000
74637  58.885  -4.676  62.294 0.1250000000
78161  60.529  -2.125  61.094 0.1250000000
77326  60.450  -2.693  61.475 0.1250000000
135424  60.168  -3.141  61.957 0.1250000000
78180  59.940  -1.864  60.326 0.1250000000
78182  58.041  -1.365  59.545 0.1250000000
78972  59.854  -1.260  62.092 0.1250000000
78983  59.842  -0.678  61.546 0.1250000000
78162  60.228  -1.737  61.692 0.1250000000
78170  60.251  -1.370  61.013 0.1250000000
78171  59.529  -1.007  60.592 0.1250000000
79882  56.962  -0.049  58.489 0.1250000000
57671  30.000  -22.721  94.497 0.1250000000
69161  8.961  -11.814  92.260 0.1250000000
56783  34.784  -25.139  93.109 0.1250000000
59613  30.108  -21.238  94.366 0.1250000000
58610  30.147  -22.000  94.534 0.1250000000
69142  9.380  -11.726  94.375 0.1250000000
69135  9.712  -11.796  95.178 0.1250000000
68295  8.664  -12.186  93.694 0.1250000000
127843  9.679  -11.580  93.698 0.1250000000
69150  9.099  -11.756  93.655 0.1250000000
69160  9.403  -11.661  92.832 0.1250000000
58652  43.746  -22.341  88.513 0.1250000000
135310  43.615  -20.959  87.703 0.1250000000
59672  42.950  -21.783  88.926 0.1250000000
59687  43.025  -20.756  88.107 0.1250000000
74622  57.460  -5.060  63.411 0.1250000000
75571  58.634  -4.271  62.977 0.1250000000
76420  58.334  -3.850  63.256 0.1250000000
75570  59.410  -4.022  62.529 0.1250000000
77331  60.643  -2.830  60.740 0.1250000000
77332  60.496  -2.298  60.545 0.1250000000
77343  59.500  -2.279  59.675 0.1250000000
78181  59.019  -1.593  59.962 0.1250000000
77316  59.336  -2.672  62.594 0.1250000000
79004  58.271  -0.231  59.791 0.1250000000
126997  58.735  -0.883  60.132 0.1250000000
45560  10.754  -34.548  95.415 0.1250000000
45583  11.043  -35.287  94.656 0.1250000000
49906  16.923  -31.022  91.295 0.1250000000
53172  20.560  -28.795  82.645 0.1250000000
49917  17.239  -30.517  91.001 0.1250000000
129504  17.594  -29.960  89.967 0.1250000000
50960  17.497  -29.929  90.663 0.1250000000
50971  17.635  -29.997  89.217 0.1250000000
129093  17.982  -29.611  87.755 0.1250000000
52052  18.232  -29.219  87.017 0.1250000000
119318  18.540  -28.613  86.945 0.1250000000
53118  18.977  -28.144  86.426 0.1250000000
53130  19.754  -27.785  85.061 0.1250000000
54185  20.692  -27.546  83.821 0.1250000000
53143  20.001  -28.067  84.250 0.1250000000
135171  24.640  -27.594  82.242 0.1250000000
54193  23.865  -27.361  82.609 0.1250000000
53169  23.017  -27.562  81.786 0.1250000000
53170  22.069  -27.883  81.936 0.1250000000
53155  20.970  -27.906  83.038 0.1250000000
130293  24.762  -27.727  81.537 0.1250000000
136274  23.243  -27.906  81.160 0.1250000000
53186  22.392  -28.424  81.121 0.1250000000
53171  21.247  -28.340  82.250 0.1250000000
52030  17.910  -29.379  89.492 0.1250000000
52019  17.847  -29.326  90.261 0.1250000000
129381  17.954  -29.452  88.627 0.1250000000
52051  18.337  -28.817  87.852 0.1250000000
52040  18.274  -28.726  88.913 0.1250000000
53116  27.004  -28.172  85.257 0.1250000000
54162  19.532  -27.556  85.882 0.1250000000
53127  27.019  -28.685  84.289 0.1250000000
114443  26.406  -28.296  84.198 0.1250000000
119185  25.902  -27.839  84.045 0.1250000000
54174  20.440  -27.258  84.606 0.1250000000
53152  26.703  -28.847  83.104 0.1250000000
131569  25.835  -27.932  83.517 0.1250000000
53154  24.994  -27.575  83.091 0.1250000000
53142  25.118  -27.459  83.941 0.1250000000
114141  25.555  -27.896  82.247 0.1250000000
53153  26.048  -28.266  83.006 0.1250000000
137387  24.177  -27.292  83.261 0.1250000000
54194  22.767  -27.287  82.613 0.1250000000
54183  22.506  -27.001  83.404 0.1250000000
54173  21.235  -26.841  84.248 0.1250000000
53098  18.682  -28.008  88.298 0.1250000000
53107  18.794  -28.031  87.324 0.1250000000
137438  26.622  -27.724  85.626 0.1250000000
114607  26.404  -27.875  85.077 0.1250000000
53128  25.837  -27.572  84.747 0.1250000000
54172  22.179  -26.663  84.100 0.1250000000
54170  24.371  -26.982  84.455 0.1250000000
54181  24.282  -27.194  83.785 0.1250000000
54182  23.512  -27.121  83.355 0.1250000000
54184  21.515  -27.171  83.523 0.1250000000
54146  19.832  -26.695  87.150 0.1250000000
54138  19.217  -27.326  87.704 0.1250000000
54143  25.483  -26.696  86.062 0.1250000000
54147  19.344  -27.400  86.764 0.1250000000
53117  26.144  -27.235  86.028 0.1250000000
54157  25.677  -27.120  85.478 0.1250000000
54144  24.847  -26.506  85.714 0.1250000000
55113  21.965  -26.107  85.364 0.1250000000
55114  20.878  -26.332  85.794 0.1250000000
119784  19.994  -26.788  86.235 0.1250000000
53129  25.173  -27.233  84.569 0.1250000000
131189  23.649  -26.563  84.921 0.1250000000
55123  22.701  -26.426  84.767 0.1250000000
54160  21.055  -26.577  84.993 0.1250000000
55124  21.824  -26.450  84.683 0.1250000000
54171  23.356  -26.821  84.160 0.1250000000
60807  13.637  -20.810  82.418 0.2500000000
63731  12.887  -17.504  81.991 0.1250000000
124394  13.510  -18.835  82.474 0.1250000000
130039  42.935  -18.150  81.048 0.2500000000
61819  43.821  -18.761  82.618 0.2500000000
132054  43.422  -19.279  82.888 0.1250000000
61820  43.212  -18.769  82.479 0.2500000000
62808  43.006  -18.226  81.868 0.2500000000
116907  44.986  -17.811  81.959 0.2500000000
62806  44.731  -17.659  81.360 0.2500000000
67565  43.618  -13.108  70.613 0.1250000000
67577  42.451  -13.765  69.418 0.1250000000
67576  42.825  -13.285  69.696 0.1250000000
65737  43.208  -15.072  70.478 0.1250000000
67564  43.983  -13.575  71.070 0.1250000000
66687  43.561  -14.197  70.724 0.1250000000
135720  43.615  -13.603  70.695 0.1250000000
131951  43.295  -13.527  70.312 0.1250000000
65736  43.791  -15.043  71.082 0.1250000000
64743  44.013  -15.698  71.484 0.1250000000
64735  44.585  -15.622  71.954 0.1250000000
65730  45.032  -14.942  72.123 0.1250000000
133743  44.237  -16.164  71.849 0.1250000000
66682  44.668  -14.450  71.725 0.1250000000
65731  44.416  -15.026  71.579 0.1250000000
66686  44.166  -14.347  71.300 0.1250000000
58716  12.801  -22.317  82.333 0.2500000000
54159  24.502  -26.732  85.071 0.1250000000
68461  43.224  -12.753  70.017 0.1250000000
53144  19.406  -28.600  84.734 0.1250000000
53168  23.923  -27.609  81.702 0.1250000000
54195  21.799  -27.512  82.751 0.1250000000
53184  23.864  -27.963  80.933 0.1250000000
53140  26.703  -28.786  83.748 0.1250000000
53141  26.316  -28.471  83.631 0.1250000000
54161  20.208  -26.990  85.393 0.1250000000
54158  25.224  -26.987  85.123 0.1250000000
67589  42.773  -12.419  69.233 0.1250000000
41728  8.849  -39.787  84.565 0.1250000000
52160  36.920  -28.728  79.222 0.1250000000
56912  36.993  -24.261  78.780 0.1250000000
57837  37.333  -23.718  79.040 0.1250000000
58784  36.654  -22.654  78.272 0.1250000000
57845  36.262  -23.473  77.897 0.1250000000
58785  36.005  -22.627  77.588 0.1250000000
127735  37.627  -23.125  79.223 0.1250000000
128960  37.167  -23.120  78.801 0.1250000000
59816  36.344  -21.790  77.659 0.1250000000
58794  35.789  -21.961  77.201 0.1250000000
58776  37.344  -22.421  78.769 0.1250000000
59815  36.987  -21.637  78.219 0.1250000000
60851  37.459  -20.794  78.099 0.1250000000
59830  36.805  -20.851  77.444 0.1250000000
60876  36.473  -20.434  76.581 0.1250000000
59803  37.677  -21.555  78.760 0.1250000000
59802  38.275  -21.517  79.441 0.1250000000
135065  37.408  -20.292  77.494 0.1250000000
60875  37.169  -20.047  76.902 0.1250000000
60887  36.962  -19.608  76.077 0.1250000000
67454  44.433  -13.079  81.705 0.1250000000
69258  44.208  -11.265  82.028 0.1250000000
68346  44.360  -12.133  81.606 0.1250000000
69270  45.202  -10.957  80.612 0.1250000000
70178  45.278  -10.110  81.028 0.1250000000
70193  45.729  -10.500  80.009 0.1250000000
60850  38.214  -20.597  78.703 0.1250000000
61872  37.698  -19.777  77.217 0.1250000000
61886  37.723  -19.399  76.589 0.1250000000
119023  43.870  -12.200  82.471 0.1250000000
60864  37.948  -20.031  77.820 0.1250000000
61897  37.804  -19.001  75.787 0.1250000000
116564  45.430  -16.815  82.755 0.1250000000
119980  45.148  -17.897  82.470 0.1250000000
63725  45.394  -17.268  82.097 0.1250000000
62785  44.962  -18.295  83.115 0.1250000000
52175  37.047  -29.095  78.538 0.1250000000
57844  36.797  -23.633  78.547 0.1250000000
45657  8.694  -35.442  89.448 0.5000000000
45707  7.749  -35.414  81.993 0.2500000000
47851  7.421  -33.189  81.207 0.3750000000
48918  11.902  -32.798  86.028 0.5000000000
48974  6.901  -32.393  82.189 0.6250000000
49975  33.658  -30.551  84.513 0.2500000000
50013  6.897  -31.606  82.307 0.5000000000
50954  39.986  -29.645  90.308 0.6250000000
50962  40.309  -29.540  89.790 0.3750000000
50987  34.351  -29.492  87.668 0.6250000000
51982  35.940  -28.657  92.838 0.6250000000
51988  36.484  -29.094  92.360 0.5000000000
53043  35.465  -28.131  93.245 0.6250000000
53052  38.828  -28.904  92.158 0.3750000000
53079  12.305  -28.360  90.807 1.0000000000
53191  7.450  -29.005  81.932 0.6250000000
54050  34.586  -26.901  93.608 0.5000000000
54052  33.288  -26.636  93.613 0.2500000000
54058  35.019  -27.525  93.479 0.5000000000
54108  43.557  -27.381  88.809 0.2500000000
55960  7.495  -25.780  89.569 0.8750000000
55987  43.102  -25.748  86.037 0.2500000000
56742  13.444  -24.327  100.754 0.6250000000
56784  33.489  -24.068  93.465 0.3750000000
56792  7.210  -24.454  93.724 0.5000000000
56809  7.116  -24.816  92.505 0.6250000000
56833  7.419  -24.982  87.848 0.8750000000
57709  7.608  -23.288  89.828 0.6250000000
57783  7.815  -23.878  84.237 0.7500000000
59674  41.527  -21.274  89.824 0.1250000000
59715  8.794  -21.581  86.242 0.8750000000
59724  11.007  -21.331  85.161 0.7500000000
60707  42.282  -20.310  88.541 0.1250000000
60742  8.366  -20.857  87.605 0.7500000000
61707  27.276  -18.696  92.899 0.1250000000
65606  8.626  -15.813  82.483 0.1250000000
65619  7.672  -15.972  81.600 0.1250000000
66560  7.872  -14.439  83.229 0.1250000000
68303  8.599  -12.202  92.732 0.1250000000
73685  49.273  -6.796  68.786 0.5000000000
73691  54.361  -5.534  68.100 0.3750000000
73699  53.919  -6.081  66.960 0.3750000000
74491  44.538  -4.987  78.234 0.1250000000
74561  54.433  -4.867  69.349 0.2500000000
74585  55.905  -5.295  66.096 0.1250000000
75403  48.282  -4.770  77.200 0.1250000000
76288  44.861  -3.315  74.278 0.1250000000
76382  55.718  -4.609  66.693 0.1250000000
76437  60.363  -3.398  61.568 0.1250000000
76438  60.019  -3.743  62.016 0.1250000000
78148  59.869  -1.906  62.275 0.1250000000
117220  44.260  -21.107  85.209 0.2500000000
117357  7.142  -14.439  80.274 0.1250000000
118433  55.372  -4.157  68.325 0.1250000000
121920  56.560  -5.372  64.366 0.2500000000
122351  8.575  -11.924  84.723 0.1250000000
122788  42.505  -28.249  89.305 0.2500000000
124729  41.120  -27.783  84.055 0.6250000000
127770  7.045  -32.765  82.657 0.6250000000
129428  55.988  -6.424  63.068 0.5000000000
129750  8.719  -31.978  92.722 0.6250000000
131337  38.738  -29.718  88.958 0.5000000000
131492  32.788  -23.044  93.252 0.2500000000
132183  7.406  -21.978  92.229 0.5000000000
132523  51.914  -7.401  63.419 0.6250000000
133296  49.884  -6.483  72.201 0.7500000000
134663  7.975  -16.653  80.980 0.1250000000
134779  19.184  -24.092  98.846 0.5000000000
134820  12.900  -21.896  82.691 0.3750000000
135657  8.805  -25.544  93.369 0.7500000000
135793  7.284  -29.961  81.703 0.6250000000
136050  11.228  -28.361  88.259 1.0000000000
136199  30.377  -20.676  93.721 0.1250000000
137117  8.032  -24.671  83.439 0.7500000000
137123  6.561  -18.209  96.742 0.3750000000
137361  47.139  -12.521  76.098 0.6250000000
137621  10.065  -31.008  92.322 0.7500000000
