#!ascii label  , from subject sub-v2s10x28937_ses-1 vox2ras=TkReg
4732
115918  6.646  -65.620  62.583 0.1000000015
20985  6.718  -65.596  61.769 0.1000000015
20974  7.093  -65.008  62.285 0.1000000015
105731  7.846  -63.968  61.108 0.2000000030
24019  8.018  -62.790  62.509 0.3000000119
23023  8.095  -63.217  61.748 0.2000000030
24034  8.536  -62.553  61.206 0.2000000030
24051  8.700  -62.710  60.367 0.2000000030
25904  8.453  -60.633  63.498 0.4000000060
24018  8.236  -62.154  62.596 0.5000000000
24993  8.561  -61.632  62.274 0.4000000060
25010  8.738  -61.792  61.510 0.3000000119
25025  8.900  -61.962  60.720 0.2000000030
25024  9.288  -61.425  60.257 0.3000000119
28854  15.241  -57.249  56.451 0.3000000119
26880  14.476  -59.228  58.718 0.1000000015
29706  10.879  -56.724  71.159 0.4000000060
30639  10.893  -54.880  72.009 0.4000000060
30644  10.862  -55.817  71.618 0.4000000060
118302  11.159  -58.145  70.131 0.4000000060
29705  11.762  -56.216  71.020 0.4000000060
28725  11.806  -57.497  70.103 0.4000000060
28732  11.235  -58.102  69.599 0.3000000119
28736  10.868  -58.159  68.944 0.3000000119
27709  9.337  -58.338  66.613 0.3000000119
27728  9.528  -58.384  65.618 0.3000000119
25903  8.900  -59.978  63.015 0.4000000060
25913  9.072  -60.154  62.158 0.4000000060
25009  9.090  -61.203  61.036 0.4000000060
25925  9.286  -60.400  61.347 0.4000000060
25939  9.439  -60.668  60.562 0.4000000060
29789  19.350  -56.468  56.711 0.3000000119
29822  17.707  -56.136  54.851 0.3000000119
29803  18.129  -56.715  55.607 0.3000000119
28870  17.406  -57.194  56.006 0.3000000119
25952  9.593  -60.903  59.791 0.3000000119
29823  16.908  -56.130  54.666 0.3000000119
29804  17.195  -56.686  55.314 0.3000000119
27789  16.097  -58.494  60.549 0.2000000030
26882  9.980  -60.139  58.801 0.3000000119
115917  9.759  -60.410  59.422 0.3000000119
29805  16.300  -56.478  55.226 0.3000000119
27823  16.045  -58.043  58.149 0.2000000030
119848  15.220  -58.682  59.677 0.2000000030
26891  10.775  -59.687  57.231 0.3000000119
25984  10.692  -60.367  57.417 0.2000000030
25967  10.226  -60.640  58.087 0.2000000030
25056  10.081  -61.505  58.020 0.2000000030
28872  15.707  -56.859  55.797 0.3000000119
108321  16.010  -57.291  56.354 0.3000000119
26888  14.282  -58.962  57.955 0.1000000015
25981  13.377  -60.767  57.420 0.1000000015
26003  12.456  -60.090  56.709 0.1000000015
29791  14.797  -56.732  55.822 0.3000000119
26905  13.007  -59.557  56.670 0.1000000015
27843  12.707  -58.650  56.501 0.3000000119
118942  12.175  -57.991  56.425 0.3000000119
30643  11.708  -55.280  71.348 0.4000000060
30647  12.112  -55.598  70.638 0.5000000000
28735  11.295  -57.602  69.008 0.3000000119
29709  12.332  -55.788  70.132 0.4000000060
122463  12.114  -57.009  69.893 0.4000000060
28740  10.538  -57.616  68.290 0.3000000119
115443  10.166  -57.477  67.185 0.3000000119
29713  12.182  -56.503  69.630 0.4000000060
29716  11.670  -56.853  68.994 0.4000000060
104797  11.003  -57.040  68.460 0.3000000119
27708  9.663  -57.948  67.111 0.3000000119
26811  9.004  -58.929  65.121 0.3000000119
28743  10.520  -57.078  66.393 0.3000000119
26824  9.215  -59.103  64.295 0.3000000119
26838  8.757  -59.827  63.900 0.3000000119
116631  10.837  -56.489  66.577 0.3000000119
28755  10.541  -57.307  65.513 0.3000000119
27739  10.142  -57.947  65.197 0.3000000119
27752  9.877  -58.626  63.926 0.4000000060
26837  9.349  -59.249  63.447 0.4000000060
29769  23.700  -56.438  60.159 0.1000000015
31594  23.291  -54.673  60.266 0.2000000030
116333  9.749  -58.869  62.245 0.4000000060
26848  9.402  -59.372  62.581 0.4000000060
31607  22.070  -53.739  59.478 0.2000000030
26855  9.522  -59.476  61.666 0.4000000060
31612  20.869  -54.330  58.450 0.3000000119
114351  20.351  -54.691  57.702 0.3000000119
118837  19.687  -55.100  56.487 0.3000000119
29802  18.931  -56.243  55.926 0.3000000119
30739  18.505  -55.802  55.090 0.3000000119
26862  9.588  -59.868  60.795 0.4000000060
30753  17.423  -55.604  54.297 0.3000000119
117710  15.810  -58.473  59.712 0.2000000030
120051  9.966  -59.112  59.579 0.4000000060
27824  15.124  -57.903  58.029 0.2000000030
27812  15.382  -58.345  58.917 0.2000000030
103102  14.744  -58.463  58.481 0.2000000030
27814  10.337  -58.739  58.270 0.3000000119
27802  10.149  -58.529  59.151 0.3000000119
29824  16.110  -55.824  54.657 0.3000000119
29806  15.313  -56.104  55.199 0.3000000119
28840  15.809  -57.636  57.183 0.3000000119
27826  13.892  -58.598  57.300 0.2000000030
27842  13.436  -58.210  56.706 0.3000000119
26002  13.119  -60.233  56.933 0.1000000015
26004  11.749  -59.888  56.689 0.2000000030
26890  11.235  -59.268  56.778 0.3000000119
28830  10.358  -57.894  58.551 0.3000000119
29807  14.368  -56.017  55.485 0.3000000119
26906  12.150  -59.357  56.540 0.2000000030
27844  11.745  -58.544  56.533 0.2000000030
27827  11.009  -58.289  56.896 0.3000000119
28843  10.595  -58.061  57.645 0.3000000119
115795  10.560  -57.243  58.017 0.4000000060
123998  10.387  -57.207  58.759 0.4000000060
28858  11.538  -57.692  56.613 0.3000000119
28842  10.949  -57.269  57.120 0.4000000060
29776  10.531  -56.582  58.491 0.3000000119
111459  10.559  -55.994  59.042 0.3000000119
29784  10.771  -56.512  57.690 0.4000000060
30718  10.715  -55.885  58.220 0.3000000119
30711  10.855  -55.276  58.811 0.3000000119
108669  11.387  -52.483  72.641 0.4000000060
32465  10.612  -52.939  72.445 0.4000000060
25961  29.616  -60.626  59.347 0.1000000015
32467  11.858  -53.431  71.603 0.4000000060
30642  11.998  -54.820  70.978 0.4000000060
107436  27.534  -60.256  59.284 0.1000000015
32470  11.843  -53.818  71.174 0.5000000000
31538  11.931  -54.428  70.618 0.4000000060
30649  12.168  -55.644  69.588 0.4000000060
30652  11.819  -56.028  68.806 0.4000000060
26877  26.578  -59.962  59.295 0.1000000015
123276  11.703  -53.669  70.094 0.5000000000
122933  12.177  -55.228  70.191 0.3000000119
29718  11.118  -56.367  68.214 0.3000000119
31541  11.767  -54.567  69.640 0.3000000119
111985  11.670  -55.205  68.806 0.3000000119
30655  11.267  -55.736  67.939 0.3000000119
29720  11.065  -56.111  67.201 0.3000000119
120392  10.571  -57.508  64.818 0.3000000119
105827  10.286  -58.031  64.400 0.3000000119
28826  23.692  -57.385  59.556 0.2000000030
111950  23.346  -54.681  59.403 0.2000000030
29727  10.952  -56.846  64.868 0.3000000119
28772  10.764  -57.410  64.148 0.4000000060
27751  10.395  -58.012  63.601 0.3000000119
32539  22.515  -53.366  59.149 0.2000000030
104456  10.365  -57.922  62.865 0.4000000060
31611  21.544  -53.666  58.921 0.2000000030
31625  20.103  -54.369  57.028 0.3000000119
27778  9.872  -58.633  61.633 0.4000000060
31626  19.745  -54.426  56.116 0.3000000119
30751  18.934  -55.111  54.943 0.3000000119
30752  18.442  -55.169  54.420 0.3000000119
27777  10.026  -58.176  60.998 0.3000000119
114403  18.006  -55.593  54.451 0.3000000119
27792  10.047  -58.495  60.111 0.3000000119
30754  16.720  -55.500  54.222 0.3000000119
30755  16.054  -55.093  54.265 0.3000000119
28841  14.800  -57.606  57.195 0.3000000119
27841  14.081  -57.827  57.001 0.3000000119
28824  10.270  -57.630  59.465 0.4000000060
28816  10.258  -57.586  60.419 0.3000000119
28855  14.363  -57.281  56.418 0.3000000119
28856  13.558  -57.466  56.372 0.3000000119
108981  10.365  -56.981  59.970 0.3000000119
30741  14.640  -55.269  55.081 0.3000000119
29792  13.802  -56.666  55.882 0.3000000119
109393  12.922  -56.969  56.091 0.3000000119
28857  12.815  -57.768  56.369 0.3000000119
29771  10.406  -56.746  59.280 0.3000000119
30732  13.186  -55.215  55.731 0.4000000060
29808  13.663  -55.877  55.641 0.4000000060
104548  13.035  -56.104  55.882 0.4000000060
29793  12.224  -56.325  56.287 0.4000000060
114205  12.179  -57.270  56.363 0.3000000119
108344  11.562  -56.819  56.633 0.4000000060
30727  10.944  -55.859  57.530 0.4000000060
115367  10.739  -55.465  59.555 0.3000000119
30726  11.371  -55.446  57.063 0.4000000060
30717  11.044  -55.231  57.924 0.3000000119
31614  11.282  -54.539  58.573 0.3000000119
31608  11.105  -54.663  59.629 0.4000000060
31621  11.527  -54.541  57.613 0.3000000119
32541  11.618  -53.838  59.220 0.4000000060
35527  10.841  -50.586  71.806 0.4000000060
35507  11.457  -50.776  73.012 0.4000000060
35511  11.017  -50.794  72.781 0.4000000060
34437  11.719  -51.200  73.067 0.4000000060
32463  12.079  -52.444  72.327 0.4000000060
34440  12.563  -51.070  72.619 0.5000000000
34436  12.136  -50.789  73.007 0.4000000060
119351  29.503  -60.642  58.349 0.2000000030
107936  27.737  -60.470  58.359 0.1000000015
113270  12.144  -52.845  71.718 0.4000000060
107713  25.673  -59.684  59.100 0.1000000015
33404  12.430  -51.927  72.203 0.5000000000
32471  11.888  -53.141  70.925 0.5000000000
27808  23.701  -58.251  58.789 0.1000000015
29773  23.450  -56.492  59.190 0.2000000030
34445  12.653  -51.496  71.700 0.4000000060
33406  12.144  -52.249  70.621 0.4000000060
33409  11.703  -52.895  69.832 0.4000000060
32473  11.505  -53.552  69.351 0.3000000119
32476  11.325  -54.034  68.511 0.3000000119
116862  11.533  -55.528  68.355 0.3000000119
30658  11.177  -55.474  67.050 0.3000000119
108847  10.987  -55.899  66.246 0.3000000119
31610  23.250  -54.056  59.079 0.2000000030
116989  22.271  -52.838  58.438 0.2000000030
34444  13.108  -50.993  71.190 0.4000000060
33418  11.542  -52.845  68.729 0.4000000060
29723  10.833  -56.615  65.778 0.3000000119
34455  12.556  -51.671  70.301 0.4000000060
32483  11.244  -54.082  67.481 0.3000000119
31546  11.191  -54.659  66.879 0.3000000119
117352  11.051  -55.246  65.607 0.3000000119
122308  11.152  -56.172  64.552 0.4000000060
28785  10.804  -57.207  63.222 0.4000000060
32547  22.067  -53.124  58.806 0.2000000030
122849  20.568  -53.451  57.228 0.2000000030
29726  11.171  -55.847  63.951 0.4000000060
29735  11.061  -56.242  63.285 0.4000000060
32572  19.853  -53.637  55.655 0.3000000119
31640  18.899  -54.533  54.454 0.3000000119
29752  10.643  -56.670  61.563 0.4000000060
113778  10.156  -57.980  61.680 0.4000000060
31652  17.543  -54.465  53.492 0.3000000119
29764  10.488  -56.807  60.690 0.3000000119
28804  10.352  -57.438  61.259 0.4000000060
30768  17.179  -55.059  53.822 0.3000000119
115976  16.578  -54.937  53.919 0.3000000119
30688  10.907  -55.140  61.249 0.4000000060
30700  10.668  -55.966  60.948 0.4000000060
31643  15.533  -54.402  54.419 0.3000000119
115787  11.208  -54.483  61.473 0.4000000060
30699  10.804  -55.299  60.347 0.4000000060
30712  10.551  -56.169  59.972 0.3000000119
30740  15.384  -55.221  54.700 0.3000000119
31631  14.199  -54.415  55.247 0.3000000119
30742  13.913  -55.200  55.423 0.4000000060
31627  12.718  -54.444  56.079 0.4000000060
30733  12.481  -55.387  56.154 0.4000000060
30734  11.888  -55.571  56.516 0.4000000060
31632  13.515  -54.279  55.619 0.5000000000
30725  11.990  -54.660  56.700 0.5000000000
31613  11.774  -53.798  58.288 0.4000000060
32550  12.087  -53.269  58.888 0.4000000060
35510  11.664  -50.115  72.794 0.4000000060
35509  12.521  -50.277  72.814 0.4000000060
109606  28.682  -60.605  58.358 0.2000000030
35525  12.898  -50.597  72.339 0.4000000060
25977  28.945  -60.588  57.508 0.1000000015
25962  26.817  -60.257  58.363 0.1000000015
26878  25.974  -59.927  58.321 0.1000000015
106600  24.226  -58.826  59.290 0.1000000015
25997  29.426  -60.374  56.864 0.1000000015
29779  23.194  -56.597  58.170 0.2000000030
111966  23.305  -54.719  58.570 0.2000000030
35524  13.341  -50.162  71.786 0.4000000060
31618  23.214  -53.900  58.448 0.2000000030
32546  22.557  -53.068  58.557 0.2000000030
32557  21.255  -52.854  57.697 0.2000000030
33408  11.976  -52.206  69.478 0.4000000060
32563  20.822  -52.712  56.972 0.2000000030
32571  20.416  -52.742  56.140 0.2000000030
34454  13.227  -51.286  69.849 0.4000000060
34475  12.602  -51.700  69.137 0.4000000060
115961  11.359  -53.152  67.679 0.3000000119
31551  11.131  -54.415  66.033 0.3000000119
32579  19.397  -53.628  54.637 0.3000000119
109148  18.433  -53.032  53.088 0.3000000119
33417  12.017  -52.019  68.479 0.5000000000
32489  11.281  -53.497  66.655 0.3000000119
115031  11.264  -53.434  65.642 0.3000000119
30664  11.101  -55.325  64.649 0.3000000119
29734  11.085  -55.503  63.354 0.4000000060
32591  17.965  -53.831  53.148 0.3000000119
33428  12.313  -51.844  67.574 0.3000000119
33441  11.731  -52.345  66.932 0.3000000119
115960  11.522  -52.651  66.092 0.3000000119
31556  11.095  -54.373  65.139 0.4000000060
30667  11.085  -55.026  63.788 0.4000000060
29742  10.857  -56.513  62.462 0.4000000060
32592  17.130  -53.746  53.225 0.3000000119
30678  11.005  -55.623  62.680 0.4000000060
30689  10.850  -55.809  61.836 0.4000000060
32581  16.406  -53.707  53.625 0.3000000119
107255  11.038  -54.955  62.074 0.4000000060
31653  16.811  -54.429  53.587 0.3000000119
32582  15.781  -53.684  54.123 0.3000000119
32573  15.197  -53.522  54.800 0.3000000119
31630  14.862  -54.399  54.866 0.3000000119
31587  11.562  -53.775  61.138 0.4000000060
122341  13.982  -53.912  55.439 0.5000000000
32531  11.580  -53.859  60.176 0.4000000060
32575  13.922  -53.516  55.828 0.4000000060
32567  13.192  -53.583  56.271 0.4000000060
32568  12.502  -53.823  56.671 0.4000000060
32559  12.103  -53.763  57.393 0.4000000060
32549  12.442  -53.149  58.182 0.4000000060
38328  19.279  -47.640  70.941 0.2000000030
37453  19.370  -48.311  70.823 0.2000000030
36542  11.878  -49.377  72.223 0.4000000060
36536  19.686  -48.906  70.657 0.3000000119
36537  19.050  -48.781  70.723 0.2000000030
36541  12.451  -49.436  72.771 0.3000000119
35508  12.927  -49.764  72.570 0.4000000060
35520  19.585  -49.759  70.048 0.6000000238
36555  19.354  -49.313  70.442 0.6000000238
26868  24.861  -59.311  59.192 0.1000000015
106471  19.659  -50.609  66.385 0.6000000238
35575  19.793  -50.646  68.101 0.6000000238
35539  19.778  -50.199  69.546 0.6999999881
26901  29.939  -60.051  56.342 0.1000000015
27807  24.185  -59.120  58.473 0.2000000030
35607  20.096  -50.417  65.619 0.6000000238
30722  23.154  -55.532  57.928 0.2000000030
32554  22.933  -53.234  58.312 0.2000000030
35657  20.088  -50.353  62.230 0.6000000238
35592  19.835  -50.593  67.256 0.6000000238
33557  21.515  -52.227  57.215 0.2000000030
117259  19.960  -52.854  55.210 0.3000000119
35633  19.613  -50.857  63.449 0.6000000238
113223  19.536  -50.730  64.973 0.6000000238
35608  19.167  -50.847  65.714 0.6000000238
33592  19.394  -51.996  53.648 0.3000000119
34643  17.521  -51.527  52.984 0.3000000119
34492  12.972  -51.641  68.114 0.5000000000
34644  16.759  -51.872  53.336 0.3000000119
34627  16.213  -51.138  54.991 0.4000000060
34509  13.392  -51.607  67.290 0.5000000000
33440  12.626  -51.688  66.757 0.5000000000
33452  12.092  -51.976  66.005 0.5000000000
115959  11.646  -52.552  65.297 0.4000000060
31562  11.137  -54.324  64.250 0.4000000060
33595  16.694  -52.844  53.314 0.3000000119
34635  16.303  -51.448  54.063 0.4000000060
34520  12.991  -51.546  65.989 0.5000000000
33451  12.435  -51.853  65.035 0.5000000000
33466  11.769  -52.556  64.394 0.4000000060
32503  11.311  -53.407  64.724 0.4000000060
31570  11.193  -54.284  63.528 0.4000000060
114353  16.073  -53.088  53.821 0.3000000119
33488  12.310  -52.470  62.769 0.4000000060
123628  11.663  -53.059  63.056 0.4000000060
32510  11.420  -53.410  63.760 0.4000000060
107411  11.389  -53.811  62.953 0.4000000060
30677  11.130  -54.756  62.940 0.4000000060
33584  15.689  -52.886  54.460 0.3000000119
32516  12.250  -52.724  61.893 0.4000000060
32517  11.715  -53.183  62.394 0.4000000060
31579  11.392  -54.058  62.110 0.4000000060
32565  14.994  -53.036  55.540 0.4000000060
102742  12.950  -52.311  62.102 0.4000000060
33499  12.788  -52.575  61.259 0.4000000060
32530  12.085  -52.984  61.173 0.4000000060
32523  11.749  -53.310  61.733 0.4000000060
32574  14.510  -53.661  55.330 0.4000000060
118793  11.928  -53.261  60.555 0.4000000060
32558  13.001  -53.126  57.281 0.4000000060
33545  13.278  -52.653  58.325 0.5000000000
33511  12.830  -52.641  59.823 0.4000000060
32540  12.121  -53.113  59.741 0.4000000060
33526  12.676  -52.749  59.041 0.4000000060
123373  18.915  -47.885  71.026 0.2000000030
36540  12.918  -48.945  72.407 0.3000000119
36554  19.923  -49.349  70.376 0.6000000238
36561  13.373  -49.278  72.106 0.4000000060
25978  28.006  -60.556  57.454 0.2000000030
25979  27.100  -60.427  57.501 0.2000000030
26001  26.270  -60.146  57.531 0.2000000030
35523  13.994  -49.830  71.053 0.4000000060
26879  25.036  -59.650  58.211 0.2000000030
35591  20.432  -50.336  66.562 0.6000000238
109678  19.258  -50.144  69.675 0.5000000000
35521  19.042  -49.790  70.073 0.6000000238
35544  13.745  -50.682  70.525 0.4000000060
34453  14.001  -51.044  69.190 0.4000000060
26918  30.463  -59.460  55.944 0.1000000015
27820  23.665  -58.714  57.597 0.2000000030
35620  20.221  -50.384  64.626 0.6000000238
34452  19.204  -50.570  69.082 0.6999999881
26919  29.441  -59.596  55.485 0.1000000015
31619  23.103  -53.729  57.725 0.2000000030
33556  21.997  -52.310  57.606 0.2000000030
34503  18.922  -50.971  66.702 0.5000000000
34474  13.580  -51.425  68.619 0.4000000060
34491  14.293  -51.596  67.498 0.4000000060
27871  28.617  -58.884  54.125 0.1000000015
33575  20.581  -51.959  55.609 0.2000000030
34642  18.341  -51.398  52.891 0.3000000119
36748  16.985  -49.532  55.314 0.4000000060
35644  19.538  -50.803  62.684 0.6000000238
35753  16.980  -50.980  53.452 0.4000000060
36687  18.802  -49.908  60.064 0.5000000000
35658  19.607  -50.308  61.579 0.6000000238
34508  14.430  -51.744  66.851 0.5000000000
36717  18.140  -49.336  58.629 0.6000000238
116739  13.546  -51.600  66.674 0.5000000000
34619  16.344  -50.974  55.870 0.4000000060
34529  13.106  -51.702  64.197 0.5000000000
33476  13.198  -51.973  63.058 0.5000000000
33578  15.433  -52.687  55.330 0.4000000060
33510  13.369  -52.513  60.485 0.4000000060
33570  15.336  -52.587  56.306 0.3000000119
32566  14.633  -53.044  56.075 0.4000000060
116434  14.038  -52.948  56.760 0.4000000060
33525  13.616  -52.509  59.383 0.5000000000
33571  14.899  -52.701  56.810 0.5000000000
33544  14.293  -52.525  58.505 0.5000000000
35557  20.535  -50.499  68.543 0.6000000238
35519  20.221  -49.818  69.938 0.6999999881
35538  20.617  -50.272  69.349 0.6999999881
35561  14.744  -50.863  68.499 0.4000000060
35543  14.414  -50.363  69.657 0.4000000060
123352  25.576  -59.900  57.588 0.2000000030
109075  24.368  -59.354  57.651 0.2000000030
26011  29.132  -60.178  56.086 0.1000000015
28836  22.966  -57.136  57.406 0.2000000030
116165  23.181  -54.602  57.794 0.2000000030
34468  19.174  -50.810  68.318 0.5000000000
34473  14.530  -51.401  68.023 0.3000000119
26932  28.575  -59.442  54.830 0.1000000015
106362  22.424  -52.243  57.144 0.2000000030
33582  20.575  -51.282  54.866 0.2000000030
34507  15.134  -51.961  66.795 0.5000000000
27872  27.944  -58.790  53.626 0.1000000015
35752  17.882  -50.463  53.130 0.3000000119
35645  19.057  -50.949  62.136 0.5000000000
27888  27.407  -58.676  53.176 0.2000000030
27897  28.036  -58.396  52.928 0.1000000015
35659  18.806  -50.824  61.283 0.5000000000
33463  14.974  -52.335  65.034 0.5000000000
33439  14.991  -52.142  66.321 0.5000000000
27898  27.319  -58.371  52.543 0.1000000015
28912  28.028  -57.936  52.138 0.1000000015
35720  16.885  -50.243  57.002 0.4000000060
36718  17.572  -49.839  58.223 0.6000000238
33449  14.637  -52.015  65.600 0.5000000000
34519  14.060  -51.689  66.177 0.5000000000
28924  27.061  -57.620  51.258 0.1000000015
35721  16.683  -50.217  56.108 0.4000000060
113192  17.127  -50.420  57.786 0.5000000000
108416  14.802  -52.288  64.017 0.5000000000
33464  14.127  -51.809  64.648 0.5000000000
33450  13.528  -51.615  65.291 0.5000000000
29862  26.747  -56.883  49.895 0.1000000015
35712  16.538  -50.949  56.729 0.4000000060
35711  16.779  -50.919  57.411 0.4000000060
33475  15.047  -52.384  63.028 0.5000000000
123775  14.485  -52.302  62.431 0.5000000000
121310  13.866  -51.875  63.764 0.5000000000
29874  27.310  -56.447  49.452 0.1000000015
108748  16.077  -51.637  55.665 0.3000000119
33497  14.374  -52.376  61.719 0.5000000000
33487  13.743  -52.201  62.279 0.5000000000
103510  15.789  -52.170  55.972 0.3000000119
105340  14.197  -52.476  60.113 0.5000000000
33509  14.257  -52.448  60.890 0.5000000000
33498  13.549  -52.391  61.445 0.5000000000
33560  14.823  -52.587  57.654 0.4000000060
33561  13.882  -52.691  57.687 0.4000000060
36575  14.740  -49.456  70.035 0.4000000060
25998  28.418  -60.371  56.535 0.2000000030
110994  20.793  -50.368  67.365 0.6999999881
35574  20.413  -50.516  67.891 0.6000000238
34472  15.327  -51.426  67.684 0.4000000060
35542  15.107  -49.992  68.831 0.4000000060
26903  25.713  -60.013  56.763 0.2000000030
34490  15.183  -51.766  67.233 0.5000000000
29780  22.921  -56.285  57.293 0.2000000030
32555  22.790  -52.935  57.646 0.2000000030
35631  20.913  -49.882  64.181 0.6000000238
34486  19.132  -50.890  67.591 0.5000000000
119572  18.566  -51.155  67.255 0.5000000000
121488  28.473  -59.976  55.597 0.1000000015
31624  22.950  -53.668  56.883 0.2000000030
34618  21.887  -51.364  56.478 0.2000000030
34634  19.857  -51.444  54.008 0.3000000119
34527  18.828  -51.300  64.810 0.6000000238
34518  18.433  -51.436  65.840 0.6000000238
33438  15.557  -52.287  66.359 0.5000000000
26933  27.793  -59.277  54.309 0.2000000030
37667  17.514  -48.813  54.818 0.4000000060
36701  18.466  -49.630  59.372 0.6000000238
121676  19.020  -51.104  62.689 0.6000000238
34543  18.994  -51.222  63.198 0.5000000000
33448  15.441  -52.449  65.731 0.5000000000
35672  18.524  -50.650  60.476 0.5000000000
34554  18.327  -51.460  61.783 0.5000000000
33474  15.727  -52.590  63.793 0.5000000000
27899  26.562  -58.295  52.225 0.2000000030
28913  27.185  -57.997  51.866 0.1000000015
34577  17.956  -51.222  60.075 0.6000000238
34564  18.182  -51.396  60.894 0.5000000000
28925  25.765  -57.842  51.514 0.2000000030
116382  26.304  -57.572  51.061 0.2000000030
28936  26.929  -57.263  50.596 0.1000000015
35701  17.369  -50.687  58.551 0.5000000000
33486  15.146  -52.458  62.150 0.5000000000
116111  26.118  -57.208  50.392 0.2000000030
115975  16.162  -51.637  56.472 0.3000000119
103172  15.174  -52.469  61.230 0.5000000000
118579  26.647  -56.519  49.308 0.1000000015
116412  25.503  -56.434  49.005 0.1000000015
33569  15.834  -52.144  56.931 0.3000000119
105339  14.824  -52.478  59.438 0.5000000000
39177  16.189  -45.907  71.406 0.2000000030
119866  17.900  -47.397  71.331 0.1000000015
37455  17.733  -47.804  71.231 0.2000000030
36535  20.266  -48.959  70.582 0.4000000060
37454  18.559  -48.065  71.041 0.1000000015
36553  20.573  -49.365  70.225 0.6999999881
35606  20.888  -50.089  65.961 0.6999999881
36556  18.773  -49.269  70.501 0.3000000119
35560  15.607  -50.714  68.148 0.4000000060
25999  27.427  -60.412  56.676 0.2000000030
35619  20.852  -49.948  65.162 0.6000000238
35540  18.655  -50.395  69.369 0.5000000000
35522  18.449  -49.776  69.989 0.3000000119
36557  18.014  -49.141  70.533 0.2000000030
34489  15.859  -51.826  67.160 0.5000000000
27819  24.230  -59.311  56.871 0.2000000030
124176  18.096  -51.356  67.422 0.5000000000
34469  18.511  -50.967  68.365 0.5000000000
120685  17.804  -50.882  68.553 0.5000000000
34506  15.655  -52.097  66.757 0.5000000000
112348  22.868  -54.619  56.650 0.2000000030
34626  21.442  -51.166  55.822 0.2000000030
34640  20.315  -50.578  53.979 0.3000000119
116235  19.355  -49.518  60.299 0.6000000238
36654  20.856  -50.017  63.314 0.6000000238
33435  17.756  -51.927  66.068 0.6000000238
26920  27.689  -59.760  55.086 0.2000000030
26942  27.117  -59.068  53.736 0.2000000030
35751  18.746  -49.876  53.044 0.4000000060
36665  20.833  -49.865  62.455 0.6000000238
34537  18.443  -51.755  63.602 0.5000000000
33446  18.086  -52.018  65.067 0.6000000238
33462  15.590  -52.547  64.830 0.5000000000
26934  26.775  -59.571  54.574 0.2000000030
27889  26.581  -58.687  53.031 0.2000000030
37652  18.093  -48.306  56.443 0.4000000060
37628  18.499  -48.636  58.229 0.6000000238
36699  19.777  -48.973  60.064 0.6000000238
27900  25.846  -58.432  52.507 0.2000000030
118262  25.988  -58.166  51.936 0.2000000030
35685  17.664  -50.968  59.307 0.6000000238
34565  17.559  -51.837  60.483 0.5000000000
113132  15.872  -52.559  62.768 0.5000000000
28915  25.349  -58.121  52.043 0.2000000030
28926  24.993  -57.747  51.538 0.2000000030
28937  25.524  -57.494  50.955 0.2000000030
34605  16.902  -51.238  58.072 0.5000000000
28938  24.670  -57.365  50.906 0.2000000030
29863  25.275  -57.097  50.274 0.2000000030
118733  14.958  -52.477  60.370 0.5000000000
29864  24.377  -56.916  50.210 0.2000000030
29877  24.113  -56.497  49.452 0.2000000030
30817  25.565  -55.985  48.228 0.2000000030
34606  16.372  -51.627  57.430 0.4000000060
29889  24.763  -56.289  48.819 0.2000000030
33559  15.464  -52.434  57.263 0.4000000060
33543  15.259  -52.474  58.572 0.5000000000
38329  18.515  -47.293  71.189 0.3000000119
117626  17.647  -46.655  71.490 0.2000000030
36552  21.442  -49.329  69.930 0.6999999881
36534  20.894  -48.906  70.423 0.5000000000
35537  21.576  -50.098  69.299 0.6000000238
35518  20.988  -49.831  69.778 0.6999999881
26012  27.632  -60.174  55.881 0.2000000030
35590  21.439  -50.041  66.739 0.6999999881
118606  26.955  -60.269  56.128 0.2000000030
26000  26.597  -60.282  56.756 0.2000000030
36616  21.591  -49.734  65.767 0.8000000119
36572  17.554  -49.613  69.709 0.4000000060
26902  26.274  -60.145  56.028 0.2000000030
26904  24.952  -59.616  56.355 0.2000000030
27840  23.589  -58.802  56.502 0.2000000030
123647  21.268  -49.598  63.606 0.6000000238
34505  17.544  -51.731  66.725 0.6000000238
104575  16.098  -52.593  65.396 0.5000000000
27839  24.224  -59.258  55.967 0.2000000030
29788  22.680  -56.144  56.507 0.2000000030
32562  22.732  -52.731  56.878 0.2000000030
110171  21.365  -49.490  62.994 0.6999999881
109213  16.328  -52.624  64.539 0.5000000000
31628  22.621  -54.410  55.947 0.2000000030
33574  22.630  -52.121  56.274 0.2000000030
36677  19.920  -49.451  60.883 0.6000000238
36675  21.028  -49.340  61.843 0.6000000238
122110  18.042  -52.049  63.680 0.5000000000
33473  16.626  -52.574  63.482 0.5000000000
26943  26.173  -59.162  53.811 0.2000000030
27890  25.609  -58.759  53.230 0.2000000030
34624  22.365  -51.315  55.855 0.3000000119
35732  21.226  -50.632  55.018 0.3000000119
37696  18.405  -48.536  53.509 0.4000000060
37641  18.910  -48.025  57.807 0.6000000238
37610  20.282  -48.395  59.671 0.6999999881
37592  20.505  -48.746  60.425 0.6999999881
37577  20.772  -49.056  61.204 0.6000000238
27901  25.026  -58.425  52.714 0.2000000030
37626  20.009  -48.003  58.941 0.6999999881
34555  17.733  -51.929  61.356 0.5000000000
107313  15.917  -52.520  61.828 0.5000000000
110562  23.612  -57.786  52.390 0.2000000030
28927  24.093  -57.588  51.597 0.2000000030
28939  23.749  -57.169  50.886 0.2000000030
34592  17.106  -51.486  58.858 0.5000000000
34578  17.341  -51.688  59.656 0.5000000000
28928  23.081  -57.242  51.699 0.2000000030
117649  23.001  -56.856  50.884 0.2000000030
29866  22.485  -56.388  50.454 0.2000000030
29865  23.380  -56.615  50.128 0.2000000030
34593  16.517  -51.889  58.360 0.5000000000
33508  15.623  -52.490  60.620 0.5000000000
29878  23.343  -56.264  49.348 0.2000000030
29890  23.788  -56.057  48.643 0.2000000030
30804  22.850  -55.870  48.889 0.2000000030
30819  23.103  -55.593  48.122 0.2000000030
36550  23.855  -49.248  69.209 0.8000000119
35515  23.957  -49.659  68.906 0.8000000119
35516  23.128  -49.479  69.255 0.8000000119
36551  22.372  -49.120  69.735 0.6999999881
102770  23.115  -50.304  68.395 0.6999999881
35556  22.323  -50.207  68.797 0.6999999881
35572  22.159  -50.337  68.182 0.6999999881
118801  21.595  -50.266  67.565 0.6999999881
36653  21.751  -49.111  63.543 0.6999999881
36635  21.533  -49.430  64.850 0.8000000119
26013  26.893  -60.011  55.464 0.2000000030
26922  25.071  -59.509  55.380 0.2000000030
106014  23.153  -58.318  55.971 0.2000000030
28868  22.543  -56.917  55.833 0.2000000030
36663  21.931  -48.905  62.821 0.6999999881
112749  17.207  -52.331  65.640 0.5000000000
33447  16.494  -52.492  65.732 0.5000000000
33461  16.784  -52.537  65.086 0.5000000000
37576  21.559  -48.742  61.578 0.6000000238
33459  18.074  -52.078  64.159 0.5000000000
115217  17.039  -52.537  64.213 0.5000000000
33485  16.650  -52.504  62.365 0.5000000000
32570  22.590  -52.757  55.594 0.2000000030
35730  22.213  -50.790  55.552 0.3000000119
118638  19.470  -49.527  53.030 0.3000000119
37666  17.973  -48.191  55.412 0.5000000000
38503  19.312  -47.388  56.659 0.5000000000
38474  19.731  -47.702  58.054 0.6000000238
110478  17.974  -52.001  63.179 0.5000000000
33495  16.588  -52.445  61.410 0.5000000000
33507  16.342  -52.415  60.497 0.5000000000
33496  15.953  -52.500  61.105 0.5000000000
29856  21.803  -56.137  51.695 0.2000000030
111822  21.231  -54.049  50.940 0.2000000030
29867  21.840  -56.034  50.827 0.2000000030
30793  21.931  -55.862  49.994 0.2000000030
34579  16.732  -52.061  59.185 0.5000000000
113813  15.659  -52.444  59.220 0.5000000000
36837  23.027  -50.061  50.876 0.2000000030
34681  21.740  -52.004  50.642 0.2000000030
32610  21.299  -53.364  50.284 0.2000000030
31675  21.293  -54.459  50.055 0.2000000030
30805  22.095  -55.622  49.200 0.2000000030
36814  24.114  -49.275  51.012 0.2000000030
35798  22.647  -50.944  50.580 0.2000000030
34680  22.203  -51.612  50.214 0.2000000030
31685  21.428  -54.558  49.223 0.2000000030
30820  22.306  -55.356  48.416 0.2000000030
30841  22.587  -55.062  47.631 0.2000000030
102790  23.814  -55.676  47.903 0.2000000030
120394  25.475  -49.288  51.824 0.4000000060
36836  23.669  -50.189  50.684 0.2000000030
31697  21.533  -54.295  48.558 0.2000000030
31696  21.919  -54.727  48.034 0.2000000030
114979  15.581  -52.405  57.988 0.5000000000
36799  25.960  -49.586  52.402 0.4000000060
117689  24.387  -50.010  68.632 0.8000000119
103897  23.996  -50.262  68.442 0.8000000119
35535  23.565  -49.887  68.791 0.6999999881
35588  23.526  -50.337  67.355 0.6999999881
119344  23.038  -50.369  67.914 0.6999999881
36604  22.433  -49.730  66.409 0.6999999881
109297  22.218  -48.943  64.338 0.8000000119
36615  22.413  -49.263  65.434 0.8000000119
26935  25.700  -59.477  54.559 0.2000000030
26936  24.931  -59.253  54.590 0.2000000030
28867  22.845  -57.817  55.400 0.2000000030
37561  21.992  -48.715  62.188 0.6999999881
33460  17.510  -52.357  64.685 0.5000000000
27873  25.269  -59.113  53.926 0.2000000030
27874  24.516  -58.902  54.162 0.2000000030
28885  23.097  -58.061  54.526 0.2000000030
28886  22.472  -57.207  54.771 0.2000000030
30737  22.334  -55.527  55.425 0.2000000030
38460  20.798  -47.875  59.260 0.6999999881
37609  21.044  -48.230  59.948 0.6999999881
33472  17.636  -52.287  63.779 0.5000000000
33484  17.358  -52.342  62.926 0.5000000000
27902  24.104  -58.321  53.004 0.2000000030
27892  24.152  -58.564  53.727 0.2000000030
29820  22.144  -56.269  54.716 0.2000000030
31639  21.966  -54.642  54.476 0.3000000119
104301  22.547  -51.963  55.256 0.2000000030
35740  21.479  -49.980  54.490 0.3000000119
36786  19.042  -48.957  52.986 0.4000000060
38516  18.523  -47.611  54.984 0.4000000060
38473  20.593  -47.564  58.485 0.6999999881
34545  17.858  -51.959  62.289 0.5000000000
33494  17.268  -52.288  61.853 0.5000000000
28917  22.723  -57.361  52.820 0.2000000030
32578  22.362  -52.961  54.920 0.3000000119
35739  22.202  -50.291  54.915 0.3000000119
36766  21.347  -49.155  53.587 0.4000000060
38540  18.980  -48.146  53.169 0.4000000060
38527  19.179  -47.082  54.673 0.4000000060
38502  20.046  -47.011  56.898 0.6000000238
39353  20.950  -46.777  57.085 0.6000000238
29855  22.274  -56.757  52.162 0.2000000030
36765  22.040  -49.581  54.217 0.4000000060
121154  20.671  -48.453  52.866 0.4000000060
38539  19.352  -47.511  53.217 0.4000000060
39380  19.732  -46.756  55.436 0.4000000060
39367  20.305  -46.662  56.207 0.6000000238
33506  17.118  -52.245  60.918 0.5000000000
105059  16.267  -52.357  59.573 0.5000000000
30786  21.503  -55.436  51.249 0.2000000030
37694  21.548  -48.505  52.998 0.4000000060
38559  19.896  -47.377  52.822 0.4000000060
39402  20.200  -46.443  53.503 0.4000000060
107379  19.864  -46.551  54.473 0.4000000060
39366  21.107  -46.390  56.123 0.6999999881
33614  21.441  -52.637  50.928 0.2000000030
33617  21.508  -52.588  50.244 0.2000000030
39378  21.225  -46.062  55.241 0.6000000238
34690  21.783  -52.175  49.830 0.2000000030
33621  21.455  -52.845  49.535 0.2000000030
32616  21.336  -53.735  49.226 0.2000000030
30821  21.705  -55.026  48.784 0.2000000030
33558  15.983  -52.195  57.799 0.4000000060
35797  23.297  -50.956  50.221 0.2000000030
34689  22.331  -51.809  49.357 0.2000000030
31715  21.718  -53.962  47.822 0.2000000030
31714  22.213  -54.365  47.269 0.2000000030
35781  24.414  -50.514  50.708 0.2000000030
33620  21.815  -52.328  49.003 0.2000000030
33626  21.803  -52.435  48.156 0.2000000030
32632  21.975  -53.461  47.019 0.2000000030
111631  26.187  -50.891  52.621 0.5000000000
36764  26.694  -50.414  54.188 0.5000000000
34483  26.398  -50.895  67.399 0.6999999881
35555  24.836  -50.329  68.402 0.6999999881
115552  25.930  -51.041  67.002 0.6999999881
35586  25.690  -50.839  66.458 0.6999999881
105084  25.174  -50.778  66.929 0.6999999881
34467  24.658  -50.606  68.174 0.6999999881
35585  26.384  -50.997  66.259 0.6999999881
35604  25.855  -50.518  65.875 0.6999999881
36602  24.312  -49.559  65.895 0.6999999881
36603  23.390  -49.766  66.466 0.6999999881
37527  23.623  -48.583  64.500 0.6999999881
37515  23.929  -48.853  65.142 0.6999999881
28902  22.840  -57.684  53.775 0.3000000119
38459  21.475  -47.787  59.526 0.6999999881
38446  21.784  -47.952  60.160 0.6999999881
29836  22.207  -56.845  53.804 0.2000000030
29821  21.893  -56.077  54.128 0.3000000119
30749  22.002  -55.459  54.664 0.3000000119
38490  20.388  -47.259  57.665 0.6999999881
29847  22.115  -56.708  52.951 0.2000000030
30766  21.605  -55.491  53.062 0.2000000030
29837  21.816  -56.170  53.416 0.3000000119
114262  21.978  -53.685  54.172 0.3000000119
33590  22.422  -51.516  54.317 0.3000000119
30777  21.539  -55.465  52.144 0.2000000030
31661  21.473  -54.731  52.668 0.2000000030
104011  22.433  -50.763  53.708 0.3000000119
33523  16.920  -52.154  60.039 0.5000000000
112801  21.445  -52.767  51.842 0.2000000030
36783  22.204  -49.382  53.615 0.4000000060
37715  20.636  -47.676  52.692 0.4000000060
39389  20.641  -46.102  54.391 0.4000000060
33542  16.058  -52.328  58.661 0.5000000000
35782  22.636  -50.158  51.417 0.2000000030
39418  20.800  -46.238  53.011 0.4000000060
39401  21.018  -45.901  53.548 0.4000000060
36815  23.402  -49.188  51.159 0.3000000119
33637  21.642  -53.163  47.855 0.2000000030
37711  26.197  -48.639  52.845 0.4000000060
35762  25.640  -50.612  51.772 0.3000000119
35780  25.186  -51.103  51.030 0.3000000119
35796  24.170  -51.156  50.134 0.2000000030
34678  23.950  -51.353  49.496 0.2000000030
34688  23.141  -51.426  49.049 0.2000000030
121460  22.192  -52.821  46.548 0.2000000030
34677  25.000  -51.523  50.358 0.2000000030
33636  21.972  -52.516  47.241 0.2000000030
36763  26.993  -50.910  54.899 0.5000000000
109553  25.846  -51.783  51.433 0.3000000119
35737  27.124  -51.761  54.724 0.5000000000
34498  29.065  -50.921  65.821 0.8000000119
35584  28.679  -50.834  66.405 0.8000000119
34481  27.980  -50.949  66.748 0.8000000119
34482  27.197  -50.970  67.080 0.6999999881
34515  28.738  -50.929  65.641 0.6999999881
34517  27.242  -51.073  65.998 0.6999999881
35603  26.752  -50.551  65.514 0.6999999881
36632  25.680  -49.187  64.965 0.6999999881
36614  25.283  -49.767  65.583 0.6999999881
34516  28.086  -50.969  65.799 0.6999999881
35618  26.599  -49.542  64.925 0.6999999881
122703  26.179  -48.939  64.683 0.6999999881
115122  25.119  -48.650  64.641 0.6999999881
37526  24.355  -48.512  64.449 0.6999999881
37544  24.206  -48.125  63.567 0.6999999881
37545  23.051  -48.571  64.051 0.6999999881
104347  25.004  -48.232  64.077 0.6999999881
120981  23.865  -48.094  62.991 0.6999999881
103286  23.353  -48.309  63.254 0.6999999881
37560  22.689  -48.460  62.501 0.6999999881
37558  24.326  -47.894  62.824 0.6999999881
107401  24.381  -47.632  62.087 0.6999999881
105795  23.663  -47.717  61.452 0.6999999881
37574  23.040  -48.133  61.840 0.6999999881
37590  22.055  -48.174  60.963 0.6999999881
38444  23.327  -47.525  60.611 0.6999999881
38430  22.828  -47.929  61.169 0.6999999881
38445  22.561  -47.732  60.364 0.6999999881
103138  23.079  -47.373  59.915 0.6999999881
110522  21.405  -47.490  58.858 0.6999999881
114073  21.571  -53.946  53.144 0.2000000030
34654  22.121  -51.702  53.193 0.2000000030
38471  22.807  -46.949  58.581 0.6999999881
38472  22.012  -47.134  58.412 0.6999999881
38489  21.206  -47.171  58.034 0.6999999881
106056  21.302  -53.697  51.733 0.2000000030
32602  21.483  -53.361  52.551 0.2000000030
33607  21.724  -52.546  52.826 0.2000000030
35763  22.451  -50.035  53.148 0.3000000119
117295  22.463  -46.810  57.985 0.6999999881
39352  21.840  -46.814  57.625 0.6999999881
120247  21.724  -51.932  51.514 0.2000000030
120615  22.385  -50.315  52.064 0.3000000119
36801  22.119  -48.583  52.943 0.3000000119
37714  21.660  -47.716  52.601 0.4000000060
103077  21.838  -46.434  56.801 0.6999999881
37730  22.995  -48.401  51.602 0.3000000119
38575  23.197  -47.591  51.610 0.3000000119
38557  21.833  -46.965  52.330 0.4000000060
104928  21.073  -47.092  52.492 0.4000000060
39417  21.470  -45.891  52.883 0.4000000060
39388  21.464  -45.744  54.407 0.5000000000
39377  21.908  -46.100  55.927 0.6999999881
37727  25.171  -48.444  51.668 0.4000000060
37728  24.483  -48.370  51.327 0.3000000119
37693  26.469  -48.566  53.630 0.5000000000
36747  26.953  -49.541  54.931 0.5000000000
114826  26.662  -49.307  54.107 0.5000000000
110813  22.153  -51.922  47.773 0.2000000030
36746  27.253  -50.324  55.668 0.5000000000
103046  24.892  -51.646  49.824 0.2000000030
34701  23.987  -51.275  48.964 0.2000000030
35747  26.522  -51.268  53.481 0.4000000060
35761  26.441  -51.984  52.784 0.4000000060
34668  25.665  -51.852  50.702 0.3000000119
35729  27.395  -51.412  55.420 0.5000000000
35738  26.779  -51.622  54.237 0.4000000060
34604  28.024  -51.620  56.912 0.5000000000
37503  31.211  -48.665  65.982 0.6999999881
37504  30.519  -49.060  66.345 0.6999999881
36599  30.946  -49.652  65.766 0.6999999881
35599  30.429  -50.326  65.448 0.6999999881
35600  29.775  -50.745  65.379 0.8000000119
34526  29.273  -50.791  65.251 0.6999999881
36630  28.035  -49.918  64.579 0.6999999881
35614  30.461  -50.507  64.766 0.6999999881
111123  29.330  -50.542  64.789 0.6999999881
36650  28.680  -49.791  64.289 0.6999999881
36631  27.357  -49.452  64.625 0.6999999881
36652  26.663  -48.553  64.367 0.6999999881
37542  25.710  -47.978  63.875 0.6999999881
35628  30.432  -50.394  64.535 0.6999999881
35629  29.891  -50.270  64.391 0.6999999881
113391  28.781  -49.081  64.047 0.6999999881
37540  28.202  -48.057  63.863 0.6999999881
37541  27.345  -47.949  63.960 0.6999999881
38398  26.425  -47.555  63.452 0.6999999881
37543  24.946  -47.865  63.367 0.6999999881
107151  26.580  -47.036  62.662 0.6999999881
108286  25.794  -47.255  62.678 0.6999999881
38428  25.258  -47.161  61.909 0.6999999881
38429  24.498  -47.240  61.315 0.6999999881
38443  23.986  -47.298  60.781 0.6999999881
39306  24.598  -46.854  60.563 0.6999999881
39320  23.881  -47.017  60.018 0.6999999881
38457  23.317  -47.013  59.263 0.6999999881
39335  23.630  -46.572  58.544 0.6999999881
102484  23.103  -46.531  57.928 0.6999999881
39351  22.540  -46.478  57.362 0.6999999881
107323  22.565  -48.578  52.217 0.3000000119
37713  22.430  -47.750  52.187 0.3000000119
40192  21.904  -45.815  55.170 0.6000000238
38574  23.984  -47.405  51.392 0.3000000119
39433  23.354  -46.956  51.675 0.3000000119
103387  22.146  -46.208  52.388 0.4000000060
40212  21.953  -45.523  53.549 0.4000000060
40201  22.322  -45.532  54.588 0.4000000060
113561  25.879  -47.957  52.569 0.4000000060
38572  25.415  -47.732  52.101 0.3000000119
39415  23.878  -46.265  51.998 0.4000000060
39416  23.148  -46.308  52.020 0.3000000119
40221  22.785  -45.710  52.521 0.4000000060
40222  22.141  -45.636  52.796 0.4000000060
35697  29.167  -51.088  58.480 0.6000000238
37664  27.189  -49.230  55.880 0.5000000000
37677  26.657  -48.495  54.473 0.6000000238
38553  26.147  -47.803  53.172 0.4000000060
40210  23.315  -45.409  53.052 0.4000000060
35698  28.505  -50.723  58.236 0.6000000238
36734  27.414  -49.923  56.339 0.6000000238
34591  28.744  -51.685  58.023 0.6000000238
35719  27.547  -50.941  56.408 0.6000000238
35709  28.203  -51.238  57.690 0.6000000238
120282  26.064  -51.708  52.108 0.4000000060
35779  26.424  -52.159  52.026 0.4000000060
102440  26.937  -52.351  51.890 0.4000000060
37513  32.352  -48.686  65.138 0.8999999762
37512  33.069  -48.275  64.871 0.8999999762
36612  32.094  -49.290  64.896 0.8999999762
113508  31.507  -49.857  64.415 0.6999999881
36629  30.990  -50.255  64.375 0.6999999881
36611  32.665  -48.851  64.502 0.8999999762
36628  32.307  -49.286  64.161 0.8000000119
36647  31.683  -49.711  64.088 0.6999999881
110201  30.994  -50.039  63.889 0.6999999881
102727  30.041  -49.683  63.974 0.6999999881
120091  29.517  -48.999  63.899 0.6999999881
38396  28.481  -47.516  63.196 0.6999999881
36646  32.621  -49.082  63.724 0.8000000119
37555  31.628  -48.281  62.618 0.6999999881
37556  31.020  -48.560  63.285 0.6999999881
107393  29.781  -47.504  62.229 0.6999999881
38412  28.471  -47.150  62.517 0.6999999881
118401  28.094  -46.789  61.603 0.6999999881
38426  27.085  -46.737  61.962 0.6999999881
38427  26.178  -46.886  62.016 0.6999999881
111213  25.852  -46.727  61.447 0.6999999881
37554  32.544  -48.656  62.965 0.8000000119
123573  32.425  -48.371  62.180 0.6999999881
38409  31.122  -47.832  61.938 0.6999999881
39294  25.242  -46.764  61.080 0.6999999881
106656  26.019  -46.434  60.807 0.6999999881
39319  24.755  -46.519  59.815 0.6999999881
102607  24.192  -46.559  59.199 0.6999999881
102903  25.073  -46.236  59.097 0.6999999881
39334  24.512  -46.243  58.440 0.6999999881
102438  23.922  -46.201  57.811 0.6999999881
39350  23.322  -46.148  57.210 0.6999999881
39365  22.703  -46.078  56.514 0.6000000238
36696  31.220  -49.692  59.345 0.6999999881
36697  30.289  -49.517  59.140 0.6999999881
40184  23.526  -45.815  56.488 0.6000000238
121241  23.138  -45.790  56.076 0.5000000000
35681  31.528  -50.815  59.308 0.6999999881
35683  29.694  -50.323  58.834 0.6999999881
36713  28.914  -50.076  58.653 0.6000000238
39431  24.340  -46.785  51.839 0.3000000119
39432  23.746  -46.708  51.720 0.3000000119
35682  30.585  -50.554  59.040 0.6999999881
35699  28.077  -50.274  57.900 0.6000000238
37651  27.427  -49.121  56.772 0.6000000238
38555  25.021  -46.929  52.221 0.3000000119
40211  22.603  -45.424  53.098 0.4000000060
40200  22.974  -45.329  53.902 0.5000000000
35696  30.008  -51.391  58.690 0.6999999881
37665  26.832  -48.418  55.343 0.6000000238
40209  24.048  -45.589  52.981 0.4000000060
105162  27.596  -50.089  56.876 0.6000000238
38525  26.450  -47.676  54.865 0.6000000238
38526  25.955  -47.057  54.462 0.6000000238
34639  26.761  -52.274  53.592 0.4000000060
34602  29.068  -52.346  57.721 0.6000000238
34632  27.021  -52.274  54.246 0.4000000060
34615  28.467  -52.261  56.513 0.5000000000
34652  26.863  -52.385  52.796 0.4000000060
34616  27.877  -51.881  55.961 0.5000000000
33581  27.345  -52.447  54.172 0.4000000060
33606  27.065  -52.569  53.412 0.4000000060
35760  27.693  -51.904  52.191 0.4000000060
38368  31.373  -47.647  66.075 0.8000000119
38378  32.685  -47.813  65.355 0.8000000119
38379  31.915  -48.230  65.653 0.8999999762
39221  31.529  -46.640  66.163 0.8000000119
37524  33.425  -48.551  64.427 0.8000000119
37523  34.323  -48.620  64.169 0.6999999881
36627  33.340  -48.921  64.045 0.8000000119
38397  27.580  -47.191  62.963 0.6999999881
122275  34.231  -48.915  63.767 0.8000000119
37536  33.330  -48.880  63.098 0.8000000119
102765  28.932  -47.093  60.967 0.6999999881
39292  27.302  -46.559  61.224 0.6999999881
113930  34.733  -49.191  63.260 0.8000000119
37572  32.687  -48.482  61.368 0.8000000119
38423  31.080  -47.884  60.970 0.6999999881
38424  30.382  -47.623  61.638 0.6999999881
102413  29.015  -47.171  61.914 0.6999999881
39304  26.881  -46.408  60.541 0.6999999881
39293  26.580  -46.547  61.340 0.6999999881
36674  34.081  -49.592  61.780 0.8000000119
37571  33.429  -49.105  61.158 0.8000000119
37586  32.721  -48.925  60.494 0.6999999881
37587  31.383  -48.425  60.117 0.6999999881
103303  26.005  -46.211  59.122 0.6999999881
117981  25.474  -46.276  59.669 0.6999999881
36685  33.867  -49.929  61.061 0.8000000119
36686  33.285  -49.783  60.437 0.8000000119
36695  32.318  -49.773  59.761 0.6999999881
37604  30.862  -48.823  59.519 0.6999999881
36698  29.425  -49.320  58.967 0.6999999881
37607  28.809  -49.034  58.774 0.6999999881
39332  26.222  -46.429  58.137 0.6999999881
115680  25.583  -46.114  57.644 0.6999999881
39333  25.389  -46.158  58.341 0.6999999881
117004  24.789  -45.829  57.076 0.6999999881
39349  24.189  -45.843  57.034 0.6999999881
35669  33.869  -50.939  60.624 0.8000000119
36714  28.432  -49.726  58.368 0.6000000238
40185  23.656  -45.570  55.634 0.5000000000
35680  32.468  -51.258  59.581 0.6999999881
36726  27.772  -49.713  57.436 0.6000000238
105450  23.730  -45.433  54.585 0.5000000000
106106  23.073  -45.440  54.866 0.5000000000
39413  25.198  -46.531  52.945 0.4000000060
39400  24.713  -45.946  53.559 0.5000000000
34575  31.813  -52.015  59.026 0.6999999881
34576  30.902  -51.661  58.859 0.6999999881
39399  25.721  -47.013  53.550 0.5000000000
40199  23.882  -45.423  53.703 0.5000000000
34590  29.526  -52.157  58.216 0.6000000238
34603  28.600  -52.123  57.300 0.6000000238
34631  27.574  -52.050  54.832 0.4000000060
35794  27.249  -51.266  50.728 0.4000000060
34638  27.902  -52.378  53.297 0.4000000060
34630  27.960  -52.317  54.486 0.4000000060
34650  27.993  -52.025  52.835 0.4000000060
35759  28.259  -51.161  52.603 0.4000000060
110344  33.056  -46.777  65.374 0.6999999881
37511  33.948  -48.118  64.681 0.6999999881
38377  33.547  -47.546  65.058 0.6999999881
38387  34.904  -48.066  64.457 0.6999999881
37522  35.375  -48.651  64.049 0.6999999881
38441  28.396  -46.929  60.569 0.6999999881
36626  35.057  -49.018  63.688 0.6999999881
37588  30.520  -48.154  60.088 0.6999999881
37589  29.683  -47.899  59.999 0.6999999881
38440  28.911  -47.470  60.006 0.6999999881
38442  28.111  -47.101  59.791 0.6999999881
39303  27.732  -46.672  60.631 0.6999999881
37605  29.983  -48.621  59.436 0.6999999881
37606  29.179  -48.360  59.345 0.6999999881
117925  28.487  -48.021  59.168 0.6999999881
37608  28.032  -48.012  58.713 0.6999999881
39317  26.805  -46.436  59.648 0.6999999881
35656  34.502  -50.630  61.423 0.8000000119
38470  27.452  -47.368  58.475 0.6999999881
122025  26.850  -46.834  58.270 0.6999999881
37624  28.346  -48.723  58.506 0.6000000238
39347  26.053  -46.427  57.059 0.6000000238
39348  25.302  -45.945  57.064 0.6999999881
39364  24.812  -45.758  56.513 0.6000000238
36715  28.074  -49.257  57.990 0.6000000238
39363  25.971  -46.637  55.959 0.6000000238
118572  25.492  -46.100  56.452 0.6000000238
40183  24.138  -45.661  56.330 0.5000000000
35679  33.360  -51.758  59.957 0.8000000119
104738  26.999  -48.240  56.224 0.6000000238
39376  25.138  -45.949  55.667 0.6000000238
40190  24.404  -45.628  55.130 0.5000000000
34573  33.621  -52.859  59.962 0.8000000119
38513  26.519  -47.526  55.705 0.6000000238
39375  25.581  -46.521  55.017 0.5000000000
39387  24.933  -45.989  54.643 0.5000000000
34574  32.686  -52.600  59.417 0.6999999881
34588  31.223  -52.611  58.659 0.6999999881
34589  30.401  -52.366  58.445 0.6999999881
33539  30.761  -52.876  58.260 0.6000000238
33538  31.708  -53.012  58.478 0.6999999881
34622  28.836  -52.252  55.492 0.5000000000
35746  28.368  -51.651  53.413 0.4000000060
33554  29.647  -52.695  57.615 0.6000000238
33565  29.369  -52.640  56.868 0.6000000238
39220  32.282  -46.235  65.790 0.6999999881
38376  34.504  -47.421  64.800 0.6999999881
123717  33.753  -46.085  65.277 0.6999999881
39238  33.039  -45.794  65.507 0.6000000238
39237  34.109  -46.705  65.058 0.6999999881
40077  33.771  -45.430  65.381 0.6999999881
38375  35.381  -47.393  64.602 0.6999999881
39236  35.016  -46.691  64.863 0.6999999881
115703  36.120  -48.783  63.915 0.6999999881
36624  36.634  -49.243  63.529 0.6999999881
36644  35.677  -49.607  63.190 0.6999999881
35627  36.500  -49.821  63.147 0.6999999881
35639  37.217  -49.886  62.656 0.6999999881
36661  35.263  -49.852  62.658 0.8000000119
35641  36.179  -50.376  62.524 0.8000000119
35640  36.883  -50.185  62.600 0.8000000119
38487  27.486  -47.865  57.746 0.6000000238
35655  35.268  -51.195  61.633 0.8000000119
34553  35.573  -52.170  61.098 0.8000000119
34552  36.318  -51.725  61.160 0.8000000119
37625  27.891  -48.314  58.163 0.6000000238
38488  26.861  -47.127  57.619 0.6000000238
35668  34.747  -51.750  61.085 0.8000000119
34562  35.462  -53.068  60.562 0.8000000119
33519  36.157  -53.230  59.930 0.8000000119
37639  27.683  -48.702  57.527 0.6000000238
38501  26.626  -47.285  56.600 0.6000000238
34563  34.186  -52.243  60.486 0.8000000119
34572  34.533  -53.108  60.347 0.8000000119
33520  35.184  -53.454  59.786 0.8000000119
33535  34.781  -53.440  58.937 0.8000000119
33549  34.388  -52.967  58.210 0.8000000119
33537  32.539  -53.219  58.988 0.6999999881
34610  33.896  -51.636  57.014 0.8000000119
34609  35.212  -51.435  56.759 0.8000000119
34587  31.960  -52.824  58.937 0.6999999881
33551  32.657  -53.079  58.379 0.6999999881
35716  33.365  -50.965  56.399 0.8000000119
35724  34.225  -50.424  55.508 0.6999999881
34601  31.983  -52.467  57.628 0.6999999881
35717  32.061  -51.106  56.617 0.6999999881
34612  31.498  -52.088  57.110 0.6999999881
35725  32.787  -50.366  55.837 0.6999999881
33552  31.083  -52.758  57.769 0.6000000238
33553  30.319  -52.860  57.861 0.6000000238
35745  29.004  -50.704  53.939 0.4000000060
34614  29.319  -52.493  56.249 0.5000000000
39527  25.126  -45.704  45.939 0.1000000015
39528  24.669  -46.030  45.358 0.1000000015
40342  24.746  -45.899  44.082 0.1000000015
107240  25.344  -45.605  42.555 0.1000000015
39234  36.223  -46.085  64.651 0.8000000119
108565  36.705  -45.332  64.757 0.6000000238
116754  35.503  -46.127  64.803 0.6999999881
40076  34.662  -45.718  65.083 0.6999999881
39254  36.106  -47.376  64.455 0.6999999881
40926  35.148  -44.676  65.191 0.6999999881
37535  37.228  -48.993  63.393 0.6999999881
36642  37.461  -49.354  62.925 0.6999999881
35666  37.050  -50.597  61.535 0.6999999881
104969  36.972  -51.198  60.416 0.8000000119
103344  36.730  -51.919  60.555 0.8000000119
34585  36.664  -52.596  59.058 0.8000000119
35694  36.832  -51.668  58.664 0.8000000119
33534  35.891  -53.336  59.027 0.8000000119
35708  36.433  -51.379  57.353 0.8000000119
33548  35.498  -52.843  58.242 0.8000000119
34597  36.169  -52.052  57.683 0.8000000119
35714  35.916  -50.690  56.106 0.8000000119
36757  35.816  -49.558  54.167 0.6999999881
34598  35.188  -52.138  57.493 0.8000000119
35715  34.791  -50.903  56.127 0.8000000119
36742  35.116  -50.035  54.690 0.6999999881
36743  33.599  -49.827  54.893 0.6000000238
36778  34.796  -49.304  53.371 0.6000000238
37689  33.415  -48.831  53.210 0.5000000000
37706  32.612  -48.370  52.527 0.5000000000
113568  32.600  -49.385  54.629 0.5000000000
37675  32.348  -48.903  54.067 0.5000000000
38550  31.973  -47.835  51.950 0.5000000000
36744  32.124  -49.754  55.346 0.6000000238
36760  31.618  -49.252  54.760 0.5000000000
37691  30.820  -48.470  53.403 0.5000000000
38551  30.888  -47.667  52.111 0.5000000000
35718  30.789  -51.668  56.493 0.6000000238
36745  31.012  -49.856  55.434 0.6000000238
37676  31.210  -48.776  54.124 0.5000000000
38552  29.998  -47.708  52.158 0.5000000000
39445  30.228  -46.777  50.158 0.5000000000
33564  30.131  -52.685  57.338 0.6000000238
35735  30.041  -50.308  55.118 0.5000000000
36779  30.199  -48.959  54.028 0.5000000000
38570  29.652  -47.579  51.578 0.5000000000
39457  28.809  -46.599  49.489 0.5000000000
34613  29.971  -52.420  56.626 0.6000000238
36797  29.090  -49.287  52.912 0.5000000000
38591  28.019  -47.980  50.411 0.5000000000
39483  27.496  -46.399  48.722 0.5000000000
40282  27.517  -45.561  47.704 0.3000000119
40283  26.841  -45.590  47.459 0.1000000015
40318  27.162  -44.850  46.336 0.1000000015
39506  26.337  -46.170  47.854 0.3000000119
40303  25.827  -45.412  46.359 0.1000000015
40329  25.434  -45.130  44.872 0.1000000015
41141  25.807  -44.745  43.635 0.1000000015
40320  25.628  -45.197  45.600 0.1000000015
40330  24.872  -45.643  44.711 0.1000000015
40341  25.251  -45.244  44.007 0.1000000015
40354  25.745  -45.000  42.354 0.1000000015
40088  37.363  -45.729  64.450 0.6999999881
40916  34.120  -43.581  65.880 0.5000000000
39251  37.955  -45.723  64.198 0.6999999881
114464  35.736  -45.423  64.923 0.6999999881
39252  37.494  -46.476  64.144 0.6000000238
38394  37.761  -47.774  63.466 0.6999999881
37552  37.655  -48.795  62.673 0.6999999881
37568  37.233  -49.244  61.901 0.8000000119
36672  36.981  -49.544  61.055 0.8000000119
36684  37.053  -50.452  60.831 0.8000000119
36694  36.411  -50.033  59.269 0.8000000119
36711  36.318  -50.359  58.281 0.8000000119
36710  36.760  -50.879  58.911 0.8000000119
35695  36.695  -51.170  57.967 0.8000000119
36724  36.314  -50.685  57.183 0.8000000119
36732  36.066  -50.368  56.105 0.8000000119
111377  36.262  -50.949  56.671 0.8000000119
36741  35.883  -49.816  54.698 0.8000000119
36756  36.136  -49.362  54.335 0.8000000119
36777  35.812  -49.327  53.581 0.6999999881
37687  35.790  -49.042  52.941 0.6999999881
37704  35.538  -48.678  52.147 0.5000000000
37705  34.033  -48.633  52.277 0.5000000000
38568  32.528  -47.688  51.119 0.5000000000
38587  31.961  -47.344  50.343 0.5000000000
39444  31.134  -46.851  50.039 0.5000000000
39456  29.781  -46.498  49.497 0.5000000000
35727  30.377  -50.981  55.775 0.5000000000
35736  29.342  -50.858  54.621 0.4000000060
39480  30.331  -46.220  48.825 0.5000000000
40258  28.838  -45.703  48.224 0.2000000030
34621  29.760  -52.049  55.945 0.5000000000
40300  28.519  -45.051  46.882 0.1000000015
41092  27.932  -44.702  46.300 0.1000000015
41113  27.337  -44.576  45.651 0.1000000015
41131  26.012  -44.667  44.400 0.1000000015
40369  25.568  -45.615  41.724 0.1000000015
41758  37.186  -43.373  65.140 0.5000000000
40934  37.624  -44.979  64.551 0.6000000238
40924  36.930  -44.369  64.990 0.5000000000
39267  38.042  -46.399  63.685 0.6999999881
37533  38.038  -48.016  63.050 0.6000000238
39280  38.214  -46.747  63.099 0.6999999881
38408  37.911  -47.917  62.749 0.6000000238
37569  36.877  -48.777  61.454 0.8000000119
37585  36.309  -48.858  60.600 0.8000000119
37600  36.662  -49.768  60.183 0.8000000119
37601  35.950  -49.230  59.671 0.8000000119
37621  35.750  -49.549  58.751 0.8000000119
36712  35.756  -49.839  57.771 0.8000000119
37637  35.118  -49.270  57.318 0.8000000119
36733  35.774  -49.637  56.286 0.8000000119
106826  34.977  -49.008  56.646 0.8000000119
37649  35.545  -49.062  55.758 0.8000000119
38510  35.504  -48.414  54.615 0.8000000119
37661  36.061  -49.335  54.919 0.8000000119
37674  36.168  -48.915  54.351 0.8000000119
38533  36.220  -48.557  53.154 0.8000000119
37686  36.255  -48.963  53.295 0.8000000119
38534  36.063  -47.957  53.222 0.8000000119
110805  36.236  -48.208  51.794 0.6999999881
38567  35.190  -48.065  50.765 0.5000000000
38585  34.227  -47.636  50.101 0.5000000000
39454  32.016  -46.880  49.348 0.5000000000
39504  31.770  -46.257  47.960 0.3000000119
117831  30.872  -46.063  48.264 0.3000000119
40280  29.186  -45.411  47.439 0.2000000030
41091  28.850  -44.693  46.159 0.1000000015
41112  28.259  -44.430  45.516 0.1000000015
42654  37.761  -42.598  65.038 0.5000000000
110218  37.073  -42.494  65.484 0.5000000000
41768  37.599  -44.124  64.713 0.5000000000
40933  38.273  -45.078  64.172 0.8000000119
40942  38.482  -44.536  63.848 0.8000000119
116232  38.324  -45.897  63.293 0.6999999881
113652  38.073  -46.157  62.763 0.8000000119
39290  36.583  -46.721  61.881 0.8000000119
38422  36.000  -47.364  61.404 0.8000000119
38453  35.311  -48.397  60.047 0.8000000119
37623  34.376  -48.667  57.953 0.8000000119
37638  34.226  -48.547  57.275 0.8000000119
37650  34.333  -48.454  56.407 0.8000000119
38485  33.448  -47.928  57.010 0.8000000119
38523  35.222  -47.908  54.057 0.8000000119
38535  34.807  -47.431  53.371 0.8000000119
39409  36.074  -47.427  51.728 0.6999999881
39428  36.159  -47.414  51.234 0.5000000000
108167  35.269  -47.381  50.030 0.4000000060
118550  34.259  -46.937  48.434 0.4000000060
102628  33.361  -47.047  48.784 0.4000000060
103741  34.022  -46.362  47.394 0.3000000119
39503  32.892  -46.416  47.621 0.3000000119
40278  32.181  -45.981  47.173 0.2000000030
112768  30.189  -45.459  47.147 0.2000000030
115305  30.278  -45.207  46.452 0.2000000030
41111  29.222  -44.452  45.409 0.1000000015
42636  38.127  -41.736  65.064 0.5000000000
42653  38.483  -42.553  64.378 0.6000000238
41767  38.059  -43.462  64.594 0.6999999881
41776  38.506  -43.613  64.072 0.6999999881
40127  37.589  -45.407  62.329 0.8000000119
39289  37.467  -46.446  62.337 0.8000000119
109143  35.341  -46.879  60.867 0.8000000119
38438  34.777  -47.301  60.171 0.8000000119
38454  34.554  -47.953  59.471 0.8000000119
108058  33.639  -47.959  58.045 0.6999999881
39345  33.039  -47.097  57.543 0.6999999881
38500  33.456  -47.862  55.992 0.8000000119
38512  32.896  -47.428  55.259 0.8000000119
38524  33.542  -47.374  54.261 0.8000000119
39396  34.290  -46.966  52.714 0.6999999881
39410  35.156  -46.817  51.768 0.6999999881
39411  33.534  -46.514  52.127 0.6000000238
39442  35.558  -46.629  50.314 0.4000000060
103746  34.143  -46.358  51.220 0.6000000238
39453  35.340  -46.379  49.393 0.4000000060
40236  35.161  -45.929  49.547 0.4000000060
39476  35.209  -46.155  48.450 0.4000000060
39477  34.593  -46.479  48.005 0.3000000119
40277  33.352  -46.088  46.913 0.3000000119
117076  34.409  -45.370  46.798 0.3000000119
40315  31.943  -45.263  45.789 0.3000000119
44522  38.645  -40.080  65.417 0.5000000000
43560  38.376  -40.844  65.224 0.6000000238
43575  38.766  -41.380  64.412 0.6000000238
42671  38.725  -42.816  63.689 0.8000000119
40951  37.943  -44.553  62.602 0.8999999762
40957  37.268  -44.515  62.044 0.8000000119
40129  36.015  -45.535  61.635 0.8000000119
39302  34.735  -46.241  60.391 0.8000000119
115887  33.900  -46.489  59.074 0.8000000119
39330  33.479  -46.776  58.374 0.6999999881
40154  34.003  -45.777  59.278 0.8000000119
114877  33.055  -46.050  57.849 0.6999999881
39346  32.563  -46.292  57.023 0.8000000119
119393  32.431  -46.709  56.308 0.6999999881
39374  31.718  -46.098  55.073 0.6999999881
39373  32.284  -46.844  54.731 0.6999999881
105092  31.339  -45.442  54.623 0.6999999881
39385  31.686  -46.247  54.281 0.6999999881
40207  31.175  -45.739  52.699 0.6999999881
39412  32.125  -46.282  52.412 0.6999999881
39430  32.745  -46.138  51.522 0.6000000238
40238  32.558  -45.505  50.242 0.5000000000
40237  33.973  -45.685  49.825 0.5000000000
40243  34.571  -45.500  48.941 0.4000000060
41060  34.036  -45.085  48.339 0.3000000119
40255  35.005  -45.642  48.054 0.3000000119
41059  34.645  -45.215  47.741 0.3000000119
41072  34.359  -44.754  47.051 0.3000000119
41090  34.293  -44.744  46.531 0.3000000119
44521  38.777  -40.499  64.775 0.6000000238
107972  39.043  -39.788  64.808 0.6000000238
42652  38.906  -42.035  63.876 0.6999999881
42689  38.557  -42.907  63.106 0.8000000119
41794  36.874  -43.722  61.783 0.6999999881
42706  37.297  -42.960  62.012 0.8000000119
41795  36.088  -43.743  61.327 0.8000000119
40142  34.814  -45.340  60.498 0.8000000119
40153  34.351  -45.545  59.836 0.8000000119
41801  35.379  -43.805  60.824 0.8000000119
40966  34.504  -44.695  59.957 0.8000000119
40974  33.960  -44.931  59.193 0.8000000119
40987  33.572  -44.782  58.447 0.6999999881
40164  33.579  -45.672  58.603 0.8000000119
40173  32.775  -45.461  57.392 0.6999999881
40181  32.414  -45.320  56.787 0.6999999881
39362  31.879  -45.823  55.721 0.6999999881
40189  31.569  -45.235  55.411 0.6999999881
107016  31.063  -45.553  53.424 0.6999999881
40219  30.687  -45.158  52.182 0.6999999881
40231  30.809  -45.209  51.281 0.6999999881
41046  30.343  -44.471  51.741 0.6000000238
118084  30.852  -45.019  50.560 0.5000000000
40245  31.526  -45.068  49.896 0.3000000119
40244  32.974  -45.237  49.222 0.3000000119
121594  30.958  -44.543  49.411 0.3000000119
41053  31.773  -44.740  49.122 0.3000000119
103211  33.786  -44.570  47.618 0.3000000119
45583  34.477  -39.752  49.631 0.3000000119
41918  31.566  -43.712  47.881 0.3000000119
121699  33.090  -39.128  48.458 0.2000000030
41927  33.598  -43.985  46.848 0.2000000030
123631  34.168  -44.424  46.569 0.2000000030
44530  39.226  -40.603  64.206 0.6999999881
43604  39.232  -41.127  63.114 0.8000000119
119711  38.912  -41.523  62.791 0.8000000119
42707  36.557  -42.881  61.372 0.8000000119
42708  35.776  -43.093  60.866 0.8000000119
42739  35.049  -42.272  59.760 0.6999999881
42740  34.511  -42.741  59.316 0.6999999881
108828  35.243  -43.257  60.432 0.8000000119
41809  34.277  -44.049  59.397 0.8000000119
41810  33.828  -44.111  58.663 0.6999999881
117185  33.717  -43.392  58.187 0.6999999881
41833  32.851  -43.748  56.953 0.6999999881
41856  32.272  -43.657  56.024 0.6999999881
112145  31.292  -43.379  54.647 0.6999999881
41024  31.205  -44.434  54.933 0.6999999881
108235  30.766  -44.035  54.207 0.6999999881
41882  30.783  -43.355  53.758 0.6999999881
40198  30.844  -44.908  53.994 0.6999999881
106297  30.402  -43.376  52.985 0.6999999881
42820  30.792  -42.644  53.226 0.6999999881
111174  30.244  -42.664  52.396 0.5000000000
42839  29.877  -43.078  51.655 0.4000000060
41906  29.973  -43.853  50.396 0.5000000000
41907  29.774  -43.208  49.928 0.5000000000
41054  30.570  -44.533  50.080 0.4000000060
41912  30.246  -43.904  49.387 0.3000000119
44682  39.156  -41.033  53.203 0.1000000015
46546  33.840  -38.803  48.492 0.3000000119
41919  30.569  -43.373  48.568 0.2000000030
45572  37.957  -39.799  51.355 0.1000000015
46521  36.836  -39.402  50.729 0.1000000015
45581  35.547  -39.536  50.422 0.1000000015
45582  34.931  -39.787  50.279 0.2000000030
47546  34.527  -37.939  48.129 0.3000000119
46547  33.033  -38.153  47.983 0.3000000119
105937  32.481  -37.706  48.101 0.4000000060
46549  31.488  -38.539  48.628 0.3000000119
44727  31.636  -40.231  48.302 0.2000000030
42866  30.975  -42.769  47.980 0.2000000030
117113  32.534  -39.748  48.424 0.2000000030
42873  31.538  -42.262  47.624 0.2000000030
46345  39.657  -38.495  64.427 0.6999999881
45409  39.489  -39.866  64.073 0.6999999881
44555  37.972  -41.036  61.314 0.8000000119
43644  37.174  -41.318  60.900 0.8000000119
43665  35.971  -41.151  59.962 0.6000000238
43666  35.297  -41.524  59.538 0.6999999881
43667  34.687  -41.971  59.065 0.6999999881
117676  33.636  -42.743  57.672 0.6999999881
41832  33.188  -42.902  57.025 0.6999999881
41855  32.790  -43.025  56.334 0.6999999881
122972  32.470  -43.028  55.865 0.6999999881
44636  43.195  -41.009  55.727 0.1000000015
42803  32.737  -42.441  55.722 0.6999999881
42804  32.047  -42.996  55.347 0.6999999881
42813  31.787  -42.597  54.630 0.6999999881
44637  41.761  -41.379  55.916 0.1000000015
43746  32.969  -41.690  55.193 0.6999999881
43757  31.960  -41.871  54.177 0.6999999881
42819  31.320  -42.613  53.974 0.6999999881
44657  41.527  -41.084  55.028 0.1000000015
44660  32.965  -40.377  54.192 0.6999999881
120168  31.759  -41.121  53.531 0.6000000238
43782  30.724  -42.018  52.803 0.6000000238
44658  40.330  -41.419  54.922 0.1000000015
119798  40.645  -40.950  54.128 0.1000000015
123505  32.899  -39.828  53.781 0.6999999881
44674  31.543  -40.418  52.977 0.6000000238
43781  30.991  -41.201  52.762 0.6000000238
106783  29.822  -41.337  51.302 0.5000000000
44681  40.207  -40.816  53.544 0.1000000015
45547  32.047  -39.174  52.729 0.6000000238
45548  31.336  -39.690  52.390 0.5000000000
44685  30.378  -40.831  51.945 0.4000000060
43807  29.563  -41.927  50.618 0.4000000060
42850  29.591  -42.426  49.924 0.4000000060
44691  39.576  -40.390  52.405 0.1000000015
46497  32.642  -37.921  52.321 0.5000000000
46509  31.166  -38.490  51.248 0.4000000060
113884  30.281  -39.638  50.939 0.4000000060
44704  29.608  -40.962  50.302 0.4000000060
42867  30.280  -42.384  48.584 0.2000000030
44692  38.518  -40.934  52.715 0.1000000015
48492  32.454  -36.625  50.417 0.5000000000
47523  31.392  -37.636  49.922 0.5000000000
46524  30.602  -38.908  49.744 0.4000000060
116856  29.844  -40.432  49.583 0.2000000030
116301  30.187  -41.474  48.667 0.2000000030
45571  39.083  -39.604  51.239 0.1000000015
46520  37.764  -39.191  50.604 0.1000000015
46544  35.951  -38.419  49.079 0.2000000030
109037  35.639  -37.696  48.132 0.2000000030
47547  33.862  -37.423  47.649 0.3000000119
47558  32.713  -36.886  47.993 0.4000000060
47535  31.537  -37.659  48.918 0.4000000060
45597  30.660  -39.775  48.744 0.2000000030
43826  30.805  -41.884  48.116 0.2000000030
46519  38.964  -38.936  50.424 0.1000000015
46533  37.238  -38.759  49.988 0.1000000015
46543  37.058  -38.312  49.102 0.1000000015
105918  34.562  -36.505  47.265 0.3000000119
49497  33.737  -35.903  47.656 0.5000000000
44728  30.924  -40.274  48.414 0.2000000030
112709  30.797  -41.055  48.299 0.2000000030
120700  37.985  -38.288  49.111 0.1000000015
110641  36.704  -37.204  47.524 0.2000000030
48525  35.359  -36.447  46.964 0.2000000030
120434  35.020  -35.945  46.911 0.4000000060
46542  37.992  -37.685  48.352 0.1000000015
47554  37.520  -37.272  47.732 0.1000000015
54129  43.169  -31.030  45.248 0.4000000060
45408  39.693  -39.122  63.860 0.6999999881
45415  39.682  -39.798  63.314 0.8000000119
44553  39.365  -40.243  62.085 0.8000000119
46353  40.002  -38.441  63.676 0.6999999881
45414  40.111  -39.013  63.038 0.6999999881
45420  39.775  -39.688  62.532 0.8000000119
44562  38.296  -40.359  60.942 0.8000000119
44564  36.751  -40.892  60.295 0.6999999881
44571  37.142  -40.252  60.013 0.6999999881
44572  36.379  -40.491  59.644 0.6999999881
44573  35.658  -40.827  59.247 0.6999999881
43689  34.426  -41.659  58.345 0.6999999881
44601  35.034  -40.276  57.846 0.6000000238
43709  33.947  -41.432  57.077 0.6999999881
120413  33.178  -42.362  56.439 0.6999999881
105904  35.021  -39.479  56.835 0.6999999881
45469  35.293  -39.556  57.537 0.6999999881
43729  33.768  -41.219  56.273 0.6999999881
114368  33.536  -41.800  56.559 0.6999999881
44635  44.295  -40.625  55.785 0.1000000015
45484  35.051  -39.057  56.148 0.8000000119
112483  34.500  -39.490  55.577 0.6999999881
44639  34.055  -40.140  55.456 0.6999999881
42802  33.269  -41.748  55.944 0.6999999881
104299  35.119  -38.150  54.878 0.8000000119
46456  34.773  -38.855  55.248 0.8000000119
44659  33.539  -40.290  54.783 0.6999999881
43769  31.305  -41.923  53.393 0.6999999881
117023  45.039  -39.219  54.757 0.1000000015
103336  35.733  -37.710  55.258 0.8000000119
46475  34.474  -38.581  54.485 0.6999999881
45523  33.427  -39.691  54.203 0.6999999881
47473  35.462  -37.437  54.529 0.8000000119
46486  34.166  -38.198  53.805 0.6999999881
46487  33.503  -38.487  53.446 0.6999999881
44680  41.529  -40.370  53.451 0.1000000015
45545  41.431  -39.987  52.716 0.1000000015
48470  34.407  -36.418  52.448 0.6000000238
47500  33.409  -37.480  52.565 0.6000000238
45546  40.436  -40.218  52.538 0.1000000015
121259  34.332  -35.583  51.295 0.5000000000
48480  33.171  -36.482  51.232 0.5000000000
45570  39.993  -39.407  51.162 0.1000000015
46518  39.966  -38.893  50.559 0.1000000015
46531  39.857  -38.308  49.936 0.1000000015
106207  34.236  -35.297  50.575 0.5000000000
49447  33.683  -35.805  50.880 0.5000000000
121983  39.260  -38.402  49.803 0.1000000015
47532  39.550  -37.933  49.291 0.1000000015
47543  39.504  -37.438  48.674 0.1000000015
50439  34.578  -34.676  48.332 0.5000000000
49470  33.440  -35.555  49.094 0.5000000000
47544  39.031  -37.234  48.180 0.1000000015
48523  37.461  -36.718  47.154 0.1000000015
50460  35.702  -34.615  46.798 0.4000000060
49480  34.073  -35.294  47.895 0.5000000000
48524  36.665  -36.596  46.939 0.3000000119
49495  35.201  -35.199  46.902 0.4000000060
49496  34.401  -35.739  47.299 0.5000000000
53235  42.892  -31.982  44.659 0.3000000119
122955  42.993  -31.486  44.866 0.2000000030
45419  40.180  -39.014  62.155 0.8000000119
45433  39.322  -39.245  60.906 0.8000000119
46361  40.959  -37.810  62.329 0.6999999881
46374  40.064  -38.757  61.245 0.8000000119
45440  38.130  -38.967  59.711 0.8000000119
45442  36.799  -39.809  59.354 0.8000000119
45452  36.356  -39.377  58.681 0.6999999881
108105  41.060  -37.777  61.583 0.8000000119
47374  40.732  -38.077  61.051 0.8000000119
46387  38.926  -38.825  60.194 0.8000000119
45451  37.286  -39.024  59.089 0.6999999881
45453  35.594  -39.758  58.309 0.6000000238
46412  36.742  -38.687  58.306 0.8000000119
45468  35.944  -39.069  57.938 0.6999999881
44618  34.053  -40.613  55.997 0.6999999881
117094  35.573  -38.837  57.058 0.6999999881
46440  35.567  -38.432  56.369 0.8000000119
45521  44.770  -39.908  55.207 0.1000000015
47472  36.110  -37.033  54.881 0.8000000119
47487  35.133  -37.096  53.854 0.6999999881
44670  42.450  -40.509  54.271 0.1000000015
44671  41.550  -40.715  54.195 0.1000000015
48454  34.769  -36.726  53.189 0.6000000238
45559  40.500  -39.593  51.662 0.1000000015
47521  40.793  -38.069  50.219 0.1000000015
48511  39.847  -36.836  48.320 0.1000000015
48522  38.394  -36.812  47.521 0.1000000015
49510  38.467  -35.258  46.609 0.1000000015
53234  43.411  -31.425  44.575 0.3000000119
47361  41.491  -37.157  62.403 0.6999999881
46386  39.590  -38.656  60.562 0.8000000119
47373  41.403  -37.364  60.894 0.8000000119
46385  40.154  -38.202  60.468 0.8000000119
47397  39.372  -37.768  59.034 0.8000000119
46410  38.418  -38.089  58.742 0.8000000119
52333  37.931  -32.672  50.530 0.6000000238
51440  37.401  -33.260  50.790 0.6000000238
47387  40.783  -37.646  60.283 0.8000000119
47396  40.770  -37.283  59.599 0.8000000119
47412  38.862  -37.568  58.250 0.8000000119
47413  38.029  -37.824  58.062 0.8000000119
47424  36.854  -37.811  57.118 0.8000000119
52319  37.828  -33.003  51.142 0.6999999881
47422  39.159  -37.102  57.819 0.8000000119
48397  38.990  -36.737  57.258 0.8999999762
46439  36.117  -38.144  56.774 0.8000000119
48396  39.734  -36.696  57.656 0.8999999762
48408  38.764  -36.467  56.485 0.8999999762
48409  37.892  -36.699  56.215 0.8999999762
47435  37.371  -37.257  56.664 0.8999999762
120590  37.798  -32.540  49.845 0.6000000238
49389  38.029  -35.823  55.101 0.8999999762
48421  37.582  -36.411  55.502 0.8000000119
47452  36.369  -37.309  55.620 0.8000000119
51427  38.053  -33.145  51.732 0.6999999881
51454  37.323  -32.998  50.095 0.6000000238
44655  43.914  -40.383  54.989 0.1000000015
44656  42.923  -40.680  54.832 0.1000000015
49396  37.683  -35.526  54.401 0.8000000119
48438  36.563  -36.428  54.463 0.8000000119
48452  36.257  -36.105  53.782 0.6999999881
51455  36.685  -33.327  49.537 0.5000000000
52347  37.337  -32.709  49.305 0.6000000238
52346  37.971  -32.178  49.201 0.6000000238
45534  42.497  -40.114  53.600 0.1000000015
45544  42.360  -39.680  52.893 0.1000000015
51462  36.315  -33.306  48.031 0.5000000000
52360  37.443  -32.359  48.416 0.6000000238
52370  37.621  -32.190  47.620 0.6000000238
45532  44.822  -38.764  54.009 0.1000000015
46484  44.974  -38.037  53.385 0.1000000015
46495  44.458  -37.917  52.745 0.1000000015
46507  40.740  -38.821  50.878 0.1000000015
52379  38.387  -32.194  46.385 0.6000000238
47486  45.156  -37.350  52.765 0.1000000015
47497  44.551  -37.353  52.294 0.1000000015
47498  43.972  -37.706  52.158 0.1000000015
119055  38.224  -34.040  46.246 0.2000000030
48467  45.563  -36.817  52.357 0.1000000015
48478  43.787  -36.785  51.095 0.1000000015
48498  43.190  -36.306  49.934 0.1000000015
49468  42.977  -35.936  49.097 0.1000000015
49478  41.835  -35.608  48.269 0.1000000015
49493  39.892  -35.661  47.402 0.1000000015
51476  38.605  -33.541  46.074 0.2000000030
121110  43.512  -35.781  48.773 0.1000000015
117794  42.539  -35.700  48.552 0.1000000015
49508  40.581  -35.090  46.971 0.2000000030
50455  40.213  -34.449  46.342 0.2000000030
51490  40.190  -33.010  45.548 0.3000000119
110086  40.778  -33.567  45.507 0.2000000030
52390  40.434  -32.326  45.525 0.3000000119
53221  42.512  -31.485  45.185 0.4000000060
54141  43.565  -30.508  44.568 0.3000000119
110121  43.478  -29.627  44.821 0.3000000119
55968  43.662  -28.960  44.583 0.4000000060
47360  42.128  -36.790  61.893 0.8000000119
48355  42.018  -36.698  60.351 0.6999999881
48364  42.629  -36.280  59.842 0.6999999881
47386  41.359  -37.079  59.959 0.8000000119
48366  41.144  -36.751  59.163 0.8000000119
48394  41.380  -36.068  57.903 0.8999999762
49371  41.033  -35.714  57.257 0.8999999762
51394  40.071  -33.125  54.720 0.8000000119
52299  39.623  -32.550  53.176 0.8000000119
52305  39.370  -32.283  52.380 0.8000000119
52306  38.682  -32.699  52.029 0.6999999881
52318  38.404  -32.520  51.181 0.6999999881
48395  40.560  -36.306  57.534 0.8999999762
119381  40.467  -35.917  56.858 0.8999999762
51403  39.259  -33.247  53.592 0.8000000119
118829  38.888  -31.883  50.698 0.6999999881
123155  38.408  -32.299  50.604 0.6999999881
49381  39.279  -35.988  56.025 0.8999999762
51404  38.632  -33.644  53.232 0.8000000119
49395  38.420  -35.267  54.693 0.8999999762
49411  36.658  -35.489  53.415 0.6999999881
51412  38.318  -33.369  52.471 0.6999999881
51428  37.471  -33.530  51.447 0.6000000238
53160  38.960  -31.652  49.985 0.6999999881
45557  42.159  -39.337  52.291 0.1000000015
51429  37.006  -33.737  51.087 0.5000000000
53171  38.658  -31.677  49.281 0.6999999881
45522  44.253  -39.666  54.403 0.1000000015
53183  38.195  -31.728  48.244 0.6999999881
53195  38.880  -31.340  47.544 0.6000000238
48499  42.496  -36.290  49.591 0.1000000015
46485  44.317  -38.563  53.255 0.1000000015
48489  42.480  -36.717  50.169 0.1000000015
48508  42.148  -36.001  49.034 0.1000000015
52378  39.140  -31.913  45.993 0.4000000060
47507  43.549  -37.374  51.571 0.1000000015
53224  39.952  -31.784  45.798 0.4000000060
53210  42.017  -31.245  45.808 0.3000000119
54114  42.764  -30.938  46.151 0.5000000000
55020  43.375  -30.299  45.267 0.4000000060
110396  44.082  -28.648  44.163 0.5000000000
48346  42.733  -36.383  61.395 0.6999999881
48354  42.738  -36.379  60.668 0.6999999881
48379  42.344  -36.050  59.035 0.8000000119
51374  41.401  -33.701  56.675 0.8999999762
111646  41.795  -33.060  56.919 0.8999999762
52279  41.672  -31.806  55.858 0.8999999762
49361  42.041  -35.830  58.278 0.8000000119
51385  40.443  -33.437  55.406 0.8000000119
52281  40.542  -32.651  55.036 0.8000000119
120859  40.803  -32.039  54.634 0.8000000119
50369  39.975  -33.914  55.057 0.8000000119
51395  39.611  -33.599  54.309 0.8000000119
52331  39.121  -32.065  51.558 0.8000000119
49387  39.624  -35.392  55.631 0.8999999762
50379  38.987  -33.956  53.970 0.8000000119
108521  39.673  -31.545  51.108 0.6999999881
53159  39.543  -31.386  50.310 0.6999999881
50394  37.964  -33.993  52.921 0.6999999881
53158  40.293  -31.086  50.654 0.6999999881
54047  41.062  -30.768  51.019 0.6999999881
53170  39.407  -31.311  49.512 0.6999999881
45533  43.360  -39.995  53.992 0.1000000015
45543  43.282  -39.338  53.164 0.1000000015
46505  42.358  -38.617  51.711 0.1000000015
54062  40.938  -30.654  50.182 0.6999999881
54078  39.984  -30.913  48.949 0.6999999881
117337  44.010  -39.217  53.634 0.1000000015
123750  43.857  -38.912  53.161 0.1000000015
104533  42.906  -38.952  52.402 0.1000000015
47508  42.865  -37.719  51.333 0.1000000015
54077  40.815  -30.626  49.320 0.6999999881
54091  39.809  -30.911  47.837 0.6000000238
46496  43.744  -38.514  52.665 0.1000000015
46504  43.252  -38.140  51.954 0.1000000015
48490  41.760  -36.634  49.596 0.1000000015
54102  40.726  -30.673  47.515 0.6999999881
104967  39.405  -31.165  46.993 0.6000000238
47518  43.193  -37.131  51.084 0.1000000015
115664  41.344  -30.523  48.030 0.6999999881
54117  40.107  -30.954  46.852 0.6000000238
54101  41.601  -30.627  47.312 0.6999999881
54115  41.860  -30.904  46.486 0.6000000238
118522  43.303  -30.454  46.186 0.5000000000
115612  43.474  -29.693  45.644 0.6000000238
56931  43.675  -28.181  44.726 0.5000000000
56944  44.972  -27.438  43.797 0.5000000000
56930  44.277  -27.728  44.252 0.4000000060
55980  46.056  -28.005  43.286 0.3000000119
55981  45.381  -27.981  43.501 0.3000000119
50287  43.746  -34.467  61.945 0.5000000000
49318  43.539  -35.349  61.700 0.6999999881
49345  43.779  -35.568  60.532 0.6000000238
50324  43.741  -34.864  59.657 0.6000000238
50342  42.992  -34.349  58.574 0.8000000119
51353  43.566  -33.820  58.962 0.8999999762
52250  43.739  -31.861  58.506 0.8999999762
48363  43.265  -35.996  60.205 0.6000000238
49359  43.197  -35.199  59.233 0.8000000119
50343  42.460  -34.525  58.028 0.8999999762
50352  41.997  -33.942  57.389 0.8999999762
52266  42.752  -31.590  57.321 0.8999999762
53094  42.682  -31.179  56.455 0.8999999762
49370  41.697  -35.481  57.648 0.8999999762
49378  41.312  -35.109  57.034 0.8999999762
50353  41.431  -34.454  56.911 0.8999999762
53125  42.223  -31.221  54.204 0.8000000119
52304  40.069  -31.908  52.754 0.8000000119
49386  40.370  -35.106  55.941 0.8999999762
50361  40.516  -34.264  55.806 0.8999999762
53132  42.545  -30.935  53.410 0.8999999762
53140  41.416  -31.211  52.615 0.8000000119
53148  39.864  -31.714  51.934 0.8000000119
50371  38.727  -34.637  54.326 0.8000000119
50370  39.401  -34.308  54.660 0.8000000119
53124  43.077  -30.851  54.070 0.8999999762
53139  42.091  -30.983  52.850 0.8000000119
53146  41.241  -31.002  51.818 0.8000000119
50380  38.332  -34.299  53.640 0.8000000119
54031  42.875  -30.685  52.551 0.8000000119
54032  42.022  -30.792  52.149 0.6999999881
50395  37.326  -34.370  52.619 0.6000000238
54044  43.574  -30.542  51.862 0.8999999762
54045  42.722  -30.579  51.625 0.6999999881
107071  42.589  -30.517  50.791 0.6999999881
54076  41.786  -30.508  49.617 0.6999999881
119228  42.447  -30.495  50.100 0.6999999881
47530  41.158  -37.301  49.779 0.1000000015
54089  41.520  -30.506  48.753 0.6999999881
108954  42.788  -30.485  49.434 0.6999999881
47519  42.609  -37.252  50.752 0.1000000015
113133  42.302  -30.481  48.904 0.6999999881
118740  42.241  -30.497  48.071 0.6999999881
110996  43.195  -30.563  47.738 0.6999999881
103382  43.201  -30.572  47.010 0.6000000238
55011  43.654  -29.758  46.610 0.6000000238
55948  43.553  -28.883  46.052 0.6000000238
56909  43.578  -28.031  45.563 0.6000000238
55956  43.436  -28.854  45.172 0.5000000000
57898  44.716  -26.915  44.389 0.5000000000
57912  45.439  -26.786  43.888 0.5000000000
56942  46.372  -27.302  43.170 0.4000000060
56943  45.679  -27.356  43.477 0.4000000060
51296  44.011  -33.586  62.357 0.4000000060
50286  44.431  -33.965  61.610 0.5000000000
49333  44.328  -35.076  60.801 0.6000000238
49351  44.069  -35.003  60.246 0.6000000238
50332  43.958  -34.265  59.525 0.8000000119
52233  44.277  -32.045  59.051 0.8999999762
53082  44.403  -31.130  58.502 0.8999999762
106000  44.410  -30.616  56.977 0.8999999762
53093  43.413  -30.765  56.756 0.8999999762
53969  45.227  -30.554  56.258 0.8999999762
120629  43.469  -30.778  54.690 0.8999999762
53109  44.270  -30.611  55.949 0.8999999762
54005  44.052  -30.643  53.947 0.8999999762
54003  45.821  -30.526  54.588 0.8999999762
54021  43.431  -30.677  53.267 0.8999999762
54004  44.952  -30.560  54.299 0.8999999762
54030  43.722  -30.577  52.583 0.8999999762
54059  44.143  -30.503  50.470 0.6999999881
123271  44.109  -30.528  49.784 0.6999999881
54060  43.318  -30.497  50.122 0.6999999881
54088  44.010  -30.438  48.512 0.6999999881
123055  43.583  -30.477  48.135 0.6999999881
54099  43.807  -30.348  47.788 0.6999999881
123796  43.480  -30.428  47.429 0.6000000238
55001  44.051  -29.776  47.531 0.6999999881
55012  43.603  -30.217  47.137 0.6999999881
113158  43.785  -28.118  46.487 0.8000000119
55947  43.854  -28.952  46.954 0.6999999881
108823  43.975  -27.334  46.074 0.6000000238
57897  45.422  -26.389  44.629 0.5000000000
106005  44.770  -26.528  45.180 0.6000000238
57910  47.500  -26.034  43.148 0.4000000060
57911  46.772  -26.537  43.245 0.5000000000
109930  46.045  -26.792  43.507 0.5000000000
53081  45.323  -30.686  58.166 0.8000000119
53968  46.137  -30.533  56.620 0.8999999762
53967  46.991  -30.383  56.992 1.0000000000
53984  46.118  -30.521  55.618 0.8999999762
106809  47.119  -30.297  55.603 1.0000000000
54002  46.631  -30.405  54.882 1.0000000000
121099  46.215  -30.419  53.209 1.0000000000
103742  44.930  -30.539  52.722 0.8999999762
116815  44.936  -30.498  51.442 0.8999999762
58770  46.547  -25.783  50.249 1.0000000000
57850  46.138  -26.486  49.926 0.8999999762
111145  44.786  -30.490  49.940 0.6999999881
114706  47.184  -24.573  50.241 0.8999999762
59608  47.063  -25.171  50.614 0.8999999762
56886  46.063  -27.953  49.858 0.8999999762
56887  45.602  -27.880  49.251 0.8999999762
59619  47.235  -24.436  49.513 0.8999999762
58778  46.074  -25.598  49.368 0.8999999762
57851  45.822  -27.160  49.596 0.8999999762
54087  44.686  -30.150  48.693 0.6999999881
59636  47.457  -24.494  48.609 0.8000000119
59637  46.617  -24.807  48.953 0.8999999762
58786  46.084  -25.296  48.375 0.8999999762
57859  45.334  -26.928  48.840 0.8999999762
54993  44.556  -29.599  48.248 0.8000000119
59652  46.863  -24.873  48.025 0.8000000119
58796  46.307  -25.282  47.423 0.8000000119
57868  45.023  -26.361  48.091 0.8000000119
57860  44.832  -27.134  48.242 0.8999999762
56895  44.494  -27.874  47.885 0.8000000119
55941  44.308  -28.890  47.729 0.8000000119
58805  46.551  -25.390  46.544 0.6999999881
58797  45.503  -25.689  47.793 0.6999999881
56901  44.195  -27.508  47.010 0.6999999881
58819  46.739  -25.500  45.672 0.6000000238
58806  45.672  -25.646  46.829 0.6999999881
57875  44.962  -26.145  47.204 0.6000000238
57876  44.471  -26.736  46.634 0.6000000238
57883  45.047  -26.154  46.123 0.6000000238
57884  44.387  -26.732  45.780 0.6000000238
106705  45.445  -26.107  45.376 0.5000000000
57896  46.219  -26.219  44.087 0.5000000000
58852  47.111  -25.818  43.855 0.5000000000
53954  47.128  -30.410  57.825 0.6999999881
53965  48.528  -29.761  56.886 0.6999999881
122426  48.239  -29.818  56.358 0.8000000119
54001  47.489  -30.099  54.745 1.0000000000
54017  47.424  -30.076  53.625 1.0000000000
54027  47.349  -30.013  52.612 1.0000000000
54028  46.424  -30.359  52.427 1.0000000000
118869  46.959  -30.126  51.869 1.0000000000
54042  46.315  -30.282  51.505 1.0000000000
57840  46.809  -26.702  50.478 1.0000000000
54056  46.193  -30.082  50.689 1.0000000000
60542  48.567  -23.417  51.081 0.8000000119
59607  47.576  -24.516  50.973 0.8999999762
115329  46.377  -27.343  50.166 1.0000000000
55925  45.823  -28.628  49.628 1.0000000000
54982  46.006  -29.200  49.964 1.0000000000
54073  45.246  -30.160  49.422 0.8999999762
60557  47.768  -23.951  50.326 0.6999999881
54983  45.595  -29.380  49.476 0.8999999762
54992  45.093  -29.532  48.857 0.8000000119
60541  49.368  -23.159  50.715 0.8000000119
60556  48.639  -23.601  49.953 0.6999999881
59618  48.031  -24.069  49.242 0.6999999881
55934  45.359  -28.688  49.032 0.8999999762
55935  44.805  -28.756  48.412 0.8000000119
60569  48.980  -23.908  48.968 0.6999999881
59651  47.745  -24.624  47.735 0.6999999881
59634  49.316  -24.191  48.135 0.6999999881
59635  48.364  -24.324  48.348 0.8000000119
58795  47.153  -25.001  47.128 0.6999999881
58803  48.207  -24.905  46.066 0.6999999881
58804  47.388  -25.160  46.292 0.6999999881
58818  47.574  -25.310  45.447 0.6000000238
58837  46.884  -25.640  44.750 0.6000000238
58838  46.075  -25.845  45.049 0.5000000000
61466  49.933  -22.389  54.165 0.6000000238
54000  48.587  -29.674  55.221 0.8999999762
121965  48.799  -29.477  53.757 0.8999999762
54927  49.263  -29.418  54.592 0.8000000119
61483  49.792  -22.809  53.086 0.8000000119
60514  49.836  -23.086  53.911 0.8999999762
59585  49.314  -24.005  52.936 0.8999999762
111434  49.399  -25.691  52.346 0.8000000119
56851  49.525  -27.386  52.127 0.8999999762
55900  48.765  -28.181  52.011 0.8999999762
54951  48.129  -29.472  52.500 1.0000000000
54940  48.118  -29.723  53.240 0.8999999762
60515  48.891  -23.725  52.429 0.8999999762
59599  48.271  -24.399  51.840 0.8999999762
58759  48.258  -26.158  51.513 0.8999999762
57829  48.292  -27.037  51.348 1.0000000000
56863  48.579  -27.550  51.621 1.0000000000
55901  48.009  -28.301  51.518 1.0000000000
54960  47.518  -29.068  51.370 1.0000000000
61482  50.132  -22.276  52.960 0.6999999881
60527  49.003  -23.300  52.299 0.8999999762
60543  48.172  -23.853  51.483 0.8999999762
105873  47.743  -25.240  51.341 0.8999999762
58769  47.275  -26.012  50.870 1.0000000000
57839  47.614  -26.899  50.954 1.0000000000
56864  47.828  -27.647  51.172 1.0000000000
55914  47.391  -28.403  51.025 1.0000000000
54972  46.466  -29.344  50.494 1.0000000000
61500  49.333  -22.826  51.897 0.8999999762
56875  47.058  -27.663  50.666 1.0000000000
55924  46.280  -28.626  50.145 1.0000000000
61499  50.075  -22.617  51.582 0.6999999881
60555  49.655  -23.512  49.698 0.6999999881
60554  50.744  -23.556  49.616 0.6999999881
60568  49.989  -23.772  48.765 0.6999999881
59650  48.634  -24.494  47.528 0.6999999881
59663  48.863  -24.621  46.714 0.6999999881
59649  49.565  -24.389  47.368 0.8000000119
59662  49.766  -24.516  46.571 0.6999999881
58817  48.393  -25.092  45.238 0.6000000238
58816  49.229  -24.862  45.024 0.6000000238
58836  47.739  -25.453  44.580 0.6000000238
56818  51.131  -27.510  54.720 0.4000000060
110491  51.109  -25.339  53.932 0.6999999881
57812  50.295  -26.258  52.702 0.6999999881
56850  50.526  -27.255  52.809 0.6999999881
55887  50.548  -28.003  53.267 0.6999999881
54939  49.594  -29.121  53.900 0.6999999881
54926  50.214  -28.925  54.842 0.6000000238
61448  49.754  -21.863  54.430 0.3000000119
109489  49.849  -24.583  53.144 0.8000000119
110934  50.409  -25.220  53.272 0.6999999881
55888  49.688  -28.110  52.537 0.8000000119
54949  49.675  -28.679  53.198 0.8000000119
61465  50.246  -21.692  54.196 0.3000000119
61447  50.161  -21.271  54.453 0.3000000119
61464  50.801  -21.587  53.406 0.6000000238
62366  50.737  -21.035  54.190 0.3000000119
112129  50.709  -22.153  52.385 0.6999999881
61498  51.140  -22.557  51.547 0.5000000000
60540  50.407  -23.089  50.552 0.6999999881
59633  50.264  -24.061  47.992 0.6999999881
59648  50.516  -24.319  47.259 0.8000000119
59682  50.008  -24.590  45.668 0.6999999881
59701  50.738  -24.651  44.538 0.6000000238
57785  50.928  -26.141  54.698 0.3000000119
59572  50.099  -23.387  55.453 0.6000000238
57784  51.122  -26.697  54.485 0.4000000060
61449  49.155  -22.237  54.530 0.4000000060
113976  49.790  -22.477  54.741 0.6000000238
59584  50.341  -23.566  54.492 0.6000000238
58746  50.681  -24.469  54.277 0.6999999881
57810  51.321  -26.599  54.170 0.5000000000
56832  51.265  -27.278  54.319 0.5000000000
62368  48.774  -21.451  54.024 0.3000000119
61481  51.754  -21.824  52.645 0.5000000000
63239  50.243  -20.588  54.272 0.3000000119
61497  52.418  -22.589  51.685 0.5000000000
60538  52.931  -23.237  51.042 0.5000000000
114761  52.510  -23.628  50.305 0.6000000238
59617  52.597  -23.883  49.603 0.6999999881
60553  51.761  -23.708  49.599 0.6999999881
60567  50.985  -23.846  48.737 0.6999999881
106096  52.149  -24.172  48.153 0.6000000238
102512  51.194  -24.064  48.014 0.6999999881
103440  52.156  -24.324  47.277 0.6000000238
103407  51.358  -24.266  47.387 0.6999999881
59679  52.255  -24.392  46.374 0.6000000238
59661  51.373  -24.412  46.596 0.6999999881
112748  50.571  -24.464  46.486 0.6999999881
104572  52.332  -24.387  45.314 0.6000000238
111263  51.284  -24.539  45.175 0.6999999881
117938  50.580  -24.609  45.186 0.6999999881
59700  51.588  -24.521  44.405 0.6000000238
59718  50.912  -24.708  43.712 0.6999999881
59717  51.824  -24.485  43.421 0.5000000000
111184  49.587  -22.811  55.145 0.5000000000
62381  51.495  -21.063  53.579 0.4000000060
112263  51.532  -20.258  53.804 0.2000000030
63252  49.926  -19.861  53.441 0.3000000119
62380  51.904  -20.516  53.537 0.3000000119
64095  51.482  -19.485  53.066 0.3000000119
61480  52.805  -21.868  52.307 0.5000000000
62397  53.023  -20.953  52.424 0.4000000060
61496  53.269  -22.558  51.679 0.4000000060
60552  53.256  -23.699  50.389 0.5000000000
104573  53.039  -24.384  47.096 0.6000000238
59678  53.063  -24.209  44.905 0.5000000000
59699  52.469  -24.334  44.323 0.6000000238
59716  52.760  -24.159  43.625 0.4000000060
59715  53.187  -23.850  43.070 0.4000000060
116094  54.492  -21.351  50.184 0.4000000060
110401  54.800  -22.390  50.324 0.3000000119
106890  54.272  -22.056  50.968 0.4000000060
60550  54.887  -23.426  49.996 0.3000000119
111400  54.395  -23.117  50.665 0.3000000119
62432  54.150  -20.846  50.646 0.2000000030
60551  54.059  -23.673  50.283 0.4000000060
61495  53.770  -22.216  51.528 0.4000000060
60565  55.169  -23.855  49.100 0.3000000119
60566  54.365  -24.042  49.443 0.3000000119
59616  53.393  -24.085  49.502 0.4000000060
35632  20.264  -50.430  63.773 0.6000000238
36735  17.147  -49.528  56.448 0.4000000060
36700  19.120  -49.245  59.698 0.6000000238
36676  20.413  -49.758  61.680 0.6000000238
37611  19.534  -48.611  59.342 0.6999999881
37627  19.236  -48.282  58.584 0.6000000238
38331  16.210  -46.661  71.893 0.2000000030
36573  16.470  -49.329  69.307 0.3000000119
37469  17.408  -48.267  70.966 0.2000000030
36538  18.333  -48.585  70.830 0.2000000030
34471  16.287  -51.314  67.672 0.5000000000
34487  17.359  -51.572  67.244 0.6000000238
34488  16.621  -51.745  67.176 0.6000000238
33426  16.889  -51.986  66.739 0.6000000238
46473  45.663  -38.520  54.744 0.1000000015
102755  35.859  -36.775  54.145 0.8000000119
48453  35.509  -36.403  53.483 0.6000000238
48469  35.141  -36.013  52.773 0.6000000238
50413  36.008  -34.650  51.508 0.5000000000
51478  37.320  -33.311  46.539 0.5000000000
51477  38.014  -32.940  46.209 0.5000000000
52381  36.911  -33.074  46.961 0.5000000000
49494  38.986  -35.907  47.095 0.1000000015
51479  36.630  -33.675  46.729 0.5000000000
51442  36.146  -33.878  50.120 0.5000000000
50397  36.358  -34.807  52.144 0.5000000000
50458  37.118  -34.062  46.423 0.4000000060
45558  41.467  -39.438  51.963 0.1000000015
46517  41.410  -38.188  50.720 0.1000000015
50457  37.839  -34.543  46.363 0.1000000015
47531  40.435  -37.614  49.543 0.1000000015
48509  41.375  -36.199  48.845 0.1000000015
51413  37.655  -33.762  52.166 0.6000000238
50412  36.431  -34.082  50.945 0.5000000000
50382  37.029  -34.923  53.053 0.6999999881
114468  37.828  -33.702  46.286 0.2000000030
48500  40.929  -36.890  49.216 0.1000000015
50372  38.021  -34.921  54.034 0.8000000119
114208  6.282  -66.249  62.395 0.1000000015
19989  6.247  -66.304  61.455 0.1000000015
20996  6.764  -65.697  60.837 0.1000000015
22023  7.229  -64.548  62.858 0.1000000015
22029  7.578  -64.136  62.091 0.2000000030
22038  7.733  -64.519  60.381 0.2000000030
111712  8.409  -62.375  61.981 0.2000000030
23034  8.316  -63.294  60.818 0.2000000030
25914  8.677  -60.819  62.636 0.4000000060
25894  8.193  -60.506  64.473 0.3000000119
25926  8.926  -61.006  61.830 0.3000000119
29711  11.629  -56.940  70.599 0.4000000060
103773  11.811  -57.301  69.594 0.4000000060
120095  9.904  -57.920  67.840 0.3000000119
27727  10.026  -57.805  66.177 0.3000000119
27740  9.695  -58.490  64.737 0.3000000119
115303  9.673  -60.185  60.062 0.4000000060
107171  19.437  -55.764  56.388 0.3000000119
25968  9.792  -61.027  58.871 0.2000000030
26871  9.857  -59.771  59.506 0.4000000060
26870  10.076  -59.329  58.893 0.3000000119
26881  10.373  -59.694  58.005 0.2000000030
27828  10.661  -58.956  57.401 0.3000000119
111259  13.422  -58.973  56.828 0.2000000030
31537  12.099  -55.108  70.545 0.4000000060
28739  10.676  -56.829  67.462 0.3000000119
30708  23.493  -55.520  59.783 0.2000000030
31606  22.743  -53.751  59.670 0.2000000030
31605  23.099  -54.016  59.679 0.2000000030
27766  9.911  -58.630  63.008 0.4000000060
27765  10.106  -58.255  62.279 0.4000000060
27793  9.769  -59.009  60.899 0.3000000119
31620  20.690  -53.825  57.773 0.2000000030
30738  19.246  -55.304  55.726 0.3000000119
31629  19.353  -54.467  55.249 0.3000000119
27803  9.801  -59.413  60.172 0.4000000060
27825  14.475  -58.102  57.736 0.2000000030
33402  10.712  -52.087  72.821 0.4000000060
32464  11.550  -53.251  72.195 0.4000000060
33401  11.581  -51.830  72.991 0.4000000060
31534  11.802  -54.180  71.153 0.4000000060
31544  11.378  -55.006  67.833 0.3000000119
109813  11.091  -56.658  64.008 0.4000000060
32548  21.381  -53.345  58.371 0.2000000030
31651  18.130  -54.435  53.569 0.3000000119
30767  17.904  -55.062  53.911 0.3000000119
29794  11.579  -56.086  56.637 0.4000000060
31597  11.172  -54.519  60.688 0.4000000060
34441  10.349  -51.388  72.130 0.4000000060
33400  12.253  -51.490  72.752 0.4000000060
121798  23.426  -57.316  58.716 0.2000000030
29722  11.072  -56.055  65.270 0.3000000119
33541  22.405  -52.714  57.994 0.2000000030
28797  10.489  -57.430  62.191 0.4000000060
32564  20.226  -53.563  56.539 0.2000000030
32580  18.686  -53.898  53.731 0.3000000119
33429  11.714  -52.414  67.862 0.4000000060
122672  19.622  -52.905  54.534 0.3000000119
32590  19.228  -52.870  53.777 0.3000000119
111763  17.267  -52.268  52.965 0.3000000119
33594  17.987  -52.228  52.778 0.3000000119
114991  17.563  -53.002  52.931 0.3000000119
37452  20.103  -48.524  70.686 0.2000000030
35558  19.833  -50.529  68.868 0.6000000238
28835  23.263  -57.706  57.933 0.2000000030
35643  20.256  -50.451  62.972 0.6000000238
33568  21.255  -51.876  56.570 0.2000000030
33567  21.977  -51.748  57.025 0.2000000030
33576  19.876  -52.179  54.537 0.3000000119
35621  19.562  -50.839  64.215 0.6000000238
34536  18.988  -51.346  63.909 0.6000000238
33593  18.786  -52.157  53.106 0.3000000119
35742  16.569  -50.619  54.274 0.4000000060
35733  16.528  -50.349  55.176 0.4000000060
33583  16.129  -52.331  53.893 0.4000000060
33465  12.318  -52.112  64.128 0.5000000000
33477  12.544  -52.104  63.519 0.5000000000
33577  15.876  -52.033  54.899 0.4000000060
116116  12.500  -52.770  60.500 0.4000000060
117616  23.059  -54.379  57.201 0.2000000030
37653  17.501  -48.826  55.897 0.4000000060
36767  17.229  -49.467  54.263 0.4000000060
36768  16.789  -49.958  54.507 0.4000000060
35741  17.102  -50.145  53.741 0.4000000060
35684  18.211  -50.409  59.725 0.6000000238
35700  17.836  -50.098  59.013 0.6000000238
35671  19.152  -50.080  60.782 0.6000000238
118692  17.354  -49.642  57.383 0.5000000000
36727  17.853  -49.076  57.824 0.6000000238
121083  21.395  -50.401  68.768 0.6000000238
116797  23.035  -57.980  56.910 0.2000000030
30723  22.946  -55.277  57.069 0.2000000030
36788  17.616  -49.677  53.580 0.4000000060
116944  18.701  -50.663  53.002 0.3000000119
34641  19.226  -51.232  53.297 0.3000000119
103445  14.182  -52.086  63.063 0.5000000000
35573  21.143  -50.438  68.080 0.6999999881
34504  18.175  -51.456  66.683 0.5000000000
35750  19.439  -50.255  53.211 0.3000000119
106878  15.985  -52.517  66.043 0.5000000000
37678  18.068  -48.236  54.362 0.4000000060
37679  17.747  -48.966  53.860 0.4000000060
36716  18.817  -48.931  58.993 0.6999999881
34544  18.513  -51.521  62.712 0.5000000000
29875  25.933  -56.765  49.604 0.2000000030
120241  20.592  -48.600  70.582 0.2000000030
36584  15.993  -49.913  68.560 0.4000000060
35559  16.374  -50.664  68.201 0.4000000060
117262  17.989  -50.278  69.350 0.4000000060
28849  22.758  -57.029  56.696 0.2000000030
118191  17.831  -51.283  67.873 0.5000000000
33427  16.219  -52.119  66.749 0.6000000238
34625  22.093  -50.981  56.062 0.2000000030
34617  22.288  -51.539  56.513 0.2000000030
34528  18.488  -51.765  64.270 0.5000000000
36787  18.238  -49.425  53.283 0.4000000060
36664  21.450  -49.182  62.315 0.6000000238
38504  18.582  -47.720  56.034 0.4000000060
38492  18.748  -47.920  56.957 0.4000000060
37642  18.277  -48.458  57.377 0.6000000238
28916  24.523  -58.018  52.200 0.2000000030
29876  25.003  -56.692  49.568 0.2000000030
30818  24.557  -55.848  48.057 0.2000000030
38330  17.158  -47.016  71.618 0.2000000030
35517  22.222  -49.516  69.507 0.8000000119
107771  21.708  -49.749  69.537 0.6999999881
36558  16.933  -48.772  70.241 0.2000000030
35541  17.039  -50.224  68.743 0.4000000060
108852  25.589  -59.873  55.948 0.2000000030
34470  17.190  -51.335  67.744 0.5000000000
121268  23.676  -58.822  55.720 0.2000000030
30731  22.647  -55.339  56.239 0.2000000030
31638  22.379  -53.777  55.204 0.2000000030
110825  22.484  -56.061  55.871 0.2000000030
112899  22.740  -53.180  56.161 0.2000000030
35731  21.862  -50.605  55.409 0.3000000119
35749  20.377  -49.686  53.458 0.3000000119
38491  19.292  -47.665  57.379 0.6000000238
37591  21.286  -48.473  60.717 0.6999999881
27891  24.777  -58.702  53.442 0.2000000030
106183  23.330  -57.931  53.123 0.2000000030
112532  22.384  -56.611  51.284 0.2000000030
29879  22.635  -56.127  49.663 0.2000000030
35536  22.529  -49.867  69.132 0.8000000119
35571  23.866  -50.522  68.056 0.8000000119
35589  22.445  -50.139  67.357 0.6999999881
121680  22.877  -49.426  66.019 0.6999999881
26921  26.023  -59.896  55.272 0.2000000030
116810  22.491  -48.700  63.406 0.6999999881
33436  17.171  -52.109  66.304 0.6000000238
27858  24.202  -59.021  55.034 0.2000000030
27859  23.434  -58.467  55.162 0.2000000030
113114  22.807  -57.639  56.163 0.2000000030
33437  16.531  -52.324  66.262 0.6000000238
36785  20.051  -48.976  52.914 0.3000000119
38515  19.140  -47.228  55.666 0.5000000000
104968  21.294  -54.808  50.848 0.2000000030
30794  21.513  -55.341  50.407 0.2000000030
32607  21.297  -53.298  51.130 0.2000000030
34669  22.147  -51.147  51.207 0.2000000030
30806  21.572  -55.201  49.582 0.2000000030
36800  24.892  -49.597  51.314 0.3000000119
37712  25.708  -48.554  52.214 0.4000000060
116614  21.507  -53.631  48.416 0.2000000030
36782  26.421  -49.774  53.310 0.5000000000
35570  24.592  -50.664  67.558 0.6999999881
121840  22.943  -49.980  66.936 0.6999999881
29801  22.354  -56.403  55.332 0.2000000030
37575  22.367  -48.362  61.711 0.6999999881
27875  23.813  -58.568  54.378 0.2000000030
115799  22.225  -54.764  55.159 0.3000000119
34633  22.428  -50.989  55.165 0.3000000119
108597  18.728  -47.624  53.898 0.4000000060
118601  22.242  -52.594  54.304 0.3000000119
105565  22.414  -50.639  54.550 0.3000000119
37695  19.743  -48.152  52.861 0.4000000060
29848  21.772  -56.180  52.576 0.2000000030
36784  21.971  -49.045  53.641 0.4000000060
39390  19.447  -46.974  53.747 0.4000000060
38538  19.751  -46.939  53.113 0.4000000060
39379  20.454  -46.392  55.320 0.5000000000
31668  21.338  -54.622  51.688 0.2000000030
38558  20.398  -46.815  52.757 0.4000000060
36816  22.873  -49.212  51.567 0.3000000119
34679  22.884  -51.359  49.691 0.2000000030
33627  21.489  -53.008  48.672 0.2000000030
34703  22.386  -51.771  48.553 0.2000000030
34501  26.836  -51.068  66.729 0.6999999881
34464  26.608  -50.633  67.568 0.8000000119
34485  25.084  -50.748  67.828 0.6999999881
34502  25.324  -50.821  67.473 0.6999999881
35605  25.101  -50.383  66.245 0.6999999881
35587  24.340  -50.307  66.760 0.6999999881
36613  26.021  -49.947  65.342 0.6999999881
36633  24.788  -49.027  65.142 0.6999999881
116423  23.329  -49.188  65.685 0.6999999881
36634  23.066  -48.804  64.883 0.6999999881
38458  22.310  -47.446  59.380 0.6999999881
30750  21.787  -55.442  53.908 0.3000000119
31650  21.690  -54.676  53.596 0.3000000119
32589  21.787  -53.087  53.449 0.2000000030
110607  21.382  -54.081  52.352 0.2000000030
35748  22.340  -50.032  54.157 0.4000000060
33591  22.090  -52.302  53.626 0.2000000030
34670  21.774  -52.010  52.327 0.2000000030
113982  21.228  -46.493  52.608 0.4000000060
37729  23.707  -48.325  51.241 0.3000000119
35601  28.601  -50.769  65.214 0.6999999881
35617  27.440  -50.166  64.963 0.6999999881
37525  25.737  -48.535  64.469 0.6999999881
37559  23.614  -48.056  62.403 0.6999999881
38413  25.015  -47.564  62.671 0.6999999881
34653  22.162  -51.108  52.399 0.3000000119
109691  22.504  -49.339  52.490 0.3000000119
38573  24.780  -47.565  51.670 0.3000000119
38537  26.326  -47.721  54.003 0.4000000060
36600  30.246  -49.930  66.151 0.6999999881
35598  31.171  -50.077  64.917 0.6999999881
35582  29.886  -50.472  65.915 0.6999999881
35615  29.935  -50.591  64.815 0.6999999881
36651  27.870  -49.040  64.266 0.6999999881
36648  30.591  -50.163  64.169 0.6999999881
36649  29.353  -49.791  64.107 0.6999999881
120210  29.003  -48.134  63.705 0.6999999881
38556  22.672  -46.904  51.962 0.3000000119
38554  25.604  -47.269  52.720 0.4000000060
39414  24.461  -46.151  52.491 0.4000000060
35710  27.799  -50.698  57.283 0.6000000238
37514  31.661  -49.224  65.415 0.6999999881
121190  32.957  -49.076  63.916 0.8000000119
37537  31.682  -49.079  63.615 0.6999999881
37538  30.780  -49.458  63.825 0.6999999881
37557  30.243  -48.574  63.520 0.6999999881
38411  29.912  -47.799  62.946 0.6999999881
38395  29.183  -47.533  62.854 0.6999999881
37573  31.853  -48.070  61.652 0.6999999881
38410  30.604  -47.900  62.611 0.6999999881
38425  29.604  -47.379  61.333 0.6999999881
37553  33.339  -48.770  62.165 0.8000000119
110945  32.015  -48.327  60.727 0.6999999881
39318  26.114  -46.221  60.024 0.6999999881
37603  31.613  -49.029  59.673 0.6999999881
38514  26.142  -47.047  55.205 0.6000000238
34623  28.326  -52.187  55.591 0.5000000000
35778  27.405  -51.635  51.389 0.4000000060
110098  30.786  -47.034  66.486 0.8000000119
38367  32.122  -47.228  65.720 0.6999999881
36662  34.246  -49.273  62.674 0.8000000119
38439  30.121  -47.658  60.739 0.6999999881
102753  27.439  -46.639  59.987 0.6999999881
123680  32.076  -48.800  60.060 0.6999999881
39331  26.832  -46.606  58.825 0.6999999881
35670  33.079  -50.650  60.040 0.8000000119
39386  25.361  -46.481  54.126 0.5000000000
105206  28.067  -52.370  53.822 0.4000000060
36781  28.743  -50.375  53.149 0.4000000060
36625  35.917  -49.247  63.633 0.6999999881
39316  27.480  -46.894  59.300 0.6999999881
37640  27.232  -48.016  57.050 0.6000000238
33521  34.091  -53.392  59.606 0.8000000119
34629  28.608  -51.813  54.432 0.4000000060
35728  29.437  -51.485  55.243 0.4000000060
39235  35.821  -46.740  64.642 0.6999999881
37521  36.684  -48.548  63.878 0.6999999881
35642  35.580  -50.623  62.158 0.8000000119
36660  37.311  -49.630  62.352 0.6999999881
35654  35.973  -51.218  61.733 0.8000000119
35667  36.888  -51.204  61.126 0.8000000119
33536  33.541  -53.358  58.809 0.8000000119
33550  33.451  -52.980  58.161 0.8000000119
34611  32.580  -51.810  57.111 0.6999999881
34600  32.891  -52.565  57.717 0.6999999881
112705  30.678  -52.417  57.026 0.6000000238
35726  31.503  -50.513  56.017 0.6000000238
36780  29.395  -49.606  53.633 0.4000000060
39519  26.044  -45.757  47.141 0.2000000030
39550  24.918  -45.912  43.267 0.1000000015
39556  25.127  -46.426  42.346 0.1000000015
37520  37.320  -48.203  63.707 0.6999999881
40089  36.897  -46.098  64.505 0.6999999881
36693  36.854  -50.652  59.868 0.8000000119
35678  36.957  -51.678  59.634 0.8000000119
34586  36.275  -52.601  58.371 0.8000000119
34608  36.043  -51.388  56.978 0.8000000119
35723  35.505  -50.283  55.294 0.8000000119
36740  36.077  -49.948  55.164 0.8000000119
36758  34.864  -49.614  54.090 0.6000000238
36759  33.570  -49.347  54.017 0.6000000238
37688  34.834  -48.982  52.747 0.5000000000
38549  33.228  -48.174  51.697 0.5000000000
37690  31.930  -48.521  53.364 0.5000000000
37707  31.412  -48.123  52.705 0.5000000000
115182  31.377  -47.494  51.289 0.5000000000
37708  30.413  -48.089  52.758 0.5000000000
38569  30.365  -47.419  51.476 0.5000000000
36761  30.598  -49.392  54.702 0.5000000000
38589  29.687  -47.214  50.898 0.5000000000
38608  29.238  -46.905  50.149 0.5000000000
38588  30.770  -47.139  50.715 0.5000000000
36762  29.709  -49.893  54.382 0.5000000000
37709  29.549  -48.388  52.595 0.5000000000
38571  29.002  -47.827  51.312 0.5000000000
37725  29.261  -48.092  51.942 0.5000000000
38590  28.724  -47.549  50.662 0.5000000000
39458  27.889  -46.865  49.378 0.5000000000
38609  28.319  -47.253  50.007 0.5000000000
39482  28.373  -46.203  48.859 0.3000000119
39481  29.349  -46.107  48.864 0.4000000060
37710  28.810  -48.911  52.216 0.5000000000
39505  27.109  -45.953  48.127 0.3000000119
40281  28.240  -45.418  47.602 0.1000000015
40301  27.537  -45.142  47.029 0.1000000015
40302  26.627  -45.232  46.718 0.1000000015
40328  26.010  -44.821  45.174 0.1000000015
40319  26.437  -44.868  45.870 0.1000000015
109020  25.478  -45.141  43.123 0.1000000015
40101  38.302  -45.553  63.866 0.6000000238
37648  36.016  -49.738  55.510 0.8000000119
37673  36.258  -48.939  53.729 0.8000000119
37724  34.614  -48.422  51.481 0.5000000000
114871  35.670  -48.369  51.429 0.6000000238
38586  33.100  -47.583  50.426 0.5000000000
39455  30.783  -46.569  49.444 0.5000000000
40257  29.971  -45.715  48.104 0.3000000119
41114  26.685  -44.559  45.040 0.1000000015
108278  37.380  -47.439  62.331 0.8000000119
37570  36.296  -48.217  61.258 0.8000000119
37622  35.017  -49.088  58.291 0.8000000119
37663  34.784  -48.423  55.495 0.8000000119
38522  36.084  -48.518  53.806 0.8000000119
37703  36.206  -48.556  52.658 0.6999999881
38547  36.314  -48.014  52.366 0.6999999881
37722  36.235  -47.778  51.276 0.5000000000
38606  34.478  -47.228  49.132 0.4000000060
38607  33.185  -47.343  49.650 0.5000000000
110028  31.339  -46.428  48.724 0.4000000060
39479  32.468  -46.635  48.424 0.4000000060
40279  31.047  -45.808  47.571 0.2000000030
40299  29.449  -45.107  46.678 0.2000000030
40317  29.783  -44.807  45.995 0.1000000015
40114  38.193  -45.290  62.910 0.8000000119
40950  38.382  -44.522  63.180 0.8999999762
37602  35.138  -48.784  59.172 0.8000000119
38469  34.357  -48.369  58.679 0.8000000119
38511  34.181  -47.919  54.969 0.8000000119
38548  35.693  -47.436  52.506 0.6999999881
39429  35.953  -46.910  51.099 0.6000000238
38584  35.902  -47.631  50.799 0.5000000000
38604  35.819  -47.013  50.239 0.4000000060
38605  35.278  -46.734  49.259 0.4000000060
38626  34.869  -46.692  48.592 0.3000000119
39478  33.619  -46.722  48.066 0.3000000119
40297  32.665  -45.687  46.392 0.3000000119
40298  31.292  -45.532  46.609 0.2000000030
41784  38.531  -43.713  63.459 0.6999999881
112441  36.954  -45.825  61.949 0.8000000119
39291  35.782  -46.483  61.427 0.8000000119
116731  34.276  -47.087  59.470 0.8000000119
38455  33.936  -47.456  58.913 0.8000000119
38486  32.778  -47.277  56.668 0.6999999881
118455  32.669  -47.239  55.969 0.8000000119
38536  33.552  -47.030  53.452 0.6999999881
39397  32.887  -46.624  53.014 0.6999999881
104289  35.250  -46.509  50.935 0.6000000238
40228  33.382  -45.913  50.698 0.6000000238
40242  35.189  -45.830  48.700 0.4000000060
39502  34.738  -45.780  47.563 0.3000000119
39518  34.190  -45.882  46.948 0.3000000119
121245  34.801  -45.473  47.687 0.3000000119
40276  34.579  -45.255  47.274 0.3000000119
40296  33.770  -45.606  46.404 0.3000000119
41785  38.277  -43.766  62.864 0.8000000119
41793  37.630  -43.745  62.319 0.8000000119
40958  36.458  -44.522  61.661 0.8000000119
39301  35.252  -45.937  61.047 0.8000000119
40959  35.663  -44.533  61.249 0.8000000119
107055  32.185  -45.984  56.289 0.6999999881
39361  32.231  -46.634  55.610 0.6999999881
107046  31.281  -45.699  53.949 0.6999999881
39398  31.687  -46.238  53.380 0.6999999881
40218  31.490  -45.748  51.752 0.6000000238
40229  32.153  -45.702  51.025 0.6000000238
43589  39.170  -41.312  63.702 0.8000000119
42690  38.065  -42.963  62.547 0.8000000119
43605  38.518  -42.169  62.687 0.8000000119
43606  37.788  -42.241  62.146 0.8000000119
40965  35.025  -44.542  60.647 0.8000000119
40172  33.170  -45.104  57.918 0.6999999881
41000  33.344  -44.166  57.845 0.6999999881
41001  32.810  -44.688  57.245 0.6999999881
40182  31.951  -45.196  56.126 0.6999999881
41018  31.782  -44.456  55.753 0.6999999881
40208  30.642  -45.014  53.063 0.6999999881
41040  30.387  -44.388  52.572 0.6999999881
40239  31.484  -45.376  50.702 0.4000000060
41896  30.152  -43.669  52.218 0.6999999881
104413  30.345  -44.518  50.893 0.5000000000
41900  29.971  -43.773  51.294 0.6000000238
41062  31.132  -44.233  48.706 0.3000000119
41061  32.524  -44.570  48.313 0.3000000119
41073  32.714  -44.085  47.542 0.2000000030
108705  32.481  -38.875  48.367 0.3000000119
44537  39.435  -40.548  63.516 0.6999999881
43623  38.374  -41.453  62.147 0.8000000119
42724  36.109  -42.349  60.732 0.6999999881
43624  37.530  -41.725  61.552 0.8000000119
42725  35.448  -42.632  60.331 0.8000000119
43645  36.414  -41.600  60.528 0.6999999881
42726  34.892  -43.003  59.943 0.6999999881
42759  34.092  -42.536  58.485 0.6999999881
41822  34.101  -43.363  58.953 0.6999999881
124001  33.350  -43.395  57.538 0.6999999881
41013  32.328  -44.498  56.499 0.6999999881
41873  31.646  -43.769  55.387 0.6999999881
41032  30.467  -44.134  53.386 0.6999999881
43798  29.840  -42.274  51.497 0.5000000000
42857  29.917  -42.886  49.226 0.3000000119
46545  34.845  -38.690  49.003 0.3000000119
45561  38.025  -40.613  52.102 0.1000000015
45573  36.957  -39.922  51.335 0.1000000015
45574  36.060  -39.938  50.967 0.1000000015
46534  36.158  -38.844  49.924 0.2000000030
46535  35.183  -39.184  49.894 0.2000000030
47557  33.147  -37.156  47.747 0.3000000119
113120  32.148  -37.023  48.569 0.4000000060
47548  31.914  -37.829  48.385 0.4000000060
46548  32.007  -38.359  48.322 0.3000000119
46537  30.804  -39.069  48.924 0.4000000060
46536  31.052  -38.295  49.307 0.4000000060
45596  31.188  -39.499  48.557 0.1000000015
45595  31.893  -39.330  48.432 0.2000000030
45606  33.008  -40.246  48.074 0.1000000015
44544  39.489  -40.417  62.846 0.8000000119
44545  39.074  -40.906  62.500 0.8000000119
44554  38.741  -40.682  61.716 0.8000000119
43688  34.959  -41.205  58.855 0.6999999881
42777  33.927  -41.971  57.755 0.6999999881
42812  32.368  -42.201  54.943 0.6999999881
43745  33.539  -40.975  55.457 0.6999999881
43755  33.060  -41.028  54.695 0.6999999881
43768  32.440  -41.044  54.155 0.6999999881
44673  32.303  -40.301  53.588 0.6999999881
112032  30.306  -41.712  52.144 0.6000000238
46476  33.837  -38.958  54.043 0.6999999881
45535  33.180  -39.208  53.625 0.6000000238
45524  32.526  -39.502  53.316 0.6000000238
45536  31.932  -39.802  53.049 0.6000000238
44684  30.939  -40.418  52.394 0.6000000238
46499  31.554  -38.856  52.051 0.5000000000
46488  32.760  -38.695  52.991 0.6000000238
46498  32.173  -38.548  52.395 0.5000000000
45564  30.884  -39.245  51.542 0.4000000060
45549  30.539  -39.998  51.768 0.4000000060
44695  29.948  -40.416  51.118 0.4000000060
43808  29.542  -41.680  49.867 0.2000000030
45560  39.304  -40.098  51.874 0.1000000015
46508  31.843  -38.145  51.776 0.5000000000
47512  31.483  -37.778  50.938 0.5000000000
106478  33.232  -38.073  52.924 0.6000000238
47511  32.209  -37.494  51.480 0.5000000000
46523  30.959  -38.271  50.298 0.4000000060
46510  30.643  -38.958  50.664 0.4000000060
111973  29.889  -40.033  50.254 0.4000000060
45576  30.281  -39.417  50.185 0.4000000060
44716  29.746  -41.151  49.351 0.2000000030
48491  32.988  -36.042  50.288 0.5000000000
48481  32.528  -36.960  51.154 0.5000000000
47522  31.937  -37.187  50.613 0.5000000000
47534  31.875  -36.990  49.612 0.5000000000
45584  30.268  -39.699  49.400 0.3000000119
44729  30.275  -40.509  48.823 0.2000000030
47545  36.831  -37.734  48.338 0.1000000015
47556  34.928  -37.145  47.423 0.2000000030
48526  33.807  -36.521  47.517 0.5000000000
48512  32.863  -36.221  48.592 0.4000000060
48527  33.247  -36.384  47.845 0.4000000060
43835  31.443  -41.472  47.858 0.2000000030
46532  38.546  -38.473  49.692 0.1000000015
47555  35.900  -36.949  47.200 0.2000000030
44740  31.373  -40.813  48.145 0.2000000030
48538  35.730  -35.768  46.672 0.4000000060
109598  36.035  -36.383  46.785 0.3000000119
118226  39.917  -37.983  64.154 0.4000000060
108785  40.542  -38.227  63.045 0.6000000238
45426  39.668  -39.530  61.692 0.8000000119
45427  39.047  -39.993  61.284 0.8000000119
45435  37.816  -40.101  60.355 0.8000000119
44563  37.530  -40.654  60.636 0.8000000119
45434  38.455  -39.583  60.460 0.8000000119
45441  37.592  -39.610  59.828 0.8000000119
44587  34.743  -40.966  58.134 0.6999999881
44585  36.026  -40.131  58.954 0.6999999881
114236  34.285  -41.361  57.753 0.6999999881
44602  34.474  -40.789  57.441 0.6999999881
44638  34.513  -39.930  56.258 0.6999999881
43728  34.240  -40.678  56.686 0.6999999881
46455  35.343  -38.342  55.668 0.8000000119
47436  35.941  -37.913  56.025 0.8000000119
45500  34.108  -39.449  54.804 0.6999999881
46474  34.799  -37.819  54.183 0.6999999881
47488  34.461  -37.456  53.526 0.6999999881
47489  33.800  -37.786  53.219 0.6000000238
47499  34.085  -37.106  52.867 0.6000000238
48479  34.001  -36.127  51.680 0.5000000000
48471  33.674  -36.795  52.129 0.5000000000
49445  35.022  -35.038  51.255 0.5000000000
49446  34.744  -35.717  51.975 0.5000000000
47510  32.948  -37.183  51.838 0.5000000000
110822  35.637  -34.435  50.652 0.5000000000
49457  34.818  -34.768  50.216 0.5000000000
109514  34.081  -35.122  49.656 0.5000000000
47533  38.811  -37.900  48.815 0.1000000015
50433  34.648  -34.653  49.250 0.5000000000
50424  35.401  -34.276  49.731 0.5000000000
50432  35.223  -34.195  48.819 0.5000000000
50438  35.192  -34.233  47.970 0.5000000000
49469  33.999  -35.129  48.709 0.5000000000
49481  33.499  -35.711  48.226 0.5000000000
49458  33.524  -35.552  50.019 0.5000000000
48536  37.228  -36.112  46.693 0.2000000030
112211  36.943  -35.561  46.535 0.2000000030
48535  38.067  -36.109  46.812 0.1000000015
51480  35.948  -33.976  46.952 0.5000000000
51471  35.791  -33.806  47.603 0.5000000000
49513  35.828  -35.068  46.623 0.4000000060
50444  35.371  -34.406  47.251 0.5000000000
48537  36.495  -35.986  46.602 0.3000000119
50445  34.716  -34.862  47.539 0.5000000000
46373  40.576  -38.329  61.835 0.6999999881
46362  40.472  -38.468  62.523 0.6000000238
107875  41.543  -37.290  61.743 0.8000000119
46399  38.706  -38.406  59.459 0.8000000119
46398  39.479  -38.257  59.914 0.8000000119
102730  37.987  -38.532  59.135 0.8000000119
46411  37.580  -38.358  58.543 0.8000000119
46424  37.183  -38.089  57.843 0.8000000119
46425  36.371  -38.421  57.531 0.6999999881
104876  36.601  -37.556  56.373 0.8000000119
48422  36.821  -36.700  55.199 0.8000000119
48521  39.422  -36.447  47.730 0.1000000015
47542  40.177  -37.225  48.903 0.1000000015
49511  37.611  -35.435  46.538 0.2000000030
48347  42.094  -36.770  61.200 0.8000000119
46397  40.168  -37.728  59.693 0.8000000119
51441  36.838  -33.550  50.443 0.5000000000
47410  40.322  -37.102  58.912 0.8000000119
47411  39.625  -37.149  58.312 0.8000000119
105280  38.486  -37.301  57.617 0.8000000119
47423  37.675  -37.539  57.380 0.8999999762
48382  40.255  -36.727  58.161 0.8000000119
47434  38.176  -36.961  56.955 0.8999999762
48407  39.737  -36.280  56.835 0.8999999762
48420  38.416  -36.181  55.766 0.8999999762
49380  40.081  -35.729  56.276 0.8999999762
47451  37.098  -36.991  55.929 0.8999999762
52332  38.382  -32.130  50.028 0.6999999881
49388  38.833  -35.627  55.360 0.8999999762
49394  39.157  -34.998  54.993 0.8999999762
48437  37.276  -36.105  54.789 0.8000000119
49397  36.971  -35.810  54.095 0.8000000119
49410  37.343  -35.222  53.720 0.8000000119
52348  36.805  -32.929  48.609 0.5000000000
111470  36.321  -33.428  48.765 0.5000000000
51456  35.924  -33.790  49.244 0.5000000000
51463  35.767  -33.747  48.397 0.5000000000
51470  36.403  -33.404  47.295 0.5000000000
52371  36.946  -32.754  47.641 0.5000000000
46506  41.480  -38.762  51.282 0.1000000015
53196  38.167  -31.824  47.146 0.6000000238
52380  37.567  -32.553  46.866 0.5000000000
48468  44.931  -36.875  52.044 0.1000000015
47506  44.231  -37.064  51.762 0.1000000015
103637  38.691  -34.406  46.345 0.1000000015
52392  38.807  -32.644  45.902 0.4000000060
122499  43.645  -36.514  50.473 0.1000000015
48497  44.281  -36.418  50.598 0.1000000015
48477  44.635  -36.626  51.321 0.1000000015
116965  40.602  -35.596  47.648 0.2000000030
48520  40.242  -36.143  47.976 0.1000000015
50456  39.439  -34.076  46.167 0.2000000030
51491  39.434  -33.231  45.779 0.2000000030
118918  42.613  -35.448  47.855 0.1000000015
49492  41.270  -35.374  47.563 0.1000000015
49491  42.005  -35.286  47.465 0.1000000015
49507  41.607  -34.975  46.682 0.1000000015
49479  40.980  -35.843  48.189 0.2000000030
49509  39.486  -34.993  46.697 0.2000000030
50472  40.128  -33.748  45.859 0.2000000030
120120  40.711  -34.162  45.888 0.2000000030
52391  39.633  -32.432  45.704 0.3000000119
104891  40.806  -32.885  45.340 0.2000000030
53223  40.788  -31.727  45.628 0.3000000119
52389  41.285  -32.392  45.240 0.3000000119
48365  41.879  -36.518  59.481 0.8000000119
48381  40.927  -36.529  58.351 0.8000000119
48380  41.666  -36.295  58.637 0.8000000119
52291  40.386  -32.425  54.304 0.8000000119
51402  39.874  -32.855  53.938 0.8000000119
52298  40.258  -32.154  53.552 0.8000000119
51411  38.953  -32.943  52.826 0.8000000119
49412  35.925  -35.726  53.089 0.6000000238
49432  36.415  -35.167  52.727 0.6000000238
50411  36.885  -34.214  51.795 0.5000000000
53182  39.147  -31.293  48.583 0.6999999881
103285  38.867  -31.569  46.639 0.5000000000
48488  43.143  -36.750  50.608 0.1000000015
53212  39.609  -31.421  46.326 0.5000000000
106734  40.400  -31.273  46.109 0.4000000060
53211  41.234  -31.223  45.943 0.4000000060
54100  42.526  -30.684  47.146 0.6999999881
48345  43.197  -35.972  61.513 0.6000000238
48353  43.326  -36.037  60.908 0.6999999881
49353  42.977  -35.784  59.478 0.6999999881
51384  40.886  -33.550  56.069 0.8999999762
50360  41.021  -34.186  56.413 0.8999999762
52252  42.384  -32.808  57.458 0.8999999762
52267  42.009  -31.979  56.670 0.8999999762
52268  41.338  -32.703  56.206 0.8999999762
110442  40.809  -32.891  55.642 0.8999999762
52280  41.119  -32.079  55.321 0.8000000119
49360  42.605  -35.513  58.759 0.8999999762
53134  40.867  -31.820  53.935 0.8000000119
52290  41.410  -31.609  54.446 0.8000000119
50362  39.876  -34.685  55.325 0.8999999762
53147  40.459  -31.266  51.466 0.6999999881
54046  41.880  -30.639  51.335 0.6999999881
53169  40.129  -30.925  49.843 0.6999999881
54061  41.767  -30.557  50.517 0.6999999881
47509  42.108  -37.975  51.001 0.1000000015
54090  40.683  -30.636  48.430 0.6999999881
54116  40.955  -30.852  46.646 0.6999999881
47520  41.774  -37.411  50.323 0.1000000015
50299  44.211  -34.914  61.338 0.6000000238
49352  43.548  -35.441  59.888 0.6000000238
50323  44.208  -34.503  59.987 0.6999999881
50333  43.382  -34.609  59.092 0.8000000119
50334  42.830  -34.921  58.597 0.8999999762
52234  43.592  -32.871  58.661 0.8999999762
51364  42.847  -33.601  58.172 0.8999999762
52251  43.106  -32.340  58.056 0.8999999762
50344  41.917  -34.830  57.464 0.8999999762
49369  42.276  -35.217  58.073 0.8999999762
53110  43.295  -30.835  55.621 0.8999999762
109504  42.354  -31.308  55.779 0.8999999762
50354  40.922  -34.780  56.434 0.8999999762
103421  42.711  -31.059  54.873 0.8999999762
53133  41.630  -31.344  53.503 0.8000000119
53111  41.912  -31.484  55.055 0.8999999762
103669  40.821  -31.640  53.106 0.8000000119
53141  40.635  -31.443  52.287 0.8000000119
50381  37.657  -34.613  53.342 0.8000000119
50396  36.796  -34.691  52.471 0.5000000000
105039  43.430  -30.489  51.025 0.6999999881
107573  43.152  -30.521  48.572 0.6999999881
123028  44.087  -28.247  47.247 0.8000000119
56919  44.012  -27.220  45.068 0.6000000238
56947  47.116  -27.306  42.729 0.4000000060
118642  44.473  -32.491  59.400 0.6999999881
53083  43.635  -31.082  57.861 0.8999999762
120940  44.596  -30.693  57.808 0.8999999762
53092  45.338  -30.599  57.224 0.8000000119
53986  44.186  -30.641  54.961 0.8999999762
53985  45.088  -30.566  55.267 0.8999999762
105523  45.663  -30.498  53.726 0.8999999762
54018  46.573  -30.377  53.952 1.0000000000
54020  44.248  -30.550  53.025 0.8999999762
54019  44.904  -30.553  53.440 0.8999999762
122091  44.448  -30.530  52.129 0.8999999762
104007  44.240  -30.487  51.274 0.6999999881
54074  44.466  -30.416  49.237 0.6999999881
54075  43.675  -30.517  49.261 0.6999999881
117591  44.278  -30.125  48.143 0.6999999881
57919  47.421  -26.639  42.742 0.4000000060
53955  46.226  -30.548  57.572 0.6999999881
53080  46.256  -30.670  58.580 0.6999999881
53966  47.782  -30.108  57.291 0.6999999881
120322  47.646  -30.113  56.454 0.8000000119
53983  46.811  -30.405  56.234 0.8999999762
115906  46.801  -30.287  53.127 1.0000000000
106518  45.607  -30.487  52.915 0.8999999762
54029  45.474  -30.474  52.022 0.8999999762
54043  45.583  -30.396  51.082 0.8999999762
54058  44.894  -30.495  50.725 0.8999999762
58779  45.707  -26.386  49.309 0.8999999762
54057  45.492  -30.299  50.260 0.8999999762
59620  46.640  -24.955  49.856 1.0000000000
56876  46.522  -28.031  50.290 1.0000000000
58787  45.506  -25.946  48.667 0.8999999762
56894  45.072  -27.871  48.612 0.8999999762
58820  45.911  -25.720  45.929 0.6000000238
57869  44.604  -26.905  47.555 0.6999999881
53953  47.828  -30.086  57.956 0.6999999881
53980  49.308  -29.467  56.509 0.6000000238
53964  49.216  -29.478  56.968 0.6000000238
109455  48.259  -29.846  57.563 0.6000000238
53982  47.947  -29.874  55.776 0.6999999881
53981  48.797  -29.673  56.144 0.6000000238
54016  48.222  -29.707  54.194 0.8000000119
54041  47.507  -29.626  51.869 1.0000000000
54961  46.896  -29.731  51.214 1.0000000000
54973  45.892  -29.845  50.003 1.0000000000
59664  47.996  -24.734  46.891 0.6999999881
54913  49.802  -29.276  55.805 0.6000000238
110718  48.867  -29.316  53.127 0.8999999762
58747  48.716  -25.026  52.112 0.8999999762
57828  49.050  -26.736  51.872 0.8999999762
54959  48.108  -28.944  51.936 1.0000000000
54950  48.850  -28.820  52.518 1.0000000000
54971  47.026  -29.056  50.934 1.0000000000
55915  46.799  -28.537  50.593 1.0000000000
59683  49.075  -24.708  45.873 0.6999999881
56819  50.875  -27.142  54.765 0.4000000060
55867  51.188  -27.927  54.597 0.5000000000
55886  51.133  -27.850  53.956 0.6000000238
57811  51.139  -26.341  53.621 0.6999999881
56849  51.124  -27.212  53.651 0.6999999881
55868  50.562  -28.471  54.089 0.6999999881
55847  50.788  -28.345  54.912 0.5000000000
62367  49.554  -21.043  54.309 0.3000000119
63240  49.416  -20.414  53.782 0.3000000119
63238  50.963  -20.440  54.019 0.2000000030
60539  51.730  -23.273  50.646 0.6999999881
62398  52.332  -21.110  53.001 0.5000000000
64084  50.676  -20.020  53.940 0.3000000119
59632  51.908  -23.892  48.789 0.6999999881
109023  52.619  -24.061  48.935 0.6999999881
59647  52.958  -24.362  47.989 0.6000000238
123389  50.935  -24.372  46.952 0.6000000238
59680  51.614  -24.478  45.843 0.6000000238
59681  50.894  -24.520  45.819 0.6999999881
122445  53.301  -24.212  45.484 0.6000000238
59732  51.659  -24.513  42.344 0.4000000060
63250  51.982  -19.908  53.394 0.3000000119
62379  52.505  -20.352  52.896 0.4000000060
63268  53.053  -20.174  52.341 0.4000000060
61479  53.451  -21.617  51.951 0.3000000119
60537  53.744  -23.119  51.082 0.4000000060
59698  53.273  -24.047  44.368 0.5000000000
123800  53.432  -23.879  43.802 0.5000000000
62415  53.885  -21.214  51.400 0.5000000000
37643  17.647  -48.914  56.920 0.5000000000
37456  16.794  -47.396  71.501 0.2000000030
120382  15.864  -47.059  71.869 0.2000000030
108137  16.993  -50.983  68.166 0.4000000060
49433  35.663  -35.300  52.218 0.5000000000
50459  36.343  -34.486  46.607 0.4000000060
116004  37.021  -34.884  46.469 0.4000000060
48510  40.606  -36.512  48.576 0.1000000015
48502  32.467  -36.378  49.476 0.5000000000
48501  32.992  -35.874  49.493 0.5000000000
49512  36.368  -35.293  46.538 0.2000000030
38324  22.475  -47.808  70.376 0.5000000000
38325  21.650  -47.892  70.511 0.4000000060
39171  22.139  -46.807  70.428 0.2000000030
37470  16.182  -47.875  71.149 0.2000000030
37448  23.361  -47.847  70.153 0.5000000000
39155  22.986  -47.302  70.403 0.4000000060
39156  22.274  -47.323  70.474 0.4000000060
39157  21.447  -47.435  70.564 0.2000000030
39159  19.856  -47.255  70.788 0.2000000030
39170  23.021  -46.589  70.386 0.3000000119
39172  21.317  -46.919  70.468 0.2000000030
39173  20.481  -46.885  70.489 0.2000000030
40032  22.722  -46.157  70.208 0.2000000030
39169  24.424  -46.183  70.364 0.3000000119
113700  23.766  -45.993  70.411 0.2000000030
36559  15.091  -48.030  71.203 0.1000000015
119017  15.129  -48.776  70.338 0.2000000030
39160  19.095  -46.900  70.984 0.2000000030
39161  18.244  -46.478  71.016 0.1000000015
39174  19.666  -46.688  70.561 0.1000000015
39175  18.875  -46.396  70.596 0.1000000015
39187  21.164  -46.447  70.041 0.2000000030
39189  19.424  -46.389  69.967 0.2000000030
103011  19.148  -46.509  69.038 0.1000000015
39186  22.006  -46.423  70.191 0.2000000030
117100  20.690  -46.501  69.344 0.2000000030
39200  19.962  -46.596  69.067 0.1000000015
116952  24.193  -45.464  70.384 0.3000000119
105183  23.729  -45.320  70.166 0.3000000119
40040  23.174  -45.584  69.869 0.2000000030
39199  21.351  -46.391  68.984 0.2000000030
105323  20.703  -46.628  68.446 0.2000000030
40039  23.898  -44.958  69.623 0.2000000030
40048  23.323  -45.522  68.975 0.2000000030
39210  22.073  -46.215  68.619 0.2000000030
19954  1.015  -66.543  66.149 0.1000000015
19960  0.747  -66.327  65.862 0.1000000015
115191  0.988  -66.862  65.389 0.1000000015
19949  1.371  -66.013  66.781 0.1000000015
19965  1.163  -67.071  64.820 0.1000000015
38332  15.198  -46.490  72.061 0.1000000015
37457  15.075  -47.236  71.922 0.1000000015
39162  16.643  -46.314  71.628 0.1000000015
119176  18.147  -46.129  70.554 0.1000000015
39176  17.199  -45.984  70.909 0.1000000015
39191  17.710  -46.048  69.805 0.1000000015
120838  19.546  -46.646  68.523 0.1000000015
103010  18.282  -46.326  68.829 0.1000000015
103008  19.965  -46.751  68.097 0.1000000015
40049  22.635  -45.876  69.256 0.2000000030
39212  20.671  -46.724  67.476 0.1000000015
103007  19.079  -46.654  68.032 0.1000000015
40047  23.933  -45.216  68.686 0.2000000030
124036  22.200  -46.339  67.929 0.2000000030
39211  21.559  -46.536  67.890 0.2000000030
103718  19.782  -46.795  67.215 0.1000000015
39223  22.350  -46.337  67.229 0.1000000015
39224  21.432  -46.583  66.845 0.1000000015
19955  0.707  -65.835  66.451 0.1000000015
104656  1.854  -65.311  67.332 0.1000000015
20939  2.906  -65.027  67.571 0.1000000015
37458  14.191  -47.718  72.044 0.1000000015
38333  14.325  -46.928  72.072 0.1000000015
39164  15.092  -46.028  71.908 0.1000000015
38342  13.877  -46.823  71.885 0.1000000015
39179  14.843  -46.009  71.329 0.1000000015
38341  14.555  -46.348  71.900 0.1000000015
119994  15.236  -45.921  70.659 0.1000000015
120778  16.827  -45.938  69.811 0.1000000015
39193  15.378  -46.130  69.697 0.1000000015
40036  27.626  -44.886  69.171 0.3000000119
40037  26.980  -45.517  69.316 0.3000000119
103009  17.145  -46.180  68.636 0.1000000015
105118  16.136  -46.124  69.154 0.1000000015
40890  26.841  -44.488  69.718 0.2000000030
103006  17.995  -46.472  67.719 0.1000000015
40882  25.361  -44.655  70.173 0.3000000119
39227  18.818  -46.690  66.980 0.1000000015
40883  24.719  -44.436  70.237 0.3000000119
40046  24.444  -44.565  68.911 0.3000000119
40058  23.618  -45.701  67.982 0.1000000015
39225  20.515  -46.690  66.540 0.1000000015
28726  11.049  -57.516  70.600 0.3000000119
20940  0.791  -65.387  67.027 0.1000000015
20954  0.670  -65.600  66.397 0.1000000015
20953  0.629  -65.708  65.984 0.1000000015
20962  1.000  -66.423  65.307 0.1000000015
27684  10.475  -58.721  69.806 0.3000000119
20961  1.669  -66.007  64.865 0.1000000015
110596  3.790  -64.507  67.647 0.1000000015
26785  10.072  -59.114  69.249 0.3000000119
22985  4.627  -62.877  67.915 0.1000000015
36539  13.433  -48.332  72.194 0.1000000015
25870  8.391  -60.447  68.479 0.3000000119
25871  7.775  -60.828  67.900 0.2000000030
23978  6.184  -62.852  67.473 0.1000000015
37459  13.630  -47.497  72.062 0.1000000015
121312  14.001  -46.724  70.343 0.1000000015
39194  14.798  -46.184  70.290 0.1000000015
39202  15.563  -46.432  68.514 0.1000000015
39201  16.244  -46.322  67.967 0.1000000015
40891  25.921  -44.067  70.014 0.4000000060
103005  17.008  -46.293  67.370 0.1000000015
40893  24.499  -44.273  69.818 0.3000000119
105046  18.712  -46.703  66.138 0.1000000015
103004  17.765  -46.517  66.570 0.1000000015
106806  23.148  -45.979  67.335 0.1000000015
40082  21.863  -45.908  65.331 0.1000000015
39240  21.222  -46.406  65.919 0.1000000015
39226  19.578  -46.735  66.294 0.1000000015
40070  22.992  -45.938  66.521 0.1000000015
40083  20.981  -46.105  65.083 0.1000000015
39242  19.263  -46.632  65.352 0.1000000015
21993  1.207  -64.590  67.549 0.1000000015
20948  0.356  -65.085  66.803 0.1000000015
22986  2.686  -63.383  68.298 0.1000000015
22004  0.873  -64.772  66.201 0.1000000015
20952  1.243  -65.455  65.599 0.1000000015
20960  2.885  -65.478  64.513 0.1000000015
27678  10.282  -58.078  70.479 0.3000000119
23969  6.210  -62.031  67.575 0.1000000015
26786  9.667  -59.350  69.591 0.3000000119
23968  7.019  -61.803  67.397 0.1000000015
27679  9.347  -58.672  70.350 0.3000000119
104688  9.139  -59.799  69.314 0.2000000030
37460  13.054  -48.082  72.205 0.1000000015
28727  9.142  -57.721  70.934 0.3000000119
119223  8.389  -58.042  70.854 0.3000000119
37471  13.273  -47.383  71.769 0.1000000015
37481  12.669  -47.992  71.373 0.1000000015
37490  12.708  -48.320  69.808 0.1000000015
28722  8.700  -56.782  71.356 0.3000000119
115409  7.511  -56.360  71.303 0.3000000119
116435  7.955  -57.255  71.196 0.3000000119
38350  13.682  -46.964  70.909 0.1000000015
37480  13.152  -47.557  70.485 0.1000000015
41725  26.636  -43.491  69.813 0.2000000030
38356  13.859  -47.148  69.669 0.1000000015
37489  13.413  -47.990  69.082 0.1000000015
40889  27.520  -43.908  69.609 0.2000000030
41733  26.138  -43.036  69.621 0.2000000030
41726  25.781  -43.506  69.856 0.2000000030
41734  25.436  -43.334  69.510 0.2000000030
39203  14.933  -46.507  69.085 0.1000000015
38355  14.439  -46.882  69.028 0.1000000015
37488  14.249  -47.565  68.329 0.1000000015
40892  25.080  -43.780  70.070 0.2000000030
39215  15.251  -46.711  67.934 0.1000000015
41744  25.398  -43.612  68.667 0.2000000030
39214  15.681  -46.556  67.417 0.1000000015
40900  24.887  -43.808  69.370 0.2000000030
40057  24.390  -45.360  67.883 0.2000000030
39243  18.134  -46.591  65.545 0.1000000015
39239  22.121  -46.211  66.213 0.1000000015
39255  20.140  -46.366  64.794 0.1000000015
39256  19.411  -46.442  64.519 0.1000000015
40093  20.782  -45.910  64.249 0.1000000015
21987  0.978  -63.789  68.078 0.1000000015
20941  0.365  -64.804  67.134 0.1000000015
21986  1.946  -64.043  68.171 0.1000000015
21994  0.388  -64.116  67.505 0.1000000015
21999  -0.038  -64.365  66.908 0.1000000015
111939  3.478  -62.656  68.195 0.1000000015
24009  1.561  -62.098  63.861 0.1000000015
24948  4.629  -61.164  67.904 0.1000000015
22009  3.431  -64.333  64.828 0.1000000015
22010  2.364  -64.909  65.230 0.1000000015
24022  2.282  -61.776  63.133 0.1000000015
25872  6.094  -60.983  68.235 0.1000000015
22016  3.919  -64.898  64.055 0.1000000015
24984  3.388  -61.675  63.515 0.1000000015
26788  7.033  -60.003  69.619 0.2000000030
119614  9.566  -56.167  71.583 0.3000000119
26780  8.775  -59.476  69.982 0.2000000030
26781  7.531  -59.334  70.183 0.2000000030
27681  6.716  -58.284  70.651 0.2000000030
30646  8.074  -55.029  71.389 0.3000000119
28723  6.895  -56.833  71.100 0.2000000030
28729  6.287  -57.329  70.786 0.2000000030
31536  8.355  -54.392  71.391 0.3000000119
31540  7.733  -54.920  71.069 0.3000000119
29707  8.175  -55.818  71.532 0.3000000119
120564  7.326  -55.605  71.115 0.3000000119
30648  7.300  -55.357  70.889 0.2000000030
37500  12.946  -48.731  68.557 0.1000000015
31539  8.123  -54.370  71.024 0.3000000119
31542  8.249  -54.497  70.253 0.2000000030
31545  8.486  -54.374  69.150 0.2000000030
41723  28.560  -42.661  69.786 0.3000000119
110446  28.131  -43.410  69.579 0.3000000119
41722  29.248  -42.887  69.533 0.3000000119
119453  25.030  -44.223  68.511 0.3000000119
112227  14.879  -47.145  67.339 0.1000000015
39213  16.246  -46.391  66.933 0.1000000015
103003  16.851  -46.338  66.530 0.1000000015
39228  16.276  -46.361  66.059 0.1000000015
117825  15.356  -46.725  67.054 0.1000000015
39230  15.146  -46.862  66.395 0.1000000015
39257  18.499  -46.505  64.628 0.1000000015
104057  17.580  -46.413  64.900 0.1000000015
103322  17.080  -46.341  65.710 0.1000000015
39229  15.642  -46.544  66.388 0.1000000015
40094  19.983  -46.160  64.001 0.1000000015
39245  15.714  -46.333  65.443 0.1000000015
39269  19.088  -46.269  63.873 0.1000000015
39270  18.155  -46.287  63.886 0.1000000015
39258  17.277  -46.160  64.199 0.1000000015
104081  16.773  -46.214  64.904 0.1000000015
39244  16.328  -46.264  65.389 0.1000000015
40106  17.564  -45.993  63.250 0.1000000015
23972  2.352  -62.282  68.493 0.1000000015
22988  0.587  -63.056  68.265 0.1000000015
22994  -0.055  -63.555  67.439 0.1000000015
22005  0.452  -65.005  66.594 0.1000000015
23995  0.313  -62.278  64.698 0.1000000015
31531  11.646  -54.266  71.642 0.3000000119
118741  3.285  -61.729  68.302 0.1000000015
23971  4.170  -61.833  67.958 0.1000000015
24008  2.768  -61.925  64.040 0.1000000015
107339  2.306  -62.114  64.627 0.1000000015
25873  5.002  -60.681  68.205 0.1000000015
108857  3.013  -62.266  64.744 0.1000000015
31533  9.815  -54.326  72.101 0.3000000119
30640  9.746  -55.197  71.870 0.3000000119
26789  5.753  -59.684  69.698 0.1000000015
36562  12.392  -48.728  72.057 0.2000000030
31535  8.967  -53.773  72.013 0.3000000119
27682  5.446  -57.876  70.520 0.2000000030
36563  11.630  -49.222  71.017 0.2000000030
33407  9.163  -53.074  71.280 0.3000000119
32469  8.642  -53.787  71.462 0.3000000119
29712  6.770  -56.013  70.847 0.2000000030
36576  12.133  -48.710  70.485 0.2000000030
32472  8.613  -53.780  70.686 0.3000000119
30650  8.168  -54.975  69.678 0.2000000030
30653  8.388  -55.076  68.799 0.2000000030
36585  12.266  -49.009  69.127 0.1000000015
36577  11.673  -49.371  69.638 0.1000000015
33410  9.265  -52.287  69.444 0.2000000030
33411  9.033  -53.061  70.058 0.1000000015
33420  8.934  -52.995  68.977 0.1000000015
32474  8.724  -53.768  69.589 0.2000000030
32484  8.642  -53.748  67.618 0.1000000015
41743  25.917  -43.032  68.814 0.2000000030
36593  12.393  -49.273  68.073 0.1000000015
33419  9.199  -52.289  68.443 0.1000000015
33431  8.886  -53.003  68.006 0.1000000015
32477  8.659  -53.688  68.556 0.1000000015
41731  30.413  -43.146  68.785 0.3000000119
41721  29.929  -42.697  69.460 0.3000000119
42591  28.942  -41.884  70.127 0.3000000119
41724  27.608  -42.962  69.820 0.3000000119
34476  10.074  -50.995  68.393 0.1000000015
34494  9.587  -51.655  67.896 0.1000000015
33430  9.219  -52.359  67.471 0.1000000015
117053  30.840  -42.207  69.383 0.2000000030
42595  30.017  -42.107  69.897 0.3000000119
42596  29.370  -42.307  69.921 0.3000000119
43481  28.837  -41.501  69.982 0.3000000119
104351  28.207  -42.235  69.836 0.3000000119
40910  25.529  -44.385  67.735 0.3000000119
37499  13.694  -48.482  67.941 0.1000000015
43480  29.342  -41.323  70.139 0.3000000119
40068  24.900  -45.373  67.057 0.2000000030
40069  23.937  -45.720  66.954 0.2000000030
38370  14.807  -47.551  66.463 0.1000000015
38380  14.934  -47.336  65.626 0.1000000015
40081  22.721  -45.703  65.632 0.1000000015
39246  15.344  -46.595  65.660 0.1000000015
123882  15.429  -46.392  65.195 0.1000000015
39260  15.496  -46.311  64.652 0.1000000015
39259  16.018  -46.127  64.820 0.1000000015
103728  15.910  -46.045  64.074 0.1000000015
39273  15.430  -46.236  63.692 0.1000000015
40105  19.736  -45.910  63.231 0.1000000015
105577  18.677  -45.973  63.066 0.1000000015
122747  18.066  -45.871  62.682 0.1000000015
122697  16.480  -46.051  64.350 0.1000000015
39271  16.617  -45.926  63.665 0.1000000015
40107  16.764  -45.811  62.932 0.1000000015
122051  1.601  -61.453  68.505 0.1000000015
22989  -0.227  -62.962  68.053 0.1000000015
123342  2.509  -60.909  68.476 0.1000000015
23981  0.843  -62.682  66.431 0.1000000015
23985  1.406  -62.517  65.808 0.1000000015
23994  1.395  -62.262  64.956 0.1000000015
31532  10.849  -53.926  72.257 0.3000000119
24949  3.641  -60.995  68.123 0.1000000015
23993  2.311  -62.373  65.254 0.1000000015
32466  9.642  -53.046  72.153 0.3000000119
25874  3.964  -60.439  68.284 0.1000000015
22002  2.864  -63.700  65.430 0.1000000015
22998  1.542  -62.885  66.152 0.1000000015
23002  2.930  -62.736  65.332 0.1000000015
26790  4.728  -59.246  69.549 0.1000000015
22008  4.171  -63.770  64.304 0.1000000015
109932  9.494  -52.370  70.543 0.3000000119
29714  6.908  -56.255  70.252 0.2000000030
28733  6.424  -56.959  69.871 0.2000000030
35526  11.247  -49.892  71.405 0.3000000119
35546  10.664  -50.429  70.474 0.3000000119
114354  7.781  -55.714  69.662 0.2000000030
31552  8.399  -54.470  67.263 0.2000000030
35545  11.060  -49.887  69.960 0.1000000015
34477  9.596  -51.588  68.933 0.1000000015
122262  27.582  -42.598  69.771 0.3000000119
113563  11.251  -49.826  69.002 0.1000000015
33443  8.938  -53.109  66.986 0.1000000015
40067  25.482  -45.013  67.168 0.3000000119
36586  11.760  -49.545  68.568 0.1000000015
34493  10.097  -51.093  67.364 0.1000000015
42602  32.382  -42.001  68.514 0.3000000119
43509  31.779  -41.587  69.263 0.3000000119
43491  31.053  -41.127  69.854 0.3000000119
43492  30.278  -41.509  70.042 0.2000000030
43493  28.283  -41.744  69.652 0.3000000119
44455  29.246  -41.021  70.030 0.2000000030
40056  25.054  -44.938  67.838 0.2000000030
110619  13.075  -49.024  67.576 0.1000000015
35577  10.630  -50.526  67.811 0.1000000015
34511  9.624  -51.755  66.804 0.1000000015
43508  32.531  -41.310  68.983 0.3000000119
44466  30.969  -40.454  69.652 0.3000000119
44467  30.291  -40.515  69.794 0.3000000119
44468  29.625  -40.716  69.799 0.2000000030
40079  24.549  -45.328  66.157 0.1000000015
36592  13.130  -49.175  66.718 0.1000000015
35576  11.178  -50.116  67.251 0.1000000015
35594  10.620  -50.583  66.875 0.1000000015
45369  30.978  -40.137  69.360 0.1000000015
45370  30.256  -40.423  69.322 0.1000000015
44483  29.776  -40.652  68.740 0.1000000015
40080  23.607  -45.539  65.913 0.1000000015
37498  14.359  -48.199  67.082 0.1000000015
122157  13.714  -48.835  67.145 0.1000000015
45388  31.193  -39.863  68.482 0.1000000015
44482  30.511  -40.341  68.600 0.1000000015
39272  15.948  -45.855  63.105 0.1000000015
40119  17.435  -45.669  62.330 0.1000000015
25875  2.986  -60.124  68.404 0.1000000015
33403  10.086  -52.466  72.441 0.3000000119
25865  4.226  -59.786  68.803 0.1000000015
120531  4.143  -59.021  69.213 0.1000000015
23007  4.146  -62.801  64.363 0.1000000015
34439  10.123  -51.989  72.559 0.3000000119
33405  9.572  -52.654  72.075 0.3000000119
27683  4.729  -58.026  70.208 0.1000000015
117739  5.106  -57.816  69.629 0.1000000015
34447  9.991  -51.801  70.982 0.3000000119
28734  5.679  -57.259  70.100 0.2000000030
28737  6.894  -57.443  69.016 0.2000000030
113684  7.361  -57.525  68.200 0.2000000030
34457  9.677  -51.594  69.994 0.2000000030
29717  7.528  -56.804  69.098 0.2000000030
29719  7.786  -56.782  67.803 0.2000000030
30657  7.979  -55.900  67.254 0.2000000030
34446  10.263  -51.103  70.786 0.3000000119
30654  8.140  -55.968  68.393 0.2000000030
30656  8.235  -55.109  67.745 0.2000000030
42597  27.019  -42.798  69.714 0.2000000030
122348  10.610  -50.379  69.672 0.3000000119
35563  10.693  -50.360  68.903 0.1000000015
35562  11.208  -50.017  68.169 0.1000000015
43490  31.900  -40.606  69.444 0.3000000119
34510  10.150  -51.067  66.441 0.1000000015
45368  31.672  -39.861  69.276 0.3000000119
45379  31.603  -39.570  68.931 0.1000000015
36607  11.771  -49.768  66.734 0.1000000015
45378  32.474  -39.233  68.919 0.1000000015
44495  31.296  -39.936  67.619 0.1000000015
37505  14.531  -48.281  65.918 0.1000000015
37506  13.871  -48.854  66.378 0.1000000015
25866  3.325  -59.646  68.481 0.1000000015
26791  3.660  -59.181  68.684 0.1000000015
27686  4.085  -58.724  68.944 0.1000000015
27685  4.589  -58.261  69.572 0.1000000015
40909  26.067  -43.596  67.640 0.2000000030
40920  25.897  -44.500  66.894 0.3000000119
42605  26.550  -42.594  69.069 0.2000000030
30659  8.118  -55.133  66.815 0.1000000015
34456  10.136  -50.872  69.562 0.2000000030
116012  8.340  -54.547  66.537 0.1000000015
44469  28.951  -41.078  69.663 0.2000000030
43507  33.261  -41.214  68.599 0.3000000119
44465  32.566  -39.897  69.190 0.3000000119
44497  30.017  -40.813  68.020 0.1000000015
36594  11.793  -49.708  67.637 0.1000000015
115050  12.439  -49.431  67.149 0.1000000015
45377  33.302  -39.438  68.893 0.1000000015
36619  11.717  -49.774  65.828 0.1000000015
35593  11.134  -50.157  66.359 0.1000000015
45375  34.917  -39.499  68.395 0.2000000030
45376  34.093  -39.023  68.676 0.2000000030
106347  33.342  -38.783  68.665 0.1000000015
46311  32.796  -38.707  68.477 0.1000000015
45386  32.288  -38.902  67.847 0.1000000015
45387  31.738  -39.354  68.218 0.1000000015
46321  33.512  -38.179  68.234 0.1000000015
121108  33.411  -38.020  67.326 0.1000000015
45397  31.874  -39.504  67.199 0.1000000015
44506  38.149  -40.344  66.003 0.5000000000
121921  33.532  -38.094  66.044 0.1000000015
46322  32.870  -38.393  67.553 0.1000000015
45396  32.492  -38.997  66.624 0.1000000015
44509  32.183  -39.974  66.257 0.1000000015
45402  38.549  -39.633  66.141 0.4000000060
47310  33.783  -37.805  66.600 0.1000000015
46331  33.171  -38.342  66.474 0.1000000015
45395  33.030  -38.932  65.861 0.1000000015
40928  25.026  -44.645  65.558 0.1000000015
40929  24.066  -44.911  65.326 0.1000000015
40090  23.231  -45.175  65.184 0.1000000015
111600  8.615  -53.925  66.745 0.1000000015
44484  29.086  -40.965  68.874 0.1000000015
118563  17.863  -46.402  64.396 0.1000000015
44496  30.672  -40.379  67.873 0.1000000015
36606  12.414  -49.439  66.246 0.1000000015
46310  34.109  -38.386  68.436 0.1000000015
47282  34.195  -37.928  68.176 0.1000000015
45385  36.557  -39.679  67.848 0.3000000119
45374  36.097  -39.273  68.177 0.3000000119
46309  34.949  -38.637  68.363 0.1000000015
47281  34.786  -37.960  68.201 0.1000000015
47296  34.639  -37.529  67.809 0.1000000015
47297  33.972  -37.751  67.599 0.1000000015
44510  31.528  -40.331  66.771 0.1000000015
45394  37.881  -39.763  66.871 0.4000000060
44492  37.033  -40.155  67.230 0.4000000060
47309  34.423  -37.316  67.043 0.1000000015
45404  32.816  -39.668  65.696 0.1000000015
47321  34.332  -37.341  66.072 0.1000000015
105530  33.905  -37.925  65.719 0.1000000015
46341  33.549  -38.522  65.555 0.1000000015
45403  33.401  -39.328  65.184 0.1000000015
39261  15.164  -46.706  65.010 0.1000000015
47292  38.365  -37.779  67.344 0.2000000030
47320  34.998  -36.975  65.512 0.1000000015
48298  38.867  -36.014  65.975 0.3000000119
48282  38.463  -36.465  66.754 0.2000000030
46340  34.510  -37.738  65.216 0.1000000015
46349  34.025  -38.954  64.766 0.1000000015
43511  27.719  -41.940  69.100 0.2000000030
42604  27.159  -42.351  69.284 0.2000000030
40078  25.387  -45.005  66.446 0.2000000030
43510  28.405  -41.423  69.005 0.2000000030
40092  21.570  -45.611  64.510 0.1000000015
36605  13.151  -49.196  65.858 0.1000000015
46308  35.848  -38.642  68.320 0.2000000030
47280  35.553  -37.955  68.246 0.1000000015
45384  37.353  -39.368  67.650 0.2000000030
46307  36.712  -38.810  68.152 0.2000000030
109421  36.180  -37.286  68.188 0.2000000030
47295  35.345  -37.347  68.023 0.1000000015
48271  35.098  -36.928  67.451 0.1000000015
46320  37.596  -38.574  67.942 0.2000000030
47293  37.748  -37.620  67.890 0.2000000030
49259  36.129  -35.800  67.433 0.1000000015
48284  35.510  -36.233  67.077 0.1000000015
48285  34.903  -36.770  66.566 0.1000000015
46319  38.199  -38.433  67.463 0.3000000119
48268  37.360  -36.579  67.769 0.2000000030
49272  35.906  -35.483  66.744 0.1000000015
48300  35.340  -36.135  66.171 0.1000000015
105672  34.099  -38.285  65.091 0.1000000015
49282  38.388  -34.701  66.101 0.2000000030
48283  37.704  -35.904  67.307 0.2000000030
49271  36.522  -35.028  67.066 0.1000000015
48299  35.815  -35.506  65.839 0.1000000015
122316  35.449  -37.040  64.910 0.1000000015
46348  34.769  -38.454  64.448 0.1000000015
51259  37.768  -33.315  65.181 0.2000000030
50257  36.703  -34.204  65.932 0.1000000015
108726  36.266  -34.944  65.487 0.1000000015
48313  36.139  -35.939  64.883 0.1000000015
48314  35.570  -36.411  65.245 0.1000000015
46347  35.602  -38.109  63.910 0.1000000015
107955  35.230  -37.589  64.679 0.1000000015
50268  37.089  -33.739  65.283 0.1000000015
49294  36.622  -34.477  64.992 0.1000000015
49307  36.963  -35.418  63.915 0.1000000015
120128  36.523  -35.428  64.615 0.1000000015
108370  36.620  -36.301  64.051 0.1000000015
47335  35.981  -37.069  64.291 0.1000000015
42616  27.238  -42.327  68.326 0.2000000030
42617  26.585  -42.830  68.045 0.2000000030
44498  29.441  -41.074  68.202 0.1000000015
43528  28.820  -41.484  68.102 0.1000000015
44511  30.893  -40.693  67.178 0.1000000015
51284  37.775  -32.952  63.777 0.1000000015
50277  37.423  -33.683  63.532 0.1000000015
49321  37.212  -34.806  63.259 0.1000000015
48328  37.084  -35.794  63.070 0.1000000015
121875  36.570  -37.051  63.550 0.1000000015
47349  36.204  -37.739  63.391 0.1000000015
51298  37.710  -33.308  62.707 0.1000000015
50289  37.298  -34.180  62.438 0.1000000015
49322  36.877  -35.355  62.272 0.1000000015
48329  36.874  -36.464  63.316 0.1000000015
47362  36.574  -37.294  62.829 0.1000000015
46354  36.116  -37.988  62.792 0.1000000015
46355  35.791  -38.481  63.138 0.1000000015
103115  36.756  -36.423  62.576 0.1000000015
47375  36.329  -37.002  62.117 0.1000000015
47363  35.965  -37.691  62.182 0.1000000015
43529  28.061  -41.928  68.144 0.1000000015
45410  34.513  -39.337  64.018 0.1000000015
51312  37.650  -33.451  61.667 0.1000000015
50300  37.308  -33.772  61.773 0.1000000015
50301  36.753  -34.462  61.450 0.1000000015
49335  36.344  -35.374  61.349 0.1000000015
48348  36.314  -36.240  61.749 0.1000000015
48356  35.841  -36.043  60.935 0.1000000015
44523  33.237  -40.168  64.936 0.1000000015
44524  32.599  -40.570  65.461 0.1000000015
53874  43.716  -30.570  63.278 0.4000000060
53889  43.597  -29.954  62.906 0.4000000060
53875  42.999  -30.488  63.323 0.3000000119
53890  43.093  -30.148  62.636 0.3000000119
119845  41.703  -30.743  63.678 0.2000000030
53019  42.276  -30.714  62.929 0.2000000030
52185  40.939  -32.395  61.669 0.1000000015
52186  39.987  -32.716  61.601 0.1000000015
51310  39.127  -33.177  60.962 0.1000000015
51311  38.170  -33.159  61.399 0.1000000015
50313  36.977  -33.790  61.023 0.1000000015
47376  35.587  -37.104  61.278 0.1000000015
44531  33.859  -39.764  64.464 0.1000000015
46356  35.196  -38.916  63.579 0.1000000015
53018  44.566  -31.195  62.968 0.4000000060
53888  44.344  -30.120  62.811 0.4000000060
112071  45.038  -30.793  62.591 0.4000000060
54833  44.607  -29.501  62.387 0.3000000119
53047  42.229  -31.549  61.032 0.1000000015
52202  40.035  -33.020  60.445 0.1000000015
53900  45.876  -30.260  61.731 0.4000000060
54834  44.002  -29.443  62.493 0.3000000119
53901  43.048  -30.068  61.630 0.1000000015
53034  42.671  -30.830  61.825 0.1000000015
53926  47.223  -30.556  59.352 0.6000000238
53056  47.382  -30.428  58.901 0.6000000238
52200  41.626  -32.168  61.338 0.1000000015
52201  40.905  -32.666  60.852 0.1000000015
53079  47.268  -30.420  58.504 0.6000000238
51324  39.238  -33.328  60.038 0.1000000015
51325  38.504  -33.401  60.469 0.1000000015
51326  37.651  -33.564  60.573 0.1000000015
118114  46.474  -30.479  61.198 0.3000000119
53887  45.192  -30.076  62.395 0.4000000060
50314  36.512  -34.542  60.561 0.1000000015
54846  44.390  -28.958  62.022 0.3000000119
55737  43.596  -28.857  61.335 0.3000000119
54848  43.470  -29.448  61.896 0.2000000030
52214  41.465  -32.090  60.409 0.1000000015
53911  47.122  -30.503  59.993 0.5000000000
50325  37.017  -34.021  60.118 0.1000000015
54858  46.773  -29.132  60.644 0.4000000060
53899  46.878  -30.127  60.687 0.5000000000
55734  45.862  -28.679  61.094 0.3000000119
55736  44.140  -28.593  61.462 0.3000000119
54859  43.022  -29.442  60.934 0.1000000015
53925  47.796  -30.242  58.756 0.5000000000
123985  47.841  -30.162  58.555 0.6000000238
110477  39.136  -33.071  59.401 0.1000000015
53065  47.840  -30.122  58.360 0.6000000238
58862  50.470  -25.439  41.324 0.4000000060
58855  50.367  -25.225  42.226 0.4000000060
58848  50.254  -25.057  43.104 0.5000000000
58833  50.107  -24.873  43.942 0.5000000000
58850  48.691  -25.442  43.575 0.5000000000
58856  49.632  -25.479  42.476 0.5000000000
58857  48.759  -25.739  42.669 0.5000000000
57918  47.997  -26.251  42.599 0.4000000060
58858  48.127  -25.753  43.101 0.5000000000
51340  38.401  -33.455  59.658 0.1000000015
51341  37.523  -33.675  59.556 0.1000000015
55746  45.370  -28.168  60.549 0.3000000119
55748  43.169  -28.713  60.676 0.1000000015
53912  42.557  -30.523  60.826 0.1000000015
105207  40.174  -32.241  59.361 0.1000000015
59702  49.995  -24.745  44.760 0.5000000000
59733  50.997  -24.807  42.805 0.5000000000
58834  49.340  -25.076  44.185 0.5000000000
58835  48.557  -25.270  44.407 0.5000000000
58849  49.472  -25.280  43.341 0.5000000000
52216  39.826  -32.852  59.646 0.1000000015
54857  47.420  -29.685  60.098 0.5000000000
55745  46.414  -28.269  60.150 0.3000000119
112218  43.744  -28.370  60.716 0.3000000119
53058  40.826  -31.573  59.549 0.1000000015
54871  47.827  -29.321  59.565 0.5000000000
115579  48.163  -29.952  58.627 0.6000000238
52215  40.630  -32.520  59.975 0.1000000015
114587  48.231  -29.857  57.904 0.6000000238
55747  44.542  -28.190  60.812 0.3000000119
121755  41.982  -30.284  60.283 0.1000000015
115304  48.152  -29.938  58.268 0.6000000238
55759  47.810  -28.606  59.213 0.5000000000
38340  23.797  -46.921  70.361 0.4000000060
119626  24.568  -46.954  70.180 0.4000000060
38339  24.230  -47.645  69.949 0.5000000000
39168  25.181  -46.495  70.035 0.5000000000
23974  0.121  -62.291  68.229 0.1000000015
110809  0.713  -61.345  68.253 0.1000000015
24950  1.379  -60.437  68.272 0.1000000015
25867  2.667  -59.337  67.922 0.1000000015
23004  1.289  -63.655  66.226 0.1000000015
22003  1.834  -64.257  65.798 0.1000000015
118419  0.770  -60.401  67.689 0.1000000015
27687  3.475  -58.926  68.116 0.1000000015
23982  0.035  -62.734  67.148 0.1000000015
27691  5.667  -58.223  68.694 0.1000000015
26784  4.504  -58.468  69.717 0.1000000015
23008  3.650  -63.232  64.955 0.1000000015
28721  9.981  -57.241  71.099 0.3000000119
39178  15.458  -45.892  71.391 0.1000000015
39163  15.734  -46.098  71.865 0.1000000015
39192  16.010  -45.842  70.480 0.1000000015
58851  47.919  -25.597  43.746 0.5000000000
118312  23.306  -45.850  70.253 0.2000000030
39188  20.243  -46.491  70.060 0.2000000030
40041  22.514  -45.970  69.937 0.2000000030
39190  18.608  -46.213  69.866 0.1000000015
39198  21.960  -46.162  69.601 0.2000000030
40059  22.763  -46.004  68.160 0.2000000030
21992  2.196  -64.676  67.773 0.1000000015
21985  2.891  -64.254  68.010 0.1000000015
38349  14.245  -46.414  71.058 0.1000000015
39241  20.299  -46.545  65.648 0.1000000015
22993  3.702  -63.633  68.017 0.1000000015
23970  5.172  -61.908  67.785 0.1000000015
22984  5.573  -62.606  67.678 0.1000000015
22992  5.543  -63.390  67.580 0.1000000015
25862  7.672  -60.769  68.840 0.2000000030
105719  14.352  -46.565  69.883 0.1000000015
22987  1.626  -63.192  68.392 0.1000000015
24947  5.661  -61.358  67.858 0.1000000015
24943  7.106  -61.132  68.200 0.1000000015
24946  6.668  -61.449  67.770 0.1000000015
26787  8.318  -60.119  69.368 0.2000000030
27680  8.039  -58.633  70.552 0.2000000030
22995  -0.327  -63.706  66.933 0.1000000015
25864  5.362  -60.274  68.918 0.1000000015
25863  6.557  -60.655  68.966 0.1000000015
30641  8.795  -54.594  71.810 0.3000000119
26782  6.138  -58.959  70.322 0.1000000015
28728  7.309  -57.707  70.953 0.2000000030
29708  6.831  -56.211  71.039 0.2000000030
28724  6.494  -56.697  70.756 0.2000000030
28730  5.898  -57.279  70.403 0.2000000030
31543  7.730  -54.851  70.827 0.2000000030
30651  7.687  -55.140  70.386 0.2000000030
119999  7.185  -55.658  70.573 0.2000000030
31547  8.452  -54.367  68.166 0.2000000030
23973  1.155  -62.309  68.451 0.1000000015
21998  0.213  -64.163  66.535 0.1000000015
24007  3.751  -62.113  64.182 0.1000000015
23992  3.528  -62.598  64.720 0.1000000015
26783  5.006  -58.595  70.216 0.1000000015
28731  5.131  -57.731  70.126 0.2000000030
29715  6.352  -56.773  70.476 0.2000000030
42603  31.673  -42.310  68.783 0.3000000119
40117  19.540  -45.672  62.401 0.1000000015
23000  -0.418  -63.642  66.995 0.1000000015
22999  0.613  -63.206  66.583 0.1000000015
24957  0.499  -62.334  66.326 0.1000000015
23984  2.168  -62.695  65.690 0.1000000015
23986  0.622  -62.249  65.604 0.1000000015
23003  2.239  -63.171  65.884 0.1000000015
43489  32.767  -40.674  69.126 0.3000000119
28738  6.038  -57.614  69.375 0.1000000015
106488  4.581  -58.554  68.653 0.1000000015
112973  32.208  -39.139  68.599 0.1000000015
26792  3.165  -59.120  68.004 0.1000000015
44481  33.396  -40.368  68.898 0.3000000119
44507  37.446  -40.599  66.465 0.4000000060
45393  38.416  -39.052  66.818 0.3000000119
45383  37.945  -39.068  67.433 0.3000000119
47307  38.699  -37.483  66.782 0.2000000030
47308  38.120  -36.964  67.386 0.2000000030
49269  38.048  -35.288  66.743 0.2000000030
47294  36.953  -37.894  68.228 0.2000000030
48270  35.763  -36.582  67.791 0.2000000030
48269  36.523  -36.439  67.883 0.2000000030
49258  36.881  -35.696  67.485 0.1000000015
49283  36.339  -34.778  66.410 0.1000000015
50242  37.553  -34.391  66.477 0.2000000030
49270  37.203  -34.938  67.069 0.2000000030
50243  36.909  -34.418  66.611 0.1000000015
50256  37.332  -33.984  65.936 0.2000000030
109058  37.466  -33.301  64.517 0.1000000015
49293  37.081  -34.147  64.294 0.1000000015
53001  43.131  -31.005  63.680 0.4000000060
54835  43.645  -29.583  62.419 0.3000000119
53876  42.461  -30.648  63.382 0.2000000030
53035  42.113  -31.506  62.056 0.2000000030
52170  41.310  -31.803  62.291 0.2000000030
53886  45.656  -30.998  62.086 0.4000000060
54845  45.308  -29.251  61.885 0.3000000119
53045  46.607  -31.012  60.063 0.5000000000
55735  44.873  -28.535  61.384 0.3000000119
58863  49.830  -25.701  41.656 0.4000000060
27699  5.401  -58.656  67.727 0.1000000015
37466  24.647  -48.255  69.455 0.5000000000
37467  23.942  -48.369  69.716 0.4000000060
115472  22.728  -48.224  70.153 0.4000000060
37450  22.004  -48.274  70.288 0.4000000060
37477  25.781  -48.618  68.798 0.6000000238
37478  25.088  -49.002  68.960 0.6000000238
117174  23.734  -48.817  69.520 0.6000000238
37468  23.191  -48.982  69.604 0.6000000238
36569  26.311  -49.118  68.465 0.8000000119
36549  24.323  -48.911  69.266 0.6999999881
117293  26.822  -49.599  68.041 0.6999999881
36583  26.211  -49.883  68.302 0.6999999881
35533  25.752  -49.975  68.469 0.6999999881
35534  25.265  -49.821  68.638 0.6999999881
36571  24.592  -49.586  68.847 0.6999999881
121193  27.188  -49.919  67.739 0.6999999881
35552  26.791  -50.258  67.766 0.6999999881
36532  22.544  -48.640  69.962 0.6000000238
36533  21.690  -48.761  70.149 0.5000000000
36591  28.400  -50.019  67.236 0.6999999881
35568  28.225  -50.640  66.980 0.6999999881
35567  28.921  -50.432  66.674 0.6999999881
35553  26.088  -50.329  68.107 0.6999999881
35554  25.446  -50.277  68.351 0.6000000238
34465  25.928  -50.593  67.934 0.6000000238
34466  25.298  -50.578  68.149 0.6000000238
34687  24.818  -51.420  49.368 0.2000000030
34686  25.493  -51.644  49.792 0.3000000119
35821  24.563  -50.884  48.697 0.3000000119
35808  25.419  -51.132  49.226 0.3000000119
34667  26.310  -51.975  51.190 0.3000000119
34676  26.089  -51.864  50.346 0.3000000119
35807  26.100  -51.280  49.709 0.3000000119
36864  25.282  -50.258  48.727 0.3000000119
36854  25.965  -50.366  49.227 0.3000000119
36865  24.592  -49.929  48.203 0.2000000030
107603  25.123  -49.413  48.386 0.3000000119
34666  26.786  -51.916  50.919 0.3000000119
36853  26.640  -50.378  49.735 0.3000000119
36863  25.737  -49.395  48.787 0.3000000119
37770  24.638  -48.984  47.868 0.2000000030
36798  28.515  -49.994  52.373 0.3000000119
35777  27.991  -50.811  51.841 0.3000000119
36813  27.701  -50.530  51.090 0.3000000119
36835  27.301  -50.223  50.368 0.3000000119
38644  24.829  -46.806  46.994 0.2000000030
105052  26.391  -49.386  49.319 0.3000000119
37760  26.752  -47.852  49.205 0.3000000119
38638  24.483  -47.635  47.105 0.2000000030
38637  25.178  -47.405  47.775 0.2000000030
38629  25.764  -47.667  48.414 0.2000000030
37768  26.147  -48.370  48.905 0.2000000030
37769  25.312  -48.468  48.280 0.2000000030
37776  24.707  -48.170  47.654 0.2000000030
36812  28.244  -49.546  51.558 0.3000000119
37746  27.624  -48.887  50.392 0.3000000119
36834  27.821  -49.545  50.877 0.3000000119
36852  27.018  -49.239  49.841 0.3000000119
38610  27.420  -47.936  49.744 0.3000000119
38628  26.375  -47.388  48.756 0.2000000030
39484  26.696  -46.616  48.494 0.3000000119
103217  25.923  -46.888  48.206 0.2000000030
38636  25.566  -46.474  47.482 0.3000000119
37726  28.680  -48.550  51.610 0.4000000060
37745  28.285  -48.545  50.980 0.4000000060
38627  27.092  -47.140  49.083 0.3000000119
45401  39.077  -39.128  65.225 0.3000000119
123925  38.851  -39.486  65.514 0.3000000119
46339  39.299  -38.459  65.265 0.5000000000
46346  39.405  -39.137  64.630 0.6000000238
45392  38.929  -38.905  66.007 0.3000000119
46329  39.111  -38.047  66.129 0.3000000119
47319  39.338  -37.709  65.566 0.3000000119
48281  39.061  -37.160  66.125 0.3000000119
46338  39.651  -37.717  64.832 0.3000000119
102473  33.726  -39.772  48.739 0.1000000015
45594  33.009  -39.689  48.458 0.1000000015
45607  32.353  -40.310  48.161 0.2000000030
50312  44.574  -34.289  60.548 0.5000000000
51323  44.568  -33.752  60.021 0.6000000238
51351  44.689  -32.855  59.747 0.6999999881
53066  45.124  -31.149  58.986 0.8000000119
53222  41.649  -31.706  45.425 0.2000000030
63270  51.303  -19.476  52.048 0.2000000030
62417  52.639  -20.217  50.715 0.2000000030
62435  50.592  -20.741  49.928 0.2000000030
62419  49.609  -20.472  50.515 0.2000000030
102430  50.086  -19.757  51.590 0.2000000030
63298  51.568  -20.345  50.464 0.2000000030
62418  50.864  -20.091  50.947 0.2000000030
62434  51.657  -20.893  49.544 0.2000000030
62433  53.175  -20.665  49.929 0.2000000030
62446  55.013  -21.110  48.964 0.3000000119
59659  54.870  -24.132  46.726 0.4000000060
59677  54.901  -23.938  45.854 0.4000000060
60490  49.219  -23.416  55.511 0.1000000015
58731  50.654  -24.798  54.837 0.5000000000
62382  48.645  -20.692  53.446 0.2000000030
63254  47.979  -20.501  52.402 0.2000000030
63253  48.892  -20.118  52.867 0.2000000030
63271  49.414  -19.774  52.292 0.2000000030
63272  48.501  -20.158  51.870 0.1000000015
118471  52.209  -21.422  48.698 0.2000000030
62448  53.345  -21.001  49.080 0.2000000030
61517  55.460  -22.116  49.249 0.2000000030
60564  55.751  -23.551  48.586 0.2000000030
60624  54.951  -23.773  44.978 0.4000000060
60625  54.074  -23.762  44.316 0.5000000000
60502  48.484  -23.037  55.172 0.1000000015
61467  47.776  -21.896  53.613 0.1000000015
62383  47.748  -21.022  53.016 0.2000000030
63288  49.139  -20.014  51.396 0.2000000030
62449  50.437  -21.358  49.030 0.2000000030
61519  51.077  -21.630  48.565 0.2000000030
61518  51.372  -21.888  48.072 0.1000000015
62466  53.056  -21.520  48.097 0.2000000030
62447  54.129  -20.886  48.922 0.2000000030
61516  55.957  -22.724  48.644 0.2000000030
60578  55.981  -23.710  47.860 0.2000000030
59658  55.668  -23.824  46.548 0.4000000060
60636  53.990  -23.631  43.447 0.3000000119
60647  53.749  -23.528  42.533 0.4000000060
60503  47.421  -23.157  54.391 0.1000000015
61450  48.287  -22.574  54.560 0.1000000015
61468  47.083  -22.605  53.582 0.1000000015
62480  54.128  -21.488  46.942 0.2000000030
62464  54.894  -21.045  47.591 0.2000000030
61534  53.237  -21.811  47.112 0.2000000030
62465  54.229  -21.172  47.966 0.2000000030
61535  51.919  -21.943  47.752 0.2000000030
120356  55.160  -21.103  48.230 0.2000000030
62463  55.766  -21.243  47.840 0.1000000015
61533  56.146  -22.084  48.190 0.2000000030
60577  56.380  -23.326  47.533 0.3000000119
60592  56.169  -23.646  47.116 0.3000000119
60611  55.776  -23.670  45.697 0.4000000060
62399  47.075  -20.833  52.030 0.1000000015
112423  48.517  -20.541  50.867 0.1000000015
114039  49.619  -21.227  49.460 0.1000000015
62479  55.057  -20.979  46.893 0.2000000030
62462  56.469  -21.992  47.620 0.2000000030
60635  55.009  -23.462  43.959 0.3000000119
116757  52.394  -21.979  47.239 0.1000000015
62489  54.925  -21.002  45.875 0.2000000030
120249  49.668  -21.740  48.728 0.2000000030
124005  50.730  -21.993  47.943 0.1000000015
61554  51.576  -22.168  46.890 0.1000000015
61536  51.031  -22.137  47.424 0.1000000015
102453  54.130  -21.472  46.037 0.2000000030
61565  53.299  -21.877  46.187 0.2000000030
103238  54.187  -21.373  45.138 0.2000000030
61553  52.277  -22.091  46.331 0.2000000030
62490  53.402  -21.754  45.326 0.2000000030
63337  55.070  -20.458  44.331 0.2000000030
62505  54.193  -21.008  44.189 0.2000000030
64192  55.786  -18.965  43.066 0.1000000015
63349  54.654  -20.459  43.506 0.1000000015
63348  55.340  -20.006  43.818 0.1000000015
65021  56.136  -18.322  42.551 0.1000000015
65029  57.002  -17.181  42.305 0.1000000015
63364  55.195  -19.813  43.002 0.1000000015
65030  55.941  -18.265  41.439 0.1000000015
65038  56.494  -17.325  41.203 0.1000000015
122442  24.959  -50.077  68.595 0.6999999881
120250  25.498  -51.779  50.164 0.2000000030
35795  26.728  -51.306  50.254 0.3000000119
59571  50.340  -23.927  55.027 0.4000000060
64096  50.476  -19.480  52.652 0.2000000030
45605  33.429  -40.047  48.378 0.1000000015
63286  53.100  -19.915  51.768 0.2000000030
37449  23.269  -48.504  69.856 0.4000000060
36570  25.699  -49.481  68.606 0.6000000238
36582  27.628  -49.449  67.700 0.6999999881
123365  26.738  -48.542  49.428 0.3000000119
52388  42.101  -32.194  44.909 0.2000000030
63287  52.104  -19.774  51.451 0.2000000030
118905  54.586  -21.054  49.565 0.2000000030
62445  55.618  -21.661  48.561 0.2000000030
119360  56.168  -23.315  48.148 0.2000000030
59644  55.571  -23.976  47.391 0.3000000119
123758  46.812  -22.083  52.821 0.1000000015
61532  56.406  -22.779  47.944 0.2000000030
23991  7.434  -62.395  64.855 0.3000000119
24005  7.510  -62.873  63.978 0.3000000119
24004  7.766  -61.951  63.925 0.4000000060
24982  8.207  -61.526  63.121 0.4000000060
108711  8.841  -58.831  67.062 0.2000000030
113361  8.015  -61.174  63.903 0.3000000119
26802  8.767  -58.940  66.080 0.2000000030
23014  7.326  -63.745  63.897 0.3000000119
27688  10.522  -58.637  69.180 0.2000000030
25885  8.220  -60.092  65.332 0.2000000030
116365  7.977  -60.327  65.899 0.2000000030
24955  7.655  -60.839  66.182 0.2000000030
26812  8.309  -59.742  66.022 0.2000000030
26803  8.443  -59.454  66.844 0.2000000030
36590  29.120  -49.722  66.912 0.6000000238
36601  29.580  -50.179  66.420 0.6000000238
110229  9.297  -59.317  68.381 0.2000000030
26799  8.842  -59.349  67.706 0.2000000030
25878  8.298  -59.940  67.399 0.2000000030
25880  8.042  -60.137  66.558 0.2000000030
37476  26.458  -48.202  68.615 0.6000000238
37486  27.852  -48.397  67.821 0.6999999881
37487  27.041  -48.742  68.207 0.6999999881
37496  29.276  -48.795  67.031 0.6000000238
37497  28.527  -49.106  67.396 0.6000000238
26794  9.495  -59.593  68.923 0.2000000030
26795  8.942  -60.053  68.854 0.1000000015
115734  7.571  -60.873  67.249 0.1000000015
25869  8.795  -59.872  68.251 0.2000000030
24952  7.705  -60.651  66.905 0.2000000030
30660  7.790  -55.809  66.296 0.1000000015
37451  21.198  -48.414  70.470 0.3000000119
38338  24.950  -47.443  69.735 0.5000000000
39183  26.930  -46.573  68.838 0.5000000000
38346  26.538  -47.394  68.778 0.5000000000
39185  25.612  -47.201  69.486 0.5000000000
38353  28.108  -47.358  67.897 0.5000000000
38354  27.222  -47.621  68.375 0.6000000238
38362  29.417  -47.816  67.069 0.6000000238
39209  28.889  -47.105  67.442 0.6000000238
38369  30.662  -48.045  66.385 0.6000000238
37495  29.963  -48.443  66.692 0.6000000238
36560  14.220  -48.740  71.426 0.2000000030
104765  26.353  -46.069  69.477 0.4000000060
40031  24.840  -45.359  70.306 0.2000000030
39196  28.387  -46.255  68.002 0.6000000238
39197  27.653  -45.861  68.697 0.5000000000
39207  30.115  -46.389  66.938 0.6999999881
40919  26.348  -43.730  66.483 0.2000000030
41762  26.731  -43.105  65.917 0.2000000030
41769  26.222  -42.993  65.057 0.1000000015
40927  34.142  -44.606  65.465 0.5000000000
40038  26.229  -45.090  69.848 0.3000000119
40044  29.036  -45.445  68.015 0.5000000000
41760  35.486  -43.824  65.425 0.6000000238
41761  34.754  -43.953  65.492 0.5000000000
40925  36.074  -44.563  65.117 0.5000000000
41759  36.303  -43.650  65.350 0.4000000060
42639  35.666  -42.968  65.764 0.4000000060
42624  36.623  -41.882  66.065 0.4000000060
42638  36.429  -42.759  65.642 0.4000000060
43542  37.790  -41.111  65.740 0.4000000060
43543  37.153  -41.269  66.099 0.4000000060
48312  40.394  -36.577  64.207 0.4000000060
49306  40.946  -36.157  63.724 0.5000000000
48327  40.719  -37.082  63.635 0.4000000060
57917  48.515  -26.466  42.018 0.2000000030
56946  47.900  -27.055  42.218 0.3000000119
57916  49.158  -26.001  41.891 0.3000000119
59744  52.226  -24.163  41.781 0.3000000119
55044  44.574  -29.190  43.743 0.2000000030
49291  41.350  -35.249  63.660 0.5000000000
48339  41.955  -36.564  62.451 0.5000000000
49304  42.077  -35.244  63.132 0.5000000000
49319  42.973  -35.744  62.134 0.5000000000
50276  41.725  -34.206  63.669 0.4000000060
123287  42.607  -35.303  62.624 0.4000000060
50288  43.118  -34.943  62.360 0.4000000060
59631  52.960  -24.245  48.686 0.5000000000
59646  53.858  -24.395  47.838 0.5000000000
51282  43.480  -33.091  63.209 0.4000000060
51283  42.565  -33.400  63.551 0.4000000060
63267  53.495  -20.577  51.893 0.2000000030
59630  53.709  -24.327  48.722 0.5000000000
50298  44.668  -34.254  61.119 0.4000000060
51295  44.766  -33.205  62.006 0.4000000060
51339  45.169  -32.812  60.319 0.5000000000
52213  45.434  -32.031  59.984 0.5000000000
57793  51.113  -25.838  54.472 0.5000000000
51338  45.716  -32.026  60.442 0.5000000000
56809  50.932  -27.829  55.103 0.3000000119
54912  50.453  -28.526  55.503 0.4000000060
52231  45.774  -31.251  59.441 0.5000000000
58717  50.223  -25.031  55.212 0.3000000119
55770  49.116  -28.963  57.869 0.4000000060
52212  46.103  -31.356  59.895 0.5000000000
55846  50.975  -28.047  55.145 0.4000000060
116485  50.191  -28.803  56.051 0.4000000060
54891  49.516  -29.234  56.951 0.5000000000
114994  46.643  -30.755  59.220 0.5000000000
55771  48.474  -28.832  58.502 0.4000000060
54883  48.610  -29.539  58.180 0.4000000060
55801  49.314  -28.472  56.772 0.4000000060
55783  49.235  -28.687  57.306 0.4000000060
56755  47.741  -28.214  58.494 0.3000000119
55760  47.078  -28.210  59.514 0.4000000060
56792  48.491  -28.372  57.441 0.4000000060
56773  47.666  -28.053  57.985 0.3000000119
56736  47.217  -28.019  58.972 0.4000000060
56756  46.939  -27.780  58.550 0.3000000119
56793  47.631  -28.155  57.426 0.4000000060
24973  7.736  -61.421  64.630 0.2000000030
27697  9.400  -58.578  67.841 0.2000000030
27696  10.219  -58.358  68.530 0.2000000030
116449  8.569  -59.475  65.453 0.2000000030
26825  8.636  -59.639  64.750 0.2000000030
36589  29.806  -49.393  66.612 0.6000000238
42637  37.418  -41.854  65.573 0.4000000060
47347  40.993  -37.557  63.031 0.5000000000
53233  43.900  -31.799  44.163 0.2000000030
108706  43.917  -29.620  44.184 0.2000000030
55982  44.737  -28.291  43.709 0.2000000030
107221  45.592  -28.883  43.485 0.2000000030
50274  43.220  -34.004  62.716 0.4000000060
52232  44.922  -31.924  59.520 0.6000000238
59731  52.428  -24.197  42.734 0.4000000060
62416  53.579  -20.433  51.138 0.2000000030
59629  54.617  -24.267  48.555 0.3000000119
36574  15.575  -49.284  69.374 0.2000000030
49320  42.345  -35.919  62.556 0.5000000000
53951  49.025  -29.551  57.303 0.4000000060
63269  52.374  -19.721  52.513 0.2000000030
27689  9.876  -58.990  68.753 0.2000000030
24944  8.132  -60.413  67.681 0.1000000015
41763  25.787  -44.277  66.024 0.2000000030
59746  51.000  -24.912  41.866 0.2000000030
123754  25.842  -46.496  69.636 0.4000000060
52199  46.176  -31.455  60.305 0.5000000000
38348  25.335  -48.045  69.218 0.5000000000
38347  25.980  -47.728  69.010 0.5000000000
51322  45.022  -33.382  60.630 0.5000000000
58716  50.811  -25.482  54.928 0.4000000060
24962  7.746  -60.901  65.380 0.2000000030
38363  28.683  -48.094  67.436 0.6000000238
39184  26.210  -46.911  69.181 0.4000000060
121299  27.660  -46.727  68.359 0.5000000000
39208  29.266  -46.255  67.424 0.5000000000
38361  30.090  -47.447  66.759 0.6000000238
39167  25.677  -45.707  69.983 0.3000000119
118402  26.138  -43.512  65.706 0.1000000015
43544  36.606  -40.977  66.761 0.4000000060
48326  41.363  -36.825  63.064 0.5000000000
120873  47.690  -27.740  42.398 0.2000000030
59745  51.576  -24.579  41.391 0.2000000030
122820  45.109  -29.702  43.573 0.2000000030
49305  41.683  -36.023  63.081 0.5000000000
50275  42.547  -34.534  63.007 0.4000000060
112580  45.881  -32.085  60.818 0.4000000060
54899  50.434  -28.345  55.617 0.3000000119
54900  49.785  -29.132  56.494 0.4000000060
56754  48.516  -28.434  57.946 0.4000000060
55800  49.830  -28.806  56.451 0.4000000060
40045  28.334  -45.243  68.585 0.3000000119
112550  28.902  -44.752  68.520 0.3000000119
40899  28.345  -44.239  69.083 0.2000000030
40908  29.539  -44.709  68.097 0.2000000030
40065  32.426  -45.344  65.890 0.5000000000
40053  31.045  -45.111  66.830 0.6000000238
40907  30.367  -44.617  67.522 0.5000000000
40055  29.779  -45.486  67.466 0.4000000060
39222  30.922  -46.053  66.588 0.6000000238
41752  26.826  -43.185  66.967 0.1000000015
41739  33.465  -42.357  67.214 0.3000000119
42601  33.067  -41.852  68.063 0.3000000119
41750  33.433  -43.180  66.440 0.3000000119
106204  32.149  -42.995  67.424 0.2000000030
103739  33.331  -44.026  65.925 0.4000000060
41740  32.710  -42.993  66.948 0.3000000119
119124  31.923  -42.645  68.081 0.2000000030
40888  28.807  -43.420  69.345 0.2000000030
40917  32.478  -44.460  66.171 0.5000000000
41741  31.539  -43.320  67.637 0.2000000030
117744  27.188  -42.692  67.391 0.1000000015
42628  27.366  -42.884  66.430 0.1000000015
38326  20.774  -48.066  70.635 0.1000000015
38327  19.995  -47.924  70.759 0.1000000015
43526  33.827  -41.578  67.843 0.3000000119
103274  34.373  -41.966  67.075 0.3000000119
123429  32.828  -41.611  68.535 0.2000000030
42626  34.219  -42.729  66.446 0.3000000119
42614  35.001  -41.706  66.973 0.3000000119
43525  34.668  -41.235  67.585 0.3000000119
43506  34.041  -40.890  68.329 0.3000000119
44494  34.660  -40.612  68.065 0.3000000119
43524  35.416  -41.323  67.158 0.3000000119
44726  34.718  -40.297  49.768 0.1000000015
49476  44.014  -35.650  48.322 0.1000000015
44480  34.222  -40.018  68.571 0.2000000030
44493  35.375  -40.667  67.691 0.3000000119
44714  34.769  -40.230  50.139 0.1000000015
44703  34.749  -40.086  50.226 0.1000000015
45593  34.216  -40.133  49.308 0.1000000015
49466  45.345  -35.927  49.295 0.1000000015
49489  44.342  -35.530  47.319 0.1000000015
49444  47.868  -35.887  50.617 0.1000000015
49454  46.516  -35.993  49.923 0.1000000015
49475  45.557  -35.730  48.624 0.1000000015
105331  44.747  -35.824  48.893 0.1000000015
103437  44.960  -35.627  48.021 0.1000000015
49505  43.721  -35.386  46.540 0.1000000015
49506  42.680  -35.272  46.800 0.1000000015
49490  43.431  -35.491  47.532 0.1000000015
50454  40.927  -34.592  46.301 0.1000000015
103132  45.821  -35.542  47.826 0.1000000015
49452  48.741  -35.620  50.575 0.1000000015
49453  47.376  -35.848  49.887 0.1000000015
104194  46.062  -35.868  49.229 0.1000000015
104098  49.055  -35.412  49.776 0.1000000015
103328  48.216  -35.668  49.847 0.1000000015
51461  49.868  -34.076  48.072 0.1000000015
51468  49.611  -33.660  47.367 0.1000000015
51460  50.558  -33.703  48.686 0.1000000015
51474  49.314  -33.301  46.664 0.1000000015
51475  48.608  -33.702  46.312 0.1000000015
51469  48.910  -34.070  47.003 0.1000000015
50442  49.176  -34.384  47.665 0.1000000015
50449  47.861  -34.079  45.999 0.1000000015
50443  48.449  -34.653  47.472 0.1000000015
120096  48.139  -34.412  46.760 0.1000000015
50465  47.045  -34.297  45.711 0.1000000015
50435  49.946  -34.500  48.852 0.1000000015
50436  49.292  -34.704  48.327 0.1000000015
50450  47.316  -34.655  46.512 0.1000000015
50466  46.169  -34.349  45.252 0.1000000015
50437  48.764  -34.840  47.984 0.1000000015
49486  47.583  -35.024  47.384 0.1000000015
50451  46.386  -34.867  46.224 0.1000000015
49473  48.685  -35.143  48.517 0.1000000015
49502  46.828  -35.108  46.958 0.1000000015
49518  45.669  -34.830  45.740 0.1000000015
50468  44.448  -34.609  45.088 0.1000000015
114163  43.710  -34.628  45.141 0.1000000015
49485  48.172  -35.144  48.046 0.1000000015
103597  46.086  -35.342  47.016 0.1000000015
49503  45.508  -35.222  46.358 0.1000000015
49519  44.945  -35.029  45.709 0.1000000015
49504  44.645  -35.370  46.430 0.1000000015
50469  43.062  -34.222  44.926 0.1000000015
104454  48.090  -35.388  48.652 0.1000000015
49474  47.371  -35.445  48.366 0.1000000015
49487  46.690  -35.377  47.671 0.1000000015
50452  43.130  -34.935  45.723 0.1000000015
50470  42.438  -34.407  45.375 0.1000000015
49488  45.234  -35.483  47.146 0.1000000015
50453  42.270  -34.839  45.997 0.1000000015
50471  41.510  -34.270  45.605 0.1000000015
119189  46.394  -35.618  48.486 0.1000000015
49465  46.907  -35.726  49.178 0.1000000015
49451  49.578  -35.256  50.494 0.1000000015
52397  47.394  -32.349  44.491 0.1000000015
53232  46.862  -31.841  44.005 0.1000000015
103298  48.281  -33.302  45.636 0.1000000015
52387  47.883  -32.847  45.019 0.1000000015
52412  46.073  -32.130  43.752 0.1000000015
52398  46.590  -32.699  44.157 0.1000000015
51496  47.123  -33.224  44.685 0.1000000015
51497  46.222  -33.582  44.494 0.1000000015
111109  45.357  -32.258  43.775 0.1000000015
52399  45.747  -32.865  43.956 0.1000000015
51485  47.538  -33.658  45.317 0.1000000015
51486  46.867  -33.905  45.031 0.1000000015
51498  45.286  -33.481  44.274 0.1000000015
50482  45.565  -34.056  44.687 0.1000000015
51499  44.454  -33.366  44.250 0.1000000015
50430  50.639  -34.167  49.493 0.1000000015
50467  45.274  -34.515  45.158 0.1000000015
50483  44.812  -34.057  44.585 0.1000000015
50484  43.885  -34.004  44.549 0.1000000015
50431  49.909  -34.888  49.750 0.1000000015
49462  49.247  -35.079  49.035 0.1000000015
51488  42.235  -33.606  44.873 0.1000000015
51489  41.379  -33.262  45.128 0.1000000015
49463  48.499  -35.408  49.163 0.1000000015
49441  50.305  -34.926  51.156 0.1000000015
121660  50.115  -34.908  50.426 0.1000000015
54160  46.133  -30.715  43.602 0.1000000015
52386  48.564  -32.408  45.450 0.1000000015
54161  45.222  -30.481  43.599 0.1000000015
54162  44.484  -30.071  43.772 0.1000000015
54140  43.985  -30.439  44.028 0.1000000015
51467  50.390  -33.144  47.849 0.1000000015
52400  44.917  -32.776  43.955 0.1000000015
52413  44.662  -31.987  43.843 0.1000000015
51453  51.333  -33.291  49.449 0.1000000015
112574  44.157  -32.604  44.110 0.1000000015
113606  43.781  -33.197  44.310 0.1000000015
51487  43.130  -33.405  44.537 0.1000000015
50429  51.245  -33.836  50.067 0.1000000015
106092  50.720  -34.445  50.399 0.1000000015
55043  45.871  -29.879  43.496 0.1000000015
109756  46.750  -30.061  43.605 0.1000000015
52377  49.006  -32.906  45.987 0.1000000015
52396  48.132  -31.938  44.901 0.1000000015
53231  47.648  -31.435  44.400 0.1000000015
53246  47.071  -30.887  43.871 0.1000000015
55042  46.435  -29.379  43.456 0.1000000015
51459  51.114  -32.849  48.595 0.1000000015
52369  49.928  -32.824  47.107 0.1000000015
52385  49.218  -31.951  45.894 0.1000000015
110781  47.612  -30.064  43.811 0.1000000015
55041  47.200  -29.425  43.453 0.1000000015
52376  49.597  -32.427  46.470 0.1000000015
53220  48.806  -31.510  45.329 0.1000000015
54139  47.992  -30.614  44.308 0.1000000015
122670  51.721  -32.597  49.148 0.1000000015
52375  50.210  -32.016  46.889 0.1000000015
53229  49.010  -30.854  45.121 0.1000000015
54159  48.459  -30.070  43.962 0.1000000015
114933  48.018  -29.512  43.460 0.1000000015
53218  50.305  -31.041  46.029 0.1000000015
53209  49.906  -31.591  46.279 0.1000000015
53219  49.589  -31.085  45.608 0.1000000015
54138  48.805  -30.523  44.566 0.1000000015
52402  42.563  -32.764  44.598 0.1000000015
55979  46.700  -28.643  43.279 0.1000000015
55987  46.707  -27.873  43.046 0.1000000015
52368  50.477  -32.381  47.423 0.1000000015
55986  47.275  -28.145  42.793 0.1000000015
52367  51.037  -32.262  47.938 0.1000000015
53208  50.617  -31.349  46.612 0.1000000015
55054  48.340  -29.122  42.802 0.1000000015
54128  49.553  -30.603  44.907 0.1000000015
54158  49.399  -30.218  44.034 0.1000000015
55985  47.960  -28.410  42.479 0.1000000015
55040  48.823  -29.689  43.352 0.1000000015
55053  49.107  -29.339  42.577 0.1000000015
53194  50.883  -31.710  47.308 0.1000000015
55984  48.673  -28.659  42.112 0.1000000015
55991  48.281  -27.861  41.961 0.1000000015
56950  48.627  -27.223  41.613 0.1000000015
55990  49.079  -28.094  41.385 0.1000000015
57923  48.992  -26.656  41.522 0.1000000015
56949  49.352  -27.214  41.057 0.1000000015
57922  49.512  -26.377  41.279 0.1000000015
57929  50.400  -26.685  40.424 0.1000000015
57921  50.092  -26.103  40.943 0.1000000015
58870  50.730  -25.910  40.471 0.1000000015
58869  51.327  -25.465  40.171 0.1000000015
58874  51.724  -25.834  39.591 0.1000000015
59765  52.818  -24.910  38.893 0.1000000015
58879  52.775  -25.652  38.880 0.1000000015
59759  52.425  -24.597  39.536 0.1000000015
58873  52.296  -25.376  39.279 0.1000000015
58861  51.063  -25.133  40.941 0.1000000015
59755  52.129  -24.257  40.835 0.2000000030
59756  51.617  -24.785  40.519 0.1000000015
110581  52.106  -24.495  40.140 0.1000000015
59760  51.843  -25.046  39.817 0.1000000015
59758  53.058  -24.112  39.140 0.1000000015
60661  52.771  -23.766  41.168 0.2000000030
60673  52.696  -23.914  40.095 0.2000000030
60672  53.409  -23.368  40.594 0.2000000030
60648  52.938  -23.769  42.162 0.3000000119
59660  53.968  -24.329  46.905 0.4000000060
102995  53.146  -24.300  46.177 0.4000000060
105036  54.032  -24.168  46.024 0.4000000060
60659  54.384  -23.182  42.016 0.2000000030
60660  53.544  -23.426  41.593 0.2000000030
59645  54.785  -24.294  47.631 0.4000000060
59697  53.934  -23.974  45.139 0.4000000060
60646  54.617  -23.345  42.918 0.3000000119
40066  31.699  -45.598  66.280 0.5000000000
40064  33.160  -44.927  65.630 0.5000000000
121264  43.401  -31.947  44.445 0.1000000015
107104  43.853  -31.038  44.187 0.1000000015
39158  20.638  -47.435  70.664 0.1000000015
41732  29.588  -43.358  69.028 0.2000000030
41742  30.765  -43.639  67.946 0.2000000030
41730  31.222  -42.902  68.460 0.2000000030
123008  41.865  -32.849  44.814 0.1000000015
40054  30.447  -45.538  67.046 0.5000000000
41749  34.871  -43.181  65.819 0.4000000060
104671  35.888  -42.243  66.260 0.3000000119
119879  35.480  -41.818  66.709 0.3000000119
42625  35.070  -42.346  66.416 0.3000000119
40897  29.954  -43.897  68.315 0.2000000030
121159  32.063  -45.033  66.207 0.5000000000
40906  31.214  -44.144  67.182 0.3000000119
40918  31.723  -44.675  66.544 0.5000000000
42615  32.615  -42.457  67.696 0.3000000119
41751  32.776  -43.633  66.421 0.4000000060
40905  32.032  -43.684  66.826 0.5000000000
48474  47.514  -36.121  51.455 0.1000000015
49443  48.379  -35.820  51.394 0.1000000015
49464  47.736  -35.589  49.182 0.1000000015
49520  44.097  -35.112  45.711 0.1000000015
53247  46.333  -31.427  43.728 0.1000000015
53248  45.448  -31.447  43.664 0.1000000015
53249  44.457  -31.035  43.820 0.1000000015
52401  43.393  -32.533  44.395 0.1000000015
53230  48.399  -31.096  44.807 0.1000000015
55055  47.585  -28.869  43.068 0.1000000015
55065  49.477  -28.980  41.847 0.1000000015
57930  49.840  -26.736  40.791 0.1000000015
56954  50.096  -27.374  40.565 0.1000000015
60681  53.576  -23.374  39.537 0.1000000015
20943  6.476  -65.329  66.145 0.1000000015
20944  5.898  -65.624  66.467 0.1000000015
22001  6.815  -64.883  65.830 0.1000000015
20949  6.883  -65.096  65.204 0.1000000015
23006  7.215  -63.536  64.922 0.2000000030
22000  7.043  -64.362  65.484 0.2000000030
21996  6.684  -64.590  66.303 0.1000000015
104085  7.276  -62.993  65.645 0.1000000015
21995  7.003  -64.185  66.077 0.2000000030
115387  7.875  -62.397  63.187 0.3000000119
22990  7.058  -63.021  66.893 0.1000000015
22996  7.159  -63.309  66.303 0.1000000015
22997  6.858  -63.858  66.561 0.1000000015
23976  7.184  -62.130  67.038 0.1000000015
23980  7.260  -62.371  66.649 0.1000000015
24956  7.437  -61.583  66.465 0.1000000015
23983  7.344  -62.409  66.145 0.1000000015
107484  7.406  -62.255  65.590 0.1000000015
24974  7.542  -61.721  65.280 0.1000000015
24953  7.390  -61.474  66.852 0.1000000015
40314  33.190  -45.247  45.753 0.2000000030
41108  32.406  -44.807  45.202 0.2000000030
56737  46.592  -27.866  59.270 0.3000000119
57786  50.340  -26.206  54.985 0.3000000119
59628  55.412  -24.040  48.234 0.2000000030
60623  56.651  -23.355  45.498 0.2000000030
103513  56.724  -22.769  47.239 0.1000000015
40313  34.116  -44.988  46.031 0.2000000030
60610  56.360  -23.530  46.347 0.2000000030
112434  55.876  -23.471  44.807 0.3000000119
60591  56.634  -23.296  46.828 0.2000000030
22007  7.078  -64.426  64.629 0.2000000030
24963  7.488  -61.634  65.867 0.1000000015
108081  48.456  -28.333  56.926 0.3000000119
21989  6.468  -64.294  66.767 0.1000000015
23001  7.170  -63.762  65.768 0.2000000030
61552  57.081  -22.852  46.502 0.2000000030
43545  35.988  -41.554  66.724 0.2000000030
43523  35.934  -41.019  67.222 0.2000000030
47348  40.373  -37.804  63.620 0.3000000119
44508  36.214  -40.416  67.517 0.2000000030
46330  38.693  -38.317  66.793 0.2000000030
47334  40.163  -37.374  64.215 0.3000000119
48297  39.412  -36.984  65.425 0.2000000030
48296  39.853  -36.821  64.751 0.3000000119
113591  39.450  -36.207  65.216 0.2000000030
49280  39.942  -35.838  64.657 0.2000000030
50253  39.695  -34.670  64.866 0.2000000030
49281  39.219  -35.232  65.418 0.2000000030
122026  40.490  -35.977  64.217 0.3000000119
50255  37.973  -33.788  65.871 0.1000000015
50254  38.823  -34.108  65.466 0.2000000030
49292  40.564  -35.235  64.266 0.3000000119
51257  39.375  -33.547  64.941 0.2000000030
51274  37.943  -32.859  64.410 0.1000000015
121942  40.993  -34.480  64.076 0.3000000119
50267  40.293  -34.071  64.543 0.2000000030
51269  41.688  -32.885  64.213 0.3000000119
51270  40.969  -33.551  64.326 0.2000000030
51271  40.116  -32.866  64.666 0.2000000030
52143  38.341  -32.572  64.232 0.1000000015
52172  38.081  -32.696  63.293 0.1000000015
52139  41.228  -31.944  64.437 0.3000000119
52142  38.883  -32.320  64.332 0.1000000015
123803  38.309  -32.529  63.549 0.1000000015
52154  42.332  -32.460  64.026 0.3000000119
52141  39.786  -31.960  64.407 0.1000000015
52155  39.367  -31.847  63.962 0.1000000015
52171  38.524  -32.437  63.118 0.1000000015
52187  38.781  -32.750  62.106 0.1000000015
51309  44.990  -33.404  61.485 0.3000000119
115624  40.903  -32.629  64.504 0.2000000030
52140  40.524  -32.046  64.488 0.1000000015
104384  42.914  -32.508  63.723 0.3000000119
52990  40.747  -31.354  64.219 0.2000000030
52991  40.082  -31.398  64.025 0.1000000015
108331  39.362  -32.158  62.767 0.1000000015
52169  44.995  -32.626  62.415 0.3000000119
51294  45.323  -32.961  61.804 0.3000000119
53016  45.848  -31.917  61.667 0.3000000119
52184  45.896  -32.140  61.177 0.3000000119
51307  45.570  -32.592  61.253 0.3000000119
50297  45.038  -33.597  61.097 0.3000000119
53002  42.200  -30.768  63.889 0.3000000119
108455  41.436  -30.996  63.106 0.1000000015
103616  40.353  -31.923  62.492 0.1000000015
52153  43.569  -32.033  63.530 0.3000000119
52988  42.532  -31.605  64.040 0.3000000119
53003  41.374  -30.815  64.067 0.1000000015
117611  40.701  -31.246  63.114 0.1000000015
53000  44.473  -32.025  63.094 0.3000000119
109043  45.068  -32.031  62.686 0.3000000119
52168  45.474  -32.428  62.097 0.3000000119
114508  46.201  -31.151  61.393 0.3000000119
56718  45.840  -27.808  59.725 0.2000000030
108839  43.535  -28.124  60.054 0.2000000030
55802  47.647  -28.325  56.530 0.2000000030
55824  50.006  -28.246  56.073 0.2000000030
55825  48.771  -28.256  56.031 0.2000000030
56810  50.502  -27.813  55.414 0.2000000030
56821  48.563  -27.625  54.801 0.2000000030
55849  48.107  -28.186  55.009 0.2000000030
56820  49.913  -27.279  55.057 0.2000000030
55869  47.462  -28.003  54.263 0.1000000015
56834  47.918  -27.199  54.165 0.1000000015
56835  46.804  -27.553  53.535 0.1000000015
122709  48.312  -26.008  54.539 0.1000000015
56833  49.097  -26.767  54.757 0.1000000015
123490  49.496  -25.720  55.075 0.1000000015
58718  49.193  -24.815  55.343 0.1000000015
58732  47.976  -24.791  54.976 0.1000000015
114120  54.063  -20.814  49.765 0.1000000015
116621  55.591  -20.383  45.002 0.1000000015
51281  44.290  -32.796  62.845 0.3000000119
62431  54.998  -21.672  49.723 0.2000000030
37479  15.906  -48.652  70.150 0.1000000015
51258  38.482  -33.260  65.204 0.1000000015
53032  46.544  -31.023  60.685 0.3000000119
56719  45.023  -27.848  60.082 0.2000000030
56720  44.222  -28.029  60.173 0.2000000030
59562  48.850  -24.065  55.520 0.1000000015
116644  55.686  -20.699  46.526 0.1000000015
62497  54.973  -20.892  45.025 0.1000000015
62488  55.805  -20.487  45.804 0.1000000015
51272  39.095  -32.693  64.743 0.2000000030
51273  38.355  -32.795  64.696 0.1000000015
52156  38.613  -32.328  63.804 0.1000000015
52989  41.624  -31.246  64.229 0.2000000030
53020  39.913  -31.504  63.455 0.1000000015
51293  45.552  -32.616  61.626 0.3000000119
53004  40.808  -30.990  63.779 0.1000000015
55761  43.059  -28.003  59.383 0.2000000030
55826  47.471  -28.346  55.485 0.2000000030
55848  49.423  -27.829  55.506 0.2000000030
55850  47.040  -28.294  54.597 0.1000000015
113596  11.255  -61.692  57.277 0.1000000015
28839  16.922  -57.928  57.432 0.2000000030
23057  8.682  -63.733  58.969 0.1000000015
24102  9.983  -62.347  57.888 0.1000000015
25071  10.514  -61.971  57.571 0.1000000015
110782  22.095  -54.828  60.782 0.2000000030
29762  21.349  -55.689  60.402 0.2000000030
115051  10.608  -61.166  57.517 0.1000000015
30710  20.998  -55.765  59.635 0.2000000030
29774  20.509  -56.494  59.084 0.2000000030
103193  11.230  -60.880  57.086 0.1000000015
28853  16.715  -57.498  56.566 0.2000000030
116596  8.118  -63.892  60.399 0.1000000015
23044  8.476  -63.460  59.960 0.1000000015
23056  9.106  -63.079  58.780 0.1000000015
30715  21.353  -54.288  59.182 0.2000000030
30716  20.833  -55.305  58.936 0.2000000030
29781  20.259  -56.138  58.295 0.2000000030
29775  20.029  -57.035  58.409 0.2000000030
115330  11.859  -60.540  56.809 0.1000000015
107528  20.343  -55.328  58.062 0.2000000030
123782  20.055  -55.914  57.784 0.2000000030
29782  19.791  -56.615  57.596 0.2000000030
28850  19.090  -57.275  57.121 0.2000000030
29790  18.702  -57.007  56.339 0.2000000030
28869  18.079  -57.278  56.242 0.2000000030
20958  6.837  -65.203  64.338 0.1000000015
122788  7.773  -63.440  62.485 0.1000000015
23024  7.482  -63.926  63.012 0.1000000015
24070  8.861  -62.905  59.502 0.1000000015
24050  9.115  -62.171  59.917 0.1000000015
117475  7.661  -63.190  63.150 0.1000000015
35832  23.860  -50.314  47.926 0.2000000030
121715  32.968  -43.290  46.877 0.1000000015
42891  33.801  -42.834  45.150 0.1000000015
41954  33.931  -43.613  45.523 0.1000000015
41107  33.530  -44.526  45.355 0.1000000015
43864  33.744  -41.060  44.097 0.1000000015
43856  33.755  -41.889  44.763 0.1000000015
41970  33.700  -43.418  44.884 0.1000000015
41971  32.988  -43.590  44.477 0.1000000015
44766  34.188  -40.499  43.381 0.1000000015
43865  33.533  -41.128  43.315 0.1000000015
42917  33.419  -41.964  43.974 0.1000000015
44773  35.346  -40.324  42.334 0.1000000015
123341  33.908  -40.758  42.734 0.1000000015
42881  33.038  -42.202  46.486 0.1000000015
105972  33.773  -41.338  45.422 0.1000000015
43840  33.531  -41.812  45.921 0.1000000015
45639  35.256  -39.705  43.769 0.1000000015
44759  34.278  -40.344  44.232 0.1000000015
45633  34.803  -39.797  44.440 0.1000000015
44754  34.434  -40.154  44.948 0.1000000015
44747  33.479  -40.958  46.256 0.1000000015
43841  32.881  -41.404  46.775 0.1000000015
44746  34.084  -40.400  45.747 0.1000000015
44478  35.700  -39.888  68.078 0.1000000015
44479  34.990  -40.171  68.169 0.1000000015
123611  35.518  -39.211  68.316 0.1000000015
25041  9.477  -61.651  59.434 0.1000000015
28851  18.337  -57.576  56.840 0.2000000030
28871  16.568  -57.055  55.849 0.2000000030
30724  19.893  -55.549  57.207 0.2000000030
112897  34.126  -44.280  45.796 0.1000000015
41928  32.441  -43.449  47.283 0.1000000015
41939  34.108  -43.894  46.127 0.1000000015
114892  31.691  -42.984  47.518 0.1000000015
42872  32.436  -42.694  47.072 0.1000000015
43834  32.202  -41.826  47.265 0.1000000015
44739  32.104  -41.017  47.722 0.1000000015
45616  33.564  -40.373  46.865 0.1000000015
41128  31.662  -44.330  44.684 0.1000000015
22014  7.127  -64.505  63.684 0.2000000030
25070  11.994  -61.309  57.037 0.1000000015
22049  8.175  -64.262  59.650 0.1000000015
23074  9.352  -63.626  58.190 0.1000000015
25057  9.699  -61.969  58.572 0.1000000015
28822  20.360  -57.121  59.566 0.1000000015
28838  17.804  -57.940  57.294 0.2000000030
24069  9.293  -62.417  59.077 0.1000000015
28837  19.413  -57.540  57.961 0.2000000030
41940  33.414  -43.121  46.445 0.1000000015
111603  33.784  -42.188  45.352 0.1000000015
42880  33.773  -42.837  45.766 0.1000000015
121409  33.614  -42.660  44.649 0.1000000015
41126  33.476  -43.998  44.911 0.1000000015
116006  33.893  -43.987  45.277 0.1000000015
42903  33.206  -42.860  44.287 0.1000000015
41127  32.732  -44.239  44.743 0.1000000015
41972  32.001  -43.741  44.263 0.1000000015
43878  33.401  -41.115  42.491 0.1000000015
43866  32.957  -41.618  43.065 0.1000000015
44774  34.540  -40.473  42.524 0.1000000015
44765  34.936  -40.023  43.085 0.1000000015
43848  34.002  -40.841  44.846 0.1000000015
45640  34.657  -39.988  43.759 0.1000000015
44738  32.916  -40.786  47.282 0.1000000015
30698  22.791  -54.509  61.011 0.1000000015
28828  19.607  -57.708  58.787 0.1000000015
30709  21.570  -54.716  59.883 0.1000000015
27813  14.842  -58.821  59.259 0.1000000015
31596  22.465  -54.226  60.217 0.1000000015
28823  19.821  -57.728  59.652 0.1000000015
27797  19.138  -58.215  59.299 0.1000000015
120144  15.550  -58.681  61.020 0.1000000015
27809  18.193  -58.361  58.401 0.1000000015
27821  18.514  -57.960  57.689 0.1000000015
102525  17.446  -58.282  63.618 0.1000000015
103556  16.509  -58.444  62.182 0.1000000015
105345  16.041  -58.499  61.489 0.1000000015
27787  18.442  -58.426  60.497 0.1000000015
27799  17.765  -58.546  59.884 0.1000000015
27798  18.617  -58.438  59.762 0.1000000015
27810  17.427  -58.457  58.883 0.1000000015
27822  17.632  -58.266  57.959 0.1000000015
27762  17.345  -58.390  62.393 0.1000000015
27775  18.135  -58.381  61.538 0.1000000015
27788  17.688  -58.490  60.751 0.1000000015
122176  16.507  -58.488  60.980 0.1000000015
103015  17.032  -58.462  61.385 0.1000000015
111986  23.092  -49.782  45.462 0.1000000015
30839  24.226  -55.422  47.359 0.1000000015
115706  23.678  -53.355  45.377 0.1000000015
116640  22.722  -51.319  45.410 0.1000000015
120885  24.051  -47.900  46.537 0.1000000015
37787  23.327  -49.148  45.816 0.1000000015
31737  23.396  -54.326  46.256 0.1000000015
32672  22.554  -52.692  45.829 0.1000000015
32650  22.430  -53.323  46.305 0.1000000015
37777  24.135  -48.527  47.094 0.1000000015
35849  22.827  -50.528  45.652 0.1000000015
34724  22.293  -52.136  46.452 0.1000000015
36881  23.574  -49.210  46.657 0.1000000015
35841  22.811  -50.500  46.643 0.1000000015
36871  24.009  -49.466  47.501 0.1000000015
35834  22.613  -51.055  47.089 0.1000000015
35833  23.096  -50.639  47.543 0.1000000015
34715  22.695  -51.309  47.884 0.1000000015
35822  23.550  -50.955  48.348 0.1000000015
34702  23.137  -51.277  48.619 0.1000000015
55807  42.728  -28.033  56.547 0.1000000015
105402  46.188  -27.618  58.971 0.1000000015
103827  46.371  -27.607  58.381 0.1000000015
55806  43.643  -27.907  56.374 0.1000000015
56774  46.888  -27.759  57.955 0.1000000015
56794  46.744  -27.972  57.256 0.1000000015
56759  43.952  -27.738  58.916 0.1000000015
55772  43.180  -27.865  58.293 0.1000000015
56738  45.425  -27.635  59.300 0.1000000015
56777  44.298  -27.634  57.953 0.1000000015
56797  44.332  -27.756  56.967 0.1000000015
121825  43.924  -27.946  55.714 0.1000000015
56776  45.154  -27.657  57.418 0.1000000015
56796  45.090  -27.806  56.677 0.1000000015
55803  46.608  -28.226  56.210 0.1000000015
60671  54.176  -22.997  41.073 0.1000000015
115627  53.995  -22.938  40.227 0.1000000015
61636  54.419  -22.818  39.565 0.1000000015
61645  54.903  -22.769  38.810 0.1000000015
104078  54.202  -23.179  38.887 0.1000000015
65076  60.847  -18.580  35.948 0.1000000015
65071  60.025  -18.304  36.766 0.1000000015
64240  59.901  -19.157  36.655 0.1000000015
61644  56.375  -22.412  38.360 0.1000000015
123197  61.087  -18.157  35.433 0.1000000015
64245  60.719  -19.450  35.818 0.1000000015
63422  60.396  -20.379  35.826 0.1000000015
61652  58.397  -22.109  37.000 0.1000000015
61653  57.669  -22.427  37.405 0.1000000015
61643  57.203  -22.089  38.081 0.1000000015
61655  56.139  -22.927  37.754 0.1000000015
64248  61.083  -19.790  34.955 0.1000000015
124113  55.211  -22.577  49.828 0.1000000015
60549  55.494  -23.132  49.325 0.1000000015
60634  56.070  -23.192  43.982 0.1000000015
60645  55.546  -23.144  43.183 0.1000000015
61599  55.145  -23.019  42.432 0.1000000015
61612  55.208  -22.715  41.540 0.1000000015
61622  55.779  -22.384  40.671 0.1000000015
121274  56.295  -22.225  40.067 0.1000000015
121113  55.671  -22.483  38.825 0.1000000015
61633  56.942  -21.876  38.921 0.1000000015
61634  56.323  -22.212  39.290 0.1000000015
60685  55.492  -22.841  38.170 0.1000000015
63418  59.664  -20.024  36.603 0.1000000015
64241  58.853  -19.611  37.285 0.1000000015
63420  57.816  -20.895  37.819 0.1000000015
62565  57.786  -21.688  37.649 0.1000000015
62556  57.386  -21.406  38.452 0.1000000015
63423  59.417  -20.896  36.575 0.1000000015
62564  58.520  -21.315  37.140 0.1000000015
60633  56.605  -23.197  44.636 0.1000000015
61575  57.254  -22.915  44.854 0.1000000015
61585  56.318  -22.904  43.322 0.1000000015
61584  56.930  -22.827  43.928 0.1000000015
61598  56.039  -22.714  42.477 0.1000000015
61597  56.900  -22.563  42.971 0.1000000015
105922  56.818  -22.401  42.201 0.1000000015
61610  57.142  -22.149  41.591 0.1000000015
61611  56.297  -22.388  41.557 0.1000000015
61609  57.337  -21.815  40.996 0.1000000015
61621  56.727  -22.139  40.813 0.1000000015
112687  57.662  -21.585  41.314 0.1000000015
113795  59.109  -18.832  37.275 0.1000000015
63384  57.818  -20.762  40.764 0.1000000015
62535  57.529  -21.375  40.553 0.1000000015
61620  57.010  -21.895  40.007 0.1000000015
122988  57.505  -20.548  38.815 0.1000000015
62544  57.333  -21.345  39.450 0.1000000015
63419  58.669  -20.486  37.247 0.1000000015
61564  57.277  -23.015  45.754 0.1000000015
117116  57.565  -22.582  45.295 0.1000000015
61574  57.829  -22.334  44.546 0.1000000015
102653  57.528  -22.568  44.126 0.1000000015
103717  57.557  -22.402  43.395 0.1000000015
61596  57.547  -22.179  42.393 0.1000000015
118116  57.590  -21.871  41.652 0.1000000015
62527  58.003  -21.646  42.011 0.1000000015
63374  57.936  -21.141  41.327 0.1000000015
65037  58.672  -17.980  41.395 0.1000000015
63373  58.213  -20.092  41.442 0.1000000015
65895  60.038  -17.450  36.931 0.1000000015
64242  57.890  -20.004  37.889 0.1000000015
64230  57.705  -19.611  38.688 0.1000000015
62496  57.861  -21.988  45.226 0.1000000015
61573  58.249  -21.841  43.898 0.1000000015
61583  57.921  -22.295  43.799 0.1000000015
62517  58.306  -21.238  42.655 0.1000000015
62526  58.325  -20.746  42.088 0.1000000015
65018  59.159  -17.715  43.504 0.1000000015
64198  58.653  -18.724  41.996 0.1000000015
65896  59.001  -16.864  37.920 0.1000000015
65060  58.244  -18.129  38.499 0.1000000015
64229  58.141  -18.964  38.001 0.1000000015
65049  57.915  -18.650  39.247 0.1000000015
65048  58.447  -17.600  40.409 0.1000000015
62518  58.126  -21.961  43.044 0.1000000015
109987  58.349  -17.457  39.321 0.1000000015
114257  56.060  -17.616  40.115 0.1000000015
66801  54.810  -16.714  38.548 0.1000000015
119163  16.872  -58.260  58.259 0.1000000015
27800  16.728  -58.468  59.752 0.1000000015
103014  16.971  -58.490  60.540 0.1000000015
65072  58.901  -18.006  37.668 0.1000000015
103497  58.519  -17.439  38.455 0.1000000015
65019  58.715  -17.129  43.675 0.1000000015
65867  58.848  -16.490  41.591 0.1000000015
106437  58.459  -21.075  44.063 0.1000000015
66793  58.617  -15.481  39.887 0.1000000015
63347  58.657  -19.888  43.907 0.1000000015
65876  58.676  -16.247  40.482 0.1000000015
65858  58.726  -16.319  42.385 0.1000000015
65028  59.168  -17.246  42.606 0.1000000015
66783  58.558  -15.564  40.986 0.1000000015
64214  58.082  -18.911  40.400 0.1000000015
66785  57.685  -15.654  40.977 0.1000000015
65883  55.493  -17.169  38.989 0.1000000015
66796  56.208  -16.550  39.288 0.1000000015
64215  57.694  -19.793  39.619 0.1000000015
110757  59.158  -18.349  42.893 0.1000000015
64206  57.902  -20.001  40.562 0.1000000015
27811  16.351  -58.343  58.948 0.1000000015
31595  22.959  -54.293  60.331 0.1000000015
30840  23.395  -55.276  47.406 0.1000000015
31713  22.946  -54.729  46.900 0.1000000015
31738  22.598  -54.016  46.511 0.1000000015
34716  22.312  -51.691  47.103 0.1000000015
56739  44.589  -27.755  59.502 0.1000000015
60609  56.868  -23.279  46.207 0.1000000015
55773  42.251  -28.166  58.717 0.1000000015
28827  20.101  -57.266  59.065 0.1000000015
28829  18.911  -58.129  58.511 0.1000000015
107415  18.367  -58.447  59.101 0.1000000015
36882  23.084  -49.818  46.213 0.1000000015
35861  23.201  -50.252  44.702 0.1000000015
30860  23.802  -54.932  46.772 0.1000000015
32688  23.220  -52.835  45.250 0.1000000015
117035  23.043  -53.564  45.788 0.1000000015
34741  22.508  -51.895  45.800 0.1000000015
35842  22.523  -51.287  46.288 0.1000000015
33689  22.854  -52.083  45.178 0.1000000015
122611  22.889  -50.855  45.055 0.1000000015
37786  23.685  -48.474  46.225 0.1000000015
36872  23.350  -49.940  47.116 0.1000000015
55784  43.392  -27.839  57.264 0.1000000015
56757  45.749  -27.508  58.573 0.1000000015
56775  46.027  -27.584  57.840 0.1000000015
105422  45.261  -27.500  58.120 0.1000000015
56795  45.841  -27.862  56.918 0.1000000015
56758  44.910  -27.580  58.738 0.1000000015
55805  44.510  -27.875  56.165 0.1000000015
61654  56.890  -22.710  37.657 0.1000000015
60700  57.444  -23.184  37.066 0.1000000015
63426  60.715  -20.687  35.011 0.1000000015
61623  54.781  -22.641  40.449 0.1000000015
61635  55.421  -22.441  39.647 0.1000000015
63395  57.624  -20.723  39.968 0.1000000015
105375  58.648  -19.523  42.468 0.1000000015
104132  58.430  -21.114  43.405 0.1000000015
63363  58.583  -20.263  42.972 0.1000000015
104639  59.093  -18.989  43.368 0.1000000015
65011  58.825  -18.001  44.117 0.1000000015
65010  59.054  -18.597  43.943 0.1000000015
65882  58.584  -16.558  39.077 0.1000000015
65878  55.943  -17.240  39.506 0.1000000015
65868  56.846  -16.607  40.877 0.1000000015
65852  58.438  -16.388  42.906 0.1000000015
65851  59.006  -16.766  43.146 0.1000000015
123089  58.711  -15.861  41.288 0.1000000015
66771  58.610  -15.756  41.621 0.1000000015
64167  58.218  -19.765  44.432 0.1000000015
64181  58.585  -18.920  44.280 0.1000000015
65859  58.569  -15.866  42.137 0.1000000015
66772  58.398  -15.591  41.621 0.1000000015
65860  57.697  -16.122  41.883 0.1000000015
65877  56.573  -16.547  40.097 0.1000000015
64205  58.308  -19.205  41.137 0.1000000015
20942  -0.056  -64.367  67.056 0.1000000015
21988  0.235  -63.514  68.016 0.1000000015
25983  11.196  -60.116  56.917 0.3000000119
26887  24.961  -59.673  57.222 0.2000000030
28852  17.566  -57.617  56.694 0.2000000030
28901  23.539  -58.229  53.737 0.3000000119
28914  26.471  -57.924  51.625 0.2000000030
29710  12.137  -56.531  70.232 0.4000000060
29783  11.131  -56.317  57.035 0.4000000060
29888  26.216  -56.305  48.840 0.1000000015
30645  8.756  -55.308  71.687 0.3000000119
30661  11.086  -55.185  66.355 0.3000000119
30714  23.332  -55.604  58.823 0.2000000030
31557  8.479  -54.189  65.974 0.1000000015
31641  18.418  -54.664  53.966 0.3000000119
31642  16.157  -54.399  53.943 0.3000000119
32468  9.126  -53.262  71.851 0.3000000119
32538  22.981  -53.486  59.058 0.2000000030
32556  21.945  -52.737  58.244 0.2000000030
33478  11.928  -52.554  63.574 0.5000000000
33518  36.684  -52.581  60.020 0.8000000119
33522  33.214  -53.232  59.430 0.8000000119
33524  15.645  -52.467  59.939 0.5000000000
33540  30.103  -52.762  58.118 0.6000000238
33555  29.087  -52.595  57.255 0.6000000238
33566  28.869  -52.570  56.838 0.6000000238
33573  28.885  -52.520  56.294 0.6000000238
33580  27.501  -52.569  53.705 0.4000000060
33589  27.062  -52.599  53.861 0.4000000060
34438  10.918  -51.349  72.958 0.4000000060
34484  25.684  -50.783  67.699 0.6999999881
34499  28.410  -50.994  66.155 0.6999999881
34500  27.665  -51.051  66.442 0.6999999881
34561  36.185  -52.615  60.625 0.8000000119
34596  36.687  -51.968  58.048 0.8000000119
34599  34.024  -52.370  57.636 0.8000000119
34651  27.404  -52.492  52.868 0.4000000060
35551  27.618  -50.221  67.457 0.6999999881
35569  27.403  -50.687  67.247 0.8000000119
35583  29.340  -50.700  66.106 0.6000000238
35602  27.726  -50.765  65.408 0.6999999881
35616  28.690  -50.323  64.676 0.6999999881
35630  29.232  -50.170  64.421 0.6999999881
35652  37.098  -50.248  62.138 0.6999999881
35653  36.663  -50.816  61.844 0.8000000119
36643  37.118  -49.719  63.096 0.6999999881
36645  33.648  -48.948  63.552 0.8000000119
36671  37.166  -49.988  61.622 0.8000000119
36673  34.863  -50.206  62.107 0.8000000119
36725  35.950  -50.039  56.853 0.8000000119
36776  36.170  -49.211  53.762 0.6999999881
37534  37.697  -48.570  63.176 0.6999999881
37539  29.599  -48.123  63.475 0.6999999881
37662  35.806  -48.837  55.001 0.8000000119
37692  29.876  -48.686  53.293 0.5000000000
37723  36.015  -48.099  51.180 0.5000000000
38384  37.347  -47.377  63.940 0.6999999881
38385  36.722  -47.776  64.190 0.6999999881
38386  35.914  -48.115  64.300 0.6999999881
38393  38.011  -47.272  63.313 0.6999999881
38399  25.550  -47.606  63.212 0.6999999881
38407  38.163  -47.435  62.983 0.6000000238
38420  37.329  -48.404  62.210 0.8000000119
38421  36.753  -47.888  61.807 0.8000000119
38437  35.605  -47.896  60.784 0.8000000119
38456  27.918  -47.512  59.118 0.6999999881
38566  36.256  -47.789  51.644 0.5000000000
38583  36.143  -47.373  50.928 0.5000000000
39253  36.673  -46.843  64.386 0.8000000119
39268  37.753  -47.078  63.686 0.6000000238
39281  37.972  -47.065  62.761 0.6999999881
39305  25.360  -46.450  60.332 0.6999999881
39315  34.310  -46.384  59.699 0.8000000119
39384  32.474  -46.798  53.859 0.6999999881
39441  36.043  -47.073  50.802 0.5000000000
39443  34.729  -46.146  50.374 0.5000000000
40113  38.428  -45.160  63.511 0.8000000119
40128  36.900  -45.144  61.865 0.8000000119
40141  35.313  -45.159  61.036 0.8000000119
40191  22.666  -45.729  55.570 0.5000000000
40220  23.611  -45.789  52.417 0.4000000060
40230  31.424  -45.516  51.202 0.6999999881
40256  34.857  -45.469  48.303 0.4000000060
40259  27.914  -45.804  48.248 0.3000000119
40321  25.093  -45.505  45.301 0.1000000015
40884  24.198  -44.810  70.194 0.3000000119
40898  29.191  -44.075  68.743 0.2000000030
41802  34.785  -43.807  60.136 0.8000000119
42590  29.593  -41.688  70.161 0.3000000119
42778  33.565  -42.209  57.078 0.6999999881
42849  29.680  -42.939  50.773 0.5000000000
43478  30.335  -40.873  70.065 0.3000000119
43479  29.816  -41.212  70.205 0.3000000119
43494  27.638  -42.325  69.656 0.3000000119
43590  38.884  -41.966  63.282 0.8000000119
43625  36.828  -42.039  61.098 0.6999999881
43646  35.685  -41.900  60.171 0.6999999881
43756  32.584  -41.578  54.628 0.6999999881
43818  29.753  -41.989  49.217 0.2000000030
43877  34.034  -40.817  42.024 0.1000000015
44454  29.727  -40.871  70.092 0.2000000030
44586  35.298  -40.498  58.584 0.6999999881
44715  34.494  -40.216  49.941 0.1000000015
45380  30.989  -40.046  69.030 0.1000000015
45470  34.739  -40.095  57.110 0.6999999881
46522  36.320  -39.277  50.463 0.1000000015
47279  36.246  -38.077  68.316 0.2000000030
48338  42.649  -36.343  62.002 0.5000000000
49334  43.820  -35.597  61.105 0.6000000238
49379  40.721  -35.401  56.602 0.8999999762
51308  45.256  -33.009  61.585 0.3000000119
51321  45.481  -32.650  60.779 0.4000000060
51352  44.174  -33.621  59.491 0.6999999881
52138  41.887  -31.979  64.257 0.3000000119
52157  38.153  -32.610  63.851 0.1000000015
53017  45.354  -31.613  62.402 0.4000000060
53033  46.220  -31.686  61.073 0.3000000119
53046  46.199  -31.606  60.700 0.5000000000
53057  46.656  -30.848  59.610 0.6000000238
53927  41.478  -29.946  59.843 0.1000000015
53940  48.600  -29.713  57.736 0.4000000060
53952  48.638  -29.692  57.433 0.6000000238
54844  46.278  -29.598  61.304 0.3000000119
54847  43.856  -29.075  62.002 0.3000000119
54870  47.774  -30.058  59.313 0.5000000000
54882  49.112  -29.415  57.495 0.4000000060
55744  47.341  -28.775  59.998 0.5000000000
55758  48.271  -29.437  58.966 0.5000000000
55782  49.500  -29.043  57.209 0.4000000060
56740  43.849  -27.936  59.601 0.2000000030
62365  51.293  -20.655  53.876 0.2000000030
63251  51.305  -19.867  53.739 0.2000000030
102481  21.496  -49.366  64.090 0.6999999881
102560  24.821  -45.986  57.636 0.6999999881
102582  33.807  -47.982  50.898 0.5000000000
104119  39.118  -32.045  63.484 0.1000000015
104374  37.177  -42.361  61.632 0.8000000119
105526  23.136  -50.065  68.691 0.6999999881
105949  14.793  -46.931  68.327 0.1000000015
106133  24.451  -45.650  55.875 0.5000000000
106965  44.093  -33.016  59.226 0.6999999881
107506  34.500  -43.392  59.551 0.8000000119
108166  28.110  -50.461  64.956 0.6999999881
110652  38.203  -44.334  64.313 0.8000000119
112623  29.508  -40.703  69.365 0.1000000015
112836  19.755  -47.384  57.349 0.6000000238
113330  45.334  -33.067  61.105 0.3000000119
113579  9.935  -53.587  72.210 0.3000000119
114030  32.029  -52.888  58.012 0.6999999881
114631  29.571  -46.988  67.102 0.6000000238
115824  9.712  -52.221  71.738 0.3000000119
117034  36.352  -34.881  61.021 0.1000000015
117445  19.682  -46.959  56.198 0.6000000238
118148  38.450  -45.103  63.919 0.8000000119
118665  12.338  -52.357  71.619 0.5000000000
120506  15.957  -52.321  66.444 0.5000000000
120654  43.916  -31.312  63.436 0.4000000060
121004  30.295  -43.889  52.805 0.6999999881
121155  29.440  -47.463  60.577 0.6999999881
121240  25.251  -46.466  53.532 0.4000000060
121497  34.562  -51.834  57.220 0.8000000119
121673  11.905  -54.534  70.857 0.4000000060
121859  17.187  -52.465  63.613 0.5000000000
122436  23.703  -48.351  63.976 0.6999999881
122443  36.976  -37.121  68.102 0.2000000030
122648  22.702  -52.916  58.163 0.2000000030
122860  34.910  -52.632  60.833 0.8000000119
123261  50.795  -19.612  53.460 0.3000000119
123379  43.658  -40.180  54.503 0.1000000015
123609  19.602  -50.625  62.148 0.6000000238
123935  18.685  -51.060  67.792 0.5000000000
124055  24.349  -45.618  54.314 0.5000000000
