global_signal	global_signal_derivative1	global_signal_power2	global_signal_derivative1_power2	csf	csf_derivative1	csf_derivative1_power2	csf_power2	white_matter	white_matter_derivative1	white_matter_derivative1_power2	white_matter_power2	csf_wm	tcompcor	std_dvars	dvars	framewise_displacement	rmsd	t_comp_cor_00	t_comp_cor_01	t_comp_cor_02	t_comp_cor_03	c_comp_cor_00	c_comp_cor_01	c_comp_cor_02	c_comp_cor_03	c_comp_cor_04	w_comp_cor_00	w_comp_cor_01	w_comp_cor_02	w_comp_cor_03	w_comp_cor_04	w_comp_cor_05	w_comp_cor_06	w_comp_cor_07	w_comp_cor_08	w_comp_cor_09	w_comp_cor_10	w_comp_cor_11	w_comp_cor_12	w_comp_cor_13	w_comp_cor_14	w_comp_cor_15	w_comp_cor_16	w_comp_cor_17	w_comp_cor_18	w_comp_cor_19	w_comp_cor_20	w_comp_cor_21	w_comp_cor_22	w_comp_cor_23	w_comp_cor_24	w_comp_cor_25	w_comp_cor_26	w_comp_cor_27	w_comp_cor_28	a_comp_cor_00	a_comp_cor_01	a_comp_cor_02	a_comp_cor_03	a_comp_cor_04	a_comp_cor_05	a_comp_cor_06	a_comp_cor_07	a_comp_cor_08	a_comp_cor_09	a_comp_cor_10	a_comp_cor_11	a_comp_cor_12	a_comp_cor_13	a_comp_cor_14	a_comp_cor_15	a_comp_cor_16	a_comp_cor_17	a_comp_cor_18	a_comp_cor_19	a_comp_cor_20	a_comp_cor_21	a_comp_cor_22	a_comp_cor_23	a_comp_cor_24	edge_comp_00	edge_comp_01	edge_comp_02	edge_comp_03	edge_comp_04	edge_comp_05	edge_comp_06	edge_comp_07	edge_comp_08	edge_comp_09	edge_comp_10	edge_comp_11	edge_comp_12	edge_comp_13	edge_comp_14	edge_comp_15	edge_comp_16	edge_comp_17	edge_comp_18	edge_comp_19	edge_comp_20	edge_comp_21	edge_comp_22	edge_comp_23	cosine00	cosine01	cosine02	trans_x	trans_x_derivative1	trans_x_power2	trans_x_derivative1_power2	trans_y	trans_y_derivative1	trans_y_derivative1_power2	trans_y_power2	trans_z	trans_z_derivative1	trans_z_derivative1_power2	trans_z_power2	rot_x	rot_x_derivative1	rot_x_derivative1_power2	rot_x_power2	rot_y	rot_y_derivative1	rot_y_power2	rot_y_derivative1_power2	rot_z	rot_z_derivative1	rot_z_derivative1_power2	rot_z_power2	motion_outlier00	motion_outlier01	motion_outlier02	motion_outlier03	motion_outlier04	motion_outlier05	motion_outlier06	motion_outlier07	motion_outlier08	motion_outlier09	motion_outlier10	motion_outlier11	motion_outlier12	motion_outlier13	motion_outlier14
874.1163025102785	n/a	764079.3103142407	n/a	953.4376417867252	n/a	n/a	909043.3367758316	828.2991500374656	n/a	n/a	686079.4819527878	832.4213592242625	732.6981488203677	n/a	n/a	n/a	n/a	-0.0981837335	-0.0283330203	0.0149659271	-0.0761260195	0.0779726707	0.0962825625	-0.0420882544	0.2044221622	-0.0460161753	-0.0503129535	0.0707756857	-0.0247629154	0.0660533574	0.1016940027	-0.0100768317	0.0942101099	-0.057841685	0.021770766	-0.0056116847	0.0640177211	0.0343051046	-0.0556350653	0.111839555	-0.1272152767	0.0385976298	-0.0261869229	0.0248799163	-0.0665588465	0.0926072208	-0.0064678763	0.1380088497	-0.0808982014	-0.1576446307	0.0206901662	0.0194494706	-0.2144724671	0.1329738816	-0.0271518538	0.0201991738	-0.0906648781	0.0229578117	-0.0056939213	0.0676652275	-0.127120669	0.1327574108	-0.0129623326	0.0540712799	-0.0591460515	0.0303657338	-0.0552790748	0.0149691889	-0.0437637044	0.1162151612	-0.1245873576	0.1290947935	-0.087724665	0.0895640282	-0.1752648021	0.2196554371	-0.0529393968	0.1072476411	-0.0674946804	0.0994602382	-0.060891462	0.0323245094	-0.0838311479	0.0869599078	-0.0151311993	-0.0757760093	0.0426399783	-0.1074933332	0.0520552353	-0.0813024163	0.1782463624	-0.0712238324	0.0412560857	-0.0896207413	0.1605758582	-0.0698006724	0.0811442254	-0.0709539625	-0.0408237421	0.0708458323	-0.1288808561	0.1349969454	-0.0773134932	0.0539528628	0.1290883846	0.1290552057	0.1289999139	7.487924929705514e-05	n/a	5.606901975290532e-09	n/a	-0.024595150828361	n/a	n/a	0.0006049214442698	-0.0809599822814277	n/a	n/a	0.006554518731009	-0.0009689605186119	n/a	n/a	9.388844866286422e-07	-0.0012429243950433	n/a	1.5448610517937534e-06	n/a	0.0008753989951265	n/a	n/a	7.66323400668486e-07	0.0	0.0	0.0	0.0	0.0	0.0	0.0	0.0	0.0	0.0	0.0	0.0	0.0	0.0	0.0
874.4270084670944	0.3107059568159229	764622.593136712	0.0965381916008981	945.1188729961268	-8.31876879059837	69.20191419143346	893249.6840934689	829.3908669909591	1.0917169534935738	1.19184590654529	687889.2102480149	832.2683639200603	734.0892247651752	1.071463	16.910465	0.0456319204273181	0.025481370020244	-0.0947441287	-0.0454816768	-0.0428072198	0.0685433198	0.0546574738	0.0243914567	-0.0934982928	0.0118080741	-0.1566435886	-0.053443165	0.0429087032	-0.0974815419	0.0142490569	0.0074843177	-0.0004954617	-0.0084309741	-0.1263955375	-0.0533376738	-0.0406012182	-0.0057952599	0.0451710311	0.1388541777	0.030889825	-0.2948263489	-0.142364563	-0.1214381209	-0.0016329071	0.0056489907	-0.0484963182	-0.1830544158	0.1666218116	0.0181202551	-0.2199972975	0.0453486643	-0.0845847806	0.0478419749	0.0118567368	-0.0576155434	-0.0049149291	-0.0869496055	0.0129054199	-0.0667993829	-0.0260996063	-0.0278920137	-0.0441328872	0.1145215394	0.1687628299	-0.001732061	0.1477602256	0.1034877254	-0.1553736014	0.100680575	-0.018002155	-0.2118313285	0.1063793301	-0.1691092246	-0.1048510404	-0.0921766062	0.2010331487	0.1601006628	-0.0481662624	-0.0612539325	0.1090682547	-0.0672132122	-0.1053906794	-0.0117972843	0.0209075307	0.0301614258	-0.109686521	-0.00377367	-0.1057180201	0.1311327242	0.0599275921	0.2015738484	-0.0532356679	-0.0245213351	-0.1454979105	0.1918965151	-0.0304001388	-0.1081417141	-0.108153936	-0.0009416268	0.0450503673	-0.0695227416	0.1889316297	0.0718494863	0.0674182594	0.1289999139	0.1287014744	0.1282045865	-0.0001104080863285	-0.0001852873356255	1.2189945526721512e-08	3.4331396743217114e-08	-0.0119085075057654	0.0126866433225956	0.0001609509187947	0.0001418125510148	-0.0630479282717857	0.017912054009642	0.0003208416788443	0.0039750412593642	-0.001095850957526	-0.0001268904389141	1.6101183487812973e-08	1.2008893211106512e-06	-0.0012430724439771	-1.4804893380009933e-07	1.5452291009752006e-06	2.1918486799346196e-14	0.0010453192224677	0.0001699202273411	2.887288365968508e-08	1.0926922768604767e-06	0.0	0.0	0.0	0.0	0.0	0.0	0.0	0.0	0.0	0.0	0.0	0.0	0.0	0.0	0.0
873.3199014272951	-1.1071070397993026	762687.6502289805	1.2256859975731746	941.4322814084172	-3.686591587709586	13.590957534571086	886294.7404778573	828.6747738244399	-0.716093166519272	0.5127894231355978	686701.8807729866	832.4996216967002	737.1239476343344	1.030221	16.259554	0.1315693731736966	0.085699922795978	-0.0985655366	-0.0650697798	-0.0232169311	-0.0862996202	0.1346021722	0.0339057289	-0.0993767558	0.0486490108	-0.0232866269	0.0035187011	0.1451856736	-0.0674796356	-0.0641922646	-0.0993641071	0.0060744931	-0.072414722	0.149729772	-0.0063227235	-0.163048839	0.1477752116	0.069048047	0.0012205691	0.066843089	-0.1811445659	-0.2084300032	-0.1707068373	0.028138846	-0.1265604524	0.1137261435	-0.1537709903	-0.0752535139	-0.1010850469	0.0556365344	0.0745511407	0.0671252905	-0.0308774725	-0.0908098992	-0.0563396109	0.0382086874	-0.1355325205	0.067746498	-0.018161139	-0.0168206797	0.111342538	-0.0570341913	-0.1397369403	0.0889325499	-0.1078475693	0.0338761253	-0.0919080492	-0.0736227638	0.0915581863	0.0560683577	-0.1269574953	0.0274034354	-0.028295713	-0.2385928619	0.0048321544	0.0388127752	-0.1519488637	-0.0689847812	0.0355550434	0.1135298934	0.0629130236	0.0060759435	-0.0631250749	0.010316538	-0.0512665225	-0.1534072602	0.1112591806	-0.1750021716	0.0585555161	0.0173332736	0.2099956259	-0.0315671752	-0.0084327244	-0.0032103968	-0.1220428096	0.0533244775	-0.1110003332	-0.0061151756	0.0391455505	-0.0339197044	-0.0105800936	-0.06039036	0.0073820053	0.039521492	0.1288230331	0.1279949812	0.1266188352	6.37606238456101e-05	0.0001741687101741	4.065417153181383e-09	3.0334739603713164e-08	-0.0476697229481857	-0.0357612154424203	0.0012788645299192	0.0022724024859567	0.0118916524876766	0.0749395807594622	0.0056159407644039	0.0001414113988876	-0.0011960429449547	-0.0001001919874286	1.003843434491276e-08	1.4305187261759117e-06	-0.0012429383120655	1.3413191160007408e-07	1.5448956476002344e-06	1.7991369709490092e-14	0.0007317571765752	-0.0003135620458924	9.832115662429025e-08	5.354685654693083e-07	0.0	0.0	0.0	0.0	0.0	0.0	0.0	0.0	0.0	0.0	0.0	0.0	0.0	0.0	0.0
870.3927871368662	-2.927114290428904	757583.6038998821	8.567998069233104	942.2833876020452	0.8511061936279702	0.724381752831892	887897.9825507861	827.9941346366451	-0.6806391877947817	0.4632697039619401	685574.2869926867	830.8454470744406	742.2791011951588	1.412148	22.287354	0.2038914491768401	0.1317312343477449	-0.0834636983	0.1223729084	0.0695828346	-0.1061746598	0.0389876734	0.0899226529	-0.0287049219	0.0707469367	0.1103208554	0.114491222	0.112326891	0.0382247179	-0.0066479437	-0.2982334403	-0.0291814467	-0.0035056543	0.1191043003	0.1608487371	-0.0699316782	0.0079508122	-0.1234618742	0.0022641278	0.1390330791	-0.0128148487	0.1640405347	-0.023290686	-0.0884313176	0.0671342444	-0.0427767538	0.106163649	0.0127930433	-0.0203566062	-0.0595609625	0.0209562579	0.1395199226	-0.1384304347	-0.0718701703	-0.0543626743	0.1221107916	-0.0162924818	0.0249608631	0.0801578858	-0.0419894727	0.3263950809	0.0487514645	-0.1036522498	0.0538275463	0.0198178901	-0.1379458809	0.0216021967	0.2134688114	-0.0738794593	0.1311326464	0.0748691344	0.0174174635	-0.0740769252	0.0358823285	-0.045535413	-0.0509138548	-0.0257076686	0.0349744559	0.0839590945	0.1263361024	0.2675846214	-0.0959983748	-0.0065758687	0.1157001514	-0.1252800442	-0.1303192763	0.2372667089	-0.0667043713	0.1080617245	0.1150282814	0.1248728618	0.0241884501	-0.082276133	0.0420435877	-0.1480286577	0.0843712225	0.0125935052	0.3107798802	0.008782868	-0.0500195115	0.2272178301	-0.0843208447	-0.0043633346	0.0085725865	0.1285578634	0.1269376627	0.1242524367	0.001901137042779	0.0018373764189333	3.614322055426481e-06	3.375952104852488e-06	0.0172192329297899	0.0648889558779756	0.0042105765949338	0.0002965019826903	0.1231923280761577	0.1113006755884811	0.0123878403864523	0.0151763496968236	-0.0015640945435592	-0.0003680515986045	1.3546197923532804e-07	2.4463917411916624e-06	-0.0011050804570642	0.0001378578550013	1.2212028165852209e-06	1.9004788185559494e-08	0.0007431365487984	1.1379372223200015e-05	1.2949011219413608e-10	5.522519301599967e-07	0.0	0.0	0.0	0.0	0.0	0.0	0.0	0.0	0.0	0.0	0.0	0.0	0.0	0.0	0.0
868.854264848553	-1.5385222883131746	754907.7335455195	2.367050831636407	931.0828609680862	-11.200526633959043	125.4517968780259	866915.2939885164	827.8914819489485	-0.1026526876966045	0.0105375742913366	685404.3058836261	831.0107051807016	725.9116886205841	1.381377	21.801712	0.1683692232840064	0.1043589358192612	0.075264616	0.0952588461	0.1920806163	-0.0895849788	-0.1254209252	0.0440688981	0.0560298396	-0.0424964249	0.0266641725	0.10255125	-0.0202570125	0.0927620759	-0.0550657387	-0.2929396371	0.096345572	0.0322447787	0.1884163075	0.0656019618	0.1054814797	-0.0487020398	0.0799707249	0.0062637458	0.0106988387	-0.0262861001	-0.0941961045	0.1261233393	-0.0299824258	0.0190164127	-0.1551395338	-0.0794488695	0.0452146484	-0.0523356863	0.1212357931	0.0507401277	-0.0938004538	-0.1075006391	-0.1960744813	-0.0481222732	0.0771872701	0.1234777981	0.0656782968	0.0484663543	-0.1173286197	0.254279669	0.1285485111	-0.0865863188	-0.1457938716	0.0267061521	-0.1948104405	-0.0437772859	-0.1916228407	-0.0805157424	-0.0066694653	-0.006226785	0.0395000556	0.0760675968	-0.0429363626	0.0412485653	-0.0016220807	0.098810685	-0.0603586337	-0.0940655764	0.1189851321	0.2753407581	-0.0030347199	0.0297467875	-0.0621633387	-0.1574021468	-0.0475712847	0.2800242081	-0.0530108994	-0.1429159804	-0.0354194529	0.0557030449	0.0638752691	0.1272735693	-0.0302701321	-0.227628782	-0.0331398516	-0.0566951266	0.0328456049	-0.1079262589	0.0157997345	0.0954345359	-0.1623855669	-0.0692955929	-0.0056014752	0.1282045865	0.1255324169	0.1211199807	-0.0003282112850371	-0.0022293483278161	1.077226476257045e-07	4.969993966736442e-06	-0.0713099158342061	-0.088529148763996	0.0078374101808777	0.0050851040962815	0.1191348337145683	-0.0040574943615893	1.6463260494329708e-05	0.0141931086041978	-0.0007658342717623	0.0007982602717969	6.372194615292608e-07	5.865021318056924e-07	-0.0007021813117786	0.0004028991452855	4.930585946111155e-07	1.6232772127186697e-07	0.0004732313292688	-0.0002699052195296	7.284882752932157e-08	2.239478910015154e-07	0.0	0.0	0.0	0.0	0.0	0.0	0.0	0.0	0.0	0.0	0.0	0.0	0.0	0.0	0.0
870.6532311588148	1.7989663102617897	758037.0489272847	3.236279785456918	930.5712567447276	-0.5116042233585176	0.261738881358272	865962.8638794618	827.6955627825275	-0.1959191664209356	0.0383843197710742	685079.944649885	830.6852804521126	717.9200964996456	1.479249	23.346378	0.2476009825582558	0.1844716254694657	0.1472813479	0.0168335631	0.1362943617	0.0881220303	-0.1578960494	-0.0659435685	0.1319473378	-0.0115873624	0.0086711982	-0.0070712991	-0.0118085276	0.1735243458	-0.103933692	0.0258657322	-0.0403509027	0.0220358097	-0.1386600032	0.1680932511	0.0052364395	-0.005489032	-0.0271899779	-0.0202728844	-0.0977370749	-0.2197390919	0.186497056	0.1782324117	-0.0550512158	0.0652889148	0.1062021926	0.1139268561	0.0114556543	-0.2288355995	0.1628572203	0.0025720715	-0.1828091129	0.0318258896	-0.0547592544	0.018490229	-0.0492862813	0.1161764385	0.1303498147	0.1160669619	0.0557407258	-0.0130947883	0.0142397993	0.1397533555	0.0770930378	-0.0212718087	-0.0836167617	0.022600158	0.0613142778	0.036453148	-0.0701932919	0.0299315623	0.2131383189	0.1137759316	0.1481209795	-0.111286691	0.0776806696	-0.066410645	0.1860784109	-0.0747313316	0.0767604552	-0.0563846948	0.0541749679	-0.0870782771	-0.0712122954	-0.0577646767	-0.0381524352	0.0766542746	0.1671731966	0.1400582754	-0.0324445843	0.1488425181	-0.0120949956	0.036856921	-0.1324843157	0.1930107945	-0.148877778	0.1047110337	0.0848538228	0.0071914129	0.1269445695	-0.028255338	0.0369253321	-0.2741431032	-0.077533315	0.1277634447	0.1237830955	0.1172407796	-0.0001138274333811	0.000214383851656	1.2956684590128761e-08	4.5960435850861826e-08	-0.0466838970910572	0.0246260187431488	0.0006064407991379	0.0021793862476084	-0.0650621395404726	-0.1841969732550409	0.0339285249563182	0.0042330820015839	-0.0009882050655142	-0.0002223707937518	4.944876991385005e-08	9.765492515079245e-07	-0.0012507341597476	-0.000548552847969	1.564335938359535e-06	3.009102270149009e-07	0.0004728828368215	-3.484924473000101e-07	1.2144698582515033e-13	2.2361817736034938e-07	0.0	0.0	0.0	0.0	0.0	0.0	0.0	0.0	0.0	0.0	0.0	0.0	0.0	0.0	0.0
872.0637375231312	1.4105063643163476	760495.1623028127	1.989528203776921	932.85179026743	2.280533522702399	5.200833148169413	870212.4626051493	828.9784143603823	1.282851577854785	1.6457081708045125	687205.2114754537	831.0078698084153	721.6844547375833	1.318607	20.811029	0.0659574212271917	0.0304745953175393	0.0361926427	-0.1410144968	0.0466579694	0.1808038166	0.0384751452	-0.2313531917	0.0450747911	-0.0284979803	-0.121933345	-0.1501028985	-0.0322953425	-0.0199700429	0.098005407	0.0911983476	0.1215041566	0.0408682854	-0.0628234574	0.0675614176	0.0825087362	-0.1528389045	0.0296218802	-0.0404719291	0.1624747323	-0.0941256798	-0.1299878561	0.0519428786	0.1284181729	0.1524698646	-0.1335836382	0.0714735731	-0.1175119799	0.0439360053	-0.0589773591	-0.0683162563	0.0835466231	0.0894377437	0.1002496958	0.0326235532	-0.1574112556	-0.0572852898	-0.0590943293	-0.0092164811	-0.1582526631	-0.1315924485	0.056365787	0.0735761693	-0.0198458679	0.1332628289	-0.0763120501	0.1054892442	-0.060926454	-0.0189258427	0.0442402372	-0.0127662252	0.1475950759	-0.0746378259	-0.0283057822	-0.0626453657	-0.1242416419	0.0013183707	-0.2912784618	0.069078821	-0.0558290981	-0.0554387115	-0.0972515538	5.02237e-05	-0.1523674131	0.0715724466	-0.1030570646	0.0031035432	-0.0082869905	0.0337869281	-0.1249075752	0.0043892659	0.0050948662	0.0040607811	-0.080850393	0.0499227938	-0.0040522459	-0.0798055902	0.0641534263	0.049328012	-0.0298754336	0.0701552195	-0.0125648902	0.0365813726	0.0084591658	0.1272347401	0.1216944932	0.1126387502	-0.0087975797761288	-0.0086837523427477	7.739740991735046e-05	7.540755475017615e-05	-0.0447372288371354	0.0019466682539217	3.789517290826945e-06	0.0020014196440262	-0.0495907534199204	0.0154713861205522	0.0002393637884912	0.0024592428247553	-0.0006162882115947	0.0003719168539195	1.383221462293787e-07	3.798111597505937e-07	-0.0014880885512871	-0.0002373543915395	2.21440753647174e-06	5.6337107183086265e-08	0.0002850417920811	-0.0001878410447403	3.5284258089164945e-08	8.124882323280507e-08	0.0	0.0	0.0	0.0	0.0	0.0	0.0	0.0	0.0	0.0	0.0	0.0	0.0	0.0	0.0
872.7826594476819	0.7189219245507275	761749.5706325683	0.5168487335997218	938.9732472280438	6.121456960613728	37.472235320646256	881670.759009977	828.3571237624067	-0.6212905979756442	0.3860020071329336	686175.5244879271	830.9800921667345	731.1499859120181	1.270543	20.05246	0.1075571562718661	0.0563233071852396	-0.1168047021	-0.0408580336	-0.0250745112	-0.0753539797	0.1115159459	0.0738261424	0.0567859827	-0.0726055127	0.0360345496	0.0146135001	0.0387861697	-0.0236307143	0.0979262159	0.1936705003	-0.0202384496	0.0182375898	0.0767142817	0.0111916574	0.0152835147	0.0995100422	0.0615907106	0.0033293091	0.0003412734	0.0617806862	-0.1351962038	0.1420252872	0.0235090407	0.1605262902	0.0803009958	0.0339897804	-0.1013777001	-0.1059061849	-0.0063993284	0.0683674101	0.0939431359	0.12399423	0.1954388535	-0.0632124119	0.0384199734	-0.0917540737	-0.0709902762	0.0430912139	0.0995732854	-0.166612483	-0.0320316511	-0.0686962883	-0.0307960235	-0.0532353304	-0.0058149414	0.0025033372	-0.1549177041	0.0408997277	-0.0561264285	0.0123858285	0.07272029	0.0529247252	0.045903673	-0.0828383835	-0.1552589564	-0.0266459839	-0.0455561156	0.0244623828	-0.0255359339	-0.0713630123	0.0725669583	-0.0781830395	0.0681591884	0.0863706489	-0.0267045637	-0.0498954849	-0.0046671431	0.1271417247	-0.1212655165	-0.0758514384	-0.0066895712	0.0125224158	-0.0951318413	0.0652681024	0.0094127401	0.012130589	-0.0573259827	-0.0814857185	-0.0342529709	0.001555433	-0.1377650571	-0.1217022936	-0.0442876472	0.1266188352	0.1192723348	0.1073422654	-0.0208473273124383	-0.0120497475363095	0.0004346110560719	0.0001451964156887	-0.0470686445869859	-0.0023314157498504	5.435499398650958e-06	0.0022154573032559	-0.0880636064797215	-0.0384728530598011	0.001480160422561	0.0077551987862152	-0.0001979410785614	0.0004183471330333	1.750143237171816e-07	3.918067058205032e-08	-0.0009760113692915	0.0005120771819956	9.525981929862688e-07	2.6222304032055485e-07	0.0001214033085919	-0.0001636384834892	2.6777553278645192e-08	1.47387633370601e-08	0.0	0.0	0.0	0.0	0.0	0.0	0.0	0.0	0.0	0.0	0.0	0.0	0.0	0.0	0.0
872.469829346086	-0.3128301015958641	761203.6031191885	0.0978626724644786	934.977147906014	-3.9960993220297496	15.968809791526624	874182.2671064644	828.3782493735259	0.0211256111192597	0.0004462914451621	686210.5240351475	830.8884892646927	732.1526637049446	1.37577	21.713209	0.1672205748535027	0.0939420226176105	0.0667152873	0.0972665066	0.0308257151	0.0633368966	-0.1046802544	0.0590159445	0.0097189068	-0.0541325015	-0.0331394699	0.1109433638	-0.0475220938	0.0788452856	-0.0364151833	0.0424320816	0.142701264	0.0153862896	-0.0315097263	-0.0500343253	-0.0249779019	-0.0086793358	0.1065775782	-0.0312367726	0.010134978	-0.1014244631	-0.0994403762	-0.0153702016	0.1181596362	0.0639387442	-0.1161345833	-0.0043836427	-0.0130397433	-0.0077365343	0.1147555412	-0.0784679005	0.1316016687	0.0690221936	-0.0094088435	-0.100460742	0.0557578467	0.112916448	0.011749026	0.0455456072	-0.1045107874	-0.0574684816	-0.0447845476	0.0113389088	-0.010423482	0.0334596705	0.0062231118	0.0798804566	-0.0279925095	0.1307149921	-0.0268498496	0.1125842121	0.0382492536	0.1394825689	-0.1974780057	0.0409565418	-0.0092390862	0.0125805478	-0.2344448719	0.0822017945	-0.0617222895	0.0170099412	-0.130084065	0.0745515704	-0.0450414525	-0.0374966753	0.0671642224	-0.0022677054	0.105131343	0.0360015988	-0.0867201562	-0.0234361197	0.0619712998	-0.0489318701	0.0192051687	0.0619498691	0.180547352	-0.0058112571	0.0304396474	-0.0544816857	-0.2056669967	-0.060487634	0.028201625	-0.0185966825	0.0506257654	0.1259161521	0.1165232592	0.1013839798	-0.0233655430057098	-0.0025182156932715	0.0005459485999516	6.3414102778388615e-06	0.0185542311429429	0.0656228757299288	0.0043063618190656	0.0003442594933057	-0.0231109960662365	0.064952610413485	0.0042188415995259	0.0005341181391735	-0.0002709990258654	-7.305794730400002e-05	5.3374636642740435e-09	7.344047201999574e-08	-0.0004840007120607	0.0004920106572307	2.3425668927526465e-07	2.420744868286837e-07	3.93445279034979e-06	-0.0001174688558015	1.3798932083325397e-08	1.547991875949125e-11	0.0	0.0	0.0	0.0	0.0	0.0	0.0	0.0	0.0	0.0	0.0	0.0	0.0	0.0	0.0
874.4415735617098	1.971744215623744	764648.0655730792	3.887775251845693	929.341689463412	-5.635458442602044	31.75839185829465	863675.9757747088	830.4578812893081	2.0796319157822154	4.324868905140008	689660.2925955267	831.8616899055461	720.1153429934853	1.280272	20.206011	0.1794984596799322	0.1027086006601084	0.1432355034	-0.0558036388	0.0290050974	0.0704704963	-0.1068445346	-0.1590952879	0.0309722609	-0.120279142	0.1223362736	-0.136592814	-0.1570799626	-0.0080785099	-0.0619779766	-0.1237033214	-0.156552306	-0.0187295231	-0.0945169694	-0.0842827763	0.0797823908	-0.0919134996	-0.0251361928	-0.1484630153	-0.130372315	0.0651468901	-0.0272300563	0.0227108021	-0.0841487917	0.0708318105	0.1740155499	-0.0858007533	-0.0168467388	0.1435045289	0.0403220025	-0.1025756015	0.0783554358	-0.1866373205	-0.0302393733	-0.022107328	-0.1634507441	0.0888377688	-0.0550526722	-0.0572230752	0.1262115291	0.1249914711	0.0532774421	0.2113056383	-0.1347613703	0.1013508474	0.0751190908	-0.1473752839	0.1451812739	-0.0858694602	-0.0545904578	-0.0973117116	0.0629181396	0.0510256453	-0.0621606996	0.1645656009	-0.1266598798	0.0075271075	0.1287855368	-0.1223988905	-0.0861309968	-0.0042337572	0.0942823564	-0.0305434834	-0.1071324147	-0.064698621	0.0024372266	-0.1155570075	0.0578873998	0.010343029	-0.0967449888	-0.0654880708	0.0276582118	0.1010672763	-0.05734739	0.1482637613	0.0240449924	-0.0274903649	-0.0269054833	-0.0620669612	-0.0444873105	-0.0514710508	-0.0646865925	0.1146526692	-0.0158823421	0.1251271724	0.1134548014	0.0948006283	-0.0203241465098642	0.0030413964958455	0.0004130709313544	9.250092644941889e-06	-0.0770571925815062	-0.0956114237244491	0.0091415443466161	0.0059378109285433	-0.0582342451830015	-0.0351232491167649	0.0012336426285183	0.0033912273120339	-0.0007148851733787	-0.0004438861475133	1.9703491195419917e-07	5.11060811116694e-07	-0.0004846694814031	-6.68769342400009e-07	2.349045062035499e-07	4.472524333341405e-13	0.0004738273427921	0.0004698928900017	2.2079932807419693e-07	2.2451235077742226e-07	0.0	0.0	0.0	0.0	0.0	0.0	0.0	0.0	0.0	0.0	0.0	0.0	0.0	0.0	0.0
876.2535979020741	1.81202434036436	767820.3678363299	3.2834322100728937	945.8850305964438	16.543341133031845	273.68213584386336	894698.4911064354	829.8218393001916	-0.6360419891165066	0.4045494119192822	688604.2849795531	833.7039224704446	742.277579934044	1.466541	23.145815	0.1127932548296518	0.0698939395652597	-0.1004251785	-0.0400091826	-0.1107310957	0.0630682854	0.0529957114	0.0115881943	-0.1521235837	-0.0609465787	-0.0087489417	0.0106033754	-0.0138484304	-0.104278503	0.1119508628	-0.0264899224	-0.0126613386	-0.2023811235	-0.0237029838	0.0577967461	0.0154412877	0.0498468438	-0.1368834026	0.1368624009	-0.1162023621	0.1614757495	0.0291163045	0.036252357	0.0904779245	0.1559877155	0.0593599692	0.0335198153	-0.0788312517	-0.1313698613	0.0412753813	0.0020808846	0.133306148	-0.0400074502	0.1066927803	0.1232855401	0.0178307937	-0.0511457846	-0.1378343619	-0.084119581	-0.0289427637	0.0614507793	-0.1315369721	-0.0058656686	0.0422736965	-0.0371016051	-0.0284737434	0.0337967891	-0.0069740457	-0.0561211281	-0.0909758209	0.0430342338	-0.0633344994	0.0222969905	0.1951093386	0.0449359226	-0.2602296807	-0.1175777878	0.0582892288	-0.0433642151	0.0081679955	-0.0054297629	-0.0936317944	0.0583242251	0.0218670313	0.0820603203	-0.0326797552	-0.1375179342	-0.0302671168	0.1552010184	0.0064387626	-0.2270500588	-0.015366099	-0.0210311151	-0.0812300302	-0.0275296371	0.057187843	-0.0480875118	-0.1054183781	-0.0037502535	-0.1211809635	0.0072516611	-0.1114452025	0.0489344334	0.0260362433	0.1242524367	0.1100753719	0.0876327994	-0.0082541766477675	0.0120699698620967	6.813143213255031e-05	0.0001456841724719	-0.0110594782545945	0.0659977143269117	0.0043556982963766	0.0001223120592638	-0.0398914935129681	0.0183427516700334	0.0003364565388285	0.0015913312546951	-0.0003878850040203	0.0003270001693584	1.0692911076042229e-07	1.5045477634382818e-07	-0.0004840918319231	5.776494800000323e-07	2.343449017346629e-07	3.336789217443077e-13	0.0004739059033659	7.856057379997984e-08	6.171763755782079e-15	2.2458680524504973e-07	0.0	0.0	0.0	0.0	0.0	0.0	0.0	0.0	0.0	0.0	0.0	0.0	0.0	0.0	0.0
873.3152862692514	-2.9383116328227743	762679.5892315445	8.633675251581638	937.1233760533707	-8.761654543073064	76.76659033215286	878200.2219456673	829.5551017713246	-0.2667375288669973	0.0711489093060722	688161.6668748328	832.2145422227763	743.6584341112401	1.533033	24.195236	0.1649338341147073	0.0826596965870584	0.0954341763	0.1005936671	0.0123612847	-0.1165468764	-0.0476052733	0.0944590546	-0.0761476861	0.0461684669	0.0426127773	0.0598666028	-0.041672412	-0.0482510325	-0.0289038779	-0.0668535699	-0.0108959235	-0.0388404934	0.0175549568	-0.0712800101	0.075302037	-0.0925130484	0.1503704615	-0.0130584423	0.1040336238	0.0377914954	0.0873069261	0.047756563	-0.0479155387	-0.0963640599	-0.0326620639	-0.0072994496	0.03359546	-0.0261345461	0.0248360655	-0.0429602822	0.149377001	0.1182844775	-0.0829639824	-0.0281469049	0.0568976894	0.0476075128	0.0116185896	-0.0668263117	0.004366455	0.0870905934	-0.0355601996	-0.0423931523	-0.1100008218	0.134023457	0.0396540412	-0.0103151701	-0.0029113504	0.0146026068	0.0607148929	0.1791959032	0.0530178006	-0.0050691783	-0.0882377902	-0.0606807035	0.0381199461	0.0157167683	-0.0009238609	0.0398352722	0.0916601075	0.0941839793	0.0913778161	0.0394648581	-0.0661464431	-0.0964483696	0.0873800937	-0.0054931907	0.008847709	-0.0753074695	-0.145615628	-0.0772324388	0.0079457494	-0.1130288558	0.0573466178	-0.0191842037	0.0679579308	0.1277430738	0.0053550128	0.076877561	-0.0660275259	-0.1111111817	0.1225364345	-0.0113556443	-0.0194730701	0.1232925447	0.1063942335	0.0799246852	-0.0204574487076172	-0.0122032720598497	0.0004185072076247	0.0001489198489667	-0.0760913288718967	-0.0650318506173022	0.0042291415947111	0.0057898903294911	-0.0017374922376376	0.0381540012753305	0.0014557278133179	3.018879275850914e-06	-5.898906833630177e-05	0.0003288959356839	1.0817253650945273e-07	3.4797101831848796e-09	-0.0001570040881639	0.0003270877437591	2.4650283700177687e-08	1.0698639211748405e-07	0.0001389953795646	-0.0003349105238012	1.1216505895286114e-07	1.9319715540307228e-08	1.0	0.0	0.0	0.0	0.0	0.0	0.0	0.0	0.0	0.0	0.0	0.0	0.0	0.0	0.0
871.800125552113	-1.5151607171384285	760035.4589126799	2.2957119987594368	944.0567202621633	6.933344208792505	48.071261917596566	891243.0910721524	829.7300393542404	0.1749375829157315	0.0306031579163984	688451.9382067893	832.9503352086224	725.5549829048023	1.432868	22.614372	0.1307869886647541	0.0688593602775756	0.0470927987	-0.1299159957	0.1120289831	-0.0505202972	-0.0161540343	-0.0870996564	-0.0696624303	0.1423561078	0.0572204526	-0.1448012452	0.0021686012	-0.0743174024	-0.0385306465	-0.0309006663	-0.0741650109	0.0379117847	-0.0825970925	0.017863351	-0.0555615127	-0.0145900846	-0.0784249544	-0.013599204	-0.1152375517	0.0409087188	-0.0826094026	0.2229604339	-0.0877655322	-0.0035863927	-0.0685473764	0.0819985424	-0.0648628202	0.1130883156	-0.0008395035	-0.1475892902	-0.0525647534	-0.0139637498	-0.0495308068	0.0511632819	-0.1284968991	-0.0406858137	0.0751687122	-0.0771376713	0.0770311006	0.0823535231	0.0620134856	0.0069104523	0.0903363204	0.013480681	0.0003124959	0.0253925101	-0.0570437694	-0.1583174289	-0.0699705557	-0.011104945	0.0942555305	0.0622490882	0.1267672553	0.1330557538	-0.0190207362	0.0035778804	-0.0346083999	0.0251310796	-0.079709196	0.0298692019	0.0289723371	-0.0741937564	0.007216545	-0.0077552794	-0.126826055	-0.0781407603	0.1412087296	-0.0089871814	0.0329847279	-0.0972620494	-0.0108261739	-0.0656887357	-0.0113654169	-0.0191380111	-0.0574491692	0.0647257493	-0.0555692718	0.1097013872	0.1344519852	-0.0226391463	0.0248454493	0.1391194874	0.0504464042	0.1222481541	0.1024214758	0.0717238087	-0.0001208639082221	0.0203365847993951	1.460808431072021e-08	0.0004135766813029	-0.0260228843416996	0.0500684445301971	0.0025068491376734	0.0006771905094614	0.0050445117874744	0.006782004025112	4.599557859663536e-05	2.5447099173968163e-05	-0.0006559296317324	-0.000596940563396	3.563380362276512e-07	4.302436817846019e-07	-0.0002971554392974	-0.0001401513511335	8.830135510403078e-08	1.964240122454561e-08	0.000473902571236	0.0003349071916714	1.1216282703322389e-07	2.245836470240921e-07	0.0	0.0	0.0	0.0	0.0	0.0	0.0	0.0	0.0	0.0	0.0	0.0	0.0	0.0	0.0
872.156494953088	0.3563694009750406	760656.9516888558	0.1269991499513093	941.2738685179291	-2.782851744234108	7.744263830386818	885996.4955547077	829.1590495559404	-0.5709897982999337	0.3260293497625989	687504.7294605105	832.2571743933387	734.45211611296	1.525748	24.080261	0.1361036608147049	0.0658063190522779	-0.1108462782	0.0669176931	0.0273634076	0.0305241532	0.1031268769	0.0504213508	0.0139299063	0.0055465848	-0.1431398207	0.0916861285	0.0221846664	-0.0717654049	0.0575035574	0.0572911924	0.0865244004	0.0563162993	-0.0754756854	-0.045100377	-0.0179469154	-0.0645119874	-0.0640355647	-0.0103163872	0.0103869666	0.1657745297	-0.1085751057	0.0818181082	-0.0491881195	0.0953574889	-0.0521678331	0.0272015251	0.0083512095	0.1155205333	0.0632888949	0.1361538617	-0.0103086643	0.006999089	0.049144476	0.1573398712	0.1055249245	-0.0646760491	-0.0168260881	-0.0477403875	-0.0962850484	-0.0853723608	0.0521142098	-0.0220625614	-0.0157107434	0.0065205595	0.0571161299	-0.0456938038	-0.0294930143	-0.1115429573	-0.1499674183	0.0610547671	-0.0068449709	-0.0403857425	-0.007353641	-0.0584277525	-0.103724098	0.0385364737	0.063159905	0.0330510359	-0.1151878007	-0.0032883244	-0.0474039251	0.1277814188	0.0017876823	0.1354202284	0.030809632	-0.0102672325	0.0181497343	0.0462652012	-0.1368164718	-0.0660618095	-0.0810903726	-0.1084027558	0.0350511433	-0.0633269428	-0.0375387008	0.014479279	-0.0850786296	0.0222357716	0.1170043935	-0.0810347906	0.0059032364	0.1063444064	-0.0232805414	0.1211199807	0.098167988	0.063080731	-0.0122180583070843	-0.0120971943988621	0.0001492809487953	0.0001463421123238	-0.0651163839475827	-0.0390934996058831	0.0015283017114351	0.004240143458409	-0.0325547848361935	-0.0375992966236679	0.0014137071065945	0.0010598140157308	-0.0003269891870355	0.0003289404446968	1.0820181615739432e-07	1.0692192843813721e-07	-0.0004840066365492	-0.0001868511972518	2.3426242422366939e-07	3.491336991443107e-08	4.3420809458864914e-05	-0.0004304817617771	1.853145472227461e-07	1.885366694063053e-09	0.0	1.0	0.0	0.0	0.0	0.0	0.0	0.0	0.0	0.0	0.0	0.0	0.0	0.0	0.0
872.1742168478489	0.0177218947609389	760687.8645341586	0.0003140655539177	938.8540172791212	-2.4198512388079507	5.855680017960374	881446.8657611444	828.2966592656742	-0.8623902902662621	0.7437170127455278	686075.3557506764	831.7364233523531	733.489877094767	1.418477	22.387243	0.0572998227735673	0.0286716145190796	0.0990145183	0.0414586517	0.0842042245	-0.1759790926	-0.1291857797	0.0606002428	0.0182096713	0.0884206174	0.0354106683	0.0391334159	-0.0868943675	0.1450143274	-0.1042772236	0.1329654539	-0.0262004127	0.1223318066	0.0171352429	-0.0136849053	0.0266532183	-0.0273036145	-0.1105501877	-0.1410613645	0.0425665366	0.0456809923	-0.0058485852	-0.0725826032	-0.0245388347	-0.0616346055	-0.0680008908	0.0332427094	0.0284167093	0.0279798243	0.0971013004	0.0621855054	-0.03840458	0.0334212886	0.0006610196	0.024192824	-0.01354332	0.1287933437	0.0830201236	0.0584281843	0.1139698062	-0.1228831031	0.0422582576	-0.0643573506	-0.0797896379	-0.0283482113	0.0424277799	-0.0006069826	0.124220358	0.0211032486	-0.1723009621	0.1321936433	0.0364769608	-0.1129427548	-0.0504876555	-0.0436388624	0.0454123155	0.011139115	0.0273343922	-0.0388617979	-0.1494795871	-0.0015824694	0.109146431	-0.0413705135	-0.0460400928	-0.0399345396	0.0380590074	-0.0232001013	0.1647477612	0.0054634919	-0.0895336963	-0.0658063831	-0.0265269844	-0.0508271762	0.0520017355	-0.0546979735	0.0730180001	-0.0620227971	-0.0692651576	-0.046316447	-0.0242685147	-0.0547193314	0.0253971358	0.0442773831	-0.0973896675	0.1199087977	0.0936454286	0.0540487397	-0.0082322495578068	0.0039858087492775	6.776993278201025e-05	1.588667138581707e-05	-0.0613831201518024	0.0037332637957803	1.3937258568883958e-05	0.0037678874395706	-0.0143449922460376	0.0182097925901559	0.0003315965461764	0.0002057788025388	-0.0001209988951727	0.0002059902918628	4.243200034172153e-08	1.4640732633014045e-08	-6.500251188934492e-05	0.0004190041246598	4.225326551924427e-09	1.755644564819714e-07	4.09960732144464e-05	-2.424736244418515e-06	5.8793458549968054e-12	1.6806780190042494e-09	0.0	0.0	0.0	0.0	0.0	0.0	0.0	0.0	0.0	0.0	0.0	0.0	0.0	0.0	0.0
871.5092689092492	-0.6649479385997665	759528.405794734	0.4421557610480788	935.921413207322	-2.9326040717992328	8.60016664193344	875948.8916999907	829.0250380797956	0.72837881412147	0.5305356968609989	687282.5137632067	831.2908854236163	719.3841750607853	1.397709	22.059469	0.1609737213843587	0.1053032425385758	-0.0674139292	-0.1397330314	0.10150091	0.0499867553	0.052332851	-0.1601144674	0.0347996989	0.0376013175	0.0192823956	-0.1529049822	0.0435308267	-0.0533369786	0.0657914962	0.0180676674	0.0364310114	0.1178624438	-0.0246717829	-0.1214685042	-0.1073172373	-0.1268951682	0.0486988905	0.013165582	-0.1332393901	0.0626144679	-0.0073928968	-0.1464786552	-0.0400377529	-0.1486350727	-0.2426323426	0.0915645488	0.0540516539	0.0928396879	-0.1366106689	-0.0421990599	0.033084601	0.1749685094	-0.0291824795	-0.0200510316	-0.1202205075	-0.1087568628	-0.0205931626	-0.0061188909	-0.0497182224	-0.0088350769	0.1492467103	-0.0014058338	0.0448346087	0.102954196	0.0669472728	0.1187345501	-0.0751168773	0.0220425502	-0.1094677891	-0.0688009013	-0.1020541302	0.0284049887	0.0571404452	0.1614654633	0.1858511723	0.0294587465	-0.0931495707	0.0652678773	-0.0736278841	0.0501783186	-0.1153655733	-0.0317251863	0.0363284213	0.0322445237	-0.1668175415	-0.0730751536	0.0342362557	-0.0786389488	-0.0252314266	-0.1117003969	0.0251570852	-0.0228307981	0.0588022839	0.0193719283	0.0348203238	-0.0344169777	-0.1295281779	0.0649994061	0.0347655467	0.0235521976	0.0198762733	0.0166405161	-0.04858777	0.1186154352	0.0888661936	0.0446835199	-0.0036258035473082	0.0046064460104985	1.3146451363672726e-05	2.1219344847638463e-05	0.0336630550447694	0.0950461751965718	0.0090337754194974	0.0011332012749471	0.0236737309136998	0.0380187231597374	0.0014454233106967	0.0005604455353742	-0.0003139931078714	-0.0001929942126987	3.7246766135191065e-08	9.859167179074064e-08	-0.0003380066974765	-0.0002730041855871	1.142485275389702e-07	7.453128534810584e-08	4.09469311492828e-05	-4.9142065163600716e-08	2.414942568543579e-15	1.676651170544106e-09	0.0	0.0	0.0	0.0	0.0	0.0	0.0	0.0	0.0	0.0	0.0	0.0	0.0	0.0	0.0
872.551712129852	1.0424432206028769	761346.4903407362	1.0866878681808982	940.7240845755244	4.802671368202482	23.0656522709519	884961.8033004585	829.1545937592128	0.1295556794171943	0.0167846740692508	687497.3403520053	832.7275549076644	732.341069003992	1.246259	19.669191	0.2167738297619308	0.1560918365782473	-0.1301254668	0.0534702546	0.0351750104	-0.0164511671	0.1127687239	0.0787258501	0.0478397041	-0.1217921413	-0.0260661374	0.0794780829	0.0168266581	-0.0222904026	0.0515237875	-0.0080856688	-0.045342262	0.0385933831	0.0660692515	-0.09799071	0.0208383064	0.0632219948	0.0304740635	-0.0196297217	-0.034629072	0.1735020638	-0.0837206879	-0.1460882373	-0.0047918876	0.0385036104	-0.0003885378	0.0615940294	0.1015438698	-0.0890546431	0.060369529	0.089654362	0.0716378927	0.0327368069	0.0213943095	-0.0324292431	0.1008163358	-0.0461238952	-0.0584342073	0.0022756022	0.0378025824	-0.0217144855	0.0546993112	-0.0480607674	-0.1045984302	-0.0968155422	0.0489195668	-0.1254469053	-0.1027196198	0.0531543442	-0.0874927913	0.0169505158	-0.0090907323	-0.0808734145	-0.0447218958	0.036446	-0.067716669	0.0227983269	0.0638192194	0.026517411	-0.1229334368	0.0331047443	0.0869767644	0.0168090443	0.0239260626	0.0952595212	0.0786559923	0.0543898552	-0.0499932424	-0.0276861614	-0.0762981688	-0.1370462108	-0.0282686309	0.0340094729	-0.0078905986	0.0005613858	-0.0532204945	0.0164543866	-0.0652064666	-0.005090121	0.0378025971	-0.0449722552	-0.027630914	0.0778444705	-0.0129675719	0.1172407796	0.0838433825	0.0350428114	-0.0082875220206943	-0.0046617184733861	6.868302124349295e-05	2.173161912510924e-05	-0.1122654302396028	-0.1459284852843722	0.0212951228173912	0.0126035268268831	-0.0103301176586114	-0.0340038485723112	0.0011562617177286	0.0001067113308407	0.0003110073861412	0.0006250004940126	3.906256175159941e-07	9.672559423438149e-08	-0.0003559933420063	-1.7986644529799974e-05	1.267312595528145e-07	3.2351938144138327e-10	4.1555341244110935e-05	6.084100948281369e-07	3.701628434887825e-13	1.7268463859145071e-09	0.0	0.0	0.0	0.0	0.0	0.0	0.0	0.0	0.0	0.0	0.0	0.0	0.0	0.0	0.0
873.3140893931395	0.7623772632874761	762677.4987325685	0.5812190915777017	937.4392085557572	-3.284876019767239	10.79041046524186	878792.2697376445	829.6926451485112	0.5380513892984027	0.2894992975259413	688389.8854135334	832.7370479854125	732.2526515789664	1.284279	20.269257	0.1095023304809027	0.0872012010150485	0.1113894527	0.0531953709	0.0601933552	-0.0010788133	-0.1275946886	0.0489100949	-0.0375516427	-0.0045004922	0.0507304786	0.0112091926	-0.0863396165	0.0636899891	-0.1404618524	-0.0193142492	-0.1548793541	-0.1212300602	-0.0938906886	-0.0131174747	-0.0392971332	0.0347990852	-0.0630663079	-0.1185611656	-0.0690994389	0.0828390226	0.0207803479	-0.0904239813	-0.1212017523	0.0492203483	-0.065438835	0.124514696	0.0341075601	-0.0145893005	-0.0838693357	-0.0210812374	-0.0441074585	-0.107359558	0.1327789444	-0.0026559026	-0.0267457289	0.1246027107	0.0575779465	0.0010969624	0.123618861	0.0472339977	-0.0977242879	0.0720935734	0.0963061804	-0.0506496237	0.0631478094	-0.1054070255	0.0516295153	-0.0001575256	-0.0765434817	0.0514534178	0.0519528359	-0.0901187941	0.1266433336	0.1001920158	-0.0073505293	0.0379314422	0.0678257413	0.0103772601	-0.1022881008	-0.0159775084	0.0196596072	-0.050347212	-0.0059486591	-0.0186281008	0.1018979263	-0.0041228504	0.1853856308	-0.0228643204	0.112966087	-0.1344275574	0.0968181186	0.0720338639	-0.0446687275	0.0834482684	0.0170785152	0.0566681165	-0.0669999319	0.0588407997	0.0196521391	0.0020579807	-0.0213781688	-0.0124502662	0.0280654583	0.1157857731	0.0785907625	0.0251860523	-0.0187875954532188	-0.0105000734325245	0.0003529737429138	0.0001102515420884	-0.0264551126308276	0.0858103176087752	0.0073634106081188	0.0006998729843097	-0.0113200567619884	-0.000989939103377	9.799794283948589e-07	0.0001281436850946	0.0002910026412598	-2.0004744881400003e-05	4.001898177698996e-10	8.468253722017984e-08	-0.0001319942160713	0.0002239991259349	1.7422473076277035e-08	5.0175608419643984e-08	4.151920533598954e-05	-3.613590812139738e-08	1.3058038557580732e-15	1.723844411732062e-09	0.0	0.0	0.0	0.0	0.0	0.0	0.0	0.0	0.0	0.0	0.0	0.0	0.0	0.0	0.0
872.836060914862	-0.4780284782775652	761842.7892333725	0.2285112260443646	940.414812580923	2.975604025165808	8.854219314582958	884380.0197216126	828.7871220426739	-0.9055231058373464	0.8199720952053142	686888.093663778	831.6170224809524	732.8490794964468	1.231175	19.431124	0.1032086221829384	0.0567581636610665	0.0384629878	-0.0857140111	-0.021431671	0.1053603733	0.0259264226	-0.1278639564	-0.0359919505	0.0186580445	-0.1912568751	-0.083808365	0.0608392016	-0.0210234971	-0.0027707414	0.0476286434	0.1223073941	-0.0944229274	-0.104644966	-0.0331121232	0.0411090482	-0.0840934314	0.104433017	0.0834153565	0.070048516	0.1080407921	0.034365848	-0.1083457213	-0.1654581115	-0.0582782641	0.0437786216	0.1282029561	-0.0527626329	-0.0761313173	0.0157525581	-0.0243487987	-0.2687044972	-0.0320042237	0.2214399483	0.1344026497	-0.0662231679	-0.0564310109	0.0288375272	-0.0083433072	-0.1509988379	-0.0435695703	-0.0519950627	0.0775669812	0.0295966584	0.0694943162	0.0487324127	0.0368196877	-0.1001978651	-0.001715906	0.2006374075	0.1018508089	-0.0901624513	-0.1480972734	0.1561841346	0.0481607741	0.0718294698	-0.0760711772	0.146553367	0.0212762137	-0.1356144092	-0.0382129853	-0.0127597503	0.0822872512	-0.0956035642	0.1559565982	0.0220825756	-0.042547358	0.0164436546	-0.1475704049	-0.0103841955	-0.1360672592	0.0187436219	-0.0484530613	0.0010972993	-0.0387849839	-0.0133637853	0.097242538	-0.0473707564	0.1418774488	-0.0575765451	0.1265199294	-0.0563411034	-0.0489866772	0.0349710723	0.1142514127	0.0731227308	0.0151740128	-0.0002066243614393	0.0185809710917795	4.2693626740198486e-08	0.0003452524867135	-0.0729303137322574	-0.0464752011014298	0.0021599443174183	0.0053188306610854	-0.0291950286668623	-0.0178749719048739	0.0003195146206	0.0008523496988589	0.0002319955457473	-5.900709551249998e-05	3.4818373208212953e-09	5.3821933246587575e-08	0.0002140042826492	0.0003459984987205	4.5797832992198695e-08	1.1971496111683986e-07	4.0975237871885336e-05	-5.439674641042019e-07	2.9590060200395623e-13	1.6789701186575863e-09	0.0	0.0	0.0	0.0	0.0	0.0	0.0	0.0	0.0	0.0	0.0	0.0	0.0	0.0	0.0
871.219365006459	-1.6166959084029031	759023.1819622577	2.613705660246688	934.5435399259076	-5.871272655015446	34.47184258953212	873371.6280172464	828.1210433096256	-0.6660787330482663	0.4436608786191835	685784.4623722228	830.6305597762996	740.4275378251401	1.437127	22.681595	0.0519804391155604	0.0345621657617288	-0.0838128024	0.0998499167	-0.0207749509	-0.1429098726	0.0630619296	0.1041766296	0.1406374663	0.1214430142	0.1557187643	0.1264819771	0.0786175777	0.0292057879	0.0602475241	0.1181731006	-0.1657933895	0.0773796364	0.003201291	0.0481640199	-0.0449628285	0.1331515742	0.0830146226	0.0747724515	0.0162427335	0.2287199502	-0.0829924783	0.1151433796	-0.0177525019	-0.1333793674	-0.0053269551	0.1572805549	-0.0670829468	-0.005711897	-0.1183825982	-0.0267191099	0.0591284303	-0.0959141817	-0.1190544643	0.0918266009	0.1491174423	-0.0335251961	0.0088351297	0.0838351577	0.1216321207	-0.1078978275	0.0863595277	-0.0900697013	0.070728433	-0.0256524977	-0.0142888728	-0.0484042009	-0.0848858079	-0.1966860303	0.1180418195	0.1029738064	-0.1504017105	0.0876695512	0.0417971175	0.0166111198	-0.0054916139	-0.1752669406	-0.0055388216	0.0180561369	0.0081530758	-0.0219542591	0.0943593148	-0.0467286906	0.152076102	0.0549121833	0.1020985838	0.0150059037	0.0455426384	0.0022481833	-0.0681785984	-0.0701799052	-0.0936377018	-0.057071391	0.093828157	-0.1514627269	0.0527323899	-0.0107500973	-0.0203896733	0.0529341406	0.0568869269	0.1436776203	-0.0520823047	0.0230445531	-0.0286043529	0.1126387502	0.0674542747	0.0050684204	-0.0002012975990339	5.3267624053999845e-06	4.052072337681278e-08	2.837439772358263e-11	-0.0431449334577109	0.0297853802745465	0.0008871688780993	0.0018614852830703	-0.0293335541593222	-0.0001385254924598	1.9189312061257728e-08	0.0008604573996178	7.000131578143385e-05	-0.0001619942299658	2.624213054223393e-08	4.9001842111320205e-09	-6.499856779429436e-05	-0.0002790028504434	4.22481381530948e-09	7.78425905555949e-08	4.100228918549833e-05	2.705131361299099e-08	7.317735681883915e-16	1.681187718451233e-09	0.0	0.0	0.0	0.0	0.0	0.0	0.0	0.0	0.0	0.0	0.0	0.0	0.0	0.0	0.0
872.7172723557183	1.497907349259208	761635.4374680049	2.243726426964747	931.0028229617	-3.540716964207604	12.536676620627512	866766.2563626544	828.3072049890674	0.1861616794417386	0.0346561708925686	686092.8258368009	831.2593381704172	727.7988086053502	1.441516	22.750851	0.0829969883762872	0.0576417427933967	0.1346047217	0.0712922302	0.0265655867	0.1653347418	-0.1723829993	-0.0209112075	0.1124558119	-0.106966897	-0.0707709907	0.0243767123	-0.1282903501	0.1734464787	-0.0124027738	0.0405914151	0.0468831967	-0.0135294399	0.0322486159	0.1673261501	-0.0667685961	-0.0205249864	-0.0194224385	-0.0547035275	-0.0863637422	0.020695874	-0.0410182905	-0.0832925763	0.0019331888	-0.063957673	-0.0752699025	-0.1427733425	-0.1828285386	0.0433414065	-0.200134863	-0.0363975238	-0.1001365441	0.1478281196	0.0291986015	-0.1028049128	-0.0391071887	0.1796145414	-0.0120494541	0.0889180815	-0.0755970495	-0.0816904459	0.0315375854	0.0247845599	0.0696474371	-0.0735826185	-0.1100553449	-0.0975022907	0.0744355689	0.0848813314	-0.1175100624	-0.0194362843	-0.0823571521	-0.106038463	0.003590912	0.0915668025	0.0129039117	-0.0054246644	-0.1152379046	-0.0777262744	0.0938723313	-0.0459891843	-0.1019530198	0.0436185099	-0.0615228979	-0.0038246626	0.1293709562	-0.0391429418	0.1689988252	-0.0969941929	0.0651037905	-0.0708298473	0.0669860082	0.112444607	0.0266143633	-0.0153484821	0.0444191192	-0.0510063136	0.012523448	-0.0327182509	0.0600406725	-0.0076079037	-0.0303684594	-0.0466512918	-0.0174723533	0.1109488906	0.0616009311	-0.0050684204	-0.0002107104387647	-9.412839730799989e-06	4.4398889004412394e-08	8.86015517977268e-11	0.0090355518681661	0.052180485325877	0.002722803048844	8.164119756231991e-05	-0.0041267703444844	0.0252067838148377	0.0006353819502879	1.7030233476115897e-05	0.0001820015229423	0.0001120002071608	1.2544046404076933e-08	3.312455435331655e-08	-6.499626131950542e-05	2.3064747889378623e-09	4.2245139855134366e-09	5.319825952005956e-18	4.10059034666753e-05	3.6142811769704704e-09	1.3063028426203045e-17	1.6814841191182931e-09	0.0	0.0	0.0	0.0	0.0	0.0	0.0	0.0	0.0	0.0	0.0	0.0	0.0	0.0	0.0
873.3267799820999	0.6095076263816281	762699.6646339031	0.3714995466173664	934.1496812627556	3.1468583010556586	9.902717166922908	872635.6270033079	828.9277011319526	0.6204961428852585	0.3850154633354831	687121.1337039038	831.1057013194852	722.1199100040785	1.308804	20.656321	0.10023441158527	0.0929335216704356	0.0422102119	-0.1290707599	0.0023101161	0.075394734	0.0577700978	-0.1771791815	0.0111577621	-0.0138418302	0.0260123234	-0.1411146786	0.0478810562	-0.0026981324	0.0783660556	0.0165946788	0.0148647192	0.0585658914	0.0964719645	-0.0682825652	0.0624131866	-0.0192483582	0.0273035017	-0.0141878966	0.0921798993	-0.0388405191	0.1141166365	0.0181809649	-0.0285056819	0.0056419021	0.1152811544	0.0254526866	0.1112733613	0.253117391	0.0077576184	-0.1680627736	0.0426333532	-0.0483264519	0.0170891577	0.0613307223	-0.1260654751	-0.0711442244	-0.0516304427	0.0340851246	-0.0102482848	-0.0198942485	0.0138776223	-0.0011579349	-0.1136567122	0.1237910858	-0.0389969166	0.0650171658	0.0860844551	-0.0035710947	0.2763946498	0.0049804353	-0.0024339005	0.1026817628	0.0154540585	0.0670306064	0.0295174883	0.0587837289	-0.0024426243	0.1219270356	-0.1348997941	-0.0066867558	0.1062038332	-0.0355849606	-0.0457958921	0.0553822257	0.0118665825	-0.0444737412	-0.0475323537	-0.1463170354	0.0310860222	-0.085415522	0.0319651685	0.0327375367	0.028497597	0.0159729375	-0.0490212866	0.0646498987	0.1726583265	0.1124471176	0.0809228246	0.1035240724	0.0080590765	0.0804040136	0.0314970801	0.1091829923	0.0555787436	-0.0151740128	-6.467551528999138e-05	0.0001460349234747	4.182922278025909e-09	2.1326198874264e-08	-0.0837584727479168	-0.0927940246160829	0.0086107310044501	0.0070154817570635	-0.0032076623082417	0.0009191080362427	8.44759582285913e-07	1.0289097483714471e-05	0.0001480030922091	-3.399843073320001e-05	1.155893292320199e-09	2.1904915303455356e-08	-0.0001579969197249	-9.30006584053946e-05	2.49630266425565e-08	8.64912246383689e-09	4.151169451747455e-05	5.057910507992559e-07	2.5582458706861545e-13	1.7232207817121271e-09	0.0	0.0	0.0	0.0	0.0	0.0	0.0	0.0	0.0	0.0	0.0	0.0	0.0	0.0	0.0
873.831119393761	0.5043394116611353	763580.8252209534	0.2543582421547	937.2079324615136	3.058251198757944	9.3529003947044	878358.7086687849	828.7095058992974	-0.2181952326552618	0.0476091595534838	686759.4451678576	831.4739249316573	737.2892771715309	1.416698	22.359165	0.1066432381598181	0.0715130016536261	-0.1413911238	0.0472792321	-0.1127116958	-0.0177811578	0.0651882977	0.1053238005	0.0097627912	-0.0532931891	0.0577119046	0.0673748507	0.0178842193	0.0160614012	0.1077558301	0.0882298887	-0.0439217636	-0.014102342	0.1003897266	0.0430406827	-0.0271942948	0.1627843695	0.0687461983	-0.0892691075	-0.0261103885	0.1010961961	0.0777590027	0.0767057477	0.1148923428	0.0193266698	-0.0376604914	-0.1036334836	0.0577782829	0.1590909884	0.0382153085	-0.0376918029	-0.2959087894	0.0598176075	-0.1340412567	-0.1021663884	0.0798727974	-0.0122182365	-0.1112211449	0.0453640003	0.0839582964	-0.0779350221	-0.0233748071	-0.0497907844	0.0028926041	-0.1554867839	-0.0646131966	-0.1471559353	-0.0245434502	-0.0263805696	0.0088620036	-0.0312269621	-0.1786404734	0.127412726	0.0950772273	-0.0418425795	0.0910129042	0.2504844806	-0.0670092409	-0.1210118808	-0.1011596111	-0.0166485563	0.0207425097	-0.0335855799	0.1435110882	0.0420439269	0.0855664512	-0.0711310807	-0.0368769746	-0.0238418747	-0.0118836887	-0.1212257439	-0.0441361791	0.040922774	0.1808058685	-0.0786033095	-0.0046270763	-0.0151671465	0.1175952409	-0.069379154	0.0613454142	-0.0028514982	0.0001505844	0.0026891113	-0.0380821006	0.1073422654	0.0494042187	-0.0251860523	-5.360148583122282e-05	1.1074029458768564e-05	2.87311928331478e-09	1.2263412845367398e-10	-0.0180056581888123	0.0657528145591045	0.0043234326224439	0.0003242037268123	-0.0108867580221527	-0.007679095713911	5.896851098340629e-05	0.0001185215002329	-0.0001150051676675	-0.0002630082598765	6.917334476331714e-08	1.3226188590229789e-08	0.0002429976112896	0.0004009945310145	5.9047839092451534e-08	1.607966139035388e-07	4.151398077325204e-05	2.2862557774887596e-09	5.226965480100733e-18	1.72341059964194e-09	0.0	0.0	0.0	0.0	0.0	0.0	0.0	0.0	0.0	0.0	0.0	0.0	0.0	0.0	0.0
873.0750723066878	-0.7560470870731706	762260.0818833282	0.5716071978718263	928.436960027459	-8.770972434054556	76.92995743894491	861995.1887450295	828.3908563194035	-0.3186495798938722	0.1015375547665412	686231.4108335946	830.3338186001798	733.4711483142994	1.375625	21.710926	0.0485728091380757	0.0255498581540108	0.1236819383	0.0675731197	-0.0692546642	0.1157181162	-0.1200765468	0.0057009383	0.0281007263	-0.11835704	0.0893200813	0.0587309722	-0.0675508286	0.1671022024	0.0090037868	-0.0487275543	-0.0259313565	-0.0864685302	-0.0712363731	-0.0241780606	0.0702493296	0.0480644939	0.0798515537	0.0693639656	0.0313190875	0.0180762145	0.2677661762	-0.0923924281	0.1770666367	-0.0087664014	-0.0967423817	-0.0836069605	-0.0342893652	0.0428257057	0.0679554173	-0.0148263885	-0.1202058314	0.2060342147	-0.0218851421	0.1263989762	-0.017458211	0.1528458713	-0.0764563625	0.1214149096	-0.0006829045	0.043736812	-0.099458891	0.0542851835	-0.0228378898	-0.0825353842	0.0440125612	-0.0015467771	0.1160360316	0.1652886853	0.0914029692	0.1186838397	-0.1916003945	-0.0017781195	0.016973508	-0.0347125632	0.0329370757	0.1244545635	-0.0899206112	0.0018393268	0.0186086507	-0.0030695698	-0.0397179415	0.0689583866	-0.0609485765	-0.0346334856	0.0984931972	-0.0779930435	0.0905365264	0.0002208718	0.1650141678	-0.0694003594	0.0938797745	0.0192669634	0.1787136051	0.000850522	-0.0224846066	0.0561682892	0.1804872835	-0.0697939571	-0.0665188549	0.0498679081	0.0696164101	-0.0508088818	-0.0311778638	0.1054279714	0.0430942802	-0.0350428114	-0.0001293040777312	-7.57025918999772e-05	1.6719544517916215e-08	5.730882420374492e-09	-0.0187907537125369	-0.0007850955237246	6.163749813724062e-07	0.0003530924250852	-0.0024045304279241	0.0084822275942285	7.194818496029308e-05	5.781766578812855e-06	0.0002970291061814	0.0004120342738489	1.6977224282619038e-07	8.82262899189214e-08	0.0004389798967698	0.0001959822854802	1.927033497680243e-07	3.840905622204261e-08	-0.0001350651284621	-0.0001765791092353	3.1180181818350393e-08	1.8242588926483577e-08	0.0	0.0	0.0	0.0	0.0	0.0	0.0	0.0	0.0	0.0	0.0	0.0	0.0	0.0	0.0
874.0163228400661	0.941250533378252	763904.5325908706	0.8859525665848438	925.7179790025348	-2.7189810249242328	7.392857813898031	856953.7766485374	829.4839846820951	1.0931283626915729	1.1949296173207589	688043.6808440861	830.7921199912602	726.5739975700601	1.240873	19.584194	0.1008851824845779	0.0440927184437723	0.0607305875	-0.13165102	-0.1463943336	0.1601853821	0.0283418918	-0.1874393394	0.0088461899	-0.1944511357	-0.0016875723	-0.1641682439	-0.0827642663	0.0061292309	0.0885217746	-0.0385889183	0.0444890719	-0.0105813149	0.0615816799	-0.0895572501	0.1503834045	0.0546400731	-0.0004217174	-0.0241330947	-0.0629889951	0.1198707628	0.2412902487	0.098715406	0.1623598413	-0.0090242458	0.1192413479	-0.1669301489	-0.0723760597	0.1569184094	-0.0059404986	0.0207075399	0.0351216713	-0.0021555982	-0.0857899326	-0.0096009123	-0.1542842938	-0.01399208	-0.1380989418	-0.003970807	-0.0478586616	-0.0129242899	-0.0420957538	0.0565541613	-0.2082216208	-0.0224056922	-0.0557885319	-0.0555283437	0.1396957082	-0.0096531583	0.1207950733	-0.0536615313	-0.1220175651	0.18860338	0.0034360697	-0.0168323011	-0.2224328102	0.1376677769	0.0312955641	0.0889960329	0.1498616657	-0.0654419493	0.0098834499	0.0659696154	-0.0946960973	0.0200133087	0.0401627916	-0.1433046992	-0.1092803958	-0.2260062888	0.0954386722	-0.006773691	0.0336578133	0.0736482066	0.0337051184	-0.0446846299	-0.1114618566	0.0508488531	0.1433164726	-0.0914919041	0.070493272	-0.0207450631	0.0483249153	-0.034735778	0.0008151306	0.1034414224	0.0366662233	-0.0446835199	-8.609755715838219e-05	4.320652057281782e-05	7.412789348640886e-09	1.8668034200093303e-09	-0.041608023846507	-0.02281727013397	0.0005206278163665	0.0017312276484114	-0.0292498024004856	-0.0268452719725615	0.0007206686272807	0.0008555509404674	-0.000197001992202	-0.0004940310983834	2.4406672616990864e-07	3.880978493155688e-08	8.599593851510434e-05	-0.0003529839582546	7.395301441093606e-09	1.2459767478515274e-07	4.150849204927479e-05	0.0001765736205113	3.117824346049499e-08	1.7229549122047081e-09	0.0	0.0	0.0	0.0	0.0	0.0	0.0	0.0	0.0	0.0	0.0	0.0	0.0	0.0	0.0
875.5450784649427	1.5287556248765668	766579.1844241826	2.3370937605917423	930.730910654818	5.012931652283214	25.129483750462917	866260.0280483468	829.6967579199833	0.2127732378882001	0.0452724507614286	688396.7101029314	831.8247262643607	736.871436827364	1.264662	19.959646	0.0766181275358489	0.0341693146226883	-0.098843215	-0.0688328885	-0.2179851705	-0.0557409666	0.1269089862	0.0585853314	0.0026121366	-0.1620204865	0.1764557851	-0.024847141	0.0438631117	-0.1261075775	0.1189378781	-0.0459945725	-0.0596221973	-0.0550727897	0.1375521532	0.0111261127	0.128292055	0.01063614	0.0120569035	0.0085165292	-0.0981880264	-0.0319286373	0.2132842076	-0.0070321583	0.0926399107	-0.1246954587	0.0994452197	-0.142056515	0.0081081535	0.0194269044	0.0618134328	-0.0243651331	-0.0473048001	-0.0603812608	0.1658954859	0.1010296862	0.0202534359	-0.1058220539	-0.1684818593	-0.0331621075	0.1159857001	0.0678822088	-0.1253129565	0.031283138	-0.1053324402	-0.0608541309	-0.097589144	0.0929687407	0.0512379891	0.1492091862	0.0562207543	-0.0356807775	-0.1703288512	0.1137039545	-0.042303832	-0.0056084621	0.0702833089	-0.0586818188	0.03469374	-0.0663194829	-0.021208988	-0.0637448048	0.1110861234	-0.0536721868	0.129610822	0.0114673477	0.0521483377	-0.1587719258	-0.1766615755	-0.0049265616	0.1292717324	-0.0253593135	0.0519884955	0.0661533306	0.0615204376	0.0109971317	-0.0386494731	-0.0064743209	0.0990617093	-0.1505446774	-0.048708864	-0.0447486531	-0.0937584825	-0.0778327974	-0.1425072785	0.1013839798	0.0301376669	-0.0540487397	-0.0168791852884169	-0.0167930877312585	0.0002849068960007	0.0002820077955497	-0.0456937136383288	-0.0040856897918218	1.669286107499691e-05	0.0020879154660615	-0.0453654700267662	-0.0161156676262805	0.0002597147430407	0.0020580258707494	-0.0006240051450438	-0.0004270031528417	1.823316925368376e-07	3.893824210411338e-07	-6.494597952078074e-05	-0.0001509419180358	4.217980255913671e-09	2.278346262035185e-08	-0.0001730200848028	-0.000214528576852	4.6022510286176564e-08	2.99359497451681e-08	0.0	0.0	0.0	0.0	0.0	0.0	0.0	0.0	0.0	0.0	0.0	0.0	0.0	0.0	0.0
875.9146563574856	0.3695778925429067	767226.4852218521	0.1365878186564563	937.6549214566692	6.924010801851182	47.941925584151846	879196.7517319125	830.2130140004667	0.5162560804834584	0.266520340636143	689253.6486157392	833.0223387108207	755.4750071687308	1.443297	22.778963	0.157986372087021	0.0927687659663027	-0.0444400123	0.1483426127	-0.2469289704	0.0190973099	0.0162306271	0.1589967625	-0.0431939728	-0.0685212342	0.003061015	0.1786006256	-0.0278674435	-0.1214556468	0.0015555929	-0.020182377	0.0714850788	-0.0989487058	0.0289843914	0.0814706097	-0.0021313284	-0.0245769354	-0.0255395379	0.126124554	-0.0222095103	0.013339776	0.0576897457	0.0457439471	-0.0463553527	-0.2683427186	0.1256121686	0.0930804026	-0.0821907178	0.0136591595	0.1067080117	-0.0487898892	-0.0298251444	0.0183106648	-0.0191545113	-0.0927455679	0.1530763149	0.0285706991	-0.0532536349	-0.1013224408	-0.0793269751	0.0505230232	-0.1455254801	0.0057949293	0.0806554099	-0.0014793556	-0.0683794903	0.0765556112	0.0327485687	-0.0670208421	0.0309223989	0.1031456548	-0.1910021844	0.1539323149	-0.1216244006	0.028663608	0.070504122	-0.1884227059	0.053881379	-0.0072811085	-0.0463715931	-0.029258447	-0.1482470895	0.068624615	0.0983827345	-0.0627144273	0.1686894338	-0.0318914048	-0.1437696613	-0.0208058014	0.157471643	-0.0141429457	0.0607438111	-0.0161325144	0.0861180986	-0.0081620777	0.0936320784	0.0289065776	0.098060692	-0.0524331543	-0.0723131697	-0.0012612191	0.0272086098	0.0569209212	0.094403999	0.0992570537	0.0235265052	-0.063080731	-0.0171094646402565	-0.0002302793518395	0.0002927337802761	5.3028579883665844e-08	0.0352359352263391	0.0809296488646679	0.0065496080653584	0.0012415711312747	-0.0077930231921641	0.0375724468346021	0.001411688761139	6.073121047360754e-05	-5.2998714668758834e-05	0.000571006430375	3.260483435296467e-07	2.8088637565405127e-09	-6.500112030249916e-05	-5.5140781718421294e-08	4.2251456405799695e-09	3.040505808518584e-15	4.099828475866909e-05	0.0002140183695614	4.580386250974956e-08	1.680859353152918e-09	0.0	0.0	0.0	0.0	0.0	0.0	0.0	0.0	0.0	0.0	0.0	0.0	0.0	0.0	0.0
874.23575842434	-1.6788979331455494	764288.161307781	2.818698269920397	932.4037859627372	-5.251135493931997	27.57442397563244	869376.8200776458	829.8304662164652	-0.382547784001531	0.146342807044482	688618.602661036	832.7052254746044	747.0590423450135	1.29544	20.445398	0.1980157808811455	0.1429977514611235	0.1158354112	0.069715913	-0.1501771784	-0.1193006912	-0.1159985627	0.0700420913	-0.0480289506	-0.002832461	0.0297542031	0.0690356344	-0.0668558626	-0.0169881139	-0.1120576948	-0.0074208357	-0.0752992896	-0.0749567629	0.1124411175	-0.1057136159	0.153362917	0.010017122	-0.0105992976	-0.0165264112	0.0398486553	-0.0754870754	0.0625379263	-0.0237808936	0.0617394287	-0.0714708376	0.1164545169	0.0048413327	0.0453373551	-0.0132424605	-0.0111612079	0.1134782337	-0.0689806609	0.0857059215	0.0468142471	-0.1074908973	0.0325231319	0.1086590568	0.0469949208	-0.0571039335	0.0993227731	0.0370787845	-0.1796671158	-0.0067346808	-0.1835013148	0.0297614376	0.0493696251	0.0203142888	0.0280097741	0.0005968735	0.006439815	-0.072588667	-0.0543420434	-0.0307801873	-0.0310092849	-0.1191554148	0.0516170483	-0.0657743958	0.0611816698	-0.0371413596	0.0747209035	-0.0585763026	0.1170739606	-0.0144049889	-0.0662100795	-0.0581335582	0.1586147913	0.0098988273	-0.0608298128	-0.0023027213	0.1529986736	0.0578545025	0.0499723295	-0.0192912661	0.0564187152	0.0143360977	-0.033368369	0.0376908724	0.0160281442	-0.0178393321	-0.1225298132	-0.0425423405	0.1945017326	0.0114004145	0.0568108647	0.0970621018	0.016850859	-0.0717238087	-9.200528430142184e-05	0.017017459355955	8.464972339385462e-09	0.0002895939229315	-0.1054309963986668	-0.1406669316250059	0.019787185652794	0.0111156950016156	-0.0218728229305753	-0.0140797997384112	0.0001982407606737	0.0004784203829523	-0.0002390129809087	-0.0001860142662399	3.460130724478372e-08	5.71272050428626e-08	-0.0002669884633581	-0.0002019873430556	7.128283956631952e-08	4.079888675466098e-08	-9.603190918125614e-05	-0.0001370301939399	1.8777274051213522e-08	9.222127580997028e-09	0.0	0.0	0.0	0.0	0.0	0.0	0.0	0.0	0.0	0.0	0.0	0.0	0.0	0.0	0.0
872.887606762465	-1.348151661875022	761932.7740395038	1.817512903416384	936.1173341729668	3.7135482102296464	13.790440309699813	876315.6633391021	829.6058895470961	-0.2245766693690711	0.0504346804249051	688245.9319712287	832.0063568037051	734.0494645548146	1.265544	19.97357	0.1782994727814884	0.1304127877459824	0.0635081801	-0.1324330942	-0.0979441536	-0.0023762381	0.0089396617	-0.138835076	-0.1185385114	0.085123216	0.0301385455	-0.1380905515	-0.006568834	-0.022383729	-0.0640812379	-0.0811065062	0.0165833779	-0.042980035	0.0524464325	-0.0038650986	-0.1547778724	-0.0967109017	-0.0303619041	0.2012657089	0.0745110723	0.0797284591	0.0111678681	-0.1579400808	-0.0085945602	-0.0185281309	0.125842641	0.0728367259	0.0930773417	0.0835612212	0.0966871389	0.0736788034	-0.108467417	0.1216496593	-0.0152860823	-0.0195058032	-0.1433239244	-0.0247340859	0.0380348543	-0.0610507919	-0.0572777074	0.0674466773	-0.0483862617	-0.1024855836	0.1612933162	0.0601361634	0.0361930214	0.0335767413	-0.0260886988	0.07899877	0.0439689784	-0.0970980637	-0.1666992252	-0.1352257105	-0.0787598206	-0.0842016316	-0.037713046	0.0079630207	0.1213851801	0.0249734821	-0.1257347953	-0.081555209	-0.1096957554	-0.0295987599	-0.0028166557	-0.0205759129	-0.0430417653	-0.0723465694	-0.0118851246	-0.1057140417	0.1898586833	0.0249224097	0.0395759259	-0.0342968462	-0.0111809793	-0.0404192066	-0.0798959003	0.0075331987	0.0012314706	0.0351400597	-0.0385502969	-0.014611309	0.0697238153	0.0637880752	0.098343293	0.0948006283	0.0101290257	-0.0799246852	-0.0135003953639341	-0.0134083900796326	0.0001822606749825	0.0001797849245275	0.0207790510956016	0.1262100474942684	0.0159289760885054	0.0004317689644336	0.0042592093153359	0.0261320322459112	0.0006828831093013	1.8140863991844105e-05	-0.00024299641286	-3.983431951299997e-06	1.5867730110637705e-11	5.9047256662827575e-08	-0.00015700458678	0.0001099838765781	2.4650440269958553e-08	1.2096453107146736e-08	4.09808415228676e-05	0.0001370127507041	1.8772493855510363e-08	1.6794293719223892e-09	0.0	0.0	0.0	0.0	0.0	0.0	0.0	0.0	0.0	0.0	0.0	0.0	0.0	0.0	0.0
872.5709393902016	-0.3166673722633959	761380.0442682989	0.1002782246562041	937.6908581337232	1.5735239607563472	2.475977655074342	879264.1454275581	828.5420180602644	-1.063871486831772	1.1318225404936453	686481.8756913755	831.795437338004	738.5537131013926	1.287692	20.323122	0.1659729307531108	0.1323016634152772	-0.1341823656	-0.0528249952	-0.0941132376	-0.0995057105	0.1560796165	0.0327695347	-0.0331527492	0.0629100359	-0.0134744027	0.0273183783	0.0736264453	-0.0268792568	0.0523517441	0.0694996288	0.0749534763	0.0354904723	0.119286912	-0.1556048753	-0.047946179	0.0344557194	-0.0255258926	0.0671080324	-0.058280186	0.0661141961	-0.0405064536	0.0058541507	0.0429394115	0.1685129225	0.0591082815	-0.1178056732	-0.0808647365	-0.142880277	0.0878977712	0.0429841979	0.0812809872	0.0942372062	-0.1367115611	0.0501906293	0.0516831603	-0.1187958441	0.0033478053	-0.0110359441	-0.0353703283	-0.0669138999	-0.0094736548	-0.1860348877	-0.1040974235	-0.0295253058	0.0720670311	0.0056434564	-0.0083065903	0.0961063471	-0.0922198143	-0.0094697504	0.0076009824	0.0342284605	-0.0470959577	-0.0159722012	-0.1962309528	0.0955622654	0.0537535922	-0.0375204265	0.1020408019	-0.0602116179	0.0808094055	-0.0001535636	0.0334237518	0.1037810695	0.0472769882	0.0158612218	-0.170547696	-0.1112265916	0.0830167937	0.0258107049	-0.0356872773	0.0318472572	0.0302917318	-0.0452190145	-0.0386934995	-0.034230821	-0.0705079491	-0.0765639014	-0.0085123256	-0.0898803832	-0.0434256116	0.1023080822	0.0082387796	0.0924741833	0.0033794295	-0.0876327994	-0.0163384819747847	-0.0028380866108505	0.0002669459932403	8.054735610689442e-06	-0.1086642394968606	-0.1294432905924622	0.0167555654794046	0.011807916945431	-0.0123812526442321	-0.016640461959568	0.0002769049742278	0.0001532954170403	6.001331881914575e-06	0.0002489977447419	6.199987688655963e-08	3.6015984356884326e-11	-6.499984233410139e-05	9.20047444458986e-05	4.224979503458039e-09	8.464873000555112e-09	4.100018413965504e-05	1.934261678744034e-08	3.741368241857689e-16	1.6810150994856206e-09	0.0	0.0	0.0	0.0	0.0	0.0	0.0	0.0	0.0	0.0	0.0	0.0	0.0	0.0	0.0
871.861997999282	-0.7089413909195628	760143.3435553	0.5025978957589643	933.7885148123408	-3.902343321382318	15.228283397937185	871960.9903954373	828.1956228963984	-0.3463951638659637	0.1199896095497278	685907.9897847533	830.9170414430274	739.9948721619842	1.3206	20.842493	0.1207334119601957	0.1043280087627804	0.0342532811	0.1524801776	-0.062259324	0.0118781487	-0.0593563473	0.1251869114	0.1057919712	0.0290281936	0.0081387411	0.1536349715	0.0192042458	0.1058434097	-0.0777887824	0.115006408	0.0246916039	0.0427561247	-0.028688494	-0.0573941038	-0.0856030404	-0.0736681733	-0.1046915786	0.0525122256	-0.0065256468	-0.1349149756	0.0995123004	-0.0829862323	0.0596585443	0.1266338994	0.0664846868	0.0041349102	0.100925532	0.0077042194	-0.1513978631	-0.1402670653	0.1139652224	-0.0006178008	0.0502857218	-0.1125966357	0.1265798334	0.0882413538	0.0727405124	0.0854911661	0.0003736801	-0.1119863298	-0.0664353538	-0.0280642621	0.0707182785	0.1055153098	-0.0148727318	0.1474228384	0.1606384851	0.1608384984	0.0351103351	-0.1718472297	0.0353384504	0.0176635528	0.0468760316	-0.008364705	-0.0393325845	0.145644358	0.0013815959	0.0553809943	0.0085948904	-0.0823786048	-0.005495226	0.0101792371	0.1064178796	-0.0167291369	0.1945467577	0.0479444438	0.0733045422	0.0240853463	0.145908185	0.054692193	0.0123880922	-0.0452529172	0.0010967399	-0.005812999	-0.0023392565	0.0552531079	-0.0437579695	-0.0755685052	0.1101888915	0.0285570294	-0.006566154	-0.0550742966	0.0853108862	0.090084361	-0.0033794295	-0.0948006283	-0.0120014174843987	0.0043370644903859	0.0001440340216348	1.8810128393767167e-05	-0.0062793895350239	0.1023848499618367	0.0104826575017078	3.943073293256767e-05	-0.0118204614138619	0.0005607912303702	3.144868040601229e-07	0.0001397233080365	-0.0002629985414928	-0.0002689998733747	7.236093187561248e-08	6.916823282734006e-08	-6.500535160114396e-05	-5.509267042569377e-09	4.225695736788349e-09	3.035202334634113e-17	4.099144122935457e-05	-8.742910300474382e-09	7.643848052214105e-17	1.6802982540596295e-09	0.0	0.0	0.0	0.0	0.0	0.0	0.0	0.0	0.0	0.0	0.0	0.0	0.0	0.0	0.0
872.7360569434128	0.874058944130752	761668.2250891358	0.7639790378149651	931.442153759217	-2.3463610531238146	5.5054101916162965	867584.4857996089	829.3752624895587	1.1796395931603456	1.3915495697515057	687863.3260296244	831.8998180881308	733.1263828017326	1.422269	22.447088	0.1034584107722779	0.0779781583231544	0.0871144609	-0.0623775057	-0.0467079382	-0.0197878222	-0.0981133238	-0.13582752	0.0229984276	0.0550310025	-0.0840079688	-0.0854122758	-0.0628104896	0.0228006489	-0.0998749424	0.1170094278	0.1852925143	-0.0519289919	-0.0732056469	-0.0272837062	0.0003717117	0.0255904933	-0.0493761595	-0.0179254203	-0.083213815	-0.0312833454	-0.0149998117	0.0962281669	-0.085957162	-0.151889621	-0.0523608142	-0.1237939392	0.116026934	-0.1436807162	0.0777675632	-0.1246271236	-0.0087969711	-0.0187509203	-0.0771722252	0.1341900557	-0.1183113562	0.0701368336	0.08893614	-0.0296157952	-0.0911381264	-0.1592524544	-0.0665624544	-0.0012292128	-0.0032368135	-0.0372754972	0.0438691535	-0.0020285811	-0.0300124954	-0.119599762	-0.0559289267	0.0261248544	-0.0560886263	0.1532041812	-0.0576411065	0.1040039682	0.212858543	0.0476326027	0.0588310042	-0.0795685003	0.03322524	-0.129882512	-0.0006990288	0.0844044051	-0.1484438596	0.0776130071	0.0533745046	0.000407758	-0.002910282	-0.1258110865	0.0708719661	0.1018059501	-0.0251528766	0.0395149928	-0.0018790274	-0.0593624833	0.0493224474	-0.1126953991	-0.1351290599	0.0673254638	-0.0709972894	-0.0123419555	-0.0266841055	-0.0623942172	-0.0670957102	0.0876327994	-0.0101290257	-0.1013839798	-0.0120133673383406	-1.1949853941900512e-05	0.0001443209948059	1.4279900923275519e-10	-0.0799535911881861	-0.0736742016531622	0.0054278879892308	0.0063925767438875	-0.0261419109477429	-0.0143214495338809	0.0002051039167515	0.0006833995079997	4.6001320446675314e-05	0.0003089998619394	9.54809146786148e-08	2.1161214828377083e-09	-6.499904504275733e-05	6.306558386626193e-09	4.224875856470396e-09	3.9772678683925166e-17	4.100146735735051e-05	1.0026127995940834e-08	1.0052324259098856e-16	1.681120325455879e-09	0.0	0.0	0.0	0.0	0.0	0.0	0.0	0.0	0.0	0.0	0.0	0.0	0.0	0.0	0.0
871.5047014612257	-1.2313554821870412	759520.4446690202	1.5162363235120806	938.4514843372816	7.009330578064578	49.13071515259111	880691.1884548471	828.5726772860161	-0.8025852035426624	0.6441430089456168	686532.6815449166	831.2188778558824	729.6715796993025	1.300002	20.517397	0.0333302883436546	0.0208516916883841	-0.0613863266	-0.0714260876	-0.0270933377	-0.1084941523	0.1356847832	-0.0112846604	0.0728598991	0.0983879253	0.0632823337	-0.0274130888	0.116162986	-0.0363130754	-0.0167867444	0.2292883098	-0.0724088062	0.0209551166	0.0242620795	-0.1114014757	-0.0587196377	0.0945263862	-0.1555622753	0.0834537137	-0.0064061453	0.0934397931	0.2141022993	-0.0786242213	0.0137032261	-0.0641811195	-0.0862811972	0.0918162216	0.0257507341	0.0339754449	0.0670672039	0.1882956471	0.1408584893	0.0099325971	0.0687006764	-0.0455543811	0.0124664593	-0.1343380716	0.0544630821	0.0236301693	0.10113385	-0.1674178746	-0.0403295493	-0.1177822206	-0.0021866507	-0.0043508615	0.1036483649	0.1186599348	0.1012796562	0.0909621156	-0.0239083923	0.1793834346	-0.1160981918	-0.0672283787	0.1338075724	-0.010914099	-0.091321394	-0.0696098489	0.056547316	0.1541977696	0.0698446479	-0.1027104091	0.1010701482	-0.0745554868	0.10042058	0.0669125143	0.0070743711	-0.0029625787	-0.0193571982	-0.0719809374	0.0713253962	0.0828314343	-0.0401648546	-0.0024484531	0.0546836333	-0.0515109143	-0.0396665082	0.0341155562	-0.1074791525	0.0168933333	-0.0028194716	0.0776427417	-0.0419171852	-0.0996771564	-0.0561641737	0.0851211787	-0.016850859	-0.1073422654	-0.0095928378907643	0.0024205294475763	9.202253879848328e-05	5.8589628065840285e-06	-0.0608383548706967	0.0191152363174893	0.0003653922594734	0.0037013054233728	-0.02604757392983	9.433701791290022e-05	8.899472948698858e-09	0.0006784761076299	0.0002160001842004	0.0001699988637537	2.8899613677557443e-08	4.665607957460672e-08	-9.955785698068098e-07	6.400346647295052e-05	9.911766886585728e-13	4.096443720554101e-09	4.10000863705052e-05	-1.3809868453117295e-09	1.9071246669240438e-18	1.681007082388886e-09	0.0	0.0	0.0	0.0	0.0	0.0	0.0	0.0	0.0	0.0	0.0	0.0	0.0	0.0	0.0
871.4874339037985	-0.0172675574272034	759490.3474522276	0.0002981685395017	937.169795861405	-1.2816884758766491	1.6427253491950078	878287.2262749075	829.3598858527417	0.787208566725667	0.6196973275262788	687837.8202616728	832.3621300518971	732.8908484460783	1.350601	21.315983	0.1007542377600493	0.0623544335520531	-0.0395490164	0.1272017811	-0.0031569663	0.0699655043	-0.0397188471	0.096124432	0.090131891	0.1031618902	-0.0877602862	0.1146838879	0.0532172105	-0.0588358761	-0.1289694464	0.1630713058	0.0497651328	-0.0203905217	-0.1027591314	0.003552291	-0.0318487371	-0.0477986008	-0.0414372329	0.0711691572	-0.1060308037	-0.0835879119	0.0146275685	0.0565070752	-0.035575018	-0.0180557409	0.0574803326	0.0181718276	0.0860417494	-0.0128987741	-0.0801393717	-0.1082935061	0.0372967472	-0.024839666	-0.1914645672	-0.0078481785	0.1299895844	0.0099130793	0.1479098607	-0.0558785246	-0.0241612291	-0.1565770985	-0.0675335399	0.0605353789	0.1335858962	0.1103188348	0.0035744716	0.0980562449	0.010605432	-0.0481927393	0.0160001075	-0.0908819378	0.0049212371	0.1494816978	-0.0260969518	0.1249364134	0.0322674992	0.0422498351	0.0467870039	-0.0105194593	0.1241898856	-0.1554273248	-0.0929517521	0.0335046469	0.0826459362	0.0591732198	0.1447955025	0.1177617996	0.0427832381	0.0430512503	0.057867388	0.1581854421	-0.0445641	0.0116987431	0.0114610933	0.0060131615	-0.0231067262	-0.0651929731	-0.0720428012	-0.0503061543	0.1441016684	0.0578337564	-0.0083996945	-0.0655083088	-0.0663300592	0.0825512202	-0.0235265052	-0.1126387502	-0.0048555835152939	0.0047372543754704	2.3576691273993864e-05	2.244157901791346e-05	-0.0086571283834331	0.0521812264872636	0.0027228803977151	7.4945871847243e-05	-0.0261312688569574	-8.369492712740137e-05	7.004840826861025e-09	0.0006828432120745	-0.0001789898350456	-0.000394990019246	1.5601711530395545e-07	3.2037361049651096e-08	-0.000481003655822	-0.0004800080772521	2.3136451691412905e-07	2.3040775422734747e-07	4.095694346494e-05	-4.3142905565195186e-08	1.861310300607349e-15	1.6774712179902913e-09	0.0	0.0	0.0	0.0	0.0	0.0	0.0	0.0	0.0	0.0	0.0	0.0	0.0	0.0	0.0
873.2231629091062	1.7357290053076897	762518.6922409835	3.012755179866421	933.3287511246928	-3.841044736712206	14.75362466942454	871102.5576759786	829.5364501953125	0.1765643425707139	0.0311749670674284	688130.7222026401	831.7840320381927	729.1404828374614	1.317971	20.800989	0.1218853074571782	0.0720345377569299	0.1432288123	0.029913706	-0.0466580996	0.1038298305	-0.1296873463	-0.0691859837	0.1205489804	-0.0339304498	-0.0898822418	-0.0323184395	-0.1008023361	0.0536218295	-0.1166379229	0.1664405051	0.0853739535	-0.0600803332	-0.0075701374	-0.0206386387	0.0447434334	0.0155900337	-0.0706434457	-0.0906977264	0.0093573733	0.0856269232	-0.0568196875	-0.0391819796	-0.0510000792	-0.0391559109	-0.0010614582	-0.0315419013	-0.3065907579	-0.0703254553	0.0298460602	-0.029360359	-0.0614983351	-0.0842076498	-0.1902402984	-0.0087709806	-0.0677624087	0.1139480323	0.0835188656	-0.0018123448	-0.0594360674	-0.2144180079	-0.0188781516	0.0568944427	-0.0693280941	-0.0317390965	0.042706719	-0.1264736798	0.1118908528	-0.0622366798	-0.0083851726	0.0334331188	-0.0757327057	-0.0799040168	0.0086678596	0.1850272279	-0.0596208342	-0.1486942047	-0.079033372	-0.0709575672	0.0910227499	-0.1704733229	0.0226711272	0.0424818086	-0.1193330002	0.0269227918	0.1159298877	0.0074542905	0.0543349777	-0.0760856019	-0.0179607433	0.1358430429	-0.0114907579	0.0573504541	-0.0152154309	0.0436341248	0.016947745	-0.0320261321	-0.0153096236	0.0274086175	-0.0479818309	0.0961810638	-0.041962025	-0.0310391926	-0.0050343371	0.0799246852	-0.0301376669	-0.1172407796	-0.0210345689952617	-0.0161789854799678	0.0004424530928164	0.000261759571161	-0.0713859427533947	-0.0627288143699616	0.0039349041522611	0.0050959528227909	-0.0462062458329342	-0.0200749769759768	0.0004030047005859	0.0021350171539735	-0.0001789994399199	-9.604874300013545e-09	9.225361031906063e-17	3.2040799491637895e-08	-2.3003674360255744e-05	0.0004579999814617	5.291690340726874e-10	2.097639830189581e-07	4.099796975433647e-05	4.1026289396469946e-08	1.6831564216429024e-15	1.680833523977488e-09	0.0	0.0	0.0	0.0	0.0	0.0	0.0	0.0	0.0	0.0	0.0	0.0	0.0	0.0	0.0
874.3830247472372	1.159861838130951	764545.6739661276	1.3452794835525077	937.437610754806	4.108859630113216	16.88272745997411	878789.2740576791	830.5738451687795	1.0373949734670305	1.076188330974661	689852.9122784517	833.0598928449909	730.0787909137807	1.134049	17.898237	0.0862294289890874	0.0629837987195057	0.045346894	-0.1244629803	-0.0791004668	-0.0088772076	0.0401734491	-0.1046368826	-0.0029243147	0.0875841995	0.0846740825	-0.1599945444	-0.0545598381	-0.110954326	-0.0814030442	0.0616745379	-0.129094387	-0.0388163627	-0.1670908756	-0.0021806897	-0.0827418638	-0.0631458144	-0.1237481899	0.1092933511	0.0621889522	-0.1210557933	-0.0380601916	-0.0623655048	0.0682103022	0.0285001534	0.0946177394	0.0064512621	-0.0716776108	-0.0003477199	0.0669710712	0.0205388458	-0.0313269154	-0.1232328501	-0.0443349231	-0.1246867511	-0.1410294317	-0.0551570825	0.0351637106	-0.1208089816	0.1171672962	-0.0528670512	-0.0511160074	0.0818890604	0.1616958348	0.0853021784	0.0915557531	0.0398418424	0.0383576519	-0.0988866753	0.0295042628	-0.103550888	-0.0071859591	-0.0239567112	-0.0214428644	0.0145657187	-0.0809177249	-0.0485734057	-0.0494048628	0.0249051452	0.0169363755	-0.1585333736	0.0202623698	-0.078767499	0.010983796	-0.0266553864	-0.0518607969	-0.1016187423	-0.0088630955	0.0326783554	-0.014649897	0.1822303829	-0.0400447539	-0.0314986833	-0.0080467183	0.0054671046	0.0120783575	-0.0678158687	0.0068617681	0.1559642026	-0.0593629636	0.1773855455	-0.0068119398	0.0226345568	0.0844060373	0.0772433738	-0.0366662233	-0.1211199807	-0.0188667085122773	0.0021678604829843	0.0003559526900872	4.699619073685355e-06	-0.0108405991427957	0.060545343610599	0.0036657386329255	0.0001175185897747	-0.0421889212459376	0.0040173245869966	1.61388968372874e-05	0.0017799050758959	-0.0003619914716139	-0.0001829920316939	3.348608366349789e-08	1.3103782552119696e-07	-0.0001710185263985	-0.0001480148520382	2.9247336371514446e-08	2.1908396423903343e-08	9.996909219224138e-05	5.897112243790491e-05	3.477593281586372e-09	9.993819393740855e-09	0.0	0.0	0.0	0.0	0.0	0.0	0.0	0.0	0.0	0.0	0.0	0.0	0.0	0.0	0.0
873.2700711999687	-1.1129535472684893	762600.6172535984	1.2386655983775134	945.2616830890098	7.824072334203834	61.21610789085383	893519.6495162676	830.7446463338983	0.1708011651188599	0.02917303800596	690136.6674124339	833.5810205734865	746.0061141194424	1.552574	24.503637	0.1020972052372967	0.0580530320076306	-0.130397542	0.0850492381	-0.1235227982	-0.0055970328	0.0946797467	0.0764591438	-0.0348076866	0.0564432944	-0.0951541083	0.0402728025	0.0224224087	-0.1940802594	-0.0262091471	0.058950307	0.0077024667	-0.0863756986	-0.1122617927	0.0609653779	-0.1149994948	0.0947429089	-0.0498445574	-0.0228705156	0.0296740156	-0.0290954053	-0.2199222165	0.0949775901	0.0436690585	-0.0906403699	0.0781746754	-0.0032586623	0.1403955493	0.1769393844	-0.0382424765	0.132032549	-0.0979126053	-0.0057580339	0.0335832159	0.0687483471	0.0871221349	-0.0878240712	0.017755112	-0.1572298407	-0.0077708236	-0.0418539846	-0.0707687464	0.027250626	0.1278964401	-0.0406548452	0.0928191545	-0.1103456867	0.0148126546	-0.1298698038	-0.0763995746	-0.1205863578	-0.0211061462	0.0358183903	-0.0421921752	-0.1422445013	0.0340386958	-0.033470884	0.0464762966	-0.0443517186	-0.1709227708	-0.1027394953	-0.1312668945	0.0117641282	0.0848701239	0.0287743386	-0.0238930852	0.0733615328	-0.0782638309	0.1543370093	0.0022810647	0.1764030008	-0.1078328441	-0.0935310467	0.0679827758	-0.154814991	0.0820487461	-0.0864897774	-0.0243076224	0.0991068354	-0.0304994749	-0.0659505175	0.0442820646	0.0777533271	-0.0095351472	0.0745091236	-0.0430942802	-0.1242524367	-0.0188585685230719	8.139989205398906e-06	0.0003556456067393	6.625942426401072e-11	0.0052988132199374	0.0161394123627331	0.0002604806314143	2.807742153978336e-05	0.0042800589553735	0.0464689802013111	0.0021593661209498	1.8318904661472893e-05	-0.0007510093779505	-0.0003890179063366	1.5133493145051166e-07	5.640150857695969e-07	-0.0004289839702611	-0.0002579654438625	1.8402724674097638e-07	6.654617022722822e-08	-4.266101128950106e-05	-0.0001426301034817	2.034334641921256e-08	1.819961884242937e-09	0.0	0.0	1.0	0.0	0.0	0.0	0.0	0.0	0.0	0.0	0.0	0.0	0.0	0.0	0.0
870.9664286774395	-2.3036425225292305	758582.5198831332	5.306768871604836	941.355649026592	-3.9060340624178025	15.257102096768122	886150.4579542762	829.0195202713493	-1.725126062549066	2.976059931686044	687273.3649909381	832.5192605791491	730.4182318228262	1.480945	23.373144	0.1550112437041953	0.0873342343173006	0.095122322	0.0887346913	0.0557711508	-0.1206755933	-0.0946556446	0.0798413026	0.005315129	0.0626877173	-0.0981582025	0.0824796864	-0.0008636647	0.0414920059	-0.1388880895	0.0285871002	0.0108389062	-0.0585870601	-0.0410024731	-0.1429467618	-0.0169239463	-0.0803644666	-0.0695734668	-0.1466906654	0.1376756962	-0.0904728307	0.0863041988	-0.1021455751	0.0444601639	0.0500899984	-0.0476053465	-0.073700006	0.0001231703	0.0055895089	-0.1283018691	0.263552575	-0.0719146215	-0.1854697971	0.0128287047	0.0432849587	0.0525853605	0.0750272967	0.134802663	-0.0041545653	-0.0213462544	0.0013454612	-0.0724480356	0.0098076086	-0.060790652	0.0681288041	0.1601128059	-0.0759171775	0.1041552528	0.0909922024	-0.0309098222	0.0072637576	0.0726582306	-0.1915124284	0.0607292548	-0.1168560243	0.039400866	-0.0168879314	-0.0425688973	0.0243492492	0.0766728575	-0.041253479	0.0538171961	0.0036035751	-0.0642058854	-0.0669898894	0.0355329908	0.0643086176	0.0572869793	-0.026731867	-0.0933592147	0.1626919717	-0.0485118181	-0.1081673749	0.0784509133	0.0058352795	0.0081217769	0.0210814127	0.0047236575	0.0283002711	-0.0800775603	-0.0130835282	0.1842831451	0.1142160454	0.0265799764	0.0717238087	-0.0494042187	-0.1266188352	-0.0258970964280962	-0.0070385279050242	0.0006706596034061	4.954087506980573e-05	-0.0705479142464042	-0.0758467274663416	0.0057527260673534	0.004977008204518	0.022064178859523	0.0177841199041495	0.0003162749207651	0.000486827988745	-0.0004069846316576	0.0003440247462928	1.1835302606189417e-07	1.6563649040547236e-07	0.0002035307810495	0.0006325147513106	4.142477883461951e-08	4.000749106255102e-07	-0.0001529588822596	-0.00011029787097	1.2165620340536596e-08	2.3396419662106177e-08	0.0	0.0	0.0	0.0	0.0	0.0	0.0	0.0	0.0	0.0	0.0	0.0	0.0	0.0	0.0
870.2129145294181	-0.7535141480213952	757270.5166137842	0.5677835712684091	935.9186232491826	-5.437025777409417	29.56124930421448	875943.6693446453	828.8892730137087	-0.1302472576405762	0.0169643481228906	687057.4269171945	831.0532852290127	715.1698292737816	1.228582	19.390209	0.0668443986902295	0.0407300710538714	0.0297172496	-0.1228902126	0.0948624727	0.0042141062	-0.0177777975	-0.136228012	0.026147019	0.0928179472	0.0547810311	-0.1316794883	0.0222499467	0.0563065438	-0.0457794631	0.0233235366	-0.0926219227	0.1164081316	-0.0456546212	0.0593824338	0.0189693431	-0.0671689687	-0.0557466283	0.0042272489	0.0719598997	-0.0211325389	-0.0256682201	-0.0086993135	-0.0836974362	0.060909616	0.0168452831	0.0796219647	0.0159981876	0.1300288785	0.0087729799	0.1827823409	0.1838808607	0.0198767891	-0.1137226782	0.1473632444	-0.1308277825	-0.0309035507	0.0819495947	0.0351642679	0.0704562832	-0.0081311487	0.0900769682	0.0314996288	0.0456032124	0.018435817	-0.0447785244	0.0380693155	0.0327695969	-0.0233256765	-0.0321072073	0.0270872095	0.0242345296	-0.125433163	-0.0694321866	-0.0252372839	0.0082711718	-0.0408844308	0.0367027712	0.1802017584	0.0061081359	-0.0522611335	0.0471397601	-0.0912201144	0.025066979	-0.0366824101	-0.1340424411	-0.0137682212	0.0770187418	0.0110507525	0.0425333947	0.1595722967	-0.0420234979	-0.0479740019	-0.0164100394	0.0032975381	-0.0487253305	-0.0356629417	0.0033442891	0.0521510406	0.0714243675	-0.0606184269	0.0427962067	0.0806815112	0.0747979906	0.0688893378	-0.0555787436	-0.1282045865	-0.0311977146564004	-0.0053006182283042	0.0009732973997821	2.8096553602230772e-05	-0.0355973115122054	0.0349506027341988	0.0012215446314837	0.0012671685868969	0.0221542458150594	9.006695553639976e-05	8.112056479595812e-09	0.000490810607634	-0.0006640019829877	-0.0002570173513301	6.605791888474006e-08	4.408986334115979e-07	0.0001249862563994	-7.85445246501e-05	1.5621564288736557e-08	6.169242352510166e-09	4.154145720400293e-05	0.0001945003394636	3.7830382051456786e-08	1.7256926666320071e-09	0.0	0.0	0.0	0.0	0.0	0.0	0.0	0.0	0.0	0.0	0.0	0.0	0.0	0.0	0.0
871.7324058817482	1.5194913523300784	759917.3874643809	2.3088539698058903	938.1402190990664	2.221595849883784	4.9354881202208505	880107.0706912442	828.6842273640183	-0.2050456496904189	0.042043718456966	686717.5486818999	831.994471887968	717.6980065462882	1.241506	19.594173	0.0829932337873463	0.0658944369232554	-0.15536479	-0.0691714575	0.0675350086	0.1026010169	0.1477005874	-0.0261944777	0.0390456329	-0.1009884154	-0.057709509	-0.0006006203	0.1099815392	-0.0303271648	0.116709213	-0.068398808	0.0523924087	0.0853157519	-0.0137432637	0.0953909014	-0.0993357695	-0.0547296208	-0.0100077977	-0.0484484957	-0.1834463124	-0.0462163354	-0.0309814029	-0.0300608398	-0.0707855346	-0.113700081	-0.0175405637	-0.1257508425	-0.1264223028	-0.0385811941	-0.0199364093	-0.0144738207	0.045031919	0.054411788	0.051267764	0.0235873856	0.03368036	-0.1562988037	-0.0683540897	0.0361989977	-0.0849514448	0.03592874	0.0717191092	0.0387837398	0.0185536053	-0.0511701416	-0.1130107307	0.024457044	0.079393831	0.0756157569	-0.1512436859	-0.0040036467	0.0342709215	0.076714165	-0.1031709127	0.0695876385	0.0648318619	-0.1038514264	0.0506970773	0.0313309677	0.0476405608	0.0789425806	-0.0817916006	0.0566151498	0.0668655662	0.0587085638	-0.152158	-0.0022717735	-0.0831521735	0.0242602319	0.0376008394	0.0579680333	0.031333963	0.041933695	-0.0063255339	0.035398089	0.0426438455	-0.1025741444	-0.0199366524	-0.0149130945	-0.0186593305	-0.0485509921	-0.0422415094	0.079697184	-0.0048504794	0.0660076536	-0.0616009311	-0.1289999139	-0.0384841504593254	-0.0072864358029249	0.0014810298365759	5.309214671014727e-05	-0.033278213155711	0.0023190983564944	5.3782171870950365e-06	0.0011074394708369	0.0857135054133095	0.0635592595982501	0.0040397794806777	0.0073468050102374	-0.000663998094006	3.888981700041205e-09	1.5124178663255384e-17	4.408934688436008e-07	-7.101359666816798e-05	-0.0001959998530675	5.042930911749238e-09	3.841594240250824e-08	4.0976398659733015e-05	-5.65058544269915e-07	3.192911584524355e-13	1.6790652471213695e-09	0.0	0.0	0.0	0.0	0.0	0.0	0.0	0.0	0.0	0.0	0.0	0.0	0.0	0.0	0.0
871.5979131334298	-0.1344927483183937	759682.9221785498	0.0180882993502348	943.7464152989762	5.606196199909846	31.429435831883595	890657.2963896677	829.6342423349057	0.9500149708874231	0.9025284449102317	688292.976054613	832.8992726548323	730.1443802682977	1.323544	20.888956	0.0847666192925176	0.0541812391119888	-0.0210360856	0.1271570803	0.0456970586	-0.0425497363	0.0433358957	0.1372096712	-0.0326934041	0.0545629933	0.0367455219	0.082351798	0.01288747	-0.0580289829	0.0697173131	-0.1001458724	0.0373368915	0.0837523764	0.0088513188	0.0770122924	-0.012178234	0.0517301041	0.1388570829	0.0249857479	0.0390915393	-0.1098580321	-0.1037243261	0.0536414679	-0.0262210453	-0.0288269733	0.0554284288	0.0507039743	0.0274330373	-0.0028630045	0.0511280962	0.1666158681	-0.0244820001	-0.1458917165	-0.1515809671	0.13475061	0.108088099	0.0015039838	-0.0493447902	-0.0192557939	-0.0241215425	0.0608434536	0.1319354272	-0.012772588	0.0282160625	-0.0409892526	-0.0151609217	-0.0555739087	-0.1397528296	-0.0360159178	0.1460093798	-0.0442487346	0.1128368728	0.0279334401	-0.1445595152	-0.0626042912	0.0677294537	-0.1664892771	0.0731675327	0.0532960732	0.0641038201	0.1178706217	0.0335208624	0.0729469229	0.0122898604	-0.0761433917	0.0014084944	0.1091081291	-0.0808980201	0.0023820992	-0.1065357293	0.0776445068	-0.0409827658	-0.0478460006	-0.005923153	-0.02781636	-0.0539838953	0.0226412698	0.0181647605	0.0268551196	0.1010152805	-0.0782786734	0.0399185232	0.0484165029	0.0086230957	0.063080731	-0.0674542747	-0.1289999139	-0.03444730400048	0.0040368464588453	0.0011866167529014	1.629612933229261e-05	-0.080933503507012	-0.047655290351301	0.0022710266984668	0.0065502319899195	0.0887073477895228	0.0029938423762133	8.963092173610541e-06	0.0078689935518513	-0.0005100076480665	0.0001539904459394	2.371305744064606e-08	2.6010780108632296e-07	0.0003759893153654	0.0004470029120335	1.413679652689422e-07	1.998116033664897e-07	4.159584280982476e-05	6.194441500917479e-07	3.8371105508288793e-13	1.7302141390596503e-09	0.0	0.0	0.0	0.0	0.0	0.0	0.0	0.0	0.0	0.0	0.0	0.0	0.0	0.0	0.0
870.3235491121741	-1.2743640212556784	757463.0801392109	1.6240036586709432	936.3609690291158	-7.385446269860381	54.544816604994615	876771.8643211449	828.2800233852938	-1.3542189496118908	1.8339089634879329	686047.7971391429	831.6263438419437	718.0867301985535	1.265662	19.97543	0.0545909056025126	0.0302707506917767	0.0743154651	-0.0089988545	0.137941909	-0.0493881829	-0.1204050121	0.0045514273	-0.0705970464	-0.0323672235	0.0440113546	-0.0310376566	-0.0607168031	0.1742453033	-0.0102959155	-0.0389058134	-0.070708815	0.1191564885	0.0988378733	0.082534549	-0.0027830297	0.044834561	0.014229241	-0.0509486225	-0.005835515	0.0391477558	-0.0645124574	-0.1669375476	-0.0717915773	-0.1006277514	-0.1346338692	0.0253398741	-0.0401034676	-0.0846370541	-0.0127862816	-0.0993619287	0.0002550342	-0.035099363	0.0087946744	0.0605636177	-0.066193179	0.1031085736	-0.0130155897	0.1075523395	0.076364279	0.0550794097	0.1270977145	-0.0677983863	0.0082134442	-0.1491445709	-0.0474836865	0.0206089593	-0.0276647889	0.0436796052	-0.059220575	0.0045100522	-0.0464612953	-0.1747870224	-0.0366480855	0.0641441055	0.1079464369	0.0044036422	-0.0784265489	-0.097287053	0.0065291064	0.124265364	0.0345299533	-0.0173628268	-0.0215420117	-0.1113219401	-0.0928354327	0.0051790838	0.1005993197	-0.0149743665	0.0134199473	-0.0063715853	0.020513444	0.0749325547	-0.0361164335	-0.0074573436	-0.0063993973	-0.0601633441	-0.031401724	-0.0451118146	0.0215803218	-0.1193565029	-0.0576549131	0.0574468954	0.0324581002	0.0601105761	-0.0731227308	-0.1282045865	-0.0361447370518419	-0.0016974330513618	0.0013064420165467	2.8812789638557674e-06	-0.0586986650166636	0.0222348384903484	0.0004943880426918	0.0034455332747384	0.1053629581300299	0.016655610340507	0.0002774093558148	0.0111013529459104	-0.0005010135895336	8.994058532900005e-06	8.089308889323139e-11	2.510146168973427e-07	0.0006469895278968	0.0002710002125314	4.185954492081242e-07	7.344111519206399e-08	4.166204615143024e-05	6.620334160547827e-08	4.382882439731648e-15	1.735726089523903e-09	0.0	0.0	0.0	0.0	0.0	0.0	0.0	0.0	0.0	0.0	0.0	0.0	0.0	0.0	0.0
871.6193125465511	1.2957634343770223	759720.2260041223	1.679002877868536	940.2205260201788	3.8595569910629592	14.896180167262964	884014.6375496617	828.8896341575767	0.6096107722828492	0.3716252936832918	687058.0256138813	832.0374008426292	715.2185308296546	1.199432	18.930138	0.0604033936210181	0.0339036160406982	-0.0785928867	-0.1040539468	0.0511738071	0.1492431922	0.0966107211	-0.0978823462	-0.0974116957	-0.1160404537	-0.0722552939	-0.0876814994	0.0423583148	-0.0092386521	0.198010504	-0.0869090457	0.1684738036	0.1587877876	-0.0626038593	0.0188994964	0.0767071501	0.046594884	0.0023414787	0.09021793	-0.0809725112	-0.0766533621	0.1438647004	0.0062231207	0.0861779594	0.0419774863	-0.0317915236	-0.0193853563	0.0283695792	-0.1259330403	-0.0591521699	0.0889427441	0.0305843421	-0.0156469587	-0.0651935648	0.0129224205	-0.0560933715	-0.1000691417	-0.1511375475	0.0141726454	-0.1101708765	0.0329630122	0.1160179474	0.1022183888	-0.0508329378	-0.0475765995	-0.0392231557	0.1685646918	-0.038547342	0.1170765843	0.0167302641	0.030476526	0.0660890184	0.1017713206	0.096617373	-0.0769731932	-0.0295648416	0.003327029	0.0843588799	0.0108679509	0.1618579003	0.0843750888	-0.0571894785	0.0887077435	-0.0269542487	0.0739720909	-0.1479671349	-0.0277925091	-0.0950384298	0.0153364237	-0.0138367865	-0.0497157745	-0.0225563091	0.0827696902	-0.0162091517	0.1079984402	-0.0885429066	0.0397174057	-0.0787138301	-0.0134997854	0.0443285194	-0.0645437113	0.0273747865	0.0321577478	-0.0304012275	0.0570992244	-0.0785907625	-0.1266188352	-0.0409018359704589	-0.0047570989186169	0.0016729601857543	2.2629990121507e-05	-0.0685034140258693	-0.0098047490092057	9.61331031335203e-05	0.0046927177331996	0.0767018890773414	-0.0286610690526884	0.0008214568792429	0.0058831797880327	-0.000323974898582	0.0001770386909516	3.1342698093856135e-08	1.0495973491121721e-07	0.0006990116096736	5.202208177680005e-05	4.886172304584774e-07	2.706296992392072e-09	-7.288671393030862e-05	-0.0001145487600817	1.3121418436263772e-08	5.312473067558645e-09	0.0	0.0	0.0	0.0	0.0	0.0	0.0	0.0	0.0	0.0	0.0	0.0	0.0	0.0	0.0
873.1274148057571	1.508102259205998	762351.4824853846	2.274372424222235	938.906444249528	-1.3140817706507733	1.7268108999566714	881545.3110532921	829.2795819360505	0.389947778473811	0.1520592699366603	687704.6250160306	832.527899242893	723.9706431048655	1.204498	19.010103	0.0768475239038896	0.041721574476072	-0.1278434376	0.0754814341	-0.0109642719	-0.0265982251	0.0608577674	0.1194764651	-0.0375609632	-0.1291527307	0.0392261227	0.1127552018	0.035894313	-0.0221653333	0.1382482283	-0.0490292729	-0.1102944292	-0.0345087644	0.0673146153	0.0433537889	-0.0293835095	0.0159102788	0.0219673713	-0.0110634377	0.046797773	0.021142392	-0.0302870777	-0.0019374189	0.038839829	0.1773514502	-0.0363651182	-0.1210583202	0.0360747323	-0.0657588036	0.0297114438	0.0332755547	-0.0718894224	-0.0231395866	0.07040556	0.0035589424	0.1442285389	-0.0324273583	-0.1266702075	0.0177547761	0.0981846288	0.0547760899	0.0517942809	-0.032430529	-0.0231962549	-0.0712641416	-0.0387006318	-0.1180366565	-0.0530600586	0.0188489791	-0.0133410197	-0.0204908019	-0.0011346254	-0.0869195349	0.0067243454	-0.0894194228	-0.0535152666	0.0981363056	-0.0251884791	-0.1328750241	0.0255809846	0.0934831802	0.0949563799	0.0278302546	0.1106607744	-0.0156411471	0.0279981779	-0.0339429189	-0.1087220176	0.0511398316	-0.110339157	-0.0468744973	-0.042425131	0.0186378043	-0.0263384627	0.0770166983	-0.0829309361	0.0173418475	0.0343538698	-0.1067667481	-0.0100983047	-0.0866072437	0.0022191834	0.0087845113	0.1034168123	0.0540487397	-0.0838433825	-0.1242524367	-0.0425644068642299	-0.001662570893771	0.0018117287317037	2.7641419768145142e-06	-0.1002288094328776	-0.0317253954070082	0.001006500713731	0.010045814240332	0.0547382434326806	-0.0219636456446608	0.0004824017300042	0.0029962752940954	-0.0005193926488425	-0.0001954177502605	3.8188097116875167e-08	2.6976872367162856e-07	0.0006995800972857	5.684876120999474e-07	4.894123125182695e-07	3.231781651111003e-13	-0.0003068187152267	-0.0002339320012963	5.472418123053486e-08	9.413772401336284e-08	0.0	0.0	0.0	0.0	0.0	0.0	0.0	0.0	0.0	0.0	0.0	0.0	0.0	0.0	0.0
874.6393715544041	1.5119567486469805	764994.0302730829	2.2860132097791483	940.8370615069786	1.9306172574505356	3.727282994765827	885174.3763050862	830.9432952688925	1.6637133328420075	2.7679420538762614	690466.7599523258	833.983846271883	734.9831452918099	1.187723	18.74534	0.129132196384085	0.0688657110004996	0.034555378	0.1312519123	-0.0224941472	0.0609131561	-0.0981758886	0.1110006905	-0.1464107146	-0.0629316057	-0.0429677149	0.1321982799	-0.1112758006	-0.072995534	-0.0469208325	-0.1952351829	-0.0305397747	-0.0633195999	0.0319516597	-0.011865466	0.0711495939	-0.036725053	-0.1084360675	0.0344818476	-0.2281189541	-0.1036622101	-0.0419918408	0.1098644885	0.0403103328	0.109173973	-0.0752402303	-0.0056945214	0.1818156337	0.1265871406	-0.0354643327	-0.08144509	0.024474471	0.0826089896	0.1826022784	0.0192482054	0.0897296086	0.125211516	-0.0291381284	-0.1158229253	-0.0143686211	0.198542688	-0.0975615357	0.0467230375	-0.0438363787	0.0020774362	-0.0590586051	0.1021754376	-0.0679638266	0.0014825994	-0.1247288177	-0.2221337369	0.090140293	0.0411054089	0.0454744919	0.0092053009	-0.0148856768	0.1812269189	0.0143005944	0.1055789793	-0.1496818641	0.0888850477	-0.0258823112	0.1075112668	0.0386708453	-0.1015624037	0.0603082256	-0.0391402434	0.0254900795	0.1649959715	0.054712224	-0.0632142705	0.0452986398	0.0048856981	-0.0551919167	0.0501572033	0.0175479305	-0.0009438731	-0.0167912428	-0.1261568592	0.086626538	-0.0608889057	-0.032204	-0.0649152633	-0.038046996	0.0509612127	-0.0888661936	-0.1211199807	-0.0362283689531182	0.0063360379111117	0.0013124947170032	4.014537641104475e-05	-0.0384230131938494	0.0618057962390281	0.0038199564487402	0.0014763279428947	0.0664650413427807	0.0117267979101	0.0001375177892243	0.0044176017206975	-0.0004160997684422	0.0001032928804003	1.0669419141390686e-08	1.731390172976525e-07	0.0012431355326054	0.0005435554353196	1.5453859524261113e-06	2.954525112655885e-07	-0.0006452416859836	-0.0003384229707568	1.1453010713592557e-07	4.163368333309586e-07	0.0	0.0	0.0	0.0	0.0	0.0	0.0	0.0	0.0	0.0	0.0	0.0	0.0	0.0	0.0
872.7026120509981	-1.9367595034059375	761609.849080635	3.7510373740332144	938.8579421311282	-1.97911937585036	3.9169135038663168	881454.2355026968	830.1677940128734	-0.7755012560190835	0.6014021980871761	689178.5662162006	833.1381737947668	736.1307573969136	1.181561	18.64809	0.0935055977366669	0.0446468908956507	0.1008010054	-0.0202855835	0.001912599	-0.0994909161	-0.090456678	-0.0636461207	-0.1518697427	0.0416225738	-0.0574492632	-0.0395761442	-0.0777482458	-0.0391116353	-0.0981588134	-0.1216279882	0.0906546944	-0.0459601176	-0.0672787146	0.013649639	0.0428731617	0.0663989925	0.0307342977	-0.0941968908	0.0722296341	0.0518093589	-0.0838175332	0.0183385746	0.0587460042	-0.051719276	-0.091111212	0.0850356844	-0.0808929401	-0.0474399038	-0.0596328256	-0.0381575788	0.0786617055	0.0039725554	0.1582248064	0.0640670628	-0.0749332063	0.0764446142	0.0707655515	-0.0826623058	-0.0916319317	0.0991583629	-0.0266623199	0.0027684714	-0.0438624266	-0.0707043057	0.0853674909	-0.0612612402	-0.0744026798	-0.0857063947	0.0232787974	0.0824043044	-0.0321433874	-0.0232194386	0.0474847671	-0.0215123692	0.0889846933	-0.0436734084	-0.1702659411	0.0745521739	-0.0072417681	0.0753412707	-0.0076468608	0.0977728986	-0.1205052363	-0.0817590504	-0.0495373091	-0.0576842758	0.0177553022	-0.0603865709	-0.0070108841	-0.0377823465	0.0111424428	-0.0344645391	0.0213453047	-0.0606620056	0.006188864	-0.0169235649	-0.011867576	0.0575450761	-0.0528305845	-0.1381682786	-0.0106504205	-0.0835477897	-0.0325842676	0.0478387595	-0.0936454286	-0.1172407796	-0.0242418739676111	0.0119864949855071	0.0005876684534615	0.0001436760620375	-0.0740055349435095	-0.0355825217496601	0.001266115854065	0.005476819202275	0.0572892358161709	-0.0091758055266097	8.419540706216282e-05	0.0032820565404008	-0.0003278284859609	8.827128248130002e-05	7.791819310893464e-09	1.07471516207416e-07	0.0008245681280965	-0.0004185674045088	6.79912597872566e-07	1.7519867211731706e-07	-0.000416864863476	0.0002283768225075	5.2155973058667827e-08	1.737763144008641e-07	0.0	0.0	0.0	0.0	0.0	0.0	0.0	0.0	0.0	0.0	0.0	0.0	0.0	0.0	0.0
871.2447732385125	-1.4578388124856474	759067.4548954271	2.125294003189562	936.8209881728956	-2.0369539582326297	4.149181427959578	877633.5638812406	829.4290306235259	-0.7387633893474685	0.5457713454401594	687952.5168410819	831.9294529498692	724.0889567919875	1.177249	18.580032	0.0616302686351184	0.0317038112442159	-0.0247234231	-0.1398983855	0.0298985001	-0.1422282469	0.1002169905	-0.0831155202	0.0040086651	0.1137432309	0.1038468784	-0.1023780063	0.0672795415	-0.0449389608	-0.0065292397	-0.0811613609	-0.0843599834	0.0390631588	0.0702146904	-0.0122254335	0.0468133566	0.0468390291	-0.0363270243	-0.0797023698	0.0549571432	0.0449293848	-0.0116048862	-0.0520806842	-0.1060829798	-0.0038586457	0.0412995566	-0.018940239	-0.1179972633	0.0418410483	-0.0673138438	-0.0252798025	0.0359421112	0.1941619202	-0.002031634	-0.3497420367	-0.0582939669	-0.1131306685	0.0259133555	-0.0172164675	0.0596614387	0.0919428595	0.0648768243	-0.0612509384	-0.0591998514	-0.0140559989	-0.0084572936	-0.0156525511	0.035651783	-0.0594326779	0.0381633154	0.0311068855	0.0142784162	-0.0963310793	-0.0868048658	0.0813356972	-0.0068163001	0.0486388432	-0.0134085997	0.0058497223	0.1276969208	0.0632556049	0.1095643783	-0.0215142421	0.0400730121	-0.0369279303	-0.108991285	-0.0916935162	-0.0365055705	-0.0754494287	-0.0111546358	-0.0245874146	-0.0151285182	-0.0539063502	-0.0398550082	0.0258852772	-0.0413428845	0.0373029756	-0.0345048355	-0.036184331	0.0829331278	0.0102998078	0.0265587918	0.0272077663	-0.0035701628	0.0446835199	-0.098167988	-0.1126387502	-0.043129296045393	-0.0188874220777819	0.0018601361773711	0.0003567347127442	-0.0768007770226404	-0.0027952420791308	7.813378280944034e-06	0.0058983593512813	0.0504734095539873	-0.0068158262621836	4.6455487636271736e-05	0.0025475650720045	-1.975416603405852e-05	0.0003080743199268	9.49097865983859e-08	3.902270757011513e-10	0.0011790054797466	0.00035443735165	1.3900539212725105e-06	1.2562583624473662e-07	-0.0004169887562195	-1.2389274350004106e-07	1.5349411891966967e-14	1.7387962281348562e-07	0.0	0.0	0.0	0.0	0.0	0.0	0.0	0.0	0.0	0.0	0.0	0.0	0.0	0.0	0.0
872.4661111090543	1.221337870541788	761197.1150337567	1.4916661940195497	939.321573493186	2.500585320290384	6.252926944051761	882325.0184297147	828.5605362034444	-0.8684944200815607	0.7542825577128065	686512.5621537393	831.6758098911771	723.9475382085432	1.303529	20.573069	0.1163943768695175	0.0661875345703111	-0.1497889675	0.0468600777	0.0353120012	0.0852304325	0.1202419242	0.0675215894	0.0511820213	-0.0447787146	0.0440397179	0.0527519834	0.1437907844	-0.0086171356	0.1173377563	-0.1005654047	-0.0077389729	0.1238276915	-0.0954589565	0.1280310381	-0.0729524978	0.0042443042	0.0066861606	-0.1356423108	-0.0180099432	-0.0191977915	0.0586271946	-0.0089912436	-0.0093301373	0.0756332026	0.1541751754	0.1381687822	0.07265286	-0.0823514207	-0.0392255521	-0.1291732034	0.078145572	-0.0176322118	0.1273264418	-0.0180584306	0.1098142924	-0.0955913614	-0.0635200036	0.0875563491	-0.0266602934	0.0623052455	0.1504441136	0.041963793	0.0718381401	-0.0687538193	-0.056602793	-0.076657308	0.1531477099	-0.0155355941	0.071317757	-0.0781068299	0.0485288443	0.0363850497	0.0466515799	-0.0254832645	0.0761971776	-0.0110031982	0.0674100736	0.0854391861	-0.0516250293	0.1204305441	-0.0170860787	0.0537334029	0.1604093784	0.0135263729	-0.0512951015	-0.0386093382	-0.0260809369	0.0502892866	-0.0230904992	-0.0959531764	0.0207476599	0.0211335139	-0.0156407977	0.0952777875	-0.0426924883	0.0396171339	0.0562651642	0.0362487416	-0.0412674683	-0.0669172521	-0.0115467801	-0.0300454028	0.025959891	0.0414976565	-0.1024214758	-0.1073422654	-0.0348525689854568	0.0082767270599362	0.001214701564886	6.850421082468012e-05	-0.0263200624189039	0.0504807146037365	0.0025483025469038	0.0006927456857349	0.0839281240068601	0.0334547144528728	0.0011192179191232	0.0070439299993108	-0.0003962770716222	-0.0003765229055881	1.417694984325365e-07	1.570355174934662e-07	0.0010725844812577	-0.0001064209984888	1.1504374694348497e-06	1.1325428919374444e-08	-0.0004162882452371	7.005109824000186e-07	4.907156364630392e-13	1.7329590312258394e-07	0.0	0.0	0.0	0.0	0.0	0.0	0.0	0.0	0.0	0.0	0.0	0.0	0.0	0.0	0.0
873.3542075777744	0.888096468720164	762747.5718938024	0.7887153377532252	939.128474289112	-0.1930992040739738	0.0372873026140022	881962.2912205952	829.4604701779923	0.8999339745479347	0.8098811585456427	688004.6715878961	832.5647231443228	737.2846488543654	1.188377	18.755674	0.089303283966241	0.0633000991692603	-0.0095742263	0.1344576083	-0.0064150243	-0.0007952433	-0.0305175566	0.1294706088	-0.0586445616	-0.0527662894	-0.0845308586	0.1470947594	-0.1195160875	0.0173084492	0.1333154457	-0.0489883097	0.0525090147	0.1200412778	0.0094237057	0.0654445927	0.2013105114	-0.0118920015	-0.0321285103	0.0200800424	0.1449467495	-0.0072981098	-0.0811491036	0.0884047535	-0.1032201588	-0.0899622624	-0.0320679601	-0.0317539326	0.0839015399	-0.1175112724	0.038649	-0.0828929821	0.0565673167	0.0193888473	-0.0365497587	-0.0356376726	0.1331240885	0.1079109894	-0.125682153	-0.0225306209	-0.0796630008	0.0064553848	0.0869477161	-0.0134257063	-0.0927810273	-0.0616827876	-0.0796061023	0.143490639	-0.0816046245	-0.2040139087	0.0253309215	0.0667896506	0.0844022677	-0.0236833249	-0.0988390071	-0.048101551	0.0717476687	0.0910161186	-0.0132043239	-0.0495817234	0.037349209	0.12373247	-0.0621939399	0.1820734193	-0.0717973649	-0.0173068216	0.0323801702	0.0475330155	-0.0438852209	0.088007566	-0.0340541301	-0.0915978476	-0.0234140299	-0.0148132681	-0.0213852708	-0.0540967819	0.0110440895	-0.0204433301	-0.0117538362	-0.0802551044	0.0510088293	0.016920959	0.0212258618	-0.0428101879	-0.1382121528	0.0382833527	-0.1063942335	-0.1013839798	-0.0186517460121393	0.0162008229733175	0.0003478876293013	0.0002624666650127	-0.0859683202132686	-0.0596482577943646	0.0035579146579029	0.007390552080291	0.083982025265584	5.39012587238985e-05	2.9053456920206452e-09	0.0070529805677091	-0.0004067234147207	-1.0446343098500024e-05	1.0912608413157908e-10	1.6542393608206653e-07	0.0013300852550703	0.0002575007738125	1.7691267857554246e-06	6.630664851408771e-08	-0.0004162293233515	5.8921885600022115e-08	3.471788602662093e-15	1.7324684961764753e-07	0.0	0.0	0.0	0.0	0.0	0.0	0.0	0.0	0.0	0.0	0.0	0.0	0.0	0.0	0.0
872.2178105823994	-1.136396995375094	760763.9090971543	1.291398131097541	938.8965820141052	-0.2318922750067713	0.053774027207816	881526.7917177693	829.6838484854069	0.2233783074145776	0.0498978682234015	688375.2884375557	833.1435133806159	725.6382650929353	1.232734	19.455736	0.0409023098510763	0.0214962590239949	0.1211648308	0.0724213538	0.0669792078	-0.0847327118	-0.1543332754	0.0492426229	-0.0057346048	0.0428929958	0.0220562641	0.0436695538	-0.0718065679	0.0582327627	-0.0470883293	-0.0971551708	-0.075861463	0.1001633338	0.107452992	-0.1157846944	0.006375422	-0.0223564347	0.1313822624	-0.1663839854	0.0852289444	0.0473502686	-0.043276989	0.0104936124	0.0918871508	-0.0671814723	-0.0031699974	-0.08656824	0.005675555	0.0619740838	0.0569096189	0.1050884626	-0.076223464	0.0291258866	0.0493053671	-0.0145401279	-0.0014023275	0.1274698327	0.0420367819	0.0118183291	0.0920349248	0.0998559218	0.117775641	-0.0003684657	-0.1250630244	0.0068825062	0.0517766677	-0.0722426591	-0.0375713839	0.1425026184	0.010807167	-0.078502831	0.0222687603	-0.0594841896	0.0533435458	-0.1271104005	0.0297222602	-0.0433418825	-0.0807789002	-0.0097696422	-0.1421972156	0.1249716628	0.1164242586	-0.0266751039	-0.0072409375	-0.1665294207	0.0079997645	0.0275123083	0.0682581164	-0.0208182625	-0.072543654	-0.0271013116	-0.0044685165	-0.0085035161	0.0322920654	0.0253018776	-0.0540377052	0.010191083	-0.0269822394	0.0282647138	-0.0532114095	-0.0537242632	0.0659316869	-0.0441988588	-0.07221593	0.0350428114	-0.1100753719	-0.0948006283	-0.0186396704130231	1.2075599116201374e-05	0.0003474373131061	1.4582009401520338e-10	-0.0746863697009274	0.0112819505123411	0.0001272824073629	0.0055780538191036	0.084051546729853	6.952146426900119e-05	4.833233994106008e-09	0.0070646625076806	-0.000165325204173	0.0002413982105477	5.82730960556317e-08	2.7332423134844143e-08	0.001071025998383	-0.0002590592566872	1.1470966892123018e-06	6.711169847537637e-08	-0.0003259115450795	9.031777827199998e-05	8.157301071990152e-09	1.0621833521610697e-07	0.0	0.0	0.0	0.0	0.0	0.0	0.0	0.0	0.0	0.0	0.0	0.0	0.0	0.0	0.0
871.4231989450387	-0.7946116373606174	759378.3916596045	0.6314076542289213	937.9002994151598	-0.9962825989454132	0.9925790169614268	879656.9716430464	829.7062030144458	0.0223545290389211	0.0004997249685519	688412.3833206488	832.3814787176508	719.2016308433131	1.205117	19.019873	0.0838759290668936	0.0590150637456317	0.0454884284	-0.1227512556	0.1165525399	0.0236119386	-0.0523945701	-0.1313329274	-0.056085678	0.028589433	0.0744673383	-0.1482866067	-0.0783111624	0.055544755	0.0074019995	-0.1506218527	-0.0738738594	0.0173877446	-0.0215339611	0.0224921636	-0.0440966471	-0.0607195907	-0.09020892	0.1249332028	-0.0296730629	0.1292072164	0.0736609457	-0.0119031357	-0.1458115631	0.1131773664	-0.0617832902	-0.1066983744	-0.0228365478	-0.0642086101	-0.1375843219	-0.0389599914	-0.0909386535	-0.0358841865	-0.0362957149	-0.244089994	-0.1631697673	0.0398115349	-0.032981024	0.0080604564	0.0058316395	0.1661397126	0.09967206	0.0131163763	0.1051945103	0.0436689884	-0.0132061714	0.0995246763	-0.0140607136	-0.0544692939	-0.0443254481	0.0625764761	-0.0370760262	-0.0914186408	0.1330768319	0.063337611	-0.0325797766	0.1891721118	0.0934631557	-0.1472060312	0.0794267967	0.1067446722	-0.045637743	-0.0129050972	-0.0463965414	-0.0635976436	-0.152743498	-0.0443304517	0.0434837091	-0.0268559096	0.060087933	-0.0813863171	0.023921035	0.0315079331	-0.1045370474	0.0447931846	-0.050144555	0.0997155225	0.0320125434	0.0870487282	-0.0037454508	0.0909804432	0.0475466958	-0.031774074	-0.1382123693	0.0317782535	-0.1134548014	-0.0876327994	-0.0284205294246646	-0.0097808590116415	0.0008077264927782	9.566520300560872e-05	-0.0164125942097115	0.0582737754912159	0.0033958329100006	0.0002693732486926	0.083935915629695	-0.0001156311001579	1.3370551323748951e-08	0.0070452379325952	-4.229755547453538e-05	0.0001230276486984	1.5135802344272826e-08	1.7890831991213979e-09	0.0009710085102663	-0.0001000174881166	9.428575270095792e-07	1.0003497929174212e-08	-0.0004169796775419	-9.106813246240002e-05	8.293404750189237e-09	1.738720514829469e-07	0.0	0.0	0.0	0.0	0.0	0.0	0.0	0.0	0.0	0.0	0.0	0.0	0.0	0.0	0.0
872.1328402816754	0.7096413366366505	760615.6910977823	0.5035908266634519	941.3847682824296	3.484468867269811	12.14152328697256	886205.2819541637	829.0080740682733	-0.69812894617246	0.4873840254838695	687254.3868703878	832.0791340867848	720.9794163471541	1.128506	17.810755	0.1653379498824808	0.1152619866538085	-0.0876029336	-0.0610995642	0.0833094486	0.0220846618	0.1183416035	-0.0065721204	-0.0509132962	-0.080251636	-0.0150137585	-0.0200248478	0.1022405933	0.0098988861	0.0532171737	-0.1130019683	-0.0526935711	-0.0897023952	0.078680047	-0.0053597004	0.0837480315	0.0334369398	0.0482376284	0.0105047568	-0.0986947716	-0.0763601177	-0.1122938907	-0.0766860721	-0.0553529254	0.0186071455	-0.0259940525	-0.003801385	0.0519800329	-0.0614023375	0.2154768047	-0.0951149392	0.0905789861	0.0016490315	0.1188744407	-0.0613998205	0.0050671157	-0.1071661984	-0.0458769405	0.0799822242	0.0405032753	0.1352856295	-0.0506505458	-0.0268211319	-0.0700059901	-0.0253132059	-0.0554946561	0.0204435987	-0.0948257014	0.0370322897	-0.0209747184	0.0239174175	0.1370385578	0.0096180062	-0.0842057332	0.0877196548	-0.0464582313	-0.0513065463	0.057059408	-0.0595234219	-0.1466578695	0.1478024169	0.0922085786	-0.0267581791	-0.0020828776	0.0045381207	-0.0943176456	0.0600912116	-0.1187256785	0.0782716283	-0.005843555	-0.0776338082	0.0713137536	0.1093801829	-0.0273143067	0.0180158225	-0.0441922702	-0.0028074886	-0.053215759	0.0668167959	0.0433430311	0.0206163653	-0.0462156034	-0.0941960458	-0.1103892526	0.0284919163	-0.1165232592	-0.0799246852	-0.0188990406450955	0.009521488779569	0.0003571737373049	9.065874857946024e-05	-0.1281057603198263	-0.1116931661101147	0.0124753633557016	0.0164110858271207	0.0974352092305537	0.0134992936008586	0.0001822309277221	0.0094936199978017	-0.0001668433211737	-0.0001245457656991	1.5511647753591214e-08	2.7836693820270413e-08	0.000594544594701	-0.0003764639155652	3.534832750881765e-07	1.417250797227573e-07	-0.0005284500241162	-0.0001114703465742	1.2425638165394552e-08	2.792594279884124e-07	0.0	0.0	0.0	0.0	0.0	0.0	0.0	0.0	0.0	0.0	0.0	0.0	0.0	0.0	0.0
872.5991458766605	0.4663055949851014	761429.2693846774	0.2174409079144094	943.89932576726	2.514557484830448	6.322999344516827	890945.9371838882	830.1399612906594	1.1318872223860126	1.2811686842007226	689132.3553316575	833.400770622273	735.5700559709039	1.292276	20.395468	0.1965674541975262	0.1535689242395142	-0.0382441362	0.1481964557	0.0448149031	-0.0196460551	-0.0275018299	0.1364828932	-0.0439454051	0.0363620821	0.004108792	0.1568300898	-0.0358294111	-0.0308744805	0.04090307	-0.0676393956	-0.0226807702	-0.0082337317	0.0393642796	0.0777129385	-0.0415983438	-0.0603354331	-0.1305672859	0.0123704288	-0.0321279915	-0.0287265212	-0.0382547555	0.0791755402	-0.1121715324	0.1039368148	0.0028959873	0.0986973281	-0.0827651738	-0.0321229718	-0.0352853755	-0.0096365936	-0.0818605762	0.0788834267	0.1110606243	0.0204237297	0.1342161004	0.0593039725	-0.0437341753	-0.0300180949	-0.0193239906	0.0962714216	0.0344346921	-0.0387044012	0.0543635164	0.0342036372	-0.0832451017	0.0688485702	0.0654208725	-0.076902774	-0.0320149925	0.0353767058	0.0958556852	-0.0285223741	0.1058776519	0.0801651101	-0.0690953753	-0.0416569256	0.0067904645	0.0287314433	-0.0722177406	0.1295014069	-0.1229980579	0.033211447	0.1044960101	-0.080210673	0.0246354709	0.065094696	0.0484093708	0.0902876128	-0.0103115361	-0.0718407519	-0.0136573882	-0.00598627	-0.0319656842	0.0172440478	0.0665323461	0.0723499002	0.0302660819	-0.0354540099	-0.0254027177	0.0613570469	-5.42629e-05	-0.0675914214	-0.070651098	0.0251860523	-0.1192723348	-0.0717238087	-0.0319586340747264	-0.0130595934296308	0.0010213542919222	0.0001705529805472	0.022814586356759	0.1509203466765853	0.0227769510409806	0.00052050535063	0.0875514691688437	-0.00988374006171	9.76883176074512e-05	0.0076652597536229	-0.0002968318747447	-0.000129988553571	1.6897024059480738e-08	8.810916186445329e-08	0.0008070617882238	0.0002125171935227	6.513487300109978e-07	4.5163557542807215e-08	-0.000416880290618	0.0001115697334982	1.2447805432859372e-08	1.7378917670574817e-07	0.0	0.0	0.0	0.0	0.0	0.0	0.0	0.0	0.0	0.0	0.0	0.0	0.0	0.0	0.0
871.6681536987877	-0.9309921778727812	759805.3701726533	0.8667464352603043	934.9928165392928	-8.906509227967263	79.325906627866	874211.5669800796	829.6851392829943	-0.4548220076650295	0.2068630586564482	688377.4303470417	832.5045590811973	721.5802778426201	1.234571	19.48473	0.1725848298629636	0.1385229757715535	0.1131645018	0.0594147989	0.1097303127	-0.0028620023	-0.1670987478	-0.0356957308	0.0398625392	-0.048879274	-0.0775840617	0.02963231	-0.0983524889	0.0708918768	-0.0538628524	-0.1373552503	0.0222104966	0.0134342278	-0.0058753325	0.0224917475	0.0907723663	0.0005676549	0.0400548697	-0.1292909958	0.0197641017	-0.0666043088	-0.2354674939	0.0043215429	0.001306543	0.0467248306	0.1095496156	0.0088561481	-0.1191679338	0.0557781794	-0.0899427869	0.0032516834	-0.0029512974	-0.1075134497	0.0258156092	0.1288885319	-0.0238345417	0.1470138002	0.0301967533	0.0072755454	-0.0976373736	0.0874154431	0.0677288103	0.0585001061	-0.1259079728	-0.0061560017	0.0126218773	-0.1357945646	-0.0148377405	-0.0486723825	0.024054749	-0.0890697968	0.0940924981	-0.0234832401	-0.0099862014	0.0005780596	0.0354015936	-0.1083539878	-0.081000156	-0.0297459117	-0.1262503529	0.1326634729	0.0462218155	0.0463863883	-0.1487091583	-0.0835953751	0.0048105223	0.0958166859	-0.0074421527	-0.0191463734	-0.0902006426	0.02801011	0.019808525	0.0281683604	0.0182744253	0.0996391875	0.0112518902	0.034865702	0.0175566517	0.0410602032	-0.1094345194	-0.0397152734	0.1132390107	0.0381109118	0.0007019884	0.0218629269	-0.1216944932	-0.063080731	-0.0383374803898277	-0.0063788463151013	0.0014697624026404	4.068968031168143e-05	-0.114557218709578	-0.137371805066337	0.0188710128271836	0.013123356358474	0.0820584096766054	-0.0054930594922383	3.017370258526929e-05	0.0067335825986536	-6.786877733955887e-05	0.0002289630974051	5.2424099973356154e-08	4.60617093756662e-09	0.0009150099884807	0.0001079482002569	8.372432790194507e-07	1.1652813938703786e-08	-0.0002869692084943	0.0001299110821237	1.6876889258550726e-08	8.235132662384503e-08	0.0	0.0	0.0	0.0	0.0	0.0	0.0	0.0	0.0	0.0	0.0	0.0	0.0	0.0	0.0
871.920168750951	0.2520150521633013	760244.7806746869	0.0635115865168715	937.2782315886424	2.285415049349581	5.223121947793547	878490.4834099327	830.1223891540144	0.4372498710200716	0.1911874497070692	689103.1809747689	832.9985918913205	721.7142011110778	1.15621	18.247986	0.1327668969977903	0.1073808542693319	0.0948553936	-0.0834239945	0.1026255465	-0.0860036095	-0.0729339792	-0.0503000204	0.0338362327	0.0153554098	0.1839917616	-0.0982714103	-0.0678438864	0.0028524195	0.0232217485	-0.0984486244	-0.1900099735	0.1119001645	-0.0687927899	-0.0529095419	0.0631579381	-0.0573501001	0.0283947812	0.1065119559	0.220967563	0.0071477333	0.0795931181	0.0817768176	0.0461001986	-0.0247589418	-0.193782758	0.146948328	0.1203884976	-0.1335167273	0.0230386744	-0.0996300531	0.0014599514	0.0378377524	-0.011165475	-0.0163623655	-0.1142084581	0.0368811479	-0.0288555641	-0.0023332261	0.1714628899	0.107250958	0.1501951399	-0.0003598573	-0.0016025763	0.096527625	0.0703143348	0.1652428659	-0.0352226466	-0.1091229656	0.03487824	0.1659946325	0.0413833726	-0.0090335526	0.0969920675	-0.1251502488	-0.0001978324	0.0144284383	-0.1197317524	0.0249242325	0.0138790489	0.0644300815	0.0219616053	-0.125814654	0.0017372532	-0.1409425008	-0.0904490008	0.0032041814	0.0957851872	-0.0454917832	0.1003684478	-0.0332339661	0.0052244527	0.0471218486	-0.1326616024	0.0193171695	-0.0579841281	0.0159878716	-0.0457669741	0.0845257838	-0.1248457068	0.1635149538	0.0093123455	0.0363903506	-0.0764807825	0.0185248178	-0.1237830955	-0.0540487397	-0.0320698007992632	0.0062676795905644	0.0010284721233044	3.928380744997876e-05	-0.0086293008005924	0.1059279179089855	0.0112207237925327	7.446483230710462e-05	0.0642379262027077	-0.0178204834738976	0.0003175696312434	0.0041265111628245	-5.785859595600792e-05	1.0010181383550956e-05	1.0020373133159008e-10	3.3476171260005763e-09	0.0008980089818397	-1.7001006641000028e-05	8.064201314647746e-07	2.8903422680732707e-10	-0.0003149743409566	-2.8005132462300027e-05	7.842874442309707e-10	9.920883546104453e-08	0.0	0.0	0.0	0.0	0.0	0.0	0.0	0.0	0.0	0.0	0.0	0.0	0.0	0.0	0.0
873.1088399816489	1.188671230697878	762319.0464541005	1.4129392946888075	940.22625080923	2.948019220587639	8.690817324954152	884025.4027107811	830.5666449396865	0.4442557856721123	0.1973632031031458	689840.9516863673	833.6331184836762	723.0155546995167	1.410899	22.267639	0.1246877424027795	0.0688304193422054	-0.0628888091	-0.0931866598	0.0198000441	0.1874235275	0.0582256534	-0.1133952031	-0.0267480591	-0.0982531896	-0.1379927812	-0.0482267224	-0.0394343074	-0.0889359185	0.0878667467	-0.0481761968	0.1520141586	-0.0336838685	-0.0236257819	-0.0764565015	0.0787032804	0.1505749235	0.0725394761	0.0707134843	-0.0650691803	-0.0193771965	-0.0440974846	0.0226318596	0.1678187988	-0.0455825896	-0.208180183	0.1458287498	-0.1714893696	0.1930669255	-0.027202599	-0.0011651709	-0.016419415	-0.1598567354	-0.0180649696	0.0785589032	-0.038488281	-0.057629863	-0.0973277863	-0.0732827895	-0.1670694789	0.0167212664	0.0276135414	0.0582823719	-0.0280040171	-0.0533549548	0.0812219701	0.0377493618	-0.1253595925	0.0500508833	0.0053792042	-0.0228308303	0.0381359563	0.0937261354	0.1007517809	0.0776201885	-0.0808451182	-0.1639633289	-0.1624104729	-0.1806246929	-0.0360703027	0.03640293	-0.1055622289	0.096174611	-0.1020132238	0.1271038676	-0.0888360005	0.001416301	-0.0682637344	0.0344440247	0.0035577863	-0.0578190548	-0.0459194261	0.077103686	-0.0407838774	0.0580752961	0.0236607772	-0.0269941698	-0.1561598544	0.0763708328	-0.0181922841	-0.0039448691	-0.1228682184	-0.0789873171	-0.033135103	0.0151740128	-0.1255324169	-0.0446835199	-0.033989569300914	-0.0019197685016507	0.0011552908212616	3.685511099930556e-06	-0.0612166166654475	-0.0525873158648551	0.00276542578987	0.0037474741559643	0.0255094569760387	-0.038728469226669	0.001499894328641	0.0006507323952123	-0.0001069123995927	-4.905380363669208e-05	2.406275651227145e-09	1.1430261186669162e-08	0.0004200220729342	-0.0004779869089055	1.7641854175194242e-07	2.2847148508503477e-07	-0.0004169774046065	-0.0001020030636499	1.0404624993965553e-08	1.738701559523728e-07	0.0	0.0	0.0	0.0	0.0	0.0	0.0	0.0	0.0	0.0	0.0	0.0	0.0	0.0	0.0
873.6983140947965	0.5894741131476167	763348.7440520896	0.3474797300711691	942.1698579252436	1.9436071160135957	3.777608621418685	887684.0411828738	829.9741376768868	-0.5925072627996997	0.3510648564703924	688857.0692124919	833.2180596147207	734.233760930409	1.306413	20.618587	0.0872472103297697	0.0568817107135626	-0.1070196502	0.0392574091	-0.048611828	-0.0598304545	0.1025466022	0.0835846203	0.0621284568	-0.0055483089	0.0650984683	0.0551241315	0.0789338357	-0.0909947651	0.0308049829	0.1262453883	-0.0642280457	-0.0238815493	0.0079643549	-0.1650950163	-0.0122013325	-0.021786983	0.1285680897	0.073696411	0.1575088595	0.0576209222	0.056001225	-0.0023157738	0.0222898414	0.1342591356	0.0911014842	-0.0072208635	-0.061447596	-0.0612264398	-0.0112293857	-0.1285167575	-0.0175529049	-0.1563376419	-0.0229686394	0.0125396519	0.0941482922	-0.1001676465	-0.0014476228	-0.0307813513	0.1112363557	-0.1121229145	-0.0081851371	-0.0510447073	-0.0694536219	0.0685963929	0.1337799988	-0.0725482535	-0.0828721473	0.0885630301	0.1023179832	0.0479352829	0.0183883431	-0.0260899237	0.0722453958	-0.0659342956	-0.1408375779	-0.0108423976	0.0066789814	-0.0711201065	0.0491370763	-0.0447501168	0.1139377088	-0.0709459425	0.074784363	0.0539930921	0.0381311861	0.0089691683	-0.0565233812	0.0767254897	-0.1467113189	0.0103635217	-0.1321213281	-0.0192112428	-0.0231089649	0.0399142595	-0.0626914133	0.1297511924	-0.0131119058	0.0073872412	-0.099922498	0.0089656214	-0.0504754418	-0.0170316956	0.0674850881	0.0118128082	-0.1269376627	-0.0350428114	-0.0398310741302196	-0.0058415048293056	0.001586514466367	3.412317867080065e-05	-0.078209345607874	-0.0169927289424265	0.0002887528369107	0.0061167017404118	-0.0285991966953389	-0.0541086536713776	0.002927746402129	0.0008179140516186	-0.0003129125375289	-0.0002060001379362	4.2436056829733446e-08	9.791425614277529e-08	0.0004200650643311	4.2991396899969097e-08	1.7645465827149116e-07	1.848260207410672e-15	-0.0004169340762064	4.3328400100000476e-08	1.8773502552257207e-15	1.7383402390208418e-07	0.0	0.0	0.0	0.0	0.0	0.0	0.0	0.0	0.0	0.0	0.0	0.0	0.0	0.0	0.0
872.8613315283594	-0.8369825664370865	761886.9040774605	0.7005398165196118	940.3562116301462	-1.813646295097442	3.2893128837206773	884269.8047514003	829.6476986291274	-0.3264390477594361	0.1065624519020874	688315.3038406074	832.7599188122965	741.3174180705645	1.217155	19.209854	0.1496104474254626	0.0920130088035268	0.0162692283	0.1676882193	-0.0274794414	0.0050314829	-0.092730973	0.1244983718	0.0192250048	0.0176778896	-0.0777747418	0.1622544196	-0.0336491992	0.0668270853	-0.115251225	0.0404388272	0.0831950324	-0.0188340176	0.0704776076	-0.0129114218	-0.1356575515	0.0433986149	-0.0119551769	0.0599054801	-0.0408400052	0.0233971281	-0.0205530683	-0.1026096031	0.0447480954	0.1287905463	0.0558683987	-0.0714907336	0.0112860779	0.0972075188	0.0564759666	-0.1630451328	0.0233649593	0.115684111	0.0657618896	0.0301230634	0.130658124	0.1091244178	0.0714495199	0.0210648064	-0.0369195136	-0.0249646334	-0.0811989563	-0.0743359405	0.1015791977	-0.0184479311	-0.0157122038	0.0333941754	0.0746601114	0.1171573668	-0.0051916026	-0.111966478	-0.0153953085	0.0618587412	-0.0683017571	0.1122389929	-0.1734504156	0.1022146514	-0.0144490333	-0.0239031714	-0.0932933063	-0.0175954224	-0.0564108935	0.0113851624	0.0564975635	0.0080358203	0.1312397896	0.0401958403	0.1398657249	0.1624077212	0.0002043654	-0.0111783048	-0.083373001	-0.1292661758	-0.0194240909	0.0242730353	0.1402505077	0.0154138805	-0.0521798992	-0.0258842322	0.0854379495	0.0303539579	-0.1515629484	-0.110033936	0.0968253985	0.0084435077	-0.1279949812	-0.0251860523	-0.0385177025438991	0.0013133715863204	0.0014836134092602	1.724944923754026e-06	0.0059012908479729	0.0841106364558469	0.0070745991650076	3.482523367236871e-05	-7.591139315366036e-05	0.0285232853021852	0.0008135778044298	5.762539610529592e-09	-0.0004217617153898	-0.0001088491778609	1.1848143520993845e-08	1.7788294456854669e-07	0.0009276084295504	0.0005075433652193	8.604573985729595e-07	2.576002675781318e-07	-0.0005138046147484	-9.687053854199992e-05	9.383901237417096e-09	2.639951821367517e-07	0.0	0.0	0.0	0.0	0.0	0.0	0.0	0.0	0.0	0.0	0.0	0.0	0.0	0.0	0.0
871.703878578708	-1.1574529496514288	759867.6519291629	1.339697330656793	938.7682266235352	-1.5879850066110066	2.521696381221359	881285.783317897	829.6606932826012	0.012994653473811	0.0001688610189044	688336.8659781665	832.649451408093	732.1596460323817	1.366585	21.568247	0.0954473023707899	0.0723699202500191	0.1267263447	-0.0097861044	0.0524020257	-0.0639867152	-0.1372857672	-0.0742305536	0.0017140307	0.0702660634	-0.1195133643	-0.0300233507	-0.0621253355	0.0769921118	-0.1306510846	0.0593055651	0.1109740568	-0.0266252492	-0.1266369473	-0.0351514735	0.0377817075	0.1154051381	0.173857278	-0.0085881254	-0.0229220931	0.191307801	-0.0068489193	0.0316790015	0.0154559478	-0.0472085065	0.0821809168	-0.0252789744	0.1340016136	-0.1594771471	0.0475950212	-0.04732095	0.0235483047	-0.0619069325	0.0554423533	-0.0025431067	-0.0716436189	0.111969592	0.1182040739	-0.002654863	-0.0849681631	-0.0809365795	-0.0255342553	0.0203901551	-0.0388931745	-0.0884585649	0.098191769	-0.0737642838	-0.14919031	-0.0647136651	0.0668786306	0.1423360833	-0.1189129468	0.0664799992	0.0319172478	-0.0490907574	0.0462940698	0.0306803026	0.0922685331	0.0471293884	0.017198492	-0.0231270145	-0.0209035681	0.0615867632	-0.1631771894	0.0347462963	-0.0211553672	0.0047413295	0.1297756261	-0.0093542762	-0.0859779568	0.0411197531	-0.0918407019	-0.0478634699	-0.0098760126	-0.0731715384	0.0398488713	-0.0052375591	-0.0405469429	0.043423131	-0.1647313457	-0.0062897119	-0.043216659	-0.0248368946	0.0213745276	0.0050684204	-0.1287014744	-0.0151740128	-0.0423603644679957	-0.0038426619240966	0.0017944004778614	1.47660506629018e-05	-0.0660025888691109	-0.0719038797170838	0.0051701679183688	0.0043563417374248	-0.0051566558747282	-0.0050807444815745	2.5813964487050137e-05	2.659109981036886e-05	-0.0003968423106489	2.491940474090001e-05	6.209767326407901e-10	1.5748381952115805e-07	0.0007570823762885	-0.0001705260532619	5.731737244866419e-07	2.907913484108037e-08	-0.0004168497477905	9.695486695789995e-05	9.400246226824081e-09	1.7376371223300345e-07	0.0	0.0	0.0	0.0	0.0	0.0	0.0	0.0	0.0	0.0	0.0	0.0	0.0	0.0	0.0
871.1073788322707	-0.5964997464373027	758828.0654560291	0.3558119474997664	938.1346533271704	-0.633573296364716	0.4014151218664523	880096.6277732903	829.4951480505601	-0.1655452320410404	0.0274052238515219	688062.2006394207	832.3152231791404	721.4877140126963	1.159579	18.301155	0.0749456580309922	0.0400844758704644	-0.0055512188	-0.1073859452	0.0778247468	-0.0766927642	0.090283784	-0.0874677104	0.0908673306	0.1008081313	0.0459132386	-0.058304659	0.1239204565	-0.0267226708	-0.0153752932	0.0579295697	-0.0039529025	-0.0072462971	0.0534786714	-0.1206840187	0.0563950014	0.0173081835	0.0675823156	0.1171883677	0.0564698088	0.0483167096	-0.1115288266	0.0258361134	-0.0353909467	0.047747588	0.0464517022	0.1097391711	-0.0707856535	0.0272472509	-0.1007099943	-0.0249051167	-0.0913349589	0.0580940201	-0.085814438	0.1125164899	-0.0422692508	-0.1273254813	0.0760638531	0.021964769	0.0228321371	-0.0212067931	-0.00514179	-0.0225811119	-0.0692585265	0.0842609603	0.0782026358	0.0502522617	-0.1147390571	0.0238847261	0.0997269759	0.029849856	0.0031397439	-0.0739852989	0.0648158976	0.0789633898	-0.1005265139	-0.0229631173	-0.0346790213	0.0618817097	-0.0104579833	-0.032523775	0.0754867103	-0.1025751901	0.0023743957	0.0808195552	-0.048573163	0.0002619168	0.104678885	-0.0191555735	-0.070822842	-0.0248598411	-0.0818754375	-0.0723337658	-0.0554006666	-0.0001344107	0.0742533048	0.0232177695	-0.0174649723	0.0590026581	-0.0407688329	0.1459473716	-0.1149259382	-0.060679595	0.0350543999	0.0016898595	-0.1290552057	-0.0050684204	-0.0317322306471794	0.0106281338208163	0.0010069344618457	0.0001129572285131	-0.0483829816582925	0.0176196072108183	0.0003104505582635	0.0023409129141466	-0.0086202886363508	-0.0034636327616226	1.19967519073854e-05	7.430937617399874e-05	0.0002487033649661	0.000645545675615	4.167292193052268e-07	6.185336374546113e-08	0.0009759503151052	0.0002188679388167	9.524790175539392e-07	4.7903174641870746e-08	-0.0004171218181135	-2.7207032300002746e-07	7.402226065733928e-14	1.739906111463118e-07	0.0	0.0	0.0	0.0	0.0	0.0	0.0	0.0	0.0	0.0	0.0	0.0	0.0	0.0	0.0
871.7700836646014	0.6627048323307463	759983.0787725862	0.4391776947945225	942.0753360705428	3.940682743372349	15.528980483912624	887505.9388324261	829.5040363815596	0.0088883309994116	7.900242795510236e-05	688076.9463732997	832.8109831903655	738.9710633777968	1.496416	23.617323	0.1843869310185119	0.1227798499673259	-0.1276403088	0.1004817049	0.0255602181	0.0471800098	0.0769321477	0.0781009414	0.2196093947	0.12707176	-0.0955141613	0.0999306232	0.1172254492	-0.0640465004	-0.0085064266	0.0931327887	0.0313834485	0.0596732273	-0.140506287	0.0698608772	-0.1113039918	-0.0175186714	0.1275079808	-0.0091835432	0.0983823333	-0.042975555	0.0841986634	0.1096995286	0.029010194	0.0068562811	-0.168930618	-0.1085783917	-0.1000536262	0.1448965261	0.144620605	-0.027963768	-0.0169218158	-0.1426758067	0.0293644649	-0.1750381635	0.1387260569	-0.0805451694	0.1148553509	-0.0136994908	-0.0596861172	-0.1148523758	0.0997565336	0.0892247499	0.1377772798	0.0993547662	0.0079390102	-0.0151833546	0.0640260712	0.0262817969	0.0441816184	0.1439703427	0.1003110086	0.1314080801	0.0312273229	-0.087346053	-0.0659843144	-0.0399703974	-0.1210312154	-0.1592351201	-0.098092561	-0.0390255482	-0.1854322858	-0.0331842187	0.1384742315	0.0520506885	-0.0094532203	0.0691409352	0.048862141	-0.033490599	-0.1925405067	0.052028011	-0.0943029086	-0.0620922262	0.0254889033	-0.0098436824	0.0408554056	0.0606809084	-0.0089172025	0.0402107314	-0.1572763963	0.0778609689	0.0140454499	-0.0051917431	0.064757268	-0.0016898595	-0.1290552057	0.0050684204	-0.034021684691055	-0.0022894540438756	0.0011574750292175	5.241599819018342e-06	0.0626549162728196	0.1110378979311121	0.01232941477696	0.003925638533154	0.0018798463189284	0.0105001349552792	0.000110252834079	3.533822182788656e-06	-0.0004414049480244	-0.0006901083129905	4.7624948365859387e-07	1.9483832814042325e-07	0.0004550923631607	-0.0005208579519445	2.071090590071905e-07	2.712930061038191e-07	-0.0004168992012836	2.226168299000091e-07	4.9558252954729587e-14	1.7380494403090365e-07	0.0	0.0	0.0	0.0	0.0	0.0	0.0	0.0	0.0	0.0	0.0	0.0	0.0	0.0	0.0
872.330117844135	0.5600341795335453	760959.8344979624	0.3136382822458112	936.0114310618196	-6.063905008723168	36.77094395481792	876117.3990783955	830.4555677114042	0.95153132984467	0.905411871675966	689656.4499428706	833.3925096363619	729.3454967149285	1.333645	21.04837	0.2373515509201045	0.1773954073384853	0.0725687061	0.1473333717	0.0845888143	0.0249242376	-0.1069062085	0.0731532561	0.1648158485	0.019455062	-0.0213098119	0.1135977313	-0.0546258235	-0.0136434359	-0.0108367743	0.0601868658	-0.0356011905	0.0031065441	-0.0613386158	-0.026674415	-0.028274675	-0.002345487	-0.0585711641	0.0696092752	0.0719231017	-0.0263044123	-0.0125588071	0.0133128129	-0.0383042263	-0.0363860664	0.0592332971	0.0813385511	-0.058794518	-0.0466939913	-0.0859292714	-0.0924367713	0.02938321	0.0557313798	-0.0961175789	0.0352084597	0.107927377	0.0951110358	0.0384825071	-0.0176396442	-0.0031100315	-0.0939525856	0.0466676251	0.0038611858	0.0177237504	0.1024941241	0.0312964795	0.0255358815	-0.0270713657	-0.1640501839	0.0774830435	-0.0601058348	0.0183725255	0.0219601655	0.0031454749	0.0941812507	-0.0140712728	-0.045277469	-0.0707653644	0.0075895681	0.0697952583	-0.0243860153	0.0474854818	-0.0062976732	-0.0878338557	0.090462175	0.1231333017	0.1148283975	0.0861968641	0.0852079673	-0.1166808717	0.0050875912	-0.040469727	-0.0996366655	-0.0485075502	0.0137096091	0.0225123442	-0.0188158791	-0.0146916022	0.0126990401	0.0042786885	0.1056779079	-0.0761695596	-0.0886464287	0.1325999115	-0.0050684204	-0.1287014744	0.0151740128	-0.0187698998099108	0.0152517848811442	0.000352309138874	0.0002326169420606	-0.1091652782200043	-0.1718201944928239	0.0295221792355518	0.0119170579688509	-0.0282739715862732	-0.0301538179052015	0.00090925273426	0.0007994174692613	-9.689301429790238e-05	0.0003445119337264	1.1868847247997069e-07	9.388256219733514e-09	0.0005130196970715	5.792733391079999e-05	2.6318920958333365e-07	3.355576014013318e-09	-0.000416975006465	-7.580518140000394e-08	5.746425527087502e-15	1.738681560164868e-07	0.0	0.0	0.0	0.0	0.0	0.0	0.0	0.0	0.0	0.0	0.0	0.0	0.0	0.0	0.0
870.9876569206884	-1.342460923446538	758619.4985081909	1.8022013309809315	940.0590284540413	4.047597392221633	16.38304464951936	883710.9769779559	828.5701114294664	-1.885456281937877	3.5549453910990034	686528.4295542383	831.5805093323848	729.7727751183463	1.212178	19.13131	0.1323294847480101	0.0800050907361517	0.1030580674	-0.0651720898	0.0739966615	0.044178868	-0.1145583604	-0.1140869405	0.068579592	0.0612936364	0.0168719836	-0.1081354653	0.0031694964	0.1439768612	-0.0415974194	0.1471543467	-0.0339681337	0.0552744214	0.0102893038	0.070124403	-0.0247601881	0.0323770404	0.1162380085	0.0165102769	-0.2132369239	-0.085949835	-0.0322832155	-0.0927324012	0.0254539446	0.1520396621	-0.1104649521	-0.0003200586	0.1326256002	0.0034726646	0.0154265372	-0.0003814756	-0.0099613227	-0.1482511908	-0.0357189623	-0.0703568206	-0.1079915205	0.0548216938	0.0784083716	0.1228997778	0.048851312	-0.1467192933	0.05991914	-0.0307379135	0.1107080569	-0.0694324366	-0.0829198932	-0.050716771	-0.1455178186	0.0590768171	-0.0090381764	-0.1226951348	0.029385947	-0.0402630248	0.0284440217	0.1160957784	0.0010846109	0.0136385512	0.0707497961	0.0026423156	0.0754817429	-0.0600404708	-0.0127596348	-0.1029453532	-0.0404667831	0.0264814314	-0.0711800337	-0.0080660195	0.182700038	0.1056259691	-0.0220767679	-0.0800930537	0.0275535061	0.0963621983	-0.0387687999	-0.2107849033	-0.0525179128	0.0652108414	-0.0080329712	-0.056554913	-0.0326860019	0.0572980721	0.0331082759	-0.0839312356	0.0690894421	-0.0084435077	-0.1279949812	0.0251860523	-0.0285432731431285	-0.0097733733332176	0.0008147184417232	9.551882631045082e-05	-0.0359679154466476	0.0731973627733567	0.0053578539169743	0.0012936909415771	-0.028285425085059	-1.1453498785802402e-05	1.3118263443637708e-10	0.0008000652722424	-0.0005182379243207	-0.0004213449100227	1.775315332021194e-07	2.685705462042276e-07	0.0005632415968583	5.0221899786800006e-05	3.1724109643148775e-07	2.5222392181953827e-09	-0.0009323540995084	-0.0005153790930434	2.6561560954623765e-07	8.692841668701195e-07	0.0	0.0	0.0	0.0	0.0	0.0	0.0	0.0	0.0	0.0	0.0	0.0	0.0	0.0	0.0
872.6784147534722	1.6907578327837882	761567.6155766333	2.8586620491197325	934.9019178754828	-5.157110578558445	26.59578951947942	874041.596047256	829.2495311425167	0.679419713050379	0.4616111464814593	687654.7849000838	831.87485252009	718.3046359383804	1.384574	21.852165	0.1394438048587986	0.0624073161896635	-0.0724413121	-0.1200243273	0.0668384635	0.0578070619	0.0916540085	-0.1069315123	0.0771597798	-0.071454529	-0.0529420167	-0.104976113	0.1077514945	-0.0143940882	-0.0450549817	0.0418026689	0.0863120523	-0.1890321343	0.1536003618	0.1399382251	0.1263832149	-0.1091913944	0.0580938818	-0.0378670561	0.0229910446	0.0104346673	-0.0768847764	0.1217011666	-0.0989437856	-0.1443715543	0.0853995573	0.0253551343	0.2263592296	0.1221532165	-0.1765056379	0.0135081417	-0.0245596919	0.164171947	-0.1011355864	0.0694386531	-0.0634732089	-0.1183809588	0.0497124005	0.0289558245	-0.0270850826	-0.0253901748	-0.2130435327	0.0759330007	-0.1212873092	0.0989582113	-0.281181633	-0.0074933187	-0.1108359534	-0.091559927	-0.102315573	0.0751812202	0.0078087687	0.0482087238	-0.0735872982	-0.0902843986	0.2345885861	0.0953177102	0.1178634818	0.0119280524	-0.1020230928	-0.1732805985	0.0814617059	0.0466119177	-0.0025460266	0.0874268408	-0.1508381747	0.2065741311	-0.0648360993	-0.1147161984	0.0092493596	-0.096068246	0.2384544901	0.1034909572	0.0663921952	0.0085523658	0.4167496701	-0.0072363692	-0.0170839652	0.1591745706	0.3839696578	0.0961477022	0.1889032348	-0.1634796065	0.1040928129	-0.0118128082	-0.1269376627	0.0350428114	0.0036443292555361	0.0321876023986646	1.3281135722756303e-05	0.0010360417481745	-0.075231179147849	-0.0392632637012014	0.00154160387647	0.0056597303159757	-0.0531824964630516	-0.0248970713779926	0.0006198641632008	0.0028283779300424	-0.0001368900228788	0.0003813479014419	1.454262219341411e-07	1.8738878363758393e-08	0.0003130481466246	-0.0002501934502337	9.799914210509708e-08	6.259676253984292e-08	-0.0007019781035652	0.0002303759959432	5.3073099506821353e-08	4.927732578849946e-07	0.0	0.0	0.0	0.0	0.0	0.0	0.0	0.0	0.0	0.0	0.0	0.0	0.0	0.0	0.0
871.784850793547	-0.8935639599252454	760008.826073127	0.7984565504772856	935.9386536673212	1.036735791838396	1.074821102078786	875981.1634285979	827.1091251781152	-2.140405964401566	4.581337692445798	684109.504952907	829.7092276556078	721.8776592827215	1.519721	23.98514	0.0603723431228101	0.0303571765999545	-0.0950972172	0.0415303946	-0.0061624581	0.2018334051	0.0890978174	0.006863993	0.1051614213	-0.1206286313	0.0351472298	0.0117839023	0.3176428688	0.1277501123	-0.0249193851	0.067077984	-0.1922271897	-0.2700388859	-0.06093856	0.1983933973	0.2438932139	-0.1466843943	0.1604344655	-0.0440639808	-0.1662200885	0.0203696727	-0.0039192036	-0.018800738	0.0859338209	-0.0054196447	0.0291159328	0.0895829576	0.071208023	-0.0133413207	-0.0934213712	0.1690410306	0.0220986874	0.0497489642	-0.0435800021	-0.0399846171	0.0551704341	-0.1552494722	0.0839663565	0.2744340933	0.1636970143	0.049847612	-0.2693108784	0.3582879436	-0.0193061451	0.1296035643	-0.1672343205	-0.1219844613	-0.2008893409	0.0210167426	-0.0302911643	-0.0478410817	-0.0449442312	-0.0814017627	0.0610253442	-0.0971072181	-0.0056079014	-0.0330512327	0.0721637244	0.1315716861	0.0777362038	-0.1344239362	0.0313891945	-0.1086496647	0.1213930071	0.1589764273	0.0629103483	0.1072228408	0.0571316145	0.2440338417	-0.103254954	-0.1232174383	0.472891622	0.1166017724	-0.0187791129	-0.0894779911	-0.2134001962	-0.2740161881	0.2630332199	0.2172036084	-0.1384632364	-0.2183970016	0.0619547839	0.0240953884	0.1093000186	-0.0151740128	-0.1255324169	0.0446835199	-0.0093251344092522	-0.0129694636647883	8.695813175061938e-05	0.0001682069877522	-0.0539687493466374	0.0212624298012116	0.0004520909210514	0.0029126259060401	-0.0631021011742518	-0.0099196047112002	9.839855762646524e-05	0.0039818751726055	-0.0001678459909986	-3.09559681198e-05	9.58271962234074e-10	2.8172276694302115e-08	0.0003105833327452	-2.4648138794e-06	9.646200657911565e-08	6.075307460082878e-12	-0.0009929742204782	-0.0002909961169129	8.467874005844434e-08	9.859978025342887e-07	0.0	0.0	0.0	1.0	0.0	0.0	0.0	0.0	0.0	0.0	0.0	0.0	0.0	0.0	0.0
875.3219412492053	3.5370904556583582	766188.5008322772	12.511008891509452	942.6938643723392	6.755210705018044	45.63287166919038	888671.7219252543	831.2059363791028	4.096811200987645	16.783862016537828	690903.3086718611	834.6562830455073	740.979638962253	1.625909	25.661064	0.2145757970511041	0.1372734034861265	-0.0202066312	-0.0531172692	-0.1508521173	0.0105310394	0.0423969178	0.0124728191	-0.0149462788	-0.0033171447	-0.1826976827	-0.0617631659	-0.0255641592	-0.1795728288	-0.0668405377	0.1689429647	0.1216215657	-0.0656471349	0.0850790693	0.1874723483	0.0566943923	-0.107015659	0.2000749722	-0.1424372424	0.0115738012	-0.0982008477	0.0923048421	0.01719153	0.0503670367	0.0030823855	-0.0826777993	0.0266203223	-0.0500205474	-0.1013368309	-0.014611374	0.0828118083	0.1696529528	-0.0111658627	0.0581543466	-0.172908327	-0.0325200951	-0.0537014624	0.0621124558	-0.1839640031	-0.0562424915	-0.1207950977	-0.0582874817	0.0574277523	0.0401507422	0.0236984434	-0.255294376	-0.1169572322	-0.0497202128	0.119982949	0.0053429363	0.0360311593	0.0890194724	-0.0116188482	-0.0311945465	-0.0849707357	0.016913334	-0.1029622294	-0.1147483954	0.0737457034	0.1863180622	-0.2236751536	-0.1804717454	-0.0630714352	0.0019342565	-0.0398266122	-0.0383046116	0.0246304668	-0.0855337006	-0.0707284639	-0.2984897039	-0.0022422341	0.0476126483	0.0738179301	0.0501780294	-0.0599948149	-0.0578533714	-0.0142328402	0.2341409036	-0.1535925579	0.0046542007	-0.1223476856	-0.0076935706	-0.0290999558	-0.2578819695	-0.0185248178	-0.1237830955	0.0540487397	-0.0158574340159702	-0.006532299606718	0.0002514582135708	4.267093815192815e-05	0.0734881433792935	0.1274568927259309	0.0162452595033494	0.0054005072173356	-0.1050661347998698	-0.041964033625618	0.0017609801181319	0.0110388926817844	-0.0005669855950563	-0.0003991396040577	1.593124235273375e-07	3.214726650013467e-07	3.225478305135532e-05	-0.0002783285496938	1.0403710296899982e-09	7.746678157467898e-08	-0.000897990952373	9.498326810519991e-05	9.021821219944288e-09	8.063877505437676e-07	0.0	0.0	0.0	0.0	1.0	0.0	0.0	0.0	0.0	0.0	0.0	0.0	0.0	0.0	0.0
875.7833824621521	0.4614412129467382	766996.5329968481	0.212927993005757	944.0601002553876	1.3662358830483754	1.8666004881289744	891249.4728942126	831.2848893843357	0.0789530052328473	0.006233577035298	691034.5673187271	834.4044976238508	734.5718247634858	1.177517	18.584269	0.1843668662888443	0.1052947731139707	0.0331433784	-0.0949940425	-0.0796919453	-0.1138696187	0.0170469398	0.0475588907	-0.1053668255	0.0743380716	0.1222490574	-0.0877046119	-0.0569805007	-0.0942662741	-0.0095226691	0.114090142	-0.0549760889	-0.0252696538	0.1661446794	0.0074301286	-0.0940698623	-0.1429427728	0.0495431373	-0.0448814259	-0.0147401005	-0.1993370904	0.1026782319	0.0346663408	0.0057278204	-0.0605387771	0.0420318476	0.044439237	-0.1693715396	0.0575471708	0.1030510815	0.050406815	0.0692258146	0.1625453554	-0.0414901953	0.0687609504	-0.0762328837	-0.0368873031	-0.0089966333	-0.1074696373	0.0939882294	-0.0451144887	-0.0625559537	-0.1299593314	0.036635667	0.0865471036	-0.1239365561	-0.0514801568	0.0335318232	0.0870136537	-0.046664075	-0.02975869	0.0955058044	0.0091860999	-0.1162247696	0.119398731	0.1202770045	-0.1134670986	-0.1070407306	0.0605856957	0.068710837	-0.1266446722	-0.0136094529	-0.2013016813	-0.052320111	-0.0568466726	-0.0025743505	0.0517097666	-0.074640775	-0.0886421151	0.0282234825	0.0091319233	0.0485696517	-0.0146745841	-0.0601730512	0.0533339082	0.1310264888	-0.1330074655	0.0100709078	-0.0279050859	0.0764939066	0.1195799405	-0.1866455849	0.1727245655	-0.051096829	-0.0218629269	-0.1216944932	0.063080731	-0.0149721699641247	0.0008852640518455	0.0002241658734346	7.836924414899126e-07	-0.0118164959218205	-0.085304639301114	0.0072768814862931	0.0001396295758704	-0.0471286069546437	0.0579375278452261	0.0033567571328163	0.0022211055934852	-0.0001249752842724	0.0004420103107839	1.953731148392799e-07	1.5618821678967186e-08	8.403672916212912e-05	5.17819461107738e-05	7.0621718482690435e-09	2.6813699430190822e-09	-0.0005869945074545	0.0003109964449184	9.671878875194559e-08	3.445625517817511e-07	0.0	0.0	0.0	0.0	0.0	0.0	0.0	0.0	0.0	0.0	0.0	0.0	0.0	0.0	0.0
874.3275535410437	-1.4558289211083777	764448.6708810666	2.119437847535582	937.8537249618702	-6.206375293517453	38.519094283983854	879569.6094248552	830.4275148787589	-0.8573745055767859	0.7350910428130379	689609.8574677113	832.7846959323379	724.6242836878779	1.06837	16.861647	0.1169362150274596	0.0548989566003298	-0.0376472558	-0.0871196667	-0.0658149739	0.1020329084	0.0517930584	-0.0656109133	-0.063170437	-0.1196463405	0.0111501481	-0.0712711225	-0.0773308172	0.0045202184	0.1243293357	0.0464236187	-0.0063364615	-0.1122196479	-0.0256340348	0.1071447604	-0.0053956612	-0.088201348	-0.2251446218	0.1079670003	-0.1561929149	0.0025660231	-0.1104315905	-0.0241523239	-0.0217528517	-0.0146066633	-0.0145476164	-0.0963849006	-0.1080081287	-0.0068729347	0.1150414093	0.0983457034	0.0145242202	-0.0523443172	-0.1197689119	0.0537451426	-0.0877962042	-0.0255711908	-0.1451186457	-0.0108477071	-0.0075537673	-0.0170699082	-0.1088648586	0.0323265993	0.1005274176	0.0042254757	-0.0779089224	0.0553791454	0.0928617249	-0.0658273011	-0.2701497147	0.0452437432	-0.0243620687	-0.0547530872	-0.167350316	0.0709233741	-0.1071950045	-0.0996006397	0.0716801103	-0.1154040451	0.0677197214	-0.0618083267	-0.1115183301	-0.0396580003	-0.0290548391	0.0039732	-0.0851902277	-0.0936739317	-0.0606057474	0.1039072926	0.0614151037	0.0437964178	0.0987321558	0.0856250357	0.0394014398	-0.0065354278	0.0220656853	0.0076265935	-0.0288845405	-0.2524771341	-0.0255534377	0.1392674198	-0.0380460734	0.0976574739	-0.0489985652	-0.0251860523	-0.1192723348	0.0717238087	-0.0300180784905848	-0.01504590852646	0.0009010850362669	0.0002263793633866	0.0145415864051159	0.0263580823269364	0.0006947485039535	0.0002114577351774	-0.0470111462130091	0.0001174607416346	1.3797025825350428e-08	0.0022100478682609	-0.0007547081294262	-0.0006297328451538	3.965634562654999e-07	5.695843606219938e-07	0.0006523393440922	0.00056830261493	4.255466198506417e-07	3.229678621363564e-07	-0.0008972543160192	-0.0003102598085646	9.626114881060424e-08	8.050653076150824e-07	0.0	0.0	0.0	0.0	0.0	0.0	0.0	0.0	0.0	0.0	0.0	0.0	0.0	0.0	0.0
876.8243494631232	2.4967959220795137	768820.9398114292	6.233989876512889	942.328752924887	4.475027963016828	20.02587526978254	887983.4785889727	830.791307518917	0.3637926401581808	0.1323450850332596	690214.1966489918	832.7410272586865	733.4579248446935	1.097435	17.320362	0.1222025441864164	0.0775404046720281	0.0799937016	-0.0945834993	-0.1068136776	0.0479274681	0.0443731572	-0.0111426584	-0.1258371744	-0.1211724759	0.0102634327	-0.0902006207	-0.1645939777	0.0266956134	0.1580208102	0.0467224448	0.0040434284	-0.0702982737	-0.1127264304	0.0212919831	0.0218114066	0.0045665098	-0.0988319067	-0.2484339251	0.1527339321	-0.0157106307	0.0301332787	-0.0412201802	-0.0919600798	-0.0690385517	-0.0370815652	-0.0031186702	0.0829013877	0.0016383037	0.0901486168	0.0274926614	0.1080060682	-0.0085098881	0.0845781571	0.0310622902	-0.1118785808	0.0369139274	-0.2113854834	-0.0281411318	-0.00968983	-0.0986771768	-0.1071251559	0.0167822486	-0.0084148982	0.004334582	-0.0047203514	-0.0822396789	0.1837187983	-0.1295837226	0.0094115015	0.0968373646	0.1901515738	-0.0611868042	-0.08053068	-0.0467383571	0.0588216827	0.0907670728	-0.0190495104	0.1995307749	-0.0743100313	-0.0654973826	0.0419820389	-0.0178108832	-0.1726756749	-0.0546720063	0.0503760749	-0.0825359885	-0.1367092624	-0.0461868216	3.72456e-05	0.0195594262	0.1006365494	-0.0622919418	-0.1643543665	0.078478752	-0.0353736353	0.0516487268	0.1343779663	-0.0318664285	0.1300795694	0.1910432767	0.0957423489	0.1015009045	0.028746727	-0.0284919163	-0.1165232592	0.0799246852	-0.0221964827105267	0.007821595780058	0.0004926838447187	6.117736054662266e-05	-0.0597644792481588	-0.0743060656532747	0.0055213913928687	0.0035717929798036	-0.0638845956677727	-0.0168734494547636	0.0002847132965024	0.0040812415636348	-0.0007966694437004	-4.196131427419995e-05	1.7607518956181767e-09	6.346822025259047e-07	0.0009072912439518	0.0002549518998596	8.231774013516047e-07	6.500047124201952e-08	-0.0007301388641866	0.0001671154518326	2.7927574241214053e-08	5.331027609956982e-07	0.0	0.0	0.0	0.0	0.0	0.0	0.0	0.0	0.0	0.0	0.0	0.0	0.0	0.0	0.0
876.6233038248382	-0.2010456382849952	768468.4168087746	0.0404193486734211	945.3167939775444	2.9880410526574224	8.928389332366077	893623.8409759832	830.2051808483196	-0.5861266705974231	0.3435444739856201	689240.6423073912	832.975782594754	742.8620088923047	1.080021	17.045534	0.096753997194023	0.064249974283964	0.0461312217	-0.1174297835	-0.1579814318	-0.1264074339	0.0284213952	0.0119748294	-0.1711135887	-0.0061096796	0.1788875394	-0.0844755854	-0.0809503614	0.0454816013	0.075857371	0.0688425928	-0.1374515738	-0.0472460391	-0.0013187066	-0.0557614093	-0.1027404499	0.0815165844	-0.0117673173	0.0522184123	0.0533264575	-0.0525482091	-0.0874709336	0.1771947512	0.0123263592	0.0500809688	0.033887749	-0.0484788374	0.1019101468	-0.1425350327	0.122583827	0.1178557962	-0.1402952084	0.0959662061	-0.0317800961	-0.0666219035	-0.1062111161	0.0225049962	-0.1308174199	0.0193626622	0.1751576683	-0.0398614219	-0.0901413801	-0.0990532079	0.0651252417	-0.0383645162	0.0506292969	0.0021082956	0.0179237502	-0.0645883369	-0.0883284608	0.0245605976	0.0557677456	0.1640097099	-0.0350038404	-0.1947941007	-0.0299787883	0.1035039049	0.0198227555	-0.0395050235	0.0219604906	-0.0749019919	0.0414017202	-0.1335902841	-0.0307584804	-0.111970748	-0.0136816025	-0.1565376778	-0.0654694328	0.0280468496	0.0068486872	-0.0076292324	0.0299056926	-0.0650595437	-0.0285365409	-0.0418355813	0.116437022	-0.0524351943	0.1152259573	-0.1714745315	-0.0134014665	0.0294704749	-0.0775513063	0.0422184096	-0.1550299281	-0.0317782535	-0.1134548014	0.0876327994	-0.0223552532119981	-0.0001587705014714	0.0004997573461725	2.5208072137480352e-08	0.0020295038398501	0.0617939830880089	0.0038184963458811	4.1188858359663e-06	-0.0812243970436554	-0.0173398013758827	0.000300668711755	0.0065974026751053	-0.0007480303153099	4.86391283904999e-05	2.365764810587533e-09	5.595493526226285e-07	0.0009483741070657	4.108286311390002e-05	8.994134469526639e-07	1.687801641635447e-09	-0.0009896457172554	-0.0002595068530688	6.734380678967175e-08	9.79398645681955e-07	0.0	0.0	0.0	0.0	0.0	0.0	0.0	0.0	0.0	0.0	0.0	0.0	0.0	0.0	0.0
875.9224779021562	-0.7008259226820428	767240.1872942533	0.4911569739031366	941.5788190177316	-3.7379749598128456	13.972456800187844	886570.672422826	830.4199125085987	0.2147316602790852	0.0461096859262124	689597.2310907887	832.3857005678824	743.3344962522533	1.073003	16.934772	0.0554055583893398	0.0324842898857105	0.1023308836	-0.0749751048	-0.1819103111	0.0152161561	-0.0086827069	-0.0343324708	-0.1925405456	-0.0080817972	0.1221604122	-0.0942094268	-0.0915915857	0.0357546589	-0.0586322812	-0.0419261297	0.0102905634	-0.1304623453	-0.0755478303	0.0526247016	-0.181140904	0.12477214	0.0154295239	0.0939549799	0.1275824457	0.0044706466	-0.0210890078	-0.0759622631	0.0441695272	0.0659672528	-0.0791217369	-0.1751007891	0.1309644609	0.0356618084	0.0041618523	-0.0551610729	0.0737529304	0.2090743547	0.1322754971	0.1187353466	-0.1195495095	0.0442217741	-0.0320022762	-0.0181283986	-0.0147999789	0.0630749456	-0.117148864	-0.0516326452	0.241558793	-0.0248859726	0.0901807475	-0.0054118125	0.0382780061	0.0640303811	0.0438284552	0.1014031569	-0.0249911303	-0.0033603552	-0.1518443172	-0.1373043891	-0.0107278539	0.2249265461	-0.0731520786	-0.0632332812	-0.053764578	-0.079431666	-0.124792375	-0.0273086344	-0.10023162	-0.0678456671	-0.0188688114	-0.1424383564	0.0133944484	0.0615770927	0.1036544953	-0.041155698	0.0304807785	-0.1526079651	-0.06911166	-0.0060862152	0.0295678639	0.0135605106	0.096693912	-0.0452716081	0.0352781424	0.0484816219	0.0190627544	0.0374532431	0.0542859382	-0.0350428114	-0.1100753719	0.0948006283	-0.0223174828968666	3.777031513150023e-05	0.0004980700428519	1.426596705132835e-09	0.0300118927540182	0.0279823889141681	0.0007830140893437	0.0009007137066786	-0.0725468734470951	0.0086775235965603	7.529941576886093e-05	0.0052630488469488	-0.0009100221067863	-0.0001619917914763	2.624134050573344e-08	8.28140234839776e-07	0.0010679095748233	0.0001195354677575	1.1404308599992811e-06	1.4288728052028217e-08	-0.0008970154652198	9.263025203559998e-05	8.580363592178774e-09	8.046367448434942e-07	0.0	0.0	0.0	0.0	0.0	0.0	0.0	0.0	0.0	0.0	0.0	0.0	0.0	0.0	0.0
873.6278780922424	-2.294599809913734	763225.669379954	5.265188287656144	941.869162313054	0.2903432953223728	0.0842992291386545	887117.518916294	830.1863229811566	-0.2335895274420636	0.0545640673306066	689209.3308649734	832.7374447660503	742.4642504567523	1.143687	18.050348	0.1168397759255282	0.0856322171269154	0.0654225335	-0.1152855637	-0.0551959353	-0.1852791619	0.0339567567	-0.0998475282	-0.1290425567	0.1938232607	0.0590704773	-0.0998017043	0.0142303614	-0.0230986928	-0.15527209	0.0300733778	0.0827524655	-0.1025534394	0.1154179363	-0.0965283096	-0.0327789686	-0.0488477154	-0.0309980809	-0.0064139879	0.1642755511	0.0815030983	-0.039518184	-0.0480253364	-0.092392859	0.0822707391	-0.0479935615	-0.0230147445	0.0429080588	-0.1953812666	-0.0120383681	0.0853226404	0.0003506809	-0.0471215623	-0.151891812	-0.065230456	-0.0964970269	-0.0391906604	0.1203031028	-0.0542719644	-0.0683997655	0.0042799823	-0.0745503887	-0.1999365346	-0.0511240594	0.1166162212	0.061734979	-0.1090024446	0.0439017443	-0.016872146	0.0797347512	0.0911647562	-0.065703959	-0.1175961548	-0.0630621912	0.0276148635	-0.0131458406	0.0848544587	0.0228678249	-0.1551987759	0.1168898339	-0.03425225	0.0555274573	-0.0632215518	-0.1158962997	-0.0100988788	-0.0362031011	-0.0541070906	-0.058696124	-0.083529695	-0.0642801905	-0.0233536855	-0.0395684761	-0.1871288252	-0.0042768734	-0.1585304441	0.062358297	0.0394739855	0.0694035038	-0.063236587	0.0324154796	-0.1350741298	-0.0085442722	0.0959800317	0.1222864254	-0.0382833527	-0.1063942335	0.1013839798	-0.0222857158229601	3.1767073906500964e-05	0.0004966531297417	1.0091469845810943e-09	-0.0550773333193461	-0.0850892260733643	0.007240176393764	0.0030335126455703	-0.0598324786687527	0.0127143947783423	0.0001616558345795	0.0035799255036467	-0.0009745962014636	-6.457409467730004e-05	4.169813703392909e-09	9.49837755907278e-07	0.0011743355455373	0.000106425970714	1.3790639735123882e-06	1.1326487242417213e-08	-0.0006879277706128	0.000209087694607	4.37176640360701e-08	4.732446175802972e-07	0.0	0.0	0.0	0.0	0.0	0.0	0.0	0.0	0.0	0.0	0.0	0.0	0.0	0.0	0.0
871.6076797731016	-2.020198319140832	759699.9474394496	4.081201248659442	945.9867627433176	4.117600430263678	16.95463330330763	894890.9552855819	829.5637098780218	-0.6226131031348814	0.3876470761952464	688175.9487465867	832.96991988393	729.3525984096713	1.116502	17.621302	0.1464384405405606	0.0773352115691745	-0.0532384884	-0.08068942	0.0695363218	-0.1491056491	0.0763435529	-0.0159346366	-0.0083354831	0.2320502503	0.0613618718	-0.070364978	0.1198421698	-0.043525197	-0.1237834243	-0.0181772939	0.0174608389	0.0854534291	0.1158313825	-0.0411127182	-0.1234151671	-0.0057051639	-0.1353314574	-0.0596354482	-0.0641655754	0.1041049794	0.0997145604	0.0780136495	0.0578047745	-0.0143085138	0.1002162764	0.0540802046	0.0338040668	0.0213177943	-0.044782225	-0.1184570004	0.0968091699	-0.1082580586	-0.0867832866	-0.0651237192	-0.0370457844	-0.1128703487	0.1455076389	-0.020589371	0.0110361728	0.0363532657	0.0453650797	-0.1897214971	0.0153726647	0.0227010491	-0.0102694475	-0.0677232398	0.1987682974	0.0029141597	0.0126648215	-0.1686214589	-0.0464228411	0.1159059697	0.0179228066	0.0460579879	-0.0640588153	0.004223594	0.1325510662	-0.0084756279	0.0400176463	0.0264429937	0.0197056541	-0.1246823594	0.0822023059	0.0116751569	-0.071114827	-0.0467753743	0.0762949634	-0.0387147919	0.0293262669	-0.0409222487	-0.0435587367	-0.1460746893	0.0506596258	-0.0410991801	0.0655744038	-0.0023797259	-0.0104680045	-0.1436122122	0.1515933852	-0.1694180121	-0.0268546653	0.0679225713	-0.0224468316	-0.0414976565	-0.1024214758	0.1073422654	-0.0220105432473474	0.0002751725756127	0.0004844640140433	7.571994636932736e-08	0.0061876308436552	0.0612649641630013	0.0037533958338938	3.828677545735316e-05	-0.016321591032451	0.0435108876363017	0.0018931973428988	0.0002663943338305	-0.0008792400061144	9.535619534920005e-05	9.092803991474798e-09	7.730629883520501e-07	0.0016984000840019	0.0005240645384645	2.884562845337661e-06	2.7464364047611404e-07	-0.0008962553601119	-0.0002083275894991	4.3400384546505547e-08	8.032736705293116e-07	0.0	0.0	0.0	0.0	0.0	0.0	0.0	0.0	0.0	0.0	0.0	0.0	0.0	0.0	0.0
871.4280596435807	-0.179620129520913	759386.863134176	0.0322633909291095	941.043234064338	-4.943528678979646	24.43847579989425	885562.3683782684	829.8141172397062	0.250407361684438	0.0627038467857609	688591.4691703129	833.1532812729338	731.1265383315133	1.124754	17.751535	0.061146353497583	0.0368636858887786	-0.1115980679	-0.0406491411	0.0821249538	0.0894679596	0.1066373532	-0.0360060406	-0.0200498688	0.041037823	-0.1289182529	-0.068067253	0.1031407905	-0.0418701931	-0.0239963945	-0.0773116104	0.1859694172	0.0914135139	-0.1073078818	-0.0157347481	-0.059406322	-0.1233059745	-0.0889383849	-0.0618694912	-0.1030719646	-0.0409859528	0.0086699366	0.0384853805	-0.034265557	0.0043142784	0.1392066834	-0.0574506928	0.0568761914	0.0198434278	0.1524661246	-0.0178287713	-0.0503655266	-0.0909202526	0.09400259	0.119690605	-0.0154925859	-0.1265721842	0.0632863968	-0.0219666329	-0.1849173872	0.0273595124	0.076201428	0.0231424385	-0.0034956849	0.018542744	0.1037782035	-0.0602707228	0.0882033328	0.0070323909	-0.0927821515	-0.1617808203	0.0211321718	0.0435060786	-0.0450640123	-0.0052321711	0.0003638156	0.0420002466	0.1442805642	-0.0455849407	-0.064680021	0.0338728677	-0.1310529025	0.035420231	-0.0230885956	0.1628434552	-0.0915525433	0.0202028081	0.0052678227	-0.0352715712	0.0190544848	-0.0308298849	-0.0179234417	-0.0637049009	0.0021823683	0.0091501983	-0.0563507468	0.0215521659	-0.0427780453	-0.1658653266	0.0573787967	-0.1506384909	0.0933925432	0.12316629	0.0136263423	-0.0446835199	-0.098167988	0.1126387502	-0.0221491060681415	-0.0001385628207941	0.0004905828996177	1.919965530641819e-08	-0.0231448781512852	-0.0293325089949404	0.0008603960839382	0.0005356853846378	-0.0123327280080474	0.0039888630244035	1.591102822745423e-05	0.0001520961801204	-0.0010149263687077	-0.0001356863625933	1.841078899380048e-08	1.030075533898198e-06	0.0012809525959671	-0.0004174474880347	1.6408395531148526e-06	1.742624052665644e-07	-0.0008968498826327	-5.945225207999857e-07	3.534570277383695e-13	8.043397119782878e-07	0.0	0.0	0.0	0.0	0.0	0.0	0.0	0.0	0.0	0.0	0.0	0.0	0.0	0.0	0.0
871.5775703233287	0.1495106797480048	759647.461090717	0.0223534433587104	941.6853666841314	0.642132619793415	0.4123343014027544	886771.329827027	828.135364230174	-1.6787530095322154	2.8182116670134705	685808.1814886429	832.0394022067727	725.089206093236	1.156894	18.258791	0.1700578730310855	0.0841994705662253	-0.0722979226	0.0330548972	0.0941399393	-0.0597990322	0.0859774772	0.0804102349	0.0814173666	-0.0015953903	0.0026933475	0.0522747379	0.1552248812	0.112036135	0.0604666582	0.0658630339	0.0494054946	0.065210133	0.0479241051	-0.1160226358	-0.0871081071	-0.0023649287	0.0030233426	-0.0435012732	-0.0165247038	-0.0080134598	0.0776960466	-0.0229799712	-0.1473353089	0.0193015319	0.0205711591	-0.0994802487	-0.0221158242	0.1545833314	0.0720267399	0.0066284964	-0.0075778169	-0.0899881651	0.0913683182	0.0350956179	0.0841820801	-0.0833318807	0.0106802521	0.1492179571	-0.019665475	-0.0863000373	0.0554827267	-0.0765384564	-0.0771894536	-0.0103962118	0.0856056333	-0.0500561306	0.0487241249	0.1708865624	0.027395213	-0.0300502143	0.0726249684	-0.0737351402	0.0216813265	0.0041724633	-0.01336	-0.0001219925	0.1111263196	-0.0212457097	-0.1297869346	0.0391278378	0.1025226286	-0.0863807248	0.0184951795	0.1086376043	0.0782594415	0.1089510713	-0.0447540099	-0.0950349741	-0.0188762287	-0.0202446936	-0.0263860558	-0.0216123913	-0.0908011157	0.0949240193	-0.0964602243	0.0666419799	-0.0128427942	-0.0338908563	0.0205736947	-0.0904800469	-0.0561024308	0.113574032	0.0633865662	-0.0478387595	-0.0936454286	0.1172407796	-0.0313613805279828	-0.0092122744598412	0.0009835361886209	8.486600072344425e-05	-0.0886430128699373	-0.0654981347186521	0.0042900056516226	0.0078575837306598	-0.0315044603237595	-0.0191717323157121	0.0003675553199853	0.0009925310202913	-0.0002528001447194	0.0007621262239883	5.808363812906645e-07	6.390791317014959e-08	0.0010270448914393	-0.0002539077045278	1.0548212090315634e-06	6.446912241857663e-08	-0.0003893691804112	0.0005074807022215	2.575366631272267e-07	1.5160835865408966e-07	0.0	0.0	0.0	0.0	0.0	0.0	0.0	0.0	0.0	0.0	0.0	0.0	0.0	0.0	0.0
871.9217873479981	0.3442170246694331	760247.6032521277	0.1184853600722771	937.87751975756	-3.807846926571415	14.49969821619937	879614.2420665923	827.902798634655	-0.2325655955189631	0.0540867562190899	685423.0439870942	830.7594400954796	736.7932448972736	1.147359	18.108294	0.1492244232218463	0.1083677122963214	-0.0789317885	0.1245680921	0.0713708423	-0.0534742026	-0.0348238492	0.1028983855	0.0764329803	0.0779229859	0.0392364779	0.1422462004	0.0547712282	0.1611449296	0.0687327919	0.1021341797	0.0314242557	0.1249067777	0.1309316395	0.0830802258	-0.087108775	0.0445810694	-0.0794278206	0.1812565364	0.045490987	-0.0352776838	0.0463095792	0.0107019658	-0.0208356798	-0.1410285304	-0.034014316	-0.1744024515	-0.0709165976	-0.061775113	-0.004490875	-0.1461512713	-0.0229662208	-0.0452364072	0.1294310132	0.063542784	0.1248837639	0.0558798694	-0.0270948853	0.1756819231	-0.002594515	-0.0826096052	0.0683708908	-0.1765020872	0.1036344761	-0.0513296227	-0.0629872687	0.2147740652	0.0417868851	-0.0238645199	0.0250679064	0.019653069	-0.0796123395	0.0590790402	-0.0796723657	0.00257588	0.0617165538	-0.0028314277	-0.0506382798	-0.1047061272	-0.0033911091	0.0606536429	-0.0478730129	-0.0911887123	0.1103985957	0.0410530877	0.1051858204	0.1132121114	0.0256476778	-0.0081060048	0.1038132046	-0.0391253819	-0.0681844085	-0.0526519853	-0.064177831	0.1052174502	0.0879673714	0.0640902178	0.0843297293	-0.0601983188	0.0542650539	-0.0014573131	0.0163080934	0.1935744697	0.0079705602	-0.0509612127	-0.0888661936	0.1211199807	-0.0338313676655985	-0.0024699871376157	0.0011445614381249	6.100836459987016e-06	0.0144732385891757	0.1031162514591129	0.010632961314979	0.0002094746352592	-0.0062990775055169	0.0252053828182426	0.0006353113230141	3.967837742050901e-05	-0.0004403780012443	-0.0001875778565249	3.5185452258475974e-08	1.9393278397992474e-07	0.0009890536752199	-3.7991216219400046e-05	9.782271724659913e-07	1.443332509829205e-09	-0.000246282217018	0.0001430869633932	2.0473879093086962e-08	6.065493041930126e-08	0.0	0.0	0.0	0.0	0.0	0.0	0.0	0.0	0.0	0.0	0.0	0.0	0.0	0.0	0.0
872.420096532212	0.4983091842138947	761116.8248332741	0.2483120430719172	934.5940976089306	-3.28342214862937	10.780861006109909	873466.1272854513	829.323123111365	1.4203244767099932	2.017321619141516	687776.8425271884	831.7707383752786	735.7776897051181	1.250329	19.733429	0.1070423239215984	0.0681044390088199	0.1216945403	0.143950691	0.0664521566	0.0946787241	-0.1599774364	0.0126603055	0.0688420722	-0.0428057351	-0.0911605299	0.1402337642	-0.0382698194	0.1117329334	-0.0186219878	-0.0604061734	0.2097780103	0.0031602631	0.0162682629	-0.0983096071	-0.0237587801	0.0459829823	0.0637986606	0.0685574272	0.0415891369	-0.0574782968	0.0666157282	-0.0864714461	-0.056743035	0.0591108313	0.0402878537	0.1861689236	-0.0555302243	0.0904777698	0.0306856662	0.0176002157	0.0055362284	0.03046616	0.0655845359	0.026292249	0.0787417937	0.1607318995	0.0198584078	0.0787496752	-0.1919321975	-0.0054690457	0.0077621282	-0.0411754427	-0.0192851284	0.0440226342	0.05258478	0.0652738461	0.0027820527	0.1497444728	0.1452360064	-0.0530547123	-0.0012695359	0.0291504993	0.0372976268	0.0691890907	0.0120875397	-0.0130735284	0.0523725642	0.0622483076	-0.0777020142	0.0849349992	-0.0757637581	0.0576852955	-0.1341738216	0.0326559855	0.161580754	0.1414709911	0.0247991627	-0.0258185035	0.1026267396	0.0384229243	0.0257319408	0.033861639	-0.0466428477	0.1171771495	0.0356673013	0.0142667	-0.0252802598	-0.1013739264	0.0091837377	-0.0614253941	-0.0175817769	0.1668598436	0.1421394812	-0.0540487397	-0.0838433825	0.1242524367	-0.0460507984459326	-0.0122194307803341	0.0021206760375079	0.0001493144885953	-0.051015354026191	-0.0654885926153667	0.0042887557627414	0.0026025663464176	-0.0188853124024745	-0.0125862348969576	0.0001584133088813	0.000356655024539	-0.0004019143846974	3.846361654690004e-05	1.4794497978669624e-09	1.6153517262668965e-07	0.0011840314990065	0.0001949778237866	1.4019305906395796e-06	3.801635176855851e-08	-0.0001447623447727	0.0001015198722453	1.0306284460702032e-08	2.0956136464090063e-08	0.0	0.0	0.0	0.0	0.0	0.0	0.0	0.0	0.0	0.0	0.0	0.0	0.0	0.0	0.0
871.2439260071487	-1.1761705250632986	759065.97860435	1.3833771040276754	936.1156275888508	1.5215299799201605	2.3150534797958437	876312.468216068	829.0998370092619	-0.2232861021030885	0.0498566833923908	687406.5397287847	831.6611856384017	729.989446294238	1.247524	19.689159	0.0299446708658134	0.0147904591660387	0.1318014553	-0.0456321832	0.0813665958	-0.0971739365	-0.1520721026	-0.1215710546	0.0408852598	0.0674744122	0.125584632	-0.0583910458	-0.0758600559	0.1659247716	-0.067898212	0.0311346413	-0.0456852729	0.0595712486	-0.0036627574	0.0177763934	-0.0780848214	0.1067861303	0.1186956644	-0.0346307956	-0.0516829616	0.095032919	0.0210497202	0.0550658327	0.0314999529	-0.0252149426	-0.1100101659	0.0703759803	0.1931536202	-0.028842116	0.0816639659	-0.0293883565	-0.0405972557	-0.0049703395	0.0129501611	0.1422393352	-0.1295421727	0.1235060709	0.0771301676	0.0947785762	0.0583052972	-0.0149651224	0.0790286759	-0.0695394209	-0.0002608793	-0.0246410507	0.0195035166	-0.0312561077	-0.0958866971	-0.0405427216	-0.0232242602	0.1309131529	-0.0433750117	0.132523396	0.0403211935	-0.0460858768	0.0869716036	0.0088696248	-0.0250873875	0.0304197744	-0.1459270857	0.0794870716	0.0888574295	-0.1052822107	-0.0798229392	-0.0038499525	0.0379163626	0.0430927864	0.0855597173	-0.1671108236	0.0825896087	0.0515624515	-0.0482426513	0.0952896197	0.0287015394	0.0240329385	0.0571340952	-0.0566673527	-0.1099425814	-0.0195703585	-0.1424562815	-0.1171533483	-0.1093839663	0.1018429602	0.0357247187	-0.0570992244	-0.0785907625	0.1266188352	-0.0498729324977773	-0.0038221340518447	0.0024873093959278	1.4608708710270784e-05	-0.0618193286413344	-0.0108039746151434	0.0001167258674846	0.0038216293936653	-0.0143670899753942	0.0045182224270802	2.0414333900571385e-05	0.000206413274361	-0.0003529022480645	4.9012136632900006e-05	2.402189537322058e-09	1.2453999668897788e-07	0.001351025328917	0.0001669938299104	1.825269439375288e-06	2.7886939228176992e-08	-0.0001447615158812	8.288915000068726e-10	6.870611187836436e-19	2.095589648022292e-08	0.0	0.0	0.0	0.0	0.0	0.0	0.0	0.0	0.0	0.0	0.0	0.0	0.0	0.0	0.0
870.6106201846289	-0.6333058225197874	757962.8519782643	0.4010762648374644	932.7388031348752	-3.376824453975587	11.40294339296752	870001.6748734794	829.4310837079894	0.3312466987274547	0.1097243754178371	687955.9226210098	831.5562795741654	721.7912455962183	1.307212	20.631195	0.1323950878475668	0.0877353169135167	-0.0854424783	-0.0426033464	0.0991572584	0.0674049802	0.0310756796	-0.0991279436	0.1241305238	-0.0621288495	0.0911476885	-0.0747782006	0.0911834073	0.0170107192	0.043189735	-0.1027730925	-0.0231861904	0.0880845589	-0.0704283738	-0.0729735976	-0.1045296901	-0.0009131738	-0.1032282249	-0.1327399483	-0.114590727	-0.0046316913	0.1047243877	-0.0268159892	0.1168709047	0.04968372	-0.021318175	0.0775167444	-0.1794250933	-0.180458867	-0.1746382932	0.0875805736	-0.1217223237	0.0333533311	0.0130913179	0.0632385042	-0.041363052	-0.0615155296	-0.0302739131	0.0879974438	0.0201534285	0.0632998219	0.1141663874	0.0989682163	0.0392959835	-0.0179380297	0.0868387014	-0.0020919535	0.1232852215	0.0826184336	-0.0850038078	-0.0710000938	-0.1003071647	0.0791689516	0.2581461942	0.1177146161	0.0848193256	0.0023627819	-0.0896535273	0.070721938	0.172232168	0.0950746647	-0.0364017955	-0.0483735687	0.0874034469	0.1075379522	-0.0634149852	-0.0846752456	0.0993553939	-0.0190314692	0.0595552737	0.1159990299	-0.085546874	0.1515833538	0.3014059808	0.0804536943	-0.0719030877	0.0541878314	-0.0861444624	-0.0155904757	0.1056948296	0.0339805491	-0.0364906772	-0.0649263172	0.0784043663	-0.0601105761	-0.0731227308	0.1282045865	-0.0398557129875598	0.0100172195102175	0.0015884778577467	0.0001003446867158	0.0211082819403856	0.08292761058172	0.0068769885967934	0.0004455595664748	-0.0064510827397299	0.0079160072356643	6.266317055508955e-05	4.161646851484104e-05	-0.0007882701475857	-0.0004353678995212	1.8954520793350173e-07	6.213698255747813e-07	0.0013511357968423	1.1046792530006699e-07	1.8255679415086767e-06	1.220316252010118e-14	-0.000339968158834	-0.0001952066429528	3.8105633452901955e-08	1.1557834902097985e-07	0.0	0.0	0.0	0.0	0.0	0.0	0.0	0.0	0.0	0.0	0.0	0.0	0.0	0.0	0.0
873.909419795816	3.2987996111870643	763717.6740078598	10.882078874767927	936.3291079060416	3.590304771166416	12.89028834986033	876712.1983121237	830.199995086478	0.7689113784886104	0.591224707969255	689232.0318415881	832.6138349446753	725.4739319037276	1.074379	16.95648	0.1399128577013962	0.0731803504027292	-0.1016674295	0.0349433514	0.0219359997	0.1779941145	0.0577846447	-0.0303060735	0.0788816518	-0.237500133	-0.1011043591	0.0670473147	0.0289061074	-0.0259909936	0.1384793949	-0.0998458085	0.012806529	-0.1092627796	-0.2232210128	-0.0829982419	0.0133445708	-0.01672998	0.1023886305	-0.1684891714	-0.0639226691	0.1399799376	0.0957685709	-0.0082238059	0.0087102598	-0.0913885165	0.0207698198	-0.1186411843	-0.0251708731	-0.0079603658	-0.0191976532	0.0669856722	-0.0202432862	-0.0275152999	-0.0985284428	-0.0673118093	0.0788619244	-0.0387987213	-0.1219162129	0.0138711115	-0.1119120314	0.0483741403	0.0059572803	0.2186471278	-0.0348328342	-0.0025796152	0.1467136782	-0.1867675806	-0.0059996013	-0.0352425519	-0.0527147201	0.0912832429	-0.1153652813	0.0441056541	0.033981976	0.003836533	0.0756125179	-0.0041737953	0.0081243775	0.0143251114	0.1033102274	0.0936135196	-0.0611771827	0.1078654459	0.0067427814	0.1351934698	0.0216390735	-0.1142407463	-0.0547555767	0.0212756696	-0.1131348204	0.1101321537	-0.0444537091	0.1533870259	0.2575075904	0.0260271558	-0.1193118802	-0.0235121094	0.012573196	0.0150992119	0.0103971532	0.1539979229	0.1494880507	0.0429104616	0.0976189913	-0.063080731	-0.0674542747	0.1289999139	-0.039428102676311	0.0004276103112487	0.0015545752806537	1.8285057828629518e-07	-0.0372040249601326	-0.0583123069005181	0.0034003251360602	0.0013841394732341	-0.0371289788101592	-0.0306778960704292	0.000941133307308	0.0013785610674852	-0.0013871415571172	-0.0005988714095314	3.586469651542455e-07	1.92416169948153e-06	0.0016757951291803	0.0003246593323379	2.8082893149844186e-06	1.0540368207415589e-07	-0.0004263383053485	-8.637014651450002e-05	7.459802208936201e-09	1.8176435060743084e-07	0.0	0.0	0.0	0.0	0.0	0.0	0.0	0.0	0.0	0.0	0.0	0.0	0.0	0.0	0.0
876.1288893513752	2.219469555559158	767601.8307560742	4.926045108053966	938.909788667486	2.580680761444455	6.659913192489532	881551.5912556234	830.2836994674971	0.0837043810190607	0.007006423401784	689371.0216014329	833.3893285632439	747.7433110510397	1.190577	18.790394	0.0704600183591104	0.0474067615865165	-0.0202483632	0.1179457102	-0.1127830189	0.0279105381	-0.0365343099	0.1157981362	-0.0222738435	-0.1312322116	0.0740456176	0.0886328928	-0.0295737766	0.0017939799	0.0573736771	-0.0444629313	-0.1988380213	-0.0589511353	-0.0877284954	-0.0635106265	-0.0849926204	0.1263933168	0.0639018903	0.0228083415	0.0585331983	-0.0179277302	-0.069417597	0.0658074542	-0.0452306577	0.0163937363	-0.069496295	-0.0233197677	-0.2120201119	0.075948374	-0.0851071816	0.1377145332	-0.0319161671	0.0204416138	0.0583810724	-0.043394775	0.0875863325	0.0574665522	-0.084372629	0.0043965651	0.1300643076	0.0571553748	-0.0191855956	0.023928321	0.0646523087	-0.0833823951	0.153361756	-0.0727475821	-0.10528865	0.023261648	0.0472881572	0.0646035671	0.0505718499	-0.0127810753	0.0598105469	0.0276943011	-0.0658757258	-0.047788727	-0.1463391881	0.0515742796	0.0848312544	0.0558944664	0.080014825	-0.0272853702	0.0565149107	-0.0230504006	0.1590809577	-0.0882032049	-0.0464953422	0.0376382996	-0.0648789703	-0.006382179	-0.1194887488	0.0699731599	0.066445937	-0.026439603	-0.0990775402	0.0058318285	0.0282741277	0.1555635827	0.0352857659	-0.0059947656	-0.0214375364	-0.0487130969	0.048301588	-0.0660076536	-0.0616009311	0.1289999139	-0.0395767805426174	-0.0001486778663064	0.0015663215581184	2.2105107929424186e-08	-0.0380320803197662	-0.0008280553596336	6.856756786179336e-07	0.0014464391334491	-0.0597825565331646	-0.0226535777230054	0.0005131845836522	0.003573954065641	-0.0006252319543461	0.000761909602771	5.805062427948152e-07	3.9091499673544373e-07	0.001734099788168	5.830465898770004e-05	3.0071020753243022e-06	3.3994332596719912e-09	-0.000309958418904	0.0001163798864445	1.3544277968834716e-08	9.607422144946756e-08	0.0	0.0	0.0	0.0	0.0	0.0	0.0	0.0	0.0	0.0	0.0	0.0	0.0	0.0	0.0
872.3753445281476	-3.753544823227571	761038.7417406042	14.0890987399785	933.8742068001394	-5.03558186734665	25.357084742750377	872121.0341265895	829.241458609719	-1.042240857778097	1.0862660056220237	687641.3966771743	831.4204858377589	745.2614707798057	1.318091	20.802889	0.1133274832389066	0.0625616693129899	0.0715623448	-0.0255375957	-0.000405732	-0.0713898145	-0.0635377427	-0.0395998463	-0.0617646414	0.0302003226	0.0295085935	-0.0319635154	0.0037956306	0.1071664226	-0.102877458	-0.0520835443	0.0460929497	0.0063293189	0.0957065598	0.0063495985	-0.1104714067	0.0707466711	-0.0989473163	-0.1128025752	-0.054619288	0.0266070083	0.0316643307	0.0477732501	0.0319511293	-0.1558933066	0.0931263201	0.0998606614	0.0164041809	0.0104771551	-0.000266719	0.0531506787	0.2053694155	0.1072132565	0.0423019411	-0.0898044226	-0.0722246287	0.0413274186	0.0971941421	0.0800161083	-0.0092301064	0.0655268856	-0.0858655563	-0.1409425174	-0.0268564035	-0.1186889401	-0.0691470399	-0.0404922849	0.1013690696	-0.0229970619	-0.1509229731	0.0854831831	-0.0297223219	0.13998394	-0.0555888517	-0.0295699845	0.0310009419	-0.1318166644	-0.0149079796	0.2980195308	-0.0317777336	0.0560789924	-0.0355263712	-0.1112022671	-0.0348283427	-0.016197069	0.022022958	-0.0238967442	0.1003245495	-0.0248121129	0.1572154601	0.0554110052	-0.0180603804	0.0091474006	0.2276793573	-0.0609995082	0.1001171493	-0.0218761215	-0.0143826119	0.1072113023	-0.0225429187	-0.1251089871	-0.0824307494	-0.1708588006	-0.0460042152	-0.0688893378	-0.0555787436	0.1282045865	-0.0397511156032379	-0.0001743350606204	0.0015801511917019	3.0392713361553185e-08	0.0152487303746084	0.0532808106943746	0.0028388447882497	0.0002325237780375	-0.0322730591859681	0.0275094973471965	0.0007567724442954	0.001041550349221	-0.0005230922676464	0.0001021396866997	1.043251559911288e-08	2.73625520471453e-07	0.0014436468318346	-0.0002904529563334	2.084116175066077e-06	8.436291984281206e-08	-0.0005646225786052	-0.0002546641597011	6.485383423631827e-08	3.187986562707853e-07	0.0	0.0	0.0	0.0	0.0	0.0	0.0	0.0	0.0	0.0	0.0	0.0	0.0	0.0	0.0
871.274293940071	-1.101050588076646	759118.8952807691	1.2123123975039278	928.8202546366144	-5.0539521635249685	25.54243247119871	862707.0654232253	829.3379487427526	0.096490133033626	0.0093103457728468	687801.4332248365	831.8650815525592	722.4835054646691	1.264975	19.964586	0.0647374496758655	0.0363234337921873	-0.0804826881	-0.0717182757	0.0790049776	0.1412177093	0.074763098	-0.1329207867	0.1060656069	-0.1796597311	0.0138043408	-0.0628928745	0.0682149621	0.0054883936	0.131175003	-0.1148322067	0.0628441354	0.034150885	-0.0892663444	-0.0187586933	0.0647818794	-0.0708682443	-0.0028673829	0.1179612577	-0.0280406988	-0.0283084911	-0.0536796004	-0.1137282475	-0.0112412762	-0.0232395282	-0.1284767945	0.1353283472	-0.0469756364	-0.0569711184	0.0440202325	0.0802850658	0.0596717051	0.0719863555	-0.1384063449	0.0557766476	-0.0417865111	-0.0918888209	-0.1125915173	0.0572921404	-0.1130578514	0.0907734986	0.0936780801	0.0933806552	-0.0383849976	0.0242987433	0.0763096125	0.0689345158	-0.0219806615	0.098159985	-0.0890046603	0.0794196423	-0.0409787609	-0.0355241181	-0.0697238722	0.0291487507	-0.01671192	-0.1582037854	0.0055291586	0.0001033165	0.0458927123	0.1051822381	-0.0919183686	0.0072217683	-0.030857525	0.1531712963	-0.0303086056	-0.0173166493	-0.0395315571	-0.109037083	0.1463310825	0.0354530996	-0.0758410779	0.1786684379	0.0871686186	0.0691430699	-0.0707961947	-0.0532484369	-0.0649182219	0.0605529857	-0.0703445778	0.0463311675	0.0048716687	-0.0133741329	-0.0676874307	-0.0717238087	-0.0494042187	0.1266188352	-0.0397096834760759	4.143212716200412e-05	0.0015768589617701	1.716621161168479e-09	-0.0152021790290177	-0.0304509094036261	0.0009272578835078	0.0002311062472303	-0.0166692127319407	0.0156038464540274	0.0002434800241608	0.0002778626531026	-0.0004853004512298	3.779181641660003e-05	1.4282213880659995e-09	2.3551652796384745e-07	0.0013850717552212	-5.857507661340003e-05	1.918423767111536e-06	3.4310396002656834e-09	-0.0002881642378142	0.0002764583407909	7.642921419291266e-08	8.303862795503882e-08	0.0	0.0	0.0	0.0	0.0	0.0	0.0	0.0	0.0	0.0	0.0	0.0	0.0	0.0	0.0
874.6617001935061	3.387406253435188	765033.0897853948	11.474521125811815	936.2953735523008	7.47511891568638	55.87740280365232	876649.0265354426	829.7931469419467	0.4551981991941147	0.2072054005495649	688556.6667118191	832.6931302977056	727.1144511648554	1.105467	17.44714	0.0891790914036114	0.0501715723127179	-0.0885579968	0.0109122025	0.0041928994	0.0116461639	0.0859367188	0.0700758513	0.0920831789	-0.180250125	0.0143775737	0.0523416633	0.0086501062	0.0444779671	0.2197943754	0.0291674091	-0.0585417616	0.0208410343	0.0188906522	-0.1405957706	-0.0046716465	0.0871182385	0.0037808931	-0.1790758295	-0.0172474848	-0.0816568896	-0.0002069817	0.0561788799	-0.026648009	0.0656520609	0.0289411413	0.0724539545	0.0419519714	0.1133425297	0.0572501112	0.0604416591	-0.0059767038	-0.0069361665	-0.0357191724	-0.1229173143	0.0676854741	-0.0416158585	-0.1832134419	0.0946695781	0.0248649952	-0.0692375984	0.0168851127	-0.0336919377	-0.0721387213	-0.0401660244	0.06248423	-0.0711862396	0.0068209561	0.0631592256	-0.0173521529	0.0080520566	0.1670469119	0.009699348	0.0919848497	0.0273414878	0.0225145161	-0.0236752752	-0.0552126965	0.0075786176	-0.1436101635	0.076320423	0.0737406267	-0.0850647638	0.0220102518	0.0938545127	0.1284760723	-0.0141040692	-0.1381046503	-0.046532253	-0.0205653496	0.0035207802	-0.0542054552	0.1635984885	0.016690905	0.1318702669	-0.0005374193	-0.009771334	0.0235594047	0.0786392997	-0.0469279165	0.0388007892	-0.0196540731	-0.0609452299	-0.010870666	-0.0745091236	-0.0430942802	0.1242524367	-0.037468247134214	0.0022414363418618	0.0014038695433105	5.024036874619253e-06	-0.0534562661879505	-0.0382540871589328	0.0014633751843632	0.002857572394757	-0.0459160883553124	-0.0292468756233716	0.0008553797337289	0.0021082871698528	-0.0002978958975109	0.0001874045537188	3.5120466754580065e-08	8.874196575382465e-08	0.0014430218334484	5.795007822720008e-05	2.082312011808782e-06	3.3582115665386093e-09	-0.0001447850241714	0.0001433792136428	2.055759890482769e-08	2.096270322431288e-08	0.0	0.0	0.0	0.0	0.0	0.0	0.0	0.0	0.0	0.0	0.0	0.0	0.0	0.0	0.0
876.9091717076675	2.247471514161361	768969.6954250275	5.051128206966763	939.7373795241452	3.442005971844424	11.847405110212677	883106.3424749074	831.6555097471993	1.8623628052525876	3.4683952183882867	691650.8868928739	833.7267534498676	750.1991398236905	1.326705	20.938845	0.1422881041463274	0.0827522980170029	-0.0031717529	0.1426427194	-0.1021730153	-0.0170271037	-0.0493280977	0.1675562102	-0.0623368593	-0.0640096919	0.034079955	0.0898289922	-0.0789454438	-0.1159940503	-0.0119647118	-0.0523490551	-0.0957268988	-0.0039778008	-0.1194198271	-0.04152563	0.0224306246	0.0294019857	-0.0019063244	0.0789508345	-0.0179697138	-0.1104005025	0.1889816819	-0.0648978652	-0.0890416339	0.2107389369	-0.056015521	-0.058259498	0.0208253862	0.1140074064	0.0159819878	0.0169147124	0.0171864596	0.0896217173	-0.2632089323	0.149106004	0.0846557335	0.0639872796	-0.0438908491	-0.0989492995	0.0889749663	0.0878121957	-0.0430006952	0.1081868599	0.122562719	0.0321120545	0.0710942982	0.0916659287	0.0402874531	0.0880147536	0.0904570094	0.1489451381	0.1316727313	0.0122936763	-0.0166328566	0.155577255	-0.04388796	0.1758598673	0.0072068022	0.0792442123	0.0553010555	0.0036448973	-0.0514530546	0.0036850248	0.0686151051	-0.0550643829	0.1692143623	0.0154347234	-0.0104668116	0.0240483431	0.1322109798	-0.079636809	-0.120546749	0.0817007171	-0.1600497617	-0.0833023952	-0.0870065858	-0.0224053523	-0.0024607722	0.2059925617	-0.0777358958	0.0477939778	-0.0350811503	0.1072212708	-0.0241200921	-0.0772433738	-0.0366662233	0.1211199807	-0.0369749832944847	0.0004932638397292	0.0013671493896274	2.4330921558448644e-07	0.0214711296131042	0.0749273958010547	0.0056141146415279	0.0004610094068627	-0.0719056063975358	-0.0259895180422234	0.000675455048067	0.0051704162313973	-0.000678163387928	-0.0003802674904171	1.4460336426811926e-07	4.5990558072598315e-07	0.001605141912554	0.0001621200791056	2.5764805594375134e-06	2.6282920049206032e-08	-0.0004199559839151	-0.0002751709597437	7.571905708626898e-08	1.7636302842609976e-07	0.0	0.0	0.0	0.0	0.0	0.0	0.0	0.0	0.0	0.0	0.0	0.0	0.0	0.0	0.0
873.9704801522253	-2.938691555442233	763824.4001775112	8.635908058027491	943.5527627494898	3.81538322534459	14.557149156240886	890291.816092195	831.0653646601071	-0.5901450870921963	0.3482712238190559	690669.6403376368	834.7741773753569	753.4396447893704	1.555999	24.557695	0.2446997874758544	0.1249778154709065	0.0677234969	-0.0486212802	-0.1297549998	-0.077438399	-0.0025023836	-0.0425711812	-0.0820548182	0.1752461141	-0.3063020332	-0.0378413249	-0.0273106229	-0.1486706614	-0.1876193733	-0.0284754393	0.0820753948	0.1895114189	0.1550844425	-0.0250553632	0.1953734981	0.22926412	-0.1747476395	0.0455812658	0.0883240016	0.012353331	-0.0488938846	0.0491184961	0.2438010122	0.095427006	0.0838820596	0.0191463192	-0.0480397494	-0.0790597123	-0.1775307334	-0.0020012401	-0.0773474652	0.0172413441	-0.0218553541	0.0734439438	-0.0478783525	-0.0299996774	0.2152018138	-0.2159854122	-0.0320259171	-0.039314861	0.0302954046	-0.0318103089	-0.2375910239	-0.3691275191	-0.0793725502	0.1471327547	-0.0031805446	-0.0187503604	0.0521741389	-0.1697343777	-0.0237604974	-0.0050688762	0.089703059	-0.1789540409	-0.1209527246	0.0326243772	-0.1140059568	0.0897537148	0.0871355855	-0.1550522228	0.1489597102	0.2969282034	-0.0249078999	-0.1204454991	-0.1210831346	0.0594690924	-0.0079242588	-0.1307528714	0.0957528765	0.0487501453	-0.0322244325	-0.1560977762	-0.0070099823	-0.1476547178	-0.203219823	-0.1042169842	0.0376901914	0.0488863072	0.0545058875	-0.2610886224	-0.3241228018	-0.1222502821	0.1852856971	-0.0799246852	-0.0301376669	0.1172407796	-0.0389489987929181	-0.0019740154984333	0.0015170245069707	3.896737188055243e-06	-0.0746197876760419	-0.0960909172891461	0.0092334643854695	0.0055681127128175	-0.1279532329661208	-0.0560476265685849	0.0031413364439715	0.0163720298264823	-0.0017193186934959	-0.0010411553055679	1.0840043703121876e-06	2.956056769804449e-06	0.0021630452608556	0.0005579033483015	4.67876480050987e-06	3.112561460461362e-07	-0.0006326418924394	-0.0002126859085243	4.5235295684806913e-08	4.002357640693054e-07	0.0	0.0	0.0	0.0	0.0	1.0	0.0	0.0	0.0	0.0	0.0	0.0	0.0	0.0	0.0
871.3532411270991	-2.617239025126196	759256.4708227004	6.849940114643521	932.9145590964328	-10.638203653057076	113.17137696391691	870329.5745740915	829.4282143646816	-1.6371502954254993	2.6802610898118	687951.1627841842	831.6061282528455	724.801202521222	1.525477	24.075985	0.2254492586772759	0.1089654601101137	-0.1075419594	-0.0031632921	0.0597895783	-0.0267716061	0.0739290084	-0.0009261615	0.1562447352	0.0885229279	0.1382247631	-0.006494295	0.089247604	-0.0243015752	0.0458901675	0.0372578751	-0.114048692	0.0446395133	0.1287736358	0.1540903395	-0.0130963776	-0.0857489305	-0.1629057479	-0.1036535771	0.117285329	0.0885699994	0.0006545249	-0.1069045009	0.2227125316	-0.1747754598	-0.0002532829	-0.0719803554	0.0782934164	0.0046888883	-0.0799825702	-0.1155723238	-0.1528188457	-0.0868547073	-0.069383576	0.1129279666	0.0464956022	-0.076334948	-0.0053682696	0.0431887523	0.0762698351	-0.0224235314	0.0841280409	-0.0313230083	-0.056965609	0.0375276809	-0.151460093	-0.0430302261	0.2103371199	-0.1196355473	0.0452769651	-0.1333635184	-0.288747181	-0.1544530886	0.0234201826	-0.102391364	0.1446586863	0.0104960739	-0.1439625371	-0.0937319167	-0.0835044977	0.0642982804	0.1298380882	0.0883815542	0.2375715711	-0.0046623462	-0.0522513261	-0.1378068352	0.0232155407	-0.0723603017	0.0320352326	0.1481915669	0.1585233205	-0.1643610292	-0.04271376	0.1385653635	0.0598409311	-0.0422835938	0.0317518158	0.0059015967	-0.1247183707	0.0022822733	-0.0084908408	-0.2815235757	0.0786781205	-0.0825512202	-0.0235265052	0.1126387502	-0.0589281648535262	-0.0199791660606081	0.0034725286130043	0.0003991670764773	0.0122753327668334	0.0868951204428753	0.0075507619567818	0.0001506837945364	-0.0752952575568883	0.0526579754092324	0.0027728623741993	0.0056693758105581	-0.0012537330507792	0.0004655856427167	2.167699907039227e-07	1.5718465626161202e-06	0.0029103343877954	0.0007472891269398	8.470046248784426e-06	5.584410392424488e-07	-0.0005271767268047	0.0001054651656346	1.11229011623547e-08	2.7791530128451735e-07	0.0	0.0	0.0	0.0	0.0	0.0	1.0	0.0	0.0	0.0	0.0	0.0	0.0	0.0	0.0
875.0125792471212	3.6593381200220847	765647.0138406995	13.390755476646763	943.0463579156426	10.131798819209848	102.65334731294207	889336.4331779582	830.4346040929638	1.0063897282822154	1.0128202851919514	689621.6316750376	833.3276590791958	736.760134422872	1.479752	23.354322	0.1184769718341131	0.0529452069305048	0.0079061751	0.1458958382	-0.0039517586	0.1130640264	-0.0623583456	0.1103903585	-0.0208158305	-0.0534540933	-0.102053086	0.1586285227	-0.0988765506	0.0008435853	0.077114397	0.0649289806	0.128984551	0.0754902273	-0.0584307607	0.0073760784	0.0738822609	-0.0495129115	-0.1327754403	0.0898878576	-0.1576873511	0.0237207102	-0.0584597397	-0.102201821	0.1616047818	-0.083497248	-0.009575919	0.1464013417	0.1607454719	0.0602911797	-0.0360446428	0.0433505804	-0.0934984093	0.0142106617	-0.1100516055	-0.0753100419	0.1358437503	0.1196173973	-0.0809703778	-0.0320194756	-0.1219659367	-0.0928069356	0.0466210898	0.006046137	0.016434296	-0.0039474406	0.0161137594	0.1467279357	-0.0779715037	-0.0830637545	-0.1027415586	-0.1298336245	-0.1337416071	-0.0693424258	0.0475100367	0.0930035077	0.0611049896	0.0152752191	0.0417228663	0.1397561267	0.0273670425	0.0582561408	-0.0843671183	0.2421621838	-0.0083455867	-0.002622982	0.1209962141	-0.0560620286	0.0149483072	0.0930472253	0.0032056242	0.0216983854	-0.0102513237	0.0332908907	-0.1279683657	-0.0440849158	0.0432121911	-0.0616781551	-0.0729000337	-0.1126420012	0.1028672431	0.0282906371	0.1564138698	-0.0046987013	-0.0328938	-0.0851211787	-0.016850859	0.1073422654	-0.0498204733798246	0.0091076914737016	0.0024820795677898	8.295004398013682e-05	-0.0230934971506542	-0.0353688299174876	0.0012509541297321	0.0005333096106472	-0.0523604462288744	0.0229348113280139	0.0005260055706515	0.0027416163292868	-0.0016771373577572	-0.0004234043069779	1.792712071675204e-07	2.8127897167848022e-06	0.0025532433285855	-0.0003570910592098	6.519051494966364e-06	1.2751402456764828e-07	-0.0002863593106944	0.0002408174161103	5.799302790204142e-08	8.20016548213719e-08	0.0	0.0	0.0	0.0	0.0	0.0	0.0	0.0	0.0	0.0	0.0	0.0	0.0	0.0	0.0
874.6688425814381	-0.3437366656830818	765045.5841827525	0.1181548953349227	936.7004019919406	-6.345955923702036	40.27115658556896	877407.643091863	830.9284862974155	0.4938822044516655	0.2439196318740367	690442.1493405142	833.4729103980973	733.5280987923605	1.335012	21.069946	0.0734001817327241	0.0353872509242592	0.1439012817	0.0434698506	0.035412332	-0.0796809111	-0.1622390823	0.0049038708	-0.0369270749	0.0131138753	0.1086593906	0.025973652	-0.1403815947	0.0255117234	-0.0497294015	-0.063357019	-0.1108315587	0.0417937531	0.0894986161	-0.1773079018	0.0134235481	-0.2376817803	0.0654728114	0.0473101771	-0.1101191554	-0.1333524346	-0.0722807256	-0.0456293554	0.0408127857	-0.0418147179	0.2481935699	0.0921816747	-0.0785361536	-0.0701163601	0.1223292108	0.066178032	-0.1166501661	0.0350574482	0.1180064538	0.003334349	-0.0266214054	0.1609695294	-0.0113673885	-0.0314068206	0.1051420681	0.0649041258	0.008559399	-0.0126115645	-0.1677112216	0.2036116741	0.0753921706	0.002942363	-0.0176195483	0.0028892137	-0.0138002295	-0.2090490404	-0.0460439461	0.031838138	-0.0122637494	-0.0322659555	0.0012151885	-0.1890815079	0.1378887086	0.0963480112	-0.0500396704	0.0875786675	0.143410391	0.027102084	-0.0398513319	-0.1452520691	0.0608209979	-0.139015137	0.0282906859	-0.0032588695	-0.0653883949	0.0813435651	0.080769797	-0.1039050082	0.0960571973	0.006749954	0.0317580572	-0.0906818	-0.0393674914	0.0179264436	-0.0200351534	0.0508163261	0.2035766752	-0.0470093417	-0.0626118251	-0.0876327994	-0.0101290257	0.1013839798	-0.038807472013886	0.0110130013659386	0.0015060198841085	0.0001212861990861	-0.0334295248146787	-0.0103360276640245	0.0001068334678714	0.0011175331293352	-0.0677312096267854	-0.015370763397911	0.0002362603674345	0.0045875167575075	-0.00129019350484	0.0003869438529172	1.4972554531040773e-07	1.6645992799313228e-06	0.0025534126338895	1.693053039999136e-07	6.519916078906514e-06	2.866428596250316e-14	-0.0006328539385702	-0.0003464946278758	1.2005852714678918e-07	4.005041075638145e-07	0.0	0.0	0.0	0.0	0.0	0.0	0.0	0.0	0.0	0.0	0.0	0.0	0.0	0.0	0.0
873.2746249196756	-1.3942176617624682	762608.5705286001	1.943842888370404	940.6045053032008	3.904103311260201	15.242022664992865	884736.835396679	829.6620101832743	-1.2664761141411418	1.6039617476900463	688339.0511413516	832.5779424939371	733.8664690834737	1.186663	18.728615	0.0920537013358881	0.0697275883334625	0.0518661537	-0.1369998802	-0.0207819259	-0.0400226777	-0.0141331217	-0.1276928842	-0.0947515747	0.0585990983	0.0564119591	-0.1428550323	-0.0343749481	0.0455041369	-0.0288651424	-0.0725977908	-0.0092260604	0.0223227518	0.0364482884	-0.0091046872	-0.0498128429	0.0683208847	0.0621398469	0.166650339	0.0074095204	0.0492467275	-0.0631616573	0.0682574096	0.0619775643	0.0206336711	0.1371512551	0.0669422887	0.0138023149	0.0579301487	-0.0646825592	-0.1955398155	-0.0578372166	-0.0464372321	-0.0622179013	-0.1670901256	-0.1426619665	0.0104923633	0.0179743432	-0.0012721109	0.0095795926	0.058031001	0.0515991954	-0.0586653377	0.077177389	-0.0399306661	-0.0269001305	0.0786769092	-0.1301081317	-0.0284738343	0.0971510264	-0.1462593111	-0.1032928972	0.0725069405	0.075334152	-0.0474437545	-0.1312593034	-0.0130393737	0.0581998413	0.0285746744	-0.0444644836	0.0387028308	0.0078612839	0.0199393158	0.0251992923	-0.0515037842	-0.096717801	-0.197289115	0.0685087872	-0.0215579871	0.077471677	-0.0184745509	-0.0330121708	-0.0630663493	-0.0459056202	-0.0827453999	0.0197574801	0.0526115053	0.0089300278	0.0314964024	0.0368998414	-0.0709123669	0.0985353679	-0.0983684138	0.0356437865	-0.090084361	-0.0033794295	0.0948006283	-0.0514951875575775	-0.0126877155436915	0.00265175434159	0.0001609781257176	0.0341380568905265	0.0675675817052052	0.0045653780974895	0.0011654069282608	-0.0690408779853868	-0.0013096683586013	1.7152312095216814e-06	0.004766642832993	-0.0014481800523015	-0.0001579865474615	2.4959749178804823e-08	2.097225463883975e-06	0.0026049622583717	5.154962448220002e-05	6.785828367540988e-06	2.6573637842558355e-09	-0.0006326153959461	2.385426241000109e-07	5.690258351251908e-14	4.002022391880409e-07	0.0	0.0	0.0	0.0	0.0	0.0	0.0	0.0	0.0	0.0	0.0	0.0	0.0	0.0	0.0
872.8793915459695	-0.3952333737061053	761918.432185662	0.1562094196911099	941.0740567325206	0.4695514293198357	0.2204785447763007	885620.3802550035	830.0017869097632	0.3397767264888216	0.1154482238634595	688902.9662733999	832.6503706100555	737.319777155945	1.339504	21.140846	0.097658307463891	0.0590021153809219	-0.1353665324	0.0106521062	-0.024574485	0.0893701778	0.1332773766	-0.001328336	-0.0034144634	-0.0390762826	-0.0582704258	0.0300905562	0.0935328943	-0.0733293987	-0.0027016291	-0.1076696496	0.0457682507	-0.0186704867	-0.1295065137	-0.1063263313	0.030922743	0.0662496446	-0.0603883304	-0.0295037647	0.0009486139	-0.0112640189	-0.0673477066	0.0038758552	0.0471625359	-0.1498653757	-0.1220592757	0.0454872828	0.0600155208	0.0613953015	0.0524007093	-0.0645425227	-0.0531679989	-0.0868219863	0.0271131794	-0.238213143	0.0469138965	-0.1112896706	-0.006484749	-0.0156325739	-0.0988675003	0.0841023191	-0.0434521228	0.0699202244	-0.0037273589	-0.0420130898	0.1801160769	0.0413993306	0.0513336793	-0.0668582713	-0.0601030222	-0.0742856049	-0.0492516815	-0.0050055207	-0.0071872137	-0.0683180574	0.0645147519	-0.024817899	-0.0433554887	-0.1274095312	-0.1528670308	0.0658015769	-0.0249521708	0.1266676957	0.0886016913	0.1154495727	0.0130118551	-0.0965463214	-0.0402551075	-0.0103341946	0.0828436386	0.065141762	0.0838916823	-0.132013829	0.0481825334	0.0714832838	-0.0944030027	-0.0072254536	-0.0219201015	0.0240534051	-0.1038767934	0.0118195816	0.0251710525	-0.1292918307	-0.0206726541	-0.0924741833	0.0033794295	0.0876327994	-0.0509622423700761	0.0005329451875014	0.0025971501473863	2.8403057288090584e-07	-0.0102646045527308	-0.0444026614432573	0.0019715963432445	0.0001053621066239	-0.0775836691711191	-0.0085427911857322	7.297928124302546e-05	0.0060192257220536	-0.0007807423362548	0.0006674377160467	4.454731048016354e-07	6.095585956206031e-07	0.0023907543643177	-0.000214207894054	5.7157064305041294e-06	4.5885021875049787e-08	-0.0006345679787934	-1.9525828472999893e-06	3.812579775570133e-12	4.02676519709941e-07	0.0	0.0	0.0	0.0	0.0	0.0	0.0	0.0	0.0	0.0	0.0	0.0	0.0	0.0	0.0
874.0044845205397	1.1250929745701796	763883.8389620143	1.2658342014271748	941.5722922850192	0.4982355524986133	0.2482386657735984	886558.3815988656	830.4388065362126	0.4370196264494552	0.1909861539020214	689628.6114012891	833.4792648041788	742.7485645658556	1.184202	18.689781	0.0476824583873135	0.0247170286729368	-0.0158204517	0.1132552029	-0.0522775294	-0.0453949366	0.0182862855	0.121343181	-0.0203559044	-0.0368480472	-0.0309087629	0.1127152426	-0.0472213972	-0.0483681342	0.0441684217	-0.0006996906	0.0440539513	0.0216795557	-0.0484022586	-0.0796661329	0.0613640496	-0.0926408645	0.0864995764	0.0502378625	0.093033309	0.1581772853	0.0504945452	0.0236699837	-0.1466056673	-0.0417036596	0.0819605763	-0.0711632515	0.0195518145	-0.0777434725	-0.1979872009	0.0084664614	0.0373949409	-0.0081738117	0.1006348945	0.042888964	0.10708756	0.0420743067	-0.0519072959	-0.0584628339	-0.05321188	-0.0204382211	0.0523875147	-0.0034621321	-0.0462430926	0.0669645792	0.0924795962	-0.0326071773	-0.0573782306	-0.0640023858	0.060190442	0.1139727547	-0.0412607357	-0.0940990049	0.0042426827	-0.0875900463	-0.0095627849	0.0602566374	0.1669455256	-0.0046840073	0.1163142653	0.0236923755	-0.0107405274	0.1417201564	0.0067396263	-0.0120677984	0.1079283011	-0.0399050326	-0.0541734564	-0.0072108007	-0.0909401562	0.0170612964	-0.1154846706	-0.0317450766	-0.0603979762	-0.1422553992	0.0539103149	0.0136307788	-0.0048697628	0.0199979131	-0.0784749729	0.0447220385	0.1944481833	0.0023184401	-0.0225905158	-0.0948006283	0.0101290257	0.0799246852	-0.0390503868008806	0.0119118555691955	0.0015249327092983	0.0001418923031013	-0.0041052682202291	0.0061593363325017	3.79374240568755e-05	1.6853227160023003e-05	-0.0862285601786254	-0.0086448910075063	7.473414053166334e-05	0.0074353645904788	-0.0011622543891958	-0.000381512052941	1.4555144653925644e-07	1.3508352652049023e-06	0.0023538726823275	-3.688168199019988e-05	5.54071660460766e-06	1.3602584664262342e-09	-0.0006336342041624	9.337746310000232e-07	8.719350614992294e-13	4.01492304684518e-07	0.0	0.0	0.0	0.0	0.0	0.0	0.0	0.0	0.0	0.0	0.0	0.0	0.0	0.0	0.0
874.442095238703	0.4376107181633415	764648.977925453	0.1915031406514355	938.1513103527968	-3.4209819322223893	11.703117380592031	880127.8811166697	830.2777425130208	-0.1610640231917841	0.0259416195667235	689361.1297125181	833.253595940177	736.3061788235492	1.167572	18.427313	0.0292597426937281	0.0177339083116394	0.0738240674	0.1033555819	-0.0025371356	-0.0449491137	-0.0972259888	0.1041019034	-0.0636139537	0.0214143874	0.0773991498	0.1021937748	-0.0546256904	-0.0027546198	-0.019832959	-0.0412738152	-0.1119951412	-0.1127682873	0.0657384546	-0.0935781989	-0.0155821313	-0.1153428538	-0.0090654589	0.1404089283	-0.0510945604	0.0817867572	0.0357835608	0.1794838846	-0.0402215867	0.0016363027	-0.0636617914	-0.1345547897	0.049835392	-0.0400393575	-0.0706468423	0.0428821373	-0.0079926978	-0.0897912075	0.0497614761	0.0382325348	0.0816213256	0.1129048572	-0.0054488151	-0.0247661499	0.095215522	0.0745911087	-0.0748560806	-0.0807388714	0.0290239111	0.1338548063	-0.0080247382	0.0611874308	-0.1300088288	-0.0532322089	-0.0466646982	-0.0521109191	-0.0728582627	0.0342671714	0.1343500827	0.0275894432	-0.0196363958	0.0620867024	0.073809032	-0.0559844307	0.1287154137	0.0586807445	0.090102895	-0.0145550004	0.0513652199	-0.1231806465	0.1579948048	0.0145949903	-0.0186623838	-0.0163013478	0.0792915439	0.0649480079	0.0727731474	-0.0633629108	-0.1650839164	-0.0509665156	-0.0406125052	-0.1662355713	-0.0933402045	0.0400415774	0.1289668774	-0.0296199971	0.1222078486	-0.0963689653	-0.1365920437	-0.0970621018	0.016850859	0.0717238087	-0.0390508700156431	-4.8321476250196e-07	0.0015249704489786	2.334965066998257e-13	-0.0148345066283042	-0.0107292384080751	0.0001151165568173	0.0002200625869052	-0.0748049795230798	0.0114235806555456	0.0001304981949937	0.0055957849614483	-0.0011622991161322	-4.4726936400006294e-08	2.0004988397302075e-15	1.3509392353616936e-06	0.0022118704628799	-0.0001420022194475	4.892370944560544e-06	2.0164630328044313e-08	-0.0006337160660853	-8.186192289999767e-08	6.701374420885161e-15	4.015960524146283e-07	0.0	0.0	0.0	0.0	0.0	0.0	0.0	0.0	0.0	0.0	0.0	0.0	0.0	0.0	0.0
873.212078573324	-1.2300166653790257	762499.334166345	1.512940997110138	940.722768119212	2.5714577664151648	6.612395044456868	884959.3264578726	829.3076868980936	-0.9700556149272188	0.9410078960518248	687751.2395482665	832.3422445790774	739.2325256154319	1.35771	21.428185	0.108542943344631	0.0702114960407115	0.1002233968	-0.0724785824	-0.0120340544	0.0071175522	-0.1039441513	-0.1056932746	-0.1418382577	0.0665870695	-0.0667709447	-0.0998773116	-0.0250664011	0.0951719725	-0.0724998312	-0.0725945052	0.0467158622	-0.1211317249	-0.0387152125	0.1248676205	-0.0556210786	0.1322991111	-0.018438133	0.1907040265	-0.0580338143	0.1093526884	-0.0364794256	0.0816319115	-0.0813101005	-0.0748745766	0.0623511409	-0.0976786166	-0.0604574903	0.0688332021	-0.0920769262	0.1424873583	0.1240356556	0.0307591782	0.1144373833	-0.0027387513	-0.1369343183	0.059202238	0.0685401491	0.0408936756	-0.1002801992	0.0779490689	-0.0727909216	-0.0788973412	0.1986247196	-0.1378013491	-2.21052e-05	-0.0413525665	-0.1167527408	-0.064308799	0.0225097362	0.0113150999	-0.0257453946	-0.0262230925	-0.0501996087	-0.0198585798	-0.1118703477	-0.0292768205	0.1306786284	-0.068691031	0.0781067825	-0.0514038935	-0.1397141136	-0.0749834736	-0.1671934478	-0.0243172838	-0.081493301	0.04807628	0.0253768099	0.135096883	0.1521260271	-0.0167559038	-0.1158352769	0.1175564204	-0.0212378331	-0.2146804391	-0.097681718	-0.0224655266	-0.0380479939	0.1390921469	0.0850370869	-0.1120427121	0.2278574053	-0.0791771181	-0.1768745219	-0.0992570537	0.0235265052	0.063080731	-0.033945745069758	0.0051051249458851	0.0011523136083409	2.606230071309837e-05	0.0133720416993838	0.028206548327688	0.0007956093685621	0.00017881149921	-0.0753419588869377	-0.0005369793638579	2.8834683720924464e-07	0.005676410768921	-0.0014321898697171	-0.0002698907535848	7.284101887062514e-08	2.051167822920284e-06	0.0009889505778226	-0.0012229198850573	9.780232453756546e-07	1.49553304526856e-06	-0.0006347912415871	-1.0751755018000627e-06	1.156002359671017e-12	4.02959920395692e-07	0.0	0.0	0.0	0.0	0.0	0.0	0.0	0.0	0.0	0.0	0.0	0.0	0.0	0.0	0.0
872.9386127800202	-0.2734657933037852	762021.821682306	0.0747835401072685	936.8096334907444	-3.91313462846756	15.31262262051195	877612.2894010629	829.3883723804786	0.0806854823849789	0.0065101470676967	687885.0722399394	831.9490217278901	730.497299071641	1.338181	21.119967	0.1925790113351516	0.1028555324154524	-0.0838945853	-0.1127793189	-0.0006261601	-0.0720051041	0.156812142	-0.0542386045	0.0415654828	0.0130097373	0.0089286956	-0.0268151689	0.1034827604	-0.0496256831	0.077056349	0.0956851223	0.0972864108	-0.0007199175	0.0951997744	-0.0821963291	0.0888737236	-0.0964352596	-0.0229340924	-0.0110686837	0.0235142611	0.0121658658	-0.0497868211	-0.1566644695	-0.2124985267	-0.0134949664	-0.0257017487	-0.1366001583	-0.0629083393	0.0735155404	0.1562233724	-0.0915625178	-0.0828370569	-0.0664099617	0.0782385373	0.0537177021	-0.006066982	-0.1531098979	-0.0359620578	0.0008091074	-0.0363564593	-0.0688103361	-0.0192386095	-0.037922055	-0.1228861475	0.0826358782	-0.0294425827	0.0774162488	0.0190951126	0.020440628	-0.0196560866	0.1412657882	0.0130939051	-0.1152042998	-0.0904265016	0.1643124402	0.0616985357	0.0238082888	0.0625819098	-0.146901622	-0.1577103747	-0.0269073302	0.0378696939	-0.0503681412	-0.0426919463	0.1071008607	-0.0506104918	-0.0361656682	-0.1021371798	-0.0248649263	-0.1480740591	-0.0273506314	-0.041498292	-0.1145147994	0.1226767578	-0.0124990261	0.001833849	-0.0680217563	-0.0164577127	-0.0226152422	-0.0492816338	0.1375793434	-0.0112450388	-0.1552158076	-0.2685100352	-0.1013839798	0.0301376669	0.0540487397	-0.0395288514470166	-0.0055831063772586	0.0015625300967203	3.117107681978569e-05	-0.0374346069688584	-0.0508066486682422	0.0025813155488981	0.0014013497989129	-0.1174129288277185	-0.0420709699407808	0.001769966511758	0.0137857958559028	-0.0002059768869623	0.0012262129827548	1.5035982790764234e-06	4.2426477962680105e-08	0.00164406400015	0.0006551134223274	2.7029464365892197e-06	4.291735961135183e-07	-0.0006358305634823	-1.039321895199936e-06	1.0801900018419869e-12	4.042805054582191e-07	0.0	0.0	0.0	0.0	0.0	0.0	0.0	0.0	0.0	0.0	0.0	0.0	0.0	0.0	0.0
874.1464377888021	1.2078250087819242	764131.9946988521	1.4588412518390554	940.7316938250252	3.922060334280786	15.382557265738711	884976.119766901	830.9685758002898	1.5802034198112551	2.497042847983186	690508.773967562	833.9751302587182	742.74010813213	1.542303	24.341532	0.1621523249956549	0.0897997653141269	-0.0732997802	0.1310716946	-0.0588622521	-0.0130767041	0.0327094194	0.147009831	0.094373201	0.0858916623	5.8125e-05	0.1136613347	-0.0492541863	-0.1151707065	-0.0308471245	0.0536453942	-0.1335163802	0.1250903583	-0.0606141466	0.171098092	0.0133705643	0.1359542727	-0.0472410142	-0.110228681	-0.0422365396	-0.0705159521	0.0078556144	-0.1529445777	-0.214896608	-0.0143642088	0.0226332202	-0.0475233803	-0.1024847464	0.1033145031	-0.0890407033	-0.1084178355	-0.0363014437	0.1039033134	-0.1003741862	0.0530395066	0.1279526648	0.0109219496	0.0195650605	-0.1337444426	0.1371686566	-0.0649352067	0.1299173909	0.1049940467	0.1081458324	-0.1182493889	-0.0780455655	-0.0551398718	0.106045173	-0.049014107	0.0856932001	0.016794332	0.1129094325	-0.0510275408	-0.0236453044	0.2387615648	0.0394378895	0.0691965612	0.0419556818	0.0191840997	0.0495841695	-0.085685092	0.0487699992	0.097960505	0.1847320825	-0.063773835	0.0844477316	0.0901510917	-0.0059368802	-0.0571024032	0.0533909834	-0.0693915313	-0.2009253423	0.2460904179	-0.2328673742	-0.1872679672	0.0404575437	0.2559622281	0.0775927526	0.11829904	-0.0084082248	-0.0022747683	0.0349815584	0.0685798001	0.0293542205	-0.1034414224	0.0366662233	0.0446835199	-0.0330433431224292	0.0064855083245873	0.0010918625247065	4.2061818228292456e-05	0.0268544997389881	0.0642891067078465	0.0041330892412928	0.0007211641562313	-0.1235792960413846	-0.006166367213666	3.802408461377611e-05	0.0152718424100841	-0.0006219804132736	-0.0004160035263112	1.7305893390343646e-07	3.868596344959982e-07	0.0026841223674043	0.0010400583672542	7.204512883200063e-06	1.08172140729568e-06	-0.0003876656020568	0.0002481649614254	6.158584807931988e-08	1.5028461901806122e-07	0.0	0.0	0.0	0.0	0.0	0.0	0.0	1.0	0.0	0.0	0.0	0.0	0.0	0.0	0.0
872.8313458991126	-1.3150918896894837	761834.5583840564	1.7294666783270571	934.777470706554	-5.954223118471191	35.4527729445368	873808.9197405424	831.5610089763906	0.5924331761007124	0.3509770681447777	691493.7116498327	834.4222731097553	738.6208606110214	1.466564	23.146185	0.1623847711334602	0.0758736294863364	0.1414340846	0.0419204727	-0.0288275064	-0.0052059143	-0.1509574607	0.0175013266	0.0623266816	0.014209424	-0.0423661054	0.0131979211	-0.1125726662	-0.1705446468	-0.2485242033	0.0025952347	-0.0460211248	0.358560222	-0.0745375147	0.0655552081	0.2146674436	0.158662492	0.0538588069	0.0262870686	-0.122838122	0.0195534771	0.0691562225	-0.1406675628	-0.0517407693	-0.0904086367	0.0770936501	-0.0694923484	0.0096298403	-0.0288765328	0.1260995448	0.1656326806	0.1486782431	0.0496677468	0.0340882815	0.0543519803	-0.0057839438	0.0900829605	0.1376472291	-0.2423810948	0.1721882216	-0.0177965963	0.1747771808	0.2264531391	-0.14507969	-0.2638647538	0.0438045358	0.1445376957	0.0917845279	0.1695888562	0.0474432584	0.0871599866	-0.0528604768	0.0356353425	-0.2372871021	0.0474322643	0.0226696192	-0.0984426754	0.2080228655	0.0215221887	-0.0039589437	-0.2544643774	0.0867031123	0.2258270465	0.0133723121	-0.2600409609	-0.2188748822	0.218345646	0.148515843	0.0707161607	0.0714387745	-0.1949412846	-0.2940443394	0.1127853737	0.3102863416	0.3011033905	-0.1322349338	-0.1580857146	0.1863574959	-0.0633798518	-0.0302655683	0.0953774584	-0.018619241	0.0678719306	0.040280304	-0.1054279714	0.0430942802	0.0350428114	-0.0398141158590164	-0.0067707727365871	0.0015851638216351	4.584336345051246e-05	0.0105631896815907	-0.0162913100573974	0.0002654067833862	0.0001115809762492	-0.1627435317554102	-0.0391642357140256	0.0015338373590637	0.0264854571282242	-0.0012230158530426	-0.000601035439769	3.612435998583152e-07	1.4957677767935184e-06	0.00152888879413	-0.0011552335732742	2.3375009448162853e-06	1.334564608820107e-06	-0.0006345656415225	-0.0002469000394656	6.09596294881642e-08	4.026735534008619e-07	0.0	0.0	0.0	0.0	0.0	0.0	0.0	0.0	0.0	0.0	0.0	0.0	0.0	0.0	0.0
874.0298134366996	1.1984675375869074	763928.1147761919	1.4363244386496252	940.1641220778562	5.38665137130215	29.01601299595134	883908.5764424261	831.1749538589573	-0.3860551174332158	0.1490385536963741	690851.8039224398	833.6959060160754	729.2352627648247	1.384998	21.858862	0.1130047115452766	0.0642525188704211	0.0631526943	-0.1344806519	-0.0784492074	0.1272998404	0.0702840585	-0.157738641	-0.0268816481	0.0189572847	-0.0765361114	-0.1400708161	-0.0977779232	-0.1241655291	0.0131130132	0.0198374623	0.0525885861	-0.0024217221	-0.0108327283	0.0673472615	0.1380309268	0.0068650358	-0.0016701907	-0.0375177408	0.0489164388	0.0711451053	0.0076771127	-0.0054901864	0.0460006312	0.1017167882	0.0136694823	0.0977339824	-0.0945365761	0.0718326468	0.1338789551	-0.1072872348	-0.1042014861	0.0690355677	0.1070206939	-0.1845526512	-0.1294826166	-0.0502704203	-0.0437438433	-0.1618754303	-0.0453786322	-0.0779678069	0.0088958267	0.0807560943	-0.0978256502	-0.0115830418	-0.0869473771	0.0253194373	0.0344198272	-8.47997e-05	0.1083872655	-0.0120115611	-0.0724378402	-0.0734118224	-0.0191367284	-0.0053542737	-0.1275504927	0.0423415013	-0.0778019027	-0.0628003163	-0.1504987718	-0.1659100102	0.0647018075	0.1485076721	-0.0646360718	-0.0277892822	-0.1381226186	-0.0690351136	-0.0635255994	0.0378027483	0.0011687794	0.0587867626	-0.0021327167	-0.0528493471	-0.146891456	-0.0952509108	-0.1231002075	0.2799453315	0.0345650642	-0.1836626713	-0.1561438574	0.1673923561	-0.0404158448	-0.0351904023	0.0546824655	-0.1073422654	0.0494042187	0.0251860523	-0.0388770666489506	0.0009370492100657	0.0015114263112269	8.780612220849275e-07	-0.0293896667720332	-0.0399528564536239	0.0015962307388038	0.0008637525129711	-0.1911089052288872	-0.028365373473477	0.0008045944122898	0.0365226136577837	-0.0011933857499089	2.9630103133699825e-05	8.77943011713688e-10	1.4241695480856278e-06	0.0022778243883214	0.0007489355941914	5.188483944031761e-06	5.609045242468256e-07	-0.0005381426906854	9.64229508371e-05	9.297385448133805e-09	2.895975555381221e-07	0.0	0.0	0.0	0.0	0.0	0.0	0.0	0.0	0.0	0.0	0.0	0.0	0.0	0.0	0.0
873.5259846331377	-0.5038288035618734	763047.6458292927	0.2538434632985888	940.0228407784796	-0.141281299376601	0.0199604055535407	883642.9411852427	829.7768485591097	-1.398105299847657	1.954698429462107	688529.6184046876	831.5847873964643	729.0628959523772	1.435427	22.654764	0.0480723502771672	0.0317527262925797	-0.1294540389	-0.0572196436	-0.0583962263	-0.1791240336	0.1459887681	0.0868247946	-0.0166886136	0.0159640339	0.0373659205	-0.0232708129	0.1330229771	-0.1256607472	-0.0413121158	0.0839705168	-0.0768770229	-0.0280930186	0.0550226937	-0.0006356522	0.2095827987	0.0235397915	0.0889233	-0.1063946028	-0.1207309263	-0.0336267668	-0.0398801744	-0.0859332974	-0.0138154951	0.2474265274	-0.0560281509	-0.1538841359	0.04356164	-0.1023543845	-0.1124021994	-0.2318799774	0.0394787867	0.0353373655	-0.041595948	0.1263568891	0.0645000761	-0.1559658384	0.0332878434	-0.0308578849	0.1653096467	-0.0426293881	-0.074960703	0.0635600242	-0.1791485808	-0.0394627804	-0.0718562201	-0.0470413909	-0.0800029435	0.0337796778	0.0350567941	-0.0624838426	0.001101279	-0.0330727919	-0.0361949357	0.206750423	0.0556982572	0.2914564286	-0.1179530481	-0.0668911886	0.0740933029	-0.1889008474	0.1988346639	0.097134101	0.1772665882	-0.0642998608	-0.1852883286	0.1070650534	-0.079589909	0.0222810476	0.0064886263	-0.1921428849	0.0580775676	0.1828856414	-0.0308836949	-0.0993133027	0.2566254934	-0.0007809299	-0.2276657457	-0.1684779234	-0.2475465925	-0.0030183753	0.249144951	-0.0137640973	0.1209909569	-0.1091829923	0.0555787436	0.0151740128	-0.0391408935291934	-0.0002638268802427	0.0015320095462636	6.960462273864718e-08	-0.0460933386223274	-0.0167036718502942	0.0002790126532823	0.0021245958653525	-0.164787033553992	0.0263218716748952	0.0006928409284696	0.0271547664275244	-0.0011932788085301	1.0694137880015027e-07	1.1436458499677226e-14	1.4239143148870149e-06	0.0022778774454277	5.305710630001612e-08	5.188725656388225e-06	2.8150565289312097e-15	-0.000633642289635	-9.549959894960008e-05	9.120173399534457e-09	4.015025512138853e-07	0.0	0.0	0.0	0.0	0.0	0.0	0.0	0.0	0.0	0.0	0.0	0.0	0.0	0.0	0.0
871.9616066819724	-1.5643779511652838	760317.0435274068	2.447278374092091	934.2887565527068	-5.73408422577279	32.879721908256336	872895.480620803	829.9091710120626	0.1323224529529625	0.0175092315554889	688749.232129929	831.8788919685031	743.0409213687941	1.528515	24.123928	0.2519609386304319	0.145940899087763	-0.1137825047	0.1054580644	0.0068444381	0.0472519516	0.0094827083	0.0775739883	0.0694355459	-0.0101936601	-0.1047268089	0.0441913085	0.0813484939	-0.1232071107	-0.0583092803	-0.033372409	-0.1673325281	0.0324729657	-0.169523868	0.2655152516	0.1104985347	-0.0608920951	-0.1103018163	0.053177956	0.2406716588	0.051916232	0.0390246692	-0.1125515238	0.0852986623	-0.0017803611	-0.0380430362	-0.1007551423	-0.0480219779	0.0035686235	0.1322656891	0.0386451038	-0.0656209376	0.0615656904	0.051132223	0.0552881939	0.0954211242	-0.0622224171	0.0550355876	-0.04076264	0.1116078206	0.0881646663	0.0048328626	0.2490263597	0.1648005003	-0.078059969	-0.1081740461	0.1542005911	0.1438300104	-0.1030116243	0.0600065918	0.099235929	-0.0897611771	-0.1952168457	-0.0614079753	-0.1298039245	-0.0878358596	-0.0144875413	-0.1592292873	0.0298506252	-0.0527348767	-0.0417413772	-0.0484704521	0.1808534159	0.2270645796	-0.026898941	-0.0672815632	-0.0078222676	0.0683929748	-0.020435194	0.0643391596	-0.0047808446	0.1775290619	-0.1915920614	-0.0715160592	0.118158532	-0.0621265254	0.0171945765	-0.0386037036	0.3041457714	-0.0650665246	0.0625502854	-0.105367018	0.276619621	-0.2040522283	-0.1109488906	0.0616009311	0.0050684204	-0.0542212920420865	-0.015080398512893	0.0029399485107132	0.0002274184193076	0.0789992346315671	0.1250925732538945	0.0156481518832809	0.0062408790723733	-0.0925881657649227	0.0721988677890693	0.0052126765100235	0.0085725684397128	-0.0010280857934267	0.0001651930151033	2.728873223895213e-08	1.0569603986458073e-06	0.0029038332203379	0.0006259557749101	8.432247371537979e-06	3.918206321434288e-07	-0.0006330090981571	6.331914779000424e-07	4.0093144768523994e-13	4.0070051834966506e-07	0.0	0.0	0.0	0.0	0.0	0.0	0.0	0.0	1.0	0.0	0.0	0.0	0.0	0.0	0.0
872.0509854149085	0.0893787329360975	760472.921163113	0.0079885579012622	942.234719780054	7.945963227347192	63.13833161035381	887806.2671589969	829.9747105628439	0.0655395507812954	0.004295432716614	688858.0201738765	833.3897194540674	740.751183946695	1.334816	21.066851	0.1759048206040969	0.1349334685059	-0.0114606927	0.1008448928	0.0340764577	-0.049535036	-0.005425409	0.0797768504	0.008068773	0.0832607941	-0.1953278386	0.1327425759	-0.0460662902	-0.0812598115	-0.0333291934	0.0120085558	0.0310868175	0.0491616484	-0.1770395275	-0.0254094297	0.0590344632	-0.1671609922	-0.0616254027	0.0425104649	0.0708079726	0.0955588608	-0.1383823719	0.0699589702	0.1159875486	-0.058483127	0.0358016226	-0.1748217468	0.0763964436	-0.0068060278	9.93326e-05	-0.0526656252	0.0923456321	0.0486668843	0.0223316106	-0.1437923664	0.1249787638	0.0384140569	0.0372246839	-0.1021461943	-0.0653944733	-0.0598479672	0.0637471053	0.0551139911	-0.0586559465	0.0921290314	0.1034137578	0.0777890117	-0.0612228298	-0.2044028329	-0.0645451516	-0.0407388823	-0.0334307646	-0.0242044127	-0.1491564959	-0.1578976247	-0.066194592	0.0853761748	0.0181832444	0.0160723871	0.0223474881	-0.0462943958	0.0781271901	0.2632108572	0.0190757952	-0.0040644972	0.0342621105	0.0811149926	-0.0256784069	-0.0983678214	-0.0920517019	-0.0518237018	0.0753464921	-0.1529987823	-0.0170231106	0.1532927673	0.0400377608	-0.1286298124	-0.0366855336	0.0244510257	0.204270479	0.0526557567	-0.0704467004	0.0814685803	-0.2387072844	-0.1126387502	0.0674542747	-0.0050684204	-0.0386910076115043	0.0155302844305822	0.0014969940699934	0.0002411897344947	-0.0528421982520939	-0.131841432883661	0.0173821634248168	0.0027922979161135	-0.1077222314096815	-0.0151340656447588	0.0002290399429398	0.0116040791398809	-0.0007610814963214	0.0002670042971052	7.129129467269528e-08	5.792450440428212e-07	0.0029037434816998	-8.973863809989478e-08	8.431726207514077e-06	8.053023168023886e-15	-0.0006338958153156	-8.867171584999757e-07	7.862673191782712e-13	4.018239046746292e-07	0.0	0.0	0.0	0.0	0.0	0.0	0.0	0.0	0.0	0.0	0.0	0.0	0.0	0.0	0.0
874.1250051025836	2.0740196876751043	764094.5245455918	4.301557664863937	928.3056370595868	-13.929082720467136	194.0193454336161	861751.3557966053	829.4173856531299	-0.5573249097139978	0.3106110549877158	687933.1996236729	831.6611569972246	729.168314032155	1.389937	21.93681	0.1616646596281613	0.0965708318635981	0.1302752126	0.0477377465	-0.0105069343	0.0920307007	-0.1305818051	0.0043097396	-0.0195598402	-0.042778771	0.1205256724	0.0420326651	-0.0708544276	0.110598719	0.0245007068	0.1065656216	-0.0785134871	-0.1399318901	0.1484002217	0.1131320326	0.0285915398	-0.1460742646	-0.0984278732	0.079841618	0.0458980287	0.0560234289	-0.1145931754	-0.201246959	0.2338504669	0.0389310135	-0.0434308029	0.1385741027	0.0491135655	0.1273607159	0.1476522253	-0.0516203372	0.1021750848	-0.1862246113	-0.04479593	-0.003336496	0.0063291217	0.1386267618	-0.0395930168	0.0835804695	0.0585254005	-0.0553625889	-0.0861156646	-0.0186379439	0.0475124672	0.1174319754	-0.1909643535	0.0346409067	-0.12480915	-0.0205416515	0.0414513532	-0.1574600369	-0.1471166662	-0.2031992624	-0.0428629964	0.074962234	-0.1638281495	-0.137427504	-0.0948601644	0.0686954904	-0.1028034299	0.0161613713	0.0371145286	0.0935315092	0.0491127959	-0.1444431767	0.0145504393	-0.1661183495	0.0975157814	0.1646281343	-0.1471920637	0.1871191936	0.3124666442	0.1397073547	0.1878242368	-0.2407636438	-0.1509758953	0.1034558403	-0.285072891	-0.0517947218	0.1503939341	0.1630325706	-0.1488326098	0.231128231	0.0789908303	-0.1142514127	0.0731227308	-0.0151740128	-0.0577547749862787	-0.0190637673747744	0.0033356140337156	0.0003634272265195	0.0148114996148223	0.0676536978669162	0.0045770228350679	0.0002193805208398	-0.0910783427132457	0.0166438886964357	0.0002770190309393	0.0082952645113914	-0.0019230899315838	-0.0011620084352623	1.3502636036209709e-06	3.698274884958984e-06	0.002904614658995	8.711772951997335e-07	8.436786317248639e-06	7.589498796715237e-13	-0.0006307093140725	3.1865012430999434e-06	1.0153790172277483e-11	3.977942388578035e-07	0.0	0.0	0.0	0.0	0.0	0.0	0.0	0.0	0.0	0.0	0.0	0.0	0.0	0.0	0.0
875.7557693218666	1.6307642192830372	766948.1675005344	2.6593919388938136	936.679433243998	8.373796184411162	70.12046253805894	877368.3606622973	829.0545694219242	-0.3628162312057839	0.1316356176263688	687331.479079372	831.9771548693858	736.5327208279169	1.203308	18.991325	0.1794719689841998	0.0871203202457265	0.0891513825	-0.0086538697	-0.0771748572	0.1239572062	-0.0598036175	-0.0892482055	-0.0785785275	-0.1687840231	-0.0097029649	-0.0362730193	-0.12847356	0.1527484117	0.1070769337	0.0089226098	0.1318740829	-0.2841141046	-0.0272117481	0.111015251	0.0367679456	0.0800050975	-0.0267520934	-0.045281977	0.1562190943	-0.1296390284	0.1215922902	0.038588279	-0.0181109428	-0.0108922622	0.0852477722	-0.0222577139	-0.1165707943	-0.0325100787	-0.0445842652	-0.1189068532	0.1702259737	-0.0769820945	-0.1333953136	0.0524581317	-0.064514631	0.1094340769	-0.1442662698	0.0968206664	-0.1655903537	-0.0490497599	-0.1771471807	0.0452426724	-0.000810194	0.0011092179	-0.0657323979	-0.1669693168	0.1678539253	-0.0881824478	0.208073311	-0.0899935704	0.1558151359	0.0084135757	0.0097590783	-0.0613586682	-0.059602004	-0.1183099242	-0.0339446773	-0.2861989185	0.156253312	-0.0410034793	0.0069188494	0.0352650415	-0.1020267698	-0.0966701498	0.0095240981	-0.0510223867	-0.1051494257	0.0873408082	-0.1098264691	0.2156125293	0.1275790612	0.2407152768	0.0882783142	0.1518706325	0.2990500713	0.3698389519	0.0746973531	0.2178080627	-0.01117855	-0.2132953904	-0.2019329316	0.1159647181	-0.1009970655	-0.1157857731	0.0785907625	-0.0251860523	-0.0697978844985272	-0.0120431095122484	0.0048717446804697	0.000145036486724	0.0211839528451633	0.006372453230341	4.060816017288344e-05	0.0004487598581461	-0.122618263661721	-0.0315399209484753	0.000994766613436	0.0150352385834153	-0.0010593556018996	0.0008637343296842	7.460369922750143e-07	1.1222342912760635e-06	0.0016330931713437	-0.0012715214876512	2.666993306289424e-06	1.6167668935589746e-06	-0.0001756354255453	0.0004550738885272	2.070922440192665e-07	3.0847802706478625e-08	0.0	0.0	0.0	0.0	0.0	0.0	0.0	0.0	0.0	0.0	0.0	0.0	0.0	0.0	0.0
877.4869005646228	1.7311312427561916	769983.2606625083	2.996815379646596	937.9472176198208	1.267784375822771	1.607277223580333	879744.9830407634	831.2765030770931	2.221933655168982	4.936989167972593	691020.6245680804	833.6126363935072	750.0619868693063	1.321096	20.850311	0.1276482971383896	0.0499305354181946	0.0684018114	0.0577716048	-0.2293755745	-0.0042461219	-0.0257042306	0.0745849	-0.1628241651	-0.0448389236	0.0783193409	0.0979536222	-0.1975169802	-0.140555917	0.1223780007	0.1797167838	-0.1473261613	-0.0208039285	0.0242210167	-0.0210788951	-0.0052451302	0.0014508585	0.1505354708	0.1087048142	-0.0723721372	0.0003719525	0.0539257561	0.0266829241	-0.1745822341	-0.0906522677	-0.0099636165	0.0962715025	0.0316130863	-0.0977736462	0.0134765259	-0.0465560838	0.0361766953	0.0208162643	-0.0588433663	-0.0812661515	0.0598704156	0.0888150911	-0.1699513901	-0.1745286807	0.2073553632	-0.1301930303	-0.0489264189	-0.0614929507	0.0212614013	0.089514368	-0.0137798374	0.0295832269	-0.1288767514	-0.0072469204	0.0879988589	0.0735400314	0.0071122929	0.1126372154	0.0398919955	0.0575623225	0.0493366646	-0.0442149382	0.1412959128	-0.0231153133	0.0030770053	-0.1198427594	-0.0631191636	-0.1350405246	0.0194588245	-0.1706293208	0.1702618343	0.0318930103	-0.1423173894	0.0928079798	0.0065319836	-0.0716394249	-0.1200542978	0.0232682683	-0.029693509	-0.002211039	-0.1183688637	-0.1097496255	-0.1233303798	0.0319972639	0.0296655548	-0.0097058871	-0.0200499809	0.001832637	-0.2045136394	-0.1172407796	0.0838433825	-0.0350428114	-0.0459091676758447	0.0238887168226824	0.0021076516766888	0.0005706707914343	0.0486498651200832	0.0274659122749199	0.0007543763370935	0.0023668093762022	-0.1429707216348532	-0.0203524579731321	0.0004142225455481	0.0204406272447906	-0.0013785759622509	-0.0003192203603513	1.0190163846281388e-07	1.9004716836959948e-06	0.0013109500722565	-0.0003221430990872	1.7185900919493229e-06	1.0377617628950557e-07	-0.0006530961674599	-0.0004774607419146	2.2796876006964035e-07	4.265346039508098e-07	0.0	0.0	0.0	0.0	0.0	0.0	0.0	0.0	0.0	0.0	0.0	0.0	0.0	0.0	0.0
875.1961065674342	-2.2907939971886435	765968.2249507956	5.247737137555523	940.2120510487074	2.264833428886618	5.129470460602316	883998.7009372171	830.1590214567365	-1.1174816203566706	1.2487651718349702	689164.0009060062	832.7941075690683	750.2336758238066	1.15078	18.162292	0.1013618008558798	0.0459761666203446	0.0633785598	0.0584408961	-0.1507595856	-0.0360496431	-0.0765260029	0.0389230044	-0.1399586196	0.0155941376	-0.1463585203	0.0664039287	-0.0620733219	-0.032010941	-0.101594584	0.0343619065	-0.0075839167	-0.1433774439	0.0059233034	-0.0754034039	-0.0688061473	0.0994852335	0.0004404976	-0.1041038103	-0.0617740063	-0.1260976134	0.0905784108	0.1200818351	0.1222043692	-0.1496116507	-0.0792732061	0.0026354485	-0.0171435364	0.0026089591	-0.1484695543	0.0464842834	0.006979918	-0.0125210666	0.1048022747	0.0977838917	0.0342439196	0.067711516	0.0417843892	-0.0761476352	-0.0032282192	0.0139414966	-0.1991105948	0.0212115409	-0.032988244	-0.055292276	0.0512608405	0.0488390781	0.0563525578	0.078542284	-0.1021840242	0.0041333311	0.010583681	0.174386859	0.1928095994	-0.1376298721	0.1362232847	-0.0749882492	-0.1626579457	-0.013600998	0.0052072006	-0.0738290506	-0.1107527476	-0.0345484017	-0.0662189011	-0.0802786128	0.0904278915	0.0469526037	-0.0530586214	0.0795110118	0.0755101613	0.0161995332	0.0064477322	-0.0371712546	0.0681805716	0.0420772245	0.1437464907	0.0834748483	-0.09839116	-0.0334142816	-0.1160062707	-0.1841293792	-0.1409026327	-0.1174639196	-0.1025357809	-0.1186154352	0.0888661936	-0.0446835199	-0.0551364928095097	-0.0092273251336649	0.0030400328393331	8.514352912236576e-05	0.0483755428513319	-0.0002743222687512	7.525270713286016e-08	0.002340193146161	-0.1088335804055447	0.0341371412293085	0.0011653444113097	0.0118447482238901	-0.0008951884133999	0.0004833875488509	2.336635223841779e-07	8.013622954854303e-07	0.001697167174864	0.0003862171026075	2.8803764194358515e-06	1.4916365034653224e-07	-0.0003682405744353	0.0002848555930246	8.114270887739659e-08	1.356011206604397e-07	0.0	0.0	0.0	0.0	0.0	0.0	0.0	0.0	0.0	0.0	0.0	0.0	0.0	0.0	0.0
877.4998622035857	2.30375563615155	770006.0081673119	5.307290031100032	940.787922376997	0.5758713282896224	0.331627786746054	885081.9148904266	833.5285186191775	3.3694971624410077	11.353511127698	694769.7913514805	836.2987857626403	743.5267530379937	1.520259	23.993633	0.2602926405782787	0.1710537408033828	0.1010966341	0.062554945	-0.1437333281	0.0405090603	-0.0497945219	0.0135099359	-0.0479185232	0.1254619742	0.0226894317	0.018733287	-0.2417343804	-0.2795020317	-0.051005026	-0.029185819	0.0947672479	0.0627702765	0.2337563094	0.1488632799	-0.3006390712	-0.2877092645	0.1938587828	-0.0525948345	-0.0697269006	0.0990353125	0.1192080746	0.0109093404	-0.0029070062	0.0996160653	-0.123995841	0.0197002727	0.0258850409	-0.0429858781	-0.119981277	0.0890864096	-0.0568332903	-0.1596307005	0.0182691753	0.0270928459	0.001671792	0.0735496462	-0.0116638946	-0.3977248042	-0.062331056	0.0232060972	0.2007776164	-0.1113803893	0.0593703371	0.3267025976	-0.2421403782	-0.2167828818	0.0009001164	0.3061903533	-0.1380879394	0.1182226825	-0.0866920741	-0.0122575812	0.1531882302	-0.0916351994	0.0783427308	0.0073954596	0.0004284474	-0.0601935415	0.0177216241	-0.0348825251	-0.3864336423	-0.2003804554	0.0578657665	-0.3027830834	0.0572523778	0.1191687081	-0.131796261	-0.3332116191	-0.2096102201	-0.1304800505	0.158791022	-0.0489034868	0.0375943089	0.0965648525	-0.1746829911	-0.0338079128	-0.2395433363	-0.016597584	-0.0473893821	0.0420156299	0.0036875682	-0.1385889648	0.2588942801	-0.1199087977	0.0936454286	-0.0540487397	-0.0591638530609088	-0.0040273602513991	0.0035003615090128	1.621963059454945e-05	0.2123035074643979	0.163927964613066	0.0268723775821826	0.0450727792816856	-0.0649406664192611	0.0438929139862835	0.0019265878982072	0.0042172901549777	-0.0006531350569077	0.0002420533564922	5.8589827389140063e-08	4.265854025618245e-07	0.0012071977391798	-0.0004899694356842	1.4573263814808205e-06	2.400700479046935e-07	-0.0006051058168095	-0.0002368652423742	5.6105143044988535e-08	3.661530495366922e-07	0.0	0.0	0.0	0.0	0.0	0.0	0.0	0.0	0.0	1.0	0.0	0.0	0.0	0.0	0.0
875.3001866391049	-2.199675564480799	766150.416730452	4.838572588973922	946.5542299934988	5.766307616501763	33.25030352812624	895964.9103185853	830.4595224056603	-3.0689962135171527	9.41873775858262	689663.0183542374	833.9750546293316	742.9332635221425	1.656132	26.138048	0.4121937007716587	0.3772735272596912	-0.0286211149	-0.0379678738	-0.064801443	0.035440176	0.0152531252	-0.0027630477	-0.1660684919	0.0488872822	-0.1979550112	0.0121720472	-0.0110932262	-0.0700583629	0.0684136297	0.0616919798	0.1746752672	-0.1495408718	0.1720836766	0.0454362417	0.1548386841	0.2513184133	-0.1911108379	-0.087686292	-0.0197838181	-0.0256184725	0.0247765145	-0.1163167205	-0.2611441201	0.1218755858	-0.0826929461	0.1584989341	0.1283738382	-0.0266995039	-0.014289765	0.0948488162	-0.2276676903	-0.0242577345	0.056567939	-0.1026769981	0.0091078329	-0.0219970153	-0.0330328207	-0.06545312	-0.1391127656	-0.0423226987	-0.2022122221	-0.1566916903	-0.0797463275	-0.2694126061	-0.1538288377	0.0962821876	-0.0029928957	-0.0657541255	0.0081837874	0.0613527389	0.1951009597	-0.2548154856	0.2998618661	0.1457787092	0.1190920474	-0.0461414296	0.1248602418	0.0051634707	-0.0646415727	0.019949763	0.0364613163	-0.0275035726	-0.2380601569	0.1676365331	-0.0152600227	0.1844112348	-0.2360315229	0.2107583119	0.1204625604	-0.1599365913	0.0961942816	-0.1102738483	0.0091237171	-0.0496800229	-0.1368215579	0.1677582702	-0.0678417266	-0.0282042058	0.0670742086	0.0313977117	-0.1074517295	-0.1360548886	0.1160554373	-0.1211199807	0.098167988	-0.063080731	-0.0457761036487625	0.0133877494121463	0.0020954516652622	0.0001792318343224	-0.1637017179121613	-0.3760052253765592	0.1413799295104771	0.0267982524473928	-0.0629832721413379	0.0019573942779231	3.831392359246483e-06	0.0039668925696298	-0.0004381041099094	0.0002150309469983	4.623830816698572e-08	1.9193521111950762e-07	0.0013781259083227	0.0001709281691429	1.899231019190267e-06	2.921643900654386e-08	-0.0005741982988501	3.090751795940003e-05	9.55274666410635e-10	3.297036864023487e-07	0.0	0.0	0.0	0.0	0.0	0.0	0.0	0.0	0.0	0.0	1.0	0.0	0.0	0.0	0.0
869.7451252391706	-5.555061399934289	756456.5828773007	30.8587071570399	931.5806740750088	-14.973555918489978	224.20737684414627	867842.5523100478	828.0317897964574	-2.4277326092029625	5.893885621787424	685636.6449135245	829.9310176598527	732.7033672555846	1.544118	24.37018	0.0885730701603829	0.0395108727473909	0.0285953482	0.0367670426	0.1129110761	-0.1652136487	-0.041463609	0.0643157477	0.0308051051	0.090107679	0.1723016816	0.0222817436	0.0749775599	0.0999252796	-0.0041221984	0.0044407704	-0.1762313647	-0.0117863635	0.0987070534	-0.2237575898	0.1071081012	-0.1110863248	-0.1590309736	0.0555837362	0.0641138428	-0.2204025141	-0.0208266635	0.1485680337	-0.0157877199	-0.1423227281	-0.1290991542	0.0822744034	-0.079459341	-0.0205161376	-0.0288318047	-0.0875868615	0.0461283903	-0.0480966928	0.1206852961	0.0819436835	0.0253344402	-0.0069852757	0.0208174411	0.1419866272	0.1490225627	0.0723621973	-0.0736906942	-0.1276276575	-0.1431948031	0.2021856492	0.1459053136	0.230760795	0.1411512329	-0.0674108066	-0.0227887941	-0.0807926131	0.0975721199	-0.0225235567	-0.0106388539	-0.0389817261	0.1188237891	-0.1843526967	-0.0881550584	-0.1884650079	0.0460241176	0.0967220098	0.2196860226	-0.1566611818	-0.0667473918	0.0436082568	0.0453824609	0.1673321588	-0.0411045508	0.1235576215	0.1672786281	-0.0007942724	0.1091159338	-0.1315529194	0.0935303703	0.1427055803	-0.0174617003	0.035690515	-0.1146316012	-0.0999901058	-0.1030871081	0.0908126832	0.0635796033	0.0577949736	-0.0178129938	-0.1222481541	0.1024214758	-0.0717238087	-0.048312793372844	-0.0025366897240814	0.0023341260034871	6.434794756260666e-06	-0.1430883184603573	0.0206133994518039	0.0004249122369596	0.0204742668798126	-0.0366982821515904	0.0262849899897475	0.0006909006987611	0.0013467639128777	-0.0001410742170439	0.0002970298928654	8.822675725569037e-08	1.9901934714549408e-08	0.0017710328968172	0.0003929069884944	3.136557521608723e-06	1.5437590160781712e-07	-0.0004813753603151	9.2822938535e-05	8.616097918272386e-09	2.3172223751849237e-07	0.0	0.0	0.0	0.0	0.0	0.0	0.0	0.0	0.0	0.0	0.0	1.0	0.0	0.0	0.0
870.3539268684291	0.6088016292584371	757515.9580152947	0.3706394237877274	927.059999358788	-4.52067471622081	20.436499889878103	859440.242411116	827.4300184717719	-0.601771324685501	0.3621287272137427	684640.4354681968	829.9986263180675	722.9968573066459	1.443013	22.774477	0.3024232755095809	0.215155674217441	0.1255867483	-0.0444496195	0.0569133916	0.0898137586	-0.0869533379	-0.0781222286	0.0606008684	-0.0743745751	0.0659860465	-0.0981653735	-0.0262235136	0.2215853053	-0.0020701738	0.015293342	0.0264804566	0.1360444119	0.0337044398	0.1873275949	0.0887519554	0.0568150502	0.1863566877	0.2988130183	0.0111328102	-0.0399447138	0.0448470061	0.0095655264	-0.0692721891	0.0632006709	0.0645049749	-0.0438367219	-0.0171734043	0.2005479384	-0.0788171481	0.1809080717	0.0613100417	-0.1760596773	0.1401535062	-0.0650788538	-0.1185963481	0.0936125929	0.0077992378	0.167581008	0.0061884011	-0.036810835	0.1051405352	0.0689690963	0.0950383898	-0.0504016925	-0.1429416043	0.105775511	-0.1022410818	0.2120501769	0.0943054118	0.0692699371	0.0517658158	0.0167005791	-0.0990244902	-0.1861743974	-0.1071034052	-0.0338813816	0.1866000285	-0.1976279258	-0.1112612077	-0.0506147897	-0.1063666193	-0.1035991812	-0.0675068271	-0.037831432	-0.0368183816	-0.0031817968	0.1529186775	0.0019455772	-0.0395765502	-0.0566120114	0.0264755122	-0.0504280942	0.006124385	0.0362625395	-0.1315810018	0.2241804445	0.0428675047	0.0491701227	0.0731766032	-0.0019445916	0.0986847965	-0.029877883	-0.0333462314	-0.1232925447	0.1063942335	-0.0799246852	-0.0544082639032836	-0.0060954705304396	0.0029602591809693	3.715476098745763e-05	0.0632754157697519	0.2063637342301092	0.0425859908053951	0.0040037782408349	-0.0948825597477025	-0.0581842775961121	0.0033854101593814	0.0090027001442763	-0.0004493429326902	-0.0003082687156463	9.502960104621939e-08	2.019090711586296e-07	0.0018796569976446	0.0001086241008273	3.5331104287943117e-06	1.179919528056114e-08	-0.0007000784068998	-0.0002187030465847	4.783102258542946e-08	4.901097758073619e-07	0.0	0.0	0.0	0.0	0.0	0.0	0.0	0.0	0.0	0.0	0.0	0.0	0.0	0.0	0.0
870.1361945755714	-0.2177322928577041	757136.9971104566	0.047407351353073	930.5645481066756	3.504548747887611	12.281861926320625	865950.3781929814	828.2208393216882	0.790820849916372	0.625397616662453	685949.7586867217	830.4336022719881	730.1714736351028	1.270034	20.044434	0.1851062403134494	0.1229032628889781	0.0195526413	-0.1183445036	0.0418330046	-0.0325263717	0.0661272186	-0.1386675941	0.0230604135	0.0629179377	0.0478394084	-0.1023478819	0.1946368189	0.0407019333	-0.1417125193	-0.0908340726	0.0379275188	0.0099336418	0.0156795144	-0.0706356441	0.0043144484	-0.0229061888	0.1444152179	0.0548687563	0.0858000488	-0.0890523083	0.0708099513	0.0273776633	-0.0994982847	-0.0473669492	-0.0038820414	0.049852763	-0.0820032366	0.0175783029	-0.0154358725	-0.0733836189	-0.1514641982	0.1169210399	-0.0250760917	0.0769726371	-0.0829910205	-0.1180630586	0.14006893	0.1168851682	-0.0247451764	0.0819577995	-0.0455950249	-0.0052255802	-0.0198968648	0.0575643416	0.0284858017	0.0012819763	-0.0424198737	0.0566437784	0.2887592162	0.0507563064	-0.010384343	0.1418122707	-0.0388704533	0.1402119713	0.1643872727	0.0720932671	-0.0234913448	0.0052646485	-0.0227172946	-0.0074949372	0.0692003484	-0.1131006733	-0.1023241817	0.0848805664	-0.069685255	0.0464031069	-0.039691751	0.0505756727	0.011737904	-0.0358330474	-0.0306836429	-0.1199072158	0.1167721115	-0.0582070754	-0.038370985	0.0528687108	0.0458318445	0.0496016033	0.0303152781	0.0486894289	0.0151140822	0.0830618855	0.0036744067	-0.1242524367	0.1100753719	-0.0876327994	-0.0457229730514114	0.0086852908518721	0.00209059026466	7.543427718161486e-05	-0.0570165927337313	-0.1202920085034832	0.014470167309802	0.0032508918469641	-0.0826519801117484	0.0122305796359541	0.0001495870782314	0.0068313498163928	-0.0002047475710911	0.0002445953615991	5.98268909157945e-08	4.192156786770505e-08	0.00163803135788	-0.0002416256397645	2.6831467293981967e-06	5.8382949791652194e-08	-0.0003083321818207	0.0003917462250791	1.5346510486372488e-07	9.506873434631321e-08	0.0	0.0	0.0	0.0	0.0	0.0	0.0	0.0	0.0	0.0	0.0	0.0	0.0	0.0	0.0
868.7538207300089	-1.3823738455624834	754733.2010329885	1.9109574488952088	938.356305668863	7.791757562187399	60.711485907904525	880512.5563885167	829.6054726654628	1.384633343774567	1.9172094966923383	688245.2402764859	832.3285175326744	745.5886458606981	1.612301	25.446291	0.2127511719396776	0.1434970486306613	-0.1704617334	0.0371766078	0.0534563901	-0.1482045473	0.0911446771	0.0664256641	0.0799755591	0.1992275025	-0.0671006984	0.0471990114	0.1915152542	-0.1186099464	-0.1691543551	-0.0544171119	0.0144092479	-0.0308323917	-0.0788679543	0.1200744069	-0.1782730248	0.1459697414	0.0487262774	-0.0707055485	0.0900378851	0.0095904822	0.0266118251	0.1430322649	-0.0125860361	0.0876737181	-0.0098630503	0.088681504	0.0113586211	0.0841147686	0.2161882269	-0.0661034146	-0.019163402	0.0187877806	-0.0308976296	-0.0158372445	0.1154006655	-0.1451711566	0.227527728	-0.0420011023	-0.0267919268	0.092278774	-0.0017237071	-0.0064672973	0.1341324504	-0.0088191783	-0.042915454	-0.1732419296	0.0708273769	-0.0909386617	0.1092471561	0.0277954652	0.1109097447	0.1724627253	0.061909416	0.0044759947	-0.0967597874	0.0363738193	-0.0429367453	0.017986883	-0.2164645285	-0.0138640221	-0.085179701	-0.1029144659	0.1492058099	0.0985928051	-0.0211472074	0.119747612	0.0580343535	-0.1013017273	0.00097744	0.022089616	-0.0183792058	-0.1910550354	0.0872260045	-0.023939827	0.0118000263	0.1882313557	0.0850786055	-0.0204690006	-0.0068426455	-0.0779805897	0.048781078	0.0046246103	-0.1096230442	-0.1251271724	0.1134548014	-0.0948006283	-0.0453749690195479	0.0003480040318635	0.0020588878135249	1.2110680619325465e-07	0.0834994043836445	0.1405159971173758	0.0197447454458903	0.0069721505324233	-0.06156712746521	0.0210848526465384	0.0004445710111262	0.0037905111843174	-0.0001462279471824	5.85196239087e-05	3.4245463824156926e-09	2.1382612537178765e-08	0.002203050736826	0.000565019378946	4.853432549029582e-06	3.1924689858452375e-07	-0.000700839541844	-0.0003925073600232	1.5406202767246042e-07	4.911760634121078e-07	0.0	0.0	0.0	0.0	0.0	0.0	0.0	0.0	0.0	0.0	0.0	0.0	1.0	0.0	0.0
865.4859605109688	-3.2678602190401307	749065.9478415942	10.678910411185011	928.4417367142238	-9.914568954639208	98.2986775562956	862004.058472924	827.9387186302329	-1.6667540352299284	2.7780690139552493	685482.5218070719	831.1683086913229	720.7367893557334	1.508935	23.814899	0.24721622579985	0.1838813897836999	-0.002703202	0.0378127729	0.2465277312	-0.0684727937	-0.0795328561	0.0041290691	0.1616145603	0.0532306544	-0.1151718014	0.0318047612	0.1720393855	0.0731721177	-0.2712681257	-0.0451781608	0.0290934624	-0.1083539002	-0.1013443512	-0.1654735577	0.0979361461	-0.0199428876	-0.009916918	0.045627296	-0.1071270067	0.079179964	-0.023165989	-0.02597945	-0.0059450098	0.0201540394	-0.1855644212	-0.078762784	-0.0749530504	-0.0176591445	0.0503214115	0.0076792253	0.0682916684	-0.0957088976	-0.0017171687	-0.0668875071	0.0195679272	-0.0217641336	0.3189584686	0.0862726375	-0.0666826121	0.1181133351	-0.1186951073	0.0727388328	-0.0766099647	-0.0438637361	0.1235033165	0.0244430922	-0.0776491274	-0.0052192231	-0.1559243363	0.1250022487	0.0151679937	-0.0105898111	-0.023768102	0.1034535586	-0.1064610573	0.0096284453	-0.0650862493	-0.1381567465	0.0586161019	0.0489977173	0.0637159075	-0.0329954533	-0.1088689014	0.2211030579	-0.0269653705	0.1637701191	0.1969358119	-0.0032702609	0.0272086419	0.0444385655	0.070707772	-0.0329168053	0.0611669199	-0.0700975466	-0.0186503637	-0.1031084775	-0.0117647181	-0.1300770362	-0.1712878137	-0.0490590522	0.0740881391	0.1412077425	-0.1119007853	-0.1259161521	0.1165232592	-0.1013839798	-0.0633141845842288	-0.0179392155646809	0.0040086859695657	0.000321815455076	-0.0952145024923396	-0.1787139068759841	0.0319386605108779	0.0090658014848637	-0.024862521977198	0.036704605488012	0.0013472280640306	0.0006181449990666	3.2806461738361004e-05	0.0001790344089207	3.2053319577606274e-08	1.0762639317905442e-09	0.0023009875464363	9.793680961029966e-05	5.294543688854943e-06	9.591618676644084e-09	-0.0007010382807364	-1.9873889240003799e-07	3.9497147352393864e-14	4.914546710578476e-07	0.0	0.0	0.0	0.0	0.0	0.0	0.0	0.0	0.0	0.0	0.0	0.0	0.0	1.0	0.0
864.9893800759667	-0.4965804350021017	748206.6276442051	0.2465921284268765	927.370136861051	-1.0715998531727564	1.148326245319873	860015.3707416846	827.0680827590654	-0.8706358711674511	0.7580068201635065	684041.6135187562	829.3859399132602	717.2454515042593	1.317818	20.798586	0.2542985398972109	0.1566730996299677	-0.1568097495	-0.0724525508	0.2393126991	-0.0191192979	0.084411075	-0.106317391	0.2623516197	0.164706249	0.0693724963	-0.0466783717	0.1947603012	0.0896142598	-0.0398988392	0.0390723929	-0.0058610036	0.115065966	0.0690222776	0.1089719815	-0.0387744521	-0.1421751315	-0.0680971075	-0.078468398	-0.0497252572	0.1098331162	-0.0450754483	0.2071771212	0.0997948564	0.0269061355	-0.0977648164	-0.0519942466	-0.0394150387	-0.0945819025	0.0888386887	0.0612562685	-0.0371596608	0.1429902285	0.0743925146	0.0202769664	-0.0144490944	-0.1371327723	0.1587322994	0.1436099232	0.0261241309	-0.0144224524	0.1548660842	-0.0214666906	-0.0275658197	0.0632889699	-0.127014577	-0.0265938049	0.0046706623	-0.0561277533	-0.2489976609	0.0765904667	-0.0545146255	0.0869841914	0.050880741	-0.0955038318	-0.0758822749	0.0474932275	-0.0546420155	-0.0026730061	0.0292453023	0.0391583357	-0.0256838868	-0.0470512943	0.183673187	0.1632126736	-0.1260307174	0.0336337918	0.1864805244	-0.1842863374	-0.0110777891	0.0940525402	0.0332122916	0.1074978063	-0.1333564713	-0.0775686498	0.021637218	0.0923609429	0.074648609	-0.1591467132	0.0941710551	-0.1186850064	-0.0007443135	-0.0222459027	-0.0604081707	-0.1266188352	0.1192723348	-0.1073422654	-0.0520319867611078	0.011282197823121	0.002707327646308	0.00012728798772	0.0469430871506943	0.1421575896430339	0.0202087802931172	0.0022036534312376	-0.044646519838821	-0.019783997861623	0.0003914065713887	0.0019933117337182	-0.0005658149540455	-0.0005986214157838	3.583475994350743e-07	3.2014656222151133e-07	0.0027580426768651	0.0004570551304288	7.6067994074092065e-06	2.088993922512876e-07	-0.0001352197355604	0.000565818545176	3.201506260650851e-07	1.828437688502451e-08	0.0	0.0	0.0	0.0	0.0	0.0	0.0	0.0	0.0	0.0	0.0	0.0	0.0	0.0	0.0
867.6551823226225	2.6658022466558577	752825.5154113034	7.106501618275419	926.1529732179106	-1.2171636431404522	1.4814873341829382	857759.3298003759	826.9306331994399	-0.1374495596255656	0.0188923814412619	683814.2721236265	829.1969889600902	710.2979209446303	1.553941	24.525215	0.1330771689154058	0.0918268672911426	0.0178656107	0.1010964468	0.2323098199	0.1693768442	-0.0197702284	0.0175111075	0.2640297767	-0.093567095	-0.0869324383	0.1191433691	0.0715313781	0.1918010604	0.083677459	0.0547178063	0.1745248334	0.1102978532	-0.0944417876	-0.061687669	0.0675758826	-0.180315194	-0.1096378356	-0.0629117037	0.0694268776	0.0665201465	-0.0193947437	0.1218222766	-0.0755583043	0.1062805559	0.1399754576	-0.0451031203	0.0237921726	0.1010509944	-0.1000851542	0.1404573712	0.0243407949	0.111116511	-0.0896072513	-0.0881289432	0.0910740874	0.0330646168	-0.0027508061	0.1944521395	-0.1980636598	-0.1570375964	0.0891754481	0.0757994772	-0.0991585935	0.1325627883	0.0044279746	0.0240865875	0.0733110425	-0.0694294338	-0.0932891819	-0.000261332	0.0563960562	-0.0390718769	-0.0639590994	-0.0476513641	-0.0844015694	0.154400383	0.1204219906	0.1999977076	0.0968985597	0.0766139174	-0.0105074521	0.1150364485	-0.0653803021	0.1596591242	0.0907841051	0.0661901409	0.1446179812	-0.1015586349	-0.1293481654	0.1312099038	0.0325001698	0.0823531842	-0.1555463704	0.062070535	-0.0046578698	-0.1144304782	0.1752305212	-0.1219451056	0.0114999996	0.1327332129	-0.0074058602	-0.0289009256	0.071869187	-0.1272347401	0.1216944932	-0.1126387502	-0.0717700391948739	-0.0197380524337661	0.0051509385260337	0.0003895907138781	-0.0397917341626197	-0.086734821313314	0.0075229292282525	0.0015833821076685	-0.0555779793886017	-0.0109314595497806	0.0001194968078884	0.0030889117929198	-0.0004120940805667	0.0001537208734788	2.3630106943085244e-08	1.6982153123811384e-07	0.0027580657101726	2.3033307500024136e-08	7.606926461629888e-06	5.305332543906681e-16	-0.000294932541145	-0.0001597128055845	2.550818026770423e-08	8.69852038262471e-08	0.0	0.0	0.0	0.0	0.0	0.0	0.0	0.0	0.0	0.0	0.0	0.0	0.0	0.0	1.0
871.3251045297428	3.669922207120294	759207.4377837672	13.46832900631469	924.0415270516042	-2.1114461663063366	4.458204913209726	853852.7437158606	828.6357041844782	1.7050709850383328	2.9072670640195906	686637.1302493061	830.7687581336774	713.2252722512676	1.469917	23.199106	0.1035198076648491	0.0516788898784048	0.0556182836	-0.1028166701	0.0817522219	0.0567289688	-0.0813109855	-0.1005525628	0.1197798027	-0.0559143652	0.1466471998	-0.1366493892	-0.0970672454	0.1314230212	0.0974180721	0.1139277433	-0.143923877	0.1249330261	-0.0288095617	-0.0139334793	-0.0208338684	0.0434679582	0.0740284522	-0.0504419371	-0.061640772	-0.0611456918	-0.1513220219	0.0467795725	0.0168855479	-0.0327494521	0.066988106	-0.0595517645	0.0070526341	-0.0511850106	0.0048473811	-0.0198590713	-0.0833196074	-0.0946697723	-0.0064609443	-0.0222256291	-0.1611872467	0.0585844364	-0.0732771782	0.0864623456	0.1475714937	-0.1571691687	0.1626540114	0.0361910942	0.0013512195	-0.0317360536	0.007077238	-0.0719580453	-0.0500259509	-0.1233783439	-0.020746964	-0.1033431434	0.0505356271	0.1385521225	-0.0709909401	0.0306203111	-0.0337173313	-0.0399401957	-0.0822261313	-0.0227460828	0.0339040989	0.0090995289	0.0860442244	-0.0854951389	0.0072403889	-0.0081476759	-0.0239401752	-0.1042980223	0.1182833783	-0.0683839908	-0.0255738724	0.093312174	-0.0482588408	0.177336713	-0.2202671578	-0.0347707273	0.009670133	-0.200377433	0.0027719724	-0.0801521818	-0.0362040908	0.0280765048	-0.0724965148	-0.009391227	-0.027703901	-0.1277634447	0.1237830955	-0.1172407796	-0.0667327752472886	0.0050372639475853	0.0044532632922051	2.537402807764266e-05	-0.0037785409570005	0.0360131932056192	0.0012969500848652	1.4277371763730254e-05	-0.0853843844974164	-0.0298064051088146	0.0008884217855107	0.0072904931160026	-0.0008187554514086	-0.0004066613708418	1.653734705350133e-07	6.703604892113003e-07	0.002758724491489	6.587813163997681e-07	7.610560819941241e-06	4.339928228374114e-13	-0.0005408712970433	-0.0002459387558982	6.048587165280358e-08	2.9254175996530164e-07	0.0	0.0	0.0	0.0	0.0	0.0	0.0	0.0	0.0	0.0	0.0	0.0	0.0	0.0	0.0
872.8407536582067	1.515649128463906	761850.9812466264	2.2971922806133978	935.0493122915204	11.007785239916188	121.1713358881167	874317.2164168453	829.2682654038915	0.6325612194133328	0.4001336963056825	687685.8560059791	831.653467166943	729.6857628701491	1.451883	22.914476	0.0889111133974875	0.0574147772335472	-0.1536178868	-0.0533449406	-0.0450951729	0.1497813714	0.1255761175	-0.024215651	-0.0225308524	-0.1420608916	-0.0764224254	-0.0775600128	0.0407205563	-0.048903689	0.1708783494	-0.0598384175	0.1184085263	-0.009895325	-0.1036600922	-0.0284245444	-0.0621424451	0.0423489922	-0.0390433193	0.0717249698	-0.0731804337	-0.0676814609	0.036535047	-0.0868952583	0.1344721816	-0.1274791436	0.0225471875	0.0190938104	-0.0003301818	-0.189838062	-0.0082757351	-0.0004542168	-0.0483556238	-0.0445470002	-0.001426161	-0.1078590316	-0.0389301372	-0.1056990879	-0.1573226986	0.0056687705	-0.1132386559	0.014043646	0.014037331	0.0932022119	0.091411736	-0.0549894866	0.1074111042	0.0961269633	0.0182708457	0.0685980802	-0.0755607797	-0.0427515191	-0.1030583695	0.046205848	0.0857568072	-0.0409928041	0.1131187733	-0.043731703	-0.0056013042	-0.0232086283	0.0577931171	0.039609816	-0.1419277559	0.0429515078	0.0458579505	0.1662806338	-0.0374068359	-0.0922199623	-0.041597933	-0.0560626657	0.0597077149	-0.0063517429	-0.0112892862	-0.0006793252	-0.1069163808	0.082121535	0.0517121606	-0.0449272037	0.1036619391	0.0345419539	-0.0946325665	-0.0124015038	-0.0255417585	-0.0618844037	0.0263935191	-0.1282045865	0.1255324169	-0.1211199807	-0.0668274943022595	-9.471905497089594e-05	0.0044659139947185	8.971699374579608e-09	0.0489511244400091	0.0527296653970096	0.0027804176128805	0.0023962125839412	-0.0637315832470193	0.021652801250397	0.0004688438019891	0.0040617147031717	-0.0005703101786793	0.0002484452727293	6.172505354153626e-08	3.2525369990521506e-07	0.0027586474222747	-7.706921429989287e-08	7.610135600422846e-06	5.9396637928028095e-15	-0.0005007150850847	4.0156211958599936e-05	1.6125213588640043e-09	2.507155964313784e-07	0.0	0.0	0.0	0.0	0.0	0.0	0.0	0.0	0.0	0.0	0.0	0.0	0.0	0.0	0.0
873.0297890519146	0.1890353937078543	762181.0125720304	0.0357343800742835	931.9348591150864	-3.11445317643404	9.69981858820008	868502.5816338559	828.7426837657233	-0.5255816381682052	0.2762360583795742	686814.4358952136	831.5923023565929	735.6810501871983	1.183408	18.677246	0.1015914500240119	0.0819028619348417	-0.1094529006	0.0620161222	-0.0645876788	-0.0499127886	0.0801391281	0.0907484257	0.0037551357	-0.1044294648	0.0987076506	0.0618780691	0.053570612	0.0416096729	0.1156632348	-0.1451927542	-0.0845676881	-0.0649710501	-0.0511142822	-0.0277953346	-0.1188164754	0.0030908152	0.1644937152	-0.0968138563	-0.0459995736	0.1195883112	-0.0878584916	-0.2563856626	0.072097097	-0.0231231318	0.1580715428	0.0572743111	0.0014267825	-0.0302262338	-0.002023767	-0.0915144919	0.0864865144	0.0474975068	-0.0737605515	0.110990441	0.0930919905	-0.0370724076	-0.1150608116	0.0810285599	0.0285366671	0.1054638211	0.0473778117	-0.0175515139	0.0607533397	-0.033887647	0.1175948369	-0.2375466324	-0.0996176364	0.0394296919	-0.0123203474	0.0164343131	-0.1556938858	-0.0685262559	-0.1381152492	0.0962137834	-0.0020309231	-0.02405847	-0.0260957353	0.1316889635	0.016578399	0.104980199	0.0641633872	-0.0453671483	0.0428386229	0.0167076087	0.0938898573	-0.0472417191	-0.0967036988	0.0075417694	-0.1550950794	-0.045317681	-0.1364577245	0.0380742595	0.050567481	-0.061110854	0.0277746716	-0.1124939893	0.0971284339	0.0360180764	0.0955050146	0.0047372056	0.0409610546	0.0247156333	0.0729565922	-0.1285578634	0.1269376627	-0.1242524367	-0.066781781218566	4.571308369349936e-05	0.0044598063027244	2.089686020768877e-09	-0.0307710600555708	-0.0797221844955799	0.0063556267007472	0.0009468581369435	-0.0511215533060607	0.0126100299409586	0.0001590128551118	0.0026134132124244	-0.0004407356817449	0.0001295744969343	1.6789550255802824e-08	1.9424794116314178e-07	0.0027586295224095	-1.7899865199875326e-08	7.610036841909266e-06	3.204051741737077e-16	-0.0005553931383607	-5.467805327599999e-05	2.989689510053093e-09	3.0846153813814765e-07	0.0	0.0	0.0	0.0	0.0	0.0	0.0	0.0	0.0	0.0	0.0	0.0	0.0	0.0	0.0
874.4041309459864	1.3743418940717902	764582.5842154056	1.888815641800836	933.727661047089	1.7928019320025896	3.214138767392218	871847.3450044675	829.4787506295451	0.7360668638217476	0.5417944280163831	688034.997745951	832.2090343732696	734.1353084311384	1.236583	19.516479	0.1444866045030078	0.0886641948479171	0.0791591742	0.0683692221	-0.047597731	0.0762789339	-0.0942263313	0.0880638133	-0.0764172851	-0.1352544532	-0.0106948085	0.0695627866	-0.0754737458	0.0677921829	-0.0068636482	-0.0074015285	0.0515625937	-0.022330248	-0.0650531078	-0.0235871329	-0.0853914365	0.0088273373	0.11617658	-0.0714531202	-0.0406857592	-0.0735645372	-0.0018665139	-0.0192948411	0.1384112478	0.097394972	0.0811491341	0.1709116429	-0.0450751952	0.0231019319	-0.0258050211	-0.0206128387	-0.0449921274	0.0953945539	-0.0546430817	0.0099950845	0.0297851672	0.1309238396	-0.0485180554	0.0320910643	-0.0230164772	0.00414466	-0.0499502973	0.0372277882	0.0830840239	-0.0292938318	0.0410221788	-0.0890433597	-0.0303555224	0.1696575929	-0.0257305008	-0.0695004493	0.0795582773	0.0313175373	0.0041001348	-2.65004e-05	-0.0201243344	-0.0032772839	-0.04643635	0.1493209375	-0.0650627688	0.0342545118	-0.0800329769	-0.0295707718	-0.0275342559	-0.0526549531	0.0668842915	-0.1244695327	0.1057685927	0.1875117536	-0.0215933605	-0.0362521356	-0.0581939501	0.0390358555	0.0127466848	0.079670499	0.0821737059	-0.0527213583	0.0724721816	-0.0544687459	0.1581111114	-0.0394009085	-0.0828291973	-0.0252680245	0.2161635338	-0.1288230331	0.1279949812	-0.1266188352	-0.0667418273703361	3.995384822989834e-05	0.0044544715207317	1.5963099883777503e-09	0.0481352026439338	0.0789062626995046	0.0062261982932032	0.0023169977335725	-0.075415135081954	-0.0242935817758932	0.000590178115502	0.0056874425994293	-0.0008201781530929	-0.000379442471348	1.439765890626778e-07	6.726922028108804e-07	0.0026216035498694	-0.00013702597254	6.87280517268784e-06	1.8776117150560222e-08	-0.0002469254586612	0.0003084676796995	9.515230941919335e-08	6.0972182135044e-08	0.0	0.0	0.0	0.0	0.0	0.0	0.0	0.0	0.0	0.0	0.0	0.0	0.0	0.0	0.0
874.7364026032465	0.3322716572600939	765163.7740392688	0.1104044542183693	934.4518005713988	0.7241395243098623	0.5243780506677136	873200.1675911293	829.3578162619153	-0.1209343676297294	0.0146251212740025	687834.3873947329	831.6380193304751	732.6181115602192	1.136135	17.93116	0.1056345720219806	0.083604055122469	0.064366814	-0.1262269023	-0.0554587598	0.0183414437	-0.0046514343	-0.1168768366	-0.1992358982	-0.0298000649	0.027470276	-0.1380935937	-0.0778365774	0.0466738793	0.1024877556	-0.0461859121	0.0662591959	-0.029776677	-0.0199149692	-0.0345363194	-0.1552277148	0.0100532919	-0.0578961265	-0.0994853349	0.1707194419	0.0662707192	-0.0048428259	0.004788934	-0.0002966397	0.0588203783	0.0738617324	-0.0551069547	0.1622482733	-0.0665041824	0.0128802366	0.0440268102	0.0172343937	0.0617917465	-0.0466411126	0.0740986309	-0.1556022614	0.0206519391	-0.1172930921	0.0138478149	-0.0906150724	0.0066900843	0.0052278435	-0.118578153	0.0665770308	-0.0293500341	0.0778177091	-0.1209871214	0.040101284	-0.0930870435	0.0589153564	-0.0148416045	0.0162655629	-0.0614107135	-0.0043730281	-0.0967986089	0.0591120165	0.0880080255	0.0564738602	0.2084333045	0.0331364628	0.0548556891	0.0010257988	-0.0009421799	-0.1805882076	0.000706864	-0.0337528693	-0.1448108287	-0.1012512991	0.0263541299	-0.0121609591	0.0097678572	-0.0783510272	-0.0074175003	-0.0224863958	-0.0438505236	0.1063714143	-0.1183917029	0.1415358407	0.1368906967	0.0145865557	-0.067543439	-0.019583968	-0.0242825291	0.1390157752	-0.1289999139	0.1287014744	-0.1282045865	-0.0693551200241984	-0.0026132926538623	0.0048101326735709	6.829298494730667e-06	-0.0344992673937412	-0.0826344700376749	0.0068284556384074	0.0011901994507048	-0.0807894110947273	-0.0053742760127733	2.888284266147056e-05	0.0065269289450328	-0.0009090592626461	-8.888110955320003e-05	7.899851635407945e-09	8.26388743002671e-07	0.0027586514620308	0.0001370479121613	7.61015788896467e-06	1.8782130227798745e-08	-0.0003212471033	-7.432164463879999e-05	5.523706861816068e-09	1.0319970137864086e-07	0.0	0.0	0.0	0.0	0.0	0.0	0.0	0.0	0.0	0.0	0.0	0.0	0.0	0.0	0.0
874.2103827485467	-0.5260198546997117	764243.7933053606	0.2766968875383058	941.1019762017754	6.650175630376566	44.22483591485436	885672.9296108871	829.9032641140919	0.5454478521766077	0.2975133594440745	688739.4277872243	832.1714246637489	734.5907910590515	1.078593	17.022989	0.1563846595554461	0.0859297615815537	-0.0398019275	-0.1525416246	-0.0327055752	-0.1998443507	0.1501148354	0.0033663508	-0.1949768329	0.0335239054	0.1307800233	-0.1057500777	-0.0066621381	-0.0730809347	0.0960207402	-0.0263337915	-0.0862295964	-0.028078324	0.1378653093	-0.1216046837	-0.0750848322	0.1338922355	-0.0766637761	-0.0185712511	-0.0493448861	-0.1017274656	-0.026203169	0.0945636773	-0.0882232568	-0.026278643	-0.1504598993	-0.050595334	0.0846427212	0.006224296	0.0305431327	0.0468522696	0.1849703912	0.0280719953	-0.0407925287	0.0677500281	-0.0853927753	-0.1074928294	-0.1105562262	-0.0400147032	0.0804010297	0.0916113429	-0.0639891024	-0.235937631	0.0260550961	-0.0116175469	0.0885729469	0.0435922473	-0.0175207225	0.0021190369	-0.0879670796	-0.0067489384	0.1773709476	0.0309613224	-0.0671757135	0.0160691227	0.0341205199	0.0041040355	-0.0473482253	0.0813096824	0.0753076228	0.1110425674	0.0091613813	-0.1465583928	0.0036204509	-0.0643533437	-0.0930453332	-0.1629470344	-0.0661143185	0.0386087633	0.0236396588	-0.1297145375	-0.1111298735	-0.03731359	-0.011585891	0.0192017095	0.1466729494	-0.1872416203	0.0330415875	0.0393988485	0.0545085005	0.0394168123	0.0166497875	0.0249918111	0.1498067269	-0.1290883846	0.1290552057	-0.1289999139	-0.0677371751042841	0.0016179449199142	0.0045883248911084	2.6177457638764703e-06	0.0237745182589179	0.0582737856526591	0.003395834094292	0.0005652277184436	-0.0207805600905146	0.0600088510042127	0.0036010621988457	0.0004318316776754	-0.0005170444864754	0.0003920147761706	1.53675584736164e-07	2.6733500099461015e-07	0.0024691001738403	-0.0002895512881905	6.0964556684582e-06	8.383994849277797e-08	-0.000369362598512	-4.8115495211999983e-05	2.315100879495993e-09	1.364287291795369e-07	0.0	0.0	0.0	0.0	0.0	0.0	0.0	0.0	0.0	0.0	0.0	0.0	0.0	0.0	0.0
