global_signal	global_signal_derivative1	global_signal_power2	global_signal_derivative1_power2	csf	csf_derivative1	csf_derivative1_power2	csf_power2	white_matter	white_matter_derivative1	white_matter_derivative1_power2	white_matter_power2	csf_wm	tcompcor	std_dvars	dvars	framewise_displacement	rmsd	t_comp_cor_00	t_comp_cor_01	t_comp_cor_02	t_comp_cor_03	t_comp_cor_04	c_comp_cor_00	c_comp_cor_01	c_comp_cor_02	c_comp_cor_03	c_comp_cor_04	c_comp_cor_05	c_comp_cor_06	w_comp_cor_00	w_comp_cor_01	w_comp_cor_02	w_comp_cor_03	w_comp_cor_04	w_comp_cor_05	w_comp_cor_06	w_comp_cor_07	w_comp_cor_08	w_comp_cor_09	w_comp_cor_10	w_comp_cor_11	w_comp_cor_12	w_comp_cor_13	w_comp_cor_14	w_comp_cor_15	w_comp_cor_16	w_comp_cor_17	w_comp_cor_18	w_comp_cor_19	w_comp_cor_20	w_comp_cor_21	w_comp_cor_22	w_comp_cor_23	w_comp_cor_24	w_comp_cor_25	w_comp_cor_26	w_comp_cor_27	w_comp_cor_28	w_comp_cor_29	a_comp_cor_00	a_comp_cor_01	a_comp_cor_02	a_comp_cor_03	a_comp_cor_04	a_comp_cor_05	a_comp_cor_06	a_comp_cor_07	a_comp_cor_08	a_comp_cor_09	a_comp_cor_10	a_comp_cor_11	a_comp_cor_12	a_comp_cor_13	a_comp_cor_14	a_comp_cor_15	a_comp_cor_16	a_comp_cor_17	a_comp_cor_18	a_comp_cor_19	a_comp_cor_20	a_comp_cor_21	a_comp_cor_22	a_comp_cor_23	a_comp_cor_24	a_comp_cor_25	edge_comp_00	edge_comp_01	edge_comp_02	edge_comp_03	edge_comp_04	edge_comp_05	edge_comp_06	edge_comp_07	edge_comp_08	edge_comp_09	edge_comp_10	edge_comp_11	edge_comp_12	edge_comp_13	edge_comp_14	edge_comp_15	edge_comp_16	edge_comp_17	edge_comp_18	edge_comp_19	edge_comp_20	edge_comp_21	edge_comp_22	edge_comp_23	cosine00	cosine01	cosine02	trans_x	trans_x_derivative1	trans_x_derivative1_power2	trans_x_power2	trans_y	trans_y_derivative1	trans_y_power2	trans_y_derivative1_power2	trans_z	trans_z_derivative1	trans_z_derivative1_power2	trans_z_power2	rot_x	rot_x_derivative1	rot_x_derivative1_power2	rot_x_power2	rot_y	rot_y_derivative1	rot_y_derivative1_power2	rot_y_power2	rot_z	rot_z_derivative1	rot_z_derivative1_power2	rot_z_power2	motion_outlier00	motion_outlier01	motion_outlier02	motion_outlier03	motion_outlier04
868.6538800467923	n/a	754559.5633203471	n/a	984.7620080801156	n/a	n/a	969756.2125579816	803.746873572427	n/a	n/a	646009.036777451	806.6750458942698	660.3952657855093	n/a	n/a	n/a	n/a	0.1184221287	-0.1153986049	0.0110855979	-0.107788663	0.022175069	0.1994096837	-0.0219953951	0.0231675218	-0.0611958732	0.4414991949	-0.0318413801	-0.1157985624	0.151854743	-0.1046178548	0.050749666	-0.0382034324	0.0566341127	-0.0173981807	0.2803911534	-0.0170572471	0.030993843	-0.0959709637	0.173755064	-0.0791330945	0.0317842173	-0.0572735875	0.1929053578	-0.090794977	0.0224559894	-0.0683516129	0.0030110641	-0.1262023938	0.0023210876	-0.0657674861	0.0166310653	-0.1087169805	0.0253832865	-0.1164942027	-0.0098490251	0.1602277097	0.0038438131	-0.0936449061	0.1556116357	-0.1120482299	0.0120969667	-0.018750996	-0.0480783751	0.0174274781	-0.0219088216	0.2131175731	-0.0733997965	0.1202992145	-0.1950882377	0.1174355075	-0.1021013241	0.0763381794	-0.1454879256	0.0579138293	-0.0532120225	0.1820837965	-0.1157770954	0.0891552906	-0.0228966638	0.1186937052	-0.1165332257	0.1690217649	-0.0636089288	0.1480100128	-0.1439129606	0.081576554	-0.0180680584	0.105375838	-0.1237710513	0.0369253542	-0.0646170902	0.0515038262	-0.024838033	0.0351027132	-0.0241228297	0.0692538264	-0.0260661537	0.0653679089	-0.1532989829	-0.1493104792	0.0423669883	-0.0686682695	0.0168040861	-0.001732494	0.0190290437	-0.0293939378	0.0243519183	-0.0384473515	0.1290883846	0.1290552057	0.1289999139	0.0021223152579636	n/a	n/a	4.504222054185103e-06	-0.0093428543938358	n/a	8.728892822441692e-05	n/a	-0.0477771723077751	n/a	n/a	0.0022826581937268	-0.00057800012814	n/a	n/a	3.340841481298564e-07	0.0002509995695216	n/a	n/a	6.30007839000285e-08	7.256891220938386e-08	n/a	n/a	5.2662470192532616e-15	0.0	0.0	0.0	0.0	0.0
867.3073660172532	-1.3465140295390938	752222.0671477857	1.813100031745608	973.2342196873255	-11.527788392790058	132.88990522894517	947184.8463703976	805.3153231751685	1.5684496027414525	2.46003415633982	648532.7697407261	806.6634962385234	659.0841470359765	1.544496	22.191059	0.1241904490075057	0.0775993882004011	0.0845492079	0.2186307879	-0.0063976131	0.0462800802	0.0667157167	0.1022555425	-0.1909449299	0.0549666222	0.111506741	-0.2005796554	0.0782626426	0.1074947903	-0.1015565951	-0.0055546128	-0.1292368258	-0.0200336444	0.0561287527	0.102788036	0.0488729068	0.075246041	0.0013413081	-0.080227246	0.054814014	-0.247988952	0.0140198718	-0.023366556	0.1254883005	-0.0526198045	-0.0085235365	-0.084507509	-0.0200162906	-0.084921813	-0.1224221064	-0.1060036804	-0.1102759234	0.1279351299	-0.0244018491	0.2033252134	0.0282245313	0.0603027475	0.1043537795	0.012136856	-0.1375149976	-0.0020490634	0.1265927641	-0.1365479293	-0.0032235494	0.1484586632	0.0654760227	-0.0583087929	0.0462171957	0.0750054268	-0.0431175619	-0.0431588087	0.1160452549	-0.0182898341	-0.275086675	0.0822579852	-0.0309314623	-0.0476773904	-0.1803748495	0.0732777365	-0.1796371434	0.0372202521	-0.0533302687	-0.0891589341	0.0735535792	0.118621309	0.0847720616	0.0036081206	-0.1846730993	0.1761228435	-0.0277363077	-0.1543084826	0.0366743682	-0.0596181632	-0.0319410955	-0.0416444194	-0.0349023237	0.1185831383	-0.0647330801	-0.0921256697	-0.1297410015	-0.1611398048	0.1137677308	-0.0899205974	-0.0270096332	0.0830379219	0.0918388092	0.0169318759	0.0614590205	-0.0839842293	0.1289999139	0.1287014744	0.1282045865	0.0002091381472553	-0.0019131771107083	3.66024665693816e-06	4.373876463737955e-08	0.0587373694378072	0.068080223831643	0.0034500785684734	0.0046349168769666	-0.0165099293319741	0.0312672429758009	0.0009776404833077	0.0002725777665467	-0.0007890117214339	-0.0002110115932939	4.4525892504430265e-08	6.225394965600862e-07	0.000447979962425	0.0001969803929034	3.880127518837784e-08	2.006860467343044e-07	5.067668450197831e-05	5.060411558976893e-05	2.560776514622694e-09	2.568126352113049e-09	1.0	0.0	0.0	0.0	0.0
867.6617841738855	0.3544181566322777	752836.9717158102	0.1256122297506217	968.272903735821	-4.961315951504503	24.61465597065303	937552.4161089986	805.066179547991	-0.2491436271774318	0.0620725469631271	648131.5534519982	807.1098366297801	653.9184809667298	1.452023	20.862417	0.1796328884511679	0.1332162705139887	0.0993635253	-0.0986357395	0.1005442273	0.1491325427	-0.0557012306	0.0078907691	0.1297050159	-0.1711390412	0.0541603828	-0.1129471016	-0.0072266714	-0.0134022742	0.0914546354	0.1763943875	0.0298964176	-0.0232640892	0.0529944182	0.0222311473	0.0664369634	-0.028559676	-0.0985936689	0.1015311652	-0.1880781949	0.0197773531	-0.1503776411	0.0516114443	0.018467918	-0.003616791	0.05841189	-0.1071307465	-0.0233160994	0.0493482823	-0.0518124291	0.003830183	0.0376059936	-0.0788125124	-0.0850070785	0.0030561245	0.1321588698	0.080597275	0.2369805779	-0.0669077404	0.0959009537	0.1810150366	-0.088148595	-0.0689774451	-0.0556649377	0.0523787823	-0.0217554472	0.0614180273	0.0353234334	-0.0142950351	0.140683678	-0.0241177096	0.0118086159	-0.0657250536	0.0514857443	0.0288275481	-0.069735637	-0.1849477727	-0.0124864443	-0.0291703718	0.0162087879	0.0448003389	0.1464569134	0.0309239326	0.057661344	0.1104652811	0.143728965	0.0399235608	0.0507448343	0.0037685966	-0.2140041374	0.0490883976	-0.0968888165	0.1518916607	0.0215154757	-0.0385423363	0.00719863	-0.0089171578	0.0030564952	-0.0274881928	-0.0193088833	-0.1634905183	0.0761769845	-0.0430704882	0.0478101107	0.0043520931	0.0350778608	-0.0139841948	0.1089419166	0.0032312652	0.1288230331	0.1279949812	0.1266188352	5.453267236532611e-05	-0.0001546054748899	2.390285286595435e-08	2.9738123553040012e-09	-0.0698964773489194	-0.1286338467867266	0.004885517545788	0.016546666539151	-0.0297727710209017	-0.0132628416889276	0.0001759029696655	0.000886417894263	-0.0003039993305565	0.0004850123908774	2.3523701930461186e-07	9.241559297880017e-08	0.0002390008024473	-0.0002089791599776	4.367228930498512e-08	5.712138357045332e-08	-6.963654655396022e-06	-5.7640339157374335e-05	3.322408698177141e-09	4.849248615961869e-11	0.0	0.0	0.0	0.0	0.0
868.596388388021	0.9346042141354474	754459.6859207137	0.8734850370797371	968.717940739223	0.4450370034019215	0.1980579343969619	938414.4487100408	805.4768746426794	0.4106950946883216	0.1686704608010495	648792.9955841387	807.0040031220607	652.8402929068009	1.35622	19.485945	0.1002346339522913	0.064415574603077	0.0898722357	0.0037958385	-0.0892142966	-0.0822351535	-0.1486036626	0.1076929388	0.0952237162	-0.0174859128	0.0371678728	-0.0556265769	-0.044993004	-0.0463078582	0.004837467	-0.0735486894	0.0380702231	-0.1013899007	-0.0311459369	0.0106271029	0.0462837214	-0.1956595945	-0.0325647455	0.0518408882	0.0913222337	0.1090769897	-0.0543188851	0.0584720771	-0.1023958877	-0.0311750635	-0.0965453949	0.0086901785	-0.0187050854	0.0193210042	-0.0317113563	0.0006973367	-0.0242660627	0.0698534333	-0.0919503814	-0.0275278073	-0.0063386362	0.1598767658	0.041642679	0.0273119784	-0.000785817	-0.0679138615	-0.0520597719	-0.0558022277	-0.0145312749	0.0011373386	-0.156967644	0.0598918465	0.0537956973	0.06062505	0.0486152088	-0.1500513892	0.0006819395	-0.0595608185	-0.0285265336	-0.0445489199	0.0376844451	-0.0177054596	-0.1177006437	0.0652590038	-0.1788788044	0.1080919016	0.1246640333	0.1657222955	0.0498563064	-0.0386723449	-0.0674087022	0.0935966094	0.0610235342	0.0652044512	0.010010723	-0.0961770767	-0.0466248239	0.0808679072	-0.0758396368	0.0079480391	0.0205563312	-0.014152646	0.0513799292	-0.0589497693	0.009214683	-0.0036915247	0.0467858662	-0.0571703697	-0.0067173429	0.0807668808	-0.0067533651	0.1167535609	0.1555751986	0.0683142485	0.1285578634	0.1269376627	0.1242524367	-2.818047028085857e-05	-8.271314264618468e-05	6.841463966408095e-09	7.94138905250353e-10	-0.0085817561149639	0.0613147212339555	7.36465380167203e-05	0.0037594950399976	-0.0448648391489712	-0.0150920681280695	0.0002277705203822	0.002012853791863	-0.0005569788037482	-0.0002529794731917	6.399861385635007e-08	3.10225387824776e-07	0.0002100553605455	-2.8945441901799985e-05	8.378386068904782e-10	4.41232544939e-08	-0.0001999413685143	-0.0001929777138589	3.7240398046209025e-08	3.997655084337112e-08	0.0	0.0	0.0	0.0	0.0
867.4345496555925	-1.161838732428464	752442.6979362005	1.34986924017098	968.4726659334624	-0.2452748057605731	0.0601597303408868	937939.304660268	805.3796246525955	-0.0972499900839238	0.0094575605713232	648636.3398055555	807.2234998841813	661.1353931966519	1.148764	16.505253	0.0426078519240779	0.031119454650123	0.0562136093	-0.0661864	0.0841958576	-0.1106348986	-0.0523029353	0.0416273681	0.1111378373	0.0522682216	0.0251088057	0.0328344052	0.001250667	-0.1303859278	0.0868117341	-0.1041897332	0.0273989081	0.0655235526	0.0392765468	0.0297346435	0.0611671757	-0.0080516206	0.0408885876	0.030589073	-0.067929776	-0.1058733075	0.0105250458	-0.0634131977	0.0441510259	0.0253223867	0.0710360006	-0.0320832526	-0.1264980921	0.0252289019	0.0114737937	-0.0551168494	0.0802355354	-0.0914591251	-0.2534518502	-0.0653419879	-0.103470518	0.1116049747	-0.0366780868	0.0894155403	0.1071510648	-0.1046332394	0.0311003712	0.0293648857	-0.0777609423	0.018814354	-0.0721919826	0.0895304046	-0.0338138437	0.0949209573	0.0247589816	0.1156265901	0.0985331362	-0.1003824991	-0.0212735145	0.0718020009	-0.0420702976	-0.0503275495	0.1120290158	0.0127962089	0.0749237618	0.1689803125	0.0089119836	0.0488069042	0.0085095062	-0.0678092414	-0.123962475	0.0095328225	-0.0171164158	0.0332947065	-0.1463727972	-0.0179761067	-0.0213844793	0.0828547898	-0.0915881992	0.0522289232	-0.0065502179	0.0815785632	-0.084820557	0.065498529	-0.0381152964	-0.1252631139	0.0205429132	0.0232027521	-0.134436896	0.0005317995	-0.141722866	-0.1170548232	-0.0225038147	-0.0121823994	0.1282045865	0.1255324169	0.1211199807	3.677370737875663e-05	6.49541776596152e-05	4.219045195436854e-09	1.35230555437842e-09	-0.0113906088708688	-0.0028088527559049	0.0001297459704491	7.889653804354552e-06	-0.0163600776590584	0.0285047614899128	0.0008125214275968	0.0002676521410104	-0.0005575024160286	-5.236122803999868e-07	2.741698201856744e-13	3.108089438777262e-07	0.0002099932639842	-6.209656129999908e-08	3.855982925284544e-15	4.409717091873792e-08	2.405859265601322e-05	0.0002239999611703	5.017598260430183e-08	5.788158805879731e-10	0.0	0.0	0.0	0.0	0.0
865.9686731344038	-1.4658765211886475	749901.74285016	2.1487939753721315	969.0982786325308	0.6256126990683697	0.3913912492356104	939151.4736485344	805.2465263815487	-0.1330982710467196	0.017715149755626	648421.9682495502	807.4403534621027	652.0168240018771	1.253379	18.008337	0.0699744003143781	0.0415613324739876	0.0187272771	0.133632139	-0.0922252228	0.0294204579	-0.002021371	0.0331290877	-0.0967705901	0.0936616555	-0.0340592749	-0.1632429711	0.099860416	0.0335651203	-0.0351452216	-0.022272951	-0.1285997702	-0.1007929436	0.0240844374	0.0751625007	-0.0060257259	-0.0096102976	0.0659018707	-0.0500846082	-0.1188152162	-0.0822599904	0.0929272052	-0.029906643	0.0919342285	0.0163436051	-0.0779155211	-0.0017228931	-0.1138720426	-0.003898949	-0.0469419362	0.021638524	0.0458356726	0.0377249312	0.0497496612	0.0930668075	-0.1241233488	-0.0202990072	0.0532659679	0.1420982688	-0.0724656571	-0.0295609635	0.0344773105	-0.1540253644	-0.0673693032	-0.022473016	-0.0444876375	-0.0621621763	-0.0279040543	0.1119097621	0.0583845952	0.0527847022	0.086619685	0.0636701576	-0.1732599642	-0.0121555613	-0.047238956	-0.1148012261	-0.0324440613	-0.0928977459	-0.0080704186	0.0519823786	0.021201515	-0.0713663073	-0.0380624754	-0.0424934718	0.0299976523	-0.0313837335	-0.1632589393	0.0606312705	0.0255796514	-0.0615840449	-0.0215545585	0.0008259135	-0.0815222267	0.002878845	-0.0947336991	0.0693737372	0.0629651262	-0.023239639	0.009358945	-0.0162424669	0.1224482435	0.0198105052	-0.0533931484	0.0471483846	-0.0003541611	-0.0201234691	0.0651852579	0.0133514102	0.1277634447	0.1237830955	0.1172407796	0.0151727919564592	0.0151360182490804	0.0002290990484364	0.0002302136157539	0.0239859270646149	0.0353765359354837	0.000575324697149	0.0012514992947945	0.0004257564074663	0.0167858340665247	0.0002817642253089	1.812685184986101e-07	-0.00055699702671	5.053893185999643e-07	2.5541836335493625e-13	3.102456877637805e-07	0.0002100080173081	1.4753323899981434e-08	2.1766056609776335e-16	4.4103367333679235e-08	-2.8941505967272087e-05	-5.300009862328531e-05	2.809010454077969e-09	8.376107676536457e-10	0.0	0.0	0.0	0.0	0.0
866.2887856730681	0.3201125386642616	750456.260182919	0.1024720374100783	970.5999318217184	1.501653189187664	2.254962300597482	942064.2276523244	805.2973752916694	0.050848910120635	0.0025856116604564	648503.8626516517	808.0055796716626	651.7619943412489	1.20028	17.245422	0.0990764719313816	0.0697119257816096	0.0095508856	-0.035305064	0.073653846	0.12716624	-0.0069650906	-0.0190738846	0.0082383725	-0.1483324331	-0.0328254059	-0.0732181052	0.0381042038	-0.0290488413	0.0759676372	0.1771664481	-0.0162843527	-0.0262930352	-0.005173951	0.0369884817	-0.039186281	0.0694112066	0.0203067783	0.0038469557	-0.0476725558	-0.0172681842	-0.0626996731	-0.0478546492	0.24997326	-0.0041517497	0.1038610433	-0.0013653328	0.1636973106	0.0342371885	0.0191768516	0.0189502078	0.0591965694	0.0288582996	0.0162827268	0.0615060164	-0.1012729611	0.0434009966	-0.210260907	0.1338540286	0.0483284871	0.1733881734	-0.030460516	-0.0661961033	-0.0328610013	0.0374869779	-0.0109279042	-0.0155495751	-0.0390449484	0.0134241163	-0.075595648	0.1262539678	-0.087324084	-0.0683515045	-0.0265732241	0.1064955278	-0.2299956701	0.0252427834	0.1061953224	-0.0123070379	-0.0276842228	0.0821684415	0.086149666	-0.1210547405	0.0282723254	-0.0395411656	0.1451799879	-0.0189658331	0.0288395027	-0.0436989003	-0.1146822985	0.0638079255	-0.0588141311	0.0610771028	0.0271653759	-0.0835234066	-0.0782494668	0.0289829452	0.0259829911	-0.0003586371	0.0102630375	-0.0588232147	0.0990218264	-0.0749067326	-0.0772972584	-0.0207643814	-0.04814202	0.0451922638	-0.0599076501	-0.0107107255	0.1272347401	0.1216944932	0.1126387502	0.0165194994043957	0.0013467074479365	1.813620950327644e-06	0.0002728938605718	-0.0391059772695996	-0.0630919043342145	0.0015292774582104	0.0039805883925176	-0.0109093205611543	-0.0113350769686206	0.0001284839698845	0.000119013275106	-9.099701505349108e-05	0.0004660000116565	2.171560108638665e-07	8.280456748645283e-09	0.0002100013025894	-6.714718699980934e-09	4.508744721987365e-17	4.4100547089244745e-08	-2.899044320426513e-05	-4.8937236993042415e-08	2.394853164513199e-15	8.404457971797223e-10	0.0	0.0	0.0	0.0	0.0
867.268727920582	0.979942247513918	752155.0464289845	0.9602868084626291	970.5390315632244	-0.0609002584940299	0.0037088414846396	941946.0117876816	805.9220738771583	0.6246985854888862	0.3902483227118153	649510.3891624598	807.7203890379762	643.7062061392329	1.205705	17.323372	0.0158873755537701	0.0121397293671642	0.0073374444	0.0833419368	-0.119584265	-0.0673007916	0.0160370584	0.090033152	-0.0115203613	0.0194196021	-0.0753868976	-0.1411774809	-0.1090670652	0.0468746137	-0.0292221694	-0.0032787614	-0.0485040512	-0.1495976762	-0.1498702167	0.1285545794	0.0512272555	0.0223052971	-0.0650696486	0.0600706162	-0.0729538651	-0.0149142288	0.0354392699	0.0189517561	0.068410711	0.0120704909	0.1962435839	0.1734089303	0.0110174642	0.0682161562	0.130566878	-0.102561496	-0.0721757309	0.0073396649	0.0318635053	-0.0626819956	-0.0884365525	-0.0418319832	-0.0086154888	-0.1107022208	-0.0676521747	-0.0314348589	-0.057460033	-0.1507685227	0.1173640628	0.0724939046	-0.1458391231	0.0163682443	-0.0802928065	0.0305015172	0.0020710702	0.0599486079	0.0276884547	-0.0611081883	0.0838098592	0.078864837	-0.1325999224	0.089032712	0.0453477985	-0.1098105921	-0.1105184882	-0.0414206497	-0.1066789511	0.0413420274	-0.0208857698	-0.099761418	0.0219297469	-0.0106595217	0.0864994086	-0.0209978062	0.0270120234	-0.0962879871	-0.155414528	-0.0269930373	-0.0657614253	-0.0574294164	-0.1146761487	-0.0616821224	0.036950822	0.133156099	0.0545167552	0.0049259635	0.096502433	-0.0074367203	-0.0441984781	-0.0540658706	0.0363695967	0.0523283728	-0.1216323073	-0.0685760259	0.1266188352	0.1192723348	0.1073422654	0.016519379859119	-1.195452767020766e-07	1.4291073181776058e-14	0.0002728899109298	-0.0349606647823605	0.0041453124872391	0.0012222480820245	1.7183615616860425e-05	0.0003825894580984	0.0112919100192527	0.0001275072318828	1.4637469344802737e-07	-9.999667503150942e-05	-8.999659978018335e-06	8.099387971994498e-11	9.9993350173573e-09	0.0002100012622521	-4.033730001493791e-11	1.6270977724951098e-21	4.4100530147475287e-08	-2.8989473479550383e-05	9.69724714746246e-10	9.403660223896885e-19	8.403895726215551e-10	0.0	0.0	0.0	0.0	0.0
867.7187541082077	0.4500261876256672	752935.8362311003	0.2025235695488922	972.4300450335492	1.891013470324765	3.5759319449497107	945620.1924839504	806.295513249245	0.3734393720867501	0.1394569646245462	650112.4546858635	808.4965860344544	655.2646209475602	1.256888	18.058764	0.0168468488343315	0.0105207230070951	0.0170833222	-0.1245035711	0.1187802925	-0.0597468834	-0.1446174833	0.0061025923	0.0239381816	-0.0205936929	0.090375354	0.0543828949	0.0407204373	-0.1224012293	0.0578593637	-0.0047546179	0.041757391	0.1389611634	0.0419345218	0.0607812196	0.0461489667	-0.1314458128	-0.0275579923	-0.0094809277	-0.0276976478	0.1806164796	0.1447544024	-0.0835109676	-0.063316342	0.0276916312	0.02799792	0.1506324217	0.0205277411	0.0019371384	-0.0800577138	-0.0743570647	0.039294744	0.094454075	-0.0273779099	-0.0452399799	-0.1306501935	-0.1616446707	0.137028505	-0.0711393759	0.09814355	0.006660381	0.0463969699	0.0959162074	-0.128807062	0.0282021373	-0.1321386015	0.0680364299	-0.0644774427	0.0159656309	0.0358660121	0.0332494549	-0.0830267347	-0.0205308037	0.0030011447	-0.0529350443	0.1467169117	-0.0041504306	0.1010894953	0.0128439249	0.0505443954	-0.0783875874	0.0841885236	-0.140443109	-0.1068485911	-0.1139641709	-0.0523468447	0.0009108723	0.0835014159	-0.0790512018	-0.1444366444	0.0405600706	0.0108059203	-0.0221020332	-0.136580734	0.0496632737	0.0578636254	-0.0004393733	0.0377439654	-0.0124134397	0.0404187524	0.0565420392	0.0628739932	-0.0425002823	-0.0879468663	0.0554363323	0.0856863152	-0.0181626745	-0.0266011717	0.0077743536	0.1259161521	0.1165232592	0.1013839798	0.0165593062395714	3.992638045240138e-05	1.5941158560298991e-09	0.0002742106231359	-0.0389351756409865	-0.003974510858626	0.0015159479021944	1.5796736565336016e-05	0.0004655636728045	8.29742147061e-05	6.8847203060939805e-09	2.1674953343521557e-07	-0.0002574868685436	-0.000157490193512	2.4803161052475748e-08	6.629948747238916e-08	0.000210016279295	1.5017042900015336e-08	2.25511577460901e-16	4.410683756891545e-08	-0.0001264730105355	-9.748353705594964e-05	9.503039996938704e-09	1.5995422393912696e-08	0.0	0.0	0.0	0.0	0.0
868.109185061747	0.390430953539294	753613.5571885705	0.1524363294816023	972.1284470191368	-0.3015980144123205	0.0909613622974542	945033.7175038388	806.3489299100988	0.0534166608538271	0.0028533396567727	650198.5967671615	808.7372437346014	644.0120356110685	1.211679	17.409199	0.105634343790737	0.0752409823539648	0.0049063227	-0.0706752311	-0.1527109559	-0.0961439652	0.0068221092	0.093850765	0.1079362291	0.0644627248	-0.0736480818	0.0196027743	-0.0145812118	0.064111478	0.0006556748	-0.1266971279	0.0656172206	-0.1209637992	-0.0663228791	-0.0668980287	-0.0291128917	-0.0309593179	-0.0659334048	0.0006029457	0.0931870264	0.0195390001	-0.1057812069	-0.1874667703	-0.0768611202	-0.0037273136	-0.0321112219	-0.1212496719	-0.090757739	0.0657311209	0.0405732661	-0.0664814922	-0.0008867664	0.0024618573	-0.0209954287	0.2091499694	6.70229e-05	-0.065974383	-0.1002464558	-0.0695699128	-0.0013975887	-0.1191207222	-0.1037971467	-0.0268625858	0.0652557153	-0.1013074851	0.0307820636	0.0935711471	0.0669949047	-0.068193576	0.0745003199	-0.0828892301	0.0705976001	-0.0178892971	-0.0596010327	-0.170720139	-0.0447565053	0.0948537936	-0.0117748139	0.1355221544	0.0998935344	-0.0508733595	-0.0597415213	0.0831887903	-0.0482130934	-0.0010361228	-0.1114624133	0.0453071112	0.0314954904	0.0533214761	0.1183493203	0.0266558476	-0.1097995719	-0.1103538021	-0.0008305656	0.1158189575	0.0399107314	-0.0342882275	0.0243726468	0.0878108211	0.0365904148	0.1126291881	0.0328451781	-0.0374352752	0.0008083226	-0.0657585304	0.060848015	0.0233852382	0.0599857616	-0.0122787683	0.1251271724	0.1134548014	0.0948006283	0.009759559855297	-0.0067997463842744	4.623655089045279e-05	9.52490085691248e-05	0.0327587029332647	0.0716938785742512	0.0010731326178698	0.0051400122250194	-0.0159755933488838	-0.0164411570216883	0.0002703116442118	0.0002552195828489	-4.498683358653737e-05	0.000212500034957	4.515626485675285e-08	2.0238151961428062e-09	0.0002100028382476	-1.3441047400005466e-08	1.8066175520919368e-16	4.410119207204766e-08	-0.0001249952503295	1.4777602060000103e-06	2.1837752264371935e-12	1.5623812604934372e-08	0.0	0.0	0.0	0.0	0.0
868.3438689000276	0.2346838382806026	754021.0746562683	0.055076503950116	975.0021144741183	2.8736674549815007	8.257964641819855	950629.1232290018	806.6146651409588	0.2657352308599456	0.0706152129201886	650627.218020461	808.8033713231939	659.3490470023005	1.249575	17.953691	0.0632858419996368	0.0469202578195938	0.0240872434	0.0304716147	0.1427987223	-0.0834787249	0.0738896234	-0.0219093705	-0.0506996089	0.0595788647	0.1546764011	0.0787169688	-0.0124365915	-0.0312141677	-0.0021105489	-0.1207425785	0.012695506	0.1423482753	-0.0431218264	0.0098886421	-0.0420353699	0.0905346831	0.0303849987	0.0409295976	-0.1070955464	-0.0043770146	0.0233149467	-0.072504797	-0.0951978144	0.029499261	-0.035865759	0.0371566828	0.0474014072	0.0966462301	0.1431906172	-0.1462709929	-0.0467093286	0.0330196391	-0.1001206419	0.0200470782	0.086979522	-0.0355292752	0.0382008314	-0.0029670609	0.0062788485	-0.0723466229	0.1019737083	0.1092890258	0.0527970708	0.0485318514	0.0497170423	-0.0148057684	0.0799171925	-0.0186283375	0.1428697769	0.0001694827	0.0145628978	0.0640503227	0.0139489314	0.0446921294	0.0807998211	-0.0763626537	0.0630558507	-0.0497237123	-0.090114653	-0.001205502	-0.0029120265	0.0568914623	0.0593606764	-0.0841412618	-0.1047015955	0.0146992884	0.0006699329	-0.0645278009	-0.061716516	-0.0819864341	0.0902674481	-0.0848977286	0.0749612966	0.027668407	0.0310063734	-0.0973522841	0.1231281725	-0.0164845104	0.1578973114	-0.0188774843	0.1352559975	0.0308425143	0.0078919958	-0.0133139711	-0.0402050666	-0.0679795483	-0.1137197845	0.0475668634	0.1242524367	0.1100753719	0.0876327994	0.0165191931963875	0.0067596333410905	4.5692642905982346e-05	0.0002728837438595	-0.0130892285554722	-0.0458479314887369	0.0001713279041773	0.0021020328217959	-0.0159484457228842	2.714762599960105e-05	7.369935974142149e-10	0.0002543529209757	-0.0001619969124956	-0.000117010078909	1.3691358566305064e-08	2.624299965810708e-08	0.0002100025539397	-2.843079000035883e-10	8.083098200445035e-20	4.4101072661196614e-08	-2.8983022670266424e-05	9.601222765923358e-05	9.218347860088496e-09	8.400156031051774e-10	0.0	0.0	0.0	0.0	0.0
867.4855696631929	-0.8582992368346822	752531.2135738743	0.7366775799509979	969.8278577196728	-5.174256754445537	26.77293296092526	940566.07360913	805.6215489064278	-0.9931162345309305	0.9862798552888938	649026.0800623919	808.1316264273343	651.0797444119827	1.203322	17.289133	0.0859979583220133	0.0562986261213437	0.027886434	-0.0703630263	-0.0913409788	0.0239385002	0.0973606999	-0.0111381656	0.1300779754	0.1234113395	0.0474298129	-0.0309613122	0.1005895711	0.0901345473	0.0834031638	-0.0764391509	0.030253867	-0.0991795097	0.1112791826	-0.0439563331	-0.0794753937	0.1201817696	0.1526228347	-0.0942780847	-0.0046889586	0.0093375223	-0.1410090914	-0.0276416248	-0.045703682	0.0288799337	-0.1335045462	0.0887846142	0.073911683	-0.1177288381	0.0586790295	0.0062195371	-0.0576695392	0.082545435	-0.0256136679	-0.1333405493	0.062228981	-0.0194267942	0.0553926966	-0.0397329494	0.0783139496	-0.1016639179	-0.0437511548	-0.0456417017	0.0140543447	-0.0542744143	0.201861266	-0.0786942215	0.2225981261	0.016858889	0.0228998908	0.0194521282	-0.0119586061	0.0327348359	0.0967298204	-0.0174342256	0.0075449875	0.0442463168	-0.0664934882	0.0377668373	-0.1121312537	-0.065778815	-0.0464129916	-0.0820915413	-0.1809029358	0.0560713838	-0.084020373	0.0823526547	-0.1519533301	-0.0288466983	0.1147698201	0.0632409432	-0.0131144613	-0.0163732171	0.1152798485	0.0914400047	-0.0049072401	-0.09225072	0.1528828215	0.2028855811	0.0274199521	0.0590432189	0.0289362848	-0.0895219354	0.0076042888	0.0145513686	0.2142653436	-0.0612779129	0.0577695044	0.0005345626	0.1232925447	0.1063942335	0.0799246852	0.0165216944063075	2.501209920000025e-06	6.256051063906531e-12	0.0002729663860554	0.0129090817183481	0.0259983102738203	0.0001666443908109	0.0006759121370938	-0.0589935691049987	-0.0430451233821145	0.0018528826469814	0.0034802411957462	0.0001770028449988	0.0003389997574944	1.14920835581262e-07	3.1330007137669213e-08	0.0002099973978111	-5.156128600008981e-09	2.6585662139830577e-17	4.4098907087433385e-08	-2.901857817043778e-05	-3.5555500171356536e-08	1.2641935924353342e-15	8.42077879033808e-10	0.0	0.0	0.0	0.0	0.0
868.7200009401275	1.2344312769346288	754674.4400334152	1.5238205774744584	969.8023962922148	-0.0254614274580262	0.0006482842882003	940516.687854122	806.3876918076801	0.7661429012522376	0.5869749451391959	650261.109498918	808.1519231393545	659.2882550980604	1.416474	20.351667	0.1138970792933903	0.0563119733068635	0.0513057396	0.1486577921	0.1201265002	0.1437019157	0.0851534403	-0.0517116927	-0.1016474532	-0.1157287098	0.1106932361	-0.1360497038	0.0289895338	0.0008403947	-0.0759916615	0.1314609533	-0.0878997052	0.009108372	-0.0852063914	0.0388969775	0.0228063297	0.2258849959	0.0852230357	0.0097418565	0.0605417328	-0.0095971243	-0.0961702159	0.1505685593	-0.0923771687	-0.1309476258	0.1972704863	0.1329901098	0.2085151374	-0.1440391175	0.0581927937	0.0384151515	0.2002264899	-0.1072350133	0.0541859834	0.0381445044	0.010762713	-0.1753184315	-0.0702588949	-0.0971212953	-0.0752397689	0.1435814256	0.0704802168	-0.0495549283	0.0820310523	0.1354192226	0.1214103459	-0.0411073921	0.0834727712	0.0494915372	0.0096345583	-0.0658611611	-0.0099753734	0.0517927137	0.156973091	-0.0648149328	0.0156028239	0.0859499109	0.2888244204	-0.1011361019	-0.015001064	0.1496246475	0.0133733665	-0.1421448524	-0.0682892268	0.0874555616	0.1748033425	0.0344575634	-0.0927683657	-0.1280479325	-0.0077378423	-0.0805295513	0.0727366722	-0.0701066029	0.1290713797	-0.0791000585	-0.0329967897	-0.005586159	0.0458873685	0.1883765102	0.1820386632	0.0994460907	0.0230547915	-0.0732482917	0.0460289447	-0.0009216836	0.0139119414	0.0060693189	-0.0829927659	0.0902643547	0.1222481541	0.1024214758	0.0717238087	-0.0045526908553057	-0.0210743852616132	0.0004441297141548	2.0726994023984148e-05	-0.0231722703194918	-0.0360813520378399	0.0005369541117596	0.0013018639648785	-0.0291044040084358	0.0298891650965629	0.0008933621901695	0.0008470663326862	-0.000109993088916	-0.0002869959339148	8.236666608362824e-08	1.2098479609283082e-08	0.0004600010679884	0.0002500036701773	6.25018351021202e-08	2.1160098255046858e-07	-2.8974644315051844e-05	4.3933855385937227e-08	1.9301836490724454e-15	8.39530013183766e-10	0.0	0.0	0.0	0.0	0.0
868.0250284599125	-0.6949724802150286	753467.4500328319	0.4829867482562283	970.6472517998664	0.8448555076515731	0.7137808288091974	942156.0874266332	806.6949971516927	0.3073053440126614	0.0944365744587401	650756.8184295696	808.8924364225348	656.0762719520911	1.393438	20.020691	0.0783293897391488	0.043643798684753	0.0324660621	-0.0662913847	-0.0269026003	-0.0262731416	0.1047814608	0.0325258031	0.085444066	-0.0457935486	0.0246352734	-0.0645695514	-0.0252346677	0.0034756037	0.0240571364	0.0116406152	0.1029166754	0.0484368225	-0.0102262031	-0.0375784613	-0.0029148158	0.0030076351	-0.0765744128	-0.046271395	0.1062809872	-0.0230506258	-0.1465555896	-0.0890150827	0.0596260786	-0.0344189169	-0.0695856293	0.0163864218	0.2255172205	-0.1014187305	0.0086065195	0.1379797741	0.0207605342	-0.1305584467	0.0392787712	-0.0547843692	0.0439135674	-0.1678611868	-0.020348453	0.1074611927	0.0506076874	0.0148416101	-0.0571732757	0.0541329644	0.026084769	0.0372788349	0.05296035	0.0643177949	0.064922837	-0.0639617186	-0.06101329	-0.0897884512	-0.1346782342	-0.033713952	-0.0263226278	-0.1686978944	-0.1810720647	0.123924032	0.037558695	-0.0799488992	-0.0101835642	-0.0127733085	-0.0454820728	-0.1624012243	0.121034063	0.0115279213	-0.045779497	0.0805540535	0.0670136226	-0.0653950466	0.0209233703	0.0218641516	-0.0046105663	-0.0901486251	0.1512388172	0.0152274396	-0.0941410535	0.0448045391	0.0408639052	-0.0406070696	-0.1965706091	0.14721683	-0.1749129673	-0.1896951928	0.0315395308	-0.0882426153	0.0131068171	0.0039738127	0.061014322	0.1677197991	0.1211199807	0.098167988	0.063080731	0.0169707119115116	0.0215234027668172	0.0004632568666626	0.0002880050627835	-0.0232369128803213	-6.464256082950107e-05	0.0005399541202076	4.178660670595746e-09	-0.0589935715225635	-0.0298891675141277	0.0008933623346875	0.0034802414809878	0.0001770028449988	0.0002869959339148	8.236666608362824e-08	3.1330007137669213e-08	0.0002099973978111	-0.0002500036701773	6.25018351021202e-08	4.4098907087433385e-08	-2.901857817043778e-05	-4.3933855385937227e-08	1.9301836490724454e-15	8.42077879033808e-10	0.0	0.0	0.0	0.0	0.0
867.6501907504176	-0.3748377094949546	752816.853509236	0.140503308459424	975.540772658128	4.893520858261695	23.94654639024228	951679.7991184174	808.3957479781463	1.7007508264536	2.8925533736826035	653503.6853491467	810.5742194354802	655.7400698035013	1.14025	16.382915	0.1737329202997584	0.1067822440143471	0.0011959649	0.0767110761	-0.0121845199	-0.0635405742	0.1068957555	-0.0338041667	-0.0646500607	0.0674583776	0.0521441661	0.0619102318	-0.0703329746	0.1302354396	-0.1566874701	-0.0265166605	0.0371251691	0.075732254	-0.0865735456	-0.1424722051	-0.022339012	0.1399146216	-0.0203760531	0.1176180352	0.1238503292	0.031999804	0.2478600538	-0.0388058258	0.0236630251	0.1072848617	0.0405699644	0.0146515214	-0.0447590135	-0.0644148428	-0.0133812174	0.0603188973	-0.0590533814	0.0903852545	-0.0110536847	-0.0384218522	0.0877524596	-0.0573178444	-0.0509622145	0.1621287982	-0.124442363	-0.0311743623	-0.0004471388	0.1443804692	0.1589042934	0.0347674236	0.0784391493	-0.0618459308	-0.2504322128	0.0229083745	-0.009835759	-0.0455075084	0.035317348	0.0953651716	-0.066215585	0.035858437	0.0932991424	0.1420490612	0.0372240773	0.0553495608	-0.0163407027	-0.1863952321	0.0437608433	-0.0087134059	-0.0406095369	-0.0201421875	0.0085389984	0.031618174	0.0229323719	0.0792926702	0.0768196051	-0.0295286035	0.0512810113	-0.1841835583	0.0331283057	-0.0011800271	-0.0994473057	0.0982750347	-0.1322776946	-0.0162349526	0.0375654893	0.1654022811	0.0701611655	0.0589481604	0.0541435261	0.0649809211	-0.0711272864	-0.1607037272	0.0008838425	-0.0373080091	0.1199087977	0.0936454286	0.0540487397	0.004844549567295	-0.0121261623442165	0.0001470438131982	2.346966050997817e-05	0.0664791582604493	0.0897160711407706	0.0044194784830178	0.0080489734209358	-0.0162048463856905	0.042788725136873	0.0018308749988388	0.0002625970463838	-0.0003519974599533	-0.0005290003049521	2.798413226394148e-07	1.2390221181357506e-07	0.0001570047318359	-5.2992665975200006e-05	2.80822264715912e-09	2.4650485818862863e-08	-2.8972315539772228e-05	4.6262630665552806e-08	2.140230996097347e-15	8.393950677361272e-10	0.0	0.0	0.0	0.0	0.0
867.5974846615954	-0.0527060888221058	752725.3953911273	0.0027779317989237	972.5715270409218	-2.969245617206297	8.816419535298806	945895.3752107105	807.5158174659024	-0.8799305122439591	0.7742777063779163	652081.7954576246	810.2315676295854	647.4618443062222	1.07419	15.433781	0.1510257551229075	0.0980913985040145	-0.0336390928	-0.0362970591	-0.0020674359	-0.0168977213	0.0634031657	-0.0740453729	-0.0816716535	-0.0382007544	0.0383247593	-0.0690833701	0.0121182844	0.0741250533	-0.0587072923	0.0449717946	0.0439721922	0.0777887763	0.083776953	-0.1144653126	-0.0353840866	-0.0388576836	0.0203471349	0.035251108	0.1887566988	-0.0223893416	0.0498712878	-0.0303827854	-0.1244031578	-0.1952971005	-0.0969450223	-0.0957566607	0.1286029221	0.1045532474	-0.0816582431	0.0145664438	-0.1628421381	0.0080354123	0.0520773885	0.0033875468	0.0717767332	-0.0386396512	0.0304215278	0.0626637947	-0.0371162263	0.0552717422	-0.0007836029	0.1318594202	-0.0281568368	-0.022707246	0.1188994005	-0.077278215	0.0591838257	-0.0411108499	-0.2407264669	-0.1789661496	-0.116825423	-0.1369047398	-0.03173499	0.011155756	0.0545019865	0.203560673	-0.0904404182	-0.075915971	0.1783149935	-0.1474780916	0.0776129171	-0.0566117387	0.0528192204	0.0209570116	0.0225587992	0.0320391446	0.1102288534	-0.0672407835	0.044794514	0.0257427701	0.0470163453	-0.0762987056	0.1113473179	-0.0309053555	-0.1382035571	0.0257111296	0.0214343108	0.0770361478	-0.0950683213	0.067510666	-0.1629323737	-0.0782551482	0.1060046795	-0.0113949535	-0.1025961077	0.0829533993	0.0672205902	0.0730993157	0.1186154352	0.0888661936	0.0446835199	0.0142594983669397	0.0094149487996447	8.864126089993118e-05	0.0002033332936767	-0.0252177670288489	-0.0916969252892982	0.0006359357739212	0.0084083261075111	-0.0247178907585521	-0.0085130443728616	7.247192449431055e-05	0.0006109741235517	0.0001099965206852	0.0004619939806385	2.134384381462067e-07	1.2099234562849633e-08	-0.000209001898856	-0.0003660066306918	1.3396085371043685e-07	4.368179372541365e-08	-2.898843743143329e-05	-1.612189166106225e-08	2.599153907310285e-16	8.403295047161226e-10	0.0	0.0	0.0	0.0	0.0
867.6899156865419	0.0924310249464497	752885.7897841182	0.0085434943726512	975.2803024459672	2.7087754050454578	7.337464194979184	951171.6683390972	807.2385834338618	-0.2772340320406101	0.076858708521494	651634.1305843078	810.219095152986	653.6064961095419	1.169164	16.798355	0.064746633396622	0.0366293861548163	-0.0504922381	-0.0015150097	0.0545796055	-0.0054474019	0.1313073261	-0.1166370214	0.0374602384	0.0035541545	0.1053591759	0.0654666101	-0.0883967686	0.2202651773	-0.0186609818	0.0367364973	0.0349450395	0.0530753587	-0.2109861746	-0.223475014	0.0417938298	0.0925396874	0.14990252	-0.0891445394	-0.190483396	0.0765956682	0.1301356416	0.0643263706	-0.0842463932	0.0748810665	-0.0691900725	-0.0490336667	-0.1338046036	0.0719718239	0.0346597857	0.0006980116	0.0890347611	-0.019009289	0.0686660138	0.0898927538	0.1831492629	0.130883567	-0.0024574179	0.0982626466	0.0144520064	0.0478033254	0.0062476518	0.1326565105	0.2861894164	-0.0507204412	0.1223407364	-0.0014144607	0.061280934	0.0405565192	0.0429934257	0.1088178979	0.1543066377	0.0783763376	0.0818366967	0.0049565471	0.1627954843	-0.0988277564	-0.15875225	-0.1796405497	0.0370255163	-0.1246020684	-0.0430125957	0.0102420614	0.0036604973	0.1168201178	0.0288145725	0.0190741317	0.0811841414	-0.0539781927	0.1018311062	-0.0106200235	0.0766378117	-0.0973146071	0.123733767	0.1113749322	-0.0051363713	-0.0970132946	-0.0459888566	0.0190833283	0.0350826355	-0.0114763647	-0.0378064591	0.2559043325	0.1012134705	0.0095419927	0.117036035	-0.1634747172	0.1222821541	-0.1038791359	0.1172407796	0.0838433825	0.0350428114	0.0143015886065285	4.209023958880002e-05	1.7715882686425886e-09	0.0002045354366703	0.0015185260654533	0.0267362930943022	2.30592141146108e-06	0.0007148293684244	-0.0160997240321734	0.0086181667263787	7.427279772366097e-05	0.0002592011139121	-5.79969508548996e-05	-0.00016799347154	2.822180648009425e-08	3.363646308465639e-09	0.0002100008290284	0.0004190027278844	1.755632859745686e-07	4.4100348192615295e-08	-2.899390473397984e-05	-5.467302546550089e-09	2.989139713551309e-17	8.406465117230985e-10	0.0	0.0	0.0	0.0	0.0
867.0270782622778	-0.6628374242641257	751735.9544400219	0.4393534510051006	975.5805226839506	0.3002202379833534	0.0901321912947813	951757.3562402902	806.4500772171662	-0.7885062166956232	0.621742053767645	650361.7270435733	808.6609049314651	648.1037735010741	1.295334	18.611143	0.0724973001300288	0.0405229828119434	-0.0716830518	-0.0219404442	-0.0444954359	0.0084353036	-0.1004225354	-0.1019219159	-0.0394668466	0.0718171518	-0.007205287	0.0669430804	-0.0227079423	0.0594538018	0.0214547719	-0.0267736323	-0.0069903781	0.0326353409	-0.0068167059	0.1224792154	-0.1161807308	-0.0934948567	0.0260768754	0.1414888141	-0.0086633291	0.1392103218	-0.1480895936	0.1218180047	-0.0609579274	-0.0859840833	-0.0964671996	-0.0289954914	0.0084948962	0.0430501445	-0.0101986698	0.0530221579	-0.0083641863	0.183741126	-0.0059563944	0.0032686676	0.0930074999	0.0011778398	-0.0100516053	0.0034047838	0.0012918171	-0.0065928288	0.0428193777	0.0346182841	-0.0313556108	-0.0390193063	-0.1184355188	-0.1905495273	0.1271009664	-0.064068593	0.1154515397	-0.1154991525	-0.2309559579	-0.1110156713	0.0897451194	0.1026994796	0.1347266283	-0.0949170726	-0.0481530838	0.1477082266	-0.0335232966	-0.0207651427	0.0178752798	0.0219355978	-0.0292447412	0.0778065025	-0.0135085781	-0.0260808298	0.0894653808	-0.0637224862	0.0346393518	-0.0067441857	0.0625723709	0.0163900553	-0.0633130518	0.0492374992	-0.077863095	-0.0242342574	0.1191651849	-0.1893880509	0.104281283	0.1403876036	-0.1157235564	0.0535326503	-0.0386700296	-0.0593343525	-0.0785532908	0.2131217466	0.1492716034	0.1749268756	0.1157857731	0.0785907625	0.0251860523	0.0143169544068513	1.536580032280091e-05	2.3610781956018857e-10	0.0002049751834878	-0.0323454758820247	-0.033864001947478	0.0010462298100346	0.0011467706278987	1.7054146937311998e-05	0.0161167781791107	0.0002597505388746	2.9084392775942816e-10	0.0002790016886928	0.0003369986395476	1.1356808305700037e-07	7.78419422934341e-08	9.699596659640264e-05	-0.0001130048624319	1.2770098933274648e-08	9.408217535970456e-09	-2.9013486816630534e-05	-1.958208265069304e-08	3.8345796093857344e-16	8.417824172587936e-10	0.0	0.0	0.0	0.0	0.0
867.9963997267375	0.9693214644597674	753417.7499385783	0.939584101462428	973.2906480726303	-2.289874611320215	5.243525735568906	947294.6856256408	807.0431806633786	0.5931034462124671	0.3517716979091049	651318.6954552628	810.2842701160469	644.9570513517408	1.262041	18.132799	0.0966352455418046	0.0643101926380145	-0.0460496547	-0.0805283594	0.0064329905	-0.0569057822	-0.0050756616	-0.0693567233	0.0627617422	0.0985272656	-0.0049678307	0.0830660049	-0.0060687315	-0.1115884726	0.0903538295	-0.0097105077	0.0805066638	0.0280455234	-0.0515007582	0.0721953593	-0.2516634251	-0.0305276557	0.1029311101	-0.1253164867	0.0923773326	-2.88884e-05	0.0252990279	0.1813408446	-0.071796277	0.0083966077	-0.1307187072	-0.0970769642	-0.1144097406	-0.0673255765	0.0196223079	0.0924861029	-0.0333659999	-0.1353004283	0.0428129408	-0.1247120643	-0.0209371582	-0.0355423432	-0.164967582	0.0868148409	0.0946315194	-0.0679129028	-0.0330962581	0.0826826104	-0.0170365716	-0.0397215942	-0.0826970892	-0.2153878468	0.0138178649	-0.127323599	-0.164814903	0.172813991	0.1314614966	0.1226579915	0.1509465538	-0.1259257038	0.0859610661	-0.0038086734	0.0056181048	0.0766875954	0.1763873742	0.0486256244	-0.1899917562	0.064482175	0.0841300291	-0.0159787624	-0.0891629282	-0.0052065976	-0.0649083172	0.0589231816	0.0207045997	0.1362996525	0.0900735234	0.0225308963	-0.177336147	0.0479769613	-0.0130646817	-0.0213638293	-0.0614044197	0.1487849522	-0.0221969963	-0.0900044927	-0.0452490241	0.2858832105	0.1188831117	-0.130881888	-0.0545543812	0.0161190989	0.0158668811	-0.0182063049	0.1142514127	0.0731227308	0.0151740128	0.0185667678868526	0.0042498134800012	1.8060914614800752e-05	0.0003447248697642	0.0257675609737759	0.0581130368558006	0.0006639671985372	0.0033771250526036	0.0007894249871753	0.0007723708402379	5.965567148499356e-07	6.231918103767225e-07	-0.0001800019394177	-0.0004590036281105	2.106843306186022e-07	3.2400698194133344e-08	-0.0001139976232611	-0.0002109935898575	4.451829496095604e-08	1.2995458109179688e-08	-2.901021746933856e-05	3.2693472919742843e-09	1.0688631715539586e-17	8.41592717618316e-10	0.0	0.0	0.0	0.0	0.0
869.3425387281061	1.346139001368556	755756.4496422287	1.812090211005533	974.9231494861644	1.6325014135341007	2.6650608651908367	950475.1474040222	807.9859195142901	0.9427388509114962	0.8887565410179283	652841.2461333529	810.3305811577837	649.9689439465718	1.283277	18.437916	0.0708438182019697	0.0407706529769088	0.0020953836	0.1180652258	-0.0591248787	0.1218928186	0.0002288358	0.0031775671	-0.1446287922	0.0373600263	-0.036422706	-0.0991755614	0.0971601387	0.0290267285	-0.1042169429	0.0797312384	-0.0193637709	-0.0921552423	0.0720854159	0.1963364517	-0.177196129	-0.0810479098	0.0533288878	0.0422830346	0.0914950813	0.0956511048	0.1026099336	0.0938338774	0.0576072037	0.0489061153	-0.091988721	-0.0297902812	-0.0286203832	0.1335798489	-0.0526140522	-0.0161850833	0.0886111722	-0.0575799906	0.136945786	0.1099690182	-0.0079617545	0.0726740739	-0.1901753206	-0.2120464506	-0.1130621733	0.0119313261	-0.0482210769	-0.0606040148	-0.1414738241	0.0020025927	-0.0818926287	-0.2644176188	-0.041629014	0.0324070409	-0.0130148199	0.0146468965	0.0039102942	0.0692912782	0.0888506044	-0.0820959374	-0.003768362	-0.0757928761	-0.1344511489	0.0568578149	0.1298748143	0.0980778244	0.0548878206	0.0606615427	0.00710761	-0.000684367	0.0807381419	0.0153783642	-0.1375828481	-0.0613029504	0.0778748451	-0.0077533577	0.0399758218	0.0478793159	-0.0761624246	-0.0241731475	-0.1253510406	-0.0202608578	0.0448567344	-0.1262449382	0.0554047515	-0.0737106936	-0.1381771186	0.1334951515	0.110503277	-0.137079522	0.0589882146	0.0566123126	0.0194068984	-0.0362375688	0.1126387502	0.0674542747	0.0050684204	0.014285269130255	-0.0042814987565976	1.83312316027468e-05	0.0002040689141238	-0.005957371138578	-0.0317249321123539	3.549027088276214e-05	0.0010064713175334	-0.0160974933625368	-0.0168869183497121	0.0002851680113498	0.0002591292925569	9.599954691681683e-05	0.0002760014863345	7.617682045886247e-08	9.215913008234116e-09	-3.1001394770413526e-05	8.299622849068647e-05	6.888373943678237e-09	9.610864777110232e-10	-2.899855262841856e-05	1.1664840919998662e-08	1.3606851368887524e-16	8.40916054543161e-10	0.0	0.0	0.0	0.0	0.0
870.2673318054287	0.9247930773226472	757365.2288077401	0.8552422358638916	976.752349769676	1.829200283511568	3.3459736771988013	954045.1527805836	808.2608031371728	0.2748836228827258	0.0755610061291326	653285.5258879476	810.7649957840226	660.5726414234587	1.126839	16.190237	0.0388970431115175	0.0222431243556397	0.0151468335	-0.015477566	0.0812782985	0.0744895387	-0.1361976603	-0.0174856235	0.0038248311	-0.1476748199	-0.0310034916	0.1279482183	0.1101295929	-0.0948905916	-0.0734421654	0.1089697375	0.0845085214	0.0703260072	0.1218536235	0.0576187493	-0.053528766	-0.1615040801	-0.0343742692	-0.0930517106	-0.025728476	-0.0197430879	0.0205063719	0.0220042925	-0.0625790647	0.1327776449	0.1040714413	-0.0858886138	-0.0264280944	0.0684141364	0.1034947528	0.0959764057	0.1512041476	0.1042189042	0.0447247908	-0.0364326913	-0.1582362156	-0.0915212229	-0.0161091337	0.0414862808	-0.0310374741	0.0757570559	-0.0597865272	0.1180216038	-0.1766395354	-0.064597719	-0.0727369419	0.0227512842	-0.0313194715	-0.0286900757	-0.0260222153	0.0873687242	-0.017814443	0.097487605	-0.0516304086	-0.058184431	-0.0367171726	-0.2422984325	0.1001062366	0.0263852843	0.0501578472	0.0257092535	0.017368594	0.0985938383	-0.0162394787	0.0210151636	0.0775123011	0.0138339621	-0.0732205823	-0.0144691054	-0.0528669834	0.0876562124	0.124996234	0.0689276456	-0.1186891608	0.1036577215	0.0021071483	-0.0517295206	0.0122253322	-0.0549939553	-0.0501052515	-0.0643307587	-0.2457497678	0.1145739734	0.0585115145	-0.2218044891	-0.0062580361	-0.0329760601	-0.0471285955	0.0152729382	0.1109488906	0.0616009311	-0.0050684204	0.0143062316499253	2.0962519670300956e-05	4.3942723092775437e-10	0.0002046682640213	0.0137765213636953	0.0197338925022733	0.0001897925408843	0.0003894265132912	-0.0097561275196369	0.0063413658428999	4.021292075349757e-05	9.518202417941644e-05	0.0002209974297347	0.0001249978828178	1.5624470708953255e-08	4.883986394934367e-08	-0.0001620034324991	-0.0001310020377286	1.7161533889068196e-08	2.6245112141490452e-08	-2.8982028241506533e-05	1.6524386912027394e-08	2.7305536281838223e-16	8.399579609914821e-10	0.0	0.0	0.0	0.0	0.0
869.3323028859737	-0.9350289194550214	755738.6528410304	0.8742790802172249	979.1004382123004	2.34808844262443	5.513519334386422	958637.6681075188	809.4015303753338	1.1407272381609346	1.3012586318822736	655130.8373739324	812.2008489315722	657.4605758336935	1.183534	17.00482	0.0600476789233009	0.03503419834306	-0.0130361056	0.0834160175	-0.1072167233	0.1280513965	-0.1147877508	0.0515783545	-0.0622685194	-0.0862512838	-0.1880745292	0.1302438337	0.0588886615	0.0692369625	-0.2117208896	0.0822544673	0.0742576874	-0.0383186533	0.0516776787	-0.1263681988	0.0012432891	-0.0525059749	-0.0203088085	0.0536851496	0.0388031817	0.1157967623	-0.0142051107	-0.030863673	-0.1859166878	-0.0177174129	0.0278412498	0.048914272	0.0193573394	0.0704931784	0.0713006348	0.0357138283	0.0159517678	-0.0698342927	0.134634728	0.1096421177	0.011032739	0.0471700174	0.034084072	0.1134774033	-0.1874011109	0.0713149823	-0.1718165602	0.0872735077	-0.0733417419	-0.1561225984	0.0459685083	0.0267578853	-0.0680653313	0.0356744852	0.0553923094	-0.0643004205	-0.0154365135	0.0312327832	0.0086119994	-0.1025815923	0.1089805267	0.0819245374	0.009112884	-0.1403588336	0.1611566438	-0.0231410275	0.0208249696	0.1055154192	0.0813644158	-0.1433974098	0.1423130362	-0.0280552091	-0.0036177079	-0.0214044329	0.1102128986	-0.0129173585	-0.0360992443	0.1249214177	0.0279954234	0.1100454214	0.0365974277	-0.0690290305	-0.0400841604	-0.1155892115	-0.0720277903	0.020950442	-0.1669611373	-0.0163568481	0.2146159431	-0.0347245423	-0.2232703011	-0.1184484026	-0.0898796915	-0.0962890442	0.1091829923	0.0555787436	-0.0151740128	0.0143150928084168	8.86115849150007e-06	7.852012981148381e-11	0.0002049218821135	-0.0143309738302264	-0.0281074951939217	0.0002053768109226	0.0007900312860763	-0.016136050169635	-0.0063799226499981	4.070341301995878e-05	0.0002603721150769	-0.0001870009172313	-0.000407998346966	1.6646265112698853e-07	3.496934304534751e-08	-5.899726194047439e-05	0.0001030061705586	1.0610271173152673e-08	3.4806769164729477e-09	-2.900550913467369e-05	-2.348089316715508e-08	5.513523439273499e-16	8.413195601616387e-10	0.0	0.0	0.0	0.0	0.0
867.7446527359737	-1.5876501500000586	752980.7823518756	2.5206329987952087	976.3287839365528	-2.7716542757476645	7.682067424270311	953217.894343028	807.9906172552029	-1.4109131201308855	1.9906758325574707	652848.8375724438	810.4585164388021	664.1948481669243	1.24808	17.932199	0.101635805687464	0.0534913603627672	-0.0729166749	0.0697976501	0.0845193579	-0.0134317764	0.0309113788	-0.0425589739	-0.0580390519	-0.0383233531	-0.0278285511	0.0757565476	-0.0537880213	-0.0406325049	-0.1326804107	0.0066695333	-0.0535819964	0.0402168781	-0.0028692735	-0.1183889481	0.0481960195	0.0848275065	0.0071085215	-0.1006113036	-0.1763838353	-0.0435938327	-0.038175311	-0.0395504814	-0.0376675078	-0.0256874228	-0.0309537158	0.050444264	-0.1695593525	0.110286171	-0.0419697189	0.0242358354	0.0146894461	-0.0923605508	-0.0088426903	0.0671146124	0.0341742032	0.0171149538	-0.0541169828	-0.0842277084	-0.1061996766	0.0542946208	0.0584347957	0.0531487742	0.0973677939	-0.0381083077	0.1333628987	0.1184467271	-0.0138959736	-0.023519489	0.1560545573	0.1640365408	0.0723337088	-0.0182213853	-0.0150694815	-0.0241428364	-0.0107555969	-0.1432057141	-0.0557757641	-0.1009750591	0.0097170353	0.0674404409	-0.0608994859	0.0541225991	0.0177672399	-0.0433416322	0.0619751558	-0.1180344233	0.0372445033	-0.0031512376	-0.0005611096	-0.0789374915	0.0390778748	-0.0773270455	0.1260807229	0.0977187875	0.0711806903	-0.1719712143	-0.0080490226	-0.0369539972	-0.0386095823	0.0215879458	0.0218866042	0.1006701926	-0.043909261	-0.1041021035	-0.1773927043	-0.1161822152	-0.0831041323	-0.1133758229	0.1073422654	0.0494042187	-0.0251860523	0.0143043592372293	-1.0733571187500693e-05	1.1520955043714503e-10	0.0002046146931877	0.0044502514491853	0.0187812252794117	1.980473796097586e-05	0.000352734422996	0.0328570106114654	0.0489930607811004	0.0024003200047005	0.0010795831463219	0.000221003310102	0.0004080042273333	1.6646744952184315e-07	4.884246307604078e-08	0.0002099965660589	0.0002689938279993	7.235767950175703e-08	4.4098557756529956e-08	-2.902317491728897e-05	-1.7665782615280945e-08	3.120798754103625e-16	8.423446822795514e-10	0.0	0.0	0.0	0.0	0.0
865.1656636676211	-2.5789890683525982	748511.6255894352	6.651184614682203	974.1618880387192	-2.166895897833569	4.695437832047952	948991.384107162	806.2940909334925	-1.696526321710394	2.878201560256199	650110.1610742671	809.1373907125221	651.4815312288764	1.18795	17.068274	0.0983805348990819	0.0644786623064872	-0.1658287153	0.0140890875	-0.0352741896	0.0778904985	-0.0942566508	-0.0817963795	0.0219152336	-0.0536304759	-0.1855663743	0.0545289309	-0.0535584539	0.083454794	-0.0111603368	0.0487161765	-0.1494719816	-0.0083342603	0.0917224518	-0.0473427256	-0.1024017193	-0.0103841615	-0.0040456326	0.0737698747	-0.0553336668	0.0622250905	-0.0882298588	-0.0440411649	-0.0297183381	-0.1909031421	-0.0897970682	-0.0420906932	-0.099498001	-0.1799112601	0.0508214358	-0.0228784026	-0.2340291586	-0.0705502388	0.0391703702	-0.0578901334	-0.1994934662	0.0845592141	0.0102376634	-0.008399649	-0.050448068	0.0974662906	0.0519754354	-0.0562896892	-0.038210822	-0.1406882514	0.0762068793	-0.0273787677	0.0048062623	-0.1276365498	0.1048076602	0.0236314094	-0.1115458346	-0.249040311	0.0289033764	0.0790991044	0.0720040941	0.1780500611	-0.0234997452	0.0250222691	-0.0563912493	-0.0053307684	-0.1501256251	0.1424360487	0.0044855029	0.0274960115	0.0913502465	-0.2230200985	0.0606476221	0.0488460859	0.010992971	0.0067988369	-0.0626706956	-0.0463444987	0.0565508187	0.1123928621	0.1147341829	-0.0061683647	0.0339668262	-0.1707353093	-0.0169778418	0.0914167027	-0.0082935282	-0.0903455082	-0.1454055912	0.0522632025	-0.2717232491	0.1349963206	-0.0406126806	-0.1245595119	0.1054279714	0.0430942802	-0.0350428114	0.0320356964794967	0.0177313372422674	0.000314400320399	0.0010262858489264	0.000320748681716	-0.0041295027674693	1.0287971682255186e-07	1.7052793106536607e-05	0.0809732785641728	0.0481162679527074	0.0023151752416967	0.0065566718414311	-0.0003469969957965	-0.0005680003058985	3.226243475007896e-07	1.2040691509179625e-07	0.000210005217313	8.65125410000919e-09	7.484419750292583e-17	4.4102191298680366e-08	-2.896359333713169e-05	5.958158015728038e-08	3.5499646940384272e-15	8.388897389987391e-10	0.0	0.0	0.0	0.0	0.0
863.4057323904362	-1.759931277184819	745469.4587246656	3.097358100413388	970.8269040453564	-3.334983993362812	11.122118235986168	942504.8776182916	805.682283759451	-0.6118071740414734	0.3743080182086137	649123.9423638446	808.415861666149	642.3219502111044	1.223973	17.585844	0.1376849075106424	0.0805289198712454	-0.2091694168	-0.0658192849	-0.0100914731	-0.0754561674	-0.1228047734	-0.1524544547	0.0476930163	-0.0562629902	-0.1353538928	0.1066988335	-0.1688233648	-0.0469528517	0.0947914256	-0.0018278608	-0.1181699969	0.075534326	-0.098524386	-0.0918227601	-0.0095808622	-0.1822345705	-0.0954306269	-0.0399520058	-0.0564267006	0.0270546879	0.0037495335	0.0894582344	0.0514275009	0.0080143392	0.0896741956	-0.0134136805	-0.042208217	-0.0030628135	-0.0973781044	0.0958999366	-0.0309790194	-0.1757687282	-0.0389389642	-0.1997378925	0.075984713	-0.1080419017	-0.070670896	0.0095793031	0.0823355881	0.0343159824	0.0996080389	-0.0104372175	0.0495820691	-0.1410668525	-0.1572468911	0.0960963036	-0.0578116974	-0.1062296499	-0.129948955	0.044416196	0.0812749545	-0.0560530527	0.1409543405	-0.0129697818	0.0336793782	-0.0006721802	0.0752502799	-0.0818100139	0.0820494419	-0.0152211967	0.0766074488	-0.0723653481	0.0941855953	-0.0600979375	-0.0328928096	-0.1511680493	0.176581642	-0.1250259457	0.0319148021	0.049874752	-0.0199277333	0.0493820967	-0.0990165349	0.0219195506	0.1236618521	0.0629561132	-0.0443775492	0.0496526437	-0.1108832938	-0.0387236622	-0.0539122153	0.087645852	-0.1137943282	0.1064029166	0.0581697119	0.0279983448	-0.0488387557	-0.0812363802	0.1034414224	0.0366662233	-0.0446835199	0.0157082048511512	-0.0163274916283455	0.0002665869828736	0.0002467476996457	-0.0608532370779215	-0.0611739857596375	0.0037031164628617	0.0037422565337203	0.0567941678654619	-0.0241791106987109	0.0005846293941805	0.0032255775035302	0.0003730030350748	0.0007200000308713	5.18400044454673e-07	1.391312641750125e-07	0.0002099944011018	-1.081621120002218e-08	1.1699042472348522e-16	4.4097648494103656e-08	-2.903913473360179e-05	-7.554139647010009e-08	5.7065025806528505e-15	8.432713460762777e-10	0.0	0.0	0.0	0.0	0.0
864.7200724554202	1.3143400649839805	747740.8037073072	1.727489806422094	973.0269638313042	2.200059785947815	4.840263061744745	946781.4723427662	805.6871943113183	0.0049105518672831	2.411351964127828e-05	649131.855077244	808.5761317881183	636.7908089141084	1.088026	15.632577	0.0737126461283952	0.0542485809902716	-0.186681333	-0.0843352181	-0.0941893692	-0.0192779473	-0.0661211903	-0.1597376725	0.0332444741	0.0866397842	-0.0820707795	0.0483115527	-0.0201994427	0.0119546423	0.1203753408	-0.1143631401	-0.0778718767	-0.0678638871	0.0101397597	-0.027248344	-0.0289022439	-0.1582913733	-0.0196508772	0.2477824365	0.0794272964	0.022269233	-0.0569804921	0.0625944926	-0.0957308951	0.0863647281	-0.0146818046	-0.0593812551	0.009818507	0.0616256547	-0.0895719642	-0.1037680459	0.0550736884	0.061055687	0.1360122212	-0.0551062149	0.0371441272	-0.0513246087	-0.1275348736	0.0180137608	0.0803205156	-0.0813176071	0.0585208183	-0.0611794881	-0.0180938772	-0.1784171208	-0.0796802974	-0.0380554329	0.0116056713	-0.003162956	0.1046211616	-0.2656547305	-0.0601858775	0.0158573282	0.0909605858	0.0477086371	0.050300104	-0.0156019343	-0.0102294015	0.1976368298	0.1023995412	0.0140770469	-0.0398403849	0.020624977	0.0399444631	-0.0832331662	-0.1134526299	-0.1226810433	0.0493842488	-0.0674284071	0.1238978166	0.096631404	-0.0227581144	0.0241647545	-0.0334427632	0.0227396282	0.1206437577	0.0360560198	0.0106099865	-0.1083900913	0.0457985088	0.0672664977	0.045000114	-0.0322165373	-0.0360154493	0.1651885341	-0.0956040418	0.0350785838	0.0115108501	-0.057556233	0.1013839798	0.0301376669	-0.0540487397	0.0157169869120537	8.782060902497169e-06	7.712459369516938e-11	0.0002470236775936	-0.0118952512938506	0.0489579857840709	0.0001414970033438	0.0023968843720332	0.0338484791365232	-0.0229456887289387	0.0005265046312453	0.0011457195398556	0.0004090026005992	3.599956552439998e-05	1.2959687179455674e-09	1.672831272969087e-07	0.000209993968717	-4.3238480000205507e-10	1.869566152728172e-19	4.4097466897516366e-08	-2.9042927914065447e-05	-3.793180463658322e-09	1.4388218029879166e-17	8.434916618216018e-10	0.0	0.0	0.0	0.0	0.0
865.1938667812647	0.4737943258444375	748560.4271159167	0.224481063202385	974.3265270400832	1.2995632087789772	1.6888645336119117	949312.18129399	806.8236485328995	1.1364542215811753	1.291528197749675	650964.3998319397	809.5474313631427	644.5279727370886	1.118876	16.075827	0.0419091139066687	0.0243929912488575	-0.1813178466	-0.0103645043	0.044388759	-0.0820188406	-0.0770636574	-0.0975501473	-0.0340345555	0.0865003956	-0.0786213843	0.0907966067	-0.0179240397	-0.1076171543	0.0251551551	-0.07000367	-0.0839166877	0.0823727585	0.0628264118	-0.0807616476	-0.0920852047	-0.0339009417	-0.0053633599	-0.0996494313	-0.0136241752	-0.2269012226	0.0680247423	0.1794202802	0.0068595331	0.2976329302	-0.022807816	0.0851104528	-0.0140310951	-0.0914785292	0.0877789755	-0.0700238973	0.0583002438	-0.1300196237	0.0375406329	-0.1744961456	-0.0772388342	-0.095490732	0.0025610803	-0.1255158161	0.0098807128	-0.0570017351	0.1187427071	0.0473609713	-0.0422546802	-0.1065090732	0.0167200062	0.0307711385	-0.0351572923	-0.1233867189	-0.1690894536	0.0151142107	0.2110984788	0.1907102118	0.2029263758	0.0836218537	-0.0567008227	-0.0934730729	0.1240148769	0.0115491725	-0.1250530583	-0.0165784888	-0.2020797891	-0.1178919513	0.0534007385	-0.1113229398	-0.0879224745	-0.0873882173	-0.0664928795	-0.0634144381	0.1400756314	0.0706390932	0.1682112375	0.0482166761	-0.0793796562	0.006519425	0.1706069833	-0.0145844011	-0.0239173289	-0.0270557525	-0.102561894	-0.0236264752	0.1355874195	0.0760483857	-0.0839486367	0.0932319071	0.0535072889	-0.008104426	-0.1963231749	-0.0296475519	0.0992570537	0.0235265052	-0.063080731	0.0157059105334127	-1.1076378640999252e-05	1.226861637987844e-10	0.0002466756256835	0.0033301940476349	0.0152254453414854	1.1090192394902915e-05	0.0002318141858465	0.0147267731021969	-0.0191217060343263	0.0003656396416631	0.0002168778460035	0.0002580031614434	-0.0001509994391557	2.280083062536613e-08	6.656563131478914e-08	0.000209996443947	2.4752300000234133e-09	6.126763553015909e-18	4.4098506470385524e-08	-2.9027119255545453e-05	1.5808658519994145e-08	2.4991368420178353e-16	8.425736522756577e-10	0.0	0.0	0.0	0.0	0.0
865.574148391182	0.3802816099173469	749218.60636312	0.1446141028413292	974.834347483876	0.5078204437927525	0.2578816031338681	950302.0050343142	806.9128865046995	0.0892379718000029	0.0079634156109781	651108.406407346	810.0562391529614	643.3065433153098	1.294897	18.60486	0.0438404005973169	0.0249348393174549	-0.1562990795	0.0231816331	-0.0382064306	0.192096598	-0.0886338508	-0.1213781883	-0.0578974427	-0.0426126368	-0.1262828597	-0.0400063965	0.1826949725	0.0020502743	-0.0155890015	0.0326995531	-0.1314267843	-0.0430461992	0.185537749	-0.0634358568	0.0045534911	-0.0291334742	0.0522455716	0.1330514211	-0.1622167941	0.1199792291	0.1075417291	0.0832173795	0.0484240023	0.0272167994	-0.0369212512	0.1175911288	-0.0052148624	-0.1079734547	-0.0020061822	-0.0420305423	-0.0499730623	0.0166472305	0.0282482531	0.2017010575	0.0483042305	-0.052297265	-0.0665813978	-0.0234448384	-0.032988579	0.058204136	0.0204568915	-0.0840308839	-0.1442758561	-0.1498556621	0.0781105654	-0.0393885073	-0.0795417438	0.0153938728	0.1391978925	-0.0352425521	-0.0224521314	0.0373600087	0.1076566874	0.0971161298	0.1193634578	0.0632908341	-0.0274245922	-0.0313774711	-0.0658529067	-0.0071748345	-0.0510067596	-0.1389452535	0.000161154	0.0779887588	0.1018617021	-0.1095195683	-0.082158643	-0.0536182566	0.1203806622	0.1035748161	0.0815641606	0.1599809188	0.0357772627	-0.0385828124	0.1047116535	-0.0013105311	-0.0365184494	-0.1299469442	0.1604329805	0.1538908404	0.0604201077	-0.0695642865	-0.0308362228	0.0787661502	0.0737766889	0.0595205208	-0.0835744099	-0.097413752	0.0970621018	0.016850859	-0.0717238087	0.0356025348000912	0.0198966242666785	0.0003958756572093	0.0012675404841917	0.0033503386590751	2.0144611440200272e-05	1.122476913049314e-05	4.0580537007664766e-10	0.021749080191256	0.0070223070890591	4.9312796853049696e-05	0.0004730224891656	0.0001040004371542	-0.0001540027242892	2.371683908849536e-08	1.0816090928264704e-08	2.599847779505282e-05	-0.0001839979661519	3.3855251548053106e-08	6.759208476598545e-10	-2.90013170939098e-05	2.580216163565284e-08	6.657515450723553e-16	8.410763931815048e-10	0.0	0.0	0.0	0.0	0.0
864.9653369719681	-0.6088114192139074	748165.0341630303	0.370651344165252	971.542830666343	-3.291516817532965	10.83408296010234	943895.4718191704	805.5512234984326	-1.3616630062668946	1.854126142635797	648912.7736798218	807.7033818357181	639.7099479954572	1.403629	20.16711	0.1248560469114451	0.0793234556894448	-0.1496522374	-0.0221178887	-0.0310326976	-0.0546782949	-0.0760434437	0.0095491096	0.0022290196	-0.0715462635	-0.2424757024	0.0159857608	-0.1233900543	-0.1814114386	0.0751524756	-0.0249137102	-0.134852435	-0.0752198228	-0.0531863093	-0.0808569839	0.2021472956	-0.1986719864	-0.1075268825	-0.1756509714	0.091940912	-0.0507266381	0.1483716689	0.0971782745	0.0549328701	-0.0690993252	0.0760038645	0.0743907232	0.0164690914	0.0714068574	0.0106126494	0.1143067944	0.0040086521	-0.0311437004	0.0408382218	0.0545113273	0.0517770527	0.062244636	0.0494717878	-0.089454427	0.0188839582	0.0044649594	0.0477423161	-0.1358377503	0.0153923397	-0.1059742368	-0.1596628843	0.2311996229	-0.0012997753	0.0482599222	-0.2746017071	-0.0162222606	-0.0005989778	-0.0022837282	-0.0251736739	-0.0003419653	0.0478806971	-0.003387244	-0.083619017	-0.1358855157	0.0821097868	-0.0185885696	0.1179293253	-0.0177292964	0.005334214	-0.0182912815	-0.0166668942	-0.0666310033	0.1461451304	-0.1626686536	0.0936229547	0.044112819	-0.0339890129	0.1152196696	-0.0479223408	-0.1083989736	-0.0020094186	0.0856654133	0.0232862313	0.0868281182	-0.1947186291	-0.0710555594	-0.2357988349	-0.0136588449	-0.0531649423	0.1339911276	0.1459878892	-0.0436595584	-0.2365516251	-0.0074906069	0.0948006283	0.0101290257	-0.0799246852	0.015704456424828	-0.0198980783752632	0.0003959335230281	0.0002466299515993	-0.0699229403819998	-0.0732732790410748	0.0048892175916646	0.0053689734214312	0.0019152413252498	-0.0198338388660062	0.0003933811641626	3.66814933394461e-06	0.0001570030770972	5.300263994300001e-05	2.8092798409272994e-09	2.4649966217989327e-08	0.0002099976913891	0.000183999213594	3.3855710603227804e-08	4.4099030388751693e-08	-2.901647613887912e-05	-1.5159044969318632e-08	2.297966443818244e-16	8.419558875181412e-10	0.0	0.0	0.0	0.0	0.0
865.4643759752465	0.4990390032784262	749028.5860822229	0.2490399267931251	972.328932793586	0.786102127242998	0.6179565544559666	945423.5535475138	806.3712995940564	0.82007609562379	0.6725248026135596	650234.6728090075	808.9025686971796	642.816792886388	1.343732	19.306511	0.1003578978210258	0.0790095972042193	-0.101893242	0.0084600754	-0.0271382783	-0.0111935382	0.1837659979	-0.1276663795	-0.0454007269	0.1793134958	0.0687962468	-0.1168475257	-0.0857469347	-0.0274028627	0.0720649085	-0.1107504041	-0.0978863807	-0.0357588691	-0.1293124716	-0.0578464394	0.0391417239	0.1682983415	0.0289577939	0.1776646356	-0.0159273039	-0.0127356773	0.1093493077	0.014198422	0.107370229	0.0036878345	-0.0054029888	0.1901171795	-0.0689605478	0.0566550423	-0.1090299268	0.0158461022	-0.0205737638	0.2289263707	0.2261875193	-0.0462114546	-0.0240828861	0.1658490546	0.1145116608	0.144528737	0.0446878474	-0.1068826629	0.0935788076	-0.0779164881	0.182957671	0.0495809834	-0.0082660562	-0.1102401524	-0.2841083671	0.1541428834	0.0937274494	-0.0994623221	0.046943127	0.023351073	-0.0050565515	0.1684026737	-0.0647785294	0.03436491	-0.109338181	0.0458699408	0.0672325096	-0.1023192948	-0.0227498957	-0.0750003864	-0.128898232	-0.1812002801	-0.0952878057	-0.031357513	-0.0054362769	-0.0769235204	0.0997519932	0.0623894648	0.0691850542	-0.0424206372	0.0235808461	-0.2124474976	-0.0392471359	0.1459133609	-0.1320516564	-0.2078324621	0.0767079894	0.1422835954	0.0803404973	0.0743889268	-0.0512779182	0.0247535362	-0.0474493891	-0.1895515883	-0.0286372949	-0.033695064	0.0924741833	0.0033794295	-0.0876327994	0.0156638957762993	-4.056064852870148e-05	1.645166209068853e-09	0.0002453576308907	0.0080004427620252	0.077923383144025	6.400708438844141e-05	0.0060720536406105	0.011708625097313	0.0097933837720632	9.591036570691083e-05	0.0001370919016694	0.0002300005151994	7.299743810219999e-05	5.328625969484519e-09	5.2900236991989434e-08	3.099668114581178e-05	-0.0001790010102432	3.2041361668117786e-08	9.607942420551232e-10	-2.9003519356189016e-05	1.2956782690103e-08	1.678782176785527e-16	8.412041350448308e-10	0.0	0.0	0.0	0.0	0.0
866.4523580403717	0.987982065125152	750739.6887537205	0.9761085610089604	971.5874741942018	-0.7414585993841456	0.5497608546006989	943982.2200110689	806.8183069736684	0.4470073796120459	0.1998155974276277	650955.7804678567	808.6269167671306	640.3698495557027	1.183291	17.001333	0.0193844034240305	0.011911131163969	-0.0590662033	-0.0727261953	-0.0362461515	-0.0334889155	0.0906658571	-0.0498764532	0.0146423166	0.0765321601	-0.0134372821	-0.0952203653	0.0120654231	-0.0871755148	0.0930907462	-0.0582634513	-0.0095206189	-0.0015510073	-0.0158022174	0.0862772441	0.0142600858	0.0493101407	-0.0376935112	-0.1360952392	0.1051046379	-0.067347994	-0.0225426551	-0.0579762209	-0.0972930442	-0.016180801	0.035228367	-0.0314061412	0.1080521938	-0.0001181807	0.1987612673	0.0638251575	-0.1868152232	0.1174508194	-0.0735549856	-0.0434531308	0.1080397006	0.1124875827	0.000259929	-0.0519110387	0.0706725585	-0.0588891857	0.0515218225	-0.0592435812	0.0015435564	0.1084346345	0.0542364418	0.0161293731	0.1533268719	-0.162229426	-0.1698156421	-0.0453809646	-0.1987764992	0.0391036462	-0.0723528481	0.0491051039	0.0221724147	0.0049579352	0.1578499686	-0.0490966687	-0.0367926651	-0.2145825651	-0.0339121962	0.0786159855	-0.0583492264	-0.0232067128	-0.0783729602	-0.033677722	0.0112275255	-0.0172740629	0.0554964491	0.0959725953	-0.0153679615	-0.0691607621	0.0427872932	-0.1800871649	0.0638749369	0.0625585772	-0.121730622	0.0399290261	-0.1403831049	0.0267444339	-0.1019059352	-0.0420015342	0.0245275662	0.0298126841	-0.0441917205	0.1614556867	-0.1018500836	0.090840261	0.090084361	-0.0033794295	-0.0948006283	0.0157076659933039	4.377021700460032e-05	1.915831896629803e-09	0.0002467307709571	0.0035901133601896	-0.0044103294018356	1.2888913939011862e-05	1.945100543269556e-05	0.0116800257114846	-2.8599385828399423e-05	8.179248697616537e-10	0.0001364230006209	0.0003490033181028	0.0001190028029033	1.4161667098865465e-08	1.218033160467642e-07	0.0002099948531832	0.0001789981720373	3.2040345592726434e-08	4.409783836343373e-08	-2.9036632802639388e-05	-3.311344645037209e-08	1.0965003358216605e-15	8.431260445153138e-10	0.0	0.0	0.0	0.0	0.0
868.1302565974701	1.6778985570983878	753650.1424199892	2.815343567912852	970.4358907846304	-1.151583409571458	1.3261443492002247	941745.818122959	808.5072924616624	1.688985487993932	2.852671978654101	653684.041963688	809.9471533981831	653.9298582791092	1.18009	16.955341	0.0846547519961319	0.0565055910536227	0.0111274037	0.0689125368	0.0269066613	0.0619937822	0.2289057934	-0.0659244265	-0.0292695288	0.0698137484	0.0815230103	-0.1785830822	-0.0477003874	-0.0198257106	-0.0495658314	-0.0182381739	0.01191381	0.0810702948	-0.0346328768	0.0340532992	0.0477721958	0.2157280752	-0.0714443823	-0.0981011799	0.0636229952	-0.0279734006	0.0742096868	-0.0027535725	-0.0021925706	0.1413913067	-0.0732404686	-0.0858784939	0.0620587592	-0.0705990941	-0.1215383139	0.1017132846	0.1125067911	0.1071000556	-0.0135299653	-0.0342757204	0.0176193097	-0.1362682939	0.0652369267	0.0372565173	-0.0340116523	-0.0349731144	0.0477066173	0.0083624314	0.0740578288	0.1786210593	0.1544736694	0.030256097	-0.0313008723	-0.0619168831	-0.0138225848	-0.0568194526	0.0032959855	0.1808941672	-0.0428193909	-0.0200524612	0.0116122786	-0.1514216041	0.0499235047	0.0926711937	0.0599652334	-0.1209311606	0.0717343681	-0.1399867315	-0.1524342655	0.0742993056	-0.0105299513	-0.0254032402	-0.1444041745	0.0820867456	0.0606038245	-0.0010426735	0.0411667561	-0.1018138472	0.0792906816	-0.205358162	0.1215573668	0.0531946621	-0.107107372	0.0149014495	-0.0025523536	0.0269914139	-0.0440836699	0.0888152253	0.0342714636	-0.0415556451	0.0211813654	0.0109058717	-0.0619436645	0.1406868025	0.0876327994	-0.0101290257	-0.1013839798	0.0156558278422807	-5.1838151023199386e-05	2.6871939015040275e-09	0.0002451049454271	0.0418728096409068	0.0382826962807172	0.0017533321872236	0.0014655648345216	0.0094567590102911	-0.0022232667011935	4.942914824635831e-06	8.94302909787219e-05	-0.0004459879878203	-0.0007949913059231	6.320111764933159e-07	1.989052852800001e-07	0.0002100260649755	3.121179230000659e-08	9.741759785787506e-16	4.411094796909295e-08	-0.0001159531323512	-8.691649954856062e-05	7.554477893774938e-09	1.3445128902054906e-08	0.0	0.0	0.0	0.0	0.0
870.9995590688522	2.869302471382184	758640.231898135	8.23289667227991	971.3471426492208	0.9112518645904402	0.8303799607195539	943515.2715328058	809.3632135043958	0.8559210427334847	0.7326008313939757	655068.8113741622	810.5158025393696	658.0487974106571	1.396911	20.070583	0.0641852088150815	0.0357579033618291	0.1493103812	-0.0931909579	0.0559675127	0.1938210538	0.0181753424	0.0064179621	0.0241130338	-0.1450907622	0.0205041695	-0.1424811236	0.0646948399	-0.0199714605	0.0043840725	0.1715000663	0.1672449826	0.067357305	0.0887615001	0.1344162751	-0.0306638841	0.0677576024	-0.1744454132	-0.0039453712	0.1639551799	0.0520739945	0.0551607929	-0.0241015147	0.0107713244	0.0405264404	0.0298329005	-0.0789196317	0.0142187148	0.0958473454	-0.0909482875	0.3259817994	0.0570669296	0.0389295463	0.0092068474	-0.0579535855	0.0734353538	0.1136653028	0.0674746568	-0.0151190468	0.0203162329	0.1268137311	-0.1311741895	0.0407821923	-0.1089166423	0.2060566626	0.0472670603	-0.0442253553	-0.0673969748	-0.1384118582	-0.0394122908	-0.1413158716	-0.1602099735	0.117932691	-0.0758998419	-0.0631790737	0.0480869668	-0.0809781227	-0.009896854	0.0809508406	0.0663083012	-0.1372094336	0.2225646209	0.0764187037	0.0109622846	-0.0387301231	0.1271050884	0.0695695707	0.0068921763	0.1020177007	-0.0903068794	0.1504429578	0.0202922416	0.0372118953	-0.0151398294	-0.276450849	0.1210159528	0.0244092526	-0.0350095048	-0.0424646117	-0.0138974801	0.0257627238	-0.1048046618	-0.1044459061	0.2546263415	-0.0264005681	-0.0641933691	0.0877634996	-0.0487122218	0.0183882887	0.0851211787	-0.016850859	-0.1073422654	0.0206451696285938	0.004989341786313	2.4893531460649988e-05	0.0004262230289934	0.031256471205225	-0.0106163384356818	0.000976966992203	0.0001127066417809	-0.0046273545320332	-0.0140841135423242	0.000198362254273	2.1412409965128195e-05	6.700436030107113e-05	0.0005129923481213	2.63161149231078e-07	4.489584299355758e-09	0.0002999989146064	8.997284963089999e-05	8.09511367070454e-09	8.999934876501807e-08	-2.901002908822451e-05	8.694310326297549e-05	7.55910320499642e-09	8.415817876996321e-10	0.0	0.0	0.0	0.0	0.0
874.1249408087144	3.1253817398621777	764094.4121438385	9.768011019863932	973.1708603324472	1.8237176832263915	3.325946188112636	947061.5234001954	811.0384209897338	1.675207485337978	2.8063201189323923	657783.3203215207	812.3818145230988	661.2071455068477	1.422785	20.442343	0.0638297128833526	0.0281830860981632	0.1887716177	-0.0459031763	-0.1848382804	-0.0748405129	-0.037366859	0.2139307134	0.1355171659	-0.0159435894	-0.0361057505	-0.0231464852	-0.070526185	0.047883651	-0.141630526	-0.0365342851	0.2584158972	-0.0634702597	-0.0411448985	0.0149474086	-0.0523741145	0.0974321574	-0.1507794593	0.0726010017	-0.193097982	0.0307975981	-0.0205459677	0.0904978482	-0.0334940111	0.160051731	0.0120315934	-0.1684632926	-0.0230937663	-0.026225017	0.0590220267	-0.0453826659	-0.0661403362	-0.0877198654	-0.0217573203	0.0320562472	0.0138890569	-0.1446082261	0.2044341048	0.0127310957	-0.10062266	-0.1055734697	-0.2508423692	0.0673390954	0.0161056203	0.1220369315	0.0041935097	0.0618409527	-0.0488661786	-0.1870860035	0.1005612048	0.0459595699	0.1214928354	0.1121697142	0.0935295499	0.0319383449	-0.085901425	-0.0752355702	0.0562357231	-0.0162898976	0.0321248946	-0.1134322425	0.0149731511	0.0930945344	0.1445454259	0.2209758759	-0.0553714634	0.0930141825	0.0357230608	0.1090800623	0.0073494476	-0.0537491962	-0.2774090636	-0.0065034234	-0.0731695679	-0.1266463289	0.2966060496	-0.0471313178	-0.1052921316	-0.0720517633	0.2850962983	-0.1783168107	-0.1617253109	0.1495850525	0.0284847218	-0.1283413837	0.0928497666	-0.098350292	0.0116303409	-0.0139320234	0.0825512202	-0.0235265052	-0.1126387502	0.0121730945346882	-0.0084720750939056	7.177605639677557e-05	0.0001481842305504	0.0188164965067585	-0.0124399746984665	0.0003540605407888	0.0001547529704984	0.0088108130981936	0.0134381676302267	0.000180584349258	7.76304274512999e-05	0.0002950101798184	0.0002280058195173	5.198665373376873e-08	8.70310061964847e-08	0.0006609955079457	0.0003609965933393	1.3031854040257993e-07	4.369150615243939e-07	-2.9597525446669947e-05	-5.874963584454373e-07	3.451519711866497e-13	8.76013512566275e-10	0.0	0.0	0.0	0.0	0.0
874.4261716550801	0.3012308463656836	764621.1296753596	0.0907400228021861	974.4717405130576	1.3008801806104202	1.6922892443049995	949595.173058548	810.8220596099768	-0.2163613797570178	0.0468122466503604	657432.4123501647	812.276335765088	677.3031652104636	1.422489	20.438078	0.0390628504140374	0.0238697372458267	0.1845092456	0.0595900795	0.1172476188	-0.1599261384	0.0505244045	0.1119472302	-0.0013783654	0.0154470137	0.1217654044	0.0737144272	0.0212306842	-0.1256572861	-0.1649811323	-0.1199509661	0.1562953235	0.1463086527	0.0884630144	0.0455854749	0.1029422197	0.0838955669	-0.0656097556	0.0987390698	-0.1027533281	0.0933006429	-0.0377222643	-0.0587353112	-0.137523194	-0.0112686481	0.0139844662	-0.0449484283	-0.0098751616	-0.071497333	-0.1762565459	0.1070267331	-0.1158369703	-0.0841335049	0.0384617251	-0.1121848376	-0.1346595497	0.1039363154	-0.0773923623	-0.1357629186	-0.1083658272	-0.106176023	-0.0254069896	0.2123124084	-0.0608887393	0.1457539718	0.0664947215	0.1070674666	-0.0261519274	-0.0213264545	0.1882199551	0.0367227955	-0.0054677127	-0.1204308846	0.0436305549	0.0004060743	0.0870431409	0.1471583859	-0.0235193775	0.0758925437	0.0489729949	-0.0035751631	-0.018783138	0.0625283521	0.0446542318	-0.0225007802	-0.104612811	0.0590555337	-0.0122092882	0.0285368296	-0.1722844649	-0.1700286194	-0.0956108478	-0.1124310248	0.0645515125	-0.085017551	0.2927860406	-0.0296867387	-0.1360087003	-0.1306693771	0.158149416	-0.0398865349	-0.1094405384	-0.0717310723	-0.1877464294	-0.0853269508	0.0632084859	-0.0008602495	0.1706810666	0.1122579617	0.0799246852	-0.0301376669	-0.1172407796	0.0157585852166874	0.0035854906819991	1.2855743430703078e-05	0.0002483330080315	0.0008528765900166	-0.0179636199167418	7.273984777983435e-07	0.0003226916405131	0.0115695025753126	0.002758689477119	7.610367631167104e-06	0.0001338533898401	0.0005900096713667	0.0002949994915483	8.702470001375557e-08	3.4811141230624137e-07	0.0006609915452122	-3.962733499955802e-09	1.570325679167196e-17	4.369098228420119e-07	-2.9695077928416967e-05	-9.755248174701999e-08	9.516486695002666e-15	8.817976531747564e-10	0.0	0.0	0.0	0.0	0.0
870.8120997524069	-3.6140719026732313	758313.7130751958	13.06151571769211	972.78022812225	-1.6915123908075884	2.861214168255604	946301.3722255768	807.7603949111383	-3.0616646988385128	9.37379072811392	652476.855586998	809.6303763856571	666.0853939088133	1.36392	19.596577	0.0348741277335349	0.0219353062548693	0.1167129889	-0.0658465748	-0.0261453128	-0.0007941913	0.1413498187	0.1171857469	0.1145784039	0.0849804766	0.0541710895	0.0138455506	0.1999432521	0.0442764493	0.041314673	-0.1027606138	0.0799674744	-0.0387113943	0.1710951594	-0.0786573923	0.1300861947	0.1098104242	0.1169463968	-0.1895743369	0.0471604455	0.0613291813	-0.0721798131	0.0155291447	0.0868019063	-0.0415065905	0.2553035454	-0.0253482111	0.0275250521	0.1698196657	-0.0085017549	-0.0579214929	0.0014295247	0.1574519373	0.0161900098	-0.0835796293	-0.0055407848	0.0282427995	-0.0651650329	-0.1496126951	0.0630376048	-0.1307982403	-0.0396761815	0.0103704271	-0.0482673077	0.0225912675	0.2485767253	0.0722602838	0.0555976561	0.1862643175	-0.1977979083	0.1513706147	-0.0023524701	-0.2481674643	0.0757105198	0.0365597342	-0.0773770426	-0.0469856973	-0.017451313	0.088496048	-0.0307801458	-0.1040531893	0.0934903188	0.0777599865	-0.0503467428	-0.0895868035	-0.093199004	0.0528384525	-0.166905935	-0.0077539238	-0.0954411164	0.0150452604	-0.1207452499	0.048014022	0.2383587664	0.0114232707	-0.0053970915	-0.0678428356	0.0055184937	0.0067192974	-0.0328685726	-0.04184026	-0.0905373533	-0.1310877552	-0.1358146787	0.0412345479	0.0157603711	-0.0728195954	-0.0220878651	0.0342345	0.0772433738	-0.0366662233	-0.1211199807	0.0188981864729953	0.0031396012563079	9.857096048610148e-06	0.0003571414519681	0.0018193354540301	0.0009664588640135	3.30998149429091e-06	9.340427358302652e-07	-0.0054942894262097	-0.0170637920015223	0.0002911729974712	3.018721629895971e-05	0.0005900051783567	-4.493010000074932e-09	2.0187138860773338e-17	3.4810611048772134e-07	0.0003869914521124	-0.0002740000930998	7.50760510186991e-08	1.4976238400806397e-07	-2.9614151804391667e-05	8.092612402530072e-08	6.549037549758352e-15	8.769979870935541e-10	0.0	0.0	0.0	0.0	0.0
870.4484663633101	-0.3636333890967762	757680.5325942386	0.1322292416660074	979.332159105238	6.551930982987983	42.92779960583788	959091.4778577272	808.4738620790113	0.7134671678729774	0.5090353996326873	653629.9856649521	810.7633066511539	665.8142153316251	1.58184	22.727615	0.1372230667071028	0.0822887949623129	0.0460799894	0.2081121265	0.0336937314	0.0561980167	0.0488971744	0.0533950641	-0.1853245483	-0.093094582	0.0265177069	-0.0202538573	-0.0067244939	0.1246993131	-0.1333879975	0.1533538036	-0.108184921	-0.0550958082	-0.0454753823	-0.0158263596	0.0081305942	0.0707056442	-0.0286794667	-0.1056765584	0.0772909514	-0.0950990493	-0.0522868536	-0.1268968151	0.0230310282	0.0650573857	-0.1251117876	0.0096304635	-0.1419858128	0.0540840054	0.1240746687	0.0309914977	-0.1314545325	0.067489307	-0.0683954159	-0.0875871352	0.0490763703	0.014951404	0.0575356591	-0.1571841001	-0.1724910117	0.1426350871	0.0395444851	-0.0506704174	0.0946368905	0.0113251544	0.053669828	-0.0247817231	0.0636624417	0.0231021744	-0.0503644911	0.0462512213	-0.0229127577	-0.0178308217	-0.1907642967	-0.0513051581	-0.0609200447	-0.1608419241	-0.1135154499	0.0931763236	-0.1257896291	-0.1255976332	-0.0687290861	0.0992179403	0.01099706	0.084480305	0.1660194328	0.0159501514	-0.024624255	0.1450189868	0.0290577909	-0.1185557017	-0.0252839504	-0.1355114493	-0.0142591142	-0.022724321	0.0185090851	0.0811086187	-0.2405399321	0.0048336686	-0.0602093334	-0.04596518	0.1020052502	0.0005846878	-0.0879377359	0.2107411059	0.1965949959	0.0633535454	-0.0305207921	0.1409164475	0.0745091236	-0.0430942802	-0.1242524367	0.0188519139175156	-4.627255547970041e-05	2.1411493906219527e-09	0.0003553946583534	0.0685114591429538	0.0666921236889237	0.0046938200338966	0.0044478393621386	0.0190585367375888	0.0245528261637985	0.0006028412726297	0.000363227822578	-5.399060695307324e-05	-0.0006439957853097	4.1473057149675154e-07	2.9149856391612406e-09	0.0006610005660794	0.000274009113967	7.50809945369804e-08	4.369217483572872e-07	-2.898216510314566e-05	6.319867012460055e-07	3.994071905518078e-13	8.39965894065994e-10	0.0	1.0	0.0	0.0	0.0
871.4548769142748	1.006410550964688	759433.6024976738	1.0128621970930467	973.6059750567424	-5.726184048495611	32.78918375724559	947908.59466619	808.9186801002139	0.44481802120265	0.1978630719866412	654349.4310150723	811.1304565594203	665.7997441601237	1.542636	22.164335	0.1813749855625766	0.1185498799594242	0.0467323873	-0.0520689869	0.1511175265	-0.1222011152	0.0444832584	-0.0469123656	0.0507329759	-0.0669749177	0.1523720104	0.0327121494	-0.0523939199	-0.0218157098	0.0172602719	-0.0150282846	0.091903551	0.1960578385	-0.1938785346	-0.0244946948	-0.0451338564	-0.0063815139	0.0488577212	0.1038897582	-0.0539682945	-0.149255243	-0.0854548558	0.0335774425	0.0305567119	0.0371279249	-0.0872992505	0.0616060505	0.1174228331	-0.0584440589	-0.005474279	0.0345638181	0.0805390653	-0.0662417071	-0.1147891998	-0.0029835415	-0.0004264957	0.1028648785	-0.0540642185	-0.0291806799	0.0699208388	0.0313491382	0.0371586603	0.1850863828	0.1009738472	0.0716999459	-0.0953411013	0.0281504329	0.0527975642	-0.0704503151	0.0415969498	-0.0340892454	-0.01159878	0.1311895853	0.123456586	0.0737186057	-0.1892284563	0.1125554386	-0.0551817545	-0.1254805237	-0.0754680308	0.1558756556	0.2018944706	0.0203462286	-0.1216546622	0.062564231	-0.0814831791	0.0932713984	0.1629438266	0.0102833757	-0.0681694217	-0.0938692645	0.1512622645	0.0214901941	0.047562851	-0.0856533741	0.007329385	-0.1085463955	0.0462125194	-0.0223355518	-0.0509784778	-0.0855214812	0.160825616	-0.054707487	0.1380103633	0.071036065	0.0354806927	0.0883321536	0.0355297992	0.1576558685	0.0717238087	-0.0494042187	-0.1266188352	0.0157153573251349	-0.0031365565923806	9.83798725720682e-06	0.0002469724558566	-0.0405456333696747	-0.1090570925126284	0.001643948385348	0.011893449427308	-0.014222276451548	-0.0332808131891367	0.0011076125265302	0.0002022731474642	3.500047169044466e-05	8.89910786435179e-05	7.919412078136788e-09	1.2250330185536183e-09	3.199953738097783e-05	-0.0006290010286984	3.956422941036733e-07	1.023970392596597e-09	-2.9000523129818462e-05	-1.835802667280134e-08	3.3701714331928547e-16	8.410303418031357e-10	0.0	0.0	1.0	0.0	0.0
872.3605976860288	0.9057207717539768	761013.0123951253	0.8203301163866193	973.9480732928264	0.3420982360839844	0.1170312031317735	948574.8494708088	808.1500860903443	-0.7685940098696165	0.5907367520074561	653106.5616478309	810.6332676314279	653.5210516067988	1.294265	18.595783	0.1338539907643892	0.1021649416560914	0.076278182	-0.1178714359	0.0343151558	0.000921507	0.0224172166	0.0017070243	0.0900000192	0.0363847678	0.1897336627	0.0231895404	0.0758547548	0.0122008412	0.1863323852	0.0513703764	0.1336776244	0.07473146	-0.012355673	0.0187474374	-0.1488088432	0.0532944562	0.0886622225	-0.0689840142	-0.0225880241	0.0500172249	-0.0897201856	-0.0367398608	0.0025542144	0.153347399	0.1037038496	0.1839980386	-0.055248222	-0.0416090681	-0.0420079418	0.093169622	-0.1469998507	-0.0305896463	0.0092139181	0.0322096437	0.0347767998	-0.1479633401	0.005631304	0.0342546663	0.2287441638	0.0076005333	-0.042685419	0.0715774622	-0.0024169233	0.0387051283	0.0134591968	-0.1814426166	0.0027415215	0.055648305	0.0188365619	0.0520518886	0.1864366135	-0.070998033	0.0626165672	-0.2087622865	-0.0195233307	0.0545643383	0.1056157704	0.0054451543	-0.1025964491	-0.1839467216	-0.0219606195	-0.1419790021	0.0736903057	-0.0131645265	-0.036419491	0.0984427599	-0.07918058	0.0962168628	-0.0875412317	0.1343558168	0.1018994639	0.0758637468	0.0105418296	0.034316943	-0.0324873125	0.0121339082	-0.0770186014	0.1683171557	0.1544376061	0.0530029091	0.0369663418	0.0214884132	0.1178344303	-0.0381784692	0.0752066597	-0.0193027337	-0.0069768401	-0.0701347848	0.0688893378	-0.0555787436	-0.1282045865	0.024098919333312	0.008383562008177	7.028411194495043e-05	0.0005807579130334	0.0603784152253012	0.1009240485949758	0.0036455530251188	0.010185663584801	-0.0054267847981748	0.0087954916533731	7.736067342455759e-05	2.9449993245701105e-05	0.0001350032115107	0.0001000027398202	1.0000547971557684e-08	1.8225867118202804e-08	0.0002469983679511	0.0002149988305701	4.62244971465201e-08	6.100819377050697e-08	-2.9016722896701173e-05	-1.6199766882710982e-08	2.6243244705417936e-16	8.41970207663942e-10	0.0	0.0	0.0	0.0	0.0
871.5718071208227	-0.7887905652061136	759637.4149678565	0.62219055575818	980.6671531174208	6.71907982459436	45.14603368927097	961708.0652034268	808.7331812668915	0.5830951765472037	0.3399999849126146	654049.3584820668	810.8576557882606	666.191739280688	1.377816	19.796236	0.1473921339781523	0.1182369606355834	0.030961209	0.1157540064	-0.0457885831	0.0544029021	-0.1486121086	0.046127903	-0.0742982396	-0.0718020895	-0.022542347	0.0913996454	0.1636071356	0.1872655189	-0.074709655	0.1023775379	-0.0288806377	-0.0696358823	0.0344483717	0.0343299146	0.0877501061	-0.0544695853	0.0423089976	-0.0856856863	0.1056900911	0.1546336147	-0.1193467255	-0.0810117887	-0.0520333092	0.0330173366	-0.0761395459	0.0922902863	0.0414977296	-0.1719179932	-0.0570978438	-0.0998968688	0.0530286419	-0.0622217504	-0.1075029806	0.1033525945	-0.1147304511	-0.067904661	0.2088997958	-0.050122022	-0.0685837764	0.084267164	-0.0458851743	-0.0555700657	-0.0567481119	-0.0589114932	-0.0310730757	-0.0140124611	0.0305160484	0.0875464736	0.0329711334	-0.0027795277	-0.1397448894	0.0298212785	-0.0095682207	-0.292752569	0.1335725619	-0.0660331841	0.0870930565	-0.0298688168	-0.2162393955	0.0992217174	-0.0820106467	-0.0965052228	0.0250802172	0.0731148419	0.1228335228	0.0165863814	0.0110242114	-0.0895161055	0.0070172155	-0.0985675539	-0.0804718936	0.2553758983	0.0088484841	0.0864972545	-0.0970209093	-0.1342753835	-0.0541576276	-0.0269766139	0.0776726977	-0.0321540929	0.0845652706	-0.0322815484	0.039980299	0.1012922134	0.1157417311	0.0090983493	-0.0643835667	0.1235434766	0.0660076536	-0.0616009311	-0.1289999139	0.0280947907187822	0.0039958713854701	1.5966988129219527e-05	0.0007893172655321	-0.0558739464613751	-0.1162523616866763	0.0031218978931686	0.0135146115977298	-0.0053337782076141	9.30065905606998e-05	8.650225887725656e-09	2.8449189968019087e-05	0.0004269994512425	0.0002919962397318	8.526180401751086e-08	1.8232853136139615e-07	-2.0061343093402684e-06	-0.0002490045022604	6.200324214596959e-08	4.024574867112156e-12	-2.89995785800386e-05	1.7144316662573357e-08	2.9392759382659047e-16	8.409755578198336e-10	0.0	0.0	0.0	0.0	0.0
868.475473285643	-3.096333835179621	754249.6476987216	9.58728321887814	977.076234293508	-3.590918823912716	12.894697999930685	954677.9676211822	807.2640110731793	-1.469170193712216	2.158461058092391	651675.1835739581	809.9086180872887	661.9319141946497	1.251438	17.980452	0.1179491447341938	0.0636390656966107	-0.0652476198	-0.0261291388	0.0984851476	-0.0384585786	-0.1510791774	-0.0350168118	-0.0125986486	-0.1001622627	-0.081832869	0.192576599	0.0377459414	-0.0624348431	0.0236808888	0.0833078868	-0.0658091391	0.0497420519	0.0501368517	-0.0699611289	0.1201335769	-0.2137452681	0.0866129182	0.0093142567	0.0758823735	-0.0060023261	-0.0021976525	-0.0372403043	0.1154105658	0.0438697753	0.0488842188	-0.2273315821	-0.1159254305	0.017040115	-0.0689910499	-0.1123212924	-0.007183192	-0.020247323	-0.1270120197	0.0869963104	-0.0545133644	-0.1264510266	-0.0852291003	0.0161148455	0.0322618442	0.0932237039	0.059362045	0.0526738302	-0.0648973952	-0.1326268566	-0.1397698461	0.1093426856	-0.0506722448	0.1870144567	-0.1398736709	0.0357448062	-0.006705134	-0.008067895	-0.116144322	0.0583414864	-0.0221921291	-0.0627307744	0.0873702605	0.1582600375	0.0111605757	0.0209985014	0.0098399997	0.0825205353	0.0190000988	0.0906045323	0.0395242985	-0.0020011155	0.0828119253	-0.0079003422	-0.0393830906	0.0572881478	0.0910542888	0.0447536182	-0.0777103729	0.1034021766	-0.0543161445	0.0523849891	-0.1161571709	0.2073032599	-0.0658234224	-0.0201590132	-0.0437541571	0.0542399182	-0.0304947035	0.0834093972	0.0326310878	0.0848802249	0.0405529124	0.1552852806	0.063080731	-0.0674542747	-0.1289999139	0.0161613651066403	-0.0119334256121418	0.0001424066468405	0.0002611897221101	0.0007773826840207	0.0566513291453958	6.043238374152275e-07	0.0032093730939399	0.0066291369677031	0.0119629151753172	0.0001431113394918	4.394545693656785e-05	0.0001779727707556	-0.0002490266804869	6.20142875943246e-08	3.167430713042535e-08	0.000247019387586	0.0002490255218953	6.201371055524658e-08	6.10185778433625e-08	0.0002209777150645	0.0002499772936445	6.248864733784788e-08	4.8831150555127365e-08	0.0	0.0	0.0	0.0	0.0
867.9230710184765	-0.5524022671664852	753290.4572061435	0.3051482647706729	972.6504643618406	-4.425769931667446	19.587439488051672	946048.925823304	808.0802847811487	0.816273707969458	0.666302766322208	652993.7466519824	810.6331433127405	645.4200708830416	1.195967	17.18346	0.07331485335393	0.0412605838820282	-0.1016306442	-0.0398464168	-0.1281645879	0.0839461488	-0.0674229165	-0.0554801563	0.1136066405	-0.0449750633	-0.12548486	0.0131082008	-0.0938944296	0.1464447822	0.0002055865	0.0762062731	-0.0500431607	-0.1395273601	-0.08632712	-0.1376331449	-0.056556891	-0.1345029723	-0.1042879562	0.1626973974	-0.049583418	-0.100163612	0.1978349212	-0.1209436342	-0.084038042	-0.0642330916	0.0294063526	0.0325476391	0.1256847013	-0.1206479828	-0.0666976345	0.0106326596	0.0708668506	-0.0852410992	-0.0053605011	-0.0156610406	-0.1157784524	0.1138378204	0.0488642152	-0.0631959276	-0.017252847	0.0602544576	-0.0796616832	-0.0582159529	0.0820883043	-0.193080807	-0.0807283738	0.0288707226	-0.0510141095	-0.055810482	0.1020737561	-0.1234040959	0.0877598819	0.0302725629	-0.2021767121	0.1514987811	0.1236542803	0.1494444519	0.0323467557	0.0102128154	0.0226374983	0.086162054	0.0842936465	-0.0971210592	0.0177666411	-0.0081997047	0.0761132752	-0.015670751	0.108804179	0.0492142824	0.1443396236	0.0659410082	-0.067496729	-0.0008654354	-0.0451751731	0.097584127	-0.015169435	0.022839759	-0.0011015354	0.0323192984	0.1492267198	0.0323836252	0.0431215054	0.043574552	-0.0039769235	0.0079285112	0.0123170432	0.0348331918	0.0933610824	-0.0623803935	0.0601105761	-0.0731227308	-0.1282045865	0.0195867344085485	0.0034253693019081	1.1733154854455052e-05	0.000383640164791	0.0362050569697629	0.0354276742857422	0.0013108061501837	0.0012551201052966	0.0250378035183445	0.0184086665506414	0.0003388790041727	0.0006268916050232	0.0002490038140057	7.10310432501e-05	5.0454091051975765e-09	6.200289938938523e-08	0.0002469959315485	-2.3456037500009e-08	5.501856952018283e-16	6.100699020151128e-08	-2.903064996066497e-05	-0.0002500083650251	6.250418258255612e-08	8.427786371386568e-10	0.0	0.0	0.0	0.0	0.0
869.4156676036052	1.4925965851286946	755883.6030746226	2.2278445659378407	973.5491363609232	0.8986719990825804	0.8076113619350814	947797.9209090994	807.9010470521216	-0.179237729027136	0.032126163506805	652704.1018279144	809.7528100849162	647.9953219815221	1.227417	17.635323	0.0667857117301696	0.0416504841387079	-0.0944350944	0.0316010408	0.1137705093	-0.0403437249	0.0131793922	-0.0536908475	-0.045968862	-0.0133426362	0.056703064	-0.040637477	-0.2715587712	-0.0184636256	0.0434008125	0.0251349289	-0.0678284427	0.0545074324	-0.2049039755	0.0638557588	-0.114500877	-0.0213318256	-0.1088074297	-0.0860552235	-0.212020361	-0.0888615917	-0.0395290537	-0.0153947633	-0.1815709276	-0.1139724069	0.0262428152	-0.0521722767	0.0503380479	0.0517883141	-0.1026655919	-0.218352918	-0.0836994442	0.2776477044	-0.1196683373	-0.1222827076	-0.1177754166	0.0972907611	0.0097782323	-0.0012914531	0.0057829709	0.0498519875	0.1046821917	-0.0144267295	0.1303577214	0.0358128065	-0.0986605217	-0.0168850066	0.1503821574	-0.2030886506	0.0823558314	0.0408662699	0.1922904015	-0.1676066068	-0.0475284993	0.0782898053	0.0732146295	-0.0103448339	-0.0182310798	0.116375369	0.0094983562	0.0975381613	0.0048794503	-0.0053226173	-0.1654301579	-0.1678902645	0.0309248197	-0.0861663624	0.076669137	0.1028067583	-0.0229001037	-0.0803374219	0.0906317755	-0.1790705964	-0.0066584044	0.0175556285	0.0484378831	-0.0204376229	0.1316755226	0.1786149901	0.0879744095	-0.0274920161	0.0943994152	0.0529851372	0.0187732015	-0.0862553193	0.0160094149	0.1917353389	0.0378912173	-0.1421872046	0.0570992244	-0.0785907625	-0.1266188352	0.0160750081432894	-0.003511726265259	1.233222136211062e-05	0.0002584058868068	0.0479398948269249	0.0117348378571619	0.0022982335160166	0.0001377064195338	0.0616783452970963	0.0366405417787518	0.0013425293018404	0.0038042182785878	0.0001220249298704	-0.0001269788841353	1.6123637016245942e-08	1.4890083509876037e-08	0.0002469872422619	-8.689286599982988e-09	7.550370161664392e-17	6.100269784013849e-08	-0.0002000151931187	-0.000170984543158	2.9235713998961944e-08	4.000607747831085e-08	0.0	0.0	0.0	0.0	0.0
870.8104332811461	1.3947656775408177	758310.8107112973	1.9453712952458964	972.4867733546664	-1.06236300625676	1.1286151570629006	945730.5243497704	807.3926582229572	-0.5083888291644598	0.2584592016192103	651882.9045523329	809.5770390896998	649.8255793592101	1.211064	17.400362	0.1254565452868876	0.0726695985777979	0.0014092885	-0.1704979849	-0.018890988	0.0368786873	0.1407380074	-0.0622484177	0.1430262976	0.0175636205	0.0870707767	-0.0568017068	-0.1169791366	0.035820385	0.2379879691	0.0539570098	0.0749731507	-0.071248751	-0.1112689018	0.0549264613	-0.0463784961	0.0818854194	-0.0262478036	0.0505991184	-0.0507556117	0.0130178924	-0.1107832652	-0.0411094883	-0.0157893641	-0.0003157358	0.042770838	-0.0079805575	0.0343477966	0.0299834074	-0.0157112396	-0.0093289869	-0.0038205689	0.0140413784	-0.0761598992	0.1094462947	-0.0246657253	-0.0428012696	0.1105448505	-0.0217442076	0.2070363622	0.0177147879	-0.064237503	-0.0797853656	0.1606276493	0.0812638474	-0.0093028094	-0.0616901913	0.0594691359	-0.0603150238	0.0944911698	0.0327968042	-0.1108779471	-0.0489893331	-0.0253785198	0.060391572	-0.0060240102	-0.106768164	0.1103365093	0.0306224511	0.0209616505	0.0123132027	0.0089508127	-0.0423205357	0.0673444549	0.0213350177	-0.0388759513	0.0186684311	0.1161383978	0.0105968997	-0.0645182933	0.110678332	-0.0651734187	0.0252056142	0.1242206631	-0.1234295612	-0.1252228589	0.0056400266	0.0881074587	0.030230072	0.027933609	-0.0563373631	0.0457348997	0.0366853436	0.0287501657	-0.0846399087	0.0386166425	0.0929327526	-0.054467351	-0.1158934065	0.0540487397	-0.0838433825	-0.1242524367	0.0332343953961498	0.0171593872528604	0.0002944445708936	0.0011045250373476	-0.0147836512290524	-0.0627235460559773	0.0002185563436622	0.0039342432298363	0.03750242950764	-0.0241759157894562	0.0005844749042588	0.0014064322189755	0.0003790033089381	0.0002569783790677	6.603788730826254e-08	1.436435081860289e-07	0.0002469944166954	7.174433499981121e-09	5.1472496045651334e-17	6.100624187870087e-08	-2.9046822848026173e-05	0.0001709683702706	2.9230183633010224e-08	8.437179175646153e-10	0.0	0.0	0.0	0.0	0.0
871.8759252479381	1.065491966792024	760167.6290269481	1.1352731312983355	977.5471188471868	5.060345492520355	25.607096503671077	955598.369566436	808.9922210522393	1.599562829282149	2.5586012448211144	654468.4137230352	810.7471309912065	652.7901016209962	1.275339	18.323862	0.0394507173216954	0.0331628391415561	0.0270178151	0.0548248478	-0.1509112265	-0.1632484312	0.012007458	0.1694973112	-0.0508304455	0.1951315458	-0.0410179811	-0.0316230714	-0.171766139	-0.0410559337	-0.0265791264	-0.1934525424	0.0208241572	-0.0997454191	-0.0408182459	0.1864668885	-0.0363206195	-0.0146089097	-0.0645243322	-0.0287195637	-0.0637157835	-0.0144122608	-0.1312699394	-0.0906595719	-0.0397427128	-0.1162858264	0.051255913	0.0857252403	-0.0677549771	-0.0869694713	0.1139549859	-0.0467781136	0.2687668956	-0.0580648443	-0.0435450706	-0.1373807985	0.1549465618	0.2595052032	0.0370811242	0.0357741204	-0.0576079898	-0.2133788484	-0.006215242	-0.0884621682	-0.0038696913	0.0695699549	-0.1175047674	-0.0515898416	0.1058601729	-0.1149352699	0.0580147428	0.0213025732	-0.0724330745	-0.0426916718	-0.0211025409	-0.0479154867	-0.0845250045	-0.0066736635	0.0418846045	-0.1321498548	0.0096197407	0.118974839	-0.1226217274	0.0604247098	-0.1154560066	0.0250252923	-0.169108035	0.0004615257	-0.0323133686	0.061707414	0.0579085345	-0.1347421059	-0.0749052005	0.010538064	-0.124778238	-0.0330675167	-0.0806644965	-0.0210329184	0.20507171	-0.063837988	0.0036942959	-0.0988513403	-0.0305136916	-0.0578687439	0.062820046	0.0305178701	0.0063988513	0.0867708728	0.0012115337	-0.0517631539	0.0509612127	-0.0888661936	-0.1211199807	0.0332417849179336	7.389521783800201e-06	5.460503219325771e-11	0.0011050162645301	0.0177425131046078	0.0325261643336602	0.0003147967712671	0.0010579513662602	0.0375186556865827	1.6226178942695124e-05	2.6328888308036265e-10	0.0014076495245283	0.0005170031808368	0.0001379998718986	1.9043964644057602e-08	2.672922889953689e-07	0.0002469925747525	-1.841942899962791e-09	3.3927536467233364e-18	6.100533198286931e-08	-2.9063854752601288e-05	-1.7031904575115584e-08	2.9008577345584315e-16	8.447076530803044e-10	0.0	0.0	0.0	0.0	0.0
873.1511438279376	1.275218579999546	762392.9199680358	1.6261824267760585	978.2845894949776	0.7374706477908148	0.5438629563530041	957040.7380433568	809.5387570250268	0.5465359727875239	0.298701569550805	655352.9991256255	811.6659359173633	672.1780680308921	1.276391	18.338966	0.0645444310467074	0.0314831173861986	0.0918351726	0.0421948914	0.151549939	-0.0213743219	0.0361337678	0.0395895588	-0.0531282363	0.0028531463	0.1109456368	0.0271309793	0.0722346563	-0.1954351337	-0.0342252425	-0.0740420883	0.0529495689	0.1653089602	0.1174446216	0.1046309523	0.0741471122	0.0126020377	-0.0426076294	-0.0442568228	0.0182866638	-0.0163836559	-0.1191736045	0.1229412875	-0.029512379	-0.1281983624	-0.0305873501	0.0197342174	0.0608478673	-0.1486074569	-0.0492573281	-0.0773453822	0.1173599225	0.0618163836	0.0845669889	0.1056330203	0.0614480637	-0.0667192303	-0.0113147087	-0.0402474938	0.0052597331	-0.0334348891	0.0887710638	0.1070338933	-0.15688963	0.1655255755	0.0260412949	0.0545043612	0.022679855	-0.0434968661	0.0072292841	-0.101063611	0.0053440494	0.0160959269	0.0155169291	-0.0759625188	-0.0474523665	0.0800212143	-0.0501297728	0.0367471182	-0.0198184651	0.2340081904	-0.0498452183	-0.0293381619	-0.1555410881	0.1414241334	-0.0477445033	0.0330887402	-0.092008946	0.0465893676	-0.0820893857	-0.0976554391	0.0824183461	-0.0283298196	0.0043685423	-0.0510917064	0.0728208492	-0.0160819633	0.1468957281	0.0266311709	0.0396161363	0.1102482418	0.0244424746	-0.0272552189	0.0745020834	0.0326033112	-0.0326281125	0.0347948097	0.0412661847	0.1497149767	0.0478387595	-0.0936454286	-0.1172407796	0.0332110086417287	-3.077627620490242e-05	9.471791770404428e-10	0.0011029710950009	0.0317392989553013	0.0139967858506935	0.0010073830981739	0.0001959100141501	0.0203047168020731	-0.0172139388845096	0.0002963196919196	0.0004122815244123	5.5000617774721e-05	-0.000462002563062	2.134463682759303e-07	3.0250679556009557e-09	4.299922562323033e-05	-0.0002039933491292	4.1613286488976115e-08	1.8489334041974678e-09	-2.900116623796044e-05	6.268851464084977e-08	3.929849867876036e-15	8.410676431618163e-10	0.0	0.0	0.0	0.0	0.0
873.0802755084627	-0.0708683194749255	762269.1674819331	0.0050223187052001	974.0957928332654	-4.188796661712217	17.546017473171418	948862.6136154678	809.444618460177	-0.0941385648497998	0.0088620693919799	655200.5903541415	811.3092079402516	667.8327188095118	1.123393	16.14072	0.0527441449918788	0.0360362229104363	0.1116242906	-0.0440057174	0.0255491502	0.0413298541	0.0308759096	0.1097153721	0.0832637464	-0.0057696782	0.0147518782	-0.1112874802	0.1048585627	-0.0764847722	-0.0020757499	0.0407604646	0.0551005959	-0.0301279176	0.1848697453	0.0404450247	0.1183712041	0.139315867	-0.0239258989	0.0239531703	-0.015089255	0.0580796621	-0.0834219773	-0.0141437499	0.0926030931	-0.0758848673	0.1330843051	-0.0286627363	-0.0206315279	0.0169059481	-0.0241427664	-0.0313675908	-0.0589015039	-0.1512615951	0.0663620734	0.0910893543	0.0611041972	-0.0135783565	-0.004361563	0.0550495195	0.0306933948	-0.0033496778	-0.06927	-0.0495450763	-0.1215950127	0.1475932629	0.1317826392	0.0464969596	-0.1029213918	0.1330309693	0.0486334017	0.0444217285	0.0352621082	-0.1542593959	-0.003368273	-0.1068545313	-0.0619145828	0.0382634263	0.0339373236	-0.0441472345	0.0781917354	0.0188575028	-0.1066512818	-0.0262359227	0.1700437189	0.1348877017	0.0030893965	0.0089133707	-0.1042855754	0.053159865	-0.2191080668	0.0087055169	-0.0940165225	0.1003469304	0.0365004683	-0.0102214483	-0.0457114394	0.0470509588	-0.0194490475	0.0883031642	-0.0857454749	0.0915744194	0.0196060257	-0.0206655881	0.0474510779	-0.0832498026	-0.2323236141	-0.007108082	0.0291302005	-0.0307646414	0.0446835199	-0.098167988	-0.1126387502	0.0332286649732083	1.7656331479598553e-05	3.1174604131746284e-10	0.0011041441759017	-0.0010973616505225	-0.0328366606058238	1.2042025920374657e-06	0.001078246279742	0.0203430800993942	3.836329732110136e-05	1.4717425813472227e-09	0.0004138409079303	0.0002480035876263	0.0001930029698515	3.7250146371529515e-08	6.150577947551588e-08	0.0002469961318867	0.0002039969062634	4.161473776506683e-08	6.10070891669921e-08	-2.903058526799757e-05	-2.9419030037132108e-08	8.654793283256812e-16	8.427748810024776e-10	0.0	0.0	0.0	0.0	0.0
871.7695413982092	-1.3107341102535202	759982.133309644	1.7180239077820871	978.390746651115	4.29495381784966	18.446628297461366	957248.4531325264	809.5461403128146	0.1015218526375747	0.0103066865629654	655364.9532953753	811.7158593848709	669.611734812351	1.244818	17.885342	0.0814348050021979	0.052821799671556	0.0727469069	0.1444044548	-0.1035426697	0.0772592756	-0.1007563531	0.1355148651	-0.0777814605	0.0252079051	-0.1267275041	-0.0145879351	0.1116063728	0.0745145124	-0.1185517291	0.0426196643	-0.0137180153	-0.0944748755	0.1137544727	-0.0368807002	0.0157942623	-0.0737932713	-0.0177215374	-0.0596450873	-0.1305596691	0.0677950426	0.0654506173	-0.0329044529	0.1762425692	0.0519988916	-0.0558507979	0.1654845505	0.1381895604	0.031391102	0.0652422546	-0.0008626795	-0.0962555061	0.0604813161	0.0313021887	0.0251988777	0.228467852	-0.092990878	-0.0529138385	-0.0104389864	-0.1399422195	0.0171999178	-0.0767586686	-0.0651539119	-0.1398319183	-0.0627794035	-0.0039575978	0.0085491846	-0.0752305518	0.0164453069	0.0437590616	0.1113923994	-0.0104532979	0.0500718413	-0.0235093478	0.0042916139	-0.0421519033	0.0456947506	-0.1572404872	-0.1278188964	-0.218348882	-0.0685056847	0.0545254854	-0.1033624078	-0.0233018711	-0.0053129236	0.0945113644	-0.0175275199	-0.1256663407	0.1146144155	0.0105709992	-0.0679158393	-0.0812020953	0.1024078496	-0.1204204293	0.1190340853	-0.0707436305	-0.0545750607	0.0415374092	-0.0238790537	-0.0293834387	0.0396525759	0.0899815354	-0.0508885443	-0.0550957165	0.007131273	-0.012212632	-0.0181175177	-0.0745900691	0.012590858	0.0414976565	-0.1024214758	-0.1073422654	0.0331770251623311	-5.163981087719788e-05	2.6666700674327643e-09	0.0011007149986219	0.0457484864978852	0.0468458481484077	0.0020929240168471	0.0021945334887436	0.0336825961861677	0.0133395160867735	0.0001779426894292	0.0011345172858404	-7.298367935818817e-05	-0.0003209872669844	1.030328255661711e-07	5.326617452658822e-09	0.00024700451523	8.383343299991994e-09	7.028044488552065e-17	6.10112305440073e-08	-0.000131990954063	-0.000102960368795	1.060083754240291e-08	1.7421611954460982e-08	0.0	0.0	0.0	0.0	0.0
870.9751704474253	-0.7943709507839003	758597.7475359215	0.6310252074493178	974.7379659296392	-3.6527807214757786	13.34280699918511	950114.1022246506	809.3556790819355	-0.1904612308791229	0.0362754804679905	655056.6152621809	811.6050097250446	663.2416903452945	1.259427	18.095236	0.0989113512799471	0.0571155317645261	0.0181272591	0.0416520065	0.1358511179	0.0533101035	-0.1067966751	0.0533360477	-0.0469731097	-0.142842799	-0.0211439158	-0.0425499262	-0.0128623381	-0.1522116692	-0.0589731607	0.0579484718	-0.0725983016	0.0898856389	0.0251836041	0.0971396589	-0.0014932361	0.0112015845	0.0661671473	0.0692205619	-0.1803588301	-0.1934670443	0.1701761349	-0.1553161796	0.1321928881	-0.1983173222	0.0891120441	-0.0387634136	0.0404980342	0.0439688886	-0.067751632	-0.0793198872	-0.1203807596	-0.1126209235	-0.0388262964	0.1136782098	0.0795685936	-0.1502121111	0.0299020248	0.0664573782	-0.0526585367	0.0972840269	0.0754315587	0.0061381402	-0.0782933547	0.0475841702	-0.0103624263	0.0854200828	0.0860240053	-0.0168654011	0.0856198837	0.1286184246	0.0857939157	0.02611611	-0.2722810998	0.2173098373	-0.0620074004	0.1540950275	-0.0189183832	-0.154512038	0.0908540178	0.0446685701	0.0425457801	-0.1021917088	0.1633755848	0.0207863092	0.1214154425	-0.0472755818	0.0005133106	0.0289544751	-0.1174560854	-0.0856012075	0.071725465	0.0187248295	0.0008100825	0.0413450592	0.0900842786	-0.0177937756	0.0836369531	0.0692688915	-0.1728550891	0.0510424937	0.0994233493	-0.0519301153	-0.1536536691	-0.0763121718	-0.0127222886	0.2302474497	0.0662686547	-0.2270777808	0.0382833527	-0.1063942335	-0.1013839798	0.0286035846422407	-0.0045734405200903	2.0916358190804743e-05	0.0008181650543858	-0.0053595514025204	-0.0511080379004056	2.8724791236258392e-05	0.0026120315380292	0.0511320011743094	0.0174494049881416	0.0003044817344401	0.0026144815440895	0.0002580392115794	0.0003310228909375	1.095761543246784e-07	6.658423471251837e-08	0.0002469591593088	-4.535592120001424e-08	2.0571595879019007e-15	6.098882636650926e-08	-0.0003165320646304	-0.0001845411105674	3.4055421489449354e-08	1.0019254793918373e-07	0.0	0.0	0.0	0.0	0.0
871.7485461356722	0.7733756882469152	759945.5276896582	0.5981099551713898	973.5325905516908	-1.205375377948485	1.4529298017644532	947765.704866286	808.9470217835669	-0.4086572983685528	0.1670007875098844	654395.2840525027	812.0014103617843	656.7748599695088	1.220245	17.532276	0.1184644992346384	0.0626266192861123	0.040013011	-0.0768035571	-0.0497764885	0.1281082168	0.0924248012	-0.0460658794	0.0734567201	-0.0884293897	0.0463011313	-0.0746799798	-0.0463330863	0.1258608459	0.0739820771	0.1011223172	0.0382290209	-0.0928629608	-0.0454786471	0.0280751256	-0.1284661884	0.0781509751	0.1531772032	0.1308630286	0.0073783145	-0.074898317	0.1547135995	-0.0888373302	0.0584145853	-0.1674885127	-0.0866078179	-0.1212232788	-0.0457893763	0.2970152121	0.0306075823	-0.0142645307	0.0951778622	-0.1996607701	0.0572281999	-0.1559513719	0.0141398832	-0.1157787461	0.0813851396	-0.0799687776	0.0480229172	0.1013684861	-0.108726339	-0.0283545085	0.0944910775	-0.0530465488	0.0219829308	-0.1712913953	0.0714048995	0.036705734	0.0293988414	0.0727756119	-0.015308586	0.0389491818	-0.0691782771	0.1448237605	-0.0929494812	-0.0539014871	-0.1753086728	-0.0161725424	0.2051281458	0.0818477605	-0.0497550035	0.0964813599	0.2693926061	-0.1836177628	0.0934043152	0.0735616063	0.009501067	0.1063481468	0.0581722866	0.1120574365	0.0594542193	0.0750508113	0.1682507888	0.0030196053	-0.0766660207	-0.0900901302	-0.0226314034	-0.1629860355	-0.0883379914	0.0298690361	0.0986310758	-0.0271334263	-0.0354670689	-0.0049010788	0.1865751734	0.0647723011	0.2106475805	-0.2346764309	0.0350428114	-0.1100753719	-0.0948006283	0.0332321736379981	0.0046285889957574	2.1423836091646524e-05	0.001104377364706	0.0298916198396739	0.0352511712421943	0.0008935089366395	0.0012426450739465	0.0014279115057007	-0.0497040896686086	0.002470496529785	2.0389312681124407e-06	-3.19964072594481e-05	-0.0002900356188388	8.41206601952336e-08	1.023770077512463e-09	0.0002470005229626	4.136365380004751e-08	1.7109518556901848e-15	6.10092583437979e-08	-2.899606056148728e-05	0.0002875360040689	8.26769536359178e-08	8.40771528085438e-10	0.0	0.0	0.0	0.0	0.0
873.0379054951133	1.2893593594410504	762195.1844312943	1.6624475577782358	979.0789269248208	5.546336373130089	30.761847163905827	958595.5451482588	809.5898807215757	0.6428589380087715	0.4132676141777655	655435.7749667752	811.9258433545053	661.0588093311735	1.234465	17.736584	0.0301835738537772	0.0209483351517156	0.0433786329	0.113982902	-0.0585692046	-0.0679547155	0.0307501694	0.0531313149	-0.1302965551	-0.0219745568	0.0450569871	-0.0156952227	-0.1140620868	0.0558618903	-0.032932834	-0.0140850748	-0.0222422665	-0.0329447309	-0.1870388462	0.1808833967	-0.0425188773	0.056130918	-0.0548235386	0.0162206188	0.2218545994	0.0418914795	0.0674276635	0.0152633307	0.1285418706	0.0136235368	-0.2017417255	-0.0974437386	0.0192681925	0.0209545809	-0.0513099621	-0.0634092371	0.0164803825	-0.0568123907	-0.0433125124	0.0745980121	-0.0927634386	0.0091442325	0.0565363876	0.2854193919	-0.0694520317	-0.0210619023	0.0026618781	-0.0431522226	0.1233142691	0.1122671931	-0.1647135674	-0.1142698857	-0.0991082243	-0.0166367559	-0.141491639	0.0392112815	-0.1327840273	0.154128509	-0.0117265808	-0.0533273753	-0.1011957447	0.062939339	-0.0325165736	0.0479583103	0.1209871814	0.0921970273	-0.0370810607	-0.0339284713	0.0355915756	-0.0388341832	0.0498671925	0.0693384595	0.0849730853	0.0725627917	0.0412754648	-0.1453463329	0.0212503386	0.0654079091	-0.0327502668	-0.1152003188	-0.1599524193	0.0160466405	-0.0959527812	0.0280407051	-0.0300161512	0.1081310125	-0.1316091673	0.1144487835	-0.1237769666	0.0498234787	0.0091020528	-0.0789161423	0.0435044985	-0.0850721144	0.0317782535	-0.1134548014	-0.0876327994	0.0268067553585353	-0.0064254182794628	4.128600006605472e-05	0.0007186021328523	0.0103682182531343	-0.0195234015865396	0.0001074999497446	0.0003811632095092	0.0013937298212454	-3.4181684455300045e-05	1.1683875522017004e-09	1.942482814628735e-06	-0.0001159961127322	-8.39997054727519e-05	7.055950519509067e-09	1.3455098168981252e-08	0.0002470019167102	1.3937475999703521e-09	1.942532372423116e-18	6.100994685851259e-08	-2.898571371544897e-05	1.0346846038311754e-08	1.0705722294052763e-16	8.401715995939664e-10	0.0	0.0	0.0	0.0	0.0
872.75637732763	-0.2815281674832022	761703.6941660485	0.0792581090864499	976.6947849818638	-2.384141942957058	5.684132804167055	953932.7030107692	809.1455713694169	-0.4443093521588253	0.197410800415795	654716.55566674	811.5696247440143	662.1860623764318	1.256765	18.056995	0.1449457852313396	0.0615311396828821	0.0502199971	-0.1221168067	0.0968570329	-0.0554466635	-0.1338299322	0.0285963514	0.0610260428	-0.0652149845	0.0802899981	0.0079411599	-0.0220126619	-0.0359298137	0.1360152329	0.0711674017	0.0952558794	0.0554503726	-0.0614264659	0.0851354032	0.0425816044	-0.1005370421	-0.1609130146	-0.0597623317	0.0466762006	0.0201224851	0.090260418	0.1085570213	0.0321369047	-0.0770742476	0.0852595442	0.1496841202	-0.1345465177	-0.0695720779	0.098558702	-0.0097009649	0.1148411265	0.0169957851	-0.0645976375	0.1572813634	-0.2239626925	0.0161787485	-0.15415123	0.0381743747	0.1411817797	0.0644968067	-0.047390929	0.0213043056	-0.0331304942	0.1153005202	-0.1585642566	-0.0106336493	-0.1329051709	-0.0103188512	-0.0568074161	-0.0192607823	0.1325087018	-0.121987452	-0.0165619778	-0.1110312879	0.0111013997	0.0018632971	0.001505482	-0.0761441406	-0.1057119154	0.0585647393	0.0860806803	0.0715923327	-0.2620657765	-0.0574542756	0.000753269	0.0015558456	0.1363666069	0.101569481	-0.2063812182	0.0155563351	0.0336676932	0.0024498355	-0.1130946082	0.0979631186	-0.1065711951	-0.0015735704	0.1127987163	0.1405800829	0.1324109159	0.0646439891	-0.2249106586	0.0348241496	-0.1196764131	0.1576469721	-0.0364126211	-0.205026259	0.1351296719	-0.0464358935	0.0284919163	-0.1165232592	-0.0799246852	0.0163605728440785	-0.0104461825144568	0.0001091227291253	0.0002676683437863	0.0440135469703193	0.0336453287171849	0.0019371923169085	0.0011320081444874	0.0432987868086058	0.0419050569873604	0.0017560338011139	0.001874784939097	0.0003700201316615	0.0004860162443936	2.362117898145567e-07	1.369148978347938e-07	-0.0001569515433275	-0.0004039534600376	1.631783978764297e-07	2.4633786952884112e-08	0.0002600289220999	0.0002890146358153	8.35294597154788e-08	6.761504032843586e-08	0.0	0.0	0.0	0.0	0.0
873.4204721341043	0.6640948064742815	762863.3211429617	0.4410219119861134	975.4464800908016	-1.248304891062162	1.558265101049716	951495.8355215348	809.5697103975867	0.4241390281698614	0.1798939152168744	655403.1159932325	812.1521469075083	658.9095394369369	1.201704	17.265881	0.0723660274563685	0.0417981125785227	0.055223804	-0.1226100855	-0.0895640956	-0.1211181154	0.0920029952	0.0518234597	0.143391153	0.0771486264	0.0261617292	0.0454644985	-0.0504913267	0.0982668101	0.0608685285	-0.0455190178	0.1482835972	-0.0765966798	-0.0194810408	-0.1376431627	0.0266500514	-0.0713527392	-0.0090763865	0.0076662013	0.1272492818	-0.0169873712	-0.1189303913	0.0303436515	0.0352140385	-0.0563881779	-0.1231014932	0.1260255841	-0.0994523793	-0.0053325872	0.0806105781	-0.0995526527	-0.1324346957	0.0616966953	-0.0113245126	0.118027065	-0.1158408932	-0.0792840904	-0.0497297461	-0.0286726238	0.0896075473	-0.0711815775	-0.1376745395	0.0520313566	0.094231681	-0.0702589283	0.014239061	0.037588164	-0.0448082158	0.0790972845	-0.0389966951	-0.1376868454	-0.0286435575	-0.0502463041	-0.0176212882	-0.1610248711	-0.0673006531	0.0132021851	-0.1875598898	0.0817305842	-0.1489964998	0.0896261786	-0.1252011001	-0.0229552867	-0.0380173028	-0.0535050874	-0.1055768705	0.0914323819	0.102192135	0.1616029997	0.0656619591	0.0392624028	0.0059537218	-0.0315781686	0.09073751	0.0608119319	-0.140680021	-0.0925956896	0.2006987566	-0.1265516358	-0.01478286	0.0232308547	-0.1092274842	-0.0528463849	-0.0528295373	0.1206540221	0.0693095404	-0.1563758992	0.1212196781	0.0433767175	0.0251860523	-0.1192723348	-0.0717238087	0.0332509865399259	0.0168904136958474	0.0002852860748168	0.0011056281058783	0.0447590670809603	0.000745520110641	0.0020033740859579	5.558002353701731e-07	0.0069177692483037	-0.0363810175603021	0.001323578438723	4.785553137277634e-05	0.0003699990492307	-2.1082430799984186e-08	4.444688884361218e-16	1.3689929643162197e-07	-7.900536401894698e-05	7.794617930855302e-05	6.0756068688010995e-09	6.241847543766321e-09	-2.898533795230818e-05	-0.0002890142600522	8.352924251352542e-08	8.40149816209517e-10	0.0	0.0	0.0	0.0	0.0
873.4509255570437	0.0304534229393311	762916.5193564562	0.0009274109687217	981.9735071790088	6.5270270882072055	42.60208261019063	964271.9688014428	810.7580229174189	1.1883125198321522	1.4120866447898393	657328.571724962	812.9501204306439	663.8552604522959	1.295235	18.609715	0.0507520157939745	0.0329978086416136	0.0549753139	0.1112703783	-0.0725708313	-0.1846931525	-0.0392163949	0.1122463518	-0.1561413085	0.176085889	0.0309085636	0.1249234884	0.0482818713	0.0848077427	-0.137009771	-0.1556489482	-0.0007726493	-0.0343922853	0.0190050516	-0.0773424604	-0.1097322493	-0.0485441341	0.034625778	-0.0146825978	-0.0251693597	0.051133594	-0.057899535	0.0333586105	0.1139644953	-0.038388363	0.0476937899	0.0928913466	-0.0787055751	0.1348171407	0.1287449812	0.0688800056	-0.1165788532	-0.064955816	-0.1242615106	0.0046631389	-0.0738165645	-0.00906195	-0.039689759	0.0815768434	-0.1352547225	-0.1787065306	-0.0024611264	0.0615678786	-0.0217031096	-0.0975667857	-0.0448058736	-0.0927131492	-0.1220625522	0.0685206042	-0.0172647352	0.0172310318	-0.0130315064	-0.1522759256	0.0965935016	-0.0250485147	-0.0473873865	-0.0598329652	0.0227278083	-0.1090421655	-0.1108578699	-0.0413826098	0.1171935795	0.0453208965	0.011440701	-0.0691176407	-0.1219533864	0.0631676098	-0.0157612231	0.0186358381	0.0549397579	-0.1242170591	0.0767538264	0.0982144853	-0.0976931886	0.0306760339	-0.233798826	0.0302563503	0.006701813	-0.1230802281	0.0486416897	-0.009474466	-0.0045386049	-0.0507946134	-0.0978103679	-0.1164379201	0.0722114569	-0.0911868385	-0.0197204845	0.0405603258	0.0218629269	-0.1216944932	-0.063080731	0.0332238716797093	-2.7114860216601037e-05	7.352156445658133e-10	0.0011038256493897	0.0167465696484185	-0.0280124974325418	0.0002804475949893	0.0007847000124081	0.0069814649898063	6.369574150259967e-05	4.057147485565998e-09	4.874085340389109e-05	0.0003699878501625	-1.1199068200031493e-08	1.2541912854895661e-16	1.3689100926786854e-07	0.0002470178490003	0.0003260232130192	1.062911354273933e-07	6.101781772473503e-08	9.795440515451544e-05	0.0001269397431068	1.6113698380026375e-08	9.59506548917496e-09	0.0	0.0	0.0	0.0	0.0
871.0251341119023	-2.4257914451413853	758684.7842546573	5.884464135321131	982.2018207927326	0.2283136137237988	0.05212710621162	964720.4167685593	809.7048863857066	-1.0531365317123118	1.109096554427037	655622.00303689	812.8610105557369	671.0784538383293	1.173759	16.86438	0.096818473648876	0.0545715095774952	-0.0355528031	-0.009885622	0.1146138086	-0.1350510643	-0.1256136747	-0.0518517608	-0.0909178014	0.0856761208	-0.0133204385	0.1951321817	0.2159043014	-0.1332676705	-0.0647747207	-0.1680897491	-0.0621609167	0.1589292143	0.1368481599	-0.0616612474	-0.092419262	-0.0595825165	0.1004280974	0.1144438002	-0.1040877882	0.0239529443	0.0359181062	-0.0466651269	0.0815977529	0.0734187142	-0.0242910548	-0.0875239965	0.0605851374	-0.0068803191	0.119556189	-0.0166348255	0.0429226075	0.0229119188	0.0181695617	0.0435533375	0.0092681648	0.101918326	-0.0045608838	0.020821111	-0.0163899414	-0.0993330855	0.1533026403	0.1485529285	-0.1937422398	-0.1499741138	0.0172906811	-0.0179845747	-0.0244470222	0.021229578	0.0449869614	0.0555063633	-0.0140844324	0.0797081835	0.0161334819	0.1289281907	-0.1229600937	0.0076076219	-0.0028155642	-0.0984870464	-0.028119118	-0.0415203754	0.0524427024	0.0174890922	0.0395472108	0.0615505814	-0.1407047069	-0.0313490098	-0.0526993282	-0.0852380224	-0.0780200972	-0.0478537106	0.1422068641	0.1396420206	-0.0188862439	0.1954677991	-0.0339153423	0.034086208	-0.0239110057	-0.0233167081	-0.0068368744	-0.0231956153	-0.0181421263	0.0083368143	-0.1035819203	-0.1022527571	-0.0015640049	-0.0361569324	-0.1285951176	0.1406573896	0.0185248178	-0.1237830955	-0.0540487397	0.0333401105111761	0.0001162388314668	1.3511465940767786e-08	0.0011115629688974	-0.0222285644838677	-0.0389751341322862	0.0004941090790134	0.0015190610806297	0.0303122328095213	0.023330767819715	0.0005443247270574	0.0009188314578986	0.0003699952380207	7.387858200040304e-09	5.458044878390277e-17	1.3689647615799445e-07	-0.0003140051104015	-0.0005610229594018	3.147467609759537e-07	9.859920935825822e-08	-2.894190489364571e-05	-0.0001268963100481	1.6102673503839043e-08	8.376338588728335e-10	0.0	0.0	0.0	0.0	0.0
868.4374314566488	-2.587702655253452	754183.5723550216	6.696205032005764	972.23631471068	-9.965506082052684	99.31131147142904	945243.4516422044	808.1703917773164	-1.534494608390219	2.3546737031786504	653139.382145501	811.0958489403463	660.2698064128095	1.272234	18.279243	0.1110316820540645	0.0624012146001262	-0.0930444445	-0.0216003928	-0.0825345094	0.091635523	0.0314698619	-0.0909467178	0.1152617136	0.0655259282	-0.1454750305	-0.0028035006	0.147180536	0.0719147487	0.0510812027	-0.0261748762	-0.1093975945	-0.0759942842	0.0843367265	-0.2004244778	-0.0964927781	-0.0340374016	0.1720178443	-0.0369650066	0.0123062394	0.0339510474	0.0310549919	-0.2309318461	-0.1961403324	-0.0460333231	0.0624801404	-0.0316996499	-0.0684324246	-0.0171187304	-0.0199761593	0.0119221949	0.2450439406	0.0459552154	-0.0699841896	-0.0639306169	-0.0131131989	-0.0827345031	-0.0415867643	0.0806909923	0.0499950788	-0.0315754444	0.0237745053	-0.0800850947	-0.002858097	-0.2263508191	0.1822118107	0.026021149	0.0846737643	0.0713851686	0.0549308906	0.0324717618	-0.0197167983	0.0370751978	-0.1359933362	-0.0553616083	0.0699824466	0.033064433	0.19915337	0.0143588165	0.1102237394	0.1081004308	0.1089243573	0.0491692165	-0.1508775431	-0.094654231	-0.0330844419	-0.1051890791	-0.136405182	0.00198937	0.0715198935	0.0480251809	-0.0624827329	0.0321034939	0.1406091537	0.2072141025	-0.0001093461	0.0632372183	-0.0501371139	0.0815142586	-0.0396056792	-0.0446023428	0.0852394368	-0.0613581749	-0.0006997078	0.0511624319	-0.0175157577	-0.0418299623	0.040810961	-0.0269792002	0.0151740128	-0.1255324169	-0.0446835199	0.0331802556778626	-0.0001598548333135	2.5553567733687663e-08	0.0011009293668483	0.0310628871287832	0.0532914516126509	0.0009649029567755	0.0028399788149835	0.0443482217222879	0.0140359889127666	0.0001970089847593	0.0019667647699292	0.000595993273098	0.0002259980350773	5.107511185880052e-08	3.552079815780672e-07	0.0002470162893157	0.0005610213997172	3.147450109406463e-07	6.10170471872976e-08	5.492639421852556e-05	8.386829911217127e-05	7.033891595968629e-09	3.016908781848878e-09	0.0	0.0	0.0	0.0	0.0
867.7889433123133	-0.648488144335488	753057.6501351014	0.4205368733436846	976.8615077930492	4.625193082369265	21.3924110491965	954258.4054077097	808.7584971366476	0.5881053593312799	0.3458679136741739	654090.3066907289	811.0668467121518	660.6530410208044	1.298977	18.663479	0.1057277322372362	0.0535439370755555	-0.1446914526	0.1890692848	0.0627461254	0.0568711283	0.0884040841	-0.1725119863	-0.1694761338	-0.0460576517	-0.0435319635	-0.0775611684	-0.0311550049	0.0318076249	-0.1154998756	0.0599173488	-0.2412467986	0.002633591	-0.0767610481	-0.0568253664	-0.0323708374	0.0546966743	0.0053388742	0.0215882932	0.1101818756	-0.0145896091	-0.1623381015	-0.0312978222	0.0583568384	-0.004957466	-0.046424318	-0.0575378005	-0.0097644395	-0.016394565	-0.0259444598	0.0216191608	0.1762882565	0.0345397493	-0.0609052716	-0.0951996593	-0.0315998129	-0.0513792593	-0.0781417595	0.0115859694	-0.138993132	0.1259149901	0.1844060135	-0.0971995149	0.1203433614	-0.0562055866	0.0882336422	0.0105146331	0.0628976437	0.041432484	-0.0326846761	-0.0385752658	-0.0950247542	0.0445820438	-0.0107716849	-0.1005817037	-0.1179161844	-0.0731967294	0.108985507	0.1112327906	0.085351207	0.1228422811	-0.0009661315	0.0005895936	0.0044633647	-0.0155000507	0.10754703	-0.1436266552	-0.0395856151	-0.1444424495	0.0805086172	-0.0927803389	0.030283631	-0.1351675576	0.0620881912	0.0264652133	-0.0393751205	0.0187920113	0.0181114122	0.0866701883	-0.0813868338	-0.1291962364	0.0654788732	-0.0377286468	0.0350373589	-0.0865614198	-0.1179417164	-0.1316329111	0.1112704861	0.1387222891	0.0118128082	-0.1269376627	-0.0350428114	0.033264862051439	8.460637357639994e-05	7.158238449749346e-09	0.0011065510473012	-0.0104373848318175	-0.0415002719606007	0.0001089390021274	0.0017222725728038	0.0689958805042039	0.0246476587819159	0.0006075070834297	0.0047604315265503	0.000931998333132	0.000336005060034	1.1289940036845197e-07	8.686208929608265e-07	-0.0001230134759557	-0.0003700297652714	1.369220271868074e-07	1.5132315266703584e-08	-2.894268289893652e-05	-8.386907711746208e-05	7.034022096534801e-09	8.376788933883924e-10	0.0	0.0	0.0	0.0	0.0
867.945613941219	0.1566706289056583	753329.5887597996	0.0245456859616944	975.7023208953522	-1.1591868976970543	1.3437142637925217	951995.0190005768	807.8485451492609	-0.909951987386762	0.8280126193491181	652619.2718997773	811.1892095053399	650.0777765169319	1.371363	19.703508	0.023012862023385	0.0141509536171459	-0.1315436574	-0.0960983651	0.0714781129	0.1094628495	-0.0166077415	-0.1836586122	0.0423527522	-0.1009600619	-0.0016670629	-0.0263866243	-0.0159334363	0.0464975612	0.1344167352	0.1237599116	-0.0754459762	0.0316341789	-0.061341941	-0.0097743234	0.0754750857	-0.0526692574	-0.0833040149	0.0925551456	0.0937139388	0.0778650553	0.0910879808	-0.0756137481	0.0076785584	0.0283897372	-0.0698000591	0.1236661039	-0.0884592375	-0.0675470632	0.1731268843	0.1176703977	-0.0228681737	-0.010270105	-0.0385980086	-0.0068171661	0.0877354004	-0.0186594971	-0.0050635108	-0.0847209572	0.122708891	0.1346646318	0.0349912996	-0.04851304	0.0464813014	-0.0497142751	-0.0666286564	0.003365171	-0.1594862675	-0.0017590062	0.0423612444	-0.0298799027	-0.1239917354	0.0904476669	-0.0511758007	-0.0687643137	0.0233334365	0.0386634338	0.0213004608	-0.1903614682	0.0097365343	-0.0613499168	-0.1272816295	0.0780489831	-0.1009667289	0.0144883419	0.0710132143	-0.1106156464	0.0810379484	-0.1290541498	-0.0653868387	0.1453317609	0.0287559082	-0.0097547543	-0.0581824931	-0.031889402	-0.1017992224	0.1423789223	0.0663665171	0.0392088307	0.0998259768	-0.1789087542	0.0753524918	-0.1120326509	0.0036543761	-0.0763589143	-0.0567209621	-0.1378032445	0.0683550377	-0.0432839557	0.0084435077	-0.1279949812	-0.0251860523	0.0332940359482307	2.917389679170379e-05	8.511162540129846e-10	0.001108492829722	-0.0225822666413932	-0.0121448818095757	0.0005099587666629	0.0001474981541685	0.074884643606282	0.0058887631020781	3.46775308723965e-05	0.0056077098480398	0.0010259972657109	9.399893257889992e-05	8.835799325972576e-09	1.052670389246243e-06	-0.0001180147442201	4.998731735600005e-06	2.4987318964494635e-11	1.3927479853335628e-08	-2.893948291464595e-05	3.1999842905714472e-09	1.0239899459904046e-17	8.374936713670848e-10	0.0	0.0	0.0	0.0	0.0
868.0038248498785	0.0582109086594755	753430.6399540185	0.0033885098869618	976.1293905488736	0.4270696535214711	0.1823884889589493	952828.5870933154	808.4073418796229	0.5587967303620189	0.3122537858632829	653522.4304048775	811.1925061989344	646.028074851647	1.236134	17.760569	0.0815628292632419	0.0492384620764223	-0.1328978626	0.0370271804	-0.1677171546	-0.0224374101	-0.1345752364	-0.0399482837	-0.0109565576	-0.0032776354	-0.1590604691	0.011388482	-0.0215611265	0.090088768	0.0013959194	0.0299436658	-0.0692374095	-0.1153365273	-0.004104405	-0.1507290202	0.0049359196	-0.1636745648	-0.0624294511	-0.0464043254	0.0739680826	0.0674554897	-0.08361358	0.1251633465	-0.0105817478	0.1329306144	0.0022934262	-0.0290804539	0.0387537614	-0.0087102867	-0.0020737446	-0.0981142257	-0.0533012681	0.0634525896	-0.0362102483	0.0145119415	0.1957213	8.21418e-05	0.0843420538	0.087264009	-0.0334919363	0.0285304649	-0.0388283095	-0.0847893846	0.0264534577	-0.1735343987	-0.0596348713	0.0570929954	-0.0084726765	-0.0278680724	-0.1266912773	-0.1511587995	0.0374976979	0.0492780109	0.0855870804	-0.1086695885	0.1141569804	-0.0455152804	-0.0255790683	0.0527317779	-0.1683899316	-0.040662663	-0.0388132624	-0.0116591114	0.1154132036	0.1104961814	0.0308894232	-0.0726890747	0.1259269469	-0.0568320635	0.1923566234	0.0566307714	-0.0730923756	-0.0505105372	-0.1344756724	0.0629152324	-0.0019251422	0.0126587949	-0.0321382574	0.0498085197	0.0017189236	-0.0269619388	0.0144430482	-0.0609033641	0.0446026601	0.0494848104	-0.0201213079	-0.1452164753	0.0367673804	-0.0399894549	0.0050684204	-0.1287014744	-0.0151740128	0.0333009818424443	6.945894213600257e-06	4.8245446426525527e-11	0.0011089553916708	0.0164441237858028	0.0390263904271959	0.0002704092070828	0.0015230591497759	0.0454584250091585	-0.0294262185971235	0.0008659023409256	0.0020664684043132	0.000896000290565	-0.0001299969751458	1.6899213547083734e-08	8.028165206925644e-07	1.3986989892300628e-05	0.0001320017341124	1.7424457808680908e-08	1.9563588624731992e-10	-2.9006260550523417e-05	-6.677763587746707e-08	4.459252653383577e-15	8.41363151124851e-10	0.0	0.0	0.0	0.0	0.0
868.2951367221052	0.2913118722267427	753936.4444552594	0.08486260690025	975.923775264195	-0.205615284678629	0.0422776452934736	952427.215125919	809.5690651260504	1.1617232464275276	1.349600901290114	655402.0712090672	812.0711950146177	656.6352567180818	1.262227	18.135473	0.0218427768529059	0.0156319417771861	-0.1172573061	0.031233741	0.1263882447	-0.1038415842	0.0709080886	-0.1567577929	-0.0668688812	0.0628719236	0.0879541509	0.0532679516	-0.0765733712	-0.0197214891	-0.0444124588	-0.0935927631	-0.0726509249	0.1894622637	-0.030634582	-0.0561276118	0.0221718989	-0.0459644342	-0.0636332532	0.0202789118	0.0684247339	-0.0831282582	-0.0814101258	0.1546387898	-0.0666111621	-0.0924011092	0.0707321207	0.0201493918	0.1014165046	-0.0002045071	0.1503645527	-0.055515486	0.0345975691	0.0416865253	0.2116158372	0.0500808261	-0.0607774033	0.0082337515	-0.0009603863	0.1139269582	-0.0146073148	-0.0064684235	0.1806082736	0.1304987247	0.0343983431	-0.011573431	-0.0015036174	0.0460426153	-0.0092998761	-0.0354190771	-0.0315384811	-0.1366304612	0.0857203259	-0.0644120223	0.0731459234	0.0337896974	0.0207024527	0.0096378798	0.0730552656	0.0157407981	-0.0257292919	0.1088728744	-0.1661046288	0.0770199958	-0.0129918404	-0.0734584309	-0.0738125921	-0.0566093278	0.0810509764	-0.1010415093	0.0624737082	-0.0351357789	0.1340501098	-0.0947001156	0.0287462994	-0.0780942392	0.0582162397	-0.0177349355	0.0604647457	-0.0068785217	0.0346263025	-0.0370563276	0.131173788	0.0026155698	0.1283784365	-0.0009682537	-0.0705765307	-0.123536078	-0.0023107647	0.0526563122	0.0016898595	-0.1290552057	-0.0050684204	0.0332517276240196	-4.925421842470051e-05	2.4259780326281075e-09	0.0011056773899819	0.0016853845760351	-0.0147587392097677	2.840521169137014e-06	0.0002178203830619	0.0454245002985516	-3.392471060689739e-05	1.1508859897617363e-09	0.0020633852273731	0.0007980008270359	-9.799946352909996e-05	9.603894851991393e-09	6.368053199499805e-07	5.598858122013439e-05	4.2001591327833765e-05	1.7641336740703604e-09	3.1347212270435854e-09	-2.902237997572354e-05	-1.6119425200124445e-08	2.59835868782407e-16	8.422985394552787e-10	0.0	0.0	0.0	0.0	0.0
868.6442412991535	0.3491045770482515	754542.817942182	0.1218740057160385	974.0535188192848	-1.8702564449101828	3.497859169728076	948780.2575242308	808.7343860701019	-0.8346790559485271	0.6966891264391244	654051.3072121846	811.219258489206	644.3219592559358	1.173774	16.864592	0.0306666738738038	0.0273368334425681	-0.0882617663	-0.1294304095	-0.01685816	-0.0445358244	0.146272186	-0.0733822014	0.1176952836	0.1508733125	-0.0031129103	-0.0263433805	-0.0259787999	-0.0713363227	0.0916111847	-0.0983971677	0.0420532002	-0.0217301723	-0.0159790544	-0.0529201818	0.0064562977	0.091270072	-0.1160571446	-0.0069032643	0.0484921975	0.0547156746	0.1223000896	-0.150678348	0.0878656718	-0.0974736927	0.0608165222	-0.1493920066	0.0834185091	-0.0536693608	0.1107304951	-0.0171301727	0.0118118377	0.0421163018	0.1257271703	-0.0625026605	-0.0816133248	0.0323653652	-0.1343991367	0.021838113	0.1037728651	-0.1246472216	0.0086868265	-0.0133231312	0.0642327301	0.0021033317	0.0705979795	0.0144833521	-0.0600359544	-0.0677511574	-0.0244582973	0.0873511734	-0.08532291	-0.056518174	-0.1574967538	0.0365816661	0.0683158919	0.0153712132	0.0959936668	-0.008406391	0.0108683407	-0.0004965555	-0.0669131593	0.0668721855	0.0980982952	0.0147902643	-0.1554484325	-0.0827836593	-0.0004318892	-0.0426244997	-0.0157052447	0.1132679369	-0.04379009	-0.0854893803	0.0197339444	-0.0775783749	-0.0961082734	0.0309225455	-0.0335965754	0.0995992294	-0.0044452364	-0.1107704945	0.0270171584	-0.07491992	0.0167531865	-0.1252072668	-0.1380582974	0.1077658527	-0.0653483254	-0.0429264648	-0.0016898595	-0.1290552057	0.0050684204	0.0332415174728026	-1.0210151217000809e-05	1.0424718787402305e-10	0.0011049984838946	0.0025935101149201	0.000908125538885	6.726294716192871e-06	8.246919943751717e-07	0.0716727006895894	0.0262482003910378	0.000688968023768	0.0051369760241394	0.0007280011230271	-6.999970400879999e-05	4.899958561319609e-09	5.299856351287188e-07	5.598965835384995e-05	1.0771337155546232e-09	1.1602170411845085e-18	3.1348418425808393e-09	-2.902040526495792e-05	1.9747107656204774e-09	3.899482607857413e-18	8.421839217423973e-10	0.0	0.0	0.0	0.0	0.0
869.5663057961835	0.9220644970300782	756145.5601760218	0.8502029366833311	978.2721869080932	4.218668088808386	17.797160443530196	957016.4716779432	809.1065122460117	0.3721261759097842	0.1384778907972396	654653.3481589054	811.3115401083783	648.5618213393327	1.075149	15.447561	0.0477419699860643	0.0282509487509391	-0.0573421099	0.07802827	-0.1220524135	-0.0106644563	0.0192507412	0.0465603611	-0.0982344927	0.161650534	-0.0896150837	-0.1151832473	-0.0244442309	0.00339507	-0.0440413194	-0.1009674114	-0.0924147987	-0.0776866314	-0.0016590092	0.0966058194	0.0159794928	0.0216904888	0.0226334734	-0.0833266072	-0.0878996444	-0.0782927404	0.0907259718	0.105874689	0.0023134054	-0.0358440242	-0.1241112038	0.0179211366	0.0764008672	0.1157448136	0.0273460695	0.1414438393	0.0942057658	0.0083390086	0.0270465533	-0.0636015855	-0.0625600929	0.0261611394	0.2367552105	0.0589846964	-0.0901129606	-0.1154024636	0.070703533	-0.1328249295	-0.0159319653	0.0399567296	-0.0172969419	-0.0423197929	0.0424863754	-0.0140853161	-0.0220388173	0.0200710929	-0.0355587785	0.0577192544	-0.0169489149	0.0845740934	0.0686631608	-0.1410389258	-0.1049974719	-0.1429914458	0.0586789568	-0.0500408432	-0.0043473194	-0.0703738175	-0.0245499973	-0.0342995178	-0.059583956	-0.0810670537	-0.1249485215	-0.0300729905	0.0558741384	-0.0352543453	-0.0918548789	-0.030082839	-0.146573843	-0.0699113088	-0.1071135833	0.0180317182	0.0438443103	0.0486855576	-0.0712653947	0.0091268064	0.0278561461	-0.0101265567	0.0683128147	-0.0274515706	-0.0317328294	0.0134817807	0.0317193676	0.0244785062	-0.0050684204	-0.1287014744	0.0151740128	0.0414508306685803	0.0082093131957777	6.739282314636991e-05	0.0017181713631153	0.0267787296092194	0.0241852194942992	0.0007171003594836	0.0005849248419874	0.061626527128709	-0.0100461735608804	0.0001009256032153	0.0037978288459455	0.0007569986159454	2.899749291829993e-05	8.408545955468547e-10	5.730469045432512e-07	5.601825525514137e-05	2.8596901291422228e-08	8.177827634713464e-16	3.138044921830173e-09	4.797877961758865e-05	7.699918488254657e-05	5.928874472576588e-09	2.3019632935931404e-09	0.0	0.0	0.0	0.0	0.0
870.3694881202856	0.8031823241020675	757543.045850768	0.6451018457499985	977.9129776587852	-0.3592092493080372	0.1290312847884436	956313.7918734716	808.6655932087191	-0.4409190372925877	0.1944095974470223	653940.0416396095	810.3764681614741	655.1882166489587	1.120691	16.101904	0.069974079429958	0.0409670053791653	0.0056456687	-0.0143479047	0.0854303211	0.084116844	-0.1419617658	0.0078087614	-0.0159429887	-0.0821435818	0.0259829319	-0.0538306804	0.060688988	-0.1369427521	0.0557315023	0.0714535039	-0.0847772871	0.0466291511	0.1005450847	0.0959857302	0.1188206311	0.043335203	0.0592346079	-0.0924340168	-0.1078776183	0.085470953	0.0647105854	0.027760242	-0.1598295945	0.0470583063	-0.062700074	0.039996507	0.0728421831	-0.0364009504	-0.1025670655	0.1612229137	-0.0577149189	-0.0183413729	-0.0536518684	0.121747016	-0.0276598524	0.1540852686	0.0380015973	0.0722125019	0.0417163835	0.0930212427	0.0675133465	-0.0971059548	-0.1503310897	0.1032775066	0.0229427236	0.0535206547	0.0632013053	0.0333335512	0.0794427945	0.0297806574	0.0458480375	0.0001574204	0.0753369506	0.007901182	0.1580303176	0.0196838459	0.0159811106	-0.0825198926	0.0416940906	-0.0828251153	0.1974243815	-0.0040963336	-0.1053849484	-0.0217976172	0.0620579021	-0.0767258881	-0.1159278515	-0.0945722946	-0.1515359569	-0.0085956103	-0.0285496745	-0.0084821577	-0.0912408519	0.0110446684	0.0825297974	-0.0539645216	0.1154543913	0.0864776519	0.0129333567	-0.05134679	0.0088093391	-0.1403642244	0.0967527231	0.0281743367	0.1355494112	0.0282521413	-0.0144047599	0.0391164165	-0.0084435077	-0.1279949812	0.0251860523	0.033188291452447	-0.0082625392161333	6.826955429814077e-05	0.0011014626895325	-0.0094358987823852	-0.0362146283916045	8.90361858314185e-05	0.001311499309542	0.0606585657444469	-0.0009679613842621	9.369492414226096e-07	0.0036794615981733	0.0009640050575263	0.0002070064415809	4.285166685598657e-08	9.29305750936285e-07	0.0002619858202619	0.0002059675650067	4.242263783481336e-08	6.863657001830058e-08	-2.962622255391273e-05	-7.760500217150138e-05	6.022536362038734e-09	8.777130628139674e-10	0.0	0.0	0.0	0.0	0.0
871.4701139191466	1.1006257988609605	759460.1594542502	1.2113771491183274	973.0432468875424	-4.869730771242757	23.71427778438858	946813.1603134508	809.0007795232351	0.3351863145160223	0.1123498654388338	654482.2612692021	811.221555313974	655.5819747467802	1.101838	15.831019	0.0729558701735278	0.0446113854261849	0.0764793891	-0.1008727008	-0.054536848	0.1722123242	0.111802441	0.0498604666	0.1212727832	-0.0634272221	-0.0386111924	-0.1359155259	0.0923166118	-0.0860672634	0.0385553132	0.0676718866	0.0015130306	-0.0870172018	0.1668961032	-0.062626988	0.0143987825	0.1391654408	-0.0218101253	0.0499203811	0.0313791237	0.0673227035	0.0049499082	0.094353619	-0.0888832518	0.1378461535	0.0511048614	-0.2139903704	0.0904113091	0.0305174144	-0.0944768268	-0.0200176238	0.0149617449	-0.0476564304	-0.1632996998	0.0032012194	0.0274202946	0.1370696333	-0.0824692202	-0.1096174032	0.0387580248	0.0365077067	-0.1136429503	-0.1193784465	-0.0775614582	0.0497749047	0.1698224033	0.0404919056	-0.0877026484	-0.0391140717	0.0241057869	0.0219564163	0.0462433229	0.0293563619	0.1660108225	0.1338309755	0.0382899968	0.0067629367	-0.0629813051	0.218686313	0.0256494244	0.0633465299	0.2043772147	0.0732741098	-0.0111461686	0.1512282205	0.0822863115	0.028268825	-0.1012962533	0.0151657635	-0.0445060616	0.1330639236	-0.1199324257	-0.0544667723	0.0653053319	-0.0550702451	-0.0321878519	-0.1349035542	0.0713482544	-0.0260086261	-0.0180229827	-0.0508120261	0.0190588388	-0.0307189958	-0.0121589367	-0.0476293072	0.0006528378	-0.1033931615	-0.0899793594	0.085039067	-0.0118128082	-0.1269376627	0.0350428114	0.033116006848914	-7.22846035330002e-05	5.225063907923025e-09	0.0010966699096173	0.0212820532517952	0.0307179520341804	0.0004529257906122	0.0009435925771742	0.0277451742992127	-0.0329133914452342	0.0010832913364272	0.0007697946968936	0.0008470027023864	-0.0001170023551398	1.3689551108283275e-08	7.174135778498646e-07	0.0001939874417973	-6.799837846460001e-05	4.623779473814979e-09	3.7631127575060864e-08	-2.9582114346807307e-05	4.4108207105424206e-08	1.9455339340549943e-15	8.751014892275826e-10	0.0	0.0	0.0	0.0	0.0
873.2437840474407	1.7736701282941567	762554.7063774933	3.1459057240030104	977.2843836690045	4.241136781462046	17.987241199070244	955084.766563306	810.1035747795212	1.102795256286072	1.216157377287063	656267.8018705592	812.3625371475425	660.0677932891592	1.121779	16.117531	0.0241899399032177	0.0114442944973227	0.1163148334	0.1162089321	-0.1146673509	0.0438835594	-0.0431037375	0.2071326439	-0.072858405	-0.0605024549	-0.0983474492	-0.1046619836	0.0191417472	-0.0095411372	-0.1502587924	0.0393975741	-0.0401157097	-0.1657241951	0.0848338522	0.0375692199	0.0057084303	0.0792324325	-0.0028483276	-0.0207946456	-0.0876917023	-0.0723984073	-0.0656109235	0.1575791708	0.0761051785	0.0369087256	-0.0428012581	-0.1381186735	0.0997736447	0.0419361423	0.0249204452	-0.1380863339	-0.0350226405	0.0190586215	-0.0299296502	-0.1114717022	-0.0526006746	0.0663426046	-0.0212664942	-0.0363934861	-0.1907258289	0.0143871311	-0.105183326	-0.1112205961	-0.0639051727	0.0061124326	0.0486337276	0.0571343712	0.0331042598	-0.0628559531	-0.0526220908	0.1083745681	-0.0161501647	-0.1093120728	0.2226802811	0.1294938377	-0.0808567083	0.0229302697	-0.0434466289	0.0663040567	-0.0118084885	0.0130716832	-0.1203834035	-0.0144899912	0.0547155442	0.025366224	0.1193153421	0.0495607014	-0.0620547989	-0.0054559301	0.0263459124	-0.0695488039	-0.1408683863	-0.0435736931	-0.1173398029	-0.0341597692	-0.0291494177	-0.1574990463	-0.0260224875	0.0447967888	-0.0107856821	0.0236269118	0.0229685781	-0.041802836	0.1489406343	-0.0991178131	-0.1008247752	-0.0383830068	-0.0889858006	0.0694581822	-0.0151740128	-0.1255324169	0.0446835199	0.0377165295324317	0.0046005226835177	2.116480896156093e-05	0.0014225365999707	0.0177346153999167	-0.0035474378518785	0.0003145165833829	1.2584315312940365e-05	0.0248819303568694	-0.0028632439423433	8.198165873365614e-06	0.000619110458284	0.0007570005954451	-9.000210694130005e-05	8.100379253873211e-09	5.73049901504236e-07	2.0989004008598044e-05	-0.0001729984377887	2.992845947733138e-08	4.405382892729448e-10	-2.9007950567244223e-05	5.741637795630842e-07	3.296640457621659e-13	8.414611961116844e-10	0.0	0.0	0.0	0.0	0.0
872.0812302737896	-1.1625537736510978	760525.6721958464	1.351531276630408	978.194326379797	0.9099427107925068	0.8279957369244154	956864.1401616248	810.2591396727148	0.1555648931936275	0.0242004359943447	656519.873423168	812.661145233401	672.1166254763992	1.311663	18.845762	0.0809082726265161	0.0478792488251181	0.0982568472	0.0296023959	0.1485264285	-0.0820962496	-0.0256494235	0.0588923	-0.0486321009	-0.1069947387	0.0689458607	0.104332506	0.0454928101	-0.1122029181	-0.0852838824	-0.0983159715	0.0481043205	0.1103578465	0.0356433874	-0.017470197	0.1943268109	-0.0245828921	0.0648437731	0.0104124803	-0.0618041017	-0.0592475073	-0.0381503815	0.0030785915	-0.0414509723	0.1356449358	-0.0238279254	-0.0704565634	0.0527146339	0.0849976912	-0.0358697955	-0.0363034744	-0.0071677239	0.0111092743	0.0675761093	0.0200273374	-0.0552245416	0.07665485	-0.1959852146	0.0200645759	-0.0581235818	-0.0087064662	0.0500788934	0.1678664975	-0.0372086778	0.0062408636	0.0038108155	0.2355039685	0.1080912762	0.0700953707	0.0673734401	0.0036898107	-0.0283386146	0.0668583353	0.0663159784	0.0822224492	-0.0469360278	0.0475529089	-0.0792953144	0.144383564	-0.0046046538	-0.0369919091	-0.008253148	-0.0408401173	0.0023221674	-0.0746984971	-0.0281444992	0.0705398175	0.0702214977	-0.1216231178	-0.0851741028	-0.0995107191	0.0480071782	-0.1097855987	0.0240018864	0.071233488	0.1311135725	-0.1606841588	-0.0256650825	-0.0364369097	-0.120245746	0.0313378583	0.0955722785	-0.0209153764	0.0731788089	-0.0084041647	-0.0422588273	-0.148554594	-0.0157399819	0.0167685226	-0.0185248178	-0.1237830955	0.0540487397	0.0525904405193102	0.0148739109868785	0.0002212332280455	0.0027657544340151	-0.0260991961716854	-0.0438338115716021	0.0006811680408081	0.0019214030368947	0.013930640719181	-0.0109512896376883	0.0001199307447285	0.0001940627508469	0.0006870044702376	-6.999612520749998e-05	4.899457544064014e-09	4.719751421264454e-07	8.195776942998556e-05	6.096876542138752e-05	3.717190357008178e-09	6.717075969938676e-09	-0.0001230282685453	-9.402031797805578e-05	8.839820192694719e-09	1.5135954861254454e-08	0.0	0.0	0.0	0.0	0.0
870.437394002745	-1.64383627104462	757661.25687829	2.702197686001881	975.389446761582	-2.8048796182149545	7.867349672677669	951384.572853865	809.2758139815985	-0.9833256911163062	0.9669294148093612	654927.3430955788	811.6194486249597	656.0326250047731	1.239549	17.809628	0.0552780290960738	0.0340835955087079	0.034486609	-0.1185728246	-0.0041559832	-0.0459045478	0.1461238758	0.0130938182	0.1115962636	0.0846889924	0.0695688625	0.0224059552	0.0853743784	0.0347940158	0.0659144057	-0.1142222223	0.1189497727	-0.0318177526	0.0440862879	-0.0705780052	0.0415923359	0.0699626453	0.1550828137	-0.0296410695	0.0593533139	0.2036679806	0.1291291326	0.1405484874	0.0330218691	-0.1225797286	0.0233595607	-0.0456480743	0.1011835423	0.0117764489	-0.0905876323	-0.1209368251	0.0105654933	0.0962373066	0.0099323922	-0.1285977712	-0.0772524385	-0.038815374	0.024562188	-0.0625242279	0.0841822909	-0.1281371666	-0.0273591057	0.0413564325	0.0642334927	-0.0052844881	0.10283327	0.0229412929	0.0068354848	0.1188166731	-0.0686199252	0.1214243328	-0.219929271	-0.0762572519	0.0618761096	0.0784704041	0.2047106061	-0.0069867193	-0.0418322686	0.0926882349	0.0357083413	0.0646951262	0.0408528847	-0.1316694056	0.0692146034	-0.0061347096	-0.1242632525	0.095478209	-0.0041402187	-0.0945525537	-0.0274471617	0.1021123314	-0.0649665247	-0.0897722671	0.1034777378	0.0231017659	-0.1052015436	-0.0714242623	-0.0906625045	-0.08818558	-0.0956039253	0.0133447468	0.0421543395	0.0010124486	-0.0897375461	-0.0034042312	-0.0933266145	-0.0002543399	-0.122404196	-0.043783167	-0.0218629269	-0.1216944932	0.063080731	0.0526414069964431	5.0966477132902144e-05	2.597581791338637e-09	0.0027711177305651	0.0021472377970468	0.0282464339687322	4.610630157066394e-06	0.0007978610319499	0.0095997711760276	-0.0043308695431534	1.875643099981374e-05	9.215560663209032e-05	0.0010179996953876	0.00033099522515	1.0955783907209925e-07	1.0363233798092463e-06	0.0001099854685853	2.8027699155314434e-05	7.855519199408134e-10	1.2096803299928013e-08	-2.9056010709508327e-05	9.397225783579169e-05	8.83078524275651e-09	8.442517583510625e-10	0.0	0.0	0.0	0.0	0.0
870.6370685800842	0.1996745773392376	758008.9051857223	0.0398699368356032	977.1224395835792	1.7329928219971862	3.003264121093771	954768.2619377654	809.1326423880099	-0.1431715935885904	0.0204981052106965	654695.6329778031	811.1113493474668	652.8160311084818	1.161091	16.682365	0.0590970127834146	0.0300983281841079	0.0030614705	0.089071309	-0.1038180746	-0.072416128	0.0059355094	0.1190154214	-0.09887746	0.1814143956	0.0005671397	-0.0735828349	0.0049010682	-0.001987813	-0.0214142203	-0.1282444846	-0.0540339734	-0.05940134	-0.0109629798	0.1780523282	0.0246045033	-0.0211016359	0.0730826808	-0.1766181625	0.031047558	0.1417370457	0.0155663588	0.1124140383	0.0295342344	0.0523903387	-0.1273761397	0.0369142771	-0.0748469189	-0.0841699185	-0.038452764	0.0077362071	-0.0613397054	-0.0068030206	0.1759292936	-0.0159543299	0.0196318326	0.0910271049	0.0898658438	-0.048845468	-0.0550737478	-0.1662260153	0.0724124178	-0.104538387	-0.0583918964	0.0843000409	-0.1086231747	-0.0852185478	0.0497935401	0.0671321711	-0.0668048307	0.1112210882	-0.0494772187	-0.0068908048	0.0599004605	-0.0961367955	0.0768404162	-0.0305941503	-0.1520110352	-0.0192037146	-0.0677149516	-0.0811951545	0.0389930959	-0.0536644497	-0.0553616415	0.0790531605	-0.1009835803	0.0253170338	-0.1219217354	-0.0914962568	0.027589722	-0.1010658827	-0.0788381946	0.0036871401	-0.1180399826	-0.0269712631	-0.1020426919	0.0231356275	-0.0495448274	-0.0634592338	-0.1297710672	0.0844342284	0.0271655518	0.1147226324	-0.0037493583	0.0292823354	-0.109091259	0.0608395295	0.1002178521	0.0282622942	-0.0251860523	-0.1192723348	0.0717238087	0.0526663627748433	2.495577840019858e-05	6.22790875559818e-10	0.0027737457679314	-0.0053254296711173	-0.0074726674681641	2.836020118201652e-05	5.584075908975806e-05	0.0227962145973634	0.0131964434213358	0.0001741461189725	0.000519667399969	0.0007510352485263	-0.0002669644468613	7.127001588795993e-08	5.640539445289611e-07	0.0005009478573605	0.0003909623887752	1.528515894368107e-07	2.509487557940759e-07	-0.0001391880973833	-0.0001101320866737	1.2129076515123558e-08	1.9373326453183e-08	0.0	0.0	0.0	0.0	0.0
870.297852345528	-0.339216234556261	757418.3517972385	0.1150676537865283	975.1856194380877	-1.936820145491538	3.751272275981862	950986.9923588468	807.7540504605163	-1.3785919274936305	1.9005157025506032	652466.6060353703	810.1558007088632	660.4696839787996	1.110888	15.961054	0.0520158985302985	0.0259685858248521	0.0317093661	-0.0122345651	0.1137677624	0.077059059	-0.0756918524	-0.0138851883	0.0132354139	-0.0053854519	0.0672311348	-0.031833109	0.1158099629	-0.1228171498	0.1681173634	0.0434173259	-0.091209471	0.0093821662	0.0872069966	0.2007636838	-0.0037518445	0.0325338187	0.1528321788	-0.0788039574	-0.0103319367	0.0035382926	-0.0418590656	-0.0516993847	0.0378353597	0.1056496803	0.1218203261	-0.0812204147	-0.1882541424	-0.0832929805	-0.0530166054	0.0495019378	-0.146774284	0.0762581394	0.0202641842	0.0219615408	0.0497994572	-0.1178784674	-0.0138153099	0.1834379918	0.1533164185	0.0444563234	0.101095048	-0.1249521894	-0.1187237989	0.0898134828	-0.044253027	-0.0855025657	0.0639916011	0.1453110865	-0.0048042273	0.1291803928	0.1401502877	-0.0325583256	0.0012861056	-0.0304141535	-0.0804113492	0.0081212337	0.0588878833	0.1681008784	0.0292478646	-0.1978079519	-0.0421954849	0.0009719277	0.0090285637	0.0352023232	0.0149543339	0.0062645121	-0.1689809212	-0.1006851482	-0.158839008	0.0829453165	0.039425343	0.0080408971	-0.0689477023	0.0480063412	0.0335026826	-0.0054348801	-0.1003676916	-0.0528874466	-0.1043844439	0.1622269947	0.0746403432	0.1278565904	-0.0096534272	0.0111659894	0.0048500766	0.0241893007	0.0837481226	-0.0544953434	-0.0284919163	-0.1165232592	0.0799246852	0.0525320482671958	-0.0001343145076475	1.804038696459137e-08	0.0027596160951469	0.0127480914066495	0.0180735210777668	0.0001625138345122	0.0003266521641484	0.033978587096243	0.0111823724988795	0.0001250454547036	0.0011545443810569	0.0008390038210622	8.796857253589999e-05	7.738469754003898e-09	7.03927411756972e-07	0.000245987579448	-0.0002549602779125	6.500474331321927e-08	6.05098892426861e-08	-2.960313891160721e-05	0.0001095849584716	1.2008863123242632e-08	8.763458334199128e-10	0.0	0.0	0.0	0.0	0.0
870.8086753831772	0.5108230376491747	758307.7491226036	0.2609401757931301	976.7037355192416	1.5181160811539485	2.3046764358582217	953950.1869772406	808.0969033975895	0.3428529370731894	0.1175481364597123	653020.605280773	810.7574348826721	652.8759352482496	1.174169	16.870268	0.0369569176512871	0.0219494183267025	0.0250099387	0.0163610394	-0.1087727248	0.1614436827	-0.0899491791	0.0777395493	0.0659740871	-0.1014987419	-0.1444359664	-0.0599701975	0.040087105	0.0375057946	0.0950082963	0.0478705247	-0.0859630393	-0.1738795922	-0.031510209	0.0937071068	-0.0236040345	0.102044363	-0.0036595238	0.0592284086	0.0271637523	-0.0477646815	0.0075431365	-0.0679241828	-0.0061444592	0.2656797226	-0.0434787058	0.0739693616	-0.0989805956	-0.0846040555	-0.1389014409	-0.107367137	0.0485154238	-0.0233458478	0.1093473564	-0.0460619705	0.1004893995	-0.0325142224	-0.0672838547	-0.1392833817	0.034202839	0.0586810268	-0.0561885175	-0.2262364079	-0.0313397517	0.0035000711	-0.0244129387	-0.0036540229	0.0599459378	0.0050358107	0.0493278823	-0.0495987447	0.1327948911	0.2011319093	0.0652846545	-0.0616173677	-0.0497665597	0.06735748	-0.0488880028	0.1254342	0.0498556685	-0.0606679574	-0.0652544662	-0.0499212814	0.0387752196	-0.0141381069	0.0914267533	0.0443509317	-0.1002559631	-0.1161887131	0.0542696245	0.0549422274	-0.1915659317	-0.094139446	-0.0951851437	0.1513885231	0.1061274788	-0.0176065556	-0.0457132869	-0.0557635241	-0.0081162802	0.0715397558	0.1156686773	0.169557346	0.053022403	-0.0389094284	0.1289318729	0.0860847067	0.0452808897	-0.0385484466	-0.0317782535	-0.1134548014	0.0876327994	0.0625664022234815	0.0100343539562857	0.00010068825932	0.0039145546871904	0.0129680436539842	0.0002199522473347	0.0001681701562116	4.8378991107585175e-08	0.0340723864726157	9.37993763727024e-05	8.798323007907884e-09	0.0011609275199392	0.0011160079112319	0.0002770040901697	7.673126597074336e-08	1.2454736579321886e-06	0.0005009833776197	0.0002549957981717	6.502285708522239e-08	2.5098434465124295e-07	-2.977949199608782e-05	-1.763530844806084e-07	3.11004104058246e-14	8.868181435450583e-10	0.0	0.0	0.0	0.0	0.0
871.0256788116142	0.2170034284370103	758685.7331492333	0.0470904879534166	976.738059117244	0.0343235980024019	0.0011781093798304	954017.2361281208	808.8131401425317	0.7162367449421936	0.5129950748053889	654178.6956672226	810.4937349578227	659.6620563468997	1.181354	16.973494	0.0784157028693136	0.0414666543249821	0.0442817177	0.0711868989	0.1225885426	0.0220569363	0.0169607756	0.021281442	-0.0895065818	-0.1431240803	0.0469747659	-0.0616360989	-0.1151193482	-0.1025443843	0.0083010282	0.0384598996	-0.055206691	0.1121038775	-0.127803444	0.0436452476	0.2179911296	-0.0028497782	0.0935645534	-0.0032153088	0.0018226945	-0.0748139447	-0.0126454825	0.021456277	-0.1356782037	0.0295553858	-0.1035885044	0.0353767683	0.1842197514	0.0861337236	0.0560670417	-0.031525095	-0.1434826128	-0.0590852409	0.0435078636	0.0460745218	0.0012215614	-0.0421538353	-0.177089594	0.0890878695	0.0020638568	0.1112093544	0.1003541958	0.0137737721	0.0847475081	0.1031493069	-0.0537384525	0.1887471426	0.2179669369	0.0656533846	-0.0177834108	-0.0707422535	-0.0081876304	0.0670366356	0.1241227318	0.0346866964	0.0284665914	0.1728122943	-0.0968738711	0.007129118	-0.0019405005	-0.1168208761	0.0267827256	0.0117333429	0.0033234129	-0.1303791794	0.0722260681	0.0602450387	0.0405525601	-0.2401738886	-0.0742670325	-0.0862903655	0.0260234845	-0.2697673262	0.0249262172	0.0160780901	0.0160849527	-0.0010052854	0.1105513916	-0.0280972777	-0.0357994454	-0.0329516887	-0.0785629828	0.0485893064	-0.0129559698	-0.0969811575	0.1488291097	0.1007245452	-0.0860386068	-0.1113618737	-0.0350428114	-0.1100753719	0.0948006283	0.0525169883263458	-0.0100494138971357	0.0001009907196759	0.0027580340628695	-0.0209990045940884	-0.0339670482480726	0.0004409581939425	0.0011537603666868	0.0199301501736073	-0.0141422362990084	0.0002000028475369	0.0003972108859425	0.0012410042551413	0.0001249963439093	1.5624085990716978e-08	1.5400915612788128e-06	0.0002209819961862	-0.0002800013814335	7.840077360466836e-08	4.8833042638437715e-08	-2.9637128837048995e-05	1.4236315903882416e-07	2.0267269051513543e-14	8.78359405703841e-10	0.0	0.0	0.0	0.0	0.0
871.6758059749633	0.6501271633491115	759818.7107221019	0.4226653285243623	973.2531826312726	-3.4848764859714265	12.144364122476558	947221.7575019012	808.861828331186	0.048688188654296	0.0023705397144363	654257.4573312689	811.3145558099327	654.6053419763753	1.341894	19.280115	0.0700714594315572	0.0311269196088928	0.0843527737	-0.1960465961	0.0155397217	0.0168378566	0.0479013232	-0.0241283285	0.1831173978	0.0492949882	0.1711810354	-0.0212063579	-0.0349826016	-0.1036260029	0.1424793566	-0.1004622656	0.072065857	0.0441205108	0.0818174449	0.1021591351	0.0839832896	0.0146215076	-0.0201810093	0.1662932803	-0.0182967383	-0.0589559875	0.0124167778	0.0079662072	-0.0398457001	0.0687667261	-0.0146881862	0.1470884253	-0.0206259007	0.0599749289	-0.0276682734	0.006960314	0.015394744	-0.051115054	-0.1759810563	0.0122222544	0.2526034863	0.080002497	-0.1475947037	0.070854474	0.1650749499	-0.0798216789	-4.06653e-05	0.0056437331	-0.0414067385	0.1291061383	0.0135695731	0.0584149805	0.0272016022	0.0204421349	0.1740840145	-0.1194001285	-0.0825478578	0.061462498	-0.0155151508	0.0312336156	0.0544510847	-0.1180111786	-0.0024978907	-0.0611072601	-0.0383981098	0.0413414844	-0.1270144219	-0.078324814	0.2630754958	-0.0662205141	-0.1265989261	0.1196766882	-0.012076799	-0.1618724085	-0.1315310501	0.1495952923	-0.0926280423	-0.1071213363	-0.0180554856	-0.0281760494	0.0337392667	0.1575543315	0.0740506906	-0.2507670716	-0.028775727	0.0254897363	0.0992520089	0.0641889944	0.1075717662	0.1252956521	0.0795692932	0.0756292371	-0.0445860213	-0.1283391596	-0.0382833527	-0.1063942335	0.1013839798	0.0713200011964119	0.018803012870066	0.0003535532929918	0.0050865425706561	-0.0050219794340051	0.0159770251600833	2.5220277435570183e-05	0.0002552653329659	0.009871832854202	-0.0100583173194053	0.0001011697472978	9.7453083901302e-05	0.0013615351715087	0.0001205309163673	1.4527701800365153e-08	1.853778023255225e-06	0.0005009091648819	0.0002799271686957	7.83592197739909e-08	2.509099914626825e-07	-0.000133841125414	-0.0001042039965769	1.0858472902609218e-08	1.7913446852086077e-08	0.0	0.0	0.0	0.0	0.0
873.6001284241565	1.9243224491932551	763177.1843827028	3.703016888469128	974.5281587537828	1.2749761225102247	1.6255641129712075	949705.132204038	810.0040911078787	1.1422627766927462	1.3047642510178226	656106.6276115007	811.6445632482154	658.0984241783916	1.099992	15.804499	0.1750206820698416	0.1164540963253756	0.1460064288	-0.0628643586	-0.0660040288	0.0627082704	0.032024958	0.1195904341	0.1197384403	0.0680258076	-0.0038523729	-0.0749860397	0.0565993169	-0.1039734438	0.020388766	-0.053465842	0.1333115778	-0.0997875398	0.0637533383	0.0135142201	0.0349062203	0.042693801	-0.1186948438	-0.0037502382	0.0968702042	-0.1084717488	0.1341101988	0.0433894743	-0.2783906369	-0.1049719542	0.0010343085	-0.0092762586	-0.1133132061	-0.1294021023	0.1291222633	0.039620828	-0.0229564049	-0.1041922087	0.0317839939	0.1568581827	0.0210236079	-0.0687988911	-0.0423405141	-0.0249472574	0.0391462936	-0.0985068534	-0.1128155296	-0.0442777045	-0.0920102763	0.1210021697	0.0731369214	0.0598132477	0.0269279125	-0.0295743815	-0.0581247557	-0.1703224348	0.1262251783	0.0279080517	-0.1031888242	-0.0410519853	0.2215840907	0.0006537066	0.054677638	-0.1589624043	-0.0210661823	0.0511476038	-0.0886428317	0.164714639	-0.0082613122	0.0265079392	-0.0296325377	0.1233763824	-0.1752362014	0.1055875297	0.02727879	0.0835481562	-0.0881633013	-0.2034310805	-0.0582087908	0.0492814894	0.0554969471	0.0484465774	0.0913775614	0.0421395276	-0.0309490556	0.0634243628	-0.0828880629	0.1370449642	-0.0599874708	0.1457716622	-0.0059599392	0.031517965	-0.0305804591	0.0923583845	-0.0414976565	-0.1024214758	0.1073422654	0.046323798887272	-0.0249962023091398	0.0006248101298794	0.0021458943433484	0.1001299086794347	0.1051518881134398	0.0100259986121519	0.0110569195738213	0.0097396580717799	-0.000132174782422	1.7470173108329438e-08	9.486093935518735e-05	0.0005710071176111	-0.0007905280538975	6.249346039991266e-07	3.260491283625366e-07	0.0005009913218405	8.215695859997013e-08	6.749765846397206e-15	2.5099230455949146e-07	-2.964299897340462e-05	0.0001041981264405	1.0857249553730304e-08	8.787073881372672e-10	0.0	0.0	0.0	0.0	0.0
875.8278265594383	2.2276981352817984	767074.3817758296	4.962638981938002	980.7061744522264	6.1780156984435735	38.16787797021524	961784.6006087208	811.3408591647108	1.3367680568320566	1.7869488377665523	658273.989750131	813.7427549953409	672.2410578672184	1.385202	19.902355	0.2732996756286718	0.1378766842843895	0.2187459559	0.0187148015	-0.0741590607	0.176304942	-0.0244938037	0.059826677	-0.0091944884	-0.1962074183	0.1167184536	0.0268668244	0.0939289482	0.1748568157	-0.0926248734	0.1445421643	0.2668421001	-0.1105883597	0.0241244981	-0.1426911562	0.1198215915	-0.0409545232	0.205513789	0.0298588838	0.0782441685	-0.2659712446	0.1011082591	0.2285726714	-0.0420242103	-0.1863504232	0.0155146198	0.0186031548	-0.2309538821	-0.0749145686	0.034403913	0.002128497	0.0965985602	0.1109192641	-0.1383783305	-0.0763400868	0.1529375172	-0.0379955047	0.1733443046	0.0101789693	-0.0472941185	0.0745154357	-0.2632823955	0.1553395791	0.034232296	0.0264056777	0.0533490461	-0.0497962	0.0573344638	0.2751396517	-0.2755026404	-0.1949820409	0.0889349071	0.0732868814	-0.0083567522	0.1738374734	0.1179921152	-0.151037251	0.0469013265	-0.1588679823	0.125773356	0.1739531537	-0.1038883839	0.1036435178	-0.1574439695	0.0663335738	0.1923176569	0.2979223743	0.011667486	0.0796258623	0.1729758271	0.0449055484	-0.0011340009	0.2260462634	0.0819246567	-0.1352011903	0.2604302231	0.229776192	0.3869398976	0.1469273093	-0.1811819849	-0.0180834695	0.0555517151	0.2701046628	-0.1332429985	0.048069911	-0.1359164195	-0.0949932008	0.0052107332	0.0543965132	-0.0446835199	-0.098167988	0.1126387502	0.0224828979726936	-0.0238409009145783	0.0005683885564187	0.0005054807012505	0.0009802888333183	-0.0991496198461164	9.609661967285536e-07	0.0098306471156294	-0.0799573736892824	-0.0896970317610622	0.008045557506745	0.0063931816072875	-0.0003059191990351	-0.0008769263166462	7.689997648266715e-07	9.358655633827713e-08	0.0005930415070236	9.205018518309996e-05	8.473236592242996e-09	3.5169822905282255e-07	-0.0002729089592824	-0.0002432659603089	5.9178327445057736e-08	7.447930005660269e-08	0.0	0.0	0.0	0.0	0.0
875.6833353250408	-0.144491234397492	766821.303765988	0.0208777168177109	978.5769590859884	-2.129215366237986	4.533558075823961	957612.8648539804	811.675287155878	0.3344279911672174	0.1118420812761404	658816.771779577	813.7855414898676	671.3109730928393	1.172191	16.841848	0.1056301125818262	0.0641869502392412	0.1977005503	0.0504313622	-0.0852351907	-0.0037910455	-0.0853505497	0.1274867479	0.0625612145	-0.009266793	0.1892864975	0.0331928426	0.0469384629	0.2897454639	-0.1193718146	0.0371507535	0.1961580193	-0.1106220831	-0.0103231936	0.042004984	-0.0331972321	-0.0886246086	0.2666446806	0.1553187201	-0.0287230089	-0.2253158173	-0.1786166418	-0.205795941	0.0152592287	0.0167417406	-0.0188161889	0.1303573171	0.067212911	-0.0301509196	-0.0008235275	0.2169292473	0.1236506253	0.1430068182	-0.0008540656	-0.0082669357	-0.1307475879	0.041997958	-0.0267984491	-0.0259322212	-0.0886045632	-0.019050195	-0.2053845991	0.1116798236	0.0330241327	-0.0451890125	0.0005071722	-0.1517012725	0.2445801298	0.2367755822	0.1203582697	-0.0893760153	0.0380537078	-0.0334626707	-0.0825281087	0.1034754065	-0.1918826033	-0.031327099	0.2146177616	-0.0036753016	0.0399955661	-0.0391746153	-0.1234335636	-0.1673563169	-0.1207753683	-0.1180582965	0.0682286737	0.3321465167	-0.0058174521	-0.1276706254	0.2005669639	-0.0253611234	0.062526295	0.1381904454	0.1024836432	0.0069714119	0.124180157	0.1771308433	-0.0619183562	-0.0023689388	0.0956902036	-0.0325459427	-0.0602214233	-0.2288473009	-0.2463466909	-0.2981888734	-0.0492347846	-0.0047469758	-0.0343173674	-0.1500728476	-0.0478387595	-0.0936454286	0.1172407796	0.0398963011596862	0.0174134031869925	0.0003032266105527	0.0015917148462243	0.0047379146956387	0.0037576258623203	2.2447835663149156e-05	1.4119752121179127e-05	-0.0968562597780646	-0.0168988860887822	0.0002855723510416	0.0093811350581959	0.0007200076538105	0.0010259268528456	1.0525259073896774e-06	5.184110215457009e-07	0.0005109894029662	-8.205210405739995e-05	6.7325477802463905e-09	2.611101699437536e-07	-2.9683967310779728e-05	0.0002432249919716	5.915839671959476e-08	8.811379153074394e-10	0.0	0.0	0.0	0.0	0.0
874.1360754691674	-1.547259855873449	764113.8784366379	2.394013061597526	982.8603988479782	4.2834397619898255	18.34785619459545	966014.5636236068	810.8646769376696	-0.8106102182083532	0.657088925863794	657501.5243052313	813.2154652337608	668.5544800972582	1.218336	17.504843	0.1696083495717226	0.1096250604008079	0.1344613244	0.1250088163	-0.035900454	-0.0881983784	-0.0778312161	0.1656828836	-0.0855482883	-0.0152138077	-0.0274992302	0.126579144	-0.1163028898	0.1166192708	-0.1373286004	0.0394906452	0.1009560296	-0.0482301603	-0.2139883398	0.0472873535	-0.084430758	-0.051993145	0.1697109923	-0.1634005357	-0.0400717458	0.0691889167	0.0670913883	-0.0439615134	0.0749358221	-0.0514690621	0.0716886664	0.0596248362	0.0586925684	-0.1059892301	-0.1070340059	0.0411102892	-0.1888284431	-0.16618926	-0.0143552996	-0.1252828697	-0.1011285173	0.0344002794	-0.1021041076	-0.090440625	-0.1374955528	-0.0195041334	-0.1308939617	0.0682981909	0.1074446634	0.0044382503	-0.1653574808	-0.118230475	0.0480887575	0.0195007154	-0.0620891919	0.2452030659	0.0172764757	-0.0440602871	0.005516542	-0.00928209	0.113452848	0.1794813542	0.0269911496	-0.0103152221	-0.0624694362	-0.0916481136	0.0850431525	-0.0208921392	-0.0869823039	-0.0494754743	0.058697785	0.1850179805	0.0539769862	0.0697861779	0.0945251212	-0.0694726676	0.0810086551	-0.1451675244	-0.1509936078	0.0941121812	-0.1178344768	-0.0047521231	-0.2690817167	0.0358783344	0.1085490133	-0.0222853544	-0.1244097879	-0.0632860472	-0.1750927818	0.0539884943	0.00057062	0.1480381867	-0.0321376979	-0.0612581101	-0.0509612127	-0.0888661936	0.1211199807	0.0400667588695284	0.0001704577098422	2.905583084464925e-08	0.0016053451663089	0.0575737309474533	0.0528358162518146	0.0033147344952097	0.0027916234789955	-0.0063353394687055	0.0905209203093591	0.0081940370136533	4.013652618373769e-05	0.0004340040842191	-0.0002860035695914	8.17980418190228e-08	1.8835954511885965e-07	0.0002759939000658	-0.0002349955029004	5.5222886383411926e-08	7.617263287353079e-08	-2.9059933788444688e-05	6.240335223350402e-07	3.894178369978771e-13	8.444797517887891e-10	0.0	0.0	0.0	0.0	0.0
872.8711302642974	-1.264945204869946	761904.0100488721	1.6000863713234694	981.462216765016	-1.3981820829621938	1.954913137116499	963268.0829372992	810.5122497302143	-0.3524272074553209	0.1242049365547558	656930.1069627333	813.6371166849608	672.8609498352457	1.157218	16.626713	0.1026906812459249	0.0575212200360925	0.0843889683	0.0950665818	0.1974515749	-0.0396314052	-0.0108189825	-0.0262431773	-0.1423624641	-0.1164780785	0.1526789139	0.1034144018	-0.0282717025	0.0740954096	-0.0844494717	0.1244404295	0.0630947343	0.163387391	-0.1682554683	0.0022070159	-0.0399755697	-0.0803678162	0.2179344938	-0.1034131274	0.0090188731	0.0727729286	-0.0001382663	-0.0436686993	-0.088523196	-0.0158630845	0.0784951097	-0.0732649031	-0.0338815759	0.0334878249	-0.1056446994	-0.1515836241	0.060745368	-0.0021847629	0.1853881325	0.0672378733	0.0551254659	0.0224274206	-0.038735792	-0.0523402592	-0.0478885231	0.1408110317	0.0444574754	0.2058050776	0.0773100667	0.0227978465	-0.0645641285	-0.0815234422	0.1504324758	0.0411506158	-0.0270416263	0.0903752238	0.1068029712	0.0431188027	-0.0034876708	-0.0701385398	0.0755359031	0.0772530777	-0.0584088455	0.1017780533	0.0270503434	0.0675634844	0.1239327433	0.0445573703	0.0270128492	0.0519651794	0.0868812314	0.1783920619	0.0507106873	-0.047993573	0.0447338888	-0.0839591346	0.2459196628	-0.0533891694	0.0781369477	0.0562748686	0.0871170729	0.0387811195	-0.0965987288	-0.0076815965	0.1022821715	-0.181795856	0.004988878	-0.0114666216	0.0692509339	0.1583139461	-0.0472828598	0.1378619449	-0.0319920234	0.1012852842	-0.0540487397	-0.0838433825	0.1242524367	0.040122049523589	5.5290654060596856e-05	3.0570564264485954e-09	0.0016097788579733	0.0111788892993445	-0.0463948416481088	0.0001249675659669	0.002152481331553	-0.0237785090582747	-0.0174431695895692	0.0003042641653304	0.0005654174930344	0.0004279829923315	-6.021091887600002e-06	3.625354751892256e-11	1.831694417250248e-07	6.411307811071687e-05	-0.000211880821955	4.4893482712361636e-08	4.110486784830883e-09	0.0005289857394526	0.000558045673241	3.114149734230508e-07	2.79825912544214e-07	0.0	0.0	0.0	0.0	0.0
872.2130675986191	-0.6580626656783579	760755.6352897933	0.4330464719597062	979.5813044453716	-1.8809123196443809	3.537831154190005	959579.5320188958	808.3326207436099	-2.1796289866043708	4.7507825192459965	653401.6257582328	811.8640703747965	661.487683707188	1.180773	16.965153	0.0745785818620984	0.0382650286088486	0.0539958956	-0.1070402267	0.0774281642	0.0704909071	0.0060306906	-0.0809564362	0.0600280254	-0.1311653181	0.1308390755	0.0747032561	-0.0416085631	0.0931220711	0.1528560648	0.1624015151	0.023036635	0.0853121017	-0.148612515	0.0435859364	0.0501409315	-0.0383809707	0.0731993831	0.0471702167	0.0266583102	0.0298855506	-0.1528940185	-0.0043419554	0.0989430436	0.1005635067	0.0734144335	0.0372284764	-0.0395709111	0.1811338012	0.1046140714	0.0890348445	-0.0063762416	0.0059208009	0.1523387074	0.0973509304	-0.0365469021	0.0816128888	0.1698528946	0.0065701356	0.1644230314	0.1565895945	-0.0367123293	0.0449553901	0.1189521098	0.0021633576	-0.1170899475	-0.1011343439	-0.0201332356	0.087229413	0.0291557142	-0.0010170076	-0.0894545634	-0.0349415312	0.0433826165	-0.0249342684	-0.2088179781	-0.0419252762	0.0277062143	-0.0875422694	-0.0783681544	-0.1288642687	0.0640448263	0.1109542212	0.0489429902	-0.0034892176	0.0876186935	0.1177903651	0.0897940715	-0.0458792804	-0.0818210412	0.1187583469	0.070943109	0.0275675766	0.0404574603	0.0528895411	-0.1549018729	0.0572191072	-0.2185368714	-0.1290446673	0.0661962216	-0.1106694769	0.0117167587	0.0167607638	0.163675338	0.0907712977	-0.0823538278	0.0184053875	0.0215973632	0.0338999064	-0.0570992244	-0.0785907625	0.1266188352	0.0400488894816248	-7.316004196419867e-05	5.352391740203311e-09	0.0016039135487113	-0.008606142942483	-0.0197850322418275	7.406569634644996e-05	0.0003914475008101	0.0046932458742929	0.0284717549325676	0.0008106408289401	2.2026556836567326e-05	0.0005929885770375	0.000165005584706	2.7226842984168963e-08	3.516354524969591e-07	0.0001060626902273	4.194961211658313e-05	1.759769956731778e-09	1.12492942582522e-08	0.0002109682433604	-0.0003180174960922	1.0113512782075245e-07	4.450759970657295e-08	0.0	0.0	0.0	0.0	0.0
870.5406795333653	-1.6723880652538128	757841.0747224134	2.7968818408033917	976.3857078971444	-3.195596548227286	10.211837299042145	953329.0505858077	809.2227913565329	0.8901706129229296	0.7924037201115842	654841.5260508587	811.9708577967504	652.2433787011068	1.312122	18.852345	0.0986463504640855	0.0511082766673992	-0.0334597897	-0.0366525196	-0.1373237261	-0.0955631398	-0.1138187224	0.0200626395	0.1079134518	0.0124102686	-0.0145123066	0.0985465287	-0.1129654561	0.1045184346	0.0089296592	-0.0321788453	-0.0062359799	-0.0363403789	-0.0773079531	-0.1021722067	-0.0102114843	-0.1197576058	-0.0688307486	0.1772525744	0.0831396459	-0.1175611489	-0.1281519773	-0.0019346901	-0.0859941946	0.1650921546	0.2419921181	-0.0425407611	0.0961738307	0.1418708456	0.0115086474	-0.0326600056	-0.079598151	-0.0113638375	0.1372071033	0.0470896199	-0.0145939496	-0.079350536	0.1626130878	-0.1383884969	0.0047203567	-0.0381914962	-0.0281809202	-0.0083992009	0.0477937163	-0.110864917	-0.0725272151	0.0566927245	0.0476590634	-0.0308212734	0.0332002241	-0.2769910103	0.1163495511	-0.0213512229	-0.0307147895	0.0144089073	-0.1471368528	0.0052706264	0.154221068	-0.0474865757	-0.1071237068	-0.1245598371	0.2002486841	0.1158454308	0.1571835938	0.0888258644	-0.048967652	0.0153105363	0.1314038974	-0.0152487519	0.0871192338	-0.0469948701	-0.1283678418	0.1048666459	0.0390095949	0.1798273985	0.08271567	0.0641151407	-0.049871368	-0.0104503451	0.0745013687	-0.1307712156	-0.0889253377	0.0178190353	0.1023153151	0.1669207989	-0.1645416013	0.1209401539	0.0870702993	0.1032118088	-0.0601105761	-0.0731227308	0.1282045865	0.0400541077297589	5.21824813409788e-06	2.7230113589016008e-11	0.0016043315460271	-0.0390161994575777	-0.0304100565150947	0.0015222638201134	0.0009247715372512	0.0335784781393471	0.0288852322650541	0.0008343566430061	0.0011275141941546	0.0002160036139933	-0.0003769849630442	1.421176623614369e-07	4.665756125816655e-08	0.0002759965635805	0.0001699338733532	2.8877521312821425e-08	7.617410310824498e-08	-2.902978895825163e-05	-0.0002399980323186	5.7599055516824544e-08	8.427286469606283e-10	0.0	0.0	0.0	0.0	0.0
869.4302355237991	-1.1104440095662085	755908.9344429687	1.2330858983814776	976.4130238962696	0.0273159991252214	0.000746163808209	953382.3932342572	809.6912649031781	0.4684735466452139	0.2194674639063454	655599.9444605085	811.8476024809338	664.1528871761582	1.444121	20.748896	0.2068826762012576	0.1140328075469241	-0.1134046734	0.123843289	0.0838832473	-0.0990624116	0.1282083295	-0.0397049707	-0.0558360544	0.0353259831	-0.0235624614	-0.0027433248	-0.213017986	-0.0230104438	-0.0763616199	-0.0275559739	-0.1021503536	0.0605158511	-0.0495407342	-0.0785935224	-0.0629119595	0.082997166	-0.2345427597	0.0645519107	0.040313499	0.0008382744	-0.0706578954	0.0081273886	0.060541212	0.0380955209	0.1118787432	0.1089837302	-0.1489630856	-0.0362769679	-0.1257242779	0.057559881	0.028535044	0.0172862522	-0.109759676	-0.00073626	0.0254964172	0.0216372721	-0.088372435	-0.1742242888	-0.0788037967	-0.0033163659	0.1259965689	-0.0059967246	0.1377144811	0.0569065576	0.0335866171	0.0495099151	-0.1798523191	-0.1222727485	0.0296601395	-0.0816317559	0.1057809837	-0.2196986078	-0.0311784857	-0.0804563212	-0.0393104048	-0.0997371926	0.0655939024	0.0368556794	-0.0142766321	0.0627281133	0.0076488313	-0.0259040306	0.0381052946	0.1003034514	0.0009881166	-0.2110639059	0.0613528389	0.1803768084	-0.0842973527	-0.2165861157	-0.0533170474	-0.0591615986	0.127778853	-0.0043546775	0.0546655435	0.2514442538	0.1160084578	-0.0145224055	0.1688211934	-0.1387947641	-0.0428635969	0.0517907782	-0.008815801	0.0030481968	-0.1292826335	-0.0206598613	-0.1138243246	-0.0192946468	-0.063080731	-0.0674542747	0.1289999139	0.0398711356866812	-0.0001829720430776	3.3478768548026846e-08	0.0015897074609457	0.0273652770219285	0.0663814764795062	0.0007488583864868	0.0044065004195992	0.1153873699482233	0.0818088918088762	0.0066926947789964	0.0133142451435681	-0.0001411282129464	-0.0003571318269397	1.2754314181328782e-07	1.9917172489444427e-08	0.0006859732942317	0.0004099767306511	1.6808091967544658e-07	4.7055936039909043e-07	0.0003740483708468	0.000403078159805	1.6247200291182674e-07	1.3991218373314526e-07	0.0	0.0	0.0	0.0	0.0
869.2792669695334	-0.1509685542656598	755646.4439830893	0.0227915043770634	976.4620357974544	0.0490119011848264	0.0024021664577511	953478.1073537092	809.0651273754131	-0.6261375277649677	0.3920482036756256	654586.3803349935	812.5784095291178	650.0848765444637	1.275545	18.326813	0.1230920249193365	0.0632622345959254	-0.0699715931	-0.0685194394	0.0957612121	-0.0007252359	-0.0190261956	-0.1660032321	-0.0200588031	-0.0710919475	0.1134018078	0.0008580388	-0.0297883919	0.0406681594	0.0781445527	0.1074086151	0.0086903708	0.1485383355	0.0557124938	-0.093771139	-0.0494414404	-0.040699114	-0.0600421811	0.0428046839	-0.0103402421	-0.0170117698	-0.0917693998	0.0939798014	0.0833007791	-0.2037662732	-0.1834304929	0.1500677368	-0.1421373691	-0.0471356154	-0.2220299488	-0.1085846273	-0.0864996653	0.0122569932	0.0798671162	-0.0890311912	-0.030477165	-0.104995689	0.1015556642	-0.0118177688	0.1040919213	0.1222262065	0.0562500509	0.1108208827	-0.0326915786	-0.0235016254	0.0076775453	-0.1124507616	-0.1162159541	-0.018408271	0.0053153002	-0.1122047309	0.0630168065	-0.1188578063	0.0141405148	-0.0927427269	0.0031965413	0.0395931428	-0.2529115009	-0.044527164	-0.0214319124	0.0541918572	-0.1104842323	-0.1163651375	-0.0693098639	0.0838581723	0.0278420509	-0.0756436432	0.112955907	0.1796924689	-0.0987956196	0.0221506403	0.1512087192	0.0911757095	0.0356803446	-0.0096397212	0.039769181	0.1612264027	0.1021281701	-0.0640917061	0.0045288915	0.1219630864	-0.1019288834	-0.0122998545	0.1573539764	0.0635268531	0.0849868663	-0.0492566889	0.0986826289	-0.0099177537	-0.0660076536	-0.0616009311	0.1289999139	0.0571328561584891	0.0172617204718079	0.0002979669936468	0.0032641632528266	0.0445020340573734	0.0171367570354449	0.0019804310352436	0.0002936684416918	0.0650969126761396	-0.0502904572720837	0.0025291300926352	0.0042376080399649	-0.0001280357949341	1.3092418012300016e-05	1.714114094087979e-10	1.6393164784406907e-08	0.0001249636950519	-0.0005610095991798	3.147317703718799e-07	1.5615925081024258e-08	0.0005680081564547	0.0001939597856079	3.762039843306255e-08	3.22633265799067e-07	0.0	0.0	0.0	0.0	0.0
871.0265303833013	1.7472634137678824	758687.2166315721	3.052929437091794	976.088919712947	-0.3731160845073873	0.1392156125181237	952749.579186388	810.278695755646	1.213568380232914	1.4727482135011385	656551.5647954708	813.1582828052175	647.0910863384431	0.976486	14.029994	0.0548615924127207	0.0237418959701825	-0.0215067823	-0.11119081	0.004150641	0.0249842688	0.0291002308	-0.0851038744	0.1136384055	-0.0305493354	0.0365243517	0.0524010451	-0.0490676208	0.0685281119	0.0322323217	0.1192872824	0.135555874	0.0221453829	-0.1239921143	-0.05005599	-0.1070177378	0.0469323948	-0.1437924519	-0.0765541287	-0.0457368632	0.242031512	0.0738502304	-0.0715575067	0.0194908248	-0.0167701135	0.0382412163	-0.0077546862	-0.0158143374	0.0385877459	0.1031378925	-0.0160173448	-0.0871414464	0.0857654915	-0.0540212958	-0.0554003271	-0.0082854308	0.0796508469	0.1041113738	-0.034411127	0.0711542928	0.0770165729	-0.123413791	0.077622549	0.1334634504	-0.0294161653	-0.0246978486	-0.051626167	-0.1075660441	-0.1273892418	0.0811142795	0.144677457	-0.07390579	-0.0351866201	-0.1188544303	-0.066510401	0.0989185388	-0.0960643983	0.0582441088	0.0638082821	-0.1673818978	-0.0234533721	0.1044515084	0.1312500608	0.0063355604	-0.0463841647	0.0437315111	-0.0401102209	0.1132577283	0.2315488885	-0.0279619415	0.0867958655	0.009829767	0.0568080846	0.0682239056	0.0482866434	-0.0798604155	-0.0166993065	-0.0507586486	0.0086456755	0.0452325346	0.0239999985	0.0564075974	0.040718716	0.0232647162	-0.0982499677	0.0854991076	0.0674426892	-0.2208748876	0.083747105	-0.0688893378	-0.0555787436	0.1282045865	0.0608574236800336	0.0037245675215445	1.387240322254414e-05	0.0037036260169711	0.0353201549565511	-0.0091818791008222	0.0012475133461547	8.43069038221173e-05	0.0479389038367656	-0.0171580088393739	0.000294397267332	0.0022981385010706	-0.0003660305187982	-0.000237994723864	5.66414885871492e-08	1.3397834069167945e-07	0.0001709348231939	4.5971128142000006e-05	2.1133446226481848e-09	2.9218713780329857e-08	0.0003560312694412	-0.0002119768870135	4.4934200627934166e-08	1.2675826481991236e-07	0.0	0.0	0.0	0.0	0.0
870.783357443777	-0.2431729395242428	758263.6556010568	0.059133078516861	978.7343126653316	2.6453929523845545	6.99810387252587	957920.854788479	809.4146106623801	-0.864085093265885	0.7466430484043132	655152.0119537325	812.7166947932899	653.1862226413213	0.999593	14.361983	0.0821129198243121	0.043751584153852	-0.0267334381	-0.0215168372	-0.1058347388	-0.0474316853	-0.0896696317	-0.0069758328	0.0315838259	-0.0217587408	-0.0957233188	0.1114070846	-0.0500642889	0.1973870969	-0.0583489729	-0.0137548709	0.0073591697	-0.0945304318	-0.0630320941	-0.0128580668	-0.0696696347	-0.1276570629	-0.0442151475	-0.0263052802	-0.0679271383	0.0654420513	-0.1000110862	-0.0627288721	0.1768688583	0.0064932916	0.0263074643	-0.0607028916	-0.017083155	-0.1463689254	-0.06844925	0.0514214972	-0.0037688256	-0.0053471462	0.0705889273	0.0099542431	0.1364548114	0.094344528	-0.0754101586	-0.0692050161	-0.0719305043	-0.0279541175	-0.0676337301	0.0099752837	0.0237144858	-0.1332820031	-0.0795119888	-0.0322153519	0.0401978963	-0.0858218728	0.0281069242	0.0147261156	-0.0257426975	-0.082136109	-0.0192559826	-0.0571610149	-0.0702195934	0.0696657766	0.0391085558	0.0563988217	0.0320560945	-0.058216905	-0.0907572762	-0.0647309696	-0.0646522111	0.1081247731	-0.0059989989	-0.0507691989	0.1107616538	0.0970951427	0.0623630107	-0.0689146002	-0.0917435194	0.1542986444	0.0782107402	0.0810095062	0.01991019	-0.0083232744	-0.0252721674	-0.059406109	0.0530548173	0.2003626947	-0.0034452479	-0.0854242772	0.1769552032	-0.0963015618	0.0595315283	0.0349343252	-0.0995977953	0.0216390331	-0.0717238087	-0.0494042187	0.1266188352	0.0761248166548256	0.0152673929747919	0.0002330932882467	0.0057949877107308	0.0050172325443469	-0.0303029224122042	2.5172622404053663e-05	0.00091826710672	0.0452449188641566	-0.0026939849726089	7.257555032643097e-06	0.0020471026830241	0.000134991632259	0.0005010221510572	2.510231958499837e-07	1.8222740779949093e-08	5.701982137296113e-05	-0.0001139150018209	1.2976627639864509e-08	3.2512600294043954e-09	0.0002939960330252	-6.2035236416e-05	3.8483705571890124e-09	8.643366743455449e-08	0.0	0.0	0.0	0.0	0.0
870.1047720772065	-0.6785853665705872	757082.3143915274	0.4604780997237382	978.0923115237728	-0.6420011415588078	0.4121654657628124	956664.5698619168	810.4630270992675	1.0484164368873508	1.0991770251355684	656850.318294908	813.0224044813514	661.0078242011555	1.169887	16.808746	0.028063074668375	0.014444351863844	-0.0658989155	0.1260175648	0.0145239751	-0.1824578551	0.0886544028	-0.0459676882	-0.1038430639	0.0738967027	-0.0434076975	0.0494831244	-0.153885358	0.0346281789	-0.1667818431	-0.0801021985	-0.0464895103	0.0205801925	-0.1272555445	-0.1157613319	-0.002163017	0.0094502971	-0.1014883899	0.0613144114	0.0363681508	0.0563835507	0.03272558	0.0196522849	0.1042561016	0.0234837951	0.1508928009	-0.21276466	-0.0961524779	-0.1181238038	-0.0971710494	0.1410995297	-0.1041167135	0.0068926624	-0.0342603645	-0.0387745378	0.0265548853	-0.0624277611	0.0096255057	0.0892323419	-0.162920689	-0.0514228388	0.0933291471	0.0689256202	0.1473714533	-0.0179050121	-0.0097808777	0.0524289159	-0.1817381694	0.0053841977	-0.0617871507	0.0146434038	0.0760283745	-0.0493080931	-0.0420234882	0.0007170672	-0.0041830901	-0.0295476994	0.071486234	0.1792262336	0.1132467271	-0.0866213489	0.0552363401	0.0130214407	0.143694885	0.2083939206	-0.0591553167	-0.0961150436	0.100703667	0.0739460045	0.0090779685	-0.2010643002	-0.0322884645	0.0658284328	0.0916498212	-0.0385686884	0.0025842876	0.0345057484	-0.1534102497	0.1255893169	-0.0371381508	0.1480585443	0.0571053231	0.0586639233	0.0555258477	-0.0931055069	0.1283460561	-0.0560314862	-0.1683158435	-0.0211279855	-0.0745091236	-0.0430942802	0.1242524367	0.076043695304719	-8.112135010659993e-05	6.580673443117561e-09	0.0057826435955969	-0.004642768780954	-0.0096600013253008	2.1555301953401088e-05	9.331562560481511e-05	0.0534171227760822	0.0081722039119256	6.678491677809208e-05	0.002853389005675	0.0001549760884081	1.9984456149099985e-05	3.9937848757530006e-10	2.4017587978275224e-08	0.0001930194639789	0.0001359996426059	1.8495902788943104e-08	3.725651347470188e-08	0.0002469851701594	-4.701086286580002e-05	2.2100212273870556e-09	6.100167427866778e-08	0.0	0.0	0.0	0.0	0.0
868.9023978111238	-1.2023742660826429	754991.3769219205	1.445703875737774	976.5619709308332	-1.530340592939524	2.341942330398494	953673.2830683136	809.0649516215177	-1.398075477749785	1.9546150414852896	654586.0959423288	812.8423467672096	661.5388361062861	1.264034	18.161432	0.0385566923118088	0.0230363931037095	-0.0729652394	-0.0821936108	0.0905498737	-0.1270937892	-0.0476982309	-0.1128864769	-0.0082857211	0.1293342462	0.046636445	0.0724896916	0.030344739	-0.077137629	0.0761736589	-0.1096877187	-0.011197797	0.156618958	0.1176543826	-0.0197234831	-0.0449506376	-0.0610240307	-0.0818676779	0.1861413769	-0.0629035505	-0.091140058	-0.0100690133	0.0104661371	0.0254150573	-0.0498251473	-0.0236709553	-0.0601952522	-0.0459435716	-0.0988604892	-0.0685707873	0.1784465281	0.0357941634	0.0451682056	0.0351731486	0.0414803509	-0.0316847611	0.1043479589	-0.0087086669	0.0140552931	0.1074316729	-0.0630637897	0.1223466125	0.1305148672	-0.1159949368	-0.050179005	-0.0119543892	-0.0554298177	-0.0851061243	-0.0409410635	0.0470389123	-0.1430200013	0.042679839	-0.1098309764	0.0021441463	0.1029739923	-0.1157639781	-0.0265157797	-0.0683245845	-0.0592748923	0.1279154154	-0.0472970766	-0.029974774	-0.068145586	-0.02607997	0.180569277	-0.1669094721	-0.0780494442	0.0430004733	0.0213189654	-0.071324098	-0.0199498205	0.1134015772	0.1604242164	0.0144302253	0.0295677695	0.0758834923	0.0658118779	0.0629929253	-0.0396626926	3.89679e-05	0.2605079256	-0.0001752957	-0.0138418012	-0.0215915388	-0.0210918238	0.1693138093	-0.0232640871	-0.1401416995	0.0731466856	-0.0772433738	-0.0366662233	0.1211199807	0.0726027889556348	-0.0034409063490841	1.1839836503167955e-05	0.0052711649641364	-0.0045248873086478	0.0001178814723061	2.0474605155961933e-05	1.38960415130773e-08	0.0499702500613779	-0.0034468727147043	1.1880931511373036e-05	0.0024970258911966	0.0005279957637323	0.0003730196753242	1.3914367817897164e-07	2.787795265192548e-07	8.402585980404886e-05	-0.0001089936041748	1.1879605751024131e-08	7.060345115809675e-09	9.797781414416788e-05	-0.0001490073560152	2.2203192146650125e-08	9.599652064469104e-09	0.0	0.0	0.0	0.0	0.0
867.6517230695929	-1.2506747415309292	752819.5125456335	1.5641873091034564	974.1529372498228	-2.409033681010442	5.803443276242719	948973.9451524572	808.0532733479134	-1.011678273604275	1.0234929292829265	652950.0925682777	811.5610412433141	646.2129328469072	1.210196	17.387892	0.1126263256715157	0.0539645542584811	-0.1243191831	-0.0824310472	-0.1075204004	-0.0426765653	0.092071413	-0.051069747	0.132765897	0.1453084498	-0.1529925741	0.0184352349	0.1182315165	-0.0243685975	0.0978055746	-0.0926458746	-0.0405285485	-0.0323906027	0.0619175056	-0.1285304914	-0.0937743517	-0.020037603	-0.1001214493	-0.1243502175	0.0409380306	-0.0353963673	0.0325219549	-0.1720080552	-0.0028935607	-0.0198577563	-0.0339605846	0.1075971449	0.3011653028	0.1096705391	-0.2398695276	0.0230739631	0.023007875	-0.212844454	-0.0947775641	0.1359723081	-0.0073413851	0.0140691403	0.1606246108	0.0384801281	0.0731271496	-0.1331437327	0.0131886469	-0.0484117094	-0.0057586582	-0.1515438089	0.1099716357	0.0473368024	0.0049261309	-0.106227657	-0.0148098983	0.0472028639	0.0026251715	0.0661321574	-0.127570663	-0.1356997528	-0.0178769269	0.0880509837	-0.0147511613	-0.0656349311	-0.0010577776	0.104137098	0.2545476881	-0.2447822735	0.0928842061	-0.0139042501	-0.1414050671	-0.1415897238	-0.0387994771	0.1059248507	0.0609066801	0.0758316491	-0.0345290686	0.0019909839	0.1345689951	0.0920698219	0.0417404549	-0.0327804151	-0.0824065508	0.1334351234	-0.0637781805	0.0117582142	-0.0914451051	-0.0618234989	0.0088788319	-0.005808061	0.0943039918	-0.0455411375	0.0061413425	0.0529617238	-0.0799246852	-0.0301376669	0.1172407796	0.0548271555548893	-0.0177756334007455	0.0003159731427976	0.00300601698624	0.0337011907210467	0.0382260780296945	0.0011357702560163	0.0014612330415322	0.0723632788660495	0.0223930288046716	0.0005014477390468	0.0052364441282456	0.0004244496245881	-0.0001035461391442	1.0721802931670028e-08	1.8015748381297907e-07	0.0001701254818518	8.609962204775114e-05	7.413144916765593e-09	2.8942679575307134e-08	0.0005929637616803	0.0004949859475361	2.4501108825824253e-07	3.516060226660516e-07	0.0	0.0	0.0	0.0	0.0
866.9090051191691	-0.7427179504237529	751531.2231567076	0.5516299538816603	976.1541069785316	2.00116972870876	4.004680283100292	952876.8405710544	809.0781362410687	1.024862893155273	1.0503439497665965	654607.4305433213	811.9763108190929	656.7084820853692	1.333865	19.164755	0.0683443856420058	0.0422652291787275	-0.1580324702	0.155768119	0.0176443614	-0.0420443423	0.1672446541	-0.1288141688	-0.1480124659	0.1659144531	-0.0380555602	-0.0704683912	0.0661878664	-0.0391728018	-0.0570686448	-0.1356343018	-0.180424184	0.0853792126	0.0139812372	-0.0234332935	-0.1339951167	0.1412773144	-0.0492104604	0.0292792602	0.1296572689	0.0766805288	-0.0540755805	0.0243325679	0.0356647363	-0.0737686959	0.0131282567	-0.1052660918	-0.0270001295	0.0262076562	-0.0356498975	0.0211038438	0.0820664996	-0.0048970054	0.0133712446	-0.0631850446	0.0036060342	-0.0498695553	0.1440806377	-0.1283143056	-0.0701486497	-0.0875204036	0.2146423107	-0.0283031912	0.0248328494	-0.0162469563	0.1292615592	-0.0970688199	-0.0675294405	-0.0645488729	-0.0150844011	-0.0435526834	-0.0972485034	0.0057124886	0.0105566651	-0.1027042859	-0.0863658103	-0.0012614206	0.0132291301	0.046683992	0.1599361833	0.0858932657	0.0702700922	0.03862212	-0.0272650049	0.0379176867	-0.0890199939	-0.1862255011	-0.1076137765	-0.009461788	0.0645342586	-0.0984484063	0.0493863768	0.0452983908	0.1207217169	-0.1174502048	-0.0065164296	0.0870926361	-0.0928759013	0.0031243525	-0.0029496172	-0.0135553955	-0.0239223121	-0.0265499341	0.0314322147	-0.027845247	0.0592411436	0.0185588502	0.1099211701	0.0705303599	-0.0825512202	-0.0235265052	0.1126387502	0.0546960114842676	-0.0001311440706216	1.7198767259228308e-08	0.0029916536722871	-0.0025240138889444	-0.0362252046099911	6.370646111584235e-06	0.0013122654490357	0.0818713905992325	0.009508111733183	9.040418873069224e-05	0.006702924598652	0.0005279791906827	0.0001035295660946	1.071837105573615e-08	2.787620257939589e-07	0.0001700653662815	-6.011557029998943e-08	3.613881792492972e-15	2.8922228808460763e-08	0.000246954938781	-0.0003460088228992	1.197221055241591e-07	6.098674178832746e-08	0.0	0.0	0.0	0.0	0.0
866.5942270732886	-0.31477804588053	750985.5543967505	0.099085218168365	974.8457839462784	-1.3083230322531565	1.7117091567240934	950324.3024778342	808.3057572394192	-0.7723790016494831	0.5965693221890522	653358.1971863909	811.3125060322257	644.5351448630335	1.290174	18.537001	0.0752279734975626	0.0439073207981583	-0.1514722986	-0.0668660989	0.0644016571	0.1383328528	0.0215526691	-0.1622981403	0.0381588526	-0.0203211801	-0.0772214921	-0.0933170584	0.1142456219	-0.0927926509	0.1075487071	0.0080713389	-0.0933466137	0.0596910751	0.1316055901	0.0211797544	-0.1107104767	0.1210086009	0.0063315626	-0.0278654858	-0.0258836609	0.0781089544	0.0602342391	-0.0869105126	-0.1507968702	-0.0573205211	0.0236622576	0.0329212869	-0.0788944376	-0.105478046	0.2265354246	-0.0488556693	-0.0196867138	-0.1190236744	0.1357646405	-0.107543759	0.038116628	0.0005195989	0.042535215	0.0593558537	0.0864235352	0.0379017089	0.0860391519	-0.0612367747	-0.1401946943	-0.0144723693	0.1186412319	-0.0855069489	-0.0413694732	-0.1241476822	0.032937582	0.07266801	-0.0129459362	0.0947128459	0.0137220092	-0.0277635134	0.0213794407	0.0919132484	0.0282930384	-0.1045468509	0.0180615897	-0.0468862545	-0.0804671039	0.2027921153	-0.0626365986	-0.0947270492	0.0066363255	-0.1785949528	-0.119352215	0.039943554	-0.06137239	0.1711977286	0.0506128641	0.0620362575	0.000396045	-0.0672426577	0.0355444597	0.0585913336	-0.0844396808	-0.0342511579	0.1236979846	-0.0732411774	-0.0220798965	0.0403870709	0.0680878775	-0.0136536809	0.0739943935	0.007263333	0.0814202446	-0.0472150049	-0.0851211787	-0.016850859	0.1073422654	0.0547085945636212	1.2583079353596647e-05	1.5833388601891027e-10	0.0029930303191266	0.0337717658188836	0.036295779707828	0.0011405321665255	0.0013173836245991	0.0898099156137135	0.007938525014481	6.302017940554058e-05	0.0080658209425423	0.0007629460274288	0.0002349668367461	5.5209414370468416e-08	5.820866407693873e-07	0.0001707404096111	6.75043329600002e-07	4.556834968374569e-13	2.915228747416621e-08	0.0006309347726233	0.0003839798338422	1.474405127975603e-07	3.980786873052152e-07	0.0	0.0	0.0	0.0	0.0
868.6860547347233	2.0918276614346496	754615.4616905786	4.375742965143155	977.6968185927842	2.851034646505809	8.128398555576505	955891.0690864515	808.8150502266336	0.5092929872143941	0.2593793468257609	654181.7854731119	811.5531706694322	643.7352445986426	1.086289	15.607619	0.0807493486671346	0.0605480335654365	-0.1205248596	0.0664238907	-0.0846782618	0.1357571134	-0.1239886634	0.0235451845	-0.028470273	-0.0567001984	-0.2134230954	-0.0897881191	0.0153574551	-0.0125095152	-0.0492629705	0.0596722404	-0.1123736543	-0.1307388522	0.0602838951	0.111962985	-0.080632274	-0.0150754698	-0.1396547639	-0.0202293459	-0.1472696162	-0.0217110226	-0.0468747122	-0.034646039	-0.0647379332	-0.0784494871	0.0131299268	-0.0692860092	-0.0195489139	0.059055767	0.186666478	0.0681055642	0.0491943379	-0.04717112	0.1071151222	-0.0227406195	0.0098183472	-0.0339643117	-0.0279494909	0.1472821933	-0.0918729932	0.0512888506	-0.037665294	-0.1880650579	-0.1090654859	-0.0262300915	-0.0046190622	-0.0135926376	-0.0063880459	-0.1825763347	0.0494104417	0.0086392599	0.0294431593	-0.0409539311	0.0389086325	-0.0037890157	-0.1241003223	0.0263987723	-0.0024074055	-0.1319565526	0.1521645291	-0.05333557	-0.0227241633	0.1357746814	-0.0668742614	-0.0559244442	0.0966163715	-0.1926126068	-0.0609973464	-0.05118131	0.0516720859	-0.021891191	-0.1189201682	0.0726426521	-0.0656522219	-0.0349923041	0.0201429964	-0.0342914082	0.1036092652	-0.0957650349	0.0676534952	-0.06003518	-0.0789224421	-0.1160054456	0.088000322	-0.0044064868	0.0956343892	0.0215662717	0.0582641426	0.0347621244	-0.0876327994	-0.0101290257	0.1013839798	0.0569907138147414	0.0022821192511202	5.208068276333423e-06	0.0032479414611137	-0.0250488958210723	-0.0588206616399559	0.0006274471818549	0.0034598702357621	0.090027415523167	0.0002174999094534	4.730621061227836e-08	0.0081049355457809	0.0005579622585839	-0.0002049837688449	4.20183454898594e-08	3.113218820040469e-07	0.0001701251083567	-6.153012544000134e-07	3.7859563366623e-13	2.894255249337892e-08	0.0004479524853905	-0.0001829822872327	3.3482517440946914e-08	2.006614291675261e-07	0.0	0.0	0.0	0.0	0.0
867.6137108133732	-1.0723439213500114	752753.5511913516	1.1499214856563196	979.7769204862824	2.080101893498181	4.326823887334719	959962.813917583	808.7548535771731	-0.0601966494605221	0.0036236366062729	654084.4131846346	811.4597314387319	652.7973562167607	1.122354	16.12579	0.0817277504338267	0.0466477862077014	-0.1384855274	-0.0074173746	0.0580722753	0.0114550843	-0.1803876995	-0.0410937262	-0.0808022232	-0.1464663687	-0.1654344901	0.0555465972	-0.0324403615	-0.1642944899	-0.0479216755	0.1044797118	-0.0926371752	0.0369373575	0.0741537949	-0.0072311282	0.1959800354	-0.057045407	-0.1420515136	-0.0802608678	-0.1314071047	0.0122555189	-0.0905195661	-0.0835805947	0.0388771592	0.0390027927	-0.0810906626	-0.0574919303	-0.0693091507	-0.0605850664	0.1330229885	0.0637133503	0.1256101851	0.0243350554	-0.0020197333	-0.1456117641	-0.132082312	-0.1265150874	0.0015073854	0.0196580367	-0.0644243652	0.1289323257	0.0351246983	-0.0268476689	-0.0630710566	-0.0648914901	-0.0504295617	0.2488050157	-0.0473903165	-0.0417484133	0.0438065791	0.0487321216	-0.0574834352	-0.0375935832	0.0638591378	-0.0276542042	-0.0611322237	-0.1700233735	0.0522835421	0.0082120009	0.044142238	-0.1444500568	-0.1877152564	-0.0087279374	-0.1578211154	-0.060755092	0.0973954783	-0.1812441252	0.0870581125	-0.0478665213	-0.0720958318	0.0189940362	-0.0328286629	-0.0341875511	-0.1232376294	0.0056882287	0.1048259678	-0.0034674696	-0.0251571177	0.0693470653	-0.0404690028	0.0425419123	-0.1520198099	-0.1433554682	-0.1283912496	-0.0708100849	0.1500949315	-0.087861975	0.1098265524	-0.0253714065	-0.090084361	-0.0033794295	0.0948006283	0.0644928098246566	0.0075020960099152	5.628144454198567e-05	0.0041593225190793	0.0126265510322411	0.0376754468533134	0.0001594297909697	0.0014194392955968	0.0989443333034501	0.008916917780283	7.951142270032886e-05	0.0097899810928642	0.0011039623347797	0.0005460000761958	2.981160832058195e-07	1.2187328366122466e-06	0.0001707442313223	6.191229656000118e-07	3.8331324653335337e-13	2.9153592529843097e-08	0.0004419058887456	-6.046596644899993e-06	3.656133098611585e-11	1.9528081450803858e-07	0.0	0.0	0.0	0.0	0.0
868.2348193031125	0.6211084897392993	753831.7014503084	0.3857757560262333	975.0873794136468	-4.68954107263562	21.991795471936445	950795.3974917732	808.7038085681049	-0.0510450090681615	0.0026055929507686	654001.8499925581	811.9484592653671	646.1627499839034	1.266713	18.199919	0.0673718691719006	0.0424362183499748	-0.1087474809	-0.1308897254	-0.096072537	0.0240757138	0.0723404969	-0.0517971866	0.1128731036	0.0167969608	-0.0925120485	0.0047239772	-0.0748866262	-0.0531113085	0.0417739435	-0.0051311744	0.0456943221	-0.071327789	0.0270490444	-0.1581301555	0.0808497528	0.0628810773	-0.1443806851	-0.0377993711	-0.1453445893	-0.0305476939	0.0744514914	-0.0754697903	-0.0353264264	0.056492717	-0.20435584	0.078180936	0.1005105033	-0.061110227	-0.0625763845	0.0113593184	0.0454968804	0.1751926351	0.1240999851	-0.0311311185	-0.0885342248	-0.1420618107	0.0045335133	0.0314330307	0.0467383564	-0.0173696367	-0.0917227477	-0.0169226973	0.0674257259	-0.0738193026	0.1101964401	0.1534205059	-0.1327222497	-0.0934010123	0.057359147	-0.0468898498	-0.0553776629	0.1374524926	-0.0293788168	0.0220216916	-0.0306526966	-0.0553251898	-0.097197962	0.0427807299	-0.0033822316	-0.0545546693	-0.0728878364	-0.1793642575	-0.157698185	-0.1473287914	-0.039956837	-0.1015876106	0.1048469413	0.1071843849	0.0978525822	0.1439650081	-0.041962472	-0.1102442616	-0.0118156623	-0.0686131359	0.0535613738	-0.0705162626	0.0121598192	-0.0218610056	-0.0228480802	0.0244197597	0.0898865666	-0.0412807371	-0.0276913581	-0.0410738673	-0.0088907082	-0.1183208723	0.2216099426	-0.1070790867	-0.0924741833	0.0033794295	0.0876327994	0.0645955011091956	0.0001026912845389	1.0545499920268129e-08	0.004172578763548	0.0503837582361086	0.0377572072038675	0.0025385230939946	0.0014256066958357	0.089960710500506	-0.008983622802944	8.070547866557715e-05	0.0080929294337558	0.000764968794067	-0.0003389935407127	1.1491662064493305e-07	5.851772558963202e-07	0.0001701420424127	-6.021889096000045e-07	3.6263148284524244e-13	2.8948314596365008e-08	0.0003709346607569	-7.097122798869999e-05	5.036915202224033e-09	1.375925225508365e-07	0.0	0.0	0.0	0.0	0.0
870.717489030731	2.482669727618486	758148.9457039812	6.163648976433247	979.6511969094748	4.5638174958280615	20.82843013522632	959716.4676061666	810.1824768237373	1.4786682556323285	2.186459810214753	656395.6457522456	812.3405192495999	650.6449877188329	1.290281	18.538544	0.1487017218170289	0.0671540585028218	-0.0480997232	0.0791278415	-0.1024022763	-0.193803812	-0.0077722787	0.0891735722	-0.1308265381	0.1429274787	-0.0217723599	0.0229757884	-0.1822861584	-0.0476631804	-0.1272542252	-0.1602849271	0.024665077	0.0309363162	-0.0855809937	0.0838854416	-0.1167841076	-0.1433761054	-0.0704775908	-0.1121129731	0.0691871951	-0.0573663592	0.145694461	-0.037214187	-0.0069151629	0.0177444434	0.0845978138	0.1164775575	0.0509084144	0.0298291496	0.0388608658	0.0117926109	-0.11808563	0.0826816246	-0.2220348782	-0.0487506101	0.1564172284	-0.0633692405	-0.1212810037	0.0518598301	-0.1478035736	-0.1553001084	0.0106861807	0.063171062	0.0313032699	0.0173654796	-0.1409330687	-0.028273723	0.0192702478	-0.1416715731	-0.080559596	0.0356247521	-0.0667880123	-0.0006273899	-0.1089596174	0.0562977106	0.0998857252	-0.0176479446	0.0244722906	0.0696225621	-0.1475205658	0.0172415666	0.0322400795	-0.059803013	0.0992676333	-0.2269722268	-0.0982150887	-0.0319862379	0.0624369324	0.2070824415	0.1627347961	-0.0744770821	0.147507572	0.0231887952	-0.1821612779	-0.2148694539	-0.0695169276	-0.1141388716	0.0358848218	-0.0216276809	-0.0721476986	-0.0624685278	0.0957961407	-0.0741595661	-0.0492725774	-0.1023320172	-0.0819041969	0.0259166241	0.0029830387	-0.0006238816	-0.0948006283	0.0101290257	0.0799246852	0.0428560566882367	-0.0217394444209588	0.0004726034437319	0.0018366415948653	0.0633003827652345	0.0129166245291259	0.0040069384582251	0.0001668391892264	0.0514720215545168	-0.0384886889459892	0.0014813791767811	0.0026493690029086	-0.0002609437690599	-0.0010259125631269	1.0524965871816057e-06	6.809165061118643e-08	-0.0002670544076373	-0.00043719645005	1.9114073593632218e-07	7.131805663850922e-08	0.0004189649259991	4.8030265242200016e-05	2.306906379236087e-09	1.7553160921743134e-07	0.0	0.0	0.0	0.0	0.0
871.1980973132872	0.4806082825562043	758986.1247622919	0.2309843212616243	982.1649694337948	2.513772524319961	6.319052304025949	964648.0271828872	810.715478036918	0.5330012131806825	0.2840902932520793	657259.5863286284	814.0847389515948	668.3491033912696	1.34665	19.348444	0.0760928925920938	0.0441820055752815	-0.000113287	-0.0118715533	0.160198333	-0.0563049383	-0.0656918324	-0.1014464787	-0.0940835217	0.0641017413	0.1184223316	0.131325537	0.121006194	-0.1172267054	-0.0550902154	-0.0347400129	0.0800723819	0.2171637776	0.1968838053	0.1114219938	-0.288887632	-0.0825076747	0.009958147	-0.0153299801	0.0521913792	-0.021606812	0.143268776	0.0461842048	0.1540230899	0.0443382281	-0.0492992619	0.0963867041	-0.0006640084	0.0379346693	0.0380082462	-0.1065738761	0.1465925179	-0.0153590533	-0.1383122252	0.1967193849	0.0107416302	0.0605488278	0.1293756002	-0.1339375933	0.0095724515	-0.0204527984	0.088137273	0.2362258499	-0.2260449653	-0.0158355587	-0.0051162161	-0.2259994938	-0.0565419215	-0.1165867177	-0.0057485566	0.0550459425	0.0050359529	0.1318063856	-0.1120921719	0.0709513879	-0.0325327038	-0.1020818891	-0.0297630747	0.0094278146	-0.1381624089	0.1708616944	0.0258112404	-0.0460927505	-0.0408856872	-0.0004096048	-0.0875703207	0.0108346745	-0.1077281555	0.0580422957	0.0249422701	0.0308860815	0.3312503207	0.1075369141	-0.0907477961	-0.0414962451	0.0651620171	-0.2400744025	0.0133556449	-0.0756770281	0.045412943	-0.0404588455	0.0239136551	-0.0186960918	-0.0826963389	-0.0905281105	-0.063082947	-0.0290702888	0.0455518567	-0.0478430971	-0.0970621018	0.016850859	0.0717238087	0.0559756632649879	0.0131196065767512	0.0001721240767287	0.0031332748779553	0.0538371922376939	-0.0094631905275406	0.0028984432680384	8.955197496053423e-05	0.0306633009967498	-0.020808720557767	0.0004330028512512	0.0009402380280172	0.0003360477943734	0.0005969915634333	3.563989268105359e-07	1.1292812010322693e-07	-0.0002669388989411	1.1550869620003975e-07	1.3342258897833072e-14	7.12563757678868e-08	0.0003620444995279	-5.6920426471200006e-05	3.239934949663286e-09	1.310762196384076e-07	0.0	0.0	0.0	0.0	0.0
870.113323436248	-1.084773877039197	757097.1956212728	1.176734364306651	979.4251424768468	-2.739826956948036	7.506651754019137	959273.6097157917	809.7760380763633	-0.9394399605546369	0.8825474394868976	655737.2318426518	813.3314234210046	653.1472019506572	1.353232	19.443014	0.1012806400482312	0.0494219505466091	-0.0522763639	0.0132572239	-0.0237438918	0.0956539184	0.1270064538	0.0254760842	0.0235940047	-0.0690781798	-0.1546121122	0.0036017944	0.12202107	0.0564048315	-0.0239060746	0.0826846085	0.0320198908	-0.0278183395	0.0588212005	-0.0578158183	-0.1780071249	0.0272495271	-0.0532281322	-0.1471932931	-0.0045748959	0.0493616243	-0.0835864768	-0.0235025348	-0.0067635953	-0.073389321	-0.0397766305	-0.0053028052	0.032551539	0.0788817184	0.0184992041	-0.136254372	0.009582579	-0.0557175334	-0.0020142766	0.0981460313	-0.0200659168	0.0243359462	-0.1113973614	-0.0565793485	-0.0155991277	0.0532293379	-0.0979300105	0.0033290557	-0.0127763332	-0.0856617936	0.135744544	-0.0483510332	0.013049873	-0.1608598446	-0.0653838302	0.1366279727	-0.0456499826	-0.0796871207	-0.0150597014	-0.1386898755	-0.060282058	0.0883000221	-0.0386386412	-0.0205817722	0.1387991614	0.092246199	0.0047764359	-0.0387995298	-0.0181415093	-0.0146699352	0.0596871231	-0.0967995783	-0.0432200798	0.090703963	0.015663669	0.0620984679	-0.0025477699	0.0198819137	0.1413542945	-0.028514558	-0.0409120453	-0.2205499747	-0.0773257601	-0.0708431959	-0.1072151018	-0.1873218723	-0.138088629	0.0440381899	-0.157598665	-0.0804399835	-0.0645134311	0.0892592764	0.0364605675	-0.0603612221	-0.0992570537	0.0235265052	0.063080731	0.0559904914346418	1.482816965389655e-05	2.1987461528473852e-10	0.0031349351310926	0.0251624920795876	-0.0286747001581063	0.0006331510076553	0.0008222384291573	0.0690511660196619	0.038387865022912	0.0014736281810173	0.0047680635286749	0.0006950192052214	0.000358971410848	1.2886047380620368e-07	4.830516956265866e-07	-7.682730400682125e-05	0.0001901115949342	3.614241852845528e-08	5.902434640956533e-09	0.0004970264276968	0.0001349819281688	1.8220120932194072e-08	2.470352698290424e-07	0.0	0.0	0.0	0.0	0.0
866.8791954961812	-3.2341279400668554	751479.5395841063	10.459583532721082	981.578356900058	2.1532144232112387	4.636332352324907	963496.0707346176	808.3121446881976	-1.4638933881657294	2.1429838519153392	653368.5232504336	811.71176076171	661.9926096762277	1.313586	18.873384	0.1559054151045107	0.1199922815494937	-0.1020133515	0.0788653313	0.0861373296	-0.0325522458	0.1312062211	-0.0980309672	-0.1603124644	0.0884652587	0.0162936163	0.0586101641	0.1234136232	0.0480571765	-0.0182851627	-0.0712071234	-0.1507810944	0.099058225	-0.0126334386	-0.1072331115	0.1028235762	0.0562445305	0.0985323572	-0.0171858355	0.0825190539	0.0352236136	-0.1261763132	0.0377984808	0.0115801653	0.0523870918	-0.0992816223	0.045181601	0.0221945197	0.1348342735	0.1729687265	0.0965828733	-0.0053118739	-0.0391894945	-0.0435065889	0.0863488628	-0.0349594418	0.0051565273	0.0421444025	-0.0116541087	-0.0472220552	-0.0066632678	0.1817178848	0.0409087578	0.0635001586	-0.0736635179	0.1128267275	0.0177867342	0.0103185625	0.1013705368	-0.0192033709	0.020335242	-0.1612359956	0.1630554942	0.1355895948	-0.0673273742	-0.1035482755	-0.0733208459	-0.1003903355	-0.1414428098	-0.0842943496	-0.0397314331	0.0093703934	0.1763914655	0.0717029683	-0.06714664	-0.0795849482	-0.0862796772	0.0061659037	-0.17232391	-0.0097321051	-0.0914801394	0.0734727202	0.1819969097	0.165930521	-0.1531697314	-0.0132413835	-0.2186823433	-0.0016591426	0.0294338901	-0.0172994686	-0.1594564705	-0.0117308084	0.2390328094	-0.0217107789	0.1595055783	0.0426382633	0.0249805497	0.1691692552	0.0228420416	-0.1013839798	0.0301376669	0.0540487397	0.0558941252521236	-9.636618251819552e-05	9.286441133130171e-09	0.0031241532377	-0.0912925220250855	-0.1164550141046731	0.0083343245777007	0.0135617703101196	0.0447439676568564	-0.0243071983628054	0.0005908398922487	0.0020020226416778	0.000855047775233	0.0001600285700115	2.560914321995756e-08	7.311066979309029e-07	-0.0002007945713147	-0.0001239672673078	1.536788336378306e-08	4.031845986945414e-08	0.000480085535926	-1.6940891770799956e-05	2.8699381398995767e-10	2.304821218053547e-07	0.0	0.0	0.0	0.0	0.0
866.0175627802711	-0.8616327159101047	749986.4190438808	0.7424109371266232	973.4459171923962	-8.132439707661774	66.13657559875392	947596.9536985456	807.6416063923128	-0.6705382958847395	0.4496216062480104	652284.9643759556	810.7482024790035	643.8602756493897	1.436141	20.634235	0.1705130699698192	0.157384089638351	-0.1121660133	-0.0591270833	0.0194295241	0.1818671588	0.1115707619	-0.1614944831	0.0793123922	0.0103702095	-0.0782336135	-0.0709497272	0.1413029142	0.026117047	0.1140367099	0.110436182	-0.0546581352	-0.0619363898	0.0942757259	-0.1094126718	-0.0862879381	0.0629553193	0.0988209138	-0.0251664628	-0.089153686	0.044132127	0.153549075	0.0077272834	-0.0701078889	0.0429886291	0.0428349855	-0.0211274681	0.1498196708	-0.0017851315	0.0778184107	0.0836126341	-0.0462420762	0.2017879209	-0.092404683	0.0496223239	-0.0688606734	0.0914358881	-0.0858494014	-0.0969836548	0.0867241828	0.0618409276	-0.0023128457	-0.0845634729	-0.0078903649	-0.1140764281	0.1605743123	-0.07029193	0.0300209599	-0.0496210166	0.0048734651	0.1174785093	0.0070445144	0.0993147481	-0.0633485658	0.2077294998	0.14383666	-0.0196395353	0.0113793111	0.0100705073	-0.1515792151	-0.0637038713	0.0289659701	0.1194524862	-0.1031176036	0.0909266492	0.0663601047	-0.0764663698	-0.133082825	0.0371008656	0.0447974948	0.2040460536	0.0601138841	-0.0664754117	0.0707398269	-0.0222917206	-0.0835120242	-0.1274992083	0.0778577886	0.0777301106	0.1925011719	-0.1086205609	-0.0802290041	0.0429287075	-0.2002741734	0.1286705742	0.0111094118	0.116394534	-0.1385937719	0.1096904203	-0.1034414224	0.0366662233	0.0446835199	0.0559269601988035	3.2834946679896615e-05	1.0781337234716538e-09	0.0031278248770785	0.0659333317111503	0.1572258537362358	0.0043472042305325	0.0247199690830882	0.0501202861907899	0.0053763185339334	2.8904800978316852e-05	0.0025120430878466	0.0007940400589123	-6.100771632069999e-05	3.7219414506670042e-09	6.304996151574489e-07	-0.0002073451681867	-6.550596872000009e-06	4.291031937945631e-11	4.299201877037091e-08	0.0003900825940593	-9.000294186670003e-05	8.100529544660585e-09	1.5216443018803264e-07	0.0	0.0	0.0	0.0	0.0
868.9013118244702	2.883749044199135	754989.4896902852	8.316008549919424	975.2689465952444	1.823029402848192	3.323436203649036	951149.5181929976	808.6808540493835	1.0392476570706322	1.0800356927267982	653964.7237060403	810.3204100301216	640.5199729138722	1.278431	18.368282	0.122773285346646	0.106473626059795	-0.0563236101	0.0557887911	-0.0849046903	0.0837671021	-0.0423494063	0.0496991463	-0.0511235278	-0.0768392006	-0.1582892623	-0.143714519	-0.1276610889	-0.0171427624	-0.0467050948	0.0865700683	-0.0907321621	-0.1285160367	-0.0179204665	0.1358341162	0.0577619865	-0.0655385773	-0.0467468529	0.0878383854	-0.1254768582	0.0710021185	0.0554145751	0.2518368387	-0.069518865	-0.1464481288	0.0497772936	-0.0032834528	0.141456622	-0.0823921558	0.0151028801	0.0035074452	0.0513855738	0.027388846	-0.1313932752	-0.0286305063	0.1025052084	-0.1343422743	-0.1036459134	0.0839500046	-0.0872747882	0.0716585656	-0.0282623829	-0.1786280827	0.0018575332	0.0941136057	-0.1345328904	0.0038458358	-0.0341446069	-0.062227371	-0.0801883386	-0.0353784372	-0.034843408	-0.1020683454	0.160912378	0.1882526634	0.1572035834	0.0341698096	0.1216087702	-0.0702211343	0.0412734772	0.079956862	0.0290812925	-0.0983083794	-0.0598804918	0.1387867923	0.1358942672	-0.0433363872	0.0844343954	-0.0761911632	0.0601963545	-0.0184959088	-0.1053781374	0.0317602278	-0.1260926842	-0.1265708453	-0.0788923451	-0.1106971752	0.087834725	-0.0280017859	0.0239414525	0.1215556146	-0.0129870736	0.0481784198	-0.0646514049	-0.0094232182	0.0635626862	0.1698626089	-0.0606401302	0.1052344529	-0.1054279714	0.0430942802	0.0350428114	0.0644823022986571	0.0085553420998536	7.319387844552749e-05	0.0041579673097353	-0.0399747212832863	-0.1059080529944366	0.0015979783416764	0.0112165156890723	0.0503272493079407	0.0002069631171508	4.283373186077595e-08	0.0025328320229036	0.0007015333948654	-9.250666404690004e-05	8.557482893086031e-09	4.921491041113732e-07	-0.0002078872917505	-5.421235638000026e-07	2.9389795842721553e-13	4.321712607135751e-08	0.0003210728389659	-6.90097550934e-05	4.762346298051047e-09	1.0308776792162277e-07	0.0	0.0	0.0	0.0	0.0
869.6853537412007	0.7840419167305299	756352.6145119575	0.6147217271904832	974.7588889572646	-0.5100576379797985	0.2601587940615312	950154.8916012008	808.8738817060027	0.1930276566192788	0.0372596762199302	654276.9565061366	810.7603419219066	653.7544903874199	1.207541	17.349749	0.0483521957499388	0.0363164829966844	-0.0388037004	-0.0759940892	0.0408986668	-0.0933006743	-0.1041051259	0.0454236007	0.0577203827	-0.0215149253	-0.0415912443	0.004661087	-0.1378898056	-0.1577044954	0.0260057161	-0.0173468554	0.0235229176	0.0292037781	0.0074221428	0.0224069501	0.1557186786	-0.048589426	-0.1019080533	-0.1463407286	-0.0047803804	0.0617156725	0.0893381288	-0.1214857129	0.0088108429	-0.0432374289	-0.0749654874	-0.1417652	-0.0384685187	0.0982893076	0.144863911	-0.0846527909	0.1166468959	-0.0507237269	-0.0225183667	0.0449347475	0.0479422352	-0.0162757007	0.0338616482	0.0416348944	0.0500888426	-0.0089447615	0.0050630858	0.0019285568	-0.0415167272	0.0305219565	-0.1079164615	0.2057350267	-0.0162115193	-0.0091352292	-0.0112303997	0.0834243309	-0.0315871161	-0.0268003563	-0.124971431	-0.1286849399	0.1090264715	-0.1089831034	-0.0129284425	-0.0120369009	0.0365270792	-0.0578852772	-0.1374396341	-0.0107815515	-0.0030310253	0.0164732868	-0.067157475	-0.0607756445	0.098254836	0.0026497594	-0.104710212	0.0011263542	-0.0499450033	-0.003423862	-0.1415761945	-0.0386381908	0.0798484141	-0.0474579286	-0.0729418984	0.0820791865	-0.1827007962	0.0070066174	-0.0521291733	0.0343043233	-0.0384525737	0.0818402877	-0.0509693628	0.012028477	0.0298437972	0.040121577	-0.1073422654	0.0494042187	0.0251860523	0.0601795510374927	-0.0043027512611644	1.851366841545186e-05	0.0036215783630741	-0.0047390606406452	0.0352356606426411	2.245869575571249e-05	0.0012415517809233	0.0503138579783524	-1.3391329588295642e-05	1.7932770814236232e-10	0.0025314843046658	0.0006380446864853	-6.348870838010002e-05	4.030816091773383e-09	4.0710102195212473e-07	-0.0002073615879967	5.257037537999992e-07	2.7636443675941015e-13	4.299882817651316e-08	0.0004330662771629	0.000111993438197	1.2542530199185264e-08	1.8754640041573375e-07	0.0	0.0	0.0	0.0	0.0
868.292900392665	-1.392453348535696	753932.5608723066	1.9389263278482725	973.4629281012568	-1.2959608560078095	1.6795145403044944	947630.0723874728	808.7780530913537	-0.0958286146490081	0.0091831233855481	654121.9391622406	811.0194238763828	657.4029203214978	1.293499	18.584774	0.0504394404040106	0.0297725504521355	-0.0016309403	0.0605434776	-0.0756772109	0.0427133646	0.0958018857	-0.0078453531	-0.0531679341	0.1678421886	-0.0205815491	-0.1224734622	0.0276202558	-0.0548964281	-0.0155071484	-0.0225367471	-0.058225425	-0.0426314217	-0.0370444911	0.0360990952	0.1229698857	0.1977809818	0.0861315689	0.2270077183	0.1086400962	0.1340727987	0.1545411152	0.08363505	-0.0161413768	0.1521033531	-0.0273204057	0.0012865708	-0.0200422773	-0.0317703414	0.1069096246	-0.0400286376	-0.0458183838	-0.1322145019	-0.1630773785	0.0805351151	-0.2069274563	0.0481069885	0.0289962252	-0.0596037554	-0.0156226923	-0.0510828394	0.0296594275	-0.0984518453	0.0529147968	0.1099850716	-0.0031608462	-0.0415859973	-0.3092435462	0.2076232408	0.1097997882	0.0518369712	-0.058045838	0.136714198	0.1424938459	0.0599058789	0.1175716791	0.1468491482	0.1311814343	0.036492825	0.0298315847	0.0799522082	-0.0324458653	0.0582411422	0.033369159	-0.0064222726	0.0107633012	-0.0124547964	-0.0484931316	-0.1307580916	-0.0112708969	-0.0230959949	-0.0965437838	0.0620523491	-0.0237046697	-0.2311390554	-0.1443437568	0.0254494807	-0.0162576152	0.2086281212	0.2168380561	0.2158551004	0.0739035376	0.0806941775	-0.1436124485	-0.0273782847	-0.0814119144	-0.0584536332	0.0630953876	-0.0515923188	-0.1091829923	0.0555787436	0.0151740128	0.0606515212645604	0.0004719702270677	2.227558952383364e-07	0.0036786070317054	-0.01836965619826	-0.0136305955576148	0.0003374442688422	0.0001857931352552	0.0296759664275043	-0.0206378915508481	0.0004259225676645	0.0008806629834063	0.0008650361524365	0.0002269914659512	5.152512561467479e-08	7.482875450221436e-07	-0.0002073500228485	1.1565148200004193e-08	1.3375265288806015e-16	4.299403197527347e-08	0.0003460896468927	-8.697663027020002e-05	7.564934213159075e-09	1.1977804368631377e-07	0.0	0.0	0.0	0.0	0.0
869.369831875205	1.076931482539976	755803.9045747223	1.1597814180857509	975.8841654599368	2.421237358679946	5.862390347067441	952349.9043954372	808.4677754036185	-0.3102776877352653	0.0962722435063428	653620.1438660757	811.0092204214749	653.5181002561344	1.260362	18.108673	0.1101654916060621	0.0891535849018065	0.0502017648	-0.0364691861	0.0853637336	0.10973707	-0.0662016736	0.001285675	-0.0587878476	-0.1293174455	0.0634208108	-0.0506341452	0.0914767822	-0.1248763224	0.0599564695	0.1456023275	0.0176806869	0.1541382099	0.0037269064	0.1126174865	0.0274302017	0.0341256337	0.0583419837	0.0713348924	0.1089823209	-0.1732910535	0.0183025202	-0.0390472118	-0.0243042958	0.0448266717	-0.0265483704	-0.1184440332	0.1488533371	-0.1050478544	0.0855303204	-0.0968680547	-0.1502891833	-0.0339239032	-0.052324653	-0.1479246407	0.0133636755	0.0150016393	0.0524587316	-0.0135397509	0.0573508247	0.1420438377	0.0351029207	0.0304901765	-0.0655609186	0.1646480449	0.0035620742	-0.0439705237	0.0762695227	-0.0226259214	-0.1198726629	-0.014522877	-0.0722515548	0.1309598614	-0.082217893	0.0458339611	0.0021845485	0.2230926183	0.0758927022	0.0470041414	-0.1343575022	-0.0402060387	-0.1190122209	0.0583753988	0.1794857227	-0.0873368631	0.124194945	0.0405337755	-0.0125368441	0.0063004237	-0.0395319038	0.1222808241	0.1465954692	-0.1038154368	-0.0728915218	-0.1264315306	0.0521418365	-0.0263242869	-0.1114103967	0.1667919773	0.0014201842	0.1343597709	-0.071640742	-0.1572826828	0.0574813212	0.1277923283	-0.0765108028	-0.0048436759	0.0897312195	-0.0848653013	-0.1109488906	0.0616009311	0.0050684204	0.055267249269221	-0.0053842719953394	2.899038491979617e-05	0.0030544688417862	0.0699083867314698	0.0882780429297298	0.0048871825353967	0.0077930128635032	0.0202726876317314	-0.0094032787957729	8.842165211103225e-05	0.0004109818638137	0.0007890430828055	-7.599306963099997e-05	5.77494663194201e-09	6.225889865232071e-07	-0.0002073373779456	1.2644902899988741e-08	1.5989356935014363e-16	4.298878829335658e-08	0.0004120818900632	6.599224317050003e-05	4.354976158674407e-09	1.6981148411805929e-07	0.0	0.0	0.0	0.0	0.0
872.4735503566961	3.1037184814911143	761210.0960720184	9.633068412349507	971.4664576603816	-4.41770779955516	19.51614220225049	943747.07835921	809.3725170915534	0.9047416879349156	0.8185575218873204	655083.8714231169	810.910089703583	653.0227436567106	1.361383	19.560129	0.0971953764024599	0.0697676652574539	0.1330241371	-0.1798962863	-0.0877281904	0.0342366393	0.1221752808	0.1120108909	0.2015378809	-0.0530709374	0.024137517	-0.1045553873	-0.0955225291	-0.0475495254	0.0833055002	0.0024426428	0.1903538358	-0.069780608	-0.080202758	-0.0582932789	0.0163565903	0.1575964786	-0.1573290466	-0.0266159108	-0.1258611133	-0.0914899402	0.0416888141	0.1812358372	0.0619036723	0.0320210034	-0.1017199079	-0.0008604763	0.0065193006	0.0593619167	-0.0690488859	-0.1222067389	0.1113408419	-0.0442771313	0.0795678258	-0.0144580343	0.0136216447	-0.0671378299	-0.1260663536	-0.0479114303	0.0954151681	-0.0398022913	-0.1965539956	-0.0306696444	0.1154506695	0.1488432615	0.0226024911	0.1281821003	-0.0498500351	-0.1395004877	-0.054509681	-0.0178040179	0.0113026447	0.0660352596	0.0724345589	0.1120998401	0.0388191858	-0.1387193446	-0.082854261	-0.0643436121	-0.0442671457	0.1166190694	-0.0299029241	-0.133622917	0.0854551283	-0.0631536755	-0.0381411484	0.1227621646	0.1341472704	0.0101772831	-0.0361454924	0.1186643592	-0.1499772959	-0.0846072599	-0.0057827977	-0.1664439745	0.0050341578	-0.1854964091	0.0161710487	-0.1083997422	-0.0405655187	-0.0383678473	0.0223898841	-0.0636963709	-0.0317203555	0.0620758663	0.0367758578	-0.2061594361	-0.1473147376	0.0195224651	-0.1126387502	0.0674542747	-0.0050684204	0.0551012090103739	-0.000166040258847	2.756936755801057e-08	0.0030361432344049	0.0030502182341649	-0.0668581684973049	9.30383127603204e-06	0.004470014694814	0.0161643273427785	-0.0041083602889529	1.687862426384517e-05	0.0002612854784444	0.0009760776473606	0.0001870345645551	3.498192833831588e-08	9.52727573677004e-07	-0.0002071358802293	2.0149771629999818e-07	4.060132967411456e-14	4.2905272878366926e-08	0.0007461019749389	0.0003340200848757	1.1156941710036983e-07	5.56668157007727e-07	0.0	0.0	0.0	0.0	0.0
874.6610145549424	2.187464198246289	765031.8903822812	4.78499961860928	977.4785876431308	6.012129982749229	36.14570692947225	955464.3893008098	810.7121687603264	1.3396516687730582	1.7946665936464397	657254.220576072	812.0614837070681	661.5280634646805	1.461526	20.998957	0.0793231360445873	0.0474164152725142	0.1602777575	0.045960688	-0.0948520845	-0.1544188548	-0.0750593247	0.2540203901	-0.0057419897	0.1183042239	0.0611385621	0.0309273047	-0.0280455156	-0.0780803913	-0.1327681905	-0.2227688428	0.1530595574	-0.0336716298	0.0523533932	0.1727668657	0.0450248478	-0.0324907104	-0.0265067337	0.0112055144	-0.0626841795	0.0104105061	-0.0784404893	-0.000495372	0.0482185805	-0.01553276	0.0866254247	-0.0184334495	-0.0302826472	0.1156222672	0.0230087777	-0.0001667967	-0.1006692704	0.06447632	0.0997006401	-0.0284858909	-0.0649064865	-0.1645934438	0.0727235287	0.0289059707	-0.1229990421	-0.2490213932	-0.0814787395	0.0703321532	-0.1418442869	0.1269504936	-0.0617319781	0.0435941254	0.1091741881	-0.0218439448	0.0200462347	-0.0481298958	-0.0766186654	-0.0547287122	0.0395737937	0.060335724	-0.0652001562	-0.0827575575	0.0513872407	0.0452583291	0.0322792671	-0.0883247469	0.0306035863	0.0183842765	0.0290699486	-0.0598151238	-0.1590620185	0.1257008227	-0.1100294779	0.0447082379	0.028602203	-0.0962010089	-0.0006603551	0.0410155249	-0.1485141156	-0.0782789347	0.1019064891	-0.1297639674	-0.0636744408	0.0262578743	-0.0361051725	0.0792210429	-0.002712043	-0.135830871	0.0411392272	0.0543790547	-0.1580094069	0.0200742336	-0.021567707	-0.0278038481	-0.1142514127	0.0731227308	-0.0151740128	0.0552242504898146	0.0001230414794406	1.5139205662956144e-08	0.0030497178421617	0.0460641113503754	0.0430138931162105	0.0021219023544997	0.0018501950010127	0.0054552917482624	-0.010709035594516	0.0001146834433646	2.9760208058659832e-05	0.0006671354617897	-0.0003089421855709	9.544527402532441e-08	4.450697243773563e-07	-0.0003777607305717	-0.0001706248503424	2.91128395543664e-08	1.4270316956206452e-07	0.0007161256937638	-2.9976281175100048e-05	8.985774330886574e-10	5.128360092686838e-07	0.0	0.0	0.0	0.0	0.0
873.1583548830105	-1.5026596719319514	762405.5127020052	2.25798608965064	978.4665921389402	0.9880044958093775	0.9761528837395426	957396.8719319912	809.6264533462311	-1.0857154140953753	1.1787779604042925	655494.9939579968	812.0732428181418	676.5327026951135	1.382026	19.856726	0.050843674741831	0.0235912476690119	0.135036474	0.0163951969	0.1161190907	0.0569596726	-0.1439893718	0.0877728467	0.0068215715	-0.0997526107	0.0681553001	0.0752351134	0.1888411412	-0.0457702073	-0.0100639129	0.0482544662	0.0886929358	0.0604395295	0.1219138945	-0.0263299514	0.0506145035	-0.0847035363	0.0096390517	-0.0767449241	-0.0124214644	0.0782758721	0.0664759498	0.0012442802	-0.0150540383	0.0813809794	0.138953329	0.1135217471	-0.033347327	0.0871753808	-0.1389415969	-0.0199757783	0.0986030228	-0.0244289281	0.0037624878	-0.1818900811	-0.2040558484	0.0583793444	0.0379436164	0.1837416687	0.0165493998	0.0392516281	-0.0468036592	0.0923161499	-0.1547320167	-0.015633057	0.0110848769	0.082246692	-0.0407254755	0.1189040408	-0.0057158943	0.0497585344	0.0735547914	-0.0766001649	0.0078967813	-0.0505446325	0.0915434812	-0.0954002668	0.0807774444	0.0762866164	0.0351484344	0.028309824	0.0546394935	-0.1228891282	0.0694280249	-0.1997921415	0.0520018967	0.0886868619	-0.1318721282	-0.014072303	-0.1127335459	0.0309236205	0.0501245563	0.033475579	-0.0953479844	0.0964476825	0.0405835633	-0.0579839546	0.0150546883	0.0105929048	0.0137360567	-0.0076768128	-0.0600600164	-0.0835907461	-0.034212702	0.15648784	0.0253930955	-0.1558153588	-0.1251773865	-0.0433530346	-0.1157857731	0.0785907625	-0.0251860523	0.0624660832124561	0.0072418327226414	5.244414118272118e-05	0.0039020115519054	0.0515920334388511	0.0055279220884756	0.0026617379143555	3.055792261625751e-05	0.0058600800435613	0.0004047882952988	1.6385356401098913e-07	3.4340538116945406e-05	0.0009350413301318	0.000267905868342	7.17735542921346e-08	8.743022890546458e-07	-0.0002073123735435	0.0001704483570282	2.9052642413612743e-08	4.297842022423968e-08	0.0004010972864258	-0.0003150284073379	9.924289742991681e-08	1.6087903317814025e-07	0.0	0.0	0.0	0.0	0.0
871.1818707473706	-1.9764841356399077	758957.8519188883	3.906489538436232	977.4303473168676	-1.0362448220726037	1.073803331272282	955370.0838559724	809.0079790644285	-0.6184742818026052	0.3825104372512483	654493.9101899107	811.733429064755	663.9461430567077	1.157497	16.630726	0.0829213478041438	0.0626031352135495	0.0749588106	0.1031487703	-0.0981535062	0.0749147497	-0.0837329379	0.1123227077	-0.0245699317	-0.0581393806	-0.0844189435	0.0188568837	0.1320314256	0.1357458475	-0.0831591241	0.0509445019	0.0044761827	-0.0992279591	0.0484038766	0.0100899485	0.0865749815	-0.0351944423	0.0556570186	0.0130892909	-0.0605305287	0.0877229056	-0.1345346139	0.0214879581	-0.0517518588	0.0242477979	-0.0484286391	0.0857587222	0.0457887798	0.0066661433	-0.1375949936	0.021087586	-0.0634577439	-0.0785443282	-0.1845338482	-0.0889544467	0.0778055176	0.0050065023	-0.0432595752	0.1626783632	-0.0943573966	0.0420590291	-0.0979238141	-0.0438960873	-0.0344649743	-0.0608653314	0.0002013938	0.0337110934	0.063049578	0.1088591079	0.0830936831	0.0517778059	-0.0518418988	0.0279133077	0.1209028586	-0.0870577908	0.0496786329	0.0199534736	-0.0133648284	0.0436871415	-0.0463613845	0.0733207706	0.0317920343	-0.1635077932	0.0713179589	0.0269056366	0.0877476329	0.0586150225	-0.0294690022	-0.0743060845	0.0656847239	-0.0622221032	-0.084346088	0.1124689997	-0.0145441865	0.0290413016	0.013150007	-0.1743954579	-0.0327578954	0.0631868442	0.0894823047	0.0252593204	0.0094473844	-0.0626876988	0.0979147403	0.2113675873	-0.1172056175	-0.0960739343	-0.0280534431	-0.0535639867	-0.1172407796	0.0838433825	-0.0350428114	0.055370279879682	-0.007095803332774	5.035042493740799e-05	0.0030658678939543	-0.0100056144292182	-0.0615976478680692	0.0001001123201061	0.0037942702228786	0.0076128319073518	0.0017527518637905	3.0721390960210726e-06	5.795520964959365e-05	0.000998028037447	6.298670731519991e-05	3.967325298410658e-09	9.960599635303102e-07	-0.0001112546726573	9.60577008862e-05	9.22708189954267e-09	1.2377602188082977e-08	0.0004915557730146	9.045848658879998e-05	8.182737795936107e-09	2.4162707798398093e-07	0.0	0.0	0.0	0.0	0.0
871.0183645821483	-0.1635061652223157	758672.9914393601	0.0267342660657072	974.2636262663118	-3.166721050555793	10.028122212033187	949189.6134655837	808.163945601434	-0.8440334629945028	0.7123924866544927	653128.9629700775	810.5109187397782	664.3347486727646	1.176517	16.904007	0.0858085013510514	0.0532426079746199	0.0243111074	0.0350245649	0.1295899463	-0.0312266063	-0.0043736542	0.0032023673	-0.0298674328	-0.1180760915	0.0826979143	-0.037029726	-0.1529934425	-0.0555782885	0.021520465	0.0615542505	-0.0627945058	0.0716513052	-0.1025785511	0.0683734278	0.0514146868	0.0207330943	-0.0141920278	-0.0112873668	-0.0029483724	0.0020251577	-0.0449016106	-0.1020645021	-0.1726732215	-0.0371847993	-0.1355402425	-0.1077757699	-0.1185278203	0.0147581356	-0.0703605272	-0.0636621394	0.0334208169	0.1610819305	-0.1335030585	0.0644418885	-0.0595178597	-0.0585238097	-0.1134542777	-0.1487311699	0.011567683	0.1160843569	0.0716532018	-0.0132104907	0.0931319675	0.0682219206	-0.0652170931	0.0807993571	0.1470996173	-0.0217126548	0.1231292288	0.032932001	-0.0011010748	0.0150742142	-0.0121016511	-0.0571602676	0.0480861614	-0.0407523216	-0.101686797	0.1672987122	0.1084090052	0.1065210581	-0.0270241138	0.1239272194	-0.1033013444	-0.0555152561	0.0541512688	0.0037249994	0.1139163395	-0.002784109	-0.0871158814	-0.1221871512	0.04037347	-0.1027269669	0.0245576759	0.0189966672	0.0293310599	-0.1257223872	0.0622242165	-0.0234122848	-0.0059098864	-0.009229254	0.0878992597	0.08924725	0.0282687927	0.0291326523	-0.0455726301	-0.0367818641	-0.0049980102	-0.0559172803	-0.1186154352	0.0888661936	-0.0446835199	0.0553871943214829	1.6914441800894298e-05	2.8609834143584034e-10	0.0030677412948057	0.0092427217687429	0.0192483361979611	8.542790569439388e-05	0.0003704984463897	0.0393507287222263	0.0317378968148745	0.0010072940942316	0.0015484798509702	0.0004060513786617	-0.0005919766587852	3.5043636454660735e-07	1.648777221130673e-07	-0.0002078985537401	-9.66438810828e-05	9.340039750746391e-09	4.3221808647225247e-08	0.0004990423110748	7.486538060200035e-06	5.6048252126823695e-11	2.4904322824287745e-07	0.0	0.0	0.0	0.0	0.0
870.074951682201	-0.9434128999472478	757030.4215447844	0.8900278997868757	971.4519750154936	-2.8116512508181586	7.905382756227316	943718.9397615033	807.3659153786026	-0.7980302228313576	0.6368522365522663	651839.721315129	810.2188356301855	652.4979085811165	1.223089	17.573139	0.0823647792841923	0.0436403869446806	0.0386146318	-0.1270414295	-0.0155446833	-0.0697935393	0.1145565367	-0.042993603	0.1833366163	0.0356720416	0.0968818085	-0.0410409446	-0.0761200253	0.0190709579	0.2025909333	-0.0976071937	0.0445838976	-0.0627949429	-0.0973700054	-0.0422323012	-0.0530441712	0.0481647354	-0.0043565236	0.0292693689	-0.0075158545	0.1011746111	-0.086594044	0.0343083719	0.0838992731	-0.0950674944	-0.0378574167	-0.0179594978	0.0531557977	0.0185247711	-0.0233727225	-0.1530198029	0.0804727927	-0.0995785507	0.002091807	0.0086467107	0.0472985949	0.0612992854	-0.0253961023	0.1416794803	0.1913116173	-0.0944917565	-0.0277459725	-0.0511589526	0.128868926	-0.009405541	-0.0071305942	-0.0306531583	0.0469981654	-0.026028026	0.0090704522	0.0494978343	-0.0946267467	-0.0113933317	0.049925597	-0.0318867304	-0.0244120936	0.0427546812	-0.0564666686	-0.0207698015	0.0140102699	0.2111179738	0.0183688792	-0.0079119347	0.1193486706	0.0446208827	-0.1268473145	0.0786484747	0.0384095061	-0.0511363726	-0.0468072325	0.0583275125	-0.0459579547	-0.019972816	0.1285792557	-0.0293809318	-0.1112925538	-0.0228645514	0.0805571274	-0.0409801306	-0.0238817556	-0.0439825323	-0.0463778427	0.0127980117	-0.0534145945	0.0476726309	0.0546784817	0.1757139295	-0.039915032	-0.122855527	-0.1199087977	0.0936454286	-0.0540487397	0.0741456268278	0.0187584325063171	0.000351878790094	0.0054975739776873	-0.0080847408652289	-0.0173274626339718	6.536303485790216e-05	0.0003002409613316	0.0194741706432779	-0.0198765580789484	0.0003950775610658	0.0003792433222435	0.0008890474864867	0.000482996107825	2.33285240174099e-07	7.90405433228319e-07	-0.0002072979808638	6.005728763000149e-07	3.60687779747273e-13	4.297245287020839e-08	0.000454592470477	-4.4449840597800033e-05	1.975788329169832e-09	2.0665431421438213e-07	0.0	0.0	0.0	0.0	0.0
870.4386482059189	0.3636965237178629	757663.4402905474	0.132275161364458	975.7158834436436	4.263908428149989	18.18091508364851	952021.48520421	808.1978709330411	0.8319555544385366	0.6921500445611329	653183.7985807006	810.4594966754759	660.9742348253628	1.262407	18.138058	0.0791870239932303	0.036286354833653	0.0251990508	0.1291500988	-0.0371554898	-0.0777276475	0.1191645134	-0.0162835512	-0.0872349554	0.1313106788	0.0424719192	-0.1257552209	-0.0146688747	0.0827442101	-0.0107873056	-0.121947634	-0.0916945268	-0.0500975508	-0.1140726178	0.115018471	0.0071818041	0.0684824545	0.026344698	-0.037982053	0.0983593555	-0.0063855477	0.0039960484	0.0540140134	-0.0290365329	-0.0291734656	0.0681998237	0.0501741126	0.0287086939	0.1094127041	-0.0838989932	0.0611817608	0.0835894585	0.1048475145	-0.1385960911	0.0859147608	-0.0766923904	-0.1987972295	0.0471609087	-0.0460735207	-0.0460245998	-0.1064210209	0.1188962432	-0.1101845864	0.0948404733	0.1142055354	-0.030637891	-0.0846812396	0.013608502	0.0557156966	-0.0581680968	-0.0429410893	0.0030607522	-0.0134631724	-0.0178168096	-0.0771285699	-0.0411378347	-0.0298647192	0.0131125696	-0.0287994669	0.0455664084	-0.0285789504	0.1486420867	-0.0092506727	-0.0783162031	-0.0201516022	-0.0558923856	0.0092228808	-0.082193897	-0.0637738796	-0.0037806581	-0.1383061019	-0.0458092945	-0.0658213525	-0.0036163144	-0.0584571337	-0.210384657	0.154381126	0.0827305232	-0.0875537478	0.0433324685	-0.0414045381	-0.1436446389	0.1407399485	0.0150629147	0.0681085157	0.0283046596	-0.0006053173	-0.027192215	-0.1175322784	-0.1211199807	0.098167988	-0.063080731	0.0568160448699046	-0.0173295819578954	0.0003003144108354	0.003228062954659	0.0145878148190803	0.0226725556843092	0.0002128043411957	0.0005140447812581	0.0354617475396707	0.0159875768963928	0.000255602615018	0.0012575355385673	0.0007259972010357	-0.000163050285451	2.6585395585652602e-08	5.270719359116705e-07	1.1194876896158943e-05	0.0002184928577599	4.773912889211365e-08	1.253252687201533e-10	0.0005369955163587	8.240304588170001e-05	6.790261970581558e-09	2.8836418458934684e-07	0.0	0.0	0.0	0.0	0.0
870.3711897853183	-0.0674584206005874	757546.0080083106	0.0045506385099257	973.9800905080942	-1.735792935549398	3.0129771151031965	948637.2167061556	807.9339077305727	-0.2639632024684033	0.0696765722573752	652757.1992607936	810.7812685353844	660.220341801445	1.202825	17.281992	0.0293536189050075	0.0171381493800001	0.0459842337	-0.0598990202	0.1110895092	0.0764665661	-0.0369472805	-0.0779908542	0.0164298673	0.0067212992	0.0661757886	-0.0711523447	0.1096958712	-0.0802976041	0.0881586524	0.0236378486	-0.0473802418	0.0565362883	0.1885167753	0.0885137696	0.0591855032	0.0137276091	-0.0696366464	0.1475402116	0.0406880478	-0.0939905027	0.0319878818	-0.0760831935	-0.0660076159	-0.0480253046	-0.0468125512	0.117373697	-0.1321549606	0.2131011527	-0.0241849073	-0.0337183036	-0.1524578931	-0.0337716473	0.0770047907	-0.1724249396	0.047572814	-0.0948025318	-0.0760974742	-0.0594024117	0.096932896	0.0488878858	0.0775765979	-0.02244025	-0.1868927189	0.0809364624	0.0211183657	-0.0583714317	-0.0679163329	0.0545717446	0.0536292799	-0.153877761	0.0605388228	-0.0510021322	-0.0365787719	-0.0123868372	-0.0037182548	0.0410313192	-0.1176882498	-0.013826135	0.0316138296	-0.1214803509	-0.0262682463	0.0592551789	0.0745522569	-0.1820695839	0.0085143934	-0.0151366692	-0.1006699364	-0.0301510677	-0.1930259755	0.0487963128	0.0316126852	0.0183219866	-0.0351106984	0.0318435541	0.0240054585	0.0907979158	0.0192828068	-0.1165805674	0.036367964	0.1534592815	-0.0181768337	0.0818945954	0.0243484794	-0.0430344366	-0.0374312862	0.0454073546	0.0793628618	0.0578005194	-0.1222481541	0.1024214758	-0.0717238087	0.0732607105728249	0.0164446657029203	0.0002704270300808	0.0053671317136352	0.0147700622417374	0.0001822474226571	0.0002181547386247	3.3214123065155745e-08	0.0378888707522691	0.0024271232125984	5.89092708913398e-06	0.0014355665268821	0.0008420032321653	0.0001160060311296	1.3457399258441742e-08	7.089694429768122e-07	-1.4800925338676052e-05	-2.5995802234835e-05	6.757817338326521e-10	2.1906739088106277e-10	0.0004730056983865	-6.398981797220004e-05	4.094696804115295e-09	2.2373439070610058e-07	0.0	0.0	0.0	0.0	0.0
872.8094393430241	2.4382495577058307	761796.317406284	5.945060905652679	976.595019204276	2.614928696181778	6.837852086114933	953737.8315346002	809.0940196574235	1.1601119268507318	1.3458596828213178	654633.1326454071	811.8165304315914	658.3727799414002	1.245754	17.898783	0.1223074951216331	0.0802136706920314	0.070394591	-0.0423774029	-0.1243568519	0.1218066565	0.0674513572	0.1103617168	0.1184535045	-0.0635898001	-0.05539181	-0.0927264034	0.0279111005	-0.0267130675	0.0203627005	0.0988863884	0.0787666814	-0.1096701632	0.0658786492	-0.0575072251	-0.057017279	0.0283151727	-0.0725385078	-0.1075603721	0.0642450603	-0.1440648494	-0.0586072865	-0.0408365488	-0.081439435	0.1665857049	0.0937242544	0.0352024689	-0.0716074924	-0.0269711337	-0.0886880751	-0.2037818273	-0.0371407368	-0.0440698624	0.0784249854	0.033976287	-0.0369195843	0.1259010857	-0.0228383198	0.2504662784	0.0250920051	0.0474657435	-0.1719005393	-0.0774289596	-0.0383040335	0.0135626892	0.1055662123	0.0180880315	-0.0581185267	-0.0469935266	-0.0460344248	-0.0102051698	0.2674092695	0.0664316927	-0.033941408	-0.0644931688	-0.1152780417	0.1061254958	-0.054651774	0.1936359665	-0.058263957	0.0126562959	0.07585794	0.0074238753	-0.0749279526	-0.1167647226	0.0923348302	0.0501455547	-0.0770907674	0.178885734	0.0685163773	0.0899487131	-0.0986542996	-0.1103203548	0.0376560988	0.0815619072	0.0121545077	-0.0209493287	0.0309405071	-0.0298785163	-0.1246447212	0.08028152	-0.0416678358	0.0395449181	0.0347262202	-0.1155677809	0.0584996611	-0.0458786508	0.0865188811	0.1080291011	-0.1232925447	0.1063942335	-0.0799246852	0.0733299053403868	6.919476756189757e-05	4.7879158579450335e-09	0.00537727501723	0.0904494042953274	0.07567934205359	0.0081810947373795	0.0057273628136642	0.022959193562329	-0.0149296771899401	0.0002228952609958	0.0005271245690324	0.0004205505275812	-0.0004214527045841	1.776223822012527e-07	1.7686274624882566e-07	-0.0002058961714157	-0.000191095246077	3.6517393073238345e-08	4.2393233403643326e-08	0.0004930433699362	2.0037671549700056e-05	4.015082811336591e-10	2.430917646380446e-07	0.0	0.0	0.0	0.0	0.0
873.5926105044692	0.7831711614451251	763164.0491280133	0.6133570681193062	982.0606725923308	5.465653388054761	29.87336695835449	964443.1646525012	811.0641390162021	1.9701193587786747	3.8813702878344967	657825.0375980933	812.7985568667787	670.0073307056396	1.31486	18.891693	0.1223051500257604	0.0931348210863437	0.0983659878	0.1764711634	-0.02058019	0.07012323	-0.0138118964	0.1532734374	-0.1631976302	-0.0878351953	0.0282377069	-0.0571967043	-0.0956846203	0.0379202059	-0.217662092	0.1229289235	0.0494464527	-0.0830832206	-0.0233263353	0.0847406674	0.06876364	0.0470490439	-0.0285873801	0.1439074609	0.1484560484	0.0387896198	-0.0198264112	-0.0247240159	-0.0317428968	-0.0181102213	-0.0050541169	0.1302393697	-0.0513442712	-0.0032019512	0.0162684674	-0.0422031705	-0.0460951965	-0.023003363	0.0410641509	0.0081404157	-0.09725192	0.1460763239	-0.0321790593	0.0836043908	-0.2177411115	0.0735526638	-0.069511193	-0.0094942932	-0.0007497339	0.134499491	-0.0327800914	-0.0275521423	-0.0377663976	0.0694062495	0.0468728782	-0.0513529395	-0.012194998	-0.0694071119	-0.0099841421	-0.0533735941	0.0049930914	0.1168197448	-0.0055642876	-0.0263683311	-0.0434056497	0.0455436894	-0.076385818	0.0943166961	0.0175098025	-0.0582970243	0.1542679745	0.0475298891	0.0196449419	-0.0052045462	-0.0200519256	-0.1899853145	-0.0612412585	0.0384285678	-0.0217462561	-0.054465257	-0.0545725483	0.0509147563	-0.0344724851	-0.0401449146	-0.1246444132	0.043511339	0.0330578154	0.007092087	0.0657885245	0.0264454266	0.006357999	-0.0079908035	0.0289128601	-0.097616808	-0.1242524367	0.1100753719	-0.0876327994	0.0554672504875952	-0.0178626548527916	0.0003190744383899	0.0030766158766536	-0.0005576501832962	-0.0910070544786236	3.109737269302855e-07	0.0082822839648751	0.0164474460231787	-0.0065117475391502	4.240285601362997e-05	0.0002705184806853	0.0004410306274763	2.0480099895100025e-05	4.19434491713276e-10	1.945080143721389e-07	-0.0001178847454565	8.801142595920001e-05	7.746011099371745e-09	1.3896813211343796e-08	0.0005230257071858	2.9982337249600003e-05	8.989405469487519e-10	2.7355589037720626e-07	0.0	0.0	0.0	0.0	0.0
873.0138909018347	-0.5787196026345782	762153.2537075605	0.3349163784735241	980.5142285273624	-1.546444064968341	2.391489246075807	961408.1523446088	810.1456519802746	-0.9184870359275692	0.8436184351670117	656335.9774225442	813.0263269635224	667.5330160969307	1.309014	18.80769	0.0610606401209981	0.0315001945204034	0.0732805725	-0.0668779875	0.0977336621	-0.0856535204	-0.1266051986	0.0471603491	-0.0285355873	-0.1207582746	0.1463257292	0.118391735	-0.0325445952	-0.0265642718	-0.0941560961	0.0334837798	0.0842174663	0.1991341953	-0.111483704	-0.0832446427	0.1157537212	-0.0587949103	-0.0026876342	-0.0183561316	-0.1115246775	0.0384403433	-0.0230457694	-0.0515880968	0.1600665648	0.0263409777	-0.1639514769	0.0250457688	0.0418998902	-0.0907684315	0.1140085454	-0.08260691	-0.0003422535	-0.0789578347	0.0389499624	-0.0194349898	0.0410783743	0.0945635434	0.0298033504	-0.1498914842	-0.0304537795	0.0842742054	0.0038100378	0.2197722665	0.0210023487	0.0143099517	-0.0644184706	0.1510651183	0.0101548758	-0.0334165602	0.0600871204	0.0832489505	-0.0367002224	0.0312791773	0.0577426222	0.0099312006	-0.0911306205	0.0847073535	-0.1273287334	-0.0776791188	-0.0373566683	-0.0216993782	0.0082742889	-0.0493516449	-0.1124284216	0.0847174377	0.017446327	0.0873908244	0.1761327322	0.0221323285	-0.0826621081	-0.0613146753	0.0867485922	-0.0015738286	-0.0365590367	0.1155344162	0.0837421594	-0.0358433583	-0.0022184685	0.0420951524	-0.0664676338	0.0044054309	0.0442415128	-0.0006418651	0.0584698433	-0.0913176368	0.1000581608	0.0388846773	-0.0793522183	-0.1302423429	-0.1251271724	0.1134548014	-0.0948006283	0.0675395252344372	0.0120722747468419	0.0001457398175632	0.0045615874688931	0.0219772829833715	0.0225349331666677	0.0004830009673311	0.0005078232128261	0.0163632064369352	-8.423958624349803e-05	7.096307890475743e-09	0.0002677545248977	0.0007375851702423	0.000296554542766	8.794459683515131e-08	5.440318833613626e-07	-0.000334811954779	-0.0002169272093225	4.705741414444775e-08	1.1209904506293516e-07	0.0005091236068494	-1.3902100336399986e-05	1.9326839376333257e-10	2.592068470513425e-07	0.0	0.0	0.0	0.0	0.0
872.3663994924035	-0.6474914094311544	761023.1349633398	0.4192451252871427	976.8197703518712	-3.6944581754912633	13.649021210454237	954176.8637502824	808.0457608519482	-2.0998911283263624	4.409542750823763	652937.9516308039	811.1636181717399	657.9210880171638	1.136628	16.330885	0.0613808064560782	0.0310597152584762	0.0731654474	-0.1366789226	0.0014629743	-0.1204929948	0.0268555862	0.0202843895	0.14021435	0.0931561724	0.1046905007	0.0596954807	0.0024200886	0.0076588255	0.1446979608	-0.0697976661	0.0978337373	-0.0205776903	-0.1028067055	0.0197448625	0.0437981761	0.0239586911	0.0514270786	0.0044103417	-0.1422051664	0.0272249465	0.0316213157	-0.0750324492	0.0630002912	-0.1216516604	0.0478462681	-0.1440669563	-0.0647448084	-0.1816483414	-0.0179841879	0.1926970703	0.001654307	0.1130945332	0.0846421443	0.2162421511	0.0727919227	-0.0819490941	-0.0478918078	-0.1242057934	0.1553678023	-0.1107605577	-0.0514537299	0.038030491	0.0986765653	0.0009792319	-0.0585916775	-0.0340836762	0.0229844394	0.0540812669	0.1361147335	0.0943901735	0.0155807066	-0.0955040305	-0.1339586065	0.0186161872	0.0454107866	0.0270371886	0.0288572803	-0.1107377591	0.1275972676	-0.1149508307	-0.1076014794	-0.0271768113	-0.0862133947	0.2335943198	-0.1358056503	0.0970697806	0.0539600904	0.0490580988	-0.125703378	0.0831603549	-0.0243882512	-0.0138606735	0.0382296818	0.0513688796	-0.0470888187	0.1144110585	0.0010395506	0.0853786934	0.1481345635	-0.0341104057	0.0686608512	-0.028790364	0.0912256905	0.000621952	-0.0647191347	0.0211536086	-0.0906124907	-0.1600827134	-0.1259161521	0.1165232592	-0.1013839798	0.0552290075561643	-0.0123105176782728	0.000151548845507	0.0030502432756388	0.0468249909101246	0.024847707926753	0.0021925797737332	0.0006174085892132	0.0163145682921879	-4.8638144747301104e-05	2.365669124459414e-09	0.0002661651385604	0.0007810435322182	4.345836197590001e-05	1.8886292256283517e-09	6.100289992198824e-07	-0.0001177144121609	0.0002170975426181	4.713134301081774e-08	1.3856682830386244e-08	0.0007320465563815	0.000222922949532	4.9694641428091183e-08	5.358921607100126e-07	0.0	0.0	0.0	0.0	0.0
872.1681945060622	-0.1982049863413522	760677.3595079642	0.0392852166105756	977.7253959152724	0.9056255634012588	0.8201576610858472	955946.9498176762	807.5743337251893	-0.4714271267589538	0.2222435358442027	652176.3044916834	810.5983437043744	658.4997624224316	1.03503	14.871135	0.0867822859198161	0.0386157685225646	0.0397132797	-0.0079255595	-0.1161085528	-0.0865419075	-0.0382141381	0.0536773378	0.0463622242	0.1259735449	-0.0634914303	0.0387751998	0.0268511615	0.1235396782	0.0573303846	-0.1299007564	0.0135068465	-0.1959878316	-0.0195267269	0.0179429677	0.0217729491	-0.1184221775	0.0311459146	-0.0883792404	-0.0484326387	-0.1304090396	0.0379271082	0.0187881205	-0.0561585402	0.0067811551	-0.2026333712	-0.0440939141	0.0238014744	0.1376223321	-0.0994562055	0.2572170754	-0.0692658005	-0.0944114378	0.0909486506	0.0292706936	-0.0528686292	-0.0071665549	-0.0715293172	-0.1426512441	0.0238748141	-0.1506275725	-0.0694087856	-0.0821203761	-0.0071095112	-0.0985110111	-0.0686654757	-0.0101250854	0.1294126321	0.0095313559	-0.0444414736	-0.0600006995	0.0466128652	-0.0254500445	-0.0131840096	-0.0077487554	-0.0107574001	-0.0790371389	-0.2109193643	-0.1263127068	0.149736973	-0.0769490003	0.0787045068	-0.0193679288	-0.0439227827	0.0264474086	-0.0992025377	0.04374665	-0.0337196641	0.0451695275	0.0440222772	-0.0525707135	-0.1254504089	0.0622662101	-0.019280659	0.1702185692	0.0152688994	0.0558869196	-0.0233243335	-0.0305233607	-0.0042723042	-0.0176886943	0.0140487981	0.0920528494	0.0859469174	-0.0765607957	-0.0216118158	0.0835250279	-0.1283172519	-0.0082156179	-0.1266188352	0.1192723348	-0.1073422654	0.0750296566731663	0.019800649117002	0.0003920657054546	0.0056294493804932	0.0281889562398447	-0.0186360346702798	0.0007946172538918	0.0003473017882318	0.0301000856149471	0.0137855173227591	0.000190040487856	0.0009060151540271	0.0004050419475794	-0.0003760015846388	1.4137719165088866e-07	1.6405897929891346e-07	-0.0001769034679273	-5.91890557664e-05	3.503344322518008e-09	3.1294836964705256e-08	0.0004760355005912	-0.0002560110557903	6.55416606868641e-08	2.2660979782311437e-07	0.0	0.0	0.0	0.0	0.0
870.2190540147221	-1.9491404913400172	757281.2019702778	3.799148654981205	975.4564118437714	-2.268984071500995	5.148288716725232	951515.2114071256	808.0830112318365	0.5086775066472455	0.2587528057688585	652998.1530415124	810.111996385929	669.340968690577	1.424272	20.463697	0.0923254125731986	0.0572407804330597	0.0011022225	0.1501509561	0.1391585791	-0.0316096858	0.1110388923	-0.0661688284	-0.0814538846	0.0734464645	0.0638988769	-0.0190339429	0.0538041116	0.0217319977	0.0088121924	-0.1102975356	-0.1381484007	0.0642680961	-0.0666596615	-0.1023919273	0.0188333754	0.1205209077	0.1330923034	-0.051228934	-0.0451102559	0.0535210251	-0.124740897	0.1074488627	-0.081638263	-0.1098327291	0.1438196987	0.0642575155	-0.1527606452	0.0873313727	-0.0607019409	0.1327637957	-0.0102178856	-0.16698131	-0.0825698421	0.0489996745	-0.032418551	0.0030908315	0.0540228701	0.0135038493	0.0142917783	-0.0474314974	0.1783876671	-0.0331833714	0.09566722	0.0132575613	0.1284720651	0.0170365344	0.0729458184	0.1582904248	0.0484631755	-0.0056792791	0.1211453213	-0.0619105339	0.1289917735	-0.128987544	0.0415329828	-0.0364326646	0.0220081946	-0.1510290861	-0.0602574765	0.0728825458	0.153401948	0.1593763718	0.1287110732	-0.0469395924	-0.02198382	-0.0248288651	-0.0997235211	-0.1574740513	-0.0745157261	-0.1663460057	-0.0079822887	0.0332855437	0.2480326239	0.0588503371	0.0374578849	0.023903652	-0.0711680935	0.100755705	-0.0289466528	0.098146923	-0.1265798828	0.0794699233	-0.0315057815	-0.0089434182	-0.0555222761	0.0488089691	0.0981338906	-0.0413863504	-0.1272347401	0.1216944932	-0.1126387502	0.0749923962200966	-3.726045306970405e-05	1.3883413629596175e-09	0.0056238594908319	-0.0224602435855842	-0.0506491998254289	0.0005044625419237	0.0025653414429562	0.0312316533781569	0.0011315677632098	1.280445602735632e-06	0.0009754161727333	0.0008390114167283	0.0004339694691488	1.88329500153378e-07	7.03940157400429e-07	-3.270305551139607e-05	0.0001442004124159	2.0793758940916782e-08	1.069489839781453e-09	0.0007080133096562	0.000231977809065	5.3813703898597636e-08	5.012828466503263e-07	0.0	0.0	0.0	0.0	0.0
868.2615378531368	-1.9575161615853176	753878.0981150941	3.831869522867715	973.9771716358896	-1.479240207881844	2.188151592614321	948631.5308678471	808.5479444402273	0.4649332083907893	0.2161628882645531	653749.7784585169	811.209365968113	665.1699919486402	1.518014	21.810575	0.1508445239499822	0.0921433465612969	-0.0535380179	-0.05351817	0.0409865697	0.1609148536	0.0408456331	-0.1460462816	0.0477963739	-0.0830300707	-0.0577825638	-0.0396455342	0.0467081511	0.1801777334	0.0199928987	0.1521441349	-0.0204152817	-0.0137860126	0.1150267624	-0.1745535871	-0.1257556919	0.0495446282	-0.0328849437	0.0233893532	0.0603588469	-0.059966539	0.0030885535	0.1571142516	0.1627823463	-0.1501388397	0.061116886	0.0235185314	0.0454102838	0.0187846915	0.0804430432	0.0805635128	-0.0868825567	0.147772638	-0.0331244035	-0.0249152335	-0.0526296942	0.122856635	-0.0450340179	-0.0013978721	0.0333862053	0.1552404539	-0.0313143751	0.0033933649	0.0173247389	-0.0776601932	0.1516650027	-0.0956723126	-0.0860325081	-0.0450812042	-0.1469030525	-0.0796275966	-0.0598202815	-0.2575136959	0.0184367385	0.1884567361	0.0113635646	-0.0821456801	-0.0035603032	-0.0124487043	-0.178218396	0.0460350219	-0.0355711827	-0.0175967852	0.00233827	-0.0561474944	0.120110814	-0.0659156539	0.0368564408	0.1418609475	-0.0155098704	0.1326638782	-0.0227038353	-0.0624105323	0.1032293418	0.1200261412	-0.0640479213	0.038288154	0.0300540136	-0.1192664723	0.0355845948	0.0240302651	0.1666307634	0.0557509117	-0.1691017088	0.0651447168	-0.146158495	0.0093834454	-0.0875773893	0.2423607002	-0.1277634447	0.1237830955	-0.1172407796	0.0646715621113855	-0.010320834108711	0.0001065196166995	0.0041824109459267	0.0611486424937055	0.0836088860792897	0.003739156478823	0.0069904458314196	0.0446361029293882	0.0134044495512313	0.0001796792677715	0.0019923816847229	0.000311026355631	-0.0005279850610972	2.7876822474191946e-07	9.67373938971013e-08	-0.0001179298794073	-8.522682389590392e-05	7.2636115113834205e-09	1.390745645702032e-08	0.0004510181104344	-0.0002569951992218	6.60465324230527e-08	2.0341733593981667e-07	0.0	0.0	0.0	1.0	0.0
869.4652990823355	1.203761229198676	755969.9063083351	1.4490410969219076	973.9887743101016	0.0116026742119856	0.0001346220488694	948654.132482094	809.139965281767	0.5920208415396928	0.350488676817366	654707.4834161791	811.7442192358684	643.9979049949202	1.473944	21.17738	0.1031665196084974	0.0635255565280723	-0.045456324	-0.0951638833	-0.1377226514	-0.0597575218	0.0817525724	-0.0110519959	0.0942888622	0.0841261973	-0.0354506904	0.0272890517	-0.0595375294	0.0284821105	0.0106093866	-0.0773745769	0.0629298364	-0.0486243161	0.0619204376	-0.146620013	-0.1124358874	0.0718513418	0.0069564703	-0.0046383156	0.0515495714	-0.0549417496	-0.1097139367	-0.0170961815	0.1354958427	0.1069714219	-0.0849572652	-0.0287127566	-0.0230169438	-0.1004317501	0.0938342143	0.0334425188	0.0480524297	0.0620905867	-0.0488974159	0.0689275921	-0.0116735537	-0.0599694843	-0.0062677815	0.1005164989	0.010187444	-0.0895379463	-0.0760214889	0.0159977504	0.0298319724	-0.0901604109	0.1116655152	0.0039007622	-0.0311102331	-0.0564285665	-0.1015688635	-0.0270424436	-0.0462397577	0.0465931945	0.0215328379	0.0550354973	-0.209087913	-0.0292582497	0.1327597123	0.0663722564	-0.0626869838	0.0496961426	0.0414478246	0.0786167242	-0.134820348	-0.003506652	-0.0946756447	0.0139465964	0.0506149282	0.035711172	0.1410463224	0.083457072	-0.0513897511	0.017586258	0.0623420172	0.0121714751	-0.0038247517	0.0067796958	-0.0417307584	0.1279151963	-0.0801319105	-0.0857433613	0.1267981151	0.0717402115	0.0836616548	-0.1186116286	0.0630408001	0.0912097625	0.0506825283	0.0730919171	-0.1282045865	0.1255324169	-0.1211199807	0.0612728155172135	-0.0033987465941719	1.1551478411395752e-05	0.0037543579214064	0.0034142896740974	-0.0577343528196081	1.1657373978648127e-05	0.0033332554954989	0.0342786300864759	-0.0103574728429123	0.0001072772436916	0.0011750244806054	0.0006895769694804	0.0003785506138494	1.4330056724575757e-07	4.755163968377726e-07	-0.0002908161761732	-0.0001728862967659	2.9889671609426854e-08	8.45740483240017e-08	0.0005331001468552	8.20820364208e-05	6.737460702985538e-09	2.841957665770358e-07	0.0	0.0	0.0	0.0	0.0
870.6412413751116	1.1759422927760852	758016.1711831953	1.382840275939476	980.189396742936	6.200622432834393	38.44771855456911	960771.2534872808	809.6745210107969	0.5345557290298757	0.2857498274386619	655572.8299740633	811.8660653689266	664.292476787345	1.627462	23.383108	0.0945285065085164	0.0624584504130393	-0.05709794	0.1770046012	0.0528894123	0.0711360154	0.0793208421	0.0345026125	-0.164591252	-0.0291201323	0.0395163662	-0.0200854517	0.0140897723	-0.0031275977	-0.1520885889	0.0142179161	-0.0602061466	0.0399986703	0.0201080629	0.0554539942	-0.0167346186	0.0465018089	-0.0203678223	-0.0685441312	0.1249540383	-0.0448862468	0.0594202854	-0.1879200257	-0.0843554721	-0.0213425462	0.1349662662	0.1390056806	-0.0378886127	-0.0653191225	-0.1126548765	-0.1080876828	0.1046305154	0.0324900864	0.1643176719	-0.0105218437	0.2301962361	0.0903891162	-0.0164379624	-0.0233831511	-0.1499261801	0.0109834156	0.0866385362	0.0054696499	-0.0116750944	0.052346088	0.0586322196	-0.0289004455	0.0089271963	0.020291692	-0.0297398726	-0.047838471	0.0262800971	-0.0104115362	-0.1893890776	-0.099783447	0.0748742508	-0.0173535998	0.1072933377	-0.0462703594	0.0507281759	-0.0117477309	-0.0728096918	-0.0824029794	0.0016523146	-0.0022055154	0.0774377431	-0.0713627773	-0.133241159	0.0107711957	0.0661209842	-0.1111058247	0.0750789037	-0.0394240728	0.0361756611	-0.01241689	-0.0708134874	0.1969227858	0.015759859	-0.0744170619	-0.1072806369	-0.1532809404	0.0097564691	-0.1082899435	0.0812368462	0.0484318751	0.142679491	-0.1808557208	-0.0497356117	-0.1138821501	-0.1285578634	0.1269376627	-0.1242524367	0.0580308813981105	-0.003241934119103	1.0510136832604146e-05	0.0033675831958415	0.0627930646222409	0.0593787749481434	0.0039429689646529	0.0035258389143422	0.0456585554729258	0.0113799253864498	0.0001295027018011	0.0020847036878742	0.0004970282537516	-0.0001925487157288	3.707500792881026e-08	2.470370850273649e-07	-0.0001178785687521	0.0001729376074211	2.9907416060534505e-08	1.3895356971043566e-08	0.0004880290289087	-4.50711179465e-05	2.031405672947314e-09	2.3817233305756877e-07	0.0	0.0	0.0	0.0	1.0
870.4069348733939	-0.2343065017176968	757608.2322756966	0.054899536747185	979.904292683025	-0.2851040599109637	0.0812843249777144	960212.4228186196	808.6971508635193	-0.9773701472776112	0.9552524047894592	653991.0818147736	811.8236540514182	658.290040052671	1.467077	21.078722	0.2132502780730349	0.1317474274548365	-0.0464790943	-0.0903602327	0.0652051291	0.0271384276	-0.0912067515	-0.0774698532	-0.0112364609	-0.1077378171	0.0553929318	0.118541282	0.004114505	0.0130250189	-0.0067856641	0.1080751688	-0.0192100011	0.0691631227	-0.0304620206	0.060983444	0.1010199396	-0.1126258623	0.1051504154	0.0992622908	0.0427567081	0.1811427659	0.0116277661	-0.0514692097	0.1156835392	0.0234449469	-0.0874497799	-0.0565404567	0.0557200998	0.0522683194	0.0397236074	-0.0077691179	0.1219124262	0.0954401342	0.0081407273	-0.1679869592	0.1688663427	-0.0548502333	-0.0180705033	0.0190326967	0.0132054673	0.1466055258	0.0024161974	0.0656430021	0.0186831014	-0.053082362	-0.1297303544	0.0046929552	-0.0413060972	0.1305292934	0.0675718253	0.0124586543	-0.202897403	0.0522322145	0.0285881064	0.0176967798	-0.0338224935	-0.0971772192	-0.0247931934	0.0982663047	0.1117098525	-0.1068973658	-0.0201429152	-0.1002222338	-0.0124357953	0.1091882016	0.0911378219	0.0266483233	0.1638346804	-0.1526611083	-0.0611586048	0.0821403917	-0.0184253466	0.0320913864	-0.0908314544	0.0170498085	-0.0119761544	0.1389078842	-0.085944751	-0.0652415626	-0.032096253	-0.0426462586	0.1993606046	0.0264444689	-0.1467114166	-0.2644092686	0.0627287942	-0.1202920347	0.1419681299	0.309764785	-0.1288230331	0.1279949812	-0.1266188352	0.0579490303883005	-8.185100981000087e-05	6.699587806916859e-09	0.0033580901229441	-0.0513303607568644	-0.1141234253791053	0.0026348059354298	0.0130241562202602	0.0165765617479962	-0.0290819937249296	0.0008457623590168	0.0002747823993851	0.0014045425500854	0.0009075142963337	8.235821980502321e-07	1.9727397750003983e-06	-0.0003488403672484	-0.0002309617984963	5.334335236464548e-08	1.2168960182199858e-07	0.000227244964555	-0.0002607840643537	6.800832822083476e-08	5.164027391560321e-08	0.0	0.0	0.0	0.0	0.0
869.2368572718365	-1.1700776015574093	755572.714039819	1.3690815936663394	976.0819321097908	-3.822360573234164	14.610440351815006	952735.9381911824	807.8710199778153	-0.8261308857039467	0.6824922403139874	652655.5849199956	811.0310751202935	649.2667678350617	1.423622	20.454357	0.0869246369439021	0.0654472036519399	-0.0450085478	-0.0503263195	-0.1566719309	-0.0856080652	-0.1177099738	0.0105801442	0.0849241644	0.0983169772	-0.1206678698	0.1333433011	0.0076764797	0.0505666017	0.0362900444	-0.1341744109	-0.0129199547	-0.1234725014	-0.0260843197	0.0293000614	-0.0123246303	-0.1902399205	0.1895302753	0.1345888914	-0.0195956066	0.0445673052	0.0910521211	-0.0551013446	-0.0234706157	0.0655041953	0.1358724596	-0.0952232384	0.0882670751	-0.2507651007	0.0834852735	-0.0677966853	-0.0297092001	-0.0569413854	0.0345492851	-0.0268752691	-0.0122558487	-0.0443887693	0.1733034789	-0.04175243	0.0205596578	-0.1395681036	-0.0243007253	-0.0480030597	-0.0318860103	-0.1700579431	-0.13099887	-0.0104778594	0.0744274292	0.1060452557	0.1045817296	-0.0150339555	0.035578309	0.1722627388	-0.0261570471	0.0616912277	0.0029738769	0.1725311837	0.1307605578	0.0607694816	-0.1076996151	-0.0138413864	-0.0059399055	0.1131494699	0.01132936	0.1973732772	-0.1434991733	0.0464970521	-0.0410574112	-0.1388186036	0.1889250492	0.0534802374	-0.0367631959	0.0506303878	-0.0570415487	0.0920543388	0.0823084489	0.1084114461	0.0402315311	0.080070936	0.1090323887	-0.0708692582	0.0616222158	-0.209136398	0.0619814001	0.0415401584	-0.0503201576	0.078880319	0.1974292413	-0.0093077908	-0.1289999139	0.1287014744	-0.1282045865	0.05794503774203	-3.992646270503664e-06	1.5941224241366816e-11	0.0033576273989252	0.0113836787968324	0.0627140395536968	0.0001295881429494	0.0039330507571426	0.0165205535429464	-5.600820504979981e-05	3.1369190329004207e-09	0.0002729286893653	0.0014206356693812	1.6093119295800028e-05	2.5898848866885117e-10	2.01820570511817e-06	-0.0005241316837316	-0.0001752913164832	3.07270456344134e-08	2.74714021891322e-07	0.0005188724595537	0.0002916274949986	8.504659583921677e-08	2.6922862928330604e-07	0.0	0.0	0.0	0.0	0.0
869.4133322818641	0.176475010027616	755879.5423494551	0.0311434291642471	975.743316440792	-0.3386156689988411	0.1146605712915327	952075.0195788756	807.7411829416825	-0.1298370361328125	0.0168576559517532	652445.8186200286	810.3468175238569	661.9880593057084	1.334086	19.167925	0.1341042753967234	0.0826544032404763	-0.0516335046	0.0610676189	0.0729459332	-0.0170358037	-0.1132757567	-0.0825423394	-0.0837020683	-0.0533555514	0.0014349417	0.0111409013	-0.085985068	-0.0764841608	0.0540308176	0.0701499541	-0.0988537499	0.0990452171	-0.0411285838	0.0268554821	-0.0902111978	-0.1002392339	0.0141796643	-0.1141929475	-0.0128609252	-0.153239921	0.0033621074	0.1741975953	-0.1100133943	0.0856271208	0.1000613575	-0.1377820452	0.0396264773	-0.0604048484	-0.022034072	0.041136614	-0.0713204616	0.0001803461	0.110991688	0.0789451704	0.0042168018	0.1570760486	0.0961135081	-0.0056048063	0.0240369578	0.0844414298	0.1298060605	0.0081419363	-0.0294130163	-0.0252919768	-0.068857064	-0.047651466	0.1255070249	-0.0884288076	-0.1674320847	-0.0108862215	0.1911275802	-0.0173105413	0.0298673123	0.0613234407	0.0802944629	-0.0261663159	0.0235678377	0.0354620776	0.0163784264	-0.0645040685	-0.05558389	-0.0665281109	0.1097335622	0.0871319017	0.0446875321	-0.0212637487	-0.0471869612	-0.0176830954	0.0616522054	-0.0017853475	0.1708649097	-0.2117514358	-0.1462473237	0.1021056486	0.0466861548	0.0887574098	0.1714169952	-0.0699171312	-0.0062940802	-0.0623619994	-0.140167592	-0.0808356922	0.030341609	-0.0649216393	0.0060080519	-0.0284918428	-0.1300249521	0.0538181303	-0.1290883846	0.1290552057	-0.1289999139	0.0490591645080797	-0.0088858732339502	7.895874312983435e-05	0.0024068016222308	0.0869102631193925	0.0755265843225601	0.007553393835482	0.0057042649394327	0.0386805107849994	0.022159957242053	0.0004910637049696	0.0014961819145884	0.0011150807500061	-0.000305554919375	9.336380875432381e-08	1.2434050790341665e-06	-0.000328738605535	0.0001953930781966	3.817845500714266e-08	1.0806907076909632e-07	0.0004691832451622	-4.9689214391499946e-05	2.469018026844445e-09	2.201329175409331e-07	0.0	0.0	0.0	0.0	0.0
