
Sun Mar 15 08:11:32 CET 2026
cd /out/sourcedata/freesurfer/sub-v2s10x28935_ses-1
setenv SUBJECTS_DIR /out/sourcedata/freesurfer
/opt/freesurfer/bin/recon-all -autorecon1 -i /work/fmriprep_25_2_wf/sub_v2s10x28935_ses_1_wf/anat_fit_wf/anat_validate/sub-v2s10x28935_ses-1_run-1_T1w_noise_corrected_ras_valid.nii.gz -noskullstrip -noT2pial -noFLAIRpial -openmp 16 -subjid sub-v2s10x28935_ses-1 -sd /out/sourcedata/freesurfer

subjid sub-v2s10x28935_ses-1
setenv SUBJECTS_DIR /out/sourcedata/freesurfer
FREESURFER_HOME /opt/freesurfer
Actual FREESURFER_HOME /opt/freesurfer
build-stamp.txt: freesurfer-linux-ubuntu22_x86_64-7.3.2-20220804-6354275
Linux dna069 5.14.0-427.37.1.el9_4.x86_64 #1 SMP PREEMPT_DYNAMIC Fri Sep 13 12:41:50 EDT 2024 x86_64 x86_64 x86_64 GNU/Linux
cputime      unlimited
filesize     unlimited
datasize     unlimited
stacksize    8192 kbytes
coredumpsize 0 kbytes
memoryuse    67108864 kbytes
vmemoryuse   unlimited
descriptors  1024 
memorylocked unlimited
maxproc      2061970 
maxlocks     unlimited
maxsignal    2062029 
maxmessage   819200 
maxnice      0 
maxrtprio    0 
maxrttime    unlimited

               total        used        free      shared  buff/cache   available
Mem:           503Gi        49Gi       261Gi       9.0Gi       193Gi       442Gi
Swap:             0B          0B          0B

########################################
program versions used
7.3.2 (freesurfer-linux-ubuntu22_x86_64-7.3.2-20220804-6354275)
7.3.2

ProgramName: lta_convert  ProgramArguments: lta_convert -all-info  ProgramVersion: 7.3.2  TimeStamp: 2026/03/15-07:11:32-GMT  BuildTime: Aug  4 2022 06:17:15  BuildStamp: freesurfer-linux-ubuntu22_x86_64-7.3.2-20220804-6354275  User: oesteban  Machine: dna069  Platform: Linux  PlatformVersion: 5.14.0-427.37.1.el9_4.x86_64  CompilerName: GCC  CompilerVersion: 8.4.0
ProgramName: mri_and  ProgramArguments: mri_and -all-info  ProgramVersion: 7.3.2  TimeStamp: 2026/03/15-07:11:32-GMT  BuildTime: Aug  4 2022 06:17:15  BuildStamp: freesurfer-linux-ubuntu22_x86_64-7.3.2-20220804-6354275  User: oesteban  Machine: dna069  Platform: Linux  PlatformVersion: 5.14.0-427.37.1.el9_4.x86_64  CompilerName: GCC  CompilerVersion: 8.4.0
ProgramName: mri_annotation2label  ProgramArguments: mri_annotation2label -all-info  ProgramVersion: 7.3.2  TimeStamp: 2026/03/15-07:11:32-GMT  BuildTime: Aug  4 2022 06:17:15  BuildStamp: freesurfer-linux-ubuntu22_x86_64-7.3.2-20220804-6354275  User: oesteban  Machine: dna069  Platform: Linux  PlatformVersion: 5.14.0-427.37.1.el9_4.x86_64  CompilerName: GCC  CompilerVersion: 8.4.0
ProgramName: mri_aparc2aseg  ProgramArguments: mri_aparc2aseg -all-info  ProgramVersion: 7.3.2  TimeStamp: 2026/03/15-07:11:32-GMT  BuildTime: Aug  4 2022 06:17:15  BuildStamp: freesurfer-linux-ubuntu22_x86_64-7.3.2-20220804-6354275  User: oesteban  Machine: dna069  Platform: Linux  PlatformVersion: 5.14.0-427.37.1.el9_4.x86_64  CompilerName: GCC  CompilerVersion: 8.4.0
ProgramName: mri_surf2volseg  ProgramArguments: mri_surf2volseg -all-info  ProgramVersion: 7.3.2  TimeStamp: 2026/03/15-07:11:32-GMT  BuildTime: Aug  4 2022 06:17:15  BuildStamp: freesurfer-linux-ubuntu22_x86_64-7.3.2-20220804-6354275  User: oesteban  Machine: dna069  Platform: Linux  PlatformVersion: 5.14.0-427.37.1.el9_4.x86_64  CompilerName: GCC  CompilerVersion: 8.4.0
ProgramName: mri_binarize  ProgramArguments: mri_binarize -all-info  ProgramVersion: 7.3.2  TimeStamp: 2026/03/15-07:11:32-GMT  BuildTime: Aug  4 2022 06:17:15  BuildStamp: freesurfer-linux-ubuntu22_x86_64-7.3.2-20220804-6354275  User: oesteban  Machine: dna069  Platform: Linux  PlatformVersion: 5.14.0-427.37.1.el9_4.x86_64  CompilerName: GCC  CompilerVersion: 8.4.0
ProgramName: mri_ca_label  ProgramArguments: mri_ca_label -all-info  ProgramVersion: 7.3.2  TimeStamp: 2026/03/15-07:11:32-GMT  BuildTime: Aug  4 2022 06:17:15  BuildStamp: freesurfer-linux-ubuntu22_x86_64-7.3.2-20220804-6354275  User: oesteban  Machine: dna069  Platform: Linux  PlatformVersion: 5.14.0-427.37.1.el9_4.x86_64  CompilerName: GCC  CompilerVersion: 8.4.0
ProgramName: mri_ca_normalize  ProgramArguments: mri_ca_normalize -all-info  ProgramVersion: 7.3.2  TimeStamp: 2026/03/15-07:11:32-GMT  BuildTime: Aug  4 2022 06:17:15  BuildStamp: freesurfer-linux-ubuntu22_x86_64-7.3.2-20220804-6354275  User: oesteban  Machine: dna069  Platform: Linux  PlatformVersion: 5.14.0-427.37.1.el9_4.x86_64  CompilerName: GCC  CompilerVersion: 8.4.0
ProgramName: mri_ca_register  ProgramArguments: mri_ca_register -all-info  ProgramVersion: 7.3.2  TimeStamp: 2026/03/15-07:11:32-GMT  BuildTime: Aug  4 2022 06:17:15  BuildStamp: freesurfer-linux-ubuntu22_x86_64-7.3.2-20220804-6354275  User: oesteban  Machine: dna069  Platform: Linux  PlatformVersion: 5.14.0-427.37.1.el9_4.x86_64  CompilerName: GCC  CompilerVersion: 8.4.0
ProgramName: mri_cc  ProgramArguments: mri_cc -all-info  ProgramVersion: 7.3.2  TimeStamp: 2026/03/15-07:11:32-GMT  BuildTime: Aug  4 2022 06:17:15  BuildStamp: freesurfer-linux-ubuntu22_x86_64-7.3.2-20220804-6354275  User: oesteban  Machine: dna069  Platform: Linux  PlatformVersion: 5.14.0-427.37.1.el9_4.x86_64  CompilerName: GCC  CompilerVersion: 8.4.0
ProgramName: mri_compute_overlap  ProgramArguments: mri_compute_overlap -all-info  ProgramVersion: 7.3.2  TimeStamp: 2026/03/15-07:11:32-GMT  BuildTime: Aug  4 2022 06:17:15  BuildStamp: freesurfer-linux-ubuntu22_x86_64-7.3.2-20220804-6354275  User: oesteban  Machine: dna069  Platform: Linux  PlatformVersion: 5.14.0-427.37.1.el9_4.x86_64  CompilerName: GCC  CompilerVersion: 8.4.0
ProgramName: mri_compute_seg_overlap  ProgramArguments: mri_compute_seg_overlap -all-info  ProgramVersion: 7.3.2  TimeStamp: 2026/03/15-07:11:32-GMT  BuildTime: Aug  4 2022 06:17:15  BuildStamp: freesurfer-linux-ubuntu22_x86_64-7.3.2-20220804-6354275  User: oesteban  Machine: dna069  Platform: Linux  PlatformVersion: 5.14.0-427.37.1.el9_4.x86_64  CompilerName: GCC  CompilerVersion: 8.4.0
ProgramName: mri_concat  ProgramArguments: mri_concat -all-info  ProgramVersion: 7.3.2  TimeStamp: 2026/03/15-07:11:32-GMT  BuildTime: Aug  4 2022 06:17:15  BuildStamp: freesurfer-linux-ubuntu22_x86_64-7.3.2-20220804-6354275  User: oesteban  Machine: dna069  Platform: Linux  PlatformVersion: 5.14.0-427.37.1.el9_4.x86_64  CompilerName: GCC  CompilerVersion: 8.4.0
ProgramName: mri_concatenate_lta  ProgramArguments: mri_concatenate_lta -all-info  ProgramVersion: 7.3.2  TimeStamp: 2026/03/15-07:11:32-GMT  BuildTime: Aug  4 2022 06:17:15  BuildStamp: freesurfer-linux-ubuntu22_x86_64-7.3.2-20220804-6354275  User: oesteban  Machine: dna069  Platform: Linux  PlatformVersion: 5.14.0-427.37.1.el9_4.x86_64  CompilerName: GCC  CompilerVersion: 8.4.0
mri_convert -all-info 
ProgramName: mri_convert  ProgramArguments: mri_convert -all-info  ProgramVersion: 7.3.2  TimeStamp: 2026/03/15-07:11:32-GMT  BuildTime: Aug  4 2022 06:17:15  BuildStamp: freesurfer-linux-ubuntu22_x86_64-7.3.2-20220804-6354275  User: oesteban  Machine: dna069  Platform: Linux  PlatformVersion: 5.14.0-427.37.1.el9_4.x86_64  CompilerName: GCC  CompilerVersion: 8.4.0
ProgramName: mri_diff  ProgramArguments: mri_diff -all-info  ProgramVersion: 7.3.2  TimeStamp: 2026/03/15-07:11:32-GMT  BuildTime: Aug  4 2022 06:17:15  BuildStamp: freesurfer-linux-ubuntu22_x86_64-7.3.2-20220804-6354275  User: oesteban  Machine: dna069  Platform: Linux  PlatformVersion: 5.14.0-427.37.1.el9_4.x86_64  CompilerName: GCC  CompilerVersion: 8.4.0
ProgramName: mri_edit_wm_with_aseg  ProgramArguments: mri_edit_wm_with_aseg -all-info  ProgramVersion: 7.3.2  TimeStamp: 2026/03/15-07:11:32-GMT  BuildTime: Aug  4 2022 06:17:15  BuildStamp: freesurfer-linux-ubuntu22_x86_64-7.3.2-20220804-6354275  User: oesteban  Machine: dna069  Platform: Linux  PlatformVersion: 5.14.0-427.37.1.el9_4.x86_64  CompilerName: GCC  CompilerVersion: 8.4.0
ProgramName: mri_em_register  ProgramArguments: mri_em_register -all-info  ProgramVersion: 7.3.2  TimeStamp: 2026/03/15-07:11:32-GMT  BuildTime: Aug  4 2022 06:17:15  BuildStamp: freesurfer-linux-ubuntu22_x86_64-7.3.2-20220804-6354275  User: oesteban  Machine: dna069  Platform: Linux  PlatformVersion: 5.14.0-427.37.1.el9_4.x86_64  CompilerName: GCC  CompilerVersion: 8.4.0
ProgramName: mri_fill  ProgramArguments: mri_fill -all-info  ProgramVersion: 7.3.2  TimeStamp: 2026/03/15-07:11:32-GMT  BuildTime: Aug  4 2022 06:17:15  BuildStamp: freesurfer-linux-ubuntu22_x86_64-7.3.2-20220804-6354275  User: oesteban  Machine: dna069  Platform: Linux  PlatformVersion: 5.14.0-427.37.1.el9_4.x86_64  CompilerName: GCC  CompilerVersion: 8.4.0
ProgramName: mri_fuse_segmentations  ProgramArguments: mri_fuse_segmentations -all-info  ProgramVersion: 7.3.2  TimeStamp: 2026/03/15-07:11:32-GMT  BuildTime: Aug  4 2022 06:17:15  BuildStamp: freesurfer-linux-ubuntu22_x86_64-7.3.2-20220804-6354275  User: oesteban  Machine: dna069  Platform: Linux  PlatformVersion: 5.14.0-427.37.1.el9_4.x86_64  CompilerName: GCC  CompilerVersion: 8.4.0
ProgramName: mri_fwhm  ProgramArguments: mri_fwhm -all-info  ProgramVersion: 7.3.2  TimeStamp: 2026/03/15-07:11:32-GMT  BuildTime: Aug  4 2022 06:17:15  BuildStamp: freesurfer-linux-ubuntu22_x86_64-7.3.2-20220804-6354275  User: oesteban  Machine: dna069  Platform: Linux  PlatformVersion: 5.14.0-427.37.1.el9_4.x86_64  CompilerName: GCC  CompilerVersion: 8.4.0
ProgramName: mri_gcut  ProgramArguments: mri_gcut -all-info  ProgramVersion: 7.3.2  TimeStamp: 2026/03/15-07:11:32-GMT  BuildTime: Aug  4 2022 06:17:15  BuildStamp: freesurfer-linux-ubuntu22_x86_64-7.3.2-20220804-6354275  User: oesteban  Machine: dna069  Platform: Linux  PlatformVersion: 5.14.0-427.37.1.el9_4.x86_64  CompilerName: GCC  CompilerVersion: 8.4.0
ProgramName: mri_info  ProgramArguments: mri_info -all-info  ProgramVersion: 7.3.2  TimeStamp: 2026/03/15-07:11:32-GMT  BuildTime: Aug  4 2022 06:17:15  BuildStamp: freesurfer-linux-ubuntu22_x86_64-7.3.2-20220804-6354275  User: oesteban  Machine: dna069  Platform: Linux  PlatformVersion: 5.14.0-427.37.1.el9_4.x86_64  CompilerName: GCC  CompilerVersion: 8.4.0
ProgramName: mri_label2label  ProgramArguments: mri_label2label -all-info  ProgramVersion: 7.3.2  TimeStamp: 2026/03/15-07:11:32-GMT  BuildTime: Aug  4 2022 06:17:15  BuildStamp: freesurfer-linux-ubuntu22_x86_64-7.3.2-20220804-6354275  User: oesteban  Machine: dna069  Platform: Linux  PlatformVersion: 5.14.0-427.37.1.el9_4.x86_64  CompilerName: GCC  CompilerVersion: 8.4.0
ProgramName: mri_label2vol  ProgramArguments: mri_label2vol -all-info  ProgramVersion: 7.3.2  TimeStamp: 2026/03/15-07:11:32-GMT  BuildTime: Aug  4 2022 06:17:15  BuildStamp: freesurfer-linux-ubuntu22_x86_64-7.3.2-20220804-6354275  User: oesteban  Machine: dna069  Platform: Linux  PlatformVersion: 5.14.0-427.37.1.el9_4.x86_64  CompilerName: GCC  CompilerVersion: 8.4.0
ProgramName: mri_log_likelihood  ProgramArguments: mri_log_likelihood -all-info  ProgramVersion: 7.3.2  TimeStamp: 2026/03/15-07:11:32-GMT  BuildTime: Aug  4 2022 06:17:15  BuildStamp: freesurfer-linux-ubuntu22_x86_64-7.3.2-20220804-6354275  User: oesteban  Machine: dna069  Platform: Linux  PlatformVersion: 5.14.0-427.37.1.el9_4.x86_64  CompilerName: GCC  CompilerVersion: 8.4.0
ProgramName: mri_mask  ProgramArguments: mri_mask -all-info  ProgramVersion: 7.3.2  TimeStamp: 2026/03/15-07:11:32-GMT  BuildTime: Aug  4 2022 06:17:15  BuildStamp: freesurfer-linux-ubuntu22_x86_64-7.3.2-20220804-6354275  User: oesteban  Machine: dna069  Platform: Linux  PlatformVersion: 5.14.0-427.37.1.el9_4.x86_64  CompilerName: GCC  CompilerVersion: 8.4.0
ProgramName: mri_matrix_multiply  ProgramArguments: mri_matrix_multiply -all-info  ProgramVersion: 7.3.2  TimeStamp: 2026/03/15-07:11:32-GMT  BuildTime: Aug  4 2022 06:17:15  BuildStamp: freesurfer-linux-ubuntu22_x86_64-7.3.2-20220804-6354275  User: oesteban  Machine: dna069  Platform: Linux  PlatformVersion: 5.14.0-427.37.1.el9_4.x86_64  CompilerName: GCC  CompilerVersion: 8.4.0
ProgramName: mri_normalize  ProgramArguments: mri_normalize -all-info  ProgramVersion: 7.3.2  TimeStamp: 2026/03/15-07:11:32-GMT  BuildTime: Aug  4 2022 06:17:15  BuildStamp: freesurfer-linux-ubuntu22_x86_64-7.3.2-20220804-6354275  User: oesteban  Machine: dna069  Platform: Linux  PlatformVersion: 5.14.0-427.37.1.el9_4.x86_64  CompilerName: GCC  CompilerVersion: 8.4.0
ProgramName: mri_normalize_tp2  ProgramArguments: mri_normalize_tp2 -all-info  ProgramVersion: 7.3.2  TimeStamp: 2026/03/15-07:11:32-GMT  BuildTime: Aug  4 2022 06:17:15  BuildStamp: freesurfer-linux-ubuntu22_x86_64-7.3.2-20220804-6354275  User: oesteban  Machine: dna069  Platform: Linux  PlatformVersion: 5.14.0-427.37.1.el9_4.x86_64  CompilerName: GCC  CompilerVersion: 8.4.0
ProgramName: mri_or  ProgramArguments: mri_or -all-info  ProgramVersion: 7.3.2  TimeStamp: 2026/03/15-07:11:32-GMT  BuildTime: Aug  4 2022 06:17:15  BuildStamp: freesurfer-linux-ubuntu22_x86_64-7.3.2-20220804-6354275  User: oesteban  Machine: dna069  Platform: Linux  PlatformVersion: 5.14.0-427.37.1.el9_4.x86_64  CompilerName: GCC  CompilerVersion: 8.4.0
ProgramName: mri_relabel_hypointensities  ProgramArguments: mri_relabel_hypointensities -all-info  ProgramVersion: 7.3.2  TimeStamp: 2026/03/15-07:11:32-GMT  BuildTime: Aug  4 2022 06:17:15  BuildStamp: freesurfer-linux-ubuntu22_x86_64-7.3.2-20220804-6354275  User: oesteban  Machine: dna069  Platform: Linux  PlatformVersion: 5.14.0-427.37.1.el9_4.x86_64  CompilerName: GCC  CompilerVersion: 8.4.0
ProgramName: mri_relabel_nonwm_hypos  ProgramArguments: mri_relabel_nonwm_hypos -all-info  ProgramVersion: 7.3.2  TimeStamp: 2026/03/15-07:11:32-GMT  BuildTime: Aug  4 2022 06:17:15  BuildStamp: freesurfer-linux-ubuntu22_x86_64-7.3.2-20220804-6354275  User: oesteban  Machine: dna069  Platform: Linux  PlatformVersion: 5.14.0-427.37.1.el9_4.x86_64  CompilerName: GCC  CompilerVersion: 8.4.0
ProgramName: mri_remove_neck  ProgramArguments: mri_remove_neck -all-info  ProgramVersion: 7.3.2  TimeStamp: 2026/03/15-07:11:32-GMT  BuildTime: Aug  4 2022 06:17:15  BuildStamp: freesurfer-linux-ubuntu22_x86_64-7.3.2-20220804-6354275  User: oesteban  Machine: dna069  Platform: Linux  PlatformVersion: 5.14.0-427.37.1.el9_4.x86_64  CompilerName: GCC  CompilerVersion: 8.4.0
7.3.2

ProgramName: mri_robust_register  ProgramArguments: mri_robust_register -all-info  ProgramVersion: 7.3.2  TimeStamp: 2026/03/15-07:11:32-GMT  BuildTime: Aug  4 2022 06:17:15  BuildStamp: freesurfer-linux-ubuntu22_x86_64-7.3.2-20220804-6354275  User: oesteban  Machine: dna069  Platform: Linux  PlatformVersion: 5.14.0-427.37.1.el9_4.x86_64  CompilerName: GCC  CompilerVersion: 8.4.0
7.3.2

ProgramName: mri_robust_template  ProgramArguments: mri_robust_template -all-info  ProgramVersion: 7.3.2  TimeStamp: 2026/03/15-07:11:32-GMT  BuildTime: Aug  4 2022 06:17:15  BuildStamp: freesurfer-linux-ubuntu22_x86_64-7.3.2-20220804-6354275  User: oesteban  Machine: dna069  Platform: Linux  PlatformVersion: 5.14.0-427.37.1.el9_4.x86_64  CompilerName: GCC  CompilerVersion: 8.4.0
ProgramName: mris_anatomical_stats  ProgramArguments: mris_anatomical_stats -all-info  ProgramVersion: 7.3.2  TimeStamp: 2026/03/15-07:11:32-GMT  BuildTime: Aug  4 2022 06:17:15  BuildStamp: freesurfer-linux-ubuntu22_x86_64-7.3.2-20220804-6354275  User: oesteban  Machine: dna069  Platform: Linux  PlatformVersion: 5.14.0-427.37.1.el9_4.x86_64  CompilerName: GCC  CompilerVersion: 8.4.0
ProgramName: mris_ca_label  ProgramArguments: mris_ca_label -all-info  ProgramVersion: 7.3.2  TimeStamp: 2026/03/15-07:11:32-GMT  BuildTime: Aug  4 2022 06:17:15  BuildStamp: freesurfer-linux-ubuntu22_x86_64-7.3.2-20220804-6354275  User: oesteban  Machine: dna069  Platform: Linux  PlatformVersion: 5.14.0-427.37.1.el9_4.x86_64  CompilerName: GCC  CompilerVersion: 8.4.0
ProgramName: mris_calc  ProgramArguments: mris_calc -all-info  ProgramVersion: 7.3.2  TimeStamp: 2026/03/15-07:11:32-GMT  BuildTime: Aug  4 2022 06:17:15  BuildStamp: freesurfer-linux-ubuntu22_x86_64-7.3.2-20220804-6354275  User: oesteban  Machine: dna069  Platform: Linux  PlatformVersion: 5.14.0-427.37.1.el9_4.x86_64  CompilerName: GCC  CompilerVersion: 8.4.0
ProgramName: mris_convert  ProgramArguments: mris_convert -all-info  ProgramVersion: 7.3.2  TimeStamp: 2026/03/15-07:11:32-GMT  BuildTime: Aug  4 2022 06:17:15  BuildStamp: freesurfer-linux-ubuntu22_x86_64-7.3.2-20220804-6354275  User: oesteban  Machine: dna069  Platform: Linux  PlatformVersion: 5.14.0-427.37.1.el9_4.x86_64  CompilerName: GCC  CompilerVersion: 8.4.0
ProgramName: mris_curvature  ProgramArguments: mris_curvature -all-info  ProgramVersion: 7.3.2  TimeStamp: 2026/03/15-07:11:32-GMT  BuildTime: Aug  4 2022 06:17:15  BuildStamp: freesurfer-linux-ubuntu22_x86_64-7.3.2-20220804-6354275  User: oesteban  Machine: dna069  Platform: Linux  PlatformVersion: 5.14.0-427.37.1.el9_4.x86_64  CompilerName: GCC  CompilerVersion: 8.4.0
ProgramName: mris_curvature_stats  ProgramArguments: mris_curvature_stats -all-info  ProgramVersion: 7.3.2  TimeStamp: 2026/03/15-07:11:32-GMT  BuildTime: Aug  4 2022 06:17:15  BuildStamp: freesurfer-linux-ubuntu22_x86_64-7.3.2-20220804-6354275  User: oesteban  Machine: dna069  Platform: Linux  PlatformVersion: 5.14.0-427.37.1.el9_4.x86_64  CompilerName: GCC  CompilerVersion: 8.4.0
ProgramName: mris_diff  ProgramArguments: mris_diff -all-info  ProgramVersion: 7.3.2  TimeStamp: 2026/03/15-07:11:32-GMT  BuildTime: Aug  4 2022 06:17:15  BuildStamp: freesurfer-linux-ubuntu22_x86_64-7.3.2-20220804-6354275  User: oesteban  Machine: dna069  Platform: Linux  PlatformVersion: 5.14.0-427.37.1.el9_4.x86_64  CompilerName: GCC  CompilerVersion: 8.4.0
ProgramName: mris_divide_parcellation  ProgramArguments: mris_divide_parcellation -all-info  ProgramVersion: 7.3.2  TimeStamp: 2026/03/15-07:11:32-GMT  BuildTime: Aug  4 2022 06:17:15  BuildStamp: freesurfer-linux-ubuntu22_x86_64-7.3.2-20220804-6354275  User: oesteban  Machine: dna069  Platform: Linux  PlatformVersion: 5.14.0-427.37.1.el9_4.x86_64  CompilerName: GCC  CompilerVersion: 8.4.0
ProgramName: mri_segment  ProgramArguments: mri_segment -all-info  ProgramVersion: 7.3.2  TimeStamp: 2026/03/15-07:11:32-GMT  BuildTime: Aug  4 2022 06:17:15  BuildStamp: freesurfer-linux-ubuntu22_x86_64-7.3.2-20220804-6354275  User: oesteban  Machine: dna069  Platform: Linux  PlatformVersion: 5.14.0-427.37.1.el9_4.x86_64  CompilerName: GCC  CompilerVersion: 8.4.0
ProgramName: mri_segstats  ProgramArguments: mri_segstats -all-info  ProgramVersion: 7.3.2  TimeStamp: 2026/03/15-07:11:32-GMT  BuildTime: Aug  4 2022 06:17:15  BuildStamp: freesurfer-linux-ubuntu22_x86_64-7.3.2-20220804-6354275  User: oesteban  Machine: dna069  Platform: Linux  PlatformVersion: 5.14.0-427.37.1.el9_4.x86_64  CompilerName: GCC  CompilerVersion: 8.4.0
ProgramName: mris_euler_number  ProgramArguments: mris_euler_number -all-info  ProgramVersion: 7.3.2  TimeStamp: 2026/03/15-07:11:32-GMT  BuildTime: Aug  4 2022 06:17:15  BuildStamp: freesurfer-linux-ubuntu22_x86_64-7.3.2-20220804-6354275  User: oesteban  Machine: dna069  Platform: Linux  PlatformVersion: 5.14.0-427.37.1.el9_4.x86_64  CompilerName: GCC  CompilerVersion: 8.4.0
ProgramName: mris_fix_topology  ProgramArguments: mris_fix_topology -all-info  ProgramVersion: 7.3.2  TimeStamp: 2026/03/15-07:11:32-GMT  BuildTime: Aug  4 2022 06:17:15  BuildStamp: freesurfer-linux-ubuntu22_x86_64-7.3.2-20220804-6354275  User: oesteban  Machine: dna069  Platform: Linux  PlatformVersion: 5.14.0-427.37.1.el9_4.x86_64  CompilerName: GCC  CompilerVersion: 8.4.0
ProgramName: mris_topo_fixer  ProgramArguments: mris_topo_fixer -all-info  ProgramVersion: 7.3.2  TimeStamp: 2026/03/15-07:11:32-GMT  BuildTime: Aug  4 2022 06:17:15  BuildStamp: freesurfer-linux-ubuntu22_x86_64-7.3.2-20220804-6354275  User: oesteban  Machine: dna069  Platform: Linux  PlatformVersion: 5.14.0-427.37.1.el9_4.x86_64  CompilerName: GCC  CompilerVersion: 8.4.0
ProgramName: mris_jacobian  ProgramArguments: mris_jacobian -all-info  ProgramVersion: 7.3.2  TimeStamp: 2026/03/15-07:11:32-GMT  BuildTime: Aug  4 2022 06:17:15  BuildStamp: freesurfer-linux-ubuntu22_x86_64-7.3.2-20220804-6354275  User: oesteban  Machine: dna069  Platform: Linux  PlatformVersion: 5.14.0-427.37.1.el9_4.x86_64  CompilerName: GCC  CompilerVersion: 8.4.0
ProgramName: mris_label2annot  ProgramArguments: mris_label2annot -all-info  ProgramVersion: 7.3.2  TimeStamp: 2026/03/15-07:11:32-GMT  BuildTime: Aug  4 2022 06:17:15  BuildStamp: freesurfer-linux-ubuntu22_x86_64-7.3.2-20220804-6354275  User: oesteban  Machine: dna069  Platform: Linux  PlatformVersion: 5.14.0-427.37.1.el9_4.x86_64  CompilerName: GCC  CompilerVersion: 8.4.0
ProgramName: mris_left_right_register  ProgramArguments: mris_left_right_register -all-info  ProgramVersion: 7.3.2  TimeStamp: 2026/03/15-07:11:32-GMT  BuildTime: Aug  4 2022 06:17:15  BuildStamp: freesurfer-linux-ubuntu22_x86_64-7.3.2-20220804-6354275  User: oesteban  Machine: dna069  Platform: Linux  PlatformVersion: 5.14.0-427.37.1.el9_4.x86_64  CompilerName: GCC  CompilerVersion: 8.4.0
ProgramName: mris_place_surface  ProgramArguments: mris_place_surface -all-info  ProgramVersion: 7.3.2  TimeStamp: 2026/03/15-07:11:32-GMT  BuildTime: Aug  4 2022 06:17:15  BuildStamp: freesurfer-linux-ubuntu22_x86_64-7.3.2-20220804-6354275  User: oesteban  Machine: dna069  Platform: Linux  PlatformVersion: 5.14.0-427.37.1.el9_4.x86_64  CompilerName: GCC  CompilerVersion: 8.4.0
ProgramName: mrisp_paint  ProgramArguments: mrisp_paint -all-info  ProgramVersion: 7.3.2  TimeStamp: 2026/03/15-07:11:32-GMT  BuildTime: Aug  4 2022 06:17:15  BuildStamp: freesurfer-linux-ubuntu22_x86_64-7.3.2-20220804-6354275  User: oesteban  Machine: dna069  Platform: Linux  PlatformVersion: 5.14.0-427.37.1.el9_4.x86_64  CompilerName: GCC  CompilerVersion: 8.4.0
ProgramName: mris_register  ProgramArguments: mris_register -all-info  ProgramVersion: 7.3.2  TimeStamp: 2026/03/15-07:11:32-GMT  BuildTime: Aug  4 2022 06:17:15  BuildStamp: freesurfer-linux-ubuntu22_x86_64-7.3.2-20220804-6354275  User: oesteban  Machine: dna069  Platform: Linux  PlatformVersion: 5.14.0-427.37.1.el9_4.x86_64  CompilerName: GCC  CompilerVersion: 8.4.0
ProgramName: mris_smooth  ProgramArguments: mris_smooth -all-info  ProgramVersion: 7.3.2  TimeStamp: 2026/03/15-07:11:32-GMT  BuildTime: Aug  4 2022 06:17:15  BuildStamp: freesurfer-linux-ubuntu22_x86_64-7.3.2-20220804-6354275  User: oesteban  Machine: dna069  Platform: Linux  PlatformVersion: 5.14.0-427.37.1.el9_4.x86_64  CompilerName: GCC  CompilerVersion: 8.4.0
ProgramName: mris_sphere  ProgramArguments: mris_sphere -all-info  ProgramVersion: 7.3.2  TimeStamp: 2026/03/15-07:11:32-GMT  BuildTime: Aug  4 2022 06:17:15  BuildStamp: freesurfer-linux-ubuntu22_x86_64-7.3.2-20220804-6354275  User: oesteban  Machine: dna069  Platform: Linux  PlatformVersion: 5.14.0-427.37.1.el9_4.x86_64  CompilerName: GCC  CompilerVersion: 8.4.0
ProgramName: mris_surface_stats  ProgramArguments: mris_surface_stats -all-info  ProgramVersion: 7.3.2  TimeStamp: 2026/03/15-07:11:32-GMT  BuildTime: Aug  4 2022 06:17:15  BuildStamp: freesurfer-linux-ubuntu22_x86_64-7.3.2-20220804-6354275  User: oesteban  Machine: dna069  Platform: Linux  PlatformVersion: 5.14.0-427.37.1.el9_4.x86_64  CompilerName: GCC  CompilerVersion: 8.4.0
ProgramName: mri_stats2seg  ProgramArguments: mri_stats2seg -all-info  ProgramVersion: 7.3.2  TimeStamp: 2026/03/15-07:11:32-GMT  BuildTime: Aug  4 2022 06:17:15  BuildStamp: freesurfer-linux-ubuntu22_x86_64-7.3.2-20220804-6354275  User: oesteban  Machine: dna069  Platform: Linux  PlatformVersion: 5.14.0-427.37.1.el9_4.x86_64  CompilerName: GCC  CompilerVersion: 8.4.0
ProgramName: mris_thickness  ProgramArguments: mris_thickness -all-info  ProgramVersion: 7.3.2  TimeStamp: 2026/03/15-07:11:32-GMT  BuildTime: Aug  4 2022 06:17:15  BuildStamp: freesurfer-linux-ubuntu22_x86_64-7.3.2-20220804-6354275  User: oesteban  Machine: dna069  Platform: Linux  PlatformVersion: 5.14.0-427.37.1.el9_4.x86_64  CompilerName: GCC  CompilerVersion: 8.4.0
ProgramName: mris_thickness_diff  ProgramArguments: mris_thickness_diff -all-info  ProgramVersion: 7.3.2  TimeStamp: 2026/03/15-07:11:32-GMT  BuildTime: Aug  4 2022 06:17:15  BuildStamp: freesurfer-linux-ubuntu22_x86_64-7.3.2-20220804-6354275  User: oesteban  Machine: dna069  Platform: Linux  PlatformVersion: 5.14.0-427.37.1.el9_4.x86_64  CompilerName: GCC  CompilerVersion: 8.4.0
ProgramName: mris_topo_fixer  ProgramArguments: mris_topo_fixer -all-info  ProgramVersion: 7.3.2  TimeStamp: 2026/03/15-07:11:32-GMT  BuildTime: Aug  4 2022 06:17:15  BuildStamp: freesurfer-linux-ubuntu22_x86_64-7.3.2-20220804-6354275  User: oesteban  Machine: dna069  Platform: Linux  PlatformVersion: 5.14.0-427.37.1.el9_4.x86_64  CompilerName: GCC  CompilerVersion: 8.4.0
ProgramName: mri_surf2surf  ProgramArguments: mri_surf2surf -all-info  ProgramVersion: 7.3.2  TimeStamp: 2026/03/15-07:11:32-GMT  BuildTime: Aug  4 2022 06:17:15  BuildStamp: freesurfer-linux-ubuntu22_x86_64-7.3.2-20220804-6354275  User: oesteban  Machine: dna069  Platform: Linux  PlatformVersion: 5.14.0-427.37.1.el9_4.x86_64  CompilerName: GCC  CompilerVersion: 8.4.0
ProgramName: mri_surf2vol  ProgramArguments: mri_surf2vol -all-info  ProgramVersion: 7.3.2  TimeStamp: 2026/03/15-07:11:32-GMT  BuildTime: Aug  4 2022 06:17:15  BuildStamp: freesurfer-linux-ubuntu22_x86_64-7.3.2-20220804-6354275  User: oesteban  Machine: dna069  Platform: Linux  PlatformVersion: 5.14.0-427.37.1.el9_4.x86_64  CompilerName: GCC  CompilerVersion: 8.4.0
ProgramName: mri_surfcluster  ProgramArguments: mri_surfcluster -all-info  ProgramVersion: 7.3.2  TimeStamp: 2026/03/15-07:11:32-GMT  BuildTime: Aug  4 2022 06:17:15  BuildStamp: freesurfer-linux-ubuntu22_x86_64-7.3.2-20220804-6354275  User: oesteban  Machine: dna069  Platform: Linux  PlatformVersion: 5.14.0-427.37.1.el9_4.x86_64  CompilerName: GCC  CompilerVersion: 8.4.0
ProgramName: mris_volmask  ProgramArguments: mris_volmask -all-info  ProgramVersion: 7.3.2  TimeStamp: 2026/03/15-07:11:32-GMT  BuildTime: Aug  4 2022 06:17:15  BuildStamp: freesurfer-linux-ubuntu22_x86_64-7.3.2-20220804-6354275  User: oesteban  Machine: dna069  Platform: Linux  PlatformVersion: 5.14.0-427.37.1.el9_4.x86_64  CompilerName: GCC  CompilerVersion: 8.4.0
ProgramName: mri_tessellate  ProgramArguments: mri_tessellate -all-info  ProgramVersion: 7.3.2  TimeStamp: 2026/03/15-07:11:32-GMT  BuildTime: Aug  4 2022 06:17:15  BuildStamp: freesurfer-linux-ubuntu22_x86_64-7.3.2-20220804-6354275  User: oesteban  Machine: dna069  Platform: Linux  PlatformVersion: 5.14.0-427.37.1.el9_4.x86_64  CompilerName: GCC  CompilerVersion: 8.4.0
ProgramName: mri_vol2surf  ProgramArguments: mri_vol2surf -all-info  ProgramVersion: 7.3.2  TimeStamp: 2026/03/15-07:11:32-GMT  BuildTime: Aug  4 2022 06:17:15  BuildStamp: freesurfer-linux-ubuntu22_x86_64-7.3.2-20220804-6354275  User: oesteban  Machine: dna069  Platform: Linux  PlatformVersion: 5.14.0-427.37.1.el9_4.x86_64  CompilerName: GCC  CompilerVersion: 8.4.0
ProgramName: mri_vol2vol  ProgramArguments: mri_vol2vol -all-info  ProgramVersion: 7.3.2  TimeStamp: 2026/03/15-07:11:32-GMT  BuildTime: Aug  4 2022 06:17:15  BuildStamp: freesurfer-linux-ubuntu22_x86_64-7.3.2-20220804-6354275  User: oesteban  Machine: dna069  Platform: Linux  PlatformVersion: 5.14.0-427.37.1.el9_4.x86_64  CompilerName: GCC  CompilerVersion: 8.4.0
ProgramName: mri_voldiff  ProgramArguments: mri_voldiff -all-info  ProgramVersion: 7.3.2  TimeStamp: 2026/03/15-07:11:32-GMT  BuildTime: Aug  4 2022 06:17:15  BuildStamp: freesurfer-linux-ubuntu22_x86_64-7.3.2-20220804-6354275  User: oesteban  Machine: dna069  Platform: Linux  PlatformVersion: 5.14.0-427.37.1.el9_4.x86_64  CompilerName: GCC  CompilerVersion: 8.4.0
ProgramName: mri_watershed  ProgramArguments: mri_watershed -all-info  ProgramVersion: 7.3.2  TimeStamp: 2026/03/15-07:11:32-GMT  BuildTime: Aug  4 2022 06:17:15  BuildStamp: freesurfer-linux-ubuntu22_x86_64-7.3.2-20220804-6354275  User: oesteban  Machine: dna069  Platform: Linux  PlatformVersion: 5.14.0-427.37.1.el9_4.x86_64  CompilerName: GCC  CompilerVersion: 8.4.0
ProgramName: tkregister2  ProgramArguments: tkregister2_cmdl -all-info  ProgramVersion: 7.3.2  TimeStamp: 2026/03/15-07:11:32-GMT  BuildTime: Aug  4 2022 06:17:15  BuildStamp: freesurfer-linux-ubuntu22_x86_64-7.3.2-20220804-6354275  User: oesteban  Machine: dna069  Platform: Linux  PlatformVersion: 5.14.0-427.37.1.el9_4.x86_64  CompilerName: GCC  CompilerVersion: 8.4.0
mri_motion_correct.fsl 7.3.2
mri_convert -all-info 
ProgramName: mri_convert  ProgramArguments: mri_convert -all-info  ProgramVersion: 7.3.2  TimeStamp: 2026/03/15-07:11:32-GMT  BuildTime: Aug  4 2022 06:17:15  BuildStamp: freesurfer-linux-ubuntu22_x86_64-7.3.2-20220804-6354275  User: oesteban  Machine: dna069  Platform: Linux  PlatformVersion: 5.14.0-427.37.1.el9_4.x86_64  CompilerName: GCC  CompilerVersion: 8.4.0
Program nu_correct, built from:
Package MNI N3, version 1.12.0, compiled by nicks@terrier (x86_64-unknown-linux-gnu) on 2015-06-19 at 01:25:34
#######################################
GCADIR /opt/freesurfer/average
GCA RB_all_2020-01-02.gca
GCASkull RB_all_withskull_2020_01_02.gca
AvgCurvTif folding.atlas.acfb40.noaparc.i12.2016-08-02.tif
GCSDIR /opt/freesurfer/average
GCS DKaparc.atlas.acfb40.noaparc.i12.2016-08-02.gcs
#######################################
/out/sourcedata/freesurfer/sub-v2s10x28935_ses-1

 mri_convert /work/fmriprep_25_2_wf/sub_v2s10x28935_ses_1_wf/anat_fit_wf/anat_validate/sub-v2s10x28935_ses-1_run-1_T1w_noise_corrected_ras_valid.nii.gz /out/sourcedata/freesurfer/sub-v2s10x28935_ses-1/mri/orig/001.mgz 

mri_convert /work/fmriprep_25_2_wf/sub_v2s10x28935_ses_1_wf/anat_fit_wf/anat_validate/sub-v2s10x28935_ses-1_run-1_T1w_noise_corrected_ras_valid.nii.gz /out/sourcedata/freesurfer/sub-v2s10x28935_ses-1/mri/orig/001.mgz 
reading from /work/fmriprep_25_2_wf/sub_v2s10x28935_ses_1_wf/anat_fit_wf/anat_validate/sub-v2s10x28935_ses-1_run-1_T1w_noise_corrected_ras_valid.nii.gz...
TR=0.00, TE=0.00, TI=0.00, flip angle=0.00
i_ras = (0.998222, 0.0558093, -0.0209454)
j_ras = (-0.0558215, 0.998441, 5.24163e-08)
k_ras = (0.0209128, 0.00116915, 0.999781)
writing to /out/sourcedata/freesurfer/sub-v2s10x28935_ses-1/mri/orig/001.mgz...
#--------------------------------------------
#@# MotionCor Sun Mar 15 08:11:34 CET 2026
Found 1 runs
/out/sourcedata/freesurfer/sub-v2s10x28935_ses-1/mri/orig/001.mgz
Checking for (invalid) multi-frame inputs...
Only one run found so motion
correction will not be performed. I'll
copy the run to rawavg and continue.

 cp /out/sourcedata/freesurfer/sub-v2s10x28935_ses-1/mri/orig/001.mgz /out/sourcedata/freesurfer/sub-v2s10x28935_ses-1/mri/rawavg.mgz 


 mri_info /out/sourcedata/freesurfer/sub-v2s10x28935_ses-1/mri/rawavg.mgz 

rawavg.mgz ========================================
Volume information for /out/sourcedata/freesurfer/sub-v2s10x28935_ses-1/mri/rawavg.mgz
          type: MGH
    dimensions: 160 x 240 x 256
   voxel sizes: 1.100000, 1.000000, 1.000000
          type: FLOAT (3)
           fov: 256.000
           dof: 1
        xstart: -88.0, xend: 88.0
        ystart: -120.0, yend: 120.0
        zstart: -128.0, zend: 128.0
            TR: 0.00 msec, TE: 0.00 msec, TI: 0.00 msec, flip angle: 0.00 degrees
       nframes: 1
       PhEncDir: UNKNOWN
       FieldStrength: 0.000000
ras xform present
    xform info: x_r =   0.9982, y_r =  -0.0558, z_r =   0.0209, c_r =    -6.7217
              : x_a =   0.0558, y_a =   0.9984, z_a =   0.0012, c_a =    12.0670
              : x_s =  -0.0209, y_s =   0.0000, z_s =   0.9998, c_s =   -23.1974

talairach xfm : 
Orientation   : RAS
Primary Slice Direction: axial

voxel to ras transform:
                1.0980  -0.0558   0.0209   -90.5435
                0.0614   0.9984   0.0012  -112.8068
               -0.0230   0.0000   0.9998  -149.3262
                0.0000   0.0000   0.0000     1.0000

voxel-to-ras determinant 1.1

ras to voxel transform:
                0.9075   0.0507  -0.0190    85.0458
               -0.0558   0.9984   0.0000   107.5766
                0.0209   0.0012   0.9998   151.3188
                0.0000   0.0000   0.0000     1.0000
/out/sourcedata/freesurfer/sub-v2s10x28935_ses-1

 mri_convert /out/sourcedata/freesurfer/sub-v2s10x28935_ses-1/mri/rawavg.mgz /out/sourcedata/freesurfer/sub-v2s10x28935_ses-1/mri/orig.mgz --conform 

mri_convert /out/sourcedata/freesurfer/sub-v2s10x28935_ses-1/mri/rawavg.mgz /out/sourcedata/freesurfer/sub-v2s10x28935_ses-1/mri/orig.mgz --conform 
reading from /out/sourcedata/freesurfer/sub-v2s10x28935_ses-1/mri/rawavg.mgz...
TR=0.00, TE=0.00, TI=0.00, flip angle=0.00
i_ras = (0.998222, 0.0558093, -0.0209454)
j_ras = (-0.0558215, 0.998441, 5.24163e-08)
k_ras = (0.0209128, 0.00116915, 0.999781)
changing data type from float to uchar (noscale = 0)...
MRIchangeType: Building histogram -0.000419617 950.76 1000, flo=0, fhi=0.999, dest_type=0
Reslicing using trilinear interpolation 
writing to /out/sourcedata/freesurfer/sub-v2s10x28935_ses-1/mri/orig.mgz...

 mri_add_xform_to_header -c /out/sourcedata/freesurfer/sub-v2s10x28935_ses-1/mri/transforms/talairach.xfm /out/sourcedata/freesurfer/sub-v2s10x28935_ses-1/mri/orig.mgz /out/sourcedata/freesurfer/sub-v2s10x28935_ses-1/mri/orig.mgz 

INFO: extension is mgz

 mri_info /out/sourcedata/freesurfer/sub-v2s10x28935_ses-1/mri/orig.mgz 

orig.mgz ========================================
Volume information for /out/sourcedata/freesurfer/sub-v2s10x28935_ses-1/mri/orig.mgz
          type: MGH
    dimensions: 256 x 256 x 256
   voxel sizes: 1.000000, 1.000000, 1.000000
          type: UCHAR (0)
           fov: 256.000
           dof: 1
        xstart: -128.0, xend: 128.0
        ystart: -128.0, yend: 128.0
        zstart: -128.0, zend: 128.0
            TR: 0.00 msec, TE: 0.00 msec, TI: 0.00 msec, flip angle: 0.00 degrees
       nframes: 1
       PhEncDir: UNKNOWN
       FieldStrength: 0.000000
ras xform present
    xform info: x_r =  -1.0000, y_r =  -0.0000, z_r =  -0.0000, c_r =    -6.7217
              : x_a =  -0.0000, y_a =  -0.0000, z_a =   1.0000, c_a =    12.0669
              : x_s =  -0.0000, y_s =  -1.0000, z_s =   0.0000, c_s =   -23.1974

talairach xfm : /out/sourcedata/freesurfer/sub-v2s10x28935_ses-1/mri/transforms/talairach.xfm
Orientation   : LIA
Primary Slice Direction: coronal

voxel to ras transform:
               -1.0000  -0.0000  -0.0000   121.2783
               -0.0000  -0.0000   1.0000  -115.9331
               -0.0000  -1.0000   0.0000   104.8026
                0.0000   0.0000   0.0000     1.0000

voxel-to-ras determinant -1

ras to voxel transform:
               -1.0000  -0.0000   0.0000   121.2783
                0.0000   0.0000  -1.0000   104.8026
               -0.0000   1.0000  -0.0000   115.9331
               -0.0000  -0.0000  -0.0000     1.0000
#--------------------------------------------
#@# Talairach Sun Mar 15 08:11:40 CET 2026
/out/sourcedata/freesurfer/sub-v2s10x28935_ses-1/mri

 mri_nu_correct.mni --no-rescale --i orig.mgz --o orig_nu.mgz --ants-n4 --n 1 --proto-iters 1000 --distance 50 

/usr/bin/bc
/out/sourcedata/freesurfer/sub-v2s10x28935_ses-1/mri
/opt/freesurfer/bin/mri_nu_correct.mni
--no-rescale --i orig.mgz --o orig_nu.mgz --ants-n4 --n 1 --proto-iters 1000 --distance 50
nIters 1
mri_nu_correct.mni 7.3.2
Linux dna069 5.14.0-427.37.1.el9_4.x86_64 #1 SMP PREEMPT_DYNAMIC Fri Sep 13 12:41:50 EDT 2024 x86_64 x86_64 x86_64 GNU/Linux
Sun Mar 15 08:11:40 CET 2026
tmpdir is ./tmp.mri_nu_correct.mni.2765554
cd /out/sourcedata/freesurfer/sub-v2s10x28935_ses-1/mri
AntsN4BiasFieldCorrectionFs -i orig.mgz -o ./tmp.mri_nu_correct.mni.2765554/nu0.mgz --dtype uchar
AntsN4BiasFieldCorrectionFs done
mri_convert ./tmp.mri_nu_correct.mni.2765554/nu0.mgz orig_nu.mgz --like orig.mgz --conform
mri_convert ./tmp.mri_nu_correct.mni.2765554/nu0.mgz orig_nu.mgz --like orig.mgz --conform 
reading from ./tmp.mri_nu_correct.mni.2765554/nu0.mgz...
TR=0.00, TE=0.00, TI=0.00, flip angle=0.00
i_ras = (-1, -1.19871e-09, -1.86265e-09)
j_ras = (-1.86265e-09, -1.16415e-10, -1)
k_ras = (-6.25187e-09, 1, 2.32831e-10)
INFO: transform src into the like-volume: orig.mgz
writing to orig_nu.mgz...
 
 
Sun Mar 15 08:14:12 CET 2026
mri_nu_correct.mni done

 talairach_avi --i orig_nu.mgz --xfm transforms/talairach.auto.xfm 

talairach_avi log file is transforms/talairach_avi.log...
mv -f /out/sourcedata/freesurfer/sub-v2s10x28935_ses-1/mri/talsrcimg_to_711-2C_as_mni_average_305_t4_vox2vox.txt /out/sourcedata/freesurfer/sub-v2s10x28935_ses-1/mri/transforms/talsrcimg_to_711-2C_as_mni_average_305_t4_vox2vox.txt
Started at Sun Mar 15 08:14:12 CET 2026
Ended   at Sun Mar 15 08:14:27 CET 2026
talairach_avi done

 cp transforms/talairach.auto.xfm transforms/talairach.xfm 

lta_convert --src orig.mgz --trg /opt/freesurfer/average/mni305.cor.mgz --inxfm transforms/talairach.xfm --outlta transforms/talairach.xfm.lta --subject fsaverage --ltavox2vox
7.3.2

--src: orig.mgz src image (geometry).
--trg: /opt/freesurfer/average/mni305.cor.mgz trg image (geometry).
--inmni: transforms/talairach.xfm input MNI/XFM transform.
--outlta: transforms/talairach.xfm.lta output LTA.
--s: fsaverage subject name
--ltavox2vox: output LTA as VOX_TO_VOX transform.
 LTA read, type : 1
 1.06061   0.05364  -0.03506   8.22861;
-0.04047   0.99650   0.26763  -25.63519;
 0.03780  -0.21089   1.10618  -11.60205;
 0.00000   0.00000   0.00000   1.00000;
setting subject to fsaverage
Writing  LTA to file transforms/talairach.xfm.lta...
lta_convert successful.
#--------------------------------------------
#@# Talairach Failure Detection Sun Mar 15 08:14:29 CET 2026
/out/sourcedata/freesurfer/sub-v2s10x28935_ses-1/mri

 talairach_afd -T 0.005 -xfm transforms/talairach.xfm 

talairach_afd: Talairach Transform: transforms/talairach.xfm OK (p=0.7689, pval=0.6675 >= threshold=0.0050)

 awk -f /opt/freesurfer/bin/extract_talairach_avi_QA.awk /out/sourcedata/freesurfer/sub-v2s10x28935_ses-1/mri/transforms/talairach_avi.log 


 tal_QC_AZS /out/sourcedata/freesurfer/sub-v2s10x28935_ses-1/mri/transforms/talairach_avi.log 

TalAviQA: 0.97790
z-score: 0
#--------------------------------------------
#@# Nu Intensity Correction Sun Mar 15 08:14:29 CET 2026

 mri_nu_correct.mni --i orig.mgz --o nu.mgz --uchar transforms/talairach.xfm --n 2 --ants-n4 

/usr/bin/bc
/out/sourcedata/freesurfer/sub-v2s10x28935_ses-1/mri
/opt/freesurfer/bin/mri_nu_correct.mni
--i orig.mgz --o nu.mgz --uchar transforms/talairach.xfm --n 2 --ants-n4
nIters 2
mri_nu_correct.mni 7.3.2
Linux dna069 5.14.0-427.37.1.el9_4.x86_64 #1 SMP PREEMPT_DYNAMIC Fri Sep 13 12:41:50 EDT 2024 x86_64 x86_64 x86_64 GNU/Linux
Sun Mar 15 08:14:29 CET 2026
tmpdir is ./tmp.mri_nu_correct.mni.2766727
cd /out/sourcedata/freesurfer/sub-v2s10x28935_ses-1/mri
AntsN4BiasFieldCorrectionFs -i orig.mgz -o ./tmp.mri_nu_correct.mni.2766727/nu0.mgz --dtype uchar
AntsN4BiasFieldCorrectionFs done
mri_binarize --i ./tmp.mri_nu_correct.mni.2766727/nu0.mgz --min -1 --o ./tmp.mri_nu_correct.mni.2766727/ones.mgz

7.3.2
cwd /out/sourcedata/freesurfer/sub-v2s10x28935_ses-1/mri
cmdline mri_binarize --i ./tmp.mri_nu_correct.mni.2766727/nu0.mgz --min -1 --o ./tmp.mri_nu_correct.mni.2766727/ones.mgz 
sysname  Linux
hostname dna069
machine  x86_64
user     oesteban

input      ./tmp.mri_nu_correct.mni.2766727/nu0.mgz
frame      0
nErode3d   0
nErode2d   0
output     ./tmp.mri_nu_correct.mni.2766727/ones.mgz
Binarizing based on threshold
min        -1
max        +infinity
binval        1
binvalnot     0
fstart = 0, fend = 0, nframes = 1
Starting parallel 1
Found 16777216 values in range
Counting number of voxels in first frame
Found 16777215 voxels in final mask
Writing output to ./tmp.mri_nu_correct.mni.2766727/ones.mgz
Count: 16777215 16777215.000000 16777216 99.999994
mri_binarize done
mri_segstats --id 1 --seg ./tmp.mri_nu_correct.mni.2766727/ones.mgz --i orig.mgz --sum ./tmp.mri_nu_correct.mni.2766727/sum.junk --avgwf ./tmp.mri_nu_correct.mni.2766727/input.mean.dat

7.3.2
cwd 
cmdline mri_segstats --id 1 --seg ./tmp.mri_nu_correct.mni.2766727/ones.mgz --i orig.mgz --sum ./tmp.mri_nu_correct.mni.2766727/sum.junk --avgwf ./tmp.mri_nu_correct.mni.2766727/input.mean.dat 
sysname  Linux
hostname dna069
machine  x86_64
user     oesteban
whitesurfname  white
UseRobust  0
Loading ./tmp.mri_nu_correct.mni.2766727/ones.mgz
Loading orig.mgz
Voxel Volume is 1 mm^3
Generating list of segmentation ids
Found   1 segmentations
Computing statistics for each segmentation

Reporting on   1 segmentations
Using PrintSegStat
Computing spatial average of each frame

Writing to ./tmp.mri_nu_correct.mni.2766727/input.mean.dat
mri_segstats done
mri_segstats --id 1 --seg ./tmp.mri_nu_correct.mni.2766727/ones.mgz --i ./tmp.mri_nu_correct.mni.2766727/nu0.mgz --sum ./tmp.mri_nu_correct.mni.2766727/sum.junk --avgwf ./tmp.mri_nu_correct.mni.2766727/output.mean.dat

7.3.2
cwd 
cmdline mri_segstats --id 1 --seg ./tmp.mri_nu_correct.mni.2766727/ones.mgz --i ./tmp.mri_nu_correct.mni.2766727/nu0.mgz --sum ./tmp.mri_nu_correct.mni.2766727/sum.junk --avgwf ./tmp.mri_nu_correct.mni.2766727/output.mean.dat 
sysname  Linux
hostname dna069
machine  x86_64
user     oesteban
whitesurfname  white
UseRobust  0
Loading ./tmp.mri_nu_correct.mni.2766727/ones.mgz
Loading ./tmp.mri_nu_correct.mni.2766727/nu0.mgz
Voxel Volume is 1 mm^3
Generating list of segmentation ids
Found   1 segmentations
Computing statistics for each segmentation

Reporting on   1 segmentations
Using PrintSegStat
Computing spatial average of each frame

Writing to ./tmp.mri_nu_correct.mni.2766727/output.mean.dat
mri_segstats done
mris_calc -o ./tmp.mri_nu_correct.mni.2766727/nu0.mgz ./tmp.mri_nu_correct.mni.2766727/nu0.mgz mul 1.37917226993124453934
Saving result to './tmp.mri_nu_correct.mni.2766727/nu0.mgz' (type = MGH )                       [ ok ]
mri_convert ./tmp.mri_nu_correct.mni.2766727/nu0.mgz nu.mgz --like orig.mgz
mri_convert ./tmp.mri_nu_correct.mni.2766727/nu0.mgz nu.mgz --like orig.mgz 
reading from ./tmp.mri_nu_correct.mni.2766727/nu0.mgz...
TR=0.00, TE=0.00, TI=0.00, flip angle=0.00
i_ras = (-1, -1.19871e-09, -1.86265e-09)
j_ras = (-1.86265e-09, -1.16415e-10, -1)
k_ras = (-6.25187e-09, 1, 2.32831e-10)
INFO: transform src into the like-volume: orig.mgz
writing to nu.mgz...
mri_make_uchar nu.mgz transforms/talairach.xfm nu.mgz
type change took 0 minutes and 3 seconds.
FIRST_PERCENTILE 0.010000
WM_PERCENTILE    0.900000
MAX_R 50.000000
i1 = 7, i2 = 72
#mri_make_uchar# mapping 18 185 to  3 110  :  b -9.02154 m 0.641783 : thresh 14.057 maxsat 411.388 : nzero 14166274 nsat 0
 
 
Sun Mar 15 08:17:14 CET 2026
mri_nu_correct.mni done

 mri_add_xform_to_header -c /out/sourcedata/freesurfer/sub-v2s10x28935_ses-1/mri/transforms/talairach.xfm nu.mgz nu.mgz 

INFO: extension is mgz
#--------------------------------------------
#@# Intensity Normalization Sun Mar 15 08:17:14 CET 2026
/out/sourcedata/freesurfer/sub-v2s10x28935_ses-1/mri

 mri_normalize -g 1 -seed 1234 -mprage nu.mgz T1.mgz 

using max gradient = 1.000
setting seed for random number genererator to 1234
assuming input volume is MGH (Van der Kouwe) MP-RAGE
reading mri_src from nu.mgz...
normalizing image...
NOT doing gentle normalization with control points/label
talairach transform
 1.06061   0.05364  -0.03506   8.22861;
-0.04047   0.99650   0.26763  -25.63519;
 0.03780  -0.21089   1.10618  -11.60205;
 0.00000   0.00000   0.00000   1.00000;
processing without aseg, no1d=0
MRInormInit(): 
INFO: Modifying talairach volume c_(r,a,s) based on average_305
MRInormalize(): 
MRIsplineNormalize(): npeaks = 15
Starting OpenSpline(): npoints = 15
building Voronoi diagram...
performing soap bubble smoothing, sigma = 8...

Iterating 2 times
---------------------------------
3d normalization pass 1 of 2
white matter peak found at 110
white matter peak found at 110
gm peak at 72 (72), valley at 51 (51)
csf peak at 37, setting threshold to 60
building Voronoi diagram...
performing soap bubble smoothing, sigma = 8...
---------------------------------
3d normalization pass 2 of 2
white matter peak found at 110
white matter peak found at 110
gm peak at 73 (73), valley at 37 (37)
csf peak at 37, setting threshold to 61
building Voronoi diagram...
performing soap bubble smoothing, sigma = 8...
Done iterating ---------------------------------
writing output to T1.mgz
3D bias adjustment took 0 minutes and 56 seconds.

Started at Sun Mar 15 08:11:32 CET 2026 
Ended   at Sun Mar 15 08:18:11 CET 2026
#@#%# recon-all-run-time-hours 0.111
recon-all -s sub-v2s10x28935_ses-1 finished without error at Sun Mar 15 08:18:11 CET 2026



#New# invocation of recon-all 




Sun Mar 15 08:23:54 CET 2026
cd /out/sourcedata/freesurfer/sub-v2s10x28935_ses-1
setenv SUBJECTS_DIR /out/sourcedata/freesurfer
/opt/freesurfer/bin/recon-all -openmp 16 -subjid sub-v2s10x28935_ses-1 -sd /out/sourcedata/freesurfer -gcareg

subjid sub-v2s10x28935_ses-1
setenv SUBJECTS_DIR /out/sourcedata/freesurfer
FREESURFER_HOME /opt/freesurfer
Actual FREESURFER_HOME /opt/freesurfer
build-stamp.txt: freesurfer-linux-ubuntu22_x86_64-7.3.2-20220804-6354275
Linux dna069 5.14.0-427.37.1.el9_4.x86_64 #1 SMP PREEMPT_DYNAMIC Fri Sep 13 12:41:50 EDT 2024 x86_64 x86_64 x86_64 GNU/Linux
cputime      unlimited
filesize     unlimited
datasize     unlimited
stacksize    8192 kbytes
coredumpsize 0 kbytes
memoryuse    67108864 kbytes
vmemoryuse   unlimited
descriptors  1024 
memorylocked unlimited
maxproc      2061970 
maxlocks     unlimited
maxsignal    2062029 
maxmessage   819200 
maxnice      0 
maxrtprio    0 
maxrttime    unlimited

               total        used        free      shared  buff/cache   available
Mem:           503Gi        53Gi       253Gi       9.0Gi       195Gi       437Gi
Swap:             0B          0B          0B

########################################
program versions used
7.3.2 (freesurfer-linux-ubuntu22_x86_64-7.3.2-20220804-6354275)
7.3.2

ProgramName: lta_convert  ProgramArguments: lta_convert -all-info  ProgramVersion: 7.3.2  TimeStamp: 2026/03/15-07:23:54-GMT  BuildTime: Aug  4 2022 06:17:15  BuildStamp: freesurfer-linux-ubuntu22_x86_64-7.3.2-20220804-6354275  User: oesteban  Machine: dna069  Platform: Linux  PlatformVersion: 5.14.0-427.37.1.el9_4.x86_64  CompilerName: GCC  CompilerVersion: 8.4.0
ProgramName: mri_and  ProgramArguments: mri_and -all-info  ProgramVersion: 7.3.2  TimeStamp: 2026/03/15-07:23:54-GMT  BuildTime: Aug  4 2022 06:17:15  BuildStamp: freesurfer-linux-ubuntu22_x86_64-7.3.2-20220804-6354275  User: oesteban  Machine: dna069  Platform: Linux  PlatformVersion: 5.14.0-427.37.1.el9_4.x86_64  CompilerName: GCC  CompilerVersion: 8.4.0
ProgramName: mri_annotation2label  ProgramArguments: mri_annotation2label -all-info  ProgramVersion: 7.3.2  TimeStamp: 2026/03/15-07:23:54-GMT  BuildTime: Aug  4 2022 06:17:15  BuildStamp: freesurfer-linux-ubuntu22_x86_64-7.3.2-20220804-6354275  User: oesteban  Machine: dna069  Platform: Linux  PlatformVersion: 5.14.0-427.37.1.el9_4.x86_64  CompilerName: GCC  CompilerVersion: 8.4.0
ProgramName: mri_aparc2aseg  ProgramArguments: mri_aparc2aseg -all-info  ProgramVersion: 7.3.2  TimeStamp: 2026/03/15-07:23:54-GMT  BuildTime: Aug  4 2022 06:17:15  BuildStamp: freesurfer-linux-ubuntu22_x86_64-7.3.2-20220804-6354275  User: oesteban  Machine: dna069  Platform: Linux  PlatformVersion: 5.14.0-427.37.1.el9_4.x86_64  CompilerName: GCC  CompilerVersion: 8.4.0
ProgramName: mri_surf2volseg  ProgramArguments: mri_surf2volseg -all-info  ProgramVersion: 7.3.2  TimeStamp: 2026/03/15-07:23:54-GMT  BuildTime: Aug  4 2022 06:17:15  BuildStamp: freesurfer-linux-ubuntu22_x86_64-7.3.2-20220804-6354275  User: oesteban  Machine: dna069  Platform: Linux  PlatformVersion: 5.14.0-427.37.1.el9_4.x86_64  CompilerName: GCC  CompilerVersion: 8.4.0
ProgramName: mri_binarize  ProgramArguments: mri_binarize -all-info  ProgramVersion: 7.3.2  TimeStamp: 2026/03/15-07:23:54-GMT  BuildTime: Aug  4 2022 06:17:15  BuildStamp: freesurfer-linux-ubuntu22_x86_64-7.3.2-20220804-6354275  User: oesteban  Machine: dna069  Platform: Linux  PlatformVersion: 5.14.0-427.37.1.el9_4.x86_64  CompilerName: GCC  CompilerVersion: 8.4.0
ProgramName: mri_ca_label  ProgramArguments: mri_ca_label -all-info  ProgramVersion: 7.3.2  TimeStamp: 2026/03/15-07:23:54-GMT  BuildTime: Aug  4 2022 06:17:15  BuildStamp: freesurfer-linux-ubuntu22_x86_64-7.3.2-20220804-6354275  User: oesteban  Machine: dna069  Platform: Linux  PlatformVersion: 5.14.0-427.37.1.el9_4.x86_64  CompilerName: GCC  CompilerVersion: 8.4.0
ProgramName: mri_ca_normalize  ProgramArguments: mri_ca_normalize -all-info  ProgramVersion: 7.3.2  TimeStamp: 2026/03/15-07:23:54-GMT  BuildTime: Aug  4 2022 06:17:15  BuildStamp: freesurfer-linux-ubuntu22_x86_64-7.3.2-20220804-6354275  User: oesteban  Machine: dna069  Platform: Linux  PlatformVersion: 5.14.0-427.37.1.el9_4.x86_64  CompilerName: GCC  CompilerVersion: 8.4.0
ProgramName: mri_ca_register  ProgramArguments: mri_ca_register -all-info  ProgramVersion: 7.3.2  TimeStamp: 2026/03/15-07:23:54-GMT  BuildTime: Aug  4 2022 06:17:15  BuildStamp: freesurfer-linux-ubuntu22_x86_64-7.3.2-20220804-6354275  User: oesteban  Machine: dna069  Platform: Linux  PlatformVersion: 5.14.0-427.37.1.el9_4.x86_64  CompilerName: GCC  CompilerVersion: 8.4.0
ProgramName: mri_cc  ProgramArguments: mri_cc -all-info  ProgramVersion: 7.3.2  TimeStamp: 2026/03/15-07:23:54-GMT  BuildTime: Aug  4 2022 06:17:15  BuildStamp: freesurfer-linux-ubuntu22_x86_64-7.3.2-20220804-6354275  User: oesteban  Machine: dna069  Platform: Linux  PlatformVersion: 5.14.0-427.37.1.el9_4.x86_64  CompilerName: GCC  CompilerVersion: 8.4.0
ProgramName: mri_compute_overlap  ProgramArguments: mri_compute_overlap -all-info  ProgramVersion: 7.3.2  TimeStamp: 2026/03/15-07:23:54-GMT  BuildTime: Aug  4 2022 06:17:15  BuildStamp: freesurfer-linux-ubuntu22_x86_64-7.3.2-20220804-6354275  User: oesteban  Machine: dna069  Platform: Linux  PlatformVersion: 5.14.0-427.37.1.el9_4.x86_64  CompilerName: GCC  CompilerVersion: 8.4.0
ProgramName: mri_compute_seg_overlap  ProgramArguments: mri_compute_seg_overlap -all-info  ProgramVersion: 7.3.2  TimeStamp: 2026/03/15-07:23:54-GMT  BuildTime: Aug  4 2022 06:17:15  BuildStamp: freesurfer-linux-ubuntu22_x86_64-7.3.2-20220804-6354275  User: oesteban  Machine: dna069  Platform: Linux  PlatformVersion: 5.14.0-427.37.1.el9_4.x86_64  CompilerName: GCC  CompilerVersion: 8.4.0
ProgramName: mri_concat  ProgramArguments: mri_concat -all-info  ProgramVersion: 7.3.2  TimeStamp: 2026/03/15-07:23:54-GMT  BuildTime: Aug  4 2022 06:17:15  BuildStamp: freesurfer-linux-ubuntu22_x86_64-7.3.2-20220804-6354275  User: oesteban  Machine: dna069  Platform: Linux  PlatformVersion: 5.14.0-427.37.1.el9_4.x86_64  CompilerName: GCC  CompilerVersion: 8.4.0
ProgramName: mri_concatenate_lta  ProgramArguments: mri_concatenate_lta -all-info  ProgramVersion: 7.3.2  TimeStamp: 2026/03/15-07:23:54-GMT  BuildTime: Aug  4 2022 06:17:15  BuildStamp: freesurfer-linux-ubuntu22_x86_64-7.3.2-20220804-6354275  User: oesteban  Machine: dna069  Platform: Linux  PlatformVersion: 5.14.0-427.37.1.el9_4.x86_64  CompilerName: GCC  CompilerVersion: 8.4.0
mri_convert -all-info 
ProgramName: mri_convert  ProgramArguments: mri_convert -all-info  ProgramVersion: 7.3.2  TimeStamp: 2026/03/15-07:23:54-GMT  BuildTime: Aug  4 2022 06:17:15  BuildStamp: freesurfer-linux-ubuntu22_x86_64-7.3.2-20220804-6354275  User: oesteban  Machine: dna069  Platform: Linux  PlatformVersion: 5.14.0-427.37.1.el9_4.x86_64  CompilerName: GCC  CompilerVersion: 8.4.0
ProgramName: mri_diff  ProgramArguments: mri_diff -all-info  ProgramVersion: 7.3.2  TimeStamp: 2026/03/15-07:23:54-GMT  BuildTime: Aug  4 2022 06:17:15  BuildStamp: freesurfer-linux-ubuntu22_x86_64-7.3.2-20220804-6354275  User: oesteban  Machine: dna069  Platform: Linux  PlatformVersion: 5.14.0-427.37.1.el9_4.x86_64  CompilerName: GCC  CompilerVersion: 8.4.0
ProgramName: mri_edit_wm_with_aseg  ProgramArguments: mri_edit_wm_with_aseg -all-info  ProgramVersion: 7.3.2  TimeStamp: 2026/03/15-07:23:54-GMT  BuildTime: Aug  4 2022 06:17:15  BuildStamp: freesurfer-linux-ubuntu22_x86_64-7.3.2-20220804-6354275  User: oesteban  Machine: dna069  Platform: Linux  PlatformVersion: 5.14.0-427.37.1.el9_4.x86_64  CompilerName: GCC  CompilerVersion: 8.4.0
ProgramName: mri_em_register  ProgramArguments: mri_em_register -all-info  ProgramVersion: 7.3.2  TimeStamp: 2026/03/15-07:23:54-GMT  BuildTime: Aug  4 2022 06:17:15  BuildStamp: freesurfer-linux-ubuntu22_x86_64-7.3.2-20220804-6354275  User: oesteban  Machine: dna069  Platform: Linux  PlatformVersion: 5.14.0-427.37.1.el9_4.x86_64  CompilerName: GCC  CompilerVersion: 8.4.0
ProgramName: mri_fill  ProgramArguments: mri_fill -all-info  ProgramVersion: 7.3.2  TimeStamp: 2026/03/15-07:23:54-GMT  BuildTime: Aug  4 2022 06:17:15  BuildStamp: freesurfer-linux-ubuntu22_x86_64-7.3.2-20220804-6354275  User: oesteban  Machine: dna069  Platform: Linux  PlatformVersion: 5.14.0-427.37.1.el9_4.x86_64  CompilerName: GCC  CompilerVersion: 8.4.0
ProgramName: mri_fuse_segmentations  ProgramArguments: mri_fuse_segmentations -all-info  ProgramVersion: 7.3.2  TimeStamp: 2026/03/15-07:23:54-GMT  BuildTime: Aug  4 2022 06:17:15  BuildStamp: freesurfer-linux-ubuntu22_x86_64-7.3.2-20220804-6354275  User: oesteban  Machine: dna069  Platform: Linux  PlatformVersion: 5.14.0-427.37.1.el9_4.x86_64  CompilerName: GCC  CompilerVersion: 8.4.0
ProgramName: mri_fwhm  ProgramArguments: mri_fwhm -all-info  ProgramVersion: 7.3.2  TimeStamp: 2026/03/15-07:23:54-GMT  BuildTime: Aug  4 2022 06:17:15  BuildStamp: freesurfer-linux-ubuntu22_x86_64-7.3.2-20220804-6354275  User: oesteban  Machine: dna069  Platform: Linux  PlatformVersion: 5.14.0-427.37.1.el9_4.x86_64  CompilerName: GCC  CompilerVersion: 8.4.0
ProgramName: mri_gcut  ProgramArguments: mri_gcut -all-info  ProgramVersion: 7.3.2  TimeStamp: 2026/03/15-07:23:54-GMT  BuildTime: Aug  4 2022 06:17:15  BuildStamp: freesurfer-linux-ubuntu22_x86_64-7.3.2-20220804-6354275  User: oesteban  Machine: dna069  Platform: Linux  PlatformVersion: 5.14.0-427.37.1.el9_4.x86_64  CompilerName: GCC  CompilerVersion: 8.4.0
ProgramName: mri_info  ProgramArguments: mri_info -all-info  ProgramVersion: 7.3.2  TimeStamp: 2026/03/15-07:23:54-GMT  BuildTime: Aug  4 2022 06:17:15  BuildStamp: freesurfer-linux-ubuntu22_x86_64-7.3.2-20220804-6354275  User: oesteban  Machine: dna069  Platform: Linux  PlatformVersion: 5.14.0-427.37.1.el9_4.x86_64  CompilerName: GCC  CompilerVersion: 8.4.0
ProgramName: mri_label2label  ProgramArguments: mri_label2label -all-info  ProgramVersion: 7.3.2  TimeStamp: 2026/03/15-07:23:54-GMT  BuildTime: Aug  4 2022 06:17:15  BuildStamp: freesurfer-linux-ubuntu22_x86_64-7.3.2-20220804-6354275  User: oesteban  Machine: dna069  Platform: Linux  PlatformVersion: 5.14.0-427.37.1.el9_4.x86_64  CompilerName: GCC  CompilerVersion: 8.4.0
ProgramName: mri_label2vol  ProgramArguments: mri_label2vol -all-info  ProgramVersion: 7.3.2  TimeStamp: 2026/03/15-07:23:54-GMT  BuildTime: Aug  4 2022 06:17:15  BuildStamp: freesurfer-linux-ubuntu22_x86_64-7.3.2-20220804-6354275  User: oesteban  Machine: dna069  Platform: Linux  PlatformVersion: 5.14.0-427.37.1.el9_4.x86_64  CompilerName: GCC  CompilerVersion: 8.4.0
ProgramName: mri_log_likelihood  ProgramArguments: mri_log_likelihood -all-info  ProgramVersion: 7.3.2  TimeStamp: 2026/03/15-07:23:54-GMT  BuildTime: Aug  4 2022 06:17:15  BuildStamp: freesurfer-linux-ubuntu22_x86_64-7.3.2-20220804-6354275  User: oesteban  Machine: dna069  Platform: Linux  PlatformVersion: 5.14.0-427.37.1.el9_4.x86_64  CompilerName: GCC  CompilerVersion: 8.4.0
ProgramName: mri_mask  ProgramArguments: mri_mask -all-info  ProgramVersion: 7.3.2  TimeStamp: 2026/03/15-07:23:54-GMT  BuildTime: Aug  4 2022 06:17:15  BuildStamp: freesurfer-linux-ubuntu22_x86_64-7.3.2-20220804-6354275  User: oesteban  Machine: dna069  Platform: Linux  PlatformVersion: 5.14.0-427.37.1.el9_4.x86_64  CompilerName: GCC  CompilerVersion: 8.4.0
ProgramName: mri_matrix_multiply  ProgramArguments: mri_matrix_multiply -all-info  ProgramVersion: 7.3.2  TimeStamp: 2026/03/15-07:23:54-GMT  BuildTime: Aug  4 2022 06:17:15  BuildStamp: freesurfer-linux-ubuntu22_x86_64-7.3.2-20220804-6354275  User: oesteban  Machine: dna069  Platform: Linux  PlatformVersion: 5.14.0-427.37.1.el9_4.x86_64  CompilerName: GCC  CompilerVersion: 8.4.0
ProgramName: mri_normalize  ProgramArguments: mri_normalize -all-info  ProgramVersion: 7.3.2  TimeStamp: 2026/03/15-07:23:54-GMT  BuildTime: Aug  4 2022 06:17:15  BuildStamp: freesurfer-linux-ubuntu22_x86_64-7.3.2-20220804-6354275  User: oesteban  Machine: dna069  Platform: Linux  PlatformVersion: 5.14.0-427.37.1.el9_4.x86_64  CompilerName: GCC  CompilerVersion: 8.4.0
ProgramName: mri_normalize_tp2  ProgramArguments: mri_normalize_tp2 -all-info  ProgramVersion: 7.3.2  TimeStamp: 2026/03/15-07:23:54-GMT  BuildTime: Aug  4 2022 06:17:15  BuildStamp: freesurfer-linux-ubuntu22_x86_64-7.3.2-20220804-6354275  User: oesteban  Machine: dna069  Platform: Linux  PlatformVersion: 5.14.0-427.37.1.el9_4.x86_64  CompilerName: GCC  CompilerVersion: 8.4.0
ProgramName: mri_or  ProgramArguments: mri_or -all-info  ProgramVersion: 7.3.2  TimeStamp: 2026/03/15-07:23:54-GMT  BuildTime: Aug  4 2022 06:17:15  BuildStamp: freesurfer-linux-ubuntu22_x86_64-7.3.2-20220804-6354275  User: oesteban  Machine: dna069  Platform: Linux  PlatformVersion: 5.14.0-427.37.1.el9_4.x86_64  CompilerName: GCC  CompilerVersion: 8.4.0
ProgramName: mri_relabel_hypointensities  ProgramArguments: mri_relabel_hypointensities -all-info  ProgramVersion: 7.3.2  TimeStamp: 2026/03/15-07:23:54-GMT  BuildTime: Aug  4 2022 06:17:15  BuildStamp: freesurfer-linux-ubuntu22_x86_64-7.3.2-20220804-6354275  User: oesteban  Machine: dna069  Platform: Linux  PlatformVersion: 5.14.0-427.37.1.el9_4.x86_64  CompilerName: GCC  CompilerVersion: 8.4.0
ProgramName: mri_relabel_nonwm_hypos  ProgramArguments: mri_relabel_nonwm_hypos -all-info  ProgramVersion: 7.3.2  TimeStamp: 2026/03/15-07:23:54-GMT  BuildTime: Aug  4 2022 06:17:15  BuildStamp: freesurfer-linux-ubuntu22_x86_64-7.3.2-20220804-6354275  User: oesteban  Machine: dna069  Platform: Linux  PlatformVersion: 5.14.0-427.37.1.el9_4.x86_64  CompilerName: GCC  CompilerVersion: 8.4.0
ProgramName: mri_remove_neck  ProgramArguments: mri_remove_neck -all-info  ProgramVersion: 7.3.2  TimeStamp: 2026/03/15-07:23:54-GMT  BuildTime: Aug  4 2022 06:17:15  BuildStamp: freesurfer-linux-ubuntu22_x86_64-7.3.2-20220804-6354275  User: oesteban  Machine: dna069  Platform: Linux  PlatformVersion: 5.14.0-427.37.1.el9_4.x86_64  CompilerName: GCC  CompilerVersion: 8.4.0
7.3.2

ProgramName: mri_robust_register  ProgramArguments: mri_robust_register -all-info  ProgramVersion: 7.3.2  TimeStamp: 2026/03/15-07:23:54-GMT  BuildTime: Aug  4 2022 06:17:15  BuildStamp: freesurfer-linux-ubuntu22_x86_64-7.3.2-20220804-6354275  User: oesteban  Machine: dna069  Platform: Linux  PlatformVersion: 5.14.0-427.37.1.el9_4.x86_64  CompilerName: GCC  CompilerVersion: 8.4.0
7.3.2

ProgramName: mri_robust_template  ProgramArguments: mri_robust_template -all-info  ProgramVersion: 7.3.2  TimeStamp: 2026/03/15-07:23:54-GMT  BuildTime: Aug  4 2022 06:17:15  BuildStamp: freesurfer-linux-ubuntu22_x86_64-7.3.2-20220804-6354275  User: oesteban  Machine: dna069  Platform: Linux  PlatformVersion: 5.14.0-427.37.1.el9_4.x86_64  CompilerName: GCC  CompilerVersion: 8.4.0
ProgramName: mris_anatomical_stats  ProgramArguments: mris_anatomical_stats -all-info  ProgramVersion: 7.3.2  TimeStamp: 2026/03/15-07:23:54-GMT  BuildTime: Aug  4 2022 06:17:15  BuildStamp: freesurfer-linux-ubuntu22_x86_64-7.3.2-20220804-6354275  User: oesteban  Machine: dna069  Platform: Linux  PlatformVersion: 5.14.0-427.37.1.el9_4.x86_64  CompilerName: GCC  CompilerVersion: 8.4.0
ProgramName: mris_ca_label  ProgramArguments: mris_ca_label -all-info  ProgramVersion: 7.3.2  TimeStamp: 2026/03/15-07:23:54-GMT  BuildTime: Aug  4 2022 06:17:15  BuildStamp: freesurfer-linux-ubuntu22_x86_64-7.3.2-20220804-6354275  User: oesteban  Machine: dna069  Platform: Linux  PlatformVersion: 5.14.0-427.37.1.el9_4.x86_64  CompilerName: GCC  CompilerVersion: 8.4.0
ProgramName: mris_calc  ProgramArguments: mris_calc -all-info  ProgramVersion: 7.3.2  TimeStamp: 2026/03/15-07:23:54-GMT  BuildTime: Aug  4 2022 06:17:15  BuildStamp: freesurfer-linux-ubuntu22_x86_64-7.3.2-20220804-6354275  User: oesteban  Machine: dna069  Platform: Linux  PlatformVersion: 5.14.0-427.37.1.el9_4.x86_64  CompilerName: GCC  CompilerVersion: 8.4.0
ProgramName: mris_convert  ProgramArguments: mris_convert -all-info  ProgramVersion: 7.3.2  TimeStamp: 2026/03/15-07:23:54-GMT  BuildTime: Aug  4 2022 06:17:15  BuildStamp: freesurfer-linux-ubuntu22_x86_64-7.3.2-20220804-6354275  User: oesteban  Machine: dna069  Platform: Linux  PlatformVersion: 5.14.0-427.37.1.el9_4.x86_64  CompilerName: GCC  CompilerVersion: 8.4.0
ProgramName: mris_curvature  ProgramArguments: mris_curvature -all-info  ProgramVersion: 7.3.2  TimeStamp: 2026/03/15-07:23:54-GMT  BuildTime: Aug  4 2022 06:17:15  BuildStamp: freesurfer-linux-ubuntu22_x86_64-7.3.2-20220804-6354275  User: oesteban  Machine: dna069  Platform: Linux  PlatformVersion: 5.14.0-427.37.1.el9_4.x86_64  CompilerName: GCC  CompilerVersion: 8.4.0
ProgramName: mris_curvature_stats  ProgramArguments: mris_curvature_stats -all-info  ProgramVersion: 7.3.2  TimeStamp: 2026/03/15-07:23:54-GMT  BuildTime: Aug  4 2022 06:17:15  BuildStamp: freesurfer-linux-ubuntu22_x86_64-7.3.2-20220804-6354275  User: oesteban  Machine: dna069  Platform: Linux  PlatformVersion: 5.14.0-427.37.1.el9_4.x86_64  CompilerName: GCC  CompilerVersion: 8.4.0
ProgramName: mris_diff  ProgramArguments: mris_diff -all-info  ProgramVersion: 7.3.2  TimeStamp: 2026/03/15-07:23:54-GMT  BuildTime: Aug  4 2022 06:17:15  BuildStamp: freesurfer-linux-ubuntu22_x86_64-7.3.2-20220804-6354275  User: oesteban  Machine: dna069  Platform: Linux  PlatformVersion: 5.14.0-427.37.1.el9_4.x86_64  CompilerName: GCC  CompilerVersion: 8.4.0
ProgramName: mris_divide_parcellation  ProgramArguments: mris_divide_parcellation -all-info  ProgramVersion: 7.3.2  TimeStamp: 2026/03/15-07:23:54-GMT  BuildTime: Aug  4 2022 06:17:15  BuildStamp: freesurfer-linux-ubuntu22_x86_64-7.3.2-20220804-6354275  User: oesteban  Machine: dna069  Platform: Linux  PlatformVersion: 5.14.0-427.37.1.el9_4.x86_64  CompilerName: GCC  CompilerVersion: 8.4.0
ProgramName: mri_segment  ProgramArguments: mri_segment -all-info  ProgramVersion: 7.3.2  TimeStamp: 2026/03/15-07:23:54-GMT  BuildTime: Aug  4 2022 06:17:15  BuildStamp: freesurfer-linux-ubuntu22_x86_64-7.3.2-20220804-6354275  User: oesteban  Machine: dna069  Platform: Linux  PlatformVersion: 5.14.0-427.37.1.el9_4.x86_64  CompilerName: GCC  CompilerVersion: 8.4.0
ProgramName: mri_segstats  ProgramArguments: mri_segstats -all-info  ProgramVersion: 7.3.2  TimeStamp: 2026/03/15-07:23:54-GMT  BuildTime: Aug  4 2022 06:17:15  BuildStamp: freesurfer-linux-ubuntu22_x86_64-7.3.2-20220804-6354275  User: oesteban  Machine: dna069  Platform: Linux  PlatformVersion: 5.14.0-427.37.1.el9_4.x86_64  CompilerName: GCC  CompilerVersion: 8.4.0
ProgramName: mris_euler_number  ProgramArguments: mris_euler_number -all-info  ProgramVersion: 7.3.2  TimeStamp: 2026/03/15-07:23:54-GMT  BuildTime: Aug  4 2022 06:17:15  BuildStamp: freesurfer-linux-ubuntu22_x86_64-7.3.2-20220804-6354275  User: oesteban  Machine: dna069  Platform: Linux  PlatformVersion: 5.14.0-427.37.1.el9_4.x86_64  CompilerName: GCC  CompilerVersion: 8.4.0
ProgramName: mris_fix_topology  ProgramArguments: mris_fix_topology -all-info  ProgramVersion: 7.3.2  TimeStamp: 2026/03/15-07:23:54-GMT  BuildTime: Aug  4 2022 06:17:15  BuildStamp: freesurfer-linux-ubuntu22_x86_64-7.3.2-20220804-6354275  User: oesteban  Machine: dna069  Platform: Linux  PlatformVersion: 5.14.0-427.37.1.el9_4.x86_64  CompilerName: GCC  CompilerVersion: 8.4.0
ProgramName: mris_topo_fixer  ProgramArguments: mris_topo_fixer -all-info  ProgramVersion: 7.3.2  TimeStamp: 2026/03/15-07:23:54-GMT  BuildTime: Aug  4 2022 06:17:15  BuildStamp: freesurfer-linux-ubuntu22_x86_64-7.3.2-20220804-6354275  User: oesteban  Machine: dna069  Platform: Linux  PlatformVersion: 5.14.0-427.37.1.el9_4.x86_64  CompilerName: GCC  CompilerVersion: 8.4.0
ProgramName: mris_jacobian  ProgramArguments: mris_jacobian -all-info  ProgramVersion: 7.3.2  TimeStamp: 2026/03/15-07:23:54-GMT  BuildTime: Aug  4 2022 06:17:15  BuildStamp: freesurfer-linux-ubuntu22_x86_64-7.3.2-20220804-6354275  User: oesteban  Machine: dna069  Platform: Linux  PlatformVersion: 5.14.0-427.37.1.el9_4.x86_64  CompilerName: GCC  CompilerVersion: 8.4.0
ProgramName: mris_label2annot  ProgramArguments: mris_label2annot -all-info  ProgramVersion: 7.3.2  TimeStamp: 2026/03/15-07:23:54-GMT  BuildTime: Aug  4 2022 06:17:15  BuildStamp: freesurfer-linux-ubuntu22_x86_64-7.3.2-20220804-6354275  User: oesteban  Machine: dna069  Platform: Linux  PlatformVersion: 5.14.0-427.37.1.el9_4.x86_64  CompilerName: GCC  CompilerVersion: 8.4.0
ProgramName: mris_left_right_register  ProgramArguments: mris_left_right_register -all-info  ProgramVersion: 7.3.2  TimeStamp: 2026/03/15-07:23:54-GMT  BuildTime: Aug  4 2022 06:17:15  BuildStamp: freesurfer-linux-ubuntu22_x86_64-7.3.2-20220804-6354275  User: oesteban  Machine: dna069  Platform: Linux  PlatformVersion: 5.14.0-427.37.1.el9_4.x86_64  CompilerName: GCC  CompilerVersion: 8.4.0
ProgramName: mris_place_surface  ProgramArguments: mris_place_surface -all-info  ProgramVersion: 7.3.2  TimeStamp: 2026/03/15-07:23:54-GMT  BuildTime: Aug  4 2022 06:17:15  BuildStamp: freesurfer-linux-ubuntu22_x86_64-7.3.2-20220804-6354275  User: oesteban  Machine: dna069  Platform: Linux  PlatformVersion: 5.14.0-427.37.1.el9_4.x86_64  CompilerName: GCC  CompilerVersion: 8.4.0
ProgramName: mrisp_paint  ProgramArguments: mrisp_paint -all-info  ProgramVersion: 7.3.2  TimeStamp: 2026/03/15-07:23:54-GMT  BuildTime: Aug  4 2022 06:17:15  BuildStamp: freesurfer-linux-ubuntu22_x86_64-7.3.2-20220804-6354275  User: oesteban  Machine: dna069  Platform: Linux  PlatformVersion: 5.14.0-427.37.1.el9_4.x86_64  CompilerName: GCC  CompilerVersion: 8.4.0
ProgramName: mris_register  ProgramArguments: mris_register -all-info  ProgramVersion: 7.3.2  TimeStamp: 2026/03/15-07:23:54-GMT  BuildTime: Aug  4 2022 06:17:15  BuildStamp: freesurfer-linux-ubuntu22_x86_64-7.3.2-20220804-6354275  User: oesteban  Machine: dna069  Platform: Linux  PlatformVersion: 5.14.0-427.37.1.el9_4.x86_64  CompilerName: GCC  CompilerVersion: 8.4.0
ProgramName: mris_smooth  ProgramArguments: mris_smooth -all-info  ProgramVersion: 7.3.2  TimeStamp: 2026/03/15-07:23:54-GMT  BuildTime: Aug  4 2022 06:17:15  BuildStamp: freesurfer-linux-ubuntu22_x86_64-7.3.2-20220804-6354275  User: oesteban  Machine: dna069  Platform: Linux  PlatformVersion: 5.14.0-427.37.1.el9_4.x86_64  CompilerName: GCC  CompilerVersion: 8.4.0
ProgramName: mris_sphere  ProgramArguments: mris_sphere -all-info  ProgramVersion: 7.3.2  TimeStamp: 2026/03/15-07:23:54-GMT  BuildTime: Aug  4 2022 06:17:15  BuildStamp: freesurfer-linux-ubuntu22_x86_64-7.3.2-20220804-6354275  User: oesteban  Machine: dna069  Platform: Linux  PlatformVersion: 5.14.0-427.37.1.el9_4.x86_64  CompilerName: GCC  CompilerVersion: 8.4.0
ProgramName: mris_surface_stats  ProgramArguments: mris_surface_stats -all-info  ProgramVersion: 7.3.2  TimeStamp: 2026/03/15-07:23:54-GMT  BuildTime: Aug  4 2022 06:17:15  BuildStamp: freesurfer-linux-ubuntu22_x86_64-7.3.2-20220804-6354275  User: oesteban  Machine: dna069  Platform: Linux  PlatformVersion: 5.14.0-427.37.1.el9_4.x86_64  CompilerName: GCC  CompilerVersion: 8.4.0
ProgramName: mri_stats2seg  ProgramArguments: mri_stats2seg -all-info  ProgramVersion: 7.3.2  TimeStamp: 2026/03/15-07:23:54-GMT  BuildTime: Aug  4 2022 06:17:15  BuildStamp: freesurfer-linux-ubuntu22_x86_64-7.3.2-20220804-6354275  User: oesteban  Machine: dna069  Platform: Linux  PlatformVersion: 5.14.0-427.37.1.el9_4.x86_64  CompilerName: GCC  CompilerVersion: 8.4.0
ProgramName: mris_thickness  ProgramArguments: mris_thickness -all-info  ProgramVersion: 7.3.2  TimeStamp: 2026/03/15-07:23:54-GMT  BuildTime: Aug  4 2022 06:17:15  BuildStamp: freesurfer-linux-ubuntu22_x86_64-7.3.2-20220804-6354275  User: oesteban  Machine: dna069  Platform: Linux  PlatformVersion: 5.14.0-427.37.1.el9_4.x86_64  CompilerName: GCC  CompilerVersion: 8.4.0
ProgramName: mris_thickness_diff  ProgramArguments: mris_thickness_diff -all-info  ProgramVersion: 7.3.2  TimeStamp: 2026/03/15-07:23:54-GMT  BuildTime: Aug  4 2022 06:17:15  BuildStamp: freesurfer-linux-ubuntu22_x86_64-7.3.2-20220804-6354275  User: oesteban  Machine: dna069  Platform: Linux  PlatformVersion: 5.14.0-427.37.1.el9_4.x86_64  CompilerName: GCC  CompilerVersion: 8.4.0
ProgramName: mris_topo_fixer  ProgramArguments: mris_topo_fixer -all-info  ProgramVersion: 7.3.2  TimeStamp: 2026/03/15-07:23:54-GMT  BuildTime: Aug  4 2022 06:17:15  BuildStamp: freesurfer-linux-ubuntu22_x86_64-7.3.2-20220804-6354275  User: oesteban  Machine: dna069  Platform: Linux  PlatformVersion: 5.14.0-427.37.1.el9_4.x86_64  CompilerName: GCC  CompilerVersion: 8.4.0
ProgramName: mri_surf2surf  ProgramArguments: mri_surf2surf -all-info  ProgramVersion: 7.3.2  TimeStamp: 2026/03/15-07:23:54-GMT  BuildTime: Aug  4 2022 06:17:15  BuildStamp: freesurfer-linux-ubuntu22_x86_64-7.3.2-20220804-6354275  User: oesteban  Machine: dna069  Platform: Linux  PlatformVersion: 5.14.0-427.37.1.el9_4.x86_64  CompilerName: GCC  CompilerVersion: 8.4.0
ProgramName: mri_surf2vol  ProgramArguments: mri_surf2vol -all-info  ProgramVersion: 7.3.2  TimeStamp: 2026/03/15-07:23:54-GMT  BuildTime: Aug  4 2022 06:17:15  BuildStamp: freesurfer-linux-ubuntu22_x86_64-7.3.2-20220804-6354275  User: oesteban  Machine: dna069  Platform: Linux  PlatformVersion: 5.14.0-427.37.1.el9_4.x86_64  CompilerName: GCC  CompilerVersion: 8.4.0
ProgramName: mri_surfcluster  ProgramArguments: mri_surfcluster -all-info  ProgramVersion: 7.3.2  TimeStamp: 2026/03/15-07:23:54-GMT  BuildTime: Aug  4 2022 06:17:15  BuildStamp: freesurfer-linux-ubuntu22_x86_64-7.3.2-20220804-6354275  User: oesteban  Machine: dna069  Platform: Linux  PlatformVersion: 5.14.0-427.37.1.el9_4.x86_64  CompilerName: GCC  CompilerVersion: 8.4.0
ProgramName: mris_volmask  ProgramArguments: mris_volmask -all-info  ProgramVersion: 7.3.2  TimeStamp: 2026/03/15-07:23:54-GMT  BuildTime: Aug  4 2022 06:17:15  BuildStamp: freesurfer-linux-ubuntu22_x86_64-7.3.2-20220804-6354275  User: oesteban  Machine: dna069  Platform: Linux  PlatformVersion: 5.14.0-427.37.1.el9_4.x86_64  CompilerName: GCC  CompilerVersion: 8.4.0
ProgramName: mri_tessellate  ProgramArguments: mri_tessellate -all-info  ProgramVersion: 7.3.2  TimeStamp: 2026/03/15-07:23:54-GMT  BuildTime: Aug  4 2022 06:17:15  BuildStamp: freesurfer-linux-ubuntu22_x86_64-7.3.2-20220804-6354275  User: oesteban  Machine: dna069  Platform: Linux  PlatformVersion: 5.14.0-427.37.1.el9_4.x86_64  CompilerName: GCC  CompilerVersion: 8.4.0
ProgramName: mri_vol2surf  ProgramArguments: mri_vol2surf -all-info  ProgramVersion: 7.3.2  TimeStamp: 2026/03/15-07:23:54-GMT  BuildTime: Aug  4 2022 06:17:15  BuildStamp: freesurfer-linux-ubuntu22_x86_64-7.3.2-20220804-6354275  User: oesteban  Machine: dna069  Platform: Linux  PlatformVersion: 5.14.0-427.37.1.el9_4.x86_64  CompilerName: GCC  CompilerVersion: 8.4.0
ProgramName: mri_vol2vol  ProgramArguments: mri_vol2vol -all-info  ProgramVersion: 7.3.2  TimeStamp: 2026/03/15-07:23:54-GMT  BuildTime: Aug  4 2022 06:17:15  BuildStamp: freesurfer-linux-ubuntu22_x86_64-7.3.2-20220804-6354275  User: oesteban  Machine: dna069  Platform: Linux  PlatformVersion: 5.14.0-427.37.1.el9_4.x86_64  CompilerName: GCC  CompilerVersion: 8.4.0
ProgramName: mri_voldiff  ProgramArguments: mri_voldiff -all-info  ProgramVersion: 7.3.2  TimeStamp: 2026/03/15-07:23:54-GMT  BuildTime: Aug  4 2022 06:17:15  BuildStamp: freesurfer-linux-ubuntu22_x86_64-7.3.2-20220804-6354275  User: oesteban  Machine: dna069  Platform: Linux  PlatformVersion: 5.14.0-427.37.1.el9_4.x86_64  CompilerName: GCC  CompilerVersion: 8.4.0
ProgramName: mri_watershed  ProgramArguments: mri_watershed -all-info  ProgramVersion: 7.3.2  TimeStamp: 2026/03/15-07:23:54-GMT  BuildTime: Aug  4 2022 06:17:15  BuildStamp: freesurfer-linux-ubuntu22_x86_64-7.3.2-20220804-6354275  User: oesteban  Machine: dna069  Platform: Linux  PlatformVersion: 5.14.0-427.37.1.el9_4.x86_64  CompilerName: GCC  CompilerVersion: 8.4.0
ProgramName: tkregister2  ProgramArguments: tkregister2_cmdl -all-info  ProgramVersion: 7.3.2  TimeStamp: 2026/03/15-07:23:54-GMT  BuildTime: Aug  4 2022 06:17:15  BuildStamp: freesurfer-linux-ubuntu22_x86_64-7.3.2-20220804-6354275  User: oesteban  Machine: dna069  Platform: Linux  PlatformVersion: 5.14.0-427.37.1.el9_4.x86_64  CompilerName: GCC  CompilerVersion: 8.4.0
mri_motion_correct.fsl 7.3.2
mri_convert -all-info 
ProgramName: mri_convert  ProgramArguments: mri_convert -all-info  ProgramVersion: 7.3.2  TimeStamp: 2026/03/15-07:23:54-GMT  BuildTime: Aug  4 2022 06:17:15  BuildStamp: freesurfer-linux-ubuntu22_x86_64-7.3.2-20220804-6354275  User: oesteban  Machine: dna069  Platform: Linux  PlatformVersion: 5.14.0-427.37.1.el9_4.x86_64  CompilerName: GCC  CompilerVersion: 8.4.0
Program nu_correct, built from:
Package MNI N3, version 1.12.0, compiled by nicks@terrier (x86_64-unknown-linux-gnu) on 2015-06-19 at 01:25:34
#######################################
GCADIR /opt/freesurfer/average
GCA RB_all_2020-01-02.gca
GCASkull RB_all_withskull_2020_01_02.gca
AvgCurvTif folding.atlas.acfb40.noaparc.i12.2016-08-02.tif
GCSDIR /opt/freesurfer/average
GCS DKaparc.atlas.acfb40.noaparc.i12.2016-08-02.gcs
#######################################
#-------------------------------------
#@# EM Registration Sun Mar 15 08:23:55 CET 2026
/out/sourcedata/freesurfer/sub-v2s10x28935_ses-1/mri

 mri_em_register -uns 3 -mask brainmask.mgz nu.mgz /opt/freesurfer/average/RB_all_2020-01-02.gca transforms/talairach.lta 

setting unknown_nbr_spacing = 3
using MR volume brainmask.mgz to mask input volume...

== Number of threads available to mri_em_register for OpenMP = 16 == 
reading 1 input volumes...
logging results to talairach.log
reading '/opt/freesurfer/average/RB_all_2020-01-02.gca'...
GCAread took 0 minutes and 1 seconds.
average std = 7.2   using min determinant for regularization = 5.2
0 singular and 884 ill-conditioned covariance matrices regularized
reading 'nu.mgz'...
MRImask(): AllowDiffGeom = 1
MRImask(): AllowDiffGeom = 1
MRImask(): AllowDiffGeom = 1
MRImask(): AllowDiffGeom = 1
MRImask(): AllowDiffGeom = 1
freeing gibbs priors...done.
accounting for voxel sizes in initial transform
bounding unknown intensity as < 5.9 or > 519.0 
total sample mean = 79.1 (1017 zeros)
************************************************
spacing=8, using 2841 sample points, tol=1.00e-05...
************************************************
register_mri: find_optimal_transform
find_optimal_transform: nsamples 2841, passno 0, spacing 8
resetting wm mean[0]: 98 --> 107
resetting gm mean[0]: 61 --> 61
input volume #1 is the most T1-like
using real data threshold=30.8
skull bounding box = (59, 27, 36) --> (197, 155, 206)
finding center of left hemi white matter
using (105, 70, 121) as brain centroid of Right_Cerebral_White_Matter...
MRImask(): AllowDiffGeom = 1
mean wm in atlas = 107, using box (88,54,100) --> (121, 85,141) to find MRI wm
before smoothing, mri peak at 110
robust fit to distribution - 107 +- 3.8
after smoothing, mri peak at 108, scaling input intensities by 0.991
scaling channel 0 by 0.990741
initial log_p = -4.583
************************************************
First Search limited to translation only.
************************************************
max log p =    -3.954214 @ (-10.526, 31.579, -10.526)
max log p =    -3.812857 @ (5.263, 5.263, 5.263)
max log p =    -3.661008 @ (2.632, -7.895, -7.895)
max log p =    -3.629137 @ (1.316, 3.947, 3.947)
max log p =    -3.578744 @ (-0.658, -0.658, 0.658)
max log p =    -3.578744 @ (0.000, 0.000, 0.000)
max log p =    -3.578744 @ (0.000, 0.000, 0.000)
max log p =    -3.578744 @ (0.000, 0.000, 0.000)
Found translation: (-2.0, 32.2, -8.6): log p = -3.579
****************************************
Nine parameter search.  iteration 0 nscales = 0 ...
****************************************
Result so far: scale 1.000: max_log_p=-3.344, old_max_log_p =-3.579 (thresh=-3.6)
 1.07500   0.00000   0.00000  -11.63188;
 0.00000   1.13509   0.16902   1.21297;
 0.00000  -0.11161   0.99651   1.56129;
 0.00000   0.00000   0.00000   1.00000;
iteration took 0 minutes and 10 seconds.
****************************************
Nine parameter search.  iteration 1 nscales = 0 ...
****************************************
Result so far: scale 1.000: max_log_p=-3.344, old_max_log_p =-3.344 (thresh=-3.3)
 1.07500   0.00000   0.00000  -11.63188;
 0.00000   1.13509   0.16902   1.21297;
 0.00000  -0.11161   0.99651   1.56129;
 0.00000   0.00000   0.00000   1.00000;
reducing scale to 0.2500
iteration took 0 minutes and 10 seconds.
****************************************
Nine parameter search.  iteration 2 nscales = 1 ...
****************************************
Result so far: scale 0.250: max_log_p=-3.293, old_max_log_p =-3.344 (thresh=-3.3)
 1.03192  -0.06754  -0.04740   5.19774;
 0.06764   1.12335   0.23123  -13.56472;
 0.03449  -0.18899   1.00123   5.19388;
 0.00000   0.00000   0.00000   1.00000;
iteration took 0 minutes and 10 seconds.
****************************************
Nine parameter search.  iteration 3 nscales = 1 ...
****************************************
Result so far: scale 0.250: max_log_p=-3.292, old_max_log_p =-3.293 (thresh=-3.3)
 1.03354  -0.03057  -0.04088   1.02559;
 0.03328   1.15174   0.20353  -8.51843;
 0.03668  -0.15214   1.00825  -0.97435;
 0.00000   0.00000   0.00000   1.00000;
reducing scale to 0.0625
iteration took 0 minutes and 10 seconds.
****************************************
Nine parameter search.  iteration 4 nscales = 2 ...
****************************************
Result so far: scale 0.062: max_log_p=-3.263, old_max_log_p =-3.292 (thresh=-3.3)
 1.03038   0.01695  -0.03307  -3.58802;
-0.01045   1.15767   0.17270   1.04684;
 0.03731  -0.11512   1.01548  -5.55704;
 0.00000   0.00000   0.00000   1.00000;
iteration took 0 minutes and 10 seconds.
****************************************
Nine parameter search.  iteration 5 nscales = 2 ...
****************************************
Result so far: scale 0.062: max_log_p=-3.249, old_max_log_p =-3.263 (thresh=-3.3)
 1.02676   0.01689  -0.03296  -3.12997;
-0.01045   1.15767   0.17270   1.04684;
 0.03718  -0.11472   1.01192  -5.16718;
 0.00000   0.00000   0.00000   1.00000;
iteration took 0 minutes and 10 seconds.
****************************************
Nine parameter search.  iteration 6 nscales = 2 ...
****************************************
Result so far: scale 0.062: max_log_p=-3.247, old_max_log_p =-3.249 (thresh=-3.2)
 1.02556   0.01687  -0.03292  -2.97771;
-0.01045   1.15767   0.17270   1.04684;
 0.03718  -0.11472   1.01192  -5.16718;
 0.00000   0.00000   0.00000   1.00000;
min search scale 0.025000 reached
***********************************************
Computing MAP estimate using 2841 samples...
***********************************************
dt = 5.00e-06, momentum=0.80, tol=1.00e-05
l_intensity = 1.0000
Aligning input volume to GCA...
Transform matrix
 1.02556   0.01687  -0.03292  -2.97771;
-0.01045   1.15767   0.17270   1.04684;
 0.03718  -0.11472   1.01192  -5.16718;
 0.00000   0.00000   0.00000   1.00000;
nsamples 2841
Quasinewton: input matrix
 1.02556   0.01687  -0.03292  -2.97771;
-0.01045   1.15767   0.17270   1.04684;
 0.03718  -0.11472   1.01192  -5.16718;
 0.00000   0.00000   0.00000   1.00000;
 IFLAG= -1  LINE SEARCH FAILED. SEE DOCUMENTATION OF ROUTINE MCSRCH ERROR RETURN OF LINE SEARCH: INFO= 3 POSSIBLE CAUSES: FUNCTION OR GRADIENT ARE INCORRECT OR INCORRECT TOLERANCESoutof QuasiNewtonEMA: 009: -log(p) =   -0.0  tol 0.000010
Resulting transform:
 1.02556   0.01687  -0.03292  -2.97771;
-0.01045   1.15767   0.17270   1.04684;
 0.03718  -0.11472   1.01192  -5.16718;
 0.00000   0.00000   0.00000   1.00000;

pass 1, spacing 8: log(p) = -3.247 (old=-4.583)
transform before final EM align:
 1.02556   0.01687  -0.03292  -2.97771;
-0.01045   1.15767   0.17270   1.04684;
 0.03718  -0.11472   1.01192  -5.16718;
 0.00000   0.00000   0.00000   1.00000;

**************************************************
 EM alignment process ...
 Computing final MAP estimate using 315638 samples. 
**************************************************
dt = 5.00e-06, momentum=0.80, tol=1.00e-07
l_intensity = 1.0000
Aligning input volume to GCA...
Transform matrix
 1.02556   0.01687  -0.03292  -2.97771;
-0.01045   1.15767   0.17270   1.04684;
 0.03718  -0.11472   1.01192  -5.16718;
 0.00000   0.00000   0.00000   1.00000;
nsamples 315638
Quasinewton: input matrix
 1.02556   0.01687  -0.03292  -2.97771;
-0.01045   1.15767   0.17270   1.04684;
 0.03718  -0.11472   1.01192  -5.16718;
 0.00000   0.00000   0.00000   1.00000;
 IFLAG= -1  LINE SEARCH FAILED. SEE DOCUMENTATION OF ROUTINE MCSRCH ERROR RETURN OF LINE SEARCH: INFO= 3 POSSIBLE CAUSES: FUNCTION OR GRADIENT ARE INCORRECT OR INCORRECT TOLERANCESoutof QuasiNewtonEMA: 011: -log(p) =    3.8  tol 0.000000
final transform:
 1.02556   0.01687  -0.03292  -2.97771;
-0.01045   1.15767   0.17270   1.04684;
 0.03718  -0.11472   1.01192  -5.16718;
 0.00000   0.00000   0.00000   1.00000;

writing output transformation to transforms/talairach.lta...
#VMPC# mri_em_register VmPeak  891280
FSRUNTIME@ mri_em_register  0.0296 hours 16 threads
registration took 1 minutes and 46 seconds.

Started at Sun Mar 15 08:23:54 CET 2026 
Ended   at Sun Mar 15 08:25:41 CET 2026
#@#%# recon-all-run-time-hours 0.030
recon-all -s sub-v2s10x28935_ses-1 finished without error at Sun Mar 15 08:25:41 CET 2026



#New# invocation of recon-all 




Sun Mar 15 08:25:44 CET 2026
cd /out/sourcedata/freesurfer/sub-v2s10x28935_ses-1
setenv SUBJECTS_DIR /out/sourcedata/freesurfer
/opt/freesurfer/bin/recon-all -autorecon2-volonly -openmp 16 -subjid sub-v2s10x28935_ses-1 -sd /out/sourcedata/freesurfer -nogcareg

subjid sub-v2s10x28935_ses-1
setenv SUBJECTS_DIR /out/sourcedata/freesurfer
FREESURFER_HOME /opt/freesurfer
Actual FREESURFER_HOME /opt/freesurfer
build-stamp.txt: freesurfer-linux-ubuntu22_x86_64-7.3.2-20220804-6354275
Linux dna069 5.14.0-427.37.1.el9_4.x86_64 #1 SMP PREEMPT_DYNAMIC Fri Sep 13 12:41:50 EDT 2024 x86_64 x86_64 x86_64 GNU/Linux
cputime      unlimited
filesize     unlimited
datasize     unlimited
stacksize    8192 kbytes
coredumpsize 0 kbytes
memoryuse    67108864 kbytes
vmemoryuse   unlimited
descriptors  1024 
memorylocked unlimited
maxproc      2061970 
maxlocks     unlimited
maxsignal    2062029 
maxmessage   819200 
maxnice      0 
maxrtprio    0 
maxrttime    unlimited

               total        used        free      shared  buff/cache   available
Mem:           503Gi        54Gi       252Gi       9.0Gi       195Gi       436Gi
Swap:             0B          0B          0B

########################################
program versions used
7.3.2 (freesurfer-linux-ubuntu22_x86_64-7.3.2-20220804-6354275)
7.3.2

ProgramName: lta_convert  ProgramArguments: lta_convert -all-info  ProgramVersion: 7.3.2  TimeStamp: 2026/03/15-07:25:44-GMT  BuildTime: Aug  4 2022 06:17:15  BuildStamp: freesurfer-linux-ubuntu22_x86_64-7.3.2-20220804-6354275  User: oesteban  Machine: dna069  Platform: Linux  PlatformVersion: 5.14.0-427.37.1.el9_4.x86_64  CompilerName: GCC  CompilerVersion: 8.4.0
ProgramName: mri_and  ProgramArguments: mri_and -all-info  ProgramVersion: 7.3.2  TimeStamp: 2026/03/15-07:25:44-GMT  BuildTime: Aug  4 2022 06:17:15  BuildStamp: freesurfer-linux-ubuntu22_x86_64-7.3.2-20220804-6354275  User: oesteban  Machine: dna069  Platform: Linux  PlatformVersion: 5.14.0-427.37.1.el9_4.x86_64  CompilerName: GCC  CompilerVersion: 8.4.0
ProgramName: mri_annotation2label  ProgramArguments: mri_annotation2label -all-info  ProgramVersion: 7.3.2  TimeStamp: 2026/03/15-07:25:44-GMT  BuildTime: Aug  4 2022 06:17:15  BuildStamp: freesurfer-linux-ubuntu22_x86_64-7.3.2-20220804-6354275  User: oesteban  Machine: dna069  Platform: Linux  PlatformVersion: 5.14.0-427.37.1.el9_4.x86_64  CompilerName: GCC  CompilerVersion: 8.4.0
ProgramName: mri_aparc2aseg  ProgramArguments: mri_aparc2aseg -all-info  ProgramVersion: 7.3.2  TimeStamp: 2026/03/15-07:25:44-GMT  BuildTime: Aug  4 2022 06:17:15  BuildStamp: freesurfer-linux-ubuntu22_x86_64-7.3.2-20220804-6354275  User: oesteban  Machine: dna069  Platform: Linux  PlatformVersion: 5.14.0-427.37.1.el9_4.x86_64  CompilerName: GCC  CompilerVersion: 8.4.0
ProgramName: mri_surf2volseg  ProgramArguments: mri_surf2volseg -all-info  ProgramVersion: 7.3.2  TimeStamp: 2026/03/15-07:25:44-GMT  BuildTime: Aug  4 2022 06:17:15  BuildStamp: freesurfer-linux-ubuntu22_x86_64-7.3.2-20220804-6354275  User: oesteban  Machine: dna069  Platform: Linux  PlatformVersion: 5.14.0-427.37.1.el9_4.x86_64  CompilerName: GCC  CompilerVersion: 8.4.0
ProgramName: mri_binarize  ProgramArguments: mri_binarize -all-info  ProgramVersion: 7.3.2  TimeStamp: 2026/03/15-07:25:44-GMT  BuildTime: Aug  4 2022 06:17:15  BuildStamp: freesurfer-linux-ubuntu22_x86_64-7.3.2-20220804-6354275  User: oesteban  Machine: dna069  Platform: Linux  PlatformVersion: 5.14.0-427.37.1.el9_4.x86_64  CompilerName: GCC  CompilerVersion: 8.4.0
ProgramName: mri_ca_label  ProgramArguments: mri_ca_label -all-info  ProgramVersion: 7.3.2  TimeStamp: 2026/03/15-07:25:44-GMT  BuildTime: Aug  4 2022 06:17:15  BuildStamp: freesurfer-linux-ubuntu22_x86_64-7.3.2-20220804-6354275  User: oesteban  Machine: dna069  Platform: Linux  PlatformVersion: 5.14.0-427.37.1.el9_4.x86_64  CompilerName: GCC  CompilerVersion: 8.4.0
ProgramName: mri_ca_normalize  ProgramArguments: mri_ca_normalize -all-info  ProgramVersion: 7.3.2  TimeStamp: 2026/03/15-07:25:44-GMT  BuildTime: Aug  4 2022 06:17:15  BuildStamp: freesurfer-linux-ubuntu22_x86_64-7.3.2-20220804-6354275  User: oesteban  Machine: dna069  Platform: Linux  PlatformVersion: 5.14.0-427.37.1.el9_4.x86_64  CompilerName: GCC  CompilerVersion: 8.4.0
ProgramName: mri_ca_register  ProgramArguments: mri_ca_register -all-info  ProgramVersion: 7.3.2  TimeStamp: 2026/03/15-07:25:44-GMT  BuildTime: Aug  4 2022 06:17:15  BuildStamp: freesurfer-linux-ubuntu22_x86_64-7.3.2-20220804-6354275  User: oesteban  Machine: dna069  Platform: Linux  PlatformVersion: 5.14.0-427.37.1.el9_4.x86_64  CompilerName: GCC  CompilerVersion: 8.4.0
ProgramName: mri_cc  ProgramArguments: mri_cc -all-info  ProgramVersion: 7.3.2  TimeStamp: 2026/03/15-07:25:44-GMT  BuildTime: Aug  4 2022 06:17:15  BuildStamp: freesurfer-linux-ubuntu22_x86_64-7.3.2-20220804-6354275  User: oesteban  Machine: dna069  Platform: Linux  PlatformVersion: 5.14.0-427.37.1.el9_4.x86_64  CompilerName: GCC  CompilerVersion: 8.4.0
ProgramName: mri_compute_overlap  ProgramArguments: mri_compute_overlap -all-info  ProgramVersion: 7.3.2  TimeStamp: 2026/03/15-07:25:44-GMT  BuildTime: Aug  4 2022 06:17:15  BuildStamp: freesurfer-linux-ubuntu22_x86_64-7.3.2-20220804-6354275  User: oesteban  Machine: dna069  Platform: Linux  PlatformVersion: 5.14.0-427.37.1.el9_4.x86_64  CompilerName: GCC  CompilerVersion: 8.4.0
ProgramName: mri_compute_seg_overlap  ProgramArguments: mri_compute_seg_overlap -all-info  ProgramVersion: 7.3.2  TimeStamp: 2026/03/15-07:25:44-GMT  BuildTime: Aug  4 2022 06:17:15  BuildStamp: freesurfer-linux-ubuntu22_x86_64-7.3.2-20220804-6354275  User: oesteban  Machine: dna069  Platform: Linux  PlatformVersion: 5.14.0-427.37.1.el9_4.x86_64  CompilerName: GCC  CompilerVersion: 8.4.0
ProgramName: mri_concat  ProgramArguments: mri_concat -all-info  ProgramVersion: 7.3.2  TimeStamp: 2026/03/15-07:25:44-GMT  BuildTime: Aug  4 2022 06:17:15  BuildStamp: freesurfer-linux-ubuntu22_x86_64-7.3.2-20220804-6354275  User: oesteban  Machine: dna069  Platform: Linux  PlatformVersion: 5.14.0-427.37.1.el9_4.x86_64  CompilerName: GCC  CompilerVersion: 8.4.0
ProgramName: mri_concatenate_lta  ProgramArguments: mri_concatenate_lta -all-info  ProgramVersion: 7.3.2  TimeStamp: 2026/03/15-07:25:44-GMT  BuildTime: Aug  4 2022 06:17:15  BuildStamp: freesurfer-linux-ubuntu22_x86_64-7.3.2-20220804-6354275  User: oesteban  Machine: dna069  Platform: Linux  PlatformVersion: 5.14.0-427.37.1.el9_4.x86_64  CompilerName: GCC  CompilerVersion: 8.4.0
mri_convert -all-info 
ProgramName: mri_convert  ProgramArguments: mri_convert -all-info  ProgramVersion: 7.3.2  TimeStamp: 2026/03/15-07:25:44-GMT  BuildTime: Aug  4 2022 06:17:15  BuildStamp: freesurfer-linux-ubuntu22_x86_64-7.3.2-20220804-6354275  User: oesteban  Machine: dna069  Platform: Linux  PlatformVersion: 5.14.0-427.37.1.el9_4.x86_64  CompilerName: GCC  CompilerVersion: 8.4.0
ProgramName: mri_diff  ProgramArguments: mri_diff -all-info  ProgramVersion: 7.3.2  TimeStamp: 2026/03/15-07:25:44-GMT  BuildTime: Aug  4 2022 06:17:15  BuildStamp: freesurfer-linux-ubuntu22_x86_64-7.3.2-20220804-6354275  User: oesteban  Machine: dna069  Platform: Linux  PlatformVersion: 5.14.0-427.37.1.el9_4.x86_64  CompilerName: GCC  CompilerVersion: 8.4.0
ProgramName: mri_edit_wm_with_aseg  ProgramArguments: mri_edit_wm_with_aseg -all-info  ProgramVersion: 7.3.2  TimeStamp: 2026/03/15-07:25:44-GMT  BuildTime: Aug  4 2022 06:17:15  BuildStamp: freesurfer-linux-ubuntu22_x86_64-7.3.2-20220804-6354275  User: oesteban  Machine: dna069  Platform: Linux  PlatformVersion: 5.14.0-427.37.1.el9_4.x86_64  CompilerName: GCC  CompilerVersion: 8.4.0
ProgramName: mri_em_register  ProgramArguments: mri_em_register -all-info  ProgramVersion: 7.3.2  TimeStamp: 2026/03/15-07:25:44-GMT  BuildTime: Aug  4 2022 06:17:15  BuildStamp: freesurfer-linux-ubuntu22_x86_64-7.3.2-20220804-6354275  User: oesteban  Machine: dna069  Platform: Linux  PlatformVersion: 5.14.0-427.37.1.el9_4.x86_64  CompilerName: GCC  CompilerVersion: 8.4.0
ProgramName: mri_fill  ProgramArguments: mri_fill -all-info  ProgramVersion: 7.3.2  TimeStamp: 2026/03/15-07:25:44-GMT  BuildTime: Aug  4 2022 06:17:15  BuildStamp: freesurfer-linux-ubuntu22_x86_64-7.3.2-20220804-6354275  User: oesteban  Machine: dna069  Platform: Linux  PlatformVersion: 5.14.0-427.37.1.el9_4.x86_64  CompilerName: GCC  CompilerVersion: 8.4.0
ProgramName: mri_fuse_segmentations  ProgramArguments: mri_fuse_segmentations -all-info  ProgramVersion: 7.3.2  TimeStamp: 2026/03/15-07:25:44-GMT  BuildTime: Aug  4 2022 06:17:15  BuildStamp: freesurfer-linux-ubuntu22_x86_64-7.3.2-20220804-6354275  User: oesteban  Machine: dna069  Platform: Linux  PlatformVersion: 5.14.0-427.37.1.el9_4.x86_64  CompilerName: GCC  CompilerVersion: 8.4.0
ProgramName: mri_fwhm  ProgramArguments: mri_fwhm -all-info  ProgramVersion: 7.3.2  TimeStamp: 2026/03/15-07:25:44-GMT  BuildTime: Aug  4 2022 06:17:15  BuildStamp: freesurfer-linux-ubuntu22_x86_64-7.3.2-20220804-6354275  User: oesteban  Machine: dna069  Platform: Linux  PlatformVersion: 5.14.0-427.37.1.el9_4.x86_64  CompilerName: GCC  CompilerVersion: 8.4.0
ProgramName: mri_gcut  ProgramArguments: mri_gcut -all-info  ProgramVersion: 7.3.2  TimeStamp: 2026/03/15-07:25:44-GMT  BuildTime: Aug  4 2022 06:17:15  BuildStamp: freesurfer-linux-ubuntu22_x86_64-7.3.2-20220804-6354275  User: oesteban  Machine: dna069  Platform: Linux  PlatformVersion: 5.14.0-427.37.1.el9_4.x86_64  CompilerName: GCC  CompilerVersion: 8.4.0
ProgramName: mri_info  ProgramArguments: mri_info -all-info  ProgramVersion: 7.3.2  TimeStamp: 2026/03/15-07:25:44-GMT  BuildTime: Aug  4 2022 06:17:15  BuildStamp: freesurfer-linux-ubuntu22_x86_64-7.3.2-20220804-6354275  User: oesteban  Machine: dna069  Platform: Linux  PlatformVersion: 5.14.0-427.37.1.el9_4.x86_64  CompilerName: GCC  CompilerVersion: 8.4.0
ProgramName: mri_label2label  ProgramArguments: mri_label2label -all-info  ProgramVersion: 7.3.2  TimeStamp: 2026/03/15-07:25:44-GMT  BuildTime: Aug  4 2022 06:17:15  BuildStamp: freesurfer-linux-ubuntu22_x86_64-7.3.2-20220804-6354275  User: oesteban  Machine: dna069  Platform: Linux  PlatformVersion: 5.14.0-427.37.1.el9_4.x86_64  CompilerName: GCC  CompilerVersion: 8.4.0
ProgramName: mri_label2vol  ProgramArguments: mri_label2vol -all-info  ProgramVersion: 7.3.2  TimeStamp: 2026/03/15-07:25:44-GMT  BuildTime: Aug  4 2022 06:17:15  BuildStamp: freesurfer-linux-ubuntu22_x86_64-7.3.2-20220804-6354275  User: oesteban  Machine: dna069  Platform: Linux  PlatformVersion: 5.14.0-427.37.1.el9_4.x86_64  CompilerName: GCC  CompilerVersion: 8.4.0
ProgramName: mri_log_likelihood  ProgramArguments: mri_log_likelihood -all-info  ProgramVersion: 7.3.2  TimeStamp: 2026/03/15-07:25:44-GMT  BuildTime: Aug  4 2022 06:17:15  BuildStamp: freesurfer-linux-ubuntu22_x86_64-7.3.2-20220804-6354275  User: oesteban  Machine: dna069  Platform: Linux  PlatformVersion: 5.14.0-427.37.1.el9_4.x86_64  CompilerName: GCC  CompilerVersion: 8.4.0
ProgramName: mri_mask  ProgramArguments: mri_mask -all-info  ProgramVersion: 7.3.2  TimeStamp: 2026/03/15-07:25:44-GMT  BuildTime: Aug  4 2022 06:17:15  BuildStamp: freesurfer-linux-ubuntu22_x86_64-7.3.2-20220804-6354275  User: oesteban  Machine: dna069  Platform: Linux  PlatformVersion: 5.14.0-427.37.1.el9_4.x86_64  CompilerName: GCC  CompilerVersion: 8.4.0
ProgramName: mri_matrix_multiply  ProgramArguments: mri_matrix_multiply -all-info  ProgramVersion: 7.3.2  TimeStamp: 2026/03/15-07:25:44-GMT  BuildTime: Aug  4 2022 06:17:15  BuildStamp: freesurfer-linux-ubuntu22_x86_64-7.3.2-20220804-6354275  User: oesteban  Machine: dna069  Platform: Linux  PlatformVersion: 5.14.0-427.37.1.el9_4.x86_64  CompilerName: GCC  CompilerVersion: 8.4.0
ProgramName: mri_normalize  ProgramArguments: mri_normalize -all-info  ProgramVersion: 7.3.2  TimeStamp: 2026/03/15-07:25:44-GMT  BuildTime: Aug  4 2022 06:17:15  BuildStamp: freesurfer-linux-ubuntu22_x86_64-7.3.2-20220804-6354275  User: oesteban  Machine: dna069  Platform: Linux  PlatformVersion: 5.14.0-427.37.1.el9_4.x86_64  CompilerName: GCC  CompilerVersion: 8.4.0
ProgramName: mri_normalize_tp2  ProgramArguments: mri_normalize_tp2 -all-info  ProgramVersion: 7.3.2  TimeStamp: 2026/03/15-07:25:44-GMT  BuildTime: Aug  4 2022 06:17:15  BuildStamp: freesurfer-linux-ubuntu22_x86_64-7.3.2-20220804-6354275  User: oesteban  Machine: dna069  Platform: Linux  PlatformVersion: 5.14.0-427.37.1.el9_4.x86_64  CompilerName: GCC  CompilerVersion: 8.4.0
ProgramName: mri_or  ProgramArguments: mri_or -all-info  ProgramVersion: 7.3.2  TimeStamp: 2026/03/15-07:25:44-GMT  BuildTime: Aug  4 2022 06:17:15  BuildStamp: freesurfer-linux-ubuntu22_x86_64-7.3.2-20220804-6354275  User: oesteban  Machine: dna069  Platform: Linux  PlatformVersion: 5.14.0-427.37.1.el9_4.x86_64  CompilerName: GCC  CompilerVersion: 8.4.0
ProgramName: mri_relabel_hypointensities  ProgramArguments: mri_relabel_hypointensities -all-info  ProgramVersion: 7.3.2  TimeStamp: 2026/03/15-07:25:44-GMT  BuildTime: Aug  4 2022 06:17:15  BuildStamp: freesurfer-linux-ubuntu22_x86_64-7.3.2-20220804-6354275  User: oesteban  Machine: dna069  Platform: Linux  PlatformVersion: 5.14.0-427.37.1.el9_4.x86_64  CompilerName: GCC  CompilerVersion: 8.4.0
ProgramName: mri_relabel_nonwm_hypos  ProgramArguments: mri_relabel_nonwm_hypos -all-info  ProgramVersion: 7.3.2  TimeStamp: 2026/03/15-07:25:44-GMT  BuildTime: Aug  4 2022 06:17:15  BuildStamp: freesurfer-linux-ubuntu22_x86_64-7.3.2-20220804-6354275  User: oesteban  Machine: dna069  Platform: Linux  PlatformVersion: 5.14.0-427.37.1.el9_4.x86_64  CompilerName: GCC  CompilerVersion: 8.4.0
ProgramName: mri_remove_neck  ProgramArguments: mri_remove_neck -all-info  ProgramVersion: 7.3.2  TimeStamp: 2026/03/15-07:25:44-GMT  BuildTime: Aug  4 2022 06:17:15  BuildStamp: freesurfer-linux-ubuntu22_x86_64-7.3.2-20220804-6354275  User: oesteban  Machine: dna069  Platform: Linux  PlatformVersion: 5.14.0-427.37.1.el9_4.x86_64  CompilerName: GCC  CompilerVersion: 8.4.0
7.3.2

ProgramName: mri_robust_register  ProgramArguments: mri_robust_register -all-info  ProgramVersion: 7.3.2  TimeStamp: 2026/03/15-07:25:44-GMT  BuildTime: Aug  4 2022 06:17:15  BuildStamp: freesurfer-linux-ubuntu22_x86_64-7.3.2-20220804-6354275  User: oesteban  Machine: dna069  Platform: Linux  PlatformVersion: 5.14.0-427.37.1.el9_4.x86_64  CompilerName: GCC  CompilerVersion: 8.4.0
7.3.2

ProgramName: mri_robust_template  ProgramArguments: mri_robust_template -all-info  ProgramVersion: 7.3.2  TimeStamp: 2026/03/15-07:25:44-GMT  BuildTime: Aug  4 2022 06:17:15  BuildStamp: freesurfer-linux-ubuntu22_x86_64-7.3.2-20220804-6354275  User: oesteban  Machine: dna069  Platform: Linux  PlatformVersion: 5.14.0-427.37.1.el9_4.x86_64  CompilerName: GCC  CompilerVersion: 8.4.0
ProgramName: mris_anatomical_stats  ProgramArguments: mris_anatomical_stats -all-info  ProgramVersion: 7.3.2  TimeStamp: 2026/03/15-07:25:44-GMT  BuildTime: Aug  4 2022 06:17:15  BuildStamp: freesurfer-linux-ubuntu22_x86_64-7.3.2-20220804-6354275  User: oesteban  Machine: dna069  Platform: Linux  PlatformVersion: 5.14.0-427.37.1.el9_4.x86_64  CompilerName: GCC  CompilerVersion: 8.4.0
ProgramName: mris_ca_label  ProgramArguments: mris_ca_label -all-info  ProgramVersion: 7.3.2  TimeStamp: 2026/03/15-07:25:44-GMT  BuildTime: Aug  4 2022 06:17:15  BuildStamp: freesurfer-linux-ubuntu22_x86_64-7.3.2-20220804-6354275  User: oesteban  Machine: dna069  Platform: Linux  PlatformVersion: 5.14.0-427.37.1.el9_4.x86_64  CompilerName: GCC  CompilerVersion: 8.4.0
ProgramName: mris_calc  ProgramArguments: mris_calc -all-info  ProgramVersion: 7.3.2  TimeStamp: 2026/03/15-07:25:44-GMT  BuildTime: Aug  4 2022 06:17:15  BuildStamp: freesurfer-linux-ubuntu22_x86_64-7.3.2-20220804-6354275  User: oesteban  Machine: dna069  Platform: Linux  PlatformVersion: 5.14.0-427.37.1.el9_4.x86_64  CompilerName: GCC  CompilerVersion: 8.4.0
ProgramName: mris_convert  ProgramArguments: mris_convert -all-info  ProgramVersion: 7.3.2  TimeStamp: 2026/03/15-07:25:44-GMT  BuildTime: Aug  4 2022 06:17:15  BuildStamp: freesurfer-linux-ubuntu22_x86_64-7.3.2-20220804-6354275  User: oesteban  Machine: dna069  Platform: Linux  PlatformVersion: 5.14.0-427.37.1.el9_4.x86_64  CompilerName: GCC  CompilerVersion: 8.4.0
ProgramName: mris_curvature  ProgramArguments: mris_curvature -all-info  ProgramVersion: 7.3.2  TimeStamp: 2026/03/15-07:25:44-GMT  BuildTime: Aug  4 2022 06:17:15  BuildStamp: freesurfer-linux-ubuntu22_x86_64-7.3.2-20220804-6354275  User: oesteban  Machine: dna069  Platform: Linux  PlatformVersion: 5.14.0-427.37.1.el9_4.x86_64  CompilerName: GCC  CompilerVersion: 8.4.0
ProgramName: mris_curvature_stats  ProgramArguments: mris_curvature_stats -all-info  ProgramVersion: 7.3.2  TimeStamp: 2026/03/15-07:25:44-GMT  BuildTime: Aug  4 2022 06:17:15  BuildStamp: freesurfer-linux-ubuntu22_x86_64-7.3.2-20220804-6354275  User: oesteban  Machine: dna069  Platform: Linux  PlatformVersion: 5.14.0-427.37.1.el9_4.x86_64  CompilerName: GCC  CompilerVersion: 8.4.0
ProgramName: mris_diff  ProgramArguments: mris_diff -all-info  ProgramVersion: 7.3.2  TimeStamp: 2026/03/15-07:25:44-GMT  BuildTime: Aug  4 2022 06:17:15  BuildStamp: freesurfer-linux-ubuntu22_x86_64-7.3.2-20220804-6354275  User: oesteban  Machine: dna069  Platform: Linux  PlatformVersion: 5.14.0-427.37.1.el9_4.x86_64  CompilerName: GCC  CompilerVersion: 8.4.0
ProgramName: mris_divide_parcellation  ProgramArguments: mris_divide_parcellation -all-info  ProgramVersion: 7.3.2  TimeStamp: 2026/03/15-07:25:44-GMT  BuildTime: Aug  4 2022 06:17:15  BuildStamp: freesurfer-linux-ubuntu22_x86_64-7.3.2-20220804-6354275  User: oesteban  Machine: dna069  Platform: Linux  PlatformVersion: 5.14.0-427.37.1.el9_4.x86_64  CompilerName: GCC  CompilerVersion: 8.4.0
ProgramName: mri_segment  ProgramArguments: mri_segment -all-info  ProgramVersion: 7.3.2  TimeStamp: 2026/03/15-07:25:44-GMT  BuildTime: Aug  4 2022 06:17:15  BuildStamp: freesurfer-linux-ubuntu22_x86_64-7.3.2-20220804-6354275  User: oesteban  Machine: dna069  Platform: Linux  PlatformVersion: 5.14.0-427.37.1.el9_4.x86_64  CompilerName: GCC  CompilerVersion: 8.4.0
ProgramName: mri_segstats  ProgramArguments: mri_segstats -all-info  ProgramVersion: 7.3.2  TimeStamp: 2026/03/15-07:25:44-GMT  BuildTime: Aug  4 2022 06:17:15  BuildStamp: freesurfer-linux-ubuntu22_x86_64-7.3.2-20220804-6354275  User: oesteban  Machine: dna069  Platform: Linux  PlatformVersion: 5.14.0-427.37.1.el9_4.x86_64  CompilerName: GCC  CompilerVersion: 8.4.0
ProgramName: mris_euler_number  ProgramArguments: mris_euler_number -all-info  ProgramVersion: 7.3.2  TimeStamp: 2026/03/15-07:25:44-GMT  BuildTime: Aug  4 2022 06:17:15  BuildStamp: freesurfer-linux-ubuntu22_x86_64-7.3.2-20220804-6354275  User: oesteban  Machine: dna069  Platform: Linux  PlatformVersion: 5.14.0-427.37.1.el9_4.x86_64  CompilerName: GCC  CompilerVersion: 8.4.0
ProgramName: mris_fix_topology  ProgramArguments: mris_fix_topology -all-info  ProgramVersion: 7.3.2  TimeStamp: 2026/03/15-07:25:44-GMT  BuildTime: Aug  4 2022 06:17:15  BuildStamp: freesurfer-linux-ubuntu22_x86_64-7.3.2-20220804-6354275  User: oesteban  Machine: dna069  Platform: Linux  PlatformVersion: 5.14.0-427.37.1.el9_4.x86_64  CompilerName: GCC  CompilerVersion: 8.4.0
ProgramName: mris_topo_fixer  ProgramArguments: mris_topo_fixer -all-info  ProgramVersion: 7.3.2  TimeStamp: 2026/03/15-07:25:44-GMT  BuildTime: Aug  4 2022 06:17:15  BuildStamp: freesurfer-linux-ubuntu22_x86_64-7.3.2-20220804-6354275  User: oesteban  Machine: dna069  Platform: Linux  PlatformVersion: 5.14.0-427.37.1.el9_4.x86_64  CompilerName: GCC  CompilerVersion: 8.4.0
ProgramName: mris_jacobian  ProgramArguments: mris_jacobian -all-info  ProgramVersion: 7.3.2  TimeStamp: 2026/03/15-07:25:44-GMT  BuildTime: Aug  4 2022 06:17:15  BuildStamp: freesurfer-linux-ubuntu22_x86_64-7.3.2-20220804-6354275  User: oesteban  Machine: dna069  Platform: Linux  PlatformVersion: 5.14.0-427.37.1.el9_4.x86_64  CompilerName: GCC  CompilerVersion: 8.4.0
ProgramName: mris_label2annot  ProgramArguments: mris_label2annot -all-info  ProgramVersion: 7.3.2  TimeStamp: 2026/03/15-07:25:44-GMT  BuildTime: Aug  4 2022 06:17:15  BuildStamp: freesurfer-linux-ubuntu22_x86_64-7.3.2-20220804-6354275  User: oesteban  Machine: dna069  Platform: Linux  PlatformVersion: 5.14.0-427.37.1.el9_4.x86_64  CompilerName: GCC  CompilerVersion: 8.4.0
ProgramName: mris_left_right_register  ProgramArguments: mris_left_right_register -all-info  ProgramVersion: 7.3.2  TimeStamp: 2026/03/15-07:25:44-GMT  BuildTime: Aug  4 2022 06:17:15  BuildStamp: freesurfer-linux-ubuntu22_x86_64-7.3.2-20220804-6354275  User: oesteban  Machine: dna069  Platform: Linux  PlatformVersion: 5.14.0-427.37.1.el9_4.x86_64  CompilerName: GCC  CompilerVersion: 8.4.0
ProgramName: mris_place_surface  ProgramArguments: mris_place_surface -all-info  ProgramVersion: 7.3.2  TimeStamp: 2026/03/15-07:25:44-GMT  BuildTime: Aug  4 2022 06:17:15  BuildStamp: freesurfer-linux-ubuntu22_x86_64-7.3.2-20220804-6354275  User: oesteban  Machine: dna069  Platform: Linux  PlatformVersion: 5.14.0-427.37.1.el9_4.x86_64  CompilerName: GCC  CompilerVersion: 8.4.0
ProgramName: mrisp_paint  ProgramArguments: mrisp_paint -all-info  ProgramVersion: 7.3.2  TimeStamp: 2026/03/15-07:25:44-GMT  BuildTime: Aug  4 2022 06:17:15  BuildStamp: freesurfer-linux-ubuntu22_x86_64-7.3.2-20220804-6354275  User: oesteban  Machine: dna069  Platform: Linux  PlatformVersion: 5.14.0-427.37.1.el9_4.x86_64  CompilerName: GCC  CompilerVersion: 8.4.0
ProgramName: mris_register  ProgramArguments: mris_register -all-info  ProgramVersion: 7.3.2  TimeStamp: 2026/03/15-07:25:44-GMT  BuildTime: Aug  4 2022 06:17:15  BuildStamp: freesurfer-linux-ubuntu22_x86_64-7.3.2-20220804-6354275  User: oesteban  Machine: dna069  Platform: Linux  PlatformVersion: 5.14.0-427.37.1.el9_4.x86_64  CompilerName: GCC  CompilerVersion: 8.4.0
ProgramName: mris_smooth  ProgramArguments: mris_smooth -all-info  ProgramVersion: 7.3.2  TimeStamp: 2026/03/15-07:25:44-GMT  BuildTime: Aug  4 2022 06:17:15  BuildStamp: freesurfer-linux-ubuntu22_x86_64-7.3.2-20220804-6354275  User: oesteban  Machine: dna069  Platform: Linux  PlatformVersion: 5.14.0-427.37.1.el9_4.x86_64  CompilerName: GCC  CompilerVersion: 8.4.0
ProgramName: mris_sphere  ProgramArguments: mris_sphere -all-info  ProgramVersion: 7.3.2  TimeStamp: 2026/03/15-07:25:44-GMT  BuildTime: Aug  4 2022 06:17:15  BuildStamp: freesurfer-linux-ubuntu22_x86_64-7.3.2-20220804-6354275  User: oesteban  Machine: dna069  Platform: Linux  PlatformVersion: 5.14.0-427.37.1.el9_4.x86_64  CompilerName: GCC  CompilerVersion: 8.4.0
ProgramName: mris_surface_stats  ProgramArguments: mris_surface_stats -all-info  ProgramVersion: 7.3.2  TimeStamp: 2026/03/15-07:25:44-GMT  BuildTime: Aug  4 2022 06:17:15  BuildStamp: freesurfer-linux-ubuntu22_x86_64-7.3.2-20220804-6354275  User: oesteban  Machine: dna069  Platform: Linux  PlatformVersion: 5.14.0-427.37.1.el9_4.x86_64  CompilerName: GCC  CompilerVersion: 8.4.0
ProgramName: mri_stats2seg  ProgramArguments: mri_stats2seg -all-info  ProgramVersion: 7.3.2  TimeStamp: 2026/03/15-07:25:44-GMT  BuildTime: Aug  4 2022 06:17:15  BuildStamp: freesurfer-linux-ubuntu22_x86_64-7.3.2-20220804-6354275  User: oesteban  Machine: dna069  Platform: Linux  PlatformVersion: 5.14.0-427.37.1.el9_4.x86_64  CompilerName: GCC  CompilerVersion: 8.4.0
ProgramName: mris_thickness  ProgramArguments: mris_thickness -all-info  ProgramVersion: 7.3.2  TimeStamp: 2026/03/15-07:25:44-GMT  BuildTime: Aug  4 2022 06:17:15  BuildStamp: freesurfer-linux-ubuntu22_x86_64-7.3.2-20220804-6354275  User: oesteban  Machine: dna069  Platform: Linux  PlatformVersion: 5.14.0-427.37.1.el9_4.x86_64  CompilerName: GCC  CompilerVersion: 8.4.0
ProgramName: mris_thickness_diff  ProgramArguments: mris_thickness_diff -all-info  ProgramVersion: 7.3.2  TimeStamp: 2026/03/15-07:25:44-GMT  BuildTime: Aug  4 2022 06:17:15  BuildStamp: freesurfer-linux-ubuntu22_x86_64-7.3.2-20220804-6354275  User: oesteban  Machine: dna069  Platform: Linux  PlatformVersion: 5.14.0-427.37.1.el9_4.x86_64  CompilerName: GCC  CompilerVersion: 8.4.0
ProgramName: mris_topo_fixer  ProgramArguments: mris_topo_fixer -all-info  ProgramVersion: 7.3.2  TimeStamp: 2026/03/15-07:25:44-GMT  BuildTime: Aug  4 2022 06:17:15  BuildStamp: freesurfer-linux-ubuntu22_x86_64-7.3.2-20220804-6354275  User: oesteban  Machine: dna069  Platform: Linux  PlatformVersion: 5.14.0-427.37.1.el9_4.x86_64  CompilerName: GCC  CompilerVersion: 8.4.0
ProgramName: mri_surf2surf  ProgramArguments: mri_surf2surf -all-info  ProgramVersion: 7.3.2  TimeStamp: 2026/03/15-07:25:44-GMT  BuildTime: Aug  4 2022 06:17:15  BuildStamp: freesurfer-linux-ubuntu22_x86_64-7.3.2-20220804-6354275  User: oesteban  Machine: dna069  Platform: Linux  PlatformVersion: 5.14.0-427.37.1.el9_4.x86_64  CompilerName: GCC  CompilerVersion: 8.4.0
ProgramName: mri_surf2vol  ProgramArguments: mri_surf2vol -all-info  ProgramVersion: 7.3.2  TimeStamp: 2026/03/15-07:25:44-GMT  BuildTime: Aug  4 2022 06:17:15  BuildStamp: freesurfer-linux-ubuntu22_x86_64-7.3.2-20220804-6354275  User: oesteban  Machine: dna069  Platform: Linux  PlatformVersion: 5.14.0-427.37.1.el9_4.x86_64  CompilerName: GCC  CompilerVersion: 8.4.0
ProgramName: mri_surfcluster  ProgramArguments: mri_surfcluster -all-info  ProgramVersion: 7.3.2  TimeStamp: 2026/03/15-07:25:44-GMT  BuildTime: Aug  4 2022 06:17:15  BuildStamp: freesurfer-linux-ubuntu22_x86_64-7.3.2-20220804-6354275  User: oesteban  Machine: dna069  Platform: Linux  PlatformVersion: 5.14.0-427.37.1.el9_4.x86_64  CompilerName: GCC  CompilerVersion: 8.4.0
ProgramName: mris_volmask  ProgramArguments: mris_volmask -all-info  ProgramVersion: 7.3.2  TimeStamp: 2026/03/15-07:25:44-GMT  BuildTime: Aug  4 2022 06:17:15  BuildStamp: freesurfer-linux-ubuntu22_x86_64-7.3.2-20220804-6354275  User: oesteban  Machine: dna069  Platform: Linux  PlatformVersion: 5.14.0-427.37.1.el9_4.x86_64  CompilerName: GCC  CompilerVersion: 8.4.0
ProgramName: mri_tessellate  ProgramArguments: mri_tessellate -all-info  ProgramVersion: 7.3.2  TimeStamp: 2026/03/15-07:25:44-GMT  BuildTime: Aug  4 2022 06:17:15  BuildStamp: freesurfer-linux-ubuntu22_x86_64-7.3.2-20220804-6354275  User: oesteban  Machine: dna069  Platform: Linux  PlatformVersion: 5.14.0-427.37.1.el9_4.x86_64  CompilerName: GCC  CompilerVersion: 8.4.0
ProgramName: mri_vol2surf  ProgramArguments: mri_vol2surf -all-info  ProgramVersion: 7.3.2  TimeStamp: 2026/03/15-07:25:44-GMT  BuildTime: Aug  4 2022 06:17:15  BuildStamp: freesurfer-linux-ubuntu22_x86_64-7.3.2-20220804-6354275  User: oesteban  Machine: dna069  Platform: Linux  PlatformVersion: 5.14.0-427.37.1.el9_4.x86_64  CompilerName: GCC  CompilerVersion: 8.4.0
ProgramName: mri_vol2vol  ProgramArguments: mri_vol2vol -all-info  ProgramVersion: 7.3.2  TimeStamp: 2026/03/15-07:25:44-GMT  BuildTime: Aug  4 2022 06:17:15  BuildStamp: freesurfer-linux-ubuntu22_x86_64-7.3.2-20220804-6354275  User: oesteban  Machine: dna069  Platform: Linux  PlatformVersion: 5.14.0-427.37.1.el9_4.x86_64  CompilerName: GCC  CompilerVersion: 8.4.0
ProgramName: mri_voldiff  ProgramArguments: mri_voldiff -all-info  ProgramVersion: 7.3.2  TimeStamp: 2026/03/15-07:25:44-GMT  BuildTime: Aug  4 2022 06:17:15  BuildStamp: freesurfer-linux-ubuntu22_x86_64-7.3.2-20220804-6354275  User: oesteban  Machine: dna069  Platform: Linux  PlatformVersion: 5.14.0-427.37.1.el9_4.x86_64  CompilerName: GCC  CompilerVersion: 8.4.0
ProgramName: mri_watershed  ProgramArguments: mri_watershed -all-info  ProgramVersion: 7.3.2  TimeStamp: 2026/03/15-07:25:44-GMT  BuildTime: Aug  4 2022 06:17:15  BuildStamp: freesurfer-linux-ubuntu22_x86_64-7.3.2-20220804-6354275  User: oesteban  Machine: dna069  Platform: Linux  PlatformVersion: 5.14.0-427.37.1.el9_4.x86_64  CompilerName: GCC  CompilerVersion: 8.4.0
ProgramName: tkregister2  ProgramArguments: tkregister2_cmdl -all-info  ProgramVersion: 7.3.2  TimeStamp: 2026/03/15-07:25:44-GMT  BuildTime: Aug  4 2022 06:17:15  BuildStamp: freesurfer-linux-ubuntu22_x86_64-7.3.2-20220804-6354275  User: oesteban  Machine: dna069  Platform: Linux  PlatformVersion: 5.14.0-427.37.1.el9_4.x86_64  CompilerName: GCC  CompilerVersion: 8.4.0
mri_motion_correct.fsl 7.3.2
mri_convert -all-info 
ProgramName: mri_convert  ProgramArguments: mri_convert -all-info  ProgramVersion: 7.3.2  TimeStamp: 2026/03/15-07:25:44-GMT  BuildTime: Aug  4 2022 06:17:15  BuildStamp: freesurfer-linux-ubuntu22_x86_64-7.3.2-20220804-6354275  User: oesteban  Machine: dna069  Platform: Linux  PlatformVersion: 5.14.0-427.37.1.el9_4.x86_64  CompilerName: GCC  CompilerVersion: 8.4.0
Program nu_correct, built from:
Package MNI N3, version 1.12.0, compiled by nicks@terrier (x86_64-unknown-linux-gnu) on 2015-06-19 at 01:25:34
#######################################
GCADIR /opt/freesurfer/average
GCA RB_all_2020-01-02.gca
GCASkull RB_all_withskull_2020_01_02.gca
AvgCurvTif folding.atlas.acfb40.noaparc.i12.2016-08-02.tif
GCSDIR /opt/freesurfer/average
GCS DKaparc.atlas.acfb40.noaparc.i12.2016-08-02.gcs
#######################################
#--------------------------------------
#@# CA Normalize Sun Mar 15 08:25:44 CET 2026
/out/sourcedata/freesurfer/sub-v2s10x28935_ses-1/mri

 mri_ca_normalize -c ctrl_pts.mgz -mask brainmask.mgz nu.mgz /opt/freesurfer/average/RB_all_2020-01-02.gca transforms/talairach.lta norm.mgz 

writing control point volume to ctrl_pts.mgz
using MR volume brainmask.mgz to mask input volume...
reading 1 input volume
reading atlas from '/opt/freesurfer/average/RB_all_2020-01-02.gca'...
reading transform from 'transforms/talairach.lta'...
reading input volume from nu.mgz...
resetting wm mean[0]: 98 --> 107
resetting gm mean[0]: 61 --> 61
input volume #1 is the most T1-like
using real data threshold=30.8
skull bounding box = (59, 27, 36) --> (197, 155, 206)
finding center of left hemi white matter
using (105, 70, 121) as brain centroid of Right_Cerebral_White_Matter...
mean wm in atlas = 107, using box (88,54,100) --> (121, 85,141) to find MRI wm
before smoothing, mri peak at 110
robust fit to distribution - 107 +- 3.8
after smoothing, mri peak at 108, scaling input intensities by 0.991
scaling channel 0 by 0.990741
using 246437 sample points...
INFO: compute sample coordinates transform
 1.02556   0.01687  -0.03292  -2.97771;
-0.01045   1.15767   0.17270   1.04684;
 0.03718  -0.11472   1.01192  -5.16718;
 0.00000   0.00000   0.00000   1.00000;
INFO: transform used
finding control points in Left_Cerebral_White_Matter....
found 40230 control points for structure...
bounding box (125, 28, 37) --> (192, 128, 201)
Left_Cerebral_White_Matter: limiting intensities to 95.0 --> 132.0
32 of 8612 (0.4%) samples deleted
finding control points in Right_Cerebral_White_Matter....
found 39478 control points for structure...
bounding box (65, 30, 38) --> (131, 128, 202)
Right_Cerebral_White_Matter: limiting intensities to 95.0 --> 132.0
15 of 9051 (0.2%) samples deleted
finding control points in Left_Cerebellum_White_Matter....
found 3105 control points for structure...
bounding box (128, 103, 62) --> (175, 144, 115)
Left_Cerebellum_White_Matter: limiting intensities to 93.0 --> 132.0
8 of 637 (1.3%) samples deleted
finding control points in Right_Cerebellum_White_Matter....
found 2710 control points for structure...
bounding box (83, 103, 61) --> (127, 142, 117)
Right_Cerebellum_White_Matter: limiting intensities to 96.0 --> 132.0
0 of 492 (0.0%) samples deleted
finding control points in Brain_Stem....
found 3475 control points for structure...
bounding box (112, 96, 98) --> (145, 156, 127)
Brain_Stem: limiting intensities to 90.0 --> 132.0
3 of 1020 (0.3%) samples deleted
using 19812 total control points for intensity normalization...
bias field = 0.967 +- 0.071
85 of 19754 control points discarded
finding control points in Left_Cerebral_White_Matter....
found 40230 control points for structure...
bounding box (125, 28, 37) --> (192, 128, 201)
Left_Cerebral_White_Matter: limiting intensities to 91.0 --> 123.0
15 of 8679 (0.2%) samples deleted
finding control points in Right_Cerebral_White_Matter....
found 39478 control points for structure...
bounding box (65, 30, 38) --> (131, 128, 202)
Right_Cerebral_White_Matter: limiting intensities to 90.0 --> 123.0
3 of 9159 (0.0%) samples deleted
finding control points in Left_Cerebellum_White_Matter....
found 3105 control points for structure...
bounding box (128, 103, 62) --> (175, 144, 115)
Left_Cerebellum_White_Matter: limiting intensities to 88.0 --> 123.0
50 of 681 (7.3%) samples deleted
finding control points in Right_Cerebellum_White_Matter....
found 2710 control points for structure...
bounding box (83, 103, 61) --> (127, 142, 117)
Right_Cerebellum_White_Matter: limiting intensities to 88.0 --> 123.0
33 of 527 (6.3%) samples deleted
finding control points in Brain_Stem....
found 3475 control points for structure...
bounding box (112, 96, 98) --> (145, 156, 127)
Brain_Stem: limiting intensities to 88.0 --> 123.0
131 of 1078 (12.2%) samples deleted
using 20124 total control points for intensity normalization...
bias field = 1.015 +- 0.048
43 of 19834 control points discarded
finding control points in Left_Cerebral_White_Matter....
found 40230 control points for structure...
bounding box (125, 28, 37) --> (192, 128, 201)
Left_Cerebral_White_Matter: limiting intensities to 91.0 --> 122.0
39 of 8706 (0.4%) samples deleted
finding control points in Right_Cerebral_White_Matter....
found 39478 control points for structure...
bounding box (65, 30, 38) --> (131, 128, 202)
Right_Cerebral_White_Matter: limiting intensities to 90.0 --> 122.0
15 of 9194 (0.2%) samples deleted
finding control points in Left_Cerebellum_White_Matter....
found 3105 control points for structure...
bounding box (128, 103, 62) --> (175, 144, 115)
Left_Cerebellum_White_Matter: limiting intensities to 88.0 --> 122.0
244 of 710 (34.4%) samples deleted
finding control points in Right_Cerebellum_White_Matter....
found 2710 control points for structure...
bounding box (83, 103, 61) --> (127, 142, 117)
Right_Cerebellum_White_Matter: limiting intensities to 88.0 --> 122.0
328 of 571 (57.4%) samples deleted
finding control points in Brain_Stem....
found 3475 control points for structure...
bounding box (112, 96, 98) --> (145, 156, 127)
Brain_Stem: limiting intensities to 88.0 --> 122.0
562 of 1101 (51.0%) samples deleted
using 20282 total control points for intensity normalization...
bias field = 1.012 +- 0.037
13 of 18974 control points discarded
writing normalized volume to norm.mgz...
writing control points to ctrl_pts.mgz
freeing GCA...done.
normalization took 0 minutes and 54 seconds.
#--------------------------------------
#@# CA Reg Sun Mar 15 08:26:38 CET 2026
/out/sourcedata/freesurfer/sub-v2s10x28935_ses-1/mri

 mri_ca_register -nobigventricles -T transforms/talairach.lta -align-after -mask brainmask.mgz norm.mgz /opt/freesurfer/average/RB_all_2020-01-02.gca transforms/talairach.m3z 

not handling expanded ventricles...
using previously computed transform transforms/talairach.lta
renormalizing sequences with structure alignment, equivalent to:
	-renormalize
	-regularize_mean 0.500
	-regularize 0.500
using MR volume brainmask.mgz to mask input volume...

== Number of threads available to mri_ca_register for OpenMP = 16 == 
reading 1 input volumes...
logging results to talairach.log
reading input volume 'norm.mgz'...
reading GCA '/opt/freesurfer/average/RB_all_2020-01-02.gca'...
label assignment complete, 0 changed (0.00%)
freeing gibbs priors...done.
average std[0] = 5.0
Starting GCAMregister()
label assignment complete, 0 changed (0.00%)
npasses = 1, nlevels = 6
#pass# 1 of 1 ************************
enabling zero nodes
setting smoothness cost coefficient to 0.156

#GCAMreg# pass 0 level1 5 level2 0 tsec 0 sigma 2
l_jacobian=1.00 l_label=1.00 l_log_likelihood=0.20 l_smoothness=0.16 
tol=2.50e-01, dt=5.00e-02, exp_k=20.0, momentum=0.90, levels=6, niter=500, lbl_dist=10.00, avgs=256, sigma=2.0,type=2, relabel=0, neg=no

blurring input image with Gaussian with sigma=2.000...
GCAMRegisterLevel(): init RMS 0.754894
#FOTS# QuadFit found better minimum quadopt=(dt=221.952,rms=0.703686) vs oldopt=(dt=369.92,rms=0.722588)
#GCMRL#    0 dt 221.952000 rms  0.704  6.783% neg 0  invalid 762 tFOTS 4.7530 tGradient 2.4600 tsec 7.5590
#FOTS# QuadFit found better minimum quadopt=(dt=151.398,rms=0.691412) vs oldopt=(dt=92.48,rms=0.693488)
#GCMRL#    1 dt 151.397849 rms  0.691  1.744% neg 0  invalid 762 tFOTS 4.7270 tGradient 2.4780 tsec 7.5510
#FOTS# QuadFit found better minimum quadopt=(dt=295.936,rms=0.683219) vs oldopt=(dt=369.92,rms=0.68441)
#GCMRL#    2 dt 295.936000 rms  0.683  1.185% neg 0  invalid 762 tFOTS 4.4060 tGradient 2.6100 tsec 7.3570
#FOTS# QuadFit found better minimum quadopt=(dt=110.976,rms=0.678763) vs oldopt=(dt=92.48,rms=0.678914)
#GCMRL#    3 dt 110.976000 rms  0.679  0.652% neg 0  invalid 762 tFOTS 4.7480 tGradient 2.6980 tsec 7.8000
#FOTS# QuadFit found better minimum quadopt=(dt=517.888,rms=0.673409) vs oldopt=(dt=369.92,rms=0.674361)
#GCMRL#    4 dt 517.888000 rms  0.673  0.789% neg 0  invalid 762 tFOTS 4.6910 tGradient 2.5570 tsec 7.5920
#FOTS# QuadFit found better minimum quadopt=(dt=129.472,rms=0.67188) vs oldopt=(dt=92.48,rms=0.671987)
#GCMRL#    5 dt 129.472000 rms  0.672  0.000% neg 0  invalid 762 tFOTS 4.7880 tGradient 2.7100 tsec 7.8850
#GCMRL#    6 dt 129.472000 rms  0.671  0.128% neg 0  invalid 762 tFOTS 0.0000 tGradient 2.2920 tsec 2.5670
#GCMRL#    7 dt 129.472000 rms  0.670  0.182% neg 0  invalid 762 tFOTS 0.0000 tGradient 2.3940 tsec 2.6680
#GCMRL#    8 dt 129.472000 rms  0.668  0.270% neg 0  invalid 762 tFOTS 0.0000 tGradient 2.3670 tsec 2.6360
#GCMRL#    9 dt 129.472000 rms  0.666  0.268% neg 0  invalid 762 tFOTS 0.0000 tGradient 2.6470 tsec 2.9180
#GCMRL#   10 dt 129.472000 rms  0.664  0.267% neg 0  invalid 762 tFOTS 0.0000 tGradient 2.5160 tsec 2.8040
#GCMRL#   11 dt 129.472000 rms  0.663  0.251% neg 0  invalid 762 tFOTS 0.0000 tGradient 2.4910 tsec 2.7830
#GCMRL#   12 dt 129.472000 rms  0.661  0.241% neg 0  invalid 762 tFOTS 0.0000 tGradient 2.6000 tsec 2.9110
#GCMRL#   13 dt 129.472000 rms  0.659  0.269% neg 0  invalid 762 tFOTS 0.0000 tGradient 2.4850 tsec 2.7620
#GCMRL#   14 dt 129.472000 rms  0.658  0.246% neg 0  invalid 762 tFOTS 0.0000 tGradient 2.4590 tsec 2.7090
#GCMRL#   15 dt 129.472000 rms  0.656  0.231% neg 0  invalid 762 tFOTS 0.0000 tGradient 2.4690 tsec 2.7520
#GCMRL#   16 dt 129.472000 rms  0.655  0.219% neg 0  invalid 762 tFOTS 0.0000 tGradient 2.4500 tsec 2.7250
#GCMRL#   17 dt 129.472000 rms  0.654  0.184% neg 0  invalid 762 tFOTS 0.0000 tGradient 2.4880 tsec 2.7750
#GCMRL#   18 dt 129.472000 rms  0.653  0.162% neg 0  invalid 762 tFOTS 0.0000 tGradient 2.5150 tsec 2.8070
#GCMRL#   19 dt 129.472000 rms  0.652  0.143% neg 0  invalid 762 tFOTS 0.0000 tGradient 2.4620 tsec 2.7270
#GCMRL#   20 dt 129.472000 rms  0.651  0.144% neg 0  invalid 762 tFOTS 0.0000 tGradient 2.5400 tsec 2.8220
#GCMRL#   21 dt 129.472000 rms  0.650  0.126% neg 0  invalid 762 tFOTS 0.0000 tGradient 2.9540 tsec 3.2950
#GCMRL#   22 dt 129.472000 rms  0.649  0.124% neg 0  invalid 762 tFOTS 0.0000 tGradient 2.6280 tsec 2.9500
#GCMRL#   23 dt 129.472000 rms  0.648  0.124% neg 0  invalid 762 tFOTS 0.0000 tGradient 2.5180 tsec 2.8740
#FOTS# QuadFit found better minimum quadopt=(dt=517.888,rms=0.647749) vs oldopt=(dt=369.92,rms=0.647828)
#GCMRL#   24 dt 517.888000 rms  0.648  0.000% neg 0  invalid 762 tFOTS 5.2000 tGradient 2.5610 tsec 8.1320

#GCAMreg# pass 0 level1 5 level2 1 tsec 115.757 sigma 0.5
l_jacobian=1.00 l_label=1.00 l_log_likelihood=0.20 l_smoothness=0.16 
tol=2.50e-01, dt=5.00e-02, exp_k=20.0, momentum=0.90, levels=6, niter=500, lbl_dist=10.00, avgs=256, sigma=0.5,type=2, relabel=0, neg=no

blurring input image with Gaussian with sigma=0.500...
GCAMRegisterLevel(): init RMS 0.648158
#FOTS# QuadFit found better minimum quadopt=(dt=221.952,rms=0.646035) vs oldopt=(dt=369.92,rms=0.646411)
#GCMRL#   26 dt 221.952000 rms  0.646  0.328% neg 0  invalid 762 tFOTS 5.0610 tGradient 2.4830 tsec 7.9010
#FOTS# QuadFit found better minimum quadopt=(dt=129.472,rms=0.645692) vs oldopt=(dt=92.48,rms=0.645727)
#GCMRL#   27 dt 129.472000 rms  0.646  0.000% neg 0  invalid 762 tFOTS 4.5650 tGradient 2.6560 tsec 7.5610
#GCMRL#   28 dt 129.472000 rms  0.645  0.043% neg 0  invalid 762 tFOTS 0.0000 tGradient 2.3690 tsec 2.6620
#GCMRL#   29 dt 129.472000 rms  0.645  0.066% neg 0  invalid 762 tFOTS 0.0000 tGradient 2.4310 tsec 2.7210
#GCMRL#   30 dt 129.472000 rms  0.644  0.079% neg 0  invalid 762 tFOTS 0.0000 tGradient 2.3860 tsec 2.6630
#GCMRL#   31 dt 129.472000 rms  0.644  0.079% neg 0  invalid 762 tFOTS 0.0000 tGradient 2.4800 tsec 2.7550
#GCMRL#   32 dt 129.472000 rms  0.644  0.059% neg 0  invalid 762 tFOTS 0.0000 tGradient 2.4190 tsec 2.6850
#GCMRL#   33 dt 129.472000 rms  0.643  0.045% neg 0  invalid 762 tFOTS 0.0000 tGradient 2.3740 tsec 2.6460
#FOTS# QuadFit found better minimum quadopt=(dt=517.888,rms=0.643159) vs oldopt=(dt=369.92,rms=0.643182)
setting smoothness cost coefficient to 0.615

#GCAMreg# pass 0 level1 4 level2 0 tsec 0 sigma 2
l_jacobian=1.00 l_label=1.00 l_log_likelihood=0.20 l_smoothness=0.62 
tol=2.50e-01, dt=5.00e-02, exp_k=20.0, momentum=0.90, levels=6, niter=500, lbl_dist=10.00, avgs=64, sigma=2.0,type=2, relabel=0, neg=no

blurring input image with Gaussian with sigma=2.000...
GCAMRegisterLevel(): init RMS 0.654224
#FOTS# QuadFit found better minimum quadopt=(dt=36.288,rms=0.652324) vs oldopt=(dt=25.92,rms=0.652574)
#GCMRL#   35 dt  36.288000 rms  0.652  0.290% neg 0  invalid 762 tFOTS 4.6470 tGradient 1.9910 tsec 6.9900
#FOTS# QuadFit found better minimum quadopt=(dt=72.3982,rms=0.651021) vs oldopt=(dt=103.68,rms=0.65123)
#GCMRL#   36 dt  72.398190 rms  0.651  0.000% neg 0  invalid 762 tFOTS 4.6030 tGradient 1.9800 tsec 6.9360
#GCMRL#   37 dt  72.398190 rms  0.649  0.334% neg 0  invalid 762 tFOTS 0.0000 tGradient 1.9240 tsec 2.2150
#GCMRL#   38 dt  72.398190 rms  0.646  0.443% neg 0  invalid 762 tFOTS 0.0000 tGradient 1.9980 tsec 2.2960
#GCMRL#   39 dt  72.398190 rms  0.643  0.421% neg 0  invalid 762 tFOTS 0.0000 tGradient 1.9450 tsec 2.2400
#GCMRL#   40 dt  72.398190 rms  0.641  0.379% neg 0  invalid 762 tFOTS 0.0000 tGradient 1.9410 tsec 2.2380
#GCMRL#   41 dt  72.398190 rms  0.638  0.425% neg 0  invalid 762 tFOTS 0.0000 tGradient 1.9060 tsec 2.2070
#GCMRL#   42 dt  72.398190 rms  0.635  0.452% neg 0  invalid 762 tFOTS 0.0000 tGradient 1.9690 tsec 2.2730
#GCMRL#   43 dt  72.398190 rms  0.633  0.374% neg 0  invalid 762 tFOTS 0.0000 tGradient 2.0860 tsec 2.4050
#GCMRL#   44 dt  72.398190 rms  0.631  0.220% neg 0  invalid 762 tFOTS 0.0000 tGradient 2.0160 tsec 2.3400
#GCMRL#   45 dt  72.398190 rms  0.631  0.079% neg 0  invalid 762 tFOTS 0.0000 tGradient 2.1100 tsec 2.4140
#GCMRL#   46 dt  72.398190 rms  0.631  0.034% neg 0  invalid 762 tFOTS 0.0000 tGradient 1.9820 tsec 2.2880
#FOTS# QuadFit found better minimum quadopt=(dt=145.152,rms=0.629732) vs oldopt=(dt=103.68,rms=0.629928)
#GCMRL#   47 dt 145.152000 rms  0.630  0.158% neg 0  invalid 762 tFOTS 4.1590 tGradient 1.9180 tsec 6.4040
#GCMRL#   48 dt   0.001582 rms  0.630  0.000% neg 0  invalid 762 tFOTS 6.1050 tGradient 1.9770 tsec 8.4760

#GCAMreg# pass 0 level1 4 level2 1 tsec 62.67 sigma 0.5
l_jacobian=1.00 l_label=1.00 l_log_likelihood=0.20 l_smoothness=0.62 
tol=2.50e-01, dt=5.00e-02, exp_k=20.0, momentum=0.90, levels=6, niter=500, lbl_dist=10.00, avgs=64, sigma=0.5,type=2, relabel=0, neg=no

blurring input image with Gaussian with sigma=0.500...
GCAMRegisterLevel(): init RMS 0.630171
#FOTS# QuadFit found better minimum quadopt=(dt=36.288,rms=0.629024) vs oldopt=(dt=25.92,rms=0.629156)
#GCMRL#   50 dt  36.288000 rms  0.629  0.182% neg 0  invalid 762 tFOTS 4.3380 tGradient 1.9310 tsec 6.5840
#FOTS# QuadFit found better minimum quadopt=(dt=36.288,rms=0.628889) vs oldopt=(dt=25.92,rms=0.628916)
#GCMRL#   51 dt  36.288000 rms  0.629  0.000% neg 0  invalid 762 tFOTS 4.6590 tGradient 1.9000 tsec 6.9090
#GCMRL#   52 dt  36.288000 rms  0.629  0.003% neg 0  invalid 762 tFOTS 0.0000 tGradient 2.0260 tsec 2.3260
setting smoothness cost coefficient to 2.353

#GCAMreg# pass 0 level1 3 level2 0 tsec 0 sigma 2
l_jacobian=1.00 l_label=1.00 l_log_likelihood=0.20 l_smoothness=2.35 
tol=2.50e-01, dt=5.00e-02, exp_k=20.0, momentum=0.90, levels=6, niter=500, lbl_dist=10.00, avgs=16, sigma=2.0,type=2, relabel=0, neg=no

blurring input image with Gaussian with sigma=2.000...
GCAMRegisterLevel(): init RMS 0.658386
#FOTS# QuadFit found better minimum quadopt=(dt=2.8,rms=0.657211) vs oldopt=(dt=2,rms=0.657318)
#GCMRL#   54 dt   2.800000 rms  0.657  0.178% neg 0  invalid 762 tFOTS 4.6270 tGradient 1.8020 tsec 6.7830
#FOTS# QuadFit found better minimum quadopt=(dt=0.7,rms=0.657154) vs oldopt=(dt=0.5,rms=0.657163)
#GCMRL#   55 dt   0.700000 rms  0.657  0.000% neg 0  invalid 762 tFOTS 4.0960 tGradient 1.8330 tsec 6.2780
#GCMRL#   56 dt   0.700000 rms  0.657  0.001% neg 0  invalid 762 tFOTS 0.0000 tGradient 1.7520 tsec 2.0340

#GCAMreg# pass 0 level1 3 level2 1 tsec 25.954 sigma 0.5
l_jacobian=1.00 l_label=1.00 l_log_likelihood=0.20 l_smoothness=2.35 
tol=2.50e-01, dt=5.00e-02, exp_k=20.0, momentum=0.90, levels=6, niter=500, lbl_dist=10.00, avgs=16, sigma=0.5,type=2, relabel=0, neg=no

blurring input image with Gaussian with sigma=0.500...
GCAMRegisterLevel(): init RMS 0.657609
#FOTS# QuadFit found better minimum quadopt=(dt=0.4,rms=0.657146) vs oldopt=(dt=0.5,rms=0.657147)
#GCMRL#   58 dt   0.400000 rms  0.657  0.070% neg 0  invalid 762 tFOTS 4.2740 tGradient 1.7400 tsec 6.4160
#FOTS# QuadFit found better minimum quadopt=(dt=0.04375,rms=0.657146) vs oldopt=(dt=0.03125,rms=0.657146)
setting smoothness cost coefficient to 8.000

#GCAMreg# pass 0 level1 2 level2 0 tsec 0 sigma 2
l_jacobian=1.00 l_label=1.00 l_log_likelihood=0.20 l_smoothness=8.00 
tol=2.50e-01, dt=5.00e-02, exp_k=20.0, momentum=0.90, levels=6, niter=500, lbl_dist=10.00, avgs=4, sigma=2.0,type=2, relabel=0, neg=no

blurring input image with Gaussian with sigma=2.000...
GCAMRegisterLevel(): init RMS 0.72664
#FOTS# QuadFit found better minimum quadopt=(dt=2.46211,rms=0.704068) vs oldopt=(dt=2.88,rms=0.704715)
#GCMRL#   60 dt   2.462109 rms  0.704  3.106% neg 0  invalid 762 tFOTS 4.7040 tGradient 1.8630 tsec 6.9430
#FOTS# QuadFit found better minimum quadopt=(dt=2.20321,rms=0.700622) vs oldopt=(dt=2.88,rms=0.700952)
#GCMRL#   61 dt   2.203209 rms  0.701  0.489% neg 0  invalid 762 tFOTS 4.8960 tGradient 1.7720 tsec 7.0270
#FOTS# QuadFit found better minimum quadopt=(dt=2.22581,rms=0.699482) vs oldopt=(dt=2.88,rms=0.6996)
#GCMRL#   62 dt   2.225806 rms  0.699  0.000% neg 0  invalid 762 tFOTS 4.7080 tGradient 1.9090 tsec 7.0160

#GCAMreg# pass 0 level1 2 level2 1 tsec 32.091 sigma 0.5
l_jacobian=1.00 l_label=1.00 l_log_likelihood=0.20 l_smoothness=8.00 
tol=2.50e-01, dt=5.00e-02, exp_k=20.0, momentum=0.90, levels=6, niter=500, lbl_dist=10.00, avgs=4, sigma=0.5,type=2, relabel=0, neg=no

blurring input image with Gaussian with sigma=0.500...
GCAMRegisterLevel(): init RMS 0.699926
#FOTS# QuadFit found better minimum quadopt=(dt=0.063,rms=0.699482) vs oldopt=(dt=0.045,rms=0.699482)
#GCMRL#   64 dt   0.063000 rms  0.699  0.063% neg 0  invalid 762 tFOTS 4.8580 tGradient 1.8320 tsec 7.0690
#FOTS# QuadFit found better minimum quadopt=(dt=0.036,rms=0.699486) vs oldopt=(dt=0.045,rms=0.699486)
setting smoothness cost coefficient to 20.000

#GCAMreg# pass 0 level1 1 level2 0 tsec 0 sigma 2
l_jacobian=1.00 l_label=1.00 l_log_likelihood=0.20 l_smoothness=20.00 
tol=2.50e-01, dt=5.00e-02, exp_k=20.0, momentum=0.90, levels=6, niter=500, lbl_dist=10.00, avgs=1, sigma=2.0,type=2, relabel=0, neg=no

blurring input image with Gaussian with sigma=2.000...
GCAMRegisterLevel(): init RMS 0.74673
#FOTS# QuadFit found better minimum quadopt=(dt=0.192,rms=0.745844) vs oldopt=(dt=0.32,rms=0.745989)
#GCMRL#   66 dt   0.192000 rms  0.746  0.119% neg 0  invalid 762 tFOTS 4.9310 tGradient 1.9980 tsec 7.2930
#FOTS# QuadFit found better minimum quadopt=(dt=0.448,rms=0.744319) vs oldopt=(dt=0.32,rms=0.744628)
#GCMRL#   67 dt   0.448000 rms  0.744  0.204% neg 0  invalid 762 tFOTS 4.7510 tGradient 1.5430 tsec 6.6830
#FOTS# QuadFit found better minimum quadopt=(dt=1.792,rms=0.73853) vs oldopt=(dt=1.28,rms=0.739017)
#GCMRL#   68 dt   1.792000 rms  0.739  0.778% neg 0  invalid 762 tFOTS 4.7020 tGradient 1.7340 tsec 6.8060
#FOTS# QuadFit found better minimum quadopt=(dt=0.256,rms=0.737202) vs oldopt=(dt=0.32,rms=0.737232)
#GCMRL#   69 dt   0.256000 rms  0.737  0.000% neg 0  invalid 762 tFOTS 4.7050 tGradient 1.5700 tsec 6.6610
#GCMRL#   70 dt   0.256000 rms  0.737  0.049% neg 0  invalid 762 tFOTS 0.0000 tGradient 1.5570 tsec 1.9090
#GCMRL#   71 dt   0.256000 rms  0.736  0.080% neg 0  invalid 762 tFOTS 0.0000 tGradient 1.5170 tsec 1.8490
#GCMRL#   72 dt   0.256000 rms  0.735  0.194% neg 0  invalid 762 tFOTS 0.0000 tGradient 1.5630 tsec 1.8810
#GCMRL#   73 dt   0.256000 rms  0.733  0.231% neg 0  invalid 762 tFOTS 0.0000 tGradient 1.4370 tsec 1.7620
#GCMRL#   74 dt   0.256000 rms  0.732  0.178% neg 0  invalid 762 tFOTS 0.0000 tGradient 1.4990 tsec 1.8340
#GCMRL#   75 dt   0.256000 rms  0.731  0.086% neg 0  invalid 762 tFOTS 0.0000 tGradient 1.4640 tsec 1.7790
#GCMRL#   76 dt   0.256000 rms  0.731  0.024% neg 0  invalid 762 tFOTS 0.0000 tGradient 1.4390 tsec 1.8290
#FOTS# QuadFit found better minimum quadopt=(dt=0.448,rms=0.730596) vs oldopt=(dt=0.32,rms=0.730657)
#GCMRL#   77 dt   0.448000 rms  0.731  0.056% neg 0  invalid 762 tFOTS 4.3800 tGradient 1.4940 tsec 6.2250
#FOTS# QuadFit found better minimum quadopt=(dt=0.112,rms=0.730555) vs oldopt=(dt=0.08,rms=0.73056)
#GCMRL#   78 dt   0.112000 rms  0.731  0.000% neg 0  invalid 762 tFOTS 4.3460 tGradient 1.3830 tsec 6.0930
#GCMRL#   79 dt   0.112000 rms  0.731  0.006% neg 0  invalid 762 tFOTS 0.0000 tGradient 1.3440 tsec 1.6590
#GCMRL#   80 dt   0.112000 rms  0.730  0.013% neg 0  invalid 762 tFOTS 0.0000 tGradient 1.4170 tsec 1.7480
#GCMRL#   81 dt   0.112000 rms  0.730  0.020% neg 0  invalid 762 tFOTS 0.0000 tGradient 1.3930 tsec 1.7040
#GCMRL#   82 dt   0.112000 rms  0.730  0.031% neg 0  invalid 762 tFOTS 0.0000 tGradient 1.3450 tsec 1.6520
#GCMRL#   83 dt   0.112000 rms  0.730  0.036% neg 0  invalid 762 tFOTS 0.0000 tGradient 1.4420 tsec 1.7740
#GCMRL#   84 dt   0.112000 rms  0.730  0.035% neg 0  invalid 762 tFOTS 0.0000 tGradient 1.3450 tsec 1.6550

#GCAMreg# pass 0 level1 1 level2 1 tsec 73.141 sigma 0.5
l_jacobian=1.00 l_label=1.00 l_log_likelihood=0.20 l_smoothness=20.00 
tol=2.50e-01, dt=5.00e-02, exp_k=20.0, momentum=0.90, levels=6, niter=500, lbl_dist=10.00, avgs=1, sigma=0.5,type=2, relabel=0, neg=no

blurring input image with Gaussian with sigma=0.500...
GCAMRegisterLevel(): init RMS 0.729779
#GCMRL#   86 dt   0.320000 rms  0.729  0.097% neg 0  invalid 762 tFOTS 4.4970 tGradient 1.4750 tsec 6.3040
#FOTS# QuadFit found better minimum quadopt=(dt=0.028,rms=0.729069) vs oldopt=(dt=0.02,rms=0.729069)
#GCMRL#   87 dt   0.028000 rms  0.729  0.000% neg 0  invalid 762 tFOTS 4.3080 tGradient 1.3620 tsec 5.9950
#GCMRL#   88 dt   0.028000 rms  0.729  0.000% neg 0  invalid 762 tFOTS 0.0000 tGradient 1.3320 tsec 1.6230
#GCMRL#   89 dt   0.028000 rms  0.729  0.000% neg 0  invalid 762 tFOTS 0.0000 tGradient 1.4080 tsec 1.7290
resetting metric properties...
setting smoothness cost coefficient to 40.000

#GCAMreg# pass 0 level1 0 level2 0 tsec 0 sigma 2
l_jacobian=1.00 l_label=1.00 l_log_likelihood=0.20 l_smoothness=40.00 
tol=2.50e-01, dt=5.00e-02, exp_k=20.0, momentum=0.90, levels=6, niter=500, lbl_dist=10.00, avgs=0, sigma=2.0,type=2, relabel=0, neg=no

blurring input image with Gaussian with sigma=2.000...
GCAMRegisterLevel(): init RMS 0.702858
#FOTS# QuadFit found better minimum quadopt=(dt=0.133929,rms=0.699356) vs oldopt=(dt=0.08,rms=0.700177)
#GCMRL#   91 dt   0.133929 rms  0.699  0.498% neg 0  invalid 762 tFOTS 3.9790 tGradient 0.8530 tsec 5.1420
#FOTS# QuadFit found better minimum quadopt=(dt=0.00175,rms=0.699352) vs oldopt=(dt=0.00125,rms=0.699352)
#GCMRL#   92 dt   0.001750 rms  0.699  0.000% neg 0  invalid 762 tFOTS 4.0080 tGradient 0.7980 tsec 5.1240

#GCAMreg# pass 0 level1 0 level2 1 tsec 20.04 sigma 0.5
l_jacobian=1.00 l_label=1.00 l_log_likelihood=0.20 l_smoothness=40.00 
tol=2.50e-01, dt=5.00e-02, exp_k=20.0, momentum=0.90, levels=6, niter=500, lbl_dist=10.00, avgs=0, sigma=0.5,type=2, relabel=0, neg=no

blurring input image with Gaussian with sigma=0.500...
GCAMRegisterLevel(): init RMS 0.699874
#FOTS# QuadFit found better minimum quadopt=(dt=0.007,rms=0.699335) vs oldopt=(dt=0.005,rms=0.699337)
#GCMRL#   94 dt   0.007000 rms  0.699  0.077% neg 0  invalid 762 tFOTS 3.7370 tGradient 0.8720 tsec 4.9360
GCAMregister done in 7.48167 min
Starting GCAmapRenormalizeWithAlignment() without scales
renormalizing by structure alignment....
renormalizing input #0
gca peak = 0.10253 (16)
mri peak = 0.15385 (24)
Left_Lateral_Ventricle (4): linear fit = 1.41 x + 0.0 (929 voxels, overlap=0.465)
Left_Lateral_Ventricle (4): linear fit = 1.41 x + 0.0 (929 voxels, peak = 23), gca=22.6
gca peak = 0.17690 (16)
mri peak = 0.14739 (24)
Right_Lateral_Ventricle (43): linear fit = 1.47 x + 0.0 (595 voxels, overlap=0.332)
Right_Lateral_Ventricle (43): linear fit = 1.47 x + 0.0 (595 voxels, peak = 23), gca=23.4
gca peak = 0.28275 (96)
mri peak = 0.15212 (97)
Right_Pallidum (52): linear fit = 1.00 x + 0.0 (928 voxels, overlap=0.963)
Right_Pallidum (52): linear fit = 1.00 x + 0.0 (928 voxels, peak = 96), gca=95.5
gca peak = 0.18948 (93)
mri peak = 0.10967 (97)
Left_Pallidum (13): linear fit = 1.03 x + 0.0 (884 voxels, overlap=1.004)
Left_Pallidum (13): linear fit = 1.03 x + 0.0 (884 voxels, peak = 96), gca=96.3
gca peak = 0.20755 (55)
mri peak = 0.15212 (70)
Right_Hippocampus (53): linear fit = 1.18 x + 0.0 (1164 voxels, overlap=0.012)
Right_Hippocampus (53): linear fit = 1.18 x + 0.0 (1164 voxels, peak = 65), gca=65.2
gca peak = 0.31831 (58)
mri peak = 0.11222 (71)
Left_Hippocampus (17): linear fit = 1.16 x + 0.0 (1037 voxels, overlap=0.007)
Left_Hippocampus (17): linear fit = 1.16 x + 0.0 (1037 voxels, peak = 68), gca=67.6
gca peak = 0.11957 (102)
mri peak = 0.13023 (106)
Right_Cerebral_White_Matter (41): linear fit = 1.03 x + 0.0 (66185 voxels, overlap=0.505)
Right_Cerebral_White_Matter (41): linear fit = 1.03 x + 0.0 (66185 voxels, peak = 106), gca=105.6
gca peak = 0.11429 (102)
mri peak = 0.13615 (107)
Left_Cerebral_White_Matter (2): linear fit = 1.05 x + 0.0 (67278 voxels, overlap=0.366)
Left_Cerebral_White_Matter (2): linear fit = 1.05 x + 0.0 (67278 voxels, peak = 108), gca=107.6
gca peak = 0.14521 (59)
mri peak = 0.04045 (64)
Left_Cerebral_Cortex (3): linear fit = 1.12 x + 0.0 (34930 voxels, overlap=0.850)
Left_Cerebral_Cortex (3): linear fit = 1.12 x + 0.0 (34930 voxels, peak = 66), gca=66.4
gca peak = 0.14336 (58)
mri peak = 0.04448 (65)
Right_Cerebral_Cortex (42): linear fit = 1.12 x + 0.0 (34888 voxels, overlap=0.644)
Right_Cerebral_Cortex (42): linear fit = 1.12 x + 0.0 (34888 voxels, peak = 65), gca=65.2
gca peak = 0.13305 (70)
mri peak = 0.15318 (83)
Right_Caudate (50): linear fit = 1.17 x + 0.0 (1148 voxels, overlap=0.019)
Right_Caudate (50): linear fit = 1.17 x + 0.0 (1148 voxels, peak = 82), gca=82.2
gca peak = 0.15761 (71)
mri peak = 0.13241 (83)
Left_Caudate (11): linear fit = 1.15 x + 0.0 (1106 voxels, overlap=0.113)
Left_Caudate (11): linear fit = 1.15 x + 0.0 (1106 voxels, peak = 82), gca=82.0
gca peak = 0.13537 (57)
mri peak = 0.06796 (64)
Left_Cerebellum_Cortex (8): linear fit = 1.18 x + 0.0 (32710 voxels, overlap=0.346)
Left_Cerebellum_Cortex (8): linear fit = 1.18 x + 0.0 (32710 voxels, peak = 68), gca=67.5
gca peak = 0.13487 (56)
mri peak = 0.07498 (67)
Right_Cerebellum_Cortex (47): linear fit = 1.16 x + 0.0 (36008 voxels, overlap=0.214)
Right_Cerebellum_Cortex (47): linear fit = 1.16 x + 0.0 (36008 voxels, peak = 65), gca=65.2
gca peak = 0.19040 (84)
mri peak = 0.10705 (89)
Left_Cerebellum_White_Matter (7): linear fit = 1.04 x + 0.0 (10789 voxels, overlap=0.634)
Left_Cerebellum_White_Matter (7): linear fit = 1.04 x + 0.0 (10789 voxels, peak = 88), gca=87.8
gca peak = 0.18871 (83)
mri peak = 0.11122 (87)
Right_Cerebellum_White_Matter (46): linear fit = 1.04 x + 0.0 (9044 voxels, overlap=0.771)
Right_Cerebellum_White_Matter (46): linear fit = 1.04 x + 0.0 (9044 voxels, peak = 87), gca=86.7
gca peak = 0.24248 (57)
mri peak = 0.15311 (72)
Left_Amygdala (18): linear fit = 1.25 x + 0.0 (485 voxels, overlap=0.032)
Left_Amygdala (18): linear fit = 1.25 x + 0.0 (485 voxels, peak = 72), gca=71.5
gca peak = 0.35833 (56)
mri peak = 0.16904 (71)
Right_Amygdala (54): linear fit = 1.25 x + 0.0 (568 voxels, overlap=0.032)
Right_Amygdala (54): linear fit = 1.25 x + 0.0 (568 voxels, peak = 70), gca=69.7
gca peak = 0.12897 (85)
mri peak = 0.07588 (90)
Left_Thalamus (10): linear fit = 1.07 x + 0.0 (5678 voxels, overlap=0.781)
Left_Thalamus (10): linear fit = 1.07 x + 0.0 (5678 voxels, peak = 91), gca=90.5
gca peak = 0.13127 (83)
mri peak = 0.08847 (89)
Right_Thalamus (49): linear fit = 1.07 x + 0.0 (5051 voxels, overlap=0.696)
Right_Thalamus (49): linear fit = 1.07 x + 0.0 (5051 voxels, peak = 88), gca=88.4
gca peak = 0.12974 (78)
mri peak = 0.11129 (92)
Left_Putamen (12): linear fit = 1.12 x + 0.0 (2537 voxels, overlap=0.261)
Left_Putamen (12): linear fit = 1.12 x + 0.0 (2537 voxels, peak = 88), gca=87.8
gca peak = 0.17796 (79)
mri peak = 0.14565 (90)
Right_Putamen (51): linear fit = 1.12 x + 0.0 (2597 voxels, overlap=0.483)
Right_Putamen (51): linear fit = 1.12 x + 0.0 (2597 voxels, peak = 89), gca=88.9
gca peak = 0.10999 (80)
mri peak = 0.10323 (88)
Brain_Stem (16): linear fit = 1.10 x + 0.0 (12544 voxels, overlap=0.415)
Brain_Stem (16): linear fit = 1.10 x + 0.0 (12544 voxels, peak = 88), gca=87.6
gca peak = 0.13215 (88)
mri peak = 0.08484 (93)
Right_VentralDC (60): linear fit = 1.09 x + 0.0 (1549 voxels, overlap=0.511)
Right_VentralDC (60): linear fit = 1.09 x + 0.0 (1549 voxels, peak = 95), gca=95.5
gca peak = 0.11941 (89)
mri peak = 0.10530 (95)
Left_VentralDC (28): linear fit = 1.10 x + 0.0 (1545 voxels, overlap=0.391)
Left_VentralDC (28): linear fit = 1.10 x + 0.0 (1545 voxels, peak = 97), gca=97.5
gca peak = 0.20775 (25)
mri peak = 0.33333 (31)
gca peak = 0.13297 (21)
mri peak = 0.18629 (25)
Fourth_Ventricle (15): linear fit = 1.41 x + 0.0 (469 voxels, overlap=0.371)
Fourth_Ventricle (15): linear fit = 1.41 x + 0.0 (469 voxels, peak = 30), gca=29.7
gca peak Unknown = 0.94777 ( 0)
gca peak Left_Inf_Lat_Vent = 0.19087 (28)
gca peak Third_Ventricle = 0.20775 (25)
gca peak CSF = 0.16821 (33)
gca peak Left_Accumbens_area = 0.32850 (63)
gca peak Left_undetermined = 0.98480 (28)
gca peak Left_vessel = 0.40887 (53)
gca peak Left_choroid_plexus = 0.10898 (46)
gca peak Right_Inf_Lat_Vent = 0.17798 (26)
gca peak Right_Accumbens_area = 0.30137 (64)
gca peak Right_vessel = 0.47828 (52)
gca peak Right_choroid_plexus = 0.11612 (45)
gca peak Fifth_Ventricle = 0.59466 (35)
gca peak WM_hypointensities = 0.10053 (78)
gca peak non_WM_hypointensities = 0.07253 (60)
gca peak Optic_Chiasm = 0.25330 (73)
not using caudate to estimate GM means
estimating mean gm scale to be 1.18 x + 0.0
estimating mean wm scale to be 1.04 x + 0.0
estimating mean csf scale to be 1.43 x + 0.0
saving intensity scales to talairach.label_intensities.txt
GCAmapRenormalizeWithAlignment() took 2.15618 min
noneg pre
Starting GCAMregister()
label assignment complete, 0 changed (0.00%)
npasses = 1, nlevels = 6
#pass# 1 of 1 ************************
enabling zero nodes
setting smoothness cost coefficient to 0.008

#GCAMreg# pass 0 level1 5 level2 0 tsec 0 sigma 2
l_jacobian=1.00 l_label=1.00 l_log_likelihood=0.20 l_smoothness=0.01 
tol=5.00e-02, dt=5.00e-02, exp_k=20.0, momentum=0.90, levels=6, niter=500, lbl_dist=10.00, avgs=256, sigma=2.0,type=2, relabel=0, neg=no

blurring input image with Gaussian with sigma=2.000...
GCAMRegisterLevel(): init RMS 0.701458
#FOTS# QuadFit found better minimum quadopt=(dt=205.621,rms=0.669824) vs oldopt=(dt=92.48,rms=0.679723)
#GCMRL#   96 dt 205.620513 rms  0.670  4.510% neg 0  invalid 762 tFOTS 3.9480 tGradient 1.7470 tsec 6.0110
#FOTS# QuadFit found better minimum quadopt=(dt=203.102,rms=0.66169) vs oldopt=(dt=92.48,rms=0.664506)
#GCMRL#   97 dt 203.102041 rms  0.662  1.214% neg 0  invalid 762 tFOTS 4.1780 tGradient 1.8270 tsec 6.3340
#FOTS# QuadFit found better minimum quadopt=(dt=181.169,rms=0.656719) vs oldopt=(dt=92.48,rms=0.658244)
#GCMRL#   98 dt 181.169231 rms  0.657  0.751% neg 0  invalid 762 tFOTS 4.4740 tGradient 1.8410 tsec 6.6440
#FOTS# QuadFit found better minimum quadopt=(dt=129.472,rms=0.654536) vs oldopt=(dt=92.48,rms=0.654932)
#GCMRL#   99 dt 129.472000 rms  0.655  0.332% neg 0  invalid 762 tFOTS 4.3600 tGradient 1.8170 tsec 6.5070
#FOTS# QuadFit found better minimum quadopt=(dt=517.888,rms=0.650441) vs oldopt=(dt=369.92,rms=0.650658)
#GCMRL#  100 dt 517.888000 rms  0.650  0.626% neg 0  invalid 762 tFOTS 4.3500 tGradient 1.7770 tsec 6.4720
#GCMRL#  101 dt  92.480000 rms  0.648  0.378% neg 0  invalid 762 tFOTS 4.4320 tGradient 1.8010 tsec 6.5610
#FOTS# QuadFit found better minimum quadopt=(dt=2071.55,rms=0.640982) vs oldopt=(dt=1479.68,rms=0.64138)
#GCMRL#  102 dt 2071.552000 rms  0.641  1.080% neg 0  invalid 762 tFOTS 4.4790 tGradient 1.7790 tsec 6.6070
#FOTS# QuadFit found better minimum quadopt=(dt=129.472,rms=0.637587) vs oldopt=(dt=92.48,rms=0.637864)
#GCMRL#  103 dt 129.472000 rms  0.638  0.530% neg 0  invalid 762 tFOTS 4.6640 tGradient 2.0320 tsec 6.9880
#FOTS# QuadFit found better minimum quadopt=(dt=129.472,rms=0.637182) vs oldopt=(dt=92.48,rms=0.637215)
#GCMRL#  104 dt 129.472000 rms  0.637  0.064% neg 0  invalid 762 tFOTS 3.9840 tGradient 1.7200 tsec 6.0220
#FOTS# QuadFit found better minimum quadopt=(dt=517.888,rms=0.635531) vs oldopt=(dt=369.92,rms=0.635759)
#GCMRL#  105 dt 517.888000 rms  0.636  0.259% neg 0  invalid 762 tFOTS 3.9280 tGradient 1.8590 tsec 6.0760
#GCMRL#  106 dt  92.480000 rms  0.635  0.095% neg 0  invalid 762 tFOTS 3.5810 tGradient 1.7620 tsec 5.6530
#FOTS# QuadFit found better minimum quadopt=(dt=2071.55,rms=0.631123) vs oldopt=(dt=1479.68,rms=0.631825)
#GCMRL#  107 dt 2071.552000 rms  0.631  0.599% neg 0  invalid 762 tFOTS 3.6990 tGradient 1.8220 tsec 5.8240
#FOTS# QuadFit found better minimum quadopt=(dt=129.472,rms=0.629597) vs oldopt=(dt=92.48,rms=0.629777)
#GCMRL#  108 dt 129.472000 rms  0.630  0.242% neg 0  invalid 762 tFOTS 3.8830 tGradient 1.8240 tsec 6.0170
#FOTS# QuadFit found better minimum quadopt=(dt=73.984,rms=0.629606) vs oldopt=(dt=92.48,rms=0.62961)
#GCMRL#  109 dt  73.984000 rms  0.630  0.000% neg 0  invalid 762 tFOTS 3.9050 tGradient 1.8720 tsec 6.2740
#GCMRL#  110 dt  73.984000 rms  0.630  0.007% neg 0  invalid 762 tFOTS 0.0000 tGradient 1.7120 tsec 1.9550
#GCMRL#  111 dt  73.984000 rms  0.630  0.004% neg 0  invalid 762 tFOTS 0.0000 tGradient 1.7400 tsec 1.9810
#GCMRL#  112 dt  73.984000 rms  0.629  0.031% neg 0  invalid 762 tFOTS 0.0000 tGradient 1.6920 tsec 1.9430
#GCMRL#  113 dt  73.984000 rms  0.629  0.080% neg 0  invalid 762 tFOTS 0.0000 tGradient 1.7540 tsec 2.0020
#GCMRL#  114 dt  73.984000 rms  0.628  0.094% neg 0  invalid 762 tFOTS 0.0000 tGradient 1.7210 tsec 1.9790
#GCMRL#  115 dt  73.984000 rms  0.628  0.088% neg 0  invalid 762 tFOTS 0.0000 tGradient 1.7370 tsec 1.9830
#GCMRL#  116 dt  73.984000 rms  0.627  0.086% neg 0  invalid 762 tFOTS 0.0000 tGradient 1.7650 tsec 2.0130
#GCMRL#  117 dt  73.984000 rms  0.627  0.079% neg 0  invalid 762 tFOTS 0.0000 tGradient 1.8150 tsec 2.0620
#GCMRL#  118 dt  73.984000 rms  0.626  0.073% neg 0  invalid 762 tFOTS 0.0000 tGradient 1.8830 tsec 2.1280
#GCMRL#  119 dt  73.984000 rms  0.626  0.086% neg 0  invalid 762 tFOTS 0.0000 tGradient 1.7150 tsec 1.9650
#GCMRL#  120 dt  73.984000 rms  0.625  0.102% neg 0  invalid 762 tFOTS 0.0000 tGradient 1.7480 tsec 1.9940
#GCMRL#  121 dt  73.984000 rms  0.624  0.099% neg 0  invalid 762 tFOTS 0.0000 tGradient 1.7880 tsec 2.0370
#GCMRL#  122 dt  73.984000 rms  0.624  0.089% neg 0  invalid 762 tFOTS 0.0000 tGradient 1.8600 tsec 2.1200
#GCMRL#  123 dt  73.984000 rms  0.623  0.082% neg 0  invalid 762 tFOTS 0.0000 tGradient 1.8850 tsec 2.1340
#GCMRL#  124 dt  73.984000 rms  0.623  0.072% neg 0  invalid 762 tFOTS 0.0000 tGradient 1.8450 tsec 2.0820
#GCMRL#  125 dt  73.984000 rms  0.622  0.070% neg 0  invalid 762 tFOTS 0.0000 tGradient 1.8670 tsec 2.1120
#GCMRL#  126 dt  73.984000 rms  0.622  0.080% neg 0  invalid 762 tFOTS 0.0000 tGradient 1.8720 tsec 2.1210
#GCMRL#  127 dt  73.984000 rms  0.621  0.087% neg 0  invalid 762 tFOTS 0.0000 tGradient 1.7890 tsec 2.0370
#GCMRL#  128 dt  73.984000 rms  0.621  0.081% neg 0  invalid 762 tFOTS 0.0000 tGradient 1.8100 tsec 2.0540
#GCMRL#  129 dt  73.984000 rms  0.620  0.072% neg 0  invalid 762 tFOTS 0.0000 tGradient 1.8460 tsec 2.1020
#GCMRL#  130 dt  73.984000 rms  0.620  0.064% neg 0  invalid 762 tFOTS 0.0000 tGradient 1.8350 tsec 2.1070
#GCMRL#  131 dt  73.984000 rms  0.620  0.061% neg 0  invalid 762 tFOTS 0.0000 tGradient 1.9230 tsec 2.1820
#GCMRL#  132 dt  73.984000 rms  0.619  0.061% neg 0  invalid 762 tFOTS 0.0000 tGradient 1.9590 tsec 2.1950
#GCMRL#  133 dt  73.984000 rms  0.619  0.067% neg 0  invalid 762 tFOTS 0.0000 tGradient 1.8680 tsec 2.1020
#GCMRL#  134 dt  73.984000 rms  0.619  0.067% neg 0  invalid 762 tFOTS 0.0000 tGradient 1.8750 tsec 2.1200
#GCMRL#  135 dt  73.984000 rms  0.618  0.061% neg 0  invalid 762 tFOTS 0.0000 tGradient 1.8900 tsec 2.1310
#GCMRL#  136 dt  73.984000 rms  0.618  0.054% neg 0  invalid 762 tFOTS 0.0000 tGradient 1.9020 tsec 2.1550
#GCMRL#  137 dt  73.984000 rms  0.618  0.047% neg 0  invalid 762 tFOTS 0.0000 tGradient 1.8720 tsec 2.1260
#GCMRL#  138 dt  73.984000 rms  0.617  0.046% neg 0  invalid 762 tFOTS 0.0000 tGradient 1.9220 tsec 2.1650
#GCMRL#  139 dt  73.984000 rms  0.617  0.049% neg 0  invalid 762 tFOTS 0.0000 tGradient 1.7940 tsec 2.0410
#GCMRL#  140 dt  73.984000 rms  0.617  0.050% neg 0  invalid 762 tFOTS 0.0000 tGradient 1.8910 tsec 2.1740
#GCMRL#  141 dt  73.984000 rms  0.616  0.049% neg 0  invalid 762 tFOTS 0.0000 tGradient 1.8140 tsec 2.0640
#GCMRL#  142 dt  73.984000 rms  0.616  0.046% neg 0  invalid 762 tFOTS 0.0000 tGradient 1.8860 tsec 2.1440
#GCMRL#  143 dt  73.984000 rms  0.616  0.044% neg 0  invalid 762 tFOTS 0.0000 tGradient 1.8350 tsec 2.0920
#GCMRL#  144 dt  73.984000 rms  0.616  0.042% neg 0  invalid 762 tFOTS 0.0000 tGradient 1.8980 tsec 2.1500
#GCMRL#  145 dt  73.984000 rms  0.615  0.044% neg 0  invalid 762 tFOTS 0.0000 tGradient 1.8620 tsec 2.1250
#GCMRL#  146 dt  73.984000 rms  0.615  0.045% neg 0  invalid 762 tFOTS 0.0000 tGradient 1.8360 tsec 2.0900
#GCMRL#  147 dt  73.984000 rms  0.615  0.045% neg 0  invalid 762 tFOTS 0.0000 tGradient 1.8100 tsec 2.0600
#GCMRL#  148 dt  73.984000 rms  0.614  0.043% neg 0  invalid 762 tFOTS 0.0000 tGradient 1.8850 tsec 2.1390
#GCMRL#  149 dt  73.984000 rms  0.614  0.041% neg 0  invalid 762 tFOTS 0.0000 tGradient 1.9140 tsec 2.1620
#GCMRL#  150 dt  73.984000 rms  0.614  0.039% neg 0  invalid 762 tFOTS 0.0000 tGradient 1.8730 tsec 2.1270
#GCMRL#  151 dt  73.984000 rms  0.614  0.039% neg 0  invalid 762 tFOTS 0.0000 tGradient 1.8340 tsec 2.0860
#GCMRL#  152 dt  73.984000 rms  0.613  0.039% neg 0  invalid 762 tFOTS 0.0000 tGradient 1.8530 tsec 2.0960
#GCMRL#  153 dt  73.984000 rms  0.613  0.039% neg 0  invalid 762 tFOTS 0.0000 tGradient 1.8510 tsec 2.0970
#GCMRL#  154 dt  73.984000 rms  0.613  0.039% neg 0  invalid 762 tFOTS 0.0000 tGradient 1.9210 tsec 2.1710
#GCMRL#  155 dt  73.984000 rms  0.613  0.037% neg 0  invalid 762 tFOTS 0.0000 tGradient 1.8240 tsec 2.0810
#GCMRL#  156 dt  73.984000 rms  0.613  0.036% neg 0  invalid 762 tFOTS 0.0000 tGradient 1.8560 tsec 2.1180
#GCMRL#  157 dt  73.984000 rms  0.612  0.036% neg 0  invalid 762 tFOTS 0.0000 tGradient 1.8050 tsec 2.0490
#GCMRL#  158 dt  73.984000 rms  0.612  0.037% neg 0  invalid 762 tFOTS 0.0000 tGradient 1.8900 tsec 2.1450
#GCMRL#  159 dt  73.984000 rms  0.612  0.036% neg 0  invalid 762 tFOTS 0.0000 tGradient 1.8700 tsec 2.1210
#GCMRL#  160 dt  73.984000 rms  0.612  0.036% neg 0  invalid 762 tFOTS 0.0000 tGradient 2.0170 tsec 2.2620
#GCMRL#  161 dt  73.984000 rms  0.611  0.036% neg 0  invalid 762 tFOTS 0.0000 tGradient 1.8240 tsec 2.0870
#GCMRL#  162 dt  73.984000 rms  0.611  0.034% neg 0  invalid 762 tFOTS 0.0000 tGradient 1.8820 tsec 2.1510
#GCMRL#  163 dt  73.984000 rms  0.611  0.033% neg 0  invalid 762 tFOTS 0.0000 tGradient 1.8480 tsec 2.1000
#GCMRL#  164 dt  73.984000 rms  0.611  0.031% neg 0  invalid 762 tFOTS 0.0000 tGradient 1.8740 tsec 2.1280
#GCMRL#  165 dt  73.984000 rms  0.611  0.031% neg 0  invalid 762 tFOTS 0.0000 tGradient 1.9290 tsec 2.1840
#GCMRL#  166 dt  73.984000 rms  0.610  0.031% neg 0  invalid 762 tFOTS 0.0000 tGradient 1.8600 tsec 2.1140
#GCMRL#  167 dt  73.984000 rms  0.610  0.030% neg 0  invalid 762 tFOTS 0.0000 tGradient 1.8520 tsec 2.1160
#GCMRL#  168 dt  73.984000 rms  0.610  0.031% neg 0  invalid 762 tFOTS 0.0000 tGradient 1.8120 tsec 2.0760
#GCMRL#  169 dt  73.984000 rms  0.610  0.030% neg 0  invalid 762 tFOTS 0.0000 tGradient 1.8840 tsec 2.1380
#GCMRL#  170 dt  73.984000 rms  0.610  0.030% neg 0  invalid 762 tFOTS 0.0000 tGradient 1.8180 tsec 2.0770
#GCMRL#  171 dt  73.984000 rms  0.610  0.029% neg 0  invalid 762 tFOTS 0.0000 tGradient 1.8730 tsec 2.1290
#GCMRL#  172 dt  73.984000 rms  0.609  0.028% neg 0  invalid 762 tFOTS 0.0000 tGradient 1.8210 tsec 2.0850
#GCMRL#  173 dt  73.984000 rms  0.609  0.027% neg 0  invalid 762 tFOTS 0.0000 tGradient 1.8860 tsec 2.1560
#GCMRL#  174 dt  73.984000 rms  0.609  0.027% neg 0  invalid 762 tFOTS 0.0000 tGradient 1.8580 tsec 2.1050
#GCMRL#  175 dt  73.984000 rms  0.609  0.027% neg 0  invalid 762 tFOTS 0.0000 tGradient 1.8510 tsec 2.1050
#GCMRL#  176 dt  73.984000 rms  0.609  0.026% neg 0  invalid 762 tFOTS 0.0000 tGradient 1.8490 tsec 2.1120
#GCMRL#  177 dt  73.984000 rms  0.609  0.026% neg 0  invalid 762 tFOTS 0.0000 tGradient 1.8160 tsec 2.0830
#GCMRL#  178 dt  73.984000 rms  0.608  0.026% neg 0  invalid 762 tFOTS 0.0000 tGradient 1.8840 tsec 2.1480
#GCMRL#  179 dt  73.984000 rms  0.608  0.026% neg 0  invalid 762 tFOTS 0.0000 tGradient 1.9330 tsec 2.1990
#GCMRL#  180 dt  73.984000 rms  0.608  0.025% neg 0  invalid 762 tFOTS 0.0000 tGradient 1.9920 tsec 2.2820
#GCMRL#  181 dt  73.984000 rms  0.608  0.025% neg 0  invalid 762 tFOTS 0.0000 tGradient 1.9700 tsec 2.2560
#GCMRL#  182 dt  73.984000 rms  0.608  0.024% neg 0  invalid 762 tFOTS 0.0000 tGradient 2.1340 tsec 2.4360
#FOTS# QuadFit found better minimum quadopt=(dt=8286.21,rms=0.606729) vs oldopt=(dt=5918.72,rms=0.606936)
#GCMRL#  183 dt 8286.208000 rms  0.607  0.170% neg 0  invalid 762 tFOTS 4.5500 tGradient 1.8940 tsec 6.7490
#FOTS# QuadFit found better minimum quadopt=(dt=110.976,rms=0.606398) vs oldopt=(dt=92.48,rms=0.606413)
#GCMRL#  184 dt 110.976000 rms  0.606  0.054% neg 0  invalid 762 tFOTS 4.4380 tGradient 2.0570 tsec 6.8560
#FOTS# QuadFit found better minimum quadopt=(dt=221.952,rms=0.606337) vs oldopt=(dt=369.92,rms=0.606353)
#GCMRL#  185 dt 221.952000 rms  0.606  0.000% neg 0  invalid 762 tFOTS 4.5620 tGradient 1.7960 tsec 6.6920
#GCMRL#  186 dt 221.952000 rms  0.606  0.004% neg 0  invalid 762 tFOTS 0.0000 tGradient 1.8230 tsec 2.0970
#GCMRL#  187 dt 221.952000 rms  0.606  0.016% neg 0  invalid 762 tFOTS 0.0000 tGradient 1.7910 tsec 2.0720
#GCMRL#  188 dt 221.952000 rms  0.606  0.011% neg 0  invalid 762 tFOTS 0.0000 tGradient 1.8660 tsec 2.1510
#GCMRL#  189 dt 221.952000 rms  0.606  0.019% neg 0  invalid 762 tFOTS 0.0000 tGradient 1.8920 tsec 2.1730
#GCMRL#  190 dt 221.952000 rms  0.606  0.023% neg 0  invalid 762 tFOTS 0.0000 tGradient 1.8290 tsec 2.1110
#GCMRL#  191 dt 221.952000 rms  0.606  0.023% neg 0  invalid 762 tFOTS 0.0000 tGradient 2.0150 tsec 2.3100
#GCMRL#  192 dt 221.952000 rms  0.606  0.034% neg 0  invalid 762 tFOTS 0.0000 tGradient 1.8320 tsec 2.1140
#GCMRL#  193 dt 221.952000 rms  0.605  0.027% neg 0  invalid 762 tFOTS 0.0000 tGradient 1.8180 tsec 2.1000
#GCMRL#  194 dt 221.952000 rms  0.605  0.031% neg 0  invalid 762 tFOTS 0.0000 tGradient 1.8770 tsec 2.1620
#GCMRL#  195 dt 221.952000 rms  0.605  0.036% neg 0  invalid 762 tFOTS 0.0000 tGradient 2.0150 tsec 2.2850
#GCMRL#  196 dt 221.952000 rms  0.605  0.032% neg 0  invalid 762 tFOTS 0.0000 tGradient 1.8930 tsec 2.1760
#GCMRL#  197 dt 221.952000 rms  0.605  0.035% neg 0  invalid 762 tFOTS 0.0000 tGradient 1.8450 tsec 2.1240
#GCMRL#  198 dt 221.952000 rms  0.604  0.034% neg 0  invalid 762 tFOTS 0.0000 tGradient 1.8560 tsec 2.1360
#GCMRL#  199 dt 221.952000 rms  0.604  0.036% neg 0  invalid 762 tFOTS 0.0000 tGradient 1.9370 tsec 2.2190
#GCMRL#  200 dt 221.952000 rms  0.604  0.037% neg 0  invalid 762 tFOTS 0.0000 tGradient 1.8070 tsec 2.0720
#GCMRL#  201 dt 221.952000 rms  0.604  0.034% neg 0  invalid 762 tFOTS 0.0000 tGradient 1.8190 tsec 2.1170
#GCMRL#  202 dt 221.952000 rms  0.604  0.036% neg 0  invalid 762 tFOTS 0.0000 tGradient 1.9180 tsec 2.2290
#GCMRL#  203 dt 221.952000 rms  0.603  0.034% neg 0  invalid 762 tFOTS 0.0000 tGradient 1.8640 tsec 2.1510
#GCMRL#  204 dt 221.952000 rms  0.603  0.036% neg 0  invalid 762 tFOTS 0.0000 tGradient 1.8680 tsec 2.1800
#GCMRL#  205 dt 221.952000 rms  0.603  0.037% neg 0  invalid 762 tFOTS 0.0000 tGradient 1.8310 tsec 2.1430
#GCMRL#  206 dt 221.952000 rms  0.603  0.034% neg 0  invalid 762 tFOTS 0.0000 tGradient 1.8770 tsec 2.1910
#GCMRL#  207 dt 221.952000 rms  0.602  0.033% neg 0  invalid 762 tFOTS 0.0000 tGradient 1.8830 tsec 2.1960
#GCMRL#  208 dt 221.952000 rms  0.602  0.032% neg 0  invalid 762 tFOTS 0.0000 tGradient 1.8960 tsec 2.2110
#GCMRL#  209 dt 221.952000 rms  0.602  0.034% neg 0  invalid 762 tFOTS 0.0000 tGradient 1.9360 tsec 2.2290
#GCMRL#  210 dt 221.952000 rms  0.602  0.035% neg 0  invalid 762 tFOTS 0.0000 tGradient 1.9380 tsec 2.2520
#GCMRL#  211 dt 221.952000 rms  0.602  0.029% neg 0  invalid 762 tFOTS 0.0000 tGradient 1.9370 tsec 2.2490
#GCMRL#  212 dt 221.952000 rms  0.602  0.027% neg 0  invalid 762 tFOTS 0.0000 tGradient 1.8600 tsec 2.1590
#GCMRL#  213 dt 221.952000 rms  0.601  0.032% neg 0  invalid 762 tFOTS 0.0000 tGradient 1.8830 tsec 2.2050
#GCMRL#  214 dt 221.952000 rms  0.601  0.028% neg 0  invalid 762 tFOTS 0.0000 tGradient 1.9810 tsec 2.3020
#GCMRL#  215 dt 221.952000 rms  0.601  0.022% neg 0  invalid 762 tFOTS 0.0000 tGradient 1.9550 tsec 2.2750
#GCMRL#  216 dt 221.952000 rms  0.601  0.025% neg 0  invalid 762 tFOTS 0.0000 tGradient 1.9480 tsec 2.2590
#GCMRL#  217 dt 221.952000 rms  0.601  0.028% neg 0  invalid 762 tFOTS 0.0000 tGradient 1.8340 tsec 2.1430
#GCMRL#  218 dt 221.952000 rms  0.601  0.025% neg 0  invalid 762 tFOTS 0.0000 tGradient 1.8750 tsec 2.1810
#GCMRL#  219 dt 221.952000 rms  0.600  0.025% neg 0  invalid 762 tFOTS 0.0000 tGradient 1.8970 tsec 2.1650
#GCMRL#  220 dt 221.952000 rms  0.600  0.026% neg 0  invalid 762 tFOTS 0.0000 tGradient 1.8730 tsec 2.1950
#GCMRL#  221 dt 221.952000 rms  0.600  0.021% neg 0  invalid 762 tFOTS 0.0000 tGradient 1.8230 tsec 2.1260
#GCMRL#  222 dt 221.952000 rms  0.600  0.026% neg 0  invalid 762 tFOTS 0.0000 tGradient 1.8840 tsec 2.1840
#GCMRL#  223 dt 221.952000 rms  0.600  0.030% neg 0  invalid 762 tFOTS 0.0000 tGradient 1.8800 tsec 2.1930
#GCMRL#  224 dt 221.952000 rms  0.600  0.022% neg 0  invalid 762 tFOTS 0.0000 tGradient 2.0390 tsec 2.3220
#GCMRL#  225 dt 221.952000 rms  0.600  0.021% neg 0  invalid 762 tFOTS 0.0000 tGradient 1.9100 tsec 2.2270
#FOTS# QuadFit found better minimum quadopt=(dt=1183.74,rms=0.5994) vs oldopt=(dt=1479.68,rms=0.59941)
#GCMRL#  226 dt 1183.744000 rms  0.599  0.024% neg 0  invalid 762 tFOTS 4.4240 tGradient 1.8280 tsec 6.5840
#FOTS# QuadFit found better minimum quadopt=(dt=32.368,rms=0.599395) vs oldopt=(dt=23.12,rms=0.599399)
#GCMRL#  227 dt  32.368000 rms  0.599  0.000% neg 0  invalid 762 tFOTS 4.6860 tGradient 1.9300 tsec 6.9730
#GCMRL#  228 dt  32.368000 rms  0.599  0.000% neg 0  invalid 762 tFOTS 0.0000 tGradient 1.8960 tsec 2.2090

#GCAMreg# pass 0 level1 5 level2 1 tsec 376.4 sigma 0.5
l_jacobian=1.00 l_label=1.00 l_log_likelihood=0.20 l_smoothness=0.01 
tol=5.00e-02, dt=5.00e-02, exp_k=20.0, momentum=0.90, levels=6, niter=500, lbl_dist=10.00, avgs=256, sigma=0.5,type=2, relabel=0, neg=no

blurring input image with Gaussian with sigma=0.500...
GCAMRegisterLevel(): init RMS 0.599672
#FOTS# QuadFit found better minimum quadopt=(dt=129.472,rms=0.599116) vs oldopt=(dt=92.48,rms=0.599158)
#GCMRL#  230 dt 129.472000 rms  0.599  0.093% neg 0  invalid 762 tFOTS 4.8690 tGradient 1.8950 tsec 7.0910
#FOTS# QuadFit found better minimum quadopt=(dt=443.904,rms=0.598808) vs oldopt=(dt=369.92,rms=0.598821)
#GCMRL#  231 dt 443.904000 rms  0.599  0.051% neg 0  invalid 762 tFOTS 4.8430 tGradient 1.8330 tsec 7.0540
#FOTS# QuadFit found better minimum quadopt=(dt=129.472,rms=0.5987) vs oldopt=(dt=92.48,rms=0.59872)
#GCMRL#  232 dt 129.472000 rms  0.599  0.000% neg 0  invalid 762 tFOTS 4.8660 tGradient 1.7900 tsec 7.0360
#GCMRL#  233 dt 129.472000 rms  0.599  0.014% neg 0  invalid 762 tFOTS 0.0000 tGradient 1.8140 tsec 2.1190
#GCMRL#  234 dt 129.472000 rms  0.598  0.020% neg 0  invalid 762 tFOTS 0.0000 tGradient 1.9370 tsec 2.2480
#GCMRL#  235 dt 129.472000 rms  0.598  0.025% neg 0  invalid 762 tFOTS 0.0000 tGradient 1.8960 tsec 2.2240
#GCMRL#  236 dt 129.472000 rms  0.598  0.027% neg 0  invalid 762 tFOTS 0.0000 tGradient 1.9420 tsec 2.2670
#GCMRL#  237 dt 129.472000 rms  0.598  0.028% neg 0  invalid 762 tFOTS 0.0000 tGradient 1.8120 tsec 2.1060
#GCMRL#  238 dt 129.472000 rms  0.598  0.030% neg 0  invalid 762 tFOTS 0.0000 tGradient 1.8560 tsec 2.1810
#GCMRL#  239 dt 129.472000 rms  0.598  0.030% neg 0  invalid 762 tFOTS 0.0000 tGradient 2.0140 tsec 2.3290
#GCMRL#  240 dt 129.472000 rms  0.597  0.029% neg 0  invalid 762 tFOTS 0.0000 tGradient 1.8570 tsec 2.1670
#GCMRL#  241 dt 129.472000 rms  0.597  0.026% neg 0  invalid 762 tFOTS 0.0000 tGradient 1.8500 tsec 2.1560
#GCMRL#  242 dt 129.472000 rms  0.597  0.024% neg 0  invalid 762 tFOTS 0.0000 tGradient 1.9710 tsec 2.2910
#GCMRL#  243 dt 129.472000 rms  0.597  0.023% neg 0  invalid 762 tFOTS 0.0000 tGradient 1.9690 tsec 2.3310
#FOTS# QuadFit found better minimum quadopt=(dt=1183.74,rms=0.596924) vs oldopt=(dt=1479.68,rms=0.596928)
#GCMRL#  244 dt 1183.744000 rms  0.597  0.000% neg 0  invalid 762 tFOTS 4.8650 tGradient 1.9720 tsec 7.2180
setting smoothness cost coefficient to 0.031

#GCAMreg# pass 0 level1 4 level2 0 tsec 0 sigma 2
l_jacobian=1.00 l_label=1.00 l_log_likelihood=0.20 l_smoothness=0.03 
tol=5.00e-02, dt=5.00e-02, exp_k=20.0, momentum=0.90, levels=6, niter=500, lbl_dist=10.00, avgs=64, sigma=2.0,type=2, relabel=0, neg=no

blurring input image with Gaussian with sigma=2.000...
GCAMRegisterLevel(): init RMS 0.599717
#FOTS# QuadFit found better minimum quadopt=(dt=113.426,rms=0.596918) vs oldopt=(dt=103.68,rms=0.596926)
#GCMRL#  246 dt 113.425743 rms  0.597  0.467% neg 0  invalid 762 tFOTS 4.2060 tGradient 1.7410 tsec 6.2700
#FOTS# QuadFit found better minimum quadopt=(dt=145.152,rms=0.592593) vs oldopt=(dt=103.68,rms=0.593271)
#GCMRL#  247 dt 145.152000 rms  0.593  0.724% neg 0  invalid 762 tFOTS 4.0330 tGradient 1.5750 tsec 5.9570
#FOTS# QuadFit found better minimum quadopt=(dt=68.6545,rms=0.590703) vs oldopt=(dt=103.68,rms=0.591097)
#GCMRL#  248 dt  68.654545 rms  0.591  0.319% neg 0  invalid 762 tFOTS 4.3180 tGradient 1.6920 tsec 6.3500
#FOTS# QuadFit found better minimum quadopt=(dt=331.776,rms=0.586101) vs oldopt=(dt=414.72,rms=0.586429)
#GCMRL#  249 dt 331.776000 rms  0.586  0.779% neg 0  invalid 762 tFOTS 3.8230 tGradient 1.7780 tsec 5.9670
#FOTS# QuadFit found better minimum quadopt=(dt=61.9683,rms=0.582844) vs oldopt=(dt=25.92,rms=0.583612)
#GCMRL#  250 dt  61.968254 rms  0.583  0.556% neg 0  invalid 762 tFOTS 4.0600 tGradient 1.5310 tsec 5.9360
#FOTS# QuadFit found better minimum quadopt=(dt=145.152,rms=0.580611) vs oldopt=(dt=103.68,rms=0.581022)
#GCMRL#  251 dt 145.152000 rms  0.581  0.383% neg 0  invalid 762 tFOTS 4.3770 tGradient 1.6650 tsec 6.3880
#FOTS# QuadFit found better minimum quadopt=(dt=71.8367,rms=0.579553) vs oldopt=(dt=103.68,rms=0.579739)
#GCMRL#  252 dt  71.836735 rms  0.580  0.182% neg 0  invalid 762 tFOTS 4.6240 tGradient 1.5130 tsec 6.4620
#FOTS# QuadFit found better minimum quadopt=(dt=145.152,rms=0.577708) vs oldopt=(dt=103.68,rms=0.578031)
#GCMRL#  253 dt 145.152000 rms  0.578  0.318% neg 0  invalid 762 tFOTS 3.8400 tGradient 1.4570 tsec 5.6080
#FOTS# QuadFit found better minimum quadopt=(dt=68.4973,rms=0.576797) vs oldopt=(dt=103.68,rms=0.576996)
#GCMRL#  254 dt  68.497297 rms  0.577  0.158% neg 0  invalid 762 tFOTS 4.1900 tGradient 1.4570 tsec 5.9610
#FOTS# QuadFit found better minimum quadopt=(dt=145.152,rms=0.575152) vs oldopt=(dt=103.68,rms=0.575486)
#GCMRL#  255 dt 145.152000 rms  0.575  0.285% neg 0  invalid 762 tFOTS 3.9360 tGradient 1.4840 tsec 5.7220
#FOTS# QuadFit found better minimum quadopt=(dt=82.944,rms=0.574405) vs oldopt=(dt=103.68,rms=0.574493)
#GCMRL#  256 dt  82.944000 rms  0.574  0.130% neg 0  invalid 762 tFOTS 3.7760 tGradient 1.6570 tsec 5.7390
#FOTS# QuadFit found better minimum quadopt=(dt=145.152,rms=0.57312) vs oldopt=(dt=103.68,rms=0.573198)
#GCMRL#  257 dt 145.152000 rms  0.573  0.224% neg 0  invalid 762 tFOTS 4.1160 tGradient 1.5800 tsec 6.0300
#FOTS# QuadFit found better minimum quadopt=(dt=36.288,rms=0.572325) vs oldopt=(dt=25.92,rms=0.57246)
#GCMRL#  258 dt  36.288000 rms  0.572  0.139% neg 0  invalid 762 tFOTS 4.0910 tGradient 1.7710 tsec 6.1870
#FOTS# QuadFit found better minimum quadopt=(dt=248.832,rms=0.571115) vs oldopt=(dt=414.72,rms=0.571475)
#GCMRL#  259 dt 248.832000 rms  0.571  0.211% neg 0  invalid 762 tFOTS 3.7850 tGradient 1.7510 tsec 5.8620
#FOTS# QuadFit found better minimum quadopt=(dt=73.4648,rms=0.569683) vs oldopt=(dt=103.68,rms=0.569927)
#GCMRL#  260 dt  73.464789 rms  0.570  0.251% neg 0  invalid 762 tFOTS 4.0240 tGradient 1.7710 tsec 6.1180
#FOTS# QuadFit found better minimum quadopt=(dt=82.944,rms=0.569171) vs oldopt=(dt=103.68,rms=0.569219)
#GCMRL#  261 dt  82.944000 rms  0.569  0.090% neg 0  invalid 762 tFOTS 3.7600 tGradient 1.5900 tsec 5.6440
#FOTS# QuadFit found better minimum quadopt=(dt=145.152,rms=0.568173) vs oldopt=(dt=103.68,rms=0.568292)
#GCMRL#  262 dt 145.152000 rms  0.568  0.175% neg 0  invalid 762 tFOTS 4.0890 tGradient 1.8230 tsec 6.2500
#FOTS# QuadFit found better minimum quadopt=(dt=36.288,rms=0.567662) vs oldopt=(dt=25.92,rms=0.567752)
#GCMRL#  263 dt  36.288000 rms  0.568  0.090% neg 0  invalid 762 tFOTS 4.1230 tGradient 1.6000 tsec 6.0440
#FOTS# QuadFit found better minimum quadopt=(dt=331.776,rms=0.566645) vs oldopt=(dt=414.72,rms=0.566749)
#GCMRL#  264 dt 331.776000 rms  0.567  0.179% neg 0  invalid 762 tFOTS 3.9580 tGradient 1.5250 tsec 5.7980
#FOTS# QuadFit found better minimum quadopt=(dt=69.2877,rms=0.565232) vs oldopt=(dt=103.68,rms=0.565621)
#GCMRL#  265 dt  69.287749 rms  0.565  0.249% neg 0  invalid 762 tFOTS 4.1520 tGradient 1.5000 tsec 5.9780
#FOTS# QuadFit found better minimum quadopt=(dt=62.208,rms=0.564881) vs oldopt=(dt=103.68,rms=0.564933)
#GCMRL#  266 dt  62.208000 rms  0.565  0.062% neg 0  invalid 762 tFOTS 4.4020 tGradient 1.6360 tsec 6.3910
#FOTS# QuadFit found better minimum quadopt=(dt=580.608,rms=0.562927) vs oldopt=(dt=414.72,rms=0.563092)
#GCMRL#  267 dt 580.608000 rms  0.563  0.346% neg 0  invalid 762 tFOTS 3.9780 tGradient 1.6760 tsec 5.9670
#FOTS# QuadFit found better minimum quadopt=(dt=36.288,rms=0.561621) vs oldopt=(dt=25.92,rms=0.561808)
#GCMRL#  268 dt  36.288000 rms  0.562  0.232% neg 0  invalid 762 tFOTS 3.9710 tGradient 1.5850 tsec 5.8880
#FOTS# QuadFit found better minimum quadopt=(dt=82.944,rms=0.561416) vs oldopt=(dt=103.68,rms=0.561438)
#GCMRL#  269 dt  82.944000 rms  0.561  0.000% neg 0  invalid 762 tFOTS 3.8900 tGradient 1.5600 tsec 5.8210
#GCMRL#  270 dt  82.944000 rms  0.561  0.082% neg 0  invalid 762 tFOTS 0.0000 tGradient 1.5440 tsec 1.8290
#GCMRL#  271 dt  82.944000 rms  0.560  0.119% neg 0  invalid 762 tFOTS 0.0000 tGradient 1.6040 tsec 1.9070
#GCMRL#  272 dt  82.944000 rms  0.559  0.148% neg 0  invalid 762 tFOTS 0.0000 tGradient 1.5520 tsec 1.8600
#GCMRL#  273 dt  82.944000 rms  0.558  0.175% neg 0  invalid 762 tFOTS 0.0000 tGradient 1.6240 tsec 1.9320
#GCMRL#  274 dt  82.944000 rms  0.557  0.236% neg 0  invalid 762 tFOTS 0.0000 tGradient 1.5880 tsec 1.8870
#GCMRL#  275 dt  82.944000 rms  0.556  0.234% neg 0  invalid 762 tFOTS 0.0000 tGradient 1.5540 tsec 1.8610
#GCMRL#  276 dt  82.944000 rms  0.555  0.229% neg 0  invalid 762 tFOTS 0.0000 tGradient 1.5780 tsec 1.8800
#GCMRL#  277 dt  82.944000 rms  0.553  0.206% neg 0  invalid 762 tFOTS 0.0000 tGradient 1.5560 tsec 1.8460
#GCMRL#  278 dt  82.944000 rms  0.552  0.238% neg 0  invalid 762 tFOTS 0.0000 tGradient 1.5500 tsec 1.8500
#GCMRL#  279 dt  82.944000 rms  0.551  0.229% neg 0  invalid 762 tFOTS 0.0000 tGradient 1.5680 tsec 1.8760
#GCMRL#  280 dt  82.944000 rms  0.550  0.205% neg 0  invalid 762 tFOTS 0.0000 tGradient 1.5260 tsec 1.8240
#GCMRL#  281 dt  82.944000 rms  0.549  0.180% neg 0  invalid 762 tFOTS 0.0000 tGradient 1.5660 tsec 1.8670
#GCMRL#  282 dt  82.944000 rms  0.548  0.190% neg 0  invalid 762 tFOTS 0.0000 tGradient 1.5850 tsec 1.8940
#GCMRL#  283 dt  82.944000 rms  0.547  0.188% neg 0  invalid 762 tFOTS 0.0000 tGradient 1.6940 tsec 1.9940
#GCMRL#  284 dt  82.944000 rms  0.546  0.183% neg 0  invalid 762 tFOTS 0.0000 tGradient 1.6420 tsec 1.9500
#GCMRL#  285 dt  82.944000 rms  0.545  0.156% neg 0  invalid 762 tFOTS 0.0000 tGradient 1.5800 tsec 1.8920
#GCMRL#  286 dt  82.944000 rms  0.544  0.158% neg 0  invalid 762 tFOTS 0.0000 tGradient 1.5720 tsec 1.8940
#GCMRL#  287 dt  82.944000 rms  0.543  0.162% neg 0  invalid 762 tFOTS 0.0000 tGradient 1.6970 tsec 2.0320
#GCMRL#  288 dt  82.944000 rms  0.542  0.139% neg 0  invalid 762 tFOTS 0.0000 tGradient 1.7890 tsec 2.1340
#GCMRL#  289 dt  82.944000 rms  0.542  0.115% neg 0  invalid 762 tFOTS 0.0000 tGradient 1.7730 tsec 2.0860
#GCMRL#  290 dt  82.944000 rms  0.541  0.122% neg 0  invalid 762 tFOTS 0.0000 tGradient 1.6060 tsec 1.8920
#GCMRL#  291 dt  82.944000 rms  0.540  0.137% neg 0  invalid 762 tFOTS 0.0000 tGradient 1.5710 tsec 1.8630
#GCMRL#  292 dt  82.944000 rms  0.540  0.109% neg 0  invalid 762 tFOTS 0.0000 tGradient 1.8070 tsec 2.0890
#GCMRL#  293 dt  82.944000 rms  0.539  0.097% neg 0  invalid 762 tFOTS 0.0000 tGradient 1.5800 tsec 1.8980
#GCMRL#  294 dt  82.944000 rms  0.539  0.106% neg 0  invalid 762 tFOTS 0.0000 tGradient 1.5660 tsec 1.8470
#GCMRL#  295 dt  82.944000 rms  0.538  0.119% neg 0  invalid 762 tFOTS 0.0000 tGradient 1.6180 tsec 1.9110
#GCMRL#  296 dt  82.944000 rms  0.537  0.107% neg 0  invalid 762 tFOTS 0.0000 tGradient 1.5620 tsec 1.8460
#GCMRL#  297 dt  82.944000 rms  0.537  0.081% neg 0  invalid 762 tFOTS 0.0000 tGradient 1.6070 tsec 1.8780
#GCMRL#  298 dt  82.944000 rms  0.537  0.082% neg 0  invalid 762 tFOTS 0.0000 tGradient 1.6030 tsec 1.9030
#GCMRL#  299 dt  82.944000 rms  0.536  0.097% neg 0  invalid 762 tFOTS 0.0000 tGradient 1.6460 tsec 1.9590
#GCMRL#  300 dt  82.944000 rms  0.535  0.093% neg 0  invalid 762 tFOTS 0.0000 tGradient 1.8500 tsec 2.2000
#GCMRL#  301 dt  82.944000 rms  0.535  0.066% neg 0  invalid 762 tFOTS 0.0000 tGradient 1.7470 tsec 2.0790
#GCMRL#  302 dt  82.944000 rms  0.535  0.058% neg 0  invalid 762 tFOTS 0.0000 tGradient 1.6980 tsec 2.0330
#GCMRL#  303 dt  82.944000 rms  0.534  0.078% neg 0  invalid 762 tFOTS 0.0000 tGradient 1.6110 tsec 1.8820
#GCMRL#  304 dt  82.944000 rms  0.534  0.086% neg 0  invalid 762 tFOTS 0.0000 tGradient 1.6190 tsec 1.8930
#GCMRL#  305 dt  82.944000 rms  0.534  0.063% neg 0  invalid 762 tFOTS 0.0000 tGradient 1.5940 tsec 1.8590
#GCMRL#  306 dt  82.944000 rms  0.533  0.045% neg 0  invalid 762 tFOTS 0.0000 tGradient 1.5440 tsec 1.8240
#GCMRL#  307 dt  82.944000 rms  0.533  0.044% neg 0  invalid 762 tFOTS 0.0000 tGradient 1.5910 tsec 1.8680
#GCMRL#  308 dt  82.944000 rms  0.533  0.060% neg 0  invalid 762 tFOTS 0.0000 tGradient 1.5460 tsec 1.8230
#GCMRL#  309 dt  82.944000 rms  0.533  0.055% neg 0  invalid 762 tFOTS 0.0000 tGradient 1.5510 tsec 1.8170
#GCMRL#  310 dt  82.944000 rms  0.532  0.046% neg 0  invalid 762 tFOTS 0.0000 tGradient 1.6540 tsec 1.9390
#GCMRL#  311 dt  82.944000 rms  0.532  0.040% neg 0  invalid 762 tFOTS 0.0000 tGradient 1.5100 tsec 1.7800
#GCMRL#  312 dt  82.944000 rms  0.532  0.051% neg 0  invalid 762 tFOTS 0.0000 tGradient 1.5440 tsec 1.8300
#GCMRL#  313 dt  82.944000 rms  0.532  0.051% neg 0  invalid 762 tFOTS 0.0000 tGradient 1.5850 tsec 1.8700
#GCMRL#  314 dt  82.944000 rms  0.531  0.048% neg 0  invalid 762 tFOTS 0.0000 tGradient 1.6120 tsec 1.9070
#GCMRL#  315 dt  82.944000 rms  0.531  0.036% neg 0  invalid 762 tFOTS 0.0000 tGradient 1.7530 tsec 2.1000
#GCMRL#  316 dt  82.944000 rms  0.531  0.032% neg 0  invalid 762 tFOTS 0.0000 tGradient 1.7620 tsec 2.1110
#GCMRL#  317 dt  82.944000 rms  0.531  0.044% neg 0  invalid 762 tFOTS 0.0000 tGradient 1.6930 tsec 2.0500
#GCMRL#  318 dt  82.944000 rms  0.530  0.044% neg 0  invalid 762 tFOTS 0.0000 tGradient 1.7580 tsec 2.0590
#GCMRL#  319 dt  82.944000 rms  0.530  0.040% neg 0  invalid 762 tFOTS 0.0000 tGradient 1.6060 tsec 1.8870
#GCMRL#  320 dt  82.944000 rms  0.530  0.021% neg 0  invalid 762 tFOTS 0.0000 tGradient 1.5150 tsec 1.8030
#GCMRL#  321 dt  82.944000 rms  0.530  0.037% neg 0  invalid 762 tFOTS 0.0000 tGradient 1.6170 tsec 1.9400
#GCMRL#  322 dt  82.944000 rms  0.530  0.031% neg 0  invalid 762 tFOTS 0.0000 tGradient 1.6080 tsec 1.9190
#GCMRL#  323 dt  82.944000 rms  0.530  0.032% neg 0  invalid 762 tFOTS 0.0000 tGradient 1.6360 tsec 1.9540
#GCMRL#  324 dt  82.944000 rms  0.529  0.037% neg 0  invalid 762 tFOTS 0.0000 tGradient 1.5580 tsec 1.8680
#GCMRL#  325 dt  82.944000 rms  0.529  0.030% neg 0  invalid 762 tFOTS 0.0000 tGradient 1.5640 tsec 1.8610
#GCMRL#  326 dt  82.944000 rms  0.529  0.022% neg 0  invalid 762 tFOTS 0.0000 tGradient 1.5230 tsec 1.8140
#GCMRL#  327 dt  82.944000 rms  0.529  0.029% neg 0  invalid 762 tFOTS 0.0000 tGradient 1.4840 tsec 1.7760
#GCMRL#  328 dt  82.944000 rms  0.529  0.031% neg 0  invalid 762 tFOTS 0.0000 tGradient 1.5280 tsec 1.8260
#GCMRL#  329 dt  82.944000 rms  0.529  0.025% neg 0  invalid 762 tFOTS 0.0000 tGradient 1.5030 tsec 1.7730
#GCMRL#  330 dt  82.944000 rms  0.529  0.027% neg 0  invalid 762 tFOTS 0.0000 tGradient 1.4990 tsec 1.7850
#GCMRL#  331 dt  82.944000 rms  0.528  0.028% neg 0  invalid 762 tFOTS 0.0000 tGradient 1.5430 tsec 1.8460
#GCMRL#  332 dt  82.944000 rms  0.528  0.028% neg 0  invalid 762 tFOTS 0.0000 tGradient 1.5710 tsec 1.8750
#GCMRL#  333 dt  82.944000 rms  0.528  0.030% neg 0  invalid 762 tFOTS 0.0000 tGradient 1.6370 tsec 1.9380
#GCMRL#  334 dt  82.944000 rms  0.528  0.031% neg 0  invalid 762 tFOTS 0.0000 tGradient 1.5480 tsec 1.8390
#GCMRL#  335 dt  82.944000 rms  0.528  0.026% neg 0  invalid 762 tFOTS 0.0000 tGradient 1.5260 tsec 1.8160
#GCMRL#  336 dt  82.944000 rms  0.528  0.027% neg 0  invalid 762 tFOTS 0.0000 tGradient 1.6340 tsec 1.9260
#GCMRL#  337 dt  82.944000 rms  0.527  0.028% neg 0  invalid 762 tFOTS 0.0000 tGradient 1.7330 tsec 2.0240
#GCMRL#  338 dt  82.944000 rms  0.527  0.027% neg 0  invalid 762 tFOTS 0.0000 tGradient 1.5050 tsec 1.7760
#GCMRL#  339 dt  82.944000 rms  0.527  0.021% neg 0  invalid 762 tFOTS 0.0000 tGradient 1.5450 tsec 1.8270
#GCMRL#  340 dt  82.944000 rms  0.527  0.023% neg 0  invalid 762 tFOTS 0.0000 tGradient 1.6720 tsec 1.9540
#GCMRL#  341 dt  82.944000 rms  0.527  0.025% neg 0  invalid 762 tFOTS 0.0000 tGradient 1.5620 tsec 1.8330
#GCMRL#  342 dt  82.944000 rms  0.527  0.027% neg 0  invalid 762 tFOTS 0.0000 tGradient 1.3930 tsec 1.6640
#GCMRL#  343 dt  82.944000 rms  0.527  0.022% neg 0  invalid 762 tFOTS 0.0000 tGradient 1.5010 tsec 1.7840
#GCMRL#  344 dt  82.944000 rms  0.527  0.020% neg 0  invalid 762 tFOTS 0.0000 tGradient 1.4380 tsec 1.7310
#FOTS# QuadFit found better minimum quadopt=(dt=124.416,rms=0.526595) vs oldopt=(dt=103.68,rms=0.526596)
#GCMRL#  345 dt 124.416000 rms  0.527  0.000% neg 0  invalid 762 tFOTS 4.1790 tGradient 1.5380 tsec 6.0440
#GCMRL#  346 dt 124.416000 rms  0.527  0.000% neg 0  invalid 762 tFOTS 0.0000 tGradient 1.5580 tsec 1.8340
#GCMRL#  347 dt 124.416000 rms  0.527  0.011% neg 0  invalid 762 tFOTS 0.0000 tGradient 1.5650 tsec 1.8510
#GCMRL#  348 dt 124.416000 rms  0.527  0.000% neg 0  invalid 762 tFOTS 0.0000 tGradient 1.5550 tsec 1.8240
#GCMRL#  349 dt 124.416000 rms  0.527  0.006% neg 0  invalid 762 tFOTS 0.0000 tGradient 1.5730 tsec 1.8670
#GCMRL#  350 dt 124.416000 rms  0.526  0.025% neg 0  invalid 762 tFOTS 0.0000 tGradient 1.5700 tsec 1.8390

#GCAMreg# pass 0 level1 4 level2 1 tsec 311.814 sigma 0.5
l_jacobian=1.00 l_label=1.00 l_log_likelihood=0.20 l_smoothness=0.03 
tol=5.00e-02, dt=5.00e-02, exp_k=20.0, momentum=0.90, levels=6, niter=500, lbl_dist=10.00, avgs=64, sigma=0.5,type=2, relabel=0, neg=no

blurring input image with Gaussian with sigma=0.500...
GCAMRegisterLevel(): init RMS 0.52692
#GCMRL#  352 dt 103.680000 rms  0.525  0.295% neg 0  invalid 762 tFOTS 3.8760 tGradient 1.4790 tsec 5.6740
#FOTS# QuadFit found better minimum quadopt=(dt=82.944,rms=0.524814) vs oldopt=(dt=103.68,rms=0.52488)
#GCMRL#  353 dt  82.944000 rms  0.525  0.105% neg 0  invalid 762 tFOTS 4.2150 tGradient 1.5530 tsec 6.0950
#FOTS# QuadFit found better minimum quadopt=(dt=36.288,rms=0.524613) vs oldopt=(dt=25.92,rms=0.524656)
#GCMRL#  354 dt  36.288000 rms  0.525  0.000% neg 0  invalid 762 tFOTS 4.4220 tGradient 1.7680 tsec 6.5370
#GCMRL#  355 dt  36.288000 rms  0.524  0.023% neg 0  invalid 762 tFOTS 0.0000 tGradient 1.5650 tsec 1.8460
#GCMRL#  356 dt  36.288000 rms  0.524  0.034% neg 0  invalid 762 tFOTS 0.0000 tGradient 1.5850 tsec 1.8590
#GCMRL#  357 dt  36.288000 rms  0.524  0.042% neg 0  invalid 762 tFOTS 0.0000 tGradient 1.5070 tsec 1.7960
#GCMRL#  358 dt  36.288000 rms  0.524  0.051% neg 0  invalid 762 tFOTS 0.0000 tGradient 1.5400 tsec 1.8320
#GCMRL#  359 dt  36.288000 rms  0.524  0.050% neg 0  invalid 762 tFOTS 0.0000 tGradient 1.5510 tsec 1.8350
#GCMRL#  360 dt  36.288000 rms  0.523  0.044% neg 0  invalid 762 tFOTS 0.0000 tGradient 1.5980 tsec 1.8910
#GCMRL#  361 dt  36.288000 rms  0.523  0.034% neg 0  invalid 762 tFOTS 0.0000 tGradient 1.4910 tsec 1.7700
#GCMRL#  362 dt  36.288000 rms  0.523  0.027% neg 0  invalid 762 tFOTS 0.0000 tGradient 1.5190 tsec 1.8200
#GCMRL#  363 dt  36.288000 rms  0.523  0.024% neg 0  invalid 762 tFOTS 0.0000 tGradient 1.5820 tsec 1.8820
#GCMRL#  364 dt  36.288000 rms  0.523  0.022% neg 0  invalid 762 tFOTS 0.0000 tGradient 1.5780 tsec 1.8900
#FOTS# QuadFit found better minimum quadopt=(dt=331.776,rms=0.522552) vs oldopt=(dt=414.72,rms=0.522555)
#GCMRL#  365 dt 331.776000 rms  0.523  0.043% neg 0  invalid 762 tFOTS 4.4000 tGradient 1.6100 tsec 6.3260
#FOTS# QuadFit found better minimum quadopt=(dt=31.104,rms=0.522493) vs oldopt=(dt=25.92,rms=0.522495)
#GCMRL#  366 dt  31.104000 rms  0.522  0.000% neg 0  invalid 762 tFOTS 4.5680 tGradient 1.5660 tsec 6.5040
#GCMRL#  367 dt  31.104000 rms  0.522  0.003% neg 0  invalid 762 tFOTS 0.0000 tGradient 1.6430 tsec 1.9760
#GCMRL#  368 dt  31.104000 rms  0.522  0.006% neg 0  invalid 762 tFOTS 0.0000 tGradient 1.7140 tsec 2.0320
#GCMRL#  369 dt  31.104000 rms  0.522  0.007% neg 0  invalid 762 tFOTS 0.0000 tGradient 1.6030 tsec 1.9000
#GCMRL#  370 dt  31.104000 rms  0.522  0.013% neg 0  invalid 762 tFOTS 0.0000 tGradient 1.5850 tsec 1.8850
#GCMRL#  371 dt  31.104000 rms  0.522  0.014% neg 0  invalid 762 tFOTS 0.0000 tGradient 1.5150 tsec 1.8130
#GCMRL#  372 dt  31.104000 rms  0.522  0.015% neg 0  invalid 762 tFOTS 0.0000 tGradient 1.5040 tsec 1.7840
#GCMRL#  373 dt  31.104000 rms  0.522  0.015% neg 0  invalid 762 tFOTS 0.0000 tGradient 1.5100 tsec 1.7940
setting smoothness cost coefficient to 0.118

#GCAMreg# pass 0 level1 3 level2 0 tsec 0 sigma 2
l_jacobian=1.00 l_label=1.00 l_log_likelihood=0.20 l_smoothness=0.12 
tol=5.00e-02, dt=5.00e-02, exp_k=20.0, momentum=0.90, levels=6, niter=500, lbl_dist=10.00, avgs=16, sigma=2.0,type=2, relabel=0, neg=no

blurring input image with Gaussian with sigma=2.000...
GCAMRegisterLevel(): init RMS 0.537262
#GCMRL#  375 dt  32.000000 rms  0.535  0.418% neg 0  invalid 762 tFOTS 4.2840 tGradient 1.4640 tsec 6.0810
#FOTS# QuadFit found better minimum quadopt=(dt=101.801,rms=0.530734) vs oldopt=(dt=128,rms=0.53107)
#GCMRL#  376 dt 101.801170 rms  0.531  0.800% neg 0  invalid 762 tFOTS 4.2220 tGradient 1.3650 tsec 5.8780
#GCMRL#  377 dt  32.000000 rms  0.528  0.460% neg 0  invalid 762 tFOTS 4.3120 tGradient 1.4970 tsec 6.1550
#FOTS# QuadFit found better minimum quadopt=(dt=64.5664,rms=0.525372) vs oldopt=(dt=32,rms=0.525891)
#GCMRL#  378 dt  64.566372 rms  0.525  0.553% neg 0  invalid 762 tFOTS 4.2820 tGradient 1.5950 tsec 6.1970
#FOTS# QuadFit found better minimum quadopt=(dt=23.8351,rms=0.523273) vs oldopt=(dt=32,rms=0.523543)
#GCMRL#  379 dt  23.835052 rms  0.523  0.400% neg 0  invalid 762 tFOTS 4.3350 tGradient 1.5530 tsec 6.1970
#FOTS# QuadFit found better minimum quadopt=(dt=153.6,rms=0.519958) vs oldopt=(dt=128,rms=0.520021)
#GCMRL#  380 dt 153.600000 rms  0.520  0.633% neg 0  invalid 762 tFOTS 4.0850 tGradient 1.5990 tsec 6.0000
#FOTS# QuadFit found better minimum quadopt=(dt=23.9179,rms=0.517488) vs oldopt=(dt=32,rms=0.517806)
#GCMRL#  381 dt  23.917864 rms  0.517  0.475% neg 0  invalid 762 tFOTS 4.1000 tGradient 1.4080 tsec 5.8170
#FOTS# QuadFit found better minimum quadopt=(dt=80.6361,rms=0.515674) vs oldopt=(dt=128,rms=0.516094)
#GCMRL#  382 dt  80.636086 rms  0.516  0.351% neg 0  invalid 762 tFOTS 3.5440 tGradient 1.5250 tsec 5.3930
#FOTS# QuadFit found better minimum quadopt=(dt=24,rms=0.514815) vs oldopt=(dt=32,rms=0.514969)
#GCMRL#  383 dt  24.000000 rms  0.515  0.167% neg 0  invalid 762 tFOTS 3.7770 tGradient 1.5500 tsec 5.6360
#FOTS# QuadFit found better minimum quadopt=(dt=44.8,rms=0.5139) vs oldopt=(dt=32,rms=0.514055)
#GCMRL#  384 dt  44.800000 rms  0.514  0.178% neg 0  invalid 762 tFOTS 3.5770 tGradient 1.6110 tsec 5.4930
#FOTS# QuadFit found better minimum quadopt=(dt=44.8,rms=0.513283) vs oldopt=(dt=32,rms=0.513313)
#GCMRL#  385 dt  44.800000 rms  0.513  0.120% neg 0  invalid 762 tFOTS 3.2630 tGradient 1.4360 tsec 5.0040
#GCMRL#  386 dt  32.000000 rms  0.513  0.124% neg 0  invalid 762 tFOTS 3.5110 tGradient 1.4140 tsec 5.2180
#FOTS# QuadFit found better minimum quadopt=(dt=38.4,rms=0.512036) vs oldopt=(dt=32,rms=0.512043)
#GCMRL#  387 dt  38.400000 rms  0.512  0.119% neg 0  invalid 762 tFOTS 3.4130 tGradient 1.3970 tsec 5.0910
#GCMRL#  388 dt  32.000000 rms  0.512  0.090% neg 0  invalid 762 tFOTS 3.6450 tGradient 1.4300 tsec 5.3630
#FOTS# QuadFit found better minimum quadopt=(dt=38.4,rms=0.51098) vs oldopt=(dt=32,rms=0.510992)
#GCMRL#  389 dt  38.400000 rms  0.511  0.116% neg 0  invalid 762 tFOTS 3.8050 tGradient 1.5930 tsec 5.6840
#FOTS# QuadFit found better minimum quadopt=(dt=25.6,rms=0.510624) vs oldopt=(dt=32,rms=0.51063)
#GCMRL#  390 dt  25.600000 rms  0.511  0.070% neg 0  invalid 762 tFOTS 3.4790 tGradient 1.4460 tsec 5.1920
#FOTS# QuadFit found better minimum quadopt=(dt=44.8,rms=0.509988) vs oldopt=(dt=32,rms=0.510099)
#GCMRL#  391 dt  44.800000 rms  0.510  0.124% neg 0  invalid 762 tFOTS 3.2110 tGradient 1.4390 tsec 4.9230
#FOTS# QuadFit found better minimum quadopt=(dt=25.6,rms=0.509788) vs oldopt=(dt=32,rms=0.509796)
#GCMRL#  392 dt  25.600000 rms  0.510  0.000% neg 0  invalid 762 tFOTS 4.1230 tGradient 1.5010 tsec 5.9520
#GCMRL#  393 dt  25.600000 rms  0.509  0.089% neg 0  invalid 762 tFOTS 0.0000 tGradient 1.3700 tsec 1.6480
#GCMRL#  394 dt  25.600000 rms  0.509  0.104% neg 0  invalid 762 tFOTS 0.0000 tGradient 1.4260 tsec 1.7100
#GCMRL#  395 dt  25.600000 rms  0.508  0.137% neg 0  invalid 762 tFOTS 0.0000 tGradient 1.4710 tsec 1.7210
#GCMRL#  396 dt  25.600000 rms  0.507  0.187% neg 0  invalid 762 tFOTS 0.0000 tGradient 1.4880 tsec 1.7660
#GCMRL#  397 dt  25.600000 rms  0.506  0.219% neg 0  invalid 762 tFOTS 0.0000 tGradient 1.5290 tsec 1.8020
#GCMRL#  398 dt  25.600000 rms  0.505  0.203% neg 0  invalid 762 tFOTS 0.0000 tGradient 1.4160 tsec 1.6820
#GCMRL#  399 dt  25.600000 rms  0.504  0.196% neg 0  invalid 762 tFOTS 0.0000 tGradient 1.5090 tsec 1.7860
#GCMRL#  400 dt  25.600000 rms  0.503  0.218% neg 0  invalid 762 tFOTS 0.0000 tGradient 1.4300 tsec 1.6840
#GCMRL#  401 dt  25.600000 rms  0.502  0.216% neg 0  invalid 762 tFOTS 0.0000 tGradient 1.4360 tsec 1.6870
#GCMRL#  402 dt  25.600000 rms  0.501  0.186% neg 0  invalid 762 tFOTS 0.0000 tGradient 1.4420 tsec 1.6830
#GCMRL#  403 dt  25.600000 rms  0.500  0.169% neg 0  invalid 762 tFOTS 0.0000 tGradient 1.4100 tsec 1.6540
#GCMRL#  404 dt  25.600000 rms  0.499  0.173% neg 0  invalid 762 tFOTS 0.0000 tGradient 1.4200 tsec 1.6590
#GCMRL#  405 dt  25.600000 rms  0.498  0.159% neg 0  invalid 762 tFOTS 0.0000 tGradient 1.4510 tsec 1.6970
#GCMRL#  406 dt  25.600000 rms  0.498  0.128% neg 0  invalid 762 tFOTS 0.0000 tGradient 1.3930 tsec 1.6430
#GCMRL#  407 dt  25.600000 rms  0.497  0.115% neg 0  invalid 762 tFOTS 0.0000 tGradient 1.3650 tsec 1.6190
#GCMRL#  408 dt  25.600000 rms  0.497  0.115% neg 0  invalid 762 tFOTS 0.0000 tGradient 1.5550 tsec 1.8290
#GCMRL#  409 dt  25.600000 rms  0.496  0.116% neg 0  invalid 762 tFOTS 0.0000 tGradient 1.5590 tsec 1.8300
#GCMRL#  410 dt  25.600000 rms  0.496  0.093% neg 0  invalid 762 tFOTS 0.0000 tGradient 1.5600 tsec 1.8340
#GCMRL#  411 dt  25.600000 rms  0.495  0.081% neg 0  invalid 762 tFOTS 0.0000 tGradient 1.5530 tsec 1.8330
#GCMRL#  412 dt  25.600000 rms  0.495  0.011% neg 0  invalid 762 tFOTS 0.0000 tGradient 1.4470 tsec 1.8790
#GCMRL#  413 dt  25.600000 rms  0.495 -0.005% neg 0  invalid 762 tFOTS 0.0000 tGradient 1.3200 tsec 1.9460
#FOTS# QuadFit found better minimum quadopt=(dt=0.6,rms=0.495141) vs oldopt=(dt=0.5,rms=0.495141)
#GCMRL#  414 dt   0.600000 rms  0.495  0.000% neg 0  invalid 762 tFOTS 3.5340 tGradient 1.6080 tsec 5.4430
#FOTS# QuadFit found better minimum quadopt=(dt=6.4,rms=0.49514) vs oldopt=(dt=8,rms=0.49514)
#GCMRL#  415 dt   6.400000 rms  0.495  0.000% neg 0  invalid 762 tFOTS 3.6460 tGradient 1.3590 tsec 5.3080
#FOTS# QuadFit found better minimum quadopt=(dt=44.8,rms=0.495129) vs oldopt=(dt=32,rms=0.49513)
#GCMRL#  416 dt  44.800000 rms  0.495  0.002% neg 0  invalid 762 tFOTS 3.7350 tGradient 1.4450 tsec 5.5160
#FOTS# QuadFit found better minimum quadopt=(dt=2.8,rms=0.495095) vs oldopt=(dt=2,rms=0.495097)
#GCMRL#  417 dt   2.800000 rms  0.495  0.007% neg 0  invalid 762 tFOTS 3.3290 tGradient 1.4830 tsec 5.1160

#GCAMreg# pass 0 level1 3 level2 1 tsec 171.937 sigma 0.5
l_jacobian=1.00 l_label=1.00 l_log_likelihood=0.20 l_smoothness=0.12 
tol=5.00e-02, dt=5.00e-02, exp_k=20.0, momentum=0.90, levels=6, niter=500, lbl_dist=10.00, avgs=16, sigma=0.5,type=2, relabel=0, neg=no

blurring input image with Gaussian with sigma=0.500...
GCAMRegisterLevel(): init RMS 0.49561
#FOTS# QuadFit found better minimum quadopt=(dt=44.8,rms=0.493312) vs oldopt=(dt=32,rms=0.493473)
#GCMRL#  419 dt  44.800000 rms  0.493  0.464% neg 0  invalid 762 tFOTS 3.8990 tGradient 1.3760 tsec 5.5600
#FOTS# QuadFit found better minimum quadopt=(dt=25.6,rms=0.492856) vs oldopt=(dt=32,rms=0.492883)
#GCMRL#  420 dt  25.600000 rms  0.493  0.092% neg 0  invalid 762 tFOTS 3.7950 tGradient 1.3780 tsec 5.4860
#FOTS# QuadFit found better minimum quadopt=(dt=38.4,rms=0.492487) vs oldopt=(dt=32,rms=0.492489)
#GCMRL#  421 dt  38.400000 rms  0.492  0.075% neg 0  invalid 762 tFOTS 4.4090 tGradient 1.5050 tsec 6.2520
#FOTS# QuadFit found better minimum quadopt=(dt=25.6,rms=0.492277) vs oldopt=(dt=32,rms=0.492308)
#GCMRL#  422 dt  25.600000 rms  0.492  0.000% neg 0  invalid 762 tFOTS 3.9650 tGradient 1.5820 tsec 5.8670
#GCMRL#  423 dt  25.600000 rms  0.492  0.053% neg 0  invalid 762 tFOTS 0.0000 tGradient 1.3600 tsec 1.6190
#GCMRL#  424 dt  25.600000 rms  0.492  0.045% neg 0  invalid 762 tFOTS 0.0000 tGradient 1.4250 tsec 1.6840
#GCMRL#  425 dt  25.600000 rms  0.491  0.062% neg 0  invalid 762 tFOTS 0.0000 tGradient 1.3700 tsec 1.6610
#GCMRL#  426 dt  25.600000 rms  0.491  0.054% neg 0  invalid 762 tFOTS 0.0000 tGradient 1.3590 tsec 1.6130
#GCMRL#  427 dt  25.600000 rms  0.491  0.052% neg 0  invalid 762 tFOTS 0.0000 tGradient 1.4120 tsec 1.6880
#GCMRL#  428 dt  25.600000 rms  0.491  0.018% neg 0  invalid 762 tFOTS 0.0000 tGradient 1.3530 tsec 1.6180
#GCMRL#  429 dt  25.600000 rms  0.491  0.033% neg 0  invalid 762 tFOTS 0.0000 tGradient 1.4000 tsec 1.6720
#GCMRL#  430 dt  25.600000 rms  0.491  0.035% neg 0  invalid 762 tFOTS 0.0000 tGradient 1.3870 tsec 1.6610
#GCMRL#  431 dt  25.600000 rms  0.490  0.038% neg 0  invalid 762 tFOTS 0.0000 tGradient 1.4490 tsec 1.7320
#GCMRL#  432 dt  25.600000 rms  0.490  0.035% neg 0  invalid 762 tFOTS 0.0000 tGradient 1.5120 tsec 1.8390
#GCMRL#  433 dt  25.600000 rms  0.490  0.044% neg 0  invalid 762 tFOTS 0.0000 tGradient 1.5960 tsec 1.9330
#GCMRL#  434 dt  25.600000 rms  0.490  0.054% neg 0  invalid 762 tFOTS 0.0000 tGradient 1.5830 tsec 1.9040
#GCMRL#  435 dt  25.600000 rms  0.489  0.056% neg 0  invalid 762 tFOTS 0.0000 tGradient 1.5170 tsec 1.8230
#GCMRL#  436 dt  25.600000 rms  0.489  0.048% neg 0  invalid 762 tFOTS 0.0000 tGradient 1.4800 tsec 1.7650
#GCMRL#  437 dt  25.600000 rms  0.489  0.050% neg 0  invalid 762 tFOTS 0.0000 tGradient 1.3380 tsec 1.6070
#GCMRL#  438 dt  25.600000 rms  0.489  0.062% neg 0  invalid 762 tFOTS 0.0000 tGradient 1.4860 tsec 1.7770
#GCMRL#  439 dt  25.600000 rms  0.488  0.058% neg 0  invalid 762 tFOTS 0.0000 tGradient 1.4770 tsec 1.7800
#GCMRL#  440 dt  25.600000 rms  0.488  0.056% neg 0  invalid 762 tFOTS 0.0000 tGradient 1.4990 tsec 1.8070
#GCMRL#  441 dt  25.600000 rms  0.488  0.048% neg 0  invalid 762 tFOTS 0.0000 tGradient 1.5560 tsec 1.8890
#GCMRL#  442 dt  25.600000 rms  0.488  0.050% neg 0  invalid 762 tFOTS 0.0000 tGradient 1.3770 tsec 1.6610
#GCMRL#  443 dt  25.600000 rms  0.487  0.047% neg 0  invalid 762 tFOTS 0.0000 tGradient 1.3550 tsec 1.6430
#GCMRL#  444 dt  25.600000 rms  0.487  0.044% neg 0  invalid 762 tFOTS 0.0000 tGradient 1.3390 tsec 1.6410
#GCMRL#  445 dt  25.600000 rms  0.487  0.052% neg 0  invalid 762 tFOTS 0.0000 tGradient 1.3270 tsec 1.6160
#GCMRL#  446 dt  25.600000 rms  0.487  0.054% neg 0  invalid 762 tFOTS 0.0000 tGradient 1.3810 tsec 1.6630
#GCMRL#  447 dt  25.600000 rms  0.486  0.055% neg 0  invalid 762 tFOTS 0.0000 tGradient 1.5910 tsec 1.8990
#GCMRL#  448 dt  25.600000 rms  0.486  0.051% neg 0  invalid 762 tFOTS 0.0000 tGradient 1.3940 tsec 1.7980
#GCMRL#  449 dt  25.600000 rms  0.486  0.049% neg 0  invalid 762 tFOTS 0.0000 tGradient 1.4480 tsec 1.7090
#GCMRL#  450 dt  25.600000 rms  0.486  0.049% neg 0  invalid 762 tFOTS 0.0000 tGradient 1.3790 tsec 1.6390
#GCMRL#  451 dt  25.600000 rms  0.485  0.045% neg 0  invalid 762 tFOTS 0.0000 tGradient 1.4570 tsec 1.7090
#GCMRL#  452 dt  25.600000 rms  0.485  0.041% neg 0  invalid 762 tFOTS 0.0000 tGradient 1.2760 tsec 1.5270
#GCMRL#  453 dt  25.600000 rms  0.485  0.037% neg 0  invalid 762 tFOTS 0.0000 tGradient 1.3270 tsec 1.5790
#GCMRL#  454 dt  25.600000 rms  0.485  0.032% neg 0  invalid 762 tFOTS 0.0000 tGradient 1.3770 tsec 1.6270
#GCMRL#  455 dt  25.600000 rms  0.485  0.035% neg 0  invalid 762 tFOTS 0.0000 tGradient 1.3610 tsec 1.6170
#GCMRL#  456 dt  25.600000 rms  0.485  0.028% neg 0  invalid 762 tFOTS 0.0000 tGradient 1.3310 tsec 1.5810
#GCMRL#  457 dt  25.600000 rms  0.484  0.030% neg 0  invalid 762 tFOTS 0.0000 tGradient 1.4000 tsec 1.6470
#GCMRL#  458 dt  25.600000 rms  0.484  0.033% neg 0  invalid 762 tFOTS 0.0000 tGradient 1.4670 tsec 1.7460
#GCMRL#  459 dt  25.600000 rms  0.484  0.029% neg 0  invalid 762 tFOTS 0.0000 tGradient 1.4890 tsec 1.7650
#GCMRL#  460 dt  25.600000 rms  0.484  0.029% neg 0  invalid 762 tFOTS 0.0000 tGradient 1.4190 tsec 1.6740
#GCMRL#  461 dt  25.600000 rms  0.484  0.026% neg 0  invalid 762 tFOTS 0.0000 tGradient 1.2930 tsec 1.5390
#GCMRL#  462 dt  25.600000 rms  0.484  0.024% neg 0  invalid 762 tFOTS 0.0000 tGradient 1.2920 tsec 1.5520
#GCMRL#  463 dt  25.600000 rms  0.484  0.019% neg 0  invalid 762 tFOTS 0.0000 tGradient 1.3000 tsec 1.5720
#GCMRL#  464 dt  32.000000 rms  0.484  0.000% neg 0  invalid 762 tFOTS 3.9750 tGradient 1.3350 tsec 5.6440
#GCMRL#  465 dt  32.000000 rms  0.484  0.002% neg 0  invalid 762 tFOTS 0.0000 tGradient 1.3990 tsec 1.6690
#GCMRL#  466 dt  32.000000 rms  0.484  0.008% neg 0  invalid 762 tFOTS 0.0000 tGradient 1.5220 tsec 1.8200
#GCMRL#  467 dt  32.000000 rms  0.484  0.004% neg 0  invalid 762 tFOTS 0.0000 tGradient 1.5970 tsec 1.8930
setting smoothness cost coefficient to 0.400

#GCAMreg# pass 0 level1 2 level2 0 tsec 0 sigma 2
l_jacobian=1.00 l_label=1.00 l_log_likelihood=0.20 l_smoothness=0.40 
tol=5.00e-02, dt=5.00e-02, exp_k=20.0, momentum=0.90, levels=6, niter=500, lbl_dist=10.00, avgs=4, sigma=2.0,type=2, relabel=0, neg=no

blurring input image with Gaussian with sigma=2.000...
GCAMRegisterLevel(): init RMS 0.512303
#GCMRL#  469 dt   0.000000 rms  0.512  0.089% neg 0  invalid 762 tFOTS 3.5700 tGradient 1.2740 tsec 5.1280
#GCMRL#  470 dt   0.150000 rms  0.512  0.000% neg 0  invalid 762 tFOTS 4.2690 tGradient 1.4420 tsec 6.3030

#GCAMreg# pass 0 level1 2 level2 1 tsec 21.422 sigma 0.5
l_jacobian=1.00 l_label=1.00 l_log_likelihood=0.20 l_smoothness=0.40 
tol=5.00e-02, dt=5.00e-02, exp_k=20.0, momentum=0.90, levels=6, niter=500, lbl_dist=10.00, avgs=4, sigma=0.5,type=2, relabel=0, neg=no

blurring input image with Gaussian with sigma=0.500...
GCAMRegisterLevel(): init RMS 0.512303
#GCMRL#  472 dt   0.000000 rms  0.512  0.089% neg 0  invalid 762 tFOTS 4.1960 tGradient 1.4470 tsec 5.9740
#GCMRL#  473 dt   0.150000 rms  0.512  0.000% neg 0  invalid 762 tFOTS 4.0270 tGradient 1.3790 tsec 5.9500
setting smoothness cost coefficient to 1.000

#GCAMreg# pass 0 level1 1 level2 0 tsec 0 sigma 2
l_jacobian=1.00 l_label=1.00 l_log_likelihood=0.20 l_smoothness=1.00 
tol=5.00e-02, dt=5.00e-02, exp_k=20.0, momentum=0.90, levels=6, niter=500, lbl_dist=10.00, avgs=1, sigma=2.0,type=2, relabel=0, neg=no

blurring input image with Gaussian with sigma=2.000...
GCAMRegisterLevel(): init RMS 0.567701
#FOTS# QuadFit found better minimum quadopt=(dt=1.792,rms=0.561013) vs oldopt=(dt=1.28,rms=0.561475)
#GCMRL#  475 dt   1.792000 rms  0.561  1.178% neg 0  invalid 762 tFOTS 4.5530 tGradient 1.4420 tsec 6.3370
#FOTS# QuadFit found better minimum quadopt=(dt=0.384,rms=0.560877) vs oldopt=(dt=0.32,rms=0.560883)
#GCMRL#  476 dt   0.384000 rms  0.561  0.000% neg 0  invalid 762 tFOTS 4.2940 tGradient 1.4570 tsec 6.1170

#GCAMreg# pass 0 level1 1 level2 1 tsec 22.297 sigma 0.5
l_jacobian=1.00 l_label=1.00 l_log_likelihood=0.20 l_smoothness=1.00 
tol=5.00e-02, dt=5.00e-02, exp_k=20.0, momentum=0.90, levels=6, niter=500, lbl_dist=10.00, avgs=1, sigma=0.5,type=2, relabel=0, neg=no

blurring input image with Gaussian with sigma=0.500...
GCAMRegisterLevel(): init RMS 0.561259
#FOTS# QuadFit found better minimum quadopt=(dt=0.448,rms=0.560561) vs oldopt=(dt=0.32,rms=0.560621)
#GCMRL#  478 dt   0.448000 rms  0.561  0.124% neg 0  invalid 762 tFOTS 4.1480 tGradient 1.2630 tsec 5.7540
#FOTS# QuadFit found better minimum quadopt=(dt=0.384,rms=0.560476) vs oldopt=(dt=0.32,rms=0.560477)
#GCMRL#  479 dt   0.384000 rms  0.560  0.000% neg 0  invalid 762 tFOTS 4.1620 tGradient 1.3980 tsec 5.9220
resetting metric properties...
setting smoothness cost coefficient to 2.000

#GCAMreg# pass 0 level1 0 level2 0 tsec 0 sigma 2
l_jacobian=1.00 l_label=1.00 l_log_likelihood=0.20 l_smoothness=2.00 
tol=5.00e-02, dt=5.00e-02, exp_k=20.0, momentum=0.90, levels=6, niter=500, lbl_dist=10.00, avgs=0, sigma=2.0,type=2, relabel=0, neg=no

blurring input image with Gaussian with sigma=2.000...
GCAMRegisterLevel(): init RMS 0.501223
#FOTS# QuadFit found better minimum quadopt=(dt=0.448,rms=0.489894) vs oldopt=(dt=0.32,rms=0.492854)
#GCMRL#  481 dt   0.448000 rms  0.490  2.260% neg 0  invalid 762 tFOTS 4.2650 tGradient 0.7970 tsec 5.4160
#FOTS# QuadFit found better minimum quadopt=(dt=0.448,rms=0.487168) vs oldopt=(dt=0.32,rms=0.487922)
#GCMRL#  482 dt   0.448000 rms  0.487  0.557% neg 0  invalid 762 tFOTS 4.0160 tGradient 0.8110 tsec 5.1790
#FOTS# QuadFit found better minimum quadopt=(dt=0.448,rms=0.485433) vs oldopt=(dt=0.32,rms=0.485916)
#GCMRL#  483 dt   0.448000 rms  0.485  0.356% neg 0  invalid 762 tFOTS 4.1310 tGradient 0.8420 tsec 5.3180
#FOTS# QuadFit found better minimum quadopt=(dt=0.448,rms=0.484305) vs oldopt=(dt=0.32,rms=0.48462)
#GCMRL#  484 dt   0.448000 rms  0.484  0.232% neg 0  invalid 762 tFOTS 4.1660 tGradient 0.8840 tsec 5.3780
#FOTS# QuadFit found better minimum quadopt=(dt=0.384,rms=0.483586) vs oldopt=(dt=0.32,rms=0.483704)
#GCMRL#  485 dt   0.384000 rms  0.484  0.148% neg 0  invalid 762 tFOTS 4.1290 tGradient 0.9070 tsec 5.4060
#FOTS# QuadFit found better minimum quadopt=(dt=0.448,rms=0.482919) vs oldopt=(dt=0.32,rms=0.483105)
#GCMRL#  486 dt   0.448000 rms  0.483  0.138% neg 0  invalid 762 tFOTS 4.1750 tGradient 0.9040 tsec 5.4320
#FOTS# QuadFit found better minimum quadopt=(dt=0.448,rms=0.4824) vs oldopt=(dt=0.32,rms=0.482546)
#GCMRL#  487 dt   0.448000 rms  0.482  0.108% neg 0  invalid 762 tFOTS 4.0970 tGradient 0.8220 tsec 5.2780
#FOTS# QuadFit found better minimum quadopt=(dt=0.448,rms=0.481977) vs oldopt=(dt=0.32,rms=0.482092)
#GCMRL#  488 dt   0.448000 rms  0.482  0.088% neg 0  invalid 762 tFOTS 4.0910 tGradient 0.8960 tsec 5.3480
#FOTS# QuadFit found better minimum quadopt=(dt=0.448,rms=0.481633) vs oldopt=(dt=0.32,rms=0.481728)
#GCMRL#  489 dt   0.448000 rms  0.482  0.071% neg 0  invalid 762 tFOTS 4.3780 tGradient 0.8650 tsec 5.6030
#FOTS# QuadFit found better minimum quadopt=(dt=0.448,rms=0.481337) vs oldopt=(dt=0.32,rms=0.481415)
#GCMRL#  490 dt   0.448000 rms  0.481  0.061% neg 0  invalid 762 tFOTS 4.3320 tGradient 0.9020 tsec 5.5950
#FOTS# QuadFit found better minimum quadopt=(dt=0.448,rms=0.481095) vs oldopt=(dt=0.32,rms=0.481161)
#GCMRL#  491 dt   0.448000 rms  0.481  0.050% neg 0  invalid 762 tFOTS 4.0710 tGradient 0.8550 tsec 5.2830
#FOTS# QuadFit found better minimum quadopt=(dt=0.448,rms=0.480882) vs oldopt=(dt=0.32,rms=0.480936)
#GCMRL#  492 dt   0.448000 rms  0.481  0.000% neg 0  invalid 762 tFOTS 4.1590 tGradient 0.7920 tsec 5.3160
#GCMRL#  493 dt   0.448000 rms  0.481  0.037% neg 0  invalid 762 tFOTS 0.0000 tGradient 0.8500 tsec 1.1940
#GCMRL#  494 dt   0.448000 rms  0.480  0.068% neg 0  invalid 762 tFOTS 0.0000 tGradient 0.8550 tsec 1.1960
#GCMRL#  495 dt   0.448000 rms  0.480  0.083% neg 0  invalid 762 tFOTS 0.0000 tGradient 0.8400 tsec 1.1800
#GCMRL#  496 dt   0.448000 rms  0.480  0.086% neg 0  invalid 762 tFOTS 0.0000 tGradient 0.8260 tsec 1.1630
#GCMRL#  497 dt   0.448000 rms  0.480  0.007% neg 0  invalid 762 tFOTS 0.0000 tGradient 0.8990 tsec 1.4340
#GCMRL#  498 dt   0.448000 rms  0.479  0.012% neg 0  invalid 762 tFOTS 0.0000 tGradient 0.8790 tsec 1.2020
#GCMRL#  499 dt   0.448000 rms  0.479  0.009% neg 0  invalid 762 tFOTS 0.0000 tGradient 0.9130 tsec 1.4780
#FOTS# QuadFit found better minimum quadopt=(dt=0.448,rms=0.479405) vs oldopt=(dt=0.32,rms=0.47941)
#GCMRL#  500 dt   0.448000 rms  0.479  0.000% neg 0  invalid 762 tFOTS 4.1210 tGradient 0.8420 tsec 5.3430
#GCMRL#  501 dt   0.448000 rms  0.479  0.006% neg 0  invalid 762 tFOTS 0.0000 tGradient 0.8450 tsec 1.2100
#GCMRL#  502 dt   0.448000 rms  0.479  0.006% neg 0  invalid 762 tFOTS 0.0000 tGradient 0.8640 tsec 1.4130
#GCMRL#  503 dt   0.448000 rms  0.479  0.011% neg 0  invalid 762 tFOTS 0.0000 tGradient 0.8580 tsec 1.2170
#GCMRL#  504 dt   0.448000 rms  0.479  0.004% neg 0  invalid 762 tFOTS 0.0000 tGradient 0.8960 tsec 1.4400
#GCMRL#  505 dt   0.448000 rms  0.479  0.011% neg 0  invalid 762 tFOTS 0.0000 tGradient 0.9030 tsec 1.2560

#GCAMreg# pass 0 level1 0 level2 1 tsec 94.785 sigma 0.5
l_jacobian=1.00 l_label=1.00 l_log_likelihood=0.20 l_smoothness=2.00 
tol=5.00e-02, dt=5.00e-02, exp_k=20.0, momentum=0.90, levels=6, niter=500, lbl_dist=10.00, avgs=0, sigma=0.5,type=2, relabel=0, neg=no

blurring input image with Gaussian with sigma=0.500...
GCAMRegisterLevel(): init RMS 0.479689
#FOTS# QuadFit found better minimum quadopt=(dt=0.448,rms=0.476736) vs oldopt=(dt=0.32,rms=0.477373)
#GCMRL#  507 dt   0.448000 rms  0.477  0.616% neg 0  invalid 762 tFOTS 4.1910 tGradient 0.8540 tsec 5.3870
#FOTS# QuadFit found better minimum quadopt=(dt=0.448,rms=0.476392) vs oldopt=(dt=0.32,rms=0.476478)
#GCMRL#  508 dt   0.448000 rms  0.476  0.072% neg 0  invalid 762 tFOTS 4.2270 tGradient 0.9130 tsec 5.4970
#FOTS# QuadFit found better minimum quadopt=(dt=0.448,rms=0.476266) vs oldopt=(dt=0.32,rms=0.476297)
#GCMRL#  509 dt   0.448000 rms  0.476  0.000% neg 0  invalid 762 tFOTS 4.2690 tGradient 0.9320 tsec 5.5710
#GCMRL#  510 dt   0.448000 rms  0.476  0.016% neg 0  invalid 762 tFOTS 0.0000 tGradient 0.8330 tsec 1.1670
#GCMRL#  511 dt   0.448000 rms  0.476  0.018% neg 0  invalid 762 tFOTS 0.0000 tGradient 0.8770 tsec 1.2260
#GCMRL#  512 dt   0.448000 rms  0.476  0.014% neg 0  invalid 762 tFOTS 0.0000 tGradient 0.8840 tsec 1.2490
#GCMRL#  513 dt   0.448000 rms  0.476  0.010% neg 0  invalid 762 tFOTS 0.0000 tGradient 0.8830 tsec 1.2950
#FOTS# QuadFit found better minimum quadopt=(dt=0.448,rms=0.47596) vs oldopt=(dt=0.32,rms=0.475962)
GCAMregister done in 21.4275 min
********************* ALLOWING NEGATIVE NODES IN DEFORMATION********************************
noneg post
Starting GCAMregister()
label assignment complete, 0 changed (0.00%)
npasses = 1, nlevels = 6
#pass# 1 of 1 ************************
enabling zero nodes
setting smoothness cost coefficient to 0.008

#GCAMreg# pass 0 level1 5 level2 0 tsec 0 sigma 2
l_jacobian=1.00 l_label=1.00 l_log_likelihood=0.20 l_smoothness=0.01 
tol=2.50e-01, dt=5.00e-02, exp_k=20.0, momentum=0.90, levels=6, niter=500, lbl_dist=10.00, avgs=256, sigma=2.0,type=2, relabel=0, neg=yes

blurring input image with Gaussian with sigma=2.000...
GCAMRegisterLevel(): init RMS 0.474112
#FOTS# QuadFit found better minimum quadopt=(dt=32.368,rms=0.473589) vs oldopt=(dt=23.12,rms=0.473594)
#GCMRL#  515 dt  32.368000 rms  0.474  0.110% neg 0  invalid 762 tFOTS 5.6540 tGradient 1.9990 tsec 8.0270
#FOTS# QuadFit found better minimum quadopt=(dt=73.984,rms=0.473556) vs oldopt=(dt=92.48,rms=0.473556)
#GCMRL#  516 dt  73.984000 rms  0.474  0.000% neg 0  invalid 762 tFOTS 4.9490 tGradient 1.9120 tsec 7.2370
#GCMRL#  517 dt  73.984000 rms  0.473  0.015% neg 0  invalid 762 tFOTS 0.0000 tGradient 1.8760 tsec 2.2000
#GCMRL#  518 dt  73.984000 rms  0.473  0.019% neg 0  invalid 762 tFOTS 0.0000 tGradient 1.8750 tsec 2.2000
#GCMRL#  519 dt  73.984000 rms  0.473  0.011% neg 0  invalid 762 tFOTS 0.0000 tGradient 1.8980 tsec 2.2460

#GCAMreg# pass 0 level1 5 level2 1 tsec 32.329 sigma 0.5
l_jacobian=1.00 l_label=1.00 l_log_likelihood=0.20 l_smoothness=0.01 
tol=2.50e-01, dt=5.00e-02, exp_k=20.0, momentum=0.90, levels=6, niter=500, lbl_dist=10.00, avgs=256, sigma=0.5,type=2, relabel=0, neg=yes

blurring input image with Gaussian with sigma=0.500...
GCAMRegisterLevel(): init RMS 0.473818
#FOTS# QuadFit found better minimum quadopt=(dt=129.472,rms=0.472764) vs oldopt=(dt=92.48,rms=0.472854)
#GCMRL#  521 dt 129.472000 rms  0.473  0.222% neg 0  invalid 762 tFOTS 5.3110 tGradient 1.9340 tsec 7.6160
#FOTS# QuadFit found better minimum quadopt=(dt=73.984,rms=0.472741) vs oldopt=(dt=92.48,rms=0.472743)
#GCMRL#  522 dt  73.984000 rms  0.473  0.000% neg 0  invalid 762 tFOTS 5.2050 tGradient 1.9680 tsec 7.5610
#GCMRL#  523 dt  73.984000 rms  0.473  0.011% neg 0  invalid 762 tFOTS 0.0000 tGradient 1.9400 tsec 2.2940
#GCMRL#  524 dt  73.984000 rms  0.473  0.019% neg 0  invalid 762 tFOTS 0.0000 tGradient 1.9880 tsec 2.3410
#GCMRL#  525 dt  73.984000 rms  0.472  0.021% neg 0  invalid 762 tFOTS 0.0000 tGradient 1.9650 tsec 2.3200
#GCMRL#  526 dt  73.984000 rms  0.472  0.022% neg 0  invalid 762 tFOTS 0.0000 tGradient 1.9520 tsec 2.2900
#GCMRL#  527 dt  73.984000 rms  0.472  0.022% neg 0  invalid 762 tFOTS 0.0000 tGradient 1.9790 tsec 2.3240
setting smoothness cost coefficient to 0.031

#GCAMreg# pass 0 level1 4 level2 0 tsec 0 sigma 2
l_jacobian=1.00 l_label=1.00 l_log_likelihood=0.20 l_smoothness=0.03 
tol=2.50e-01, dt=5.00e-02, exp_k=20.0, momentum=0.90, levels=6, niter=500, lbl_dist=10.00, avgs=64, sigma=2.0,type=2, relabel=0, neg=yes

blurring input image with Gaussian with sigma=2.000...
GCAMRegisterLevel(): init RMS 0.472724
#FOTS# QuadFit found better minimum quadopt=(dt=31.104,rms=0.47202) vs oldopt=(dt=25.92,rms=0.472028)
#GCMRL#  529 dt  31.104000 rms  0.472  0.149% neg 0  invalid 762 tFOTS 5.1490 tGradient 1.6620 tsec 7.1760
#FOTS# QuadFit found better minimum quadopt=(dt=36.288,rms=0.471893) vs oldopt=(dt=25.92,rms=0.471907)
#GCMRL#  530 dt  36.288000 rms  0.472  0.000% neg 0  invalid 762 tFOTS 5.6050 tGradient 1.7010 tsec 7.7090
#GCMRL#  531 dt  36.288000 rms  0.472  0.028% neg 0  invalid 762 tFOTS 0.0000 tGradient 1.6920 tsec 2.0600
#GCMRL#  532 dt  36.288000 rms  0.472  0.025% neg 0  invalid 762 tFOTS 0.0000 tGradient 1.7200 tsec 2.0950

#GCAMreg# pass 0 level1 4 level2 1 tsec 29.756 sigma 0.5
l_jacobian=1.00 l_label=1.00 l_log_likelihood=0.20 l_smoothness=0.03 
tol=2.50e-01, dt=5.00e-02, exp_k=20.0, momentum=0.90, levels=6, niter=500, lbl_dist=10.00, avgs=64, sigma=0.5,type=2, relabel=0, neg=yes

blurring input image with Gaussian with sigma=0.500...
GCAMRegisterLevel(): init RMS 0.472125
#FOTS# QuadFit found better minimum quadopt=(dt=93.3554,rms=0.469654) vs oldopt=(dt=103.68,rms=0.469685)
#GCMRL#  534 dt  93.355372 rms  0.470  0.523% neg 0  invalid 762 tFOTS 5.5460 tGradient 1.6850 tsec 7.6490
#FOTS# QuadFit found better minimum quadopt=(dt=36.288,rms=0.469087) vs oldopt=(dt=25.92,rms=0.469191)
#GCMRL#  535 dt  36.288000 rms  0.469  0.000% neg 0  invalid 762 tFOTS 5.0450 tGradient 1.7840 tsec 7.2310
#GCMRL#  536 dt  36.288000 rms  0.469  0.051% neg 0  invalid 762 tFOTS 0.0000 tGradient 1.9680 tsec 2.3490
#GCMRL#  537 dt  36.288000 rms  0.468  0.084% neg 0  invalid 762 tFOTS 0.0000 tGradient 1.7350 tsec 2.1010
#GCMRL#  538 dt  36.288000 rms  0.468  0.102% neg 0  invalid 762 tFOTS 0.0000 tGradient 1.7880 tsec 2.1500
#GCMRL#  539 dt  36.288000 rms  0.467  0.113% neg 0  invalid 762 tFOTS 0.0000 tGradient 1.7580 tsec 2.1240
#GCMRL#  540 dt  36.288000 rms  0.467  0.111% neg 0  invalid 762 tFOTS 0.0000 tGradient 1.7190 tsec 2.0870
#GCMRL#  541 dt  36.288000 rms  0.466  0.106% neg 0  invalid 762 tFOTS 0.0000 tGradient 1.7440 tsec 2.1410
#FOTS# QuadFit found better minimum quadopt=(dt=145.152,rms=0.46627) vs oldopt=(dt=103.68,rms=0.466294)
setting smoothness cost coefficient to 0.118

#GCAMreg# pass 0 level1 3 level2 0 tsec 0 sigma 2
l_jacobian=1.00 l_label=1.00 l_log_likelihood=0.20 l_smoothness=0.12 
tol=2.50e-01, dt=5.00e-02, exp_k=20.0, momentum=0.90, levels=6, niter=500, lbl_dist=10.00, avgs=16, sigma=2.0,type=2, relabel=0, neg=yes

blurring input image with Gaussian with sigma=2.000...
GCAMRegisterLevel(): init RMS 0.467146
#FOTS# QuadFit found better minimum quadopt=(dt=38.4,rms=0.464025) vs oldopt=(dt=32,rms=0.464099)
iter 0, gcam->neg = 6
after 6 iterations, nbhd size=0, neg = 0
#GCMRL#  543 dt  38.400000 rms  0.464  0.654% neg 0  invalid 762 tFOTS 5.3720 tGradient 1.7110 tsec 10.7050
#FOTS# QuadFit found better minimum quadopt=(dt=58.2857,rms=0.460881) vs oldopt=(dt=32,rms=0.461375)
iter 0, gcam->neg = 16
after 5 iterations, nbhd size=0, neg = 0
#GCMRL#  544 dt  58.285714 rms  0.461  0.687% neg 0  invalid 762 tFOTS 5.3870 tGradient 1.5880 tsec 10.1340
#FOTS# QuadFit found better minimum quadopt=(dt=23.5485,rms=0.459419) vs oldopt=(dt=32,rms=0.459706)
iter 0, gcam->neg = 2
after 2 iterations, nbhd size=0, neg = 0
#GCMRL#  545 dt  23.548533 rms  0.459  0.323% neg 0  invalid 762 tFOTS 5.9530 tGradient 1.8090 tsec 9.5920
#FOTS# QuadFit found better minimum quadopt=(dt=89.5369,rms=0.457135) vs oldopt=(dt=128,rms=0.457482)
iter 0, gcam->neg = 14
after 5 iterations, nbhd size=0, neg = 0
#GCMRL#  546 dt  89.536946 rms  0.457  0.491% neg 0  invalid 762 tFOTS 5.8750 tGradient 1.6230 tsec 10.5490
#FOTS# QuadFit found better minimum quadopt=(dt=23.3333,rms=0.456286) vs oldopt=(dt=32,rms=0.456498)
iter 0, gcam->neg = 2
after 2 iterations, nbhd size=0, neg = 0
#GCMRL#  547 dt  23.333333 rms  0.456  0.000% neg 0  invalid 762 tFOTS 5.9750 tGradient 1.6710 tsec 9.6590
iter 0, gcam->neg = 3
after 3 iterations, nbhd size=0, neg = 0
#GCMRL#  548 dt  23.333333 rms  0.455  0.177% neg 0  invalid 762 tFOTS 0.0000 tGradient 1.6270 tsec 3.9230
iter 0, gcam->neg = 2
after 3 iterations, nbhd size=0, neg = 0
#GCMRL#  549 dt  23.333333 rms  0.455  0.170% neg 0  invalid 762 tFOTS 0.0000 tGradient 1.6470 tsec 3.9580
iter 0, gcam->neg = 1
after 7 iterations, nbhd size=1, neg = 0
#GCMRL#  550 dt  23.333333 rms  0.454  0.189% neg 0  invalid 762 tFOTS 0.0000 tGradient 1.6480 tsec 5.6430
iter 0, gcam->neg = 5
after 4 iterations, nbhd size=0, neg = 0
#GCMRL#  551 dt  23.333333 rms  0.453  0.185% neg 0  invalid 762 tFOTS 0.0000 tGradient 1.6690 tsec 4.4410
iter 0, gcam->neg = 9
after 3 iterations, nbhd size=0, neg = 0
#GCMRL#  552 dt  23.333333 rms  0.452  0.183% neg 0  invalid 762 tFOTS 0.0000 tGradient 1.6790 tsec 4.0640
iter 0, gcam->neg = 8
after 6 iterations, nbhd size=0, neg = 0
#GCMRL#  553 dt  23.333333 rms  0.451  0.184% neg 0  invalid 762 tFOTS 0.0000 tGradient 1.6420 tsec 5.2170
iter 0, gcam->neg = 16
after 12 iterations, nbhd size=1, neg = 0
#GCMRL#  554 dt  23.333333 rms  0.451  0.162% neg 0  invalid 762 tFOTS 0.0000 tGradient 1.5820 tsec 7.4930
iter 0, gcam->neg = 7
after 4 iterations, nbhd size=0, neg = 0
#GCMRL#  555 dt  23.333333 rms  0.450  0.134% neg 0  invalid 762 tFOTS 0.0000 tGradient 1.5550 tsec 4.2850
iter 0, gcam->neg = 10
after 5 iterations, nbhd size=0, neg = 0
#GCMRL#  556 dt  23.333333 rms  0.449  0.112% neg 0  invalid 762 tFOTS 0.0000 tGradient 1.6090 tsec 4.7830
iter 0, gcam->neg = 16
after 11 iterations, nbhd size=1, neg = 0
#GCMRL#  557 dt  23.333333 rms  0.449  0.124% neg 0  invalid 762 tFOTS 0.0000 tGradient 1.6320 tsec 7.0990
iter 0, gcam->neg = 8
after 7 iterations, nbhd size=0, neg = 0
#GCMRL#  558 dt  23.333333 rms  0.448  0.103% neg 0  invalid 762 tFOTS 0.0000 tGradient 1.5910 tsec 5.7610
#FOTS# QuadFit found better minimum quadopt=(dt=11.2,rms=0.44845) vs oldopt=(dt=8,rms=0.448457)
iter 0, gcam->neg = 1
after 1 iterations, nbhd size=0, neg = 0
#GCMRL#  559 dt  11.200000 rms  0.448  0.000% neg 0  invalid 762 tFOTS 5.4380 tGradient 1.5670 tsec 8.6320
#GCMRL#  560 dt  11.200000 rms  0.448  0.014% neg 0  invalid 762 tFOTS 0.0000 tGradient 1.6210 tsec 1.9770
#GCMRL#  561 dt  11.200000 rms  0.448  0.016% neg 0  invalid 762 tFOTS 0.0000 tGradient 1.6220 tsec 1.9840
iter 0, gcam->neg = 3
after 5 iterations, nbhd size=0, neg = 0
#GCMRL#  562 dt  11.200000 rms  0.448  0.021% neg 0  invalid 762 tFOTS 0.0000 tGradient 1.7230 tsec 4.8910
iter 0, gcam->neg = 3
after 5 iterations, nbhd size=0, neg = 0
#GCMRL#  563 dt  11.200000 rms  0.448  0.027% neg 0  invalid 762 tFOTS 0.0000 tGradient 1.7160 tsec 4.3670
iter 0, gcam->neg = 3
after 3 iterations, nbhd size=0, neg = 0
#GCMRL#  564 dt  11.200000 rms  0.448  0.027% neg 0  invalid 762 tFOTS 0.0000 tGradient 1.3910 tsec 3.3340
iter 0, gcam->neg = 2
after 1 iterations, nbhd size=0, neg = 0
#GCMRL#  565 dt  11.200000 rms  0.448  0.032% neg 0  invalid 762 tFOTS 0.0000 tGradient 1.3810 tsec 2.6370
iter 0, gcam->neg = 1
after 0 iterations, nbhd size=0, neg = 0
#GCMRL#  566 dt  11.200000 rms  0.448  0.035% neg 0  invalid 762 tFOTS 0.0000 tGradient 1.4090 tsec 2.3240
iter 0, gcam->neg = 2
after 2 iterations, nbhd size=0, neg = 0

#GCAMreg# pass 0 level1 3 level2 1 tsec 148.961 sigma 0.5
l_jacobian=1.00 l_label=1.00 l_log_likelihood=0.20 l_smoothness=0.12 
tol=2.50e-01, dt=5.00e-02, exp_k=20.0, momentum=0.90, levels=6, niter=500, lbl_dist=10.00, avgs=16, sigma=0.5,type=2, relabel=0, neg=yes

blurring input image with Gaussian with sigma=0.500...
GCAMRegisterLevel(): init RMS 0.448072
#FOTS# QuadFit found better minimum quadopt=(dt=44.8,rms=0.444783) vs oldopt=(dt=32,rms=0.445131)
iter 0, gcam->neg = 1
after 1 iterations, nbhd size=0, neg = 0
#GCMRL#  568 dt  44.800000 rms  0.445  0.733% neg 0  invalid 762 tFOTS 5.2710 tGradient 1.3760 tsec 8.0310
#GCMRL#  569 dt  32.000000 rms  0.444  0.000% neg 0  invalid 762 tFOTS 5.3150 tGradient 1.6220 tsec 7.3000
#GCMRL#  570 dt  32.000000 rms  0.444  0.111% neg 0  invalid 762 tFOTS 0.0000 tGradient 1.5310 tsec 1.8620
iter 0, gcam->neg = 1
after 0 iterations, nbhd size=0, neg = 0
#GCMRL#  571 dt  32.000000 rms  0.443  0.166% neg 0  invalid 762 tFOTS 0.0000 tGradient 1.5140 tsec 2.5150
iter 0, gcam->neg = 1
after 1 iterations, nbhd size=0, neg = 0
#GCMRL#  572 dt  32.000000 rms  0.442  0.116% neg 0  invalid 762 tFOTS 0.0000 tGradient 1.5570 tsec 2.8780
iter 0, gcam->neg = 3
after 1 iterations, nbhd size=0, neg = 0
#GCMRL#  573 dt  32.000000 rms  0.442  0.087% neg 0  invalid 762 tFOTS 0.0000 tGradient 1.4880 tsec 2.8030
#FOTS# QuadFit found better minimum quadopt=(dt=19.2,rms=0.441649) vs oldopt=(dt=32,rms=0.441692)
#GCMRL#  574 dt  19.200000 rms  0.442  0.000% neg 0  invalid 762 tFOTS 5.3380 tGradient 1.5500 tsec 7.2420
#GCMRL#  575 dt  19.200000 rms  0.442  0.028% neg 0  invalid 762 tFOTS 0.0000 tGradient 1.5200 tsec 1.8340
#GCMRL#  576 dt  19.200000 rms  0.441  0.034% neg 0  invalid 762 tFOTS 0.0000 tGradient 1.5530 tsec 1.8720
#GCMRL#  577 dt  19.200000 rms  0.441  0.028% neg 0  invalid 762 tFOTS 0.0000 tGradient 1.5410 tsec 1.8560
#GCMRL#  578 dt  19.200000 rms  0.441  0.034% neg 0  invalid 762 tFOTS 0.0000 tGradient 1.4500 tsec 1.7670
#GCMRL#  579 dt  19.200000 rms  0.441  0.041% neg 0  invalid 762 tFOTS 0.0000 tGradient 1.5190 tsec 1.8500
setting smoothness cost coefficient to 0.400

#GCAMreg# pass 0 level1 2 level2 0 tsec 0 sigma 2
l_jacobian=1.00 l_label=1.00 l_log_likelihood=0.20 l_smoothness=0.40 
tol=2.50e-01, dt=5.00e-02, exp_k=20.0, momentum=0.90, levels=6, niter=500, lbl_dist=10.00, avgs=4, sigma=2.0,type=2, relabel=0, neg=yes

blurring input image with Gaussian with sigma=2.000...
GCAMRegisterLevel(): init RMS 0.448197
#GCMRL#  581 dt   0.000000 rms  0.448  0.115% neg 0  invalid 762 tFOTS 4.6590 tGradient 1.3950 tsec 6.3830

#GCAMreg# pass 0 level1 2 level2 1 tsec 21.746 sigma 0.5
l_jacobian=1.00 l_label=1.00 l_log_likelihood=0.20 l_smoothness=0.40 
tol=2.50e-01, dt=5.00e-02, exp_k=20.0, momentum=0.90, levels=6, niter=500, lbl_dist=10.00, avgs=4, sigma=0.5,type=2, relabel=0, neg=yes

blurring input image with Gaussian with sigma=0.500...
GCAMRegisterLevel(): init RMS 0.448197
#FOTS# QuadFit found better minimum quadopt=(dt=2.304,rms=0.447593) vs oldopt=(dt=2.88,rms=0.447598)
#GCMRL#  583 dt   2.304000 rms  0.448  0.135% neg 0  invalid 762 tFOTS 5.3950 tGradient 1.5470 tsec 7.2830
#FOTS# QuadFit found better minimum quadopt=(dt=1.5,rms=0.447558) vs oldopt=(dt=0.72,rms=0.447568)
#GCMRL#  584 dt   1.500000 rms  0.448  0.000% neg 0  invalid 762 tFOTS 5.7270 tGradient 1.4720 tsec 7.5820
#GCMRL#  585 dt   1.500000 rms  0.448  0.003% neg 0  invalid 762 tFOTS 0.0000 tGradient 1.4360 tsec 1.7460
setting smoothness cost coefficient to 1.000

#GCAMreg# pass 0 level1 1 level2 0 tsec 0 sigma 2
l_jacobian=1.00 l_label=1.00 l_log_likelihood=0.20 l_smoothness=1.00 
tol=2.50e-01, dt=5.00e-02, exp_k=20.0, momentum=0.90, levels=6, niter=500, lbl_dist=10.00, avgs=1, sigma=2.0,type=2, relabel=0, neg=yes

blurring input image with Gaussian with sigma=2.000...
GCAMRegisterLevel(): init RMS 0.459877
#FOTS# QuadFit found better minimum quadopt=(dt=1.024,rms=0.458682) vs oldopt=(dt=1.28,rms=0.458711)
iter 0, gcam->neg = 1
after 0 iterations, nbhd size=0, neg = 0
#GCMRL#  587 dt   1.024000 rms  0.459  0.260% neg 0  invalid 762 tFOTS 5.6410 tGradient 1.3030 tsec 8.0170
#FOTS# QuadFit found better minimum quadopt=(dt=0.384,rms=0.458617) vs oldopt=(dt=0.32,rms=0.458618)
#GCMRL#  588 dt   0.384000 rms  0.459  0.000% neg 0  invalid 762 tFOTS 5.6640 tGradient 1.3080 tsec 7.3490

#GCAMreg# pass 0 level1 1 level2 1 tsec 25.424 sigma 0.5
l_jacobian=1.00 l_label=1.00 l_log_likelihood=0.20 l_smoothness=1.00 
tol=2.50e-01, dt=5.00e-02, exp_k=20.0, momentum=0.90, levels=6, niter=500, lbl_dist=10.00, avgs=1, sigma=0.5,type=2, relabel=0, neg=yes

blurring input image with Gaussian with sigma=0.500...
GCAMRegisterLevel(): init RMS 0.459145
#FOTS# QuadFit found better minimum quadopt=(dt=1.536,rms=0.457883) vs oldopt=(dt=1.28,rms=0.457903)
iter 0, gcam->neg = 3
after 5 iterations, nbhd size=0, neg = 0
#GCMRL#  590 dt   1.536000 rms  0.458  0.272% neg 0  invalid 762 tFOTS 5.6540 tGradient 1.3100 tsec 9.9280
#FOTS# QuadFit found better minimum quadopt=(dt=0.448,rms=0.45783) vs oldopt=(dt=0.32,rms=0.457843)
#GCMRL#  591 dt   0.448000 rms  0.458  0.000% neg 0  invalid 762 tFOTS 5.6890 tGradient 1.3230 tsec 7.3890
#GCMRL#  592 dt   0.448000 rms  0.458  0.008% neg 0  invalid 762 tFOTS 0.0000 tGradient 1.3050 tsec 1.6240
resetting metric properties...
setting smoothness cost coefficient to 2.000

#GCAMreg# pass 0 level1 0 level2 0 tsec 0 sigma 2
l_jacobian=1.00 l_label=1.00 l_log_likelihood=0.20 l_smoothness=2.00 
tol=2.50e-01, dt=5.00e-02, exp_k=20.0, momentum=0.90, levels=6, niter=500, lbl_dist=10.00, avgs=0, sigma=2.0,type=2, relabel=0, neg=yes

blurring input image with Gaussian with sigma=2.000...
GCAMRegisterLevel(): init RMS 0.44821
#FOTS# QuadFit found better minimum quadopt=(dt=1.9935,rms=0.424873) vs oldopt=(dt=1.28,rms=0.427997)
iter 0, gcam->neg = 559
after 13 iterations, nbhd size=1, neg = 0
#GCMRL#  594 dt   1.993502 rms  0.425  5.187% neg 0  invalid 762 tFOTS 6.0420 tGradient 1.0820 tsec 12.8850
#FOTS# QuadFit found better minimum quadopt=(dt=0.028,rms=0.424904) vs oldopt=(dt=0.02,rms=0.424909)
#GCMRL#  595 dt   0.028000 rms  0.425  0.000% neg 0  invalid 762 tFOTS 5.5800 tGradient 0.8910 tsec 6.8540

#GCAMreg# pass 0 level1 0 level2 1 tsec 29.46 sigma 0.5
l_jacobian=1.00 l_label=1.00 l_log_likelihood=0.20 l_smoothness=2.00 
tol=2.50e-01, dt=5.00e-02, exp_k=20.0, momentum=0.90, levels=6, niter=500, lbl_dist=10.00, avgs=0, sigma=0.5,type=2, relabel=0, neg=yes

blurring input image with Gaussian with sigma=0.500...
GCAMRegisterLevel(): init RMS 0.42552
#FOTS# QuadFit found better minimum quadopt=(dt=0.064,rms=0.424805) vs oldopt=(dt=0.08,rms=0.424818)
#GCMRL#  597 dt   0.064000 rms  0.425  0.168% neg 0  invalid 762 tFOTS 5.4350 tGradient 0.8430 tsec 6.6450
#GCMRL#  598 dt   0.050000 rms  0.425  0.000% neg 0  invalid 762 tFOTS 5.3480 tGradient 0.8880 tsec 6.6390
label assignment complete, 0 changed (0.00%)
GCAMregister done in 7.62005 min
Starting GCAMcomputeMaxPriorLabels()
Morphing with label term set to 0 *******************************
Starting GCAMregister()
label assignment complete, 0 changed (0.00%)
npasses = 1, nlevels = 6
#pass# 1 of 1 ************************
enabling zero nodes
setting smoothness cost coefficient to 0.008

#GCAMreg# pass 0 level1 5 level2 0 tsec 0 sigma 2
l_jacobian=1.00 l_log_likelihood=0.20 l_smoothness=0.01 
tol=2.50e-01, dt=5.00e-02, exp_k=20.0, momentum=0.90, levels=6, niter=500, lbl_dist=10.00, avgs=256, sigma=2.0,type=2, relabel=0, neg=yes

blurring input image with Gaussian with sigma=2.000...
GCAMRegisterLevel(): init RMS 0.412697

#GCAMreg# pass 0 level1 5 level2 1 tsec 12.378 sigma 0.5
l_jacobian=1.00 l_log_likelihood=0.20 l_smoothness=0.01 
tol=2.50e-01, dt=5.00e-02, exp_k=20.0, momentum=0.90, levels=6, niter=500, lbl_dist=10.00, avgs=256, sigma=0.5,type=2, relabel=0, neg=yes

blurring input image with Gaussian with sigma=0.500...
GCAMRegisterLevel(): init RMS 0.412697
setting smoothness cost coefficient to 0.031

#GCAMreg# pass 0 level1 4 level2 0 tsec 0 sigma 2
l_jacobian=1.00 l_log_likelihood=0.20 l_smoothness=0.03 
tol=2.50e-01, dt=5.00e-02, exp_k=20.0, momentum=0.90, levels=6, niter=500, lbl_dist=10.00, avgs=64, sigma=2.0,type=2, relabel=0, neg=yes

blurring input image with Gaussian with sigma=2.000...
GCAMRegisterLevel(): init RMS 0.412846

#GCAMreg# pass 0 level1 4 level2 1 tsec 11.742 sigma 0.5
l_jacobian=1.00 l_log_likelihood=0.20 l_smoothness=0.03 
tol=2.50e-01, dt=5.00e-02, exp_k=20.0, momentum=0.90, levels=6, niter=500, lbl_dist=10.00, avgs=64, sigma=0.5,type=2, relabel=0, neg=yes

blurring input image with Gaussian with sigma=0.500...
GCAMRegisterLevel(): init RMS 0.412846
#FOTS# QuadFit found better minimum quadopt=(dt=36.288,rms=0.412707) vs oldopt=(dt=25.92,rms=0.412729)
#GCMRL#  603 dt  36.288000 rms  0.413  0.034% neg 0  invalid 762 tFOTS 4.9430 tGradient 1.3630 tsec 6.7100
#FOTS# QuadFit found better minimum quadopt=(dt=124.416,rms=0.412508) vs oldopt=(dt=103.68,rms=0.41251)
#GCMRL#  604 dt 124.416000 rms  0.413  0.048% neg 0  invalid 762 tFOTS 4.8380 tGradient 1.7270 tsec 6.9030
#FOTS# QuadFit found better minimum quadopt=(dt=145.152,rms=0.41217) vs oldopt=(dt=103.68,rms=0.412233)
#GCMRL#  605 dt 145.152000 rms  0.412  0.082% neg 0  invalid 762 tFOTS 4.7150 tGradient 1.3750 tsec 6.4250
#FOTS# QuadFit found better minimum quadopt=(dt=9.072,rms=0.412166) vs oldopt=(dt=6.48,rms=0.412167)
#GCMRL#  606 dt   9.072000 rms  0.412  0.000% neg 0  invalid 762 tFOTS 5.0170 tGradient 1.2960 tsec 6.6740
#GCMRL#  607 dt   9.072000 rms  0.412  0.001% neg 0  invalid 762 tFOTS 0.0000 tGradient 1.3840 tsec 1.7070
#GCMRL#  608 dt   9.072000 rms  0.412  0.001% neg 0  invalid 762 tFOTS 0.0000 tGradient 1.3350 tsec 1.6400
setting smoothness cost coefficient to 0.118

#GCAMreg# pass 0 level1 3 level2 0 tsec 0 sigma 2
l_jacobian=1.00 l_log_likelihood=0.20 l_smoothness=0.12 
tol=2.50e-01, dt=5.00e-02, exp_k=20.0, momentum=0.90, levels=6, niter=500, lbl_dist=10.00, avgs=16, sigma=2.0,type=2, relabel=0, neg=yes

blurring input image with Gaussian with sigma=2.000...
GCAMRegisterLevel(): init RMS 0.412735
#FOTS# QuadFit found better minimum quadopt=(dt=11.2,rms=0.412419) vs oldopt=(dt=8,rms=0.412465)
#GCMRL#  610 dt  11.200000 rms  0.412  0.077% neg 0  invalid 762 tFOTS 4.8220 tGradient 1.1690 tsec 6.3390
#FOTS# QuadFit found better minimum quadopt=(dt=11.2,rms=0.412254) vs oldopt=(dt=8,rms=0.412281)
iter 0, gcam->neg = 1
after 8 iterations, nbhd size=1, neg = 0
#GCMRL#  611 dt  11.200000 rms  0.412  0.000% neg 0  invalid 762 tFOTS 5.0080 tGradient 1.1150 tsec 10.2990
iter 0, gcam->neg = 1
after 6 iterations, nbhd size=1, neg = 0
#GCMRL#  612 dt  11.200000 rms  0.412  0.029% neg 0  invalid 762 tFOTS 0.0000 tGradient 1.1350 tsec 4.4450
iter 0, gcam->neg = 2
after 3 iterations, nbhd size=0, neg = 0
#GCMRL#  613 dt  11.200000 rms  0.412  0.011% neg 0  invalid 762 tFOTS 0.0000 tGradient 1.1890 tsec 3.4490
iter 0, gcam->neg = 12
after 13 iterations, nbhd size=1, neg = 0

#GCAMreg# pass 0 level1 3 level2 1 tsec 37.027 sigma 0.5
l_jacobian=1.00 l_log_likelihood=0.20 l_smoothness=0.12 
tol=2.50e-01, dt=5.00e-02, exp_k=20.0, momentum=0.90, levels=6, niter=500, lbl_dist=10.00, avgs=16, sigma=0.5,type=2, relabel=0, neg=yes

blurring input image with Gaussian with sigma=0.500...
GCAMRegisterLevel(): init RMS 0.412125
#FOTS# QuadFit found better minimum quadopt=(dt=44.8,rms=0.40899) vs oldopt=(dt=32,rms=0.409256)
iter 0, gcam->neg = 3
after 0 iterations, nbhd size=0, neg = 0
#GCMRL#  615 dt  44.800000 rms  0.409  0.763% neg 0  invalid 762 tFOTS 5.1680 tGradient 1.1090 tsec 7.3360
#FOTS# QuadFit found better minimum quadopt=(dt=25.6,rms=0.4082) vs oldopt=(dt=32,rms=0.408263)
iter 0, gcam->neg = 3
after 3 iterations, nbhd size=0, neg = 0
#GCMRL#  616 dt  25.600000 rms  0.408  0.000% neg 0  invalid 762 tFOTS 5.0680 tGradient 1.1920 tsec 8.4850
iter 0, gcam->neg = 2
after 0 iterations, nbhd size=0, neg = 0
#GCMRL#  617 dt  25.600000 rms  0.408  0.133% neg 0  invalid 762 tFOTS 0.0000 tGradient 1.1080 tsec 2.0230
iter 0, gcam->neg = 13
after 14 iterations, nbhd size=1, neg = 0
#GCMRL#  618 dt  25.600000 rms  0.407  0.148% neg 0  invalid 762 tFOTS 0.0000 tGradient 1.1100 tsec 6.7470
iter 0, gcam->neg = 13
after 13 iterations, nbhd size=1, neg = 0
#GCMRL#  619 dt  25.600000 rms  0.406  0.203% neg 0  invalid 762 tFOTS 0.0000 tGradient 1.2880 tsec 6.7540
iter 0, gcam->neg = 10
after 9 iterations, nbhd size=1, neg = 0
#GCMRL#  620 dt  25.600000 rms  0.405  0.182% neg 0  invalid 762 tFOTS 0.0000 tGradient 1.1580 tsec 5.2470
iter 0, gcam->neg = 13
after 12 iterations, nbhd size=1, neg = 0
#GCMRL#  621 dt  25.600000 rms  0.405  0.163% neg 0  invalid 762 tFOTS 0.0000 tGradient 1.1150 tsec 6.2820
iter 0, gcam->neg = 21
after 6 iterations, nbhd size=0, neg = 0
#GCMRL#  622 dt  25.600000 rms  0.404  0.140% neg 0  invalid 762 tFOTS 0.0000 tGradient 1.1120 tsec 4.2020
iter 0, gcam->neg = 23
after 18 iterations, nbhd size=1, neg = 0
#GCMRL#  623 dt  25.600000 rms  0.404  0.077% neg 0  invalid 762 tFOTS 0.0000 tGradient 1.1550 tsec 8.5720
iter 0, gcam->neg = 17
after 13 iterations, nbhd size=1, neg = 0
#GCMRL#  624 dt  25.600000 rms  0.404  0.085% neg 0  invalid 762 tFOTS 0.0000 tGradient 1.1100 tsec 6.6460
iter 0, gcam->neg = 18
after 4 iterations, nbhd size=0, neg = 0
#GCMRL#  625 dt  25.600000 rms  0.403  0.086% neg 0  invalid 762 tFOTS 0.0000 tGradient 1.1410 tsec 3.4250
iter 0, gcam->neg = 13
after 13 iterations, nbhd size=1, neg = 0
#GCMRL#  626 dt  25.600000 rms  0.403  0.090% neg 0  invalid 762 tFOTS 0.0000 tGradient 1.1810 tsec 6.8040
iter 0, gcam->neg = 14
after 13 iterations, nbhd size=1, neg = 0
#GCMRL#  627 dt  25.600000 rms  0.403  0.084% neg 0  invalid 762 tFOTS 0.0000 tGradient 1.1270 tsec 6.6730
#FOTS# QuadFit found better minimum quadopt=(dt=44.8,rms=0.402303) vs oldopt=(dt=32,rms=0.402342)
iter 0, gcam->neg = 4
after 13 iterations, nbhd size=1, neg = 0
#GCMRL#  628 dt  44.800000 rms  0.402  0.000% neg 0  invalid 762 tFOTS 4.5930 tGradient 1.1190 tsec 11.3160
iter 0, gcam->neg = 1
after 3 iterations, nbhd size=0, neg = 0
#GCMRL#  629 dt  44.800000 rms  0.402  0.022% neg 0  invalid 762 tFOTS 0.0000 tGradient 1.1540 tsec 3.1230
iter 0, gcam->neg = 6
after 5 iterations, nbhd size=0, neg = 0
#GCMRL#  630 dt  44.800000 rms  0.402  0.055% neg 0  invalid 762 tFOTS 0.0000 tGradient 1.1180 tsec 3.7640
iter 0, gcam->neg = 7
after 3 iterations, nbhd size=0, neg = 0
#GCMRL#  631 dt  44.800000 rms  0.402  0.003% neg 0  invalid 762 tFOTS 0.0000 tGradient 1.2780 tsec 3.2990
iter 0, gcam->neg = 17
after 3 iterations, nbhd size=0, neg = 0
setting smoothness cost coefficient to 0.400

#GCAMreg# pass 0 level1 2 level2 0 tsec 0 sigma 2
l_jacobian=1.00 l_log_likelihood=0.20 l_smoothness=0.40 
tol=2.50e-01, dt=5.00e-02, exp_k=20.0, momentum=0.90, levels=6, niter=500, lbl_dist=10.00, avgs=4, sigma=2.0,type=2, relabel=0, neg=yes

blurring input image with Gaussian with sigma=2.000...
GCAMRegisterLevel(): init RMS 0.406799
#FOTS# QuadFit found better minimum quadopt=(dt=0.432,rms=0.406795) vs oldopt=(dt=0.72,rms=0.406796)
#GCMRL#  633 dt   0.432000 rms  0.407  0.001% neg 0  invalid 762 tFOTS 4.8310 tGradient 1.0830 tsec 6.2290
#GCMRL#  634 dt   0.180000 rms  0.407  0.000% neg 0  invalid 762 tFOTS 5.3250 tGradient 1.1870 tsec 6.9310

#GCAMreg# pass 0 level1 2 level2 1 tsec 20.177 sigma 0.5
l_jacobian=1.00 l_log_likelihood=0.20 l_smoothness=0.40 
tol=2.50e-01, dt=5.00e-02, exp_k=20.0, momentum=0.90, levels=6, niter=500, lbl_dist=10.00, avgs=4, sigma=0.5,type=2, relabel=0, neg=yes

blurring input image with Gaussian with sigma=0.500...
GCAMRegisterLevel(): init RMS 0.406795
#FOTS# QuadFit found better minimum quadopt=(dt=5.77778,rms=0.40656) vs oldopt=(dt=2.88,rms=0.406608)
iter 0, gcam->neg = 2
after 4 iterations, nbhd size=0, neg = 0
#GCMRL#  636 dt   5.777778 rms  0.407  0.053% neg 0  invalid 762 tFOTS 4.6730 tGradient 1.1270 tsec 8.3180
#FOTS# QuadFit found better minimum quadopt=(dt=5,rms=0.406456) vs oldopt=(dt=2.88,rms=0.406488)
iter 0, gcam->neg = 1
after 1 iterations, nbhd size=0, neg = 0
#GCMRL#  637 dt   5.000000 rms  0.406  0.000% neg 0  invalid 762 tFOTS 5.2760 tGradient 1.1000 tsec 7.8610
#GCMRL#  638 dt   5.000000 rms  0.406  0.025% neg 0  invalid 762 tFOTS 0.0000 tGradient 1.0710 tsec 1.3940
iter 0, gcam->neg = 3
after 10 iterations, nbhd size=1, neg = 0
#GCMRL#  639 dt   5.000000 rms  0.406  0.001% neg 0  invalid 762 tFOTS 0.0000 tGradient 0.9870 tsec 5.9770
iter 0, gcam->neg = 9
after 5 iterations, nbhd size=0, neg = 0
setting smoothness cost coefficient to 1.000

#GCAMreg# pass 0 level1 1 level2 0 tsec 0 sigma 2
l_jacobian=1.00 l_log_likelihood=0.20 l_smoothness=1.00 
tol=2.50e-01, dt=5.00e-02, exp_k=20.0, momentum=0.90, levels=6, niter=500, lbl_dist=10.00, avgs=1, sigma=2.0,type=2, relabel=0, neg=yes

blurring input image with Gaussian with sigma=2.000...
GCAMRegisterLevel(): init RMS 0.412949
#FOTS# QuadFit found better minimum quadopt=(dt=4e-05,rms=0.412949) vs oldopt=(dt=5e-05,rms=0.412949)
#GCMRL#  641 dt   0.000040 rms  0.413  0.000% neg 0  invalid 762 tFOTS 6.2080 tGradient 0.9040 tsec 7.4640

#GCAMreg# pass 0 level1 1 level2 1 tsec 19.148 sigma 0.5
l_jacobian=1.00 l_log_likelihood=0.20 l_smoothness=1.00 
tol=2.50e-01, dt=5.00e-02, exp_k=20.0, momentum=0.90, levels=6, niter=500, lbl_dist=10.00, avgs=1, sigma=0.5,type=2, relabel=0, neg=yes

blurring input image with Gaussian with sigma=0.500...
GCAMRegisterLevel(): init RMS 0.412949
resetting metric properties...
setting smoothness cost coefficient to 2.000

#GCAMreg# pass 0 level1 0 level2 0 tsec 0 sigma 2
l_jacobian=1.00 l_log_likelihood=0.20 l_smoothness=2.00 
tol=2.50e-01, dt=5.00e-02, exp_k=20.0, momentum=0.90, levels=6, niter=500, lbl_dist=10.00, avgs=0, sigma=2.0,type=2, relabel=0, neg=yes

blurring input image with Gaussian with sigma=2.000...
GCAMRegisterLevel(): init RMS 0.401894
#FOTS# QuadFit found better minimum quadopt=(dt=1.09403,rms=0.394119) vs oldopt=(dt=1.28,rms=0.394313)
iter 0, gcam->neg = 485
after 15 iterations, nbhd size=1, neg = 0
#GCMRL#  644 dt   1.094033 rms  0.395  1.823% neg 0  invalid 762 tFOTS 4.6970 tGradient 0.3450 tsec 11.7550
#FOTS# QuadFit found better minimum quadopt=(dt=2.34375e-05,rms=0.394569) vs oldopt=(dt=1.95313e-05,rms=0.394569)
#GCMRL#  645 dt   0.000023 rms  0.395  0.000% neg 0  invalid 762 tFOTS 5.3190 tGradient 0.3250 tsec 5.9650

#GCAMreg# pass 0 level1 0 level2 1 tsec 24.024 sigma 0.5
l_jacobian=1.00 l_log_likelihood=0.20 l_smoothness=2.00 
tol=2.50e-01, dt=5.00e-02, exp_k=20.0, momentum=0.90, levels=6, niter=500, lbl_dist=10.00, avgs=0, sigma=0.5,type=2, relabel=0, neg=yes

blurring input image with Gaussian with sigma=0.500...
GCAMRegisterLevel(): init RMS 0.394569
#FOTS# QuadFit found better minimum quadopt=(dt=0.096,rms=0.394438) vs oldopt=(dt=0.08,rms=0.394441)
#GCMRL#  647 dt   0.096000 rms  0.394  0.033% neg 0  invalid 762 tFOTS 4.2550 tGradient 0.3330 tsec 4.8950
#GCMRL#  648 dt   0.080000 rms  0.394  0.000% neg 0  invalid 762 tFOTS 4.2720 tGradient 0.3300 tsec 4.9530
#GCMRL#  649 dt   0.080000 rms  0.394  0.007% neg 0  invalid 762 tFOTS 0.0000 tGradient 0.3130 tsec 0.6450
GCAMregister done in 5.32077 min
writing output transformation to transforms/talairach.m3z...
GCAMwrite
Calls to gcamLogLikelihoodEnergy 4198 tmin = 1.55542
Calls to gcamLabelEnergy         3662 tmin = 1.14102
Calls to gcamJacobianEnergy      4198 tmin = 1.35303
Calls to gcamSmoothnessEnergy    4198 tmin = 3.94915
Calls to gcamLogLikelihoodTerm 651 tmin = 0.582117
Calls to gcamLabelTerm         600 tmin = 5.67938
Calls to gcamJacobianTerm      651 tmin = 1.06307
Calls to gcamSmoothnessTerm    651 tmin = 0.451167
Calls to gcamComputeGradient    651 tmin = 17.4427
Calls to gcamComputeMetricProperties    6209 tmin = 2.8201
mri_ca_register took 0 hours, 44 minutes and 11 seconds.
#VMPC# mri_ca_register VmPeak  3928572
FSRUNTIME@ mri_ca_register  0.7363 hours 16 threads
#--------------------------------------
#@# SubCort Seg Sun Mar 15 09:10:49 CET 2026

 mri_ca_label -relabel_unlikely 9 .3 -prior 0.5 -align norm.mgz transforms/talairach.m3z /opt/freesurfer/average/RB_all_2020-01-02.gca aseg.auto_noCCseg.mgz 

sysname  Linux
hostname dna069
machine  x86_64

setenv SUBJECTS_DIR /out/sourcedata/freesurfer
cd /out/sourcedata/freesurfer/sub-v2s10x28935_ses-1/mri
mri_ca_label -relabel_unlikely 9 .3 -prior 0.5 -align norm.mgz transforms/talairach.m3z /opt/freesurfer/average/RB_all_2020-01-02.gca aseg.auto_noCCseg.mgz 

relabeling unlikely voxels with window_size = 9 and prior threshold 0.30
using Gibbs prior factor = 0.500
renormalizing sequences with structure alignment, equivalent to:
	-renormalize
	-renormalize_mean 0.500
	-regularize 0.500

== Number of threads available to for OpenMP = 16 == 
reading 1 input volumes
reading classifier array from /opt/freesurfer/average/RB_all_2020-01-02.gca
reading input volume from norm.mgz
average std[0] = 7.2
reading transform from transforms/talairach.m3z
setting orig areas to linear transform determinant scaled 6.54
Atlas used for the 3D morph was /opt/freesurfer/average/RB_all_2020-01-02.gca
average std = 7.2   using min determinant for regularization = 5.2
0 singular and 0 ill-conditioned covariance matrices regularized
labeling volume...
renormalizing by structure alignment....
renormalizing input #0
gca peak = 0.15521 (20)
mri peak = 0.12618 (24)
Left_Lateral_Ventricle (4): linear fit = 1.16 x + 0.0 (654 voxels, overlap=0.657)
Left_Lateral_Ventricle (4): linear fit = 1.16 x + 0.0 (654 voxels, peak = 23), gca=23.3
gca peak = 0.20380 (13)
mri peak = 0.16779 (24)
Right_Lateral_Ventricle (43): linear fit = 1.66 x + 0.0 (298 voxels, overlap=0.317)
Right_Lateral_Ventricle (43): linear fit = 1.50 x + 0.0 (298 voxels, peak = 22), gca=19.5
gca peak = 0.26283 (96)
mri peak = 0.24581 (97)
Right_Pallidum (52): linear fit = 1.01 x + 0.0 (785 voxels, overlap=0.934)
Right_Pallidum (52): linear fit = 1.01 x + 0.0 (785 voxels, peak = 97), gca=97.4
gca peak = 0.15814 (97)
mri peak = 0.20894 (97)
Left_Pallidum (13): linear fit = 1.02 x + 0.0 (752 voxels, overlap=0.613)
Left_Pallidum (13): linear fit = 1.02 x + 0.0 (752 voxels, peak = 99), gca=99.4
gca peak = 0.27624 (56)
mri peak = 0.17168 (70)
Right_Hippocampus (53): linear fit = 1.23 x + 0.0 (1229 voxels, overlap=0.016)
Right_Hippocampus (53): linear fit = 1.23 x + 0.0 (1229 voxels, peak = 69), gca=68.6
gca peak = 0.28723 (59)
mri peak = 0.13913 (71)
Left_Hippocampus (17): linear fit = 1.20 x + 0.0 (1436 voxels, overlap=0.015)
Left_Hippocampus (17): linear fit = 1.20 x + 0.0 (1436 voxels, peak = 71), gca=70.5
gca peak = 0.07623 (103)
mri peak = 0.14615 (106)
Right_Cerebral_White_Matter (41): linear fit = 1.01 x + 0.0 (46572 voxels, overlap=0.516)
Right_Cerebral_White_Matter (41): linear fit = 1.01 x + 0.0 (46572 voxels, peak = 105), gca=104.5
gca peak = 0.07837 (105)
mri peak = 0.16023 (107)
Left_Cerebral_White_Matter (2): linear fit = 1.02 x + 0.0 (41268 voxels, overlap=0.421)
Left_Cerebral_White_Matter (2): linear fit = 1.02 x + 0.0 (41268 voxels, peak = 108), gca=107.6
gca peak = 0.10165 (58)
mri peak = 0.04969 (66)
Left_Cerebral_Cortex (3): linear fit = 1.12 x + 0.0 (47542 voxels, overlap=0.803)
Left_Cerebral_Cortex (3): linear fit = 1.12 x + 0.0 (47542 voxels, peak = 65), gca=64.7
gca peak = 0.11113 (58)
mri peak = 0.05463 (65)
Right_Cerebral_Cortex (42): linear fit = 1.12 x + 0.0 (45457 voxels, overlap=0.637)
Right_Cerebral_Cortex (42): linear fit = 1.12 x + 0.0 (45457 voxels, peak = 65), gca=64.7
gca peak = 0.27796 (67)
mri peak = 0.16257 (81)
Right_Caudate (50): linear fit = 1.17 x + 0.0 (992 voxels, overlap=0.015)
Right_Caudate (50): linear fit = 1.17 x + 0.0 (992 voxels, peak = 79), gca=78.7
gca peak = 0.14473 (69)
mri peak = 0.19142 (81)
Left_Caudate (11): linear fit = 1.07 x + 0.0 (1058 voxels, overlap=0.334)
Left_Caudate (11): linear fit = 1.07 x + 0.0 (1058 voxels, peak = 73), gca=73.5
gca peak = 0.14301 (56)
mri peak = 0.08207 (67)
Left_Cerebellum_Cortex (8): linear fit = 1.21 x + 0.0 (33686 voxels, overlap=0.153)
Left_Cerebellum_Cortex (8): linear fit = 1.21 x + 0.0 (33686 voxels, peak = 67), gca=67.5
gca peak = 0.14610 (55)
mri peak = 0.09566 (67)
Right_Cerebellum_Cortex (47): linear fit = 1.20 x + 0.0 (33702 voxels, overlap=0.163)
Right_Cerebellum_Cortex (47): linear fit = 1.20 x + 0.0 (33702 voxels, peak = 66), gca=65.7
gca peak = 0.16309 (85)
mri peak = 0.16533 (89)
Left_Cerebellum_White_Matter (7): linear fit = 1.04 x + 0.0 (7334 voxels, overlap=0.561)
Left_Cerebellum_White_Matter (7): linear fit = 1.04 x + 0.0 (7334 voxels, peak = 89), gca=88.8
gca peak = 0.15172 (84)
mri peak = 0.17876 (87)
Right_Cerebellum_White_Matter (46): linear fit = 1.03 x + 0.0 (6489 voxels, overlap=0.701)
Right_Cerebellum_White_Matter (46): linear fit = 1.03 x + 0.0 (6489 voxels, peak = 87), gca=86.9
gca peak = 0.30461 (58)
mri peak = 0.14539 (72)
Left_Amygdala (18): linear fit = 1.26 x + 0.0 (870 voxels, overlap=0.041)
Left_Amygdala (18): linear fit = 1.26 x + 0.0 (870 voxels, peak = 73), gca=73.4
gca peak = 0.32293 (57)
mri peak = 0.17198 (72)
Right_Amygdala (54): linear fit = 1.25 x + 0.0 (721 voxels, overlap=0.032)
Right_Amygdala (54): linear fit = 1.25 x + 0.0 (721 voxels, peak = 72), gca=71.5
gca peak = 0.11083 (90)
mri peak = 0.08948 (90)
Left_Thalamus (10): linear fit = 1.01 x + 0.0 (5167 voxels, overlap=0.885)
Left_Thalamus (10): linear fit = 1.01 x + 0.0 (5167 voxels, peak = 91), gca=91.3
gca peak = 0.11393 (83)
mri peak = 0.09714 (89)
Right_Thalamus (49): linear fit = 1.05 x + 0.0 (5195 voxels, overlap=0.836)
Right_Thalamus (49): linear fit = 1.05 x + 0.0 (5195 voxels, peak = 88), gca=87.6
gca peak = 0.08575 (81)
mri peak = 0.13503 (88)
Left_Putamen (12): linear fit = 1.10 x + 0.0 (2087 voxels, overlap=0.217)
Left_Putamen (12): linear fit = 1.10 x + 0.0 (2087 voxels, peak = 89), gca=88.7
gca peak = 0.08618 (78)
mri peak = 0.16612 (89)
Right_Putamen (51): linear fit = 1.10 x + 0.0 (2137 voxels, overlap=0.397)
Right_Putamen (51): linear fit = 1.10 x + 0.0 (2137 voxels, peak = 85), gca=85.4
gca peak = 0.08005 (78)
mri peak = 0.09936 (88)
Brain_Stem (16): linear fit = 1.09 x + 0.0 (11903 voxels, overlap=0.491)
Brain_Stem (16): linear fit = 1.09 x + 0.0 (11903 voxels, peak = 85), gca=84.6
gca peak = 0.12854 (88)
mri peak = 0.10468 (98)
Right_VentralDC (60): linear fit = 1.09 x + 0.0 (1556 voxels, overlap=0.420)
Right_VentralDC (60): linear fit = 1.09 x + 0.0 (1556 voxels, peak = 95), gca=95.5
gca peak = 0.15703 (87)
mri peak = 0.10886 (99)
Left_VentralDC (28): linear fit = 1.09 x + 0.0 (1651 voxels, overlap=0.245)
Left_VentralDC (28): linear fit = 1.09 x + 0.0 (1651 voxels, peak = 94), gca=94.4
gca peak = 0.17522 (25)
mri peak = 0.31579 (31)
gca peak = 0.17113 (14)
mri peak = 0.20485 (24)
Fourth_Ventricle (15): linear fit = 1.47 x + 0.0 (341 voxels, overlap=0.146)
Fourth_Ventricle (15): linear fit = 1.47 x + 0.0 (341 voxels, peak = 21), gca=20.5
gca peak Unknown = 0.94777 ( 0)
gca peak Left_Inf_Lat_Vent = 0.16627 (28)
gca peak Third_Ventricle = 0.17522 (25)
gca peak CSF = 0.20346 (36)
gca peak Left_Accumbens_area = 0.70646 (62)
gca peak Left_undetermined = 1.00000 (28)
gca peak Left_vessel = 0.89917 (53)
gca peak Left_choroid_plexus = 0.11689 (35)
gca peak Right_Inf_Lat_Vent = 0.25504 (23)
gca peak Right_Accumbens_area = 0.31650 (65)
gca peak Right_vessel = 0.77268 (52)
gca peak Right_choroid_plexus = 0.13275 (38)
gca peak Fifth_Ventricle = 0.60973 (33)
gca peak WM_hypointensities = 0.11013 (77)
gca peak non_WM_hypointensities = 0.11354 (41)
gca peak Optic_Chiasm = 0.51646 (76)
not using caudate to estimate GM means
estimating mean gm scale to be 1.20 x + 0.0
estimating mean wm scale to be 1.02 x + 0.0
estimating mean csf scale to be 1.38 x + 0.0
saving intensity scales to aseg.auto_noCCseg.label_intensities.txt
renormalizing by structure alignment....
renormalizing input #0
gca peak = 0.14722 (24)
mri peak = 0.12618 (24)
Left_Lateral_Ventricle (4): linear fit = 0.98 x + 0.0 (654 voxels, overlap=0.895)
Left_Lateral_Ventricle (4): linear fit = 0.98 x + 0.0 (654 voxels, peak = 23), gca=23.4
gca peak = 0.16334 (19)
mri peak = 0.16779 (24)
Right_Lateral_Ventricle (43): linear fit = 1.12 x + 0.0 (298 voxels, overlap=0.645)
Right_Lateral_Ventricle (43): linear fit = 1.12 x + 0.0 (298 voxels, peak = 21), gca=21.2
gca peak = 0.21941 (97)
mri peak = 0.24581 (97)
Right_Pallidum (52): linear fit = 1.00 x + 0.0 (785 voxels, overlap=0.999)
Right_Pallidum (52): linear fit = 1.00 x + 0.0 (785 voxels, peak = 97), gca=96.5
gca peak = 0.16467 (99)
mri peak = 0.20894 (97)
Left_Pallidum (13): linear fit = 1.00 x + 0.0 (752 voxels, overlap=0.872)
Left_Pallidum (13): linear fit = 1.00 x + 0.0 (752 voxels, peak = 99), gca=99.0
gca peak = 0.24476 (68)
mri peak = 0.17168 (70)
Right_Hippocampus (53): linear fit = 0.96 x + 0.0 (1229 voxels, overlap=0.872)
Right_Hippocampus (53): linear fit = 0.96 x + 0.0 (1229 voxels, peak = 66), gca=65.6
gca peak = 0.23460 (67)
mri peak = 0.13913 (71)
Left_Hippocampus (17): linear fit = 1.00 x + 0.0 (1436 voxels, overlap=1.003)
Left_Hippocampus (17): linear fit = 1.00 x + 0.0 (1436 voxels, peak = 67), gca=67.0
gca peak = 0.07891 (105)
mri peak = 0.14615 (106)
Right_Cerebral_White_Matter (41): linear fit = 1.00 x + 0.0 (46572 voxels, overlap=0.582)
Right_Cerebral_White_Matter (41): linear fit = 1.00 x + 0.0 (46572 voxels, peak = 105), gca=105.0
gca peak = 0.07733 (107)
mri peak = 0.16023 (107)
Left_Cerebral_White_Matter (2): linear fit = 1.00 x + 0.0 (41268 voxels, overlap=0.546)
Left_Cerebral_White_Matter (2): linear fit = 1.00 x + 0.0 (41268 voxels, peak = 107), gca=107.0
gca peak = 0.08978 (65)
mri peak = 0.04969 (66)
Left_Cerebral_Cortex (3): linear fit = 1.00 x + 0.0 (47542 voxels, overlap=0.983)
Left_Cerebral_Cortex (3): linear fit = 1.00 x + 0.0 (47542 voxels, peak = 65), gca=65.0
gca peak = 0.10277 (65)
mri peak = 0.05463 (65)
Right_Cerebral_Cortex (42): linear fit = 1.00 x + 0.0 (45457 voxels, overlap=0.930)
Right_Cerebral_Cortex (42): linear fit = 1.00 x + 0.0 (45457 voxels, peak = 65), gca=65.0
gca peak = 0.21870 (78)
mri peak = 0.16257 (81)
Right_Caudate (50): linear fit = 1.01 x + 0.0 (992 voxels, overlap=0.998)
Right_Caudate (50): linear fit = 1.01 x + 0.0 (992 voxels, peak = 79), gca=79.2
gca peak = 0.12644 (80)
mri peak = 0.19142 (81)
Left_Caudate (11): linear fit = 1.00 x + 0.0 (1058 voxels, overlap=0.669)
Left_Caudate (11): linear fit = 1.00 x + 0.0 (1058 voxels, peak = 80), gca=80.0
gca peak = 0.11670 (67)
mri peak = 0.08207 (67)
Left_Cerebellum_Cortex (8): linear fit = 0.99 x + 0.0 (33686 voxels, overlap=0.952)
Left_Cerebellum_Cortex (8): linear fit = 0.99 x + 0.0 (33686 voxels, peak = 66), gca=66.0
gca peak = 0.13199 (66)
mri peak = 0.09566 (67)
Right_Cerebellum_Cortex (47): linear fit = 1.00 x + 0.0 (33702 voxels, overlap=0.938)
Right_Cerebellum_Cortex (47): linear fit = 1.00 x + 0.0 (33702 voxels, peak = 66), gca=66.0
gca peak = 0.15179 (88)
mri peak = 0.16533 (89)
Left_Cerebellum_White_Matter (7): linear fit = 1.00 x + 0.0 (7334 voxels, overlap=0.857)
Left_Cerebellum_White_Matter (7): linear fit = 1.00 x + 0.0 (7334 voxels, peak = 88), gca=87.6
gca peak = 0.14284 (86)
mri peak = 0.17876 (87)
Right_Cerebellum_White_Matter (46): linear fit = 1.00 x + 0.0 (6489 voxels, overlap=0.865)
Right_Cerebellum_White_Matter (46): linear fit = 1.00 x + 0.0 (6489 voxels, peak = 86), gca=86.0
gca peak = 0.27000 (73)
mri peak = 0.14539 (72)
Left_Amygdala (18): linear fit = 1.01 x + 0.0 (870 voxels, overlap=0.992)
Left_Amygdala (18): linear fit = 1.01 x + 0.0 (870 voxels, peak = 74), gca=74.1
gca peak = 0.25928 (71)
mri peak = 0.17198 (72)
Right_Amygdala (54): linear fit = 1.00 x + 0.0 (721 voxels, overlap=0.986)
Right_Amygdala (54): linear fit = 1.00 x + 0.0 (721 voxels, peak = 71), gca=71.0
gca peak = 0.11254 (90)
mri peak = 0.08948 (90)
Left_Thalamus (10): linear fit = 1.01 x + 0.0 (5167 voxels, overlap=0.923)
Left_Thalamus (10): linear fit = 1.01 x + 0.0 (5167 voxels, peak = 91), gca=91.3
gca peak = 0.10026 (91)
mri peak = 0.09714 (89)
Right_Thalamus (49): linear fit = 1.01 x + 0.0 (5195 voxels, overlap=0.975)
Right_Thalamus (49): linear fit = 1.01 x + 0.0 (5195 voxels, peak = 92), gca=92.4
gca peak = 0.07731 (87)
mri peak = 0.13503 (88)
Left_Putamen (12): linear fit = 1.00 x + 0.0 (2087 voxels, overlap=0.706)
Left_Putamen (12): linear fit = 1.00 x + 0.0 (2087 voxels, peak = 87), gca=87.0
gca peak = 0.08735 (83)
mri peak = 0.16612 (89)
Right_Putamen (51): linear fit = 0.99 x + 0.0 (2137 voxels, overlap=0.757)
Right_Putamen (51): linear fit = 0.99 x + 0.0 (2137 voxels, peak = 82), gca=81.8
gca peak = 0.07775 (85)
mri peak = 0.09936 (88)
Brain_Stem (16): linear fit = 1.00 x + 0.0 (11903 voxels, overlap=0.729)
Brain_Stem (16): linear fit = 1.00 x + 0.0 (11903 voxels, peak = 85), gca=84.6
gca peak = 0.11758 (97)
mri peak = 0.10468 (98)
Right_VentralDC (60): linear fit = 1.00 x + 0.0 (1556 voxels, overlap=0.800)
Right_VentralDC (60): linear fit = 1.00 x + 0.0 (1556 voxels, peak = 97), gca=96.5
gca peak = 0.15487 (93)
mri peak = 0.10886 (99)
Left_VentralDC (28): linear fit = 1.01 x + 0.0 (1651 voxels, overlap=0.860)
Left_VentralDC (28): linear fit = 1.01 x + 0.0 (1651 voxels, peak = 94), gca=94.4
gca peak = 0.12726 (35)
mri peak = 0.31579 (31)
gca peak = 0.12908 (21)
mri peak = 0.20485 (24)
Fourth_Ventricle (15): linear fit = 1.02 x + 0.0 (341 voxels, overlap=0.659)
Fourth_Ventricle (15): linear fit = 1.02 x + 0.0 (341 voxels, peak = 22), gca=21.5
gca peak Unknown = 0.94777 ( 0)
gca peak Left_Inf_Lat_Vent = 0.18211 (33)
gca peak Third_Ventricle = 0.12726 (35)
gca peak CSF = 0.17842 (50)
gca peak Left_Accumbens_area = 0.61902 (66)
gca peak Left_undetermined = 1.00000 (28)
gca peak Left_vessel = 0.89837 (53)
gca peak Left_choroid_plexus = 0.10623 (35)
gca peak Right_Inf_Lat_Vent = 0.22619 (28)
gca peak Right_Accumbens_area = 0.29369 (76)
gca peak Right_vessel = 0.77268 (52)
gca peak Right_choroid_plexus = 0.13291 (38)
gca peak Fifth_Ventricle = 0.77755 (44)
gca peak WM_hypointensities = 0.10575 (78)
gca peak non_WM_hypointensities = 0.08220 (42)
gca peak Optic_Chiasm = 0.52447 (76)
not using caudate to estimate GM means
estimating mean gm scale to be 1.00 x + 0.0
estimating mean wm scale to be 1.00 x + 0.0
estimating mean csf scale to be 1.04 x + 0.0
saving intensity scales to aseg.auto_noCCseg.label_intensities.txt
saving sequentially combined intensity scales to aseg.auto_noCCseg.label_intensities.txt
39517 voxels changed in iteration 0 of unlikely voxel relabeling
159 voxels changed in iteration 1 of unlikely voxel relabeling
8 voxels changed in iteration 2 of unlikely voxel relabeling
0 voxels changed in iteration 3 of unlikely voxel relabeling
37223 gm and wm labels changed (%31 to gray, %69 to white out of all changed labels)
319 hippocampal voxels changed.
0 amygdala voxels changed.
Reclassifying using Gibbs Priors
pass 1: 53806 changed. image ll: -2.078, PF=0.500
pass 2: 12723 changed. image ll: -2.077, PF=0.500
pass 3: 4259 changed.
25942 voxels changed in iteration 0 of unlikely voxel relabeling
95 voxels changed in iteration 1 of unlikely voxel relabeling
18 voxels changed in iteration 2 of unlikely voxel relabeling
0 voxels changed in iteration 3 of unlikely voxel relabeling
6554 voxels changed in iteration 0 of unlikely voxel relabeling
73 voxels changed in iteration 1 of unlikely voxel relabeling
3 voxels changed in iteration 2 of unlikely voxel relabeling
0 voxels changed in iteration 3 of unlikely voxel relabeling
5660 voxels changed in iteration 0 of unlikely voxel relabeling
74 voxels changed in iteration 1 of unlikely voxel relabeling
3 voxels changed in iteration 2 of unlikely voxel relabeling
0 voxels changed in iteration 3 of unlikely voxel relabeling
5040 voxels changed in iteration 0 of unlikely voxel relabeling
44 voxels changed in iteration 1 of unlikely voxel relabeling
2 voxels changed in iteration 2 of unlikely voxel relabeling
0 voxels changed in iteration 3 of unlikely voxel relabeling
 !!!!!!!!! ventricle segment 4 with volume 4218 above threshold 100 - not erasing !!!!!!!!!!
 !!!!!!!!! ventricle segment 2 with volume 3413 above threshold 100 - not erasing !!!!!!!!!!
writing labeled volume to aseg.auto_noCCseg.mgz
mri_ca_label utimesec    1364.033122
mri_ca_label stimesec    4.537947
mri_ca_label ru_maxrss   2182072
mri_ca_label ru_ixrss    0
mri_ca_label ru_idrss    0
mri_ca_label ru_isrss    0
mri_ca_label ru_minflt   5877405
mri_ca_label ru_majflt   9
mri_ca_label ru_nswap    0
mri_ca_label ru_inblock  1142
mri_ca_label ru_oublock  632
mri_ca_label ru_msgsnd   0
mri_ca_label ru_msgrcv   0
mri_ca_label ru_nsignals 0
mri_ca_label ru_nvcsw    3681
mri_ca_label ru_nivcsw   1182
auto-labeling took 21 minutes and 21 seconds.
#--------------------------------------
#@# CC Seg Sun Mar 15 09:32:10 CET 2026

 mri_cc -aseg aseg.auto_noCCseg.mgz -o aseg.auto.mgz -lta /out/sourcedata/freesurfer/sub-v2s10x28935_ses-1/mri/transforms/cc_up.lta sub-v2s10x28935_ses-1 

will read input aseg from aseg.auto_noCCseg.mgz
writing aseg with cc labels to aseg.auto.mgz
will write lta as /out/sourcedata/freesurfer/sub-v2s10x28935_ses-1/mri/transforms/cc_up.lta
reading aseg from /out/sourcedata/freesurfer/sub-v2s10x28935_ses-1/mri/aseg.auto_noCCseg.mgz
reading norm from /out/sourcedata/freesurfer/sub-v2s10x28935_ses-1/mri/norm.mgz
39526 voxels in left wm, 73944 in right wm, xrange [121, 132]
searching rotation angles z=[-6  8], y=[-10  4]
searching scale 1 Z rot -6.3  searching scale 1 Z rot -6.1  searching scale 1 Z rot -5.8  searching scale 1 Z rot -5.6  searching scale 1 Z rot -5.3  searching scale 1 Z rot -5.1  searching scale 1 Z rot -4.8  searching scale 1 Z rot -4.6  searching scale 1 Z rot -4.3  searching scale 1 Z rot -4.1  searching scale 1 Z rot -3.8  searching scale 1 Z rot -3.6  searching scale 1 Z rot -3.3  searching scale 1 Z rot -3.1  searching scale 1 Z rot -2.8  searching scale 1 Z rot -2.6  searching scale 1 Z rot -2.3  searching scale 1 Z rot -2.1  searching scale 1 Z rot -1.8  searching scale 1 Z rot -1.6  searching scale 1 Z rot -1.3  searching scale 1 Z rot -1.1  searching scale 1 Z rot -0.8  searching scale 1 Z rot -0.6  searching scale 1 Z rot -0.3  searching scale 1 Z rot -0.1  searching scale 1 Z rot 0.2  searching scale 1 Z rot 0.4  searching scale 1 Z rot 0.7  searching scale 1 Z rot 0.9  searching scale 1 Z rot 1.2  searching scale 1 Z rot 1.4  searching scale 1 Z rot 1.7  searching scale 1 Z rot 1.9  searching scale 1 Z rot 2.2  searching scale 1 Z rot 2.4  searching scale 1 Z rot 2.7  searching scale 1 Z rot 2.9  searching scale 1 Z rot 3.2  searching scale 1 Z rot 3.4  searching scale 1 Z rot 3.7  searching scale 1 Z rot 3.9  searching scale 1 Z rot 4.2  searching scale 1 Z rot 4.4  searching scale 1 Z rot 4.7  searching scale 1 Z rot 4.9  searching scale 1 Z rot 5.2  searching scale 1 Z rot 5.4  searching scale 1 Z rot 5.7  searching scale 1 Z rot 5.9  searching scale 1 Z rot 6.2  searching scale 1 Z rot 6.4  searching scale 1 Z rot 6.7  searching scale 1 Z rot 6.9  searching scale 1 Z rot 7.2  searching scale 1 Z rot 7.4  global minimum found at slice 127.6, rotations (-2.93, 0.67)
final transformation (x=127.6, yr=-2.931, zr=0.668):
 0.99862  -0.01167  -0.05113   7.28253;
 0.01165   0.99993  -0.00060   55.58678;
 0.05114  -0.00000   0.99869   7.62653;
 0.00000   0.00000   0.00000   1.00000;
updating x range to be [127, 132] in xformed coordinates
best xformed slice 129
min_x_fornix = 142
WARNING: min_x_fornix not set
WARNING: min_x_fornix not set
min_x_fornix = 152
min_x_fornix = 144
cc center is found at 129 71 114
eigenvectors:
-0.00049   0.00784   0.99997;
-0.05686  -0.99835   0.00780;
 0.99838  -0.05685   0.00093;
writing aseg with callosum to /out/sourcedata/freesurfer/sub-v2s10x28935_ses-1/mri/aseg.auto.mgz...
corpus callosum segmentation took 0.4 minutes
#VMPC# mri_cc VmPeak  554564
mri_cc done
#--------------------------------------
#@# Merge ASeg Sun Mar 15 09:32:34 CET 2026

 cp aseg.auto.mgz aseg.presurf.mgz 

#--------------------------------------------
#@# Intensity Normalization2 Sun Mar 15 09:32:34 CET 2026
/out/sourcedata/freesurfer/sub-v2s10x28935_ses-1/mri

 mri_normalize -seed 1234 -mprage -aseg aseg.presurf.mgz -mask brainmask.mgz norm.mgz brain.mgz 

setting seed for random number genererator to 1234
assuming input volume is MGH (Van der Kouwe) MP-RAGE
using segmentation for initial intensity normalization
using MR volume brainmask.mgz to mask input volume...
reading mri_src from norm.mgz...
Reading aseg aseg.presurf.mgz
normalizing image...
NOT doing gentle normalization with control points/label
processing with aseg
removing outliers in the aseg WM...
438 control points removed
Building bias image
building Voronoi diagram...
performing soap bubble smoothing, sigma = 0...
Smoothing with sigma 8
Applying bias correction
building Voronoi diagram...
performing soap bubble smoothing, sigma = 8...

Iterating 2 times
---------------------------------
3d normalization pass 1 of 2
white matter peak found at 110
white matter peak found at 110
gm peak at 73 (73), valley at  0 (-1)
csf peak at 36, setting threshold to 60
building Voronoi diagram...
performing soap bubble smoothing, sigma = 8...
---------------------------------
3d normalization pass 2 of 2
white matter peak found at 110
white matter peak found at 110
gm peak at 73 (73), valley at  0 (-1)
csf peak at 36, setting threshold to 60
building Voronoi diagram...
performing soap bubble smoothing, sigma = 8...
Done iterating ---------------------------------
writing output to brain.mgz
3D bias adjustment took 1 minutes and 25 seconds.
#--------------------------------------------
#@# Mask BFS Sun Mar 15 09:34:00 CET 2026
/out/sourcedata/freesurfer/sub-v2s10x28935_ses-1/mri

 mri_mask -T 5 brain.mgz brainmask.mgz brain.finalsurfs.mgz 

threshold mask volume at 5
DoAbs = 0
Found 1535813 voxels in mask (pct=  9.15)
Writing masked volume to brain.finalsurfs.mgz...done.
#--------------------------------------------
#@# WM Segmentation Sun Mar 15 09:34:01 CET 2026

 AntsDenoiseImageFs -i brain.mgz -o antsdn.brain.mgz 


 mri_segment -wsizemm 13 -mprage antsdn.brain.mgz wm.seg.mgz 

wsizemm = 13, voxres = 1, wsize = 13
Widening wm low from 89 to 79
assuming input volume is MGH (Van der Kouwe) MP-RAGE
wm mean:  110
wsize:    13
wm low:   79
wm hi:    125
gray low: 30
gray hi:  99
Doing initial trinary intensity segmentation 
Using local statistics to label ambiguous voxels
Autodetecting stats
Computing class statistics for intensity windows...
CCS WM (101.0): 101.0 +- 6.1 [79.0 --> 124.0]
CCS GM (76.0) : 76.3 +- 8.2 [30.0 --> 95.0]
 white_mean 101.026
 white_sigma 6.05695
 gray_mean 76.3391
 gray_sigma 8.15336
setting bottom of white matter range wm_low to 84.5
setting top of gray matter range gray_hi to 92.6
 wm_low 84.4924
 wm_hi  125
 gray_low 30
 gray_hi  92.6458
Redoing initial intensity segmentation...
Recomputing local statistics to label ambiguous voxels...
 wm_low 84.4924
 wm_hi  125
 gray_low 30
 gray_hi  92.6458
using local geometry to label remaining ambiguous voxels...
polvwsize = 5, polvlen = 3, gray_hi = 92.6458, wm_low = 84.4924
MRIcpolvMedianCurveSegment(): wsize=5, len=3, gmhi=92.6458, wmlow=84.4924
    135489 voxels processed (0.81%)
     58201 voxels white (0.35%)
     77288 voxels non-white (0.46%)

Reclassifying voxels using Gaussian border classifier niter=1
MRIreclassify(): wm_low=79.4924, gray_hi=92.6458, wsize=13
    272372 voxels tested (1.62%)
     47110 voxels changed (0.28%)
     70223 multi-scale searches  (0.42%)
Recovering bright white
MRIrecoverBrightWhite()
 wm_low 84.4924
 wm_hi 125
 slack 6.05695
 pct_thresh 0.33
 intensity_thresh 131.057
 nvox_thresh 8.58
        1 voxels tested (0.00%)
        1 voxels changed (0.00%)

removing voxels with positive offset direction...
MRIremoveWrongDirection() wsize=3, lowthr=79.4924, hithr=92.6458
  smoothing input volume with sigma = 0.250
    75367 voxels tested (0.45%)
    14512 voxels changed (0.09%)
thicken = 1
removing 1-dimensional structures...
MRIremove1dStructures(): max_iter=10000, thresh=2, WM_MIN_VAL=5
 1280 sparsely connected voxels removed in 1 iterations
thickening thin strands....
thickness 4
nsegments 20
wm_hi 125
1140 diagonally connected voxels added...
MRIthickenThinWMStrands(): thickness=4, nsegments=20
  20 segments, 4546 filled
MRIfindBrightNonWM(): 0 bright non-wm voxels segmented.
MRIfilterMorphology() WM_MIN_VAL=5, DIAGONAL_FILL=230
white matter segmentation took 0.9 minutes
writing output to wm.seg.mgz...

 mri_edit_wm_with_aseg -keep-in wm.seg.mgz brain.mgz aseg.presurf.mgz wm.asegedit.mgz 

preserving editing changes in input volume...
auto filling took 0.34 minutes
reading wm segmentation from wm.seg.mgz...
0 voxels added to wm to prevent paths from MTL structures to cortex
2351 additional wm voxels added
0 additional wm voxels added
SEG EDIT: 27288 voxels turned on, 56068 voxels turned off.
propagating editing to output volume from wm.seg.mgz
writing edited volume to wm.asegedit.mgz....

 mri_pretess wm.asegedit.mgz wm norm.mgz wm.mgz 


Iteration Number : 1
pass   1 (xy+):   3 found -   3 modified     |    TOTAL:   3
pass   2 (xy+):   0 found -   3 modified     |    TOTAL:   3
pass   1 (xy-):   9 found -   9 modified     |    TOTAL:  12
pass   2 (xy-):   0 found -   9 modified     |    TOTAL:  12
pass   1 (yz+):   8 found -   8 modified     |    TOTAL:  20
pass   2 (yz+):   0 found -   8 modified     |    TOTAL:  20
pass   1 (yz-):   8 found -   8 modified     |    TOTAL:  28
pass   2 (yz-):   0 found -   8 modified     |    TOTAL:  28
pass   1 (xz+):   5 found -   5 modified     |    TOTAL:  33
pass   2 (xz+):   0 found -   5 modified     |    TOTAL:  33
pass   1 (xz-):  11 found -  11 modified     |    TOTAL:  44
pass   2 (xz-):   0 found -  11 modified     |    TOTAL:  44
Iteration Number : 1
pass   1 (+++):   2 found -   2 modified     |    TOTAL:   2
pass   2 (+++):   0 found -   2 modified     |    TOTAL:   2
pass   1 (+++):   0 found -   0 modified     |    TOTAL:   2
pass   1 (+++):   0 found -   0 modified     |    TOTAL:   2
pass   1 (+++):   7 found -   7 modified     |    TOTAL:   9
pass   2 (+++):   0 found -   7 modified     |    TOTAL:   9
Iteration Number : 1
pass   1 (++):  32 found -  32 modified     |    TOTAL:  32
pass   2 (++):   0 found -  32 modified     |    TOTAL:  32
pass   1 (+-):  49 found -  49 modified     |    TOTAL:  81
pass   2 (+-):   0 found -  49 modified     |    TOTAL:  81
pass   1 (--):  35 found -  35 modified     |    TOTAL: 116
pass   2 (--):   0 found -  35 modified     |    TOTAL: 116
pass   1 (-+):  45 found -  45 modified     |    TOTAL: 161
pass   2 (-+):   0 found -  45 modified     |    TOTAL: 161
Iteration Number : 2
pass   1 (xy+):   0 found -   0 modified     |    TOTAL:   0
pass   1 (xy-):   0 found -   0 modified     |    TOTAL:   0
pass   1 (yz+):   0 found -   0 modified     |    TOTAL:   0
pass   1 (yz-):   0 found -   0 modified     |    TOTAL:   0
pass   1 (xz+):   1 found -   1 modified     |    TOTAL:   1
pass   2 (xz+):   0 found -   1 modified     |    TOTAL:   1
pass   1 (xz-):   0 found -   0 modified     |    TOTAL:   1
Iteration Number : 2
pass   1 (+++):   0 found -   0 modified     |    TOTAL:   0
pass   1 (+++):   0 found -   0 modified     |    TOTAL:   0
pass   1 (+++):   0 found -   0 modified     |    TOTAL:   0
pass   1 (+++):   2 found -   2 modified     |    TOTAL:   2
pass   2 (+++):   0 found -   2 modified     |    TOTAL:   2
Iteration Number : 2
pass   1 (++):   0 found -   0 modified     |    TOTAL:   0
pass   1 (+-):   0 found -   0 modified     |    TOTAL:   0
pass   1 (--):   1 found -   1 modified     |    TOTAL:   1
pass   2 (--):   0 found -   1 modified     |    TOTAL:   1
pass   1 (-+):   0 found -   0 modified     |    TOTAL:   1
Iteration Number : 3
pass   1 (xy+):   0 found -   0 modified     |    TOTAL:   0
pass   1 (xy-):   0 found -   0 modified     |    TOTAL:   0
pass   1 (yz+):   0 found -   0 modified     |    TOTAL:   0
pass   1 (yz-):   0 found -   0 modified     |    TOTAL:   0
pass   1 (xz+):   0 found -   0 modified     |    TOTAL:   0
pass   1 (xz-):   0 found -   0 modified     |    TOTAL:   0
Iteration Number : 3
pass   1 (+++):   0 found -   0 modified     |    TOTAL:   0
pass   1 (+++):   0 found -   0 modified     |    TOTAL:   0
pass   1 (+++):   0 found -   0 modified     |    TOTAL:   0
pass   1 (+++):   0 found -   0 modified     |    TOTAL:   0
Iteration Number : 3
pass   1 (++):   0 found -   0 modified     |    TOTAL:   0
pass   1 (+-):   0 found -   0 modified     |    TOTAL:   0
pass   1 (--):   0 found -   0 modified     |    TOTAL:   0
pass   1 (-+):   0 found -   0 modified     |    TOTAL:   0

Total Number of Modified Voxels = 218 (out of 559079: 0.038993)
binarizing input wm segmentation...
Ambiguous edge configurations... 

mri_pretess done

#--------------------------------------------
#@# Fill Sun Mar 15 09:35:40 CET 2026
/out/sourcedata/freesurfer/sub-v2s10x28935_ses-1/mri

 mri_fill -a ../scripts/ponscc.cut.log -xform transforms/talairach.lta -segmentation aseg.presurf.mgz -ctab /opt/freesurfer/SubCorticalMassLUT.txt wm.mgz filled.mgz 

logging cutting plane coordinates to ../scripts/ponscc.cut.log...
INFO: Using transforms/talairach.lta and its offset for Talairach volume ...
using segmentation aseg.presurf.mgz...
reading input volume...done.
searching for cutting planes...voxel to talairach voxel transform
 1.02556   0.01687  -0.03292  -2.97774;
-0.01045   1.15767   0.17270   1.04686;
 0.03718  -0.11472   1.01192  -5.16719;
 0.00000   0.00000   0.00000   1.00000;
voxel to talairach voxel transform
 1.02556   0.01687  -0.03292  -2.97774;
-0.01045   1.15767   0.17270   1.04686;
 0.03718  -0.11472   1.01192  -5.16719;
 0.00000   0.00000   0.00000   1.00000;
reading segmented volume aseg.presurf.mgz
removing CC from segmentation
Looking for area (min, max) = (350, 1400)
area[0] = 1523 (min = 350, max = 1400), aspect = 0.53 (min = 0.10, max = 0.75)
need search nearby
using seed (127, 117, 91), TAL = (1.0, -37.0, 11.0)
talairach voxel to voxel transform
 0.97376  -0.01087   0.03353   3.08422;
 0.01389   0.84928  -0.14450  -1.59435;
-0.03420   0.09668   0.97061   4.81229;
 0.00000   0.00000   0.00000   1.00000;
segmentation indicates cc at (127,  117,  91) --> (1.0, -37.0, 11.0)
done.
filling took 0.6 minutes
talairach cc position changed to (1.00, -37.00, 11.00)
Erasing brainstem...done.
seed_search_size = 9, min_neighbors = 5
search rh wm seed point around talairach space:(19.00, -37.00, 11.00) SRC: (111.00, 86.14, 100.72)
search lh wm seed point around talairach space (-17.00, -37.00, 11.00), SRC: (146.06, 86.64, 99.49)
compute mri_fill using aseg
Erasing Brain Stem and Cerebellum ...
Define left and right masks using aseg:
Building Voronoi diagram ...
Using the Voronoi diagram for separating WM into two hemispheres ...
Find the largest connected component for each hemisphere ...
Embedding colortable
mri_fill done, writing output to filled.mgz...
 cp filled.mgz filled.auto.mgz

Started at Sun Mar 15 08:25:43 CET 2026 
Ended   at Sun Mar 15 09:36:19 CET 2026
#@#%# recon-all-run-time-hours 1.177
recon-all -s sub-v2s10x28935_ses-1 finished without error at Sun Mar 15 09:36:19 CET 2026



#New# invocation of recon-all 




Sun Mar 15 10:19:11 CET 2026
cd /out/sourcedata/freesurfer/sub-v2s10x28935_ses-1
setenv SUBJECTS_DIR /out/sourcedata/freesurfer
/opt/freesurfer/bin/recon-all -parallel -subjid sub-v2s10x28935_ses-1 -sd /out/sourcedata/freesurfer -cortribbon

subjid sub-v2s10x28935_ses-1
setenv SUBJECTS_DIR /out/sourcedata/freesurfer
FREESURFER_HOME /opt/freesurfer
Actual FREESURFER_HOME /opt/freesurfer
build-stamp.txt: freesurfer-linux-ubuntu22_x86_64-7.3.2-20220804-6354275
Linux dna069 5.14.0-427.37.1.el9_4.x86_64 #1 SMP PREEMPT_DYNAMIC Fri Sep 13 12:41:50 EDT 2024 x86_64 x86_64 x86_64 GNU/Linux
cputime      unlimited
filesize     unlimited
datasize     unlimited
stacksize    8192 kbytes
coredumpsize 0 kbytes
memoryuse    67108864 kbytes
vmemoryuse   unlimited
descriptors  1024 
memorylocked unlimited
maxproc      2061970 
maxlocks     unlimited
maxsignal    2062029 
maxmessage   819200 
maxnice      0 
maxrtprio    0 
maxrttime    unlimited

               total        used        free      shared  buff/cache   available
Mem:           503Gi        55Gi       250Gi       9.0Gi       197Gi       435Gi
Swap:             0B          0B          0B

########################################
program versions used
7.3.2 (freesurfer-linux-ubuntu22_x86_64-7.3.2-20220804-6354275)
7.3.2

ProgramName: lta_convert  ProgramArguments: lta_convert -all-info  ProgramVersion: 7.3.2  TimeStamp: 2026/03/15-09:19:11-GMT  BuildTime: Aug  4 2022 06:17:15  BuildStamp: freesurfer-linux-ubuntu22_x86_64-7.3.2-20220804-6354275  User: oesteban  Machine: dna069  Platform: Linux  PlatformVersion: 5.14.0-427.37.1.el9_4.x86_64  CompilerName: GCC  CompilerVersion: 8.4.0
ProgramName: mri_and  ProgramArguments: mri_and -all-info  ProgramVersion: 7.3.2  TimeStamp: 2026/03/15-09:19:11-GMT  BuildTime: Aug  4 2022 06:17:15  BuildStamp: freesurfer-linux-ubuntu22_x86_64-7.3.2-20220804-6354275  User: oesteban  Machine: dna069  Platform: Linux  PlatformVersion: 5.14.0-427.37.1.el9_4.x86_64  CompilerName: GCC  CompilerVersion: 8.4.0
ProgramName: mri_annotation2label  ProgramArguments: mri_annotation2label -all-info  ProgramVersion: 7.3.2  TimeStamp: 2026/03/15-09:19:11-GMT  BuildTime: Aug  4 2022 06:17:15  BuildStamp: freesurfer-linux-ubuntu22_x86_64-7.3.2-20220804-6354275  User: oesteban  Machine: dna069  Platform: Linux  PlatformVersion: 5.14.0-427.37.1.el9_4.x86_64  CompilerName: GCC  CompilerVersion: 8.4.0
ProgramName: mri_aparc2aseg  ProgramArguments: mri_aparc2aseg -all-info  ProgramVersion: 7.3.2  TimeStamp: 2026/03/15-09:19:11-GMT  BuildTime: Aug  4 2022 06:17:15  BuildStamp: freesurfer-linux-ubuntu22_x86_64-7.3.2-20220804-6354275  User: oesteban  Machine: dna069  Platform: Linux  PlatformVersion: 5.14.0-427.37.1.el9_4.x86_64  CompilerName: GCC  CompilerVersion: 8.4.0
ProgramName: mri_surf2volseg  ProgramArguments: mri_surf2volseg -all-info  ProgramVersion: 7.3.2  TimeStamp: 2026/03/15-09:19:11-GMT  BuildTime: Aug  4 2022 06:17:15  BuildStamp: freesurfer-linux-ubuntu22_x86_64-7.3.2-20220804-6354275  User: oesteban  Machine: dna069  Platform: Linux  PlatformVersion: 5.14.0-427.37.1.el9_4.x86_64  CompilerName: GCC  CompilerVersion: 8.4.0
ProgramName: mri_binarize  ProgramArguments: mri_binarize -all-info  ProgramVersion: 7.3.2  TimeStamp: 2026/03/15-09:19:11-GMT  BuildTime: Aug  4 2022 06:17:15  BuildStamp: freesurfer-linux-ubuntu22_x86_64-7.3.2-20220804-6354275  User: oesteban  Machine: dna069  Platform: Linux  PlatformVersion: 5.14.0-427.37.1.el9_4.x86_64  CompilerName: GCC  CompilerVersion: 8.4.0
ProgramName: mri_ca_label  ProgramArguments: mri_ca_label -all-info  ProgramVersion: 7.3.2  TimeStamp: 2026/03/15-09:19:11-GMT  BuildTime: Aug  4 2022 06:17:15  BuildStamp: freesurfer-linux-ubuntu22_x86_64-7.3.2-20220804-6354275  User: oesteban  Machine: dna069  Platform: Linux  PlatformVersion: 5.14.0-427.37.1.el9_4.x86_64  CompilerName: GCC  CompilerVersion: 8.4.0
ProgramName: mri_ca_normalize  ProgramArguments: mri_ca_normalize -all-info  ProgramVersion: 7.3.2  TimeStamp: 2026/03/15-09:19:11-GMT  BuildTime: Aug  4 2022 06:17:15  BuildStamp: freesurfer-linux-ubuntu22_x86_64-7.3.2-20220804-6354275  User: oesteban  Machine: dna069  Platform: Linux  PlatformVersion: 5.14.0-427.37.1.el9_4.x86_64  CompilerName: GCC  CompilerVersion: 8.4.0
ProgramName: mri_ca_register  ProgramArguments: mri_ca_register -all-info  ProgramVersion: 7.3.2  TimeStamp: 2026/03/15-09:19:11-GMT  BuildTime: Aug  4 2022 06:17:15  BuildStamp: freesurfer-linux-ubuntu22_x86_64-7.3.2-20220804-6354275  User: oesteban  Machine: dna069  Platform: Linux  PlatformVersion: 5.14.0-427.37.1.el9_4.x86_64  CompilerName: GCC  CompilerVersion: 8.4.0
ProgramName: mri_cc  ProgramArguments: mri_cc -all-info  ProgramVersion: 7.3.2  TimeStamp: 2026/03/15-09:19:11-GMT  BuildTime: Aug  4 2022 06:17:15  BuildStamp: freesurfer-linux-ubuntu22_x86_64-7.3.2-20220804-6354275  User: oesteban  Machine: dna069  Platform: Linux  PlatformVersion: 5.14.0-427.37.1.el9_4.x86_64  CompilerName: GCC  CompilerVersion: 8.4.0
ProgramName: mri_compute_overlap  ProgramArguments: mri_compute_overlap -all-info  ProgramVersion: 7.3.2  TimeStamp: 2026/03/15-09:19:11-GMT  BuildTime: Aug  4 2022 06:17:15  BuildStamp: freesurfer-linux-ubuntu22_x86_64-7.3.2-20220804-6354275  User: oesteban  Machine: dna069  Platform: Linux  PlatformVersion: 5.14.0-427.37.1.el9_4.x86_64  CompilerName: GCC  CompilerVersion: 8.4.0
ProgramName: mri_compute_seg_overlap  ProgramArguments: mri_compute_seg_overlap -all-info  ProgramVersion: 7.3.2  TimeStamp: 2026/03/15-09:19:11-GMT  BuildTime: Aug  4 2022 06:17:15  BuildStamp: freesurfer-linux-ubuntu22_x86_64-7.3.2-20220804-6354275  User: oesteban  Machine: dna069  Platform: Linux  PlatformVersion: 5.14.0-427.37.1.el9_4.x86_64  CompilerName: GCC  CompilerVersion: 8.4.0
ProgramName: mri_concat  ProgramArguments: mri_concat -all-info  ProgramVersion: 7.3.2  TimeStamp: 2026/03/15-09:19:11-GMT  BuildTime: Aug  4 2022 06:17:15  BuildStamp: freesurfer-linux-ubuntu22_x86_64-7.3.2-20220804-6354275  User: oesteban  Machine: dna069  Platform: Linux  PlatformVersion: 5.14.0-427.37.1.el9_4.x86_64  CompilerName: GCC  CompilerVersion: 8.4.0
ProgramName: mri_concatenate_lta  ProgramArguments: mri_concatenate_lta -all-info  ProgramVersion: 7.3.2  TimeStamp: 2026/03/15-09:19:11-GMT  BuildTime: Aug  4 2022 06:17:15  BuildStamp: freesurfer-linux-ubuntu22_x86_64-7.3.2-20220804-6354275  User: oesteban  Machine: dna069  Platform: Linux  PlatformVersion: 5.14.0-427.37.1.el9_4.x86_64  CompilerName: GCC  CompilerVersion: 8.4.0
mri_convert -all-info 
ProgramName: mri_convert  ProgramArguments: mri_convert -all-info  ProgramVersion: 7.3.2  TimeStamp: 2026/03/15-09:19:11-GMT  BuildTime: Aug  4 2022 06:17:15  BuildStamp: freesurfer-linux-ubuntu22_x86_64-7.3.2-20220804-6354275  User: oesteban  Machine: dna069  Platform: Linux  PlatformVersion: 5.14.0-427.37.1.el9_4.x86_64  CompilerName: GCC  CompilerVersion: 8.4.0
ProgramName: mri_diff  ProgramArguments: mri_diff -all-info  ProgramVersion: 7.3.2  TimeStamp: 2026/03/15-09:19:11-GMT  BuildTime: Aug  4 2022 06:17:15  BuildStamp: freesurfer-linux-ubuntu22_x86_64-7.3.2-20220804-6354275  User: oesteban  Machine: dna069  Platform: Linux  PlatformVersion: 5.14.0-427.37.1.el9_4.x86_64  CompilerName: GCC  CompilerVersion: 8.4.0
ProgramName: mri_edit_wm_with_aseg  ProgramArguments: mri_edit_wm_with_aseg -all-info  ProgramVersion: 7.3.2  TimeStamp: 2026/03/15-09:19:11-GMT  BuildTime: Aug  4 2022 06:17:15  BuildStamp: freesurfer-linux-ubuntu22_x86_64-7.3.2-20220804-6354275  User: oesteban  Machine: dna069  Platform: Linux  PlatformVersion: 5.14.0-427.37.1.el9_4.x86_64  CompilerName: GCC  CompilerVersion: 8.4.0
ProgramName: mri_em_register  ProgramArguments: mri_em_register -all-info  ProgramVersion: 7.3.2  TimeStamp: 2026/03/15-09:19:11-GMT  BuildTime: Aug  4 2022 06:17:15  BuildStamp: freesurfer-linux-ubuntu22_x86_64-7.3.2-20220804-6354275  User: oesteban  Machine: dna069  Platform: Linux  PlatformVersion: 5.14.0-427.37.1.el9_4.x86_64  CompilerName: GCC  CompilerVersion: 8.4.0
ProgramName: mri_fill  ProgramArguments: mri_fill -all-info  ProgramVersion: 7.3.2  TimeStamp: 2026/03/15-09:19:11-GMT  BuildTime: Aug  4 2022 06:17:15  BuildStamp: freesurfer-linux-ubuntu22_x86_64-7.3.2-20220804-6354275  User: oesteban  Machine: dna069  Platform: Linux  PlatformVersion: 5.14.0-427.37.1.el9_4.x86_64  CompilerName: GCC  CompilerVersion: 8.4.0
ProgramName: mri_fuse_segmentations  ProgramArguments: mri_fuse_segmentations -all-info  ProgramVersion: 7.3.2  TimeStamp: 2026/03/15-09:19:11-GMT  BuildTime: Aug  4 2022 06:17:15  BuildStamp: freesurfer-linux-ubuntu22_x86_64-7.3.2-20220804-6354275  User: oesteban  Machine: dna069  Platform: Linux  PlatformVersion: 5.14.0-427.37.1.el9_4.x86_64  CompilerName: GCC  CompilerVersion: 8.4.0
ProgramName: mri_fwhm  ProgramArguments: mri_fwhm -all-info  ProgramVersion: 7.3.2  TimeStamp: 2026/03/15-09:19:11-GMT  BuildTime: Aug  4 2022 06:17:15  BuildStamp: freesurfer-linux-ubuntu22_x86_64-7.3.2-20220804-6354275  User: oesteban  Machine: dna069  Platform: Linux  PlatformVersion: 5.14.0-427.37.1.el9_4.x86_64  CompilerName: GCC  CompilerVersion: 8.4.0
ProgramName: mri_gcut  ProgramArguments: mri_gcut -all-info  ProgramVersion: 7.3.2  TimeStamp: 2026/03/15-09:19:11-GMT  BuildTime: Aug  4 2022 06:17:15  BuildStamp: freesurfer-linux-ubuntu22_x86_64-7.3.2-20220804-6354275  User: oesteban  Machine: dna069  Platform: Linux  PlatformVersion: 5.14.0-427.37.1.el9_4.x86_64  CompilerName: GCC  CompilerVersion: 8.4.0
ProgramName: mri_info  ProgramArguments: mri_info -all-info  ProgramVersion: 7.3.2  TimeStamp: 2026/03/15-09:19:11-GMT  BuildTime: Aug  4 2022 06:17:15  BuildStamp: freesurfer-linux-ubuntu22_x86_64-7.3.2-20220804-6354275  User: oesteban  Machine: dna069  Platform: Linux  PlatformVersion: 5.14.0-427.37.1.el9_4.x86_64  CompilerName: GCC  CompilerVersion: 8.4.0
ProgramName: mri_label2label  ProgramArguments: mri_label2label -all-info  ProgramVersion: 7.3.2  TimeStamp: 2026/03/15-09:19:11-GMT  BuildTime: Aug  4 2022 06:17:15  BuildStamp: freesurfer-linux-ubuntu22_x86_64-7.3.2-20220804-6354275  User: oesteban  Machine: dna069  Platform: Linux  PlatformVersion: 5.14.0-427.37.1.el9_4.x86_64  CompilerName: GCC  CompilerVersion: 8.4.0
ProgramName: mri_label2vol  ProgramArguments: mri_label2vol -all-info  ProgramVersion: 7.3.2  TimeStamp: 2026/03/15-09:19:11-GMT  BuildTime: Aug  4 2022 06:17:15  BuildStamp: freesurfer-linux-ubuntu22_x86_64-7.3.2-20220804-6354275  User: oesteban  Machine: dna069  Platform: Linux  PlatformVersion: 5.14.0-427.37.1.el9_4.x86_64  CompilerName: GCC  CompilerVersion: 8.4.0
ProgramName: mri_log_likelihood  ProgramArguments: mri_log_likelihood -all-info  ProgramVersion: 7.3.2  TimeStamp: 2026/03/15-09:19:11-GMT  BuildTime: Aug  4 2022 06:17:15  BuildStamp: freesurfer-linux-ubuntu22_x86_64-7.3.2-20220804-6354275  User: oesteban  Machine: dna069  Platform: Linux  PlatformVersion: 5.14.0-427.37.1.el9_4.x86_64  CompilerName: GCC  CompilerVersion: 8.4.0
ProgramName: mri_mask  ProgramArguments: mri_mask -all-info  ProgramVersion: 7.3.2  TimeStamp: 2026/03/15-09:19:11-GMT  BuildTime: Aug  4 2022 06:17:15  BuildStamp: freesurfer-linux-ubuntu22_x86_64-7.3.2-20220804-6354275  User: oesteban  Machine: dna069  Platform: Linux  PlatformVersion: 5.14.0-427.37.1.el9_4.x86_64  CompilerName: GCC  CompilerVersion: 8.4.0
ProgramName: mri_matrix_multiply  ProgramArguments: mri_matrix_multiply -all-info  ProgramVersion: 7.3.2  TimeStamp: 2026/03/15-09:19:11-GMT  BuildTime: Aug  4 2022 06:17:15  BuildStamp: freesurfer-linux-ubuntu22_x86_64-7.3.2-20220804-6354275  User: oesteban  Machine: dna069  Platform: Linux  PlatformVersion: 5.14.0-427.37.1.el9_4.x86_64  CompilerName: GCC  CompilerVersion: 8.4.0
ProgramName: mri_normalize  ProgramArguments: mri_normalize -all-info  ProgramVersion: 7.3.2  TimeStamp: 2026/03/15-09:19:11-GMT  BuildTime: Aug  4 2022 06:17:15  BuildStamp: freesurfer-linux-ubuntu22_x86_64-7.3.2-20220804-6354275  User: oesteban  Machine: dna069  Platform: Linux  PlatformVersion: 5.14.0-427.37.1.el9_4.x86_64  CompilerName: GCC  CompilerVersion: 8.4.0
ProgramName: mri_normalize_tp2  ProgramArguments: mri_normalize_tp2 -all-info  ProgramVersion: 7.3.2  TimeStamp: 2026/03/15-09:19:11-GMT  BuildTime: Aug  4 2022 06:17:15  BuildStamp: freesurfer-linux-ubuntu22_x86_64-7.3.2-20220804-6354275  User: oesteban  Machine: dna069  Platform: Linux  PlatformVersion: 5.14.0-427.37.1.el9_4.x86_64  CompilerName: GCC  CompilerVersion: 8.4.0
ProgramName: mri_or  ProgramArguments: mri_or -all-info  ProgramVersion: 7.3.2  TimeStamp: 2026/03/15-09:19:11-GMT  BuildTime: Aug  4 2022 06:17:15  BuildStamp: freesurfer-linux-ubuntu22_x86_64-7.3.2-20220804-6354275  User: oesteban  Machine: dna069  Platform: Linux  PlatformVersion: 5.14.0-427.37.1.el9_4.x86_64  CompilerName: GCC  CompilerVersion: 8.4.0
ProgramName: mri_relabel_hypointensities  ProgramArguments: mri_relabel_hypointensities -all-info  ProgramVersion: 7.3.2  TimeStamp: 2026/03/15-09:19:11-GMT  BuildTime: Aug  4 2022 06:17:15  BuildStamp: freesurfer-linux-ubuntu22_x86_64-7.3.2-20220804-6354275  User: oesteban  Machine: dna069  Platform: Linux  PlatformVersion: 5.14.0-427.37.1.el9_4.x86_64  CompilerName: GCC  CompilerVersion: 8.4.0
ProgramName: mri_relabel_nonwm_hypos  ProgramArguments: mri_relabel_nonwm_hypos -all-info  ProgramVersion: 7.3.2  TimeStamp: 2026/03/15-09:19:11-GMT  BuildTime: Aug  4 2022 06:17:15  BuildStamp: freesurfer-linux-ubuntu22_x86_64-7.3.2-20220804-6354275  User: oesteban  Machine: dna069  Platform: Linux  PlatformVersion: 5.14.0-427.37.1.el9_4.x86_64  CompilerName: GCC  CompilerVersion: 8.4.0
ProgramName: mri_remove_neck  ProgramArguments: mri_remove_neck -all-info  ProgramVersion: 7.3.2  TimeStamp: 2026/03/15-09:19:11-GMT  BuildTime: Aug  4 2022 06:17:15  BuildStamp: freesurfer-linux-ubuntu22_x86_64-7.3.2-20220804-6354275  User: oesteban  Machine: dna069  Platform: Linux  PlatformVersion: 5.14.0-427.37.1.el9_4.x86_64  CompilerName: GCC  CompilerVersion: 8.4.0
7.3.2

ProgramName: mri_robust_register  ProgramArguments: mri_robust_register -all-info  ProgramVersion: 7.3.2  TimeStamp: 2026/03/15-09:19:11-GMT  BuildTime: Aug  4 2022 06:17:15  BuildStamp: freesurfer-linux-ubuntu22_x86_64-7.3.2-20220804-6354275  User: oesteban  Machine: dna069  Platform: Linux  PlatformVersion: 5.14.0-427.37.1.el9_4.x86_64  CompilerName: GCC  CompilerVersion: 8.4.0
7.3.2

ProgramName: mri_robust_template  ProgramArguments: mri_robust_template -all-info  ProgramVersion: 7.3.2  TimeStamp: 2026/03/15-09:19:11-GMT  BuildTime: Aug  4 2022 06:17:15  BuildStamp: freesurfer-linux-ubuntu22_x86_64-7.3.2-20220804-6354275  User: oesteban  Machine: dna069  Platform: Linux  PlatformVersion: 5.14.0-427.37.1.el9_4.x86_64  CompilerName: GCC  CompilerVersion: 8.4.0
ProgramName: mris_anatomical_stats  ProgramArguments: mris_anatomical_stats -all-info  ProgramVersion: 7.3.2  TimeStamp: 2026/03/15-09:19:11-GMT  BuildTime: Aug  4 2022 06:17:15  BuildStamp: freesurfer-linux-ubuntu22_x86_64-7.3.2-20220804-6354275  User: oesteban  Machine: dna069  Platform: Linux  PlatformVersion: 5.14.0-427.37.1.el9_4.x86_64  CompilerName: GCC  CompilerVersion: 8.4.0
ProgramName: mris_ca_label  ProgramArguments: mris_ca_label -all-info  ProgramVersion: 7.3.2  TimeStamp: 2026/03/15-09:19:11-GMT  BuildTime: Aug  4 2022 06:17:15  BuildStamp: freesurfer-linux-ubuntu22_x86_64-7.3.2-20220804-6354275  User: oesteban  Machine: dna069  Platform: Linux  PlatformVersion: 5.14.0-427.37.1.el9_4.x86_64  CompilerName: GCC  CompilerVersion: 8.4.0
ProgramName: mris_calc  ProgramArguments: mris_calc -all-info  ProgramVersion: 7.3.2  TimeStamp: 2026/03/15-09:19:11-GMT  BuildTime: Aug  4 2022 06:17:15  BuildStamp: freesurfer-linux-ubuntu22_x86_64-7.3.2-20220804-6354275  User: oesteban  Machine: dna069  Platform: Linux  PlatformVersion: 5.14.0-427.37.1.el9_4.x86_64  CompilerName: GCC  CompilerVersion: 8.4.0
ProgramName: mris_convert  ProgramArguments: mris_convert -all-info  ProgramVersion: 7.3.2  TimeStamp: 2026/03/15-09:19:11-GMT  BuildTime: Aug  4 2022 06:17:15  BuildStamp: freesurfer-linux-ubuntu22_x86_64-7.3.2-20220804-6354275  User: oesteban  Machine: dna069  Platform: Linux  PlatformVersion: 5.14.0-427.37.1.el9_4.x86_64  CompilerName: GCC  CompilerVersion: 8.4.0
ProgramName: mris_curvature  ProgramArguments: mris_curvature -all-info  ProgramVersion: 7.3.2  TimeStamp: 2026/03/15-09:19:11-GMT  BuildTime: Aug  4 2022 06:17:15  BuildStamp: freesurfer-linux-ubuntu22_x86_64-7.3.2-20220804-6354275  User: oesteban  Machine: dna069  Platform: Linux  PlatformVersion: 5.14.0-427.37.1.el9_4.x86_64  CompilerName: GCC  CompilerVersion: 8.4.0
ProgramName: mris_curvature_stats  ProgramArguments: mris_curvature_stats -all-info  ProgramVersion: 7.3.2  TimeStamp: 2026/03/15-09:19:11-GMT  BuildTime: Aug  4 2022 06:17:15  BuildStamp: freesurfer-linux-ubuntu22_x86_64-7.3.2-20220804-6354275  User: oesteban  Machine: dna069  Platform: Linux  PlatformVersion: 5.14.0-427.37.1.el9_4.x86_64  CompilerName: GCC  CompilerVersion: 8.4.0
ProgramName: mris_diff  ProgramArguments: mris_diff -all-info  ProgramVersion: 7.3.2  TimeStamp: 2026/03/15-09:19:11-GMT  BuildTime: Aug  4 2022 06:17:15  BuildStamp: freesurfer-linux-ubuntu22_x86_64-7.3.2-20220804-6354275  User: oesteban  Machine: dna069  Platform: Linux  PlatformVersion: 5.14.0-427.37.1.el9_4.x86_64  CompilerName: GCC  CompilerVersion: 8.4.0
ProgramName: mris_divide_parcellation  ProgramArguments: mris_divide_parcellation -all-info  ProgramVersion: 7.3.2  TimeStamp: 2026/03/15-09:19:11-GMT  BuildTime: Aug  4 2022 06:17:15  BuildStamp: freesurfer-linux-ubuntu22_x86_64-7.3.2-20220804-6354275  User: oesteban  Machine: dna069  Platform: Linux  PlatformVersion: 5.14.0-427.37.1.el9_4.x86_64  CompilerName: GCC  CompilerVersion: 8.4.0
ProgramName: mri_segment  ProgramArguments: mri_segment -all-info  ProgramVersion: 7.3.2  TimeStamp: 2026/03/15-09:19:11-GMT  BuildTime: Aug  4 2022 06:17:15  BuildStamp: freesurfer-linux-ubuntu22_x86_64-7.3.2-20220804-6354275  User: oesteban  Machine: dna069  Platform: Linux  PlatformVersion: 5.14.0-427.37.1.el9_4.x86_64  CompilerName: GCC  CompilerVersion: 8.4.0
ProgramName: mri_segstats  ProgramArguments: mri_segstats -all-info  ProgramVersion: 7.3.2  TimeStamp: 2026/03/15-09:19:11-GMT  BuildTime: Aug  4 2022 06:17:15  BuildStamp: freesurfer-linux-ubuntu22_x86_64-7.3.2-20220804-6354275  User: oesteban  Machine: dna069  Platform: Linux  PlatformVersion: 5.14.0-427.37.1.el9_4.x86_64  CompilerName: GCC  CompilerVersion: 8.4.0
ProgramName: mris_euler_number  ProgramArguments: mris_euler_number -all-info  ProgramVersion: 7.3.2  TimeStamp: 2026/03/15-09:19:11-GMT  BuildTime: Aug  4 2022 06:17:15  BuildStamp: freesurfer-linux-ubuntu22_x86_64-7.3.2-20220804-6354275  User: oesteban  Machine: dna069  Platform: Linux  PlatformVersion: 5.14.0-427.37.1.el9_4.x86_64  CompilerName: GCC  CompilerVersion: 8.4.0
ProgramName: mris_fix_topology  ProgramArguments: mris_fix_topology -all-info  ProgramVersion: 7.3.2  TimeStamp: 2026/03/15-09:19:11-GMT  BuildTime: Aug  4 2022 06:17:15  BuildStamp: freesurfer-linux-ubuntu22_x86_64-7.3.2-20220804-6354275  User: oesteban  Machine: dna069  Platform: Linux  PlatformVersion: 5.14.0-427.37.1.el9_4.x86_64  CompilerName: GCC  CompilerVersion: 8.4.0
ProgramName: mris_topo_fixer  ProgramArguments: mris_topo_fixer -all-info  ProgramVersion: 7.3.2  TimeStamp: 2026/03/15-09:19:11-GMT  BuildTime: Aug  4 2022 06:17:15  BuildStamp: freesurfer-linux-ubuntu22_x86_64-7.3.2-20220804-6354275  User: oesteban  Machine: dna069  Platform: Linux  PlatformVersion: 5.14.0-427.37.1.el9_4.x86_64  CompilerName: GCC  CompilerVersion: 8.4.0
ProgramName: mris_jacobian  ProgramArguments: mris_jacobian -all-info  ProgramVersion: 7.3.2  TimeStamp: 2026/03/15-09:19:11-GMT  BuildTime: Aug  4 2022 06:17:15  BuildStamp: freesurfer-linux-ubuntu22_x86_64-7.3.2-20220804-6354275  User: oesteban  Machine: dna069  Platform: Linux  PlatformVersion: 5.14.0-427.37.1.el9_4.x86_64  CompilerName: GCC  CompilerVersion: 8.4.0
ProgramName: mris_label2annot  ProgramArguments: mris_label2annot -all-info  ProgramVersion: 7.3.2  TimeStamp: 2026/03/15-09:19:11-GMT  BuildTime: Aug  4 2022 06:17:15  BuildStamp: freesurfer-linux-ubuntu22_x86_64-7.3.2-20220804-6354275  User: oesteban  Machine: dna069  Platform: Linux  PlatformVersion: 5.14.0-427.37.1.el9_4.x86_64  CompilerName: GCC  CompilerVersion: 8.4.0
ProgramName: mris_left_right_register  ProgramArguments: mris_left_right_register -all-info  ProgramVersion: 7.3.2  TimeStamp: 2026/03/15-09:19:11-GMT  BuildTime: Aug  4 2022 06:17:15  BuildStamp: freesurfer-linux-ubuntu22_x86_64-7.3.2-20220804-6354275  User: oesteban  Machine: dna069  Platform: Linux  PlatformVersion: 5.14.0-427.37.1.el9_4.x86_64  CompilerName: GCC  CompilerVersion: 8.4.0
ProgramName: mris_place_surface  ProgramArguments: mris_place_surface -all-info  ProgramVersion: 7.3.2  TimeStamp: 2026/03/15-09:19:11-GMT  BuildTime: Aug  4 2022 06:17:15  BuildStamp: freesurfer-linux-ubuntu22_x86_64-7.3.2-20220804-6354275  User: oesteban  Machine: dna069  Platform: Linux  PlatformVersion: 5.14.0-427.37.1.el9_4.x86_64  CompilerName: GCC  CompilerVersion: 8.4.0
ProgramName: mrisp_paint  ProgramArguments: mrisp_paint -all-info  ProgramVersion: 7.3.2  TimeStamp: 2026/03/15-09:19:11-GMT  BuildTime: Aug  4 2022 06:17:15  BuildStamp: freesurfer-linux-ubuntu22_x86_64-7.3.2-20220804-6354275  User: oesteban  Machine: dna069  Platform: Linux  PlatformVersion: 5.14.0-427.37.1.el9_4.x86_64  CompilerName: GCC  CompilerVersion: 8.4.0
ProgramName: mris_register  ProgramArguments: mris_register -all-info  ProgramVersion: 7.3.2  TimeStamp: 2026/03/15-09:19:11-GMT  BuildTime: Aug  4 2022 06:17:15  BuildStamp: freesurfer-linux-ubuntu22_x86_64-7.3.2-20220804-6354275  User: oesteban  Machine: dna069  Platform: Linux  PlatformVersion: 5.14.0-427.37.1.el9_4.x86_64  CompilerName: GCC  CompilerVersion: 8.4.0
ProgramName: mris_smooth  ProgramArguments: mris_smooth -all-info  ProgramVersion: 7.3.2  TimeStamp: 2026/03/15-09:19:11-GMT  BuildTime: Aug  4 2022 06:17:15  BuildStamp: freesurfer-linux-ubuntu22_x86_64-7.3.2-20220804-6354275  User: oesteban  Machine: dna069  Platform: Linux  PlatformVersion: 5.14.0-427.37.1.el9_4.x86_64  CompilerName: GCC  CompilerVersion: 8.4.0
ProgramName: mris_sphere  ProgramArguments: mris_sphere -all-info  ProgramVersion: 7.3.2  TimeStamp: 2026/03/15-09:19:11-GMT  BuildTime: Aug  4 2022 06:17:15  BuildStamp: freesurfer-linux-ubuntu22_x86_64-7.3.2-20220804-6354275  User: oesteban  Machine: dna069  Platform: Linux  PlatformVersion: 5.14.0-427.37.1.el9_4.x86_64  CompilerName: GCC  CompilerVersion: 8.4.0
ProgramName: mris_surface_stats  ProgramArguments: mris_surface_stats -all-info  ProgramVersion: 7.3.2  TimeStamp: 2026/03/15-09:19:11-GMT  BuildTime: Aug  4 2022 06:17:15  BuildStamp: freesurfer-linux-ubuntu22_x86_64-7.3.2-20220804-6354275  User: oesteban  Machine: dna069  Platform: Linux  PlatformVersion: 5.14.0-427.37.1.el9_4.x86_64  CompilerName: GCC  CompilerVersion: 8.4.0
ProgramName: mri_stats2seg  ProgramArguments: mri_stats2seg -all-info  ProgramVersion: 7.3.2  TimeStamp: 2026/03/15-09:19:11-GMT  BuildTime: Aug  4 2022 06:17:15  BuildStamp: freesurfer-linux-ubuntu22_x86_64-7.3.2-20220804-6354275  User: oesteban  Machine: dna069  Platform: Linux  PlatformVersion: 5.14.0-427.37.1.el9_4.x86_64  CompilerName: GCC  CompilerVersion: 8.4.0
ProgramName: mris_thickness  ProgramArguments: mris_thickness -all-info  ProgramVersion: 7.3.2  TimeStamp: 2026/03/15-09:19:11-GMT  BuildTime: Aug  4 2022 06:17:15  BuildStamp: freesurfer-linux-ubuntu22_x86_64-7.3.2-20220804-6354275  User: oesteban  Machine: dna069  Platform: Linux  PlatformVersion: 5.14.0-427.37.1.el9_4.x86_64  CompilerName: GCC  CompilerVersion: 8.4.0
ProgramName: mris_thickness_diff  ProgramArguments: mris_thickness_diff -all-info  ProgramVersion: 7.3.2  TimeStamp: 2026/03/15-09:19:11-GMT  BuildTime: Aug  4 2022 06:17:15  BuildStamp: freesurfer-linux-ubuntu22_x86_64-7.3.2-20220804-6354275  User: oesteban  Machine: dna069  Platform: Linux  PlatformVersion: 5.14.0-427.37.1.el9_4.x86_64  CompilerName: GCC  CompilerVersion: 8.4.0
ProgramName: mris_topo_fixer  ProgramArguments: mris_topo_fixer -all-info  ProgramVersion: 7.3.2  TimeStamp: 2026/03/15-09:19:11-GMT  BuildTime: Aug  4 2022 06:17:15  BuildStamp: freesurfer-linux-ubuntu22_x86_64-7.3.2-20220804-6354275  User: oesteban  Machine: dna069  Platform: Linux  PlatformVersion: 5.14.0-427.37.1.el9_4.x86_64  CompilerName: GCC  CompilerVersion: 8.4.0
ProgramName: mri_surf2surf  ProgramArguments: mri_surf2surf -all-info  ProgramVersion: 7.3.2  TimeStamp: 2026/03/15-09:19:11-GMT  BuildTime: Aug  4 2022 06:17:15  BuildStamp: freesurfer-linux-ubuntu22_x86_64-7.3.2-20220804-6354275  User: oesteban  Machine: dna069  Platform: Linux  PlatformVersion: 5.14.0-427.37.1.el9_4.x86_64  CompilerName: GCC  CompilerVersion: 8.4.0
ProgramName: mri_surf2vol  ProgramArguments: mri_surf2vol -all-info  ProgramVersion: 7.3.2  TimeStamp: 2026/03/15-09:19:11-GMT  BuildTime: Aug  4 2022 06:17:15  BuildStamp: freesurfer-linux-ubuntu22_x86_64-7.3.2-20220804-6354275  User: oesteban  Machine: dna069  Platform: Linux  PlatformVersion: 5.14.0-427.37.1.el9_4.x86_64  CompilerName: GCC  CompilerVersion: 8.4.0
ProgramName: mri_surfcluster  ProgramArguments: mri_surfcluster -all-info  ProgramVersion: 7.3.2  TimeStamp: 2026/03/15-09:19:11-GMT  BuildTime: Aug  4 2022 06:17:15  BuildStamp: freesurfer-linux-ubuntu22_x86_64-7.3.2-20220804-6354275  User: oesteban  Machine: dna069  Platform: Linux  PlatformVersion: 5.14.0-427.37.1.el9_4.x86_64  CompilerName: GCC  CompilerVersion: 8.4.0
ProgramName: mris_volmask  ProgramArguments: mris_volmask -all-info  ProgramVersion: 7.3.2  TimeStamp: 2026/03/15-09:19:11-GMT  BuildTime: Aug  4 2022 06:17:15  BuildStamp: freesurfer-linux-ubuntu22_x86_64-7.3.2-20220804-6354275  User: oesteban  Machine: dna069  Platform: Linux  PlatformVersion: 5.14.0-427.37.1.el9_4.x86_64  CompilerName: GCC  CompilerVersion: 8.4.0
ProgramName: mri_tessellate  ProgramArguments: mri_tessellate -all-info  ProgramVersion: 7.3.2  TimeStamp: 2026/03/15-09:19:11-GMT  BuildTime: Aug  4 2022 06:17:15  BuildStamp: freesurfer-linux-ubuntu22_x86_64-7.3.2-20220804-6354275  User: oesteban  Machine: dna069  Platform: Linux  PlatformVersion: 5.14.0-427.37.1.el9_4.x86_64  CompilerName: GCC  CompilerVersion: 8.4.0
ProgramName: mri_vol2surf  ProgramArguments: mri_vol2surf -all-info  ProgramVersion: 7.3.2  TimeStamp: 2026/03/15-09:19:11-GMT  BuildTime: Aug  4 2022 06:17:15  BuildStamp: freesurfer-linux-ubuntu22_x86_64-7.3.2-20220804-6354275  User: oesteban  Machine: dna069  Platform: Linux  PlatformVersion: 5.14.0-427.37.1.el9_4.x86_64  CompilerName: GCC  CompilerVersion: 8.4.0
ProgramName: mri_vol2vol  ProgramArguments: mri_vol2vol -all-info  ProgramVersion: 7.3.2  TimeStamp: 2026/03/15-09:19:11-GMT  BuildTime: Aug  4 2022 06:17:15  BuildStamp: freesurfer-linux-ubuntu22_x86_64-7.3.2-20220804-6354275  User: oesteban  Machine: dna069  Platform: Linux  PlatformVersion: 5.14.0-427.37.1.el9_4.x86_64  CompilerName: GCC  CompilerVersion: 8.4.0
ProgramName: mri_voldiff  ProgramArguments: mri_voldiff -all-info  ProgramVersion: 7.3.2  TimeStamp: 2026/03/15-09:19:11-GMT  BuildTime: Aug  4 2022 06:17:15  BuildStamp: freesurfer-linux-ubuntu22_x86_64-7.3.2-20220804-6354275  User: oesteban  Machine: dna069  Platform: Linux  PlatformVersion: 5.14.0-427.37.1.el9_4.x86_64  CompilerName: GCC  CompilerVersion: 8.4.0
ProgramName: mri_watershed  ProgramArguments: mri_watershed -all-info  ProgramVersion: 7.3.2  TimeStamp: 2026/03/15-09:19:11-GMT  BuildTime: Aug  4 2022 06:17:15  BuildStamp: freesurfer-linux-ubuntu22_x86_64-7.3.2-20220804-6354275  User: oesteban  Machine: dna069  Platform: Linux  PlatformVersion: 5.14.0-427.37.1.el9_4.x86_64  CompilerName: GCC  CompilerVersion: 8.4.0
ProgramName: tkregister2  ProgramArguments: tkregister2_cmdl -all-info  ProgramVersion: 7.3.2  TimeStamp: 2026/03/15-09:19:11-GMT  BuildTime: Aug  4 2022 06:17:15  BuildStamp: freesurfer-linux-ubuntu22_x86_64-7.3.2-20220804-6354275  User: oesteban  Machine: dna069  Platform: Linux  PlatformVersion: 5.14.0-427.37.1.el9_4.x86_64  CompilerName: GCC  CompilerVersion: 8.4.0
mri_motion_correct.fsl 7.3.2
mri_convert -all-info 
ProgramName: mri_convert  ProgramArguments: mri_convert -all-info  ProgramVersion: 7.3.2  TimeStamp: 2026/03/15-09:19:11-GMT  BuildTime: Aug  4 2022 06:17:15  BuildStamp: freesurfer-linux-ubuntu22_x86_64-7.3.2-20220804-6354275  User: oesteban  Machine: dna069  Platform: Linux  PlatformVersion: 5.14.0-427.37.1.el9_4.x86_64  CompilerName: GCC  CompilerVersion: 8.4.0
Program nu_correct, built from:
Package MNI N3, version 1.12.0, compiled by nicks@terrier (x86_64-unknown-linux-gnu) on 2015-06-19 at 01:25:34
#######################################
GCADIR /opt/freesurfer/average
GCA RB_all_2020-01-02.gca
GCASkull RB_all_withskull_2020_01_02.gca
AvgCurvTif folding.atlas.acfb40.noaparc.i12.2016-08-02.tif
GCSDIR /opt/freesurfer/average
GCS DKaparc.atlas.acfb40.noaparc.i12.2016-08-02.gcs
#######################################
#@# white curv lh Sun Mar 15 10:19:11 CET 2026
cd /out/sourcedata/freesurfer/sub-v2s10x28935_ses-1/mri
mris_place_surface --curv-map ../surf/lh.white 2 10 ../surf/lh.curv
   Update not needed
#@# white area lh Sun Mar 15 10:19:11 CET 2026
cd /out/sourcedata/freesurfer/sub-v2s10x28935_ses-1/mri
mris_place_surface --area-map ../surf/lh.white ../surf/lh.area
   Update not needed
#@# pial curv lh Sun Mar 15 10:19:11 CET 2026
cd /out/sourcedata/freesurfer/sub-v2s10x28935_ses-1/mri
mris_place_surface --curv-map ../surf/lh.pial 2 10 ../surf/lh.curv.pial
   Update not needed
#@# pial area lh Sun Mar 15 10:19:11 CET 2026
cd /out/sourcedata/freesurfer/sub-v2s10x28935_ses-1/mri
mris_place_surface --area-map ../surf/lh.pial ../surf/lh.area.pial
   Update not needed
#@# thickness lh Sun Mar 15 10:19:11 CET 2026
cd /out/sourcedata/freesurfer/sub-v2s10x28935_ses-1/mri
mris_place_surface --thickness ../surf/lh.white ../surf/lh.pial 20 5 ../surf/lh.thickness
   Update not needed
#@# area and vertex vol lh Sun Mar 15 10:19:11 CET 2026
cd /out/sourcedata/freesurfer/sub-v2s10x28935_ses-1/mri
mris_place_surface --thickness ../surf/lh.white ../surf/lh.pial 20 5 ../surf/lh.thickness
   Update not needed
#@# white curv rh Sun Mar 15 10:19:11 CET 2026
cd /out/sourcedata/freesurfer/sub-v2s10x28935_ses-1/mri
mris_place_surface --curv-map ../surf/rh.white 2 10 ../surf/rh.curv
   Update not needed
#@# white area rh Sun Mar 15 10:19:11 CET 2026
cd /out/sourcedata/freesurfer/sub-v2s10x28935_ses-1/mri
mris_place_surface --area-map ../surf/rh.white ../surf/rh.area
   Update not needed
#@# pial curv rh Sun Mar 15 10:19:11 CET 2026
cd /out/sourcedata/freesurfer/sub-v2s10x28935_ses-1/mri
mris_place_surface --curv-map ../surf/rh.pial 2 10 ../surf/rh.curv.pial
   Update not needed
#@# pial area rh Sun Mar 15 10:19:11 CET 2026
cd /out/sourcedata/freesurfer/sub-v2s10x28935_ses-1/mri
mris_place_surface --area-map ../surf/rh.pial ../surf/rh.area.pial
   Update not needed
#@# thickness rh Sun Mar 15 10:19:11 CET 2026
cd /out/sourcedata/freesurfer/sub-v2s10x28935_ses-1/mri
mris_place_surface --thickness ../surf/rh.white ../surf/rh.pial 20 5 ../surf/rh.thickness
   Update not needed
#@# area and vertex vol rh Sun Mar 15 10:19:11 CET 2026
cd /out/sourcedata/freesurfer/sub-v2s10x28935_ses-1/mri
mris_place_surface --thickness ../surf/rh.white ../surf/rh.pial 20 5 ../surf/rh.thickness
   Update not needed
#--------------------------------------------
#@# Cortical ribbon mask Sun Mar 15 10:19:11 CET 2026
/out/sourcedata/freesurfer/sub-v2s10x28935_ses-1/mri

 mris_volmask --aseg_name aseg.presurf --label_left_white 2 --label_left_ribbon 3 --label_right_white 41 --label_right_ribbon 42 --save_ribbon sub-v2s10x28935_ses-1 

SUBJECTS_DIR is /out/sourcedata/freesurfer
loading input data...
Running hemis serially
Processing left hemi
computing distance to left white surface 
computing distance to left pial surface 
Processing right hemi
computing distance to right white surface 
computing distance to right pial surface 
 hemi masks overlap voxels = 414
writing volume /out/sourcedata/freesurfer/sub-v2s10x28935_ses-1/mri/ribbon.mgz
mris_volmask took 3.73 minutes
 writing ribbon files

Started at Sun Mar 15 10:19:11 CET 2026 
Ended   at Sun Mar 15 10:22:55 CET 2026
#@#%# recon-all-run-time-hours 0.062
recon-all -s sub-v2s10x28935_ses-1 finished without error at Sun Mar 15 10:22:55 CET 2026



#New# invocation of recon-all 




Sun Mar 15 10:28:27 CET 2026
cd /out/sourcedata/freesurfer/sub-v2s10x28935_ses-1
setenv SUBJECTS_DIR /out/sourcedata/freesurfer
/opt/freesurfer/bin/recon-all -autorecon3 -openmp 16 -subjid sub-v2s10x28935_ses-1 -sd /out/sourcedata/freesurfer -nosphere -nosurfreg -nojacobian_white -noavgcurv -nocortparc -nopial -noparcstats -nocortparc2 -noparcstats2 -nocortparc3 -noparcstats3 -nopctsurfcon -nocortribbon -nobalabels

subjid sub-v2s10x28935_ses-1
setenv SUBJECTS_DIR /out/sourcedata/freesurfer
FREESURFER_HOME /opt/freesurfer
Actual FREESURFER_HOME /opt/freesurfer
build-stamp.txt: freesurfer-linux-ubuntu22_x86_64-7.3.2-20220804-6354275
Linux dna069 5.14.0-427.37.1.el9_4.x86_64 #1 SMP PREEMPT_DYNAMIC Fri Sep 13 12:41:50 EDT 2024 x86_64 x86_64 x86_64 GNU/Linux
cputime      unlimited
filesize     unlimited
datasize     unlimited
stacksize    8192 kbytes
coredumpsize 0 kbytes
memoryuse    67108864 kbytes
vmemoryuse   unlimited
descriptors  1024 
memorylocked unlimited
maxproc      2061970 
maxlocks     unlimited
maxsignal    2062029 
maxmessage   819200 
maxnice      0 
maxrtprio    0 
maxrttime    unlimited

               total        used        free      shared  buff/cache   available
Mem:           503Gi        55Gi       250Gi       9.0Gi       197Gi       435Gi
Swap:             0B          0B          0B

########################################
program versions used
7.3.2 (freesurfer-linux-ubuntu22_x86_64-7.3.2-20220804-6354275)
7.3.2

ProgramName: lta_convert  ProgramArguments: lta_convert -all-info  ProgramVersion: 7.3.2  TimeStamp: 2026/03/15-09:28:27-GMT  BuildTime: Aug  4 2022 06:17:15  BuildStamp: freesurfer-linux-ubuntu22_x86_64-7.3.2-20220804-6354275  User: oesteban  Machine: dna069  Platform: Linux  PlatformVersion: 5.14.0-427.37.1.el9_4.x86_64  CompilerName: GCC  CompilerVersion: 8.4.0
ProgramName: mri_and  ProgramArguments: mri_and -all-info  ProgramVersion: 7.3.2  TimeStamp: 2026/03/15-09:28:27-GMT  BuildTime: Aug  4 2022 06:17:15  BuildStamp: freesurfer-linux-ubuntu22_x86_64-7.3.2-20220804-6354275  User: oesteban  Machine: dna069  Platform: Linux  PlatformVersion: 5.14.0-427.37.1.el9_4.x86_64  CompilerName: GCC  CompilerVersion: 8.4.0
ProgramName: mri_annotation2label  ProgramArguments: mri_annotation2label -all-info  ProgramVersion: 7.3.2  TimeStamp: 2026/03/15-09:28:27-GMT  BuildTime: Aug  4 2022 06:17:15  BuildStamp: freesurfer-linux-ubuntu22_x86_64-7.3.2-20220804-6354275  User: oesteban  Machine: dna069  Platform: Linux  PlatformVersion: 5.14.0-427.37.1.el9_4.x86_64  CompilerName: GCC  CompilerVersion: 8.4.0
ProgramName: mri_aparc2aseg  ProgramArguments: mri_aparc2aseg -all-info  ProgramVersion: 7.3.2  TimeStamp: 2026/03/15-09:28:27-GMT  BuildTime: Aug  4 2022 06:17:15  BuildStamp: freesurfer-linux-ubuntu22_x86_64-7.3.2-20220804-6354275  User: oesteban  Machine: dna069  Platform: Linux  PlatformVersion: 5.14.0-427.37.1.el9_4.x86_64  CompilerName: GCC  CompilerVersion: 8.4.0
ProgramName: mri_surf2volseg  ProgramArguments: mri_surf2volseg -all-info  ProgramVersion: 7.3.2  TimeStamp: 2026/03/15-09:28:27-GMT  BuildTime: Aug  4 2022 06:17:15  BuildStamp: freesurfer-linux-ubuntu22_x86_64-7.3.2-20220804-6354275  User: oesteban  Machine: dna069  Platform: Linux  PlatformVersion: 5.14.0-427.37.1.el9_4.x86_64  CompilerName: GCC  CompilerVersion: 8.4.0
ProgramName: mri_binarize  ProgramArguments: mri_binarize -all-info  ProgramVersion: 7.3.2  TimeStamp: 2026/03/15-09:28:27-GMT  BuildTime: Aug  4 2022 06:17:15  BuildStamp: freesurfer-linux-ubuntu22_x86_64-7.3.2-20220804-6354275  User: oesteban  Machine: dna069  Platform: Linux  PlatformVersion: 5.14.0-427.37.1.el9_4.x86_64  CompilerName: GCC  CompilerVersion: 8.4.0
ProgramName: mri_ca_label  ProgramArguments: mri_ca_label -all-info  ProgramVersion: 7.3.2  TimeStamp: 2026/03/15-09:28:27-GMT  BuildTime: Aug  4 2022 06:17:15  BuildStamp: freesurfer-linux-ubuntu22_x86_64-7.3.2-20220804-6354275  User: oesteban  Machine: dna069  Platform: Linux  PlatformVersion: 5.14.0-427.37.1.el9_4.x86_64  CompilerName: GCC  CompilerVersion: 8.4.0
ProgramName: mri_ca_normalize  ProgramArguments: mri_ca_normalize -all-info  ProgramVersion: 7.3.2  TimeStamp: 2026/03/15-09:28:27-GMT  BuildTime: Aug  4 2022 06:17:15  BuildStamp: freesurfer-linux-ubuntu22_x86_64-7.3.2-20220804-6354275  User: oesteban  Machine: dna069  Platform: Linux  PlatformVersion: 5.14.0-427.37.1.el9_4.x86_64  CompilerName: GCC  CompilerVersion: 8.4.0
ProgramName: mri_ca_register  ProgramArguments: mri_ca_register -all-info  ProgramVersion: 7.3.2  TimeStamp: 2026/03/15-09:28:27-GMT  BuildTime: Aug  4 2022 06:17:15  BuildStamp: freesurfer-linux-ubuntu22_x86_64-7.3.2-20220804-6354275  User: oesteban  Machine: dna069  Platform: Linux  PlatformVersion: 5.14.0-427.37.1.el9_4.x86_64  CompilerName: GCC  CompilerVersion: 8.4.0
ProgramName: mri_cc  ProgramArguments: mri_cc -all-info  ProgramVersion: 7.3.2  TimeStamp: 2026/03/15-09:28:27-GMT  BuildTime: Aug  4 2022 06:17:15  BuildStamp: freesurfer-linux-ubuntu22_x86_64-7.3.2-20220804-6354275  User: oesteban  Machine: dna069  Platform: Linux  PlatformVersion: 5.14.0-427.37.1.el9_4.x86_64  CompilerName: GCC  CompilerVersion: 8.4.0
ProgramName: mri_compute_overlap  ProgramArguments: mri_compute_overlap -all-info  ProgramVersion: 7.3.2  TimeStamp: 2026/03/15-09:28:27-GMT  BuildTime: Aug  4 2022 06:17:15  BuildStamp: freesurfer-linux-ubuntu22_x86_64-7.3.2-20220804-6354275  User: oesteban  Machine: dna069  Platform: Linux  PlatformVersion: 5.14.0-427.37.1.el9_4.x86_64  CompilerName: GCC  CompilerVersion: 8.4.0
ProgramName: mri_compute_seg_overlap  ProgramArguments: mri_compute_seg_overlap -all-info  ProgramVersion: 7.3.2  TimeStamp: 2026/03/15-09:28:27-GMT  BuildTime: Aug  4 2022 06:17:15  BuildStamp: freesurfer-linux-ubuntu22_x86_64-7.3.2-20220804-6354275  User: oesteban  Machine: dna069  Platform: Linux  PlatformVersion: 5.14.0-427.37.1.el9_4.x86_64  CompilerName: GCC  CompilerVersion: 8.4.0
ProgramName: mri_concat  ProgramArguments: mri_concat -all-info  ProgramVersion: 7.3.2  TimeStamp: 2026/03/15-09:28:27-GMT  BuildTime: Aug  4 2022 06:17:15  BuildStamp: freesurfer-linux-ubuntu22_x86_64-7.3.2-20220804-6354275  User: oesteban  Machine: dna069  Platform: Linux  PlatformVersion: 5.14.0-427.37.1.el9_4.x86_64  CompilerName: GCC  CompilerVersion: 8.4.0
ProgramName: mri_concatenate_lta  ProgramArguments: mri_concatenate_lta -all-info  ProgramVersion: 7.3.2  TimeStamp: 2026/03/15-09:28:27-GMT  BuildTime: Aug  4 2022 06:17:15  BuildStamp: freesurfer-linux-ubuntu22_x86_64-7.3.2-20220804-6354275  User: oesteban  Machine: dna069  Platform: Linux  PlatformVersion: 5.14.0-427.37.1.el9_4.x86_64  CompilerName: GCC  CompilerVersion: 8.4.0
mri_convert -all-info 
ProgramName: mri_convert  ProgramArguments: mri_convert -all-info  ProgramVersion: 7.3.2  TimeStamp: 2026/03/15-09:28:27-GMT  BuildTime: Aug  4 2022 06:17:15  BuildStamp: freesurfer-linux-ubuntu22_x86_64-7.3.2-20220804-6354275  User: oesteban  Machine: dna069  Platform: Linux  PlatformVersion: 5.14.0-427.37.1.el9_4.x86_64  CompilerName: GCC  CompilerVersion: 8.4.0
ProgramName: mri_diff  ProgramArguments: mri_diff -all-info  ProgramVersion: 7.3.2  TimeStamp: 2026/03/15-09:28:27-GMT  BuildTime: Aug  4 2022 06:17:15  BuildStamp: freesurfer-linux-ubuntu22_x86_64-7.3.2-20220804-6354275  User: oesteban  Machine: dna069  Platform: Linux  PlatformVersion: 5.14.0-427.37.1.el9_4.x86_64  CompilerName: GCC  CompilerVersion: 8.4.0
ProgramName: mri_edit_wm_with_aseg  ProgramArguments: mri_edit_wm_with_aseg -all-info  ProgramVersion: 7.3.2  TimeStamp: 2026/03/15-09:28:27-GMT  BuildTime: Aug  4 2022 06:17:15  BuildStamp: freesurfer-linux-ubuntu22_x86_64-7.3.2-20220804-6354275  User: oesteban  Machine: dna069  Platform: Linux  PlatformVersion: 5.14.0-427.37.1.el9_4.x86_64  CompilerName: GCC  CompilerVersion: 8.4.0
ProgramName: mri_em_register  ProgramArguments: mri_em_register -all-info  ProgramVersion: 7.3.2  TimeStamp: 2026/03/15-09:28:27-GMT  BuildTime: Aug  4 2022 06:17:15  BuildStamp: freesurfer-linux-ubuntu22_x86_64-7.3.2-20220804-6354275  User: oesteban  Machine: dna069  Platform: Linux  PlatformVersion: 5.14.0-427.37.1.el9_4.x86_64  CompilerName: GCC  CompilerVersion: 8.4.0
ProgramName: mri_fill  ProgramArguments: mri_fill -all-info  ProgramVersion: 7.3.2  TimeStamp: 2026/03/15-09:28:27-GMT  BuildTime: Aug  4 2022 06:17:15  BuildStamp: freesurfer-linux-ubuntu22_x86_64-7.3.2-20220804-6354275  User: oesteban  Machine: dna069  Platform: Linux  PlatformVersion: 5.14.0-427.37.1.el9_4.x86_64  CompilerName: GCC  CompilerVersion: 8.4.0
ProgramName: mri_fuse_segmentations  ProgramArguments: mri_fuse_segmentations -all-info  ProgramVersion: 7.3.2  TimeStamp: 2026/03/15-09:28:27-GMT  BuildTime: Aug  4 2022 06:17:15  BuildStamp: freesurfer-linux-ubuntu22_x86_64-7.3.2-20220804-6354275  User: oesteban  Machine: dna069  Platform: Linux  PlatformVersion: 5.14.0-427.37.1.el9_4.x86_64  CompilerName: GCC  CompilerVersion: 8.4.0
ProgramName: mri_fwhm  ProgramArguments: mri_fwhm -all-info  ProgramVersion: 7.3.2  TimeStamp: 2026/03/15-09:28:27-GMT  BuildTime: Aug  4 2022 06:17:15  BuildStamp: freesurfer-linux-ubuntu22_x86_64-7.3.2-20220804-6354275  User: oesteban  Machine: dna069  Platform: Linux  PlatformVersion: 5.14.0-427.37.1.el9_4.x86_64  CompilerName: GCC  CompilerVersion: 8.4.0
ProgramName: mri_gcut  ProgramArguments: mri_gcut -all-info  ProgramVersion: 7.3.2  TimeStamp: 2026/03/15-09:28:27-GMT  BuildTime: Aug  4 2022 06:17:15  BuildStamp: freesurfer-linux-ubuntu22_x86_64-7.3.2-20220804-6354275  User: oesteban  Machine: dna069  Platform: Linux  PlatformVersion: 5.14.0-427.37.1.el9_4.x86_64  CompilerName: GCC  CompilerVersion: 8.4.0
ProgramName: mri_info  ProgramArguments: mri_info -all-info  ProgramVersion: 7.3.2  TimeStamp: 2026/03/15-09:28:27-GMT  BuildTime: Aug  4 2022 06:17:15  BuildStamp: freesurfer-linux-ubuntu22_x86_64-7.3.2-20220804-6354275  User: oesteban  Machine: dna069  Platform: Linux  PlatformVersion: 5.14.0-427.37.1.el9_4.x86_64  CompilerName: GCC  CompilerVersion: 8.4.0
ProgramName: mri_label2label  ProgramArguments: mri_label2label -all-info  ProgramVersion: 7.3.2  TimeStamp: 2026/03/15-09:28:27-GMT  BuildTime: Aug  4 2022 06:17:15  BuildStamp: freesurfer-linux-ubuntu22_x86_64-7.3.2-20220804-6354275  User: oesteban  Machine: dna069  Platform: Linux  PlatformVersion: 5.14.0-427.37.1.el9_4.x86_64  CompilerName: GCC  CompilerVersion: 8.4.0
ProgramName: mri_label2vol  ProgramArguments: mri_label2vol -all-info  ProgramVersion: 7.3.2  TimeStamp: 2026/03/15-09:28:27-GMT  BuildTime: Aug  4 2022 06:17:15  BuildStamp: freesurfer-linux-ubuntu22_x86_64-7.3.2-20220804-6354275  User: oesteban  Machine: dna069  Platform: Linux  PlatformVersion: 5.14.0-427.37.1.el9_4.x86_64  CompilerName: GCC  CompilerVersion: 8.4.0
ProgramName: mri_log_likelihood  ProgramArguments: mri_log_likelihood -all-info  ProgramVersion: 7.3.2  TimeStamp: 2026/03/15-09:28:27-GMT  BuildTime: Aug  4 2022 06:17:15  BuildStamp: freesurfer-linux-ubuntu22_x86_64-7.3.2-20220804-6354275  User: oesteban  Machine: dna069  Platform: Linux  PlatformVersion: 5.14.0-427.37.1.el9_4.x86_64  CompilerName: GCC  CompilerVersion: 8.4.0
ProgramName: mri_mask  ProgramArguments: mri_mask -all-info  ProgramVersion: 7.3.2  TimeStamp: 2026/03/15-09:28:27-GMT  BuildTime: Aug  4 2022 06:17:15  BuildStamp: freesurfer-linux-ubuntu22_x86_64-7.3.2-20220804-6354275  User: oesteban  Machine: dna069  Platform: Linux  PlatformVersion: 5.14.0-427.37.1.el9_4.x86_64  CompilerName: GCC  CompilerVersion: 8.4.0
ProgramName: mri_matrix_multiply  ProgramArguments: mri_matrix_multiply -all-info  ProgramVersion: 7.3.2  TimeStamp: 2026/03/15-09:28:27-GMT  BuildTime: Aug  4 2022 06:17:15  BuildStamp: freesurfer-linux-ubuntu22_x86_64-7.3.2-20220804-6354275  User: oesteban  Machine: dna069  Platform: Linux  PlatformVersion: 5.14.0-427.37.1.el9_4.x86_64  CompilerName: GCC  CompilerVersion: 8.4.0
ProgramName: mri_normalize  ProgramArguments: mri_normalize -all-info  ProgramVersion: 7.3.2  TimeStamp: 2026/03/15-09:28:27-GMT  BuildTime: Aug  4 2022 06:17:15  BuildStamp: freesurfer-linux-ubuntu22_x86_64-7.3.2-20220804-6354275  User: oesteban  Machine: dna069  Platform: Linux  PlatformVersion: 5.14.0-427.37.1.el9_4.x86_64  CompilerName: GCC  CompilerVersion: 8.4.0
ProgramName: mri_normalize_tp2  ProgramArguments: mri_normalize_tp2 -all-info  ProgramVersion: 7.3.2  TimeStamp: 2026/03/15-09:28:27-GMT  BuildTime: Aug  4 2022 06:17:15  BuildStamp: freesurfer-linux-ubuntu22_x86_64-7.3.2-20220804-6354275  User: oesteban  Machine: dna069  Platform: Linux  PlatformVersion: 5.14.0-427.37.1.el9_4.x86_64  CompilerName: GCC  CompilerVersion: 8.4.0
ProgramName: mri_or  ProgramArguments: mri_or -all-info  ProgramVersion: 7.3.2  TimeStamp: 2026/03/15-09:28:27-GMT  BuildTime: Aug  4 2022 06:17:15  BuildStamp: freesurfer-linux-ubuntu22_x86_64-7.3.2-20220804-6354275  User: oesteban  Machine: dna069  Platform: Linux  PlatformVersion: 5.14.0-427.37.1.el9_4.x86_64  CompilerName: GCC  CompilerVersion: 8.4.0
ProgramName: mri_relabel_hypointensities  ProgramArguments: mri_relabel_hypointensities -all-info  ProgramVersion: 7.3.2  TimeStamp: 2026/03/15-09:28:27-GMT  BuildTime: Aug  4 2022 06:17:15  BuildStamp: freesurfer-linux-ubuntu22_x86_64-7.3.2-20220804-6354275  User: oesteban  Machine: dna069  Platform: Linux  PlatformVersion: 5.14.0-427.37.1.el9_4.x86_64  CompilerName: GCC  CompilerVersion: 8.4.0
ProgramName: mri_relabel_nonwm_hypos  ProgramArguments: mri_relabel_nonwm_hypos -all-info  ProgramVersion: 7.3.2  TimeStamp: 2026/03/15-09:28:27-GMT  BuildTime: Aug  4 2022 06:17:15  BuildStamp: freesurfer-linux-ubuntu22_x86_64-7.3.2-20220804-6354275  User: oesteban  Machine: dna069  Platform: Linux  PlatformVersion: 5.14.0-427.37.1.el9_4.x86_64  CompilerName: GCC  CompilerVersion: 8.4.0
ProgramName: mri_remove_neck  ProgramArguments: mri_remove_neck -all-info  ProgramVersion: 7.3.2  TimeStamp: 2026/03/15-09:28:27-GMT  BuildTime: Aug  4 2022 06:17:15  BuildStamp: freesurfer-linux-ubuntu22_x86_64-7.3.2-20220804-6354275  User: oesteban  Machine: dna069  Platform: Linux  PlatformVersion: 5.14.0-427.37.1.el9_4.x86_64  CompilerName: GCC  CompilerVersion: 8.4.0
7.3.2

ProgramName: mri_robust_register  ProgramArguments: mri_robust_register -all-info  ProgramVersion: 7.3.2  TimeStamp: 2026/03/15-09:28:27-GMT  BuildTime: Aug  4 2022 06:17:15  BuildStamp: freesurfer-linux-ubuntu22_x86_64-7.3.2-20220804-6354275  User: oesteban  Machine: dna069  Platform: Linux  PlatformVersion: 5.14.0-427.37.1.el9_4.x86_64  CompilerName: GCC  CompilerVersion: 8.4.0
7.3.2

ProgramName: mri_robust_template  ProgramArguments: mri_robust_template -all-info  ProgramVersion: 7.3.2  TimeStamp: 2026/03/15-09:28:27-GMT  BuildTime: Aug  4 2022 06:17:15  BuildStamp: freesurfer-linux-ubuntu22_x86_64-7.3.2-20220804-6354275  User: oesteban  Machine: dna069  Platform: Linux  PlatformVersion: 5.14.0-427.37.1.el9_4.x86_64  CompilerName: GCC  CompilerVersion: 8.4.0
ProgramName: mris_anatomical_stats  ProgramArguments: mris_anatomical_stats -all-info  ProgramVersion: 7.3.2  TimeStamp: 2026/03/15-09:28:27-GMT  BuildTime: Aug  4 2022 06:17:15  BuildStamp: freesurfer-linux-ubuntu22_x86_64-7.3.2-20220804-6354275  User: oesteban  Machine: dna069  Platform: Linux  PlatformVersion: 5.14.0-427.37.1.el9_4.x86_64  CompilerName: GCC  CompilerVersion: 8.4.0
ProgramName: mris_ca_label  ProgramArguments: mris_ca_label -all-info  ProgramVersion: 7.3.2  TimeStamp: 2026/03/15-09:28:27-GMT  BuildTime: Aug  4 2022 06:17:15  BuildStamp: freesurfer-linux-ubuntu22_x86_64-7.3.2-20220804-6354275  User: oesteban  Machine: dna069  Platform: Linux  PlatformVersion: 5.14.0-427.37.1.el9_4.x86_64  CompilerName: GCC  CompilerVersion: 8.4.0
ProgramName: mris_calc  ProgramArguments: mris_calc -all-info  ProgramVersion: 7.3.2  TimeStamp: 2026/03/15-09:28:27-GMT  BuildTime: Aug  4 2022 06:17:15  BuildStamp: freesurfer-linux-ubuntu22_x86_64-7.3.2-20220804-6354275  User: oesteban  Machine: dna069  Platform: Linux  PlatformVersion: 5.14.0-427.37.1.el9_4.x86_64  CompilerName: GCC  CompilerVersion: 8.4.0
ProgramName: mris_convert  ProgramArguments: mris_convert -all-info  ProgramVersion: 7.3.2  TimeStamp: 2026/03/15-09:28:27-GMT  BuildTime: Aug  4 2022 06:17:15  BuildStamp: freesurfer-linux-ubuntu22_x86_64-7.3.2-20220804-6354275  User: oesteban  Machine: dna069  Platform: Linux  PlatformVersion: 5.14.0-427.37.1.el9_4.x86_64  CompilerName: GCC  CompilerVersion: 8.4.0
ProgramName: mris_curvature  ProgramArguments: mris_curvature -all-info  ProgramVersion: 7.3.2  TimeStamp: 2026/03/15-09:28:27-GMT  BuildTime: Aug  4 2022 06:17:15  BuildStamp: freesurfer-linux-ubuntu22_x86_64-7.3.2-20220804-6354275  User: oesteban  Machine: dna069  Platform: Linux  PlatformVersion: 5.14.0-427.37.1.el9_4.x86_64  CompilerName: GCC  CompilerVersion: 8.4.0
ProgramName: mris_curvature_stats  ProgramArguments: mris_curvature_stats -all-info  ProgramVersion: 7.3.2  TimeStamp: 2026/03/15-09:28:27-GMT  BuildTime: Aug  4 2022 06:17:15  BuildStamp: freesurfer-linux-ubuntu22_x86_64-7.3.2-20220804-6354275  User: oesteban  Machine: dna069  Platform: Linux  PlatformVersion: 5.14.0-427.37.1.el9_4.x86_64  CompilerName: GCC  CompilerVersion: 8.4.0
ProgramName: mris_diff  ProgramArguments: mris_diff -all-info  ProgramVersion: 7.3.2  TimeStamp: 2026/03/15-09:28:27-GMT  BuildTime: Aug  4 2022 06:17:15  BuildStamp: freesurfer-linux-ubuntu22_x86_64-7.3.2-20220804-6354275  User: oesteban  Machine: dna069  Platform: Linux  PlatformVersion: 5.14.0-427.37.1.el9_4.x86_64  CompilerName: GCC  CompilerVersion: 8.4.0
ProgramName: mris_divide_parcellation  ProgramArguments: mris_divide_parcellation -all-info  ProgramVersion: 7.3.2  TimeStamp: 2026/03/15-09:28:27-GMT  BuildTime: Aug  4 2022 06:17:15  BuildStamp: freesurfer-linux-ubuntu22_x86_64-7.3.2-20220804-6354275  User: oesteban  Machine: dna069  Platform: Linux  PlatformVersion: 5.14.0-427.37.1.el9_4.x86_64  CompilerName: GCC  CompilerVersion: 8.4.0
ProgramName: mri_segment  ProgramArguments: mri_segment -all-info  ProgramVersion: 7.3.2  TimeStamp: 2026/03/15-09:28:27-GMT  BuildTime: Aug  4 2022 06:17:15  BuildStamp: freesurfer-linux-ubuntu22_x86_64-7.3.2-20220804-6354275  User: oesteban  Machine: dna069  Platform: Linux  PlatformVersion: 5.14.0-427.37.1.el9_4.x86_64  CompilerName: GCC  CompilerVersion: 8.4.0
ProgramName: mri_segstats  ProgramArguments: mri_segstats -all-info  ProgramVersion: 7.3.2  TimeStamp: 2026/03/15-09:28:27-GMT  BuildTime: Aug  4 2022 06:17:15  BuildStamp: freesurfer-linux-ubuntu22_x86_64-7.3.2-20220804-6354275  User: oesteban  Machine: dna069  Platform: Linux  PlatformVersion: 5.14.0-427.37.1.el9_4.x86_64  CompilerName: GCC  CompilerVersion: 8.4.0
ProgramName: mris_euler_number  ProgramArguments: mris_euler_number -all-info  ProgramVersion: 7.3.2  TimeStamp: 2026/03/15-09:28:27-GMT  BuildTime: Aug  4 2022 06:17:15  BuildStamp: freesurfer-linux-ubuntu22_x86_64-7.3.2-20220804-6354275  User: oesteban  Machine: dna069  Platform: Linux  PlatformVersion: 5.14.0-427.37.1.el9_4.x86_64  CompilerName: GCC  CompilerVersion: 8.4.0
ProgramName: mris_fix_topology  ProgramArguments: mris_fix_topology -all-info  ProgramVersion: 7.3.2  TimeStamp: 2026/03/15-09:28:27-GMT  BuildTime: Aug  4 2022 06:17:15  BuildStamp: freesurfer-linux-ubuntu22_x86_64-7.3.2-20220804-6354275  User: oesteban  Machine: dna069  Platform: Linux  PlatformVersion: 5.14.0-427.37.1.el9_4.x86_64  CompilerName: GCC  CompilerVersion: 8.4.0
ProgramName: mris_topo_fixer  ProgramArguments: mris_topo_fixer -all-info  ProgramVersion: 7.3.2  TimeStamp: 2026/03/15-09:28:27-GMT  BuildTime: Aug  4 2022 06:17:15  BuildStamp: freesurfer-linux-ubuntu22_x86_64-7.3.2-20220804-6354275  User: oesteban  Machine: dna069  Platform: Linux  PlatformVersion: 5.14.0-427.37.1.el9_4.x86_64  CompilerName: GCC  CompilerVersion: 8.4.0
ProgramName: mris_jacobian  ProgramArguments: mris_jacobian -all-info  ProgramVersion: 7.3.2  TimeStamp: 2026/03/15-09:28:27-GMT  BuildTime: Aug  4 2022 06:17:15  BuildStamp: freesurfer-linux-ubuntu22_x86_64-7.3.2-20220804-6354275  User: oesteban  Machine: dna069  Platform: Linux  PlatformVersion: 5.14.0-427.37.1.el9_4.x86_64  CompilerName: GCC  CompilerVersion: 8.4.0
ProgramName: mris_label2annot  ProgramArguments: mris_label2annot -all-info  ProgramVersion: 7.3.2  TimeStamp: 2026/03/15-09:28:27-GMT  BuildTime: Aug  4 2022 06:17:15  BuildStamp: freesurfer-linux-ubuntu22_x86_64-7.3.2-20220804-6354275  User: oesteban  Machine: dna069  Platform: Linux  PlatformVersion: 5.14.0-427.37.1.el9_4.x86_64  CompilerName: GCC  CompilerVersion: 8.4.0
ProgramName: mris_left_right_register  ProgramArguments: mris_left_right_register -all-info  ProgramVersion: 7.3.2  TimeStamp: 2026/03/15-09:28:27-GMT  BuildTime: Aug  4 2022 06:17:15  BuildStamp: freesurfer-linux-ubuntu22_x86_64-7.3.2-20220804-6354275  User: oesteban  Machine: dna069  Platform: Linux  PlatformVersion: 5.14.0-427.37.1.el9_4.x86_64  CompilerName: GCC  CompilerVersion: 8.4.0
ProgramName: mris_place_surface  ProgramArguments: mris_place_surface -all-info  ProgramVersion: 7.3.2  TimeStamp: 2026/03/15-09:28:27-GMT  BuildTime: Aug  4 2022 06:17:15  BuildStamp: freesurfer-linux-ubuntu22_x86_64-7.3.2-20220804-6354275  User: oesteban  Machine: dna069  Platform: Linux  PlatformVersion: 5.14.0-427.37.1.el9_4.x86_64  CompilerName: GCC  CompilerVersion: 8.4.0
ProgramName: mrisp_paint  ProgramArguments: mrisp_paint -all-info  ProgramVersion: 7.3.2  TimeStamp: 2026/03/15-09:28:27-GMT  BuildTime: Aug  4 2022 06:17:15  BuildStamp: freesurfer-linux-ubuntu22_x86_64-7.3.2-20220804-6354275  User: oesteban  Machine: dna069  Platform: Linux  PlatformVersion: 5.14.0-427.37.1.el9_4.x86_64  CompilerName: GCC  CompilerVersion: 8.4.0
ProgramName: mris_register  ProgramArguments: mris_register -all-info  ProgramVersion: 7.3.2  TimeStamp: 2026/03/15-09:28:27-GMT  BuildTime: Aug  4 2022 06:17:15  BuildStamp: freesurfer-linux-ubuntu22_x86_64-7.3.2-20220804-6354275  User: oesteban  Machine: dna069  Platform: Linux  PlatformVersion: 5.14.0-427.37.1.el9_4.x86_64  CompilerName: GCC  CompilerVersion: 8.4.0
ProgramName: mris_smooth  ProgramArguments: mris_smooth -all-info  ProgramVersion: 7.3.2  TimeStamp: 2026/03/15-09:28:27-GMT  BuildTime: Aug  4 2022 06:17:15  BuildStamp: freesurfer-linux-ubuntu22_x86_64-7.3.2-20220804-6354275  User: oesteban  Machine: dna069  Platform: Linux  PlatformVersion: 5.14.0-427.37.1.el9_4.x86_64  CompilerName: GCC  CompilerVersion: 8.4.0
ProgramName: mris_sphere  ProgramArguments: mris_sphere -all-info  ProgramVersion: 7.3.2  TimeStamp: 2026/03/15-09:28:27-GMT  BuildTime: Aug  4 2022 06:17:15  BuildStamp: freesurfer-linux-ubuntu22_x86_64-7.3.2-20220804-6354275  User: oesteban  Machine: dna069  Platform: Linux  PlatformVersion: 5.14.0-427.37.1.el9_4.x86_64  CompilerName: GCC  CompilerVersion: 8.4.0
ProgramName: mris_surface_stats  ProgramArguments: mris_surface_stats -all-info  ProgramVersion: 7.3.2  TimeStamp: 2026/03/15-09:28:27-GMT  BuildTime: Aug  4 2022 06:17:15  BuildStamp: freesurfer-linux-ubuntu22_x86_64-7.3.2-20220804-6354275  User: oesteban  Machine: dna069  Platform: Linux  PlatformVersion: 5.14.0-427.37.1.el9_4.x86_64  CompilerName: GCC  CompilerVersion: 8.4.0
ProgramName: mri_stats2seg  ProgramArguments: mri_stats2seg -all-info  ProgramVersion: 7.3.2  TimeStamp: 2026/03/15-09:28:27-GMT  BuildTime: Aug  4 2022 06:17:15  BuildStamp: freesurfer-linux-ubuntu22_x86_64-7.3.2-20220804-6354275  User: oesteban  Machine: dna069  Platform: Linux  PlatformVersion: 5.14.0-427.37.1.el9_4.x86_64  CompilerName: GCC  CompilerVersion: 8.4.0
ProgramName: mris_thickness  ProgramArguments: mris_thickness -all-info  ProgramVersion: 7.3.2  TimeStamp: 2026/03/15-09:28:27-GMT  BuildTime: Aug  4 2022 06:17:15  BuildStamp: freesurfer-linux-ubuntu22_x86_64-7.3.2-20220804-6354275  User: oesteban  Machine: dna069  Platform: Linux  PlatformVersion: 5.14.0-427.37.1.el9_4.x86_64  CompilerName: GCC  CompilerVersion: 8.4.0
ProgramName: mris_thickness_diff  ProgramArguments: mris_thickness_diff -all-info  ProgramVersion: 7.3.2  TimeStamp: 2026/03/15-09:28:27-GMT  BuildTime: Aug  4 2022 06:17:15  BuildStamp: freesurfer-linux-ubuntu22_x86_64-7.3.2-20220804-6354275  User: oesteban  Machine: dna069  Platform: Linux  PlatformVersion: 5.14.0-427.37.1.el9_4.x86_64  CompilerName: GCC  CompilerVersion: 8.4.0
ProgramName: mris_topo_fixer  ProgramArguments: mris_topo_fixer -all-info  ProgramVersion: 7.3.2  TimeStamp: 2026/03/15-09:28:27-GMT  BuildTime: Aug  4 2022 06:17:15  BuildStamp: freesurfer-linux-ubuntu22_x86_64-7.3.2-20220804-6354275  User: oesteban  Machine: dna069  Platform: Linux  PlatformVersion: 5.14.0-427.37.1.el9_4.x86_64  CompilerName: GCC  CompilerVersion: 8.4.0
ProgramName: mri_surf2surf  ProgramArguments: mri_surf2surf -all-info  ProgramVersion: 7.3.2  TimeStamp: 2026/03/15-09:28:27-GMT  BuildTime: Aug  4 2022 06:17:15  BuildStamp: freesurfer-linux-ubuntu22_x86_64-7.3.2-20220804-6354275  User: oesteban  Machine: dna069  Platform: Linux  PlatformVersion: 5.14.0-427.37.1.el9_4.x86_64  CompilerName: GCC  CompilerVersion: 8.4.0
ProgramName: mri_surf2vol  ProgramArguments: mri_surf2vol -all-info  ProgramVersion: 7.3.2  TimeStamp: 2026/03/15-09:28:27-GMT  BuildTime: Aug  4 2022 06:17:15  BuildStamp: freesurfer-linux-ubuntu22_x86_64-7.3.2-20220804-6354275  User: oesteban  Machine: dna069  Platform: Linux  PlatformVersion: 5.14.0-427.37.1.el9_4.x86_64  CompilerName: GCC  CompilerVersion: 8.4.0
ProgramName: mri_surfcluster  ProgramArguments: mri_surfcluster -all-info  ProgramVersion: 7.3.2  TimeStamp: 2026/03/15-09:28:27-GMT  BuildTime: Aug  4 2022 06:17:15  BuildStamp: freesurfer-linux-ubuntu22_x86_64-7.3.2-20220804-6354275  User: oesteban  Machine: dna069  Platform: Linux  PlatformVersion: 5.14.0-427.37.1.el9_4.x86_64  CompilerName: GCC  CompilerVersion: 8.4.0
ProgramName: mris_volmask  ProgramArguments: mris_volmask -all-info  ProgramVersion: 7.3.2  TimeStamp: 2026/03/15-09:28:27-GMT  BuildTime: Aug  4 2022 06:17:15  BuildStamp: freesurfer-linux-ubuntu22_x86_64-7.3.2-20220804-6354275  User: oesteban  Machine: dna069  Platform: Linux  PlatformVersion: 5.14.0-427.37.1.el9_4.x86_64  CompilerName: GCC  CompilerVersion: 8.4.0
ProgramName: mri_tessellate  ProgramArguments: mri_tessellate -all-info  ProgramVersion: 7.3.2  TimeStamp: 2026/03/15-09:28:27-GMT  BuildTime: Aug  4 2022 06:17:15  BuildStamp: freesurfer-linux-ubuntu22_x86_64-7.3.2-20220804-6354275  User: oesteban  Machine: dna069  Platform: Linux  PlatformVersion: 5.14.0-427.37.1.el9_4.x86_64  CompilerName: GCC  CompilerVersion: 8.4.0
ProgramName: mri_vol2surf  ProgramArguments: mri_vol2surf -all-info  ProgramVersion: 7.3.2  TimeStamp: 2026/03/15-09:28:27-GMT  BuildTime: Aug  4 2022 06:17:15  BuildStamp: freesurfer-linux-ubuntu22_x86_64-7.3.2-20220804-6354275  User: oesteban  Machine: dna069  Platform: Linux  PlatformVersion: 5.14.0-427.37.1.el9_4.x86_64  CompilerName: GCC  CompilerVersion: 8.4.0
ProgramName: mri_vol2vol  ProgramArguments: mri_vol2vol -all-info  ProgramVersion: 7.3.2  TimeStamp: 2026/03/15-09:28:27-GMT  BuildTime: Aug  4 2022 06:17:15  BuildStamp: freesurfer-linux-ubuntu22_x86_64-7.3.2-20220804-6354275  User: oesteban  Machine: dna069  Platform: Linux  PlatformVersion: 5.14.0-427.37.1.el9_4.x86_64  CompilerName: GCC  CompilerVersion: 8.4.0
ProgramName: mri_voldiff  ProgramArguments: mri_voldiff -all-info  ProgramVersion: 7.3.2  TimeStamp: 2026/03/15-09:28:27-GMT  BuildTime: Aug  4 2022 06:17:15  BuildStamp: freesurfer-linux-ubuntu22_x86_64-7.3.2-20220804-6354275  User: oesteban  Machine: dna069  Platform: Linux  PlatformVersion: 5.14.0-427.37.1.el9_4.x86_64  CompilerName: GCC  CompilerVersion: 8.4.0
ProgramName: mri_watershed  ProgramArguments: mri_watershed -all-info  ProgramVersion: 7.3.2  TimeStamp: 2026/03/15-09:28:27-GMT  BuildTime: Aug  4 2022 06:17:15  BuildStamp: freesurfer-linux-ubuntu22_x86_64-7.3.2-20220804-6354275  User: oesteban  Machine: dna069  Platform: Linux  PlatformVersion: 5.14.0-427.37.1.el9_4.x86_64  CompilerName: GCC  CompilerVersion: 8.4.0
ProgramName: tkregister2  ProgramArguments: tkregister2_cmdl -all-info  ProgramVersion: 7.3.2  TimeStamp: 2026/03/15-09:28:27-GMT  BuildTime: Aug  4 2022 06:17:15  BuildStamp: freesurfer-linux-ubuntu22_x86_64-7.3.2-20220804-6354275  User: oesteban  Machine: dna069  Platform: Linux  PlatformVersion: 5.14.0-427.37.1.el9_4.x86_64  CompilerName: GCC  CompilerVersion: 8.4.0
mri_motion_correct.fsl 7.3.2
mri_convert -all-info 
ProgramName: mri_convert  ProgramArguments: mri_convert -all-info  ProgramVersion: 7.3.2  TimeStamp: 2026/03/15-09:28:27-GMT  BuildTime: Aug  4 2022 06:17:15  BuildStamp: freesurfer-linux-ubuntu22_x86_64-7.3.2-20220804-6354275  User: oesteban  Machine: dna069  Platform: Linux  PlatformVersion: 5.14.0-427.37.1.el9_4.x86_64  CompilerName: GCC  CompilerVersion: 8.4.0
Program nu_correct, built from:
Package MNI N3, version 1.12.0, compiled by nicks@terrier (x86_64-unknown-linux-gnu) on 2015-06-19 at 01:25:34
#######################################
GCADIR /opt/freesurfer/average
GCA RB_all_2020-01-02.gca
GCASkull RB_all_withskull_2020_01_02.gca
AvgCurvTif folding.atlas.acfb40.noaparc.i12.2016-08-02.tif
GCSDIR /opt/freesurfer/average
GCS DKaparc.atlas.acfb40.noaparc.i12.2016-08-02.gcs
#######################################
#--------------------------------------------
#@# WhiteSurfs lh Sun Mar 15 10:28:27 CET 2026
cd /out/sourcedata/freesurfer/sub-v2s10x28935_ses-1/mri
mris_place_surface --adgws-in ../surf/autodet.gw.stats.lh.dat --seg aseg.presurf.mgz --threads 16 --wm wm.mgz --invol brain.finalsurfs.mgz --lh --i ../surf/lh.white.preaparc --o ../surf/lh.white --white --nsmooth 0 --rip-label ../label/lh.cortex.label --rip-bg --rip-surf ../surf/lh.white.preaparc --aparc ../label/lh.aparc.annot
   Update not needed
#--------------------------------------------
#@# WhiteSurfs rh Sun Mar 15 10:28:27 CET 2026
cd /out/sourcedata/freesurfer/sub-v2s10x28935_ses-1/mri
mris_place_surface --adgws-in ../surf/autodet.gw.stats.rh.dat --seg aseg.presurf.mgz --threads 16 --wm wm.mgz --invol brain.finalsurfs.mgz --rh --i ../surf/rh.white.preaparc --o ../surf/rh.white --white --nsmooth 0 --rip-label ../label/rh.cortex.label --rip-bg --rip-surf ../surf/rh.white.preaparc --aparc ../label/rh.aparc.annot
   Update not needed
#@# white curv lh Sun Mar 15 10:28:27 CET 2026
cd /out/sourcedata/freesurfer/sub-v2s10x28935_ses-1/mri
mris_place_surface --curv-map ../surf/lh.white 2 10 ../surf/lh.curv
   Update not needed
#@# white area lh Sun Mar 15 10:28:27 CET 2026
cd /out/sourcedata/freesurfer/sub-v2s10x28935_ses-1/mri
mris_place_surface --area-map ../surf/lh.white ../surf/lh.area
   Update not needed
#@# pial curv lh Sun Mar 15 10:28:27 CET 2026
cd /out/sourcedata/freesurfer/sub-v2s10x28935_ses-1/mri
mris_place_surface --curv-map ../surf/lh.pial 2 10 ../surf/lh.curv.pial
   Update not needed
#@# pial area lh Sun Mar 15 10:28:27 CET 2026
cd /out/sourcedata/freesurfer/sub-v2s10x28935_ses-1/mri
mris_place_surface --area-map ../surf/lh.pial ../surf/lh.area.pial
   Update not needed
#@# thickness lh Sun Mar 15 10:28:27 CET 2026
cd /out/sourcedata/freesurfer/sub-v2s10x28935_ses-1/mri
mris_place_surface --thickness ../surf/lh.white ../surf/lh.pial 20 5 ../surf/lh.thickness
   Update not needed
#@# area and vertex vol lh Sun Mar 15 10:28:27 CET 2026
cd /out/sourcedata/freesurfer/sub-v2s10x28935_ses-1/mri
mris_place_surface --thickness ../surf/lh.white ../surf/lh.pial 20 5 ../surf/lh.thickness
   Update not needed
#@# white curv rh Sun Mar 15 10:28:27 CET 2026
cd /out/sourcedata/freesurfer/sub-v2s10x28935_ses-1/mri
mris_place_surface --curv-map ../surf/rh.white 2 10 ../surf/rh.curv
   Update not needed
#@# white area rh Sun Mar 15 10:28:27 CET 2026
cd /out/sourcedata/freesurfer/sub-v2s10x28935_ses-1/mri
mris_place_surface --area-map ../surf/rh.white ../surf/rh.area
   Update not needed
#@# pial curv rh Sun Mar 15 10:28:27 CET 2026
cd /out/sourcedata/freesurfer/sub-v2s10x28935_ses-1/mri
mris_place_surface --curv-map ../surf/rh.pial 2 10 ../surf/rh.curv.pial
   Update not needed
#@# pial area rh Sun Mar 15 10:28:27 CET 2026
cd /out/sourcedata/freesurfer/sub-v2s10x28935_ses-1/mri
mris_place_surface --area-map ../surf/rh.pial ../surf/rh.area.pial
   Update not needed
#@# thickness rh Sun Mar 15 10:28:27 CET 2026
cd /out/sourcedata/freesurfer/sub-v2s10x28935_ses-1/mri
mris_place_surface --thickness ../surf/rh.white ../surf/rh.pial 20 5 ../surf/rh.thickness
   Update not needed
#@# area and vertex vol rh Sun Mar 15 10:28:27 CET 2026
cd /out/sourcedata/freesurfer/sub-v2s10x28935_ses-1/mri
mris_place_surface --thickness ../surf/rh.white ../surf/rh.pial 20 5 ../surf/rh.thickness
   Update not needed

#-----------------------------------------
#@# Curvature Stats lh Sun Mar 15 10:28:27 CET 2026
/out/sourcedata/freesurfer/sub-v2s10x28935_ses-1/surf

 mris_curvature_stats -m --writeCurvatureFiles -G -o ../stats/lh.curv.stats -F smoothwm sub-v2s10x28935_ses-1 lh curv sulc 

             Toggling save flag on curvature files                       [ ok ]
                 Outputting results using filestem   [ ../stats/lh.curv.stats ]
             Toggling save flag on curvature files                       [ ok ]
                                   Setting surface [ sub-v2s10x28935_ses-1/lh.smoothwm ]
                                Reading surface...                       [ ok ]
                                   Setting texture                     [ curv ]
                                Reading texture...                       [ ok ]
                                   Setting texture                     [ sulc ]
                                Reading texture...Gb_filter = 0
                       [ ok ]
      Calculating Discrete Principal Curvatures...
      Determining geometric order for vno faces... [####################] [ ok ]
                      Determining KH curvatures... [####################] [ ok ]
                    Determining k1k2 curvatures... [####################] [ ok ]
                                   deltaViolations                      [ 268 ]
Gb_filter = 0

WARN:    S lookup   min:                          -0.023655
WARN:    S explicit min:                          0.000000	vertex = 248

#-----------------------------------------
#@# Curvature Stats rh Sun Mar 15 10:28:29 CET 2026
/out/sourcedata/freesurfer/sub-v2s10x28935_ses-1/surf

 mris_curvature_stats -m --writeCurvatureFiles -G -o ../stats/rh.curv.stats -F smoothwm sub-v2s10x28935_ses-1 rh curv sulc 

             Toggling save flag on curvature files                       [ ok ]
                 Outputting results using filestem   [ ../stats/rh.curv.stats ]
             Toggling save flag on curvature files                       [ ok ]
                                   Setting surface [ sub-v2s10x28935_ses-1/rh.smoothwm ]
                                Reading surface...                       [ ok ]
                                   Setting texture                     [ curv ]
                                Reading texture...                       [ ok ]
                                   Setting texture                     [ sulc ]
                                Reading texture...Gb_filter = 0
                       [ ok ]
      Calculating Discrete Principal Curvatures...
      Determining geometric order for vno faces... [####################] [ ok ]
                      Determining KH curvatures... [####################] [ ok ]
                    Determining k1k2 curvatures... [####################] [ ok ]
                                   deltaViolations                      [ 227 ]
Gb_filter = 0
#-----------------------------------------
#@# Relabel Hypointensities Sun Mar 15 10:28:31 CET 2026
/out/sourcedata/freesurfer/sub-v2s10x28935_ses-1/mri

 mri_relabel_hypointensities aseg.presurf.mgz ../surf aseg.presurf.hypos.mgz 

reading input surface ../surf/lh.white...
relabeling lh hypointensities...
2728 voxels changed to hypointensity...
reading input surface ../surf/rh.white...
relabeling rh hypointensities...
2487 voxels changed to hypointensity...
5209 hypointense voxels neighboring cortex changed
#-----------------------------------------
#@# APas-to-ASeg Sun Mar 15 10:28:42 CET 2026
/out/sourcedata/freesurfer/sub-v2s10x28935_ses-1/mri

 mri_surf2volseg --o aseg.mgz --i aseg.presurf.hypos.mgz --fix-presurf-with-ribbon /out/sourcedata/freesurfer/sub-v2s10x28935_ses-1/mri/ribbon.mgz --threads 16 --lh-cortex-mask /out/sourcedata/freesurfer/sub-v2s10x28935_ses-1/label/lh.cortex.label --lh-white /out/sourcedata/freesurfer/sub-v2s10x28935_ses-1/surf/lh.white --lh-pial /out/sourcedata/freesurfer/sub-v2s10x28935_ses-1/surf/lh.pial --rh-cortex-mask /out/sourcedata/freesurfer/sub-v2s10x28935_ses-1/label/rh.cortex.label --rh-white /out/sourcedata/freesurfer/sub-v2s10x28935_ses-1/surf/rh.white --rh-pial /out/sourcedata/freesurfer/sub-v2s10x28935_ses-1/surf/rh.pial 

SUBJECTS_DIR /out/sourcedata/freesurfer
outvol aseg.mgz
16 avail.processors, using 16
Loading aseg.presurf.hypos.mgz
Loading /out/sourcedata/freesurfer/sub-v2s10x28935_ses-1/mri/ribbon.mgz
Loading /out/sourcedata/freesurfer/sub-v2s10x28935_ses-1/surf/lh.white
Loading /out/sourcedata/freesurfer/sub-v2s10x28935_ses-1/surf/lh.pial
Loading /out/sourcedata/freesurfer/sub-v2s10x28935_ses-1/label/lh.cortex.label
Loading /out/sourcedata/freesurfer/sub-v2s10x28935_ses-1/surf/rh.white
Loading /out/sourcedata/freesurfer/sub-v2s10x28935_ses-1/surf/rh.pial
Loading /out/sourcedata/freesurfer/sub-v2s10x28935_ses-1/label/rh.cortex.label
Done loading
192 208   0 144 240 128  32  16  48 160 176  80  64 224  96 112  33 225  17 241  34  18 242   1  35  19 
243  36   2  49  20 226 244  37   3 227  21  50 245  38 209  65   4 228  22 246  51 177  39 
210   5  66  23  40 247  97  52   6  41  24 248  53 113  67   7  42  81 249  25  54 193   8  43 229 250  26  55  44  82 230   9 251 178  27  68  45 194 211 231  10 252  28  46 212  11 253  29 179 
 47 161  98  12 254 195  30  56  69  13  31 255 232  57  14 196  83  58  15 233  70  99 
 59 
213 197 234 180  84  60 214 235 198 236  85  61 114 145 100 162 199 
237 181 129 200  62  86 238 215  71 163 239 
 87 216  63 101 182  72 217  88 201 218  73 183 146 202 219 
102 164  89 203 220  74 184 204 221 115 165  90 103 185 205 222 147  75 206 186 223 166 207  91 187 104 148  76 188 167 130 105  92 189  77 190 168 149  78 191  93 106 169 116  79 
150  94 107 170 151 108  95 171 152 172 109 117 131 153 173 110 154 174 111 175 155 118 156 119 
157 132 158 120 159 
133 121 134 122 135 123 136 124 137 138 125 139 
140 126 141 127 142 143 
nrelabeled = 174270
ndotcheck = 0
Starting Surf2VolSeg free
free done
#VMPC# mri_surf2volseg VmPeak  1974420
mri_surf2volseg done

 mri_brainvol_stats sub-v2s10x28935_ses-1 

ComputeBrainVolumeStats2 VoxelVol=1, KeepCSF=1
  #CBVS2 MaskVol              1537951.0
  #CBVS2 BrainSegVol          1260176.0
  #CBVS2 BrainSegVolNotVent   1248439.0
  #CBVS2 SupraTentVol         1109493.0
  #CBVS2 SupraTentVolNotVent  1097756.0
  #CBVS2 lhCtxGM               281598.1
  #CBVS2 rhCtxGM               282325.9
  #CBVS2 lhCerebralWM          234810.5
  #CBVS2 rhCerebralWM          234822.5
  #CBVS2 SubCortGMVol           65367.0
  #CBVS2 CerebellumVol         150683.0
  #CBVS2 CerebellumGMVol       120290.0
  #CBVS2 VentChorVol             8723.0
  #CBVS2 3rd4th5thCSF            3014.0
  #CBVS2 AllCSF                 11737.0
  #CBVS2 CCVol                   4953.0
#-----------------------------------------
#@# AParc-to-ASeg aparc Sun Mar 15 10:28:50 CET 2026
/out/sourcedata/freesurfer/sub-v2s10x28935_ses-1/mri

 mri_surf2volseg --o aparc+aseg.mgz --label-cortex --i aseg.mgz --threads 16 --lh-annot /out/sourcedata/freesurfer/sub-v2s10x28935_ses-1/label/lh.aparc.annot 1000 --lh-cortex-mask /out/sourcedata/freesurfer/sub-v2s10x28935_ses-1/label/lh.cortex.label --lh-white /out/sourcedata/freesurfer/sub-v2s10x28935_ses-1/surf/lh.white --lh-pial /out/sourcedata/freesurfer/sub-v2s10x28935_ses-1/surf/lh.pial --rh-annot /out/sourcedata/freesurfer/sub-v2s10x28935_ses-1/label/rh.aparc.annot 2000 --rh-cortex-mask /out/sourcedata/freesurfer/sub-v2s10x28935_ses-1/label/rh.cortex.label --rh-white /out/sourcedata/freesurfer/sub-v2s10x28935_ses-1/surf/rh.white --rh-pial /out/sourcedata/freesurfer/sub-v2s10x28935_ses-1/surf/rh.pial 

SUBJECTS_DIR /out/sourcedata/freesurfer
outvol aparc+aseg.mgz
16 avail.processors, using 16
Loading aseg.mgz
Loading /out/sourcedata/freesurfer/sub-v2s10x28935_ses-1/surf/lh.white
Loading /out/sourcedata/freesurfer/sub-v2s10x28935_ses-1/surf/lh.pial
Loading /out/sourcedata/freesurfer/sub-v2s10x28935_ses-1/label/lh.cortex.label
Ripping lh vertices labeled not in lh.cortex.label
  ripped 9084 vertices from lh hemi
Loading /out/sourcedata/freesurfer/sub-v2s10x28935_ses-1/label/lh.aparc.annot
Loading /out/sourcedata/freesurfer/sub-v2s10x28935_ses-1/surf/rh.white
Loading /out/sourcedata/freesurfer/sub-v2s10x28935_ses-1/surf/rh.pial
Loading /out/sourcedata/freesurfer/sub-v2s10x28935_ses-1/label/rh.cortex.label
Ripping rh vertices labeled not in rh.cortex.label
  ripped 8799 vertices from rh hemi
Loading /out/sourcedata/freesurfer/sub-v2s10x28935_ses-1/label/rh.aparc.annot
Done loading
  0 160 240  80 208 224  32  96 144 112 176 128 192  64  48  16   1  17  49 209 241 225   2  33  18  50 210 242 226   3  34  19 
  4  51 211 243 227  35  20   5  52  36   6  21 212 244 228  53  37   7  22  38   8 213  54 245 229  23  39 
  9  55  40 214  10  24 246 230  41  11  56  25 215  42 247  12 231  26  57  43  13 216 248 232  44  14  27  58  45  15 217  28  59 
249 233  46  47  29 218  60 234 250  30 219 
251 235  31 220 252 236 253 221 237 254 222 238 255 223 239 
 61  62  63  65 193 194 195  66 196 197 198 199 
200 201 202 203 204 205 206 207 113 145  67 129 161  68 114 146  81  69 177 130  97 162 115  70 147 131  71 163 116  82 148  72  98 132 178 117 164  73 149 133  83 118  74 165  99 
134  75 119 
179 
150  84 166  76 120 135 100 151 121 167  77 136 180  85 122 101  78 168 152 137 123  86  79 
169 181 102 138 153 124 170  87 103 139 
171 182 125 154 104  88 140 172 126 105 141 183 173  89 155 142 106 127 174 143  90 184 107 175 156 108  91 185 109 157 186  92 110 187 111 158  93 188 159 
 94 189 190 191  95 
nrelabeled = 562753
ndotcheck = 44716
Starting Surf2VolSeg free
free done
#VMPC# mri_surf2volseg VmPeak  1958700
mri_surf2volseg done
#-----------------------------------------
#@# AParc-to-ASeg aparc.a2009s Sun Mar 15 10:29:17 CET 2026
/out/sourcedata/freesurfer/sub-v2s10x28935_ses-1/mri

 mri_surf2volseg --o aparc.a2009s+aseg.mgz --label-cortex --i aseg.mgz --threads 16 --lh-annot /out/sourcedata/freesurfer/sub-v2s10x28935_ses-1/label/lh.aparc.a2009s.annot 11100 --lh-cortex-mask /out/sourcedata/freesurfer/sub-v2s10x28935_ses-1/label/lh.cortex.label --lh-white /out/sourcedata/freesurfer/sub-v2s10x28935_ses-1/surf/lh.white --lh-pial /out/sourcedata/freesurfer/sub-v2s10x28935_ses-1/surf/lh.pial --rh-annot /out/sourcedata/freesurfer/sub-v2s10x28935_ses-1/label/rh.aparc.a2009s.annot 12100 --rh-cortex-mask /out/sourcedata/freesurfer/sub-v2s10x28935_ses-1/label/rh.cortex.label --rh-white /out/sourcedata/freesurfer/sub-v2s10x28935_ses-1/surf/rh.white --rh-pial /out/sourcedata/freesurfer/sub-v2s10x28935_ses-1/surf/rh.pial 

SUBJECTS_DIR /out/sourcedata/freesurfer
outvol aparc.a2009s+aseg.mgz
16 avail.processors, using 16
Loading aseg.mgz
Loading /out/sourcedata/freesurfer/sub-v2s10x28935_ses-1/surf/lh.white
Loading /out/sourcedata/freesurfer/sub-v2s10x28935_ses-1/surf/lh.pial
Loading /out/sourcedata/freesurfer/sub-v2s10x28935_ses-1/label/lh.cortex.label
Ripping lh vertices labeled not in lh.cortex.label
  ripped 9084 vertices from lh hemi
Loading /out/sourcedata/freesurfer/sub-v2s10x28935_ses-1/label/lh.aparc.a2009s.annot
Loading /out/sourcedata/freesurfer/sub-v2s10x28935_ses-1/surf/rh.white
Loading /out/sourcedata/freesurfer/sub-v2s10x28935_ses-1/surf/rh.pial
Loading /out/sourcedata/freesurfer/sub-v2s10x28935_ses-1/label/rh.cortex.label
Ripping rh vertices labeled not in rh.cortex.label
  ripped 8799 vertices from rh hemi
Loading /out/sourcedata/freesurfer/sub-v2s10x28935_ses-1/label/rh.aparc.a2009s.annot
Done loading
  0 224 192  80  48  96  64 144 112 128 208  16  32 240 176 160 241  49  17 225  33   1 209 242  50  18 226   2 210  34 243 227  51  19 
  3 211  35 244 228  52  20 212   4  36 245 229  53  21 213   5  37 246 230  54  22 214   6  38 247 231  55  23 215   7 248  39 
232 249 216  56  24   8 233  40 250  57  25 217   9 234  41 251  58  26 218  10 235  42 252  59 
 27 219 
236  11  43 253  28 220 237  12  60  44 254 221  29 238  13  45 255 222  30 239 
 14  46 223  31  15  47  61  62  63  65 193 194 195 145 196 197 198 199 
200 201 202 203 204 205 206 207  66 161 146 113 129  67  81  97 147 162  68 148 114 177  82 130 163  69  98 149 115  70  83 164 178 150  99 
131 165  71  84 151 116 179 
100  72 166 132 117 152 180  73 167  85 118  74 153 101 133 181 168  75 119 
154  86 182 134 169  76 120 155 102 183 170  87 135 121  77 156 171 184  88 122 136  78 103 185 157 172 186  89 123 158  79 
173 187 137  90 159 
104 174 188 124 189 138  91 175 190 125 191 105  92 139 
126 106  93 140 107  94 127 141  95 108 142 109 143 110 111 
nrelabeled = 562753
ndotcheck = 44716
Starting Surf2VolSeg free
free done
#VMPC# mri_surf2volseg VmPeak  2097964
mri_surf2volseg done
#-----------------------------------------
#@# AParc-to-ASeg aparc.DKTatlas Sun Mar 15 10:29:45 CET 2026
/out/sourcedata/freesurfer/sub-v2s10x28935_ses-1/mri

 mri_surf2volseg --o aparc.DKTatlas+aseg.mgz --label-cortex --i aseg.mgz --threads 16 --lh-annot /out/sourcedata/freesurfer/sub-v2s10x28935_ses-1/label/lh.aparc.DKTatlas.annot 1000 --lh-cortex-mask /out/sourcedata/freesurfer/sub-v2s10x28935_ses-1/label/lh.cortex.label --lh-white /out/sourcedata/freesurfer/sub-v2s10x28935_ses-1/surf/lh.white --lh-pial /out/sourcedata/freesurfer/sub-v2s10x28935_ses-1/surf/lh.pial --rh-annot /out/sourcedata/freesurfer/sub-v2s10x28935_ses-1/label/rh.aparc.DKTatlas.annot 2000 --rh-cortex-mask /out/sourcedata/freesurfer/sub-v2s10x28935_ses-1/label/rh.cortex.label --rh-white /out/sourcedata/freesurfer/sub-v2s10x28935_ses-1/surf/rh.white --rh-pial /out/sourcedata/freesurfer/sub-v2s10x28935_ses-1/surf/rh.pial 

SUBJECTS_DIR /out/sourcedata/freesurfer
outvol aparc.DKTatlas+aseg.mgz
16 avail.processors, using 16
Loading aseg.mgz
Loading /out/sourcedata/freesurfer/sub-v2s10x28935_ses-1/surf/lh.white
Loading /out/sourcedata/freesurfer/sub-v2s10x28935_ses-1/surf/lh.pial
Loading /out/sourcedata/freesurfer/sub-v2s10x28935_ses-1/label/lh.cortex.label
Ripping lh vertices labeled not in lh.cortex.label
  ripped 9084 vertices from lh hemi
Loading /out/sourcedata/freesurfer/sub-v2s10x28935_ses-1/label/lh.aparc.DKTatlas.annot
Loading /out/sourcedata/freesurfer/sub-v2s10x28935_ses-1/surf/rh.white
Loading /out/sourcedata/freesurfer/sub-v2s10x28935_ses-1/surf/rh.pial
Loading /out/sourcedata/freesurfer/sub-v2s10x28935_ses-1/label/rh.cortex.label
Ripping rh vertices labeled not in rh.cortex.label
  ripped 8799 vertices from rh hemi
Loading /out/sourcedata/freesurfer/sub-v2s10x28935_ses-1/label/rh.aparc.DKTatlas.annot
Done loading
 80   0 112 160  16 176  32 144 192 208 240  48 128  64 224  96   1 209  33  17  49 225   2 210  34  18 226  50 241   3 211  35  19 
 51 227   4 242  20  36 212  52 228 243   5  21  37  53 213 229 244   6  22  38  54 214 230 245   7  23  39 
 55 215 231 246   8  24  40  56 216 232 247   9  25  41  57 217 233 248  10  26  42  58 218 234  11 249  27  43  59 
219 
235  12 250  28  44 220  60 236  13 251  45  29 221 237  14 252  46  30 222 238  15 253  47  31 223 239 
254 255  61  62  63  65 193 194 195 196 197 198 199 
200 201 202 203 204 205 206 207  66 145  67 146  81 177 129  97 113  68 161 147 148  69  82 178 149 130 114  98 179 
 70 162 150 151  83 180 115  71 152 131  99 
181 163 153  72  84 182 116 154 132 100 183  73 155 164 117  85 184 156  74 101 133 185 157 186 118  86  75 187 165 158 102 134 188 159 
119 
189  87  76 103 190 191 166 135 120  88  77 104 121 136  89 167 105  78  90 122 106 168 137  79 
 91 107 123 169 108  92 138 170 109  93 124 139 
171 110 140  94 172 111 125 141  95 173 142 143 174 126 175 127 
nrelabeled = 562753
ndotcheck = 44716
Starting Surf2VolSeg free
free done
#VMPC# mri_surf2volseg VmPeak  1958724
mri_surf2volseg done
#-----------------------------------------
#@# WMParc Sun Mar 15 10:30:11 CET 2026
/out/sourcedata/freesurfer/sub-v2s10x28935_ses-1/mri

 mri_surf2volseg --o wmparc.mgz --label-wm --i aparc+aseg.mgz --threads 16 --lh-annot /out/sourcedata/freesurfer/sub-v2s10x28935_ses-1/label/lh.aparc.annot 3000 --lh-cortex-mask /out/sourcedata/freesurfer/sub-v2s10x28935_ses-1/label/lh.cortex.label --lh-white /out/sourcedata/freesurfer/sub-v2s10x28935_ses-1/surf/lh.white --lh-pial /out/sourcedata/freesurfer/sub-v2s10x28935_ses-1/surf/lh.pial --rh-annot /out/sourcedata/freesurfer/sub-v2s10x28935_ses-1/label/rh.aparc.annot 4000 --rh-cortex-mask /out/sourcedata/freesurfer/sub-v2s10x28935_ses-1/label/rh.cortex.label --rh-white /out/sourcedata/freesurfer/sub-v2s10x28935_ses-1/surf/rh.white --rh-pial /out/sourcedata/freesurfer/sub-v2s10x28935_ses-1/surf/rh.pial 

SUBJECTS_DIR /out/sourcedata/freesurfer
outvol wmparc.mgz
16 avail.processors, using 16
Loading aparc+aseg.mgz
Loading /out/sourcedata/freesurfer/sub-v2s10x28935_ses-1/surf/lh.white
Loading /out/sourcedata/freesurfer/sub-v2s10x28935_ses-1/surf/lh.pial
Loading /out/sourcedata/freesurfer/sub-v2s10x28935_ses-1/label/lh.cortex.label
Ripping lh vertices labeled not in lh.cortex.label
  ripped 9084 vertices from lh hemi
Loading /out/sourcedata/freesurfer/sub-v2s10x28935_ses-1/label/lh.aparc.annot
Loading /out/sourcedata/freesurfer/sub-v2s10x28935_ses-1/surf/rh.white
Loading /out/sourcedata/freesurfer/sub-v2s10x28935_ses-1/surf/rh.pial
Loading /out/sourcedata/freesurfer/sub-v2s10x28935_ses-1/label/rh.cortex.label
Ripping rh vertices labeled not in rh.cortex.label
  ripped 8799 vertices from rh hemi
Loading /out/sourcedata/freesurfer/sub-v2s10x28935_ses-1/label/rh.aparc.annot
Done loading
  0  16 192  80  32 144 128 208 160 240 112  48 224  64 176  96 225  17 209   1  49  33 241 226  18 210 193   2  34  50 242 227  19 
211   3  35  51 243  65 194 228  20 212   4  36  52 244 229 195  21 213   5  37  53 245 230 196 214  22   6  38 231  54 246 197 215  23   7  39 
232 198  55 247 216   8  24  40 233 199 
 56 248 217   9  66  25  41 234 200  57 218  10 249  26  42 235 201  11 219 
 58 250  43  27 236 202  12 220 237  59 
251  44  28 238 203  13 221 239 
 45  60 252  29 204  14 222  46 253  30 205  15 223  47  61 254  31 206  62 255 207  63  67  68 129  69  70 130  81 177  71 131  72  97  73 161 178  82 132  74 145 179 
133  83  75 113  98 180 134  76 162  84 181  77 135 182  78 146  99 
 85 163 183  79 
136 184 114  86 185 186 100 187 188 164 189  87 137 190 191 147  88 101 165 138 115  89 166 148 102 139 
 90 116 167  91 103 140 149  92 168 104 117  93 150 141 169 105  94 118 170 151 142  95 106 171 119 
152 143 107 172 153 120 173 108 174 154 121 109 175 122 155 110 123 156 124 125 157 111 126 127 158 159 

nrelabeled = 464680
ndotcheck = 3700
Starting Surf2VolSeg free
free done
#VMPC# mri_surf2volseg VmPeak  1958700
mri_surf2volseg done

 mri_segstats --seed 1234 --seg mri/wmparc.mgz --sum stats/wmparc.stats --pv mri/norm.mgz --excludeid 0 --brainmask mri/brainmask.mgz --in mri/norm.mgz --in-intensity-name norm --in-intensity-units MR --subject sub-v2s10x28935_ses-1 --surf-wm-vol --ctab /opt/freesurfer/WMParcStatsLUT.txt --etiv 

setting seed for random number genererator to 1234

7.3.2
cwd 
cmdline mri_segstats --seed 1234 --seg mri/wmparc.mgz --sum stats/wmparc.stats --pv mri/norm.mgz --excludeid 0 --brainmask mri/brainmask.mgz --in mri/norm.mgz --in-intensity-name norm --in-intensity-units MR --subject sub-v2s10x28935_ses-1 --surf-wm-vol --ctab /opt/freesurfer/WMParcStatsLUT.txt --etiv 
sysname  Linux
hostname dna069
machine  x86_64
user     oesteban
whitesurfname  white
UseRobust  0
atlas_icv (eTIV) = 1580032 mm^3    (det: 1.232953 )
Loading mri/wmparc.mgz
Getting Brain Volume Statistics
Loading mri/norm.mgz
Loading mri/norm.mgz
Voxel Volume is 1 mm^3
Generating list of segmentation ids
Found 390 segmentations
Computing statistics for each segmentation

Reporting on  70 segmentations
Using PrintSegStat
mri_segstats done
#--------------------------------------------
#@# ASeg Stats Sun Mar 15 10:32:14 CET 2026
/out/sourcedata/freesurfer/sub-v2s10x28935_ses-1

 mri_segstats --seed 1234 --seg mri/aseg.mgz --sum stats/aseg.stats --pv mri/norm.mgz --empty --brainmask mri/brainmask.mgz --brain-vol-from-seg --excludeid 0 --excl-ctxgmwm --supratent --subcortgray --in mri/norm.mgz --in-intensity-name norm --in-intensity-units MR --etiv --surf-wm-vol --surf-ctx-vol --totalgray --euler --ctab /opt/freesurfer/ASegStatsLUT.txt --subject sub-v2s10x28935_ses-1 

setting seed for random number genererator to 1234

7.3.2
cwd 
cmdline mri_segstats --seed 1234 --seg mri/aseg.mgz --sum stats/aseg.stats --pv mri/norm.mgz --empty --brainmask mri/brainmask.mgz --brain-vol-from-seg --excludeid 0 --excl-ctxgmwm --supratent --subcortgray --in mri/norm.mgz --in-intensity-name norm --in-intensity-units MR --etiv --surf-wm-vol --surf-ctx-vol --totalgray --euler --ctab /opt/freesurfer/ASegStatsLUT.txt --subject sub-v2s10x28935_ses-1 
sysname  Linux
hostname dna069
machine  x86_64
user     oesteban
whitesurfname  white
UseRobust  0
atlas_icv (eTIV) = 1580032 mm^3    (det: 1.232953 )
Computing euler number
orig.nofix lheno =  -18, rheno = -14
orig.nofix lhholes =   10, rhholes = 8
Loading mri/aseg.mgz
Getting Brain Volume Statistics
Loading mri/norm.mgz
Loading mri/norm.mgz
Voxel Volume is 1 mm^3
Generating list of segmentation ids
Found  50 segmentations
Computing statistics for each segmentation

Reporting on  45 segmentations
Using PrintSegStat
mri_segstats done

Started at Sun Mar 15 10:28:27 CET 2026 
Ended   at Sun Mar 15 10:32:34 CET 2026
#@#%# recon-all-run-time-hours 0.069
recon-all -s sub-v2s10x28935_ses-1 finished without error at Sun Mar 15 10:32:34 CET 2026
