
Sun Mar 15 09:27:35 CET 2026
cd /out/sourcedata/freesurfer/sub-v2s10x28920_ses-1
setenv SUBJECTS_DIR /out/sourcedata/freesurfer
/opt/freesurfer/bin/recon-all -autorecon-hemi lh -noparcstats -noparcstats2 -noparcstats3 -nohyporelabel -nobalabels -lh-only -openmp 16 -subjid sub-v2s10x28920_ses-1 -sd /out/sourcedata/freesurfer

subjid sub-v2s10x28920_ses-1
setenv SUBJECTS_DIR /out/sourcedata/freesurfer
FREESURFER_HOME /opt/freesurfer
Actual FREESURFER_HOME /opt/freesurfer
build-stamp.txt: freesurfer-linux-ubuntu22_x86_64-7.3.2-20220804-6354275
Linux dna065 5.14.0-427.37.1.el9_4.x86_64 #1 SMP PREEMPT_DYNAMIC Fri Sep 13 12:41:50 EDT 2024 x86_64 x86_64 x86_64 GNU/Linux
cputime      unlimited
filesize     unlimited
datasize     unlimited
stacksize    8192 kbytes
coredumpsize 0 kbytes
memoryuse    67108864 kbytes
vmemoryuse   unlimited
descriptors  1024 
memorylocked unlimited
maxproc      2061970 
maxlocks     unlimited
maxsignal    2062029 
maxmessage   819200 
maxnice      0 
maxrtprio    0 
maxrttime    unlimited

               total        used        free      shared  buff/cache   available
Mem:           503Gi       129Gi       286Gi        15Gi        88Gi       355Gi
Swap:             0B          0B          0B

########################################
program versions used
7.3.2 (freesurfer-linux-ubuntu22_x86_64-7.3.2-20220804-6354275)
7.3.2

ProgramName: lta_convert  ProgramArguments: lta_convert -all-info  ProgramVersion: 7.3.2  TimeStamp: 2026/03/15-08:27:35-GMT  BuildTime: Aug  4 2022 06:17:15  BuildStamp: freesurfer-linux-ubuntu22_x86_64-7.3.2-20220804-6354275  User: oesteban  Machine: dna065  Platform: Linux  PlatformVersion: 5.14.0-427.37.1.el9_4.x86_64  CompilerName: GCC  CompilerVersion: 8.4.0
ProgramName: mri_and  ProgramArguments: mri_and -all-info  ProgramVersion: 7.3.2  TimeStamp: 2026/03/15-08:27:35-GMT  BuildTime: Aug  4 2022 06:17:15  BuildStamp: freesurfer-linux-ubuntu22_x86_64-7.3.2-20220804-6354275  User: oesteban  Machine: dna065  Platform: Linux  PlatformVersion: 5.14.0-427.37.1.el9_4.x86_64  CompilerName: GCC  CompilerVersion: 8.4.0
ProgramName: mri_annotation2label  ProgramArguments: mri_annotation2label -all-info  ProgramVersion: 7.3.2  TimeStamp: 2026/03/15-08:27:35-GMT  BuildTime: Aug  4 2022 06:17:15  BuildStamp: freesurfer-linux-ubuntu22_x86_64-7.3.2-20220804-6354275  User: oesteban  Machine: dna065  Platform: Linux  PlatformVersion: 5.14.0-427.37.1.el9_4.x86_64  CompilerName: GCC  CompilerVersion: 8.4.0
ProgramName: mri_aparc2aseg  ProgramArguments: mri_aparc2aseg -all-info  ProgramVersion: 7.3.2  TimeStamp: 2026/03/15-08:27:35-GMT  BuildTime: Aug  4 2022 06:17:15  BuildStamp: freesurfer-linux-ubuntu22_x86_64-7.3.2-20220804-6354275  User: oesteban  Machine: dna065  Platform: Linux  PlatformVersion: 5.14.0-427.37.1.el9_4.x86_64  CompilerName: GCC  CompilerVersion: 8.4.0
ProgramName: mri_surf2volseg  ProgramArguments: mri_surf2volseg -all-info  ProgramVersion: 7.3.2  TimeStamp: 2026/03/15-08:27:35-GMT  BuildTime: Aug  4 2022 06:17:15  BuildStamp: freesurfer-linux-ubuntu22_x86_64-7.3.2-20220804-6354275  User: oesteban  Machine: dna065  Platform: Linux  PlatformVersion: 5.14.0-427.37.1.el9_4.x86_64  CompilerName: GCC  CompilerVersion: 8.4.0
ProgramName: mri_binarize  ProgramArguments: mri_binarize -all-info  ProgramVersion: 7.3.2  TimeStamp: 2026/03/15-08:27:35-GMT  BuildTime: Aug  4 2022 06:17:15  BuildStamp: freesurfer-linux-ubuntu22_x86_64-7.3.2-20220804-6354275  User: oesteban  Machine: dna065  Platform: Linux  PlatformVersion: 5.14.0-427.37.1.el9_4.x86_64  CompilerName: GCC  CompilerVersion: 8.4.0
ProgramName: mri_ca_label  ProgramArguments: mri_ca_label -all-info  ProgramVersion: 7.3.2  TimeStamp: 2026/03/15-08:27:35-GMT  BuildTime: Aug  4 2022 06:17:15  BuildStamp: freesurfer-linux-ubuntu22_x86_64-7.3.2-20220804-6354275  User: oesteban  Machine: dna065  Platform: Linux  PlatformVersion: 5.14.0-427.37.1.el9_4.x86_64  CompilerName: GCC  CompilerVersion: 8.4.0
ProgramName: mri_ca_normalize  ProgramArguments: mri_ca_normalize -all-info  ProgramVersion: 7.3.2  TimeStamp: 2026/03/15-08:27:35-GMT  BuildTime: Aug  4 2022 06:17:15  BuildStamp: freesurfer-linux-ubuntu22_x86_64-7.3.2-20220804-6354275  User: oesteban  Machine: dna065  Platform: Linux  PlatformVersion: 5.14.0-427.37.1.el9_4.x86_64  CompilerName: GCC  CompilerVersion: 8.4.0
ProgramName: mri_ca_register  ProgramArguments: mri_ca_register -all-info  ProgramVersion: 7.3.2  TimeStamp: 2026/03/15-08:27:35-GMT  BuildTime: Aug  4 2022 06:17:15  BuildStamp: freesurfer-linux-ubuntu22_x86_64-7.3.2-20220804-6354275  User: oesteban  Machine: dna065  Platform: Linux  PlatformVersion: 5.14.0-427.37.1.el9_4.x86_64  CompilerName: GCC  CompilerVersion: 8.4.0
ProgramName: mri_cc  ProgramArguments: mri_cc -all-info  ProgramVersion: 7.3.2  TimeStamp: 2026/03/15-08:27:35-GMT  BuildTime: Aug  4 2022 06:17:15  BuildStamp: freesurfer-linux-ubuntu22_x86_64-7.3.2-20220804-6354275  User: oesteban  Machine: dna065  Platform: Linux  PlatformVersion: 5.14.0-427.37.1.el9_4.x86_64  CompilerName: GCC  CompilerVersion: 8.4.0
ProgramName: mri_compute_overlap  ProgramArguments: mri_compute_overlap -all-info  ProgramVersion: 7.3.2  TimeStamp: 2026/03/15-08:27:35-GMT  BuildTime: Aug  4 2022 06:17:15  BuildStamp: freesurfer-linux-ubuntu22_x86_64-7.3.2-20220804-6354275  User: oesteban  Machine: dna065  Platform: Linux  PlatformVersion: 5.14.0-427.37.1.el9_4.x86_64  CompilerName: GCC  CompilerVersion: 8.4.0
ProgramName: mri_compute_seg_overlap  ProgramArguments: mri_compute_seg_overlap -all-info  ProgramVersion: 7.3.2  TimeStamp: 2026/03/15-08:27:35-GMT  BuildTime: Aug  4 2022 06:17:15  BuildStamp: freesurfer-linux-ubuntu22_x86_64-7.3.2-20220804-6354275  User: oesteban  Machine: dna065  Platform: Linux  PlatformVersion: 5.14.0-427.37.1.el9_4.x86_64  CompilerName: GCC  CompilerVersion: 8.4.0
ProgramName: mri_concat  ProgramArguments: mri_concat -all-info  ProgramVersion: 7.3.2  TimeStamp: 2026/03/15-08:27:35-GMT  BuildTime: Aug  4 2022 06:17:15  BuildStamp: freesurfer-linux-ubuntu22_x86_64-7.3.2-20220804-6354275  User: oesteban  Machine: dna065  Platform: Linux  PlatformVersion: 5.14.0-427.37.1.el9_4.x86_64  CompilerName: GCC  CompilerVersion: 8.4.0
ProgramName: mri_concatenate_lta  ProgramArguments: mri_concatenate_lta -all-info  ProgramVersion: 7.3.2  TimeStamp: 2026/03/15-08:27:35-GMT  BuildTime: Aug  4 2022 06:17:15  BuildStamp: freesurfer-linux-ubuntu22_x86_64-7.3.2-20220804-6354275  User: oesteban  Machine: dna065  Platform: Linux  PlatformVersion: 5.14.0-427.37.1.el9_4.x86_64  CompilerName: GCC  CompilerVersion: 8.4.0
mri_convert -all-info 
ProgramName: mri_convert  ProgramArguments: mri_convert -all-info  ProgramVersion: 7.3.2  TimeStamp: 2026/03/15-08:27:35-GMT  BuildTime: Aug  4 2022 06:17:15  BuildStamp: freesurfer-linux-ubuntu22_x86_64-7.3.2-20220804-6354275  User: oesteban  Machine: dna065  Platform: Linux  PlatformVersion: 5.14.0-427.37.1.el9_4.x86_64  CompilerName: GCC  CompilerVersion: 8.4.0
ProgramName: mri_diff  ProgramArguments: mri_diff -all-info  ProgramVersion: 7.3.2  TimeStamp: 2026/03/15-08:27:35-GMT  BuildTime: Aug  4 2022 06:17:15  BuildStamp: freesurfer-linux-ubuntu22_x86_64-7.3.2-20220804-6354275  User: oesteban  Machine: dna065  Platform: Linux  PlatformVersion: 5.14.0-427.37.1.el9_4.x86_64  CompilerName: GCC  CompilerVersion: 8.4.0
ProgramName: mri_edit_wm_with_aseg  ProgramArguments: mri_edit_wm_with_aseg -all-info  ProgramVersion: 7.3.2  TimeStamp: 2026/03/15-08:27:35-GMT  BuildTime: Aug  4 2022 06:17:15  BuildStamp: freesurfer-linux-ubuntu22_x86_64-7.3.2-20220804-6354275  User: oesteban  Machine: dna065  Platform: Linux  PlatformVersion: 5.14.0-427.37.1.el9_4.x86_64  CompilerName: GCC  CompilerVersion: 8.4.0
ProgramName: mri_em_register  ProgramArguments: mri_em_register -all-info  ProgramVersion: 7.3.2  TimeStamp: 2026/03/15-08:27:35-GMT  BuildTime: Aug  4 2022 06:17:15  BuildStamp: freesurfer-linux-ubuntu22_x86_64-7.3.2-20220804-6354275  User: oesteban  Machine: dna065  Platform: Linux  PlatformVersion: 5.14.0-427.37.1.el9_4.x86_64  CompilerName: GCC  CompilerVersion: 8.4.0
ProgramName: mri_fill  ProgramArguments: mri_fill -all-info  ProgramVersion: 7.3.2  TimeStamp: 2026/03/15-08:27:35-GMT  BuildTime: Aug  4 2022 06:17:15  BuildStamp: freesurfer-linux-ubuntu22_x86_64-7.3.2-20220804-6354275  User: oesteban  Machine: dna065  Platform: Linux  PlatformVersion: 5.14.0-427.37.1.el9_4.x86_64  CompilerName: GCC  CompilerVersion: 8.4.0
ProgramName: mri_fuse_segmentations  ProgramArguments: mri_fuse_segmentations -all-info  ProgramVersion: 7.3.2  TimeStamp: 2026/03/15-08:27:35-GMT  BuildTime: Aug  4 2022 06:17:15  BuildStamp: freesurfer-linux-ubuntu22_x86_64-7.3.2-20220804-6354275  User: oesteban  Machine: dna065  Platform: Linux  PlatformVersion: 5.14.0-427.37.1.el9_4.x86_64  CompilerName: GCC  CompilerVersion: 8.4.0
ProgramName: mri_fwhm  ProgramArguments: mri_fwhm -all-info  ProgramVersion: 7.3.2  TimeStamp: 2026/03/15-08:27:35-GMT  BuildTime: Aug  4 2022 06:17:15  BuildStamp: freesurfer-linux-ubuntu22_x86_64-7.3.2-20220804-6354275  User: oesteban  Machine: dna065  Platform: Linux  PlatformVersion: 5.14.0-427.37.1.el9_4.x86_64  CompilerName: GCC  CompilerVersion: 8.4.0
ProgramName: mri_gcut  ProgramArguments: mri_gcut -all-info  ProgramVersion: 7.3.2  TimeStamp: 2026/03/15-08:27:35-GMT  BuildTime: Aug  4 2022 06:17:15  BuildStamp: freesurfer-linux-ubuntu22_x86_64-7.3.2-20220804-6354275  User: oesteban  Machine: dna065  Platform: Linux  PlatformVersion: 5.14.0-427.37.1.el9_4.x86_64  CompilerName: GCC  CompilerVersion: 8.4.0
ProgramName: mri_info  ProgramArguments: mri_info -all-info  ProgramVersion: 7.3.2  TimeStamp: 2026/03/15-08:27:35-GMT  BuildTime: Aug  4 2022 06:17:15  BuildStamp: freesurfer-linux-ubuntu22_x86_64-7.3.2-20220804-6354275  User: oesteban  Machine: dna065  Platform: Linux  PlatformVersion: 5.14.0-427.37.1.el9_4.x86_64  CompilerName: GCC  CompilerVersion: 8.4.0
ProgramName: mri_label2label  ProgramArguments: mri_label2label -all-info  ProgramVersion: 7.3.2  TimeStamp: 2026/03/15-08:27:35-GMT  BuildTime: Aug  4 2022 06:17:15  BuildStamp: freesurfer-linux-ubuntu22_x86_64-7.3.2-20220804-6354275  User: oesteban  Machine: dna065  Platform: Linux  PlatformVersion: 5.14.0-427.37.1.el9_4.x86_64  CompilerName: GCC  CompilerVersion: 8.4.0
ProgramName: mri_label2vol  ProgramArguments: mri_label2vol -all-info  ProgramVersion: 7.3.2  TimeStamp: 2026/03/15-08:27:35-GMT  BuildTime: Aug  4 2022 06:17:15  BuildStamp: freesurfer-linux-ubuntu22_x86_64-7.3.2-20220804-6354275  User: oesteban  Machine: dna065  Platform: Linux  PlatformVersion: 5.14.0-427.37.1.el9_4.x86_64  CompilerName: GCC  CompilerVersion: 8.4.0
ProgramName: mri_log_likelihood  ProgramArguments: mri_log_likelihood -all-info  ProgramVersion: 7.3.2  TimeStamp: 2026/03/15-08:27:35-GMT  BuildTime: Aug  4 2022 06:17:15  BuildStamp: freesurfer-linux-ubuntu22_x86_64-7.3.2-20220804-6354275  User: oesteban  Machine: dna065  Platform: Linux  PlatformVersion: 5.14.0-427.37.1.el9_4.x86_64  CompilerName: GCC  CompilerVersion: 8.4.0
ProgramName: mri_mask  ProgramArguments: mri_mask -all-info  ProgramVersion: 7.3.2  TimeStamp: 2026/03/15-08:27:35-GMT  BuildTime: Aug  4 2022 06:17:15  BuildStamp: freesurfer-linux-ubuntu22_x86_64-7.3.2-20220804-6354275  User: oesteban  Machine: dna065  Platform: Linux  PlatformVersion: 5.14.0-427.37.1.el9_4.x86_64  CompilerName: GCC  CompilerVersion: 8.4.0
ProgramName: mri_matrix_multiply  ProgramArguments: mri_matrix_multiply -all-info  ProgramVersion: 7.3.2  TimeStamp: 2026/03/15-08:27:35-GMT  BuildTime: Aug  4 2022 06:17:15  BuildStamp: freesurfer-linux-ubuntu22_x86_64-7.3.2-20220804-6354275  User: oesteban  Machine: dna065  Platform: Linux  PlatformVersion: 5.14.0-427.37.1.el9_4.x86_64  CompilerName: GCC  CompilerVersion: 8.4.0
ProgramName: mri_normalize  ProgramArguments: mri_normalize -all-info  ProgramVersion: 7.3.2  TimeStamp: 2026/03/15-08:27:35-GMT  BuildTime: Aug  4 2022 06:17:15  BuildStamp: freesurfer-linux-ubuntu22_x86_64-7.3.2-20220804-6354275  User: oesteban  Machine: dna065  Platform: Linux  PlatformVersion: 5.14.0-427.37.1.el9_4.x86_64  CompilerName: GCC  CompilerVersion: 8.4.0
ProgramName: mri_normalize_tp2  ProgramArguments: mri_normalize_tp2 -all-info  ProgramVersion: 7.3.2  TimeStamp: 2026/03/15-08:27:35-GMT  BuildTime: Aug  4 2022 06:17:15  BuildStamp: freesurfer-linux-ubuntu22_x86_64-7.3.2-20220804-6354275  User: oesteban  Machine: dna065  Platform: Linux  PlatformVersion: 5.14.0-427.37.1.el9_4.x86_64  CompilerName: GCC  CompilerVersion: 8.4.0
ProgramName: mri_or  ProgramArguments: mri_or -all-info  ProgramVersion: 7.3.2  TimeStamp: 2026/03/15-08:27:35-GMT  BuildTime: Aug  4 2022 06:17:15  BuildStamp: freesurfer-linux-ubuntu22_x86_64-7.3.2-20220804-6354275  User: oesteban  Machine: dna065  Platform: Linux  PlatformVersion: 5.14.0-427.37.1.el9_4.x86_64  CompilerName: GCC  CompilerVersion: 8.4.0
ProgramName: mri_relabel_hypointensities  ProgramArguments: mri_relabel_hypointensities -all-info  ProgramVersion: 7.3.2  TimeStamp: 2026/03/15-08:27:35-GMT  BuildTime: Aug  4 2022 06:17:15  BuildStamp: freesurfer-linux-ubuntu22_x86_64-7.3.2-20220804-6354275  User: oesteban  Machine: dna065  Platform: Linux  PlatformVersion: 5.14.0-427.37.1.el9_4.x86_64  CompilerName: GCC  CompilerVersion: 8.4.0
ProgramName: mri_relabel_nonwm_hypos  ProgramArguments: mri_relabel_nonwm_hypos -all-info  ProgramVersion: 7.3.2  TimeStamp: 2026/03/15-08:27:35-GMT  BuildTime: Aug  4 2022 06:17:15  BuildStamp: freesurfer-linux-ubuntu22_x86_64-7.3.2-20220804-6354275  User: oesteban  Machine: dna065  Platform: Linux  PlatformVersion: 5.14.0-427.37.1.el9_4.x86_64  CompilerName: GCC  CompilerVersion: 8.4.0
ProgramName: mri_remove_neck  ProgramArguments: mri_remove_neck -all-info  ProgramVersion: 7.3.2  TimeStamp: 2026/03/15-08:27:35-GMT  BuildTime: Aug  4 2022 06:17:15  BuildStamp: freesurfer-linux-ubuntu22_x86_64-7.3.2-20220804-6354275  User: oesteban  Machine: dna065  Platform: Linux  PlatformVersion: 5.14.0-427.37.1.el9_4.x86_64  CompilerName: GCC  CompilerVersion: 8.4.0
7.3.2

ProgramName: mri_robust_register  ProgramArguments: mri_robust_register -all-info  ProgramVersion: 7.3.2  TimeStamp: 2026/03/15-08:27:35-GMT  BuildTime: Aug  4 2022 06:17:15  BuildStamp: freesurfer-linux-ubuntu22_x86_64-7.3.2-20220804-6354275  User: oesteban  Machine: dna065  Platform: Linux  PlatformVersion: 5.14.0-427.37.1.el9_4.x86_64  CompilerName: GCC  CompilerVersion: 8.4.0
7.3.2

ProgramName: mri_robust_template  ProgramArguments: mri_robust_template -all-info  ProgramVersion: 7.3.2  TimeStamp: 2026/03/15-08:27:35-GMT  BuildTime: Aug  4 2022 06:17:15  BuildStamp: freesurfer-linux-ubuntu22_x86_64-7.3.2-20220804-6354275  User: oesteban  Machine: dna065  Platform: Linux  PlatformVersion: 5.14.0-427.37.1.el9_4.x86_64  CompilerName: GCC  CompilerVersion: 8.4.0
ProgramName: mris_anatomical_stats  ProgramArguments: mris_anatomical_stats -all-info  ProgramVersion: 7.3.2  TimeStamp: 2026/03/15-08:27:35-GMT  BuildTime: Aug  4 2022 06:17:15  BuildStamp: freesurfer-linux-ubuntu22_x86_64-7.3.2-20220804-6354275  User: oesteban  Machine: dna065  Platform: Linux  PlatformVersion: 5.14.0-427.37.1.el9_4.x86_64  CompilerName: GCC  CompilerVersion: 8.4.0
ProgramName: mris_ca_label  ProgramArguments: mris_ca_label -all-info  ProgramVersion: 7.3.2  TimeStamp: 2026/03/15-08:27:35-GMT  BuildTime: Aug  4 2022 06:17:15  BuildStamp: freesurfer-linux-ubuntu22_x86_64-7.3.2-20220804-6354275  User: oesteban  Machine: dna065  Platform: Linux  PlatformVersion: 5.14.0-427.37.1.el9_4.x86_64  CompilerName: GCC  CompilerVersion: 8.4.0
ProgramName: mris_calc  ProgramArguments: mris_calc -all-info  ProgramVersion: 7.3.2  TimeStamp: 2026/03/15-08:27:35-GMT  BuildTime: Aug  4 2022 06:17:15  BuildStamp: freesurfer-linux-ubuntu22_x86_64-7.3.2-20220804-6354275  User: oesteban  Machine: dna065  Platform: Linux  PlatformVersion: 5.14.0-427.37.1.el9_4.x86_64  CompilerName: GCC  CompilerVersion: 8.4.0
ProgramName: mris_convert  ProgramArguments: mris_convert -all-info  ProgramVersion: 7.3.2  TimeStamp: 2026/03/15-08:27:35-GMT  BuildTime: Aug  4 2022 06:17:15  BuildStamp: freesurfer-linux-ubuntu22_x86_64-7.3.2-20220804-6354275  User: oesteban  Machine: dna065  Platform: Linux  PlatformVersion: 5.14.0-427.37.1.el9_4.x86_64  CompilerName: GCC  CompilerVersion: 8.4.0
ProgramName: mris_curvature  ProgramArguments: mris_curvature -all-info  ProgramVersion: 7.3.2  TimeStamp: 2026/03/15-08:27:35-GMT  BuildTime: Aug  4 2022 06:17:15  BuildStamp: freesurfer-linux-ubuntu22_x86_64-7.3.2-20220804-6354275  User: oesteban  Machine: dna065  Platform: Linux  PlatformVersion: 5.14.0-427.37.1.el9_4.x86_64  CompilerName: GCC  CompilerVersion: 8.4.0
ProgramName: mris_curvature_stats  ProgramArguments: mris_curvature_stats -all-info  ProgramVersion: 7.3.2  TimeStamp: 2026/03/15-08:27:35-GMT  BuildTime: Aug  4 2022 06:17:15  BuildStamp: freesurfer-linux-ubuntu22_x86_64-7.3.2-20220804-6354275  User: oesteban  Machine: dna065  Platform: Linux  PlatformVersion: 5.14.0-427.37.1.el9_4.x86_64  CompilerName: GCC  CompilerVersion: 8.4.0
ProgramName: mris_diff  ProgramArguments: mris_diff -all-info  ProgramVersion: 7.3.2  TimeStamp: 2026/03/15-08:27:35-GMT  BuildTime: Aug  4 2022 06:17:15  BuildStamp: freesurfer-linux-ubuntu22_x86_64-7.3.2-20220804-6354275  User: oesteban  Machine: dna065  Platform: Linux  PlatformVersion: 5.14.0-427.37.1.el9_4.x86_64  CompilerName: GCC  CompilerVersion: 8.4.0
ProgramName: mris_divide_parcellation  ProgramArguments: mris_divide_parcellation -all-info  ProgramVersion: 7.3.2  TimeStamp: 2026/03/15-08:27:35-GMT  BuildTime: Aug  4 2022 06:17:15  BuildStamp: freesurfer-linux-ubuntu22_x86_64-7.3.2-20220804-6354275  User: oesteban  Machine: dna065  Platform: Linux  PlatformVersion: 5.14.0-427.37.1.el9_4.x86_64  CompilerName: GCC  CompilerVersion: 8.4.0
ProgramName: mri_segment  ProgramArguments: mri_segment -all-info  ProgramVersion: 7.3.2  TimeStamp: 2026/03/15-08:27:35-GMT  BuildTime: Aug  4 2022 06:17:15  BuildStamp: freesurfer-linux-ubuntu22_x86_64-7.3.2-20220804-6354275  User: oesteban  Machine: dna065  Platform: Linux  PlatformVersion: 5.14.0-427.37.1.el9_4.x86_64  CompilerName: GCC  CompilerVersion: 8.4.0
ProgramName: mri_segstats  ProgramArguments: mri_segstats -all-info  ProgramVersion: 7.3.2  TimeStamp: 2026/03/15-08:27:35-GMT  BuildTime: Aug  4 2022 06:17:15  BuildStamp: freesurfer-linux-ubuntu22_x86_64-7.3.2-20220804-6354275  User: oesteban  Machine: dna065  Platform: Linux  PlatformVersion: 5.14.0-427.37.1.el9_4.x86_64  CompilerName: GCC  CompilerVersion: 8.4.0
ProgramName: mris_euler_number  ProgramArguments: mris_euler_number -all-info  ProgramVersion: 7.3.2  TimeStamp: 2026/03/15-08:27:35-GMT  BuildTime: Aug  4 2022 06:17:15  BuildStamp: freesurfer-linux-ubuntu22_x86_64-7.3.2-20220804-6354275  User: oesteban  Machine: dna065  Platform: Linux  PlatformVersion: 5.14.0-427.37.1.el9_4.x86_64  CompilerName: GCC  CompilerVersion: 8.4.0
ProgramName: mris_fix_topology  ProgramArguments: mris_fix_topology -all-info  ProgramVersion: 7.3.2  TimeStamp: 2026/03/15-08:27:35-GMT  BuildTime: Aug  4 2022 06:17:15  BuildStamp: freesurfer-linux-ubuntu22_x86_64-7.3.2-20220804-6354275  User: oesteban  Machine: dna065  Platform: Linux  PlatformVersion: 5.14.0-427.37.1.el9_4.x86_64  CompilerName: GCC  CompilerVersion: 8.4.0
ProgramName: mris_topo_fixer  ProgramArguments: mris_topo_fixer -all-info  ProgramVersion: 7.3.2  TimeStamp: 2026/03/15-08:27:35-GMT  BuildTime: Aug  4 2022 06:17:15  BuildStamp: freesurfer-linux-ubuntu22_x86_64-7.3.2-20220804-6354275  User: oesteban  Machine: dna065  Platform: Linux  PlatformVersion: 5.14.0-427.37.1.el9_4.x86_64  CompilerName: GCC  CompilerVersion: 8.4.0
ProgramName: mris_jacobian  ProgramArguments: mris_jacobian -all-info  ProgramVersion: 7.3.2  TimeStamp: 2026/03/15-08:27:35-GMT  BuildTime: Aug  4 2022 06:17:15  BuildStamp: freesurfer-linux-ubuntu22_x86_64-7.3.2-20220804-6354275  User: oesteban  Machine: dna065  Platform: Linux  PlatformVersion: 5.14.0-427.37.1.el9_4.x86_64  CompilerName: GCC  CompilerVersion: 8.4.0
ProgramName: mris_label2annot  ProgramArguments: mris_label2annot -all-info  ProgramVersion: 7.3.2  TimeStamp: 2026/03/15-08:27:35-GMT  BuildTime: Aug  4 2022 06:17:15  BuildStamp: freesurfer-linux-ubuntu22_x86_64-7.3.2-20220804-6354275  User: oesteban  Machine: dna065  Platform: Linux  PlatformVersion: 5.14.0-427.37.1.el9_4.x86_64  CompilerName: GCC  CompilerVersion: 8.4.0
ProgramName: mris_left_right_register  ProgramArguments: mris_left_right_register -all-info  ProgramVersion: 7.3.2  TimeStamp: 2026/03/15-08:27:35-GMT  BuildTime: Aug  4 2022 06:17:15  BuildStamp: freesurfer-linux-ubuntu22_x86_64-7.3.2-20220804-6354275  User: oesteban  Machine: dna065  Platform: Linux  PlatformVersion: 5.14.0-427.37.1.el9_4.x86_64  CompilerName: GCC  CompilerVersion: 8.4.0
ProgramName: mris_place_surface  ProgramArguments: mris_place_surface -all-info  ProgramVersion: 7.3.2  TimeStamp: 2026/03/15-08:27:35-GMT  BuildTime: Aug  4 2022 06:17:15  BuildStamp: freesurfer-linux-ubuntu22_x86_64-7.3.2-20220804-6354275  User: oesteban  Machine: dna065  Platform: Linux  PlatformVersion: 5.14.0-427.37.1.el9_4.x86_64  CompilerName: GCC  CompilerVersion: 8.4.0
ProgramName: mrisp_paint  ProgramArguments: mrisp_paint -all-info  ProgramVersion: 7.3.2  TimeStamp: 2026/03/15-08:27:35-GMT  BuildTime: Aug  4 2022 06:17:15  BuildStamp: freesurfer-linux-ubuntu22_x86_64-7.3.2-20220804-6354275  User: oesteban  Machine: dna065  Platform: Linux  PlatformVersion: 5.14.0-427.37.1.el9_4.x86_64  CompilerName: GCC  CompilerVersion: 8.4.0
ProgramName: mris_register  ProgramArguments: mris_register -all-info  ProgramVersion: 7.3.2  TimeStamp: 2026/03/15-08:27:35-GMT  BuildTime: Aug  4 2022 06:17:15  BuildStamp: freesurfer-linux-ubuntu22_x86_64-7.3.2-20220804-6354275  User: oesteban  Machine: dna065  Platform: Linux  PlatformVersion: 5.14.0-427.37.1.el9_4.x86_64  CompilerName: GCC  CompilerVersion: 8.4.0
ProgramName: mris_smooth  ProgramArguments: mris_smooth -all-info  ProgramVersion: 7.3.2  TimeStamp: 2026/03/15-08:27:35-GMT  BuildTime: Aug  4 2022 06:17:15  BuildStamp: freesurfer-linux-ubuntu22_x86_64-7.3.2-20220804-6354275  User: oesteban  Machine: dna065  Platform: Linux  PlatformVersion: 5.14.0-427.37.1.el9_4.x86_64  CompilerName: GCC  CompilerVersion: 8.4.0
ProgramName: mris_sphere  ProgramArguments: mris_sphere -all-info  ProgramVersion: 7.3.2  TimeStamp: 2026/03/15-08:27:35-GMT  BuildTime: Aug  4 2022 06:17:15  BuildStamp: freesurfer-linux-ubuntu22_x86_64-7.3.2-20220804-6354275  User: oesteban  Machine: dna065  Platform: Linux  PlatformVersion: 5.14.0-427.37.1.el9_4.x86_64  CompilerName: GCC  CompilerVersion: 8.4.0
ProgramName: mris_surface_stats  ProgramArguments: mris_surface_stats -all-info  ProgramVersion: 7.3.2  TimeStamp: 2026/03/15-08:27:35-GMT  BuildTime: Aug  4 2022 06:17:15  BuildStamp: freesurfer-linux-ubuntu22_x86_64-7.3.2-20220804-6354275  User: oesteban  Machine: dna065  Platform: Linux  PlatformVersion: 5.14.0-427.37.1.el9_4.x86_64  CompilerName: GCC  CompilerVersion: 8.4.0
ProgramName: mri_stats2seg  ProgramArguments: mri_stats2seg -all-info  ProgramVersion: 7.3.2  TimeStamp: 2026/03/15-08:27:35-GMT  BuildTime: Aug  4 2022 06:17:15  BuildStamp: freesurfer-linux-ubuntu22_x86_64-7.3.2-20220804-6354275  User: oesteban  Machine: dna065  Platform: Linux  PlatformVersion: 5.14.0-427.37.1.el9_4.x86_64  CompilerName: GCC  CompilerVersion: 8.4.0
ProgramName: mris_thickness  ProgramArguments: mris_thickness -all-info  ProgramVersion: 7.3.2  TimeStamp: 2026/03/15-08:27:35-GMT  BuildTime: Aug  4 2022 06:17:15  BuildStamp: freesurfer-linux-ubuntu22_x86_64-7.3.2-20220804-6354275  User: oesteban  Machine: dna065  Platform: Linux  PlatformVersion: 5.14.0-427.37.1.el9_4.x86_64  CompilerName: GCC  CompilerVersion: 8.4.0
ProgramName: mris_thickness_diff  ProgramArguments: mris_thickness_diff -all-info  ProgramVersion: 7.3.2  TimeStamp: 2026/03/15-08:27:35-GMT  BuildTime: Aug  4 2022 06:17:15  BuildStamp: freesurfer-linux-ubuntu22_x86_64-7.3.2-20220804-6354275  User: oesteban  Machine: dna065  Platform: Linux  PlatformVersion: 5.14.0-427.37.1.el9_4.x86_64  CompilerName: GCC  CompilerVersion: 8.4.0
ProgramName: mris_topo_fixer  ProgramArguments: mris_topo_fixer -all-info  ProgramVersion: 7.3.2  TimeStamp: 2026/03/15-08:27:35-GMT  BuildTime: Aug  4 2022 06:17:15  BuildStamp: freesurfer-linux-ubuntu22_x86_64-7.3.2-20220804-6354275  User: oesteban  Machine: dna065  Platform: Linux  PlatformVersion: 5.14.0-427.37.1.el9_4.x86_64  CompilerName: GCC  CompilerVersion: 8.4.0
ProgramName: mri_surf2surf  ProgramArguments: mri_surf2surf -all-info  ProgramVersion: 7.3.2  TimeStamp: 2026/03/15-08:27:35-GMT  BuildTime: Aug  4 2022 06:17:15  BuildStamp: freesurfer-linux-ubuntu22_x86_64-7.3.2-20220804-6354275  User: oesteban  Machine: dna065  Platform: Linux  PlatformVersion: 5.14.0-427.37.1.el9_4.x86_64  CompilerName: GCC  CompilerVersion: 8.4.0
ProgramName: mri_surf2vol  ProgramArguments: mri_surf2vol -all-info  ProgramVersion: 7.3.2  TimeStamp: 2026/03/15-08:27:35-GMT  BuildTime: Aug  4 2022 06:17:15  BuildStamp: freesurfer-linux-ubuntu22_x86_64-7.3.2-20220804-6354275  User: oesteban  Machine: dna065  Platform: Linux  PlatformVersion: 5.14.0-427.37.1.el9_4.x86_64  CompilerName: GCC  CompilerVersion: 8.4.0
ProgramName: mri_surfcluster  ProgramArguments: mri_surfcluster -all-info  ProgramVersion: 7.3.2  TimeStamp: 2026/03/15-08:27:35-GMT  BuildTime: Aug  4 2022 06:17:15  BuildStamp: freesurfer-linux-ubuntu22_x86_64-7.3.2-20220804-6354275  User: oesteban  Machine: dna065  Platform: Linux  PlatformVersion: 5.14.0-427.37.1.el9_4.x86_64  CompilerName: GCC  CompilerVersion: 8.4.0
ProgramName: mris_volmask  ProgramArguments: mris_volmask -all-info  ProgramVersion: 7.3.2  TimeStamp: 2026/03/15-08:27:35-GMT  BuildTime: Aug  4 2022 06:17:15  BuildStamp: freesurfer-linux-ubuntu22_x86_64-7.3.2-20220804-6354275  User: oesteban  Machine: dna065  Platform: Linux  PlatformVersion: 5.14.0-427.37.1.el9_4.x86_64  CompilerName: GCC  CompilerVersion: 8.4.0
ProgramName: mri_tessellate  ProgramArguments: mri_tessellate -all-info  ProgramVersion: 7.3.2  TimeStamp: 2026/03/15-08:27:35-GMT  BuildTime: Aug  4 2022 06:17:15  BuildStamp: freesurfer-linux-ubuntu22_x86_64-7.3.2-20220804-6354275  User: oesteban  Machine: dna065  Platform: Linux  PlatformVersion: 5.14.0-427.37.1.el9_4.x86_64  CompilerName: GCC  CompilerVersion: 8.4.0
ProgramName: mri_vol2surf  ProgramArguments: mri_vol2surf -all-info  ProgramVersion: 7.3.2  TimeStamp: 2026/03/15-08:27:35-GMT  BuildTime: Aug  4 2022 06:17:15  BuildStamp: freesurfer-linux-ubuntu22_x86_64-7.3.2-20220804-6354275  User: oesteban  Machine: dna065  Platform: Linux  PlatformVersion: 5.14.0-427.37.1.el9_4.x86_64  CompilerName: GCC  CompilerVersion: 8.4.0
ProgramName: mri_vol2vol  ProgramArguments: mri_vol2vol -all-info  ProgramVersion: 7.3.2  TimeStamp: 2026/03/15-08:27:35-GMT  BuildTime: Aug  4 2022 06:17:15  BuildStamp: freesurfer-linux-ubuntu22_x86_64-7.3.2-20220804-6354275  User: oesteban  Machine: dna065  Platform: Linux  PlatformVersion: 5.14.0-427.37.1.el9_4.x86_64  CompilerName: GCC  CompilerVersion: 8.4.0
ProgramName: mri_voldiff  ProgramArguments: mri_voldiff -all-info  ProgramVersion: 7.3.2  TimeStamp: 2026/03/15-08:27:35-GMT  BuildTime: Aug  4 2022 06:17:15  BuildStamp: freesurfer-linux-ubuntu22_x86_64-7.3.2-20220804-6354275  User: oesteban  Machine: dna065  Platform: Linux  PlatformVersion: 5.14.0-427.37.1.el9_4.x86_64  CompilerName: GCC  CompilerVersion: 8.4.0
ProgramName: mri_watershed  ProgramArguments: mri_watershed -all-info  ProgramVersion: 7.3.2  TimeStamp: 2026/03/15-08:27:35-GMT  BuildTime: Aug  4 2022 06:17:15  BuildStamp: freesurfer-linux-ubuntu22_x86_64-7.3.2-20220804-6354275  User: oesteban  Machine: dna065  Platform: Linux  PlatformVersion: 5.14.0-427.37.1.el9_4.x86_64  CompilerName: GCC  CompilerVersion: 8.4.0
ProgramName: tkregister2  ProgramArguments: tkregister2_cmdl -all-info  ProgramVersion: 7.3.2  TimeStamp: 2026/03/15-08:27:35-GMT  BuildTime: Aug  4 2022 06:17:15  BuildStamp: freesurfer-linux-ubuntu22_x86_64-7.3.2-20220804-6354275  User: oesteban  Machine: dna065  Platform: Linux  PlatformVersion: 5.14.0-427.37.1.el9_4.x86_64  CompilerName: GCC  CompilerVersion: 8.4.0
mri_motion_correct.fsl 7.3.2
mri_convert -all-info 
ProgramName: mri_convert  ProgramArguments: mri_convert -all-info  ProgramVersion: 7.3.2  TimeStamp: 2026/03/15-08:27:35-GMT  BuildTime: Aug  4 2022 06:17:15  BuildStamp: freesurfer-linux-ubuntu22_x86_64-7.3.2-20220804-6354275  User: oesteban  Machine: dna065  Platform: Linux  PlatformVersion: 5.14.0-427.37.1.el9_4.x86_64  CompilerName: GCC  CompilerVersion: 8.4.0
Program nu_correct, built from:
Package MNI N3, version 1.12.0, compiled by nicks@terrier (x86_64-unknown-linux-gnu) on 2015-06-19 at 01:25:34
#######################################
GCADIR /opt/freesurfer/average
GCA RB_all_2020-01-02.gca
GCASkull RB_all_withskull_2020_01_02.gca
AvgCurvTif folding.atlas.acfb40.noaparc.i12.2016-08-02.tif
GCSDIR /opt/freesurfer/average
GCS DKaparc.atlas.acfb40.noaparc.i12.2016-08-02.gcs
#######################################
#--------------------------------------------
#@# Tessellate lh Sun Mar 15 09:27:35 CET 2026
/out/sourcedata/freesurfer/sub-v2s10x28920_ses-1/scripts

 mri_pretess ../mri/filled.mgz 255 ../mri/norm.mgz ../mri/filled-pretess255.mgz 


Iteration Number : 1
pass   1 (xy+):   1 found -   1 modified     |    TOTAL:   1
pass   2 (xy+):   0 found -   1 modified     |    TOTAL:   1
pass   1 (xy-):   1 found -   1 modified     |    TOTAL:   2
pass   2 (xy-):   0 found -   1 modified     |    TOTAL:   2
pass   1 (yz+):   6 found -   6 modified     |    TOTAL:   8
pass   2 (yz+):   0 found -   6 modified     |    TOTAL:   8
pass   1 (yz-):   6 found -   6 modified     |    TOTAL:  14
pass   2 (yz-):   0 found -   6 modified     |    TOTAL:  14
pass   1 (xz+):   1 found -   1 modified     |    TOTAL:  15
pass   2 (xz+):   0 found -   1 modified     |    TOTAL:  15
pass   1 (xz-):   1 found -   1 modified     |    TOTAL:  16
pass   2 (xz-):   0 found -   1 modified     |    TOTAL:  16
Iteration Number : 1
pass   1 (+++):   0 found -   0 modified     |    TOTAL:   0
pass   1 (+++):   0 found -   0 modified     |    TOTAL:   0
pass   1 (+++):   0 found -   0 modified     |    TOTAL:   0
pass   1 (+++):   0 found -   0 modified     |    TOTAL:   0
Iteration Number : 1
pass   1 (++):   0 found -   0 modified     |    TOTAL:   0
pass   1 (+-):   0 found -   0 modified     |    TOTAL:   0
pass   1 (--):   0 found -   0 modified     |    TOTAL:   0
pass   1 (-+):   0 found -   0 modified     |    TOTAL:   0
Iteration Number : 2
pass   1 (xy+):   0 found -   0 modified     |    TOTAL:   0
pass   1 (xy-):   0 found -   0 modified     |    TOTAL:   0
pass   1 (yz+):   0 found -   0 modified     |    TOTAL:   0
pass   1 (yz-):   0 found -   0 modified     |    TOTAL:   0
pass   1 (xz+):   0 found -   0 modified     |    TOTAL:   0
pass   1 (xz-):   0 found -   0 modified     |    TOTAL:   0
Iteration Number : 2
pass   1 (+++):   0 found -   0 modified     |    TOTAL:   0
pass   1 (+++):   0 found -   0 modified     |    TOTAL:   0
pass   1 (+++):   0 found -   0 modified     |    TOTAL:   0
pass   1 (+++):   0 found -   0 modified     |    TOTAL:   0
Iteration Number : 2
pass   1 (++):   0 found -   0 modified     |    TOTAL:   0
pass   1 (+-):   0 found -   0 modified     |    TOTAL:   0
pass   1 (--):   0 found -   0 modified     |    TOTAL:   0
pass   1 (-+):   0 found -   0 modified     |    TOTAL:   0

Total Number of Modified Voxels = 16 (out of 257793: 0.006207)
Ambiguous edge configurations... 

mri_pretess done


 mri_tessellate ../mri/filled-pretess255.mgz 255 ../surf/lh.orig.nofix 

7.3.2
  7.3.2
slice 30: 313 vertices, 359 faces
slice 40: 4289 vertices, 4505 faces
slice 50: 12550 vertices, 12903 faces
slice 60: 23281 vertices, 23678 faces
slice 70: 34842 vertices, 35192 faces
slice 80: 46030 vertices, 46404 faces
slice 90: 58180 vertices, 58561 faces
slice 100: 69866 vertices, 70281 faces
slice 110: 80665 vertices, 81031 faces
slice 120: 92573 vertices, 92968 faces
slice 130: 102901 vertices, 103241 faces
slice 140: 112564 vertices, 112903 faces
slice 150: 121118 vertices, 121391 faces
slice 160: 127712 vertices, 127921 faces
slice 170: 133003 vertices, 133171 faces
slice 180: 136827 vertices, 136940 faces
slice 190: 137526 vertices, 137550 faces
slice 200: 137526 vertices, 137550 faces
slice 210: 137526 vertices, 137550 faces
slice 220: 137526 vertices, 137550 faces
slice 230: 137526 vertices, 137550 faces
slice 240: 137526 vertices, 137550 faces
slice 250: 137526 vertices, 137550 faces
using the conformed surface RAS to save vertex points...
writing ../surf/lh.orig.nofix
using vox2ras matrix:
-1.00000   0.00000   0.00000   128.00000;
 0.00000   0.00000   1.00000  -128.00000;
 0.00000  -1.00000   0.00000   128.00000;
 0.00000   0.00000   0.00000   1.00000;

 rm -f ../mri/filled-pretess255.mgz 


 mris_extract_main_component ../surf/lh.orig.nofix ../surf/lh.orig.nofix 


counting number of connected components...
   137526 voxel in cpt #1: X=-24 [v=137526,e=412650,f=275100] located at (-32.787930, -28.138271, 35.189781)
For the whole surface: X=-24 [v=137526,e=412650,f=275100]
One single component has been found
nothing to do
done

#--------------------------------------------
#@# Smooth1 lh Sun Mar 15 09:27:38 CET 2026
/out/sourcedata/freesurfer/sub-v2s10x28920_ses-1/scripts

 mris_smooth -nw -seed 1234 ../surf/lh.orig.nofix ../surf/lh.smoothwm.nofix 

setting seed for random number generator to 1234
smoothing surface tessellation for 10 iterations...
smoothing complete - recomputing first and second fundamental forms...
#--------------------------------------------
#@# Inflation1 lh Sun Mar 15 09:27:40 CET 2026
/out/sourcedata/freesurfer/sub-v2s10x28920_ses-1/scripts

 mris_inflate -no-save-sulc ../surf/lh.smoothwm.nofix ../surf/lh.inflated.nofix 

Not saving sulc
Reading ../surf/lh.smoothwm.nofix
avg radius = 46.0 mm, total surface area = 75042 mm^2
step 000: RMS=0.146 (target=0.015)   step 005: RMS=0.111 (target=0.015)   step 010: RMS=0.081 (target=0.015)   step 015: RMS=0.067 (target=0.015)   step 020: RMS=0.058 (target=0.015)   step 025: RMS=0.050 (target=0.015)   step 030: RMS=0.044 (target=0.015)   step 035: RMS=0.039 (target=0.015)   step 040: RMS=0.035 (target=0.015)   step 045: RMS=0.033 (target=0.015)   step 050: RMS=0.031 (target=0.015)   step 055: RMS=0.030 (target=0.015)   step 060: RMS=0.030 (target=0.015)   writing inflated surface to ../surf/lh.inflated.nofix
inflation took 0.2 minutes

inflation complete.
Not saving sulc
mris_inflate utimesec    50.380446
mris_inflate stimesec    2.189602
mris_inflate ru_maxrss   221296
mris_inflate ru_ixrss    0
mris_inflate ru_idrss    0
mris_inflate ru_isrss    0
mris_inflate ru_minflt   571304
mris_inflate ru_majflt   43
mris_inflate ru_nswap    0
mris_inflate ru_inblock  1672
mris_inflate ru_oublock  9680
mris_inflate ru_msgsnd   0
mris_inflate ru_msgrcv   0
mris_inflate ru_nsignals 0
mris_inflate ru_nvcsw    9621
mris_inflate ru_nivcsw   364
#--------------------------------------------
#@# QSphere lh Sun Mar 15 09:27:53 CET 2026
/out/sourcedata/freesurfer/sub-v2s10x28920_ses-1/scripts

 mris_sphere -q -p 6 -a 128 -seed 1234 ../surf/lh.inflated.nofix ../surf/lh.qsphere.nofix 

doing quick spherical unfolding.
limitting unfolding to 6 passes
using n_averages = 128
setting seed for random number genererator to 1234
version: 7.3.2
available threads: 16
scaling brain by 0.317...
inflating...
projecting onto sphere...
surface projected - minimizing metric distortion...
vertex spacing 1.00 +- 0.54 (0.00-->6.68) (max @ vno 56576 --> 56596)
face area 0.03 +- 0.03 (-0.06-->0.78)
Entering MRISinflateToSphere()
inflating to sphere (rms error < 2.00)
000: dt: 0.0000, rms radial error=176.220, avgs=0
005/300: dt: 0.9000, rms radial error=175.960, avgs=0
010/300: dt: 0.9000, rms radial error=175.404, avgs=0
015/300: dt: 0.9000, rms radial error=174.674, avgs=0
020/300: dt: 0.9000, rms radial error=173.842, avgs=0
025/300: dt: 0.9000, rms radial error=172.952, avgs=0
030/300: dt: 0.9000, rms radial error=172.029, avgs=0
035/300: dt: 0.9000, rms radial error=171.089, avgs=0
040/300: dt: 0.9000, rms radial error=170.143, avgs=0
045/300: dt: 0.9000, rms radial error=169.194, avgs=0
050/300: dt: 0.9000, rms radial error=168.247, avgs=0
055/300: dt: 0.9000, rms radial error=167.302, avgs=0
060/300: dt: 0.9000, rms radial error=166.366, avgs=0
065/300: dt: 0.9000, rms radial error=165.434, avgs=0
070/300: dt: 0.9000, rms radial error=164.506, avgs=0
075/300: dt: 0.9000, rms radial error=163.583, avgs=0
080/300: dt: 0.9000, rms radial error=162.665, avgs=0
085/300: dt: 0.9000, rms radial error=161.752, avgs=0
090/300: dt: 0.9000, rms radial error=160.843, avgs=0
095/300: dt: 0.9000, rms radial error=159.939, avgs=0
100/300: dt: 0.9000, rms radial error=159.040, avgs=0
105/300: dt: 0.9000, rms radial error=158.145, avgs=0
110/300: dt: 0.9000, rms radial error=157.256, avgs=0
115/300: dt: 0.9000, rms radial error=156.371, avgs=0
120/300: dt: 0.9000, rms radial error=155.491, avgs=0
125/300: dt: 0.9000, rms radial error=154.617, avgs=0
130/300: dt: 0.9000, rms radial error=153.747, avgs=0
135/300: dt: 0.9000, rms radial error=152.882, avgs=0
140/300: dt: 0.9000, rms radial error=152.022, avgs=0
145/300: dt: 0.9000, rms radial error=151.167, avgs=0
150/300: dt: 0.9000, rms radial error=150.317, avgs=0
155/300: dt: 0.9000, rms radial error=149.471, avgs=0
160/300: dt: 0.9000, rms radial error=148.631, avgs=0
165/300: dt: 0.9000, rms radial error=147.795, avgs=0
170/300: dt: 0.9000, rms radial error=146.964, avgs=0
175/300: dt: 0.9000, rms radial error=146.139, avgs=0
180/300: dt: 0.9000, rms radial error=145.318, avgs=0
185/300: dt: 0.9000, rms radial error=144.502, avgs=0
190/300: dt: 0.9000, rms radial error=143.690, avgs=0
195/300: dt: 0.9000, rms radial error=142.883, avgs=0
200/300: dt: 0.9000, rms radial error=142.080, avgs=0
205/300: dt: 0.9000, rms radial error=141.282, avgs=0
210/300: dt: 0.9000, rms radial error=140.488, avgs=0
215/300: dt: 0.9000, rms radial error=139.698, avgs=0
220/300: dt: 0.9000, rms radial error=138.913, avgs=0
225/300: dt: 0.9000, rms radial error=138.132, avgs=0
230/300: dt: 0.9000, rms radial error=137.356, avgs=0
235/300: dt: 0.9000, rms radial error=136.583, avgs=0
240/300: dt: 0.9000, rms radial error=135.815, avgs=0
245/300: dt: 0.9000, rms radial error=135.052, avgs=0
250/300: dt: 0.9000, rms radial error=134.292, avgs=0
255/300: dt: 0.9000, rms radial error=133.537, avgs=0
260/300: dt: 0.9000, rms radial error=132.786, avgs=0
265/300: dt: 0.9000, rms radial error=132.039, avgs=0
270/300: dt: 0.9000, rms radial error=131.296, avgs=0
275/300: dt: 0.9000, rms radial error=130.558, avgs=0
280/300: dt: 0.9000, rms radial error=129.823, avgs=0
285/300: dt: 0.9000, rms radial error=129.093, avgs=0
290/300: dt: 0.9000, rms radial error=128.367, avgs=0
295/300: dt: 0.9000, rms radial error=127.644, avgs=0
300/300: dt: 0.9000, rms radial error=126.926, avgs=0

spherical inflation complete.
epoch 1 (K=10.0), pass 1, starting sse = 15872.61
taking momentum steps...
taking momentum steps...
taking momentum steps...
taking momentum steps...
pass 1 complete, delta sse/iter = 0.00/13 = 0.00022
epoch 2 (K=40.0), pass 1, starting sse = 2508.87
taking momentum steps...
taking momentum steps...
taking momentum steps...
taking momentum steps...
pass 1 complete, delta sse/iter = 0.00/13 = 0.00025
epoch 3 (K=160.0), pass 1, starting sse = 207.34
taking momentum steps...
taking momentum steps...
taking momentum steps...
taking momentum steps...
pass 1 complete, delta sse/iter = 0.15/18 = 0.00811
epoch 4 (K=640.0), pass 1, starting sse = 7.75
taking momentum steps...
taking momentum steps...
taking momentum steps...
taking momentum steps...
pass 1 complete, delta sse/iter = 0.22/32 = 0.00682
final distance error %100000.00
writing spherical brain to ../surf/lh.qsphere.nofix
spherical transformation took 0.0211 hours
FSRUNTIME@ mris_sphere  0.0211 hours 16 threads
#VMPC# mris_sphere VmPeak  1993060
mris_sphere done
#@# Fix Topology lh Sun Mar 15 09:29:09 CET 2026

 mris_fix_topology -mgz -sphere qsphere.nofix -inflated inflated.nofix -orig orig.nofix -out orig.premesh -ga -seed 1234 sub-v2s10x28920_ses-1 lh 

reading spherical homeomorphism from 'qsphere.nofix'
reading inflated coordinates from 'inflated.nofix'
reading original coordinates from 'orig.nofix'
using genetic algorithm with optimized parameters
setting seed for random number genererator to 1234

*************************************************************
Topology Correction Parameters
retessellation mode:           genetic search
number of patches/generation : 10
number of generations :        10
surface mri loglikelihood coefficient :         1.0
volume mri loglikelihood coefficient :          10.0
normal dot loglikelihood coefficient :          1.0
quadratic curvature loglikelihood coefficient : 1.0
volume resolution :                             2
eliminate vertices during search :              1
initial patch selection :                       1
select all defect vertices :                    0
ordering dependant retessellation:              0
use precomputed edge table :                    0
smooth retessellated patch :                    2
match retessellated patch :                     1
verbose mode :                                  0

*************************************************************
INFO: assuming .mgz format
writing corrected surface to 'orig.premesh'
7.3.2
  7.3.2
before topology correction, eno=-24 (nv=137526, nf=275100, ne=412650, g=13)
using quasi-homeomorphic spherical map to tessellate cortical surface...

Correction of the Topology
Finding true center and radius of Spherical Surface...done
Surface centered at (0,0,0) with radius 100.0 in 11 iterations
marking ambiguous vertices...
2474 ambiguous faces found in tessellation
segmenting defects...
17 defects found, arbitrating ambiguous regions...
analyzing neighboring defects...
17 defects to be corrected 
0 vertices coincident
reading input surface /out/sourcedata/freesurfer/sub-v2s10x28920_ses-1/surf/lh.qsphere.nofix...
reading brain volume from brain...
reading wm segmentation from wm...
Reading original properties of orig.nofix
Reading vertex positions of inflated.nofix
Computing Initial Surface Statistics
      -face       loglikelihood: -9.3788  (-4.6894)
      -vertex     loglikelihood: -5.8815  (-2.9408)
      -normal dot loglikelihood: -3.6574  (-3.6574)
      -quad curv  loglikelihood: -6.0055  (-3.0027)
      Total Loglikelihood : -24.9232
CORRECTING DEFECT 0 (vertices=156, convex hull=181, v0=12031)
After retessellation of defect 0 (v0=12031), euler #=-14 (136072,407703,271617) : difference with theory (-14) = 0 
CORRECTING DEFECT 1 (vertices=20, convex hull=64, v0=38433)
After retessellation of defect 1 (v0=38433), euler #=-13 (136083,407762,271666) : difference with theory (-13) = 0 
CORRECTING DEFECT 2 (vertices=17, convex hull=29, v0=56493)
After retessellation of defect 2 (v0=56493), euler #=-12 (136088,407786,271686) : difference with theory (-12) = 0 
CORRECTING DEFECT 3 (vertices=12, convex hull=34, v0=70850)
After retessellation of defect 3 (v0=70850), euler #=-11 (136090,407803,271702) : difference with theory (-11) = 0 
CORRECTING DEFECT 4 (vertices=16, convex hull=27, v0=77123)
After retessellation of defect 4 (v0=77123), euler #=-10 (136096,407830,271724) : difference with theory (-10) = 0 
CORRECTING DEFECT 5 (vertices=88, convex hull=38, v0=86237)
After retessellation of defect 5 (v0=86237), euler #=-9 (136107,407877,271761) : difference with theory (-9) = 0 
CORRECTING DEFECT 6 (vertices=174, convex hull=51, v0=86332)
After retessellation of defect 6 (v0=86332), euler #=-8 (136127,407962,271827) : difference with theory (-8) = 0 
CORRECTING DEFECT 7 (vertices=152, convex hull=185, v0=86524)
After retessellation of defect 7 (v0=86524), euler #=-7 (136206,408290,272077) : difference with theory (-7) = 0 
CORRECTING DEFECT 8 (vertices=60, convex hull=98, v0=86560)
After retessellation of defect 8 (v0=86560), euler #=-6 (136240,408431,272185) : difference with theory (-6) = 0 
CORRECTING DEFECT 9 (vertices=173, convex hull=173, v0=97475)
After retessellation of defect 9 (v0=97475), euler #=-5 (136320,408749,272424) : difference with theory (-5) = 0 
CORRECTING DEFECT 10 (vertices=44, convex hull=18, v0=98652)
After retessellation of defect 10 (v0=98652), euler #=-4 (136323,408763,272436) : difference with theory (-4) = 0 
CORRECTING DEFECT 11 (vertices=13, convex hull=19, v0=99536)
After retessellation of defect 11 (v0=99536), euler #=-3 (136325,408775,272447) : difference with theory (-3) = 0 
CORRECTING DEFECT 12 (vertices=39, convex hull=67, v0=100956)
After retessellation of defect 12 (v0=100956), euler #=-2 (136341,408851,272508) : difference with theory (-2) = 0 
CORRECTING DEFECT 13 (vertices=479, convex hull=231, v0=106510)
After retessellation of defect 13 (v0=106510), euler #=-1 (136382,409095,272712) : difference with theory (-1) = 0 
CORRECTING DEFECT 14 (vertices=34, convex hull=55, v0=107496)
After retessellation of defect 14 (v0=107496), euler #=0 (136392,409142,272750) : difference with theory (0) = 0 
CORRECTING DEFECT 15 (vertices=17, convex hull=38, v0=120666)
After retessellation of defect 15 (v0=120666), euler #=1 (136401,409182,272782) : difference with theory (1) = 0 
CORRECTING DEFECT 16 (vertices=31, convex hull=47, v0=135724)
After retessellation of defect 16 (v0=135724), euler #=2 (136414,409236,272824) : difference with theory (2) = 0 
computing original vertex metric properties...
storing new metric properties...
computing tessellation statistics...
vertex spacing 0.89 +- 0.22 (0.05-->11.55) (max @ vno 107441 --> 110277)
face area -nan +- -nan (1000.00-->-1.00)
performing soap bubble on retessellated vertices for 0 iterations...
vertex spacing 0.89 +- 0.22 (0.05-->11.55) (max @ vno 107441 --> 110277)
face area -nan +- -nan (1000.00-->-1.00)
tessellation finished, orienting corrected surface...
77 mutations (38.9%), 121 crossovers (61.1%), 136 vertices were eliminated
building final representation...
1112 vertices and 0 faces have been removed from triangulation
after topology correction, eno=2 (nv=136414, nf=272824, ne=409236, g=0)
writing corrected surface to /out/sourcedata/freesurfer/sub-v2s10x28920_ses-1/surf/lh.orig.premesh...

0.000 % of the vertices (0 vertices) exhibit an orientation change
removing intersecting faces
000: 175 intersecting
001: 21 intersecting
terminating search with 0 intersecting
topology fixing took 0.9 minutes
FSRUNTIME@ mris_fix_topology lh  0.0154 hours 16 threads
#VMPC# mris_fix_topology VmPeak  1853040

 mris_euler_number ../surf/lh.orig.premesh 

euler # = v-e+f = 2g-2: 136414 - 409236 + 272824 = 2 --> 0 holes
      F =2V-4:          272824 = 272828-4 (0)
      2E=3F:            818472 = 818472 (0)

total defect index = 0
Sun Mar 15 09:30:05 CET 2026

setenv SUBJECTS_DIR /out/sourcedata/freesurfer
cd /out/sourcedata/freesurfer/sub-v2s10x28920_ses-1/scripts
/opt/freesurfer/bin/defect2seg --s sub-v2s10x28920_ses-1 --lh-only --cortex

freesurfer-linux-ubuntu22_x86_64-7.3.2-20220804-6354275
defect2seg 7.3.2
Linux dna065 5.14.0-427.37.1.el9_4.x86_64 #1 SMP PREEMPT_DYNAMIC Fri Sep 13 12:41:50 EDT 2024 x86_64 x86_64 x86_64 GNU/Linux
pid 51863
mri_label2label --label-cortex /out/sourcedata/freesurfer/sub-v2s10x28920_ses-1/surf/lh.orig.nofix /out/sourcedata/freesurfer/sub-v2s10x28920_ses-1/mri/aseg.presurf.mgz 0 /out/sourcedata/freesurfer/sub-v2s10x28920_ses-1/label/lh.nofix.cortex.label

 Generating cortex label... RemoveHipAmgy=0
 NucAccIsMedialWall=0
 mris->useRealRAS=0
11 non-cortical segments detected
only using segment with 7438 vertices
erasing segment 1 (vno[0] = 67222)
erasing segment 2 (vno[0] = 76431)
erasing segment 3 (vno[0] = 96460)
erasing segment 4 (vno[0] = 96482)
erasing segment 5 (vno[0] = 96483)
erasing segment 6 (vno[0] = 98667)
erasing segment 7 (vno[0] = 98697)
erasing segment 8 (vno[0] = 99522)
erasing segment 9 (vno[0] = 99620)
erasing segment 10 (vno[0] = 100679)
mri_label2vol --defects /out/sourcedata/freesurfer/sub-v2s10x28920_ses-1/surf/lh.orig.nofix /out/sourcedata/freesurfer/sub-v2s10x28920_ses-1/surf/lh.defect_labels /out/sourcedata/freesurfer/sub-v2s10x28920_ses-1/mri/orig.mgz 1000 0 /out/sourcedata/freesurfer/sub-v2s10x28920_ses-1/mri/lh.surface.defects.mgz /out/sourcedata/freesurfer/sub-v2s10x28920_ses-1/label/lh.nofix.cortex.label
mri_label2vol supposed to be reproducible but seed not set
Contraining to label /out/sourcedata/freesurfer/sub-v2s10x28920_ses-1/label/lh.nofix.cortex.label
Changing input type 0 to MRI_INT
Converting defects to volume: offset=1000, merge=0
Writing to /out/sourcedata/freesurfer/sub-v2s10x28920_ses-1/mri/lh.surface.defects.mgz
mris_defects_pointset -s /out/sourcedata/freesurfer/sub-v2s10x28920_ses-1/surf/lh.orig.nofix -d /out/sourcedata/freesurfer/sub-v2s10x28920_ses-1/surf/lh.defect_labels -o /out/sourcedata/freesurfer/sub-v2s10x28920_ses-1/surf/lh.defects.pointset --label /out/sourcedata/freesurfer/sub-v2s10x28920_ses-1/label/lh.nofix.cortex.label
Reading in surface /out/sourcedata/freesurfer/sub-v2s10x28920_ses-1/surf/lh.orig.nofix
Reading in defect segmentation /out/sourcedata/freesurfer/sub-v2s10x28920_ses-1/surf/lh.defect_labels
Reading in label /out/sourcedata/freesurfer/sub-v2s10x28920_ses-1/label/lh.nofix.cortex.label
#VMPC# mris_defects_pointset 1505048
mris_defects_pointset done
 
Started at Sun Mar 15 09:30:05 CET 2026 
Ended   at Sun Mar 15 09:30:15 CET 2026
Defect2seg-Run-Time-Sec 10
Defect2seg-Run-Time-Min 0.20
Defect2seg-Run-Time-Hours 0.00
 
tkmeditfv sub-v2s10x28920_ses-1 brain.finalsurfs.mgz -defect
defect2seg Done

 mris_remesh --remesh --iters 3 --input /out/sourcedata/freesurfer/sub-v2s10x28920_ses-1/surf/lh.orig.premesh --output /out/sourcedata/freesurfer/sub-v2s10x28920_ses-1/surf/lh.orig 

iters = 3
standard remeshing without target
   adjusted l: 0.711641
remeshing to edge length 0.711641 with 3 iterations

avg qual before   : 0.893402  after: 0.971227

Removing intersections
Remeshed surface quality stats nv0 = 136414  nv = 142829  1.04703
Area    285654  0.30304  0.03373 0.073030   0.4624
Corner  856962 60.00000  8.79508 16.303838 146.9072
Edge    428481  0.84452  0.08239 0.456482   1.2618
Hinge   428481  9.30550 10.07054 0.000035 144.7244
mris_remesh done
/out/sourcedata/freesurfer/sub-v2s10x28920_ses-1/scripts

 mris_remove_intersection ../surf/lh.orig ../surf/lh.orig 

intersection removal took 0.00 hours
writing corrected surface to ../surf/lh.orig

 rm -f ../surf/lh.inflated 

#--------------------------------------------
#@# AutoDetGWStats lh Sun Mar 15 09:30:40 CET 2026
cd /out/sourcedata/freesurfer/sub-v2s10x28920_ses-1/mri
mris_autodet_gwstats --o ../surf/autodet.gw.stats.lh.dat --i brain.finalsurfs.mgz --wm wm.mgz --surf ../surf/lh.orig.premesh
7.3.2

cd /out/sourcedata/freesurfer/sub-v2s10x28920_ses-1/mri
setenv SUBJECTS_DIR /out/sourcedata/freesurfer
mris_autodet_gwstats --o ../surf/autodet.gw.stats.lh.dat --i brain.finalsurfs.mgz --wm wm.mgz --surf ../surf/lh.orig.premesh 

border white:    254655 voxels (1.52%)
border gray      283901 voxels (1.69%)
Reading in intensity volume brain.finalsurfs.mgz
Reading in wm volume wm.mgz
Reading in surf ../surf/lh.orig.premesh
Auto detecting stats
MRIclipBrightWM(): nthresh=16033, wmmin=5, clip=110 
Binarizing thresholding at 5
computing class statistics... low=30, hi=110.000000
CCS WM (99.0): 99.5 +- 7.2 [70.0 --> 110.0]
CCS GM (78.0) : 77.4 +- 8.9 [30.0 --> 110.0]
white_mean = 99.4863 +/- 7.23169, gray_mean = 77.4039 +/- 8.89806
using class modes intead of means, discounting robust sigmas....
MRIScomputeClassModes(): min=0 max=142 nbins=143
intensity peaks found at WM=103+-4.3,    GM=74+-6.1
white_mode = 103, gray_mode = 74
std_scale = 1
Applying sanity checks, max_scale_down = 0.2
setting MIN_GRAY_AT_WHITE_BORDER to 65.1 (was 70.000000)
setting MAX_BORDER_WHITE to 110.2 (was 105.000000)
setting MIN_BORDER_WHITE to 74.0 (was 85.000000)
setting MAX_CSF to 56.2 (was 40.000000)
setting MAX_GRAY to 95.8 (was 95.000000)
setting MAX_GRAY_AT_CSF_BORDER to 65.1 (was 75.000000)
setting MIN_GRAY_AT_CSF_BORDER to 47.3 (was 40.000000)
When placing the white surface
  white_border_hi   = 110.232;
  white_border_low  = 74;
  white_outside_low = 65.1019;
  white_inside_hi   = 120;
  white_outside_hi  = 110.232;
When placing the pial surface
  pial_border_hi   = 65.1019;
  pial_border_low  = 47.3058;
  pial_outside_low = 10;
  pial_inside_hi   = 95.7683;
  pial_outside_hi  = 60.6529;
#VMPC# mris_autodet_gwstats VmPeak  1399832
mris_autodet_gwstats done
#--------------------------------------------
#@# WhitePreAparc lh Sun Mar 15 09:30:43 CET 2026
cd /out/sourcedata/freesurfer/sub-v2s10x28920_ses-1/mri
mris_place_surface --adgws-in ../surf/autodet.gw.stats.lh.dat --wm wm.mgz --threads 16 --invol brain.finalsurfs.mgz --lh --i ../surf/lh.orig --o ../surf/lh.white.preaparc --white --seg aseg.presurf.mgz --nsmooth 5
7.3.2
7.3.2

cd /out/sourcedata/freesurfer/sub-v2s10x28920_ses-1/mri
setenv SUBJECTS_DIR /out/sourcedata/freesurfer
mris_place_surface --adgws-in ../surf/autodet.gw.stats.lh.dat --wm wm.mgz --threads 16 --invol brain.finalsurfs.mgz --lh --i ../surf/lh.orig --o ../surf/lh.white.preaparc --white --seg aseg.presurf.mgz --nsmooth 5 

Reading in input surface ../surf/lh.orig
Smoothing surface before ripping with 5 iterations
Area    285654  0.26880  0.06338 0.000161   0.5566
Corner  856962 60.00000  9.54979 0.926473 176.5688
Edge    428481  0.79173  0.11446 0.029069   1.3355
Hinge   428481  6.30731  6.43782 0.000013 162.7993
Not reading in aparc
Reading in input volume brain.finalsurfs.mgz
Reading in wm volume wm.mgz
MRIclipBrightWM(): nthresh=16033, wmmin=5, clip=110 
MRIfindBrightNonWM(): 13 bright non-wm voxels segmented.
Masking bright non-wm for white surface
MRImask(): AllowDiffGeom = 1
MRImask(): AllowDiffGeom = 1
Reading in seg volume aseg.presurf.mgz
Ripping frozen voxels
INFO: rip surface needed but not specified, so using input surface
Freezing midline and others
Entering: MRISripMidline(): inhibiting deformation at non-cortical midline structures...
  which=1, fix_mtl=0, using annot = 0
#FML0# MRISripMidline(): nripped=0
removing 3 vertices from ripped group in thread:0
removing 3 vertices from ripped group in thread:0
#FML# MRISripMidline(): nmarked=6094, nmarked2=3, nripped=6094
Ripping segs (eg, WMSA, BG, frozen)
Starting MRISripSegs() d = (-2 2 0.5) segnos: 247 
MRISripSegs(): -2 2 0.5 ripped 0
vertex 71415: xyz = (-49.3368,-17.424,-4.6864) oxyz = (-49.3368,-17.424,-4.6864) wxzy = (-49.3368,-17.424,-4.6864) pxyz = (0,0,0) 
CBVO Creating mask 142829
n_averages 4
Iteration 0 =========================================
n_averages=4, current_sigma=2
Freezing midline and others
Ripping frozen voxels
INFO: rip surface needed but not specified, so using input surface
Freezing midline and others
Entering: MRISripMidline(): inhibiting deformation at non-cortical midline structures...
  which=1, fix_mtl=0, using annot = 0
#FML0# MRISripMidline(): nripped=6094
removing 3 vertices from ripped group in thread:0
removing 3 vertices from ripped group in thread:0
#FML# MRISripMidline(): nmarked=6094, nmarked2=3, nripped=6094
Ripping segs (eg, WMSA, BG, frozen)
Starting MRISripSegs() d = (-2 2 0.5) segnos: 247 247 
MRISripSegs(): -2 2 0.5 ripped 0
Computing target border values 
Entering MRIScomputeBorderValues_new(): 
  inside_hi   = 120.0000000;
  border_hi   = 110.2316890;
  border_low  =  74.0000000;
  outside_low =  65.1019440;
  outside_hi  = 110.2316890;
  sigma = 2;
  max_thickness = 10;
  step_size=0.5;
  STEP_SIZE=0.1;
  which = 1
  thresh = 0
  flags = 0
  CBVfindFirstPeakD1=0
  CBVfindFirstPeakD2=0
  nvertices=142829
  Gdiag_no=-1
  vno start=0, stop=142829
Replacing 255s with 0s
#SI# sigma=2 had to be increased for 90 vertices, nripped=6094
mean border=84.3, 44 (44) missing vertices, mean dist 0.3 [0.6 (%38.8)->0.8 (%61.2))]
%70 local maxima, %25 large gradients and % 0 min vals, 0 gradients ignored
nFirstPeakD1 0
MRIScomputeBorderValues_new() finished in 0.0128 min


Finding expansion regions
mean absolute distance = 0.70 +- 0.90
4796 vertices more than 2 sigmas from mean.
Averaging target values for 5 iterations...
Positioning Surface: tspring = 0.3, nspring = 0.3, spring = 0, niters = 100 l_repulse = 5, l_surf_repulse = 0, checktol = 0
Positioning pial surface
Entering MRISpositionSurface()
  max_mm = 0.3
  MAX_REDUCTIONS = 2, REDUCTION_PCT = 0.5
  parms->check_tol = 0, niterations = 100
tol=1.0e-04, sigma=2.0, host=dna06, nav=4, nbrs=2, l_repulse=5.000, l_tspring=0.300, l_nspring=0.300, l_intensity=0.200, l_curv=1.000
mom=0.00, dt=0.50
complete_dist_mat 0
rms 0
smooth_averages 0
remove_neg 0
ico_order 0
which_surface 0
target_radius 0.000000
nfields 0
scale 0.000000
desired_rms_height 0.000000
momentum 0.000000
nbhd_size 0
max_nbrs 0
niterations 100
nsurfaces 0
SURFACES 3
flags 0 (0)
use curv 0
no sulc 0
no rigid align 0
mris->nsize 2
mris->hemisphere 0
randomSeed 0

000: dt: 0.0000, sse=2206401.2, rms=8.655
001: dt: 0.5000, sse=1175311.5, rms=6.110 (29.403%)
002: dt: 0.5000, sse=730183.5, rms=4.585 (24.963%)
003: dt: 0.5000, sse=519490.9, rms=3.652 (20.354%)
004: dt: 0.5000, sse=411211.9, rms=3.047 (16.560%)
005: dt: 0.5000, sse=359650.7, rms=2.698 (11.446%)
006: dt: 0.5000, sse=329848.7, rms=2.496 (7.495%)
007: dt: 0.5000, sse=318536.0, rms=2.404 (3.665%)
008: dt: 0.5000, sse=312644.6, rms=2.342 (2.580%)
rms = 2.3251/2.3424, sse=311444.9/312644.6, time step reduction 1 of 3 to 0.250  0 0 1
009: dt: 0.5000, sse=311444.9, rms=2.325 (0.738%)
010: dt: 0.2500, sse=211147.7, rms=1.263 (45.695%)
011: dt: 0.2500, sse=201468.1, rms=1.101 (12.795%)
rms = 1.0564/1.1011, sse=197175.1/201468.1, time step reduction 2 of 3 to 0.125  0 0 1
012: dt: 0.2500, sse=197175.1, rms=1.056 (4.059%)
rms = 1.0291/1.0564, sse=195448.0/197175.1, time step reduction 3 of 3 to 0.062  0 0 1
013: dt: 0.1250, sse=195448.0, rms=1.029 (2.586%)
  maximum number of reductions reached, breaking from loop
positioning took 1.1 minutes
Iteration 1 =========================================
n_averages=2, current_sigma=1
Freezing midline and others
Ripping frozen voxels
INFO: rip surface needed but not specified, so using input surface
Freezing midline and others
Entering: MRISripMidline(): inhibiting deformation at non-cortical midline structures...
  which=1, fix_mtl=0, using annot = 0
#FML0# MRISripMidline(): nripped=6094
removing 3 vertices from ripped group in thread:0
removing 3 vertices from ripped group in thread:0
removing 4 vertices from ripped group in thread:0
#FML# MRISripMidline(): nmarked=6366, nmarked2=3, nripped=6366
Ripping segs (eg, WMSA, BG, frozen)
Starting MRISripSegs() d = (-2 2 0.5) segnos: 247 247 247 
MRISripSegs(): -2 2 0.5 ripped 0
Computing target border values 
Entering MRIScomputeBorderValues_new(): 
  inside_hi   = 120.0000000;
  border_hi   = 110.2316890;
  border_low  =  74.0000000;
  outside_low =  65.1019440;
  outside_hi  = 110.2316890;
  sigma = 1;
  max_thickness = 10;
  step_size=0.5;
  STEP_SIZE=0.1;
  which = 1
  thresh = 0
  flags = 0
  CBVfindFirstPeakD1=0
  CBVfindFirstPeakD2=0
  nvertices=142829
  Gdiag_no=-1
  vno start=0, stop=142829
Replacing 255s with 0s
#SI# sigma=1 had to be increased for 110 vertices, nripped=6366
mean border=87.1, 83 (22) missing vertices, mean dist -0.2 [0.4 (%76.8)->0.3 (%23.2))]
%80 local maxima, %16 large gradients and % 0 min vals, 0 gradients ignored
nFirstPeakD1 0
MRIScomputeBorderValues_new() finished in 0.0089 min


Finding expansion regions
mean absolute distance = 0.35 +- 0.60
3246 vertices more than 2 sigmas from mean.
Averaging target values for 5 iterations...
Positioning Surface: tspring = 0.3, nspring = 0.3, spring = 0, niters = 100 l_repulse = 5, l_surf_repulse = 0, checktol = 0
Positioning pial surface
Entering MRISpositionSurface()
  max_mm = 0.3
  MAX_REDUCTIONS = 2, REDUCTION_PCT = 0.5
  parms->check_tol = 0, niterations = 100
tol=1.0e-04, sigma=1.0, host=dna06, nav=2, nbrs=2, l_repulse=5.000, l_tspring=0.300, l_nspring=0.300, l_intensity=0.200, l_curv=1.000
mom=0.00, dt=0.50
000: dt: 0.0000, sse=713479.4, rms=4.275
014: dt: 0.5000, sse=401157.6, rms=2.620 (38.710%)
015: dt: 0.5000, sse=344104.8, rms=2.164 (17.409%)
016: dt: 0.5000, sse=321168.2, rms=1.971 (8.916%)
rms = 2.0044/1.9710, sse=323619.2/321168.2, time step reduction 1 of 3 to 0.250  0 1 1
   RMS increased, rejecting step
017: dt: 0.2500, sse=270003.6, rms=1.410 (28.453%)
018: dt: 0.2500, sse=247978.4, rms=1.077 (23.603%)
019: dt: 0.2500, sse=239426.1, rms=0.970 (10.009%)
rms = 0.9292/0.9695, sse=237495.5/239426.1, time step reduction 2 of 3 to 0.125  0 0 1
020: dt: 0.2500, sse=237495.5, rms=0.929 (4.159%)
rms = 0.9048/0.9292, sse=236833.3/237495.5, time step reduction 3 of 3 to 0.062  0 0 1
021: dt: 0.1250, sse=236833.3, rms=0.905 (2.626%)
  maximum number of reductions reached, breaking from loop
positioning took 0.7 minutes
Iteration 2 =========================================
n_averages=1, current_sigma=0.5
Freezing midline and others
Ripping frozen voxels
INFO: rip surface needed but not specified, so using input surface
Freezing midline and others
Entering: MRISripMidline(): inhibiting deformation at non-cortical midline structures...
  which=1, fix_mtl=0, using annot = 0
#FML0# MRISripMidline(): nripped=6366
removing 3 vertices from ripped group in thread:0
removing 4 vertices from ripped group in thread:0
removing 3 vertices from ripped group in thread:0
removing 3 vertices from ripped group in thread:0
removing 1 vertices from ripped group in thread:0
removing 2 vertices from ripped group in thread:0
#FML# MRISripMidline(): nmarked=6460, nmarked2=4, nripped=6460
Ripping segs (eg, WMSA, BG, frozen)
Starting MRISripSegs() d = (-2 2 0.5) segnos: 247 247 247 247 
MRISripSegs(): -2 2 0.5 ripped 0
Computing target border values 
Entering MRIScomputeBorderValues_new(): 
  inside_hi   = 120.0000000;
  border_hi   = 110.2316890;
  border_low  =  74.0000000;
  outside_low =  65.1019440;
  outside_hi  = 110.2316890;
  sigma = 0.5;
  max_thickness = 10;
  step_size=0.5;
  STEP_SIZE=0.1;
  which = 1
  thresh = 0
  flags = 0
  CBVfindFirstPeakD1=0
  CBVfindFirstPeakD2=0
  nvertices=142829
  Gdiag_no=-1
  vno start=0, stop=142829
Replacing 255s with 0s
#SI# sigma=0.5 had to be increased for 139 vertices, nripped=6460
mean border=88.9, 85 (21) missing vertices, mean dist -0.1 [0.3 (%72.9)->0.2 (%27.1))]
%86 local maxima, % 9 large gradients and % 0 min vals, 0 gradients ignored
nFirstPeakD1 0
MRIScomputeBorderValues_new() finished in 0.0049 min


Finding expansion regions
mean absolute distance = 0.25 +- 0.43
2974 vertices more than 2 sigmas from mean.
Averaging target values for 5 iterations...
Positioning Surface: tspring = 0.3, nspring = 0.3, spring = 0, niters = 100 l_repulse = 5, l_surf_repulse = 0, checktol = 0
Positioning pial surface
Entering MRISpositionSurface()
  max_mm = 0.3
  MAX_REDUCTIONS = 2, REDUCTION_PCT = 0.5
  parms->check_tol = 0, niterations = 100
tol=1.0e-04, sigma=0.5, host=dna06, nav=1, nbrs=2, l_repulse=5.000, l_tspring=0.300, l_nspring=0.300, l_intensity=0.200, l_curv=1.000
mom=0.00, dt=0.50
000: dt: 0.0000, sse=401106.8, rms=2.641
022: dt: 0.5000, sse=298265.6, rms=1.771 (32.931%)
rms = 1.7427/1.7714, sse=296402.8/298265.6, time step reduction 1 of 3 to 0.250  0 0 1
023: dt: 0.5000, sse=296402.8, rms=1.743 (1.620%)
024: dt: 0.2500, sse=240023.3, rms=0.943 (45.886%)
025: dt: 0.2500, sse=231636.8, rms=0.844 (10.542%)
rms = 0.8324/0.8436, sse=231624.9/231636.8, time step reduction 2 of 3 to 0.125  0 0 1
026: dt: 0.2500, sse=231624.9, rms=0.832 (1.333%)
rms = 0.8114/0.8324, sse=230589.5/231624.9, time step reduction 3 of 3 to 0.062  0 0 1
027: dt: 0.1250, sse=230589.5, rms=0.811 (2.522%)
  maximum number of reductions reached, breaking from loop
positioning took 0.5 minutes
Iteration 3 =========================================
n_averages=0, current_sigma=0.25
Freezing midline and others
Ripping frozen voxels
INFO: rip surface needed but not specified, so using input surface
Freezing midline and others
Entering: MRISripMidline(): inhibiting deformation at non-cortical midline structures...
  which=1, fix_mtl=0, using annot = 0
#FML0# MRISripMidline(): nripped=6460
removing 4 vertices from ripped group in thread:0
removing 3 vertices from ripped group in thread:0
removing 3 vertices from ripped group in thread:0
removing 4 vertices from ripped group in thread:0
removing 2 vertices from ripped group in thread:0
#FML# MRISripMidline(): nmarked=6497, nmarked2=4, nripped=6497
Ripping segs (eg, WMSA, BG, frozen)
Starting MRISripSegs() d = (-2 2 0.5) segnos: 247 247 247 247 247 
MRISripSegs(): -2 2 0.5 ripped 0
Computing target border values 
Entering MRIScomputeBorderValues_new(): 
  inside_hi   = 120.0000000;
  border_hi   = 110.2316890;
  border_low  =  74.0000000;
  outside_low =  65.1019440;
  outside_hi  = 110.2316890;
  sigma = 0.25;
  max_thickness = 10;
  step_size=0.5;
  STEP_SIZE=0.1;
  which = 1
  thresh = 0
  flags = 0
  CBVfindFirstPeakD1=0
  CBVfindFirstPeakD2=0
  nvertices=142829
  Gdiag_no=-1
  vno start=0, stop=142829
Replacing 255s with 0s
#SI# sigma=0.25 had to be increased for 117 vertices, nripped=6497
mean border=89.6, 129 (19) missing vertices, mean dist -0.0 [0.2 (%57.6)->0.2 (%42.4))]
%89 local maxima, % 6 large gradients and % 0 min vals, 0 gradients ignored
nFirstPeakD1 0
MRIScomputeBorderValues_new() finished in 0.0033 min


Finding expansion regions
mean absolute distance = 0.20 +- 0.35
3003 vertices more than 2 sigmas from mean.
Averaging target values for 5 iterations...
Positioning Surface: tspring = 0.3, nspring = 0.3, spring = 0, niters = 100 l_repulse = 5, l_surf_repulse = 0, checktol = 0
Positioning pial surface
Entering MRISpositionSurface()
  max_mm = 0.3
  MAX_REDUCTIONS = 2, REDUCTION_PCT = 0.5
  parms->check_tol = 0, niterations = 100
tol=1.0e-04, sigma=0.2, host=dna06, nav=0, nbrs=2, l_repulse=5.000, l_tspring=0.300, l_nspring=0.300, l_intensity=0.200, l_curv=1.000
mom=0.00, dt=0.50
000: dt: 0.0000, sse=251133.8, rms=1.225
028: dt: 0.5000, sse=242675.0, rms=1.043 (14.886%)
rms = 1.2311/1.0426, sse=249827.8/242675.0, time step reduction 1 of 3 to 0.250  0 1 1
   RMS increased, rejecting step
029: dt: 0.2500, sse=227190.1, rms=0.768 (26.357%)
030: dt: 0.2500, sse=223548.2, rms=0.698 (9.074%)
rms = 0.6676/0.6981, sse=221093.9/223548.2, time step reduction 2 of 3 to 0.125  0 0 1
031: dt: 0.2500, sse=221093.9, rms=0.668 (4.370%)
rms = 0.6519/0.6676, sse=220846.4/221093.9, time step reduction 3 of 3 to 0.062  0 0 1
032: dt: 0.1250, sse=220846.4, rms=0.652 (2.355%)
  maximum number of reductions reached, breaking from loop
positioning took 0.5 minutes


Writing output to ../surf/lh.white.preaparc
#ET# mris_place_surface  2.84 minutes
#VMPC# mris_place_surfaces VmPeak  3142588
mris_place_surface done
#--------------------------------------------
#@# CortexLabel lh Sun Mar 15 09:33:38 CET 2026
cd /out/sourcedata/freesurfer/sub-v2s10x28920_ses-1/mri
mri_label2label --label-cortex ../surf/lh.white.preaparc aseg.presurf.mgz 0 ../label/lh.cortex.label

 Generating cortex label... RemoveHipAmgy=0
 NucAccIsMedialWall=0
 mris->useRealRAS=0
2 non-cortical segments detected
only using segment with 8028 vertices
erasing segment 1 (vno[0] = 83596)
#--------------------------------------------
#@# CortexLabel+HipAmyg lh Sun Mar 15 09:33:47 CET 2026
cd /out/sourcedata/freesurfer/sub-v2s10x28920_ses-1/mri
mri_label2label --label-cortex ../surf/lh.white.preaparc aseg.presurf.mgz 1 ../label/lh.cortex+hipamyg.label

 Generating cortex label... RemoveHipAmgy=1
 NucAccIsMedialWall=0
 mris->useRealRAS=0
8 non-cortical segments detected
only using segment with 5419 vertices
erasing segment 1 (vno[0] = 43535)
erasing segment 2 (vno[0] = 45629)
erasing segment 3 (vno[0] = 46591)
erasing segment 4 (vno[0] = 46642)
erasing segment 5 (vno[0] = 51662)
erasing segment 6 (vno[0] = 83596)
erasing segment 7 (vno[0] = 118283)
#--------------------------------------------
#@# Smooth2 lh Sun Mar 15 09:33:56 CET 2026
/out/sourcedata/freesurfer/sub-v2s10x28920_ses-1/scripts

 mris_smooth -n 3 -nw -seed 1234 ../surf/lh.white.preaparc ../surf/lh.smoothwm 

smoothing for 3 iterations
setting seed for random number generator to 1234
smoothing surface tessellation for 3 iterations...
smoothing complete - recomputing first and second fundamental forms...
#--------------------------------------------
#@# Inflation2 lh Sun Mar 15 09:33:59 CET 2026
/out/sourcedata/freesurfer/sub-v2s10x28920_ses-1/scripts

 mris_inflate ../surf/lh.smoothwm ../surf/lh.inflated 

Reading ../surf/lh.smoothwm
avg radius = 46.0 mm, total surface area = 88109 mm^2
step 000: RMS=0.166 (target=0.015)   step 005: RMS=0.112 (target=0.015)   step 010: RMS=0.083 (target=0.015)   step 015: RMS=0.070 (target=0.015)   step 020: RMS=0.058 (target=0.015)   step 025: RMS=0.048 (target=0.015)   step 030: RMS=0.041 (target=0.015)   step 035: RMS=0.034 (target=0.015)   step 040: RMS=0.029 (target=0.015)   step 045: RMS=0.026 (target=0.015)   step 050: RMS=0.023 (target=0.015)   step 055: RMS=0.021 (target=0.015)   step 060: RMS=0.020 (target=0.015)   writing inflated surface to ../surf/lh.inflated
writing sulcal depths to ../surf/lh.sulc

inflation complete.
inflation took 0.2 minutes
mris_inflate utimesec    65.405047
mris_inflate stimesec    2.166930
mris_inflate ru_maxrss   218928
mris_inflate ru_ixrss    0
mris_inflate ru_idrss    0
mris_inflate ru_isrss    0
mris_inflate ru_minflt   662419
mris_inflate ru_majflt   9
mris_inflate ru_nswap    0
mris_inflate ru_inblock  130
mris_inflate ru_oublock  11168
mris_inflate ru_msgsnd   0
mris_inflate ru_msgrcv   0
mris_inflate ru_nsignals 0
mris_inflate ru_nvcsw    13674
mris_inflate ru_nivcsw   282
#--------------------------------------------
#@# Curv .H and .K lh Sun Mar 15 09:34:12 CET 2026
/out/sourcedata/freesurfer/sub-v2s10x28920_ses-1/surf

 mris_curvature -w -seed 1234 lh.white.preaparc 

setting seed for random number generator to 1234
total integrated curvature = 21.470*4pi (269.798) --> -20 handles
ICI = 139.4, FI = 1533.4, variation=23568.774
writing Gaussian curvature to ./lh.white.preaparc.K...done.
writing mean curvature to ./lh.white.preaparc.H...done.
rm -f lh.white.H
ln -s lh.white.preaparc.H lh.white.H
rm -f lh.white.K
ln -s lh.white.preaparc.K lh.white.K

 mris_curvature -seed 1234 -thresh .999 -n -a 5 -w -distances 10 10 lh.inflated 

setting seed for random number generator to 1234
normalizing curvature values.
averaging curvature patterns 5 times.
sampling 10 neighbors out to a distance of 10 mm
161 vertices thresholded to be in k1 ~ [-0.78 0.25], k2 ~ [-0.24 0.06]
total integrated curvature = 0.464*4pi (5.831) --> 1 handles
ICI = 1.5, FI = 11.4, variation=187.994
110 vertices thresholded to be in [-0.02 0.02]
writing Gaussian curvature to ./lh.inflated.K...thresholding curvature at 99.90% level
curvature mean = 0.000, std = 0.001
137 vertices thresholded to be in [-0.32 0.12]
done.
writing mean curvature to ./lh.inflated.H...curvature mean = -0.016, std = 0.025
done.
#--------------------------------------------
#@# Sphere lh Sun Mar 15 09:34:50 CET 2026
/out/sourcedata/freesurfer/sub-v2s10x28920_ses-1/scripts

 mris_sphere -seed 1234 ../surf/lh.inflated ../surf/lh.sphere 

setting seed for random number genererator to 1234
version: 7.3.2
available threads: 16
reading original vertex positions...
projecting onto sphere...
surface projected - minimizing metric distortion...
scaling brain by 0.291...
MRISunfold() max_passes = 1 -------
tol=5.0e-01, sigma=0.0, host=dna06, nav=1024, nbrs=2, l_area=1.000, l_dist=1.000
using quadratic fit line minimization
complete_dist_mat 0
rms 0
smooth_averages 0
remove_neg 0
ico_order 0
which_surface 0
target_radius 0.000000
nfields 0
scale 1.000000
desired_rms_height -1.000000
momentum 0.900000
nbhd_size 7
max_nbrs 8
niterations 25
nsurfaces 0
SURFACES 3
flags 0 (0)
use curv 0
no sulc 0
no rigid align 0
mris->nsize 2
mris->hemisphere 0
randomSeed 1234

singular matrix in quadratic form
singular matrix in quadratic form
singular matrix in quadratic form
singular matrix in quadratic form
singular matrix in quadratic form
--------------------
  mrisRemoveNegativeArea()
pass 1: epoch 1 of 3 starting distance error %19.27
pass 1: epoch 2 of 3 starting distance error %19.25
unfolding complete - removing small folds...
starting distance error %19.21
removing remaining folds...
final distance error %19.24
MRISunfold() return, current seed 1234
-01: dt=0.0000,  17 negative triangles  VmPeak 1724220
162: dt=0.9900,  17 negative triangles
163: dt=0.9900,  12 negative triangles
164: dt=0.9900,  11 negative triangles
165: dt=0.9900,  10 negative triangles
166: dt=0.9900,  10 negative triangles
167: dt=0.9900,   9 negative triangles
168: dt=0.9900,   9 negative triangles
169: dt=0.9900,   9 negative triangles
170: dt=0.9900,   8 negative triangles
171: dt=0.9900,   8 negative triangles
172: dt=0.9900,   7 negative triangles
173: dt=0.9900,   8 negative triangles
174: dt=0.9900,   6 negative triangles
175: dt=0.9900,   8 negative triangles
176: dt=0.9900,   8 negative triangles
177: dt=0.9900,   8 negative triangles
178: dt=0.9900,   5 negative triangles
179: dt=0.9900,   8 negative triangles
180: dt=0.9900,   4 negative triangles
181: dt=0.9900,   6 negative triangles
182: dt=0.9900,   4 negative triangles
183: dt=0.9900,   4 negative triangles
184: dt=0.9900,   6 negative triangles
185: dt=0.9900,   4 negative triangles
186: dt=0.9900,   4 negative triangles
187: dt=0.9900,   6 negative triangles
188: dt=0.9900,   4 negative triangles
189: dt=0.9900,   4 negative triangles
190: dt=0.9405,   6 negative triangles
191: dt=0.9405,   4 negative triangles
192: dt=0.9405,   6 negative triangles
193: dt=0.9405,   4 negative triangles
194: dt=0.9405,   6 negative triangles
195: dt=0.9405,   4 negative triangles
196: dt=0.9405,   6 negative triangles
197: dt=0.9405,   4 negative triangles
198: dt=0.9405,   6 negative triangles
199: dt=0.9405,   6 negative triangles
200: dt=0.8935,   6 negative triangles
201: dt=0.8935,   4 negative triangles
202: dt=0.8935,   4 negative triangles
203: dt=0.8935,   6 negative triangles
204: dt=0.8935,   4 negative triangles
205: dt=0.8935,   4 negative triangles
206: dt=0.8935,   4 negative triangles
207: dt=0.8935,   5 negative triangles
208: dt=0.8935,   3 negative triangles
209: dt=0.8935,   3 negative triangles
210: dt=0.8935,   3 negative triangles
211: dt=0.8935,   5 negative triangles
212: dt=0.8935,   3 negative triangles
213: dt=0.8935,   3 negative triangles
214: dt=0.8935,   3 negative triangles
215: dt=0.8935,   3 negative triangles
216: dt=0.8935,   3 negative triangles
217: dt=0.8935,   5 negative triangles
218: dt=0.8488,   3 negative triangles
219: dt=0.8488,   2 negative triangles
220: dt=0.8488,   3 negative triangles
221: dt=0.8488,   2 negative triangles
222: dt=0.8488,   3 negative triangles
223: dt=0.8488,   2 negative triangles
224: dt=0.8488,   1 negative triangles
writing spherical brain to ../surf/lh.sphere
spherical transformation took 0.0600 hours
FSRUNTIME@ mris_sphere  0.0600 hours 16 threads
#VMPC# mris_sphere VmPeak  1724220
mris_sphere done
#--------------------------------------------
#@# Surf Reg lh Sun Mar 15 09:38:27 CET 2026
/out/sourcedata/freesurfer/sub-v2s10x28920_ses-1/scripts

 mris_register -curv ../surf/lh.sphere /opt/freesurfer/average/lh.folding.atlas.acfb40.noaparc.i12.2016-08-02.tif ../surf/lh.sphere.reg 

using smoothwm curvature for final alignment

cwd /out/sourcedata/freesurfer/sub-v2s10x28920_ses-1/scripts
cmdline mris_register -curv ../surf/lh.sphere /opt/freesurfer/average/lh.folding.atlas.acfb40.noaparc.i12.2016-08-02.tif ../surf/lh.sphere.reg 

0 inflated.H
1 sulc
2 smoothwm (computed)
7.3.2
  7.3.2
reading surface from ../surf/lh.sphere...
reading template parameterization from /opt/freesurfer/average/lh.folding.atlas.acfb40.noaparc.i12.2016-08-02.tif...
MRISregister() -------
max_passes = 4 
min_degrees = 0.500000 
max_degrees = 64.000000 
nangles = 8 
tol=5.0e-01, sigma=0.0, host=dna06, nav=1024, nbrs=1, l_extern=10000.000, l_parea=0.200, l_nlarea=1.000, l_corr=1.000, l_dist=5.000
using quadratic fit line minimization
complete_dist_mat 0
rms 0
smooth_averages 0
remove_neg 0
ico_order 0
which_surface 0
target_radius 0.000000
nfields 0
scale 0.000000
desired_rms_height -1.000000
momentum 0.950000
nbhd_size -10
max_nbrs 10
niterations 25
nsurfaces 0
SURFACES 3
flags 16 (10)
use curv 16
no sulc 0
no rigid align 0
mris->nsize 1
mris->hemisphere 0
randomSeed 0

tol=5.0e-01, sigma=0.0, host=dna06, nav=1024, nbrs=1, l_extern=10000.000, l_parea=0.200, l_nlarea=1.000, l_corr=1.000, l_dist=5.000
using quadratic fit line minimization
--------------------
1 Reading lh.sulc
tol=1.0e+00, sigma=0.5, host=dna06, nav=1024, nbrs=1, l_extern=10000.000, l_parea=0.200, l_nlarea=1.000, l_corr=0.050, l_spring=0.500, l_dist=5.000
using quadratic fit line minimization
curvature mean = -0.000, std = 5.823
curvature mean = 0.032, std = 0.818
curvature mean = 0.013, std = 0.869
Starting MRISrigidBodyAlignGlobal()
Starting new MRISrigidBodyAlignGlobal_findMinSSE()
  new MRISrigidBodyAlignGlobal_findMinSSE min @ (0.00, -6.50, 2.00) sse = 209185.4, elapsed since starting=0.0592 min
MRISrigidBodyAlignGlobal() done   0.06 min
curvature mean = 0.022, std = 0.836
curvature mean = 0.005, std = 0.953
curvature mean = 0.021, std = 0.847
curvature mean = 0.002, std = 0.982
curvature mean = 0.021, std = 0.850
curvature mean = 0.001, std = 0.993
2 Reading smoothwm
curvature mean = -0.022, std = 0.269
curvature mean = 0.044, std = 0.248
curvature mean = 0.059, std = 0.373
curvature mean = 0.040, std = 0.307
curvature mean = 0.032, std = 0.565
curvature mean = 0.039, std = 0.334
curvature mean = 0.017, std = 0.706
curvature mean = 0.039, std = 0.345
curvature mean = 0.005, std = 0.813
MRISregister() return, current seed 0
-01: dt=0.0000,  17 negative triangles  VmPeak 1675436
113: dt=0.9900,  17 negative triangles
114: dt=0.9900,  12 negative triangles
115: dt=0.9900,  16 negative triangles
116: dt=0.9900,   9 negative triangles
117: dt=0.9900,  10 negative triangles
118: dt=0.9900,   7 negative triangles
119: dt=0.9900,   9 negative triangles
120: dt=0.9900,   6 negative triangles
121: dt=0.9900,   6 negative triangles
122: dt=0.9900,   5 negative triangles
123: dt=0.9900,   5 negative triangles
124: dt=0.9900,   5 negative triangles
125: dt=0.9900,   4 negative triangles
126: dt=0.9900,   3 negative triangles
127: dt=0.9900,   4 negative triangles
128: dt=0.9900,   3 negative triangles
129: dt=0.9900,   1 negative triangles
130: dt=0.9900,   3 negative triangles
writing registered surface to ../surf/lh.sphere.reg...
registration took 0.08 hours
#VMPC# mris_register VmPeak  1675436
FSRUNTIME@ mris_register  0.0779 hours 16 threads

 ln -sf lh.sphere.reg lh.fsaverage.sphere.reg 

#--------------------------------------------
#@# Jacobian white lh Sun Mar 15 09:43:07 CET 2026
/out/sourcedata/freesurfer/sub-v2s10x28920_ses-1/scripts

 mris_jacobian ../surf/lh.white.preaparc ../surf/lh.sphere.reg ../surf/lh.jacobian_white 

reading surface from ../surf/lh.white.preaparc...
writing curvature file ../surf/lh.jacobian_white
#--------------------------------------------
#@# AvgCurv lh Sun Mar 15 09:43:08 CET 2026
/out/sourcedata/freesurfer/sub-v2s10x28920_ses-1/scripts

 mrisp_paint -a 5 /opt/freesurfer/average/lh.folding.atlas.acfb40.noaparc.i12.2016-08-02.tif#6 ../surf/lh.sphere.reg ../surf/lh.avg_curv 

averaging curvature patterns 5 times...
reading surface from ../surf/lh.sphere.reg...
reading template parameterization from /opt/freesurfer/average/lh.folding.atlas.acfb40.noaparc.i12.2016-08-02.tif...
writing curvature file to ../surf/lh.avg_curv...
#-----------------------------------------
#@# Cortical Parc lh Sun Mar 15 09:43:09 CET 2026
/out/sourcedata/freesurfer/sub-v2s10x28920_ses-1/scripts

 mris_ca_label -l ../label/lh.cortex.label -aseg ../mri/aseg.presurf.mgz -seed 1234 sub-v2s10x28920_ses-1 lh ../surf/lh.sphere.reg /opt/freesurfer/average/lh.DKaparc.atlas.acfb40.noaparc.i12.2016-08-02.gcs ../label/lh.aparc.annot 

setting seed for random number generator to 1234
using ../mri/aseg.presurf.mgz aseg volume to correct midline
7.3.2
  7.3.2
reading atlas from /opt/freesurfer/average/lh.DKaparc.atlas.acfb40.noaparc.i12.2016-08-02.gcs...
reading color table from GCSA file....
average std = 0.8   using min determinant for regularization = 0.006
0 singular and 342 ill-conditioned covariance matrices regularized
input 0: MEAN CURVATURE, flags 0, avgs 5, name mean_curvature
labeling surface...
1074 labels changed using aseg
relabeling using gibbs priors...
000:   3303 changed, 142829 examined...
001:    770 changed, 13979 examined...
002:    198 changed, 4340 examined...
003:     60 changed, 1176 examined...
004:     22 changed, 372 examined...
005:     10 changed, 134 examined...
006:      6 changed, 63 examined...
007:      5 changed, 33 examined...
008:      3 changed, 26 examined...
009:      1 changed, 17 examined...
010:      0 changed, 7 examined...
237 labels changed using aseg
000: 124 total segments, 78 labels (348 vertices) changed
001: 48 total segments, 2 labels (2 vertices) changed
002: 45 total segments, 3 labels (7 vertices) changed
003: 42 total segments, 0 labels (0 vertices) changed
10 filter iterations complete (10 requested, 5 changed)
rationalizing unknown annotations with cortex label
relabeling unknown label...
relabeling corpuscallosum label...
2120 vertices marked for relabeling...
2120 labels changed in reclassification.
writing output to ../label/lh.aparc.annot...
classification took 0 minutes and 7 seconds.
#--------------------------------------------
#@# WhiteSurfs lh Sun Mar 15 09:43:16 CET 2026
cd /out/sourcedata/freesurfer/sub-v2s10x28920_ses-1/mri
mris_place_surface --adgws-in ../surf/autodet.gw.stats.lh.dat --seg aseg.presurf.mgz --threads 16 --wm wm.mgz --invol brain.finalsurfs.mgz --lh --i ../surf/lh.white.preaparc --o ../surf/lh.white --white --nsmooth 0 --rip-label ../label/lh.cortex.label --rip-bg --rip-surf ../surf/lh.white.preaparc --aparc ../label/lh.aparc.annot
7.3.2
7.3.2

cd /out/sourcedata/freesurfer/sub-v2s10x28920_ses-1/mri
setenv SUBJECTS_DIR /out/sourcedata/freesurfer
mris_place_surface --adgws-in ../surf/autodet.gw.stats.lh.dat --seg aseg.presurf.mgz --threads 16 --wm wm.mgz --invol brain.finalsurfs.mgz --lh --i ../surf/lh.white.preaparc --o ../surf/lh.white --white --nsmooth 0 --rip-label ../label/lh.cortex.label --rip-bg --rip-surf ../surf/lh.white.preaparc --aparc ../label/lh.aparc.annot 

Reading in input surface ../surf/lh.white.preaparc
Not smoothing input surface
Area    285654  0.33570  0.11234 0.001155   3.2284
Corner  856962 60.00000 13.14340 0.233720 178.7775
Edge    428481  0.89006  0.18498 0.029703   3.3785
Hinge   428481  9.03650 10.32801 0.000117 179.9661
Reading in aparc ../label/lh.aparc.annot
Reading in input volume brain.finalsurfs.mgz
Reading in wm volume wm.mgz
MRIclipBrightWM(): nthresh=16033, wmmin=5, clip=110 
MRIfindBrightNonWM(): 13 bright non-wm voxels segmented.
Masking bright non-wm for white surface
MRImask(): AllowDiffGeom = 1
MRImask(): AllowDiffGeom = 1
Reading in seg volume aseg.presurf.mgz
Ripping frozen voxels
Ripping vertices not in label ../label/lh.cortex.label
MRISripNotLabel() ripped 8254/142829 vertices (134575 unripped)
Reading in ripping surface ../surf/lh.white.preaparc
Reading in aparc ../label/lh.aparc.annot for ripsurf
Ripping BG
MRISripBasalGanglia(): 1 -2 2 0.5 ripped 345
Ripping segs (eg, WMSA, BG, frozen)
Starting MRISripSegs() d = (-2 2 0.5) segnos: 247 
MRISripSegs(): -2 2 0.5 ripped 0
vertex 71415: xyz = (-49.3682,-17.265,-4.32745) oxyz = (-49.3682,-17.265,-4.32745) wxzy = (-49.3682,-17.265,-4.32745) pxyz = (0,0,0) 
CBVO Creating mask 142829
n_averages 4
Iteration 0 =========================================
n_averages=4, current_sigma=2
Computing target border values 
Entering MRIScomputeBorderValues_new(): 
  inside_hi   = 120.0000000;
  border_hi   = 110.2316890;
  border_low  =  74.0000000;
  outside_low =  65.1019440;
  outside_hi  = 110.2316890;
  sigma = 2;
  max_thickness = 10;
  step_size=0.5;
  STEP_SIZE=0.1;
  which = 1
  thresh = 0
  flags = 0
  CBVfindFirstPeakD1=0
  CBVfindFirstPeakD2=0
  nvertices=142829
  Gdiag_no=-1
  vno start=0, stop=142829
Replacing 255s with 0s
#SI# sigma=2 had to be increased for 116 vertices, nripped=8599
mean border=83.8, 67 (67) missing vertices, mean dist 0.4 [1.1 (%10.9)->0.6 (%89.1))]
%65 local maxima, %29 large gradients and % 0 min vals, 0 gradients ignored
nFirstPeakD1 0
MRIScomputeBorderValues_new() finished in 0.0118 min


Finding expansion regions
mean absolute distance = 0.63 +- 0.89
3190 vertices more than 2 sigmas from mean.
Averaging target values for 5 iterations...
Positioning Surface: tspring = 0.3, nspring = 0.3, spring = 0, niters = 100 l_repulse = 5, l_surf_repulse = 0, checktol = 0
Positioning pial surface
Entering MRISpositionSurface()
  max_mm = 0.3
  MAX_REDUCTIONS = 2, REDUCTION_PCT = 0.5
  parms->check_tol = 0, niterations = 100
tol=1.0e-04, sigma=2.0, host=dna06, nav=4, nbrs=2, l_repulse=5.000, l_tspring=0.300, l_nspring=0.300, l_intensity=0.200, l_curv=1.000
mom=0.00, dt=0.50
complete_dist_mat 0
rms 0
smooth_averages 0
remove_neg 0
ico_order 0
which_surface 0
target_radius 0.000000
nfields 0
scale 0.000000
desired_rms_height 0.000000
momentum 0.000000
nbhd_size 0
max_nbrs 0
niterations 100
nsurfaces 0
SURFACES 3
flags 0 (0)
use curv 0
no sulc 0
no rigid align 0
mris->nsize 2
mris->hemisphere 0
randomSeed 0

000: dt: 0.0000, sse=1607572.0, rms=7.232
001: dt: 0.5000, sse=675511.5, rms=4.208 (41.815%)
002: dt: 0.5000, sse=398381.3, rms=2.714 (35.514%)
003: dt: 0.5000, sse=328433.4, rms=2.157 (20.515%)
004: dt: 0.5000, sse=299596.4, rms=1.900 (11.899%)
rms = 1.9049/1.9003, sse=301603.9/299596.4, time step reduction 1 of 3 to 0.250  0 1 1
   RMS increased, rejecting step
005: dt: 0.2500, sse=255664.8, rms=1.394 (26.649%)
006: dt: 0.2500, sse=237945.0, rms=1.121 (19.586%)
007: dt: 0.2500, sse=232412.6, rms=1.033 (7.871%)
rms = 0.9957/1.0326, sse=231978.3/232412.6, time step reduction 2 of 3 to 0.125  0 0 1
008: dt: 0.2500, sse=231978.3, rms=0.996 (3.576%)
rms = 0.9719/0.9957, sse=231720.1/231978.3, time step reduction 3 of 3 to 0.062  0 0 1
009: dt: 0.1250, sse=231720.1, rms=0.972 (2.396%)
  maximum number of reductions reached, breaking from loop
positioning took 0.8 minutes
Iteration 1 =========================================
n_averages=2, current_sigma=1
Computing target border values 
Entering MRIScomputeBorderValues_new(): 
  inside_hi   = 120.0000000;
  border_hi   = 110.2316890;
  border_low  =  74.0000000;
  outside_low =  65.1019440;
  outside_hi  = 110.2316890;
  sigma = 1;
  max_thickness = 10;
  step_size=0.5;
  STEP_SIZE=0.1;
  which = 1
  thresh = 0
  flags = 0
  CBVfindFirstPeakD1=0
  CBVfindFirstPeakD2=0
  nvertices=142829
  Gdiag_no=-1
  vno start=0, stop=142829
Replacing 255s with 0s
#SI# sigma=1 had to be increased for 102 vertices, nripped=8599
mean border=86.9, 52 (25) missing vertices, mean dist -0.3 [0.4 (%78.0)->0.3 (%22.0))]
%78 local maxima, %16 large gradients and % 0 min vals, 0 gradients ignored
nFirstPeakD1 0
MRIScomputeBorderValues_new() finished in 0.0107 min


Finding expansion regions
mean absolute distance = 0.36 +- 0.60
2103 vertices more than 2 sigmas from mean.
Averaging target values for 5 iterations...
Positioning Surface: tspring = 0.3, nspring = 0.3, spring = 0, niters = 100 l_repulse = 5, l_surf_repulse = 0, checktol = 0
Positioning pial surface
Entering MRISpositionSurface()
  max_mm = 0.3
  MAX_REDUCTIONS = 2, REDUCTION_PCT = 0.5
  parms->check_tol = 0, niterations = 100
tol=1.0e-04, sigma=1.0, host=dna06, nav=2, nbrs=2, l_repulse=5.000, l_tspring=0.300, l_nspring=0.300, l_intensity=0.200, l_curv=1.000
mom=0.00, dt=0.50
000: dt: 0.0000, sse=709053.2, rms=4.272
010: dt: 0.5000, sse=394776.6, rms=2.554 (40.209%)
011: dt: 0.5000, sse=328462.8, rms=2.024 (20.762%)
012: dt: 0.5000, sse=305790.5, rms=1.831 (9.520%)
rms = 1.8814/1.8311, sse=319545.7/305790.5, time step reduction 1 of 3 to 0.250  0 1 1
   RMS increased, rejecting step
013: dt: 0.2500, sse=262114.6, rms=1.251 (31.668%)
014: dt: 0.2500, sse=243770.7, rms=0.919 (26.554%)
015: dt: 0.2500, sse=236370.2, rms=0.842 (8.362%)
rms = 0.8294/0.8421, sse=236009.6/236370.2, time step reduction 2 of 3 to 0.125  0 0 1
016: dt: 0.2500, sse=236009.6, rms=0.829 (1.509%)
rms = 0.8184/0.8294, sse=235678.6/236009.6, time step reduction 3 of 3 to 0.062  0 0 1
017: dt: 0.1250, sse=235678.6, rms=0.818 (1.331%)
  maximum number of reductions reached, breaking from loop
positioning took 0.7 minutes
Iteration 2 =========================================
n_averages=1, current_sigma=0.5
Computing target border values 
Entering MRIScomputeBorderValues_new(): 
  inside_hi   = 120.0000000;
  border_hi   = 110.2316890;
  border_low  =  74.0000000;
  outside_low =  65.1019440;
  outside_hi  = 110.2316890;
  sigma = 0.5;
  max_thickness = 10;
  step_size=0.5;
  STEP_SIZE=0.1;
  which = 1
  thresh = 0
  flags = 0
  CBVfindFirstPeakD1=0
  CBVfindFirstPeakD2=0
  nvertices=142829
  Gdiag_no=-1
  vno start=0, stop=142829
Replacing 255s with 0s
#SI# sigma=0.5 had to be increased for 109 vertices, nripped=8599
mean border=88.8, 70 (22) missing vertices, mean dist -0.1 [0.3 (%73.4)->0.2 (%26.6))]
%85 local maxima, % 9 large gradients and % 0 min vals, 0 gradients ignored
nFirstPeakD1 0
MRIScomputeBorderValues_new() finished in 0.0069 min


Finding expansion regions
mean absolute distance = 0.25 +- 0.42
2923 vertices more than 2 sigmas from mean.
Averaging target values for 5 iterations...
Positioning Surface: tspring = 0.3, nspring = 0.3, spring = 0, niters = 100 l_repulse = 5, l_surf_repulse = 0, checktol = 0
Positioning pial surface
Entering MRISpositionSurface()
  max_mm = 0.3
  MAX_REDUCTIONS = 2, REDUCTION_PCT = 0.5
  parms->check_tol = 0, niterations = 100
tol=1.0e-04, sigma=0.5, host=dna06, nav=1, nbrs=2, l_repulse=5.000, l_tspring=0.300, l_nspring=0.300, l_intensity=0.200, l_curv=1.000
mom=0.00, dt=0.50
000: dt: 0.0000, sse=400305.8, rms=2.653
018: dt: 0.5000, sse=299272.8, rms=1.752 (33.951%)
019: dt: 0.5000, sse=292892.9, rms=1.698 (3.067%)
rms = 1.7261/1.6984, sse=294007.5/292892.9, time step reduction 1 of 3 to 0.250  0 1 1
   RMS increased, rejecting step
020: dt: 0.2500, sse=248339.8, rms=1.133 (33.268%)
021: dt: 0.2500, sse=233091.3, rms=0.823 (27.358%)
rms = 0.7843/0.8233, sse=230809.4/233091.3, time step reduction 2 of 3 to 0.125  0 0 1
022: dt: 0.2500, sse=230809.4, rms=0.784 (4.732%)
rms = 0.7588/0.7843, sse=230102.0/230809.4, time step reduction 3 of 3 to 0.062  0 0 1
023: dt: 0.1250, sse=230102.0, rms=0.759 (3.260%)
  maximum number of reductions reached, breaking from loop
positioning took 0.5 minutes
Iteration 3 =========================================
n_averages=0, current_sigma=0.25
Computing target border values 
Entering MRIScomputeBorderValues_new(): 
  inside_hi   = 120.0000000;
  border_hi   = 110.2316890;
  border_low  =  74.0000000;
  outside_low =  65.1019440;
  outside_hi  = 110.2316890;
  sigma = 0.25;
  max_thickness = 10;
  step_size=0.5;
  STEP_SIZE=0.1;
  which = 1
  thresh = 0
  flags = 0
  CBVfindFirstPeakD1=0
  CBVfindFirstPeakD2=0
  nvertices=142829
  Gdiag_no=-1
  vno start=0, stop=142829
Replacing 255s with 0s
#SI# sigma=0.25 had to be increased for 94 vertices, nripped=8599
mean border=89.5, 106 (17) missing vertices, mean dist -0.0 [0.2 (%57.8)->0.2 (%42.2))]
%87 local maxima, % 6 large gradients and % 0 min vals, 0 gradients ignored
nFirstPeakD1 0
MRIScomputeBorderValues_new() finished in 0.0041 min


Finding expansion regions
mean absolute distance = 0.21 +- 0.35
2915 vertices more than 2 sigmas from mean.
Averaging target values for 5 iterations...
Positioning Surface: tspring = 0.3, nspring = 0.3, spring = 0, niters = 100 l_repulse = 5, l_surf_repulse = 0, checktol = 0
Positioning pial surface
Entering MRISpositionSurface()
  max_mm = 0.3
  MAX_REDUCTIONS = 2, REDUCTION_PCT = 0.5
  parms->check_tol = 0, niterations = 100
tol=1.0e-04, sigma=0.2, host=dna06, nav=0, nbrs=2, l_repulse=5.000, l_tspring=0.300, l_nspring=0.300, l_intensity=0.200, l_curv=1.000
mom=0.00, dt=0.50
000: dt: 0.0000, sse=250730.7, rms=1.206
rms = 1.0225/1.2064, sse=261082.1/250730.7, time step reduction 1 of 3 to 0.250  0 1 0
024: dt: 0.5000, sse=261082.1, rms=1.022 (15.243%)
025: dt: 0.2500, sse=230503.2, rms=0.692 (32.314%)
026: dt: 0.2500, sse=223786.9, rms=0.634 (8.445%)
rms = 0.6480/0.6336, sse=224289.5/223786.9, time step reduction 2 of 3 to 0.125  0 1 1
   RMS increased, rejecting step
rms = 0.6181/0.6336, sse=223300.1/223786.9, time step reduction 3 of 3 to 0.062  0 0 1
027: dt: 0.1250, sse=223300.1, rms=0.618 (2.449%)
  maximum number of reductions reached, breaking from loop
positioning took 0.4 minutes


Writing output to ../surf/lh.white
#ET# mris_place_surface  2.53 minutes
#VMPC# mris_place_surfaces VmPeak  3078240
mris_place_surface done
#--------------------------------------------
#@# T1PialSurf lh Sun Mar 15 09:45:53 CET 2026
cd /out/sourcedata/freesurfer/sub-v2s10x28920_ses-1/mri
mris_place_surface --adgws-in ../surf/autodet.gw.stats.lh.dat --seg aseg.presurf.mgz --threads 16 --wm wm.mgz --invol brain.finalsurfs.mgz --lh --i ../surf/lh.white --o ../surf/lh.pial.T1 --pial --nsmooth 0 --rip-label ../label/lh.cortex+hipamyg.label --pin-medial-wall ../label/lh.cortex.label --aparc ../label/lh.aparc.annot --repulse-surf ../surf/lh.white --white-surf ../surf/lh.white
7.3.2
7.3.2

cd /out/sourcedata/freesurfer/sub-v2s10x28920_ses-1/mri
setenv SUBJECTS_DIR /out/sourcedata/freesurfer
mris_place_surface --adgws-in ../surf/autodet.gw.stats.lh.dat --seg aseg.presurf.mgz --threads 16 --wm wm.mgz --invol brain.finalsurfs.mgz --lh --i ../surf/lh.white --o ../surf/lh.pial.T1 --pial --nsmooth 0 --rip-label ../label/lh.cortex+hipamyg.label --pin-medial-wall ../label/lh.cortex.label --aparc ../label/lh.aparc.annot --repulse-surf ../surf/lh.white --white-surf ../surf/lh.white 

Reading in input surface ../surf/lh.white
Not smoothing input surface
Area    285654  0.33860  0.12701 0.000572   3.7645
Corner  856962 60.00000 14.62813 0.205232 179.2266
Edge    428481  0.89522  0.20510 0.041319   3.5716
Hinge   428481  9.13524 10.40206 0.000089 179.9113
Reading white surface coordinates from ../surf/lh.white
Reading repulsion surface coordinates from ../surf/lh.white
Reading in aparc ../label/lh.aparc.annot
Reading in input volume brain.finalsurfs.mgz
Reading in wm volume wm.mgz
MRIclipBrightWM(): nthresh=16033, wmmin=5, clip=110 
MRIfindBrightNonWM(): 13 bright non-wm voxels segmented.
Masking bright non-wm for pial surface mid_gray = 71.5371
MRImask(): AllowDiffGeom = 1
MRImask(): AllowDiffGeom = 1
MRImask(): AllowDiffGeom = 1
Reading in seg volume aseg.presurf.mgz
Ripping frozen voxels
Ripping vertices not in label ../label/lh.cortex+hipamyg.label
MRISripNotLabel() ripped 5682/142829 vertices (137147 unripped)
INFO: rip surface needed but not specified, so using input surface
Ripping segs (eg, WMSA, BG, frozen)
Starting MRISripSegs() d = (-2 2 0.5) segnos: 247 
MRISripSegs(): -2 2 0.5 ripped 0
vertex 71415: xyz = (-49.2151,-17.3209,-4.33018) oxyz = (-49.2151,-17.3209,-4.33018) wxzy = (-49.2151,-17.3209,-4.33018) pxyz = (-49.2151,-17.3209,-4.33018) 
CBVO Creating mask 142829
n_averages 16
Iteration 0 =========================================
n_averages=16, current_sigma=2
Computing target border values 
Entering MRIScomputeBorderValues_new(): 
  inside_hi   =  95.7683110;
  border_hi   =  65.1019440;
  border_low  =  47.3058320;
  outside_low =  10.0000000;
  outside_hi  =  60.6529160;
  sigma = 2;
  max_thickness = 10;
  step_size=0.5;
  STEP_SIZE=0.1;
  which = 2
  thresh = 0
  flags = 0
  CBVfindFirstPeakD1=0
  CBVfindFirstPeakD2=0
  nvertices=142829
  Gdiag_no=-1
  vno start=0, stop=142829
Replacing 255s with 0s
#SI# sigma=2 had to be increased for 156 vertices, nripped=5682
mean border=63.3, 93 (93) missing vertices, mean dist 1.8 [0.3 (%0.0)->3.0 (%100.0))]
%16 local maxima, %42 large gradients and %38 min vals, 0 gradients ignored
nFirstPeakD1 0
MRIScomputeBorderValues_new() finished in 0.0110 min


Averaging target values for 5 iterations...
Positioning Surface: tspring = 0.3, nspring = 0.3, spring = 0, niters = 100 l_repulse = 0, l_surf_repulse = 5, checktol = 0
Positioning pial surface
Entering MRISpositionSurface()
  max_mm = 0.3
  MAX_REDUCTIONS = 2, REDUCTION_PCT = 0.5
  parms->check_tol = 0, niterations = 100
tol=1.0e-04, sigma=2.0, host=dna06, nav=16, nbrs=2, l_surf_repulse=5.000, l_tspring=0.300, l_nspring=0.300, l_intensity=0.200, l_curv=1.000
mom=0.00, dt=0.50
complete_dist_mat 0
rms 0
smooth_averages 0
remove_neg 0
ico_order 0
which_surface 0
target_radius 0.000000
nfields 0
scale 0.000000
desired_rms_height 0.000000
momentum 0.000000
nbhd_size 0
max_nbrs 0
niterations 100
nsurfaces 0
SURFACES 3
flags 0 (0)
use curv 0
no sulc 0
no rigid align 0
mris->nsize 2
mris->hemisphere 0
randomSeed 0

000: dt: 0.0000, sse=20057628.0, rms=26.911
001: dt: 0.5000, sse=14161980.0, rms=22.564 (16.155%)
002: dt: 0.5000, sse=9911322.0, rms=18.815 (16.613%)
003: dt: 0.5000, sse=7091271.5, rms=15.845 (15.787%)
004: dt: 0.5000, sse=5274749.0, rms=13.591 (14.229%)
005: dt: 0.5000, sse=4073618.0, rms=11.865 (12.698%)
006: dt: 0.5000, sse=3209682.5, rms=10.447 (11.953%)
007: dt: 0.5000, sse=2558384.5, rms=9.232 (11.623%)
008: dt: 0.5000, sse=2050186.4, rms=8.158 (11.636%)
009: dt: 0.5000, sse=1644942.0, rms=7.185 (11.926%)
010: dt: 0.5000, sse=1321666.6, rms=6.300 (12.314%)
011: dt: 0.5000, sse=1069343.4, rms=5.510 (12.540%)
012: dt: 0.5000, sse=884014.4, rms=4.847 (12.035%)
013: dt: 0.5000, sse=752793.1, rms=4.316 (10.965%)
014: dt: 0.5000, sse=664383.5, rms=3.916 (9.263%)
015: dt: 0.5000, sse=605885.7, rms=3.627 (7.392%)
016: dt: 0.5000, sse=567298.8, rms=3.421 (5.680%)
017: dt: 0.5000, sse=545244.9, rms=3.295 (3.655%)
018: dt: 0.5000, sse=529417.2, rms=3.202 (2.833%)
019: dt: 0.5000, sse=520449.7, rms=3.147 (1.731%)
020: dt: 0.5000, sse=512100.3, rms=3.094 (1.690%)
rms = 3.0732/3.0935, sse=509248.1/512100.3, time step reduction 1 of 3 to 0.250  0 0 1
021: dt: 0.5000, sse=509248.1, rms=3.073 (0.656%)
022: dt: 0.2500, sse=434771.6, rms=2.569 (16.397%)
023: dt: 0.2500, sse=420416.5, rms=2.462 (4.180%)
rms = 2.4471/2.4619, sse=418717.0/420416.5, time step reduction 2 of 3 to 0.125  0 0 1
024: dt: 0.2500, sse=418717.1, rms=2.447 (0.602%)
025: dt: 0.1250, sse=409885.0, rms=2.377 (2.873%)
rms = 2.3583/2.3768, sse=407626.1/409885.0, time step reduction 3 of 3 to 0.062  0 0 1
026: dt: 0.1250, sse=407626.1, rms=2.358 (0.776%)
  maximum number of reductions reached, breaking from loop
positioning took 1.9 minutes
Iteration 1 =========================================
n_averages=8, current_sigma=1
Computing target border values 
Entering MRIScomputeBorderValues_new(): 
  inside_hi   =  95.7683110;
  border_hi   =  65.1019440;
  border_low  =  47.3058320;
  outside_low =  10.0000000;
  outside_hi  =  60.6529160;
  sigma = 1;
  max_thickness = 10;
  step_size=0.5;
  STEP_SIZE=0.1;
  which = 2
  thresh = 0
  flags = 0
  CBVfindFirstPeakD1=0
  CBVfindFirstPeakD2=0
  nvertices=142829
  Gdiag_no=-1
  vno start=0, stop=142829
Replacing 255s with 0s
#SI# sigma=1 had to be increased for 11143 vertices, nripped=5682
mean border=61.9, 1680 (17) missing vertices, mean dist 0.2 [0.2 (%41.5)->0.6 (%58.5))]
%30 local maxima, %32 large gradients and %33 min vals, 0 gradients ignored
nFirstPeakD1 0
MRIScomputeBorderValues_new() finished in 0.0047 min


Averaging target values for 5 iterations...
Positioning Surface: tspring = 0.3, nspring = 0.3, spring = 0, niters = 100 l_repulse = 0, l_surf_repulse = 5, checktol = 0
Positioning pial surface
Entering MRISpositionSurface()
  max_mm = 0.3
  MAX_REDUCTIONS = 2, REDUCTION_PCT = 0.5
  parms->check_tol = 0, niterations = 100
tol=1.0e-04, sigma=1.0, host=dna06, nav=8, nbrs=2, l_surf_repulse=5.000, l_tspring=0.300, l_nspring=0.300, l_intensity=0.200, l_curv=1.000
mom=0.00, dt=0.50
000: dt: 0.0000, sse=622373.3, rms=3.377
027: dt: 0.5000, sse=559870.9, rms=3.015 (10.733%)
028: dt: 0.5000, sse=537932.0, rms=2.890 (4.129%)
rms = 2.9783/2.8903, sse=552369.4/537932.0, time step reduction 1 of 3 to 0.250  0 1 1
   RMS increased, rejecting step
029: dt: 0.2500, sse=487939.4, rms=2.543 (12.012%)
030: dt: 0.2500, sse=469781.1, rms=2.402 (5.557%)
rms = 2.3997/2.4018, sse=469788.7/469781.1, time step reduction 2 of 3 to 0.125  0 1 1
031: dt: 0.2500, sse=469788.7, rms=2.400 (0.085%)
032: dt: 0.1250, sse=457636.9, rms=2.301 (4.094%)
rms = 2.2779/2.3015, sse=454820.2/457636.9, time step reduction 3 of 3 to 0.062  0 0 1
033: dt: 0.1250, sse=454820.2, rms=2.278 (1.024%)
  maximum number of reductions reached, breaking from loop
positioning took 0.6 minutes
Iteration 2 =========================================
n_averages=4, current_sigma=0.5
Computing target border values 
Entering MRIScomputeBorderValues_new(): 
  inside_hi   =  95.7683110;
  border_hi   =  65.1019440;
  border_low  =  47.3058320;
  outside_low =  10.0000000;
  outside_hi  =  60.6529160;
  sigma = 0.5;
  max_thickness = 10;
  step_size=0.5;
  STEP_SIZE=0.1;
  which = 2
  thresh = 0
  flags = 0
  CBVfindFirstPeakD1=0
  CBVfindFirstPeakD2=0
  nvertices=142829
  Gdiag_no=-1
  vno start=0, stop=142829
Replacing 255s with 0s
#SI# sigma=0.5 had to be increased for 12969 vertices, nripped=5682
mean border=61.1, 1947 (13) missing vertices, mean dist 0.1 [0.2 (%39.0)->0.4 (%61.0))]
%41 local maxima, %20 large gradients and %33 min vals, 0 gradients ignored
nFirstPeakD1 0
MRIScomputeBorderValues_new() finished in 0.0030 min


Averaging target values for 5 iterations...
Positioning Surface: tspring = 0.3, nspring = 0.3, spring = 0, niters = 100 l_repulse = 0, l_surf_repulse = 5, checktol = 0
Positioning pial surface
Entering MRISpositionSurface()
  max_mm = 0.3
  MAX_REDUCTIONS = 2, REDUCTION_PCT = 0.5
  parms->check_tol = 0, niterations = 100
tol=1.0e-04, sigma=0.5, host=dna06, nav=4, nbrs=2, l_surf_repulse=5.000, l_tspring=0.300, l_nspring=0.300, l_intensity=0.200, l_curv=1.000
mom=0.00, dt=0.50
000: dt: 0.0000, sse=514525.9, rms=2.677
rms = 2.7275/2.6766, sse=522505.9/514525.9, time step reduction 1 of 3 to 0.250  0 1 1
   RMS increased, rejecting step
034: dt: 0.2500, sse=484027.0, rms=2.456 (8.232%)
035: dt: 0.2500, sse=467370.8, rms=2.326 (5.295%)
rms = 2.3095/2.3262, sse=465237.9/467370.8, time step reduction 2 of 3 to 0.125  0 0 1
036: dt: 0.2500, sse=465237.9, rms=2.310 (0.717%)
037: dt: 0.1250, sse=457653.1, rms=2.246 (2.739%)
rms = 2.2135/2.2463, sse=453667.4/457653.1, time step reduction 3 of 3 to 0.062  0 0 1
038: dt: 0.1250, sse=453667.4, rms=2.214 (1.458%)
  maximum number of reductions reached, breaking from loop
positioning took 0.4 minutes
Iteration 3 =========================================
n_averages=2, current_sigma=0.25
Computing target border values 
Entering MRIScomputeBorderValues_new(): 
  inside_hi   =  95.7683110;
  border_hi   =  65.1019440;
  border_low  =  47.3058320;
  outside_low =  10.0000000;
  outside_hi  =  60.6529160;
  sigma = 0.25;
  max_thickness = 10;
  step_size=0.5;
  STEP_SIZE=0.1;
  which = 2
  thresh = 0
  flags = 0
  CBVfindFirstPeakD1=0
  CBVfindFirstPeakD2=0
  nvertices=142829
  Gdiag_no=-1
  vno start=0, stop=142829
Replacing 255s with 0s
#SI# sigma=0.25 had to be increased for 11487 vertices, nripped=5682
mean border=60.6, 4505 (12) missing vertices, mean dist 0.1 [0.2 (%42.0)->0.3 (%58.0))]
%45 local maxima, %15 large gradients and %32 min vals, 0 gradients ignored
nFirstPeakD1 0
MRIScomputeBorderValues_new() finished in 0.0021 min


Averaging target values for 5 iterations...
Positioning Surface: tspring = 0.3, nspring = 0.3, spring = 0, niters = 100 l_repulse = 0, l_surf_repulse = 5, checktol = 0
Positioning pial surface
Entering MRISpositionSurface()
  max_mm = 0.3
  MAX_REDUCTIONS = 2, REDUCTION_PCT = 0.5
  parms->check_tol = 0, niterations = 100
tol=1.0e-04, sigma=0.2, host=dna06, nav=2, nbrs=2, l_surf_repulse=5.000, l_tspring=0.300, l_nspring=0.300, l_intensity=0.200, l_curv=1.000
mom=0.00, dt=0.50
000: dt: 0.0000, sse=469519.4, rms=2.340
rms = 2.5112/2.3401, sse=491278.8/469519.4, time step reduction 1 of 3 to 0.250  0 1 1
   RMS increased, rejecting step
039: dt: 0.2500, sse=457928.8, rms=2.246 (4.003%)
rms = 2.2013/2.2464, sse=452038.3/457928.8, time step reduction 2 of 3 to 0.125  0 0 1
040: dt: 0.2500, sse=452038.3, rms=2.201 (2.009%)
rms = 2.1742/2.2013, sse=448994.4/452038.3, time step reduction 3 of 3 to 0.062  0 0 1
041: dt: 0.1250, sse=448994.4, rms=2.174 (1.228%)
  maximum number of reductions reached, breaking from loop
positioning took 0.3 minutes
Pinning medial wall to white surface
removing intersecting faces
000: 13 intersecting
001: 4 intersecting
terminating search with 0 intersecting


Writing output to ../surf/lh.pial.T1
#ET# mris_place_surface  3.34 minutes
#VMPC# mris_place_surfaces VmPeak  2450152
mris_place_surface done
#@# white curv lh Sun Mar 15 09:49:17 CET 2026
cd /out/sourcedata/freesurfer/sub-v2s10x28920_ses-1/mri
mris_place_surface --curv-map ../surf/lh.white 2 10 ../surf/lh.curv
insurf  ../surf/lh.white, nbrs 2, curvature_avgs 10
writing curvature file ../surf/lh.curv
#@# white area lh Sun Mar 15 09:49:19 CET 2026
cd /out/sourcedata/freesurfer/sub-v2s10x28920_ses-1/mri
mris_place_surface --area-map ../surf/lh.white ../surf/lh.area
writing curvature file ../surf/lh.area
#@# pial curv lh Sun Mar 15 09:49:19 CET 2026
cd /out/sourcedata/freesurfer/sub-v2s10x28920_ses-1/mri
mris_place_surface --curv-map ../surf/lh.pial 2 10 ../surf/lh.curv.pial
insurf  ../surf/lh.pial, nbrs 2, curvature_avgs 10
writing curvature file ../surf/lh.curv.pial
#@# pial area lh Sun Mar 15 09:49:21 CET 2026
cd /out/sourcedata/freesurfer/sub-v2s10x28920_ses-1/mri
mris_place_surface --area-map ../surf/lh.pial ../surf/lh.area.pial
writing curvature file ../surf/lh.area.pial
#@# thickness lh Sun Mar 15 09:49:21 CET 2026
cd /out/sourcedata/freesurfer/sub-v2s10x28920_ses-1/mri
mris_place_surface --thickness ../surf/lh.white ../surf/lh.pial 20 5 ../surf/lh.thickness
0 of 142829 vertices processed
25000 of 142829 vertices processed
50000 of 142829 vertices processed
75000 of 142829 vertices processed
100000 of 142829 vertices processed
125000 of 142829 vertices processed
0 of 142829 vertices processed
25000 of 142829 vertices processed
50000 of 142829 vertices processed
75000 of 142829 vertices processed
100000 of 142829 vertices processed
125000 of 142829 vertices processed
thickness calculation complete, 593:1708 truncations.
60766 vertices at 0 distance
112900 vertices at 1 distance
67506 vertices at 2 distance
26937 vertices at 3 distance
10189 vertices at 4 distance
4005 vertices at 5 distance
1653 vertices at 6 distance
804 vertices at 7 distance
363 vertices at 8 distance
177 vertices at 9 distance
88 vertices at 10 distance
48 vertices at 11 distance
38 vertices at 12 distance
35 vertices at 13 distance
30 vertices at 14 distance
25 vertices at 15 distance
29 vertices at 16 distance
22 vertices at 17 distance
15 vertices at 18 distance
11 vertices at 19 distance
17 vertices at 20 distance
writing curvature file ../surf/lh.thickness
#@# area and vertex vol lh Sun Mar 15 09:49:41 CET 2026
cd /out/sourcedata/freesurfer/sub-v2s10x28920_ses-1/mri
mris_place_surface --thickness ../surf/lh.white ../surf/lh.pial 20 5 ../surf/lh.thickness
/out/sourcedata/freesurfer/sub-v2s10x28920_ses-1/surf
mris_calc -o lh.area.mid lh.area add lh.area.pial
Saving result to 'lh.area.mid' (type = MRI_CURV_FILE)                       [ ok ]
mris_calc -o lh.area.mid lh.area.mid div 2
Saving result to 'lh.area.mid' (type = MRI_CURV_FILE)                       [ ok ]
mris_convert --volume sub-v2s10x28920_ses-1 lh /out/sourcedata/freesurfer/sub-v2s10x28920_ses-1/surf/lh.volume
masking with /out/sourcedata/freesurfer/sub-v2s10x28920_ses-1/label/lh.cortex.label
Total face volume 285938
Total vertex volume 285715 (mask=0)
#@# sub-v2s10x28920_ses-1 lh 285715
 
vertexvol Done

#-----------------------------------------
#@# Curvature Stats lh Sun Mar 15 09:49:42 CET 2026
/out/sourcedata/freesurfer/sub-v2s10x28920_ses-1/surf

 mris_curvature_stats -m --writeCurvatureFiles -G -o ../stats/lh.curv.stats -F smoothwm sub-v2s10x28920_ses-1 lh curv sulc 

             Toggling save flag on curvature files                       [ ok ]
                 Outputting results using filestem   [ ../stats/lh.curv.stats ]
             Toggling save flag on curvature files                       [ ok ]
                                   Setting surface [ sub-v2s10x28920_ses-1/lh.smoothwm ]
                                Reading surface...                       [ ok ]
                                   Setting texture                     [ curv ]
                                Reading texture...                       [ ok ]
                                   Setting texture                     [ sulc ]
                                Reading texture...Gb_filter = 0
                       [ ok ]
      Calculating Discrete Principal Curvatures...
      Determining geometric order for vno faces... [####################] [ ok ]
                      Determining KH curvatures... [####################] [ ok ]
                    Determining k1k2 curvatures... [####################] [ ok ]
                                   deltaViolations                      [ 238 ]
Gb_filter = 0

WARN:    S lookup   min:                          -0.159989
WARN:    S explicit min:                          0.000000	vertex = 40
#-----------------------------------------
#@# Cortical Parc 2 lh Sun Mar 15 09:49:44 CET 2026
/out/sourcedata/freesurfer/sub-v2s10x28920_ses-1/scripts

 mris_ca_label -l ../label/lh.cortex.label -aseg ../mri/aseg.presurf.mgz -seed 1234 sub-v2s10x28920_ses-1 lh ../surf/lh.sphere.reg /opt/freesurfer/average/lh.CDaparc.atlas.acfb40.noaparc.i12.2016-08-02.gcs ../label/lh.aparc.a2009s.annot 

setting seed for random number generator to 1234
using ../mri/aseg.presurf.mgz aseg volume to correct midline
7.3.2
  7.3.2
reading atlas from /opt/freesurfer/average/lh.CDaparc.atlas.acfb40.noaparc.i12.2016-08-02.gcs...
reading color table from GCSA file....
average std = 3.0   using min determinant for regularization = 0.088
0 singular and 0 ill-conditioned covariance matrices regularized
input 0: MEAN CURVATURE, flags 0, avgs 5, name mean_curvature
labeling surface...
2 labels changed using aseg
relabeling using gibbs priors...
000:   9578 changed, 142829 examined...
001:   2213 changed, 36854 examined...
002:    631 changed, 11664 examined...
003:    243 changed, 3616 examined...
004:    119 changed, 1428 examined...
005:     54 changed, 684 examined...
006:     28 changed, 301 examined...
007:     14 changed, 156 examined...
008:     10 changed, 77 examined...
009:      8 changed, 53 examined...
010:      4 changed, 39 examined...
011:      0 changed, 19 examined...
1 labels changed using aseg
000: 260 total segments, 174 labels (2362 vertices) changed
001: 97 total segments, 12 labels (40 vertices) changed
002: 85 total segments, 0 labels (0 vertices) changed
10 filter iterations complete (10 requested, 37 changed)
rationalizing unknown annotations with cortex label
relabeling Medial_wall label...
1428 vertices marked for relabeling...
1428 labels changed in reclassification.
writing output to ../label/lh.aparc.a2009s.annot...
classification took 0 minutes and 10 seconds.
#-----------------------------------------
#@# Cortical Parc 3 lh Sun Mar 15 09:49:54 CET 2026
/out/sourcedata/freesurfer/sub-v2s10x28920_ses-1/scripts

 mris_ca_label -l ../label/lh.cortex.label -aseg ../mri/aseg.presurf.mgz -seed 1234 sub-v2s10x28920_ses-1 lh ../surf/lh.sphere.reg /opt/freesurfer/average/lh.DKTaparc.atlas.acfb40.noaparc.i12.2016-08-02.gcs ../label/lh.aparc.DKTatlas.annot 

setting seed for random number generator to 1234
using ../mri/aseg.presurf.mgz aseg volume to correct midline
7.3.2
  7.3.2
reading atlas from /opt/freesurfer/average/lh.DKTaparc.atlas.acfb40.noaparc.i12.2016-08-02.gcs...
reading color table from GCSA file....
average std = 1.4   using min determinant for regularization = 0.020
0 singular and 383 ill-conditioned covariance matrices regularized
input 0: MEAN CURVATURE, flags 0, avgs 5, name mean_curvature
labeling surface...
1298 labels changed using aseg
relabeling using gibbs priors...
000:   2069 changed, 142829 examined...
001:    463 changed, 9636 examined...
002:    150 changed, 2688 examined...
003:     64 changed, 847 examined...
004:     36 changed, 351 examined...
005:     20 changed, 198 examined...
006:      8 changed, 100 examined...
007:      8 changed, 46 examined...
008:      5 changed, 46 examined...
009:      5 changed, 24 examined...
010:      8 changed, 30 examined...
011:     10 changed, 36 examined...
012:      5 changed, 40 examined...
013:      4 changed, 25 examined...
014:      4 changed, 18 examined...
015:      5 changed, 19 examined...
016:      6 changed, 25 examined...
017:      8 changed, 31 examined...
018:      5 changed, 32 examined...
019:      4 changed, 25 examined...
020:      3 changed, 22 examined...
021:      4 changed, 18 examined...
022:      3 changed, 22 examined...
023:      4 changed, 20 examined...
024:      2 changed, 21 examined...
025:      1 changed, 12 examined...
026:      0 changed, 7 examined...
307 labels changed using aseg
000: 52 total segments, 19 labels (135 vertices) changed
001: 34 total segments, 1 labels (1 vertices) changed
002: 33 total segments, 0 labels (0 vertices) changed
10 filter iterations complete (10 requested, 1 changed)
rationalizing unknown annotations with cortex label
relabeling unknown label...
relabeling corpuscallosum label...
896 vertices marked for relabeling...
896 labels changed in reclassification.
writing output to ../label/lh.aparc.DKTatlas.annot...
classification took 0 minutes and 8 seconds.
#-----------------------------------------
#@# WM/GM Contrast lh Sun Mar 15 09:50:02 CET 2026
/out/sourcedata/freesurfer/sub-v2s10x28920_ses-1/scripts

 pctsurfcon --s sub-v2s10x28920_ses-1 --lh-only 

Log file is /out/sourcedata/freesurfer/sub-v2s10x28920_ses-1/scripts/pctsurfcon.log
Sun Mar 15 09:50:02 CET 2026
setenv SUBJECTS_DIR /out/sourcedata/freesurfer
cd /out/sourcedata/freesurfer/sub-v2s10x28920_ses-1/scripts
/opt/freesurfer/bin/pctsurfcon
pctsurfcon 7.3.2
Linux dna065 5.14.0-427.37.1.el9_4.x86_64 #1 SMP PREEMPT_DYNAMIC Fri Sep 13 12:41:50 EDT 2024 x86_64 x86_64 x86_64 GNU/Linux
FREESURFER_HOME /opt/freesurfer
mri_vol2surf --mov /out/sourcedata/freesurfer/sub-v2s10x28920_ses-1/mri/rawavg.mgz --hemi lh --noreshape --interp trilinear --projdist -1 --o /out/sourcedata/freesurfer/sub-v2s10x28920_ses-1/surf/tmp.pctsurfcon.64034/lh.wm.mgh --regheader sub-v2s10x28920_ses-1 --cortex
srcvol = /out/sourcedata/freesurfer/sub-v2s10x28920_ses-1/mri/rawavg.mgz
srcreg unspecified
srcregold = 0
srcwarp unspecified
surf = white
hemi = lh
ProjDist = -1
reshape = 0
interp = trilinear
float2int = round
GetProjMax = 0
INFO: float2int code = 0
Done loading volume
Computing registration from header.
  Using /out/sourcedata/freesurfer/sub-v2s10x28920_ses-1/mri/orig.mgz as target reference.
-------- original matrix -----------
-0.99666   0.06270  -0.05234  -0.00002;
-0.05223   0.00329   0.99863  -0.00002;
-0.06279  -0.99803  -0.00000   0.00000;
 0.00000   0.00000   0.00000   1.00000;
-------- original matrix -----------
Loading label /out/sourcedata/freesurfer/sub-v2s10x28920_ses-1/label/lh.cortex.label
Reading surface /out/sourcedata/freesurfer/sub-v2s10x28920_ses-1/surf/lh.white
Done reading source surface
Mapping Source Volume onto Source Subject Surface
Projecting -1 -1 1
 1 -1 -1 -1
using old
Done mapping volume to surface
Number of source voxels hit = 82113
Masking with /out/sourcedata/freesurfer/sub-v2s10x28920_ses-1/label/lh.cortex.label
Writing to /out/sourcedata/freesurfer/sub-v2s10x28920_ses-1/surf/tmp.pctsurfcon.64034/lh.wm.mgh
Dim: 142829 1 1
mri_vol2surf --mov /out/sourcedata/freesurfer/sub-v2s10x28920_ses-1/mri/rawavg.mgz --hemi lh --noreshape --interp trilinear --o /out/sourcedata/freesurfer/sub-v2s10x28920_ses-1/surf/tmp.pctsurfcon.64034/lh.gm.mgh --projfrac 0.3 --regheader sub-v2s10x28920_ses-1 --cortex
srcvol = /out/sourcedata/freesurfer/sub-v2s10x28920_ses-1/mri/rawavg.mgz
srcreg unspecified
srcregold = 0
srcwarp unspecified
surf = white
hemi = lh
ProjFrac = 0.3
thickness = thickness
reshape = 0
interp = trilinear
float2int = round
GetProjMax = 0
INFO: float2int code = 0
Done loading volume
Computing registration from header.
  Using /out/sourcedata/freesurfer/sub-v2s10x28920_ses-1/mri/orig.mgz as target reference.
-------- original matrix -----------
-0.99666   0.06270  -0.05234  -0.00002;
-0.05223   0.00329   0.99863  -0.00002;
-0.06279  -0.99803  -0.00000   0.00000;
 0.00000   0.00000   0.00000   1.00000;
-------- original matrix -----------
Loading label /out/sourcedata/freesurfer/sub-v2s10x28920_ses-1/label/lh.cortex.label
Reading surface /out/sourcedata/freesurfer/sub-v2s10x28920_ses-1/surf/lh.white
Done reading source surface
Reading thickness /out/sourcedata/freesurfer/sub-v2s10x28920_ses-1/surf/lh.thickness
Done
Mapping Source Volume onto Source Subject Surface
Projecting 0.3 0.3 1
 1 0.3 0.3 0.3
using old
Done mapping volume to surface
Number of source voxels hit = 96940
Masking with /out/sourcedata/freesurfer/sub-v2s10x28920_ses-1/label/lh.cortex.label
Writing to /out/sourcedata/freesurfer/sub-v2s10x28920_ses-1/surf/tmp.pctsurfcon.64034/lh.gm.mgh
Dim: 142829 1 1
mri_concat /out/sourcedata/freesurfer/sub-v2s10x28920_ses-1/surf/tmp.pctsurfcon.64034/lh.wm.mgh /out/sourcedata/freesurfer/sub-v2s10x28920_ses-1/surf/tmp.pctsurfcon.64034/lh.gm.mgh --paired-diff-norm --mul 100 --o /out/sourcedata/freesurfer/sub-v2s10x28920_ses-1/surf/lh.w-g.pct.mgh
ninputs = 2
Checking inputs
nframestot = 2
Allocing output
Done allocing
Combining pairs
nframes = 1
Multiplying by 100.000000
Writing to /out/sourcedata/freesurfer/sub-v2s10x28920_ses-1/surf/lh.w-g.pct.mgh
mri_segstats --in /out/sourcedata/freesurfer/sub-v2s10x28920_ses-1/surf/lh.w-g.pct.mgh --annot sub-v2s10x28920_ses-1 lh aparc --sum /out/sourcedata/freesurfer/sub-v2s10x28920_ses-1/stats/lh.w-g.pct.stats --snr

7.3.2
cwd 
cmdline mri_segstats --in /out/sourcedata/freesurfer/sub-v2s10x28920_ses-1/surf/lh.w-g.pct.mgh --annot sub-v2s10x28920_ses-1 lh aparc --sum /out/sourcedata/freesurfer/sub-v2s10x28920_ses-1/stats/lh.w-g.pct.stats --snr 
sysname  Linux
hostname dna065
machine  x86_64
user     oesteban
whitesurfname  white
UseRobust  0
Constructing seg from annotation

Reading annotation /out/sourcedata/freesurfer/sub-v2s10x28920_ses-1/label/lh.aparc.annot
Seg base 1000
Loading /out/sourcedata/freesurfer/sub-v2s10x28920_ses-1/surf/lh.w-g.pct.mgh
Vertex Area is 0.677197 mm^3
Generating list of segmentation ids
Found  36 segmentations
Computing statistics for each segmentation

Reporting on  35 segmentations
Using PrintSegStat
mri_segstats done
Cleaning up

Started at Sun Mar 15 09:27:35 CET 2026 
Ended   at Sun Mar 15 09:50:04 CET 2026
#@#%# recon-all-run-time-hours 0.375
recon-all -s sub-v2s10x28920_ses-1 finished without error at Sun Mar 15 09:50:04 CET 2026



#New# invocation of recon-all 




Sun Mar 15 10:15:29 CET 2026
cd /out/sourcedata/freesurfer/sub-v2s10x28920_ses-1
setenv SUBJECTS_DIR /out/sourcedata/freesurfer
/opt/freesurfer/bin/recon-all -autorecon-hemi lh -nohyporelabel -lh-only -openmp 16 -subjid sub-v2s10x28920_ses-1 -sd /out/sourcedata/freesurfer -notessellate -nosmooth1 -noinflate1 -noqsphere -nofix -nowhite -nosmooth2 -noinflate2 -nocurvHK -nocurvstats -nosphere -nosurfreg -nojacobian_white -noavgcurv -nocortparc -nopial -nocortparc2 -nocortparc3 -nopctsurfcon

subjid sub-v2s10x28920_ses-1
setenv SUBJECTS_DIR /out/sourcedata/freesurfer
FREESURFER_HOME /opt/freesurfer
Actual FREESURFER_HOME /opt/freesurfer
build-stamp.txt: freesurfer-linux-ubuntu22_x86_64-7.3.2-20220804-6354275
Linux dna065 5.14.0-427.37.1.el9_4.x86_64 #1 SMP PREEMPT_DYNAMIC Fri Sep 13 12:41:50 EDT 2024 x86_64 x86_64 x86_64 GNU/Linux
cputime      unlimited
filesize     unlimited
datasize     unlimited
stacksize    8192 kbytes
coredumpsize 0 kbytes
memoryuse    67108864 kbytes
vmemoryuse   unlimited
descriptors  1024 
memorylocked unlimited
maxproc      2061970 
maxlocks     unlimited
maxsignal    2062029 
maxmessage   819200 
maxnice      0 
maxrtprio    0 
maxrttime    unlimited

               total        used        free      shared  buff/cache   available
Mem:           503Gi       127Gi       287Gi        15Gi        88Gi       357Gi
Swap:             0B          0B          0B

########################################
program versions used
7.3.2 (freesurfer-linux-ubuntu22_x86_64-7.3.2-20220804-6354275)
7.3.2

ProgramName: lta_convert  ProgramArguments: lta_convert -all-info  ProgramVersion: 7.3.2  TimeStamp: 2026/03/15-09:15:29-GMT  BuildTime: Aug  4 2022 06:17:15  BuildStamp: freesurfer-linux-ubuntu22_x86_64-7.3.2-20220804-6354275  User: oesteban  Machine: dna065  Platform: Linux  PlatformVersion: 5.14.0-427.37.1.el9_4.x86_64  CompilerName: GCC  CompilerVersion: 8.4.0
ProgramName: mri_and  ProgramArguments: mri_and -all-info  ProgramVersion: 7.3.2  TimeStamp: 2026/03/15-09:15:29-GMT  BuildTime: Aug  4 2022 06:17:15  BuildStamp: freesurfer-linux-ubuntu22_x86_64-7.3.2-20220804-6354275  User: oesteban  Machine: dna065  Platform: Linux  PlatformVersion: 5.14.0-427.37.1.el9_4.x86_64  CompilerName: GCC  CompilerVersion: 8.4.0
ProgramName: mri_annotation2label  ProgramArguments: mri_annotation2label -all-info  ProgramVersion: 7.3.2  TimeStamp: 2026/03/15-09:15:29-GMT  BuildTime: Aug  4 2022 06:17:15  BuildStamp: freesurfer-linux-ubuntu22_x86_64-7.3.2-20220804-6354275  User: oesteban  Machine: dna065  Platform: Linux  PlatformVersion: 5.14.0-427.37.1.el9_4.x86_64  CompilerName: GCC  CompilerVersion: 8.4.0
ProgramName: mri_aparc2aseg  ProgramArguments: mri_aparc2aseg -all-info  ProgramVersion: 7.3.2  TimeStamp: 2026/03/15-09:15:29-GMT  BuildTime: Aug  4 2022 06:17:15  BuildStamp: freesurfer-linux-ubuntu22_x86_64-7.3.2-20220804-6354275  User: oesteban  Machine: dna065  Platform: Linux  PlatformVersion: 5.14.0-427.37.1.el9_4.x86_64  CompilerName: GCC  CompilerVersion: 8.4.0
ProgramName: mri_surf2volseg  ProgramArguments: mri_surf2volseg -all-info  ProgramVersion: 7.3.2  TimeStamp: 2026/03/15-09:15:29-GMT  BuildTime: Aug  4 2022 06:17:15  BuildStamp: freesurfer-linux-ubuntu22_x86_64-7.3.2-20220804-6354275  User: oesteban  Machine: dna065  Platform: Linux  PlatformVersion: 5.14.0-427.37.1.el9_4.x86_64  CompilerName: GCC  CompilerVersion: 8.4.0
ProgramName: mri_binarize  ProgramArguments: mri_binarize -all-info  ProgramVersion: 7.3.2  TimeStamp: 2026/03/15-09:15:29-GMT  BuildTime: Aug  4 2022 06:17:15  BuildStamp: freesurfer-linux-ubuntu22_x86_64-7.3.2-20220804-6354275  User: oesteban  Machine: dna065  Platform: Linux  PlatformVersion: 5.14.0-427.37.1.el9_4.x86_64  CompilerName: GCC  CompilerVersion: 8.4.0
ProgramName: mri_ca_label  ProgramArguments: mri_ca_label -all-info  ProgramVersion: 7.3.2  TimeStamp: 2026/03/15-09:15:29-GMT  BuildTime: Aug  4 2022 06:17:15  BuildStamp: freesurfer-linux-ubuntu22_x86_64-7.3.2-20220804-6354275  User: oesteban  Machine: dna065  Platform: Linux  PlatformVersion: 5.14.0-427.37.1.el9_4.x86_64  CompilerName: GCC  CompilerVersion: 8.4.0
ProgramName: mri_ca_normalize  ProgramArguments: mri_ca_normalize -all-info  ProgramVersion: 7.3.2  TimeStamp: 2026/03/15-09:15:29-GMT  BuildTime: Aug  4 2022 06:17:15  BuildStamp: freesurfer-linux-ubuntu22_x86_64-7.3.2-20220804-6354275  User: oesteban  Machine: dna065  Platform: Linux  PlatformVersion: 5.14.0-427.37.1.el9_4.x86_64  CompilerName: GCC  CompilerVersion: 8.4.0
ProgramName: mri_ca_register  ProgramArguments: mri_ca_register -all-info  ProgramVersion: 7.3.2  TimeStamp: 2026/03/15-09:15:29-GMT  BuildTime: Aug  4 2022 06:17:15  BuildStamp: freesurfer-linux-ubuntu22_x86_64-7.3.2-20220804-6354275  User: oesteban  Machine: dna065  Platform: Linux  PlatformVersion: 5.14.0-427.37.1.el9_4.x86_64  CompilerName: GCC  CompilerVersion: 8.4.0
ProgramName: mri_cc  ProgramArguments: mri_cc -all-info  ProgramVersion: 7.3.2  TimeStamp: 2026/03/15-09:15:29-GMT  BuildTime: Aug  4 2022 06:17:15  BuildStamp: freesurfer-linux-ubuntu22_x86_64-7.3.2-20220804-6354275  User: oesteban  Machine: dna065  Platform: Linux  PlatformVersion: 5.14.0-427.37.1.el9_4.x86_64  CompilerName: GCC  CompilerVersion: 8.4.0
ProgramName: mri_compute_overlap  ProgramArguments: mri_compute_overlap -all-info  ProgramVersion: 7.3.2  TimeStamp: 2026/03/15-09:15:29-GMT  BuildTime: Aug  4 2022 06:17:15  BuildStamp: freesurfer-linux-ubuntu22_x86_64-7.3.2-20220804-6354275  User: oesteban  Machine: dna065  Platform: Linux  PlatformVersion: 5.14.0-427.37.1.el9_4.x86_64  CompilerName: GCC  CompilerVersion: 8.4.0
ProgramName: mri_compute_seg_overlap  ProgramArguments: mri_compute_seg_overlap -all-info  ProgramVersion: 7.3.2  TimeStamp: 2026/03/15-09:15:29-GMT  BuildTime: Aug  4 2022 06:17:15  BuildStamp: freesurfer-linux-ubuntu22_x86_64-7.3.2-20220804-6354275  User: oesteban  Machine: dna065  Platform: Linux  PlatformVersion: 5.14.0-427.37.1.el9_4.x86_64  CompilerName: GCC  CompilerVersion: 8.4.0
ProgramName: mri_concat  ProgramArguments: mri_concat -all-info  ProgramVersion: 7.3.2  TimeStamp: 2026/03/15-09:15:29-GMT  BuildTime: Aug  4 2022 06:17:15  BuildStamp: freesurfer-linux-ubuntu22_x86_64-7.3.2-20220804-6354275  User: oesteban  Machine: dna065  Platform: Linux  PlatformVersion: 5.14.0-427.37.1.el9_4.x86_64  CompilerName: GCC  CompilerVersion: 8.4.0
ProgramName: mri_concatenate_lta  ProgramArguments: mri_concatenate_lta -all-info  ProgramVersion: 7.3.2  TimeStamp: 2026/03/15-09:15:29-GMT  BuildTime: Aug  4 2022 06:17:15  BuildStamp: freesurfer-linux-ubuntu22_x86_64-7.3.2-20220804-6354275  User: oesteban  Machine: dna065  Platform: Linux  PlatformVersion: 5.14.0-427.37.1.el9_4.x86_64  CompilerName: GCC  CompilerVersion: 8.4.0
mri_convert -all-info 
ProgramName: mri_convert  ProgramArguments: mri_convert -all-info  ProgramVersion: 7.3.2  TimeStamp: 2026/03/15-09:15:29-GMT  BuildTime: Aug  4 2022 06:17:15  BuildStamp: freesurfer-linux-ubuntu22_x86_64-7.3.2-20220804-6354275  User: oesteban  Machine: dna065  Platform: Linux  PlatformVersion: 5.14.0-427.37.1.el9_4.x86_64  CompilerName: GCC  CompilerVersion: 8.4.0
ProgramName: mri_diff  ProgramArguments: mri_diff -all-info  ProgramVersion: 7.3.2  TimeStamp: 2026/03/15-09:15:29-GMT  BuildTime: Aug  4 2022 06:17:15  BuildStamp: freesurfer-linux-ubuntu22_x86_64-7.3.2-20220804-6354275  User: oesteban  Machine: dna065  Platform: Linux  PlatformVersion: 5.14.0-427.37.1.el9_4.x86_64  CompilerName: GCC  CompilerVersion: 8.4.0
ProgramName: mri_edit_wm_with_aseg  ProgramArguments: mri_edit_wm_with_aseg -all-info  ProgramVersion: 7.3.2  TimeStamp: 2026/03/15-09:15:29-GMT  BuildTime: Aug  4 2022 06:17:15  BuildStamp: freesurfer-linux-ubuntu22_x86_64-7.3.2-20220804-6354275  User: oesteban  Machine: dna065  Platform: Linux  PlatformVersion: 5.14.0-427.37.1.el9_4.x86_64  CompilerName: GCC  CompilerVersion: 8.4.0
ProgramName: mri_em_register  ProgramArguments: mri_em_register -all-info  ProgramVersion: 7.3.2  TimeStamp: 2026/03/15-09:15:29-GMT  BuildTime: Aug  4 2022 06:17:15  BuildStamp: freesurfer-linux-ubuntu22_x86_64-7.3.2-20220804-6354275  User: oesteban  Machine: dna065  Platform: Linux  PlatformVersion: 5.14.0-427.37.1.el9_4.x86_64  CompilerName: GCC  CompilerVersion: 8.4.0
ProgramName: mri_fill  ProgramArguments: mri_fill -all-info  ProgramVersion: 7.3.2  TimeStamp: 2026/03/15-09:15:29-GMT  BuildTime: Aug  4 2022 06:17:15  BuildStamp: freesurfer-linux-ubuntu22_x86_64-7.3.2-20220804-6354275  User: oesteban  Machine: dna065  Platform: Linux  PlatformVersion: 5.14.0-427.37.1.el9_4.x86_64  CompilerName: GCC  CompilerVersion: 8.4.0
ProgramName: mri_fuse_segmentations  ProgramArguments: mri_fuse_segmentations -all-info  ProgramVersion: 7.3.2  TimeStamp: 2026/03/15-09:15:29-GMT  BuildTime: Aug  4 2022 06:17:15  BuildStamp: freesurfer-linux-ubuntu22_x86_64-7.3.2-20220804-6354275  User: oesteban  Machine: dna065  Platform: Linux  PlatformVersion: 5.14.0-427.37.1.el9_4.x86_64  CompilerName: GCC  CompilerVersion: 8.4.0
ProgramName: mri_fwhm  ProgramArguments: mri_fwhm -all-info  ProgramVersion: 7.3.2  TimeStamp: 2026/03/15-09:15:29-GMT  BuildTime: Aug  4 2022 06:17:15  BuildStamp: freesurfer-linux-ubuntu22_x86_64-7.3.2-20220804-6354275  User: oesteban  Machine: dna065  Platform: Linux  PlatformVersion: 5.14.0-427.37.1.el9_4.x86_64  CompilerName: GCC  CompilerVersion: 8.4.0
ProgramName: mri_gcut  ProgramArguments: mri_gcut -all-info  ProgramVersion: 7.3.2  TimeStamp: 2026/03/15-09:15:29-GMT  BuildTime: Aug  4 2022 06:17:15  BuildStamp: freesurfer-linux-ubuntu22_x86_64-7.3.2-20220804-6354275  User: oesteban  Machine: dna065  Platform: Linux  PlatformVersion: 5.14.0-427.37.1.el9_4.x86_64  CompilerName: GCC  CompilerVersion: 8.4.0
ProgramName: mri_info  ProgramArguments: mri_info -all-info  ProgramVersion: 7.3.2  TimeStamp: 2026/03/15-09:15:29-GMT  BuildTime: Aug  4 2022 06:17:15  BuildStamp: freesurfer-linux-ubuntu22_x86_64-7.3.2-20220804-6354275  User: oesteban  Machine: dna065  Platform: Linux  PlatformVersion: 5.14.0-427.37.1.el9_4.x86_64  CompilerName: GCC  CompilerVersion: 8.4.0
ProgramName: mri_label2label  ProgramArguments: mri_label2label -all-info  ProgramVersion: 7.3.2  TimeStamp: 2026/03/15-09:15:29-GMT  BuildTime: Aug  4 2022 06:17:15  BuildStamp: freesurfer-linux-ubuntu22_x86_64-7.3.2-20220804-6354275  User: oesteban  Machine: dna065  Platform: Linux  PlatformVersion: 5.14.0-427.37.1.el9_4.x86_64  CompilerName: GCC  CompilerVersion: 8.4.0
ProgramName: mri_label2vol  ProgramArguments: mri_label2vol -all-info  ProgramVersion: 7.3.2  TimeStamp: 2026/03/15-09:15:29-GMT  BuildTime: Aug  4 2022 06:17:15  BuildStamp: freesurfer-linux-ubuntu22_x86_64-7.3.2-20220804-6354275  User: oesteban  Machine: dna065  Platform: Linux  PlatformVersion: 5.14.0-427.37.1.el9_4.x86_64  CompilerName: GCC  CompilerVersion: 8.4.0
ProgramName: mri_log_likelihood  ProgramArguments: mri_log_likelihood -all-info  ProgramVersion: 7.3.2  TimeStamp: 2026/03/15-09:15:29-GMT  BuildTime: Aug  4 2022 06:17:15  BuildStamp: freesurfer-linux-ubuntu22_x86_64-7.3.2-20220804-6354275  User: oesteban  Machine: dna065  Platform: Linux  PlatformVersion: 5.14.0-427.37.1.el9_4.x86_64  CompilerName: GCC  CompilerVersion: 8.4.0
ProgramName: mri_mask  ProgramArguments: mri_mask -all-info  ProgramVersion: 7.3.2  TimeStamp: 2026/03/15-09:15:30-GMT  BuildTime: Aug  4 2022 06:17:15  BuildStamp: freesurfer-linux-ubuntu22_x86_64-7.3.2-20220804-6354275  User: oesteban  Machine: dna065  Platform: Linux  PlatformVersion: 5.14.0-427.37.1.el9_4.x86_64  CompilerName: GCC  CompilerVersion: 8.4.0
ProgramName: mri_matrix_multiply  ProgramArguments: mri_matrix_multiply -all-info  ProgramVersion: 7.3.2  TimeStamp: 2026/03/15-09:15:30-GMT  BuildTime: Aug  4 2022 06:17:15  BuildStamp: freesurfer-linux-ubuntu22_x86_64-7.3.2-20220804-6354275  User: oesteban  Machine: dna065  Platform: Linux  PlatformVersion: 5.14.0-427.37.1.el9_4.x86_64  CompilerName: GCC  CompilerVersion: 8.4.0
ProgramName: mri_normalize  ProgramArguments: mri_normalize -all-info  ProgramVersion: 7.3.2  TimeStamp: 2026/03/15-09:15:30-GMT  BuildTime: Aug  4 2022 06:17:15  BuildStamp: freesurfer-linux-ubuntu22_x86_64-7.3.2-20220804-6354275  User: oesteban  Machine: dna065  Platform: Linux  PlatformVersion: 5.14.0-427.37.1.el9_4.x86_64  CompilerName: GCC  CompilerVersion: 8.4.0
ProgramName: mri_normalize_tp2  ProgramArguments: mri_normalize_tp2 -all-info  ProgramVersion: 7.3.2  TimeStamp: 2026/03/15-09:15:30-GMT  BuildTime: Aug  4 2022 06:17:15  BuildStamp: freesurfer-linux-ubuntu22_x86_64-7.3.2-20220804-6354275  User: oesteban  Machine: dna065  Platform: Linux  PlatformVersion: 5.14.0-427.37.1.el9_4.x86_64  CompilerName: GCC  CompilerVersion: 8.4.0
ProgramName: mri_or  ProgramArguments: mri_or -all-info  ProgramVersion: 7.3.2  TimeStamp: 2026/03/15-09:15:30-GMT  BuildTime: Aug  4 2022 06:17:15  BuildStamp: freesurfer-linux-ubuntu22_x86_64-7.3.2-20220804-6354275  User: oesteban  Machine: dna065  Platform: Linux  PlatformVersion: 5.14.0-427.37.1.el9_4.x86_64  CompilerName: GCC  CompilerVersion: 8.4.0
ProgramName: mri_relabel_hypointensities  ProgramArguments: mri_relabel_hypointensities -all-info  ProgramVersion: 7.3.2  TimeStamp: 2026/03/15-09:15:30-GMT  BuildTime: Aug  4 2022 06:17:15  BuildStamp: freesurfer-linux-ubuntu22_x86_64-7.3.2-20220804-6354275  User: oesteban  Machine: dna065  Platform: Linux  PlatformVersion: 5.14.0-427.37.1.el9_4.x86_64  CompilerName: GCC  CompilerVersion: 8.4.0
ProgramName: mri_relabel_nonwm_hypos  ProgramArguments: mri_relabel_nonwm_hypos -all-info  ProgramVersion: 7.3.2  TimeStamp: 2026/03/15-09:15:30-GMT  BuildTime: Aug  4 2022 06:17:15  BuildStamp: freesurfer-linux-ubuntu22_x86_64-7.3.2-20220804-6354275  User: oesteban  Machine: dna065  Platform: Linux  PlatformVersion: 5.14.0-427.37.1.el9_4.x86_64  CompilerName: GCC  CompilerVersion: 8.4.0
ProgramName: mri_remove_neck  ProgramArguments: mri_remove_neck -all-info  ProgramVersion: 7.3.2  TimeStamp: 2026/03/15-09:15:30-GMT  BuildTime: Aug  4 2022 06:17:15  BuildStamp: freesurfer-linux-ubuntu22_x86_64-7.3.2-20220804-6354275  User: oesteban  Machine: dna065  Platform: Linux  PlatformVersion: 5.14.0-427.37.1.el9_4.x86_64  CompilerName: GCC  CompilerVersion: 8.4.0
7.3.2

ProgramName: mri_robust_register  ProgramArguments: mri_robust_register -all-info  ProgramVersion: 7.3.2  TimeStamp: 2026/03/15-09:15:30-GMT  BuildTime: Aug  4 2022 06:17:15  BuildStamp: freesurfer-linux-ubuntu22_x86_64-7.3.2-20220804-6354275  User: oesteban  Machine: dna065  Platform: Linux  PlatformVersion: 5.14.0-427.37.1.el9_4.x86_64  CompilerName: GCC  CompilerVersion: 8.4.0
7.3.2

ProgramName: mri_robust_template  ProgramArguments: mri_robust_template -all-info  ProgramVersion: 7.3.2  TimeStamp: 2026/03/15-09:15:30-GMT  BuildTime: Aug  4 2022 06:17:15  BuildStamp: freesurfer-linux-ubuntu22_x86_64-7.3.2-20220804-6354275  User: oesteban  Machine: dna065  Platform: Linux  PlatformVersion: 5.14.0-427.37.1.el9_4.x86_64  CompilerName: GCC  CompilerVersion: 8.4.0
ProgramName: mris_anatomical_stats  ProgramArguments: mris_anatomical_stats -all-info  ProgramVersion: 7.3.2  TimeStamp: 2026/03/15-09:15:30-GMT  BuildTime: Aug  4 2022 06:17:15  BuildStamp: freesurfer-linux-ubuntu22_x86_64-7.3.2-20220804-6354275  User: oesteban  Machine: dna065  Platform: Linux  PlatformVersion: 5.14.0-427.37.1.el9_4.x86_64  CompilerName: GCC  CompilerVersion: 8.4.0
ProgramName: mris_ca_label  ProgramArguments: mris_ca_label -all-info  ProgramVersion: 7.3.2  TimeStamp: 2026/03/15-09:15:30-GMT  BuildTime: Aug  4 2022 06:17:15  BuildStamp: freesurfer-linux-ubuntu22_x86_64-7.3.2-20220804-6354275  User: oesteban  Machine: dna065  Platform: Linux  PlatformVersion: 5.14.0-427.37.1.el9_4.x86_64  CompilerName: GCC  CompilerVersion: 8.4.0
ProgramName: mris_calc  ProgramArguments: mris_calc -all-info  ProgramVersion: 7.3.2  TimeStamp: 2026/03/15-09:15:30-GMT  BuildTime: Aug  4 2022 06:17:15  BuildStamp: freesurfer-linux-ubuntu22_x86_64-7.3.2-20220804-6354275  User: oesteban  Machine: dna065  Platform: Linux  PlatformVersion: 5.14.0-427.37.1.el9_4.x86_64  CompilerName: GCC  CompilerVersion: 8.4.0
ProgramName: mris_convert  ProgramArguments: mris_convert -all-info  ProgramVersion: 7.3.2  TimeStamp: 2026/03/15-09:15:30-GMT  BuildTime: Aug  4 2022 06:17:15  BuildStamp: freesurfer-linux-ubuntu22_x86_64-7.3.2-20220804-6354275  User: oesteban  Machine: dna065  Platform: Linux  PlatformVersion: 5.14.0-427.37.1.el9_4.x86_64  CompilerName: GCC  CompilerVersion: 8.4.0
ProgramName: mris_curvature  ProgramArguments: mris_curvature -all-info  ProgramVersion: 7.3.2  TimeStamp: 2026/03/15-09:15:30-GMT  BuildTime: Aug  4 2022 06:17:15  BuildStamp: freesurfer-linux-ubuntu22_x86_64-7.3.2-20220804-6354275  User: oesteban  Machine: dna065  Platform: Linux  PlatformVersion: 5.14.0-427.37.1.el9_4.x86_64  CompilerName: GCC  CompilerVersion: 8.4.0
ProgramName: mris_curvature_stats  ProgramArguments: mris_curvature_stats -all-info  ProgramVersion: 7.3.2  TimeStamp: 2026/03/15-09:15:30-GMT  BuildTime: Aug  4 2022 06:17:15  BuildStamp: freesurfer-linux-ubuntu22_x86_64-7.3.2-20220804-6354275  User: oesteban  Machine: dna065  Platform: Linux  PlatformVersion: 5.14.0-427.37.1.el9_4.x86_64  CompilerName: GCC  CompilerVersion: 8.4.0
ProgramName: mris_diff  ProgramArguments: mris_diff -all-info  ProgramVersion: 7.3.2  TimeStamp: 2026/03/15-09:15:30-GMT  BuildTime: Aug  4 2022 06:17:15  BuildStamp: freesurfer-linux-ubuntu22_x86_64-7.3.2-20220804-6354275  User: oesteban  Machine: dna065  Platform: Linux  PlatformVersion: 5.14.0-427.37.1.el9_4.x86_64  CompilerName: GCC  CompilerVersion: 8.4.0
ProgramName: mris_divide_parcellation  ProgramArguments: mris_divide_parcellation -all-info  ProgramVersion: 7.3.2  TimeStamp: 2026/03/15-09:15:30-GMT  BuildTime: Aug  4 2022 06:17:15  BuildStamp: freesurfer-linux-ubuntu22_x86_64-7.3.2-20220804-6354275  User: oesteban  Machine: dna065  Platform: Linux  PlatformVersion: 5.14.0-427.37.1.el9_4.x86_64  CompilerName: GCC  CompilerVersion: 8.4.0
ProgramName: mri_segment  ProgramArguments: mri_segment -all-info  ProgramVersion: 7.3.2  TimeStamp: 2026/03/15-09:15:30-GMT  BuildTime: Aug  4 2022 06:17:15  BuildStamp: freesurfer-linux-ubuntu22_x86_64-7.3.2-20220804-6354275  User: oesteban  Machine: dna065  Platform: Linux  PlatformVersion: 5.14.0-427.37.1.el9_4.x86_64  CompilerName: GCC  CompilerVersion: 8.4.0
ProgramName: mri_segstats  ProgramArguments: mri_segstats -all-info  ProgramVersion: 7.3.2  TimeStamp: 2026/03/15-09:15:30-GMT  BuildTime: Aug  4 2022 06:17:15  BuildStamp: freesurfer-linux-ubuntu22_x86_64-7.3.2-20220804-6354275  User: oesteban  Machine: dna065  Platform: Linux  PlatformVersion: 5.14.0-427.37.1.el9_4.x86_64  CompilerName: GCC  CompilerVersion: 8.4.0
ProgramName: mris_euler_number  ProgramArguments: mris_euler_number -all-info  ProgramVersion: 7.3.2  TimeStamp: 2026/03/15-09:15:30-GMT  BuildTime: Aug  4 2022 06:17:15  BuildStamp: freesurfer-linux-ubuntu22_x86_64-7.3.2-20220804-6354275  User: oesteban  Machine: dna065  Platform: Linux  PlatformVersion: 5.14.0-427.37.1.el9_4.x86_64  CompilerName: GCC  CompilerVersion: 8.4.0
ProgramName: mris_fix_topology  ProgramArguments: mris_fix_topology -all-info  ProgramVersion: 7.3.2  TimeStamp: 2026/03/15-09:15:30-GMT  BuildTime: Aug  4 2022 06:17:15  BuildStamp: freesurfer-linux-ubuntu22_x86_64-7.3.2-20220804-6354275  User: oesteban  Machine: dna065  Platform: Linux  PlatformVersion: 5.14.0-427.37.1.el9_4.x86_64  CompilerName: GCC  CompilerVersion: 8.4.0
ProgramName: mris_topo_fixer  ProgramArguments: mris_topo_fixer -all-info  ProgramVersion: 7.3.2  TimeStamp: 2026/03/15-09:15:30-GMT  BuildTime: Aug  4 2022 06:17:15  BuildStamp: freesurfer-linux-ubuntu22_x86_64-7.3.2-20220804-6354275  User: oesteban  Machine: dna065  Platform: Linux  PlatformVersion: 5.14.0-427.37.1.el9_4.x86_64  CompilerName: GCC  CompilerVersion: 8.4.0
ProgramName: mris_jacobian  ProgramArguments: mris_jacobian -all-info  ProgramVersion: 7.3.2  TimeStamp: 2026/03/15-09:15:30-GMT  BuildTime: Aug  4 2022 06:17:15  BuildStamp: freesurfer-linux-ubuntu22_x86_64-7.3.2-20220804-6354275  User: oesteban  Machine: dna065  Platform: Linux  PlatformVersion: 5.14.0-427.37.1.el9_4.x86_64  CompilerName: GCC  CompilerVersion: 8.4.0
ProgramName: mris_label2annot  ProgramArguments: mris_label2annot -all-info  ProgramVersion: 7.3.2  TimeStamp: 2026/03/15-09:15:30-GMT  BuildTime: Aug  4 2022 06:17:15  BuildStamp: freesurfer-linux-ubuntu22_x86_64-7.3.2-20220804-6354275  User: oesteban  Machine: dna065  Platform: Linux  PlatformVersion: 5.14.0-427.37.1.el9_4.x86_64  CompilerName: GCC  CompilerVersion: 8.4.0
ProgramName: mris_left_right_register  ProgramArguments: mris_left_right_register -all-info  ProgramVersion: 7.3.2  TimeStamp: 2026/03/15-09:15:30-GMT  BuildTime: Aug  4 2022 06:17:15  BuildStamp: freesurfer-linux-ubuntu22_x86_64-7.3.2-20220804-6354275  User: oesteban  Machine: dna065  Platform: Linux  PlatformVersion: 5.14.0-427.37.1.el9_4.x86_64  CompilerName: GCC  CompilerVersion: 8.4.0
ProgramName: mris_place_surface  ProgramArguments: mris_place_surface -all-info  ProgramVersion: 7.3.2  TimeStamp: 2026/03/15-09:15:30-GMT  BuildTime: Aug  4 2022 06:17:15  BuildStamp: freesurfer-linux-ubuntu22_x86_64-7.3.2-20220804-6354275  User: oesteban  Machine: dna065  Platform: Linux  PlatformVersion: 5.14.0-427.37.1.el9_4.x86_64  CompilerName: GCC  CompilerVersion: 8.4.0
ProgramName: mrisp_paint  ProgramArguments: mrisp_paint -all-info  ProgramVersion: 7.3.2  TimeStamp: 2026/03/15-09:15:30-GMT  BuildTime: Aug  4 2022 06:17:15  BuildStamp: freesurfer-linux-ubuntu22_x86_64-7.3.2-20220804-6354275  User: oesteban  Machine: dna065  Platform: Linux  PlatformVersion: 5.14.0-427.37.1.el9_4.x86_64  CompilerName: GCC  CompilerVersion: 8.4.0
ProgramName: mris_register  ProgramArguments: mris_register -all-info  ProgramVersion: 7.3.2  TimeStamp: 2026/03/15-09:15:30-GMT  BuildTime: Aug  4 2022 06:17:15  BuildStamp: freesurfer-linux-ubuntu22_x86_64-7.3.2-20220804-6354275  User: oesteban  Machine: dna065  Platform: Linux  PlatformVersion: 5.14.0-427.37.1.el9_4.x86_64  CompilerName: GCC  CompilerVersion: 8.4.0
ProgramName: mris_smooth  ProgramArguments: mris_smooth -all-info  ProgramVersion: 7.3.2  TimeStamp: 2026/03/15-09:15:30-GMT  BuildTime: Aug  4 2022 06:17:15  BuildStamp: freesurfer-linux-ubuntu22_x86_64-7.3.2-20220804-6354275  User: oesteban  Machine: dna065  Platform: Linux  PlatformVersion: 5.14.0-427.37.1.el9_4.x86_64  CompilerName: GCC  CompilerVersion: 8.4.0
ProgramName: mris_sphere  ProgramArguments: mris_sphere -all-info  ProgramVersion: 7.3.2  TimeStamp: 2026/03/15-09:15:30-GMT  BuildTime: Aug  4 2022 06:17:15  BuildStamp: freesurfer-linux-ubuntu22_x86_64-7.3.2-20220804-6354275  User: oesteban  Machine: dna065  Platform: Linux  PlatformVersion: 5.14.0-427.37.1.el9_4.x86_64  CompilerName: GCC  CompilerVersion: 8.4.0
ProgramName: mris_surface_stats  ProgramArguments: mris_surface_stats -all-info  ProgramVersion: 7.3.2  TimeStamp: 2026/03/15-09:15:30-GMT  BuildTime: Aug  4 2022 06:17:15  BuildStamp: freesurfer-linux-ubuntu22_x86_64-7.3.2-20220804-6354275  User: oesteban  Machine: dna065  Platform: Linux  PlatformVersion: 5.14.0-427.37.1.el9_4.x86_64  CompilerName: GCC  CompilerVersion: 8.4.0
ProgramName: mri_stats2seg  ProgramArguments: mri_stats2seg -all-info  ProgramVersion: 7.3.2  TimeStamp: 2026/03/15-09:15:30-GMT  BuildTime: Aug  4 2022 06:17:15  BuildStamp: freesurfer-linux-ubuntu22_x86_64-7.3.2-20220804-6354275  User: oesteban  Machine: dna065  Platform: Linux  PlatformVersion: 5.14.0-427.37.1.el9_4.x86_64  CompilerName: GCC  CompilerVersion: 8.4.0
ProgramName: mris_thickness  ProgramArguments: mris_thickness -all-info  ProgramVersion: 7.3.2  TimeStamp: 2026/03/15-09:15:30-GMT  BuildTime: Aug  4 2022 06:17:15  BuildStamp: freesurfer-linux-ubuntu22_x86_64-7.3.2-20220804-6354275  User: oesteban  Machine: dna065  Platform: Linux  PlatformVersion: 5.14.0-427.37.1.el9_4.x86_64  CompilerName: GCC  CompilerVersion: 8.4.0
ProgramName: mris_thickness_diff  ProgramArguments: mris_thickness_diff -all-info  ProgramVersion: 7.3.2  TimeStamp: 2026/03/15-09:15:30-GMT  BuildTime: Aug  4 2022 06:17:15  BuildStamp: freesurfer-linux-ubuntu22_x86_64-7.3.2-20220804-6354275  User: oesteban  Machine: dna065  Platform: Linux  PlatformVersion: 5.14.0-427.37.1.el9_4.x86_64  CompilerName: GCC  CompilerVersion: 8.4.0
ProgramName: mris_topo_fixer  ProgramArguments: mris_topo_fixer -all-info  ProgramVersion: 7.3.2  TimeStamp: 2026/03/15-09:15:30-GMT  BuildTime: Aug  4 2022 06:17:15  BuildStamp: freesurfer-linux-ubuntu22_x86_64-7.3.2-20220804-6354275  User: oesteban  Machine: dna065  Platform: Linux  PlatformVersion: 5.14.0-427.37.1.el9_4.x86_64  CompilerName: GCC  CompilerVersion: 8.4.0
ProgramName: mri_surf2surf  ProgramArguments: mri_surf2surf -all-info  ProgramVersion: 7.3.2  TimeStamp: 2026/03/15-09:15:30-GMT  BuildTime: Aug  4 2022 06:17:15  BuildStamp: freesurfer-linux-ubuntu22_x86_64-7.3.2-20220804-6354275  User: oesteban  Machine: dna065  Platform: Linux  PlatformVersion: 5.14.0-427.37.1.el9_4.x86_64  CompilerName: GCC  CompilerVersion: 8.4.0
ProgramName: mri_surf2vol  ProgramArguments: mri_surf2vol -all-info  ProgramVersion: 7.3.2  TimeStamp: 2026/03/15-09:15:30-GMT  BuildTime: Aug  4 2022 06:17:15  BuildStamp: freesurfer-linux-ubuntu22_x86_64-7.3.2-20220804-6354275  User: oesteban  Machine: dna065  Platform: Linux  PlatformVersion: 5.14.0-427.37.1.el9_4.x86_64  CompilerName: GCC  CompilerVersion: 8.4.0
ProgramName: mri_surfcluster  ProgramArguments: mri_surfcluster -all-info  ProgramVersion: 7.3.2  TimeStamp: 2026/03/15-09:15:30-GMT  BuildTime: Aug  4 2022 06:17:15  BuildStamp: freesurfer-linux-ubuntu22_x86_64-7.3.2-20220804-6354275  User: oesteban  Machine: dna065  Platform: Linux  PlatformVersion: 5.14.0-427.37.1.el9_4.x86_64  CompilerName: GCC  CompilerVersion: 8.4.0
ProgramName: mris_volmask  ProgramArguments: mris_volmask -all-info  ProgramVersion: 7.3.2  TimeStamp: 2026/03/15-09:15:30-GMT  BuildTime: Aug  4 2022 06:17:15  BuildStamp: freesurfer-linux-ubuntu22_x86_64-7.3.2-20220804-6354275  User: oesteban  Machine: dna065  Platform: Linux  PlatformVersion: 5.14.0-427.37.1.el9_4.x86_64  CompilerName: GCC  CompilerVersion: 8.4.0
ProgramName: mri_tessellate  ProgramArguments: mri_tessellate -all-info  ProgramVersion: 7.3.2  TimeStamp: 2026/03/15-09:15:30-GMT  BuildTime: Aug  4 2022 06:17:15  BuildStamp: freesurfer-linux-ubuntu22_x86_64-7.3.2-20220804-6354275  User: oesteban  Machine: dna065  Platform: Linux  PlatformVersion: 5.14.0-427.37.1.el9_4.x86_64  CompilerName: GCC  CompilerVersion: 8.4.0
ProgramName: mri_vol2surf  ProgramArguments: mri_vol2surf -all-info  ProgramVersion: 7.3.2  TimeStamp: 2026/03/15-09:15:30-GMT  BuildTime: Aug  4 2022 06:17:15  BuildStamp: freesurfer-linux-ubuntu22_x86_64-7.3.2-20220804-6354275  User: oesteban  Machine: dna065  Platform: Linux  PlatformVersion: 5.14.0-427.37.1.el9_4.x86_64  CompilerName: GCC  CompilerVersion: 8.4.0
ProgramName: mri_vol2vol  ProgramArguments: mri_vol2vol -all-info  ProgramVersion: 7.3.2  TimeStamp: 2026/03/15-09:15:30-GMT  BuildTime: Aug  4 2022 06:17:15  BuildStamp: freesurfer-linux-ubuntu22_x86_64-7.3.2-20220804-6354275  User: oesteban  Machine: dna065  Platform: Linux  PlatformVersion: 5.14.0-427.37.1.el9_4.x86_64  CompilerName: GCC  CompilerVersion: 8.4.0
ProgramName: mri_voldiff  ProgramArguments: mri_voldiff -all-info  ProgramVersion: 7.3.2  TimeStamp: 2026/03/15-09:15:30-GMT  BuildTime: Aug  4 2022 06:17:15  BuildStamp: freesurfer-linux-ubuntu22_x86_64-7.3.2-20220804-6354275  User: oesteban  Machine: dna065  Platform: Linux  PlatformVersion: 5.14.0-427.37.1.el9_4.x86_64  CompilerName: GCC  CompilerVersion: 8.4.0
ProgramName: mri_watershed  ProgramArguments: mri_watershed -all-info  ProgramVersion: 7.3.2  TimeStamp: 2026/03/15-09:15:30-GMT  BuildTime: Aug  4 2022 06:17:15  BuildStamp: freesurfer-linux-ubuntu22_x86_64-7.3.2-20220804-6354275  User: oesteban  Machine: dna065  Platform: Linux  PlatformVersion: 5.14.0-427.37.1.el9_4.x86_64  CompilerName: GCC  CompilerVersion: 8.4.0
ProgramName: tkregister2  ProgramArguments: tkregister2_cmdl -all-info  ProgramVersion: 7.3.2  TimeStamp: 2026/03/15-09:15:30-GMT  BuildTime: Aug  4 2022 06:17:15  BuildStamp: freesurfer-linux-ubuntu22_x86_64-7.3.2-20220804-6354275  User: oesteban  Machine: dna065  Platform: Linux  PlatformVersion: 5.14.0-427.37.1.el9_4.x86_64  CompilerName: GCC  CompilerVersion: 8.4.0
mri_motion_correct.fsl 7.3.2
mri_convert -all-info 
ProgramName: mri_convert  ProgramArguments: mri_convert -all-info  ProgramVersion: 7.3.2  TimeStamp: 2026/03/15-09:15:30-GMT  BuildTime: Aug  4 2022 06:17:15  BuildStamp: freesurfer-linux-ubuntu22_x86_64-7.3.2-20220804-6354275  User: oesteban  Machine: dna065  Platform: Linux  PlatformVersion: 5.14.0-427.37.1.el9_4.x86_64  CompilerName: GCC  CompilerVersion: 8.4.0
Program nu_correct, built from:
Package MNI N3, version 1.12.0, compiled by nicks@terrier (x86_64-unknown-linux-gnu) on 2015-06-19 at 01:25:34
#######################################
GCADIR /opt/freesurfer/average
GCA RB_all_2020-01-02.gca
GCASkull RB_all_withskull_2020_01_02.gca
AvgCurvTif folding.atlas.acfb40.noaparc.i12.2016-08-02.tif
GCSDIR /opt/freesurfer/average
GCS DKaparc.atlas.acfb40.noaparc.i12.2016-08-02.gcs
#######################################
#--------------------------------------------
#@# AutoDetGWStats lh Sun Mar 15 10:15:30 CET 2026
cd /out/sourcedata/freesurfer/sub-v2s10x28920_ses-1/mri
mris_autodet_gwstats --o ../surf/autodet.gw.stats.lh.dat --i brain.finalsurfs.mgz --wm wm.mgz --surf ../surf/lh.orig.premesh
  Update not needed
#--------------------------------------------
#@# WhitePreAparc lh Sun Mar 15 10:15:30 CET 2026
cd /out/sourcedata/freesurfer/sub-v2s10x28920_ses-1/mri
mris_place_surface --adgws-in ../surf/autodet.gw.stats.lh.dat --wm wm.mgz --threads 16 --invol brain.finalsurfs.mgz --lh --i ../surf/lh.orig --o ../surf/lh.white.preaparc --white --seg aseg.presurf.mgz --nsmooth 5
   Update not needed
#--------------------------------------------
#@# CortexLabel lh Sun Mar 15 10:15:30 CET 2026
cd /out/sourcedata/freesurfer/sub-v2s10x28920_ses-1/mri
mri_label2label --label-cortex ../surf/lh.white.preaparc aseg.presurf.mgz 0 ../label/lh.cortex.label
   Update not needed
#--------------------------------------------
#@# CortexLabel+HipAmyg lh Sun Mar 15 10:15:30 CET 2026
cd /out/sourcedata/freesurfer/sub-v2s10x28920_ses-1/mri
mri_label2label --label-cortex ../surf/lh.white.preaparc aseg.presurf.mgz 1 ../label/lh.cortex+hipamyg.label
   Update not needed
#@# white curv lh Sun Mar 15 10:15:30 CET 2026
cd /out/sourcedata/freesurfer/sub-v2s10x28920_ses-1/mri
mris_place_surface --curv-map ../surf/lh.white 2 10 ../surf/lh.curv
   Update not needed
#@# white area lh Sun Mar 15 10:15:30 CET 2026
cd /out/sourcedata/freesurfer/sub-v2s10x28920_ses-1/mri
mris_place_surface --area-map ../surf/lh.white ../surf/lh.area
   Update not needed
#@# pial curv lh Sun Mar 15 10:15:30 CET 2026
cd /out/sourcedata/freesurfer/sub-v2s10x28920_ses-1/mri
mris_place_surface --curv-map ../surf/lh.pial 2 10 ../surf/lh.curv.pial
   Update not needed
#@# pial area lh Sun Mar 15 10:15:30 CET 2026
cd /out/sourcedata/freesurfer/sub-v2s10x28920_ses-1/mri
mris_place_surface --area-map ../surf/lh.pial ../surf/lh.area.pial
   Update not needed
#@# thickness lh Sun Mar 15 10:15:30 CET 2026
cd /out/sourcedata/freesurfer/sub-v2s10x28920_ses-1/mri
mris_place_surface --thickness ../surf/lh.white ../surf/lh.pial 20 5 ../surf/lh.thickness
   Update not needed
#@# area and vertex vol lh Sun Mar 15 10:15:30 CET 2026
cd /out/sourcedata/freesurfer/sub-v2s10x28920_ses-1/mri
mris_place_surface --thickness ../surf/lh.white ../surf/lh.pial 20 5 ../surf/lh.thickness
   Update not needed
#-----------------------------------------
#@# Parcellation Stats lh Sun Mar 15 10:15:30 CET 2026
/out/sourcedata/freesurfer/sub-v2s10x28920_ses-1/scripts

 mris_anatomical_stats -th3 -mgz -noglobal -cortex ../label/lh.cortex.label -f ../stats/lh.aparc.stats -b -a ../label/lh.aparc.annot -c ../label/aparc.annot.ctab sub-v2s10x28920_ses-1 lh white 

computing statistics for each annotation in ../label/lh.aparc.annot.
reading volume /out/sourcedata/freesurfer/sub-v2s10x28920_ses-1/mri/wm.mgz...
reading input surface /out/sourcedata/freesurfer/sub-v2s10x28920_ses-1/surf/lh.white...
reading input pial surface /out/sourcedata/freesurfer/sub-v2s10x28920_ses-1/surf/lh.pial...
reading input white surface /out/sourcedata/freesurfer/sub-v2s10x28920_ses-1/surf/lh.white...
INFO: using TH3 volume calc
INFO: assuming MGZ format for volumes.
INFO: not computing global stats
INFO: using ../label/lh.cortex.label as mask to calc cortex NumVert, SurfArea and MeanThickness.
Using TH3 vertex volume calc
Total face volume 285938
Total vertex volume 285715 (mask=0)
Saving annotation colortable ../label/aparc.annot.ctab

table columns are:
    number of vertices
    total surface area (mm^2)
    total gray matter volume (mm^3)
    average cortical thickness +- standard deviation (mm)
    integrated rectified mean curvature
    integrated rectified Gaussian curvature
    folding index
    intrinsic curvature index
    structure name

 1679   1083   3026  2.848 0.448     0.076     0.011        6     0.7  bankssts
 1052    732   1742  2.531 0.549     0.131     0.017       16     0.8  caudalanteriorcingulate
 3972   2768   8631  2.803 0.546     0.113     0.019       37     3.2  caudalmiddlefrontal
 2069   1353   2845  1.958 0.520     0.116     0.020       20     1.9  cuneus
  879    552   2565  3.419 0.983     0.109     0.037       12     1.2  entorhinal
 4780   3188  10249  2.958 0.612     0.111     0.024       45     4.6  fusiform
 7694   5368  16944  2.735 0.649     0.113     0.020       78     6.4  inferiorparietal
 5482   3796  13654  3.072 0.751     0.116     0.026       63     6.0  inferiortemporal
 1496    984   3151  2.784 0.850     0.118     0.024       17     1.4  isthmuscingulate
 7791   5151  13535  2.353 0.650     0.127     0.027       88     8.7  lateraloccipital
 4024   2784   8557  2.992 0.792     0.129     0.036       59     6.1  lateralorbitofrontal
 4428   2995   7051  2.125 0.781     0.122     0.025       42     4.8  lingual
 2662   1867   5368  2.692 0.851     0.125     0.032       36     3.8  medialorbitofrontal
 5415   3616  15025  3.265 0.748     0.106     0.020       55     4.3  middletemporal
 1092    689   2393  2.948 0.647     0.075     0.014        8     0.5  parahippocampal
 2385   1478   4018  2.494 0.533     0.095     0.017       16     1.7  paracentral
 2740   1883   6015  2.779 0.549     0.103     0.017       30     1.8  parsopercularis
 1005    728   3012  3.193 0.732     0.135     0.027       19     1.1  parsorbitalis
 2349   1574   4912  2.737 0.609     0.098     0.015       19     1.5  parstriangularis
 1725   1155   1727  1.704 0.435     0.112     0.022       14     1.5  pericalcarine
 6347   4243  11574  2.397 0.837     0.106     0.018       58     4.9  postcentral
 1711   1181   3739  2.733 0.884     0.113     0.020       17     1.6  posteriorcingulate
 7891   5176  15072  2.641 0.609     0.096     0.014       53     4.8  precentral
 5632   3833  11738  2.806 0.635     0.112     0.021       52     5.0  precuneus
 1320    947   3259  2.764 0.907     0.130     0.031       20     1.7  rostralanteriorcingulate
 8273   5930  17572  2.475 0.722     0.124     0.026      125     8.9  rostralmiddlefrontal
11611   8320  29694  2.965 0.666     0.119     0.024      131    11.8  superiorfrontal
 8352   5754  15499  2.369 0.625     0.113     0.020       80     7.4  superiorparietal
 6469   4187  14950  3.186 0.646     0.094     0.015       50     4.3  superiortemporal
 6497   4488  14956  2.988 0.631     0.118     0.022       69     6.0  supramarginal
  368    274   1205  2.661 0.775     0.145     0.048       11     0.7  frontalpole
  734    458   1960  3.180 1.097     0.112     0.033       10     1.0  temporalpole
  734    453   1424  2.794 0.344     0.094     0.013        5     0.3  transversetemporal
 3917   2691   8651  3.267 0.821     0.110     0.026       36     4.0  insula

 mris_anatomical_stats -th3 -mgz -noglobal -cortex ../label/lh.cortex.label -f ../stats/lh.aparc.pial.stats -b -a ../label/lh.aparc.annot -c ../label/aparc.annot.ctab sub-v2s10x28920_ses-1 lh pial 

computing statistics for each annotation in ../label/lh.aparc.annot.
reading volume /out/sourcedata/freesurfer/sub-v2s10x28920_ses-1/mri/wm.mgz...
reading input surface /out/sourcedata/freesurfer/sub-v2s10x28920_ses-1/surf/lh.pial...
reading input pial surface /out/sourcedata/freesurfer/sub-v2s10x28920_ses-1/surf/lh.pial...
reading input white surface /out/sourcedata/freesurfer/sub-v2s10x28920_ses-1/surf/lh.white...
INFO: using TH3 volume calc
INFO: assuming MGZ format for volumes.
INFO: not computing global stats
INFO: using ../label/lh.cortex.label as mask to calc cortex NumVert, SurfArea and MeanThickness.
Using TH3 vertex volume calc
Total face volume 285938
Total vertex volume 285715 (mask=0)
Saving annotation colortable ../label/aparc.annot.ctab

table columns are:
    number of vertices
    total surface area (mm^2)
    total gray matter volume (mm^3)
    average cortical thickness +- standard deviation (mm)
    integrated rectified mean curvature
    integrated rectified Gaussian curvature
    folding index
    intrinsic curvature index
    structure name

 1679   1029   3026  2.848 0.448     0.093     0.020       14     1.6  bankssts
 1052    702   1742  2.531 0.549     0.158     0.052       99     1.8  caudalanteriorcingulate
 3972   3310   8631  2.803 0.546     0.128     0.028       45     4.2  caudalmiddlefrontal
 2069   1646   2845  1.958 0.520     0.123     0.026       31     2.2  cuneus
  879   1008   2565  3.419 0.983     0.266     0.083       26     4.1  entorhinal
 4780   3768  10249  2.958 0.612     0.141     0.036      132     7.1  fusiform
 7694   6779  16944  2.735 0.649     0.139     0.030       92     9.3  inferiorparietal
 5482   5014  13654  3.072 0.751     0.141     0.037       96     7.0  inferiortemporal
 1496   1274   3151  2.784 0.850     0.161     0.048       55     2.7  isthmuscingulate
 7791   6350  13535  2.353 0.650     0.128     0.030      267     9.4  lateraloccipital
 4024   2970   8557  2.992 0.792     0.132     0.045      200     7.9  lateralorbitofrontal
 4428   3764   7051  2.125 0.781     0.143     0.036       62     6.7  lingual
 2662   2217   5368  2.692 0.851     0.142     0.034       48     3.8  medialorbitofrontal
 5415   5334  15025  3.265 0.748     0.140     0.030       85     6.4  middletemporal
 1092    961   2393  2.948 0.647     0.130     0.032        9     1.5  parahippocampal
 2385   1774   4018  2.494 0.533     0.109     0.023       19     2.3  paracentral
 2740   2372   6015  2.779 0.549     0.131     0.025       29     3.1  parsopercularis
 1005   1125   3012  3.193 0.732     0.180     0.041       15     1.6  parsorbitalis
 2349   1940   4912  2.737 0.609     0.119     0.023       48     2.2  parstriangularis
 1725    955   1727  1.704 0.435     0.103     0.027       53     2.1  pericalcarine
 6347   5366  11574  2.397 0.837     0.125     0.024      735     5.7  postcentral
 1711   1495   3739  2.733 0.884     0.166     0.046      101     3.1  posteriorcingulate
 7891   5968  15072  2.641 0.609     0.107     0.021       84     6.4  precentral
 5632   4452  11738  2.806 0.635     0.167     0.070    73271     7.7  precuneus
 1320   1293   3259  2.764 0.907     0.188     0.053      155     3.1  rostralanteriorcingulate
 8273   7966  17572  2.475 0.722     0.162     0.032      138    11.8  rostralmiddlefrontal
11611  11153  29694  2.965 0.666     0.155     0.033      185    16.1  superiorfrontal
 8352   7059  15499  2.369 0.625     0.134     0.027      102     9.5  superiorparietal
 6469   5118  14950  3.186 0.646     0.123     0.029       91     7.6  superiortemporal
 6497   5373  14956  2.988 0.631     0.133     0.032      120     8.2  supramarginal
  368    583   1205  2.661 0.775     0.225     0.038        4     0.7  frontalpole
  734    757   1960  3.180 1.097     0.131     0.027        7     0.8  temporalpole
  734    578   1424  2.794 0.344     0.101     0.020        4     0.6  transversetemporal
 3917   2516   8651  3.267 0.821     0.134     0.039       93     6.1  insula
#-----------------------------------------
#@# Parcellation Stats 2 lh Sun Mar 15 10:15:46 CET 2026
/out/sourcedata/freesurfer/sub-v2s10x28920_ses-1/scripts

 mris_anatomical_stats -th3 -mgz -noglobal -cortex ../label/lh.cortex.label -f ../stats/lh.aparc.a2009s.stats -b -a ../label/lh.aparc.a2009s.annot -c ../label/aparc.annot.a2009s.ctab sub-v2s10x28920_ses-1 lh white 

computing statistics for each annotation in ../label/lh.aparc.a2009s.annot.
reading volume /out/sourcedata/freesurfer/sub-v2s10x28920_ses-1/mri/wm.mgz...
reading input surface /out/sourcedata/freesurfer/sub-v2s10x28920_ses-1/surf/lh.white...
reading input pial surface /out/sourcedata/freesurfer/sub-v2s10x28920_ses-1/surf/lh.pial...
reading input white surface /out/sourcedata/freesurfer/sub-v2s10x28920_ses-1/surf/lh.white...
INFO: using TH3 volume calc
INFO: assuming MGZ format for volumes.
INFO: not computing global stats
INFO: using ../label/lh.cortex.label as mask to calc cortex NumVert, SurfArea and MeanThickness.
Using TH3 vertex volume calc
Total face volume 285938
Total vertex volume 285715 (mask=0)
Saving annotation colortable ../label/aparc.annot.a2009s.ctab

table columns are:
    number of vertices
    total surface area (mm^2)
    total gray matter volume (mm^3)
    average cortical thickness +- standard deviation (mm)
    integrated rectified mean curvature
    integrated rectified Gaussian curvature
    folding index
    intrinsic curvature index
    structure name

 1244    889   2096  1.996 0.594     0.125     0.027       23     1.4  G_and_S_frontomargin
 1587   1076   3485  2.772 0.552     0.126     0.029       17     2.0  G_and_S_occipital_inf
 1836   1146   3074  2.262 0.519     0.102     0.017       18     1.4  G_and_S_paracentral
 1533   1017   3975  3.215 0.574     0.119     0.024       18     1.5  G_and_S_subcentral
  775    570   2266  2.697 0.831     0.148     0.045       20     1.3  G_and_S_transv_frontopol
 2336   1712   5524  2.986 0.567     0.123     0.025       25     2.6  G_and_S_cingul-Ant
 1626   1119   3044  2.728 0.433     0.107     0.015       13     1.2  G_and_S_cingul-Mid-Ant
 1268    854   2711  2.775 0.690     0.097     0.016        8     0.9  G_and_S_cingul-Mid-Post
  563    387   1821  3.368 0.735     0.137     0.027        8     0.7  G_cingul-Post-dorsal
  339    205    799  3.092 0.842     0.106     0.024        3     0.3  G_cingul-Post-ventral
 1875   1249   2753  1.890 0.545     0.123     0.022       21     1.9  G_cuneus
 1441    964   3843  2.980 0.488     0.099     0.020       16     1.1  G_front_inf-Opercular
  461    316   1540  3.273 0.473     0.135     0.027        9     0.6  G_front_inf-Orbital
 1470    994   3765  2.878 0.612     0.118     0.022       23     1.3  G_front_inf-Triangul
 4617   3417  13161  2.841 0.687     0.129     0.027       80     5.0  G_front_middle
 7892   5702  22933  3.093 0.680     0.129     0.028      111     9.3  G_front_sup
  672    470   1731  3.624 0.636     0.118     0.027        8     0.6  G_Ins_lg_and_S_cent_ins
  722    494   2658  3.937 0.722     0.114     0.027       10     0.8  G_insular_short
 2424   1616   5733  2.775 0.641     0.127     0.025       32     2.4  G_occipital_middle
 1660   1101   3126  2.374 0.662     0.119     0.024       18     1.7  G_occipital_sup
 1704   1147   4914  3.201 0.586     0.128     0.029       25     2.1  G_oc-temp_lat-fusifor
 3107   2097   5055  1.991 0.804     0.136     0.029       37     4.1  G_oc-temp_med-Lingual
 1541    973   4153  3.179 0.846     0.100     0.029       19     1.6  G_oc-temp_med-Parahip
 2299   1537   6161  3.042 0.842     0.123     0.034       37     3.0  G_orbital
 3077   2249   8965  2.982 0.663     0.132     0.027       46     3.3  G_pariet_inf-Angular
 3096   2139   8628  3.071 0.611     0.123     0.022       43     2.9  G_pariet_inf-Supramar
 2871   2077   6844  2.511 0.675     0.120     0.021       34     2.7  G_parietal_sup
 2163   1445   4673  2.532 0.634     0.118     0.022       25     2.1  G_postcentral
 2753   1835   7136  2.895 0.483     0.105     0.017       24     2.0  G_precentral
 2644   1815   7412  2.980 0.682     0.126     0.025       37     2.8  G_precuneus
 1060    714   2569  2.614 1.052     0.134     0.042       22     2.1  G_rectus
  839    553   1251  2.276 0.838     0.140     0.050       11     1.7  G_subcallosal
  586    333   1253  2.919 0.402     0.090     0.012        4     0.3  G_temp_sup-G_T_transv
 2073   1264   6405  3.514 0.585     0.108     0.021       27     1.8  G_temp_sup-Lateral
  875    556   2186  3.637 0.629     0.063     0.008        2     0.3  G_temp_sup-Plan_polar
 1312    889   3102  3.040 0.580     0.093     0.017       10     1.0  G_temp_sup-Plan_tempo
 3200   2227   9439  3.081 0.840     0.131     0.034       51     4.6  G_temporal_inf
 2832   1876   9853  3.603 0.730     0.118     0.024       39     2.6  G_temporal_middle
  354    227    470  2.529 0.343     0.074     0.006        1     0.1  Lat_Fis-ant-Horizont
  479    317    660  2.368 0.475     0.074     0.006        1     0.1  Lat_Fis-ant-Vertical
 1270    857   1851  2.841 0.643     0.101     0.016        7     0.9  Lat_Fis-post
 2428   1544   3498  1.977 0.506     0.131     0.031       31     3.0  Pole_occipital
 1624   1035   4634  3.340 0.941     0.116     0.033       21     2.0  Pole_temporal
 2158   1449   2711  2.159 0.820     0.107     0.021       16     1.9  S_calcarine
 3427   2271   3645  1.799 0.504     0.087     0.012       16     1.8  S_central
 1287    867   2027  2.611 0.530     0.095     0.016        6     0.9  S_cingul-Marginalis
  507    343    872  3.039 0.639     0.082     0.012        2     0.2  S_circular_insula_ant
 1555   1035   2616  3.066 0.757     0.079     0.015        5     1.1  S_circular_insula_inf
 1952   1313   3201  3.005 0.441     0.095     0.015       10     1.3  S_circular_insula_sup
 1062    715   1777  3.110 0.601     0.096     0.015        5     0.7  S_collat_transv_ant
  524    358    643  2.226 0.417     0.109     0.015        3     0.4  S_collat_transv_post
 2825   1960   4824  2.482 0.553     0.106     0.018       20     2.1  S_front_inf
 1169    810   1574  2.130 0.545     0.112     0.021        9     1.1  S_front_middle
 2841   1952   4879  2.614 0.561     0.098     0.017       17     1.9  S_front_sup
  701    488   1732  3.471 0.577     0.134     0.033        7     1.0  S_interm_prim-Jensen
 3276   2147   4466  2.217 0.516     0.087     0.012       14     1.7  S_intrapariet_and_P_trans
 1030    736   1307  2.095 0.389     0.128     0.023        8     1.0  S_oc_middle_and_Lunatus
 1598   1083   2246  2.309 0.534     0.098     0.016        9     1.1  S_oc_sup_and_transversal
  706    485    981  2.552 0.523     0.109     0.017        5     0.6  S_occipital_ant
 1209    814   2024  2.915 0.459     0.096     0.019        6     0.9  S_oc-temp_lat
 2622   1750   4019  2.475 0.507     0.092     0.015       14     1.6  S_oc-temp_med_and_Lingual
  609    443   1142  2.413 0.715     0.141     0.028       10     0.8  S_orbital_lateral
  759    675   1119  2.209 0.660     0.214     0.069       25     2.3  S_orbital_med-olfact
 1555   1078   3402  3.232 0.701     0.110     0.022       11     1.5  S_orbital-H_Shaped
 2154   1458   3381  2.539 0.617     0.110     0.019       16     1.8  S_parieto_occipital
 1389    918   1460  1.981 0.626     0.120     0.019       21     1.0  S_pericallosal
 2945   2012   4803  2.550 0.574     0.114     0.019       23     2.5  S_postcentral
 2151   1430   3553  2.760 0.495     0.101     0.015       15     1.4  S_precentral-inf-part
 1528    997   2215  2.606 0.519     0.091     0.012        7     0.9  S_precentral-sup-part
  669    463   1199  2.954 0.632     0.096     0.013        4     0.4  S_suborbital
 1126    753   1776  2.689 0.461     0.107     0.018        6     0.9  S_subparietal
 1450   1006   2309  2.804 0.442     0.097     0.015        7     0.9  S_temporal_inf
 6891   4591  12083  2.805 0.530     0.090     0.014       40     4.0  S_temporal_sup
  372    271    577  2.800 0.581     0.116     0.012        2     0.2  S_temporal_transverse
#-----------------------------------------
#@# Parcellation Stats 3 lh Sun Mar 15 10:15:54 CET 2026
/out/sourcedata/freesurfer/sub-v2s10x28920_ses-1/scripts

 mris_anatomical_stats -th3 -mgz -noglobal -cortex ../label/lh.cortex.label -f ../stats/lh.aparc.DKTatlas.stats -b -a ../label/lh.aparc.DKTatlas.annot -c ../label/aparc.annot.DKTatlas.ctab sub-v2s10x28920_ses-1 lh white 

computing statistics for each annotation in ../label/lh.aparc.DKTatlas.annot.
reading volume /out/sourcedata/freesurfer/sub-v2s10x28920_ses-1/mri/wm.mgz...
reading input surface /out/sourcedata/freesurfer/sub-v2s10x28920_ses-1/surf/lh.white...
reading input pial surface /out/sourcedata/freesurfer/sub-v2s10x28920_ses-1/surf/lh.pial...
reading input white surface /out/sourcedata/freesurfer/sub-v2s10x28920_ses-1/surf/lh.white...
INFO: using TH3 volume calc
INFO: assuming MGZ format for volumes.
INFO: not computing global stats
INFO: using ../label/lh.cortex.label as mask to calc cortex NumVert, SurfArea and MeanThickness.
Using TH3 vertex volume calc
Total face volume 285938
Total vertex volume 285715 (mask=0)
Saving annotation colortable ../label/aparc.annot.DKTatlas.ctab

table columns are:
    number of vertices
    total surface area (mm^2)
    total gray matter volume (mm^3)
    average cortical thickness +- standard deviation (mm)
    integrated rectified mean curvature
    integrated rectified Gaussian curvature
    folding index
    intrinsic curvature index
    structure name

 1850   1295   3774  2.711 0.592     0.122     0.019       26     1.5  caudalanteriorcingulate
 4200   2928   9101  2.802 0.551     0.113     0.019       39     3.3  caudalmiddlefrontal
 2884   1921   4083  2.036 0.580     0.119     0.021       30     2.6  cuneus
  870    540   2341  3.257 0.938     0.110     0.038       12     1.3  entorhinal
 4317   2894   9215  2.929 0.591     0.110     0.021       39     3.8  fusiform
 7913   5519  17489  2.735 0.654     0.114     0.020       82     6.6  inferiorparietal
 5603   3837  14076  3.077 0.789     0.119     0.029       68     6.9  inferiortemporal
 1489    983   3145  2.816 0.835     0.118     0.024       17     1.4  isthmuscingulate
 7738   5128  13561  2.352 0.653     0.127     0.027       88     8.7  lateraloccipital
 4450   3162   9530  2.884 0.868     0.137     0.040       78     7.4  lateralorbitofrontal
 4485   3039   7034  2.105 0.779     0.121     0.025       42     4.8  lingual
 2446   1717   5046  2.592 0.899     0.128     0.037       38     4.0  medialorbitofrontal
 7104   4751  18007  3.166 0.719     0.101     0.018       64     5.4  middletemporal
 1153    725   2491  2.911 0.673     0.075     0.013        8     0.5  parahippocampal
 2837   1778   5118  2.577 0.561     0.099     0.018       20     2.2  paracentral
 2626   1800   5653  2.776 0.531     0.100     0.017       24     1.7  parsopercularis
 1067    704   2450  2.993 0.591     0.103     0.016        8     0.7  parsorbitalis
 2892   1996   6668  2.750 0.634     0.109     0.020       33     2.5  parstriangularis
 1685   1124   1691  1.721 0.433     0.113     0.022       14     1.5  pericalcarine
 7133   4792  13136  2.426 0.823     0.108     0.019       67     5.8  postcentral
 1866   1277   3936  2.736 0.861     0.109     0.019       18     1.7  posteriorcingulate
 7807   5100  14876  2.653 0.603     0.096     0.014       53     4.8  precentral
 5510   3777  11939  2.816 0.634     0.115     0.021       53     5.0  precuneus
 1858   1312   4274  2.845 0.804     0.132     0.028       24     2.3  rostralanteriorcingulate
 5976   4257  12993  2.545 0.762     0.119     0.024       83     5.8  rostralmiddlefrontal
12108   8761  30444  2.877 0.711     0.123     0.025      154    13.0  superiorfrontal
 6653   4573  12218  2.371 0.625     0.109     0.019       58     5.5  superiorparietal
 8347   5398  19254  3.190 0.670     0.094     0.016       66     5.7  superiortemporal
 5933   4082  13657  2.975 0.643     0.117     0.021       63     5.5  supramarginal
  728    446   1394  2.780 0.342     0.095     0.013        5     0.3  transversetemporal
 3047   2061   7122  3.384 0.756     0.102     0.020       26     2.5  insula
/out/sourcedata/freesurfer/sub-v2s10x28920_ses-1/label
#--------------------------------------------
#@# BA_exvivo Labels lh Sun Mar 15 10:16:02 CET 2026

 mri_label2label --srcsubject fsaverage --srclabel /out/sourcedata/freesurfer/fsaverage/label/lh.BA1_exvivo.label --trgsubject sub-v2s10x28920_ses-1 --trglabel ./lh.BA1_exvivo.label --hemi lh --regmethod surface 


srclabel = /out/sourcedata/freesurfer/fsaverage/label/lh.BA1_exvivo.label
srcsubject = fsaverage
trgsubject = sub-v2s10x28920_ses-1
trglabel = ./lh.BA1_exvivo.label
regmethod = surface

srchemi = lh
trghemi = lh
trgsurface = white
srcsurfreg = sphere.reg
trgsurfreg = sphere.reg
usehash = 1
Use ProjAbs  = 0, 0
Use ProjFrac = 0, 0
DoPaint 0

SUBJECTS_DIR    /out/sourcedata/freesurfer
FREESURFER_HOME /opt/freesurfer
Loading source label.
Found 4129 points in source label.
Starting surface-based mapping
Reading source registration 
 /out/sourcedata/freesurfer/fsaverage/surf/lh.sphere.reg
Rescaling ...  original radius = 100
Reading target surface 
 /out/sourcedata/freesurfer/sub-v2s10x28920_ses-1/surf/lh.white
Reading target registration 
 /out/sourcedata/freesurfer/sub-v2s10x28920_ses-1/surf/lh.sphere.reg
Rescaling ...  original radius = 100
Building target registration hash (res=16).
Building source registration hash (res=16).
INFO: found  4129 nlabel points
Performing mapping from target back to the source label 142829
Number of reverse mapping hits = 96
Checking for and removing duplicates
Writing label file ./lh.BA1_exvivo.label 4225
mri_label2label: Done


 mri_label2label --srcsubject fsaverage --srclabel /out/sourcedata/freesurfer/fsaverage/label/lh.BA2_exvivo.label --trgsubject sub-v2s10x28920_ses-1 --trglabel ./lh.BA2_exvivo.label --hemi lh --regmethod surface 


srclabel = /out/sourcedata/freesurfer/fsaverage/label/lh.BA2_exvivo.label
srcsubject = fsaverage
trgsubject = sub-v2s10x28920_ses-1
trglabel = ./lh.BA2_exvivo.label
regmethod = surface

srchemi = lh
trghemi = lh
trgsurface = white
srcsurfreg = sphere.reg
trgsurfreg = sphere.reg
usehash = 1
Use ProjAbs  = 0, 0
Use ProjFrac = 0, 0
DoPaint 0

SUBJECTS_DIR    /out/sourcedata/freesurfer
FREESURFER_HOME /opt/freesurfer
Loading source label.
Found 7909 points in source label.
Starting surface-based mapping
Reading source registration 
 /out/sourcedata/freesurfer/fsaverage/surf/lh.sphere.reg
Rescaling ...  original radius = 100
Reading target surface 
 /out/sourcedata/freesurfer/sub-v2s10x28920_ses-1/surf/lh.white
Reading target registration 
 /out/sourcedata/freesurfer/sub-v2s10x28920_ses-1/surf/lh.sphere.reg
Rescaling ...  original radius = 100
Building target registration hash (res=16).
Building source registration hash (res=16).
INFO: found  7909 nlabel points
Performing mapping from target back to the source label 142829
Number of reverse mapping hits = 128
Checking for and removing duplicates
Writing label file ./lh.BA2_exvivo.label 8037
mri_label2label: Done


 mri_label2label --srcsubject fsaverage --srclabel /out/sourcedata/freesurfer/fsaverage/label/lh.BA3a_exvivo.label --trgsubject sub-v2s10x28920_ses-1 --trglabel ./lh.BA3a_exvivo.label --hemi lh --regmethod surface 


srclabel = /out/sourcedata/freesurfer/fsaverage/label/lh.BA3a_exvivo.label
srcsubject = fsaverage
trgsubject = sub-v2s10x28920_ses-1
trglabel = ./lh.BA3a_exvivo.label
regmethod = surface

srchemi = lh
trghemi = lh
trgsurface = white
srcsurfreg = sphere.reg
trgsurfreg = sphere.reg
usehash = 1
Use ProjAbs  = 0, 0
Use ProjFrac = 0, 0
DoPaint 0

SUBJECTS_DIR    /out/sourcedata/freesurfer
FREESURFER_HOME /opt/freesurfer
Loading source label.
Found 4077 points in source label.
Starting surface-based mapping
Reading source registration 
 /out/sourcedata/freesurfer/fsaverage/surf/lh.sphere.reg
Rescaling ...  original radius = 100
Reading target surface 
 /out/sourcedata/freesurfer/sub-v2s10x28920_ses-1/surf/lh.white
Reading target registration 
 /out/sourcedata/freesurfer/sub-v2s10x28920_ses-1/surf/lh.sphere.reg
Rescaling ...  original radius = 100
Building target registration hash (res=16).
Building source registration hash (res=16).
INFO: found  4077 nlabel points
Performing mapping from target back to the source label 142829
Number of reverse mapping hits = 74
Checking for and removing duplicates
Writing label file ./lh.BA3a_exvivo.label 4151
mri_label2label: Done


 mri_label2label --srcsubject fsaverage --srclabel /out/sourcedata/freesurfer/fsaverage/label/lh.BA3b_exvivo.label --trgsubject sub-v2s10x28920_ses-1 --trglabel ./lh.BA3b_exvivo.label --hemi lh --regmethod surface 


srclabel = /out/sourcedata/freesurfer/fsaverage/label/lh.BA3b_exvivo.label
srcsubject = fsaverage
trgsubject = sub-v2s10x28920_ses-1
trglabel = ./lh.BA3b_exvivo.label
regmethod = surface

srchemi = lh
trghemi = lh
trgsurface = white
srcsurfreg = sphere.reg
trgsurfreg = sphere.reg
usehash = 1
Use ProjAbs  = 0, 0
Use ProjFrac = 0, 0
DoPaint 0

SUBJECTS_DIR    /out/sourcedata/freesurfer
FREESURFER_HOME /opt/freesurfer
Loading source label.
Found 5983 points in source label.
Starting surface-based mapping
Reading source registration 
 /out/sourcedata/freesurfer/fsaverage/surf/lh.sphere.reg
Rescaling ...  original radius = 100
Reading target surface 
 /out/sourcedata/freesurfer/sub-v2s10x28920_ses-1/surf/lh.white
Reading target registration 
 /out/sourcedata/freesurfer/sub-v2s10x28920_ses-1/surf/lh.sphere.reg
Rescaling ...  original radius = 100
Building target registration hash (res=16).
Building source registration hash (res=16).
INFO: found  5983 nlabel points
Performing mapping from target back to the source label 142829
Number of reverse mapping hits = 157
Checking for and removing duplicates
Writing label file ./lh.BA3b_exvivo.label 6140
mri_label2label: Done


 mri_label2label --srcsubject fsaverage --srclabel /out/sourcedata/freesurfer/fsaverage/label/lh.BA4a_exvivo.label --trgsubject sub-v2s10x28920_ses-1 --trglabel ./lh.BA4a_exvivo.label --hemi lh --regmethod surface 


srclabel = /out/sourcedata/freesurfer/fsaverage/label/lh.BA4a_exvivo.label
srcsubject = fsaverage
trgsubject = sub-v2s10x28920_ses-1
trglabel = ./lh.BA4a_exvivo.label
regmethod = surface

srchemi = lh
trghemi = lh
trgsurface = white
srcsurfreg = sphere.reg
trgsurfreg = sphere.reg
usehash = 1
Use ProjAbs  = 0, 0
Use ProjFrac = 0, 0
DoPaint 0

SUBJECTS_DIR    /out/sourcedata/freesurfer
FREESURFER_HOME /opt/freesurfer
Loading source label.
Found 5784 points in source label.
Starting surface-based mapping
Reading source registration 
 /out/sourcedata/freesurfer/fsaverage/surf/lh.sphere.reg
Rescaling ...  original radius = 100
Reading target surface 
 /out/sourcedata/freesurfer/sub-v2s10x28920_ses-1/surf/lh.white
Reading target registration 
 /out/sourcedata/freesurfer/sub-v2s10x28920_ses-1/surf/lh.sphere.reg
Rescaling ...  original radius = 100
Building target registration hash (res=16).
Building source registration hash (res=16).
INFO: found  5784 nlabel points
Performing mapping from target back to the source label 142829
Number of reverse mapping hits = 219
Checking for and removing duplicates
Writing label file ./lh.BA4a_exvivo.label 6003
mri_label2label: Done


 mri_label2label --srcsubject fsaverage --srclabel /out/sourcedata/freesurfer/fsaverage/label/lh.BA4p_exvivo.label --trgsubject sub-v2s10x28920_ses-1 --trglabel ./lh.BA4p_exvivo.label --hemi lh --regmethod surface 


srclabel = /out/sourcedata/freesurfer/fsaverage/label/lh.BA4p_exvivo.label
srcsubject = fsaverage
trgsubject = sub-v2s10x28920_ses-1
trglabel = ./lh.BA4p_exvivo.label
regmethod = surface

srchemi = lh
trghemi = lh
trgsurface = white
srcsurfreg = sphere.reg
trgsurfreg = sphere.reg
usehash = 1
Use ProjAbs  = 0, 0
Use ProjFrac = 0, 0
DoPaint 0

SUBJECTS_DIR    /out/sourcedata/freesurfer
FREESURFER_HOME /opt/freesurfer
Loading source label.
Found 4070 points in source label.
Starting surface-based mapping
Reading source registration 
 /out/sourcedata/freesurfer/fsaverage/surf/lh.sphere.reg
Rescaling ...  original radius = 100
Reading target surface 
 /out/sourcedata/freesurfer/sub-v2s10x28920_ses-1/surf/lh.white
Reading target registration 
 /out/sourcedata/freesurfer/sub-v2s10x28920_ses-1/surf/lh.sphere.reg
Rescaling ...  original radius = 100
Building target registration hash (res=16).
Building source registration hash (res=16).
INFO: found  4070 nlabel points
Performing mapping from target back to the source label 142829
Number of reverse mapping hits = 102
Checking for and removing duplicates
Writing label file ./lh.BA4p_exvivo.label 4172
mri_label2label: Done


 mri_label2label --srcsubject fsaverage --srclabel /out/sourcedata/freesurfer/fsaverage/label/lh.BA6_exvivo.label --trgsubject sub-v2s10x28920_ses-1 --trglabel ./lh.BA6_exvivo.label --hemi lh --regmethod surface 


srclabel = /out/sourcedata/freesurfer/fsaverage/label/lh.BA6_exvivo.label
srcsubject = fsaverage
trgsubject = sub-v2s10x28920_ses-1
trglabel = ./lh.BA6_exvivo.label
regmethod = surface

srchemi = lh
trghemi = lh
trgsurface = white
srcsurfreg = sphere.reg
trgsurfreg = sphere.reg
usehash = 1
Use ProjAbs  = 0, 0
Use ProjFrac = 0, 0
DoPaint 0

SUBJECTS_DIR    /out/sourcedata/freesurfer
FREESURFER_HOME /opt/freesurfer
Loading source label.
Found 13589 points in source label.
Starting surface-based mapping
Reading source registration 
 /out/sourcedata/freesurfer/fsaverage/surf/lh.sphere.reg
Rescaling ...  original radius = 100
Reading target surface 
 /out/sourcedata/freesurfer/sub-v2s10x28920_ses-1/surf/lh.white
Reading target registration 
 /out/sourcedata/freesurfer/sub-v2s10x28920_ses-1/surf/lh.sphere.reg
Rescaling ...  original radius = 100
Building target registration hash (res=16).
Building source registration hash (res=16).
INFO: found  13589 nlabel points
Performing mapping from target back to the source label 142829
Number of reverse mapping hits = 928
Checking for and removing duplicates
Writing label file ./lh.BA6_exvivo.label 14517
mri_label2label: Done


 mri_label2label --srcsubject fsaverage --srclabel /out/sourcedata/freesurfer/fsaverage/label/lh.BA44_exvivo.label --trgsubject sub-v2s10x28920_ses-1 --trglabel ./lh.BA44_exvivo.label --hemi lh --regmethod surface 


srclabel = /out/sourcedata/freesurfer/fsaverage/label/lh.BA44_exvivo.label
srcsubject = fsaverage
trgsubject = sub-v2s10x28920_ses-1
trglabel = ./lh.BA44_exvivo.label
regmethod = surface

srchemi = lh
trghemi = lh
trgsurface = white
srcsurfreg = sphere.reg
trgsurfreg = sphere.reg
usehash = 1
Use ProjAbs  = 0, 0
Use ProjFrac = 0, 0
DoPaint 0

SUBJECTS_DIR    /out/sourcedata/freesurfer
FREESURFER_HOME /opt/freesurfer
Loading source label.
Found 4181 points in source label.
Starting surface-based mapping
Reading source registration 
 /out/sourcedata/freesurfer/fsaverage/surf/lh.sphere.reg
Rescaling ...  original radius = 100
Reading target surface 
 /out/sourcedata/freesurfer/sub-v2s10x28920_ses-1/surf/lh.white
Reading target registration 
 /out/sourcedata/freesurfer/sub-v2s10x28920_ses-1/surf/lh.sphere.reg
Rescaling ...  original radius = 100
Building target registration hash (res=16).
Building source registration hash (res=16).
INFO: found  4181 nlabel points
Performing mapping from target back to the source label 142829
Number of reverse mapping hits = 357
Checking for and removing duplicates
Writing label file ./lh.BA44_exvivo.label 4538
mri_label2label: Done


 mri_label2label --srcsubject fsaverage --srclabel /out/sourcedata/freesurfer/fsaverage/label/lh.BA45_exvivo.label --trgsubject sub-v2s10x28920_ses-1 --trglabel ./lh.BA45_exvivo.label --hemi lh --regmethod surface 


srclabel = /out/sourcedata/freesurfer/fsaverage/label/lh.BA45_exvivo.label
srcsubject = fsaverage
trgsubject = sub-v2s10x28920_ses-1
trglabel = ./lh.BA45_exvivo.label
regmethod = surface

srchemi = lh
trghemi = lh
trgsurface = white
srcsurfreg = sphere.reg
trgsurfreg = sphere.reg
usehash = 1
Use ProjAbs  = 0, 0
Use ProjFrac = 0, 0
DoPaint 0

SUBJECTS_DIR    /out/sourcedata/freesurfer
FREESURFER_HOME /opt/freesurfer
Loading source label.
Found 3422 points in source label.
Starting surface-based mapping
Reading source registration 
 /out/sourcedata/freesurfer/fsaverage/surf/lh.sphere.reg
Rescaling ...  original radius = 100
Reading target surface 
 /out/sourcedata/freesurfer/sub-v2s10x28920_ses-1/surf/lh.white
Reading target registration 
 /out/sourcedata/freesurfer/sub-v2s10x28920_ses-1/surf/lh.sphere.reg
Rescaling ...  original radius = 100
Building target registration hash (res=16).
Building source registration hash (res=16).
INFO: found  3422 nlabel points
Performing mapping from target back to the source label 142829
Number of reverse mapping hits = 924
Checking for and removing duplicates
Writing label file ./lh.BA45_exvivo.label 4346
mri_label2label: Done


 mri_label2label --srcsubject fsaverage --srclabel /out/sourcedata/freesurfer/fsaverage/label/lh.V1_exvivo.label --trgsubject sub-v2s10x28920_ses-1 --trglabel ./lh.V1_exvivo.label --hemi lh --regmethod surface 


srclabel = /out/sourcedata/freesurfer/fsaverage/label/lh.V1_exvivo.label
srcsubject = fsaverage
trgsubject = sub-v2s10x28920_ses-1
trglabel = ./lh.V1_exvivo.label
regmethod = surface

srchemi = lh
trghemi = lh
trgsurface = white
srcsurfreg = sphere.reg
trgsurfreg = sphere.reg
usehash = 1
Use ProjAbs  = 0, 0
Use ProjFrac = 0, 0
DoPaint 0

SUBJECTS_DIR    /out/sourcedata/freesurfer
FREESURFER_HOME /opt/freesurfer
Loading source label.
Found 4641 points in source label.
Starting surface-based mapping
Reading source registration 
 /out/sourcedata/freesurfer/fsaverage/surf/lh.sphere.reg
Rescaling ...  original radius = 100
Reading target surface 
 /out/sourcedata/freesurfer/sub-v2s10x28920_ses-1/surf/lh.white
Reading target registration 
 /out/sourcedata/freesurfer/sub-v2s10x28920_ses-1/surf/lh.sphere.reg
Rescaling ...  original radius = 100
Building target registration hash (res=16).
Building source registration hash (res=16).
INFO: found  4641 nlabel points
Performing mapping from target back to the source label 142829
Number of reverse mapping hits = 836
Checking for and removing duplicates
Writing label file ./lh.V1_exvivo.label 5477
mri_label2label: Done


 mri_label2label --srcsubject fsaverage --srclabel /out/sourcedata/freesurfer/fsaverage/label/lh.V2_exvivo.label --trgsubject sub-v2s10x28920_ses-1 --trglabel ./lh.V2_exvivo.label --hemi lh --regmethod surface 


srclabel = /out/sourcedata/freesurfer/fsaverage/label/lh.V2_exvivo.label
srcsubject = fsaverage
trgsubject = sub-v2s10x28920_ses-1
trglabel = ./lh.V2_exvivo.label
regmethod = surface

srchemi = lh
trghemi = lh
trgsurface = white
srcsurfreg = sphere.reg
trgsurfreg = sphere.reg
usehash = 1
Use ProjAbs  = 0, 0
Use ProjFrac = 0, 0
DoPaint 0

SUBJECTS_DIR    /out/sourcedata/freesurfer
FREESURFER_HOME /opt/freesurfer
Loading source label.
Found 8114 points in source label.
Starting surface-based mapping
Reading source registration 
 /out/sourcedata/freesurfer/fsaverage/surf/lh.sphere.reg
Rescaling ...  original radius = 100
Reading target surface 
 /out/sourcedata/freesurfer/sub-v2s10x28920_ses-1/surf/lh.white
Reading target registration 
 /out/sourcedata/freesurfer/sub-v2s10x28920_ses-1/surf/lh.sphere.reg
Rescaling ...  original radius = 100
Building target registration hash (res=16).
Building source registration hash (res=16).
INFO: found  8114 nlabel points
Performing mapping from target back to the source label 142829
Number of reverse mapping hits = 2270
Checking for and removing duplicates
Writing label file ./lh.V2_exvivo.label 10384
mri_label2label: Done


 mri_label2label --srcsubject fsaverage --srclabel /out/sourcedata/freesurfer/fsaverage/label/lh.MT_exvivo.label --trgsubject sub-v2s10x28920_ses-1 --trglabel ./lh.MT_exvivo.label --hemi lh --regmethod surface 


srclabel = /out/sourcedata/freesurfer/fsaverage/label/lh.MT_exvivo.label
srcsubject = fsaverage
trgsubject = sub-v2s10x28920_ses-1
trglabel = ./lh.MT_exvivo.label
regmethod = surface

srchemi = lh
trghemi = lh
trgsurface = white
srcsurfreg = sphere.reg
trgsurfreg = sphere.reg
usehash = 1
Use ProjAbs  = 0, 0
Use ProjFrac = 0, 0
DoPaint 0

SUBJECTS_DIR    /out/sourcedata/freesurfer
FREESURFER_HOME /opt/freesurfer
Loading source label.
Found 2018 points in source label.
Starting surface-based mapping
Reading source registration 
 /out/sourcedata/freesurfer/fsaverage/surf/lh.sphere.reg
Rescaling ...  original radius = 100
Reading target surface 
 /out/sourcedata/freesurfer/sub-v2s10x28920_ses-1/surf/lh.white
Reading target registration 
 /out/sourcedata/freesurfer/sub-v2s10x28920_ses-1/surf/lh.sphere.reg
Rescaling ...  original radius = 100
Building target registration hash (res=16).
Building source registration hash (res=16).
INFO: found  2018 nlabel points
Performing mapping from target back to the source label 142829
Number of reverse mapping hits = 214
Checking for and removing duplicates
Writing label file ./lh.MT_exvivo.label 2232
mri_label2label: Done


 mri_label2label --srcsubject fsaverage --srclabel /out/sourcedata/freesurfer/fsaverage/label/lh.entorhinal_exvivo.label --trgsubject sub-v2s10x28920_ses-1 --trglabel ./lh.entorhinal_exvivo.label --hemi lh --regmethod surface 


srclabel = /out/sourcedata/freesurfer/fsaverage/label/lh.entorhinal_exvivo.label
srcsubject = fsaverage
trgsubject = sub-v2s10x28920_ses-1
trglabel = ./lh.entorhinal_exvivo.label
regmethod = surface

srchemi = lh
trghemi = lh
trgsurface = white
srcsurfreg = sphere.reg
trgsurfreg = sphere.reg
usehash = 1
Use ProjAbs  = 0, 0
Use ProjFrac = 0, 0
DoPaint 0

SUBJECTS_DIR    /out/sourcedata/freesurfer
FREESURFER_HOME /opt/freesurfer
Loading source label.
Found 1290 points in source label.
Starting surface-based mapping
Reading source registration 
 /out/sourcedata/freesurfer/fsaverage/surf/lh.sphere.reg
Rescaling ...  original radius = 100
Reading target surface 
 /out/sourcedata/freesurfer/sub-v2s10x28920_ses-1/surf/lh.white
Reading target registration 
 /out/sourcedata/freesurfer/sub-v2s10x28920_ses-1/surf/lh.sphere.reg
Rescaling ...  original radius = 100
Building target registration hash (res=16).
Building source registration hash (res=16).
INFO: found  1290 nlabel points
Performing mapping from target back to the source label 142829
Number of reverse mapping hits = 141
Checking for and removing duplicates
Writing label file ./lh.entorhinal_exvivo.label 1431
mri_label2label: Done


 mri_label2label --srcsubject fsaverage --srclabel /out/sourcedata/freesurfer/fsaverage/label/lh.perirhinal_exvivo.label --trgsubject sub-v2s10x28920_ses-1 --trglabel ./lh.perirhinal_exvivo.label --hemi lh --regmethod surface 


srclabel = /out/sourcedata/freesurfer/fsaverage/label/lh.perirhinal_exvivo.label
srcsubject = fsaverage
trgsubject = sub-v2s10x28920_ses-1
trglabel = ./lh.perirhinal_exvivo.label
regmethod = surface

srchemi = lh
trghemi = lh
trgsurface = white
srcsurfreg = sphere.reg
trgsurfreg = sphere.reg
usehash = 1
Use ProjAbs  = 0, 0
Use ProjFrac = 0, 0
DoPaint 0

SUBJECTS_DIR    /out/sourcedata/freesurfer
FREESURFER_HOME /opt/freesurfer
Loading source label.
Found 1199 points in source label.
Starting surface-based mapping
Reading source registration 
 /out/sourcedata/freesurfer/fsaverage/surf/lh.sphere.reg
Rescaling ...  original radius = 100
Reading target surface 
 /out/sourcedata/freesurfer/sub-v2s10x28920_ses-1/surf/lh.white
Reading target registration 
 /out/sourcedata/freesurfer/sub-v2s10x28920_ses-1/surf/lh.sphere.reg
Rescaling ...  original radius = 100
Building target registration hash (res=16).
Building source registration hash (res=16).
INFO: found  1199 nlabel points
Performing mapping from target back to the source label 142829
Number of reverse mapping hits = 127
Checking for and removing duplicates
Writing label file ./lh.perirhinal_exvivo.label 1326
mri_label2label: Done


 mri_label2label --srcsubject fsaverage --srclabel /out/sourcedata/freesurfer/fsaverage/label/lh.FG1.mpm.vpnl.label --trgsubject sub-v2s10x28920_ses-1 --trglabel ./lh.FG1.mpm.vpnl.label --hemi lh --regmethod surface 


srclabel = /out/sourcedata/freesurfer/fsaverage/label/lh.FG1.mpm.vpnl.label
srcsubject = fsaverage
trgsubject = sub-v2s10x28920_ses-1
trglabel = ./lh.FG1.mpm.vpnl.label
regmethod = surface

srchemi = lh
trghemi = lh
trgsurface = white
srcsurfreg = sphere.reg
trgsurfreg = sphere.reg
usehash = 1
Use ProjAbs  = 0, 0
Use ProjFrac = 0, 0
DoPaint 0

SUBJECTS_DIR    /out/sourcedata/freesurfer
FREESURFER_HOME /opt/freesurfer
Loading source label.
Found 414 points in source label.
Starting surface-based mapping
Reading source registration 
 /out/sourcedata/freesurfer/fsaverage/surf/lh.sphere.reg
Rescaling ...  original radius = 100
Reading target surface 
 /out/sourcedata/freesurfer/sub-v2s10x28920_ses-1/surf/lh.white
Reading target registration 
 /out/sourcedata/freesurfer/sub-v2s10x28920_ses-1/surf/lh.sphere.reg
Rescaling ...  original radius = 100
Building target registration hash (res=16).
Building source registration hash (res=16).
INFO: found  414 nlabel points
Performing mapping from target back to the source label 142829
Number of reverse mapping hits = 194
Checking for and removing duplicates
Writing label file ./lh.FG1.mpm.vpnl.label 608
mri_label2label: Done


 mri_label2label --srcsubject fsaverage --srclabel /out/sourcedata/freesurfer/fsaverage/label/lh.FG2.mpm.vpnl.label --trgsubject sub-v2s10x28920_ses-1 --trglabel ./lh.FG2.mpm.vpnl.label --hemi lh --regmethod surface 


srclabel = /out/sourcedata/freesurfer/fsaverage/label/lh.FG2.mpm.vpnl.label
srcsubject = fsaverage
trgsubject = sub-v2s10x28920_ses-1
trglabel = ./lh.FG2.mpm.vpnl.label
regmethod = surface

srchemi = lh
trghemi = lh
trgsurface = white
srcsurfreg = sphere.reg
trgsurfreg = sphere.reg
usehash = 1
Use ProjAbs  = 0, 0
Use ProjFrac = 0, 0
DoPaint 0

SUBJECTS_DIR    /out/sourcedata/freesurfer
FREESURFER_HOME /opt/freesurfer
Loading source label.
Found 703 points in source label.
Starting surface-based mapping
Reading source registration 
 /out/sourcedata/freesurfer/fsaverage/surf/lh.sphere.reg
Rescaling ...  original radius = 100
Reading target surface 
 /out/sourcedata/freesurfer/sub-v2s10x28920_ses-1/surf/lh.white
Reading target registration 
 /out/sourcedata/freesurfer/sub-v2s10x28920_ses-1/surf/lh.sphere.reg
Rescaling ...  original radius = 100
Building target registration hash (res=16).
Building source registration hash (res=16).
INFO: found  703 nlabel points
Performing mapping from target back to the source label 142829
Number of reverse mapping hits = 149
Checking for and removing duplicates
Writing label file ./lh.FG2.mpm.vpnl.label 852
mri_label2label: Done


 mri_label2label --srcsubject fsaverage --srclabel /out/sourcedata/freesurfer/fsaverage/label/lh.FG3.mpm.vpnl.label --trgsubject sub-v2s10x28920_ses-1 --trglabel ./lh.FG3.mpm.vpnl.label --hemi lh --regmethod surface 


srclabel = /out/sourcedata/freesurfer/fsaverage/label/lh.FG3.mpm.vpnl.label
srcsubject = fsaverage
trgsubject = sub-v2s10x28920_ses-1
trglabel = ./lh.FG3.mpm.vpnl.label
regmethod = surface

srchemi = lh
trghemi = lh
trgsurface = white
srcsurfreg = sphere.reg
trgsurfreg = sphere.reg
usehash = 1
Use ProjAbs  = 0, 0
Use ProjFrac = 0, 0
DoPaint 0

SUBJECTS_DIR    /out/sourcedata/freesurfer
FREESURFER_HOME /opt/freesurfer
Loading source label.
Found 1873 points in source label.
Starting surface-based mapping
Reading source registration 
 /out/sourcedata/freesurfer/fsaverage/surf/lh.sphere.reg
Rescaling ...  original radius = 100
Reading target surface 
 /out/sourcedata/freesurfer/sub-v2s10x28920_ses-1/surf/lh.white
Reading target registration 
 /out/sourcedata/freesurfer/sub-v2s10x28920_ses-1/surf/lh.sphere.reg
Rescaling ...  original radius = 100
Building target registration hash (res=16).
Building source registration hash (res=16).
INFO: found  1873 nlabel points
Performing mapping from target back to the source label 142829
Number of reverse mapping hits = 209
Checking for and removing duplicates
Writing label file ./lh.FG3.mpm.vpnl.label 2082
mri_label2label: Done


 mri_label2label --srcsubject fsaverage --srclabel /out/sourcedata/freesurfer/fsaverage/label/lh.FG4.mpm.vpnl.label --trgsubject sub-v2s10x28920_ses-1 --trglabel ./lh.FG4.mpm.vpnl.label --hemi lh --regmethod surface 


srclabel = /out/sourcedata/freesurfer/fsaverage/label/lh.FG4.mpm.vpnl.label
srcsubject = fsaverage
trgsubject = sub-v2s10x28920_ses-1
trglabel = ./lh.FG4.mpm.vpnl.label
regmethod = surface

srchemi = lh
trghemi = lh
trgsurface = white
srcsurfreg = sphere.reg
trgsurfreg = sphere.reg
usehash = 1
Use ProjAbs  = 0, 0
Use ProjFrac = 0, 0
DoPaint 0

SUBJECTS_DIR    /out/sourcedata/freesurfer
FREESURFER_HOME /opt/freesurfer
Loading source label.
Found 2101 points in source label.
Starting surface-based mapping
Reading source registration 
 /out/sourcedata/freesurfer/fsaverage/surf/lh.sphere.reg
Rescaling ...  original radius = 100
Reading target surface 
 /out/sourcedata/freesurfer/sub-v2s10x28920_ses-1/surf/lh.white
Reading target registration 
 /out/sourcedata/freesurfer/sub-v2s10x28920_ses-1/surf/lh.sphere.reg
Rescaling ...  original radius = 100
Building target registration hash (res=16).
Building source registration hash (res=16).
INFO: found  2101 nlabel points
Performing mapping from target back to the source label 142829
Number of reverse mapping hits = 456
Checking for and removing duplicates
Writing label file ./lh.FG4.mpm.vpnl.label 2557
mri_label2label: Done


 mri_label2label --srcsubject fsaverage --srclabel /out/sourcedata/freesurfer/fsaverage/label/lh.hOc1.mpm.vpnl.label --trgsubject sub-v2s10x28920_ses-1 --trglabel ./lh.hOc1.mpm.vpnl.label --hemi lh --regmethod surface 


srclabel = /out/sourcedata/freesurfer/fsaverage/label/lh.hOc1.mpm.vpnl.label
srcsubject = fsaverage
trgsubject = sub-v2s10x28920_ses-1
trglabel = ./lh.hOc1.mpm.vpnl.label
regmethod = surface

srchemi = lh
trghemi = lh
trgsurface = white
srcsurfreg = sphere.reg
trgsurfreg = sphere.reg
usehash = 1
Use ProjAbs  = 0, 0
Use ProjFrac = 0, 0
DoPaint 0

SUBJECTS_DIR    /out/sourcedata/freesurfer
FREESURFER_HOME /opt/freesurfer
Loading source label.
Found 3877 points in source label.
Starting surface-based mapping
Reading source registration 
 /out/sourcedata/freesurfer/fsaverage/surf/lh.sphere.reg
Rescaling ...  original radius = 100
Reading target surface 
 /out/sourcedata/freesurfer/sub-v2s10x28920_ses-1/surf/lh.white
Reading target registration 
 /out/sourcedata/freesurfer/sub-v2s10x28920_ses-1/surf/lh.sphere.reg
Rescaling ...  original radius = 100
Building target registration hash (res=16).
Building source registration hash (res=16).
INFO: found  3877 nlabel points
Performing mapping from target back to the source label 142829
Number of reverse mapping hits = 571
Checking for and removing duplicates
Writing label file ./lh.hOc1.mpm.vpnl.label 4448
mri_label2label: Done


 mri_label2label --srcsubject fsaverage --srclabel /out/sourcedata/freesurfer/fsaverage/label/lh.hOc2.mpm.vpnl.label --trgsubject sub-v2s10x28920_ses-1 --trglabel ./lh.hOc2.mpm.vpnl.label --hemi lh --regmethod surface 


srclabel = /out/sourcedata/freesurfer/fsaverage/label/lh.hOc2.mpm.vpnl.label
srcsubject = fsaverage
trgsubject = sub-v2s10x28920_ses-1
trglabel = ./lh.hOc2.mpm.vpnl.label
regmethod = surface

srchemi = lh
trghemi = lh
trgsurface = white
srcsurfreg = sphere.reg
trgsurfreg = sphere.reg
usehash = 1
Use ProjAbs  = 0, 0
Use ProjFrac = 0, 0
DoPaint 0

SUBJECTS_DIR    /out/sourcedata/freesurfer
FREESURFER_HOME /opt/freesurfer
Loading source label.
Found 2919 points in source label.
Starting surface-based mapping
Reading source registration 
 /out/sourcedata/freesurfer/fsaverage/surf/lh.sphere.reg
Rescaling ...  original radius = 100
Reading target surface 
 /out/sourcedata/freesurfer/sub-v2s10x28920_ses-1/surf/lh.white
Reading target registration 
 /out/sourcedata/freesurfer/sub-v2s10x28920_ses-1/surf/lh.sphere.reg
Rescaling ...  original radius = 100
Building target registration hash (res=16).
Building source registration hash (res=16).
INFO: found  2919 nlabel points
Performing mapping from target back to the source label 142829
Number of reverse mapping hits = 922
Checking for and removing duplicates
Writing label file ./lh.hOc2.mpm.vpnl.label 3841
mri_label2label: Done


 mri_label2label --srcsubject fsaverage --srclabel /out/sourcedata/freesurfer/fsaverage/label/lh.hOc3v.mpm.vpnl.label --trgsubject sub-v2s10x28920_ses-1 --trglabel ./lh.hOc3v.mpm.vpnl.label --hemi lh --regmethod surface 


srclabel = /out/sourcedata/freesurfer/fsaverage/label/lh.hOc3v.mpm.vpnl.label
srcsubject = fsaverage
trgsubject = sub-v2s10x28920_ses-1
trglabel = ./lh.hOc3v.mpm.vpnl.label
regmethod = surface

srchemi = lh
trghemi = lh
trgsurface = white
srcsurfreg = sphere.reg
trgsurfreg = sphere.reg
usehash = 1
Use ProjAbs  = 0, 0
Use ProjFrac = 0, 0
DoPaint 0

SUBJECTS_DIR    /out/sourcedata/freesurfer
FREESURFER_HOME /opt/freesurfer
Loading source label.
Found 1286 points in source label.
Starting surface-based mapping
Reading source registration 
 /out/sourcedata/freesurfer/fsaverage/surf/lh.sphere.reg
Rescaling ...  original radius = 100
Reading target surface 
 /out/sourcedata/freesurfer/sub-v2s10x28920_ses-1/surf/lh.white
Reading target registration 
 /out/sourcedata/freesurfer/sub-v2s10x28920_ses-1/surf/lh.sphere.reg
Rescaling ...  original radius = 100
Building target registration hash (res=16).
Building source registration hash (res=16).
INFO: found  1286 nlabel points
Performing mapping from target back to the source label 142829
Number of reverse mapping hits = 531
Checking for and removing duplicates
Writing label file ./lh.hOc3v.mpm.vpnl.label 1817
mri_label2label: Done


 mri_label2label --srcsubject fsaverage --srclabel /out/sourcedata/freesurfer/fsaverage/label/lh.hOc4v.mpm.vpnl.label --trgsubject sub-v2s10x28920_ses-1 --trglabel ./lh.hOc4v.mpm.vpnl.label --hemi lh --regmethod surface 


srclabel = /out/sourcedata/freesurfer/fsaverage/label/lh.hOc4v.mpm.vpnl.label
srcsubject = fsaverage
trgsubject = sub-v2s10x28920_ses-1
trglabel = ./lh.hOc4v.mpm.vpnl.label
regmethod = surface

srchemi = lh
trghemi = lh
trgsurface = white
srcsurfreg = sphere.reg
trgsurfreg = sphere.reg
usehash = 1
Use ProjAbs  = 0, 0
Use ProjFrac = 0, 0
DoPaint 0

SUBJECTS_DIR    /out/sourcedata/freesurfer
FREESURFER_HOME /opt/freesurfer
Loading source label.
Found 1006 points in source label.
Starting surface-based mapping
Reading source registration 
 /out/sourcedata/freesurfer/fsaverage/surf/lh.sphere.reg
Rescaling ...  original radius = 100
Reading target surface 
 /out/sourcedata/freesurfer/sub-v2s10x28920_ses-1/surf/lh.white
Reading target registration 
 /out/sourcedata/freesurfer/sub-v2s10x28920_ses-1/surf/lh.sphere.reg
Rescaling ...  original radius = 100
Building target registration hash (res=16).
Building source registration hash (res=16).
INFO: found  1006 nlabel points
Performing mapping from target back to the source label 142829
Number of reverse mapping hits = 500
Checking for and removing duplicates
Writing label file ./lh.hOc4v.mpm.vpnl.label 1506
mri_label2label: Done


 mris_label2annot --s sub-v2s10x28920_ses-1 --ctab /opt/freesurfer/average/colortable_vpnl.txt --hemi lh --a mpm.vpnl --maxstatwinner --noverbose --l lh.FG1.mpm.vpnl.label --l lh.FG2.mpm.vpnl.label --l lh.FG3.mpm.vpnl.label --l lh.FG4.mpm.vpnl.label --l lh.hOc1.mpm.vpnl.label --l lh.hOc2.mpm.vpnl.label --l lh.hOc3v.mpm.vpnl.label --l lh.hOc4v.mpm.vpnl.label 

Reading ctab /opt/freesurfer/average/colortable_vpnl.txt
Number of ctab entries 9

7.3.2
cwd /out/sourcedata/freesurfer/sub-v2s10x28920_ses-1/label
cmdline mris_label2annot --s sub-v2s10x28920_ses-1 --ctab /opt/freesurfer/average/colortable_vpnl.txt --hemi lh --a mpm.vpnl --maxstatwinner --noverbose --l lh.FG1.mpm.vpnl.label --l lh.FG2.mpm.vpnl.label --l lh.FG3.mpm.vpnl.label --l lh.FG4.mpm.vpnl.label --l lh.hOc1.mpm.vpnl.label --l lh.hOc2.mpm.vpnl.label --l lh.hOc3v.mpm.vpnl.label --l lh.hOc4v.mpm.vpnl.label 
sysname  Linux
hostname dna065
machine  x86_64
user     oesteban

subject sub-v2s10x28920_ses-1
hemi    lh
SUBJECTS_DIR /out/sourcedata/freesurfer
ColorTable /opt/freesurfer/average/colortable_vpnl.txt
AnnotName  mpm.vpnl
nlables 8
LabelThresh 0 0.000000
Loading /out/sourcedata/freesurfer/sub-v2s10x28920_ses-1/surf/lh.orig
 1 1376057 FG1
 2 16711935 FG2
 3 16711680 FG3
 4 1705837 FG4
 5 25600 hOc1
 6 255 hOc2
 7 16776960 hOc3v
 8 65535 hOc4v
Mapping unhit to unknown
Found 126799 unhit vertices
Writing annot to /out/sourcedata/freesurfer/sub-v2s10x28920_ses-1/label/lh.mpm.vpnl.annot

 mri_label2label --srcsubject fsaverage --srclabel /out/sourcedata/freesurfer/fsaverage/label/lh.BA1_exvivo.thresh.label --trgsubject sub-v2s10x28920_ses-1 --trglabel ./lh.BA1_exvivo.thresh.label --hemi lh --regmethod surface 


srclabel = /out/sourcedata/freesurfer/fsaverage/label/lh.BA1_exvivo.thresh.label
srcsubject = fsaverage
trgsubject = sub-v2s10x28920_ses-1
trglabel = ./lh.BA1_exvivo.thresh.label
regmethod = surface

srchemi = lh
trghemi = lh
trgsurface = white
srcsurfreg = sphere.reg
trgsurfreg = sphere.reg
usehash = 1
Use ProjAbs  = 0, 0
Use ProjFrac = 0, 0
DoPaint 0

SUBJECTS_DIR    /out/sourcedata/freesurfer
FREESURFER_HOME /opt/freesurfer
Loading source label.
Found 1014 points in source label.
Starting surface-based mapping
Reading source registration 
 /out/sourcedata/freesurfer/fsaverage/surf/lh.sphere.reg
Rescaling ...  original radius = 100
Reading target surface 
 /out/sourcedata/freesurfer/sub-v2s10x28920_ses-1/surf/lh.white
Reading target registration 
 /out/sourcedata/freesurfer/sub-v2s10x28920_ses-1/surf/lh.sphere.reg
Rescaling ...  original radius = 100
Building target registration hash (res=16).
Building source registration hash (res=16).
INFO: found  1014 nlabel points
Performing mapping from target back to the source label 142829
Number of reverse mapping hits = 19
Checking for and removing duplicates
Writing label file ./lh.BA1_exvivo.thresh.label 1033
mri_label2label: Done


 mri_label2label --srcsubject fsaverage --srclabel /out/sourcedata/freesurfer/fsaverage/label/lh.BA2_exvivo.thresh.label --trgsubject sub-v2s10x28920_ses-1 --trglabel ./lh.BA2_exvivo.thresh.label --hemi lh --regmethod surface 


srclabel = /out/sourcedata/freesurfer/fsaverage/label/lh.BA2_exvivo.thresh.label
srcsubject = fsaverage
trgsubject = sub-v2s10x28920_ses-1
trglabel = ./lh.BA2_exvivo.thresh.label
regmethod = surface

srchemi = lh
trghemi = lh
trgsurface = white
srcsurfreg = sphere.reg
trgsurfreg = sphere.reg
usehash = 1
Use ProjAbs  = 0, 0
Use ProjFrac = 0, 0
DoPaint 0

SUBJECTS_DIR    /out/sourcedata/freesurfer
FREESURFER_HOME /opt/freesurfer
Loading source label.
Found 2092 points in source label.
Starting surface-based mapping
Reading source registration 
 /out/sourcedata/freesurfer/fsaverage/surf/lh.sphere.reg
Rescaling ...  original radius = 100
Reading target surface 
 /out/sourcedata/freesurfer/sub-v2s10x28920_ses-1/surf/lh.white
Reading target registration 
 /out/sourcedata/freesurfer/sub-v2s10x28920_ses-1/surf/lh.sphere.reg
Rescaling ...  original radius = 100
Building target registration hash (res=16).
Building source registration hash (res=16).
INFO: found  2092 nlabel points
Performing mapping from target back to the source label 142829
Number of reverse mapping hits = 38
Checking for and removing duplicates
Writing label file ./lh.BA2_exvivo.thresh.label 2130
mri_label2label: Done


 mri_label2label --srcsubject fsaverage --srclabel /out/sourcedata/freesurfer/fsaverage/label/lh.BA3a_exvivo.thresh.label --trgsubject sub-v2s10x28920_ses-1 --trglabel ./lh.BA3a_exvivo.thresh.label --hemi lh --regmethod surface 


srclabel = /out/sourcedata/freesurfer/fsaverage/label/lh.BA3a_exvivo.thresh.label
srcsubject = fsaverage
trgsubject = sub-v2s10x28920_ses-1
trglabel = ./lh.BA3a_exvivo.thresh.label
regmethod = surface

srchemi = lh
trghemi = lh
trgsurface = white
srcsurfreg = sphere.reg
trgsurfreg = sphere.reg
usehash = 1
Use ProjAbs  = 0, 0
Use ProjFrac = 0, 0
DoPaint 0

SUBJECTS_DIR    /out/sourcedata/freesurfer
FREESURFER_HOME /opt/freesurfer
Loading source label.
Found 1504 points in source label.
Starting surface-based mapping
Reading source registration 
 /out/sourcedata/freesurfer/fsaverage/surf/lh.sphere.reg
Rescaling ...  original radius = 100
Reading target surface 
 /out/sourcedata/freesurfer/sub-v2s10x28920_ses-1/surf/lh.white
Reading target registration 
 /out/sourcedata/freesurfer/sub-v2s10x28920_ses-1/surf/lh.sphere.reg
Rescaling ...  original radius = 100
Building target registration hash (res=16).
Building source registration hash (res=16).
INFO: found  1504 nlabel points
Performing mapping from target back to the source label 142829
Number of reverse mapping hits = 28
Checking for and removing duplicates
Writing label file ./lh.BA3a_exvivo.thresh.label 1532
mri_label2label: Done


 mri_label2label --srcsubject fsaverage --srclabel /out/sourcedata/freesurfer/fsaverage/label/lh.BA3b_exvivo.thresh.label --trgsubject sub-v2s10x28920_ses-1 --trglabel ./lh.BA3b_exvivo.thresh.label --hemi lh --regmethod surface 


srclabel = /out/sourcedata/freesurfer/fsaverage/label/lh.BA3b_exvivo.thresh.label
srcsubject = fsaverage
trgsubject = sub-v2s10x28920_ses-1
trglabel = ./lh.BA3b_exvivo.thresh.label
regmethod = surface

srchemi = lh
trghemi = lh
trgsurface = white
srcsurfreg = sphere.reg
trgsurfreg = sphere.reg
usehash = 1
Use ProjAbs  = 0, 0
Use ProjFrac = 0, 0
DoPaint 0

SUBJECTS_DIR    /out/sourcedata/freesurfer
FREESURFER_HOME /opt/freesurfer
Loading source label.
Found 1996 points in source label.
Starting surface-based mapping
Reading source registration 
 /out/sourcedata/freesurfer/fsaverage/surf/lh.sphere.reg
Rescaling ...  original radius = 100
Reading target surface 
 /out/sourcedata/freesurfer/sub-v2s10x28920_ses-1/surf/lh.white
Reading target registration 
 /out/sourcedata/freesurfer/sub-v2s10x28920_ses-1/surf/lh.sphere.reg
Rescaling ...  original radius = 100
Building target registration hash (res=16).
Building source registration hash (res=16).
INFO: found  1996 nlabel points
Performing mapping from target back to the source label 142829
Number of reverse mapping hits = 61
Checking for and removing duplicates
Writing label file ./lh.BA3b_exvivo.thresh.label 2057
mri_label2label: Done


 mri_label2label --srcsubject fsaverage --srclabel /out/sourcedata/freesurfer/fsaverage/label/lh.BA4a_exvivo.thresh.label --trgsubject sub-v2s10x28920_ses-1 --trglabel ./lh.BA4a_exvivo.thresh.label --hemi lh --regmethod surface 


srclabel = /out/sourcedata/freesurfer/fsaverage/label/lh.BA4a_exvivo.thresh.label
srcsubject = fsaverage
trgsubject = sub-v2s10x28920_ses-1
trglabel = ./lh.BA4a_exvivo.thresh.label
regmethod = surface

srchemi = lh
trghemi = lh
trgsurface = white
srcsurfreg = sphere.reg
trgsurfreg = sphere.reg
usehash = 1
Use ProjAbs  = 0, 0
Use ProjFrac = 0, 0
DoPaint 0

SUBJECTS_DIR    /out/sourcedata/freesurfer
FREESURFER_HOME /opt/freesurfer
Loading source label.
Found 2319 points in source label.
Starting surface-based mapping
Reading source registration 
 /out/sourcedata/freesurfer/fsaverage/surf/lh.sphere.reg
Rescaling ...  original radius = 100
Reading target surface 
 /out/sourcedata/freesurfer/sub-v2s10x28920_ses-1/surf/lh.white
Reading target registration 
 /out/sourcedata/freesurfer/sub-v2s10x28920_ses-1/surf/lh.sphere.reg
Rescaling ...  original radius = 100
Building target registration hash (res=16).
Building source registration hash (res=16).
INFO: found  2319 nlabel points
Performing mapping from target back to the source label 142829
Number of reverse mapping hits = 84
Checking for and removing duplicates
Writing label file ./lh.BA4a_exvivo.thresh.label 2403
mri_label2label: Done


 mri_label2label --srcsubject fsaverage --srclabel /out/sourcedata/freesurfer/fsaverage/label/lh.BA4p_exvivo.thresh.label --trgsubject sub-v2s10x28920_ses-1 --trglabel ./lh.BA4p_exvivo.thresh.label --hemi lh --regmethod surface 


srclabel = /out/sourcedata/freesurfer/fsaverage/label/lh.BA4p_exvivo.thresh.label
srcsubject = fsaverage
trgsubject = sub-v2s10x28920_ses-1
trglabel = ./lh.BA4p_exvivo.thresh.label
regmethod = surface

srchemi = lh
trghemi = lh
trgsurface = white
srcsurfreg = sphere.reg
trgsurfreg = sphere.reg
usehash = 1
Use ProjAbs  = 0, 0
Use ProjFrac = 0, 0
DoPaint 0

SUBJECTS_DIR    /out/sourcedata/freesurfer
FREESURFER_HOME /opt/freesurfer
Loading source label.
Found 1549 points in source label.
Starting surface-based mapping
Reading source registration 
 /out/sourcedata/freesurfer/fsaverage/surf/lh.sphere.reg
Rescaling ...  original radius = 100
Reading target surface 
 /out/sourcedata/freesurfer/sub-v2s10x28920_ses-1/surf/lh.white
Reading target registration 
 /out/sourcedata/freesurfer/sub-v2s10x28920_ses-1/surf/lh.sphere.reg
Rescaling ...  original radius = 100
Building target registration hash (res=16).
Building source registration hash (res=16).
INFO: found  1549 nlabel points
Performing mapping from target back to the source label 142829
Number of reverse mapping hits = 29
Checking for and removing duplicates
Writing label file ./lh.BA4p_exvivo.thresh.label 1578
mri_label2label: Done


 mri_label2label --srcsubject fsaverage --srclabel /out/sourcedata/freesurfer/fsaverage/label/lh.BA6_exvivo.thresh.label --trgsubject sub-v2s10x28920_ses-1 --trglabel ./lh.BA6_exvivo.thresh.label --hemi lh --regmethod surface 


srclabel = /out/sourcedata/freesurfer/fsaverage/label/lh.BA6_exvivo.thresh.label
srcsubject = fsaverage
trgsubject = sub-v2s10x28920_ses-1
trglabel = ./lh.BA6_exvivo.thresh.label
regmethod = surface

srchemi = lh
trghemi = lh
trgsurface = white
srcsurfreg = sphere.reg
trgsurfreg = sphere.reg
usehash = 1
Use ProjAbs  = 0, 0
Use ProjFrac = 0, 0
DoPaint 0

SUBJECTS_DIR    /out/sourcedata/freesurfer
FREESURFER_HOME /opt/freesurfer
Loading source label.
Found 7035 points in source label.
Starting surface-based mapping
Reading source registration 
 /out/sourcedata/freesurfer/fsaverage/surf/lh.sphere.reg
Rescaling ...  original radius = 100
Reading target surface 
 /out/sourcedata/freesurfer/sub-v2s10x28920_ses-1/surf/lh.white
Reading target registration 
 /out/sourcedata/freesurfer/sub-v2s10x28920_ses-1/surf/lh.sphere.reg
Rescaling ...  original radius = 100
Building target registration hash (res=16).
Building source registration hash (res=16).
INFO: found  7035 nlabel points
Performing mapping from target back to the source label 142829
Number of reverse mapping hits = 370
Checking for and removing duplicates
Writing label file ./lh.BA6_exvivo.thresh.label 7405
mri_label2label: Done


 mri_label2label --srcsubject fsaverage --srclabel /out/sourcedata/freesurfer/fsaverage/label/lh.BA44_exvivo.thresh.label --trgsubject sub-v2s10x28920_ses-1 --trglabel ./lh.BA44_exvivo.thresh.label --hemi lh --regmethod surface 


srclabel = /out/sourcedata/freesurfer/fsaverage/label/lh.BA44_exvivo.thresh.label
srcsubject = fsaverage
trgsubject = sub-v2s10x28920_ses-1
trglabel = ./lh.BA44_exvivo.thresh.label
regmethod = surface

srchemi = lh
trghemi = lh
trgsurface = white
srcsurfreg = sphere.reg
trgsurfreg = sphere.reg
usehash = 1
Use ProjAbs  = 0, 0
Use ProjFrac = 0, 0
DoPaint 0

SUBJECTS_DIR    /out/sourcedata/freesurfer
FREESURFER_HOME /opt/freesurfer
Loading source label.
Found 1912 points in source label.
Starting surface-based mapping
Reading source registration 
 /out/sourcedata/freesurfer/fsaverage/surf/lh.sphere.reg
Rescaling ...  original radius = 100
Reading target surface 
 /out/sourcedata/freesurfer/sub-v2s10x28920_ses-1/surf/lh.white
Reading target registration 
 /out/sourcedata/freesurfer/sub-v2s10x28920_ses-1/surf/lh.sphere.reg
Rescaling ...  original radius = 100
Building target registration hash (res=16).
Building source registration hash (res=16).
INFO: found  1912 nlabel points
Performing mapping from target back to the source label 142829
Number of reverse mapping hits = 147
Checking for and removing duplicates
Writing label file ./lh.BA44_exvivo.thresh.label 2059
mri_label2label: Done


 mri_label2label --srcsubject fsaverage --srclabel /out/sourcedata/freesurfer/fsaverage/label/lh.BA45_exvivo.thresh.label --trgsubject sub-v2s10x28920_ses-1 --trglabel ./lh.BA45_exvivo.thresh.label --hemi lh --regmethod surface 


srclabel = /out/sourcedata/freesurfer/fsaverage/label/lh.BA45_exvivo.thresh.label
srcsubject = fsaverage
trgsubject = sub-v2s10x28920_ses-1
trglabel = ./lh.BA45_exvivo.thresh.label
regmethod = surface

srchemi = lh
trghemi = lh
trgsurface = white
srcsurfreg = sphere.reg
trgsurfreg = sphere.reg
usehash = 1
Use ProjAbs  = 0, 0
Use ProjFrac = 0, 0
DoPaint 0

SUBJECTS_DIR    /out/sourcedata/freesurfer
FREESURFER_HOME /opt/freesurfer
Loading source label.
Found 1151 points in source label.
Starting surface-based mapping
Reading source registration 
 /out/sourcedata/freesurfer/fsaverage/surf/lh.sphere.reg
Rescaling ...  original radius = 100
Reading target surface 
 /out/sourcedata/freesurfer/sub-v2s10x28920_ses-1/surf/lh.white
Reading target registration 
 /out/sourcedata/freesurfer/sub-v2s10x28920_ses-1/surf/lh.sphere.reg
Rescaling ...  original radius = 100
Building target registration hash (res=16).
Building source registration hash (res=16).
INFO: found  1151 nlabel points
Performing mapping from target back to the source label 142829
Number of reverse mapping hits = 416
Checking for and removing duplicates
Writing label file ./lh.BA45_exvivo.thresh.label 1567
mri_label2label: Done


 mri_label2label --srcsubject fsaverage --srclabel /out/sourcedata/freesurfer/fsaverage/label/lh.V1_exvivo.thresh.label --trgsubject sub-v2s10x28920_ses-1 --trglabel ./lh.V1_exvivo.thresh.label --hemi lh --regmethod surface 


srclabel = /out/sourcedata/freesurfer/fsaverage/label/lh.V1_exvivo.thresh.label
srcsubject = fsaverage
trgsubject = sub-v2s10x28920_ses-1
trglabel = ./lh.V1_exvivo.thresh.label
regmethod = surface

srchemi = lh
trghemi = lh
trgsurface = white
srcsurfreg = sphere.reg
trgsurfreg = sphere.reg
usehash = 1
Use ProjAbs  = 0, 0
Use ProjFrac = 0, 0
DoPaint 0

SUBJECTS_DIR    /out/sourcedata/freesurfer
FREESURFER_HOME /opt/freesurfer
Loading source label.
Found 3405 points in source label.
Starting surface-based mapping
Reading source registration 
 /out/sourcedata/freesurfer/fsaverage/surf/lh.sphere.reg
Rescaling ...  original radius = 100
Reading target surface 
 /out/sourcedata/freesurfer/sub-v2s10x28920_ses-1/surf/lh.white
Reading target registration 
 /out/sourcedata/freesurfer/sub-v2s10x28920_ses-1/surf/lh.sphere.reg
Rescaling ...  original radius = 100
Building target registration hash (res=16).
Building source registration hash (res=16).
INFO: found  3405 nlabel points
Performing mapping from target back to the source label 142829
Number of reverse mapping hits = 528
Checking for and removing duplicates
Writing label file ./lh.V1_exvivo.thresh.label 3933
mri_label2label: Done


 mri_label2label --srcsubject fsaverage --srclabel /out/sourcedata/freesurfer/fsaverage/label/lh.V2_exvivo.thresh.label --trgsubject sub-v2s10x28920_ses-1 --trglabel ./lh.V2_exvivo.thresh.label --hemi lh --regmethod surface 


srclabel = /out/sourcedata/freesurfer/fsaverage/label/lh.V2_exvivo.thresh.label
srcsubject = fsaverage
trgsubject = sub-v2s10x28920_ses-1
trglabel = ./lh.V2_exvivo.thresh.label
regmethod = surface

srchemi = lh
trghemi = lh
trgsurface = white
srcsurfreg = sphere.reg
trgsurfreg = sphere.reg
usehash = 1
Use ProjAbs  = 0, 0
Use ProjFrac = 0, 0
DoPaint 0

SUBJECTS_DIR    /out/sourcedata/freesurfer
FREESURFER_HOME /opt/freesurfer
Loading source label.
Found 3334 points in source label.
Starting surface-based mapping
Reading source registration 
 /out/sourcedata/freesurfer/fsaverage/surf/lh.sphere.reg
Rescaling ...  original radius = 100
Reading target surface 
 /out/sourcedata/freesurfer/sub-v2s10x28920_ses-1/surf/lh.white
Reading target registration 
 /out/sourcedata/freesurfer/sub-v2s10x28920_ses-1/surf/lh.sphere.reg
Rescaling ...  original radius = 100
Building target registration hash (res=16).
Building source registration hash (res=16).
INFO: found  3334 nlabel points
Performing mapping from target back to the source label 142829
Number of reverse mapping hits = 986
Checking for and removing duplicates
Writing label file ./lh.V2_exvivo.thresh.label 4320
mri_label2label: Done


 mri_label2label --srcsubject fsaverage --srclabel /out/sourcedata/freesurfer/fsaverage/label/lh.MT_exvivo.thresh.label --trgsubject sub-v2s10x28920_ses-1 --trglabel ./lh.MT_exvivo.thresh.label --hemi lh --regmethod surface 


srclabel = /out/sourcedata/freesurfer/fsaverage/label/lh.MT_exvivo.thresh.label
srcsubject = fsaverage
trgsubject = sub-v2s10x28920_ses-1
trglabel = ./lh.MT_exvivo.thresh.label
regmethod = surface

srchemi = lh
trghemi = lh
trgsurface = white
srcsurfreg = sphere.reg
trgsurfreg = sphere.reg
usehash = 1
Use ProjAbs  = 0, 0
Use ProjFrac = 0, 0
DoPaint 0

SUBJECTS_DIR    /out/sourcedata/freesurfer
FREESURFER_HOME /opt/freesurfer
Loading source label.
Found 513 points in source label.
Starting surface-based mapping
Reading source registration 
 /out/sourcedata/freesurfer/fsaverage/surf/lh.sphere.reg
Rescaling ...  original radius = 100
Reading target surface 
 /out/sourcedata/freesurfer/sub-v2s10x28920_ses-1/surf/lh.white
Reading target registration 
 /out/sourcedata/freesurfer/sub-v2s10x28920_ses-1/surf/lh.sphere.reg
Rescaling ...  original radius = 100
Building target registration hash (res=16).
Building source registration hash (res=16).
INFO: found  513 nlabel points
Performing mapping from target back to the source label 142829
Number of reverse mapping hits = 55
Checking for and removing duplicates
Writing label file ./lh.MT_exvivo.thresh.label 568
mri_label2label: Done


 mri_label2label --srcsubject fsaverage --srclabel /out/sourcedata/freesurfer/fsaverage/label/lh.entorhinal_exvivo.thresh.label --trgsubject sub-v2s10x28920_ses-1 --trglabel ./lh.entorhinal_exvivo.thresh.label --hemi lh --regmethod surface 


srclabel = /out/sourcedata/freesurfer/fsaverage/label/lh.entorhinal_exvivo.thresh.label
srcsubject = fsaverage
trgsubject = sub-v2s10x28920_ses-1
trglabel = ./lh.entorhinal_exvivo.thresh.label
regmethod = surface

srchemi = lh
trghemi = lh
trgsurface = white
srcsurfreg = sphere.reg
trgsurfreg = sphere.reg
usehash = 1
Use ProjAbs  = 0, 0
Use ProjFrac = 0, 0
DoPaint 0

SUBJECTS_DIR    /out/sourcedata/freesurfer
FREESURFER_HOME /opt/freesurfer
Loading source label.
Found 470 points in source label.
Starting surface-based mapping
Reading source registration 
 /out/sourcedata/freesurfer/fsaverage/surf/lh.sphere.reg
Rescaling ...  original radius = 100
Reading target surface 
 /out/sourcedata/freesurfer/sub-v2s10x28920_ses-1/surf/lh.white
Reading target registration 
 /out/sourcedata/freesurfer/sub-v2s10x28920_ses-1/surf/lh.sphere.reg
Rescaling ...  original radius = 100
Building target registration hash (res=16).
Building source registration hash (res=16).
INFO: found  470 nlabel points
Performing mapping from target back to the source label 142829
Number of reverse mapping hits = 67
Checking for and removing duplicates
Writing label file ./lh.entorhinal_exvivo.thresh.label 537
mri_label2label: Done


 mri_label2label --srcsubject fsaverage --srclabel /out/sourcedata/freesurfer/fsaverage/label/lh.perirhinal_exvivo.thresh.label --trgsubject sub-v2s10x28920_ses-1 --trglabel ./lh.perirhinal_exvivo.thresh.label --hemi lh --regmethod surface 


srclabel = /out/sourcedata/freesurfer/fsaverage/label/lh.perirhinal_exvivo.thresh.label
srcsubject = fsaverage
trgsubject = sub-v2s10x28920_ses-1
trglabel = ./lh.perirhinal_exvivo.thresh.label
regmethod = surface

srchemi = lh
trghemi = lh
trgsurface = white
srcsurfreg = sphere.reg
trgsurfreg = sphere.reg
usehash = 1
Use ProjAbs  = 0, 0
Use ProjFrac = 0, 0
DoPaint 0

SUBJECTS_DIR    /out/sourcedata/freesurfer
FREESURFER_HOME /opt/freesurfer
Loading source label.
Found 450 points in source label.
Starting surface-based mapping
Reading source registration 
 /out/sourcedata/freesurfer/fsaverage/surf/lh.sphere.reg
Rescaling ...  original radius = 100
Reading target surface 
 /out/sourcedata/freesurfer/sub-v2s10x28920_ses-1/surf/lh.white
Reading target registration 
 /out/sourcedata/freesurfer/sub-v2s10x28920_ses-1/surf/lh.sphere.reg
Rescaling ...  original radius = 100
Building target registration hash (res=16).
Building source registration hash (res=16).
INFO: found  450 nlabel points
Performing mapping from target back to the source label 142829
Number of reverse mapping hits = 43
Checking for and removing duplicates
Writing label file ./lh.perirhinal_exvivo.thresh.label 493
mri_label2label: Done


 mris_label2annot --s sub-v2s10x28920_ses-1 --hemi lh --ctab /opt/freesurfer/average/colortable_BA.txt --l lh.BA1_exvivo.label --l lh.BA2_exvivo.label --l lh.BA3a_exvivo.label --l lh.BA3b_exvivo.label --l lh.BA4a_exvivo.label --l lh.BA4p_exvivo.label --l lh.BA6_exvivo.label --l lh.BA44_exvivo.label --l lh.BA45_exvivo.label --l lh.V1_exvivo.label --l lh.V2_exvivo.label --l lh.MT_exvivo.label --l lh.perirhinal_exvivo.label --l lh.entorhinal_exvivo.label --a BA_exvivo --maxstatwinner --noverbose 

Reading ctab /opt/freesurfer/average/colortable_BA.txt
Number of ctab entries 15

7.3.2
cwd /out/sourcedata/freesurfer/sub-v2s10x28920_ses-1/label
cmdline mris_label2annot --s sub-v2s10x28920_ses-1 --hemi lh --ctab /opt/freesurfer/average/colortable_BA.txt --l lh.BA1_exvivo.label --l lh.BA2_exvivo.label --l lh.BA3a_exvivo.label --l lh.BA3b_exvivo.label --l lh.BA4a_exvivo.label --l lh.BA4p_exvivo.label --l lh.BA6_exvivo.label --l lh.BA44_exvivo.label --l lh.BA45_exvivo.label --l lh.V1_exvivo.label --l lh.V2_exvivo.label --l lh.MT_exvivo.label --l lh.perirhinal_exvivo.label --l lh.entorhinal_exvivo.label --a BA_exvivo --maxstatwinner --noverbose 
sysname  Linux
hostname dna065
machine  x86_64
user     oesteban

subject sub-v2s10x28920_ses-1
hemi    lh
SUBJECTS_DIR /out/sourcedata/freesurfer
ColorTable /opt/freesurfer/average/colortable_BA.txt
AnnotName  BA_exvivo
nlables 14
LabelThresh 0 0.000000
Loading /out/sourcedata/freesurfer/sub-v2s10x28920_ses-1/surf/lh.orig
 1 1530880 BA1_exvivo
 2 16749699 BA2_exvivo
 3 16711680 BA3a_exvivo
 4 3368703 BA3b_exvivo
 5 1376196 BA4a_exvivo
 6 13382655 BA4p_exvivo
 7 10036737 BA6_exvivo
 8 2490521 BA44_exvivo
 9 39283 BA45_exvivo
10 3993 V1_exvivo
11 8508928 V2_exvivo
12 10027163 MT_exvivo
13 16422433 perirhinal_exvivo
14 16392598 entorhinal_exvivo
Mapping unhit to unknown
Found 100151 unhit vertices
Writing annot to /out/sourcedata/freesurfer/sub-v2s10x28920_ses-1/label/lh.BA_exvivo.annot

 mris_label2annot --s sub-v2s10x28920_ses-1 --hemi lh --ctab /opt/freesurfer/average/colortable_BA.txt --l lh.BA1_exvivo.thresh.label --l lh.BA2_exvivo.thresh.label --l lh.BA3a_exvivo.thresh.label --l lh.BA3b_exvivo.thresh.label --l lh.BA4a_exvivo.thresh.label --l lh.BA4p_exvivo.thresh.label --l lh.BA6_exvivo.thresh.label --l lh.BA44_exvivo.thresh.label --l lh.BA45_exvivo.thresh.label --l lh.V1_exvivo.thresh.label --l lh.V2_exvivo.thresh.label --l lh.MT_exvivo.thresh.label --l lh.perirhinal_exvivo.thresh.label --l lh.entorhinal_exvivo.thresh.label --a BA_exvivo.thresh --maxstatwinner --noverbose 

Reading ctab /opt/freesurfer/average/colortable_BA.txt
Number of ctab entries 15

7.3.2
cwd /out/sourcedata/freesurfer/sub-v2s10x28920_ses-1/label
cmdline mris_label2annot --s sub-v2s10x28920_ses-1 --hemi lh --ctab /opt/freesurfer/average/colortable_BA.txt --l lh.BA1_exvivo.thresh.label --l lh.BA2_exvivo.thresh.label --l lh.BA3a_exvivo.thresh.label --l lh.BA3b_exvivo.thresh.label --l lh.BA4a_exvivo.thresh.label --l lh.BA4p_exvivo.thresh.label --l lh.BA6_exvivo.thresh.label --l lh.BA44_exvivo.thresh.label --l lh.BA45_exvivo.thresh.label --l lh.V1_exvivo.thresh.label --l lh.V2_exvivo.thresh.label --l lh.MT_exvivo.thresh.label --l lh.perirhinal_exvivo.thresh.label --l lh.entorhinal_exvivo.thresh.label --a BA_exvivo.thresh --maxstatwinner --noverbose 
sysname  Linux
hostname dna065
machine  x86_64
user     oesteban

subject sub-v2s10x28920_ses-1
hemi    lh
SUBJECTS_DIR /out/sourcedata/freesurfer
ColorTable /opt/freesurfer/average/colortable_BA.txt
AnnotName  BA_exvivo.thresh
nlables 14
LabelThresh 0 0.000000
Loading /out/sourcedata/freesurfer/sub-v2s10x28920_ses-1/surf/lh.orig
 1 1530880 BA1_exvivo
 2 16749699 BA2_exvivo
 3 16711680 BA3a_exvivo
 4 3368703 BA3b_exvivo
 5 1376196 BA4a_exvivo
 6 13382655 BA4p_exvivo
 7 10036737 BA6_exvivo
 8 2490521 BA44_exvivo
 9 39283 BA45_exvivo
10 3993 V1_exvivo
11 8508928 V2_exvivo
12 10027163 MT_exvivo
13 16422433 perirhinal_exvivo
14 16392598 entorhinal_exvivo
Mapping unhit to unknown
Found 117841 unhit vertices
Writing annot to /out/sourcedata/freesurfer/sub-v2s10x28920_ses-1/label/lh.BA_exvivo.thresh.annot

 mris_anatomical_stats -th3 -mgz -noglobal -f ../stats/lh.BA_exvivo.stats -b -a ./lh.BA_exvivo.annot -c ./BA_exvivo.ctab sub-v2s10x28920_ses-1 lh white 

computing statistics for each annotation in ./lh.BA_exvivo.annot.
reading volume /out/sourcedata/freesurfer/sub-v2s10x28920_ses-1/mri/wm.mgz...
reading input surface /out/sourcedata/freesurfer/sub-v2s10x28920_ses-1/surf/lh.white...
reading input pial surface /out/sourcedata/freesurfer/sub-v2s10x28920_ses-1/surf/lh.pial...
reading input white surface /out/sourcedata/freesurfer/sub-v2s10x28920_ses-1/surf/lh.white...
INFO: using TH3 volume calc
INFO: assuming MGZ format for volumes.
INFO: not computing global stats
Using TH3 vertex volume calc
Total face volume 285938
Total vertex volume 285715 (mask=0)
Saving annotation colortable ./BA_exvivo.ctab

table columns are:
    number of vertices
    total surface area (mm^2)
    total gray matter volume (mm^3)
    average cortical thickness +- standard deviation (mm)
    integrated rectified mean curvature
    integrated rectified Gaussian curvature
    folding index
    intrinsic curvature index
    structure name

 1112    743   2505  2.557 0.584     0.135     0.027       17     1.1  BA1_exvivo
 3611   2451   6772  2.628 0.613     0.109     0.019       30     3.0  BA2_exvivo
 1160    766    999  1.665 0.369     0.116     0.019        9     0.9  BA3a_exvivo
 2437   1616   3614  1.960 0.735     0.103     0.017       22     2.0  BA3b_exvivo
 1796   1075   3401  2.713 0.428     0.089     0.016       11     1.2  BA4a_exvivo
 1391    894   1985  2.272 0.420     0.077     0.011        6     0.6  BA4p_exvivo
10295   7119  24394  2.856 0.581     0.108     0.018       96     8.0  BA6_exvivo
 2608   1782   5994  2.953 0.485     0.103     0.018       25     1.8  BA44_exvivo
 3623   2499   8032  2.650 0.660     0.112     0.021       42     3.1  BA45_exvivo
 3177   2053   3617  1.717 0.528     0.114     0.023       28     3.1  V1_exvivo
 8149   5487  12176  2.075 0.615     0.130     0.028       91     9.8  V2_exvivo
 1817   1244   3970  2.851 0.571     0.127     0.025       21     2.0  MT_exvivo
  802    505   1703  2.898 0.881     0.098     0.027       10     0.8  perirhinal_exvivo
  700    457   2144  3.214 1.122     0.112     0.039        9     1.4  entorhinal_exvivo

 mris_anatomical_stats -th3 -mgz -f ../stats/lh.BA_exvivo.thresh.stats -noglobal -b -a ./lh.BA_exvivo.thresh.annot -c ./BA_exvivo.thresh.ctab sub-v2s10x28920_ses-1 lh white 

computing statistics for each annotation in ./lh.BA_exvivo.thresh.annot.
reading volume /out/sourcedata/freesurfer/sub-v2s10x28920_ses-1/mri/wm.mgz...
reading input surface /out/sourcedata/freesurfer/sub-v2s10x28920_ses-1/surf/lh.white...
reading input pial surface /out/sourcedata/freesurfer/sub-v2s10x28920_ses-1/surf/lh.pial...
reading input white surface /out/sourcedata/freesurfer/sub-v2s10x28920_ses-1/surf/lh.white...
INFO: using TH3 volume calc
INFO: assuming MGZ format for volumes.
INFO: not computing global stats
Using TH3 vertex volume calc
Total face volume 285938
Total vertex volume 285715 (mask=0)
Saving annotation colortable ./BA_exvivo.thresh.ctab

table columns are:
    number of vertices
    total surface area (mm^2)
    total gray matter volume (mm^3)
    average cortical thickness +- standard deviation (mm)
    integrated rectified mean curvature
    integrated rectified Gaussian curvature
    folding index
    intrinsic curvature index
    structure name

  691    440   1640  2.677 0.467     0.137     0.031       11     0.9  BA1_exvivo
 1470    995   2919  2.696 0.616     0.095     0.016        9     0.9  BA2_exvivo
  999    663    816  1.647 0.337     0.125     0.021        8     0.9  BA3a_exvivo
 1504   1003   1739  1.591 0.449     0.081     0.009        7     0.7  BA3b_exvivo
 1728   1075   3172  2.679 0.361     0.080     0.013        8     1.0  BA4a_exvivo
 1122    727   1499  2.155 0.420     0.081     0.011        5     0.6  BA4p_exvivo
 5646   3880  13426  2.850 0.578     0.112     0.019       55     4.5  BA6_exvivo
 1681   1171   4001  2.914 0.473     0.111     0.019       20     1.3  BA44_exvivo
 1523   1050   3361  2.621 0.567     0.122     0.023       22     1.5  BA45_exvivo
 3395   2207   3900  1.715 0.521     0.114     0.023       29     3.4  V1_exvivo
 3971   2633   5280  1.891 0.546     0.133     0.029       48     4.9  V2_exvivo
  479    335    993  2.829 0.397     0.136     0.026        6     0.6  MT_exvivo
  328    203    823  3.311 0.776     0.079     0.028        2     0.3  perirhinal_exvivo
  451    290   1435  3.401 0.977     0.096     0.028        4     0.6  entorhinal_exvivo

Started at Sun Mar 15 10:15:29 CET 2026 
Ended   at Sun Mar 15 10:18:09 CET 2026
#@#%# recon-all-run-time-hours 0.044
recon-all -s sub-v2s10x28920_ses-1 finished without error at Sun Mar 15 10:18:09 CET 2026
