global_signal	global_signal_derivative1	global_signal_derivative1_power2	global_signal_power2	csf	csf_derivative1	csf_derivative1_power2	csf_power2	white_matter	white_matter_derivative1	white_matter_power2	white_matter_derivative1_power2	csf_wm	tcompcor	std_dvars	dvars	framewise_displacement	rmsd	t_comp_cor_00	t_comp_cor_01	t_comp_cor_02	t_comp_cor_03	c_comp_cor_00	c_comp_cor_01	c_comp_cor_02	c_comp_cor_03	c_comp_cor_04	w_comp_cor_00	w_comp_cor_01	w_comp_cor_02	w_comp_cor_03	w_comp_cor_04	w_comp_cor_05	w_comp_cor_06	w_comp_cor_07	w_comp_cor_08	w_comp_cor_09	w_comp_cor_10	w_comp_cor_11	w_comp_cor_12	w_comp_cor_13	w_comp_cor_14	w_comp_cor_15	w_comp_cor_16	w_comp_cor_17	w_comp_cor_18	w_comp_cor_19	w_comp_cor_20	w_comp_cor_21	w_comp_cor_22	w_comp_cor_23	w_comp_cor_24	w_comp_cor_25	w_comp_cor_26	w_comp_cor_27	w_comp_cor_28	w_comp_cor_29	a_comp_cor_00	a_comp_cor_01	a_comp_cor_02	a_comp_cor_03	a_comp_cor_04	a_comp_cor_05	a_comp_cor_06	a_comp_cor_07	a_comp_cor_08	a_comp_cor_09	a_comp_cor_10	a_comp_cor_11	a_comp_cor_12	a_comp_cor_13	a_comp_cor_14	a_comp_cor_15	a_comp_cor_16	a_comp_cor_17	a_comp_cor_18	a_comp_cor_19	a_comp_cor_20	a_comp_cor_21	a_comp_cor_22	a_comp_cor_23	a_comp_cor_24	a_comp_cor_25	edge_comp_00	edge_comp_01	edge_comp_02	edge_comp_03	edge_comp_04	edge_comp_05	edge_comp_06	edge_comp_07	edge_comp_08	edge_comp_09	edge_comp_10	edge_comp_11	edge_comp_12	edge_comp_13	edge_comp_14	edge_comp_15	edge_comp_16	edge_comp_17	edge_comp_18	edge_comp_19	edge_comp_20	edge_comp_21	edge_comp_22	edge_comp_23	cosine00	cosine01	cosine02	trans_x	trans_x_derivative1	trans_x_derivative1_power2	trans_x_power2	trans_y	trans_y_derivative1	trans_y_power2	trans_y_derivative1_power2	trans_z	trans_z_derivative1	trans_z_power2	trans_z_derivative1_power2	rot_x	rot_x_derivative1	rot_x_power2	rot_x_derivative1_power2	rot_y	rot_y_derivative1	rot_y_derivative1_power2	rot_y_power2	rot_z	rot_z_derivative1	rot_z_power2	rot_z_derivative1_power2	motion_outlier00	motion_outlier01	motion_outlier02	motion_outlier03	motion_outlier04
892.7496223417511	n/a	n/a	797001.8881913392	819.7740173339844	n/a	n/a	672029.4394958997	850.8380227745126	n/a	723925.340998842	n/a	847.6574518271634	658.5143413820128	n/a	n/a	n/a	n/a	-0.0174529879	0.0192766381	-0.1775765034	0.0591047074	0.1996312233	-0.0326149715	0.067175487	-0.0144732778	0.0978468152	-0.1345802777	0.1222783054	-0.1706586608	0.0075461307	-0.1076991793	0.1062837138	-0.0687289755	0.0954039647	-0.0793969878	0.023700899	0.0753326436	-0.0329192075	0.0173292123	-0.0332532749	0.0411866898	-0.0177716572	0.0459965942	-0.1484521503	0.0226770941	-0.0128321191	0.0647879322	-0.1457219708	0.1471564984	-0.059938429	0.0949039986	-0.0321109659	-0.0169577765	-0.0836756132	0.0868615206	-0.0477723299	-0.152441008	0.0247333366	-0.1669788977	0.0431965395	-0.0110844369	-0.1682936963	0.1455956093	-0.0591421246	0.0211443522	-0.0106289672	0.1266524507	-0.0158713861	-0.0581120814	0.0024967593	-0.1858617418	0.1041403901	-0.074213506	0.014648461	-0.0596504983	0.0310149348	-0.06115523	0.0382155019	-0.0936351057	0.0334443097	-0.0797213017	0.0930464732	-0.0744066066	0.0815285067	-0.1182684062	0.1236329386	-0.0448697061	0.0103692838	-0.0352838234	0.0344904129	-0.0251748339	0.0526171504	-0.0682006816	0.1515774035	-0.0810790988	0.1302669419	-0.0945880649	0.0540188664	-0.1259654372	0.0016773888	-0.0360133853	0.1058051505	-0.0772033177	0.1286126377	-0.0441442963	0.007239204	0.1290883846	0.1290552057	0.1289999139	-1.177712532296482e-05	n/a	n/a	1.387006808728192e-10	-0.0688590402229891	n/a	0.0047415674204312	n/a	0.0043808509978617	n/a	1.919185546546585e-05	n/a	-0.0010039997286031	n/a	1.0080154550350985e-06	n/a	6.648459560665288e-12	n/a	n/a	4.420201452980168e-23	1.3247355794797355e-11	n/a	1.7549243555395106e-22	n/a	0.0	0.0	0.0	0.0	0.0
893.3026632647745	0.5530409230234454	0.3058542625386244	797989.6481959391	817.0200948378618	-2.7539224961225277	7.584089114649731	667521.8353688688	850.6543107139017	-0.183712060610901	723612.7563361432	0.0337501212139033	846.9421070679106	673.8231942860976	1.027042	13.957478	0.0295999663102811	0.0180612195145274	-0.1298982818	-0.0213487224	-0.1189081481	0.0221332166	0.2020247193	-0.0816067124	-0.0052420897	-0.0101034101	0.0724622413	-0.0731164394	-0.0096911069	-0.1526311429	0.031010742	0.011233438	0.132761946	0.0371748916	0.1163439698	0.033651972	-0.0283497409	0.0226997978	-0.0887079746	-0.1717122911	-0.0920296053	0.1024103233	-0.1682072059	0.0072597	-0.0005532129	0.2368464948	0.1242503584	0.1708260123	0.1032198249	0.0301978003	-0.046301395	-0.0474550042	0.0209609997	0.0069069794	0.0580407448	0.0687945064	-0.0139933903	-0.1036309517	-0.0765052867	-0.1196901746	0.0538797197	0.0453449467	-0.0374363945	0.0711465631	-0.1015445712	-0.1659108917	0.1115795682	0.1430415019	-0.055556487	0.0598367562	-0.066663338	-0.1167661161	0.0095293282	0.03560777	-0.0187644989	-0.0449478982	-0.0439439963	-0.1048503162	0.1705295755	-0.1751921587	-0.0373667292	-0.1355501701	-0.1756443433	-0.0213174305	0.1475869696	-0.0689918847	0.1101954224	-0.062567528	-0.015537282	0.003735901	0.0411606074	0.0196812472	-0.0384435935	-0.0411666589	0.078980166	0.0902945585	0.1867010084	0.0196117806	-0.0255736172	0.0054443907	-0.1079894051	-0.007019687	-0.0046444647	-0.015022646	0.0981132894	-0.0215019847	0.0184084193	0.1289999139	0.1287014744	0.1282045865	-2.555622285171921e-05	-1.377909752875439e-05	1.898635287069253e-10	6.53120526446735e-10	-0.055114936780356	0.013744103442633	0.0030376562563026	0.0001889003794417	0.0042407212498289	-0.0001401297480327	1.798371671875039e-05	1.9636346283735986e-08	-0.0007910003559775	0.0002129993726255	6.256815631565317e-07	4.5368732738899174e-08	0.0001009997397014	0.0001009997330529	1.0200946076765229e-08	1.0200947419750556e-08	3.9988010546007566e-08	3.9974763190212775e-08	1.5990409874276124e-15	1.5979816921135898e-15	0.0	0.0	0.0	0.0	0.0
890.4967895969057	-2.805873667868809	7.872927040039564	792984.5322823958	811.9320702945485	-5.088024543313395	25.88799375335948	659233.6867727916	850.2053756213907	-0.4489350925110784	722849.18073551	0.2015427172879305	846.090251367069	672.1708147145699	1.177646	16.004179	0.0217208992364074	0.0129954305029464	-0.1287625108	-0.0026696671	0.0629241679	-0.0868495261	0.0728311801	-0.024375913	-0.1378137811	0.1267768321	0.0296003037	0.1040129992	-0.1008892213	0.0154150328	0.0442954148	0.0856496967	0.1100227968	0.0815385154	0.0565985183	0.1244040832	-0.0483859347	-0.074071499	-0.1884589484	0.0091925025	-0.005869725	-0.0838837527	0.0153471122	-0.1086374328	0.0094537455	0.1530965704	-0.0053283444	0.014143858	-0.075214686	0.0298516705	-0.0602837389	-0.0309018704	0.0824005664	0.0283576743	-0.1273508282	0.0448886047	-0.1129863156	0.0884906474	-0.0943495599	0.0282369874	0.0016158492	0.1147773482	0.1198680802	0.0144262892	0.0228731302	-0.0853477742	0.1336630522	0.176543759	0.0231129248	-0.0173659066	-0.0974508563	-0.0218550812	-0.0117440169	-0.0644425716	-0.1682017073	0.0467993896	0.1191613107	-0.0717528464	-0.0581934561	-0.0635044082	-0.0800484489	-0.0452522007	0.0152498077	0.0024133699	0.0963729554	0.0963757516	0.0043463202	-0.0388344856	0.0857931763	0.0058129933	0.0500052952	-0.0239735708	-0.1244280372	-0.0765529762	0.1171582794	-0.0096984497	0.1129181319	-0.0820416165	0.0268730674	0.0629457492	-0.0400813121	-0.0330127269	-0.0334525731	0.0060385164	0.0249326525	0.1231335535	-0.141846578	0.1288230331	0.1279949812	0.1266188352	-1.8721810164379349e-06	2.3684041835281278e-05	5.609338376553534e-10	3.505061758310579e-12	-0.0509195414636565	0.0041953953166994	0.002592799702869	1.7601341863384077e-05	0.0023409206103792	-0.0018998006394496	5.479909304098127e-06	3.6092424696534888e-06	-0.0005799996729131	0.0002110006830644	3.36399620579303e-07	4.4521288253643385e-08	-1.8394175071989598e-12	-0.0001009997415408	1.0200947791311938e-08	3.3834567657900374e-24	2.784730491990281e-11	-3.9960163241087663e-08	7.754723913020434e-22	1.5968146462543738e-15	0.0	0.0	0.0	0.0	0.0
887.1856623714802	-3.31112722542548	10.963563502953836	787098.3995175222	799.4073929281795	-12.524677366368904	156.86754313163354	639052.1798682288	850.1979121336931	-0.0074634876975778	722836.4897964909	5.570364861189629e-05	845.6451887050492	658.7022494855134	1.304718	17.731083	0.0182908616642836	0.0111083326243721	0.0608774568	0.0523204878	0.1622589137	-0.1405700471	-0.1305694741	0.1440266247	-0.0922729183	0.1036828877	0.0429510477	0.1802095712	0.0148174256	0.1477030799	0.0676901488	-0.0401363191	-0.0328127415	0.0710611396	0.1282102268	-0.0569157498	0.0166213071	0.0502058235	-0.0574714741	0.0997715955	-0.1830833563	0.1514485098	-0.113315424	0.0025933305	-0.0090911693	0.0982522175	-0.2017981202	-0.0897721725	0.0062414939	0.1174139782	-0.1242971205	-0.089683668	0.0703628108	0.0679011466	-0.0749165563	-0.0495033311	0.0125880803	0.1793683243	0.0669114214	0.1407907352	0.0094113378	0.0124214634	-0.0168590924	0.0152379016	-0.2154357956	0.0491034799	0.0210858628	0.0856129309	-0.0762877914	-0.0651580773	-0.0412524656	-0.2499171739	0.1208121082	-0.0509798338	-0.0375900793	0.0202835818	0.0005580089	0.1959993288	-0.0198978463	-0.0164851184	-0.1293579018	0.0735723916	0.0980421731	-0.1029763398	-0.0615804993	0.0890990362	-0.0949820746	0.060703759	0.0447921625	-0.0001024558	0.0059879355	0.038722211	-0.1490552567	-0.082346835	0.0997642256	0.0326352515	0.0384124669	0.0195253689	-0.0966429983	-0.0607916026	0.051749733	-0.0998766293	-0.0175252169	0.0706725187	0.0261118588	-0.0861334882	-0.1221435266	0.1285578634	0.1269376627	0.1242524367	1.46504686284743e-05	1.6522649644912235e-05	2.7299795128851843e-10	2.1463623103390962e-10	-0.0452150285786956	0.0057045128849608	0.0020443988093722	3.254146725468491e-05	-0.0020765360352328	-0.004417456645612	4.312001905620357e-06	1.951392321586162e-05	-0.0005799998954486	-2.2253550001002928e-10	3.3639987872038697e-07	4.9522048764713757e-20	0.000162999916855	0.0001629999186944	2.6568973494386724e-08	2.6568972894736915e-08	4.727629870519618e-08	4.724845140027629e-08	2.2350484192629343e-15	2.2324161597242694e-15	0.0	0.0	0.0	0.0	0.0
884.9637179506074	-2.221944420872888	4.937037009448151	783160.7820889622	801.015440009622	1.6080470814424643	2.5858154161356275	641625.7351338083	850.0682729818561	-0.1296391518369546	722616.0687303555	0.0168063096890049	845.6732705372436	641.0836599736974	1.355102	18.415798	0.1058675483763137	0.0633198034484185	0.1776122048	-0.0217214181	-0.056912678	-0.1123718947	-0.0788495455	0.0344115213	0.0925340926	0.1642071344	-0.0376361555	0.165723656	0.1191782711	0.0387095013	-0.1639324293	0.0819082898	-0.0310905122	0.0176967005	0.1157313587	-0.0649087284	0.1630948072	-0.0132344457	0.1058941641	0.115561921	0.1411109712	0.1167980349	-0.1565654284	0.045054814	0.0050421881	0.0199397219	-0.0244931377	-0.0399379587	0.0785051395	-0.0989498882	-0.1533223031	0.0447125577	0.0151464948	0.0556094544	0.0861389341	-0.0223876212	0.1382341613	0.1758646592	0.1201099281	-0.0981494779	-0.1161176607	0.0284330636	0.0052227789	0.0058107737	-0.1391895712	0.1819498813	0.0199609631	-0.006170787	-0.0378093819	0.1547016012	0.0710404916	0.030022095	0.0507299296	-0.2083495836	-0.0083831864	0.0164431962	-0.027012671	-0.0602882137	0.0491526668	0.01361554	0.0297901909	0.0732314078	0.1096665319	0.0137261201	-0.133689297	-0.0669699345	0.0877838809	0.1748350489	0.0967880094	0.0219480141	-0.0416486073	0.0404809629	-0.0838451598	-0.0280402896	-0.0059998361	0.0580626417	0.0282216116	-0.0026259219	-0.0108491242	-0.0080530606	0.1192127177	0.1191453897	-0.0526675905	0.026404957	0.0430461457	-0.0178245601	-0.1766549147	0.1282045865	0.1255324169	0.1211199807	-2.5902616840767223e-05	-4.055308546924152e-05	1.644552741075608e-09	6.709455591995976e-10	-0.0900628647564332	-0.0448478361777376	0.0081113196081355	0.0020113284098251	0.0389545856395727	0.0410311216748055	0.0015174597423508	0.0016835529458926	-0.0007669948492895	-0.0001869949538408	5.882810988366228e-07	3.4967112761960294e-08	8.205002051697718e-05	-8.094989633802282e-05	6.55288571713664e-09	6.732205866836377e-09	-0.0001309686222884	-0.0001310158985871	1.7152780024121587e-08	1.7165165682586634e-08	0.0	0.0	0.0	0.0	0.0
885.539132663656	0.5754147130486444	0.3311020919928538	784179.5554787002	796.6223127028521	-4.393127306769884	19.299567533487213	634607.1090960407	849.2936566954047	-0.774616286451419	721299.715303052	0.6000303912357868	844.7909142392353	636.3101544449295	1.223362	16.62546	0.0536622082228987	0.0388917964397914	0.092231596	-0.1845713294	-0.0757568456	-0.0228716514	-0.0907354212	-0.1378160831	0.106216543	0.0399066166	-0.1011418246	0.1467921738	-0.0224520099	-0.1244617332	-0.0789601656	0.0355592399	-0.106424469	0.0313365551	-0.0077601807	0.0118130747	0.0431253373	0.0417566683	-0.0874918583	0.0948418829	0.041364106	0.1224895015	0.0254598568	-0.0174038744	-0.1977594015	-0.0328087852	0.0716735359	-0.02099495	-0.0726554038	-0.1557439275	0.0472022996	0.2300493322	0.0801507849	-0.052215687	-0.0263216106	0.1410309389	0.0505302217	0.1380290932	-0.0589471357	-0.1501655701	0.0038803216	-0.051416586	0.0253058541	-0.0787187907	0.0446007851	0.0644595834	0.0136715749	-0.0034469008	-0.0524370683	-0.0337225755	-0.0989764974	-0.0060849746	0.0216783033	-0.0608039441	0.0090140731	0.1584610154	-0.0483761477	-0.0478363686	-0.0293850041	-0.1435951285	0.1667068446	0.0672228706	0.0984389566	0.196504174	-0.0345942409	-0.0462777225	0.0304737456	0.1378840757	0.0237492153	-0.0191851141	0.0255770943	-0.0013603315	0.0386801107	-0.019271123	0.0417624304	-0.0155768585	0.0419785621	-0.0038727409	0.0013673837	-0.1835679168	0.02564899	-0.0119070339	-0.1743027516	0.03596966	0.1010430723	0.0663772718	-0.0065299113	0.1277634447	0.1237830955	0.1172407796	-2.1330844745648392e-05	4.571772095118831e-06	2.090110008970723e-11	4.550049375629556e-10	-0.052154422763607	0.0379084419928262	0.002720083813805	0.0014370499743234	0.0382546377557417	-0.000699947883831	0.001463417309823	4.899270400794962e-07	-0.0005799997161324	0.000186995133157	3.363996707136646e-07	3.4967179824441545e-08	2.86907844149198e-08	-8.202132973256226e-05	6.7274985310977035e-09	8.231611103434047e-16	-9.900015369513393e-05	3.196846859326608e-05	9.80103043166014e-09	1.0219829841986398e-09	0.0	0.0	0.0	0.0	0.0
886.8927881337547	1.3536554700987151	1.832383131728174	786578.8176436651	795.3698144800522	-1.2524982227998862	1.5687517981168737	632613.1417860327	848.3889749709463	-0.9046817244584416	719763.8528522529	0.8184490225690999	843.9831709692007	646.5241088659867	1.248847	16.971796	0.0567093373725105	0.0274814607293744	0.0646561528	-0.0561803666	0.1468449342	0.0640168469	-0.1481934026	-0.0577400242	-0.0482344781	-0.0781394715	-0.1269397465	0.1480260833	0.0301120941	-0.1798038909	0.0707663687	-0.1151066093	-0.0211898026	0.1052708884	-0.1498097223	-0.0634236693	-0.0252244207	-0.0777637718	0.0458469311	0.1163452788	0.1003798165	0.0534165012	-0.0474800188	0.068143366	0.0340419689	0.0378408676	0.0147005208	0.0444675343	-0.0045227822	-0.0815056479	0.090682104	-0.0201553638	0.0090194065	-0.0396843343	0.0448096726	0.1103788501	0.0177477208	0.1143188057	-0.0171696107	-0.0223086427	0.1610217461	-0.2184348731	0.1083249919	0.0271696105	0.0377028229	-0.0967086938	-0.0369372664	-0.0245253404	-0.0356504724	-0.0893314853	0.0860246373	0.0281259577	0.0757006981	-0.0691846148	-0.1173208002	0.0972892125	-0.0880174852	-0.1059543146	0.0331168165	-0.0064346527	0.0370574844	0.0225604563	-0.0870851387	0.0378496268	-0.1103356442	0.0302040584	-0.1618227344	0.0749650052	-0.0081404841	-0.00790347	0.1193925834	-0.0083200862	0.0516238183	-0.0231075694	0.0017435375	-0.0166273282	-0.0059016883	0.1185915552	-0.0781141249	0.0340388997	-0.0302624847	0.0808155603	-0.0069344922	-0.031436356	-0.0166540488	0.0619195268	-0.0265148547	0.1272347401	0.1216944932	0.1126387502	-0.0202312279229488	-0.0202098970782031	0.0004084399399115	0.0004093025832703	-0.0420569287893641	0.0100974939742429	0.0017687852591936	0.0001019593845598	0.0237032628251654	-0.0145513749305762	0.0005618446685588	0.0002117425123702	-0.0005799997755629	-5.943050001774863e-11	3.363997396530144e-07	3.53198433235962e-21	0.0001379998904538	0.0001379711996693	1.903605193820933e-08	1.9043969765260802e-08	4.0014994744086696e-08	9.9040168689878e-05	1.601199804369286e-15	9.808955014119493e-09	0.0	0.0	0.0	0.0	0.0
888.4661530859923	1.5733649522376254	2.475477272929705	789372.105179422	791.416519613827	-3.953294866225292	15.62854029932325	626340.1075176629	849.8263233029827	1.4373483320364355	722204.7797786656	2.065970227607924	845.31394375798	644.0311634920646	1.224261	16.637672	0.0191211464452051	0.0093620582338959	0.1223254923	0.0692089549	-0.0398866162	0.1094020801	-0.0604561956	0.0738249997	0.1290286973	-0.1970341809	-0.1420722464	-0.0342153444	0.196407878	-0.166957082	0.0467283716	-0.1569968708	0.0160509785	0.1197168551	-0.0430486291	0.0719568248	-0.0211801736	-0.0082120969	-0.0861056485	0.0842287603	0.1631304163	-0.1127570357	0.0790373966	-0.0106599163	0.107231238	-0.0316615563	0.1214520579	0.0727133409	-0.0673473153	0.05049149	0.0053417851	0.0271928916	-0.1439069189	-0.0349813366	-0.0693402894	0.0643983765	0.0376944276	-0.0492733946	0.1234322849	-0.0651132247	0.1566812022	-0.22478838	0.0703151626	0.1089660052	0.0735707313	-0.0058820626	0.0738705897	0.0472479082	-0.0880550947	0.0265730544	-0.0178483501	0.1957105373	0.0318232405	-0.0646037386	0.0700180231	-0.1060401714	0.0243869611	-0.0774139658	-0.0219935969	0.1514192018	0.0663762154	-0.1086936769	-0.0121179047	-0.0432464322	-0.0910301206	-0.1305674227	-0.0552437582	0.0258177236	-0.0302441824	0.0241955541	0.0686272741	0.0389748383	0.0574736732	0.0094942191	-0.0377224526	0.0393983046	-0.0196880049	0.0193811158	-0.1724334162	0.0690277265	0.0953851837	-0.0575740399	-0.0482433448	-0.0409414487	0.1984671518	-0.0058614043	-0.0350004766	0.1266188352	0.1192723348	0.1073422654	-0.0185099346122541	0.0017212933106947	2.962850661442326e-06	0.0003426176793499	-0.0348134662145156	0.0072434625748485	0.0012119774298692	5.246775007323088e-05	0.0213965858886524	-0.0023066769365129	0.0004578138876904	5.320758489440997e-06	-0.0005799961825957	3.592967200019906e-09	3.363955718255846e-07	1.2909413300418883e-17	7.602721502220078e-05	-6.197267543159922e-05	3.840612500150342e-09	5.780137424031952e-09	-9.4977989069435e-05	-9.501800406417908e-05	9.020818407673717e-09	9.028421096340356e-09	0.0	0.0	0.0	0.0	0.0
890.6629585243606	2.196805438368301	4.825954134044544	793280.5056873669	805.9867510627298	14.57023144890286	212.29164447459792	649614.6428886548	851.7357073742628	1.909384071280101	725453.7152163358	3.6457475316581744	847.7689721561172	663.259528450344	1.327028	18.034267	0.0470308395526358	0.035658696146883	-0.0290658808	-0.0498274626	-0.1116961412	-0.0072685881	0.0403762088	-0.0583529725	0.0364720514	-0.05752959	0.0369194536	-0.0068532236	-0.0384487466	-0.0397001701	-0.0361668337	-0.0133442663	0.1186560218	-0.0365036239	0.0187557545	0.072712599	-0.0956204209	-0.0529123048	-0.037364217	-0.0369628476	0.0193612588	-0.1019071126	0.0964466217	0.095968764	0.0876198856	0.0104643373	-0.132653538	0.0010377201	0.0390224374	0.0489363003	-0.1176217468	-0.0206221386	-0.0366208116	0.0607401103	-0.1750489088	-0.016612918	0.0582692609	-0.0309589593	-0.058400385	-0.0631331202	-0.0114572315	0.0391894377	0.0137204455	0.0904615297	0.021195594	-0.1261991566	0.0121308291	-0.0077822374	-0.0055207206	-0.0980002349	0.0087468207	0.1181440131	-0.1112152178	0.0800047104	0.1814768889	-0.1544907446	-0.060264261	0.0838827452	0.0644695904	0.108550017	-0.0599748395	0.0432376621	-0.0349401466	0.0037651217	0.0896319123	-0.0693102596	0.1073695409	-0.0069981764	-0.0694789487	0.08016468	0.0711069108	0.0784284145	-0.0611248759	0.0637381246	-0.3234329119	-0.319887387	0.1822310126	0.2238358192	0.136026398	0.0947365287	-0.1277280599	0.1606525871	0.0668884789	0.2249580742	0.0336050126	-0.0147005506	0.1836952071	0.1259161521	0.1165232592	0.1013839798	-0.0184749906302243	3.4943982029800313e-05	1.221081880099007e-09	0.0003413252787868	-0.0348522938730582	-3.882765854260062e-05	0.001214682388214	1.5075870679007866e-09	0.0033874799708826	-0.0180091059177698	1.147502055313078e-05	0.0003243278959574	-5.499397390642453e-05	0.0005250022086892	3.0243371660205022e-09	2.756273191286176e-07	0.0001290027211735	5.297550615129923e-05	2.806404251986342e-09	1.6641702070167788e-08	-9.399646402413696e-05	9.815250452980471e-07	8.835335249040874e-09	9.633914145473334e-13	0.0	0.0	0.0	0.0	0.0
889.7232707665235	-0.9396877578371914	0.883013082229088	791607.4985434804	805.1760162802303	-0.8107347824994804	0.6572908875544797	648308.4171929017	851.8906723562418	0.154964981978992	725717.7176475697	0.0240141456397493	847.0358760117713	653.6832119278286	1.276065	17.341686	0.0408545418919941	0.0221221450836359	-0.0262006122	-0.0180827112	0.1343045709	0.0198328888	-0.0486619472	0.003551013	-0.1036893497	0.0635228067	0.1104969602	0.0571868362	-0.0995802541	0.1264958825	0.0501151588	0.0305914398	0.0101112066	0.0464300673	-0.0162184178	-0.0753313033	-0.1012315983	-0.083345728	0.0221035878	0.1798365911	-0.0147394323	-0.2193776451	-0.042354624	-0.0280416238	0.000145087	-0.1214572231	-0.1168207577	0.1432566517	-0.1738670604	-0.0256553467	-0.0447711969	0.0559438433	-0.0977581288	-0.0188665618	0.0458342355	-0.1518302036	-0.00692447	0.0662142434	-0.0455054172	0.1319526659	-0.022707362	0.0868278527	0.0375392094	-0.0159233063	-0.0627147491	-0.009182531	-0.0288650721	0.0351520388	-0.0020415853	-0.1972194745	0.0924217939	0.1019797172	-0.075480056	-0.2010332502	-0.0014776167	0.0710151007	0.1631574878	-0.0646963341	-0.0098303846	0.1192641901	-0.0624726316	-0.1372794183	0.1011651641	-0.0391747001	0.0127001754	0.1103529199	-0.0577445076	0.0431165466	0.0373117849	-0.0303200848	-0.0473129284	-0.0481472744	-0.0361350309	0.0003940715	-0.0031521671	-0.1301433675	0.0758676561	0.1679017251	-0.1308755175	0.1087296171	-0.0596682327	0.0829595006	-0.1389078859	-0.0274734603	-0.0449137356	0.0737146294	0.0872153269	0.1251271724	0.1134548014	0.0948006283	-0.0086898282497713	0.009785162380453	9.574940281183264e-05	7.551311501052333e-05	-0.0316190346289033	0.0032332592441549	0.0009997633508637	1.0453965339913117e-05	0.0034733550964602	8.587512557759998e-05	1.2064195626106046e-05	7.374537192968566e-09	-0.0003869997711808	-0.0003320057972743	1.4976882289399157e-07	1.1022784942379373e-07	4.4766412798935556e-11	-0.000129002676407	1.6641690520191654e-08	2.0040317148847017e-21	-3.486942768489605e-11	9.399642915470929e-05	1.2158769870721953e-21	8.83532869383628e-09	0.0	0.0	0.0	0.0	0.0
891.1719771202506	1.4487063537271752	2.098750099329487	794187.4928044166	802.1996624217314	-2.9763538584988964	8.85868229100127	643524.2983895398	852.4530950023806	0.5624226461387707	726676.2791791377	0.3163192328897368	847.6873850529248	658.5044393401215	1.231449	16.735355	0.0222947853114111	0.011804575535318	0.0635755807	0.1502482718	0.036790271	0.0560028438	0.0098405233	0.1476099433	0.0175247093	-0.09607972	-0.0947819844	-0.0405039148	0.0897934196	0.1287844982	0.0739198092	0.0949530732	-0.1491668814	0.0675369723	-0.0104790533	-0.0779963695	0.043360201	0.0841321315	0.046529121	-0.0466857155	0.0274087522	-0.1098567702	-0.0095405219	0.0429749412	0.1103871292	-0.0848829626	-0.0632340207	0.1902098215	-0.0122656463	-0.0006880782	0.1131715832	0.0370131889	-0.0860219026	0.0816323585	-0.111790843	-0.0604317879	0.0221276928	-0.0345864141	0.1435083813	0.1044162083	0.035148595	-0.0301121094	0.0769764757	-0.133952859	-0.0384769608	0.1284684759	-0.0737172487	-0.0099429975	-0.0324766834	0.0087764239	-0.0046778755	0.0678792488	0.0361206062	0.1117950263	0.158086328	0.070387253	0.0377801754	-0.0570506507	0.032157263	0.2573402167	-0.0662522501	-0.0894931002	0.0435418429	-0.0261873952	-0.1450256917	0.0184210488	-0.0226237272	-0.0163323718	0.1164717312	-0.0080946185	-0.0705709844	-0.0136540288	0.0294276066	0.0077934822	0.0081089069	-0.0352941558	-0.0846317531	0.0591383429	-0.0702584712	0.0376001431	0.066545803	-0.1251108959	0.0361265896	-0.0854006149	0.0813054216	0.0639576633	0.0629430277	0.1242524367	0.1100753719	0.0876327994	-0.0015811541462085	0.0071086741035627	5.053324751066437e-05	2.50004843407233e-06	-0.0370334227004747	-0.0054143880715714	0.001371474396912	2.9315598189574677e-05	0.0096450846937727	0.0061717295973125	9.302765875004844e-05	3.809024622234312e-05	-0.0004589996133575	-7.199984217670001e-05	2.106806450623345e-07	5.18397727346971e-09	1.990896336678816e-11	-2.48574494321474e-11	6.1789279227176525e-22	3.9636682234011297e-22	-3.112428891005603e-11	3.7451387748400206e-12	9.687213601566368e-22	1.402606444281021e-23	0.0	0.0	0.0	0.0	0.0
890.5426256477124	-0.6293514725382465	0.3960832759860592	793066.1680955216	807.0412345437443	4.841572122012849	23.440820612652	651315.5542538909	851.5780916426472	-0.8750033597333413	725185.2461657329	0.7656308795446352	847.5026583254916	659.2498784341674	1.251658	17.009991	0.0222888635391864	0.0138810805469902	-0.0023934566	0.0544779488	-0.1008125724	-0.0211877734	0.0558399891	-0.0173354658	0.0870160442	0.0714926363	-0.111395735	0.005322331	0.0626884681	-0.0355929524	-0.1075692597	0.1308049075	-0.0523507299	-0.0483528883	-0.088520231	-0.0325796702	-0.0533354377	-0.1665568209	0.0255265538	0.0284208562	-0.0251101064	-0.0655184323	0.1044472637	0.0016349596	0.1435996048	-0.0082101676	0.0725785282	0.0611544084	0.1508051847	-0.1130073637	0.0071611517	0.0253510551	0.0288344574	0.1438649505	0.1187925804	-0.0182091993	0.0043947385	-0.0019918731	0.0340303651	-0.1336896532	-0.0641283049	0.0288748792	0.0891626425	-0.0975094525	0.063348266	-0.0415985702	-0.0051100037	0.0031913753	0.0143646936	0.045996008	0.1573488996	0.2037384178	-0.0058662584	0.0121380181	-0.0573787228	0.0218809794	0.0152339654	0.0989967377	0.1510171268	-0.059061927	-0.0139568219	0.0863103081	0.0527533189	0.1176601003	-0.109307709	-0.0847056913	0.0645897085	-0.0975241056	0.0398778369	-0.0222521253	-0.0535762049	0.0242617292	0.0133694563	-0.0500493999	-0.1402460722	-0.0148132453	0.0554927874	-0.0711235048	-0.0453908704	0.0815496694	0.0967127401	0.0944221587	-0.0564783901	-0.0564575968	-0.1092216527	0.2611062798	0.0221628068	0.1232925447	0.1063942335	0.0799246852	-0.0015331403320715	4.8013814136999965e-05	2.305326347982378e-09	2.3505192778243093e-06	-0.0334512611139103	0.0035821615865644	0.001118986870111	1.283188163225759e-05	0.0067396765624749	-0.0029054081312978	4.542324016677349e-05	8.441396409411379e-06	-0.0005239997876159	-6.500017425840004e-05	2.745757774215084e-07	4.225022653622371e-09	0.0002499999165765	0.0002499998966675	6.2499948333779e-08	6.249995828825696e-08	6.549809351987347e-08	6.552921780878353e-08	4.290000254738092e-15	4.294078386630993e-15	0.0	0.0	0.0	0.0	0.0
889.8553590112973	-0.6872666364150746	0.4723354295292903	791842.5599611248	799.3057895436007	-7.735445000143613	59.83710935024683	638889.7451979188	851.2108326283226	-0.3672590143246452	724559.8815838022	0.1348791836027099	846.737575370517	661.0186741801276	1.234964	16.783125	0.0330782423978772	0.0172396353157219	-0.0684540315	-0.1078601406	0.0113692957	-0.0180515506	-0.0343733531	-0.1339592472	-0.0137469585	0.0131674836	-0.0073489171	0.0348860996	-0.0771541308	-0.0893135853	-0.0146613358	-0.0049295245	-0.092941825	0.0034788645	-0.000864983	0.0546484857	-0.00972845	0.0477038901	-0.0111310311	-0.0013427142	-0.0251339621	-0.0483533042	-0.0612516046	-0.1295892706	-0.0064843232	-0.1145827387	0.0513649937	0.0487132556	0.0172684857	0.0460767724	0.0408659652	-0.0186090615	0.1407624589	-0.050993074	0.2182883364	-0.1130198484	-0.0306875348	0.030853265	-0.1124544802	-0.043363457	0.0218674789	-0.0453668718	0.0182881205	-0.0674595132	0.0595279634	0.004894842	0.0646149558	-0.0257221947	0.0390033841	0.0992578097	-0.0364785867	0.0482245126	-0.0325365844	0.0156142403	-0.0452287342	0.0540364973	0.0845724767	0.0182482938	-0.0068645969	-0.0190736623	-0.0445154319	0.1075612805	0.0600263216	0.1059235009	0.0645523396	0.0454316678	-0.0107574017	-0.0246716137	-0.0473032533	-0.0195407593	0.0640090987	0.0174142557	-0.0415008061	-0.0649507556	-0.0367629971	0.0098576831	-0.053763129	-0.0456542803	-0.1383621576	-0.0452698118	0.0483410417	-0.0926504282	-0.0428661993	0.083596846	0.0398143831	0.0744569016	0.0811965155	0.1222481541	0.1024214758	0.0717238087	-0.0015548122845387	-2.167195246719996e-05	4.696735237405745e-10	2.417441240152451e-06	-0.0301627872847944	0.0032884738291159	0.0009097937367877	1.0814060124780195e-05	0.002221959084963	-0.0045177174775119	4.937102175249613e-06	2.040977120661648e-05	-0.0005799997709082	-5.599998329229995e-05	3.363997342535645e-07	3.135998128737873e-09	5.7708102074727214e-08	-0.0002499422084744	6.247110757707307e-08	3.3302250450671358e-15	-0.0001989998929154	-0.0001990653910089	3.960095738034067e-08	3.962702989753416e-08	0.0	0.0	0.0	0.0	0.0
888.652758250363	-1.202600760934274	1.446248590199695	789703.7247459781	799.9033197290757	0.5975301854750796	0.3570423225538831	639845.320913596	850.8706735433476	-0.3401590849749709	723980.90309611	0.1157082030910095	846.6229367981451	652.4914936950241	1.294747	17.595568	0.0587665347352398	0.0294222673091564	0.0985991783	0.0347904968	0.111908598	0.0114372804	-0.0834075179	0.0969908118	-0.0736364328	-0.0439117038	-0.0730383743	0.0381079798	0.0468378871	-0.0271372996	0.0534759464	-0.1367961119	-0.0136954693	0.1261043744	-0.0575459979	0.0461065253	-0.0484240382	0.0822983083	0.1925649952	-0.025324638	-0.070752533	-0.0197712429	-0.0649284321	0.0384016245	-0.1833144074	-0.0257818819	0.0379177606	0.0001217205	0.1190851141	0.0465354834	0.0313941449	-0.0241289223	0.0574664154	0.111631497	-0.0044000252	-0.1812698188	-0.0071289589	0.0350057672	0.0428328942	0.0731930247	0.0941984298	-0.1582913706	0.046008851	0.0698716923	-0.0401574494	-0.0363822314	-0.0682988445	-0.0509737197	0.0967037941	0.0258202816	-0.0282829172	-0.149194473	0.0158919948	-0.0245112597	0.1997473735	0.0742866397	-0.0169080119	0.0027153715	0.0628258915	-0.0290270425	0.007499376	0.1549197707	-0.0081183024	-0.0782365592	-0.0543244807	-0.0154563821	-0.1106799373	0.0181235765	0.0159549835	0.0027439391	0.0929898653	-0.0033528718	0.0175911313	-0.0384584595	-0.1424252688	-0.0427575352	0.0038335268	0.0316228325	0.0581152857	-0.0195024751	0.1058157115	-0.1285447667	0.068517532	-0.0066610968	0.0340530653	-0.0158645607	-0.0899687124	0.1211199807	0.098167988	0.063080731	-0.0015761307216877	-2.1318437149000143e-05	4.5447576247586945e-10	2.4841880518477904e-06	-0.0438631459493166	-0.0137003586645221	0.001923975572571	0.0001876998275365	0.0157639471248103	0.0135419880398473	0.0002485020289538	0.0001833854400713	-0.000148999969424	0.0004309998014842	2.2200990888352936e-08	1.8576082887941986e-07	6.7754690746824045e-12	-5.770132660565253e-08	3.329443092052185e-15	4.590698118197765e-23	-3.851778284887954e-12	0.0001989998890636	1.4836195955934386e-23	3.960095584733375e-08	0.0	0.0	0.0	0.0	0.0
889.7473287944814	1.094570544118369	1.1980846760515826	791650.309096915	801.02791074865	1.124591019574268	1.2647049613070918	641645.7137983472	852.859469392509	1.98879584916142	727369.274532472	3.955308929641693	848.609643288029	648.7121685898823	1.306174	17.750864	0.0634612104406107	0.0334870161729387	0.0653407633	-0.0243779178	-0.1425447297	0.0169622902	0.0161643214	0.0159521969	0.1429360417	-0.0430731428	0.0668396024	-0.0986210819	0.0511051845	-0.0097117057	-0.0763615094	0.0442525733	0.1184411096	0.0129377422	0.1205542743	-0.0414631789	0.0876195442	-0.0498423309	0.0294094635	-0.0516643981	0.0772835678	-0.0934744287	-0.039154132	-0.0772922526	-0.1718989557	-0.1818330979	0.0756774236	-0.0909176709	0.0727625498	-0.0003610525	0.0443318466	-0.0510521748	-0.1038360396	-0.1717905591	0.0425728757	-0.0668819271	-0.1185316769	-0.0839776977	0.0401994387	-0.0740298452	-0.0679180815	0.0583985042	-0.0270926039	0.1626919505	0.0001365499	0.093758425	0.0411476473	-0.0199039713	0.1398693173	-0.0282035591	0.0287752747	0.0414368392	0.0208268714	0.1063888848	0.0667088125	-0.0738353795	0.0248245937	0.0722292433	0.0423595482	0.2061457616	0.1989081451	0.0437659561	-0.0626423985	-0.0567454609	0.034080207	-0.1240542839	0.122661835	0.0382182438	-0.0628033429	-0.0190464522	-0.0532699963	-0.0362655072	0.0054786337	0.0027594597	0.0192003504	-0.124279622	-0.0719118028	-0.0251149498	0.0211430087	-0.0151170057	0.0671753305	-0.0959299013	0.1373579842	-0.1398571795	0.0820050467	-0.0352248066	-0.0231426547	0.1199087977	0.0936454286	0.0540487397	-0.0186458435470342	-0.0170697128253465	0.0002913750959397	0.0003476674815804	-0.027436371548859	0.0164267744004575	0.000752754483767	0.0002698389172035	0.0146489743565894	-0.0011149727682209	0.0002145924497	1.243164273874178e-06	-0.0005799969960491	-0.0004309970266251	3.3639651542597973e-07	1.857584369596772e-07	7.602009280427424e-05	7.602008602880517e-05	5.779053479826939e-09	5.7790545099704695e-09	-6.997790012958853e-05	-6.997789627781024e-05	4.8969065065466655e-09	4.896905967467968e-09	0.0	0.0	0.0	0.0	0.0
891.4637225372436	1.7163937427621931	2.946007480193209	794707.5685999596	803.6454797632554	2.617569014605351	6.851667546222029	645846.0571439129	852.5167573101398	-0.3427120823691894	726784.8214945958	0.117451571401826	848.4047615335212	659.9336742318195	1.121688	15.243703	0.0657968387384706	0.0339921942182663	-0.0605733631	-0.0705660081	-0.0463454021	0.0521163314	0.0124913648	-0.0963493435	0.0254870877	-0.0208823011	0.0339703365	-0.0545324949	-0.0819643019	-0.0250983568	-0.0166326686	0.0437891583	0.0541743687	0.0218965825	0.0684738433	-0.0571767827	0.1041245482	-0.0067913937	0.0875165321	-0.0452111464	-0.0933106676	-0.0175430428	0.0443407791	0.0774110417	-0.0737065762	0.0313501612	0.0529401171	0.0065413204	-0.0165381026	-0.0080712892	0.0877437587	0.0771831852	0.072193491	-0.124026657	0.1015517215	-0.0383467335	0.0229467219	-0.0447347902	-0.098638812	-0.0249736589	-0.027728257	0.0648602804	-0.0150267606	0.013396792	-0.1119990683	0.0321766432	0.029156982	-0.1244964579	-0.0365824255	-0.0794789327	-0.0426793668	-0.0613691466	-0.0347085556	0.1391877841	0.0315458942	0.0161855563	-0.0805018417	-0.0182219133	-0.0772832243	0.004766706	0.1006889316	0.0096185424	-0.073215679	0.0337648122	0.0986038278	0.036078639	0.0507219122	0.0013933457	-0.0257530894	-0.0462643862	0.058314202	0.0314927338	0.074058628	-0.0523186728	-0.0948239688	-0.011509251	-0.0701879633	-0.0245394375	-0.0546960119	-0.1777632135	0.0325296988	-0.0688671742	-0.0843058611	0.0652695529	-0.0305072938	-0.0657253199	0.030743057	0.1186154352	0.0888661936	0.0446835199	-0.0015756413293388	0.0170702022176954	0.000291391803753	2.4826455987205406e-06	-0.0530224952697011	-0.025586123720842	0.0028113850046254	0.0006546497270582	0.0028590987683969	-0.0117898755881925	8.17444576744867e-06	0.000139001166385	-0.0004700000706768	0.0001099969253723	2.20900066436197e-07	1.2099323591359338e-08	2.610843097272664e-08	-7.599398437330152e-05	5.775085660929595e-09	6.816501678576318e-16	-0.0001109997346188	-4.102183448921147e-05	1.2320941085444026e-08	1.6827909048602593e-09	0.0	0.0	0.0	0.0	0.0
892.6016967902154	1.1379742529718442	1.2949854004268269	796737.7891127717	802.1228649363799	-1.5226148268754969	2.3183559110210994	643401.0904537459	854.0208320267703	1.5040747166304982	729351.5815356971	2.2622407532071134	849.1616129458529	660.2595352711885	1.111306	15.102614	0.0943972507289509	0.0736201908385942	-0.0414794797	0.0318977839	0.1214788941	0.063349064	-0.0344042308	0.0172199436	-0.1133044231	-0.0976019426	0.0204317201	-0.0828572951	-0.1139385714	0.1289223831	0.0473620548	-0.136241953	0.0307561529	-0.017422621	-0.1668417314	-0.1751046677	-0.0875265292	0.003579216	0.0235457507	-0.0255067502	-0.0259831752	-0.0005578299	0.095640398	0.0773751117	-1.72e-06	-0.0077896646	-0.105152727	0.0246579698	0.0397968127	0.0176606127	0.1002196292	-0.1232816103	-0.1290643098	0.0386537788	0.0405941845	-0.0477153348	0.1181574705	-0.0763589747	-0.0343905193	0.192958029	-0.0020063699	-0.0408287993	-0.0233236582	0.0425763709	-0.0304986202	-0.0851597612	-0.1873206661	-0.0634883859	0.0292039435	-0.1471511967	0.0653235995	0.100920163	-0.0185371102	0.1183781419	0.0121856635	0.175136463	-0.1567285312	-0.0310504187	-0.0515776046	0.0114338606	-0.1064985269	-0.0394793633	-0.0280005395	-0.0744041213	0.0797261547	0.0256663344	-0.172579125	-0.0743777477	-0.0618830314	-0.103765199	-0.0130218843	-0.1281976123	0.0834795186	0.0210364874	0.0502693192	-0.1273462288	-0.1017195268	0.0363326852	0.0520342118	-0.1828569202	-0.0556642397	0.0218836848	0.0104218444	-0.0705838242	-0.0748257178	0.0857625072	-0.0428169126	0.1172407796	0.0838433825	0.0350428114	-0.0015778699268764	-2.2285975376000813e-06	4.966646984597146e-12	2.489673506140936e-06	0.0185434591168984	0.0715659543865994	0.00034385987602	0.0051216858272648	0.014636892764571	0.0117777939961741	0.0002142386298015	0.0001387164314163	-0.0005799996729131	-0.0001099996022363	3.36399620579303e-07	1.2099912492144215e-08	-1.8394175071989598e-12	-2.6110270390233843e-08	6.81746219851122e-16	3.3834567657900374e-24	2.784730491990281e-11	0.0001109997624661	7.754723913020434e-22	1.2320947267531711e-08	0.0	0.0	0.0	0.0	0.0
894.1078352815971	1.5061384913816482	2.268453155221388	799428.8211119436	802.1990966796875	0.0762317433076305	0.0058112786877204	643523.3907137066	853.793141456294	-0.2276905704762839	728962.7283978073	0.0518429958838156	848.4064236242795	663.1609381247258	1.107674	15.053264	0.046288010388437	0.0336834044764391	-0.0138661013	0.1707329234	-0.0014928365	0.0657196851	0.0669368528	0.1799511427	0.0600799429	-0.1168576545	0.0892727223	-0.170644307	0.0823478194	0.1131449336	0.1666550811	0.0643410426	0.039963612	-0.0389116443	-0.0601595976	-0.0340528698	0.0728770499	-0.0065250303	0.1104803915	0.0761568727	0.0497041779	0.0215435382	0.1246060293	-0.1000897892	0.0123766954	0.0932221668	0.0661563454	-0.0949502865	-0.0039890825	0.0315975604	0.0547942843	-0.0373130933	-0.1065104506	0.0866260622	0.0153532455	0.0316965015	-0.0016052747	-0.1599387579	0.1320312453	0.1297012535	0.1021081722	0.0771244586	-0.0034900635	-0.0339588821	0.0901734698	0.0723510707	-0.0095380742	-0.1260961333	0.0019544645	0.0405989051	0.0200900049	0.1000433593	-0.0348431958	-0.0771896948	-0.0565631269	0.0805677712	0.0204726285	0.071776827	-0.1555626172	-0.0691816614	0.0526610469	0.0160449563	-0.163036666	-0.1588759228	0.020641423	0.0281380157	0.0085214946	-0.1056323262	0.022538714	-0.0752511416	-0.1233912037	-0.0340034449	0.0899599341	0.0273227576	0.0211616616	0.1051572441	-0.2320990552	0.1621494558	0.0251894055	-0.1837147328	-0.0542512508	-0.0052058851	-0.1691485904	0.1254653951	-0.1470896496	-0.0786123191	-0.0436851356	0.1157857731	0.0785907625	0.0251860523	-0.001577866520833	3.406043400013686e-09	1.1601131642776793e-17	2.4896627575656363e-06	-0.0102255751263129	-0.0287690342432112	0.0001045623866638	0.000827657331287	-0.0028820799746114	-0.0175189727391824	8.306384980056048e-06	0.0003069144058362	-0.0005799996729131	0.0	3.36399620579303e-07	0.0	-1.8394175071989598e-12	0.0	0.0	3.3834567657900374e-24	2.784730491990281e-11	0.0	7.754723913020434e-22	0.0	0.0	0.0	0.0	0.0	0.0
896.1917938831459	2.0839586015488294	4.342883452969352	803159.7314234911	810.9045607622932	8.705464082605658	75.78510489353718	657566.2066650876	854.4068193148191	0.6136778585250795	730011.012891666	0.3766005140439274	849.9354681737215	672.9761130360589	1.065772	14.483813	0.0084460005122082	0.0069073627556041	-0.0716840661	0.1881316366	-0.1123522725	0.0541718474	0.1964510114	0.0905267693	0.0756156196	-0.0575227078	0.0881038474	-0.2227708949	0.0971099118	0.073034457	0.0107423353	0.1258396492	-0.0482864838	-0.0017772406	-0.0551372912	-0.1316136665	-0.1118864185	-0.0212501583	-0.0775840894	-0.0610536081	-0.0001536102	0.0591590302	0.1372584692	-0.0514260718	-0.0469525426	-0.0801451822	-0.0331512867	-0.0775734145	0.0152317188	0.0020628419	-0.0429538427	-0.1629859916	0.144930325	-0.1362012143	-0.1846684128	0.0113990654	0.0606479931	-0.2325728939	0.1060078862	-0.0224714087	-0.0139524978	0.117594899	0.0435460207	-0.0935297216	0.0236398837	0.038312927	-0.1187262179	0.0098153552	0.0017919694	-0.0722663803	0.0687445833	-0.0362747705	-0.025824127	0.1830532534	-0.0903900363	-0.0566218656	-0.0178718339	0.0591505192	-0.1030419713	-0.0669206199	0.0758014578	0.0073740316	0.0847200716	-0.0615601401	-0.0358566954	-0.0471358336	0.1240641353	-0.1775380374	0.0670175971	-0.0374720847	-0.1349762122	0.0292107047	0.0641853731	0.0717273329	-0.0216125776	0.0073636234	-0.2750569195	-0.0311562195	-0.0753309127	-0.0687956683	-0.1390118134	0.0090335388	0.0405173624	-0.109722184	-0.026999376	-0.0692114092	-0.0056197016	0.1142514127	0.0731227308	0.0151740128	-0.0015778661697254	3.5110760002524105e-10	1.232765467954847e-19	2.4896616495639047e-06	-0.0084565718750866	0.0017690032512263	7.151360787850569e-05	3.12937250284922e-06	-0.0095590768844857	-0.0066769969098743	9.137595088350884e-05	4.458228773447096e-05	-0.0005799996729131	0.0	3.36399620579303e-07	0.0	-1.8394175071989598e-12	0.0	0.0	3.3834567657900374e-24	2.784730491990281e-11	0.0	7.754723913020434e-22	0.0	0.0	0.0	0.0	0.0	0.0
896.0049328332088	-0.1868610499370788	0.0349170519835874	802824.8396614431	811.9010489968692	0.996488234576077	0.9929888016485467	659183.3133622167	853.6152261356539	-0.7915931791652611	728658.9542906235	0.6266197613009651	849.4534773718577	686.7088721316794	1.130291	15.360628	0.0531684451565133	0.0380455666073872	-0.2068769774	0.1079079083	-0.1308603263	-0.0588011979	0.1801986068	-0.0805030523	-0.012174535	0.0637901494	-0.0530341064	-0.1326043242	-0.0457840152	-0.0063625642	-0.0848402824	0.2340556924	-0.0080513426	-0.0047520854	-0.2209601131	0.044382823	-0.001600089	0.0138223173	-0.0450541354	0.1318685763	-0.0542382548	0.05729935	-0.0412768147	0.09678024	0.0954368012	0.0252148537	-0.1084293433	-0.1328384684	0.014143202	-0.0532656788	0.0049502085	-0.1605987536	-0.0210530402	0.0167739088	0.0746726329	0.0510147292	-0.0396950968	-0.1258930082	-0.0382429708	-0.0820585509	-0.0899145768	0.1164365106	0.1431004732	-0.1249580226	-0.0003114903	-0.070036527	-0.1132692795	-0.0320708642	-0.1366677081	-0.0059124028	0.0710885888	-0.0649275604	-0.0578552837	-0.0009959334	0.0475640994	0.0777159244	-0.021682696	0.0818128357	-0.0194263994	0.077120753	-0.0081913363	0.054920639	-0.1728241892	0.0907370732	0.012524946	-0.0031307071	0.1052288931	-0.2440450341	0.0483112738	-0.0080620236	0.0366332354	-0.0320627016	0.0053955743	0.0184035696	-0.0750177701	-0.0630676529	-0.1493238071	-0.0756374321	0.1309776666	-0.0790069383	-0.0670475613	0.2020986639	-0.0063253256	-0.137389505	-0.1713453751	-0.0234340132	0.0916839797	0.1126387502	0.0674542747	0.0050684204	-0.0015760264044786	1.8397652467999623e-06	3.384736163332927e-12	2.483859227613744e-06	-0.0341556346958782	-0.0256990628207916	0.0011666073814782	0.0006604418298669	-0.0113266338847353	-0.0017675570002496	0.0001282926351588	3.124257749131365e-06	-6.599999054980027e-05	0.0005139996823632	4.355998752573724e-09	2.641956734695731e-07	-1.6704415628510105e-12	1.6897594434794966e-13	2.855286976828137e-26	2.7903750149001262e-24	-1.024925336387452e-12	-2.8872230256290262e-11	1.0504719451689315e-24	8.33605679972243e-22	0.0	0.0	0.0	0.0	0.0
893.2231110930443	-2.78182174016456	7.738532194052179	797847.5261907369	809.4884134629193	-2.412635533949924	5.820810219677836	655271.4915307142	853.9422533827716	0.3270272471177122	729217.3721124456	0.1069468203573892	849.2456958857169	683.9893683143284	1.308656	17.784595	0.0904176327757767	0.0755848778388878	-0.1951201256	-0.0040234949	0.0113167807	-0.0959476845	0.0061244304	-0.1216914058	-0.1516365037	0.0559849895	-0.0651479572	-0.0269459282	-0.1964323692	0.0877825821	-0.1132856539	0.0157336266	0.0545382825	-0.010995626	-0.2248165304	0.1409269315	0.1440992789	-0.0588113651	0.0258035978	-0.0728231648	-0.0981609424	0.0068798446	0.0747741598	0.0403541327	-0.052099925	-0.0325661085	0.0638393905	-0.0654620762	0.1401729591	-0.0919631545	-0.0675425833	-0.0745506498	-0.126023678	0.0955005282	-0.0228061535	-0.0629807127	-0.1853138959	-0.0097716777	-0.1570855241	0.0784793329	-0.1392720054	0.0646591329	0.0893554283	-0.004416574	0.2283826519	-0.0215891126	0.0859386682	-0.1600116662	0.0126313675	0.0834709954	0.0982711905	-0.0330796155	-0.1963913754	0.0734412958	0.1691510299	0.1095279709	-0.0485308619	0.0736591495	-0.0124668761	-0.0457690864	0.0441452124	-0.0136021114	0.0055615483	0.1019184125	0.1132296931	0.0031272119	-0.0701951009	-0.1467794268	-0.1420969633	0.0445288475	0.0330302747	0.0896346476	-0.0971917684	0.0414849554	-0.1581176577	0.1449030197	-0.1925757751	-0.0549605383	-0.1281625698	0.1457076261	-0.1312110387	0.0645037931	0.0631234847	0.0826816472	-0.2163093447	0.041159483	0.0137797688	0.1109488906	0.0616009311	-0.0050684204	-0.0015760151947858	1.1209692800081064e-08	1.2565721267218924e-16	2.483823894195723e-06	0.0409410172747755	0.0750966519706537	0.0016761668954934	0.0056395071372014	-0.0011556655456814	0.0101709683390539	1.335562853475088e-06	0.000103448596954	3.700002829581412e-05	0.0001030000188456	1.3690020938910455e-09	1.060900388219692e-08	-3.528288772258748e-13	1.3176126856251358e-12	1.7361031893202833e-24	1.2448821660447144e-25	-5.989225367958534e-12	-4.964300031571082e-12	3.587082050819804e-23	2.4644274803456652e-23	0.0	0.0	0.0	0.0	0.0
891.3592770711839	-1.8638340218603844	3.473877261044256	794521.3608208636	808.8385026819566	-0.6499107809627276	0.4223840232115824	654219.7234207895	853.8552328487211	-0.0870205340504526	729068.7586631437	0.0075725733464259	849.7705862174914	673.3461412623309	1.422186	19.327469	0.0821636323805701	0.0625218846609986	-0.0996126804	0.0012193611	0.1226845193	-0.1417722465	-0.0431448006	0.0347662392	-0.1676428252	0.0910511368	0.181003222	0.0107151584	-0.1432542831	0.1650785786	0.0027488327	-0.0570773118	0.0386989899	-0.1374590352	-0.0377396284	-0.0154161389	-0.0733011071	-0.0134836109	-0.0363552634	-0.0959042099	-0.011416039	0.0493186095	0.0401978302	0.1725212041	-0.1016527369	0.1343111083	-0.0380790852	-0.0047146156	-0.0442626119	0.0190671821	-0.0001499973	0.1691242591	0.0132526788	0.1158295522	-0.025006975	0.1765096463	0.0826633275	0.0393254063	-0.0704114538	0.1817534993	-0.1024396131	0.1017036592	-0.1318124647	0.0507567361	0.0880998409	-0.0514472329	-0.0350219175	0.0465238012	0.023093225	-0.0753233036	0.0575982651	-0.0364335853	0.0791879664	0.0224844768	-0.0469189933	-0.0686157528	-0.039554321	-0.1501640276	-0.0454459696	-0.1583126027	-0.14205843	-0.0695621636	-0.0257815925	-0.0722522011	0.0959363478	0.1049318137	-0.0788039067	0.0141217319	-0.017666981	-0.0144678046	-0.024859955	-0.1089875895	-0.1523487997	0.0428007676	0.0659473457	-0.0363317386	-0.0330207076	-0.0339881072	0.053743198	-0.0142812567	-0.0562139378	-0.0033102825	-0.055804744	-0.0452093564	-0.094512375	-0.0711176413	0.0102843264	0.1091829923	0.0555787436	-0.0151740128	-0.0015754564536365	5.587411493000304e-07	3.121916719211189e-13	2.482063037304897e-06	-0.0188250000216783	-0.0597660172964538	0.0003543806258161	0.00357197682348	0.016341384573721	0.0174970501194024	0.0002670408497862	0.0003061467628808	-3.999999433079316e-06	-4.100002772889344e-05	1.599999546463485e-11	1.6810022737700304e-09	1.1357204066086979e-10	1.1392486953809565e-10	1.2978875899272116e-20	1.289860841987426e-20	-5.699998880675512e-05	-5.6999982817529753e-05	3.2489987239702084e-09	3.248998041198687e-09	0.0	0.0	0.0	0.0	0.0
888.5769973907904	-2.782279680393458	7.741080219930323	789569.0802920328	803.7392739688648	-5.099228713091748	26.00213346841932	645996.820519998	853.19803364405	-0.6571992046710875	727946.8846140736	0.4319107946203099	848.7853825022873	651.3446995002636	1.347684	18.314993	0.0297674618037017	0.0196463098826765	0.1193316915	0.0649643012	0.0804916396	-0.0772464132	-0.0819229326	0.1506917821	-0.0051383112	0.1148078641	0.0065646361	0.0478675189	0.084574279	0.1613076313	-0.0022582321	-0.0449987089	-0.0224949992	-0.0987419063	0.0608137221	0.0041385121	-0.0025343626	0.1929709225	-0.0864606951	-0.2064528959	-0.1456940205	-0.0379613191	-0.0775022534	0.0289640072	0.062827162	0.1814902639	-0.0770616039	-0.1142875487	-0.081031338	0.0328405447	-0.0415170333	0.1339323103	-0.0317473948	-0.1819586271	0.0616491053	0.0445212518	-0.033860672	0.0801809511	0.1401409479	0.0772326844	-0.0883728583	0.0226400837	-0.0839394422	0.0195344657	-0.0816829198	0.0364831457	-0.1009502044	0.0899772857	-0.0489490565	0.2263108674	-0.0813623731	-0.2255411816	-0.1089388781	0.133141165	-0.1385281076	-0.0397969158	0.0257991389	-0.0074603225	-0.118276822	0.0595403765	-0.214747015	-0.0638183627	0.0152059857	-0.0955256843	-0.0902178517	0.0163488975	-0.0285517092	0.0587585886	0.013829111	0.0139666695	0.0098723971	0.017030663	-0.0528861782	0.0444824882	-0.0031883438	0.090830924	-0.1203348089	-0.0002675604	-0.0067856278	0.0421214686	-0.0395041691	-0.1369751873	0.0556369381	0.0542121376	-0.1812824866	-0.1139154008	-0.0157500027	0.1073422654	0.0494042187	-0.0251860523	-0.0015834730901502	-8.01663651370005e-06	6.426646099278889e-11	2.5073870272298237e-06	-0.0371033564258738	-0.0182783564041955	0.0013766590580654	0.0003340983128387	0.0163104760243442	-3.0908549376800626e-05	0.0002660316281407	9.553384245781222e-10	-0.0001129999507428	-0.0001089999513097	1.2768988867875228e-08	1.188098938552148e-08	-3.5555383082197523e-09	-3.669110348880622e-09	1.346237075226288e-17	1.2641852661218178e-17	6.299999504549066e-05	0.0001199999838522	3.968999375731848e-09	1.4399996124539248e-08	0.0	0.0	0.0	0.0	0.0
889.3251569854688	0.7481595946783273	0.559742779109239	790899.2348472286	802.783026302562	-0.9562476663028292	0.914409599309607	644460.5873194999	852.8163480146216	-0.3816856294284889	727295.7234409961	0.1456839197122217	848.9032955601763	648.8395065121028	1.222553	16.614454	0.0391754369957303	0.0235421221850475	0.0690812286	-0.0463970536	-0.1037123774	0.00600907	0.0030890685	-0.0443593073	0.1475913105	0.0801418182	0.0676478305	0.0106323007	0.0505247113	-0.0019386672	-0.0333852969	0.074293477	-0.0528839671	-0.1710072686	-0.0227805056	-0.0452465109	0.0308725591	0.048313585	-0.0751478946	-0.0176298688	0.1589256987	-0.1163106081	-0.0003492779	0.0604496799	0.122481567	-0.0652741514	-0.1249024226	-0.0351277536	0.084484422	-0.0237108151	0.0057484578	-0.0250270803	0.0447752319	-0.1145905874	0.0122639473	0.0621687579	0.0377247262	0.0306298834	0.0445401381	-0.0878266865	-0.0417662298	0.076123165	-0.1248095959	-0.056975063	0.0767393262	0.0966074441	-0.0949951944	0.0768092809	-0.0303998313	0.0403092918	-0.0069892145	0.1077449843	-0.0268225954	0.0355730114	-0.0207869697	-0.0114290965	-0.0855890668	-0.0488678154	0.0283972404	0.1607211896	-0.1133631367	0.1439860056	0.0014944798	0.0454759714	-0.0499188942	-0.0157958735	0.1415161346	0.1023652193	0.0118394126	-0.0348935553	-0.1023846751	-0.0702124475	0.0112995999	0.0232970153	-0.0031577254	0.0446438495	-0.0274084606	-0.0504679898	0.0665686106	0.0183993139	0.0233676057	0.0368251787	0.1862227752	-0.0272160187	-0.0430107918	-0.1368833147	-0.1616590748	0.1054279714	0.0430942802	-0.0350428114	-0.0015474971846884	3.597590546179988e-05	1.2942657737963623e-09	2.3947475366185244e-06	-0.0575553354282902	-0.0204519790024164	0.0033126166362629	0.0004182834451152	0.0162723250902985	-3.815093404570258e-05	0.0002647885638443	1.455493768559548e-09	-0.0003180000723608	-0.000205000121618	1.0112404602147405e-07	4.202504986339479e-08	0.0001049996820892	0.0001050032376275	1.1025679912258957e-08	1.1024933238833069e-08	1.6731214870805908e-08	-6.298326383061986e-05	2.7993355105307675e-16	3.966891522757468e-09	0.0	0.0	0.0	0.0	0.0
890.0644566171442	0.7392996316754079	0.5465639453953938	792214.7369331721	801.737304059197	-1.0457222433650486	1.09353501026843	642782.7047201092	852.5573576880938	-0.2589903265277371	726854.0481481043	0.0670759892349439	848.0010673127899	647.4501966186192	1.106408	15.036047	0.080839652130209	0.0444404145378599	-0.0088340612	-0.1509815481	-0.0494303129	0.0438212668	-0.04722189	-0.161443277	0.0194088448	0.0705643286	-0.1356147113	0.0107270812	-0.0947829118	-0.142580892	-0.0642685017	-0.012694873	-0.133571293	-0.2062638877	0.0378015011	0.0906630583	0.0168088394	-0.1134741168	-0.0722666614	-0.0542739294	-0.0463152412	-0.0113438227	-0.0332917293	0.0246211367	0.1048632883	0.0183808867	0.1948115209	0.0330543049	-0.0366285106	-0.0371913103	-0.03431873	-0.0796009012	0.0511226957	0.0452506215	0.0724767626	0.0751325719	0.0697470613	0.0263057236	-0.1274246496	-0.1349492004	-0.0460725349	-0.0738793983	-0.1568950932	-0.1804136556	-0.0006901441	-0.0301973051	0.1053982402	-0.0341589702	-0.0514097441	0.0793858958	0.0254953418	0.0490050245	-0.0612062342	0.0763034272	-0.0045728497	0.0173129038	-0.0183366115	-0.0329446083	0.0336598506	-0.0523940317	0.0094393656	-0.0313257707	-0.1007544229	0.1681303216	0.0019548352	0.0056076926	0.0542307355	-0.0004821775	-0.095366931	-0.0251177507	-0.0123163351	-0.0295098325	0.0469912164	-0.0711715074	-0.0464862367	0.1514141084	0.0760256237	0.0108629167	-0.00767938	0.0765319124	-0.0072002933	0.0778165311	0.041688612	-0.0110312273	-0.0892540583	-0.1459040199	-0.0104201182	0.1034414224	0.0366662233	-0.0446835199	-0.0015103660804811	3.713110420730005e-05	1.3787188996533754e-09	2.2812056970678407e-06	-0.0238854982084433	0.0336698372198469	0.0005705170246655	0.0011336579384109	-0.0096070389713673	-0.0258793640616658	9.229519779737009e-05	0.0006697414842362	-0.0005389995045052	-0.0002209994321443	2.9052046585685104e-07	4.884074900814724e-08	0.0003090001440986	0.0002040004620094	4.1616188500048654e-08	9.548108905295557e-08	8.323195085279063e-08	6.650073598198472e-08	6.9275576427613545e-15	4.4223478861456376e-15	0.0	0.0	0.0	0.0	0.0
892.2566470659733	2.192190448829137	4.805698963937696	796121.9242334128	804.6314284380744	2.89412437887745	8.375955920412785	647431.735630296	853.6712739277011	1.113916239607306	728754.6439293441	1.240809388860881	849.5056789484611	661.3806667535201	1.264918	17.190201	0.1152062156609669	0.0691241909341016	-0.078385079	-0.0730694933	0.1236055099	0.0943754394	-0.0587168067	-0.0732376946	-0.1727777793	-0.0676739722	0.0797291329	-0.0340818689	-0.1137592071	-0.0317183658	0.0978957267	-0.0872148212	0.0312076904	-0.1307578358	0.062398393	0.0126214587	-0.1188392749	-0.086745481	0.1572154113	-0.1222169864	0.0218470867	0.1250643147	-0.1470335001	0.044994937	-0.0101244604	-0.1594225934	0.1817014946	-0.1387314961	-0.0441025406	0.0215495939	-0.1024426983	-0.0755310803	0.0300122236	-0.038899607	0.1465090978	0.1189183351	-0.0403223456	-0.0215680494	-0.1276735138	0.0907210138	0.057084644	-0.0261717482	-0.1822937888	0.0423862317	-0.0317636591	-0.0863655972	-0.0609143981	0.0282944777	0.2410002421	0.1261086424	0.099131092	-0.019637765	-0.0246991561	-0.0232904437	0.0424457181	-0.13038145	0.1853562134	-0.0314743898	0.0133826895	-0.1121787238	0.0973688663	0.0084625326	-0.1259957212	-0.0326527843	0.0773771807	0.18431735	0.0253870506	-0.015472132	0.0122240701	0.0236640872	0.1325655665	-0.1050953162	0.0484214611	0.0554555467	0.1206180817	-0.00053817	-0.0239635782	-0.0971542117	-0.0078281752	0.1953529167	-0.1246714818	0.0335059032	0.1248642897	0.0628148809	0.0549360186	-0.0257939453	-0.0240569207	0.1013839798	0.0301376669	-0.0540487397	-0.0015760129164021	-6.564683592099989e-05	4.309507066438681e-09	2.4838167126662523e-06	-0.0794467796778519	-0.0555612814694086	0.0063117908011811	0.0030870559985228	-0.0242321818085571	-0.0146251428371898	0.0005871986352029	0.0002138948030082	5.100000898207498e-05	0.0005899995134872	2.6010009161717283e-09	3.480994259152212e-07	-1.056710274838224e-12	-0.0003090001451553	9.548108970600283e-08	1.1166366049486747e-24	2.2448791889523138e-13	-8.323172636487175e-08	5.0394825729911984e-26	6.927520273676885e-15	0.0	0.0	0.0	0.0	0.0
890.6386160673509	-1.6180309986224302	2.618024312503098	793237.144430366	804.6673993278952	0.03597088982076	0.0012939049144972	647489.6235411183	853.1690293058343	-0.5022446218667938	727897.3925666596	0.2522496601941186	849.1905217834275	659.6944712763247	1.459166	19.83003	0.0759609380254706	0.0456721701664085	0.07233319	0.1278207539	0.1098558084	0.0203082379	-0.0267168088	0.1359813046	-0.0461158477	0.0429409207	-0.2085417774	0.0041042353	0.0573791557	0.0537245996	-0.0564277473	-0.1500865311	-0.1551759054	0.0858861159	0.0517506237	0.1247810384	0.065050997	-0.0366317264	0.2245433995	-0.1118360645	-0.1796144871	0.0642952729	-0.1763017383	0.0705392018	0.0065655602	-0.1106757228	0.0183655328	-0.0286357162	0.0281199049	-0.0936162523	-0.0192003038	-0.0421369949	0.0339769004	0.0494655153	-0.063287294	-0.0788404698	-0.0622785522	0.0087661301	0.0884142417	0.062964755	-0.0565832015	-0.2225761812	0.0033070278	-0.1045708382	-0.0897073833	-0.0321394504	0.0735819534	-0.1166440633	0.1090825253	0.1499389372	0.0021864438	-0.144965332	0.0559465961	0.0670071449	0.2363978196	-0.033431549	0.0239083041	-0.0139714745	0.0816437958	-0.0648886438	-0.0201341374	0.1060025729	0.0184165883	0.0436471655	-0.1680430075	0.0213480196	-0.1083588424	-0.1027311878	0.0098602601	0.0080715523	0.0622461052	-0.0259081464	-0.0001879408	-0.0471399032	-0.0626011781	0.1459309296	0.1668510913	-0.0162909552	0.0487764704	-0.0011698489	0.0680470567	-0.2481726298	0.1574667117	-0.0795383253	-0.127975852	-0.1359776291	0.1454407275	0.0992570537	0.0235265052	-0.063080731	-0.001556728830053	1.9284086349100017e-05	3.7187598631954557e-10	2.423404650318182e-06	-0.0416773164966315	0.0377694631812203	0.0017369987103603	0.0014265323489975	-0.0096100331160755	0.0146221486924816	9.23527364920678e-05	0.000213807232385	-0.0002719975896625	-0.0003229975986445	7.398268878220973e-08	1.0432744873016196e-07	6.20116889380462e-05	6.201168999475648e-05	3.845449696005781e-09	3.845449564949002e-09	-8.599155244457085e-05	-8.599155266905878e-05	7.394547091827379e-09	7.394547130435511e-09	0.0	0.0	0.0	0.0	0.0
892.5709852914212	1.9323692240702712	3.7340508181339422	796682.9637840984	807.1248004688936	2.4574011409984	6.038820367780236	651450.4435319513	855.3384297822125	2.1694004763782004	731603.8294623009	4.706298426909963	851.5078873001642	651.7132715073185	1.626207	22.1001	0.3032818117275231	0.196874152319392	0.0170968665	-0.0368441314	0.0237096851	0.1909434529	-0.0016512392	0.0119910235	0.0085092959	-0.0517267261	0.134362868	-0.1365941459	-0.0460068457	0.09950776	-0.0066011369	-0.2499158297	0.0028914726	-0.202210547	0.1563615198	-0.0110095982	0.0346842058	0.2190470736	-0.1072878738	0.0786348565	0.0410561739	-0.0867362194	0.2420846006	-0.2139614	-0.0149372029	0.0174003528	-0.0031891069	-0.0506858635	0.1591304579	-0.2070290874	0.1664826069	0.0058291439	-0.1593400315	0.0198410416	0.2371517287	-0.0451432232	0.1074606763	-0.1009539905	0.0008467257	0.129536882	-0.0845345301	-0.0305031615	-0.3386950943	0.1093094107	0.166836911	0.0508490478	-0.0382657731	0.0228593524	0.0493455266	-0.1335144123	-0.3687494751	0.2286635875	-0.1172956865	-0.0639488549	-0.144446592	0.1484203059	-0.1566098455	0.1826474451	0.1311657222	-0.0561288268	0.0745926983	0.0027991314	-0.0522770102	-0.1404936781	0.1678899445	-0.1686131151	-0.2821929317	0.0142275715	-0.2627870029	-0.2150002507	-0.4649206206	-0.25722668	0.060270742	0.045534489	0.006490836	0.0116956005	0.117178497	-0.1142215527	0.2351601946	0.1310109794	0.0844620811	0.0243267854	0.0369179619	0.2405160613	0.0059895522	0.1131312435	0.0440843681	0.0970621018	0.016850859	-0.0717238087	-0.028302277809729	-0.026745548979676	0.0007153243902242	0.000801018929219	0.1338099828898862	0.1754872993865177	0.0179051115209916	0.0307957922459732	0.0704880374371583	0.0800980705532338	0.0049685634217422	0.0064157009063508	-0.0005329998077518	-0.0002610022180892	2.840887950634557e-07	6.81221578475345e-08	0.0001340000518397	7.198836290165379e-05	5.182324393260203e-09	1.7956013893042284e-08	3.572272638861871e-08	8.602727517095947e-05	1.2761131806361157e-15	7.40069207333998e-09	1.0	0.0	0.0	0.0	0.0
894.8742077548377	2.303222463416546	5.304833715986582	800799.8477048484	803.3864586325253	-3.7383418363682495	13.975199685541137	645429.8019141103	856.1224400431581	0.7840102609455926	732945.6323454509	0.6146720892679761	851.1764704386393	654.1554825962454	1.549951	21.063787	0.4462281963845362	0.330048342397584	0.0211952874	0.0993252142	-0.0141520454	0.1313015457	0.0869660507	0.1938371299	0.0373086403	-0.1585204085	0.1025413985	-0.2386736911	0.0280627241	0.1567843175	0.1587044047	0.0256276015	-0.0345200841	-0.0981076806	0.0737717899	-0.0304405818	0.077985027	-0.0456597603	0.0743768657	0.0068144087	0.0765991856	0.0178842991	-0.0592628097	-0.114694026	-0.1233074006	0.0097034246	-0.0612488085	-0.064011498	-0.1030182382	0.1070587191	0.3342739579	0.0048041269	0.1933151845	0.0953388234	-0.0831801983	-0.0066756804	-0.1013899713	-0.2211585301	0.0916915727	0.1419227374	0.0455712877	0.1027541729	-0.1165864555	-0.0783461404	0.0824146147	0.0924961978	0.0215131788	-0.1575370214	0.1521474425	-0.0082131797	-0.053078473	-0.1480960272	0.1298250306	-0.0796219705	-0.1575329695	0.1066132814	0.0832532205	-0.0899801561	-0.2754161603	0.0009175086	0.0044087446	0.0140740356	0.0956889483	-0.1412217218	0.0164771776	0.1110663382	0.1409799635	-0.0163591073	0.2412882893	0.075429348	0.1634910454	-0.0454568838	0.2704034142	0.0535066826	0.2961391561	0.10099022	-0.0609202153	0.0661256962	0.2595295246	0.2353193499	0.1792591651	0.1051315384	-0.1973138364	0.2643445678	-0.0565274676	-0.0694340795	0.2265318237	0.0948006283	0.0101290257	-0.0799246852	-0.014380981352005	0.0139212964577239	0.0001938024950638	0.0002068126246467	-0.1859443424130376	-0.3197543253029238	0.0345752984754169	0.102242828549928	0.0071366634021217	-0.0633513740350366	5.093196451518328e-05	0.0040133965921271	-2.3012922790751828e-05	0.000509986884961	5.295946153731049e-10	2.6008662283227337e-07	-0.0002249985799605	-0.0003589986318001	1.2888001763441556e-07	5.062436098424151e-08	-0.0001150027722894	-0.0001150384950157	1.3225637634247591e-08	1.3233855335497624e-08	0.0	1.0	0.0	0.0	0.0
897.5173564219281	2.6431486670903723	6.986234876341612	805537.4050786062	813.1057180068073	9.719259374281933	94.46400278456724	661140.9086553656	854.848734324444	-1.2737057187141545	730766.3585761038	1.622326257885141	850.0580835681903	676.5640493683193	1.421842	19.322788	0.1944467404538192	0.143784409938795	-0.1296740878	0.0948090984	-0.1140094006	0.1221038382	0.2723387619	-0.0045601122	0.0851350176	-0.0920260829	0.009764544	-0.2047403737	-0.0005380653	-0.011013195	-0.0673485303	0.2236083415	-0.0545905555	0.0541443176	-0.0855598426	0.172535176	-0.0269911587	-0.0593104777	0.1108499381	-0.0857563509	0.0500279646	-0.0407358899	-0.0183199719	0.1466704248	0.0777252184	0.0731421575	0.0886636047	-0.1298718278	-0.1826329225	-0.146905954	0.0657591723	0.2463821016	0.0151980114	0.0079524044	-0.0401405463	-0.1228698757	-0.0830255799	-0.2137049434	0.0095983003	-0.0834386266	-0.0353450306	0.1026887899	0.1906059066	-0.1747886426	0.0749401444	-0.0300277013	-0.0118772963	-0.1064362688	-0.0668251046	0.1013857886	-0.0095347531	-0.0301792427	-0.1315353828	-0.0011508093	-0.1265989555	-0.203316567	0.0478678479	-0.1979494534	-0.1540020338	-0.1252707949	0.1708996916	-0.0651580284	0.0644823269	0.0669086289	0.0009794037	-0.0067917204	0.0918684608	-0.1841904427	0.0657939068	0.1079449238	0.027172371	0.0432987257	0.0917192039	0.0075656222	0.0392034171	0.2403365976	0.0973734378	-0.1254383478	0.096132933	0.139406131	-0.132406826	0.1484956675	0.20804679	-0.1718489824	-0.0436694454	0.0751049875	0.1022788675	0.0924741833	0.0033794295	-0.0876327994	-0.0067908597913373	0.0075901215606677	5.760994530571269e-05	4.611577670560168e-05	-0.045836626530189	0.1401077158828486	0.002100996331668	0.019630172049909	-0.0201107840272669	-0.0272474474293886	0.0004044436341913	0.0007424233914172	0.0001879996689182	0.0002110125917089	3.534387551335281e-08	4.45263138597288e-08	-0.0001609999784077	6.399860155280001e-05	4.095821000714056e-09	2.5920993047279866e-08	1.5146067135280903e-08	0.0001150179183565	2.294033496664362e-16	1.3229121543070616e-08	0.0	0.0	0.0	0.0	0.0
891.8556757272327	-5.661680694695406	32.05462828868665	795406.5463268788	807.8058004940258	-5.299917512781462	28.08912564228764	652550.2113117938	852.9467827033246	-1.9019516211193377	727518.2141239524	3.617419969078477	848.6873852381043	700.5507071743841	1.823284	24.778383	0.081208697133401	0.0465894573624972	-0.2216958906	0.0527504549	0.0538709159	-0.3944862968	0.0700860795	-0.0185691271	-0.0983377945	0.1881039126	-0.0180086669	0.1472516757	-0.1408929562	0.0774268397	0.0120057298	0.1868100841	-0.045176899	0.0305449739	-0.0367793908	0.2249262802	-0.1912268768	0.05672218	-0.1656781835	0.0131082392	-0.0848541951	0.1547021142	0.066304109	-0.1762723596	0.0065622869	-0.2275625576	-0.0321070713	0.0298106496	0.0760537712	0.0684075389	0.0633664336	0.0648296902	0.0553327214	0.0298158987	0.0045986786	0.1481764364	0.0521376431	0.1358752964	-0.0830314666	0.0527646053	-0.0153682676	0.1991068892	0.1933597659	-0.165223151	0.1812996905	-0.178232895	0.0818252684	0.0532932182	0.0383472289	0.0290049791	-0.2207108817	0.052450587	0.2267772495	0.0196154216	-0.0223949576	-0.0870792781	0.1043775125	0.1336195353	0.0143655255	0.0305718267	-0.1071413566	-0.0032389752	0.0551555112	0.0894256701	0.0398180339	0.1622521431	-0.0073728375	-0.0915980216	0.002108784	0.1153826445	-0.0411764899	0.0139106199	-0.3596924202	0.0182614895	-0.0501785655	0.1298034252	0.0137103666	-0.1943413622	0.1944895304	0.1030298767	0.1022325599	0.0641053413	-0.0988591122	0.0054142345	0.1939132475	-0.0894771209	-0.0748159698	0.090084361	-0.0033794295	-0.0948006283	-0.0015726257378929	0.0052182340534444	2.7229966636526776e-05	2.4731517114831884e-06	-0.0040000421209498	0.0418365844092392	1.6000336969372577e-05	0.0017502997950313	-0.009459453313525	0.0106513307137419	8.948125699075911e-05	0.0001134508459735	0.0005969997680579	0.0004090000991397	3.564087230611864e-07	1.6728108109628446e-07	-0.0002219997351662	-6.0999756758500025e-05	3.720970324596169e-09	4.928388241386295e-08	6.624930844726817e-08	5.1103241311987273e-08	4.388970869741278e-15	2.6115412725912018e-15	0.0	0.0	1.0	0.0	0.0
882.204607207717	-9.65106851951566	93.14312356838622	778284.9689785222	791.8386295094209	-15.967170984604875	254.95054925160787	627008.415183358	852.5615499153987	-0.3852327879259292	726861.1963941469	0.1484043008931839	848.2937418496339	644.0452641611514	2.087796	28.373085	0.0952084420406934	0.0597018661016521	0.1537815368	-0.1006989503	0.201381134	-0.3009686403	-0.2919580844	0.0317098674	-0.0292698336	0.1861130503	-0.0717946474	0.2638804227	-0.0087433438	0.2017188152	-0.1754805645	-0.0076367174	-0.0216138965	0.1166856359	0.0233614738	-0.0695584057	0.1057664056	0.0053042225	-0.0549812017	0.0353280845	0.041182625	0.1102613893	0.032304106	-0.0290268216	-0.0034023877	-0.0830462809	0.2060114292	0.057985401	-0.0183945225	0.1668668726	0.1777804539	-0.2296036123	0.0661145384	-0.1670489609	-0.0116862178	-0.0077859133	0.0939694224	0.2949752454	0.0372214229	0.0932595509	-0.1916852016	-0.024127456	0.0506316095	0.0440468087	0.0107813123	0.0899340476	0.0552727351	-0.0974990945	-0.0697636585	-0.1933027738	-0.02724948	-0.1377994697	0.2470696377	0.1235824555	-0.0317039061	-0.2346190448	0.0055892356	0.0005996079	0.0566445713	0.006064717	0.2022209257	0.0174580193	-0.0690425136	0.0563990247	-0.1669680579	0.0396888384	-0.2031634091	0.1897896293	-0.0761103477	0.0379023514	0.0615338786	0.0244048015	-0.2246799844	0.0193956618	0.0249633172	0.1052890729	-0.0288800753	-0.0553395544	0.1768537693	0.0169149779	0.1074161009	-0.083871668	-0.1533411637	-0.2058077013	-0.1397619755	-0.0877406876	0.1744822976	0.0876327994	-0.0101290257	-0.1013839798	-0.0121131253588089	-0.010540499620916	0.0001111021322585	0.0001467278059582	-0.0202648720623983	-0.0162648299414485	0.0004106650397053	0.0002645446930242	0.0397915284571581	0.0492509817706831	0.0015833657369568	0.0024256592053761	0.0002139999907989	-0.000382999777259	4.5795996061929286e-08	1.4668882938044364e-07	-0.0002220001206643	-3.8549809999450894e-10	1.4860878509937642e-19	4.928405357496376e-08	2.3797912631417042e-08	-4.2451395815851134e-08	5.663406456125588e-16	1.8021210067140626e-15	0.0	0.0	0.0	1.0	0.0
881.8883098022636	-0.3162974054533833	0.1000440486965419	777726.9909658933	784.8312210980583	-7.007408411362576	49.103772643634976	615960.0456102693	851.4753880332057	-1.0861618821929824	725010.3364262983	1.179747634329002	846.9039107264052	614.6333348094553	1.448558	19.685863	0.0207825120236774	0.0137554438895688	0.3008247114	-0.1463251918	0.0683710351	0.0416628332	-0.3033467562	0.0182637472	0.1119750127	0.0054211555	-0.0438013512	0.2258188828	0.1290517787	0.0457823979	-0.0340953402	-0.1168305238	0.0374246054	-0.0195769384	-0.0715397879	0.0750506527	0.1469560345	0.043621549	0.0181569406	-0.0504907382	-0.0614316787	0.0879835499	0.1144418416	-0.1338340458	0.2116971942	-0.0333313027	0.0437634767	-0.141114996	0.0598003626	0.0502617913	-0.0577351684	0.02030352	-0.0711004367	-0.1804638592	-0.088440601	-0.0180547795	-0.1360003371	0.2468767997	0.1132179005	0.0150344956	-0.014864804	-0.0909287295	-0.0334887382	0.0788002602	0.09156311	0.0423421811	0.0590585839	-0.1228543795	-0.139306605	0.0909371145	0.0105703451	-0.0473539182	-0.0806415173	0.1047295671	-0.0931232972	-0.1778149528	0.0044135734	0.2434341676	-0.0475145531	0.0607339812	0.1067266883	-0.0748819018	-0.0840790108	-0.007414733	-0.1532601358	-0.0423701483	-0.0666389596	0.2801785327	-0.1242643711	0.0195086618	0.0048249535	0.0878149449	0.0909874746	0.1341287856	0.026596436	0.0079162982	-0.1260478037	-0.0745218168	0.0444151575	0.1982336294	-0.0241535719	-0.0056080022	-0.1122420218	-0.0326112568	0.0261106877	0.0160745253	-0.0318182742	0.0851211787	-0.016850859	-0.1073422654	-0.0121142947995025	-1.169440693600185e-06	1.3675915358480817e-12	0.0001467561384892	-0.0202408285150568	2.404354734149988e-05	0.0004096911389759	5.780921687629461e-10	0.0269351286394794	-0.0128563998176787	0.0007255011548253	0.000165287016272	5.60000156684383e-05	-0.0001579999751304	3.136001754865335e-09	2.496399214122652e-08	-0.0002219997083985	4.122658000030831e-10	1.699630898521821e-19	4.928387052901903e-08	6.200949620648136e-09	-1.7596963010768906e-08	3.845177619781627e-17	3.096531072023691e-16	0.0	0.0	0.0	0.0	0.0
884.2321631537097	2.343853351446114	5.493648533085182	781866.5183554888	788.9927651798024	4.1615440817440685	17.318449144299084	622509.5835060708	851.8790147213917	0.4036266881860229	725697.8557226892	0.1629145034160169	847.5183354720328	623.6398719151815	1.198914	16.293201	0.0706761261107297	0.0435213730341987	0.2322835599	-0.1516299704	-0.083527875	-0.0789403356	-0.199175046	-0.0778512953	0.2023786297	-0.0979734756	0.0960876325	0.0981820312	0.1629009475	-0.0975652646	-0.0172708694	-0.0943730152	0.1215036905	-0.1405197417	-0.0800475816	-0.0244349366	0.1089012601	-0.0469288938	0.0010175667	-0.0444443022	0.0644185473	-0.0480069267	0.039538363	-0.0970170316	-0.069322198	-0.1341067513	0.0189166918	-0.0700273388	-0.0245091993	0.1270781694	-0.0666638668	0.0188856222	0.0484108737	0.068456289	0.0926844615	-0.028316625	0.0162266213	0.0977772338	0.0950754129	-0.129757414	0.0568329616	-0.0130375871	-0.1073114388	0.2111126354	0.160045782	0.0618371284	-0.0119834647	-0.0403566242	0.1024449285	-0.0188301677	0.1881418319	-0.023476952	-0.0212922785	0.0235306346	0.0409785403	-0.0677769372	0.0591569759	0.0644845365	0.0203545183	0.0129039271	0.0115142566	-0.1034036513	0.0428223262	-0.0432567737	-0.0318905442	-0.1072100983	0.0788015821	0.2710904662	-0.1256715367	0.0787807113	0.1106475047	0.0552368712	0.0455117243	0.1128722467	0.1087866693	-0.1243339224	-0.1166484902	-0.0915496382	0.0880569835	-0.0236088216	0.01336135	-0.0600827647	0.1195754675	-0.1112634594	0.0350046564	-0.0352607254	0.0775367926	0.0825512202	-0.0235265052	-0.1126387502	-0.0121192736721837	-4.978872681199106e-06	2.478917317559078e-11	0.0001468767943412	-0.056157752720523	-0.0359169242054662	0.0031536931906194	0.0012900254443812	0.0184320063151517	-0.0085031223243276	0.0003397388568017	7.230308926248009e-05	0.0001650001526722	0.0001090001370037	2.7225050381849308e-08	1.1881029866838821e-08	0.000193999956128	0.0004159996645265	1.730557208861606e-07	3.763598297766592e-08	-1.6011685210221157e-08	-2.2212634830869293e-08	2.563740632712149e-16	4.934011461295477e-16	0.0	0.0	0.0	0.0	0.0
886.9786174144864	2.746454260776659	7.543011006538264	786731.0677505138	795.4392822265625	6.44651704676005	41.55758203416792	632723.6517091088	851.7363234053746	-0.1426913160171352	725454.7646081048	0.0203608116667019	847.4717250441271	632.0011441742165	1.137234	15.454977	0.0659971283863922	0.03606707131514	0.0958731527	-0.1913897576	-0.1057214459	0.0123399288	-0.093308072	-0.1475939502	0.1694833081	-0.0426434317	0.1472373857	0.0635127531	0.0159081905	-0.242945921	0.0666849269	0.0457007263	0.0473990716	-0.1577555265	-0.0340656825	-0.016128717	-0.121233171	-0.0302454175	0.0726792501	-0.106376431	0.1218067183	-0.0227916016	0.101728317	-0.0458468861	0.0820605845	0.1271884823	-0.1201799003	0.0393858695	0.1073157389	0.1899517161	0.0233330899	-0.0194594909	-0.1327135803	-0.0616600654	0.0639451031	-0.026865535	0.0263787267	0.0444143878	-0.0689855707	-0.2022293211	0.1624534867	0.0244165986	-0.1220193043	0.0430310796	0.0424208897	-0.0528992027	-0.0945264018	0.0383837419	0.0759394394	-0.0369707592	0.0218302276	0.0965716002	0.0651992462	-0.0166682334	-0.1027013458	-0.1672595033	-0.166171154	-0.0269156071	0.0184440726	0.0909147173	-0.1380410908	-0.0814403721	-0.0775167653	0.0526658203	0.0192402136	-0.0123769858	0.1298193331	0.2382082769	-0.101965081	0.0540837035	-0.095107355	0.0163220275	0.0242039421	0.0931719571	0.0800275131	0.0121311286	-0.0254667485	0.0894932115	-0.0065789969	-0.0194215904	-0.061538346	0.0592058153	-0.0349661185	-0.0377931994	0.0381325292	-0.0503234836	0.0558349215	0.0799246852	-0.0301376669	-0.1172407796	-0.0044032703427916	0.007716003329392	5.953670737918997e-05	1.9388789711708053e-05	-0.0258832178418941	0.0302745348786289	0.0006699409658509	0.0009165474621173	0.0261899634763125	0.0077579571611607	0.0006859141868905	6.018589931440613e-05	0.0001849961006927	1.9995948020499997e-05	3.422355727150359e-08	3.9983793723853757e-10	-0.0001350053018152	-0.0003290052579432	1.0824445975427157e-07	1.8226431518213244e-08	-5.598746606571973e-05	-5.597145438050951e-05	3.134596356460118e-09	3.132803705469457e-09	0.0	0.0	0.0	0.0	0.0
888.486185560716	1.5075681462295734	2.272761715526072	789407.701932231	796.240094577565	0.8008123510024916	0.6413004215181378	633998.2882128896	852.3875451644158	0.6512217590411638	726564.527151419	0.4240897794486675	847.4115579907563	642.1238369043323	0.988704	13.436457	0.0232912189228443	0.0104399393869702	0.021963784	-0.1921048568	-0.0088101022	0.0374757854	-0.0936525715	-0.1658634234	-0.0020205546	-0.1243382562	-0.0612085319	0.0699420495	-0.0673487191	-0.1811267844	0.0286064763	0.0240668297	-0.0970920497	-0.0302951665	0.1348460506	0.0215218098	-0.078199153	0.1771379384	-0.0256104891	-0.0350081292	0.0737108754	-0.2380910961	0.0667452123	-0.0835664934	0.0072661731	0.1076101623	-0.0474470347	0.0095585009	-0.0859295291	0.0072792579	-0.0072681503	-0.012712929	0.0437666883	0.0496667828	-0.2833713307	-0.1526607341	-0.0938007133	0.0636892594	-0.1413003568	-0.1191162414	0.1202205491	-0.094144278	-0.0230478804	-0.0856328613	-0.1127046546	0.0429350567	-0.006987008	0.0154220988	-0.0262045249	0.0090115086	-0.1957737389	0.0227126932	-0.1107901126	0.0498179466	-0.1383886139	-0.113626162	0.0103129945	-0.0638291434	-0.0431522913	0.0613482622	-0.0187713188	-0.021218633	0.1108182525	0.1493839264	-0.0002837381	0.0539015564	0.0316539749	0.1501134837	-0.0306382461	0.0081865061	-0.0954211339	0.0580902456	0.0818208816	-0.0165077377	-0.0705928797	0.0967359764	-0.013899422	-0.0407952835	0.0374066313	-0.0939212947	-0.0925400877	0.0214219088	0.0328945202	-0.0131709	0.1217626173	-0.0217635088	-0.0476669649	0.0772433738	-0.0366662233	-0.1211199807	0.0009051976543474	0.005308467997139	2.8179832476648945e-05	8.193827934360351e-07	-0.0236082459281306	0.0022749719137634	0.000557349275803	5.17549720841276e-06	0.0184325558078199	-0.0077574076684925	0.0003397591136083	6.017737373518778e-05	7.199353656384579e-05	-0.0001130025641288	5.1830693069698e-09	1.2769579499695804e-08	-0.0001520031210953	-1.6997819280099993e-05	2.88925860278939e-10	2.3104948822712435e-08	-8.499450952574972e-05	-2.900704346003e-05	7.22406664952276e-09	8.41408570292069e-10	0.0	0.0	0.0	0.0	0.0
891.6771585315535	3.1909729708374925	10.182308500615454	795088.1550469052	807.7710003572352	11.530905779670206	132.96178809963178	652493.9890181284	853.9306914203289	1.5431462559131432	729197.625749601	2.3813003671387523	849.1083187300796	651.5670470293018	1.039577	14.127827	0.0513028257781745	0.029250618096255	-0.039027815	-0.1741272427	0.0946855096	0.1028062093	-0.0398980054	-0.1277148204	-0.1352140429	-0.0927514845	-0.0863570081	0.0091820885	-0.1784087179	-0.0640847542	-0.0230410027	-0.142708731	-0.0663071203	0.0217827437	0.1018022361	-0.0238618734	0.0350880583	0.0801167183	0.0952039859	-0.0209141182	-0.0387529474	-0.1659549507	0.0396594947	-0.0503949417	0.0518289188	-0.0067388502	-0.0545773821	0.0435570403	-0.1671660582	-0.1792906814	-0.198189264	-0.1212006043	-0.0082817979	-0.1085950546	-0.0979242319	-0.0168968661	-0.0205875585	0.0173067499	-0.1824712373	0.0395999422	-0.0117230977	-0.1432154606	-0.0310825085	-0.03523832	-0.1446229571	0.0460367768	-0.0015858802	-0.0735127496	-0.0224123164	0.062731457	-0.0114260742	0.0070492092	-0.2960345175	-0.0213584794	-0.0398689028	-0.0238923023	0.0194865756	-0.0124414339	0.0636527506	0.0151693632	-0.0546504244	-0.0573133329	0.1166481151	0.1362917637	0.0442859217	0.0412619363	-0.0978431531	0.0542472922	-0.0965724177	-0.0122727845	-0.0052574084	0.0792213744	0.1517294651	-0.0073825321	-0.0063357862	0.0967892596	0.0414112125	-0.0123332577	-0.1028764572	-0.1407462078	-0.0911856711	0.1344987743	0.0203045419	0.1268895776	0.0776441378	0.0904642897	0.0596530673	0.0745091236	-0.0430942802	-0.1242524367	0.0057509921291796	0.0048457944748322	2.348172409231428e-05	3.307391046988571e-05	-0.0018234585515841	0.0217847873765465	3.325001089345184e-06	0.0004745769610413	0.0184098584871463	-2.2697320673600863e-05	0.0003389228895167	5.151683657602691e-10	0.0001339997234707	6.200618690685421e-05	1.7955925890224072e-08	3.844767214727739e-09	0.0001940001685962	0.0003460032896914	1.1971827647734005e-07	3.7636065415354025e-08	-1.3054001659360341e-08	8.498145552409036e-05	1.704069593225825e-16	7.2218477829929494e-09	0.0	0.0	0.0	0.0	0.0
893.7374021259164	2.060243594362987	4.2446036681137205	798766.5439587821	807.5041099099552	-0.266890447279934	0.0712305108492832	652062.887521469	855.117371005437	1.1866795851080951	731225.7181952503	1.4082084377123207	850.7361496428456	664.1380736862404	1.140899	15.504785	0.0517388014423731	0.0352085980170158	-0.0688754182	-0.0414603062	0.1043127707	0.10508982	0.0097049804	0.0132122145	-0.1881463859	-0.1172864069	-0.0340211271	-0.0381743864	-0.1580597755	0.0927828619	0.0808556293	-0.1120477811	0.0423592206	0.0486001626	-0.0053947689	-0.0754930935	0.035556412	-0.0459873271	0.0386071713	-0.0459523638	-0.0243406873	0.0574220711	-0.0213221143	-0.0263780938	0.0435675795	0.0200050449	-0.153414922	0.1394381059	-0.0831509654	-0.1620126808	0.0839094724	0.0641460481	-0.0140565454	0.0452410359	-0.0087627678	-0.0374862064	-0.0670410809	-0.0534234655	-0.0993649434	0.2097340797	0.0104249102	-0.0481005814	0.0054588539	0.0853731803	-0.0668976351	-0.0033168688	-0.0341375954	-0.1186984528	0.0531842282	0.0666432534	0.0418124671	0.1300997452	-0.0341490554	-0.0403429877	0.0685119966	0.1489781149	-0.0254255004	-0.0418193444	0.0313062647	-0.0293428038	-0.0998184894	-0.0446832233	0.0840415996	-0.0301393013	0.1211187125	0.0855118637	-0.1185473711	0.0019590742	-0.0166429796	0.0624513519	0.1312658667	-0.0116085174	0.1078439318	0.0053128263	0.1133778958	-0.0697320799	0.0339629547	-0.0273182116	-0.0298261647	-0.0046363223	0.0096820131	0.1098950072	0.1513524602	-0.0048790645	0.0633004194	0.1369230085	-0.0393955276	0.0717238087	-0.0494042187	-0.1266188352	0.0057989488351495	4.795670596989977e-05	2.2998456474834204e-09	3.362780759268174e-05	-0.0280571783492433	-0.0262337197976591	0.0007872052569212	0.000688208054422	0.0184151067769136	5.248289767299796e-06	0.0003391161576051	2.7544545481543752e-11	0.0001849999967939	5.10002733232e-05	3.4224998813743014e-08	2.601027879041106e-09	-0.0002639996782991	-0.0004579998468953	2.0976385975611827e-07	6.969583014202828e-08	2.435875937508412e-08	3.741276103444446e-08	5.933491582932487e-16	1.3997146882204457e-15	0.0	0.0	0.0	0.0	0.0
892.8650248588652	-0.8723772670512062	0.7610420960677315	797207.9526162221	804.242490790872	-3.261619119083207	10.638159277969114	646805.9839935058	853.5709653281915	-1.5464056772455024	728583.3928513007	2.391370518617121	848.6784673277228	662.5492825439011	1.047895	14.240862	0.0554116558814003	0.0337167654880427	0.0009877055	0.1031997555	0.1424236133	0.0568199388	0.0028538761	0.162799163	-0.0925288402	0.0056841729	0.0388557901	0.0285049238	0.0051784103	0.0471698351	0.1562741432	-0.0335037219	0.0163039126	0.05112058	0.0584531434	-0.045701308	-0.0147058116	-0.0037508183	0.0279291419	0.0395261965	0.0668793263	0.083121112	0.0240583965	-0.0623094545	0.1896771869	-0.0262887873	0.1055498139	0.07298211	-0.0842792973	0.1342890891	-0.018443173	-0.0136372507	0.0125573167	0.0705660694	-0.0487336854	-0.0237227237	-0.0791272077	0.010529865	0.0412296459	0.1602420869	0.1133367257	-0.0424980239	0.0417387482	-0.0029830817	-0.0849189053	-0.0042212108	0.0639409178	-0.0422817204	-0.0313279436	0.0777374981	0.0248228088	0.1193945891	0.1619397766	-0.0956431926	-0.0160467328	-0.0550076419	0.092088575	0.0547748506	-0.0722686264	-0.0670952579	-0.0465772994	0.0116309514	-0.091995559	-0.1154769791	-0.0074495923	0.1093681556	-0.0641562243	-0.0109545373	0.0556041834	0.0759115926	0.0505829651	0.0204312682	0.0564259131	-0.0086336912	0.0466396891	0.0140608297	0.178729659	0.0512480835	-0.0211492677	-0.1094622214	0.0550620041	-0.0918698231	0.0604414881	-0.0014033638	0.0104050613	-0.0545402075	-0.0374671688	0.0688893378	-0.0555787436	-0.1282045865	0.0057894608024895	-9.48803265999991e-06	9.002276375722494e-11	3.351785638356236e-05	-0.0526649174124571	-0.0246077390632138	0.0027735935260609	0.0006055408218032	-2.8816804046982725e-05	-0.0184439235809605	8.304081954821998e-10	0.0003401783170603	0.0003599999688276	0.0001749999720337	1.29599977555873e-07	3.0624990211795786e-08	-0.0001919997200374	7.19999582617e-05	5.183993989686542e-09	3.686389249443998e-08	3.4532555294669934e-08	1.0173795919585812e-08	1.1924973751794365e-15	1.0350612341338091e-16	0.0	0.0	0.0	0.0	0.0
892.4679127954759	-0.3971120633893861	0.1576979908893758	796498.9753695132	800.4856397292193	-3.756851061652696	14.113929899440992	640777.2594126975	853.1346292358238	-0.4363360923676964	727838.6956013466	0.1903891855027109	848.3068157121974	658.5638857302458	0.984172	13.37487	0.0499017176685934	0.0367610373127125	0.0718070187	0.1309232594	0.0166286418	0.0581758159	-0.0193891554	0.1506971959	0.0568635026	-0.0976833773	0.0110455173	-0.011609	0.1344739996	-0.0419164109	0.1215208472	0.0001118834	0.0042161337	0.1107100767	0.0533233428	0.1264860532	0.0625572658	0.067297655	-0.0782204411	-0.0913791233	0.0518160901	0.1184079947	0.1186346018	0.2059297999	0.0439066275	-0.0454472497	-0.055039192	-0.2205272691	-0.0458080379	-0.0848943455	0.0203296803	-0.1693997332	-0.0656395881	0.0177919822	0.1248745963	0.0289903328	-0.029042815	-0.0237651479	0.1383226091	-0.0048414172	0.1664663794	-0.022055978	0.0570579445	-0.0005168997	0.0114244954	0.0936141434	0.1064318838	0.0039372208	-0.0114817872	0.0472771838	-0.1191572543	0.039959186	-0.0324946195	0.0659571589	0.0867768101	-0.0277519949	-0.1301012085	0.0003547071	-0.1649502475	-0.0796075616	-0.0469688552	0.0706643418	-0.1216877143	-0.1438000727	-0.0742229291	0.0279727157	-0.0099923506	0.0057349562	0.061933636	0.0648433298	-0.1381804795	0.0939982435	0.0324343342	-0.0035284581	-0.0444159223	0.1716392272	0.0626520937	0.1261269128	-0.1675960039	-0.0048799555	-0.0279593996	-0.0557724394	0.1234339504	0.0530494372	0.0692446299	-0.0750157278	-0.0307216817	0.0660076536	-0.0616009311	-0.1289999139	0.005761807365161	-2.765343732849968e-05	7.647125960812595e-10	3.319842411322355e-05	-0.0183653915798629	0.0342995258325942	0.0003372876078816	0.0011764574723407	0.0112953994498781	0.011324216253925	0.0001275860487323	0.0001282378737656	0.0002849997315865	-7.500023724110001e-05	8.122484700437707e-08	5.625035586221285e-09	-0.0002020002177145	-1.0000497677099997e-05	1.0000995378968244e-10	4.08040879567054e-08	2.8824578581800306e-08	-5.707976712869628e-09	8.308563304183809e-16	3.2580998154661956e-17	0.0	0.0	0.0	0.0	0.0
893.0970992400654	0.6291864445895499	0.3958755820552387	797622.4286710193	805.9023737290327	5.416733999813346	29.34100722473389	649478.6359820894	853.6412419910356	0.5066127552117905	728703.3700279978	0.2566564837432815	849.5056825779789	658.4964970022008	0.935201	12.709351	0.0417646257815331	0.0234773553274112	0.0549936715	0.1050296386	0.0237303065	0.0481093354	0.0177818723	0.0896336489	0.036645019	-0.0260338576	-0.0879817488	-0.0094019993	0.0935579579	0.0259772108	0.0652619475	0.0310913635	-0.1769352712	0.1173148934	0.106929917	0.0969488778	-0.0712743924	0.02818107	-0.0172448872	-0.0873221377	0.0082988151	-0.0285732605	-0.1076540563	-0.0474435732	0.1155375153	0.0125005268	-0.0309715769	-0.0520927928	0.1652499391	0.129980069	0.0755370473	0.0953652901	0.1274163127	0.1139816395	0.0589456852	0.040827078	-0.0341959947	-0.0144628503	0.1137225105	-0.021104827	0.0503376104	-0.0294051253	0.0234234915	-0.1324809922	-0.0493716573	0.0406939184	0.0620927882	0.0861894095	0.1884704878	0.0089055909	-0.1150089051	-0.0096803694	-0.0250380079	0.0041420976	-0.0630777515	-0.0218690398	0.0184414395	0.0560509728	0.1329559256	-0.0042848946	-0.0440986373	0.1608382767	-0.1273173806	-0.0009877146	-0.1350661968	0.0420476856	-0.0067573213	-0.0593691278	0.1320890639	0.0297048066	-0.1586130628	0.0381017282	0.0983295792	0.0183660961	-0.0289264144	0.0176323583	0.1025306403	-0.0075172484	0.0180939089	-0.0075365185	-0.0054245789	-0.0980116631	0.157123356	0.1067889708	0.062764637	-0.0227243767	-0.1604748527	0.063080731	-0.0674542747	-0.1289999139	0.0058336852750215	7.187790986050002e-05	5.1664339259141664e-09	3.403188388800268e-05	-0.0386025746852709	-0.020237183105408	0.0014901587723319	0.0004095435800418	0.0090418142722086	-0.0022535851776694	8.175440533311514e-05	5.0786461530116696e-06	9.59824249775798e-05	-0.0001890173066089	9.212625904576732e-09	3.5727542197690555e-08	-0.0002640061855965	-6.200596788199998e-05	3.844740052983614e-09	6.96992660332136e-08	-0.0001329874927024	-0.0001330163172809	1.7685673215270894e-08	1.7693340662994817e-08	0.0	0.0	0.0	0.0	0.0
892.6021714766451	-0.4949277634202644	0.2449534910041852	796738.6365248222	811.7053935331456	5.803019804112978	33.67503884692742	658865.6458907989	854.0786930349208	0.4374510438851757	729450.4138962384	0.1913634157962299	850.1905363385346	655.2136144810829	0.98704	13.41385	0.050523271411405	0.0253238500158451	0.0354378374	0.0472605181	-0.0920618719	-0.0144072378	0.0892137743	-0.0012007002	0.0787136369	0.0945586861	-0.1031856614	0.0032233987	0.0982854556	0.0286444351	-0.1114352548	0.028241493	-0.0302790366	0.0160413413	0.1841024007	0.0117415797	-0.167609684	-0.0067168642	0.0195083198	0.0517652024	0.1791696723	0.0414435334	-0.0362878605	-0.0918994814	-0.0789325013	-0.0297119026	0.0073538338	-0.012595282	0.054075904	-0.0364199495	0.0114668158	0.0340912897	-0.1475339792	0.0663212656	-0.2385341273	0.1097153881	-0.0303518622	-0.0075367697	0.0854656457	-0.0838848158	-0.1040390387	-0.0177479049	0.0062040617	-0.0414883791	-0.0876097757	-0.0282198688	-0.0095857781	0.0557521433	0.1416813996	-0.0664722517	-0.0453773923	0.0560983294	0.0521507345	-0.1787971625	0.0251984726	-0.0422892488	0.0204351436	0.0138681905	-0.0595228363	0.0460215168	0.0543331253	-0.0664131569	0.1136238008	0.0613604554	-0.0888985727	-0.0893909424	0.0179085196	-0.1008295333	0.0042345892	0.0527780957	-0.0691843694	-0.0086047282	0.0128875621	0.0107331041	0.0363879787	-0.0179778038	0.1068679114	-0.1170393512	-0.0260380712	-0.0019711932	0.1092727691	-0.118967486	-0.0407582271	0.0265645299	0.033862889	0.0527013521	0.01179842	0.0601105761	-0.0731227308	-0.1282045865	-0.012187814906909	-0.0180215001819305	0.0003247744688073	0.000148542832205	-0.026822673144963	0.0117799015403079	0.0007194557946415	0.0001387660802993	0.0217642464172342	0.0127224321450256	0.00047368242211	0.0001618602796847	0.0002539817546559	0.0001579993296783	6.45067316980898e-08	2.496378817879852e-08	-0.0002640168657068	-1.0680110299995157e-08	1.1406475602006263e-16	6.970490537764245e-08	-0.0001349662337966	-1.978741094200005e-06	1.8215884265238493e-08	3.915416317875834e-12	0.0	0.0	0.0	0.0	0.0
893.2826500705459	0.6804785939007161	0.4630511167570956	797953.8929170573	811.4458641501034	-0.2595293830422633	0.0673555006622978	658444.3904463081	854.213717679365	0.1350246444442291	729681.0754716019	0.0182316546072904	850.40459848299	659.5286006374636	0.996406	13.541128	0.0416390266894705	0.0255864336686947	-0.0416464089	-0.0588762249	-0.1205906215	-0.0383281635	0.0858004278	-0.1222508264	0.0507924384	0.0802866535	-0.0207730852	0.0067112664	-0.0404623731	-0.0538352374	-0.1329393327	0.0047834648	0.0822825939	-0.007732079	0.0867929033	0.0862870798	-0.0221863425	-0.034228699	0.1181562383	0.2520469016	0.0950888986	0.065110022	0.0076012454	-0.0365119785	-0.0918382246	-0.040074285	-0.1644386419	-0.0483916595	-0.0799723994	-0.022140038	0.0362649832	-0.101941109	0.0891215343	-0.023795551	0.0868616735	0.1210399894	-0.1282544912	-0.0043716563	-0.0630499618	-0.1114629658	-0.1196037185	0.0332377439	-0.0247788985	0.03356899	-0.0145801799	-0.0480163085	0.0578829584	-0.0658667402	0.0829186008	-0.0349612276	0.0284846955	-0.0145096243	0.031908649	-0.2623612293	0.0189671896	0.0500849112	0.0316321107	0.0821795981	-0.081918449	-0.0198006864	0.0770858745	0.1043555355	0.0340984114	0.0769854424	0.0467551302	-0.0370387564	0.0488070577	-0.0365794724	-0.0872718805	0.1091853078	0.0316072839	0.0306323775	-0.0119764567	0.007390629	0.1629192087	-0.0054845729	0.0711725216	0.0290389636	-0.0809596823	-0.0904916675	0.0767496194	0.03077309	0.0309937288	0.0482893067	-0.0102856566	0.0315658755	-0.0361662807	0.0570992244	-0.0785907625	-0.1266188352	0.0070376911970271	0.0192255061039361	0.0003696200849524	4.9529097384712734e-05	-0.0268291538203158	-6.480675352797671e-06	0.0007198034947141	4.199915302835922e-11	0.0061570400053625	-0.0156072064118716	3.7909141627634255e-05	0.0002435848919827	0.000346976588756	9.299483410009995e-05	1.2039275314475038e-07	8.648039169305116e-09	-0.0002640307062895	-1.3840582700004772e-08	1.9156172947567143e-16	6.97122138637322e-08	-0.00017795422908	-4.29879952834e-05	3.166770764745712e-08	1.84796773848562e-09	0.0	0.0	0.0	0.0	0.0
893.9630318398732	0.6803817693273686	0.4629193520330406	799169.9022963382	813.3327139461742	1.8868497960708053	3.5602021529324404	661510.1035750492	855.0062049475754	0.7924872682103796	731035.6104988552	0.6280360702755502	851.3728878675541	672.4592361588409	1.086548	14.76615	0.0489180072303364	0.0299862861497814	-0.1220990789	-0.0714763119	-0.0509827645	0.0636776238	0.0999283965	-0.1208490752	-0.0398707043	0.0230336719	0.0735492825	-0.0575697513	-0.0790573029	-0.0241789002	-0.0585675231	-0.0273231384	0.1881243075	-0.0614733692	-0.0051591742	-0.1429807648	-0.0056977872	-0.023571931	-0.0523461596	-0.0246208008	0.0309421102	0.2674002858	0.0959828303	0.1231248567	0.1829897912	-0.0323382642	-0.1336258833	0.1102520742	-0.063326733	-0.1398513693	-0.0724951918	0.0320890872	0.1615331779	0.0221453192	-0.0787146389	-0.1224870494	0.0046294338	-0.0553742289	-0.1135966588	-0.0191672937	-0.0326579691	0.0799813715	-0.0318246519	0.1249997784	-0.0442174208	-0.0961354843	0.0261663701	-0.0032248504	-0.152429975	0.1275935542	0.0690307838	0.1147737345	0.202163566	0.1670969646	-0.0392158328	0.0870531028	-0.0900644565	0.056294455	0.0279835326	-0.0992458601	0.0117613485	0.0599468198	0.233900692	0.0049076046	0.1741001984	-0.0178843279	0.0079516318	0.0153006151	-0.1117019817	0.1087232651	0.037008556	0.0445938539	-0.0062278049	-0.0109463992	-0.0264779156	0.0931843091	0.062916617	0.093114033	-0.0911936446	0.0468557178	-0.0579715192	-0.0973186224	-0.0072063102	-0.111408533	-0.011481283	0.1518116814	-0.0414258306	0.0540487397	-0.0838433825	-0.1242524367	0.0070028123470819	-3.487884994519963e-05	1.2165341734997523e-09	4.903938076844271e-05	-0.002223019142761	0.0246061346775548	4.941814109081852e-06	0.0006054618637699	0.0188840051631302	0.0127269651577676	0.0003566056510011	0.000161975642127	0.00029399989125	-5.2976697506e-05	8.643593605501184e-08	2.8065304786422263e-09	-0.0002639998368638	3.086942569998415e-08	9.529214430468422e-16	6.969591386411303e-08	3.877488967440109e-08	0.0001779930039696	1.5034920692619764e-15	3.1681509462148526e-08	0.0	0.0	0.0	0.0	0.0
894.0479564718263	0.0849246319530721	0.0072121931123647	799321.7484714487	807.4142276090735	-5.918486337100717	35.02848052244786	651917.7349455567	854.6973191407529	-0.3088858068224454	730507.50734639	0.095410441656353	850.3987408918856	675.4283888650978	1.018026	13.834937	0.0359369275790223	0.0184582979823406	-0.1377272971	-0.0382939051	0.0203282838	0.0365393311	0.0375497609	-0.0527377897	-0.0894082007	0.0050480744	0.1295498274	0.0056950711	-0.1687056457	0.0161265504	0.0809906047	0.1327494438	0.0945989771	0.0237240343	0.0252789375	-0.0672756801	0.0151117683	-0.023049309	-0.036756534	-0.0353243442	0.0675469387	0.0278466829	0.1115969634	0.0128600497	-0.0568011081	-0.0018622575	0.1258873409	0.1528207569	-0.0584055752	0.0373316935	-0.0828692354	0.0426296979	-0.1101983198	-0.004212268	0.0306600179	-0.0927938265	0.0333430058	-0.0130794789	-0.1505171736	0.0632954603	0.0648342573	0.1541631943	0.0496351671	0.0359299763	-0.0479219091	0.0385238388	0.0355709397	0.0633622916	-0.0824245752	-0.0084641389	0.05015043	0.0846702266	0.0394224236	0.0649975358	0.1362405804	-0.0635556688	-0.0415769418	-0.052228112	0.0376697937	-0.0606319061	0.0817802886	-0.1083510857	0.0925484799	-0.027330956	0.1751096386	0.1069412778	0.0270673456	0.015341401	-0.0037922985	0.0382112916	-0.0507717262	0.084578522	-0.0031281773	-0.0060470655	-0.0620538616	-0.0724929431	0.1019349278	-0.0961678953	-0.0837579048	-0.0805065538	0.0178909718	0.0439312737	-0.0808065663	-0.0135948275	-0.0377362997	0.0100582726	-0.0643135424	0.0509612127	-0.0888661936	-0.1211199807	0.0070396197066173	3.680735953539953e-05	1.3547817159681666e-09	4.955624561379464e-05	-0.0138988827666111	-0.0116758636238501	0.0001931789421599	0.0001363257913627	0.0060117848583871	-0.012872220304743	3.61415571835324e-05	0.0001656940555738	0.0001849842983376	-0.0001090155929123	3.4219190631454206e-08	1.1884399498042115e-08	-0.0002640107527063	-1.0915842499977133e-08	1.19155617484307e-16	6.970167754454708e-08	-0.0001179754421733	-0.0001180142170629	1.3918204955985654e-08	1.3927355428986841e-08	0.0	0.0	0.0	0.0	0.0
893.189883316718	-0.8580731551082863	0.7362895395174892	797788.1676593323	807.8224367478315	0.4082091387580249	0.1666347009655684	652577.0893132042	854.2866464517376	-0.410672689015314	729805.6743057561	0.1686520575030688	849.4814932554671	671.7996512081312	1.084406	14.737051	0.0534037833620771	0.0267453940843825	-0.0815265956	0.0236017621	0.1872076684	-6.29533e-05	-0.0525673996	0.0551339878	-0.1852932222	0.0117805282	0.1624953314	0.0596009564	-0.1074475418	0.0851316665	0.1490921887	-0.0372636228	-0.0090931722	0.0415084162	-0.0436578834	0.0055052153	-0.065965147	0.0455189682	0.1363912404	0.2177189629	-0.0095993373	0.0849784265	-0.148882907	-0.0016723866	0.0415691907	0.0569344073	0.0057740946	0.0360279022	-0.1217748569	-0.0071583548	-0.2320039704	0.0508548608	-0.1019963142	-0.0656138848	0.0234047576	0.0090408972	0.1814057447	0.050843567	-0.0668833769	0.1515737571	0.0925760166	0.0556739749	0.0122854875	-0.008271266	-0.0924804273	-0.0133209112	-0.1217271169	0.0492810073	-0.047530453	-0.1088152319	0.0593370649	-0.0279469148	0.0038121822	-0.2327739868	-0.0298292925	-0.0958176645	0.0180099744	0.018896119	0.1287683208	0.0819278988	0.0548830665	-0.1964768214	0.1039342109	-0.0789984287	0.051468743	0.1391068629	-0.1196653224	0.0120292621	0.0901160386	0.0453870964	-0.0884733553	-0.0099051598	-0.0394705696	0.0541870018	0.1085541927	-0.0393290517	0.0713899279	0.0969421175	-0.1424749954	-0.0593214791	-0.0733283715	-0.0090851846	-0.0771373713	-0.0941269746	-0.0082499955	0.1564307507	0.1248694003	0.0478387595	-0.0936454286	-0.1172407796	0.0069357601277459	-0.0001038595788714	1.078681212334456e-08	4.810476854962982e-05	-0.0081184801043718	0.0057804026622393	6.590971920508075e-05	3.341305493762319e-05	0.0179826966714102	0.0119709118130231	0.0003233773795759	0.0001433027296351	0.0003389997963186	0.000154015497981	1.149208619040523e-07	2.3720773618335423e-08	0.0001750001147353	0.0004390108674416	1.927305417318261e-07	3.0625040157368164e-08	-2.9621437033013372e-08	0.0001179458207362	8.77429531900776e-16	1.3911216629151629e-08	0.0	0.0	0.0	0.0	0.0
892.422927652531	-0.7669556641869804	0.5882209908284922	796418.6817999147	802.8678018008961	-4.954634946935357	24.54840745739313	644596.7071686031	853.9077174035468	-0.3789290481907983	729158.3898413356	0.1435872235627843	849.4299158756787	664.1913466660873	1.155366	15.701387	0.0540870447533486	0.0375188785256418	0.0447206513	0.1339031517	0.075725289	0.0464848768	-0.0493094911	0.1825634957	-0.0174322655	-0.0528003556	-0.0158885598	0.0103861473	0.1137182619	0.0456737691	0.053267342	0.0055394827	-0.0603087472	0.1007922692	-0.0996593301	-0.0416339873	0.0330019467	0.0269074079	0.0118939868	-0.0027290153	-0.0340272419	-0.0173096514	-0.1431139028	-0.09294671	0.0330772607	0.061942056	-0.040781544	-0.0655261184	0.0205585104	-0.1052844996	-0.1001486341	0.1739357188	-0.1695844346	-0.0400866432	-0.0349767606	-0.1212031354	0.1245695558	0.0163717066	0.1428863697	0.067221573	0.0639632284	-0.0513713122	0.1201831235	-0.0128833191	-0.0430553717	0.0872598622	-0.082065221	0.084829041	-0.0444309858	0.1627413165	0.0320497498	-0.0330668118	-0.0465439167	-0.0332306352	0.0204389209	0.0971684486	0.034590037	0.0350694418	-0.059098454	0.1866063531	0.0054894587	-0.1185801308	0.0203384626	-0.0371192042	-0.119185283	0.0645965396	-0.0333416093	-0.0549145289	0.0823811195	0.1338742288	-0.0138137353	0.1204509678	0.033081595	0.1138255	-0.2111062518	-0.3277457332	0.1369062929	0.2186971838	0.1612832226	0.0151946179	-0.0786346061	-0.0754286011	0.0289483061	0.1835588446	-0.0418610694	-0.1378499349	0.00252879	0.0446835199	-0.098167988	-0.1126387502	0.0069336621965732	-2.0979311727000946e-06	4.4013152053867946e-12	4.807567145618829e-05	-0.0413499802578485	-0.0332315001534767	0.0017098208673244	0.0011043326024505	0.0062800575792323	-0.0117026390921779	3.943912319847305e-05	0.0001369517617217	0.0005219996995676	0.000182999903249	2.724836863486647e-07	3.348896458914336e-08	0.0001750002757954	1.6106009998991322e-10	2.5940355808760846e-20	3.062509652846606e-08	-4.570865836018733e-08	-1.6087221327173965e-08	2.0892814490883237e-15	2.5879869002948084e-16	0.0	0.0	0.0	0.0	0.0
893.33688413618	0.9139564836489172	0.8353164540038933	798050.7885581387	809.3136392032399	6.445837402343727	41.54881981745333	654988.5666003919	854.4740848566257	0.5663674530788967	730125.961691568	0.3207720919070762	850.5557933177763	662.931827524434	1.114906	15.15154	0.0856344910188846	0.051049961665491	-0.0023244983	0.0685681214	-0.0724492993	0.0353849105	0.0534521686	0.02233535	0.0228571737	-0.0384110648	-0.145345704	-0.0648117334	0.0914552202	-0.0639191525	-0.0943497956	0.0655026226	-0.0132996671	0.0006694305	-0.0534284362	-0.0801629763	-0.0755094906	0.0031875245	0.0656369056	-0.0246485758	-0.0563253998	0.0289738799	-0.0120370876	0.0578144954	-0.0367836557	0.0265264292	-0.1131547818	0.0446502188	0.1399708222	0.0781738819	-0.0555317227	0.1564061057	0.0725672814	-0.0223356872	-0.0811269712	0.0290742341	0.2409589503	-0.0758518485	0.0549371559	-0.1145305058	-0.0330446076	-0.0359304637	0.105899265	0.0089876716	0.0066417863	0.0014515756	-0.1561134512	0.0327131315	0.0328946446	-0.005692014	0.0911743477	-0.0415184531	0.0300010833	-0.0041222178	-0.0109263511	-0.0807785731	-0.030032829	0.152992895	0.0675606792	0.0165541797	-0.0806262821	0.0352485241	0.1274322147	0.0888740052	-0.0968891642	-0.1153907029	-0.0132634214	-0.1254499632	0.0312339726	0.1267664285	-0.0521951261	0.0870393287	0.0810415385	0.1514331929	-0.1473499851	-0.2709782736	0.0793727545	-0.1605246656	0.0258307902	0.0025550798	-0.0773801635	-0.0390214619	-0.2408891409	-0.0902533792	-0.0808507688	-0.0123589238	-0.1852179996	0.0414976565	-0.1024214758	-0.1073422654	0.0069281470273381	-5.5151692351000994e-06	3.041709169179461e-11	4.799922123241375e-05	0.0032550808108027	0.0446050610686512	1.0595551084855964e-05	0.0019896114729381	0.0260521008782887	0.0197720432990564	0.0006787119601725	0.0003909336962197	0.0009469996202555	0.0004249999206878	8.968082807640612e-07	1.8062493258472125e-07	0.0001749998903575	-3.854378999941424e-10	1.4856237475189448e-19	3.0624961625137025e-08	-8.28321713986749e-08	-3.712351303848757e-08	6.861168618619456e-15	1.3781552203187562e-15	0.0	0.0	0.0	0.0	0.0
895.5455729767092	2.2086888405292484	4.878306394278436	802001.8732781823	814.0104200475356	4.696780844295745	22.05975029934345	662612.9639459654	854.286931149144	-0.1871537074816842	729806.1607322224	0.0350265102241398	850.2392287269765	671.9012062929679	1.040964	14.146669	0.0544230514800297	0.0287784545919761	-0.0957053185	0.0633663121	-0.1497080252	-0.0096448517	0.1410918526	-0.0523676433	-0.0031703904	-0.0720805657	-0.0778736089	-0.1091191013	0.0486393083	-0.115665431	-0.0802314782	0.047247606	-0.0113774387	0.1242663724	-0.1331809713	0.027376261	-0.1648126516	-0.0033098942	0.1156340215	0.1016825812	-0.1459012587	0.0116342395	0.1805548165	-0.0070218667	-0.2469832562	0.0328766876	0.1225126303	0.009985481	0.0560361859	0.1905416414	-0.0771611735	-0.0626483296	-0.0037546181	-0.0328906075	0.1108689837	-0.0894986623	0.1082162851	-0.1363573835	0.0028684753	-0.121825388	-0.0057751765	-0.0693710108	0.1537809693	0.0646752567	-0.0308798717	-0.0926395606	-0.1081697631	0.0417338498	0.0299399871	-0.1915592332	0.08504764	-0.1444956954	-0.0123970974	-0.1111241835	0.0660420574	-0.1549497108	-0.0439639327	0.1281149328	-0.0570793897	-0.0682079267	-0.0184840681	-0.0320838419	-0.0005836829	0.0574820828	0.0121998544	-0.1087176604	-0.0211031037	-0.1359123643	-0.009576698	0.1152922826	-0.0073380841	0.0618304702	-0.0113952136	0.1863410352	0.1364128645	-0.1005933009	-0.1441993563	-0.0125500433	-0.1829505682	-0.1372764574	0.1051086881	0.0044111034	-0.1950236131	0.0655617133	0.1463632266	0.0754007793	0.0894280172	0.0382833527	-0.1063942335	-0.1013839798	0.006890399147224	-3.774788011409996e-05	1.4249024531084631e-09	4.7477600408065225e-05	0.0156216206134729	0.0123665398026702	0.0002440350305912	0.000152931306691	0.0192842150528633	-0.0067678858254253	0.000371880950205	4.580427854599404e-05	0.0005380256715871	-0.0004089739486684	2.8947162328675e-07	1.6725969068942308e-07	0.0001749201282028	-7.97621546999984e-08	6.362001322386477e-15	3.0597051250483987e-08	-0.0002960466807847	-0.0002959638486133	8.764363720363807e-08	8.759459968599716e-08	0.0	0.0	0.0	0.0	0.0
895.2620115434263	-0.2835614332828982	0.0804070864454515	801494.0693127819	814.6529685525334	0.6425485049977624	0.4128685812748595	663659.4591714549	855.0130130472845	0.7260818981404782	731047.252480196	0.5271949228072798	851.2057701283674	682.2808105565499	1.133001	15.397453	0.051591095888948	0.0352810698962964	-0.1620812038	0.0255126163	-0.1292554068	-0.0807481063	0.1650177817	-0.0736152364	0.0147096807	0.0383416969	0.0671269858	-0.066065913	-0.0453038338	-0.0421370747	-0.1073349971	0.1395362804	0.1445548738	0.0550691866	-0.0697928435	0.0393249993	-0.0293904095	0.0172974543	0.1907028223	0.0760247039	0.033027482	-0.0210461917	0.0838546209	0.012391421	-0.0080019676	0.1362821524	0.0106579356	-0.0380687769	0.0990526963	0.0235865849	-0.0721570566	-0.0031670415	0.1627978016	-0.1374361025	-0.054766679	0.0023950861	-0.0544812348	-0.0889741959	-0.0657410267	-0.0748162542	-0.0533722111	0.1330976007	0.1476732114	0.0952993129	-0.0426841972	-0.0861339324	-0.0618925413	-0.1218288571	-0.0542146658	0.0122981632	0.0411327137	-0.0100183005	0.0022275066	-0.0621468866	-0.0232823675	-0.0907783477	-0.1377859658	0.111049139	0.0285483529	0.0178787237	-0.0503757435	0.145284174	-0.0474548626	0.0042601293	0.1431176354	-0.0927646905	0.0387309441	-0.0662501132	-0.0502176362	0.1829339913	0.0345855261	0.0388226396	-0.0683266112	0.0818582036	0.0113444525	-0.0300096113	-0.0782323087	0.1352388548	0.0273783423	-0.0456960434	0.0097759559	0.0318174324	-0.0217695334	-0.1439674214	0.0154229787	0.0986269707	-0.1171684054	0.0350428114	-0.1100753719	-0.0948006283	0.0068889845508692	-1.4145963547996729e-06	2.001082847012522e-12	4.745810814211451e-05	0.0021239580544261	-0.0134976625590468	4.511197816961503e-06	0.0001821868945578	0.0518757067224697	0.0325914916696064	0.0026910889479556	0.00106220532925	0.0005630184702711	2.499279868400006e-05	3.169897978664096e-07	6.24639986058955e-10	0.0001749403774236	2.0249220799992617e-08	4.100309430068536e-16	3.0604135653111624e-08	-0.0002110491874107	8.4997493374e-05	4.4541759506716763e-08	7.224573879863175e-09	0.0	0.0	0.0	0.0	0.0
893.2468913755793	-2.0151201678470443	4.0607092908639	797890.0089521359	813.4628331801471	-1.190135372386294	1.4164222046050623	661721.7809654718	854.0405139048165	-0.9724991424679956	729385.1993908031	0.9457545821009868	850.1356417831865	675.4641161379607	1.26395	17.177044	0.0628468495437468	0.0355139407900418	-0.1477650578	-0.0430784681	0.0811236199	-0.0240983269	0.0652346831	-0.0623333996	-0.1613104756	0.08786429	0.1460589492	0.0202345697	-0.1307028392	-0.0351127032	0.0930370608	0.0996992511	0.003496101	0.0712176151	-0.0270158006	0.0161804431	0.069464842	-0.1226409374	-0.0188506227	0.0423562691	-0.128365588	-0.0337549988	0.0318861573	0.031337646	0.0002126567	-0.0840273552	0.0044203108	0.1101649509	0.1344448097	0.1305415738	0.0207583598	0.1424847161	-0.0165888389	-0.0914847289	-0.0707073662	0.2013736524	-0.0634759182	0.0102829594	-0.1486232926	0.0347647479	0.0673181443	0.0940009031	0.0623634756	-0.0546829845	-0.0192687949	0.0271250564	0.1240232339	0.0928188427	-0.0423611692	-0.0868049433	0.1530064547	-0.0440961216	0.0244503381	-0.0111488348	0.0898752848	0.033244209	0.0982002595	0.1063665876	0.0461951779	0.00283676	-0.0947472335	-0.0195793655	0.0314042198	0.0016757675	0.1202261382	0.1673351996	-0.0035545489	0.0205020139	0.0301979419	-0.003418959	-0.0135278776	0.05317085	-0.0824053098	0.0882588149	-0.0596222827	-0.024981005	0.0113308888	-0.0468083767	-0.1910361333	-0.0478030355	0.2463480275	0.0204834352	0.0461763034	-0.0450311102	-0.067531204	0.0608279521	0.0197242002	0.0317782535	-0.1134548014	-0.0876327994	0.0069315798806712	4.259532980200025e-05	1.8143621209411711e-09	4.804679964212577e-05	-0.0138515846982301	-0.0159755427526562	0.0001918663986522	0.0002552179662419	0.0200954254134018	-0.0317802813090679	0.0004038261225455	0.0010099862800834	0.0004540027481877	-0.0001090157220834	2.0611849536198412e-07	1.1884427661365111e-08	2.194324867188513e-05	-0.0001529971287517	2.3408121406268817e-08	4.815061622761884e-10	-0.00025000493962	-3.89557522093e-05	6.250246983439984e-08	1.5175506301923814e-09	0.0	0.0	0.0	0.0	0.0
893.7464300186704	0.4995386430911139	0.2495388559413113	798782.681171118	809.7101017222685	-3.7527314578785536	14.082993394951291	655630.4488310864	854.7597193886693	0.7192054838527611	730614.1778893967	0.5172565280038841	851.2630441350844	672.183337253073	1.241324	16.869558	0.0860854501669802	0.0539778760789758	-0.0698339989	-0.0183338224	0.1209163705	0.103906306	-0.0686735427	0.0065374603	-0.1613162972	0.0055969108	-0.0209352314	-0.035458975	-0.0715753883	-0.0059387831	0.0004503691	-0.0634312093	-0.1827077566	-0.0241207391	-0.0675579416	-0.1446966942	0.2142347667	-0.1154997816	-0.3166895921	0.2206821433	-0.120565045	-0.201755125	-0.0090273811	0.1874274738	-0.039448059	0.0366939824	0.0722330563	0.0290522559	0.0237415602	0.1468773656	-0.0441946374	-0.0116027795	0.012750496	-0.0576474949	0.0090249791	0.0937557794	-0.0977251394	-0.0048430516	-0.0981089949	0.0616649168	-0.0805748157	-0.117891743	-0.092647888	-0.1374258201	0.087292442	0.1554799	0.080310624	0.2227648683	-0.3276577	-0.2009854806	0.2011370279	-0.0140165078	-0.1297879079	-0.0100606216	0.0184315306	0.0363429481	0.0976631353	-0.0708667785	-0.0136133184	0.0046958913	-0.0300762236	0.1240110186	-0.1772715191	0.0571319309	0.0590304825	0.0760163771	0.0056633336	-0.0342025723	0.0633060773	-0.5299827301	0.0950894825	0.1418575329	-0.0069596656	0.1306264701	-0.08440869	-0.0933120132	0.0452759238	0.0391996172	-0.1416530039	-0.0816764575	0.358392561	0.1632797229	0.1540563541	-0.1256716011	-0.0107193879	-0.2210646042	0.130622845	0.0284919163	-0.1165232592	-0.0799246852	0.0180866023142982	0.011155022433627	0.0001244345254947	0.0003271251832755	-0.0139197367911236	-6.815209289349859e-05	0.0001937590723341	4.644707765764061e-09	0.0289024572874438	0.008807031874042	0.0008353520372525	7.756381043039177e-05	-0.0004639999108019	-0.0009180026589896	2.1529591722417117e-07	8.427288819119758e-07	0.0001749999215163	0.0001530566728444	2.3426345102202246e-08	3.062497253071116e-08	4.060387433956402e-08	0.0002500455434943	1.648674611383106e-15	6.252277382137966e-08	0.0	0.0	0.0	0.0	0.0
895.9829106835645	2.2364806648940885	5.001845764445104	802785.3762369922	814.4876119277056	4.777510205437125	22.82460376305588	663390.0699836968	856.1295436394167	1.369824250747456	732957.7954922359	1.8764184779358293	853.2536041605434	670.1449964150139	1.397465	18.991514	0.0661643300202905	0.048890189896309	-0.0317755382	0.0853477858	-0.0428757504	0.0449976137	0.0601644672	0.0351589132	-0.0215597707	-0.0160099739	-0.2558451898	-0.1892949419	0.0451735328	0.0056438706	-0.1596033733	-0.1893391746	-0.1848768068	0.0207953212	-0.0267359463	0.0401450433	0.0174853357	-0.002561715	-0.1889141197	0.0430594551	0.0030784145	0.1426810509	0.0073696875	0.1110614497	-0.0757587649	-0.1191194368	0.0137819269	0.0070115355	-0.0490679138	0.0466913885	-0.1770602759	0.0198018414	-0.0174190136	-0.0233744066	-0.0011301036	-0.0561800299	-0.0099891242	-0.1384359116	0.03607638	0.0330000272	-0.1862998733	-0.2547974372	-0.0921267629	-0.0805069715	0.0860330777	0.0166896801	0.0375361428	0.1583119538	-0.1567408221	-0.0380416653	-0.0392692832	-0.0200418737	0.0925966364	0.055629157	0.2006658016	-0.0660680429	0.0185189069	-0.0268500073	-0.031023695	-0.0239900786	0.0276753064	0.0040388054	0.1265030058	0.0713657589	-0.048490276	-0.1360216381	-0.0610306474	-0.2068757351	-0.0514386016	-0.2718106614	-0.0127592612	0.1092072667	-0.0881297055	-0.1445438043	0.1255067756	-0.009345336	-0.0416943713	0.0223804582	-0.0523561723	0.1782631359	-0.0750312684	0.0256433288	-0.1688037448	-0.0430664298	0.1841496575	-0.1884175337	0.0678241526	0.0251860523	-0.1192723348	-0.0717238087	0.00357093199149	-0.0145156703228081	0.0002107046849204	1.275155528784674e-05	0.0324663720164579	0.0463861088075815	0.001054065311911	0.0021516710903087	0.0289142584725965	1.1801185152697511e-05	0.0008360343430201	1.3926797100824823e-10	-0.0004969998836912	-3.299997288930002e-05	2.470088843890664e-07	1.0889982106945364e-09	0.0001029999451565	-7.199997635979999e-05	5.183996595811757e-09	1.0608988702242007e-08	2.555902847662739e-08	-1.5044845862936633e-08	6.532639366690499e-16	2.263473870395215e-16	0.0	0.0	0.0	0.0	0.0
893.6343581949527	-2.3485524886117446	5.515698791764419	798582.366146505	812.1371789371266	-2.350432990579065	5.5245352432024495	659566.7974119544	855.1109203973573	-1.018623242059448	731214.6861828155	1.0375933092637006	851.5013497608765	661.0625165510869	1.213379	16.489788	0.0923632423016207	0.0617553265813798	0.0606666341	0.0913379928	-0.0558385994	-0.0810884801	0.0482208745	0.1124328489	-0.01429784	0.0116185367	-0.1026574001	-0.0605228039	0.021781435	0.0294158387	0.0163128877	-0.0872341615	0.0488639518	0.0105484332	-0.1400868611	0.2521499236	0.0790451514	0.048207697	-0.1967051566	-0.1146104576	-0.0455025065	0.0465022346	-0.1635839395	-0.0492710782	-0.1306239709	-0.0206223476	0.1488405048	0.0981609684	0.0058575893	-0.0938696416	0.1027204635	0.0545381277	-0.0417832423	-0.0112036509	-0.2479097421	-0.06852025	0.0581419022	-0.052503882	0.0478152434	0.0416127802	-0.0415467091	-0.0510538885	0.0119401747	0.0545818885	0.1986200012	-0.0937956308	0.1009657861	0.0743855028	-0.0594801934	0.1279597495	-0.1537124497	-0.1486370384	-0.0070419909	0.0755080512	0.1345561182	0.1435055131	0.0364076923	-0.1066908657	0.0563283888	0.0714284778	0.1472999019	-0.2084222582	0.0303285212	-0.1073321084	0.0069791776	-0.1673138778	-0.0179056268	-0.0850590563	0.0153861808	-0.1695287993	0.1567144504	0.1365661558	-0.0720190817	-0.1622816406	-0.0192518862	-0.0127316554	-0.1144983475	-0.0175144334	0.1763975448	0.0876243721	0.0533698134	-0.0408395133	0.0859541397	-0.0024953333	0.0991721328	0.2011273511	-0.0555430708	0.0218629269	-0.1216944932	-0.063080731	0.0069244092950953	0.0033534773036053	1.1245810025795872e-05	4.794744408600219e-05	-0.0234641893507756	-0.0559305613672335	0.000550568181889	0.0031282276948538	0.0540928873935513	0.0251786289209548	0.0029260404665714	0.0006339633543391	-0.00049699198558	7.898111199994631e-09	2.4700103373075096e-07	6.238016052748063e-17	0.0001750214748965	7.202152974e-05	5.187100746089705e-09	3.0632516674946185e-08	-8.595650731686589e-05	-8.598206634534251e-05	7.388521150114417e-09	7.392915733014882e-09	0.0	0.0	0.0	0.0	0.0
893.8998632869421	0.2655050919894393	0.0704929538723206	799056.9655844138	811.8461352180033	-0.2910437191233086	0.0847064464411273	659094.1472684084	854.6715414264723	-0.4393789708849454	730463.4437243022	0.1930538800559136	851.2462556092099	660.1969309129577	1.134347	15.415736	0.0634484080690005	0.0481087378739377	0.0649784585	0.0459835369	-0.0950346728	-0.003258814	0.1003455283	0.0372472022	0.1153953228	0.0034462455	0.1554288827	-0.0806021949	0.1091271597	0.0054018907	0.0948142593	-0.02572311	0.1008925686	-0.0237036257	-0.0798055419	-0.1550437341	0.1383266412	-0.0046632425	-0.1551800608	0.1120498315	-0.0470017546	-0.0115472425	-0.1197886089	-0.0668783035	-0.1134079627	-0.0279512868	0.0631768106	0.0416026831	0.0199910717	-0.0291463646	-0.0738954105	0.0245346948	0.1591829256	0.0661051797	0.0167665829	-0.1635847587	0.1190597236	-0.0791631877	0.1006831193	-0.0086963901	0.0556314709	0.0749637254	-0.0612200438	0.1395560932	0.067887965	0.0580073362	-0.0233115146	0.1389690533	-0.0908062181	0.0078684032	0.0706395899	-0.0705964584	-1.29546e-05	-0.0301318171	-0.0106144771	0.1459287873	0.0519227739	0.0218189836	0.0563301132	-0.1057974923	0.0665044203	0.1895925514	0.0583720078	-0.1414426222	0.0556603387	-0.0950156823	0.1146917481	0.0396790264	0.1149291401	-0.1619807528	0.0275274345	0.0908021922	0.0579257071	-0.1999363471	0.0985443514	-0.0390151019	-0.0323729893	-0.0488365132	0.124767141	-0.1202873478	-0.0769729483	0.002770674	-0.0717454504	-0.0290646611	-0.0628040775	0.1056484419	0.0505183595	0.0185248178	-0.1237830955	-0.0540487397	0.0069836551232214	5.924582812610012e-05	3.5100681503473955e-09	4.877143888009651e-05	-0.0708483639042896	-0.047384174553514	0.0050194906679146	0.0022452599981178	0.047788005180493	-0.0063048822130583	0.0022836934391308	3.9751539720538985e-05	-0.0004969998207535	-7.835173500021081e-09	2.4700882182901115e-07	6.13899437754326e-17	6.700028022077475e-05	-0.0001080211946757	1.1668578499170932e-08	4.489037549662341e-09	1.6572319952315798e-08	8.59730796368182e-05	2.7464178860192433e-16	7.391370422238685e-09	0.0	0.0	0.0	0.0	0.0
895.3383506010275	1.4384873140853642	2.0692457527845254	801630.7620569685	812.8066463694853	0.9605111514820236	0.9225816721213232	660654.6443824095	854.196884855218	-0.4746565712543997	729652.3180963584	0.225298860634983	850.5970108130989	665.8815147427545	1.068461	14.520359	0.0497535093813164	0.0283960151438023	0.0368219069	0.1317923949	-0.0103135996	0.0342479287	0.0988998609	0.0649072833	0.0263233078	0.0440599707	-0.0240227124	-0.0332648451	0.1122404966	0.004918461	0.1374964947	0.1273043303	-0.0768016312	0.051352964	-0.0466320351	-0.0599377543	-0.0319565931	0.0023369892	-0.0349894102	-0.1062751204	-0.1434138021	-0.2058795736	-0.1426789078	-0.0516910512	0.0356470651	0.0302881513	-0.0431897761	-0.0485804157	0.061430535	0.0381682669	-0.0278007113	-0.0817929173	0.0741366866	-0.0368496106	0.1272964483	-0.079612015	-0.1637937165	-0.0352784629	0.1022833286	-0.033467776	0.0944526523	0.0649916905	0.0414166732	-0.1067264153	-0.0286653386	-0.0436100671	-0.0214699149	0.1643809961	0.0850526677	0.0500947812	0.017531046	-0.1005033797	-0.1458377697	0.1004520399	-0.0507702256	0.1135529992	0.1278852665	-0.0075637332	0.162149411	0.0487295259	-0.0516347321	0.195923923	-0.0864057978	-0.0736724987	-0.0902746021	-0.0152385699	0.0695783005	-0.0632802491	0.189449856	-0.1229168576	-0.020402824	0.0675227547	0.0360882081	-0.1161561127	-0.0318577044	0.0329175982	-0.0658226573	0.0371169088	0.0434312955	0.0663163373	-0.12018025	-0.1422088728	0.0436993013	0.0307319595	-0.0579243814	0.15424852	-0.1175416833	0.0151740128	-0.1255324169	-0.0446835199	0.0069521411279254	-3.1513995296000505e-05	9.93131899516342e-10	4.833226626259185e-05	-0.055971525783292	0.0148768381209975	0.0031328116985097	0.0002213203124783	0.0288932543854514	-0.0188947507950415	0.0008348201489824	0.0003570116076067	-0.0002859997560366	0.0002110000647169	8.179586045299472e-08	4.4521027310535994e-08	0.000174999895157	0.0001079996149362	1.1663916826372926e-08	3.0624963304960994e-08	2.502206645135503e-08	8.449746499039233e-09	6.261038094960269e-16	7.139821589802577e-17	0.0	0.0	0.0	0.0	0.0
892.5903461511201	-2.7480044499073983	7.551528456710863	796717.5260421764	814.5454991957721	1.7388528262868022	3.0236091514856	663484.3702600895	853.1192429368805	-1.0776419183374628	727812.442669196	1.161312104158047	850.2300404298653	670.4612533044124	1.084952	14.74446	0.0621524027872852	0.0344940658656425	0.0310506287	0.0972169606	-0.0410999	-0.1236000005	0.0711176824	0.0201899266	0.0566812548	0.1899464629	-0.1382199903	0.1259078413	0.1183675734	0.0205349953	-0.1111928978	0.0993366978	-0.0612705693	0.0699346058	-0.0210831429	-0.0570080122	-0.1233293466	-0.1879277438	-0.1343971053	-0.0823702135	0.1108173778	-0.0410907751	-0.1132813622	-0.0208507471	-0.1077561784	0.1612797103	0.093862468	-0.0625671579	0.0046655806	-0.0159753072	0.0580405931	0.0094141121	-0.2295573171	0.0682366049	0.0080043087	-0.0486683511	0.0469004501	0.1103912058	0.123305242	-0.0703507578	-0.1050143742	0.0063521674	0.1324150449	-0.076846289	-0.0078030434	-0.0637717036	0.0498505633	0.1954787919	0.108796432	0.0495812365	0.0113336243	0.1319364342	-0.0506740779	-0.0088666011	0.0420919075	0.1500761926	-0.029273256	-0.1415049478	-0.0056633481	-0.0804552963	0.0947040429	0.0386826046	-0.207445164	0.0560775441	-0.1332924039	-0.0795173977	0.0211725834	-0.1000915314	0.0820204095	-0.1032380916	-0.0156392762	0.0168225769	-0.1241869362	-0.1562134231	-0.0213610109	-0.020525533	0.0116707391	-0.0646243769	0.0206849149	-0.0528408294	-0.0495340435	-0.1212129389	-0.1063646134	0.1077493512	-0.0756538257	0.1899585188	-0.0967097962	0.0118128082	-0.1269376627	-0.0350428114	0.0070124785070504	6.033737912500021e-05	3.640599319674011e-09	4.917485481184381e-05	-0.0296136220758711	0.0263579037074209	0.0008769666124525	0.0006947390878496	0.0357756321561737	0.0068823777707223	0.0012798958561738	4.736712377893247e-05	-0.0001030002466958	0.0001829995093408	1.060905081939566e-08	3.348882041897356e-08	-0.0002189999956709	-0.0003939998908278	1.5523591397239708e-07	4.796099810385422e-08	-1.1256365190371721e-08	-3.627843164172675e-08	1.2670575729901219e-16	1.3161246023834406e-15	0.0	0.0	0.0	0.0	0.0
890.1773190382877	-2.413027112832424	5.822699847264383	792415.6593301934	807.7026027903837	-6.842896405388387	46.82523121487731	652383.4945543604	853.6140527087771	0.4948097718965982	728656.9509819029	0.2448367103643635	850.0891743879102	653.0978333984597	1.196874	16.265488	0.0456991097244643	0.0263347742769394	0.0817364449	-0.0593144217	-0.1289075309	-0.1582672835	-0.0512854635	-0.1032923271	0.1486079712	0.1729446341	0.0209171061	0.106409864	0.0643321774	0.0021731722	-0.146569556	-0.0190794321	0.0929536156	-0.0234467739	0.0388834669	0.0487936945	-0.001334385	-0.038816408	-0.0025744193	-0.0337587877	0.0126378977	0.0433912885	0.0978579415	-0.1322391078	-0.1392499346	0.0693846622	-0.0577771787	0.1453669013	0.0121330593	0.0211940786	0.0090032377	-0.0451323365	-0.0948779703	0.1098036457	0.0941670105	0.0823195474	-0.1725541564	0.1070579864	0.0607032305	-0.0996158056	-0.1244142525	0.0365743142	-0.0421115516	0.1004221388	0.0597240648	-0.0248772256	0.0629867173	-0.0563272528	0.1564328853	-0.0467304354	-0.0456833145	0.0125511281	0.0408299131	-0.1030071798	0.1204081762	0.130798237	-0.0401824708	0.0004248745	0.0328043639	-0.1224614762	-0.0096367132	-0.159815148	-0.1484404922	0.0375336598	-0.0179049944	-0.1184435573	0.0740310929	0.0283140654	-0.0835124594	-0.0580233703	0.1075445607	-0.0148289511	-0.1900353073	-0.0803265579	0.1741273787	-0.1265348593	-0.0938250077	0.0994898945	-0.0298520719	-0.0625270028	0.005452492	-0.0694551047	0.1387489168	0.2003023785	-0.128374096	-0.0492054281	-0.0316712162	0.0084435077	-0.1279949812	-0.0251860523	0.0069394237932129	-7.305471383749988e-05	5.336991213878996e-09	4.815560258180932e-05	-0.0167297034994078	0.0128839185764633	0.000279882979178	0.0001659953578849	0.0475666798433138	0.0117910476871401	0.0022625890313163	0.0001390288055604	-0.0001279996281286	-2.49993814328e-05	1.6383904801059892e-08	6.249690720226253e-10	0.0001749999836124	0.0003939999792833	1.5523598367524081e-07	3.062499426434027e-08	1.1157859178254396e-08	2.2414224368626115e-08	1.2449782144175586e-16	5.023974540471127e-16	0.0	0.0	0.0	0.0	0.0
889.8663518289126	-0.3109672093751214	0.0967006053065506	791862.124117298	802.6173313365263	-5.085271453857445	25.85998575941741	644194.5805617672	853.8989069027482	0.284854193971114	729143.3432097082	0.081141911822933	850.0548959318488	649.2242890302686	1.209946	16.443136	0.0500144541061203	0.0399391951978825	0.0629332442	-0.1349442646	-0.0750695818	-0.0634027503	-0.0685227998	-0.1032529819	0.1236928547	0.0539137914	0.0275717857	0.1008158183	-0.0453173861	0.0046586768	-0.0007740863	0.0910260143	-0.0460114721	-0.0994804655	0.0435456871	0.0758935006	0.1624857941	-0.0570311016	0.0612266075	-0.004033776	0.0449428177	-0.0741427387	-0.0524940888	0.0323659001	0.0432724861	-0.0505124235	-0.1151451802	0.0167850457	-0.0885484815	-0.0103969128	0.0307598896	-0.0249069263	0.0449645192	0.0058050516	0.0087773991	0.0928690863	0.1049843204	0.0886076221	-0.0272480715	-0.0465227954	0.0157425326	0.0717839675	-0.1193550227	-0.0951051672	0.0914375284	0.0584235735	0.0989208507	-0.1858522327	0.0280851362	-0.0246229046	-0.0226695847	0.0246902978	0.2076869127	0.0019116578	0.0455957931	0.0153080113	-0.0416841394	-0.2184894119	0.1059403786	0.0683266209	-0.1437751172	0.1296335401	-0.0126630846	0.0773402984	0.0013561618	0.0492466777	0.138761808	0.175732369	0.0254836844	-0.0705698272	0.0135083842	-0.0008577312	-0.0455453687	-0.167773764	-0.0303862137	0.0625312305	-0.0442418371	0.0807876379	0.0648216949	-0.0179970428	-0.1899712997	-0.0367315056	-0.0777233246	0.0185951424	-0.0891137397	-0.1759497353	-0.1314146086	0.0050684204	-0.1287014744	-0.0151740128	0.0069389559792938	-4.678139191001754e-07	2.1884986290386545e-13	4.814911008257718e-05	-0.0554291237461654	-0.0386994202467576	0.0030723877592677	0.0014976451274351	0.0404024655412058	-0.007164214302108	0.0016323592218083	5.132596656652882e-05	-4.499997816690542e-05	8.299964996169458e-05	2.024998035021964e-09	6.8889418937638285e-09	0.0001749997866276	-1.9698479999941118e-10	3.880301143080803e-20	3.0624925319705536e-08	3.969938960166362e-09	-7.187920218088033e-09	1.5760415347446777e-17	5.1666197061598715e-17	0.0	0.0	0.0	0.0	0.0
891.1398963850087	1.2735445560961125	1.6219157363620442	794130.314929084	805.8422226849724	3.2248913484461355	10.399924209282734	649381.6878618567	853.3845734802486	-0.5143334224995897	728265.2302540658	0.2645388695001414	849.3779338355204	643.8284969053407	1.086698	14.768189	0.0451580075048074	0.0316854686015835	0.0492293494	-0.1561571842	-0.0381917855	0.0058511285	-0.0470170655	-0.1362237048	0.0581414788	0.0591176104	-0.0790671258	0.0622440231	-0.0013177694	-0.1503902242	-0.0973778604	-0.0513809466	-0.0683705104	-0.1084126802	0.0836246639	0.0200221579	0.0819459351	-0.0152510355	0.0303648078	0.0728848394	-0.0513267131	0.0415841092	-0.1069335953	0.0137805667	0.0298635645	0.1299077649	0.0431656322	-0.0323150517	-0.0971408264	-0.0234067856	0.133159465	0.0046430206	0.0745169099	0.0146762781	0.1139216721	-0.0048958348	0.0547792533	0.0701458102	-0.0588016634	-0.1309494976	-0.033611615	-0.1065609516	-0.1294687717	-0.0714238751	-0.0492256135	0.0316218371	0.0147915097	-0.0555851891	-0.0246668572	0.0793870225	-0.0158789083	-0.0537446072	0.1014932785	-0.0901741843	-0.1000466445	0.1011178539	0.0280430284	-0.016193863	0.0277835722	-0.0319197631	0.0552080417	0.0440236886	-0.0961725273	0.1749910811	-0.0432791873	-0.0281348146	0.0134697122	0.0747977455	-0.0227613208	-0.1044249777	-0.0130277506	-0.0645780814	0.0358120647	-0.1739441496	0.0386876729	0.0227801168	0.091002056	0.0464385318	0.0067691956	-0.0440267034	-0.1217538125	0.0688520094	0.0364277411	0.0844866184	-0.095876646	-0.0709762593	-0.0420718967	0.0016898595	-0.1290552057	-0.0050684204	0.0069401630067602	1.207027466400279e-06	1.4569153046446764e-12	4.816586256040278e-05	-0.0281796431749086	0.0272494805712568	0.0007940922894651	0.0007425341914033	0.0455086427623427	0.0051061772211368	0.0020710365660705	2.6073045813657324e-05	-0.0003010000576297	-0.0002560000794627	9.060103469308273e-08	6.553604068495713e-08	0.0001750002121689	4.255412999786597e-10	1.8108539798752769e-19	3.0625074259160015e-08	2.631863381367277e-08	2.2348694853506412e-08	6.926704858181997e-16	4.994641616551438e-16	0.0	0.0	0.0	0.0	0.0
893.7035410563934	2.5636446713847363	6.572274001119353	798706.0192967367	808.8472497827867	3.0050270978142635	9.030187858598016	654233.8734811777	855.2941773740836	1.909603893834969	731528.1298500104	3.646587031349677	851.6378402524781	662.5924430239028	1.16337	15.81016	0.0630130801441689	0.0398313512286975	-0.0287715325	-0.1274314774	-0.0373911983	0.0458080131	0.0066753261	-0.0772298894	-0.0087339221	-0.0535378743	-0.0238961579	-0.0281497662	-0.118121297	-0.0631350642	-0.1135496764	-0.0694857652	0.1356832556	-0.1021509936	0.003501297	-0.0745331255	-0.0940017874	-0.0186121259	-0.0414530524	0.0034482671	0.0566926816	-0.0948032236	-0.1548864805	-0.13491714	0.0943684467	-0.0590567723	-0.0202030441	0.0915262044	0.0711899608	-0.1246020141	-0.011924167	0.1129834461	0.213587009	0.0445545408	0.1396419676	-0.0034161556	-0.0341473065	-0.0218004835	-0.1184727862	-0.0412100513	-0.0670983808	-0.0128032746	-0.0424631665	0.1326749928	-0.0554513582	-0.0804464196	-0.0128671343	-0.006773212	0.0156175871	0.1314446631	0.0080872126	0.1352618216	0.0442432514	0.0700517005	-0.161894648	0.1670600746	0.1143007065	-0.0572645736	0.1381433173	0.1249376536	-0.0024230753	0.0807140918	0.1760841346	0.025625777	0.163427564	-0.1213195613	-0.0036105694	0.0669121079	-0.027411111	-0.0332824177	0.1071480728	-0.0909357358	0.010800853	-0.1702387195	-0.0286807275	0.0245577342	0.0330940548	0.1718104622	-0.0166759994	0.0330746237	-0.0865918184	-0.1110563793	0.0046492899	-0.0141282523	0.0070373201	0.0435631398	-0.0529587711	-0.0016898595	-0.1290552057	0.0050684204	0.0069738521212343	3.368911447410028e-05	1.134956434049033e-09	4.863461340884415e-05	-0.0280496546404691	0.0001299885344394	0.0007867831254495	1.6897019085728335e-08	0.0782593949412699	0.0327507521789272	0.0061245328965736	0.0010726117682855	-0.0002659972605682	3.500279706149999e-05	7.07545426297869e-08	1.225195802128552e-09	1.5054125968250176e-05	-0.0001599460862006	2.55827504909057e-08	2.2662670866794427e-10	-0.0004069978044306	-0.0004070241230644	1.6564721281132898e-07	1.6566863675635498e-07	0.0	0.0	0.0	0.0	0.0
894.0929529577701	0.3894119013766612	0.1516416289337865	799402.2085287452	805.2373332304113	-3.6099165523753527	13.031497515113552	648407.1628280245	854.3559943082917	-0.938183065791918	729924.1650105097	0.8801874649387226	850.3914875660128	665.2608564556509	1.082822	14.715523	0.0652579243960018	0.0428640679013247	-0.0665426175	-0.0938348167	0.0435040542	0.040599188	-0.0087417605	-0.0348001615	-0.0428532912	-0.0680113286	0.1761713117	-0.0060133958	-0.1045299101	-0.0351375164	0.1338022175	0.0362668149	0.1003902209	0.0716523579	0.1552872677	-0.0005093358	0.0695642228	0.0105187635	-0.0650777772	-0.0401816042	-0.0535114147	-0.0442647487	-0.0669430346	-0.0752665484	0.0866967699	-0.0630223583	-0.0457798279	-0.0398072297	0.0070672102	0.0737281552	-0.0059902343	-0.0452355292	-0.1946564057	0.2234620809	0.1472036762	0.0346657379	0.193657115	-0.0106675213	-0.1164764625	0.0485761331	0.1142761695	0.0887653709	-0.0145675599	0.0888888681	-0.0820563072	0.1216813475	0.1287139051	0.0453046158	0.0380942331	-0.0070233949	-0.0991116967	0.040668124	0.0334505296	0.0220837126	0.0024911679	0.0017896326	0.1249423608	-0.0200755283	0.0087683626	0.0891284389	-0.0822940437	-0.0729238155	-0.0535833793	-0.0862347742	0.2006775647	0.0445788665	0.0388966098	0.1214949952	0.1402180689	-0.0567572079	0.0025600935	-0.0775474671	-0.0143339994	-0.1411464489	-0.1083875595	-0.059500695	0.0814529139	-0.0756762444	-0.0692397598	0.103725216	0.0747668902	0.0701214485	-0.1006856912	0.0215581334	-0.0051716077	-0.0358437745	-0.0914436838	-0.0050684204	-0.1287014744	0.0151740128	0.0069937755561966	1.99234349622995e-05	3.9694326069697806e-10	4.891289653045306e-05	-0.0688010359187103	-0.0407513812782412	0.0047335825434876	0.0016606750760845	0.0703221084210241	-0.0079372865202458	0.0049451989327782	6.300051730447579e-05	-0.0001709860422809	9.50112182873e-05	2.9236226654885724e-08	9.02713160043697e-09	0.0001050223488079	8.996822283964983e-05	8.094281120924888e-09	1.1029693749128215e-08	-0.0002609905823065	0.0001460072221241	6.811608405268595e-08	2.131810891239628e-08	0.0	0.0	0.0	0.0	0.0
893.5461676841614	-0.5467852736086343	0.298974135435269	798424.7537830516	803.5445476756377	-1.69278555477365	2.865522934450333	645683.8400992451	853.9238371642826	-0.432157144009011	729185.9196773723	0.1867597971180251	850.0746103181808	669.724089263142	1.111369	15.103472	0.0494430955149423	0.0266417942034288	-0.061377891	-0.0593612401	0.1410278055	-0.0406065587	-0.0509512373	-0.0083375582	-0.1124171615	-0.0648316977	0.0348615049	0.0459891504	-0.1078728394	-0.0150595778	0.1045992958	0.0919586435	-0.0921090246	0.1705579114	0.0232605963	-0.0812524362	-0.0069301518	0.0324035545	-0.0796151694	-0.0460580328	0.0367094457	-0.0899436776	-0.0070785767	0.0668078997	-0.0206007967	0.0797240325	0.0640128354	-0.1878909964	-0.1002436092	-0.1490741981	-0.011649522	-0.1088100832	-0.0618616383	-0.0186664029	-0.0044977203	0.1163344577	0.1218904914	0.0444272843	-0.1033342396	0.0645143426	0.0716243098	0.0043597802	0.1151756383	-0.0478279789	-0.0462093673	0.1331552167	-0.021973575	0.1099530667	0.0895631665	-0.0922606405	-0.0413311323	-0.0765575731	-0.1496701382	0.1281323107	-0.1063137174	0.0589523926	0.002111783	-0.058477024	-0.0238627036	0.0497750395	0.1720763729	0.003870616	-0.1017160811	0.0705928216	0.0046296535	0.1083368997	-0.0510101468	0.0425336131	0.2132190112	-0.0001244328	0.0348668123	-0.181768306	-0.0424692801	-0.1356200431	0.004159579	-0.0540643055	0.0035732212	-0.0310206036	0.000810766	0.1274569958	-0.1052754713	0.0883628409	-0.0109194718	-0.0636332668	0.1699531093	0.0794504271	0.0436117839	-0.0084435077	-0.1279949812	0.0251860523	-0.0067512949762829	-0.0137450705324795	0.0001889269639428	4.557998385678272e-05	-0.0688156094276593	-1.4573508948997891e-05	0.0047355881009001	2.1238716308652167e-10	0.0693877049137938	-0.0009344035072302	0.0048146535932037	8.731099143242848e-07	-0.0001260002334123	4.498580886859999e-05	1.5876058819954086e-08	2.023722999562209e-09	-0.0002840000830133	-0.0003890224318212	1.513384524600802e-07	8.065604715156129e-08	-1.7863670628663626e-08	0.0002609727186358	3.191107283293795e-16	6.810675987219769e-08	0.0	0.0	0.0	0.0	0.0
891.2849145353082	-2.261253148853257	5.113265803198769	794388.7988782116	802.365378705193	-1.1791689704446071	1.3904394608593946	643790.2009447279	854.2034926508233	0.2796554865406051	729663.606856865	0.0782071911522625	850.4489382895065	663.5997105750484	1.110068	15.085792	0.0974786457967196	0.0627667866511979	0.0256555407	-0.0098198928	0.1864449247	-0.0661842911	-0.1181375966	0.0378005207	-0.1271726539	-0.0714452583	0.0035709069	0.0765544229	-0.0450446452	0.0442549561	0.0409591732	-0.0880045721	-0.0508850676	0.0825503276	-0.0995456821	-0.1380075712	-0.0443744408	-0.0084264833	0.0981278143	-0.0692288771	0.0976953288	-0.0599283946	0.0421756285	0.0524766204	-0.1005623729	-0.0062224388	-0.0676408744	-0.0246064679	0.0828305256	-0.1272102849	0.1896202698	0.023553826	-0.0092758248	-0.2375771007	-0.07093496	0.0754222429	0.091391143	0.0886158837	-0.0096996281	0.1137246643	0.0304475065	-0.0625845376	0.119387018	0.0116037816	0.024745899	0.0080434808	-0.1559333285	-0.0177590618	0.0491300899	-0.1845986109	-0.0007523516	0.010966364	-0.0131048538	0.1644965253	-0.1287294121	0.1017845234	-0.1758273106	-0.079369273	0.0249097005	0.151524033	0.1772452059	-0.0682387661	0.011300331	0.0164024669	-0.099222092	0.0510902698	-0.1897675164	0.0384066248	0.0802180536	0.0136607626	0.0442063726	-0.2005197781	-0.1203859407	-0.0644234459	-0.0478207662	-0.0550844198	-0.0559800207	0.174972232	-0.0299410648	0.0183666784	-0.0982535485	0.0913760353	-0.025039075	-0.1435154904	0.1105369741	0.0321246112	0.1603088773	-0.0118128082	-0.1269376627	0.0350428114	-0.0123775007939741	-0.0056262058176912	3.16541919030223e-05	0.0001532025259048	-0.0111648240883539	0.0576507853393054	0.0001246532969238	0.0033236130502386	0.0693376525873787	-5.005232641509816e-05	0.004807710066328	2.5052353795635332e-09	0.000352999858309	0.0004790000917213	1.246088999661741e-07	2.294410878690138e-07	-8.000013544129381e-05	0.000203999947572	4.1615978609381264e-08	6.400021670625354e-09	1.4143302225124582e-08	3.2006972853788215e-08	2.0003299783121395e-16	1.0244463112631353e-15	0.0	0.0	0.0	0.0	0.0
889.9403659385346	-1.3445485967736204	1.807810929085912	791993.8549268128	795.9924799750833	-6.372898730109796	40.613838224235046	633604.0281768834	853.1396245993918	-1.0638680514314274	727847.2190615912	1.1318152308565022	848.6324425546097	649.0321950774262	1.327529	18.041086	0.0799607746678965	0.0389189038215823	0.1505660509	0.0705576878	0.0785025233	0.0690461501	-0.122916185	0.1633274194	0.0389963532	-0.1346501644	-0.0544950364	0.0750083132	0.1216693557	0.0050493001	-0.0028821639	-0.1111637298	0.1297169412	0.134574779	-0.0554486829	0.0194243605	0.0473095997	0.0362777291	0.0847964219	0.016212061	0.0748131092	0.0724495739	0.1037951286	-0.0125422146	0.0810928183	0.017733177	-0.0140422307	0.176798783	-0.0263493675	-0.025909409	0.0559010468	0.0190511477	0.0829158197	0.1308817383	0.054963491	-0.0249201445	0.037766878	0.0581352622	0.1226572754	0.0574536827	0.0796689882	-0.1028749405	0.1259108859	0.1726085011	-0.005524113	0.013616338	0.0353508384	-0.1175417959	-0.1266177187	0.0415832653	-0.0024493019	0.1121367416	0.020305271	-0.0885982941	-0.044615621	0.0218381656	-0.0613619164	-0.0677216125	0.0734771475	-0.0403241849	-0.018362902	-0.1134177347	0.0378170234	-0.1401312469	-0.0459257549	-0.1047002817	-0.1143318025	0.1155596398	-0.0060220086	0.053956438	0.1118222074	-0.0809051755	0.0008419359	-0.0952547896	-0.1841418863	0.0815443678	-0.0977281407	0.028229847	-0.1428965678	0.0554773349	0.0462544106	0.0612644229	0.0093299907	-0.0021877244	-0.0049018219	-0.0358459712	0.0124596542	-0.0151740128	-0.1255324169	0.0446835199	-0.0123360381450936	4.146264888050047e-05	1.7191512521876667e-09	0.0001521778371172	-0.0257373017596336	-0.0145724776712796	0.0006624087018664	0.0002123571054799	0.0895598198563334	0.0202221672689547	0.0080209613326988	0.0004089360490535	-5.44784846365146e-05	-0.0004074783429455	2.967905288290957e-09	1.660385999696224e-07	0.0002030060962834	0.0002830062317246	8.00925271950111e-08	4.121147512822507e-08	-0.0002119946236032	-0.0002120087669054	4.494172043666244e-08	4.4947717244758884e-08	0.0	0.0	0.0	0.0	0.0
890.5622365459488	0.6218706074142801	0.3867230523658057	793101.0971617226	801.1613613353056	5.168881360222372	26.71733451605428	641859.5268966402	853.2011127596913	0.0614881602995183	727952.1388143755	0.0037807938570192	849.3059542510888	649.6402898111205	1.162919	15.80404	0.0517936942232805	0.0286233219851841	0.1589292281	0.017134864	-0.0459369519	0.0165895407	-0.0444022215	0.0549666198	0.1441530281	-0.0781617637	0.1245380874	0.0245520241	0.1573256239	-0.034547857	0.0669411757	0.0647806291	-0.071287175	0.0809570712	-0.0128885373	-0.0651116405	0.14177861	0.0512824706	0.064977998	-0.1707866478	0.0766898438	-0.1147590382	0.0548311702	0.1442753281	-0.1032206713	-0.070080341	-0.016678051	0.1751528469	-0.0652578656	0.0597244133	-0.0312978663	-0.0365319738	0.1126499587	0.1149592195	0.0131403716	0.2033222587	-0.0813720767	-0.0012851056	0.1319390758	-0.067410515	0.122938097	0.0263522606	0.069720044	0.0056378328	0.1073563578	0.2074235212	-0.0106252926	-0.0352071695	0.079639749	-0.1237243392	0.0109291529	-0.02757136	0.0105206212	0.0298704596	-0.0226967303	-0.037737419	-0.0117623976	-0.2450348542	0.0743529534	-0.1527987395	-0.2560602526	0.0404856977	0.0281394338	-0.0695183723	-0.0634673232	-0.0680378478	0.0691727284	0.1283024867	0.1420447502	0.0286877442	-0.0928553703	-0.1868334638	0.0063159428	-0.0286253909	-0.132701115	-0.0515845914	-0.0735506208	-0.1254964206	-0.1028565479	0.029863771	-0.0086401035	0.0689408839	0.0632049898	-0.0473495135	-0.0757026054	0.0187517471	0.137123409	-0.0185248178	-0.1237830955	0.0540487397	-0.012427810459485	-9.177231439140043e-05	8.422157688754046e-09	0.0001544504728168	-0.0505045122099403	-0.0247672104503067	0.002550705753564	0.0006134147134897	0.0755012764761602	-0.0140585433801732	0.0057004427495295	0.0001976426419722	-0.0001529811999527	-9.85027153161854e-05	2.340324753896797e-08	9.702784924661464e-09	0.0002840101627354	8.100406645199999e-05	6.5616587817600305e-09	8.06617725369884e-08	-0.0001339780438032	7.801657979999998e-05	1.795011622133218e-08	6.086586723689765e-09	0.0	0.0	0.0	0.0	0.0
891.7043526890037	1.1421161430548636	1.3044292842265175	795136.6526045151	802.4173189948586	1.2559576595530189	1.5774296425898968	643873.5538228968	853.7130549319606	0.5119421722693005	728825.9801612608	0.2620847877478101	849.5612042744955	649.7385540354079	1.084549	14.738991	0.056710804773075	0.0274926802856423	0.0832398373	-0.0061872316	-0.1129520226	0.0200529367	-0.0232309469	-0.0620784985	0.1275772133	-0.0497422683	-0.0306908968	-0.0070465685	0.1036515548	-0.0840303739	-0.1171805013	0.1157889454	0.0671077417	0.0632220198	0.0338757777	-0.0797476896	0.0067004959	0.0453913441	0.0449616898	0.0448577062	-0.0294273168	-0.1691555952	-0.0673566665	0.0460263856	0.0391555953	-0.0609349479	-0.0961849461	-0.0207409992	-0.010565619	-0.0475161456	0.1104658191	0.0051571057	-0.0548047133	0.1331567023	-0.0183091072	0.120470349	0.0490682405	-0.0179614829	0.0653797191	-0.1713048689	-0.0101332664	0.0172820442	0.096767466	0.0557486611	-0.0832698098	0.0333775319	-0.0693137042	-0.0974939798	0.0884606454	-0.1760923823	0.0011649897	-0.0356420242	-0.0280200087	-0.0348477683	-0.0712131147	0.0477881926	0.0787974162	-0.1564622725	-0.0401559532	0.1149527506	-0.1053223686	-0.0760107515	-0.0692294841	0.0496827756	-0.0818850388	-0.1167061541	0.0778736213	0.0183888349	0.0930001218	0.093201766	0.053487021	-0.2544305157	0.0442076041	0.0077230317	-0.033454966	-0.146711152	-0.0974984855	-0.1377246382	-0.0999786586	0.0859701535	0.0128614358	0.0443369178	-0.0322520499	0.0426890794	0.0002325754	-0.0666504494	0.0704183603	-0.0218629269	-0.1216944932	0.063080731	-0.012268942525452	0.000158867934033	2.5239020463913733e-08	0.0001505269506928	-0.061697871721762	-0.0111933595118216	0.0038066273749949	0.0001252912971608	0.0693442181735122	-0.0061570583026479	0.0048086205940956	3.790936694220663e-05	8.100069084058479e-05	0.0002339818907932	6.561111916651996e-09	5.474752521920065e-08	3.983626679637808e-06	-0.0002800265360557	7.841486089538909e-08	1.586928152272215e-11	-0.0004039999974456	-0.0002700219536424	1.6321599793604485e-07	7.291185544885843e-08	0.0	0.0	0.0	0.0	0.0
892.6064754903248	0.9021228013210704	0.8138255486633752	796746.3200872598	800.987305988985	-1.430013005873661	2.0449371969678243	641580.6643554919	853.3523186799896	-0.3607362519710477	728210.1797965146	0.1301306434861192	849.1563552128073	657.7299437661102	1.018111	13.836102	0.0618656263124916	0.0495958123299665	-0.0078453129	-0.0577267315	-0.1030082347	-0.0496481717	-0.0409160177	-0.0868327724	0.08346296	-0.0329722309	-0.1044190789	0.0522391368	0.0015454517	-0.1227221356	-0.1188364995	-0.0335843548	0.0752703501	0.1017412917	0.1759293059	-0.0274980613	0.027660455	0.0050596958	0.1001712537	-0.0050465353	-0.1957113085	0.0401247089	-0.028034751	0.0452894994	-0.0974373639	0.0314780412	-0.1346016105	-0.0399687426	-0.0696468281	-0.013086138	0.1395723313	-0.1165044343	-0.1611525954	-0.0549839065	0.0230583237	0.0877884829	0.056707431	0.0182133568	-0.0629375712	-0.1590729175	-0.0418695115	-0.0787677467	0.0388572627	0.0511752747	-0.183403652	-0.0188946266	0.0861705266	-0.194358211	0.0697273492	-0.0724013446	-0.1163696989	-0.1288296054	0.0449092111	0.0036787704	0.0403751623	0.1658979827	-0.0852825931	0.0739734473	-0.1557437352	0.0572071885	-0.0486488314	-0.0246940712	-0.1607085259	0.1394912819	-0.0272339109	-0.071376544	0.0226121772	-0.0008450173	-0.0307068351	0.0721552846	0.002636286	-0.2804719194	-0.0515735195	-0.0304712005	-0.0302976899	0.0859563697	0.0410156659	0.0779008424	-0.0682712382	-0.0403780465	0.0791961207	0.0511196673	0.0901526287	0.0616263851	-0.089093066	-0.0824823031	0.0998770805	-0.0251860523	-0.1192723348	0.0717238087	-0.0154101335560312	-0.0031411910305792	9.86708109059122e-06	0.0002374722162147	-0.0131830139814752	0.0485148577402868	0.0001737918576357	0.0023536914215602	0.0692842400902549	-5.9978083257306025e-05	0.004800305924884	3.5973704712203327e-09	9.099682490325976e-05	9.996134062674972e-06	8.280422142474516e-09	9.992269619897087e-11	-2.501091046225312e-05	-2.8994537141890927e-05	8.406831840724925e-10	6.255456421508425e-10	-0.0002399986794828	0.0001640013179628	5.7599366153487766e-08	2.6896432293535433e-08	0.0	0.0	0.0	0.0	0.0
894.7720402670709	2.1655647767461232	4.689670802283486	800617.0040436968	806.8089868882123	5.821680899227317	33.891968492428184	650940.7413235835	855.1200103159813	1.767691635991696	731230.2320428039	3.1247337199549983	851.5798329350246	666.4305004175159	0.951011	12.924213	0.0370151515771605	0.0213195505440117	-0.0482027957	-0.0589523562	-0.1030206803	0.0221086644	0.0379019399	-0.1051926054	0.0385377438	-0.0816588965	-0.0843858055	-0.0726167259	-0.0574957326	-0.045194867	-0.1530207743	-0.1111921054	0.1369998933	0.1257202651	0.1212292111	-0.1312857049	-0.1348820823	0.1329536181	0.0008928703	-0.0226280954	-0.0347061436	0.0111446397	0.0279441026	0.036247576	-0.0053314128	0.131830933	0.1601456993	-0.1053469408	0.1842013804	-0.054540481	-0.0253864027	-0.0776877918	0.0687422876	0.0490145773	-0.0996535269	-0.1424617159	-0.0818396777	-0.0760274039	-0.0611927288	-0.0740938792	-0.1074067974	-0.0762514612	0.0154305681	0.2137272463	-0.1872870318	-0.0126908001	-0.0482061464	-0.0350188421	0.0623166002	-0.0041165231	-0.0998678911	-0.0317639552	-0.1032740192	0.0901097886	-0.0617107979	0.0187675802	-0.0359452323	0.0007966035	-0.064344903	-0.1081373238	0.0367802671	0.0613960659	0.0470144308	0.0451362334	0.09192145	-0.1330287774	-0.012375806	-0.0061758347	-0.0589800554	0.1348884845	0.0473967522	-0.2373413188	0.0587122545	-0.0303430575	-0.0036265682	-0.0292788417	-0.0837518496	-0.0314552513	-0.0084920124	-0.0320045704	0.0079038678	-0.0303108051	0.098744136	-0.0194120269	0.0159465659	-0.1374118825	-0.0587505961	-0.0284919163	-0.1165232592	0.0799246852	-0.0123332273153948	0.0030769062406364	9.467352013667226e-06	0.0001521084960132	-0.0131141733492938	6.884063218139981e-05	0.0001719815426353	4.739032639134779e-09	0.0863535788610079	0.017069338770753	0.0074569405821043	0.0002913623260707	-8.015794589053541e-06	-9.90126194923133e-05	6.425296289390003e-11	9.80349881872962e-09	-7.39982617037338e-05	-4.898735124148068e-05	2.399760581656199e-09	5.475742735174277e-09	-0.0004280000274208	-0.000188001347938	1.8318402347220558e-07	3.5344506826504936e-08	0.0	0.0	0.0	0.0	0.0
897.5724858034514	2.8004455363804936	7.84249520223343	805636.367271387	807.3088345247156	0.4998476365033184	0.2498476597179535	651747.5543016547	856.4223434428244	1.302333126843109	733459.230348099	1.6960715732729503	852.1454013528175	671.535261085068	1.335439	18.148573	0.0577296313040437	0.0325200714097856	-0.0132652691	0.1619656248	-0.0048358514	0.1367749348	0.0635129504	0.0770197869	-0.0016986284	-0.1481309012	-0.0098512271	-0.1374052483	0.0381220625	0.1227139042	-0.0163809915	-0.0350646703	0.1192313092	0.0353210484	0.0538769936	0.0088348809	0.0375305668	-0.0164419461	0.0501238349	-0.0291933273	-0.208411758	-0.0682956241	0.0164849156	0.0091199293	0.1399870187	-0.0166445458	0.1362804362	0.0912203788	-0.0936655564	-0.0417769718	0.0102374779	-0.0582450933	-0.0299916083	-0.0107998875	0.0136209374	0.2286933532	-0.0855292715	-0.1355014901	0.0565840626	0.0859988523	-0.003815001	0.0050283187	-7.0792e-05	0.0297963782	-0.0381135302	-0.0864697791	0.1372621369	-0.2576764235	-0.1387649764	-0.1432188651	-0.0339787623	-0.0883754202	-0.0226205672	0.1533746223	-0.0059888628	-0.0294542414	0.1575273964	-0.0750629906	0.0991077002	-0.0229661249	-0.0898000837	-0.0867851131	-0.019935914	-0.1448002618	0.0066797222	-0.0610312817	-0.0268076181	-0.1316169495	0.0028417853	0.0961415808	0.13408489	-0.1864894612	0.0958159944	0.1185547352	-0.1172147805	0.1149465313	0.0024892031	-0.0938846797	-0.002847669	-0.0384371853	0.0520651456	0.0742079306	-0.0838267352	-0.0252187774	0.160447456	-0.1629483153	-0.1411523831	-0.0317782535	-0.1134548014	0.0876327994	-0.0123428511201666	-9.623804771801551e-06	9.261761828575034e-11	0.0001523459737745	-0.0317829094068145	-0.0186687360575206	0.0010101533303617	0.0003485217059853	0.0642541899652826	-0.0220993888957253	0.0041286009280946	0.0004883829895645	0.0001809792562518	0.0001889950508408	3.275349119345469e-08	3.5719129242336816e-08	-0.0001250295546775	-5.10312929737662e-05	2.6041928625743596e-09	1.5632389542853962e-08	-0.0003289887203149	9.90113071059e-05	1.0823357809443552e-07	9.80323893481884e-09	0.0	0.0	0.0	0.0	0.0
897.1920529728768	-0.3804328305745912	0.1447291385789956	804953.5799176854	820.9125463149127	13.603711790197051	185.06097447074632	673897.4086972337	855.6732768087525	-0.7490666340719372	732176.7566446279	0.5611008222798615	852.1199257366094	683.3904507332954	1.113921	15.138154	0.0313258839825325	0.0259555745199689	-0.0627337521	0.1720869581	-0.0381914971	-0.0772217083	0.1379274237	0.149881668	-0.0362351283	0.1654963789	-0.0116163533	-0.027675359	-0.0033397049	0.161479239	-0.0375609651	-0.0548678122	0.1337607105	-0.0069524785	0.0117580887	0.0339766765	-0.0470308802	-0.0670233867	0.0389596221	0.109789206	0.0915980777	-0.0690087367	-0.0178680935	0.017944351	-0.0578816032	0.1221989738	0.0002557802	-0.0053289379	-0.0687905235	-0.0700628794	-0.1424638309	-0.0080786296	-0.0338108043	0.1861335864	0.0741609944	0.0269644906	-0.1479838602	-0.0297682962	0.0769443112	0.1063396835	-0.1195009745	0.0713027748	0.0082803122	0.0360158386	-0.1452599237	-0.1268653112	0.0950382816	-0.0105093848	-0.0268214463	0.0936800589	0.1119221128	0.0367880303	-0.111559994	-0.2245107959	-0.0148055267	0.0813310971	-0.0942779015	-0.0637849762	-0.044576792	-0.0871178327	-0.0167917856	-0.0359477108	0.0357809601	-0.1452351968	0.03262431	-0.031247371	0.008749821	-0.1377129389	-0.0121547377	0.160232718	-0.0400052563	-0.1107360615	-0.1089751905	0.0192498327	-0.0051376687	0.1323864394	-0.0156802808	-0.076329063	-0.0470766641	-0.2478103738	0.0812419233	0.1065508659	-0.0725286134	0.185726853	-0.0033195884	-0.0570301761	0.0644662126	-0.0350428114	-0.1100753719	0.0948006283	-0.0123457174856582	-2.866365491599465e-06	8.216051131432243e-12	0.0001524167402356	-0.0060939155059003	0.0256889939009141	3.713580619305211e-05	0.0006599244076412	0.0642204020580408	-3.378790724178904e-05	0.0041242600404964	1.14162267577974e-09	0.000193973137473	1.2993881221200004e-05	3.762557806111936e-08	1.6884094919065407e-10	-0.0001250414896303	-1.1934952800005246e-08	1.4244309833835304e-16	1.5635374128964423e-08	-0.0004279876203186	-9.899890000369996e-05	1.831734031459781e-07	9.800782201942589e-09	0.0	0.0	0.0	0.0	0.0
892.2621480671304	-4.929904905746412	24.303962379702536	796131.7408733697	815.0489646462834	-5.863581668629308	34.38158998468566	664304.8147709785	854.2966459781752	-1.3766308305772554	729822.7593295596	1.895112443695824	851.3140079535327	670.7485618522202	1.457349	19.805325	0.0878643419360972	0.046071568701674	0.0009923605	-0.0153573015	-0.1215945896	-0.2197543252	0.0336893576	-0.0192015573	0.0865802025	0.2298791065	0.1442114629	0.0981979817	0.0903485524	0.0592182879	0.0430003987	0.2176301439	0.0442560722	-0.2717613447	0.0468002775	-0.0688366424	-0.1024909482	0.3653662975	-0.0130642069	-0.0117011913	0.0778194214	-0.0347105566	0.0494009965	0.2563648705	-0.0918169524	-0.1881387181	0.1580950992	0.0461931007	0.0473575708	-0.0944088046	-0.0987293789	0.0032941978	-0.0793033848	0.0036079414	0.057114304	-0.0107348501	-0.0814354313	0.1089530624	0.0687248657	-0.065535147	0.0117944055	0.2546630747	-0.1443338649	0.0115790739	-0.0350042391	0.0318263875	-0.3850706054	0.0450147821	-0.0830715591	0.071139898	-0.1685422481	0.1390216559	-0.0635340335	0.0371258051	0.3937240272	-0.0985258224	0.047335564	-0.1220467123	-0.0616805647	-0.1114144923	-0.0179664095	0.0023127229	0.0008030985	-0.0186415885	-1.51791e-05	0.0167753068	0.2461066505	0.040547535	-0.005939457	-0.102292025	-0.0469625564	-0.11711804	-0.284976763	0.3872086839	-0.0091353076	0.1440912175	-0.0523742238	0.1133329321	0.0112577268	-0.0145373343	-0.0537749848	-0.1732246269	0.0998005425	0.1008656062	0.1219303906	0.2133569348	0.1117294883	-0.0382833527	-0.1063942335	0.1013839798	-0.0123048124834639	4.09050021943011e-05	1.6732192045157776e-09	0.0001514084102532	-0.0356374329314945	-0.0295435174255942	0.0012700266259467	0.0008728194218763	0.0485931874813871	-0.0156272145766537	0.0023612978696012	0.0002442098354247	-0.0004970166261174	-0.0006909897635904	2.4702552663712334e-07	4.774668533867169e-07	-0.0001249338648852	1.07624745100004e-07	1.1583085757840835e-14	1.560847059515341e-08	-0.000266030910021	0.0001619567102975	7.077244508660142e-08	2.6229976010420725e-08	0.0	0.0	0.0	0.0	0.0
895.0830047078724	2.820856640742022	7.957232187618366	801173.5853168732	804.5118765438305	-10.537088102452913	111.03022567885472	647239.3595000755	854.179991795851	-0.1166541823241686	729623.4583843602	0.0136081982537203	850.4658636568433	659.7672855543053	1.455198	19.776094	0.0851113031190732	0.0393824722320602	-0.011216556	0.0002442711	0.0015582433	0.073742095	-0.0372542264	-0.0870600036	0.0019802863	-0.0470216763	0.0358503234	0.0193012659	0.0499303218	-0.0502517895	0.1598978771	0.0275908253	-0.1265469226	-0.2667455039	-0.1748313943	0.037834492	-0.1788608549	0.2609775506	0.028408685	0.3236738387	-0.0894554575	0.15352943	-0.1095294294	0.0464767715	0.131384873	0.0028977265	0.0820800524	0.0582268359	0.0796103536	0.0457160462	0.1232724297	-0.0894405784	-0.0239890311	0.1131597732	-0.1185199426	-0.0030750177	-0.1259556482	0.0264046635	0.0092443355	-0.0041095979	0.1640656665	-0.0196284701	-0.1464855166	-0.1861807803	0.1149446501	-0.2231341325	-0.3609675928	-0.0766751663	-0.2479960119	-0.0078595562	-0.1289188548	-0.056215552	0.1238381185	-0.12810213	0.0239311222	0.0778188801	0.1603259806	0.1137123297	-0.025768132	0.0697967961	0.0495524301	0.0260668003	-0.0419749821	0.0271470152	-0.0905169497	0.1002933821	0.0995611854	-0.069365115	-0.0654586369	-0.292019407	0.2063524448	-0.2106622224	0.1486474219	0.4182662293	-0.0533960572	0.1605902537	0.185769372	0.0871597046	0.0479937842	0.0605290007	-0.0334621456	-0.0718112683	-0.2218692874	-0.0899505385	-0.0879343762	0.11173624	-0.2814568164	-0.0414976565	-0.1024214758	0.1073422654	-0.0188767021530082	-0.0065718896695442	4.318973382866308e-05	0.0003563298841733	-0.0505514496716728	-0.0149140167401782	0.0025554490639076	0.0002224278953263	0.0252905171748665	-0.0233026703065205	0.0006396102589722	0.0005430144434143	-0.0003950110225724	0.0001020056035449	1.560337079536931e-07	1.0405143154579708e-08	0.0001164612719573	0.0002413951368425	5.82716120912093e-08	1.3563227865912192e-08	0.0001970228776481	0.0004630537876691	3.8818014316738185e-08	2.1441881027470002e-07	0.0	0.0	0.0	0.0	0.0
895.5956490921967	0.5126443843242896	0.2628042647792299	802091.5666728731	821.294073935116	16.782197391285536	281.642149280071	674523.9558809397	855.3780974341876	1.1981056383365285	731671.6895701304	1.4354571206137805	853.2796214575907	688.1326576730479	1.481507	20.133631	0.1658165738069245	0.097751160734225	-0.1097665553	0.0780205695	0.1718379204	-0.1492298025	0.027496741	0.1026801105	-0.2091089262	0.1897499367	-0.0918295401	0.031797575	-0.1042466328	0.0932742668	0.0102748339	-0.2065322068	-0.0518691116	-0.1006371159	-0.0424476092	0.0155836635	-0.2682473544	-0.1360108299	-0.0074554127	-0.0470164077	0.2373533668	0.0265622613	-0.0818065843	0.2102488539	-0.1175226574	0.1210456997	-0.0809728368	-0.0651181687	0.0027343903	0.2270563749	0.0358469906	0.0471448515	-0.0708220271	-0.1148473492	0.0412868025	-0.0372118686	-0.1280080368	0.0490688761	-0.0265724849	0.1515487201	-0.1280091968	-0.0935456427	-0.0821837058	-0.0246711331	-0.0146380435	-0.3412126947	-0.0879679736	0.2243794299	0.0961992026	0.0587334327	0.0820635821	0.0020086679	0.0526633104	-0.0192146587	-0.0799424071	-0.1899632302	-0.2328167916	-0.1178827946	-0.1732401211	0.033821094	0.0375523635	0.1141390987	-0.0584634866	-0.0530991896	-0.0486601689	0.0837486152	-0.2227056389	-0.1445256102	-0.2152033746	0.0230295371	0.0771239702	0.0420680221	-0.11103861	-0.0283913663	0.115318302	-0.0475009356	-0.0759310516	0.0455037192	0.2139935624	-0.1295658125	-0.1547883326	0.0920800744	-0.0867401854	-0.0972211807	0.123377946	-0.1345184373	-0.1404901747	-0.0446835199	-0.098167988	0.1126387502	-0.0148247809255508	0.0040519212274573	1.641806563351987e-05	0.0002197741294905	0.0416600058057525	0.0922114554774252	0.0017355560837353	0.0085029525212651	0.055318975884802	0.0300284587099355	0.0030601890929433	0.0009017083324943	2.1999576809707075e-05	0.0004170105993821	4.839813798062013e-10	1.738978399970242e-07	-2.70003417996989e-05	-0.0001434616137569	2.0581234621762334e-08	7.290184573005676e-10	-3.299967705491962e-05	-0.000230022554703	1.0889786857289884e-09	5.2910375672103656e-08	0.0	0.0	0.0	0.0	0.0
889.375932453265	-6.219716638931686	38.68487506860368	790989.5492271147	806.5769056432388	-14.717168291877217	216.5950425314361	650566.3047170221	853.3707113003512	-2.007386133836349	728241.5709052674	4.029599090318443	849.8948045749108	653.9963517189026	1.651715	22.446753	0.13236886382951	0.0883470710508528	0.178133543	0.0641866848	0.0632043356	-0.0886213038	-0.1267539083	0.1936093995	0.0576090935	0.1492140231	0.0527673565	0.156355548	0.1210427867	0.1035616867	0.0432830524	-0.0757847251	0.1764172612	-0.0560058363	-0.1007900594	0.0833834975	0.0738564024	0.1081469798	-0.0206361458	-0.0194430196	0.0472838982	0.0174976028	-0.0756703554	0.0981275479	0.0133742834	-0.0146755606	-0.1158558298	0.0096731458	0.0489426075	-0.0819594903	0.1393136662	-0.0317945423	0.0099958099	-0.1631806254	-0.0727430072	-0.0589856874	-0.1486074993	0.1764760764	0.1396126581	0.0705639291	0.0005077225	0.0534389285	-0.037644964	0.1659808283	-0.0026575624	-0.0897022721	-0.0414739435	0.0175024754	-0.1411614157	0.1969970775	-0.0120309159	-0.0601244905	-0.0707914761	0.0165552218	0.0122896413	0.0030419002	-0.0948875868	-0.0095229625	-0.0979251426	0.0309679226	0.0567473471	0.0071223429	0.0072488993	-0.1955972168	-0.085703941	-0.0247821088	0.0024351672	0.1157100079	-0.1195750858	-0.0257569231	0.0149028569	0.0981606317	-0.0565222198	-0.0025701585	-0.1732457808	0.0800701074	0.0043656429	-0.0513050156	0.1823894541	-0.073825932	0.0528932198	0.0869026005	0.0326084157	-0.0371441888	0.0878440172	0.1115670324	0.1427401301	-0.0478387595	-0.0936454286	0.1172407796	-0.0171957225426808	-0.0023709416171299	5.621364151839018e-06	0.0002956928737648	-0.0393613959456047	-0.0810214017513571	0.0015493194907866	0.0065644675417548	0.0768443266286311	0.021525350743829	0.0059050505350077	0.0004633407246448	-0.0004970008575378	-0.0005190004343475	2.470098523933086e-07	2.69361450852901e-07	-2.698436965453688e-05	1.5972145162020888e-08	2.5510942107666727e-16	7.281562056526907e-10	-6.30066649061256e-05	-3.0006987851205977e-05	3.969839822592799e-09	9.00419319902423e-10	0.0	0.0	0.0	0.0	1.0
891.1508690759608	1.7749366226958043	3.150400014586789	794149.8714548403	799.7693257948931	-6.807579848345654	46.34314339160184	639630.9744824179	853.4245036713886	0.0537923710373888	728333.383466756	0.0028936191818241	849.5491368438819	645.1864865275397	0.9875290000000002	13.420495	0.0516990430349337	0.0253448118774954	0.1972082709	0.069399351	-0.0127042681	0.0602632795	-0.1103416259	0.0903196967	0.1664820908	-0.0590954199	0.0488923709	0.044601383	0.1406203795	-0.0245150405	0.1319417721	-0.1064085778	0.0446659592	-0.0909121912	-0.195876511	0.1557069208	0.0926648365	-0.0908518701	-0.0674190402	0.0136460777	0.0287337807	-0.0028785471	0.1346566149	-0.004094161	-0.0718886212	0.0243376159	-0.0284932593	-0.0448561607	-0.0823124338	-0.0129634221	-0.0883433038	-0.0167116004	0.0708955487	0.0691186768	-0.1026177437	-0.0790396935	0.0726472304	0.0478910663	0.1331952783	-0.0185074395	0.1485868845	0.0178902611	-0.0940257096	0.0505115684	0.25050543	-0.0438930098	0.1099261437	0.0048638431	-0.0536587853	-0.0239224449	0.1421998161	-0.0736269839	-0.1461921833	-0.0604269265	-0.0322414738	-0.0494896943	-0.1055913237	0.0321979082	-0.0448684502	-0.0655270474	-0.0449467925	-0.0006637814	0.1008838437	-0.1846166067	-0.0864167347	-0.0391819767	0.0218194459	0.05874497	-0.1395997048	-0.0150605908	0.0148178655	0.1449866318	0.1843874237	-0.0426409804	-0.0363926313	0.0474704689	0.0004593015	-0.169561838	0.02902431	-0.0858171516	-0.0248277638	0.0293995607	-0.0745812927	-0.0429699694	-0.0252179708	-0.0386524864	0.0766997636	-0.0509612127	-0.0888661936	0.1211199807	-0.0170757431083075	0.0001199794343733	1.4395064672537109e-08	0.0002915810027009	-0.026936091782872	0.0124253041627327	0.0007255530405353	0.0001543881835364	0.0686851982252676	-0.0081591284033634	0.0047176564552443	6.657137630257296e-05	-0.000653994433767	-0.0001569935762292	4.27708719398219e-07	2.4646982977233637e-08	-0.0004020082075026	-0.000375023837848	1.4064287895429033e-07	1.616105988994535e-07	2.486854170589536e-05	8.787520661202096e-05	6.184443665778568e-10	7.722051937105371e-09	0.0	0.0	0.0	0.0	0.0
894.1900198923687	3.0391508164078687	9.236437684872614	799575.7916751148	803.8839477090274	4.114621914134318	16.93011349627436	646229.4013842504	854.1836060690224	0.7591023976337965	729629.6328770788	0.5762364500933785	850.5851569252878	656.9080746553947	0.994034	13.508893	0.0865701916997511	0.0445358456999869	0.0979122945	0.1219547053	-0.0239671836	0.1315817234	0.0056782046	0.1005452431	0.113411605	-0.117086307	0.0584896399	-0.0662699938	0.1939365795	-0.010154406	0.2045673347	-0.0077166716	-0.0542447459	-0.0570658436	0.0599904413	0.1471269181	0.0597300551	-0.1201323417	7.04233e-05	0.044158131	0.1136728533	0.0856344109	0.0254271985	-0.042578967	0.0107830797	0.0277614657	-0.0573766423	-0.1152562097	-0.0060309139	-0.0162278712	-0.0919415082	-0.015960831	0.1132742744	0.0009070456	0.1619547127	0.0259914562	0.060633215	-0.087797991	0.1650287245	-0.0164962737	0.2193950988	0.0398890404	-0.113800724	-0.1176608922	0.1060204242	-0.0381716145	0.1423936418	0.0061147733	0.040495922	-0.0112394115	0.014778089	0.0010426395	0.0247035005	-0.031132225	-0.025153041	-0.0250392123	-0.1151838863	0.0598606263	-0.0079927762	-0.0122225733	0.049060608	0.1246294786	0.0195209341	-0.1389098485	-0.099990278	0.0668918186	0.0740398202	-0.0337214426	-0.0671924244	-0.041104569	-0.1238519187	0.1087682852	0.1232374533	-0.0031698551	0.0150375774	0.0546364837	0.0322984097	0.0304700382	-0.1092174982	-0.0159553867	-0.0957620147	-0.0699008394	-0.015284156	-0.0241661605	0.1062716579	0.0335758941	0.1542681283	-0.0540487397	-0.0838433825	0.1242524367	-0.0123589642764585	0.0047167788318489	2.2248002548578808e-05	0.0001527439979867	-0.0110288027385507	0.0159072890443212	0.0001216344898458	0.0002530418447395	0.0344874314796896	-0.034197766745578	0.0011893829300662	0.0011694872503849	-0.0006690023263145	-1.5007892547499926e-05	4.475641126142127e-07	2.2523683871730382e-10	-2.6926319546038968e-05	0.0003750818879565	1.406864226730582e-07	7.250266842954002e-10	-0.0002200088193501	-0.0002448773610559	4.840388059182493e-08	5.996492195774832e-08	0.0	0.0	0.0	0.0	0.0
895.9098960136143	1.7198761212456477	2.957973872430973	802654.5417751253	809.7426326078527	5.858684898825231	34.324188743722814	655683.1310626959	855.7266112161338	1.543005147111444	732268.0331434483	2.3808648840124085	851.8405342842768	671.032991229624	1.046886	14.227155	0.0207221994356571	0.0121522954641552	0.0347630894	0.1959943133	0.0779557025	0.0364380252	0.0367614954	0.1942742323	-0.0157778292	0.025540542	0.0078819937	-0.037222525	0.0515051464	0.1977031211	0.1584073645	-0.0318998483	-0.0308996604	-0.0180949214	0.1432354463	0.1432221414	-0.1201338327	-0.1945411176	0.0790624862	0.0814153862	0.0223526317	-0.1407307384	-0.0088456077	-0.0662982681	-0.0297765985	0.0850377078	0.018280714	0.0733034276	0.129989232	0.0051515832	-0.0286899187	0.0151385928	0.130463702	-0.2437997253	0.1047984731	-0.1268348288	0.0397086218	-0.0448108392	0.1332331398	0.1353599719	0.0602974813	0.0785094068	-0.0707013955	-0.1655047912	-0.1125994128	-0.210309905	0.1801620686	-0.0338412465	0.0726492018	-0.0822547129	-0.0271191629	0.0258378763	-0.058735888	0.0348460579	-0.0573684691	-0.1429410001	-0.0902883281	0.0543869776	0.0991768918	0.1734130275	0.1391307181	0.1147284729	0.1329583145	-0.1741081004	-0.1280245927	0.1545397182	0.0027177788	-0.1024281405	-0.0646809616	0.0532783131	-0.0828919666	0.1600027736	-0.0079688171	-0.0259678871	0.0494197705	-0.012071692	-0.0052929577	0.0823351611	-0.05120044	0.0510156939	-0.0189946203	-0.0223276336	0.0405053533	0.0914223025	0.0689152443	-0.0745393395	0.0975485361	-0.0570992244	-0.0785907625	0.1266188352	-0.0123563105579478	2.65371851070062e-06	7.042221934035117e-12	0.0001526784106044	-0.0050956207224004	0.0059331820161503	2.5965350546556375e-05	3.520264883676934e-05	0.0345221216272477	3.469014755810157e-05	0.0011917768816464	1.2034063376028603e-09	-0.00049701618754	0.0001719861387744	2.470250906767965e-07	2.9579231930561563e-08	-0.0001499452683546	-0.0001230189488085	1.513366176596336e-08	2.2483583501933008e-08	-0.0002200372028358	-2.8383485699989443e-08	4.8416370631802994e-08	8.05622260481505e-16	0.0	0.0	0.0	0.0	0.0
891.6636226746987	-4.246273338915671	18.03083726878604	795064.0160013674	810.1792125926298	0.4365799847771541	0.1906020831080201	656390.3565172136	855.3392148399103	-0.3873963762235917	731605.1724429542	0.1500759523111706	852.0134324379337	670.9407978334289	1.372923	18.65798	0.0808369014893524	0.042609879443668	0.0518373578	0.0758542141	-0.044912696	-0.185320803	-0.0013764221	0.0668787377	0.0912757355	0.2240929784	-0.0377478979	0.0963217564	0.0633958587	0.1975616385	-0.1861661242	0.1638843312	-0.036235231	-0.1030673908	0.0302037655	-0.0374638277	-0.0110647602	-0.1194079991	0.0968567637	-0.0992951969	-0.0362625549	0.0704515397	0.0209136292	0.0251101838	0.0949267597	0.0476908779	0.0988422083	0.0973588669	-0.1339786184	-0.0269419097	0.0537577979	-0.0517021121	0.1050899217	0.0816380135	-0.0164703831	-0.1143498669	0.069841831	0.1135453333	0.1324218699	-0.028541198	-0.1939838281	0.1350185815	0.0465562738	-0.1643638644	-0.1035242148	0.0044085621	-0.0027371455	-0.106263657	0.0081482526	0.044212024	0.0765702724	0.1349134565	-0.0032155137	0.0810026947	-0.0286390133	-0.0294203836	0.0353792263	-0.1028906964	0.0219879716	-0.0987341802	0.0401286392	-0.0727167967	0.0135739237	0.0112022266	-0.1690267318	0.0727982666	0.1371154038	-0.026182187	-0.0788477533	0.070620553	-0.0431236755	0.1091935254	-0.1342865187	0.0053422894	0.0100053742	-0.0015821028	0.0260716796	0.0723786533	0.1735003287	-0.0502058405	0.1829846767	0.1952862732	0.0786687585	0.0693499154	-0.0469794531	0.0677919974	-0.1202546911	-0.0601105761	-0.0731227308	0.1282045865	-0.0086153581197407	0.003740952438207	1.3994725144927644e-05	7.4224395531382e-05	-0.0393164623317119	-0.0342208416093115	0.0015457842102809	0.0011710660004495	0.0544962622007716	0.0199741405735238	0.0029698425938552	0.0003989662916508	-0.0002030346985424	0.0002939814889976	4.122308881220324e-08	8.642511587324602e-08	-0.00031397762525	-0.0001640323568954	2.690661410865988e-08	9.858194915762945e-08	-0.0002200317113626	5.491473199998112e-09	4.841395400515451e-08	3.015627790629751e-17	0.0	0.0	0.0	0.0	0.0
889.5338393550392	-2.1297833196595093	4.535976988699879	791270.4513577166	803.3149169024299	-6.864295690199924	47.11855532249725	645314.8557179578	852.8138339741358	-2.525380865774423	727291.4354176649	6.377548517219575	848.9086338771585	648.6716735812201	1.356197	18.430674	0.0714800065499191	0.0420022196521863	0.0455617618	-0.1552937494	-0.0462095381	-0.0280789303	-0.0886292551	-0.1535708032	0.0941890705	0.1125103686	-0.0529023034	0.1740419844	-0.0065103445	-0.0365902977	-0.1217276704	0.0270662357	-0.1110142256	-0.121117488	-0.0769373648	-0.1681604818	0.0412747556	-0.1606212311	-0.0059767765	0.0728383745	-0.1060998527	-0.0042200285	0.1868754792	-0.0419596158	0.086031781	0.0957724523	0.0819584096	-0.0830108117	-0.0995495987	-0.0163529614	0.0646051183	0.0454623869	-0.044897076	-0.0373216507	-0.0420034651	-0.2408119081	-0.0500560749	0.1884581267	-0.0424532306	-0.132070716	-0.0583792002	-0.016436427	-0.0350382515	-0.1359804821	0.0588126455	0.0012481046	-0.0103849986	-0.1143592921	-0.1251011875	-0.0706263091	0.1423613149	0.1037703659	-0.0158161052	0.0335566058	-0.0453234876	0.0873670245	0.0046309242	0.0673344395	-0.1729783795	-0.0969606405	0.0405177588	-0.0525544059	0.0900117976	0.1769120061	-0.0732850054	0.0647512896	0.0630620093	0.0356763075	-0.2224803004	0.0299156628	-0.03810763	0.0485580458	0.0492850894	-0.0593785001	0.0653243899	0.0121137343	0.0875903002	0.0389174615	0.0582578194	0.0263268776	0.0564039595	0.0007278004	-0.0996063867	-0.0170719491	-0.1003278473	0.0816912584	0.1361782879	-0.063080731	-0.0674542747	0.1289999139	-0.0123589770511784	-0.0037436189314377	1.4014682703818748e-05	0.0001527443137515	-0.009138695811572	0.0301777665201398	8.35157611364436e-05	0.000910697592144	0.0545027954798911	6.533279119501356e-06	0.0029705547151228	4.268373605331242e-11	-0.0006670026282769	-0.0004639679297345	4.448925061282925e-07	2.15266239822118e-07	-2.692663740155865e-05	0.0002870509878484	8.239826962476604e-08	7.250438017550171e-10	-0.0002200088725611	2.283880149998624e-08	4.840390400560634e-08	5.216108539557737e-16	0.0	0.0	0.0	0.0	0.0
891.5824969819382	2.048657626899057	4.196998072251678	794919.3489245479	802.8675412795122	-0.4473756229176615	0.2001449479809657	644596.2888402093	853.8966026056172	1.0827686314813718	729139.4079414153	1.1723879093200429	849.9490523909288	654.7568894952967	1.061001	14.418974	0.0501764601158774	0.0313147855296982	0.0018703827	-0.1500941056	0.0224078348	0.0873690207	-0.0965426926	-0.1504039202	0.0027423337	-0.0801913165	-0.01539968	0.0268507328	-0.0308163455	-0.1112796285	-0.0203507954	-0.1130596954	-0.0077096514	-0.1499139259	-0.0855460724	-0.0404234639	0.0205534238	-0.0257207527	-0.0003491605	-0.1058949382	-0.203614084	-0.0182830648	-0.0064315911	-0.0932365696	0.0822703944	-0.0818994317	-0.0048196562	-0.1322911885	0.0397932969	-0.0555488308	-0.0138363107	0.0258951939	0.0035917161	0.1103138378	-0.1073495331	0.0493059147	0.0978364795	0.0464518882	-0.0846378016	-0.060083131	0.032974877	-0.0781670715	-0.1037577346	0.0265198539	0.0960371464	-0.0235430288	-0.0223558743	-0.0526893478	0.0055661272	0.0850726568	0.1035029807	0.0273698527	-0.0883407913	0.147021481	-0.1255802825	0.02919473	0.2043800256	0.1708935578	-0.0751043807	-0.0103902125	-0.0416625283	-0.1296074309	0.0256070836	0.0618106735	0.0092391995	0.0349751793	0.019309587	0.010115342	-0.2733210541	0.0351651551	0.0154425791	0.0612905437	0.1094840107	-0.0126575237	0.0376843279	0.0323942107	-0.056076966	0.060207291	-0.0587752354	0.1171249423	-0.0297168113	-0.0507640576	0.0841373934	-0.0022202477	0.0959743706	0.1160231788	-0.019482128	-0.0660076536	-0.0616009311	0.1289999139	-0.0123223881411576	3.658891002080063e-05	1.3387483365102443e-09	0.0001518412495013	0.0168178138957273	0.0259565097072992	0.0002828388642313	0.0006737403961851	0.0545331878631714	3.0392383280300472e-05	0.0029738685785199	9.236969614566875e-10	-0.0004970371145063	0.0001699655137705	2.470458931967488e-07	2.8888275871304003e-08	-0.0003399451058723	-0.0003130184684707	9.798056160376849e-08	1.1556267500652925e-07	-0.0002200842726253	-7.54000641999908e-08	4.843708705700737e-08	5.6851696813627344e-15	0.0	0.0	0.0	0.0	0.0
892.3345460087718	0.7520490268335607	0.5655777387613057	796260.9420006808	800.6232227101045	-2.24431856940771	5.036965840988271	640997.5447427137	853.457350504664	-0.4392521009532402	728389.4491304408	0.1929424081918355	849.4794499048523	660.6697108780129	1.081542	14.698122	0.0606399781195865	0.0518424612412962	-0.044621332	-0.0674742812	0.0312752967	0.0440611463	-0.0759420479	-0.0415852052	-0.0010528627	-0.046310404	0.1561135106	0.0153264818	-0.0388206981	-0.1291275657	0.1493602514	-0.0127976528	0.1260143369	-0.0725449557	0.0449541777	0.0408857562	0.0326416075	-0.2390486952	-0.0370492917	-0.1103868489	-0.0912822467	0.0852009089	0.0011124659	0.0187448541	0.0341776003	-0.2056812225	-0.0725299826	0.0236171833	0.0661874136	-0.0276036422	-0.0435026926	0.0922435022	-0.1648988703	-0.0489474493	-0.0218730258	-0.052628515	-0.143609474	0.0086264826	-0.0874346043	-0.0093115593	0.1677331074	0.0125003118	-0.1113392271	0.0710058418	-0.0038385541	-0.0433794476	0.2065884228	0.0535864833	0.1096136865	0.1157779027	0.1747816204	0.0250222144	0.0896253303	0.0669267446	0.1415884464	0.0562931863	0.129528177	0.1143222945	-0.1493222997	0.1139722824	-0.1077404362	-0.0434317163	-0.0642951289	-0.088075849	0.1164364976	0.1485779968	0.1170547305	0.0194684633	-0.1524282855	0.0341513589	0.0240880683	0.0469731464	0.0478395357	-0.115716999	0.0049530533	-0.1555320154	0.0448481201	-0.1558444639	-0.0037252811	0.1173292874	0.1463398567	-0.1063763095	-0.0649593098	-0.0077180122	-0.0952459933	-0.0357191968	-0.0609801049	-0.0688893378	-0.0555787436	0.1282045865	-0.0099073685385349	0.0024150196026226	5.8323196810519e-06	9.815595135835116e-05	-0.0344829187819328	-0.05130073267766	0.0011890716877213	0.0026317651732647	0.0545114266299577	-2.176123321370044e-05	0.0029714956332332	4.73551270981059e-10	-0.0004970220089484	1.510555790000534e-08	2.470308773791035e-07	2.281778794704137e-16	-0.0002019454456663	0.0001379996602059	1.904390621697145e-08	4.0781963025360536e-08	-0.0002200497462674	3.452635789999458e-08	4.842189083234712e-08	1.1920693898385182e-15	0.0	0.0	0.0	0.0	0.0
893.7591037899256	1.4245577811537942	2.029364871845821	798805.335607371	798.2738182965447	-2.349404413559796	5.519701098454249	637241.0889777449	853.4082552808609	-0.0490952238030786	728305.6501815231	0.0024103410002743	849.3769718960265	661.1764145173888	1.022394	13.894311	0.0150969452596751	0.0094006730450962	-0.0343738202	-0.059501097	0.0241994611	0.2038662844	-0.0540616851	-0.0167241854	0.0513802713	-0.1683627188	0.0769529112	-0.0408610321	-0.0287314813	-0.1684112373	0.1438314181	0.028242805	-0.0267261281	0.0831521551	0.2633984013	0.0128861847	0.0186597394	-0.1006852582	-0.0237317476	-0.0372456131	0.0438632384	0.0159103006	0.0589438585	0.1083715681	0.1048738913	-0.1295624287	0.0947525396	0.0481607855	0.1004331857	-0.000920087	0.0320860633	0.0070992768	0.0860862967	-0.0148619756	-0.0884411292	-0.1735725263	0.0581862476	-0.0537237598	-0.0756013098	-0.0559264169	0.1989464119	-0.0394124317	-0.0474402238	-0.0227307179	-0.1466069778	0.1338996972	0.1101019047	0.0502111974	0.0075881085	0.0112546792	-0.038081386	0.1666057426	-0.0513073138	0.045499635	0.0723573173	-0.1901298411	0.0346582007	-0.0240851598	-0.0254309151	-0.0102327598	0.1179722078	0.0223416939	0.1513516578	0.0307878535	0.0186207399	0.1971707697	0.124581149	0.0149704149	-0.0660523597	0.017756444	-0.1449997873	0.0545011514	0.1210560477	-0.0658782541	-0.0177394039	0.0027364198	-0.040072628	-0.0842850297	-0.0960092334	0.1360053744	-0.0233111897	-0.020709717	-0.0434072084	0.0425695021	0.0239594665	-0.0432872079	-0.0263328683	-0.0717238087	-0.0494042187	0.1266188352	-0.0123715025397643	-0.0024641340012294	6.071956376014813e-06	0.0001530540750913	-0.0273814890173014	0.0071014297646313	0.0007497459408045	5.043030470199277e-05	0.0545908565642321	7.942993427439982e-05	0.0029801616204165	6.309114458835475e-09	-0.0004970339792533	-1.1970304899969024e-08	2.470427765323699e-07	1.4328819939822242e-16	-0.0003109449293559	-0.0001089994836896	1.1880887444599381e-08	9.668674909214567e-08	-0.0002200773234637	-2.757719629999729e-08	4.843402830294604e-08	7.605017557685842e-16	0.0	0.0	0.0	0.0	0.0
895.1011378252036	1.3420340352780613	1.8010553518447168	801206.0469359742	805.5150381649241	7.241219868379403	52.43526518221262	648854.4767098392	854.7401635806183	1.3319082997574014	730580.7472378222	1.7739797189626518	850.3990779370552	674.986850572669	1.042128	14.162483	0.0401116704860685	0.0301859581852418	-0.0938803361	-0.0235412975	0.0112800977	0.0500629671	-0.0071228783	-0.078723304	-0.0599689931	-0.0205107598	-0.0026235517	0.0354105856	-0.1144563919	-0.0217783787	0.0475837309	0.0395348409	-0.0780891696	-0.041510492	0.1816542862	0.0674902997	-0.1281212685	-0.1838719346	0.0401000664	0.0185393586	-0.0671786083	0.0382559016	0.0813417997	0.0050186396	0.001394163	-0.1688454892	-0.0394600605	-0.1188078739	0.0827373366	-0.0574563484	0.0488253863	-0.0636908837	-0.0602588719	-0.0795997518	-0.1998537353	-0.0197007075	0.040924504	0.0159659771	-0.1086081867	-0.0009110522	0.0422711558	-0.0076799254	-0.0473417023	-0.1532612097	-0.1447329926	-0.0742524079	0.0830610962	-0.0482143197	0.1538095564	-0.0394237137	0.0318474706	0.0137226309	-0.0135135553	0.0749072744	0.0957540361	-0.040710543	-0.025936366	0.1163547143	-0.168850203	0.0768106503	0.0714601307	0.0033632458	0.1138602853	0.0615835575	-0.0285569747	0.2220287516	0.1157670493	-0.1191406531	-0.1573415259	0.0808855455	0.0589329434	0.0113808081	0.0392988149	-0.1187464895	-0.0030201184	-0.0919207391	0.0138843731	-0.1352891642	-0.0113863757	0.005217465	0.0714573388	-0.1613628106	0.098710982	-0.0190051559	0.032458894	0.0149099392	0.0350390803	-0.0745091236	-0.0430942802	0.1242524367	-0.0079993242384688	0.0043721783012955	1.91159430983192e-05	6.398918827215446e-05	-0.0314861907128545	-0.0041047016955531	0.0009913802056062	1.6848576009476524e-05	0.0248817944948172	-0.0297090620694149	0.0006191036972823	0.0008826283690443	-0.0004970384220628	-4.442809499959586e-09	2.470471930066781e-07	1.9738556252931148e-17	-0.000349445444564	-3.850051520809999e-05	1.4822896712891387e-09	1.221121187265316e-07	-0.0002200869338422	-9.610378500001048e-09	4.8438258448060924e-08	9.235937491328236e-17	0.0	0.0	0.0	0.0	0.0
893.4235025740417	-1.6776352511619734	2.814460035941297	798205.5549516686	804.0244464201086	-1.4905917448155606	2.221863749712297	646455.3104411621	854.6602066460006	-0.0799569346177122	730444.0688241844	0.0063931113934611	850.7603457552715	668.9109205439471	1.211509	16.464375	0.105226196640683	0.0686888126308497	-0.0340562428	0.0357698386	0.1685825335	0.0616263175	-0.0883009245	0.028818094	-0.1142638151	-0.0854719568	-0.0286548776	0.0294669936	-0.042150077	0.050103528	0.0708707665	-0.0344421613	-0.1969861435	0.0476150382	0.0824041225	-0.1836975813	-0.0827597796	0.0784243112	-0.0280680396	-0.0940851215	-0.244119061	0.0928631593	0.2763732933	-0.0081157373	-0.0463342049	0.0622655653	0.0182643353	-0.0782385431	-0.0500002319	0.0941769769	-0.0473762547	0.0275844362	0.086580506	0.1446780018	0.058438968	0.0857520874	-0.0817843151	0.0335479651	-0.0192768447	0.107187561	0.0282276167	-0.0980839929	-0.0103423475	-0.107064062	-0.0994439791	0.1081389065	-0.1059627774	0.0544489005	0.0669270953	-0.1982840476	0.0019133441	0.071358978	0.0002596303	0.1520162402	0.054163393	-0.0284314608	0.0283008167	0.2624293933	0.0364206188	-0.3687711882	-0.1447779967	-0.0766907356	-0.1158971423	0.0191162033	-0.1014105525	0.2422893129	-0.0804537543	-0.0790014349	-0.0608232597	0.0036915605	-0.1271328678	-0.0804412755	0.0382614405	0.0125680779	0.2124180177	-0.1570413876	0.0045154085	-0.0072510246	-0.038941098	0.0032471734	-0.0638693081	0.0222907947	0.0964759008	-0.113712336	-0.2580953772	-0.0381699767	0.0121792093	-0.0772433738	-0.0366662233	0.1211199807	-0.0123197630892946	-0.0043204388508258	1.866619186372496e-05	0.0001517765625763	0.0170916861166574	0.0485778768295119	0.0002921257343103	0.0023598101172632	0.0729832095656775	0.0481014150708603	0.0053265488785075	0.0023137461318191	-0.0004970473389842	-8.916921400044242e-09	2.470560571912742e-07	7.951148725456697e-17	-0.0004339452012991	-8.449975673509996e-05	7.1402088882910725e-09	1.883084377305164e-07	-0.0002201075779754	-2.0644133200001597e-08	4.8447345882196797e-08	4.26180235579408e-16	0.0	0.0	0.0	0.0	0.0
895.7373304438114	2.3138278697697388	5.353799410923167	802345.3651506058	814.4159683227539	10.391521902645309	107.98372745315716	663273.3694590889	856.7827689994522	2.122562353451599	734076.7132543686	4.505270944289991	853.1378712947314	663.0306115150452	1.493479	20.296331	0.1079308560959704	0.0841965516937604	-0.0682618504	-0.0335744273	-0.0326282612	0.1468959909	0.1377565352	-0.0090555226	-0.0079541136	-0.068152955	-0.0709727609	-0.1987459355	-0.0683699922	-0.01337267	-0.0158746392	0.0855383037	-0.262029717	-0.0213852797	0.0673585524	-0.0601566768	0.1591955368	-0.037293154	0.0325550302	0.0250070474	0.0889271185	0.2365579351	-0.0052496927	-0.1800987414	-0.0988125732	0.0064432018	-0.1900016784	0.1174531223	0.1349890268	-0.0326971473	-0.0839196422	0.0778382517	-0.1792710291	0.0593893771	-0.0133039431	-0.0756428939	0.0007347511	-0.1938595948	-0.0342269446	0.0180849149	-0.0849574309	0.0052085449	-0.0298643864	-0.1819750975	-0.0494739648	0.2754847686	-0.0249753633	0.0731688091	0.0708304072	0.1056255202	0.0640320059	0.06850199	0.1336404891	-0.1721853043	0.0268296922	0.0387491696	-0.2311871508	0.1723903665	0.1662697315	0.0206306407	0.0947008831	-0.2055905719	-0.0267726462	0.1566011852	0.0232774081	-0.0074768323	-0.0641376924	-0.0050248361	0.1427105593	0.0126488835	-0.329940852	0.0091342457	0.1217990011	0.0096552762	0.0167808444	0.0136933765	-0.0048032249	0.109639391	0.1060020488	-0.0387806783	0.1009476904	0.1285917524	0.088301985	-0.0638315812	0.1921082116	-0.0166711928	-0.1349298885	-0.0799246852	-0.0301376669	0.1172407796	0.0041165425485445	0.0164363056378391	0.0002701521430204	1.6945922553977244e-05	0.0188439948892806	0.0017523087726231	0.0003550961433872	3.0705860346122225e-06	0.1526721305362457	0.0796889209705682	0.0233087794424764	0.0063503241254534	-0.0006980478114264	-0.0002010004724421	4.872707470371868e-07	4.0401189921987584e-08	-0.0004339229709602	2.223033889999296e-08	4.941879676085401e-16	1.8828914472692653e-07	-0.0002201512894931	-4.3711517700009484e-08	4.846659026547473e-08	1.9106967796382417e-15	0.0	0.0	0.0	0.0	0.0
895.1470821273714	-0.590248316440011	0.3483930750602673	801288.298641147	813.2969121596392	-1.119056163114692	1.252286696204976	661451.8673284039	855.3552449277626	-1.4275240716896178	731632.5950254326	2.0378249752533053	852.0905296547899	671.4287430307139	1.089693	14.808902	0.090711655140468	0.059922959086996	-0.111326302	-0.0573056009	-0.0059253409	0.0227147958	0.1123426335	-0.0817909879	-0.1165606493	-0.0093917029	-0.0982071767	-0.1087134788	-0.1026148965	-0.0747568104	-0.0192592726	0.0210223262	-0.1759420676	-0.0508015067	-0.0061739909	0.0658314977	0.0495191058	0.1408688255	0.0729039872	-0.0059456692	-0.0196502725	0.1462375353	-0.0601448357	-0.0815562771	0.0400288144	0.1260537236	0.0179605418	0.1945735271	-0.0190726165	0.0712123602	0.0757450473	-0.0604932795	-0.1561470538	-0.2665082671	0.0406241808	0.0632385441	0.0449248906	-0.0956870534	-0.1311263936	-0.004024892	-0.0517261493	-0.0886913124	-0.0085491248	-0.1521917559	-0.021669353	0.0396828439	-0.0828159441	-0.0441293787	-0.0809402498	0.1630615489	-0.1028154605	-0.1478458364	0.0788763113	-0.0713355195	-0.0184145215	-0.0313026896	-0.0884854299	0.0879906417	0.1361539361	0.0900256174	-0.0620771968	-0.1987144412	-0.1718044423	0.1630811201	0.0279498022	-0.0217794692	-0.0591426521	-0.0093030155	0.1206213907	0.0298700547	-0.0623646932	0.0655494284	0.0961153282	-0.0609180402	0.0287252532	0.0966163243	0.0133206312	0.1265932025	0.1078218244	-0.0661600375	0.0958809321	0.0284069521	-0.0088070319	-0.1082343351	-0.0467034928	0.1536419079	0.150769991	-0.0825512202	-0.0235265052	0.1126387502	0.0097181735000901	0.0056016309515456	3.1378269317313666e-05	9.444289617785346e-05	-0.03723907561087	-0.0560830705001506	0.001386748752352	0.0031453107967248	0.1630948642221881	0.0104227336859424	0.0265999347356539	0.000108633377488	-0.0007220092776831	-2.3961466256699997e-05	5.212973970604718e-07	5.741518651709723e-10	-8.592053241041064e-05	0.0003480024385497	1.211056972365999e-07	7.382337889688426e-09	-0.000220030794243	1.204952501000095e-07	4.84135504152054e-08	1.4519105296663833e-14	0.0	0.0	0.0	0.0	0.0
896.7054309145291	1.5583487871576835	2.4284509424358234	804080.6298316113	821.3616274665384	8.064715306899188	65.03963298133407	674634.9230744806	855.6850409951467	0.3297960673841089	732196.8893828659	0.1087654460620237	852.8225945778263	674.4424716355144	1.275958	17.340227	0.093042314954444	0.0499420176970251	-0.0921202228	0.0170542724	-0.1523102705	0.0570726922	0.1906982946	-0.074292956	-0.0384530966	-0.0708509453	-0.1464445613	-0.144047415	-0.0438673175	-0.0620848879	-0.1706402127	-0.0013975757	0.0042350205	0.1132283421	-0.0608464208	-0.0069379918	-0.082663643	0.1219354049	-0.1251037495	-0.0773439312	0.1259280222	0.0575079008	-0.0426351131	-0.1084288975	0.1391073071	0.0987698499	-0.1005819264	-0.0046079647	-0.102414488	0.0572885134	-0.0289965621	-0.1400950576	0.1432141478	-0.0142742777	0.0512092518	-0.0329369948	-0.0766350576	-0.1391777841	-0.0449789072	-0.0618768284	-0.1401960479	-0.0983495219	0.1618739352	0.0974409002	0.0062775023	0.0366344885	-0.0869987523	0.1350290544	-0.0127311889	0.1265041412	-0.0990629242	0.0579600337	0.1451425742	0.0652733563	-0.1963941025	-0.015291207	-0.0135784339	0.0469846365	-0.1033679907	-0.0189400242	-0.1145209164	-0.0162211697	0.0449519307	0.113865448	0.091022457	-0.1799096799	-0.0701817167	-0.0652028501	0.0932303743	0.1079549519	-0.0770802421	0.0507098812	0.0432023476	0.0131360193	0.1965027439	-0.0082376155	-0.0246387445	0.1631142478	0.0482186577	0.0635696776	0.1629969123	-0.0435659485	0.0492988895	-0.0484281497	-0.0590647624	-0.0448960844	-0.0815492684	-0.0851211787	-0.016850859	0.1073422654	0.0154455910980146	0.0057274175979245	3.280331234101525e-05	0.000238566284367	0.0060882052910073	0.0433272809018773	3.706624366544928e-05	0.0018772532703501	0.1802791211332959	0.0171842569111077	0.0325005615165935	0.0002952986855869	-0.0005340473843252	0.0001879618933578	2.852066087045879e-07	3.532967335468656e-08	-0.0004339410379432	-0.0003480205055327	1.211182722712983e-07	1.8830482441122173e-07	-0.000220115586223	-8.479197999999464e-08	4.8450871298294944e-08	7.189679872319492e-15	0.0	0.0	0.0	0.0	0.0
893.595676632153	-3.109754282376116	9.670571696756593	798513.2332956753	813.1045578900505	-8.25706957648788	68.17919799096173	661139.0220615745	853.6454160597815	-2.0396249353651683	728710.4963598774	4.160069876963367	850.447340622689	679.5728146096934	1.2554	17.060852	0.0846542410348623	0.0620679457989434	-0.1324844022	-0.0024847472	-0.0111867022	-0.0503863399	0.1152753343	-0.0832792087	-0.0661596371	-0.0073522638	0.017558216	0.020981982	-0.0571664571	-0.0887632544	0.0257835445	0.1547166771	0.0198420721	0.2010871045	-0.0971581723	0.0328013144	-0.004025308	0.1457318263	-0.1092646923	-0.0842672736	0.0411951657	0.2048524485	-0.0049586311	-0.096792976	-0.1047686101	-0.1322932183	-0.0990392664	0.0632727917	-0.1564324411	-0.0487888886	0.1277387524	0.0706390976	-0.0568517675	-0.0232727546	0.120042276	-0.1663355058	-0.1675887935	-0.0171492485	-0.0895942623	-0.0301620443	0.0705442199	0.06843141	0.2807028794	0.0611274785	0.1592169897	0.0665559068	-0.0001576732	0.0642100228	0.0189235483	0.0660749461	-0.1802682427	-0.0616500351	0.1757772231	0.0313588911	0.1141152076	0.0690938168	0.0190035683	0.0709750986	-0.0219854076	-0.1069348833	-0.0174466552	-0.0049720292	0.1064428328	0.0790804134	0.1133469913	-0.0328323298	-0.0849518851	0.0020510769	0.1848016544	0.1347281998	0.0494472725	0.1381569277	-0.0261755999	0.0068714232	-0.0227762111	0.1481012827	-0.1111398836	0.0862155404	0.0687492404	0.0498699146	0.102566548	-0.120773866	0.0375673951	0.0840233447	-0.0682447331	0.076408905	-0.0317617161	-0.0876327994	-0.0101290257	0.1013839798	0.0180164577661656	0.0025708666681509	6.609355425409822e-06	0.00032459275044	-0.053106284981311	-0.0591944902723183	0.0028202775045162	0.0035039876785995	0.1801443400389928	-0.000134781094303	0.0324519832480842	1.816594338153941e-08	-0.000301023035849	0.0002330243484761	9.061486811174837e-08	5.4300346982757484e-08	-0.0002119668366225	0.0002219742013207	4.9272546051962654e-08	4.4929939827749603e-08	-0.0002200320760181	8.351020490000838e-08	4.841411447683494e-08	6.973954322441385e-15	0.0	0.0	0.0	0.0	0.0
891.8532977742759	-1.7423788578770427	3.035884084376908	795402.3047508512	808.1117358936983	-4.992821996352177	24.928271487258137	653044.5776891265	854.1930418801963	0.5476258204148508	729645.7527965428	0.2998940391850384	850.6013057363072	665.1859239011571	1.093353	14.858636	0.0791282243939017	0.0439602659008178	-0.0409480061	-0.0863776972	0.0628096597	0.0291715756	-0.0596071205	-0.0996747852	-0.1226035105	-0.0979080762	0.0052894753	0.0085465045	-0.1208733282	-0.0681682235	-0.0101129481	-0.0313930223	-0.0023517519	0.1949554748	-0.1058827047	-0.0448985781	0.0976619444	0.1187164763	0.0501656716	0.1198721125	0.030792329	-0.1825850985	0.0995089353	-0.0905498842	0.0311952179	-0.1741087214	-0.1099539777	-0.1104154442	0.085773601	0.0732301237	-0.1170786374	-0.0361734273	0.107137205	-0.0297567642	0.0008352235	0.0183392719	-0.0456853118	0.0017051696	-0.1325704552	0.0271456541	0.0240248692	-0.09848651	0.1325360805	0.1065061544	0.1156835112	0.1450227414	-0.0369911181	0.0120376292	-0.0345920459	-0.0857175217	0.0041703846	-0.028854264	-0.1044308596	-0.1201125535	0.0141188542	-0.0618828598	-0.0073643749	0.0378452774	0.0465747671	0.0156428723	-0.0176010183	0.2833168758	0.1028400415	0.0891720682	0.1150015928	-0.0508663555	-0.1673485867	0.0536715267	0.0906545536	0.0533790355	-0.0147170518	0.086767609	0.0944032936	0.0797541075	-0.0732649969	0.0500094408	-0.1200550569	-0.0533685446	0.0172556862	0.0486329374	0.0724176763	-0.0686638085	0.0275903174	0.0951645541	-0.1403817055	-0.0132396287	0.0410704569	-0.090084361	-0.0033794295	0.0948006283	0.0097521137313094	-0.0082643440348562	6.829938232646324e-05	9.510372222839334e-05	-0.0158233201082111	0.0372829648730999	0.0002503774592469	0.0013900194697288	0.1869978625949784	0.0068535225559855	0.0349682006150904	4.697077142540328e-05	-0.0004889850091646	-0.0001879619733156	2.39106339187704e-07	3.5329703412694325e-08	0.0001340537119463	0.0003460205485688	1.197302200318533e-07	1.7970397686581576e-08	-0.0002194667393033	5.653367147999823e-07	4.8165649660422655e-08	3.196056011008365e-13	0.0	0.0	0.0	0.0	0.0
893.6331321906619	1.7798344163859383	3.1678105497518736	798580.1749488929	808.8075461892521	0.6958102955537697	0.4841519673986243	654169.6467726792	855.5100395232635	1.316997643067111	731897.4277250958	1.7344827918443264	851.7990556920616	663.2882498589115	0.984652	13.381397	0.0836020566556857	0.0405618948220884	-0.0645766049	-0.0477059029	0.0741404956	0.0270035497	-0.0025861231	-0.0183785926	-0.0964978007	-0.1066971383	0.0077218015	-0.0496900758	-0.1164268884	0.0248224116	-0.0332038004	0.0370422934	0.0380819712	0.0859834987	-0.0737281605	0.0805646158	0.1037295823	0.1078335977	0.1200384334	0.017745388	0.0179669129	-0.067988112	-0.0775073893	0.0905268659	0.109589251	0.0686062863	-0.0260779317	-0.2382058042	0.1493916985	0.0800761409	0.0318951666	0.1706008161	-0.0752415927	0.0619553075	0.0557548653	0.0310662861	-0.0029074641	-0.0515209761	-0.0878678342	0.100460544	-0.0292402334	-0.0073175423	0.0931382701	0.0578356745	0.0670455582	0.0906526414	-0.0404703711	-0.0991123351	-0.0331816215	0.0895009768	-0.0262701564	-0.0334828036	-0.0735931254	-0.1176385102	0.0801529813	-0.0808613592	0.0042156882	0.0110616272	-0.0540697099	0.0868610365	-0.0591921307	0.2296224671	-0.1556134803	0.032233613	0.1209997914	-0.0085197248	-0.1252038822	0.0258986672	0.084481643	-0.0215022198	0.011918433	0.156786039	0.0476561329	0.048719224	0.0069377007	-0.0007835114	-0.1405717727	-0.0114218388	-0.023702144	0.0900350803	-0.0222699597	-0.0198032231	0.0246500542	0.0396175093	-0.0697945869	-0.0456533535	-0.0911769258	-0.0924741833	0.0033794295	0.0876327994	0.0275329915298385	0.017780877798529	0.0003161596152862	0.0007580656225821	-0.0159912236753569	-0.0001679035671457	0.0002557192346352	2.8191607860284026e-08	0.1631448092861376	-0.0238530533088408	0.0266162287970102	0.0005689681521544	-0.0005959826244238	-0.0001069976152591	3.551952886150803e-07	1.1448489671155783e-08	-0.0002110492235762	-0.0003451029355225	1.1909603610624679e-07	4.454177477211686e-08	0.0001644371495384	0.0003839038888417	2.703957614831412e-08	1.4738219586778034e-07	0.0	0.0	0.0	0.0	0.0
894.5483830850701	0.9152508944082456	0.8376841997150936	800216.8096801133	813.1110042796415	4.303458090389427	18.51975153573821	661149.5052806472	856.7994938321694	1.289454308905988	734105.3726310618	1.6626924147562192	853.5637189994738	674.1891710309014	0.972176	13.211842	0.1059717843149691	0.0596019991055709	-0.108944951	-0.0359310371	0.0137940961	-0.0547442754	0.0741039542	-0.0425627239	-0.0640796276	-0.0458759304	-0.0321300514	-0.1427663921	-0.1004445883	0.0939247553	-0.1729218553	-0.0533333905	-0.0234423785	0.0300258566	-0.0341426431	0.0959096955	0.1380773673	0.0616743553	-0.0766187029	0.0111197902	0.1460741775	0.0002444268	-0.0293213729	0.1033498824	0.0926138876	-0.0873593169	-0.0743982567	0.1185133977	0.168998797	0.1185155016	-0.0597740402	-0.0033751864	0.0501576425	-0.0657100618	0.0194186819	0.0788492103	0.096251134	-0.118536061	-0.0804423744	0.0678583332	-0.2007718281	-0.0475170819	-0.00086724	0.0386043953	0.0967528649	0.0877941214	0.0355404389	-0.023097756	-0.0567836847	0.0160640716	-0.0144221145	0.0182325684	0.0404700812	-0.0247924489	-0.0172001172	-0.1239412171	-0.0493024209	0.0027496972	-0.002814556	0.1451946183	-0.2421830326	0.1111420705	0.0452423786	0.091781155	0.1041667606	-0.0671696853	-0.1149982889	-0.0279826282	0.0083136808	0.0182011325	-0.0248276661	0.1695269766	-0.0091657336	0.1074824471	-0.0521430341	0.0209678702	-0.0821869296	0.1027868273	-0.0209180978	0.1180404852	-0.0850403364	0.0441671038	-0.0033595613	-0.0443682123	0.0060029344	-0.1390372585	-0.0536795298	-0.0948006283	0.0101290257	0.0799246852	0.0275016050269698	-3.138650286869937e-05	9.851125623268741e-10	0.0007563382790594	0.0312808833673869	0.0472721070427438	0.000978493664244	0.0022346521042606	0.1629992893167156	-0.0001455199694219	0.0265687683177543	2.117606150057916e-08	4.3992861856848674e-05	0.0006399754862806	1.935371894355771e-09	4.095686230401527e-07	-6.500484176985566e-05	0.0001460443818063	2.132896145719728e-08	4.225629453523971e-09	-0.0002199983983733	-0.0003844355479117	4.8399295286817215e-08	1.4779069049816897e-07	0.0	0.0	0.0	0.0	0.0
892.4842207248511	-2.0641623602190293	4.260766249344994	796528.0842428447	816.120280456543	3.009276176901494	9.055743108866873	666052.3121724664	856.338765675556	-0.4607281566134134	733316.0815987348	0.2122704342963939	853.3644727564938	664.1337358778801	1.122737	15.257968	0.1061984608467848	0.0621124183862375	-0.0645327464	-0.0377313837	0.0945561839	-0.081981247	-0.0049406658	-0.0014936196	-0.1635908438	0.093980308	0.0883670955	-0.0257428315	-0.1424973629	0.119434153	-0.0098839564	-0.04386623	0.0628978181	-0.1062375146	-0.0715859324	0.1188747663	0.0941626967	-0.0521245891	-0.0277559877	-0.1107272312	0.0921185317	-0.0384289807	0.0533852427	-0.166526812	-0.0469879721	0.0333082333	0.0853981262	-0.0840863205	-0.0381419852	0.0679540938	0.1018760392	-0.0442316842	0.1107723697	0.1029239978	-0.0812779304	0.0976850734	0.1771024979	-0.0182438192	-0.0813737991	0.1380964337	-0.108105906	0.0890748246	-0.0674980057	0.0305579636	0.2037261169	-0.0094656811	0.078234517	0.0059866842	0.1339055404	-0.0116802512	0.0371142609	-0.09463653	0.078517119	-0.0187347936	-0.0253559008	-0.0298498395	-0.0200170828	-0.0220510097	-0.031716236	0.0608500642	-0.015366433	-0.0402478345	-0.0124645754	-0.0158263937	0.1269141769	0.0268557185	-0.083744251	0.0392067655	0.0624564442	-0.1262538553	0.0884990289	0.1037429302	-0.0772810522	0.126741338	-0.0446978292	-0.0175333638	-0.0391665372	-0.0672063732	0.0620094015	0.0610504891	0.0972889072	0.0703761354	0.096953079	0.0390300207	-0.0162237547	0.011261133	-0.0893780516	-0.0970621018	0.016850859	0.0717238087	0.0276229079399854	0.0001213029130156	1.4714396706070425e-08	0.0007630250430609	-0.0207478033973842	-0.0520286867647711	0.0004304713458165	0.0027069842464666	0.1631763299102004	0.0001770405934848	0.0266265146429625	3.1343371741452435e-08	-0.0004550000011338	-0.0004989928629906	2.07025001031758e-07	2.4899387731560425e-07	-1.5671402895378606e-06	6.34377014803178e-05	4.024341969105915e-09	2.455928687092809e-12	0.000294999648666	0.0005149980470393	8.702479271306342e-08	2.65222988454293e-07	0.0	0.0	0.0	0.0	0.0
893.2154017298066	0.7311810049554879	0.5346256620077172	797833.7538873397	809.9020642448874	-6.218216211655658	38.666212854897246	655941.3536681297	855.6224406831074	-0.7163249924486763	732089.7610005175	0.5131214948065962	852.5516027555497	657.6804797131082	1.011593	13.74752	0.0676499055187358	0.0336480690240272	-0.0035743487	-0.0548637067	0.0476683389	0.0934011552	0.0083708285	0.001334919	-0.0614330065	-0.0726132223	0.0541816108	-0.1034773592	-0.0397951308	-0.0060917173	-0.0169107982	-0.0799977037	0.056622236	0.0146371025	-0.1530745523	-0.1589526779	0.0589625603	-0.0725913071	0.0344242387	0.0405154134	0.0071817403	0.0272005304	-0.1751942326	-0.1274825242	0.0542164568	-0.0820950673	0.095292007	-0.1900289573	-0.1153485717	0.1041394376	-0.0439174405	0.1693005376	-0.0589897559	-0.0828969381	-0.0424139827	0.0770301327	-0.1412397913	-0.0989652236	-0.0349963462	0.066010791	-0.0304973452	-0.0503275453	-0.0078271387	0.1244919526	0.0499128078	0.0651569069	-0.0341798106	0.068342467	-0.046149832	0.0419949986	0.192123023	-0.0690641609	0.0616574002	-0.0416825247	-0.0883586721	-0.0004686994	0.1507438128	-0.0314451783	-0.019475108	0.0199735368	0.1654655565	0.0517493029	-0.0754839667	-0.0054736287	0.1376820754	-0.0872542777	-0.0998096034	0.0532699837	0.0779734696	-0.0263446321	0.0251632887	0.1019891911	0.1161877568	0.0467776267	-0.0185774386	-0.0143978968	0.0671789751	-0.1207697162	0.1015060823	-0.044094998	-0.0679298879	-0.0860551998	-0.0540951714	-0.0647131737	0.0086953766	-0.0150561285	0.1142143331	-0.0992570537	0.0235265052	0.063080731	0.0275953576449552	-2.7550295030199373e-05	7.590187562510281e-10	0.0007615037635529	-0.0295700757446724	-0.0088222723472882	0.0008743893795456	7.783248936972605e-05	0.1758996103535537	0.0127232804433533	0.030940672922532	0.0001618818652402	-0.0006440144748009	-0.0001890144736671	4.147546437530791e-07	3.572647125565086e-08	-0.0003579739515602	-0.0003564068112706	1.2702581512012137e-07	1.281453499956244e-07	-8.111511505752095e-05	-0.0003761147637235	6.579661890794862e-09	1.4146231549079998e-07	0.0	0.0	0.0	0.0	0.0
895.4195219578434	2.2041202280368	4.8581459796409945	801776.1203032128	808.5169886420755	-1.3850756028118667	1.918434425504656	653699.7209228501	856.2052180338968	0.5827773507894562	733087.3753884728	0.3396294405931769	852.9148733639023	671.1754266490107	1.228674	16.697649	0.0447380376043168	0.0241139183235921	-0.0672862436	0.0605439507	-0.1128003688	0.0020205769	0.1101317474	0.0498484166	0.0766116422	-0.014237859	0.1052510055	-0.1298521953	0.0596080661	0.0077164737	0.0185202117	0.1399235684	0.1433659928	-0.0408485243	0.018663053	-0.0508112536	-0.0902453228	0.0601927694	-0.0638383782	0.0187437387	0.0164775236	0.0226333948	-0.0669569638	-0.1290515911	0.0362738157	-0.04145919	0.135859747	-0.0337197512	-0.2891731104	0.0117912647	-0.1066016013	-0.0322639325	-0.0323705128	-0.1857747062	-0.0093465115	0.0098146563	0.1438966912	-0.1393833605	0.0542490784	-0.0202374115	-0.0127517493	0.1190271913	-0.0326610828	0.0764844588	-0.0723359169	-0.0158165531	-0.0262210304	0.0526156549	-0.0490658562	0.0291944535	0.0052163594	0.0050358881	0.0308631097	0.0055454056	-0.084647098	-0.0674863841	0.1888310298	-0.0506306246	0.1396878115	0.0205627286	0.1214672926	-0.0665196043	-0.1680321681	-0.0974194432	0.14522445	-0.1350473591	0.0572162443	-0.0157028885	0.0775067007	0.0372773914	-0.0627503839	0.0012113094	-0.0681575482	0.1175937695	0.0699854721	-0.0235929113	0.1384832854	0.016792906	0.0493588771	-0.0247436946	-0.085347577	-0.1564493399	0.0886056658	-0.2696007656	-0.0766994236	-0.0957851296	0.1296037846	-0.1013839798	0.0301376669	0.0540487397	0.0275804775466497	-1.4880098305500994e-05	2.2141732558137355e-10	0.0007606827417012	-0.0108800062847791	0.0186900694598933	0.0001183745367568	0.0003493186964156	0.1630218219692096	-0.012877788384344	0.0265761144381606	0.0001658374336719	-0.0007680392264797	-0.0001240247516787	5.898842534115359e-07	1.5382139028987995e-08	-0.0003579152976445	5.865391569995476e-08	3.440281826937399e-15	1.2810336028795105e-07	-0.0002201377026985	-0.0001390225876409	4.8460608149373175e-08	1.93272798743937e-08	0.0	0.0	0.0	0.0	0.0
893.5155175685053	-1.9040043893380696	3.625232714618636	798369.9801357139	814.737281889074	6.220293246998494	38.69204807865507	663796.8384999963	854.897509173672	-1.3077088602248068	730849.7511913487	1.710102463110463	851.9472007010747	671.5927867889404	1.090637	14.821726	0.0546880573360424	0.0339916401280262	-0.0845967764	-0.0111848671	-0.0468180405	-0.0824461647	0.0713066179	-0.0287301489	-0.0083942726	0.116655244	0.0669347378	0.0039645157	-0.0515592004	0.0279296646	-0.0053265408	0.0859648708	0.1593313484	0.0951076417	0.0395968815	0.1079524089	-0.0137215052	-0.0296458406	-0.1267523407	0.1742009036	-0.0375748811	0.0245029901	0.0437036654	0.0586261581	-0.0020217034	0.1047492658	0.0535958131	-0.1183825608	0.0042509304	0.0292288643	0.1392840886	0.0235484193	0.0275198837	-0.0142716958	0.0384005294	-0.1061097214	0.1607157483	-0.0046066119	-0.0318702532	-0.0131724317	-0.0436920272	0.1227096396	0.0627210518	0.0394492658	-0.0470388247	-0.0239891458	0.1277594075	0.0631316662	-0.1274517107	-0.1009354576	-0.1086423503	0.0249411186	0.0094766493	-0.054471646	0.0522899754	0.0255668251	-0.0135400931	-0.0122756083	-0.015273562	0.0682585782	0.1216441213	0.0728845457	-0.0883253233	-0.0059543468	0.1358243632	-0.0219726444	0.0168855291	0.0503992212	0.1220753337	0.0597880763	-0.0902082076	0.0395640079	-0.0983170171	0.0071592341	-0.0105599977	0.0410884048	0.1676311254	-0.0799282889	-0.0126061251	-0.0657456613	0.0128167871	-0.1130596626	-0.1813739448	-0.0312528068	-0.0528577454	-0.0665236638	0.0539547207	-0.1034414224	0.0366662233	0.0446835199	0.010765176017017	-0.0168153015296327	0.0002827543655324	0.0001158890146773	-0.0373018287793485	-0.0264218224945693	0.0013914264302838	0.0006981127039345	0.163169461255265	0.0001476392860553	0.0266242730863334	2.179735878694197e-08	-0.0005420389207899	0.0002260003056898	2.9380619165107945e-07	5.1076138171883073e-08	-0.0003579402202364	-2.4922591899956273e-08	6.211355870117659e-16	1.2812120126288253e-07	-0.0002200970504645	4.065223399999708e-08	4.8442711623172664e-08	1.6526041291905182e-15	0.0	0.0	0.0	0.0	0.0
889.8755233982392	-3.63999417026605	13.249557559570828	791878.4471432902	806.7446253608255	-7.992656528248517	63.88255837855364	650836.8905485786	853.6967515058005	-1.200757667871471	728798.1435315566	1.4418189769521346	850.0850145346138	660.7428931429766	1.262885	17.162577	0.0518070119531459	0.0318229402698855	-0.0032700041	-0.0600651418	0.1388469017	-0.121452329	-0.1054489971	0.0156808177	-0.1177038688	0.0831339785	0.1285280796	0.1190043783	-0.0759605163	0.0293447234	0.1281955064	0.0107988724	0.0090312702	0.0931493273	0.0014856626	0.0085322771	0.0360029257	0.0793974744	-0.0645276656	0.0070455051	0.1390719953	-0.0490562998	0.0057328217	-0.0094219293	-0.1143248885	0.0272820016	0.0512474957	-0.0401816293	0.0251326209	-0.0427958332	-0.058893995	0.0706114345	0.1132098785	0.000790637	-0.0645091887	0.1367329222	0.0358578124	0.1266825822	-0.066686706	0.0696346084	0.0726725997	0.1116244877	0.0406988016	0.0443619859	0.085382083	0.0743835509	0.0159469518	0.1540808027	0.0741896292	-0.0807999625	-0.0638154297	-0.0761122776	-0.0625794948	-0.07538596	-0.0365382955	-0.0552611701	-0.0269539094	0.0054190657	0.0360321563	-0.0344810023	0.1103401015	-0.0351017265	0.005187854	-0.0458431641	0.0646354313	0.0905350044	-0.0684498493	0.1059982464	0.1116521567	-0.0221437678	-0.0316140578	0.0300743903	-0.1457862492	0.1019069839	0.0942797701	-0.0928689964	-0.037346397	-0.097312917	-0.0042708916	0.1169217709	-0.1511533368	0.0128410839	0.0742837531	-0.0531592912	0.0782634249	0.0306262573	-0.020654108	-0.1054279714	0.0430942802	0.0350428114	0.02759054777664	0.016825371759623	0.0002830931348495	0.000761238326615	-0.0110881731087602	0.0262136556705882	0.0001229475828898	0.0006871557436161	0.1701369659129596	0.0069675046576946	0.0289465871700675	4.854612115499604e-05	-0.0005060392890455	3.599963174439995e-05	2.560757620576751e-07	1.2959734857324082e-09	-0.0003579437483958	-3.528159399997146e-09	1.2447908751788221e-17	1.2812372701563578e-07	-0.0002200906130635	6.437401000008568e-09	4.843987795866728e-08	4.1440131634911314e-17	0.0	0.0	0.0	0.0	0.0
889.3599268564838	-0.5155965417554853	0.2658397938702159	790961.0794981702	799.5219114864574	-7.222713874368082	52.1675957109892	639235.2869469586	854.8842892628041	1.1875377570036107	730827.1480283698	1.410245924309167	850.8153413383706	647.6797503872194	1.132927	15.396451	0.0496085865735544	0.0277235864453923	0.0392481577	-0.1179480786	0.1015964993	0.0302286242	-0.0978230809	-0.024301509	-0.0267294762	-0.0598760486	-0.0111295556	0.0087568439	-0.0558726859	-0.0210969879	-0.0502830134	0.0079659855	-0.1301931442	-0.0161844697	-0.0616156871	0.0005857668	0.1783027025	0.059729249	0.1481525572	-0.2276792717	0.166237635	0.0395848761	0.0888227363	-0.055272638	-0.0250624661	0.1053084143	-0.0611294461	-0.0665863851	-0.1159261153	0.1530302228	-0.1423570154	-0.0878381038	-0.0127675333	0.070236881	-0.0540545282	-0.0275637611	0.094333757	0.0320069089	-0.0534681007	0.0226993348	-0.006234264	-0.0489086351	0.0026391754	-0.0327557034	0.0873626905	0.2045149384	-0.0275805353	-0.0471015316	0.122873861	0.131978179	0.0955947481	-0.0905619893	-0.0079774299	0.0322213864	-0.0813273508	-0.1439061092	-0.2021736483	-0.0752499556	-0.0104203027	-0.0012047804	0.0274930368	-0.0911237614	-0.0255693469	0.1081374239	-0.0170945528	0.0550682113	-0.0619898689	0.1298423657	0.1363386406	0.0056453783	-0.0441086183	-0.0044645031	0.0330074173	0.0493305664	-0.0191664747	-0.0531105527	-0.0254869463	-0.1603408769	0.009205185	-0.136092787	-0.0694938712	-0.0624488949	-0.0081262935	0.0578197619	0.061298213	-0.0769204323	0.0004530699	-0.1073422654	0.0494042187	0.0251860523	0.0321379696426475	0.0045474218660075	2.0679045627443145e-05	0.0010328490927517	-0.0325353744438103	-0.02144720133505	0.0010585505901989	0.0004599824451061	0.1716937255028909	0.0015567595899312	0.029478735377062	2.423500420843036e-06	-0.0003349907266648	0.0001710485623806	1.1221878695141076e-07	2.925761069250421e-08	-0.0003580086050445	-6.485664870003321e-08	4.20638488059952e-15	1.281701612859088e-07	4.994004355841176e-05	0.0002700306566219	2.4940079506160638e-09	7.291655551566082e-08	0.0	0.0	0.0	0.0	0.0
889.76268764923	0.4027607927462213	0.1622162561735646	791677.6403327811	801.8031407973345	2.281229310877165	5.204007168805108	642888.2765924702	854.2866501314455	-0.5976391313586191	729805.6805928068	0.3571725313310848	850.0866264911145	646.8531519157299	0.952123	12.939327	0.0821119467264425	0.0413408814331361	0.0372289954	-0.124614525	0.0749530475	-0.0379130102	-0.0474095398	-0.0436938461	-0.0587664132	-0.0042500942	0.0357179375	0.0946521169	-0.0828487751	0.0037961829	0.0378427397	0.0695622146	-0.0798607301	-0.0406671272	-0.0978423821	0.0935381732	0.0342947088	0.0834940715	0.0293308874	-0.1366555855	0.0919546239	-0.107241403	0.0537625656	-0.114652808	-0.0257643538	0.0943609778	0.1075465633	0.0946134783	0.0205742965	-0.0906602056	-0.1007482726	-0.0386298918	-0.0808553857	-0.0256481057	0.1138336411	0.0040856794	-0.0750080711	0.0880013468	-0.0707390923	0.0286419068	0.0626746601	0.0625874769	0.0627117703	-0.0803946207	0.1560726269	0.0592502736	-0.0487592566	-0.0774620526	0.0954875923	0.1123702679	-0.0799672337	-0.0171914828	-0.0554094829	-0.0034298601	-0.0444121734	-0.0684846367	-0.0487217128	-0.0272679594	0.161529364	-0.0173544238	-0.0316231611	-0.1148108563	0.0229764931	0.0971758031	-0.0049521255	0.0430404422	-0.0675617737	0.0979554973	0.0672636518	-0.026174819	0.0172029472	0.0112633625	0.0256384021	0.0688009768	-0.0781312346	0.0486509222	-0.0181339956	-0.1130286158	0.0892350867	-0.1645661127	-0.1495619265	-0.0447361044	0.0808930697	0.1184379964	0.0296785066	0.0389391002	-0.0126841988	-0.1091829923	0.0555787436	0.0151740128	0.0275594171186526	-0.0045785525239948	2.0963143214980062e-05	0.0007595214719198	-0.0043141514747873	0.0282212229690229	1.861190294740944e-05	0.0007964374258673	0.1714564745069253	-0.0002372509959655	0.0293973226503439	5.62880350866607e-08	-0.0006229927479728	-0.0002880020213079	3.881199640267007e-07	8.294516427749366e-08	6.606820312526906e-05	0.0004240768081697	1.798411392274591e-07	4.365007464201813e-09	-0.000219479531713	-0.0002694195752714	4.8171264840957775e-08	7.258690753942792e-08	0.0	0.0	0.0	0.0	0.0
890.9477978385726	1.1851101893425948	1.404486160883641	793787.978473402	805.531637618121	3.728496820786404	13.901688542614322	648881.2192037317	855.4678920680855	1.1812419366399354	731825.3143594135	1.395332512876865	852.0229009486325	649.9013470912325	1.027961	13.969967	0.0927044016253999	0.0433067855633085	0.0407282727	-0.1013880815	0.0457199368	0.0570876762	-0.0806237667	-0.0142771373	-0.0771508553	0.0131558923	0.0491941233	0.0719906846	-0.0714297208	0.0805692853	-0.0502182692	0.0112400934	0.0734340976	-0.0574009016	-0.0050234574	-0.1737082352	-0.0667879522	0.1124404394	0.177470788	-0.0006943956	0.0127004272	-0.0710315596	-0.186770236	-0.1635829082	-0.0467155629	-0.1256086884	0.1738673543	-0.0866971854	0.0445730413	0.0798994554	0.0193468838	0.0198379443	-0.0050717403	0.0955771872	-0.1045391692	0.0729313146	0.0132339628	0.0765409833	-0.0581011763	0.0561262539	-0.0421749967	0.0520724242	-0.0386138217	0.0681626128	-0.0270546781	0.0330923137	-0.2303471148	-0.1832325743	0.1431113208	0.0472250573	-0.000523877	0.0024461658	0.0272281519	0.0102273818	-0.0553754958	-0.0451860206	0.2935837029	-0.0367755259	0.1634158952	-0.006146724	0.1804997312	0.1842462758	-0.0494483747	0.0855434862	-0.0010402764	-0.007205533	-0.0184475843	0.0467296458	0.0433657611	-0.1185652514	0.1392352531	-0.0178418637	0.0115392306	0.132324201	0.0510990743	-0.0029957843	0.1294973599	-0.058755	-0.0419742945	-0.1240290349	-0.1923268208	-0.1038555525	0.0744450194	0.1341443633	0.0013692392	-0.0204847274	0.0707673368	-0.1109488906	0.0616009311	0.0050684204	0.0298037506534285	0.0022443335347758	5.037033015319678e-06	0.0008882635530117	-0.0366992697161094	-0.0323851182413221	0.0013468363976957	0.0010487958835044	0.1631518552622992	-0.0083046192446261	0.0266185278755302	6.896670079821434e-05	-0.0009159889157617	-0.0002929961677889	8.390356937982948e-07	8.584675433898128e-08	-0.0003580267305722	-0.0004240949336974	1.798565127878607e-07	1.281831398042187e-07	5.883597889414763e-05	0.0002783155106071	3.461672412432585e-09	7.74595234445173e-08	0.0	0.0	0.0	0.0	0.0
893.7347456893639	2.7869478507913072	7.767078323030287	798761.7956524319	815.8868268181296	10.35518920000868	107.22994336797645	665671.3141753566	856.0950942133233	0.6272021452377885	732898.8103361188	0.3933825309908839	853.4957403411371	656.1169226480567	1.30291	17.706509	0.1080894103237952	0.070060885905102	0.0494522498	0.0613754452	-0.0663153823	0.0265900562	0.0406287341	0.0631536439	0.0238183162	0.0484233756	-0.2915251495	-0.1017393461	0.0837883294	0.072463591	-0.2415143981	-0.1467270929	-0.1744575858	0.0356247352	0.112038477	0.0651504088	-0.0419666039	-0.0418294264	-0.085271754	0.0746304852	0.07489509	-0.0853125835	-0.0854834564	-0.0075916781	0.1654709189	-0.0256268477	0.0415625596	0.0796354606	-0.0418401008	0.0108230547	-0.0022387014	-0.0804234162	-0.079396888	0.0439808419	-0.0514073115	0.0302079596	-0.1245654625	-0.0617101219	0.0991658962	-0.0060033152	-0.2460167196	-0.2254099614	-0.037975367	-0.0798167629	0.0204159312	-0.0007597981	0.1033272439	0.0750325299	-0.0041726736	-0.0466147093	-0.0563093599	0.1022846912	0.0128856231	-0.050572925	-0.0124478787	-0.0367151383	0.1689909904	-0.091147858	0.0284915771	0.042400465	-0.0846811591	-0.015999252	-0.0101143956	0.0736797669	-0.1062226859	-0.1627257744	-0.0853279368	-0.1113205861	-0.0256618822	-0.0785761769	-0.0528037554	0.0115663454	-0.0611642569	0.0191476679	0.1178572583	-0.0036304311	0.1555503492	-0.1069830891	-0.1362656943	0.1305795122	-0.0567444132	-0.0019605784	-0.0237469779	0.0922790158	0.0592691469	-0.1448579272	0.0132529934	-0.1126387502	0.0674542747	-0.0050684204	0.0274869764099747	-0.0023167742434537	5.367442895130925e-06	0.0007555338721625	0.0306741822568028	0.0673734519729122	0.0009409054571235	0.0045391820307463	0.1631533955487611	1.5402864619040724e-06	0.0266190304790905	2.372482384724965e-12	-0.0005990199372842	0.0003169689784775	3.5882488526396693e-07	1.0046933331706988e-07	-0.0001859342266474	0.0001720925039248	2.9615829907107314e-08	3.457153663896671e-08	-0.0002200554151229	-0.000278891394017	4.842438572491186e-08	7.778040965677213e-08	0.0	0.0	0.0	0.0	0.0
890.7556982698079	-2.979047419555968	8.874723527963074	793445.7140001331	810.3756484985352	-5.511178319594478	30.37308647036821	656708.6916794213	855.305986276929	-0.7891079363942026	731548.3301611503	0.622691335280317	852.7552979231652	652.9290798643361	1.051386	14.288312	0.0633589892558154	0.0497845817611019	0.0563449573	0.0057266836	-0.1181238565	-0.1415388648	-0.00420083	-0.0129951936	0.0712835297	0.1266986121	-0.1234243753	-0.0033598216	0.0355791292	0.0536630617	-0.1452871038	-0.0480579591	-0.0287175822	-0.0021589456	-2.11235e-05	0.2010623191	-0.2431634183	0.0118681855	-0.1210992416	-0.0339565067	-0.0416506702	-0.1119270007	-0.0311146625	0.0400751442	-0.0448844173	-0.2085629804	-0.1204182858	-0.0929960209	-0.0917898804	0.0006205087	-0.0498517465	0.0291739417	0.0042736723	0.095265982	0.053459606	-0.052416668	0.1455961283	0.0181582453	0.0564197284	-0.0599053559	-0.1844016652	-0.0347730402	-0.0016273954	0.0035970722	0.1067691981	-0.0884867894	0.0167652305	0.1056229591	0.1417456266	-0.1102130221	-0.1525016051	0.0488923355	-0.1209909283	0.036251364	0.1696604642	-0.0102128532	0.1125643019	0.0030460642	-0.1090468926	0.1164643342	-0.0180995084	-0.0522207303	0.1014419507	0.0617308309	-0.0808711927	-0.1300059937	-0.0050706614	-0.0382881737	0.0042484217	-0.032111838	0.096325967	0.0360011383	-0.1238473168	0.0493839582	0.1964657862	-0.0507990323	0.0570589684	-0.0106630387	-0.0349573111	0.0508695493	-0.0052513763	0.0197855167	-0.0052255645	0.2102594615	0.0173155355	-0.0471917448	0.0899625231	-0.1142514127	0.0731227308	-0.0151740128	0.0274407809500161	-4.619545995860133e-05	2.1340205207867392e-09	0.0007529964591467	-0.018414276489878	-0.0490884587466808	0.0003390855786456	0.0024096767821245	0.1631766089732025	2.321342444139285e-05	0.0266266057159934	5.388630742962549e-10	-0.0005400036050951	5.901633218910007e-05	2.9160389351570466e-07	3.482927465054209e-09	-5.996732599000687e-05	0.0001259669006573	1.5867660061229548e-08	3.596080186391753e-09	-0.0001210162154747	9.903919964820002e-05	1.4644924407819018e-08	9.80876306695602e-09	0.0	0.0	0.0	0.0	0.0
892.3689639914409	1.6132657216329562	2.602626288595903	796322.3678951574	805.0290678136489	-5.3465806848862485	28.585925019998704	648071.8000249126	855.4202156116891	0.1142293347600116	731743.7452771486	0.0130483409197148	852.0972462132524	645.2015444213066	1.022742	13.899039	0.0415914229547534	0.0200383137592007	0.0874964818	0.0157388061	-0.0799024604	0.0615378605	0.0154305376	-0.0050440249	0.0792414965	-0.0790834373	-0.1047273689	-0.0964536435	0.0674167559	-0.0671124715	-0.0824833648	-0.1405664151	-0.0125934994	0.0278152277	-0.0085725738	-0.0174162803	-0.0420314762	0.0352025543	0.0163008754	0.0200496604	-0.0859761479	-0.0620024309	0.0850171329	0.0833994424	-0.0895818852	-0.0063059173	0.0386553741	0.0451638064	0.0191182957	-0.0978206331	0.1644596066	0.1799744994	0.0408937478	0.0359698361	-0.052254199	0.101181224	0.0629310487	-0.0782155849	0.0416807552	-0.0655806807	-0.0306638656	-0.1453393815	-0.0235541032	0.0678943218	0.088646402	-0.0550122129	-0.0080010416	-0.1008705161	-0.0392799611	-0.1347406279	-0.0776005282	-0.0517803574	0.0344205367	0.0667679654	0.0187170281	0.0108299914	0.0527284031	-0.0865328066	0.0944101251	-0.1130146503	0.0559318512	-0.0159406869	0.1741269864	-0.0218890518	-0.0490325783	-0.1610775172	-0.0481614921	-0.0159685793	0.0062418269	0.0242156955	0.1260755552	0.0379964841	0.0587458149	0.0376591803	0.0453263552	-0.0032651077	0.1031031122	-0.0865234294	-0.0533491358	0.0453592922	-0.0638223415	0.0935069509	0.0041267495	0.0076199925	-0.034850382	-0.0303788964	0.0671252052	-0.1157857731	0.0785907625	-0.0251860523	0.0274632536776522	2.2472727636103224e-05	5.050234874064776e-10	0.000754230302563	-0.0285935949681572	-0.0101793184782792	0.000817593673203	0.0001036185246822	0.1787163658680839	0.0155397568948814	0.0319395394290948	0.000241484044352	-0.0003929983529324	0.0001470052521626	1.544477054075792e-07	2.1610544163419007e-08	1.1043211416428278e-05	7.101053740643515e-05	5.042496422750725e-09	1.2195251838793186e-10	-0.0002199979229847	-9.898170751e-05	4.8399086117581993e-08	9.797378421595193e-09	0.0	0.0	0.0	0.0	0.0
894.5945381177049	2.225574126264064	4.953180191496052	800299.3876300298	807.4441523383646	2.4150845247156667	5.832633261521098	651966.0591454201	855.4287762923134	0.0085606806243276	731758.3913089647	7.328525275173949e-05	851.5335474785863	665.7901983641196	1.181274	16.053478	0.0488529771009943	0.0319013845642872	0.0288628605	0.207590728	0.0186932622	0.0520025779	0.0847314862	0.1535753259	0.0289806405	-0.065811374	-0.0399544005	-0.0882678222	0.0994537958	0.0205151497	0.0901404443	0.0015416622	0.0497115323	0.0557997531	-0.0678991976	0.0664564166	-0.026953348	-0.049585151	0.1047647905	0.0229030633	-0.0628339883	0.0174241539	0.0031977089	-0.0418934614	0.1023384024	0.1343973667	0.0439092561	0.132859079	0.1118436323	-0.1918090293	0.0242320974	-0.1769370547	0.0321655738	-0.122143468	-0.0932343218	0.167402129	0.044407693	-0.0937110393	0.1226411311	0.050913494	0.1160242115	-0.0223257979	0.0543342328	-0.0349414311	-0.0245215268	-0.1940864924	0.0725776949	-0.1371981234	-0.1037043221	0.038998266	-0.0083904533	0.0011924695	-0.0223898949	-0.0169606318	-0.0195981237	-0.0191396657	-0.0526080822	0.0239387993	0.2641962193	-0.0684218353	0.0164302015	-0.0177597549	0.0143771536	-0.172190133	-0.0537127049	-0.0570408335	-0.0338834035	-0.0439439998	0.0203283783	0.0715847306	0.1486040689	0.0560482428	0.0391016223	-0.0104046314	-0.081073653	0.1448470589	0.1508794669	-0.0117549842	-0.0634962449	-0.0240090317	-0.0626303935	0.19060484	0.0522319595	-0.0338940524	0.0686454371	-0.023018806	-0.0447404378	-0.1172407796	0.0838433825	-0.0350428114	0.0275124893063463	4.923562869409842e-05	2.4241471329031277e-09	0.0007569370678318	-0.0444920978483764	-0.0158985028802191	0.0019795467709494	0.0002527623938323	0.1521378606794314	-0.0265785051886524	0.023145928652114	0.0007064169380632	-0.0003849856541896	8.012698742799953e-06	1.4821395393179428e-07	6.420334114286794e-11	0.0001290423090991	0.0001179990976826	1.3923787053924704e-08	1.6651917537627666e-08	-0.0002194750513416	5.228716430999891e-07	4.816929816139796e-08	2.733947551580824e-13	0.0	0.0	0.0	0.0	0.0
892.012001709965	-2.5825364077398945	6.669494297302078	795685.4111946187	809.5741218118106	2.1299694734460672	4.536769957812117	655410.2587073644	855.3244368926881	-0.1043393996252461	731579.892345794	0.0108867103141568	852.0415707807325	665.6790938308274	1.140339	15.497171	0.0787591622346719	0.0458218629646799	0.0552258549	0.1412892312	0.0022541077	-0.1521687357	0.0231587033	0.1565571803	0.0453147891	0.1430285222	0.033281775	0.0049551746	0.0905000989	0.1388030462	0.0001657752	0.0027925072	0.1250204046	0.0778004311	-0.0120132476	0.0429865457	-0.0912343541	0.0646711309	-0.0334018635	-0.0337468368	-0.1577317701	-0.03404996	0.0254404341	0.0332130486	0.022522657	-0.0420065904	-0.0570173856	0.1708558754	-0.0476262612	0.0293474636	-0.1275727612	0.0844491799	-0.043651545	-0.0432493319	0.1307765693	0.0469313697	0.0313312122	0.0257482545	0.1395995493	0.0514344236	-0.056537361	0.0711062209	0.0459818422	0.0753494763	-0.1069786917	-0.090928625	0.0621740157	0.0240668432	-0.0626204885	0.0021275931	-0.0124470485	-0.0223117159	-0.14605228	0.0316257468	-0.0252517927	-0.0302274637	-0.0071524986	0.0783296803	0.2016302466	-0.0800078277	-0.1188151037	-0.0002591987	-0.0028135355	-0.149448293	-0.0501470702	-0.0633161014	0.0009022723	4.7438e-05	0.0077183648	0.0390733149	-0.0330234066	0.031416838	-0.1507773738	-0.0439420676	-0.0513116473	0.0434632286	0.1142592216	-0.1239177468	-0.0581949246	-0.0357953262	-0.0559403791	0.1005914592	-0.0116686846	-0.0142217158	-0.2189922994	0.1068932915	0.0122913086	-0.1186154352	0.0888661936	-0.0446835199	0.0275657720975885	5.328279124219848e-05	2.839055842559703e-09	0.0007598717913361	-0.0100470077082661	0.0344450901401102	0.0001009423638899	0.0011864642347603	0.1631657235856209	0.0110278629061894	0.0266230533532192	0.0001216137602777	-0.0005660389021715	-0.0001810532479818	3.204000387715169e-07	3.2780278604795364e-08	-0.0003539376015095	-0.0004829799106086	2.3326959405149127e-07	1.252718257622976e-07	-0.0002201004206937	-6.253693520999861e-07	4.8444195189543725e-08	3.9108682654595643e-13	0.0	0.0	0.0	0.0	0.0
890.606708529697	-1.4052931802680175	1.9748489225077996	793180.3092781007	803.3486333510455	-6.2254884607651775	38.756706575120376	645369.0267069925	855.4178737975354	0.0934369048472945	731739.7388122963	0.0087304551874423	852.1348547580559	649.3358518023422	1.009748	13.722441	0.0312356891720037	0.0196669277413414	0.1358280552	0.061016605	-0.0224039418	-0.0655000516	-0.0580938562	0.1124800958	0.0749870197	0.0484558761	0.0253799376	0.0273710941	0.0908481971	0.1374693325	0.0299992471	-0.0098031858	0.0196700479	0.0017174201	0.1253296394	0.1204697312	0.0622562316	0.0389511117	0.0623712861	0.1222344599	-0.0479857746	0.0113935035	0.1351347352	-0.0630721693	-0.0734312469	0.0610920325	-0.0014508839	0.0310532713	0.0799576005	-0.0874782693	-0.1614321933	0.0443379367	0.0343013494	-0.0053398019	-0.0917617331	0.0087489286	0.00738496	0.0412222372	0.1330421447	0.0341459786	-0.0224418975	0.0859362499	-0.053393801	0.0233310688	-0.0616703059	0.0600054698	0.0755928735	-0.0549229073	0.0048547329	-0.0420277971	-0.1373906373	-0.0588819845	-0.1831376755	-0.106594655	-0.0058483994	0.0733487504	-0.0283671374	0.1240780348	0.0015868129	0.0260807001	-0.0130368749	0.0112791853	0.1461239813	-0.1534540237	-0.0630523068	-0.0386820754	0.0156130185	0.0850085702	0.0193237998	-0.025111346	-0.0702283087	0.0609413304	-0.0573905614	-0.0295631783	0.0333191688	0.0463756552	0.007442482	-0.0223968303	-0.1123122196	-0.001521346	-0.0441816499	0.1437900122	-0.1009501981	0.0473519954	-0.0960985896	0.0649067043	-0.0101897496	-0.1199087977	0.0936454286	-0.0540487397	0.0276020139687886	3.6241871200101e-05	1.3134732280847104e-09	0.0007618711751332	-0.0150258690848943	-0.0049788613766282	0.0002257767417563	2.4789060607680058e-05	0.1630911942691995	-7.45293164214067e-05	0.0265987376481537	5.554619006242162e-09	-0.0009160151014908	-0.0003499761993193	8.390836661592006e-07	1.224833400899824e-07	-0.0003019545274032	5.19830741063e-05	2.702239993541077e-09	9.117653661928987e-08	-9.913856196421878e-05	0.0001209618587294	9.828454468333248e-09	1.4631771267290969e-08	0.0	0.0	0.0	0.0	0.0
890.2129070634701	-0.3938014662269324	0.1550795948024818	792479.0199023944	807.033793595258	3.6851602442125113	13.580406025524416	651303.5440047535	855.3296062424486	-0.0882675550868725	731588.7353148621	0.007791161281014	852.0150140620358	649.5771199551182	1.001873	13.615418	0.0261572355623404	0.0153239381922733	0.1132868413	0.0513304829	-0.0196196884	-0.0998232372	-0.0228948973	0.0326575031	0.078939509	0.0987207309	0.0253919997	0.0327064102	0.1278769583	0.1130009043	-0.038217311	0.0468287708	-0.071863107	-0.0626214261	0.0383946861	-0.0542858438	-0.0209396645	-0.0739342741	-0.0937617649	-0.0700159436	-0.0770796479	-0.0286010558	0.0244132128	0.0562333404	-0.1100586676	0.0253062006	-0.090088119	0.00355867	0.0842107752	-0.0838501737	-0.084495273	-0.0242645878	0.0305192975	-0.149039024	0.0930419174	0.0019926808	-0.0823812029	0.0508176957	0.1489519284	-0.0239617442	-0.0864304423	0.0593263917	-0.084756742	-0.0791617174	-0.0415267893	0.0322106319	0.0224657798	0.0805982177	0.0410156645	-0.0845878079	0.0809004017	-0.063307024	-0.0058405086	0.0764880403	-0.0552675018	0.0489890577	-0.042317723	0.0185422614	-0.0268113211	-0.0280712951	-0.0706433445	-0.0116561676	0.0883661119	-0.0688158381	-0.1269555741	-0.0188535154	0.0510084281	0.067811872	0.0222001511	-0.0260841461	-0.0725459471	0.0290792478	-0.0694593439	0.0361416194	0.0920259533	-0.0536397161	-0.0262106747	0.0134588045	-0.1125659599	0.0219785768	-0.0468449614	0.2217231538	0.0744175561	-0.0281969537	-0.0184037079	0.0465511759	-0.1225819068	-0.1211199807	0.098167988	-0.063080731	0.0275500274173055	-5.198655148309917e-05	2.7026015351049197e-09	0.0007590040106942	-0.0127995103103586	0.0022263587745357	0.0001638274641849	4.956673392952107e-06	0.1631199821197952	2.878785059570732e-05	0.0266081285667623	8.287403419207664e-10	-0.0007179886329398	0.000198026468551	5.155076770307628e-07	3.9214482246780195e-08	-0.0002250367005676	7.691782683560001e-05	5.916352085111349e-09	5.064151660235167e-08	0.0001029191903637	0.0002020577523279	1.0592359745119521e-08	4.0827335275810574e-08	0.0	0.0	0.0	0.0	0.0
889.3227300987409	-0.8901769647292213	0.7924150285345293	790894.9182702779	802.2291496276855	-4.804643967572474	23.084603655130564	643571.6085123594	854.6812637749068	-0.6483424675417382	730480.0626478719	0.4203479552181098	851.6263807043674	634.4489836001742	1.036909	14.091563	0.0598315186862578	0.0340168985371489	0.1189994871	-0.0372889725	-0.1137681808	-0.0778219748	-0.0231577636	-0.0616885804	0.1507838346	0.0944161438	0.0112695717	0.0041070938	0.1185996858	-0.0591696118	-0.0650238056	0.0596141825	0.0078627912	-0.1842348903	-0.0777807564	-0.0708766077	-0.0269126085	-0.0597748598	0.1396142462	-0.0994423266	-0.1164372425	-0.0283545822	-0.063328282	-0.0720526031	-0.1010100225	-0.1201027731	-0.1266039137	0.0956105442	-0.0630140548	0.0555302126	-0.0425797332	-0.0816536019	0.0256445154	-0.056872313	-0.0636627728	-0.0066163928	0.0877793881	-0.004178776	0.0713108114	-0.1560427256	-0.0231791212	0.0378365544	-0.1007401577	-0.0519166766	-0.0012520479	-0.0308095616	-0.0980229368	-0.077094883	0.1036346303	-0.0284952204	0.2010162928	-0.0888479259	0.0540258502	0.0502187796	0.0366858595	0.0460022581	0.0003293222	-0.0173241446	0.0801038196	0.0907266239	-0.1145292198	-0.0527605976	0.0540247068	0.0374720865	-0.096480708	-0.0377338257	0.145592912	0.0678655788	0.013227578	0.0100725275	0.0066951883	-0.0227879322	-0.0172384902	0.0420687536	0.124309562	-0.1372028914	-0.0565520512	-0.0136496505	0.0478449652	-0.0185442605	0.0460754229	0.0835378324	0.004460416	-0.0527753312	-0.0288801525	0.1196864649	-0.071160956	-0.1222481541	0.1024214758	-0.0717238087	0.0306528043784908	0.0031027769611852	9.627224870862282e-06	0.000939594416266	-0.0447688639556389	-0.0319693536452803	0.0020042511798785	0.0010220395724969	0.1564874460381702	-0.006632536081625	0.0244883207675492	4.39905348740576e-05	-0.0009159978568737	-0.0001980092239339	8.390520737972115e-07	3.9207652762905375e-08	-0.0003020069913193	-7.69702907517e-05	5.924425658401234e-09	9.120822280573575e-08	1.5361665085955253e-05	-8.755752527774475e-05	2.3598075421305655e-10	7.66632023276291e-09	0.0	0.0	0.0	0.0	0.0
890.5109504504203	1.1882203516794334	1.4118676041451963	793009.7528721109	802.0650779724122	-0.1640716552733465	0.0269195080641358	643308.3893028916	853.5707080686077	-1.1105557062991238	728582.9536727443	1.2333339767935458	849.6692384701331	649.6625963915949	1.154662	15.691821	0.0464856466215496	0.0247994009683753	0.0024232163	-0.0875608702	-0.0760421678	-0.0208703991	-0.0304135641	-0.1265433844	0.0510651801	-0.030212683	-0.0576461336	0.0431616177	0.0138139395	-0.1718220498	0.0006787426	-0.0135980492	-0.0360162513	-0.0958067932	-0.0096374998	0.1895841745	-0.0008277516	0.0276078085	0.1235714446	0.1183052116	-0.1600666997	-0.102567285	0.0807150955	0.0039850196	-0.0120556343	0.1053673246	-0.111916886	0.0101128089	-0.1706993196	-0.0181181835	0.0966016108	0.1061538948	0.0342203932	-0.0531159326	0.0390275014	0.0246034251	0.0220398487	0.0419226242	-0.0688065947	-0.1623673491	0.0889470917	-0.058591393	-0.0180848174	-0.0862571511	0.0569815122	-0.1308304555	0.0083688935	-0.1011610377	-0.0544313829	-0.0686288602	-0.0840165719	-0.0443319766	-0.1134155029	-0.1420444	-0.1033355869	-0.0032293074	0.0250565986	-0.0191382392	-0.0840419914	0.0115550772	-0.1009918661	-0.0153404656	-0.0013911505	0.1160234623	-0.0380861871	-0.0286617642	0.0385824063	0.0427542227	-0.0433796581	0.0172437149	0.0288010792	-0.0053273316	0.0382738644	-0.0457871806	0.0121537478	0.0904481769	0.0907188847	0.136580008	0.0086103694	-0.1006395513	0.0305860238	0.0904842974	-0.1187017964	-0.0323214435	-0.0138343623	-0.0607463183	-0.0187129365	-0.1232925447	0.1063942335	-0.0799246852	0.0275686321191699	-0.0030841722593209	9.512118525164592e-06	0.0007600294769221	-0.030577122996803	0.0141917409588359	0.0009349604507616	0.0002014055114427	0.1575228032679803	0.0010353572298101	0.0248134335494028	1.0719645933200487e-06	-0.0005880327602627	0.000327965096611	3.4578252714217e-07	1.075611045950626e-07	-0.0003019349625013	7.202881800001063e-08	5.188150622478656e-15	9.116472158066143e-08	-0.0002200887329567	-0.0002354503980426	4.843905037448561e-08	5.54368899384448e-08	0.0	0.0	0.0	0.0	0.0
889.8101047304461	-0.7008457199741542	0.4911847232060906	791762.0224804075	801.9560387555291	-0.1090392168830476	0.0118895508184682	643133.4880964597	854.2583118203739	0.6876037517662326	729757.2633141952	0.4727989194429988	850.4427546528937	651.9180212228194	1.144699	15.556426	0.0447073851573371	0.0302833437813291	-0.0032524142	-0.0974054971	0.1049080346	0.0223223588	-0.0785180336	-0.0544636163	-0.1127311637	-0.0497653098	-0.0429725189	0.0995921047	-0.1115620963	-0.05402376	0.06279372	-0.129583295	-0.0384850792	0.0480375811	-0.0517032916	0.0212736961	-0.075669981	0.084226445	0.0078028233	-0.1033638891	0.0427996575	0.0092671604	-0.0427697374	0.0849058627	-0.027128081	-0.0228197672	-0.0367195018	0.0240460324	-0.0423443107	-0.0013255784	0.0588165283	0.0348970652	0.1685933511	0.0061876443	0.0963406287	-0.1389008585	-0.0026837002	0.0799800145	-0.1120532538	0.0525886678	0.0566163005	-0.0997546736	0.0468404013	0.0094938591	0.0080255871	-0.0539453908	-0.0714750008	0.0565692522	0.0831671528	0.106878748	-0.0129388279	-0.0208552757	-0.1543599404	-0.0331558676	0.0482258548	-0.0001608673	-0.0068248862	-0.1077962458	-0.0414761154	-0.0844379259	-0.0615164517	0.0667794306	0.0551778142	0.0365800842	0.0346589514	0.0733847806	-0.0971145176	0.0258707861	-0.0710401897	-0.0297989331	0.1141060281	-0.0367160458	0.0426130214	-0.0368170942	0.0200825835	-0.0497872777	-0.069591359	-0.0831594501	-0.0790575059	-0.0596247993	0.0496098539	0.0295148423	0.0846357154	0.1552554834	-0.030920319	0.0916242548	-0.0977319033	-0.1242524367	0.1100753719	-0.0876327994	0.027570269539467	1.637420297101455e-06	2.6811452293598176e-12	0.0007601197624788	-0.0063187849266057	0.0242583380701973	3.9927042948699406e-05	0.0005884669659279	0.173319000435498	0.0157961971675177	0.0300394759119601	0.000249519844955	-0.0006810331724802	-9.300041221750004e-05	4.638061820184458e-07	8.649076672624929e-09	-0.0003019251286378	9.83386349998408e-09	9.670487133631913e-17	9.115878330295209e-08	-0.0002201027368622	-1.400390549997758e-08	4.844521477423085e-08	1.9610936925230226e-16	0.0	0.0	0.0	0.0	0.0
892.1405970217734	2.330492291327232	5.431194319935653	795914.8448543663	799.424337050494	-2.531701705035061	6.409513523277437	639079.2706686219	855.5231784805558	1.2648666601818377	731919.9089174729	1.5998876680395564	851.6872803030662	646.6373023848603	1.172546	15.93486	0.0638958719901945	0.048322397164768	0.0387006338	0.0501422934	0.1383165882	0.1486975646	-0.025845665	0.1109741699	-0.0395395678	-0.1305814204	-0.0279619233	-0.0169541359	0.0190211743	0.0530712088	0.0337079437	-0.1018688623	-0.0154562637	0.1200057641	0.0251755004	-0.0189448909	-0.0634230473	-0.0282788196	0.1477167788	-0.0035340734	0.1114402621	0.0608925562	0.1465731588	0.1995579086	0.2054529156	-0.1533423756	0.1671252266	0.0071756293	-0.0848789188	0.0999302288	0.0323595819	0.0520626579	-0.0619038892	0.0288627687	0.0612469996	0.0010658629	0.0559767992	-0.0221643642	0.0532849738	0.1548116077	0.0560050452	-0.1281816956	0.0514919101	0.0456357207	-0.0830877716	-0.0158218517	-0.0213173494	-0.1070968911	-0.0048587568	-0.0144504508	-0.0268246766	0.2424266738	0.1218449561	-0.0465526463	0.008842412	-0.1551378716	0.0333088273	-0.1091161614	-0.1605165615	-0.0952766739	-0.0478980683	0.0701300731	-0.0971338468	-0.1069112459	-0.0409606844	0.0342695964	-0.0984362042	0.0153057635	-0.0324609508	0.0202516869	0.1276876981	-0.1063248652	0.1243823893	-0.0452421371	0.0115977306	-0.0060262765	0.0436037738	0.1345407388	0.0503772904	-0.0251974328	0.0710389869	0.0079020235	0.0164421275	-0.0325478177	-0.0219584399	0.0610870136	-0.1007672164	-0.1251271724	0.1134548014	-0.0948006283	0.0275791473969064	8.877857439398146e-06	7.8816352714277e-11	0.0007606093711402	-0.0509930037215724	-0.0446742187949667	0.0026002864285482	0.0019957858249405	0.1565068327513046	-0.0168121676841934	0.0244943886978448	0.0002826489822414	-0.0006330330969548	4.800007552540004e-05	4.007309018401852e-07	2.3040072504441076e-09	-0.0003019300013296	-4.872691800018262e-09	2.374312537796521e-17	9.116172570289229e-08	-0.0002200955320075	7.204854699991141e-09	4.844204320966445e-08	5.190993124798445e-17	0.0	0.0	0.0	0.0	0.0
892.3063601567443	0.1657631349709163	0.0274774169153862	796210.6403761775	805.6308832505171	6.206546200023013	38.5212157330201	649041.1200470083	855.2363668419274	-0.2868116386283645	731429.2431689799	0.0822609160526875	851.8513173840964	664.3213439195052	1.158113	15.738723	0.0409101782534923	0.035196914404136	0.0093142616	0.0786276077	-0.026464744	-0.0590672453	0.0162106457	0.095883112	0.0670121683	0.0762784538	0.0739584993	0.0222053155	0.0741660568	0.07003747	-0.0521169312	0.0539983357	0.0299080778	0.0475820708	0.0247098264	-0.0522908841	0.0179948872	-0.0992761789	-0.0146135151	-0.0077994697	-0.03035797	0.0206381145	0.1121137662	-0.0426274087	-0.0059727036	0.0264419786	0.0374138558	0.0581975486	0.0012341771	0.0301478748	0.0671902338	0.1805203934	-0.0411194712	0.0315556906	0.0671635284	0.0682665079	-0.1583707157	0.018367955	0.0864942677	0.0196953328	-0.0597018401	0.0787394706	0.0732592933	0.0304915823	-0.0366458502	0.0484454064	0.0522924534	-0.0255158236	-0.0252300307	0.0277348744	0.0849257125	0.1173568967	-0.0417380874	0.0076221741	-0.0316302594	0.035344162	0.0524536496	0.0574828509	-0.0574274842	-0.1001965417	0.0139437459	-0.0901044965	-0.0780412193	-0.1110929536	0.0140475542	-0.0340822249	0.0685066235	-0.0197600621	-0.0562467729	0.0355044339	-0.0290469985	-0.0445261949	-0.0728366238	-0.0574430762	0.0342180982	0.0265636039	0.0255508384	0.1218115504	0.0078515668	-0.0888791292	0.0571647704	0.0924803723	0.1007272908	-0.0686550157	-0.0957558326	-0.0115743982	-0.097281041	-0.1259161521	0.1165232592	-0.1013839798	0.0235121173355139	-0.0040670300613924	1.6540733520270265e-05	0.0005528196615989	-0.0163047430513074	0.034688260670265	0.0002658446459691	0.0012032754283282	0.1555022482015147	-0.0010045845497898	0.0241809491957254	1.0091901176765422e-06	-0.0006560330305149	-2.2999933560100103e-05	4.303793371265638e-07	5.289969437690188e-10	-0.0003019277089262	2.292403400027017e-09	5.255113348455428e-18	9.116034141742417e-08	-0.0002200993654849	-3.8334773999918956e-09	4.844373068685558e-08	1.4695548976248624e-17	0.0	0.0	0.0	0.0	0.0
891.0624428781446	-1.2439172785997243	1.5473301959989445	793992.2771079666	803.4701994952034	-2.1606837553136984	4.668554290476506	645564.3614768619	854.440404889468	-0.7959619524593791	730068.405507678	0.6335554297629468	851.1321960251694	652.350823637368	1.130788	15.367371	0.0313522164375773	0.0181161193706143	-0.0294116622	-0.0634422294	-0.0871980148	0.055884314	-0.0050928094	-0.042501403	0.0541594771	0.0609699861	0.1162751931	0.0420469351	-0.0218314509	-0.0468747424	-0.0019803538	0.0777161194	0.1162272114	-0.061155606	0.1413144409	-0.1335611902	0.0859869685	0.0330559531	-0.0578048562	0.0123389638	0.0646065051	0.1142112613	0.0081521605	0.0163642857	0.120537158	0.0810171907	-0.0226973091	-0.0839627746	0.1928233401	0.0560413877	-0.0641131222	0.2242777716	0.0435156167	-0.0584700762	-0.0792009457	0.019087269	-0.0691866599	0.0358566477	-0.0304940066	-0.0591880638	0.020147485	0.1086751005	-0.0780820163	0.0542846911	-0.0937062438	0.1038670783	0.0314034622	0.0319705425	-0.1178297272	0.0773206554	-0.0124011817	0.0859825353	0.1150464124	0.0580851797	-0.0567257217	0.0133541416	-0.0769638405	0.0677899424	-0.0650359794	-0.0326194708	0.0277839851	0.1114169454	-0.0156241728	-0.0287464342	0.1258344666	0.0092729968	0.121475658	0.0480151081	-0.0632755254	-0.0019301375	-0.0762148863	-0.0549360284	-0.02292788	-0.0595920832	-0.0629545579	-0.0153894498	0.0168460964	0.0813925072	-0.0038554376	0.0858797567	0.0299064014	-0.1186655554	-0.1324299571	-0.0497855663	-0.0398209344	-0.0758406964	-0.0393152158	-0.1266188352	0.1192723348	-0.1073422654	0.027571380635905	0.004059263300391	1.647761854190203e-05	0.0007601810301699	-0.0177297660713833	-0.0014250230200759	0.0003143446049459	2.03069060774624e-06	0.1653159929109051	0.0098137447093903	0.0273293775121184	9.630958522108791e-05	-0.0003350332271166	0.0003209998033983	1.1224726327216329e-07	1.0304087378174729e-07	-0.0003019631333178	-3.54243915999964e-08	1.2548875202298954e-15	9.118173388310345e-08	-0.0002200508851204	4.8480364499991655e-08	4.8422392042271485e-08	2.3503457420520512e-15	0.0	0.0	0.0	0.0	0.0
892.6774082821805	1.6149654040359565	2.60811325623302	796872.9552573909	801.4369926003849	-2.033206894818477	4.133930277137393	642301.2531083494	854.8539847077736	0.4135798183056067	730775.3351707584	0.1710482661096987	851.028430827613	660.2133468959643	1.014871	13.792063	0.0488070031987031	0.0309593464167315	-0.0636462745	-0.0232219383	0.0187740016	0.0596739303	0.0076868365	-0.0337179259	-0.025266063	-0.0812054449	0.0380547814	-0.0190287586	-0.0410003087	-0.0660092362	0.133375413	0.0066818577	-0.0172526372	-0.0175171354	0.0146433067	-0.1110373587	0.0268023207	-0.0237868003	-0.0853297562	-0.0162110452	0.049199881	0.0517701346	-0.0662817927	0.0980189493	-0.1139135474	-0.0117548483	0.0607937829	-0.0644478141	0.0431346532	-0.2968346875	-0.030649139	-0.1511372924	0.0558491019	0.0114504324	0.0112636082	0.0259924913	0.0173153759	-0.0260670218	-0.0700779006	-0.0057744801	0.1317394687	0.0124199084	-0.0464476009	-0.017364505	-0.0996130613	0.037070406	-0.0207868234	0.0656625977	-0.0237817532	0.0230519541	0.0117035827	-0.1171870698	0.0399995062	0.1186789917	0.0806875465	0.161775682	-0.130917172	-0.1248813054	-0.0704849905	0.0110475337	0.0749825896	0.0059680728	0.113996506	0.0113600356	0.0015275356	0.1369518824	0.069026545	-0.0116919269	0.033012284	0.01278386	0.0064622526	-0.0573324838	0.0101683473	-0.0767700404	-0.0510337054	-0.0386829018	-0.1079918557	0.0339651184	0.0225534186	0.0028462802	0.0865449776	0.0050678609	-0.0236533742	-0.0219049253	0.1714061405	-0.0187597552	-0.003257756	-0.1272347401	0.1216944932	-0.1126387502	0.0213334106758225	-0.0062379699600824	3.891226922289166e-05	0.0004551144110632	-0.0417399578455786	-0.0240101917741953	0.0017422240809506	0.0005764893090336	0.1468071803192998	-0.0185088125916053	0.0215523481933034	0.0003425761435511	-0.0003340328830934	1.00034402319998e-06	1.1157796698768905e-07	1.000688164751922e-12	-0.0003019632805274	-1.4720960003289718e-10	2.1670666341845572e-20	9.118182278686929e-08	-0.0002200507988968	8.622360001008833e-11	4.8422354095119916e-08	7.434509198699707e-21	0.0	0.0	0.0	0.0	0.0
891.0779838198386	-1.5994244623419718	2.5581586107379053	794019.9732484284	805.8198003432329	4.382807742848058	19.20900371076889	649345.5506252078	854.0480665854358	-0.8059181223378573	729398.100038321	0.6495040199125776	850.9717413646118	660.7143824480582	1.150132	15.630263	0.0678650862363732	0.0381409072147857	0.0205369135	0.1118864545	0.1220481895	-0.0139763165	-0.0283598797	0.0627312946	-0.0693593165	-0.0124896154	-0.092949761	0.0644740679	0.0393795948	-0.0327827436	0.0803117272	-0.0509766246	-0.0756537009	0.0721757552	-0.1344075554	-0.2433944769	-0.1594053946	-0.1525902795	-0.1051031048	-0.0507645856	0.061440096	0.0407312026	-0.0536810333	-0.1104250822	0.0716983006	0.0367927697	-0.0831648832	0.0106231003	0.0208781912	-0.1354650839	0.0780634263	-0.0499756301	0.047586253	0.0423403282	0.055502108	0.1143326247	-0.0460551271	0.0413770871	0.0330708793	0.0476859085	0.0913793241	-0.1102625689	0.080291765	-0.0747419897	0.0009141588	-0.110518928	-0.0653910707	0.0989425883	0.0806124033	-0.0551959959	0.1082851427	0.0494744563	0.1770080947	0.1802165002	-0.067987309	0.1886700579	-0.0245894202	-0.005136299	0.0626833412	0.0023037729	0.0739641163	0.0354484879	0.0413445626	0.0348679566	-0.145020828	0.0570315035	-0.100481784	-0.0754610404	0.0239249532	0.0080241998	-0.0219217521	-0.1282615676	0.0263220412	-0.0810043568	-0.0852259444	-0.070651586	0.0222803498	0.0741830445	0.0725050686	0.0061352672	0.0938796203	-0.1187633483	0.000433529	-0.0883988885	0.0500005657	0.0691134171	0.0413722284	-0.1277634447	0.1237830955	-0.1172407796	0.0275665001055358	0.0062330894297133	3.885140383880368e-05	0.0007599119280685	-0.0127417279301482	0.0289982299154304	0.0001623516306459	0.0008408973382281	0.1651389948540043	0.0183318145347045	0.0272708876213908	0.0003360554241348	-0.0005390420244304	-0.0002050091413369	2.90566304102024e-07	4.2028748031734034e-08	-0.0003829407884214	-8.0977507894e-05	6.557356784722833e-09	1.4664364743680345e-07	-0.0002201031967963	-5.239789950000251e-08	4.844541723995076e-08	2.7455398720123637e-15	0.0	0.0	0.0	0.0	0.0
891.4391761996422	0.3611923798036969	0.130459935228258	794663.8048634968	804.0924315508674	-1.727368792365496	2.9838029448382324	646564.6384773864	853.846210924701	-0.2018556607347363	729053.351910469	0.0407457077706569	850.3939706499908	647.1650031338568	1.131671	15.379372	0.0289530357153006	0.0216614855085582	0.0570789671	0.0957678221	-0.0783491963	0.0448129503	0.0285694457	0.0470988935	0.0549085941	-0.0612146019	-0.1308135204	0.006985776	0.1549898903	-0.0933869364	0.0061562377	-0.0326567108	-0.003878381	0.0851380436	-0.0193446368	-0.0265541175	-0.0990355316	-0.0003612549	-0.060330218	0.0424857184	-0.0550159229	0.0728345985	0.004790675	-0.1160516995	0.0538020397	0.02089761	0.0272332392	-0.1350715902	0.0151645261	-0.0260249993	-0.0144442238	-0.0172210274	-0.0877887185	0.038025174	0.0323125959	-0.0153562433	-0.0267703456	-0.0086771703	0.1026706964	-0.0940235775	0.0417324069	-0.0994999797	0.0897456402	0.0521607191	0.0167679565	-0.0434204774	-0.0509425657	0.1041418301	0.0600706987	0.0158227009	-0.0251729985	0.0838479829	0.0035911794	-0.0113178012	-0.0147675792	0.0370827335	0.1222901635	0.1940710803	-0.1433772503	-0.0164481022	0.0347260097	-0.102025962	-0.0653949947	-0.0098286743	-0.1279719502	-0.0978201986	0.0281864176	-0.0958219942	-0.0808007531	0.0279547903	-0.0026845411	-0.1015185543	0.0307236309	0.0089658566	-0.0376473773	-0.0712366785	-0.0835631708	-0.0230229034	-0.1104467361	0.1286575331	0.0820849961	-0.1490215985	0.0016044956	0.0278433032	-0.0153050833	0.0551607427	-0.0443436541	-0.1282045865	0.1255324169	-0.1211199807	0.0275559546346215	-1.0545470914301304e-05	1.1120695680437475e-10	0.0007593306358253	0.0082777547807921	0.0210194827109403	6.852122421092645e-05	0.0004418186534355	0.1625165806189983	-0.002622414235006	0.0264116389760913	6.877056419962126e-06	-0.0005640328464538	-2.4990822023399995e-05	3.181330518787759e-07	6.245411854052542e-10	-0.000301937498716	8.100328970540003e-05	6.561532943096967e-09	9.116625313087449e-08	-0.0002200854425563	1.7754239999988233e-08	4.8437602025202425e-08	3.152130379771821e-16	0.0	0.0	0.0	0.0	0.0
891.6048604142603	0.1656842146180679	0.0274512589736059	794959.2271143326	801.8407524108886	-2.251679139978819	5.0700589494157535	642948.59222686	854.686785256722	0.8405743320209922	730489.5008924701	0.7065652076525372	851.1491059670557	658.7082806808361	1.160095	15.765654	0.0384682472828395	0.0241239759791865	-0.0588167384	-0.0248423741	-0.0941749818	-0.0018693485	0.0161360078	-0.0753602805	0.0892320158	-0.0333308319	0.0946008736	0.0233820795	-0.0027608481	-0.0347706541	-0.0173050959	0.0389097393	0.2040581606	-0.0254787239	-0.0421381067	0.0080294882	0.0821544331	-0.0341284562	-0.0941867208	-0.0599775507	-0.0497067206	-0.0518805787	-0.1583827287	0.1009158734	-0.004698485	0.0469278011	-0.1099162108	0.0623593449	0.0862966413	0.1504505062	0.1318684417	-0.2185136372	-0.1269536519	0.0533905389	-0.0511488607	-0.093677609	0.1343047172	0.0155792817	-0.0202144228	-0.0789352416	0.0088016793	0.0986105608	0.0301947132	0.1559801985	0.0258802556	-0.0564844063	0.0315603799	0.0130758168	-0.0656607068	-0.0337066772	0.0445232035	0.0337975058	0.0031271082	0.077321662	0.0056901733	0.0822200524	-0.1218006318	-0.0555562518	0.0065469632	0.2081716573	-0.1022698288	0.0020128037	-0.1728257424	-0.052377412	0.1332612395	-0.0357998579	0.0751697932	-0.0280904257	-0.0954922737	0.0109858159	0.0330342195	-0.0550659522	-0.0059159686	-0.0721850318	-0.0728608809	0.0437850717	-0.0240907893	0.1300209796	0.0327086244	0.0109994626	0.065672141	-0.0763797671	-0.0904174854	-0.0145571333	0.0138731864	-0.0042280815	0.0537416455	-0.1285578634	0.1269376627	-0.1242524367	0.0274826606699605	-7.329396466099897e-05	5.372005255727765e-09	0.0007552966375001	-0.0117683727037416	-0.0200461274845337	0.0001384945960941	0.0004018472271261	0.1674106189869064	0.0048940383679081	0.0280263153495791	2.395161154655668e-05	-0.0005450059012529	1.902694520089997e-05	2.9703143240048577e-07	3.620246436780506e-10	-5.194006968256559e-05	0.0002499974290334	6.249871452332708e-08	2.697770838629769e-09	-0.0002200140674759	7.137508040001394e-08	4.8406189887289876e-08	5.094402102108455e-15	0.0	0.0	0.0	0.0	0.0
892.8101461637947	1.2052857495343687	1.452713738030625	797109.9570930165	801.5758213716394	-0.264931039249177	0.070188455557649	642523.7974076185	855.6744375166387	0.987652259916672	732178.743019416	0.9754569865185092	851.8850271107696	654.014013559922	0.933217	12.682397	0.0440292253427165	0.0223309598943184	-0.0599910669	-0.0290910535	-0.0536730685	0.0958525076	0.0260849702	-0.0306001588	0.0517259594	-0.019440967	0.1528238599	-0.0288053373	-0.0266340833	0.0063413276	0.0202742723	0.0535892012	0.0210005843	-0.0752027569	0.1654317029	-0.0218818322	0.1577717562	0.058104346	-0.0651550064	0.1054144448	-0.0344291431	-0.0467528154	-0.0083536689	0.1327218377	0.0407114657	0.0068117193	0.0283842308	-0.0375775941	-0.0951056425	0.1208374296	0.1604327877	0.0392507079	-0.0072791155	-0.0215875921	0.0220204771	-0.2048726626	0.009220953	-0.0291449399	-0.0289533842	-0.0154894408	0.0323630567	0.0879841313	-0.1315122627	-0.0104947188	-0.1261176603	0.073479646	0.074668135	-0.0166901149	-0.2218565965	-0.0546772891	-0.0630467236	0.0144094863	0.0500164463	0.0427457479	-0.012699859	-0.0060292379	0.035270674	-0.0449752448	-0.0832265429	0.0329283969	0.0117584269	0.0248220166	-0.0615840803	-0.02975119	0.0994960426	0.0294303562	0.1163534096	-0.0233424024	-0.0533433665	-0.084085845	-0.1104676907	-0.0047493932	0.0043763795	-0.0383406644	-0.0836881214	0.0174989138	-0.0681301654	0.1186522759	-0.0461344333	0.1558286431	-0.0043781165	-0.0062748065	-0.0950008083	-0.0914830851	0.0638802763	-0.0775930205	0.0344471078	-0.1288230331	0.1279949812	-0.1266188352	0.0275696460985273	8.698542856680133e-05	7.566464782950098e-09	0.000760085385998	-0.0069227295450957	0.0048456431586459	4.792418435454092e-05	2.348025762093182e-05	0.1567694532839993	-0.0106411657029071	0.024576661482964	0.0001132344075167	-0.000864033190946	-0.000319027289693	7.465533550563268e-07	1.0177841156892513e-07	-0.0003019051668751	-0.0002499650971925	6.248254981447317e-08	9.114672978588197e-08	-0.0002201303016422	-1.1623416630002193e-07	4.845734970108597e-08	1.3510381415461151e-14	0.0	0.0	0.0	0.0	0.0
893.5883497432427	0.778203579448018	0.6056008110657076	798500.1387968519	808.5150599760168	6.939238604377351	48.15303240848093	653696.602208022	855.1454091803274	-0.5290283363112849	731273.6708421896	0.2798709806202859	851.633563032428	664.4202859298042	1.007306	13.689264	0.065489073584471	0.0342611219531613	-0.0867478433	0.0021461653	-0.0343058113	-0.0311480331	0.0733375782	-0.0429740179	-0.0263649913	-0.0029332845	-0.0002596851	0.0055828708	-0.0517082265	-0.0292401255	0.0417261018	0.065918771	0.0211874112	-0.0650974162	0.0659521129	0.0336109265	0.0517706605	-0.0685715561	0.0385535991	0.162723621	0.0289796205	0.0212045854	-0.0310088495	0.0812234793	-0.1635913889	-0.0066623144	-0.0695219919	-0.0139353423	-0.0630025592	0.0024430929	-0.01416918	-0.1771033672	-0.0484726532	0.1219623971	-0.0669793631	0.0471140697	-0.1903622111	-0.0148757502	-0.0554763912	-0.0317184358	0.0247054006	0.0621605272	-0.0407733962	-0.0338595046	-0.0514617539	-0.0487534753	-0.0105626518	-0.0249516665	-0.007910487	-0.0692380099	0.0266879321	-0.1012847203	0.0306655671	-0.1431988218	0.1468064849	0.0409621621	-0.0618175795	-0.0567230994	-0.0776682628	0.0455193731	0.0592504413	-0.0148235104	-0.0095429437	0.0541080348	0.0017258823	0.0927718018	0.1173042155	-0.0717517826	0.0128834346	-0.0344486822	0.0115813839	-0.0482103707	-0.0338040998	-0.0337495935	-0.0955071793	0.0376447328	-0.1322935504	-0.0095711743	0.0948935664	-0.0959156454	-0.0886630847	-0.0614213622	-0.0186380264	0.0330612809	0.1709233808	-0.0557041083	0.1086288007	-0.1289999139	0.1287014744	-0.1282045865	0.0275775643248152	7.918226287900731e-06	6.269830754640219e-11	0.0007605220540893	-0.0244810485334312	-0.0175583189883355	0.0005993217372962	0.0003082945656961	0.1467435048247267	-0.0100259484592725	0.0215336562082445	0.0001005196425079	-0.0006619710114677	0.0002020621794782	4.382056200235698e-07	4.082912437552072e-08	-0.0002250854170584	7.681974981669999e-05	5.901273961900378e-09	5.0663444972353865e-08	0.0002589255272743	0.0004790558289165	6.704242867427428e-08	2.294944872188749e-07	0.0	0.0	0.0	0.0	0.0
891.8476135252765	-1.7407362179661732	3.0301625805391765	795392.165750731	805.4300578846651	-3.085002091351725	9.51723790364452	648717.5781440949	854.5441203386099	-0.6012888417175191	730245.6536052886	0.3615482711739957	850.717523630383	662.0479578211688	1.017873	13.832862	0.0501000101950582	0.0278524093416158	-0.0709125342	-0.0309956161	0.0925144074	-0.0180280815	-0.0216054658	-0.0754296802	-0.0965178403	0.0423185745	-0.033202877	0.0508357046	-0.090165178	-0.0484396711	0.0538636249	0.0018454731	-0.0969688254	-0.0120355631	-0.0505974001	0.0449647199	0.0519720718	-0.0142329335	0.0501974173	0.0317823978	0.0437144716	-0.037157242	-0.0859127443	0.064438533	-0.0928054843	0.0922449314	0.1547467692	0.1512992368	0.1346859967	0.0015330635	-0.106724199	-0.041894271	-0.0195629471	0.1064413276	-0.0220778564	-0.0985768501	-0.0165281163	0.0449093774	-0.0966503643	0.0227988834	0.041439558	-0.0320636474	4.12431e-05	-0.1023642953	0.0443866327	0.0003061066	0.0014401944	0.0179206089	-0.0142550996	0.0803137053	0.0688919699	-0.0792935	-0.0508941714	-0.095715151	0.0852087771	-0.0063271465	-0.0760768888	-0.0582884914	0.0910150669	-0.0560039083	0.0580692311	-0.0382729921	-0.0037531675	0.0796778179	-0.020891591	0.136923203	-0.0200013974	-0.0819373969	-0.0252628405	-0.061000805	0.0397969888	-0.0619140828	0.0430840228	-0.0614963961	-0.1029031634	0.0096039564	-0.1267954893	-0.0875338249	0.0806495539	-0.0955271892	-0.0125720779	-0.0236463354	0.0360613869	0.0589146509	0.0821987123	0.0750587646	0.0978007457	-0.1290883846	0.1290552057	-0.1289999139	0.0212600923439651	-0.0063174719808501	3.991045222882609e-05	0.0004519915264739	-0.0018975261651519	0.0225835223682793	3.600605547436076e-06	0.0005100154825585	0.151194326248202	0.0044508214234753	0.0228597242896477	1.9809811343666733e-05	-0.000689000226434	-2.70292149663e-05	4.747213120261032e-07	7.305784616944556e-10	-0.0002740002186756	-4.891480161720003e-05	2.392657817250034e-09	7.507611983427664e-08	-9.43445912710071e-08	-0.0002590198718655	8.900901902093388e-15	6.709129402125683e-08	0.0	0.0	0.0	0.0	0.0
