#!ascii label  , from subject sub-v2s10x28973_ses-1 vox2ras=TkReg
6293
79862  33.590  14.443  55.532 0.2000000030
78986  35.057  13.514  55.934 0.3000000119
79861  34.378  14.116  55.159 0.2000000030
79880  33.863  14.781  54.652 0.2000000030
78984  37.029  13.643  56.417 0.2000000030
79859  36.088  13.865  55.354 0.3000000119
79860  35.184  14.057  54.965 0.2000000030
79878  35.675  14.541  54.492 0.3000000119
79840  38.816  13.587  57.199 0.3000000119
113657  37.971  14.172  56.222 0.3000000119
79877  36.604  14.594  54.676 0.4000000060
80791  36.186  15.247  54.061 0.2000000030
79838  40.424  14.168  57.284 0.4000000060
80774  39.366  15.434  55.742 0.4000000060
80775  38.450  15.052  55.358 0.3000000119
79876  37.537  14.734  54.952 0.4000000060
80790  37.895  15.580  54.538 0.3000000119
79836  42.395  14.971  57.097 0.5000000000
79837  41.723  14.745  57.167 0.5000000000
80757  39.930  14.745  56.800 0.5000000000
80772  43.950  15.713  56.673 0.4000000060
113211  42.759  15.583  57.239 0.5000000000
80755  41.461  15.226  57.120 0.5000000000
81647  39.752  16.541  55.135 0.5000000000
80789  38.796  16.195  54.695 0.5000000000
81660  38.031  16.568  54.122 0.4000000060
80771  45.383  16.486  56.367 0.4000000060
119619  44.675  16.538  57.028 0.4000000060
81627  42.762  16.276  57.264 0.5000000000
117602  41.887  16.126  56.984 0.5000000000
81630  41.060  15.953  56.563 0.5000000000
81659  38.601  17.257  54.085 0.4000000060
81644  46.786  17.324  56.257 0.4000000060
81645  45.266  17.151  57.204 0.4000000060
82549  43.941  17.468  57.319 0.5000000000
81628  42.336  17.138  56.554 0.5000000000
81629  41.495  16.963  56.054 0.5000000000
81646  40.629  16.805  55.573 0.5000000000
81658  39.269  17.486  54.344 0.5000000000
82564  47.164  18.286  56.781 0.5000000000
81625  45.731  17.955  57.425 0.4000000060
82565  42.765  18.156  56.117 0.5000000000
82567  41.078  17.941  55.139 0.5000000000
81657  40.165  17.904  54.583 0.5000000000
82581  39.539  18.549  53.806 0.5000000000
80814  53.438  15.312  52.449 0.8000000119
82589  52.152  17.558  53.865 0.8999999762
82559  51.225  17.806  55.191 0.8000000119
82561  49.652  18.711  55.885 0.6000000238
84267  47.177  19.246  56.883 0.6000000238
82547  46.016  18.633  57.362 0.5000000000
83442  44.522  18.306  57.114 0.5000000000
83459  43.153  18.617  55.638 0.5000000000
82579  41.565  18.727  54.716 0.5000000000
82582  38.815  18.368  53.609 0.4000000060
81699  53.410  15.986  51.950 0.8000000119
117921  52.645  16.868  53.471 0.8999999762
82571  51.638  17.849  54.614 0.8000000119
83468  49.082  19.126  55.417 0.8000000119
120342  47.953  19.388  56.233 0.6999999881
84268  46.424  19.194  57.088 0.5000000000
119385  44.197  18.707  56.205 0.5000000000
109278  42.550  18.797  54.866 0.5000000000
83475  41.267  19.083  54.067 0.5000000000
82580  40.779  18.819  54.292 0.5000000000
79040  52.386  14.342  49.788 0.6999999881
79901  53.447  15.085  50.827 0.8000000119
130597  50.261  18.815  54.694 0.8000000119
130001  48.322  19.333  55.779 0.6999999881
122495  45.178  18.692  55.347 0.6000000238
83472  44.304  18.703  55.479 0.5000000000
128650  42.178  18.831  54.323 0.5000000000
83476  40.497  18.885  53.650 0.5000000000
121744  53.511  15.847  51.060 0.8000000119
81687  52.835  16.789  52.375 0.8999999762
83493  50.223  18.618  53.859 0.8999999762
83482  49.713  18.803  54.576 0.8000000119
82574  46.986  18.689  54.861 0.6999999881
82576  44.596  18.203  54.760 0.5000000000
82598  42.281  18.416  53.886 0.5000000000
83483  41.677  19.016  53.980 0.5000000000
83484  40.688  18.657  53.377 0.5000000000
79913  53.343  15.148  49.809 0.6999999881
82614  51.742  18.139  52.556 0.8999999762
82616  50.256  18.240  52.864 0.8999999762
82592  48.795  18.401  54.068 0.8000000119
82593  47.259  17.835  54.120 0.8999999762
128288  45.440  17.961  54.560 0.5000000000
82618  41.102  17.683  53.129 0.5000000000
79923  53.353  15.124  48.923 0.6999999881
80834  53.511  15.720  50.214 0.8000000119
126100  51.727  18.161  51.524 0.8999999762
81667  48.241  17.509  53.383 0.8000000119
128614  45.597  17.243  53.998 0.5000000000
82595  44.921  17.317  54.152 0.6000000238
81673  42.760  17.126  53.597 0.5000000000
76375  52.289  10.222  45.163 0.6000000238
77254  52.036  11.682  45.632 0.6999999881
79064  52.010  13.896  47.387 0.6999999881
79932  53.016  14.730  48.415 0.6999999881
81716  53.498  16.416  49.785 0.6999999881
82642  52.338  17.860  50.785 0.8999999762
109038  50.305  17.863  51.847 0.8999999762
81688  48.188  16.857  52.708 0.8999999762
81668  47.518  17.033  53.328 0.8999999762
81672  43.637  16.838  53.712 0.5000000000
81691  41.515  16.678  52.988 0.5000000000
114003  52.159  10.986  45.412 0.6999999881
78177  51.929  12.928  46.358 0.6999999881
79078  52.664  14.186  47.033 0.6999999881
80841  53.563  15.653  49.382 0.6999999881
82641  52.978  17.365  50.117 0.8000000119
82634  51.023  18.098  51.237 0.8000000119
114064  49.566  17.677  52.442 0.8999999762
81690  46.707  16.284  52.969 0.8999999762
80802  44.893  15.924  53.258 0.6000000238
80805  42.252  16.227  53.107 0.5000000000
76374  53.056  10.999  44.892 0.6999999881
78187  52.547  12.461  45.719 0.6999999881
79079  52.296  13.614  46.674 0.6999999881
79931  53.356  15.053  48.037 0.6999999881
82648  53.314  17.080  49.367 0.6999999881
124331  51.689  18.167  50.618 0.8999999762
108976  48.111  16.315  51.890 0.8999999762
81689  47.510  16.308  52.457 0.8999999762
80803  44.018  15.943  53.363 0.5000000000
77253  52.825  11.721  45.322 0.6999999881
78186  52.772  13.299  46.045 0.6999999881
79939  53.343  14.910  47.105 0.6999999881
80847  53.548  15.594  48.561 0.6999999881
108613  52.301  18.098  49.892 0.8000000119
82645  50.220  17.358  49.949 0.8999999762
81701  49.496  16.837  50.443 0.8000000119
125083  47.531  15.911  51.783 0.8999999762
80828  45.703  14.934  51.877 0.8000000119
80819  44.430  15.290  52.759 0.6000000238
128770  53.372  12.372  45.251 0.6999999881
79077  53.449  14.621  46.178 0.6999999881
81728  53.469  16.374  47.583 0.6999999881
82655  53.396  17.019  48.685 0.6999999881
82651  50.939  17.877  49.507 0.8000000119
81712  48.131  15.905  50.485 0.8000000119
80836  47.435  15.478  50.399 0.8999999762
80827  46.455  15.237  51.585 0.8999999762
117889  53.417  13.074  45.412 0.6999999881
79093  53.385  13.900  45.792 0.6999999881
80860  53.488  15.283  46.611 0.6999999881
82663  53.309  17.079  47.949 0.6999999881
83519  52.367  18.210  48.043 0.6000000238
81717  49.498  16.731  49.489 0.8000000119
80870  53.540  15.011  45.744 0.6999999881
81737  53.063  17.059  47.085 0.6000000238
83524  52.204  18.216  47.182 0.6000000238
82658  51.021  18.003  48.516 0.8000000119
81722  49.484  16.753  48.604 0.8000000119
81718  48.873  16.237  48.984 0.8000000119
81711  48.705  16.185  49.921 0.8000000119
80881  53.491  14.714  45.070 0.6999999881
80871  53.170  15.536  45.427 0.6000000238
110033  53.087  16.598  46.389 0.6000000238
82672  52.524  17.858  46.887 0.6000000238
83525  51.644  18.320  47.606 0.6000000238
82659  50.090  17.377  48.135 0.8000000119
81723  48.864  16.315  48.191 0.8000000119
81747  52.680  16.642  45.720 0.6000000238
83531  51.996  18.150  46.285 0.6000000238
83533  51.127  18.253  46.785 0.6999999881
82666  49.932  17.406  47.279 0.8000000119
81758  52.393  16.213  45.061 0.6000000238
82680  52.024  17.708  45.609 0.6000000238
83539  51.401  18.226  45.410 0.6000000238
83549  50.717  18.361  44.601 0.6000000238
80759  32.654  15.513  56.795 0.2000000030
80777  32.797  15.694  55.689 0.2000000030
81648  32.916  15.793  54.908 0.2000000030
80793  34.296  15.252  54.014 0.2000000030
80807  35.767  16.177  53.546 0.2000000030
80806  36.744  16.075  53.826 0.3000000119
79893  53.376  14.795  51.843 0.8000000119
82601  38.095  18.850  53.103 0.4000000060
79030  51.686  13.890  50.277 0.6999999881
83485  39.599  18.911  53.252 0.5000000000
119690  51.713  13.944  48.304 0.6999999881
83494  39.902  18.813  53.091 0.5000000000
75555  52.415  9.493  44.966 0.5000000000
76376  51.488  10.223  45.534 0.6000000238
78169  51.504  13.365  46.993 0.6999999881
74711  52.674  8.756  44.817 0.5000000000
77243  51.529  12.124  46.047 0.6999999881
81692  40.713  16.558  52.679 0.5000000000
120809  52.859  10.202  44.778 0.6999999881
80821  41.554  15.664  52.661 0.6000000238
75562  53.136  9.656  44.599 0.6999999881
79897  43.076  14.740  52.343 0.5000000000
115505  42.728  15.456  52.821 0.5000000000
76390  53.599  10.524  44.493 0.6999999881
79904  45.257  14.584  51.326 0.8999999762
79957  53.563  14.270  45.316 0.6999999881
80837  46.645  15.145  50.720 0.8999999762
107913  53.785  13.537  44.861 0.6999999881
80842  48.232  15.759  49.177 0.8000000119
80835  47.999  15.674  49.858 0.8000000119
110332  53.685  14.024  44.680 0.6999999881
79966  53.178  14.489  44.604 0.6000000238
80882  52.937  15.263  44.921 0.6999999881
82674  49.800  17.606  46.394 0.6999999881
81731  48.126  16.024  47.016 0.8000000119
80883  51.618  15.928  44.721 0.6000000238
112511  51.425  17.127  44.698 0.6000000238
82675  49.156  17.360  45.866 0.6999999881
81749  48.345  16.792  45.516 0.8000000119
83550  50.242  18.582  44.452 0.6999999881
82694  49.716  18.453  44.495 0.6999999881
82693  50.945  18.050  44.473 0.6000000238
112197  50.159  18.709  43.761 0.6999999881
83559  49.897  18.836  43.077 0.6999999881
124188  32.282  16.013  57.423 0.2000000030
82535  32.536  17.156  57.491 0.2000000030
81631  32.644  16.345  56.352 0.2000000030
80794  33.447  15.596  54.317 0.2000000030
80809  33.932  15.851  53.720 0.2000000030
81680  33.355  16.353  53.807 0.2000000030
80808  34.711  15.905  53.565 0.2000000030
81676  37.388  16.901  53.675 0.3000000119
82602  37.320  18.157  53.298 0.3000000119
83486  38.399  18.992  52.981 0.5000000000
82621  38.525  18.374  52.516 0.5000000000
81694  38.993  17.153  52.351 0.5000000000
73834  53.186  7.260  45.027 0.6000000238
81693  39.820  17.010  52.507 0.5000000000
82619  40.301  18.032  52.827 0.5000000000
72887  54.572  5.991  45.164 0.6000000238
72903  54.007  6.911  44.709 0.6000000238
73845  53.677  7.982  44.374 0.6000000238
79898  42.162  14.886  52.402 0.5000000000
80822  40.712  15.246  52.328 0.6000000238
74710  53.450  8.926  44.409 0.6000000238
79032  43.580  13.634  50.406 0.6999999881
79918  43.885  14.007  51.104 0.6999999881
75561  53.991  9.925  44.148 0.6000000238
76373  54.050  11.415  44.366 0.6999999881
77252  53.685  11.924  44.838 0.6999999881
79927  44.649  13.948  49.681 0.8999999762
79903  45.909  14.804  51.009 0.8999999762
79925  46.087  14.531  48.909 0.8999999762
125202  46.821  15.083  49.969 0.8999999762
76389  54.462  10.923  43.873 0.6000000238
77260  54.370  12.281  44.115 0.6000000238
78185  53.981  12.805  44.665 0.6999999881
129033  47.269  15.208  48.352 0.8000000119
80843  47.365  15.295  49.286 0.8000000119
78193  54.267  12.961  43.855 0.6000000238
80861  47.494  15.646  46.567 0.8000000119
80849  47.880  15.541  48.461 0.8000000119
79104  53.939  13.466  44.248 0.6999999881
79120  52.987  13.440  43.865 0.5000000000
109320  52.573  14.134  44.320 0.6000000238
79967  52.159  15.006  44.673 0.6000000238
82695  49.072  18.210  44.176 0.6999999881
78200  54.216  12.648  43.310 0.5000000000
79106  51.767  13.527  44.258 0.5000000000
114119  51.312  14.321  44.528 0.5000000000
82705  49.088  18.453  43.423 0.6999999881
79968  50.250  14.444  44.469 0.5000000000
80884  50.552  16.201  44.363 0.5000000000
81759  50.594  17.556  44.124 0.6000000238
82704  50.430  18.420  43.915 0.6000000238
83567  49.734  18.690  42.531 0.6000000238
79969  49.608  14.675  44.188 0.5000000000
80885  49.739  15.586  44.046 0.5000000000
119601  50.010  16.771  43.706 0.5000000000
82714  49.993  18.359  42.564 0.6000000238
83577  49.474  18.542  41.744 0.6999999881
80896  49.449  15.855  43.356 0.5000000000
80907  49.217  15.898  42.459 0.5000000000
124302  49.722  17.815  41.580 0.5000000000
82536  31.888  17.350  58.118 0.2000000030
82531  31.268  17.939  58.433 0.2000000030
81649  32.671  16.383  55.273 0.2000000030
82534  33.018  17.540  57.065 0.2000000030
82551  32.734  17.070  56.687 0.2000000030
81662  32.587  16.887  54.810 0.2000000030
82568  32.581  17.189  55.574 0.2000000030
81679  34.114  16.544  53.367 0.2000000030
82584  32.492  17.472  54.746 0.2000000030
82583  32.739  17.089  54.065 0.2000000030
81678  35.033  16.829  53.134 0.2000000030
82606  32.938  17.838  53.529 0.2000000030
122688  35.885  17.270  53.139 0.3000000119
113266  33.554  17.854  53.020 0.2000000030
82605  34.342  17.522  52.837 0.3000000119
82603  36.531  18.203  52.917 0.3000000119
82625  34.023  18.376  52.535 0.3000000119
82624  34.931  18.380  52.339 0.3000000119
82623  35.900  18.465  52.317 0.3000000119
83487  37.395  18.563  53.051 0.4000000060
83498  35.282  18.690  52.018 0.3000000119
129482  37.875  18.793  52.897 0.4000000060
83507  36.824  18.560  52.182 0.3000000119
82622  37.859  18.573  52.571 0.5000000000
82638  37.170  18.354  52.021 0.4000000060
82637  37.863  17.814  52.111 0.4000000060
81704  38.139  17.119  52.084 0.4000000060
71970  55.341  5.596  45.594 0.5000000000
79919  38.364  14.163  50.861 0.6000000238
108979  38.887  14.759  51.553 0.6000000238
80830  38.589  15.869  51.964 0.6000000238
71956  56.248  5.887  46.363 0.5000000000
71983  55.484  5.820  44.750 0.6000000238
79910  39.293  13.984  51.098 0.6000000238
80829  39.883  14.699  51.812 0.6000000238
72875  57.672  7.399  46.149 0.5000000000
113432  55.988  5.583  45.116 0.5000000000
79035  40.627  13.315  50.586 0.6000000238
79026  41.139  13.732  51.218 0.6000000238
79907  42.595  14.197  51.763 0.5000000000
107937  56.855  6.318  45.777 0.5000000000
71969  56.716  5.773  45.005 0.6000000238
72902  54.902  6.562  44.296 0.6000000238
74709  54.387  9.053  43.758 0.6999999881
79034  41.373  13.292  50.610 0.6000000238
79025  42.087  13.605  51.032 0.5000000000
79906  43.462  14.253  51.723 0.5000000000
73844  54.534  7.698  43.897 0.6000000238
79033  42.757  13.351  50.322 0.5000000000
125664  44.018  13.609  49.865 0.8999999762
72901  55.840  6.282  43.875 0.5000000000
73854  55.414  8.669  43.072 0.5000000000
79043  44.064  13.509  49.153 0.8999999762
79935  44.788  13.897  48.812 0.8000000119
72915  56.428  6.866  43.009 0.5000000000
74717  55.257  9.810  43.108 0.6000000238
79934  45.495  14.227  48.456 0.8999999762
79933  46.162  14.546  48.108 0.8000000119
76388  55.225  11.297  42.965 0.6000000238
121042  54.732  11.798  43.539 0.6000000238
80862  46.880  15.104  46.929 0.8999999762
125480  56.235  9.075  42.205 0.5000000000
74716  55.785  9.856  42.377 0.6000000238
75567  55.453  10.584  42.623 0.6000000238
77266  55.029  11.898  42.722 0.6000000238
79119  53.835  13.166  43.799 0.6000000238
80872  47.437  15.944  45.577 0.8000000119
74723  56.387  9.665  41.519 0.6000000238
75566  55.925  10.331  42.099 0.6000000238
77279  54.808  11.740  42.580 0.6000000238
81761  47.718  16.830  44.120 0.6999999881
76417  55.279  11.172  42.379 0.6000000238
77268  53.804  12.332  42.987 0.5000000000
127059  48.892  18.452  42.800 0.6999999881
81770  47.626  17.184  43.122 0.6999999881
77280  54.096  11.774  42.625 0.6000000238
78202  52.130  12.703  43.820 0.5000000000
82724  48.292  17.862  40.918 0.8000000119
76403  52.879  11.505  43.088 0.5000000000
77269  51.807  11.775  43.576 0.5000000000
79107  50.524  13.601  44.413 0.5000000000
82732  49.495  18.217  41.091 0.6000000238
82733  48.975  18.366  40.382 0.8000000119
76419  53.376  10.864  42.633 0.5000000000
76404  51.488  10.847  43.378 0.5000000000
78203  50.814  12.123  43.982 0.5000000000
79121  49.187  13.301  43.898 0.5000000000
79992  48.799  14.820  42.242 0.5000000000
81791  49.608  16.984  40.721 0.5000000000
119791  49.831  16.817  39.873 0.5000000000
117509  49.687  17.667  39.439 0.6000000238
114346  49.815  10.965  43.541 0.5000000000
117199  49.266  12.003  43.581 0.5000000000
79131  48.562  13.345  42.669 0.5000000000
80004  48.849  14.446  41.342 0.5000000000
80925  49.619  16.005  40.153 0.5000000000
108605  48.554  11.944  42.304 0.5000000000
79137  48.707  13.575  41.373 0.5000000000
73877  53.545  8.284  41.870 0.4000000060
74726  51.856  8.494  42.543 0.4000000060
109821  31.126  19.652  58.592 0.2000000030
83435  31.995  18.106  58.280 0.2000000030
85671  30.983  22.002  59.231 0.1000000015
84977  31.583  20.294  58.730 0.1000000015
83426  32.473  18.606  58.294 0.2000000030
83434  32.738  17.903  57.713 0.2000000030
85680  32.065  21.006  59.060 0.1000000015
84976  32.571  20.106  58.650 0.1000000015
83425  33.377  18.522  57.809 0.2000000030
120284  34.031  18.975  58.049 0.2000000030
83444  32.807  17.887  56.319 0.2000000030
84261  34.008  18.744  57.441 0.2000000030
83462  32.443  18.173  55.125 0.2000000030
82607  32.446  17.972  54.208 0.2000000030
84260  34.565  19.281  57.777 0.2000000030
84988  33.708  19.813  56.354 0.2000000030
84995  33.206  20.373  55.424 0.2000000030
84285  32.658  19.889  54.845 0.2000000030
84289  32.472  19.340  53.795 0.2000000030
126698  33.430  22.052  52.470 0.2000000030
85008  33.027  20.282  52.363 0.3000000119
112339  32.887  20.705  52.908 0.3000000119
84288  32.754  19.165  53.198 0.3000000119
85012  33.215  20.628  51.606 0.3000000119
84293  33.155  19.446  52.506 0.3000000119
85020  33.767  20.906  50.273 0.3000000119
85021  33.370  20.961  50.978 0.3000000119
84299  33.317  19.891  51.682 0.3000000119
83499  34.405  18.856  51.922 0.3000000119
84309  34.132  19.772  49.707 0.3000000119
84306  33.914  19.464  50.337 0.3000000119
84307  33.457  20.177  50.822 0.3000000119
83509  34.118  18.989  51.095 0.3000000119
83517  34.782  18.304  49.368 0.4000000060
82646  34.677  18.005  50.036 0.3000000119
83514  34.689  18.375  50.802 0.3000000119
82640  35.367  18.287  51.450 0.3000000119
116510  34.922  18.660  51.687 0.3000000119
82653  35.045  17.522  49.579 0.4000000060
80839  35.782  15.920  50.439 0.4000000060
81713  35.972  16.373  51.060 0.4000000060
81706  36.509  17.402  51.467 0.4000000060
79921  36.644  14.706  50.205 0.6000000238
80838  36.301  15.514  50.700 0.5000000000
112742  37.590  16.001  51.646 0.5000000000
79920  37.462  14.392  50.562 0.6000000238
79911  37.929  14.930  51.388 0.6000000238
79049  38.353  13.093  49.021 0.6000000238
79037  38.786  13.553  50.341 0.6000000238
79038  37.898  13.734  50.113 0.6000000238
78167  39.911  12.690  49.074 0.6000000238
79048  39.194  13.031  49.623 0.6000000238
78160  40.717  12.651  49.248 0.6000000238
71968  57.694  6.740  45.193 0.6000000238
79070  40.102  12.649  47.091 0.6999999881
78165  41.029  12.569  48.511 0.6000000238
79057  42.460  12.822  48.804 0.8000000119
79084  40.552  12.913  46.099 0.6999999881
79068  42.538  12.837  47.860 0.8999999762
79067  43.470  13.231  47.634 0.8999999762
107725  41.909  12.728  47.015 0.8000000119
79082  42.845  13.056  46.916 0.8999999762
79081  43.664  13.369  46.751 0.8999999762
79942  45.565  14.230  47.589 0.8999999762
73853  56.276  7.932  42.588 0.5000000000
111884  42.172  13.199  45.369 0.6999999881
114450  43.855  13.516  46.072 0.8999999762
116107  44.977  13.888  47.063 0.8999999762
79948  45.598  14.318  46.739 0.8999999762
79110  43.467  13.656  44.426 0.8999999762
79109  44.281  13.898  44.885 0.8999999762
79959  45.052  14.294  45.334 0.8999999762
126408  46.908  15.335  46.092 0.8000000119
74722  57.191  9.074  40.919 0.5000000000
75575  56.061  10.148  41.546 0.6000000238
79971  44.827  14.312  44.362 0.8999999762
80898  45.983  15.221  44.020 0.8999999762
80886  47.254  16.112  44.626 0.8999999762
75574  56.632  9.519  40.923 0.6000000238
75576  55.062  10.637  41.794 0.6000000238
80909  45.844  15.219  43.092 0.8999999762
80897  46.490  15.750  43.444 0.8999999762
80908  46.478  15.808  42.470 0.8999999762
74734  57.776  8.581  41.030 0.5000000000
75587  56.301  9.835  41.051 0.6000000238
76418  54.525  11.024  42.310 0.6000000238
81803  47.463  16.847  40.633 0.8999999762
74746  56.945  8.927  40.366 0.5000000000
74736  55.714  9.641  40.934 0.6000000238
75577  54.992  9.909  41.456 0.6000000238
75578  53.457  10.007  42.345 0.6000000238
82746  48.481  17.562  39.383 0.8000000119
74737  54.640  8.952  41.347 0.6000000238
123425  52.816  10.189  42.664 0.5000000000
76405  50.366  10.476  43.437 0.5000000000
81814  50.022  17.147  39.114 0.5000000000
82766  50.071  17.207  37.738 0.8000000119
80969  50.488  15.623  36.420 0.6000000238
74724  53.969  9.367  41.853 0.6000000238
75579  52.207  9.517  42.705 0.5000000000
75569  51.070  9.822  43.175 0.5000000000
76406  49.535  10.375  43.248 0.5000000000
77282  48.679  11.143  42.635 0.5000000000
79150  49.602  14.130  39.734 0.5000000000
80938  50.079  16.251  39.243 0.5000000000
80052  51.076  15.441  37.310 0.5000000000
114206  51.207  9.008  42.808 0.5000000000
75580  50.225  9.043  42.865 0.4000000060
75570  50.033  9.810  43.234 0.5000000000
76421  48.656  10.439  42.009 0.5000000000
77296  48.645  11.185  41.650 0.5000000000
79144  49.080  13.827  40.605 0.5000000000
79149  50.290  13.409  38.941 0.5000000000
79156  51.498  13.907  37.435 0.5000000000
85670  31.692  21.888  59.439 0.1000000015
84975  33.607  19.787  58.431 0.1000000015
84252  34.531  19.552  58.184 0.1000000015
84269  34.376  19.215  57.178 0.2000000030
86430  33.433  22.063  53.356 0.2000000030
85707  33.255  21.566  54.062 0.2000000030
85695  34.617  21.140  56.421 0.2000000030
86429  33.995  22.575  53.129 0.3000000119
85706  33.746  21.953  54.720 0.2000000030
87117  35.629  23.478  51.649 0.3000000119
87112  35.512  23.501  52.517 0.3000000119
86433  34.183  22.682  52.247 0.3000000119
85718  33.354  21.477  51.610 0.3000000119
87123  35.774  23.364  50.760 0.3000000119
86435  34.989  23.076  51.125 0.3000000119
86442  34.384  22.378  50.741 0.3000000119
86441  35.188  22.814  50.274 0.3000000119
85731  35.149  21.697  49.210 0.3000000119
85028  34.228  20.466  49.610 0.4000000060
85743  35.644  21.195  48.601 0.4000000060
85027  34.851  20.825  49.043 0.4000000060
83522  34.766  18.974  48.915 0.4000000060
82661  35.241  17.689  48.929 0.4000000060
121943  35.376  20.297  48.482 0.4000000060
83521  35.380  18.443  48.526 0.4000000060
81725  35.483  16.892  49.064 0.4000000060
81719  35.563  16.220  49.726 0.4000000060
116387  36.028  16.665  48.500 0.4000000060
80857  36.639  15.251  47.798 0.6000000238
79928  36.996  13.837  48.839 0.6000000238
79936  37.181  13.850  48.007 0.6000000238
79060  38.370  13.035  48.195 0.6000000238
79071  39.226  12.725  47.734 0.6000000238
130663  39.904  12.590  47.760 0.6000000238
79126  40.405  13.774  43.964 0.6999999881
108657  41.027  13.198  45.198 0.6999999881
108388  41.207  13.951  42.954 0.6999999881
79111  42.535  13.479  44.506 0.8999999762
79996  42.386  13.848  42.272 0.8999999762
79123  42.791  13.622  43.684 0.8999999762
79982  44.588  14.254  43.459 0.8999999762
125827  42.653  13.881  41.656 0.8000000119
79995  43.350  13.837  42.196 0.8999999762
79994  44.311  14.134  42.499 0.8999999762
80016  45.497  14.768  41.177 0.8999999762
127758  46.313  15.588  41.849 0.8999999762
80926  46.649  15.808  40.669 0.8999999762
110223  46.463  15.330  39.919 0.8999999762
80939  47.499  16.288  39.208 0.8999999762
81852  48.783  16.548  36.417 0.8000000119
81851  49.475  16.661  36.056 0.8000000119
80981  49.341  15.907  35.048 0.6999999881
86424  35.339  23.148  54.512 0.3000000119
85701  34.865  22.061  55.970 0.2000000030
84986  35.207  20.450  57.278 0.2000000030
87810  37.810  24.357  51.623 0.2000000030
87811  37.006  24.175  51.896 0.3000000119
87111  36.261  23.806  52.186 0.3000000119
87107  36.481  23.836  53.637 0.3000000119
86428  34.605  22.932  53.819 0.3000000119
86418  36.138  22.788  55.911 0.3000000119
85693  36.132  21.646  57.256 0.2000000030
87120  38.387  23.989  50.108 0.3000000119
87823  38.068  24.236  50.844 0.3000000119
87115  37.246  24.042  51.079 0.3000000119
87140  36.043  23.138  49.936 0.3000000119
87104  36.042  23.504  54.262 0.3000000119
87090  36.871  23.126  56.032 0.3000000119
86412  36.464  22.450  56.723 0.2000000030
85686  37.306  21.360  58.399 0.1000000015
87138  37.879  23.485  49.568 0.3000000119
87121  37.543  23.787  50.307 0.3000000119
87139  36.974  23.322  49.734 0.3000000119
86469  35.977  22.024  48.822 0.3000000119
86450  37.365  22.917  49.049 0.3000000119
85742  36.492  21.476  48.267 0.3000000119
84318  36.487  19.169  47.683 0.5000000000
82660  35.921  17.472  48.359 0.4000000060
82668  37.447  16.795  47.195 0.5000000000
82669  36.817  17.458  47.720 0.5000000000
81733  36.418  16.096  48.141 0.5000000000
81741  37.480  16.424  46.297 0.6000000238
81732  36.868  16.023  47.414 0.6000000238
79937  36.704  14.468  48.317 0.5000000000
82698  37.647  16.828  44.678 0.5000000000
80874  37.531  15.416  45.096 0.6000000238
79951  37.338  14.656  46.582 0.6000000238
79944  37.011  14.532  47.456 0.6000000238
80901  37.828  15.931  43.650 0.6000000238
79975  37.795  14.747  44.957 0.6000000238
79099  38.586  13.468  46.091 0.6000000238
79085  38.191  13.450  46.713 0.6000000238
80900  38.395  15.802  42.819 0.6000000238
79987  38.644  14.650  43.852 0.6000000238
79098  39.077  13.504  45.399 0.6999999881
108224  39.548  13.075  46.132 0.6000000238
81783  38.796  16.054  41.946 0.5000000000
80899  38.947  14.916  43.095 0.6000000238
79986  39.605  14.258  43.623 0.6999999881
79097  40.008  13.275  45.366 0.6999999881
81793  39.275  16.386  41.213 0.5000000000
80911  39.218  15.276  42.321 0.6000000238
79999  39.819  14.593  42.747 0.6000000238
79113  40.289  13.512  44.651 0.6999999881
81805  39.848  16.355  40.461 0.6000000238
80930  39.919  15.580  41.049 0.6000000238
79998  40.670  14.319  42.457 0.6000000238
82735  39.791  17.244  39.970 0.6000000238
80929  40.520  15.609  40.322 0.6999999881
80007  41.822  14.116  41.529 0.6999999881
80952  41.657  15.726  38.647 0.6999999881
80019  42.262  14.196  40.332 0.6999999881
80006  44.105  13.961  41.540 0.8000000119
80005  44.919  14.462  41.805 0.8999999762
81830  41.433  16.551  38.351 0.6999999881
81829  42.041  16.014  37.913 0.6999999881
80031  43.647  13.985  39.641 0.8000000119
124445  45.346  14.562  40.442 0.8999999762
80961  42.593  15.728  37.371 0.8000000119
112984  43.065  14.557  38.039 0.8000000119
113068  45.456  14.468  38.974 0.8000000119
80028  46.255  14.940  39.134 0.8999999762
120262  46.998  15.251  37.645 0.8999999762
80100  45.864  14.768  32.969 0.8999999762
80056  43.231  15.038  37.188 0.8000000119
80055  44.533  14.351  37.653 0.8000000119
80041  45.208  14.412  38.181 0.8000000119
80053  46.351  14.891  36.949 0.8999999762
120869  46.240  15.202  34.821 0.8999999762
80973  43.670  15.394  36.145 0.8000000119
108503  43.731  14.444  37.582 0.8000000119
80068  45.761  14.789  36.195 0.8000000119
80070  44.257  14.668  36.594 0.8000000119
87802  37.609  24.396  52.457 0.2000000030
87796  37.446  24.302  53.275 0.2000000030
112157  36.120  23.762  52.929 0.3000000119
87835  41.096  24.194  49.670 0.2000000030
109988  38.928  24.699  52.648 0.2000000030
87103  36.760  23.716  54.521 0.2000000030
86406  37.611  22.101  57.965 0.2000000030
86407  36.910  21.839  57.573 0.2000000030
86464  40.652  22.496  48.305 0.2000000030
86465  39.668  22.529  48.294 0.2000000030
87137  38.754  23.615  49.430 0.2000000030
87158  38.272  23.077  48.885 0.3000000119
87095  38.292  23.998  55.500 0.2000000030
87089  37.561  23.212  56.529 0.2000000030
86405  38.359  22.348  58.345 0.2000000030
86396  38.043  21.620  58.846 0.2000000030
85738  40.231  21.846  47.851 0.2000000030
86466  38.737  22.509  48.330 0.2000000030
86467  37.812  22.407  48.435 0.3000000119
85741  37.388  21.688  48.021 0.3000000119
85035  39.622  20.319  47.410 0.4000000060
85752  37.969  21.049  47.604 0.3000000119
85038  36.740  20.031  47.647 0.3000000119
121606  38.518  19.242  47.285 0.4000000060
83528  38.029  18.420  47.256 0.4000000060
83529  37.103  18.384  47.525 0.5000000000
83541  38.900  18.172  45.735 0.4000000060
82684  38.437  17.625  46.238 0.6000000238
82667  38.376  17.771  47.006 0.5000000000
83552  38.957  18.724  44.045 0.5000000000
82697  38.184  17.660  45.029 0.5000000000
82685  37.777  16.978  45.693 0.5000000000
83560  38.853  18.865  42.901 0.4000000060
83553  38.381  18.104  44.205 0.6000000238
81773  37.680  16.576  43.937 0.6000000238
87949  42.957  24.684  38.288 0.6000000238
87237  41.932  24.250  38.987 0.6000000238
83569  38.963  18.861  41.899 0.4000000060
83561  38.372  18.188  43.331 0.6000000238
81772  37.911  16.660  43.165 0.6000000238
87953  45.918  24.401  36.827 0.6999999881
87955  44.126  24.780  37.015 0.6000000238
87244  42.933  24.141  37.457 0.6000000238
87245  42.118  23.742  38.131 0.6000000238
84357  40.052  19.957  42.004 0.4000000060
83570  38.499  18.212  42.297 0.5000000000
81784  38.348  16.712  42.352 0.6000000238
87258  44.934  24.111  35.601 0.6000000238
87954  45.183  24.527  36.323 0.6000000238
87253  43.395  24.074  36.565 0.6000000238
87254  42.248  23.419  37.163 0.6000000238
86550  41.482  22.766  37.163 0.6000000238
84363  40.062  19.967  41.052 0.4000000060
127668  39.199  18.888  41.185 0.5000000000
82726  38.471  17.504  41.896 0.5000000000
87251  45.976  24.076  36.789 0.6999999881
87257  45.011  23.612  35.466 0.6000000238
87264  44.507  23.580  35.033 0.6000000238
86555  43.462  23.395  35.163 0.6000000238
87260  42.822  23.451  36.130 0.6000000238
113917  40.097  19.803  40.111 0.4000000060
84358  39.583  19.309  40.689 0.5000000000
83584  39.341  18.598  40.592 0.5000000000
86554  44.966  23.227  35.388 0.6000000238
86561  44.634  23.063  34.672 0.6000000238
86562  43.985  23.086  34.487 0.6000000238
83590  39.677  19.058  39.890 0.6000000238
83589  40.086  18.594  39.283 0.6000000238
113106  40.393  17.131  39.328 0.6000000238
85832  44.211  22.436  35.977 0.6000000238
85853  43.900  21.677  34.843 0.6000000238
85852  44.160  22.356  34.294 0.6000000238
85862  43.951  21.891  33.725 0.6000000238
82759  40.580  17.891  38.769 0.6999999881
85119  43.026  20.914  35.768 0.6000000238
85126  43.582  20.805  34.837 0.6000000238
84391  43.877  20.608  33.743 0.6000000238
85141  43.711  20.628  32.833 0.6999999881
82758  41.219  17.437  38.160 0.6999999881
82769  41.631  17.923  37.433 0.6999999881
84385  42.539  19.449  36.118 0.6999999881
84392  43.366  19.768  35.065 0.6999999881
83623  44.027  18.935  33.596 0.8000000119
83629  43.916  18.954  32.580 0.8000000119
81843  42.371  16.519  37.179 0.6999999881
82777  42.688  17.858  36.144 0.6999999881
82786  43.187  18.147  35.417 0.6999999881
81861  43.805  16.796  34.820 0.8000000119
81868  44.203  17.206  33.611 0.8000000119
80996  44.973  15.628  33.212 0.8000000119
81004  44.600  15.703  32.714 0.8999999762
80974  42.943  15.947  36.698 0.8000000119
81854  42.761  16.903  36.424 0.6999999881
82776  43.233  17.322  35.592 0.8000000119
80986  44.052  15.873  35.114 0.8000000119
80080  45.245  15.207  34.326 0.8000000119
81853  43.368  16.343  35.853 0.8000000119
80081  44.509  15.176  35.348 0.8000000119
87133  42.705  23.591  49.238 0.2000000030
87834  42.125  24.276  49.672 0.2000000030
87132  43.713  23.492  49.223 0.2000000030
87154  42.195  23.040  48.745 0.2000000030
87153  43.252  22.915  48.773 0.2000000030
85749  40.827  21.063  47.583 0.3000000119
85034  40.526  20.309  47.419 0.4000000060
111921  40.262  19.555  47.192 0.4000000060
84321  39.942  19.013  47.046 0.4000000060
84315  41.138  19.706  47.051 0.3000000119
84320  40.481  19.157  46.614 0.3000000119
83535  39.776  18.729  46.637 0.3000000119
83527  38.767  18.414  47.112 0.4000000060
84325  40.660  19.243  45.729 0.3000000119
83534  40.087  18.779  46.000 0.4000000060
84334  41.238  19.731  45.279 0.4000000060
84336  39.754  19.240  44.426 0.5000000000
121211  41.114  20.061  44.179 0.4000000060
84344  39.539  19.325  43.449 0.4000000060
112648  45.351  24.959  37.184 0.6000000238
87941  43.222  25.261  38.993 0.5000000000
85070  41.319  20.465  43.182 0.4000000060
116675  46.485  24.073  37.510 0.5000000000
87250  46.386  24.209  37.392 0.5000000000
85079  41.366  20.708  42.213 0.4000000060
85080  40.700  20.279  42.566 0.4000000060
86537  45.842  23.761  36.854 0.6999999881
86548  45.061  23.198  36.297 0.5000000000
85087  40.713  20.406  41.598 0.4000000060
86549  43.825  22.429  37.083 0.6000000238
85093  40.757  20.511  40.532 0.4000000060
85099  40.646  20.303  39.460 0.5000000000
84368  40.287  19.474  39.278 0.6000000238
85111  42.526  20.997  36.664 0.6999999881
85092  41.263  20.921  39.787 0.5000000000
84374  40.796  19.999  38.469 0.5000000000
83597  40.554  18.982  38.549 0.6000000238
84386  42.268  20.144  36.549 0.6999999881
83596  41.072  18.407  37.997 0.6999999881
83603  41.532  18.863  37.299 0.6999999881
83608  41.938  19.325  36.741 0.6999999881
87131  44.701  23.343  49.239 0.2000000030
86461  43.778  22.181  48.423 0.2000000030
85737  41.245  21.724  47.921 0.2000000030
85736  42.303  21.582  48.033 0.2000000030
85748  41.848  20.864  47.593 0.2000000030
85032  42.461  20.521  47.282 0.3000000119
85041  41.744  19.919  46.682 0.3000000119
84324  41.235  19.559  46.275 0.3000000119
85050  41.945  20.085  45.821 0.3000000119
85765  43.410  21.045  45.524 0.3000000119
85062  42.376  20.537  44.935 0.3000000119
85774  43.495  21.278  44.654 0.3000000119
85069  42.037  20.598  43.930 0.3000000119
87938  46.862  24.407  38.676 0.5000000000
87947  46.309  24.642  37.745 0.5000000000
87940  44.550  25.313  39.016 0.5000000000
111814  42.781  21.170  43.320 0.3000000119
85078  42.026  20.957  42.815 0.3000000119
86521  46.871  23.765  39.526 0.5000000000
87243  46.832  23.926  38.439 0.5000000000
85801  42.008  21.182  41.865 0.4000000060
111587  44.793  22.735  39.726 0.5000000000
86531  45.881  23.313  39.080 0.5000000000
86532  44.495  22.760  38.797 0.5000000000
86538  44.841  23.040  37.457 0.5000000000
85793  42.753  21.395  42.370 0.4000000060
85808  41.979  21.341  40.987 0.4000000060
85807  42.680  21.706  40.536 0.5000000000
85806  43.600  22.256  39.937 0.5000000000
86539  43.496  22.369  38.190 0.5000000000
85833  43.075  21.707  36.846 0.6000000238
85817  41.831  21.367  39.251 0.5000000000
85824  41.875  21.308  38.347 0.5000000000
85823  42.719  21.803  37.806 0.5000000000
85834  42.136  21.159  37.500 0.6999999881
85098  41.237  20.787  38.863 0.6000000238
120171  41.256  20.051  37.741 0.6000000238
85112  41.791  20.454  37.288 0.6999999881
84373  41.066  19.350  37.850 0.6999999881
87151  45.218  22.768  48.707 0.2000000030
86460  44.703  22.236  48.311 0.2000000030
86459  45.620  22.470  48.123 0.2000000030
85735  43.277  21.548  48.078 0.2000000030
86471  45.953  22.530  47.337 0.2000000030
86472  44.972  22.030  47.770 0.2000000030
85734  44.159  21.661  47.994 0.2000000030
85747  42.819  20.985  47.660 0.2000000030
85745  44.377  21.565  47.380 0.2000000030
85756  43.854  21.064  46.947 0.2000000030
86475  46.349  22.756  46.292 0.2000000030
86476  45.236  22.108  46.970 0.2000000030
116362  43.972  21.304  46.069 0.3000000119
85031  43.144  20.685  47.158 0.3000000119
85755  44.582  21.651  46.556 0.2000000030
85048  43.274  20.767  46.433 0.3000000119
85049  42.732  20.582  45.760 0.3000000119
85764  44.110  21.545  45.141 0.3000000119
85773  44.269  21.766  44.224 0.3000000119
87928  45.667  24.853  39.846 0.5000000000
85784  43.546  21.455  43.762 0.3000000119
85783  44.473  21.980  43.288 0.3000000119
87236  47.117  24.144  38.980 0.5000000000
113666  46.733  24.544  39.320 0.5000000000
113053  46.075  24.498  40.823 0.3000000119
85799  43.573  21.837  41.907 0.3000000119
111557  43.539  22.022  40.985 0.4000000060
86523  44.547  22.505  40.546 0.5000000000
85800  42.721  21.565  41.452 0.4000000060
87150  46.202  22.953  48.480 0.2000000030
87149  47.328  23.363  48.002 0.2000000030
86458  46.654  22.946  47.678 0.2000000030
86474  47.530  23.599  45.537 0.2000000030
86470  47.107  23.216  46.639 0.2000000030
122527  45.577  22.411  45.158 0.2000000030
122510  44.742  21.854  45.627 0.3000000119
86500  45.299  22.367  43.784 0.2000000030
86494  46.243  22.838  44.255 0.2000000030
87229  47.076  24.246  39.376 0.5000000000
87918  44.690  24.718  40.860 0.3000000119
85791  44.595  22.231  42.332 0.4000000060
86506  45.828  22.725  42.774 0.3000000119
86514  45.946  22.963  41.704 0.4000000060
113299  46.933  23.780  41.541 0.5000000000
87221  47.026  24.013  41.045 0.5000000000
87916  46.874  24.147  41.557 0.3000000119
87128  47.980  23.859  48.311 0.2000000030
87845  49.020  24.476  47.713 0.2000000030
88499  49.113  25.033  47.018 0.2000000030
88500  48.355  25.088  46.752 0.2000000030
88487  47.114  25.523  47.742 0.2000000030
87161  47.779  23.605  47.002 0.2000000030
87148  48.417  24.019  47.366 0.2000000030
87851  48.519  24.732  46.541 0.2000000030
88501  46.196  25.091  47.395 0.2000000030
87853  45.589  24.698  46.933 0.2000000030
88502  44.895  25.138  47.706 0.2000000030
87164  48.100  23.913  45.962 0.2000000030
87163  48.002  24.294  45.840 0.2000000030
130695  47.480  25.061  46.793 0.2000000030
87863  43.781  24.273  46.792 0.2000000030
87855  43.158  24.715  47.388 0.2000000030
115504  42.794  25.388  47.888 0.2000000030
87176  47.918  24.097  45.132 0.2000000030
87862  44.969  24.408  46.417 0.2000000030
87854  44.423  24.637  47.228 0.2000000030
87864  42.717  24.184  46.835 0.2000000030
86484  46.687  23.105  45.114 0.2000000030
86483  47.689  23.911  44.577 0.2000000030
128217  47.239  23.638  44.177 0.2000000030
87201  47.622  24.019  43.076 0.2000000030
87907  47.430  24.083  42.558 0.2000000030
87202  47.047  24.197  43.147 0.2000000030
120022  46.322  24.279  42.506 0.3000000119
87204  44.478  23.935  43.614 0.3000000119
109161  43.423  23.679  43.958 0.3000000119
87193  42.482  23.554  44.456 0.2000000030
86499  46.414  23.000  43.400 0.2000000030
86505  46.693  23.516  42.176 0.2000000030
87213  47.410  24.086  42.850 0.2000000030
87917  45.445  24.422  41.711 0.3000000119
87215  44.871  24.221  42.686 0.3000000119
130112  42.844  24.026  42.652 0.3000000119
89089  46.049  26.225  48.738 0.2000000030
88489  44.297  25.754  48.364 0.2000000030
88490  43.272  25.931  48.380 0.2000000030
88488  45.485  25.622  48.237 0.2000000030
88503  43.773  25.149  47.794 0.2000000030
127267  48.016  24.776  46.170 0.2000000030
87875  47.131  24.419  44.926 0.2000000030
87861  46.363  24.583  45.913 0.2000000030
87856  42.181  24.912  47.496 0.2000000030
87876  45.618  24.354  45.449 0.2000000030
87874  47.828  24.213  45.081 0.2000000030
87888  46.108  24.316  44.580 0.2000000030
87166  43.260  23.775  46.103 0.2000000030
87181  40.452  23.858  46.019 0.2000000030
87886  47.661  24.040  44.404 0.2000000030
87189  47.560  24.014  43.691 0.2000000030
112854  47.509  24.075  43.668 0.2000000030
87190  46.507  24.273  43.842 0.2000000030
87192  44.147  23.776  44.476 0.2000000030
87180  41.329  23.589  45.601 0.2000000030
87887  47.192  24.277  44.214 0.2000000030
89090  44.847  26.364  48.798 0.2000000030
89691  44.340  27.309  49.075 0.2000000030
89091  43.808  26.612  48.715 0.2000000030
90307  44.981  28.050  49.302 0.2000000030
114524  44.168  28.086  48.905 0.2000000030
87167  42.176  23.662  46.115 0.2000000030
87866  40.820  24.346  46.801 0.2000000030
87177  44.845  24.001  45.001 0.2000000030
87165  44.341  24.018  45.891 0.2000000030
87179  42.836  23.584  45.362 0.2000000030
87865  41.739  24.232  46.884 0.2000000030
87191  45.261  24.081  44.158 0.2000000030
87178  43.773  23.718  45.296 0.2000000030
127181  42.045  23.527  45.264 0.2000000030
78987  34.036  13.721  56.119 0.3000000119
79857  39.043  14.480  56.512 0.3000000119
78962  40.094  13.614  57.256 0.3000000119
80773  40.227  15.734  56.146 0.5000000000
79853  44.208  15.100  55.427 0.4000000060
80752  43.989  16.664  57.337 0.5000000000
111881  45.934  17.211  56.747 0.5000000000
82550  43.169  17.327  56.972 0.5000000000
127769  46.414  17.877  57.046 0.5000000000
81626  44.781  17.546  57.404 0.5000000000
82566  41.921  18.027  55.627 0.5000000000
81643  47.806  17.611  55.939 0.6000000238
82563  48.090  18.717  56.490 0.6000000238
82548  45.399  18.434  57.334 0.4000000060
83460  42.320  18.713  55.175 0.5000000000
80815  53.219  16.058  52.971 0.8000000119
82590  51.710  18.079  53.610 0.8999999762
83452  49.956  18.706  55.583 0.8000000119
83467  49.963  18.944  55.316 0.8000000119
83454  48.571  19.195  56.212 0.6999999881
82562  48.904  18.991  56.271 0.6000000238
83456  46.554  19.326  56.459 0.6000000238
83458  45.068  18.946  56.158 0.6000000238
83473  43.386  18.700  55.277 0.5000000000
82633  52.395  17.563  51.745 0.8000000119
83480  51.200  18.447  53.377 0.8999999762
82573  48.043  18.787  54.848 0.6999999881
83470  46.724  19.187  55.645 0.6999999881
79053  52.426  14.365  48.838 0.6999999881
79914  52.959  14.692  50.272 0.8000000119
82597  43.202  17.877  54.185 0.5000000000
81710  52.837  17.263  50.897 0.8999999762
82617  48.866  17.565  53.021 0.8999999762
110027  47.972  17.879  53.944 0.8000000119
82596  44.095  17.523  54.252 0.5000000000
80801  45.774  15.989  53.160 0.8999999762
81671  44.483  16.665  53.717 0.5000000000
79063  52.525  14.332  47.900 0.6999999881
82644  50.965  17.943  50.344 0.8000000119
82635  49.531  17.173  51.441 0.8999999762
79946  53.152  14.389  46.631 0.6999999881
80818  45.324  15.342  52.590 0.8000000119
80816  46.964  15.724  52.107 0.8999999762
129599  42.177  15.537  52.766 0.5000000000
81727  53.563  16.253  48.267 0.6999999881
82649  52.484  18.100  48.945 0.8000000119
81703  47.837  15.906  51.154 0.8999999762
81702  48.667  16.426  51.054 0.8999999762
79905  44.604  14.324  51.174 0.8000000119
128796  44.142  14.369  51.679 0.6999999881
81736  53.451  16.081  46.891 0.6999999881
81746  53.370  15.819  46.111 0.6000000238
111864  51.346  18.299  46.035 0.6999999881
81730  48.760  16.423  47.385 0.8000000119
80854  48.284  15.901  47.858 0.8000000119
123007  49.198  17.135  46.437 0.8000000119
82682  49.964  18.233  45.340 0.6999999881
73846  53.010  8.110  44.725 0.6000000238
116750  39.961  15.768  52.322 0.6000000238
79917  44.331  13.967  50.441 0.8000000119
79915  46.105  14.702  50.052 0.8999999762
79105  53.453  13.757  44.252 0.6000000238
82683  49.093  17.738  44.999 0.6999999881
112711  47.807  16.564  44.886 0.8000000119
79909  40.839  14.383  51.821 0.6000000238
79044  43.321  13.288  49.591 0.8000000119
75560  54.827  10.324  43.433 0.6000000238
114258  47.548  15.452  47.567 0.8000000119
79941  46.230  14.614  47.242 0.8000000119
78192  54.635  12.452  43.252 0.6000000238
77267  54.538  12.229  42.842 0.6000000238
124235  50.111  15.204  44.363 0.5000000000
82706  48.340  18.011  42.494 0.6999999881
81769  50.243  18.081  43.320 0.6000000238
118936  49.303  15.017  43.747 0.5000000000
81780  49.746  17.202  42.684 0.5000000000
82716  48.309  18.014  41.723 0.6999999881
82723  48.913  18.507  41.174 0.6999999881
80918  49.231  15.708  41.292 0.5000000000
81802  49.662  17.677  40.212 0.6000000238
83461  32.716  18.683  55.787 0.2000000030
83477  32.386  18.781  54.358 0.2000000030
82604  35.461  17.857  52.694 0.3000000119
83500  33.656  18.940  52.309 0.3000000119
83497  36.808  18.516  52.506 0.3000000119
81707  35.702  17.417  51.179 0.3000000119
80832  36.695  16.169  51.387 0.4000000060
79050  37.673  13.531  49.315 0.6000000238
79027  40.242  13.865  51.212 0.6000000238
71982  56.337  5.830  44.402 0.6000000238
79047  40.204  12.906  49.876 0.6000000238
110614  41.918  13.051  50.164 0.6000000238
73843  55.494  7.218  43.444 0.5000000000
78159  41.655  12.709  49.255 0.6999999881
79056  43.287  13.139  48.640 0.8999999762
79055  44.143  13.509  48.259 0.8999999762
79066  44.266  13.567  47.363 0.8999999762
128655  55.276  11.375  42.542 0.6000000238
130708  45.542  14.442  46.013 0.8999999762
73852  57.218  7.591  42.212 0.5000000000
115655  46.822  15.574  45.092 0.8000000119
81762  47.112  16.280  43.762 0.8999999762
109324  52.877  12.261  43.366 0.5000000000
81782  47.153  16.669  42.333 0.8999999762
81792  47.565  17.182  41.573 0.8000000119
81815  47.821  16.928  39.673 0.8999999762
75568  52.301  10.425  42.998 0.5000000000
78195  49.803  12.713  44.103 0.5000000000
114946  49.485  18.058  40.116 0.6999999881
82744  49.447  17.873  39.244 0.6999999881
78204  48.974  12.605  43.610 0.5000000000
79980  48.658  14.089  42.922 0.5000000000
79138  48.588  13.854  42.094 0.5000000000
82755  49.850  17.556  38.449 0.8000000119
77281  49.167  11.169  43.331 0.5000000000
77271  48.768  11.878  43.178 0.5000000000
78216  48.875  12.908  40.845 0.5000000000
84254  32.039  19.417  58.571 0.2000000030
84253  33.066  19.153  58.357 0.2000000030
84270  33.513  18.737  56.685 0.2000000030
84277  32.957  19.466  55.718 0.2000000030
85002  32.517  20.044  54.040 0.2000000030
85001  32.934  20.688  54.504 0.2000000030
108881  32.818  20.756  53.619 0.2000000030
86437  33.821  22.237  51.552 0.3000000119
80845  36.054  15.366  49.684 0.5000000000
113063  37.111  14.023  49.710 0.6000000238
109423  38.968  12.974  46.831 0.6000000238
79069  41.166  12.585  47.611 0.8000000119
79083  41.511  12.884  46.098 0.6999999881
128409  42.314  12.982  46.261 0.6999999881
79096  43.092  13.290  45.980 0.8999999762
79112  41.673  13.415  44.511 0.6999999881
123620  43.005  13.431  45.134 0.8999999762
79094  44.374  13.824  45.739 0.8999999762
79949  44.968  14.099  46.244 0.8999999762
79972  44.179  13.961  44.091 0.8999999762
79981  45.332  14.706  43.734 0.8999999762
80888  46.230  15.150  44.848 0.8999999762
79993  45.147  14.622  42.784 0.8999999762
114273  45.771  15.105  42.065 0.8999999762
80919  46.788  16.185  41.551 0.8999999762
81816  47.155  16.079  39.923 0.8999999762
81828  48.262  16.967  38.757 0.8000000119
81827  48.935  17.318  38.077 0.8000000119
80937  50.464  16.286  38.396 0.5000000000
81826  50.391  16.830  37.726 0.6000000238
81839  50.234  16.759  37.213 0.6000000238
81841  49.360  16.915  37.183 0.8000000119
80970  49.875  15.763  35.629 0.6000000238
80980  49.887  16.206  35.715 0.6999999881
80051  51.483  14.556  37.138 0.5000000000
76420  48.929  10.394  42.801 0.5000000000
109141  49.500  13.104  39.904 0.5000000000
120194  50.155  14.478  39.025 0.5000000000
80039  50.997  15.187  37.739 0.5000000000
78231  50.133  12.366  39.153 0.5000000000
78242  51.720  12.867  37.224 0.5000000000
86425  33.852  22.330  54.000 0.2000000030
87108  35.522  23.453  53.509 0.3000000119
86420  34.505  22.479  54.863 0.3000000119
86436  34.425  22.736  51.516 0.3000000119
86453  34.724  22.136  49.870 0.4000000060
86452  35.537  22.459  49.528 0.3000000119
85030  35.911  19.791  47.967 0.5000000000
119298  36.410  16.868  48.060 0.5000000000
80851  36.319  15.248  48.661 0.5000000000
79073  37.555  13.817  47.140 0.6000000238
79984  42.028  13.739  43.090 0.6999999881
79997  41.512  14.053  42.331 0.6000000238
79983  42.869  13.721  42.890 0.8999999762
110589  43.251  13.823  41.253 0.8000000119
108670  41.722  14.346  40.704 0.6999999881
80927  46.004  15.046  40.582 0.8999999762
80029  45.740  14.696  39.828 0.8000000119
80940  46.930  15.607  39.213 0.8999999762
80950  47.553  15.922  38.356 0.8999999762
80959  47.900  15.906  37.122 0.8000000119
80960  47.264  15.462  36.434 0.8999999762
80971  48.766  16.177  35.166 0.6999999881
80972  47.724  15.704  34.938 0.8000000119
80983  47.976  15.539  34.184 0.8000000119
87097  36.182  23.313  55.139 0.3000000119
86413  35.689  22.234  56.383 0.2000000030
87106  37.170  24.097  53.974 0.2000000030
87800  39.131  24.755  51.977 0.2000000030
123631  37.008  23.539  55.242 0.3000000119
87075  37.937  22.856  57.328 0.2000000030
119181  36.164  20.647  48.054 0.3000000119
115179  37.188  16.012  46.804 0.6000000238
80863  37.309  15.539  46.084 0.6000000238
81763  37.545  16.036  44.452 0.6000000238
79962  37.574  14.733  45.683 0.6000000238
79974  38.372  14.437  44.584 0.6999999881
79973  39.117  14.104  44.310 0.6999999881
82725  38.886  17.317  41.173 0.5000000000
110825  39.375  17.022  40.650 0.5000000000
81818  40.710  16.512  39.286 0.6999999881
122948  41.205  14.497  41.073 0.6000000238
107754  40.951  14.436  41.696 0.6000000238
82748  39.607  18.218  39.899 0.6000000238
80928  41.095  15.304  39.917 0.6999999881
80943  40.842  15.905  39.591 0.6999999881
80942  41.387  15.441  39.333 0.6999999881
81831  40.861  16.925  38.771 0.6999999881
80941  42.047  14.865  38.996 0.8000000119
108094  42.992  13.911  40.419 0.8000000119
80032  42.553  14.250  39.673 0.8000000119
129898  44.265  13.985  40.220 0.8000000119
81844  41.762  16.974  37.631 0.6999999881
80057  42.558  15.199  37.870 0.8000000119
128620  44.194  14.048  39.143 0.8000000119
80044  42.892  14.342  38.854 0.8000000119
80030  44.763  14.198  39.734 0.8000000119
125808  46.745  15.260  38.537 0.8999999762
80054  45.439  14.540  37.325 0.8999999762
80995  45.648  15.232  33.165 0.8999999762
80067  46.686  15.241  35.662 0.8999999762
80079  46.059  15.233  33.838 0.8999999762
80984  47.555  15.393  33.803 0.8000000119
80078  46.939  15.389  33.612 0.8000000119
80069  45.255  14.891  35.424 0.8000000119
87790  38.414  24.356  54.665 0.2000000030
87135  40.522  23.711  49.250 0.2000000030
127472  41.098  23.721  49.212 0.2000000030
87096  37.603  23.576  55.757 0.2000000030
85739  39.267  21.883  47.838 0.2000000030
87157  39.175  23.172  48.760 0.2000000030
85750  39.879  21.127  47.604 0.4000000060
85740  38.325  21.823  47.893 0.3000000119
85751  38.928  21.130  47.577 0.2000000030
84316  39.440  19.482  47.286 0.4000000060
85036  38.679  20.269  47.416 0.3000000119
84317  37.415  19.264  47.454 0.4000000060
115281  38.699  18.341  44.844 0.5000000000
83536  39.067  18.252  46.657 0.5000000000
84326  40.075  19.123  45.228 0.5000000000
87246  41.348  23.335  38.717 0.6000000238
83578  38.816  18.203  41.333 0.5000000000
114474  44.281  25.149  38.073 0.6000000238
86541  40.726  22.544  38.350 0.6000000238
85071  40.702  20.086  43.363 0.4000000060
87259  43.984  23.975  35.611 0.6000000238
86556  42.196  22.756  35.706 0.6000000238
85843  44.409  22.509  34.972 0.6000000238
86566  44.073  22.455  34.172 0.6000000238
86567  43.267  22.438  34.223 0.6000000238
85844  43.514  21.661  35.855 0.6000000238
85870  43.812  21.304  33.428 0.6000000238
85871  43.605  21.286  33.219 0.6999999881
126603  42.891  20.223  35.723 0.6000000238
115075  43.824  19.649  34.010 0.6999999881
84397  44.050  19.873  33.004 0.8000000119
84403  43.593  19.824  32.454 0.6999999881
82768  42.202  17.445  36.914 0.6999999881
83616  42.848  18.758  35.722 0.6999999881
83607  42.169  18.516  36.636 0.6999999881
83615  43.517  18.858  34.785 0.6999999881
82785  43.758  17.914  34.476 0.8000000119
82793  44.185  18.130  33.128 0.8000000119
80997  44.382  16.281  33.916 0.8000000119
81867  44.358  16.555  32.853 0.8000000119
80985  44.800  15.554  34.175 0.8999999762
81876  44.211  16.202  32.541 0.8000000119
84335  40.525  19.518  44.777 0.5000000000
85063  41.743  20.203  44.830 0.3000000119
84343  40.285  19.694  43.862 0.4000000060
87948  45.411  25.184  38.067 0.5000000000
113741  45.940  23.569  37.915 0.5000000000
85086  41.382  20.866  41.289 0.4000000060
122338  41.444  21.018  40.553 0.4000000060
85746  43.629  21.193  47.567 0.2000000030
85785  42.867  20.956  44.258 0.3000000119
86522  45.785  23.119  40.119 0.5000000000
86513  46.677  23.627  40.718 0.5000000000
119816  42.581  21.789  39.644 0.5000000000
85816  42.560  21.802  38.754 0.5000000000
85106  41.442  20.643  38.015 0.6000000238
86495  44.966  22.127  44.711 0.3000000119
85798  44.547  22.363  41.419 0.4000000060
87147  48.956  24.689  47.014 0.2000000030
87160  48.426  24.324  46.547 0.2000000030
88486  48.708  25.488  47.500 0.2000000030
87852  46.988  24.796  46.406 0.2000000030
89088  47.517  26.185  48.481 0.2000000030
87203  45.742  24.226  43.345 0.3000000119
87216  43.626  23.891  43.028 0.3000000119
109068  39.964  24.483  46.634 0.2000000030
70926  51.339  5.078  53.788 0.3000000119
70927  50.793  4.790  53.515 0.3000000119
110968  50.433  4.945  52.850 0.3000000119
70935  49.796  4.657  52.145 0.3000000119
65827  50.712  -0.178  59.628 0.2000000030
65828  50.036  -0.545  59.535 0.2000000030
71883  51.071  5.260  53.150 0.3000000119
70945  50.279  5.100  51.453 0.3000000119
70946  49.524  4.510  51.235 0.3000000119
66843  52.052  0.526  60.017 0.2000000030
71882  51.753  5.733  53.218 0.3000000119
71891  51.143  5.653  52.457 0.3000000119
70934  50.489  5.279  52.125 0.3000000119
70956  50.059  4.781  50.611 0.3000000119
66842  52.792  0.791  59.644 0.2000000030
67889  53.577  1.293  59.418 0.3000000119
68921  55.299  3.436  59.874 0.3000000119
69932  55.518  4.800  58.494 0.3000000119
72817  51.967  6.227  52.411 0.3000000119
71890  51.588  6.096  51.916 0.3000000119
71898  50.963  5.684  51.700 0.3000000119
108379  49.870  4.597  49.866 0.3000000119
71897  51.675  6.052  51.371 0.3000000119
71905  50.913  5.427  50.837 0.3000000119
70968  50.599  4.850  49.934 0.3000000119
70981  50.148  4.769  49.120 0.3000000119
72804  55.940  7.286  54.500 0.3000000119
70980  51.124  4.870  49.219 0.3000000119
72803  56.425  7.003  54.093 0.3000000119
72814  56.435  7.637  52.442 0.3000000119
72827  56.934  7.440  50.665 0.3000000119
72826  57.408  6.679  50.074 0.3000000119
123807  51.850  4.616  55.236 0.3000000119
69979  50.899  4.468  54.177 0.3000000119
69988  49.742  4.379  52.944 0.3000000119
69996  49.072  3.966  52.568 0.3000000119
64851  49.223  -0.979  59.596 0.2000000030
127238  48.128  -1.812  58.846 0.2000000030
70912  52.269  5.212  54.937 0.3000000119
70936  49.100  4.207  51.805 0.3000000119
70947  48.642  4.012  51.075 0.3000000119
70899  53.979  5.289  57.277 0.3000000119
71848  53.529  5.451  56.334 0.3000000119
70918  51.985  5.490  54.143 0.3000000119
70957  49.219  4.334  50.284 0.3000000119
70890  54.529  5.126  58.228 0.3000000119
71873  52.767  5.874  54.581 0.3000000119
71881  52.500  6.114  53.730 0.3000000119
71913  48.524  4.829  49.062 0.2000000030
124988  53.472  1.199  60.406 0.3000000119
124035  55.111  2.814  60.240 0.3000000119
70881  55.351  4.770  58.833 0.3000000119
71847  54.749  5.961  56.958 0.3000000119
71872  53.720  6.304  55.112 0.3000000119
72807  53.028  6.734  53.298 0.3000000119
72816  52.710  6.831  52.478 0.3000000119
71930  49.235  5.048  48.704 0.3000000119
71931  48.445  5.470  48.481 0.2000000030
70873  55.185  4.372  59.540 0.3000000119
72805  55.077  7.450  54.250 0.3000000119
72815  53.547  7.385  52.794 0.3000000119
72822  52.340  6.692  51.751 0.3000000119
71904  51.845  5.795  50.626 0.3000000119
71912  51.426  5.153  49.982 0.3000000119
72848  49.100  5.665  48.071 0.4000000060
73761  55.547  7.728  53.639 0.3000000119
73762  54.558  7.764  53.243 0.3000000119
73776  53.821  7.842  51.508 0.3000000119
72829  52.369  6.606  51.086 0.3000000119
71929  50.812  5.053  48.476 0.3000000119
112378  49.922  5.317  48.272 0.4000000060
72864  48.964  6.364  47.591 0.4000000060
73767  56.032  7.815  53.066 0.3000000119
73768  55.202  8.153  52.696 0.3000000119
111851  53.056  6.996  50.852 0.3000000119
71911  52.713  5.487  49.604 0.3000000119
71928  51.691  5.029  48.563 0.3000000119
71947  50.544  5.593  47.739 0.4000000060
71948  49.701  5.951  47.622 0.4000000060
73773  56.343  8.059  51.295 0.3000000119
71927  52.607  5.112  48.799 0.3000000119
118423  51.317  5.289  47.903 0.3000000119
72863  50.267  6.311  47.114 0.4000000060
73781  56.660  8.242  50.191 0.4000000060
72846  58.105  7.326  48.437 0.4000000060
72832  57.865  7.021  49.284 0.4000000060
73780  57.336  7.766  49.768 0.4000000060
71924  58.207  6.227  48.687 0.3000000119
71954  58.887  6.080  46.555 0.5000000000
72859  58.655  6.861  47.109 0.4000000060
72885  58.681  6.772  45.387 0.5000000000
109015  58.950  6.274  45.814 0.5000000000
111795  58.560  6.634  44.540 0.5000000000
69981  49.733  3.513  54.123 0.3000000119
113760  49.406  3.768  53.395 0.3000000119
69989  48.691  3.312  53.164 0.3000000119
110766  49.788  -0.614  60.611 0.2000000030
64861  48.370  -1.448  59.714 0.2000000030
70901  51.850  4.138  55.959 0.3000000119
69970  51.148  4.077  55.052 0.3000000119
69980  50.406  3.811  54.483 0.3000000119
69997  48.479  3.765  51.913 0.3000000119
65818  50.623  -0.242  60.605 0.2000000030
70900  52.832  4.707  56.623 0.3000000119
70948  47.777  3.768  50.709 0.3000000119
109779  53.903  4.466  58.646 0.3000000119
113187  52.521  4.945  55.740 0.3000000119
110541  48.663  4.404  49.662 0.2000000030
70958  48.295  4.085  50.169 0.2000000030
66833  53.011  0.883  60.886 0.3000000119
70970  47.920  4.558  49.500 0.2000000030
70971  47.039  4.792  49.443 0.2000000030
67864  53.783  1.406  61.414 0.3000000119
67878  54.901  2.508  60.960 0.3000000119
69924  55.155  3.816  60.190 0.3000000119
71932  47.827  5.936  48.292 0.2000000030
67879  54.227  1.722  60.696 0.3000000119
72850  47.682  6.607  47.870 0.2000000030
73817  48.278  7.632  47.246 0.4000000060
117425  48.822  7.011  47.259 0.4000000060
74687  47.952  8.534  47.305 0.4000000060
73774  55.843  8.244  52.121 0.3000000119
73775  54.853  8.347  51.680 0.3000000119
73783  54.380  7.901  50.453 0.3000000119
72835  53.636  7.047  50.261 0.3000000119
124952  53.309  6.105  49.806 0.3000000119
121179  49.447  6.709  47.157 0.4000000060
74686  48.555  8.332  46.951 0.4000000060
110692  55.661  8.476  51.305 0.3000000119
73790  55.177  8.333  50.005 0.4000000060
72834  54.538  7.592  49.705 0.3000000119
71910  53.993  6.512  49.467 0.3000000119
71946  52.263  5.287  47.684 0.4000000060
72862  51.245  5.906  47.150 0.4000000060
73815  49.939  7.167  46.668 0.4000000060
74696  49.180  8.678  46.599 0.4000000060
73782  55.899  8.531  50.550 0.4000000060
72833  55.394  8.074  49.201 0.4000000060
71926  54.231  5.796  48.735 0.4000000060
71945  53.265  5.321  47.505 0.4000000060
72878  51.594  6.550  46.489 0.4000000060
73826  50.460  7.780  46.230 0.4000000060
75548  49.635  9.307  46.365 0.4000000060
73812  58.253  7.580  46.797 0.4000000060
72845  58.505  6.604  47.924 0.3000000119
72860  58.206  7.518  47.581 0.4000000060
73787  57.554  8.028  48.890 0.4000000060
73802  56.310  8.393  48.827 0.4000000060
71925  55.055  6.104  48.233 0.4000000060
73825  51.226  7.332  46.108 0.4000000060
75547  50.224  9.380  46.009 0.4000000060
76359  49.762  10.153  46.343 0.5000000000
113596  57.064  8.393  48.477 0.4000000060
72861  56.448  7.573  47.454 0.4000000060
71992  58.457  6.565  43.734 0.5000000000
117117  47.734  -1.448  61.204 0.2000000030
69972  49.978  3.233  54.720 0.3000000119
68971  49.398  2.868  54.564 0.3000000119
69982  49.036  3.106  53.888 0.3000000119
108567  50.441  -0.555  62.687 0.2000000030
65811  49.608  -0.704  61.635 0.2000000030
129225  48.292  -1.340  60.704 0.2000000030
64853  47.628  -1.685  60.252 0.1000000015
68951  51.624  3.121  57.165 0.3000000119
69959  51.496  3.456  56.453 0.3000000119
69971  50.466  3.356  55.187 0.3000000119
113115  48.383  3.436  52.520 0.3000000119
69998  47.720  3.211  52.034 0.3000000119
65810  50.521  -0.385  61.697 0.3000000119
64862  47.588  -1.950  59.337 0.1000000015
107752  52.222  3.913  56.938 0.3000000119
70006  47.998  3.593  51.372 0.3000000119
66844  51.352  0.200  60.426 0.3000000119
66824  51.557  0.062  61.892 0.3000000119
69944  52.588  3.628  57.951 0.3000000119
66834  52.365  0.532  61.410 0.3000000119
69958  53.292  4.516  57.591 0.3000000119
70882  55.085  4.900  59.067 0.3000000119
127521  47.615  5.307  48.850 0.2000000030
71914  46.571  5.553  49.007 0.2000000030
68910  55.142  3.223  60.715 0.3000000119
73803  46.995  7.400  47.927 0.3000000119
72851  46.188  7.297  48.486 0.3000000119
74688  47.314  8.802  47.739 0.4000000060
76342  47.556  10.412  48.623 0.6000000238
75516  47.932  10.098  47.733 0.5000000000
117839  48.568  10.104  47.213 0.5000000000
76344  49.090  10.773  47.005 0.5000000000
129656  49.684  10.830  46.546 0.6000000238
123022  49.771  11.467  46.730 0.6000000238
73813  57.748  8.017  47.233 0.4000000060
112735  57.144  8.156  47.702 0.5000000000
72847  55.727  7.584  48.333 0.4000000060
71943  55.194  5.674  47.417 0.4000000060
71971  54.357  5.613  46.140 0.4000000060
72876  53.243  5.894  46.239 0.4000000060
72890  51.951  7.051  45.891 0.4000000060
74702  51.312  8.651  45.591 0.4000000060
76358  50.617  10.203  45.859 0.5000000000
77244  50.607  11.795  46.366 0.6000000238
77235  50.085  12.317  47.059 0.6000000238
73824  57.878  7.823  46.641 0.4000000060
73814  57.315  7.853  46.959 0.4000000060
120947  56.025  6.123  47.069 0.4000000060
72888  53.629  6.313  45.483 0.4000000060
73835  52.395  7.734  45.255 0.4000000060
74701  51.984  8.640  45.235 0.4000000060
75556  51.732  9.428  45.350 0.5000000000
77255  51.212  11.131  45.798 0.6000000238
72873  58.654  6.958  46.299 0.4000000060
71955  56.747  7.033  46.555 0.4000000060
72874  58.290  7.477  46.108 0.4000000060
72886  58.265  7.093  45.407 0.5000000000
71981  57.453  6.225  44.144 0.5000000000
65799  50.208  -0.508  63.602 0.2000000030
65800  49.110  -0.578  63.603 0.2000000030
121139  48.606  -0.875  62.622 0.2000000030
108894  49.452  -0.742  62.589 0.2000000030
64841  48.655  -1.053  61.636 0.2000000030
64842  47.845  -1.171  62.199 0.2000000030
68939  51.011  2.376  57.347 0.3000000119
68952  50.849  2.773  56.479 0.3000000119
68953  50.066  2.284  56.066 0.3000000119
68964  49.834  2.672  55.277 0.3000000119
68972  48.706  2.476  54.369 0.3000000119
68978  48.299  2.670  53.679 0.3000000119
128844  51.264  -0.308  62.761 0.3000000119
68937  52.365  3.166  58.600 0.3000000119
68963  50.457  2.887  55.754 0.3000000119
70007  47.248  3.409  51.209 0.3000000119
109768  46.743  2.986  51.814 0.3000000119
69935  53.314  3.744  59.059 0.3000000119
70016  46.901  3.839  50.535 0.2000000030
70017  46.165  4.023  50.418 0.3000000119
66822  53.279  1.060  62.109 0.3000000119
69926  53.914  3.697  60.161 0.3000000119
69934  54.624  4.345  59.627 0.3000000119
70960  46.562  4.353  49.960 0.2000000030
69917  54.939  3.356  60.992 0.3000000119
69925  54.916  3.916  60.401 0.3000000119
72836  46.001  6.414  48.806 0.2000000030
112461  45.726  5.734  49.294 0.2000000030
70961  45.759  4.545  50.060 0.2000000030
75518  46.693  9.080  48.438 0.5000000000
74676  46.374  8.179  48.404 0.3000000119
76341  48.100  10.871  48.288 0.6000000238
77237  48.641  11.320  47.894 0.6000000238
78158  49.457  12.533  49.058 0.6000000238
77232  48.995  11.992  48.372 0.6000000238
78164  49.722  12.543  47.975 0.6000000238
78178  50.989  12.674  46.671 0.6000000238
79065  51.375  13.589  47.664 0.6000000238
65784  49.833  -0.164  64.602 0.2000000030
65785  48.620  0.081  64.865 0.2000000030
121235  47.918  -0.625  63.499 0.2000000030
68924  51.792  2.641  58.842 0.3000000119
67890  51.094  2.156  58.197 0.3000000119
67909  50.310  1.962  56.813 0.3000000119
67920  49.345  1.915  55.683 0.3000000119
68965  49.064  2.231  55.005 0.3000000119
67926  47.988  2.045  54.257 0.3000000119
68912  53.132  3.203  60.661 0.3000000119
68938  51.723  2.795  57.967 0.3000000119
69990  47.942  2.912  52.918 0.3000000119
68990  47.127  2.634  52.609 0.3000000119
68923  52.681  3.192  59.492 0.3000000119
68991  46.244  2.523  52.392 0.3000000119
66823  52.624  0.622  62.781 0.3000000119
70008  46.226  3.451  51.015 0.2000000030
69999  45.799  3.008  51.769 0.2000000030
68900  54.145  2.879  61.844 0.3000000119
68911  54.349  3.352  61.213 0.3000000119
70018  45.394  4.037  50.633 0.2000000030
70009  45.268  3.462  51.197 0.2000000030
67862  54.602  2.572  61.650 0.3000000119
69911  54.658  3.023  61.607 0.3000000119
73804  45.677  8.097  49.076 0.3000000119
72852  45.554  7.178  48.969 0.2000000030
70973  45.384  5.215  49.771 0.2000000030
124020  44.957  4.778  50.246 0.2000000030
70019  44.545  4.338  50.791 0.2000000030
70010  44.404  3.688  51.325 0.2000000030
67863  54.428  1.992  61.654 0.3000000119
76335  47.929  11.091  50.008 0.5000000000
75512  46.456  9.470  49.380 0.4000000060
74666  45.923  8.972  49.730 0.3000000119
68899  54.999  3.024  61.328 0.3000000119
77225  49.144  12.035  50.714 0.5000000000
78153  50.353  13.083  50.421 0.6000000238
78157  50.235  13.102  49.493 0.6000000238
78163  50.282  13.100  48.523 0.6000000238
79041  51.694  13.971  49.333 0.6000000238
79054  50.970  13.510  48.181 0.6000000238
65771  46.905  0.985  65.523 0.2000000030
65786  47.411  0.130  64.893 0.2000000030
65768  50.427  0.467  64.943 0.2000000030
65782  51.775  0.333  63.994 0.3000000119
65798  51.270  -0.201  63.711 0.3000000119
117626  50.717  -0.116  64.348 0.2000000030
68913  52.044  2.668  59.897 0.3000000119
67910  49.563  1.599  56.410 0.3000000119
67921  48.614  1.572  55.353 0.3000000119
65809  51.990  0.126  63.340 0.3000000119
111162  51.471  2.401  60.371 0.3000000119
68979  47.449  2.199  53.467 0.3000000119
68902  52.400  2.700  61.098 0.3000000119
68980  46.618  2.026  53.022 0.3000000119
66812  53.093  1.461  62.835 0.3000000119
68992  45.366  2.532  52.295 0.2000000030
68982  44.789  2.102  52.787 0.2000000030
67836  53.856  2.070  62.469 0.3000000119
69001  44.915  3.010  51.740 0.2000000030
68993  44.649  2.613  52.208 0.2000000030
70000  44.047  3.024  51.897 0.2000000030
67847  54.278  2.172  62.095 0.3000000119
68892  54.244  2.522  62.005 0.3000000119
74664  45.352  8.411  50.089 0.3000000119
72837  44.758  6.672  49.711 0.2000000030
72830  44.323  6.183  50.117 0.2000000030
70949  43.654  4.497  51.201 0.2000000030
70950  42.972  4.134  51.768 0.2000000030
129218  51.040  13.357  51.242 0.6000000238
76331  48.106  11.005  50.908 0.5000000000
75509  46.421  9.576  50.349 0.4000000060
74663  45.878  9.091  50.736 0.3000000119
73784  44.831  7.900  50.565 0.3000000119
117106  44.026  6.817  50.637 0.2000000030
72824  43.687  6.179  50.739 0.2000000030
71899  43.332  5.491  51.116 0.2000000030
79023  51.007  13.487  50.714 0.6000000238
73777  44.885  8.047  51.556 0.3000000119
73778  44.322  7.445  51.011 0.2000000030
118162  43.314  6.274  51.366 0.2000000030
126562  43.385  6.721  52.136 0.2000000030
130740  48.604  0.822  65.552 0.2000000030
65770  47.904  0.755  65.383 0.2000000030
65769  49.446  0.620  65.358 0.2000000030
66785  50.813  0.858  64.860 0.2000000030
66813  52.270  0.862  63.596 0.3000000119
66800  51.520  0.760  64.314 0.2000000030
65783  51.220  0.352  64.429 0.2000000030
109139  50.640  2.038  60.235 0.3000000119
67880  51.055  2.159  59.276 0.3000000119
67891  50.404  1.691  58.434 0.3000000119
67900  49.811  1.329  57.871 0.3000000119
67824  51.733  1.267  63.898 0.2000000030
67849  52.207  1.926  63.068 0.3000000119
127151  51.500  2.347  61.572 0.3000000119
67899  50.424  1.763  57.606 0.3000000119
112090  49.727  1.409  57.123 0.3000000119
66871  49.066  1.015  56.720 0.3000000119
67911  48.846  1.235  56.038 0.3000000119
67922  47.852  1.346  54.913 0.3000000119
67927  47.278  1.567  54.197 0.3000000119
126213  52.561  1.483  63.286 0.3000000119
68894  52.888  2.478  62.297 0.3000000119
112224  46.545  1.213  54.090 0.3000000119
67939  46.136  1.552  53.486 0.2000000030
68893  53.745  2.483  62.288 0.3000000119
68901  53.534  2.905  61.701 0.3000000119
67940  45.292  1.503  53.385 0.2000000030
67941  44.403  1.462  53.313 0.2000000030
67942  43.506  1.462  53.271 0.2000000030
121946  44.162  2.457  52.391 0.2000000030
68994  43.483  2.622  52.366 0.2000000030
68995  42.640  2.861  52.398 0.2000000030
70002  42.386  3.683  52.164 0.2000000030
70938  41.652  4.096  52.462 0.2000000030
79894  52.949  14.258  52.199 0.6999999881
78147  49.940  12.238  51.999 0.5000000000
75505  46.999  10.061  50.900 0.4000000060
75506  46.498  9.552  51.312 0.4000000060
72818  42.808  5.942  51.850 0.2000000030
71892  42.306  5.314  52.195 0.2000000030
71893  41.741  4.910  52.590 0.3000000119
79886  53.283  14.574  53.008 0.6999999881
78145  51.346  12.845  52.680 0.6000000238
77210  49.638  11.345  53.136 0.5000000000
75500  47.796  10.260  52.263 0.4000000060
74660  46.004  9.046  51.719 0.3000000119
74658  45.545  8.510  52.117 0.3000000119
73765  44.595  7.482  52.874 0.3000000119
72810  43.884  6.982  53.180 0.4000000060
77217  50.135  11.967  52.787 0.6000000238
76317  49.894  11.018  53.953 0.5000000000
75497  48.001  9.932  53.000 0.4000000060
74656  46.969  9.121  53.010 0.3000000119
74651  47.329  8.810  53.777 0.3000000119
67812  47.185  1.499  65.277 0.2000000030
67829  46.640  1.808  65.110 0.2000000030
66786  49.925  0.979  65.426 0.2000000030
66787  48.957  1.140  65.659 0.2000000030
64864  43.591  -1.406  59.852 0.1000000015
64865  42.877  -1.823  59.861 0.1000000015
65832  45.080  -0.487  60.053 0.1000000015
64855  44.327  -0.929  59.982 0.1000000015
110901  44.052  -1.337  59.172 0.1000000015
63933  43.240  -1.832  59.032 0.1000000015
125113  42.694  -2.272  58.596 0.1000000015
63955  42.073  -2.661  58.631 0.1000000015
109777  41.497  -2.606  57.845 0.1000000015
63974  40.494  -2.534  57.406 0.1000000015
63975  39.508  -2.530  57.422 0.1000000015
64893  39.012  -2.064  56.804 0.2000000030
65831  45.487  -0.521  59.314 0.1000000015
64863  44.770  -0.902  59.283 0.1000000015
64877  44.516  -1.224  58.481 0.1000000015
64878  43.827  -1.604  58.407 0.1000000015
64879  43.156  -1.960  58.135 0.1000000015
63954  42.415  -2.310  57.934 0.1000000015
64891  42.085  -2.171  57.151 0.1000000015
63985  41.240  -2.201  56.967 0.1000000015
64907  40.555  -2.072  56.724 0.1000000015
64908  39.399  -1.580  56.261 0.1000000015
67825  51.089  1.114  64.632 0.2000000030
67865  50.208  1.898  61.092 0.3000000119
114239  49.707  1.651  60.031 0.3000000119
67881  50.132  1.674  59.257 0.3000000119
64876  45.129  -0.854  58.719 0.1000000015
64888  44.500  -1.293  57.714 0.1000000015
64889  43.774  -1.639  57.588 0.1000000015
64890  42.931  -1.975  57.307 0.1000000015
64905  42.569  -1.747  56.564 0.1000000015
64906  41.761  -1.802  56.474 0.1000000015
114898  40.983  -1.731  56.333 0.1000000015
64925  40.656  -1.226  55.765 0.1000000015
65866  38.951  -0.979  55.770 0.2000000030
117922  51.297  1.664  63.568 0.3000000119
123361  49.231  1.261  59.142 0.3000000119
67892  49.763  1.383  58.564 0.3000000119
66862  49.231  0.983  58.199 0.3000000119
127193  49.204  0.947  57.413 0.3000000119
130540  48.667  0.610  57.032 0.3000000119
66885  48.158  0.916  55.660 0.3000000119
64902  45.088  -1.024  57.242 0.1000000015
64903  44.320  -1.330  56.926 0.1000000015
65863  43.993  -1.154  56.072 0.1000000015
65864  42.936  -1.223  55.880 0.1000000015
65881  42.050  -0.996  55.506 0.1000000015
65882  41.196  -0.774  55.318 0.1000000015
65883  40.286  -0.578  55.244 0.1000000015
65884  39.359  -0.408  55.271 0.1000000015
125500  47.746  0.448  55.951 0.3000000119
66900  47.027  0.909  54.711 0.3000000119
65862  45.006  -0.932  56.350 0.1000000015
65879  44.539  -0.628  55.533 0.1000000015
65880  43.579  -0.695  55.351 0.1000000015
128588  42.438  -0.098  54.660 0.1000000015
66892  41.834  -0.394  54.897 0.1000000015
66893  40.862  -0.035  54.662 0.1000000015
66894  39.823  0.143  54.746 0.1000000015
66909  38.797  1.317  54.557 0.1000000015
66901  46.215  0.655  54.593 0.3000000119
66888  45.865  0.094  55.096 0.2000000030
66889  44.991  -0.107  54.976 0.1000000015
66890  44.068  -0.163  54.871 0.1000000015
66905  42.712  0.357  54.230 0.1000000015
66906  41.756  0.342  54.291 0.1000000015
67933  41.296  1.070  53.750 0.1000000015
120345  39.849  1.291  54.092 0.1000000015
67935  39.240  1.742  54.253 0.2000000030
67928  45.750  1.021  53.960 0.2000000030
66903  44.491  0.375  54.369 0.2000000030
67930  44.004  0.905  53.809 0.2000000030
67931  43.104  0.888  53.727 0.2000000030
67932  42.191  0.944  53.719 0.2000000030
67944  41.670  1.697  53.289 0.1000000015
67945  40.775  1.839  53.441 0.1000000015
68986  39.759  3.069  53.727 0.2000000030
68974  39.135  2.765  54.308 0.2000000030
67943  42.600  1.546  53.255 0.2000000030
109846  41.097  2.643  52.996 0.2000000030
69992  40.385  3.380  53.336 0.1000000015
70921  40.346  4.501  54.304 0.2000000030
70928  41.161  4.525  53.028 0.1000000015
71885  41.527  5.248  53.405 0.2000000030
117603  41.045  4.956  54.854 0.2000000030
124426  43.016  6.484  52.820 0.2000000030
72812  42.624  6.147  53.405 0.3000000119
71884  42.157  5.780  53.916 0.3000000119
74652  46.574  8.529  53.385 0.3000000119
73764  45.389  7.707  53.356 0.4000000060
72811  43.359  6.518  53.788 0.4000000060
72800  43.592  6.313  54.538 0.4000000060
79010  52.571  13.499  53.528 0.6000000238
78126  51.923  12.434  54.502 0.5000000000
77199  50.664  11.416  54.419 0.4000000060
75496  48.479  10.144  53.369 0.3000000119
75498  47.679  9.409  53.384 0.3000000119
115492  33.303  -5.603  62.339 0.1000000015
61041  32.202  -5.270  60.801 0.1000000015
110238  32.397  -4.530  60.140 0.1000000015
129511  33.992  -5.539  62.324 0.1000000015
119759  33.659  -5.589  61.547 0.1000000015
61040  33.190  -5.265  60.632 0.1000000015
62992  32.119  -3.513  59.712 0.1000000015
121676  35.584  -5.200  60.706 0.1000000015
62016  34.836  -5.098  60.402 0.1000000015
62017  33.955  -4.868  60.184 0.1000000015
63009  32.719  -3.200  59.338 0.1000000015
63939  32.243  -2.615  59.461 0.1000000015
64867  32.294  -1.698  59.366 0.1000000015
61990  37.354  -4.387  62.038 0.1000000015
62003  36.826  -4.774  61.405 0.1000000015
62035  35.546  -4.648  59.973 0.1000000015
62036  34.555  -4.446  59.738 0.1000000015
63937  33.841  -2.888  58.690 0.1000000015
63938  32.996  -2.461  58.896 0.1000000015
62977  38.090  -4.087  61.616 0.1000000015
62014  37.065  -4.596  60.612 0.1000000015
62034  36.507  -4.475  59.919 0.1000000015
63006  35.072  -3.931  59.361 0.1000000015
63029  34.754  -3.301  58.806 0.1000000015
129478  33.479  -2.441  58.645 0.1000000015
65773  44.438  0.013  65.440 0.2000000030
62976  38.885  -3.652  61.622 0.1000000015
62991  37.805  -4.254  60.690 0.1000000015
63004  37.340  -4.251  59.914 0.2000000030
119297  36.724  -3.866  59.347 0.2000000030
129441  35.447  -3.531  58.974 0.2000000030
63028  35.407  -3.022  58.465 0.1000000015
63962  34.584  -2.559  58.345 0.1000000015
114079  44.303  0.103  62.702 0.2000000030
65802  43.693  -0.343  62.909 0.2000000030
113213  39.256  -3.570  60.932 0.1000000015
62990  38.932  -3.741  60.308 0.1000000015
122006  38.242  -3.956  59.950 0.2000000030
63027  36.113  -3.439  58.812 0.2000000030
67811  48.305  1.479  65.344 0.2000000030
66788  48.005  1.183  65.515 0.2000000030
66789  46.107  1.399  65.296 0.2000000030
65812  44.707  0.145  62.036 0.2000000030
65813  43.879  -0.460  61.721 0.2000000030
62988  40.009  -3.336  60.874 0.1000000015
62989  39.579  -3.549  60.232 0.1000000015
63002  39.028  -3.586  59.530 0.2000000030
113618  37.829  -3.329  58.643 0.2000000030
63959  37.313  -2.824  58.063 0.2000000030
63960  36.267  -2.726  58.110 0.2000000030
64895  35.082  -1.608  57.534 0.2000000030
116572  45.183  0.143  61.413 0.2000000030
65821  44.618  -0.384  60.916 0.2000000030
64856  43.796  -0.953  60.652 0.2000000030
64857  42.655  -1.741  60.634 0.1000000015
63925  42.187  -2.237  60.044 0.1000000015
63935  41.768  -2.760  59.419 0.1000000015
63936  40.880  -3.128  59.650 0.1000000015
63024  39.532  -3.263  58.789 0.2000000030
63958  38.215  -2.876  58.060 0.2000000030
63977  37.740  -2.347  57.461 0.2000000030
124127  36.543  -1.582  57.005 0.2000000030
66828  45.456  0.735  62.407 0.2000000030
65820  45.331  -0.104  60.726 0.2000000030
63934  42.507  -2.371  59.243 0.1000000015
63956  41.254  -2.913  58.752 0.1000000015
111709  39.981  -2.945  58.097 0.2000000030
120644  37.287  -1.743  56.914 0.2000000030
65819  45.913  -0.043  60.157 0.2000000030
64909  38.556  -1.449  56.320 0.2000000030
65868  37.321  -0.537  55.928 0.2000000030
67809  50.293  1.201  65.012 0.2000000030
67826  50.643  1.487  64.409 0.2000000030
67851  50.146  1.762  63.165 0.2000000030
109813  49.605  1.746  61.831 0.2000000030
67866  49.241  1.542  60.725 0.2000000030
123734  48.987  1.331  59.949 0.2000000030
65843  45.739  -0.623  58.508 0.1000000015
64887  45.133  -0.979  58.042 0.1000000015
65885  38.481  -0.270  55.381 0.2000000030
65886  37.766  -0.168  55.564 0.2000000030
67850  50.839  1.976  62.424 0.3000000119
66863  48.619  0.583  57.692 0.3000000119
66872  48.326  0.605  56.394 0.3000000119
65851  46.502  -0.479  57.186 0.1000000015
66896  37.928  0.513  55.243 0.2000000030
66873  47.665  0.213  56.410 0.3000000119
66886  47.440  0.632  55.395 0.3000000119
108837  45.741  -0.749  56.825 0.1000000015
68966  38.454  2.990  55.011 0.2000000030
66874  47.068  0.081  55.942 0.3000000119
126572  46.305  -0.106  55.662 0.2000000030
65878  45.544  -0.452  55.729 0.1000000015
69974  39.067  3.619  54.873 0.2000000030
127534  39.457  3.531  54.259 0.2000000030
109559  39.476  4.137  55.555 0.2000000030
69973  40.361  4.591  55.397 0.2000000030
70906  40.882  4.601  56.268 0.2000000030
71877  41.620  5.376  54.396 0.3000000119
71867  41.828  5.263  55.343 0.2000000030
71875  43.351  5.949  55.073 0.3000000119
120295  43.135  5.570  55.594 0.3000000119
71854  43.310  5.172  56.213 0.3000000119
74642  47.602  8.479  54.530 0.3000000119
73757  46.452  7.603  54.514 0.4000000060
72798  45.173  6.837  54.632 0.3000000119
72791  44.742  6.395  55.048 0.4000000060
71865  43.909  5.560  55.766 0.3000000119
110354  45.371  5.634  56.188 0.3000000119
80800  52.941  16.133  54.128 0.6999999881
78995  53.339  14.098  55.009 0.6000000238
78125  52.671  12.869  55.026 0.5000000000
77186  51.003  11.173  55.267 0.4000000060
76297  50.565  10.479  55.585 0.4000000060
75474  49.463  9.375  55.463 0.3000000119
74626  49.189  8.705  55.818 0.4000000060
74610  49.564  8.437  56.574 0.4000000060
81666  52.304  17.012  54.677 0.6999999881
61025  30.852  -5.272  61.577 0.1000000015
62005  30.681  -4.636  61.028 0.1000000015
61005  31.471  -5.588  61.923 0.1000000015
61024  31.436  -5.246  61.142 0.1000000015
62978  30.268  -3.674  60.881 0.1000000015
61976  34.428  -4.997  63.634 0.1000000015
62019  31.557  -4.667  60.571 0.1000000015
112727  31.680  -4.035  60.128 0.1000000015
62993  31.403  -3.295  60.091 0.1000000015
116177  44.013  0.448  66.925 0.1000000015
62942  36.276  -3.939  64.665 0.1000000015
61956  35.819  -4.359  63.994 0.1000000015
61020  35.274  -5.356  62.202 0.1000000015
63940  31.699  -2.776  59.792 0.1000000015
65758  43.855  -0.174  66.119 0.1000000015
61974  36.317  -4.679  63.178 0.1000000015
61991  36.622  -4.757  62.299 0.1000000015
62004  35.993  -5.206  61.550 0.1000000015
64868  31.704  -2.019  59.799 0.1000000015
62965  37.945  -3.995  62.542 0.1000000015
64866  32.825  -1.273  58.825 0.1000000015
111950  44.433  0.343  63.815 0.2000000030
62963  39.179  -3.246  63.319 0.1000000015
113119  38.547  -3.749  62.238 0.1000000015
65774  44.138  -0.136  65.190 0.2000000030
64814  43.331  -0.648  63.488 0.2000000030
64829  43.021  -0.937  62.837 0.2000000030
64815  42.635  -1.201  63.470 0.2000000030
63902  40.520  -2.657  62.553 0.1000000015
63917  39.930  -3.001  62.232 0.1000000015
108114  39.236  -3.375  62.426 0.1000000015
113865  33.947  -1.061  57.968 0.1000000015
65844  33.839  -0.174  57.867 0.1000000015
65788  44.722  0.559  65.125 0.2000000030
64831  41.736  -2.015  62.473 0.2000000030
116349  41.935  -1.792  63.098 0.2000000030
63901  41.168  -2.363  62.094 0.2000000030
63916  40.473  -2.889  61.606 0.1000000015
62975  39.633  -3.305  61.623 0.1000000015
64845  43.107  -1.005  62.059 0.2000000030
64846  42.530  -1.616  61.479 0.2000000030
64847  41.865  -2.050  61.764 0.2000000030
121244  40.257  -3.345  60.179 0.1000000015
64896  34.572  -0.811  57.491 0.1000000015
66802  45.545  1.381  65.121 0.2000000030
66790  45.338  1.042  65.345 0.2000000030
107769  43.192  -1.200  61.145 0.2000000030
63914  41.993  -2.141  60.898 0.1000000015
63927  40.741  -3.001  60.631 0.1000000015
65853  35.932  -1.040  56.838 0.2000000030
65870  35.180  -0.224  56.893 0.1000000015
67810  49.322  1.351  65.333 0.2000000030
67827  48.765  1.811  64.937 0.2000000030
67828  47.566  1.944  64.877 0.2000000030
66827  46.302  0.961  61.911 0.2000000030
66838  45.796  0.357  61.197 0.2000000030
66837  46.539  0.554  60.803 0.2000000030
64911  36.757  -0.982  56.444 0.2000000030
121905  49.697  1.571  64.890 0.2000000030
108226  48.856  1.717  62.687 0.2000000030
67852  48.617  1.469  61.365 0.2000000030
67867  48.480  1.233  60.412 0.2000000030
66847  46.768  0.296  59.870 0.2000000030
65830  46.268  -0.204  59.181 0.2000000030
66875  37.121  0.428  55.700 0.2000000030
66845  48.348  0.931  59.537 0.2000000030
66856  48.542  0.723  58.572 0.3000000119
66846  47.524  0.584  59.653 0.2000000030
65829  47.044  0.145  59.014 0.2000000030
65842  46.590  -0.341  58.194 0.2000000030
65852  45.808  -0.736  57.647 0.1000000015
67912  36.698  1.448  55.976 0.2000000030
66857  47.962  0.239  58.009 0.3000000119
65841  47.281  -0.136  57.557 0.3000000119
69975  38.730  3.598  55.656 0.2000000030
67923  37.460  1.410  55.460 0.2000000030
65850  47.157  -0.143  56.728 0.3000000119
69962  40.139  4.334  56.339 0.3000000119
70914  41.304  4.889  55.795 0.2000000030
70905  41.749  4.593  56.666 0.2000000030
70904  43.546  4.566  56.953 0.3000000119
110392  44.139  4.185  57.497 0.3000000119
70902  45.369  4.939  56.858 0.3000000119
70903  44.552  4.609  56.978 0.3000000119
74611  48.860  8.113  56.228 0.4000000060
73748  47.498  7.519  55.563 0.4000000060
72778  48.172  6.872  57.021 0.3000000119
71863  46.077  5.962  56.166 0.3000000119
126980  46.764  5.520  57.391 0.3000000119
80766  52.911  15.431  55.657 0.6000000238
78111  52.975  12.778  55.997 0.5000000000
77184  52.704  12.116  56.371 0.4000000060
76296  51.446  10.887  56.128 0.3000000119
76279  50.945  10.189  56.388 0.2000000030
75459  49.839  9.119  56.219 0.4000000060
74594  49.997  8.154  57.378 0.3000000119
73731  49.259  7.789  56.956 0.4000000060
62979  29.598  -3.297  61.399 0.1000000015
62994  30.740  -3.032  60.500 0.1000000015
63929  30.648  -2.085  60.719 0.1000000015
65742  44.366  -0.332  67.566 0.1000000015
65748  44.106  -0.328  66.782 0.1000000015
63872  37.302  -2.961  65.774 0.1000000015
62925  36.769  -3.518  65.280 0.1000000015
62954  36.693  -4.161  63.835 0.1000000015
64859  31.256  -1.541  60.403 0.1000000015
107965  44.062  -0.224  65.644 0.1000000015
62924  37.637  -3.402  65.040 0.2000000030
62941  37.936  -3.604  64.210 0.2000000030
130107  37.378  -3.931  63.769 0.1000000015
62923  38.258  -3.262  64.784 0.2000000030
62940  38.538  -3.300  64.312 0.2000000030
62953  37.934  -3.823  63.361 0.1000000015
65834  32.347  -0.700  59.486 0.1000000015
62964  38.572  -3.627  62.938 0.1000000015
65833  32.812  -0.198  58.970 0.1000000015
65789  43.954  -0.112  64.134 0.2000000030
64802  43.361  -0.686  64.310 0.2000000030
63891  41.235  -2.219  63.003 0.2000000030
63892  40.469  -2.527  63.426 0.2000000030
66858  33.372  0.328  58.532 0.1000000015
64816  41.937  -1.659  63.847 0.2000000030
129220  41.570  -1.948  63.458 0.2000000030
63880  41.178  -2.102  63.964 0.2000000030
127492  33.919  0.812  58.023 0.1000000015
66803  45.011  1.054  64.767 0.2000000030
65855  34.434  0.280  57.407 0.1000000015
65869  36.043  -0.210  56.448 0.2000000030
66877  35.570  0.671  56.603 0.2000000030
65854  34.932  0.729  57.016 0.2000000030
66814  46.917  1.451  62.732 0.2000000030
66836  47.289  0.759  60.454 0.2000000030
67901  36.003  1.967  57.007 0.2000000030
110590  49.440  1.833  64.119 0.2000000030
67837  48.358  1.908  63.970 0.2000000030
67913  36.026  1.433  56.526 0.2000000030
130205  36.966  2.759  57.704 0.2000000030
66825  47.856  1.172  60.934 0.2000000030
127538  47.345  0.040  58.317 0.2000000030
66835  47.901  0.930  60.183 0.2000000030
111446  47.792  0.445  58.859 0.2000000030
68967  38.015  3.047  55.812 0.2000000030
68954  37.750  3.136  56.728 0.2000000030
69964  38.508  3.529  56.564 0.2000000030
69950  38.360  3.394  57.367 0.2000000030
69947  41.794  3.972  57.483 0.3000000119
69963  39.312  3.942  56.475 0.2000000030
69936  44.178  3.802  58.117 0.3000000119
70892  42.642  4.257  57.253 0.3000000119
70883  46.224  4.741  58.145 0.3000000119
70891  45.574  4.593  57.604 0.3000000119
72769  49.311  6.821  58.171 0.3000000119
71849  47.080  6.015  57.092 0.3000000119
71839  47.340  5.677  57.751 0.3000000119
116723  50.994  17.582  55.359 0.6999999881
79850  52.916  15.097  56.289 0.6000000238
78956  53.348  13.903  56.595 0.5000000000
78091  53.284  12.731  56.937 0.4000000060
77162  53.056  12.067  57.383 0.3000000119
76278  51.910  10.598  57.179 0.4000000060
75446  51.075  9.311  57.460 0.3000000119
74593  50.843  8.596  57.905 0.4000000060
73713  50.520  7.859  58.300 0.3000000119
64849  30.064  -1.829  61.362 0.1000000015
128044  43.948  -0.279  65.763 0.1000000015
63871  38.269  -2.847  65.441 0.1000000015
66770  40.925  0.377  67.104 0.1000000015
65752  40.291  -0.208  66.757 0.1000000015
64778  39.928  -1.071  66.201 0.1000000015
63870  39.197  -2.534  65.311 0.1000000015
63883  38.824  -2.984  64.778 0.2000000030
66850  32.569  0.216  59.772 0.1000000015
63869  40.059  -2.314  65.149 0.2000000030
63882  39.551  -2.728  64.583 0.2000000030
116236  43.372  -0.710  65.196 0.2000000030
64789  42.493  -1.136  65.473 0.2000000030
64805  40.918  -2.039  64.933 0.2000000030
63881  40.323  -2.438  64.312 0.2000000030
64803  42.596  -1.217  64.511 0.2000000030
64804  41.778  -1.677  64.747 0.2000000030
67903  34.590  1.208  57.594 0.1000000015
66801  46.041  1.644  64.846 0.2000000030
67894  35.109  1.926  58.025 0.1000000015
67839  46.737  1.822  64.310 0.2000000030
66816  45.464  1.200  64.033 0.2000000030
68932  35.810  2.210  57.639 0.1000000015
67902  35.364  1.511  57.134 0.1000000015
67838  47.549  1.810  63.541 0.2000000030
66826  47.112  1.070  61.428 0.2000000030
68931  36.462  2.580  58.081 0.2000000030
67853  47.834  1.479  62.135 0.2000000030
68941  37.709  3.074  57.752 0.2000000030
68928  39.593  2.901  58.853 0.2000000030
69940  40.166  3.404  58.188 0.2000000030
107705  41.758  3.464  58.102 0.2000000030
69927  44.053  3.770  58.925 0.3000000119
69937  43.429  3.554  58.433 0.3000000119
70875  45.402  4.512  59.231 0.3000000119
71827  47.573  5.353  59.224 0.3000000119
70874  46.187  4.720  58.965 0.3000000119
80769  50.446  16.529  55.379 0.5000000000
79852  51.242  15.087  55.899 0.4000000060
126425  51.357  13.772  57.024 0.4000000060
78077  52.211  13.056  58.276 0.4000000060
72764  50.710  6.872  59.800 0.3000000119
72759  51.219  6.793  61.066 0.3000000119
110711  48.043  5.550  58.894 0.3000000119
80768  52.056  16.016  56.006 0.6000000238
79833  52.432  14.693  56.812 0.4000000060
78943  53.026  13.675  57.630 0.4000000060
78938  52.891  13.094  58.141 0.4000000060
76269  53.061  11.179  58.900 0.4000000060
76264  53.009  10.744  59.704 0.4000000060
75417  53.060  9.320  60.739 0.4000000060
73701  51.161  7.544  59.396 0.3000000119
66756  43.817  1.073  66.978 0.1000000015
122480  43.556  0.812  66.900 0.1000000015
67790  43.085  1.351  67.125 0.1000000015
66767  43.769  0.403  66.665 0.1000000015
65750  43.134  0.082  66.572 0.1000000015
66768  42.708  0.769  66.950 0.1000000015
111505  41.283  -0.160  66.713 0.1000000015
65749  43.775  0.024  66.360 0.1000000015
65751  42.248  -0.042  66.671 0.1000000015
64791  40.505  -1.709  65.624 0.1000000015
64792  39.595  -1.892  65.769 0.1000000015
65759  43.355  -0.525  65.953 0.1000000015
119728  42.668  -0.595  66.183 0.1000000015
65760  41.895  -0.906  66.193 0.1000000015
64790  41.459  -1.505  65.527 0.1000000015
68915  40.907  2.388  59.724 0.1000000015
121466  38.826  2.720  58.971 0.1000000015
68914  41.609  2.534  59.921 0.1000000015
68927  40.579  2.820  59.031 0.2000000030
69929  42.632  3.094  59.402 0.2000000030
71821  45.902  5.229  60.710 0.2000000030
70877  43.804  3.996  59.805 0.2000000030
69938  42.099  3.055  58.742 0.2000000030
70865  46.091  4.944  59.828 0.3000000119
70876  44.592  4.277  59.506 0.3000000119
71810  48.960  5.768  61.908 0.2000000030
125579  48.075  5.585  61.022 0.2000000030
71809  49.814  6.060  61.929 0.3000000119
71819  47.790  5.440  60.136 0.3000000119
81641  49.994  17.801  55.641 0.5000000000
81654  49.410  16.631  55.226 0.4000000060
78978  50.553  14.415  55.678 0.4000000060
78959  50.668  13.727  56.366 0.4000000060
78078  51.283  12.810  58.002 0.4000000060
73665  51.786  7.350  61.600 0.3000000119
72748  51.734  7.470  62.035 0.3000000119
74546  50.998  7.505  62.290 0.3000000119
77143  52.442  11.799  59.222 0.4000000060
77138  52.154  11.188  59.764 0.4000000060
129415  52.268  10.050  60.563 0.4000000060
75430  51.588  9.585  60.576 0.4000000060
75421  42.025  8.896  60.740 0.2000000030
73636  49.344  7.186  64.309 0.2000000030
71802  46.441  5.993  62.256 0.2000000030
70861  44.946  5.009  60.928 0.2000000030
68925  42.037  2.782  59.462 0.2000000030
74572  40.083  7.851  59.849 0.2000000030
74550  43.390  8.800  60.056 0.2000000030
73641  49.053  7.349  63.368 0.2000000030
71812  46.755  5.638  61.517 0.2000000030
70867  44.352  4.520  60.362 0.2000000030
74551  42.433  8.621  59.956 0.2000000030
74549  45.335  8.405  60.226 0.3000000119
73653  49.398  7.308  62.866 0.2000000030
71811  47.932  5.692  61.717 0.2000000030
73669  47.191  7.703  60.936 0.2000000030
73652  50.306  6.937  63.064 0.2000000030
72740  50.277  6.908  63.090 0.2000000030
73667  49.123  7.721  61.260 0.2000000030
81655  48.400  16.657  55.219 0.4000000060
79869  48.789  14.792  54.454 0.3000000119
78113  49.378  12.894  55.852 0.4000000060
78079  50.310  12.347  57.459 0.4000000060
75432  48.943  8.877  59.308 0.3000000119
74547  50.204  8.055  61.354 0.3000000119
74564  48.926  8.171  60.216 0.2000000030
78114  48.622  12.549  55.363 0.4000000060
77151  49.885  11.672  57.722 0.4000000060
76270  49.463  10.973  57.935 0.4000000060
76259  50.618  10.132  59.607 0.4000000060
75439  49.513  9.735  58.954 0.4000000060
73687  40.427  7.806  59.236 0.3000000119
74569  43.877  8.608  59.296 0.3000000119
74586  42.681  8.440  58.230 0.3000000119
74567  45.687  8.265  59.606 0.2000000030
74583  45.510  8.427  58.807 0.2000000030
74565  47.313  8.044  59.546 0.2000000030
80784  48.749  15.723  54.638 0.3000000119
78997  49.588  14.372  54.879 0.3000000119
75440  48.579  9.499  58.445 0.4000000060
124241  46.668  8.803  58.104 0.3000000119
78127  48.264  12.983  54.567 0.3000000119
75447  48.259  9.931  57.763 0.4000000060
118719  47.913  9.404  58.057 0.3000000119
74585  43.658  8.538  58.305 0.3000000119
74597  44.367  8.616  57.923 0.2000000030
74582  46.227  8.512  58.481 0.2000000030
75462  44.761  9.318  56.488 0.3000000119
75449  45.382  9.144  57.176 0.3000000119
65801  44.849  0.680  63.314 0.2000000030
66815  46.121  1.356  63.351 0.2000000030
81638  52.032  16.675  55.575 0.6999999881
81640  50.606  17.661  55.457 0.5000000000
79029  52.394  14.176  50.738 0.6000000238
79021  52.419  13.936  51.679 0.6000000238
79031  50.956  13.570  49.867 0.6000000238
75557  50.988  9.412  45.689 0.4000000060
72889  52.736  6.713  45.675 0.4000000060
71957  55.415  5.528  46.500 0.4000000060
70919  51.577  4.800  54.547 0.3000000119
72808  52.368  6.326  53.000 0.3000000119
67888  54.553  2.110  59.934 0.3000000119
69933  55.410  4.258  59.259 0.3000000119
70969  49.290  4.599  49.443 0.3000000119
73760  56.193  7.346  53.910 0.3000000119
72794  55.601  6.950  55.222 0.3000000119
70967  51.957  5.056  49.334 0.3000000119
123196  56.458  7.224  53.405 0.3000000119
72820  56.682  7.110  51.672 0.3000000119
69987  50.195  4.251  53.646 0.3000000119
71862  53.108  5.642  55.442 0.3000000119
71837  54.896  5.494  57.855 0.3000000119
70889  55.383  5.188  58.446 0.3000000119
71861  54.220  6.087  56.011 0.3000000119
72796  53.330  6.524  54.189 0.3000000119
71860  55.296  6.299  56.457 0.3000000119
72787  54.887  6.653  55.686 0.3000000119
72795  54.406  6.884  54.719 0.3000000119
72849  48.380  6.109  47.934 0.2000000030
72806  53.949  7.161  53.740 0.3000000119
72821  53.188  7.436  51.977 0.3000000119
73769  54.146  7.946  52.289 0.3000000119
108445  53.053  7.234  51.345 0.3000000119
71903  52.696  6.220  50.359 0.3000000119
108523  52.122  5.471  49.982 0.3000000119
124810  54.311  8.087  51.051 0.3000000119
72828  53.651  7.598  50.916 0.3000000119
107831  53.425  5.595  49.178 0.4000000060
73789  56.101  8.459  49.664 0.4000000060
73788  56.939  8.464  49.302 0.4000000060
71908  57.766  5.868  49.435 0.3000000119
73800  57.652  8.054  48.031 0.4000000060
64852  48.979  -1.027  60.661 0.2000000030
69960  51.039  3.432  55.804 0.3000000119
70959  47.411  4.149  49.993 0.2000000030
125088  46.962  6.306  48.373 0.2000000030
73818  47.512  7.966  47.549 0.3000000119
74675  46.916  8.283  47.926 0.3000000119
72865  48.309  6.811  47.526 0.3000000119
75530  48.399  9.265  47.088 0.4000000060
75531  47.751  9.284  47.558 0.5000000000
121611  55.035  8.416  50.814 0.3000000119
73816  49.105  7.612  46.851 0.4000000060
71909  54.791  6.999  48.937 0.4000000060
109403  53.385  5.195  48.325 0.4000000060
71959  52.032  5.918  46.886 0.4000000060
72879  50.786  6.818  46.581 0.4000000060
73827  49.716  7.952  46.468 0.4000000060
75529  49.077  9.716  46.718 0.5000000000
71944  54.244  5.350  47.757 0.4000000060
71958  52.790  5.642  46.924 0.4000000060
73837  51.018  8.025  45.852 0.4000000060
73801  56.554  8.191  48.146 0.4000000060
71942  55.663  6.503  47.690 0.4000000060
109056  53.739  5.452  46.925 0.4000000060
72877  52.362  6.281  46.349 0.4000000060
74703  50.628  8.628  45.897 0.4000000060
77245  50.249  10.932  46.222 0.6000000238
70972  46.159  4.998  49.543 0.2000000030
118602  45.316  6.522  49.275 0.2000000030
75517  47.319  9.651  48.153 0.5000000000
75511  46.955  9.980  48.985 0.5000000000
76338  47.903  11.056  49.121 0.5000000000
77236  49.311  11.795  47.483 0.6000000238
108448  54.588  5.468  46.979 0.4000000060
73836  51.617  7.879  45.624 0.4000000060
118437  46.941  -1.563  61.737 0.2000000030
123306  46.167  8.799  48.954 0.3000000119
76339  47.431  10.564  49.537 0.5000000000
77230  48.400  11.552  49.540 0.5000000000
127251  48.799  11.964  49.110 0.6000000238
78154  49.627  12.590  50.114 0.6000000238
129676  48.439  1.920  54.788 0.3000000119
130164  44.890  3.860  50.962 0.2000000030
73791  45.040  7.458  49.624 0.3000000119
71906  44.739  5.444  50.018 0.2000000030
70962  44.122  5.262  50.538 0.2000000030
77223  48.711  11.481  51.241 0.5000000000
77226  48.519  11.553  50.383 0.5000000000
75508  46.888  10.114  49.941 0.5000000000
78151  49.873  12.543  51.110 0.5000000000
78150  50.586  13.069  51.176 0.6000000238
67938  46.817  1.682  53.640 0.3000000119
68981  45.753  2.006  52.874 0.2000000030
70011  43.639  3.729  51.623 0.2000000030
70001  43.180  3.331  52.004 0.2000000030
74661  45.384  8.557  51.152 0.3000000119
73785  44.437  7.138  50.203 0.2000000030
79019  51.818  13.414  52.171 0.6999999881
78149  51.045  13.092  51.807 0.6000000238
77222  49.342  11.888  51.559 0.5000000000
76332  47.633  10.472  51.393 0.4000000060
76328  48.348  10.902  51.887 0.5000000000
77218  49.488  11.651  52.345 0.5000000000
71900  42.798  4.976  51.581 0.2000000030
70937  42.267  4.512  52.066 0.2000000030
72823  43.774  6.958  51.400 0.2000000030
73771  44.399  7.588  51.953 0.2000000030
126880  43.965  7.230  52.326 0.4000000060
68886  53.159  1.942  62.762 0.3000000119
67929  44.890  0.937  53.874 0.2000000030
68983  43.893  2.011  52.808 0.2000000030
68984  43.026  2.107  52.790 0.2000000030
120765  42.101  2.306  52.803 0.2000000030
68996  41.768  3.200  52.544 0.2000000030
75501  47.136  9.936  51.806 0.4000000060
108705  47.372  9.677  52.618 0.3000000119
128920  42.506  5.938  52.606 0.3000000119
113268  42.044  5.626  52.952 0.4000000060
79011  52.017  13.191  53.009 0.6999999881
79009  53.109  14.023  53.886 0.6999999881
78136  51.681  12.681  53.576 0.6000000238
77209  50.388  11.671  53.586 0.5000000000
76327  48.975  11.072  52.597 0.4000000060
76318  49.080  10.617  53.451 0.3000000119
74657  46.260  8.829  52.589 0.3000000119
74653  45.839  8.263  52.974 0.3000000119
73763  46.156  7.932  53.753 0.3000000119
72809  44.839  7.196  53.777 0.4000000060
114279  48.221  9.710  53.593 0.3000000119
75486  48.194  9.203  54.252 0.3000000119
123639  43.219  -1.432  60.421 0.1000000015
115772  40.749  -2.888  58.176 0.1000000015
64892  39.859  -2.130  56.764 0.1000000015
63976  38.619  -2.452  57.446 0.2000000030
116104  44.154  -1.451  58.042 0.1000000015
118190  40.207  -1.654  56.250 0.1000000015
65865  39.805  -1.129  55.703 0.1000000015
65867  38.121  -0.810  55.858 0.2000000030
64904  43.438  -1.569  56.695 0.1000000015
64923  42.164  -1.445  56.047 0.1000000015
64924  41.472  -1.346  55.890 0.1000000015
118237  42.677  -0.623  55.145 0.1000000015
66895  38.806  0.469  54.832 0.1000000015
66891  43.183  -0.142  54.766 0.1000000015
66907  40.239  0.670  54.311 0.1000000015
122646  40.929  0.627  54.157 0.1000000015
66908  39.440  0.911  54.407 0.1000000015
66887  46.668  0.346  55.229 0.3000000119
66902  45.369  0.480  54.474 0.2000000030
66904  43.600  0.343  54.283 0.1000000015
67934  40.485  1.210  53.863 0.1000000015
68973  39.867  2.042  53.746 0.1000000015
68975  38.545  2.119  54.658 0.2000000030
68985  40.349  2.594  53.406 0.1000000015
69983  39.930  3.871  53.885 0.2000000030
69991  41.021  3.691  52.882 0.1000000015
70929  40.548  4.184  53.472 0.2000000030
70922  39.688  4.128  54.672 0.2000000030
70920  40.969  4.858  53.866 0.3000000119
71876  42.491  5.699  54.959 0.3000000119
73758  45.673  7.393  54.177 0.4000000060
72799  44.247  6.648  54.314 0.3000000119
71874  44.097  6.140  55.080 0.4000000060
78135  52.336  12.990  54.113 0.5000000000
78112  52.277  12.245  55.413 0.4000000060
75485  48.732  9.950  53.961 0.3000000119
76307  50.208  10.751  54.777 0.4000000060
108611  49.078  9.632  54.689 0.3000000119
75475  48.758  9.003  55.117 0.3000000119
61022  32.782  -5.577  61.462 0.1000000015
61023  32.040  -5.548  61.483 0.1000000015
60985  33.861  -5.439  63.068 0.1000000015
62018  33.229  -4.590  59.989 0.1000000015
61021  34.478  -5.521  61.817 0.1000000015
61003  34.599  -5.400  62.765 0.1000000015
61039  34.205  -5.463  60.892 0.1000000015
62038  32.915  -3.935  59.606 0.1000000015
61038  35.085  -5.447  61.216 0.1000000015
62015  36.300  -4.945  60.642 0.1000000015
62037  33.710  -4.183  59.616 0.1000000015
63008  33.389  -3.404  59.197 0.1000000015
62002  37.444  -4.450  61.271 0.1000000015
63007  34.224  -3.687  59.242 0.1000000015
63005  35.899  -3.973  59.406 0.1000000015
63963  33.672  -1.897  58.425 0.1000000015
126001  38.548  -3.890  60.862 0.1000000015
64880  34.497  -1.735  57.904 0.1000000015
63003  38.267  -3.617  59.214 0.2000000030
121614  37.557  -3.746  59.293 0.2000000030
63026  36.958  -3.362  58.689 0.2000000030
63961  35.280  -2.288  57.933 0.2000000030
63001  39.973  -3.419  59.526 0.1000000015
63025  38.664  -3.308  58.707 0.2000000030
63978  36.842  -2.201  57.476 0.2000000030
63979  35.896  -1.833  57.412 0.2000000030
123473  35.316  -1.131  57.187 0.2000000030
63926  41.512  -2.717  60.306 0.1000000015
63023  40.417  -3.153  58.819 0.1000000015
63957  39.089  -2.918  58.084 0.2000000030
64894  38.152  -1.905  56.875 0.2000000030
64910  37.695  -1.268  56.367 0.2000000030
122498  36.680  -0.165  56.078 0.2000000030
66864  47.991  0.203  57.088 0.3000000119
127747  45.663  -0.671  56.298 0.1000000015
65861  46.305  -0.418  56.324 0.1000000015
117690  38.171  1.348  54.917 0.2000000030
113281  37.916  2.265  55.271 0.2000000030
70913  42.019  5.028  56.068 0.2000000030
71866  42.577  5.299  55.815 0.2000000030
71852  44.653  5.289  56.327 0.3000000119
71853  44.006  5.025  56.448 0.3000000119
74628  47.849  8.128  55.220 0.4000000060
73749  46.770  7.254  55.250 0.4000000060
73747  48.193  7.792  55.884 0.4000000060
72790  45.496  6.331  55.471 0.4000000060
72789  46.383  6.602  55.670 0.4000000060
72797  46.008  6.980  54.931 0.4000000060
71864  44.719  5.874  55.637 0.3000000119
71850  46.466  5.686  56.819 0.3000000119
80781  53.107  15.411  54.783 0.6999999881
112477  53.362  14.195  55.942 0.5000000000
74609  50.298  8.825  56.979 0.4000000060
62020  31.024  -3.934  60.460 0.1000000015
64850  29.606  -2.462  61.521 0.1000000015
61975  35.376  -5.030  63.271 0.1000000015
63928  31.240  -2.447  60.211 0.1000000015
61992  35.965  -5.098  62.530 0.1000000015
61973  37.202  -4.297  63.022 0.1000000015
65845  33.364  -0.700  58.389 0.1000000015
63903  39.844  -2.933  62.956 0.1000000015
64830  42.398  -1.523  62.436 0.2000000030
63915  41.295  -2.531  61.212 0.1000000015
66876  36.313  0.607  56.157 0.2000000030
68955  37.249  2.408  56.041 0.2000000030
69948  40.114  3.938  57.237 0.3000000119
109046  42.650  4.835  56.518 0.2000000030
110887  44.870  4.239  57.763 0.3000000119
69945  43.457  3.903  57.701 0.3000000119
71841  46.186  5.080  57.316 0.3000000119
73733  47.830  7.196  56.284 0.4000000060
72779  47.459  6.587  56.692 0.3000000119
73715  48.901  7.168  57.371 0.3000000119
73714  49.667  7.485  57.773 0.3000000119
72771  47.781  6.248  57.424 0.3000000119
113442  51.342  16.861  55.530 0.6999999881
78110  53.329  13.291  56.543 0.4000000060
77163  52.353  11.411  56.761 0.4000000060
75457  51.247  9.882  57.053 0.3000000119
74592  51.930  9.193  58.605 0.3000000119
121754  37.127  -3.797  64.479 0.1000000015
62939  39.071  -3.105  64.080 0.2000000030
62952  38.545  -3.460  63.702 0.1000000015
63893  39.739  -2.826  63.778 0.2000000030
130369  48.122  1.760  63.005 0.2000000030
68956  36.517  2.129  56.579 0.2000000030
68942  37.049  2.749  56.984 0.2000000030
69949  39.218  3.610  57.492 0.2000000030
68940  38.730  3.217  58.234 0.2000000030
128559  39.426  3.332  58.216 0.2000000030
120290  41.009  3.694  57.759 0.2000000030
69946  42.599  3.557  58.032 0.3000000119
70884  45.527  4.436  58.385 0.3000000119
71832  46.842  5.075  58.717 0.3000000119
71826  48.491  5.639  59.729 0.3000000119
73702  50.147  7.166  58.702 0.3000000119
72770  48.535  6.514  57.776 0.3000000119
72766  48.890  6.247  58.600 0.3000000119
72761  49.217  6.033  59.529 0.3000000119
80751  52.528  15.205  56.377 0.6000000238
79821  52.776  14.183  57.251 0.4000000060
78076  53.146  12.751  57.805 0.4000000060
76277  52.836  11.351  57.875 0.4000000060
75444  52.680  10.583  58.358 0.4000000060
115764  52.610  9.929  58.770 0.4000000060
74579  51.567  8.304  59.006 0.3000000119
74561  53.026  9.296  60.411 0.4000000060
74577  52.899  9.587  59.614 0.4000000060
73700  52.248  8.069  60.297 0.3000000119
64793  38.699  -2.087  65.936 0.1000000015
67893  35.841  2.344  58.537 0.1000000015
68929  38.082  2.788  58.689 0.2000000030
69939  41.182  3.207  58.519 0.2000000030
68926  41.426  2.736  59.222 0.2000000030
124085  42.839  3.275  58.740 0.2000000030
71828  46.898  5.135  59.554 0.3000000119
71817  49.539  5.979  60.703 0.3000000119
112908  51.379  15.926  55.766 0.5000000000
80783  49.576  15.493  54.861 0.3000000119
79834  51.503  14.468  56.528 0.4000000060
78944  52.504  13.603  57.743 0.4000000060
78092  50.720  13.109  57.100 0.4000000060
78069  52.642  12.435  58.640 0.4000000060
73684  51.697  7.366  60.648 0.3000000119
72760  50.193  6.354  60.280 0.3000000119
72754  50.668  6.483  61.725 0.3000000119
78070  51.883  12.449  58.731 0.4000000060
77144  51.504  11.764  59.070 0.4000000060
76257  53.056  10.394  60.224 0.4000000060
75429  52.701  10.384  60.330 0.4000000060
74562  52.866  8.713  60.805 0.4000000060
74544  52.663  8.647  61.098 0.4000000060
65761  40.897  -0.992  66.180 0.1000000015
69918  43.007  3.508  60.173 0.2000000030
70866  45.209  4.714  60.094 0.2000000030
71820  47.039  5.370  60.606 0.2000000030
126454  49.568  7.431  62.335 0.2000000030
73651  50.896  7.007  62.729 0.3000000119
72749  51.185  7.016  62.522 0.3000000119
78979  49.877  13.633  55.608 0.3000000119
78093  49.795  12.564  56.665 0.4000000060
74545  52.114  8.544  61.416 0.3000000119
74563  50.889  8.716  60.925 0.3000000119
119038  51.366  8.079  61.778 0.3000000119
128834  51.420  7.174  62.327 0.3000000119
73666  50.405  7.357  62.413 0.2000000030
77150  50.862  12.134  58.318 0.4000000060
76265  51.051  10.997  59.321 0.4000000060
77145  50.409  11.383  58.498 0.4000000060
76266  49.972  10.579  58.694 0.4000000060
75431  50.162  9.266  59.882 0.4000000060
75408  44.444  9.395  61.046 0.2000000030
75420  42.849  9.098  60.628 0.2000000030
74553  40.577  8.267  60.486 0.2000000030
72728  49.475  6.912  64.107 0.2000000030
74514  46.043  8.598  61.757 0.2000000030
73642  47.478  8.017  62.433 0.2000000030
71813  45.624  5.533  61.530 0.2000000030
71801  47.742  5.959  62.513 0.2000000030
72742  48.836  6.398  63.604 0.2000000030
74552  41.475  8.450  60.222 0.2000000030
74531  45.131  8.794  60.965 0.2000000030
74532  44.390  8.807  60.246 0.2000000030
73654  47.967  7.619  61.957 0.2000000030
112298  45.802  8.250  60.917 0.2000000030
71800  49.013  6.048  62.788 0.2000000030
120306  43.068  8.630  59.462 0.3000000119
74568  44.889  8.485  59.456 0.2000000030
73640  49.764  6.877  63.556 0.2000000030
73668  48.248  7.609  61.323 0.2000000030
73685  48.041  7.808  60.235 0.2000000030
112036  48.152  15.182  54.401 0.3000000119
78998  48.598  13.852  54.436 0.3000000119
78094  48.961  12.210  56.251 0.4000000060
77164  49.407  11.916  56.986 0.4000000060
108897  49.757  8.611  60.256 0.2000000030
108617  48.003  8.293  59.370 0.2000000030
74581  47.118  8.431  58.734 0.2000000030
77165  48.589  11.538  56.578 0.4000000060
74587  41.854  8.282  58.469 0.3000000119
74584  44.569  8.533  58.628 0.2000000030
73686  47.204  7.792  60.223 0.2000000030
74580  47.975  8.841  58.584 0.3000000119
115338  46.769  9.286  57.571 0.3000000119
75450  44.588  8.859  57.282 0.3000000119
69067  58.260  2.884  44.767 0.2000000030
117461  55.870  3.481  44.372 0.3000000119
70054  54.687  3.426  45.073 0.2000000030
79835  43.094  15.256  56.895 0.4000000060
71024  59.172  5.263  43.444 0.4000000060
72899  58.851  6.139  43.413 0.4000000060
71025  58.898  4.650  42.981 0.4000000060
70999  59.146  4.529  44.865 0.4000000060
70090  58.274  3.928  43.431 0.4000000060
70069  58.624  3.343  44.584 0.2000000030
70046  58.983  4.091  45.888 0.3000000119
70091  57.212  3.627  43.675 0.3000000119
71008  54.635  4.266  44.105 0.2000000030
70074  54.020  3.878  44.723 0.2000000030
70075  52.929  4.306  44.773 0.2000000030
70056  52.586  3.769  45.459 0.1000000015
70076  51.892  4.216  45.095 0.1000000015
71013  49.096  4.626  44.451 0.1000000015
71035  48.529  5.053  43.870 0.1000000015
78951  32.188  13.717  57.967 0.2000000030
78967  34.454  13.167  57.312 0.2000000030
78950  32.863  13.100  57.867 0.2000000030
72913  58.474  6.565  42.549 0.4000000060
71991  58.981  5.540  42.484 0.4000000060
72011  58.262  5.674  41.611 0.4000000060
71027  57.485  4.254  42.905 0.3000000119
70093  55.559  3.946  43.962 0.2000000030
71010  52.045  4.791  44.428 0.2000000030
71012  50.009  4.709  44.520 0.1000000015
71011  51.031  4.642  44.654 0.1000000015
71034  49.503  5.253  43.864 0.1000000015
71036  47.620  4.877  43.871 0.1000000015
72000  48.826  5.588  43.268 0.1000000015
72001  47.934  5.444  43.268 0.1000000015
115313  46.966  5.787  41.720 0.2000000030
119104  46.246  5.935  38.602 0.2000000030
116417  46.933  6.863  37.363 0.2000000030
72900  56.805  6.318  43.542 0.4000000060
72929  58.439  6.907  41.533 0.4000000060
72029  58.430  6.620  41.310 0.4000000060
72012  57.108  5.521  41.741 0.4000000060
125060  55.086  5.960  42.123 0.3000000119
71049  55.174  5.340  42.633 0.3000000119
71995  53.591  5.708  42.931 0.3000000119
71028  56.351  4.127  43.423 0.3000000119
114574  54.275  4.747  43.664 0.3000000119
71030  53.581  5.151  43.567 0.3000000119
71996  52.743  5.641  43.361 0.3000000119
71009  53.710  4.557  44.164 0.2000000030
71031  52.867  4.969  44.050 0.2000000030
117557  52.159  5.294  43.858 0.2000000030
71032  51.394  5.287  44.018 0.1000000015
71999  49.549  5.758  43.245 0.1000000015
73868  44.644  7.153  42.206 0.1000000015
72956  47.732  6.183  41.683 0.2000000030
72031  46.955  6.078  40.849 0.2000000030
73881  44.607  7.003  41.035 0.1000000015
72039  46.968  6.264  39.681 0.2000000030
73880  45.284  7.557  40.797 0.1000000015
72984  46.090  6.860  37.324 0.2000000030
73903  45.763  7.038  37.400 0.2000000030
72914  57.524  6.879  42.710 0.4000000060
72930  58.112  7.275  41.795 0.4000000060
73860  58.090  7.760  40.993 0.4000000060
72950  58.108  7.492  40.782 0.4000000060
114125  56.963  7.008  40.709 0.4000000060
72931  55.692  6.578  41.426 0.4000000060
109286  56.144  7.665  40.638 0.4000000060
72932  54.580  6.478  41.930 0.4000000060
72014  54.356  5.825  42.502 0.3000000119
72953  54.088  6.995  41.813 0.4000000060
72933  53.656  6.412  42.361 0.3000000119
72015  53.023  6.156  42.809 0.3000000119
71997  51.775  5.781  43.413 0.3000000119
71998  50.855  5.773  43.476 0.2000000030
72019  49.143  6.101  42.714 0.2000000030
73855  44.587  7.462  43.248 0.1000000015
72938  48.630  6.432  42.039 0.2000000030
73889  45.290  7.419  39.527 0.2000000030
73895  45.291  7.115  38.082 0.2000000030
73875  55.512  8.531  40.802 0.5000000000
73876  54.280  7.833  41.501 0.5000000000
73863  53.320  7.247  42.114 0.4000000060
121643  52.921  6.640  42.508 0.3000000119
128459  51.981  7.313  42.452 0.4000000060
72936  50.735  6.719  42.643 0.2000000030
74749  46.436  8.301  39.436 0.2000000030
74741  45.999  8.133  40.522 0.2000000030
73902  46.611  7.494  37.262 0.2000000030
73894  46.084  7.570  38.032 0.2000000030
120927  46.089  9.112  41.729 0.2000000030
75591  46.441  9.981  41.383 0.2000000030
74739  48.866  8.003  41.001 0.3000000119
113846  48.129  6.904  40.427 0.2000000030
72965  47.684  6.736  39.520 0.2000000030
75581  49.333  9.581  42.758 0.3000000119
75589  48.914  8.975  41.830 0.3000000119
130510  48.635  7.600  40.326 0.3000000119
72974  46.983  6.458  38.361 0.2000000030
114017  48.826  7.929  39.602 0.2000000030
124342  48.494  7.581  38.610 0.2000000030
72973  47.786  7.121  38.237 0.2000000030
72983  47.043  7.449  37.114 0.2000000030
115126  48.339  7.670  37.527 0.2000000030
74740  46.565  9.126  40.655 0.2000000030
74759  47.391  8.211  37.173 0.2000000030
75604  47.463  9.084  38.406 0.2000000030
75599  47.009  9.123  39.566 0.2000000030
75582  48.810  9.812  42.231 0.3000000119
75590  48.762  9.709  41.423 0.4000000060
75597  48.905  9.711  40.491 0.4000000060
74747  49.315  8.672  38.745 0.2000000030
74748  48.883  8.880  40.453 0.3000000119
73900  48.076  7.843  36.894 0.2000000030
76422  45.350  10.323  42.563 0.1000000015
76436  44.930  11.047  42.188 0.2000000030
73906  47.750  7.982  36.822 0.2000000030
110801  42.967  11.541  40.663 0.2000000030
75592  45.995  10.075  42.103 0.1000000015
77298  45.420  11.273  41.515 0.1000000015
80009  37.268  13.980  40.879 0.3000000119
76433  48.744  10.395  41.028 0.4000000060
76441  49.296  10.248  39.862 0.4000000060
74757  49.546  8.744  37.412 0.2000000030
76434  46.109  10.684  41.620 0.2000000030
75596  49.396  9.439  39.325 0.3000000119
75598  47.391  9.960  39.567 0.2000000030
76443  46.541  10.662  40.971 0.2000000030
74758  48.852  8.238  37.101 0.2000000030
74764  48.438  8.399  36.906 0.3000000119
108458  42.160  11.502  40.215 0.3000000119
110997  40.767  11.557  39.282 0.3000000119
78223  49.365  12.062  40.086 0.4000000060
128157  49.547  11.393  39.759 0.4000000060
114908  37.733  14.013  40.223 0.4000000060
122186  50.042  10.072  38.579 0.3000000119
77314  43.730  11.607  40.671 0.2000000030
79145  37.670  13.226  40.400 0.3000000119
75603  49.918  9.363  37.931 0.3000000119
75609  50.185  9.358  36.977 0.4000000060
120793  46.851  9.980  40.500 0.2000000030
120699  48.050  8.445  36.893 0.2000000030
114874  47.990  9.080  37.368 0.2000000030
77330  41.587  11.526  39.316 0.3000000119
77347  39.797  11.895  38.908 0.3000000119
80022  37.089  15.064  40.970 0.3000000119
117205  50.873  11.719  38.276 0.4000000060
80021  37.576  14.804  40.343 0.3000000119
80931  37.336  15.757  40.404 0.4000000060
76453  50.556  9.988  37.448 0.4000000060
76446  50.693  10.788  38.092 0.4000000060
79152  38.111  13.564  39.829 0.3000000119
74763  49.433  8.994  36.793 0.3000000119
79159  39.034  13.201  38.910 0.3000000119
80034  38.601  13.865  39.265 0.3000000119
77346  40.490  11.778  38.637 0.3000000119
78250  39.516  12.514  38.688 0.3000000119
78230  50.817  12.537  38.417 0.4000000060
77338  51.304  11.366  37.406 0.4000000060
77352  51.277  11.249  37.008 0.4000000060
77353  50.746  10.906  36.813 0.4000000060
76448  47.727  10.728  39.229 0.3000000119
80945  37.828  15.522  39.813 0.4000000060
76452  51.033  10.610  37.250 0.4000000060
76458  50.190  9.958  36.688 0.4000000060
76455  48.492  10.045  37.793 0.3000000119
80944  38.324  15.363  39.334 0.4000000060
81819  38.093  16.167  39.267 0.4000000060
81833  37.665  17.032  38.977 0.4000000060
82749  36.920  17.511  39.277 0.4000000060
75608  50.588  10.140  36.937 0.4000000060
75611  48.836  9.101  36.781 0.3000000119
108955  38.701  14.755  39.023 0.4000000060
81832  38.298  16.617  38.718 0.4000000060
108459  43.073  11.613  39.913 0.3000000119
80046  39.138  14.037  38.669 0.3000000119
80954  38.699  15.753  38.721 0.4000000060
77329  42.401  11.592  39.205 0.3000000119
77345  41.277  11.666  38.428 0.3000000119
79174  51.711  13.499  36.923 0.4000000060
78270  51.611  12.662  36.855 0.4000000060
79175  51.221  13.669  36.723 0.4000000060
78257  50.644  12.102  36.877 0.4000000060
77310  47.209  11.244  39.906 0.2000000030
77311  46.562  11.341  40.516 0.2000000030
77312  45.665  11.619  40.742 0.3000000119
77313  44.680  11.662  40.748 0.3000000119
82761  37.149  17.881  38.579 0.4000000060
82762  36.507  18.143  38.913 0.4000000060
84370  36.599  19.088  38.612 0.4000000060
83598  36.712  18.625  38.495 0.4000000060
108627  43.955  11.746  39.869 0.3000000119
80953  39.240  14.920  38.388 0.4000000060
82760  38.145  17.467  38.312 0.5000000000
77358  40.907  11.965  37.872 0.3000000119
78266  40.009  12.750  38.110 0.3000000119
77344  42.478  11.718  38.307 0.3000000119
111589  41.907  11.704  38.017 0.3000000119
77357  41.627  11.917  37.566 0.3000000119
78265  40.628  12.588  37.552 0.3000000119
85072  36.277  20.681  43.231 0.4000000060
85082  36.580  20.279  42.435 0.4000000060
80064  51.246  14.502  36.752 0.4000000060
85089  36.723  19.912  41.515 0.6000000238
85096  36.742  19.737  40.530 0.6000000238
79165  51.028  12.822  36.721 0.4000000060
78244  48.902  12.527  37.846 0.4000000060
85102  36.769  19.632  39.629 0.6000000238
114398  36.266  19.140  39.293 0.4000000060
77324  47.638  11.678  39.253 0.3000000119
84369  36.896  19.564  38.874 0.5000000000
77325  46.816  11.883  39.846 0.3000000119
77326  45.921  12.035  40.055 0.3000000119
108367  44.918  11.977  39.984 0.3000000119
82772  37.492  18.471  37.927 0.4000000060
80964  39.295  15.807  38.011 0.5000000000
128034  38.799  17.284  37.810 0.5000000000
77327  44.208  12.045  39.080 0.3000000119
77328  43.257  11.778  38.911 0.3000000119
80059  40.206  14.153  37.415 0.5000000000
77342  43.712  12.044  38.292 0.3000000119
77363  42.055  12.190  36.866 0.3000000119
78276  41.205  12.795  36.833 0.3000000119
86501  36.336  22.588  43.547 0.3000000119
85786  36.441  21.657  43.500 0.2000000030
86509  37.068  22.262  43.173 0.4000000060
85794  37.614  21.765  42.539 0.5000000000
85081  37.303  20.739  42.078 0.6000000238
79176  50.266  14.031  36.663 0.4000000060
85088  37.425  20.413  41.108 0.6000000238
79166  49.998  13.281  37.037 0.4000000060
79167  48.958  13.357  37.365 0.4000000060
85094  38.118  20.659  39.821 0.6000000238
85095  37.446  20.227  40.157 0.6000000238
78259  47.290  13.059  37.987 0.4000000060
78246  46.605  12.776  38.313 0.4000000060
85108  37.603  19.993  38.570 0.6000000238
115567  45.974  12.577  38.753 0.3000000119
78234  45.228  12.314  39.158 0.3000000119
84382  37.565  19.214  37.690 0.6000000238
78248  44.415  12.266  38.251 0.3000000119
78263  43.779  12.206  37.495 0.4000000060
81845  39.334  16.676  37.606 0.5000000000
82771  38.401  18.005  37.529 0.5000000000
80962  40.341  14.983  37.075 0.5000000000
81855  39.906  16.826  36.856 0.5000000000
82770  39.206  17.533  37.269 0.5000000000
77355  43.138  12.166  36.895 0.3000000119
126394  42.408  12.472  36.303 0.4000000060
78275  41.865  12.551  36.542 0.3000000119
80058  40.737  14.121  36.774 0.5000000000
80975  40.425  15.812  36.632 0.6000000238
86508  37.627  22.885  42.633 0.3000000119
80065  50.232  14.943  36.294 0.5000000000
86517  38.254  22.295  42.113 0.5000000000
80066  49.436  14.736  35.720 0.5000000000
85803  37.931  21.246  41.661 0.5000000000
79178  47.590  13.761  35.946 0.4000000060
85811  38.085  20.854  40.721 0.6000000238
78260  46.383  13.050  37.175 0.4000000060
78247  45.178  12.459  38.261 0.4000000060
78271  45.841  13.095  35.840 0.4000000060
78261  45.434  12.747  36.850 0.4000000060
85115  37.891  19.817  37.895 0.6999999881
78262  44.695  12.456  37.319 0.4000000060
107962  43.911  12.374  36.541 0.4000000060
83604  38.157  18.825  37.238 0.6000000238
78274  43.341  12.389  36.007 0.5000000000
78283  43.670  12.698  35.233 0.5000000000
82779  39.592  17.812  36.591 0.6999999881
78284  42.935  12.569  35.676 0.5000000000
78285  42.317  12.780  35.912 0.5000000000
80071  41.373  13.972  36.086 0.5000000000
112646  40.870  14.901  36.392 0.5000000000
80988  41.000  15.676  35.916 0.5000000000
127839  40.203  17.387  36.278 0.6999999881
80084  41.370  14.854  35.799 0.5000000000
80083  41.903  14.311  35.339 0.5000000000
80075  49.351  15.441  35.193 0.5000000000
80076  48.824  14.955  34.816 0.6000000238
109536  46.905  13.628  34.928 0.5000000000
124651  46.792  13.396  36.224 0.4000000060
79186  45.975  13.361  34.497 0.5000000000
84381  38.367  19.624  37.185 0.6999999881
78272  45.003  12.933  35.134 0.5000000000
78273  44.109  12.583  35.586 0.5000000000
82780  38.928  18.366  36.939 0.6999999881
78292  44.023  12.989  34.584 0.6000000238
82788  40.108  18.117  36.043 0.6999999881
79187  42.779  13.034  35.183 0.6000000238
79188  42.095  13.402  35.576 0.6000000238
81863  40.566  16.614  36.123 0.6000000238
81862  41.200  16.483  35.372 0.6000000238
80094  43.030  14.189  34.045 0.6000000238
80095  42.362  14.679  34.580 0.6000000238
80987  41.691  15.416  35.137 0.6000000238
80999  42.240  15.528  34.321 0.6000000238
80089  48.658  15.505  34.540 0.5000000000
80994  47.650  15.258  33.712 0.6000000238
79184  47.420  14.381  33.921 0.5000000000
80091  47.726  15.032  33.613 0.6000000238
79185  46.772  13.942  33.707 0.6000000238
80092  47.268  15.099  33.348 0.6999999881
78281  45.264  13.245  34.240 0.6000000238
79195  44.891  13.636  33.246 0.6000000238
80093  46.593  14.996  33.272 0.6999999881
78291  44.668  13.251  34.049 0.6000000238
79196  44.032  13.345  33.915 0.6000000238
79204  44.380  13.922  33.061 0.6000000238
80103  43.454  14.698  33.254 0.6999999881
80998  42.784  15.101  33.764 0.6999999881
81006  43.336  15.664  33.055 0.6999999881
80111  44.934  14.761  32.496 0.6000000238
81005  43.852  15.225  32.684 0.6999999881
78949  33.608  13.076  57.783 0.2000000030
78968  33.613  13.557  57.151 0.2000000030
72017  51.223  6.322  42.980 0.3000000119
72935  51.524  6.922  42.537 0.3000000119
121947  49.511  7.033  42.011 0.2000000030
72955  48.273  6.723  41.250 0.2000000030
110945  47.636  6.514  40.623 0.2000000030
73879  48.544  7.285  40.894 0.2000000030
73864  52.497  7.780  42.299 0.4000000060
115380  51.550  7.674  42.482 0.3000000119
73873  57.133  7.969  40.361 0.4000000060
73874  56.645  8.644  40.429 0.4000000060
79202  45.663  14.111  32.917 0.6000000238
79194  46.530  14.439  33.223 0.6000000238
109112  59.094  5.301  45.835 0.4000000060
71967  59.125  5.810  44.954 0.4000000060
70071  57.838  3.206  44.176 0.3000000119
70072  56.774  3.152  44.443 0.2000000030
71006  59.253  5.168  44.221 0.4000000060
115594  58.893  3.855  44.375 0.4000000060
71045  58.750  5.301  42.184 0.4000000060
71026  58.450  4.729  42.567 0.4000000060
71048  56.386  4.849  42.578 0.3000000119
71029  55.218  4.630  43.371 0.3000000119
72951  57.941  7.399  40.690 0.4000000060
71047  57.777  4.963  42.184 0.4000000060
71033  50.477  5.256  44.046 0.1000000015
127406  50.099  5.654  43.501 0.1000000015
72020  48.281  5.913  42.588 0.2000000030
73901  47.613  7.451  37.157 0.2000000030
72013  55.940  5.693  42.006 0.4000000060
72016  52.225  6.350  42.838 0.3000000119
72018  50.140  6.253  42.913 0.2000000030
72937  49.419  6.622  42.283 0.2000000030
118087  50.078  6.874  42.382 0.2000000030
116738  49.478  8.755  42.449 0.3000000119
74728  50.007  8.150  42.487 0.3000000119
74727  50.875  8.283  42.622 0.3000000119
74738  49.312  8.083  41.963 0.3000000119
73878  49.075  7.460  41.674 0.3000000119
72954  48.934  6.936  41.671 0.3000000119
73887  48.333  7.283  39.672 0.2000000030
77309  49.065  11.160  40.439 0.4000000060
76440  49.807  10.834  39.282 0.4000000060
81820  37.400  16.575  39.758 0.4000000060
79171  40.096  13.350  37.741 0.3000000119
78256  51.323  11.872  36.838 0.4000000060
76454  49.429  10.112  36.952 0.3000000119
77339  50.036  11.655  37.143 0.4000000060
76447  48.508  11.108  38.329 0.3000000119
116100  39.761  14.974  37.705 0.4000000060
84376  36.911  19.012  38.054 0.4000000060
84375  37.182  19.422  38.254 0.5000000000
85795  36.953  21.207  42.898 0.4000000060
77341  48.345  12.007  38.542 0.4000000060
79168  48.100  13.232  37.733 0.4000000060
78233  46.985  12.452  39.211 0.3000000119
78232  47.659  12.285  38.899 0.3000000119
85101  37.463  20.118  39.303 0.6000000238
79180  41.121  13.425  36.600 0.4000000060
121220  35.930  22.022  43.916 0.2000000030
111011  49.232  14.022  36.623 0.5000000000
79169  47.394  13.401  37.068 0.4000000060
85802  38.580  21.696  41.275 0.5000000000
79177  48.502  14.334  35.541 0.5000000000
108563  44.781  12.653  36.190 0.5000000000
79193  47.197  14.637  33.421 0.6000000238
108078  46.076  13.672  33.583 0.6000000238
73865  50.653  7.408  42.464 0.3000000119
73866  49.789  7.455  42.223 0.3000000119
75461  45.643  9.632  56.508 0.2000000030
75463  43.970  8.897  56.721 0.2000000030
76303  35.279  10.394  55.215 0.2000000030
76315  36.268  10.575  54.903 0.2000000030
75494  36.716  9.716  54.640 0.2000000030
76313  38.116  10.281  54.410 0.2000000030
75491  39.441  9.630  54.318 0.2000000030
74644  39.842  8.942  54.767 0.2000000030
115649  39.482  10.428  54.036 0.2000000030
76311  41.887  10.107  53.913 0.2000000030
75489  42.208  9.580  54.588 0.2000000030
75478  42.598  9.126  55.539 0.2000000030
74612  43.197  8.657  56.965 0.2000000030
76312  40.939  10.196  53.869 0.2000000030
76310  42.741  10.156  54.132 0.2000000030
75487  43.918  9.800  55.215 0.2000000030
76302  44.673  10.096  55.281 0.3000000119
130468  46.322  9.915  56.534 0.2000000030
75481  35.799  9.722  54.797 0.2000000030
108921  35.677  11.125  55.606 0.2000000030
74647  37.139  8.964  54.723 0.2000000030
74632  39.312  8.420  55.341 0.2000000030
76324  40.940  10.907  53.648 0.2000000030
74648  36.294  9.032  54.805 0.2000000030
74634  37.540  8.359  55.181 0.2000000030
74631  40.221  8.504  55.529 0.2000000030
74598  43.833  8.641  57.468 0.2000000030
126314  43.551  10.220  54.416 0.2000000030
74615  40.576  8.213  56.452 0.2000000030
130237  42.109  8.542  56.638 0.2000000030
121987  45.301  10.308  55.377 0.3000000119
78086  32.063  13.059  57.726 0.1000000015
129163  32.117  12.550  57.258 0.1000000015
77157  32.767  11.830  56.775 0.1000000015
77171  33.198  11.227  56.196 0.2000000030
78085  32.778  12.491  57.511 0.1000000015
77170  34.105  11.489  56.601 0.1000000015
77193  33.922  10.938  55.848 0.2000000030
76284  33.427  10.394  55.683 0.2000000030
75482  34.951  9.546  55.163 0.2000000030
114151  34.814  11.602  56.939 0.1000000015
77192  34.741  11.141  55.876 0.2000000030
74637  34.770  8.696  55.370 0.2000000030
77205  37.817  11.075  54.654 0.2000000030
77215  40.439  11.648  53.793 0.2000000030
74635  36.711  8.404  55.164 0.2000000030
74617  38.786  7.921  55.938 0.2000000030
74614  41.531  8.377  56.762 0.2000000030
76323  41.644  10.756  53.650 0.3000000119
76321  43.297  10.702  53.847 0.2000000030
123565  43.139  8.526  57.657 0.2000000030
76320  44.094  10.685  54.091 0.3000000119
76281  47.490  10.581  56.589 0.3000000119
76210  37.562  10.737  64.750 0.1000000015
76208  39.287  10.109  64.287 0.1000000015
79823  32.254  14.320  57.912 0.1000000015
78969  31.128  13.236  57.208 0.1000000015
79822  32.853  13.727  57.680 0.1000000015
78100  31.403  12.466  56.820 0.1000000015
78099  32.091  12.031  56.762 0.1000000015
71803  45.300  5.872  62.251 0.1000000015
71814  44.651  5.318  61.706 0.1000000015
77156  34.625  11.868  57.637 0.1000000015
75483  33.617  9.683  55.522 0.2000000030
70862  44.098  4.790  61.186 0.1000000015
77191  36.981  11.657  56.216 0.2000000030
77190  37.744  11.751  55.591 0.2000000030
74638  33.331  8.886  55.654 0.2000000030
78098  37.583  11.947  57.106 0.2000000030
78133  38.906  11.871  54.686 0.2000000030
77214  41.358  11.494  53.595 0.3000000119
129916  34.614  8.097  55.655 0.2000000030
74616  39.673  8.062  56.162 0.2000000030
113044  41.817  12.284  53.634 0.3000000119
77213  42.204  11.397  53.597 0.3000000119
74599  42.374  8.468  57.292 0.2000000030
120304  43.643  11.925  53.500 0.3000000119
77203  44.696  11.168  53.906 0.2000000030
76300  46.574  10.815  55.615 0.3000000119
76280  48.240  10.895  56.868 0.3000000119
113937  35.524  12.151  64.490 0.1000000015
110786  37.043  12.306  64.585 0.1000000015
78021  36.343  12.690  64.367 0.1000000015
77102  35.354  11.315  64.537 0.1000000015
76211  36.581  10.624  64.588 0.1000000015
76212  35.696  10.602  64.521 0.1000000015
75375  37.007  9.893  64.341 0.1000000015
76209  38.520  10.452  64.635 0.1000000015
75374  37.895  9.854  64.301 0.1000000015
75373  38.629  9.784  64.177 0.1000000015
76226  40.673  10.105  63.604 0.1000000015
75385  39.124  9.481  63.696 0.1000000015
75384  40.405  9.607  63.147 0.1000000015
118846  44.152  10.752  62.115 0.1000000015
81615  31.625  15.898  58.044 0.1000000015
73626  48.961  7.455  65.040 0.1000000015
78952  30.934  13.924  57.665 0.1000000015
72729  48.133  6.547  64.064 0.1000000015
80743  32.095  15.151  57.861 0.1000000015
79842  32.673  14.653  57.267 0.1000000015
72743  47.333  6.294  63.167 0.1000000015
80758  33.005  14.943  56.101 0.1000000015
78948  34.310  12.544  57.820 0.1000000015
77173  31.331  11.563  56.379 0.1000000015
77172  32.129  11.157  56.182 0.2000000030
78947  35.202  12.403  57.845 0.1000000015
78946  36.096  11.997  58.072 0.1000000015
128697  32.745  9.057  55.770 0.2000000030
78985  36.119  13.319  56.686 0.1000000015
78081  37.286  12.045  57.786 0.2000000030
78118  38.445  12.055  55.445 0.2000000030
73738  35.651  7.549  56.122 0.2000000030
73735  38.238  7.547  56.569 0.2000000030
74602  39.966  7.834  57.057 0.2000000030
78963  38.498  12.895  57.460 0.2000000030
78117  39.101  12.563  55.960 0.2000000030
78143  41.027  12.181  53.761 0.2000000030
130617  42.139  8.370  57.920 0.2000000030
78096  38.871  12.752  57.222 0.2000000030
79004  40.674  13.136  55.022 0.2000000030
116914  44.456  11.782  53.589 0.3000000119
77202  45.527  11.212  54.313 0.2000000030
77166  47.833  11.184  56.242 0.3000000119
77201  46.151  11.797  53.972 0.4000000060
77188  47.289  11.427  55.446 0.3000000119
77152  49.012  11.278  57.258 0.3000000119
77187  48.201  11.813  55.808 0.3000000119
78891  39.875  14.910  63.850 0.1000000015
78890  40.515  15.385  64.186 0.1000000015
108948  37.248  13.478  64.121 0.1000000015
79768  40.428  16.013  63.815 0.1000000015
115940  37.524  14.492  63.366 0.1000000015
79789  38.823  15.884  62.746 0.1000000015
114768  33.540  12.022  64.529 0.1000000015
78023  34.295  12.669  64.409 0.1000000015
78896  34.631  13.672  64.154 0.1000000015
78894  36.525  13.890  63.736 0.1000000015
112829  36.845  15.752  62.778 0.1000000015
76213  34.797  10.700  64.502 0.1000000015
78895  35.560  13.745  63.912 0.1000000015
79772  35.381  14.514  63.702 0.1000000015
79792  35.909  15.608  63.270 0.1000000015
75377  35.166  9.868  64.348 0.1000000015
75389  35.621  9.216  63.925 0.1000000015
75388  36.533  9.263  63.907 0.1000000015
75387  37.412  9.296  63.858 0.1000000015
76225  41.462  10.367  63.446 0.1000000015
74504  37.754  8.837  63.366 0.1000000015
75401  38.835  8.908  63.146 0.1000000015
76224  42.786  10.680  62.978 0.1000000015
76236  43.508  10.783  62.508 0.1000000015
74517  38.183  8.598  62.904 0.1000000015
75400  39.701  9.192  63.034 0.1000000015
75399  40.538  9.183  62.404 0.1000000015
115805  42.849  10.361  62.346 0.1000000015
76245  43.486  10.247  61.769 0.1000000015
123161  45.965  10.057  62.498 0.1000000015
75395  46.702  9.531  62.998 0.1000000015
75411  41.783  9.203  61.446 0.1000000015
118550  43.854  9.766  61.261 0.1000000015
74503  47.851  8.856  63.805 0.1000000015
75407  45.171  9.497  61.560 0.1000000015
74513  46.960  8.729  62.801 0.1000000015
72718  49.172  7.127  64.575 0.1000000015
81616  31.354  16.583  58.195 0.1000000015
79824  31.603  14.358  58.071 0.1000000015
111952  30.910  15.902  58.174 0.1000000015
79825  30.759  14.624  57.867 0.1000000015
79843  30.144  14.236  57.166 0.1000000015
85702  34.125  21.676  55.506 0.1000000015
84994  33.861  20.808  55.971 0.1000000015
78970  30.243  13.501  56.849 0.1000000015
76285  31.110  10.511  56.227 0.2000000030
123209  31.844  10.173  55.997 0.2000000030
124678  32.561  8.456  56.099 0.2000000030
110875  41.257  8.046  58.129 0.2000000030
78095  39.349  13.268  57.344 0.2000000030
73737  36.509  7.484  56.280 0.2000000030
73734  39.098  7.668  56.773 0.2000000030
74601  40.863  8.014  57.455 0.2000000030
79839  39.661  13.891  57.268 0.2000000030
78983  40.591  13.456  56.468 0.2000000030
78130  41.787  13.094  54.106 0.3000000119
79003  41.383  13.514  55.155 0.3000000119
79015  43.408  12.838  53.581 0.3000000119
79856  41.934  14.367  56.806 0.3000000119
79875  42.934  14.228  55.046 0.3000000119
129040  44.822  13.352  53.580 0.3000000119
79855  42.661  14.594  56.323 0.3000000119
79000  44.412  14.336  54.333 0.3000000119
78129  46.697  12.336  53.988 0.4000000060
79874  43.713  14.554  54.935 0.3000000119
79014  45.775  13.436  53.583 0.3000000119
78115  47.809  12.206  54.954 0.3000000119
79873  44.995  15.141  54.829 0.3000000119
79890  45.352  14.283  53.993 0.3000000119
79872  45.897  14.995  54.428 0.2000000030
78999  47.741  13.472  54.099 0.2000000030
80785  47.408  15.376  54.483 0.2000000030
80682  41.331  16.240  64.979 0.1000000015
80695  40.641  16.257  64.076 0.1000000015
115059  32.556  11.873  64.466 0.1000000015
78024  32.837  12.719  64.484 0.1000000015
78897  32.980  13.711  64.449 0.1000000015
114369  33.899  14.003  64.269 0.1000000015
80715  35.141  16.053  63.596 0.1000000015
82500  35.010  17.388  64.328 0.1000000015
77104  32.986  11.166  64.461 0.1000000015
119439  34.106  9.948  64.349 0.1000000015
76215  32.481  10.643  64.255 0.1000000015
123535  33.325  9.740  64.120 0.1000000015
75391  33.739  9.185  63.863 0.1000000015
74507  35.150  8.563  63.404 0.1000000015
74506  36.089  8.679  63.407 0.1000000015
74518  37.410  8.429  62.846 0.1000000015
74508  34.184  8.521  63.383 0.1000000015
74520  35.674  8.113  62.824 0.1000000015
74519  36.573  8.292  62.832 0.1000000015
74537  37.928  8.186  62.269 0.1000000015
74515  39.652  8.690  62.271 0.1000000015
75398  41.500  9.526  62.168 0.1000000015
73643  37.086  7.990  62.238 0.1000000015
74535  39.265  8.238  61.593 0.1000000015
74534  40.276  8.541  61.470 0.1000000015
75410  42.454  9.313  61.182 0.1000000015
81617  30.458  16.625  58.155 0.1000000015
130159  30.106  14.865  57.461 0.1000000015
84987  34.500  20.133  56.848 0.1000000015
78971  29.379  13.852  56.650 0.1000000015
114340  30.568  11.889  56.433 0.1000000015
128681  30.617  11.133  56.356 0.1000000015
75465  31.329  9.502  56.264 0.2000000030
74588  41.042  7.978  58.823 0.2000000030
124894  34.839  7.663  55.993 0.2000000030
110594  35.049  7.307  56.715 0.2000000030
73716  40.146  7.686  57.898 0.2000000030
73717  39.338  7.530  57.617 0.2000000030
80786  46.485  15.702  54.797 0.2000000030
80770  46.206  16.499  55.720 0.2000000030
83571  33.889  18.553  42.170 0.2000000030
83572  33.253  18.216  42.584 0.3000000119
82729  33.656  18.038  41.934 0.2000000030
129980  34.913  18.610  40.675 0.3000000119
82728  34.150  17.991  41.380 0.2000000030
81797  34.679  17.337  41.907 0.2000000030
83592  35.534  18.412  39.788 0.3000000119
83585  35.165  18.621  40.272 0.3000000119
82738  35.123  18.106  40.350 0.3000000119
82727  34.848  17.764  41.071 0.3000000119
81808  35.703  17.375  40.892 0.3000000119
81795  36.205  16.482  41.321 0.3000000119
81806  36.931  16.501  40.335 0.3000000119
78025  32.023  12.494  64.498 0.1000000015
77105  32.298  11.244  64.366 0.1000000015
75378  32.658  9.962  64.052 0.1000000015
75392  32.158  9.573  63.547 0.1000000015
74509  33.278  8.626  63.319 0.1000000015
74521  34.649  7.916  62.737 0.1000000015
73644  36.221  7.790  62.245 0.1000000015
73657  36.736  7.594  61.602 0.1000000015
74536  38.449  7.993  61.672 0.1000000015
74555  38.834  7.867  61.109 0.1000000015
74533  41.208  8.686  61.032 0.1000000015
83427  31.430  18.759  58.508 0.1000000015
128224  31.013  17.247  58.386 0.1000000015
82537  30.297  17.345  58.258 0.1000000015
81618  29.624  16.361  57.559 0.1000000015
116403  30.237  15.931  57.872 0.1000000015
78102  29.372  12.939  56.459 0.1000000015
73703  40.292  7.702  58.630 0.2000000030
74619  31.634  8.648  56.396 0.2000000030
74618  33.399  8.030  55.986 0.2000000030
73720  36.815  7.173  57.086 0.2000000030
73719  37.694  7.278  57.226 0.2000000030
118178  40.747  7.841  58.193 0.2000000030
80788  44.784  15.796  55.943 0.3000000119
84354  33.630  18.842  42.898 0.3000000119
84346  34.418  19.330  42.932 0.3000000119
83579  34.388  18.369  41.337 0.3000000119
84365  35.578  18.860  39.791 0.3000000119
84360  35.232  18.919  40.279 0.4000000060
83591  36.171  18.661  39.208 0.3000000119
82750  36.126  17.949  39.407 0.3000000119
82737  35.848  17.711  40.101 0.3000000119
81821  36.617  17.222  39.921 0.3000000119
81807  36.384  16.919  40.603 0.3000000119
83609  39.432  18.637  36.294 0.6000000238
109822  30.781  13.072  64.389 0.1000000015
77106  31.171  11.183  63.957 0.1000000015
76230  30.775  10.652  63.533 0.1000000015
76238  30.374  10.057  63.002 0.1000000015
74510  32.476  8.870  63.164 0.1000000015
110009  32.087  8.515  62.602 0.1000000015
73646  33.958  7.590  62.193 0.1000000015
73645  35.340  7.626  62.194 0.1000000015
122547  34.210  7.311  61.521 0.1000000015
73658  35.863  7.439  61.560 0.1000000015
115153  37.201  7.434  60.984 0.1000000015
73673  36.377  7.275  60.895 0.1000000015
73672  37.791  7.403  60.450 0.1000000015
73655  38.193  7.653  61.074 0.1000000015
109171  36.045  6.952  60.127 0.1000000015
109138  38.342  7.371  59.685 0.1000000015
74554  39.562  7.980  60.685 0.1000000015
83428  30.556  18.430  58.398 0.1000000015
73670  39.229  7.587  59.817 0.1000000015
118509  29.700  17.169  57.774 0.1000000015
80746  29.639  15.484  57.338 0.1000000015
73689  38.927  7.384  59.011 0.2000000030
73688  39.758  7.592  59.169 0.1000000015
113483  40.892  8.088  59.671 0.1000000015
80760  28.731  15.226  56.726 0.1000000015
78972  28.360  14.285  56.501 0.1000000015
73706  37.962  7.228  58.757 0.2000000030
76286  30.171  10.448  56.467 0.2000000030
108252  36.175  7.000  57.778 0.2000000030
125684  38.010  7.257  57.916 0.2000000030
73721  35.913  7.214  56.917 0.2000000030
85694  35.388  21.395  56.845 0.1000000015
87238  41.312  23.870  39.459 0.5000000000
86524  40.705  22.934  39.353 0.5000000000
129816  40.331  23.112  40.127 0.5000000000
86533  39.881  22.303  39.590 0.5000000000
86525  39.774  22.670  40.436 0.5000000000
114466  34.570  18.961  41.894 0.3000000119
84345  35.228  19.491  42.484 0.3000000119
86540  41.434  22.981  37.869 0.5000000000
86542  40.014  22.067  38.742 0.5000000000
125841  34.962  18.988  41.101 0.4000000060
84353  35.813  19.531  41.883 0.4000000060
85835  40.294  21.782  37.092 0.5000000000
85825  40.146  21.876  37.920 0.5000000000
84364  35.937  19.214  39.942 0.5000000000
84359  35.862  19.338  40.833 0.5000000000
86563  42.970  22.857  34.810 0.5000000000
85845  41.290  22.088  35.781 0.6000000238
86557  41.148  22.344  36.589 0.5000000000
85854  41.976  22.177  34.862 0.6000000238
83618  39.973  18.842  35.675 0.6000000238
84387  39.444  19.409  35.996 0.6000000238
82794  41.775  17.884  34.014 0.6000000238
82795  40.990  18.109  34.846 0.6000000238
81013  43.742  16.026  32.619 0.6000000238
81877  42.309  17.071  33.653 0.6000000238
126088  41.790  17.150  34.255 0.6000000238
82787  41.366  17.256  34.788 0.6000000238
81869  42.596  16.096  33.612 0.6000000238
78027  30.172  12.089  63.921 0.1000000015
124821  30.600  12.455  64.235 0.1000000015
124045  29.547  13.567  64.342 0.1000000015
77119  29.678  11.577  63.507 0.1000000015
76231  29.994  10.828  63.261 0.1000000015
76239  29.552  10.315  62.656 0.1000000015
75403  30.847  9.301  62.625 0.1000000015
74524  31.392  8.579  62.271 0.1000000015
74538  32.117  7.878  61.942 0.1000000015
73661  32.855  7.425  61.424 0.1000000015
73676  33.579  7.106  60.856 0.1000000015
73675  34.575  7.029  60.759 0.1000000015
84255  30.548  19.210  58.406 0.1000000015
109170  35.127  6.786  60.008 0.2000000030
73691  36.611  6.991  59.463 0.2000000030
82538  29.826  18.001  58.072 0.1000000015
73692  35.749  6.817  59.302 0.2000000030
81619  28.973  16.951  57.076 0.1000000015
108255  36.387  6.932  58.648 0.2000000030
108256  37.119  7.078  58.892 0.2000000030
80747  28.863  16.082  56.919 0.1000000015
73723  33.244  7.189  57.334 0.2000000030
108251  35.250  6.987  57.555 0.2000000030
108460  37.172  7.096  58.037 0.2000000030
118732  27.991  15.081  56.439 0.1000000015
114744  29.685  12.053  56.438 0.1000000015
73740  31.942  7.880  56.708 0.2000000030
73739  32.830  7.665  56.609 0.2000000030
73722  34.262  7.085  57.272 0.2000000030
75466  30.495  9.649  56.515 0.2000000030
108918  33.688  7.488  56.557 0.2000000030
85688  35.953  20.688  57.670 0.1000000015
84981  35.611  20.042  57.933 0.1000000015
85687  36.710  20.932  57.914 0.1000000015
87231  40.733  24.240  40.103 0.5000000000
87933  39.970  25.268  40.471 0.5000000000
87232  40.008  23.890  40.570 0.5000000000
86515  39.462  23.359  41.105 0.4000000060
85809  39.308  21.760  39.961 0.5000000000
86516  38.845  22.828  41.611 0.4000000060
85083  35.964  19.944  42.776 0.4000000060
85818  39.360  21.585  39.105 0.5000000000
85810  38.664  21.322  40.323 0.4000000060
86551  40.811  22.380  37.491 0.5000000000
85826  39.455  21.456  38.293 0.6000000238
85819  38.717  21.137  39.454 0.5000000000
85846  40.507  21.649  36.261 0.6000000238
85113  39.173  20.733  37.181 0.6000000238
85864  42.529  21.734  33.921 0.6000000238
85855  40.872  21.513  35.416 0.6000000238
85856  40.014  21.000  35.926 0.6000000238
85148  43.346  20.188  32.373 0.6000000238
85143  42.612  20.507  32.823 0.6000000238
84398  41.753  20.141  33.528 0.6000000238
83610  38.806  19.161  36.634 0.6000000238
84405  42.484  19.685  32.707 0.6000000238
83617  40.630  18.911  35.025 0.6000000238
119814  41.725  19.484  33.628 0.6000000238
82801  43.265  18.170  32.318 0.6000000238
83631  42.852  18.916  32.353 0.6000000238
83624  42.169  18.825  33.312 0.6000000238
82799  43.970  17.284  32.404 0.6999999881
78043  29.417  12.352  63.739 0.1000000015
78913  29.126  13.100  64.029 0.1000000015
77120  28.889  11.821  63.271 0.1000000015
78901  28.882  13.867  64.285 0.1000000015
77125  29.192  11.057  62.994 0.1000000015
76240  28.731  10.581  62.367 0.1000000015
75404  29.945  9.530  62.297 0.1000000015
75413  29.533  9.204  61.481 0.1000000015
130671  31.244  8.173  61.645 0.2000000030
74540  30.764  8.074  61.058 0.2000000030
73662  32.185  7.509  61.149 0.2000000030
74556  31.140  7.725  60.589 0.2000000030
110750  33.191  6.908  60.089 0.2000000030
73695  32.473  7.109  59.848 0.2000000030
84256  29.958  19.686  58.037 0.1000000015
83436  29.292  18.638  57.356 0.1000000015
108253  34.080  6.732  58.906 0.2000000030
73693  34.850  6.733  59.125 0.2000000030
82539  29.139  17.795  57.248 0.1000000015
73710  31.870  7.380  58.199 0.2000000030
73707  34.598  6.789  58.234 0.2000000030
108254  35.499  6.823  58.436 0.2000000030
83437  28.627  18.418  56.720 0.1000000015
82552  28.388  17.594  56.637 0.1000000015
80761  28.055  15.797  56.520 0.1000000015
75452  29.369  9.291  57.188 0.2000000030
73725  31.501  7.681  57.454 0.2000000030
73708  33.682  6.865  58.170 0.2000000030
79844  27.505  14.683  56.431 0.1000000015
110507  28.661  13.443  56.482 0.1000000015
77175  28.321  11.444  56.649 0.2000000030
74620  30.782  8.840  56.626 0.2000000030
87942  42.246  25.099  39.367 0.5000000000
87943  41.441  24.968  39.731 0.5000000000
87222  39.365  24.836  40.784 0.3000000119
87223  38.832  24.126  41.439 0.4000000060
87224  37.920  24.888  41.445 0.2000000030
85827  38.823  21.003  38.661 0.6000000238
85120  39.387  20.525  36.479 0.6000000238
85837  38.973  20.883  37.905 0.6000000238
85107  38.317  20.424  38.254 0.6000000238
85100  38.170  20.547  39.002 0.6000000238
85872  42.980  21.298  33.086 0.6000000238
85865  41.405  21.290  34.526 0.6000000238
85121  38.847  20.203  36.926 0.6000000238
85133  42.000  20.951  33.601 0.6000000238
85127  40.545  20.749  35.183 0.6000000238
84388  39.059  19.860  36.481 0.6000000238
120997  40.166  19.552  35.351 0.6000000238
83635  43.613  18.335  32.266 0.6999999881
83630  43.236  19.028  32.148 0.6000000238
84399  40.942  19.678  34.433 0.6000000238
82792  44.172  17.479  32.753 0.6999999881
78914  28.366  13.408  63.785 0.1000000015
78044  27.824  12.902  63.261 0.1000000015
79794  27.384  14.620  63.723 0.1000000015
78050  28.093  12.095  62.995 0.1000000015
77127  27.627  11.628  62.355 0.1000000015
77130  27.932  10.861  62.061 0.1000000015
76246  29.108  9.866  61.979 0.1000000015
76248  27.629  10.569  61.280 0.2000000030
75414  28.744  9.594  61.196 0.2000000030
74541  29.876  8.524  60.763 0.2000000030
75422  29.146  9.095  60.761 0.2000000030
74557  30.514  7.941  60.273 0.2000000030
84263  28.794  19.234  56.786 0.1000000015
73697  30.524  7.846  59.402 0.2000000030
73679  31.162  7.589  59.908 0.2000000030
83445  27.905  18.228  56.240 0.1000000015
82554  26.745  17.506  56.127 0.1000000015
73696  31.305  7.493  58.986 0.2000000030
110802  32.221  7.183  59.017 0.2000000030
82553  27.498  17.408  56.280 0.1000000015
118656  27.376  16.254  56.410 0.1000000015
123053  27.205  13.940  56.485 0.1000000015
111714  26.565  13.333  56.677 0.2000000030
118052  27.857  11.968  56.597 0.2000000030
75453  28.677  9.517  57.741 0.2000000030
73711  31.177  7.636  58.150 0.2000000030
73709  32.752  7.098  58.204 0.2000000030
80762  27.232  15.427  56.449 0.1000000015
110491  27.831  13.389  56.398 0.1000000015
128232  28.320  10.154  57.301 0.2000000030
73726  30.751  7.969  57.651 0.2000000030
114654  28.753  12.077  56.455 0.2000000030
76288  28.425  10.701  56.782 0.2000000030
87929  44.022  25.141  40.016 0.4000000060
114275  43.293  25.297  39.542 0.4000000060
87931  41.391  25.612  39.952 0.5000000000
87932  40.688  25.562  40.254 0.5000000000
88559  39.976  25.934  40.625 0.3000000119
78915  27.588  13.753  63.485 0.1000000015
78923  27.084  13.254  62.851 0.1000000015
78051  27.357  12.431  62.610 0.1000000015
77131  27.250  11.247  61.627 0.2000000030
77134  26.943  10.914  60.861 0.2000000030
75424  27.782  9.846  60.198 0.2000000030
75433  29.147  8.766  60.049 0.2000000030
75435  27.954  9.648  59.521 0.2000000030
113133  29.840  8.270  59.775 0.2000000030
76268  27.556  10.096  58.825 0.2000000030
74573  29.911  8.210  58.884 0.2000000030
80763  26.342  15.403  56.498 0.1000000015
79845  26.431  14.075  56.588 0.2000000030
77177  26.487  12.524  56.943 0.2000000030
75443  28.227  9.528  58.656 0.2000000030
130442  29.449  8.580  58.474 0.2000000030
79846  25.865  13.910  56.805 0.2000000030
76289  27.727  11.276  56.840 0.2000000030
119023  27.933  10.062  57.950 0.2000000030
114148  26.117  14.192  62.490 0.1000000015
78924  25.711  13.853  61.914 0.1000000015
78926  25.977  13.101  61.689 0.2000000030
123331  25.206  14.392  61.480 0.1000000015
78057  25.780  12.749  61.054 0.2000000030
76252  27.405  10.347  60.502 0.2000000030
77135  26.412  11.343  60.357 0.2000000030
127488  26.412  11.147  59.655 0.2000000030
78071  26.057  11.907  58.291 0.2000000030
76261  26.820  10.708  59.071 0.2000000030
78087  25.956  12.502  57.621 0.2000000030
77146  27.265  10.625  58.086 0.2000000030
77158  27.141  11.230  57.370 0.2000000030
80764  25.622  15.396  56.744 0.2000000030
76273  27.758  10.634  57.300 0.2000000030
79804  25.590  14.606  62.218 0.1000000015
118068  25.586  15.341  62.535 0.1000000015
78927  25.348  13.508  60.956 0.2000000030
78060  25.536  12.782  60.492 0.2000000030
78064  25.539  12.486  59.705 0.2000000030
78939  25.192  13.484  58.378 0.2000000030
78933  25.141  13.258  59.300 0.2000000030
115867  25.808  11.994  59.067 0.2000000030
78072  25.543  12.641  58.580 0.2000000030
78088  25.559  13.112  57.785 0.2000000030
80733  24.711  15.769  61.426 0.1000000015
80726  25.143  15.931  62.175 0.1000000015
78930  24.827  13.934  59.988 0.2000000030
78934  24.762  14.002  58.974 0.2000000030
116445  36.973  12.988  57.510 0.2000000030
78964  37.866  13.287  57.286 0.2000000030
78982  41.388  13.878  56.634 0.3000000119
81656  47.280  16.427  55.237 0.2000000030
84982  34.963  19.691  57.660 0.1000000015
130461  49.050  6.740  64.321 0.1000000015
74512  48.456  7.972  63.686 0.1000000015
73671  38.663  7.623  60.475 0.1000000015
76271  48.624  10.612  57.505 0.3000000119
79870  47.833  14.435  54.140 0.2000000030
79012  47.118  13.211  53.809 0.2000000030
75460  46.995  9.920  56.941 0.3000000119
125491  43.992  9.316  56.002 0.2000000030
78138  46.805  12.788  53.764 0.2000000030
78084  33.622  12.567  57.721 0.1000000015
85114  38.549  20.289  37.528 0.6000000238
82778  40.671  17.467  35.566 0.6000000238
130704  43.212  16.902  32.714 0.6000000238
75476  45.163  9.848  55.907 0.2000000030
75464  43.298  9.001  56.215 0.2000000030
76304  34.281  10.245  55.454 0.2000000030
76314  37.242  10.433  54.614 0.2000000030
75492  38.504  9.554  54.476 0.2000000030
129938  38.842  10.135  54.213 0.2000000030
113587  41.306  9.545  54.393 0.2000000030
121158  40.093  10.062  53.985 0.2000000030
74645  38.921  8.933  54.742 0.2000000030
75480  40.762  8.976  54.927 0.2000000030
75479  41.665  9.027  55.163 0.2000000030
76325  39.550  11.323  54.057 0.2000000030
75477  43.386  9.379  55.578 0.2000000030
74630  41.128  8.585  55.782 0.2000000030
76283  45.945  10.240  55.934 0.3000000119
77168  36.233  11.578  56.543 0.2000000030
77206  37.023  11.207  55.052 0.2000000030
76301  45.803  10.704  55.087 0.3000000119
76282  46.764  10.395  56.291 0.3000000119
126934  33.636  11.959  57.346 0.1000000015
77154  36.045  11.818  57.755 0.2000000030
73752  36.221  7.900  55.599 0.2000000030
73750  37.904  7.839  55.782 0.2000000030
77204  39.677  12.243  54.543 0.2000000030
113207  43.877  11.231  53.687 0.2000000030
80744  31.243  15.183  58.143 0.1000000015
77167  36.879  11.791  57.511 0.2000000030
118198  38.297  12.278  56.620 0.2000000030
78131  41.162  12.841  54.191 0.3000000119
78142  42.775  12.067  53.493 0.3000000119
109508  35.756  13.025  64.231 0.1000000015
75383  41.110  9.830  62.924 0.1000000015
76237  42.032  10.198  62.698 0.1000000015
73625  49.015  7.512  64.953 0.1000000015
78945  36.847  12.203  57.951 0.1000000015
78132  40.469  12.527  54.338 0.2000000030
108383  40.006  12.894  55.550 0.2000000030
77211  45.254  11.706  53.758 0.3000000119
78141  44.229  12.555  53.514 0.3000000119
77189  46.396  11.296  54.828 0.2000000030
77200  46.968  11.940  54.549 0.4000000060
127679  45.619  12.199  53.654 0.3000000119
78892  39.163  15.596  63.159 0.1000000015
78893  38.362  14.647  63.402 0.1000000015
78910  38.174  15.385  62.837 0.1000000015
81583  35.410  16.945  63.792 0.1000000015
75397  42.466  9.781  61.831 0.1000000015
76244  44.481  10.182  61.640 0.1000000015
75412  41.072  8.991  61.723 0.1000000015
75396  45.919  9.409  62.269 0.1000000015
79002  42.255  13.595  54.576 0.3000000119
78981  42.101  14.018  55.795 0.3000000119
79001  43.666  13.806  54.142 0.3000000119
79013  46.544  13.338  53.684 0.3000000119
79889  46.268  14.151  53.784 0.2000000030
79871  46.828  14.746  54.192 0.2000000030
74522  33.651  8.009  62.795 0.1000000015
77174  29.048  11.331  56.511 0.2000000030
73704  39.535  7.499  58.423 0.2000000030
82739  34.743  18.300  40.809 0.3000000119
81785  35.255  16.440  42.411 0.2000000030
74523  32.783  8.214  62.684 0.1000000015
129926  35.091  19.222  41.802 0.4000000060
73647  33.131  7.676  62.163 0.1000000015
76287  29.330  10.545  56.660 0.2000000030
85836  39.586  21.340  37.507 0.6000000238
84394  39.745  20.197  35.735 0.6000000238
109055  34.078  6.740  59.860 0.2000000030
74603  31.114  8.155  56.919 0.2000000030
75467  29.677  9.771  56.719 0.2000000030
84972  36.251  20.518  58.127 0.1000000015
86526  39.216  22.146  40.864 0.4000000060
85134  41.113  20.478  34.367 0.6000000238
87922  38.498  25.582  40.973 0.2000000030
86507  38.237  23.471  42.041 0.2000000030
78055  26.894  11.967  61.955 0.1000000015
76251  28.029  9.961  60.870 0.2000000030
76260  27.350  10.189  59.696 0.2000000030
74574  29.266  8.604  59.192 0.2000000030
60154  57.679  -6.092  56.142 0.1000000015
60135  56.553  -5.877  58.014 0.1000000015
60145  57.146  -6.143  57.322 0.1000000015
61053  56.488  -4.994  58.005 0.1000000015
61063  57.331  -5.740  56.444 0.1000000015
124779  56.935  -5.510  57.315 0.1000000015
61068  56.958  -5.382  56.185 0.1000000015
61054  55.781  -5.615  58.500 0.1000000015
62042  54.847  -4.573  59.158 0.1000000015
61064  56.788  -4.868  56.792 0.1000000015
62040  56.454  -4.302  57.419 0.1000000015
110214  56.459  -4.534  56.413 0.1000000015
110623  55.279  -4.094  58.877 0.1000000015
62043  54.119  -4.747  59.341 0.1000000015
62041  56.001  -4.231  58.194 0.1000000015
61069  56.360  -5.080  56.215 0.1000000015
119879  55.900  -4.318  56.212 0.1000000015
119994  56.173  -3.790  56.291 0.1000000015
60156  55.532  -5.974  56.235 0.1000000015
60157  54.234  -6.033  56.390 0.1000000015
60158  53.066  -5.869  56.330 0.1000000015
62025  54.380  -4.019  59.394 0.1000000015
63014  54.937  -3.443  58.663 0.1000000015
63013  55.666  -3.557  58.061 0.1000000015
63033  56.069  -2.960  57.260 0.1000000015
63012  56.242  -3.645  57.421 0.1000000015
63967  56.015  -2.670  56.644 0.1000000015
63035  56.112  -3.129  56.378 0.1000000015
63036  55.997  -3.049  56.160 0.1000000015
63037  55.563  -2.676  56.239 0.1000000015
61070  55.109  -5.204  56.423 0.1000000015
61071  53.905  -5.224  56.532 0.1000000015
128456  51.889  -4.858  56.230 0.1000000015
65000  51.252  -1.644  47.708 0.1000000015
64981  50.191  -2.167  48.262 0.1000000015
64982  49.242  -1.949  48.430 0.1000000015
65957  50.677  -0.864  47.634 0.1000000015
63968  55.280  -1.984  57.239 0.1000000015
63945  55.465  -2.837  57.707 0.1000000015
125532  55.828  -2.418  57.065 0.1000000015
63982  55.339  -2.196  56.259 0.1000000015
63994  54.805  -1.704  56.125 0.1000000015
130258  53.742  -4.557  56.515 0.1000000015
62056  54.319  -3.820  56.415 0.1000000015
124699  54.931  -3.013  56.206 0.1000000015
120619  52.815  -4.964  56.484 0.1000000015
63040  51.578  -4.240  56.017 0.1000000015
61072  51.196  -5.062  55.690 0.1000000015
59237  51.114  -7.455  50.196 0.1000000015
59238  50.353  -7.444  50.363 0.1000000015
60220  50.181  -7.163  50.343 0.1000000015
61117  49.529  -6.663  50.900 0.1000000015
61130  50.893  -6.699  50.081 0.1000000015
62112  51.580  -6.009  49.800 0.1000000015
62099  49.900  -4.986  51.253 0.1000000015
62114  50.176  -4.096  50.726 0.1000000015
63103  50.685  -3.887  50.141 0.1000000015
63104  49.852  -3.217  50.305 0.1000000015
112826  49.370  -2.596  49.689 0.1000000015
64999  52.249  -1.700  47.620 0.1000000015
64066  49.791  -2.408  48.949 0.1000000015
64882  55.125  -1.678  56.627 0.1000000015
64883  54.662  -1.280  57.031 0.1000000015
64901  55.046  -1.781  56.297 0.1000000015
64881  55.540  -2.201  56.551 0.1000000015
64920  54.130  -1.637  55.818 0.1000000015
62057  53.204  -4.085  56.451 0.1000000015
63039  52.476  -3.474  56.250 0.1000000015
63049  51.342  -3.449  55.716 0.1000000015
63056  50.497  -3.298  54.257 0.1000000015
62069  50.499  -4.181  54.485 0.1000000015
62080  50.958  -4.097  53.091 0.1000000015
61088  51.320  -5.360  52.766 0.1000000015
62098  52.151  -5.802  51.762 0.1000000015
61115  52.108  -6.856  51.158 0.1000000015
60211  52.436  -7.056  50.288 0.1000000015
64000  50.653  -2.648  54.659 0.1000000015
63059  50.554  -3.262  53.423 0.1000000015
122954  51.745  -4.503  52.198 0.1000000015
62097  52.709  -5.276  51.306 0.1000000015
61114  52.814  -6.323  50.808 0.1000000015
60218  51.766  -7.435  49.996 0.1000000015
60223  52.533  -7.008  49.893 0.1000000015
64003  50.480  -2.507  53.001 0.1000000015
63064  50.945  -3.358  52.618 0.1000000015
63076  52.458  -3.538  51.119 0.1000000015
123410  53.121  -4.735  50.903 0.1000000015
111654  53.373  -5.737  50.479 0.1000000015
61133  53.129  -6.310  49.689 0.1000000015
61134  52.435  -6.484  49.670 0.1000000015
62119  52.159  -5.554  49.536 0.1000000015
62120  51.444  -4.737  49.832 0.1000000015
65896  51.106  -0.751  51.221 0.1000000015
64025  52.106  -2.379  50.809 0.1000000015
64024  53.169  -3.254  50.484 0.1000000015
63114  54.531  -4.142  49.475 0.1000000015
62124  54.430  -4.513  49.141 0.1000000015
62125  54.189  -4.821  48.989 0.1000000015
62126  53.773  -4.815  48.904 0.1000000015
63116  52.168  -4.496  49.318 0.1000000015
63117  51.207  -3.634  49.533 0.1000000015
64065  50.801  -2.799  48.844 0.1000000015
64941  51.809  -1.356  50.641 0.1000000015
65899  52.403  -0.920  50.165 0.1000000015
64961  54.169  -1.462  49.592 0.1000000015
121341  54.084  -2.243  49.718 0.1000000015
64049  54.934  -3.265  49.404 0.1000000015
63113  55.159  -3.769  48.898 0.1000000015
63128  55.130  -3.661  48.114 0.1000000015
63130  53.560  -3.601  48.078 0.1000000015
64064  52.572  -3.254  48.207 0.1000000015
111543  51.567  -2.877  48.395 0.1000000015
64050  50.325  -2.985  49.612 0.1000000015
65912  53.786  -0.593  49.589 0.1000000015
65911  54.801  -1.038  49.408 0.1000000015
109713  55.770  -1.510  49.196 0.1000000015
64959  56.255  -2.229  48.937 0.1000000015
64063  56.468  -2.693  48.096 0.1000000015
64072  55.666  -3.065  47.802 0.1000000015
64074  52.900  -2.644  47.768 0.1000000015
64075  51.856  -2.431  47.859 0.1000000015
129580  50.859  -2.502  48.340 0.1000000015
65952  55.736  -0.734  47.208 0.1000000015
114749  54.412  -1.456  47.434 0.1000000015
65954  53.602  -0.700  47.496 0.1000000015
66946  53.903  0.256  47.446 0.1000000015
65847  54.610  -1.185  56.421 0.1000000015
65860  54.176  -0.627  56.100 0.1000000015
64919  54.571  -1.291  56.075 0.1000000015
65876  54.071  -0.821  55.728 0.1000000015
63995  52.860  -1.802  55.677 0.1000000015
63996  51.783  -2.073  55.475 0.1000000015
64929  50.710  -1.884  54.277 0.1000000015
65890  50.911  -0.324  53.293 0.1000000015
64001  50.486  -2.544  53.868 0.1000000015
64932  50.502  -1.743  53.482 0.1000000015
65897  50.746  -0.195  51.803 0.1000000015
66916  52.422  0.522  50.076 0.1000000015
66922  53.412  0.439  49.663 0.1000000015
65913  52.856  -0.324  49.809 0.1000000015
124033  54.196  0.780  49.419 0.1000000015
65910  55.628  -0.522  49.119 0.1000000015
65930  56.610  -0.402  48.737 0.1000000015
127199  57.554  -1.247  48.070 0.1000000015
65950  57.568  -1.023  47.851 0.1000000015
64061  57.214  -1.921  47.850 0.1000000015
124974  57.204  -1.241  47.331 0.1000000015
65972  56.766  -0.732  46.968 0.1000000015
66967  56.015  0.152  46.943 0.1000000015
66968  55.303  1.050  46.930 0.1000000015
67975  54.288  1.162  47.228 0.1000000015
129837  54.163  -0.644  56.447 0.1000000015
129275  53.561  0.068  56.260 0.1000000015
66884  52.880  0.509  55.520 0.1000000015
115832  53.575  -0.219  55.843 0.1000000015
127051  52.612  0.210  55.032 0.1000000015
64928  51.753  -0.737  54.697 0.1000000015
65889  51.545  -0.199  54.109 0.1000000015
67937  51.612  1.258  53.053 0.1000000015
65893  50.992  0.398  52.563 0.1000000015
66914  51.104  0.593  51.617 0.1000000015
123905  52.546  1.797  50.456 0.1000000015
67957  53.666  1.376  49.680 0.1000000015
67956  54.624  1.500  49.370 0.1000000015
66919  55.903  0.227  48.908 0.1000000015
66927  57.314  -0.140  48.407 0.1000000015
111376  57.820  -0.129  47.540 0.1000000015
65970  57.535  -0.732  47.442 0.1000000015
65971  57.295  -0.452  46.919 0.1000000015
66966  57.102  0.195  46.658 0.1000000015
67996  56.845  1.215  46.349 0.1000000015
67997  55.767  1.737  46.412 0.1000000015
69031  55.029  2.371  46.218 0.1000000015
121750  53.884  3.090  45.913 0.1000000015
122600  53.340  3.764  45.225 0.1000000015
65838  52.266  -0.051  57.960 0.1000000015
116570  53.510  -0.023  56.680 0.1000000015
117412  53.918  -0.588  56.921 0.1000000015
66861  53.095  0.295  57.503 0.1000000015
66883  53.236  0.676  56.154 0.1000000015
67918  53.022  1.430  55.882 0.1000000015
66898  52.468  0.773  54.863 0.1000000015
67925  52.160  1.370  54.151 0.1000000015
66899  52.087  0.420  54.436 0.1000000015
68977  52.069  1.901  53.358 0.1000000015
68989  51.887  1.964  52.608 0.1000000015
114602  52.286  2.669  52.261 0.1000000015
69004  52.765  2.437  50.707 0.2000000030
69002  54.444  3.066  50.114 0.2000000030
70023  55.309  2.935  49.588 0.2000000030
70022  56.594  3.065  49.005 0.2000000030
69007  56.081  2.578  49.101 0.1000000015
69017  56.840  2.252  48.642 0.1000000015
69016  57.731  1.896  48.141 0.1000000015
67962  57.731  0.962  48.048 0.1000000015
126410  58.100  0.900  47.511 0.1000000015
70040  58.338  2.961  47.438 0.2000000030
69025  58.261  2.016  47.440 0.2000000030
66944  58.206  0.709  46.986 0.1000000015
67994  58.160  1.029  46.517 0.1000000015
67995  57.687  0.906  46.420 0.1000000015
69049  57.458  2.043  45.497 0.1000000015
69069  56.666  2.562  45.218 0.1000000015
70053  55.660  3.118  45.006 0.1000000015
70055  53.966  3.428  45.382 0.1000000015
64886  51.338  -1.407  57.749 0.1000000015
63972  50.893  -2.098  57.755 0.1000000015
63950  50.473  -2.770  57.938 0.1000000015
63949  51.410  -2.736  58.120 0.1000000015
65849  51.813  -0.747  57.740 0.1000000015
121221  52.777  0.653  58.510 0.1000000015
126950  53.277  1.070  58.286 0.1000000015
66860  53.372  1.170  57.612 0.2000000030
114126  54.022  1.978  58.228 0.2000000030
67898  53.690  1.821  57.421 0.2000000030
66870  53.324  0.876  56.783 0.2000000030
67908  53.398  1.620  56.615 0.1000000015
68961  53.416  2.354  56.236 0.2000000030
68962  52.928  2.120  55.558 0.1000000015
69978  52.786  3.003  54.222 0.2000000030
69986  52.747  3.155  53.557 0.1000000015
69994  53.405  3.858  52.454 0.1000000015
70944  54.063  4.327  52.099 0.2000000030
70005  52.842  3.316  51.932 0.1000000015
124834  53.478  3.757  51.760 0.2000000030
70955  54.613  3.957  50.773 0.2000000030
70966  56.913  3.868  49.213 0.2000000030
70979  58.098  4.994  48.637 0.2000000030
70033  57.246  2.990  48.578 0.2000000030
70032  57.943  2.928  48.020 0.2000000030
70989  58.545  4.820  47.685 0.2000000030
70031  58.225  3.877  47.943 0.2000000030
69024  58.549  2.434  46.806 0.1000000015
69047  58.512  2.605  45.412 0.1000000015
68013  58.318  1.736  46.015 0.1000000015
69048  58.107  2.219  45.403 0.1000000015
69068  57.592  2.632  44.874 0.1000000015
64874  48.374  -2.154  58.228 0.1000000015
110894  48.662  -2.737  57.932 0.1000000015
116015  49.300  -1.922  57.847 0.1000000015
63951  49.544  -2.724  57.848 0.1000000015
124749  50.076  -2.163  57.714 0.1000000015
66855  52.003  0.347  58.832 0.1000000015
66854  53.959  1.715  58.777 0.1000000015
68922  54.812  2.599  59.222 0.2000000030
68949  54.945  3.384  58.075 0.2000000030
68936  54.488  2.626  58.173 0.2000000030
68950  54.104  2.703  57.221 0.2000000030
69956  55.070  3.887  57.480 0.2000000030
72786  55.564  6.449  55.918 0.2000000030
69957  54.168  3.379  56.534 0.2000000030
110082  55.817  6.361  55.638 0.2000000030
68969  53.423  3.050  55.570 0.2000000030
72793  56.098  6.759  54.968 0.2000000030
69977  53.249  3.313  54.727 0.2000000030
114412  53.844  3.797  55.161 0.2000000030
71870  56.080  6.284  55.205 0.2000000030
70916  55.270  5.188  54.528 0.2000000030
71880  55.844  5.528  53.965 0.2000000030
71869  56.292  6.660  54.523 0.2000000030
69985  53.362  3.834  53.295 0.2000000030
70924  54.957  4.952  53.545 0.2000000030
71888  56.290  5.820  53.285 0.2000000030
71887  56.470  6.574  53.785 0.2000000030
70933  54.084  4.425  52.985 0.2000000030
70932  54.864  4.815  52.627 0.2000000030
70931  55.716  5.245  52.435 0.2000000030
71896  56.341  5.787  52.230 0.2000000030
113387  56.575  6.638  52.713 0.2000000030
70942  55.884  5.142  51.580 0.2000000030
70941  56.466  5.684  51.362 0.2000000030
70954  55.431  4.540  50.880 0.2000000030
70953  56.197  4.991  50.846 0.2000000030
126812  55.930  4.344  50.339 0.2000000030
70965  57.403  4.824  49.410 0.2000000030
70952  57.141  5.664  50.115 0.2000000030
71923  58.470  5.663  48.114 0.2000000030
70039  58.628  3.713  46.926 0.1000000015
69030  58.744  2.962  45.999 0.2000000030
70052  58.834  3.462  45.095 0.1000000015
108027  48.799  -1.506  58.671 0.1000000015
64873  49.652  -1.072  58.534 0.1000000015
65840  50.580  -0.551  58.571 0.1000000015
127796  51.035  -0.826  57.872 0.1000000015
68935  55.289  3.454  58.921 0.2000000030
69943  55.475  4.145  58.413 0.2000000030
70880  55.497  5.051  58.349 0.2000000030
69942  55.578  4.711  57.862 0.2000000030
70888  55.565  5.125  57.878 0.2000000030
71846  55.410  5.786  57.117 0.2000000030
69968  55.092  4.320  56.800 0.2000000030
70898  55.577  4.936  56.949 0.2000000030
111751  55.543  5.561  57.037 0.2000000030
116950  55.652  5.583  56.556 0.2000000030
72777  55.646  6.099  56.400 0.2000000030
69969  54.350  4.033  55.904 0.2000000030
70911  55.278  4.918  56.231 0.2000000030
71859  55.788  5.990  56.135 0.2000000030
70917  54.620  4.592  55.128 0.2000000030
70910  55.695  5.638  55.620 0.2000000030
71871  56.044  5.802  54.788 0.2000000030
71941  58.713  5.837  47.389 0.2000000030
70993  58.873  4.965  46.745 0.2000000030
65826  51.269  0.081  59.210 0.1000000015
129133  46.976  -0.580  63.961 0.1000000015
65787  46.392  0.025  65.024 0.1000000015
64812  45.481  -0.569  64.693 0.1000000015
64800  44.907  -0.074  65.307 0.1000000015
109974  45.020  0.585  65.414 0.1000000015
64825  47.016  -1.154  62.829 0.1000000015
65772  45.647  0.730  65.426 0.1000000015
76409  42.566  10.595  43.803 0.1000000015
76424  43.485  10.863  42.886 0.1000000015
117725  42.008  10.934  43.060 0.1000000015
76425  40.966  10.983  42.743 0.1000000015
112522  40.777  10.714  43.762 0.1000000015
116101  42.797  10.802  43.218 0.1000000015
114870  40.087  10.696  43.882 0.1000000015
77283  43.973  11.242  42.190 0.1000000015
76411  39.458  10.794  43.540 0.1000000015
76428  38.765  11.014  43.165 0.1000000015
77284  42.960  11.312  42.004 0.1000000015
76412  38.105  10.945  43.623 0.1000000015
77286  41.235  11.267  41.789 0.1000000015
123528  40.108  10.843  43.158 0.1000000015
77290  37.447  11.575  42.630 0.1000000015
78205  35.558  12.487  43.221 0.1000000015
78206  34.902  12.985  43.703 0.1000000015
79116  34.040  13.781  44.559 0.1000000015
77301  42.495  11.443  41.181 0.1000000015
77285  42.048  11.303  41.812 0.1000000015
76426  40.058  11.083  42.479 0.1000000015
78210  37.092  11.956  42.154 0.1000000015
78211  36.314  12.389  42.552 0.1000000015
77288  39.499  11.306  42.029 0.1000000015
77289  38.746  11.318  42.367 0.1000000015
122250  35.784  13.017  42.645 0.1000000015
79127  35.403  13.373  43.142 0.1000000015
79976  34.313  14.539  44.259 0.1000000015
79977  33.584  14.603  44.821 0.1000000015
77302  40.831  11.413  41.048 0.1000000015
77303  39.633  11.456  41.339 0.1000000015
77319  38.122  11.843  41.219 0.1000000015
79132  36.275  13.190  42.156 0.1000000015
79133  35.868  13.877  42.611 0.1000000015
77315  41.097  11.480  40.210 0.1000000015
77317  39.395  11.622  40.548 0.1000000015
77318  38.574  11.859  40.650 0.1000000015
78218  37.493  12.164  41.448 0.1000000015
78219  36.815  12.636  41.770 0.1000000015
80010  36.688  14.428  41.517 0.1000000015
80000  36.384  13.957  42.045 0.1000000015
77332  39.579  11.723  39.633 0.2000000030
77333  38.918  11.878  39.945 0.2000000030
78226  37.899  12.351  40.667 0.1000000015
79139  37.246  12.922  41.063 0.1000000015
79140  36.741  13.475  41.533 0.1000000015
80913  35.548  15.459  42.662 0.1000000015
110021  35.643  14.662  42.807 0.1000000015
78235  39.182  12.065  39.276 0.2000000030
78237  38.172  12.765  40.003 0.2000000030
80920  36.513  15.445  41.512 0.2000000030
80921  35.919  15.945  42.015 0.1000000015
81796  35.497  16.935  41.659 0.2000000030
80932  36.790  16.032  40.894 0.2000000030
81786  34.476  16.840  42.700 0.1000000015
82718  33.802  17.688  42.138 0.1000000015
83573  32.757  18.120  43.036 0.2000000030
83562  33.049  18.771  43.383 0.2000000030
114940  33.261  19.480  44.003 0.2000000030
84338  32.629  19.189  44.122 0.2000000030
84347  33.775  19.425  43.591 0.2000000030
84337  32.995  19.944  44.534 0.1000000015
85074  34.475  20.077  43.902 0.2000000030
85064  34.213  20.798  44.493 0.1000000015
85073  35.391  20.170  43.428 0.3000000119
85788  35.010  20.895  44.206 0.2000000030
85777  34.583  21.491  44.508 0.1000000015
85787  35.777  21.194  43.845 0.3000000119
88549  41.599  25.599  40.371 0.3000000119
87930  42.794  25.345  40.179 0.3000000119
108137  42.291  25.370  39.707 0.3000000119
107694  43.680  24.401  41.844 0.2000000030
130768  43.490  24.895  40.780 0.2000000030
87897  42.015  24.001  42.870 0.2000000030
87206  41.759  23.674  43.761 0.2000000030
87205  42.681  23.725  43.455 0.2000000030
65839  51.441  -0.308  58.273 0.1000000015
63973  50.360  -1.389  57.847 0.1000000015
87908  42.316  24.471  41.980 0.2000000030
71879  56.322  6.104  54.331 0.2000000030
116571  56.869  6.359  50.918 0.2000000030
125708  56.683  5.498  50.676 0.2000000030
71836  55.479  5.344  57.841 0.2000000030
71895  56.625  6.308  51.802 0.2000000030
69051  54.744  2.957  45.677 0.1000000015
109088  41.626  11.413  41.042 0.1000000015
126711  40.132  11.650  39.259 0.2000000030
78236  38.676  12.377  39.653 0.2000000030
61067  57.576  -5.991  55.963 0.1000000015
112238  55.573  -4.797  58.727 0.1000000015
62054  56.429  -4.564  56.334 0.1000000015
62053  56.390  -3.866  56.679 0.1000000015
63032  56.274  -3.154  56.799 0.1000000015
62055  55.578  -3.483  56.217 0.1000000015
59185  54.650  -6.826  56.157 0.1000000015
60162  53.349  -6.813  56.064 0.1000000015
63981  55.746  -2.651  56.339 0.1000000015
119688  54.744  -4.454  56.435 0.1000000015
63983  54.777  -2.271  56.068 0.1000000015
61075  52.030  -5.549  56.174 0.1000000015
62058  52.327  -4.347  56.352 0.1000000015
64076  50.958  -2.262  47.975 0.1000000015
64067  48.808  -2.198  49.019 0.1000000015
63946  54.592  -2.703  58.108 0.1000000015
63969  54.178  -1.867  57.707 0.1000000015
128573  54.353  -1.252  55.886 0.1000000015
63038  53.842  -3.160  56.332 0.1000000015
62063  50.833  -4.201  55.388 0.1000000015
60212  51.601  -7.394  50.505 0.1000000015
60219  50.992  -7.349  50.062 0.1000000015
61116  50.286  -6.252  50.572 0.1000000015
62113  50.746  -5.173  50.414 0.1000000015
64921  53.502  -1.036  55.488 0.1000000015
63984  53.388  -2.457  56.059 0.1000000015
63048  52.090  -2.636  55.855 0.1000000015
63050  50.633  -3.398  55.060 0.1000000015
63997  51.118  -2.702  55.344 0.1000000015
112261  50.573  -3.859  53.764 0.1000000015
62071  50.744  -4.640  53.639 0.1000000015
61089  50.747  -5.787  53.442 0.1000000015
61097  51.598  -6.420  51.981 0.1000000015
61128  53.142  -6.540  50.074 0.1000000015
65891  50.548  -1.025  53.172 0.1000000015
125655  50.811  -1.858  51.847 0.1000000015
64005  51.582  -3.453  51.870 0.1000000015
129014  52.370  -4.311  51.519 0.1000000015
64934  50.507  -1.602  52.566 0.1000000015
64937  50.662  -1.073  51.840 0.1000000015
64936  51.243  -1.638  51.286 0.1000000015
112493  53.768  -5.036  50.250 0.1000000015
63101  53.994  -4.241  50.099 0.1000000015
62111  54.098  -4.874  49.669 0.1000000015
61127  53.600  -5.660  49.820 0.1000000015
62117  53.949  -5.056  49.400 0.1000000015
112263  52.891  -5.717  49.372 0.1000000015
63115  53.157  -4.843  49.010 0.1000000015
63125  51.643  -3.436  49.001 0.1000000015
65900  51.616  -0.428  50.663 0.1000000015
114559  51.117  -0.019  51.190 0.1000000015
64962  53.306  -1.274  49.749 0.1000000015
64940  52.962  -2.068  50.195 0.1000000015
64023  54.042  -3.279  49.929 0.1000000015
121431  55.373  -3.586  48.452 0.1000000015
62118  53.573  -5.371  49.378 0.1000000015
63122  54.090  -4.339  48.519 0.1000000015
63123  53.318  -4.158  48.557 0.1000000015
125234  52.140  -0.127  50.252 0.1000000015
64048  55.837  -2.850  48.999 0.1000000015
64960  55.182  -2.172  49.403 0.1000000015
63112  55.864  -3.143  48.441 0.1000000015
63121  55.896  -3.210  48.121 0.1000000015
64073  54.902  -3.290  47.796 0.1000000015
114132  54.008  -2.989  47.695 0.1000000015
66921  54.442  -0.051  49.380 0.1000000015
64958  56.832  -2.084  48.494 0.1000000015
64047  56.430  -2.566  48.446 0.1000000015
109644  56.651  -2.214  47.644 0.1000000015
64979  57.410  -1.636  47.960 0.1000000015
118212  56.512  -1.627  47.344 0.1000000015
64997  54.897  -2.446  47.524 0.1000000015
64998  53.478  -1.822  47.510 0.1000000015
65953  54.660  -0.673  47.361 0.1000000015
65877  53.154  -0.360  55.454 0.1000000015
64922  52.080  -1.325  55.252 0.1000000015
65888  52.314  -0.182  54.867 0.1000000015
64927  52.622  -0.655  55.186 0.1000000015
63999  51.146  -1.997  54.980 0.1000000015
64931  50.901  -1.019  53.953 0.1000000015
66911  51.525  0.489  53.563 0.1000000015
65894  50.601  -0.604  52.532 0.1000000015
67952  52.813  1.266  49.967 0.1000000015
66917  51.599  0.485  50.749 0.1000000015
66920  55.059  0.514  49.183 0.1000000015
65929  57.298  -0.960  48.399 0.1000000015
113994  56.191  0.912  46.712 0.1000000015
67999  53.611  2.098  46.968 0.1000000015
67919  52.629  1.426  55.152 0.1000000015
67947  51.380  1.302  52.126 0.1000000015
69000  51.854  2.017  51.779 0.1000000015
67948  52.090  1.982  50.987 0.1000000015
69003  53.554  2.733  50.399 0.1000000015
69008  54.710  2.369  49.578 0.1000000015
69009  53.998  2.191  49.838 0.1000000015
67955  55.634  1.063  48.933 0.1000000015
67963  57.236  0.730  48.404 0.1000000015
67964  56.398  1.526  48.728 0.1000000015
66965  57.908  0.095  46.894 0.1000000015
69050  55.749  2.471  45.736 0.1000000015
68976  52.421  2.391  53.872 0.1000000015
68970  52.688  2.386  54.792 0.1000000015
68988  52.337  2.559  53.070 0.1000000015
68999  52.441  2.646  51.431 0.2000000030
68998  53.205  3.233  51.110 0.2000000030
70015  53.917  3.392  50.702 0.2000000030
70014  55.295  3.774  50.206 0.2000000030
124446  56.088  3.630  49.633 0.2000000030
70021  57.615  3.924  48.627 0.2000000030
67974  58.420  1.458  46.889 0.1000000015
127465  58.291  1.351  46.561 0.1000000015
68014  57.954  1.537  45.947 0.1000000015
118238  53.285  3.660  54.056 0.2000000030
70943  54.893  4.621  51.649 0.2000000030
70004  54.007  3.906  51.336 0.2000000030
123688  55.461  4.563  57.359 0.2000000030
121172  53.762  4.003  54.587 0.2000000030
70925  54.092  4.476  54.007 0.2000000030
71889  55.597  5.249  53.182 0.2000000030
118305  56.618  4.714  50.047 0.2000000030
77272  38.058  11.301  42.845 0.1000000015
77287  40.334  11.289  41.761 0.1000000015
77292  36.094  11.797  43.248 0.1000000015
79115  34.596  13.776  44.019 0.1000000015
79989  34.854  14.436  43.696 0.1000000015
79128  35.027  13.747  43.555 0.1000000015
77304  38.830  11.572  41.444 0.1000000015
77305  37.933  11.608  41.977 0.1000000015
79988  35.361  14.189  43.203 0.1000000015
77316  40.159  11.482  40.890 0.1000000015
80912  36.164  14.825  42.235 0.1000000015
78225  38.428  12.201  40.173 0.2000000030
85075  33.715  20.077  44.271 0.1000000015
83563  32.287  18.343  43.684 0.2000000030
87919  42.533  25.082  41.031 0.2000000030
79809  24.733  14.993  61.107 0.1000000015
81608  24.395  16.403  60.973 0.1000000015
79811  24.567  14.840  60.303 0.1000000015
79813  24.491  14.729  59.443 0.1000000015
80739  24.313  15.437  58.990 0.1000000015
79817  24.599  14.743  58.570 0.1000000015
117270  24.255  16.264  60.152 0.1000000015
118634  24.231  16.142  59.349 0.1000000015
80749  24.581  15.537  58.111 0.1000000015
128412  24.323  16.052  58.669 0.1000000015
80748  25.066  15.392  57.294 0.1000000015
79828  24.977  14.697  57.736 0.1000000015
119331  24.258  16.737  58.813 0.1000000015
79827  25.398  13.865  57.516 0.1000000015
78953  25.896  13.166  57.099 0.1000000015
82708  32.496  17.834  43.421 0.1000000015
87836  40.127  24.217  49.799 0.1000000015
87819  41.622  24.697  50.300 0.1000000015
87818  42.612  24.769  50.259 0.1000000015
87833  43.158  24.197  49.689 0.1000000015
85758  29.025  21.516  46.446 0.1000000015
128365  28.653  22.085  46.593 0.1000000015
85757  30.021  21.861  46.313 0.1000000015
86478  29.245  22.426  46.515 0.1000000015
113431  28.044  21.788  46.618 0.1000000015
86481  26.670  22.316  46.592 0.1000000015
85767  32.363  21.679  45.425 0.1000000015
87821  39.763  24.473  50.501 0.1000000015
87820  40.664  24.590  50.370 0.1000000015
88475  42.113  25.189  50.932 0.1000000015
88450  42.286  25.575  52.558 0.1000000015
88474  43.130  25.237  50.867 0.1000000015
88462  42.653  25.487  51.635 0.1000000015
87817  43.641  24.713  50.226 0.1000000015
88461  43.656  25.538  51.554 0.1000000015
88460  44.588  25.607  51.496 0.1000000015
87832  44.155  24.092  49.664 0.1000000015
88473  44.110  25.181  50.832 0.1000000015
87816  44.607  24.591  50.228 0.1000000015
88550  40.861  25.777  40.735 0.1000000015
85769  30.722  21.317  45.958 0.1000000015
121449  29.567  23.114  46.459 0.1000000015
86479  28.333  22.634  46.674 0.1000000015
110432  26.980  22.904  46.760 0.1000000015
86482  25.730  22.241  46.298 0.1000000015
87920  41.553  25.306  41.297 0.1000000015
85779  32.751  21.096  45.252 0.1000000015
87185  30.820  23.202  46.045 0.1000000015
112504  28.965  23.086  46.604 0.1000000015
113453  26.299  22.990  46.566 0.1000000015
115295  33.914  21.607  44.808 0.1000000015
86487  32.680  22.466  45.337 0.1000000015
86488  31.858  22.339  45.609 0.1000000015
85776  35.250  21.892  44.281 0.1000000015
87808  39.435  24.618  51.255 0.1000000015
87807  40.286  24.773  51.136 0.1000000015
88464  40.760  25.183  51.767 0.1000000015
87806  41.176  24.987  51.023 0.1000000015
88463  41.673  25.393  51.698 0.1000000015
116568  43.087  25.684  53.075 0.1000000015
88449  43.283  25.692  52.361 0.1000000015
124921  43.949  25.912  53.179 0.1000000015
88448  44.210  25.848  52.275 0.1000000015
88472  45.046  25.157  50.783 0.1000000015
88447  45.106  26.058  52.218 0.1000000015
88459  45.519  25.703  51.419 0.1000000015
87814  46.606  24.508  50.018 0.1000000015
87831  45.139  23.923  49.691 0.1000000015
87830  46.170  23.882  49.571 0.1000000015
87129  46.784  23.447  48.851 0.1000000015
88520  30.349  25.668  45.887 0.1000000015
88511  29.400  25.605  46.325 0.1000000015
88512  28.561  25.927  46.467 0.1000000015
124927  27.833  25.496  46.569 0.1000000015
113552  30.554  24.770  45.982 0.1000000015
87869  29.316  24.695  46.436 0.1000000015
112772  28.581  25.107  46.519 0.1000000015
124865  27.110  25.007  46.626 0.1000000015
109133  31.113  25.169  45.577 0.1000000015
127130  31.100  24.451  45.721 0.1000000015
87882  30.684  24.001  46.007 0.1000000015
87170  29.272  23.786  46.500 0.1000000015
87870  28.523  24.271  46.614 0.1000000015
130470  27.212  24.306  46.676 0.1000000015
87909  41.408  24.603  42.237 0.1000000015
87921  40.626  25.471  41.554 0.1000000015
110102  32.898  24.218  44.649 0.1000000015
87183  32.245  23.979  45.215 0.1000000015
113039  32.118  23.137  45.493 0.1000000015
121770  31.450  22.940  45.775 0.1000000015
108241  27.735  23.905  46.734 0.1000000015
87174  26.007  23.747  46.460 0.1000000015
88551  40.122  26.027  40.754 0.2000000030
87196  34.098  24.070  43.994 0.1000000015
87197  33.499  23.609  44.582 0.1000000015
86486  33.551  22.600  44.919 0.1000000015
88558  40.671  25.804  40.407 0.1000000015
122484  36.042  23.385  43.445 0.1000000015
87209  35.377  23.774  43.513 0.1000000015
128485  35.038  22.574  44.261 0.1000000015
86496  34.479  22.368  44.538 0.1000000015
87073  39.574  23.353  58.123 0.1000000015
87055  39.191  22.497  58.839 0.1000000015
87087  39.195  23.723  56.995 0.1000000015
87054  40.099  22.835  59.358 0.1000000015
86377  40.014  22.578  60.776 0.1000000015
88465  39.915  24.964  51.861 0.1000000015
88453  39.590  24.935  52.611 0.1000000015
87789  39.248  24.639  54.513 0.1000000015
87779  39.708  24.535  55.572 0.1000000015
87760  39.660  24.234  56.496 0.1000000015
87072  40.634  23.536  58.637 0.1000000015
86360  40.677  22.904  61.244 0.1000000015
87022  39.641  23.379  61.402 0.1000000015
88452  40.372  25.223  52.521 0.1000000015
124266  40.444  25.211  54.010 0.1000000015
87778  40.614  24.899  55.508 0.1000000015
87759  40.572  24.506  56.598 0.1000000015
87740  41.150  24.183  57.999 0.1000000015
87053  41.166  23.180  60.013 0.1000000015
87707  39.477  23.712  61.141 0.1000000015
87716  38.265  23.562  60.809 0.1000000015
87728  37.937  23.936  59.489 0.1000000015
122203  40.813  25.368  53.252 0.1000000015
88444  41.237  25.435  54.035 0.1000000015
87777  41.393  24.969  56.227 0.1000000015
87758  41.788  24.613  57.425 0.1000000015
87724  42.753  24.278  60.279 0.1000000015
87052  42.153  23.655  60.778 0.1000000015
88365  40.815  24.656  60.183 0.1000000015
87726  39.904  24.435  60.100 0.1000000015
87727  38.872  24.139  59.860 0.1000000015
87743  37.562  24.481  57.932 0.1000000015
120769  42.113  25.544  54.194 0.1000000015
88434  42.784  25.506  55.255 0.1000000015
88399  42.458  25.058  56.998 0.1000000015
88382  43.064  24.743  58.391 0.1000000015
88363  42.737  24.409  60.703 0.1000000015
88364  41.824  24.522  60.703 0.1000000015
88375  39.336  24.805  58.784 0.1000000015
87742  38.455  24.597  58.444 0.1000000015
88402  37.633  25.226  56.786 0.1000000015
88442  43.422  25.753  53.852 0.1000000015
113170  43.838  25.784  54.987 0.1000000015
88381  44.008  25.103  59.155 0.1000000015
87738  43.383  24.751  59.683 0.1000000015
88373  42.335  25.185  59.849 0.1000000015
88374  40.282  25.037  59.129 0.1000000015
88386  38.212  25.046  57.472 0.1000000015
89054  44.708  26.150  53.716 0.1000000015
89065  44.801  26.172  52.992 0.1000000015
88385  38.918  25.255  57.715 0.1000000015
89071  46.000  26.281  52.137 0.1000000015
88458  46.584  25.814  51.286 0.1000000015
88469  48.150  25.234  50.167 0.1000000015
88470  47.034  25.138  50.474 0.1000000015
87813  47.801  24.629  49.663 0.1000000015
87829  47.352  24.002  49.227 0.1000000015
123049  39.657  24.182  46.027 0.1000000015
124090  38.496  24.452  45.166 0.1000000015
87878  38.278  24.763  46.015 0.1000000015
87207  40.840  23.697  43.984 0.1000000015
87195  40.582  23.613  44.974 0.1000000015
87182  39.740  23.882  45.293 0.1000000015
87879  37.678  24.777  44.933 0.1000000015
88516  37.394  25.259  45.827 0.1000000015
89125  31.192  26.946  45.275 0.1000000015
89126  30.460  26.626  45.634 0.1000000015
126768  29.097  26.343  46.341 0.1000000015
89115  28.499  26.656  46.402 0.1000000015
115398  27.046  25.886  46.522 0.1000000015
89117  27.093  26.822  46.432 0.1000000015
89118  26.147  26.350  46.304 0.1000000015
87899  40.372  24.272  43.231 0.1000000015
126501  36.998  25.225  45.075 0.1000000015
89120  36.498  26.224  46.147 0.1000000015
89121  35.867  26.243  45.745 0.1000000015
116907  35.475  26.759  46.064 0.1000000015
89727  34.141  27.546  45.792 0.1000000015
115434  33.599  27.198  45.243 0.1000000015
89728  33.374  27.721  45.567 0.1000000015
89123  32.933  27.146  44.929 0.1000000015
113296  31.812  27.182  45.075 0.1000000015
88513  26.276  25.278  46.431 0.1000000015
87900  39.591  24.686  43.106 0.1000000015
118629  39.044  24.511  43.757 0.1000000015
87901  38.414  25.186  43.284 0.1000000015
88524  36.967  25.345  44.177 0.1000000015
88525  36.448  25.493  44.647 0.1000000015
88518  35.637  25.894  44.620 0.1000000015
89132  34.177  26.437  44.355 0.1000000015
89133  33.421  26.631  44.502 0.1000000015
88527  32.454  25.792  44.438 0.1000000015
88528  31.775  25.497  45.046 0.1000000015
88519  31.136  26.064  45.350 0.1000000015
87872  25.678  24.555  46.264 0.1000000015
89128  25.306  26.509  45.721 0.1000000015
124341  40.734  24.640  42.522 0.1000000015
117654  40.052  25.146  42.316 0.1000000015
88531  38.517  25.837  42.181 0.1000000015
88541  37.060  26.364  41.891 0.1000000015
88533  36.885  26.025  42.881 0.1000000015
88534  36.187  25.859  43.630 0.1000000015
89138  35.305  26.247  43.074 0.1000000015
89145  35.044  26.111  42.634 0.1000000015
88535  34.248  26.015  43.023 0.1000000015
89140  33.774  26.188  43.685 0.1000000015
88536  33.656  25.747  43.491 0.1000000015
87893  33.050  25.215  44.053 0.1000000015
87881  31.687  24.614  45.363 0.1000000015
88521  24.739  25.234  45.416 0.1000000015
88552  39.344  26.177  40.848 0.2000000030
88540  37.931  26.216  41.545 0.1000000015
89149  36.747  26.224  41.653 0.1000000015
88542  36.195  26.214  41.867 0.1000000015
89144  35.793  26.198  42.241 0.1000000015
87903  35.421  25.376  42.438 0.1000000015
87904  34.346  24.916  43.236 0.1000000015
117763  34.117  25.566  43.111 0.1000000015
116805  33.450  24.415  44.181 0.1000000015
111553  37.611  25.943  41.204 0.1000000015
87912  36.956  25.423  41.633 0.1000000015
110556  36.071  25.425  42.034 0.1000000015
87208  35.920  24.397  42.838 0.1000000015
87217  37.440  24.088  42.280 0.1000000015
87218  36.787  23.436  42.995 0.1000000015
87795  38.293  24.535  53.101 0.1000000015
119018  38.605  24.559  53.920 0.1000000015
87088  38.299  23.549  56.533 0.1000000015
86378  39.159  22.434  60.517 0.1000000015
87780  38.909  24.381  55.263 0.1000000015
87761  38.979  24.131  56.063 0.1000000015
86395  38.749  22.076  59.412 0.1000000015
87038  38.674  23.371  61.079 0.1000000015
87762  36.979  24.699  57.084 0.1000000015
87763  36.236  24.545  56.891 0.1000000015
88417  44.229  25.625  56.474 0.1000000015
88418  43.164  25.341  56.584 0.1000000015
88403  36.751  25.074  56.372 0.1000000015
110019  44.303  25.995  54.219 0.1000000015
119653  44.848  25.941  55.994 0.1000000015
117278  44.205  25.465  57.561 0.1000000015
88986  43.927  25.419  59.348 0.1000000015
88987  43.140  25.643  59.305 0.1000000015
88988  41.980  25.883  58.716 0.1000000015
88383  40.948  25.633  58.593 0.1000000015
88401  38.531  25.581  56.874 0.1000000015
88420  38.162  25.833  56.090 0.1000000015
88421  37.284  25.614  55.876 0.1000000015
130844  45.315  26.368  53.733 0.1000000015
89007  46.050  26.633  57.265 0.1000000015
89008  45.546  26.520  57.886 0.1000000015
88396  44.884  25.978  58.609 0.1000000015
88995  43.716  26.183  58.845 0.1000000015
88400  39.364  25.824  57.092 0.1000000015
89064  45.760  26.499  53.128 0.1000000015
89621  44.716  27.232  57.805 0.1000000015
89609  44.227  26.661  58.314 0.1000000015
126089  42.163  26.926  57.441 0.1000000015
89009  41.515  26.849  57.157 0.1000000015
88998  40.235  26.082  57.418 0.1000000015
89031  38.605  26.495  55.619 0.1000000015
89032  37.766  26.236  55.393 0.1000000015
89070  46.916  26.557  52.126 0.1000000015
88468  49.334  25.557  49.833 0.1000000015
87828  48.625  24.383  48.664 0.1000000015
88508  39.529  25.140  47.031 0.1000000015
111238  38.724  25.369  46.748 0.1000000015
88509  37.885  25.611  46.492 0.1000000015
89111  38.406  26.251  46.855 0.1000000015
89112  37.602  26.447  46.618 0.1000000015
90324  36.081  28.082  46.453 0.1000000015
90325  35.415  28.101  46.389 0.1000000015
126612  35.044  28.509  46.275 0.1000000015
89731  30.485  27.608  45.591 0.1000000015
111065  29.886  27.096  45.838 0.1000000015
89716  29.156  27.085  46.199 0.1000000015
89717  28.339  27.352  46.339 0.1000000015
89113  36.844  26.639  46.459 0.1000000015
89713  36.477  27.361  46.483 0.1000000015
89714  35.594  27.414  46.327 0.1000000015
89715  34.751  27.913  46.263 0.1000000015
90345  33.895  28.172  46.007 0.1000000015
89729  32.454  27.681  45.339 0.1000000015
89730  31.475  27.864  45.406 0.1000000015
89720  25.890  27.293  45.936 0.1000000015
124647  34.267  29.341  45.900 0.1000000015
118616  33.576  28.951  45.931 0.1000000015
124406  32.780  28.930  45.772 0.1000000015
90347  32.226  28.458  45.594 0.1000000015
127220  31.520  28.697  45.579 0.1000000015
89735  25.548  27.902  45.435 0.1000000015
108663  36.629  24.559  42.329 0.1000000015
85664  38.296  22.018  59.726 0.1000000015
87023  38.032  23.254  61.003 0.1000000015
86363  36.888  23.494  60.929 0.1000000015
87039  37.586  23.341  60.850 0.1000000015
87056  37.336  23.542  60.591 0.1000000015
87744  36.624  24.235  57.824 0.1000000015
88404  35.876  24.896  56.129 0.1000000015
88438  35.078  25.678  54.750 0.1000000015
89028  45.758  26.392  56.210 0.1000000015
88437  35.993  25.847  54.934 0.1000000015
89041  45.352  26.331  54.696 0.1000000015
89620  45.694  27.023  57.785 0.1000000015
89636  45.072  27.698  57.078 0.1000000015
89033  36.880  26.037  55.166 0.1000000015
89053  46.125  26.704  54.364 0.1000000015
108677  46.736  27.010  53.872 0.1000000015
89637  43.847  27.774  56.688 0.1000000015
89624  41.000  27.220  56.247 0.1000000015
89010  40.618  26.654  56.829 0.1000000015
89030  39.462  26.780  55.814 0.1000000015
89043  37.328  26.671  54.702 0.1000000015
89063  47.379  27.255  53.158 0.1000000015
89638  42.653  27.796  56.218 0.1000000015
89062  47.892  26.877  52.126 0.1000000015
88467  50.205  26.141  49.493 0.1000000015
89076  48.422  25.821  50.728 0.1000000015
88478  50.019  25.535  48.883 0.1000000015
87844  49.424  24.937  47.414 0.1000000015
87857  41.197  24.912  47.387 0.1000000015
87858  40.329  24.970  47.220 0.1000000015
88506  39.280  26.079  47.226 0.1000000015
89710  38.888  26.946  47.069 0.1000000015
89711  38.136  27.117  46.752 0.1000000015
90343  36.461  28.828  46.176 0.1000000015
90344  35.661  28.721  46.256 0.1000000015
114342  38.755  27.705  46.686 0.1000000015
90322  37.919  28.117  46.461 0.1000000015
90342  37.330  28.906  46.061 0.1000000015
90928  35.944  29.470  45.795 0.1000000015
90929  35.040  29.278  45.977 0.1000000015
115601  34.412  28.656  46.138 0.1000000015
90932  31.039  29.392  45.571 0.1000000015
90950  37.647  29.600  45.385 0.1000000015
90927  36.806  29.563  45.582 0.1000000015
91545  36.255  30.190  45.148 0.1000000015
91546  35.398  30.092  45.401 0.1000000015
91547  34.559  29.992  45.563 0.1000000015
122228  32.949  29.623  45.701 0.1000000015
90931  32.062  29.343  45.650 0.1000000015
85675  37.641  21.425  59.135 0.1000000015
86379  37.568  22.415  60.267 0.1000000015
86380  36.672  22.693  60.524 0.1000000015
87040  36.620  23.588  60.962 0.1000000015
87057  36.584  23.623  60.396 0.1000000015
87730  36.176  23.730  58.821 0.1000000015
87745  35.708  24.077  57.636 0.1000000015
87764  35.300  24.416  56.719 0.1000000015
87781  34.884  24.757  55.941 0.1000000015
89047  33.826  26.201  54.107 0.1000000015
89046  34.715  26.166  54.220 0.1000000015
89058  33.641  26.766  53.592 0.1000000015
89040  46.383  26.793  55.634 0.1000000015
89027  46.429  26.905  56.721 0.1000000015
90224  46.073  27.488  57.075 0.1000000015
89045  35.582  26.294  54.340 0.1000000015
89057  34.503  26.665  53.711 0.1000000015
89667  33.465  27.385  53.131 0.1000000015
89039  46.725  27.332  56.019 0.1000000015
89635  46.422  27.349  56.655 0.1000000015
90238  46.420  27.921  56.318 0.1000000015
113007  44.283  28.112  56.198 0.1000000015
90240  43.229  28.249  55.527 0.1000000015
120353  40.845  27.631  55.541 0.1000000015
89640  40.313  27.348  55.648 0.1000000015
89642  39.004  27.108  55.172 0.1000000015
89042  38.209  26.841  54.925 0.1000000015
89656  36.922  27.162  54.101 0.1000000015
89055  35.999  27.010  53.857 0.1000000015
89666  34.374  27.279  53.252 0.1000000015
90285  33.984  28.336  52.323 0.1000000015
89052  46.879  27.222  55.055 0.1000000015
90252  43.583  28.541  54.438 0.1000000015
90253  42.461  28.411  54.429 0.1000000015
89651  41.109  28.047  55.075 0.1000000015
89652  40.234  27.843  55.017 0.1000000015
89654  38.584  27.510  54.528 0.1000000015
90268  37.089  28.204  53.221 0.1000000015
89673  35.895  27.736  53.317 0.1000000015
89674  35.112  27.821  52.985 0.1000000015
90284  34.921  28.412  52.377 0.1000000015
89672  48.027  28.039  53.766 0.1000000015
89075  49.529  26.248  50.393 0.1000000015
89069  48.665  26.542  51.287 0.1000000015
89078  50.381  26.769  49.445 0.1000000015
88485  49.564  25.385  47.853 0.1000000015
88484  50.059  26.137  48.487 0.1000000015
88504  41.575  25.705  47.808 0.1000000015
88505  40.659  25.648  47.573 0.1000000015
89103  40.123  26.347  47.518 0.1000000015
89699  40.450  27.194  47.476 0.1000000015
127195  39.333  27.487  46.962 0.1000000015
90321  39.470  28.135  46.602 0.1000000015
90341  38.824  28.509  46.222 0.1000000015
90925  39.012  29.188  45.565 0.1000000015
90949  38.427  29.658  45.166 0.1000000015
114075  37.158  30.261  44.792 0.1000000015
129645  37.094  30.865  44.133 0.1000000015
91564  36.463  30.781  44.418 0.1000000015
92187  35.164  31.248  44.272 0.1000000015
91563  37.934  30.082  44.782 0.1000000015
91588  37.854  30.666  44.128 0.1000000015
92207  36.072  31.811  43.316 0.1000000015
86381  35.961  22.949  60.882 0.1000000015
87024  36.183  23.687  61.224 0.1000000015
87041  36.159  23.803  61.535 0.1000000015
87058  35.781  23.721  60.095 0.1000000015
87042  35.558  24.038  61.569 0.1000000015
87076  35.172  23.750  58.620 0.1000000015
87782  33.894  24.719  55.834 0.1000000015
88424  34.492  25.187  55.280 0.1000000015
130127  32.704  27.567  53.081 0.1000000015
89676  33.257  27.979  52.662 0.1000000015
90249  47.178  28.204  55.255 0.1000000015
118799  45.391  28.747  54.607 0.1000000015
90251  44.773  28.556  55.019 0.1000000015
90293  32.102  28.838  51.982 0.1000000015
89661  47.399  27.626  54.419 0.1000000015
127560  46.564  28.740  54.758 0.1000000015
90264  41.885  28.604  53.588 0.1000000015
90265  41.005  28.568  53.526 0.1000000015
90266  39.337  28.433  53.485 0.1000000015
125701  37.817  28.251  53.304 0.1000000015
114028  36.745  28.473  52.659 0.1000000015
90283  35.889  28.339  52.722 0.1000000015
90292  34.273  28.776  51.833 0.1000000015
90286  33.155  28.597  52.004 0.1000000015
89671  48.698  28.208  52.805 0.1000000015
90263  42.735  28.700  53.561 0.1000000015
90281  38.961  28.639  52.656 0.1000000015
129402  38.210  28.522  52.804 0.1000000015
90282  37.142  28.840  51.921 0.1000000015
123122  35.074  28.849  51.776 0.1000000015
90897  32.747  29.640  50.850 0.1000000015
89074  50.336  26.701  50.009 0.1000000015
89068  49.818  27.047  50.800 0.1000000015
89079  50.322  26.756  49.088 0.1000000015
88491  42.320  26.111  48.215 0.1000000015
89101  41.645  26.538  48.007 0.1000000015
89709  39.990  27.717  47.024 0.1000000015
122846  40.352  28.434  46.453 0.1000000015
90340  39.639  28.754  45.958 0.1000000015
90924  39.822  29.384  45.331 0.1000000015
91584  41.327  30.643  43.557 0.1000000015
91561  39.334  30.322  44.262 0.1000000015
91562  38.579  30.222  44.508 0.1000000015
91599  41.726  31.065  42.986 0.1000000015
91587  38.735  30.750  43.805 0.1000000015
92205  38.130  31.291  43.419 0.1000000015
117045  38.312  31.665  42.798 0.1000000015
92234  37.505  31.771  42.851 0.1000000015
92230  42.116  31.407  42.335 0.1000000015
107761  35.119  24.042  62.118 0.1000000015
87043  34.542  24.250  61.919 0.1000000015
87060  33.992  24.080  59.934 0.1000000015
87077  34.139  23.792  58.480 0.1000000015
87747  33.632  24.130  57.367 0.1000000015
87765  34.258  24.355  56.571 0.1000000015
88425  33.505  25.206  55.244 0.1000000015
87766  33.313  24.493  56.489 0.1000000015
87783  33.117  24.828  55.835 0.1000000015
88440  33.055  25.757  54.584 0.1000000015
111775  33.083  26.352  53.988 0.1000000015
89668  32.178  27.529  53.388 0.1000000015
89677  32.136  28.153  52.740 0.1000000015
90287  31.434  28.790  52.491 0.1000000015
90273  50.025  29.687  51.879 0.1000000015
90856  49.345  29.772  52.698 0.1000000015
90260  48.011  28.968  53.919 0.1000000015
90262  44.454  28.736  53.985 0.1000000015
90880  31.986  29.400  51.439 0.1000000015
90259  48.736  29.225  53.261 0.1000000015
90850  46.147  29.285  53.682 0.1000000015
90276  42.849  29.053  52.760 0.1000000015
90278  41.487  28.868  52.824 0.1000000015
90279  40.517  28.793  52.658 0.1000000015
90873  39.534  29.232  51.433 0.1000000015
90289  50.113  28.814  51.476 0.1000000015
129111  49.500  28.284  51.984 0.1000000015
90280  39.730  28.632  52.889 0.1000000015
90862  39.007  28.942  51.895 0.1000000015
110218  37.013  29.260  51.217 0.1000000015
90893  36.376  29.488  50.727 0.1000000015
90894  35.341  29.590  50.640 0.1000000015
90896  33.646  29.705  50.569 0.1000000015
89685  50.419  27.259  49.550 0.1000000015
124420  50.148  27.930  51.099 0.1000000015
89081  47.894  26.911  49.069 0.1000000015
89082  46.494  26.880  49.255 0.1000000015
89092  42.903  26.814  48.501 0.1000000015
89093  42.137  27.059  48.237 0.1000000015
89102  40.940  26.485  47.750 0.1000000015
116656  40.811  27.958  47.147 0.1000000015
123131  41.146  28.475  46.684 0.1000000015
90923  41.670  29.387  45.332 0.1000000015
111808  40.776  29.494  45.116 0.1000000015
91583  42.220  30.604  43.501 0.1000000015
124162  40.844  30.188  44.253 0.1000000015
91598  42.597  30.983  42.911 0.1000000015
116371  41.854  30.200  44.105 0.1000000015
87708  33.608  24.386  62.154 0.1000000015
109582  33.218  24.104  58.292 0.1000000015
87748  32.805  24.455  57.246 0.1000000015
88426  32.576  25.334  55.484 0.1000000015
89048  32.379  26.435  54.350 0.1000000015
89657  31.936  27.169  53.947 0.1000000015
90270  31.174  28.577  53.154 0.1000000015
129310  30.801  29.378  52.708 0.1000000015
90881  30.790  29.856  51.911 0.1000000015
90848  48.565  29.726  53.158 0.1000000015
90858  46.469  29.749  52.934 0.1000000015
112731  32.242  30.256  50.326 0.1000000015
112932  44.351  29.162  53.131 0.1000000015
112583  41.191  29.162  52.043 0.1000000015
90872  40.363  29.183  51.761 0.1000000015
90300  50.469  27.923  49.893 0.1000000015
116473  44.266  29.456  52.419 0.1000000015
90859  43.602  29.263  52.562 0.1000000015
116373  41.720  29.476  51.435 0.1000000015
90891  38.283  29.543  50.609 0.1000000015
90892  37.381  29.567  50.617 0.1000000015
91496  35.912  30.085  49.925 0.1000000015
91497  34.933  30.038  50.048 0.1000000015
91499  33.209  30.145  50.207 0.1000000015
92129  32.492  31.182  49.243 0.1000000015
91519  31.788  30.823  49.814 0.1000000015
90302  48.724  28.430  49.957 0.1000000015
90871  40.963  29.440  51.384 0.1000000015
91492  39.840  29.907  49.913 0.1000000015
91493  38.793  29.868  49.965 0.1000000015
91495  36.946  29.978  50.004 0.1000000015
91529  35.851  30.569  49.113 0.1000000015
92127  34.033  30.930  49.064 0.1000000015
92128  33.285  30.933  49.266 0.1000000015
91528  37.123  30.670  48.782 0.1000000015
122597  36.449  30.753  48.769 0.1000000015
89083  45.349  27.020  49.286 0.1000000015
89693  42.705  27.523  48.327 0.1000000015
90313  42.592  28.462  47.535 0.1000000015
89698  41.402  27.373  47.697 0.1000000015
90916  41.955  29.139  45.871 0.1000000015
90946  41.626  29.742  44.711 0.1000000015
92229  42.994  31.376  42.326 0.1000000015
92903  44.048  32.112  41.119 0.1000000015
92249  43.509  31.690  41.695 0.1000000015
91597  43.359  30.979  42.835 0.1000000015
88366  32.344  25.568  60.507 0.1000000015
87709  32.733  25.023  61.760 0.1000000015
87718  32.917  24.802  60.556 0.1000000015
87731  32.994  24.382  59.319 0.1000000015
111704  32.539  24.608  58.127 0.1000000015
88387  32.072  25.094  57.185 0.1000000015
88405  31.993  25.418  56.202 0.1000000015
88441  32.328  25.907  54.953 0.1000000015
125760  31.713  25.876  56.140 0.1000000015
88427  31.889  25.933  55.574 0.1000000015
89049  31.760  26.908  54.676 0.1000000015
88388  31.735  25.891  56.718 0.1000000015
89626  31.505  27.071  55.874 0.1000000015
91481  30.633  30.611  51.679 0.1000000015
127353  49.867  30.469  52.096 0.1000000015
91464  49.145  30.485  52.569 0.1000000015
91466  47.265  30.224  52.621 0.1000000015
91500  31.320  30.528  50.529 0.1000000015
114018  50.298  29.429  51.036 0.1000000015
91473  49.661  31.180  51.924 0.1000000015
91465  48.219  30.348  52.683 0.1000000015
90868  44.609  29.733  51.902 0.1000000015
92116  30.995  31.182  50.103 0.1000000015
90295  50.087  28.896  50.523 0.1000000015
90885  49.401  30.069  50.464 0.1000000015
91475  47.593  30.899  51.977 0.1000000015
128870  45.753  30.491  51.515 0.1000000015
91478  44.066  30.009  51.270 0.1000000015
91479  43.161  29.789  51.243 0.1000000015
90887  42.328  29.889  50.733 0.1000000015
92804  30.977  32.353  49.066 0.1000000015
90301  49.995  28.256  49.809 0.1000000015
90297  48.153  29.286  50.155 0.1000000015
92115  44.836  31.232  50.170 0.1000000015
91489  43.581  30.263  50.686 0.1000000015
125961  43.021  30.337  50.247 0.1000000015
91490  41.653  30.070  50.204 0.1000000015
91491  40.873  29.963  50.092 0.1000000015
91526  39.156  30.492  48.766 0.1000000015
122273  37.801  30.591  48.819 0.1000000015
91530  34.997  30.861  48.866 0.1000000015
92164  33.715  31.951  47.904 0.1000000015
110288  33.306  31.430  48.687 0.1000000015
92148  32.293  31.725  48.699 0.1000000015
90303  47.352  28.459  49.954 0.1000000015
90900  46.815  29.335  49.699 0.1000000015
91523  42.275  30.705  49.135 0.1000000015
125353  41.097  30.499  49.118 0.1000000015
91510  40.653  30.302  49.429 0.1000000015
121665  38.390  31.143  47.814 0.1000000015
92144  37.649  31.033  48.152 0.1000000015
92145  36.768  31.119  48.261 0.1000000015
110741  35.107  31.428  48.268 0.1000000015
92147  34.327  31.403  48.420 0.1000000015
127412  33.563  32.547  47.417 0.1000000015
89689  45.835  27.706  49.548 0.1000000015
89692  43.461  27.628  48.644 0.1000000015
90309  42.961  28.161  48.188 0.1000000015
90915  42.566  29.190  46.294 0.1000000015
90320  41.820  28.768  46.475 0.1000000015
90922  42.468  29.481  45.433 0.1000000015
90945  42.505  29.855  44.658 0.1000000015
91582  43.205  30.599  43.488 0.1000000015
91560  42.643  30.280  44.011 0.1000000015
92925  45.434  32.453  40.632 0.1000000015
92926  44.555  32.430  40.675 0.1000000015
109116  46.466  33.439  39.139 0.1000000015
92944  44.734  32.871  40.079 0.1000000015
88978  32.064  26.559  61.566 0.1000000015
88358  32.209  25.721  61.543 0.1000000015
88376  32.423  24.960  59.172 0.1000000015
109529  32.093  25.270  58.174 0.1000000015
88989  32.155  26.061  58.968 0.1000000015
88999  31.808  26.024  57.706 0.1000000015
89658  31.377  27.704  54.406 0.1000000015
89643  31.409  27.429  55.282 0.1000000015
128437  31.197  27.953  55.036 0.1000000015
90853  30.709  29.129  53.567 0.1000000015
91467  30.535  30.280  52.488 0.1000000015
91485  49.101  31.037  50.275 0.1000000015
119230  49.840  31.267  50.868 0.1000000015
92101  49.490  31.883  51.572 0.1000000015
92102  48.568  31.800  51.624 0.1000000015
93523  30.632  33.322  50.072 0.1000000015
91505  48.313  31.149  49.706 0.1000000015
92103  47.441  31.590  51.410 0.1000000015
91487  45.510  30.959  50.843 0.1000000015
92816  31.365  32.753  48.452 0.1000000015
90886  48.065  30.184  49.984 0.1000000015
91507  43.867  30.813  49.977 0.1000000015
92829  32.862  32.446  47.745 0.1000000015
92815  32.145  32.330  48.241 0.1000000015
90306  45.561  28.896  49.308 0.1000000015
92138  43.574  31.550  48.593 0.1000000015
92140  41.545  31.039  48.074 0.1000000015
110633  39.952  30.655  48.329 0.1000000015
92160  37.900  31.550  47.293 0.1000000015
92826  36.043  32.128  47.123 0.1000000015
92163  34.701  31.822  47.780 0.1000000015
92828  34.312  32.380  47.334 0.1000000015
123890  44.582  28.824  48.772 0.1000000015
90312  43.320  28.801  47.789 0.1000000015
90910  43.609  29.399  47.271 0.1000000015
90914  43.321  29.496  46.490 0.1000000015
107940  43.453  30.225  44.319 0.1000000015
91596  44.154  30.827  43.081 0.1000000015
92924  46.742  32.440  40.542 0.1000000015
92902  44.978  32.042  41.179 0.1000000015
127814  45.090  31.415  42.083 0.1000000015
92227  44.743  31.250  42.481 0.1000000015
89594  32.498  27.230  61.017 0.1000000015
88983  32.388  26.504  60.269 0.1000000015
127817  32.088  26.523  58.184 0.1000000015
89013  31.781  26.682  57.017 0.1000000015
89625  31.687  27.253  56.512 0.1000000015
90242  31.041  28.559  54.810 0.1000000015
92787  49.430  32.772  50.705 0.1000000015
90845  30.570  29.580  54.060 0.1000000015
92091  30.463  31.110  52.221 0.1000000015
92771  30.483  31.938  51.987 0.1000000015
93513  30.587  32.982  50.933 0.1000000015
93522  30.873  33.660  50.791 0.1000000015
91504  49.389  32.200  50.307 0.1000000015
92100  49.923  31.610  51.292 0.1000000015
92778  49.265  32.562  51.219 0.1000000015
92791  30.548  32.444  50.315 0.1000000015
113047  31.032  34.215  50.231 0.1000000015
92789  47.513  32.838  50.533 0.1000000015
92113  46.668  31.788  50.793 0.1000000015
92817  30.767  33.119  48.857 0.1000000015
93537  30.656  33.391  49.322 0.1000000015
94198  30.989  34.494  49.379 0.1000000015
91506  47.092  30.353  49.410 0.1000000015
92801  46.936  33.176  49.858 0.1000000015
92114  45.652  31.636  50.328 0.1000000015
92124  44.470  31.512  49.482 0.1000000015
93558  31.513  33.977  47.506 0.1000000015
93548  31.155  33.543  48.225 0.1000000015
93549  30.737  33.925  48.829 0.1000000015
91521  46.430  30.613  48.760 0.1000000015
91534  45.297  30.466  47.626 0.1000000015
92123  45.301  31.893  49.744 0.1000000015
92803  44.963  32.168  49.093 0.1000000015
92156  42.160  31.430  47.677 0.1000000015
92157  41.371  31.376  47.449 0.1000000015
92158  39.634  31.383  47.238 0.1000000015
92859  36.709  32.920  45.821 0.1000000015
92845  35.604  32.637  46.604 0.1000000015
93567  34.238  33.342  46.262 0.1000000015
92847  33.838  32.917  46.884 0.1000000015
93557  32.238  33.715  46.987 0.1000000015
93570  31.797  34.476  46.883 0.1000000015
94818  31.288  35.106  48.212 0.1000000015
111812  31.046  34.653  48.724 0.1000000015
90904  45.180  29.478  48.674 0.1000000015
90908  44.797  29.844  47.993 0.1000000015
90909  44.250  29.791  47.303 0.1000000015
92824  42.724  31.912  47.096 0.1000000015
92171  41.300  31.735  46.767 0.1000000015
92172  40.596  31.903  46.420 0.1000000015
92841  39.076  32.236  46.144 0.1000000015
92175  37.822  32.042  46.608 0.1000000015
92844  36.460  32.542  46.449 0.1000000015
93566  35.160  33.175  46.135 0.1000000015
93585  33.754  33.976  45.736 0.1000000015
93568  33.154  33.628  46.454 0.1000000015
93569  32.374  34.221  46.465 0.1000000015
91538  44.434  30.234  46.522 0.1000000015
90913  43.878  29.780  46.673 0.1000000015
91544  43.809  29.940  45.874 0.1000000015
91559  44.368  30.493  44.276 0.1000000015
90921  43.275  29.802  45.142 0.1000000015
91581  44.689  30.722  43.704 0.1000000015
93628  48.797  32.809  40.007 0.1000000015
92901  46.056  32.038  41.206 0.1000000015
89587  32.071  27.376  61.524 0.1000000015
89582  31.816  26.619  61.700 0.1000000015
89602  32.595  27.089  59.576 0.1000000015
121889  32.430  27.036  58.477 0.1000000015
119948  32.122  26.955  57.740 0.1000000015
126317  32.164  27.546  57.220 0.1000000015
122083  31.478  27.650  56.049 0.1000000015
90226  31.404  28.306  55.743 0.1000000015
90836  31.453  29.264  55.635 0.1000000015
91450  30.653  30.305  54.300 0.1000000015
92074  31.062  31.246  54.454 0.1000000015
92083  30.762  31.531  53.630 0.1000000015
93507  31.262  33.269  52.346 0.1000000015
93511  31.780  34.029  52.075 0.1000000015
92121  48.500  31.941  49.490 0.1000000015
93519  49.291  33.526  50.335 0.1000000015
94789  32.611  35.203  51.058 0.1000000015
94800  32.142  35.446  50.062 0.1000000015
129295  32.787  35.944  49.815 0.1000000015
92136  45.982  30.883  48.026 0.1000000015
93535  47.665  33.977  49.533 0.1000000015
93536  46.452  33.409  49.128 0.1000000015
92812  44.669  32.378  48.417 0.1000000015
92813  43.934  31.967  48.148 0.1000000015
92155  43.041  31.599  48.017 0.1000000015
94216  31.423  34.797  47.500 0.1000000015
95382  32.451  36.430  48.291 0.1000000015
94809  31.450  35.262  49.125 0.1000000015
92154  45.729  31.044  47.179 0.1000000015
93547  46.073  33.541  48.339 0.1000000015
92821  45.173  32.963  48.003 0.1000000015
92822  44.412  32.515  47.716 0.1000000015
92837  43.413  32.362  46.761 0.1000000015
92855  42.088  32.388  45.793 0.1000000015
92840  40.579  32.432  45.677 0.1000000015
92857  39.643  32.558  45.600 0.1000000015
92858  38.845  32.683  45.588 0.1000000015
93581  37.305  33.249  45.341 0.1000000015
93583  35.573  33.572  45.518 0.1000000015
93584  34.698  33.715  45.625 0.1000000015
94232  33.381  34.713  45.237 0.1000000015
123852  31.875  36.118  47.653 0.1000000015
91537  44.924  30.655  46.153 0.1000000015
115254  42.064  32.812  44.966 0.1000000015
112587  41.072  32.881  44.962 0.1000000015
93578  40.185  32.941  45.006 0.1000000015
93596  38.914  33.564  44.540 0.1000000015
93597  37.558  33.699  44.714 0.1000000015
93599  35.996  33.952  44.883 0.1000000015
94834  34.698  35.149  44.057 0.1000000015
94231  34.291  34.318  45.155 0.1000000015
94233  32.522  35.481  45.629 0.1000000015
94826  32.033  35.565  46.379 0.1000000015
94821  31.875  36.004  46.889 0.1000000015
92200  46.717  31.576  43.921 0.1000000015
121776  45.113  30.857  45.604 0.1000000015
94262  37.207  34.741  43.615 0.1000000015
94245  36.455  34.421  44.175 0.1000000015
94264  35.692  34.951  43.757 0.1000000015
92199  47.323  31.510  43.176 0.1000000015
91558  45.517  31.009  43.904 0.1000000015
109394  44.098  30.245  44.987 0.1000000015
92245  47.896  31.626  41.939 0.1000000015
92202  45.183  31.029  43.123 0.1000000015
127741  44.897  30.729  44.162 0.1000000015
122023  48.001  32.183  40.699 0.1000000015
92226  45.746  31.334  42.423 0.1000000015
89588  31.593  26.947  61.534 0.1000000015
89611  32.728  27.703  57.894 0.1000000015
90215  32.739  28.328  57.350 0.1000000015
90225  31.978  28.171  56.649 0.1000000015
90826  32.050  29.058  56.386 0.1000000015
90835  32.049  29.922  56.194 0.1000000015
92067  31.627  31.263  55.143 0.1000000015
116903  32.608  28.874  56.933 0.1000000015
91449  31.222  30.560  55.043 0.1000000015
94182  32.188  34.602  51.518 0.1000000015
92808  49.248  33.581  49.500 0.1000000015
107673  34.140  35.784  50.775 0.1000000015
122904  33.119  35.682  50.535 0.1000000015
92800  49.086  32.843  49.549 0.1000000015
93533  49.242  33.959  49.795 0.1000000015
93534  48.810  34.241  49.754 0.1000000015
95370  33.018  36.399  49.254 0.1000000015
92810  47.424  32.200  48.076 0.1000000015
92135  46.863  31.384  48.408 0.1000000015
93546  47.165  34.213  48.794 0.1000000015
94808  32.224  35.900  49.149 0.1000000015
95381  33.434  36.851  48.596 0.1000000015
92153  46.482  31.531  47.603 0.1000000015
93554  45.686  33.610  47.476 0.1000000015
93555  45.023  33.311  46.800 0.1000000015
92836  44.235  32.692  46.902 0.1000000015
92854  42.805  32.334  46.286 0.1000000015
94241  40.339  33.920  43.852 0.1000000015
95389  33.015  37.037  47.700 0.1000000015
92820  47.045  32.261  47.194 0.1000000015
92168  46.277  31.624  46.719 0.1000000015
94242  39.507  34.010  43.935 0.1000000015
94261  38.182  34.525  43.669 0.1000000015
94847  34.232  36.036  43.617 0.1000000015
94835  33.795  35.666  44.207 0.1000000015
94836  33.274  36.170  44.501 0.1000000015
95407  32.479  36.465  45.758 0.1000000015
95390  32.330  36.596  47.297 0.1000000015
96054  33.549  37.510  47.141 0.1000000015
122300  46.912  32.212  45.511 0.1000000015
92169  45.521  31.147  46.227 0.1000000015
110989  39.146  34.540  43.455 0.1000000015
94844  37.808  35.148  43.094 0.1000000015
94861  36.192  35.753  42.653 0.1000000015
122417  35.083  35.647  43.353 0.1000000015
96089  33.616  37.198  44.029 0.1000000015
95413  33.159  36.941  44.604 0.1000000015
96063  33.299  37.606  46.258 0.1000000015
96062  34.062  37.986  46.594 0.1000000015
92867  48.205  32.039  43.530 0.1000000015
112327  38.130  36.196  41.360 0.1000000015
94876  37.574  35.884  41.941 0.1000000015
95421  35.958  36.373  42.142 0.1000000015
95422  35.104  37.036  42.434 0.1000000015
96095  34.457  37.475  43.046 0.1000000015
96088  34.031  37.689  43.720 0.1000000015
96665  34.243  38.260  44.231 0.1000000015
96649  34.579  38.403  46.023 0.1000000015
95445  37.714  36.678  40.648 0.1000000015
96097  36.974  37.158  40.614 0.1000000015
95433  36.192  36.881  41.545 0.1000000015
96094  35.297  37.722  42.033 0.1000000015
96683  35.282  38.295  42.356 0.1000000015
96674  35.093  38.691  43.894 0.1000000015
97306  35.661  39.115  44.553 0.1000000015
96657  34.351  38.395  45.166 0.1000000015
96104  37.968  37.133  39.449 0.1000000015
96105  37.585  37.775  39.306 0.1000000015
96698  36.588  38.569  40.417 0.1000000015
96689  36.048  38.208  41.081 0.1000000015
96690  35.779  38.618  41.720 0.1000000015
130784  35.895  39.231  43.036 0.1000000015
96706  37.514  38.482  39.244 0.1000000015
97353  37.103  39.006  39.811 0.1000000015
97354  36.724  39.169  40.490 0.1000000015
97331  37.078  39.912  42.164 0.1000000015
97316  37.123  39.871  43.097 0.1000000015
97913  37.710  40.325  41.634 0.1000000015
97902  38.577  40.711  42.035 0.1000000015
89601  33.093  27.698  58.784 0.1000000015
90825  32.815  29.664  56.853 0.1000000015
91440  31.990  30.769  55.744 0.1000000015
94799  35.207  35.860  50.869 0.1000000015
93544  49.132  34.193  48.958 0.1000000015
94196  48.901  34.451  49.120 0.1000000015
95359  34.598  36.289  50.172 0.1000000015
95369  34.004  36.616  49.424 0.1000000015
92819  48.018  33.032  47.713 0.1000000015
93551  49.039  34.586  48.057 0.1000000015
94197  48.353  34.634  49.097 0.1000000015
96039  34.954  37.476  48.229 0.1000000015
93553  46.765  34.326  47.965 0.1000000015
93563  45.701  33.847  46.742 0.1000000015
93576  44.343  33.283  45.565 0.1000000015
93577  43.596  33.001  45.299 0.1000000015
93603  43.270  33.576  44.092 0.1000000015
96040  33.925  37.345  48.011 0.1000000015
111309  43.041  33.069  44.755 0.1000000015
93592  42.423  33.370  44.260 0.1000000015
93606  41.175  33.840  43.792 0.1000000015
96641  34.984  38.220  46.858 0.1000000015
94270  43.142  34.802  42.780 0.1000000015
94271  42.266  34.808  42.719 0.1000000015
94259  40.860  34.415  43.297 0.1000000015
95427  42.341  36.270  41.104 0.1000000015
94872  41.729  35.865  41.754 0.1000000015
94873  40.846  35.862  41.743 0.1000000015
94857  40.245  35.484  42.298 0.1000000015
125542  41.590  36.436  39.959 0.1000000015
95428  41.383  36.186  41.178 0.1000000015
95442  40.174  36.356  40.335 0.1000000015
94875  39.054  35.989  41.523 0.1000000015
97298  36.282  39.320  45.187 0.1000000015
96655  36.172  39.076  45.851 0.1000000015
95454  39.811  36.500  39.462 0.1000000015
95443  39.218  36.462  40.152 0.1000000015
97892  37.699  40.198  43.533 0.1000000015
97305  36.391  39.452  44.342 0.1000000015
127912  38.540  40.599  42.750 0.1000000015
97884  37.930  40.215  44.286 0.1000000015
97901  39.113  40.958  42.762 0.1000000015
114004  38.514  40.554  43.522 0.1000000015
90214  33.481  28.431  58.007 0.1000000015
90819  33.248  29.050  57.338 0.1000000015
92057  32.614  31.289  56.074 0.1000000015
94788  33.623  35.332  51.343 0.1000000015
94786  36.979  35.506  51.367 0.1000000015
94798  36.348  35.869  50.762 0.1000000015
112931  34.714  35.351  51.635 0.1000000015
95357  36.921  36.328  50.072 0.1000000015
95358  35.699  36.313  50.173 0.1000000015
95380  34.459  37.061  48.819 0.1000000015
94220  47.205  35.069  46.716 0.1000000015
94229  46.005  34.421  45.453 0.1000000015
93590  45.049  33.832  45.063 0.1000000015
93591  44.014  33.476  44.679 0.1000000015
96027  36.757  37.115  48.955 0.1000000015
96038  36.056  37.531  48.378 0.1000000015
94239  44.784  34.118  44.240 0.1000000015
96052  35.472  37.884  47.657 0.1000000015
94842  45.054  35.154  43.010 0.1000000015
94269  44.090  34.864  42.837 0.1000000015
94256  43.452  34.223  43.431 0.1000000015
129007  44.200  35.946  42.031 0.1000000015
113109  43.721  35.435  42.365 0.1000000015
96648  35.543  38.685  46.183 0.1000000015
96647  36.559  38.811  46.551 0.1000000015
95438  44.201  36.470  40.734 0.1000000015
95426  43.330  36.242  41.288 0.1000000015
97297  37.715  39.710  45.563 0.1000000015
97875  38.167  40.188  45.144 0.1000000015
110868  37.000  39.610  44.987 0.1000000015
112439  39.138  40.796  44.135 0.1000000015
97891  39.282  40.977  43.556 0.1000000015
98431  39.959  41.327  44.213 0.1000000015
91432  32.703  30.564  56.453 0.1000000015
94785  38.193  35.647  51.109 0.1000000015
94228  47.045  35.153  45.901 0.1000000015
94227  47.894  35.557  46.371 0.1000000015
94237  46.841  35.153  44.992 0.1000000015
94238  45.739  34.548  44.580 0.1000000015
96050  37.953  37.778  47.991 0.1000000015
94828  48.224  35.582  45.603 0.1000000015
94253  46.459  35.230  44.063 0.1000000015
94254  45.425  34.772  43.747 0.1000000015
96639  37.155  38.364  47.355 0.1000000015
94833  47.612  35.513  44.451 0.1000000015
94854  44.624  35.623  42.426 0.1000000015
96645  38.977  38.704  47.195 0.1000000015
94868  45.923  36.411  41.907 0.1000000015
94869  45.049  36.245  41.842 0.1000000015
97293  38.176  39.317  46.417 0.1000000015
128350  44.910  36.562  40.609 0.1000000015
97866  39.650  39.928  46.368 0.1000000015
97294  37.021  39.332  45.949 0.1000000015
97873  40.002  40.568  45.848 0.1000000015
97874  39.028  40.314  45.492 0.1000000015
97882  39.481  40.760  44.915 0.1000000015
98929  42.155  42.733  44.224 0.1000000015
94787  35.858  35.437  51.515 0.1000000015
95356  38.324  36.366  49.877 0.1000000015
94841  47.085  35.609  43.453 0.1000000015
126861  46.483  35.814  42.779 0.1000000015
94853  45.670  35.899  42.493 0.1000000015
111774  46.480  36.172  42.235 0.1000000015
92056  33.288  31.353  56.605 0.1000000015
92066  32.226  31.650  55.489 0.1000000015
90824  33.524  29.729  57.358 0.1000000015
87794  39.212  24.768  53.432 0.1000000015
87074  38.699  23.128  57.694 0.1000000015
87827  49.661  24.987  48.178 0.1000000015
128265  42.205  25.524  47.869 0.1000000015
127991  45.579  28.308  49.484 0.1000000015
89087  49.133  26.163  48.250 0.1000000015
86502  35.566  22.779  43.917 0.1000000015
87934  39.222  25.919  40.711 0.2000000030
88553  38.395  26.109  41.116 0.2000000030
87898  41.177  24.042  43.111 0.1000000015
86477  30.143  22.729  46.312 0.1000000015
86489  30.962  22.268  46.007 0.1000000015
87172  27.623  23.161  46.756 0.1000000015
86480  27.472  22.443  46.697 0.1000000015
88443  42.569  25.607  53.532 0.1000000015
87169  30.109  23.529  46.300 0.1000000015
87171  28.395  23.469  46.680 0.1000000015
87173  26.903  23.622  46.704 0.1000000015
86490  25.524  23.104  46.218 0.1000000015
85766  33.145  21.695  45.180 0.1000000015
87198  32.865  23.326  45.096 0.1000000015
88451  41.244  25.424  52.486 0.1000000015
124381  42.907  25.617  54.327 0.1000000015
88471  46.012  25.141  50.697 0.1000000015
87815  45.566  24.505  50.193 0.1000000015
87868  29.954  25.019  46.220 0.1000000015
89127  29.743  26.406  46.069 0.1000000015
125134  27.826  24.671  46.647 0.1000000015
123026  27.886  26.932  46.452 0.1000000015
87184  31.447  23.754  45.664 0.1000000015
120540  30.008  24.310  46.276 0.1000000015
87871  26.524  24.407  46.553 0.1000000015
87880  32.333  24.885  44.764 0.1000000015
87910  39.677  25.979  41.322 0.1000000015
87210  34.815  23.273  44.101 0.1000000015
111276  34.108  23.176  44.485 0.1000000015
87892  33.715  25.019  43.567 0.1000000015
109746  34.727  24.156  43.571 0.1000000015
87788  40.111  24.878  54.710 0.1000000015
87725  41.817  23.803  59.471 0.1000000015
87706  40.364  23.595  61.435 0.1000000015
87705  41.224  23.699  61.470 0.1000000015
86362  38.949  23.034  61.311 0.1000000015
88436  40.854  25.243  54.739 0.1000000015
87739  42.387  24.368  58.881 0.1000000015
88435  41.672  25.416  54.865 0.1000000015
88419  42.047  25.312  55.812 0.1000000015
87723  42.971  24.693  60.230 0.1000000015
88398  43.648  25.178  57.944 0.1000000015
88370  44.193  25.560  59.084 0.1000000015
88384  39.784  25.485  58.045 0.1000000015
116855  46.521  26.715  52.861 0.1000000015
126411  47.480  25.611  50.844 0.1000000015
88479  49.129  24.912  49.205 0.1000000015
87877  39.069  24.322  45.639 0.1000000015
87867  39.171  24.652  46.407 0.1000000015
87889  39.853  23.953  44.151 0.1000000015
87890  39.087  24.195  44.735 0.1000000015
88510  37.104  25.924  46.295 0.1000000015
88514  25.321  25.502  45.993 0.1000000015
87902  37.676  25.223  43.724 0.1000000015
88517  36.539  25.668  45.564 0.1000000015
89114  36.118  26.741  46.307 0.1000000015
111534  34.971  26.472  45.282 0.1000000015
89726  34.856  27.142  45.983 0.1000000015
89122  34.198  26.913  45.260 0.1000000015
89124  32.310  27.010  44.844 0.1000000015
89134  32.649  26.496  44.503 0.1000000015
89135  31.882  26.421  44.861 0.1000000015
87911  39.269  25.582  42.134 0.1000000015
129228  38.986  25.155  42.913 0.1000000015
88532  37.730  25.895  42.519 0.1000000015
89137  36.165  26.277  42.516 0.1000000015
89131  34.799  26.229  44.120 0.1000000015
89139  34.457  26.179  43.337 0.1000000015
88526  33.088  26.054  43.950 0.1000000015
87883  24.959  24.587  45.717 0.1000000015
88539  38.834  26.185  41.271 0.1000000015
89142  37.408  26.178  41.401 0.1000000015
89143  36.411  26.362  41.959 0.1000000015
88544  34.788  25.678  42.702 0.1000000015
115090  24.507  26.119  44.840 0.1000000015
88555  36.379  26.015  41.664 0.1000000015
88554  37.005  26.088  41.439 0.1000000015
88543  35.614  26.006  42.105 0.1000000015
130230  35.056  24.750  42.987 0.1000000015
87729  37.065  23.792  59.103 0.1000000015
121300  45.097  25.824  58.008 0.1000000015
89608  45.110  26.435  58.318 0.1000000015
88994  44.536  25.939  58.892 0.1000000015
89619  46.156  26.975  57.388 0.1000000015
89610  42.961  26.865  57.808 0.1000000015
89622  43.392  27.378  57.332 0.1000000015
89623  42.122  27.319  56.841 0.1000000015
89029  40.180  26.909  56.101 0.1000000015
88457  47.586  26.170  51.427 0.1000000015
124896  39.958  25.614  47.364 0.1000000015
89712  37.312  27.287  46.581 0.1000000015
90323  36.930  28.101  46.436 0.1000000015
90346  33.060  28.309  45.738 0.1000000015
90930  33.755  29.822  45.651 0.1000000015
90348  30.813  28.514  45.579 0.1000000015
89736  25.175  27.304  45.315 0.1000000015
90239  45.306  28.180  56.193 0.1000000015
89044  36.454  26.493  54.494 0.1000000015
89639  41.607  27.680  55.825 0.1000000015
89655  37.759  27.318  54.303 0.1000000015
89650  47.154  27.789  55.321 0.1000000015
90241  42.058  28.094  55.233 0.1000000015
123908  48.146  27.560  52.770 0.1000000015
123275  50.319  26.167  48.861 0.1000000015
129644  50.022  25.674  48.390 0.1000000015
89700  39.638  26.988  47.308 0.1000000015
91565  35.682  30.721  44.698 0.1000000015
91566  34.857  30.678  44.961 0.1000000015
85665  36.989  21.610  59.398 0.1000000015
86364  36.309  23.584  61.215 0.1000000015
87746  34.663  24.009  57.492 0.1000000015
88439  34.096  25.630  54.633 0.1000000015
89056  35.214  26.633  53.882 0.1000000015
130831  46.773  28.235  55.690 0.1000000015
108001  44.181  28.365  55.464 0.1000000015
114405  40.593  28.298  54.310 0.1000000015
89653  39.387  27.690  54.756 0.1000000015
90269  36.453  28.139  53.139 0.1000000015
90254  41.491  28.346  54.357 0.1000000015
113703  40.141  28.516  53.523 0.1000000015
90267  38.563  28.347  53.392 0.1000000015
107960  37.525  28.537  52.663 0.1000000015
129303  47.986  28.482  54.023 0.1000000015
89679  48.962  27.458  51.877 0.1000000015
89682  50.497  27.455  50.090 0.1000000015
89080  49.545  26.985  48.957 0.1000000015
90926  38.196  29.015  45.837 0.1000000015
90948  39.189  29.772  44.893 0.1000000015
92206  36.622  31.303  43.778 0.1000000015
92186  35.920  31.298  44.031 0.1000000015
120014  35.446  31.657  43.697 0.1000000015
110482  37.351  31.288  43.608 0.1000000015
127407  36.833  31.642  43.222 0.1000000015
87025  35.746  23.864  61.615 0.1000000015
118161  35.050  24.170  61.536 0.1000000015
87059  34.909  23.825  59.927 0.1000000015
90851  45.307  29.044  53.805 0.1000000015
89660  47.581  28.261  54.537 0.1000000015
90849  47.173  29.195  54.005 0.1000000015
90852  43.562  28.886  53.369 0.1000000015
90277  42.202  28.901  52.978 0.1000000015
90876  36.374  29.039  51.567 0.1000000015
90274  49.317  28.973  52.583 0.1000000015
90863  38.186  28.809  52.032 0.1000000015
90895  34.419  29.620  50.617 0.1000000015
89686  50.208  27.448  49.458 0.1000000015
124613  49.425  27.762  49.513 0.1000000015
90339  40.351  28.974  45.733 0.1000000015
90338  41.155  28.886  45.899 0.1000000015
90947  39.983  29.899  44.625 0.1000000015
91586  39.529  30.787  43.624 0.1000000015
92204  39.006  31.352  43.141 0.1000000015
92881  38.099  32.140  42.257 0.1000000015
92882  37.246  32.363  42.090 0.1000000015
87767  32.575  24.843  56.368 0.1000000015
90857  47.695  29.709  53.332 0.1000000015
117662  45.195  29.477  52.798 0.1000000015
107677  42.985  29.366  51.991 0.1000000015
90860  42.118  29.199  52.208 0.1000000015
90890  39.226  29.536  50.659 0.1000000015
115307  50.319  28.382  50.559 0.1000000015
91515  35.252  30.413  49.504 0.1000000015
91498  34.091  30.115  50.122 0.1000000015
89687  48.211  27.680  49.582 0.1000000015
89697  42.250  27.809  47.873 0.1000000015
90314  41.727  28.276  47.264 0.1000000015
87717  33.641  24.486  60.838 0.1000000015
90867  45.531  29.964  52.045 0.1000000015
90889  40.292  29.552  50.847 0.1000000015
91494  37.874  29.915  49.971 0.1000000015
92130  31.469  31.593  49.316 0.1000000015
90296  49.372  29.010  50.265 0.1000000015
91511  39.901  30.361  49.123 0.1000000015
91512  38.379  30.295  49.280 0.1000000015
92146  35.883  31.180  48.418 0.1000000015
89688  46.897  27.626  49.630 0.1000000015
120138  37.133  31.461  47.689 0.1000000015
90911  42.935  29.068  47.086 0.1000000015
92228  43.865  31.302  42.380 0.1000000015
90256  31.033  28.432  53.918 0.1000000015
92117  30.613  31.628  50.570 0.1000000015
91484  50.086  30.909  51.209 0.1000000015
91474  48.887  31.196  52.192 0.1000000015
91476  46.474  30.355  52.043 0.1000000015
90884  50.077  30.174  50.959 0.1000000015
91477  44.951  30.264  51.352 0.1000000015
92131  30.731  31.934  49.760 0.1000000015
91486  46.509  31.006  51.413 0.1000000015
91488  44.450  30.570  50.692 0.1000000015
121621  42.301  30.352  49.892 0.1000000015
91508  43.035  30.729  49.520 0.1000000015
92143  39.191  30.957  47.928 0.1000000015
117174  46.227  28.409  49.694 0.1000000015
92139  42.262  31.089  48.404 0.1000000015
92141  40.762  30.942  47.930 0.1000000015
92159  38.818  31.440  47.262 0.1000000015
92825  37.012  31.960  46.984 0.1000000015
92827  35.185  32.272  47.237 0.1000000015
93556  32.936  33.041  47.183 0.1000000015
90308  43.736  28.482  48.423 0.1000000015
109405  43.104  29.568  45.824 0.1000000015
92943  45.774  32.821  40.138 0.1000000015
92075  30.568  30.807  53.786 0.1000000015
92112  48.122  32.433  51.162 0.1000000015
92137  44.221  31.781  48.805 0.1000000015
92126  42.980  31.161  48.812 0.1000000015
90901  46.033  29.811  49.122 0.1000000015
115722  40.518  31.430  47.169 0.1000000015
92846  34.734  32.776  46.746 0.1000000015
128985  44.635  29.374  48.398 0.1000000015
90905  44.081  29.273  48.066 0.1000000015
92941  48.007  32.612  40.035 0.1000000015
92900  47.348  31.918  41.240 0.1000000015
92247  45.461  31.626  41.734 0.1000000015
92799  49.439  33.282  50.091 0.1000000015
92770  30.847  32.514  52.588 0.1000000015
94189  31.760  34.810  50.680 0.1000000015
92788  48.958  33.325  50.735 0.1000000015
92802  45.839  32.617  49.425 0.1000000015
92134  47.913  32.127  48.891 0.1000000015
92122  47.421  31.241  49.116 0.1000000015
91522  45.584  30.178  48.386 0.1000000015
91535  44.742  30.220  47.272 0.1000000015
92811  45.488  32.825  48.720 0.1000000015
92838  42.039  32.000  46.502 0.1000000015
126358  39.861  32.102  46.203 0.1000000015
92842  38.288  32.376  46.108 0.1000000015
93582  36.405  33.424  45.391 0.1000000015
94223  32.118  34.910  46.308 0.1000000015
92856  41.420  32.521  45.491 0.1000000015
113191  38.094  32.888  45.536 0.1000000015
111480  34.718  34.569  44.646 0.1000000015
94246  35.467  34.492  44.419 0.1000000015
91543  44.546  30.461  45.641 0.1000000015
91542  45.004  30.781  44.781 0.1000000015
92246  46.587  31.580  41.835 0.1000000015
92823  43.625  32.161  47.439 0.1000000015
93562  46.475  34.368  47.121 0.1000000015
93565  43.693  32.733  46.070 0.1000000015
93579  39.346  33.070  45.072 0.1000000015
113731  38.119  33.425  44.954 0.1000000015
93598  36.853  33.818  44.787 0.1000000015
93605  42.002  33.782  43.739 0.1000000015
94243  38.793  34.107  43.992 0.1000000015
94829  32.821  36.267  45.055 0.1000000015
95398  32.373  36.600  46.487 0.1000000015
92179  45.671  31.296  45.288 0.1000000015
92185  45.848  31.322  44.537 0.1000000015
92862  47.480  32.129  44.323 0.1000000015
92184  46.569  31.799  44.887 0.1000000015
94845  36.871  35.340  43.028 0.1000000015
94862  35.439  36.070  42.735 0.1000000015
92224  48.198  31.663  42.674 0.1000000015
92225  47.025  31.435  42.545 0.1000000015
92201  46.251  31.269  43.180 0.1000000015
92809  48.626  33.156  48.710 0.1000000015
93575  45.271  33.676  46.013 0.1000000015
94260  40.015  34.491  43.360 0.1000000015
92835  46.909  32.291  46.288 0.1000000015
92178  46.263  31.705  45.820 0.1000000015
94843  38.721  35.077  42.991 0.1000000015
95418  33.994  36.951  43.514 0.1000000015
96073  33.217  37.539  45.297 0.1000000015
92852  47.760  32.985  45.690 0.1000000015
116711  48.493  32.834  44.522 0.1000000015
127063  38.467  35.789  41.917 0.1000000015
94858  39.208  35.558  42.279 0.1000000015
95420  36.701  36.253  41.798 0.1000000015
95434  35.608  37.117  41.875 0.1000000015
96675  34.628  38.219  43.191 0.1000000015
95444  38.261  36.720  40.027 0.1000000015
95432  37.046  36.557  41.209 0.1000000015
96099  35.788  37.612  41.507 0.1000000015
112355  35.358  38.745  43.063 0.1000000015
96697  37.004  38.191  39.775 0.1000000015
96098  36.373  37.402  41.018 0.1000000015
97332  36.375  39.482  42.542 0.1000000015
97317  36.467  39.513  43.484 0.1000000015
96113  37.899  38.087  38.740 0.1000000015
95455  38.773  36.774  39.258 0.1000000015
110895  38.172  37.413  38.901 0.1000000015
97924  37.632  40.180  40.646 0.1000000015
97344  36.960  39.701  41.142 0.1000000015
97358  38.128  39.710  39.006 0.1000000015
93545  48.798  33.823  48.207 0.1000000015
95368  35.072  36.704  49.525 0.1000000015
94221  46.234  34.402  46.312 0.1000000015
94257  42.528  34.273  43.258 0.1000000015
94258  41.695  34.326  43.247 0.1000000015
94871  42.621  35.860  41.786 0.1000000015
94856  41.139  35.442  42.285 0.1000000015
94874  39.947  35.881  41.674 0.1000000015
94240  44.007  33.891  43.937 0.1000000015
96051  36.601  37.905  47.841 0.1000000015
95425  44.198  36.242  41.501 0.1000000015
94832  48.489  35.462  44.763 0.1000000015
71064  41.787  4.224  40.981 0.1000000015
72023  42.583  5.304  41.498 0.1000000015
71065  41.892  3.743  40.518 0.1000000015
115537  42.168  4.273  40.375 0.1000000015
70124  42.782  4.048  39.602 0.1000000015
72022  46.409  5.372  42.285 0.1000000015
113551  43.372  5.868  40.697 0.1000000015
72042  43.114  5.402  39.681 0.1000000015
71073  43.329  4.173  39.560 0.1000000015
72050  43.445  5.148  38.851 0.1000000015
71072  44.101  4.372  39.883 0.1000000015
72049  43.962  5.200  38.557 0.1000000015
72041  45.556  5.267  40.263 0.1000000015
72977  43.691  5.722  38.987 0.1000000015
73890  44.628  6.958  39.789 0.1000000015
107915  45.512  5.450  38.984 0.1000000015
72048  44.667  5.421  38.374 0.1000000015
72040  46.278  5.734  39.909 0.1000000015
72047  45.470  5.856  37.928 0.1000000015
72975  44.832  6.550  38.022 0.1000000015
72021  47.396  5.680  42.497 0.1000000015
72985  45.250  6.510  37.567 0.1000000015
71074  42.376  4.122  39.928 0.1000000015
72966  43.851  6.288  39.971 0.1000000015
71079  44.774  4.900  39.383 0.1000000015
72057  44.072  5.656  38.402 0.1000000015
61129  51.712  -7.077  49.843 0.1000000015
63102  53.352  -4.186  50.604 0.1000000015
63124  52.444  -3.786  48.785 0.1000000015
63129  54.508  -3.802  48.106 0.1000000015
63918  30.116  -2.723  61.018 0.1000000015
64006  50.860  -2.554  52.203 0.1000000015
64062  57.058  -2.186  48.100 0.1000000015
64070  56.879  -2.284  47.844 0.1000000015
64071  56.349  -2.684  47.841 0.1000000015
64980  57.246  -1.641  48.271 0.1000000015
64995  57.345  -1.459  47.723 0.1000000015
64996  56.024  -2.369  47.544 0.1000000015
65001  50.364  -1.609  47.791 0.1000000015
65909  56.618  -1.384  48.782 0.1000000015
65928  57.554  -0.628  48.159 0.1000000015
65951  57.057  -1.861  47.610 0.1000000015
66928  56.543  0.493  48.681 0.1000000015
66945  54.961  0.212  47.211 0.1000000015
67848  53.885  1.751  62.243 0.3000000119
67949  51.567  1.319  51.283 0.1000000015
67951  53.192  1.985  50.124 0.1000000015
67953  52.086  1.259  50.547 0.1000000015
67998  54.680  1.864  46.715 0.1000000015
68015  57.389  1.519  45.988 0.1000000015
68943  36.430  2.443  57.296 0.2000000030
69032  54.200  2.588  46.346 0.1000000015
69928  43.331  3.466  59.250 0.2000000030
69961  40.929  4.272  57.001 0.3000000119
69995  52.764  3.274  52.751 0.1000000015
70070  58.403  3.462  44.176 0.2000000030
70073  55.058  3.694  44.544 0.2000000030
70089  58.736  3.926  43.868 0.2000000030
70092  56.344  3.612  43.955 0.3000000119
70113  41.317  3.477  41.288 0.1000000015
70868  43.571  4.244  60.677 0.2000000030
70885  44.782  4.141  58.644 0.3000000119
71007  59.099  4.462  43.872 0.4000000060
71046  58.546  5.262  42.035 0.4000000060
71060  58.687  5.712  41.786 0.4000000060
71080  43.973  4.678  38.948 0.1000000015
71081  43.365  4.634  39.112 0.1000000015
71082  42.878  4.628  39.405 0.1000000015
71818  48.777  5.685  60.894 0.3000000119
71831  47.446  5.430  58.456 0.3000000119
71838  48.097  5.870  58.241 0.3000000119
71840  46.806  5.206  57.955 0.3000000119
71851  45.908  5.415  56.644 0.3000000119
71915  45.011  5.921  49.632 0.2000000030
71979  59.164  5.793  44.106 0.4000000060
71980  58.258  6.783  44.618 0.5000000000
71993  57.818  6.636  43.303 0.4000000060
71994  54.350  5.246  43.138 0.3000000119
72010  58.811  5.928  41.755 0.4000000060
72024  42.130  4.847  41.688 0.1000000015
72030  57.720  6.416  41.172 0.4000000060
72032  46.293  5.587  41.126 0.2000000030
72034  42.795  5.360  40.717 0.1000000015
72035  42.303  4.796  40.845 0.1000000015
72043  42.538  4.753  40.059 0.1000000015
72054  45.475  6.329  37.563 0.1000000015
72055  44.953  5.986  37.718 0.1000000015
72056  44.480  5.754  38.169 0.1000000015
72741  49.708  6.656  63.411 0.2000000030
72750  50.570  6.690  62.669 0.3000000119
72751  49.880  6.324  62.806 0.2000000030
72753  51.513  6.936  61.924 0.3000000119
72765  49.732  6.532  59.116 0.3000000119
72780  46.756  6.295  56.400 0.3000000119
72788  47.137  6.878  55.947 0.4000000060
72801  42.906  6.142  54.315 0.4000000060
72866  47.742  7.262  47.569 0.3000000119
72912  58.837  6.272  42.086 0.4000000060
72928  58.532  6.531  41.470 0.4000000060
72934  52.386  7.005  42.406 0.4000000060
72949  58.304  7.211  40.978 0.4000000060
72952  54.988  7.302  41.338 0.5000000000
72976  44.271  6.330  38.703 0.1000000015
72986  44.636  6.092  37.908 0.1000000015
73650  51.361  7.150  62.347 0.3000000119
73656  37.627  7.737  61.574 0.1000000015
73659  35.012  7.334  61.501 0.1000000015
73660  33.537  7.414  61.639 0.1000000015
73674  35.495  7.122  60.809 0.1000000015
73677  32.677  7.221  60.644 0.2000000030
73678  31.834  7.431  60.441 0.2000000030
73683  52.390  7.936  61.387 0.3000000119
73690  37.460  7.191  59.582 0.2000000030
73694  33.204  6.878  59.161 0.2000000030
73705  38.715  7.342  58.185 0.2000000030
73718  38.517  7.406  57.378 0.2000000030
73724  32.338  7.417  57.382 0.2000000030
73732  48.534  7.494  56.618 0.4000000060
73736  37.373  7.473  56.413 0.2000000030
73751  37.049  7.819  55.671 0.2000000030
73753  35.370  8.130  55.513 0.2000000030
73754  34.128  7.789  55.957 0.2000000030
73756  47.184  7.855  54.856 0.4000000060
73770  45.122  7.956  52.500 0.2000000030
73861  57.713  7.970  41.432 0.5000000000
73862  57.013  8.635  41.609 0.5000000000
73872  57.896  7.824  40.634 0.4000000060
73885  57.679  7.802  40.391 0.4000000060
73886  57.181  8.328  40.213 0.5000000000
73888  45.859  7.708  39.179 0.2000000030
73896  44.801  6.901  38.732 0.1000000015
73907  47.556  7.722  36.899 0.2000000030
74502  48.896  7.978  64.683 0.1000000015
74505  36.960  8.765  63.401 0.1000000015
74516  38.801  8.466  62.366 0.1000000015
74525  30.482  8.723  61.763 0.2000000030
74528  52.177  7.952  61.604 0.3000000119
74529  51.713  7.620  61.967 0.3000000119
74530  46.692  7.920  61.325 0.2000000030
74539  31.516  7.730  61.175 0.2000000030
74548  46.290  7.978  60.323 0.2000000030
74566  46.458  8.161  59.363 0.2000000030
74570  42.485  8.466  59.076 0.2000000030
74571  41.702  8.300  59.384 0.3000000119
74578  52.625  8.814  59.859 0.3000000119
74589  29.991  8.354  57.951 0.2000000030
74595  46.013  8.877  57.750 0.3000000119
74596  45.152  8.676  57.958 0.2000000030
74600  41.674  8.260  57.675 0.2000000030
74604  30.364  8.466  57.157 0.2000000030
74605  29.783  8.776  57.347 0.2000000030
74613  42.587  8.708  56.446 0.2000000030
74627  48.505  8.396  55.526 0.4000000060
74629  41.952  8.656  56.031 0.2000000030
74633  38.412  8.365  55.235 0.2000000030
74636  35.517  8.924  55.068 0.2000000030
74639  32.202  9.368  55.903 0.2000000030
74641  48.177  8.646  54.930 0.3000000119
74643  46.875  8.214  54.146 0.4000000060
74646  38.018  8.917  54.728 0.2000000030
74695  49.969  8.615  46.230 0.4000000060
74721  57.632  8.477  41.094 0.5000000000
74725  52.910  8.862  42.325 0.5000000000
74735  56.537  9.304  40.642 0.5000000000
74744  57.506  8.217  40.432 0.5000000000
74745  57.121  8.830  40.538 0.5000000000
74752  48.970  8.085  38.058 0.2000000030
74753  46.824  8.267  38.197 0.2000000030
74760  47.281  7.762  36.954 0.2000000030
75376  36.101  9.870  64.326 0.1000000015
75386  38.288  9.273  63.714 0.1000000015
75390  34.664  9.182  63.937 0.1000000015
75393  31.297  9.919  63.370 0.1000000015
75402  31.703  9.126  62.935 0.1000000015
75409  43.143  9.580  61.240 0.1000000015
75418  52.718  9.492  60.821 0.4000000060
75419  43.679  9.272  60.722 0.2000000030
75423  28.459  9.399  60.298 0.2000000030
75428  53.149  9.941  60.233 0.4000000060
75434  28.609  9.101  59.386 0.2000000030
75438  53.014  10.365  59.380 0.4000000060
75441  47.312  9.045  58.076 0.3000000119
75442  29.326  8.882  57.843 0.2000000030
75445  51.883  9.913  57.867 0.4000000060
75448  47.511  9.631  57.566 0.3000000119
75451  30.029  9.069  56.850 0.2000000030
75458  50.556  9.514  56.637 0.3000000119
75468  28.920  9.951  56.961 0.2000000030
75473  50.184  9.771  55.874 0.3000000119
75488  43.075  9.678  54.856 0.2000000030
75490  40.392  9.551  54.332 0.2000000030
75493  37.629  9.602  54.557 0.2000000030
75502  46.673  9.402  52.203 0.3000000119
75588  55.712  10.063  41.157 0.6000000238
75595  56.755  9.255  40.674 0.5000000000
75610  49.685  9.468  36.714 0.3000000119
75614  50.053  9.538  36.741 0.3000000119
76214  33.228  10.381  64.342 0.1000000015
76216  31.820  10.921  64.164 0.1000000015
76227  39.910  9.793  63.690 0.1000000015
76228  31.960  10.265  63.893 0.1000000015
76229  31.404  10.591  63.789 0.1000000015
76235  44.883  10.909  62.160 0.1000000015
76243  45.291  10.209  62.042 0.1000000015
76247  28.346  10.221  61.642 0.1000000015
76250  53.034  9.861  60.490 0.4000000060
76253  26.793  10.687  60.047 0.2000000030
76258  51.766  10.507  60.144 0.4000000060
76267  49.040  10.244  58.173 0.4000000060
76272  47.850  10.269  57.184 0.4000000060
76298  49.793  10.068  55.124 0.3000000119
76299  47.198  10.879  56.065 0.3000000119
76308  49.448  10.340  54.331 0.4000000060
76309  44.898  10.638  54.624 0.3000000119
76319  48.437  10.488  52.767 0.3000000119
76322  42.473  10.709  53.714 0.2000000030
76336  47.494  10.561  50.469 0.5000000000
76345  48.431  10.655  47.635 0.5000000000
76402  55.534  10.874  42.208 0.6000000238
76427  39.429  11.047  42.771 0.1000000015
76432  55.769  10.437  41.753 0.6000000238
76435  45.600  10.709  42.046 0.1000000015
76442  47.053  10.674  40.211 0.2000000030
77103  34.616  11.771  64.519 0.1000000015
77107  30.883  11.863  64.126 0.1000000015
77118  30.448  11.368  63.725 0.1000000015
77126  28.398  11.325  62.692 0.1000000015
77132  26.590  11.634  61.158 0.2000000030
77137  52.817  10.987  59.766 0.4000000060
77139  26.258  11.434  59.006 0.2000000030
77142  52.972  11.688  59.061 0.4000000060
77147  26.641  11.263  58.193 0.2000000030
77149  53.065  11.986  58.344 0.4000000060
77153  36.691  11.929  57.997 0.2000000030
77155  35.269  11.766  57.611 0.1000000015
77159  26.522  11.854  57.461 0.2000000030
77169  35.443  11.557  56.715 0.1000000015
77176  27.095  11.865  56.822 0.2000000030
77185  51.885  11.586  55.778 0.4000000060
77198  51.479  11.805  54.887 0.4000000060
77208  51.144  12.060  54.033 0.5000000000
77212  43.052  11.303  53.579 0.3000000119
77219  48.949  11.412  51.935 0.5000000000
77229  48.951  12.070  49.829 0.5000000000
77233  48.433  11.486  48.725 0.6000000238
77270  50.642  11.281  43.664 0.5000000000
77297  46.151  11.192  41.185 0.2000000030
77299  44.387  11.440  41.493 0.2000000030
77300  43.407  11.474  41.371 0.2000000030
77323  50.095  11.505  39.117 0.4000000060
77331  40.218  11.528  40.033 0.2000000030
77337  51.670  12.033  37.078 0.4000000060
77340  49.289  11.421  37.632 0.4000000060
77343  43.094  11.939  37.840 0.3000000119
77351  51.632  12.079  36.961 0.4000000060
77354  50.084  10.629  36.844 0.3000000119
77356  42.387  11.947  37.367 0.3000000119
77362  42.691  12.293  36.483 0.4000000060
78022  35.037  12.815  64.323 0.1000000015
78026  31.249  12.441  64.357 0.1000000015
78028  29.968  12.884  64.209 0.1000000015
78052  26.611  12.742  62.207 0.1000000015
78056  26.292  12.377  61.446 0.2000000030
78059  25.963  12.117  60.582 0.2000000030
78063  25.994  11.709  59.742 0.2000000030
78068  52.979  12.419  58.443 0.4000000060
78075  53.265  13.438  57.268 0.4000000060
78080  37.575  12.536  57.604 0.2000000030
78082  35.347  11.937  57.928 0.1000000015
78083  34.750  12.075  57.899 0.1000000015
78097  37.984  12.405  57.397 0.2000000030
78101  30.409  12.702  56.634 0.1000000015
78103  28.286  12.731  56.526 0.2000000030
78104  27.275  12.684  56.586 0.2000000030
78116  39.707  13.072  56.912 0.2000000030
78128  47.371  12.676  54.193 0.2000000030
78137  50.868  12.295  53.182 0.6000000238
78139  46.183  12.606  53.628 0.3000000119
78140  44.985  12.348  53.496 0.3000000119
78146  50.609  12.523  52.368 0.5000000000
78166  40.390  12.583  48.628 0.6000000238
78170  50.650  13.070  47.539 0.6000000238
78171  40.410  12.563  47.972 0.6000000238
78172  39.836  12.604  48.300 0.6000000238
78194  50.954  12.897  44.237 0.5000000000
78201  53.453  12.796  43.476 0.5000000000
78209  48.581  12.638  42.913 0.5000000000
78217  48.535  12.888  41.934 0.5000000000
78224  48.725  12.023  41.234 0.5000000000
78243  51.426  12.204  37.612 0.4000000060
78245  47.962  12.679  38.413 0.3000000119
78249  40.232  12.199  38.277 0.3000000119
78251  38.969  12.594  39.176 0.2000000030
78255  51.800  12.717  37.006 0.4000000060
78258  49.659  12.689  37.308 0.4000000060
78264  41.400  12.281  37.186 0.3000000119
78282  44.408  12.914  34.791 0.6000000238
78290  45.475  13.562  33.485 0.6000000238
78293  43.462  12.969  34.856 0.6000000238
78911  37.369  15.283  62.852 0.1000000015
78912  36.264  14.792  63.366 0.1000000015
78929  25.233  13.166  60.101 0.2000000030
78957  53.159  14.150  57.114 0.4000000060
78958  52.121  14.098  57.277 0.4000000060
78960  50.066  13.149  56.334 0.4000000060
78961  40.850  13.908  57.232 0.3000000119
78965  36.127  12.632  57.666 0.1000000015
78966  35.388  13.089  57.232 0.1000000015
78977  53.252  13.506  55.682 0.5000000000
78980  49.103  13.335  54.965 0.4000000060
78996  52.920  13.489  54.550 0.5000000000
79016  42.491  12.902  53.774 0.3000000119
79018  52.474  13.714  52.592 0.6999999881
79022  51.638  13.634  51.240 0.6000000238
79024  43.079  13.778  51.077 0.6999999881
79036  39.715  13.395  50.484 0.6000000238
79042  50.948  13.583  48.942 0.6000000238
79045  42.508  12.998  49.559 0.8000000119
79046  41.086  12.861  50.008 0.6000000238
79058  41.796  12.647  48.299 0.8000000119
79059  39.129  12.753  48.670 0.6000000238
79061  37.662  13.431  48.526 0.6000000238
79072  38.304  13.179  47.390 0.6000000238
79080  44.364  13.682  46.537 0.8999999762
79095  43.690  13.583  45.372 0.8999999762
79108  49.635  13.801  44.276 0.5000000000
79114  39.509  13.652  44.787 0.6999999881
79122  48.743  13.340  43.360 0.5000000000
79124  42.068  13.566  43.901 0.6999999881
79125  41.268  13.680  43.714 0.6999999881
79151  38.564  13.051  39.460 0.2000000030
79157  50.844  14.255  38.277 0.5000000000
79158  39.566  13.310  38.347 0.3000000119
79164  51.744  13.574  37.050 0.4000000060
79170  40.638  13.369  37.128 0.3000000119
79179  41.656  13.091  36.236 0.4000000060
79183  47.691  14.197  34.851 0.5000000000
79197  43.279  13.448  34.396 0.6000000238
79203  45.017  14.172  32.661 0.6000000238
79205  43.676  13.904  33.510 0.6000000238
79211  44.590  14.425  32.655 0.6000000238
79753  41.077  15.519  64.602 0.1000000015
79766  40.892  16.255  64.271 0.1000000015
79793  28.115  14.211  64.070 0.1000000015
79816  24.930  14.131  58.201 0.2000000030
79826  29.420  14.668  56.879 0.1000000015
79831  53.182  14.523  56.511 0.5000000000
79832  52.924  14.701  56.829 0.5000000000
79841  33.287  14.151  56.630 0.1000000015
79849  53.229  14.802  55.583 0.6000000238
79851  51.986  15.320  56.360 0.4000000060
79854  43.456  14.891  55.912 0.4000000060
79858  37.028  14.213  55.445 0.4000000060
79867  53.275  14.685  54.306 0.6999999881
79868  50.441  15.287  55.361 0.4000000060
79879  34.763  14.609  54.451 0.3000000119
79887  52.925  13.995  53.016 0.6999999881
79888  47.087  13.892  53.808 0.2000000030
79895  44.806  14.678  52.030 0.6999999881
79896  43.927  14.698  52.273 0.6000000238
79899  41.382  14.831  52.260 0.5000000000
79902  52.986  14.494  51.240 0.8000000119
79908  41.697  14.235  51.785 0.5000000000
79916  45.195  14.375  50.432 0.8999999762
79924  52.968  14.758  49.328 0.6999999881
79926  45.477  14.326  49.394 0.8000000119
79929  36.556  14.530  49.221 0.5000000000
79940  53.045  14.634  47.505 0.6999999881
79943  44.893  13.849  47.925 0.8999999762
79947  46.243  14.763  46.286 0.8999999762
79950  37.794  13.970  46.217 0.6000000238
79958  45.871  14.714  45.443 0.8999999762
79960  38.818  13.895  44.856 0.6999999881
79961  38.214  14.065  45.363 0.6000000238
79970  45.555  14.714  44.629 0.8999999762
79979  49.032  14.173  43.753 0.5000000000
79985  40.507  14.086  43.232 0.6999999881
80008  40.584  14.926  41.044 0.6000000238
80015  49.312  14.865  40.443 0.5000000000
80017  44.681  14.253  40.804 0.8999999762
80018  43.854  13.853  40.654 0.8000000119
80020  41.100  14.864  40.470 0.6000000238
80027  49.793  15.192  39.526 0.5000000000
80033  41.686  14.691  39.891 0.6999999881
80035  38.126  14.550  39.697 0.4000000060
80040  46.061  14.752  38.140 0.8999999762
80042  44.648  14.191  38.704 0.8000000119
80043  43.779  14.184  38.500 0.8000000119
80045  39.662  14.121  38.036 0.4000000060
80063  51.641  14.216  36.990 0.5000000000
80077  48.093  14.740  34.248 0.6000000238
80082  42.569  13.752  34.835 0.6000000238
80090  48.211  15.188  34.098 0.5000000000
80101  45.361  14.574  32.623 0.8999999762
80102  44.055  14.462  32.851 0.6000000238
80110  45.233  15.172  32.616 0.8999999762
80112  44.396  14.976  32.521 0.6000000238
80732  25.097  15.152  61.851 0.1000000015
80735  24.463  15.625  60.630 0.1000000015
80737  24.328  15.502  59.814 0.1000000015
80745  30.494  15.317  57.885 0.1000000015
80753  43.335  15.997  57.311 0.5000000000
80754  42.181  15.457  57.199 0.5000000000
80756  40.716  14.998  57.004 0.5000000000
80767  52.488  15.715  55.950 0.6000000238
80776  33.181  15.149  55.100 0.2000000030
80782  52.661  16.087  55.213 0.6999999881
80787  45.588  15.787  55.327 0.2000000030
80792  35.227  15.201  53.923 0.2000000030
80799  53.290  15.345  53.592 0.6999999881
80804  43.155  16.086  53.311 0.5000000000
80817  46.198  15.503  52.423 0.8999999762
80820  43.557  15.344  52.845 0.5000000000
80823  39.344  16.169  52.267 0.6000000238
80825  53.514  15.356  51.583 0.8000000119
80826  47.160  15.531  51.299 0.8999999762
80831  37.034  15.167  51.064 0.5000000000
80844  46.528  14.836  49.386 0.8999999762
80848  48.432  15.920  48.536 0.8000000119
80850  46.706  14.888  48.644 0.8000000119
80853  53.496  15.569  47.612 0.6999999881
80855  46.812  14.942  47.807 0.8000000119
80856  37.072  15.338  47.033 0.6000000238
80873  46.498  15.150  45.565 0.8000000119
80887  46.642  15.666  44.306 0.8999999762
80889  37.870  15.182  44.245 0.6999999881
80910  40.053  14.902  41.823 0.6000000238
80949  50.689  16.195  37.737 0.5000000000
80951  42.140  15.321  38.372 0.8000000119
80958  51.260  15.095  36.947 0.5000000000
80963  39.856  15.853  37.325 0.5000000000
80982  48.731  15.743  34.653 0.8000000119
80993  48.069  15.382  34.056 0.5000000000
81011  44.602  15.391  32.555 0.6000000238
81012  43.985  15.747  32.549 0.8000000119
81562  42.147  16.413  65.797 0.1000000015
81594  36.036  16.491  63.207 0.1000000015
81612  24.458  16.421  58.074 0.1000000015
81632  28.088  16.701  56.553 0.1000000015
81639  51.450  17.263  55.359 0.6999999881
81642  48.879  17.955  55.912 0.6000000238
81653  51.748  17.374  55.178 0.8000000119
81661  32.869  16.310  54.469 0.2000000030
81669  46.069  16.777  53.597 0.8999999762
81670  45.291  16.626  53.640 0.6000000238
81674  41.910  17.441  53.372 0.5000000000
81675  38.035  17.749  53.672 0.4000000060
81677  36.592  17.165  53.433 0.3000000119
81700  53.089  16.667  51.409 0.8000000119
81705  37.343  17.253  51.771 0.4000000060
81709  53.313  16.561  50.572 0.8000000119
81714  35.495  16.645  50.529 0.4000000060
81721  53.623  16.279  49.022 0.6999999881
81724  35.918  16.050  48.929 0.4000000060
81729  49.401  16.819  47.765 0.8000000119
81738  49.293  16.956  46.961 0.8000000119
81739  48.680  16.670  46.487 0.8000000119
81740  47.999  16.205  46.233 0.8000000119
81748  52.025  17.199  45.203 0.6000000238
81750  37.486  16.203  45.341 0.6000000238
81760  48.363  17.304  44.578 0.6999999881
81771  46.934  16.345  43.034 0.8999999762
81781  47.746  17.413  42.267 0.8000000119
81794  38.690  16.815  41.688 0.5000000000
81804  40.334  16.441  39.799 0.6999999881
81813  50.299  16.957  38.291 0.6000000238
81817  41.137  16.182  38.992 0.6999999881
81840  49.875  16.891  36.911 0.8000000119
81842  48.500  16.635  37.673 0.8000000119
81846  38.793  16.614  38.225 0.5000000000
81850  49.805  16.582  36.021 0.6999999881
81860  49.418  16.230  35.358 0.6999999881
81870  41.833  16.415  34.450 0.6000000238
81881  43.843  16.638  32.508 0.6000000238
82522  24.214  17.052  60.479 0.1000000015
82532  30.575  17.785  58.395 0.1000000015
82544  48.178  19.077  56.570 0.6000000238
82545  47.390  18.997  56.987 0.6000000238
82546  46.517  18.544  57.252 0.5000000000
82560  50.616  18.245  55.356 0.8000000119
82572  51.026  18.283  55.000 0.8000000119
82575  46.047  18.665  55.019 0.6999999881
82577  43.682  18.442  54.799 0.5000000000
82578  42.813  18.620  54.578 0.5000000000
82591  49.588  18.271  53.467 0.8999999762
82594  46.306  17.693  54.251 0.6999999881
82599  41.454  18.551  53.583 0.5000000000
82600  38.864  19.087  53.058 0.4000000060
82613  52.274  17.601  52.912 0.8999999762
82615  51.012  18.321  52.344 0.8999999762
82620  39.466  18.316  52.676 0.5000000000
82626  33.205  18.578  52.954 0.2000000030
82636  48.829  16.935  52.100 0.8999999762
82639  36.306  18.333  51.795 0.3000000119
82643  51.541  18.169  49.929 0.8999999762
82650  51.713  18.255  49.235 0.8000000119
82652  50.184  17.354  49.042 0.8000000119
82656  52.964  17.768  48.386 0.6999999881
82657  51.905  18.337  48.482 0.6000000238
82664  52.776  17.825  47.600 0.6000000238
82665  50.699  17.901  47.527 0.6000000238
82673  50.624  18.211  46.078 0.6999999881
82676  37.895  17.163  46.647 0.6000000238
82679  52.565  17.419  46.311 0.6000000238
82681  50.780  18.422  45.251 0.6000000238
82692  51.516  17.974  44.945 0.6000000238
82696  48.341  17.664  43.757 0.6999999881
82713  50.064  18.717  43.148 0.6000000238
82715  48.916  18.570  41.909 0.6999999881
82717  38.179  17.472  42.772 0.6000000238
82722  49.654  18.477  41.929 0.6000000238
82734  48.351  17.718  40.075 0.8999999762
82736  39.230  17.800  40.573 0.5000000000
82743  49.953  17.418  38.855 0.8000000119
82745  49.061  18.091  39.511 0.6999999881
82747  40.077  17.813  39.431 0.6000000238
82754  50.142  17.277  38.209 0.8000000119
82756  49.402  17.731  38.708 0.8000000119
82757  48.880  17.737  38.877 0.8000000119
82767  49.681  17.369  37.862 0.8000000119
82800  43.969  18.056  32.505 0.6999999881
82802  42.655  17.980  32.963 0.6000000238
82805  43.612  17.536  32.391 0.6000000238
83429  29.893  18.905  58.011 0.1000000015
83433  33.423  18.140  57.145 0.2000000030
83440  47.853  19.231  56.607 0.6000000238
83441  45.913  18.939  57.254 0.5000000000
83443  43.637  18.210  56.625 0.5000000000
83453  49.437  19.046  55.945 0.6999999881
83455  47.332  19.407  56.278 0.6999999881
83457  45.815  19.138  56.736 0.5000000000
83465  51.144  18.399  54.359 0.8999999762
83466  50.532  18.669  55.067 0.8000000119
83469  47.601  19.271  55.624 0.6999999881
83471  45.857  19.100  55.894 0.6000000238
83474  41.905  18.900  54.420 0.5000000000
83481  50.701  18.637  54.149 0.8000000119
83488  32.606  18.591  53.641 0.2000000030
83492  50.695  18.457  53.315 0.8999999762
83495  39.108  19.048  52.967 0.5000000000
83496  37.368  18.565  52.567 0.4000000060
83508  35.984  18.632  52.033 0.3000000119
83510  33.697  19.340  51.786 0.3000000119
83515  34.385  18.683  50.162 0.3000000119
83520  36.233  18.342  47.941 0.5000000000
83526  39.350  18.758  47.086 0.4000000060
83532  51.721  18.297  46.751 0.6999999881
83540  39.416  18.700  45.207 0.4000000060
83551  49.831  18.812  43.720 0.6999999881
83568  49.650  18.768  42.502 0.6999999881
83583  49.282  18.332  40.783 0.6999999881
83588  49.316  18.188  40.026 0.6999999881
83625  41.367  18.840  34.253 0.6000000238
84266  47.643  19.321  56.533 0.6999999881
84271  28.181  18.974  56.221 0.1000000015
84278  32.487  19.099  55.030 0.2000000030
84286  32.445  19.447  54.400 0.2000000030
84298  33.603  19.550  51.104 0.3000000119
84311  35.809  19.045  48.039 0.5000000000
84312  35.280  19.396  48.468 0.4000000060
84313  34.630  19.821  49.046 0.4000000060
84351  40.130  19.800  42.950 0.4000000060
84352  39.471  19.409  42.462 0.4000000060
84380  41.582  19.702  37.233 0.6999999881
84393  40.438  20.134  35.022 0.6000000238
84404  43.052  20.089  32.204 0.6000000238
84410  43.225  19.684  32.152 0.6000000238
85005  32.685  19.959  53.182 0.3000000119
85033  41.873  20.169  47.160 0.3000000119
85037  37.691  20.172  47.433 0.4000000060
85040  42.471  20.323  46.693 0.3000000119
85125  43.996  21.555  34.009 0.6000000238
85142  43.291  20.660  32.638 0.6999999881
85712  33.095  21.423  53.121 0.2000000030
85714  33.079  21.119  52.332 0.3000000119
85724  33.735  21.636  50.869 0.3000000119
85732  34.430  21.318  49.666 0.4000000060
85753  37.029  20.895  47.736 0.3000000119
85775  42.968  20.854  45.022 0.3000000119
85792  43.598  21.629  42.832 0.3000000119
85815  43.251  22.210  39.106 0.5000000000
85847  39.748  21.201  36.714 0.6000000238
85863  43.548  21.871  33.665 0.6000000238
86361  39.873  22.887  61.345 0.1000000015
86394  39.630  22.316  59.957 0.1000000015
86411  37.199  22.659  57.039 0.2000000030
86419  35.438  22.718  55.450 0.3000000119
86451  36.431  22.711  49.255 0.3000000119
86462  42.754  22.265  48.417 0.2000000030
86463  41.709  22.393  48.353 0.2000000030
86468  36.875  22.257  48.572 0.3000000119
86485  45.476  22.303  45.984 0.2000000030
86493  47.194  23.687  43.514 0.2000000030
86547  45.473  23.773  36.059 0.6999999881
87020  41.213  23.406  61.438 0.1000000015
87021  40.526  23.351  61.514 0.1000000015
87035  41.883  23.736  61.345 0.1000000015
87036  41.375  23.197  61.059 0.1000000015
87037  40.523  22.688  60.503 0.1000000015
87102  37.590  23.964  54.807 0.2000000030
87113  34.722  23.157  52.867 0.3000000119
87116  36.435  23.757  51.350 0.3000000119
87118  34.861  23.193  51.979 0.3000000119
87122  36.654  23.578  50.514 0.3000000119
87130  45.710  23.272  49.155 0.1000000015
87134  41.711  23.684  49.215 0.2000000030
87136  39.639  23.679  49.329 0.2000000030
87152  44.246  22.788  48.794 0.2000000030
87155  41.119  23.219  48.759 0.2000000030
87156  40.105  23.197  48.704 0.2000000030
87168  41.311  23.845  46.335 0.2000000030
87194  41.491  23.539  44.680 0.1000000015
87214  47.131  24.029  42.097 0.3000000119
87230  47.120  24.103  39.933 0.5000000000
87242  46.750  24.198  38.121 0.5000000000
87252  44.410  24.366  36.127 0.6000000238
87714  42.557  24.167  61.013 0.1000000015
87715  42.060  24.038  61.368 0.1000000015
87741  40.089  23.945  57.395 0.1000000015
87791  37.897  24.369  53.952 0.2000000030
87793  40.026  25.097  53.295 0.1000000015
87801  38.383  24.586  52.180 0.2000000030
87803  36.814  24.122  52.818 0.3000000119
87809  38.612  24.507  51.409 0.2000000030
87822  38.905  24.358  50.657 0.1000000015
87837  39.240  24.134  49.935 0.1000000015
87860  47.592  24.526  45.586 0.2000000030
87891  38.388  24.602  44.280 0.1000000015
87896  47.637  24.017  43.136 0.2000000030
87927  46.910  24.296  40.229 0.5000000000
87939  46.100  24.985  38.718 0.5000000000
87959  45.514  24.081  36.093 0.6000000238
88371  43.662  25.097  59.650 0.1000000015
88372  43.352  24.962  60.003 0.1000000015
88397  44.485  25.575  58.635 0.1000000015
88416  45.489  26.128  57.169 0.1000000015
88422  36.402  25.444  55.639 0.1000000015
88423  35.486  25.284  55.432 0.1000000015
88433  44.807  26.049  55.170 0.1000000015
88996  42.340  26.457  58.157 0.1000000015
88997  41.204  26.326  57.769 0.1000000015
89011  39.782  26.425  56.571 0.1000000015
89012  38.974  26.180  56.335 0.1000000015
89014  31.608  26.441  56.161 0.1000000015
89034  31.654  26.656  55.397 0.1000000015
89059  32.715  26.972  53.598 0.1000000015
89116  27.834  26.296  46.507 0.1000000015
89129  24.742  26.650  45.078 0.1000000015
89641  39.721  27.328  55.357 0.1000000015
89662  38.166  27.916  53.904 0.1000000015
89663  37.402  27.758  53.717 0.1000000015
89664  36.636  27.682  53.560 0.1000000015
89665  35.203  27.186  53.481 0.1000000015
89669  31.585  27.882  53.568 0.1000000015
89675  34.214  27.848  52.738 0.1000000015
90237  46.827  27.802  55.957 0.1000000015
90250  45.968  28.453  55.515 0.1000000015
90255  38.952  28.098  54.102 0.1000000015
90261  47.400  28.608  54.593 0.1000000015
90275  48.437  28.686  53.507 0.1000000015
90290  36.376  28.688  52.182 0.1000000015
90291  35.713  28.745  52.009 0.1000000015
90319  42.323  28.759  46.943 0.1000000015
90844  30.907  29.606  54.829 0.1000000015
90855  50.037  30.953  51.574 0.1000000015
90861  39.689  28.890  52.202 0.1000000015
90864  31.328  29.281  51.973 0.1000000015
90866  50.165  30.326  51.403 0.1000000015
90869  43.766  29.569  51.861 0.1000000015
90870  42.457  29.534  51.510 0.1000000015
90874  38.665  29.218  51.294 0.1000000015
90875  37.779  29.215  51.263 0.1000000015
90877  35.611  29.160  51.339 0.1000000015
90878  34.746  29.222  51.259 0.1000000015
90879  33.689  29.249  51.236 0.1000000015
90888  41.297  29.719  50.777 0.1000000015
90898  31.700  29.879  50.907 0.1000000015
91459  30.458  30.016  53.415 0.1000000015
91480  31.003  30.253  51.241 0.1000000015
91501  30.718  30.875  50.868 0.1000000015
91509  41.485  30.374  49.519 0.1000000015
91513  37.458  30.312  49.386 0.1000000015
91514  36.629  30.395  49.340 0.1000000015
91516  34.511  30.489  49.551 0.1000000015
91517  33.671  30.521  49.635 0.1000000015
91518  32.778  30.601  49.703 0.1000000015
91524  41.517  30.696  48.751 0.1000000015
91525  40.718  30.592  48.719 0.1000000015
91527  38.418  30.710  48.457 0.1000000015
92084  30.452  30.889  53.051 0.1000000015
92104  30.515  31.365  51.394 0.1000000015
92111  49.849  32.138  50.940 0.1000000015
92125  43.680  31.272  49.202 0.1000000015
92142  40.010  31.038  47.698 0.1000000015
92149  31.603  32.128  48.728 0.1000000015
92161  36.388  31.579  47.696 0.1000000015
92162  35.549  31.710  47.732 0.1000000015
92170  41.928  31.671  47.083 0.1000000015
92173  39.310  31.769  46.678 0.1000000015
92174  38.530  31.876  46.652 0.1000000015
92248  44.505  31.592  41.782 0.1000000015
92766  30.595  31.712  52.811 0.1000000015
92777  49.743  32.265  51.129 0.1000000015
92779  30.495  32.171  51.150 0.1000000015
92790  46.247  32.333  50.129 0.1000000015
92805  30.653  32.748  49.539 0.1000000015
92814  32.866  31.941  48.222 0.1000000015
92830  31.962  33.076  47.700 0.1000000015
92839  41.334  32.157  46.102 0.1000000015
92843  37.373  32.547  46.120 0.1000000015
92853  47.394  32.384  44.977 0.1000000015
92860  35.996  33.054  46.000 0.1000000015
93506  32.014  33.599  52.832 0.1000000015
93508  30.679  32.743  51.762 0.1000000015
93512  31.058  33.499  51.525 0.1000000015
93520  49.080  33.883  50.262 0.1000000015
93521  48.288  33.707  50.207 0.1000000015
93564  44.502  33.119  46.268 0.1000000015
93580  38.664  33.137  45.153 0.1000000015
93593  41.554  33.342  44.351 0.1000000015
93594  40.683  33.398  44.400 0.1000000015
93595  39.825  33.478  44.462 0.1000000015
93604  42.722  33.784  43.709 0.1000000015
93646  45.530  33.262  39.570 0.1000000015
94183  31.419  34.175  51.161 0.1000000015
94190  30.715  33.866  49.533 0.1000000015
94211  31.116  34.350  48.145 0.1000000015
94222  32.811  34.436  45.893 0.1000000015
94224  31.701  35.238  46.881 0.1000000015
94230  35.143  34.108  45.059 0.1000000015
94244  37.409  34.198  44.232 0.1000000015
94247  33.972  34.904  44.601 0.1000000015
94248  33.251  35.502  44.825 0.1000000015
94255  44.461  34.475  43.513 0.1000000015
94263  36.466  34.952  43.563 0.1000000015
94272  41.416  34.876  42.737 0.1000000015
94273  40.558  34.965  42.794 0.1000000015
94274  39.663  35.053  42.879 0.1000000015
94797  37.572  35.950  50.593 0.1000000015
94801  31.418  34.899  49.912 0.1000000015
94807  33.591  36.149  50.017 0.1000000015
94817  31.728  35.771  48.328 0.1000000015
94822  31.601  35.515  47.558 0.1000000015
94846  35.951  35.406  43.158 0.1000000015
94848  33.615  36.507  44.031 0.1000000015
94855  42.004  35.392  42.266 0.1000000015
94859  38.230  35.490  42.479 0.1000000015
94860  36.809  35.800  42.343 0.1000000015
94870  43.475  35.881  41.894 0.1000000015
95379  35.555  37.137  48.938 0.1000000015
95406  32.765  36.950  45.314 0.1000000015
95417  34.663  36.528  43.066 0.1000000015
95429  40.527  36.180  41.114 0.1000000015
95430  39.631  36.249  40.975 0.1000000015
95431  38.690  36.369  40.810 0.1000000015
95441  41.037  36.341  40.506 0.1000000015
96053  34.457  37.761  47.427 0.1000000015
96055  32.760  37.183  46.808 0.1000000015
96064  32.688  37.155  45.969 0.1000000015
96072  33.776  38.124  45.713 0.1000000015
96080  33.623  37.642  44.446 0.1000000015
96101  37.370  37.336  39.981 0.1000000015
96102  36.618  37.835  40.406 0.1000000015
96112  38.419  37.763  38.323 0.1000000015
96640  35.999  38.376  47.119 0.1000000015
96646  37.681  38.807  46.842 0.1000000015
96656  35.605  38.948  45.340 0.1000000015
96664  34.998  38.697  44.758 0.1000000015
96684  34.833  37.846  42.550 0.1000000015
96716  37.924  38.685  38.751 0.1000000015
97296  38.603  39.879  45.998 0.1000000015
97304  37.171  39.797  44.069 0.1000000015
97318  35.779  39.193  43.738 0.1000000015
97333  35.694  38.958  42.378 0.1000000015
97345  36.272  39.002  41.142 0.1000000015
97346  36.015  39.152  41.850 0.1000000015
97359  37.759  39.148  39.150 0.1000000015
97883  38.679  40.464  44.572 0.1000000015
97903  37.866  40.362  42.688 0.1000000015
98425  40.487  41.249  45.300 0.1000000015
98430  41.267  41.944  44.735 0.1000000015
98437  39.911  41.422  43.211 0.1000000015
107855  50.278  17.524  50.865 0.8000000119
107961  46.190  9.455  57.062 0.2000000030
108250  42.443  13.996  40.987 0.8000000119
108526  55.423  2.024  49.171 0.1000000015
108531  48.131  15.985  35.974 0.8000000119
108542  51.718  13.483  57.687 0.4000000060
108624  56.090  5.587  45.748 0.5000000000
108720  52.159  13.072  53.548 0.6000000238
108723  39.630  15.947  63.437 0.1000000015
108728  46.032  35.446  43.241 0.1000000015
108790  32.924  9.304  63.727 0.1000000015
109012  42.158  10.630  63.356 0.1000000015
109172  36.918  7.184  60.254 0.1000000015
109464  45.001  14.512  36.665 0.8000000119
109469  48.282  13.713  36.831 0.4000000060
109656  38.692  10.961  54.281 0.2000000030
109712  36.803  16.644  47.686 0.5000000000
109784  57.217  1.464  48.424 0.1000000015
110086  40.460  18.298  35.452 0.6000000238
110497  32.286  13.169  64.508 0.1000000015
110498  33.692  13.131  64.424 0.1000000015
110642  26.362  13.537  62.392 0.1000000015
110657  58.470  2.005  46.265 0.1000000015
110668  45.078  30.638  46.830 0.1000000015
110701  45.684  12.677  37.790 0.4000000060
110748  44.516  9.655  55.783 0.2000000030
111417  41.944  22.912  36.579 0.6000000238
111763  56.647  1.938  45.855 0.1000000015
111776  37.069  15.313  54.310 0.3000000119
111797  45.182  18.835  56.917 0.4000000060
111887  49.831  11.684  43.738 0.5000000000
112082  43.152  8.552  58.876 0.3000000119
112183  57.826  0.170  47.958 0.1000000015
112514  32.055  16.590  57.828 0.1000000015
112904  46.575  18.997  57.269 0.5000000000
112941  36.398  11.256  55.509 0.2000000030
112951  42.886  32.659  45.499 0.1000000015
113030  33.456  17.159  53.410 0.2000000030
113050  26.017  14.674  56.647 0.2000000030
113328  38.170  33.919  44.359 0.1000000015
113359  50.419  15.325  38.686 0.5000000000
113910  46.175  15.388  41.321 0.8999999762
114057  32.310  26.380  61.121 0.1000000015
114122  25.442  14.628  57.026 0.2000000030
114182  32.609  10.359  55.817 0.2000000030
114198  50.170  16.462  36.505 0.6000000238
114439  41.277  20.366  47.367 0.3000000119
114558  43.666  13.842  43.295 0.8999999762
114623  37.674  17.661  47.287 0.4000000060
114854  31.702  11.699  64.327 0.1000000015
114867  33.726  38.116  44.936 0.1000000015
115407  44.957  36.505  41.091 0.1000000015
115622  52.860  17.730  49.482 0.6999999881
115708  37.930  17.394  43.840 0.6000000238
115847  50.921  15.176  44.588 0.5000000000
115865  40.879  24.103  61.262 0.1000000015
115988  43.312  23.613  44.725 0.2000000030
116151  26.713  16.019  56.418 0.1000000015
116343  50.648  16.096  37.123 0.6000000238
116424  49.526  16.826  41.724 0.5000000000
116470  46.154  6.339  37.652 0.2000000030
116686  55.421  -1.609  47.359 0.1000000015
116770  40.126  10.418  64.321 0.1000000015
116808  28.618  12.610  63.526 0.1000000015
116820  34.151  9.234  55.426 0.2000000030
116962  47.101  23.729  42.809 0.2000000030
117074  42.464  11.114  42.549 0.1000000015
117079  37.556  39.906  44.805 0.1000000015
117130  39.514  19.424  41.523 0.5000000000
117226  34.381  19.126  49.569 0.3000000119
117489  45.537  22.834  40.925 0.4000000060
117515  48.547  5.804  58.964 0.3000000119
117618  44.893  32.998  47.378 0.1000000015
117785  33.783  20.121  50.101 0.3000000119
117938  58.940  6.316  44.482 0.4000000060
117963  26.754  14.679  56.481 0.1000000015
118637  49.686  18.812  43.047 0.6999999881
118887  24.769  25.922  45.363 0.1000000015
119080  37.483  35.514  42.589 0.1000000015
119147  51.274  13.154  37.965 0.5000000000
119419  35.579  38.121  41.705 0.1000000015
119514  46.756  17.092  53.628 0.8999999762
119596  41.691  25.514  53.313 0.1000000015
119767  47.854  9.849  38.536 0.2000000030
119848  41.050  12.681  46.768 0.6999999881
119934  36.022  8.470  55.208 0.2000000030
120152  42.942  13.524  54.140 0.3000000119
120254  39.517  18.450  46.117 0.4000000060
120334  40.245  10.714  53.790 0.2000000030
120416  32.745  29.162  51.511 0.1000000015
120449  56.278  7.031  54.453 0.3000000119
120556  43.045  19.538  32.128 0.6000000238
120651  37.175  39.575  40.324 0.1000000015
121260  33.452  21.250  55.050 0.2000000030
121596  32.975  9.615  55.703 0.2000000030
121654  44.782  8.240  43.533 0.1000000015
121723  32.152  36.069  46.194 0.1000000015
121765  33.873  10.963  64.486 0.1000000015
121802  36.499  39.485  41.754 0.1000000015
121969  41.912  21.394  40.128 0.5000000000
122122  39.197  30.180  49.428 0.1000000015
122134  47.313  12.648  38.642 0.4000000060
122333  42.860  35.369  42.289 0.1000000015
122472  48.001  15.853  54.691 0.3000000119
122550  54.788  -4.148  48.645 0.1000000015
122599  34.628  7.513  62.064 0.1000000015
123144  34.050  8.416  55.651 0.2000000030
123305  54.484  10.235  41.928 0.6000000238
123364  38.293  15.290  43.515 0.6000000238
123400  39.921  27.095  55.712 0.1000000015
123499  43.976  30.521  43.749 0.1000000015
123767  40.941  13.498  44.402 0.6999999881
123789  38.301  11.563  54.807 0.2000000030
123874  37.712  7.542  61.035 0.1000000015
123881  35.280  16.918  49.858 0.4000000060
123910  39.789  13.829  44.250 0.6999999881
123944  37.430  16.030  54.081 0.4000000060
124119  30.577  7.862  58.500 0.2000000030
124464  36.605  26.358  42.198 0.1000000015
124516  28.871  8.972  58.536 0.2000000030
124533  41.912  11.602  38.634 0.3000000119
124536  43.460  19.193  32.223 0.6999999881
124543  37.743  13.419  47.833 0.6000000238
124579  31.316  29.726  51.495 0.1000000015
124646  34.251  12.172  57.743 0.1000000015
124674  46.197  12.328  39.473 0.3000000119
124879  43.489  16.682  57.295 0.5000000000
124930  47.069  15.495  34.405 0.8999999762
125169  51.460  -2.555  51.512 0.1000000015
125310  31.788  7.342  59.653 0.2000000030
125475  41.269  25.222  55.388 0.1000000015
125573  38.283  8.882  63.307 0.1000000015
125584  39.435  15.616  41.646 0.6000000238
125598  30.738  29.011  54.214 0.1000000015
125749  38.402  22.625  60.660 0.1000000015
125905  52.904  13.875  46.414 0.6999999881
126000  41.120  19.017  53.756 0.5000000000
126033  35.084  17.543  50.518 0.3000000119
126060  34.379  7.452  56.472 0.2000000030
126072  41.103  14.448  57.206 0.4000000060
126082  38.362  13.350  49.692 0.6000000238
126481  29.894  11.234  56.434 0.2000000030
126547  39.756  28.211  54.239 0.1000000015
126844  48.905  14.996  43.155 0.5000000000
126952  41.233  25.064  59.683 0.1000000015
127032  53.068  17.621  48.996 0.6999999881
127070  35.033  38.614  45.486 0.1000000015
127116  39.328  15.390  52.012 0.6000000238
127129  42.521  14.812  38.421 0.8000000119
127207  41.713  11.145  42.372 0.1000000015
127439  51.258  -1.378  54.632 0.1000000015
127445  45.480  12.776  53.599 0.3000000119
127555  37.894  17.350  47.069 0.6000000238
127696  43.011  30.075  50.727 0.1000000015
127721  41.860  12.660  47.697 0.8000000119
127770  27.433  16.788  56.377 0.1000000015
127807  31.486  30.040  55.545 0.1000000015
127825  46.911  15.490  45.589 0.8000000119
127881  43.764  24.649  47.332 0.2000000030
127937  56.639  6.197  41.411 0.4000000060
128180  54.047  13.221  44.345 0.6999999881
128195  44.091  13.227  53.610 0.3000000119
128439  34.160  21.696  50.254 0.3000000119
128444  50.443  17.855  46.808 0.6999999881
128539  41.748  36.370  40.625 0.1000000015
128568  32.511  16.609  57.221 0.2000000030
128596  27.181  13.307  56.535 0.1000000015
128630  53.127  13.274  57.771 0.4000000060
128771  48.445  17.994  43.111 0.6999999881
128847  44.219  10.299  54.692 0.3000000119
128940  31.622  13.679  57.887 0.1000000015
128991  40.570  11.477  40.551 0.1000000015
129013  45.709  8.600  58.236 0.2000000030
129193  24.890  14.324  60.776 0.1000000015
129204  34.760  16.371  63.858 0.1000000015
129268  39.216  18.864  53.367 0.5000000000
129326  39.797  24.936  54.003 0.1000000015
129397  46.053  14.584  49.436 0.8999999762
129508  39.979  31.679  46.719 0.1000000015
129680  39.258  8.798  62.719 0.1000000015
130221  50.166  18.384  55.585 0.6000000238
130240  41.145  30.802  48.344 0.1000000015
130323  31.978  26.331  54.965 0.1000000015
130560  36.966  24.110  53.427 0.2000000030
130581  44.257  13.652  53.823 0.3000000119
130590  46.010  13.906  33.201 0.6000000238
130652  50.400  12.687  51.695 0.5000000000
130706  42.899  13.033  49.153 0.8000000119
130746  40.124  18.847  53.861 0.5000000000
130753  52.344  15.620  44.839 0.6000000238
130797  41.382  14.222  57.116 0.3000000119
130801  45.110  4.543  57.280 0.3000000119
130818  42.066  29.592  45.022 0.1000000015
