#!ascii label  , from subject sub-v2s10x28952_ses-1 vox2ras=TkReg
4357
64248  42.728  15.701  64.166 0.2000000030
63451  43.201  15.247  65.129 0.3000000119
62729  43.778  14.968  65.432 0.2000000030
63450  43.952  15.305  65.149 0.2000000030
62747  44.247  14.449  64.926 0.3000000119
62728  44.596  14.891  65.391 0.3000000119
63442  44.569  15.118  65.408 0.4000000060
62039  45.951  12.780  62.439 0.4000000060
62023  45.699  13.349  63.460 0.3000000119
88270  46.086  13.748  64.136 0.4000000060
62746  45.249  14.239  64.752 0.3000000119
62727  45.433  14.909  65.533 0.4000000060
62764  45.953  13.514  61.497 0.5000000000
62038  46.399  13.130  62.291 0.5000000000
62022  46.606  13.338  63.212 0.5000000000
62745  46.711  13.822  64.235 0.5000000000
87636  46.129  14.353  65.025 0.4000000060
63469  45.686  15.270  60.677 0.4000000060
63464  46.207  14.579  61.283 0.5000000000
62763  46.740  13.879  61.958 0.5000000000
85291  47.486  13.815  63.892 0.5000000000
62726  47.083  14.285  65.025 0.5000000000
62714  46.450  14.890  65.663 0.4000000060
63472  45.135  15.919  60.085 0.4000000060
62758  47.160  13.616  62.808 0.5000000000
62713  47.213  14.857  65.755 0.4000000060
64289  44.953  17.209  58.865 0.4000000060
64280  45.969  16.176  60.376 0.4000000060
63468  46.449  15.531  61.007 0.5000000000
62762  47.376  14.268  62.365 0.5000000000
101688  47.741  14.151  64.662 0.5000000000
65780  45.862  18.074  58.315 0.5000000000
65015  45.661  17.552  58.952 0.4000000060
64279  46.761  16.382  60.689 0.5000000000
63467  47.211  15.788  61.361 0.5000000000
62757  48.068  14.205  63.286 0.5000000000
62744  48.388  14.269  64.517 0.5000000000
63536  47.877  15.103  51.570 0.8000000119
64343  47.001  16.014  52.735 0.8999999762
64323  46.306  16.866  54.069 0.8000000119
95586  45.843  17.525  55.430 0.6000000238
65792  46.148  18.265  57.560 0.6000000238
64282  46.376  16.965  60.045 0.5000000000
63458  47.817  15.133  62.214 0.5000000000
62725  47.851  14.558  65.323 0.4000000060
62817  48.234  14.776  50.973 0.8000000119
89377  47.429  15.525  52.154 0.8999999762
64322  47.176  16.741  54.008 0.8000000119
65060  46.590  17.509  55.345 0.8000000119
65803  46.403  18.214  56.887 0.6999999881
65022  46.343  17.915  58.941 0.5000000000
65013  46.875  17.664  59.590 0.5000000000
64278  47.498  16.577  60.983 0.5000000000
97885  48.425  15.707  62.317 0.5000000000
63457  48.744  15.036  63.137 0.5000000000
62756  49.075  14.570  64.137 0.5000000000
89412  48.635  14.461  49.119 0.6999999881
101285  48.465  14.646  50.333 0.8000000119
65802  46.949  18.138  56.557 0.6999999881
65779  47.360  18.439  58.319 0.6000000238
101336  47.377  18.052  59.370 0.5000000000
64277  48.185  16.820  61.228 0.5000000000
96011  48.369  15.464  52.154 0.8999999762
84689  48.040  16.586  53.960 0.8999999762
65059  47.432  17.425  55.242 0.8000000119
65801  47.810  18.133  56.488 0.6999999881
65002  48.472  17.505  60.708 0.5000000000
64270  48.643  16.385  61.933 0.5000000000
64257  49.196  15.836  62.791 0.5000000000
62824  49.271  14.855  49.018 0.6999999881
63510  48.388  16.215  53.323 0.8999999762
65067  47.746  17.009  54.607 0.8000000119
99495  47.869  17.708  55.752 0.8999999762
65790  47.200  18.419  57.421 0.5000000000
64991  48.940  17.133  61.479 0.5000000000
98006  49.048  14.828  49.890 0.8000000119
63535  48.802  15.147  51.511 0.8999999762
64321  48.594  16.770  54.547 0.8000000119
65778  48.096  18.525  58.125 0.6000000238
65745  48.861  18.131  60.117 0.5000000000
62148  50.925  13.044  42.827 0.6000000238
62150  49.931  13.961  43.822 0.6999999881
88685  49.311  14.516  46.122 0.6999999881
62827  49.435  14.932  48.109 0.6999999881
63534  49.712  15.208  51.466 0.8999999762
63521  48.839  15.774  52.776 0.8999999762
64334  48.878  16.390  53.901 0.8999999762
65058  48.389  17.278  55.248 0.8999999762
65777  48.767  18.469  58.794 0.5000000000
62156  50.471  13.858  43.056 0.6999999881
62844  49.723  14.565  44.425 0.6999999881
63559  49.653  15.162  46.639 0.6999999881
89073  49.329  15.410  52.174 0.8000000119
63509  49.142  16.028  53.350 0.8999999762
65057  49.391  17.267  55.647 0.8999999762
65800  48.653  18.099  56.643 0.6000000238
65762  48.503  18.310  59.447 0.5000000000
100319  49.907  14.661  43.921 0.6999999881
63566  49.677  15.134  45.683 0.6999999881
63553  49.967  15.321  48.855 0.6999999881
63545  50.029  15.169  50.660 0.8999999762
64311  49.142  16.900  55.012 0.8999999762
88447  49.168  18.479  58.001 0.5000000000
62849  50.201  14.674  43.431 0.6999999881
63575  49.750  15.065  44.918 0.6999999881
63555  49.851  15.348  47.507 0.6999999881
63551  49.931  15.185  49.699 0.8000000119
63520  50.281  15.352  52.210 0.8000000119
64320  49.434  16.517  54.470 0.8999999762
65788  49.275  18.228  57.101 0.6000000238
62858  50.680  14.658  42.665 0.6999999881
89938  50.147  15.684  45.139 0.6999999881
63558  50.320  15.810  46.996 0.6999999881
87306  50.055  15.450  48.186 0.6999999881
63544  50.798  15.377  50.174 0.8000000119
63533  50.630  15.271  51.516 0.8000000119
63507  50.953  15.455  52.952 0.8999999762
64310  49.973  16.721  55.085 0.8999999762
63599  50.527  15.464  43.162 0.6999999881
62843  50.110  15.377  44.128 0.6999999881
63565  50.217  15.774  46.085 0.6999999881
63554  50.522  15.834  47.827 0.6999999881
63552  50.707  15.707  48.610 0.6000000238
64391  50.636  16.318  44.555 0.6999999881
64369  50.951  16.284  47.388 0.6000000238
63550  50.713  15.508  49.390 0.8000000119
102482  51.484  15.569  49.784 0.8000000119
85658  51.091  15.301  50.934 0.8000000119
64401  50.729  16.201  43.616 0.6999999881
64385  50.721  16.425  45.538 0.6000000238
64377  50.937  16.459  46.554 0.6000000238
64361  51.559  16.249  48.204 0.6000000238
63549  51.635  15.804  49.123 0.8000000119
63543  51.796  15.507  50.430 0.8000000119
64390  51.249  16.923  44.013 0.6000000238
64384  51.275  17.006  44.955 0.6000000238
64376  51.513  17.041  45.954 0.6000000238
65134  52.080  17.525  45.285 0.6000000238
64262  41.272  16.182  62.841 0.2000000030
64261  42.235  16.212  62.965 0.2000000030
64247  43.652  15.785  64.332 0.2000000030
87629  45.270  15.245  65.385 0.2000000030
63441  46.060  15.169  65.611 0.3000000119
62811  47.384  14.676  51.044 0.8000000119
62724  48.842  14.768  65.556 0.4000000060
62115  48.127  14.290  49.635 0.6999999881
62828  48.876  14.288  47.433 0.6999999881
63456  49.874  15.235  64.021 0.5000000000
62141  49.797  13.114  44.123 0.6000000238
95182  49.145  13.907  45.808 0.6999999881
61467  51.403  12.420  42.877 0.5000000000
62142  49.551  13.785  44.579 0.6999999881
85358  49.394  14.845  47.308 0.6999999881
61480  51.782  12.946  42.277 0.6000000238
62836  49.428  14.390  45.251 0.6999999881
62830  49.227  14.525  46.813 0.6999999881
62155  51.130  13.806  42.371 0.6999999881
65001  49.367  17.808  60.913 0.6000000238
62166  52.574  13.290  41.690 0.6999999881
62167  51.865  13.847  41.746 0.6999999881
64332  50.703  15.788  53.685 0.8999999762
63598  51.002  15.501  42.352 0.6999999881
63532  51.579  15.376  51.612 0.8000000119
63519  51.203  15.355  52.224 0.8000000119
64414  50.923  16.134  42.854 0.6999999881
64400  51.340  16.807  43.089 0.6000000238
64368  51.847  16.703  47.251 0.6999999881
64355  52.818  16.288  48.926 0.8000000119
65139  51.928  17.548  44.417 0.6000000238
64360  52.938  16.724  48.054 0.6999999881
64375  52.236  17.194  46.623 0.6999999881
65127  52.399  17.488  45.998 0.6999999881
65133  53.078  17.935  45.620 0.6999999881
64272  40.775  16.580  61.911 0.2000000030
64273  39.824  16.651  61.867 0.2000000030
64260  43.197  16.298  63.092 0.2000000030
64236  44.708  15.816  64.594 0.2000000030
64259  44.110  16.445  63.266 0.2000000030
63440  46.956  15.106  65.841 0.3000000119
62743  49.232  14.538  64.937 0.5000000000
63449  49.831  14.811  64.958 0.5000000000
61479  52.804  12.560  42.202 0.6000000238
64269  49.467  16.652  62.288 0.5000000000
61478  53.810  12.416  42.284 0.6000000238
61490  54.499  12.850  41.754 0.6000000238
61491  53.484  12.985  41.660 0.6000000238
90861  49.830  18.497  58.807 0.5000000000
65744  49.864  18.310  60.296 0.6000000238
65044  50.791  17.367  56.389 0.6999999881
65033  50.090  17.809  56.789 0.6999999881
89846  53.227  13.665  41.177 0.6000000238
62868  52.173  14.686  41.247 0.6999999881
62857  51.345  14.645  41.937 0.6999999881
64309  51.226  16.505  55.140 0.8999999762
64319  50.406  16.275  54.412 0.8999999762
91029  52.528  13.951  41.322 0.6000000238
63506  51.855  15.669  53.580 0.8999999762
62867  52.975  14.373  40.835 0.6000000238
87989  52.106  15.451  52.209 0.8000000119
63607  51.648  15.528  41.601 0.6000000238
63542  52.943  15.678  50.770 0.8000000119
86786  52.009  15.472  51.083 0.8000000119
64426  52.068  16.215  41.373 0.5000000000
64412  52.394  16.966  41.522 0.6000000238
65126  53.447  17.673  46.497 0.6999999881
64367  53.074  17.215  47.280 0.6999999881
64425  52.824  16.445  40.824 0.5000000000
65153  52.203  17.462  42.482 0.5000000000
65145  51.955  17.540  43.507 0.6000000238
65178  53.279  17.369  40.802 0.5000000000
65165  52.929  17.818  41.607 0.5000000000
65144  52.711  18.179  43.963 0.6000000238
65138  52.791  18.065  44.802 0.6000000238
90980  52.844  18.259  42.312 0.5000000000
89253  52.661  18.307  43.086 0.5000000000
65877  53.392  18.912  44.466 0.6000000238
65892  53.261  18.629  41.644 0.5000000000
65886  53.025  18.933  42.547 0.5000000000
93295  53.000  19.161  43.710 0.5000000000
64274  38.878  16.759  61.848 0.2000000030
64998  38.475  17.253  61.255 0.2000000030
64271  41.705  16.622  61.979 0.2000000030
64996  40.317  17.054  61.207 0.2000000030
64995  41.221  17.082  61.286 0.2000000030
64982  42.719  16.872  61.970 0.2000000030
90195  42.005  17.199  61.405 0.2000000030
64981  43.665  16.978  62.278 0.2000000030
64258  44.949  16.695  63.177 0.2000000030
64235  45.751  15.725  65.009 0.2000000030
64246  45.604  16.440  63.882 0.3000000119
64234  46.670  15.616  65.391 0.3000000119
64979  45.655  17.119  62.909 0.3000000119
64245  46.404  16.363  64.355 0.3000000119
64233  47.702  15.406  65.690 0.3000000119
63439  47.888  14.975  65.949 0.4000000060
64244  47.450  16.366  64.737 0.3000000119
63438  48.904  15.244  65.821 0.4000000060
98987  49.544  15.758  65.701 0.3000000119
63437  50.121  15.128  65.628 0.5000000000
63433  49.990  15.404  65.765 0.4000000060
63436  50.572  15.411  65.154 0.4000000060
64255  50.953  15.955  64.474 0.4000000060
64256  50.155  16.186  63.297 0.5000000000
61489  55.562  12.830  41.929 0.5000000000
64989  51.226  17.558  62.558 0.6000000238
64976  51.223  16.704  63.644 0.6000000238
62154  56.502  12.775  42.161 0.5000000000
65728  51.771  18.295  61.696 0.6000000238
65729  50.461  18.080  61.263 0.6000000238
61488  57.368  12.733  41.599 0.5000000000
62163  56.381  13.291  41.322 0.6000000238
98672  50.857  18.472  59.081 0.6000000238
65760  50.422  18.477  59.655 0.6000000238
100993  49.923  18.448  58.232 0.5000000000
62162  56.989  12.958  41.719 0.5000000000
62164  55.215  13.358  41.197 0.6000000238
65787  50.196  18.252  57.648 0.5000000000
62165  54.153  13.447  41.114 0.6000000238
62866  53.850  14.169  40.608 0.6000000238
65032  51.051  17.690  57.166 0.5000000000
65055  51.571  16.911  55.934 0.8999999762
62177  54.830  13.958  40.521 0.5000000000
89333  51.586  16.045  54.313 0.8000000119
62175  56.799  13.814  40.489 0.5000000000
98110  55.500  14.415  40.049 0.6000000238
63518  52.015  15.490  52.851 0.8000000119
62879  53.589  14.941  40.355 0.6000000238
94650  52.822  15.029  40.667 0.6000000238
62877  56.376  14.380  39.895 0.5000000000
62878  54.682  14.887  39.981 0.6000000238
63613  54.219  15.715  39.886 0.6000000238
63547  54.025  16.435  49.564 0.8000000119
62889  55.874  15.155  39.460 0.6000000238
64366  54.181  17.285  47.905 0.6999999881
88820  55.453  16.191  39.211 0.6000000238
64434  53.865  16.842  40.092 0.5000000000
65871  53.687  18.708  45.235 0.6999999881
65119  54.172  17.609  47.220 0.6999999881
64441  55.628  17.470  38.623 0.6000000238
65870  54.451  19.541  45.777 0.8000000119
64442  54.973  17.733  39.306 0.5000000000
65177  54.249  17.962  40.017 0.5000000000
66610  53.588  20.066  44.528 0.8000000119
97878  56.411  17.451  37.970 0.5000000000
65190  55.377  18.220  38.422 0.5000000000
65176  55.024  18.560  39.215 0.5000000000
65164  53.651  18.288  40.780 0.5000000000
66622  52.665  19.539  42.175 0.5000000000
66617  52.902  20.217  43.833 0.6000000238
65900  54.577  19.454  39.397 0.5000000000
91534  53.713  19.531  40.611 0.5000000000
66627  53.001  19.748  41.149 0.5000000000
66645  54.718  19.326  38.786 0.5000000000
93316  54.253  19.363  40.097 0.5000000000
62910  55.511  15.428  37.657 0.4000000060
63631  55.302  16.357  37.596 0.4000000060
65735  36.992  18.004  61.873 0.2000000030
64997  39.380  17.108  61.191 0.2000000030
67164  36.588  19.887  62.565 0.1000000015
65736  36.649  18.650  61.525 0.1000000015
66449  36.269  19.269  61.288 0.1000000015
93207  37.759  18.309  60.335 0.1000000015
65007  39.889  17.544  60.576 0.2000000030
65008  38.954  17.613  60.613 0.2000000030
65752  39.464  18.081  60.023 0.2000000030
65006  40.814  17.570  60.650 0.2000000030
65751  40.399  18.098  60.064 0.2000000030
65005  41.716  17.665  60.812 0.2000000030
65004  42.698  17.721  61.092 0.2000000030
88087  43.364  17.469  61.604 0.2000000030
65734  43.611  18.075  61.153 0.2000000030
64980  44.462  17.156  62.398 0.2000000030
65731  46.120  18.672  61.591 0.2000000030
64992  45.718  17.860  62.117 0.3000000119
90196  45.120  17.343  62.440 0.3000000119
65722  46.621  18.215  62.267 0.3000000119
65721  47.453  18.488  62.491 0.3000000119
64978  47.153  17.762  62.949 0.3000000119
64972  46.871  17.045  63.622 0.3000000119
65712  48.910  17.716  63.950 0.3000000119
65713  47.897  18.025  63.150 0.3000000119
64971  47.748  17.309  63.768 0.3000000119
65711  50.120  18.264  64.211 0.4000000060
64969  50.332  17.284  65.044 0.3000000119
64970  49.401  16.607  65.150 0.3000000119
64232  48.558  15.980  65.446 0.3000000119
65705  51.199  17.871  64.938 0.4000000060
64961  52.079  17.097  65.303 0.4000000060
64962  51.460  17.060  65.490 0.4000000060
88834  50.761  15.738  65.638 0.4000000060
64975  52.346  17.385  63.926 0.6000000238
64968  51.874  16.629  64.766 0.5000000000
65742  52.594  18.575  60.923 0.6000000238
64988  52.424  18.007  62.839 0.6000000238
65775  51.826  18.375  58.786 0.6000000238
65759  51.989  18.524  59.773 0.6000000238
65030  53.810  17.743  57.555 0.6999999881
65031  52.285  17.639  57.447 0.6000000238
65043  51.872  17.303  56.654 0.8000000119
65042  54.090  17.410  56.681 0.6999999881
65054  53.008  16.928  56.180 0.8999999762
64308  52.395  16.593  55.515 0.8999999762
64307  53.668  16.661  55.421 0.8999999762
63499  52.988  16.082  54.130 0.8999999762
63517  53.131  15.710  52.579 0.8999999762
64306  54.759  17.069  55.252 0.6999999881
63505  53.165  15.862  53.376 0.8999999762
64342  55.131  16.852  52.560 0.8999999762
64348  55.085  16.756  51.746 0.8999999762
64351  55.076  16.742  50.882 0.8999999762
63541  54.095  16.228  50.407 0.8000000119
62888  56.786  15.041  39.248 0.5000000000
63621  56.547  16.064  38.615 0.6000000238
99094  54.969  16.916  49.421 0.8999999762
85309  54.314  16.838  48.750 0.8999999762
63620  57.050  15.490  38.655 0.6000000238
64353  55.260  17.366  49.625 0.8999999762
64359  55.136  17.567  48.444 0.8999999762
65118  55.056  17.890  47.652 0.8999999762
63619  57.235  15.337  38.499 0.5000000000
64440  56.326  17.212  38.213 0.6000000238
65863  55.053  19.102  46.706 0.8999999762
63639  57.205  16.195  37.957 0.6000000238
63630  56.738  16.883  37.993 0.6000000238
67289  53.892  20.971  45.065 0.8000000119
63640  56.977  16.349  37.786 0.6000000238
67331  52.202  20.183  41.711 0.5000000000
101730  51.893  20.533  42.422 0.8000000119
67963  51.404  21.114  40.393 0.6000000238
63641  56.233  16.374  37.584 0.6000000238
65198  56.156  17.662  37.869 0.5000000000
64449  55.390  17.349  37.682 0.5000000000
65199  55.401  18.248  38.096 0.5000000000
65924  54.700  19.074  38.536 0.5000000000
66634  53.392  20.079  40.345 0.5000000000
67346  51.848  20.663  40.979 0.5000000000
64457  56.026  17.089  37.631 0.5000000000
64450  54.448  17.498  37.936 0.5000000000
86590  54.892  18.825  38.330 0.5000000000
66646  54.335  19.584  38.617 0.5000000000
66633  54.029  19.968  39.687 0.5000000000
67359  53.142  20.526  39.573 0.5000000000
92940  52.342  20.983  39.081 0.5000000000
67173  36.079  19.908  61.885 0.1000000015
65753  38.543  18.164  60.135 0.1000000015
65750  41.307  18.201  60.221 0.2000000030
65732  45.252  18.461  61.409 0.2000000030
65733  44.420  18.284  61.270 0.2000000030
66459  42.646  19.003  60.011 0.2000000030
66456  45.636  19.208  60.931 0.3000000119
65746  44.794  18.898  60.806 0.2000000030
65747  43.971  18.705  60.698 0.2000000030
67172  46.916  20.160  60.896 0.3000000119
66455  46.085  19.885  60.669 0.3000000119
66448  46.500  19.420  61.228 0.3000000119
67171  47.790  20.458  61.251 0.3000000119
94295  47.351  19.670  61.488 0.3000000119
66447  47.801  19.204  62.100 0.3000000119
66446  48.230  19.952  61.790 0.3000000119
96451  48.549  19.502  62.340 0.3000000119
65719  49.328  18.666  63.422 0.4000000060
95516  50.115  19.958  62.855 0.4000000060
66441  49.267  19.378  62.831 0.4000000060
102171  51.019  18.599  64.328 0.4000000060
65710  51.944  18.324  64.774 0.4000000060
66440  50.317  19.170  63.540 0.4000000060
66434  51.604  19.167  64.056 0.4000000060
65709  52.446  17.841  64.809 0.4000000060
65717  52.959  18.457  64.080 0.4000000060
88019  53.433  18.933  62.249 0.6000000238
65727  52.959  18.595  62.096 0.6000000238
65741  53.618  18.879  61.162 0.6000000238
65758  53.655  18.706  60.233 0.6000000238
65774  53.527  18.500  59.129 0.6000000238
65785  52.873  18.060  58.240 0.6000000238
65053  54.862  17.655  55.785 0.6999999881
65064  54.793  17.440  55.118 0.6999999881
64317  54.988  17.053  54.469 0.8999999762
65076  55.199  17.038  52.693 0.8999999762
64330  55.147  16.936  53.268 0.8999999762
64347  55.299  17.152  51.264 0.8999999762
65082  55.119  17.229  51.951 0.8000000119
91976  55.155  17.369  50.467 0.8999999762
65832  55.286  18.263  48.707 0.8999999762
65117  55.334  18.304  48.149 0.8999999762
65852  55.174  18.989  47.488 0.8999999762
65869  54.868  19.516  46.821 0.8999999762
66598  54.329  20.354  45.778 0.8999999762
67941  52.609  21.400  44.396 0.8000000119
67317  51.788  20.839  42.989 0.8000000119
67951  51.226  20.986  42.271 0.6999999881
66457  44.312  19.358  60.314 0.3000000119
66458  43.496  19.178  60.180 0.2000000030
65764  41.780  18.841  59.814 0.2000000030
67861  47.033  21.651  60.221 0.2000000030
67181  47.401  20.994  60.681 0.3000000119
67182  46.388  20.739  60.303 0.3000000119
67183  45.500  20.204  60.177 0.3000000119
97725  45.089  19.540  60.437 0.3000000119
66464  43.840  19.838  59.777 0.3000000119
67197  41.756  20.026  58.937 0.2000000030
97083  48.540  22.821  60.920 0.3000000119
67860  47.984  21.927  60.719 0.3000000119
67854  48.331  21.350  61.169 0.3000000119
67194  44.163  20.569  59.422 0.3000000119
67196  42.555  20.176  59.133 0.2000000030
67208  41.224  20.699  58.604 0.1000000015
67853  49.132  22.519  61.424 0.3000000119
67170  48.741  20.818  61.643 0.3000000119
67162  49.303  20.279  62.282 0.3000000119
67169  49.843  21.470  62.106 0.3000000119
67152  52.146  19.817  63.564 0.5000000000
91652  52.490  18.796  64.264 0.4000000060
67167  53.253  20.143  62.124 0.5000000000
67158  52.967  20.105  62.890 0.5000000000
97379  53.221  18.848  63.273 0.5000000000
67188  53.743  19.622  60.664 0.6000000238
66445  53.580  19.379  61.906 0.6000000238
66463  53.862  19.543  59.572 0.5000000000
66474  54.305  19.071  59.004 0.6000000238
65757  54.105  18.993  60.462 0.6000000238
65726  53.785  19.097  61.191 0.6000000238
99215  54.279  18.811  57.514 0.6000000238
65773  54.347  18.701  58.595 0.6000000238
86983  54.275  18.932  59.619 0.6000000238
66495  54.454  18.534  56.860 0.6000000238
66494  54.720  18.370  57.174 0.6000000238
65019  54.529  18.304  57.692 0.6999999881
65020  54.018  18.296  58.272 0.6000000238
86761  54.643  18.302  56.260 0.5000000000
65052  55.003  17.932  56.297 0.6999999881
65029  54.828  17.880  57.054 0.6999999881
65806  54.234  18.268  55.678 0.5000000000
65809  54.607  17.704  55.004 0.6000000238
65805  54.910  17.914  55.840 0.6000000238
65041  54.895  17.729  56.385 0.6999999881
65073  52.902  17.595  53.757 0.6000000238
65072  54.340  17.434  53.591 0.6000000238
65065  54.952  17.260  54.266 0.6000000238
65813  51.969  17.877  54.329 0.6000000238
65078  52.718  17.494  52.908 0.6999999881
90084  55.116  17.080  53.391 0.6999999881
65084  52.403  17.475  51.219 0.6999999881
88755  54.136  17.494  51.660 0.6999999881
65097  55.201  17.706  49.619 0.8999999762
65090  52.428  17.548  50.363 0.6999999881
65834  54.110  18.158  49.421 0.8000000119
65844  54.995  18.709  48.340 0.8999999762
65100  51.925  17.598  49.691 0.8000000119
65108  52.806  18.003  49.167 0.8000000119
65854  54.422  19.139  47.805 0.8000000119
66569  54.709  19.562  47.141 0.8999999762
67290  53.363  21.286  45.199 0.8999999762
101354  49.166  20.686  43.909 0.8999999762
65846  52.189  18.310  48.378 0.8000000119
65855  52.965  18.853  47.691 0.8000000119
66570  53.693  19.613  47.129 0.8000000119
67291  52.295  21.313  45.088 0.8999999762
67943  51.356  21.172  44.696 0.8999999762
65856  51.540  18.690  47.609 0.8000000119
66584  53.038  20.116  46.433 0.8000000119
67280  52.398  20.721  45.745 0.8000000119
66571  52.271  19.335  46.990 0.8000000119
67870  46.168  21.543  59.792 0.2000000030
88222  50.077  25.170  61.639 0.2000000030
68423  47.636  22.576  60.386 0.2000000030
67193  45.007  20.741  59.587 0.2000000030
67206  42.826  20.848  58.844 0.2000000030
67207  42.134  20.703  58.754 0.2000000030
68427  50.837  24.365  61.718 0.2000000030
68922  50.886  24.244  61.892 0.2000000030
68421  49.621  23.773  61.600 0.2000000030
67852  50.157  22.635  62.068 0.3000000119
67871  45.381  21.485  59.462 0.2000000030
67873  43.593  21.116  58.941 0.2000000030
102541  42.440  21.144  58.676 0.2000000030
67879  41.954  21.350  58.575 0.2000000030
68419  51.028  23.992  61.816 0.2000000030
68414  50.992  23.589  62.167 0.2000000030
67846  50.937  22.371  62.418 0.3000000119
67161  50.719  21.025  62.670 0.3000000119
67867  51.740  21.822  60.928 0.4000000060
67859  51.425  23.012  61.834 0.4000000060
67851  51.510  22.575  62.230 0.3000000119
67845  51.564  21.765  62.556 0.3000000119
67160  51.753  20.853  63.014 0.3000000119
67849  52.621  21.084  61.932 0.4000000060
67850  52.031  21.730  62.398 0.4000000060
67168  52.531  20.872  62.592 0.5000000000
67190  52.430  20.630  60.069 0.4000000060
67189  53.438  20.045  60.294 0.6000000238
67179  53.307  20.292  61.219 0.5000000000
66487  52.495  19.395  57.483 0.5000000000
66475  53.611  19.549  58.946 0.5000000000
67202  53.207  19.926  59.569 0.5000000000
66476  52.973  19.543  58.237 0.6000000238
66486  54.109  19.194  58.206 0.6000000238
66512  46.198  20.041  51.424 0.6000000238
67252  45.637  20.194  52.025 0.6000000238
87844  52.144  19.062  56.648 0.4000000060
101758  53.612  19.230  57.718 0.6000000238
67232  47.945  20.751  51.689 0.6999999881
67251  46.996  20.411  51.509 0.6000000238
66513  45.397  19.752  51.387 0.6000000238
66496  50.817  19.471  56.586 0.4000000060
86634  53.524  18.946  57.136 0.6000000238
67250  47.787  20.389  50.950 0.6000000238
66530  46.871  20.068  50.827 0.6000000238
85878  46.688  19.787  50.123 0.6000000238
96990  45.871  19.504  49.965 0.6000000238
66499  50.914  19.036  55.859 0.4000000060
65799  52.596  18.567  55.799 0.5000000000
65798  53.654  18.620  56.394 0.5000000000
98823  48.908  20.999  51.860 0.6999999881
67249  48.704  20.520  51.222 0.6000000238
67265  48.385  20.179  50.429 0.6000000238
67266  47.569  20.084  50.219 0.6000000238
66502  50.302  18.832  55.098 0.4000000060
65807  51.523  18.471  55.106 0.5000000000
67264  48.847  20.087  50.681 0.6000000238
99888  48.133  19.957  49.646 0.6000000238
65811  50.518  18.458  54.443 0.6000000238
65074  51.517  17.644  53.426 0.6000000238
66529  48.677  19.752  49.996 0.6000000238
94911  48.620  19.539  49.086 0.6000000238
65079  51.098  17.519  52.660 0.6999999881
66545  49.047  18.982  49.653 0.6000000238
100004  49.180  18.904  48.975 0.6000000238
66559  49.098  19.286  48.398 0.6000000238
66573  49.061  19.562  47.712 0.6999999881
88466  51.724  17.440  52.038 0.6999999881
65085  50.968  17.418  51.304 0.6999999881
65824  49.472  18.200  50.164 0.6999999881
65836  49.615  18.246  49.318 0.6999999881
99283  49.606  19.166  47.883 0.8000000119
98068  49.098  19.848  47.129 0.8000000119
98881  50.962  17.539  49.530 0.6999999881
65835  50.431  17.801  49.008 0.6999999881
66586  50.498  19.990  46.525 0.8000000119
66587  49.524  20.089  46.584 0.8000000119
67281  50.137  20.477  45.845 0.8000000119
86295  49.427  20.554  45.212 0.8999999762
65109  51.440  17.728  48.958 0.8000000119
65847  50.897  18.162  48.279 0.6999999881
65857  50.393  18.847  47.705 0.8000000119
66572  50.973  19.311  47.006 0.8000000119
86988  51.251  20.815  45.386 0.8000000119
66585  51.676  19.928  46.399 0.8000000119
91567  50.353  25.603  60.661 0.2000000030
70049  50.163  26.252  61.081 0.2000000030
89370  50.285  26.245  60.228 0.2000000030
68935  50.559  24.790  61.076 0.2000000030
68944  49.638  24.321  59.205 0.2000000030
68428  50.887  23.934  61.092 0.3000000119
67868  51.236  23.062  61.114 0.4000000060
100709  50.965  21.933  60.111 0.3000000119
67180  52.564  20.982  61.076 0.4000000060
67204  51.079  20.526  58.725 0.3000000119
67191  51.368  20.989  59.656 0.4000000060
67218  50.281  20.498  57.952 0.4000000060
67217  51.522  19.873  58.047 0.5000000000
93235  46.328  20.405  51.948 0.6999999881
67234  46.021  20.686  52.507 0.6999999881
66488  51.240  19.590  57.223 0.4000000060
67233  46.960  20.758  52.222 0.6000000238
67910  46.652  21.186  52.894 0.5000000000
67222  50.137  19.981  57.047 0.4000000060
66497  49.923  19.699  56.190 0.4000000060
102096  49.117  20.771  51.718 0.5000000000
67248  49.057  20.173  51.356 0.6000000238
65814  50.574  18.020  53.720 0.6000000238
66511  49.051  18.978  51.563 0.6999999881
65812  49.674  18.625  53.760 0.5000000000
65075  50.505  17.742  53.088 0.6000000238
65819  49.444  18.227  51.057 0.6999999881
102354  50.714  17.486  51.998 0.6999999881
65092  50.170  17.607  50.702 0.6999999881
69491  49.697  25.634  58.581 0.2000000030
95246  49.820  25.283  59.346 0.2000000030
92161  49.392  24.526  58.057 0.2000000030
68436  49.831  23.430  59.457 0.2000000030
67869  50.454  22.647  59.903 0.3000000119
67205  50.320  21.344  59.018 0.3000000119
67877  49.594  22.158  58.670 0.3000000119
90124  49.057  22.580  57.047 0.3000000119
92587  49.173  21.868  57.594 0.3000000119
92062  48.973  21.758  56.472 0.3000000119
92594  49.333  20.891  57.134 0.3000000119
67902  48.770  21.735  53.031 0.5000000000
67909  48.017  21.248  52.505 0.5000000000
67894  48.976  21.032  55.977 0.3000000119
97531  49.422  20.344  56.426 0.3000000119
67901  49.585  21.707  52.985 0.5000000000
67908  49.201  21.299  52.502 0.5000000000
67224  49.171  20.273  55.617 0.4000000060
102434  49.633  21.566  53.154 0.5000000000
67907  49.463  21.248  52.711 0.5000000000
93331  49.228  20.627  51.925 0.5000000000
67226  49.054  20.295  54.582 0.5000000000
67228  49.294  20.632  53.438 0.5000000000
67230  49.294  20.386  52.594 0.5000000000
66506  49.149  19.721  52.104 0.5000000000
66503  49.448  19.156  54.434 0.5000000000
66504  49.194  19.079  52.957 0.5000000000
65815  49.772  18.170  53.110 0.6000000238
96170  49.503  18.158  51.811 0.6999999881
65086  50.088  17.669  51.558 0.6999999881
70079  49.850  26.071  57.753 0.2000000030
70090  50.665  25.314  56.268 0.2000000030
69509  50.744  24.345  55.703 0.2000000030
69505  49.726  24.900  57.169 0.2000000030
100293  49.354  23.432  58.551 0.2000000030
92473  49.608  23.933  56.705 0.2000000030
68959  49.206  23.461  57.727 0.2000000030
68450  49.231  22.773  58.129 0.3000000119
68964  49.355  23.196  56.469 0.2000000030
89989  49.443  22.668  55.726 0.3000000119
67903  47.394  21.708  53.296 0.5000000000
92664  49.364  21.997  55.138 0.3000000119
68468  46.797  22.346  53.787 0.3000000119
67898  49.126  21.234  54.818 0.3000000119
67900  49.583  21.444  53.730 0.4000000060
70089  51.218  25.851  55.730 0.2000000030
70095  51.204  24.927  55.247 0.2000000030
70100  51.101  24.893  54.855 0.2000000030
68971  50.551  23.454  55.272 0.2000000030
88597  50.458  22.827  54.559 0.2000000030
68976  50.770  23.344  54.460 0.2000000030
68467  48.238  22.280  53.611 0.5000000000
91972  50.164  22.236  53.969 0.4000000060
68465  49.881  22.039  53.407 0.4000000060
68461  50.193  22.550  53.701 0.5000000000
68462  49.289  22.792  53.785 0.5000000000
70094  51.400  25.689  55.099 0.2000000030
70656  51.491  26.521  54.804 0.2000000030
70662  50.333  26.739  54.044 0.2000000030
70663  48.940  26.554  53.721 0.2000000030
71196  48.060  27.101  52.136 0.2000000030
70657  49.729  26.062  54.328 0.2000000030
70669  47.473  26.671  52.731 0.2000000030
85979  46.577  26.431  52.360 0.2000000030
96580  51.013  25.853  54.760 0.2000000030
70664  47.890  26.359  53.514 0.2000000030
70665  46.970  26.182  53.277 0.2000000030
70671  45.782  26.066  52.207 0.2000000030
70675  45.548  26.210  51.404 0.2000000030
101584  50.529  25.480  54.630 0.2000000030
70115  45.032  25.699  51.905 0.2000000030
69512  51.129  24.020  54.867 0.2000000030
69517  50.716  23.976  54.538 0.2000000030
68977  50.342  23.245  53.989 0.2000000030
68978  48.629  23.639  54.324 0.2000000030
97067  48.055  24.470  54.444 0.2000000030
69519  47.292  24.138  54.333 0.3000000119
69522  46.461  24.654  53.956 0.3000000119
69523  45.645  24.173  53.693 0.3000000119
69526  45.130  24.796  53.115 0.2000000030
102180  50.637  22.862  53.996 0.2000000030
68463  47.489  23.124  54.194 0.3000000119
97619  46.502  23.868  54.144 0.3000000119
71202  47.851  27.176  51.128 0.2000000030
88969  47.209  26.871  51.792 0.2000000030
70673  46.942  26.903  50.774 0.2000000030
70680  45.399  26.350  50.488 0.2000000030
70674  46.140  26.491  50.993 0.2000000030
97087  46.581  26.634  51.526 0.2000000030
70106  48.557  25.932  54.121 0.2000000030
70676  44.954  26.054  51.111 0.2000000030
70670  46.174  25.835  52.984 0.2000000030
70107  47.507  25.743  53.923 0.2000000030
90654  43.579  25.320  51.586 0.2000000030
70101  49.836  25.150  54.565 0.2000000030
69518  49.367  24.257  54.455 0.2000000030
69521  47.263  24.992  54.221 0.2000000030
70109  45.865  25.100  53.413 0.2000000030
85747  44.850  25.201  52.544 0.2000000030
70112  44.301  25.254  52.109 0.2000000030
70102  48.313  25.185  54.395 0.2000000030
71209  47.695  27.216  50.223 0.2000000030
70678  46.979  27.054  49.817 0.2000000030
70679  46.246  26.666  50.133 0.2000000030
70689  46.339  26.915  49.349 0.2000000030
70123  43.861  25.802  50.828 0.2000000030
70108  46.652  25.451  53.670 0.2000000030
70111  45.447  25.474  52.722 0.2000000030
70116  44.364  25.692  51.333 0.2000000030
69527  44.432  24.670  52.741 0.2000000030
64249  41.771  15.685  64.001 0.3000000119
62040  45.314  12.776  62.650 0.3000000119
89297  45.532  14.302  60.900 0.4000000060
64283  45.545  16.818  59.602 0.5000000000
63463  46.970  14.860  61.664 0.5000000000
65023  45.270  17.699  58.385 0.5000000000
65034  45.346  17.994  57.731 0.6000000238
65048  45.546  18.018  56.838 0.6000000238
65014  46.143  17.395  59.441 0.4000000060
64335  47.520  16.355  53.342 0.8999999762
65068  46.873  17.153  54.667 0.8000000119
65047  46.244  17.865  56.108 0.6999999881
65791  46.632  18.342  58.248 0.6000000238
65003  47.154  17.156  60.357 0.5000000000
63522  47.925  15.931  52.726 0.8999999762
65021  47.051  18.182  58.920 0.6000000238
98975  47.807  17.200  60.655 0.5000000000
62825  48.750  14.383  48.374 0.6999999881
65012  47.840  17.838  59.910 0.5000000000
63546  49.076  14.946  50.803 0.8999999762
65763  47.837  18.370  58.982 0.5000000000
99237  48.570  17.702  56.020 0.8999999762
62149  50.331  13.109  43.484 0.6000000238
63508  49.853  15.621  53.008 0.8999999762
65045  49.326  17.743  56.388 0.8000000119
65761  49.325  18.408  59.508 0.5000000000
64333  49.724  16.090  53.801 0.8999999762
94533  49.994  17.448  56.171 0.8000000119
100197  51.579  16.837  46.603 0.6999999881
63548  52.679  15.825  49.840 0.8000000119
64990  49.904  17.398  61.819 0.6000000238
65056  50.455  17.048  55.712 0.8000000119
64413  51.527  16.432  42.143 0.6000000238
63531  52.877  15.608  51.677 0.8000000119
63606  52.409  15.601  40.960 0.6000000238
63614  53.350  15.772  40.401 0.6000000238
65132  54.213  18.504  46.072 0.6999999881
65876  53.902  19.528  45.031 0.6999999881
65885  53.315  19.182  41.530 0.5000000000
92041  52.679  19.560  43.129 0.6000000238
97703  46.179  16.894  63.447 0.3000000119
64963  50.573  16.216  65.646 0.3000000119
64231  51.472  16.454  65.457 0.4000000060
65743  51.089  18.440  60.570 0.6000000238
65786  51.421  18.122  57.948 0.6000000238
62176  55.878  13.835  40.557 0.5000000000
85505  52.639  16.348  54.869 0.8999999762
63530  54.199  16.124  51.287 0.8999999762
62876  57.068  14.298  39.794 0.5000000000
63622  54.696  16.675  39.505 0.5000000000
65125  54.746  18.206  46.908 0.8999999762
65189  56.060  17.838  38.026 0.5000000000
65901  54.495  18.855  39.932 0.5000000000
65891  53.855  18.986  40.785 0.5000000000
85842  52.253  20.280  42.971 0.8000000119
65911  55.058  18.829  38.503 0.5000000000
97949  54.904  19.056  39.123 0.5000000000
66639  54.356  19.908  38.970 0.5000000000
65009  38.039  17.767  60.741 0.2000000030
65754  37.160  18.183  60.957 0.1000000015
64994  44.073  17.624  61.705 0.2000000030
64993  44.847  17.784  61.835 0.2000000030
89468  46.366  17.484  62.815 0.3000000119
65730  46.970  18.936  61.829 0.3000000119
65720  48.409  18.718  62.850 0.4000000060
64243  48.390  16.803  64.588 0.3000000119
92510  52.686  17.828  64.371 0.5000000000
65718  53.005  18.287  63.392 0.6000000238
95306  52.971  17.374  56.893 0.8000000119
64301  54.323  17.177  56.032 0.6999999881
64318  54.112  16.553  54.670 0.8999999762
64331  54.544  16.546  53.848 0.8999999762
63504  54.388  16.348  53.012 0.8999999762
63516  54.263  16.204  52.167 0.8999999762
64354  55.060  16.785  50.053 0.8999999762
64350  55.259  17.246  50.362 0.8999999762
65107  55.399  17.805  48.987 0.8999999762
65124  55.209  18.545  47.422 0.8999999762
102469  54.669  19.765  46.322 0.8999999762
67301  53.175  21.348  44.672 0.8000000119
90583  53.322  20.927  44.423 0.8000000119
67345  52.641  20.355  40.609 0.5000000000
67332  51.635  20.685  41.955 0.6000000238
67316  52.601  21.000  43.887 0.8000000119
67958  51.240  20.987  41.342 0.6000000238
67360  52.166  20.895  39.934 0.5000000000
67371  53.812  20.151  38.733 0.5000000000
67372  53.157  20.574  38.918 0.5000000000
87818  51.609  20.793  38.661 0.5000000000
88757  42.198  19.504  59.455 0.2000000030
100327  45.579  19.696  60.548 0.3000000119
66439  51.177  20.022  63.273 0.5000000000
66433  52.925  19.412  63.507 0.5000000000
66438  53.337  19.431  62.712 0.6000000238
100837  55.158  17.038  53.800 0.6999999881
64341  55.281  17.065  52.105 0.8999999762
65088  54.908  17.395  51.044 0.8000000119
65077  54.541  17.369  52.642 0.6999999881
65843  55.212  18.672  48.085 0.8999999762
65853  55.052  19.036  47.781 0.8000000119
66583  54.431  20.169  46.295 0.8999999762
67278  54.039  20.808  45.657 0.8999999762
101869  52.838  21.525  44.749 0.8999999762
98958  51.350  21.037  43.078 0.6999999881
98831  51.951  21.302  43.790 0.8000000119
67184  44.665  20.012  59.932 0.3000000119
66465  43.028  19.656  59.619 0.2000000030
67192  45.692  20.924  59.811 0.2000000030
67195  43.336  20.361  59.284 0.2000000030
98196  49.198  21.719  61.626 0.3000000119
67159  52.390  20.450  63.084 0.5000000000
67178  53.671  19.589  61.278 0.6000000238
66454  53.971  19.244  60.677 0.6000000238
96320  54.107  19.237  60.045 0.6000000238
66485  54.411  18.568  57.838 0.6999999881
65784  54.882  18.168  57.123 0.6999999881
65810  53.315  18.105  55.067 0.5000000000
65066  53.943  17.637  54.406 0.6000000238
65083  53.090  17.496  52.111 0.6999999881
65089  53.770  17.586  50.733 0.6999999881
65099  53.300  17.741  49.924 0.8000000119
65098  54.736  17.773  50.053 0.8000000119
65833  54.983  18.310  49.166 0.8000000119
65091  51.203  17.445  50.345 0.6999999881
65845  53.880  18.566  48.589 0.8000000119
97586  54.068  20.112  46.567 0.8999999762
67303  49.694  20.751  44.421 0.8999999762
67302  50.637  21.024  44.215 0.8999999762
67947  51.027  21.154  43.543 0.8000000119
68927  50.474  24.605  61.580 0.2000000030
69479  50.253  25.511  61.457 0.2000000030
67872  44.521  21.452  59.132 0.2000000030
68420  50.660  24.113  62.047 0.2000000030
68415  50.249  23.511  62.015 0.3000000119
67858  52.016  22.015  61.866 0.4000000060
67844  52.053  21.253  62.773 0.4000000060
67203  52.324  20.124  59.027 0.5000000000
66531  46.037  19.701  50.740 0.6000000238
87795  45.196  19.426  50.588 0.6000000238
66546  47.272  19.801  49.498 0.6000000238
84885  47.833  19.761  48.824 0.6000000238
66528  48.985  19.273  50.579 0.6000000238
66560  48.433  19.617  48.224 0.6999999881
99007  50.240  17.653  49.814 0.6999999881
65848  49.827  18.563  48.473 0.6999999881
91224  49.842  19.570  47.214 0.8000000119
67292  50.373  20.841  44.993 0.8999999762
67304  48.753  20.497  44.556 0.8000000119
96235  51.144  20.389  45.986 0.8000000119
92459  49.611  21.308  58.068 0.3000000119
101240  50.721  19.939  57.568 0.4000000060
67231  49.345  21.017  52.115 0.5000000000
66500  49.688  19.463  55.359 0.4000000060
68466  49.579  22.172  53.308 0.5000000000
99011  49.165  19.533  53.477 0.5000000000
65817  49.317  18.549  52.363 0.6000000238
71187  49.442  27.159  53.293 0.2000000030
70668  48.392  26.903  53.035 0.2000000030
71201  48.732  27.329  51.551 0.2000000030
99075  53.716  8.550  49.189 0.3000000119
58559  53.007  8.235  49.235 0.3000000119
57724  52.304  7.804  49.484 0.3000000119
57735  51.715  7.759  48.885 0.3000000119
56919  57.457  6.019  53.483 0.2000000030
56197  57.198  5.651  53.886 0.2000000030
57734  52.380  7.992  48.836 0.3000000119
58569  52.076  8.139  48.150 0.3000000119
58570  51.154  7.938  48.214 0.3000000119
57688  57.566  6.695  52.966 0.2000000030
58567  54.182  8.861  48.762 0.3000000119
88175  52.761  8.261  48.508 0.3000000119
88332  57.890  6.541  51.786 0.2000000030
57712  57.679  7.280  50.745 0.3000000119
58556  57.476  8.361  50.340 0.3000000119
96621  57.512  10.338  50.211 0.3000000119
59333  53.933  8.875  47.941 0.3000000119
58577  52.941  8.495  47.770 0.3000000119
58579  51.436  8.349  47.495 0.3000000119
58580  50.609  8.343  47.546 0.3000000119
58590  53.548  8.970  47.069 0.3000000119
58591  52.604  8.727  46.871 0.3000000119
58594  50.156  8.756  46.903 0.3000000119
60713  57.352  11.492  46.901 0.3000000119
58592  51.726  8.661  46.773 0.3000000119
59353  52.135  9.043  46.126 0.3000000119
59355  50.495  9.061  46.392 0.3000000119
60068  57.498  11.435  45.766 0.3000000119
60079  57.472  11.518  44.744 0.3000000119
60098  57.613  11.431  42.796 0.3000000119
60090  57.532  11.180  43.676 0.3000000119
88344  57.575  10.701  42.091 0.3000000119
58548  54.311  8.847  50.359 0.3000000119
58558  53.648  8.457  49.865 0.3000000119
58550  52.901  8.025  50.179 0.3000000119
92744  52.177  7.642  50.167 0.3000000119
57725  51.563  7.538  49.707 0.3000000119
57726  50.801  7.287  50.042 0.3000000119
88865  56.819  5.672  54.469 0.2000000030
55465  56.468  5.138  54.767 0.2000000030
59318  54.918  9.403  49.979 0.3000000119
95350  50.129  7.336  49.594 0.3000000119
60029  56.994  11.052  50.305 0.3000000119
60038  56.399  10.637  49.993 0.3000000119
59326  54.847  9.398  49.133 0.3000000119
58571  50.244  7.974  48.265 0.3000000119
58572  49.347  8.135  48.275 0.3000000119
60690  57.176  11.002  49.853 0.3000000119
60046  56.293  10.724  49.167 0.3000000119
59331  55.466  10.086  48.725 0.3000000119
59332  54.728  9.432  48.286 0.3000000119
58573  48.524  8.356  48.375 0.2000000030
57704  57.661  7.446  51.502 0.3000000119
58547  57.542  8.502  51.119 0.3000000119
59316  57.545  9.511  50.700 0.3000000119
60695  57.192  11.095  49.178 0.3000000119
60045  56.928  11.249  48.781 0.3000000119
59340  55.385  10.146  47.892 0.3000000119
59341  54.565  9.538  47.325 0.3000000119
58581  49.745  8.485  47.575 0.3000000119
58582  48.880  8.756  47.683 0.2000000030
88502  57.579  9.624  51.502 0.3000000119
101912  57.513  10.175  51.040 0.3000000119
60707  57.222  11.471  47.331 0.3000000119
60053  56.103  10.894  47.531 0.3000000119
96187  49.957  9.264  46.442 0.4000000060
59342  49.349  9.182  46.943 0.3000000119
60714  57.212  11.649  46.708 0.3000000119
60708  56.762  11.505  47.129 0.3000000119
60059  55.789  10.908  46.697 0.3000000119
59351  54.022  9.500  46.435 0.3000000119
59354  51.160  9.102  46.090 0.3000000119
59356  49.524  9.802  46.292 0.4000000060
88345  57.329  11.780  45.502 0.3000000119
60715  56.650  11.610  46.366 0.3000000119
97037  55.119  10.529  46.107 0.3000000119
59368  53.530  9.674  45.681 0.3000000119
59370  51.629  9.519  45.498 0.3000000119
59371  50.344  9.671  45.816 0.4000000060
60740  57.268  11.944  44.537 0.3000000119
60072  53.060  9.998  44.983 0.3000000119
60073  52.063  9.984  44.904 0.3000000119
60074  50.924  10.099  44.994 0.3000000119
101278  50.231  10.284  45.368 0.4000000060
61454  57.255  12.095  43.713 0.4000000060
60771  57.703  12.034  41.715 0.4000000060
60764  57.629  11.982  42.553 0.4000000060
95485  57.880  11.732  41.088 0.3000000119
60105  57.747  11.415  41.748 0.3000000119
60778  58.397  11.608  39.778 0.5000000000
61486  57.956  12.098  40.647 0.4000000060
61498  57.777  12.717  40.545 0.5000000000
61497  58.110  12.352  39.907 0.5000000000
96495  52.071  7.498  51.387 0.3000000119
57714  51.599  7.390  50.662 0.3000000119
85428  50.734  6.980  50.928 0.3000000119
99771  56.391  5.652  55.137 0.2000000030
58539  54.316  8.838  51.228 0.3000000119
58549  53.629  8.429  50.691 0.3000000119
96866  53.075  8.063  50.986 0.3000000119
57727  49.302  7.275  49.658 0.3000000119
56920  57.042  6.277  54.125 0.2000000030
60030  56.599  10.645  50.873 0.3000000119
59311  54.962  9.453  50.867 0.3000000119
57728  48.568  7.522  49.401 0.3000000119
96152  57.094  10.822  51.049 0.3000000119
59317  55.665  10.057  50.444 0.3000000119
57738  48.941  7.739  48.889 0.2000000030
58560  48.193  7.961  48.971 0.2000000030
57697  57.590  7.538  52.379 0.3000000119
90107  57.936  6.153  52.275 0.3000000119
60687  57.184  10.880  50.419 0.3000000119
58574  47.792  8.606  48.592 0.2000000030
58538  57.588  8.713  51.941 0.3000000119
60020  57.342  10.591  50.914 0.3000000119
59334  48.101  9.074  47.983 0.2000000030
59344  47.705  9.883  47.797 0.2000000030
60056  47.922  10.557  47.331 0.4000000060
59357  48.926  9.873  46.675 0.4000000060
60709  48.130  11.280  46.934 0.4000000060
60727  57.165  11.834  45.983 0.3000000119
60728  56.528  11.755  45.582 0.3000000119
60729  55.505  11.275  45.137 0.3000000119
60071  54.005  10.199  45.174 0.3000000119
60061  49.007  10.444  46.262 0.4000000060
92735  48.597  11.134  46.365 0.4000000060
60741  57.078  12.078  45.167 0.3000000119
60742  56.242  11.857  44.735 0.4000000060
60080  54.540  10.791  44.744 0.3000000119
60082  52.600  10.482  44.363 0.4000000060
60060  49.623  10.473  45.698 0.4000000060
60732  48.817  11.746  45.916 0.4000000060
61455  56.866  12.176  44.140 0.4000000060
60743  55.152  11.423  44.329 0.4000000060
60744  54.118  11.073  44.003 0.4000000060
60091  53.121  10.942  43.831 0.4000000060
60084  50.817  10.994  44.323 0.4000000060
95860  49.165  11.980  45.444 0.4000000060
61449  48.903  12.414  45.708 0.5000000000
96671  57.779  12.097  41.219 0.4000000060
61462  57.403  12.204  42.989 0.4000000060
60755  55.798  12.001  43.900 0.4000000060
60756  54.692  11.675  43.498 0.4000000060
60746  51.470  11.236  43.779 0.4000000060
60748  49.593  11.815  44.983 0.4000000060
61463  57.048  12.376  43.298 0.4000000060
98818  56.649  12.550  42.840 0.4000000060
62174  57.548  13.329  40.262 0.5000000000
93539  55.252  6.841  56.416 0.2000000030
56891  55.489  6.150  57.075 0.1000000015
57706  51.389  7.218  51.578 0.3000000119
57707  50.562  6.815  51.922 0.3000000119
57663  56.185  7.816  54.957 0.2000000030
56909  55.575  7.220  55.620 0.2000000030
56901  55.910  6.038  55.937 0.2000000030
56189  56.068  5.290  55.704 0.1000000015
58531  54.305  8.797  52.121 0.3000000119
58540  53.593  8.383  51.520 0.3000000119
58541  52.798  7.858  51.704 0.3000000119
56938  49.934  6.678  51.172 0.3000000119
56947  49.165  6.769  50.599 0.3000000119
56948  48.342  6.733  50.682 0.3000000119
56908  56.400  6.457  54.877 0.2000000030
59303  55.014  9.463  51.797 0.3000000119
57716  48.510  7.136  50.001 0.3000000119
57673  57.194  7.107  53.670 0.3000000119
57674  56.744  7.352  54.298 0.3000000119
60022  56.849  10.645  51.994 0.3000000119
59310  55.823  10.110  51.404 0.3000000119
57729  47.920  7.575  49.570 0.2000000030
58518  57.372  8.346  53.296 0.3000000119
58561  47.497  8.165  49.180 0.2000000030
102261  46.890  8.371  49.372 0.2000000030
59335  47.439  9.380  48.363 0.2000000030
58575  47.118  8.867  48.877 0.2000000030
58562  46.468  8.980  49.287 0.2000000030
93317  57.484  10.265  51.770 0.3000000119
94171  47.222  10.089  48.231 0.3000000119
59336  46.742  9.775  48.743 0.3000000119
60047  47.381  10.688  47.867 0.4000000060
60710  47.632  11.438  47.513 0.4000000060
61436  46.995  12.327  48.529 0.6000000238
95238  47.971  12.133  47.171 0.5000000000
61441  48.616  12.525  46.217 0.5000000000
90982  48.593  13.167  46.492 0.6000000238
61474  57.483  12.327  42.124 0.4000000060
61475  57.146  12.532  42.415 0.5000000000
61464  56.301  12.357  43.377 0.4000000060
61465  55.354  12.158  43.172 0.4000000060
60765  54.132  11.920  42.866 0.4000000060
60766  53.185  11.925  42.757 0.4000000060
60759  51.425  11.845  43.297 0.4000000060
61456  50.255  12.393  43.928 0.4000000060
94176  49.460  13.102  44.712 0.5000000000
88520  49.250  13.515  45.238 0.6000000238
62127  48.888  13.877  46.512 0.6000000238
61487  57.644  12.443  41.300 0.4000000060
61476  55.871  12.528  42.693 0.4000000060
61477  54.839  12.360  42.518 0.4000000060
61468  50.831  12.397  43.344 0.4000000060
97444  57.561  12.937  40.980 0.4000000060
62161  57.224  13.311  41.000 0.5000000000
57656  55.107  7.925  56.392 0.2000000030
57646  54.905  8.653  57.260 0.2000000030
57645  54.898  7.211  57.397 0.2000000030
58519  54.220  8.812  53.060 0.3000000119
58532  53.496  8.321  52.396 0.3000000119
58533  52.737  7.824  52.693 0.3000000119
57705  52.061  7.476  52.138 0.3000000119
57698  51.313  7.202  52.473 0.3000000119
56931  49.798  6.605  51.908 0.3000000119
59291  55.928  10.261  53.469 0.3000000119
59292  55.001  9.508  52.753 0.3000000119
99702  48.748  6.576  51.040 0.3000000119
96274  55.927  10.168  52.434 0.3000000119
56949  47.600  6.683  50.927 0.3000000119
91616  57.067  8.466  54.036 0.3000000119
90721  56.704  8.494  54.595 0.3000000119
60014  56.837  10.635  53.201 0.3000000119
95532  46.461  7.542  50.338 0.2000000030
60013  57.228  10.511  52.952 0.3000000119
60021  57.230  10.491  51.907 0.3000000119
58551  46.270  8.196  49.844 0.2000000030
97402  57.525  9.646  53.418 0.3000000119
60012  57.433  10.321  52.682 0.3000000119
59327  45.886  9.766  49.387 0.2000000030
58563  45.829  8.892  49.673 0.2000000030
58552  45.417  8.384  50.196 0.2000000030
60702  46.595  11.527  48.675 0.5000000000
60039  46.298  10.679  48.971 0.3000000119
61435  47.539  12.410  47.880 0.6000000238
62125  47.839  13.255  48.057 0.6000000238
61439  48.035  12.973  47.456 0.6000000238
87866  48.472  13.472  47.087 0.6000000238
93707  54.882  9.321  58.035 0.2000000030
57664  55.782  8.536  55.728 0.2000000030
57635  54.650  8.170  58.128 0.2000000030
58483  56.528  9.170  55.233 0.3000000119
89956  54.973  9.569  53.728 0.3000000119
58501  54.158  8.813  54.041 0.3000000119
58520  53.399  8.281  53.343 0.3000000119
91442  51.977  7.495  53.020 0.3000000119
89451  50.675  6.966  52.818 0.3000000119
57699  49.908  6.712  52.740 0.3000000119
56932  49.321  6.579  52.289 0.3000000119
60007  56.790  10.696  54.228 0.3000000119
56939  49.146  6.552  51.517 0.3000000119
56933  48.624  6.547  52.299 0.3000000119
56940  48.249  6.525  51.457 0.3000000119
56941  47.483  6.588  51.595 0.3000000119
56934  46.945  6.696  52.087 0.3000000119
57708  46.259  7.156  50.930 0.2000000030
57709  45.509  7.415  51.305 0.2000000030
57702  44.725  7.783  51.694 0.2000000030
58499  57.398  9.630  53.970 0.3000000119
60005  57.334  10.417  53.499 0.3000000119
57719  45.759  7.687  50.559 0.2000000030
57720  44.938  7.861  50.832 0.2000000030
59302  57.554  10.100  53.141 0.3000000119
60040  45.564  10.743  49.421 0.3000000119
59319  45.174  9.182  49.883 0.2000000030
58553  44.626  8.613  50.453 0.2000000030
58543  43.531  8.635  51.336 0.2000000030
58530  57.561  9.137  52.780 0.3000000119
59309  57.616  9.854  52.340 0.3000000119
62117  46.243  13.026  49.559 0.5000000000
60696  45.965  11.540  49.253 0.4000000060
60697  45.191  11.527  49.566 0.3000000119
62108  46.833  13.604  49.746 0.5000000000
62116  47.482  13.664  49.251 0.6000000238
62120  48.075  13.870  48.688 0.6000000238
62124  48.327  13.724  47.851 0.6000000238
90995  54.778  10.818  60.724 0.2000000030
97859  54.689  8.839  58.628 0.2000000030
58449  54.779  9.249  59.374 0.2000000030
58467  55.585  10.148  57.383 0.2000000030
58484  56.500  9.929  55.987 0.3000000119
58475  55.627  9.332  56.540 0.2000000030
59280  55.887  10.435  54.445 0.3000000119
88307  54.933  9.767  54.680 0.3000000119
58521  52.594  7.804  53.625 0.3000000119
57689  51.880  7.586  53.786 0.3000000119
57690  51.193  7.308  53.460 0.3000000119
57691  50.307  7.071  53.597 0.3000000119
56927  49.039  6.674  53.013 0.3000000119
94011  47.762  6.579  52.286 0.3000000119
56928  48.136  6.795  53.200 0.3000000119
58500  57.049  9.735  54.740 0.3000000119
60000  56.521  10.892  55.060 0.3000000119
57700  47.162  6.876  52.965 0.3000000119
60006  57.179  10.571  53.863 0.3000000119
88039  46.291  7.129  52.609 0.2000000030
58534  44.681  8.032  52.772 0.2000000030
58535  43.872  8.318  52.083 0.2000000030
58536  43.167  8.688  51.992 0.2000000030
59304  43.266  8.968  52.942 0.2000000030
59290  57.414  10.277  53.796 0.3000000119
60698  44.421  11.386  49.758 0.3000000119
59320  44.393  9.456  50.155 0.2000000030
90714  43.637  9.661  50.422 0.2000000030
58544  42.909  9.071  51.416 0.2000000030
59312  42.246  9.558  51.558 0.2000000030
90193  41.898  9.477  52.500 0.2000000030
62818  46.864  14.189  50.470 0.6000000238
62110  45.406  13.592  50.345 0.5000000000
61432  44.733  12.173  49.793 0.4000000060
93469  43.997  12.007  49.960 0.3000000119
60691  43.719  11.257  50.031 0.3000000119
60033  42.581  10.651  50.604 0.2000000030
60023  42.081  10.240  51.086 0.2000000030
59313  41.574  9.998  51.756 0.2000000030
59306  41.253  9.843  52.536 0.2000000030
97602  47.438  14.029  49.891 0.6000000238
60692  43.040  11.304  50.350 0.3000000119
60034  41.987  10.873  50.841 0.2000000030
60024  41.415  10.770  51.363 0.2000000030
60025  40.725  11.007  51.741 0.2000000030
59223  55.028  10.618  59.459 0.2000000030
59211  54.809  10.283  61.766 0.2000000030
58457  54.904  9.694  58.734 0.2000000030
93171  56.822  9.997  55.499 0.3000000119
59253  56.222  10.677  56.505 0.2000000030
59265  54.825  10.109  55.579 0.3000000119
58485  54.039  8.974  54.989 0.3000000119
58486  52.953  8.551  55.255 0.3000000119
58487  51.882  8.521  55.474 0.3000000119
59264  56.633  10.683  55.796 0.2000000030
59995  56.292  10.972  56.101 0.3000000119
60001  55.853  10.675  55.380 0.3000000119
58502  53.226  8.299  54.317 0.3000000119
58503  52.172  7.924  54.573 0.3000000119
58504  51.111  8.025  55.006 0.3000000119
57675  51.419  7.611  54.247 0.3000000119
57676  50.689  7.511  54.316 0.3000000119
57677  49.811  7.528  54.430 0.3000000119
57693  48.720  7.027  53.717 0.3000000119
57678  48.758  7.799  54.496 0.3000000119
59994  56.662  10.651  55.617 0.3000000119
57694  47.441  7.431  53.767 0.3000000119
59279  56.852  10.544  55.220 0.3000000119
59999  56.934  10.568  54.741 0.3000000119
57695  46.516  7.573  53.492 0.2000000030
57680  46.872  8.306  54.280 0.3000000119
59278  57.187  10.405  54.436 0.3000000119
58523  45.150  8.459  53.647 0.2000000030
59294  45.228  9.048  54.349 0.2000000030
59295  44.543  8.874  53.758 0.2000000030
59284  44.623  9.102  54.474 0.2000000030
58525  43.076  9.174  54.032 0.2000000030
59998  57.226  10.499  54.091 0.3000000119
58524  43.965  8.673  53.060 0.2000000030
59297  42.537  9.178  53.311 0.2000000030
58526  42.059  8.915  53.625 0.2000000030
59298  41.642  9.416  53.123 0.2000000030
58527  41.120  9.229  53.426 0.2000000030
98359  40.491  9.000  53.627 0.2000000030
63537  46.967  15.105  51.583 0.6999999881
62819  45.918  14.271  50.801 0.5000000000
61424  44.281  12.737  50.155 0.4000000060
61425  43.553  12.531  50.328 0.4000000060
60015  40.944  10.386  52.005 0.2000000030
59307  40.653  10.118  52.716 0.2000000030
59299  40.375  9.670  53.284 0.2000000030
63523  46.509  15.561  52.162 0.6999999881
63538  46.014  14.991  51.540 0.6000000238
62814  44.637  14.590  51.315 0.5000000000
62112  43.810  13.303  50.540 0.4000000060
62113  42.985  13.086  50.657 0.3000000119
61418  42.110  12.807  50.916 0.3000000119
60688  41.048  11.581  51.430 0.3000000119
60016  40.342  10.760  52.282 0.2000000030
63539  45.124  15.088  51.708 0.6000000238
62815  43.755  14.609  51.509 0.5000000000
62103  43.327  13.864  51.003 0.4000000060
62104  42.495  13.640  51.199 0.3000000119
62105  41.699  13.467  51.470 0.3000000119
59939  54.435  10.943  61.297 0.2000000030
59233  55.423  10.708  58.297 0.2000000030
87733  55.273  11.408  58.809 0.2000000030
56153  48.447  5.579  59.267 0.1000000015
56161  47.968  5.749  58.858 0.1000000015
57637  49.475  7.386  58.715 0.1000000015
56882  49.176  6.660  59.108 0.1000000015
101624  48.288  6.613  58.395 0.1000000015
56884  47.776  6.250  58.363 0.1000000015
56162  47.373  5.516  58.610 0.1000000015
56163  46.626  5.236  58.368 0.1000000015
55428  45.529  4.210  58.397 0.1000000015
55429  44.712  3.950  58.191 0.1000000015
54630  44.058  3.728  58.006 0.1000000015
54616  42.478  3.005  57.940 0.1000000015
54617  41.738  2.940  57.808 0.2000000030
92970  49.784  8.045  58.348 0.1000000015
57647  49.185  7.922  57.877 0.1000000015
57639  48.155  7.031  57.846 0.1000000015
56885  46.962  5.934  58.058 0.1000000015
56170  46.189  5.634  57.794 0.1000000015
55437  45.050  4.657  57.875 0.1000000015
55438  44.176  4.348  57.631 0.1000000015
93406  42.922  3.640  57.601 0.1000000015
97924  42.095  3.469  57.461 0.1000000015
54632  41.166  3.287  57.424 0.2000000030
59254  55.668  10.801  56.218 0.3000000119
59255  54.515  10.364  56.390 0.3000000119
59266  53.720  9.385  55.845 0.3000000119
101355  48.644  7.469  57.857 0.1000000015
56892  47.353  6.648  57.600 0.1000000015
56893  46.552  6.331  57.376 0.1000000015
56894  45.760  6.056  57.137 0.1000000015
56181  44.975  5.775  56.846 0.1000000015
56173  43.766  4.864  56.986 0.1000000015
55452  42.963  4.631  56.707 0.1000000015
55453  42.147  4.447  56.524 0.1000000015
54647  40.848  3.800  56.792 0.2000000030
59252  56.463  10.795  56.052 0.3000000119
59267  52.561  9.109  56.086 0.3000000119
58470  47.799  8.672  56.612 0.1000000015
57657  47.131  8.164  56.505 0.1000000015
57658  46.401  7.756  56.337 0.1000000015
56903  45.334  6.515  56.445 0.1000000015
56905  43.712  5.923  55.872 0.1000000015
56183  43.345  5.263  56.310 0.1000000015
55454  41.329  4.326  56.371 0.1000000015
55455  40.489  4.292  56.248 0.1000000015
58506  49.384  8.514  55.114 0.3000000119
58479  45.924  8.411  55.807 0.1000000015
57660  44.890  7.061  55.792 0.1000000015
88029  43.201  6.369  55.339 0.1000000015
56190  42.887  5.665  55.675 0.1000000015
56192  41.386  5.263  55.485 0.1000000015
55460  40.975  4.787  55.806 0.1000000015
54649  39.501  4.289  56.198 0.1000000015
57679  47.763  8.106  54.450 0.3000000119
58508  46.398  9.178  54.737 0.2000000030
59282  46.066  9.495  55.027 0.2000000030
58493  45.467  9.042  55.326 0.1000000015
57666  44.425  7.777  55.307 0.1000000015
93612  43.820  7.484  55.076 0.1000000015
57668  42.785  6.911  54.857 0.1000000015
56912  41.411  5.912  54.959 0.1000000015
56913  40.382  6.010  54.792 0.1000000015
56194  39.828  5.424  55.199 0.1000000015
55462  39.382  4.913  55.584 0.2000000030
59293  45.785  9.260  54.677 0.2000000030
59275  45.052  9.307  54.956 0.2000000030
58509  44.375  9.024  54.589 0.2000000030
57681  43.174  8.541  54.427 0.2000000030
57682  42.450  7.791  54.439 0.2000000030
57683  41.483  7.584  54.243 0.1000000015
56923  39.962  6.775  54.427 0.1000000015
56915  38.505  6.211  54.926 0.2000000030
91197  38.017  5.565  55.398 0.2000000030
58511  42.556  8.659  54.144 0.2000000030
58512  41.106  8.419  53.800 0.2000000030
57684  40.513  7.560  54.134 0.1000000015
56924  39.008  6.870  54.541 0.1000000015
57686  38.633  7.656  54.466 0.2000000030
58513  40.087  8.365  53.868 0.1000000015
58514  39.249  8.486  54.062 0.2000000030
57687  37.862  7.928  54.732 0.2000000030
60008  39.980  10.411  52.885 0.2000000030
59300  38.988  9.759  53.741 0.3000000119
59286  38.795  9.186  54.048 0.3000000119
62106  40.937  13.231  51.730 0.3000000119
61415  40.261  12.779  52.068 0.4000000060
60017  39.800  11.091  52.538 0.3000000119
94035  39.228  10.948  53.068 0.4000000060
60010  38.768  10.458  53.641 0.4000000060
63524  45.605  15.566  52.224 0.6000000238
63525  44.737  15.516  52.287 0.5000000000
63526  43.816  15.338  52.261 0.4000000060
89840  42.860  14.338  51.569 0.3000000119
62816  42.046  14.179  51.742 0.3000000119
62099  41.257  13.972  52.048 0.3000000119
56109  43.214  5.519  64.361 0.1000000015
56119  42.009  5.034  63.922 0.1000000015
55367  43.543  4.841  64.204 0.1000000015
55373  43.019  4.205  63.810 0.1000000015
55374  42.236  4.352  63.651 0.1000000015
56120  41.170  5.138  63.984 0.1000000015
56121  40.415  5.247  64.070 0.1000000015
53785  42.598  2.709  63.458 0.1000000015
53786  41.839  2.920  63.215 0.1000000015
54558  41.644  3.747  63.342 0.1000000015
55376  40.440  4.593  63.582 0.1000000015
56122  39.584  5.072  63.888 0.1000000015
52221  43.711  0.347  62.461 0.1000000015
53028  43.152  0.929  63.017 0.1000000015
53792  42.063  2.034  63.026 0.1000000015
53793  41.311  2.289  62.717 0.1000000015
54566  41.072  3.119  62.950 0.1000000015
54560  39.980  3.912  63.079 0.1000000015
55386  39.156  3.923  63.023 0.1000000015
52231  44.531  0.138  61.720 0.1000000015
52222  42.896  0.539  62.177 0.1000000015
53040  42.112  0.772  61.839 0.1000000015
53030  41.624  1.460  62.350 0.1000000015
53794  40.545  2.501  62.461 0.1000000015
54568  39.469  3.333  62.617 0.1000000015
56857  53.323  6.820  62.646 0.2000000030
52242  45.121  0.486  60.902 0.1000000015
52232  43.569  0.303  61.496 0.1000000015
53041  41.257  1.067  61.404 0.2000000030
53802  40.094  1.999  61.812 0.2000000030
53795  39.767  2.661  62.252 0.1000000015
56870  50.865  6.500  60.552 0.2000000030
100737  50.789  5.975  60.602 0.2000000030
86960  45.550  1.078  60.366 0.1000000015
53054  44.407  0.995  60.013 0.1000000015
96083  43.809  0.746  60.196 0.2000000030
53042  40.490  1.485  61.379 0.2000000030
54579  38.975  2.794  62.061 0.1000000015
59212  54.407  10.329  62.123 0.2000000030
57622  51.076  7.359  60.498 0.2000000030
56874  50.355  6.818  60.063 0.2000000030
56871  50.348  6.051  60.286 0.2000000030
53062  45.944  1.692  59.875 0.1000000015
53821  45.539  2.183  59.411 0.1000000015
92693  43.383  1.365  59.417 0.2000000030
53065  42.688  1.249  59.436 0.2000000030
53058  40.625  1.207  60.582 0.2000000030
53043  39.763  1.615  60.856 0.2000000030
53814  38.993  1.979  60.817 0.2000000030
58443  51.185  8.204  60.120 0.2000000030
57628  50.534  7.626  59.751 0.2000000030
56875  49.651  6.220  59.724 0.2000000030
56152  49.120  5.455  59.664 0.1000000015
55416  48.476  4.754  59.604 0.1000000015
55417  47.612  4.384  59.336 0.1000000015
54612  46.068  3.714  58.812 0.1000000015
54613  45.184  3.311  58.629 0.1000000015
53835  45.199  2.585  58.991 0.1000000015
53824  43.158  1.812  58.927 0.2000000030
53073  42.289  1.719  58.861 0.2000000030
53826  40.559  1.707  59.001 0.2000000030
53827  39.100  1.783  59.933 0.2000000030
57636  50.117  7.835  59.004 0.2000000030
56876  48.947  6.047  59.356 0.1000000015
55426  47.111  4.802  58.837 0.1000000015
55427  46.343  4.504  58.599 0.1000000015
53838  42.816  2.436  58.444 0.2000000030
53839  41.837  2.348  58.331 0.2000000030
91830  41.050  2.100  58.496 0.2000000030
85367  39.621  1.972  59.004 0.2000000030
89874  50.757  9.184  58.510 0.2000000030
58458  50.289  8.583  58.429 0.2000000030
53850  40.392  2.845  57.761 0.2000000030
53842  38.811  2.456  58.626 0.2000000030
59243  55.776  10.997  57.478 0.2000000030
59974  55.499  11.248  57.773 0.2000000030
59975  54.720  11.298  57.692 0.2000000030
59976  53.743  10.957  57.670 0.2000000030
59989  52.963  10.389  57.301 0.2000000030
59257  52.024  9.859  56.814 0.2000000030
58459  49.784  8.801  57.749 0.2000000030
57648  48.463  8.107  57.221 0.1000000015
54634  39.257  3.490  57.012 0.2000000030
88784  38.656  3.242  57.445 0.2000000030
59986  56.054  10.874  56.714 0.3000000119
59987  55.256  11.053  57.005 0.3000000119
59988  54.096  10.670  57.089 0.3000000119
59256  53.312  9.869  56.609 0.3000000119
59268  51.440  9.305  56.160 0.3000000119
58488  51.018  8.784  55.648 0.3000000119
58505  50.263  8.729  55.433 0.3000000119
98931  50.261  7.954  54.917 0.3000000119
58476  47.799  9.586  56.257 0.1000000015
54635  38.125  3.581  57.080 0.2000000030
102550  48.692  8.676  55.040 0.3000000119
59260  48.196  9.858  56.153 0.1000000015
55456  36.976  4.671  56.523 0.2000000030
58490  48.518  9.439  55.523 0.3000000119
59272  47.194  9.547  55.596 0.2000000030
59262  46.915  9.445  55.755 0.1000000015
58477  47.262  9.282  56.207 0.1000000015
56916  37.630  6.427  55.208 0.2000000030
56195  37.168  5.833  55.690 0.2000000030
57670  37.284  7.384  55.225 0.2000000030
57671  36.701  7.369  55.754 0.2000000030
89755  38.119  9.246  54.396 0.3000000119
89911  37.249  8.312  55.192 0.2000000030
59287  38.265  9.973  54.134 0.3000000119
59288  37.483  9.785  54.793 0.3000000119
58496  37.115  9.134  55.325 0.3000000119
62100  40.481  13.640  52.388 0.3000000119
62101  39.753  13.183  52.693 0.4000000060
61413  38.542  12.217  53.614 0.3000000119
60681  38.497  11.337  53.649 0.4000000060
60003  37.698  10.677  54.531 0.3000000119
59996  37.199  10.711  55.288 0.3000000119
64344  46.096  16.082  52.773 0.6999999881
64345  45.146  16.100  52.894 0.6000000238
100399  44.614  16.263  53.247 0.5000000000
63527  42.944  15.305  52.567 0.4000000060
63528  42.167  15.174  52.789 0.4000000060
62808  41.510  15.013  52.997 0.3000000119
62803  40.327  14.713  53.720 0.4000000060
62804  39.546  14.280  53.935 0.4000000060
64336  46.626  16.450  53.378 0.6999999881
56829  42.897  6.776  65.184 0.1000000015
56830  41.904  6.859  65.378 0.1000000015
56840  42.142  6.380  64.875 0.1000000015
56841  41.327  6.386  64.885 0.1000000015
88686  44.521  4.045  64.443 0.1000000015
101039  42.531  5.448  64.252 0.1000000015
56110  41.825  5.738  64.413 0.1000000015
56111  40.855  5.759  64.454 0.1000000015
56842  40.429  6.363  64.889 0.1000000015
53775  53.896  2.696  64.856 0.1000000015
53777  44.659  2.498  64.464 0.1000000015
54555  43.701  3.145  63.997 0.1000000015
54556  43.160  3.386  63.751 0.1000000015
56112  39.998  5.742  64.452 0.1000000015
54552  53.706  3.873  64.095 0.1000000015
53017  44.308  1.408  64.077 0.1000000015
53018  43.556  1.590  63.617 0.1000000015
53784  43.307  2.519  63.704 0.1000000015
52220  44.486  0.119  62.778 0.1000000015
52211  43.907  0.697  63.338 0.1000000015
55378  38.874  4.528  63.461 0.1000000015
56864  51.991  6.601  61.459 0.2000000030
52218  46.066  -0.063  62.024 0.1000000015
52230  45.488  0.202  61.557 0.1000000015
56130  53.369  5.972  62.860 0.2000000030
56146  51.306  5.997  60.972 0.2000000030
56140  51.373  5.125  61.282 0.2000000030
55398  50.726  4.401  61.146 0.2000000030
53050  48.106  1.629  61.108 0.1000000015
53038  47.407  1.108  61.225 0.1000000015
52241  45.986  0.683  60.963 0.1000000015
54570  37.753  3.480  62.396 0.1000000015
57613  52.770  7.353  62.075 0.2000000030
56869  51.411  6.787  60.924 0.2000000030
56147  50.637  5.369  60.675 0.2000000030
55407  49.993  4.678  60.527 0.2000000030
54591  49.283  3.595  60.582 0.2000000030
53810  49.033  2.846  60.836 0.2000000030
53811  48.195  2.448  60.583 0.2000000030
53813  46.773  1.918  60.120 0.1000000015
53039  46.759  1.214  60.785 0.1000000015
54580  38.148  2.890  61.892 0.1000000015
101237  51.568  8.061  60.764 0.2000000030
93734  49.480  4.211  60.413 0.2000000030
54592  48.557  3.328  60.307 0.1000000015
53812  47.466  2.411  60.216 0.1000000015
53804  38.574  2.403  61.330 0.2000000030
54581  37.303  3.047  61.681 0.1000000015
58433  54.015  9.858  62.496 0.2000000030
58424  53.268  8.346  62.378 0.2000000030
58442  51.830  8.753  60.590 0.2000000030
55408  49.312  4.757  60.043 0.2000000030
55409  48.881  4.083  60.100 0.2000000030
54599  48.132  3.862  59.774 0.1000000015
54600  47.346  3.583  59.529 0.1000000015
53820  46.301  2.448  59.562 0.1000000015
53815  38.322  2.218  60.424 0.2000000030
53805  37.790  2.583  61.096 0.1000000015
59943  54.503  11.500  60.530 0.2000000030
58450  51.554  9.038  59.810 0.2000000030
58451  50.803  8.524  59.241 0.2000000030
53828  38.372  2.255  59.514 0.2000000030
53816  37.571  2.488  60.321 0.2000000030
59965  55.471  11.269  58.145 0.2000000030
59225  51.988  9.973  59.603 0.2000000030
59234  51.773  10.305  58.787 0.2000000030
60655  55.279  11.479  58.439 0.2000000030
59977  52.872  10.873  58.021 0.2000000030
59235  50.949  10.004  58.160 0.2000000030
59244  50.420  10.022  57.490 0.2000000030
59236  50.340  9.458  57.869 0.2000000030
54620  37.391  3.053  58.381 0.2000000030
59990  51.892  10.342  57.419 0.2000000030
59269  50.340  9.623  56.137 0.3000000119
59258  50.962  10.001  56.699 0.3000000119
59980  50.231  10.156  57.119 0.2000000030
59245  49.740  9.877  57.204 0.2000000030
58469  48.379  9.389  56.571 0.1000000015
54636  37.301  3.471  57.701 0.2000000030
59259  49.468  9.946  56.424 0.3000000119
59246  49.010  9.860  56.568 0.1000000015
55457  36.307  5.057  56.795 0.2000000030
55442  37.187  4.043  57.024 0.2000000030
59271  47.912  9.856  55.912 0.3000000119
96535  36.242  5.727  56.613 0.2000000030
56906  36.371  6.997  56.223 0.3000000119
56196  36.508  6.166  56.156 0.2000000030
58497  36.789  8.014  55.669 0.2000000030
96867  36.425  7.800  56.274 0.2000000030
58480  36.694  9.263  56.084 0.3000000119
58481  36.547  8.549  56.249 0.3000000119
59992  36.898  10.789  56.238 0.3000000119
62092  38.904  13.791  54.217 0.4000000060
61405  37.867  12.855  54.984 0.3000000119
61410  37.741  12.108  54.586 0.3000000119
64337  45.749  16.519  53.459 0.6000000238
64338  44.082  16.398  53.598 0.5000000000
64339  43.131  16.288  53.807 0.4000000060
63514  41.830  15.492  53.485 0.3000000119
62802  41.071  15.163  53.587 0.2000000030
62799  39.189  14.384  54.779 0.3000000119
62800  38.650  13.919  54.915 0.4000000060
95891  41.693  7.281  65.865 0.1000000015
56831  40.836  7.003  65.529 0.1000000015
56832  40.009  6.754  65.303 0.1000000015
86258  54.181  3.447  64.659 0.1000000015
52184  46.000  0.914  65.210 0.1000000015
53008  45.456  1.403  64.843 0.1000000015
53009  44.945  1.733  64.552 0.1000000015
56843  39.596  6.355  64.887 0.1000000015
55372  53.271  4.277  63.383 0.1000000015
52198  46.248  0.020  64.920 0.2000000030
51380  46.014  -0.224  64.157 0.2000000030
52210  44.618  0.399  63.656 0.1000000015
56123  38.587  5.195  63.925 0.1000000015
101823  53.096  5.315  62.733 0.1000000015
51396  46.388  -0.323  62.772 0.2000000030
51390  45.167  -0.131  63.118 0.1000000015
91406  46.912  0.019  62.205 0.1000000015
52219  45.235  -0.101  62.286 0.1000000015
55379  37.976  4.631  63.471 0.1000000015
56139  51.997  5.719  61.628 0.2000000030
55396  52.025  4.920  61.886 0.2000000030
55397  51.447  4.465  61.628 0.2000000030
54576  51.191  3.792  61.768 0.2000000030
53801  48.802  2.087  61.182 0.2000000030
53037  48.037  0.942  61.656 0.2000000030
55388  37.363  4.117  62.915 0.1000000015
53799  50.210  2.772  61.657 0.2000000030
53800  49.521  2.447  61.411 0.2000000030
53036  49.254  1.685  61.742 0.2000000030
58434  52.614  8.201  61.795 0.2000000030
54582  36.477  3.319  61.419 0.1000000015
59944  54.229  11.408  60.977 0.2000000030
84756  53.164  9.289  62.015 0.2000000030
91751  36.883  2.743  59.966 0.2000000030
54595  36.138  3.291  60.457 0.2000000030
59955  54.857  11.508  59.697 0.2000000030
59956  52.523  10.785  59.417 0.2000000030
59967  51.528  10.410  58.150 0.2000000030
60656  55.006  11.770  59.028 0.2000000030
60666  54.991  11.632  58.403 0.2000000030
60657  54.414  11.883  58.985 0.2000000030
60667  54.071  11.446  58.267 0.2000000030
59979  50.910  10.199  57.586 0.2000000030
54604  36.270  3.259  59.432 0.2000000030
55419  35.068  4.463  59.587 0.2000000030
59991  50.933  10.246  57.208 0.2000000030
92013  50.165  10.130  56.762 0.2000000030
54621  36.534  3.451  58.433 0.2000000030
102468  51.366  10.186  57.037 0.2000000030
55443  35.869  4.740  57.534 0.2000000030
56175  35.365  5.583  57.889 0.2000000030
56165  34.919  5.754  58.681 0.2000000030
57661  36.111  7.482  56.945 0.3000000119
56896  35.568  6.268  57.535 0.2000000030
58471  36.195  8.016  57.727 0.3000000119
95563  36.605  8.749  57.846 0.3000000119
85015  36.793  9.964  56.786 0.3000000119
62090  37.696  13.003  55.877 0.3000000119
60675  37.145  11.535  55.790 0.3000000119
60673  37.166  11.486  56.742 0.3000000119
65069  46.017  17.243  54.777 0.6999999881
64325  44.544  16.842  54.312 0.6000000238
64326  43.651  16.703  54.418 0.5000000000
64327  42.788  16.512  54.626 0.4000000060
64328  41.962  16.250  54.880 0.3000000119
102440  40.917  15.618  54.778 0.4000000060
62798  39.926  14.872  54.583 0.3000000119
62792  39.434  14.714  56.284 0.4000000060
62089  38.231  13.546  55.402 0.3000000119
101993  39.954  7.131  65.704 0.1000000015
55384  52.721  4.716  62.625 0.2000000030
52196  50.596  -0.123  64.584 0.1000000015
51376  49.052  -0.701  65.095 0.1000000015
51377  48.217  -0.622  64.937 0.1000000015
51379  46.743  -0.412  64.402 0.1000000015
56863  52.673  6.304  62.114 0.2000000030
56138  52.626  5.478  62.278 0.2000000030
54563  52.478  3.819  62.818 0.1000000015
51385  48.880  -0.513  64.244 0.1000000015
51387  47.312  -0.514  63.826 0.1000000015
51388  46.576  -0.432  63.570 0.2000000030
56124  37.691  5.311  63.921 0.1000000015
51394  47.926  -0.294  63.236 0.2000000030
51395  47.161  -0.355  62.965 0.2000000030
55385  51.907  4.157  62.178 0.2000000030
54564  51.661  3.285  62.472 0.2000000030
53789  51.132  2.515  62.565 0.2000000030
53025  50.551  1.763  62.683 0.2000000030
53027  48.753  0.869  62.169 0.2000000030
52227  47.819  0.232  62.377 0.2000000030
53790  50.558  2.434  62.164 0.2000000030
53791  50.004  2.043  61.960 0.2000000030
53026  49.661  1.288  62.418 0.2000000030
54571  36.840  3.647  62.227 0.1000000015
55399  35.995  3.887  61.920 0.1000000015
59213  53.795  10.276  62.047 0.2000000030
55390  35.469  4.485  62.202 0.1000000015
60648  54.469  11.903  59.791 0.2000000030
59945  53.655  11.313  60.725 0.2000000030
59216  53.154  10.284  61.265 0.2000000030
58441  52.476  9.292  61.145 0.2000000030
59224  52.740  10.603  60.262 0.2000000030
55410  35.291  4.055  60.556 0.1000000015
54583  35.778  3.667  61.188 0.1000000015
60649  53.773  11.787  60.030 0.2000000030
91542  53.152  11.321  59.993 0.2000000030
55411  34.707  4.761  60.427 0.2000000030
91356  53.889  11.870  59.439 0.2000000030
88354  53.211  11.451  59.397 0.2000000030
60658  53.481  11.504  58.808 0.2000000030
59966  52.460  10.832  58.614 0.2000000030
59978  51.703  10.487  57.833 0.2000000030
55431  35.274  4.765  58.524 0.2000000030
56156  34.625  5.137  59.816 0.2000000030
56872  34.375  6.383  60.373 0.2000000030
56886  35.279  6.462  58.220 0.2000000030
56877  34.899  6.646  58.989 0.2000000030
57640  35.407  7.296  58.608 0.2000000030
84924  36.278  8.470  58.902 0.3000000119
58460  35.928  7.936  58.399 0.3000000119
91351  36.397  8.425  58.341 0.3000000119
59237  37.308  9.287  58.647 0.3000000119
98946  36.917  9.096  58.302 0.3000000119
65061  45.294  17.671  55.933 0.5000000000
65050  43.878  17.435  56.371 0.4000000060
64302  43.068  17.068  56.142 0.4000000060
64303  42.253  16.645  56.366 0.4000000060
94178  37.710  12.095  57.323 0.3000000119
60669  37.468  11.050  57.602 0.3000000119
59982  37.253  10.168  57.723 0.3000000119
65070  45.087  17.301  55.042 0.6000000238
64312  44.112  17.110  55.050 0.4000000060
64314  42.495  16.652  55.484 0.4000000060
64315  41.736  16.304  55.735 0.4000000060
63492  41.070  15.872  55.959 0.4000000060
62791  40.009  15.091  56.761 0.4000000060
62085  38.945  14.208  56.573 0.4000000060
61398  38.273  12.996  57.389 0.3000000119
53005  53.598  1.887  65.110 0.1000000015
53006  52.635  1.462  64.628 0.1000000015
53780  53.377  3.071  64.145 0.1000000015
53776  53.007  2.274  64.324 0.1000000015
53781  52.572  2.717  63.606 0.1000000015
53014  52.021  1.876  63.761 0.1000000015
53007  51.747  0.998  64.285 0.1000000015
52197  49.737  -0.363  64.398 0.1000000015
54553  52.950  3.466  63.478 0.1000000015
53015  51.025  1.190  63.549 0.1000000015
52205  51.038  0.532  64.189 0.1000000015
52207  49.512  0.032  63.626 0.1000000015
52208  48.696  -0.196  63.452 0.1000000015
54554  52.294  3.160  63.059 0.1000000015
53782  51.820  2.585  63.079 0.1000000015
52216  49.221  0.469  62.900 0.1000000015
53024  51.299  2.000  63.123 0.1000000015
89062  34.374  7.118  60.377 0.1000000015
57623  34.237  7.603  60.697 0.1000000015
88081  34.613  6.893  59.761 0.2000000030
58444  34.858  8.672  60.070 0.2000000030
57630  35.024  7.475  59.318 0.2000000030
59219  35.231  9.473  60.140 0.2000000030
58453  35.146  8.154  59.581 0.2000000030
58452  35.734  8.752  59.526 0.3000000119
59961  37.205  9.508  59.537 0.2000000030
59229  36.710  8.980  59.220 0.2000000030
65049  44.675  17.689  56.530 0.4000000060
96333  43.386  17.224  57.038 0.4000000060
102052  42.735  16.871  56.915 0.4000000060
64304  41.566  16.204  56.573 0.4000000060
60668  38.105  11.270  58.074 0.3000000119
59227  38.181  9.541  58.962 0.3000000119
63488  40.662  15.454  57.084 0.4000000060
62786  40.309  14.887  57.531 0.4000000060
62077  39.466  13.816  57.806 0.4000000060
93123  39.479  11.696  58.515 0.4000000060
62035  33.776  13.665  63.547 0.2000000030
61374  33.650  12.167  61.945 0.2000000030
59941  34.155  10.772  61.000 0.2000000030
59220  34.459  9.308  60.574 0.2000000030
57631  34.602  7.778  60.051 0.2000000030
62034  34.501  13.787  63.260 0.2000000030
61357  34.215  12.808  61.985 0.2000000030
60634  34.445  11.645  61.080 0.2000000030
59953  34.687  10.161  60.563 0.2000000030
62049  34.783  13.467  62.499 0.2000000030
89282  34.786  12.409  61.342 0.3000000119
60644  35.874  11.163  60.441 0.2000000030
59218  36.187  9.524  59.814 0.2000000030
59951  36.575  10.243  60.114 0.2000000030
59960  38.131  9.602  59.308 0.2000000030
102190  44.837  17.830  57.248 0.4000000060
65025  43.753  17.157  57.855 0.3000000119
64292  42.673  16.255  58.225 0.4000000060
63481  41.891  15.738  58.187 0.4000000060
60661  39.029  10.737  58.576 0.3000000119
85492  39.116  9.826  58.965 0.3000000119
59959  38.994  9.761  59.245 0.2000000030
62779  40.749  14.573  58.260 0.4000000060
62076  40.659  13.525  58.664 0.4000000060
61391  40.182  12.339  58.682 0.4000000060
96233  40.185  11.181  58.787 0.4000000060
62062  35.180  13.108  61.763 0.3000000119
61373  35.682  12.587  61.201 0.3000000119
61382  37.137  11.977  60.682 0.3000000119
61383  36.211  11.991  60.681 0.2000000030
60642  37.892  11.115  60.348 0.2000000030
59949  38.600  10.051  59.772 0.2000000030
65024  44.596  17.557  58.017 0.3000000119
64296  43.006  16.770  57.653 0.3000000119
60660  39.855  10.680  58.763 0.4000000060
59968  39.880  10.026  58.963 0.3000000119
59948  39.494  9.986  59.699 0.3000000119
63480  42.599  15.683  58.696 0.3000000119
60659  40.425  10.365  59.091 0.3000000119
59947  40.287  10.004  59.727 0.3000000119
55383  53.619  5.194  63.366 0.1000000015
57618  51.889  7.544  61.257 0.2000000030
58435  52.197  8.509  61.273 0.2000000030
59217  52.273  9.629  60.435 0.2000000030
58423  54.064  9.032  62.848 0.2000000030
89583  47.748  14.424  50.412 0.6000000238
61466  52.155  12.024  42.797 0.4000000060
58557  54.286  8.857  49.540 0.3000000119
57736  50.773  7.578  49.072 0.3000000119
58568  53.427  8.514  48.563 0.3000000119
58578  52.151  8.449  47.405 0.3000000119
59324  57.514  9.481  49.888 0.3000000119
58593  50.923  8.659  46.837 0.3000000119
60726  57.359  11.619  46.278 0.3000000119
60754  57.493  11.869  43.603 0.4000000060
57715  50.021  6.990  50.309 0.3000000119
57737  49.783  7.611  48.928 0.3000000119
60037  56.942  11.132  49.573 0.3000000119
59325  55.552  10.042  49.568 0.3000000119
100779  57.364  10.769  50.145 0.3000000119
88088  56.239  10.815  48.337 0.3000000119
60700  57.195  11.217  48.235 0.3000000119
60052  56.887  11.385  47.905 0.3000000119
99694  55.341  10.268  47.192 0.3000000119
59343  48.455  9.658  47.291 0.2000000030
60054  54.879  10.072  46.590 0.3000000119
59352  53.083  9.168  46.249 0.3000000119
59367  54.407  10.039  45.891 0.3000000119
59369  52.584  9.525  45.548 0.3000000119
100372  50.991  9.556  45.549 0.3000000119
60069  55.737  11.160  45.908 0.3000000119
60070  54.872  10.630  45.486 0.3000000119
60081  53.561  10.537  44.491 0.4000000060
57713  52.452  7.704  50.844 0.3000000119
60055  48.471  10.471  46.783 0.4000000060
60717  48.387  11.922  46.563 0.5000000000
60716  49.025  10.999  45.889 0.4000000060
60745  52.237  10.985  43.778 0.4000000060
60083  51.663  10.595  44.317 0.4000000060
60730  50.064  10.917  44.984 0.4000000060
60731  49.357  11.311  45.465 0.4000000060
60757  53.637  11.466  43.356 0.4000000060
60747  50.197  11.697  44.411 0.4000000060
60758  52.699  11.451  43.295 0.4000000060
88992  51.984  11.475  43.357 0.4000000060
93586  50.801  11.724  43.807 0.4000000060
61457  49.721  12.445  44.536 0.5000000000
61448  49.244  12.633  45.198 0.6000000238
57717  47.742  7.131  50.239 0.3000000119
57730  47.096  7.685  49.827 0.2000000030
60048  46.863  10.707  48.384 0.3000000119
60701  47.155  11.520  48.125 0.5000000000
61438  48.322  12.708  46.826 0.6000000238
62134  48.878  13.168  45.859 0.6000000238
57634  55.026  7.137  58.641 0.2000000030
57718  46.995  7.090  50.561 0.3000000119
56942  46.894  6.763  51.280 0.3000000119
94249  44.983  10.069  49.702 0.2000000030
61430  46.410  12.307  49.093 0.5000000000
62121  47.431  13.130  48.537 0.5000000000
85905  46.213  7.017  51.718 0.2000000030
57701  45.463  7.429  52.195 0.2000000030
58542  44.206  8.241  51.162 0.2000000030
58554  43.885  8.860  50.654 0.2000000030
60041  44.852  10.837  49.644 0.3000000119
59321  43.318  9.122  50.855 0.2000000030
62118  45.667  13.130  49.888 0.5000000000
62122  46.889  13.033  49.064 0.5000000000
61423  45.034  12.921  50.002 0.4000000060
61431  45.597  12.384  49.582 0.5000000000
62109  46.160  13.628  50.161 0.5000000000
57692  49.435  6.986  53.724 0.3000000119
57696  45.601  7.706  53.147 0.2000000030
59305  42.594  9.097  52.307 0.2000000030
60031  44.165  10.446  49.938 0.2000000030
95438  43.433  11.854  50.228 0.3000000119
60032  43.326  10.505  50.316 0.2000000030
59322  42.811  9.757  50.780 0.2000000030
62812  46.629  14.630  51.112 0.6999999881
62820  45.010  14.128  50.790 0.5000000000
61426  42.789  12.157  50.498 0.3000000119
91328  41.017  9.677  53.064 0.2000000030
60693  42.354  11.403  50.614 0.3000000119
60694  41.697  11.464  50.945 0.2000000030
102266  48.175  7.361  53.963 0.3000000119
58522  45.912  8.546  54.066 0.2000000030
59296  43.881  9.185  53.830 0.2000000030
59285  43.849  9.181  54.177 0.2000000030
58510  43.714  8.973  54.393 0.2000000030
102345  43.332  9.212  53.826 0.2000000030
86912  41.943  8.302  54.059 0.2000000030
62813  45.346  14.608  51.240 0.5000000000
62111  44.615  13.460  50.438 0.4000000060
60009  39.513  10.068  53.387 0.4000000060
58528  39.659  9.213  53.703 0.2000000030
63540  44.407  15.060  51.785 0.5000000000
62821  44.179  14.019  50.890 0.4000000060
61419  41.514  12.202  51.108 0.3000000119
60683  40.203  11.704  52.006 0.4000000060
61420  40.850  12.405  51.551 0.3000000119
60684  39.465  11.737  52.665 0.4000000060
62806  43.155  14.887  51.982 0.4000000060
91459  41.711  14.603  52.413 0.3000000119
59940  54.008  10.940  61.535 0.2000000030
56883  48.466  6.268  58.853 0.1000000015
56154  47.815  5.144  59.116 0.1000000015
57638  48.761  7.019  58.412 0.1000000015
56164  45.836  4.962  58.150 0.1000000015
54631  43.602  3.840  57.727 0.1000000015
54615  43.419  3.215  58.105 0.1000000015
53849  41.098  2.618  57.996 0.2000000030
56171  45.403  5.360  57.534 0.1000000015
56172  44.591  5.097  57.265 0.1000000015
55439  43.333  4.253  57.317 0.1000000015
55440  42.527  4.071  57.117 0.1000000015
55441  41.693  3.887  56.944 0.1000000015
54633  40.258  3.379  57.208 0.2000000030
57649  47.683  7.531  57.055 0.1000000015
57650  46.905  7.128  56.893 0.1000000015
56902  46.130  6.796  56.682 0.1000000015
56182  44.159  5.519  56.572 0.1000000015
54648  40.084  3.803  56.656 0.1000000015
57659  45.658  7.389  56.099 0.1000000015
56904  44.526  6.231  56.152 0.1000000015
56184  42.543  5.022  56.083 0.1000000015
55461  40.148  4.810  55.679 0.1000000015
58478  46.601  8.872  56.063 0.1000000015
58492  46.214  9.205  55.504 0.1000000015
57665  45.186  8.086  55.568 0.1000000015
56910  44.024  6.769  55.468 0.1000000015
92582  43.426  6.989  55.079 0.1000000015
56191  42.071  5.452  55.510 0.1000000015
56193  40.691  5.358  55.296 0.1000000015
56911  42.386  6.146  55.121 0.1000000015
98407  38.630  4.053  56.476 0.2000000030
97879  38.517  4.739  55.815 0.2000000030
91903  47.234  9.165  54.945 0.3000000119
59281  46.637  9.435  55.171 0.2000000030
59274  45.797  9.417  55.111 0.2000000030
59273  46.491  9.404  55.299 0.2000000030
58494  44.704  8.851  55.116 0.1000000015
57667  43.275  7.661  54.752 0.2000000030
58495  43.935  8.389  54.800 0.2000000030
56921  41.922  6.796  54.626 0.1000000015
56922  40.951  6.727  54.470 0.1000000015
56914  39.434  6.091  54.797 0.1000000015
55463  38.939  5.459  55.241 0.1000000015
56186  37.500  5.021  55.934 0.2000000030
59283  45.430  9.359  54.886 0.2000000030
57669  38.103  7.045  54.748 0.2000000030
57685  39.489  7.655  54.219 0.2000000030
58515  38.469  8.483  54.383 0.3000000119
58516  37.680  8.807  54.753 0.3000000119
61416  39.730  12.399  52.462 0.4000000060
60680  38.919  11.747  53.146 0.3000000119
60002  38.201  10.757  54.019 0.4000000060
63511  44.312  15.933  52.872 0.5000000000
63512  43.480  15.864  53.057 0.4000000060
62807  42.474  14.746  52.164 0.3000000119
62809  40.867  14.498  52.846 0.3000000119
55368  42.785  4.916  64.001 0.1000000015
98348  42.705  6.044  64.590 0.1000000015
55375  41.402  4.476  63.579 0.1000000015
54550  43.796  3.976  64.139 0.1000000015
54557  42.429  3.579  63.530 0.1000000015
53019  42.808  1.779  63.325 0.1000000015
54559  40.818  3.874  63.191 0.1000000015
55377  39.618  4.402  63.408 0.1000000015
53029  42.412  1.206  62.665 0.1000000015
54567  40.283  3.255  62.744 0.1000000015
53031  40.846  1.747  62.086 0.1000000015
54569  38.634  3.396  62.511 0.1000000015
53053  44.893  0.859  60.328 0.1000000015
52243  44.243  0.492  60.729 0.1000000015
52233  42.756  0.435  61.282 0.2000000030
52234  42.045  0.602  60.925 0.2000000030
53052  46.212  1.319  60.408 0.1000000015
53063  45.102  1.460  59.796 0.1000000015
53064  43.875  1.177  59.693 0.1000000015
53055  43.161  0.802  59.953 0.2000000030
52245  42.711  0.548  60.573 0.2000000030
53056  42.287  0.774  60.099 0.2000000030
53803  39.337  2.205  61.555 0.2000000030
56148  49.833  5.425  60.155 0.2000000030
96048  44.450  1.499  59.567 0.1000000015
53822  44.819  2.014  59.256 0.1000000015
53823  44.005  1.838  59.149 0.2000000030
53066  41.829  1.188  59.524 0.2000000030
53067  40.961  1.269  59.671 0.2000000030
53068  40.064  1.475  59.813 0.2000000030
57629  49.852  7.087  59.432 0.2000000030
55418  46.833  4.067  59.092 0.1000000015
54601  46.571  3.275  59.311 0.1000000015
54602  45.821  2.923  59.095 0.1000000015
53836  44.556  2.560  58.780 0.1000000015
53837  43.717  2.505  58.596 0.1000000015
53825  41.407  1.648  58.921 0.2000000030
100213  38.969  2.095  59.264 0.2000000030
54614  44.285  3.229  58.377 0.1000000015
53840  40.389  2.276  58.375 0.2000000030
59226  51.319  9.466  58.985 0.2000000030
53851  39.733  3.039  57.579 0.2000000030
53841  39.658  2.546  58.158 0.2000000030
54619  38.172  3.012  57.950 0.2000000030
53843  37.889  2.625  58.835 0.2000000030
58468  49.078  9.155  57.149 0.1000000015
58489  49.400  9.559  55.774 0.3000000119
58507  48.110  8.847  55.015 0.3000000119
59261  47.546  9.740  55.986 0.1000000015
88415  37.805  4.317  56.433 0.2000000030
92815  36.539  4.478  57.066 0.2000000030
56187  36.757  5.381  56.244 0.2000000030
58491  47.749  9.512  55.476 0.3000000119
56917  36.886  6.680  55.645 0.2000000030
96801  36.841  8.661  55.662 0.2000000030
59276  36.915  9.964  55.700 0.3000000119
62095  39.995  14.016  53.121 0.4000000060
62096  39.298  13.506  53.440 0.4000000060
95518  38.122  11.941  54.035 0.4000000060
61409  38.194  12.596  54.248 0.4000000060
62097  38.673  13.042  53.807 0.3000000119
61412  39.140  12.564  53.058 0.4000000060
60677  37.909  11.384  54.265 0.4000000060
60678  37.448  11.457  54.924 0.3000000119
89595  44.923  16.527  53.613 0.6000000238
63513  42.634  15.725  53.286 0.4000000060
54549  44.290  3.297  64.310 0.1000000015
53783  43.954  2.423  64.057 0.1000000015
52228  47.375  0.537  61.765 0.1000000015
52229  46.652  0.518  61.478 0.1000000015
55387  38.298  3.998  62.980 0.1000000015
54590  49.953  3.926  60.842 0.2000000030
54577  50.452  3.517  61.412 0.2000000030
53051  47.470  1.778  60.637 0.1000000015
54578  49.748  3.186  61.120 0.2000000030
54593  47.807  3.075  60.005 0.1000000015
53819  47.062  2.781  59.758 0.1000000015
54594  36.960  2.769  60.847 0.2000000030
60637  54.188  11.709  60.468 0.2000000030
53829  37.612  2.511  59.614 0.2000000030
54603  37.069  2.862  59.094 0.2000000030
98766  49.671  10.039  56.798 0.2000000030
54637  36.491  3.987  57.596 0.2000000030
59270  48.679  9.952  56.110 0.2000000030
56174  35.821  5.619  57.155 0.2000000030
56895  35.980  6.491  56.865 0.3000000119
59248  36.564  9.086  56.953 0.3000000119
97233  36.322  8.321  56.991 0.3000000119
62093  38.394  13.316  54.583 0.4000000060
61406  37.464  12.248  55.382 0.3000000119
64324  45.434  16.900  54.205 0.6999999881
63500  42.272  16.056  54.044 0.4000000060
63501  41.409  15.701  54.317 0.4000000060
63502  40.658  15.291  54.366 0.3000000119
62796  39.595  14.841  55.443 0.3000000119
62793  38.849  14.232  55.679 0.3000000119
52199  45.607  0.435  64.619 0.1000000015
52200  44.957  0.838  64.367 0.1000000015
51389  45.848  -0.314  63.366 0.2000000030
52209  45.281  0.039  63.956 0.1000000015
51397  45.741  -0.257  62.685 0.1000000015
54565  50.881  3.040  61.978 0.2000000030
54605  35.609  3.722  59.776 0.2000000030
54622  35.649  3.851  58.932 0.2000000030
55430  35.869  4.082  58.147 0.2000000030
56155  34.788  5.184  59.198 0.2000000030
56878  34.576  5.923  59.568 0.2000000030
57651  35.737  7.159  57.737 0.2000000030
59247  36.944  9.429  57.848 0.3000000119
92551  36.976  10.762  57.031 0.3000000119
61402  37.780  12.877  56.691 0.3000000119
62086  38.283  13.609  56.426 0.3000000119
61403  37.402  12.278  56.322 0.3000000119
64313  43.287  16.922  55.211 0.4000000060
63496  41.239  15.909  55.160 0.4000000060
63497  40.444  15.438  55.322 0.4000000060
63494  39.935  15.189  56.029 0.4000000060
51386  48.069  -0.563  64.066 0.1000000015
51378  47.468  -0.525  64.678 0.1000000015
52217  48.497  0.178  62.802 0.2000000030
55400  35.337  4.210  61.449 0.1000000015
55401  34.844  4.540  61.065 0.1000000015
56149  34.454  5.521  60.404 0.2000000030
58461  35.615  8.012  59.054 0.2000000030
59238  36.832  8.881  58.669 0.3000000119
59969  37.547  9.662  58.429 0.3000000119
65062  44.441  17.462  55.750 0.5000000000
65035  44.148  17.557  57.179 0.3000000119
63486  42.152  16.423  57.350 0.4000000060
59981  38.100  10.215  58.433 0.3000000119
102710  41.026  15.794  56.659 0.4000000060
63493  40.492  15.510  56.312 0.4000000060
62787  39.528  14.454  57.200 0.4000000060
62082  38.875  13.755  57.281 0.4000000060
52206  50.337  0.329  63.883 0.1000000015
53016  50.064  0.839  63.153 0.1000000015
58445  34.220  8.423  60.715 0.2000000030
59228  37.477  9.236  59.032 0.3000000119
63487  41.365  15.856  57.294 0.4000000060
61393  38.546  12.030  58.082 0.3000000119
62785  41.040  15.291  57.816 0.4000000060
62780  40.021  14.221  58.033 0.4000000060
61392  39.155  12.965  58.118 0.4000000060
97978  39.867  13.437  58.293 0.4000000060
61348  33.203  13.059  63.279 0.2000000030
62050  33.924  13.311  62.776 0.2000000030
60635  33.648  11.387  61.604 0.2000000030
61358  33.438  12.571  62.553 0.2000000030
91569  34.003  9.873  61.000 0.2000000030
60645  34.945  11.054  60.587 0.2000000030
59952  35.567  10.292  60.297 0.2000000030
60633  35.282  11.882  60.791 0.2000000030
60643  36.874  11.138  60.372 0.2000000030
59950  37.612  10.136  59.931 0.2000000030
62777  42.260  15.067  58.962 0.4000000060
62778  41.504  14.888  58.555 0.4000000060
102175  41.267  14.148  58.797 0.4000000060
61372  36.628  12.647  61.143 0.3000000119
59958  39.774  9.893  59.296 0.3000000119
59957  40.426  10.085  59.455 0.3000000119
60133  57.393  10.688  38.879 0.2000000030
60125  56.124  10.651  39.577 0.3000000119
59414  54.862  9.948  40.723 0.2000000030
61515  58.202  12.364  38.964 0.4000000060
61503  58.099  12.727  39.362 0.4000000060
60801  58.303  11.716  38.745 0.4000000060
88523  58.702  10.951  38.827 0.4000000060
93039  58.215  11.052  38.622 0.2000000030
60126  54.936  10.983  39.881 0.2000000030
60114  54.389  10.603  40.395 0.2000000030
59415  53.918  10.156  40.858 0.2000000030
90929  53.101  10.248  40.830 0.1000000015
59417  51.840  10.265  40.763 0.1000000015
60117  51.292  10.601  40.630 0.1000000015
64250  40.833  15.811  63.807 0.2000000030
63452  42.241  15.203  65.074 0.2000000030
63453  41.262  15.364  64.882 0.2000000030
62184  57.730  13.572  39.394 0.4000000060
61516  57.825  13.160  38.935 0.4000000060
62173  57.846  12.960  39.914 0.4000000060
98821  57.413  12.939  38.640 0.4000000060
60803  56.532  11.441  39.003 0.3000000119
60113  55.399  10.287  40.224 0.2000000030
60115  53.371  10.741  40.453 0.2000000030
100965  52.814  10.953  40.344 0.1000000015
60116  51.893  10.761  40.483 0.1000000015
99234  50.606  10.388  40.895 0.1000000015
60781  51.508  11.262  40.347 0.1000000015
60782  50.894  11.776  40.352 0.2000000030
61499  50.400  12.434  40.435 0.2000000030
62880  50.169  14.047  40.262 0.2000000030
62893  50.118  14.863  40.193 0.2000000030
88092  57.258  13.744  40.249 0.4000000060
62193  57.341  13.879  38.460 0.4000000060
60804  55.947  12.136  38.855 0.3000000119
61504  54.942  12.142  39.070 0.3000000119
60791  54.446  11.615  39.559 0.3000000119
61505  54.048  12.228  39.266 0.3000000119
60127  53.944  11.191  40.037 0.2000000030
60792  53.550  11.723  39.674 0.2000000030
60779  53.095  11.278  40.098 0.1000000015
94137  51.950  11.681  40.066 0.1000000015
60794  51.447  11.882  40.141 0.1000000015
102150  47.457  15.478  42.658 0.1000000015
61509  51.056  12.429  40.085 0.2000000030
62178  50.596  13.161  40.130 0.2000000030
62870  47.900  14.815  42.370 0.1000000015
64427  48.291  16.296  41.512 0.1000000015
62881  49.634  14.743  40.583 0.2000000030
63616  49.232  15.501  40.794 0.2000000030
62875  57.434  14.041  39.623 0.4000000060
62887  57.251  14.804  39.119 0.4000000060
62192  57.584  14.079  38.839 0.4000000060
61517  56.589  12.937  38.515 0.4000000060
62899  56.985  14.774  37.909 0.4000000060
62194  56.290  13.751  38.208 0.4000000060
61518  55.522  12.837  38.574 0.3000000119
62195  55.145  13.627  38.290 0.4000000060
61519  54.535  12.821  38.758 0.3000000119
60793  52.638  11.843  39.790 0.2000000030
61508  51.818  12.354  39.790 0.2000000030
63608  48.668  15.554  41.348 0.2000000030
62908  57.218  15.700  37.905 0.5000000000
62900  55.896  14.562  37.860 0.5000000000
62196  54.139  13.588  38.528 0.3000000119
62901  54.762  14.464  38.072 0.4000000060
61521  53.059  12.901  39.154 0.2000000030
64436  48.772  16.455  40.918 0.2000000030
64435  49.422  16.214  40.417 0.2000000030
64437  48.073  17.086  41.240 0.2000000030
65181  47.536  17.854  40.688 0.2000000030
63632  54.290  16.367  37.895 0.3000000119
63634  52.473  15.532  38.725 0.3000000119
62904  52.192  14.706  38.983 0.3000000119
91968  50.881  13.842  39.772 0.2000000030
62892  50.624  14.660  39.825 0.2000000030
95172  52.856  16.246  38.490 0.3000000119
63623  51.737  15.410  39.200 0.3000000119
64443  51.242  16.255  39.342 0.2000000030
102386  50.715  15.854  39.628 0.2000000030
93733  49.932  16.055  40.076 0.2000000030
64444  50.382  16.411  39.685 0.2000000030
65179  49.055  17.121  40.276 0.2000000030
65180  48.343  17.470  40.530 0.2000000030
91460  53.558  16.607  38.234 0.3000000119
64451  53.120  17.206  38.394 0.4000000060
65201  52.868  18.210  38.464 0.4000000060
64452  51.962  17.234  38.887 0.3000000119
65167  46.603  17.874  41.580 0.1000000015
65903  45.932  18.580  40.027 0.2000000030
64445  49.707  16.779  39.966 0.2000000030
65904  44.962  18.609  40.019 0.2000000030
65925  54.359  19.165  38.418 0.4000000060
65166  47.311  17.512  41.449 0.1000000015
65182  46.689  18.189  40.844 0.1000000015
66618  41.644  19.982  42.997 0.3000000119
65191  50.879  17.408  39.295 0.2000000030
65902  46.870  18.466  39.944 0.2000000030
65194  48.510  17.917  39.777 0.2000000030
65195  47.753  18.218  39.891 0.2000000030
88727  50.069  17.252  39.622 0.3000000119
65918  44.264  18.905  39.150 0.3000000119
89831  43.574  18.856  39.331 0.2000000030
66640  43.314  19.589  38.981 0.3000000119
66647  53.563  19.733  38.533 0.4000000060
67341  42.134  20.258  42.662 0.4000000060
66623  41.706  19.744  42.252 0.3000000119
65202  51.745  18.287  38.803 0.3000000119
65917  45.171  18.909  39.075 0.2000000030
67355  42.239  20.088  41.760 0.3000000119
65193  49.352  17.786  39.633 0.2000000030
65934  43.793  19.472  38.794 0.3000000119
67379  42.871  19.907  39.680 0.3000000119
67383  53.102  20.349  38.720 0.4000000060
67326  41.863  20.364  43.589 0.3000000119
87439  51.564  19.380  38.660 0.4000000060
66648  52.329  20.183  38.594 0.4000000060
65192  50.110  18.088  39.355 0.3000000119
67354  42.760  20.326  41.279 0.3000000119
67378  43.323  19.999  39.140 0.3000000119
67353  43.281  20.442  40.784 0.3000000119
90217  52.337  20.726  38.797 0.4000000060
93379  50.208  20.570  38.305 0.4000000060
95626  48.016  18.533  39.225 0.3000000119
92764  50.626  19.616  38.676 0.4000000060
65912  50.154  18.933  39.003 0.4000000060
65913  49.478  18.772  39.047 0.3000000119
65914  48.709  18.629  39.088 0.3000000119
67325  42.569  20.497  43.066 0.4000000060
67310  42.484  20.553  43.951 0.4000000060
93433  42.533  20.484  44.932 0.4000000060
101332  42.252  20.352  45.674 0.4000000060
65203  50.839  18.588  39.061 0.4000000060
67340  42.700  20.415  42.191 0.4000000060
65933  44.572  19.473  38.387 0.3000000119
67339  43.271  20.530  41.719 0.3000000119
67324  43.183  20.569  42.585 0.4000000060
66655  44.374  19.995  38.013 0.3000000119
66656  43.856  19.970  38.569 0.3000000119
92745  51.533  21.236  39.397 0.4000000060
67974  51.415  21.123  38.733 0.4000000060
67968  50.808  21.399  39.041 0.4000000060
65915  47.171  18.830  38.952 0.2000000030
66603  42.974  20.104  45.695 0.4000000060
66576  42.758  19.591  47.017 0.4000000060
67283  42.473  20.003  46.274 0.4000000060
65932  45.423  19.403  38.204 0.3000000119
89507  43.124  20.575  43.390 0.4000000060
67309  43.243  20.446  44.218 0.5000000000
100576  43.679  20.344  39.427 0.3000000119
67366  43.251  20.269  39.888 0.3000000119
67388  44.617  20.324  38.054 0.3000000119
67377  44.035  20.327  38.770 0.3000000119
67365  43.794  20.493  40.224 0.3000000119
66536  40.371  19.430  50.349 0.4000000060
86999  41.111  19.315  49.745 0.6000000238
100997  42.076  19.159  48.812 0.6000000238
67975  50.371  21.216  38.456 0.4000000060
67385  49.572  21.149  38.016 0.4000000060
66577  42.241  19.470  47.652 0.6000000238
65930  48.004  19.344  38.332 0.3000000119
96093  47.135  19.516  38.012 0.3000000119
65931  46.349  19.414  38.150 0.3000000119
65916  46.144  18.902  39.061 0.3000000119
67296  43.514  20.122  45.043 0.4000000060
86924  43.831  20.409  43.623 0.5000000000
66654  44.973  19.953  37.621 0.3000000119
85333  43.861  20.560  41.208 0.5000000000
102632  43.645  20.565  42.955 0.5000000000
66665  45.129  20.417  37.569 0.3000000119
67376  44.933  20.684  38.445 0.3000000119
67352  44.582  20.600  40.644 0.3000000119
67257  40.331  20.030  51.768 0.3000000119
66519  39.908  19.617  51.224 0.2000000030
97055  40.661  19.639  51.205 0.4000000060
66518  41.374  19.434  50.728 0.5000000000
66551  41.686  19.194  49.155 0.5000000000
85556  49.522  21.293  38.133 0.4000000060
85126  43.211  18.973  48.808 0.6000000238
66661  47.775  20.987  36.997 0.4000000060
66662  46.987  20.800  36.912 0.4000000060
85122  43.165  19.233  47.872 0.6000000238
66652  46.613  20.072  37.355 0.3000000119
66653  45.731  19.938  37.429 0.3000000119
66592  43.259  19.687  46.423 0.6000000238
66664  45.487  20.437  37.313 0.3000000119
67387  45.450  20.760  37.531 0.4000000060
67323  44.330  20.454  43.024 0.5000000000
67308  44.655  20.155  43.777 0.5000000000
67295  44.108  20.098  44.393 0.5000000000
67364  45.143  20.681  39.632 0.4000000060
87307  44.283  20.518  39.466 0.3000000119
85120  44.451  20.559  41.610 0.5000000000
67337  44.805  20.459  42.357 0.5000000000
67256  41.280  19.940  51.703 0.3000000119
100243  50.949  21.340  39.876 0.5000000000
100489  42.176  19.324  50.607 0.5000000000
98364  50.279  21.315  39.884 0.5000000000
66535  41.914  19.199  49.942 0.5000000000
67970  48.855  21.288  38.567 0.4000000060
66550  42.462  19.039  49.266 0.6000000238
67976  47.613  21.305  37.231 0.4000000060
66663  46.140  20.621  37.073 0.4000000060
67373  47.813  21.102  38.990 0.4000000060
67386  46.923  21.285  37.357 0.4000000060
99344  43.479  19.430  47.134 0.6999999881
67977  46.278  21.120  37.116 0.4000000060
86861  45.917  21.077  37.784 0.4000000060
94077  44.435  19.717  45.208 0.6000000238
85675  45.709  20.858  38.800 0.5000000000
67363  46.160  20.760  39.815 0.5000000000
66613  45.011  19.782  44.542 0.6999999881
85118  45.603  20.618  40.744 0.5000000000
67351  45.195  20.536  41.594 0.5000000000
67322  45.185  20.270  43.174 0.5000000000
85394  45.805  20.398  42.489 0.5000000000
67964  50.708  21.204  40.740 0.5000000000
86160  49.842  21.091  41.017 0.6000000238
67965  49.387  21.130  39.867 0.5000000000
67361  48.314  20.904  40.084 0.5000000000
66591  44.054  19.439  46.697 0.6999999881
67362  47.222  20.824  39.944 0.5000000000
67349  47.539  20.569  41.704 0.6000000238
66612  45.911  19.722  44.648 0.6999999881
85119  46.687  20.596  41.004 0.6000000238
67350  45.988  20.505  41.609 0.6000000238
67307  45.507  19.982  43.937 0.6000000238
67306  46.067  20.185  43.442 0.6000000238
67335  47.558  20.491  42.586 0.6000000238
67336  46.712  20.462  42.092 0.6000000238
67321  46.774  20.369  43.011 0.6000000238
67959  50.603  21.102  41.686 0.5000000000
67952  50.556  21.047  42.667 0.6000000238
94186  49.935  20.972  41.988 0.6000000238
67347  48.982  20.874  40.858 0.6000000238
67953  49.562  20.856  42.654 0.6999999881
67348  48.304  20.717  41.292 0.6000000238
67334  48.279  20.623  42.184 0.6000000238
67318  49.947  20.893  43.526 0.6999999881
87366  47.610  20.689  40.850 0.6000000238
85314  48.314  20.572  42.975 0.6000000238
67320  47.667  20.406  43.418 0.6999999881
67305  47.873  20.314  44.205 0.6999999881
67319  48.469  20.538  43.732 0.6999999881
61506  53.248  12.326  39.387 0.3000000119
62197  53.273  13.511  38.799 0.3000000119
62903  52.732  14.112  38.792 0.2000000030
94012  51.479  13.689  39.512 0.2000000030
62891  51.395  14.489  39.433 0.2000000030
62909  56.582  15.555  37.670 0.5000000000
93408  54.496  15.384  37.907 0.3000000119
62898  57.302  14.960  38.376 0.4000000060
62907  57.261  15.786  38.109 0.4000000060
65200  54.270  18.454  38.218 0.4000000060
99513  48.854  20.698  42.593 0.6000000238
60789  58.493  11.817  39.170 0.4000000060
60124  56.977  10.010  39.317 0.3000000119
59425  56.333  9.741  39.880 0.2000000030
92527  57.858  12.363  38.681 0.4000000060
60802  57.575  11.591  38.677 0.4000000060
60790  55.448  11.474  39.365 0.3000000119
93686  56.986  12.222  38.646 0.4000000060
59416  52.525  10.593  40.573 0.1000000015
63625  50.350  15.500  39.895 0.2000000030
61520  53.689  12.849  38.965 0.3000000119
61507  52.539  12.625  39.446 0.2000000030
62186  51.932  13.160  39.451 0.2000000030
62185  52.580  13.361  39.141 0.2000000030
62902  53.682  14.452  38.418 0.3000000119
94744  53.704  15.369  38.258 0.3000000119
94561  52.182  16.279  38.858 0.3000000119
63633  53.257  15.817  38.370 0.3000000119
62890  52.031  13.902  39.207 0.3000000119
63624  50.978  15.339  39.544 0.2000000030
65926  53.620  19.012  38.359 0.4000000060
65927  52.625  19.172  38.475 0.4000000060
67384  50.731  20.997  38.439 0.4000000060
65928  49.788  19.701  38.521 0.3000000119
66650  49.279  20.609  37.908 0.4000000060
65929  48.951  19.597  38.382 0.3000000119
67338  43.913  20.571  42.211 0.4000000060
66660  48.478  21.092  37.503 0.4000000060
85125  42.479  19.182  48.460 0.6000000238
93901  47.497  20.269  37.455 0.3000000119
66651  48.366  20.486  37.642 0.3000000119
96945  43.814  19.681  45.835 0.6000000238
67969  49.966  21.366  38.814 0.5000000000
90638  48.495  21.253  37.637 0.4000000060
67375  46.770  21.066  38.609 0.5000000000
67333  49.102  20.809  41.826 0.6000000238
93988  52.947  14.964  38.546 0.3000000119
60640  39.864  10.430  60.223 0.2000000030
62028  40.877  13.884  64.040 0.2000000030
93967  41.430  13.459  62.819 0.2000000030
62043  40.446  13.532  62.764 0.2000000030
62056  41.025  12.872  61.875 0.2000000030
61368  40.599  12.124  61.223 0.2000000030
61356  42.118  12.479  61.850 0.2000000030
60631  42.059  10.695  60.561 0.2000000030
60632  41.192  10.919  60.626 0.2000000030
61379  40.217  11.263  60.683 0.2000000030
60641  38.938  10.717  60.255 0.2000000030
61366  42.645  11.206  61.124 0.2000000030
98561  41.636  10.208  60.106 0.2000000030
60651  41.802  10.225  59.937 0.3000000119
60652  41.084  10.278  59.579 0.2000000030
62027  41.776  13.873  63.978 0.2000000030
62057  40.025  13.114  61.877 0.2000000030
61369  39.603  12.411  61.240 0.2000000030
60639  42.315  10.367  60.109 0.2000000030
61370  38.621  12.590  61.196 0.2000000030
61381  38.330  11.829  60.679 0.2000000030
61388  41.853  10.814  59.610 0.3000000119
63454  40.414  15.568  64.713 0.1000000015
63444  40.759  15.124  65.287 0.1000000015
93178  41.461  14.634  65.215 0.1000000015
62731  40.897  14.768  65.399 0.2000000030
63443  41.472  15.008  65.284 0.1000000015
97256  41.406  14.167  64.797 0.2000000030
62750  40.899  14.275  65.091 0.2000000030
62749  42.007  14.297  64.898 0.1000000015
62029  39.858  13.738  63.708 0.2000000030
62044  39.637  13.520  62.602 0.2000000030
90050  42.450  13.311  62.811 0.2000000030
61355  43.359  12.009  61.668 0.2000000030
62058  39.018  13.307  61.937 0.2000000030
60630  42.773  10.757  60.491 0.3000000119
60638  42.657  10.636  60.235 0.2000000030
96273  37.729  11.948  60.681 0.2000000030
60650  42.394  10.398  59.995 0.3000000119
61389  41.211  12.202  59.135 0.3000000119
64179  36.730  16.288  71.273 0.1000000015
85594  34.886  15.943  70.163 0.1000000015
90913  33.043  10.751  62.248 0.1000000015
58437  33.664  9.435  61.581 0.1000000015
97983  42.157  14.832  65.257 0.1000000015
97512  40.355  13.951  64.767 0.2000000030
59214  33.972  9.139  61.029 0.1000000015
62026  42.576  13.903  64.087 0.2000000030
96082  43.174  14.039  64.342 0.2000000030
102700  43.364  11.007  60.947 0.3000000119
61365  44.078  11.359  61.145 0.3000000119
60629  43.291  11.064  60.660 0.3000000119
61371  37.632  12.567  61.093 0.2000000030
61387  42.839  11.054  59.964 0.2000000030
64903  38.188  16.745  72.595 0.1000000015
64904  37.072  17.151  72.604 0.1000000015
64893  37.516  17.532  73.249 0.1000000015
64166  37.559  16.531  72.068 0.1000000015
64197  36.350  16.111  70.756 0.1000000015
64181  35.335  16.272  70.856 0.1000000015
63410  33.505  15.308  69.537 0.1000000015
63409  34.468  15.622  69.508 0.1000000015
63420  34.084  15.438  68.907 0.1000000015
62701  32.512  14.239  67.615 0.1000000015
60619  31.961  12.062  64.953 0.1000000015
64263  40.322  16.249  62.713 0.1000000015
59942  33.551  10.331  61.578 0.1000000015
62715  40.403  14.906  65.529 0.1000000015
62730  42.904  14.938  65.396 0.1000000015
96256  42.680  14.458  65.035 0.1000000015
62042  43.487  13.293  62.989 0.2000000030
90769  38.997  13.674  62.923 0.2000000030
62045  38.361  13.547  62.411 0.2000000030
62059  38.038  13.241  61.733 0.2000000030
62025  43.917  13.864  64.031 0.2000000030
62041  44.511  12.993  62.826 0.2000000030
61364  44.769  12.048  61.473 0.2000000030
61386  43.453  11.755  60.338 0.3000000119
94721  42.873  12.165  59.829 0.2000000030
62072  41.583  13.302  59.175 0.3000000119
62071  42.415  13.230  59.532 0.4000000060
62773  41.935  14.206  59.170 0.3000000119
65612  37.634  18.349  74.458 0.1000000015
65613  36.775  18.358  74.711 0.1000000015
65621  37.829  17.931  73.805 0.1000000015
65600  37.390  18.735  75.328 0.1000000015
64892  38.404  17.404  73.391 0.1000000015
64882  38.561  18.047  74.184 0.1000000015
65599  38.287  18.679  75.100 0.1000000015
64165  39.037  15.921  72.275 0.1000000015
64153  39.255  16.523  72.963 0.1000000015
92753  39.112  17.371  73.658 0.1000000015
65598  39.903  18.809  75.867 0.1000000015
64178  37.523  16.038  71.454 0.1000000015
64881  39.518  17.752  74.261 0.1000000015
89806  39.202  18.456  74.983 0.1000000015
63397  36.929  15.401  70.174 0.1000000015
63398  35.916  15.918  70.116 0.1000000015
63408  35.469  15.634  69.465 0.1000000015
63419  34.939  15.424  68.799 0.1000000015
62688  32.928  14.682  68.162 0.1000000015
62689  32.447  14.239  68.402 0.1000000015
63429  34.267  15.197  68.127 0.1000000015
62700  33.490  14.930  67.921 0.1000000015
89489  33.112  14.589  67.379 0.1000000015
62710  32.649  14.202  66.788 0.1000000015
62009  32.245  13.594  66.219 0.1000000015
61343  32.064  12.990  65.360 0.1000000015
62721  33.332  14.230  65.514 0.1000000015
62019  32.591  13.317  64.636 0.1000000015
61345  32.238  12.670  64.559 0.1000000015
62036  33.156  13.496  64.039 0.1000000015
61359  32.711  12.148  63.205 0.1000000015
64264  39.355  16.411  62.638 0.1000000015
85044  39.903  16.020  63.618 0.1000000015
64251  39.517  15.856  64.451 0.1000000015
65748  43.120  18.493  60.566 0.1000000015
62732  40.266  14.427  65.367 0.2000000030
62015  39.718  13.912  64.869 0.2000000030
62024  44.811  13.605  63.787 0.2000000030
61353  44.976  12.235  62.110 0.2000000030
61376  45.213  12.350  61.584 0.3000000119
61378  44.294  11.689  60.917 0.3000000119
62055  45.771  12.648  61.821 0.3000000119
62065  45.312  12.946  61.205 0.3000000119
62771  43.629  13.886  60.067 0.3000000119
62768  44.263  13.559  60.451 0.3000000119
62772  42.834  14.264  59.524 0.4000000060
62767  44.927  13.803  60.692 0.3000000119
63470  44.924  14.940  60.420 0.3000000119
62770  44.220  14.496  60.211 0.3000000119
63473  44.254  15.546  59.766 0.2000000030
63479  43.169  15.964  58.852 0.2000000030
64290  44.167  16.916  58.647 0.2000000030
65588  36.524  18.759  76.671 0.1000000015
65601  36.574  18.571  75.600 0.1000000015
64177  38.482  15.767  71.761 0.1000000015
64891  39.898  16.944  73.595 0.1000000015
66330  40.832  19.339  76.936 0.1000000015
64196  37.327  15.612  70.794 0.1000000015
63382  38.342  15.200  70.942 0.1000000015
95404  36.516  15.297  69.538 0.1000000015
63418  36.136  15.081  68.762 0.1000000015
93460  35.381  15.019  68.092 0.1000000015
62699  34.883  14.851  67.390 0.1000000015
84872  33.914  14.840  67.300 0.1000000015
62709  33.473  14.478  66.454 0.1000000015
62720  34.252  14.461  65.614 0.1000000015
62012  33.194  13.887  64.775 0.1000000015
64265  38.357  16.674  62.636 0.1000000015
88309  38.985  16.268  63.476 0.1000000015
65749  42.216  18.330  60.416 0.1000000015
64252  38.754  16.176  64.219 0.1000000015
63445  39.944  15.292  65.357 0.1000000015
62061  36.144  13.198  61.699 0.2000000030
62030  38.996  13.778  63.981 0.2000000030
85517  38.231  13.754  63.178 0.2000000030
62060  37.106  13.211  61.694 0.2000000030
64284  44.630  16.476  59.380 0.2000000030
93222  39.477  19.286  47.815 0.2000000030
66566  38.981  19.109  48.194 0.3000000119
66580  39.833  19.441  47.043 0.2000000030
66579  40.620  19.672  47.213 0.3000000119
66594  40.482  19.871  46.370 0.2000000030
66593  41.142  19.996  46.603 0.3000000119
67285  41.035  20.294  45.859 0.3000000119
67312  41.098  20.306  45.072 0.3000000119
67311  41.778  20.475  44.540 0.3000000119
63371  39.337  15.436  71.750 0.1000000015
63381  39.215  15.109  71.175 0.1000000015
63396  37.985  14.767  70.140 0.1000000015
99780  37.372  14.839  69.666 0.1000000015
62708  34.516  14.649  66.590 0.1000000015
62739  33.784  14.249  64.930 0.1000000015
62018  33.755  14.023  64.262 0.1000000015
64999  37.659  17.528  61.475 0.1000000015
64237  39.031  15.790  65.076 0.1000000015
62048  35.735  13.562  62.409 0.2000000030
62046  37.616  13.572  62.410 0.2000000030
66565  39.534  19.286  48.532 0.3000000119
66554  38.983  19.146  48.962 0.3000000119
87490  40.153  19.491  48.021 0.3000000119
66578  41.412  19.646  47.424 0.3000000119
86089  41.940  19.834  46.832 0.3000000119
67284  41.694  20.280  46.098 0.3000000119
67297  41.682  20.438  45.370 0.3000000119
63370  39.872  15.535  72.197 0.1000000015
63406  37.867  14.586  69.381 0.1000000015
63407  37.178  14.652  69.122 0.1000000015
62686  37.123  14.436  68.398 0.1000000015
62698  35.865  14.663  67.475 0.1000000015
93910  35.478  14.596  66.800 0.1000000015
62719  35.238  14.509  66.033 0.1000000015
86785  35.098  14.456  65.286 0.1000000015
62738  34.508  14.314  64.618 0.1000000015
62737  35.525  14.360  64.673 0.1000000015
62754  35.004  14.188  63.880 0.1000000015
62017  34.286  14.058  63.880 0.1000000015
64983  38.124  17.003  61.858 0.1000000015
62033  35.373  13.889  63.157 0.2000000030
64253  37.738  16.908  63.065 0.1000000015
95931  38.219  16.552  63.583 0.1000000015
62032  36.351  13.913  63.171 0.2000000030
62716  39.630  14.837  65.696 0.2000000030
62031  37.338  13.842  63.234 0.2000000030
62047  36.702  13.580  62.407 0.2000000030
67253  44.795  19.994  52.076 0.5000000000
66514  44.520  19.545  51.305 0.5000000000
66515  43.626  19.397  51.135 0.5000000000
66532  44.329  19.201  50.391 0.5000000000
101511  40.130  19.349  48.856 0.3000000119
66553  39.664  19.325  49.487 0.3000000119
98790  46.493  19.600  49.494 0.5000000000
97735  40.935  19.527  47.958 0.4000000060
66564  40.873  19.389  48.797 0.4000000060
66552  40.434  19.362  49.449 0.4000000060
85129  45.831  19.397  49.177 0.5000000000
66547  45.014  19.211  49.662 0.5000000000
66563  41.676  19.361  48.329 0.5000000000
66562  46.777  19.569  48.717 0.6000000238
66602  45.503  19.530  45.465 0.6000000238
66590  45.658  19.389  46.509 0.6000000238
66611  46.704  19.848  44.627 0.6000000238
66601  46.480  19.622  45.330 0.6000000238
67293  48.670  20.316  45.323 0.6000000238
98471  47.351  20.054  44.589 0.6000000238
84713  46.947  20.135  43.912 0.6000000238
101055  46.231  19.951  44.108 0.6000000238
63380  39.831  15.277  71.458 0.1000000015
63369  40.295  15.406  71.747 0.1000000015
63395  38.890  14.965  70.453 0.1000000015
85998  36.291  14.426  66.995 0.1000000015
62707  36.128  14.407  66.378 0.1000000015
62718  36.054  14.379  65.594 0.1000000015
62736  36.573  14.250  64.868 0.2000000030
62753  35.972  14.188  63.941 0.2000000030
64984  37.508  17.300  62.369 0.1000000015
62751  38.134  13.894  64.292 0.2000000030
64239  38.141  16.435  64.622 0.1000000015
63446  39.252  15.282  65.744 0.1000000015
62016  39.029  13.899  64.913 0.2000000030
65765  40.902  18.713  59.627 0.1000000015
65766  39.982  18.675  59.524 0.1000000015
62733  39.448  14.287  65.525 0.2000000030
66466  41.357  19.371  59.281 0.1000000015
66467  40.512  19.293  59.144 0.1000000015
66477  40.951  19.878  58.804 0.1000000015
67235  45.164  20.561  52.636 0.5000000000
67254  43.778  19.942  52.049 0.5000000000
67255  42.886  19.746  51.680 0.4000000060
66533  43.460  19.093  50.249 0.5000000000
66516  42.816  19.333  50.880 0.4000000060
66548  44.135  19.023  49.304 0.5000000000
66549  43.188  18.963  49.553 0.4000000060
102452  44.713  19.136  49.284 0.6000000238
101012  43.820  19.044  48.412 0.5000000000
85124  45.835  19.355  48.347 0.6000000238
85123  45.030  19.212  47.981 0.6000000238
66575  46.535  19.474  47.862 0.6000000238
85334  45.791  19.352  47.460 0.6000000238
66574  48.439  19.734  47.406 0.6000000238
66589  47.781  19.706  46.801 0.6000000238
87001  44.723  19.454  46.113 0.6000000238
97359  46.299  19.467  46.046 0.6000000238
88428  47.127  19.614  46.042 0.6000000238
66599  48.095  19.932  45.847 0.6000000238
66600  47.295  19.834  45.226 0.6000000238
67282  49.068  20.299  45.951 0.6999999881
63394  39.622  15.185  70.931 0.1000000015
64164  40.790  15.585  71.781 0.1000000015
87892  38.495  14.750  69.585 0.1000000015
62679  37.680  14.487  68.841 0.1000000015
62685  37.814  14.445  68.342 0.1000000015
62697  37.513  14.332  67.898 0.2000000030
99465  37.511  14.288  67.416 0.2000000030
62706  37.073  14.215  66.766 0.2000000030
101562  36.627  14.288  66.147 0.2000000030
62717  37.171  14.185  65.879 0.2000000030
93996  36.960  18.169  62.811 0.1000000015
64973  37.326  17.455  63.165 0.1000000015
62735  37.638  14.070  65.119 0.2000000030
62752  37.010  14.060  64.090 0.2000000030
65714  37.168  17.998  63.864 0.1000000015
64964  37.564  16.996  63.793 0.1000000015
95412  37.484  17.250  64.666 0.1000000015
88243  38.900  14.560  66.049 0.2000000030
62734  38.640  14.060  65.457 0.2000000030
100588  43.499  20.650  52.655 0.4000000060
67237  42.883  20.363  52.362 0.3000000119
91428  42.151  20.136  52.028 0.4000000060
67238  41.552  20.676  52.304 0.2000000030
66517  42.109  19.613  51.313 0.4000000060
66534  42.666  19.096  50.100 0.4000000060
85127  44.425  19.109  48.446 0.6000000238
66561  47.516  19.632  47.834 0.6000000238
85121  44.908  19.334  47.075 0.6000000238
97634  44.134  19.217  47.657 0.6000000238
98169  46.691  19.478  46.942 0.6000000238
66588  48.673  19.972  46.643 0.6999999881
63393  40.186  15.420  71.357 0.1000000015
64195  40.047  15.527  70.861 0.1000000015
98291  40.537  15.692  71.313 0.1000000015
63405  39.263  15.254  70.192 0.1000000015
92879  38.431  15.005  68.772 0.1000000015
62678  38.109  14.565  68.881 0.1000000015
62696  38.008  14.482  67.680 0.2000000030
62705  37.888  14.386  67.052 0.2000000030
101106  37.798  14.228  66.512 0.2000000030
65706  37.312  18.178  64.889 0.1000000015
96656  38.179  14.150  66.047 0.2000000030
64228  37.819  16.628  65.486 0.1000000015
64238  38.543  15.856  65.689 0.2000000030
63434  38.823  15.127  66.285 0.2000000030
67904  46.187  21.696  53.428 0.4000000060
67911  45.627  21.110  53.089 0.4000000060
67236  44.284  20.541  52.653 0.5000000000
63417  38.218  14.751  68.229 0.2000000030
62704  38.264  14.739  67.191 0.2000000030
64959  37.452  17.440  65.504 0.1000000015
64227  38.200  16.015  66.334 0.2000000030
86741  38.386  14.596  66.649 0.2000000030
95977  37.651  16.840  66.195 0.2000000030
63431  38.329  15.276  66.892 0.2000000030
64924  39.778  16.314  70.317 0.1000000015
64936  39.122  16.398  69.661 0.1000000015
64212  38.714  15.519  69.299 0.2000000030
64218  38.366  16.095  68.558 0.2000000030
64222  38.264  15.637  68.111 0.2000000030
63428  38.274  15.284  67.540 0.2000000030
64225  37.965  16.172  66.919 0.2000000030
64957  37.450  17.558  66.164 0.2000000030
97377  39.446  17.328  69.880 0.1000000015
65651  40.027  17.560  70.325 0.1000000015
64937  38.506  16.868  68.963 0.2000000030
64219  38.019  16.533  68.022 0.2000000030
64950  37.761  17.194  67.665 0.2000000030
64223  37.953  16.363  67.518 0.2000000030
64955  37.588  17.162  66.885 0.2000000030
64949  38.044  17.151  68.293 0.2000000030
65681  37.828  17.803  67.956 0.2000000030
62748  43.400  14.534  65.068 0.2000000030
61352  45.412  12.302  61.941 0.3000000119
60624  33.124  11.716  62.369 0.1000000015
64291  43.418  16.579  58.411 0.2000000030
63475  42.970  15.292  59.235 0.2000000030
95058  40.849  11.070  59.144 0.3000000119
95462  40.767  10.231  60.164 0.2000000030
67294  48.010  20.191  44.966 0.6000000238
59946  41.045  10.117  59.821 0.2000000030
61367  41.633  11.665  61.205 0.2000000030
61380  39.260  11.572  60.686 0.2000000030
90903  42.160  12.115  59.518 0.2000000030
63421  33.454  15.124  68.611 0.1000000015
87527  32.213  12.060  64.080 0.1000000015
61354  44.374  12.149  61.888 0.2000000030
62070  43.189  13.022  59.948 0.3000000119
62067  43.935  12.720  60.455 0.3000000119
62722  32.817  14.137  66.049 0.1000000015
62013  32.660  13.749  65.400 0.1000000015
61349  32.602  12.829  63.913 0.1000000015
61377  44.888  12.239  61.202 0.3000000119
62066  44.708  12.696  60.821 0.3000000119
90209  43.560  14.888  59.700 0.3000000119
63474  43.548  15.614  59.356 0.2000000030
64285  43.828  16.247  59.131 0.2000000030
66604  40.494  19.969  45.565 0.2000000030
66614  40.641  19.777  44.712 0.3000000119
62687  36.285  14.678  68.059 0.1000000015
85128  44.999  19.186  48.887 0.6000000238
93456  36.851  14.342  67.587 0.2000000030
66478  40.268  19.784  58.777 0.1000000015
67914  42.245  20.775  52.447 0.2000000030
52348  59.096  -0.062  44.967 0.1000000015
52350  56.965  0.800  45.479 0.1000000015
52349  57.815  0.426  45.192 0.1000000015
53140  57.257  1.536  44.853 0.1000000015
53149  58.454  1.011  44.518 0.1000000015
52359  59.766  0.582  44.301 0.1000000015
95043  56.692  2.339  45.236 0.1000000015
53907  56.224  2.978  46.207 0.1000000015
53924  58.075  2.074  44.167 0.1000000015
53148  59.199  1.512  43.874 0.1000000015
54722  56.786  3.483  46.484 0.1000000015
54723  55.971  3.205  46.781 0.1000000015
53916  56.837  3.141  45.596 0.1000000015
53915  57.327  2.710  44.764 0.1000000015
53147  60.510  1.021  43.674 0.1000000015
53161  60.115  1.908  43.389 0.1000000015
52371  61.729  0.643  43.297 0.1000000015
89402  61.916  0.856  42.647 0.1000000015
53173  61.942  1.155  42.279 0.1000000015
54708  56.721  3.645  47.322 0.1000000015
54732  57.739  3.584  45.169 0.1000000015
54740  58.156  3.122  44.269 0.1000000015
54739  59.036  3.712  43.813 0.1000000015
53923  58.979  2.528  43.646 0.1000000015
53160  61.162  1.434  43.226 0.1000000015
53159  61.567  1.497  42.889 0.1000000015
53158  61.988  1.659  42.204 0.1000000015
53191  62.004  1.662  41.957 0.1000000015
55541  53.201  4.685  43.011 0.1000000015
54749  52.463  3.531  43.039 0.1000000015
54707  57.680  3.915  47.163 0.1000000015
54706  58.287  4.359  47.089 0.1000000015
54721  57.702  3.816  46.219 0.1000000015
54720  58.353  4.310  46.065 0.1000000015
54731  58.500  4.002  44.901 0.1000000015
55534  58.709  4.413  44.629 0.1000000015
53933  61.083  2.105  42.851 0.1000000015
54748  60.089  2.866  43.158 0.1000000015
53932  61.703  2.098  42.391 0.1000000015
53939  61.809  2.456  42.030 0.1000000015
54753  61.546  2.712  41.562 0.1000000015
53951  61.390  2.312  41.400 0.1000000015
53943  54.848  2.660  42.092 0.1000000015
53181  53.571  1.722  42.355 0.1000000015
53182  52.717  1.349  41.951 0.1000000015
99103  52.115  1.044  41.655 0.1000000015
53195  52.900  1.895  41.301 0.1000000015
53958  53.191  2.532  41.022 0.1000000015
53960  51.928  1.553  41.381 0.1000000015
54768  52.916  2.620  41.028 0.1000000015
53945  52.273  2.207  41.324 0.1000000015
53946  51.604  1.839  41.838 0.1000000015
53934  52.049  2.664  42.380 0.1000000015
56265  54.113  5.522  42.286 0.1000000015
55507  58.526  4.643  47.726 0.1000000015
55516  58.535  4.740  46.301 0.1000000015
100091  58.479  4.661  46.970 0.1000000015
102556  58.534  4.519  45.510 0.1000000015
55533  59.206  4.320  43.691 0.1000000015
54746  61.084  2.930  42.512 0.1000000015
54755  60.647  3.823  42.329 0.1000000015
53965  60.970  2.920  40.900 0.1000000015
53194  59.206  2.285  41.516 0.1000000015
53953  58.358  3.053  41.286 0.1000000015
53940  58.010  2.387  41.979 0.1000000015
53955  56.269  3.170  41.768 0.1000000015
53942  55.958  2.674  42.368 0.1000000015
95365  60.885  4.078  40.978 0.1000000015
54772  60.562  3.576  40.678 0.1000000015
54773  59.751  4.036  40.336 0.1000000015
53954  57.257  3.090  41.644 0.1000000015
54764  56.468  3.609  41.139 0.1000000015
53956  55.238  3.179  41.487 0.1000000015
53957  54.116  2.962  40.905 0.1000000015
84673  60.479  4.245  40.527 0.1000000015
55562  58.738  4.495  39.967 0.1000000015
54763  57.466  3.672  40.966 0.1000000015
54774  56.582  4.140  40.494 0.1000000015
98430  55.673  3.521  41.140 0.1000000015
54765  54.895  3.573  40.800 0.1000000015
54767  53.575  3.034  40.869 0.1000000015
55561  59.762  4.915  39.871 0.1000000015
92503  57.613  4.282  40.280 0.1000000015
55564  56.767  4.741  39.923 0.1000000015
55565  55.886  4.527  40.237 0.1000000015
54776  55.069  4.114  40.511 0.1000000015
54766  54.300  3.578  40.833 0.1000000015
54757  52.641  2.999  41.651 0.1000000015
100196  59.454  5.496  39.516 0.1000000015
55563  57.761  4.913  39.670 0.1000000015
55570  57.048  5.325  39.480 0.1000000015
56280  55.465  4.819  40.322 0.1000000015
97345  54.731  4.964  40.938 0.1000000015
55548  54.336  4.748  41.323 0.1000000015
54756  53.285  3.356  41.201 0.1000000015
56285  59.087  5.958  39.074 0.1000000015
55569  57.923  5.606  39.170 0.1000000015
56286  58.125  6.393  38.786 0.1000000015
56287  57.043  6.041  39.194 0.1000000015
56288  56.349  6.209  39.692 0.1000000015
56272  55.756  5.695  40.192 0.1000000015
55549  53.695  4.442  41.991 0.1000000015
55550  53.065  3.882  42.440 0.1000000015
57029  55.384  6.171  40.862 0.1000000015
56264  54.763  5.697  41.465 0.1000000015
97582  54.941  6.751  41.609 0.1000000015
56219  58.598  4.822  48.109 0.1000000015
56228  58.585  4.853  47.171 0.1000000015
56235  58.584  4.972  46.212 0.1000000015
55523  58.600  4.767  45.436 0.1000000015
55522  58.758  4.752  44.429 0.1000000015
55540  59.828  4.358  42.888 0.1000000015
55554  60.270  4.542  42.084 0.1000000015
55547  60.882  3.976  41.598 0.1000000015
56270  59.840  5.196  41.734 0.1000000015
55560  60.384  4.630  40.637 0.1000000015
56278  60.105  5.358  40.381 0.1000000015
90062  59.841  6.032  39.855 0.1000000015
57036  59.506  6.566  39.261 0.1000000015
84911  57.470  6.865  38.884 0.1000000015
57811  57.110  7.403  39.198 0.1000000015
57033  56.480  7.000  39.778 0.1000000015
57803  56.018  7.429  40.408 0.1000000015
57792  55.468  7.965  41.046 0.1000000015
56963  58.464  5.216  47.565 0.1000000015
56973  58.454  5.190  46.774 0.1000000015
92377  58.549  5.095  45.218 0.1000000015
56236  58.016  5.632  44.913 0.1000000015
56990  58.557  5.271  44.034 0.1000000015
56262  59.543  4.941  42.603 0.1000000015
56263  59.084  5.632  42.215 0.1000000015
57026  59.811  5.998  40.451 0.1000000015
57027  59.262  6.615  40.607 0.1000000015
57032  59.578  6.622  39.761 0.1000000015
96131  59.515  7.305  39.146 0.1000000015
57042  59.415  7.292  38.837 0.1000000015
57043  59.131  7.600  38.528 0.1000000015
57044  58.336  7.189  38.567 0.1000000015
89868  57.658  7.895  38.777 0.1000000015
57802  56.541  7.811  39.847 0.1000000015
58639  56.413  8.782  39.996 0.1000000015
58630  55.340  8.770  41.039 0.1000000015
93914  54.757  8.578  41.538 0.1000000015
56207  58.477  4.951  50.516 0.1000000015
56956  58.468  5.217  48.464 0.1000000015
56951  58.437  5.254  49.306 0.1000000015
56974  57.822  5.895  46.746 0.1000000015
56981  58.236  5.422  45.951 0.1000000015
56982  57.546  6.135  45.579 0.1000000015
57003  58.376  5.798  43.069 0.1000000015
56254  58.949  5.229  43.079 0.1000000015
57017  58.363  6.365  42.191 0.1000000015
93594  58.970  6.256  41.523 0.1000000015
57791  58.793  7.495  40.507 0.2000000030
91606  59.089  8.103  39.757 0.2000000030
58648  59.279  8.744  39.232 0.2000000030
57800  59.482  7.999  39.122 0.1000000015
57809  59.399  7.868  38.796 0.1000000015
58659  59.158  8.328  38.568 0.1000000015
57816  58.429  7.970  38.455 0.1000000015
59422  59.153  9.145  38.716 0.2000000030
58660  58.713  8.783  38.468 0.2000000030
58649  57.901  8.525  38.605 0.1000000015
58650  57.157  8.225  39.252 0.1000000015
59424  57.251  9.166  39.156 0.1000000015
59413  55.708  9.532  40.459 0.1000000015
55475  58.277  4.838  50.923 0.1000000015
89398  57.654  4.578  51.027 0.1000000015
95647  56.728  4.420  51.306 0.1000000015
56936  58.364  5.449  50.813 0.1000000015
56945  58.420  5.338  50.087 0.1000000015
56937  58.015  6.335  51.124 0.1000000015
56946  58.105  6.178  50.405 0.1000000015
56957  57.977  5.977  48.831 0.2000000030
56952  58.085  6.068  49.660 0.2000000030
56964  57.883  5.936  47.881 0.2000000030
57750  56.941  6.891  46.073 0.2000000030
93811  57.452  6.248  44.714 0.1000000015
57763  57.187  6.747  44.082 0.2000000030
57018  57.587  6.664  43.010 0.1000000015
57768  57.237  7.846  42.572 0.1000000015
57778  58.497  6.920  41.350 0.1000000015
57779  57.985  7.869  41.362 0.2000000030
95618  58.567  8.241  40.505 0.2000000030
59400  58.386  9.850  40.512 0.2000000030
94589  58.753  10.271  39.822 0.2000000030
58647  59.316  8.567  38.833 0.2000000030
59423  59.307  9.290  38.925 0.2000000030
60112  58.641  10.895  39.720 0.2000000030
60122  59.254  9.590  38.874 0.2000000030
59433  58.857  9.463  38.514 0.1000000015
59434  58.224  9.297  38.533 0.1000000015
98114  57.678  9.835  38.765 0.1000000015
55470  56.237  4.533  53.694 0.1000000015
54662  55.475  4.186  53.212 0.1000000015
88173  56.488  4.478  52.757 0.1000000015
55473  55.526  4.234  52.472 0.1000000015
55477  57.140  4.563  51.905 0.1000000015
57733  57.532  7.084  49.197 0.2000000030
57723  57.658  7.149  50.001 0.2000000030
86697  57.385  8.295  49.554 0.2000000030
85960  57.360  7.038  48.248 0.2000000030
99273  57.217  8.396  48.625 0.2000000030
96572  57.107  6.940  47.206 0.2000000030
57742  56.897  8.106  47.621 0.2000000030
60051  57.496  11.131  47.202 0.2000000030
57751  56.697  8.143  46.475 0.2000000030
57757  56.890  6.818  45.017 0.2000000030
57758  56.615  7.800  45.351 0.2000000030
58601  56.738  8.950  45.582 0.2000000030
59378  56.970  9.756  44.948 0.2000000030
100462  57.550  10.892  45.995 0.2000000030
57769  57.010  7.389  43.508 0.2000000030
59377  57.304  10.546  44.371 0.2000000030
59366  57.461  10.821  45.310 0.2000000030
58612  56.752  8.310  43.636 0.2000000030
58611  56.919  9.090  42.927 0.2000000030
59386  56.828  9.428  43.970 0.2000000030
58617  57.435  8.877  41.899 0.2000000030
59392  57.300  9.907  42.425 0.2000000030
91257  57.480  10.751  42.897 0.2000000030
58629  58.084  8.901  40.925 0.2000000030
91777  57.693  9.803  41.483 0.2000000030
59401  57.869  10.570  41.275 0.2000000030
60104  58.207  10.935  40.641 0.2000000030
60123  59.206  10.102  39.086 0.2000000030
60131  59.095  10.033  38.767 0.1000000015
60132  58.464  10.167  38.585 0.1000000015
84683  56.630  4.870  54.080 0.1000000015
55469  57.101  4.833  53.329 0.1000000015
56200  57.443  5.344  53.343 0.1000000015
55472  57.371  4.741  52.499 0.1000000015
56926  57.837  5.608  52.684 0.1000000015
93649  57.752  5.020  52.612 0.1000000015
55476  57.922  4.824  51.755 0.1000000015
56202  58.183  5.140  51.907 0.1000000015
58566  57.440  9.372  49.187 0.2000000030
59330  57.506  10.395  49.234 0.2000000030
60028  57.392  10.845  49.583 0.2000000030
60036  57.401  10.979  48.929 0.2000000030
101242  57.224  9.163  47.875 0.2000000030
59339  57.467  9.862  48.468 0.2000000030
60044  57.478  10.887  48.166 0.2000000030
89596  57.441  10.202  47.565 0.2000000030
58589  57.077  9.205  47.076 0.2000000030
59350  56.998  9.333  46.300 0.2000000030
97543  57.218  10.043  45.792 0.2000000030
60058  57.483  11.312  46.471 0.2000000030
101290  58.114  5.542  52.127 0.1000000015
102739  55.029  7.874  59.805 0.1000000015
58439  55.153  9.011  61.037 0.1000000015
57617  55.335  8.577  62.510 0.1000000015
57611  54.723  8.164  63.197 0.1000000015
57606  54.518  7.315  63.417 0.1000000015
56856  54.008  6.781  63.304 0.1000000015
57627  54.834  8.108  59.146 0.1000000015
58448  54.951  8.604  60.025 0.1000000015
58431  55.227  9.435  62.061 0.1000000015
65155  45.511  17.657  42.598 0.1000000015
65154  46.130  17.823  42.113 0.1000000015
58440  54.891  9.795  60.416 0.1000000015
57612  53.837  7.729  62.910 0.1000000015
93495  44.788  18.015  42.295 0.1000000015
65169  44.328  18.238  41.538 0.1000000015
65147  43.854  17.549  43.091 0.1000000015
65168  45.205  18.204  41.798 0.1000000015
65156  44.055  17.978  42.287 0.1000000015
65893  45.756  18.347  41.089 0.1000000015
65157  43.210  17.728  42.242 0.1000000015
65170  42.518  17.818  41.462 0.1000000015
65894  44.683  18.419  40.849 0.1000000015
59204  54.490  9.697  62.609 0.1000000015
58422  54.785  9.174  62.884 0.1000000015
65158  42.412  17.423  42.288 0.1000000015
65895  43.895  18.357  40.682 0.1000000015
99993  43.362  18.135  41.245 0.1000000015
65171  41.548  17.875  41.337 0.1000000015
65172  40.977  17.678  41.864 0.1000000015
65888  39.923  17.578  42.839 0.1000000015
65883  39.895  18.031  43.750 0.1000000015
65905  44.026  18.533  39.915 0.1000000015
65185  41.529  18.237  41.120 0.1000000015
65897  41.122  18.239  41.671 0.1000000015
65183  42.508  18.258  40.676 0.1000000015
100045  42.012  17.936  41.063 0.1000000015
65887  40.890  18.508  42.319 0.1000000015
65882  40.473  18.501  43.143 0.1000000015
65879  39.772  18.396  44.759 0.1000000015
65140  39.360  17.601  44.223 0.1000000015
65906  43.189  18.536  40.036 0.1000000015
65907  42.453  18.748  39.961 0.1000000015
65184  41.947  18.292  40.685 0.1000000015
65919  43.114  19.067  39.311 0.1000000015
65908  41.924  18.722  40.443 0.1000000015
65896  41.577  18.770  41.043 0.1000000015
66624  41.354  18.990  41.881 0.1000000015
66619  41.167  19.312  42.857 0.1000000015
88703  40.844  19.460  43.806 0.1000000015
66641  42.802  19.418  39.480 0.2000000030
66635  42.460  19.617  40.027 0.2000000030
90818  41.967  19.253  40.463 0.1000000015
65878  40.298  18.909  44.254 0.1000000015
93925  41.338  19.905  43.520 0.2000000030
67367  42.778  20.153  40.367 0.2000000030
67368  42.288  19.882  40.824 0.2000000030
67327  41.239  20.143  44.235 0.2000000030
66605  40.110  19.269  45.196 0.1000000015
66595  39.934  19.480  46.070 0.1000000015
65864  39.395  18.894  46.522 0.1000000015
102223  38.481  18.912  49.261 0.2000000030
98684  37.888  18.542  49.083 0.2000000030
65837  38.501  18.815  48.610 0.2000000030
91172  38.861  19.168  49.797 0.2000000030
66539  37.651  18.849  50.630 0.1000000015
66537  39.418  19.380  50.497 0.2000000030
66538  38.532  19.218  50.776 0.1000000015
97450  39.185  19.542  51.266 0.1000000015
67912  44.711  21.126  53.142 0.3000000119
68469  45.652  22.456  53.703 0.3000000119
68980  46.121  23.198  53.982 0.2000000030
68470  44.750  22.546  53.517 0.2000000030
69524  44.737  24.053  53.292 0.2000000030
68981  45.150  23.311  53.644 0.2000000030
101507  58.284  4.921  51.410 0.1000000015
56198  56.966  5.243  53.965 0.1000000015
56930  58.217  5.642  51.609 0.1000000015
59210  55.015  9.963  61.331 0.1000000015
60706  57.346  11.338  47.465 0.2000000030
59385  57.196  10.179  43.381 0.2000000030
59402  55.250  9.351  40.864 0.1000000015
87938  58.907  10.913  39.090 0.2000000030
66628  41.790  19.484  41.315 0.1000000015
52347  60.361  -0.147  44.681 0.1000000015
52356  61.997  0.155  43.179 0.1000000015
52384  61.878  1.056  41.941 0.1000000015
52383  61.896  0.530  42.644 0.1000000015
53950  61.761  2.200  41.649 0.1000000015
53938  61.936  2.106  41.857 0.1000000015
54750  51.793  3.233  43.628 0.1000000015
53935  51.404  2.380  43.090 0.1000000015
55508  58.350  4.315  47.928 0.1000000015
54747  60.006  3.738  43.038 0.1000000015
53964  61.434  2.714  41.307 0.1000000015
54754  61.372  3.260  41.878 0.1000000015
53944  53.747  2.344  41.525 0.1000000015
53196  52.212  1.501  41.377 0.1000000015
52395  51.699  1.117  41.528 0.1000000015
53959  52.541  2.047  41.207 0.1000000015
54760  61.214  3.438  41.351 0.1000000015
54771  61.141  3.387  40.963 0.1000000015
54761  59.778  3.126  40.809 0.1000000015
53941  56.985  2.534  42.302 0.1000000015
56269  60.414  4.754  41.165 0.1000000015
54762  58.609  3.750  40.565 0.1000000015
99798  60.150  4.961  40.179 0.1000000015
54775  55.662  3.933  40.601 0.1000000015
56284  59.837  5.652  39.664 0.1000000015
55568  58.817  5.215  39.486 0.1000000015
55555  54.699  4.371  40.661 0.1000000015
55556  53.933  3.812  40.899 0.1000000015
56279  56.280  5.330  39.826 0.1000000015
56273  55.138  5.224  40.646 0.1000000015
57037  59.067  6.839  38.690 0.1000000015
57038  56.846  6.695  39.301 0.1000000015
57028  55.934  6.585  40.289 0.1000000015
90496  55.497  7.091  40.986 0.1000000015
56253  59.139  4.772  43.459 0.1000000015
100356  60.008  5.450  40.992 0.1000000015
57810  57.762  7.467  38.713 0.1000000015
58640  55.957  8.258  40.508 0.1000000015
56991  57.795  5.974  43.948 0.1000000015
56271  59.541  5.854  41.255 0.1000000015
57801  59.364  7.343  39.715 0.1000000015
93558  55.764  8.930  40.614 0.1000000015
96652  57.836  7.075  42.043 0.1000000015
58628  58.820  8.895  40.023 0.2000000030
59412  59.060  9.531  39.484 0.2000000030
56204  58.401  5.050  51.187 0.1000000015
57764  56.730  7.582  44.361 0.2000000030
59349  57.395  10.373  46.628 0.2000000030
58606  56.639  8.636  44.633 0.2000000030
65160  40.500  17.733  42.301 0.1000000015
65149  39.445  17.321  43.212 0.1000000015
65920  42.267  19.136  39.957 0.2000000030
66555  38.136  18.870  49.897 0.1000000015
67905  45.183  21.756  53.447 0.2000000030
65666  38.860  17.722  69.316 0.1000000015
65665  39.582  18.473  69.661 0.1000000015
65680  38.235  18.027  68.553 0.1000000015
65694  37.611  17.936  67.334 0.1000000015
65679  38.884  18.780  68.870 0.1000000015
65693  37.964  18.488  67.799 0.1000000015
65700  37.478  18.104  66.567 0.1000000015
66405  38.419  18.903  68.220 0.1000000015
100661  38.598  18.743  47.985 0.1000000015
68928  49.543  24.608  61.443 0.1000000015
66524  34.422  19.575  51.977 0.1000000015
67260  33.200  20.523  52.233 0.1000000015
67245  34.686  20.278  52.368 0.1000000015
67259  33.962  20.125  52.275 0.1000000015
67261  32.272  20.713  51.794 0.1000000015
67262  31.642  20.912  51.340 0.1000000015
89792  37.240  19.461  51.832 0.1000000015
68422  48.505  23.564  60.814 0.1000000015
69480  49.655  25.238  61.379 0.1000000015
70050  49.850  26.000  61.276 0.1000000015
70055  48.998  26.270  60.677 0.1000000015
70054  49.960  26.611  61.065 0.1000000015
70611  49.801  27.084  60.628 0.1000000015
70053  50.101  27.001  60.585 0.1000000015
96515  50.060  27.799  60.038 0.1000000015
70062  50.224  26.836  59.500 0.1000000015
70616  50.242  27.616  59.874 0.1000000015
67906  44.316  21.870  53.357 0.1000000015
66510  35.273  19.724  52.136 0.1000000015
67246  34.074  20.787  52.498 0.1000000015
67923  32.762  21.429  52.151 0.1000000015
67924  31.972  21.536  51.690 0.1000000015
67925  31.292  21.545  51.107 0.1000000015
67927  30.727  21.610  50.416 0.1000000015
66522  36.524  19.381  51.827 0.1000000015
93000  34.852  21.066  52.560 0.1000000015
93026  33.277  22.059  52.229 0.1000000015
68488  30.948  22.323  50.880 0.1000000015
66507  37.894  19.893  52.197 0.1000000015
66508  36.951  19.969  52.290 0.1000000015
67243  36.422  20.810  52.513 0.1000000015
68929  48.512  24.390  60.744 0.1000000015
69481  48.667  25.261  60.738 0.1000000015
70617  47.989  27.000  59.498 0.1000000015
70612  48.755  26.867  60.212 0.1000000015
71129  49.258  27.525  60.060 0.1000000015
71132  49.581  28.093  59.707 0.1000000015
89638  50.179  28.222  59.373 0.1000000015
100911  50.330  28.210  58.770 0.1000000015
70627  50.227  27.421  58.667 0.1000000015
70626  50.310  27.702  57.698 0.1000000015
70643  50.349  26.507  57.041 0.1000000015
99057  34.147  22.921  52.197 0.1000000015
68482  33.979  23.448  51.797 0.1000000015
69001  33.070  23.450  51.630 0.1000000015
98614  32.543  23.711  51.397 0.1000000015
69004  31.993  23.962  51.198 0.1000000015
69000  34.665  23.292  52.142 0.1000000015
68483  33.507  22.790  52.065 0.1000000015
69002  32.210  23.178  51.462 0.1000000015
68993  35.214  22.861  52.471 0.1000000015
68479  35.765  22.261  52.592 0.1000000015
89981  34.907  22.009  52.562 0.1000000015
68484  32.618  22.415  51.850 0.1000000015
69005  31.402  23.124  51.115 0.1000000015
68471  44.059  22.582  53.319 0.1000000015
93142  37.011  21.622  52.584 0.1000000015
67918  36.282  21.699  52.608 0.1000000015
67244  35.502  20.514  52.445 0.1000000015
67921  33.576  21.411  52.423 0.1000000015
67913  43.828  21.249  53.065 0.2000000030
67241  38.356  20.718  52.425 0.1000000015
93527  37.923  21.595  52.570 0.1000000015
67242  37.434  20.738  52.474 0.1000000015
67240  39.943  20.575  52.206 0.1000000015
93663  39.174  20.644  52.319 0.1000000015
67258  39.414  19.973  51.883 0.1000000015
100482  38.695  20.129  52.162 0.1000000015
68439  43.340  22.521  58.578 0.1000000015
95286  42.010  22.161  58.482 0.1000000015
99972  44.009  22.601  58.655 0.1000000015
92163  42.204  22.902  58.479 0.1000000015
68441  41.302  22.876  58.455 0.1000000015
92466  47.379  23.386  60.049 0.1000000015
90860  46.288  23.039  59.521 0.1000000015
93642  44.529  23.093  58.705 0.1000000015
68948  42.924  23.276  58.510 0.1000000015
68949  42.056  23.751  58.474 0.1000000015
68950  40.408  23.274  58.425 0.1000000015
68936  47.527  24.349  60.016 0.1000000015
68937  46.722  23.743  59.605 0.1000000015
68945  45.107  23.754  58.896 0.1000000015
68947  43.520  23.979  58.529 0.1000000015
97298  40.333  23.963  58.407 0.1000000015
68951  39.596  23.640  58.393 0.1000000015
69498  39.107  24.382  58.320 0.1000000015
69484  47.569  25.222  59.932 0.1000000015
69485  46.618  24.407  59.491 0.1000000015
69486  45.712  24.455  59.111 0.1000000015
68946  44.313  23.871  58.629 0.1000000015
69494  43.194  24.738  58.495 0.1000000015
69495  42.401  24.651  58.450 0.1000000015
95920  41.564  24.601  58.424 0.1000000015
69496  40.707  24.623  58.380 0.1000000015
69497  39.894  24.511  58.319 0.1000000015
98293  38.738  24.965  58.172 0.1000000015
70063  46.208  25.854  58.963 0.1000000015
70065  44.623  25.334  58.585 0.1000000015
89205  42.706  25.399  58.350 0.1000000015
93926  41.985  25.238  58.325 0.1000000015
70069  40.234  25.289  58.145 0.1000000015
70070  39.407  25.143  58.123 0.1000000015
70083  38.799  25.633  57.770 0.1000000015
70618  46.811  26.568  58.916 0.1000000015
70620  44.447  26.118  58.337 0.1000000015
70066  43.657  25.552  58.391 0.1000000015
70622  42.952  26.119  58.118 0.1000000015
70068  41.185  25.440  58.200 0.1000000015
70082  39.704  25.786  57.783 0.1000000015
102765  49.126  28.341  59.247 0.1000000015
71684  49.938  28.702  59.187 0.1000000015
71141  50.242  28.776  58.519 0.1000000015
71168  51.194  27.467  55.677 0.1000000015
70642  50.839  26.954  56.354 0.1000000015
70652  51.498  26.496  55.297 0.1000000015
70117  42.712  25.217  51.432 0.1000000015
69535  42.217  24.647  51.794 0.1000000015
70118  41.927  25.190  51.308 0.1000000015
68985  43.959  23.979  52.918 0.1000000015
96228  43.713  24.693  52.355 0.1000000015
69534  42.984  24.675  51.999 0.1000000015
69536  41.417  24.646  51.686 0.1000000015
70119  41.097  25.278  51.118 0.1000000015
69543  34.711  23.992  51.481 0.1000000015
69545  32.867  24.208  51.255 0.1000000015
69554  31.563  24.651  50.830 0.1000000015
87421  30.621  24.546  50.513 0.1000000015
69528  43.200  24.014  52.569 0.1000000015
69537  40.596  24.662  51.587 0.1000000015
70120  39.726  25.395  50.791 0.1000000015
69538  39.696  24.712  51.473 0.1000000015
90433  38.488  25.403  50.531 0.1000000015
69548  37.406  25.074  50.749 0.1000000015
69540  37.292  24.622  51.322 0.1000000015
95911  36.730  24.911  50.730 0.1000000015
69541  36.493  24.405  51.425 0.1000000015
69542  35.659  24.208  51.473 0.1000000015
69550  35.174  24.608  50.795 0.1000000015
91942  31.110  23.845  50.792 0.1000000015
68986  42.696  23.395  52.618 0.1000000015
100024  42.113  23.598  52.407 0.1000000015
69531  40.890  23.956  52.112 0.1000000015
69532  40.130  24.160  51.925 0.1000000015
68995  39.356  23.932  52.117 0.1000000015
90617  38.765  24.492  51.632 0.1000000015
68996  37.936  24.257  51.798 0.1000000015
68997  37.109  23.977  51.948 0.1000000015
68991  36.860  23.228  52.421 0.1000000015
68998  36.251  23.772  52.036 0.1000000015
68999  35.411  23.566  52.080 0.1000000015
69006  30.672  23.082  50.653 0.1000000015
68983  43.482  23.126  53.018 0.1000000015
68474  42.798  22.522  52.823 0.1000000015
68987  42.121  22.924  52.589 0.1000000015
95935  41.505  23.358  52.403 0.1000000015
94860  40.736  23.028  52.435 0.1000000015
68988  40.094  23.517  52.269 0.1000000015
97869  39.485  23.210  52.393 0.1000000015
68989  38.799  23.264  52.398 0.1000000015
68990  37.857  23.405  52.359 0.1000000015
69555  29.852  24.837  50.111 0.1000000015
87214  42.832  21.386  52.793 0.2000000030
92805  42.208  22.150  52.664 0.1000000015
68475  41.434  22.371  52.540 0.1000000015
93033  40.541  22.130  52.511 0.1000000015
92947  39.970  22.725  52.462 0.1000000015
94414  39.762  21.904  52.515 0.1000000015
67917  38.925  21.566  52.538 0.1000000015
68476  38.360  22.484  52.568 0.1000000015
68477  37.427  22.477  52.580 0.1000000015
92492  41.884  21.468  52.535 0.1000000015
67915  41.071  21.421  52.457 0.1000000015
67916  40.286  21.293  52.417 0.1000000015
96201  39.626  21.181  52.430 0.1000000015
67239  40.749  20.601  52.205 0.1000000015
68429  46.716  22.369  59.819 0.1000000015
68430  45.813  22.232  59.463 0.1000000015
67878  43.815  21.932  58.749 0.1000000015
68431  45.118  22.073  59.167 0.1000000015
68438  44.560  22.326  58.858 0.1000000015
92162  39.773  22.922  58.394 0.1000000015
68952  38.692  23.650  58.374 0.1000000015
70071  38.084  25.139  58.065 0.1000000015
70072  37.253  25.249  58.008 0.1000000015
91967  45.898  26.367  58.597 0.1000000015
70084  37.881  25.801  57.659 0.1000000015
71142  48.051  28.012  58.639 0.1000000015
71135  46.150  27.062  58.297 0.1000000015
70619  45.189  26.593  58.281 0.1000000015
70621  43.692  26.378  58.083 0.1000000015
70067  42.029  25.967  58.073 0.1000000015
70080  41.248  26.108  57.836 0.1000000015
70634  39.272  26.177  57.454 0.1000000015
71685  48.877  28.729  58.619 0.1000000015
71143  46.937  27.776  58.073 0.1000000015
71144  45.915  27.795  57.667 0.1000000015
99633  44.554  27.479  57.573 0.1000000015
70630  43.637  26.910  57.764 0.1000000015
70631  42.495  26.652  57.705 0.1000000015
70633  40.001  26.360  57.416 0.1000000015
71690  49.482  29.322  58.207 0.1000000015
71689  49.988  29.420  58.140 0.1000000015
71145  45.065  27.918  57.374 0.1000000015
71147  43.094  27.228  57.400 0.1000000015
96938  40.827  26.514  57.447 0.1000000015
70645  39.345  26.713  56.945 0.1000000015
90636  50.225  29.358  57.561 0.1000000015
100242  50.424  28.995  56.862 0.1000000015
95951  51.339  28.193  55.156 0.1000000015
70124  43.187  25.704  50.933 0.1000000015
70125  42.434  25.649  50.866 0.1000000015
95733  41.745  25.582  50.821 0.1000000015
70126  41.239  25.831  50.444 0.1000000015
70127  40.466  25.640  50.597 0.1000000015
70140  38.408  25.777  49.786 0.1000000015
70128  37.836  25.403  50.332 0.1000000015
70141  37.537  25.662  49.505 0.1000000015
69551  34.355  24.673  50.777 0.1000000015
69552  33.406  24.940  50.734 0.1000000015
69553  32.433  24.809  50.940 0.1000000015
94990  39.098  25.642  50.320 0.1000000015
70129  37.070  25.322  50.105 0.1000000015
69549  35.948  24.743  50.763 0.1000000015
70135  31.279  25.396  50.661 0.1000000015
70143  35.968  25.698  49.083 0.1000000015
89823  35.324  25.519  49.636 0.1000000015
95877  35.501  25.057  50.263 0.1000000015
70131  34.881  25.131  50.241 0.1000000015
70136  30.418  25.480  50.420 0.1000000015
93635  41.028  21.757  58.465 0.1000000015
68443  39.517  22.332  58.363 0.1000000015
68444  38.571  22.214  58.362 0.1000000015
92742  39.060  22.942  58.354 0.1000000015
91664  38.230  22.993  58.359 0.1000000015
69501  36.680  24.568  58.283 0.1000000015
70085  36.971  25.914  57.591 0.1000000015
70086  35.996  26.016  57.606 0.1000000015
71691  47.688  28.481  57.957 0.1000000015
71693  45.682  28.500  57.086 0.1000000015
70635  38.545  26.285  57.322 0.1000000015
70636  37.651  26.411  57.200 0.1000000015
72185  49.520  29.922  57.388 0.1000000015
71694  44.830  28.536  56.838 0.1000000015
71155  44.320  27.964  57.174 0.1000000015
71157  42.781  27.808  56.785 0.1000000015
71148  42.109  27.273  57.108 0.1000000015
70644  40.340  26.913  56.955 0.1000000015
70646  38.357  26.816  56.783 0.1000000015
71701  49.962  29.992  57.155 0.1000000015
71704  44.041  28.514  56.640 0.1000000015
71705  43.264  28.401  56.433 0.1000000015
71700  50.351  29.625  56.657 0.1000000015
71179  51.667  28.016  54.378 0.1000000015
71185  51.457  27.410  54.165 0.1000000015
70681  44.536  26.099  50.582 0.1000000015
101803  43.504  25.956  50.529 0.1000000015
70684  42.046  25.979  50.320 0.1000000015
70693  41.462  26.292  49.812 0.1000000015
70138  40.619  26.178  49.950 0.1000000015
100570  38.642  26.116  49.274 0.1000000015
84748  40.861  26.593  49.273 0.1000000015
70694  39.912  26.471  49.289 0.1000000015
70695  38.936  26.431  48.777 0.1000000015
70696  38.041  26.069  48.867 0.1000000015
70148  37.137  25.869  48.671 0.1000000015
70142  36.719  25.591  49.300 0.1000000015
88746  34.225  26.014  49.720 0.1000000015
99492  38.162  26.429  47.968 0.1000000015
101379  37.461  26.192  48.117 0.1000000015
70709  36.679  26.257  47.960 0.1000000015
70149  36.469  25.887  48.632 0.1000000015
70150  35.938  26.178  48.386 0.1000000015
70144  34.801  25.939  49.391 0.1000000015
67880  40.159  20.987  58.448 0.1000000015
92020  40.084  21.830  58.378 0.1000000015
92165  39.302  21.579  58.361 0.1000000015
67210  39.112  20.726  58.448 0.1000000015
67881  38.393  21.323  58.407 0.1000000015
92164  37.689  21.816  58.436 0.1000000015
68445  37.785  22.476  58.403 0.1000000015
90256  37.381  23.043  58.393 0.1000000015
68954  37.012  23.789  58.380 0.1000000015
88828  36.235  23.909  58.456 0.1000000015
70073  36.329  25.321  58.019 0.1000000015
70638  35.655  26.657  57.188 0.1000000015
70637  36.670  26.593  57.048 0.1000000015
71150  35.261  27.215  56.842 0.1000000015
72187  47.451  29.177  57.267 0.1000000015
71692  46.642  28.450  57.441 0.1000000015
71702  46.356  29.268  56.787 0.1000000015
70647  37.485  26.957  56.664 0.1000000015
70649  36.082  27.145  56.654 0.1000000015
71709  35.547  27.745  56.245 0.1000000015
96024  48.420  29.055  57.891 0.1000000015
72193  47.673  29.957  56.771 0.1000000015
102305  47.007  29.634  56.769 0.1000000015
72194  46.694  30.137  56.341 0.1000000015
71703  45.375  29.206  56.526 0.1000000015
95572  44.549  29.162  56.302 0.1000000015
71158  42.108  27.837  56.578 0.1000000015
98898  41.503  27.621  56.601 0.1000000015
71159  40.749  27.525  56.478 0.1000000015
71162  38.123  27.363  56.256 0.1000000015
71164  36.497  27.584  56.136 0.1000000015
71174  36.156  28.139  55.658 0.1000000015
72186  48.583  29.655  57.396 0.1000000015
72195  45.174  29.723  56.062 0.1000000015
71714  42.968  28.749  55.836 0.1000000015
71707  41.674  28.145  56.133 0.1000000015
71169  40.243  27.755  56.063 0.1000000015
71170  39.557  27.750  55.935 0.1000000015
71172  37.860  27.837  55.674 0.1000000015
71163  37.301  27.468  56.154 0.1000000015
71173  37.014  27.944  55.615 0.1000000015
72191  50.198  30.571  56.107 0.1000000015
71727  51.337  29.083  54.511 0.1000000015
96923  51.686  28.318  53.567 0.1000000015
71186  50.524  27.383  53.516 0.1000000015
70682  43.877  26.187  50.103 0.1000000015
70683  42.971  26.090  50.292 0.1000000015
70692  43.243  26.430  49.510 0.1000000015
70707  41.683  26.671  49.152 0.1000000015
71235  41.122  26.892  48.731 0.1000000015
70714  39.976  27.137  47.733 0.1000000015
70715  39.005  26.759  47.811 0.1000000015
70716  38.222  26.746  47.057 0.1000000015
101870  37.123  26.825  46.892 0.1000000015
71252  36.360  27.658  47.199 0.1000000015
71251  39.114  27.028  46.890 0.1000000015
70723  37.632  26.929  46.646 0.1000000015
71269  37.057  27.336  46.674 0.1000000015
71776  36.749  28.148  46.863 0.1000000015
67882  37.518  21.037  58.529 0.1000000015
68446  37.016  22.307  58.463 0.1000000015
68447  36.346  23.034  58.510 0.1000000015
67874  36.112  21.161  59.007 0.1000000015
67884  36.079  22.022  58.715 0.1000000015
69502  35.653  24.574  58.434 0.1000000015
70074  35.369  25.462  58.146 0.1000000015
71165  34.805  27.681  56.644 0.1000000015
72761  47.714  30.630  56.254 0.1000000015
72769  46.848  30.539  55.892 0.1000000015
85562  45.941  30.145  55.965 0.1000000015
71723  34.794  28.896  55.547 0.1000000015
98367  49.530  30.687  56.604 0.1000000015
72767  48.630  31.215  55.613 0.1000000015
72768  47.824  30.899  55.788 0.1000000015
72202  45.246  29.806  55.490 0.1000000015
72203  44.348  29.455  55.636 0.1000000015
71716  41.428  28.469  55.470 0.1000000015
71717  40.118  28.123  55.556 0.1000000015
71719  38.452  28.298  55.215 0.1000000015
71722  35.742  28.817  55.168 0.1000000015
100248  35.371  28.351  55.744 0.1000000015
93904  50.692  30.310  55.014 0.1000000015
71728  40.708  28.464  55.197 0.1000000015
71730  39.092  28.720  54.613 0.1000000015
71720  37.561  28.378  55.140 0.1000000015
71721  36.689  28.541  55.132 0.1000000015
71734  35.744  29.388  54.682 0.1000000015
100730  51.693  28.552  53.986 0.1000000015
95947  51.290  27.892  53.189 0.1000000015
71195  48.984  27.288  52.482 0.1000000015
88768  45.599  26.612  49.603 0.1000000015
89461  42.579  26.743  48.905 0.1000000015
71234  41.751  27.044  48.465 0.1000000015
71250  40.937  27.200  48.117 0.1000000015
85868  40.738  27.384  47.378 0.1000000015
85110  41.523  27.671  45.823 0.1000000015
71266  40.013  27.393  46.646 0.1000000015
71279  40.657  27.591  44.904 0.1000000015
70722  38.427  27.135  46.161 0.1000000015
71282  38.444  27.568  45.532 0.1000000015
71783  37.968  27.956  45.712 0.1000000015
71775  37.387  28.247  46.330 0.1000000015
71291  40.828  27.638  43.979 0.1000000015
67875  35.198  21.734  59.453 0.1000000015
67863  34.482  22.018  60.329 0.1000000015
68433  34.531  22.612  59.679 0.1000000015
88475  34.690  23.367  59.228 0.1000000015
68956  34.792  24.146  58.887 0.1000000015
69503  34.756  24.948  58.654 0.1000000015
70075  34.524  25.670  58.418 0.1000000015
69487  34.096  24.602  59.278 0.1000000015
100522  34.224  26.261  58.255 0.1000000015
70639  34.923  26.833  57.308 0.1000000015
71695  34.142  27.948  56.920 0.1000000015
71710  34.598  28.297  56.233 0.1000000015
72197  34.067  28.985  56.014 0.1000000015
72228  51.354  30.160  53.181 0.1000000015
72781  50.844  30.633  53.759 0.1000000015
72772  49.883  31.240  54.838 0.1000000015
72201  46.136  30.164  55.413 0.1000000015
72206  35.035  29.470  54.929 0.1000000015
72207  34.060  29.647  55.395 0.1000000015
72200  50.518  30.837  54.496 0.1000000015
72774  48.016  30.867  55.120 0.1000000015
72214  44.545  29.519  54.782 0.1000000015
87002  43.866  29.346  54.942 0.1000000015
97129  42.663  28.939  55.152 0.1000000015
72216  42.349  28.961  54.325 0.1000000015
72227  51.933  29.610  52.619 0.1000000015
72209  51.673  29.233  53.524 0.1000000015
72205  41.886  28.793  54.979 0.1000000015
93025  41.512  28.859  54.266 0.1000000015
71729  39.956  28.548  54.914 0.1000000015
72219  38.575  29.208  54.052 0.1000000015
71731  38.107  28.775  54.598 0.1000000015
71733  36.397  29.144  54.661 0.1000000015
71192  51.874  28.442  52.632 0.1000000015
71200  50.379  27.638  51.694 0.1000000015
85689  44.765  26.388  49.814 0.1000000015
70691  44.116  26.521  49.280 0.1000000015
70706  43.442  26.744  48.812 0.1000000015
102430  43.001  26.942  48.521 0.1000000015
71249  41.676  27.379  47.579 0.1000000015
85074  41.076  27.550  46.679 0.1000000015
85073  41.618  27.675  44.791 0.1000000015
68412  34.535  22.805  62.077 0.1000000015
68417  34.261  22.364  61.219 0.1000000015
68424  34.045  22.769  60.507 0.1000000015
68939  33.986  23.401  59.931 0.1000000015
93210  34.260  23.903  59.416 0.1000000015
68931  33.599  24.051  60.475 0.1000000015
69482  33.547  24.686  60.036 0.1000000015
70076  33.781  25.933  58.896 0.1000000015
70640  34.214  26.861  57.776 0.1000000015
71152  33.862  27.611  57.555 0.1000000015
97928  33.608  28.213  57.376 0.1000000015
71711  33.644  28.701  56.770 0.1000000015
72198  33.468  29.535  56.304 0.1000000015
72782  50.279  30.890  53.977 0.1000000015
72783  49.363  30.856  54.178 0.1000000015
72784  48.314  30.583  54.303 0.1000000015
72211  47.330  30.282  54.455 0.1000000015
72215  43.179  29.135  54.584 0.1000000015
72223  35.446  29.932  54.387 0.1000000015
72232  46.754  29.708  53.757 0.1000000015
101338  46.040  29.575  53.858 0.1000000015
86422  44.641  29.372  53.802 0.1000000015
72236  41.048  29.140  53.521 0.1000000015
72237  40.174  29.170  53.690 0.1000000015
91709  39.374  29.204  53.866 0.1000000015
72220  37.758  29.361  54.105 0.1000000015
72222  36.103  29.654  54.347 0.1000000015
72776  36.071  30.190  53.937 0.1000000015
72777  35.267  30.654  53.963 0.1000000015
71199  51.369  27.900  51.327 0.1000000015
72234  43.844  29.248  54.134 0.1000000015
72235  42.913  29.108  53.446 0.1000000015
101781  41.518  29.212  53.110 0.1000000015
72238  38.863  29.631  53.445 0.1000000015
72240  37.565  29.971  53.589 0.1000000015
72788  36.804  30.409  53.534 0.1000000015
87833  49.562  27.440  51.100 0.1000000015
72258  40.458  29.434  53.050 0.1000000015
72259  39.675  29.621  53.104 0.1000000015
70705  44.248  26.904  48.550 0.1000000015
71248  42.690  27.426  47.386 0.1000000015
85856  42.022  27.587  46.690 0.1000000015
99983  41.666  27.692  43.907 0.1000000015
71315  41.344  27.944  42.433 0.1000000015
71305  41.189  27.740  43.098 0.1000000015
69472  34.740  24.464  62.455 0.1000000015
68918  34.950  23.622  62.579 0.1000000015
68924  33.704  24.068  61.357 0.1000000015
68930  33.709  23.434  60.759 0.1000000015
69477  33.453  24.807  60.861 0.1000000015
70058  33.667  25.300  59.513 0.1000000015
70623  33.727  26.694  58.551 0.1000000015
70051  33.428  25.423  60.301 0.1000000015
88362  33.430  25.992  59.745 0.1000000015
70614  33.437  26.622  59.299 0.1000000015
71136  33.552  27.369  58.279 0.1000000015
71696  33.199  28.767  57.673 0.1000000015
70604  33.530  26.602  60.819 0.1000000015
70609  33.340  26.678  60.092 0.1000000015
97562  33.292  30.382  55.824 0.1000000015
72247  52.084  29.728  51.757 0.1000000015
72248  51.539  30.200  52.322 0.1000000015
72795  50.805  30.555  53.028 0.1000000015
72229  49.739  30.520  53.277 0.1000000015
71746  52.230  29.081  52.177 0.1000000015
72265  51.604  30.129  51.383 0.1000000015
72230  48.622  30.204  53.453 0.1000000015
72231  47.632  29.906  53.621 0.1000000015
72770  33.759  30.407  55.073 0.1000000015
71198  52.038  28.458  51.769 0.1000000015
71205  52.123  28.353  50.746 0.1000000015
86694  51.042  30.362  52.152 0.1000000015
72249  50.099  30.227  52.404 0.1000000015
72251  47.863  29.627  52.801 0.1000000015
93448  46.979  29.517  52.967 0.1000000015
72233  45.416  29.423  53.412 0.1000000015
73197  34.482  31.195  54.127 0.1000000015
85462  50.569  27.573  50.809 0.1000000015
72268  47.954  29.415  51.850 0.1000000015
72252  46.371  29.361  52.298 0.1000000015
72253  45.516  29.338  52.491 0.1000000015
72254  44.697  29.329  52.821 0.1000000015
97395  43.354  29.254  52.662 0.1000000015
84915  41.993  29.230  52.794 0.1000000015
72257  41.143  29.482  52.627 0.1000000015
72786  38.307  30.210  53.144 0.1000000015
72787  37.518  30.661  53.141 0.1000000015
72789  36.030  30.937  53.474 0.1000000015
71207  49.744  27.424  50.141 0.1000000015
72271  44.743  29.334  51.791 0.1000000015
72255  43.954  29.307  52.313 0.1000000015
97597  43.295  29.329  52.040 0.1000000015
72274  41.872  29.647  51.859 0.1000000015
72796  40.922  30.096  51.857 0.1000000015
72798  39.543  30.256  52.517 0.1000000015
73201  36.842  31.167  53.119 0.1000000015
71208  48.624  27.347  50.504 0.1000000015
96586  47.652  27.292  49.502 0.1000000015
70704  45.599  27.040  48.559 0.1000000015
91787  45.015  27.125  48.252 0.1000000015
71231  44.307  27.296  47.839 0.1000000015
71232  43.432  27.188  48.110 0.1000000015
71247  43.613  27.464  47.231 0.1000000015
71265  42.904  27.647  46.457 0.1000000015
101164  42.245  27.693  46.143 0.1000000015
71290  42.483  27.735  44.454 0.1000000015
71278  42.499  27.726  45.526 0.1000000015
71811  42.445  28.089  41.040 0.1000000015
71803  41.649  28.139  41.919 0.1000000015
72384  42.472  28.877  40.885 0.1000000015
91596  41.415  28.745  42.178 0.1000000015
97161  36.066  24.948  63.070 0.1000000015
69471  35.547  24.362  62.863 0.1000000015
69473  34.091  24.499  61.978 0.1000000015
70041  35.438  25.280  62.714 0.1000000015
69476  33.773  25.006  61.563 0.1000000015
70042  34.455  25.324  62.194 0.1000000015
70046  33.956  25.725  61.710 0.1000000015
70047  33.531  25.721  61.076 0.1000000015
87390  33.333  28.078  58.048 0.1000000015
71130  33.317  27.297  59.605 0.1000000015
92543  33.203  27.876  58.960 0.1000000015
72188  33.086  29.458  57.212 0.1000000015
72758  32.880  30.181  57.686 0.1000000015
71223  52.200  28.047  49.150 0.1000000015
71750  52.449  29.044  50.412 0.1000000015
72278  50.774  29.839  50.704 0.1000000015
100381  33.374  32.805  55.345 0.1000000015
71215  51.438  27.597  49.074 0.1000000015
71214  51.891  27.883  49.891 0.1000000015
72266  50.496  30.027  51.569 0.1000000015
72267  49.225  29.660  51.743 0.1000000015
73203  34.467  32.023  53.845 0.1000000015
89581  50.262  27.455  48.756 0.1000000015
72269  46.764  29.339  51.454 0.1000000015
72270  45.744  29.337  51.605 0.1000000015
73202  36.151  31.894  53.142 0.1000000015
92208  35.234  31.507  53.598 0.1000000015
71217  48.387  27.394  49.213 0.1000000015
72282  46.005  29.364  50.758 0.1000000015
72273  42.808  29.565  51.558 0.1000000015
88657  39.339  30.900  52.196 0.1000000015
72800  38.121  30.980  52.700 0.1000000015
91810  37.489  31.281  52.821 0.1000000015
100401  47.684  27.350  48.938 0.1000000015
71230  45.755  27.316  47.891 0.1000000015
71246  44.999  27.385  47.515 0.1000000015
85857  44.384  27.482  47.150 0.1000000015
85111  43.334  27.725  45.788 0.1000000015
85107  43.313  27.730  45.005 0.1000000015
71821  43.327  27.877  40.309 0.1000000015
71314  42.021  27.842  41.759 0.1000000015
93697  41.798  27.768  42.453 0.1000000015
71304  42.346  27.722  43.266 0.1000000015
70593  36.309  25.713  62.988 0.1000000015
70595  34.395  26.128  62.025 0.1000000015
70603  33.939  26.480  61.504 0.1000000015
71127  33.462  27.448  60.434 0.1000000015
95042  33.286  27.914  59.766 0.1000000015
72180  33.174  29.520  59.173 0.1000000015
98737  52.376  29.060  49.462 0.1000000015
72183  32.941  29.484  58.149 0.1000000015
100509  32.902  30.751  57.306 0.1000000015
95984  32.923  31.013  56.597 0.1000000015
89935  33.088  32.002  56.551 0.1000000015
87799  33.312  32.812  56.069 0.1000000015
102026  52.374  28.541  49.316 0.1000000015
72264  52.196  29.589  50.880 0.1000000015
72277  51.750  29.644  50.230 0.1000000015
73194  33.095  31.336  55.756 0.1000000015
73983  33.433  33.471  55.593 0.1000000015
91794  49.578  29.545  50.920 0.1000000015
73198  33.846  31.772  54.398 0.1000000015
73568  33.461  32.348  54.838 0.1000000015
73987  33.621  33.241  54.797 0.1000000015
71225  51.215  27.573  48.083 0.1000000015
90156  49.820  29.455  50.200 0.1000000015
98919  47.492  29.338  51.013 0.1000000015
73571  35.244  32.488  53.448 0.1000000015
73572  34.524  32.746  53.860 0.1000000015
73567  33.970  32.573  54.296 0.1000000015
86455  48.818  27.415  47.946 0.1000000015
102302  47.242  27.434  47.647 0.1000000015
72279  48.751  29.345  50.192 0.1000000015
72280  47.694  29.355  50.294 0.1000000015
90053  45.164  29.410  50.944 0.1000000015
89659  44.429  29.472  51.010 0.1000000015
72284  43.104  29.881  50.834 0.1000000015
72805  41.519  30.423  51.233 0.1000000015
72806  40.796  30.905  51.345 0.1000000015
73216  39.544  31.520  51.825 0.1000000015
94584  37.914  31.767  52.533 0.1000000015
73208  37.093  31.881  52.749 0.1000000015
73570  35.995  32.719  53.084 0.1000000015
73991  36.301  33.317  52.928 0.1000000015
73993  34.868  33.327  53.652 0.1000000015
73986  34.197  33.340  54.172 0.1000000015
71228  47.267  27.366  48.369 0.1000000015
71245  46.599  27.394  47.801 0.1000000015
86304  45.448  29.535  50.182 0.1000000015
72283  44.681  29.668  50.381 0.1000000015
87281  43.911  29.800  50.607 0.1000000015
72813  42.720  30.489  50.564 0.1000000015
99312  41.333  31.160  50.901 0.1000000015
73215  40.243  31.578  51.473 0.1000000015
73574  39.178  32.290  51.894 0.1000000015
73575  38.436  32.389  52.256 0.1000000015
73576  37.609  32.655  52.528 0.1000000015
73577  36.691  32.632  52.807 0.1000000015
102583  45.507  27.471  47.168 0.1000000015
71263  44.930  27.557  46.653 0.1000000015
85112  44.025  27.682  45.487 0.1000000015
71264  43.968  27.613  46.384 0.1000000015
71819  44.605  27.972  39.769 0.1000000015
93530  42.948  27.685  41.034 0.1000000015
70583  37.171  25.760  63.272 0.1000000015
70033  36.746  25.033  63.276 0.1000000015
70594  35.182  26.175  62.442 0.1000000015
101559  34.185  27.079  61.579 0.1000000015
71118  33.789  27.231  61.199 0.1000000015
92627  33.494  28.319  60.275 0.1000000015
71681  33.236  28.587  59.476 0.1000000015
72172  33.542  29.143  60.070 0.1000000015
86618  33.071  30.278  58.557 0.1000000015
97628  33.017  30.941  58.038 0.1000000015
71763  52.203  28.443  48.659 0.1000000015
73562  33.434  32.863  56.940 0.1000000015
71224  52.013  27.904  48.278 0.1000000015
72290  52.139  29.248  49.404 0.1000000015
74462  33.526  34.340  55.923 0.1000000015
74468  33.557  34.015  55.114 0.1000000015
72292  50.670  29.497  49.780 0.1000000015
74465  33.820  34.852  55.037 0.1000000015
94555  49.996  27.452  47.961 0.1000000015
71244  47.707  27.494  47.067 0.1000000015
86573  50.499  29.301  48.962 0.1000000015
72293  49.360  29.316  49.324 0.1000000015
72294  47.945  29.360  49.376 0.1000000015
72281  46.830  29.375  50.515 0.1000000015
73992  35.605  33.288  53.264 0.1000000015
95996  34.307  34.681  54.321 0.1000000015
74467  33.907  34.051  54.522 0.1000000015
72307  48.360  29.356  48.429 0.1000000015
101840  47.668  29.436  48.764 0.1000000015
85038  46.226  29.464  49.962 0.1000000015
72296  45.747  29.742  49.464 0.1000000015
72811  44.222  30.204  49.918 0.1000000015
73222  42.791  31.191  50.194 0.1000000015
73223  42.041  30.968  50.608 0.1000000015
73214  40.913  31.767  51.050 0.1000000015
73583  39.820  32.182  51.615 0.1000000015
92820  38.273  33.070  52.331 0.1000000015
74474  34.517  34.064  53.933 0.1000000015
71261  46.279  27.509  46.482 0.1000000015
72819  45.411  30.322  49.003 0.1000000015
72820  44.637  30.839  49.173 0.1000000015
72821  43.899  30.925  49.603 0.1000000015
73232  42.940  31.934  49.923 0.1000000015
87612  41.630  31.836  50.646 0.1000000015
73582  40.462  32.435  51.401 0.1000000015
73997  39.796  33.012  51.788 0.1000000015
94945  38.931  33.063  52.114 0.1000000015
73999  37.823  33.520  52.474 0.1000000015
92547  35.932  33.863  53.120 0.1000000015
74473  35.273  34.019  53.444 0.1000000015
71287  46.066  27.525  43.919 0.1000000015
85113  45.267  27.607  45.827 0.1000000015
74013  42.079  33.183  50.990 0.1000000015
73581  41.333  32.693  51.050 0.1000000015
74005  40.753  33.310  51.609 0.1000000015
71302  45.412  27.516  43.228 0.1000000015
71288  44.942  27.583  44.284 0.1000000015
99805  44.607  27.651  45.914 0.1000000015
71312  44.666  27.514  42.142 0.1000000015
85072  44.330  27.634  43.559 0.1000000015
85108  44.131  27.697  44.609 0.1000000015
71321  44.663  27.656  40.263 0.1000000015
71303  43.474  27.629  42.805 0.1000000015
71289  43.359  27.771  43.993 0.1000000015
70032  37.526  25.089  63.473 0.1000000015
102516  35.758  25.919  62.732 0.1000000015
71109  34.678  26.908  61.967 0.1000000015
97220  34.401  27.689  61.576 0.1000000015
98029  34.337  28.416  61.292 0.1000000015
71674  33.954  28.767  60.762 0.1000000015
72171  34.186  29.551  60.585 0.1000000015
72754  34.028  30.779  59.716 0.1000000015
72745  33.729  29.980  59.919 0.1000000015
88906  33.392  32.244  57.508 0.1000000015
73978  33.803  33.584  57.208 0.1000000015
71770  51.912  28.165  47.527 0.1000000015
74461  33.770  34.857  56.690 0.1000000015
74983  33.712  35.292  55.954 0.1000000015
74458  33.686  34.160  56.756 0.1000000015
88586  51.764  27.837  47.491 0.1000000015
72304  51.944  28.641  48.128 0.1000000015
98104  51.670  28.784  47.864 0.1000000015
72305  51.133  29.129  48.200 0.1000000015
93722  34.061  35.835  55.334 0.1000000015
71258  50.207  27.545  46.346 0.1000000015
71242  49.603  27.463  47.208 0.1000000015
74986  34.515  35.521  54.430 0.1000000015
71259  49.415  27.577  45.757 0.1000000015
85117  48.420  27.522  46.374 0.1000000015
72306  49.741  29.263  48.297 0.1000000015
72308  47.428  29.580  48.290 0.1000000015
97577  47.164  29.493  48.966 0.1000000015
73230  44.166  31.785  49.284 0.1000000015
74997  34.956  34.870  53.761 0.1000000015
85109  48.377  27.525  45.237 0.1000000015
71260  47.517  27.504  46.191 0.1000000015
73589  42.906  32.499  50.231 0.1000000015
90325  39.367  33.794  52.211 0.1000000015
73998  38.559  33.701  52.343 0.1000000015
93682  38.094  34.165  52.498 0.1000000015
74471  36.884  34.804  52.877 0.1000000015
74472  35.924  34.654  53.225 0.1000000015
74996  35.565  35.486  53.567 0.1000000015
71286  47.659  27.501  44.340 0.1000000015
85115  46.735  27.518  45.955 0.1000000015
73600  43.683  32.414  49.745 0.1000000015
74012  42.945  33.214  50.722 0.1000000015
74004  41.663  33.574  51.495 0.1000000015
74486  41.191  34.175  52.064 0.1000000015
73996  40.240  33.892  52.081 0.1000000015
74480  38.841  34.521  52.496 0.1000000015
75009  37.894  34.898  52.700 0.1000000015
74995  36.402  35.466  53.217 0.1000000015
71301  46.490  27.485  42.672 0.1000000015
74010  45.577  33.848  50.144 0.1000000015
74011  44.289  33.685  50.604 0.1000000015
74003  42.577  33.720  51.401 0.1000000015
74478  40.556  34.529  52.346 0.1000000015
75007  39.440  35.230  52.641 0.1000000015
75008  38.679  35.262  52.701 0.1000000015
74994  37.281  35.583  52.991 0.1000000015
74489  45.776  34.434  50.637 0.1000000015
87340  44.575  34.442  51.369 0.1000000015
74484  43.284  34.332  51.815 0.1000000015
74477  41.853  34.813  52.419 0.1000000015
88212  41.093  34.834  52.459 0.1000000015
75519  39.844  35.931  52.858 0.1000000015
74992  39.020  35.850  52.856 0.1000000015
74993  38.184  35.755  52.907 0.1000000015
74009  46.901  34.592  49.805 0.1000000015
74488  46.933  35.259  50.634 0.1000000015
74483  45.401  35.114  51.799 0.1000000015
74476  42.947  34.922  52.467 0.1000000015
75005  41.440  35.474  52.750 0.1000000015
75012  46.860  35.775  51.544 0.1000000015
75001  46.557  36.419  52.360 0.1000000015
75003  43.979  35.540  52.835 0.1000000015
75004  42.992  35.643  52.958 0.1000000015
74989  42.234  35.931  53.066 0.1000000015
75518  44.791  36.375  53.193 0.1000000015
95383  44.116  36.902  53.417 0.1000000015
70592  36.879  26.520  62.997 0.1000000015
97764  36.033  26.482  62.738 0.1000000015
71108  35.548  27.108  62.398 0.1000000015
71117  35.101  27.638  62.034 0.1000000015
72164  34.634  29.087  61.194 0.1000000015
74981  33.904  35.653  56.696 0.1000000015
71240  51.743  27.931  46.755 0.1000000015
71774  51.696  28.202  46.556 0.1000000015
72317  51.626  28.480  47.109 0.1000000015
98051  33.869  36.030  56.073 0.1000000015
87003  50.635  27.731  45.335 0.1000000015
71780  51.531  28.324  45.770 0.1000000015
72318  51.231  28.864  47.204 0.1000000015
75501  34.617  36.575  54.829 0.1000000015
72319  50.264  29.158  47.379 0.1000000015
72329  48.634  29.569  46.590 0.1000000015
72309  46.738  29.782  48.504 0.1000000015
72828  46.467  30.254  48.134 0.1000000015
74985  35.208  36.178  54.014 0.1000000015
72310  46.081  29.984  48.764 0.1000000015
72829  45.913  30.797  48.207 0.1000000015
72830  45.273  31.110  48.600 0.1000000015
90232  36.043  36.161  53.517 0.1000000015
73246  47.428  32.432  47.080 0.1000000015
73247  46.507  31.964  47.675 0.1000000015
73238  45.182  32.097  48.634 0.1000000015
99468  36.792  36.084  53.271 0.1000000015
73620  47.584  33.338  47.143 0.1000000015
73611  46.654  32.822  48.152 0.1000000015
73598  46.222  33.240  48.801 0.1000000015
73599  44.873  32.700  49.301 0.1000000015
74030  47.596  33.967  47.858 0.1000000015
99823  47.510  33.537  47.839 0.1000000015
74019  47.211  34.227  48.955 0.1000000015
74020  45.988  33.620  49.503 0.1000000015
75510  38.596  36.412  53.129 0.1000000015
74018  47.394  34.382  48.414 0.1000000015
74990  41.542  36.201  53.115 0.1000000015
96331  43.066  36.360  53.287 0.1000000015
75508  41.140  36.868  53.318 0.1000000015
75506  43.363  37.195  53.453 0.1000000015
75507  42.292  36.816  53.366 0.1000000015
71656  35.797  27.962  62.259 0.1000000015
71663  35.090  28.438  61.742 0.1000000015
98807  34.473  30.353  60.387 0.1000000015
74457  34.189  34.399  57.406 0.1000000015
75480  35.098  36.715  58.068 0.1000000015
75481  34.595  36.665  57.522 0.1000000015
87207  34.112  35.203  57.217 0.1000000015
74978  34.322  35.880  57.365 0.1000000015
75490  34.159  36.527  56.681 0.1000000015
72328  50.624  29.064  46.432 0.1000000015
72320  47.109  30.079  47.617 0.1000000015
75968  34.589  37.295  55.423 0.1000000015
75500  35.230  36.942  54.346 0.1000000015
72330  47.800  30.101  46.680 0.1000000015
75513  35.831  36.879  53.870 0.1000000015
72844  47.754  31.300  46.036 0.1000000015
72837  46.724  31.003  47.390 0.1000000015
73258  47.726  31.882  45.918 0.1000000015
73253  47.586  32.464  46.504 0.1000000015
75511  37.613  36.421  53.238 0.1000000015
75512  36.678  36.749  53.533 0.1000000015
73259  47.278  31.948  45.676 0.1000000015
73635  47.513  32.538  46.345 0.1000000015
73245  47.807  33.008  46.821 0.1000000015
75509  40.086  36.717  53.213 0.1000000015
96198  39.338  36.396  53.081 0.1000000015
75978  43.089  37.916  53.515 0.1000000015
97903  41.962  37.565  53.474 0.1000000015
72170  34.922  29.894  61.031 0.1000000015
75470  35.790  36.270  58.355 0.1000000015
85449  49.699  29.406  45.676 0.1000000015
72338  50.459  29.359  44.614 0.1000000015
72843  48.520  30.070  45.529 0.1000000015
75975  35.019  37.436  54.807 0.1000000015
97943  50.193  29.530  44.053 0.1000000015
72339  49.531  29.717  44.562 0.1000000015
72850  48.753  30.221  44.415 0.1000000015
72348  49.810  29.608  43.575 0.1000000015
72851  48.037  30.978  45.248 0.1000000015
75983  36.435  37.515  53.873 0.1000000015
90056  47.931  30.643  44.517 0.1000000015
73267  47.634  31.348  45.351 0.1000000015
75982  37.437  37.355  53.570 0.1000000015
73268  46.880  31.190  44.868 0.1000000015
75981  38.376  37.589  53.516 0.1000000015
95998  38.240  36.962  53.348 0.1000000015
75980  39.953  37.632  53.476 0.1000000015
94803  39.101  37.058  53.337 0.1000000015
98507  40.537  37.210  53.394 0.1000000015
96448  34.664  35.163  57.733 0.1000000015
74977  34.938  35.994  57.953 0.1000000015
75947  34.925  37.427  57.791 0.1000000015
72349  48.822  29.850  43.567 0.1000000015
72743  35.271  30.674  60.764 0.1000000015
72163  35.447  29.344  61.526 0.1000000015
101882  42.836  21.682  58.627 0.1000000015
71218  47.039  27.218  49.095 0.1000000015
95663  48.208  27.353  49.824 0.1000000015
71194  50.148  27.581  52.668 0.1000000015
99151  49.507  27.461  51.924 0.1000000015
66520  38.598  19.650  51.686 0.1000000015
68982  44.328  23.278  53.326 0.1000000015
70613  47.496  26.105  59.617 0.1000000015
67920  34.284  21.495  52.526 0.1000000015
68485  31.687  22.345  51.407 0.1000000015
66509  36.089  19.921  52.252 0.1000000015
71133  48.553  27.726  59.369 0.1000000015
71140  50.473  28.230  56.946 0.1000000015
68480  34.587  22.689  52.395 0.1000000015
69544  33.738  24.145  51.300 0.1000000015
67919  35.629  21.387  52.592 0.1000000015
68481  34.031  22.213  52.386 0.1000000015
68473  43.519  22.104  53.164 0.1000000015
68478  36.557  22.416  52.588 0.1000000015
96769  43.779  23.213  58.567 0.1000000015
68938  45.921  23.709  59.299 0.1000000015
68437  45.330  22.885  59.086 0.1000000015
92096  42.829  24.090  58.503 0.1000000015
94837  41.063  23.840  58.442 0.1000000015
68442  40.359  22.492  58.410 0.1000000015
69492  44.876  24.543  58.748 0.1000000015
69493  44.032  24.672  58.552 0.1000000015
70056  46.468  25.177  59.309 0.1000000015
70064  45.505  25.197  58.872 0.1000000015
69500  37.538  24.487  58.264 0.1000000015
86437  45.285  25.907  58.616 0.1000000015
71134  47.370  27.304  58.765 0.1000000015
70081  40.533  25.948  57.832 0.1000000015
99125  50.696  28.599  56.124 0.1000000015
86432  51.659  27.233  54.888 0.1000000015
69529  42.487  24.103  52.294 0.1000000015
102297  40.314  25.161  51.135 0.1000000015
93523  30.463  23.715  50.446 0.1000000015
69530  41.762  24.084  52.147 0.1000000015
69547  38.979  25.120  50.996 0.1000000015
69539  38.093  24.974  51.115 0.1000000015
98452  38.537  23.892  52.121 0.1000000015
68992  36.002  23.069  52.476 0.1000000015
96158  39.218  22.534  52.518 0.1000000015
70137  29.764  25.626  50.068 0.1000000015
68953  37.865  23.706  58.356 0.1000000015
70628  45.177  27.270  57.854 0.1000000015
70629  44.355  26.879  57.932 0.1000000015
70632  41.648  26.609  57.551 0.1000000015
71146  43.915  27.393  57.489 0.1000000015
71156  43.572  27.886  56.992 0.1000000015
71149  41.192  27.089  57.039 0.1000000015
71160  39.881  27.314  56.451 0.1000000015
70139  39.822  25.951  50.121 0.1000000015
95803  39.144  26.089  49.609 0.1000000015
70130  36.177  25.251  49.961 0.1000000015
70697  35.303  26.097  48.929 0.1000000015
102679  34.681  25.585  49.828 0.1000000015
93746  30.474  26.954  50.427 0.1000000015
70687  30.184  26.233  50.321 0.1000000015
86970  45.857  29.806  56.287 0.1000000015
71161  39.006  27.280  56.355 0.1000000015
72760  48.691  31.053  56.183 0.1000000015
72196  43.744  29.016  56.088 0.1000000015
71713  50.784  29.415  55.606 0.1000000015
86365  42.342  26.373  49.669 0.1000000015
70708  40.407  26.861  48.608 0.1000000015
70717  37.365  26.548  47.333 0.1000000015
70718  36.590  26.836  47.253 0.1000000015
70719  36.045  26.614  47.826 0.1000000015
68955  35.483  23.607  58.706 0.1000000015
70087  34.965  26.212  57.757 0.1000000015
70648  36.814  27.149  56.537 0.1000000015
71706  42.488  28.296  56.253 0.1000000015
100739  41.198  27.851  56.282 0.1000000015
71171  38.727  27.789  55.801 0.1000000015
72204  43.468  29.134  55.407 0.1000000015
71715  42.184  28.585  55.650 0.1000000015
71708  40.874  28.072  55.902 0.1000000015
71718  39.321  28.228  55.362 0.1000000015
93191  49.533  31.284  55.739 0.1000000015
72766  50.186  31.047  55.274 0.1000000015
91712  39.651  26.754  48.455 0.1000000015
71268  37.802  27.432  46.111 0.1000000015
72333  36.865  28.973  46.930 0.1000000015
67883  36.837  21.498  58.594 0.1000000015
68432  35.334  22.693  58.969 0.1000000015
72775  47.055  30.541  55.303 0.1000000015
72773  49.004  31.298  54.997 0.1000000015
72213  45.468  29.672  54.508 0.1000000015
72210  51.126  30.161  54.066 0.1000000015
72217  40.642  28.815  54.390 0.1000000015
72218  39.852  28.894  54.297 0.1000000015
71732  37.226  28.939  54.601 0.1000000015
71193  51.254  28.001  52.225 0.1000000015
71233  42.519  27.162  48.186 0.1000000015
98777  40.436  27.533  45.804 0.1000000015
71267  39.166  27.186  46.083 0.1000000015
71281  38.993  27.368  45.315 0.1000000015
72342  38.007  28.757  45.862 0.1000000015
72332  37.532  29.362  46.514 0.1000000015
70057  34.137  25.275  58.927 0.1000000015
72212  46.433  29.980  54.570 0.1000000015
86466  41.898  29.044  53.564 0.1000000015
71740  51.950  28.893  52.857 0.1000000015
72239  38.211  29.662  53.659 0.1000000015
72221  36.844  29.645  54.093 0.1000000015
70690  45.031  26.708  48.986 0.1000000015
68923  33.949  23.154  61.394 0.1000000015
72778  34.514  30.302  54.596 0.1000000015
99586  46.171  29.430  53.114 0.1000000015
85662  43.903  29.268  53.188 0.1000000015
102015  51.449  27.778  50.577 0.1000000015
72256  42.696  29.284  52.362 0.1000000015
72797  40.293  29.876  52.474 0.1000000015
68919  34.210  23.733  62.046 0.1000000015
71686  33.091  28.718  58.575 0.1000000015
72762  33.004  30.197  56.803 0.1000000015
100783  33.423  30.916  55.216 0.1000000015
72250  48.900  29.869  52.595 0.1000000015
71748  52.395  29.125  51.308 0.1000000015
73199  33.369  31.571  55.000 0.1000000015
71204  52.339  28.438  49.854 0.1000000015
100955  47.163  29.411  52.264 0.1000000015
71206  50.951  27.573  49.994 0.1000000015
91452  48.414  29.371  51.008 0.1000000015
99566  48.820  27.403  49.791 0.1000000015
71216  49.378  27.431  49.336 0.1000000015
72272  43.729  29.458  51.421 0.1000000015
72285  42.303  30.071  51.045 0.1000000015
72807  40.068  30.683  51.898 0.1000000015
71227  48.152  27.404  48.517 0.1000000015
71229  46.346  27.176  48.588 0.1000000015
71812  41.933  28.574  41.537 0.1000000015
71226  49.099  27.420  48.644 0.1000000015
73207  38.757  31.487  52.259 0.1000000015
71327  43.970  27.717  40.013 0.1000000015
71322  43.831  27.571  40.647 0.1000000015
84807  42.607  27.657  42.091 0.1000000015
72303  52.258  28.940  48.922 0.1000000015
73189  33.045  31.460  57.381 0.1000000015
73980  33.501  33.550  56.425 0.1000000015
72291  51.510  29.349  49.195 0.1000000015
71241  50.968  27.563  47.106 0.1000000015
85907  47.915  27.435  47.839 0.1000000015
71243  48.569  27.484  47.198 0.1000000015
85116  46.866  27.461  46.930 0.1000000015
74000  37.049  33.381  52.662 0.1000000015
84979  46.117  27.474  47.155 0.1000000015
72297  44.980  29.944  49.655 0.1000000015
72812  43.417  30.519  50.195 0.1000000015
71313  43.623  27.554  41.614 0.1000000015
72295  47.017  29.427  49.709 0.1000000015
85105  49.001  29.320  47.479 0.1000000015
85004  46.470  29.606  49.228 0.1000000015
73231  43.410  31.468  49.747 0.1000000015
86482  42.358  31.853  50.288 0.1000000015
85114  46.012  27.534  45.767 0.1000000015
73590  42.166  32.565  50.601 0.1000000015
74481  37.367  34.140  52.621 0.1000000015
100496  45.480  27.549  44.106 0.1000000015
71276  45.569  27.548  44.864 0.1000000015
85106  47.016  27.483  43.543 0.1000000015
71275  46.588  27.518  44.860 0.1000000015
71277  44.755  27.615  45.173 0.1000000015
71311  45.940  27.516  41.721 0.1000000015
87564  44.447  27.486  41.044 0.1000000015
71257  51.264  27.764  46.136 0.1000000015
85588  49.196  27.510  46.603 0.1000000015
85104  47.937  29.584  47.497 0.1000000015
71274  47.318  27.505  45.358 0.1000000015
73588  43.596  33.001  50.216 0.1000000015
74479  39.814  34.535  52.405 0.1000000015
71285  48.883  27.598  43.775 0.1000000015
74021  44.566  33.198  49.879 0.1000000015
74002  43.466  33.859  51.222 0.1000000015
74485  42.232  34.255  51.959 0.1000000015
75006  40.420  35.231  52.622 0.1000000015
99461  46.043  34.953  51.207 0.1000000015
74475  44.233  34.919  52.239 0.1000000015
92517  42.267  35.333  52.717 0.1000000015
74991  40.737  36.066  52.966 0.1000000015
75016  47.289  35.884  50.747 0.1000000015
74491  47.276  34.743  48.967 0.1000000015
75023  46.956  35.413  49.945 0.1000000015
75002  45.463  35.755  52.545 0.1000000015
75015  47.163  36.366  51.206 0.1000000015
71271  51.337  28.095  45.371 0.1000000015
75497  34.217  36.614  55.735 0.1000000015
96946  49.589  29.284  46.710 0.1000000015
73237  45.790  31.752  48.203 0.1000000015
72845  47.434  31.606  46.711 0.1000000015
73621  47.285  32.915  47.591 0.1000000015
74031  47.460  33.882  48.347 0.1000000015
72836  47.349  30.731  46.899 0.1000000015
75984  35.660  37.562  54.321 0.1000000015
92126  47.653  11.935  43.181 0.1000000015
61482  47.848  12.674  42.788 0.1000000015
97850  48.176  12.086  42.606 0.1000000015
91607  48.653  11.806  42.133 0.1000000015
60783  50.231  11.697  40.675 0.1000000015
62158  48.092  13.337  42.422 0.1000000015
61492  49.086  12.342  41.550 0.1000000015
62157  48.674  13.245  41.770 0.1000000015
60773  49.127  11.508  41.657 0.1000000015
61500  49.743  12.408  40.881 0.1000000015
90945  48.874  13.983  41.407 0.1000000015
62869  48.488  14.789  41.712 0.1000000015
62180  49.478  13.970  40.826 0.1000000015
62168  49.306  13.191  41.156 0.1000000015
62179  49.923  13.191  40.578 0.1000000015
62882  49.068  14.737  41.108 0.1000000015
91989  50.751  11.085  40.581 0.1000000015
61481  48.441  12.589  42.216 0.1000000015
62859  48.306  14.036  42.055 0.1000000015
52244  43.371  0.486  60.679 0.1000000015
53057  41.454  0.902  60.361 0.2000000030
53192  61.758  1.687  41.698 0.1000000015
54618  39.045  2.911  57.759 0.2000000030
56141  34.840  4.758  61.730 0.1000000015
56185  41.756  4.847  55.932 0.1000000015
58432  54.853  9.764  62.465 0.1000000015
60780  52.337  11.184  40.239 0.1000000015
61427  42.060  12.022  50.722 0.3000000119
62187  51.265  13.095  39.753 0.2000000030
62712  49.577  15.008  65.834 0.5000000000
62742  49.605  14.806  65.470 0.5000000000
62886  57.486  14.526  38.952 0.4000000060
63462  47.918  16.097  61.667 0.5000000000
63609  48.046  15.710  42.056 0.1000000015
63615  49.783  15.459  40.334 0.2000000030
63629  57.150  16.146  38.162 0.6000000238
64230  51.950  16.683  65.260 0.4000000060
64242  51.370  16.142  65.297 0.4000000060
64358  55.182  17.329  49.094 0.8999999762
64448  56.961  16.577  37.925 0.6000000238
64456  56.612  17.070  37.881 0.6000000238
64967  52.346  17.204  64.910 0.4000000060
64977  50.341  16.901  62.687 0.6000000238
65040  55.072  17.997  56.701 0.6999999881
65046  47.144  17.797  55.904 0.6999999881
65080  50.060  17.773  52.404 0.6999999881
65704  51.988  17.623  65.243 0.4000000060
65755  36.647  18.809  60.867 0.1000000015
65776  50.612  18.394  58.421 0.6000000238
65789  48.349  18.382  57.294 0.5000000000
65797  54.986  18.119  56.616 0.6000000238
66609  54.140  20.196  45.252 0.8000000119
66649  51.189  20.368  38.544 0.4000000060
67279  53.725  20.703  45.942 0.8999999762
67358  53.807  20.311  39.081 0.5000000000
67374  47.805  21.287  37.825 0.4000000060
67392  47.230  21.179  36.923 0.4000000060
67393  46.573  21.099  36.898 0.4000000060
67394  45.808  20.839  37.173 0.3000000119
67942  52.162  21.436  44.437 0.8999999762
67980  47.705  21.231  37.210 0.4000000060
67981  47.077  21.296  36.993 0.4000000060
68440  42.668  22.497  58.519 0.1000000015
68940  33.825  24.096  59.808 0.1000000015
69499  38.329  24.378  58.294 0.1000000015
71151  34.533  27.342  57.151 0.1000000015
71256  51.602  27.977  46.118 0.1000000015
71262  45.690  27.536  46.520 0.1000000015
71328  43.509  27.712  40.441 0.1000000015
71664  33.769  28.014  61.022 0.1000000015
71755  52.468  28.928  49.700 0.1000000015
71762  52.391  28.834  49.236 0.1000000015
72192  48.675  30.421  56.781 0.1000000015
72276  52.275  29.259  50.019 0.1000000015
72755  33.441  30.354  59.281 0.1000000015
72779  33.813  30.995  54.656 0.1000000015
72785  39.042  30.022  52.929 0.1000000015
72799  38.846  30.626  52.607 0.1000000015
73564  33.191  32.150  55.555 0.1000000015
73627  47.729  32.981  46.660 0.1000000015
74482  36.561  34.032  52.849 0.1000000015
74988  43.732  36.084  53.217 0.1000000015
75517  46.074  36.813  53.033 0.1000000015
84972  50.367  27.465  49.461 0.1000000015
85741  49.043  20.701  43.244 0.6000000238
87815  51.472  21.295  44.104 0.8000000119
88641  51.950  29.077  48.594 0.1000000015
90370  33.414  26.083  60.436 0.1000000015
92252  37.947  2.301  59.964 0.2000000030
93800  43.168  26.661  57.834 0.1000000015
94465  41.416  12.844  51.335 0.3000000119
95029  41.030  28.201  42.581 0.1000000015
96777  45.790  26.867  49.001 0.1000000015
96808  38.958  8.060  54.258 0.2000000030
96903  47.704  33.137  46.850 0.1000000015
97264  33.389  27.175  58.942 0.1000000015
97788  41.235  28.672  54.864 0.1000000015
98283  54.728  12.002  43.001 0.4000000060
98692  46.043  0.315  61.501 0.1000000015
98978  58.216  11.484  40.399 0.2000000030
99485  34.100  12.128  61.530 0.2000000030
99701  48.604  1.448  61.554 0.2000000030
100116  55.090  9.222  62.722 0.1000000015
100584  46.107  26.393  51.712 0.2000000030
100971  43.730  17.249  55.689 0.4000000060
101045  53.967  16.190  39.949 0.6000000238
101215  45.453  13.624  61.049 0.3000000119
101705  47.141  36.463  50.965 0.1000000015
102659  35.020  35.526  53.906 0.1000000015
