#!ascii label  , from subject sub-v2s10x28983_ses-1 vox2ras=TkReg
4427
321  -8.290  -90.530  3.133 0.8999999762
133261  -10.100  -90.583  3.716 0.8000000119
121930  -10.973  -90.556  3.552 0.8000000119
120486  -12.388  -90.537  3.812 0.8000000119
337  -9.279  -90.537  2.664 0.8999999762
340  -12.298  -90.665  2.494 0.8000000119
127158  -13.263  -90.635  3.137 0.8000000119
120108  -15.131  -90.620  2.634 0.8000000119
353  -11.662  -90.664  1.497 0.8000000119
354  -12.499  -90.660  1.478 0.8000000119
138005  -13.838  -90.622  2.074 0.8000000119
907  -3.376  -87.983  8.761 0.6999999881
471  -2.168  -89.144  8.220 0.8000000119
482  -2.219  -89.584  7.171 0.6999999881
150  -3.695  -90.795  8.020 0.6000000238
135296  -16.131  -90.618  4.077 0.5000000000
344  -16.324  -90.605  3.456 0.6999999881
124641  -17.153  -90.600  4.083 0.6000000238
134168  -15.909  -90.619  2.194 0.8000000119
358  -15.216  -90.623  1.989 0.8000000119
359  -16.917  -90.523  2.347 0.6999999881
368  -16.378  -90.550  1.428 0.8000000119
919  -2.601  -88.121  7.840 0.8000000119
918  -2.120  -88.692  7.914 0.8000000119
128491  -3.086  -85.799  5.995 0.8000000119
294  -2.350  -89.692  6.200 1.0000000000
175  -3.864  -90.368  4.615 0.8999999762
167  -5.206  -90.698  4.944 0.8999999762
319  -6.019  -90.361  2.943 0.8999999762
177  -5.626  -90.492  4.044 0.8999999762
135820  -7.335  -90.408  2.195 0.8999999762
328  -15.688  -90.612  3.931 0.5000000000
526  -18.906  -89.486  4.260 0.6000000238
345  -17.011  -90.601  3.284 0.6999999881
744  -19.026  -88.498  4.085 0.6999999881
336  -8.077  -90.393  1.873 0.8999999762
119435  -10.975  -90.522  0.702 0.8999999762
363  -11.922  -90.625  0.832 1.0000000000
134506  -10.369  -90.200  0.065 0.8999999762
126295  -15.886  -90.570  0.633 0.8000000119
755  -18.650  -89.256  2.479 0.6999999881
378  -15.804  -90.538  -0.339 1.0000000000
379  -16.791  -90.470  0.409 0.8000000119
555  -18.254  -89.766  0.424 0.8000000119
2692  -3.270  -84.116  13.437 0.6999999881
1269  -3.538  -87.353  7.797 0.6999999881
481  -1.963  -89.058  7.378 0.8000000119
1316  -1.623  -86.465  5.123 0.8999999762
133125  -4.675  -90.091  2.945 1.0000000000
335  -6.434  -90.245  2.018 0.8999999762
982  -19.892  -87.575  4.757 0.6000000238
993  -21.191  -87.189  4.048 0.6000000238
365  -13.908  -90.618  0.944 0.8000000119
128129  -14.231  -90.584  0.366 1.0000000000
369  -17.391  -90.362  1.376 0.8000000119
991  -19.476  -87.502  4.089 0.6000000238
763  -19.012  -88.340  2.188 0.6999999881
1347  -20.697  -86.660  3.418 0.6000000238
375  -13.362  -90.494  -0.128 1.0000000000
770  -19.387  -88.513  0.011 0.6999999881
1298  -3.799  -85.641  6.716 0.8000000119
135857  -3.505  -86.695  7.059 0.8000000119
3339  -3.382  -82.916  10.081 0.8000000119
129424  -2.416  -89.670  9.292 0.6000000238
929  -2.030  -88.418  7.131 0.8000000119
491  -1.832  -89.095  6.396 0.8999999762
955  -1.560  -87.436  5.244 0.8999999762
307  -2.585  -89.685  5.303 1.0000000000
165  -4.001  -90.510  5.672 0.8999999762
158  -4.812  -90.983  6.338 0.8000000119
168  -5.971  -91.116  5.420 0.8000000119
178  -6.718  -90.664  4.237 0.8999999762
334  -5.576  -90.077  2.242 1.0000000000
349  -7.122  -90.123  1.484 0.8999999762
119603  -9.853  -90.376  0.784 0.8999999762
366  -14.692  -90.595  1.079 0.8000000119
367  -15.429  -90.602  1.270 0.8000000119
360  -17.700  -90.401  2.858 0.6999999881
762  -18.671  -89.340  1.364 0.8000000119
137180  -18.368  -89.805  1.976 0.6999999881
1346  -19.913  -86.760  3.433 0.6000000238
130548  -12.601  -90.253  -0.530 1.0000000000
385  -15.778  -90.301  -1.289 1.0000000000
120291  -19.180  -88.458  1.067 0.6999999881
1000  -19.411  -87.415  1.865 0.6000000238
1420  -13.006  -86.655  -1.503 0.8000000119
554  -17.449  -90.161  -0.369 1.0000000000
125481  -20.427  -86.225  2.002 0.6000000238
130565  -13.429  -90.104  -0.956 1.0000000000
1406  -20.413  -86.262  -0.361 0.8000000119
1034  -19.731  -88.620  -2.453 0.8999999762
1422  -20.122  -87.448  -1.292 0.8000000119
1050  -20.385  -87.421  -3.116 0.8999999762
1423  -20.504  -86.255  -1.518 0.8000000119
1737  -5.001  -84.655  8.112 0.6000000238
940  -1.610  -88.205  5.487 1.0000000000
708  -1.690  -88.444  4.938 1.0000000000
2184  -1.848  -85.031  10.212 0.8999999762
2771  -2.195  -84.392  7.369 0.8999999762
709  -2.063  -88.792  4.804 0.8999999762
136183  -3.903  -88.431  5.676 1.0000000000
483  -4.639  -89.023  6.816 1.0000000000
118147  -1.790  -88.873  5.073 1.0000000000
492  -3.757  -89.144  5.857 1.0000000000
493  -4.484  -89.255  6.312 1.0000000000
484  -5.231  -89.071  7.135 1.0000000000
1315  -1.474  -86.221  4.367 0.8999999762
514  -3.555  -90.061  3.787 1.0000000000
131203  -5.842  -88.534  7.380 1.0000000000
136090  -1.500  -84.843  4.931 0.8999999762
121603  -4.103  -89.955  3.015 1.0000000000
504  -3.566  -89.579  4.827 1.0000000000
495  -6.395  -89.388  6.175 1.0000000000
711  -7.906  -89.102  4.968 1.0000000000
515  -4.826  -89.807  3.076 1.0000000000
516  -6.042  -89.576  3.416 1.0000000000
347  -5.591  -89.821  2.332 1.0000000000
723  -8.241  -89.010  3.868 1.0000000000
130421  -7.273  -89.969  1.263 1.0000000000
525  -7.625  -89.422  1.846 1.0000000000
362  -8.692  -90.087  0.810 0.8999999762
1016  -6.822  -87.203  -0.939 0.5000000000
371  -8.701  -89.906  0.752 1.0000000000
372  -9.555  -89.983  0.352 1.0000000000
1400  -7.938  -86.608  -0.062 0.6999999881
380  -10.827  -89.989  -0.357 1.0000000000
373  -11.253  -90.350  0.024 1.0000000000
1020  -10.196  -87.188  -1.048 0.8000000119
383  -13.859  -89.901  -1.197 1.0000000000
122929  -16.514  -90.430  -0.627 1.0000000000
1353  -19.881  -86.667  2.485 0.6000000238
1418  -10.911  -87.152  -1.197 0.8000000119
1419  -12.152  -86.840  -1.204 0.8000000119
1365  -19.954  -86.612  1.520 0.6000000238
561  -17.369  -89.948  -1.424 1.0000000000
1366  -20.605  -85.906  1.276 0.6999999881
1452  -13.049  -86.826  -3.514 0.8000000119
567  -18.074  -89.658  -1.787 1.0000000000
777  -19.572  -88.739  -1.162 0.8000000119
1839  -20.862  -85.613  0.761 0.8000000119
1408  -22.550  -86.484  -0.493 0.6999999881
1407  -20.856  -85.600  0.076 0.8000000119
1424  -22.669  -86.209  -1.107 0.6999999881
1035  -20.315  -87.435  -2.357 0.8999999762
1440  -20.508  -86.404  -2.515 0.8999999762
1876  -21.182  -85.133  -2.523 0.8000000119
1890  -22.522  -84.955  -3.560 0.8000000119
1889  -20.621  -85.600  -3.851 0.8000000119
1198  -2.863  -86.926  15.683 0.6000000238
2170  -1.627  -85.228  10.904 0.8999999762
1297  -3.003  -86.477  6.286 0.8000000119
720  -1.853  -87.882  4.334 0.8999999762
942  -4.585  -88.119  6.178 1.0000000000
2169  -0.878  -84.935  11.118 0.8999999762
1750  -3.199  -85.165  6.066 0.8999999762
132870  -1.467  -86.916  4.622 0.8999999762
697  -5.280  -88.691  7.154 1.0000000000
931  -5.593  -87.986  7.272 1.0000000000
117818  -1.387  -84.981  9.735 0.8999999762
2197  -1.550  -84.611  8.789 0.8999999762
2790  -2.712  -84.288  6.868 0.8999999762
126741  -1.833  -84.692  6.077 0.8999999762
705  -7.038  -88.921  6.884 1.0000000000
2230  -0.885  -84.013  7.265 0.8999999762
2242  -0.904  -83.819  6.499 0.8999999762
506  -5.434  -89.632  4.772 1.0000000000
507  -6.807  -89.410  4.875 1.0000000000
734  -7.447  -89.290  2.706 1.0000000000
712  -8.854  -88.529  5.123 1.0000000000
1398  -5.397  -86.413  -0.736 0.5000000000
748  -9.498  -89.069  2.014 1.0000000000
138311  -4.878  -87.134  -1.342 0.5000000000
747  -8.543  -89.219  1.940 1.0000000000
124455  -7.222  -86.565  -0.266 0.5000000000
533  -8.907  -89.553  0.998 1.0000000000
535  -11.602  -89.243  1.177 1.0000000000
1026  -5.346  -87.994  -1.918 0.5000000000
542  -9.515  -89.909  0.340 1.0000000000
544  -11.840  -89.519  0.149 1.0000000000
546  -13.823  -89.221  0.383 1.0000000000
766  -14.697  -88.865  0.527 0.8999999762
381  -11.785  -90.026  -0.543 1.0000000000
387  -13.779  -89.779  -1.202 1.0000000000
552  -14.126  -89.361  -0.623 1.0000000000
767  -14.885  -88.974  -0.416 1.0000000000
761  -15.911  -88.161  1.020 0.8999999762
125804  -14.933  -88.944  -1.195 1.0000000000
1028  -7.263  -87.830  -1.560 0.5000000000
134461  -8.548  -87.381  -1.017 0.6999999881
388  -14.362  -89.702  -1.281 1.0000000000
788  -6.202  -88.939  -2.854 0.5000000000
1030  -9.699  -87.603  -1.793 0.8000000119
389  -15.256  -89.805  -1.640 1.0000000000
776  -18.927  -89.429  -1.299 1.0000000000
1042  -7.622  -88.551  -2.189 0.5000000000
1436  -12.393  -87.078  -2.149 0.8000000119
134066  -17.082  -89.678  -2.286 1.0000000000
1023  -19.833  -87.479  -0.207 0.8000000119
1013  -22.562  -87.132  0.223 0.6000000238
1044  -9.420  -88.746  -3.340 0.4000000060
122537  -10.038  -87.929  -2.691 0.8000000119
1437  -12.364  -87.198  -3.264 0.8000000119
1885  -13.663  -86.332  -3.446 0.8000000119
569  -17.218  -89.448  -2.905 0.8999999762
1849  -21.438  -85.499  -0.225 0.6999999881
783  -18.625  -89.432  -2.503 0.8999999762
135694  -21.613  -85.432  -0.962 0.8000000119
1875  -20.728  -85.620  -2.873 0.8999999762
1861  -21.403  -85.329  -1.709 0.8000000119
1862  -22.349  -85.625  -1.540 0.6999999881
1441  -23.496  -87.159  -2.646 0.6000000238
1878  -23.143  -85.916  -2.412 0.6999999881
121338  -23.614  -86.463  -3.396 0.6000000238
129100  -20.256  -87.901  -3.869 0.8999999762
2418  -21.425  -84.104  -5.343 0.8000000119
2400  -21.254  -84.538  -4.401 0.8000000119
1905  -23.329  -85.230  -4.363 0.6999999881
1916  -24.166  -85.635  -5.755 0.5000000000
1167  -2.573  -87.151  17.165 0.6000000238
1196  -1.764  -86.453  15.337 0.8000000119
1225  -1.486  -86.155  14.028 0.8999999762
3359  -3.884  -83.030  8.053 0.8000000119
2733  -2.567  -84.087  9.978 0.8999999762
1779  -1.555  -86.085  3.718 0.8999999762
127480  -3.002  -86.841  3.796 0.8999999762
1318  -4.581  -86.918  4.911 1.0000000000
944  -7.491  -88.340  7.335 1.0000000000
933  -7.340  -87.642  7.975 1.0000000000
945  -8.331  -87.858  7.192 1.0000000000
2259  -1.293  -84.133  4.998 0.8999999762
706  -8.085  -88.609  6.260 1.0000000000
959  -8.867  -88.062  6.199 1.0000000000
722  -7.237  -89.340  3.741 1.0000000000
735  -8.324  -88.970  2.855 1.0000000000
713  -9.734  -88.248  4.840 1.0000000000
737  -10.111  -88.663  3.030 1.0000000000
1375  -6.779  -85.865  0.190 0.5000000000
140293  -10.603  -88.402  3.757 1.0000000000
131440  -9.851  -89.474  1.000 1.0000000000
537  -13.473  -88.864  1.637 0.8999999762
759  -14.473  -88.629  1.527 0.8999999762
139420  -4.350  -87.716  -2.051 0.5000000000
760  -15.275  -88.362  1.395 0.8999999762
137252  -15.312  -88.551  0.513 0.8999999762
130478  -13.276  -89.715  -0.927 1.0000000000
553  -14.484  -89.506  -1.326 1.0000000000
1010  -16.227  -88.212  -0.879 0.8999999762
128032  -15.351  -88.844  -1.698 0.8999999762
782  -16.007  -88.837  -3.135 0.8999999762
1021  -16.858  -87.718  -1.379 0.8999999762
781  -15.690  -88.984  -2.717 0.8999999762
1438  -13.241  -86.659  -2.573 0.8000000119
568  -16.170  -89.160  -2.906 0.8999999762
801  -16.968  -88.474  -4.088 0.8999999762
1388  -22.041  -85.912  0.269 0.6999999881
800  -10.270  -88.271  -4.726 0.4000000060
1056  -11.440  -87.675  -3.524 0.8000000119
1069  -11.022  -87.860  -5.107 0.5000000000
125355  -11.875  -87.557  -4.321 0.5000000000
1468  -13.174  -86.567  -4.293 0.6999999881
1887  -15.214  -85.278  -3.863 0.8999999762
1060  -23.776  -87.684  -3.421 0.5000000000
1454  -20.448  -86.734  -3.605 0.8000000119
1455  -24.060  -87.461  -4.171 0.5000000000
121947  -20.701  -84.913  -5.096 0.8000000119
1907  -24.370  -86.579  -5.249 0.6000000238
2421  -24.489  -85.191  -6.710 0.5000000000
1651  -2.746  -86.088  14.327 0.6999999881
3327  -3.826  -82.692  10.878 0.6000000238
2744  -3.141  -83.209  9.357 0.8999999762
1781  -3.062  -85.518  3.513 1.0000000000
1334  -4.835  -86.114  4.299 1.0000000000
1300  -6.051  -86.391  6.305 1.0000000000
932  -6.447  -87.627  7.712 1.0000000000
2196  -1.046  -84.497  9.185 0.8999999762
1780  -2.367  -84.831  3.529 1.0000000000
920  -7.108  -86.951  8.300 1.0000000000
976  -10.657  -88.060  4.567 1.0000000000
740  -13.513  -88.297  3.016 0.8999999762
134656  -10.445  -88.982  2.125 1.0000000000
1831  -8.071  -85.755  0.915 0.8000000119
136953  -10.962  -88.593  3.089 1.0000000000
750  -12.130  -88.791  2.273 1.0000000000
135970  -10.396  -86.118  1.068 0.8000000119
1381  -12.133  -86.388  0.454 0.8000000119
1856  -13.807  -86.297  -1.691 0.8000000119
1047  -16.557  -88.708  -3.540 0.8999999762
133535  -18.305  -88.913  -3.797 0.8999999762
132302  -18.708  -88.652  -4.386 0.8999999762
1049  -19.855  -88.408  -3.513 0.8999999762
1076  -11.739  -87.415  -5.310 0.5000000000
126896  -12.943  -86.493  -5.297 0.6000000238
1913  -13.998  -85.572  -5.374 0.6999999881
2412  -14.715  -84.997  -5.504 0.6999999881
1470  -20.389  -86.829  -4.707 0.8000000119
2370  -20.941  -85.079  -3.177 0.8000000119
2431  -14.564  -84.627  -6.704 0.6000000238
2413  -15.488  -84.391  -6.143 0.6999999881
2414  -16.680  -84.223  -5.878 0.6999999881
2385  -21.019  -84.819  -3.728 0.8000000119
123233  -23.025  -85.501  -3.083 0.6999999881
1490  -11.901  -86.664  -6.819 0.5000000000
1912  -13.387  -85.921  -5.798 0.6000000238
2386  -21.748  -84.602  -3.816 0.8000000119
2419  -22.717  -84.185  -5.801 0.6999999881
1917  -24.829  -86.049  -6.185 0.4000000060
1752  -6.624  -85.648  6.069 1.0000000000
1738  -6.834  -85.791  7.087 1.0000000000
935  -8.860  -87.327  7.542 1.0000000000
946  -9.270  -87.553  6.708 1.0000000000
947  -10.107  -87.298  6.325 1.0000000000
948  -11.097  -87.148  5.934 1.0000000000
960  -9.564  -87.915  5.789 1.0000000000
128077  -11.119  -87.619  5.199 1.0000000000
977  -11.613  -87.800  4.636 1.0000000000
130059  -14.263  -87.973  3.345 0.8999999762
727  -12.276  -87.992  3.990 1.0000000000
752  -14.312  -88.307  2.547 0.8999999762
754  -15.858  -87.857  2.019 0.8999999762
1377  -8.370  -86.329  0.478 0.8000000119
536  -12.451  -89.130  1.296 1.0000000000
1006  -16.437  -87.836  0.442 0.8999999762
1833  -9.653  -86.039  1.089 0.8000000119
1380  -11.123  -86.397  0.564 0.8000000119
1402  -11.742  -86.661  -0.332 0.8000000119
123435  -13.493  -86.358  -0.968 0.8000000119
129865  -11.429  -86.944  -0.975 0.8000000119
1032  -16.588  -88.094  -2.815 0.8999999762
119670  -17.521  -88.029  -5.114 0.8999999762
803  -18.189  -88.255  -5.083 0.8999999762
1609  -1.906  -85.796  17.597 0.8000000119
1620  -2.344  -86.875  17.756 0.6999999881
1629  -1.526  -86.135  15.989 0.8000000119
5130  -2.473  -80.212  10.964 1.0000000000
2122  -0.938  -85.032  14.761 0.8999999762
1640  -1.225  -85.801  14.824 0.8000000119
4488  -3.708  -80.278  9.850 1.0000000000
123017  -0.916  -85.161  12.803 0.8999999762
1663  -1.257  -85.675  13.424 0.8999999762
121908  -0.667  -84.168  10.669 0.8999999762
2742  -0.625  -83.393  8.910 0.8999999762
2182  -0.909  -84.799  10.135 0.8999999762
3368  -0.799  -82.639  7.506 1.0000000000
2263  -7.227  -84.350  5.547 1.0000000000
1739  -7.391  -85.202  7.291 1.0000000000
1722  -7.646  -85.488  8.442 1.0000000000
1272  -8.156  -86.470  8.988 1.0000000000
2753  -0.603  -83.543  8.119 0.8999999762
3407  -0.798  -83.093  6.295 0.8999999762
123516  -2.923  -82.627  5.513 1.0000000000
2805  -4.059  -83.711  4.644 1.0000000000
2824  -5.483  -84.467  4.707 1.0000000000
2806  -6.108  -83.895  5.022 1.0000000000
127638  -9.723  -86.363  8.324 1.0000000000
2803  -1.941  -83.295  4.799 1.0000000000
2804  -3.062  -83.423  4.719 1.0000000000
1284  -8.735  -86.856  8.336 1.0000000000
1740  -10.713  -85.844  8.231 1.0000000000
1301  -9.683  -86.892  7.341 1.0000000000
1285  -10.390  -86.364  7.575 1.0000000000
1287  -12.036  -85.941  7.083 1.0000000000
3467  -6.388  -83.032  1.657 0.6999999881
3468  -7.326  -82.904  1.750 0.6999999881
3469  -8.088  -82.839  1.846 0.8999999762
1304  -12.882  -86.117  6.595 1.0000000000
2885  -4.143  -83.974  0.941 0.6999999881
2886  -5.169  -83.875  1.044 0.6999999881
1322  -12.900  -86.689  6.010 1.0000000000
2882  -0.971  -83.998  -0.132 0.4000000060
2321  -2.562  -84.745  0.332 0.6000000238
2335  -2.117  -85.325  -0.273 0.5000000000
121180  -3.856  -85.730  -0.551 0.6000000238
1828  -5.347  -85.136  0.101 0.6000000238
2324  -5.962  -84.476  0.535 0.6999999881
2871  -8.076  -83.575  1.494 0.8000000119
2872  -8.939  -84.076  1.848 0.8999999762
2851  -10.218  -83.937  2.720 0.8999999762
120626  -12.094  -83.813  4.020 0.8999999762
2840  -14.011  -83.876  4.309 0.8999999762
963  -12.838  -87.288  5.321 0.8999999762
979  -14.485  -87.381  4.606 0.8999999762
1843  -4.879  -85.751  -0.367 0.6000000238
1829  -6.192  -85.232  0.183 0.6000000238
1813  -7.689  -85.036  1.063 0.6999999881
2300  -9.681  -84.396  2.230 0.8999999762
978  -13.032  -87.688  4.488 0.8999999762
2864  -0.966  -83.529  0.669 0.6000000238
1844  -5.828  -85.818  -0.166 0.6000000238
130920  -9.111  -84.874  1.848 0.8000000119
2290  -11.661  -84.419  3.318 0.8999999762
136759  -13.833  -87.757  4.021 0.8999999762
988  -14.689  -87.609  3.871 0.8999999762
742  -15.635  -87.615  2.881 0.8999999762
132920  -7.439  -85.577  0.636 0.6000000238
2311  -9.835  -85.039  2.104 0.8000000119
2301  -10.338  -84.553  2.589 0.8000000119
1803  -11.644  -85.115  2.505 0.8999999762
1804  -12.549  -85.025  2.774 0.8999999762
2302  -13.517  -84.862  2.891 0.8999999762
120355  -16.479  -87.482  1.534 0.8999999762
1815  -9.317  -85.454  1.587 0.8000000119
1816  -10.115  -85.651  1.643 0.8000000119
1362  -10.932  -85.919  1.443 0.8000000119
1818  -12.479  -85.600  1.988 0.8999999762
1820  -14.042  -85.501  1.404 0.8999999762
1819  -13.370  -85.414  2.134 0.8999999762
999  -17.076  -86.735  1.871 0.8999999762
1834  -11.645  -86.151  1.124 0.8000000119
1835  -12.377  -86.068  1.224 0.8000000119
2313  -14.823  -84.976  1.402 0.8999999762
2874  -16.602  -83.930  1.607 0.8999999762
2875  -17.334  -83.908  1.887 0.8999999762
1011  -17.038  -87.412  -0.084 0.8999999762
1007  -17.064  -87.128  0.966 0.8999999762
2325  -15.336  -84.868  0.707 0.8999999762
2327  -17.072  -84.246  0.271 0.8999999762
1404  -13.629  -86.163  -0.230 0.8999999762
1846  -14.907  -85.542  -0.835 0.8999999762
2340  -16.858  -84.470  -0.553 0.8999999762
1384  -18.094  -85.725  0.065 0.8999999762
1022  -17.666  -86.922  -1.554 0.8999999762
2339  -15.816  -84.938  -0.736 0.8999999762
1859  -18.367  -85.261  -1.707 0.8999999762
1048  -17.106  -87.795  -3.792 0.8999999762
1872  -14.270  -86.028  -2.583 0.8999999762
1858  -15.453  -85.312  -1.570 0.8999999762
2368  -16.996  -84.630  -2.465 0.8999999762
1874  -18.424  -85.243  -2.673 0.8999999762
1057  -17.186  -87.951  -4.660 0.8999999762
120350  -15.170  -85.519  -2.975 0.8999999762
2367  -15.907  -85.160  -2.340 0.8999999762
2369  -17.920  -84.595  -2.661 0.8999999762
123653  -17.601  -87.183  -4.170 0.8999999762
2382  -17.376  -84.577  -3.248 0.8999999762
2383  -18.123  -84.675  -3.561 0.8000000119
1070  -17.998  -87.840  -5.425 0.8999999762
1923  -12.260  -86.067  -7.428 0.5000000000
127246  -16.042  -84.767  -4.256 0.8000000119
2396  -16.905  -84.389  -4.825 0.8000000119
1481  -18.777  -86.887  -6.723 0.8000000119
1483  -20.130  -87.029  -5.826 0.8000000119
1489  -10.877  -86.677  -7.364 0.5000000000
1924  -13.945  -85.348  -6.283 0.5000000000
2435  -18.377  -85.364  -7.267 0.6999999881
1492  -19.936  -86.715  -6.610 0.8000000119
2420  -23.726  -84.791  -6.018 0.6999999881
130233  -15.267  -84.019  -7.124 0.5000000000
2433  -16.995  -83.906  -6.842 0.6999999881
119965  -17.754  -84.432  -6.480 0.6999999881
2417  -20.584  -84.732  -6.059 0.8000000119
128981  -14.448  -84.210  -7.825 0.5000000000
121163  -18.482  -85.058  -7.956 0.6999999881
1936  -19.430  -85.503  -7.851 0.8000000119
2962  -21.761  -83.674  -6.283 0.8000000119
2449  -24.537  -84.542  -7.683 0.4000000060
2432  -16.019  -83.743  -7.628 0.6000000238
128055  -17.868  -83.760  -8.398 0.5000000000
2985  -19.248  -84.075  -8.489 0.5000000000
2448  -19.457  -84.801  -8.202 0.6999999881
2986  -20.839  -83.579  -7.733 0.6999999881
2963  -22.705  -83.686  -6.974 0.6000000238
2437  -23.637  -84.369  -6.844 0.6000000238
2975  -22.760  -83.243  -8.164 0.6000000238
1928  -25.380  -85.476  -7.025 0.4000000060
3001  -19.973  -82.861  -8.838 0.4000000060
2988  -23.044  -82.516  -9.060 0.4000000060
139023  -23.605  -83.173  -8.893 0.4000000060
2635  -2.443  -84.138  19.744 0.6000000238
2641  -2.041  -84.182  18.392 0.8000000119
2100  -1.615  -84.524  17.524 0.8000000119
2109  -1.077  -84.427  15.806 0.8999999762
4473  -1.106  -79.699  10.911 1.0000000000
4485  -1.399  -80.452  10.601 1.0000000000
4500  -4.660  -80.236  9.448 1.0000000000
2667  -0.939  -83.821  15.082 0.8999999762
3929  -0.837  -81.241  10.726 1.0000000000
4497  -1.538  -80.965  9.954 1.0000000000
4498  -2.115  -80.847  9.716 1.0000000000
128473  -3.909  -80.575  8.383 1.0000000000
128949  -0.727  -84.399  12.406 0.8999999762
3326  -0.640  -82.299  10.893 1.0000000000
3939  -1.217  -81.543  9.302 1.0000000000
3338  -0.566  -83.116  10.325 0.8999999762
3945  -1.050  -82.095  8.320 1.0000000000
3957  -3.581  -81.175  7.282 1.0000000000
3982  -3.879  -81.587  6.617 1.0000000000
3348  -0.622  -82.928  9.571 0.8999999762
3979  -1.380  -81.997  7.161 1.0000000000
3980  -1.986  -81.742  6.985 1.0000000000
3393  -3.222  -81.919  6.186 1.0000000000
3395  -5.104  -82.465  5.861 1.0000000000
3412  -6.561  -83.341  5.513 1.0000000000
2808  -7.654  -83.958  5.656 1.0000000000
2246  -7.901  -84.141  5.902 1.0000000000
2233  -8.063  -84.611  7.396 1.0000000000
1724  -9.835  -85.786  9.269 1.0000000000
1726  -12.031  -85.161  8.186 1.0000000000
3392  -2.297  -82.085  6.206 1.0000000000
1261  -8.383  -85.918  9.377 1.0000000000
4030  -8.994  -81.851  2.517 1.0000000000
1302  -10.642  -86.677  6.816 1.0000000000
125078  -12.277  -86.419  6.420 1.0000000000
4559  -3.353  -80.542  3.981 0.8999999762
2865  -2.339  -83.478  1.398 0.6999999881
2884  -3.073  -84.057  0.851 0.6999999881
1827  -4.301  -85.186  0.046 0.6000000238
2850  -9.530  -83.540  2.176 0.8999999762
2837  -10.842  -83.445  3.052 1.0000000000
125115  -14.285  -83.498  4.843 0.8999999762
1324  -14.638  -86.669  5.572 0.8999999762
2852  -10.847  -84.122  3.121 0.8999999762
964  -13.736  -87.392  4.908 0.8999999762
980  -15.208  -87.249  4.385 0.8999999762
989  -15.408  -87.443  3.651 0.8999999762
1344  -16.581  -86.546  3.633 0.8999999762
2841  -15.623  -83.609  3.610 0.8999999762
990  -16.021  -87.198  3.412 0.8999999762
998  -16.445  -87.122  2.624 0.8999999762
1817  -11.625  -85.724  1.782 0.8000000119
2855  -16.790  -83.723  2.403 0.8999999762
120197  -13.216  -85.856  1.329 0.8999999762
2873  -15.930  -83.973  2.203 0.8999999762
1806  -17.859  -84.628  2.224 0.8999999762
1363  -17.636  -85.913  1.872 0.8999999762
1383  -17.604  -86.568  0.500 0.8999999762
2314  -15.681  -84.377  1.357 0.8999999762
125092  -17.824  -84.276  1.172 0.8999999762
2317  -18.016  -84.607  1.387 0.8999999762
1405  -17.662  -86.754  -0.495 0.8999999762
2326  -16.039  -84.585  0.153 0.8999999762
2342  -18.084  -84.627  0.053 0.8999999762
1421  -18.251  -86.064  -1.610 0.8999999762
1873  -15.051  -85.602  -2.228 0.8999999762
127775  -17.630  -84.590  -1.928 0.8999999762
1439  -18.232  -86.272  -2.793 0.8999999762
130814  -18.342  -84.849  -2.964 0.8999999762
126635  -18.347  -86.019  -3.653 0.8999999762
121968  -16.212  -84.887  -3.275 0.8999999762
135775  -18.483  -85.205  -3.375 0.8999999762
1077  -18.656  -87.369  -6.051 0.8000000119
129018  -18.238  -84.700  -5.086 0.8000000119
1903  -18.407  -85.424  -5.567 0.8000000119
120286  -18.361  -86.782  -6.375 0.8000000119
1078  -19.441  -87.582  -5.886 0.8000000119
2416  -18.263  -84.858  -6.001 0.8000000119
1482  -19.397  -87.228  -6.476 0.8000000119
1914  -18.388  -86.193  -6.755 0.8000000119
1491  -19.382  -86.660  -7.023 0.8000000119
1937  -19.947  -84.779  -7.786 0.8000000119
2998  -17.085  -83.076  -8.553 0.4000000060
3000  -18.965  -83.277  -8.779 0.4000000060
2987  -21.899  -82.703  -8.479 0.5000000000
2976  -23.756  -83.789  -8.027 0.5000000000
135070  -24.739  -84.045  -8.581 0.5000000000
2450  -25.495  -84.361  -8.250 0.4000000060
133743  -24.012  -82.590  -9.305 0.4000000060
2650  -1.650  -83.408  17.849 0.8000000119
133659  -5.126  -80.105  11.792 1.0000000000
2657  -1.035  -83.345  15.914 0.8999999762
5114  -1.965  -79.482  11.508 1.0000000000
5116  -4.172  -80.232  11.673 1.0000000000
135414  -5.508  -80.119  10.660 1.0000000000
5098  -0.903  -78.180  10.832 1.0000000000
5142  -5.706  -80.108  9.854 1.0000000000
4502  -6.475  -80.099  9.093 1.0000000000
5143  -6.773  -79.875  9.887 1.0000000000
124901  -0.636  -83.444  12.954 0.8999999762
4517  -6.242  -80.449  8.361 1.0000000000
4518  -7.140  -80.416  8.458 1.0000000000
120090  -0.600  -82.297  12.514 0.8999999762
3949  -7.703  -80.784  7.916 1.0000000000
128647  -9.560  -81.342  7.718 1.0000000000
131393  -10.234  -81.274  8.226 1.0000000000
121444  -0.800  -81.993  9.959 1.0000000000
134668  -2.537  -81.119  8.199 1.0000000000
4525  -4.167  -80.815  7.738 1.0000000000
117823  -5.657  -81.412  6.992 1.0000000000
3984  -7.459  -82.021  6.582 1.0000000000
2775  -9.664  -82.722  7.647 1.0000000000
2756  -8.953  -83.920  8.294 1.0000000000
3946  -1.488  -81.566  8.526 1.0000000000
124870  -5.828  -82.136  6.325 1.0000000000
3396  -6.873  -82.592  6.035 1.0000000000
2792  -8.214  -83.619  5.931 1.0000000000
3398  -8.904  -83.135  6.371 1.0000000000
2200  -8.462  -84.648  9.271 1.0000000000
2201  -8.898  -84.603  9.896 1.0000000000
1708  -9.980  -84.938  10.399 1.0000000000
2203  -11.196  -84.831  9.945 1.0000000000
1286  -11.125  -86.104  7.311 1.0000000000
134825  -12.214  -85.458  7.647 1.0000000000
4013  -10.511  -81.367  3.049 1.0000000000
1743  -13.534  -85.200  7.584 1.0000000000
1754  -13.771  -85.831  6.801 1.0000000000
3464  -1.144  -82.878  1.501 0.6999999881
2866  -3.528  -83.576  1.343 0.6999999881
2322  -3.705  -84.597  0.432 0.6000000238
3453  -10.141  -82.995  2.483 1.0000000000
3434  -10.720  -82.442  2.847 1.0000000000
1305  -14.248  -86.325  6.145 0.8999999762
1306  -15.042  -86.128  6.037 0.8999999762
2838  -11.374  -83.681  3.647 0.8999999762
1325  -15.370  -86.436  5.422 0.8999999762
3476  -0.599  -82.491  0.221 0.4000000060
2843  -17.177  -83.680  3.627 0.8999999762
1352  -17.265  -86.155  2.803 0.8999999762
1345  -17.219  -85.748  3.661 0.8999999762
2303  -14.440  -84.499  2.889 0.8999999762
2305  -17.687  -84.233  2.724 0.8999999762
1805  -17.773  -85.274  2.503 0.8999999762
1821  -18.039  -85.109  1.639 0.8999999762
2304  -15.064  -84.490  2.144 0.8999999762
134155  -17.483  -86.444  1.273 0.8999999762
2890  -17.339  -84.007  1.092 0.8999999762
1364  -17.914  -85.751  1.040 0.8999999762
2329  -18.095  -84.603  0.641 0.8999999762
118579  -18.321  -85.346  -0.771 0.8999999762
2354  -18.188  -84.765  -0.785 0.8999999762
119118  -18.209  -84.789  -1.944 0.8999999762
2352  -16.647  -84.709  -1.527 0.8999999762
2398  -18.371  -84.818  -4.434 0.8000000119
1469  -18.140  -86.813  -5.622 0.8000000119
2999  -18.057  -83.195  -8.663 0.4000000060
3580  -21.081  -81.689  -9.087 0.4000000060
3232  -2.218  -83.167  18.635 0.8000000119
5089  -5.314  -79.868  13.164 1.0000000000
5099  -1.541  -78.087  11.406 1.0000000000
5100  -2.474  -79.438  11.963 1.0000000000
5103  -5.837  -79.755  12.358 1.0000000000
131389  -6.622  -79.601  11.941 1.0000000000
3250  -1.190  -82.948  16.612 0.8000000119
3231  -1.731  -82.442  18.106 0.8000000119
5134  -7.101  -79.685  10.653 1.0000000000
3847  -0.800  -81.438  16.208 0.8999999762
5133  -6.289  -79.920  10.633 1.0000000000
5136  -8.898  -79.499  10.627 1.0000000000
133561  -0.577  -81.735  14.069 1.0000000000
4453  -0.249  -80.298  12.730 1.0000000000
4472  -0.747  -79.798  11.049 1.0000000000
4504  -8.453  -80.008  8.944 1.0000000000
5146  -9.595  -79.717  9.866 1.0000000000
4506  -11.029  -80.404  9.639 1.0000000000
3917  -0.680  -80.627  11.245 1.0000000000
4519  -8.084  -80.419  8.381 1.0000000000
4520  -9.275  -80.615  8.284 1.0000000000
4514  -3.050  -80.776  8.672 1.0000000000
4516  -5.339  -80.493  8.233 1.0000000000
3940  -11.035  -81.142  9.648 1.0000000000
3931  -10.781  -81.889  10.765 1.0000000000
3948  -6.937  -80.853  7.807 1.0000000000
3960  -7.874  -81.413  7.278 1.0000000000
3372  -9.908  -81.970  7.550 1.0000000000
3360  -10.108  -82.134  8.531 1.0000000000
3353  -10.361  -81.967  9.802 1.0000000000
3344  -10.259  -82.810  10.944 1.0000000000
2188  -10.162  -84.368  10.696 1.0000000000
3370  -8.603  -82.290  6.643 1.0000000000
1717  -10.305  -85.233  9.942 1.0000000000
2214  -12.642  -84.687  8.647 1.0000000000
124386  -5.631  -82.644  2.143 0.6999999881
4011  -8.495  -81.315  3.138 1.0000000000
131337  -10.807  -80.506  3.686 1.0000000000
4567  -11.810  -80.519  3.889 1.0000000000
3449  -6.585  -82.390  2.357 0.8999999762
4010  -7.625  -81.349  3.265 1.0000000000
4012  -9.433  -81.286  3.046 1.0000000000
2235  -14.079  -84.699  8.013 1.0000000000
3450  -7.626  -82.366  2.284 1.0000000000
137610  -12.291  -80.876  4.002 1.0000000000
1744  -14.679  -85.250  7.264 1.0000000000
4023  -2.196  -81.967  2.544 0.6999999881
3446  -3.044  -82.353  2.318 0.6999999881
3466  -4.661  -82.792  2.000 0.6999999881
2867  -4.423  -83.400  1.486 0.6999999881
4031  -9.907  -82.028  2.549 1.0000000000
2825  -11.908  -83.095  3.977 1.0000000000
2826  -12.491  -83.215  4.546 1.0000000000
2839  -13.014  -83.890  4.261 0.8999999762
1756  -15.436  -85.524  6.584 0.8999999762
1307  -15.834  -85.784  5.880 0.8999999762
4022  -1.157  -82.188  2.236 0.6999999881
2827  -13.379  -83.322  4.920 1.0000000000
1755  -14.658  -85.832  6.563 1.0000000000
1785  -16.745  -85.654  4.789 0.8999999762
119358  -14.957  -83.627  4.311 0.8999999762
2830  -16.616  -83.277  4.918 0.8999999762
4604  -0.577  -81.071  1.016 0.4000000060
2854  -16.182  -83.629  2.952 0.8999999762
2265  -17.284  -84.102  5.118 0.8999999762
1794  -17.565  -85.092  3.731 0.8999999762
3828  -1.798  -81.501  18.281 0.6999999881
3822  -2.659  -81.386  19.650 0.6000000238
5739  -2.425  -77.419  12.630 1.0000000000
5087  -2.950  -79.712  13.441 1.0000000000
5088  -3.978  -80.147  13.187 1.0000000000
134033  -6.658  -79.515  12.638 1.0000000000
5757  -1.816  -77.082  11.577 1.0000000000
5086  -2.452  -78.609  12.385 1.0000000000
5104  -7.262  -79.444  12.492 1.0000000000
5768  -1.200  -77.190  11.034 1.0000000000
5119  -7.403  -79.513  11.559 1.0000000000
5120  -8.358  -79.424  11.498 1.0000000000
3858  -0.777  -81.901  15.426 1.0000000000
5097  -0.424  -79.088  11.525 1.0000000000
134376  -9.722  -79.526  10.660 1.0000000000
116321  -0.541  -81.437  14.732 1.0000000000
128121  -0.046  -80.010  13.813 1.0000000000
5147  -10.534  -79.801  10.259 1.0000000000
5137  -11.137  -79.714  11.191 1.0000000000
5148  -11.315  -80.185  10.647 1.0000000000
4434  -0.360  -80.971  13.939 1.0000000000
4507  -11.294  -80.729  10.173 1.0000000000
2737  -10.480  -83.659  11.057 1.0000000000
2190  -11.719  -84.154  10.507 1.0000000000
2724  -11.602  -83.087  11.487 1.0000000000
5187  -3.341  -79.575  4.913 1.0000000000
4585  -8.822  -80.749  3.628 1.0000000000
4009  -5.910  -81.150  3.534 0.8999999762
131602  -6.790  -81.293  3.410 0.8999999762
4586  -9.770  -80.620  3.633 1.0000000000
5209  -11.196  -79.890  4.367 1.0000000000
4550  -12.949  -79.999  4.800 1.0000000000
2760  -15.248  -83.063  8.420 1.0000000000
2205  -13.117  -84.128  9.341 1.0000000000
3989  -13.163  -80.940  5.013 1.0000000000
126679  -14.362  -84.222  8.476 1.0000000000
2236  -15.110  -84.410  7.883 1.0000000000
4005  -1.247  -81.432  2.844 0.6999999881
4024  -3.253  -81.838  2.707 0.6999999881
4025  -4.237  -81.758  2.835 0.8000000119
3448  -4.923  -82.257  2.564 0.8000000119
133637  -11.749  -82.201  3.678 1.0000000000
3413  -13.000  -81.975  4.958 1.0000000000
3415  -13.889  -82.472  6.027 1.0000000000
1745  -15.737  -84.855  7.127 1.0000000000
121535  -0.614  -80.661  2.061 0.6999999881
3426  -14.831  -82.875  5.855 1.0000000000
3427  -15.848  -82.973  5.344 0.8999999762
2809  -14.074  -83.114  5.463 1.0000000000
2250  -17.026  -83.893  5.779 0.8999999762
2264  -16.979  -84.538  5.727 0.8999999762
1773  -17.227  -84.844  4.983 0.8999999762
132555  -0.968  -80.016  1.818 0.6000000238
2281  -17.478  -84.464  4.187 0.8999999762
1786  -17.283  -85.288  4.292 0.8999999762
4403  -2.538  -80.677  19.562 0.6000000238
128436  -2.730  -77.811  13.861 1.0000000000
119628  -7.134  -79.436  13.205 1.0000000000
3837  -1.322  -81.769  17.549 0.8999999762
6507  -1.405  -76.552  11.485 1.0000000000
4426  -0.297  -80.371  15.656 1.0000000000
3836  -0.917  -81.143  17.035 0.8999999762
5756  0.080  -77.843  12.598 1.0000000000
6506  -0.753  -76.833  11.638 1.0000000000
5769  -7.775  -79.381  13.105 1.0000000000
5105  -7.965  -79.367  12.367 1.0000000000
5085  0.123  -79.017  12.543 1.0000000000
4490  -11.983  -80.255  11.395 1.0000000000
4489  -11.592  -80.833  11.133 1.0000000000
3922  -11.310  -81.739  11.371 1.0000000000
3924  -12.547  -82.075  11.877 1.0000000000
2725  -12.358  -82.822  11.546 1.0000000000
6577  -6.037  -77.885  6.728 1.0000000000
2749  -13.541  -83.481  9.919 1.0000000000
5855  -3.398  -79.062  5.444 1.0000000000
6579  -7.691  -77.633  7.005 1.0000000000
132534  -8.494  -77.891  6.815 1.0000000000
4565  -8.994  -80.217  4.279 1.0000000000
4566  -10.013  -79.958  4.472 1.0000000000
5196  -12.536  -79.565  4.986 1.0000000000
127051  -13.374  -81.620  11.769 1.0000000000
3932  -14.117  -81.820  11.297 1.0000000000
2740  -13.016  -83.182  10.808 1.0000000000
5854  -2.568  -78.609  5.698 1.0000000000
4583  -6.535  -80.646  3.965 0.8999999762
4564  -8.252  -80.428  4.141 1.0000000000
4543  -14.135  -80.108  6.241 1.0000000000
2759  -14.727  -83.190  8.968 1.0000000000
2758  -14.065  -83.737  9.070 1.0000000000
138966  -7.266  -80.881  3.697 0.8999999762
4551  -13.584  -80.066  5.467 1.0000000000
3985  -13.714  -81.024  5.985 1.0000000000
4563  -7.413  -80.397  4.242 1.0000000000
2237  -15.974  -84.164  7.430 1.0000000000
4579  -2.833  -80.893  3.630 0.8000000119
4007  -3.515  -81.380  3.233 0.8000000119
4008  -4.391  -81.335  3.316 0.8000000119
3991  -13.890  -81.780  6.489 1.0000000000
2777  -16.163  -83.114  7.035 1.0000000000
2248  -16.303  -84.455  6.899 1.0000000000
4578  -1.511  -80.698  3.583 0.8000000119
3400  -16.030  -82.777  6.534 1.0000000000
2793  -16.615  -83.415  6.240 0.8999999762
2249  -16.736  -84.193  6.387 0.8999999762
124065  -0.907  -80.023  3.675 0.8000000119
3417  -16.404  -83.000  5.734 0.8999999762
5224  -0.793  -80.145  2.794 0.6999999881
5890  -1.305  -78.853  3.164 0.8000000119
5912  -1.420  -79.360  0.884 0.5000000000
127740  -2.493  -80.182  20.600 0.5000000000
4402  -2.227  -80.297  19.123 0.6000000238
132854  -2.804  -76.723  14.116 1.0000000000
5067  -3.010  -79.638  14.633 1.0000000000
4427  -3.653  -80.046  15.038 1.0000000000
4412  -0.515  -80.218  17.283 0.8000000119
4413  -1.131  -80.899  17.770 0.6999999881
7132  -1.593  -76.036  12.775 1.0000000000
6474  -2.322  -76.556  13.070 1.0000000000
5066  -2.649  -78.904  13.791 1.0000000000
4420  -0.143  -79.870  16.366 1.0000000000
6473  -0.002  -76.682  13.848 1.0000000000
7131  -0.827  -76.033  13.062 1.0000000000
124585  -4.863  -80.016  13.979 1.0000000000
5090  -5.907  -79.622  13.886 1.0000000000
5069  -5.540  -79.823  14.513 1.0000000000
120038  0.031  -79.580  15.541 1.0000000000
5065  0.274  -78.959  13.760 1.0000000000
5091  -6.918  -79.459  13.965 1.0000000000
118692  0.015  -79.783  14.771 1.0000000000
5770  -8.509  -79.324  13.054 1.0000000000
5761  -10.199  -78.797  13.889 1.0000000000
5780  -10.539  -79.172  12.443 1.0000000000
5792  -11.041  -79.392  11.863 1.0000000000
5771  -9.564  -79.198  13.002 1.0000000000
5781  -11.549  -78.965  12.330 1.0000000000
5793  -11.806  -79.419  11.877 1.0000000000
5794  -12.822  -79.277  11.825 1.0000000000
5773  -11.369  -78.608  12.996 1.0000000000
5782  -12.499  -78.735  12.183 1.0000000000
5122  -13.069  -79.928  11.651 1.0000000000
6555  -6.279  -77.277  7.316 1.0000000000
6556  -7.232  -77.161  7.483 1.0000000000
6515  -12.143  -78.379  12.670 1.0000000000
4491  -13.929  -80.331  11.551 1.0000000000
123019  -12.715  -81.414  11.930 1.0000000000
6517  -14.138  -77.245  11.647 1.0000000000
5783  -13.521  -78.358  11.823 1.0000000000
4476  -13.304  -80.872  11.866 1.0000000000
6559  -9.862  -77.436  7.543 1.0000000000
7172  -13.943  -76.358  9.867 1.0000000000
7193  -14.384  -76.867  9.236 1.0000000000
118437  -14.685  -78.680  10.936 1.0000000000
4492  -14.730  -80.371  11.158 1.0000000000
2750  -14.365  -83.039  9.604 1.0000000000
5834  -3.600  -78.550  5.924 1.0000000000
6580  -9.380  -77.892  6.929 1.0000000000
5194  -10.579  -79.432  5.132 1.0000000000
5195  -11.678  -79.411  5.121 1.0000000000
5810  -15.021  -78.017  8.239 1.0000000000
5140  -15.705  -79.721  10.018 1.0000000000
3933  -14.869  -81.242  10.830 1.0000000000
3354  -13.969  -82.746  10.489 1.0000000000
5811  -15.528  -79.255  8.192 1.0000000000
3355  -14.645  -82.412  9.941 1.0000000000
3362  -14.928  -82.427  9.118 1.0000000000
5206  -7.108  -79.835  4.787 1.0000000000
5207  -8.065  -79.858  4.739 1.0000000000
5208  -9.029  -79.609  4.961 1.0000000000
4527  -14.607  -80.144  6.974 1.0000000000
2217  -15.573  -83.682  7.926 1.0000000000
5200  -1.624  -79.315  4.721 1.0000000000
5203  -4.251  -79.937  4.637 0.8999999762
3986  -13.990  -81.016  6.901 1.0000000000
2776  -15.695  -83.073  7.724 1.0000000000
4558  -2.388  -80.360  4.145 0.8000000119
4560  -4.170  -80.473  4.142 0.8999999762
4582  -5.693  -80.625  4.005 0.8999999762
3373  -15.381  -82.523  7.386 1.0000000000
128262  -1.215  -79.502  4.239 0.8000000119
138790  -15.223  -82.480  6.807 1.0000000000
5876  -1.551  -78.505  3.940 0.8000000119
127964  -1.265  -79.281  2.202 0.6000000238
6637  -2.184  -77.642  1.006 0.5000000000
5891  -1.767  -78.252  2.065 0.6999999881
5659  -2.331  -78.819  21.412 0.5000000000
5006  -1.816  -79.534  19.286 0.6000000238
5017  -0.960  -79.397  18.622 0.6999999881
7115  -2.146  -76.039  13.686 1.0000000000
5055  -2.735  -78.897  14.831 1.0000000000
116360  -3.433  -79.735  16.203 1.0000000000
5698  -0.215  -78.724  18.489 0.8999999762
7113  -0.563  -76.020  14.104 1.0000000000
5068  -4.629  -80.110  14.953 1.0000000000
138383  0.194  -78.546  16.715 1.0000000000
6462  0.170  -76.740  14.935 1.0000000000
5058  -5.722  -79.869  15.203 1.0000000000
5054  0.297  -78.871  14.827 1.0000000000
5758  -7.770  -79.386  13.848 1.0000000000
5059  -6.592  -79.619  15.338 1.0000000000
5759  -8.258  -79.357  13.601 1.0000000000
130758  -8.459  -79.332  14.132 1.0000000000
6509  -12.139  -77.706  13.239 1.0000000000
5138  -14.297  -79.574  11.301 1.0000000000
7206  -7.881  -76.844  7.947 1.0000000000
6499  -12.444  -76.804  13.610 1.0000000000
7150  -14.009  -76.251  11.793 1.0000000000
7173  -14.533  -76.742  10.139 1.0000000000
4493  -15.333  -80.358  10.447 1.0000000000
6554  -5.318  -77.382  7.204 1.0000000000
6540  -11.855  -77.138  8.129 1.0000000000
6542  -13.981  -77.229  8.431 1.0000000000
127535  -15.074  -81.672  9.874 1.0000000000
5861  -9.968  -78.903  5.810 1.0000000000
5842  -11.379  -78.605  6.384 1.0000000000
5820  -13.087  -78.333  6.859 1.0000000000
129634  -13.870  -78.705  6.468 1.0000000000
5159  -14.974  -79.343  7.225 1.0000000000
3952  -15.102  -81.457  8.811 1.0000000000
5835  -4.662  -78.498  5.980 1.0000000000
5191  -7.394  -79.323  5.270 1.0000000000
5193  -9.123  -79.042  5.601 1.0000000000
129955  -10.954  -79.012  5.815 1.0000000000
5862  -11.751  -78.998  5.837 1.0000000000
5844  -13.230  -78.917  6.016 1.0000000000
5175  -13.934  -79.317  6.058 1.0000000000
3963  -14.800  -81.668  7.996 1.0000000000
5856  -5.193  -79.094  5.429 1.0000000000
5858  -6.718  -78.863  5.623 1.0000000000
3962  -14.453  -80.955  7.601 1.0000000000
117139  -1.953  -78.198  5.266 1.0000000000
5866  -1.508  -78.870  4.603 0.8999999762
6607  -2.041  -77.527  3.817 0.8000000119
6624  -1.878  -77.883  2.968 0.8000000119
7246  -2.377  -76.592  3.787 0.8000000119
6361  -2.254  -77.518  22.570 0.5000000000
6996  -2.137  -76.499  23.448 0.5000000000
121984  -2.342  -76.836  22.212 0.5000000000
5673  -2.336  -78.745  20.762 0.6000000238
7099  -2.800  -76.051  14.566 1.0000000000
5687  -1.131  -78.689  19.388 0.6999999881
7868  -1.776  -75.662  14.500 1.0000000000
5728  -2.981  -77.889  14.888 1.0000000000
5046  -3.036  -78.857  15.852 1.0000000000
5047  -4.186  -80.142  16.665 1.0000000000
6427  0.174  -77.792  18.002 0.8999999762
5706  0.228  -77.815  16.904 1.0000000000
6450  0.189  -76.873  16.017 1.0000000000
5056  -3.173  -79.652  15.452 1.0000000000
117903  0.294  -77.810  15.928 1.0000000000
5060  -7.344  -79.473  15.473 1.0000000000
5071  -7.158  -79.452  14.784 1.0000000000
5760  -9.100  -79.233  13.872 1.0000000000
135205  -7.201  -76.656  8.027 1.0000000000
6511  -13.630  -76.747  12.310 1.0000000000
7142  -13.444  -76.003  12.544 1.0000000000
7190  -11.324  -76.631  8.711 1.0000000000
7943  -12.447  -75.656  10.431 1.0000000000
5796  -15.314  -78.169  9.675 1.0000000000
6558  -8.945  -77.427  7.431 1.0000000000
5804  -15.656  -78.686  9.010 1.0000000000
3942  -15.371  -80.929  9.421 1.0000000000
6575  -3.890  -78.074  6.524 1.0000000000
6576  -5.016  -78.001  6.621 1.0000000000
6560  -11.401  -77.662  7.493 1.0000000000
6561  -12.431  -77.705  7.561 1.0000000000
5821  -14.168  -78.286  7.133 1.0000000000
5822  -14.993  -78.533  7.598 1.0000000000
5149  -15.774  -79.530  9.240 1.0000000000
5837  -6.795  -78.336  6.272 1.0000000000
5860  -8.499  -78.549  6.088 1.0000000000
5840  -9.719  -78.379  6.451 1.0000000000
5841  -10.507  -78.517  6.408 1.0000000000
5836  -5.803  -78.541  6.014 1.0000000000
6591  -2.223  -77.573  5.821 1.0000000000
6592  -2.091  -77.535  5.308 1.0000000000
7234  -2.607  -76.446  4.585 1.0000000000
7257  -2.169  -76.745  2.767 0.6999999881
130752  -2.218  -76.331  1.630 0.6000000238
7268  -2.328  -76.811  1.019 0.4000000060
117034  -2.174  -75.600  1.423 0.5000000000
7043  -1.326  -76.739  20.799 0.6000000238
5686  -0.099  -78.014  19.102 0.8000000119
6417  -0.932  -77.820  19.801 0.6000000238
6463  -3.249  -76.828  15.074 1.0000000000
5719  -3.281  -78.274  16.588 1.0000000000
5707  -3.596  -78.658  17.460 1.0000000000
5018  -3.907  -78.896  18.145 1.0000000000
123238  0.176  -76.894  17.833 1.0000000000
6451  -3.520  -76.983  16.160 1.0000000000
5032  -4.679  -80.003  17.399 1.0000000000
122171  -4.973  -80.162  15.915 1.0000000000
5033  -5.349  -80.106  16.777 1.0000000000
5730  -8.080  -79.355  15.198 1.0000000000
139418  -7.972  -79.349  16.135 1.0000000000
5741  -9.113  -79.109  14.690 1.0000000000
6497  -10.980  -78.006  14.526 1.0000000000
6498  -11.764  -77.296  14.066 1.0000000000
7921  -11.610  -75.311  10.931 1.0000000000
7135  -12.824  -76.018  13.343 1.0000000000
7922  -13.244  -75.526  11.205 1.0000000000
7189  -10.354  -76.619  8.654 1.0000000000
7169  -10.801  -76.219  9.361 1.0000000000
7895  -12.887  -75.431  12.765 1.0000000000
134128  -3.087  -77.576  6.946 1.0000000000
7958  -8.075  -75.985  9.177 1.0000000000
6557  -8.128  -77.339  7.430 1.0000000000
7208  -9.226  -77.007  8.013 1.0000000000
7191  -12.399  -76.604  8.831 1.0000000000
7192  -13.493  -76.643  9.003 1.0000000000
5832  -2.125  -78.028  5.945 1.0000000000
7203  -4.611  -76.909  7.708 1.0000000000
7939  -7.464  -75.395  9.528 1.0000000000
6539  -10.756  -77.132  7.981 1.0000000000
6582  -10.974  -78.132  6.948 1.0000000000
6573  -2.244  -77.289  6.388 1.0000000000
6552  -2.397  -77.208  7.193 1.0000000000
7202  -3.304  -76.910  7.664 1.0000000000
7986  -2.254  -76.534  6.227 1.0000000000
7230  -2.327  -76.885  5.399 1.0000000000
140581  -2.898  -75.890  4.573 0.8999999762
137212  -2.220  -75.790  2.286 0.8000000119
127378  -2.328  -75.224  2.898 0.8000000119
118461  -2.362  -74.880  23.109 0.5000000000
7021  -2.281  -76.313  22.421 0.5000000000
7020  -1.845  -76.327  21.662 0.6000000238
7768  -2.083  -75.788  22.191 0.6000000238
7767  -1.249  -75.362  21.552 0.6000000238
7042  -0.367  -76.380  20.265 0.6000000238
7019  -0.857  -75.904  20.874 0.6000000238
6416  -0.172  -77.393  19.487 0.8000000119
7850  -2.636  -75.554  15.212 1.0000000000
7851  -3.234  -75.470  15.919 1.0000000000
7085  -3.675  -76.058  16.354 1.0000000000
7065  0.202  -76.284  18.124 1.0000000000
123641  -0.372  -75.490  15.689 1.0000000000
6429  -4.077  -77.471  18.538 1.0000000000
8662  -1.879  -74.227  15.980 1.0000000000
7838  -3.082  -74.678  16.185 1.0000000000
7839  -3.735  -75.295  16.589 1.0000000000
6439  -3.919  -77.269  17.675 1.0000000000
5019  -4.440  -79.373  18.501 1.0000000000
5020  -5.371  -79.607  18.701 1.0000000000
119618  0.062  -73.851  17.000 1.0000000000
9463  -1.201  -73.672  16.439 1.0000000000
8664  -3.603  -74.537  16.890 1.0000000000
122344  -3.921  -74.490  17.594 1.0000000000
7828  -4.187  -75.780  18.000 1.0000000000
124248  -5.700  -79.911  17.700 1.0000000000
9452  -2.603  -73.195  16.998 1.0000000000
7818  -4.202  -75.605  18.975 1.0000000000
136301  -6.802  -79.617  17.596 1.0000000000
5035  -7.315  -79.503  16.859 1.0000000000
7204  -5.604  -76.798  7.764 1.0000000000
5731  -8.775  -79.100  15.897 1.0000000000
6464  -9.450  -78.432  16.275 1.0000000000
6475  -9.932  -78.398  15.398 1.0000000000
6476  -10.792  -77.621  15.302 1.0000000000
124066  -10.615  -75.348  10.664 1.0000000000
7116  -10.576  -77.236  16.013 1.0000000000
7118  -11.858  -75.535  14.708 1.0000000000
6453  -10.360  -76.958  16.668 1.0000000000
7920  -10.996  -74.921  11.453 1.0000000000
7853  -10.843  -74.929  16.000 1.0000000000
7200  -1.975  -76.547  7.247 1.0000000000
7940  -8.643  -75.741  9.621 1.0000000000
8753  -10.050  -74.889  11.186 1.0000000000
8716  -11.624  -74.607  14.241 1.0000000000
7087  -10.200  -75.789  17.140 1.0000000000
7201  -2.219  -76.727  7.494 1.0000000000
7956  -6.274  -75.758  8.791 1.0000000000
122706  -8.122  -75.450  9.736 1.0000000000
8752  -9.158  -74.730  10.971 1.0000000000
8725  -10.793  -74.123  12.832 1.0000000000
8698  -11.005  -74.203  14.578 1.0000000000
134572  -10.649  -74.198  15.246 1.0000000000
7182  -3.435  -76.273  8.286 1.0000000000
7955  -5.323  -75.725  8.618 1.0000000000
8724  -9.977  -73.914  12.373 1.0000000000
8715  -10.991  -73.993  13.785 1.0000000000
7954  -4.209  -75.894  8.655 1.0000000000
7937  -5.824  -75.201  9.094 1.0000000000
8769  -7.026  -74.969  9.784 1.0000000000
8714  -10.259  -73.547  13.264 1.0000000000
8697  -10.281  -73.565  14.483 1.0000000000
7978  -2.000  -76.179  6.864 1.0000000000
7979  -2.400  -75.874  6.510 1.0000000000
8825  -3.259  -75.244  5.813 1.0000000000
8858  -2.057  -74.281  2.649 0.6999999881
8848  -2.577  -74.722  3.589 0.8999999762
8011  -2.671  -75.706  3.848 0.8999999762
8044  -2.145  -74.989  0.833 0.6000000238
8859  -2.044  -74.976  1.904 0.6000000238
8557  -2.439  -74.111  23.513 0.5000000000
121225  -0.012  -75.696  20.437 0.6000000238
7815  0.248  -75.446  19.214 0.8000000119
7789  0.207  -75.052  20.426 0.8000000119
128867  -3.881  -76.705  16.986 1.0000000000
7826  0.151  -75.424  17.449 1.0000000000
8663  -2.811  -73.934  16.541 1.0000000000
135201  -4.204  -78.020  19.360 1.0000000000
7007  -5.993  -76.816  22.717 1.0000000000
9451  -1.305  -72.963  16.598 1.0000000000
134059  -3.390  -73.400  17.784 1.0000000000
8624  -4.290  -74.475  19.737 1.0000000000
5689  -4.523  -78.575  19.705 1.0000000000
5010  -6.210  -79.330  19.214 1.0000000000
6385  -5.578  -77.702  21.625 1.0000000000
5022  -7.316  -79.286  18.262 1.0000000000
5676  -6.435  -78.556  20.487 1.0000000000
6387  -6.917  -77.457  21.658 1.0000000000
5709  -9.020  -78.377  17.489 1.0000000000
5700  -8.191  -78.776  18.015 1.0000000000
6452  -9.586  -77.758  17.094 1.0000000000
132412  -9.012  -78.028  18.219 1.0000000000
132201  -9.900  -77.623  16.618 1.0000000000
127702  -10.034  -76.787  17.192 1.0000000000
128289  -9.687  -76.691  17.631 1.0000000000
8751  -8.295  -74.420  10.824 1.0000000000
7086  -9.719  -75.699  17.658 1.0000000000
7935  -3.726  -75.198  9.201 1.0000000000
7936  -4.821  -75.136  8.995 1.0000000000
7841  -9.525  -74.725  17.309 1.0000000000
7181  -2.512  -76.286  8.091 1.0000000000
8680  -10.149  -74.136  15.904 1.0000000000
7967  -1.893  -76.114  7.306 1.0000000000
121478  -1.672  -75.539  7.850 1.0000000000
7953  -3.022  -75.758  8.712 1.0000000000
8768  -6.349  -74.770  9.637 1.0000000000
8750  -6.903  -74.409  10.132 1.0000000000
127200  -8.836  -74.039  11.490 1.0000000000
9481  -9.732  -73.515  15.451 1.0000000000
8811  -1.869  -75.537  7.314 1.0000000000
8812  -2.598  -75.021  6.763 1.0000000000
137392  -1.795  -73.705  2.254 0.8999999762
10535  -2.368  -73.361  3.856 0.8999999762
7997  -3.136  -75.198  4.621 1.0000000000
137184  -1.848  -73.972  1.357 0.6000000238
9369  -2.380  -73.290  22.877 0.5000000000
8569  -2.097  -74.160  22.534 0.5000000000
9383  -1.234  -73.684  21.752 0.6000000238
9368  -1.889  -73.310  22.248 0.5000000000
8603  0.109  -74.563  20.968 0.6000000238
9398  0.053  -73.730  20.775 0.8000000119
9370  -4.887  -73.135  22.058 1.0000000000
9371  -5.200  -73.178  23.048 1.0000000000
9417  0.184  -73.833  19.121 1.0000000000
119094  0.056  -73.245  19.788 0.8000000119
130054  -4.732  -73.976  22.162 1.0000000000
8558  -4.887  -75.155  23.161 1.0000000000
125748  -4.212  -77.258  19.506 1.0000000000
7769  -4.436  -75.309  21.885 1.0000000000
7006  -5.197  -76.610  22.705 1.0000000000
8559  -5.354  -74.662  23.746 1.0000000000
9450  0.167  -73.160  17.073 1.0000000000
7055  -4.226  -76.351  19.761 1.0000000000
6418  -4.356  -77.953  20.136 1.0000000000
7804  -4.264  -75.343  20.000 1.0000000000
120873  -4.427  -77.051  21.372 1.0000000000
5660  -5.107  -78.133  21.114 1.0000000000
13162  -1.825  -69.737  12.409 1.0000000000
7023  -7.610  -76.930  21.642 1.0000000000
125396  -2.008  -70.685  11.161 1.0000000000
6405  -7.504  -77.522  20.953 1.0000000000
5677  -7.350  -78.184  20.343 1.0000000000
7045  -7.977  -76.855  20.833 1.0000000000
116324  -8.009  -77.434  20.064 1.0000000000
138023  -8.434  -76.988  19.580 1.0000000000
7067  -9.082  -76.999  18.677 1.0000000000
7056  -8.794  -76.560  19.249 1.0000000000
11396  -1.912  -72.034  10.050 1.0000000000
123997  -9.389  -75.852  18.238 1.0000000000
10460  -1.896  -73.053  8.742 1.0000000000
7840  -8.997  -74.627  17.876 1.0000000000
8749  -6.059  -74.166  10.067 1.0000000000
127848  -7.469  -74.070  10.689 1.0000000000
8734  -8.019  -73.523  11.364 1.0000000000
9546  -8.846  -73.256  12.018 1.0000000000
9521  -9.670  -72.978  13.596 1.0000000000
9504  -9.498  -72.907  14.687 1.0000000000
8795  -1.956  -74.710  7.474 1.0000000000
8813  -3.450  -74.339  6.147 1.0000000000
10558  -1.550  -72.491  2.653 0.8999999762
9638  -3.162  -72.865  5.054 1.0000000000
9664  -1.817  -73.396  2.963 0.8999999762
9650  -3.095  -73.439  4.627 1.0000000000
12124  -3.155  -70.627  23.598 0.5000000000
11162  -2.857  -71.367  23.009 0.5000000000
12168  -1.395  -70.304  21.479 0.6999999881
11194  -2.171  -70.593  21.912 0.6000000238
129072  -2.318  -71.540  22.229 0.6000000238
10242  -1.233  -72.749  21.639 0.6999999881
11192  -0.804  -71.385  20.999 0.8000000119
10241  -0.485  -72.345  20.929 0.8000000119
126376  -0.117  -72.982  20.623 0.8000000119
9382  -0.543  -73.258  21.152 0.8000000119
12169  -4.969  -70.596  20.894 1.0000000000
11195  -5.209  -71.758  21.785 1.0000000000
10271  0.095  -72.379  18.965 0.8000000119
10253  -0.102  -72.333  20.023 0.8000000119
12178  -4.523  -70.065  20.269 1.0000000000
10255  -4.562  -72.313  20.799 1.0000000000
129706  -4.931  -72.337  21.542 1.0000000000
9359  -5.438  -73.812  23.802 1.0000000000
10289  0.231  -72.446  17.981 1.0000000000
9436  0.202  -73.144  18.599 0.8999999762
7075  -4.040  -75.906  17.110 1.0000000000
8547  -5.834  -74.288  24.148 1.0000000000
10324  0.211  -71.912  16.902 1.0000000000
7817  -4.212  -74.958  18.196 1.0000000000
9400  -4.436  -73.122  20.591 1.0000000000
9384  -4.635  -73.595  21.378 1.0000000000
7735  -6.340  -75.635  23.696 1.0000000000
11285  -0.177  -71.962  16.749 1.0000000000
10308  -2.084  -72.253  16.997 1.0000000000
122023  -3.922  -74.074  18.256 1.0000000000
8584  -4.491  -74.508  21.457 1.0000000000
7736  -7.286  -75.629  23.530 1.0000000000
7722  -7.815  -75.000  24.141 1.0000000000
11261  -1.309  -71.382  16.800 1.0000000000
7790  -4.345  -75.364  21.080 1.0000000000
6362  -4.706  -76.895  22.118 1.0000000000
13139  -1.868  -69.869  13.145 1.0000000000
7752  -7.831  -75.796  22.968 1.0000000000
7024  -8.083  -76.280  21.408 1.0000000000
12248  -1.799  -70.249  14.032 1.0000000000
129766  -3.402  -71.554  14.524 1.0000000000
11359  -1.986  -71.495  11.694 1.0000000000
12263  -1.787  -70.599  13.124 1.0000000000
11347  -2.021  -71.820  12.614 1.0000000000
10381  -2.361  -72.082  13.663 1.0000000000
10366  -2.896  -71.874  14.338 1.0000000000
11326  -4.202  -71.316  14.227 1.0000000000
11309  -4.761  -70.630  14.452 1.0000000000
12309  -2.366  -71.055  9.918 1.0000000000
10395  -2.214  -72.156  12.937 1.0000000000
10382  -3.202  -72.075  13.490 1.0000000000
130201  -9.088  -75.655  18.871 1.0000000000
139687  -8.838  -75.715  19.357 1.0000000000
121185  -2.029  -71.346  10.669 1.0000000000
9539  -2.145  -72.747  11.668 1.0000000000
10396  -2.594  -72.328  12.853 1.0000000000
10369  -5.852  -71.102  13.703 1.0000000000
7829  -8.577  -74.548  18.413 1.0000000000
8745  -1.613  -74.204  10.216 1.0000000000
9541  -3.148  -73.315  11.236 1.0000000000
9542  -4.272  -72.958  11.113 1.0000000000
9531  -3.737  -72.590  11.765 1.0000000000
8666  -8.603  -73.983  17.322 1.0000000000
10408  -4.756  -72.166  11.551 1.0000000000
9520  -9.017  -72.460  13.830 1.0000000000
9587  -1.474  -73.865  8.785 1.0000000000
8780  -1.370  -74.436  8.879 1.0000000000
9568  -1.193  -74.046  9.356 1.0000000000
8747  -4.117  -74.081  10.234 1.0000000000
9544  -6.479  -72.840  11.112 1.0000000000
140340  -7.216  -73.406  11.037 1.0000000000
9532  -8.093  -72.584  12.122 1.0000000000
10386  -8.482  -72.194  13.054 1.0000000000
9588  -2.027  -73.521  8.096 1.0000000000
9609  -3.099  -73.255  7.374 1.0000000000
9625  -3.525  -73.467  6.444 1.0000000000
11479  -2.280  -71.785  4.673 0.8999999762
10514  -2.548  -72.598  4.404 1.0000000000
10534  -1.827  -72.663  3.594 0.8999999762
117254  -1.675  -72.073  0.753 0.5000000000
13021  -3.050  -68.841  23.297 0.5000000000
13044  -1.009  -69.688  21.797 0.6999999881
10228  -2.102  -72.556  22.285 0.5000000000
137969  -0.979  -72.106  21.335 0.6000000238
134316  -1.540  -71.912  21.685 0.6000000238
128245  -3.288  -67.522  19.516 1.0000000000
12170  -5.587  -70.230  21.283 1.0000000000
135677  -5.809  -70.673  21.910 1.0000000000
11221  -0.045  -71.443  19.172 0.8999999762
13053  -4.007  -69.421  19.579 1.0000000000
122784  -4.448  -70.857  20.484 1.0000000000
10230  -5.220  -72.346  22.364 1.0000000000
117832  -5.635  -72.190  23.253 1.0000000000
11240  0.181  -71.679  18.108 0.8999999762
138440  -3.432  -70.462  19.231 1.0000000000
10206  -5.729  -72.922  23.954 1.0000000000
11223  -3.455  -71.173  19.242 1.0000000000
10207  -6.424  -72.778  24.558 1.0000000000
11222  -2.642  -71.111  18.175 1.0000000000
10272  -3.271  -71.860  18.804 1.0000000000
9399  -4.083  -72.929  19.818 1.0000000000
8604  -4.293  -73.743  19.967 1.0000000000
8549  -7.359  -74.285  24.548 1.0000000000
10273  -3.769  -72.220  19.523 1.0000000000
15042  -1.129  -67.654  12.743 1.0000000000
12237  -2.324  -69.979  14.515 1.0000000000
8551  -9.265  -74.376  24.363 1.0000000000
12225  -4.496  -69.943  14.768 1.0000000000
7738  -9.159  -75.169  23.183 1.0000000000
11308  -3.525  -70.737  14.643 1.0000000000
12226  -5.377  -70.334  14.996 1.0000000000
7753  -8.545  -75.820  21.806 1.0000000000
135649  -1.908  -71.203  12.579 1.0000000000
11286  -6.221  -70.574  16.052 1.0000000000
11327  -5.297  -71.112  14.103 1.0000000000
8642  -7.928  -74.045  18.890 1.0000000000
7792  -8.718  -75.741  20.309 1.0000000000
133212  -6.371  -71.254  13.365 1.0000000000
10347  -7.464  -72.365  16.140 1.0000000000
8653  -8.081  -73.995  17.823 1.0000000000
7819  -8.567  -74.829  19.084 1.0000000000
11397  -2.433  -71.667  9.396 1.0000000000
9530  -2.832  -72.741  12.050 1.0000000000
121209  -5.146  -71.678  12.301 1.0000000000
10384  -5.429  -71.369  13.089 1.0000000000
9479  -8.258  -72.784  15.965 1.0000000000
8665  -7.732  -73.665  17.384 1.0000000000
10438  -1.696  -73.121  10.209 1.0000000000
122565  -1.983  -73.266  11.104 1.0000000000
10398  -6.409  -71.545  12.590 1.0000000000
9519  -8.247  -71.901  13.970 1.0000000000
9503  -8.795  -72.460  14.948 1.0000000000
8679  -8.387  -73.422  16.693 1.0000000000
8733  -2.167  -73.875  10.878 1.0000000000
9556  -3.866  -73.631  10.750 1.0000000000
9543  -5.319  -72.678  10.968 1.0000000000
10409  -5.875  -72.005  11.620 1.0000000000
10410  -6.999  -72.190  11.884 1.0000000000
10473  -2.797  -72.627  8.077 1.0000000000
10474  -3.403  -72.175  7.166 1.0000000000
11438  -3.118  -71.256  6.739 1.0000000000
10485  -3.263  -71.903  6.080 1.0000000000
10496  -2.970  -72.189  5.182 1.0000000000
11501  -1.547  -71.858  3.319 0.8999999762
11522  -1.430  -71.584  2.345 0.8000000119
137005  -4.832  -68.260  20.142 1.0000000000
12167  -0.977  -70.620  21.100 0.6999999881
117322  -0.407  -70.936  19.909 0.8000000119
12183  -0.334  -70.115  19.550 0.8000000119
13060  -3.176  -68.595  18.857 1.0000000000
11180  -5.651  -71.416  22.431 1.0000000000
12194  0.041  -70.763  18.010 0.8999999762
12184  -2.942  -70.311  18.628 1.0000000000
11209  -4.180  -71.582  20.174 1.0000000000
10217  -6.141  -72.014  24.113 1.0000000000
13078  -0.635  -70.198  17.756 1.0000000000
12195  -1.322  -70.146  17.591 1.0000000000
11153  -6.799  -72.014  24.574 1.0000000000
129963  -6.880  -73.520  24.718 1.0000000000
10209  -8.323  -72.462  25.063 1.0000000000
12200  -0.065  -70.726  17.141 1.0000000000
12201  -0.734  -70.732  16.931 1.0000000000
8548  -6.484  -74.295  24.387 1.0000000000
11241  -1.657  -70.715  17.255 1.0000000000
9348  -9.017  -73.423  24.979 1.0000000000
134089  -1.581  -68.283  12.674 1.0000000000
13116  -3.060  -69.316  13.643 1.0000000000
14065  -4.052  -69.188  13.830 1.0000000000
15057  -1.126  -67.919  11.403 1.0000000000
8561  -9.962  -74.611  23.654 1.0000000000
12211  -6.042  -69.877  15.726 1.0000000000
8571  -9.946  -75.012  22.527 1.0000000000
14111  -1.494  -68.363  10.849 1.0000000000
12212  -6.571  -70.037  16.305 1.0000000000
12294  -2.307  -70.182  10.409 1.0000000000
8608  -9.984  -74.786  20.705 1.0000000000
8585  -9.739  -75.175  21.525 1.0000000000
11338  -1.829  -71.122  13.941 1.0000000000
131092  -6.493  -70.945  18.178 1.0000000000
8626  -8.525  -74.124  19.551 1.0000000000
7793  -8.999  -75.513  20.492 1.0000000000
13205  -2.768  -70.084  9.632 1.0000000000
125921  -7.219  -71.604  15.215 1.0000000000
128710  -7.384  -73.741  17.968 1.0000000000
8606  -8.797  -74.972  19.820 1.0000000000
12310  -2.972  -70.662  9.161 1.0000000000
10420  -1.973  -72.990  11.031 1.0000000000
128803  -3.057  -71.278  8.729 1.0000000000
11412  -2.602  -72.145  8.759 1.0000000000
129742  -7.641  -71.837  12.786 1.0000000000
11426  -3.279  -71.477  7.883 1.0000000000
11456  -2.654  -71.459  5.384 1.0000000000
11455  -1.888  -71.104  4.955 1.0000000000
117221  -1.348  -70.988  3.080 0.8000000119
13032  -0.685  -69.272  22.564 0.6000000238
15866  -1.453  -66.612  20.202 0.8999999762
15867  -2.346  -66.697  20.584 1.0000000000
15868  -3.240  -66.775  20.881 1.0000000000
13019  0.034  -69.010  23.097 0.6000000238
120686  -0.003  -69.171  21.058 0.8000000119
14902  -1.161  -66.819  19.731 0.8999999762
14886  -3.968  -66.944  21.028 1.0000000000
13965  -5.381  -68.698  20.504 1.0000000000
13052  -0.292  -69.546  20.266 0.8000000119
13046  -6.002  -69.231  21.034 1.0000000000
13034  -6.284  -69.867  21.751 1.0000000000
13992  -0.807  -68.457  19.445 0.8999999762
13993  -1.431  -68.095  18.897 1.0000000000
130248  -2.281  -67.748  18.892 1.0000000000
12154  -6.251  -70.525  22.540 1.0000000000
11163  -6.156  -71.248  23.348 1.0000000000
119083  -0.478  -70.101  18.648 0.8999999762
13068  -0.866  -69.515  18.484 1.0000000000
11165  -7.373  -70.563  24.005 1.0000000000
13070  -1.744  -69.449  18.070 1.0000000000
12136  -6.849  -70.287  23.288 1.0000000000
11154  -7.639  -71.479  24.667 1.0000000000
124907  -8.126  -70.472  24.191 1.0000000000
12196  -2.096  -70.086  17.878 1.0000000000
117005  -8.838  -70.415  24.287 1.0000000000
129480  -9.230  -72.426  25.060 1.0000000000
11166  -9.717  -70.916  24.547 1.0000000000
16009  -0.698  -66.964  12.751 1.0000000000
14083  -2.107  -68.652  12.952 1.0000000000
15008  -4.335  -67.842  14.256 1.0000000000
14066  -4.677  -68.519  14.012 1.0000000000
14067  -5.333  -68.638  14.455 1.0000000000
9360  -10.770  -73.865  23.820 1.0000000000
9350  -10.672  -72.819  24.499 1.0000000000
11168  -11.439  -71.333  23.956 1.0000000000
118642  -0.905  -67.109  11.224 1.0000000000
135401  -1.901  -69.041  12.502 1.0000000000
13102  -5.251  -69.442  14.813 1.0000000000
13089  -7.140  -69.498  16.203 1.0000000000
8572  -10.697  -74.460  22.871 1.0000000000
10231  -11.432  -73.191  23.665 1.0000000000
16032  -1.137  -66.739  10.382 1.0000000000
14123  -1.603  -68.117  10.018 1.0000000000
13088  -6.581  -69.303  15.704 1.0000000000
9385  -11.315  -74.164  22.294 1.0000000000
10244  -12.386  -73.010  22.214 1.0000000000
119121  -12.075  -71.973  23.417 1.0000000000
124113  -11.464  -73.982  20.096 1.0000000000
8609  -11.031  -74.454  20.776 1.0000000000
13192  -1.951  -69.004  10.379 1.0000000000
13176  -1.852  -69.403  11.689 1.0000000000
11288  -6.369  -70.607  17.125 1.0000000000
9442  -11.039  -73.030  17.961 1.0000000000
10309  -6.854  -71.386  19.034 1.0000000000
8627  -9.402  -74.347  19.937 1.0000000000
8628  -10.571  -74.295  20.050 1.0000000000
130124  -7.925  -72.612  19.424 1.0000000000
9440  -8.089  -73.266  19.459 1.0000000000
10328  -6.700  -72.492  17.060 1.0000000000
10292  -6.801  -72.507  18.968 1.0000000000
9439  -7.226  -73.475  18.729 1.0000000000
121426  -3.426  -72.238  12.575 1.0000000000
10371  -7.637  -71.634  14.407 1.0000000000
9502  -8.108  -72.026  15.195 1.0000000000
12335  -3.029  -70.492  7.195 1.0000000000
13255  -2.506  -69.831  6.679 1.0000000000
12376  -2.317  -70.781  5.612 1.0000000000
12375  -1.715  -70.334  5.124 0.8999999762
12396  -1.555  -70.603  4.460 0.8999999762
12429  -1.515  -70.549  2.051 0.8000000119
13907  -0.102  -68.666  24.013 0.6000000238
14885  -0.303  -67.845  21.435 0.8000000119
13947  0.199  -68.779  22.462 0.6999999881
15846  -0.993  -66.744  20.554 0.8999999762
121653  -4.675  -67.291  21.233 1.0000000000
131016  -0.117  -68.590  20.828 0.8000000119
137403  -5.140  -67.886  20.792 1.0000000000
13047  -6.389  -68.676  21.577 1.0000000000
13994  -2.066  -68.629  18.460 1.0000000000
13966  -5.905  -68.249  21.076 1.0000000000
13035  -6.673  -69.137  21.970 1.0000000000
12155  -6.752  -69.673  22.485 1.0000000000
14872  -5.567  -67.806  22.183 1.0000000000
14874  -6.808  -68.537  22.943 1.0000000000
138237  -7.055  -69.496  23.093 1.0000000000
13929  -7.156  -68.690  23.416 1.0000000000
13037  -7.356  -68.989  23.464 1.0000000000
13022  -8.167  -69.479  23.916 1.0000000000
12139  -9.125  -70.055  24.131 1.0000000000
138186  -9.991  -70.473  24.356 1.0000000000
11167  -10.682  -71.114  24.389 1.0000000000
15009  -5.186  -67.875  14.475 1.0000000000
14047  -5.964  -68.006  14.736 1.0000000000
12141  -11.493  -70.901  23.847 1.0000000000
11291  -11.869  -71.172  16.784 1.0000000000
9387  -12.275  -73.289  21.212 1.0000000000
11181  -12.706  -71.832  22.762 1.0000000000
16040  -1.245  -66.381  9.532 1.0000000000
12213  -7.027  -69.981  16.886 1.0000000000
10245  -12.673  -72.840  20.698 1.0000000000
122664  -13.057  -72.349  21.226 1.0000000000
11197  -13.284  -71.919  21.902 1.0000000000
136000  -2.619  -70.472  14.920 1.0000000000
12202  -7.015  -70.206  17.791 1.0000000000
10311  -10.260  -72.381  17.671 1.0000000000
9443  -11.142  -73.549  18.832 1.0000000000
134852  -12.661  -72.758  21.471 1.0000000000
130754  -1.932  -68.594  9.536 1.0000000000
117199  -1.835  -68.979  11.128 1.0000000000
11263  -7.325  -70.467  18.730 1.0000000000
10295  -9.488  -72.693  18.518 1.0000000000
9421  -11.095  -73.923  19.482 1.0000000000
12179  -14.110  -71.107  20.655 1.0000000000
13204  -2.402  -69.278  9.600 1.0000000000
9441  -8.798  -73.115  19.264 1.0000000000
9420  -9.993  -73.856  19.418 1.0000000000
13221  -2.191  -68.699  8.793 1.0000000000
9419  -8.778  -73.744  19.570 1.0000000000
14137  -2.283  -68.900  7.882 1.0000000000
13222  -2.829  -69.590  8.699 1.0000000000
13239  -2.099  -69.127  7.005 1.0000000000
13278  -1.517  -69.431  5.244 1.0000000000
12350  -1.988  -70.094  5.911 1.0000000000
13295  -1.385  -69.873  4.374 0.8999999762
13305  -1.504  -69.412  3.313 0.6999999881
116795  -1.937  -69.625  1.505 0.6000000238
124224  -0.602  -67.914  25.081 0.6000000238
14857  0.099  -68.507  23.421 0.6000000238
15831  -1.179  -66.501  22.621 0.8000000119
14870  -0.243  -67.615  22.519 0.6000000238
15850  -4.105  -67.039  21.807 1.0000000000
16788  -3.549  -66.410  23.231 1.0000000000
15849  -3.565  -66.725  21.715 1.0000000000
14871  -4.779  -67.379  21.957 1.0000000000
15835  -4.815  -67.352  22.751 1.0000000000
15818  -4.916  -67.152  23.756 1.0000000000
14873  -6.321  -68.238  22.521 1.0000000000
14842  -5.807  -67.547  24.033 1.0000000000
13948  -6.660  -68.594  22.294 1.0000000000
14861  -7.737  -68.649  24.051 1.0000000000
13930  -7.667  -68.865  23.829 1.0000000000
117574  -8.228  -69.200  24.042 1.0000000000
15808  -5.318  -66.814  24.928 1.0000000000
137134  -6.072  -67.352  24.878 1.0000000000
134718  -9.230  -69.663  24.147 1.0000000000
13024  -11.271  -70.358  23.909 1.0000000000
16022  -0.654  -66.482  11.907 1.0000000000
15024  -1.588  -67.919  13.231 1.0000000000
14982  -3.704  -67.346  14.858 1.0000000000
14984  -5.728  -67.265  15.048 1.0000000000
14036  -11.125  -69.031  16.723 1.0000000000
10219  -11.366  -72.122  24.049 1.0000000000
12142  -12.054  -70.702  23.554 1.0000000000
14084  -3.381  -68.693  13.445 1.0000000000
117050  -7.836  -68.980  16.055 1.0000000000
13092  -10.518  -69.703  16.422 1.0000000000
11267  -12.937  -71.705  17.694 1.0000000000
12171  -13.218  -71.418  22.459 1.0000000000
13091  -9.635  -69.464  16.340 1.0000000000
12215  -8.973  -69.961  16.707 1.0000000000
11243  -12.795  -72.387  18.402 1.0000000000
11198  -13.549  -71.760  20.928 1.0000000000
14136  -1.647  -67.877  9.016 1.0000000000
11264  -8.516  -70.833  18.243 1.0000000000
12197  -13.966  -70.638  18.155 1.0000000000
12187  -14.965  -70.133  19.430 1.0000000000
12198  -14.552  -70.372  18.703 1.0000000000
15101  -1.547  -67.597  7.407 1.0000000000
14158  -1.625  -68.588  6.444 1.0000000000
121731  -1.493  -68.780  5.736 1.0000000000
14183  -1.431  -68.519  4.981 1.0000000000
138170  -1.581  -68.737  3.628 0.8000000119
14208  -1.842  -68.338  2.907 0.6999999881
15816  -0.866  -66.903  24.281 0.6000000238
117935  -0.492  -67.277  23.456 0.6999999881
16797  -1.380  -66.195  23.502 0.6999999881
136844  -2.814  -66.298  22.458 0.8000000119
16799  -3.058  -66.101  23.177 0.8000000119
16800  -3.325  -66.285  23.215 0.8999999762
16786  -2.819  -65.588  23.903 0.8000000119
15834  -4.120  -66.979  22.571 1.0000000000
17750  -3.474  -65.822  24.301 1.0000000000
15807  -4.383  -66.321  24.601 1.0000000000
16759  -5.032  -65.805  25.348 1.0000000000
15791  -5.727  -66.145  25.550 1.0000000000
16760  -6.480  -66.012  25.824 1.0000000000
14845  -8.218  -68.272  25.106 1.0000000000
13898  -9.982  -68.183  25.572 1.0000000000
13913  -10.620  -68.537  25.137 1.0000000000
15795  -9.057  -66.611  26.193 1.0000000000
13023  -10.354  -70.015  24.074 1.0000000000
13932  -10.185  -69.343  24.462 1.0000000000
127056  -0.958  -66.206  10.988 1.0000000000
15005  -1.713  -67.422  13.929 1.0000000000
15006  -2.383  -67.582  14.213 1.0000000000
14032  -7.960  -68.140  15.804 1.0000000000
125155  -11.150  -69.699  24.143 1.0000000000
13080  -12.677  -69.740  17.329 1.0000000000
13025  -12.087  -69.890  23.775 1.0000000000
13038  -12.820  -70.372  23.242 1.0000000000
16963  -1.179  -65.465  9.278 1.0000000000
14034  -9.334  -68.479  16.267 1.0000000000
118617  -14.121  -71.018  18.896 1.0000000000
13048  -14.070  -70.420  22.097 1.0000000000
11268  -13.418  -70.972  17.737 1.0000000000
13049  -14.784  -70.009  21.452 1.0000000000
16047  -1.264  -66.077  8.704 1.0000000000
17934  -2.235  -63.422  6.501 0.6999999881
131210  -9.518  -71.213  17.457 1.0000000000
136603  -1.374  -66.572  8.219 1.0000000000
120634  -1.475  -67.243  6.130 1.0000000000
118100  -1.435  -68.000  5.753 1.0000000000
14195  -1.637  -68.148  3.955 0.8999999762
15171  -1.920  -67.410  3.073 0.6999999881
124050  -1.101  -66.560  25.097 0.6000000238
16784  -1.342  -65.786  24.458 0.6999999881
17730  -0.652  -64.676  25.396 0.5000000000
17746  -1.560  -64.758  24.649 0.6000000238
17747  -2.179  -64.707  24.533 0.6999999881
16787  -3.249  -65.507  23.581 0.8999999762
17749  -3.102  -65.108  24.586 1.0000000000
17731  -3.285  -63.876  25.122 1.0000000000
129268  -0.443  -63.188  24.273 0.6000000238
18673  -2.311  -63.889  24.509 0.6999999881
18675  -2.793  -64.337  24.650 0.8000000119
17732  -3.640  -64.688  25.170 1.0000000000
17715  -4.479  -64.522  25.409 1.0000000000
17717  -5.841  -64.434  25.556 1.0000000000
127915  -1.400  -63.155  23.852 0.6000000238
19687  -2.284  -62.924  24.093 0.6999999881
136848  -6.465  -64.604  25.612 1.0000000000
20645  -2.912  -61.568  23.652 0.8000000119
18660  -4.392  -63.678  25.379 1.0000000000
136867  -8.330  -66.925  26.126 1.0000000000
15794  -8.426  -66.272  26.145 1.0000000000
15979  -1.015  -66.331  14.094 0.8999999762
15980  -1.359  -66.754  14.422 0.8999999762
15796  -10.009  -66.574  26.148 1.0000000000
16929  -0.574  -65.712  13.022 0.8999999762
13899  -10.752  -67.424  25.934 1.0000000000
14846  -11.567  -68.168  25.270 1.0000000000
16943  -0.590  -65.611  12.253 0.8999999762
16008  -0.604  -66.263  12.667 0.8999999762
15993  -1.109  -67.096  13.527 0.8999999762
15956  -2.157  -66.796  15.474 1.0000000000
130950  -3.910  -66.945  15.520 1.0000000000
15959  -5.390  -66.654  15.642 1.0000000000
15942  -7.766  -66.595  16.466 1.0000000000
14964  -7.969  -67.208  15.979 1.0000000000
14966  -9.319  -67.592  16.557 1.0000000000
14020  -10.859  -68.091  17.037 1.0000000000
14847  -12.507  -67.946  25.160 1.0000000000
16953  -1.085  -65.757  10.210 0.8999999762
14983  -4.715  -67.183  15.035 1.0000000000
14022  -12.430  -68.746  17.529 1.0000000000
13915  -13.012  -68.463  24.530 1.0000000000
121994  -15.163  -66.128  24.825 1.0000000000
17895  -0.988  -64.040  10.402 0.8999999762
14049  -7.248  -67.710  15.598 1.0000000000
14965  -8.682  -67.771  16.134 1.0000000000
13916  -13.867  -68.266  24.387 1.0000000000
16976  -1.323  -65.188  8.412 1.0000000000
14006  -12.935  -68.220  17.941 1.0000000000
13937  -15.048  -68.455  23.468 1.0000000000
14863  -15.727  -68.187  23.374 1.0000000000
117867  -1.293  -64.499  8.944 0.8999999762
13953  -16.262  -68.795  21.926 1.0000000000
13952  -15.555  -68.761  22.598 1.0000000000
17918  -1.501  -64.306  8.161 1.0000000000
117519  -1.633  -63.473  8.426 0.8999999762
14007  -13.891  -68.673  18.135 1.0000000000
13072  -14.982  -69.652  18.685 1.0000000000
13061  -15.519  -69.522  19.312 1.0000000000
14875  -16.303  -68.371  22.720 1.0000000000
14877  -17.585  -67.930  22.475 1.0000000000
117786  -19.019  -66.938  22.745 1.0000000000
117710  -1.628  -64.679  7.395 1.0000000000
117477  -1.869  -63.416  7.480 0.8000000119
18870  -2.626  -62.310  6.777 0.6000000238
13056  -15.870  -69.295  20.265 1.0000000000
14876  -16.969  -68.439  22.122 1.0000000000
127896  -18.149  -67.873  22.040 1.0000000000
15837  -19.524  -66.777  22.572 1.0000000000
121847  -1.805  -65.519  5.730 1.0000000000
16992  -1.896  -64.550  6.242 0.8000000119
18897  -2.949  -62.351  5.758 0.6999999881
14008  -14.811  -68.987  18.446 1.0000000000
13073  -15.464  -69.134  18.725 1.0000000000
13062  -16.149  -68.946  19.209 1.0000000000
13982  -16.526  -68.826  20.286 1.0000000000
14888  -17.650  -68.277  21.405 1.0000000000
14890  -19.028  -67.559  21.281 1.0000000000
17964  -2.230  -64.452  5.331 0.6999999881
17948  -2.551  -63.491  5.489 0.6000000238
13995  -16.852  -68.459  19.414 1.0000000000
14923  -17.543  -68.140  19.402 1.0000000000
14924  -18.083  -67.790  19.234 1.0000000000
15869  -19.314  -67.420  19.734 1.0000000000
14908  -19.368  -67.496  20.591 1.0000000000
116508  -1.816  -66.676  4.492 1.0000000000
15158  -1.808  -67.277  3.907 0.6999999881
18674  -2.557  -63.867  24.707 0.8000000119
19679  -3.554  -62.441  24.634 0.8000000119
122141  -3.869  -62.920  25.082 0.8999999762
19680  -4.339  -62.197  24.639 0.8999999762
17718  -6.879  -65.155  25.791 1.0000000000
19685  -0.164  -62.165  23.864 0.6000000238
131075  -0.544  -61.429  23.397 0.6000000238
20655  -1.763  -61.612  23.306 0.6000000238
20646  -3.706  -61.858  24.165 0.8000000119
124773  -4.928  -62.693  25.067 0.8999999762
18662  -6.444  -63.180  24.987 1.0000000000
17719  -8.045  -64.888  25.620 1.0000000000
16762  -8.733  -65.662  26.023 1.0000000000
16763  -9.570  -65.694  25.990 1.0000000000
131180  -10.676  -66.340  26.033 1.0000000000
15797  -11.398  -66.385  25.908 1.0000000000
15957  -3.066  -66.964  15.572 1.0000000000
15941  -6.896  -66.428  16.317 1.0000000000
14952  -9.617  -67.139  17.241 1.0000000000
14953  -10.424  -67.284  17.624 1.0000000000
14831  -11.907  -67.254  25.630 1.0000000000
16777  -14.595  -65.346  25.092 1.0000000000
118798  -0.920  -65.035  10.625 0.8999999762
14021  -11.619  -68.384  17.351 1.0000000000
118647  -17.033  -66.865  23.945 1.0000000000
17903  -1.373  -63.531  9.448 0.8999999762
14954  -11.196  -67.483  17.744 1.0000000000
14005  -12.020  -67.785  17.829 1.0000000000
15820  -17.832  -66.545  23.816 1.0000000000
16790  -18.388  -65.674  24.078 1.0000000000
15902  -12.065  -66.742  18.398 1.0000000000
14939  -13.468  -67.728  18.260 1.0000000000
15822  -19.667  -66.295  23.123 1.0000000000
13969  -16.777  -68.644  21.208 1.0000000000
16801  -20.621  -65.924  22.885 1.0000000000
122661  -14.083  -67.236  18.410 1.0000000000
14940  -14.478  -68.099  18.372 1.0000000000
14009  -15.539  -68.427  18.545 1.0000000000
15838  -21.032  -66.351  22.046 1.0000000000
15853  -21.764  -66.041  21.654 1.0000000000
14941  -16.009  -67.707  18.536 1.0000000000
15851  -19.774  -67.268  21.318 1.0000000000
15871  -21.025  -66.723  20.371 1.0000000000
15872  -21.827  -66.339  20.739 1.0000000000
17013  -2.317  -64.839  4.549 0.6000000238
15884  -17.934  -66.955  18.614 1.0000000000
19686  -1.400  -62.247  23.516 0.6000000238
20666  -4.771  -61.152  23.147 0.8000000119
20657  -5.512  -61.481  23.396 0.8999999762
17734  -7.220  -64.235  25.443 1.0000000000
20654  -1.024  -60.986  22.856 0.6000000238
20665  -3.862  -61.293  23.529 0.6999999881
17733  -6.568  -63.888  25.338 1.0000000000
17735  -8.791  -63.879  24.924 1.0000000000
16774  -9.156  -64.912  25.455 1.0000000000
16896  -1.218  -66.086  14.850 0.8999999762
15938  -1.769  -66.193  15.939 1.0000000000
137791  -2.325  -59.480  21.355 0.6999999881
19695  -6.922  -61.805  23.090 0.8999999762
16775  -10.139  -65.059  25.455 1.0000000000
16776  -11.021  -64.852  25.284 1.0000000000
22539  -4.971  -59.837  21.231 0.6999999881
16765  -11.794  -65.430  25.606 1.0000000000
126745  -0.554  -65.158  13.369 0.8999999762
16895  -0.910  -65.603  14.457 0.8999999762
15939  -2.585  -66.455  16.166 1.0000000000
119505  -3.547  -66.569  16.182 1.0000000000
15940  -4.161  -66.204  16.856 1.0000000000
15958  -4.477  -66.626  15.916 1.0000000000
15924  -8.198  -66.435  17.399 1.0000000000
15798  -12.288  -66.349  25.704 1.0000000000
17740  -14.835  -64.497  24.837 1.0000000000
17886  -0.651  -64.761  11.912 0.8999999762
15809  -13.571  -66.852  25.190 1.0000000000
18814  -0.757  -62.998  11.807 0.8999999762
15926  -9.851  -66.734  18.332 1.0000000000
119210  -14.156  -67.447  24.730 1.0000000000
15810  -14.312  -66.388  25.079 1.0000000000
16779  -16.188  -65.249  24.696 1.0000000000
17742  -16.596  -64.471  24.505 1.0000000000
15925  -9.000  -66.779  18.016 1.0000000000
14849  -15.035  -67.197  24.501 1.0000000000
16780  -17.069  -65.310  24.483 1.0000000000
16781  -17.913  -64.962  24.387 1.0000000000
17757  -18.749  -64.765  24.107 1.0000000000
123770  -15.254  -67.896  23.909 1.0000000000
16789  -17.689  -65.719  24.277 1.0000000000
16791  -19.256  -65.570  23.750 1.0000000000
16792  -20.122  -65.368  23.446 1.0000000000
17763  -21.773  -64.861  22.762 1.0000000000
15905  -14.651  -66.708  18.481 1.0000000000
15854  -22.540  -65.755  21.070 1.0000000000
128213  -23.007  -64.952  21.706 1.0000000000
15906  -15.554  -66.888  18.482 1.0000000000
15870  -20.071  -67.221  20.300 1.0000000000
16838  -20.995  -66.311  19.407 1.0000000000
15908  -17.007  -66.527  18.504 1.0000000000
15885  -18.421  -66.421  18.639 1.0000000000
130293  -19.134  -66.821  18.903 1.0000000000
15886  -19.844  -67.013  19.268 1.0000000000
16821  -21.671  -66.382  19.953 1.0000000000
21583  -2.283  -61.065  22.965 0.6000000238
140519  -3.204  -61.068  23.072 0.6999999881
18676  -6.941  -62.677  24.219 1.0000000000
21612  -2.299  -59.964  21.811 0.6999999881
122137  -7.975  -63.806  25.055 1.0000000000
18664  -8.259  -63.274  24.268 1.0000000000
17751  -8.974  -63.348  24.150 1.0000000000
17736  -9.651  -64.107  24.919 1.0000000000
17753  -10.438  -63.660  24.251 1.0000000000
17738  -11.778  -64.543  25.066 1.0000000000
16880  -1.051  -65.370  15.219 0.8999999762
16874  -2.165  -65.805  16.654 1.0000000000
16875  -3.098  -66.059  16.836 1.0000000000
122901  -5.873  -66.318  16.463 1.0000000000
136561  -11.732  -63.958  24.559 1.0000000000
17720  -12.513  -64.970  25.317 1.0000000000
133182  -14.182  -64.029  24.439 1.0000000000
118732  -0.489  -64.271  13.292 0.8999999762
15922  -6.497  -66.113  17.288 1.0000000000
116198  -7.397  -66.222  17.217 1.0000000000
16768  -13.817  -65.424  25.257 1.0000000000
18825  -0.741  -63.979  11.674 0.8999999762
18813  -0.553  -63.159  12.755 0.8999999762
15921  -5.736  -66.037  17.468 1.0000000000
124338  -9.250  -66.385  19.175 1.0000000000
18666  -15.092  -63.751  24.154 1.0000000000
123904  -16.138  -63.767  24.143 1.0000000000
20790  -0.867  -61.078  12.702 0.8000000119
16869  -6.869  -66.039  18.261 1.0000000000
15900  -8.336  -66.496  18.836 1.0000000000
14937  -10.593  -66.743  18.267 1.0000000000
17756  -18.045  -63.935  24.115 1.0000000000
18700  -18.437  -63.018  23.271 1.0000000000
117738  -0.269  -61.824  14.597 0.8000000119
15901  -10.027  -66.353  18.789 1.0000000000
14938  -11.440  -66.932  18.228 1.0000000000
18702  -20.273  -63.026  22.907 1.0000000000
19708  -20.638  -62.312  22.484 1.0000000000
137173  -10.447  -66.063  18.791 1.0000000000
16793  -21.011  -65.000  23.285 1.0000000000
18690  -20.760  -63.996  23.333 1.0000000000
19709  -21.583  -62.359  22.315 1.0000000000
124485  -13.335  -66.020  18.532 1.0000000000
15903  -13.067  -66.840  18.421 1.0000000000
18704  -21.993  -64.043  22.731 1.0000000000
18708  -23.453  -64.088  21.720 1.0000000000
15904  -13.873  -66.563  18.478 1.0000000000
124484  -14.256  -65.991  18.524 1.0000000000
16854  -14.750  -65.306  18.521 1.0000000000
124375  -15.139  -66.096  18.520 1.0000000000
17767  -23.569  -64.602  21.058 1.0000000000
17772  -23.812  -64.614  20.154 1.0000000000
21685  -1.755  -59.133  14.730 0.4000000060
16855  -15.645  -65.458  18.526 1.0000000000
16856  -16.541  -65.630  18.524 1.0000000000
16857  -18.270  -65.499  18.611 1.0000000000
16837  -19.520  -66.062  18.876 1.0000000000
126644  -20.218  -66.414  19.184 1.0000000000
16839  -21.888  -65.929  19.404 1.0000000000
139633  -22.988  -65.093  19.112 1.0000000000
17790  -23.520  -64.711  19.233 1.0000000000
18714  -24.406  -63.926  19.909 1.0000000000
20719  -21.162  -61.961  18.064 1.0000000000
20739  -22.767  -61.840  17.972 1.0000000000
21613  -3.489  -60.131  21.942 0.6999999881
21599  -3.990  -60.758  22.652 0.6999999881
21600  -5.052  -60.774  22.449 0.8000000119
20667  -5.517  -61.124  22.846 0.8000000119
22537  -3.010  -59.543  21.362 0.6999999881
20668  -6.746  -61.312  22.295 0.8999999762
18677  -7.775  -62.703  23.728 1.0000000000
21615  -5.436  -60.415  21.801 0.8000000119
19696  -7.696  -62.172  23.083 1.0000000000
18678  -8.656  -62.852  23.514 1.0000000000
120975  -9.304  -63.135  23.687 1.0000000000
18694  -9.425  -62.819  23.178 1.0000000000
17754  -11.280  -63.630  24.109 1.0000000000
18681  -11.652  -63.252  23.538 1.0000000000
17847  -0.742  -64.822  14.747 0.8999999762
16864  -2.657  -65.242  17.288 1.0000000000
22559  -8.595  -59.191  20.612 0.8999999762
18697  -12.118  -62.692  23.145 1.0000000000
132744  -12.083  -63.656  24.091 1.0000000000
123330  -0.497  -64.153  14.184 0.8999999762
16865  -3.597  -65.451  17.397 1.0000000000
16866  -4.440  -65.480  17.469 1.0000000000
17755  -12.898  -63.709  24.092 1.0000000000
121700  -14.246  -62.130  22.845 1.0000000000
19691  -16.065  -62.713  22.876 1.0000000000
18773  -0.642  -63.722  15.841 0.8999999762
17815  -1.091  -64.003  17.199 0.8999999762
16868  -6.205  -65.367  17.932 1.0000000000
18699  -13.964  -62.733  23.246 1.0000000000
20678  -17.362  -61.863  22.758 1.0000000000
131124  -0.401  -61.594  15.916 0.8999999762
20791  -1.507  -60.358  11.956 0.6000000238
17819  -4.140  -64.214  18.056 1.0000000000
16867  -5.261  -65.185  17.649 1.0000000000
19705  -17.844  -62.320  22.834 1.0000000000
19707  -19.681  -62.271  22.603 1.0000000000
20681  -20.100  -61.789  22.566 0.8999999762
19830  -2.846  -59.990  12.086 0.6000000238
16849  -9.285  -65.662  19.528 1.0000000000
139236  -10.686  -66.427  18.516 1.0000000000
23526  -12.400  -57.899  19.301 0.8000000119
23481  -12.825  -58.570  22.434 0.8999999762
126811  -21.873  -61.936  22.111 0.8999999762
121361  -11.336  -66.341  18.534 1.0000000000
14907  -18.753  -67.771  20.309 1.0000000000
19710  -22.540  -62.305  22.074 0.8999999762
16851  -11.362  -65.590  18.666 1.0000000000
125278  -22.249  -63.176  22.566 1.0000000000
128828  -23.157  -63.304  22.260 1.0000000000
20692  -23.189  -61.915  21.806 0.8999999762
16852  -12.717  -65.237  18.520 1.0000000000
19716  -24.362  -63.030  21.418 1.0000000000
19717  -24.979  -62.385  20.966 1.0000000000
16853  -13.812  -65.260  18.518 1.0000000000
121206  -15.324  -64.649  18.529 1.0000000000
17807  -18.269  -64.558  18.639 1.0000000000
19720  -25.366  -62.602  20.007 1.0000000000
121815  -16.161  -64.845  18.557 1.0000000000
16859  -20.249  -65.663  19.013 1.0000000000
17787  -21.133  -65.375  19.050 1.0000000000
17788  -22.181  -65.062  18.972 1.0000000000
17789  -22.957  -64.455  18.662 1.0000000000
18724  -23.714  -64.107  18.810 1.0000000000
19727  -24.886  -63.276  19.506 1.0000000000
138638  -25.260  -60.795  17.818 1.0000000000
22538  -4.016  -59.658  21.339 0.6999999881
20688  -8.203  -61.681  21.938 1.0000000000
19697  -8.863  -62.526  22.788 1.0000000000
22556  -5.423  -59.326  20.679 0.6999999881
23506  -6.806  -58.973  20.177 0.6999999881
19713  -9.020  -62.141  22.063 1.0000000000
19699  -10.650  -62.393  22.431 1.0000000000
18766  -0.790  -63.349  16.783 0.8999999762
19700  -11.786  -62.063  22.502 1.0000000000
19702  -13.364  -62.178  22.958 1.0000000000
131544  -7.204  -58.496  19.766 0.8000000119
20672  -11.560  -61.155  22.262 1.0000000000
20673  -12.191  -61.381  22.629 1.0000000000
21605  -14.409  -61.187  23.580 1.0000000000
134406  -14.727  -62.503  22.912 1.0000000000
17794  -2.867  -63.805  18.104 1.0000000000
17818  -3.287  -64.505  17.854 1.0000000000
131368  -8.375  -58.534  20.048 0.8000000119
23491  -11.041  -58.340  21.044 0.8999999762
117390  -12.806  -61.101  23.111 1.0000000000
20674  -13.545  -61.739  23.019 1.0000000000
19704  -15.882  -62.195  22.621 1.0000000000
18758  -1.609  -63.586  17.760 0.8999999762
16845  -4.960  -64.292  18.006 1.0000000000
16847  -7.024  -65.236  18.554 1.0000000000
138587  -7.818  -66.116  19.410 1.0000000000
16848  -8.494  -65.971  19.823 1.0000000000
23524  -10.529  -58.099  19.111 0.8999999762
20661  -18.674  -61.497  22.968 0.8999999762
21588  -18.348  -61.073  23.920 0.8000000119
20662  -21.068  -61.329  23.021 0.8999999762
20724  -0.991  -61.554  17.709 0.8999999762
21721  -2.138  -59.785  12.381 0.6000000238
17795  -3.530  -63.630  18.181 1.0000000000
137912  -6.280  -64.014  18.205 1.0000000000
17784  -6.903  -64.214  18.359 1.0000000000
16834  -7.464  -65.145  19.216 1.0000000000
24497  -13.879  -57.826  20.049 0.8000000119
21585  -14.908  -60.590  24.041 1.0000000000
20682  -21.852  -61.521  22.449 0.8999999762
122190  -0.742  -60.782  17.385 0.8999999762
20751  -0.279  -61.270  15.129 0.8999999762
18737  -9.309  -64.370  18.887 1.0000000000
17800  -10.849  -64.762  18.610 1.0000000000
23496  -15.276  -58.107  22.052 0.8000000119
20683  -22.538  -61.655  22.073 0.8999999762
21621  -23.442  -61.286  22.002 0.8999999762
18738  -10.227  -64.202  18.468 1.0000000000
121208  -13.455  -64.605  18.439 1.0000000000
25549  -14.236  -56.080  17.270 0.6999999881
20693  -24.254  -62.012  21.711 0.8999999762
17801  -11.893  -64.663  18.430 1.0000000000
17802  -12.782  -64.284  18.313 1.0000000000
121207  -14.356  -64.409  18.444 1.0000000000
17808  -19.185  -64.480  18.735 1.0000000000
18742  -14.417  -63.443  18.106 1.0000000000
119049  -17.009  -63.682  18.530 1.0000000000
120131  -17.808  -63.694  18.543 1.0000000000
18747  -20.460  -63.665  18.624 1.0000000000
18748  -21.414  -63.574  18.512 1.0000000000
18750  -23.331  -63.619  18.420 1.0000000000
19728  -25.360  -62.631  19.204 1.0000000000
22555  -4.467  -59.152  20.723 0.6999999881
22540  -5.847  -60.023  21.142 0.6999999881
22554  -3.410  -59.056  20.734 0.6999999881
23503  -3.862  -58.395  20.112 0.6000000238
22541  -6.699  -60.158  21.109 0.8000000119
121230  -7.897  -60.889  21.573 1.0000000000
22558  -7.165  -59.594  20.663 0.8000000119
117378  -8.681  -61.032  21.587 1.0000000000
19698  -9.684  -62.545  22.516 1.0000000000
22543  -9.926  -59.587  21.362 1.0000000000
122932  -12.637  -60.135  23.127 1.0000000000
19763  -1.480  -62.689  17.842 0.8999999762
23510  -10.742  -58.090  20.175 0.8999999762
22545  -12.092  -58.716  22.102 0.8999999762
18731  -2.933  -63.216  18.175 0.8999999762
16833  -7.122  -64.734  18.635 1.0000000000
23523  -8.647  -58.126  19.367 0.8000000119
22529  -13.007  -59.309  23.151 0.8999999762
23465  -14.973  -58.617  23.623 0.8000000119
22521  -16.280  -59.245  24.281 0.8000000119
21586  -16.640  -60.525  24.265 0.8000000119
21590  -20.923  -60.794  23.951 0.8000000119
19736  -3.385  -62.787  18.035 0.8999999762
18735  -6.117  -63.703  18.030 1.0000000000
17786  -7.906  -64.726  19.320 1.0000000000
17798  -8.712  -65.071  19.719 1.0000000000
23539  -11.186  -57.596  18.567 0.8000000119
24498  -14.526  -57.889  20.605 0.8000000119
131546  -19.392  -61.515  22.878 0.8000000119
21591  -21.618  -60.680  23.872 0.8000000119
21690  -0.608  -59.914  14.420 0.6999999881
18733  -4.272  -62.970  17.976 0.8999999762
120468  -7.805  -63.764  18.342 1.0000000000
117098  -8.549  -64.334  18.991 1.0000000000
25577  -12.041  -56.048  17.752 0.6000000238
122498  -12.895  -56.932  18.691 0.6999999881
24544  -13.381  -56.131  17.677 0.6999999881
25551  -16.518  -56.456  18.669 0.6000000238
23484  -15.660  -58.183  23.045 0.8000000119
21672  -0.525  -60.158  16.431 0.8000000119
22600  -0.652  -59.187  16.972 0.8000000119
21701  -1.874  -59.624  13.317 0.6000000238
21609  -23.751  -60.397  22.396 0.8999999762
133050  -24.623  -60.186  21.978 0.8000000119
18740  -12.089  -63.838  18.012 1.0000000000
124951  -19.876  -63.081  18.457 1.0000000000
25526  -18.082  -56.310  19.523 0.5000000000
20695  -25.909  -60.840  20.899 0.8999999762
19743  -11.686  -63.071  17.552 1.0000000000
18741  -12.937  -63.600  17.978 1.0000000000
18745  -18.679  -63.711  18.592 1.0000000000
19753  -21.732  -62.790  18.283 1.0000000000
19755  -23.814  -63.002  18.210 1.0000000000
20701  -25.714  -61.722  20.510 0.8999999762
19745  -13.592  -62.975  17.737 1.0000000000
17805  -15.914  -64.104  18.545 1.0000000000
123411  -16.543  -63.124  18.355 1.0000000000
20720  -22.027  -62.108  18.137 1.0000000000
19754  -22.828  -62.803  18.143 1.0000000000
19774  -24.230  -62.362  18.069 1.0000000000
20704  -25.981  -61.850  19.466 1.0000000000
119128  -26.462  -61.091  20.015 1.0000000000
125272  -18.775  -59.982  16.937 1.0000000000
20737  -20.730  -61.149  17.802 1.0000000000
125790  -22.720  -60.915  17.798 1.0000000000
20738  -21.742  -61.234  17.933 1.0000000000
18730  -2.197  -62.753  18.024 0.8999999762
21618  -9.290  -60.412  21.421 1.0000000000
23522  -7.865  -58.297  19.600 0.8000000119
22561  -10.269  -58.609  20.887 1.0000000000
21620  -10.680  -59.870  21.806 1.0000000000
18734  -5.098  -63.482  17.924 1.0000000000
19735  -2.796  -62.750  18.080 0.8999999762
23441  -17.237  -58.739  24.163 0.8000000119
22501  -18.526  -59.452  24.509 0.8000000119
20710  -3.759  -62.105  18.001 0.8999999762
24519  -12.070  -57.000  18.392 0.8000000119
116244  -17.083  -57.857  22.013 0.8000000119
23468  -18.515  -57.950  24.016 0.8000000119
130389  -20.475  -58.648  24.579 0.8000000119
21574  -22.694  -59.884  24.213 0.8000000119
21638  -1.186  -60.036  18.222 0.8999999762
123214  -8.895  -63.801  18.311 1.0000000000
140304  -17.554  -56.873  20.505 0.6999999881
134754  -20.510  -60.493  24.334 0.8000000119
21608  -22.682  -60.896  22.681 0.8000000119
22616  -0.604  -59.144  15.712 0.6999999881
19738  -6.454  -63.143  17.807 1.0000000000
19741  -9.697  -63.671  18.014 1.0000000000
19742  -10.632  -63.424  17.712 1.0000000000
25578  -13.535  -55.702  17.326 0.5000000000
23580  -1.064  -58.337  15.676 0.6000000238
19767  -9.996  -62.961  17.277 1.0000000000
17803  -13.592  -63.879  18.203 1.0000000000
118673  -15.863  -63.389  18.382 1.0000000000
21623  -25.915  -60.078  21.102 0.8999999762
19768  -10.984  -62.639  17.134 1.0000000000
18743  -15.230  -63.010  18.082 1.0000000000
19749  -17.652  -62.142  17.946 1.0000000000
19750  -18.737  -62.129  17.984 1.0000000000
19773  -23.496  -62.345  18.024 1.0000000000
21628  -26.660  -60.270  20.439 0.8999999762
19746  -14.538  -62.558  17.751 1.0000000000
19748  -16.743  -62.402  18.049 1.0000000000
21645  -19.412  -60.953  17.520 1.0000000000
20740  -23.714  -61.582  17.821 1.0000000000
19775  -24.862  -62.161  18.306 1.0000000000
20721  -25.373  -61.520  18.148 1.0000000000
21647  -26.954  -60.944  18.485 1.0000000000
21634  -27.109  -60.685  19.332 1.0000000000
21667  -23.658  -60.576  17.650 1.0000000000
129056  -24.601  -60.276  17.623 1.0000000000
22591  -21.227  -59.781  17.529 1.0000000000
22593  -22.619  -59.247  17.544 1.0000000000
23521  -6.453  -58.319  19.624 0.6999999881
22560  -9.478  -58.922  20.740 0.8999999762
23508  -9.085  -58.350  20.081 0.8999999762
123786  -9.600  -58.076  18.980 0.8000000119
19734  -1.713  -61.847  17.925 0.8999999762
18736  -7.052  -63.759  18.199 1.0000000000
23538  -10.361  -57.666  18.365 0.8000000119
136264  -1.249  -60.729  18.500 0.8999999762
20707  -1.469  -61.271  17.987 0.8999999762
20709  -2.973  -61.639  17.968 0.8999999762
19739  -7.410  -63.228  17.808 1.0000000000
25576  -11.335  -56.103  17.814 0.6000000238
24490  -18.357  -56.777  21.675 0.6999999881
24477  -19.319  -56.636  22.848 0.6999999881
131545  -21.300  -59.272  24.699 0.8000000119
22506  -23.544  -59.610  24.039 0.8000000119
22523  -24.396  -59.355  23.577 0.8000000119
131141  -9.115  -63.162  17.607 1.0000000000
21593  -23.134  -60.150  23.403 0.8000000119
22530  -24.725  -59.603  22.536 0.8000000119
22572  -1.170  -59.363  18.195 0.8999999762
23548  -0.866  -58.452  17.521 0.8999999762
20712  -5.890  -62.326  17.684 1.0000000000
19766  -8.553  -62.794  17.312 1.0000000000
140249  -12.413  -62.498  17.321 1.0000000000
25517  -18.908  -56.153  20.973 0.6000000238
137585  -24.270  -59.980  22.459 0.8000000119
22581  -0.895  -59.234  17.888 0.8999999762
131501  -7.550  -62.144  17.062 1.0000000000
19744  -12.631  -63.026  17.654 1.0000000000
128690  -14.155  -61.468  17.232 1.0000000000
21658  -14.772  -60.979  17.149 1.0000000000
22546  -25.286  -59.826  21.672 0.8000000119
22548  -26.493  -59.222  21.018 0.8999999762
23581  -1.541  -57.663  15.261 0.5000000000
19771  -13.924  -62.069  17.464 1.0000000000
19772  -14.702  -61.742  17.481 1.0000000000
22612  -16.597  -59.521  16.411 1.0000000000
21644  -18.659  -60.918  17.423 1.0000000000
22567  -27.400  -60.116  19.581 0.8999999762
20713  -15.347  -62.190  17.774 1.0000000000
20715  -17.525  -61.422  17.630 1.0000000000
134722  -18.373  -60.479  17.156 1.0000000000
23575  -19.419  -58.500  16.517 1.0000000000
21646  -26.105  -60.891  18.108 1.0000000000
22576  -27.580  -60.400  18.318 0.8999999762
21664  -20.238  -60.381  17.475 1.0000000000
22596  -25.913  -59.497  17.793 1.0000000000
139727  -21.170  -59.127  17.332 1.0000000000
22594  -23.691  -59.575  17.531 1.0000000000
22595  -24.863  -59.476  17.554 1.0000000000
23560  -25.180  -58.714  17.622 1.0000000000
130518  -2.886  -60.872  18.055 0.8999999762
21640  -2.015  -60.315  18.267 0.8999999762
20711  -4.859  -62.203  17.880 0.8999999762
19765  -7.833  -62.716  17.385 1.0000000000
25502  -19.633  -55.939  22.372 0.6000000238
24438  -20.899  -57.652  24.231 0.8000000119
126250  -22.645  -58.142  24.903 0.8000000119
23445  -23.482  -58.210  24.857 0.8000000119
122953  -3.584  -61.259  18.004 0.8999999762
19764  -6.926  -62.451  17.434 1.0000000000
139462  -22.397  -57.395  24.663 0.6999999881
23470  -24.841  -58.829  23.994 0.8000000119
121875  -25.763  -58.637  22.554 0.8000000119
22574  -2.358  -59.520  18.303 0.8999999762
21642  -4.464  -61.138  17.915 0.8999999762
20725  -5.473  -61.444  17.603 0.8999999762
19769  -11.897  -62.264  17.040 1.0000000000
131132  -12.714  -61.924  17.019 1.0000000000
26622  -16.186  -55.368  16.705 0.6000000238
25582  -17.948  -55.540  17.199 0.5000000000
22524  -25.177  -59.092  23.105 0.8000000119
22531  -25.441  -59.187  22.075 0.8000000119
23549  -1.105  -57.990  17.781 0.8999999762
24555  -1.004  -57.685  17.195 0.8000000119
20729  -9.232  -62.408  16.857 1.0000000000
20730  -10.324  -62.167  16.710 1.0000000000
22586  -15.235  -60.287  16.695 1.0000000000
23515  -27.106  -59.233  20.711 0.8999999762
23536  -1.345  -58.616  18.159 0.8999999762
24584  -1.532  -56.775  15.877 0.5000000000
20732  -12.155  -61.490  16.679 1.0000000000
21657  -13.865  -61.020  16.889 1.0000000000
21662  -17.882  -60.143  16.863 1.0000000000
22564  -27.496  -59.644  19.968 0.8999999762
21660  -16.597  -60.629  17.176 1.0000000000
22575  -26.748  -60.410  17.910 1.0000000000
22577  -28.047  -59.762  17.553 0.8999999762
23576  -20.215  -58.194  16.748 1.0000000000
23557  -22.452  -58.436  17.362 1.0000000000
125976  -23.221  -58.811  17.474 1.0000000000
23561  -26.088  -58.725  17.872 1.0000000000
24566  -26.166  -58.017  18.038 0.8999999762
23559  -24.118  -58.663  17.483 1.0000000000
24561  -21.906  -57.738  17.094 1.0000000000
23558  -23.302  -58.225  17.408 1.0000000000
25490  -20.632  -56.292  23.520 0.6999999881
24440  -23.076  -57.455  24.906 0.6999999881
127793  -2.975  -60.021  18.163 0.8999999762
20745  -7.731  -61.446  16.686 1.0000000000
138374  -25.111  -58.192  24.224 0.8000000119
21655  -6.872  -61.029  16.864 1.0000000000
20748  -10.670  -61.360  16.339 1.0000000000
26519  -19.929  -55.349  21.848 0.6000000238
23487  -26.406  -58.285  22.212 0.8000000119
24556  -1.313  -57.178  17.289 0.8999999762
20746  -8.704  -61.546  16.444 1.0000000000
20731  -11.275  -61.851  16.681 1.0000000000
23497  -26.859  -58.659  21.388 0.8000000119
24502  -28.292  -58.372  20.510 0.8000000119
23550  -1.734  -57.745  17.932 0.8999999762
24557  -1.875  -56.722  17.406 0.8000000119
139758  -1.084  -57.140  16.989 0.6999999881
25619  -1.654  -55.927  16.386 0.6000000238
22613  -17.475  -59.542  16.529 1.0000000000
22597  -27.125  -59.793  17.714 1.0000000000
23554  -19.157  -59.323  16.658 1.0000000000
23556  -21.525  -58.509  17.220 1.0000000000
21653  -5.231  -60.455  17.505 0.8999999762
27537  -20.598  -54.892  22.994 0.6000000238
25471  -22.244  -56.168  24.218 0.6000000238
134418  -24.015  -56.048  24.713 0.6000000238
21641  -3.710  -60.500  18.037 0.8999999762
21652  -4.371  -60.032  17.774 0.8999999762
20726  -6.365  -61.649  17.291 0.8999999762
21675  -8.258  -60.775  16.223 1.0000000000
21677  -10.153  -60.767  15.941 1.0000000000
24442  -25.672  -57.172  24.463 0.6000000238
21651  -3.656  -59.727  18.044 0.8999999762
22584  -5.089  -59.388  17.342 0.8999999762
21654  -6.069  -60.764  17.198 0.8999999762
21676  -9.114  -60.696  15.967 1.0000000000
21680  -13.336  -60.442  16.496 1.0000000000
22608  -12.860  -59.871  16.095 1.0000000000
23447  -24.925  -57.451  24.717 0.6000000238
25492  -26.874  -56.784  23.635 0.6000000238
24478  -26.818  -57.615  22.865 0.6999999881
23551  -2.837  -58.237  18.036 0.8999999762
22583  -3.938  -58.965  17.786 0.8999999762
22585  -5.820  -59.974  17.166 0.8999999762
22602  -6.632  -60.008  16.814 0.8999999762
135933  -11.513  -60.293  15.969 1.0000000000
24492  -27.722  -58.118  21.453 0.8000000119
24503  -29.067  -57.781  19.766 0.8000000119
24558  -2.638  -57.215  17.688 0.8999999762
22601  -6.008  -59.252  16.982 0.8999999762
127289  -7.387  -59.610  16.341 0.8999999762
21679  -12.375  -60.580  16.330 1.0000000000
128027  -14.163  -59.669  16.192 1.0000000000
22611  -15.679  -59.588  16.330 1.0000000000
128522  -18.069  -58.415  16.080 1.0000000000
24596  -18.182  -57.644  15.813 1.0000000000
23528  -28.609  -58.937  18.053 0.8999999762
139274  -29.143  -58.109  18.719 0.8999999762
25609  -1.928  -55.889  17.124 0.6999999881
26652  -2.001  -55.429  16.697 0.6000000238
22621  -7.974  -58.593  15.948 0.8999999762
132747  -11.918  -59.300  15.607 1.0000000000
22627  -13.213  -59.319  15.772 1.0000000000
23570  -14.371  -59.187  15.811 1.0000000000
23592  -15.384  -58.226  15.548 1.0000000000
23572  -16.134  -58.783  15.877 1.0000000000
24597  -18.979  -57.122  15.876 1.0000000000
23577  -21.053  -57.948  16.908 1.0000000000
24546  -26.947  -57.797  18.004 0.8999999762
24523  -28.996  -57.838  17.679 0.8999999762
139929  -14.963  -56.180  14.630 1.0000000000
25642  -16.199  -56.025  14.720 1.0000000000
138471  -18.203  -56.941  15.535 1.0000000000
25613  -19.918  -56.826  16.097 1.0000000000
24580  -21.357  -57.163  16.736 1.0000000000
123119  -22.918  -57.518  17.194 1.0000000000
24545  -25.758  -57.125  18.024 0.8999999762
25583  -25.752  -56.226  18.251 0.8999999762
129877  -24.662  -58.064  17.569 1.0000000000
119003  -15.616  -55.509  14.465 1.0000000000
26666  -18.456  -55.633  15.058 1.0000000000
25615  -21.626  -56.529  16.597 1.0000000000
24581  -22.165  -56.927  16.902 1.0000000000
125567  -23.673  -56.222  17.217 1.0000000000
25604  -24.358  -56.318  17.522 0.8999999762
26644  -24.098  -55.468  17.402 1.0000000000
28513  -20.694  -54.292  23.187 0.3000000119
27513  -22.268  -54.455  24.002 0.4000000060
26497  -23.004  -54.688  24.160 0.5000000000
28512  -20.321  -53.582  22.432 0.3000000119
26468  -25.187  -55.258  24.792 0.5000000000
126529  -26.804  -55.900  24.140 0.6000000238
127993  -8.060  -60.054  16.073 1.0000000000
22603  -8.032  -59.258  15.998 0.8999999762
22605  -9.737  -59.923  15.695 1.0000000000
25493  -27.448  -56.096  23.388 0.6000000238
23553  -4.683  -58.354  17.328 0.8999999762
22606  -10.666  -60.055  15.757 1.0000000000
23589  -11.864  -58.734  15.308 1.0000000000
25507  -28.650  -56.355  21.566 0.6000000238
25520  -28.910  -56.775  20.978 0.6999999881
25602  -3.493  -56.860  17.420 0.8999999762
123979  -7.412  -58.827  16.212 0.8999999762
22622  -8.594  -58.774  15.665 1.0000000000
126479  -13.166  -57.991  14.943 1.0000000000
25555  -29.226  -56.796  17.707 0.8999999762
26653  -2.665  -55.271  17.000 0.8000000119
23569  -6.823  -58.310  16.390 0.8999999762
22624  -10.333  -59.233  15.426 1.0000000000
122408  -12.799  -58.707  15.351 1.0000000000
25584  -26.460  -56.624  18.325 0.8999999762
25554  -28.150  -57.101  17.527 0.8999999762
27669  -2.544  -54.545  15.497 0.6000000238
28620  -3.786  -52.660  14.419 0.6000000238
25637  -11.756  -56.351  14.399 1.0000000000
26627  -26.115  -55.731  18.497 0.8999999762
26681  -16.547  -55.262  14.509 1.0000000000
25628  -18.670  -56.357  15.464 1.0000000000
25629  -19.373  -56.382  15.766 1.0000000000
25616  -22.242  -56.052  16.689 1.0000000000
26626  -25.425  -55.495  18.137 0.8999999762
27686  -15.519  -54.131  14.137 0.8999999762
26657  -20.988  -55.621  16.071 1.0000000000
25603  -23.172  -55.732  16.981 1.0000000000
28498  -22.512  -53.656  24.085 0.3000000119
132677  -24.689  -54.073  24.002 0.4000000060
121095  -26.917  -54.522  23.999 0.5000000000
23567  -5.475  -58.643  17.054 0.8999999762
26523  -28.766  -55.473  21.811 0.5000000000
24572  -5.348  -57.715  16.851 0.8999999762
24589  -11.445  -57.862  14.893 1.0000000000
27617  -29.638  -54.892  18.366 0.8000000119
26564  -29.695  -55.725  19.187 0.6999999881
24571  -4.408  -56.756  17.003 0.8999999762
134651  -5.353  -56.686  16.592 0.8999999762
24574  -6.839  -57.457  16.200 0.8999999762
24586  -7.712  -57.354  15.798 0.8999999762
23586  -9.142  -58.011  15.331 1.0000000000
23588  -10.914  -58.565  15.173 1.0000000000
24588  -10.591  -57.722  14.957 1.0000000000
25638  -12.754  -56.539  14.431 1.0000000000
125133  -26.664  -55.239  18.707 0.8999999762
124682  -3.147  -54.595  16.585 0.6999999881
27670  -3.063  -53.699  15.705 0.6000000238
26676  -11.557  -55.495  14.257 1.0000000000
26678  -13.293  -55.710  14.234 1.0000000000
26646  -24.798  -55.703  17.740 0.8999999762
27642  -25.932  -54.942  18.497 0.8000000119
26682  -17.580  -55.445  14.768 1.0000000000
116931  -15.654  -54.850  14.273 1.0000000000
132239  -21.500  -56.014  16.371 1.0000000000
26658  -21.755  -55.365  16.317 1.0000000000
27666  -22.035  -54.558  16.319 1.0000000000
27653  -23.469  -54.838  17.060 0.8999999762
27641  -24.981  -54.197  17.999 0.8000000119
125776  -9.870  -57.603  15.091 1.0000000000
121264  -30.115  -53.865  18.807 0.6999999881
25611  -6.269  -56.601  16.221 0.8999999762
25612  -7.155  -56.629  15.864 0.8999999762
24587  -8.526  -57.243  15.486 0.8999999762
24603  -11.120  -57.019  14.700 1.0000000000
24604  -12.001  -57.172  14.649 1.0000000000
27643  -26.963  -54.387  18.875 0.6999999881
133273  -26.459  -53.684  18.734 0.6999999881
27644  -28.377  -55.011  18.181 0.6999999881
126124  -4.799  -53.987  16.418 0.8000000119
26662  -6.634  -55.659  15.936 0.8999999762
26673  -8.840  -54.968  15.200 0.8999999762
133645  -25.385  -54.719  18.189 0.8999999762
122028  -25.705  -54.133  18.451 0.6999999881
27663  -3.963  -53.431  16.191 0.6999999881
136984  -3.561  -53.178  15.421 0.6000000238
28646  -5.358  -52.519  12.883 0.6000000238
29597  -6.207  -51.820  12.990 0.5000000000
26696  -13.023  -55.055  14.050 1.0000000000
26697  -13.781  -55.084  14.099 1.0000000000
28625  -16.190  -53.556  14.170 0.8999999762
27705  -14.276  -54.546  14.167 0.8999999762
28652  -14.789  -53.963  14.143 0.8000000119
27687  -16.406  -54.352  14.275 1.0000000000
27688  -17.364  -54.603  14.502 1.0000000000
26683  -18.268  -54.824  14.765 1.0000000000
28624  -15.409  -53.388  14.246 0.8000000119
24602  -10.266  -56.932  14.925 1.0000000000
120767  -4.507  -55.833  16.810 0.8999999762
26655  -4.663  -54.940  16.544 0.8999999762
25624  -9.234  -56.197  15.145 1.0000000000
26665  -8.770  -55.745  15.234 0.8999999762
25635  -9.863  -56.207  14.893 1.0000000000
25636  -10.766  -56.112  14.515 1.0000000000
25639  -13.715  -56.371  14.479 1.0000000000
126793  -6.629  -54.539  16.024 0.8000000119
126713  -24.226  -52.796  17.648 0.6999999881
28595  -4.883  -52.945  16.142 0.6000000238
26656  -5.723  -54.806  16.287 0.8999999762
121352  -10.829  -55.208  14.391 0.8999999762
26695  -12.240  -54.934  14.127 0.8999999762
27704  -13.587  -54.538  14.182 0.8999999762
28650  -13.409  -53.909  14.457 0.8999999762
122882  -21.581  -54.036  16.079 0.8999999762
127350  -23.669  -53.912  17.225 0.8000000119
29525  -4.014  -52.213  15.171 0.6000000238
118685  -6.787  -51.057  13.735 0.6000000238
134740  -12.201  -54.306  14.460 0.8000000119
29549  -14.127  -52.643  15.677 0.8000000119
29551  -15.526  -52.436  14.628 0.8000000119
28627  -18.074  -53.985  14.565 1.0000000000
28584  -23.738  -53.060  17.362 0.6999999881
121325  -9.671  -50.690  15.874 0.6999999881
29531  -10.770  -52.101  16.374 0.6999999881
29535  -19.211  -52.722  14.874 0.8999999762
28583  -23.023  -53.391  16.867 0.8999999762
125920  -5.554  -55.773  16.414 0.8999999762
26663  -7.543  -55.141  15.619 0.8999999762
25621  -7.474  -56.001  15.597 0.8999999762
26664  -8.297  -55.274  15.349 0.8999999762
28603  -5.911  -52.824  16.282 0.8000000119
27672  -7.372  -53.954  16.047 0.8000000119
128155  -8.191  -54.533  15.563 0.8999999762
27683  -9.549  -54.695  15.017 0.8999999762
130237  -11.434  -54.538  14.467 0.8999999762
121768  -11.884  -53.701  15.068 0.8000000119
29552  -16.332  -52.255  14.390 0.8000000119
135007  -17.382  -52.896  14.331 0.8999999762
29553  -17.168  -52.208  14.397 0.8000000119
30499  -18.912  -51.738  14.789 0.8999999762
29523  -22.413  -52.854  16.464 0.8999999762
29511  -23.819  -52.282  17.364 0.6999999881
29526  -5.260  -52.011  15.860 0.6000000238
28604  -6.781  -52.821  16.399 0.8000000119
29528  -7.045  -51.834  16.293 0.8000000119
30543  -6.484  -50.750  14.558 0.6999999881
27684  -10.432  -54.388  14.887 0.8000000119
28607  -11.462  -53.045  15.894 0.8000000119
28608  -12.507  -53.047  15.913 0.8000000119
29536  -19.760  -52.116  15.162 0.8999999762
28597  -21.533  -53.222  16.033 0.8999999762
29530  -8.897  -51.737  16.477 0.6999999881
29532  -11.781  -52.391  16.307 0.8000000119
29533  -12.590  -52.082  16.459 0.8000000119
125752  -20.281  -51.659  15.488 0.8000000119
29522  -21.773  -52.293  16.153 0.8999999762
27673  -8.891  -53.966  15.566 0.8000000119
27674  -9.711  -53.863  15.376 0.8000000119
28605  -7.626  -52.838  16.428 0.8000000119
126230  -9.387  -53.053  16.159 0.8000000119
118781  -15.320  -51.445  14.899 0.8000000119
30525  -16.689  -51.448  14.527 0.8000000119
30500  -19.684  -51.215  15.174 0.8000000119
29510  -23.201  -52.527  16.949 0.6999999881
28606  -8.485  -52.890  16.371 0.8000000119
120272  -9.854  -52.302  16.357 0.6999999881
132998  -13.926  -50.695  15.133 0.8000000119
30489  -21.926  -51.390  16.290 0.8000000119
128725  -16.727  -50.660  14.568 0.6999999881
31484  -19.676  -50.235  15.207 0.5000000000
27675  -10.395  -53.208  15.763 0.8000000119
140396  -17.306  -51.599  14.494 0.8000000119
30527  -18.317  -51.015  14.661 0.6000000238
29529  -7.898  -51.783  16.395 0.6999999881
31510  -14.950  -50.528  14.570 0.6999999881
117190  -14.039  -50.399  14.497 0.6000000238
31512  -16.410  -49.989  14.498 0.6000000238
135017  -18.540  -50.506  14.725 0.5000000000
31485  -20.321  -49.995  15.573 0.6000000238
31513  -17.273  -50.158  14.606 0.5000000000
33420  -20.116  -48.879  15.270 0.5000000000
33430  -16.257  -48.898  13.815 0.5000000000
32461  -18.745  -49.334  14.716 0.5000000000
34406  -17.157  -47.930  13.794 0.4000000060
32483  -15.160  -49.865  13.908 0.6000000238
33432  -17.509  -48.886  14.440 0.5000000000
34408  -18.660  -47.328  14.268 0.4000000060
34417  -16.795  -47.671  13.365 0.3000000119
278  -2.243  -89.525  8.075 0.6999999881
954  -1.595  -87.565  4.608 0.8999999762
943  -5.133  -87.818  6.620 1.0000000000
736  -9.203  -88.758  2.979 1.0000000000
1051  -23.678  -88.314  -2.797 0.5000000000
2823  -4.460  -84.338  4.369 1.0000000000
1784  -5.658  -85.102  4.728 1.0000000000
962  -11.866  -87.413  5.306 1.0000000000
1321  -12.084  -86.894  5.896 1.0000000000
1058  -19.526  -88.347  -4.522 0.8999999762
2091  -2.361  -85.190  19.142 0.6000000238
1033  -17.748  -86.990  -2.504 0.8999999762
4512  -1.649  -81.205  9.274 1.0000000000
1927  -20.014  -85.803  -7.136 0.8000000119
118449  -4.855  -80.196  11.101 1.0000000000
3259  -0.904  -82.804  15.289 0.8999999762
135119  -15.845  -84.500  0.748 0.8999999762
1888  -18.402  -85.773  -4.286 0.8000000119
5117  -5.890  -79.932  11.395 1.0000000000
2189  -10.873  -84.315  10.751 1.0000000000
2856  -17.440  -83.879  2.769 0.8999999762
5102  -4.681  -80.127  12.415 1.0000000000
139060  -0.556  -80.893  15.981 1.0000000000
131167  -10.275  -79.472  11.374 1.0000000000
4475  -12.418  -80.783  11.737 1.0000000000
5189  -5.922  -79.560  5.040 1.0000000000
5795  -13.829  -78.980  11.467 1.0000000000
118865  -3.511  -79.346  16.883 1.0000000000
137644  -3.997  -79.899  17.248 1.0000000000
7074  0.168  -76.199  17.163 1.0000000000
5034  -6.381  -79.852  16.834 1.0000000000
7187  -8.554  -76.578  8.468 1.0000000000
7168  -9.861  -76.229  9.258 1.0000000000
6553  -4.231  -77.495  7.130 1.0000000000
7185  -6.765  -76.249  8.424 1.0000000000
7183  -4.969  -76.294  8.175 1.0000000000
7186  -7.608  -76.371  8.512 1.0000000000
122996  -9.336  -75.770  9.780 1.0000000000
7894  -12.259  -74.862  12.635 1.0000000000
7788  0.278  -74.986  19.791 0.8000000119
8661  -0.526  -74.172  16.437 1.0000000000
8767  -5.444  -74.600  9.502 1.0000000000
7008  -6.942  -76.807  22.409 1.0000000000
8764  -1.854  -74.634  9.701 1.0000000000
7934  -2.498  -75.093  9.368 1.0000000000
8766  -4.425  -74.581  9.599 1.0000000000
9558  -5.746  -73.404  10.467 1.0000000000
7751  -4.601  -75.650  22.535 1.0000000000
9437  -3.074  -72.771  17.859 1.0000000000
10291  -3.482  -72.621  18.822 1.0000000000
7022  -4.411  -76.159  21.807 1.0000000000
9480  -9.028  -73.110  15.771 1.0000000000
9557  -4.732  -73.393  10.508 1.0000000000
9545  -7.372  -72.876  11.484 1.0000000000
9533  -9.002  -72.708  12.817 1.0000000000
11210  -4.818  -71.510  21.038 1.0000000000
10210  -9.831  -72.900  24.921 1.0000000000
12438  -1.884  -70.524  1.070 0.6000000238
10218  -9.900  -71.976  24.881 1.0000000000
12140  -10.722  -70.605  24.230 1.0000000000
13240  -2.776  -69.676  7.595 1.0000000000
15832  -2.071  -66.332  22.027 0.8000000119
15848  -2.806  -66.508  21.607 0.8000000119
12159  -13.398  -70.784  22.619 1.0000000000
11225  -13.745  -71.558  19.749 1.0000000000
13934  -12.600  -69.145  24.087 1.0000000000
15007  -3.330  -67.879  14.050 1.0000000000
13935  -13.457  -68.907  23.891 1.0000000000
13936  -14.294  -68.685  23.692 1.0000000000
13040  -14.406  -69.743  22.478 1.0000000000
13041  -15.163  -69.417  22.106 1.0000000000
13071  -14.172  -69.681  18.154 1.0000000000
125351  -1.458  -67.190  6.830 1.0000000000
16785  -2.146  -65.527  23.962 0.6999999881
137059  -8.091  -65.792  26.088 1.0000000000
18849  -2.192  -62.389  7.726 0.8000000119
14906  -18.061  -68.130  20.274 1.0000000000
19678  -2.961  -62.276  24.194 0.8000000119
18835  -1.306  -62.753  10.285 0.8999999762
139858  -18.404  -67.880  19.768 1.0000000000
20658  -6.188  -61.722  23.467 0.8999999762
18663  -7.354  -63.321  24.712 1.0000000000
119295  -6.173  -61.395  22.882 0.8999999762
135964  -19.588  -65.184  18.842 1.0000000000
18682  -12.507  -63.249  23.619 1.0000000000
17799  -9.715  -64.982  19.268 1.0000000000
18746  -19.558  -63.735  18.631 1.0000000000
18749  -22.434  -63.623  18.393 1.0000000000
129308  -13.693  -61.191  23.412 1.0000000000
120734  -15.748  -60.255  24.259 0.8000000119
18757  -1.143  -63.289  17.509 0.8999999762
19752  -20.634  -62.726  18.340 1.0000000000
19756  -24.664  -62.921  18.629 1.0000000000
20691  -10.826  -60.821  21.930 1.0000000000
22500  -17.713  -59.475  24.447 0.8000000119
19737  -5.395  -63.024  17.866 1.0000000000
19747  -15.974  -62.662  18.082 1.0000000000
130143  -19.484  -61.628  17.785 1.0000000000
20718  -20.263  -61.826  17.921 1.0000000000
21617  -8.439  -60.177  21.149 0.8999999762
23507  -7.713  -58.987  20.226 0.8000000119
23509  -9.922  -58.156  20.109 0.8999999762
25580  -16.004  -56.180  17.311 0.6999999881
130618  -16.890  -61.664  17.742 1.0000000000
21663  -19.200  -60.417  17.262 1.0000000000
23505  -5.920  -58.795  20.155 0.6999999881
22504  -22.069  -59.575  24.566 0.8000000119
25579  -15.253  -55.663  16.819 0.6000000238
21661  -17.379  -60.551  17.133 1.0000000000
23555  -19.985  -59.058  16.807 1.0000000000
23517  -28.740  -58.463  19.490 0.8999999762
23574  -18.623  -58.829  16.361 1.0000000000
24579  -20.514  -57.375  16.529 1.0000000000
134491  -22.583  -56.882  24.558 0.6000000238
26520  -20.242  -54.936  22.034 0.4000000060
24441  -23.937  -57.437  24.989 0.6999999881
23472  -26.128  -58.110  23.143 0.8000000119
22582  -3.016  -59.179  18.186 0.8999999762
24491  -27.018  -58.045  22.032 0.8000000119
23571  -15.168  -59.038  15.813 1.0000000000
24595  -17.403  -57.299  15.455 1.0000000000
26495  -21.150  -55.487  23.568 0.5000000000
27512  -21.386  -54.795  23.610 0.5000000000
25505  -27.395  -56.932  22.986 0.6000000238
139971  -8.549  -60.319  16.004 1.0000000000
27661  -2.645  -54.653  16.278 0.6000000238
24592  -14.811  -57.629  15.098 1.0000000000
25626  -16.780  -56.597  15.044 1.0000000000
26496  -22.106  -55.310  23.958 0.5000000000
138245  -20.925  -53.698  23.505 0.3000000119
24606  -14.240  -56.968  14.808 1.0000000000
27662  -3.255  -53.895  16.204 0.6000000238
122447  -19.100  -55.012  15.018 1.0000000000
121028  -19.829  -55.120  15.472 1.0000000000
28537  -30.135  -52.746  19.825 0.4000000060
27615  -27.895  -53.358  19.053 0.6000000238
25623  -8.669  -56.452  15.330 1.0000000000
126456  -13.967  -53.438  14.793 0.8000000119
27676  -18.890  -54.207  14.817 1.0000000000
28626  -17.184  -53.642  14.319 0.8999999762
30521  -12.417  -50.878  16.016 0.6999999881
119095  -24.755  -52.907  17.948 0.8000000119
28571  -25.808  -53.315  18.485 0.6000000238
29537  -20.471  -52.374  15.551 0.8999999762
30516  -7.261  -50.734  15.323 0.6999999881
30522  -14.355  -51.461  15.875 0.8000000119
28621  -11.110  -53.730  15.145 0.8000000119
123875  -23.442  -50.839  17.149 0.6999999881
30501  -20.461  -50.798  15.629 0.6000000238
132659  -22.038  -50.621  16.433 0.6999999881
30490  -22.709  -50.931  16.734 0.6999999881
32485  -16.649  -49.214  14.296 0.6000000238
280  -3.380  -90.574  7.144 0.8000000119
75  -4.822  -91.357  7.323 0.8000000119
76  -5.548  -91.500  6.953 0.8000000119
320  -7.259  -90.538  3.363 0.8999999762
118856  -7.590  -90.797  4.616 0.8000000119
179  -8.344  -90.711  4.344 0.8000000119
323  -10.653  -90.670  4.672 0.8000000119
338  -10.403  -90.587  2.643 0.8000000119
126808  -15.202  -90.619  3.386 0.6000000238
2147  -2.025  -85.807  12.986 0.8000000119
10581  -1.517  -72.250  1.632 0.6999999881
16105  -2.351  -65.590  3.750 0.6000000238
15187  -2.266  -67.655  2.470 0.6999999881
18842  -1.851  -62.474  8.667 0.8000000119
19865  -2.417  -61.812  8.049 0.5000000000
123768  -1.078  -62.527  11.066 0.8000000119
124586  -1.701  -62.365  9.457 0.8000000119
19828  -0.766  -61.902  12.272 0.8000000119
20759  -0.398  -60.739  14.300 0.8000000119
20774  -1.241  -59.981  12.788 0.6999999881
22553  -2.167  -59.035  20.749 0.6999999881
126500  -0.321  -60.457  14.863 0.8000000119
22629  -0.711  -59.437  14.850 0.6000000238
21691  -1.286  -59.499  14.256 0.6000000238
21692  -2.208  -59.736  14.408 0.5000000000
23493  -12.628  -58.211  21.547 0.8999999762
22617  -1.132  -58.896  14.957 0.6000000238
126260  -1.517  -58.384  15.074 0.5000000000
23504  -4.937  -58.575  20.124 0.6999999881
23527  -13.139  -57.832  19.684 0.8000000119
23495  -14.333  -58.107  21.837 0.8000000119
24500  -16.151  -57.124  20.025 0.6999999881
25600  -1.548  -56.427  17.060 0.6999999881
27682  -3.514  -53.626  14.191 0.6000000238
25627  -17.743  -56.328  15.123 1.0000000000
27588  -30.307  -53.415  19.860 0.4000000060
27678  -20.372  -54.509  15.601 1.0000000000
29570  -4.394  -52.008  13.764 0.6000000238
30517  -8.106  -50.582  14.932 0.6000000238
30519  -10.483  -50.620  15.808 0.6999999881
30492  -5.608  -51.362  15.442 0.6000000238
120643  -5.006  -51.081  13.958 0.6000000238
29497  -25.151  -52.334  18.114 0.6000000238
30493  -6.481  -51.051  15.547 0.6999999881
30494  -7.343  -51.061  15.988 0.6999999881
30495  -8.012  -50.788  16.028 0.6999999881
31460  -23.092  -50.149  16.936 0.6000000238
30478  -24.547  -51.188  17.678 0.6000000238
31537  -14.370  -50.132  13.748 0.5000000000
31475  -21.754  -49.994  16.279 0.6000000238
31476  -22.412  -50.053  16.649 0.6000000238
135630  -17.519  -48.237  14.180 0.4000000060
33433  -18.317  -48.221  14.428 0.5000000000
120477  -19.912  -48.197  15.000 0.5000000000
34407  -17.835  -47.632  14.033 0.3000000119
16121  -2.151  -66.573  3.314 0.6999999881
31536  -13.514  -50.206  13.570 0.5000000000
180  -9.868  -90.734  4.611 0.8000000119
128497  -11.708  -90.579  3.349 0.8000000119
324  -11.537  -90.527  4.327 0.8000000119
325  -13.266  -90.446  4.355 0.6999999881
326  -14.279  -90.597  3.615 0.6999999881
352  -10.720  -90.592  1.513 0.8000000119
133723  -9.838  -90.526  1.707 0.8999999762
339  -11.315  -90.630  2.507 0.8000000119
357  -14.509  -90.614  1.745 0.8000000119
364  -12.929  -90.645  0.891 0.8999999762
356  -13.682  -90.621  1.596 0.8000000119
685  -2.503  -88.555  8.474 0.6999999881
472  -2.378  -89.338  8.993 0.6000000238
130530  -3.066  -90.353  6.026 1.0000000000
64  -4.463  -91.371  8.061 0.8000000119
157  -4.119  -90.738  6.665 0.8000000119
329  -16.480  -90.613  3.979 0.6000000238
129806  -16.267  -90.615  2.907 0.6999999881
343  -15.856  -90.598  3.414 0.6000000238
346  -18.143  -90.312  3.709 0.6999999881
517  -18.607  -90.154  4.520 0.5000000000
370  -17.908  -90.226  2.095 0.6999999881
930  -2.569  -87.471  6.875 0.8999999762
1751  -3.790  -84.694  6.637 0.8000000119
308  -3.175  -90.194  4.938 1.0000000000
318  -4.011  -90.227  3.656 1.0000000000
327  -15.022  -90.537  4.344 0.6000000238
743  -18.680  -89.358  3.440 0.6999999881
756  -18.966  -88.298  3.286 0.6999999881
137511  -12.781  -90.575  0.112 1.0000000000
377  -14.957  -90.594  0.168 0.8999999762
384  -14.795  -90.255  -1.089 1.0000000000
547  -18.135  -89.999  1.306 0.8000000119
769  -18.926  -89.246  0.254 0.8000000119
2159  -2.411  -84.902  12.565 0.8000000119
2148  -2.555  -85.428  13.517 0.6000000238
119030  -3.372  -83.030  11.663 0.6999999881
2719  -3.020  -83.564  10.855 0.8999999762
137550  -4.349  -85.596  7.434 0.6999999881
2261  -2.405  -85.068  5.792 0.8999999762
333  -4.867  -90.027  2.637 1.0000000000
348  -6.348  -89.985  1.716 1.0000000000
992  -20.203  -87.015  4.209 0.6000000238
122233  -19.376  -87.321  3.006 0.6000000238
1354  -20.545  -86.395  2.652 0.6000000238
130551  -19.146  -89.217  -0.579 0.8000000119
1012  -19.573  -87.486  0.799 0.6999999881
128881  -3.339  -83.126  8.531 0.8999999762
501  -1.670  -88.759  5.589 1.0000000000
317  -2.983  -89.669  4.714 1.0000000000
502  -2.212  -89.121  4.884 1.0000000000
169  -7.296  -91.115  5.317 0.8000000119
120074  -12.739  -89.833  -0.844 1.0000000000
390  -15.983  -90.087  -1.863 1.0000000000
562  -18.424  -89.668  -0.650 0.8999999762
1385  -20.130  -86.539  0.597 0.6999999881
1848  -20.882  -85.499  -0.908 0.8000000119
1386  -20.568  -85.861  0.485 0.6999999881
1860  -20.827  -85.534  -1.959 0.8000000119
2743  -2.451  -83.985  9.008 0.8999999762
2171  -2.011  -85.170  11.590 0.8999999762
2243  -1.306  -84.345  6.708 0.8999999762
2772  -3.109  -83.603  7.673 0.8999999762
710  -3.113  -88.962  5.192 1.0000000000
721  -2.343  -88.418  4.496 1.0000000000
974  -2.553  -87.643  4.169 1.0000000000
975  -3.660  -87.345  4.506 1.0000000000
503  -2.496  -89.525  4.567 1.0000000000
132300  -4.531  -89.552  5.327 1.0000000000
972  -1.651  -87.168  3.912 0.8999999762
2278  -1.762  -85.436  3.476 0.8999999762
116331  -1.300  -84.218  5.745 0.8999999762
524  -6.691  -89.641  1.875 1.0000000000
531  -7.249  -89.845  1.352 1.0000000000
724  -9.039  -88.638  3.949 1.0000000000
532  -8.039  -89.700  1.160 1.0000000000
1017  -7.794  -87.220  -0.764 0.6000000238
1399  -6.338  -86.473  -0.504 0.5000000000
1376  -7.625  -86.128  0.392 0.6999999881
1018  -8.636  -86.882  -0.269 0.6999999881
543  -11.050  -89.713  -0.104 1.0000000000
1019  -9.303  -87.239  -0.872 0.8000000119
1401  -9.830  -86.849  -0.276 0.8000000119
131383  -11.491  -87.251  -1.812 0.8000000119
1045  -10.964  -87.643  -2.737 0.8000000119
1403  -12.760  -86.496  -0.470 0.8999999762
1451  -12.573  -87.039  -4.022 0.6999999881
1850  -22.145  -85.741  -0.639 0.6999999881
118581  -23.205  -87.917  -2.018 0.6000000238
1425  -23.087  -86.582  -1.782 0.6999999881
1877  -22.185  -85.148  -2.507 0.8000000119
2371  -21.552  -84.833  -3.165 0.8000000119
1197  -2.317  -86.746  15.542 0.6999999881
1680  -1.715  -85.521  12.337 0.8999999762
1705  -1.180  -85.183  10.946 0.8999999762
1679  -1.344  -85.313  12.373 0.8999999762
122298  -3.606  -83.665  7.456 0.8999999762
1281  -6.050  -87.091  7.329 1.0000000000
2229  -0.663  -83.645  6.980 0.8999999762
2801  -1.028  -83.535  5.827 0.8999999762
551  -11.827  -89.869  -0.584 1.0000000000
545  -12.708  -89.491  -0.010 1.0000000000
768  -15.597  -88.512  -0.301 0.8999999762
118361  -15.402  -89.104  -2.403 0.8999999762
565  -15.576  -89.365  -2.211 1.0000000000
1029  -8.111  -87.820  -1.615 0.6000000238
124935  -8.896  -87.743  -1.715 0.6999999881
131179  -9.228  -88.290  -2.482 0.8000000119
566  -16.298  -89.725  -2.131 1.0000000000
790  -7.935  -89.058  -2.999 0.5000000000
1043  -8.463  -88.469  -2.312 0.5000000000
1055  -10.406  -88.217  -3.665 0.5000000000
129138  -13.831  -86.039  -4.143 0.8000000119
1886  -14.417  -85.820  -3.597 0.8999999762
793  -17.327  -89.072  -3.587 0.8999999762
2961  -21.022  -83.926  -6.166 0.8000000119
2401  -22.381  -84.502  -4.554 0.8000000119
1471  -23.892  -86.389  -4.433 0.6999999881
1906  -23.896  -85.765  -5.007 0.6999999881
2402  -23.432  -84.891  -5.186 0.6999999881
1619  -1.960  -86.547  16.895 0.8000000119
1650  -2.148  -86.485  14.239 0.8000000119
1793  -2.079  -85.756  3.137 0.8999999762
116448  -3.667  -86.148  3.736 1.0000000000
1319  -5.448  -86.458  5.408 1.0000000000
2821  -2.120  -83.920  4.085 1.0000000000
725  -9.883  -88.461  3.908 1.0000000000
739  -12.629  -88.359  3.126 1.0000000000
751  -12.861  -88.695  2.324 1.0000000000
775  -15.788  -88.676  -2.434 0.8999999762
792  -16.570  -88.811  -3.486 0.8999999762
802  -17.549  -88.279  -4.672 0.8999999762
129370  -11.063  -87.953  -4.231 0.5000000000
133771  -11.108  -87.597  -5.928 0.5000000000
1467  -12.383  -86.967  -4.805 0.6000000238
1901  -13.604  -86.010  -4.886 0.6999999881
1902  -14.409  -85.561  -4.557 0.6999999881
136777  -15.178  -85.025  -4.639 0.6999999881
138691  -24.202  -87.108  -4.717 0.5000000000
1904  -20.486  -85.831  -4.933 0.8000000119
2279  -3.737  -84.846  3.808 1.0000000000
1783  -5.129  -85.483  4.355 1.0000000000
1770  -5.661  -85.674  4.785 1.0000000000
1282  -6.617  -86.723  7.770 1.0000000000
728  -13.071  -88.010  3.756 0.8999999762
1845  -14.169  -86.079  -0.911 0.8999999762
1479  -12.203  -86.851  -5.755 0.5000000000
1480  -12.699  -86.359  -6.300 0.5000000000
2395  -15.781  -84.609  -5.178 0.6999999881
1071  -19.043  -87.984  -5.392 0.8999999762
126875  -16.140  -83.939  -6.698 0.6999999881
126626  -13.137  -85.709  -6.884 0.5000000000
1753  -7.249  -84.830  6.110 1.0000000000
2262  -6.393  -84.569  5.145 1.0000000000
1283  -7.134  -86.139  8.071 1.0000000000
134525  -12.345  -87.636  4.768 1.0000000000
741  -14.915  -87.863  3.128 0.8999999762
2110  -1.238  -85.195  16.162 0.8000000119
4487  -2.762  -80.427  10.201 1.0000000000
5131  -3.665  -80.245  10.799 1.0000000000
2679  -0.751  -84.222  14.179 0.8999999762
4515  -4.637  -80.366  8.700 1.0000000000
123012  -2.875  -80.622  9.413 1.0000000000
3391  -1.303  -82.419  6.380 1.0000000000
1723  -8.082  -85.358  9.174 1.0000000000
3410  -4.272  -83.035  5.287 1.0000000000
3411  -5.533  -83.205  5.391 1.0000000000
1718  -10.880  -85.369  9.132 1.0000000000
2868  -5.422  -83.234  1.578 0.6999999881
2870  -7.107  -83.577  1.282 0.6999999881
119814  -5.724  -82.150  2.656 0.6999999881
1323  -13.756  -86.851  5.615 0.8999999762
2308  -6.933  -84.324  0.899 0.6999999881
2291  -12.712  -84.458  3.572 0.8999999762
2293  -14.695  -84.052  3.615 0.8999999762
4038  -0.594  -82.041  1.346 0.6999999881
1382  -13.018  -86.208  0.502 0.8999999762
118862  -14.392  -85.766  -0.126 0.8999999762
2338  -15.180  -85.242  -0.019 0.8999999762
2328  -17.797  -84.341  0.496 0.8999999762
2353  -17.718  -84.531  -1.142 0.8999999762
139288  -17.648  -84.553  -3.751 0.8000000119
1453  -17.714  -87.399  -4.898 0.8999999762
129530  -17.023  -84.524  -3.930 0.8000000119
2397  -17.884  -84.517  -4.405 0.8000000119
140033  -17.342  -84.259  -6.133 0.6999999881
2415  -17.700  -84.416  -5.497 0.8000000119
1926  -19.310  -86.138  -7.485 0.8000000119
1915  -20.330  -85.943  -6.018 0.8000000119
1935  -18.881  -85.701  -7.790 0.8000000119
2445  -15.105  -83.743  -7.987 0.5000000000
2434  -17.767  -84.315  -7.626 0.6000000238
2436  -20.542  -84.333  -6.923 0.8000000119
2973  -21.135  -83.661  -6.758 0.6999999881
2972  -16.825  -83.803  -7.906 0.5000000000
2446  -18.195  -84.379  -8.240 0.6999999881
2447  -18.895  -84.967  -8.264 0.6999999881
138164  -16.194  -83.503  -8.141 0.5000000000
131055  -19.944  -83.849  -8.293 0.6000000238
2974  -21.801  -83.365  -7.367 0.6000000238
3002  -20.884  -82.674  -8.750 0.5000000000
2989  -24.439  -83.401  -9.081 0.4000000060
2642  -2.390  -83.909  19.038 0.8000000119
118331  -1.279  -84.452  16.648 0.8000000119
4501  -5.514  -80.227  8.939 1.0000000000
3293  -0.669  -82.537  13.681 0.8999999762
125377  -0.632  -81.653  11.554 1.0000000000
3307  -0.632  -83.423  12.054 0.8999999762
3956  -2.654  -81.286  7.518 1.0000000000
3958  -4.543  -81.236  7.117 1.0000000000
2234  -8.776  -84.091  7.386 1.0000000000
1716  -9.410  -85.276  10.048 1.0000000000
1727  -12.720  -85.111  7.903 1.0000000000
2213  -11.736  -84.975  8.947 1.0000000000
965  -14.998  -87.033  5.060 0.8999999762
966  -15.638  -86.731  4.789 0.8999999762
2853  -15.322  -84.019  2.889 0.8999999762
120184  -16.776  -83.428  4.206 0.8999999762
2829  -15.973  -83.262  4.405 0.8999999762
1847  -18.256  -84.898  0.014 0.8999999762
122009  -2.657  -82.315  19.926 0.6000000238
2658  -1.357  -83.589  17.071 0.8000000119
5101  -3.541  -80.116  12.281 1.0000000000
5115  -2.981  -80.143  11.590 1.0000000000
5767  -0.482  -77.903  11.470 1.0000000000
4503  -7.484  -79.964  9.136 1.0000000000
5144  -7.613  -79.710  9.920 1.0000000000
3361  -10.603  -81.403  8.892 1.0000000000
3951  -10.731  -80.816  8.912 1.0000000000
134846  -6.506  -81.864  6.605 1.0000000000
3397  -8.081  -82.831  6.040 1.0000000000
2757  -9.333  -83.227  8.842 1.0000000000
2204  -12.186  -84.446  9.574 1.0000000000
3829  -2.528  -82.120  18.950 0.6999999881
125867  -6.313  -79.543  13.194 1.0000000000
128806  -10.321  -80.188  9.295 1.0000000000
3333  -11.641  -82.422  11.642 1.0000000000
3343  -9.639  -82.902  9.941 1.0000000000
2215  -13.576  -84.368  8.623 1.0000000000
3424  -12.376  -82.341  4.378 1.0000000000
118853  -0.708  -80.791  3.001 0.6999999881
5779  -9.661  -79.328  12.110 1.0000000000
123051  -11.947  -79.891  11.515 1.0000000000
5197  -13.191  -79.472  5.395 1.0000000000
3363  -15.128  -82.432  8.244 1.0000000000
3990  -13.295  -81.884  5.830 1.0000000000
3399  -14.553  -82.369  6.505 1.0000000000
5007  -2.521  -79.953  19.936 0.6000000238
5738  0.286  -77.828  13.799 1.0000000000
5838  -7.665  -78.160  6.487 1.0000000000
4562  -5.945  -80.144  4.518 1.0000000000
5647  -1.730  -78.371  22.634 0.5000000000
5030  0.005  -79.343  17.063 1.0000000000
7114  -1.306  -75.786  13.657 1.0000000000
5070  -6.322  -79.592  14.598 1.0000000000
6508  -11.181  -78.253  13.736 1.0000000000
6516  -13.057  -77.720  12.429 1.0000000000
6518  -14.443  -76.536  11.032 1.0000000000
5784  -14.274  -78.150  11.287 1.0000000000
128366  -10.619  -77.666  7.380 1.0000000000
7171  -12.970  -76.177  9.672 1.0000000000
7159  -13.596  -75.874  10.515 1.0000000000
6543  -14.740  -77.485  8.663 1.0000000000
6531  -14.901  -77.379  9.478 1.0000000000
138109  -15.204  -78.568  10.309 1.0000000000
6562  -13.537  -77.736  7.672 1.0000000000
4508  -15.626  -80.305  9.667 1.0000000000
4528  -15.048  -80.151  7.771 1.0000000000
4561  -5.048  -80.332  4.343 1.0000000000
5648  -2.362  -78.193  21.965 0.6000000238
5672  -1.869  -78.308  20.306 0.6000000238
7867  -0.950  -75.617  14.388 1.0000000000
119430  0.114  -78.679  17.583 1.0000000000
7098  -0.299  -75.903  15.117 1.0000000000
5819  -11.908  -78.226  6.953 1.0000000000
6383  -2.228  -77.319  21.567 0.6000000238
7837  -1.749  -75.142  15.423 1.0000000000
136836  0.182  -77.108  18.806 0.8000000119
7084  0.068  -76.100  16.198 1.0000000000
7896  -13.245  -75.566  12.282 1.0000000000
7170  -11.853  -76.153  9.495 1.0000000000
5732  -9.119  -78.958  15.435 1.0000000000
7133  -11.608  -76.785  14.872 1.0000000000
7134  -12.240  -76.216  14.123 1.0000000000
126120  -12.437  -75.314  11.249 1.0000000000
7885  -12.324  -75.196  13.664 1.0000000000
7167  -8.993  -76.191  9.173 1.0000000000
7938  -6.693  -75.309  9.300 1.0000000000
7041  0.232  -76.047  19.810 0.8000000119
134923  -2.548  -75.002  15.732 1.0000000000
8639  0.193  -74.939  18.242 1.0000000000
123627  -0.146  -74.844  16.642 1.0000000000
118645  -0.732  -74.850  15.869 1.0000000000
7066  -4.154  -76.504  18.748 1.0000000000
5009  -5.442  -79.249  19.434 1.0000000000
8650  0.100  -74.535  17.289 1.0000000000
117913  0.147  -73.905  18.010 1.0000000000
9462  -0.334  -73.303  16.698 1.0000000000
8640  -4.147  -73.919  19.142 1.0000000000
5708  -8.225  -79.126  17.083 1.0000000000
7184  -5.903  -76.241  8.286 1.0000000000
7117  -11.314  -76.103  15.699 1.0000000000
7919  -9.659  -75.317  10.446 1.0000000000
7869  -11.350  -74.847  15.171 1.0000000000
8726  -11.637  -74.465  13.270 1.0000000000
138244  -10.221  -73.771  15.288 1.0000000000
6998  -5.742  -76.192  23.251 1.0000000000
6997  -4.981  -75.973  23.115 1.0000000000
9418  -3.925  -73.220  19.292 1.0000000000
4999  -5.097  -78.925  19.942 1.0000000000
5674  -4.805  -78.399  20.459 1.0000000000
5692  -7.663  -78.816  18.880 1.0000000000
5690  -5.928  -79.005  19.930 1.0000000000
5661  -5.905  -78.202  21.125 1.0000000000
6404  -6.780  -78.010  21.056 1.0000000000
6384  -4.888  -77.503  21.603 1.0000000000
116136  -8.432  -78.116  18.761 1.0000000000
6419  -8.449  -77.423  19.257 1.0000000000
7952  -1.941  -75.580  8.471 1.0000000000
122584  -1.480  -75.011  8.359 1.0000000000
9624  -2.943  -74.147  7.009 1.0000000000
8570  -4.617  -74.808  22.409 1.0000000000
121723  -4.290  -77.169  20.476 1.0000000000
8605  -4.371  -74.568  20.495 1.0000000000
119509  -1.360  -68.249  12.120 1.0000000000
14101  -1.567  -68.604  11.526 1.0000000000
135509  -7.296  -76.150  22.889 1.0000000000
7046  -8.298  -76.205  20.742 1.0000000000
10439  -1.889  -72.600  9.413 1.0000000000
130222  -1.211  -73.874  9.960 1.0000000000
8748  -5.097  -74.021  10.038 1.0000000000
9608  -1.582  -74.410  8.154 1.0000000000
12134  -3.027  -70.292  22.837 0.5000000000
13033  -1.977  -69.458  22.226 0.6000000238
11208  -0.352  -71.659  20.256 0.8000000119
12177  -3.893  -70.498  19.791 1.0000000000
13980  -4.131  -68.351  19.649 1.0000000000
7737  -8.234  -75.396  23.443 1.0000000000
7009  -7.828  -76.193  22.264 1.0000000000
124383  -8.451  -75.591  22.624 1.0000000000
7770  -8.599  -75.881  21.015 1.0000000000
11339  -2.133  -71.584  14.312 1.0000000000
10407  -2.122  -72.360  11.790 1.0000000000
10383  -4.255  -71.800  13.103 1.0000000000
11310  -5.988  -70.788  15.164 1.0000000000
127722  -2.416  -74.468  10.138 1.0000000000
8746  -3.157  -74.091  10.579 1.0000000000
10486  -3.549  -72.691  6.592 1.0000000000
11536  -1.601  -71.359  1.356 0.6000000238
13928  -2.094  -68.933  22.822 0.5000000000
117400  -0.062  -69.204  22.015 0.6999999881
9347  -7.842  -73.450  24.907 1.0000000000
124968  -0.869  -67.437  12.047 1.0000000000
13117  -3.216  -70.031  14.511 1.0000000000
13118  -4.802  -69.158  14.210 1.0000000000
7754  -9.189  -75.421  22.159 1.0000000000
7771  -9.100  -75.571  21.292 1.0000000000
11287  -6.208  -71.214  16.553 1.0000000000
11311  -6.418  -71.282  15.625 1.0000000000
9453  -6.898  -73.167  17.870 1.0000000000
9465  -7.548  -73.099  16.824 1.0000000000
12351  -2.692  -70.562  6.320 1.0000000000
14922  -2.331  -67.097  19.299 1.0000000000
13059  -2.535  -69.380  18.380 1.0000000000
11155  -8.864  -71.375  24.787 1.0000000000
15073  -1.223  -67.616  10.604 1.0000000000
8586  -10.608  -74.686  21.720 1.0000000000
10327  -6.145  -71.514  17.318 1.0000000000
125691  -6.297  -72.010  18.226 1.0000000000
8607  -9.168  -74.938  20.093 1.0000000000
123090  -0.979  -66.733  21.662 0.8000000119
14901  -0.722  -67.605  20.313 0.8999999762
12137  -7.549  -69.885  23.588 1.0000000000
120630  -10.545  -71.729  24.553 1.0000000000
13103  -5.929  -69.100  15.086 1.0000000000
133868  -11.271  -73.891  23.126 1.0000000000
10232  -12.057  -72.736  23.230 1.0000000000
15081  -1.376  -67.284  9.734 1.0000000000
116976  -7.610  -69.542  16.502 1.0000000000
14031  -7.252  -68.685  15.695 1.0000000000
9372  -11.796  -73.488  22.759 1.0000000000
9401  -11.721  -73.909  20.910 1.0000000000
139016  -12.480  -72.403  22.765 1.0000000000
9402  -12.176  -73.449  20.319 1.0000000000
11266  -11.328  -72.130  17.065 1.0000000000
10312  -12.185  -72.495  17.650 1.0000000000
9422  -11.927  -73.464  19.376 1.0000000000
11242  -7.882  -71.257  19.109 1.0000000000
124955  -1.396  -69.025  4.268 0.8999999762
14860  -7.087  -68.475  23.674 1.0000000000
14859  -6.457  -68.192  23.299 1.0000000000
12205  -12.051  -70.245  16.841 1.0000000000
12206  -12.731  -70.812  17.251 1.0000000000
132326  -12.313  -71.733  17.149 1.0000000000
11290  -10.981  -71.269  16.637 1.0000000000
13093  -11.324  -69.912  16.570 1.0000000000
127643  -1.370  -66.922  8.890 1.0000000000
12203  -8.125  -70.154  17.708 1.0000000000
10274  -12.560  -72.899  19.017 1.0000000000
11211  -13.170  -72.292  20.282 1.0000000000
12172  -13.748  -71.188  21.735 1.0000000000
11289  -10.160  -70.990  16.753 1.0000000000
10310  -9.128  -71.747  18.271 1.0000000000
12173  -14.297  -70.653  21.304 1.0000000000
12180  -14.663  -70.444  20.483 1.0000000000
12186  -14.395  -70.789  19.625 1.0000000000
117886  -1.801  -68.139  8.083 1.0000000000
14148  -1.774  -68.376  7.244 1.0000000000
14827  -6.785  -67.457  25.279 1.0000000000
13897  -9.144  -68.284  25.377 1.0000000000
13912  -9.643  -68.794  24.847 1.0000000000
15961  -7.164  -66.879  15.729 1.0000000000
14035  -10.283  -68.777  16.499 1.0000000000
13079  -11.921  -69.308  17.021 1.0000000000
12216  -10.734  -70.505  16.482 1.0000000000
11244  -13.534  -71.548  18.517 1.0000000000
11224  -13.111  -72.269  19.298 1.0000000000
13081  -13.408  -70.178  17.695 1.0000000000
13055  -15.244  -69.828  20.370 1.0000000000
15090  -1.514  -67.310  8.176 1.0000000000
15137  -1.600  -67.665  4.781 1.0000000000
16798  -2.340  -66.062  23.047 0.6999999881
17762  -3.190  -65.651  23.840 0.8000000119
118140  -7.020  -66.728  25.839 1.0000000000
14829  -8.668  -67.598  25.892 1.0000000000
121141  -11.257  -68.971  24.621 1.0000000000
16944  -0.784  -65.465  11.374 0.8999999762
13914  -12.135  -68.665  24.621 1.0000000000
14023  -13.306  -69.215  17.732 1.0000000000
13026  -13.076  -69.617  23.515 1.0000000000
117827  -1.079  -64.753  9.821 1.0000000000
13950  -13.936  -69.354  23.249 1.0000000000
125874  -1.354  -65.844  7.858 1.0000000000
16986  -1.565  -65.674  6.888 1.0000000000
16061  -1.524  -66.501  6.455 1.0000000000
16084  -1.669  -66.536  5.539 1.0000000000
18672  -1.594  -63.923  24.346 0.6999999881
18649  -5.205  -64.110  25.475 1.0000000000
19681  -6.043  -62.593  24.666 1.0000000000
17875  -0.535  -64.933  12.694 0.8999999762
15943  -8.709  -66.912  16.696 1.0000000000
14832  -12.804  -67.074  25.397 1.0000000000
14848  -13.361  -67.724  24.944 1.0000000000
122974  -15.787  -65.892  24.647 1.0000000000
14850  -15.761  -67.544  24.002 1.0000000000
15819  -16.394  -67.176  24.060 1.0000000000
14862  -14.642  -68.032  24.161 1.0000000000
122202  -12.475  -67.354  18.199 1.0000000000
13951  -14.733  -69.058  22.932 1.0000000000
121263  -16.319  -67.825  23.451 1.0000000000
127584  -15.510  -69.484  21.198 1.0000000000
14864  -16.907  -67.937  22.932 1.0000000000
14865  -17.413  -67.384  23.314 1.0000000000
15836  -18.219  -67.288  22.908 1.0000000000
14878  -18.686  -67.538  22.077 1.0000000000
15821  -18.743  -66.422  23.479 1.0000000000
14889  -18.382  -67.878  21.245 1.0000000000
14879  -19.355  -67.194  22.072 1.0000000000
116916  -20.125  -66.716  22.248 1.0000000000
14010  -16.357  -68.314  18.759 1.0000000000
14905  -17.282  -68.475  20.350 1.0000000000
14942  -16.863  -67.903  18.746 1.0000000000
14943  -17.408  -67.446  18.683 1.0000000000
14925  -18.676  -67.471  19.164 1.0000000000
16764  -10.887  -65.599  25.792 1.0000000000
16778  -15.395  -65.229  24.898 1.0000000000
15812  -16.486  -66.201  24.404 1.0000000000
15813  -17.223  -66.142  24.264 1.0000000000
16802  -21.430  -65.612  22.517 1.0000000000
125747  -15.045  -67.503  18.463 1.0000000000
15852  -20.603  -66.884  21.290 1.0000000000
136573  -22.886  -65.658  20.240 1.0000000000
22526  -0.882  -59.855  21.844 0.6000000238
16881  -1.307  -65.811  15.601 0.8999999762
22536  -1.534  -59.389  21.315 0.6000000238
17737  -10.391  -64.246  24.898 1.0000000000
16766  -12.570  -65.691  25.564 1.0000000000
127447  -14.160  -63.472  23.766 1.0000000000
17741  -15.716  -64.446  24.649 1.0000000000
15800  -13.591  -66.107  25.328 1.0000000000
19829  -1.211  -61.635  11.469 0.8000000119
17743  -17.350  -64.482  24.389 1.0000000000
18688  -19.047  -63.848  23.728 1.0000000000
17758  -19.616  -64.679  23.759 1.0000000000
16803  -22.183  -65.356  22.059 1.0000000000
18691  -21.399  -64.245  23.071 1.0000000000
17764  -22.368  -64.705  22.351 1.0000000000
129676  -16.042  -66.264  18.495 1.0000000000
134243  -17.543  -65.839  18.535 1.0000000000
17771  -23.268  -65.231  19.788 1.0000000000
18679  -9.956  -63.247  23.597 1.0000000000
18695  -10.266  -62.831  23.036 1.0000000000
17825  -1.196  -64.764  16.788 0.8999999762
17831  -0.847  -64.586  15.566 0.8999999762
17739  -12.521  -64.186  24.736 1.0000000000
17721  -13.230  -64.731  25.140 1.0000000000
18683  -13.343  -63.294  23.666 1.0000000000
18665  -13.397  -64.135  24.608 1.0000000000
116576  -0.420  -63.308  13.634 0.8999999762
19819  -0.515  -62.220  13.149 0.8000000119
18685  -15.688  -63.201  23.365 1.0000000000
18684  -14.842  -63.059  23.362 1.0000000000
18686  -16.540  -63.132  23.347 1.0000000000
19802  -0.302  -62.499  14.044 0.8999999762
18687  -17.460  -63.037  23.337 1.0000000000
18701  -19.362  -62.983  23.098 1.0000000000
18689  -19.937  -63.861  23.485 1.0000000000
19786  -0.371  -62.173  15.548 0.8999999762
18703  -21.273  -63.243  22.781 1.0000000000
16850  -10.106  -65.558  19.037 1.0000000000
17759  -20.311  -64.600  23.519 1.0000000000
18709  -24.149  -63.942  20.978 1.0000000000
126690  -23.806  -63.449  21.748 1.0000000000
131411  -16.978  -64.985  18.565 1.0000000000
122388  -17.678  -65.031  18.585 1.0000000000
18710  -24.752  -63.269  20.470 1.0000000000
20686  -7.091  -60.772  21.643 0.8999999762
20687  -7.459  -61.379  21.961 1.0000000000
18788  -0.584  -63.964  14.976 0.8999999762
17817  -2.226  -64.323  17.705 1.0000000000
123336  -0.426  -63.391  14.376 0.8999999762
133968  -4.008  -64.887  17.744 1.0000000000
20675  -14.523  -61.751  23.032 1.0000000000
19703  -15.091  -62.104  22.664 1.0000000000
116326  -0.430  -62.954  15.060 0.8999999762
117095  -0.545  -62.310  16.558 0.8999999762
16846  -5.712  -64.559  17.972 1.0000000000
18698  -12.982  -62.690  23.296 1.0000000000
20677  -16.407  -61.813  22.806 1.0000000000
20659  -16.948  -61.409  23.265 1.0000000000
20660  -17.853  -61.494  23.096 1.0000000000
20679  -18.269  -61.885  22.690 1.0000000000
19692  -16.775  -62.378  22.826 1.0000000000
138669  -0.685  -61.979  17.189 0.8999999762
21737  -2.485  -59.996  11.516 0.6000000238
117388  -4.403  -63.603  18.043 1.0000000000
120534  -21.150  -61.896  22.335 0.8999999762
23512  -12.474  -58.078  20.496 0.8000000119
22528  -12.374  -59.414  22.706 1.0000000000
23494  -13.399  -58.151  21.819 0.8000000119
19715  -23.634  -62.726  21.930 1.0000000000
20694  -25.158  -61.454  21.354 0.8999999762
131469  -16.632  -64.277  18.577 1.0000000000
17809  -20.183  -64.620  18.837 1.0000000000
17810  -21.228  -64.421  18.775 1.0000000000
17811  -22.085  -64.268  18.606 1.0000000000
18725  -24.329  -63.742  19.067 1.0000000000
140000  -8.820  -61.596  21.787 1.0000000000
23520  -5.478  -58.083  19.496 0.5000000000
22557  -6.315  -59.491  20.650 0.6999999881
20689  -9.450  -61.332  21.708 1.0000000000
19714  -9.996  -61.998  22.029 1.0000000000
24516  -7.136  -57.864  19.050 0.6999999881
21602  -11.363  -60.172  22.226 1.0000000000
21603  -12.065  -60.464  22.685 1.0000000000
20676  -15.509  -61.794  22.848 1.0000000000
21584  -14.014  -60.406  23.791 1.0000000000
24517  -8.078  -57.817  18.834 0.8000000119
23511  -11.634  -58.089  20.130 0.8999999762
23492  -11.845  -58.246  21.244 0.8999999762
118612  -10.644  -59.081  21.433 0.8999999762
23525  -11.764  -57.979  18.986 0.8000000119
21587  -17.523  -60.964  24.038 0.8999999762
21589  -19.178  -61.106  23.759 0.8000000119
21568  -17.384  -60.236  24.401 0.8000000119
21570  -18.886  -60.358  24.426 0.8000000119
131519  -20.099  -61.155  23.512 0.8000000119
20706  -1.222  -61.373  18.399 0.8999999762
24520  -13.688  -56.952  18.886 0.8000000119
24521  -14.615  -57.042  19.209 0.8000000119
23514  -13.872  -58.080  21.059 0.8000000119
21607  -15.865  -61.246  23.574 1.0000000000
22519  -14.462  -59.493  23.926 0.8999999762
20663  -21.937  -61.046  23.257 0.8000000119
21650  -0.814  -60.010  17.608 0.8999999762
24487  -15.079  -58.068  21.143 0.8000000119
23483  -14.681  -58.272  22.864 0.8000000119
118619  -24.397  -60.915  21.768 0.8999999762
25550  -15.095  -56.162  17.808 0.6999999881
122001  -18.211  -62.933  18.324 1.0000000000
19757  -25.500  -62.158  18.661 1.0000000000
23502  -2.718  -58.331  20.098 0.5000000000
21619  -10.076  -60.563  21.664 1.0000000000
24518  -8.881  -57.695  18.536 0.6999999881
23482  -13.714  -58.485  22.794 0.8000000119
22520  -15.284  -59.450  24.166 0.8000000119
121019  -15.709  -58.595  23.821 0.8000000119
22499  -17.042  -59.605  24.413 0.8000000119
137688  -11.507  -56.745  17.947 0.8000000119
24541  -10.237  -57.077  17.887 0.6999999881
24522  -15.567  -56.695  18.952 0.8000000119
21573  -22.018  -60.166  24.239 0.8000000119
22503  -20.478  -59.775  24.637 0.8000000119
21592  -22.339  -60.476  23.697 0.8000000119
21684  -0.393  -59.903  15.201 0.8000000119
26588  -13.504  -54.758  17.670 0.6000000238
24501  -17.098  -56.768  19.716 0.6000000238
26623  -17.169  -54.889  16.837 0.5000000000
116374  -15.809  -57.842  21.078 0.8000000119
23485  -16.536  -58.077  22.758 0.8000000119
23466  -16.542  -58.338  23.592 0.8000000119
23566  -0.824  -58.356  16.594 0.8000000119
21622  -25.275  -60.581  21.505 0.8999999762
121669  -19.107  -62.978  18.403 1.0000000000
19751  -19.669  -62.385  18.146 1.0000000000
131375  -18.739  -56.033  20.087 0.6000000238
26562  -18.902  -55.528  19.150 0.5000000000
25516  -18.215  -56.560  20.727 0.6999999881
25553  -18.461  -55.724  18.151 0.5000000000
22562  -26.362  -59.674  20.865 0.8999999762
21633  -26.645  -61.167  19.176 1.0000000000
22590  -19.680  -59.815  17.050 1.0000000000
22589  -18.309  -59.506  16.607 1.0000000000
123876  -21.130  -60.536  17.715 1.0000000000
24538  -7.613  -57.061  18.358 0.6000000238
23442  -18.110  -58.667  24.281 0.8000000119
24474  -17.243  -57.987  22.953 0.8000000119
23467  -17.849  -58.238  23.959 0.8000000119
21571  -19.769  -60.446  24.413 0.8000000119
22502  -19.526  -59.382  24.591 0.8000000119
23443  -18.932  -58.546  24.374 0.8000000119
24540  -9.629  -57.477  18.113 0.6999999881
24489  -17.614  -57.131  21.411 0.8000000119
120631  -16.754  -57.331  21.029 0.8000000119
24456  -18.074  -57.774  23.287 0.8000000119
136753  -19.678  -58.381  24.414 0.8000000119
22505  -22.946  -59.070  24.718 0.8000000119
25552  -17.589  -56.237  18.245 0.6000000238
22522  -23.942  -59.804  23.081 0.8000000119
24570  -1.113  -57.467  16.404 0.5000000000
22547  -25.907  -59.411  21.255 0.8000000119
20717  -18.896  -61.407  17.647 1.0000000000
22563  -26.875  -59.702  20.529 0.8999999762
21666  -22.723  -60.024  17.675 1.0000000000
130495  -20.543  -59.505  17.206 1.0000000000
24475  -17.837  -57.460  22.314 0.8000000119
24476  -18.573  -57.001  22.607 0.6999999881
24457  -18.946  -57.339  23.392 0.8000000119
24437  -20.116  -57.659  24.118 0.6999999881
25501  -19.029  -56.327  21.978 0.6999999881
24459  -20.439  -56.922  23.762 0.6999999881
139795  -21.315  -58.418  24.613 0.8000000119
22507  -23.943  -58.915  24.407 0.8000000119
23446  -24.374  -58.183  24.621 0.8000000119
26624  -17.988  -54.443  17.361 0.4000000060
25518  -19.510  -55.640  21.318 0.6000000238
20733  -13.490  -61.660  17.125 1.0000000000
20734  -15.493  -61.428  17.509 1.0000000000
21681  -14.254  -60.278  16.574 1.0000000000
23486  -26.073  -58.802  21.606 0.8000000119
22587  -16.142  -60.182  16.752 1.0000000000
20736  -17.081  -61.024  17.473 1.0000000000
22568  -28.034  -59.831  18.750 0.8999999762
20735  -16.305  -61.207  17.519 1.0000000000
24577  -18.824  -58.024  16.188 1.0000000000
24578  -19.647  -57.656  16.345 1.0000000000
24565  -25.407  -57.948  17.791 1.0000000000
25489  -20.010  -56.385  23.150 0.6999999881
24460  -21.130  -56.859  24.045 0.6999999881
24439  -21.765  -57.702  24.527 0.6999999881
23444  -22.043  -58.755  24.813 0.8000000119
25470  -21.873  -56.825  24.268 0.6999999881
23471  -25.501  -58.487  23.490 0.8000000119
20749  -11.509  -61.046  16.355 1.0000000000
23541  -27.973  -58.892  17.409 0.8999999762
126803  -23.893  -57.767  17.435 1.0000000000
25503  -20.204  -55.692  22.822 0.6000000238
25504  -20.739  -55.830  23.391 0.6000000238
25491  -21.321  -56.196  23.824 0.6999999881
24461  -25.681  -57.860  24.012 0.8000000119
21674  -7.477  -60.492  16.470 0.8999999762
24493  -28.621  -57.557  20.825 0.8000000119
25601  -2.591  -56.180  17.394 0.8999999762
23573  -17.229  -58.835  16.038 1.0000000000
27536  -20.314  -54.333  22.092 0.4000000060
26521  -20.514  -55.362  23.040 0.5000000000
26466  -23.226  -55.562  24.356 0.6000000238
25472  -23.335  -56.596  24.743 0.6000000238
137960  -21.662  -55.815  23.893 0.6000000238
128249  -25.237  -56.575  24.875 0.6000000238
26467  -24.290  -55.395  24.564 0.6000000238
123934  -24.389  -56.686  24.991 0.6000000238
24462  -26.276  -57.390  23.778 0.6000000238
25475  -26.141  -56.500  24.456 0.6000000238
25474  -25.598  -55.818  24.871 0.6000000238
22607  -12.095  -59.804  15.862 1.0000000000
23552  -3.684  -57.849  17.632 0.8999999762
122820  -6.729  -59.086  16.559 0.8999999762
24479  -27.513  -57.423  22.281 0.6999999881
25528  -29.353  -56.811  19.897 0.8000000119
23593  -16.071  -57.976  15.565 1.0000000000
24594  -16.431  -57.352  15.287 1.0000000000
23584  -7.513  -58.099  16.052 0.8999999762
23585  -8.255  -58.016  15.719 1.0000000000
22604  -8.773  -59.731  15.792 1.0000000000
23591  -14.581  -58.432  15.471 1.0000000000
24591  -13.991  -57.826  15.032 1.0000000000
24607  -15.054  -56.757  14.862 1.0000000000
26679  -14.106  -55.678  14.311 1.0000000000
25614  -20.866  -56.493  16.302 1.0000000000
24562  -22.983  -56.575  17.023 1.0000000000
24563  -23.747  -56.942  17.325 1.0000000000
24564  -24.704  -57.207  17.629 1.0000000000
25605  -25.135  -56.338  17.862 0.8999999762
26698  -14.504  -55.112  14.193 1.0000000000
26667  -19.249  -55.734  15.449 1.0000000000
27654  -24.276  -54.470  17.569 0.8000000119
122022  -21.590  -54.086  23.800 0.3000000119
135462  -22.991  -54.021  24.108 0.4000000060
27497  -23.919  -54.726  24.228 0.4000000060
27498  -25.511  -54.598  24.355 0.3000000119
26469  -25.927  -55.141  24.717 0.4000000060
27499  -26.250  -54.659  24.298 0.4000000060
27515  -27.808  -54.173  23.525 0.5000000000
25506  -28.023  -56.427  22.479 0.6000000238
26522  -28.237  -55.160  23.057 0.5000000000
26538  -29.426  -55.725  20.498 0.6000000238
25610  -3.448  -55.854  17.256 0.8999999762
23587  -10.018  -58.368  15.155 1.0000000000
136370  -12.725  -57.350  14.692 1.0000000000
26654  -3.613  -55.054  16.835 0.8999999762
27681  -2.959  -54.024  14.821 0.6000000238
27680  -2.681  -54.762  14.639 0.6000000238
26677  -12.428  -55.668  14.208 1.0000000000
26659  -22.585  -55.150  16.657 1.0000000000
137396  -20.487  -55.177  15.797 1.0000000000
27514  -23.708  -54.023  23.993 0.3000000119
128991  -27.398  -53.901  23.618 0.3000000119
120841  -9.384  -56.952  15.210 1.0000000000
120921  -3.824  -54.254  16.523 0.8000000119
28593  -3.521  -53.267  15.801 0.6000000238
28599  -22.840  -54.267  16.746 0.8999999762
28598  -22.247  -53.729  16.383 0.8999999762
28585  -24.413  -53.537  17.743 0.8000000119
119007  -30.181  -53.049  18.772 0.5000000000
27664  -5.789  -53.796  16.340 0.8000000119
26674  -9.397  -55.560  14.990 0.8999999762
26675  -10.111  -55.388  14.661 0.8999999762
135301  -25.296  -52.943  18.258 0.6000000238
119009  -5.294  -51.532  13.372 0.6000000238
29571  -5.812  -50.951  13.764 0.6000000238
28651  -14.105  -53.938  14.268 0.8000000119
27677  -19.655  -54.371  15.173 1.0000000000
123284  -16.004  -52.902  14.215 0.8000000119
28623  -14.716  -53.152  14.695 0.8000000119
29512  -24.452  -52.131  17.710 0.6999999881
27703  -12.855  -54.453  14.246 0.8000000119
28613  -20.917  -53.899  15.793 1.0000000000
29547  -4.608  -51.453  14.864 0.6000000238
30544  -7.240  -50.739  14.554 0.5000000000
29534  -13.537  -51.794  16.283 0.8000000119
29550  -14.959  -52.107  15.383 0.8000000119
28609  -13.272  -52.620  16.091 0.8000000119
123265  -19.976  -52.951  15.248 0.8999999762
30496  -9.752  -51.436  16.378 0.6999999881
30497  -10.433  -51.247  16.313 0.6999999881
124862  -8.886  -50.727  15.959 0.6999999881
30498  -11.429  -51.413  16.363 0.6999999881
133523  -18.415  -52.559  14.612 0.8999999762
29527  -6.173  -51.894  16.139 0.6999999881
122917  -8.130  -53.710  16.024 0.8000000119
118674  -15.940  -51.679  14.614 0.8000000119
138287  -17.782  -52.524  14.449 0.8000000119
123088  -17.914  -51.799  14.538 0.8000000119
130917  -22.578  -51.943  16.583 0.8000000119
30477  -23.895  -51.470  17.403 0.6999999881
29548  -5.589  -50.889  14.586 0.6999999881
29521  -21.083  -52.564  15.877 0.8999999762
30488  -21.031  -51.717  15.885 0.8000000119
122064  -21.374  -50.773  16.046 0.6999999881
30523  -14.649  -51.020  15.235 0.6999999881
30524  -15.922  -50.828  14.608 0.6999999881
30526  -17.459  -50.990  14.572 0.6000000238
119516  -13.409  -50.766  15.510 0.6999999881
31514  -18.043  -50.342  14.666 0.5000000000
32463  -20.026  -49.585  15.358 0.5000000000
31511  -15.615  -50.121  14.392 0.6999999881
32484  -15.899  -49.528  14.130 0.5000000000
32486  -17.147  -49.548  14.504 0.6000000238
32462  -19.444  -49.457  14.969 0.5000000000
31474  -21.037  -50.009  15.824 0.6000000238
31482  -17.963  -49.587  14.635 0.5000000000
33419  -19.175  -48.706  14.759 0.5000000000
33418  -18.335  -48.950  14.606 0.5000000000
28596  -20.696  -53.134  15.645 1.0000000000
33398  -23.322  -48.895  16.927 0.6000000238
3350  -4.211  -82.744  8.728 0.6999999881
2755  -4.781  -82.928  8.453 0.6000000238
19837  -1.591  -61.583  10.690 0.6999999881
19845  -1.847  -61.515  9.846 0.5000000000
30458  -25.022  -51.679  17.924 0.5000000000
31461  -23.567  -50.229  17.221 0.5000000000
31462  -23.971  -50.636  17.454 0.5000000000
132561  -23.796  -49.246  17.265 0.5000000000
130837  -23.942  -49.876  17.411 0.5000000000
32414  -22.743  -49.317  16.742 0.5000000000
33399  -24.021  -48.493  17.292 0.5000000000
139907  -22.114  -49.429  16.513 0.5000000000
32436  -21.539  -49.116  16.075 0.5000000000
32437  -22.169  -48.784  16.483 0.5000000000
33405  -22.654  -48.402  16.605 0.5000000000
34392  -19.295  -47.799  14.650 0.4000000060
133032  -21.418  -47.609  15.722 0.4000000060
130095  -4.466  -84.872  7.286 0.6999999881
28572  -26.747  -52.946  18.894 0.4000000060
33403  -20.938  -48.715  15.660 0.4000000060
33421  -20.717  -48.023  15.453 0.4000000060
29498  -26.003  -52.437  18.519 0.5000000000
126416  -22.120  -48.189  16.326 0.5000000000
33404  -21.578  -48.224  15.950 0.5000000000
138099  -5.985  -92.117  8.169 0.5000000000
19  -6.428  -92.320  8.180 0.5000000000
139654  -8.153  -92.431  7.595 0.6000000238
81  -10.403  -92.230  6.987 0.5000000000
78  -7.222  -91.841  6.869 0.6000000238
86  -8.579  -91.891  6.593 0.6000000238
135760  -11.629  -91.746  6.751 0.5000000000
162  -12.323  -91.574  6.810 0.5000000000
85  -7.718  -91.592  6.270 0.6000000238
160  -10.023  -91.765  6.390 0.6000000238
174  -11.817  -91.169  6.115 0.5000000000
172  -10.090  -91.194  5.528 0.6000000238
138124  -10.715  -91.085  5.468 0.6999999881
309  -12.266  -90.462  5.145 0.5000000000
17057  -2.876  -65.089  3.377 0.5000000000
17035  -2.727  -64.548  3.673 0.5000000000
17014  -2.714  -63.660  4.400 0.5000000000
26661  -1.994  -55.158  15.958 0.5000000000
27702  -4.730  -53.445  12.992 0.5000000000
33443  -16.572  -48.253  13.543 0.4000000060
16144  -3.083  -66.744  2.464 0.5000000000
25620  -1.903  -56.092  15.243 0.4000000060
26694  -4.761  -54.655  12.928 0.5000000000
28645  -4.003  -53.134  13.692 0.5000000000
20809  -2.269  -60.740  10.389 0.4000000060
133959  -1.828  -56.972  14.950 0.4000000060
26670  -2.244  -55.241  14.999 0.5000000000
29546  -3.886  -51.989  14.622 0.5000000000
66  -5.601  -91.754  7.794 0.5000000000
77  -6.319  -91.578  6.620 0.6999999881
170  -8.296  -91.224  5.515 0.6999999881
119288  -9.194  -90.929  5.064 0.6999999881
310  -13.260  -90.390  5.515 0.5000000000
79  -7.983  -92.114  7.051 0.6000000238
121079  -8.695  -92.393  7.333 0.6000000238
171  -9.280  -91.550  6.051 0.6000000238
161  -10.885  -91.545  6.231 0.6000000238
30545  -8.822  -50.308  14.037 0.5000000000
31506  -10.430  -50.062  14.678 0.5000000000
31533  -10.512  -49.737  13.518 0.5000000000
31534  -11.609  -49.936  13.686 0.5000000000
31535  -12.476  -50.099  13.350 0.4000000060
31553  -11.152  -49.821  12.563 0.4000000060
31508  -12.440  -50.305  14.578 0.5000000000
31554  -12.251  -50.197  12.401 0.4000000060
31509  -13.246  -50.356  14.419 0.4000000060
31555  -13.296  -50.236  12.603 0.4000000060
32498  -14.060  -50.120  13.016 0.4000000060
32499  -14.861  -49.695  13.018 0.3000000119
33442  -16.036  -48.594  13.131 0.3000000119
32513  -14.351  -50.030  12.290 0.3000000119
32514  -15.085  -49.356  12.020 0.3000000119
30518  -8.966  -50.442  15.108 0.5000000000
32500  -15.610  -49.269  13.456 0.3000000119
30520  -11.273  -50.560  15.657 0.5000000000
31505  -9.579  -50.171  14.851 0.5000000000
31507  -11.456  -50.193  14.670 0.5000000000
31532  -9.567  -49.857  13.614 0.5000000000
31552  -9.834  -49.783  12.502 0.5000000000
27724  -6.026  -53.940  11.983 0.4000000060
27725  -6.863  -53.603  12.071 0.4000000060
137571  -6.823  -52.605  12.604 0.4000000060
28672  -5.541  -53.470  12.514 0.4000000060
28673  -6.175  -53.058  12.551 0.4000000060
27726  -7.978  -53.819  12.464 0.4000000060
131316  -7.262  -54.273  11.589 0.4000000060
132988  -7.257  -51.921  13.135 0.4000000060
28647  -8.165  -52.200  13.362 0.4000000060
28675  -8.616  -53.257  13.127 0.3000000119
28648  -8.774  -52.378  13.190 0.4000000060
29573  -8.324  -51.181  13.778 0.4000000060
29574  -8.903  -51.308  13.234 0.4000000060
120296  -9.945  -52.737  12.327 0.3000000119
30565  -9.511  -50.390  11.826 0.4000000060
132494  -9.709  -50.985  11.054 0.3000000119
132193  -10.695  -51.020  10.815 0.3000000119
31572  -10.352  -50.244  11.545 0.3000000119
119969  -11.662  -50.349  11.792 0.3000000119
30581  -11.693  -51.022  10.954 0.3000000119
29572  -7.738  -51.121  13.912 0.4000000060
30564  -9.140  -50.286  12.744 0.4000000060
28674  -7.713  -53.003  12.984 0.4000000060
28649  -9.411  -52.561  12.803 0.3000000119
116138  -9.339  -51.352  11.996 0.4000000060
29622  -9.959  -52.143  11.136 0.3000000119
31573  -11.256  -50.664  11.296 0.3000000119
128688  -12.854  -50.414  11.846 0.3000000119
20  -7.067  -92.456  8.044 0.5000000000
59  -5.570  -92.034  8.501 0.5000000000
65  -5.112  -91.672  8.105 0.8000000119
67  -6.245  -91.920  7.609 0.6000000238
68  -7.524  -92.313  7.512 0.5000000000
80  -9.485  -92.289  6.968 0.6000000238
84  -6.857  -91.415  5.941 0.6999999881
151  -4.172  -90.942  7.411 0.8000000119
159  -5.432  -91.130  5.944 0.8000000119
166  -4.708  -90.657  5.369 0.8999999762
173  -11.280  -90.846  5.365 0.6999999881
176  -4.742  -90.403  3.967 1.0000000000
263  -2.422  -90.038  8.960 0.6000000238
279  -2.618  -90.265  7.877 0.6999999881
322  -9.221  -90.605  3.975 0.8000000119
332  -4.213  -89.928  3.127 1.0000000000
341  -13.983  -90.647  2.627 0.8000000119
342  -14.348  -90.617  2.228 0.8000000119
350  -7.875  -90.094  1.151 0.8999999762
351  -8.879  -90.353  1.335 0.8999999762
355  -13.231  -90.652  2.056 0.8000000119
361  -7.896  -89.953  1.028 1.0000000000
374  -12.185  -90.500  0.109 1.0000000000
376  -14.077  -90.365  -0.561 1.0000000000
382  -13.373  -89.822  -1.004 1.0000000000
386  -16.546  -90.237  -1.359 1.0000000000
485  -6.053  -89.068  7.196 1.0000000000
494  -5.366  -89.392  6.424 1.0000000000
505  -3.987  -89.752  3.994 1.0000000000
523  -5.580  -89.843  2.155 1.0000000000
534  -10.757  -89.371  1.068 1.0000000000
538  -18.319  -89.974  2.746 0.6999999881
559  -12.636  -89.836  -0.801 1.0000000000
560  -13.816  -89.770  -1.263 1.0000000000
696  -2.028  -88.826  7.629 0.8000000119
698  -6.642  -88.385  7.592 1.0000000000
702  -1.814  -88.624  6.531 0.8000000119
703  -4.140  -88.857  6.317 1.0000000000
704  -4.931  -88.500  6.850 1.0000000000
726  -11.336  -88.219  3.908 1.0000000000
738  -11.794  -88.451  3.138 1.0000000000
749  -11.314  -88.903  2.217 1.0000000000
753  -15.114  -88.141  2.307 0.8999999762
774  -15.114  -89.370  -1.755 1.0000000000
789  -7.036  -89.049  -2.922 0.5000000000
791  -8.757  -88.952  -2.955 0.5000000000
921  -7.792  -86.999  8.543 1.0000000000
934  -8.169  -87.367  8.025 1.0000000000
941  -1.731  -87.976  6.157 1.0000000000
956  -3.296  -88.143  4.884 1.0000000000
957  -4.214  -87.706  5.360 1.0000000000
958  -4.967  -87.350  5.837 1.0000000000
961  -10.375  -87.728  5.472 1.0000000000
973  -1.961  -86.996  3.496 0.8999999762
981  -15.906  -87.013  4.108 0.8999999762
987  -1.727  -86.589  3.534 0.8999999762
1024  -22.750  -87.530  -0.611 0.6000000238
1027  -6.372  -87.855  -1.633 0.5000000000
1031  -10.558  -87.454  -1.878 0.8000000119
1036  -22.906  -87.181  -1.212 0.6000000238
1041  -6.767  -88.541  -2.144 0.5000000000
1046  -11.776  -87.399  -2.702 0.8000000119
1059  -20.119  -87.752  -4.624 0.8000000119
1072  -19.906  -87.588  -5.331 0.8999999762
1180  -2.136  -86.794  16.229 0.8000000119
1181  -2.717  -87.080  16.476 0.6000000238
1182  -3.158  -87.095  16.487 0.6000000238
1195  -1.463  -86.168  14.669 0.8000000119
1211  -1.891  -86.473  14.611 0.8000000119
1212  -2.485  -86.660  14.892 0.6999999881
1226  -1.830  -86.335  13.956 0.8000000119
1262  -9.000  -85.818  9.642 1.0000000000
1271  -7.591  -86.371  8.663 1.0000000000
1273  -8.939  -86.259  9.087 1.0000000000
1280  -4.234  -86.356  7.741 0.6999999881
1296  -1.981  -87.080  5.851 0.8999999762
1299  -5.502  -87.161  6.575 1.0000000000
1303  -11.520  -86.501  6.574 1.0000000000
1317  -2.443  -86.266  5.735 0.8000000119
1320  -6.205  -85.704  5.394 1.0000000000
1326  -16.080  -86.077  5.164 0.8999999762
1331  -1.496  -86.790  4.071 0.8999999762
1332  -2.458  -86.265  3.294 0.8999999762
1333  -4.033  -86.681  4.165 1.0000000000
1335  -16.286  -86.362  4.463 0.8999999762
1336  -16.825  -85.937  4.182 0.8999999762
1343  -1.912  -86.323  3.186 0.8999999762
1378  -9.236  -86.515  0.378 0.8000000119
1379  -10.172  -86.473  0.429 0.8000000119
1417  -5.878  -87.161  -1.152 0.5000000000
1478  -11.473  -87.180  -6.311 0.5000000000
1610  -2.240  -86.176  18.412 0.6999999881
1664  -1.672  -85.888  13.293 0.8999999762
1665  -2.097  -86.201  13.669 0.8000000119
1693  -1.141  -85.183  11.549 0.8999999762
1694  -1.450  -85.317  11.587 0.8999999762
1715  -8.654  -85.312  9.641 1.0000000000
1720  -4.697  -85.497  8.026 0.6999999881
1725  -11.405  -85.400  8.434 1.0000000000
1741  -11.580  -85.629  7.797 1.0000000000
1742  -12.830  -85.585  7.275 1.0000000000
1757  -16.371  -85.046  6.414 0.8999999762
1767  -1.524  -85.275  4.220 0.8999999762
1768  -1.545  -85.609  4.842 0.8999999762
1769  -2.260  -85.660  5.588 0.8999999762
1771  -6.658  -85.010  5.520 1.0000000000
1772  -16.627  -85.343  5.539 0.8999999762
1782  -4.294  -85.480  3.903 1.0000000000
1792  -1.821  -86.070  3.265 0.8999999762
1795  -17.717  -84.649  3.160 0.8999999762
1802  -10.732  -85.261  2.202 0.8000000119
1814  -8.576  -85.289  1.356 0.8000000119
1826  -3.182  -85.275  -0.082 0.6000000238
1830  -6.871  -85.086  0.568 0.6000000238
1832  -8.837  -85.925  1.052 0.8000000119
1836  -13.834  -85.874  0.600 0.8999999762
1837  -14.601  -85.414  0.661 0.8999999762
1838  -18.229  -85.007  0.810 0.8999999762
1840  -21.269  -85.553  0.576 0.6999999881
1857  -14.594  -85.838  -1.639 0.8999999762
1891  -23.373  -85.592  -3.734 0.6999999881
1925  -18.815  -86.317  -7.276 0.8000000119
2090  -2.064  -85.119  18.185 0.8000000119
2123  -1.204  -85.477  15.456 0.8000000119
2146  -0.886  -85.154  13.756 0.8999999762
2158  -0.905  -85.034  11.919 0.8999999762
2183  -1.343  -85.167  10.384 0.8999999762
2187  -9.522  -84.477  10.346 1.0000000000
2195  -0.695  -84.184  9.312 0.8999999762
2202  -10.502  -84.780  10.389 1.0000000000
2208  -0.694  -84.025  8.548 0.8999999762
2209  -1.009  -84.232  8.181 0.8999999762
2210  -1.391  -84.446  7.715 0.8999999762
2211  -5.065  -83.729  8.213 0.6000000238
2212  -8.181  -84.664  8.450 1.0000000000
2216  -14.872  -83.721  8.488 1.0000000000
2231  -4.110  -84.121  7.266 0.8000000119
2232  -4.658  -84.154  7.735 0.6999999881
2238  -16.411  -83.808  6.939 1.0000000000
2244  -3.027  -84.622  6.258 0.8999999762
2245  -3.488  -84.224  6.895 0.8999999762
2247  -8.625  -83.926  6.454 1.0000000000
2260  -1.676  -85.056  5.382 0.8999999762
2280  -4.856  -84.966  4.232 1.0000000000
2292  -13.734  -84.357  3.639 0.8999999762
2309  -7.655  -84.201  1.178 0.8000000119
2310  -8.379  -84.554  1.453 0.6999999881
2312  -14.231  -85.015  2.158 0.8999999762
2315  -16.424  -84.214  0.844 0.8999999762
2316  -17.702  -84.224  1.946 0.8999999762
2323  -4.799  -84.481  0.461 0.6000000238
2341  -17.737  -84.449  -0.263 0.8999999762
2384  -18.477  -84.967  -3.793 0.8000000119
2399  -20.741  -85.041  -4.331 0.8000000119
2438  -25.112  -84.996  -7.494 0.4000000060
2691  -0.721  -84.396  13.293 0.8999999762
2704  -2.692  -84.169  11.665 0.8000000119
2705  -3.194  -83.607  12.487 0.6999999881
2717  -0.594  -83.347  11.194 0.8999999762
2718  -2.290  -84.660  10.847 0.8999999762
2723  -10.942  -83.034  11.442 1.0000000000
2732  -0.594  -83.842  9.793 0.8999999762
2736  -9.766  -83.671  10.613 1.0000000000
2738  -11.249  -83.666  11.185 1.0000000000
2739  -12.102  -83.523  11.061 1.0000000000
2746  -8.889  -84.041  9.325 1.0000000000
2747  -9.217  -83.800  9.917 1.0000000000
2748  -12.637  -83.861  10.215 1.0000000000
2754  -2.347  -84.098  8.137 0.8999999762
2770  -0.593  -83.329  7.493 0.8999999762
2773  -4.354  -83.444  7.805 0.8000000119
2774  -9.284  -83.386  7.111 1.0000000000
2789  -0.800  -83.524  6.393 0.8999999762
2791  -7.496  -83.441  5.684 1.0000000000
2802  -1.274  -83.465  5.190 0.8999999762
2807  -7.032  -83.974  5.329 1.0000000000
2810  -16.929  -83.593  5.399 0.8999999762
2820  -1.518  -83.840  4.509 1.0000000000
2822  -3.287  -84.177  4.169 1.0000000000
2828  -15.037  -83.286  5.089 0.8999999762
2831  -17.228  -83.774  4.445 0.8999999762
2842  -16.474  -83.476  3.636 0.8999999762
2844  -17.530  -84.049  3.477 0.8999999762
2849  -8.780  -83.141  1.860 0.8999999762
2869  -6.177  -83.724  1.139 0.6999999881
2883  -1.869  -84.186  0.649 0.6000000238
2982  -16.498  -83.323  -8.295 0.5000000000
2983  -17.390  -83.801  -8.251 0.5000000000
2984  -18.536  -84.043  -8.490 0.6999999881
3226  -2.528  -83.124  19.398 0.8000000119
3240  -1.157  -82.039  16.799 0.8000000119
3241  -1.388  -82.679  17.333 0.8000000119
3249  -0.984  -82.407  16.075 0.8999999762
3274  -0.792  -83.173  14.445 0.8999999762
3332  -10.965  -82.444  11.347 1.0000000000
3334  -13.370  -82.409  11.382 1.0000000000
3340  -4.314  -82.562  10.102 0.6999999881
3345  -14.519  -82.064  10.605 1.0000000000
3349  -3.825  -82.702  9.339 0.6999999881
3358  -0.664  -82.862  8.180 1.0000000000
3369  -0.928  -82.513  6.923 1.0000000000
3371  -9.448  -82.567  6.952 1.0000000000
3390  -0.644  -83.182  6.832 0.8999999762
3394  -4.062  -82.198  5.981 1.0000000000
3408  -1.050  -83.075  5.795 1.0000000000
3409  -1.668  -82.759  5.561 1.0000000000
3414  -13.319  -82.629  5.472 1.0000000000
3416  -15.594  -82.732  6.142 1.0000000000
3425  -12.846  -82.705  4.944 1.0000000000
3435  -11.332  -82.915  3.451 1.0000000000
3445  -2.222  -82.646  2.017 0.6999999881
3447  -3.962  -82.336  2.389 0.8000000119
3451  -8.502  -82.414  2.187 1.0000000000
3452  -9.344  -82.624  2.202 1.0000000000
3465  -3.493  -82.906  1.829 0.6999999881
3871  -0.740  -82.250  14.622 0.8999999762
3892  -0.506  -81.495  13.241 1.0000000000
3904  -0.541  -81.069  12.187 1.0000000000
3923  -12.008  -81.593  11.805 1.0000000000
3925  -14.149  -81.083  11.571 1.0000000000
3930  -1.140  -81.020  10.198 1.0000000000
3934  -15.336  -80.941  10.101 1.0000000000
3938  -0.815  -82.392  9.000 0.8999999762
3941  -11.226  -81.178  10.543 1.0000000000
3947  -1.836  -81.531  7.853 1.0000000000
3950  -8.632  -81.015  7.735 1.0000000000
3955  -1.219  -82.005  7.676 1.0000000000
3959  -6.004  -80.848  7.675 1.0000000000
3961  -9.161  -81.762  7.204 1.0000000000
3981  -2.916  -81.526  6.769 1.0000000000
3983  -4.869  -81.803  6.469 1.0000000000
3996  -12.087  -81.382  3.845 1.0000000000
3997  -12.601  -81.321  4.373 1.0000000000
4006  -2.378  -81.400  3.128 0.6999999881
4014  -11.407  -81.243  3.406 1.0000000000
4026  -5.211  -81.641  3.109 0.8999999762
4027  -6.231  -81.768  3.012 0.8999999762
4028  -7.154  -81.842  2.851 0.8999999762
4029  -8.076  -81.832  2.675 1.0000000000
4049  -0.689  -81.461  -0.198 0.4000000060
4394  -2.642  -80.727  20.189 0.5000000000
4407  -0.974  -80.098  18.095 0.6999999881
4408  -1.697  -80.643  18.458 0.6999999881
4409  -2.425  -81.091  18.960 0.6000000238
4461  -0.448  -80.046  11.624 1.0000000000
4474  -1.672  -79.886  10.977 1.0000000000
4484  -0.981  -80.366  10.723 1.0000000000
4486  -1.977  -80.501  10.427 1.0000000000
4499  -3.776  -80.392  9.080 1.0000000000
4505  -9.400  -80.064  9.056 1.0000000000
4513  -2.142  -81.083  8.816 1.0000000000
4521  -15.459  -80.341  8.720 1.0000000000
4524  -3.291  -80.901  7.972 1.0000000000
4526  -5.057  -80.844  7.634 1.0000000000
4557  -1.466  -79.959  4.255 0.8000000119
4568  -12.175  -79.897  4.446 1.0000000000
4580  -3.904  -80.900  3.637 0.8000000119
4581  -4.933  -80.901  3.700 0.8999999762
4584  -7.976  -80.836  3.680 0.8999999762
4592  -0.646  -81.438  2.245 0.6999999881
4993  -2.312  -80.102  21.154 0.5000000000
5008  -4.781  -79.154  19.239 1.0000000000
5011  -6.972  -79.232  18.924 1.0000000000
5021  -6.411  -79.548  18.420 1.0000000000
5031  -4.023  -79.540  17.741 1.0000000000
5045  0.204  -78.880  15.939 1.0000000000
5048  -6.936  -79.626  16.085 1.0000000000
5057  -3.955  -80.183  15.751 1.0000000000
5112  -0.807  -79.118  11.078 1.0000000000
5113  -1.269  -79.017  11.262 1.0000000000
5118  -6.661  -79.712  11.239 1.0000000000
5121  -9.265  -79.394  11.408 1.0000000000
5132  -4.689  -80.212  10.273 1.0000000000
5135  -7.972  -79.574  10.672 1.0000000000
5139  -15.226  -79.453  10.636 1.0000000000
5145  -8.538  -79.714  9.759 1.0000000000
5176  -14.470  -79.498  6.614 1.0000000000
5185  -1.843  -78.713  5.271 1.0000000000
5186  -2.362  -79.212  5.214 1.0000000000
5188  -4.293  -79.398  5.156 1.0000000000
5190  -6.618  -79.435  5.177 1.0000000000
5192  -8.279  -79.175  5.411 1.0000000000
5201  -2.347  -79.772  4.652 1.0000000000
5202  -3.322  -80.134  4.439 0.8999999762
5204  -5.138  -79.727  4.839 1.0000000000
5205  -6.466  -79.819  4.789 1.0000000000
5217  -1.130  -79.310  3.905 0.8000000119
5658  -1.886  -78.992  22.139 0.5000000000
5675  -5.484  -78.594  20.551 1.0000000000
5688  -2.232  -79.060  20.068 0.6000000238
5691  -6.991  -78.840  19.650 1.0000000000
5699  -4.188  -78.580  18.809 1.0000000000
5720  -8.941  -78.789  16.631 1.0000000000
5727  0.339  -77.824  14.905 1.0000000000
5729  -3.148  -77.825  15.732 1.0000000000
5740  -8.347  -79.335  14.604 1.0000000000
5772  -10.541  -78.853  13.253 1.0000000000
5778  -8.825  -79.335  12.265 1.0000000000
5797  -15.673  -78.989  9.865 1.0000000000
5803  -15.234  -77.979  8.864 1.0000000000
5833  -2.769  -78.099  6.337 1.0000000000
5839  -9.073  -78.281  6.477 1.0000000000
5843  -12.331  -78.698  6.249 1.0000000000
5845  -14.505  -78.884  6.745 1.0000000000
5857  -6.067  -79.108  5.459 1.0000000000
5859  -7.566  -78.697  5.810 1.0000000000
5863  -12.490  -79.169  5.562 1.0000000000
5913  -1.843  -78.557  1.002 0.5000000000
6341  -1.898  -77.187  23.300 0.5000000000
6342  -2.334  -76.714  22.867 0.5000000000
6363  -5.355  -77.221  22.221 1.0000000000
6364  -6.171  -77.360  22.098 1.0000000000
6386  -6.272  -77.774  21.537 1.0000000000
6400  -0.687  -77.103  20.072 0.6000000238
6401  -1.649  -77.550  20.607 0.6000000238
6402  -2.309  -78.136  21.127 0.6000000238
6403  -4.585  -77.794  20.937 1.0000000000
6415  0.067  -76.773  19.631 0.8000000119
6428  -3.885  -78.088  17.966 1.0000000000
6437  0.180  -76.965  17.022 1.0000000000
6438  -3.607  -77.640  17.164 1.0000000000
6440  -9.372  -77.307  17.882 1.0000000000
6493  -0.322  -76.726  12.741 1.0000000000
6494  -1.165  -76.169  12.066 1.0000000000
6495  -1.840  -76.374  12.036 1.0000000000
6496  -10.005  -78.675  14.668 1.0000000000
6510  -12.979  -76.822  12.954 1.0000000000
6523  -14.778  -77.618  10.555 1.0000000000
6541  -12.940  -77.142  8.248 1.0000000000
6551  -2.004  -77.069  7.021 1.0000000000
6563  -14.489  -77.830  7.907 1.0000000000
6574  -2.337  -77.491  6.621 1.0000000000
6578  -6.951  -77.699  6.848 1.0000000000
6581  -10.167  -78.009  6.950 1.0000000000
6596  -1.846  -78.051  4.657 1.0000000000
6597  -2.179  -77.203  4.631 1.0000000000
6999  -6.601  -76.245  23.129 1.0000000000
7005  -4.693  -76.293  22.505 1.0000000000
7044  -4.285  -76.258  20.781 1.0000000000
7064  0.232  -76.262  19.038 0.8000000119
7076  -4.060  -76.593  17.807 1.0000000000
7100  -3.239  -76.146  15.515 1.0000000000
7101  -10.728  -75.960  16.518 1.0000000000
7160  -14.226  -76.215  10.607 1.0000000000
7180  -1.915  -76.158  7.730 1.0000000000
7188  -9.485  -76.592  8.605 1.0000000000
7205  -6.501  -76.720  7.871 1.0000000000
7207  -8.555  -77.035  7.859 1.0000000000
7209  -9.937  -76.951  8.147 1.0000000000
7221  -2.018  -76.722  6.700 1.0000000000
7229  -2.233  -77.058  5.959 1.0000000000
7720  -6.018  -74.946  24.091 1.0000000000
7721  -6.876  -75.013  24.146 1.0000000000
7734  -5.513  -75.470  23.597 1.0000000000
7749  -2.025  -75.115  22.382 0.5000000000
7750  -2.398  -75.825  23.092 0.5000000000
7766  -0.186  -75.225  21.008 0.6000000238
7791  -8.486  -76.386  19.984 1.0000000000
7805  -8.723  -75.255  19.665 1.0000000000
7816  0.221  -75.690  18.416 1.0000000000
7827  -4.109  -75.132  17.344 1.0000000000
7849  -0.937  -75.312  15.047 1.0000000000
7852  -10.179  -74.821  16.687 1.0000000000
7906  -11.958  -74.964  11.750 1.0000000000
7907  -12.845  -75.294  11.959 1.0000000000
7908  -13.571  -75.687  11.849 1.0000000000
7917  -7.705  -74.859  10.152 1.0000000000
7918  -8.683  -75.210  10.235 1.0000000000
7923  -14.041  -75.881  11.205 1.0000000000
7933  -1.620  -74.888  9.075 1.0000000000
7941  -10.246  -75.769  9.917 1.0000000000
7942  -11.251  -75.731  10.115 1.0000000000
7957  -7.146  -75.872  9.003 1.0000000000
7987  -2.802  -76.120  5.418 0.8999999762
8026  -2.384  -75.991  3.109 0.8000000119
8550  -8.335  -74.292  24.587 1.0000000000
8560  -8.732  -74.943  24.005 1.0000000000
8582  -0.544  -74.080  21.244 0.8000000119
8583  -1.255  -74.526  21.772 0.6000000238
8587  -11.325  -74.259  21.457 1.0000000000
8602  0.194  -74.289  20.047 0.8000000119
8623  0.206  -74.573  19.084 0.8000000119
8625  -8.286  -74.380  19.423 1.0000000000
8641  -4.249  -74.730  19.072 1.0000000000
8643  -7.806  -73.624  19.296 1.0000000000
8651  -3.426  -73.879  17.307 1.0000000000
8652  -7.705  -73.921  18.291 1.0000000000
8667  -9.355  -73.905  16.517 1.0000000000
8735  -9.610  -74.292  11.645 1.0000000000
8736  -10.462  -74.419  11.946 1.0000000000
8737  -11.376  -74.572  12.328 1.0000000000
8763  -1.382  -74.311  9.519 1.0000000000
8765  -3.393  -74.610  9.872 1.0000000000
8794  -1.531  -75.082  7.878 1.0000000000
8838  -3.470  -74.344  5.137 1.0000000000
8877  -2.146  -74.256  0.226 0.6000000238
9346  -6.078  -73.611  24.349 1.0000000000
9349  -10.010  -73.739  24.523 1.0000000000
9358  -4.942  -74.179  23.046 1.0000000000
9386  -11.836  -73.706  21.800 1.0000000000
9435  0.256  -73.030  17.684 1.0000000000
9438  -3.660  -73.336  18.563 1.0000000000
9449  0.221  -72.494  17.199 1.0000000000
9464  -1.950  -73.584  16.455 1.0000000000
9529  -2.292  -72.501  12.212 1.0000000000
9534  -9.548  -73.295  12.638 1.0000000000
9540  -2.303  -73.059  11.504 1.0000000000
9555  -1.621  -73.625  10.600 1.0000000000
9559  -6.673  -73.700  10.557 1.0000000000
9651  -3.509  -73.530  5.522 1.0000000000
9665  -2.344  -73.970  3.444 0.8999999762
9682  -1.621  -73.129  1.966 0.8999999762
9698  -1.643  -72.914  0.957 0.6000000238
10208  -7.285  -72.626  24.895 1.0000000000
10229  -2.545  -72.353  22.912 0.5000000000
10233  -12.822  -72.410  22.061 1.0000000000
10243  -4.702  -72.898  21.271 1.0000000000
10254  -4.228  -72.440  20.178 1.0000000000
10256  -12.666  -72.917  19.813 1.0000000000
10290  -2.790  -72.052  18.050 1.0000000000
10293  -7.459  -72.056  19.379 1.0000000000
10294  -8.320  -72.202  19.111 1.0000000000
10296  -12.036  -73.113  18.444 1.0000000000
10307  -0.923  -72.090  16.654 1.0000000000
10325  0.134  -72.532  16.816 1.0000000000
10326  -0.417  -72.576  16.686 1.0000000000
10346  -6.689  -71.813  16.340 1.0000000000
10367  -3.773  -71.843  14.074 1.0000000000
10368  -4.758  -71.414  13.696 1.0000000000
10370  -6.872  -71.290  14.115 1.0000000000
10380  -1.996  -71.817  13.388 1.0000000000
10385  -7.250  -71.494  13.503 1.0000000000
10394  -2.183  -72.220  12.461 1.0000000000
10397  -4.223  -71.979  12.202 1.0000000000
10459  -1.385  -73.525  9.448 1.0000000000
10497  -3.447  -72.751  5.789 1.0000000000
10603  -1.845  -72.697  0.264 0.5000000000
11164  -6.745  -71.212  24.123 1.0000000000
11179  -2.637  -70.780  22.444 0.6000000238
11193  -1.624  -71.072  21.531 0.6999999881
11196  -5.328  -71.057  21.572 1.0000000000
11239  0.214  -71.950  17.421 1.0000000000
11260  -0.101  -71.291  16.848 1.0000000000
11262  -2.119  -71.481  17.330 1.0000000000
11265  -10.250  -71.730  17.149 1.0000000000
11324  -1.998  -70.736  14.737 1.0000000000
11325  -2.694  -71.222  14.734 1.0000000000
11328  -6.305  -71.110  14.557 1.0000000000
11376  -1.967  -72.316  10.915 1.0000000000
11478  -1.569  -71.286  4.073 0.8999999762
12138  -8.193  -69.821  23.926 1.0000000000
12153  -2.512  -70.049  22.289 0.6000000238
12156  -7.427  -69.353  23.509 1.0000000000
12157  -12.084  -71.337  23.466 1.0000000000
12158  -12.724  -71.107  23.055 1.0000000000
12176  -0.578  -70.412  20.487 0.8000000119
12185  -3.370  -69.775  19.059 1.0000000000
12193  0.159  -71.314  17.260 1.0000000000
12204  -9.278  -70.616  17.079 1.0000000000
12214  -7.881  -69.861  16.961 1.0000000000
12217  -11.417  -70.632  16.592 1.0000000000
12321  -3.133  -70.471  8.195 1.0000000000
12415  -1.434  -70.225  2.925 0.8000000119
13020  -2.778  -69.430  22.768 0.5000000000
13036  -6.944  -69.047  22.747 1.0000000000
13039  -13.590  -70.020  22.849 1.0000000000
13043  -0.587  -69.774  21.110 0.6999999881
13045  -5.206  -69.682  20.638 1.0000000000
13054  -4.782  -69.083  19.983 1.0000000000
13058  -0.525  -69.315  19.327 0.8999999762
13069  -1.255  -69.744  18.094 1.0000000000
13090  -8.572  -69.296  16.308 1.0000000000
13140  -2.180  -69.402  13.354 1.0000000000
13254  -1.818  -69.335  6.193 1.0000000000
13318  -1.861  -68.985  2.220 0.6000000238
13911  -8.520  -68.826  24.436 1.0000000000
13927  -0.597  -68.970  23.481 0.6000000238
13931  -9.122  -69.237  24.374 1.0000000000
13933  -11.838  -69.295  24.227 1.0000000000
13949  -6.870  -68.712  22.945 1.0000000000
13964  0.135  -68.898  21.639 0.6999999881
13967  -6.136  -68.180  21.796 1.0000000000
13968  -16.103  -69.035  21.118 1.0000000000
13981  -4.302  -67.496  20.344 1.0000000000
14003  -0.973  -68.822  18.865 1.0000000000
14004  -1.427  -69.039  18.518 1.0000000000
14033  -8.509  -68.565  16.023 1.0000000000
14048  -6.613  -68.319  15.268 1.0000000000
14828  -7.716  -67.465  25.701 1.0000000000
14830  -9.614  -67.517  26.045 1.0000000000
14843  -6.615  -67.942  24.297 1.0000000000
14844  -7.379  -68.129  24.773 1.0000000000
14858  -5.679  -67.732  23.007 1.0000000000
14887  -5.440  -67.739  21.479 1.0000000000
14903  -1.861  -66.798  19.763 1.0000000000
14904  -3.600  -66.988  20.285 1.0000000000
14920  -1.006  -67.507  19.419 0.8999999762
14921  -1.526  -67.115  19.125 1.0000000000
14967  -10.046  -67.839  16.756 1.0000000000
14981  -2.714  -67.302  14.836 1.0000000000
14985  -6.492  -67.392  15.291 1.0000000000
15025  -2.446  -68.219  13.561 1.0000000000
15112  -1.482  -67.839  6.646 1.0000000000
15172  -2.498  -66.961  2.667 0.5000000000
15792  -6.184  -66.777  25.462 1.0000000000
15793  -7.826  -66.502  26.075 1.0000000000
15799  -13.017  -66.275  25.469 1.0000000000
15811  -15.776  -66.698  24.449 1.0000000000
15817  -4.124  -66.700  23.438 1.0000000000
15833  -3.658  -66.683  22.489 0.8999999762
15847  -1.818  -66.571  21.092 0.8999999762
15887  -20.460  -66.835  19.678 1.0000000000
15899  -7.370  -65.746  19.116 1.0000000000
15907  -16.510  -67.123  18.505 1.0000000000
15920  -5.061  -66.080  17.167 1.0000000000
15923  -7.632  -66.234  18.361 1.0000000000
15955  -1.546  -66.449  15.174 1.0000000000
15960  -6.310  -66.733  15.601 1.0000000000
15981  -1.842  -67.081  14.738 1.0000000000
15992  -0.764  -66.413  13.335 0.8999999762
16054  -1.433  -66.690  7.424 1.0000000000
16122  -2.804  -65.963  2.986 0.5000000000
16758  -4.224  -65.351  25.205 1.0000000000
16761  -7.373  -65.820  26.001 1.0000000000
16767  -13.135  -65.517  25.401 1.0000000000
16773  -0.997  -65.574  25.331 0.6000000238
16809  -3.273  -66.459  22.469 0.8000000119
16810  -23.258  -65.210  20.694 1.0000000000
16822  -22.326  -66.088  20.104 1.0000000000
16835  -7.860  -65.464  19.745 1.0000000000
16836  -18.841  -65.991  18.696 1.0000000000
16840  -22.658  -65.600  19.514 1.0000000000
16858  -18.931  -65.258  18.718 1.0000000000
16863  -1.744  -65.060  17.081 1.0000000000
16872  -1.079  -65.097  16.024 0.8999999762
16873  -1.483  -65.459  16.337 0.8999999762
16911  -0.723  -65.752  13.748 0.8999999762
17716  -5.087  -64.911  25.505 1.0000000000
17722  -14.003  -64.613  24.995 1.0000000000
17748  -2.914  -64.854  24.579 0.6999999881
17752  -9.651  -63.541  24.237 1.0000000000
17773  -23.979  -64.249  19.401 1.0000000000
17785  -7.433  -64.642  18.815 1.0000000000
17796  -5.591  -63.934  18.077 1.0000000000
17797  -6.439  -64.483  18.224 1.0000000000
17804  -15.173  -63.815  18.422 1.0000000000
17806  -17.389  -64.362  18.593 1.0000000000
17816  -1.507  -64.355  17.320 0.8999999762
17824  -0.951  -64.293  16.409 0.8999999762
17862  -0.593  -65.005  13.999 0.8999999762
17887  -0.811  -64.481  11.176 0.8999999762
18650  -5.936  -63.765  25.377 1.0000000000
18658  -0.595  -63.896  24.816 0.6000000238
18659  -2.972  -63.150  24.718 0.8000000119
18661  -5.512  -63.289  25.276 1.0000000000
18667  -17.051  -63.774  24.117 1.0000000000
18680  -10.783  -63.278  23.529 1.0000000000
18696  -11.204  -62.743  23.014 1.0000000000
18705  -22.732  -64.061  22.309 1.0000000000
18723  -7.546  -64.228  18.668 1.0000000000
18732  -3.514  -63.184  18.104 0.8999999762
18739  -11.170  -63.916  18.089 1.0000000000
18744  -17.323  -62.985  18.328 1.0000000000
18751  -23.987  -63.514  18.582 1.0000000000
18759  -2.356  -63.530  18.031 0.8999999762
18826  -0.877  -63.492  11.066 0.8999999762
18871  -3.129  -61.778  6.452 0.6000000238
19688  -5.489  -61.972  24.259 0.8999999762
19689  -6.552  -62.139  23.864 1.0000000000
19690  -15.396  -62.644  22.860 1.0000000000
19701  -12.597  -62.228  22.906 1.0000000000
19706  -18.776  -62.297  22.726 1.0000000000
19733  -1.398  -61.930  17.898 0.8999999762
19740  -8.301  -63.329  17.884 1.0000000000
19770  -13.123  -62.322  17.384 1.0000000000
19780  -0.952  -62.504  17.482 0.8999999762
19879  -2.880  -61.486  7.262 0.6000000238
20656  -4.622  -61.607  23.917 0.8000000119
20669  -7.552  -61.809  22.486 1.0000000000
20670  -8.250  -62.194  22.551 1.0000000000
20671  -10.888  -61.696  22.080 1.0000000000
20680  -19.119  -61.873  22.619 1.0000000000
20690  -10.261  -61.319  21.828 1.0000000000
20708  -2.001  -61.397  17.987 0.8999999762
20714  -16.119  -61.898  17.800 1.0000000000
20716  -18.213  -61.472  17.649 1.0000000000
20727  -7.074  -61.763  17.039 1.0000000000
20728  -8.255  -62.219  16.903 1.0000000000
20741  -24.563  -61.779  17.974 1.0000000000
20744  -0.538  -61.337  16.713 0.8999999762
20747  -9.707  -61.527  16.331 1.0000000000
20773  -0.556  -61.164  13.546 0.8000000119
20799  -1.898  -60.482  11.086 0.6000000238
20800  -2.812  -60.280  11.025 0.6000000238
21569  -18.052  -60.329  24.414 0.8000000119
21572  -21.287  -60.146  24.458 0.8000000119
21597  -1.690  -60.457  22.442 0.6000000238
21598  -2.877  -60.539  22.546 0.6999999881
21601  -5.880  -60.975  22.321 0.8000000119
21604  -13.259  -60.289  23.442 1.0000000000
21606  -15.052  -61.418  23.365 1.0000000000
21614  -4.522  -60.252  21.916 0.8000000119
21616  -6.270  -60.630  21.714 0.6999999881
21627  -7.533  -60.234  21.110 1.0000000000
21639  -1.304  -60.176  18.262 0.8999999762
21643  -17.863  -60.895  17.370 1.0000000000
21656  -13.020  -61.203  16.734 1.0000000000
21659  -15.742  -60.771  17.200 1.0000000000
21665  -21.884  -60.321  17.771 1.0000000000
21668  -24.531  -61.098  17.765 1.0000000000
21669  -25.598  -60.201  17.763 1.0000000000
21678  -10.932  -60.729  16.053 1.0000000000
21700  -0.894  -59.941  13.603 0.6999999881
21756  -2.517  -60.320  10.928 0.6000000238
22518  -13.726  -59.402  23.536 1.0000000000
22527  -11.823  -59.548  22.367 1.0000000000
22542  -9.147  -59.682  21.074 1.0000000000
22544  -11.314  -59.061  21.845 1.0000000000
22573  -1.628  -59.431  18.332 0.8999999762
22588  -17.007  -60.133  16.774 1.0000000000
22592  -21.790  -59.117  17.472 1.0000000000
22609  -13.799  -59.365  15.887 1.0000000000
22610  -14.810  -59.685  16.255 1.0000000000
22623  -9.412  -59.015  15.431 1.0000000000
22625  -11.324  -59.417  15.585 1.0000000000
22626  -12.464  -59.299  15.668 1.0000000000
23464  -14.275  -58.727  23.425 0.8999999762
23469  -19.321  -57.737  24.048 0.8000000119
23498  -27.565  -58.791  20.889 0.8999999762
23513  -13.229  -58.063  20.824 0.8000000119
23516  -28.053  -59.160  19.933 0.8999999762
23535  -0.993  -58.689  17.994 0.8999999762
23537  -2.106  -58.720  18.318 0.8999999762
23540  -27.132  -58.935  17.700 0.8999999762
23568  -6.128  -58.481  16.748 0.8999999762
23590  -13.708  -58.707  15.475 1.0000000000
24455  -17.374  -58.228  23.655 0.8000000119
24458  -19.723  -57.054  23.549 0.6999999881
24488  -16.212  -58.045  21.974 0.8000000119
24499  -15.272  -57.401  20.270 0.8000000119
24524  -29.350  -57.330  18.800 0.8999999762
24542  -10.882  -56.982  17.913 0.6000000238
24547  -28.236  -58.204  17.480 0.8999999762
24573  -6.012  -57.284  16.442 0.8999999762
24575  -16.810  -58.062  15.669 1.0000000000
24576  -17.550  -58.058  15.800 1.0000000000
24590  -12.321  -57.998  14.906 1.0000000000
24593  -15.613  -57.458  15.190 1.0000000000
24605  -13.431  -57.151  14.706 1.0000000000
25473  -24.815  -55.952  25.001 0.6000000238
25519  -28.248  -57.163  21.679 0.8000000119
25529  -29.471  -56.578  18.844 0.8000000119
25581  -17.004  -56.030  17.075 0.6000000238
25608  -1.609  -55.981  16.881 0.6999999881
25622  -7.940  -56.608  15.537 1.0000000000
25625  -15.913  -56.701  14.973 1.0000000000
25630  -20.085  -55.896  15.884 1.0000000000
25640  -14.487  -56.257  14.576 1.0000000000
25641  -15.429  -56.124  14.671 1.0000000000
26498  -26.552  -55.149  24.349 0.6000000238
26499  -27.295  -55.168  23.847 0.5000000000
26594  -28.947  -55.931  17.562 0.8999999762
26595  -29.389  -55.925  18.048 0.8999999762
26628  -27.185  -55.991  18.482 0.8999999762
26645  -24.864  -54.979  17.822 0.8999999762
26680  -15.103  -55.151  14.284 1.0000000000
26699  -14.949  -54.627  14.168 1.0000000000
27491  -25.968  -54.306  24.032 0.4000000060
27539  -28.973  -54.463  22.057 0.5000000000
27563  -29.635  -54.451  20.798 0.6000000238
27589  -29.991  -54.551  19.391 0.6999999881
27616  -29.367  -53.989  18.351 0.6999999881
27665  -21.167  -54.742  15.973 1.0000000000
27671  -6.534  -53.630  16.302 0.8000000119
27685  -12.676  -53.773  14.798 0.8000000119
27701  -3.973  -54.132  13.400 0.5000000000
28478  -25.829  -54.168  23.834 0.4000000060
28570  -25.127  -53.523  18.172 0.6000000238
28594  -4.062  -52.792  15.715 0.6000000238
28602  -3.855  -52.893  15.398 0.6000000238
28610  -18.670  -53.385  14.691 1.0000000000
28611  -19.450  -53.565  14.983 1.0000000000
28612  -20.185  -53.742  15.398 1.0000000000
28619  -3.741  -52.639  15.002 0.6000000238
28622  -13.354  -53.275  15.371 0.8000000119
29520  -4.569  -52.251  15.563 0.6000000238
29554  -17.935  -53.178  14.469 0.8999999762
30476  -23.331  -51.657  17.023 0.6999999881
31483  -18.778  -50.000  14.796 0.5000000000
32395  -24.461  -49.269  17.593 0.5000000000
32415  -23.413  -49.628  17.080 0.5000000000
32435  -20.655  -49.384  15.625 0.6000000238
33431  -16.907  -48.549  14.071 0.4000000060
116223  -2.946  -74.148  4.152 1.0000000000
116369  -0.677  -83.556  13.720 0.8999999762
116424  -0.299  -79.443  17.903 0.8999999762
116460  -0.721  -84.320  11.542 0.8999999762
116499  -2.036  -77.248  1.897 0.6000000238
116500  -1.737  -68.978  11.991 1.0000000000
116737  -1.360  -70.404  3.720 0.8999999762
117126  -2.011  -69.785  11.125 1.0000000000
117497  -11.092  -64.094  24.721 1.0000000000
117576  -2.604  -90.184  6.873 0.6999999881
117749  -1.636  -69.745  2.389 0.6999999881
117941  -0.543  -81.115  15.487 1.0000000000
118344  -2.820  -66.876  19.970 1.0000000000
118864  -13.278  -84.783  8.145 1.0000000000
118899  -5.475  -69.859  15.215 1.0000000000
118947  -0.301  -80.632  14.766 1.0000000000
119017  -0.531  -80.656  16.466 1.0000000000
119045  -0.006  -75.436  16.427 1.0000000000
119062  -2.101  -62.066  18.506 0.8999999762
119573  -3.449  -90.168  4.220 1.0000000000
120195  -6.728  -81.381  7.166 1.0000000000
120320  -14.871  -80.912  8.194 1.0000000000
120344  -2.743  -68.951  13.106 1.0000000000
120422  -0.645  -83.851  7.723 0.8999999762
120434  -19.004  -50.759  14.832 0.5000000000
120520  -14.508  -81.775  7.193 1.0000000000
120712  -14.884  -55.690  14.429 1.0000000000
120884  -26.193  -61.425  18.660 1.0000000000
120923  -10.783  -86.811  -0.394 0.8000000119
120943  -9.753  -66.007  19.167 1.0000000000
120965  -12.733  -61.807  22.775 1.0000000000
121002  -0.627  -64.039  12.361 0.8999999762
121010  -1.945  -84.782  9.544 0.8999999762
121023  -7.926  -84.471  6.429 1.0000000000
121746  -1.208  -60.745  18.117 0.8999999762
121997  -0.356  -60.775  15.656 0.8999999762
122070  -18.473  -85.326  -4.665 0.8000000119
122371  -1.509  -85.448  16.821 0.8000000119
122441  -1.905  -65.838  4.807 1.0000000000
122585  -2.909  -79.839  12.662 1.0000000000
122717  -1.346  -56.633  16.807 0.6999999881
122909  -2.211  -88.982  8.564 0.6999999881
123020  -7.217  -62.294  23.556 0.8999999762
123143  -8.113  -55.887  15.391 0.8999999762
123191  -16.728  -52.900  14.242 0.8000000119
123314  -6.830  -92.081  7.438 0.6000000238
123419  -3.682  -80.062  14.216 1.0000000000
123553  -24.715  -54.771  24.411 0.5000000000
123582  -0.572  -74.753  21.259 0.6000000238
124486  -12.307  -66.155  18.525 1.0000000000
124726  -9.932  -78.008  16.067 1.0000000000
124798  -5.888  -65.308  25.681 1.0000000000
124956  -4.486  -73.913  20.761 1.0000000000
125232  -0.186  -70.609  19.003 0.8999999762
125233  -6.250  -57.857  16.539 0.8999999762
125267  -10.115  -89.996  -0.058 1.0000000000
125478  -0.577  -79.462  11.277 1.0000000000
125569  -5.011  -66.386  16.384 1.0000000000
126043  -2.708  -62.298  17.984 0.8999999762
126251  -3.417  -53.227  15.017 0.6000000238
126325  -6.034  -79.940  16.016 1.0000000000
126393  -1.937  -89.178  5.501 1.0000000000
126576  -5.039  -83.770  4.848 1.0000000000
127226  -15.741  -90.612  2.822 0.6999999881
127311  -5.980  -82.724  5.830 1.0000000000
127692  -2.944  -65.026  24.039 0.8999999762
127766  -7.856  -78.218  19.512 1.0000000000
128023  -0.217  -68.112  24.385 0.6000000238
128348  -5.608  -70.833  14.592 1.0000000000
128708  -8.250  -62.461  23.114 1.0000000000
128719  -7.336  -89.168  5.897 1.0000000000
129044  -6.558  -89.508  2.604 1.0000000000
129103  -9.921  -70.278  16.468 1.0000000000
129131  -10.987  -84.672  2.797 0.8999999762
129319  -7.896  -59.652  20.747 0.8999999762
129331  -1.614  -84.514  3.978 0.8999999762
129335  -16.908  -83.581  3.084 0.8999999762
129422  -4.218  -82.528  11.619 0.6000000238
129444  -10.244  -89.831  0.002 1.0000000000
129470  -7.858  -85.956  9.083 1.0000000000
129599  -0.462  -62.950  15.997 0.8999999762
129721  -4.351  -57.515  17.260 0.8999999762
130022  -9.407  -75.244  20.803 1.0000000000
130202  -11.192  -58.079  19.299 0.8999999762
130347  -6.499  -90.937  5.033 0.8999999762
130456  -21.302  -66.528  21.250 1.0000000000
130617  -20.764  -58.740  17.028 1.0000000000
130661  -0.602  -71.461  16.741 1.0000000000
131009  -7.487  -72.860  19.299 1.0000000000
131032  -1.444  -60.809  18.546 0.8999999762
131263  -13.596  -59.809  16.213 1.0000000000
131417  -16.384  -63.705  18.526 1.0000000000
131526  -4.125  -76.464  8.136 1.0000000000
131575  -10.158  -73.351  18.757 1.0000000000
132230  -9.270  -78.630  6.087 1.0000000000
132318  -15.749  -69.148  21.787 1.0000000000
132372  -12.503  -80.517  4.354 1.0000000000
132595  -6.389  -86.330  6.973 1.0000000000
132780  -1.834  -72.078  4.071 0.8999999762
132841  -13.054  -90.084  -0.884 1.0000000000
132864  -1.866  -70.438  11.976 1.0000000000
133242  -1.926  -69.953  21.842 0.6000000238
133267  -2.228  -74.009  7.647 1.0000000000
133275  -14.680  -90.642  2.849 0.8000000119
133280  -18.490  -55.008  17.572 0.5000000000
133575  -4.266  -78.897  5.565 1.0000000000
133587  -2.222  -77.113  6.209 1.0000000000
134174  -9.318  -74.842  23.829 1.0000000000
134433  -7.998  -79.812  9.420 1.0000000000
134488  -2.316  -62.048  23.758 0.6000000238
134543  -1.575  -67.249  5.376 1.0000000000
134579  -20.006  -61.148  17.681 1.0000000000
134589  -9.837  -70.127  24.211 1.0000000000
135049  -1.171  -85.838  14.197 0.8000000119
135335  -6.032  -88.471  -2.201 0.5000000000
135535  -4.016  -68.397  13.794 1.0000000000
135563  -9.732  -79.402  5.214 1.0000000000
135599  -2.340  -89.478  8.694 0.6999999881
135718  -13.520  -86.386  6.226 1.0000000000
136189  -5.146  -90.139  2.755 1.0000000000
136192  -2.419  -79.470  20.792 0.5000000000
136235  -0.959  -65.623  10.801 0.8999999762
136268  -0.632  -68.246  20.071 0.8999999762
136411  -8.352  -63.865  18.482 1.0000000000
136471  -6.698  -80.184  4.483 1.0000000000
136549  -5.859  -70.263  15.470 1.0000000000
136619  -1.194  -83.728  16.419 0.8999999762
136633  -10.267  -65.792  25.953 1.0000000000
136651  -0.243  -68.927  20.193 0.8000000119
136657  -6.137  -85.226  5.125 1.0000000000
136670  -14.344  -87.107  5.173 0.8999999762
136705  -10.096  -80.580  8.663 1.0000000000
136767  -4.623  -80.568  8.130 1.0000000000
136779  -1.532  -79.986  18.692 0.6000000238
136817  -1.889  -71.398  13.223 1.0000000000
136904  -2.846  -71.163  5.999 1.0000000000
136965  -4.511  -90.470  4.507 0.8999999762
137293  -15.363  -78.457  8.340 1.0000000000
137399  -2.963  -79.694  14.079 1.0000000000
137440  -26.222  -55.659  24.584 0.4000000060
137453  -11.208  -82.007  3.169 1.0000000000
137556  -14.051  -82.307  11.009 1.0000000000
137768  -9.411  -83.301  7.855 1.0000000000
137786  -4.776  -82.728  8.928 0.6000000238
137813  -9.254  -86.874  -0.238 0.6999999881
137860  -0.598  -82.596  11.660 0.8999999762
137919  -4.828  -79.846  18.055 1.0000000000
137985  -4.932  -73.620  22.578 1.0000000000
138123  -17.935  -59.047  16.320 1.0000000000
138169  -10.029  -63.849  24.594 1.0000000000
138313  -13.585  -63.727  24.078 1.0000000000
138315  -7.679  -79.396  14.442 1.0000000000
138398  -7.585  -79.311  17.547 1.0000000000
138484  -3.797  -72.765  19.385 1.0000000000
138524  -21.899  -48.520  16.273 0.5000000000
138606  -6.630  -92.253  7.803 0.5000000000
138731  -18.144  -86.132  -0.820 0.8999999762
138779  -11.512  -64.289  18.296 1.0000000000
138883  -3.184  -62.096  6.076 0.6999999881
138935  -13.058  -90.633  1.478 0.8000000119
138993  -16.040  -83.566  7.418 1.0000000000
138995  -17.677  -90.162  0.630 0.8000000119
138998  -15.815  -89.247  -2.559 0.8999999762
139139  -8.052  -64.191  18.784 1.0000000000
139232  -9.274  -63.665  24.546 1.0000000000
139314  0.259  -75.461  19.964 0.8000000119
139331  -17.612  -84.060  1.509 0.8999999762
139380  -6.392  -69.228  21.523 1.0000000000
139414  -16.974  -55.948  14.789 1.0000000000
139602  -0.961  -79.590  3.263 0.8000000119
139657  -21.991  -59.664  17.638 1.0000000000
139819  -1.031  -83.758  5.943 0.8999999762
139869  -17.571  -85.382  3.196 0.8999999762
140072  -1.167  -65.176  24.925 0.5000000000
140314  -9.337  -73.765  12.005 1.0000000000
140356  -1.431  -86.055  15.213 0.8000000119
140492  -2.671  -64.103  3.955 0.5000000000
140546  -17.868  -60.514  17.121 1.0000000000
140595  -4.572  -64.776  17.793 1.0000000000
140673  -16.812  -67.469  23.559 1.0000000000
