
Sun Mar 15 08:12:30 CET 2026
cd /out/sourcedata/freesurfer/sub-v2s10x28989_ses-1
setenv SUBJECTS_DIR /out/sourcedata/freesurfer
/opt/freesurfer/bin/recon-all -autorecon1 -i /work/fmriprep_25_2_wf/sub_v2s10x28989_ses_1_wf/anat_fit_wf/anat_validate/sub-v2s10x28989_ses-1_run-1_T1w_noise_corrected_ras_valid.nii.gz -noskullstrip -noT2pial -noFLAIRpial -openmp 16 -subjid sub-v2s10x28989_ses-1 -sd /out/sourcedata/freesurfer

subjid sub-v2s10x28989_ses-1
setenv SUBJECTS_DIR /out/sourcedata/freesurfer
FREESURFER_HOME /opt/freesurfer
Actual FREESURFER_HOME /opt/freesurfer
build-stamp.txt: freesurfer-linux-ubuntu22_x86_64-7.3.2-20220804-6354275
Linux dna058 5.14.0-427.37.1.el9_4.x86_64 #1 SMP PREEMPT_DYNAMIC Fri Sep 13 12:41:50 EDT 2024 x86_64 x86_64 x86_64 GNU/Linux
cputime      unlimited
filesize     unlimited
datasize     unlimited
stacksize    8192 kbytes
coredumpsize 0 kbytes
memoryuse    67108864 kbytes
vmemoryuse   unlimited
descriptors  1024 
memorylocked unlimited
maxproc      2061970 
maxlocks     unlimited
maxsignal    2061970 
maxmessage   819200 
maxnice      0 
maxrtprio    0 
maxrttime    unlimited

               total        used        free      shared  buff/cache   available
Mem:           503Gi        54Gi        89Gi        18Gi       359Gi       426Gi
Swap:             0B          0B          0B

########################################
program versions used
7.3.2 (freesurfer-linux-ubuntu22_x86_64-7.3.2-20220804-6354275)
7.3.2

ProgramName: lta_convert  ProgramArguments: lta_convert -all-info  ProgramVersion: 7.3.2  TimeStamp: 2026/03/15-07:12:30-GMT  BuildTime: Aug  4 2022 06:17:15  BuildStamp: freesurfer-linux-ubuntu22_x86_64-7.3.2-20220804-6354275  User: oesteban  Machine: dna058  Platform: Linux  PlatformVersion: 5.14.0-427.37.1.el9_4.x86_64  CompilerName: GCC  CompilerVersion: 8.4.0
ProgramName: mri_and  ProgramArguments: mri_and -all-info  ProgramVersion: 7.3.2  TimeStamp: 2026/03/15-07:12:30-GMT  BuildTime: Aug  4 2022 06:17:15  BuildStamp: freesurfer-linux-ubuntu22_x86_64-7.3.2-20220804-6354275  User: oesteban  Machine: dna058  Platform: Linux  PlatformVersion: 5.14.0-427.37.1.el9_4.x86_64  CompilerName: GCC  CompilerVersion: 8.4.0
ProgramName: mri_annotation2label  ProgramArguments: mri_annotation2label -all-info  ProgramVersion: 7.3.2  TimeStamp: 2026/03/15-07:12:30-GMT  BuildTime: Aug  4 2022 06:17:15  BuildStamp: freesurfer-linux-ubuntu22_x86_64-7.3.2-20220804-6354275  User: oesteban  Machine: dna058  Platform: Linux  PlatformVersion: 5.14.0-427.37.1.el9_4.x86_64  CompilerName: GCC  CompilerVersion: 8.4.0
ProgramName: mri_aparc2aseg  ProgramArguments: mri_aparc2aseg -all-info  ProgramVersion: 7.3.2  TimeStamp: 2026/03/15-07:12:30-GMT  BuildTime: Aug  4 2022 06:17:15  BuildStamp: freesurfer-linux-ubuntu22_x86_64-7.3.2-20220804-6354275  User: oesteban  Machine: dna058  Platform: Linux  PlatformVersion: 5.14.0-427.37.1.el9_4.x86_64  CompilerName: GCC  CompilerVersion: 8.4.0
ProgramName: mri_surf2volseg  ProgramArguments: mri_surf2volseg -all-info  ProgramVersion: 7.3.2  TimeStamp: 2026/03/15-07:12:30-GMT  BuildTime: Aug  4 2022 06:17:15  BuildStamp: freesurfer-linux-ubuntu22_x86_64-7.3.2-20220804-6354275  User: oesteban  Machine: dna058  Platform: Linux  PlatformVersion: 5.14.0-427.37.1.el9_4.x86_64  CompilerName: GCC  CompilerVersion: 8.4.0
ProgramName: mri_binarize  ProgramArguments: mri_binarize -all-info  ProgramVersion: 7.3.2  TimeStamp: 2026/03/15-07:12:30-GMT  BuildTime: Aug  4 2022 06:17:15  BuildStamp: freesurfer-linux-ubuntu22_x86_64-7.3.2-20220804-6354275  User: oesteban  Machine: dna058  Platform: Linux  PlatformVersion: 5.14.0-427.37.1.el9_4.x86_64  CompilerName: GCC  CompilerVersion: 8.4.0
ProgramName: mri_ca_label  ProgramArguments: mri_ca_label -all-info  ProgramVersion: 7.3.2  TimeStamp: 2026/03/15-07:12:30-GMT  BuildTime: Aug  4 2022 06:17:15  BuildStamp: freesurfer-linux-ubuntu22_x86_64-7.3.2-20220804-6354275  User: oesteban  Machine: dna058  Platform: Linux  PlatformVersion: 5.14.0-427.37.1.el9_4.x86_64  CompilerName: GCC  CompilerVersion: 8.4.0
ProgramName: mri_ca_normalize  ProgramArguments: mri_ca_normalize -all-info  ProgramVersion: 7.3.2  TimeStamp: 2026/03/15-07:12:30-GMT  BuildTime: Aug  4 2022 06:17:15  BuildStamp: freesurfer-linux-ubuntu22_x86_64-7.3.2-20220804-6354275  User: oesteban  Machine: dna058  Platform: Linux  PlatformVersion: 5.14.0-427.37.1.el9_4.x86_64  CompilerName: GCC  CompilerVersion: 8.4.0
ProgramName: mri_ca_register  ProgramArguments: mri_ca_register -all-info  ProgramVersion: 7.3.2  TimeStamp: 2026/03/15-07:12:30-GMT  BuildTime: Aug  4 2022 06:17:15  BuildStamp: freesurfer-linux-ubuntu22_x86_64-7.3.2-20220804-6354275  User: oesteban  Machine: dna058  Platform: Linux  PlatformVersion: 5.14.0-427.37.1.el9_4.x86_64  CompilerName: GCC  CompilerVersion: 8.4.0
ProgramName: mri_cc  ProgramArguments: mri_cc -all-info  ProgramVersion: 7.3.2  TimeStamp: 2026/03/15-07:12:30-GMT  BuildTime: Aug  4 2022 06:17:15  BuildStamp: freesurfer-linux-ubuntu22_x86_64-7.3.2-20220804-6354275  User: oesteban  Machine: dna058  Platform: Linux  PlatformVersion: 5.14.0-427.37.1.el9_4.x86_64  CompilerName: GCC  CompilerVersion: 8.4.0
ProgramName: mri_compute_overlap  ProgramArguments: mri_compute_overlap -all-info  ProgramVersion: 7.3.2  TimeStamp: 2026/03/15-07:12:30-GMT  BuildTime: Aug  4 2022 06:17:15  BuildStamp: freesurfer-linux-ubuntu22_x86_64-7.3.2-20220804-6354275  User: oesteban  Machine: dna058  Platform: Linux  PlatformVersion: 5.14.0-427.37.1.el9_4.x86_64  CompilerName: GCC  CompilerVersion: 8.4.0
ProgramName: mri_compute_seg_overlap  ProgramArguments: mri_compute_seg_overlap -all-info  ProgramVersion: 7.3.2  TimeStamp: 2026/03/15-07:12:30-GMT  BuildTime: Aug  4 2022 06:17:15  BuildStamp: freesurfer-linux-ubuntu22_x86_64-7.3.2-20220804-6354275  User: oesteban  Machine: dna058  Platform: Linux  PlatformVersion: 5.14.0-427.37.1.el9_4.x86_64  CompilerName: GCC  CompilerVersion: 8.4.0
ProgramName: mri_concat  ProgramArguments: mri_concat -all-info  ProgramVersion: 7.3.2  TimeStamp: 2026/03/15-07:12:30-GMT  BuildTime: Aug  4 2022 06:17:15  BuildStamp: freesurfer-linux-ubuntu22_x86_64-7.3.2-20220804-6354275  User: oesteban  Machine: dna058  Platform: Linux  PlatformVersion: 5.14.0-427.37.1.el9_4.x86_64  CompilerName: GCC  CompilerVersion: 8.4.0
ProgramName: mri_concatenate_lta  ProgramArguments: mri_concatenate_lta -all-info  ProgramVersion: 7.3.2  TimeStamp: 2026/03/15-07:12:30-GMT  BuildTime: Aug  4 2022 06:17:15  BuildStamp: freesurfer-linux-ubuntu22_x86_64-7.3.2-20220804-6354275  User: oesteban  Machine: dna058  Platform: Linux  PlatformVersion: 5.14.0-427.37.1.el9_4.x86_64  CompilerName: GCC  CompilerVersion: 8.4.0
mri_convert -all-info 
ProgramName: mri_convert  ProgramArguments: mri_convert -all-info  ProgramVersion: 7.3.2  TimeStamp: 2026/03/15-07:12:30-GMT  BuildTime: Aug  4 2022 06:17:15  BuildStamp: freesurfer-linux-ubuntu22_x86_64-7.3.2-20220804-6354275  User: oesteban  Machine: dna058  Platform: Linux  PlatformVersion: 5.14.0-427.37.1.el9_4.x86_64  CompilerName: GCC  CompilerVersion: 8.4.0
ProgramName: mri_diff  ProgramArguments: mri_diff -all-info  ProgramVersion: 7.3.2  TimeStamp: 2026/03/15-07:12:30-GMT  BuildTime: Aug  4 2022 06:17:15  BuildStamp: freesurfer-linux-ubuntu22_x86_64-7.3.2-20220804-6354275  User: oesteban  Machine: dna058  Platform: Linux  PlatformVersion: 5.14.0-427.37.1.el9_4.x86_64  CompilerName: GCC  CompilerVersion: 8.4.0
ProgramName: mri_edit_wm_with_aseg  ProgramArguments: mri_edit_wm_with_aseg -all-info  ProgramVersion: 7.3.2  TimeStamp: 2026/03/15-07:12:30-GMT  BuildTime: Aug  4 2022 06:17:15  BuildStamp: freesurfer-linux-ubuntu22_x86_64-7.3.2-20220804-6354275  User: oesteban  Machine: dna058  Platform: Linux  PlatformVersion: 5.14.0-427.37.1.el9_4.x86_64  CompilerName: GCC  CompilerVersion: 8.4.0
ProgramName: mri_em_register  ProgramArguments: mri_em_register -all-info  ProgramVersion: 7.3.2  TimeStamp: 2026/03/15-07:12:30-GMT  BuildTime: Aug  4 2022 06:17:15  BuildStamp: freesurfer-linux-ubuntu22_x86_64-7.3.2-20220804-6354275  User: oesteban  Machine: dna058  Platform: Linux  PlatformVersion: 5.14.0-427.37.1.el9_4.x86_64  CompilerName: GCC  CompilerVersion: 8.4.0
ProgramName: mri_fill  ProgramArguments: mri_fill -all-info  ProgramVersion: 7.3.2  TimeStamp: 2026/03/15-07:12:30-GMT  BuildTime: Aug  4 2022 06:17:15  BuildStamp: freesurfer-linux-ubuntu22_x86_64-7.3.2-20220804-6354275  User: oesteban  Machine: dna058  Platform: Linux  PlatformVersion: 5.14.0-427.37.1.el9_4.x86_64  CompilerName: GCC  CompilerVersion: 8.4.0
ProgramName: mri_fuse_segmentations  ProgramArguments: mri_fuse_segmentations -all-info  ProgramVersion: 7.3.2  TimeStamp: 2026/03/15-07:12:30-GMT  BuildTime: Aug  4 2022 06:17:15  BuildStamp: freesurfer-linux-ubuntu22_x86_64-7.3.2-20220804-6354275  User: oesteban  Machine: dna058  Platform: Linux  PlatformVersion: 5.14.0-427.37.1.el9_4.x86_64  CompilerName: GCC  CompilerVersion: 8.4.0
ProgramName: mri_fwhm  ProgramArguments: mri_fwhm -all-info  ProgramVersion: 7.3.2  TimeStamp: 2026/03/15-07:12:30-GMT  BuildTime: Aug  4 2022 06:17:15  BuildStamp: freesurfer-linux-ubuntu22_x86_64-7.3.2-20220804-6354275  User: oesteban  Machine: dna058  Platform: Linux  PlatformVersion: 5.14.0-427.37.1.el9_4.x86_64  CompilerName: GCC  CompilerVersion: 8.4.0
ProgramName: mri_gcut  ProgramArguments: mri_gcut -all-info  ProgramVersion: 7.3.2  TimeStamp: 2026/03/15-07:12:30-GMT  BuildTime: Aug  4 2022 06:17:15  BuildStamp: freesurfer-linux-ubuntu22_x86_64-7.3.2-20220804-6354275  User: oesteban  Machine: dna058  Platform: Linux  PlatformVersion: 5.14.0-427.37.1.el9_4.x86_64  CompilerName: GCC  CompilerVersion: 8.4.0
ProgramName: mri_info  ProgramArguments: mri_info -all-info  ProgramVersion: 7.3.2  TimeStamp: 2026/03/15-07:12:30-GMT  BuildTime: Aug  4 2022 06:17:15  BuildStamp: freesurfer-linux-ubuntu22_x86_64-7.3.2-20220804-6354275  User: oesteban  Machine: dna058  Platform: Linux  PlatformVersion: 5.14.0-427.37.1.el9_4.x86_64  CompilerName: GCC  CompilerVersion: 8.4.0
ProgramName: mri_label2label  ProgramArguments: mri_label2label -all-info  ProgramVersion: 7.3.2  TimeStamp: 2026/03/15-07:12:30-GMT  BuildTime: Aug  4 2022 06:17:15  BuildStamp: freesurfer-linux-ubuntu22_x86_64-7.3.2-20220804-6354275  User: oesteban  Machine: dna058  Platform: Linux  PlatformVersion: 5.14.0-427.37.1.el9_4.x86_64  CompilerName: GCC  CompilerVersion: 8.4.0
ProgramName: mri_label2vol  ProgramArguments: mri_label2vol -all-info  ProgramVersion: 7.3.2  TimeStamp: 2026/03/15-07:12:30-GMT  BuildTime: Aug  4 2022 06:17:15  BuildStamp: freesurfer-linux-ubuntu22_x86_64-7.3.2-20220804-6354275  User: oesteban  Machine: dna058  Platform: Linux  PlatformVersion: 5.14.0-427.37.1.el9_4.x86_64  CompilerName: GCC  CompilerVersion: 8.4.0
ProgramName: mri_log_likelihood  ProgramArguments: mri_log_likelihood -all-info  ProgramVersion: 7.3.2  TimeStamp: 2026/03/15-07:12:30-GMT  BuildTime: Aug  4 2022 06:17:15  BuildStamp: freesurfer-linux-ubuntu22_x86_64-7.3.2-20220804-6354275  User: oesteban  Machine: dna058  Platform: Linux  PlatformVersion: 5.14.0-427.37.1.el9_4.x86_64  CompilerName: GCC  CompilerVersion: 8.4.0
ProgramName: mri_mask  ProgramArguments: mri_mask -all-info  ProgramVersion: 7.3.2  TimeStamp: 2026/03/15-07:12:30-GMT  BuildTime: Aug  4 2022 06:17:15  BuildStamp: freesurfer-linux-ubuntu22_x86_64-7.3.2-20220804-6354275  User: oesteban  Machine: dna058  Platform: Linux  PlatformVersion: 5.14.0-427.37.1.el9_4.x86_64  CompilerName: GCC  CompilerVersion: 8.4.0
ProgramName: mri_matrix_multiply  ProgramArguments: mri_matrix_multiply -all-info  ProgramVersion: 7.3.2  TimeStamp: 2026/03/15-07:12:30-GMT  BuildTime: Aug  4 2022 06:17:15  BuildStamp: freesurfer-linux-ubuntu22_x86_64-7.3.2-20220804-6354275  User: oesteban  Machine: dna058  Platform: Linux  PlatformVersion: 5.14.0-427.37.1.el9_4.x86_64  CompilerName: GCC  CompilerVersion: 8.4.0
ProgramName: mri_normalize  ProgramArguments: mri_normalize -all-info  ProgramVersion: 7.3.2  TimeStamp: 2026/03/15-07:12:30-GMT  BuildTime: Aug  4 2022 06:17:15  BuildStamp: freesurfer-linux-ubuntu22_x86_64-7.3.2-20220804-6354275  User: oesteban  Machine: dna058  Platform: Linux  PlatformVersion: 5.14.0-427.37.1.el9_4.x86_64  CompilerName: GCC  CompilerVersion: 8.4.0
ProgramName: mri_normalize_tp2  ProgramArguments: mri_normalize_tp2 -all-info  ProgramVersion: 7.3.2  TimeStamp: 2026/03/15-07:12:30-GMT  BuildTime: Aug  4 2022 06:17:15  BuildStamp: freesurfer-linux-ubuntu22_x86_64-7.3.2-20220804-6354275  User: oesteban  Machine: dna058  Platform: Linux  PlatformVersion: 5.14.0-427.37.1.el9_4.x86_64  CompilerName: GCC  CompilerVersion: 8.4.0
ProgramName: mri_or  ProgramArguments: mri_or -all-info  ProgramVersion: 7.3.2  TimeStamp: 2026/03/15-07:12:31-GMT  BuildTime: Aug  4 2022 06:17:15  BuildStamp: freesurfer-linux-ubuntu22_x86_64-7.3.2-20220804-6354275  User: oesteban  Machine: dna058  Platform: Linux  PlatformVersion: 5.14.0-427.37.1.el9_4.x86_64  CompilerName: GCC  CompilerVersion: 8.4.0
ProgramName: mri_relabel_hypointensities  ProgramArguments: mri_relabel_hypointensities -all-info  ProgramVersion: 7.3.2  TimeStamp: 2026/03/15-07:12:31-GMT  BuildTime: Aug  4 2022 06:17:15  BuildStamp: freesurfer-linux-ubuntu22_x86_64-7.3.2-20220804-6354275  User: oesteban  Machine: dna058  Platform: Linux  PlatformVersion: 5.14.0-427.37.1.el9_4.x86_64  CompilerName: GCC  CompilerVersion: 8.4.0
ProgramName: mri_relabel_nonwm_hypos  ProgramArguments: mri_relabel_nonwm_hypos -all-info  ProgramVersion: 7.3.2  TimeStamp: 2026/03/15-07:12:31-GMT  BuildTime: Aug  4 2022 06:17:15  BuildStamp: freesurfer-linux-ubuntu22_x86_64-7.3.2-20220804-6354275  User: oesteban  Machine: dna058  Platform: Linux  PlatformVersion: 5.14.0-427.37.1.el9_4.x86_64  CompilerName: GCC  CompilerVersion: 8.4.0
ProgramName: mri_remove_neck  ProgramArguments: mri_remove_neck -all-info  ProgramVersion: 7.3.2  TimeStamp: 2026/03/15-07:12:31-GMT  BuildTime: Aug  4 2022 06:17:15  BuildStamp: freesurfer-linux-ubuntu22_x86_64-7.3.2-20220804-6354275  User: oesteban  Machine: dna058  Platform: Linux  PlatformVersion: 5.14.0-427.37.1.el9_4.x86_64  CompilerName: GCC  CompilerVersion: 8.4.0
7.3.2

ProgramName: mri_robust_register  ProgramArguments: mri_robust_register -all-info  ProgramVersion: 7.3.2  TimeStamp: 2026/03/15-07:12:31-GMT  BuildTime: Aug  4 2022 06:17:15  BuildStamp: freesurfer-linux-ubuntu22_x86_64-7.3.2-20220804-6354275  User: oesteban  Machine: dna058  Platform: Linux  PlatformVersion: 5.14.0-427.37.1.el9_4.x86_64  CompilerName: GCC  CompilerVersion: 8.4.0
7.3.2

ProgramName: mri_robust_template  ProgramArguments: mri_robust_template -all-info  ProgramVersion: 7.3.2  TimeStamp: 2026/03/15-07:12:31-GMT  BuildTime: Aug  4 2022 06:17:15  BuildStamp: freesurfer-linux-ubuntu22_x86_64-7.3.2-20220804-6354275  User: oesteban  Machine: dna058  Platform: Linux  PlatformVersion: 5.14.0-427.37.1.el9_4.x86_64  CompilerName: GCC  CompilerVersion: 8.4.0
ProgramName: mris_anatomical_stats  ProgramArguments: mris_anatomical_stats -all-info  ProgramVersion: 7.3.2  TimeStamp: 2026/03/15-07:12:31-GMT  BuildTime: Aug  4 2022 06:17:15  BuildStamp: freesurfer-linux-ubuntu22_x86_64-7.3.2-20220804-6354275  User: oesteban  Machine: dna058  Platform: Linux  PlatformVersion: 5.14.0-427.37.1.el9_4.x86_64  CompilerName: GCC  CompilerVersion: 8.4.0
ProgramName: mris_ca_label  ProgramArguments: mris_ca_label -all-info  ProgramVersion: 7.3.2  TimeStamp: 2026/03/15-07:12:31-GMT  BuildTime: Aug  4 2022 06:17:15  BuildStamp: freesurfer-linux-ubuntu22_x86_64-7.3.2-20220804-6354275  User: oesteban  Machine: dna058  Platform: Linux  PlatformVersion: 5.14.0-427.37.1.el9_4.x86_64  CompilerName: GCC  CompilerVersion: 8.4.0
ProgramName: mris_calc  ProgramArguments: mris_calc -all-info  ProgramVersion: 7.3.2  TimeStamp: 2026/03/15-07:12:31-GMT  BuildTime: Aug  4 2022 06:17:15  BuildStamp: freesurfer-linux-ubuntu22_x86_64-7.3.2-20220804-6354275  User: oesteban  Machine: dna058  Platform: Linux  PlatformVersion: 5.14.0-427.37.1.el9_4.x86_64  CompilerName: GCC  CompilerVersion: 8.4.0
ProgramName: mris_convert  ProgramArguments: mris_convert -all-info  ProgramVersion: 7.3.2  TimeStamp: 2026/03/15-07:12:31-GMT  BuildTime: Aug  4 2022 06:17:15  BuildStamp: freesurfer-linux-ubuntu22_x86_64-7.3.2-20220804-6354275  User: oesteban  Machine: dna058  Platform: Linux  PlatformVersion: 5.14.0-427.37.1.el9_4.x86_64  CompilerName: GCC  CompilerVersion: 8.4.0
ProgramName: mris_curvature  ProgramArguments: mris_curvature -all-info  ProgramVersion: 7.3.2  TimeStamp: 2026/03/15-07:12:31-GMT  BuildTime: Aug  4 2022 06:17:15  BuildStamp: freesurfer-linux-ubuntu22_x86_64-7.3.2-20220804-6354275  User: oesteban  Machine: dna058  Platform: Linux  PlatformVersion: 5.14.0-427.37.1.el9_4.x86_64  CompilerName: GCC  CompilerVersion: 8.4.0
ProgramName: mris_curvature_stats  ProgramArguments: mris_curvature_stats -all-info  ProgramVersion: 7.3.2  TimeStamp: 2026/03/15-07:12:31-GMT  BuildTime: Aug  4 2022 06:17:15  BuildStamp: freesurfer-linux-ubuntu22_x86_64-7.3.2-20220804-6354275  User: oesteban  Machine: dna058  Platform: Linux  PlatformVersion: 5.14.0-427.37.1.el9_4.x86_64  CompilerName: GCC  CompilerVersion: 8.4.0
ProgramName: mris_diff  ProgramArguments: mris_diff -all-info  ProgramVersion: 7.3.2  TimeStamp: 2026/03/15-07:12:31-GMT  BuildTime: Aug  4 2022 06:17:15  BuildStamp: freesurfer-linux-ubuntu22_x86_64-7.3.2-20220804-6354275  User: oesteban  Machine: dna058  Platform: Linux  PlatformVersion: 5.14.0-427.37.1.el9_4.x86_64  CompilerName: GCC  CompilerVersion: 8.4.0
ProgramName: mris_divide_parcellation  ProgramArguments: mris_divide_parcellation -all-info  ProgramVersion: 7.3.2  TimeStamp: 2026/03/15-07:12:31-GMT  BuildTime: Aug  4 2022 06:17:15  BuildStamp: freesurfer-linux-ubuntu22_x86_64-7.3.2-20220804-6354275  User: oesteban  Machine: dna058  Platform: Linux  PlatformVersion: 5.14.0-427.37.1.el9_4.x86_64  CompilerName: GCC  CompilerVersion: 8.4.0
ProgramName: mri_segment  ProgramArguments: mri_segment -all-info  ProgramVersion: 7.3.2  TimeStamp: 2026/03/15-07:12:31-GMT  BuildTime: Aug  4 2022 06:17:15  BuildStamp: freesurfer-linux-ubuntu22_x86_64-7.3.2-20220804-6354275  User: oesteban  Machine: dna058  Platform: Linux  PlatformVersion: 5.14.0-427.37.1.el9_4.x86_64  CompilerName: GCC  CompilerVersion: 8.4.0
ProgramName: mri_segstats  ProgramArguments: mri_segstats -all-info  ProgramVersion: 7.3.2  TimeStamp: 2026/03/15-07:12:31-GMT  BuildTime: Aug  4 2022 06:17:15  BuildStamp: freesurfer-linux-ubuntu22_x86_64-7.3.2-20220804-6354275  User: oesteban  Machine: dna058  Platform: Linux  PlatformVersion: 5.14.0-427.37.1.el9_4.x86_64  CompilerName: GCC  CompilerVersion: 8.4.0
ProgramName: mris_euler_number  ProgramArguments: mris_euler_number -all-info  ProgramVersion: 7.3.2  TimeStamp: 2026/03/15-07:12:31-GMT  BuildTime: Aug  4 2022 06:17:15  BuildStamp: freesurfer-linux-ubuntu22_x86_64-7.3.2-20220804-6354275  User: oesteban  Machine: dna058  Platform: Linux  PlatformVersion: 5.14.0-427.37.1.el9_4.x86_64  CompilerName: GCC  CompilerVersion: 8.4.0
ProgramName: mris_fix_topology  ProgramArguments: mris_fix_topology -all-info  ProgramVersion: 7.3.2  TimeStamp: 2026/03/15-07:12:31-GMT  BuildTime: Aug  4 2022 06:17:15  BuildStamp: freesurfer-linux-ubuntu22_x86_64-7.3.2-20220804-6354275  User: oesteban  Machine: dna058  Platform: Linux  PlatformVersion: 5.14.0-427.37.1.el9_4.x86_64  CompilerName: GCC  CompilerVersion: 8.4.0
ProgramName: mris_topo_fixer  ProgramArguments: mris_topo_fixer -all-info  ProgramVersion: 7.3.2  TimeStamp: 2026/03/15-07:12:31-GMT  BuildTime: Aug  4 2022 06:17:15  BuildStamp: freesurfer-linux-ubuntu22_x86_64-7.3.2-20220804-6354275  User: oesteban  Machine: dna058  Platform: Linux  PlatformVersion: 5.14.0-427.37.1.el9_4.x86_64  CompilerName: GCC  CompilerVersion: 8.4.0
ProgramName: mris_jacobian  ProgramArguments: mris_jacobian -all-info  ProgramVersion: 7.3.2  TimeStamp: 2026/03/15-07:12:31-GMT  BuildTime: Aug  4 2022 06:17:15  BuildStamp: freesurfer-linux-ubuntu22_x86_64-7.3.2-20220804-6354275  User: oesteban  Machine: dna058  Platform: Linux  PlatformVersion: 5.14.0-427.37.1.el9_4.x86_64  CompilerName: GCC  CompilerVersion: 8.4.0
ProgramName: mris_label2annot  ProgramArguments: mris_label2annot -all-info  ProgramVersion: 7.3.2  TimeStamp: 2026/03/15-07:12:31-GMT  BuildTime: Aug  4 2022 06:17:15  BuildStamp: freesurfer-linux-ubuntu22_x86_64-7.3.2-20220804-6354275  User: oesteban  Machine: dna058  Platform: Linux  PlatformVersion: 5.14.0-427.37.1.el9_4.x86_64  CompilerName: GCC  CompilerVersion: 8.4.0
ProgramName: mris_left_right_register  ProgramArguments: mris_left_right_register -all-info  ProgramVersion: 7.3.2  TimeStamp: 2026/03/15-07:12:31-GMT  BuildTime: Aug  4 2022 06:17:15  BuildStamp: freesurfer-linux-ubuntu22_x86_64-7.3.2-20220804-6354275  User: oesteban  Machine: dna058  Platform: Linux  PlatformVersion: 5.14.0-427.37.1.el9_4.x86_64  CompilerName: GCC  CompilerVersion: 8.4.0
ProgramName: mris_place_surface  ProgramArguments: mris_place_surface -all-info  ProgramVersion: 7.3.2  TimeStamp: 2026/03/15-07:12:31-GMT  BuildTime: Aug  4 2022 06:17:15  BuildStamp: freesurfer-linux-ubuntu22_x86_64-7.3.2-20220804-6354275  User: oesteban  Machine: dna058  Platform: Linux  PlatformVersion: 5.14.0-427.37.1.el9_4.x86_64  CompilerName: GCC  CompilerVersion: 8.4.0
ProgramName: mrisp_paint  ProgramArguments: mrisp_paint -all-info  ProgramVersion: 7.3.2  TimeStamp: 2026/03/15-07:12:31-GMT  BuildTime: Aug  4 2022 06:17:15  BuildStamp: freesurfer-linux-ubuntu22_x86_64-7.3.2-20220804-6354275  User: oesteban  Machine: dna058  Platform: Linux  PlatformVersion: 5.14.0-427.37.1.el9_4.x86_64  CompilerName: GCC  CompilerVersion: 8.4.0
ProgramName: mris_register  ProgramArguments: mris_register -all-info  ProgramVersion: 7.3.2  TimeStamp: 2026/03/15-07:12:31-GMT  BuildTime: Aug  4 2022 06:17:15  BuildStamp: freesurfer-linux-ubuntu22_x86_64-7.3.2-20220804-6354275  User: oesteban  Machine: dna058  Platform: Linux  PlatformVersion: 5.14.0-427.37.1.el9_4.x86_64  CompilerName: GCC  CompilerVersion: 8.4.0
ProgramName: mris_smooth  ProgramArguments: mris_smooth -all-info  ProgramVersion: 7.3.2  TimeStamp: 2026/03/15-07:12:31-GMT  BuildTime: Aug  4 2022 06:17:15  BuildStamp: freesurfer-linux-ubuntu22_x86_64-7.3.2-20220804-6354275  User: oesteban  Machine: dna058  Platform: Linux  PlatformVersion: 5.14.0-427.37.1.el9_4.x86_64  CompilerName: GCC  CompilerVersion: 8.4.0
ProgramName: mris_sphere  ProgramArguments: mris_sphere -all-info  ProgramVersion: 7.3.2  TimeStamp: 2026/03/15-07:12:31-GMT  BuildTime: Aug  4 2022 06:17:15  BuildStamp: freesurfer-linux-ubuntu22_x86_64-7.3.2-20220804-6354275  User: oesteban  Machine: dna058  Platform: Linux  PlatformVersion: 5.14.0-427.37.1.el9_4.x86_64  CompilerName: GCC  CompilerVersion: 8.4.0
ProgramName: mris_surface_stats  ProgramArguments: mris_surface_stats -all-info  ProgramVersion: 7.3.2  TimeStamp: 2026/03/15-07:12:31-GMT  BuildTime: Aug  4 2022 06:17:15  BuildStamp: freesurfer-linux-ubuntu22_x86_64-7.3.2-20220804-6354275  User: oesteban  Machine: dna058  Platform: Linux  PlatformVersion: 5.14.0-427.37.1.el9_4.x86_64  CompilerName: GCC  CompilerVersion: 8.4.0
ProgramName: mri_stats2seg  ProgramArguments: mri_stats2seg -all-info  ProgramVersion: 7.3.2  TimeStamp: 2026/03/15-07:12:31-GMT  BuildTime: Aug  4 2022 06:17:15  BuildStamp: freesurfer-linux-ubuntu22_x86_64-7.3.2-20220804-6354275  User: oesteban  Machine: dna058  Platform: Linux  PlatformVersion: 5.14.0-427.37.1.el9_4.x86_64  CompilerName: GCC  CompilerVersion: 8.4.0
ProgramName: mris_thickness  ProgramArguments: mris_thickness -all-info  ProgramVersion: 7.3.2  TimeStamp: 2026/03/15-07:12:31-GMT  BuildTime: Aug  4 2022 06:17:15  BuildStamp: freesurfer-linux-ubuntu22_x86_64-7.3.2-20220804-6354275  User: oesteban  Machine: dna058  Platform: Linux  PlatformVersion: 5.14.0-427.37.1.el9_4.x86_64  CompilerName: GCC  CompilerVersion: 8.4.0
ProgramName: mris_thickness_diff  ProgramArguments: mris_thickness_diff -all-info  ProgramVersion: 7.3.2  TimeStamp: 2026/03/15-07:12:31-GMT  BuildTime: Aug  4 2022 06:17:15  BuildStamp: freesurfer-linux-ubuntu22_x86_64-7.3.2-20220804-6354275  User: oesteban  Machine: dna058  Platform: Linux  PlatformVersion: 5.14.0-427.37.1.el9_4.x86_64  CompilerName: GCC  CompilerVersion: 8.4.0
ProgramName: mris_topo_fixer  ProgramArguments: mris_topo_fixer -all-info  ProgramVersion: 7.3.2  TimeStamp: 2026/03/15-07:12:31-GMT  BuildTime: Aug  4 2022 06:17:15  BuildStamp: freesurfer-linux-ubuntu22_x86_64-7.3.2-20220804-6354275  User: oesteban  Machine: dna058  Platform: Linux  PlatformVersion: 5.14.0-427.37.1.el9_4.x86_64  CompilerName: GCC  CompilerVersion: 8.4.0
ProgramName: mri_surf2surf  ProgramArguments: mri_surf2surf -all-info  ProgramVersion: 7.3.2  TimeStamp: 2026/03/15-07:12:31-GMT  BuildTime: Aug  4 2022 06:17:15  BuildStamp: freesurfer-linux-ubuntu22_x86_64-7.3.2-20220804-6354275  User: oesteban  Machine: dna058  Platform: Linux  PlatformVersion: 5.14.0-427.37.1.el9_4.x86_64  CompilerName: GCC  CompilerVersion: 8.4.0
ProgramName: mri_surf2vol  ProgramArguments: mri_surf2vol -all-info  ProgramVersion: 7.3.2  TimeStamp: 2026/03/15-07:12:31-GMT  BuildTime: Aug  4 2022 06:17:15  BuildStamp: freesurfer-linux-ubuntu22_x86_64-7.3.2-20220804-6354275  User: oesteban  Machine: dna058  Platform: Linux  PlatformVersion: 5.14.0-427.37.1.el9_4.x86_64  CompilerName: GCC  CompilerVersion: 8.4.0
ProgramName: mri_surfcluster  ProgramArguments: mri_surfcluster -all-info  ProgramVersion: 7.3.2  TimeStamp: 2026/03/15-07:12:31-GMT  BuildTime: Aug  4 2022 06:17:15  BuildStamp: freesurfer-linux-ubuntu22_x86_64-7.3.2-20220804-6354275  User: oesteban  Machine: dna058  Platform: Linux  PlatformVersion: 5.14.0-427.37.1.el9_4.x86_64  CompilerName: GCC  CompilerVersion: 8.4.0
ProgramName: mris_volmask  ProgramArguments: mris_volmask -all-info  ProgramVersion: 7.3.2  TimeStamp: 2026/03/15-07:12:31-GMT  BuildTime: Aug  4 2022 06:17:15  BuildStamp: freesurfer-linux-ubuntu22_x86_64-7.3.2-20220804-6354275  User: oesteban  Machine: dna058  Platform: Linux  PlatformVersion: 5.14.0-427.37.1.el9_4.x86_64  CompilerName: GCC  CompilerVersion: 8.4.0
ProgramName: mri_tessellate  ProgramArguments: mri_tessellate -all-info  ProgramVersion: 7.3.2  TimeStamp: 2026/03/15-07:12:31-GMT  BuildTime: Aug  4 2022 06:17:15  BuildStamp: freesurfer-linux-ubuntu22_x86_64-7.3.2-20220804-6354275  User: oesteban  Machine: dna058  Platform: Linux  PlatformVersion: 5.14.0-427.37.1.el9_4.x86_64  CompilerName: GCC  CompilerVersion: 8.4.0
ProgramName: mri_vol2surf  ProgramArguments: mri_vol2surf -all-info  ProgramVersion: 7.3.2  TimeStamp: 2026/03/15-07:12:31-GMT  BuildTime: Aug  4 2022 06:17:15  BuildStamp: freesurfer-linux-ubuntu22_x86_64-7.3.2-20220804-6354275  User: oesteban  Machine: dna058  Platform: Linux  PlatformVersion: 5.14.0-427.37.1.el9_4.x86_64  CompilerName: GCC  CompilerVersion: 8.4.0
ProgramName: mri_vol2vol  ProgramArguments: mri_vol2vol -all-info  ProgramVersion: 7.3.2  TimeStamp: 2026/03/15-07:12:31-GMT  BuildTime: Aug  4 2022 06:17:15  BuildStamp: freesurfer-linux-ubuntu22_x86_64-7.3.2-20220804-6354275  User: oesteban  Machine: dna058  Platform: Linux  PlatformVersion: 5.14.0-427.37.1.el9_4.x86_64  CompilerName: GCC  CompilerVersion: 8.4.0
ProgramName: mri_voldiff  ProgramArguments: mri_voldiff -all-info  ProgramVersion: 7.3.2  TimeStamp: 2026/03/15-07:12:31-GMT  BuildTime: Aug  4 2022 06:17:15  BuildStamp: freesurfer-linux-ubuntu22_x86_64-7.3.2-20220804-6354275  User: oesteban  Machine: dna058  Platform: Linux  PlatformVersion: 5.14.0-427.37.1.el9_4.x86_64  CompilerName: GCC  CompilerVersion: 8.4.0
ProgramName: mri_watershed  ProgramArguments: mri_watershed -all-info  ProgramVersion: 7.3.2  TimeStamp: 2026/03/15-07:12:31-GMT  BuildTime: Aug  4 2022 06:17:15  BuildStamp: freesurfer-linux-ubuntu22_x86_64-7.3.2-20220804-6354275  User: oesteban  Machine: dna058  Platform: Linux  PlatformVersion: 5.14.0-427.37.1.el9_4.x86_64  CompilerName: GCC  CompilerVersion: 8.4.0
ProgramName: tkregister2  ProgramArguments: tkregister2_cmdl -all-info  ProgramVersion: 7.3.2  TimeStamp: 2026/03/15-07:12:31-GMT  BuildTime: Aug  4 2022 06:17:15  BuildStamp: freesurfer-linux-ubuntu22_x86_64-7.3.2-20220804-6354275  User: oesteban  Machine: dna058  Platform: Linux  PlatformVersion: 5.14.0-427.37.1.el9_4.x86_64  CompilerName: GCC  CompilerVersion: 8.4.0
mri_motion_correct.fsl 7.3.2
mri_convert -all-info 
ProgramName: mri_convert  ProgramArguments: mri_convert -all-info  ProgramVersion: 7.3.2  TimeStamp: 2026/03/15-07:12:31-GMT  BuildTime: Aug  4 2022 06:17:15  BuildStamp: freesurfer-linux-ubuntu22_x86_64-7.3.2-20220804-6354275  User: oesteban  Machine: dna058  Platform: Linux  PlatformVersion: 5.14.0-427.37.1.el9_4.x86_64  CompilerName: GCC  CompilerVersion: 8.4.0
Program nu_correct, built from:
Package MNI N3, version 1.12.0, compiled by nicks@terrier (x86_64-unknown-linux-gnu) on 2015-06-19 at 01:25:34
#######################################
GCADIR /opt/freesurfer/average
GCA RB_all_2020-01-02.gca
GCASkull RB_all_withskull_2020_01_02.gca
AvgCurvTif folding.atlas.acfb40.noaparc.i12.2016-08-02.tif
GCSDIR /opt/freesurfer/average
GCS DKaparc.atlas.acfb40.noaparc.i12.2016-08-02.gcs
#######################################
/out/sourcedata/freesurfer/sub-v2s10x28989_ses-1

 mri_convert /work/fmriprep_25_2_wf/sub_v2s10x28989_ses_1_wf/anat_fit_wf/anat_validate/sub-v2s10x28989_ses-1_run-1_T1w_noise_corrected_ras_valid.nii.gz /out/sourcedata/freesurfer/sub-v2s10x28989_ses-1/mri/orig/001.mgz 

mri_convert /work/fmriprep_25_2_wf/sub_v2s10x28989_ses_1_wf/anat_fit_wf/anat_validate/sub-v2s10x28989_ses-1_run-1_T1w_noise_corrected_ras_valid.nii.gz /out/sourcedata/freesurfer/sub-v2s10x28989_ses-1/mri/orig/001.mgz 
reading from /work/fmriprep_25_2_wf/sub_v2s10x28989_ses_1_wf/anat_fit_wf/anat_validate/sub-v2s10x28989_ses-1_run-1_T1w_noise_corrected_ras_valid.nii.gz...
TR=0.00, TE=0.00, TI=0.00, flip angle=0.00
i_ras = (0.999903, 0.0139622, 0)
j_ras = (-0.0139622, 0.999903, 0)
k_ras = (0, 0, 1)
writing to /out/sourcedata/freesurfer/sub-v2s10x28989_ses-1/mri/orig/001.mgz...
#--------------------------------------------
#@# MotionCor Sun Mar 15 08:12:33 CET 2026
Found 1 runs
/out/sourcedata/freesurfer/sub-v2s10x28989_ses-1/mri/orig/001.mgz
Checking for (invalid) multi-frame inputs...
Only one run found so motion
correction will not be performed. I'll
copy the run to rawavg and continue.

 cp /out/sourcedata/freesurfer/sub-v2s10x28989_ses-1/mri/orig/001.mgz /out/sourcedata/freesurfer/sub-v2s10x28989_ses-1/mri/rawavg.mgz 


 mri_info /out/sourcedata/freesurfer/sub-v2s10x28989_ses-1/mri/rawavg.mgz 

rawavg.mgz ========================================
Volume information for /out/sourcedata/freesurfer/sub-v2s10x28989_ses-1/mri/rawavg.mgz
          type: MGH
    dimensions: 160 x 240 x 256
   voxel sizes: 1.100000, 1.000000, 1.000000
          type: FLOAT (3)
           fov: 256.000
           dof: 1
        xstart: -88.0, xend: 88.0
        ystart: -120.0, yend: 120.0
        zstart: -128.0, zend: 128.0
            TR: 0.00 msec, TE: 0.00 msec, TI: 0.00 msec, flip angle: 0.00 degrees
       nframes: 1
       PhEncDir: UNKNOWN
       FieldStrength: 0.000000
ras xform present
    xform info: x_r =   0.9999, y_r =  -0.0140, z_r =   0.0000, c_r =     0.7199
              : x_a =   0.0140, y_a =   0.9999, z_a =   0.0000, c_a =     8.7271
              : x_s =   0.0000, y_s =   0.0000, z_s =   1.0000, c_s =   -13.0655

talairach xfm : 
Orientation   : RAS
Primary Slice Direction: axial

voxel to ras transform:
                1.0999  -0.0140   0.0000   -85.5960
                0.0154   0.9999   0.0000  -112.4899
                0.0000   0.0000   1.0000  -141.0655
                0.0000   0.0000   0.0000     1.0000

voxel-to-ras determinant 1.1

ras to voxel transform:
                0.9090   0.0127   0.0000    79.2348
               -0.0140   0.9999   0.0000   111.2838
                0.0000   0.0000   1.0000   141.0655
                0.0000   0.0000   0.0000     1.0000
/out/sourcedata/freesurfer/sub-v2s10x28989_ses-1

 mri_convert /out/sourcedata/freesurfer/sub-v2s10x28989_ses-1/mri/rawavg.mgz /out/sourcedata/freesurfer/sub-v2s10x28989_ses-1/mri/orig.mgz --conform 

mri_convert /out/sourcedata/freesurfer/sub-v2s10x28989_ses-1/mri/rawavg.mgz /out/sourcedata/freesurfer/sub-v2s10x28989_ses-1/mri/orig.mgz --conform 
reading from /out/sourcedata/freesurfer/sub-v2s10x28989_ses-1/mri/rawavg.mgz...
TR=0.00, TE=0.00, TI=0.00, flip angle=0.00
i_ras = (0.999903, 0.0139622, 0)
j_ras = (-0.0139622, 0.999903, 0)
k_ras = (0, 0, 1)
changing data type from float to uchar (noscale = 0)...
MRIchangeType: Building histogram -0.000610352 850.121 1000, flo=0, fhi=0.999, dest_type=0
Reslicing using trilinear interpolation 
writing to /out/sourcedata/freesurfer/sub-v2s10x28989_ses-1/mri/orig.mgz...

 mri_add_xform_to_header -c /out/sourcedata/freesurfer/sub-v2s10x28989_ses-1/mri/transforms/talairach.xfm /out/sourcedata/freesurfer/sub-v2s10x28989_ses-1/mri/orig.mgz /out/sourcedata/freesurfer/sub-v2s10x28989_ses-1/mri/orig.mgz 

INFO: extension is mgz

 mri_info /out/sourcedata/freesurfer/sub-v2s10x28989_ses-1/mri/orig.mgz 

orig.mgz ========================================
Volume information for /out/sourcedata/freesurfer/sub-v2s10x28989_ses-1/mri/orig.mgz
          type: MGH
    dimensions: 256 x 256 x 256
   voxel sizes: 1.000000, 1.000000, 1.000000
          type: UCHAR (0)
           fov: 256.000
           dof: 1
        xstart: -128.0, xend: 128.0
        ystart: -128.0, yend: 128.0
        zstart: -128.0, zend: 128.0
            TR: 0.00 msec, TE: 0.00 msec, TI: 0.00 msec, flip angle: 0.00 degrees
       nframes: 1
       PhEncDir: UNKNOWN
       FieldStrength: 0.000000
ras xform present
    xform info: x_r =  -1.0000, y_r =   0.0000, z_r =   0.0000, c_r =     0.7199
              : x_a =   0.0000, y_a =   0.0000, z_a =   1.0000, c_a =     8.7271
              : x_s =   0.0000, y_s =  -1.0000, z_s =   0.0000, c_s =   -13.0655

talairach xfm : /out/sourcedata/freesurfer/sub-v2s10x28989_ses-1/mri/transforms/talairach.xfm
Orientation   : LIA
Primary Slice Direction: coronal

voxel to ras transform:
               -1.0000   0.0000   0.0000   128.7199
                0.0000   0.0000   1.0000  -119.2729
                0.0000  -1.0000   0.0000   114.9345
                0.0000   0.0000   0.0000     1.0000

voxel-to-ras determinant -1

ras to voxel transform:
               -1.0000  -0.0000  -0.0000   128.7199
               -0.0000  -0.0000  -1.0000   114.9345
               -0.0000   1.0000  -0.0000   119.2729
               -0.0000  -0.0000  -0.0000     1.0000
#--------------------------------------------
#@# Talairach Sun Mar 15 08:12:40 CET 2026
/out/sourcedata/freesurfer/sub-v2s10x28989_ses-1/mri

 mri_nu_correct.mni --no-rescale --i orig.mgz --o orig_nu.mgz --ants-n4 --n 1 --proto-iters 1000 --distance 50 

/usr/bin/bc
/out/sourcedata/freesurfer/sub-v2s10x28989_ses-1/mri
/opt/freesurfer/bin/mri_nu_correct.mni
--no-rescale --i orig.mgz --o orig_nu.mgz --ants-n4 --n 1 --proto-iters 1000 --distance 50
nIters 1
mri_nu_correct.mni 7.3.2
Linux dna058 5.14.0-427.37.1.el9_4.x86_64 #1 SMP PREEMPT_DYNAMIC Fri Sep 13 12:41:50 EDT 2024 x86_64 x86_64 x86_64 GNU/Linux
Sun Mar 15 08:12:40 CET 2026
tmpdir is ./tmp.mri_nu_correct.mni.49809
cd /out/sourcedata/freesurfer/sub-v2s10x28989_ses-1/mri
AntsN4BiasFieldCorrectionFs -i orig.mgz -o ./tmp.mri_nu_correct.mni.49809/nu0.mgz --dtype uchar
AntsN4BiasFieldCorrectionFs done
mri_convert ./tmp.mri_nu_correct.mni.49809/nu0.mgz orig_nu.mgz --like orig.mgz --conform
mri_convert ./tmp.mri_nu_correct.mni.49809/nu0.mgz orig_nu.mgz --like orig.mgz --conform 
reading from ./tmp.mri_nu_correct.mni.49809/nu0.mgz...
TR=0.00, TE=0.00, TI=0.00, flip angle=0.00
i_ras = (-1, 0, 0)
j_ras = (0, 0, -1)
k_ras = (0, 1, 0)
INFO: transform src into the like-volume: orig.mgz
writing to orig_nu.mgz...
 
 
Sun Mar 15 08:15:35 CET 2026
mri_nu_correct.mni done

 talairach_avi --i orig_nu.mgz --xfm transforms/talairach.auto.xfm 

talairach_avi log file is transforms/talairach_avi.log...
mv -f /out/sourcedata/freesurfer/sub-v2s10x28989_ses-1/mri/talsrcimg_to_711-2C_as_mni_average_305_t4_vox2vox.txt /out/sourcedata/freesurfer/sub-v2s10x28989_ses-1/mri/transforms/talsrcimg_to_711-2C_as_mni_average_305_t4_vox2vox.txt
Started at Sun Mar 15 08:15:35 CET 2026
Ended   at Sun Mar 15 08:17:01 CET 2026
talairach_avi done

 cp transforms/talairach.auto.xfm transforms/talairach.xfm 

lta_convert --src orig.mgz --trg /opt/freesurfer/average/mni305.cor.mgz --inxfm transforms/talairach.xfm --outlta transforms/talairach.xfm.lta --subject fsaverage --ltavox2vox
7.3.2

--src: orig.mgz src image (geometry).
--trg: /opt/freesurfer/average/mni305.cor.mgz trg image (geometry).
--inmni: transforms/talairach.xfm input MNI/XFM transform.
--outlta: transforms/talairach.xfm.lta output LTA.
--s: fsaverage subject name
--ltavox2vox: output LTA as VOX_TO_VOX transform.
 LTA read, type : 1
 1.09338   0.04370   0.01606  -1.43829;
-0.03446   1.02740   0.10947  -14.11116;
-0.00544  -0.05391   1.07174  -16.02304;
 0.00000   0.00000   0.00000   1.00000;
setting subject to fsaverage
Writing  LTA to file transforms/talairach.xfm.lta...
lta_convert successful.
#--------------------------------------------
#@# Talairach Failure Detection Sun Mar 15 08:17:03 CET 2026
/out/sourcedata/freesurfer/sub-v2s10x28989_ses-1/mri

 talairach_afd -T 0.005 -xfm transforms/talairach.xfm 

talairach_afd: Talairach Transform: transforms/talairach.xfm OK (p=0.7374, pval=0.6675 >= threshold=0.0050)

 awk -f /opt/freesurfer/bin/extract_talairach_avi_QA.awk /out/sourcedata/freesurfer/sub-v2s10x28989_ses-1/mri/transforms/talairach_avi.log 


 tal_QC_AZS /out/sourcedata/freesurfer/sub-v2s10x28989_ses-1/mri/transforms/talairach_avi.log 

TalAviQA: 0.97691
z-score: 0
#--------------------------------------------
#@# Nu Intensity Correction Sun Mar 15 08:17:03 CET 2026

 mri_nu_correct.mni --i orig.mgz --o nu.mgz --uchar transforms/talairach.xfm --n 2 --ants-n4 

/usr/bin/bc
/out/sourcedata/freesurfer/sub-v2s10x28989_ses-1/mri
/opt/freesurfer/bin/mri_nu_correct.mni
--i orig.mgz --o nu.mgz --uchar transforms/talairach.xfm --n 2 --ants-n4
nIters 2
mri_nu_correct.mni 7.3.2
Linux dna058 5.14.0-427.37.1.el9_4.x86_64 #1 SMP PREEMPT_DYNAMIC Fri Sep 13 12:41:50 EDT 2024 x86_64 x86_64 x86_64 GNU/Linux
Sun Mar 15 08:17:03 CET 2026
tmpdir is ./tmp.mri_nu_correct.mni.50954
cd /out/sourcedata/freesurfer/sub-v2s10x28989_ses-1/mri
AntsN4BiasFieldCorrectionFs -i orig.mgz -o ./tmp.mri_nu_correct.mni.50954/nu0.mgz --dtype uchar
AntsN4BiasFieldCorrectionFs done
mri_binarize --i ./tmp.mri_nu_correct.mni.50954/nu0.mgz --min -1 --o ./tmp.mri_nu_correct.mni.50954/ones.mgz

7.3.2
cwd /out/sourcedata/freesurfer/sub-v2s10x28989_ses-1/mri
cmdline mri_binarize --i ./tmp.mri_nu_correct.mni.50954/nu0.mgz --min -1 --o ./tmp.mri_nu_correct.mni.50954/ones.mgz 
sysname  Linux
hostname dna058
machine  x86_64
user     oesteban

input      ./tmp.mri_nu_correct.mni.50954/nu0.mgz
frame      0
nErode3d   0
nErode2d   0
output     ./tmp.mri_nu_correct.mni.50954/ones.mgz
Binarizing based on threshold
min        -1
max        +infinity
binval        1
binvalnot     0
fstart = 0, fend = 0, nframes = 1
Starting parallel 1
Found 16777216 values in range
Counting number of voxels in first frame
Found 16777215 voxels in final mask
Writing output to ./tmp.mri_nu_correct.mni.50954/ones.mgz
Count: 16777215 16777215.000000 16777216 99.999994
mri_binarize done
mri_segstats --id 1 --seg ./tmp.mri_nu_correct.mni.50954/ones.mgz --i orig.mgz --sum ./tmp.mri_nu_correct.mni.50954/sum.junk --avgwf ./tmp.mri_nu_correct.mni.50954/input.mean.dat

7.3.2
cwd 
cmdline mri_segstats --id 1 --seg ./tmp.mri_nu_correct.mni.50954/ones.mgz --i orig.mgz --sum ./tmp.mri_nu_correct.mni.50954/sum.junk --avgwf ./tmp.mri_nu_correct.mni.50954/input.mean.dat 
sysname  Linux
hostname dna058
machine  x86_64
user     oesteban
whitesurfname  white
UseRobust  0
Loading ./tmp.mri_nu_correct.mni.50954/ones.mgz
Loading orig.mgz
Voxel Volume is 1 mm^3
Generating list of segmentation ids
Found   1 segmentations
Computing statistics for each segmentation

Reporting on   1 segmentations
Using PrintSegStat
Computing spatial average of each frame

Writing to ./tmp.mri_nu_correct.mni.50954/input.mean.dat
mri_segstats done
mri_segstats --id 1 --seg ./tmp.mri_nu_correct.mni.50954/ones.mgz --i ./tmp.mri_nu_correct.mni.50954/nu0.mgz --sum ./tmp.mri_nu_correct.mni.50954/sum.junk --avgwf ./tmp.mri_nu_correct.mni.50954/output.mean.dat

7.3.2
cwd 
cmdline mri_segstats --id 1 --seg ./tmp.mri_nu_correct.mni.50954/ones.mgz --i ./tmp.mri_nu_correct.mni.50954/nu0.mgz --sum ./tmp.mri_nu_correct.mni.50954/sum.junk --avgwf ./tmp.mri_nu_correct.mni.50954/output.mean.dat 
sysname  Linux
hostname dna058
machine  x86_64
user     oesteban
whitesurfname  white
UseRobust  0
Loading ./tmp.mri_nu_correct.mni.50954/ones.mgz
Loading ./tmp.mri_nu_correct.mni.50954/nu0.mgz
Voxel Volume is 1 mm^3
Generating list of segmentation ids
Found   1 segmentations
Computing statistics for each segmentation

Reporting on   1 segmentations
Using PrintSegStat
Computing spatial average of each frame

Writing to ./tmp.mri_nu_correct.mni.50954/output.mean.dat
mri_segstats done
mris_calc -o ./tmp.mri_nu_correct.mni.50954/nu0.mgz ./tmp.mri_nu_correct.mni.50954/nu0.mgz mul 1.35892493797664787256
Saving result to './tmp.mri_nu_correct.mni.50954/nu0.mgz' (type = MGH )                       [ ok ]
mri_convert ./tmp.mri_nu_correct.mni.50954/nu0.mgz nu.mgz --like orig.mgz
mri_convert ./tmp.mri_nu_correct.mni.50954/nu0.mgz nu.mgz --like orig.mgz 
reading from ./tmp.mri_nu_correct.mni.50954/nu0.mgz...
TR=0.00, TE=0.00, TI=0.00, flip angle=0.00
i_ras = (-1, 0, 0)
j_ras = (0, 0, -1)
k_ras = (0, 1, 0)
INFO: transform src into the like-volume: orig.mgz
writing to nu.mgz...
mri_make_uchar nu.mgz transforms/talairach.xfm nu.mgz
type change took 0 minutes and 6 seconds.
FIRST_PERCENTILE 0.010000
WM_PERCENTILE    0.900000
MAX_R 50.000000
i1 = 13, i2 = 74
#mri_make_uchar# mapping 33 191 to  3 110  :  b -20.3492 m 0.683867 : thresh 29.7561 maxsat 402.636 : nzero 14327232 nsat 0
 
 
Sun Mar 15 08:20:18 CET 2026
mri_nu_correct.mni done

 mri_add_xform_to_header -c /out/sourcedata/freesurfer/sub-v2s10x28989_ses-1/mri/transforms/talairach.xfm nu.mgz nu.mgz 

INFO: extension is mgz
#--------------------------------------------
#@# Intensity Normalization Sun Mar 15 08:20:18 CET 2026
/out/sourcedata/freesurfer/sub-v2s10x28989_ses-1/mri

 mri_normalize -g 1 -seed 1234 -mprage nu.mgz T1.mgz 

using max gradient = 1.000
setting seed for random number genererator to 1234
assuming input volume is MGH (Van der Kouwe) MP-RAGE
reading mri_src from nu.mgz...
normalizing image...
NOT doing gentle normalization with control points/label
talairach transform
 1.09338   0.04370   0.01606  -1.43829;
-0.03446   1.02740   0.10947  -14.11116;
-0.00544  -0.05391   1.07174  -16.02304;
 0.00000   0.00000   0.00000   1.00000;
processing without aseg, no1d=0
MRInormInit(): 
INFO: Modifying talairach volume c_(r,a,s) based on average_305
MRInormalize(): 
MRIsplineNormalize(): npeaks = 17
Starting OpenSpline(): npoints = 17
building Voronoi diagram...
performing soap bubble smoothing, sigma = 8...

Iterating 2 times
---------------------------------
3d normalization pass 1 of 2
white matter peak found at 110
white matter peak found at 110
gm peak at 63 (63), valley at 52 (52)
csf peak at 32, setting threshold to 52
building Voronoi diagram...
performing soap bubble smoothing, sigma = 8...
---------------------------------
3d normalization pass 2 of 2
white matter peak found at 110
white matter peak found at 110
gm peak at 67 (67), valley at 54 (54)
csf peak at 34, setting threshold to 56
building Voronoi diagram...
performing soap bubble smoothing, sigma = 8...
Done iterating ---------------------------------
writing output to T1.mgz
3D bias adjustment took 1 minutes and 32 seconds.

Started at Sun Mar 15 08:12:30 CET 2026 
Ended   at Sun Mar 15 08:21:51 CET 2026
#@#%# recon-all-run-time-hours 0.156
recon-all -s sub-v2s10x28989_ses-1 finished without error at Sun Mar 15 08:21:51 CET 2026



#New# invocation of recon-all 




Sun Mar 15 08:28:36 CET 2026
cd /out/sourcedata/freesurfer/sub-v2s10x28989_ses-1
setenv SUBJECTS_DIR /out/sourcedata/freesurfer
/opt/freesurfer/bin/recon-all -openmp 16 -subjid sub-v2s10x28989_ses-1 -sd /out/sourcedata/freesurfer -gcareg

subjid sub-v2s10x28989_ses-1
setenv SUBJECTS_DIR /out/sourcedata/freesurfer
FREESURFER_HOME /opt/freesurfer
Actual FREESURFER_HOME /opt/freesurfer
build-stamp.txt: freesurfer-linux-ubuntu22_x86_64-7.3.2-20220804-6354275
Linux dna058 5.14.0-427.37.1.el9_4.x86_64 #1 SMP PREEMPT_DYNAMIC Fri Sep 13 12:41:50 EDT 2024 x86_64 x86_64 x86_64 GNU/Linux
cputime      unlimited
filesize     unlimited
datasize     unlimited
stacksize    8192 kbytes
coredumpsize 0 kbytes
memoryuse    67108864 kbytes
vmemoryuse   unlimited
descriptors  1024 
memorylocked unlimited
maxproc      2061970 
maxlocks     unlimited
maxsignal    2061970 
maxmessage   819200 
maxnice      0 
maxrtprio    0 
maxrttime    unlimited

               total        used        free      shared  buff/cache   available
Mem:           503Gi        56Gi        86Gi        18Gi       361Gi       424Gi
Swap:             0B          0B          0B

########################################
program versions used
7.3.2 (freesurfer-linux-ubuntu22_x86_64-7.3.2-20220804-6354275)
7.3.2

ProgramName: lta_convert  ProgramArguments: lta_convert -all-info  ProgramVersion: 7.3.2  TimeStamp: 2026/03/15-07:28:36-GMT  BuildTime: Aug  4 2022 06:17:15  BuildStamp: freesurfer-linux-ubuntu22_x86_64-7.3.2-20220804-6354275  User: oesteban  Machine: dna058  Platform: Linux  PlatformVersion: 5.14.0-427.37.1.el9_4.x86_64  CompilerName: GCC  CompilerVersion: 8.4.0
ProgramName: mri_and  ProgramArguments: mri_and -all-info  ProgramVersion: 7.3.2  TimeStamp: 2026/03/15-07:28:36-GMT  BuildTime: Aug  4 2022 06:17:15  BuildStamp: freesurfer-linux-ubuntu22_x86_64-7.3.2-20220804-6354275  User: oesteban  Machine: dna058  Platform: Linux  PlatformVersion: 5.14.0-427.37.1.el9_4.x86_64  CompilerName: GCC  CompilerVersion: 8.4.0
ProgramName: mri_annotation2label  ProgramArguments: mri_annotation2label -all-info  ProgramVersion: 7.3.2  TimeStamp: 2026/03/15-07:28:36-GMT  BuildTime: Aug  4 2022 06:17:15  BuildStamp: freesurfer-linux-ubuntu22_x86_64-7.3.2-20220804-6354275  User: oesteban  Machine: dna058  Platform: Linux  PlatformVersion: 5.14.0-427.37.1.el9_4.x86_64  CompilerName: GCC  CompilerVersion: 8.4.0
ProgramName: mri_aparc2aseg  ProgramArguments: mri_aparc2aseg -all-info  ProgramVersion: 7.3.2  TimeStamp: 2026/03/15-07:28:36-GMT  BuildTime: Aug  4 2022 06:17:15  BuildStamp: freesurfer-linux-ubuntu22_x86_64-7.3.2-20220804-6354275  User: oesteban  Machine: dna058  Platform: Linux  PlatformVersion: 5.14.0-427.37.1.el9_4.x86_64  CompilerName: GCC  CompilerVersion: 8.4.0
ProgramName: mri_surf2volseg  ProgramArguments: mri_surf2volseg -all-info  ProgramVersion: 7.3.2  TimeStamp: 2026/03/15-07:28:36-GMT  BuildTime: Aug  4 2022 06:17:15  BuildStamp: freesurfer-linux-ubuntu22_x86_64-7.3.2-20220804-6354275  User: oesteban  Machine: dna058  Platform: Linux  PlatformVersion: 5.14.0-427.37.1.el9_4.x86_64  CompilerName: GCC  CompilerVersion: 8.4.0
ProgramName: mri_binarize  ProgramArguments: mri_binarize -all-info  ProgramVersion: 7.3.2  TimeStamp: 2026/03/15-07:28:36-GMT  BuildTime: Aug  4 2022 06:17:15  BuildStamp: freesurfer-linux-ubuntu22_x86_64-7.3.2-20220804-6354275  User: oesteban  Machine: dna058  Platform: Linux  PlatformVersion: 5.14.0-427.37.1.el9_4.x86_64  CompilerName: GCC  CompilerVersion: 8.4.0
ProgramName: mri_ca_label  ProgramArguments: mri_ca_label -all-info  ProgramVersion: 7.3.2  TimeStamp: 2026/03/15-07:28:36-GMT  BuildTime: Aug  4 2022 06:17:15  BuildStamp: freesurfer-linux-ubuntu22_x86_64-7.3.2-20220804-6354275  User: oesteban  Machine: dna058  Platform: Linux  PlatformVersion: 5.14.0-427.37.1.el9_4.x86_64  CompilerName: GCC  CompilerVersion: 8.4.0
ProgramName: mri_ca_normalize  ProgramArguments: mri_ca_normalize -all-info  ProgramVersion: 7.3.2  TimeStamp: 2026/03/15-07:28:36-GMT  BuildTime: Aug  4 2022 06:17:15  BuildStamp: freesurfer-linux-ubuntu22_x86_64-7.3.2-20220804-6354275  User: oesteban  Machine: dna058  Platform: Linux  PlatformVersion: 5.14.0-427.37.1.el9_4.x86_64  CompilerName: GCC  CompilerVersion: 8.4.0
ProgramName: mri_ca_register  ProgramArguments: mri_ca_register -all-info  ProgramVersion: 7.3.2  TimeStamp: 2026/03/15-07:28:36-GMT  BuildTime: Aug  4 2022 06:17:15  BuildStamp: freesurfer-linux-ubuntu22_x86_64-7.3.2-20220804-6354275  User: oesteban  Machine: dna058  Platform: Linux  PlatformVersion: 5.14.0-427.37.1.el9_4.x86_64  CompilerName: GCC  CompilerVersion: 8.4.0
ProgramName: mri_cc  ProgramArguments: mri_cc -all-info  ProgramVersion: 7.3.2  TimeStamp: 2026/03/15-07:28:36-GMT  BuildTime: Aug  4 2022 06:17:15  BuildStamp: freesurfer-linux-ubuntu22_x86_64-7.3.2-20220804-6354275  User: oesteban  Machine: dna058  Platform: Linux  PlatformVersion: 5.14.0-427.37.1.el9_4.x86_64  CompilerName: GCC  CompilerVersion: 8.4.0
ProgramName: mri_compute_overlap  ProgramArguments: mri_compute_overlap -all-info  ProgramVersion: 7.3.2  TimeStamp: 2026/03/15-07:28:36-GMT  BuildTime: Aug  4 2022 06:17:15  BuildStamp: freesurfer-linux-ubuntu22_x86_64-7.3.2-20220804-6354275  User: oesteban  Machine: dna058  Platform: Linux  PlatformVersion: 5.14.0-427.37.1.el9_4.x86_64  CompilerName: GCC  CompilerVersion: 8.4.0
ProgramName: mri_compute_seg_overlap  ProgramArguments: mri_compute_seg_overlap -all-info  ProgramVersion: 7.3.2  TimeStamp: 2026/03/15-07:28:36-GMT  BuildTime: Aug  4 2022 06:17:15  BuildStamp: freesurfer-linux-ubuntu22_x86_64-7.3.2-20220804-6354275  User: oesteban  Machine: dna058  Platform: Linux  PlatformVersion: 5.14.0-427.37.1.el9_4.x86_64  CompilerName: GCC  CompilerVersion: 8.4.0
ProgramName: mri_concat  ProgramArguments: mri_concat -all-info  ProgramVersion: 7.3.2  TimeStamp: 2026/03/15-07:28:36-GMT  BuildTime: Aug  4 2022 06:17:15  BuildStamp: freesurfer-linux-ubuntu22_x86_64-7.3.2-20220804-6354275  User: oesteban  Machine: dna058  Platform: Linux  PlatformVersion: 5.14.0-427.37.1.el9_4.x86_64  CompilerName: GCC  CompilerVersion: 8.4.0
ProgramName: mri_concatenate_lta  ProgramArguments: mri_concatenate_lta -all-info  ProgramVersion: 7.3.2  TimeStamp: 2026/03/15-07:28:36-GMT  BuildTime: Aug  4 2022 06:17:15  BuildStamp: freesurfer-linux-ubuntu22_x86_64-7.3.2-20220804-6354275  User: oesteban  Machine: dna058  Platform: Linux  PlatformVersion: 5.14.0-427.37.1.el9_4.x86_64  CompilerName: GCC  CompilerVersion: 8.4.0
mri_convert -all-info 
ProgramName: mri_convert  ProgramArguments: mri_convert -all-info  ProgramVersion: 7.3.2  TimeStamp: 2026/03/15-07:28:36-GMT  BuildTime: Aug  4 2022 06:17:15  BuildStamp: freesurfer-linux-ubuntu22_x86_64-7.3.2-20220804-6354275  User: oesteban  Machine: dna058  Platform: Linux  PlatformVersion: 5.14.0-427.37.1.el9_4.x86_64  CompilerName: GCC  CompilerVersion: 8.4.0
ProgramName: mri_diff  ProgramArguments: mri_diff -all-info  ProgramVersion: 7.3.2  TimeStamp: 2026/03/15-07:28:36-GMT  BuildTime: Aug  4 2022 06:17:15  BuildStamp: freesurfer-linux-ubuntu22_x86_64-7.3.2-20220804-6354275  User: oesteban  Machine: dna058  Platform: Linux  PlatformVersion: 5.14.0-427.37.1.el9_4.x86_64  CompilerName: GCC  CompilerVersion: 8.4.0
ProgramName: mri_edit_wm_with_aseg  ProgramArguments: mri_edit_wm_with_aseg -all-info  ProgramVersion: 7.3.2  TimeStamp: 2026/03/15-07:28:36-GMT  BuildTime: Aug  4 2022 06:17:15  BuildStamp: freesurfer-linux-ubuntu22_x86_64-7.3.2-20220804-6354275  User: oesteban  Machine: dna058  Platform: Linux  PlatformVersion: 5.14.0-427.37.1.el9_4.x86_64  CompilerName: GCC  CompilerVersion: 8.4.0
ProgramName: mri_em_register  ProgramArguments: mri_em_register -all-info  ProgramVersion: 7.3.2  TimeStamp: 2026/03/15-07:28:36-GMT  BuildTime: Aug  4 2022 06:17:15  BuildStamp: freesurfer-linux-ubuntu22_x86_64-7.3.2-20220804-6354275  User: oesteban  Machine: dna058  Platform: Linux  PlatformVersion: 5.14.0-427.37.1.el9_4.x86_64  CompilerName: GCC  CompilerVersion: 8.4.0
ProgramName: mri_fill  ProgramArguments: mri_fill -all-info  ProgramVersion: 7.3.2  TimeStamp: 2026/03/15-07:28:36-GMT  BuildTime: Aug  4 2022 06:17:15  BuildStamp: freesurfer-linux-ubuntu22_x86_64-7.3.2-20220804-6354275  User: oesteban  Machine: dna058  Platform: Linux  PlatformVersion: 5.14.0-427.37.1.el9_4.x86_64  CompilerName: GCC  CompilerVersion: 8.4.0
ProgramName: mri_fuse_segmentations  ProgramArguments: mri_fuse_segmentations -all-info  ProgramVersion: 7.3.2  TimeStamp: 2026/03/15-07:28:36-GMT  BuildTime: Aug  4 2022 06:17:15  BuildStamp: freesurfer-linux-ubuntu22_x86_64-7.3.2-20220804-6354275  User: oesteban  Machine: dna058  Platform: Linux  PlatformVersion: 5.14.0-427.37.1.el9_4.x86_64  CompilerName: GCC  CompilerVersion: 8.4.0
ProgramName: mri_fwhm  ProgramArguments: mri_fwhm -all-info  ProgramVersion: 7.3.2  TimeStamp: 2026/03/15-07:28:36-GMT  BuildTime: Aug  4 2022 06:17:15  BuildStamp: freesurfer-linux-ubuntu22_x86_64-7.3.2-20220804-6354275  User: oesteban  Machine: dna058  Platform: Linux  PlatformVersion: 5.14.0-427.37.1.el9_4.x86_64  CompilerName: GCC  CompilerVersion: 8.4.0
ProgramName: mri_gcut  ProgramArguments: mri_gcut -all-info  ProgramVersion: 7.3.2  TimeStamp: 2026/03/15-07:28:36-GMT  BuildTime: Aug  4 2022 06:17:15  BuildStamp: freesurfer-linux-ubuntu22_x86_64-7.3.2-20220804-6354275  User: oesteban  Machine: dna058  Platform: Linux  PlatformVersion: 5.14.0-427.37.1.el9_4.x86_64  CompilerName: GCC  CompilerVersion: 8.4.0
ProgramName: mri_info  ProgramArguments: mri_info -all-info  ProgramVersion: 7.3.2  TimeStamp: 2026/03/15-07:28:36-GMT  BuildTime: Aug  4 2022 06:17:15  BuildStamp: freesurfer-linux-ubuntu22_x86_64-7.3.2-20220804-6354275  User: oesteban  Machine: dna058  Platform: Linux  PlatformVersion: 5.14.0-427.37.1.el9_4.x86_64  CompilerName: GCC  CompilerVersion: 8.4.0
ProgramName: mri_label2label  ProgramArguments: mri_label2label -all-info  ProgramVersion: 7.3.2  TimeStamp: 2026/03/15-07:28:36-GMT  BuildTime: Aug  4 2022 06:17:15  BuildStamp: freesurfer-linux-ubuntu22_x86_64-7.3.2-20220804-6354275  User: oesteban  Machine: dna058  Platform: Linux  PlatformVersion: 5.14.0-427.37.1.el9_4.x86_64  CompilerName: GCC  CompilerVersion: 8.4.0
ProgramName: mri_label2vol  ProgramArguments: mri_label2vol -all-info  ProgramVersion: 7.3.2  TimeStamp: 2026/03/15-07:28:36-GMT  BuildTime: Aug  4 2022 06:17:15  BuildStamp: freesurfer-linux-ubuntu22_x86_64-7.3.2-20220804-6354275  User: oesteban  Machine: dna058  Platform: Linux  PlatformVersion: 5.14.0-427.37.1.el9_4.x86_64  CompilerName: GCC  CompilerVersion: 8.4.0
ProgramName: mri_log_likelihood  ProgramArguments: mri_log_likelihood -all-info  ProgramVersion: 7.3.2  TimeStamp: 2026/03/15-07:28:36-GMT  BuildTime: Aug  4 2022 06:17:15  BuildStamp: freesurfer-linux-ubuntu22_x86_64-7.3.2-20220804-6354275  User: oesteban  Machine: dna058  Platform: Linux  PlatformVersion: 5.14.0-427.37.1.el9_4.x86_64  CompilerName: GCC  CompilerVersion: 8.4.0
ProgramName: mri_mask  ProgramArguments: mri_mask -all-info  ProgramVersion: 7.3.2  TimeStamp: 2026/03/15-07:28:36-GMT  BuildTime: Aug  4 2022 06:17:15  BuildStamp: freesurfer-linux-ubuntu22_x86_64-7.3.2-20220804-6354275  User: oesteban  Machine: dna058  Platform: Linux  PlatformVersion: 5.14.0-427.37.1.el9_4.x86_64  CompilerName: GCC  CompilerVersion: 8.4.0
ProgramName: mri_matrix_multiply  ProgramArguments: mri_matrix_multiply -all-info  ProgramVersion: 7.3.2  TimeStamp: 2026/03/15-07:28:36-GMT  BuildTime: Aug  4 2022 06:17:15  BuildStamp: freesurfer-linux-ubuntu22_x86_64-7.3.2-20220804-6354275  User: oesteban  Machine: dna058  Platform: Linux  PlatformVersion: 5.14.0-427.37.1.el9_4.x86_64  CompilerName: GCC  CompilerVersion: 8.4.0
ProgramName: mri_normalize  ProgramArguments: mri_normalize -all-info  ProgramVersion: 7.3.2  TimeStamp: 2026/03/15-07:28:36-GMT  BuildTime: Aug  4 2022 06:17:15  BuildStamp: freesurfer-linux-ubuntu22_x86_64-7.3.2-20220804-6354275  User: oesteban  Machine: dna058  Platform: Linux  PlatformVersion: 5.14.0-427.37.1.el9_4.x86_64  CompilerName: GCC  CompilerVersion: 8.4.0
ProgramName: mri_normalize_tp2  ProgramArguments: mri_normalize_tp2 -all-info  ProgramVersion: 7.3.2  TimeStamp: 2026/03/15-07:28:36-GMT  BuildTime: Aug  4 2022 06:17:15  BuildStamp: freesurfer-linux-ubuntu22_x86_64-7.3.2-20220804-6354275  User: oesteban  Machine: dna058  Platform: Linux  PlatformVersion: 5.14.0-427.37.1.el9_4.x86_64  CompilerName: GCC  CompilerVersion: 8.4.0
ProgramName: mri_or  ProgramArguments: mri_or -all-info  ProgramVersion: 7.3.2  TimeStamp: 2026/03/15-07:28:36-GMT  BuildTime: Aug  4 2022 06:17:15  BuildStamp: freesurfer-linux-ubuntu22_x86_64-7.3.2-20220804-6354275  User: oesteban  Machine: dna058  Platform: Linux  PlatformVersion: 5.14.0-427.37.1.el9_4.x86_64  CompilerName: GCC  CompilerVersion: 8.4.0
ProgramName: mri_relabel_hypointensities  ProgramArguments: mri_relabel_hypointensities -all-info  ProgramVersion: 7.3.2  TimeStamp: 2026/03/15-07:28:36-GMT  BuildTime: Aug  4 2022 06:17:15  BuildStamp: freesurfer-linux-ubuntu22_x86_64-7.3.2-20220804-6354275  User: oesteban  Machine: dna058  Platform: Linux  PlatformVersion: 5.14.0-427.37.1.el9_4.x86_64  CompilerName: GCC  CompilerVersion: 8.4.0
ProgramName: mri_relabel_nonwm_hypos  ProgramArguments: mri_relabel_nonwm_hypos -all-info  ProgramVersion: 7.3.2  TimeStamp: 2026/03/15-07:28:36-GMT  BuildTime: Aug  4 2022 06:17:15  BuildStamp: freesurfer-linux-ubuntu22_x86_64-7.3.2-20220804-6354275  User: oesteban  Machine: dna058  Platform: Linux  PlatformVersion: 5.14.0-427.37.1.el9_4.x86_64  CompilerName: GCC  CompilerVersion: 8.4.0
ProgramName: mri_remove_neck  ProgramArguments: mri_remove_neck -all-info  ProgramVersion: 7.3.2  TimeStamp: 2026/03/15-07:28:36-GMT  BuildTime: Aug  4 2022 06:17:15  BuildStamp: freesurfer-linux-ubuntu22_x86_64-7.3.2-20220804-6354275  User: oesteban  Machine: dna058  Platform: Linux  PlatformVersion: 5.14.0-427.37.1.el9_4.x86_64  CompilerName: GCC  CompilerVersion: 8.4.0
7.3.2

ProgramName: mri_robust_register  ProgramArguments: mri_robust_register -all-info  ProgramVersion: 7.3.2  TimeStamp: 2026/03/15-07:28:36-GMT  BuildTime: Aug  4 2022 06:17:15  BuildStamp: freesurfer-linux-ubuntu22_x86_64-7.3.2-20220804-6354275  User: oesteban  Machine: dna058  Platform: Linux  PlatformVersion: 5.14.0-427.37.1.el9_4.x86_64  CompilerName: GCC  CompilerVersion: 8.4.0
7.3.2

ProgramName: mri_robust_template  ProgramArguments: mri_robust_template -all-info  ProgramVersion: 7.3.2  TimeStamp: 2026/03/15-07:28:36-GMT  BuildTime: Aug  4 2022 06:17:15  BuildStamp: freesurfer-linux-ubuntu22_x86_64-7.3.2-20220804-6354275  User: oesteban  Machine: dna058  Platform: Linux  PlatformVersion: 5.14.0-427.37.1.el9_4.x86_64  CompilerName: GCC  CompilerVersion: 8.4.0
ProgramName: mris_anatomical_stats  ProgramArguments: mris_anatomical_stats -all-info  ProgramVersion: 7.3.2  TimeStamp: 2026/03/15-07:28:36-GMT  BuildTime: Aug  4 2022 06:17:15  BuildStamp: freesurfer-linux-ubuntu22_x86_64-7.3.2-20220804-6354275  User: oesteban  Machine: dna058  Platform: Linux  PlatformVersion: 5.14.0-427.37.1.el9_4.x86_64  CompilerName: GCC  CompilerVersion: 8.4.0
ProgramName: mris_ca_label  ProgramArguments: mris_ca_label -all-info  ProgramVersion: 7.3.2  TimeStamp: 2026/03/15-07:28:36-GMT  BuildTime: Aug  4 2022 06:17:15  BuildStamp: freesurfer-linux-ubuntu22_x86_64-7.3.2-20220804-6354275  User: oesteban  Machine: dna058  Platform: Linux  PlatformVersion: 5.14.0-427.37.1.el9_4.x86_64  CompilerName: GCC  CompilerVersion: 8.4.0
ProgramName: mris_calc  ProgramArguments: mris_calc -all-info  ProgramVersion: 7.3.2  TimeStamp: 2026/03/15-07:28:36-GMT  BuildTime: Aug  4 2022 06:17:15  BuildStamp: freesurfer-linux-ubuntu22_x86_64-7.3.2-20220804-6354275  User: oesteban  Machine: dna058  Platform: Linux  PlatformVersion: 5.14.0-427.37.1.el9_4.x86_64  CompilerName: GCC  CompilerVersion: 8.4.0
ProgramName: mris_convert  ProgramArguments: mris_convert -all-info  ProgramVersion: 7.3.2  TimeStamp: 2026/03/15-07:28:36-GMT  BuildTime: Aug  4 2022 06:17:15  BuildStamp: freesurfer-linux-ubuntu22_x86_64-7.3.2-20220804-6354275  User: oesteban  Machine: dna058  Platform: Linux  PlatformVersion: 5.14.0-427.37.1.el9_4.x86_64  CompilerName: GCC  CompilerVersion: 8.4.0
ProgramName: mris_curvature  ProgramArguments: mris_curvature -all-info  ProgramVersion: 7.3.2  TimeStamp: 2026/03/15-07:28:36-GMT  BuildTime: Aug  4 2022 06:17:15  BuildStamp: freesurfer-linux-ubuntu22_x86_64-7.3.2-20220804-6354275  User: oesteban  Machine: dna058  Platform: Linux  PlatformVersion: 5.14.0-427.37.1.el9_4.x86_64  CompilerName: GCC  CompilerVersion: 8.4.0
ProgramName: mris_curvature_stats  ProgramArguments: mris_curvature_stats -all-info  ProgramVersion: 7.3.2  TimeStamp: 2026/03/15-07:28:36-GMT  BuildTime: Aug  4 2022 06:17:15  BuildStamp: freesurfer-linux-ubuntu22_x86_64-7.3.2-20220804-6354275  User: oesteban  Machine: dna058  Platform: Linux  PlatformVersion: 5.14.0-427.37.1.el9_4.x86_64  CompilerName: GCC  CompilerVersion: 8.4.0
ProgramName: mris_diff  ProgramArguments: mris_diff -all-info  ProgramVersion: 7.3.2  TimeStamp: 2026/03/15-07:28:36-GMT  BuildTime: Aug  4 2022 06:17:15  BuildStamp: freesurfer-linux-ubuntu22_x86_64-7.3.2-20220804-6354275  User: oesteban  Machine: dna058  Platform: Linux  PlatformVersion: 5.14.0-427.37.1.el9_4.x86_64  CompilerName: GCC  CompilerVersion: 8.4.0
ProgramName: mris_divide_parcellation  ProgramArguments: mris_divide_parcellation -all-info  ProgramVersion: 7.3.2  TimeStamp: 2026/03/15-07:28:36-GMT  BuildTime: Aug  4 2022 06:17:15  BuildStamp: freesurfer-linux-ubuntu22_x86_64-7.3.2-20220804-6354275  User: oesteban  Machine: dna058  Platform: Linux  PlatformVersion: 5.14.0-427.37.1.el9_4.x86_64  CompilerName: GCC  CompilerVersion: 8.4.0
ProgramName: mri_segment  ProgramArguments: mri_segment -all-info  ProgramVersion: 7.3.2  TimeStamp: 2026/03/15-07:28:36-GMT  BuildTime: Aug  4 2022 06:17:15  BuildStamp: freesurfer-linux-ubuntu22_x86_64-7.3.2-20220804-6354275  User: oesteban  Machine: dna058  Platform: Linux  PlatformVersion: 5.14.0-427.37.1.el9_4.x86_64  CompilerName: GCC  CompilerVersion: 8.4.0
ProgramName: mri_segstats  ProgramArguments: mri_segstats -all-info  ProgramVersion: 7.3.2  TimeStamp: 2026/03/15-07:28:36-GMT  BuildTime: Aug  4 2022 06:17:15  BuildStamp: freesurfer-linux-ubuntu22_x86_64-7.3.2-20220804-6354275  User: oesteban  Machine: dna058  Platform: Linux  PlatformVersion: 5.14.0-427.37.1.el9_4.x86_64  CompilerName: GCC  CompilerVersion: 8.4.0
ProgramName: mris_euler_number  ProgramArguments: mris_euler_number -all-info  ProgramVersion: 7.3.2  TimeStamp: 2026/03/15-07:28:36-GMT  BuildTime: Aug  4 2022 06:17:15  BuildStamp: freesurfer-linux-ubuntu22_x86_64-7.3.2-20220804-6354275  User: oesteban  Machine: dna058  Platform: Linux  PlatformVersion: 5.14.0-427.37.1.el9_4.x86_64  CompilerName: GCC  CompilerVersion: 8.4.0
ProgramName: mris_fix_topology  ProgramArguments: mris_fix_topology -all-info  ProgramVersion: 7.3.2  TimeStamp: 2026/03/15-07:28:36-GMT  BuildTime: Aug  4 2022 06:17:15  BuildStamp: freesurfer-linux-ubuntu22_x86_64-7.3.2-20220804-6354275  User: oesteban  Machine: dna058  Platform: Linux  PlatformVersion: 5.14.0-427.37.1.el9_4.x86_64  CompilerName: GCC  CompilerVersion: 8.4.0
ProgramName: mris_topo_fixer  ProgramArguments: mris_topo_fixer -all-info  ProgramVersion: 7.3.2  TimeStamp: 2026/03/15-07:28:36-GMT  BuildTime: Aug  4 2022 06:17:15  BuildStamp: freesurfer-linux-ubuntu22_x86_64-7.3.2-20220804-6354275  User: oesteban  Machine: dna058  Platform: Linux  PlatformVersion: 5.14.0-427.37.1.el9_4.x86_64  CompilerName: GCC  CompilerVersion: 8.4.0
ProgramName: mris_jacobian  ProgramArguments: mris_jacobian -all-info  ProgramVersion: 7.3.2  TimeStamp: 2026/03/15-07:28:36-GMT  BuildTime: Aug  4 2022 06:17:15  BuildStamp: freesurfer-linux-ubuntu22_x86_64-7.3.2-20220804-6354275  User: oesteban  Machine: dna058  Platform: Linux  PlatformVersion: 5.14.0-427.37.1.el9_4.x86_64  CompilerName: GCC  CompilerVersion: 8.4.0
ProgramName: mris_label2annot  ProgramArguments: mris_label2annot -all-info  ProgramVersion: 7.3.2  TimeStamp: 2026/03/15-07:28:36-GMT  BuildTime: Aug  4 2022 06:17:15  BuildStamp: freesurfer-linux-ubuntu22_x86_64-7.3.2-20220804-6354275  User: oesteban  Machine: dna058  Platform: Linux  PlatformVersion: 5.14.0-427.37.1.el9_4.x86_64  CompilerName: GCC  CompilerVersion: 8.4.0
ProgramName: mris_left_right_register  ProgramArguments: mris_left_right_register -all-info  ProgramVersion: 7.3.2  TimeStamp: 2026/03/15-07:28:36-GMT  BuildTime: Aug  4 2022 06:17:15  BuildStamp: freesurfer-linux-ubuntu22_x86_64-7.3.2-20220804-6354275  User: oesteban  Machine: dna058  Platform: Linux  PlatformVersion: 5.14.0-427.37.1.el9_4.x86_64  CompilerName: GCC  CompilerVersion: 8.4.0
ProgramName: mris_place_surface  ProgramArguments: mris_place_surface -all-info  ProgramVersion: 7.3.2  TimeStamp: 2026/03/15-07:28:36-GMT  BuildTime: Aug  4 2022 06:17:15  BuildStamp: freesurfer-linux-ubuntu22_x86_64-7.3.2-20220804-6354275  User: oesteban  Machine: dna058  Platform: Linux  PlatformVersion: 5.14.0-427.37.1.el9_4.x86_64  CompilerName: GCC  CompilerVersion: 8.4.0
ProgramName: mrisp_paint  ProgramArguments: mrisp_paint -all-info  ProgramVersion: 7.3.2  TimeStamp: 2026/03/15-07:28:36-GMT  BuildTime: Aug  4 2022 06:17:15  BuildStamp: freesurfer-linux-ubuntu22_x86_64-7.3.2-20220804-6354275  User: oesteban  Machine: dna058  Platform: Linux  PlatformVersion: 5.14.0-427.37.1.el9_4.x86_64  CompilerName: GCC  CompilerVersion: 8.4.0
ProgramName: mris_register  ProgramArguments: mris_register -all-info  ProgramVersion: 7.3.2  TimeStamp: 2026/03/15-07:28:36-GMT  BuildTime: Aug  4 2022 06:17:15  BuildStamp: freesurfer-linux-ubuntu22_x86_64-7.3.2-20220804-6354275  User: oesteban  Machine: dna058  Platform: Linux  PlatformVersion: 5.14.0-427.37.1.el9_4.x86_64  CompilerName: GCC  CompilerVersion: 8.4.0
ProgramName: mris_smooth  ProgramArguments: mris_smooth -all-info  ProgramVersion: 7.3.2  TimeStamp: 2026/03/15-07:28:36-GMT  BuildTime: Aug  4 2022 06:17:15  BuildStamp: freesurfer-linux-ubuntu22_x86_64-7.3.2-20220804-6354275  User: oesteban  Machine: dna058  Platform: Linux  PlatformVersion: 5.14.0-427.37.1.el9_4.x86_64  CompilerName: GCC  CompilerVersion: 8.4.0
ProgramName: mris_sphere  ProgramArguments: mris_sphere -all-info  ProgramVersion: 7.3.2  TimeStamp: 2026/03/15-07:28:36-GMT  BuildTime: Aug  4 2022 06:17:15  BuildStamp: freesurfer-linux-ubuntu22_x86_64-7.3.2-20220804-6354275  User: oesteban  Machine: dna058  Platform: Linux  PlatformVersion: 5.14.0-427.37.1.el9_4.x86_64  CompilerName: GCC  CompilerVersion: 8.4.0
ProgramName: mris_surface_stats  ProgramArguments: mris_surface_stats -all-info  ProgramVersion: 7.3.2  TimeStamp: 2026/03/15-07:28:36-GMT  BuildTime: Aug  4 2022 06:17:15  BuildStamp: freesurfer-linux-ubuntu22_x86_64-7.3.2-20220804-6354275  User: oesteban  Machine: dna058  Platform: Linux  PlatformVersion: 5.14.0-427.37.1.el9_4.x86_64  CompilerName: GCC  CompilerVersion: 8.4.0
ProgramName: mri_stats2seg  ProgramArguments: mri_stats2seg -all-info  ProgramVersion: 7.3.2  TimeStamp: 2026/03/15-07:28:36-GMT  BuildTime: Aug  4 2022 06:17:15  BuildStamp: freesurfer-linux-ubuntu22_x86_64-7.3.2-20220804-6354275  User: oesteban  Machine: dna058  Platform: Linux  PlatformVersion: 5.14.0-427.37.1.el9_4.x86_64  CompilerName: GCC  CompilerVersion: 8.4.0
ProgramName: mris_thickness  ProgramArguments: mris_thickness -all-info  ProgramVersion: 7.3.2  TimeStamp: 2026/03/15-07:28:36-GMT  BuildTime: Aug  4 2022 06:17:15  BuildStamp: freesurfer-linux-ubuntu22_x86_64-7.3.2-20220804-6354275  User: oesteban  Machine: dna058  Platform: Linux  PlatformVersion: 5.14.0-427.37.1.el9_4.x86_64  CompilerName: GCC  CompilerVersion: 8.4.0
ProgramName: mris_thickness_diff  ProgramArguments: mris_thickness_diff -all-info  ProgramVersion: 7.3.2  TimeStamp: 2026/03/15-07:28:36-GMT  BuildTime: Aug  4 2022 06:17:15  BuildStamp: freesurfer-linux-ubuntu22_x86_64-7.3.2-20220804-6354275  User: oesteban  Machine: dna058  Platform: Linux  PlatformVersion: 5.14.0-427.37.1.el9_4.x86_64  CompilerName: GCC  CompilerVersion: 8.4.0
ProgramName: mris_topo_fixer  ProgramArguments: mris_topo_fixer -all-info  ProgramVersion: 7.3.2  TimeStamp: 2026/03/15-07:28:36-GMT  BuildTime: Aug  4 2022 06:17:15  BuildStamp: freesurfer-linux-ubuntu22_x86_64-7.3.2-20220804-6354275  User: oesteban  Machine: dna058  Platform: Linux  PlatformVersion: 5.14.0-427.37.1.el9_4.x86_64  CompilerName: GCC  CompilerVersion: 8.4.0
ProgramName: mri_surf2surf  ProgramArguments: mri_surf2surf -all-info  ProgramVersion: 7.3.2  TimeStamp: 2026/03/15-07:28:36-GMT  BuildTime: Aug  4 2022 06:17:15  BuildStamp: freesurfer-linux-ubuntu22_x86_64-7.3.2-20220804-6354275  User: oesteban  Machine: dna058  Platform: Linux  PlatformVersion: 5.14.0-427.37.1.el9_4.x86_64  CompilerName: GCC  CompilerVersion: 8.4.0
ProgramName: mri_surf2vol  ProgramArguments: mri_surf2vol -all-info  ProgramVersion: 7.3.2  TimeStamp: 2026/03/15-07:28:36-GMT  BuildTime: Aug  4 2022 06:17:15  BuildStamp: freesurfer-linux-ubuntu22_x86_64-7.3.2-20220804-6354275  User: oesteban  Machine: dna058  Platform: Linux  PlatformVersion: 5.14.0-427.37.1.el9_4.x86_64  CompilerName: GCC  CompilerVersion: 8.4.0
ProgramName: mri_surfcluster  ProgramArguments: mri_surfcluster -all-info  ProgramVersion: 7.3.2  TimeStamp: 2026/03/15-07:28:36-GMT  BuildTime: Aug  4 2022 06:17:15  BuildStamp: freesurfer-linux-ubuntu22_x86_64-7.3.2-20220804-6354275  User: oesteban  Machine: dna058  Platform: Linux  PlatformVersion: 5.14.0-427.37.1.el9_4.x86_64  CompilerName: GCC  CompilerVersion: 8.4.0
ProgramName: mris_volmask  ProgramArguments: mris_volmask -all-info  ProgramVersion: 7.3.2  TimeStamp: 2026/03/15-07:28:36-GMT  BuildTime: Aug  4 2022 06:17:15  BuildStamp: freesurfer-linux-ubuntu22_x86_64-7.3.2-20220804-6354275  User: oesteban  Machine: dna058  Platform: Linux  PlatformVersion: 5.14.0-427.37.1.el9_4.x86_64  CompilerName: GCC  CompilerVersion: 8.4.0
ProgramName: mri_tessellate  ProgramArguments: mri_tessellate -all-info  ProgramVersion: 7.3.2  TimeStamp: 2026/03/15-07:28:36-GMT  BuildTime: Aug  4 2022 06:17:15  BuildStamp: freesurfer-linux-ubuntu22_x86_64-7.3.2-20220804-6354275  User: oesteban  Machine: dna058  Platform: Linux  PlatformVersion: 5.14.0-427.37.1.el9_4.x86_64  CompilerName: GCC  CompilerVersion: 8.4.0
ProgramName: mri_vol2surf  ProgramArguments: mri_vol2surf -all-info  ProgramVersion: 7.3.2  TimeStamp: 2026/03/15-07:28:36-GMT  BuildTime: Aug  4 2022 06:17:15  BuildStamp: freesurfer-linux-ubuntu22_x86_64-7.3.2-20220804-6354275  User: oesteban  Machine: dna058  Platform: Linux  PlatformVersion: 5.14.0-427.37.1.el9_4.x86_64  CompilerName: GCC  CompilerVersion: 8.4.0
ProgramName: mri_vol2vol  ProgramArguments: mri_vol2vol -all-info  ProgramVersion: 7.3.2  TimeStamp: 2026/03/15-07:28:36-GMT  BuildTime: Aug  4 2022 06:17:15  BuildStamp: freesurfer-linux-ubuntu22_x86_64-7.3.2-20220804-6354275  User: oesteban  Machine: dna058  Platform: Linux  PlatformVersion: 5.14.0-427.37.1.el9_4.x86_64  CompilerName: GCC  CompilerVersion: 8.4.0
ProgramName: mri_voldiff  ProgramArguments: mri_voldiff -all-info  ProgramVersion: 7.3.2  TimeStamp: 2026/03/15-07:28:36-GMT  BuildTime: Aug  4 2022 06:17:15  BuildStamp: freesurfer-linux-ubuntu22_x86_64-7.3.2-20220804-6354275  User: oesteban  Machine: dna058  Platform: Linux  PlatformVersion: 5.14.0-427.37.1.el9_4.x86_64  CompilerName: GCC  CompilerVersion: 8.4.0
ProgramName: mri_watershed  ProgramArguments: mri_watershed -all-info  ProgramVersion: 7.3.2  TimeStamp: 2026/03/15-07:28:36-GMT  BuildTime: Aug  4 2022 06:17:15  BuildStamp: freesurfer-linux-ubuntu22_x86_64-7.3.2-20220804-6354275  User: oesteban  Machine: dna058  Platform: Linux  PlatformVersion: 5.14.0-427.37.1.el9_4.x86_64  CompilerName: GCC  CompilerVersion: 8.4.0
ProgramName: tkregister2  ProgramArguments: tkregister2_cmdl -all-info  ProgramVersion: 7.3.2  TimeStamp: 2026/03/15-07:28:36-GMT  BuildTime: Aug  4 2022 06:17:15  BuildStamp: freesurfer-linux-ubuntu22_x86_64-7.3.2-20220804-6354275  User: oesteban  Machine: dna058  Platform: Linux  PlatformVersion: 5.14.0-427.37.1.el9_4.x86_64  CompilerName: GCC  CompilerVersion: 8.4.0
mri_motion_correct.fsl 7.3.2
mri_convert -all-info 
ProgramName: mri_convert  ProgramArguments: mri_convert -all-info  ProgramVersion: 7.3.2  TimeStamp: 2026/03/15-07:28:36-GMT  BuildTime: Aug  4 2022 06:17:15  BuildStamp: freesurfer-linux-ubuntu22_x86_64-7.3.2-20220804-6354275  User: oesteban  Machine: dna058  Platform: Linux  PlatformVersion: 5.14.0-427.37.1.el9_4.x86_64  CompilerName: GCC  CompilerVersion: 8.4.0
Program nu_correct, built from:
Package MNI N3, version 1.12.0, compiled by nicks@terrier (x86_64-unknown-linux-gnu) on 2015-06-19 at 01:25:34
#######################################
GCADIR /opt/freesurfer/average
GCA RB_all_2020-01-02.gca
GCASkull RB_all_withskull_2020_01_02.gca
AvgCurvTif folding.atlas.acfb40.noaparc.i12.2016-08-02.tif
GCSDIR /opt/freesurfer/average
GCS DKaparc.atlas.acfb40.noaparc.i12.2016-08-02.gcs
#######################################
#-------------------------------------
#@# EM Registration Sun Mar 15 08:28:36 CET 2026
/out/sourcedata/freesurfer/sub-v2s10x28989_ses-1/mri

 mri_em_register -uns 3 -mask brainmask.mgz nu.mgz /opt/freesurfer/average/RB_all_2020-01-02.gca transforms/talairach.lta 

setting unknown_nbr_spacing = 3
using MR volume brainmask.mgz to mask input volume...

== Number of threads available to mri_em_register for OpenMP = 16 == 
reading 1 input volumes...
logging results to talairach.log
reading '/opt/freesurfer/average/RB_all_2020-01-02.gca'...
GCAread took 0 minutes and 1 seconds.
average std = 7.2   using min determinant for regularization = 5.2
0 singular and 884 ill-conditioned covariance matrices regularized
reading 'nu.mgz'...
MRImask(): AllowDiffGeom = 1
MRImask(): AllowDiffGeom = 1
MRImask(): AllowDiffGeom = 1
MRImask(): AllowDiffGeom = 1
MRImask(): AllowDiffGeom = 1
freeing gibbs priors...done.
accounting for voxel sizes in initial transform
bounding unknown intensity as < 5.9 or > 519.0 
total sample mean = 79.1 (1017 zeros)
************************************************
spacing=8, using 2841 sample points, tol=1.00e-05...
************************************************
register_mri: find_optimal_transform
find_optimal_transform: nsamples 2841, passno 0, spacing 8
resetting wm mean[0]: 98 --> 107
resetting gm mean[0]: 61 --> 61
input volume #1 is the most T1-like
using real data threshold=28.9
skull bounding box = (61, 30, 27) --> (192, 148, 200)
finding center of left hemi white matter
using (105, 69, 114) as brain centroid of Right_Cerebral_White_Matter...
MRImask(): AllowDiffGeom = 1
mean wm in atlas = 107, using box (89,55,93) --> (121, 83,135) to find MRI wm
before smoothing, mri peak at 107
robust fit to distribution - 107 +- 3.9
after smoothing, mri peak at 107, scaling input intensities by 1.000
scaling channel 0 by 1
initial log_p = -4.590
************************************************
First Search limited to translation only.
************************************************
max log p =    -4.129723 @ (-10.526, 31.579, -10.526)
max log p =    -3.648102 @ (5.263, -5.263, 5.263)
max log p =    -3.585279 @ (2.632, 2.632, 2.632)
max log p =    -3.580602 @ (-1.316, -3.947, 1.316)
max log p =    -3.554739 @ (1.974, 0.658, -1.974)
max log p =    -3.554739 @ (0.000, 0.000, 0.000)
max log p =    -3.554739 @ (0.000, 0.000, 0.000)
max log p =    -3.554739 @ (0.000, 0.000, 0.000)
Found translation: (-2.0, 25.7, -3.3): log p = -3.555
****************************************
Nine parameter search.  iteration 0 nscales = 0 ...
****************************************
Result so far: scale 1.000: max_log_p=-3.414, old_max_log_p =-3.555 (thresh=-3.6)
 1.07500   0.00000   0.00000  -11.63188;
 0.00000   1.06375   0.00000   19.68883;
 0.00000   0.00000   1.00000  -3.28948;
 0.00000   0.00000   0.00000   1.00000;
iteration took 0 minutes and 12 seconds.
****************************************
Nine parameter search.  iteration 1 nscales = 0 ...
****************************************
Result so far: scale 1.000: max_log_p=-3.407, old_max_log_p =-3.414 (thresh=-3.4)
 1.07500   0.00000   0.00000  -11.63188;
 0.00000   1.13375   0.14032  -2.11906;
 0.00000  -0.13885   0.99144   10.64115;
 0.00000   0.00000   0.00000   1.00000;
iteration took 0 minutes and 10 seconds.
****************************************
Nine parameter search.  iteration 2 nscales = 0 ...
****************************************
Result so far: scale 1.000: max_log_p=-3.399, old_max_log_p =-3.407 (thresh=-3.4)
 1.07500   0.00000   0.00000  -11.63188;
 0.00000   1.14217   0.00971   11.29086;
 0.00000   0.01032   1.00128  -4.39510;
 0.00000   0.00000   0.00000   1.00000;
iteration took 0 minutes and 12 seconds.
****************************************
Nine parameter search.  iteration 3 nscales = 0 ...
****************************************
Result so far: scale 1.000: max_log_p=-3.399, old_max_log_p =-3.399 (thresh=-3.4)
 1.07500   0.00000   0.00000  -11.63188;
 0.00000   1.14217   0.00971   11.29086;
 0.00000   0.01032   1.00128  -4.39510;
 0.00000   0.00000   0.00000   1.00000;
reducing scale to 0.2500
iteration took 0 minutes and 11 seconds.
****************************************
Nine parameter search.  iteration 4 nscales = 1 ...
****************************************
Result so far: scale 0.250: max_log_p=-3.284, old_max_log_p =-3.399 (thresh=-3.4)
 1.07197   0.04018  -0.06504  -6.05916;
-0.04044   1.11936   0.00934   20.54882;
 0.07016   0.00767   0.99896  -12.92877;
 0.00000   0.00000   0.00000   1.00000;
iteration took 0 minutes and 11 seconds.
****************************************
Nine parameter search.  iteration 5 nscales = 1 ...
****************************************
Result so far: scale 0.250: max_log_p=-3.283, old_max_log_p =-3.284 (thresh=-3.3)
 1.07374   0.03921  -0.03235  -11.62753;
-0.03884   1.14000   0.04281   14.80639;
 0.03701  -0.03083   1.01846  -7.30060;
 0.00000   0.00000   0.00000   1.00000;
reducing scale to 0.0625
iteration took 0 minutes and 11 seconds.
****************************************
Nine parameter search.  iteration 6 nscales = 2 ...
****************************************
Result so far: scale 0.062: max_log_p=-3.239, old_max_log_p =-3.283 (thresh=-3.3)
 1.07258   0.04049  -0.07402  -5.66536;
-0.03888   1.14133   0.04286   15.15380;
 0.08065  -0.02910   1.01271  -11.98169;
 0.00000   0.00000   0.00000   1.00000;
iteration took 0 minutes and 11 seconds.
****************************************
Nine parameter search.  iteration 7 nscales = 2 ...
****************************************
Result so far: scale 0.062: max_log_p=-3.234, old_max_log_p =-3.239 (thresh=-3.2)
 1.07258   0.04049  -0.07402  -5.66536;
-0.03902   1.14535   0.04301   14.78741;
 0.08046  -0.02903   1.01034  -11.70652;
 0.00000   0.00000   0.00000   1.00000;
iteration took 0 minutes and 11 seconds.
****************************************
Nine parameter search.  iteration 8 nscales = 2 ...
****************************************
Result so far: scale 0.062: max_log_p=-3.234, old_max_log_p =-3.234 (thresh=-3.2)
 1.07258   0.04049  -0.07402  -5.66536;
-0.03902   1.14535   0.04301   14.78741;
 0.08046  -0.02903   1.01034  -11.70652;
 0.00000   0.00000   0.00000   1.00000;
min search scale 0.025000 reached
***********************************************
Computing MAP estimate using 2841 samples...
***********************************************
dt = 5.00e-06, momentum=0.80, tol=1.00e-05
l_intensity = 1.0000
Aligning input volume to GCA...
Transform matrix
 1.07258   0.04049  -0.07402  -5.66536;
-0.03902   1.14535   0.04301   14.78741;
 0.08046  -0.02903   1.01034  -11.70652;
 0.00000   0.00000   0.00000   1.00000;
nsamples 2841
Quasinewton: input matrix
 1.07258   0.04049  -0.07402  -5.66536;
-0.03902   1.14535   0.04301   14.78741;
 0.08046  -0.02903   1.01034  -11.70652;
 0.00000   0.00000   0.00000   1.00000;
 IFLAG= -1  LINE SEARCH FAILED. SEE DOCUMENTATION OF ROUTINE MCSRCH ERROR RETURN OF LINE SEARCH: INFO= 3 POSSIBLE CAUSES: FUNCTION OR GRADIENT ARE INCORRECT OR INCORRECT TOLERANCESoutof QuasiNewtonEMA: 011: -log(p) =   -0.0  tol 0.000010
Resulting transform:
 1.07258   0.04049  -0.07402  -5.66536;
-0.03902   1.14535   0.04301   14.78741;
 0.08046  -0.02903   1.01034  -11.70652;
 0.00000   0.00000   0.00000   1.00000;

pass 1, spacing 8: log(p) = -3.234 (old=-4.590)
transform before final EM align:
 1.07258   0.04049  -0.07402  -5.66536;
-0.03902   1.14535   0.04301   14.78741;
 0.08046  -0.02903   1.01034  -11.70652;
 0.00000   0.00000   0.00000   1.00000;

**************************************************
 EM alignment process ...
 Computing final MAP estimate using 315638 samples. 
**************************************************
dt = 5.00e-06, momentum=0.80, tol=1.00e-07
l_intensity = 1.0000
Aligning input volume to GCA...
Transform matrix
 1.07258   0.04049  -0.07402  -5.66536;
-0.03902   1.14535   0.04301   14.78741;
 0.08046  -0.02903   1.01034  -11.70652;
 0.00000   0.00000   0.00000   1.00000;
nsamples 315638
Quasinewton: input matrix
 1.07258   0.04049  -0.07402  -5.66536;
-0.03902   1.14535   0.04301   14.78741;
 0.08046  -0.02903   1.01034  -11.70652;
 0.00000   0.00000   0.00000   1.00000;
 IFLAG= -1  LINE SEARCH FAILED. SEE DOCUMENTATION OF ROUTINE MCSRCH ERROR RETURN OF LINE SEARCH: INFO= 6 POSSIBLE CAUSES: FUNCTION OR GRADIENT ARE INCORRECT OR INCORRECT TOLERANCESoutof QuasiNewtonEMA: 013: -log(p) =    3.8  tol 0.000000
final transform:
 1.07258   0.04049  -0.07402  -5.66536;
-0.03902   1.14535   0.04301   14.78741;
 0.08046  -0.02903   1.01034  -11.70652;
 0.00000   0.00000   0.00000   1.00000;

writing output transformation to transforms/talairach.lta...
#VMPC# mri_em_register VmPeak  891284
FSRUNTIME@ mri_em_register  0.0365 hours 16 threads
registration took 2 minutes and 11 seconds.

Started at Sun Mar 15 08:28:36 CET 2026 
Ended   at Sun Mar 15 08:30:47 CET 2026
#@#%# recon-all-run-time-hours 0.036
recon-all -s sub-v2s10x28989_ses-1 finished without error at Sun Mar 15 08:30:47 CET 2026



#New# invocation of recon-all 




Sun Mar 15 08:30:50 CET 2026
cd /out/sourcedata/freesurfer/sub-v2s10x28989_ses-1
setenv SUBJECTS_DIR /out/sourcedata/freesurfer
/opt/freesurfer/bin/recon-all -autorecon2-volonly -openmp 16 -subjid sub-v2s10x28989_ses-1 -sd /out/sourcedata/freesurfer -nogcareg

subjid sub-v2s10x28989_ses-1
setenv SUBJECTS_DIR /out/sourcedata/freesurfer
FREESURFER_HOME /opt/freesurfer
Actual FREESURFER_HOME /opt/freesurfer
build-stamp.txt: freesurfer-linux-ubuntu22_x86_64-7.3.2-20220804-6354275
Linux dna058 5.14.0-427.37.1.el9_4.x86_64 #1 SMP PREEMPT_DYNAMIC Fri Sep 13 12:41:50 EDT 2024 x86_64 x86_64 x86_64 GNU/Linux
cputime      unlimited
filesize     unlimited
datasize     unlimited
stacksize    8192 kbytes
coredumpsize 0 kbytes
memoryuse    67108864 kbytes
vmemoryuse   unlimited
descriptors  1024 
memorylocked unlimited
maxproc      2061970 
maxlocks     unlimited
maxsignal    2061970 
maxmessage   819200 
maxnice      0 
maxrtprio    0 
maxrttime    unlimited

               total        used        free      shared  buff/cache   available
Mem:           503Gi        58Gi        84Gi        18Gi       361Gi       422Gi
Swap:             0B          0B          0B

########################################
program versions used
7.3.2 (freesurfer-linux-ubuntu22_x86_64-7.3.2-20220804-6354275)
7.3.2

ProgramName: lta_convert  ProgramArguments: lta_convert -all-info  ProgramVersion: 7.3.2  TimeStamp: 2026/03/15-07:30:50-GMT  BuildTime: Aug  4 2022 06:17:15  BuildStamp: freesurfer-linux-ubuntu22_x86_64-7.3.2-20220804-6354275  User: oesteban  Machine: dna058  Platform: Linux  PlatformVersion: 5.14.0-427.37.1.el9_4.x86_64  CompilerName: GCC  CompilerVersion: 8.4.0
ProgramName: mri_and  ProgramArguments: mri_and -all-info  ProgramVersion: 7.3.2  TimeStamp: 2026/03/15-07:30:50-GMT  BuildTime: Aug  4 2022 06:17:15  BuildStamp: freesurfer-linux-ubuntu22_x86_64-7.3.2-20220804-6354275  User: oesteban  Machine: dna058  Platform: Linux  PlatformVersion: 5.14.0-427.37.1.el9_4.x86_64  CompilerName: GCC  CompilerVersion: 8.4.0
ProgramName: mri_annotation2label  ProgramArguments: mri_annotation2label -all-info  ProgramVersion: 7.3.2  TimeStamp: 2026/03/15-07:30:50-GMT  BuildTime: Aug  4 2022 06:17:15  BuildStamp: freesurfer-linux-ubuntu22_x86_64-7.3.2-20220804-6354275  User: oesteban  Machine: dna058  Platform: Linux  PlatformVersion: 5.14.0-427.37.1.el9_4.x86_64  CompilerName: GCC  CompilerVersion: 8.4.0
ProgramName: mri_aparc2aseg  ProgramArguments: mri_aparc2aseg -all-info  ProgramVersion: 7.3.2  TimeStamp: 2026/03/15-07:30:50-GMT  BuildTime: Aug  4 2022 06:17:15  BuildStamp: freesurfer-linux-ubuntu22_x86_64-7.3.2-20220804-6354275  User: oesteban  Machine: dna058  Platform: Linux  PlatformVersion: 5.14.0-427.37.1.el9_4.x86_64  CompilerName: GCC  CompilerVersion: 8.4.0
ProgramName: mri_surf2volseg  ProgramArguments: mri_surf2volseg -all-info  ProgramVersion: 7.3.2  TimeStamp: 2026/03/15-07:30:50-GMT  BuildTime: Aug  4 2022 06:17:15  BuildStamp: freesurfer-linux-ubuntu22_x86_64-7.3.2-20220804-6354275  User: oesteban  Machine: dna058  Platform: Linux  PlatformVersion: 5.14.0-427.37.1.el9_4.x86_64  CompilerName: GCC  CompilerVersion: 8.4.0
ProgramName: mri_binarize  ProgramArguments: mri_binarize -all-info  ProgramVersion: 7.3.2  TimeStamp: 2026/03/15-07:30:50-GMT  BuildTime: Aug  4 2022 06:17:15  BuildStamp: freesurfer-linux-ubuntu22_x86_64-7.3.2-20220804-6354275  User: oesteban  Machine: dna058  Platform: Linux  PlatformVersion: 5.14.0-427.37.1.el9_4.x86_64  CompilerName: GCC  CompilerVersion: 8.4.0
ProgramName: mri_ca_label  ProgramArguments: mri_ca_label -all-info  ProgramVersion: 7.3.2  TimeStamp: 2026/03/15-07:30:50-GMT  BuildTime: Aug  4 2022 06:17:15  BuildStamp: freesurfer-linux-ubuntu22_x86_64-7.3.2-20220804-6354275  User: oesteban  Machine: dna058  Platform: Linux  PlatformVersion: 5.14.0-427.37.1.el9_4.x86_64  CompilerName: GCC  CompilerVersion: 8.4.0
ProgramName: mri_ca_normalize  ProgramArguments: mri_ca_normalize -all-info  ProgramVersion: 7.3.2  TimeStamp: 2026/03/15-07:30:50-GMT  BuildTime: Aug  4 2022 06:17:15  BuildStamp: freesurfer-linux-ubuntu22_x86_64-7.3.2-20220804-6354275  User: oesteban  Machine: dna058  Platform: Linux  PlatformVersion: 5.14.0-427.37.1.el9_4.x86_64  CompilerName: GCC  CompilerVersion: 8.4.0
ProgramName: mri_ca_register  ProgramArguments: mri_ca_register -all-info  ProgramVersion: 7.3.2  TimeStamp: 2026/03/15-07:30:50-GMT  BuildTime: Aug  4 2022 06:17:15  BuildStamp: freesurfer-linux-ubuntu22_x86_64-7.3.2-20220804-6354275  User: oesteban  Machine: dna058  Platform: Linux  PlatformVersion: 5.14.0-427.37.1.el9_4.x86_64  CompilerName: GCC  CompilerVersion: 8.4.0
ProgramName: mri_cc  ProgramArguments: mri_cc -all-info  ProgramVersion: 7.3.2  TimeStamp: 2026/03/15-07:30:50-GMT  BuildTime: Aug  4 2022 06:17:15  BuildStamp: freesurfer-linux-ubuntu22_x86_64-7.3.2-20220804-6354275  User: oesteban  Machine: dna058  Platform: Linux  PlatformVersion: 5.14.0-427.37.1.el9_4.x86_64  CompilerName: GCC  CompilerVersion: 8.4.0
ProgramName: mri_compute_overlap  ProgramArguments: mri_compute_overlap -all-info  ProgramVersion: 7.3.2  TimeStamp: 2026/03/15-07:30:50-GMT  BuildTime: Aug  4 2022 06:17:15  BuildStamp: freesurfer-linux-ubuntu22_x86_64-7.3.2-20220804-6354275  User: oesteban  Machine: dna058  Platform: Linux  PlatformVersion: 5.14.0-427.37.1.el9_4.x86_64  CompilerName: GCC  CompilerVersion: 8.4.0
ProgramName: mri_compute_seg_overlap  ProgramArguments: mri_compute_seg_overlap -all-info  ProgramVersion: 7.3.2  TimeStamp: 2026/03/15-07:30:50-GMT  BuildTime: Aug  4 2022 06:17:15  BuildStamp: freesurfer-linux-ubuntu22_x86_64-7.3.2-20220804-6354275  User: oesteban  Machine: dna058  Platform: Linux  PlatformVersion: 5.14.0-427.37.1.el9_4.x86_64  CompilerName: GCC  CompilerVersion: 8.4.0
ProgramName: mri_concat  ProgramArguments: mri_concat -all-info  ProgramVersion: 7.3.2  TimeStamp: 2026/03/15-07:30:50-GMT  BuildTime: Aug  4 2022 06:17:15  BuildStamp: freesurfer-linux-ubuntu22_x86_64-7.3.2-20220804-6354275  User: oesteban  Machine: dna058  Platform: Linux  PlatformVersion: 5.14.0-427.37.1.el9_4.x86_64  CompilerName: GCC  CompilerVersion: 8.4.0
ProgramName: mri_concatenate_lta  ProgramArguments: mri_concatenate_lta -all-info  ProgramVersion: 7.3.2  TimeStamp: 2026/03/15-07:30:50-GMT  BuildTime: Aug  4 2022 06:17:15  BuildStamp: freesurfer-linux-ubuntu22_x86_64-7.3.2-20220804-6354275  User: oesteban  Machine: dna058  Platform: Linux  PlatformVersion: 5.14.0-427.37.1.el9_4.x86_64  CompilerName: GCC  CompilerVersion: 8.4.0
mri_convert -all-info 
ProgramName: mri_convert  ProgramArguments: mri_convert -all-info  ProgramVersion: 7.3.2  TimeStamp: 2026/03/15-07:30:50-GMT  BuildTime: Aug  4 2022 06:17:15  BuildStamp: freesurfer-linux-ubuntu22_x86_64-7.3.2-20220804-6354275  User: oesteban  Machine: dna058  Platform: Linux  PlatformVersion: 5.14.0-427.37.1.el9_4.x86_64  CompilerName: GCC  CompilerVersion: 8.4.0
ProgramName: mri_diff  ProgramArguments: mri_diff -all-info  ProgramVersion: 7.3.2  TimeStamp: 2026/03/15-07:30:50-GMT  BuildTime: Aug  4 2022 06:17:15  BuildStamp: freesurfer-linux-ubuntu22_x86_64-7.3.2-20220804-6354275  User: oesteban  Machine: dna058  Platform: Linux  PlatformVersion: 5.14.0-427.37.1.el9_4.x86_64  CompilerName: GCC  CompilerVersion: 8.4.0
ProgramName: mri_edit_wm_with_aseg  ProgramArguments: mri_edit_wm_with_aseg -all-info  ProgramVersion: 7.3.2  TimeStamp: 2026/03/15-07:30:50-GMT  BuildTime: Aug  4 2022 06:17:15  BuildStamp: freesurfer-linux-ubuntu22_x86_64-7.3.2-20220804-6354275  User: oesteban  Machine: dna058  Platform: Linux  PlatformVersion: 5.14.0-427.37.1.el9_4.x86_64  CompilerName: GCC  CompilerVersion: 8.4.0
ProgramName: mri_em_register  ProgramArguments: mri_em_register -all-info  ProgramVersion: 7.3.2  TimeStamp: 2026/03/15-07:30:50-GMT  BuildTime: Aug  4 2022 06:17:15  BuildStamp: freesurfer-linux-ubuntu22_x86_64-7.3.2-20220804-6354275  User: oesteban  Machine: dna058  Platform: Linux  PlatformVersion: 5.14.0-427.37.1.el9_4.x86_64  CompilerName: GCC  CompilerVersion: 8.4.0
ProgramName: mri_fill  ProgramArguments: mri_fill -all-info  ProgramVersion: 7.3.2  TimeStamp: 2026/03/15-07:30:50-GMT  BuildTime: Aug  4 2022 06:17:15  BuildStamp: freesurfer-linux-ubuntu22_x86_64-7.3.2-20220804-6354275  User: oesteban  Machine: dna058  Platform: Linux  PlatformVersion: 5.14.0-427.37.1.el9_4.x86_64  CompilerName: GCC  CompilerVersion: 8.4.0
ProgramName: mri_fuse_segmentations  ProgramArguments: mri_fuse_segmentations -all-info  ProgramVersion: 7.3.2  TimeStamp: 2026/03/15-07:30:50-GMT  BuildTime: Aug  4 2022 06:17:15  BuildStamp: freesurfer-linux-ubuntu22_x86_64-7.3.2-20220804-6354275  User: oesteban  Machine: dna058  Platform: Linux  PlatformVersion: 5.14.0-427.37.1.el9_4.x86_64  CompilerName: GCC  CompilerVersion: 8.4.0
ProgramName: mri_fwhm  ProgramArguments: mri_fwhm -all-info  ProgramVersion: 7.3.2  TimeStamp: 2026/03/15-07:30:50-GMT  BuildTime: Aug  4 2022 06:17:15  BuildStamp: freesurfer-linux-ubuntu22_x86_64-7.3.2-20220804-6354275  User: oesteban  Machine: dna058  Platform: Linux  PlatformVersion: 5.14.0-427.37.1.el9_4.x86_64  CompilerName: GCC  CompilerVersion: 8.4.0
ProgramName: mri_gcut  ProgramArguments: mri_gcut -all-info  ProgramVersion: 7.3.2  TimeStamp: 2026/03/15-07:30:50-GMT  BuildTime: Aug  4 2022 06:17:15  BuildStamp: freesurfer-linux-ubuntu22_x86_64-7.3.2-20220804-6354275  User: oesteban  Machine: dna058  Platform: Linux  PlatformVersion: 5.14.0-427.37.1.el9_4.x86_64  CompilerName: GCC  CompilerVersion: 8.4.0
ProgramName: mri_info  ProgramArguments: mri_info -all-info  ProgramVersion: 7.3.2  TimeStamp: 2026/03/15-07:30:50-GMT  BuildTime: Aug  4 2022 06:17:15  BuildStamp: freesurfer-linux-ubuntu22_x86_64-7.3.2-20220804-6354275  User: oesteban  Machine: dna058  Platform: Linux  PlatformVersion: 5.14.0-427.37.1.el9_4.x86_64  CompilerName: GCC  CompilerVersion: 8.4.0
ProgramName: mri_label2label  ProgramArguments: mri_label2label -all-info  ProgramVersion: 7.3.2  TimeStamp: 2026/03/15-07:30:50-GMT  BuildTime: Aug  4 2022 06:17:15  BuildStamp: freesurfer-linux-ubuntu22_x86_64-7.3.2-20220804-6354275  User: oesteban  Machine: dna058  Platform: Linux  PlatformVersion: 5.14.0-427.37.1.el9_4.x86_64  CompilerName: GCC  CompilerVersion: 8.4.0
ProgramName: mri_label2vol  ProgramArguments: mri_label2vol -all-info  ProgramVersion: 7.3.2  TimeStamp: 2026/03/15-07:30:50-GMT  BuildTime: Aug  4 2022 06:17:15  BuildStamp: freesurfer-linux-ubuntu22_x86_64-7.3.2-20220804-6354275  User: oesteban  Machine: dna058  Platform: Linux  PlatformVersion: 5.14.0-427.37.1.el9_4.x86_64  CompilerName: GCC  CompilerVersion: 8.4.0
ProgramName: mri_log_likelihood  ProgramArguments: mri_log_likelihood -all-info  ProgramVersion: 7.3.2  TimeStamp: 2026/03/15-07:30:50-GMT  BuildTime: Aug  4 2022 06:17:15  BuildStamp: freesurfer-linux-ubuntu22_x86_64-7.3.2-20220804-6354275  User: oesteban  Machine: dna058  Platform: Linux  PlatformVersion: 5.14.0-427.37.1.el9_4.x86_64  CompilerName: GCC  CompilerVersion: 8.4.0
ProgramName: mri_mask  ProgramArguments: mri_mask -all-info  ProgramVersion: 7.3.2  TimeStamp: 2026/03/15-07:30:50-GMT  BuildTime: Aug  4 2022 06:17:15  BuildStamp: freesurfer-linux-ubuntu22_x86_64-7.3.2-20220804-6354275  User: oesteban  Machine: dna058  Platform: Linux  PlatformVersion: 5.14.0-427.37.1.el9_4.x86_64  CompilerName: GCC  CompilerVersion: 8.4.0
ProgramName: mri_matrix_multiply  ProgramArguments: mri_matrix_multiply -all-info  ProgramVersion: 7.3.2  TimeStamp: 2026/03/15-07:30:50-GMT  BuildTime: Aug  4 2022 06:17:15  BuildStamp: freesurfer-linux-ubuntu22_x86_64-7.3.2-20220804-6354275  User: oesteban  Machine: dna058  Platform: Linux  PlatformVersion: 5.14.0-427.37.1.el9_4.x86_64  CompilerName: GCC  CompilerVersion: 8.4.0
ProgramName: mri_normalize  ProgramArguments: mri_normalize -all-info  ProgramVersion: 7.3.2  TimeStamp: 2026/03/15-07:30:50-GMT  BuildTime: Aug  4 2022 06:17:15  BuildStamp: freesurfer-linux-ubuntu22_x86_64-7.3.2-20220804-6354275  User: oesteban  Machine: dna058  Platform: Linux  PlatformVersion: 5.14.0-427.37.1.el9_4.x86_64  CompilerName: GCC  CompilerVersion: 8.4.0
ProgramName: mri_normalize_tp2  ProgramArguments: mri_normalize_tp2 -all-info  ProgramVersion: 7.3.2  TimeStamp: 2026/03/15-07:30:50-GMT  BuildTime: Aug  4 2022 06:17:15  BuildStamp: freesurfer-linux-ubuntu22_x86_64-7.3.2-20220804-6354275  User: oesteban  Machine: dna058  Platform: Linux  PlatformVersion: 5.14.0-427.37.1.el9_4.x86_64  CompilerName: GCC  CompilerVersion: 8.4.0
ProgramName: mri_or  ProgramArguments: mri_or -all-info  ProgramVersion: 7.3.2  TimeStamp: 2026/03/15-07:30:50-GMT  BuildTime: Aug  4 2022 06:17:15  BuildStamp: freesurfer-linux-ubuntu22_x86_64-7.3.2-20220804-6354275  User: oesteban  Machine: dna058  Platform: Linux  PlatformVersion: 5.14.0-427.37.1.el9_4.x86_64  CompilerName: GCC  CompilerVersion: 8.4.0
ProgramName: mri_relabel_hypointensities  ProgramArguments: mri_relabel_hypointensities -all-info  ProgramVersion: 7.3.2  TimeStamp: 2026/03/15-07:30:50-GMT  BuildTime: Aug  4 2022 06:17:15  BuildStamp: freesurfer-linux-ubuntu22_x86_64-7.3.2-20220804-6354275  User: oesteban  Machine: dna058  Platform: Linux  PlatformVersion: 5.14.0-427.37.1.el9_4.x86_64  CompilerName: GCC  CompilerVersion: 8.4.0
ProgramName: mri_relabel_nonwm_hypos  ProgramArguments: mri_relabel_nonwm_hypos -all-info  ProgramVersion: 7.3.2  TimeStamp: 2026/03/15-07:30:50-GMT  BuildTime: Aug  4 2022 06:17:15  BuildStamp: freesurfer-linux-ubuntu22_x86_64-7.3.2-20220804-6354275  User: oesteban  Machine: dna058  Platform: Linux  PlatformVersion: 5.14.0-427.37.1.el9_4.x86_64  CompilerName: GCC  CompilerVersion: 8.4.0
ProgramName: mri_remove_neck  ProgramArguments: mri_remove_neck -all-info  ProgramVersion: 7.3.2  TimeStamp: 2026/03/15-07:30:50-GMT  BuildTime: Aug  4 2022 06:17:15  BuildStamp: freesurfer-linux-ubuntu22_x86_64-7.3.2-20220804-6354275  User: oesteban  Machine: dna058  Platform: Linux  PlatformVersion: 5.14.0-427.37.1.el9_4.x86_64  CompilerName: GCC  CompilerVersion: 8.4.0
7.3.2

ProgramName: mri_robust_register  ProgramArguments: mri_robust_register -all-info  ProgramVersion: 7.3.2  TimeStamp: 2026/03/15-07:30:50-GMT  BuildTime: Aug  4 2022 06:17:15  BuildStamp: freesurfer-linux-ubuntu22_x86_64-7.3.2-20220804-6354275  User: oesteban  Machine: dna058  Platform: Linux  PlatformVersion: 5.14.0-427.37.1.el9_4.x86_64  CompilerName: GCC  CompilerVersion: 8.4.0
7.3.2

ProgramName: mri_robust_template  ProgramArguments: mri_robust_template -all-info  ProgramVersion: 7.3.2  TimeStamp: 2026/03/15-07:30:50-GMT  BuildTime: Aug  4 2022 06:17:15  BuildStamp: freesurfer-linux-ubuntu22_x86_64-7.3.2-20220804-6354275  User: oesteban  Machine: dna058  Platform: Linux  PlatformVersion: 5.14.0-427.37.1.el9_4.x86_64  CompilerName: GCC  CompilerVersion: 8.4.0
ProgramName: mris_anatomical_stats  ProgramArguments: mris_anatomical_stats -all-info  ProgramVersion: 7.3.2  TimeStamp: 2026/03/15-07:30:50-GMT  BuildTime: Aug  4 2022 06:17:15  BuildStamp: freesurfer-linux-ubuntu22_x86_64-7.3.2-20220804-6354275  User: oesteban  Machine: dna058  Platform: Linux  PlatformVersion: 5.14.0-427.37.1.el9_4.x86_64  CompilerName: GCC  CompilerVersion: 8.4.0
ProgramName: mris_ca_label  ProgramArguments: mris_ca_label -all-info  ProgramVersion: 7.3.2  TimeStamp: 2026/03/15-07:30:50-GMT  BuildTime: Aug  4 2022 06:17:15  BuildStamp: freesurfer-linux-ubuntu22_x86_64-7.3.2-20220804-6354275  User: oesteban  Machine: dna058  Platform: Linux  PlatformVersion: 5.14.0-427.37.1.el9_4.x86_64  CompilerName: GCC  CompilerVersion: 8.4.0
ProgramName: mris_calc  ProgramArguments: mris_calc -all-info  ProgramVersion: 7.3.2  TimeStamp: 2026/03/15-07:30:50-GMT  BuildTime: Aug  4 2022 06:17:15  BuildStamp: freesurfer-linux-ubuntu22_x86_64-7.3.2-20220804-6354275  User: oesteban  Machine: dna058  Platform: Linux  PlatformVersion: 5.14.0-427.37.1.el9_4.x86_64  CompilerName: GCC  CompilerVersion: 8.4.0
ProgramName: mris_convert  ProgramArguments: mris_convert -all-info  ProgramVersion: 7.3.2  TimeStamp: 2026/03/15-07:30:50-GMT  BuildTime: Aug  4 2022 06:17:15  BuildStamp: freesurfer-linux-ubuntu22_x86_64-7.3.2-20220804-6354275  User: oesteban  Machine: dna058  Platform: Linux  PlatformVersion: 5.14.0-427.37.1.el9_4.x86_64  CompilerName: GCC  CompilerVersion: 8.4.0
ProgramName: mris_curvature  ProgramArguments: mris_curvature -all-info  ProgramVersion: 7.3.2  TimeStamp: 2026/03/15-07:30:50-GMT  BuildTime: Aug  4 2022 06:17:15  BuildStamp: freesurfer-linux-ubuntu22_x86_64-7.3.2-20220804-6354275  User: oesteban  Machine: dna058  Platform: Linux  PlatformVersion: 5.14.0-427.37.1.el9_4.x86_64  CompilerName: GCC  CompilerVersion: 8.4.0
ProgramName: mris_curvature_stats  ProgramArguments: mris_curvature_stats -all-info  ProgramVersion: 7.3.2  TimeStamp: 2026/03/15-07:30:50-GMT  BuildTime: Aug  4 2022 06:17:15  BuildStamp: freesurfer-linux-ubuntu22_x86_64-7.3.2-20220804-6354275  User: oesteban  Machine: dna058  Platform: Linux  PlatformVersion: 5.14.0-427.37.1.el9_4.x86_64  CompilerName: GCC  CompilerVersion: 8.4.0
ProgramName: mris_diff  ProgramArguments: mris_diff -all-info  ProgramVersion: 7.3.2  TimeStamp: 2026/03/15-07:30:50-GMT  BuildTime: Aug  4 2022 06:17:15  BuildStamp: freesurfer-linux-ubuntu22_x86_64-7.3.2-20220804-6354275  User: oesteban  Machine: dna058  Platform: Linux  PlatformVersion: 5.14.0-427.37.1.el9_4.x86_64  CompilerName: GCC  CompilerVersion: 8.4.0
ProgramName: mris_divide_parcellation  ProgramArguments: mris_divide_parcellation -all-info  ProgramVersion: 7.3.2  TimeStamp: 2026/03/15-07:30:50-GMT  BuildTime: Aug  4 2022 06:17:15  BuildStamp: freesurfer-linux-ubuntu22_x86_64-7.3.2-20220804-6354275  User: oesteban  Machine: dna058  Platform: Linux  PlatformVersion: 5.14.0-427.37.1.el9_4.x86_64  CompilerName: GCC  CompilerVersion: 8.4.0
ProgramName: mri_segment  ProgramArguments: mri_segment -all-info  ProgramVersion: 7.3.2  TimeStamp: 2026/03/15-07:30:50-GMT  BuildTime: Aug  4 2022 06:17:15  BuildStamp: freesurfer-linux-ubuntu22_x86_64-7.3.2-20220804-6354275  User: oesteban  Machine: dna058  Platform: Linux  PlatformVersion: 5.14.0-427.37.1.el9_4.x86_64  CompilerName: GCC  CompilerVersion: 8.4.0
ProgramName: mri_segstats  ProgramArguments: mri_segstats -all-info  ProgramVersion: 7.3.2  TimeStamp: 2026/03/15-07:30:50-GMT  BuildTime: Aug  4 2022 06:17:15  BuildStamp: freesurfer-linux-ubuntu22_x86_64-7.3.2-20220804-6354275  User: oesteban  Machine: dna058  Platform: Linux  PlatformVersion: 5.14.0-427.37.1.el9_4.x86_64  CompilerName: GCC  CompilerVersion: 8.4.0
ProgramName: mris_euler_number  ProgramArguments: mris_euler_number -all-info  ProgramVersion: 7.3.2  TimeStamp: 2026/03/15-07:30:50-GMT  BuildTime: Aug  4 2022 06:17:15  BuildStamp: freesurfer-linux-ubuntu22_x86_64-7.3.2-20220804-6354275  User: oesteban  Machine: dna058  Platform: Linux  PlatformVersion: 5.14.0-427.37.1.el9_4.x86_64  CompilerName: GCC  CompilerVersion: 8.4.0
ProgramName: mris_fix_topology  ProgramArguments: mris_fix_topology -all-info  ProgramVersion: 7.3.2  TimeStamp: 2026/03/15-07:30:50-GMT  BuildTime: Aug  4 2022 06:17:15  BuildStamp: freesurfer-linux-ubuntu22_x86_64-7.3.2-20220804-6354275  User: oesteban  Machine: dna058  Platform: Linux  PlatformVersion: 5.14.0-427.37.1.el9_4.x86_64  CompilerName: GCC  CompilerVersion: 8.4.0
ProgramName: mris_topo_fixer  ProgramArguments: mris_topo_fixer -all-info  ProgramVersion: 7.3.2  TimeStamp: 2026/03/15-07:30:50-GMT  BuildTime: Aug  4 2022 06:17:15  BuildStamp: freesurfer-linux-ubuntu22_x86_64-7.3.2-20220804-6354275  User: oesteban  Machine: dna058  Platform: Linux  PlatformVersion: 5.14.0-427.37.1.el9_4.x86_64  CompilerName: GCC  CompilerVersion: 8.4.0
ProgramName: mris_jacobian  ProgramArguments: mris_jacobian -all-info  ProgramVersion: 7.3.2  TimeStamp: 2026/03/15-07:30:50-GMT  BuildTime: Aug  4 2022 06:17:15  BuildStamp: freesurfer-linux-ubuntu22_x86_64-7.3.2-20220804-6354275  User: oesteban  Machine: dna058  Platform: Linux  PlatformVersion: 5.14.0-427.37.1.el9_4.x86_64  CompilerName: GCC  CompilerVersion: 8.4.0
ProgramName: mris_label2annot  ProgramArguments: mris_label2annot -all-info  ProgramVersion: 7.3.2  TimeStamp: 2026/03/15-07:30:50-GMT  BuildTime: Aug  4 2022 06:17:15  BuildStamp: freesurfer-linux-ubuntu22_x86_64-7.3.2-20220804-6354275  User: oesteban  Machine: dna058  Platform: Linux  PlatformVersion: 5.14.0-427.37.1.el9_4.x86_64  CompilerName: GCC  CompilerVersion: 8.4.0
ProgramName: mris_left_right_register  ProgramArguments: mris_left_right_register -all-info  ProgramVersion: 7.3.2  TimeStamp: 2026/03/15-07:30:50-GMT  BuildTime: Aug  4 2022 06:17:15  BuildStamp: freesurfer-linux-ubuntu22_x86_64-7.3.2-20220804-6354275  User: oesteban  Machine: dna058  Platform: Linux  PlatformVersion: 5.14.0-427.37.1.el9_4.x86_64  CompilerName: GCC  CompilerVersion: 8.4.0
ProgramName: mris_place_surface  ProgramArguments: mris_place_surface -all-info  ProgramVersion: 7.3.2  TimeStamp: 2026/03/15-07:30:50-GMT  BuildTime: Aug  4 2022 06:17:15  BuildStamp: freesurfer-linux-ubuntu22_x86_64-7.3.2-20220804-6354275  User: oesteban  Machine: dna058  Platform: Linux  PlatformVersion: 5.14.0-427.37.1.el9_4.x86_64  CompilerName: GCC  CompilerVersion: 8.4.0
ProgramName: mrisp_paint  ProgramArguments: mrisp_paint -all-info  ProgramVersion: 7.3.2  TimeStamp: 2026/03/15-07:30:50-GMT  BuildTime: Aug  4 2022 06:17:15  BuildStamp: freesurfer-linux-ubuntu22_x86_64-7.3.2-20220804-6354275  User: oesteban  Machine: dna058  Platform: Linux  PlatformVersion: 5.14.0-427.37.1.el9_4.x86_64  CompilerName: GCC  CompilerVersion: 8.4.0
ProgramName: mris_register  ProgramArguments: mris_register -all-info  ProgramVersion: 7.3.2  TimeStamp: 2026/03/15-07:30:50-GMT  BuildTime: Aug  4 2022 06:17:15  BuildStamp: freesurfer-linux-ubuntu22_x86_64-7.3.2-20220804-6354275  User: oesteban  Machine: dna058  Platform: Linux  PlatformVersion: 5.14.0-427.37.1.el9_4.x86_64  CompilerName: GCC  CompilerVersion: 8.4.0
ProgramName: mris_smooth  ProgramArguments: mris_smooth -all-info  ProgramVersion: 7.3.2  TimeStamp: 2026/03/15-07:30:50-GMT  BuildTime: Aug  4 2022 06:17:15  BuildStamp: freesurfer-linux-ubuntu22_x86_64-7.3.2-20220804-6354275  User: oesteban  Machine: dna058  Platform: Linux  PlatformVersion: 5.14.0-427.37.1.el9_4.x86_64  CompilerName: GCC  CompilerVersion: 8.4.0
ProgramName: mris_sphere  ProgramArguments: mris_sphere -all-info  ProgramVersion: 7.3.2  TimeStamp: 2026/03/15-07:30:50-GMT  BuildTime: Aug  4 2022 06:17:15  BuildStamp: freesurfer-linux-ubuntu22_x86_64-7.3.2-20220804-6354275  User: oesteban  Machine: dna058  Platform: Linux  PlatformVersion: 5.14.0-427.37.1.el9_4.x86_64  CompilerName: GCC  CompilerVersion: 8.4.0
ProgramName: mris_surface_stats  ProgramArguments: mris_surface_stats -all-info  ProgramVersion: 7.3.2  TimeStamp: 2026/03/15-07:30:50-GMT  BuildTime: Aug  4 2022 06:17:15  BuildStamp: freesurfer-linux-ubuntu22_x86_64-7.3.2-20220804-6354275  User: oesteban  Machine: dna058  Platform: Linux  PlatformVersion: 5.14.0-427.37.1.el9_4.x86_64  CompilerName: GCC  CompilerVersion: 8.4.0
ProgramName: mri_stats2seg  ProgramArguments: mri_stats2seg -all-info  ProgramVersion: 7.3.2  TimeStamp: 2026/03/15-07:30:50-GMT  BuildTime: Aug  4 2022 06:17:15  BuildStamp: freesurfer-linux-ubuntu22_x86_64-7.3.2-20220804-6354275  User: oesteban  Machine: dna058  Platform: Linux  PlatformVersion: 5.14.0-427.37.1.el9_4.x86_64  CompilerName: GCC  CompilerVersion: 8.4.0
ProgramName: mris_thickness  ProgramArguments: mris_thickness -all-info  ProgramVersion: 7.3.2  TimeStamp: 2026/03/15-07:30:50-GMT  BuildTime: Aug  4 2022 06:17:15  BuildStamp: freesurfer-linux-ubuntu22_x86_64-7.3.2-20220804-6354275  User: oesteban  Machine: dna058  Platform: Linux  PlatformVersion: 5.14.0-427.37.1.el9_4.x86_64  CompilerName: GCC  CompilerVersion: 8.4.0
ProgramName: mris_thickness_diff  ProgramArguments: mris_thickness_diff -all-info  ProgramVersion: 7.3.2  TimeStamp: 2026/03/15-07:30:50-GMT  BuildTime: Aug  4 2022 06:17:15  BuildStamp: freesurfer-linux-ubuntu22_x86_64-7.3.2-20220804-6354275  User: oesteban  Machine: dna058  Platform: Linux  PlatformVersion: 5.14.0-427.37.1.el9_4.x86_64  CompilerName: GCC  CompilerVersion: 8.4.0
ProgramName: mris_topo_fixer  ProgramArguments: mris_topo_fixer -all-info  ProgramVersion: 7.3.2  TimeStamp: 2026/03/15-07:30:50-GMT  BuildTime: Aug  4 2022 06:17:15  BuildStamp: freesurfer-linux-ubuntu22_x86_64-7.3.2-20220804-6354275  User: oesteban  Machine: dna058  Platform: Linux  PlatformVersion: 5.14.0-427.37.1.el9_4.x86_64  CompilerName: GCC  CompilerVersion: 8.4.0
ProgramName: mri_surf2surf  ProgramArguments: mri_surf2surf -all-info  ProgramVersion: 7.3.2  TimeStamp: 2026/03/15-07:30:50-GMT  BuildTime: Aug  4 2022 06:17:15  BuildStamp: freesurfer-linux-ubuntu22_x86_64-7.3.2-20220804-6354275  User: oesteban  Machine: dna058  Platform: Linux  PlatformVersion: 5.14.0-427.37.1.el9_4.x86_64  CompilerName: GCC  CompilerVersion: 8.4.0
ProgramName: mri_surf2vol  ProgramArguments: mri_surf2vol -all-info  ProgramVersion: 7.3.2  TimeStamp: 2026/03/15-07:30:50-GMT  BuildTime: Aug  4 2022 06:17:15  BuildStamp: freesurfer-linux-ubuntu22_x86_64-7.3.2-20220804-6354275  User: oesteban  Machine: dna058  Platform: Linux  PlatformVersion: 5.14.0-427.37.1.el9_4.x86_64  CompilerName: GCC  CompilerVersion: 8.4.0
ProgramName: mri_surfcluster  ProgramArguments: mri_surfcluster -all-info  ProgramVersion: 7.3.2  TimeStamp: 2026/03/15-07:30:50-GMT  BuildTime: Aug  4 2022 06:17:15  BuildStamp: freesurfer-linux-ubuntu22_x86_64-7.3.2-20220804-6354275  User: oesteban  Machine: dna058  Platform: Linux  PlatformVersion: 5.14.0-427.37.1.el9_4.x86_64  CompilerName: GCC  CompilerVersion: 8.4.0
ProgramName: mris_volmask  ProgramArguments: mris_volmask -all-info  ProgramVersion: 7.3.2  TimeStamp: 2026/03/15-07:30:50-GMT  BuildTime: Aug  4 2022 06:17:15  BuildStamp: freesurfer-linux-ubuntu22_x86_64-7.3.2-20220804-6354275  User: oesteban  Machine: dna058  Platform: Linux  PlatformVersion: 5.14.0-427.37.1.el9_4.x86_64  CompilerName: GCC  CompilerVersion: 8.4.0
ProgramName: mri_tessellate  ProgramArguments: mri_tessellate -all-info  ProgramVersion: 7.3.2  TimeStamp: 2026/03/15-07:30:50-GMT  BuildTime: Aug  4 2022 06:17:15  BuildStamp: freesurfer-linux-ubuntu22_x86_64-7.3.2-20220804-6354275  User: oesteban  Machine: dna058  Platform: Linux  PlatformVersion: 5.14.0-427.37.1.el9_4.x86_64  CompilerName: GCC  CompilerVersion: 8.4.0
ProgramName: mri_vol2surf  ProgramArguments: mri_vol2surf -all-info  ProgramVersion: 7.3.2  TimeStamp: 2026/03/15-07:30:50-GMT  BuildTime: Aug  4 2022 06:17:15  BuildStamp: freesurfer-linux-ubuntu22_x86_64-7.3.2-20220804-6354275  User: oesteban  Machine: dna058  Platform: Linux  PlatformVersion: 5.14.0-427.37.1.el9_4.x86_64  CompilerName: GCC  CompilerVersion: 8.4.0
ProgramName: mri_vol2vol  ProgramArguments: mri_vol2vol -all-info  ProgramVersion: 7.3.2  TimeStamp: 2026/03/15-07:30:50-GMT  BuildTime: Aug  4 2022 06:17:15  BuildStamp: freesurfer-linux-ubuntu22_x86_64-7.3.2-20220804-6354275  User: oesteban  Machine: dna058  Platform: Linux  PlatformVersion: 5.14.0-427.37.1.el9_4.x86_64  CompilerName: GCC  CompilerVersion: 8.4.0
ProgramName: mri_voldiff  ProgramArguments: mri_voldiff -all-info  ProgramVersion: 7.3.2  TimeStamp: 2026/03/15-07:30:50-GMT  BuildTime: Aug  4 2022 06:17:15  BuildStamp: freesurfer-linux-ubuntu22_x86_64-7.3.2-20220804-6354275  User: oesteban  Machine: dna058  Platform: Linux  PlatformVersion: 5.14.0-427.37.1.el9_4.x86_64  CompilerName: GCC  CompilerVersion: 8.4.0
ProgramName: mri_watershed  ProgramArguments: mri_watershed -all-info  ProgramVersion: 7.3.2  TimeStamp: 2026/03/15-07:30:50-GMT  BuildTime: Aug  4 2022 06:17:15  BuildStamp: freesurfer-linux-ubuntu22_x86_64-7.3.2-20220804-6354275  User: oesteban  Machine: dna058  Platform: Linux  PlatformVersion: 5.14.0-427.37.1.el9_4.x86_64  CompilerName: GCC  CompilerVersion: 8.4.0
ProgramName: tkregister2  ProgramArguments: tkregister2_cmdl -all-info  ProgramVersion: 7.3.2  TimeStamp: 2026/03/15-07:30:50-GMT  BuildTime: Aug  4 2022 06:17:15  BuildStamp: freesurfer-linux-ubuntu22_x86_64-7.3.2-20220804-6354275  User: oesteban  Machine: dna058  Platform: Linux  PlatformVersion: 5.14.0-427.37.1.el9_4.x86_64  CompilerName: GCC  CompilerVersion: 8.4.0
mri_motion_correct.fsl 7.3.2
mri_convert -all-info 
ProgramName: mri_convert  ProgramArguments: mri_convert -all-info  ProgramVersion: 7.3.2  TimeStamp: 2026/03/15-07:30:50-GMT  BuildTime: Aug  4 2022 06:17:15  BuildStamp: freesurfer-linux-ubuntu22_x86_64-7.3.2-20220804-6354275  User: oesteban  Machine: dna058  Platform: Linux  PlatformVersion: 5.14.0-427.37.1.el9_4.x86_64  CompilerName: GCC  CompilerVersion: 8.4.0
Program nu_correct, built from:
Package MNI N3, version 1.12.0, compiled by nicks@terrier (x86_64-unknown-linux-gnu) on 2015-06-19 at 01:25:34
#######################################
GCADIR /opt/freesurfer/average
GCA RB_all_2020-01-02.gca
GCASkull RB_all_withskull_2020_01_02.gca
AvgCurvTif folding.atlas.acfb40.noaparc.i12.2016-08-02.tif
GCSDIR /opt/freesurfer/average
GCS DKaparc.atlas.acfb40.noaparc.i12.2016-08-02.gcs
#######################################
#--------------------------------------
#@# CA Normalize Sun Mar 15 08:30:50 CET 2026
/out/sourcedata/freesurfer/sub-v2s10x28989_ses-1/mri

 mri_ca_normalize -c ctrl_pts.mgz -mask brainmask.mgz nu.mgz /opt/freesurfer/average/RB_all_2020-01-02.gca transforms/talairach.lta norm.mgz 

writing control point volume to ctrl_pts.mgz
using MR volume brainmask.mgz to mask input volume...
reading 1 input volume
reading atlas from '/opt/freesurfer/average/RB_all_2020-01-02.gca'...
reading transform from 'transforms/talairach.lta'...
reading input volume from nu.mgz...
resetting wm mean[0]: 98 --> 107
resetting gm mean[0]: 61 --> 61
input volume #1 is the most T1-like
using real data threshold=28.9
skull bounding box = (61, 30, 27) --> (192, 148, 200)
finding center of left hemi white matter
using (105, 69, 114) as brain centroid of Right_Cerebral_White_Matter...
mean wm in atlas = 107, using box (89,55,93) --> (121, 83,135) to find MRI wm
before smoothing, mri peak at 107
robust fit to distribution - 107 +- 3.9
after smoothing, mri peak at 107, scaling input intensities by 1.000
scaling channel 0 by 1
using 246437 sample points...
INFO: compute sample coordinates transform
 1.07258   0.04049  -0.07402  -5.66536;
-0.03902   1.14535   0.04301   14.78741;
 0.08046  -0.02903   1.01034  -11.70652;
 0.00000   0.00000   0.00000   1.00000;
INFO: transform used
finding control points in Left_Cerebral_White_Matter....
found 40230 control points for structure...
bounding box (121, 33, 29) --> (188, 136, 195)
Left_Cerebral_White_Matter: limiting intensities to 97.0 --> 132.0
4 of 7899 (0.1%) samples deleted
finding control points in Right_Cerebral_White_Matter....
found 39478 control points for structure...
bounding box (66, 33, 31) --> (132, 136, 197)
Right_Cerebral_White_Matter: limiting intensities to 95.0 --> 132.0
18 of 7837 (0.2%) samples deleted
finding control points in Left_Cerebellum_White_Matter....
found 3105 control points for structure...
bounding box (124, 105, 51) --> (170, 147, 105)
Left_Cerebellum_White_Matter: limiting intensities to 97.0 --> 132.0
0 of 541 (0.0%) samples deleted
finding control points in Right_Cerebellum_White_Matter....
found 2710 control points for structure...
bounding box (82, 105, 52) --> (124, 145, 109)
Right_Cerebellum_White_Matter: limiting intensities to 94.0 --> 132.0
0 of 483 (0.0%) samples deleted
finding control points in Brain_Stem....
found 3475 control points for structure...
bounding box (110, 101, 88) --> (143, 161, 119)
Brain_Stem: limiting intensities to 102.0 --> 132.0
157 of 653 (24.0%) samples deleted
using 17413 total control points for intensity normalization...
bias field = 0.961 +- 0.068
120 of 17234 control points discarded
finding control points in Left_Cerebral_White_Matter....
found 40230 control points for structure...
bounding box (121, 33, 29) --> (188, 136, 195)
Left_Cerebral_White_Matter: limiting intensities to 92.0 --> 124.0
7 of 8037 (0.1%) samples deleted
finding control points in Right_Cerebral_White_Matter....
found 39478 control points for structure...
bounding box (66, 33, 31) --> (132, 136, 197)
Right_Cerebral_White_Matter: limiting intensities to 89.0 --> 124.0
23 of 7990 (0.3%) samples deleted
finding control points in Left_Cerebellum_White_Matter....
found 3105 control points for structure...
bounding box (124, 105, 51) --> (170, 147, 105)
Left_Cerebellum_White_Matter: limiting intensities to 88.0 --> 124.0
18 of 613 (2.9%) samples deleted
finding control points in Right_Cerebellum_White_Matter....
found 2710 control points for structure...
bounding box (82, 105, 52) --> (124, 145, 109)
Right_Cerebellum_White_Matter: limiting intensities to 88.0 --> 124.0
120 of 538 (22.3%) samples deleted
finding control points in Brain_Stem....
found 3475 control points for structure...
bounding box (110, 101, 88) --> (143, 161, 119)
Brain_Stem: limiting intensities to 88.0 --> 124.0
268 of 894 (30.0%) samples deleted
using 18072 total control points for intensity normalization...
bias field = 1.012 +- 0.048
69 of 17539 control points discarded
finding control points in Left_Cerebral_White_Matter....
found 40230 control points for structure...
bounding box (121, 33, 29) --> (188, 136, 195)
Left_Cerebral_White_Matter: limiting intensities to 92.0 --> 119.0
11 of 8048 (0.1%) samples deleted
finding control points in Right_Cerebral_White_Matter....
found 39478 control points for structure...
bounding box (66, 33, 31) --> (132, 136, 197)
Right_Cerebral_White_Matter: limiting intensities to 89.0 --> 119.0
31 of 8022 (0.4%) samples deleted
finding control points in Left_Cerebellum_White_Matter....
found 3105 control points for structure...
bounding box (124, 105, 51) --> (170, 147, 105)
Left_Cerebellum_White_Matter: limiting intensities to 88.0 --> 119.0
112 of 654 (17.1%) samples deleted
finding control points in Right_Cerebellum_White_Matter....
found 2710 control points for structure...
bounding box (82, 105, 52) --> (124, 145, 109)
Right_Cerebellum_White_Matter: limiting intensities to 88.0 --> 119.0
465 of 578 (80.4%) samples deleted
finding control points in Brain_Stem....
found 3475 control points for structure...
bounding box (110, 101, 88) --> (143, 161, 119)
Brain_Stem: limiting intensities to 88.0 --> 119.0
682 of 979 (69.7%) samples deleted
using 18281 total control points for intensity normalization...
bias field = 1.010 +- 0.037
13 of 16794 control points discarded
writing normalized volume to norm.mgz...
writing control points to ctrl_pts.mgz
freeing GCA...done.
normalization took 1 minutes and 22 seconds.
#--------------------------------------
#@# CA Reg Sun Mar 15 08:32:12 CET 2026
/out/sourcedata/freesurfer/sub-v2s10x28989_ses-1/mri

 mri_ca_register -nobigventricles -T transforms/talairach.lta -align-after -mask brainmask.mgz norm.mgz /opt/freesurfer/average/RB_all_2020-01-02.gca transforms/talairach.m3z 

not handling expanded ventricles...
using previously computed transform transforms/talairach.lta
renormalizing sequences with structure alignment, equivalent to:
	-renormalize
	-regularize_mean 0.500
	-regularize 0.500
using MR volume brainmask.mgz to mask input volume...

== Number of threads available to mri_ca_register for OpenMP = 16 == 
reading 1 input volumes...
logging results to talairach.log
reading input volume 'norm.mgz'...
reading GCA '/opt/freesurfer/average/RB_all_2020-01-02.gca'...
label assignment complete, 0 changed (0.00%)
freeing gibbs priors...done.
average std[0] = 5.0
Starting GCAMregister()
label assignment complete, 0 changed (0.00%)
npasses = 1, nlevels = 6
#pass# 1 of 1 ************************
enabling zero nodes
setting smoothness cost coefficient to 0.156

#GCAMreg# pass 0 level1 5 level2 0 tsec 0 sigma 2
l_jacobian=1.00 l_label=1.00 l_log_likelihood=0.20 l_smoothness=0.16 
tol=2.50e-01, dt=5.00e-02, exp_k=20.0, momentum=0.90, levels=6, niter=500, lbl_dist=10.00, avgs=256, sigma=2.0,type=2, relabel=0, neg=no

blurring input image with Gaussian with sigma=2.000...
GCAMRegisterLevel(): init RMS 0.74131
#FOTS# QuadFit found better minimum quadopt=(dt=216.933,rms=0.706072) vs oldopt=(dt=92.48,rms=0.717795)
#GCMRL#    0 dt 216.933002 rms  0.706  4.753% neg 0  invalid 762 tFOTS 3.9360 tGradient 2.9390 tsec 7.1720
#FOTS# QuadFit found better minimum quadopt=(dt=205.633,rms=0.692073) vs oldopt=(dt=92.48,rms=0.696112)
#GCMRL#    1 dt 205.633136 rms  0.692  1.983% neg 0  invalid 762 tFOTS 3.8910 tGradient 3.1160 tsec 7.2890
#FOTS# QuadFit found better minimum quadopt=(dt=134.609,rms=0.685408) vs oldopt=(dt=92.48,rms=0.686234)
#GCMRL#    2 dt 134.608696 rms  0.685  0.963% neg 0  invalid 762 tFOTS 3.7950 tGradient 3.1570 tsec 7.2870
#FOTS# QuadFit found better minimum quadopt=(dt=443.904,rms=0.677578) vs oldopt=(dt=369.92,rms=0.677704)
#GCMRL#    3 dt 443.904000 rms  0.678  1.142% neg 0  invalid 762 tFOTS 3.8360 tGradient 3.3170 tsec 7.4420
#FOTS# QuadFit found better minimum quadopt=(dt=110.976,rms=0.673567) vs oldopt=(dt=92.48,rms=0.673644)
#GCMRL#    4 dt 110.976000 rms  0.674  0.592% neg 0  invalid 762 tFOTS 3.9510 tGradient 3.2260 tsec 7.4700
#FOTS# QuadFit found better minimum quadopt=(dt=517.888,rms=0.669385) vs oldopt=(dt=369.92,rms=0.670131)
#GCMRL#    5 dt 517.888000 rms  0.669  0.621% neg 0  invalid 762 tFOTS 3.8800 tGradient 3.1980 tsec 7.3760
#FOTS# QuadFit found better minimum quadopt=(dt=129.472,rms=0.668094) vs oldopt=(dt=92.48,rms=0.668183)
#GCMRL#    6 dt 129.472000 rms  0.668  0.000% neg 0  invalid 762 tFOTS 3.8040 tGradient 2.9380 tsec 7.0720
#GCMRL#    7 dt 129.472000 rms  0.667  0.123% neg 0  invalid 762 tFOTS 0.0000 tGradient 3.2270 tsec 3.5190
#GCMRL#    8 dt 129.472000 rms  0.666  0.161% neg 0  invalid 762 tFOTS 0.0000 tGradient 3.1920 tsec 3.4830
#GCMRL#    9 dt 129.472000 rms  0.665  0.232% neg 0  invalid 762 tFOTS 0.0000 tGradient 3.1290 tsec 3.4060
#GCMRL#   10 dt 129.472000 rms  0.663  0.234% neg 0  invalid 762 tFOTS 0.0000 tGradient 2.8770 tsec 3.1620
#GCMRL#   11 dt 129.472000 rms  0.661  0.242% neg 0  invalid 762 tFOTS 0.0000 tGradient 2.8530 tsec 3.1370
#GCMRL#   12 dt 129.472000 rms  0.660  0.205% neg 0  invalid 762 tFOTS 0.0000 tGradient 2.9660 tsec 3.2530
#GCMRL#   13 dt 129.472000 rms  0.659  0.177% neg 0  invalid 762 tFOTS 0.0000 tGradient 2.9130 tsec 3.1980
#GCMRL#   14 dt 129.472000 rms  0.658  0.207% neg 0  invalid 762 tFOTS 0.0000 tGradient 3.0300 tsec 3.3160
#GCMRL#   15 dt 129.472000 rms  0.657  0.161% neg 0  invalid 762 tFOTS 0.0000 tGradient 2.9360 tsec 3.2190
#GCMRL#   16 dt 129.472000 rms  0.656  0.133% neg 0  invalid 762 tFOTS 0.0000 tGradient 3.1450 tsec 3.4240
#GCMRL#   17 dt 129.472000 rms  0.655  0.107% neg 0  invalid 762 tFOTS 0.0000 tGradient 3.1360 tsec 3.4140
#GCMRL#   18 dt 129.472000 rms  0.654  0.112% neg 0  invalid 762 tFOTS 0.0000 tGradient 3.3440 tsec 3.6210
#GCMRL#   19 dt 129.472000 rms  0.653  0.116% neg 0  invalid 762 tFOTS 0.0000 tGradient 3.0900 tsec 3.3720
#GCMRL#   20 dt 129.472000 rms  0.653  0.102% neg 0  invalid 762 tFOTS 0.0000 tGradient 3.2880 tsec 3.5920
#GCMRL#   21 dt  92.480000 rms  0.653  0.000% neg 0  invalid 762 tFOTS 4.0200 tGradient 3.3390 tsec 7.6730
#GCMRL#   22 dt  92.480000 rms  0.653  0.014% neg 0  invalid 762 tFOTS 0.0000 tGradient 3.2950 tsec 3.6100
#GCMRL#   23 dt  92.480000 rms  0.653  0.015% neg 0  invalid 762 tFOTS 0.0000 tGradient 2.8790 tsec 3.1870
#GCMRL#   24 dt  92.480000 rms  0.652  0.026% neg 0  invalid 762 tFOTS 0.0000 tGradient 3.1070 tsec 3.3970
#GCMRL#   25 dt  92.480000 rms  0.652  0.026% neg 0  invalid 762 tFOTS 0.0000 tGradient 3.1100 tsec 3.3980
#GCMRL#   26 dt  92.480000 rms  0.652  0.029% neg 0  invalid 762 tFOTS 0.0000 tGradient 3.4200 tsec 3.7310

#GCAMreg# pass 0 level1 5 level2 1 tsec 136.172 sigma 0.5
l_jacobian=1.00 l_label=1.00 l_log_likelihood=0.20 l_smoothness=0.16 
tol=2.50e-01, dt=5.00e-02, exp_k=20.0, momentum=0.90, levels=6, niter=500, lbl_dist=10.00, avgs=256, sigma=0.5,type=2, relabel=0, neg=no

blurring input image with Gaussian with sigma=0.500...
GCAMRegisterLevel(): init RMS 0.652375
#FOTS# QuadFit found better minimum quadopt=(dt=295.936,rms=0.651096) vs oldopt=(dt=369.92,rms=0.651158)
#GCMRL#   28 dt 295.936000 rms  0.651  0.196% neg 0  invalid 762 tFOTS 3.8570 tGradient 3.1430 tsec 7.2930
#FOTS# QuadFit found better minimum quadopt=(dt=129.472,rms=0.650923) vs oldopt=(dt=92.48,rms=0.650953)
#GCMRL#   29 dt 129.472000 rms  0.651  0.000% neg 0  invalid 762 tFOTS 4.0970 tGradient 3.3080 tsec 7.7160
#GCMRL#   30 dt 129.472000 rms  0.651  0.018% neg 0  invalid 762 tFOTS 0.0000 tGradient 3.2370 tsec 3.5240
#GCMRL#   31 dt 129.472000 rms  0.651  0.023% neg 0  invalid 762 tFOTS 0.0000 tGradient 3.3250 tsec 3.6100
#GCMRL#   32 dt 129.472000 rms  0.651  0.023% neg 0  invalid 762 tFOTS 0.0000 tGradient 3.2110 tsec 3.4990
setting smoothness cost coefficient to 0.615

#GCAMreg# pass 0 level1 4 level2 0 tsec 0 sigma 2
l_jacobian=1.00 l_label=1.00 l_log_likelihood=0.20 l_smoothness=0.62 
tol=2.50e-01, dt=5.00e-02, exp_k=20.0, momentum=0.90, levels=6, niter=500, lbl_dist=10.00, avgs=64, sigma=2.0,type=2, relabel=0, neg=no

blurring input image with Gaussian with sigma=2.000...
GCAMRegisterLevel(): init RMS 0.659078
#FOTS# QuadFit found better minimum quadopt=(dt=36.288,rms=0.657136) vs oldopt=(dt=25.92,rms=0.657437)
#GCMRL#   34 dt  36.288000 rms  0.657  0.295% neg 0  invalid 762 tFOTS 4.0230 tGradient 2.5240 tsec 6.8370
#FOTS# QuadFit found better minimum quadopt=(dt=100.252,rms=0.655435) vs oldopt=(dt=103.68,rms=0.655439)
#GCMRL#   35 dt 100.251748 rms  0.655  0.259% neg 0  invalid 762 tFOTS 3.8960 tGradient 2.3910 tsec 6.5760
#FOTS# QuadFit found better minimum quadopt=(dt=497.664,rms=0.644143) vs oldopt=(dt=414.72,rms=0.644487)
#GCMRL#   36 dt 497.664000 rms  0.644  1.723% neg 0  invalid 762 tFOTS 3.9920 tGradient 2.5420 tsec 6.8200
#FOTS# QuadFit found better minimum quadopt=(dt=36.288,rms=0.64263) vs oldopt=(dt=25.92,rms=0.642831)
#GCMRL#   37 dt  36.288000 rms  0.643  0.000% neg 0  invalid 762 tFOTS 4.2390 tGradient 2.3240 tsec 6.9220
#GCMRL#   38 dt  36.288000 rms  0.642  0.041% neg 0  invalid 762 tFOTS 0.0000 tGradient 2.2350 tsec 2.5320

#GCAMreg# pass 0 level1 4 level2 1 tsec 41.709 sigma 0.5
l_jacobian=1.00 l_label=1.00 l_log_likelihood=0.20 l_smoothness=0.62 
tol=2.50e-01, dt=5.00e-02, exp_k=20.0, momentum=0.90, levels=6, niter=500, lbl_dist=10.00, avgs=64, sigma=0.5,type=2, relabel=0, neg=no

blurring input image with Gaussian with sigma=0.500...
GCAMRegisterLevel(): init RMS 0.642853
#FOTS# QuadFit found better minimum quadopt=(dt=20.736,rms=0.64228) vs oldopt=(dt=25.92,rms=0.642281)
#GCMRL#   40 dt  20.736000 rms  0.642  0.089% neg 0  invalid 762 tFOTS 3.8640 tGradient 2.1960 tsec 6.3640
#FOTS# QuadFit found better minimum quadopt=(dt=9.072,rms=0.642269) vs oldopt=(dt=6.48,rms=0.642269)
#GCMRL#   41 dt   9.072000 rms  0.642  0.000% neg 0  invalid 762 tFOTS 4.0660 tGradient 2.3040 tsec 6.6940
setting smoothness cost coefficient to 2.353

#GCAMreg# pass 0 level1 3 level2 0 tsec 0 sigma 2
l_jacobian=1.00 l_label=1.00 l_log_likelihood=0.20 l_smoothness=2.35 
tol=2.50e-01, dt=5.00e-02, exp_k=20.0, momentum=0.90, levels=6, niter=500, lbl_dist=10.00, avgs=16, sigma=2.0,type=2, relabel=0, neg=no

blurring input image with Gaussian with sigma=2.000...
GCAMRegisterLevel(): init RMS 0.663439
#FOTS# QuadFit found better minimum quadopt=(dt=2.8,rms=0.662521) vs oldopt=(dt=2,rms=0.662568)
#GCMRL#   43 dt   2.800000 rms  0.663  0.138% neg 0  invalid 762 tFOTS 4.0450 tGradient 1.9090 tsec 6.2990
#FOTS# QuadFit found better minimum quadopt=(dt=0.7,rms=0.6625) vs oldopt=(dt=0.5,rms=0.662502)
#GCMRL#   44 dt   0.700000 rms  0.663  0.000% neg 0  invalid 762 tFOTS 3.8950 tGradient 1.8490 tsec 6.0440

#GCAMreg# pass 0 level1 3 level2 1 tsec 24.05 sigma 0.5
l_jacobian=1.00 l_label=1.00 l_log_likelihood=0.20 l_smoothness=2.35 
tol=2.50e-01, dt=5.00e-02, exp_k=20.0, momentum=0.90, levels=6, niter=500, lbl_dist=10.00, avgs=16, sigma=0.5,type=2, relabel=0, neg=no

blurring input image with Gaussian with sigma=0.500...
GCAMRegisterLevel(): init RMS 0.662981
#GCMRL#   46 dt   0.000000 rms  0.662  0.073% neg 0  invalid 762 tFOTS 3.4110 tGradient 1.8710 tsec 5.5560
setting smoothness cost coefficient to 8.000

#GCAMreg# pass 0 level1 2 level2 0 tsec 0 sigma 2
l_jacobian=1.00 l_label=1.00 l_log_likelihood=0.20 l_smoothness=8.00 
tol=2.50e-01, dt=5.00e-02, exp_k=20.0, momentum=0.90, levels=6, niter=500, lbl_dist=10.00, avgs=4, sigma=2.0,type=2, relabel=0, neg=no

blurring input image with Gaussian with sigma=2.000...
GCAMRegisterLevel(): init RMS 0.717077
#FOTS# QuadFit found better minimum quadopt=(dt=2.74161,rms=0.699427) vs oldopt=(dt=2.88,rms=0.699474)
#GCMRL#   48 dt   2.741611 rms  0.699  2.461% neg 0  invalid 762 tFOTS 3.3730 tGradient 1.7080 tsec 5.3530
#FOTS# QuadFit found better minimum quadopt=(dt=1.23333,rms=0.698713) vs oldopt=(dt=0.72,rms=0.698842)
#GCMRL#   49 dt   1.233333 rms  0.699  0.000% neg 0  invalid 762 tFOTS 3.6160 tGradient 1.5640 tsec 5.4720
#GCMRL#   50 dt   1.233333 rms  0.698  0.043% neg 0  invalid 762 tFOTS 0.0000 tGradient 1.5470 tsec 1.8130

#GCAMreg# pass 0 level1 2 level2 1 tsec 23.776 sigma 0.5
l_jacobian=1.00 l_label=1.00 l_log_likelihood=0.20 l_smoothness=8.00 
tol=2.50e-01, dt=5.00e-02, exp_k=20.0, momentum=0.90, levels=6, niter=500, lbl_dist=10.00, avgs=4, sigma=0.5,type=2, relabel=0, neg=no

blurring input image with Gaussian with sigma=0.500...
GCAMRegisterLevel(): init RMS 0.698886
#GCMRL#   52 dt   0.000176 rms  0.698  0.067% neg 0  invalid 762 tFOTS 4.3060 tGradient 1.4860 tsec 6.0660
setting smoothness cost coefficient to 20.000

#GCAMreg# pass 0 level1 1 level2 0 tsec 0 sigma 2
l_jacobian=1.00 l_label=1.00 l_log_likelihood=0.20 l_smoothness=20.00 
tol=2.50e-01, dt=5.00e-02, exp_k=20.0, momentum=0.90, levels=6, niter=500, lbl_dist=10.00, avgs=1, sigma=2.0,type=2, relabel=0, neg=no

blurring input image with Gaussian with sigma=2.000...
GCAMRegisterLevel(): init RMS 0.742902
#GCMRL#   54 dt   0.320000 rms  0.741  0.194% neg 0  invalid 762 tFOTS 3.6590 tGradient 1.2740 tsec 5.2680
#FOTS# QuadFit found better minimum quadopt=(dt=1.09027,rms=0.735851) vs oldopt=(dt=1.28,rms=0.735909)
#GCMRL#   55 dt   1.090265 rms  0.736  0.757% neg 0  invalid 762 tFOTS 3.7740 tGradient 1.2620 tsec 5.3310
#FOTS# QuadFit found better minimum quadopt=(dt=0.112,rms=0.734994) vs oldopt=(dt=0.08,rms=0.735163)
#GCMRL#   56 dt   0.112000 rms  0.735  0.000% neg 0  invalid 762 tFOTS 3.6110 tGradient 1.4440 tsec 5.3600
#GCMRL#   57 dt   0.112000 rms  0.735  0.049% neg 0  invalid 762 tFOTS 0.0000 tGradient 1.3260 tsec 1.6030
#GCMRL#   58 dt   0.112000 rms  0.734  0.033% neg 0  invalid 762 tFOTS 0.0000 tGradient 1.3940 tsec 1.6770
#GCMRL#   59 dt   0.112000 rms  0.734  0.058% neg 0  invalid 762 tFOTS 0.0000 tGradient 1.3830 tsec 1.6690
#GCMRL#   60 dt   0.112000 rms  0.733  0.167% neg 0  invalid 762 tFOTS 0.0000 tGradient 1.3090 tsec 1.5870
#GCMRL#   61 dt   0.112000 rms  0.731  0.248% neg 0  invalid 762 tFOTS 0.0000 tGradient 1.2630 tsec 1.5480
#GCMRL#   62 dt   0.112000 rms  0.729  0.215% neg 0  invalid 762 tFOTS 0.0000 tGradient 1.3260 tsec 1.6120
#GCMRL#   63 dt   0.112000 rms  0.728  0.134% neg 0  invalid 762 tFOTS 0.0000 tGradient 1.3810 tsec 1.6650
#GCMRL#   64 dt   0.112000 rms  0.728  0.067% neg 0  invalid 762 tFOTS 0.0000 tGradient 1.2930 tsec 1.5740
#GCMRL#   65 dt   0.112000 rms  0.728  0.008% neg 0  invalid 762 tFOTS 0.0000 tGradient 1.3000 tsec 1.5970
#FOTS# QuadFit found better minimum quadopt=(dt=0.448,rms=0.727467) vs oldopt=(dt=0.32,rms=0.727512)
#GCMRL#   66 dt   0.448000 rms  0.727  0.049% neg 0  invalid 762 tFOTS 3.5540 tGradient 1.3870 tsec 5.2290
#FOTS# QuadFit found better minimum quadopt=(dt=0.448,rms=0.726629) vs oldopt=(dt=0.32,rms=0.726786)
#GCMRL#   67 dt   0.448000 rms  0.727  0.115% neg 0  invalid 762 tFOTS 3.5530 tGradient 1.3400 tsec 5.1800
#FOTS# QuadFit found better minimum quadopt=(dt=0.192,rms=0.726477) vs oldopt=(dt=0.32,rms=0.726513)
#GCMRL#   68 dt   0.192000 rms  0.726  0.000% neg 0  invalid 762 tFOTS 3.7980 tGradient 1.3140 tsec 5.4540
#GCMRL#   69 dt   0.192000 rms  0.726  0.020% neg 0  invalid 762 tFOTS 0.0000 tGradient 1.3940 tsec 1.6770
#GCMRL#   70 dt   0.192000 rms  0.726  0.044% neg 0  invalid 762 tFOTS 0.0000 tGradient 1.3390 tsec 1.6180
#GCMRL#   71 dt   0.192000 rms  0.726  0.060% neg 0  invalid 762 tFOTS 0.0000 tGradient 1.5610 tsec 1.8890
#GCMRL#   72 dt   0.192000 rms  0.725  0.065% neg 0  invalid 762 tFOTS 0.0000 tGradient 1.4300 tsec 1.7100
#GCMRL#   73 dt   0.192000 rms  0.725  0.066% neg 0  invalid 762 tFOTS 0.0000 tGradient 1.3300 tsec 1.6120
#GCMRL#   74 dt   0.192000 rms  0.724  0.051% neg 0  invalid 762 tFOTS 0.0000 tGradient 1.3980 tsec 1.6790

#GCAMreg# pass 0 level1 1 level2 1 tsec 67.66 sigma 0.5
l_jacobian=1.00 l_label=1.00 l_log_likelihood=0.20 l_smoothness=20.00 
tol=2.50e-01, dt=5.00e-02, exp_k=20.0, momentum=0.90, levels=6, niter=500, lbl_dist=10.00, avgs=1, sigma=0.5,type=2, relabel=0, neg=no

blurring input image with Gaussian with sigma=0.500...
GCAMRegisterLevel(): init RMS 0.724384
#FOTS# QuadFit found better minimum quadopt=(dt=0.384,rms=0.723669) vs oldopt=(dt=0.32,rms=0.723682)
#GCMRL#   76 dt   0.384000 rms  0.724  0.099% neg 0  invalid 762 tFOTS 3.6320 tGradient 1.6700 tsec 5.5900
#GCMRL#   77 dt   0.100000 rms  0.724  0.000% neg 0  invalid 762 tFOTS 3.3870 tGradient 1.4180 tsec 5.1160
resetting metric properties...
setting smoothness cost coefficient to 40.000

#GCAMreg# pass 0 level1 0 level2 0 tsec 0 sigma 2
l_jacobian=1.00 l_label=1.00 l_log_likelihood=0.20 l_smoothness=40.00 
tol=2.50e-01, dt=5.00e-02, exp_k=20.0, momentum=0.90, levels=6, niter=500, lbl_dist=10.00, avgs=0, sigma=2.0,type=2, relabel=0, neg=no

blurring input image with Gaussian with sigma=2.000...
GCAMRegisterLevel(): init RMS 0.705298
#FOTS# QuadFit found better minimum quadopt=(dt=0.137061,rms=0.701683) vs oldopt=(dt=0.08,rms=0.702589)
#GCMRL#   79 dt   0.137061 rms  0.702  0.513% neg 0  invalid 762 tFOTS 3.7280 tGradient 0.9720 tsec 4.9900
#FOTS# QuadFit found better minimum quadopt=(dt=0.0015,rms=0.701686) vs oldopt=(dt=0.00125,rms=0.701686)
#GCMRL#   80 dt   0.001500 rms  0.702  0.000% neg 0  invalid 762 tFOTS 3.6780 tGradient 0.9500 tsec 5.1350
#GCMRL#   81 dt   0.001500 rms  0.702  0.000% neg 0  invalid 762 tFOTS 0.0000 tGradient 0.9290 tsec 1.2060

#GCAMreg# pass 0 level1 0 level2 1 tsec 21.982 sigma 0.5
l_jacobian=1.00 l_label=1.00 l_log_likelihood=0.20 l_smoothness=40.00 
tol=2.50e-01, dt=5.00e-02, exp_k=20.0, momentum=0.90, levels=6, niter=500, lbl_dist=10.00, avgs=0, sigma=0.5,type=2, relabel=0, neg=no

blurring input image with Gaussian with sigma=0.500...
GCAMRegisterLevel(): init RMS 0.702118
#FOTS# QuadFit found better minimum quadopt=(dt=0.006,rms=0.701669) vs oldopt=(dt=0.005,rms=0.70167)
#GCMRL#   83 dt   0.006000 rms  0.702  0.064% neg 0  invalid 762 tFOTS 3.8080 tGradient 0.9310 tsec 5.0350
GCAMregister done in 6.8939 min
Starting GCAmapRenormalizeWithAlignment() without scales
renormalizing by structure alignment....
renormalizing input #0
gca peak = 0.10253 (16)
mri peak = 0.15269 (14)
Left_Lateral_Ventricle (4): linear fit = 0.74 x + 0.0 (871 voxels, overlap=0.479)
Left_Lateral_Ventricle (4): linear fit = 0.74 x + 0.0 (871 voxels, peak = 12), gca=11.8
gca peak = 0.17690 (16)
mri peak = 0.06772 (45)
Right_Lateral_Ventricle (43): linear fit = 3.03 x + 0.0 (668 voxels, overlap=0.264)
Right_Lateral_Ventricle (43): linear fit = 1.50 x + 0.0 (668 voxels, peak = 48), gca=24.0
gca peak = 0.28275 (96)
mri peak = 0.15881 (94)
Right_Pallidum (52): linear fit = 0.99 x + 0.0 (943 voxels, overlap=0.989)
Right_Pallidum (52): linear fit = 0.99 x + 0.0 (943 voxels, peak = 95), gca=94.6
gca peak = 0.18948 (93)
mri peak = 0.09123 (97)
Left_Pallidum (13): linear fit = 1.01 x + 0.0 (856 voxels, overlap=1.003)
Left_Pallidum (13): linear fit = 1.01 x + 0.0 (856 voxels, peak = 94), gca=94.4
gca peak = 0.20755 (55)
mri peak = 0.15356 (66)
Right_Hippocampus (53): linear fit = 1.15 x + 0.0 (777 voxels, overlap=0.032)
Right_Hippocampus (53): linear fit = 1.15 x + 0.0 (777 voxels, peak = 64), gca=63.5
gca peak = 0.31831 (58)
mri peak = 0.16376 (67)
Left_Hippocampus (17): linear fit = 1.16 x + 0.0 (940 voxels, overlap=0.012)
Left_Hippocampus (17): linear fit = 1.16 x + 0.0 (940 voxels, peak = 68), gca=67.6
gca peak = 0.11957 (102)
mri peak = 0.08933 (106)
Right_Cerebral_White_Matter (41): linear fit = 1.07 x + 0.0 (60059 voxels, overlap=0.576)
Right_Cerebral_White_Matter (41): linear fit = 1.07 x + 0.0 (60059 voxels, peak = 109), gca=108.6
gca peak = 0.11429 (102)
mri peak = 0.09877 (109)
Left_Cerebral_White_Matter (2): linear fit = 1.07 x + 0.0 (62601 voxels, overlap=0.521)
Left_Cerebral_White_Matter (2): linear fit = 1.07 x + 0.0 (62601 voxels, peak = 109), gca=108.6
gca peak = 0.14521 (59)
mri peak = 0.04328 (62)
Left_Cerebral_Cortex (3): linear fit = 1.08 x + 0.0 (31405 voxels, overlap=0.909)
Left_Cerebral_Cortex (3): linear fit = 1.08 x + 0.0 (31405 voxels, peak = 63), gca=63.4
gca peak = 0.14336 (58)
mri peak = 0.04205 (62)
Right_Cerebral_Cortex (42): linear fit = 1.10 x + 0.0 (31850 voxels, overlap=0.686)
Right_Cerebral_Cortex (42): linear fit = 1.10 x + 0.0 (31850 voxels, peak = 64), gca=63.5
gca peak = 0.13305 (70)
mri peak = 0.10336 (71)
Right_Caudate (50): linear fit = 1.10 x + 0.0 (950 voxels, overlap=0.457)
Right_Caudate (50): linear fit = 1.10 x + 0.0 (950 voxels, peak = 77), gca=76.7
gca peak = 0.15761 (71)
mri peak = 0.08559 (81)
Left_Caudate (11): linear fit = 1.11 x + 0.0 (1000 voxels, overlap=0.472)
Left_Caudate (11): linear fit = 1.11 x + 0.0 (1000 voxels, peak = 78), gca=78.5
gca peak = 0.13537 (57)
mri peak = 0.05515 (63)
Left_Cerebellum_Cortex (8): linear fit = 1.12 x + 0.0 (32785 voxels, overlap=0.913)
Left_Cerebellum_Cortex (8): linear fit = 1.12 x + 0.0 (32785 voxels, peak = 64), gca=63.6
gca peak = 0.13487 (56)
mri peak = 0.07242 (63)
Right_Cerebellum_Cortex (47): linear fit = 1.10 x + 0.0 (35617 voxels, overlap=0.847)
Right_Cerebellum_Cortex (47): linear fit = 1.10 x + 0.0 (35617 voxels, peak = 61), gca=61.3
gca peak = 0.19040 (84)
mri peak = 0.09986 (89)
Left_Cerebellum_White_Matter (7): linear fit = 1.07 x + 0.0 (9523 voxels, overlap=0.542)
Left_Cerebellum_White_Matter (7): linear fit = 1.07 x + 0.0 (9523 voxels, peak = 89), gca=89.5
gca peak = 0.18871 (83)
mri peak = 0.09190 (85)
Right_Cerebellum_White_Matter (46): linear fit = 1.02 x + 0.0 (8455 voxels, overlap=0.769)
Right_Cerebellum_White_Matter (46): linear fit = 1.02 x + 0.0 (8455 voxels, peak = 85), gca=85.1
gca peak = 0.24248 (57)
mri peak = 0.13349 (70)
Left_Amygdala (18): linear fit = 1.23 x + 0.0 (431 voxels, overlap=0.030)
Left_Amygdala (18): linear fit = 1.23 x + 0.0 (431 voxels, peak = 70), gca=69.8
gca peak = 0.35833 (56)
mri peak = 0.15532 (72)
Right_Amygdala (54): linear fit = 1.23 x + 0.0 (569 voxels, overlap=0.022)
Right_Amygdala (54): linear fit = 1.23 x + 0.0 (569 voxels, peak = 69), gca=68.6
gca peak = 0.12897 (85)
mri peak = 0.05569 (89)
Left_Thalamus (10): linear fit = 1.04 x + 0.0 (5452 voxels, overlap=0.881)
Left_Thalamus (10): linear fit = 1.04 x + 0.0 (5452 voxels, peak = 89), gca=88.8
gca peak = 0.13127 (83)
mri peak = 0.06763 (83)
Right_Thalamus (49): linear fit = 1.02 x + 0.0 (4618 voxels, overlap=0.881)
Right_Thalamus (49): linear fit = 1.02 x + 0.0 (4618 voxels, peak = 85), gca=85.1
gca peak = 0.12974 (78)
mri peak = 0.10264 (83)
Left_Putamen (12): linear fit = 1.08 x + 0.0 (2326 voxels, overlap=0.609)
Left_Putamen (12): linear fit = 1.08 x + 0.0 (2326 voxels, peak = 84), gca=83.9
gca peak = 0.17796 (79)
mri peak = 0.12968 (83)
Right_Putamen (51): linear fit = 1.05 x + 0.0 (2480 voxels, overlap=0.696)
Right_Putamen (51): linear fit = 1.05 x + 0.0 (2480 voxels, peak = 83), gca=83.3
gca peak = 0.10999 (80)
mri peak = 0.09565 (86)
Brain_Stem (16): linear fit = 1.10 x + 0.0 (12372 voxels, overlap=0.415)
Brain_Stem (16): linear fit = 1.10 x + 0.0 (12372 voxels, peak = 88), gca=87.6
gca peak = 0.13215 (88)
mri peak = 0.11358 (91)
Right_VentralDC (60): linear fit = 1.03 x + 0.0 (1726 voxels, overlap=0.632)
Right_VentralDC (60): linear fit = 1.03 x + 0.0 (1726 voxels, peak = 91), gca=91.1
gca peak = 0.11941 (89)
mri peak = 0.08786 (91)
Left_VentralDC (28): linear fit = 1.04 x + 0.0 (1625 voxels, overlap=0.661)
Left_VentralDC (28): linear fit = 1.04 x + 0.0 (1625 voxels, peak = 93), gca=93.0
gca peak = 0.20775 (25)
mri peak = 0.11228 (44)
gca peak = 0.13297 (21)
mri peak = 0.22204 (14)
Fourth_Ventricle (15): linear fit = 0.70 x + 0.0 (550 voxels, overlap=0.360)
Fourth_Ventricle (15): linear fit = 0.70 x + 0.0 (550 voxels, peak = 15), gca=14.8
gca peak Unknown = 0.94777 ( 0)
gca peak Left_Inf_Lat_Vent = 0.19087 (28)
gca peak Third_Ventricle = 0.20775 (25)
gca peak CSF = 0.16821 (33)
gca peak Left_Accumbens_area = 0.32850 (63)
gca peak Left_undetermined = 0.98480 (28)
gca peak Left_vessel = 0.40887 (53)
gca peak Left_choroid_plexus = 0.10898 (46)
gca peak Right_Inf_Lat_Vent = 0.17798 (26)
gca peak Right_Accumbens_area = 0.30137 (64)
gca peak Right_vessel = 0.47828 (52)
gca peak Right_choroid_plexus = 0.11612 (45)
gca peak Fifth_Ventricle = 0.59466 (35)
gca peak WM_hypointensities = 0.10053 (78)
gca peak non_WM_hypointensities = 0.07253 (60)
gca peak Optic_Chiasm = 0.25330 (73)
not using caudate to estimate GM means
estimating mean gm scale to be 1.16 x + 0.0
estimating mean wm scale to be 1.07 x + 0.0
estimating mean csf scale to be 0.98 x + 0.0
saving intensity scales to talairach.label_intensities.txt
GCAmapRenormalizeWithAlignment() took 3.39293 min
noneg pre
Starting GCAMregister()
label assignment complete, 0 changed (0.00%)
npasses = 1, nlevels = 6
#pass# 1 of 1 ************************
enabling zero nodes
setting smoothness cost coefficient to 0.008

#GCAMreg# pass 0 level1 5 level2 0 tsec 0 sigma 2
l_jacobian=1.00 l_label=1.00 l_log_likelihood=0.20 l_smoothness=0.01 
tol=5.00e-02, dt=5.00e-02, exp_k=20.0, momentum=0.90, levels=6, niter=500, lbl_dist=10.00, avgs=256, sigma=2.0,type=2, relabel=0, neg=no

blurring input image with Gaussian with sigma=2.000...
GCAMRegisterLevel(): init RMS 0.733267
#FOTS# QuadFit found better minimum quadopt=(dt=191.757,rms=0.713787) vs oldopt=(dt=92.48,rms=0.719085)
#GCMRL#   85 dt 191.756654 rms  0.714  2.657% neg 0  invalid 762 tFOTS 4.0590 tGradient 2.0740 tsec 6.4200
#FOTS# QuadFit found better minimum quadopt=(dt=267.337,rms=0.701968) vs oldopt=(dt=369.92,rms=0.703599)
#GCMRL#   86 dt 267.337143 rms  0.702  1.656% neg 0  invalid 762 tFOTS 4.1190 tGradient 1.9860 tsec 6.3970
#FOTS# QuadFit found better minimum quadopt=(dt=110.976,rms=0.697282) vs oldopt=(dt=92.48,rms=0.697439)
#GCMRL#   87 dt 110.976000 rms  0.697  0.668% neg 0  invalid 762 tFOTS 3.9160 tGradient 2.0550 tsec 6.2700
#FOTS# QuadFit found better minimum quadopt=(dt=443.904,rms=0.691178) vs oldopt=(dt=369.92,rms=0.691372)
#GCMRL#   88 dt 443.904000 rms  0.691  0.875% neg 0  invalid 762 tFOTS 3.8400 tGradient 2.1650 tsec 6.3000
#FOTS# QuadFit found better minimum quadopt=(dt=110.976,rms=0.687672) vs oldopt=(dt=92.48,rms=0.68776)
#GCMRL#   89 dt 110.976000 rms  0.688  0.507% neg 0  invalid 762 tFOTS 3.9590 tGradient 2.0600 tsec 6.3470
#FOTS# QuadFit found better minimum quadopt=(dt=295.936,rms=0.685298) vs oldopt=(dt=369.92,rms=0.685402)
#GCMRL#   90 dt 295.936000 rms  0.685  0.345% neg 0  invalid 762 tFOTS 3.8670 tGradient 2.2250 tsec 6.3640
#FOTS# QuadFit found better minimum quadopt=(dt=129.472,rms=0.683685) vs oldopt=(dt=92.48,rms=0.683759)
#GCMRL#   91 dt 129.472000 rms  0.684  0.235% neg 0  invalid 762 tFOTS 4.0310 tGradient 2.0390 tsec 6.3390
#FOTS# QuadFit found better minimum quadopt=(dt=129.472,rms=0.682603) vs oldopt=(dt=92.48,rms=0.6828)
#GCMRL#   92 dt 129.472000 rms  0.683  0.158% neg 0  invalid 762 tFOTS 3.7830 tGradient 2.2690 tsec 6.3220
#FOTS# QuadFit found better minimum quadopt=(dt=443.904,rms=0.680615) vs oldopt=(dt=369.92,rms=0.680691)
#GCMRL#   93 dt 443.904000 rms  0.681  0.291% neg 0  invalid 762 tFOTS 3.8670 tGradient 2.3680 tsec 6.5050
#GCMRL#   94 dt  92.480000 rms  0.679  0.194% neg 0  invalid 762 tFOTS 4.2350 tGradient 2.2570 tsec 6.7680
#GCMRL#   95 dt 1479.680000 rms  0.675  0.573% neg 0  invalid 762 tFOTS 3.9350 tGradient 2.2140 tsec 6.4240
#FOTS# QuadFit found better minimum quadopt=(dt=74.963,rms=0.672994) vs oldopt=(dt=92.48,rms=0.673035)
#GCMRL#   96 dt  74.962963 rms  0.673  0.357% neg 0  invalid 762 tFOTS 3.9330 tGradient 2.1370 tsec 6.3430
#FOTS# QuadFit found better minimum quadopt=(dt=295.936,rms=0.672564) vs oldopt=(dt=369.92,rms=0.672607)
#GCMRL#   97 dt 295.936000 rms  0.673  0.064% neg 0  invalid 762 tFOTS 3.9540 tGradient 2.2330 tsec 6.4720
#FOTS# QuadFit found better minimum quadopt=(dt=129.472,rms=0.671735) vs oldopt=(dt=92.48,rms=0.671854)
#GCMRL#   98 dt 129.472000 rms  0.672  0.123% neg 0  invalid 762 tFOTS 3.9840 tGradient 2.2920 tsec 6.6140
#FOTS# QuadFit found better minimum quadopt=(dt=129.472,rms=0.671511) vs oldopt=(dt=92.48,rms=0.671557)
#GCMRL#   99 dt 129.472000 rms  0.672  0.000% neg 0  invalid 762 tFOTS 3.9640 tGradient 2.3140 tsec 6.5920
#GCMRL#  100 dt 129.472000 rms  0.671  0.063% neg 0  invalid 762 tFOTS 0.0000 tGradient 2.3040 tsec 2.5940
#GCMRL#  101 dt 129.472000 rms  0.670  0.089% neg 0  invalid 762 tFOTS 0.0000 tGradient 2.2740 tsec 2.5650
#GCMRL#  102 dt 129.472000 rms  0.670  0.117% neg 0  invalid 762 tFOTS 0.0000 tGradient 2.1610 tsec 2.4550
#GCMRL#  103 dt 129.472000 rms  0.669  0.147% neg 0  invalid 762 tFOTS 0.0000 tGradient 2.2630 tsec 2.5580
#GCMRL#  104 dt 129.472000 rms  0.668  0.175% neg 0  invalid 762 tFOTS 0.0000 tGradient 2.2670 tsec 2.5580
#GCMRL#  105 dt 129.472000 rms  0.666  0.184% neg 0  invalid 762 tFOTS 0.0000 tGradient 2.2270 tsec 2.5150
#GCMRL#  106 dt 129.472000 rms  0.665  0.176% neg 0  invalid 762 tFOTS 0.0000 tGradient 2.2370 tsec 2.5270
#GCMRL#  107 dt 129.472000 rms  0.664  0.164% neg 0  invalid 762 tFOTS 0.0000 tGradient 2.3010 tsec 2.5920
#GCMRL#  108 dt 129.472000 rms  0.663  0.156% neg 0  invalid 762 tFOTS 0.0000 tGradient 2.1920 tsec 2.4810
#GCMRL#  109 dt 129.472000 rms  0.662  0.152% neg 0  invalid 762 tFOTS 0.0000 tGradient 2.1500 tsec 2.4400
#GCMRL#  110 dt 129.472000 rms  0.661  0.134% neg 0  invalid 762 tFOTS 0.0000 tGradient 2.2240 tsec 2.5140
#GCMRL#  111 dt 129.472000 rms  0.660  0.115% neg 0  invalid 762 tFOTS 0.0000 tGradient 2.2210 tsec 2.5070
#GCMRL#  112 dt 129.472000 rms  0.660  0.102% neg 0  invalid 762 tFOTS 0.0000 tGradient 2.2730 tsec 2.6070
#GCMRL#  113 dt 129.472000 rms  0.659  0.102% neg 0  invalid 762 tFOTS 0.0000 tGradient 2.2810 tsec 2.5710
#GCMRL#  114 dt 129.472000 rms  0.658  0.093% neg 0  invalid 762 tFOTS 0.0000 tGradient 2.3630 tsec 2.6530
#GCMRL#  115 dt 129.472000 rms  0.658  0.076% neg 0  invalid 762 tFOTS 0.0000 tGradient 2.3550 tsec 2.6450
#GCMRL#  116 dt 129.472000 rms  0.657  0.072% neg 0  invalid 762 tFOTS 0.0000 tGradient 2.5280 tsec 2.8210
#GCMRL#  117 dt 129.472000 rms  0.657  0.061% neg 0  invalid 762 tFOTS 0.0000 tGradient 2.1850 tsec 2.5110
#GCMRL#  118 dt 129.472000 rms  0.657  0.075% neg 0  invalid 762 tFOTS 0.0000 tGradient 2.2150 tsec 2.4920
#GCMRL#  119 dt 129.472000 rms  0.656  0.074% neg 0  invalid 762 tFOTS 0.0000 tGradient 2.2270 tsec 2.5060
#GCMRL#  120 dt 129.472000 rms  0.656  0.071% neg 0  invalid 762 tFOTS 0.0000 tGradient 2.2570 tsec 2.5300
#GCMRL#  121 dt 129.472000 rms  0.655  0.069% neg 0  invalid 762 tFOTS 0.0000 tGradient 2.2070 tsec 2.4850
#GCMRL#  122 dt 129.472000 rms  0.655  0.072% neg 0  invalid 762 tFOTS 0.0000 tGradient 2.2110 tsec 2.5430
#GCMRL#  123 dt 129.472000 rms  0.654  0.065% neg 0  invalid 762 tFOTS 0.0000 tGradient 2.2360 tsec 2.5160
#GCMRL#  124 dt 129.472000 rms  0.654  0.066% neg 0  invalid 762 tFOTS 0.0000 tGradient 2.2500 tsec 2.5380
#GCMRL#  125 dt 129.472000 rms  0.653  0.061% neg 0  invalid 762 tFOTS 0.0000 tGradient 2.2120 tsec 2.4960
#GCMRL#  126 dt 129.472000 rms  0.653  0.061% neg 0  invalid 762 tFOTS 0.0000 tGradient 2.1620 tsec 2.4320
#GCMRL#  127 dt 129.472000 rms  0.653  0.065% neg 0  invalid 762 tFOTS 0.0000 tGradient 2.1510 tsec 2.4220
#GCMRL#  128 dt 129.472000 rms  0.652  0.066% neg 0  invalid 762 tFOTS 0.0000 tGradient 2.2380 tsec 2.5110
#GCMRL#  129 dt 129.472000 rms  0.652  0.059% neg 0  invalid 762 tFOTS 0.0000 tGradient 2.2250 tsec 2.4950
#GCMRL#  130 dt 129.472000 rms  0.651  0.053% neg 0  invalid 762 tFOTS 0.0000 tGradient 2.0290 tsec 2.3050
#GCMRL#  131 dt 129.472000 rms  0.651  0.055% neg 0  invalid 762 tFOTS 0.0000 tGradient 2.2590 tsec 2.5400
#GCMRL#  132 dt 129.472000 rms  0.651  0.053% neg 0  invalid 762 tFOTS 0.0000 tGradient 2.1260 tsec 2.4170
#GCMRL#  133 dt 129.472000 rms  0.650  0.048% neg 0  invalid 762 tFOTS 0.0000 tGradient 2.1620 tsec 2.4410
#GCMRL#  134 dt 129.472000 rms  0.650  0.043% neg 0  invalid 762 tFOTS 0.0000 tGradient 2.1060 tsec 2.3850
#GCMRL#  135 dt 129.472000 rms  0.650  0.051% neg 0  invalid 762 tFOTS 0.0000 tGradient 2.2590 tsec 2.5370
#GCMRL#  136 dt 129.472000 rms  0.650  0.031% neg 0  invalid 762 tFOTS 0.0000 tGradient 2.3910 tsec 2.7100
#GCMRL#  137 dt 129.472000 rms  0.649  0.051% neg 0  invalid 762 tFOTS 0.0000 tGradient 2.3720 tsec 2.6520
#GCMRL#  138 dt 129.472000 rms  0.649  0.038% neg 0  invalid 762 tFOTS 0.0000 tGradient 2.3000 tsec 2.5760
#GCMRL#  139 dt 129.472000 rms  0.649  0.037% neg 0  invalid 762 tFOTS 0.0000 tGradient 2.3820 tsec 2.6630
#GCMRL#  140 dt 129.472000 rms  0.649  0.032% neg 0  invalid 762 tFOTS 0.0000 tGradient 2.2510 tsec 2.5270
#GCMRL#  141 dt 129.472000 rms  0.648  0.032% neg 0  invalid 762 tFOTS 0.0000 tGradient 2.2870 tsec 2.5730
#GCMRL#  142 dt 129.472000 rms  0.648  0.019% neg 0  invalid 762 tFOTS 0.0000 tGradient 2.1800 tsec 2.4630
#GCMRL#  143 dt 129.472000 rms  0.648  0.028% neg 0  invalid 762 tFOTS 0.0000 tGradient 2.1200 tsec 2.4110
#GCMRL#  144 dt 129.472000 rms  0.648  0.031% neg 0  invalid 762 tFOTS 0.0000 tGradient 2.1440 tsec 2.4920
#GCMRL#  145 dt 129.472000 rms  0.648  0.032% neg 0  invalid 762 tFOTS 0.0000 tGradient 2.1120 tsec 2.4000
#GCMRL#  146 dt 129.472000 rms  0.647  0.032% neg 0  invalid 762 tFOTS 0.0000 tGradient 2.1380 tsec 2.4350
#GCMRL#  147 dt 129.472000 rms  0.647  0.031% neg 0  invalid 762 tFOTS 0.0000 tGradient 2.1970 tsec 2.4840
#GCMRL#  148 dt 129.472000 rms  0.647  0.026% neg 0  invalid 762 tFOTS 0.0000 tGradient 2.1260 tsec 2.4110
#GCMRL#  149 dt 129.472000 rms  0.647  0.025% neg 0  invalid 762 tFOTS 0.0000 tGradient 2.1620 tsec 2.4510
#GCMRL#  150 dt 129.472000 rms  0.647  0.025% neg 0  invalid 762 tFOTS 0.0000 tGradient 2.3070 tsec 2.6490
#GCMRL#  151 dt 129.472000 rms  0.647  0.026% neg 0  invalid 762 tFOTS 0.0000 tGradient 2.1100 tsec 2.4030
#GCMRL#  152 dt 129.472000 rms  0.646  0.025% neg 0  invalid 762 tFOTS 0.0000 tGradient 2.1100 tsec 2.4060
#GCMRL#  153 dt 129.472000 rms  0.646  0.028% neg 0  invalid 762 tFOTS 0.0000 tGradient 2.2560 tsec 2.5410
#GCMRL#  154 dt 129.472000 rms  0.646  0.026% neg 0  invalid 762 tFOTS 0.0000 tGradient 2.1530 tsec 2.4590
#GCMRL#  155 dt 129.472000 rms  0.646  0.023% neg 0  invalid 762 tFOTS 0.0000 tGradient 2.1730 tsec 2.4570
#GCMRL#  156 dt 129.472000 rms  0.646  0.023% neg 0  invalid 762 tFOTS 0.0000 tGradient 2.1690 tsec 2.4600
#GCMRL#  157 dt 129.472000 rms  0.646  0.022% neg 0  invalid 762 tFOTS 0.0000 tGradient 2.1620 tsec 2.4700
#FOTS# QuadFit found better minimum quadopt=(dt=4734.98,rms=0.645291) vs oldopt=(dt=5918.72,rms=0.645309)
#GCMRL#  158 dt 4734.976000 rms  0.645  0.049% neg 0  invalid 762 tFOTS 4.1620 tGradient 2.2200 tsec 6.6710
#FOTS# QuadFit found better minimum quadopt=(dt=55.488,rms=0.645224) vs oldopt=(dt=92.48,rms=0.645253)
#GCMRL#  159 dt  55.488000 rms  0.645  0.000% neg 0  invalid 762 tFOTS 3.8310 tGradient 2.1140 tsec 6.2550
#GCMRL#  160 dt  55.488000 rms  0.645  0.002% neg 0  invalid 762 tFOTS 0.0000 tGradient 2.2900 tsec 2.5760

#GCAMreg# pass 0 level1 5 level2 1 tsec 269.722 sigma 0.5
l_jacobian=1.00 l_label=1.00 l_log_likelihood=0.20 l_smoothness=0.01 
tol=5.00e-02, dt=5.00e-02, exp_k=20.0, momentum=0.90, levels=6, niter=500, lbl_dist=10.00, avgs=256, sigma=0.5,type=2, relabel=0, neg=no

blurring input image with Gaussian with sigma=0.500...
GCAMRegisterLevel(): init RMS 0.645711
#FOTS# QuadFit found better minimum quadopt=(dt=129.472,rms=0.644816) vs oldopt=(dt=92.48,rms=0.644885)
#GCMRL#  162 dt 129.472000 rms  0.645  0.139% neg 0  invalid 762 tFOTS 4.1130 tGradient 2.1590 tsec 6.5690
#FOTS# QuadFit found better minimum quadopt=(dt=295.936,rms=0.644633) vs oldopt=(dt=369.92,rms=0.644634)
#GCMRL#  163 dt 295.936000 rms  0.645  0.000% neg 0  invalid 762 tFOTS 4.0720 tGradient 2.1620 tsec 6.5450
#GCMRL#  164 dt 295.936000 rms  0.644  0.039% neg 0  invalid 762 tFOTS 0.0000 tGradient 2.2790 tsec 2.5660
#GCMRL#  165 dt 295.936000 rms  0.644  0.037% neg 0  invalid 762 tFOTS 0.0000 tGradient 2.1290 tsec 2.4110
#GCMRL#  166 dt 295.936000 rms  0.644  0.033% neg 0  invalid 762 tFOTS 0.0000 tGradient 2.0160 tsec 2.3020
#GCMRL#  167 dt 295.936000 rms  0.644  0.027% neg 0  invalid 762 tFOTS 0.0000 tGradient 2.1150 tsec 2.3980
#GCMRL#  168 dt 295.936000 rms  0.643  0.051% neg 0  invalid 762 tFOTS 0.0000 tGradient 2.1070 tsec 2.4020
#GCMRL#  169 dt 295.936000 rms  0.643  0.044% neg 0  invalid 762 tFOTS 0.0000 tGradient 2.0500 tsec 2.3410
#GCMRL#  170 dt 295.936000 rms  0.643  0.023% neg 0  invalid 762 tFOTS 0.0000 tGradient 2.0360 tsec 2.3230
#GCMRL#  171 dt 295.936000 rms  0.643  0.037% neg 0  invalid 762 tFOTS 0.0000 tGradient 2.0530 tsec 2.3440
#GCMRL#  172 dt 295.936000 rms  0.643  0.041% neg 0  invalid 762 tFOTS 0.0000 tGradient 2.0390 tsec 2.3270
#GCMRL#  173 dt 295.936000 rms  0.642  0.013% neg 0  invalid 762 tFOTS 0.0000 tGradient 2.0580 tsec 2.3550
#GCMRL#  174 dt 295.936000 rms  0.642  0.006% neg 0  invalid 762 tFOTS 0.0000 tGradient 2.1100 tsec 2.4180
#FOTS# QuadFit found better minimum quadopt=(dt=517.888,rms=0.642188) vs oldopt=(dt=369.92,rms=0.642219)
#GCMRL#  175 dt 517.888000 rms  0.642  0.030% neg 0  invalid 762 tFOTS 3.9310 tGradient 2.0680 tsec 6.2870
#FOTS# QuadFit found better minimum quadopt=(dt=0.21675,rms=0.642187) vs oldopt=(dt=0.36125,rms=0.642187)
#GCMRL#  176 dt   0.216750 rms  0.642  0.000% neg 0  invalid 762 tFOTS 4.1070 tGradient 2.0600 tsec 6.4740
setting smoothness cost coefficient to 0.031

#GCAMreg# pass 0 level1 4 level2 0 tsec 0 sigma 2
l_jacobian=1.00 l_label=1.00 l_log_likelihood=0.20 l_smoothness=0.03 
tol=5.00e-02, dt=5.00e-02, exp_k=20.0, momentum=0.90, levels=6, niter=500, lbl_dist=10.00, avgs=64, sigma=2.0,type=2, relabel=0, neg=no

blurring input image with Gaussian with sigma=2.000...
GCAMRegisterLevel(): init RMS 0.644436
#FOTS# QuadFit found better minimum quadopt=(dt=133.141,rms=0.639658) vs oldopt=(dt=103.68,rms=0.639833)
#GCMRL#  178 dt 133.140562 rms  0.640  0.742% neg 0  invalid 762 tFOTS 3.8470 tGradient 1.7880 tsec 5.9200
#FOTS# QuadFit found better minimum quadopt=(dt=145.152,rms=0.633512) vs oldopt=(dt=103.68,rms=0.63398)
#GCMRL#  179 dt 145.152000 rms  0.634  0.961% neg 0  invalid 762 tFOTS 3.6990 tGradient 1.7580 tsec 5.7480
#FOTS# QuadFit found better minimum quadopt=(dt=36.288,rms=0.630798) vs oldopt=(dt=25.92,rms=0.631321)
#GCMRL#  180 dt  36.288000 rms  0.631  0.428% neg 0  invalid 762 tFOTS 3.7220 tGradient 1.8690 tsec 5.8750
#FOTS# QuadFit found better minimum quadopt=(dt=145.152,rms=0.628508) vs oldopt=(dt=103.68,rms=0.628634)
#GCMRL#  181 dt 145.152000 rms  0.629  0.363% neg 0  invalid 762 tFOTS 3.3500 tGradient 1.8860 tsec 5.5230
#FOTS# QuadFit found better minimum quadopt=(dt=111.789,rms=0.624147) vs oldopt=(dt=103.68,rms=0.624155)
#GCMRL#  182 dt 111.788918 rms  0.624  0.694% neg 0  invalid 762 tFOTS 3.6040 tGradient 1.9420 tsec 5.8360
#FOTS# QuadFit found better minimum quadopt=(dt=36.288,rms=0.622754) vs oldopt=(dt=25.92,rms=0.622983)
#GCMRL#  183 dt  36.288000 rms  0.623  0.223% neg 0  invalid 762 tFOTS 3.5780 tGradient 1.9270 tsec 5.8000
#FOTS# QuadFit found better minimum quadopt=(dt=145.152,rms=0.620867) vs oldopt=(dt=103.68,rms=0.621183)
#GCMRL#  184 dt 145.152000 rms  0.621  0.303% neg 0  invalid 762 tFOTS 3.6370 tGradient 1.8610 tsec 5.7890
#FOTS# QuadFit found better minimum quadopt=(dt=138.557,rms=0.617481) vs oldopt=(dt=103.68,rms=0.61766)
#GCMRL#  185 dt 138.556701 rms  0.617  0.545% neg 0  invalid 762 tFOTS 3.5740 tGradient 1.7670 tsec 5.6290
#FOTS# QuadFit found better minimum quadopt=(dt=36.288,rms=0.616278) vs oldopt=(dt=25.92,rms=0.616436)
#GCMRL#  186 dt  36.288000 rms  0.616  0.195% neg 0  invalid 762 tFOTS 3.5430 tGradient 1.8790 tsec 5.7070
#FOTS# QuadFit found better minimum quadopt=(dt=145.152,rms=0.615107) vs oldopt=(dt=103.68,rms=0.61526)
#GCMRL#  187 dt 145.152000 rms  0.615  0.190% neg 0  invalid 762 tFOTS 3.6760 tGradient 1.7840 tsec 5.7480
#FOTS# QuadFit found better minimum quadopt=(dt=124.416,rms=0.612232) vs oldopt=(dt=103.68,rms=0.612348)
#GCMRL#  188 dt 124.416000 rms  0.612  0.467% neg 0  invalid 762 tFOTS 3.8140 tGradient 1.7990 tsec 5.9030
#FOTS# QuadFit found better minimum quadopt=(dt=36.288,rms=0.611555) vs oldopt=(dt=25.92,rms=0.611631)
#GCMRL#  189 dt  36.288000 rms  0.612  0.111% neg 0  invalid 762 tFOTS 3.5780 tGradient 1.8510 tsec 5.7180
#FOTS# QuadFit found better minimum quadopt=(dt=248.832,rms=0.610296) vs oldopt=(dt=414.72,rms=0.610612)
#GCMRL#  190 dt 248.832000 rms  0.610  0.206% neg 0  invalid 762 tFOTS 3.9610 tGradient 1.8880 tsec 6.1390
#FOTS# QuadFit found better minimum quadopt=(dt=84.7175,rms=0.607319) vs oldopt=(dt=103.68,rms=0.607482)
#GCMRL#  191 dt  84.717526 rms  0.607  0.488% neg 0  invalid 762 tFOTS 3.8760 tGradient 1.8240 tsec 5.9870
#FOTS# QuadFit found better minimum quadopt=(dt=36.288,rms=0.606917) vs oldopt=(dt=25.92,rms=0.606955)
#GCMRL#  192 dt  36.288000 rms  0.607  0.066% neg 0  invalid 762 tFOTS 3.7050 tGradient 1.8590 tsec 5.8610
#FOTS# QuadFit found better minimum quadopt=(dt=331.776,rms=0.60545) vs oldopt=(dt=414.72,rms=0.605455)
#GCMRL#  193 dt 331.776000 rms  0.605  0.242% neg 0  invalid 762 tFOTS 4.0050 tGradient 1.7950 tsec 6.1340
#FOTS# QuadFit found better minimum quadopt=(dt=78.2482,rms=0.602664) vs oldopt=(dt=103.68,rms=0.602996)
#GCMRL#  194 dt  78.248175 rms  0.603  0.460% neg 0  invalid 762 tFOTS 4.0020 tGradient 1.8960 tsec 6.1820
#FOTS# QuadFit found better minimum quadopt=(dt=36.288,rms=0.602383) vs oldopt=(dt=25.92,rms=0.602399)
#GCMRL#  195 dt  36.288000 rms  0.602  0.000% neg 0  invalid 762 tFOTS 3.7680 tGradient 1.8290 tsec 5.9240
#GCMRL#  196 dt  36.288000 rms  0.602  0.039% neg 0  invalid 762 tFOTS 0.0000 tGradient 1.8010 tsec 2.0960
#GCMRL#  197 dt  36.288000 rms  0.602  0.079% neg 0  invalid 762 tFOTS 0.0000 tGradient 1.8380 tsec 2.1250
#GCMRL#  198 dt  36.288000 rms  0.601  0.129% neg 0  invalid 762 tFOTS 0.0000 tGradient 1.8670 tsec 2.1550
#GCMRL#  199 dt  36.288000 rms  0.600  0.176% neg 0  invalid 762 tFOTS 0.0000 tGradient 1.7880 tsec 2.0790
#GCMRL#  200 dt  36.288000 rms  0.599  0.207% neg 0  invalid 762 tFOTS 0.0000 tGradient 1.8080 tsec 2.0920
#GCMRL#  201 dt  36.288000 rms  0.597  0.213% neg 0  invalid 762 tFOTS 0.0000 tGradient 1.7800 tsec 2.0580
#GCMRL#  202 dt  36.288000 rms  0.596  0.214% neg 0  invalid 762 tFOTS 0.0000 tGradient 1.7800 tsec 2.0650
#GCMRL#  203 dt  36.288000 rms  0.595  0.206% neg 0  invalid 762 tFOTS 0.0000 tGradient 1.7780 tsec 2.0610
#GCMRL#  204 dt  36.288000 rms  0.594  0.204% neg 0  invalid 762 tFOTS 0.0000 tGradient 1.7950 tsec 2.1090
#GCMRL#  205 dt  36.288000 rms  0.592  0.214% neg 0  invalid 762 tFOTS 0.0000 tGradient 1.9020 tsec 2.1810
#GCMRL#  206 dt  36.288000 rms  0.591  0.221% neg 0  invalid 762 tFOTS 0.0000 tGradient 1.8320 tsec 2.1120
#GCMRL#  207 dt  36.288000 rms  0.590  0.214% neg 0  invalid 762 tFOTS 0.0000 tGradient 1.8260 tsec 2.1050
#GCMRL#  208 dt  36.288000 rms  0.589  0.195% neg 0  invalid 762 tFOTS 0.0000 tGradient 1.7420 tsec 2.0250
#GCMRL#  209 dt  36.288000 rms  0.588  0.185% neg 0  invalid 762 tFOTS 0.0000 tGradient 1.7730 tsec 2.0530
#GCMRL#  210 dt  36.288000 rms  0.587  0.170% neg 0  invalid 762 tFOTS 0.0000 tGradient 1.7600 tsec 2.0370
#GCMRL#  211 dt  36.288000 rms  0.586  0.161% neg 0  invalid 762 tFOTS 0.0000 tGradient 1.7730 tsec 2.0560
#GCMRL#  212 dt  36.288000 rms  0.585  0.163% neg 0  invalid 762 tFOTS 0.0000 tGradient 1.7510 tsec 2.0330
#GCMRL#  213 dt  36.288000 rms  0.584  0.157% neg 0  invalid 762 tFOTS 0.0000 tGradient 1.7400 tsec 2.0180
#GCMRL#  214 dt  36.288000 rms  0.583  0.152% neg 0  invalid 762 tFOTS 0.0000 tGradient 1.8080 tsec 2.0880
#GCMRL#  215 dt  36.288000 rms  0.582  0.141% neg 0  invalid 762 tFOTS 0.0000 tGradient 1.7190 tsec 1.9950
#GCMRL#  216 dt  36.288000 rms  0.581  0.138% neg 0  invalid 762 tFOTS 0.0000 tGradient 1.8150 tsec 2.0990
#GCMRL#  217 dt  36.288000 rms  0.580  0.121% neg 0  invalid 762 tFOTS 0.0000 tGradient 1.7660 tsec 2.0660
#GCMRL#  218 dt  36.288000 rms  0.580  0.121% neg 0  invalid 762 tFOTS 0.0000 tGradient 1.8440 tsec 2.1260
#GCMRL#  219 dt  36.288000 rms  0.579  0.123% neg 0  invalid 762 tFOTS 0.0000 tGradient 1.6660 tsec 1.9460
#GCMRL#  220 dt  36.288000 rms  0.578  0.121% neg 0  invalid 762 tFOTS 0.0000 tGradient 1.6550 tsec 1.9340
#GCMRL#  221 dt  36.288000 rms  0.578  0.119% neg 0  invalid 762 tFOTS 0.0000 tGradient 1.7580 tsec 2.0390
#GCMRL#  222 dt  36.288000 rms  0.577  0.113% neg 0  invalid 762 tFOTS 0.0000 tGradient 1.8040 tsec 2.0830
#GCMRL#  223 dt  36.288000 rms  0.576  0.109% neg 0  invalid 762 tFOTS 0.0000 tGradient 1.8410 tsec 2.1710
#GCMRL#  224 dt  36.288000 rms  0.576  0.100% neg 0  invalid 762 tFOTS 0.0000 tGradient 1.8050 tsec 2.0830
#GCMRL#  225 dt  36.288000 rms  0.575  0.093% neg 0  invalid 762 tFOTS 0.0000 tGradient 1.7910 tsec 2.0730
#GCMRL#  226 dt  36.288000 rms  0.575  0.086% neg 0  invalid 762 tFOTS 0.0000 tGradient 1.7970 tsec 2.0810
#GCMRL#  227 dt  36.288000 rms  0.574  0.080% neg 0  invalid 762 tFOTS 0.0000 tGradient 1.7580 tsec 2.0400
#GCMRL#  228 dt  36.288000 rms  0.574  0.079% neg 0  invalid 762 tFOTS 0.0000 tGradient 1.8800 tsec 2.1600
#GCMRL#  229 dt  36.288000 rms  0.573  0.082% neg 0  invalid 762 tFOTS 0.0000 tGradient 1.6930 tsec 1.9660
#GCMRL#  230 dt  36.288000 rms  0.573  0.089% neg 0  invalid 762 tFOTS 0.0000 tGradient 1.7710 tsec 2.0440
#GCMRL#  231 dt  36.288000 rms  0.572  0.083% neg 0  invalid 762 tFOTS 0.0000 tGradient 1.8400 tsec 2.1170
#GCMRL#  232 dt  36.288000 rms  0.572  0.083% neg 0  invalid 762 tFOTS 0.0000 tGradient 1.9000 tsec 2.1410
#GCMRL#  233 dt  36.288000 rms  0.572  0.076% neg 0  invalid 762 tFOTS 0.0000 tGradient 1.7790 tsec 2.0330
#GCMRL#  234 dt  36.288000 rms  0.571  0.066% neg 0  invalid 762 tFOTS 0.0000 tGradient 1.7650 tsec 2.0090
#GCMRL#  235 dt  36.288000 rms  0.571  0.063% neg 0  invalid 762 tFOTS 0.0000 tGradient 1.7110 tsec 1.9580
#GCMRL#  236 dt  36.288000 rms  0.570  0.064% neg 0  invalid 762 tFOTS 0.0000 tGradient 1.8440 tsec 2.0930
#GCMRL#  237 dt  36.288000 rms  0.570  0.068% neg 0  invalid 762 tFOTS 0.0000 tGradient 1.8890 tsec 2.1380
#GCMRL#  238 dt  36.288000 rms  0.570  0.071% neg 0  invalid 762 tFOTS 0.0000 tGradient 1.8670 tsec 2.1190
#GCMRL#  239 dt  36.288000 rms  0.569  0.071% neg 0  invalid 762 tFOTS 0.0000 tGradient 1.7640 tsec 2.0090
#GCMRL#  240 dt  36.288000 rms  0.569  0.065% neg 0  invalid 762 tFOTS 0.0000 tGradient 1.8340 tsec 2.0850
#GCMRL#  241 dt  36.288000 rms  0.569  0.059% neg 0  invalid 762 tFOTS 0.0000 tGradient 1.7790 tsec 2.0250
#GCMRL#  242 dt  36.288000 rms  0.568  0.058% neg 0  invalid 762 tFOTS 0.0000 tGradient 1.8000 tsec 2.0490
#GCMRL#  243 dt  36.288000 rms  0.568  0.050% neg 0  invalid 762 tFOTS 0.0000 tGradient 1.7850 tsec 2.0650
#GCMRL#  244 dt  36.288000 rms  0.568  0.049% neg 0  invalid 762 tFOTS 0.0000 tGradient 1.7710 tsec 2.0500
#GCMRL#  245 dt  36.288000 rms  0.567  0.049% neg 0  invalid 762 tFOTS 0.0000 tGradient 1.7760 tsec 2.0560
#GCMRL#  246 dt  36.288000 rms  0.567  0.054% neg 0  invalid 762 tFOTS 0.0000 tGradient 1.8460 tsec 2.1310
#GCMRL#  247 dt  36.288000 rms  0.567  0.057% neg 0  invalid 762 tFOTS 0.0000 tGradient 1.7450 tsec 2.0260
#GCMRL#  248 dt  36.288000 rms  0.566  0.054% neg 0  invalid 762 tFOTS 0.0000 tGradient 1.7240 tsec 2.0030
#GCMRL#  249 dt  36.288000 rms  0.566  0.053% neg 0  invalid 762 tFOTS 0.0000 tGradient 1.7800 tsec 2.0610
#GCMRL#  250 dt  36.288000 rms  0.566  0.052% neg 0  invalid 762 tFOTS 0.0000 tGradient 1.7330 tsec 2.0150
#GCMRL#  251 dt  36.288000 rms  0.566  0.049% neg 0  invalid 762 tFOTS 0.0000 tGradient 1.7240 tsec 2.0050
#GCMRL#  252 dt  36.288000 rms  0.565  0.042% neg 0  invalid 762 tFOTS 0.0000 tGradient 1.7430 tsec 2.0240
#GCMRL#  253 dt  36.288000 rms  0.565  0.040% neg 0  invalid 762 tFOTS 0.0000 tGradient 1.8440 tsec 2.1410
#GCMRL#  254 dt  36.288000 rms  0.565  0.039% neg 0  invalid 762 tFOTS 0.0000 tGradient 1.7430 tsec 2.0230
#GCMRL#  255 dt  36.288000 rms  0.565  0.040% neg 0  invalid 762 tFOTS 0.0000 tGradient 1.7390 tsec 2.0170
#GCMRL#  256 dt  36.288000 rms  0.564  0.040% neg 0  invalid 762 tFOTS 0.0000 tGradient 1.7600 tsec 2.0420
#GCMRL#  257 dt  36.288000 rms  0.564  0.047% neg 0  invalid 762 tFOTS 0.0000 tGradient 1.8350 tsec 2.1220
#GCMRL#  258 dt  36.288000 rms  0.564  0.045% neg 0  invalid 762 tFOTS 0.0000 tGradient 1.7330 tsec 2.0120
#GCMRL#  259 dt  36.288000 rms  0.564  0.039% neg 0  invalid 762 tFOTS 0.0000 tGradient 1.9110 tsec 2.1920
#GCMRL#  260 dt  36.288000 rms  0.563  0.040% neg 0  invalid 762 tFOTS 0.0000 tGradient 1.7280 tsec 2.0050
#GCMRL#  261 dt  36.288000 rms  0.563  0.042% neg 0  invalid 762 tFOTS 0.0000 tGradient 1.7340 tsec 2.0510
#GCMRL#  262 dt  36.288000 rms  0.563  0.043% neg 0  invalid 762 tFOTS 0.0000 tGradient 1.7810 tsec 2.0590
#GCMRL#  263 dt  36.288000 rms  0.563  0.044% neg 0  invalid 762 tFOTS 0.0000 tGradient 1.7360 tsec 2.0110
#GCMRL#  264 dt  36.288000 rms  0.562  0.039% neg 0  invalid 762 tFOTS 0.0000 tGradient 1.7750 tsec 2.0520
#GCMRL#  265 dt  36.288000 rms  0.562  0.039% neg 0  invalid 762 tFOTS 0.0000 tGradient 1.7700 tsec 2.0520
#GCMRL#  266 dt  36.288000 rms  0.562  0.035% neg 0  invalid 762 tFOTS 0.0000 tGradient 1.7410 tsec 2.0200
#GCMRL#  267 dt  36.288000 rms  0.562  0.032% neg 0  invalid 762 tFOTS 0.0000 tGradient 1.7910 tsec 2.0710
#GCMRL#  268 dt  36.288000 rms  0.562  0.030% neg 0  invalid 762 tFOTS 0.0000 tGradient 1.7950 tsec 2.0730
#GCMRL#  269 dt  36.288000 rms  0.562  0.031% neg 0  invalid 762 tFOTS 0.0000 tGradient 1.7440 tsec 2.0240
#GCMRL#  270 dt  36.288000 rms  0.561  0.028% neg 0  invalid 762 tFOTS 0.0000 tGradient 1.6720 tsec 1.9560
#GCMRL#  271 dt  36.288000 rms  0.561  0.030% neg 0  invalid 762 tFOTS 0.0000 tGradient 1.7130 tsec 1.9920
#GCMRL#  272 dt  36.288000 rms  0.561  0.029% neg 0  invalid 762 tFOTS 0.0000 tGradient 1.6890 tsec 1.9670
#GCMRL#  273 dt  36.288000 rms  0.561  0.032% neg 0  invalid 762 tFOTS 0.0000 tGradient 1.7220 tsec 1.9990
#GCMRL#  274 dt  36.288000 rms  0.561  0.033% neg 0  invalid 762 tFOTS 0.0000 tGradient 1.7330 tsec 2.0170
#GCMRL#  275 dt  36.288000 rms  0.561  0.031% neg 0  invalid 762 tFOTS 0.0000 tGradient 1.7490 tsec 2.0280
#GCMRL#  276 dt  36.288000 rms  0.560  0.032% neg 0  invalid 762 tFOTS 0.0000 tGradient 1.7600 tsec 2.0350
#GCMRL#  277 dt  36.288000 rms  0.560  0.030% neg 0  invalid 762 tFOTS 0.0000 tGradient 1.7210 tsec 1.9970
#GCMRL#  278 dt  36.288000 rms  0.560  0.028% neg 0  invalid 762 tFOTS 0.0000 tGradient 1.7630 tsec 2.0400
#GCMRL#  279 dt  36.288000 rms  0.560  0.028% neg 0  invalid 762 tFOTS 0.0000 tGradient 1.7160 tsec 1.9910
#GCMRL#  280 dt  36.288000 rms  0.560  0.025% neg 0  invalid 762 tFOTS 0.0000 tGradient 1.8790 tsec 2.1530
#GCMRL#  281 dt  36.288000 rms  0.560  0.026% neg 0  invalid 762 tFOTS 0.0000 tGradient 1.9520 tsec 2.2740
#GCMRL#  282 dt  36.288000 rms  0.559  0.024% neg 0  invalid 762 tFOTS 0.0000 tGradient 1.8660 tsec 2.1470
#GCMRL#  283 dt  36.288000 rms  0.559  0.026% neg 0  invalid 762 tFOTS 0.0000 tGradient 1.7220 tsec 1.9990
#GCMRL#  284 dt  36.288000 rms  0.559  0.029% neg 0  invalid 762 tFOTS 0.0000 tGradient 1.7720 tsec 2.0500
#GCMRL#  285 dt  36.288000 rms  0.559  0.029% neg 0  invalid 762 tFOTS 0.0000 tGradient 1.8620 tsec 2.1410
#GCMRL#  286 dt  36.288000 rms  0.559  0.027% neg 0  invalid 762 tFOTS 0.0000 tGradient 1.8010 tsec 2.0820
#GCMRL#  287 dt  36.288000 rms  0.559  0.024% neg 0  invalid 762 tFOTS 0.0000 tGradient 1.8160 tsec 2.1010
#GCMRL#  288 dt  36.288000 rms  0.559  0.022% neg 0  invalid 762 tFOTS 0.0000 tGradient 1.8250 tsec 2.1330
#FOTS# QuadFit found better minimum quadopt=(dt=145.152,rms=0.558526) vs oldopt=(dt=103.68,rms=0.558533)
#GCMRL#  289 dt 145.152000 rms  0.559  0.000% neg 0  invalid 762 tFOTS 4.2690 tGradient 1.7920 tsec 6.3720
#GCMRL#  290 dt 145.152000 rms  0.558  0.008% neg 0  invalid 762 tFOTS 0.0000 tGradient 1.7890 tsec 2.0800
#GCMRL#  291 dt 145.152000 rms  0.558  0.013% neg 0  invalid 762 tFOTS 0.0000 tGradient 1.7770 tsec 2.0620
#GCMRL#  292 dt 145.152000 rms  0.558  0.028% neg 0  invalid 762 tFOTS 0.0000 tGradient 1.8060 tsec 2.0940
#GCMRL#  293 dt 145.152000 rms  0.558  0.026% neg 0  invalid 762 tFOTS 0.0000 tGradient 1.7690 tsec 2.0530
#GCMRL#  294 dt 145.152000 rms  0.558  0.022% neg 0  invalid 762 tFOTS 0.0000 tGradient 1.7670 tsec 2.0460
#GCMRL#  295 dt 145.152000 rms  0.558  0.051% neg 0  invalid 762 tFOTS 0.0000 tGradient 1.8440 tsec 2.1300
#GCMRL#  296 dt 145.152000 rms  0.557  0.045% neg 0  invalid 762 tFOTS 0.0000 tGradient 1.7270 tsec 2.0120
#GCMRL#  297 dt 145.152000 rms  0.557  0.027% neg 0  invalid 762 tFOTS 0.0000 tGradient 1.7370 tsec 2.0240
#GCMRL#  298 dt 145.152000 rms  0.557  0.069% neg 0  invalid 762 tFOTS 0.0000 tGradient 1.7870 tsec 2.0720
#GCMRL#  299 dt 145.152000 rms  0.557  0.058% neg 0  invalid 762 tFOTS 0.0000 tGradient 1.7710 tsec 2.0570
#GCMRL#  300 dt 145.152000 rms  0.556  0.024% neg 0  invalid 762 tFOTS 0.0000 tGradient 1.7210 tsec 2.0070
#GCMRL#  301 dt 145.152000 rms  0.556  0.069% neg 0  invalid 762 tFOTS 0.0000 tGradient 1.7320 tsec 2.0200
#GCMRL#  302 dt 145.152000 rms  0.556  0.071% neg 0  invalid 762 tFOTS 0.0000 tGradient 1.7480 tsec 2.0340
#GCMRL#  303 dt 145.152000 rms  0.555  0.042% neg 0  invalid 762 tFOTS 0.0000 tGradient 1.7380 tsec 2.0160
#GCMRL#  304 dt 145.152000 rms  0.555  0.034% neg 0  invalid 762 tFOTS 0.0000 tGradient 1.7830 tsec 2.0600
#GCMRL#  305 dt 145.152000 rms  0.555  0.068% neg 0  invalid 762 tFOTS 0.0000 tGradient 1.7290 tsec 2.0080
#GCMRL#  306 dt 145.152000 rms  0.555  0.063% neg 0  invalid 762 tFOTS 0.0000 tGradient 1.7500 tsec 2.0300
#GCMRL#  307 dt 145.152000 rms  0.554  0.042% neg 0  invalid 762 tFOTS 0.0000 tGradient 1.7670 tsec 2.0510
#GCMRL#  308 dt 145.152000 rms  0.554  0.050% neg 0  invalid 762 tFOTS 0.0000 tGradient 1.7060 tsec 1.9850
#GCMRL#  309 dt 145.152000 rms  0.554  0.048% neg 0  invalid 762 tFOTS 0.0000 tGradient 1.7020 tsec 1.9800
#GCMRL#  310 dt 145.152000 rms  0.553  0.054% neg 0  invalid 762 tFOTS 0.0000 tGradient 1.7580 tsec 2.0380
#GCMRL#  311 dt 145.152000 rms  0.553  0.053% neg 0  invalid 762 tFOTS 0.0000 tGradient 1.7180 tsec 1.9990
#GCMRL#  312 dt 145.152000 rms  0.553  0.044% neg 0  invalid 762 tFOTS 0.0000 tGradient 1.7810 tsec 2.0610
#GCMRL#  313 dt 145.152000 rms  0.553  0.056% neg 0  invalid 762 tFOTS 0.0000 tGradient 1.7960 tsec 2.0780
#GCMRL#  314 dt 145.152000 rms  0.552  0.045% neg 0  invalid 762 tFOTS 0.0000 tGradient 1.7270 tsec 2.0100
#GCMRL#  315 dt 145.152000 rms  0.552  0.030% neg 0  invalid 762 tFOTS 0.0000 tGradient 1.8060 tsec 2.0990
#GCMRL#  316 dt 145.152000 rms  0.552  0.035% neg 0  invalid 762 tFOTS 0.0000 tGradient 1.8790 tsec 2.1710
#GCMRL#  317 dt 145.152000 rms  0.552  0.036% neg 0  invalid 762 tFOTS 0.0000 tGradient 1.7710 tsec 2.0480
#GCMRL#  318 dt 145.152000 rms  0.552  0.047% neg 0  invalid 762 tFOTS 0.0000 tGradient 1.7420 tsec 2.0190
#GCMRL#  319 dt 145.152000 rms  0.551  0.034% neg 0  invalid 762 tFOTS 0.0000 tGradient 1.7850 tsec 2.0660
#GCMRL#  320 dt 145.152000 rms  0.551  0.043% neg 0  invalid 762 tFOTS 0.0000 tGradient 1.7460 tsec 2.0240
#GCMRL#  321 dt 145.152000 rms  0.551  0.042% neg 0  invalid 762 tFOTS 0.0000 tGradient 1.7550 tsec 2.0330
#GCMRL#  322 dt 145.152000 rms  0.551  0.022% neg 0  invalid 762 tFOTS 0.0000 tGradient 1.7530 tsec 2.0540
#GCMRL#  323 dt 145.152000 rms  0.550  0.050% neg 0  invalid 762 tFOTS 0.0000 tGradient 1.7540 tsec 2.0410
#GCMRL#  324 dt 145.152000 rms  0.550  0.017% neg 0  invalid 762 tFOTS 0.0000 tGradient 1.7420 tsec 2.0160
#GCMRL#  325 dt 145.152000 rms  0.550  0.045% neg 0  invalid 762 tFOTS 0.0000 tGradient 1.7390 tsec 2.0130
#GCMRL#  326 dt 145.152000 rms  0.550  0.032% neg 0  invalid 762 tFOTS 0.0000 tGradient 1.7820 tsec 2.0550
#GCMRL#  327 dt 145.152000 rms  0.550  0.024% neg 0  invalid 762 tFOTS 0.0000 tGradient 1.7580 tsec 2.0310
#GCMRL#  328 dt 145.152000 rms  0.550  0.038% neg 0  invalid 762 tFOTS 0.0000 tGradient 1.7200 tsec 1.9940
#GCMRL#  329 dt 145.152000 rms  0.550  0.016% neg 0  invalid 762 tFOTS 0.0000 tGradient 1.7260 tsec 2.0050
#GCMRL#  330 dt 145.152000 rms  0.549  0.056% neg 0  invalid 762 tFOTS 0.0000 tGradient 1.7420 tsec 2.0160
#GCMRL#  331 dt 145.152000 rms  0.549  0.013% neg 0  invalid 762 tFOTS 0.0000 tGradient 1.7210 tsec 1.9940
#GCMRL#  332 dt 145.152000 rms  0.549  0.004% neg 0  invalid 762 tFOTS 0.0000 tGradient 1.7250 tsec 2.0150
#GCMRL#  333 dt 103.680000 rms  0.549  0.032% neg 0  invalid 762 tFOTS 3.4370 tGradient 1.7750 tsec 5.4910
#FOTS# QuadFit found better minimum quadopt=(dt=9.072,rms=0.549003) vs oldopt=(dt=6.48,rms=0.549003)

#GCAMreg# pass 0 level1 4 level2 1 tsec 411.983 sigma 0.5
l_jacobian=1.00 l_label=1.00 l_log_likelihood=0.20 l_smoothness=0.03 
tol=5.00e-02, dt=5.00e-02, exp_k=20.0, momentum=0.90, levels=6, niter=500, lbl_dist=10.00, avgs=64, sigma=0.5,type=2, relabel=0, neg=no

blurring input image with Gaussian with sigma=0.500...
GCAMRegisterLevel(): init RMS 0.549819
#FOTS# QuadFit found better minimum quadopt=(dt=82.944,rms=0.547986) vs oldopt=(dt=103.68,rms=0.548013)
#GCMRL#  335 dt  82.944000 rms  0.548  0.333% neg 0  invalid 762 tFOTS 3.5740 tGradient 1.7540 tsec 5.6080
#FOTS# QuadFit found better minimum quadopt=(dt=82.944,rms=0.547298) vs oldopt=(dt=103.68,rms=0.547315)
#GCMRL#  336 dt  82.944000 rms  0.547  0.126% neg 0  invalid 762 tFOTS 3.5490 tGradient 1.6590 tsec 5.5400
#FOTS# QuadFit found better minimum quadopt=(dt=36.288,rms=0.547153) vs oldopt=(dt=25.92,rms=0.547173)
#GCMRL#  337 dt  36.288000 rms  0.547  0.000% neg 0  invalid 762 tFOTS 3.8210 tGradient 1.8330 tsec 6.0170
#GCMRL#  338 dt  36.288000 rms  0.547  0.025% neg 0  invalid 762 tFOTS 0.0000 tGradient 1.8950 tsec 2.2000
#GCMRL#  339 dt  36.288000 rms  0.547  0.035% neg 0  invalid 762 tFOTS 0.0000 tGradient 1.9310 tsec 2.2310
#GCMRL#  340 dt  36.288000 rms  0.547  0.045% neg 0  invalid 762 tFOTS 0.0000 tGradient 1.8020 tsec 2.0840
#GCMRL#  341 dt  36.288000 rms  0.546  0.045% neg 0  invalid 762 tFOTS 0.0000 tGradient 1.7090 tsec 1.9950
#GCMRL#  342 dt  36.288000 rms  0.546  0.044% neg 0  invalid 762 tFOTS 0.0000 tGradient 1.7590 tsec 2.0430
#GCMRL#  343 dt  36.288000 rms  0.546  0.035% neg 0  invalid 762 tFOTS 0.0000 tGradient 1.7740 tsec 2.0570
#GCMRL#  344 dt  36.288000 rms  0.546  0.030% neg 0  invalid 762 tFOTS 0.0000 tGradient 1.6530 tsec 1.9410
#GCMRL#  345 dt  36.288000 rms  0.546  0.020% neg 0  invalid 762 tFOTS 0.0000 tGradient 1.6370 tsec 1.9180
#GCMRL#  346 dt  36.288000 rms  0.546  0.017% neg 0  invalid 762 tFOTS 0.0000 tGradient 1.7350 tsec 2.0360
#FOTS# QuadFit found better minimum quadopt=(dt=331.776,rms=0.545309) vs oldopt=(dt=414.72,rms=0.545341)
#GCMRL#  347 dt 331.776000 rms  0.545  0.041% neg 0  invalid 762 tFOTS 3.8540 tGradient 1.7160 tsec 5.8570
#FOTS# QuadFit found better minimum quadopt=(dt=31.104,rms=0.545294) vs oldopt=(dt=25.92,rms=0.545296)
#GCMRL#  348 dt  31.104000 rms  0.545  0.000% neg 0  invalid 762 tFOTS 3.8790 tGradient 1.7340 tsec 5.9220
#GCMRL#  349 dt  31.104000 rms  0.545  0.005% neg 0  invalid 762 tFOTS 0.0000 tGradient 1.7480 tsec 2.0300
#GCMRL#  350 dt  31.104000 rms  0.545  0.004% neg 0  invalid 762 tFOTS 0.0000 tGradient 1.7910 tsec 2.0700
setting smoothness cost coefficient to 0.118

#GCAMreg# pass 0 level1 3 level2 0 tsec 0 sigma 2
l_jacobian=1.00 l_label=1.00 l_log_likelihood=0.20 l_smoothness=0.12 
tol=5.00e-02, dt=5.00e-02, exp_k=20.0, momentum=0.90, levels=6, niter=500, lbl_dist=10.00, avgs=16, sigma=2.0,type=2, relabel=0, neg=no

blurring input image with Gaussian with sigma=2.000...
GCAMRegisterLevel(): init RMS 0.562283
#FOTS# QuadFit found better minimum quadopt=(dt=25.6,rms=0.560017) vs oldopt=(dt=32,rms=0.560075)
#GCMRL#  352 dt  25.600000 rms  0.560  0.403% neg 0  invalid 762 tFOTS 3.8400 tGradient 1.5310 tsec 5.6590
#FOTS# QuadFit found better minimum quadopt=(dt=88.1404,rms=0.55772) vs oldopt=(dt=32,rms=0.558223)
#GCMRL#  353 dt  88.140351 rms  0.558  0.410% neg 0  invalid 762 tFOTS 3.8520 tGradient 1.5610 tsec 5.6990
#FOTS# QuadFit found better minimum quadopt=(dt=54.56,rms=0.553728) vs oldopt=(dt=32,rms=0.554249)
#GCMRL#  354 dt  54.560000 rms  0.554  0.716% neg 0  invalid 762 tFOTS 3.8750 tGradient 1.7410 tsec 5.9090
#FOTS# QuadFit found better minimum quadopt=(dt=24.2857,rms=0.550703) vs oldopt=(dt=32,rms=0.551039)
#GCMRL#  355 dt  24.285714 rms  0.551  0.546% neg 0  invalid 762 tFOTS 3.6320 tGradient 1.5550 tsec 5.4810
#FOTS# QuadFit found better minimum quadopt=(dt=44.8,rms=0.548959) vs oldopt=(dt=32,rms=0.549129)
#GCMRL#  356 dt  44.800000 rms  0.549  0.317% neg 0  invalid 762 tFOTS 3.8490 tGradient 1.5290 tsec 5.6680
#GCMRL#  357 dt  32.000000 rms  0.547  0.334% neg 0  invalid 762 tFOTS 3.8250 tGradient 1.5110 tsec 5.6740
#GCMRL#  358 dt  32.000000 rms  0.546  0.235% neg 0  invalid 762 tFOTS 3.8930 tGradient 1.5390 tsec 5.7210
#FOTS# QuadFit found better minimum quadopt=(dt=38.4,rms=0.544297) vs oldopt=(dt=32,rms=0.544329)
#GCMRL#  359 dt  38.400000 rms  0.544  0.282% neg 0  invalid 762 tFOTS 3.9560 tGradient 1.6590 tsec 5.9080
#FOTS# QuadFit found better minimum quadopt=(dt=25.6,rms=0.543189) vs oldopt=(dt=32,rms=0.543222)
#GCMRL#  360 dt  25.600000 rms  0.543  0.204% neg 0  invalid 762 tFOTS 3.9470 tGradient 1.5680 tsec 5.8110
#FOTS# QuadFit found better minimum quadopt=(dt=105,rms=0.541641) vs oldopt=(dt=32,rms=0.541937)
#GCMRL#  361 dt 105.000000 rms  0.542  0.285% neg 0  invalid 762 tFOTS 3.9470 tGradient 1.4990 tsec 5.7430
#FOTS# QuadFit found better minimum quadopt=(dt=19.5702,rms=0.539071) vs oldopt=(dt=32,rms=0.539832)
#GCMRL#  362 dt  19.570248 rms  0.539  0.474% neg 0  invalid 762 tFOTS 3.9090 tGradient 1.5940 tsec 5.7990
#GCMRL#  363 dt 512.000000 rms  0.530  1.659% neg 0  invalid 762 tFOTS 3.9510 tGradient 1.4980 tsec 5.7460
#FOTS# QuadFit found better minimum quadopt=(dt=24.6528,rms=0.527912) vs oldopt=(dt=32,rms=0.528196)
#GCMRL#  364 dt  24.652751 rms  0.528  0.418% neg 0  invalid 762 tFOTS 3.7380 tGradient 1.5920 tsec 5.6260
#FOTS# QuadFit found better minimum quadopt=(dt=44.8,rms=0.527264) vs oldopt=(dt=32,rms=0.52732)
#GCMRL#  365 dt  44.800000 rms  0.527  0.123% neg 0  invalid 762 tFOTS 3.8020 tGradient 1.4710 tsec 5.5600
#FOTS# QuadFit found better minimum quadopt=(dt=38.4,rms=0.52686) vs oldopt=(dt=32,rms=0.526865)
#GCMRL#  366 dt  38.400000 rms  0.527  0.077% neg 0  invalid 762 tFOTS 3.8250 tGradient 1.5250 tsec 5.6400
#GCMRL#  367 dt  32.000000 rms  0.527  0.067% neg 0  invalid 762 tFOTS 3.8600 tGradient 1.4640 tsec 5.6170
#FOTS# QuadFit found better minimum quadopt=(dt=38.4,rms=0.526201) vs oldopt=(dt=32,rms=0.526203)
#GCMRL#  368 dt  38.400000 rms  0.526  0.059% neg 0  invalid 762 tFOTS 3.8150 tGradient 1.5190 tsec 5.6250
#FOTS# QuadFit found better minimum quadopt=(dt=25.6,rms=0.525943) vs oldopt=(dt=32,rms=0.525952)
#GCMRL#  369 dt  25.600000 rms  0.526  0.000% neg 0  invalid 762 tFOTS 3.8610 tGradient 1.5220 tsec 5.7320
#GCMRL#  370 dt  25.600000 rms  0.526  0.045% neg 0  invalid 762 tFOTS 0.0000 tGradient 1.7360 tsec 2.0630
#GCMRL#  371 dt  25.600000 rms  0.525  0.067% neg 0  invalid 762 tFOTS 0.0000 tGradient 1.4920 tsec 1.7690
#GCMRL#  372 dt  25.600000 rms  0.525  0.101% neg 0  invalid 762 tFOTS 0.0000 tGradient 1.4800 tsec 1.7580
#GCMRL#  373 dt  25.600000 rms  0.524  0.111% neg 0  invalid 762 tFOTS 0.0000 tGradient 1.4700 tsec 1.7560
#GCMRL#  374 dt  25.600000 rms  0.523  0.143% neg 0  invalid 762 tFOTS 0.0000 tGradient 1.4500 tsec 1.7310
#GCMRL#  375 dt  25.600000 rms  0.523  0.149% neg 0  invalid 762 tFOTS 0.0000 tGradient 1.4580 tsec 1.7380
#GCMRL#  376 dt  25.600000 rms  0.522  0.156% neg 0  invalid 762 tFOTS 0.0000 tGradient 1.4810 tsec 1.7630
#GCMRL#  377 dt  25.600000 rms  0.521  0.160% neg 0  invalid 762 tFOTS 0.0000 tGradient 1.4850 tsec 1.7660
#GCMRL#  378 dt  25.600000 rms  0.520  0.169% neg 0  invalid 762 tFOTS 0.0000 tGradient 1.4740 tsec 1.7570
#GCMRL#  379 dt  25.600000 rms  0.519  0.174% neg 0  invalid 762 tFOTS 0.0000 tGradient 1.4680 tsec 1.7480
#GCMRL#  380 dt  25.600000 rms  0.518  0.162% neg 0  invalid 762 tFOTS 0.0000 tGradient 1.4320 tsec 1.7120
#GCMRL#  381 dt  25.600000 rms  0.518  0.161% neg 0  invalid 762 tFOTS 0.0000 tGradient 1.4440 tsec 1.7250
#GCMRL#  382 dt  25.600000 rms  0.517  0.149% neg 0  invalid 762 tFOTS 0.0000 tGradient 1.4790 tsec 1.7600
#GCMRL#  383 dt  25.600000 rms  0.516  0.152% neg 0  invalid 762 tFOTS 0.0000 tGradient 1.4390 tsec 1.7210
#GCMRL#  384 dt  25.600000 rms  0.515  0.137% neg 0  invalid 762 tFOTS 0.0000 tGradient 1.4240 tsec 1.7100
#GCMRL#  385 dt  25.600000 rms  0.515  0.123% neg 0  invalid 762 tFOTS 0.0000 tGradient 1.4460 tsec 1.7280
#GCMRL#  386 dt  25.600000 rms  0.514  0.109% neg 0  invalid 762 tFOTS 0.0000 tGradient 1.4500 tsec 1.7350
#GCMRL#  387 dt  25.600000 rms  0.514  0.105% neg 0  invalid 762 tFOTS 0.0000 tGradient 1.4430 tsec 1.7270
#GCMRL#  388 dt  25.600000 rms  0.513  0.096% neg 0  invalid 762 tFOTS 0.0000 tGradient 1.4520 tsec 1.7370
#GCMRL#  389 dt  25.600000 rms  0.513  0.086% neg 0  invalid 762 tFOTS 0.0000 tGradient 1.5020 tsec 1.8040
#GCMRL#  390 dt  25.600000 rms  0.512  0.088% neg 0  invalid 762 tFOTS 0.0000 tGradient 1.6320 tsec 1.9490
#GCMRL#  391 dt  25.600000 rms  0.512  0.074% neg 0  invalid 762 tFOTS 0.0000 tGradient 1.6130 tsec 1.9510
#GCMRL#  392 dt  25.600000 rms  0.511  0.071% neg 0  invalid 762 tFOTS 0.0000 tGradient 1.4210 tsec 1.7040
#GCMRL#  393 dt  25.600000 rms  0.511  0.061% neg 0  invalid 762 tFOTS 0.0000 tGradient 1.4240 tsec 1.7040
#GCMRL#  394 dt  25.600000 rms  0.511  0.057% neg 0  invalid 762 tFOTS 0.0000 tGradient 1.4720 tsec 1.7240
#GCMRL#  395 dt  25.600000 rms  0.511  0.054% neg 0  invalid 762 tFOTS 0.0000 tGradient 1.4300 tsec 1.6780
#GCMRL#  396 dt  25.600000 rms  0.510  0.048% neg 0  invalid 762 tFOTS 0.0000 tGradient 1.4100 tsec 1.6610
#GCMRL#  397 dt  25.600000 rms  0.510  0.048% neg 0  invalid 762 tFOTS 0.0000 tGradient 1.5550 tsec 1.8640
#GCMRL#  398 dt  25.600000 rms  0.510  0.038% neg 0  invalid 762 tFOTS 0.0000 tGradient 1.6520 tsec 1.9810
#GCMRL#  399 dt  25.600000 rms  0.510  0.036% neg 0  invalid 762 tFOTS 0.0000 tGradient 1.6780 tsec 2.0050
#GCMRL#  400 dt  25.600000 rms  0.510  0.030% neg 0  invalid 762 tFOTS 0.0000 tGradient 1.5620 tsec 1.8410
#GCMRL#  401 dt  25.600000 rms  0.509  0.025% neg 0  invalid 762 tFOTS 0.0000 tGradient 1.4180 tsec 1.7010
#GCMRL#  402 dt  25.600000 rms  0.509  0.025% neg 0  invalid 762 tFOTS 0.0000 tGradient 1.5230 tsec 1.8010
#GCMRL#  403 dt  25.600000 rms  0.509  0.015% neg 0  invalid 762 tFOTS 0.0000 tGradient 1.4660 tsec 1.8990
#GCMRL#  404 dt  25.600000 rms  0.509  0.008% neg 0  invalid 762 tFOTS 0.0000 tGradient 1.4840 tsec 1.9380
#FOTS# QuadFit found better minimum quadopt=(dt=44.8,rms=0.509164) vs oldopt=(dt=32,rms=0.509177)
#GCMRL#  405 dt  44.800000 rms  0.509  0.009% neg 0  invalid 762 tFOTS 3.3950 tGradient 1.5210 tsec 5.2070
#FOTS# QuadFit found better minimum quadopt=(dt=25.6,rms=0.509138) vs oldopt=(dt=32,rms=0.509138)
#GCMRL#  406 dt  25.600000 rms  0.509  0.000% neg 0  invalid 762 tFOTS 3.6940 tGradient 1.4690 tsec 5.4840
#GCMRL#  407 dt  25.600000 rms  0.509  0.005% neg 0  invalid 762 tFOTS 0.0000 tGradient 1.4630 tsec 1.7480
#GCMRL#  408 dt  25.600000 rms  0.509  0.004% neg 0  invalid 762 tFOTS 0.0000 tGradient 1.4600 tsec 1.7450
#GCMRL#  409 dt  25.600000 rms  0.509  0.006% neg 0  invalid 762 tFOTS 0.0000 tGradient 1.4650 tsec 1.7420
#GCMRL#  410 dt  25.600000 rms  0.509  0.006% neg 0  invalid 762 tFOTS 0.0000 tGradient 1.4630 tsec 1.7480
#GCMRL#  411 dt  25.600000 rms  0.509  0.011% neg 0  invalid 762 tFOTS 0.0000 tGradient 1.5310 tsec 1.8190

#GCAMreg# pass 0 level1 3 level2 1 tsec 195.829 sigma 0.5
l_jacobian=1.00 l_label=1.00 l_log_likelihood=0.20 l_smoothness=0.12 
tol=5.00e-02, dt=5.00e-02, exp_k=20.0, momentum=0.90, levels=6, niter=500, lbl_dist=10.00, avgs=16, sigma=0.5,type=2, relabel=0, neg=no

blurring input image with Gaussian with sigma=0.500...
GCAMRegisterLevel(): init RMS 0.509676
#GCMRL#  413 dt  32.000000 rms  0.508  0.385% neg 0  invalid 762 tFOTS 3.6240 tGradient 1.4290 tsec 5.3440
#FOTS# QuadFit found better minimum quadopt=(dt=38.4,rms=0.506947) vs oldopt=(dt=32,rms=0.506967)
#GCMRL#  414 dt  38.400000 rms  0.507  0.151% neg 0  invalid 762 tFOTS 3.8190 tGradient 1.4590 tsec 5.5730
#FOTS# QuadFit found better minimum quadopt=(dt=11.2,rms=0.506765) vs oldopt=(dt=8,rms=0.506791)
#GCMRL#  415 dt  11.200000 rms  0.507  0.000% neg 0  invalid 762 tFOTS 3.8090 tGradient 1.4840 tsec 5.6010
#GCMRL#  416 dt  11.200000 rms  0.507  0.010% neg 0  invalid 762 tFOTS 0.0000 tGradient 1.6030 tsec 1.8870
#GCMRL#  417 dt  11.200000 rms  0.507  0.022% neg 0  invalid 762 tFOTS 0.0000 tGradient 1.4800 tsec 1.7700
#GCMRL#  418 dt  11.200000 rms  0.506  0.023% neg 0  invalid 762 tFOTS 0.0000 tGradient 1.4380 tsec 1.7240
#GCMRL#  419 dt  11.200000 rms  0.506  0.028% neg 0  invalid 762 tFOTS 0.0000 tGradient 1.4680 tsec 1.7550
#GCMRL#  420 dt  11.200000 rms  0.506  0.026% neg 0  invalid 762 tFOTS 0.0000 tGradient 1.4540 tsec 1.7390
#GCMRL#  421 dt  11.200000 rms  0.506  0.017% neg 0  invalid 762 tFOTS 0.0000 tGradient 1.4770 tsec 1.7630
#GCMRL#  422 dt  11.200000 rms  0.506  0.004% neg 0  invalid 762 tFOTS 0.0000 tGradient 1.5210 tsec 1.8260
#FOTS# QuadFit found better minimum quadopt=(dt=44.8,rms=0.505961) vs oldopt=(dt=32,rms=0.505978)
#GCMRL#  423 dt  44.800000 rms  0.506  0.028% neg 0  invalid 762 tFOTS 3.5670 tGradient 1.5210 tsec 5.3830
#GCMRL#  424 dt  32.000000 rms  0.506  0.039% neg 0  invalid 762 tFOTS 3.7830 tGradient 1.5240 tsec 5.6020
#FOTS# QuadFit found better minimum quadopt=(dt=11.2,rms=0.505689) vs oldopt=(dt=8,rms=0.505701)
#GCMRL#  425 dt  11.200000 rms  0.506  0.000% neg 0  invalid 762 tFOTS 3.7920 tGradient 1.5080 tsec 5.6140
#GCMRL#  426 dt  11.200000 rms  0.506  0.008% neg 0  invalid 762 tFOTS 0.0000 tGradient 1.4710 tsec 1.7590
#GCMRL#  427 dt  11.200000 rms  0.506  0.007% neg 0  invalid 762 tFOTS 0.0000 tGradient 1.6310 tsec 1.9340
#GCMRL#  428 dt  11.200000 rms  0.506  0.015% neg 0  invalid 762 tFOTS 0.0000 tGradient 1.4550 tsec 1.7100
#GCMRL#  429 dt  11.200000 rms  0.505  0.023% neg 0  invalid 762 tFOTS 0.0000 tGradient 1.4430 tsec 1.7000
#GCMRL#  430 dt  11.200000 rms  0.505  0.028% neg 0  invalid 762 tFOTS 0.0000 tGradient 1.6370 tsec 1.8880
#GCMRL#  431 dt  11.200000 rms  0.505  0.030% neg 0  invalid 762 tFOTS 0.0000 tGradient 1.3830 tsec 1.6370
#GCMRL#  432 dt  11.200000 rms  0.505  0.032% neg 0  invalid 762 tFOTS 0.0000 tGradient 1.4830 tsec 1.7610
#GCMRL#  433 dt  11.200000 rms  0.505  0.023% neg 0  invalid 762 tFOTS 0.0000 tGradient 1.4470 tsec 1.7300
#GCMRL#  434 dt  11.200000 rms  0.505  0.024% neg 0  invalid 762 tFOTS 0.0000 tGradient 1.5030 tsec 1.7910
#GCMRL#  435 dt  11.200000 rms  0.505  0.022% neg 0  invalid 762 tFOTS 0.0000 tGradient 1.6990 tsec 2.0450
#FOTS# QuadFit found better minimum quadopt=(dt=102.4,rms=0.504498) vs oldopt=(dt=128,rms=0.504507)
#GCMRL#  436 dt 102.400000 rms  0.504  0.024% neg 0  invalid 762 tFOTS 3.8390 tGradient 1.5990 tsec 5.7360
#FOTS# QuadFit found better minimum quadopt=(dt=6.4,rms=0.504493) vs oldopt=(dt=8,rms=0.504493)
#GCMRL#  437 dt   6.400000 rms  0.504  0.000% neg 0  invalid 762 tFOTS 3.8520 tGradient 1.5910 tsec 5.7690
#GCMRL#  438 dt   6.400000 rms  0.504  0.002% neg 0  invalid 762 tFOTS 0.0000 tGradient 1.5040 tsec 1.7960
setting smoothness cost coefficient to 0.400

#GCAMreg# pass 0 level1 2 level2 0 tsec 0 sigma 2
l_jacobian=1.00 l_label=1.00 l_log_likelihood=0.20 l_smoothness=0.40 
tol=5.00e-02, dt=5.00e-02, exp_k=20.0, momentum=0.90, levels=6, niter=500, lbl_dist=10.00, avgs=4, sigma=2.0,type=2, relabel=0, neg=no

blurring input image with Gaussian with sigma=2.000...
GCAMRegisterLevel(): init RMS 0.5377
#GCMRL#  440 dt   0.000000 rms  0.537  0.128% neg 0  invalid 762 tFOTS 3.5760 tGradient 1.3770 tsec 5.2530
#GCMRL#  441 dt   0.150000 rms  0.537  0.000% neg 0  invalid 762 tFOTS 3.6150 tGradient 1.3890 tsec 5.5200

#GCAMreg# pass 0 level1 2 level2 1 tsec 21.875 sigma 0.5
l_jacobian=1.00 l_label=1.00 l_log_likelihood=0.20 l_smoothness=0.40 
tol=5.00e-02, dt=5.00e-02, exp_k=20.0, momentum=0.90, levels=6, niter=500, lbl_dist=10.00, avgs=4, sigma=0.5,type=2, relabel=0, neg=no

blurring input image with Gaussian with sigma=0.500...
GCAMRegisterLevel(): init RMS 0.5377
#GCMRL#  443 dt   0.000000 rms  0.537  0.128% neg 0  invalid 762 tFOTS 3.6660 tGradient 1.4830 tsec 5.4370
#GCMRL#  444 dt   0.150000 rms  0.537  0.000% neg 0  invalid 762 tFOTS 3.7060 tGradient 1.7060 tsec 5.9220
setting smoothness cost coefficient to 1.000

#GCAMreg# pass 0 level1 1 level2 0 tsec 0 sigma 2
l_jacobian=1.00 l_label=1.00 l_log_likelihood=0.20 l_smoothness=1.00 
tol=5.00e-02, dt=5.00e-02, exp_k=20.0, momentum=0.90, levels=6, niter=500, lbl_dist=10.00, avgs=1, sigma=2.0,type=2, relabel=0, neg=no

blurring input image with Gaussian with sigma=2.000...
GCAMRegisterLevel(): init RMS 0.600938
#FOTS# QuadFit found better minimum quadopt=(dt=1.86972,rms=0.591968) vs oldopt=(dt=1.28,rms=0.592976)
#GCMRL#  446 dt   1.869718 rms  0.592  1.493% neg 0  invalid 762 tFOTS 3.8110 tGradient 1.2890 tsec 5.3710
#FOTS# QuadFit found better minimum quadopt=(dt=0.448,rms=0.591606) vs oldopt=(dt=0.32,rms=0.591673)
#GCMRL#  447 dt   0.448000 rms  0.592  0.061% neg 0  invalid 762 tFOTS 3.6910 tGradient 1.2550 tsec 5.2130
#GCMRL#  448 dt   0.320000 rms  0.592  0.000% neg 0  invalid 762 tFOTS 3.6740 tGradient 1.2770 tsec 5.2340

#GCAMreg# pass 0 level1 1 level2 1 tsec 26.774 sigma 0.5
l_jacobian=1.00 l_label=1.00 l_log_likelihood=0.20 l_smoothness=1.00 
tol=5.00e-02, dt=5.00e-02, exp_k=20.0, momentum=0.90, levels=6, niter=500, lbl_dist=10.00, avgs=1, sigma=0.5,type=2, relabel=0, neg=no

blurring input image with Gaussian with sigma=0.500...
GCAMRegisterLevel(): init RMS 0.592121
#FOTS# QuadFit found better minimum quadopt=(dt=0.768,rms=0.590982) vs oldopt=(dt=1.28,rms=0.591097)
#GCMRL#  450 dt   0.768000 rms  0.591  0.192% neg 0  invalid 762 tFOTS 3.7630 tGradient 1.3660 tsec 5.4000
#GCMRL#  451 dt   0.320000 rms  0.591  0.000% neg 0  invalid 762 tFOTS 3.7370 tGradient 1.2480 tsec 5.2980
resetting metric properties...
setting smoothness cost coefficient to 2.000

#GCAMreg# pass 0 level1 0 level2 0 tsec 0 sigma 2
l_jacobian=1.00 l_label=1.00 l_log_likelihood=0.20 l_smoothness=2.00 
tol=5.00e-02, dt=5.00e-02, exp_k=20.0, momentum=0.90, levels=6, niter=500, lbl_dist=10.00, avgs=0, sigma=2.0,type=2, relabel=0, neg=no

blurring input image with Gaussian with sigma=2.000...
GCAMRegisterLevel(): init RMS 0.529577
#FOTS# QuadFit found better minimum quadopt=(dt=0.448,rms=0.516017) vs oldopt=(dt=0.32,rms=0.519537)
#GCMRL#  453 dt   0.448000 rms  0.516  2.561% neg 0  invalid 762 tFOTS 3.4830 tGradient 0.8170 tsec 4.5900
#FOTS# QuadFit found better minimum quadopt=(dt=0.384,rms=0.512988) vs oldopt=(dt=0.32,rms=0.51348)
#GCMRL#  454 dt   0.384000 rms  0.513  0.587% neg 0  invalid 762 tFOTS 3.5720 tGradient 0.7920 tsec 4.6570
#GCMRL#  455 dt   0.320000 rms  0.511  0.334% neg 0  invalid 762 tFOTS 3.6370 tGradient 0.7850 tsec 4.7250
#GCMRL#  456 dt   0.320000 rms  0.510  0.252% neg 0  invalid 762 tFOTS 3.6430 tGradient 0.7590 tsec 4.7460
#GCMRL#  457 dt   0.320000 rms  0.509  0.197% neg 0  invalid 762 tFOTS 3.7180 tGradient 0.8800 tsec 4.8800
#GCMRL#  458 dt   0.320000 rms  0.508  0.161% neg 0  invalid 762 tFOTS 3.5020 tGradient 0.7560 tsec 4.6080
#GCMRL#  459 dt   0.320000 rms  0.507  0.134% neg 0  invalid 762 tFOTS 3.4730 tGradient 0.7610 tsec 4.5370
#GCMRL#  460 dt   0.320000 rms  0.507  0.111% neg 0  invalid 762 tFOTS 3.4890 tGradient 0.8160 tsec 4.5930
#FOTS# QuadFit found better minimum quadopt=(dt=0.333333,rms=0.506414) vs oldopt=(dt=0.32,rms=0.506434)
#GCMRL#  461 dt   0.333333 rms  0.506  0.100% neg 0  invalid 762 tFOTS 3.4820 tGradient 0.7880 tsec 4.5640
#GCMRL#  462 dt   0.320000 rms  0.506  0.082% neg 0  invalid 762 tFOTS 3.5680 tGradient 0.7740 tsec 4.6370
#GCMRL#  463 dt   0.320000 rms  0.506  0.072% neg 0  invalid 762 tFOTS 3.6880 tGradient 0.7840 tsec 4.7630
#GCMRL#  464 dt   0.320000 rms  0.505  0.061% neg 0  invalid 762 tFOTS 3.4630 tGradient 0.7590 tsec 4.5170
#GCMRL#  465 dt   0.320000 rms  0.505  0.057% neg 0  invalid 762 tFOTS 3.4980 tGradient 0.7660 tsec 4.5620
#GCMRL#  466 dt   0.320000 rms  0.505  0.000% neg 0  invalid 762 tFOTS 3.4100 tGradient 0.7710 tsec 4.4940
#GCMRL#  467 dt   0.320000 rms  0.505  0.046% neg 0  invalid 762 tFOTS 0.0000 tGradient 0.7750 tsec 1.0670
#GCMRL#  468 dt   0.320000 rms  0.504  0.079% neg 0  invalid 762 tFOTS 0.0000 tGradient 0.7570 tsec 1.0480
#GCMRL#  469 dt   0.320000 rms  0.504  0.030% neg 0  invalid 762 tFOTS 0.0000 tGradient 0.7560 tsec 1.1940
#GCMRL#  470 dt   0.320000 rms  0.504  0.060% neg 0  invalid 762 tFOTS 0.0000 tGradient 0.7530 tsec 1.0420
#GCMRL#  471 dt   0.320000 rms  0.504  0.025% neg 0  invalid 762 tFOTS 0.0000 tGradient 0.7630 tsec 1.2030
#GCMRL#  472 dt   0.320000 rms  0.503  0.043% neg 0  invalid 762 tFOTS 0.0000 tGradient 0.7620 tsec 1.0540
#GCMRL#  473 dt   0.320000 rms  0.503  0.057% neg 0  invalid 762 tFOTS 0.0000 tGradient 0.7620 tsec 1.0550
#GCMRL#  474 dt   0.320000 rms  0.503  0.068% neg 0  invalid 762 tFOTS 0.0000 tGradient 0.7600 tsec 1.0530
#GCMRL#  475 dt   0.320000 rms  0.503  0.010% neg 0  invalid 762 tFOTS 0.0000 tGradient 0.7600 tsec 1.2000
#GCMRL#  476 dt   0.160000 rms  0.503  0.006% neg 0  invalid 762 tFOTS 0.0000 tGradient 0.7660 tsec 1.3610
#GCMRL#  477 dt   0.320000 rms  0.503  0.010% neg 0  invalid 762 tFOTS 3.4870 tGradient 0.7710 tsec 4.5520
#GCMRL#  478 dt   0.320000 rms  0.503  0.000% neg 0  invalid 762 tFOTS 3.4790 tGradient 0.7610 tsec 4.5530
#GCMRL#  479 dt   0.320000 rms  0.503  0.010% neg 0  invalid 762 tFOTS 0.0000 tGradient 0.7510 tsec 1.0420
#GCMRL#  480 dt   0.320000 rms  0.502  0.015% neg 0  invalid 762 tFOTS 0.0000 tGradient 0.7750 tsec 1.0610
#GCMRL#  481 dt   0.160000 rms  0.502  0.004% neg 0  invalid 762 tFOTS 0.0000 tGradient 0.7440 tsec 1.3240
#GCMRL#  482 dt   0.160000 rms  0.502  0.008% neg 0  invalid 762 tFOTS 0.0000 tGradient 0.7720 tsec 1.0620
#GCMRL#  483 dt   0.160000 rms  0.502  0.010% neg 0  invalid 762 tFOTS 0.0000 tGradient 0.7560 tsec 1.0470
#GCMRL#  484 dt   0.160000 rms  0.502  0.013% neg 0  invalid 762 tFOTS 0.0000 tGradient 0.7510 tsec 1.0410
#GCMRL#  485 dt   0.160000 rms  0.502  0.013% neg 0  invalid 762 tFOTS 0.0000 tGradient 0.7630 tsec 1.0540
#GCMRL#  486 dt   0.160000 rms  0.502  0.013% neg 0  invalid 762 tFOTS 0.0000 tGradient 0.7660 tsec 1.0600
#GCMRL#  487 dt   0.160000 rms  0.502  0.015% neg 0  invalid 762 tFOTS 0.0000 tGradient 0.7580 tsec 1.0510

#GCAMreg# pass 0 level1 0 level2 1 tsec 105.386 sigma 0.5
l_jacobian=1.00 l_label=1.00 l_log_likelihood=0.20 l_smoothness=2.00 
tol=5.00e-02, dt=5.00e-02, exp_k=20.0, momentum=0.90, levels=6, niter=500, lbl_dist=10.00, avgs=0, sigma=0.5,type=2, relabel=0, neg=no

blurring input image with Gaussian with sigma=0.500...
GCAMRegisterLevel(): init RMS 0.50269
#FOTS# QuadFit found better minimum quadopt=(dt=0.133333,rms=0.501011) vs oldopt=(dt=0.08,rms=0.501392)
#GCMRL#  489 dt   0.133333 rms  0.501  0.334% neg 0  invalid 762 tFOTS 3.2260 tGradient 0.7610 tsec 4.2820
#FOTS# QuadFit found better minimum quadopt=(dt=0.112,rms=0.500418) vs oldopt=(dt=0.08,rms=0.500585)
#GCMRL#  490 dt   0.112000 rms  0.500  0.118% neg 0  invalid 762 tFOTS 3.2120 tGradient 0.7580 tsec 4.2620
#FOTS# QuadFit found better minimum quadopt=(dt=0.112,rms=0.499968) vs oldopt=(dt=0.08,rms=0.500096)
#GCMRL#  491 dt   0.112000 rms  0.500  0.090% neg 0  invalid 762 tFOTS 3.3690 tGradient 0.7750 tsec 4.4500
#FOTS# QuadFit found better minimum quadopt=(dt=0.112,rms=0.499618) vs oldopt=(dt=0.08,rms=0.499717)
#GCMRL#  492 dt   0.112000 rms  0.500  0.070% neg 0  invalid 762 tFOTS 3.3080 tGradient 0.7620 tsec 4.3690
#FOTS# QuadFit found better minimum quadopt=(dt=0.112,rms=0.499348) vs oldopt=(dt=0.08,rms=0.499425)
#GCMRL#  493 dt   0.112000 rms  0.499  0.054% neg 0  invalid 762 tFOTS 3.3490 tGradient 0.7790 tsec 4.4240
#FOTS# QuadFit found better minimum quadopt=(dt=0.112,rms=0.499138) vs oldopt=(dt=0.08,rms=0.499197)
#GCMRL#  494 dt   0.112000 rms  0.499  0.000% neg 0  invalid 762 tFOTS 3.2300 tGradient 0.7900 tsec 4.3470
#GCMRL#  495 dt   0.112000 rms  0.499  0.031% neg 0  invalid 762 tFOTS 0.0000 tGradient 0.7810 tsec 1.0880
#GCMRL#  496 dt   0.112000 rms  0.499  0.055% neg 0  invalid 762 tFOTS 0.0000 tGradient 0.7860 tsec 1.0810
#GCMRL#  497 dt   0.112000 rms  0.498  0.059% neg 0  invalid 762 tFOTS 0.0000 tGradient 0.7870 tsec 1.0870
#GCMRL#  498 dt   0.112000 rms  0.498  0.053% neg 0  invalid 762 tFOTS 0.0000 tGradient 0.7780 tsec 1.0750
#GCMRL#  499 dt   0.112000 rms  0.498  0.034% neg 0  invalid 762 tFOTS 0.0000 tGradient 0.7850 tsec 1.0850
#GCMRL#  500 dt   0.112000 rms  0.498  0.012% neg 0  invalid 762 tFOTS 0.0000 tGradient 0.7850 tsec 1.0870
#GCMRL#  501 dt   0.112000 rms  0.498 -0.010% neg 0  invalid 762 tFOTS 0.0000 tGradient 0.7760 tsec 1.3070
GCAMregister done in 21.4985 min
********************* ALLOWING NEGATIVE NODES IN DEFORMATION********************************
noneg post
Starting GCAMregister()
label assignment complete, 0 changed (0.00%)
npasses = 1, nlevels = 6
#pass# 1 of 1 ************************
enabling zero nodes
setting smoothness cost coefficient to 0.008

#GCAMreg# pass 0 level1 5 level2 0 tsec 0 sigma 2
l_jacobian=1.00 l_label=1.00 l_log_likelihood=0.20 l_smoothness=0.01 
tol=2.50e-01, dt=5.00e-02, exp_k=20.0, momentum=0.90, levels=6, niter=500, lbl_dist=10.00, avgs=256, sigma=2.0,type=2, relabel=0, neg=yes

blurring input image with Gaussian with sigma=2.000...
GCAMRegisterLevel(): init RMS 0.495799
#FOTS# QuadFit found better minimum quadopt=(dt=27.744,rms=0.49507) vs oldopt=(dt=23.12,rms=0.49507)
#GCMRL#  503 dt  27.744000 rms  0.495  0.147% neg 0  invalid 762 tFOTS 4.4650 tGradient 1.9510 tsec 6.7080
#FOTS# QuadFit found better minimum quadopt=(dt=32.368,rms=0.495057) vs oldopt=(dt=23.12,rms=0.495059)
#GCMRL#  504 dt  32.368000 rms  0.495  0.000% neg 0  invalid 762 tFOTS 4.6000 tGradient 2.0470 tsec 6.9320
#GCMRL#  505 dt  32.368000 rms  0.495  0.003% neg 0  invalid 762 tFOTS 0.0000 tGradient 1.9280 tsec 2.1970
#GCMRL#  506 dt  32.368000 rms  0.495  0.004% neg 0  invalid 762 tFOTS 0.0000 tGradient 1.9110 tsec 2.1780
#GCMRL#  507 dt  32.368000 rms  0.495  0.002% neg 0  invalid 762 tFOTS 0.0000 tGradient 1.9230 tsec 2.1900

#GCAMreg# pass 0 level1 5 level2 1 tsec 28.797 sigma 0.5
l_jacobian=1.00 l_label=1.00 l_log_likelihood=0.20 l_smoothness=0.01 
tol=2.50e-01, dt=5.00e-02, exp_k=20.0, momentum=0.90, levels=6, niter=500, lbl_dist=10.00, avgs=256, sigma=0.5,type=2, relabel=0, neg=yes

blurring input image with Gaussian with sigma=0.500...
GCAMRegisterLevel(): init RMS 0.495727
#FOTS# QuadFit found better minimum quadopt=(dt=129.472,rms=0.494069) vs oldopt=(dt=92.48,rms=0.494245)
#GCMRL#  509 dt 129.472000 rms  0.494  0.335% neg 0  invalid 762 tFOTS 4.2150 tGradient 2.1210 tsec 6.6230
#FOTS# QuadFit found better minimum quadopt=(dt=73.984,rms=0.494) vs oldopt=(dt=92.48,rms=0.494008)
#GCMRL#  510 dt  73.984000 rms  0.494  0.000% neg 0  invalid 762 tFOTS 3.9760 tGradient 1.9010 tsec 6.1800
#GCMRL#  511 dt  73.984000 rms  0.494  0.019% neg 0  invalid 762 tFOTS 0.0000 tGradient 1.9200 tsec 2.1990
#GCMRL#  512 dt  73.984000 rms  0.494  0.032% neg 0  invalid 762 tFOTS 0.0000 tGradient 1.9070 tsec 2.1890
#GCMRL#  513 dt  73.984000 rms  0.494  0.036% neg 0  invalid 762 tFOTS 0.0000 tGradient 1.9240 tsec 2.2050
#GCMRL#  514 dt  73.984000 rms  0.493  0.034% neg 0  invalid 762 tFOTS 0.0000 tGradient 1.9130 tsec 2.1940
#GCMRL#  515 dt  73.984000 rms  0.493  0.028% neg 0  invalid 762 tFOTS 0.0000 tGradient 1.9420 tsec 2.2350
#FOTS# QuadFit found better minimum quadopt=(dt=32.368,rms=0.493264) vs oldopt=(dt=23.12,rms=0.493264)
setting smoothness cost coefficient to 0.031

#GCAMreg# pass 0 level1 4 level2 0 tsec 0 sigma 2
l_jacobian=1.00 l_label=1.00 l_log_likelihood=0.20 l_smoothness=0.03 
tol=2.50e-01, dt=5.00e-02, exp_k=20.0, momentum=0.90, levels=6, niter=500, lbl_dist=10.00, avgs=64, sigma=2.0,type=2, relabel=0, neg=yes

blurring input image with Gaussian with sigma=2.000...
GCAMRegisterLevel(): init RMS 0.494024
#FOTS# QuadFit found better minimum quadopt=(dt=20,rms=0.493182) vs oldopt=(dt=25.92,rms=0.493195)
#GCMRL#  517 dt  20.000000 rms  0.493  0.170% neg 0  invalid 762 tFOTS 4.2150 tGradient 1.5690 tsec 6.0680
#FOTS# QuadFit found better minimum quadopt=(dt=20.736,rms=0.493099) vs oldopt=(dt=25.92,rms=0.4931)
#GCMRL#  518 dt  20.736000 rms  0.493  0.000% neg 0  invalid 762 tFOTS 4.2360 tGradient 1.5640 tsec 6.1070
#GCMRL#  519 dt  20.736000 rms  0.493  0.018% neg 0  invalid 762 tFOTS 0.0000 tGradient 1.6420 tsec 1.9210
#GCMRL#  520 dt  20.736000 rms  0.493  0.020% neg 0  invalid 762 tFOTS 0.0000 tGradient 1.7600 tsec 2.0370
#GCMRL#  521 dt  20.736000 rms  0.493  0.012% neg 0  invalid 762 tFOTS 0.0000 tGradient 1.6110 tsec 1.8880
#GCMRL#  522 dt  20.736000 rms  0.493  0.012% neg 0  invalid 762 tFOTS 0.0000 tGradient 1.5920 tsec 1.8700
#GCMRL#  523 dt  20.736000 rms  0.493  0.030% neg 0  invalid 762 tFOTS 0.0000 tGradient 1.5860 tsec 1.8690
#GCMRL#  524 dt  20.736000 rms  0.492  0.049% neg 0  invalid 762 tFOTS 0.0000 tGradient 1.5700 tsec 1.8510
#GCMRL#  525 dt  20.736000 rms  0.492  0.059% neg 0  invalid 762 tFOTS 0.0000 tGradient 1.5710 tsec 1.8540

#GCAMreg# pass 0 level1 4 level2 1 tsec 33.394 sigma 0.5
l_jacobian=1.00 l_label=1.00 l_log_likelihood=0.20 l_smoothness=0.03 
tol=2.50e-01, dt=5.00e-02, exp_k=20.0, momentum=0.90, levels=6, niter=500, lbl_dist=10.00, avgs=64, sigma=0.5,type=2, relabel=0, neg=yes

blurring input image with Gaussian with sigma=0.500...
GCAMRegisterLevel(): init RMS 0.492594
#GCMRL#  527 dt 103.680000 rms  0.489  0.817% neg 0  invalid 762 tFOTS 4.3000 tGradient 1.5650 tsec 6.1540
#FOTS# QuadFit found better minimum quadopt=(dt=36.288,rms=0.487577) vs oldopt=(dt=25.92,rms=0.487639)
#GCMRL#  528 dt  36.288000 rms  0.488  0.000% neg 0  invalid 762 tFOTS 4.1960 tGradient 1.6170 tsec 6.1210
#GCMRL#  529 dt  36.288000 rms  0.487  0.070% neg 0  invalid 762 tFOTS 0.0000 tGradient 1.5810 tsec 1.8620
#GCMRL#  530 dt  36.288000 rms  0.487  0.101% neg 0  invalid 762 tFOTS 0.0000 tGradient 1.7930 tsec 2.0740
#GCMRL#  531 dt  36.288000 rms  0.486  0.117% neg 0  invalid 762 tFOTS 0.0000 tGradient 2.0480 tsec 2.3780
#GCMRL#  532 dt  36.288000 rms  0.486  0.118% neg 0  invalid 762 tFOTS 0.0000 tGradient 1.9570 tsec 2.2370
#GCMRL#  533 dt  36.288000 rms  0.485  0.114% neg 0  invalid 762 tFOTS 0.0000 tGradient 1.6590 tsec 1.9410
#GCMRL#  534 dt  36.288000 rms  0.485  0.107% neg 0  invalid 762 tFOTS 0.0000 tGradient 1.8350 tsec 2.1330
#FOTS# QuadFit found better minimum quadopt=(dt=145.152,rms=0.484406) vs oldopt=(dt=103.68,rms=0.484419)
setting smoothness cost coefficient to 0.118

#GCAMreg# pass 0 level1 3 level2 0 tsec 0 sigma 2
l_jacobian=1.00 l_label=1.00 l_log_likelihood=0.20 l_smoothness=0.12 
tol=2.50e-01, dt=5.00e-02, exp_k=20.0, momentum=0.90, levels=6, niter=500, lbl_dist=10.00, avgs=16, sigma=2.0,type=2, relabel=0, neg=yes

blurring input image with Gaussian with sigma=2.000...
GCAMRegisterLevel(): init RMS 0.485686
#FOTS# QuadFit found better minimum quadopt=(dt=38.4,rms=0.482279) vs oldopt=(dt=32,rms=0.482319)
#GCMRL#  536 dt  38.400000 rms  0.482  0.701% neg 0  invalid 762 tFOTS 4.2110 tGradient 1.4780 tsec 5.9730
#FOTS# QuadFit found better minimum quadopt=(dt=58.5894,rms=0.477459) vs oldopt=(dt=32,rms=0.478265)
iter 0, gcam->neg = 1
after 0 iterations, nbhd size=0, neg = 0
#GCMRL#  537 dt  58.589372 rms  0.477  1.000% neg 0  invalid 762 tFOTS 4.2610 tGradient 1.4770 tsec 6.7460
#FOTS# QuadFit found better minimum quadopt=(dt=11.2,rms=0.475906) vs oldopt=(dt=8,rms=0.476186)
#GCMRL#  538 dt  11.200000 rms  0.476  0.325% neg 0  invalid 762 tFOTS 4.2280 tGradient 1.4280 tsec 5.9430
#FOTS# QuadFit found better minimum quadopt=(dt=25.6,rms=0.475145) vs oldopt=(dt=32,rms=0.475216)
#GCMRL#  539 dt  25.600000 rms  0.475  0.000% neg 0  invalid 762 tFOTS 4.4850 tGradient 1.6750 tsec 6.4420
#GCMRL#  540 dt  25.600000 rms  0.474  0.290% neg 0  invalid 762 tFOTS 0.0000 tGradient 1.4210 tsec 1.6870
#GCMRL#  541 dt  25.600000 rms  0.472  0.363% neg 0  invalid 762 tFOTS 0.0000 tGradient 1.4110 tsec 1.6680
iter 0, gcam->neg = 7
after 11 iterations, nbhd size=1, neg = 0
#GCMRL#  542 dt  25.600000 rms  0.470  0.368% neg 0  invalid 762 tFOTS 0.0000 tGradient 1.3960 tsec 6.0050
iter 0, gcam->neg = 13
after 11 iterations, nbhd size=1, neg = 0
#GCMRL#  543 dt  25.600000 rms  0.469  0.343% neg 0  invalid 762 tFOTS 0.0000 tGradient 1.4250 tsec 6.0690
iter 0, gcam->neg = 12
after 7 iterations, nbhd size=0, neg = 0
#GCMRL#  544 dt  25.600000 rms  0.467  0.372% neg 0  invalid 762 tFOTS 0.0000 tGradient 1.4530 tsec 4.7330
iter 0, gcam->neg = 16
after 12 iterations, nbhd size=1, neg = 0
#GCMRL#  545 dt  25.600000 rms  0.466  0.286% neg 0  invalid 762 tFOTS 0.0000 tGradient 1.3890 tsec 6.2960
iter 0, gcam->neg = 26
after 16 iterations, nbhd size=1, neg = 0
#GCMRL#  546 dt  25.600000 rms  0.465  0.191% neg 0  invalid 762 tFOTS 0.0000 tGradient 1.4590 tsec 8.1090
iter 0, gcam->neg = 35
after 16 iterations, nbhd size=1, neg = 0
#GCMRL#  547 dt  25.600000 rms  0.464  0.144% neg 0  invalid 762 tFOTS 0.0000 tGradient 1.4780 tsec 7.9200
iter 0, gcam->neg = 30
after 13 iterations, nbhd size=1, neg = 0
#GCMRL#  548 dt  25.600000 rms  0.463  0.151% neg 0  invalid 762 tFOTS 0.0000 tGradient 1.4600 tsec 6.7040
iter 0, gcam->neg = 23
after 8 iterations, nbhd size=0, neg = 0
#GCMRL#  549 dt  25.600000 rms  0.463  0.157% neg 0  invalid 762 tFOTS 0.0000 tGradient 1.4890 tsec 5.0540
iter 0, gcam->neg = 39
after 13 iterations, nbhd size=1, neg = 0
#GCMRL#  550 dt  25.600000 rms  0.462  0.111% neg 0  invalid 762 tFOTS 0.0000 tGradient 1.4310 tsec 6.6620
iter 0, gcam->neg = 23
after 5 iterations, nbhd size=0, neg = 0
#GCMRL#  551 dt  25.600000 rms  0.462  0.118% neg 0  invalid 762 tFOTS 0.0000 tGradient 1.4930 tsec 4.0950
iter 0, gcam->neg = 15
after 16 iterations, nbhd size=1, neg = 0
#GCMRL#  552 dt  25.600000 rms  0.461  0.083% neg 0  invalid 762 tFOTS 0.0000 tGradient 1.4950 tsec 7.7780
#FOTS# QuadFit found better minimum quadopt=(dt=44.8,rms=0.460569) vs oldopt=(dt=32,rms=0.460664)
iter 0, gcam->neg = 11
after 4 iterations, nbhd size=0, neg = 0
#GCMRL#  553 dt  44.800000 rms  0.461  0.132% neg 0  invalid 762 tFOTS 4.0500 tGradient 1.4560 tsec 7.7850
#FOTS# QuadFit found better minimum quadopt=(dt=11.2,rms=0.460458) vs oldopt=(dt=8,rms=0.460482)
iter 0, gcam->neg = 3
after 1 iterations, nbhd size=0, neg = 0
#GCMRL#  554 dt  11.200000 rms  0.460  0.000% neg 0  invalid 762 tFOTS 4.3480 tGradient 1.4770 tsec 7.1260
iter 0, gcam->neg = 1
after 0 iterations, nbhd size=0, neg = 0
#GCMRL#  555 dt  11.200000 rms  0.460  0.017% neg 0  invalid 762 tFOTS 0.0000 tGradient 1.4720 tsec 2.4440
#GCMRL#  556 dt  11.200000 rms  0.460  0.014% neg 0  invalid 762 tFOTS 0.0000 tGradient 1.4520 tsec 1.7250
iter 0, gcam->neg = 8
after 5 iterations, nbhd size=0, neg = 0
#GCMRL#  557 dt  11.200000 rms  0.460  0.016% neg 0  invalid 762 tFOTS 0.0000 tGradient 1.5320 tsec 4.1460
iter 0, gcam->neg = 5
after 2 iterations, nbhd size=0, neg = 0
#GCMRL#  558 dt  11.200000 rms  0.460  0.024% neg 0  invalid 762 tFOTS 0.0000 tGradient 1.4230 tsec 3.0410
iter 0, gcam->neg = 3
after 3 iterations, nbhd size=0, neg = 0

#GCAMreg# pass 0 level1 3 level2 1 tsec 133.582 sigma 0.5
l_jacobian=1.00 l_label=1.00 l_log_likelihood=0.20 l_smoothness=0.12 
tol=2.50e-01, dt=5.00e-02, exp_k=20.0, momentum=0.90, levels=6, niter=500, lbl_dist=10.00, avgs=16, sigma=0.5,type=2, relabel=0, neg=yes

blurring input image with Gaussian with sigma=0.500...
GCAMRegisterLevel(): init RMS 0.460825
#FOTS# QuadFit found better minimum quadopt=(dt=44.8,rms=0.457596) vs oldopt=(dt=32,rms=0.457741)
#GCMRL#  560 dt  44.800000 rms  0.458  0.701% neg 0  invalid 762 tFOTS 4.2740 tGradient 1.4230 tsec 5.9770
#FOTS# QuadFit found better minimum quadopt=(dt=22.8571,rms=0.456653) vs oldopt=(dt=32,rms=0.456864)
#GCMRL#  561 dt  22.857143 rms  0.457  0.000% neg 0  invalid 762 tFOTS 4.2200 tGradient 1.4130 tsec 5.9110
#GCMRL#  562 dt  22.857143 rms  0.456  0.107% neg 0  invalid 762 tFOTS 0.0000 tGradient 1.4130 tsec 1.6860
#GCMRL#  563 dt  22.857143 rms  0.456  0.110% neg 0  invalid 762 tFOTS 0.0000 tGradient 1.4210 tsec 1.6960
#GCMRL#  564 dt  22.857143 rms  0.455  0.126% neg 0  invalid 762 tFOTS 0.0000 tGradient 1.4040 tsec 1.6810
iter 0, gcam->neg = 2
after 0 iterations, nbhd size=0, neg = 0
#GCMRL#  565 dt  22.857143 rms  0.455  0.099% neg 0  invalid 762 tFOTS 0.0000 tGradient 1.5780 tsec 2.5760
iter 0, gcam->neg = 2
after 4 iterations, nbhd size=0, neg = 0
#GCMRL#  566 dt  22.857143 rms  0.454  0.089% neg 0  invalid 762 tFOTS 0.0000 tGradient 1.4450 tsec 3.7360
#FOTS# QuadFit found better minimum quadopt=(dt=19.2,rms=0.454116) vs oldopt=(dt=32,rms=0.45416)
#GCMRL#  567 dt  19.200000 rms  0.454  0.000% neg 0  invalid 762 tFOTS 4.2880 tGradient 1.4490 tsec 6.0370
#GCMRL#  568 dt  19.200000 rms  0.454  0.039% neg 0  invalid 762 tFOTS 0.0000 tGradient 1.5240 tsec 1.7810
#GCMRL#  569 dt  19.200000 rms  0.454  0.043% neg 0  invalid 762 tFOTS 0.0000 tGradient 1.4280 tsec 1.6820
iter 0, gcam->neg = 1
after 1 iterations, nbhd size=0, neg = 0
#GCMRL#  570 dt  19.200000 rms  0.454  0.046% neg 0  invalid 762 tFOTS 0.0000 tGradient 1.4470 tsec 2.7290
#GCMRL#  571 dt  19.200000 rms  0.453  0.054% neg 0  invalid 762 tFOTS 0.0000 tGradient 1.4460 tsec 1.7020
iter 0, gcam->neg = 1
after 1 iterations, nbhd size=0, neg = 0
#GCMRL#  572 dt  19.200000 rms  0.453  0.055% neg 0  invalid 762 tFOTS 0.0000 tGradient 1.4490 tsec 2.7490
iter 0, gcam->neg = 1
after 1 iterations, nbhd size=0, neg = 0
#GCMRL#  573 dt  19.200000 rms  0.453  0.046% neg 0  invalid 762 tFOTS 0.0000 tGradient 1.4770 tsec 2.7580
iter 0, gcam->neg = 1
after 0 iterations, nbhd size=0, neg = 0
setting smoothness cost coefficient to 0.400

#GCAMreg# pass 0 level1 2 level2 0 tsec 0 sigma 2
l_jacobian=1.00 l_label=1.00 l_log_likelihood=0.20 l_smoothness=0.40 
tol=2.50e-01, dt=5.00e-02, exp_k=20.0, momentum=0.90, levels=6, niter=500, lbl_dist=10.00, avgs=4, sigma=2.0,type=2, relabel=0, neg=yes

blurring input image with Gaussian with sigma=2.000...
GCAMRegisterLevel(): init RMS 0.462038
#FOTS# QuadFit found better minimum quadopt=(dt=0.000135,rms=0.46125) vs oldopt=(dt=0.0001125,rms=0.46125)
#GCMRL#  575 dt   0.000135 rms  0.461  0.171% neg 0  invalid 762 tFOTS 5.3630 tGradient 1.4100 tsec 7.0360

#GCAMreg# pass 0 level1 2 level2 1 tsec 19.051 sigma 0.5
l_jacobian=1.00 l_label=1.00 l_log_likelihood=0.20 l_smoothness=0.40 
tol=2.50e-01, dt=5.00e-02, exp_k=20.0, momentum=0.90, levels=6, niter=500, lbl_dist=10.00, avgs=4, sigma=0.5,type=2, relabel=0, neg=yes

blurring input image with Gaussian with sigma=0.500...
GCAMRegisterLevel(): init RMS 0.462038
#FOTS# QuadFit found better minimum quadopt=(dt=0.432,rms=0.461245) vs oldopt=(dt=0.72,rms=0.461246)
#GCMRL#  577 dt   0.432000 rms  0.461  0.172% neg 0  invalid 762 tFOTS 4.2280 tGradient 1.3890 tsec 5.8950
#GCMRL#  578 dt   0.180000 rms  0.461  0.000% neg 0  invalid 762 tFOTS 4.2650 tGradient 1.3870 tsec 5.9300
#GCMRL#  579 dt   0.180000 rms  0.461  0.000% neg 0  invalid 762 tFOTS 0.0000 tGradient 1.3910 tsec 1.6440
iter 0, gcam->neg = 1
after 7 iterations, nbhd size=1, neg = 0
setting smoothness cost coefficient to 1.000

#GCAMreg# pass 0 level1 1 level2 0 tsec 0 sigma 2
l_jacobian=1.00 l_label=1.00 l_log_likelihood=0.20 l_smoothness=1.00 
tol=2.50e-01, dt=5.00e-02, exp_k=20.0, momentum=0.90, levels=6, niter=500, lbl_dist=10.00, avgs=1, sigma=2.0,type=2, relabel=0, neg=yes

blurring input image with Gaussian with sigma=2.000...
GCAMRegisterLevel(): init RMS 0.479198
iter 0, gcam->neg = 1
after 7 iterations, nbhd size=1, neg = 0
#GCMRL#  581 dt   1.280000 rms  0.476  0.565% neg 0  invalid 762 tFOTS 4.2850 tGradient 1.2690 tsec 8.9780
#FOTS# QuadFit found better minimum quadopt=(dt=0.448,rms=0.47633) vs oldopt=(dt=0.32,rms=0.476357)
#GCMRL#  582 dt   0.448000 rms  0.476  0.000% neg 0  invalid 762 tFOTS 4.6770 tGradient 1.4460 tsec 6.4070
#GCMRL#  583 dt   0.448000 rms  0.476  0.004% neg 0  invalid 762 tFOTS 0.0000 tGradient 1.2330 tsec 1.4910
iter 0, gcam->neg = 1
after 0 iterations, nbhd size=0, neg = 0

#GCAMreg# pass 0 level1 1 level2 1 tsec 25.488 sigma 0.5
l_jacobian=1.00 l_label=1.00 l_log_likelihood=0.20 l_smoothness=1.00 
tol=2.50e-01, dt=5.00e-02, exp_k=20.0, momentum=0.90, levels=6, niter=500, lbl_dist=10.00, avgs=1, sigma=0.5,type=2, relabel=0, neg=yes

blurring input image with Gaussian with sigma=0.500...
GCAMRegisterLevel(): init RMS 0.477064
iter 0, gcam->neg = 1
after 0 iterations, nbhd size=0, neg = 0
#GCMRL#  585 dt   1.280000 rms  0.476  0.290% neg 0  invalid 762 tFOTS 4.5320 tGradient 1.4530 tsec 6.9450
#FOTS# QuadFit found better minimum quadopt=(dt=0.448,rms=0.475629) vs oldopt=(dt=0.32,rms=0.475635)
iter 0, gcam->neg = 1
after 0 iterations, nbhd size=0, neg = 0
#GCMRL#  586 dt   0.448000 rms  0.476  0.000% neg 0  invalid 762 tFOTS 4.2330 tGradient 1.1820 tsec 6.4010
#GCMRL#  587 dt   0.448000 rms  0.476  0.000% neg 0  invalid 762 tFOTS 0.0000 tGradient 1.1900 tsec 1.4510
resetting metric properties...
setting smoothness cost coefficient to 2.000

#GCAMreg# pass 0 level1 0 level2 0 tsec 0 sigma 2
l_jacobian=1.00 l_label=1.00 l_log_likelihood=0.20 l_smoothness=2.00 
tol=2.50e-01, dt=5.00e-02, exp_k=20.0, momentum=0.90, levels=6, niter=500, lbl_dist=10.00, avgs=0, sigma=2.0,type=2, relabel=0, neg=yes

blurring input image with Gaussian with sigma=2.000...
GCAMRegisterLevel(): init RMS 0.463545
#FOTS# QuadFit found better minimum quadopt=(dt=2.14587,rms=0.43445) vs oldopt=(dt=1.28,rms=0.439227)
iter 0, gcam->neg = 761
after 18 iterations, nbhd size=1, neg = 0
#GCMRL#  589 dt   2.145871 rms  0.437  5.826% neg 0  invalid 762 tFOTS 4.2760 tGradient 0.7570 tsec 12.1370
#GCMRL#  590 dt   0.080000 rms  0.436  0.000% neg 0  invalid 762 tFOTS 4.3870 tGradient 0.8350 tsec 5.5100

#GCAMreg# pass 0 level1 0 level2 1 tsec 24.896 sigma 0.5
l_jacobian=1.00 l_label=1.00 l_log_likelihood=0.20 l_smoothness=2.00 
tol=2.50e-01, dt=5.00e-02, exp_k=20.0, momentum=0.90, levels=6, niter=500, lbl_dist=10.00, avgs=0, sigma=0.5,type=2, relabel=0, neg=yes

blurring input image with Gaussian with sigma=0.500...
GCAMRegisterLevel(): init RMS 0.437152
#FOTS# QuadFit found better minimum quadopt=(dt=0.064,rms=0.436217) vs oldopt=(dt=0.08,rms=0.436227)
#GCMRL#  592 dt   0.064000 rms  0.436  0.214% neg 0  invalid 762 tFOTS 4.3420 tGradient 0.8500 tsec 5.4620
#FOTS# QuadFit found better minimum quadopt=(dt=1.75e-05,rms=0.436216) vs oldopt=(dt=1.25e-05,rms=0.436216)
#GCMRL#  593 dt   0.000018 rms  0.436  0.000% neg 0  invalid 762 tFOTS 5.5580 tGradient 0.8320 tsec 6.6830
label assignment complete, 0 changed (0.00%)
GCAMregister done in 7.11745 min
Starting GCAMcomputeMaxPriorLabels()
Morphing with label term set to 0 *******************************
Starting GCAMregister()
label assignment complete, 0 changed (0.00%)
npasses = 1, nlevels = 6
#pass# 1 of 1 ************************
enabling zero nodes
setting smoothness cost coefficient to 0.008

#GCAMreg# pass 0 level1 5 level2 0 tsec 0 sigma 2
l_jacobian=1.00 l_log_likelihood=0.20 l_smoothness=0.01 
tol=2.50e-01, dt=5.00e-02, exp_k=20.0, momentum=0.90, levels=6, niter=500, lbl_dist=10.00, avgs=256, sigma=2.0,type=2, relabel=0, neg=yes

blurring input image with Gaussian with sigma=2.000...
GCAMRegisterLevel(): init RMS 0.422419

#GCAMreg# pass 0 level1 5 level2 1 tsec 12.788 sigma 0.5
l_jacobian=1.00 l_log_likelihood=0.20 l_smoothness=0.01 
tol=2.50e-01, dt=5.00e-02, exp_k=20.0, momentum=0.90, levels=6, niter=500, lbl_dist=10.00, avgs=256, sigma=0.5,type=2, relabel=0, neg=yes

blurring input image with Gaussian with sigma=0.500...
GCAMRegisterLevel(): init RMS 0.422419
#FOTS# QuadFit found better minimum quadopt=(dt=32.368,rms=0.422401) vs oldopt=(dt=23.12,rms=0.422404)
#GCMRL#  596 dt  32.368000 rms  0.422  0.004% neg 0  invalid 762 tFOTS 3.8750 tGradient 1.7590 tsec 5.8780
#FOTS# QuadFit found better minimum quadopt=(dt=13.872,rms=0.422401) vs oldopt=(dt=23.12,rms=0.422401)
#GCMRL#  597 dt  13.872000 rms  0.422  0.000% neg 0  invalid 762 tFOTS 3.8710 tGradient 1.6230 tsec 5.7560
setting smoothness cost coefficient to 0.031

#GCAMreg# pass 0 level1 4 level2 0 tsec 0 sigma 2
l_jacobian=1.00 l_log_likelihood=0.20 l_smoothness=0.03 
tol=2.50e-01, dt=5.00e-02, exp_k=20.0, momentum=0.90, levels=6, niter=500, lbl_dist=10.00, avgs=64, sigma=2.0,type=2, relabel=0, neg=yes

blurring input image with Gaussian with sigma=2.000...
GCAMRegisterLevel(): init RMS 0.422572

#GCAMreg# pass 0 level1 4 level2 1 tsec 11.323 sigma 0.5
l_jacobian=1.00 l_log_likelihood=0.20 l_smoothness=0.03 
tol=2.50e-01, dt=5.00e-02, exp_k=20.0, momentum=0.90, levels=6, niter=500, lbl_dist=10.00, avgs=64, sigma=0.5,type=2, relabel=0, neg=yes

blurring input image with Gaussian with sigma=0.500...
GCAMRegisterLevel(): init RMS 0.422572
#FOTS# QuadFit found better minimum quadopt=(dt=62.208,rms=0.422347) vs oldopt=(dt=103.68,rms=0.422427)
#GCMRL#  600 dt  62.208000 rms  0.422  0.053% neg 0  invalid 762 tFOTS 3.6750 tGradient 1.1120 tsec 5.0330
#FOTS# QuadFit found better minimum quadopt=(dt=145.152,rms=0.422034) vs oldopt=(dt=103.68,rms=0.422056)
#GCMRL#  601 dt 145.152000 rms  0.422  0.074% neg 0  invalid 762 tFOTS 3.8420 tGradient 1.1270 tsec 5.2790
#FOTS# QuadFit found better minimum quadopt=(dt=36.288,rms=0.421908) vs oldopt=(dt=25.92,rms=0.421925)
#GCMRL#  602 dt  36.288000 rms  0.422  0.000% neg 0  invalid 762 tFOTS 4.5500 tGradient 1.5190 tsec 6.3380
#GCMRL#  603 dt  36.288000 rms  0.422  0.011% neg 0  invalid 762 tFOTS 0.0000 tGradient 1.1320 tsec 1.3790
#GCMRL#  604 dt  36.288000 rms  0.422  0.020% neg 0  invalid 762 tFOTS 0.0000 tGradient 1.1300 tsec 1.3730
#GCMRL#  605 dt  36.288000 rms  0.422  0.027% neg 0  invalid 762 tFOTS 0.0000 tGradient 1.1670 tsec 1.4310
#GCMRL#  606 dt  36.288000 rms  0.422  0.029% neg 0  invalid 762 tFOTS 0.0000 tGradient 1.1140 tsec 1.3780
#GCMRL#  607 dt  36.288000 rms  0.421  0.026% neg 0  invalid 762 tFOTS 0.0000 tGradient 1.1170 tsec 1.3800
setting smoothness cost coefficient to 0.118

#GCAMreg# pass 0 level1 3 level2 0 tsec 0 sigma 2
l_jacobian=1.00 l_log_likelihood=0.20 l_smoothness=0.12 
tol=2.50e-01, dt=5.00e-02, exp_k=20.0, momentum=0.90, levels=6, niter=500, lbl_dist=10.00, avgs=16, sigma=2.0,type=2, relabel=0, neg=yes

blurring input image with Gaussian with sigma=2.000...
GCAMRegisterLevel(): init RMS 0.422051
#FOTS# QuadFit found better minimum quadopt=(dt=11.2,rms=0.421761) vs oldopt=(dt=8,rms=0.421792)
#GCMRL#  609 dt  11.200000 rms  0.422  0.069% neg 0  invalid 762 tFOTS 3.9200 tGradient 0.9500 tsec 5.1340
#FOTS# QuadFit found better minimum quadopt=(dt=11.2,rms=0.421599) vs oldopt=(dt=8,rms=0.421623)
#GCMRL#  610 dt  11.200000 rms  0.422  0.000% neg 0  invalid 762 tFOTS 3.9120 tGradient 0.9500 tsec 5.1470
#GCMRL#  611 dt  11.200000 rms  0.421  0.039% neg 0  invalid 762 tFOTS 0.0000 tGradient 0.9990 tsec 1.2600
iter 0, gcam->neg = 3
after 9 iterations, nbhd size=1, neg = 0
#GCMRL#  612 dt  11.200000 rms  0.421  0.014% neg 0  invalid 762 tFOTS 0.0000 tGradient 0.9650 tsec 4.8760
iter 0, gcam->neg = 7
after 10 iterations, nbhd size=1, neg = 0

#GCAMreg# pass 0 level1 3 level2 1 tsec 27.822 sigma 0.5
l_jacobian=1.00 l_log_likelihood=0.20 l_smoothness=0.12 
tol=2.50e-01, dt=5.00e-02, exp_k=20.0, momentum=0.90, levels=6, niter=500, lbl_dist=10.00, avgs=16, sigma=0.5,type=2, relabel=0, neg=yes

blurring input image with Gaussian with sigma=0.500...
GCAMRegisterLevel(): init RMS 0.421378
#FOTS# QuadFit found better minimum quadopt=(dt=38.4,rms=0.418347) vs oldopt=(dt=32,rms=0.418405)
#GCMRL#  614 dt  38.400000 rms  0.418  0.719% neg 0  invalid 762 tFOTS 3.9400 tGradient 0.9650 tsec 5.1790
#FOTS# QuadFit found better minimum quadopt=(dt=22.9926,rms=0.417286) vs oldopt=(dt=32,rms=0.417501)
#GCMRL#  615 dt  22.992593 rms  0.417  0.254% neg 0  invalid 762 tFOTS 3.9320 tGradient 0.9500 tsec 5.1550
#FOTS# QuadFit found better minimum quadopt=(dt=38.4,rms=0.416495) vs oldopt=(dt=32,rms=0.416529)
iter 0, gcam->neg = 4
after 12 iterations, nbhd size=1, neg = 0
#GCMRL#  616 dt  38.400000 rms  0.417  0.000% neg 0  invalid 762 tFOTS 3.9150 tGradient 0.9750 tsec 9.8840
iter 0, gcam->neg = 1
after 0 iterations, nbhd size=0, neg = 0
#GCMRL#  617 dt  38.400000 rms  0.416  0.123% neg 0  invalid 762 tFOTS 0.0000 tGradient 1.2880 tsec 2.3480
iter 0, gcam->neg = 3
after 2 iterations, nbhd size=0, neg = 0
#GCMRL#  618 dt  38.400000 rms  0.415  0.363% neg 0  invalid 762 tFOTS 0.0000 tGradient 0.9780 tsec 2.6110
iter 0, gcam->neg = 8
after 0 iterations, nbhd size=0, neg = 0
#GCMRL#  619 dt  38.400000 rms  0.414  0.194% neg 0  invalid 762 tFOTS 0.0000 tGradient 0.9580 tsec 1.9290
iter 0, gcam->neg = 17
after 14 iterations, nbhd size=1, neg = 0
#GCMRL#  620 dt  38.400000 rms  0.412  0.318% neg 0  invalid 762 tFOTS 0.0000 tGradient 0.9550 tsec 6.5870
iter 0, gcam->neg = 21
after 16 iterations, nbhd size=1, neg = 0
#GCMRL#  621 dt  38.400000 rms  0.412  0.170% neg 0  invalid 762 tFOTS 0.0000 tGradient 1.1070 tsec 7.4150
iter 0, gcam->neg = 13
after 15 iterations, nbhd size=1, neg = 0
#GCMRL#  622 dt  38.400000 rms  0.411  0.127% neg 0  invalid 762 tFOTS 0.0000 tGradient 0.9580 tsec 6.9310
iter 0, gcam->neg = 12
after 11 iterations, nbhd size=1, neg = 0
#GCMRL#  623 dt  38.400000 rms  0.410  0.200% neg 0  invalid 762 tFOTS 0.0000 tGradient 0.9450 tsec 5.5830
iter 0, gcam->neg = 12
after 15 iterations, nbhd size=1, neg = 0
#GCMRL#  624 dt  38.400000 rms  0.410  0.057% neg 0  invalid 762 tFOTS 0.0000 tGradient 0.9650 tsec 6.9440
iter 0, gcam->neg = 27
after 7 iterations, nbhd size=0, neg = 0
#GCMRL#  625 dt  38.400000 rms  0.410  0.129% neg 0  invalid 762 tFOTS 0.0000 tGradient 0.9430 tsec 4.2480
iter 0, gcam->neg = 22
after 22 iterations, nbhd size=1, neg = 0
#GCMRL#  626 dt  38.400000 rms  0.410 -0.018% neg 0  invalid 762 tFOTS 0.0000 tGradient 0.9390 tsec 9.4720
iter 0, gcam->neg = 1
after 2 iterations, nbhd size=0, neg = 0
#GCMRL#  627 dt  32.000000 rms  0.409  0.031% neg 0  invalid 762 tFOTS 3.7020 tGradient 0.9530 tsec 6.3010
iter 0, gcam->neg = 2
after 8 iterations, nbhd size=1, neg = 0
setting smoothness cost coefficient to 0.400

#GCAMreg# pass 0 level1 2 level2 0 tsec 0 sigma 2
l_jacobian=1.00 l_log_likelihood=0.20 l_smoothness=0.40 
tol=2.50e-01, dt=5.00e-02, exp_k=20.0, momentum=0.90, levels=6, niter=500, lbl_dist=10.00, avgs=4, sigma=2.0,type=2, relabel=0, neg=yes

blurring input image with Gaussian with sigma=2.000...
GCAMRegisterLevel(): init RMS 0.415304
#FOTS# QuadFit found better minimum quadopt=(dt=1.008,rms=0.415246) vs oldopt=(dt=0.72,rms=0.415258)
iter 0, gcam->neg = 1
after 0 iterations, nbhd size=0, neg = 0
#GCMRL#  629 dt   1.008000 rms  0.415  0.014% neg 0  invalid 762 tFOTS 3.9650 tGradient 0.8640 tsec 5.8800
#FOTS# QuadFit found better minimum quadopt=(dt=1.1,rms=0.415222) vs oldopt=(dt=0.72,rms=0.415225)
#GCMRL#  630 dt   1.100000 rms  0.415  0.000% neg 0  invalid 762 tFOTS 4.1120 tGradient 0.8850 tsec 5.3050
iter 0, gcam->neg = 1
after 1 iterations, nbhd size=0, neg = 0

#GCAMreg# pass 0 level1 2 level2 1 tsec 19.557 sigma 0.5
l_jacobian=1.00 l_log_likelihood=0.20 l_smoothness=0.40 
tol=2.50e-01, dt=5.00e-02, exp_k=20.0, momentum=0.90, levels=6, niter=500, lbl_dist=10.00, avgs=4, sigma=0.5,type=2, relabel=0, neg=yes

blurring input image with Gaussian with sigma=0.500...
GCAMRegisterLevel(): init RMS 0.415222
#FOTS# QuadFit found better minimum quadopt=(dt=5.45455,rms=0.414938) vs oldopt=(dt=2.88,rms=0.414996)
#GCMRL#  632 dt   5.454545 rms  0.415  0.068% neg 0  invalid 762 tFOTS 4.1310 tGradient 0.8910 tsec 5.3100
#FOTS# QuadFit found better minimum quadopt=(dt=4.032,rms=0.414813) vs oldopt=(dt=2.88,rms=0.414833)
iter 0, gcam->neg = 1
after 1 iterations, nbhd size=0, neg = 0
#GCMRL#  633 dt   4.032000 rms  0.415  0.000% neg 0  invalid 762 tFOTS 4.1150 tGradient 0.8850 tsec 6.3920
#GCMRL#  634 dt   4.032000 rms  0.415  0.020% neg 0  invalid 762 tFOTS 0.0000 tGradient 0.8730 tsec 1.1650
iter 0, gcam->neg = 3
after 6 iterations, nbhd size=0, neg = 0
setting smoothness cost coefficient to 1.000

#GCAMreg# pass 0 level1 1 level2 0 tsec 0 sigma 2
l_jacobian=1.00 l_log_likelihood=0.20 l_smoothness=1.00 
tol=2.50e-01, dt=5.00e-02, exp_k=20.0, momentum=0.90, levels=6, niter=500, lbl_dist=10.00, avgs=1, sigma=2.0,type=2, relabel=0, neg=yes

blurring input image with Gaussian with sigma=2.000...
GCAMRegisterLevel(): init RMS 0.423483

#GCAMreg# pass 0 level1 1 level2 1 tsec 11.649 sigma 0.5
l_jacobian=1.00 l_log_likelihood=0.20 l_smoothness=1.00 
tol=2.50e-01, dt=5.00e-02, exp_k=20.0, momentum=0.90, levels=6, niter=500, lbl_dist=10.00, avgs=1, sigma=0.5,type=2, relabel=0, neg=yes

blurring input image with Gaussian with sigma=0.500...
GCAMRegisterLevel(): init RMS 0.423483
resetting metric properties...
setting smoothness cost coefficient to 2.000

#GCAMreg# pass 0 level1 0 level2 0 tsec 0 sigma 2
l_jacobian=1.00 l_log_likelihood=0.20 l_smoothness=2.00 
tol=2.50e-01, dt=5.00e-02, exp_k=20.0, momentum=0.90, levels=6, niter=500, lbl_dist=10.00, avgs=0, sigma=2.0,type=2, relabel=0, neg=yes

blurring input image with Gaussian with sigma=2.000...
GCAMRegisterLevel(): init RMS 0.408787
#FOTS# QuadFit found better minimum quadopt=(dt=1.08749,rms=0.400044) vs oldopt=(dt=1.28,rms=0.400299)
iter 0, gcam->neg = 636
after 17 iterations, nbhd size=1, neg = 0
#GCMRL#  638 dt   1.087489 rms  0.401  1.786% neg 0  invalid 762 tFOTS 4.1130 tGradient 0.2950 tsec 11.0100
#FOTS# QuadFit found better minimum quadopt=(dt=2.34375e-05,rms=0.401488) vs oldopt=(dt=1.95313e-05,rms=0.401488)
#GCMRL#  639 dt   0.000023 rms  0.401  0.000% neg 0  invalid 762 tFOTS 6.6230 tGradient 0.2990 tsec 7.2340

#GCAMreg# pass 0 level1 0 level2 1 tsec 25.054 sigma 0.5
l_jacobian=1.00 l_log_likelihood=0.20 l_smoothness=2.00 
tol=2.50e-01, dt=5.00e-02, exp_k=20.0, momentum=0.90, levels=6, niter=500, lbl_dist=10.00, avgs=0, sigma=0.5,type=2, relabel=0, neg=yes

blurring input image with Gaussian with sigma=0.500...
GCAMRegisterLevel(): init RMS 0.401488
#FOTS# QuadFit found better minimum quadopt=(dt=0.112,rms=0.401258) vs oldopt=(dt=0.08,rms=0.401281)
#GCMRL#  641 dt   0.112000 rms  0.401  0.057% neg 0  invalid 762 tFOTS 4.6520 tGradient 0.3290 tsec 5.2840
#FOTS# QuadFit found better minimum quadopt=(dt=0.112,rms=0.401149) vs oldopt=(dt=0.08,rms=0.401158)
#GCMRL#  642 dt   0.112000 rms  0.401  0.000% neg 0  invalid 762 tFOTS 4.2660 tGradient 0.3220 tsec 4.9180
#GCMRL#  643 dt   0.112000 rms  0.401  0.026% neg 0  invalid 762 tFOTS 0.0000 tGradient 0.3260 tsec 0.6290
#GCMRL#  644 dt   0.112000 rms  0.401  0.003% neg 0  invalid 762 tFOTS 0.0000 tGradient 0.3240 tsec 0.6190
GCAMregister done in 4.62273 min
writing output transformation to transforms/talairach.m3z...
GCAMwrite
Calls to gcamLogLikelihoodEnergy 4224 tmin = 1.59855
Calls to gcamLabelEnergy         3674 tmin = 1.0151
Calls to gcamJacobianEnergy      4224 tmin = 0.781017
Calls to gcamSmoothnessEnergy    4224 tmin = 4.63488
Calls to gcamLogLikelihoodTerm 646 tmin = 0.7136
Calls to gcamLabelTerm         595 tmin = 6.04538
Calls to gcamJacobianTerm      646 tmin = 1.04115
Calls to gcamSmoothnessTerm    646 tmin = 0.446983
Calls to gcamComputeGradient    646 tmin = 17.949
Calls to gcamComputeMetricProperties    6238 tmin = 2.1469
mri_ca_register took 0 hours, 43 minutes and 45 seconds.
#VMPC# mri_ca_register VmPeak  3123768
FSRUNTIME@ mri_ca_register  0.7291 hours 16 threads
#--------------------------------------
#@# SubCort Seg Sun Mar 15 09:15:57 CET 2026

 mri_ca_label -relabel_unlikely 9 .3 -prior 0.5 -align norm.mgz transforms/talairach.m3z /opt/freesurfer/average/RB_all_2020-01-02.gca aseg.auto_noCCseg.mgz 

sysname  Linux
hostname dna058
machine  x86_64

setenv SUBJECTS_DIR /out/sourcedata/freesurfer
cd /out/sourcedata/freesurfer/sub-v2s10x28989_ses-1/mri
mri_ca_label -relabel_unlikely 9 .3 -prior 0.5 -align norm.mgz transforms/talairach.m3z /opt/freesurfer/average/RB_all_2020-01-02.gca aseg.auto_noCCseg.mgz 

relabeling unlikely voxels with window_size = 9 and prior threshold 0.30
using Gibbs prior factor = 0.500
renormalizing sequences with structure alignment, equivalent to:
	-renormalize
	-renormalize_mean 0.500
	-regularize 0.500

== Number of threads available to for OpenMP = 16 == 
reading 1 input volumes
reading classifier array from /opt/freesurfer/average/RB_all_2020-01-02.gca
reading input volume from norm.mgz
average std[0] = 7.2
reading transform from transforms/talairach.m3z
setting orig areas to linear transform determinant scaled 6.39
Atlas used for the 3D morph was /opt/freesurfer/average/RB_all_2020-01-02.gca
average std = 7.2   using min determinant for regularization = 5.2
0 singular and 0 ill-conditioned covariance matrices regularized
labeling volume...
renormalizing by structure alignment....
renormalizing input #0
gca peak = 0.15521 (20)
mri peak = 0.15744 (14)
Left_Lateral_Ventricle (4): linear fit = 0.71 x + 0.0 (505 voxels, overlap=0.485)
Left_Lateral_Ventricle (4): linear fit = 0.71 x + 0.0 (505 voxels, peak = 14), gca=14.3
gca peak = 0.20380 (13)
mri peak = 0.14304 (19)
Right_Lateral_Ventricle (43): linear fit = 1.27 x + 0.0 (148 voxels, overlap=0.326)
Right_Lateral_Ventricle (43): linear fit = 1.27 x + 0.0 (148 voxels, peak = 17), gca=16.6
gca peak = 0.26283 (96)
mri peak = 0.23924 (95)
Right_Pallidum (52): linear fit = 0.99 x + 0.0 (953 voxels, overlap=1.000)
Right_Pallidum (52): linear fit = 0.99 x + 0.0 (953 voxels, peak = 95), gca=94.6
gca peak = 0.15814 (97)
mri peak = 0.15006 (98)
Left_Pallidum (13): linear fit = 1.02 x + 0.0 (873 voxels, overlap=0.856)
Left_Pallidum (13): linear fit = 1.02 x + 0.0 (873 voxels, peak = 99), gca=99.4
gca peak = 0.27624 (56)
mri peak = 0.15623 (66)
Right_Hippocampus (53): linear fit = 1.15 x + 0.0 (1278 voxels, overlap=0.070)
Right_Hippocampus (53): linear fit = 1.15 x + 0.0 (1278 voxels, peak = 65), gca=64.7
gca peak = 0.28723 (59)
mri peak = 0.20472 (67)
Left_Hippocampus (17): linear fit = 1.17 x + 0.0 (1312 voxels, overlap=0.015)
Left_Hippocampus (17): linear fit = 1.17 x + 0.0 (1312 voxels, peak = 69), gca=69.3
gca peak = 0.07623 (103)
mri peak = 0.11343 (108)
Right_Cerebral_White_Matter (41): linear fit = 1.03 x + 0.0 (31574 voxels, overlap=0.516)
Right_Cerebral_White_Matter (41): linear fit = 1.03 x + 0.0 (31574 voxels, peak = 107), gca=106.6
gca peak = 0.07837 (105)
mri peak = 0.11866 (110)
Left_Cerebral_White_Matter (2): linear fit = 1.04 x + 0.0 (36666 voxels, overlap=0.421)
Left_Cerebral_White_Matter (2): linear fit = 1.04 x + 0.0 (36666 voxels, peak = 110), gca=109.7
gca peak = 0.10165 (58)
mri peak = 0.04942 (63)
Left_Cerebral_Cortex (3): linear fit = 1.08 x + 0.0 (50320 voxels, overlap=0.865)
Left_Cerebral_Cortex (3): linear fit = 1.08 x + 0.0 (50320 voxels, peak = 62), gca=62.4
gca peak = 0.11113 (58)
mri peak = 0.04816 (62)
Right_Cerebral_Cortex (42): linear fit = 1.10 x + 0.0 (45452 voxels, overlap=0.812)
Right_Cerebral_Cortex (42): linear fit = 1.10 x + 0.0 (45452 voxels, peak = 64), gca=63.5
gca peak = 0.27796 (67)
mri peak = 0.12458 (78)
Right_Caudate (50): linear fit = 1.14 x + 0.0 (1180 voxels, overlap=0.057)
Right_Caudate (50): linear fit = 1.14 x + 0.0 (1180 voxels, peak = 77), gca=76.7
gca peak = 0.14473 (69)
mri peak = 0.11272 (79)
Left_Caudate (11): linear fit = 1.05 x + 0.0 (1238 voxels, overlap=0.625)
Left_Caudate (11): linear fit = 1.05 x + 0.0 (1238 voxels, peak = 73), gca=72.8
gca peak = 0.14301 (56)
mri peak = 0.06897 (65)
Left_Cerebellum_Cortex (8): linear fit = 1.13 x + 0.0 (33266 voxels, overlap=0.807)
Left_Cerebellum_Cortex (8): linear fit = 1.13 x + 0.0 (33266 voxels, peak = 64), gca=63.6
gca peak = 0.14610 (55)
mri peak = 0.08645 (63)
Right_Cerebellum_Cortex (47): linear fit = 1.11 x + 0.0 (34754 voxels, overlap=0.746)
Right_Cerebellum_Cortex (47): linear fit = 1.11 x + 0.0 (34754 voxels, peak = 61), gca=60.8
gca peak = 0.16309 (85)
mri peak = 0.15416 (90)
Left_Cerebellum_White_Matter (7): linear fit = 1.07 x + 0.0 (5077 voxels, overlap=0.561)
Left_Cerebellum_White_Matter (7): linear fit = 1.07 x + 0.0 (5077 voxels, peak = 91), gca=90.5
gca peak = 0.15172 (84)
mri peak = 0.14104 (85)
Right_Cerebellum_White_Matter (46): linear fit = 1.01 x + 0.0 (5112 voxels, overlap=0.760)
Right_Cerebellum_White_Matter (46): linear fit = 1.01 x + 0.0 (5112 voxels, peak = 85), gca=85.3
gca peak = 0.30461 (58)
mri peak = 0.18289 (72)
Left_Amygdala (18): linear fit = 1.24 x + 0.0 (767 voxels, overlap=0.036)
Left_Amygdala (18): linear fit = 1.24 x + 0.0 (767 voxels, peak = 72), gca=71.6
gca peak = 0.32293 (57)
mri peak = 0.13467 (69)
Right_Amygdala (54): linear fit = 1.22 x + 0.0 (844 voxels, overlap=0.036)
Right_Amygdala (54): linear fit = 1.22 x + 0.0 (844 voxels, peak = 69), gca=69.3
gca peak = 0.11083 (90)
mri peak = 0.07098 (83)
Left_Thalamus (10): linear fit = 1.00 x + 0.0 (4779 voxels, overlap=0.973)
Left_Thalamus (10): linear fit = 1.00 x + 0.0 (4779 voxels, peak = 90), gca=89.6
gca peak = 0.11393 (83)
mri peak = 0.07068 (83)
Right_Thalamus (49): linear fit = 1.04 x + 0.0 (4848 voxels, overlap=0.979)
Right_Thalamus (49): linear fit = 1.04 x + 0.0 (4848 voxels, peak = 87), gca=86.7
gca peak = 0.08575 (81)
mri peak = 0.12893 (84)
Left_Putamen (12): linear fit = 1.07 x + 0.0 (2193 voxels, overlap=0.578)
Left_Putamen (12): linear fit = 1.07 x + 0.0 (2193 voxels, peak = 86), gca=86.3
gca peak = 0.08618 (78)
mri peak = 0.16357 (83)
Right_Putamen (51): linear fit = 1.07 x + 0.0 (2413 voxels, overlap=0.634)
Right_Putamen (51): linear fit = 1.07 x + 0.0 (2413 voxels, peak = 83), gca=83.1
gca peak = 0.08005 (78)
mri peak = 0.09867 (86)
Brain_Stem (16): linear fit = 1.07 x + 0.0 (12196 voxels, overlap=0.491)
Brain_Stem (16): linear fit = 1.07 x + 0.0 (12196 voxels, peak = 83), gca=83.1
gca peak = 0.12854 (88)
mri peak = 0.10376 (92)
Right_VentralDC (60): linear fit = 1.03 x + 0.0 (1455 voxels, overlap=0.735)
Right_VentralDC (60): linear fit = 1.03 x + 0.0 (1455 voxels, peak = 91), gca=91.1
gca peak = 0.15703 (87)
mri peak = 0.08437 (91)
Left_VentralDC (28): linear fit = 1.07 x + 0.0 (1522 voxels, overlap=0.836)
Left_VentralDC (28): linear fit = 1.07 x + 0.0 (1522 voxels, peak = 93), gca=92.7
gca peak = 0.17522 (25)
mri peak = 1.00000 (51)
gca peak = 0.17113 (14)
mri peak = 0.23901 (13)
Fourth_Ventricle (15): linear fit = 0.83 x + 0.0 (520 voxels, overlap=0.637)
Fourth_Ventricle (15): linear fit = 0.83 x + 0.0 (520 voxels, peak = 12), gca=11.7
gca peak Unknown = 0.94777 ( 0)
gca peak Left_Inf_Lat_Vent = 0.16627 (28)
gca peak Third_Ventricle = 0.17522 (25)
gca peak CSF = 0.20346 (36)
gca peak Left_Accumbens_area = 0.70646 (62)
gca peak Left_undetermined = 1.00000 (28)
gca peak Left_vessel = 0.89917 (53)
gca peak Left_choroid_plexus = 0.11689 (35)
gca peak Right_Inf_Lat_Vent = 0.25504 (23)
gca peak Right_Accumbens_area = 0.31650 (65)
gca peak Right_vessel = 0.77268 (52)
gca peak Right_choroid_plexus = 0.13275 (38)
gca peak Fifth_Ventricle = 0.60973 (33)
gca peak WM_hypointensities = 0.11013 (77)
gca peak non_WM_hypointensities = 0.11354 (41)
gca peak Optic_Chiasm = 0.51646 (76)
not using caudate to estimate GM means
estimating mean gm scale to be 1.16 x + 0.0
estimating mean wm scale to be 1.04 x + 0.0
estimating mean csf scale to be 0.94 x + 0.0
saving intensity scales to aseg.auto_noCCseg.label_intensities.txt
renormalizing by structure alignment....
renormalizing input #0
gca peak = 0.22171 (13)
mri peak = 0.15744 (14)
Left_Lateral_Ventricle (4): linear fit = 0.96 x + 0.0 (505 voxels, overlap=0.943)
Left_Lateral_Ventricle (4): linear fit = 0.96 x + 0.0 (505 voxels, peak = 13), gca=12.5
gca peak = 0.15969 (16)
mri peak = 0.14304 (19)
Right_Lateral_Ventricle (43): linear fit = 1.02 x + 0.0 (148 voxels, overlap=0.567)
Right_Lateral_Ventricle (43): linear fit = 1.02 x + 0.0 (148 voxels, peak = 16), gca=16.4
gca peak = 0.22470 (92)
mri peak = 0.23924 (95)
Right_Pallidum (52): linear fit = 1.01 x + 0.0 (953 voxels, overlap=1.002)
Right_Pallidum (52): linear fit = 1.01 x + 0.0 (953 voxels, peak = 93), gca=93.4
gca peak = 0.16529 (99)
mri peak = 0.15006 (98)
Left_Pallidum (13): linear fit = 1.00 x + 0.0 (873 voxels, overlap=0.994)
Left_Pallidum (13): linear fit = 1.00 x + 0.0 (873 voxels, peak = 99), gca=99.0
gca peak = 0.24398 (64)
mri peak = 0.15623 (66)
Right_Hippocampus (53): linear fit = 1.00 x + 0.0 (1278 voxels, overlap=1.001)
Right_Hippocampus (53): linear fit = 1.00 x + 0.0 (1278 voxels, peak = 64), gca=64.0
gca peak = 0.25656 (66)
mri peak = 0.20472 (67)
Left_Hippocampus (17): linear fit = 1.00 x + 0.0 (1312 voxels, overlap=1.001)
Left_Hippocampus (17): linear fit = 1.00 x + 0.0 (1312 voxels, peak = 66), gca=66.0
gca peak = 0.07638 (107)
mri peak = 0.11343 (108)
Right_Cerebral_White_Matter (41): linear fit = 1.00 x + 0.0 (31574 voxels, overlap=0.671)
Right_Cerebral_White_Matter (41): linear fit = 1.00 x + 0.0 (31574 voxels, peak = 107), gca=107.0
gca peak = 0.07449 (109)
mri peak = 0.11866 (110)
Left_Cerebral_White_Matter (2): linear fit = 1.00 x + 0.0 (36666 voxels, overlap=0.621)
Left_Cerebral_White_Matter (2): linear fit = 1.00 x + 0.0 (36666 voxels, peak = 109), gca=109.0
gca peak = 0.09075 (62)
mri peak = 0.04942 (63)
Left_Cerebral_Cortex (3): linear fit = 1.00 x + 0.0 (50320 voxels, overlap=0.976)
Left_Cerebral_Cortex (3): linear fit = 1.00 x + 0.0 (50320 voxels, peak = 62), gca=62.0
gca peak = 0.10303 (64)
mri peak = 0.04816 (62)
Right_Cerebral_Cortex (42): linear fit = 0.99 x + 0.0 (45452 voxels, overlap=0.964)
Right_Cerebral_Cortex (42): linear fit = 0.99 x + 0.0 (45452 voxels, peak = 63), gca=63.0
gca peak = 0.21882 (76)
mri peak = 0.12458 (78)
Right_Caudate (50): linear fit = 1.00 x + 0.0 (1180 voxels, overlap=1.000)
Right_Caudate (50): linear fit = 1.00 x + 0.0 (1180 voxels, peak = 76), gca=76.0
gca peak = 0.14927 (82)
mri peak = 0.11272 (79)
Left_Caudate (11): linear fit = 1.00 x + 0.0 (1238 voxels, overlap=0.991)
Left_Caudate (11): linear fit = 1.00 x + 0.0 (1238 voxels, peak = 82), gca=82.0
gca peak = 0.12091 (64)
mri peak = 0.06897 (65)
Left_Cerebellum_Cortex (8): linear fit = 0.99 x + 0.0 (33266 voxels, overlap=0.978)
Left_Cerebellum_Cortex (8): linear fit = 0.99 x + 0.0 (33266 voxels, peak = 63), gca=63.0
gca peak = 0.13873 (61)
mri peak = 0.08645 (63)
Right_Cerebellum_Cortex (47): linear fit = 1.00 x + 0.0 (34754 voxels, overlap=0.960)
Right_Cerebellum_Cortex (47): linear fit = 1.00 x + 0.0 (34754 voxels, peak = 61), gca=61.0
gca peak = 0.15236 (90)
mri peak = 0.15416 (90)
Left_Cerebellum_White_Matter (7): linear fit = 1.00 x + 0.0 (5077 voxels, overlap=0.910)
Left_Cerebellum_White_Matter (7): linear fit = 1.00 x + 0.0 (5077 voxels, peak = 90), gca=90.0
gca peak = 0.15994 (85)
mri peak = 0.14104 (85)
Right_Cerebellum_White_Matter (46): linear fit = 1.00 x + 0.0 (5112 voxels, overlap=0.832)
Right_Cerebellum_White_Matter (46): linear fit = 1.00 x + 0.0 (5112 voxels, peak = 85), gca=85.0
gca peak = 0.23382 (72)
mri peak = 0.18289 (72)
Left_Amygdala (18): linear fit = 1.00 x + 0.0 (767 voxels, overlap=0.988)
Left_Amygdala (18): linear fit = 1.00 x + 0.0 (767 voxels, peak = 72), gca=72.0
gca peak = 0.28393 (69)
mri peak = 0.13467 (69)
Right_Amygdala (54): linear fit = 1.01 x + 0.0 (844 voxels, overlap=0.995)
Right_Amygdala (54): linear fit = 1.01 x + 0.0 (844 voxels, peak = 70), gca=70.0
gca peak = 0.10799 (88)
mri peak = 0.07098 (83)
Left_Thalamus (10): linear fit = 1.01 x + 0.0 (4779 voxels, overlap=0.970)
Left_Thalamus (10): linear fit = 1.01 x + 0.0 (4779 voxels, peak = 89), gca=89.3
gca peak = 0.09699 (86)
mri peak = 0.07068 (83)
Right_Thalamus (49): linear fit = 0.98 x + 0.0 (4848 voxels, overlap=0.981)
Right_Thalamus (49): linear fit = 0.98 x + 0.0 (4848 voxels, peak = 84), gca=83.8
gca peak = 0.07516 (85)
mri peak = 0.12893 (84)
Left_Putamen (12): linear fit = 1.00 x + 0.0 (2193 voxels, overlap=0.744)
Left_Putamen (12): linear fit = 1.00 x + 0.0 (2193 voxels, peak = 85), gca=85.0
gca peak = 0.08515 (83)
mri peak = 0.16357 (83)
Right_Putamen (51): linear fit = 0.99 x + 0.0 (2413 voxels, overlap=0.729)
Right_Putamen (51): linear fit = 0.99 x + 0.0 (2413 voxels, peak = 82), gca=81.8
gca peak = 0.07376 (83)
mri peak = 0.09867 (86)
Brain_Stem (16): linear fit = 0.99 x + 0.0 (12196 voxels, overlap=0.739)
Brain_Stem (16): linear fit = 0.99 x + 0.0 (12196 voxels, peak = 82), gca=81.8
gca peak = 0.11893 (91)
mri peak = 0.10376 (92)
Right_VentralDC (60): linear fit = 0.99 x + 0.0 (1455 voxels, overlap=0.802)
Right_VentralDC (60): linear fit = 0.99 x + 0.0 (1455 voxels, peak = 90), gca=89.6
gca peak = 0.16085 (91)
mri peak = 0.08437 (91)
Left_VentralDC (28): linear fit = 0.98 x + 0.0 (1522 voxels, overlap=0.931)
Left_VentralDC (28): linear fit = 0.98 x + 0.0 (1522 voxels, peak = 89), gca=88.7
gca peak = 0.20010 (25)
mri peak = 1.00000 (51)
gca peak = 0.24857 (12)
mri peak = 0.23901 (13)
Fourth_Ventricle (15): linear fit = 0.96 x + 0.0 (520 voxels, overlap=0.792)
Fourth_Ventricle (15): linear fit = 0.96 x + 0.0 (520 voxels, peak = 12), gca=11.6
gca peak Unknown = 0.94777 ( 0)
gca peak Left_Inf_Lat_Vent = 0.16837 (33)
gca peak Third_Ventricle = 0.20010 (25)
gca peak CSF = 0.22699 (34)
gca peak Left_Accumbens_area = 0.53037 (65)
gca peak Left_undetermined = 1.00000 (28)
gca peak Left_vessel = 0.89837 (53)
gca peak Left_choroid_plexus = 0.11689 (35)
gca peak Right_Inf_Lat_Vent = 0.24870 (27)
gca peak Right_Accumbens_area = 0.29374 (74)
gca peak Right_vessel = 0.77268 (52)
gca peak Right_choroid_plexus = 0.13275 (38)
gca peak Fifth_Ventricle = 0.60973 (31)
gca peak WM_hypointensities = 0.09639 (80)
gca peak non_WM_hypointensities = 0.13982 (42)
gca peak Optic_Chiasm = 0.51847 (76)
not using caudate to estimate GM means
estimating mean gm scale to be 1.00 x + 0.0
estimating mean wm scale to be 1.00 x + 0.0
estimating mean csf scale to be 0.98 x + 0.0
saving intensity scales to aseg.auto_noCCseg.label_intensities.txt
saving sequentially combined intensity scales to aseg.auto_noCCseg.label_intensities.txt
42701 voxels changed in iteration 0 of unlikely voxel relabeling
175 voxels changed in iteration 1 of unlikely voxel relabeling
0 voxels changed in iteration 2 of unlikely voxel relabeling
35350 gm and wm labels changed (%26 to gray, %74 to white out of all changed labels)
564 hippocampal voxels changed.
0 amygdala voxels changed.
Reclassifying using Gibbs Priors
pass 1: 55396 changed. image ll: -2.090, PF=0.500
pass 2: 13998 changed. image ll: -2.089, PF=0.500
pass 3: 4618 changed.
27649 voxels changed in iteration 0 of unlikely voxel relabeling
159 voxels changed in iteration 1 of unlikely voxel relabeling
5 voxels changed in iteration 2 of unlikely voxel relabeling
0 voxels changed in iteration 3 of unlikely voxel relabeling
5524 voxels changed in iteration 0 of unlikely voxel relabeling
79 voxels changed in iteration 1 of unlikely voxel relabeling
12 voxels changed in iteration 2 of unlikely voxel relabeling
0 voxels changed in iteration 3 of unlikely voxel relabeling
5711 voxels changed in iteration 0 of unlikely voxel relabeling
106 voxels changed in iteration 1 of unlikely voxel relabeling
5 voxels changed in iteration 2 of unlikely voxel relabeling
0 voxels changed in iteration 3 of unlikely voxel relabeling
5347 voxels changed in iteration 0 of unlikely voxel relabeling
37 voxels changed in iteration 1 of unlikely voxel relabeling
1 voxels changed in iteration 2 of unlikely voxel relabeling
0 voxels changed in iteration 3 of unlikely voxel relabeling
 !!!!!!!!! ventricle segment 0 with volume 110 above threshold 100 - not erasing !!!!!!!!!!
 !!!!!!!!! ventricle segment 1 with volume 4290 above threshold 100 - not erasing !!!!!!!!!!
 !!!!!!!!! ventricle segment 5 with volume 101 above threshold 100 - not erasing !!!!!!!!!!
 !!!!!!!!! ventricle segment 1 with volume 2824 above threshold 100 - not erasing !!!!!!!!!!
 !!!!!!!!! ventricle segment 3 with volume 272 above threshold 100 - not erasing !!!!!!!!!!
writing labeled volume to aseg.auto_noCCseg.mgz
mri_ca_label utimesec    1911.104010
mri_ca_label stimesec    3.949060
mri_ca_label ru_maxrss   2144624
mri_ca_label ru_ixrss    0
mri_ca_label ru_idrss    0
mri_ca_label ru_isrss    0
mri_ca_label ru_minflt   6397061
mri_ca_label ru_majflt   8
mri_ca_label ru_nswap    0
mri_ca_label ru_inblock  1142
mri_ca_label ru_oublock  656
mri_ca_label ru_msgsnd   0
mri_ca_label ru_msgrcv   0
mri_ca_label ru_nsignals 0
mri_ca_label ru_nvcsw    5522
mri_ca_label ru_nivcsw   2125
auto-labeling took 30 minutes and 10 seconds.
#--------------------------------------
#@# CC Seg Sun Mar 15 09:46:06 CET 2026

 mri_cc -aseg aseg.auto_noCCseg.mgz -o aseg.auto.mgz -lta /out/sourcedata/freesurfer/sub-v2s10x28989_ses-1/mri/transforms/cc_up.lta sub-v2s10x28989_ses-1 

will read input aseg from aseg.auto_noCCseg.mgz
writing aseg with cc labels to aseg.auto.mgz
will write lta as /out/sourcedata/freesurfer/sub-v2s10x28989_ses-1/mri/transforms/cc_up.lta
reading aseg from /out/sourcedata/freesurfer/sub-v2s10x28989_ses-1/mri/aseg.auto_noCCseg.mgz
reading norm from /out/sourcedata/freesurfer/sub-v2s10x28989_ses-1/mri/norm.mgz
27950 voxels in left wm, 63824 in right wm, xrange [122, 131]
searching rotation angles z=[-8  6], y=[-9  5]
searching scale 1 Z rot -8.2  searching scale 1 Z rot -8.0  searching scale 1 Z rot -7.7  searching scale 1 Z rot -7.5  searching scale 1 Z rot -7.2  searching scale 1 Z rot -7.0  searching scale 1 Z rot -6.7  searching scale 1 Z rot -6.5  searching scale 1 Z rot -6.2  searching scale 1 Z rot -6.0  searching scale 1 Z rot -5.7  searching scale 1 Z rot -5.5  searching scale 1 Z rot -5.2  searching scale 1 Z rot -5.0  searching scale 1 Z rot -4.7  searching scale 1 Z rot -4.5  searching scale 1 Z rot -4.2  searching scale 1 Z rot -4.0  searching scale 1 Z rot -3.7  searching scale 1 Z rot -3.5  searching scale 1 Z rot -3.2  searching scale 1 Z rot -3.0  searching scale 1 Z rot -2.7  searching scale 1 Z rot -2.5  searching scale 1 Z rot -2.2  searching scale 1 Z rot -2.0  searching scale 1 Z rot -1.7  searching scale 1 Z rot -1.5  searching scale 1 Z rot -1.2  searching scale 1 Z rot -1.0  searching scale 1 Z rot -0.7  searching scale 1 Z rot -0.5  searching scale 1 Z rot -0.2  searching scale 1 Z rot 0.0  searching scale 1 Z rot 0.3  searching scale 1 Z rot 0.5  searching scale 1 Z rot 0.8  searching scale 1 Z rot 1.0  searching scale 1 Z rot 1.3  searching scale 1 Z rot 1.5  searching scale 1 Z rot 1.8  searching scale 1 Z rot 2.0  searching scale 1 Z rot 2.3  searching scale 1 Z rot 2.5  searching scale 1 Z rot 2.8  searching scale 1 Z rot 3.0  searching scale 1 Z rot 3.3  searching scale 1 Z rot 3.5  searching scale 1 Z rot 3.8  searching scale 1 Z rot 4.0  searching scale 1 Z rot 4.3  searching scale 1 Z rot 4.5  searching scale 1 Z rot 4.8  searching scale 1 Z rot 5.0  searching scale 1 Z rot 5.3  searching scale 1 Z rot 5.5  global minimum found at slice 127.6, rotations (-2.04, -1.23)
final transformation (x=127.6, yr=-2.039, zr=-1.227):
 0.99914   0.02141  -0.03558   2.80115;
-0.02140   0.99977   0.00076   52.66368;
 0.03559   0.00000   0.99937   13.53072;
 0.00000   0.00000   0.00000   1.00000;
updating x range to be [126, 129] in xformed coordinates
best xformed slice 127
min_x_fornix = 142
min_x_fornix = 143
min_x_fornix = 143
min_x_fornix = 143
min_x_fornix = 138
cc center is found at 127 78 110
eigenvectors:
-0.00026  -0.00209   1.00000;
 0.00700  -0.99997  -0.00209;
 0.99998   0.00700   0.00028;
error in mid anterior detected - correcting...
writing aseg with callosum to /out/sourcedata/freesurfer/sub-v2s10x28989_ses-1/mri/aseg.auto.mgz...
corpus callosum segmentation took 0.6 minutes
#VMPC# mri_cc VmPeak  554932
mri_cc done
#--------------------------------------
#@# Merge ASeg Sun Mar 15 09:46:42 CET 2026

 cp aseg.auto.mgz aseg.presurf.mgz 

#--------------------------------------------
#@# Intensity Normalization2 Sun Mar 15 09:46:42 CET 2026
/out/sourcedata/freesurfer/sub-v2s10x28989_ses-1/mri

 mri_normalize -seed 1234 -mprage -aseg aseg.presurf.mgz -mask brainmask.mgz norm.mgz brain.mgz 

setting seed for random number genererator to 1234
assuming input volume is MGH (Van der Kouwe) MP-RAGE
using segmentation for initial intensity normalization
using MR volume brainmask.mgz to mask input volume...
reading mri_src from norm.mgz...
Reading aseg aseg.presurf.mgz
normalizing image...
NOT doing gentle normalization with control points/label
processing with aseg
removing outliers in the aseg WM...
383 control points removed
Building bias image
building Voronoi diagram...
performing soap bubble smoothing, sigma = 0...
Smoothing with sigma 8
Applying bias correction
building Voronoi diagram...
performing soap bubble smoothing, sigma = 8...

Iterating 2 times
---------------------------------
3d normalization pass 1 of 2
white matter peak found at 110
white matter peak found at 110
gm peak at 72 (72), valley at 24 (24)
csf peak at 37, setting threshold to 60
building Voronoi diagram...
performing soap bubble smoothing, sigma = 8...
---------------------------------
3d normalization pass 2 of 2
white matter peak found at 110
white matter peak found at 110
gm peak at 70 (70), valley at 25 (25)
csf peak at 35, setting threshold to 58
building Voronoi diagram...
performing soap bubble smoothing, sigma = 8...
Done iterating ---------------------------------
writing output to brain.mgz
3D bias adjustment took 2 minutes and 19 seconds.
#--------------------------------------------
#@# Mask BFS Sun Mar 15 09:49:02 CET 2026
/out/sourcedata/freesurfer/sub-v2s10x28989_ses-1/mri

 mri_mask -T 5 brain.mgz brainmask.mgz brain.finalsurfs.mgz 

threshold mask volume at 5
DoAbs = 0
Found 1542431 voxels in mask (pct=  9.19)
Writing masked volume to brain.finalsurfs.mgz...done.
#--------------------------------------------
#@# WM Segmentation Sun Mar 15 09:49:03 CET 2026

 AntsDenoiseImageFs -i brain.mgz -o antsdn.brain.mgz 


 mri_segment -wsizemm 13 -mprage antsdn.brain.mgz wm.seg.mgz 

wsizemm = 13, voxres = 1, wsize = 13
Widening wm low from 89 to 79
assuming input volume is MGH (Van der Kouwe) MP-RAGE
wm mean:  110
wsize:    13
wm low:   79
wm hi:    125
gray low: 30
gray hi:  99
Doing initial trinary intensity segmentation 
Using local statistics to label ambiguous voxels
Autodetecting stats
Computing class statistics for intensity windows...
CCS WM (103.0): 102.5 +- 5.8 [79.0 --> 125.0]
CCS GM (75.0) : 74.2 +- 9.2 [30.0 --> 95.0]
 white_mean 102.509
 white_sigma 5.77218
 gray_mean 74.2126
 gray_sigma 9.16318
setting bottom of white matter range wm_low to 83.4
setting top of gray matter range gray_hi to 92.5
 wm_low 83.3757
 wm_hi  125
 gray_low 30
 gray_hi  92.5389
Redoing initial intensity segmentation...
Recomputing local statistics to label ambiguous voxels...
 wm_low 83.3757
 wm_hi  125
 gray_low 30
 gray_hi  92.5389
using local geometry to label remaining ambiguous voxels...
polvwsize = 5, polvlen = 3, gray_hi = 92.5389, wm_low = 83.3757
MRIcpolvMedianCurveSegment(): wsize=5, len=3, gmhi=92.5389, wmlow=83.3757
    133970 voxels processed (0.80%)
     59294 voxels white (0.35%)
     74676 voxels non-white (0.45%)

Reclassifying voxels using Gaussian border classifier niter=1
MRIreclassify(): wm_low=78.3757, gray_hi=92.5389, wsize=13
    257933 voxels tested (1.54%)
     47961 voxels changed (0.29%)
     64287 multi-scale searches  (0.38%)
Recovering bright white
MRIrecoverBrightWhite()
 wm_low 83.3757
 wm_hi 125
 slack 5.77218
 pct_thresh 0.33
 intensity_thresh 130.772
 nvox_thresh 8.58
       11 voxels tested (0.00%)
       10 voxels changed (0.00%)

removing voxels with positive offset direction...
MRIremoveWrongDirection() wsize=3, lowthr=78.3757, hithr=92.5389
  smoothing input volume with sigma = 0.250
    80450 voxels tested (0.48%)
    14172 voxels changed (0.08%)
thicken = 1
removing 1-dimensional structures...
MRIremove1dStructures(): max_iter=10000, thresh=2, WM_MIN_VAL=5
 2325 sparsely connected voxels removed in 1 iterations
thickening thin strands....
thickness 4
nsegments 20
wm_hi 125
1321 diagonally connected voxels added...
MRIthickenThinWMStrands(): thickness=4, nsegments=20
  20 segments, 4034 filled
MRIfindBrightNonWM(): 7 bright non-wm voxels segmented.
MRIfilterMorphology() WM_MIN_VAL=5, DIAGONAL_FILL=230
white matter segmentation took 1.0 minutes
writing output to wm.seg.mgz...

 mri_edit_wm_with_aseg -keep-in wm.seg.mgz brain.mgz aseg.presurf.mgz wm.asegedit.mgz 

preserving editing changes in input volume...
auto filling took 0.42 minutes
reading wm segmentation from wm.seg.mgz...
0 voxels added to wm to prevent paths from MTL structures to cortex
2588 additional wm voxels added
0 additional wm voxels added
SEG EDIT: 31653 voxels turned on, 37215 voxels turned off.
propagating editing to output volume from wm.seg.mgz
writing edited volume to wm.asegedit.mgz....

 mri_pretess wm.asegedit.mgz wm norm.mgz wm.mgz 


Iteration Number : 1
pass   1 (xy+):   8 found -   8 modified     |    TOTAL:   8
pass   2 (xy+):   0 found -   8 modified     |    TOTAL:   8
pass   1 (xy-):  12 found -  12 modified     |    TOTAL:  20
pass   2 (xy-):   0 found -  12 modified     |    TOTAL:  20
pass   1 (yz+):  16 found -  16 modified     |    TOTAL:  36
pass   2 (yz+):   0 found -  16 modified     |    TOTAL:  36
pass   1 (yz-):  13 found -  13 modified     |    TOTAL:  49
pass   2 (yz-):   0 found -  13 modified     |    TOTAL:  49
pass   1 (xz+):  10 found -  10 modified     |    TOTAL:  59
pass   2 (xz+):   0 found -  10 modified     |    TOTAL:  59
pass   1 (xz-):  15 found -  15 modified     |    TOTAL:  74
pass   2 (xz-):   0 found -  15 modified     |    TOTAL:  74
Iteration Number : 1
pass   1 (+++):   8 found -   8 modified     |    TOTAL:   8
pass   2 (+++):   0 found -   8 modified     |    TOTAL:   8
pass   1 (+++):   2 found -   2 modified     |    TOTAL:  10
pass   2 (+++):   0 found -   2 modified     |    TOTAL:  10
pass   1 (+++):  14 found -  14 modified     |    TOTAL:  24
pass   2 (+++):   0 found -  14 modified     |    TOTAL:  24
pass   1 (+++):  10 found -  10 modified     |    TOTAL:  34
pass   2 (+++):   0 found -  10 modified     |    TOTAL:  34
Iteration Number : 1
pass   1 (++):  89 found -  89 modified     |    TOTAL:  89
pass   2 (++):   0 found -  89 modified     |    TOTAL:  89
pass   1 (+-):  76 found -  76 modified     |    TOTAL: 165
pass   2 (+-):   0 found -  76 modified     |    TOTAL: 165
pass   1 (--):  62 found -  62 modified     |    TOTAL: 227
pass   2 (--):   0 found -  62 modified     |    TOTAL: 227
pass   1 (-+): 112 found - 112 modified     |    TOTAL: 339
pass   2 (-+):   0 found - 112 modified     |    TOTAL: 339
Iteration Number : 2
pass   1 (xy+):   0 found -   0 modified     |    TOTAL:   0
pass   1 (xy-):   2 found -   2 modified     |    TOTAL:   2
pass   2 (xy-):   0 found -   2 modified     |    TOTAL:   2
pass   1 (yz+):   5 found -   5 modified     |    TOTAL:   7
pass   2 (yz+):   0 found -   5 modified     |    TOTAL:   7
pass   1 (yz-):   2 found -   2 modified     |    TOTAL:   9
pass   2 (yz-):   0 found -   2 modified     |    TOTAL:   9
pass   1 (xz+):   2 found -   2 modified     |    TOTAL:  11
pass   2 (xz+):   0 found -   2 modified     |    TOTAL:  11
pass   1 (xz-):   0 found -   0 modified     |    TOTAL:  11
Iteration Number : 2
pass   1 (+++):   0 found -   0 modified     |    TOTAL:   0
pass   1 (+++):   0 found -   0 modified     |    TOTAL:   0
pass   1 (+++):   0 found -   0 modified     |    TOTAL:   0
pass   1 (+++):   0 found -   0 modified     |    TOTAL:   0
Iteration Number : 2
pass   1 (++):   1 found -   1 modified     |    TOTAL:   1
pass   2 (++):   0 found -   1 modified     |    TOTAL:   1
pass   1 (+-):   3 found -   3 modified     |    TOTAL:   4
pass   2 (+-):   0 found -   3 modified     |    TOTAL:   4
pass   1 (--):   1 found -   1 modified     |    TOTAL:   5
pass   2 (--):   0 found -   1 modified     |    TOTAL:   5
pass   1 (-+):   1 found -   1 modified     |    TOTAL:   6
pass   2 (-+):   0 found -   1 modified     |    TOTAL:   6
Iteration Number : 3
pass   1 (xy+):   0 found -   0 modified     |    TOTAL:   0
pass   1 (xy-):   0 found -   0 modified     |    TOTAL:   0
pass   1 (yz+):   0 found -   0 modified     |    TOTAL:   0
pass   1 (yz-):   0 found -   0 modified     |    TOTAL:   0
pass   1 (xz+):   0 found -   0 modified     |    TOTAL:   0
pass   1 (xz-):   0 found -   0 modified     |    TOTAL:   0
Iteration Number : 3
pass   1 (+++):   0 found -   0 modified     |    TOTAL:   0
pass   1 (+++):   0 found -   0 modified     |    TOTAL:   0
pass   1 (+++):   0 found -   0 modified     |    TOTAL:   0
pass   1 (+++):   0 found -   0 modified     |    TOTAL:   0
Iteration Number : 3
pass   1 (++):   0 found -   0 modified     |    TOTAL:   0
pass   1 (+-):   0 found -   0 modified     |    TOTAL:   0
pass   1 (--):   0 found -   0 modified     |    TOTAL:   0
pass   1 (-+):   0 found -   0 modified     |    TOTAL:   0

Total Number of Modified Voxels = 464 (out of 548778: 0.084551)
binarizing input wm segmentation...
Ambiguous edge configurations... 

mri_pretess done

#--------------------------------------------
#@# Fill Sun Mar 15 09:51:01 CET 2026
/out/sourcedata/freesurfer/sub-v2s10x28989_ses-1/mri

 mri_fill -a ../scripts/ponscc.cut.log -xform transforms/talairach.lta -segmentation aseg.presurf.mgz -ctab /opt/freesurfer/SubCorticalMassLUT.txt wm.mgz filled.mgz 

logging cutting plane coordinates to ../scripts/ponscc.cut.log...
INFO: Using transforms/talairach.lta and its offset for Talairach volume ...
using segmentation aseg.presurf.mgz...
reading input volume...done.
searching for cutting planes...voxel to talairach voxel transform
 1.07258   0.04049  -0.07402  -5.66536;
-0.03902   1.14535   0.04301   14.78741;
 0.08046  -0.02903   1.01034  -11.70651;
 0.00000   0.00000   0.00000   1.00000;
voxel to talairach voxel transform
 1.07258   0.04049  -0.07402  -5.66536;
-0.03902   1.14535   0.04301   14.78741;
 0.08046  -0.02903   1.01034  -11.70651;
 0.00000   0.00000   0.00000   1.00000;
reading segmented volume aseg.presurf.mgz
removing CC from segmentation
Looking for area (min, max) = (350, 1400)
area[0] = 2912 (min = 350, max = 1400), aspect = 1.26 (min = 0.10, max = 0.75)
need search nearby
using seed (124, 121, 150), TAL = (4.0, 22.0, 7.0)
talairach voxel to voxel transform
 0.92602  -0.03098   0.06916   6.51399;
 0.03428   0.87101  -0.03456  -13.09039;
-0.07276   0.02749   0.98327   10.69191;
 0.00000   0.00000   0.00000   1.00000;
segmentation indicates cc at (124,  121,  150) --> (4.0, 22.0, 7.0)
done.
filling took 1.0 minutes
talairach cc position changed to (4.00, 22.00, 7.00)
Erasing brainstem...done.
seed_search_size = 9, min_neighbors = 5
search rh wm seed point around talairach space:(22.00, 22.00, 7.00) SRC: (111.30, 90.75, 153.80)
search lh wm seed point around talairach space (-14.00, 22.00, 7.00), SRC: (144.63, 91.98, 151.18)
compute mri_fill using aseg
Erasing Brain Stem and Cerebellum ...
Define left and right masks using aseg:
Building Voronoi diagram ...
Using the Voronoi diagram for separating WM into two hemispheres ...
Find the largest connected component for each hemisphere ...
Embedding colortable
mri_fill done, writing output to filled.mgz...
 cp filled.mgz filled.auto.mgz

Started at Sun Mar 15 08:30:50 CET 2026 
Ended   at Sun Mar 15 09:52:03 CET 2026
#@#%# recon-all-run-time-hours 1.354
recon-all -s sub-v2s10x28989_ses-1 finished without error at Sun Mar 15 09:52:03 CET 2026



#New# invocation of recon-all 




Sun Mar 15 10:38:48 CET 2026
cd /out/sourcedata/freesurfer/sub-v2s10x28989_ses-1
setenv SUBJECTS_DIR /out/sourcedata/freesurfer
/opt/freesurfer/bin/recon-all -parallel -subjid sub-v2s10x28989_ses-1 -sd /out/sourcedata/freesurfer -cortribbon

subjid sub-v2s10x28989_ses-1
setenv SUBJECTS_DIR /out/sourcedata/freesurfer
FREESURFER_HOME /opt/freesurfer
Actual FREESURFER_HOME /opt/freesurfer
build-stamp.txt: freesurfer-linux-ubuntu22_x86_64-7.3.2-20220804-6354275
Linux dna058 5.14.0-427.37.1.el9_4.x86_64 #1 SMP PREEMPT_DYNAMIC Fri Sep 13 12:41:50 EDT 2024 x86_64 x86_64 x86_64 GNU/Linux
cputime      unlimited
filesize     unlimited
datasize     unlimited
stacksize    8192 kbytes
coredumpsize 0 kbytes
memoryuse    67108864 kbytes
vmemoryuse   unlimited
descriptors  1024 
memorylocked unlimited
maxproc      2061970 
maxlocks     unlimited
maxsignal    2061970 
maxmessage   819200 
maxnice      0 
maxrtprio    0 
maxrttime    unlimited

               total        used        free      shared  buff/cache   available
Mem:           503Gi        56Gi        85Gi        18Gi       361Gi       424Gi
Swap:             0B          0B          0B

########################################
program versions used
7.3.2 (freesurfer-linux-ubuntu22_x86_64-7.3.2-20220804-6354275)
7.3.2

ProgramName: lta_convert  ProgramArguments: lta_convert -all-info  ProgramVersion: 7.3.2  TimeStamp: 2026/03/15-09:38:48-GMT  BuildTime: Aug  4 2022 06:17:15  BuildStamp: freesurfer-linux-ubuntu22_x86_64-7.3.2-20220804-6354275  User: oesteban  Machine: dna058  Platform: Linux  PlatformVersion: 5.14.0-427.37.1.el9_4.x86_64  CompilerName: GCC  CompilerVersion: 8.4.0
ProgramName: mri_and  ProgramArguments: mri_and -all-info  ProgramVersion: 7.3.2  TimeStamp: 2026/03/15-09:38:48-GMT  BuildTime: Aug  4 2022 06:17:15  BuildStamp: freesurfer-linux-ubuntu22_x86_64-7.3.2-20220804-6354275  User: oesteban  Machine: dna058  Platform: Linux  PlatformVersion: 5.14.0-427.37.1.el9_4.x86_64  CompilerName: GCC  CompilerVersion: 8.4.0
ProgramName: mri_annotation2label  ProgramArguments: mri_annotation2label -all-info  ProgramVersion: 7.3.2  TimeStamp: 2026/03/15-09:38:48-GMT  BuildTime: Aug  4 2022 06:17:15  BuildStamp: freesurfer-linux-ubuntu22_x86_64-7.3.2-20220804-6354275  User: oesteban  Machine: dna058  Platform: Linux  PlatformVersion: 5.14.0-427.37.1.el9_4.x86_64  CompilerName: GCC  CompilerVersion: 8.4.0
ProgramName: mri_aparc2aseg  ProgramArguments: mri_aparc2aseg -all-info  ProgramVersion: 7.3.2  TimeStamp: 2026/03/15-09:38:48-GMT  BuildTime: Aug  4 2022 06:17:15  BuildStamp: freesurfer-linux-ubuntu22_x86_64-7.3.2-20220804-6354275  User: oesteban  Machine: dna058  Platform: Linux  PlatformVersion: 5.14.0-427.37.1.el9_4.x86_64  CompilerName: GCC  CompilerVersion: 8.4.0
ProgramName: mri_surf2volseg  ProgramArguments: mri_surf2volseg -all-info  ProgramVersion: 7.3.2  TimeStamp: 2026/03/15-09:38:48-GMT  BuildTime: Aug  4 2022 06:17:15  BuildStamp: freesurfer-linux-ubuntu22_x86_64-7.3.2-20220804-6354275  User: oesteban  Machine: dna058  Platform: Linux  PlatformVersion: 5.14.0-427.37.1.el9_4.x86_64  CompilerName: GCC  CompilerVersion: 8.4.0
ProgramName: mri_binarize  ProgramArguments: mri_binarize -all-info  ProgramVersion: 7.3.2  TimeStamp: 2026/03/15-09:38:48-GMT  BuildTime: Aug  4 2022 06:17:15  BuildStamp: freesurfer-linux-ubuntu22_x86_64-7.3.2-20220804-6354275  User: oesteban  Machine: dna058  Platform: Linux  PlatformVersion: 5.14.0-427.37.1.el9_4.x86_64  CompilerName: GCC  CompilerVersion: 8.4.0
ProgramName: mri_ca_label  ProgramArguments: mri_ca_label -all-info  ProgramVersion: 7.3.2  TimeStamp: 2026/03/15-09:38:48-GMT  BuildTime: Aug  4 2022 06:17:15  BuildStamp: freesurfer-linux-ubuntu22_x86_64-7.3.2-20220804-6354275  User: oesteban  Machine: dna058  Platform: Linux  PlatformVersion: 5.14.0-427.37.1.el9_4.x86_64  CompilerName: GCC  CompilerVersion: 8.4.0
ProgramName: mri_ca_normalize  ProgramArguments: mri_ca_normalize -all-info  ProgramVersion: 7.3.2  TimeStamp: 2026/03/15-09:38:48-GMT  BuildTime: Aug  4 2022 06:17:15  BuildStamp: freesurfer-linux-ubuntu22_x86_64-7.3.2-20220804-6354275  User: oesteban  Machine: dna058  Platform: Linux  PlatformVersion: 5.14.0-427.37.1.el9_4.x86_64  CompilerName: GCC  CompilerVersion: 8.4.0
ProgramName: mri_ca_register  ProgramArguments: mri_ca_register -all-info  ProgramVersion: 7.3.2  TimeStamp: 2026/03/15-09:38:48-GMT  BuildTime: Aug  4 2022 06:17:15  BuildStamp: freesurfer-linux-ubuntu22_x86_64-7.3.2-20220804-6354275  User: oesteban  Machine: dna058  Platform: Linux  PlatformVersion: 5.14.0-427.37.1.el9_4.x86_64  CompilerName: GCC  CompilerVersion: 8.4.0
ProgramName: mri_cc  ProgramArguments: mri_cc -all-info  ProgramVersion: 7.3.2  TimeStamp: 2026/03/15-09:38:48-GMT  BuildTime: Aug  4 2022 06:17:15  BuildStamp: freesurfer-linux-ubuntu22_x86_64-7.3.2-20220804-6354275  User: oesteban  Machine: dna058  Platform: Linux  PlatformVersion: 5.14.0-427.37.1.el9_4.x86_64  CompilerName: GCC  CompilerVersion: 8.4.0
ProgramName: mri_compute_overlap  ProgramArguments: mri_compute_overlap -all-info  ProgramVersion: 7.3.2  TimeStamp: 2026/03/15-09:38:48-GMT  BuildTime: Aug  4 2022 06:17:15  BuildStamp: freesurfer-linux-ubuntu22_x86_64-7.3.2-20220804-6354275  User: oesteban  Machine: dna058  Platform: Linux  PlatformVersion: 5.14.0-427.37.1.el9_4.x86_64  CompilerName: GCC  CompilerVersion: 8.4.0
ProgramName: mri_compute_seg_overlap  ProgramArguments: mri_compute_seg_overlap -all-info  ProgramVersion: 7.3.2  TimeStamp: 2026/03/15-09:38:48-GMT  BuildTime: Aug  4 2022 06:17:15  BuildStamp: freesurfer-linux-ubuntu22_x86_64-7.3.2-20220804-6354275  User: oesteban  Machine: dna058  Platform: Linux  PlatformVersion: 5.14.0-427.37.1.el9_4.x86_64  CompilerName: GCC  CompilerVersion: 8.4.0
ProgramName: mri_concat  ProgramArguments: mri_concat -all-info  ProgramVersion: 7.3.2  TimeStamp: 2026/03/15-09:38:48-GMT  BuildTime: Aug  4 2022 06:17:15  BuildStamp: freesurfer-linux-ubuntu22_x86_64-7.3.2-20220804-6354275  User: oesteban  Machine: dna058  Platform: Linux  PlatformVersion: 5.14.0-427.37.1.el9_4.x86_64  CompilerName: GCC  CompilerVersion: 8.4.0
ProgramName: mri_concatenate_lta  ProgramArguments: mri_concatenate_lta -all-info  ProgramVersion: 7.3.2  TimeStamp: 2026/03/15-09:38:48-GMT  BuildTime: Aug  4 2022 06:17:15  BuildStamp: freesurfer-linux-ubuntu22_x86_64-7.3.2-20220804-6354275  User: oesteban  Machine: dna058  Platform: Linux  PlatformVersion: 5.14.0-427.37.1.el9_4.x86_64  CompilerName: GCC  CompilerVersion: 8.4.0
mri_convert -all-info 
ProgramName: mri_convert  ProgramArguments: mri_convert -all-info  ProgramVersion: 7.3.2  TimeStamp: 2026/03/15-09:38:48-GMT  BuildTime: Aug  4 2022 06:17:15  BuildStamp: freesurfer-linux-ubuntu22_x86_64-7.3.2-20220804-6354275  User: oesteban  Machine: dna058  Platform: Linux  PlatformVersion: 5.14.0-427.37.1.el9_4.x86_64  CompilerName: GCC  CompilerVersion: 8.4.0
ProgramName: mri_diff  ProgramArguments: mri_diff -all-info  ProgramVersion: 7.3.2  TimeStamp: 2026/03/15-09:38:48-GMT  BuildTime: Aug  4 2022 06:17:15  BuildStamp: freesurfer-linux-ubuntu22_x86_64-7.3.2-20220804-6354275  User: oesteban  Machine: dna058  Platform: Linux  PlatformVersion: 5.14.0-427.37.1.el9_4.x86_64  CompilerName: GCC  CompilerVersion: 8.4.0
ProgramName: mri_edit_wm_with_aseg  ProgramArguments: mri_edit_wm_with_aseg -all-info  ProgramVersion: 7.3.2  TimeStamp: 2026/03/15-09:38:48-GMT  BuildTime: Aug  4 2022 06:17:15  BuildStamp: freesurfer-linux-ubuntu22_x86_64-7.3.2-20220804-6354275  User: oesteban  Machine: dna058  Platform: Linux  PlatformVersion: 5.14.0-427.37.1.el9_4.x86_64  CompilerName: GCC  CompilerVersion: 8.4.0
ProgramName: mri_em_register  ProgramArguments: mri_em_register -all-info  ProgramVersion: 7.3.2  TimeStamp: 2026/03/15-09:38:48-GMT  BuildTime: Aug  4 2022 06:17:15  BuildStamp: freesurfer-linux-ubuntu22_x86_64-7.3.2-20220804-6354275  User: oesteban  Machine: dna058  Platform: Linux  PlatformVersion: 5.14.0-427.37.1.el9_4.x86_64  CompilerName: GCC  CompilerVersion: 8.4.0
ProgramName: mri_fill  ProgramArguments: mri_fill -all-info  ProgramVersion: 7.3.2  TimeStamp: 2026/03/15-09:38:48-GMT  BuildTime: Aug  4 2022 06:17:15  BuildStamp: freesurfer-linux-ubuntu22_x86_64-7.3.2-20220804-6354275  User: oesteban  Machine: dna058  Platform: Linux  PlatformVersion: 5.14.0-427.37.1.el9_4.x86_64  CompilerName: GCC  CompilerVersion: 8.4.0
ProgramName: mri_fuse_segmentations  ProgramArguments: mri_fuse_segmentations -all-info  ProgramVersion: 7.3.2  TimeStamp: 2026/03/15-09:38:48-GMT  BuildTime: Aug  4 2022 06:17:15  BuildStamp: freesurfer-linux-ubuntu22_x86_64-7.3.2-20220804-6354275  User: oesteban  Machine: dna058  Platform: Linux  PlatformVersion: 5.14.0-427.37.1.el9_4.x86_64  CompilerName: GCC  CompilerVersion: 8.4.0
ProgramName: mri_fwhm  ProgramArguments: mri_fwhm -all-info  ProgramVersion: 7.3.2  TimeStamp: 2026/03/15-09:38:48-GMT  BuildTime: Aug  4 2022 06:17:15  BuildStamp: freesurfer-linux-ubuntu22_x86_64-7.3.2-20220804-6354275  User: oesteban  Machine: dna058  Platform: Linux  PlatformVersion: 5.14.0-427.37.1.el9_4.x86_64  CompilerName: GCC  CompilerVersion: 8.4.0
ProgramName: mri_gcut  ProgramArguments: mri_gcut -all-info  ProgramVersion: 7.3.2  TimeStamp: 2026/03/15-09:38:48-GMT  BuildTime: Aug  4 2022 06:17:15  BuildStamp: freesurfer-linux-ubuntu22_x86_64-7.3.2-20220804-6354275  User: oesteban  Machine: dna058  Platform: Linux  PlatformVersion: 5.14.0-427.37.1.el9_4.x86_64  CompilerName: GCC  CompilerVersion: 8.4.0
ProgramName: mri_info  ProgramArguments: mri_info -all-info  ProgramVersion: 7.3.2  TimeStamp: 2026/03/15-09:38:48-GMT  BuildTime: Aug  4 2022 06:17:15  BuildStamp: freesurfer-linux-ubuntu22_x86_64-7.3.2-20220804-6354275  User: oesteban  Machine: dna058  Platform: Linux  PlatformVersion: 5.14.0-427.37.1.el9_4.x86_64  CompilerName: GCC  CompilerVersion: 8.4.0
ProgramName: mri_label2label  ProgramArguments: mri_label2label -all-info  ProgramVersion: 7.3.2  TimeStamp: 2026/03/15-09:38:48-GMT  BuildTime: Aug  4 2022 06:17:15  BuildStamp: freesurfer-linux-ubuntu22_x86_64-7.3.2-20220804-6354275  User: oesteban  Machine: dna058  Platform: Linux  PlatformVersion: 5.14.0-427.37.1.el9_4.x86_64  CompilerName: GCC  CompilerVersion: 8.4.0
ProgramName: mri_label2vol  ProgramArguments: mri_label2vol -all-info  ProgramVersion: 7.3.2  TimeStamp: 2026/03/15-09:38:48-GMT  BuildTime: Aug  4 2022 06:17:15  BuildStamp: freesurfer-linux-ubuntu22_x86_64-7.3.2-20220804-6354275  User: oesteban  Machine: dna058  Platform: Linux  PlatformVersion: 5.14.0-427.37.1.el9_4.x86_64  CompilerName: GCC  CompilerVersion: 8.4.0
ProgramName: mri_log_likelihood  ProgramArguments: mri_log_likelihood -all-info  ProgramVersion: 7.3.2  TimeStamp: 2026/03/15-09:38:48-GMT  BuildTime: Aug  4 2022 06:17:15  BuildStamp: freesurfer-linux-ubuntu22_x86_64-7.3.2-20220804-6354275  User: oesteban  Machine: dna058  Platform: Linux  PlatformVersion: 5.14.0-427.37.1.el9_4.x86_64  CompilerName: GCC  CompilerVersion: 8.4.0
ProgramName: mri_mask  ProgramArguments: mri_mask -all-info  ProgramVersion: 7.3.2  TimeStamp: 2026/03/15-09:38:48-GMT  BuildTime: Aug  4 2022 06:17:15  BuildStamp: freesurfer-linux-ubuntu22_x86_64-7.3.2-20220804-6354275  User: oesteban  Machine: dna058  Platform: Linux  PlatformVersion: 5.14.0-427.37.1.el9_4.x86_64  CompilerName: GCC  CompilerVersion: 8.4.0
ProgramName: mri_matrix_multiply  ProgramArguments: mri_matrix_multiply -all-info  ProgramVersion: 7.3.2  TimeStamp: 2026/03/15-09:38:48-GMT  BuildTime: Aug  4 2022 06:17:15  BuildStamp: freesurfer-linux-ubuntu22_x86_64-7.3.2-20220804-6354275  User: oesteban  Machine: dna058  Platform: Linux  PlatformVersion: 5.14.0-427.37.1.el9_4.x86_64  CompilerName: GCC  CompilerVersion: 8.4.0
ProgramName: mri_normalize  ProgramArguments: mri_normalize -all-info  ProgramVersion: 7.3.2  TimeStamp: 2026/03/15-09:38:48-GMT  BuildTime: Aug  4 2022 06:17:15  BuildStamp: freesurfer-linux-ubuntu22_x86_64-7.3.2-20220804-6354275  User: oesteban  Machine: dna058  Platform: Linux  PlatformVersion: 5.14.0-427.37.1.el9_4.x86_64  CompilerName: GCC  CompilerVersion: 8.4.0
ProgramName: mri_normalize_tp2  ProgramArguments: mri_normalize_tp2 -all-info  ProgramVersion: 7.3.2  TimeStamp: 2026/03/15-09:38:48-GMT  BuildTime: Aug  4 2022 06:17:15  BuildStamp: freesurfer-linux-ubuntu22_x86_64-7.3.2-20220804-6354275  User: oesteban  Machine: dna058  Platform: Linux  PlatformVersion: 5.14.0-427.37.1.el9_4.x86_64  CompilerName: GCC  CompilerVersion: 8.4.0
ProgramName: mri_or  ProgramArguments: mri_or -all-info  ProgramVersion: 7.3.2  TimeStamp: 2026/03/15-09:38:48-GMT  BuildTime: Aug  4 2022 06:17:15  BuildStamp: freesurfer-linux-ubuntu22_x86_64-7.3.2-20220804-6354275  User: oesteban  Machine: dna058  Platform: Linux  PlatformVersion: 5.14.0-427.37.1.el9_4.x86_64  CompilerName: GCC  CompilerVersion: 8.4.0
ProgramName: mri_relabel_hypointensities  ProgramArguments: mri_relabel_hypointensities -all-info  ProgramVersion: 7.3.2  TimeStamp: 2026/03/15-09:38:48-GMT  BuildTime: Aug  4 2022 06:17:15  BuildStamp: freesurfer-linux-ubuntu22_x86_64-7.3.2-20220804-6354275  User: oesteban  Machine: dna058  Platform: Linux  PlatformVersion: 5.14.0-427.37.1.el9_4.x86_64  CompilerName: GCC  CompilerVersion: 8.4.0
ProgramName: mri_relabel_nonwm_hypos  ProgramArguments: mri_relabel_nonwm_hypos -all-info  ProgramVersion: 7.3.2  TimeStamp: 2026/03/15-09:38:48-GMT  BuildTime: Aug  4 2022 06:17:15  BuildStamp: freesurfer-linux-ubuntu22_x86_64-7.3.2-20220804-6354275  User: oesteban  Machine: dna058  Platform: Linux  PlatformVersion: 5.14.0-427.37.1.el9_4.x86_64  CompilerName: GCC  CompilerVersion: 8.4.0
ProgramName: mri_remove_neck  ProgramArguments: mri_remove_neck -all-info  ProgramVersion: 7.3.2  TimeStamp: 2026/03/15-09:38:48-GMT  BuildTime: Aug  4 2022 06:17:15  BuildStamp: freesurfer-linux-ubuntu22_x86_64-7.3.2-20220804-6354275  User: oesteban  Machine: dna058  Platform: Linux  PlatformVersion: 5.14.0-427.37.1.el9_4.x86_64  CompilerName: GCC  CompilerVersion: 8.4.0
7.3.2

ProgramName: mri_robust_register  ProgramArguments: mri_robust_register -all-info  ProgramVersion: 7.3.2  TimeStamp: 2026/03/15-09:38:48-GMT  BuildTime: Aug  4 2022 06:17:15  BuildStamp: freesurfer-linux-ubuntu22_x86_64-7.3.2-20220804-6354275  User: oesteban  Machine: dna058  Platform: Linux  PlatformVersion: 5.14.0-427.37.1.el9_4.x86_64  CompilerName: GCC  CompilerVersion: 8.4.0
7.3.2

ProgramName: mri_robust_template  ProgramArguments: mri_robust_template -all-info  ProgramVersion: 7.3.2  TimeStamp: 2026/03/15-09:38:48-GMT  BuildTime: Aug  4 2022 06:17:15  BuildStamp: freesurfer-linux-ubuntu22_x86_64-7.3.2-20220804-6354275  User: oesteban  Machine: dna058  Platform: Linux  PlatformVersion: 5.14.0-427.37.1.el9_4.x86_64  CompilerName: GCC  CompilerVersion: 8.4.0
ProgramName: mris_anatomical_stats  ProgramArguments: mris_anatomical_stats -all-info  ProgramVersion: 7.3.2  TimeStamp: 2026/03/15-09:38:48-GMT  BuildTime: Aug  4 2022 06:17:15  BuildStamp: freesurfer-linux-ubuntu22_x86_64-7.3.2-20220804-6354275  User: oesteban  Machine: dna058  Platform: Linux  PlatformVersion: 5.14.0-427.37.1.el9_4.x86_64  CompilerName: GCC  CompilerVersion: 8.4.0
ProgramName: mris_ca_label  ProgramArguments: mris_ca_label -all-info  ProgramVersion: 7.3.2  TimeStamp: 2026/03/15-09:38:48-GMT  BuildTime: Aug  4 2022 06:17:15  BuildStamp: freesurfer-linux-ubuntu22_x86_64-7.3.2-20220804-6354275  User: oesteban  Machine: dna058  Platform: Linux  PlatformVersion: 5.14.0-427.37.1.el9_4.x86_64  CompilerName: GCC  CompilerVersion: 8.4.0
ProgramName: mris_calc  ProgramArguments: mris_calc -all-info  ProgramVersion: 7.3.2  TimeStamp: 2026/03/15-09:38:48-GMT  BuildTime: Aug  4 2022 06:17:15  BuildStamp: freesurfer-linux-ubuntu22_x86_64-7.3.2-20220804-6354275  User: oesteban  Machine: dna058  Platform: Linux  PlatformVersion: 5.14.0-427.37.1.el9_4.x86_64  CompilerName: GCC  CompilerVersion: 8.4.0
ProgramName: mris_convert  ProgramArguments: mris_convert -all-info  ProgramVersion: 7.3.2  TimeStamp: 2026/03/15-09:38:48-GMT  BuildTime: Aug  4 2022 06:17:15  BuildStamp: freesurfer-linux-ubuntu22_x86_64-7.3.2-20220804-6354275  User: oesteban  Machine: dna058  Platform: Linux  PlatformVersion: 5.14.0-427.37.1.el9_4.x86_64  CompilerName: GCC  CompilerVersion: 8.4.0
ProgramName: mris_curvature  ProgramArguments: mris_curvature -all-info  ProgramVersion: 7.3.2  TimeStamp: 2026/03/15-09:38:48-GMT  BuildTime: Aug  4 2022 06:17:15  BuildStamp: freesurfer-linux-ubuntu22_x86_64-7.3.2-20220804-6354275  User: oesteban  Machine: dna058  Platform: Linux  PlatformVersion: 5.14.0-427.37.1.el9_4.x86_64  CompilerName: GCC  CompilerVersion: 8.4.0
ProgramName: mris_curvature_stats  ProgramArguments: mris_curvature_stats -all-info  ProgramVersion: 7.3.2  TimeStamp: 2026/03/15-09:38:48-GMT  BuildTime: Aug  4 2022 06:17:15  BuildStamp: freesurfer-linux-ubuntu22_x86_64-7.3.2-20220804-6354275  User: oesteban  Machine: dna058  Platform: Linux  PlatformVersion: 5.14.0-427.37.1.el9_4.x86_64  CompilerName: GCC  CompilerVersion: 8.4.0
ProgramName: mris_diff  ProgramArguments: mris_diff -all-info  ProgramVersion: 7.3.2  TimeStamp: 2026/03/15-09:38:48-GMT  BuildTime: Aug  4 2022 06:17:15  BuildStamp: freesurfer-linux-ubuntu22_x86_64-7.3.2-20220804-6354275  User: oesteban  Machine: dna058  Platform: Linux  PlatformVersion: 5.14.0-427.37.1.el9_4.x86_64  CompilerName: GCC  CompilerVersion: 8.4.0
ProgramName: mris_divide_parcellation  ProgramArguments: mris_divide_parcellation -all-info  ProgramVersion: 7.3.2  TimeStamp: 2026/03/15-09:38:48-GMT  BuildTime: Aug  4 2022 06:17:15  BuildStamp: freesurfer-linux-ubuntu22_x86_64-7.3.2-20220804-6354275  User: oesteban  Machine: dna058  Platform: Linux  PlatformVersion: 5.14.0-427.37.1.el9_4.x86_64  CompilerName: GCC  CompilerVersion: 8.4.0
ProgramName: mri_segment  ProgramArguments: mri_segment -all-info  ProgramVersion: 7.3.2  TimeStamp: 2026/03/15-09:38:48-GMT  BuildTime: Aug  4 2022 06:17:15  BuildStamp: freesurfer-linux-ubuntu22_x86_64-7.3.2-20220804-6354275  User: oesteban  Machine: dna058  Platform: Linux  PlatformVersion: 5.14.0-427.37.1.el9_4.x86_64  CompilerName: GCC  CompilerVersion: 8.4.0
ProgramName: mri_segstats  ProgramArguments: mri_segstats -all-info  ProgramVersion: 7.3.2  TimeStamp: 2026/03/15-09:38:48-GMT  BuildTime: Aug  4 2022 06:17:15  BuildStamp: freesurfer-linux-ubuntu22_x86_64-7.3.2-20220804-6354275  User: oesteban  Machine: dna058  Platform: Linux  PlatformVersion: 5.14.0-427.37.1.el9_4.x86_64  CompilerName: GCC  CompilerVersion: 8.4.0
ProgramName: mris_euler_number  ProgramArguments: mris_euler_number -all-info  ProgramVersion: 7.3.2  TimeStamp: 2026/03/15-09:38:48-GMT  BuildTime: Aug  4 2022 06:17:15  BuildStamp: freesurfer-linux-ubuntu22_x86_64-7.3.2-20220804-6354275  User: oesteban  Machine: dna058  Platform: Linux  PlatformVersion: 5.14.0-427.37.1.el9_4.x86_64  CompilerName: GCC  CompilerVersion: 8.4.0
ProgramName: mris_fix_topology  ProgramArguments: mris_fix_topology -all-info  ProgramVersion: 7.3.2  TimeStamp: 2026/03/15-09:38:48-GMT  BuildTime: Aug  4 2022 06:17:15  BuildStamp: freesurfer-linux-ubuntu22_x86_64-7.3.2-20220804-6354275  User: oesteban  Machine: dna058  Platform: Linux  PlatformVersion: 5.14.0-427.37.1.el9_4.x86_64  CompilerName: GCC  CompilerVersion: 8.4.0
ProgramName: mris_topo_fixer  ProgramArguments: mris_topo_fixer -all-info  ProgramVersion: 7.3.2  TimeStamp: 2026/03/15-09:38:48-GMT  BuildTime: Aug  4 2022 06:17:15  BuildStamp: freesurfer-linux-ubuntu22_x86_64-7.3.2-20220804-6354275  User: oesteban  Machine: dna058  Platform: Linux  PlatformVersion: 5.14.0-427.37.1.el9_4.x86_64  CompilerName: GCC  CompilerVersion: 8.4.0
ProgramName: mris_jacobian  ProgramArguments: mris_jacobian -all-info  ProgramVersion: 7.3.2  TimeStamp: 2026/03/15-09:38:48-GMT  BuildTime: Aug  4 2022 06:17:15  BuildStamp: freesurfer-linux-ubuntu22_x86_64-7.3.2-20220804-6354275  User: oesteban  Machine: dna058  Platform: Linux  PlatformVersion: 5.14.0-427.37.1.el9_4.x86_64  CompilerName: GCC  CompilerVersion: 8.4.0
ProgramName: mris_label2annot  ProgramArguments: mris_label2annot -all-info  ProgramVersion: 7.3.2  TimeStamp: 2026/03/15-09:38:48-GMT  BuildTime: Aug  4 2022 06:17:15  BuildStamp: freesurfer-linux-ubuntu22_x86_64-7.3.2-20220804-6354275  User: oesteban  Machine: dna058  Platform: Linux  PlatformVersion: 5.14.0-427.37.1.el9_4.x86_64  CompilerName: GCC  CompilerVersion: 8.4.0
ProgramName: mris_left_right_register  ProgramArguments: mris_left_right_register -all-info  ProgramVersion: 7.3.2  TimeStamp: 2026/03/15-09:38:48-GMT  BuildTime: Aug  4 2022 06:17:15  BuildStamp: freesurfer-linux-ubuntu22_x86_64-7.3.2-20220804-6354275  User: oesteban  Machine: dna058  Platform: Linux  PlatformVersion: 5.14.0-427.37.1.el9_4.x86_64  CompilerName: GCC  CompilerVersion: 8.4.0
ProgramName: mris_place_surface  ProgramArguments: mris_place_surface -all-info  ProgramVersion: 7.3.2  TimeStamp: 2026/03/15-09:38:48-GMT  BuildTime: Aug  4 2022 06:17:15  BuildStamp: freesurfer-linux-ubuntu22_x86_64-7.3.2-20220804-6354275  User: oesteban  Machine: dna058  Platform: Linux  PlatformVersion: 5.14.0-427.37.1.el9_4.x86_64  CompilerName: GCC  CompilerVersion: 8.4.0
ProgramName: mrisp_paint  ProgramArguments: mrisp_paint -all-info  ProgramVersion: 7.3.2  TimeStamp: 2026/03/15-09:38:48-GMT  BuildTime: Aug  4 2022 06:17:15  BuildStamp: freesurfer-linux-ubuntu22_x86_64-7.3.2-20220804-6354275  User: oesteban  Machine: dna058  Platform: Linux  PlatformVersion: 5.14.0-427.37.1.el9_4.x86_64  CompilerName: GCC  CompilerVersion: 8.4.0
ProgramName: mris_register  ProgramArguments: mris_register -all-info  ProgramVersion: 7.3.2  TimeStamp: 2026/03/15-09:38:48-GMT  BuildTime: Aug  4 2022 06:17:15  BuildStamp: freesurfer-linux-ubuntu22_x86_64-7.3.2-20220804-6354275  User: oesteban  Machine: dna058  Platform: Linux  PlatformVersion: 5.14.0-427.37.1.el9_4.x86_64  CompilerName: GCC  CompilerVersion: 8.4.0
ProgramName: mris_smooth  ProgramArguments: mris_smooth -all-info  ProgramVersion: 7.3.2  TimeStamp: 2026/03/15-09:38:48-GMT  BuildTime: Aug  4 2022 06:17:15  BuildStamp: freesurfer-linux-ubuntu22_x86_64-7.3.2-20220804-6354275  User: oesteban  Machine: dna058  Platform: Linux  PlatformVersion: 5.14.0-427.37.1.el9_4.x86_64  CompilerName: GCC  CompilerVersion: 8.4.0
ProgramName: mris_sphere  ProgramArguments: mris_sphere -all-info  ProgramVersion: 7.3.2  TimeStamp: 2026/03/15-09:38:48-GMT  BuildTime: Aug  4 2022 06:17:15  BuildStamp: freesurfer-linux-ubuntu22_x86_64-7.3.2-20220804-6354275  User: oesteban  Machine: dna058  Platform: Linux  PlatformVersion: 5.14.0-427.37.1.el9_4.x86_64  CompilerName: GCC  CompilerVersion: 8.4.0
ProgramName: mris_surface_stats  ProgramArguments: mris_surface_stats -all-info  ProgramVersion: 7.3.2  TimeStamp: 2026/03/15-09:38:48-GMT  BuildTime: Aug  4 2022 06:17:15  BuildStamp: freesurfer-linux-ubuntu22_x86_64-7.3.2-20220804-6354275  User: oesteban  Machine: dna058  Platform: Linux  PlatformVersion: 5.14.0-427.37.1.el9_4.x86_64  CompilerName: GCC  CompilerVersion: 8.4.0
ProgramName: mri_stats2seg  ProgramArguments: mri_stats2seg -all-info  ProgramVersion: 7.3.2  TimeStamp: 2026/03/15-09:38:48-GMT  BuildTime: Aug  4 2022 06:17:15  BuildStamp: freesurfer-linux-ubuntu22_x86_64-7.3.2-20220804-6354275  User: oesteban  Machine: dna058  Platform: Linux  PlatformVersion: 5.14.0-427.37.1.el9_4.x86_64  CompilerName: GCC  CompilerVersion: 8.4.0
ProgramName: mris_thickness  ProgramArguments: mris_thickness -all-info  ProgramVersion: 7.3.2  TimeStamp: 2026/03/15-09:38:48-GMT  BuildTime: Aug  4 2022 06:17:15  BuildStamp: freesurfer-linux-ubuntu22_x86_64-7.3.2-20220804-6354275  User: oesteban  Machine: dna058  Platform: Linux  PlatformVersion: 5.14.0-427.37.1.el9_4.x86_64  CompilerName: GCC  CompilerVersion: 8.4.0
ProgramName: mris_thickness_diff  ProgramArguments: mris_thickness_diff -all-info  ProgramVersion: 7.3.2  TimeStamp: 2026/03/15-09:38:48-GMT  BuildTime: Aug  4 2022 06:17:15  BuildStamp: freesurfer-linux-ubuntu22_x86_64-7.3.2-20220804-6354275  User: oesteban  Machine: dna058  Platform: Linux  PlatformVersion: 5.14.0-427.37.1.el9_4.x86_64  CompilerName: GCC  CompilerVersion: 8.4.0
ProgramName: mris_topo_fixer  ProgramArguments: mris_topo_fixer -all-info  ProgramVersion: 7.3.2  TimeStamp: 2026/03/15-09:38:48-GMT  BuildTime: Aug  4 2022 06:17:15  BuildStamp: freesurfer-linux-ubuntu22_x86_64-7.3.2-20220804-6354275  User: oesteban  Machine: dna058  Platform: Linux  PlatformVersion: 5.14.0-427.37.1.el9_4.x86_64  CompilerName: GCC  CompilerVersion: 8.4.0
ProgramName: mri_surf2surf  ProgramArguments: mri_surf2surf -all-info  ProgramVersion: 7.3.2  TimeStamp: 2026/03/15-09:38:48-GMT  BuildTime: Aug  4 2022 06:17:15  BuildStamp: freesurfer-linux-ubuntu22_x86_64-7.3.2-20220804-6354275  User: oesteban  Machine: dna058  Platform: Linux  PlatformVersion: 5.14.0-427.37.1.el9_4.x86_64  CompilerName: GCC  CompilerVersion: 8.4.0
ProgramName: mri_surf2vol  ProgramArguments: mri_surf2vol -all-info  ProgramVersion: 7.3.2  TimeStamp: 2026/03/15-09:38:48-GMT  BuildTime: Aug  4 2022 06:17:15  BuildStamp: freesurfer-linux-ubuntu22_x86_64-7.3.2-20220804-6354275  User: oesteban  Machine: dna058  Platform: Linux  PlatformVersion: 5.14.0-427.37.1.el9_4.x86_64  CompilerName: GCC  CompilerVersion: 8.4.0
ProgramName: mri_surfcluster  ProgramArguments: mri_surfcluster -all-info  ProgramVersion: 7.3.2  TimeStamp: 2026/03/15-09:38:48-GMT  BuildTime: Aug  4 2022 06:17:15  BuildStamp: freesurfer-linux-ubuntu22_x86_64-7.3.2-20220804-6354275  User: oesteban  Machine: dna058  Platform: Linux  PlatformVersion: 5.14.0-427.37.1.el9_4.x86_64  CompilerName: GCC  CompilerVersion: 8.4.0
ProgramName: mris_volmask  ProgramArguments: mris_volmask -all-info  ProgramVersion: 7.3.2  TimeStamp: 2026/03/15-09:38:48-GMT  BuildTime: Aug  4 2022 06:17:15  BuildStamp: freesurfer-linux-ubuntu22_x86_64-7.3.2-20220804-6354275  User: oesteban  Machine: dna058  Platform: Linux  PlatformVersion: 5.14.0-427.37.1.el9_4.x86_64  CompilerName: GCC  CompilerVersion: 8.4.0
ProgramName: mri_tessellate  ProgramArguments: mri_tessellate -all-info  ProgramVersion: 7.3.2  TimeStamp: 2026/03/15-09:38:48-GMT  BuildTime: Aug  4 2022 06:17:15  BuildStamp: freesurfer-linux-ubuntu22_x86_64-7.3.2-20220804-6354275  User: oesteban  Machine: dna058  Platform: Linux  PlatformVersion: 5.14.0-427.37.1.el9_4.x86_64  CompilerName: GCC  CompilerVersion: 8.4.0
ProgramName: mri_vol2surf  ProgramArguments: mri_vol2surf -all-info  ProgramVersion: 7.3.2  TimeStamp: 2026/03/15-09:38:48-GMT  BuildTime: Aug  4 2022 06:17:15  BuildStamp: freesurfer-linux-ubuntu22_x86_64-7.3.2-20220804-6354275  User: oesteban  Machine: dna058  Platform: Linux  PlatformVersion: 5.14.0-427.37.1.el9_4.x86_64  CompilerName: GCC  CompilerVersion: 8.4.0
ProgramName: mri_vol2vol  ProgramArguments: mri_vol2vol -all-info  ProgramVersion: 7.3.2  TimeStamp: 2026/03/15-09:38:48-GMT  BuildTime: Aug  4 2022 06:17:15  BuildStamp: freesurfer-linux-ubuntu22_x86_64-7.3.2-20220804-6354275  User: oesteban  Machine: dna058  Platform: Linux  PlatformVersion: 5.14.0-427.37.1.el9_4.x86_64  CompilerName: GCC  CompilerVersion: 8.4.0
ProgramName: mri_voldiff  ProgramArguments: mri_voldiff -all-info  ProgramVersion: 7.3.2  TimeStamp: 2026/03/15-09:38:48-GMT  BuildTime: Aug  4 2022 06:17:15  BuildStamp: freesurfer-linux-ubuntu22_x86_64-7.3.2-20220804-6354275  User: oesteban  Machine: dna058  Platform: Linux  PlatformVersion: 5.14.0-427.37.1.el9_4.x86_64  CompilerName: GCC  CompilerVersion: 8.4.0
ProgramName: mri_watershed  ProgramArguments: mri_watershed -all-info  ProgramVersion: 7.3.2  TimeStamp: 2026/03/15-09:38:48-GMT  BuildTime: Aug  4 2022 06:17:15  BuildStamp: freesurfer-linux-ubuntu22_x86_64-7.3.2-20220804-6354275  User: oesteban  Machine: dna058  Platform: Linux  PlatformVersion: 5.14.0-427.37.1.el9_4.x86_64  CompilerName: GCC  CompilerVersion: 8.4.0
ProgramName: tkregister2  ProgramArguments: tkregister2_cmdl -all-info  ProgramVersion: 7.3.2  TimeStamp: 2026/03/15-09:38:48-GMT  BuildTime: Aug  4 2022 06:17:15  BuildStamp: freesurfer-linux-ubuntu22_x86_64-7.3.2-20220804-6354275  User: oesteban  Machine: dna058  Platform: Linux  PlatformVersion: 5.14.0-427.37.1.el9_4.x86_64  CompilerName: GCC  CompilerVersion: 8.4.0
mri_motion_correct.fsl 7.3.2
mri_convert -all-info 
ProgramName: mri_convert  ProgramArguments: mri_convert -all-info  ProgramVersion: 7.3.2  TimeStamp: 2026/03/15-09:38:49-GMT  BuildTime: Aug  4 2022 06:17:15  BuildStamp: freesurfer-linux-ubuntu22_x86_64-7.3.2-20220804-6354275  User: oesteban  Machine: dna058  Platform: Linux  PlatformVersion: 5.14.0-427.37.1.el9_4.x86_64  CompilerName: GCC  CompilerVersion: 8.4.0
Program nu_correct, built from:
Package MNI N3, version 1.12.0, compiled by nicks@terrier (x86_64-unknown-linux-gnu) on 2015-06-19 at 01:25:34
#######################################
GCADIR /opt/freesurfer/average
GCA RB_all_2020-01-02.gca
GCASkull RB_all_withskull_2020_01_02.gca
AvgCurvTif folding.atlas.acfb40.noaparc.i12.2016-08-02.tif
GCSDIR /opt/freesurfer/average
GCS DKaparc.atlas.acfb40.noaparc.i12.2016-08-02.gcs
#######################################
#@# white curv lh Sun Mar 15 10:38:49 CET 2026
cd /out/sourcedata/freesurfer/sub-v2s10x28989_ses-1/mri
mris_place_surface --curv-map ../surf/lh.white 2 10 ../surf/lh.curv
   Update not needed
#@# white area lh Sun Mar 15 10:38:49 CET 2026
cd /out/sourcedata/freesurfer/sub-v2s10x28989_ses-1/mri
mris_place_surface --area-map ../surf/lh.white ../surf/lh.area
   Update not needed
#@# pial curv lh Sun Mar 15 10:38:49 CET 2026
cd /out/sourcedata/freesurfer/sub-v2s10x28989_ses-1/mri
mris_place_surface --curv-map ../surf/lh.pial 2 10 ../surf/lh.curv.pial
   Update not needed
#@# pial area lh Sun Mar 15 10:38:49 CET 2026
cd /out/sourcedata/freesurfer/sub-v2s10x28989_ses-1/mri
mris_place_surface --area-map ../surf/lh.pial ../surf/lh.area.pial
   Update not needed
#@# thickness lh Sun Mar 15 10:38:49 CET 2026
cd /out/sourcedata/freesurfer/sub-v2s10x28989_ses-1/mri
mris_place_surface --thickness ../surf/lh.white ../surf/lh.pial 20 5 ../surf/lh.thickness
   Update not needed
#@# area and vertex vol lh Sun Mar 15 10:38:49 CET 2026
cd /out/sourcedata/freesurfer/sub-v2s10x28989_ses-1/mri
mris_place_surface --thickness ../surf/lh.white ../surf/lh.pial 20 5 ../surf/lh.thickness
   Update not needed
#@# white curv rh Sun Mar 15 10:38:49 CET 2026
cd /out/sourcedata/freesurfer/sub-v2s10x28989_ses-1/mri
mris_place_surface --curv-map ../surf/rh.white 2 10 ../surf/rh.curv
   Update not needed
#@# white area rh Sun Mar 15 10:38:49 CET 2026
cd /out/sourcedata/freesurfer/sub-v2s10x28989_ses-1/mri
mris_place_surface --area-map ../surf/rh.white ../surf/rh.area
   Update not needed
#@# pial curv rh Sun Mar 15 10:38:49 CET 2026
cd /out/sourcedata/freesurfer/sub-v2s10x28989_ses-1/mri
mris_place_surface --curv-map ../surf/rh.pial 2 10 ../surf/rh.curv.pial
   Update not needed
#@# pial area rh Sun Mar 15 10:38:49 CET 2026
cd /out/sourcedata/freesurfer/sub-v2s10x28989_ses-1/mri
mris_place_surface --area-map ../surf/rh.pial ../surf/rh.area.pial
   Update not needed
#@# thickness rh Sun Mar 15 10:38:49 CET 2026
cd /out/sourcedata/freesurfer/sub-v2s10x28989_ses-1/mri
mris_place_surface --thickness ../surf/rh.white ../surf/rh.pial 20 5 ../surf/rh.thickness
   Update not needed
#@# area and vertex vol rh Sun Mar 15 10:38:49 CET 2026
cd /out/sourcedata/freesurfer/sub-v2s10x28989_ses-1/mri
mris_place_surface --thickness ../surf/rh.white ../surf/rh.pial 20 5 ../surf/rh.thickness
   Update not needed
#--------------------------------------------
#@# Cortical ribbon mask Sun Mar 15 10:38:49 CET 2026
/out/sourcedata/freesurfer/sub-v2s10x28989_ses-1/mri

 mris_volmask --aseg_name aseg.presurf --label_left_white 2 --label_left_ribbon 3 --label_right_white 41 --label_right_ribbon 42 --save_ribbon sub-v2s10x28989_ses-1 

SUBJECTS_DIR is /out/sourcedata/freesurfer
loading input data...
Running hemis serially
Processing left hemi
computing distance to left white surface 
computing distance to left pial surface 
Processing right hemi
computing distance to right white surface 
computing distance to right pial surface 
 hemi masks overlap voxels = 333
writing volume /out/sourcedata/freesurfer/sub-v2s10x28989_ses-1/mri/ribbon.mgz
mris_volmask took 5.25 minutes
 writing ribbon files

Started at Sun Mar 15 10:38:48 CET 2026 
Ended   at Sun Mar 15 10:44:04 CET 2026
#@#%# recon-all-run-time-hours 0.088
recon-all -s sub-v2s10x28989_ses-1 finished without error at Sun Mar 15 10:44:04 CET 2026



#New# invocation of recon-all 




Sun Mar 15 10:50:40 CET 2026
cd /out/sourcedata/freesurfer/sub-v2s10x28989_ses-1
setenv SUBJECTS_DIR /out/sourcedata/freesurfer
/opt/freesurfer/bin/recon-all -autorecon3 -openmp 16 -subjid sub-v2s10x28989_ses-1 -sd /out/sourcedata/freesurfer -nosphere -nosurfreg -nojacobian_white -noavgcurv -nocortparc -nopial -noparcstats -nocortparc2 -noparcstats2 -nocortparc3 -noparcstats3 -nopctsurfcon -nocortribbon -nobalabels

subjid sub-v2s10x28989_ses-1
setenv SUBJECTS_DIR /out/sourcedata/freesurfer
FREESURFER_HOME /opt/freesurfer
Actual FREESURFER_HOME /opt/freesurfer
build-stamp.txt: freesurfer-linux-ubuntu22_x86_64-7.3.2-20220804-6354275
Linux dna058 5.14.0-427.37.1.el9_4.x86_64 #1 SMP PREEMPT_DYNAMIC Fri Sep 13 12:41:50 EDT 2024 x86_64 x86_64 x86_64 GNU/Linux
cputime      unlimited
filesize     unlimited
datasize     unlimited
stacksize    8192 kbytes
coredumpsize 0 kbytes
memoryuse    67108864 kbytes
vmemoryuse   unlimited
descriptors  1024 
memorylocked unlimited
maxproc      2061970 
maxlocks     unlimited
maxsignal    2061970 
maxmessage   819200 
maxnice      0 
maxrtprio    0 
maxrttime    unlimited

               total        used        free      shared  buff/cache   available
Mem:           503Gi        56Gi        77Gi        18Gi       369Gi       424Gi
Swap:             0B          0B          0B

########################################
program versions used
7.3.2 (freesurfer-linux-ubuntu22_x86_64-7.3.2-20220804-6354275)
7.3.2

ProgramName: lta_convert  ProgramArguments: lta_convert -all-info  ProgramVersion: 7.3.2  TimeStamp: 2026/03/15-09:50:40-GMT  BuildTime: Aug  4 2022 06:17:15  BuildStamp: freesurfer-linux-ubuntu22_x86_64-7.3.2-20220804-6354275  User: oesteban  Machine: dna058  Platform: Linux  PlatformVersion: 5.14.0-427.37.1.el9_4.x86_64  CompilerName: GCC  CompilerVersion: 8.4.0
ProgramName: mri_and  ProgramArguments: mri_and -all-info  ProgramVersion: 7.3.2  TimeStamp: 2026/03/15-09:50:40-GMT  BuildTime: Aug  4 2022 06:17:15  BuildStamp: freesurfer-linux-ubuntu22_x86_64-7.3.2-20220804-6354275  User: oesteban  Machine: dna058  Platform: Linux  PlatformVersion: 5.14.0-427.37.1.el9_4.x86_64  CompilerName: GCC  CompilerVersion: 8.4.0
ProgramName: mri_annotation2label  ProgramArguments: mri_annotation2label -all-info  ProgramVersion: 7.3.2  TimeStamp: 2026/03/15-09:50:40-GMT  BuildTime: Aug  4 2022 06:17:15  BuildStamp: freesurfer-linux-ubuntu22_x86_64-7.3.2-20220804-6354275  User: oesteban  Machine: dna058  Platform: Linux  PlatformVersion: 5.14.0-427.37.1.el9_4.x86_64  CompilerName: GCC  CompilerVersion: 8.4.0
ProgramName: mri_aparc2aseg  ProgramArguments: mri_aparc2aseg -all-info  ProgramVersion: 7.3.2  TimeStamp: 2026/03/15-09:50:40-GMT  BuildTime: Aug  4 2022 06:17:15  BuildStamp: freesurfer-linux-ubuntu22_x86_64-7.3.2-20220804-6354275  User: oesteban  Machine: dna058  Platform: Linux  PlatformVersion: 5.14.0-427.37.1.el9_4.x86_64  CompilerName: GCC  CompilerVersion: 8.4.0
ProgramName: mri_surf2volseg  ProgramArguments: mri_surf2volseg -all-info  ProgramVersion: 7.3.2  TimeStamp: 2026/03/15-09:50:40-GMT  BuildTime: Aug  4 2022 06:17:15  BuildStamp: freesurfer-linux-ubuntu22_x86_64-7.3.2-20220804-6354275  User: oesteban  Machine: dna058  Platform: Linux  PlatformVersion: 5.14.0-427.37.1.el9_4.x86_64  CompilerName: GCC  CompilerVersion: 8.4.0
ProgramName: mri_binarize  ProgramArguments: mri_binarize -all-info  ProgramVersion: 7.3.2  TimeStamp: 2026/03/15-09:50:40-GMT  BuildTime: Aug  4 2022 06:17:15  BuildStamp: freesurfer-linux-ubuntu22_x86_64-7.3.2-20220804-6354275  User: oesteban  Machine: dna058  Platform: Linux  PlatformVersion: 5.14.0-427.37.1.el9_4.x86_64  CompilerName: GCC  CompilerVersion: 8.4.0
ProgramName: mri_ca_label  ProgramArguments: mri_ca_label -all-info  ProgramVersion: 7.3.2  TimeStamp: 2026/03/15-09:50:40-GMT  BuildTime: Aug  4 2022 06:17:15  BuildStamp: freesurfer-linux-ubuntu22_x86_64-7.3.2-20220804-6354275  User: oesteban  Machine: dna058  Platform: Linux  PlatformVersion: 5.14.0-427.37.1.el9_4.x86_64  CompilerName: GCC  CompilerVersion: 8.4.0
ProgramName: mri_ca_normalize  ProgramArguments: mri_ca_normalize -all-info  ProgramVersion: 7.3.2  TimeStamp: 2026/03/15-09:50:40-GMT  BuildTime: Aug  4 2022 06:17:15  BuildStamp: freesurfer-linux-ubuntu22_x86_64-7.3.2-20220804-6354275  User: oesteban  Machine: dna058  Platform: Linux  PlatformVersion: 5.14.0-427.37.1.el9_4.x86_64  CompilerName: GCC  CompilerVersion: 8.4.0
ProgramName: mri_ca_register  ProgramArguments: mri_ca_register -all-info  ProgramVersion: 7.3.2  TimeStamp: 2026/03/15-09:50:40-GMT  BuildTime: Aug  4 2022 06:17:15  BuildStamp: freesurfer-linux-ubuntu22_x86_64-7.3.2-20220804-6354275  User: oesteban  Machine: dna058  Platform: Linux  PlatformVersion: 5.14.0-427.37.1.el9_4.x86_64  CompilerName: GCC  CompilerVersion: 8.4.0
ProgramName: mri_cc  ProgramArguments: mri_cc -all-info  ProgramVersion: 7.3.2  TimeStamp: 2026/03/15-09:50:40-GMT  BuildTime: Aug  4 2022 06:17:15  BuildStamp: freesurfer-linux-ubuntu22_x86_64-7.3.2-20220804-6354275  User: oesteban  Machine: dna058  Platform: Linux  PlatformVersion: 5.14.0-427.37.1.el9_4.x86_64  CompilerName: GCC  CompilerVersion: 8.4.0
ProgramName: mri_compute_overlap  ProgramArguments: mri_compute_overlap -all-info  ProgramVersion: 7.3.2  TimeStamp: 2026/03/15-09:50:40-GMT  BuildTime: Aug  4 2022 06:17:15  BuildStamp: freesurfer-linux-ubuntu22_x86_64-7.3.2-20220804-6354275  User: oesteban  Machine: dna058  Platform: Linux  PlatformVersion: 5.14.0-427.37.1.el9_4.x86_64  CompilerName: GCC  CompilerVersion: 8.4.0
ProgramName: mri_compute_seg_overlap  ProgramArguments: mri_compute_seg_overlap -all-info  ProgramVersion: 7.3.2  TimeStamp: 2026/03/15-09:50:40-GMT  BuildTime: Aug  4 2022 06:17:15  BuildStamp: freesurfer-linux-ubuntu22_x86_64-7.3.2-20220804-6354275  User: oesteban  Machine: dna058  Platform: Linux  PlatformVersion: 5.14.0-427.37.1.el9_4.x86_64  CompilerName: GCC  CompilerVersion: 8.4.0
ProgramName: mri_concat  ProgramArguments: mri_concat -all-info  ProgramVersion: 7.3.2  TimeStamp: 2026/03/15-09:50:40-GMT  BuildTime: Aug  4 2022 06:17:15  BuildStamp: freesurfer-linux-ubuntu22_x86_64-7.3.2-20220804-6354275  User: oesteban  Machine: dna058  Platform: Linux  PlatformVersion: 5.14.0-427.37.1.el9_4.x86_64  CompilerName: GCC  CompilerVersion: 8.4.0
ProgramName: mri_concatenate_lta  ProgramArguments: mri_concatenate_lta -all-info  ProgramVersion: 7.3.2  TimeStamp: 2026/03/15-09:50:40-GMT  BuildTime: Aug  4 2022 06:17:15  BuildStamp: freesurfer-linux-ubuntu22_x86_64-7.3.2-20220804-6354275  User: oesteban  Machine: dna058  Platform: Linux  PlatformVersion: 5.14.0-427.37.1.el9_4.x86_64  CompilerName: GCC  CompilerVersion: 8.4.0
mri_convert -all-info 
ProgramName: mri_convert  ProgramArguments: mri_convert -all-info  ProgramVersion: 7.3.2  TimeStamp: 2026/03/15-09:50:40-GMT  BuildTime: Aug  4 2022 06:17:15  BuildStamp: freesurfer-linux-ubuntu22_x86_64-7.3.2-20220804-6354275  User: oesteban  Machine: dna058  Platform: Linux  PlatformVersion: 5.14.0-427.37.1.el9_4.x86_64  CompilerName: GCC  CompilerVersion: 8.4.0
ProgramName: mri_diff  ProgramArguments: mri_diff -all-info  ProgramVersion: 7.3.2  TimeStamp: 2026/03/15-09:50:40-GMT  BuildTime: Aug  4 2022 06:17:15  BuildStamp: freesurfer-linux-ubuntu22_x86_64-7.3.2-20220804-6354275  User: oesteban  Machine: dna058  Platform: Linux  PlatformVersion: 5.14.0-427.37.1.el9_4.x86_64  CompilerName: GCC  CompilerVersion: 8.4.0
ProgramName: mri_edit_wm_with_aseg  ProgramArguments: mri_edit_wm_with_aseg -all-info  ProgramVersion: 7.3.2  TimeStamp: 2026/03/15-09:50:40-GMT  BuildTime: Aug  4 2022 06:17:15  BuildStamp: freesurfer-linux-ubuntu22_x86_64-7.3.2-20220804-6354275  User: oesteban  Machine: dna058  Platform: Linux  PlatformVersion: 5.14.0-427.37.1.el9_4.x86_64  CompilerName: GCC  CompilerVersion: 8.4.0
ProgramName: mri_em_register  ProgramArguments: mri_em_register -all-info  ProgramVersion: 7.3.2  TimeStamp: 2026/03/15-09:50:40-GMT  BuildTime: Aug  4 2022 06:17:15  BuildStamp: freesurfer-linux-ubuntu22_x86_64-7.3.2-20220804-6354275  User: oesteban  Machine: dna058  Platform: Linux  PlatformVersion: 5.14.0-427.37.1.el9_4.x86_64  CompilerName: GCC  CompilerVersion: 8.4.0
ProgramName: mri_fill  ProgramArguments: mri_fill -all-info  ProgramVersion: 7.3.2  TimeStamp: 2026/03/15-09:50:40-GMT  BuildTime: Aug  4 2022 06:17:15  BuildStamp: freesurfer-linux-ubuntu22_x86_64-7.3.2-20220804-6354275  User: oesteban  Machine: dna058  Platform: Linux  PlatformVersion: 5.14.0-427.37.1.el9_4.x86_64  CompilerName: GCC  CompilerVersion: 8.4.0
ProgramName: mri_fuse_segmentations  ProgramArguments: mri_fuse_segmentations -all-info  ProgramVersion: 7.3.2  TimeStamp: 2026/03/15-09:50:40-GMT  BuildTime: Aug  4 2022 06:17:15  BuildStamp: freesurfer-linux-ubuntu22_x86_64-7.3.2-20220804-6354275  User: oesteban  Machine: dna058  Platform: Linux  PlatformVersion: 5.14.0-427.37.1.el9_4.x86_64  CompilerName: GCC  CompilerVersion: 8.4.0
ProgramName: mri_fwhm  ProgramArguments: mri_fwhm -all-info  ProgramVersion: 7.3.2  TimeStamp: 2026/03/15-09:50:40-GMT  BuildTime: Aug  4 2022 06:17:15  BuildStamp: freesurfer-linux-ubuntu22_x86_64-7.3.2-20220804-6354275  User: oesteban  Machine: dna058  Platform: Linux  PlatformVersion: 5.14.0-427.37.1.el9_4.x86_64  CompilerName: GCC  CompilerVersion: 8.4.0
ProgramName: mri_gcut  ProgramArguments: mri_gcut -all-info  ProgramVersion: 7.3.2  TimeStamp: 2026/03/15-09:50:40-GMT  BuildTime: Aug  4 2022 06:17:15  BuildStamp: freesurfer-linux-ubuntu22_x86_64-7.3.2-20220804-6354275  User: oesteban  Machine: dna058  Platform: Linux  PlatformVersion: 5.14.0-427.37.1.el9_4.x86_64  CompilerName: GCC  CompilerVersion: 8.4.0
ProgramName: mri_info  ProgramArguments: mri_info -all-info  ProgramVersion: 7.3.2  TimeStamp: 2026/03/15-09:50:40-GMT  BuildTime: Aug  4 2022 06:17:15  BuildStamp: freesurfer-linux-ubuntu22_x86_64-7.3.2-20220804-6354275  User: oesteban  Machine: dna058  Platform: Linux  PlatformVersion: 5.14.0-427.37.1.el9_4.x86_64  CompilerName: GCC  CompilerVersion: 8.4.0
ProgramName: mri_label2label  ProgramArguments: mri_label2label -all-info  ProgramVersion: 7.3.2  TimeStamp: 2026/03/15-09:50:40-GMT  BuildTime: Aug  4 2022 06:17:15  BuildStamp: freesurfer-linux-ubuntu22_x86_64-7.3.2-20220804-6354275  User: oesteban  Machine: dna058  Platform: Linux  PlatformVersion: 5.14.0-427.37.1.el9_4.x86_64  CompilerName: GCC  CompilerVersion: 8.4.0
ProgramName: mri_label2vol  ProgramArguments: mri_label2vol -all-info  ProgramVersion: 7.3.2  TimeStamp: 2026/03/15-09:50:40-GMT  BuildTime: Aug  4 2022 06:17:15  BuildStamp: freesurfer-linux-ubuntu22_x86_64-7.3.2-20220804-6354275  User: oesteban  Machine: dna058  Platform: Linux  PlatformVersion: 5.14.0-427.37.1.el9_4.x86_64  CompilerName: GCC  CompilerVersion: 8.4.0
ProgramName: mri_log_likelihood  ProgramArguments: mri_log_likelihood -all-info  ProgramVersion: 7.3.2  TimeStamp: 2026/03/15-09:50:40-GMT  BuildTime: Aug  4 2022 06:17:15  BuildStamp: freesurfer-linux-ubuntu22_x86_64-7.3.2-20220804-6354275  User: oesteban  Machine: dna058  Platform: Linux  PlatformVersion: 5.14.0-427.37.1.el9_4.x86_64  CompilerName: GCC  CompilerVersion: 8.4.0
ProgramName: mri_mask  ProgramArguments: mri_mask -all-info  ProgramVersion: 7.3.2  TimeStamp: 2026/03/15-09:50:40-GMT  BuildTime: Aug  4 2022 06:17:15  BuildStamp: freesurfer-linux-ubuntu22_x86_64-7.3.2-20220804-6354275  User: oesteban  Machine: dna058  Platform: Linux  PlatformVersion: 5.14.0-427.37.1.el9_4.x86_64  CompilerName: GCC  CompilerVersion: 8.4.0
ProgramName: mri_matrix_multiply  ProgramArguments: mri_matrix_multiply -all-info  ProgramVersion: 7.3.2  TimeStamp: 2026/03/15-09:50:40-GMT  BuildTime: Aug  4 2022 06:17:15  BuildStamp: freesurfer-linux-ubuntu22_x86_64-7.3.2-20220804-6354275  User: oesteban  Machine: dna058  Platform: Linux  PlatformVersion: 5.14.0-427.37.1.el9_4.x86_64  CompilerName: GCC  CompilerVersion: 8.4.0
ProgramName: mri_normalize  ProgramArguments: mri_normalize -all-info  ProgramVersion: 7.3.2  TimeStamp: 2026/03/15-09:50:40-GMT  BuildTime: Aug  4 2022 06:17:15  BuildStamp: freesurfer-linux-ubuntu22_x86_64-7.3.2-20220804-6354275  User: oesteban  Machine: dna058  Platform: Linux  PlatformVersion: 5.14.0-427.37.1.el9_4.x86_64  CompilerName: GCC  CompilerVersion: 8.4.0
ProgramName: mri_normalize_tp2  ProgramArguments: mri_normalize_tp2 -all-info  ProgramVersion: 7.3.2  TimeStamp: 2026/03/15-09:50:40-GMT  BuildTime: Aug  4 2022 06:17:15  BuildStamp: freesurfer-linux-ubuntu22_x86_64-7.3.2-20220804-6354275  User: oesteban  Machine: dna058  Platform: Linux  PlatformVersion: 5.14.0-427.37.1.el9_4.x86_64  CompilerName: GCC  CompilerVersion: 8.4.0
ProgramName: mri_or  ProgramArguments: mri_or -all-info  ProgramVersion: 7.3.2  TimeStamp: 2026/03/15-09:50:40-GMT  BuildTime: Aug  4 2022 06:17:15  BuildStamp: freesurfer-linux-ubuntu22_x86_64-7.3.2-20220804-6354275  User: oesteban  Machine: dna058  Platform: Linux  PlatformVersion: 5.14.0-427.37.1.el9_4.x86_64  CompilerName: GCC  CompilerVersion: 8.4.0
ProgramName: mri_relabel_hypointensities  ProgramArguments: mri_relabel_hypointensities -all-info  ProgramVersion: 7.3.2  TimeStamp: 2026/03/15-09:50:40-GMT  BuildTime: Aug  4 2022 06:17:15  BuildStamp: freesurfer-linux-ubuntu22_x86_64-7.3.2-20220804-6354275  User: oesteban  Machine: dna058  Platform: Linux  PlatformVersion: 5.14.0-427.37.1.el9_4.x86_64  CompilerName: GCC  CompilerVersion: 8.4.0
ProgramName: mri_relabel_nonwm_hypos  ProgramArguments: mri_relabel_nonwm_hypos -all-info  ProgramVersion: 7.3.2  TimeStamp: 2026/03/15-09:50:40-GMT  BuildTime: Aug  4 2022 06:17:15  BuildStamp: freesurfer-linux-ubuntu22_x86_64-7.3.2-20220804-6354275  User: oesteban  Machine: dna058  Platform: Linux  PlatformVersion: 5.14.0-427.37.1.el9_4.x86_64  CompilerName: GCC  CompilerVersion: 8.4.0
ProgramName: mri_remove_neck  ProgramArguments: mri_remove_neck -all-info  ProgramVersion: 7.3.2  TimeStamp: 2026/03/15-09:50:41-GMT  BuildTime: Aug  4 2022 06:17:15  BuildStamp: freesurfer-linux-ubuntu22_x86_64-7.3.2-20220804-6354275  User: oesteban  Machine: dna058  Platform: Linux  PlatformVersion: 5.14.0-427.37.1.el9_4.x86_64  CompilerName: GCC  CompilerVersion: 8.4.0
7.3.2

ProgramName: mri_robust_register  ProgramArguments: mri_robust_register -all-info  ProgramVersion: 7.3.2  TimeStamp: 2026/03/15-09:50:41-GMT  BuildTime: Aug  4 2022 06:17:15  BuildStamp: freesurfer-linux-ubuntu22_x86_64-7.3.2-20220804-6354275  User: oesteban  Machine: dna058  Platform: Linux  PlatformVersion: 5.14.0-427.37.1.el9_4.x86_64  CompilerName: GCC  CompilerVersion: 8.4.0
7.3.2

ProgramName: mri_robust_template  ProgramArguments: mri_robust_template -all-info  ProgramVersion: 7.3.2  TimeStamp: 2026/03/15-09:50:41-GMT  BuildTime: Aug  4 2022 06:17:15  BuildStamp: freesurfer-linux-ubuntu22_x86_64-7.3.2-20220804-6354275  User: oesteban  Machine: dna058  Platform: Linux  PlatformVersion: 5.14.0-427.37.1.el9_4.x86_64  CompilerName: GCC  CompilerVersion: 8.4.0
ProgramName: mris_anatomical_stats  ProgramArguments: mris_anatomical_stats -all-info  ProgramVersion: 7.3.2  TimeStamp: 2026/03/15-09:50:41-GMT  BuildTime: Aug  4 2022 06:17:15  BuildStamp: freesurfer-linux-ubuntu22_x86_64-7.3.2-20220804-6354275  User: oesteban  Machine: dna058  Platform: Linux  PlatformVersion: 5.14.0-427.37.1.el9_4.x86_64  CompilerName: GCC  CompilerVersion: 8.4.0
ProgramName: mris_ca_label  ProgramArguments: mris_ca_label -all-info  ProgramVersion: 7.3.2  TimeStamp: 2026/03/15-09:50:41-GMT  BuildTime: Aug  4 2022 06:17:15  BuildStamp: freesurfer-linux-ubuntu22_x86_64-7.3.2-20220804-6354275  User: oesteban  Machine: dna058  Platform: Linux  PlatformVersion: 5.14.0-427.37.1.el9_4.x86_64  CompilerName: GCC  CompilerVersion: 8.4.0
ProgramName: mris_calc  ProgramArguments: mris_calc -all-info  ProgramVersion: 7.3.2  TimeStamp: 2026/03/15-09:50:41-GMT  BuildTime: Aug  4 2022 06:17:15  BuildStamp: freesurfer-linux-ubuntu22_x86_64-7.3.2-20220804-6354275  User: oesteban  Machine: dna058  Platform: Linux  PlatformVersion: 5.14.0-427.37.1.el9_4.x86_64  CompilerName: GCC  CompilerVersion: 8.4.0
ProgramName: mris_convert  ProgramArguments: mris_convert -all-info  ProgramVersion: 7.3.2  TimeStamp: 2026/03/15-09:50:41-GMT  BuildTime: Aug  4 2022 06:17:15  BuildStamp: freesurfer-linux-ubuntu22_x86_64-7.3.2-20220804-6354275  User: oesteban  Machine: dna058  Platform: Linux  PlatformVersion: 5.14.0-427.37.1.el9_4.x86_64  CompilerName: GCC  CompilerVersion: 8.4.0
ProgramName: mris_curvature  ProgramArguments: mris_curvature -all-info  ProgramVersion: 7.3.2  TimeStamp: 2026/03/15-09:50:41-GMT  BuildTime: Aug  4 2022 06:17:15  BuildStamp: freesurfer-linux-ubuntu22_x86_64-7.3.2-20220804-6354275  User: oesteban  Machine: dna058  Platform: Linux  PlatformVersion: 5.14.0-427.37.1.el9_4.x86_64  CompilerName: GCC  CompilerVersion: 8.4.0
ProgramName: mris_curvature_stats  ProgramArguments: mris_curvature_stats -all-info  ProgramVersion: 7.3.2  TimeStamp: 2026/03/15-09:50:41-GMT  BuildTime: Aug  4 2022 06:17:15  BuildStamp: freesurfer-linux-ubuntu22_x86_64-7.3.2-20220804-6354275  User: oesteban  Machine: dna058  Platform: Linux  PlatformVersion: 5.14.0-427.37.1.el9_4.x86_64  CompilerName: GCC  CompilerVersion: 8.4.0
ProgramName: mris_diff  ProgramArguments: mris_diff -all-info  ProgramVersion: 7.3.2  TimeStamp: 2026/03/15-09:50:41-GMT  BuildTime: Aug  4 2022 06:17:15  BuildStamp: freesurfer-linux-ubuntu22_x86_64-7.3.2-20220804-6354275  User: oesteban  Machine: dna058  Platform: Linux  PlatformVersion: 5.14.0-427.37.1.el9_4.x86_64  CompilerName: GCC  CompilerVersion: 8.4.0
ProgramName: mris_divide_parcellation  ProgramArguments: mris_divide_parcellation -all-info  ProgramVersion: 7.3.2  TimeStamp: 2026/03/15-09:50:41-GMT  BuildTime: Aug  4 2022 06:17:15  BuildStamp: freesurfer-linux-ubuntu22_x86_64-7.3.2-20220804-6354275  User: oesteban  Machine: dna058  Platform: Linux  PlatformVersion: 5.14.0-427.37.1.el9_4.x86_64  CompilerName: GCC  CompilerVersion: 8.4.0
ProgramName: mri_segment  ProgramArguments: mri_segment -all-info  ProgramVersion: 7.3.2  TimeStamp: 2026/03/15-09:50:41-GMT  BuildTime: Aug  4 2022 06:17:15  BuildStamp: freesurfer-linux-ubuntu22_x86_64-7.3.2-20220804-6354275  User: oesteban  Machine: dna058  Platform: Linux  PlatformVersion: 5.14.0-427.37.1.el9_4.x86_64  CompilerName: GCC  CompilerVersion: 8.4.0
ProgramName: mri_segstats  ProgramArguments: mri_segstats -all-info  ProgramVersion: 7.3.2  TimeStamp: 2026/03/15-09:50:41-GMT  BuildTime: Aug  4 2022 06:17:15  BuildStamp: freesurfer-linux-ubuntu22_x86_64-7.3.2-20220804-6354275  User: oesteban  Machine: dna058  Platform: Linux  PlatformVersion: 5.14.0-427.37.1.el9_4.x86_64  CompilerName: GCC  CompilerVersion: 8.4.0
ProgramName: mris_euler_number  ProgramArguments: mris_euler_number -all-info  ProgramVersion: 7.3.2  TimeStamp: 2026/03/15-09:50:41-GMT  BuildTime: Aug  4 2022 06:17:15  BuildStamp: freesurfer-linux-ubuntu22_x86_64-7.3.2-20220804-6354275  User: oesteban  Machine: dna058  Platform: Linux  PlatformVersion: 5.14.0-427.37.1.el9_4.x86_64  CompilerName: GCC  CompilerVersion: 8.4.0
ProgramName: mris_fix_topology  ProgramArguments: mris_fix_topology -all-info  ProgramVersion: 7.3.2  TimeStamp: 2026/03/15-09:50:41-GMT  BuildTime: Aug  4 2022 06:17:15  BuildStamp: freesurfer-linux-ubuntu22_x86_64-7.3.2-20220804-6354275  User: oesteban  Machine: dna058  Platform: Linux  PlatformVersion: 5.14.0-427.37.1.el9_4.x86_64  CompilerName: GCC  CompilerVersion: 8.4.0
ProgramName: mris_topo_fixer  ProgramArguments: mris_topo_fixer -all-info  ProgramVersion: 7.3.2  TimeStamp: 2026/03/15-09:50:41-GMT  BuildTime: Aug  4 2022 06:17:15  BuildStamp: freesurfer-linux-ubuntu22_x86_64-7.3.2-20220804-6354275  User: oesteban  Machine: dna058  Platform: Linux  PlatformVersion: 5.14.0-427.37.1.el9_4.x86_64  CompilerName: GCC  CompilerVersion: 8.4.0
ProgramName: mris_jacobian  ProgramArguments: mris_jacobian -all-info  ProgramVersion: 7.3.2  TimeStamp: 2026/03/15-09:50:41-GMT  BuildTime: Aug  4 2022 06:17:15  BuildStamp: freesurfer-linux-ubuntu22_x86_64-7.3.2-20220804-6354275  User: oesteban  Machine: dna058  Platform: Linux  PlatformVersion: 5.14.0-427.37.1.el9_4.x86_64  CompilerName: GCC  CompilerVersion: 8.4.0
ProgramName: mris_label2annot  ProgramArguments: mris_label2annot -all-info  ProgramVersion: 7.3.2  TimeStamp: 2026/03/15-09:50:41-GMT  BuildTime: Aug  4 2022 06:17:15  BuildStamp: freesurfer-linux-ubuntu22_x86_64-7.3.2-20220804-6354275  User: oesteban  Machine: dna058  Platform: Linux  PlatformVersion: 5.14.0-427.37.1.el9_4.x86_64  CompilerName: GCC  CompilerVersion: 8.4.0
ProgramName: mris_left_right_register  ProgramArguments: mris_left_right_register -all-info  ProgramVersion: 7.3.2  TimeStamp: 2026/03/15-09:50:41-GMT  BuildTime: Aug  4 2022 06:17:15  BuildStamp: freesurfer-linux-ubuntu22_x86_64-7.3.2-20220804-6354275  User: oesteban  Machine: dna058  Platform: Linux  PlatformVersion: 5.14.0-427.37.1.el9_4.x86_64  CompilerName: GCC  CompilerVersion: 8.4.0
ProgramName: mris_place_surface  ProgramArguments: mris_place_surface -all-info  ProgramVersion: 7.3.2  TimeStamp: 2026/03/15-09:50:41-GMT  BuildTime: Aug  4 2022 06:17:15  BuildStamp: freesurfer-linux-ubuntu22_x86_64-7.3.2-20220804-6354275  User: oesteban  Machine: dna058  Platform: Linux  PlatformVersion: 5.14.0-427.37.1.el9_4.x86_64  CompilerName: GCC  CompilerVersion: 8.4.0
ProgramName: mrisp_paint  ProgramArguments: mrisp_paint -all-info  ProgramVersion: 7.3.2  TimeStamp: 2026/03/15-09:50:41-GMT  BuildTime: Aug  4 2022 06:17:15  BuildStamp: freesurfer-linux-ubuntu22_x86_64-7.3.2-20220804-6354275  User: oesteban  Machine: dna058  Platform: Linux  PlatformVersion: 5.14.0-427.37.1.el9_4.x86_64  CompilerName: GCC  CompilerVersion: 8.4.0
ProgramName: mris_register  ProgramArguments: mris_register -all-info  ProgramVersion: 7.3.2  TimeStamp: 2026/03/15-09:50:41-GMT  BuildTime: Aug  4 2022 06:17:15  BuildStamp: freesurfer-linux-ubuntu22_x86_64-7.3.2-20220804-6354275  User: oesteban  Machine: dna058  Platform: Linux  PlatformVersion: 5.14.0-427.37.1.el9_4.x86_64  CompilerName: GCC  CompilerVersion: 8.4.0
ProgramName: mris_smooth  ProgramArguments: mris_smooth -all-info  ProgramVersion: 7.3.2  TimeStamp: 2026/03/15-09:50:41-GMT  BuildTime: Aug  4 2022 06:17:15  BuildStamp: freesurfer-linux-ubuntu22_x86_64-7.3.2-20220804-6354275  User: oesteban  Machine: dna058  Platform: Linux  PlatformVersion: 5.14.0-427.37.1.el9_4.x86_64  CompilerName: GCC  CompilerVersion: 8.4.0
ProgramName: mris_sphere  ProgramArguments: mris_sphere -all-info  ProgramVersion: 7.3.2  TimeStamp: 2026/03/15-09:50:41-GMT  BuildTime: Aug  4 2022 06:17:15  BuildStamp: freesurfer-linux-ubuntu22_x86_64-7.3.2-20220804-6354275  User: oesteban  Machine: dna058  Platform: Linux  PlatformVersion: 5.14.0-427.37.1.el9_4.x86_64  CompilerName: GCC  CompilerVersion: 8.4.0
ProgramName: mris_surface_stats  ProgramArguments: mris_surface_stats -all-info  ProgramVersion: 7.3.2  TimeStamp: 2026/03/15-09:50:41-GMT  BuildTime: Aug  4 2022 06:17:15  BuildStamp: freesurfer-linux-ubuntu22_x86_64-7.3.2-20220804-6354275  User: oesteban  Machine: dna058  Platform: Linux  PlatformVersion: 5.14.0-427.37.1.el9_4.x86_64  CompilerName: GCC  CompilerVersion: 8.4.0
ProgramName: mri_stats2seg  ProgramArguments: mri_stats2seg -all-info  ProgramVersion: 7.3.2  TimeStamp: 2026/03/15-09:50:41-GMT  BuildTime: Aug  4 2022 06:17:15  BuildStamp: freesurfer-linux-ubuntu22_x86_64-7.3.2-20220804-6354275  User: oesteban  Machine: dna058  Platform: Linux  PlatformVersion: 5.14.0-427.37.1.el9_4.x86_64  CompilerName: GCC  CompilerVersion: 8.4.0
ProgramName: mris_thickness  ProgramArguments: mris_thickness -all-info  ProgramVersion: 7.3.2  TimeStamp: 2026/03/15-09:50:41-GMT  BuildTime: Aug  4 2022 06:17:15  BuildStamp: freesurfer-linux-ubuntu22_x86_64-7.3.2-20220804-6354275  User: oesteban  Machine: dna058  Platform: Linux  PlatformVersion: 5.14.0-427.37.1.el9_4.x86_64  CompilerName: GCC  CompilerVersion: 8.4.0
ProgramName: mris_thickness_diff  ProgramArguments: mris_thickness_diff -all-info  ProgramVersion: 7.3.2  TimeStamp: 2026/03/15-09:50:41-GMT  BuildTime: Aug  4 2022 06:17:15  BuildStamp: freesurfer-linux-ubuntu22_x86_64-7.3.2-20220804-6354275  User: oesteban  Machine: dna058  Platform: Linux  PlatformVersion: 5.14.0-427.37.1.el9_4.x86_64  CompilerName: GCC  CompilerVersion: 8.4.0
ProgramName: mris_topo_fixer  ProgramArguments: mris_topo_fixer -all-info  ProgramVersion: 7.3.2  TimeStamp: 2026/03/15-09:50:41-GMT  BuildTime: Aug  4 2022 06:17:15  BuildStamp: freesurfer-linux-ubuntu22_x86_64-7.3.2-20220804-6354275  User: oesteban  Machine: dna058  Platform: Linux  PlatformVersion: 5.14.0-427.37.1.el9_4.x86_64  CompilerName: GCC  CompilerVersion: 8.4.0
ProgramName: mri_surf2surf  ProgramArguments: mri_surf2surf -all-info  ProgramVersion: 7.3.2  TimeStamp: 2026/03/15-09:50:41-GMT  BuildTime: Aug  4 2022 06:17:15  BuildStamp: freesurfer-linux-ubuntu22_x86_64-7.3.2-20220804-6354275  User: oesteban  Machine: dna058  Platform: Linux  PlatformVersion: 5.14.0-427.37.1.el9_4.x86_64  CompilerName: GCC  CompilerVersion: 8.4.0
ProgramName: mri_surf2vol  ProgramArguments: mri_surf2vol -all-info  ProgramVersion: 7.3.2  TimeStamp: 2026/03/15-09:50:41-GMT  BuildTime: Aug  4 2022 06:17:15  BuildStamp: freesurfer-linux-ubuntu22_x86_64-7.3.2-20220804-6354275  User: oesteban  Machine: dna058  Platform: Linux  PlatformVersion: 5.14.0-427.37.1.el9_4.x86_64  CompilerName: GCC  CompilerVersion: 8.4.0
ProgramName: mri_surfcluster  ProgramArguments: mri_surfcluster -all-info  ProgramVersion: 7.3.2  TimeStamp: 2026/03/15-09:50:41-GMT  BuildTime: Aug  4 2022 06:17:15  BuildStamp: freesurfer-linux-ubuntu22_x86_64-7.3.2-20220804-6354275  User: oesteban  Machine: dna058  Platform: Linux  PlatformVersion: 5.14.0-427.37.1.el9_4.x86_64  CompilerName: GCC  CompilerVersion: 8.4.0
ProgramName: mris_volmask  ProgramArguments: mris_volmask -all-info  ProgramVersion: 7.3.2  TimeStamp: 2026/03/15-09:50:41-GMT  BuildTime: Aug  4 2022 06:17:15  BuildStamp: freesurfer-linux-ubuntu22_x86_64-7.3.2-20220804-6354275  User: oesteban  Machine: dna058  Platform: Linux  PlatformVersion: 5.14.0-427.37.1.el9_4.x86_64  CompilerName: GCC  CompilerVersion: 8.4.0
ProgramName: mri_tessellate  ProgramArguments: mri_tessellate -all-info  ProgramVersion: 7.3.2  TimeStamp: 2026/03/15-09:50:41-GMT  BuildTime: Aug  4 2022 06:17:15  BuildStamp: freesurfer-linux-ubuntu22_x86_64-7.3.2-20220804-6354275  User: oesteban  Machine: dna058  Platform: Linux  PlatformVersion: 5.14.0-427.37.1.el9_4.x86_64  CompilerName: GCC  CompilerVersion: 8.4.0
ProgramName: mri_vol2surf  ProgramArguments: mri_vol2surf -all-info  ProgramVersion: 7.3.2  TimeStamp: 2026/03/15-09:50:41-GMT  BuildTime: Aug  4 2022 06:17:15  BuildStamp: freesurfer-linux-ubuntu22_x86_64-7.3.2-20220804-6354275  User: oesteban  Machine: dna058  Platform: Linux  PlatformVersion: 5.14.0-427.37.1.el9_4.x86_64  CompilerName: GCC  CompilerVersion: 8.4.0
ProgramName: mri_vol2vol  ProgramArguments: mri_vol2vol -all-info  ProgramVersion: 7.3.2  TimeStamp: 2026/03/15-09:50:41-GMT  BuildTime: Aug  4 2022 06:17:15  BuildStamp: freesurfer-linux-ubuntu22_x86_64-7.3.2-20220804-6354275  User: oesteban  Machine: dna058  Platform: Linux  PlatformVersion: 5.14.0-427.37.1.el9_4.x86_64  CompilerName: GCC  CompilerVersion: 8.4.0
ProgramName: mri_voldiff  ProgramArguments: mri_voldiff -all-info  ProgramVersion: 7.3.2  TimeStamp: 2026/03/15-09:50:41-GMT  BuildTime: Aug  4 2022 06:17:15  BuildStamp: freesurfer-linux-ubuntu22_x86_64-7.3.2-20220804-6354275  User: oesteban  Machine: dna058  Platform: Linux  PlatformVersion: 5.14.0-427.37.1.el9_4.x86_64  CompilerName: GCC  CompilerVersion: 8.4.0
ProgramName: mri_watershed  ProgramArguments: mri_watershed -all-info  ProgramVersion: 7.3.2  TimeStamp: 2026/03/15-09:50:41-GMT  BuildTime: Aug  4 2022 06:17:15  BuildStamp: freesurfer-linux-ubuntu22_x86_64-7.3.2-20220804-6354275  User: oesteban  Machine: dna058  Platform: Linux  PlatformVersion: 5.14.0-427.37.1.el9_4.x86_64  CompilerName: GCC  CompilerVersion: 8.4.0
ProgramName: tkregister2  ProgramArguments: tkregister2_cmdl -all-info  ProgramVersion: 7.3.2  TimeStamp: 2026/03/15-09:50:41-GMT  BuildTime: Aug  4 2022 06:17:15  BuildStamp: freesurfer-linux-ubuntu22_x86_64-7.3.2-20220804-6354275  User: oesteban  Machine: dna058  Platform: Linux  PlatformVersion: 5.14.0-427.37.1.el9_4.x86_64  CompilerName: GCC  CompilerVersion: 8.4.0
mri_motion_correct.fsl 7.3.2
mri_convert -all-info 
ProgramName: mri_convert  ProgramArguments: mri_convert -all-info  ProgramVersion: 7.3.2  TimeStamp: 2026/03/15-09:50:41-GMT  BuildTime: Aug  4 2022 06:17:15  BuildStamp: freesurfer-linux-ubuntu22_x86_64-7.3.2-20220804-6354275  User: oesteban  Machine: dna058  Platform: Linux  PlatformVersion: 5.14.0-427.37.1.el9_4.x86_64  CompilerName: GCC  CompilerVersion: 8.4.0
Program nu_correct, built from:
Package MNI N3, version 1.12.0, compiled by nicks@terrier (x86_64-unknown-linux-gnu) on 2015-06-19 at 01:25:34
#######################################
GCADIR /opt/freesurfer/average
GCA RB_all_2020-01-02.gca
GCASkull RB_all_withskull_2020_01_02.gca
AvgCurvTif folding.atlas.acfb40.noaparc.i12.2016-08-02.tif
GCSDIR /opt/freesurfer/average
GCS DKaparc.atlas.acfb40.noaparc.i12.2016-08-02.gcs
#######################################
#--------------------------------------------
#@# WhiteSurfs lh Sun Mar 15 10:50:41 CET 2026
cd /out/sourcedata/freesurfer/sub-v2s10x28989_ses-1/mri
mris_place_surface --adgws-in ../surf/autodet.gw.stats.lh.dat --seg aseg.presurf.mgz --threads 16 --wm wm.mgz --invol brain.finalsurfs.mgz --lh --i ../surf/lh.white.preaparc --o ../surf/lh.white --white --nsmooth 0 --rip-label ../label/lh.cortex.label --rip-bg --rip-surf ../surf/lh.white.preaparc --aparc ../label/lh.aparc.annot
   Update not needed
#--------------------------------------------
#@# WhiteSurfs rh Sun Mar 15 10:50:41 CET 2026
cd /out/sourcedata/freesurfer/sub-v2s10x28989_ses-1/mri
mris_place_surface --adgws-in ../surf/autodet.gw.stats.rh.dat --seg aseg.presurf.mgz --threads 16 --wm wm.mgz --invol brain.finalsurfs.mgz --rh --i ../surf/rh.white.preaparc --o ../surf/rh.white --white --nsmooth 0 --rip-label ../label/rh.cortex.label --rip-bg --rip-surf ../surf/rh.white.preaparc --aparc ../label/rh.aparc.annot
   Update not needed
#@# white curv lh Sun Mar 15 10:50:41 CET 2026
cd /out/sourcedata/freesurfer/sub-v2s10x28989_ses-1/mri
mris_place_surface --curv-map ../surf/lh.white 2 10 ../surf/lh.curv
   Update not needed
#@# white area lh Sun Mar 15 10:50:41 CET 2026
cd /out/sourcedata/freesurfer/sub-v2s10x28989_ses-1/mri
mris_place_surface --area-map ../surf/lh.white ../surf/lh.area
   Update not needed
#@# pial curv lh Sun Mar 15 10:50:41 CET 2026
cd /out/sourcedata/freesurfer/sub-v2s10x28989_ses-1/mri
mris_place_surface --curv-map ../surf/lh.pial 2 10 ../surf/lh.curv.pial
   Update not needed
#@# pial area lh Sun Mar 15 10:50:41 CET 2026
cd /out/sourcedata/freesurfer/sub-v2s10x28989_ses-1/mri
mris_place_surface --area-map ../surf/lh.pial ../surf/lh.area.pial
   Update not needed
#@# thickness lh Sun Mar 15 10:50:41 CET 2026
cd /out/sourcedata/freesurfer/sub-v2s10x28989_ses-1/mri
mris_place_surface --thickness ../surf/lh.white ../surf/lh.pial 20 5 ../surf/lh.thickness
   Update not needed
#@# area and vertex vol lh Sun Mar 15 10:50:41 CET 2026
cd /out/sourcedata/freesurfer/sub-v2s10x28989_ses-1/mri
mris_place_surface --thickness ../surf/lh.white ../surf/lh.pial 20 5 ../surf/lh.thickness
   Update not needed
#@# white curv rh Sun Mar 15 10:50:41 CET 2026
cd /out/sourcedata/freesurfer/sub-v2s10x28989_ses-1/mri
mris_place_surface --curv-map ../surf/rh.white 2 10 ../surf/rh.curv
   Update not needed
#@# white area rh Sun Mar 15 10:50:41 CET 2026
cd /out/sourcedata/freesurfer/sub-v2s10x28989_ses-1/mri
mris_place_surface --area-map ../surf/rh.white ../surf/rh.area
   Update not needed
#@# pial curv rh Sun Mar 15 10:50:41 CET 2026
cd /out/sourcedata/freesurfer/sub-v2s10x28989_ses-1/mri
mris_place_surface --curv-map ../surf/rh.pial 2 10 ../surf/rh.curv.pial
   Update not needed
#@# pial area rh Sun Mar 15 10:50:41 CET 2026
cd /out/sourcedata/freesurfer/sub-v2s10x28989_ses-1/mri
mris_place_surface --area-map ../surf/rh.pial ../surf/rh.area.pial
   Update not needed
#@# thickness rh Sun Mar 15 10:50:41 CET 2026
cd /out/sourcedata/freesurfer/sub-v2s10x28989_ses-1/mri
mris_place_surface --thickness ../surf/rh.white ../surf/rh.pial 20 5 ../surf/rh.thickness
   Update not needed
#@# area and vertex vol rh Sun Mar 15 10:50:41 CET 2026
cd /out/sourcedata/freesurfer/sub-v2s10x28989_ses-1/mri
mris_place_surface --thickness ../surf/rh.white ../surf/rh.pial 20 5 ../surf/rh.thickness
   Update not needed

#-----------------------------------------
#@# Curvature Stats lh Sun Mar 15 10:50:41 CET 2026
/out/sourcedata/freesurfer/sub-v2s10x28989_ses-1/surf

 mris_curvature_stats -m --writeCurvatureFiles -G -o ../stats/lh.curv.stats -F smoothwm sub-v2s10x28989_ses-1 lh curv sulc 

             Toggling save flag on curvature files                       [ ok ]
                 Outputting results using filestem   [ ../stats/lh.curv.stats ]
             Toggling save flag on curvature files                       [ ok ]
                                   Setting surface [ sub-v2s10x28989_ses-1/lh.smoothwm ]
                                Reading surface...                       [ ok ]
                                   Setting texture                     [ curv ]
                                Reading texture...                       [ ok ]
                                   Setting texture                     [ sulc ]
                                Reading texture...Gb_filter = 0
                       [ ok ]
      Calculating Discrete Principal Curvatures...
      Determining geometric order for vno faces... [####################] [ ok ]
                      Determining KH curvatures... [####################] [ ok ]
                    Determining k1k2 curvatures... [####################] [ ok ]
                                   deltaViolations                      [ 278 ]
Gb_filter = 0

WARN:    S lookup   min:                          -0.149536
WARN:    S explicit min:                          0.000000	vertex = 142

#-----------------------------------------
#@# Curvature Stats rh Sun Mar 15 10:50:44 CET 2026
/out/sourcedata/freesurfer/sub-v2s10x28989_ses-1/surf

 mris_curvature_stats -m --writeCurvatureFiles -G -o ../stats/rh.curv.stats -F smoothwm sub-v2s10x28989_ses-1 rh curv sulc 

             Toggling save flag on curvature files                       [ ok ]
                 Outputting results using filestem   [ ../stats/rh.curv.stats ]
             Toggling save flag on curvature files                       [ ok ]
                                   Setting surface [ sub-v2s10x28989_ses-1/rh.smoothwm ]
                                Reading surface...                       [ ok ]
                                   Setting texture                     [ curv ]
                                Reading texture...                       [ ok ]
                                   Setting texture                     [ sulc ]
                                Reading texture...Gb_filter = 0
                       [ ok ]
      Calculating Discrete Principal Curvatures...
      Determining geometric order for vno faces... [####################] [ ok ]
                      Determining KH curvatures... [####################] [ ok ]
                    Determining k1k2 curvatures... [####################] [ ok ]
                                   deltaViolations                      [ 246 ]
Gb_filter = 0

WARN:    S lookup   min:                          -0.143544
WARN:    S explicit min:                          0.000000	vertex = 5
#-----------------------------------------
#@# Relabel Hypointensities Sun Mar 15 10:50:46 CET 2026
/out/sourcedata/freesurfer/sub-v2s10x28989_ses-1/mri

 mri_relabel_hypointensities aseg.presurf.mgz ../surf aseg.presurf.hypos.mgz 

reading input surface ../surf/lh.white...
relabeling lh hypointensities...
4436 voxels changed to hypointensity...
reading input surface ../surf/rh.white...
relabeling rh hypointensities...
4677 voxels changed to hypointensity...
9136 hypointense voxels neighboring cortex changed
#-----------------------------------------
#@# APas-to-ASeg Sun Mar 15 10:51:02 CET 2026
/out/sourcedata/freesurfer/sub-v2s10x28989_ses-1/mri

 mri_surf2volseg --o aseg.mgz --i aseg.presurf.hypos.mgz --fix-presurf-with-ribbon /out/sourcedata/freesurfer/sub-v2s10x28989_ses-1/mri/ribbon.mgz --threads 16 --lh-cortex-mask /out/sourcedata/freesurfer/sub-v2s10x28989_ses-1/label/lh.cortex.label --lh-white /out/sourcedata/freesurfer/sub-v2s10x28989_ses-1/surf/lh.white --lh-pial /out/sourcedata/freesurfer/sub-v2s10x28989_ses-1/surf/lh.pial --rh-cortex-mask /out/sourcedata/freesurfer/sub-v2s10x28989_ses-1/label/rh.cortex.label --rh-white /out/sourcedata/freesurfer/sub-v2s10x28989_ses-1/surf/rh.white --rh-pial /out/sourcedata/freesurfer/sub-v2s10x28989_ses-1/surf/rh.pial 

SUBJECTS_DIR /out/sourcedata/freesurfer
outvol aseg.mgz
16 avail.processors, using 16
Loading aseg.presurf.hypos.mgz
Loading /out/sourcedata/freesurfer/sub-v2s10x28989_ses-1/mri/ribbon.mgz
Loading /out/sourcedata/freesurfer/sub-v2s10x28989_ses-1/surf/lh.white
Loading /out/sourcedata/freesurfer/sub-v2s10x28989_ses-1/surf/lh.pial
Loading /out/sourcedata/freesurfer/sub-v2s10x28989_ses-1/label/lh.cortex.label
Loading /out/sourcedata/freesurfer/sub-v2s10x28989_ses-1/surf/rh.white
Loading /out/sourcedata/freesurfer/sub-v2s10x28989_ses-1/surf/rh.pial
Loading /out/sourcedata/freesurfer/sub-v2s10x28989_ses-1/label/rh.cortex.label
Done loading
224  80  96  16 208 160 240   0 144 128 112  48 176  64  32 192  17 241 225 209  33   1 193  65  49  81 177  97   2 242  34  18 226 210 194  50 161  66 113  82  35   3 243 195 227 211 145  19 
 51 178  67   4  36 244 162  98 228 212 196  83  20  52  68   5  37 245 179 
 21 213 197 229 146  53  84  38 246   6  69  22  99 
163 230 214 198  54 180 114  85  39 
 23 247   7  70 199 231 
215 147  55 100 164  24  40 248   8  86  71 216 232 200 181  56 129  25  41 249   9 148 201 233 217  57  72  87 182 101 165  26  42 250  10  58 115 202 234 218  73  88 149  27  43 251  59 
 11 235 203 219 
183 102 166  60  28  44 252  12  74  89 220 204 236 150  61 184  45  29 253  13 103 221 205 237  75 116  62 185  14  46  30 254  90 167 151 222 238 206  63 186  15  31 255  76 104  47 223 207 239 
 91 152 168 187  77 105 117 130 188  92 153 169  78 189 106 118 170 154 190  93  79 
107 191 171 155  94 108 119 
172 156 131  95 109 173 120 157 110 174 158 121 132 175 111 159 
122 133 123 134 124 135 125 136 126 137 127 138 139 
140 141 142 143 
nrelabeled = 182159
ndotcheck = 0
Starting Surf2VolSeg free
free done
#VMPC# mri_surf2volseg VmPeak  1986448
mri_surf2volseg done

 mri_brainvol_stats sub-v2s10x28989_ses-1 

ComputeBrainVolumeStats2 VoxelVol=1, KeepCSF=1
  #CBVS2 MaskVol              1547648.0
  #CBVS2 BrainSegVol          1263075.0
  #CBVS2 BrainSegVolNotVent   1251111.0
  #CBVS2 SupraTentVol         1119467.0
  #CBVS2 SupraTentVolNotVent  1107503.0
  #CBVS2 lhCtxGM               289129.0
  #CBVS2 rhCtxGM               283994.8
  #CBVS2 lhCerebralWM          236160.0
  #CBVS2 rhCerebralWM          232058.0
  #CBVS2 SubCortGMVol           67185.0
  #CBVS2 CerebellumVol         143608.0
  #CBVS2 CerebellumGMVol       120287.0
  #CBVS2 VentChorVol             8705.0
  #CBVS2 3rd4th5thCSF            3259.0
  #CBVS2 AllCSF                 11964.0
  #CBVS2 CCVol                   3004.0
#-----------------------------------------
#@# AParc-to-ASeg aparc Sun Mar 15 10:51:10 CET 2026
/out/sourcedata/freesurfer/sub-v2s10x28989_ses-1/mri

 mri_surf2volseg --o aparc+aseg.mgz --label-cortex --i aseg.mgz --threads 16 --lh-annot /out/sourcedata/freesurfer/sub-v2s10x28989_ses-1/label/lh.aparc.annot 1000 --lh-cortex-mask /out/sourcedata/freesurfer/sub-v2s10x28989_ses-1/label/lh.cortex.label --lh-white /out/sourcedata/freesurfer/sub-v2s10x28989_ses-1/surf/lh.white --lh-pial /out/sourcedata/freesurfer/sub-v2s10x28989_ses-1/surf/lh.pial --rh-annot /out/sourcedata/freesurfer/sub-v2s10x28989_ses-1/label/rh.aparc.annot 2000 --rh-cortex-mask /out/sourcedata/freesurfer/sub-v2s10x28989_ses-1/label/rh.cortex.label --rh-white /out/sourcedata/freesurfer/sub-v2s10x28989_ses-1/surf/rh.white --rh-pial /out/sourcedata/freesurfer/sub-v2s10x28989_ses-1/surf/rh.pial 

SUBJECTS_DIR /out/sourcedata/freesurfer
outvol aparc+aseg.mgz
16 avail.processors, using 16
Loading aseg.mgz
Loading /out/sourcedata/freesurfer/sub-v2s10x28989_ses-1/surf/lh.white
Loading /out/sourcedata/freesurfer/sub-v2s10x28989_ses-1/surf/lh.pial
Loading /out/sourcedata/freesurfer/sub-v2s10x28989_ses-1/label/lh.cortex.label
Ripping lh vertices labeled not in lh.cortex.label
  ripped 8485 vertices from lh hemi
Loading /out/sourcedata/freesurfer/sub-v2s10x28989_ses-1/label/lh.aparc.annot
Loading /out/sourcedata/freesurfer/sub-v2s10x28989_ses-1/surf/rh.white
Loading /out/sourcedata/freesurfer/sub-v2s10x28989_ses-1/surf/rh.pial
Loading /out/sourcedata/freesurfer/sub-v2s10x28989_ses-1/label/rh.cortex.label
Ripping rh vertices labeled not in rh.cortex.label
  ripped 8478 vertices from rh hemi
Loading /out/sourcedata/freesurfer/sub-v2s10x28989_ses-1/label/rh.aparc.annot
Done loading
 48 128 208 176  16 112  80 160 224  96 192  64  32 144   0 240   1  33 225  17 209  49 241 193  34   2  18  50 210 226 242 194  19 
  3  35  51 227 211  20   4  52  36 243 195 212 228  21   5  37  53 244 196 213 229  22   6  38  54 245 197 214 230  23   7  55  39 
 24   8  56  40 246 215 231 198  25   9  41  57 247 232 199 
216  26  10  42  58 248 233 217 200  27  11  43  59 
 28  12  44  60 249 234 201 218  13  29  45  61 250 219 
235 202  14  30  46  62  15  31 251 236 203 220  47 237 252 204 221 238 205 222  63 253 239 
206 223 207 254 255  65  66  67 113 129 145  68  97  81 114 177  69 146 130 161 115  70  98  82 147 116  71 178  99 
131  72 117 148 162  83 100  73 179 
118 149 132 101  84  74 180 163 119 
150 102  75  85 103 133 120 181 151  76 164 104  86 121  77 182 152 105  78 165  87 122 134 183 153 106  79 
184 107 154  88 123 166 185 108 155 186 135  89 109 124 187 167 156 188 110 189 190 191 111  90 125 157 168 136 158  91 169 126 137 159 
170 127  92 171 138  93 139 
 94 172  95 140 173 141 174 142 175 143 
nrelabeled = 572051
ndotcheck = 39590
Starting Surf2VolSeg free
free done
#VMPC# mri_surf2volseg VmPeak  1970732
mri_surf2volseg done
#-----------------------------------------
#@# AParc-to-ASeg aparc.a2009s Sun Mar 15 10:51:56 CET 2026
/out/sourcedata/freesurfer/sub-v2s10x28989_ses-1/mri

 mri_surf2volseg --o aparc.a2009s+aseg.mgz --label-cortex --i aseg.mgz --threads 16 --lh-annot /out/sourcedata/freesurfer/sub-v2s10x28989_ses-1/label/lh.aparc.a2009s.annot 11100 --lh-cortex-mask /out/sourcedata/freesurfer/sub-v2s10x28989_ses-1/label/lh.cortex.label --lh-white /out/sourcedata/freesurfer/sub-v2s10x28989_ses-1/surf/lh.white --lh-pial /out/sourcedata/freesurfer/sub-v2s10x28989_ses-1/surf/lh.pial --rh-annot /out/sourcedata/freesurfer/sub-v2s10x28989_ses-1/label/rh.aparc.a2009s.annot 12100 --rh-cortex-mask /out/sourcedata/freesurfer/sub-v2s10x28989_ses-1/label/rh.cortex.label --rh-white /out/sourcedata/freesurfer/sub-v2s10x28989_ses-1/surf/rh.white --rh-pial /out/sourcedata/freesurfer/sub-v2s10x28989_ses-1/surf/rh.pial 

SUBJECTS_DIR /out/sourcedata/freesurfer
outvol aparc.a2009s+aseg.mgz
16 avail.processors, using 16
Loading aseg.mgz
Loading /out/sourcedata/freesurfer/sub-v2s10x28989_ses-1/surf/lh.white
Loading /out/sourcedata/freesurfer/sub-v2s10x28989_ses-1/surf/lh.pial
Loading /out/sourcedata/freesurfer/sub-v2s10x28989_ses-1/label/lh.cortex.label
Ripping lh vertices labeled not in lh.cortex.label
  ripped 8485 vertices from lh hemi
Loading /out/sourcedata/freesurfer/sub-v2s10x28989_ses-1/label/lh.aparc.a2009s.annot
Loading /out/sourcedata/freesurfer/sub-v2s10x28989_ses-1/surf/rh.white
Loading /out/sourcedata/freesurfer/sub-v2s10x28989_ses-1/surf/rh.pial
Loading /out/sourcedata/freesurfer/sub-v2s10x28989_ses-1/label/rh.cortex.label
Ripping rh vertices labeled not in rh.cortex.label
  ripped 8478 vertices from rh hemi
Loading /out/sourcedata/freesurfer/sub-v2s10x28989_ses-1/label/rh.aparc.a2009s.annot
Done loading
  0  48  16  64  96 192 128 112 208 144 160  32 224  80 176 240 225  33   1  49 209  17 241 226   2  50  34 210  18 193   3 242  51  35 227 211  19 
  4  52  36 194 243 228 212  20   5  37  53  21 195 213 229   6 244  54  38  22   7 214 230  55  39 
196 245  23   8 215 231  56  40  24 197   9 246 216 232  57  41  25  10  58  42 198 247 217 233  26  11  59 
 43  27 199 
218 234  12 248  60  44  28  13 219 
235 200  45  61 249  29  14 220 236  46  30  15 201  62 250 237 221  47  31 202 251 222 238 203 252 223 239 
 63 204 253 205 254  65 206 255 207  66 113 129  67 145  97 177  68 114  81 161 146 130  69 115  98 147 178  70 116 131  82 162 148  99 
 71 179 
117  72 149 100 132  83 163 180 118  73 101 150 181  84 133 164 102 119 
 74 151 182 103 165 183  75 152 120  85 134 184 104 153 166 185  76 121 105  86 186 154 187 135 106 188  77 167 122 189 190 191 155  87 107  78 168 156 136 123 108  79 
 88 169 157 109 137 124 110 170 158 111  89 171 159 
138 125  90 172 139 
126 173 140  91 127 141 174 142  92 175 143  93  94  95 
nrelabeled = 572051
ndotcheck = 39590
Starting Surf2VolSeg free
free done
#VMPC# mri_surf2volseg VmPeak  1970820
mri_surf2volseg done
#-----------------------------------------
#@# AParc-to-ASeg aparc.DKTatlas Sun Mar 15 10:52:38 CET 2026
/out/sourcedata/freesurfer/sub-v2s10x28989_ses-1/mri

 mri_surf2volseg --o aparc.DKTatlas+aseg.mgz --label-cortex --i aseg.mgz --threads 16 --lh-annot /out/sourcedata/freesurfer/sub-v2s10x28989_ses-1/label/lh.aparc.DKTatlas.annot 1000 --lh-cortex-mask /out/sourcedata/freesurfer/sub-v2s10x28989_ses-1/label/lh.cortex.label --lh-white /out/sourcedata/freesurfer/sub-v2s10x28989_ses-1/surf/lh.white --lh-pial /out/sourcedata/freesurfer/sub-v2s10x28989_ses-1/surf/lh.pial --rh-annot /out/sourcedata/freesurfer/sub-v2s10x28989_ses-1/label/rh.aparc.DKTatlas.annot 2000 --rh-cortex-mask /out/sourcedata/freesurfer/sub-v2s10x28989_ses-1/label/rh.cortex.label --rh-white /out/sourcedata/freesurfer/sub-v2s10x28989_ses-1/surf/rh.white --rh-pial /out/sourcedata/freesurfer/sub-v2s10x28989_ses-1/surf/rh.pial 

SUBJECTS_DIR /out/sourcedata/freesurfer
outvol aparc.DKTatlas+aseg.mgz
16 avail.processors, using 16
Loading aseg.mgz
Loading /out/sourcedata/freesurfer/sub-v2s10x28989_ses-1/surf/lh.white
Loading /out/sourcedata/freesurfer/sub-v2s10x28989_ses-1/surf/lh.pial
Loading /out/sourcedata/freesurfer/sub-v2s10x28989_ses-1/label/lh.cortex.label
Ripping lh vertices labeled not in lh.cortex.label
  ripped 8485 vertices from lh hemi
Loading /out/sourcedata/freesurfer/sub-v2s10x28989_ses-1/label/lh.aparc.DKTatlas.annot
Loading /out/sourcedata/freesurfer/sub-v2s10x28989_ses-1/surf/rh.white
Loading /out/sourcedata/freesurfer/sub-v2s10x28989_ses-1/surf/rh.pial
Loading /out/sourcedata/freesurfer/sub-v2s10x28989_ses-1/label/rh.cortex.label
Ripping rh vertices labeled not in rh.cortex.label
  ripped 8478 vertices from rh hemi
Loading /out/sourcedata/freesurfer/sub-v2s10x28989_ses-1/label/rh.aparc.DKTatlas.annot
Done loading
176  32 240   0 112  64 128 224  80 160  16  96  48 144 192 208   1 241  17  49  33 225 209 193  18   2 242  50  34 226 210 194  19 
  3  35  51 243 227 195  20   4  52  36 211 244 228  21 196   5  53  37 245 229 212  22   6 197  54  38 246 230  23   7  55  39 
213 198 247  24 231   8  56  40 199 
214 248  25   9 232  57  41 200  26 249  10  58  42 215 233 201  27 250  11  59 
 43 234 216  28 202  12 251  60  44 235  29 203  13  45 217  61 252 236  30  14 204  46 253  62 218  31 237  15 205  47 254 219 
238 255 206 239 
207  63 220 221 222  65 223  66 113  67 145 129  68 177  81 114  97 161 146  69 130 115 147  70 178  82  98 116 162 148  71 131 179 
 72 117  83 149  99 
163 180  73 150 118 132 100  84 181  74 151 164 119 
101 182  75 133  85 152 165 102 183 120 153  76 184  86 103 166 185 154  77 134 121 186 187 155  87 104 167 188  78 189 190 191 122 156 105 168 135  88  79 
157 106 169 123 158 107  89 136 170 159 
108 124 171 137  90 109 172 110 138 125 111  91 173 139 
174 126 140  92 175 127 141 142  93 143  94  95 
nrelabeled = 572051
ndotcheck = 39590
Starting Surf2VolSeg free
free done
#VMPC# mri_surf2volseg VmPeak  1970740
mri_surf2volseg done
#-----------------------------------------
#@# WMParc Sun Mar 15 10:53:29 CET 2026
/out/sourcedata/freesurfer/sub-v2s10x28989_ses-1/mri

 mri_surf2volseg --o wmparc.mgz --label-wm --i aparc+aseg.mgz --threads 16 --lh-annot /out/sourcedata/freesurfer/sub-v2s10x28989_ses-1/label/lh.aparc.annot 3000 --lh-cortex-mask /out/sourcedata/freesurfer/sub-v2s10x28989_ses-1/label/lh.cortex.label --lh-white /out/sourcedata/freesurfer/sub-v2s10x28989_ses-1/surf/lh.white --lh-pial /out/sourcedata/freesurfer/sub-v2s10x28989_ses-1/surf/lh.pial --rh-annot /out/sourcedata/freesurfer/sub-v2s10x28989_ses-1/label/rh.aparc.annot 4000 --rh-cortex-mask /out/sourcedata/freesurfer/sub-v2s10x28989_ses-1/label/rh.cortex.label --rh-white /out/sourcedata/freesurfer/sub-v2s10x28989_ses-1/surf/rh.white --rh-pial /out/sourcedata/freesurfer/sub-v2s10x28989_ses-1/surf/rh.pial 

SUBJECTS_DIR /out/sourcedata/freesurfer
outvol wmparc.mgz
16 avail.processors, using 16
Loading aparc+aseg.mgz
Loading /out/sourcedata/freesurfer/sub-v2s10x28989_ses-1/surf/lh.white
Loading /out/sourcedata/freesurfer/sub-v2s10x28989_ses-1/surf/lh.pial
Loading /out/sourcedata/freesurfer/sub-v2s10x28989_ses-1/label/lh.cortex.label
Ripping lh vertices labeled not in lh.cortex.label
  ripped 8485 vertices from lh hemi
Loading /out/sourcedata/freesurfer/sub-v2s10x28989_ses-1/label/lh.aparc.annot
Loading /out/sourcedata/freesurfer/sub-v2s10x28989_ses-1/surf/rh.white
Loading /out/sourcedata/freesurfer/sub-v2s10x28989_ses-1/surf/rh.pial
Loading /out/sourcedata/freesurfer/sub-v2s10x28989_ses-1/label/rh.cortex.label
Ripping rh vertices labeled not in rh.cortex.label
  ripped 8478 vertices from rh hemi
Loading /out/sourcedata/freesurfer/sub-v2s10x28989_ses-1/label/rh.aparc.annot
Done loading
  0 192 240  48  16 112 128 224  64 208 144  80 176  96  32 160 241  33 209 193  49 225  65  17   1 242 210 194 226  34  50  66  18   2 243 211 195 227  35  51  19 
  3  67 244 212 196 228  36  52  20   4 245 213 197 229  37  53  21   5 246 214 198 230  38  54  22   6  68 247 215 199 
231  39 
 55  23   7 248 216 200 232 129  40  56  24   8 249 217 201 233  41  57  25   9 250 218 202 234  69  42  58  26  10 251 219 
203 235  43  59 
 27  11 252 220 204 236  44  60  28  12 253 221 205 237  45  61  29  13 254  70 222 206 238  46  62  30  14 255 223 207 239 
 47  63  31  15  71 130  81 177  72 131  73  82  97 178 161 113 145  74 179 
132  83  75 180  76  84  98 133 181  77 162 114 182  85  78 183 134 146 184 185  79 
186 163  86 187  99 
188 189 190 191 115 135  87 164 100 136  88 116 147 165  89 101 117 137 166  90 148 102 167  91 118 138  92 168 103 149 119 
139 
 93 169 104 150 120 170  94 140 105 121 151 171  95 106 172 122 141 152 173 123 107 174 124 153 125 142 175 126 108 127 154 109 143 155 110 156 111 157 158 159 

nrelabeled = 465214
ndotcheck = 3701
Starting Surf2VolSeg free
free done
#VMPC# mri_surf2volseg VmPeak  1970732
mri_surf2volseg done

 mri_segstats --seed 1234 --seg mri/wmparc.mgz --sum stats/wmparc.stats --pv mri/norm.mgz --excludeid 0 --brainmask mri/brainmask.mgz --in mri/norm.mgz --in-intensity-name norm --in-intensity-units MR --subject sub-v2s10x28989_ses-1 --surf-wm-vol --ctab /opt/freesurfer/WMParcStatsLUT.txt --etiv 

setting seed for random number genererator to 1234

7.3.2
cwd 
cmdline mri_segstats --seed 1234 --seg mri/wmparc.mgz --sum stats/wmparc.stats --pv mri/norm.mgz --excludeid 0 --brainmask mri/brainmask.mgz --in mri/norm.mgz --in-intensity-name norm --in-intensity-units MR --subject sub-v2s10x28989_ses-1 --surf-wm-vol --ctab /opt/freesurfer/WMParcStatsLUT.txt --etiv 
sysname  Linux
hostname dna058
machine  x86_64
user     oesteban
whitesurfname  white
UseRobust  0
atlas_icv (eTIV) = 1607222 mm^3    (det: 1.212095 )
Loading mri/wmparc.mgz
Getting Brain Volume Statistics
Loading mri/norm.mgz
Loading mri/norm.mgz
Voxel Volume is 1 mm^3
Generating list of segmentation ids
Found 390 segmentations
Computing statistics for each segmentation

Reporting on  70 segmentations
Using PrintSegStat
mri_segstats done
#--------------------------------------------
#@# ASeg Stats Sun Mar 15 10:57:11 CET 2026
/out/sourcedata/freesurfer/sub-v2s10x28989_ses-1

 mri_segstats --seed 1234 --seg mri/aseg.mgz --sum stats/aseg.stats --pv mri/norm.mgz --empty --brainmask mri/brainmask.mgz --brain-vol-from-seg --excludeid 0 --excl-ctxgmwm --supratent --subcortgray --in mri/norm.mgz --in-intensity-name norm --in-intensity-units MR --etiv --surf-wm-vol --surf-ctx-vol --totalgray --euler --ctab /opt/freesurfer/ASegStatsLUT.txt --subject sub-v2s10x28989_ses-1 

setting seed for random number genererator to 1234

7.3.2
cwd 
cmdline mri_segstats --seed 1234 --seg mri/aseg.mgz --sum stats/aseg.stats --pv mri/norm.mgz --empty --brainmask mri/brainmask.mgz --brain-vol-from-seg --excludeid 0 --excl-ctxgmwm --supratent --subcortgray --in mri/norm.mgz --in-intensity-name norm --in-intensity-units MR --etiv --surf-wm-vol --surf-ctx-vol --totalgray --euler --ctab /opt/freesurfer/ASegStatsLUT.txt --subject sub-v2s10x28989_ses-1 
sysname  Linux
hostname dna058
machine  x86_64
user     oesteban
whitesurfname  white
UseRobust  0
atlas_icv (eTIV) = 1607222 mm^3    (det: 1.212095 )
Computing euler number
orig.nofix lheno =  -48, rheno = -30
orig.nofix lhholes =   25, rhholes = 16
Loading mri/aseg.mgz
Getting Brain Volume Statistics
Loading mri/norm.mgz
Loading mri/norm.mgz
Voxel Volume is 1 mm^3
Generating list of segmentation ids
Found  50 segmentations
Computing statistics for each segmentation

Reporting on  45 segmentations
Using PrintSegStat
mri_segstats done

Started at Sun Mar 15 10:50:40 CET 2026 
Ended   at Sun Mar 15 10:57:49 CET 2026
#@#%# recon-all-run-time-hours 0.119
recon-all -s sub-v2s10x28989_ses-1 finished without error at Sun Mar 15 10:57:49 CET 2026
