
Sun Mar 15 10:15:50 CET 2026
cd /out/sourcedata/freesurfer/sub-v2s10x28989_ses-1
setenv SUBJECTS_DIR /out/sourcedata/freesurfer
/opt/freesurfer/bin/recon-all -autorecon-hemi rh -noparcstats -noparcstats2 -noparcstats3 -nohyporelabel -nobalabels -rh-only -openmp 16 -subjid sub-v2s10x28989_ses-1 -sd /out/sourcedata/freesurfer

subjid sub-v2s10x28989_ses-1
setenv SUBJECTS_DIR /out/sourcedata/freesurfer
FREESURFER_HOME /opt/freesurfer
Actual FREESURFER_HOME /opt/freesurfer
build-stamp.txt: freesurfer-linux-ubuntu22_x86_64-7.3.2-20220804-6354275
Linux dna058 5.14.0-427.37.1.el9_4.x86_64 #1 SMP PREEMPT_DYNAMIC Fri Sep 13 12:41:50 EDT 2024 x86_64 x86_64 x86_64 GNU/Linux
cputime      unlimited
filesize     unlimited
datasize     unlimited
stacksize    8192 kbytes
coredumpsize 0 kbytes
memoryuse    67108864 kbytes
vmemoryuse   unlimited
descriptors  1024 
memorylocked unlimited
maxproc      2061970 
maxlocks     unlimited
maxsignal    2061970 
maxmessage   819200 
maxnice      0 
maxrtprio    0 
maxrttime    unlimited

               total        used        free      shared  buff/cache   available
Mem:           503Gi        58Gi        83Gi        18Gi       361Gi       422Gi
Swap:             0B          0B          0B

########################################
program versions used
7.3.2 (freesurfer-linux-ubuntu22_x86_64-7.3.2-20220804-6354275)
7.3.2

ProgramName: lta_convert  ProgramArguments: lta_convert -all-info  ProgramVersion: 7.3.2  TimeStamp: 2026/03/15-09:15:50-GMT  BuildTime: Aug  4 2022 06:17:15  BuildStamp: freesurfer-linux-ubuntu22_x86_64-7.3.2-20220804-6354275  User: oesteban  Machine: dna058  Platform: Linux  PlatformVersion: 5.14.0-427.37.1.el9_4.x86_64  CompilerName: GCC  CompilerVersion: 8.4.0
ProgramName: mri_and  ProgramArguments: mri_and -all-info  ProgramVersion: 7.3.2  TimeStamp: 2026/03/15-09:15:50-GMT  BuildTime: Aug  4 2022 06:17:15  BuildStamp: freesurfer-linux-ubuntu22_x86_64-7.3.2-20220804-6354275  User: oesteban  Machine: dna058  Platform: Linux  PlatformVersion: 5.14.0-427.37.1.el9_4.x86_64  CompilerName: GCC  CompilerVersion: 8.4.0
ProgramName: mri_annotation2label  ProgramArguments: mri_annotation2label -all-info  ProgramVersion: 7.3.2  TimeStamp: 2026/03/15-09:15:50-GMT  BuildTime: Aug  4 2022 06:17:15  BuildStamp: freesurfer-linux-ubuntu22_x86_64-7.3.2-20220804-6354275  User: oesteban  Machine: dna058  Platform: Linux  PlatformVersion: 5.14.0-427.37.1.el9_4.x86_64  CompilerName: GCC  CompilerVersion: 8.4.0
ProgramName: mri_aparc2aseg  ProgramArguments: mri_aparc2aseg -all-info  ProgramVersion: 7.3.2  TimeStamp: 2026/03/15-09:15:50-GMT  BuildTime: Aug  4 2022 06:17:15  BuildStamp: freesurfer-linux-ubuntu22_x86_64-7.3.2-20220804-6354275  User: oesteban  Machine: dna058  Platform: Linux  PlatformVersion: 5.14.0-427.37.1.el9_4.x86_64  CompilerName: GCC  CompilerVersion: 8.4.0
ProgramName: mri_surf2volseg  ProgramArguments: mri_surf2volseg -all-info  ProgramVersion: 7.3.2  TimeStamp: 2026/03/15-09:15:50-GMT  BuildTime: Aug  4 2022 06:17:15  BuildStamp: freesurfer-linux-ubuntu22_x86_64-7.3.2-20220804-6354275  User: oesteban  Machine: dna058  Platform: Linux  PlatformVersion: 5.14.0-427.37.1.el9_4.x86_64  CompilerName: GCC  CompilerVersion: 8.4.0
ProgramName: mri_binarize  ProgramArguments: mri_binarize -all-info  ProgramVersion: 7.3.2  TimeStamp: 2026/03/15-09:15:50-GMT  BuildTime: Aug  4 2022 06:17:15  BuildStamp: freesurfer-linux-ubuntu22_x86_64-7.3.2-20220804-6354275  User: oesteban  Machine: dna058  Platform: Linux  PlatformVersion: 5.14.0-427.37.1.el9_4.x86_64  CompilerName: GCC  CompilerVersion: 8.4.0
ProgramName: mri_ca_label  ProgramArguments: mri_ca_label -all-info  ProgramVersion: 7.3.2  TimeStamp: 2026/03/15-09:15:50-GMT  BuildTime: Aug  4 2022 06:17:15  BuildStamp: freesurfer-linux-ubuntu22_x86_64-7.3.2-20220804-6354275  User: oesteban  Machine: dna058  Platform: Linux  PlatformVersion: 5.14.0-427.37.1.el9_4.x86_64  CompilerName: GCC  CompilerVersion: 8.4.0
ProgramName: mri_ca_normalize  ProgramArguments: mri_ca_normalize -all-info  ProgramVersion: 7.3.2  TimeStamp: 2026/03/15-09:15:50-GMT  BuildTime: Aug  4 2022 06:17:15  BuildStamp: freesurfer-linux-ubuntu22_x86_64-7.3.2-20220804-6354275  User: oesteban  Machine: dna058  Platform: Linux  PlatformVersion: 5.14.0-427.37.1.el9_4.x86_64  CompilerName: GCC  CompilerVersion: 8.4.0
ProgramName: mri_ca_register  ProgramArguments: mri_ca_register -all-info  ProgramVersion: 7.3.2  TimeStamp: 2026/03/15-09:15:50-GMT  BuildTime: Aug  4 2022 06:17:15  BuildStamp: freesurfer-linux-ubuntu22_x86_64-7.3.2-20220804-6354275  User: oesteban  Machine: dna058  Platform: Linux  PlatformVersion: 5.14.0-427.37.1.el9_4.x86_64  CompilerName: GCC  CompilerVersion: 8.4.0
ProgramName: mri_cc  ProgramArguments: mri_cc -all-info  ProgramVersion: 7.3.2  TimeStamp: 2026/03/15-09:15:50-GMT  BuildTime: Aug  4 2022 06:17:15  BuildStamp: freesurfer-linux-ubuntu22_x86_64-7.3.2-20220804-6354275  User: oesteban  Machine: dna058  Platform: Linux  PlatformVersion: 5.14.0-427.37.1.el9_4.x86_64  CompilerName: GCC  CompilerVersion: 8.4.0
ProgramName: mri_compute_overlap  ProgramArguments: mri_compute_overlap -all-info  ProgramVersion: 7.3.2  TimeStamp: 2026/03/15-09:15:50-GMT  BuildTime: Aug  4 2022 06:17:15  BuildStamp: freesurfer-linux-ubuntu22_x86_64-7.3.2-20220804-6354275  User: oesteban  Machine: dna058  Platform: Linux  PlatformVersion: 5.14.0-427.37.1.el9_4.x86_64  CompilerName: GCC  CompilerVersion: 8.4.0
ProgramName: mri_compute_seg_overlap  ProgramArguments: mri_compute_seg_overlap -all-info  ProgramVersion: 7.3.2  TimeStamp: 2026/03/15-09:15:50-GMT  BuildTime: Aug  4 2022 06:17:15  BuildStamp: freesurfer-linux-ubuntu22_x86_64-7.3.2-20220804-6354275  User: oesteban  Machine: dna058  Platform: Linux  PlatformVersion: 5.14.0-427.37.1.el9_4.x86_64  CompilerName: GCC  CompilerVersion: 8.4.0
ProgramName: mri_concat  ProgramArguments: mri_concat -all-info  ProgramVersion: 7.3.2  TimeStamp: 2026/03/15-09:15:50-GMT  BuildTime: Aug  4 2022 06:17:15  BuildStamp: freesurfer-linux-ubuntu22_x86_64-7.3.2-20220804-6354275  User: oesteban  Machine: dna058  Platform: Linux  PlatformVersion: 5.14.0-427.37.1.el9_4.x86_64  CompilerName: GCC  CompilerVersion: 8.4.0
ProgramName: mri_concatenate_lta  ProgramArguments: mri_concatenate_lta -all-info  ProgramVersion: 7.3.2  TimeStamp: 2026/03/15-09:15:50-GMT  BuildTime: Aug  4 2022 06:17:15  BuildStamp: freesurfer-linux-ubuntu22_x86_64-7.3.2-20220804-6354275  User: oesteban  Machine: dna058  Platform: Linux  PlatformVersion: 5.14.0-427.37.1.el9_4.x86_64  CompilerName: GCC  CompilerVersion: 8.4.0
mri_convert -all-info 
ProgramName: mri_convert  ProgramArguments: mri_convert -all-info  ProgramVersion: 7.3.2  TimeStamp: 2026/03/15-09:15:50-GMT  BuildTime: Aug  4 2022 06:17:15  BuildStamp: freesurfer-linux-ubuntu22_x86_64-7.3.2-20220804-6354275  User: oesteban  Machine: dna058  Platform: Linux  PlatformVersion: 5.14.0-427.37.1.el9_4.x86_64  CompilerName: GCC  CompilerVersion: 8.4.0
ProgramName: mri_diff  ProgramArguments: mri_diff -all-info  ProgramVersion: 7.3.2  TimeStamp: 2026/03/15-09:15:50-GMT  BuildTime: Aug  4 2022 06:17:15  BuildStamp: freesurfer-linux-ubuntu22_x86_64-7.3.2-20220804-6354275  User: oesteban  Machine: dna058  Platform: Linux  PlatformVersion: 5.14.0-427.37.1.el9_4.x86_64  CompilerName: GCC  CompilerVersion: 8.4.0
ProgramName: mri_edit_wm_with_aseg  ProgramArguments: mri_edit_wm_with_aseg -all-info  ProgramVersion: 7.3.2  TimeStamp: 2026/03/15-09:15:50-GMT  BuildTime: Aug  4 2022 06:17:15  BuildStamp: freesurfer-linux-ubuntu22_x86_64-7.3.2-20220804-6354275  User: oesteban  Machine: dna058  Platform: Linux  PlatformVersion: 5.14.0-427.37.1.el9_4.x86_64  CompilerName: GCC  CompilerVersion: 8.4.0
ProgramName: mri_em_register  ProgramArguments: mri_em_register -all-info  ProgramVersion: 7.3.2  TimeStamp: 2026/03/15-09:15:50-GMT  BuildTime: Aug  4 2022 06:17:15  BuildStamp: freesurfer-linux-ubuntu22_x86_64-7.3.2-20220804-6354275  User: oesteban  Machine: dna058  Platform: Linux  PlatformVersion: 5.14.0-427.37.1.el9_4.x86_64  CompilerName: GCC  CompilerVersion: 8.4.0
ProgramName: mri_fill  ProgramArguments: mri_fill -all-info  ProgramVersion: 7.3.2  TimeStamp: 2026/03/15-09:15:50-GMT  BuildTime: Aug  4 2022 06:17:15  BuildStamp: freesurfer-linux-ubuntu22_x86_64-7.3.2-20220804-6354275  User: oesteban  Machine: dna058  Platform: Linux  PlatformVersion: 5.14.0-427.37.1.el9_4.x86_64  CompilerName: GCC  CompilerVersion: 8.4.0
ProgramName: mri_fuse_segmentations  ProgramArguments: mri_fuse_segmentations -all-info  ProgramVersion: 7.3.2  TimeStamp: 2026/03/15-09:15:50-GMT  BuildTime: Aug  4 2022 06:17:15  BuildStamp: freesurfer-linux-ubuntu22_x86_64-7.3.2-20220804-6354275  User: oesteban  Machine: dna058  Platform: Linux  PlatformVersion: 5.14.0-427.37.1.el9_4.x86_64  CompilerName: GCC  CompilerVersion: 8.4.0
ProgramName: mri_fwhm  ProgramArguments: mri_fwhm -all-info  ProgramVersion: 7.3.2  TimeStamp: 2026/03/15-09:15:50-GMT  BuildTime: Aug  4 2022 06:17:15  BuildStamp: freesurfer-linux-ubuntu22_x86_64-7.3.2-20220804-6354275  User: oesteban  Machine: dna058  Platform: Linux  PlatformVersion: 5.14.0-427.37.1.el9_4.x86_64  CompilerName: GCC  CompilerVersion: 8.4.0
ProgramName: mri_gcut  ProgramArguments: mri_gcut -all-info  ProgramVersion: 7.3.2  TimeStamp: 2026/03/15-09:15:50-GMT  BuildTime: Aug  4 2022 06:17:15  BuildStamp: freesurfer-linux-ubuntu22_x86_64-7.3.2-20220804-6354275  User: oesteban  Machine: dna058  Platform: Linux  PlatformVersion: 5.14.0-427.37.1.el9_4.x86_64  CompilerName: GCC  CompilerVersion: 8.4.0
ProgramName: mri_info  ProgramArguments: mri_info -all-info  ProgramVersion: 7.3.2  TimeStamp: 2026/03/15-09:15:50-GMT  BuildTime: Aug  4 2022 06:17:15  BuildStamp: freesurfer-linux-ubuntu22_x86_64-7.3.2-20220804-6354275  User: oesteban  Machine: dna058  Platform: Linux  PlatformVersion: 5.14.0-427.37.1.el9_4.x86_64  CompilerName: GCC  CompilerVersion: 8.4.0
ProgramName: mri_label2label  ProgramArguments: mri_label2label -all-info  ProgramVersion: 7.3.2  TimeStamp: 2026/03/15-09:15:50-GMT  BuildTime: Aug  4 2022 06:17:15  BuildStamp: freesurfer-linux-ubuntu22_x86_64-7.3.2-20220804-6354275  User: oesteban  Machine: dna058  Platform: Linux  PlatformVersion: 5.14.0-427.37.1.el9_4.x86_64  CompilerName: GCC  CompilerVersion: 8.4.0
ProgramName: mri_label2vol  ProgramArguments: mri_label2vol -all-info  ProgramVersion: 7.3.2  TimeStamp: 2026/03/15-09:15:50-GMT  BuildTime: Aug  4 2022 06:17:15  BuildStamp: freesurfer-linux-ubuntu22_x86_64-7.3.2-20220804-6354275  User: oesteban  Machine: dna058  Platform: Linux  PlatformVersion: 5.14.0-427.37.1.el9_4.x86_64  CompilerName: GCC  CompilerVersion: 8.4.0
ProgramName: mri_log_likelihood  ProgramArguments: mri_log_likelihood -all-info  ProgramVersion: 7.3.2  TimeStamp: 2026/03/15-09:15:50-GMT  BuildTime: Aug  4 2022 06:17:15  BuildStamp: freesurfer-linux-ubuntu22_x86_64-7.3.2-20220804-6354275  User: oesteban  Machine: dna058  Platform: Linux  PlatformVersion: 5.14.0-427.37.1.el9_4.x86_64  CompilerName: GCC  CompilerVersion: 8.4.0
ProgramName: mri_mask  ProgramArguments: mri_mask -all-info  ProgramVersion: 7.3.2  TimeStamp: 2026/03/15-09:15:50-GMT  BuildTime: Aug  4 2022 06:17:15  BuildStamp: freesurfer-linux-ubuntu22_x86_64-7.3.2-20220804-6354275  User: oesteban  Machine: dna058  Platform: Linux  PlatformVersion: 5.14.0-427.37.1.el9_4.x86_64  CompilerName: GCC  CompilerVersion: 8.4.0
ProgramName: mri_matrix_multiply  ProgramArguments: mri_matrix_multiply -all-info  ProgramVersion: 7.3.2  TimeStamp: 2026/03/15-09:15:50-GMT  BuildTime: Aug  4 2022 06:17:15  BuildStamp: freesurfer-linux-ubuntu22_x86_64-7.3.2-20220804-6354275  User: oesteban  Machine: dna058  Platform: Linux  PlatformVersion: 5.14.0-427.37.1.el9_4.x86_64  CompilerName: GCC  CompilerVersion: 8.4.0
ProgramName: mri_normalize  ProgramArguments: mri_normalize -all-info  ProgramVersion: 7.3.2  TimeStamp: 2026/03/15-09:15:50-GMT  BuildTime: Aug  4 2022 06:17:15  BuildStamp: freesurfer-linux-ubuntu22_x86_64-7.3.2-20220804-6354275  User: oesteban  Machine: dna058  Platform: Linux  PlatformVersion: 5.14.0-427.37.1.el9_4.x86_64  CompilerName: GCC  CompilerVersion: 8.4.0
ProgramName: mri_normalize_tp2  ProgramArguments: mri_normalize_tp2 -all-info  ProgramVersion: 7.3.2  TimeStamp: 2026/03/15-09:15:50-GMT  BuildTime: Aug  4 2022 06:17:15  BuildStamp: freesurfer-linux-ubuntu22_x86_64-7.3.2-20220804-6354275  User: oesteban  Machine: dna058  Platform: Linux  PlatformVersion: 5.14.0-427.37.1.el9_4.x86_64  CompilerName: GCC  CompilerVersion: 8.4.0
ProgramName: mri_or  ProgramArguments: mri_or -all-info  ProgramVersion: 7.3.2  TimeStamp: 2026/03/15-09:15:50-GMT  BuildTime: Aug  4 2022 06:17:15  BuildStamp: freesurfer-linux-ubuntu22_x86_64-7.3.2-20220804-6354275  User: oesteban  Machine: dna058  Platform: Linux  PlatformVersion: 5.14.0-427.37.1.el9_4.x86_64  CompilerName: GCC  CompilerVersion: 8.4.0
ProgramName: mri_relabel_hypointensities  ProgramArguments: mri_relabel_hypointensities -all-info  ProgramVersion: 7.3.2  TimeStamp: 2026/03/15-09:15:50-GMT  BuildTime: Aug  4 2022 06:17:15  BuildStamp: freesurfer-linux-ubuntu22_x86_64-7.3.2-20220804-6354275  User: oesteban  Machine: dna058  Platform: Linux  PlatformVersion: 5.14.0-427.37.1.el9_4.x86_64  CompilerName: GCC  CompilerVersion: 8.4.0
ProgramName: mri_relabel_nonwm_hypos  ProgramArguments: mri_relabel_nonwm_hypos -all-info  ProgramVersion: 7.3.2  TimeStamp: 2026/03/15-09:15:50-GMT  BuildTime: Aug  4 2022 06:17:15  BuildStamp: freesurfer-linux-ubuntu22_x86_64-7.3.2-20220804-6354275  User: oesteban  Machine: dna058  Platform: Linux  PlatformVersion: 5.14.0-427.37.1.el9_4.x86_64  CompilerName: GCC  CompilerVersion: 8.4.0
ProgramName: mri_remove_neck  ProgramArguments: mri_remove_neck -all-info  ProgramVersion: 7.3.2  TimeStamp: 2026/03/15-09:15:50-GMT  BuildTime: Aug  4 2022 06:17:15  BuildStamp: freesurfer-linux-ubuntu22_x86_64-7.3.2-20220804-6354275  User: oesteban  Machine: dna058  Platform: Linux  PlatformVersion: 5.14.0-427.37.1.el9_4.x86_64  CompilerName: GCC  CompilerVersion: 8.4.0
7.3.2

ProgramName: mri_robust_register  ProgramArguments: mri_robust_register -all-info  ProgramVersion: 7.3.2  TimeStamp: 2026/03/15-09:15:50-GMT  BuildTime: Aug  4 2022 06:17:15  BuildStamp: freesurfer-linux-ubuntu22_x86_64-7.3.2-20220804-6354275  User: oesteban  Machine: dna058  Platform: Linux  PlatformVersion: 5.14.0-427.37.1.el9_4.x86_64  CompilerName: GCC  CompilerVersion: 8.4.0
7.3.2

ProgramName: mri_robust_template  ProgramArguments: mri_robust_template -all-info  ProgramVersion: 7.3.2  TimeStamp: 2026/03/15-09:15:50-GMT  BuildTime: Aug  4 2022 06:17:15  BuildStamp: freesurfer-linux-ubuntu22_x86_64-7.3.2-20220804-6354275  User: oesteban  Machine: dna058  Platform: Linux  PlatformVersion: 5.14.0-427.37.1.el9_4.x86_64  CompilerName: GCC  CompilerVersion: 8.4.0
ProgramName: mris_anatomical_stats  ProgramArguments: mris_anatomical_stats -all-info  ProgramVersion: 7.3.2  TimeStamp: 2026/03/15-09:15:50-GMT  BuildTime: Aug  4 2022 06:17:15  BuildStamp: freesurfer-linux-ubuntu22_x86_64-7.3.2-20220804-6354275  User: oesteban  Machine: dna058  Platform: Linux  PlatformVersion: 5.14.0-427.37.1.el9_4.x86_64  CompilerName: GCC  CompilerVersion: 8.4.0
ProgramName: mris_ca_label  ProgramArguments: mris_ca_label -all-info  ProgramVersion: 7.3.2  TimeStamp: 2026/03/15-09:15:50-GMT  BuildTime: Aug  4 2022 06:17:15  BuildStamp: freesurfer-linux-ubuntu22_x86_64-7.3.2-20220804-6354275  User: oesteban  Machine: dna058  Platform: Linux  PlatformVersion: 5.14.0-427.37.1.el9_4.x86_64  CompilerName: GCC  CompilerVersion: 8.4.0
ProgramName: mris_calc  ProgramArguments: mris_calc -all-info  ProgramVersion: 7.3.2  TimeStamp: 2026/03/15-09:15:50-GMT  BuildTime: Aug  4 2022 06:17:15  BuildStamp: freesurfer-linux-ubuntu22_x86_64-7.3.2-20220804-6354275  User: oesteban  Machine: dna058  Platform: Linux  PlatformVersion: 5.14.0-427.37.1.el9_4.x86_64  CompilerName: GCC  CompilerVersion: 8.4.0
ProgramName: mris_convert  ProgramArguments: mris_convert -all-info  ProgramVersion: 7.3.2  TimeStamp: 2026/03/15-09:15:50-GMT  BuildTime: Aug  4 2022 06:17:15  BuildStamp: freesurfer-linux-ubuntu22_x86_64-7.3.2-20220804-6354275  User: oesteban  Machine: dna058  Platform: Linux  PlatformVersion: 5.14.0-427.37.1.el9_4.x86_64  CompilerName: GCC  CompilerVersion: 8.4.0
ProgramName: mris_curvature  ProgramArguments: mris_curvature -all-info  ProgramVersion: 7.3.2  TimeStamp: 2026/03/15-09:15:50-GMT  BuildTime: Aug  4 2022 06:17:15  BuildStamp: freesurfer-linux-ubuntu22_x86_64-7.3.2-20220804-6354275  User: oesteban  Machine: dna058  Platform: Linux  PlatformVersion: 5.14.0-427.37.1.el9_4.x86_64  CompilerName: GCC  CompilerVersion: 8.4.0
ProgramName: mris_curvature_stats  ProgramArguments: mris_curvature_stats -all-info  ProgramVersion: 7.3.2  TimeStamp: 2026/03/15-09:15:50-GMT  BuildTime: Aug  4 2022 06:17:15  BuildStamp: freesurfer-linux-ubuntu22_x86_64-7.3.2-20220804-6354275  User: oesteban  Machine: dna058  Platform: Linux  PlatformVersion: 5.14.0-427.37.1.el9_4.x86_64  CompilerName: GCC  CompilerVersion: 8.4.0
ProgramName: mris_diff  ProgramArguments: mris_diff -all-info  ProgramVersion: 7.3.2  TimeStamp: 2026/03/15-09:15:50-GMT  BuildTime: Aug  4 2022 06:17:15  BuildStamp: freesurfer-linux-ubuntu22_x86_64-7.3.2-20220804-6354275  User: oesteban  Machine: dna058  Platform: Linux  PlatformVersion: 5.14.0-427.37.1.el9_4.x86_64  CompilerName: GCC  CompilerVersion: 8.4.0
ProgramName: mris_divide_parcellation  ProgramArguments: mris_divide_parcellation -all-info  ProgramVersion: 7.3.2  TimeStamp: 2026/03/15-09:15:50-GMT  BuildTime: Aug  4 2022 06:17:15  BuildStamp: freesurfer-linux-ubuntu22_x86_64-7.3.2-20220804-6354275  User: oesteban  Machine: dna058  Platform: Linux  PlatformVersion: 5.14.0-427.37.1.el9_4.x86_64  CompilerName: GCC  CompilerVersion: 8.4.0
ProgramName: mri_segment  ProgramArguments: mri_segment -all-info  ProgramVersion: 7.3.2  TimeStamp: 2026/03/15-09:15:50-GMT  BuildTime: Aug  4 2022 06:17:15  BuildStamp: freesurfer-linux-ubuntu22_x86_64-7.3.2-20220804-6354275  User: oesteban  Machine: dna058  Platform: Linux  PlatformVersion: 5.14.0-427.37.1.el9_4.x86_64  CompilerName: GCC  CompilerVersion: 8.4.0
ProgramName: mri_segstats  ProgramArguments: mri_segstats -all-info  ProgramVersion: 7.3.2  TimeStamp: 2026/03/15-09:15:50-GMT  BuildTime: Aug  4 2022 06:17:15  BuildStamp: freesurfer-linux-ubuntu22_x86_64-7.3.2-20220804-6354275  User: oesteban  Machine: dna058  Platform: Linux  PlatformVersion: 5.14.0-427.37.1.el9_4.x86_64  CompilerName: GCC  CompilerVersion: 8.4.0
ProgramName: mris_euler_number  ProgramArguments: mris_euler_number -all-info  ProgramVersion: 7.3.2  TimeStamp: 2026/03/15-09:15:50-GMT  BuildTime: Aug  4 2022 06:17:15  BuildStamp: freesurfer-linux-ubuntu22_x86_64-7.3.2-20220804-6354275  User: oesteban  Machine: dna058  Platform: Linux  PlatformVersion: 5.14.0-427.37.1.el9_4.x86_64  CompilerName: GCC  CompilerVersion: 8.4.0
ProgramName: mris_fix_topology  ProgramArguments: mris_fix_topology -all-info  ProgramVersion: 7.3.2  TimeStamp: 2026/03/15-09:15:50-GMT  BuildTime: Aug  4 2022 06:17:15  BuildStamp: freesurfer-linux-ubuntu22_x86_64-7.3.2-20220804-6354275  User: oesteban  Machine: dna058  Platform: Linux  PlatformVersion: 5.14.0-427.37.1.el9_4.x86_64  CompilerName: GCC  CompilerVersion: 8.4.0
ProgramName: mris_topo_fixer  ProgramArguments: mris_topo_fixer -all-info  ProgramVersion: 7.3.2  TimeStamp: 2026/03/15-09:15:50-GMT  BuildTime: Aug  4 2022 06:17:15  BuildStamp: freesurfer-linux-ubuntu22_x86_64-7.3.2-20220804-6354275  User: oesteban  Machine: dna058  Platform: Linux  PlatformVersion: 5.14.0-427.37.1.el9_4.x86_64  CompilerName: GCC  CompilerVersion: 8.4.0
ProgramName: mris_jacobian  ProgramArguments: mris_jacobian -all-info  ProgramVersion: 7.3.2  TimeStamp: 2026/03/15-09:15:50-GMT  BuildTime: Aug  4 2022 06:17:15  BuildStamp: freesurfer-linux-ubuntu22_x86_64-7.3.2-20220804-6354275  User: oesteban  Machine: dna058  Platform: Linux  PlatformVersion: 5.14.0-427.37.1.el9_4.x86_64  CompilerName: GCC  CompilerVersion: 8.4.0
ProgramName: mris_label2annot  ProgramArguments: mris_label2annot -all-info  ProgramVersion: 7.3.2  TimeStamp: 2026/03/15-09:15:50-GMT  BuildTime: Aug  4 2022 06:17:15  BuildStamp: freesurfer-linux-ubuntu22_x86_64-7.3.2-20220804-6354275  User: oesteban  Machine: dna058  Platform: Linux  PlatformVersion: 5.14.0-427.37.1.el9_4.x86_64  CompilerName: GCC  CompilerVersion: 8.4.0
ProgramName: mris_left_right_register  ProgramArguments: mris_left_right_register -all-info  ProgramVersion: 7.3.2  TimeStamp: 2026/03/15-09:15:50-GMT  BuildTime: Aug  4 2022 06:17:15  BuildStamp: freesurfer-linux-ubuntu22_x86_64-7.3.2-20220804-6354275  User: oesteban  Machine: dna058  Platform: Linux  PlatformVersion: 5.14.0-427.37.1.el9_4.x86_64  CompilerName: GCC  CompilerVersion: 8.4.0
ProgramName: mris_place_surface  ProgramArguments: mris_place_surface -all-info  ProgramVersion: 7.3.2  TimeStamp: 2026/03/15-09:15:50-GMT  BuildTime: Aug  4 2022 06:17:15  BuildStamp: freesurfer-linux-ubuntu22_x86_64-7.3.2-20220804-6354275  User: oesteban  Machine: dna058  Platform: Linux  PlatformVersion: 5.14.0-427.37.1.el9_4.x86_64  CompilerName: GCC  CompilerVersion: 8.4.0
ProgramName: mrisp_paint  ProgramArguments: mrisp_paint -all-info  ProgramVersion: 7.3.2  TimeStamp: 2026/03/15-09:15:50-GMT  BuildTime: Aug  4 2022 06:17:15  BuildStamp: freesurfer-linux-ubuntu22_x86_64-7.3.2-20220804-6354275  User: oesteban  Machine: dna058  Platform: Linux  PlatformVersion: 5.14.0-427.37.1.el9_4.x86_64  CompilerName: GCC  CompilerVersion: 8.4.0
ProgramName: mris_register  ProgramArguments: mris_register -all-info  ProgramVersion: 7.3.2  TimeStamp: 2026/03/15-09:15:50-GMT  BuildTime: Aug  4 2022 06:17:15  BuildStamp: freesurfer-linux-ubuntu22_x86_64-7.3.2-20220804-6354275  User: oesteban  Machine: dna058  Platform: Linux  PlatformVersion: 5.14.0-427.37.1.el9_4.x86_64  CompilerName: GCC  CompilerVersion: 8.4.0
ProgramName: mris_smooth  ProgramArguments: mris_smooth -all-info  ProgramVersion: 7.3.2  TimeStamp: 2026/03/15-09:15:50-GMT  BuildTime: Aug  4 2022 06:17:15  BuildStamp: freesurfer-linux-ubuntu22_x86_64-7.3.2-20220804-6354275  User: oesteban  Machine: dna058  Platform: Linux  PlatformVersion: 5.14.0-427.37.1.el9_4.x86_64  CompilerName: GCC  CompilerVersion: 8.4.0
ProgramName: mris_sphere  ProgramArguments: mris_sphere -all-info  ProgramVersion: 7.3.2  TimeStamp: 2026/03/15-09:15:50-GMT  BuildTime: Aug  4 2022 06:17:15  BuildStamp: freesurfer-linux-ubuntu22_x86_64-7.3.2-20220804-6354275  User: oesteban  Machine: dna058  Platform: Linux  PlatformVersion: 5.14.0-427.37.1.el9_4.x86_64  CompilerName: GCC  CompilerVersion: 8.4.0
ProgramName: mris_surface_stats  ProgramArguments: mris_surface_stats -all-info  ProgramVersion: 7.3.2  TimeStamp: 2026/03/15-09:15:50-GMT  BuildTime: Aug  4 2022 06:17:15  BuildStamp: freesurfer-linux-ubuntu22_x86_64-7.3.2-20220804-6354275  User: oesteban  Machine: dna058  Platform: Linux  PlatformVersion: 5.14.0-427.37.1.el9_4.x86_64  CompilerName: GCC  CompilerVersion: 8.4.0
ProgramName: mri_stats2seg  ProgramArguments: mri_stats2seg -all-info  ProgramVersion: 7.3.2  TimeStamp: 2026/03/15-09:15:50-GMT  BuildTime: Aug  4 2022 06:17:15  BuildStamp: freesurfer-linux-ubuntu22_x86_64-7.3.2-20220804-6354275  User: oesteban  Machine: dna058  Platform: Linux  PlatformVersion: 5.14.0-427.37.1.el9_4.x86_64  CompilerName: GCC  CompilerVersion: 8.4.0
ProgramName: mris_thickness  ProgramArguments: mris_thickness -all-info  ProgramVersion: 7.3.2  TimeStamp: 2026/03/15-09:15:50-GMT  BuildTime: Aug  4 2022 06:17:15  BuildStamp: freesurfer-linux-ubuntu22_x86_64-7.3.2-20220804-6354275  User: oesteban  Machine: dna058  Platform: Linux  PlatformVersion: 5.14.0-427.37.1.el9_4.x86_64  CompilerName: GCC  CompilerVersion: 8.4.0
ProgramName: mris_thickness_diff  ProgramArguments: mris_thickness_diff -all-info  ProgramVersion: 7.3.2  TimeStamp: 2026/03/15-09:15:50-GMT  BuildTime: Aug  4 2022 06:17:15  BuildStamp: freesurfer-linux-ubuntu22_x86_64-7.3.2-20220804-6354275  User: oesteban  Machine: dna058  Platform: Linux  PlatformVersion: 5.14.0-427.37.1.el9_4.x86_64  CompilerName: GCC  CompilerVersion: 8.4.0
ProgramName: mris_topo_fixer  ProgramArguments: mris_topo_fixer -all-info  ProgramVersion: 7.3.2  TimeStamp: 2026/03/15-09:15:50-GMT  BuildTime: Aug  4 2022 06:17:15  BuildStamp: freesurfer-linux-ubuntu22_x86_64-7.3.2-20220804-6354275  User: oesteban  Machine: dna058  Platform: Linux  PlatformVersion: 5.14.0-427.37.1.el9_4.x86_64  CompilerName: GCC  CompilerVersion: 8.4.0
ProgramName: mri_surf2surf  ProgramArguments: mri_surf2surf -all-info  ProgramVersion: 7.3.2  TimeStamp: 2026/03/15-09:15:50-GMT  BuildTime: Aug  4 2022 06:17:15  BuildStamp: freesurfer-linux-ubuntu22_x86_64-7.3.2-20220804-6354275  User: oesteban  Machine: dna058  Platform: Linux  PlatformVersion: 5.14.0-427.37.1.el9_4.x86_64  CompilerName: GCC  CompilerVersion: 8.4.0
ProgramName: mri_surf2vol  ProgramArguments: mri_surf2vol -all-info  ProgramVersion: 7.3.2  TimeStamp: 2026/03/15-09:15:50-GMT  BuildTime: Aug  4 2022 06:17:15  BuildStamp: freesurfer-linux-ubuntu22_x86_64-7.3.2-20220804-6354275  User: oesteban  Machine: dna058  Platform: Linux  PlatformVersion: 5.14.0-427.37.1.el9_4.x86_64  CompilerName: GCC  CompilerVersion: 8.4.0
ProgramName: mri_surfcluster  ProgramArguments: mri_surfcluster -all-info  ProgramVersion: 7.3.2  TimeStamp: 2026/03/15-09:15:50-GMT  BuildTime: Aug  4 2022 06:17:15  BuildStamp: freesurfer-linux-ubuntu22_x86_64-7.3.2-20220804-6354275  User: oesteban  Machine: dna058  Platform: Linux  PlatformVersion: 5.14.0-427.37.1.el9_4.x86_64  CompilerName: GCC  CompilerVersion: 8.4.0
ProgramName: mris_volmask  ProgramArguments: mris_volmask -all-info  ProgramVersion: 7.3.2  TimeStamp: 2026/03/15-09:15:50-GMT  BuildTime: Aug  4 2022 06:17:15  BuildStamp: freesurfer-linux-ubuntu22_x86_64-7.3.2-20220804-6354275  User: oesteban  Machine: dna058  Platform: Linux  PlatformVersion: 5.14.0-427.37.1.el9_4.x86_64  CompilerName: GCC  CompilerVersion: 8.4.0
ProgramName: mri_tessellate  ProgramArguments: mri_tessellate -all-info  ProgramVersion: 7.3.2  TimeStamp: 2026/03/15-09:15:50-GMT  BuildTime: Aug  4 2022 06:17:15  BuildStamp: freesurfer-linux-ubuntu22_x86_64-7.3.2-20220804-6354275  User: oesteban  Machine: dna058  Platform: Linux  PlatformVersion: 5.14.0-427.37.1.el9_4.x86_64  CompilerName: GCC  CompilerVersion: 8.4.0
ProgramName: mri_vol2surf  ProgramArguments: mri_vol2surf -all-info  ProgramVersion: 7.3.2  TimeStamp: 2026/03/15-09:15:50-GMT  BuildTime: Aug  4 2022 06:17:15  BuildStamp: freesurfer-linux-ubuntu22_x86_64-7.3.2-20220804-6354275  User: oesteban  Machine: dna058  Platform: Linux  PlatformVersion: 5.14.0-427.37.1.el9_4.x86_64  CompilerName: GCC  CompilerVersion: 8.4.0
ProgramName: mri_vol2vol  ProgramArguments: mri_vol2vol -all-info  ProgramVersion: 7.3.2  TimeStamp: 2026/03/15-09:15:50-GMT  BuildTime: Aug  4 2022 06:17:15  BuildStamp: freesurfer-linux-ubuntu22_x86_64-7.3.2-20220804-6354275  User: oesteban  Machine: dna058  Platform: Linux  PlatformVersion: 5.14.0-427.37.1.el9_4.x86_64  CompilerName: GCC  CompilerVersion: 8.4.0
ProgramName: mri_voldiff  ProgramArguments: mri_voldiff -all-info  ProgramVersion: 7.3.2  TimeStamp: 2026/03/15-09:15:50-GMT  BuildTime: Aug  4 2022 06:17:15  BuildStamp: freesurfer-linux-ubuntu22_x86_64-7.3.2-20220804-6354275  User: oesteban  Machine: dna058  Platform: Linux  PlatformVersion: 5.14.0-427.37.1.el9_4.x86_64  CompilerName: GCC  CompilerVersion: 8.4.0
ProgramName: mri_watershed  ProgramArguments: mri_watershed -all-info  ProgramVersion: 7.3.2  TimeStamp: 2026/03/15-09:15:50-GMT  BuildTime: Aug  4 2022 06:17:15  BuildStamp: freesurfer-linux-ubuntu22_x86_64-7.3.2-20220804-6354275  User: oesteban  Machine: dna058  Platform: Linux  PlatformVersion: 5.14.0-427.37.1.el9_4.x86_64  CompilerName: GCC  CompilerVersion: 8.4.0
ProgramName: tkregister2  ProgramArguments: tkregister2_cmdl -all-info  ProgramVersion: 7.3.2  TimeStamp: 2026/03/15-09:15:50-GMT  BuildTime: Aug  4 2022 06:17:15  BuildStamp: freesurfer-linux-ubuntu22_x86_64-7.3.2-20220804-6354275  User: oesteban  Machine: dna058  Platform: Linux  PlatformVersion: 5.14.0-427.37.1.el9_4.x86_64  CompilerName: GCC  CompilerVersion: 8.4.0
mri_motion_correct.fsl 7.3.2
mri_convert -all-info 
ProgramName: mri_convert  ProgramArguments: mri_convert -all-info  ProgramVersion: 7.3.2  TimeStamp: 2026/03/15-09:15:50-GMT  BuildTime: Aug  4 2022 06:17:15  BuildStamp: freesurfer-linux-ubuntu22_x86_64-7.3.2-20220804-6354275  User: oesteban  Machine: dna058  Platform: Linux  PlatformVersion: 5.14.0-427.37.1.el9_4.x86_64  CompilerName: GCC  CompilerVersion: 8.4.0
Program nu_correct, built from:
Package MNI N3, version 1.12.0, compiled by nicks@terrier (x86_64-unknown-linux-gnu) on 2015-06-19 at 01:25:34
#######################################
GCADIR /opt/freesurfer/average
GCA RB_all_2020-01-02.gca
GCASkull RB_all_withskull_2020_01_02.gca
AvgCurvTif folding.atlas.acfb40.noaparc.i12.2016-08-02.tif
GCSDIR /opt/freesurfer/average
GCS DKaparc.atlas.acfb40.noaparc.i12.2016-08-02.gcs
#######################################
#--------------------------------------------
#@# Tessellate rh Sun Mar 15 10:15:50 CET 2026
/out/sourcedata/freesurfer/sub-v2s10x28989_ses-1/scripts

 mri_pretess ../mri/filled.mgz 127 ../mri/norm.mgz ../mri/filled-pretess127.mgz 


Iteration Number : 1
pass   1 (xy+):   0 found -   0 modified     |    TOTAL:   0
pass   1 (xy-):   0 found -   0 modified     |    TOTAL:   0
pass   1 (yz+):   8 found -   8 modified     |    TOTAL:   8
pass   2 (yz+):   0 found -   8 modified     |    TOTAL:   8
pass   1 (yz-):   3 found -   3 modified     |    TOTAL:  11
pass   2 (yz-):   0 found -   3 modified     |    TOTAL:  11
pass   1 (xz+):   1 found -   1 modified     |    TOTAL:  12
pass   2 (xz+):   0 found -   1 modified     |    TOTAL:  12
pass   1 (xz-):   0 found -   0 modified     |    TOTAL:  12
Iteration Number : 1
pass   1 (+++):   0 found -   0 modified     |    TOTAL:   0
pass   1 (+++):   4 found -   4 modified     |    TOTAL:   4
pass   2 (+++):   0 found -   4 modified     |    TOTAL:   4
pass   1 (+++):   0 found -   0 modified     |    TOTAL:   4
pass   1 (+++):   0 found -   0 modified     |    TOTAL:   4
Iteration Number : 1
pass   1 (++):   0 found -   0 modified     |    TOTAL:   0
pass   1 (+-):   0 found -   0 modified     |    TOTAL:   0
pass   1 (--):   0 found -   0 modified     |    TOTAL:   0
pass   1 (-+):   1 found -   1 modified     |    TOTAL:   1
pass   2 (-+):   0 found -   1 modified     |    TOTAL:   1
Iteration Number : 2
pass   1 (xy+):   0 found -   0 modified     |    TOTAL:   0
pass   1 (xy-):   0 found -   0 modified     |    TOTAL:   0
pass   1 (yz+):   0 found -   0 modified     |    TOTAL:   0
pass   1 (yz-):   0 found -   0 modified     |    TOTAL:   0
pass   1 (xz+):   0 found -   0 modified     |    TOTAL:   0
pass   1 (xz-):   0 found -   0 modified     |    TOTAL:   0
Iteration Number : 2
pass   1 (+++):   0 found -   0 modified     |    TOTAL:   0
pass   1 (+++):   0 found -   0 modified     |    TOTAL:   0
pass   1 (+++):   0 found -   0 modified     |    TOTAL:   0
pass   1 (+++):   0 found -   0 modified     |    TOTAL:   0
Iteration Number : 2
pass   1 (++):   0 found -   0 modified     |    TOTAL:   0
pass   1 (+-):   0 found -   0 modified     |    TOTAL:   0
pass   1 (--):   0 found -   0 modified     |    TOTAL:   0
pass   1 (-+):   0 found -   0 modified     |    TOTAL:   0

Total Number of Modified Voxels = 17 (out of 263516: 0.006451)
Ambiguous edge configurations... 

mri_pretess done


 mri_tessellate ../mri/filled-pretess127.mgz 127 ../surf/rh.orig.nofix 

7.3.2
  7.3.2
slice 30: 155 vertices, 178 faces
slice 40: 2903 vertices, 3056 faces
slice 50: 8539 vertices, 8819 faces
slice 60: 17034 vertices, 17340 faces
slice 70: 26820 vertices, 27196 faces
slice 80: 36793 vertices, 37168 faces
slice 90: 48507 vertices, 48865 faces
slice 100: 60395 vertices, 60815 faces
slice 110: 72700 vertices, 73091 faces
slice 120: 84822 vertices, 85223 faces
slice 130: 96492 vertices, 96920 faces
slice 140: 107824 vertices, 108220 faces
slice 150: 116713 vertices, 117019 faces
slice 160: 124178 vertices, 124459 faces
slice 170: 131427 vertices, 131684 faces
slice 180: 137354 vertices, 137570 faces
slice 190: 142082 vertices, 142279 faces
slice 200: 143826 vertices, 143856 faces
slice 210: 143826 vertices, 143856 faces
slice 220: 143826 vertices, 143856 faces
slice 230: 143826 vertices, 143856 faces
slice 240: 143826 vertices, 143856 faces
slice 250: 143826 vertices, 143856 faces
using the conformed surface RAS to save vertex points...
writing ../surf/rh.orig.nofix
using vox2ras matrix:
-1.00000   0.00000   0.00000   128.00000;
 0.00000   0.00000   1.00000  -128.00000;
 0.00000  -1.00000   0.00000   128.00000;
 0.00000   0.00000   0.00000   1.00000;

 rm -f ../mri/filled-pretess127.mgz 


 mris_extract_main_component ../surf/rh.orig.nofix ../surf/rh.orig.nofix 


counting number of connected components...
   143826 voxel in cpt #1: X=-30 [v=143826,e=431568,f=287712] located at (27.163391, -18.472279, 42.160610)
For the whole surface: X=-30 [v=143826,e=431568,f=287712]
One single component has been found
nothing to do
done

#--------------------------------------------
#@# Smooth1 rh Sun Mar 15 10:15:54 CET 2026
/out/sourcedata/freesurfer/sub-v2s10x28989_ses-1/scripts

 mris_smooth -nw -seed 1234 ../surf/rh.orig.nofix ../surf/rh.smoothwm.nofix 

setting seed for random number generator to 1234
smoothing surface tessellation for 10 iterations...
smoothing complete - recomputing first and second fundamental forms...
#--------------------------------------------
#@# Inflation1 rh Sun Mar 15 10:15:57 CET 2026
/out/sourcedata/freesurfer/sub-v2s10x28989_ses-1/scripts

 mris_inflate -no-save-sulc ../surf/rh.smoothwm.nofix ../surf/rh.inflated.nofix 

Not saving sulc
Reading ../surf/rh.smoothwm.nofix
avg radius = 47.1 mm, total surface area = 77324 mm^2
step 000: RMS=0.150 (target=0.015)   step 005: RMS=0.113 (target=0.015)   step 010: RMS=0.084 (target=0.015)   step 015: RMS=0.070 (target=0.015)   step 020: RMS=0.061 (target=0.015)   step 025: RMS=0.054 (target=0.015)   step 030: RMS=0.048 (target=0.015)   step 035: RMS=0.044 (target=0.015)   step 040: RMS=0.040 (target=0.015)   step 045: RMS=0.039 (target=0.015)   step 050: RMS=0.037 (target=0.015)   step 055: RMS=0.037 (target=0.015)   step 060: RMS=0.037 (target=0.015)   writing inflated surface to ../surf/rh.inflated.nofix
inflation took 0.2 minutes

inflation complete.
Not saving sulc
mris_inflate utimesec    59.292912
mris_inflate stimesec    1.598617
mris_inflate ru_maxrss   229164
mris_inflate ru_ixrss    0
mris_inflate ru_idrss    0
mris_inflate ru_isrss    0
mris_inflate ru_minflt   581690
mris_inflate ru_majflt   5
mris_inflate ru_nswap    0
mris_inflate ru_inblock  0
mris_inflate ru_oublock  10120
mris_inflate ru_msgsnd   0
mris_inflate ru_msgrcv   0
mris_inflate ru_nsignals 0
mris_inflate ru_nvcsw    12590
mris_inflate ru_nivcsw   426
#--------------------------------------------
#@# QSphere rh Sun Mar 15 10:16:10 CET 2026
/out/sourcedata/freesurfer/sub-v2s10x28989_ses-1/scripts

 mris_sphere -q -p 6 -a 128 -seed 1234 ../surf/rh.inflated.nofix ../surf/rh.qsphere.nofix 

doing quick spherical unfolding.
limitting unfolding to 6 passes
using n_averages = 128
setting seed for random number genererator to 1234
version: 7.3.2
available threads: 16
scaling brain by 0.297...
inflating...
projecting onto sphere...
surface projected - minimizing metric distortion...
vertex spacing 0.98 +- 0.57 (0.00-->9.50) (max @ vno 75054 --> 75079)
face area 0.02 +- 0.03 (-0.34-->0.54)
Entering MRISinflateToSphere()
inflating to sphere (rms error < 2.00)
000: dt: 0.0000, rms radial error=177.439, avgs=0
005/300: dt: 0.9000, rms radial error=177.179, avgs=0
010/300: dt: 0.9000, rms radial error=176.622, avgs=0
015/300: dt: 0.9000, rms radial error=175.889, avgs=0
020/300: dt: 0.9000, rms radial error=175.055, avgs=0
025/300: dt: 0.9000, rms radial error=174.163, avgs=0
030/300: dt: 0.9000, rms radial error=173.238, avgs=0
035/300: dt: 0.9000, rms radial error=172.295, avgs=0
040/300: dt: 0.9000, rms radial error=171.344, avgs=0
045/300: dt: 0.9000, rms radial error=170.390, avgs=0
050/300: dt: 0.9000, rms radial error=169.438, avgs=0
055/300: dt: 0.9000, rms radial error=168.492, avgs=0
060/300: dt: 0.9000, rms radial error=167.551, avgs=0
065/300: dt: 0.9000, rms radial error=166.614, avgs=0
070/300: dt: 0.9000, rms radial error=165.682, avgs=0
075/300: dt: 0.9000, rms radial error=164.755, avgs=0
080/300: dt: 0.9000, rms radial error=163.832, avgs=0
085/300: dt: 0.9000, rms radial error=162.914, avgs=0
090/300: dt: 0.9000, rms radial error=162.001, avgs=0
095/300: dt: 0.9000, rms radial error=161.093, avgs=0
100/300: dt: 0.9000, rms radial error=160.190, avgs=0
105/300: dt: 0.9000, rms radial error=159.292, avgs=0
110/300: dt: 0.9000, rms radial error=158.398, avgs=0
115/300: dt: 0.9000, rms radial error=157.510, avgs=0
120/300: dt: 0.9000, rms radial error=156.627, avgs=0
125/300: dt: 0.9000, rms radial error=155.748, avgs=0
130/300: dt: 0.9000, rms radial error=154.874, avgs=0
135/300: dt: 0.9000, rms radial error=154.005, avgs=0
140/300: dt: 0.9000, rms radial error=153.140, avgs=0
145/300: dt: 0.9000, rms radial error=152.281, avgs=0
150/300: dt: 0.9000, rms radial error=151.425, avgs=0
155/300: dt: 0.9000, rms radial error=150.575, avgs=0
160/300: dt: 0.9000, rms radial error=149.729, avgs=0
165/300: dt: 0.9000, rms radial error=148.888, avgs=0
170/300: dt: 0.9000, rms radial error=148.051, avgs=0
175/300: dt: 0.9000, rms radial error=147.219, avgs=0
180/300: dt: 0.9000, rms radial error=146.391, avgs=0
185/300: dt: 0.9000, rms radial error=145.568, avgs=0
190/300: dt: 0.9000, rms radial error=144.749, avgs=0
195/300: dt: 0.9000, rms radial error=143.935, avgs=0
200/300: dt: 0.9000, rms radial error=143.126, avgs=0
205/300: dt: 0.9000, rms radial error=142.321, avgs=0
210/300: dt: 0.9000, rms radial error=141.520, avgs=0
215/300: dt: 0.9000, rms radial error=140.724, avgs=0
220/300: dt: 0.9000, rms radial error=139.932, avgs=0
225/300: dt: 0.9000, rms radial error=139.144, avgs=0
230/300: dt: 0.9000, rms radial error=138.361, avgs=0
235/300: dt: 0.9000, rms radial error=137.583, avgs=0
240/300: dt: 0.9000, rms radial error=136.808, avgs=0
245/300: dt: 0.9000, rms radial error=136.039, avgs=0
250/300: dt: 0.9000, rms radial error=135.274, avgs=0
255/300: dt: 0.9000, rms radial error=134.512, avgs=0
260/300: dt: 0.9000, rms radial error=133.756, avgs=0
265/300: dt: 0.9000, rms radial error=133.003, avgs=0
270/300: dt: 0.9000, rms radial error=132.255, avgs=0
275/300: dt: 0.9000, rms radial error=131.510, avgs=0
280/300: dt: 0.9000, rms radial error=130.770, avgs=0
285/300: dt: 0.9000, rms radial error=130.034, avgs=0
290/300: dt: 0.9000, rms radial error=129.302, avgs=0
295/300: dt: 0.9000, rms radial error=128.575, avgs=0
300/300: dt: 0.9000, rms radial error=127.851, avgs=0

spherical inflation complete.
epoch 1 (K=10.0), pass 1, starting sse = 17017.13
taking momentum steps...
taking momentum steps...
taking momentum steps...
taking momentum steps...
pass 1 complete, delta sse/iter = 0.00/13 = 0.00031
epoch 2 (K=40.0), pass 1, starting sse = 2838.21
taking momentum steps...
taking momentum steps...
taking momentum steps...
taking momentum steps...
pass 1 complete, delta sse/iter = 0.00/13 = 0.00027
epoch 3 (K=160.0), pass 1, starting sse = 267.48
taking momentum steps...
taking momentum steps...
taking momentum steps...
taking momentum steps...
pass 1 complete, delta sse/iter = 0.05/13 = 0.00362
epoch 4 (K=640.0), pass 1, starting sse = 15.54
taking momentum steps...
taking momentum steps...
taking momentum steps...
taking momentum steps...
pass 1 complete, delta sse/iter = 0.04/13 = 0.00269
final distance error %100000.00
writing spherical brain to ../surf/rh.qsphere.nofix
spherical transformation took 0.0141 hours
FSRUNTIME@ mris_sphere  0.0141 hours 16 threads
#VMPC# mris_sphere VmPeak  1566092
mris_sphere done
#@# Fix Topology rh Sun Mar 15 10:17:00 CET 2026

 mris_fix_topology -mgz -sphere qsphere.nofix -inflated inflated.nofix -orig orig.nofix -out orig.premesh -ga -seed 1234 sub-v2s10x28989_ses-1 rh 

reading spherical homeomorphism from 'qsphere.nofix'
reading inflated coordinates from 'inflated.nofix'
reading original coordinates from 'orig.nofix'
using genetic algorithm with optimized parameters
setting seed for random number genererator to 1234

*************************************************************
Topology Correction Parameters
retessellation mode:           genetic search
number of patches/generation : 10
number of generations :        10
surface mri loglikelihood coefficient :         1.0
volume mri loglikelihood coefficient :          10.0
normal dot loglikelihood coefficient :          1.0
quadratic curvature loglikelihood coefficient : 1.0
volume resolution :                             2
eliminate vertices during search :              1
initial patch selection :                       1
select all defect vertices :                    0
ordering dependant retessellation:              0
use precomputed edge table :                    0
smooth retessellated patch :                    2
match retessellated patch :                     1
verbose mode :                                  0

*************************************************************
INFO: assuming .mgz format
writing corrected surface to 'orig.premesh'
7.3.2
  7.3.2
before topology correction, eno=-30 (nv=143826, nf=287712, ne=431568, g=16)
using quasi-homeomorphic spherical map to tessellate cortical surface...

Correction of the Topology
Finding true center and radius of Spherical Surface...done
Surface centered at (0,0,0) with radius 100.0 in 10 iterations
marking ambiguous vertices...
3821 ambiguous faces found in tessellation
segmenting defects...
28 defects found, arbitrating ambiguous regions...
analyzing neighboring defects...
      -merging segment 9 into 8
      -merging segment 17 into 15
26 defects to be corrected 
0 vertices coincident
reading input surface /out/sourcedata/freesurfer/sub-v2s10x28989_ses-1/surf/rh.qsphere.nofix...
reading brain volume from brain...
reading wm segmentation from wm...
Reading original properties of orig.nofix
Reading vertex positions of inflated.nofix
Computing Initial Surface Statistics
      -face       loglikelihood: -9.4464  (-4.7232)
      -vertex     loglikelihood: -6.1008  (-3.0504)
      -normal dot loglikelihood: -3.5748  (-3.5748)
      -quad curv  loglikelihood: -6.1955  (-3.0978)
      Total Loglikelihood : -25.3175
CORRECTING DEFECT 0 (vertices=65, convex hull=97, v0=8482)
After retessellation of defect 0 (v0=8482), euler #=-24 (141530,423777,282223) : difference with theory (-23) = 1 
CORRECTING DEFECT 1 (vertices=135, convex hull=52, v0=11440)
After retessellation of defect 1 (v0=11440), euler #=-23 (141539,423823,282261) : difference with theory (-22) = 1 
CORRECTING DEFECT 2 (vertices=69, convex hull=80, v0=12526)
After retessellation of defect 2 (v0=12526), euler #=-22 (141559,423918,282337) : difference with theory (-21) = 1 
CORRECTING DEFECT 3 (vertices=30, convex hull=74, v0=17041)
After retessellation of defect 3 (v0=17041), euler #=-21 (141577,424001,282403) : difference with theory (-20) = 1 
CORRECTING DEFECT 4 (vertices=7, convex hull=20, v0=22765)
After retessellation of defect 4 (v0=22765), euler #=-20 (141578,424011,282413) : difference with theory (-19) = 1 
CORRECTING DEFECT 5 (vertices=14, convex hull=46, v0=50382)
After retessellation of defect 5 (v0=50382), euler #=-19 (141584,424046,282443) : difference with theory (-18) = 1 
CORRECTING DEFECT 6 (vertices=191, convex hull=247, v0=52760)
After retessellation of defect 6 (v0=52760), euler #=-19 (141695,424501,282787) : difference with theory (-17) = 2 
CORRECTING DEFECT 7 (vertices=5, convex hull=25, v0=59658)
After retessellation of defect 7 (v0=59658), euler #=-18 (141697,424513,282798) : difference with theory (-16) = 2 
CORRECTING DEFECT 8 (vertices=286, convex hull=382, v0=65235)
After retessellation of defect 8 (v0=65235), euler #=-16 (141756,424876,283104) : difference with theory (-15) = 1 
CORRECTING DEFECT 9 (vertices=8, convex hull=30, v0=76002)
After retessellation of defect 9 (v0=76002), euler #=-15 (141759,424894,283120) : difference with theory (-14) = 1 
CORRECTING DEFECT 10 (vertices=5, convex hull=30, v0=76601)
After retessellation of defect 10 (v0=76601), euler #=-14 (141760,424908,283134) : difference with theory (-13) = 1 
CORRECTING DEFECT 11 (vertices=40, convex hull=54, v0=81012)
After retessellation of defect 11 (v0=81012), euler #=-13 (141771,424964,283180) : difference with theory (-12) = 1 
CORRECTING DEFECT 12 (vertices=193, convex hull=73, v0=86999)
After retessellation of defect 12 (v0=86999), euler #=-12 (141792,425061,283257) : difference with theory (-11) = 1 
CORRECTING DEFECT 13 (vertices=101, convex hull=38, v0=87185)
After retessellation of defect 13 (v0=87185), euler #=-11 (141801,425100,283288) : difference with theory (-10) = 1 
CORRECTING DEFECT 14 (vertices=151, convex hull=139, v0=94978)
After retessellation of defect 14 (v0=94978), euler #=-9 (141830,425254,283415) : difference with theory (-9) = 0 
CORRECTING DEFECT 15 (vertices=45, convex hull=29, v0=98265)
After retessellation of defect 15 (v0=98265), euler #=-8 (141841,425297,283448) : difference with theory (-8) = 0 
CORRECTING DEFECT 16 (vertices=321, convex hull=58, v0=100768)
After retessellation of defect 16 (v0=100768), euler #=-7 (141851,425349,283491) : difference with theory (-7) = 0 
CORRECTING DEFECT 17 (vertices=51, convex hull=88, v0=100968)
After retessellation of defect 17 (v0=100968), euler #=-6 (141879,425466,283581) : difference with theory (-6) = 0 
CORRECTING DEFECT 18 (vertices=6, convex hull=33, v0=101994)
After retessellation of defect 18 (v0=101994), euler #=-5 (141882,425483,283596) : difference with theory (-5) = 0 
CORRECTING DEFECT 19 (vertices=40, convex hull=22, v0=102308)
After retessellation of defect 19 (v0=102308), euler #=-4 (141888,425508,283616) : difference with theory (-4) = 0 
CORRECTING DEFECT 20 (vertices=34, convex hull=48, v0=105017)
After retessellation of defect 20 (v0=105017), euler #=-3 (141902,425567,283662) : difference with theory (-3) = 0 
CORRECTING DEFECT 21 (vertices=23, convex hull=50, v0=109490)
After retessellation of defect 21 (v0=109490), euler #=-2 (141910,425612,283700) : difference with theory (-2) = 0 
CORRECTING DEFECT 22 (vertices=18, convex hull=53, v0=109713)
After retessellation of defect 22 (v0=109713), euler #=-1 (141920,425662,283741) : difference with theory (-1) = 0 
CORRECTING DEFECT 23 (vertices=15, convex hull=25, v0=121322)
After retessellation of defect 23 (v0=121322), euler #=0 (141921,425671,283750) : difference with theory (0) = 0 
CORRECTING DEFECT 24 (vertices=445, convex hull=142, v0=132086)
After retessellation of defect 24 (v0=132086), euler #=1 (141999,425973,283975) : difference with theory (1) = 0 
CORRECTING DEFECT 25 (vertices=17, convex hull=47, v0=137841)
After retessellation of defect 25 (v0=137841), euler #=2 (142008,426018,284012) : difference with theory (2) = 0 
computing original vertex metric properties...
storing new metric properties...
computing tessellation statistics...
vertex spacing 0.89 +- 0.22 (0.03-->8.17) (max @ vno 70773 --> 71891)
face area -nan +- -nan (1000.00-->-1.00)
performing soap bubble on retessellated vertices for 0 iterations...
vertex spacing 0.89 +- 0.22 (0.03-->8.17) (max @ vno 70773 --> 71891)
face area -nan +- -nan (1000.00-->-1.00)
tessellation finished, orienting corrected surface...
80 mutations (34.5%), 152 crossovers (65.5%), 186 vertices were eliminated
building final representation...
1818 vertices and 0 faces have been removed from triangulation
after topology correction, eno=2 (nv=142008, nf=284012, ne=426018, g=0)
writing corrected surface to /out/sourcedata/freesurfer/sub-v2s10x28989_ses-1/surf/rh.orig.premesh...

0.000 % of the vertices (0 vertices) exhibit an orientation change
removing intersecting faces
000: 206 intersecting
001: 26 intersecting
002: 2 intersecting
terminating search with 0 intersecting
topology fixing took 1.4 minutes
FSRUNTIME@ mris_fix_topology rh  0.0232 hours 16 threads
#VMPC# mris_fix_topology VmPeak  1859532

 mris_euler_number ../surf/rh.orig.premesh 

euler # = v-e+f = 2g-2: 142008 - 426018 + 284012 = 2 --> 0 holes
      F =2V-4:          284012 = 284016-4 (0)
      2E=3F:            852036 = 852036 (0)

total defect index = 0
Sun Mar 15 10:18:25 CET 2026

setenv SUBJECTS_DIR /out/sourcedata/freesurfer
cd /out/sourcedata/freesurfer/sub-v2s10x28989_ses-1/scripts
/opt/freesurfer/bin/defect2seg --s sub-v2s10x28989_ses-1 --rh-only --cortex

freesurfer-linux-ubuntu22_x86_64-7.3.2-20220804-6354275
defect2seg 7.3.2
Linux dna058 5.14.0-427.37.1.el9_4.x86_64 #1 SMP PREEMPT_DYNAMIC Fri Sep 13 12:41:50 EDT 2024 x86_64 x86_64 x86_64 GNU/Linux
pid 81886
mri_label2label --label-cortex /out/sourcedata/freesurfer/sub-v2s10x28989_ses-1/surf/rh.orig.nofix /out/sourcedata/freesurfer/sub-v2s10x28989_ses-1/mri/aseg.presurf.mgz 0 /out/sourcedata/freesurfer/sub-v2s10x28989_ses-1/label/rh.nofix.cortex.label

 Generating cortex label... RemoveHipAmgy=0
 NucAccIsMedialWall=0
 mris->useRealRAS=0
19 non-cortical segments detected
only using segment with 7604 vertices
erasing segment 0 (vno[0] = 37512)
erasing segment 1 (vno[0] = 38519)
erasing segment 2 (vno[0] = 39628)
erasing segment 3 (vno[0] = 42097)
erasing segment 5 (vno[0] = 55125)
erasing segment 6 (vno[0] = 55155)
erasing segment 7 (vno[0] = 60069)
erasing segment 8 (vno[0] = 66356)
erasing segment 9 (vno[0] = 72485)
erasing segment 10 (vno[0] = 73944)
erasing segment 11 (vno[0] = 80206)
erasing segment 12 (vno[0] = 95130)
erasing segment 13 (vno[0] = 98265)
erasing segment 14 (vno[0] = 99581)
erasing segment 15 (vno[0] = 100692)
erasing segment 16 (vno[0] = 100712)
erasing segment 17 (vno[0] = 123197)
erasing segment 18 (vno[0] = 124643)
mri_label2vol --defects /out/sourcedata/freesurfer/sub-v2s10x28989_ses-1/surf/rh.orig.nofix /out/sourcedata/freesurfer/sub-v2s10x28989_ses-1/surf/rh.defect_labels /out/sourcedata/freesurfer/sub-v2s10x28989_ses-1/mri/orig.mgz 2000 0 /out/sourcedata/freesurfer/sub-v2s10x28989_ses-1/mri/rh.surface.defects.mgz /out/sourcedata/freesurfer/sub-v2s10x28989_ses-1/label/rh.nofix.cortex.label
mri_label2vol supposed to be reproducible but seed not set
Contraining to label /out/sourcedata/freesurfer/sub-v2s10x28989_ses-1/label/rh.nofix.cortex.label
Changing input type 0 to MRI_INT
Converting defects to volume: offset=2000, merge=0
Writing to /out/sourcedata/freesurfer/sub-v2s10x28989_ses-1/mri/rh.surface.defects.mgz
mris_defects_pointset -s /out/sourcedata/freesurfer/sub-v2s10x28989_ses-1/surf/rh.orig.nofix -d /out/sourcedata/freesurfer/sub-v2s10x28989_ses-1/surf/rh.defect_labels -o /out/sourcedata/freesurfer/sub-v2s10x28989_ses-1/surf/rh.defects.pointset --label /out/sourcedata/freesurfer/sub-v2s10x28989_ses-1/label/rh.nofix.cortex.label
Reading in surface /out/sourcedata/freesurfer/sub-v2s10x28989_ses-1/surf/rh.orig.nofix
Reading in defect segmentation /out/sourcedata/freesurfer/sub-v2s10x28989_ses-1/surf/rh.defect_labels
Reading in label /out/sourcedata/freesurfer/sub-v2s10x28989_ses-1/label/rh.nofix.cortex.label
#VMPC# mris_defects_pointset 1306788
mris_defects_pointset done
 
Started at Sun Mar 15 10:18:25 CET 2026 
Ended   at Sun Mar 15 10:18:41 CET 2026
Defect2seg-Run-Time-Sec 16
Defect2seg-Run-Time-Min 0.32
Defect2seg-Run-Time-Hours 0.00
 
tkmeditfv sub-v2s10x28989_ses-1 brain.finalsurfs.mgz -defect
defect2seg Done

 mris_remesh --remesh --iters 3 --input /out/sourcedata/freesurfer/sub-v2s10x28989_ses-1/surf/rh.orig.premesh --output /out/sourcedata/freesurfer/sub-v2s10x28989_ses-1/surf/rh.orig 

iters = 3
standard remeshing without target
   adjusted l: 0.711441
remeshing to edge length 0.711441 with 3 iterations

avg qual before   : 0.889265  after: 0.971439

Removing intersections
Remeshed surface quality stats nv0 = 142008  nv = 147777  1.04062
Area    295550  0.30318  0.03352 0.075288   0.4600
Corner  886650 60.00000  8.75672 16.498451 146.6025
Edge    443325  0.84467  0.08210 0.467929   1.2322
Hinge   443325  9.54451 10.24480 0.000000 128.9818
mris_remesh done
/out/sourcedata/freesurfer/sub-v2s10x28989_ses-1/scripts

 mris_remove_intersection ../surf/rh.orig ../surf/rh.orig 

intersection removal took 0.00 hours
writing corrected surface to ../surf/rh.orig

 rm -f ../surf/rh.inflated 

#--------------------------------------------
#@# AutoDetGWStats rh Sun Mar 15 10:19:13 CET 2026
cd /out/sourcedata/freesurfer/sub-v2s10x28989_ses-1/mri
mris_autodet_gwstats --o ../surf/autodet.gw.stats.rh.dat --i brain.finalsurfs.mgz --wm wm.mgz --surf ../surf/rh.orig.premesh
7.3.2

cd /out/sourcedata/freesurfer/sub-v2s10x28989_ses-1/mri
setenv SUBJECTS_DIR /out/sourcedata/freesurfer
mris_autodet_gwstats --o ../surf/autodet.gw.stats.rh.dat --i brain.finalsurfs.mgz --wm wm.mgz --surf ../surf/rh.orig.premesh 

border white:    261572 voxels (1.56%)
border gray      295816 voxels (1.76%)
Reading in intensity volume brain.finalsurfs.mgz
Reading in wm volume wm.mgz
Reading in surf ../surf/rh.orig.premesh
Auto detecting stats
MRIclipBrightWM(): nthresh=19713, wmmin=5, clip=110 
Binarizing thresholding at 5
computing class statistics... low=30, hi=110.000000
CCS WM (100.0): 99.5 +- 7.6 [70.0 --> 110.0]
CCS GM (76.0) : 75.7 +- 9.3 [30.0 --> 110.0]
white_mean = 99.5388 +/- 7.61335, gray_mean = 75.743 +/- 9.2663
using class modes intead of means, discounting robust sigmas....
MRIScomputeClassModes(): min=0 max=148 nbins=149
intensity peaks found at WM=104+-6.1,    GM=73+-7.0
white_mode = 104, gray_mode = 73
std_scale = 1
Applying sanity checks, max_scale_down = 0.2
setting MIN_GRAY_AT_WHITE_BORDER to 63.7 (was 70.000000)
setting MAX_BORDER_WHITE to 111.6 (was 105.000000)
setting MIN_BORDER_WHITE to 73.0 (was 85.000000)
setting MAX_CSF to 54.5 (was 40.000000)
setting MAX_GRAY to 96.4 (was 95.000000)
setting MAX_GRAY_AT_CSF_BORDER to 63.7 (was 75.000000)
setting MIN_GRAY_AT_CSF_BORDER to 45.2 (was 40.000000)
When placing the white surface
  white_border_hi   = 111.613;
  white_border_low  = 73;
  white_outside_low = 63.7337;
  white_inside_hi   = 120;
  white_outside_hi  = 111.613;
When placing the pial surface
  pial_border_hi   = 63.7337;
  pial_border_low  = 45.2011;
  pial_outside_low = 10;
  pial_inside_hi   = 96.3867;
  pial_outside_hi  = 59.1005;
#VMPC# mris_autodet_gwstats VmPeak  1404308
mris_autodet_gwstats done
#--------------------------------------------
#@# WhitePreAparc rh Sun Mar 15 10:19:16 CET 2026
cd /out/sourcedata/freesurfer/sub-v2s10x28989_ses-1/mri
mris_place_surface --adgws-in ../surf/autodet.gw.stats.rh.dat --wm wm.mgz --threads 16 --invol brain.finalsurfs.mgz --rh --i ../surf/rh.orig --o ../surf/rh.white.preaparc --white --seg aseg.presurf.mgz --nsmooth 5
7.3.2
7.3.2

cd /out/sourcedata/freesurfer/sub-v2s10x28989_ses-1/mri
setenv SUBJECTS_DIR /out/sourcedata/freesurfer
mris_place_surface --adgws-in ../surf/autodet.gw.stats.rh.dat --wm wm.mgz --threads 16 --invol brain.finalsurfs.mgz --rh --i ../surf/rh.orig --o ../surf/rh.white.preaparc --white --seg aseg.presurf.mgz --nsmooth 5 

Reading in input surface ../surf/rh.orig
Smoothing surface before ripping with 5 iterations
Area    295550  0.26760  0.06345 0.003955   0.5917
Corner  886650 60.00000  9.58842 14.236429 144.9335
Edge    443325  0.78996  0.11516 0.078588   1.3664
Hinge   443325  6.43101  6.57015 0.000002 137.9139
Not reading in aparc
Reading in input volume brain.finalsurfs.mgz
Reading in wm volume wm.mgz
MRIclipBrightWM(): nthresh=19713, wmmin=5, clip=110 
MRIfindBrightNonWM(): 15 bright non-wm voxels segmented.
Masking bright non-wm for white surface
MRImask(): AllowDiffGeom = 1
MRImask(): AllowDiffGeom = 1
Reading in seg volume aseg.presurf.mgz
Ripping frozen voxels
INFO: rip surface needed but not specified, so using input surface
Freezing midline and others
Entering: MRISripMidline(): inhibiting deformation at non-cortical midline structures...
  which=1, fix_mtl=0, using annot = 0
#FML0# MRISripMidline(): nripped=0
removing 4 vertices from ripped group in thread:0
#FML# MRISripMidline(): nmarked=6011, nmarked2=0, nripped=6011
Ripping segs (eg, WMSA, BG, frozen)
Starting MRISripSegs() d = (-2 2 0.5) segnos: 247 
MRISripSegs(): -2 2 0.5 ripped 0
vertex 73889: xyz = (42.8249,-7.43552,18.3076) oxyz = (42.8249,-7.43552,18.3076) wxzy = (42.8249,-7.43552,18.3076) pxyz = (0,0,0) 
CBVO Creating mask 147777
n_averages 4
Iteration 0 =========================================
n_averages=4, current_sigma=2
Freezing midline and others
Ripping frozen voxels
INFO: rip surface needed but not specified, so using input surface
Freezing midline and others
Entering: MRISripMidline(): inhibiting deformation at non-cortical midline structures...
  which=1, fix_mtl=0, using annot = 0
#FML0# MRISripMidline(): nripped=6011
removing 4 vertices from ripped group in thread:0
#FML# MRISripMidline(): nmarked=6011, nmarked2=0, nripped=6011
Ripping segs (eg, WMSA, BG, frozen)
Starting MRISripSegs() d = (-2 2 0.5) segnos: 247 247 
MRISripSegs(): -2 2 0.5 ripped 0
Computing target border values 
Entering MRIScomputeBorderValues_new(): 
  inside_hi   = 120.0000000;
  border_hi   = 111.6133500;
  border_low  =  73.0000000;
  outside_low =  63.7337000;
  outside_hi  = 111.6133500;
  sigma = 2;
  max_thickness = 10;
  step_size=0.5;
  STEP_SIZE=0.1;
  which = 1
  thresh = 0
  flags = 0
  CBVfindFirstPeakD1=0
  CBVfindFirstPeakD2=0
  nvertices=147777
  Gdiag_no=-1
  vno start=0, stop=147777
Replacing 255s with 0s
#SI# sigma=2 had to be increased for 87 vertices, nripped=6011
mean border=84.1, 38 (38) missing vertices, mean dist 0.2 [0.6 (%41.4)->0.8 (%58.6))]
%73 local maxima, %23 large gradients and % 0 min vals, 0 gradients ignored
nFirstPeakD1 0
MRIScomputeBorderValues_new() finished in 0.0292 min


Finding expansion regions
mean absolute distance = 0.68 +- 0.89
4916 vertices more than 2 sigmas from mean.
Averaging target values for 5 iterations...
Positioning Surface: tspring = 0.3, nspring = 0.3, spring = 0, niters = 100 l_repulse = 5, l_surf_repulse = 0, checktol = 0
Positioning pial surface
Entering MRISpositionSurface()
  max_mm = 0.3
  MAX_REDUCTIONS = 2, REDUCTION_PCT = 0.5
  parms->check_tol = 0, niterations = 100
tol=1.0e-04, sigma=2.0, host=dna05, nav=4, nbrs=2, l_repulse=5.000, l_tspring=0.300, l_nspring=0.300, l_intensity=0.200, l_curv=1.000
mom=0.00, dt=0.50
complete_dist_mat 0
rms 0
smooth_averages 0
remove_neg 0
ico_order 0
which_surface 0
target_radius 0.000000
nfields 0
scale 0.000000
desired_rms_height 0.000000
momentum 0.000000
nbhd_size 0
max_nbrs 0
niterations 100
nsurfaces 0
SURFACES 3
flags 0 (0)
use curv 0
no sulc 0
no rigid align 0
mris->nsize 2
mris->hemisphere 1
randomSeed 0

000: dt: 0.0000, sse=2416912.2, rms=8.914
001: dt: 0.5000, sse=1246287.8, rms=6.189 (30.571%)
002: dt: 0.5000, sse=786714.7, rms=4.701 (24.049%)
003: dt: 0.5000, sse=590669.0, rms=3.888 (17.298%)
004: dt: 0.5000, sse=490278.9, rms=3.401 (12.520%)
005: dt: 0.5000, sse=440306.5, rms=3.122 (8.213%)
006: dt: 0.5000, sse=413623.7, rms=2.953 (5.395%)
007: dt: 0.5000, sse=400451.1, rms=2.871 (2.780%)
008: dt: 0.5000, sse=394283.9, rms=2.807 (2.217%)
rms = 2.7869/2.8074, sse=392692.8/394283.9, time step reduction 1 of 3 to 0.250  0 0 1
009: dt: 0.5000, sse=392692.8, rms=2.787 (0.731%)
010: dt: 0.2500, sse=241302.3, rms=1.553 (44.277%)
011: dt: 0.2500, sse=225487.0, rms=1.326 (14.599%)
012: dt: 0.2500, sse=220684.4, rms=1.268 (4.407%)
rms = 1.2302/1.2678, sse=218346.0/220684.4, time step reduction 2 of 3 to 0.125  0 0 1
013: dt: 0.2500, sse=218346.0, rms=1.230 (2.963%)
rms = 1.1964/1.2302, sse=214416.6/218346.0, time step reduction 3 of 3 to 0.062  0 0 1
014: dt: 0.1250, sse=214416.6, rms=1.196 (2.749%)
  maximum number of reductions reached, breaking from loop
positioning took 1.3 minutes
Iteration 1 =========================================
n_averages=2, current_sigma=1
Freezing midline and others
Ripping frozen voxels
INFO: rip surface needed but not specified, so using input surface
Freezing midline and others
Entering: MRISripMidline(): inhibiting deformation at non-cortical midline structures...
  which=1, fix_mtl=0, using annot = 0
#FML0# MRISripMidline(): nripped=6011
removing 2 vertices from ripped group in thread:0
removing 2 vertices from ripped group in thread:0
removing 3 vertices from ripped group in thread:0
removing 2 vertices from ripped group in thread:0
#FML# MRISripMidline(): nmarked=6186, nmarked2=0, nripped=6186
Ripping segs (eg, WMSA, BG, frozen)
Starting MRISripSegs() d = (-2 2 0.5) segnos: 247 247 247 
MRISripSegs(): -2 2 0.5 ripped 0
Computing target border values 
Entering MRIScomputeBorderValues_new(): 
  inside_hi   = 120.0000000;
  border_hi   = 111.6133500;
  border_low  =  73.0000000;
  outside_low =  63.7337000;
  outside_hi  = 111.6133500;
  sigma = 1;
  max_thickness = 10;
  step_size=0.5;
  STEP_SIZE=0.1;
  which = 1
  thresh = 0
  flags = 0
  CBVfindFirstPeakD1=0
  CBVfindFirstPeakD2=0
  nvertices=147777
  Gdiag_no=-1
  vno start=0, stop=147777
Replacing 255s with 0s
#SI# sigma=1 had to be increased for 137 vertices, nripped=6186
mean border=86.3, 78 (9) missing vertices, mean dist -0.2 [0.3 (%73.2)->0.3 (%26.8))]
%79 local maxima, %17 large gradients and % 0 min vals, 0 gradients ignored
nFirstPeakD1 0
MRIScomputeBorderValues_new() finished in 0.0148 min


Finding expansion regions
mean absolute distance = 0.32 +- 0.60
2967 vertices more than 2 sigmas from mean.
Averaging target values for 5 iterations...
Positioning Surface: tspring = 0.3, nspring = 0.3, spring = 0, niters = 100 l_repulse = 5, l_surf_repulse = 0, checktol = 0
Positioning pial surface
Entering MRISpositionSurface()
  max_mm = 0.3
  MAX_REDUCTIONS = 2, REDUCTION_PCT = 0.5
  parms->check_tol = 0, niterations = 100
tol=1.0e-04, sigma=1.0, host=dna05, nav=2, nbrs=2, l_repulse=5.000, l_tspring=0.300, l_nspring=0.300, l_intensity=0.200, l_curv=1.000
mom=0.00, dt=0.50
000: dt: 0.0000, sse=600434.4, rms=3.639
015: dt: 0.5000, sse=378176.8, rms=2.328 (36.012%)
016: dt: 0.5000, sse=369678.2, rms=2.265 (2.712%)
rms = 2.2749/2.2651, sse=372839.6/369678.2, time step reduction 1 of 3 to 0.250  0 1 1
   RMS increased, rejecting step
017: dt: 0.2500, sse=293401.4, rms=1.576 (30.438%)
018: dt: 0.2500, sse=274348.2, rms=1.171 (25.657%)
019: dt: 0.2500, sse=265817.0, rms=1.071 (8.532%)
rms = 1.0327/1.0714, sse=265510.4/265817.0, time step reduction 2 of 3 to 0.125  0 0 1
020: dt: 0.2500, sse=265510.4, rms=1.033 (3.616%)
rms = 1.0027/1.0327, sse=261379.9/265510.4, time step reduction 3 of 3 to 0.062  0 0 1
021: dt: 0.1250, sse=261379.9, rms=1.003 (2.904%)
  maximum number of reductions reached, breaking from loop
positioning took 0.7 minutes
Iteration 2 =========================================
n_averages=1, current_sigma=0.5
Freezing midline and others
Ripping frozen voxels
INFO: rip surface needed but not specified, so using input surface
Freezing midline and others
Entering: MRISripMidline(): inhibiting deformation at non-cortical midline structures...
  which=1, fix_mtl=0, using annot = 0
#FML0# MRISripMidline(): nripped=6186
removing 3 vertices from ripped group in thread:0
removing 3 vertices from ripped group in thread:0
removing 2 vertices from ripped group in thread:0
removing 2 vertices from ripped group in thread:0
removing 3 vertices from ripped group in thread:0
removing 3 vertices from ripped group in thread:0
removing 2 vertices from ripped group in thread:0
#FML# MRISripMidline(): nmarked=6247, nmarked2=0, nripped=6247
Ripping segs (eg, WMSA, BG, frozen)
Starting MRISripSegs() d = (-2 2 0.5) segnos: 247 247 247 247 
MRISripSegs(): -2 2 0.5 ripped 0
Computing target border values 
Entering MRIScomputeBorderValues_new(): 
  inside_hi   = 120.0000000;
  border_hi   = 111.6133500;
  border_low  =  73.0000000;
  outside_low =  63.7337000;
  outside_hi  = 111.6133500;
  sigma = 0.5;
  max_thickness = 10;
  step_size=0.5;
  STEP_SIZE=0.1;
  which = 1
  thresh = 0
  flags = 0
  CBVfindFirstPeakD1=0
  CBVfindFirstPeakD2=0
  nvertices=147777
  Gdiag_no=-1
  vno start=0, stop=147777
Replacing 255s with 0s
#SI# sigma=0.5 had to be increased for 154 vertices, nripped=6247
mean border=87.8, 65 (3) missing vertices, mean dist -0.1 [0.2 (%68.8)->0.2 (%31.2))]
%85 local maxima, %11 large gradients and % 0 min vals, 0 gradients ignored
nFirstPeakD1 0
MRIScomputeBorderValues_new() finished in 0.0088 min


Finding expansion regions
mean absolute distance = 0.24 +- 0.43
3168 vertices more than 2 sigmas from mean.
Averaging target values for 5 iterations...
Positioning Surface: tspring = 0.3, nspring = 0.3, spring = 0, niters = 100 l_repulse = 5, l_surf_repulse = 0, checktol = 0
Positioning pial surface
Entering MRISpositionSurface()
  max_mm = 0.3
  MAX_REDUCTIONS = 2, REDUCTION_PCT = 0.5
  parms->check_tol = 0, niterations = 100
tol=1.0e-04, sigma=0.5, host=dna05, nav=1, nbrs=2, l_repulse=5.000, l_tspring=0.300, l_nspring=0.300, l_intensity=0.200, l_curv=1.000
mom=0.00, dt=0.50
000: dt: 0.0000, sse=386340.7, rms=2.342
022: dt: 0.5000, sse=332666.8, rms=1.892 (19.205%)
rms = 2.0762/1.8920, sse=351489.9/332666.8, time step reduction 1 of 3 to 0.250  0 1 1
   RMS increased, rejecting step
023: dt: 0.2500, sse=277574.9, rms=1.298 (31.417%)
024: dt: 0.2500, sse=252593.6, rms=1.008 (22.340%)
025: dt: 0.2500, sse=249781.2, rms=0.936 (7.080%)
rms = 0.9226/0.9364, sse=250763.7/249781.2, time step reduction 2 of 3 to 0.125  0 1 1
026: dt: 0.2500, sse=250763.7, rms=0.923 (1.468%)
rms = 0.8933/0.9226, sse=249146.2/250763.7, time step reduction 3 of 3 to 0.062  0 0 1
027: dt: 0.1250, sse=249146.2, rms=0.893 (3.180%)
  maximum number of reductions reached, breaking from loop
positioning took 0.6 minutes
Iteration 3 =========================================
n_averages=0, current_sigma=0.25
Freezing midline and others
Ripping frozen voxels
INFO: rip surface needed but not specified, so using input surface
Freezing midline and others
Entering: MRISripMidline(): inhibiting deformation at non-cortical midline structures...
  which=1, fix_mtl=0, using annot = 0
#FML0# MRISripMidline(): nripped=6247
removing 3 vertices from ripped group in thread:0
removing 3 vertices from ripped group in thread:0
removing 2 vertices from ripped group in thread:0
removing 2 vertices from ripped group in thread:0
removing 3 vertices from ripped group in thread:0
removing 2 vertices from ripped group in thread:0
removing 3 vertices from ripped group in thread:0
removing 3 vertices from ripped group in thread:0
#FML# MRISripMidline(): nmarked=6307, nmarked2=0, nripped=6307
Ripping segs (eg, WMSA, BG, frozen)
Starting MRISripSegs() d = (-2 2 0.5) segnos: 247 247 247 247 247 
MRISripSegs(): -2 2 0.5 ripped 0
Computing target border values 
Entering MRIScomputeBorderValues_new(): 
  inside_hi   = 120.0000000;
  border_hi   = 111.6133500;
  border_low  =  73.0000000;
  outside_low =  63.7337000;
  outside_hi  = 111.6133500;
  sigma = 0.25;
  max_thickness = 10;
  step_size=0.5;
  STEP_SIZE=0.1;
  which = 1
  thresh = 0
  flags = 0
  CBVfindFirstPeakD1=0
  CBVfindFirstPeakD2=0
  nvertices=147777
  Gdiag_no=-1
  vno start=0, stop=147777
Replacing 255s with 0s
#SI# sigma=0.25 had to be increased for 140 vertices, nripped=6307
mean border=88.4, 88 (2) missing vertices, mean dist -0.0 [0.2 (%55.6)->0.2 (%44.4))]
%87 local maxima, % 9 large gradients and % 0 min vals, 0 gradients ignored
nFirstPeakD1 0
MRIScomputeBorderValues_new() finished in 0.0038 min


Finding expansion regions
mean absolute distance = 0.20 +- 0.35
3334 vertices more than 2 sigmas from mean.
Averaging target values for 5 iterations...
Positioning Surface: tspring = 0.3, nspring = 0.3, spring = 0, niters = 100 l_repulse = 5, l_surf_repulse = 0, checktol = 0
Positioning pial surface
Entering MRISpositionSurface()
  max_mm = 0.3
  MAX_REDUCTIONS = 2, REDUCTION_PCT = 0.5
  parms->check_tol = 0, niterations = 100
tol=1.0e-04, sigma=0.2, host=dna05, nav=0, nbrs=2, l_repulse=5.000, l_tspring=0.300, l_nspring=0.300, l_intensity=0.200, l_curv=1.000
mom=0.00, dt=0.50
000: dt: 0.0000, sse=265447.1, rms=1.198
rms = 1.1699/1.1979, sse=263987.8/265447.1, time step reduction 1 of 3 to 0.250  0 0 1
028: dt: 0.5000, sse=263987.8, rms=1.170 (2.341%)
029: dt: 0.2500, sse=248017.5, rms=0.829 (29.158%)
030: dt: 0.2500, sse=236078.3, rms=0.752 (9.266%)
rms = 0.7785/0.7520, sse=236097.8/236078.3, time step reduction 2 of 3 to 0.125  0 1 1
   RMS increased, rejecting step
rms = 0.7233/0.7520, sse=234632.6/236078.3, time step reduction 3 of 3 to 0.062  0 0 1
031: dt: 0.1250, sse=234632.7, rms=0.723 (3.810%)
  maximum number of reductions reached, breaking from loop
positioning took 0.4 minutes


Writing output to ../surf/rh.white.preaparc
#ET# mris_place_surface  3.15 minutes
#VMPC# mris_place_surfaces VmPeak  3171572
mris_place_surface done
#--------------------------------------------
#@# CortexLabel rh Sun Mar 15 10:22:32 CET 2026
cd /out/sourcedata/freesurfer/sub-v2s10x28989_ses-1/mri
mri_label2label --label-cortex ../surf/rh.white.preaparc aseg.presurf.mgz 0 ../label/rh.cortex.label

 Generating cortex label... RemoveHipAmgy=0
 NucAccIsMedialWall=0
 mris->useRealRAS=0
10 non-cortical segments detected
only using segment with 8227 vertices
erasing segment 0 (vno[0] = 29899)
erasing segment 1 (vno[0] = 30714)
erasing segment 2 (vno[0] = 35624)
erasing segment 4 (vno[0] = 56466)
erasing segment 5 (vno[0] = 62815)
erasing segment 6 (vno[0] = 84399)
erasing segment 7 (vno[0] = 89190)
erasing segment 8 (vno[0] = 121861)
erasing segment 9 (vno[0] = 138630)
#--------------------------------------------
#@# CortexLabel+HipAmyg rh Sun Mar 15 10:22:47 CET 2026
cd /out/sourcedata/freesurfer/sub-v2s10x28989_ses-1/mri
mri_label2label --label-cortex ../surf/rh.white.preaparc aseg.presurf.mgz 1 ../label/rh.cortex+hipamyg.label

 Generating cortex label... RemoveHipAmgy=1
 NucAccIsMedialWall=0
 mris->useRealRAS=0
10 non-cortical segments detected
only using segment with 5173 vertices
erasing segment 0 (vno[0] = 29899)
erasing segment 1 (vno[0] = 30714)
erasing segment 2 (vno[0] = 35624)
erasing segment 4 (vno[0] = 47928)
erasing segment 5 (vno[0] = 62815)
erasing segment 6 (vno[0] = 78606)
erasing segment 7 (vno[0] = 84399)
erasing segment 8 (vno[0] = 89190)
erasing segment 9 (vno[0] = 121916)
#--------------------------------------------
#@# Smooth2 rh Sun Mar 15 10:23:01 CET 2026
/out/sourcedata/freesurfer/sub-v2s10x28989_ses-1/scripts

 mris_smooth -n 3 -nw -seed 1234 ../surf/rh.white.preaparc ../surf/rh.smoothwm 

smoothing for 3 iterations
setting seed for random number generator to 1234
smoothing surface tessellation for 3 iterations...
smoothing complete - recomputing first and second fundamental forms...
#--------------------------------------------
#@# Inflation2 rh Sun Mar 15 10:23:05 CET 2026
/out/sourcedata/freesurfer/sub-v2s10x28989_ses-1/scripts

 mris_inflate ../surf/rh.smoothwm ../surf/rh.inflated 

Reading ../surf/rh.smoothwm
avg radius = 46.9 mm, total surface area = 92503 mm^2
step 000: RMS=0.172 (target=0.015)   step 005: RMS=0.115 (target=0.015)   step 010: RMS=0.086 (target=0.015)   step 015: RMS=0.071 (target=0.015)   step 020: RMS=0.060 (target=0.015)   step 025: RMS=0.050 (target=0.015)   step 030: RMS=0.041 (target=0.015)   step 035: RMS=0.034 (target=0.015)   step 040: RMS=0.030 (target=0.015)   step 045: RMS=0.026 (target=0.015)   step 050: RMS=0.024 (target=0.015)   step 055: RMS=0.022 (target=0.015)   step 060: RMS=0.021 (target=0.015)   writing inflated surface to ../surf/rh.inflated
writing sulcal depths to ../surf/rh.sulc

inflation complete.
inflation took 0.3 minutes
mris_inflate utimesec    116.784051
mris_inflate stimesec    1.408048
mris_inflate ru_maxrss   226440
mris_inflate ru_ixrss    0
mris_inflate ru_idrss    0
mris_inflate ru_isrss    0
mris_inflate ru_minflt   557997
mris_inflate ru_majflt   6
mris_inflate ru_nswap    0
mris_inflate ru_inblock  0
mris_inflate ru_oublock  11560
mris_inflate ru_msgsnd   0
mris_inflate ru_msgrcv   0
mris_inflate ru_nsignals 0
mris_inflate ru_nvcsw    15066
mris_inflate ru_nivcsw   678
#--------------------------------------------
#@# Curv .H and .K rh Sun Mar 15 10:23:22 CET 2026
/out/sourcedata/freesurfer/sub-v2s10x28989_ses-1/surf

 mris_curvature -w -seed 1234 rh.white.preaparc 

setting seed for random number generator to 1234
total integrated curvature = 22.929*4pi (288.130) --> -22 handles
ICI = 153.7, FI = 1675.5, variation=25812.465
writing Gaussian curvature to ./rh.white.preaparc.K...done.
writing mean curvature to ./rh.white.preaparc.H...done.
rm -f rh.white.H
ln -s rh.white.preaparc.H rh.white.H
rm -f rh.white.K
ln -s rh.white.preaparc.K rh.white.K

 mris_curvature -seed 1234 -thresh .999 -n -a 5 -w -distances 10 10 rh.inflated 

setting seed for random number generator to 1234
normalizing curvature values.
averaging curvature patterns 5 times.
sampling 10 neighbors out to a distance of 10 mm
182 vertices thresholded to be in k1 ~ [-0.55 0.62], k2 ~ [-0.14 0.18]
total integrated curvature = 0.568*4pi (7.138) --> 0 handles
ICI = 1.7, FI = 11.9, variation=198.949
172 vertices thresholded to be in [-0.05 0.01]
writing Gaussian curvature to ./rh.inflated.K...thresholding curvature at 99.90% level
curvature mean = 0.000, std = 0.002
104 vertices thresholded to be in [-0.18 0.21]
done.
writing mean curvature to ./rh.inflated.H...curvature mean = -0.016, std = 0.024
done.
#--------------------------------------------
#@# Sphere rh Sun Mar 15 10:24:11 CET 2026
/out/sourcedata/freesurfer/sub-v2s10x28989_ses-1/scripts

 mris_sphere -seed 1234 ../surf/rh.inflated ../surf/rh.sphere 

setting seed for random number genererator to 1234
version: 7.3.2
available threads: 16
reading original vertex positions...
projecting onto sphere...
surface projected - minimizing metric distortion...
scaling brain by 0.268...
MRISunfold() max_passes = 1 -------
tol=5.0e-01, sigma=0.0, host=dna05, nav=1024, nbrs=2, l_area=1.000, l_dist=1.000
using quadratic fit line minimization
complete_dist_mat 0
rms 0
smooth_averages 0
remove_neg 0
ico_order 0
which_surface 0
target_radius 0.000000
nfields 0
scale 1.000000
desired_rms_height -1.000000
momentum 0.900000
nbhd_size 7
max_nbrs 8
niterations 25
nsurfaces 0
SURFACES 3
flags 0 (0)
use curv 0
no sulc 0
no rigid align 0
mris->nsize 2
mris->hemisphere 1
randomSeed 1234

singular matrix in quadratic form
singular matrix in quadratic form
--------------------
  mrisRemoveNegativeArea()
pass 1: epoch 1 of 3 starting distance error %19.93
pass 1: epoch 2 of 3 starting distance error %19.93
unfolding complete - removing small folds...
starting distance error %19.84
removing remaining folds...
final distance error %19.87
MRISunfold() return, current seed 1234
-01: dt=0.0000,  12 negative triangles  VmPeak 1615984
200: dt=0.9900,  12 negative triangles
201: dt=0.9900,   6 negative triangles
202: dt=0.9900,   2 negative triangles
203: dt=0.9900,   1 negative triangles
writing spherical brain to ../surf/rh.sphere
spherical transformation took 0.0546 hours
FSRUNTIME@ mris_sphere  0.0546 hours 16 threads
#VMPC# mris_sphere VmPeak  1615984
mris_sphere done
#--------------------------------------------
#@# Surf Reg rh Sun Mar 15 10:27:28 CET 2026
/out/sourcedata/freesurfer/sub-v2s10x28989_ses-1/scripts

 mris_register -curv ../surf/rh.sphere /opt/freesurfer/average/rh.folding.atlas.acfb40.noaparc.i12.2016-08-02.tif ../surf/rh.sphere.reg 

using smoothwm curvature for final alignment

cwd /out/sourcedata/freesurfer/sub-v2s10x28989_ses-1/scripts
cmdline mris_register -curv ../surf/rh.sphere /opt/freesurfer/average/rh.folding.atlas.acfb40.noaparc.i12.2016-08-02.tif ../surf/rh.sphere.reg 

0 inflated.H
1 sulc
2 smoothwm (computed)
7.3.2
  7.3.2
reading surface from ../surf/rh.sphere...
reading template parameterization from /opt/freesurfer/average/rh.folding.atlas.acfb40.noaparc.i12.2016-08-02.tif...
MRISregister() -------
max_passes = 4 
min_degrees = 0.500000 
max_degrees = 64.000000 
nangles = 8 
tol=5.0e-01, sigma=0.0, host=dna05, nav=1024, nbrs=1, l_extern=10000.000, l_parea=0.200, l_nlarea=1.000, l_corr=1.000, l_dist=5.000
using quadratic fit line minimization
complete_dist_mat 0
rms 0
smooth_averages 0
remove_neg 0
ico_order 0
which_surface 0
target_radius 0.000000
nfields 0
scale 0.000000
desired_rms_height -1.000000
momentum 0.950000
nbhd_size -10
max_nbrs 10
niterations 25
nsurfaces 0
SURFACES 3
flags 16 (10)
use curv 16
no sulc 0
no rigid align 0
mris->nsize 1
mris->hemisphere 1
randomSeed 0

tol=5.0e-01, sigma=0.0, host=dna05, nav=1024, nbrs=1, l_extern=10000.000, l_parea=0.200, l_nlarea=1.000, l_corr=1.000, l_dist=5.000
using quadratic fit line minimization
--------------------
1 Reading rh.sulc
tol=1.0e+00, sigma=0.5, host=dna05, nav=1024, nbrs=1, l_extern=10000.000, l_parea=0.200, l_nlarea=1.000, l_corr=0.050, l_spring=0.500, l_dist=5.000
using quadratic fit line minimization
curvature mean = -0.000, std = 5.684
curvature mean = 0.044, std = 0.810
curvature mean = 0.009, std = 0.857
Starting MRISrigidBodyAlignGlobal()
Starting new MRISrigidBodyAlignGlobal_findMinSSE()
  new MRISrigidBodyAlignGlobal_findMinSSE min @ (9.50, -7.50, 10.50) sse = 256480.9, elapsed since starting=0.1137 min
MRISrigidBodyAlignGlobal() done   0.11 min
curvature mean = 0.025, std = 0.822
curvature mean = 0.004, std = 0.947
curvature mean = 0.021, std = 0.831
curvature mean = 0.002, std = 0.979
curvature mean = 0.019, std = 0.832
curvature mean = 0.000, std = 0.992
2 Reading smoothwm
curvature mean = -0.018, std = 0.277
curvature mean = 0.041, std = 0.243
curvature mean = 0.055, std = 0.347
curvature mean = 0.037, std = 0.301
curvature mean = 0.035, std = 0.537
curvature mean = 0.036, std = 0.328
curvature mean = 0.020, std = 0.679
curvature mean = 0.036, std = 0.340
curvature mean = 0.006, std = 0.789
MRISregister() return, current seed 0
-01: dt=0.0000,  41 negative triangles  VmPeak 1679460
116: dt=0.9900,  41 negative triangles
117: dt=0.9900,  37 negative triangles
118: dt=0.9900,  31 negative triangles
119: dt=0.9900,  29 negative triangles
120: dt=0.9900,  23 negative triangles
121: dt=0.9900,  23 negative triangles
122: dt=0.9900,  24 negative triangles
123: dt=0.9900,  21 negative triangles
124: dt=0.9900,  22 negative triangles
125: dt=0.9900,  23 negative triangles
126: dt=0.9900,  21 negative triangles
127: dt=0.9900,  18 negative triangles
128: dt=0.9900,  18 negative triangles
129: dt=0.9900,  22 negative triangles
130: dt=0.9900,  18 negative triangles
131: dt=0.9900,  21 negative triangles
132: dt=0.9900,  17 negative triangles
133: dt=0.9900,  19 negative triangles
134: dt=0.9900,  18 negative triangles
135: dt=0.9900,  20 negative triangles
136: dt=0.9900,  20 negative triangles
137: dt=0.9900,  18 negative triangles
138: dt=0.9900,  17 negative triangles
139: dt=0.9900,  15 negative triangles
140: dt=0.9900,  15 negative triangles
141: dt=0.9900,  15 negative triangles
142: dt=0.9900,  14 negative triangles
143: dt=0.9900,  12 negative triangles
144: dt=0.9900,  14 negative triangles
145: dt=0.9900,  16 negative triangles
146: dt=0.9900,  12 negative triangles
147: dt=0.9900,  12 negative triangles
148: dt=0.9900,  13 negative triangles
149: dt=0.9900,  11 negative triangles
150: dt=0.9900,  11 negative triangles
151: dt=0.9900,  13 negative triangles
152: dt=0.9900,  11 negative triangles
153: dt=0.9900,  11 negative triangles
154: dt=0.9900,  13 negative triangles
155: dt=0.9900,  13 negative triangles
156: dt=0.9900,  11 negative triangles
157: dt=0.9900,   9 negative triangles
158: dt=0.9900,  10 negative triangles
159: dt=0.9900,  12 negative triangles
160: dt=0.9900,  12 negative triangles
161: dt=0.9900,  10 negative triangles
162: dt=0.9900,   7 negative triangles
163: dt=0.9900,   8 negative triangles
164: dt=0.9900,   7 negative triangles
165: dt=0.9900,   2 negative triangles
166: dt=0.9900,   7 negative triangles
167: dt=0.9900,   2 negative triangles
168: dt=0.9900,   5 negative triangles
169: dt=0.9900,   3 negative triangles
170: dt=0.9900,   6 negative triangles
171: dt=0.9900,   4 negative triangles
172: dt=0.9900,   1 negative triangles
173: dt=0.9900,   1 negative triangles
writing registered surface to ../surf/rh.sphere.reg...
registration took 0.07 hours
#VMPC# mris_register VmPeak  1679460
FSRUNTIME@ mris_register  0.0671 hours 16 threads

 ln -sf rh.sphere.reg rh.fsaverage.sphere.reg 

#--------------------------------------------
#@# Jacobian white rh Sun Mar 15 10:31:29 CET 2026
/out/sourcedata/freesurfer/sub-v2s10x28989_ses-1/scripts

 mris_jacobian ../surf/rh.white.preaparc ../surf/rh.sphere.reg ../surf/rh.jacobian_white 

reading surface from ../surf/rh.white.preaparc...
writing curvature file ../surf/rh.jacobian_white
#--------------------------------------------
#@# AvgCurv rh Sun Mar 15 10:31:30 CET 2026
/out/sourcedata/freesurfer/sub-v2s10x28989_ses-1/scripts

 mrisp_paint -a 5 /opt/freesurfer/average/rh.folding.atlas.acfb40.noaparc.i12.2016-08-02.tif#6 ../surf/rh.sphere.reg ../surf/rh.avg_curv 

averaging curvature patterns 5 times...
reading surface from ../surf/rh.sphere.reg...
reading template parameterization from /opt/freesurfer/average/rh.folding.atlas.acfb40.noaparc.i12.2016-08-02.tif...
writing curvature file to ../surf/rh.avg_curv...
#-----------------------------------------
#@# Cortical Parc rh Sun Mar 15 10:31:31 CET 2026
/out/sourcedata/freesurfer/sub-v2s10x28989_ses-1/scripts

 mris_ca_label -l ../label/rh.cortex.label -aseg ../mri/aseg.presurf.mgz -seed 1234 sub-v2s10x28989_ses-1 rh ../surf/rh.sphere.reg /opt/freesurfer/average/rh.DKaparc.atlas.acfb40.noaparc.i12.2016-08-02.gcs ../label/rh.aparc.annot 

setting seed for random number generator to 1234
using ../mri/aseg.presurf.mgz aseg volume to correct midline
7.3.2
  7.3.2
reading atlas from /opt/freesurfer/average/rh.DKaparc.atlas.acfb40.noaparc.i12.2016-08-02.gcs...
reading color table from GCSA file....
average std = 0.7   using min determinant for regularization = 0.004
0 singular and 309 ill-conditioned covariance matrices regularized
input 0: MEAN CURVATURE, flags 0, avgs 5, name mean_curvature
labeling surface...
1434 labels changed using aseg
relabeling using gibbs priors...
000:   3059 changed, 147777 examined...
001:    670 changed, 13135 examined...
002:    144 changed, 3887 examined...
003:     44 changed, 885 examined...
004:     13 changed, 272 examined...
005:      0 changed, 83 examined...
191 labels changed using aseg
000: 115 total segments, 78 labels (293 vertices) changed
001: 38 total segments, 1 labels (1 vertices) changed
002: 37 total segments, 0 labels (0 vertices) changed
10 filter iterations complete (10 requested, 3 changed)
rationalizing unknown annotations with cortex label
relabeling unknown label...
relabeling corpuscallosum label...
1938 vertices marked for relabeling...
1938 labels changed in reclassification.
writing output to ../label/rh.aparc.annot...
classification took 0 minutes and 10 seconds.
#--------------------------------------------
#@# WhiteSurfs rh Sun Mar 15 10:31:41 CET 2026
cd /out/sourcedata/freesurfer/sub-v2s10x28989_ses-1/mri
mris_place_surface --adgws-in ../surf/autodet.gw.stats.rh.dat --seg aseg.presurf.mgz --threads 16 --wm wm.mgz --invol brain.finalsurfs.mgz --rh --i ../surf/rh.white.preaparc --o ../surf/rh.white --white --nsmooth 0 --rip-label ../label/rh.cortex.label --rip-bg --rip-surf ../surf/rh.white.preaparc --aparc ../label/rh.aparc.annot
7.3.2
7.3.2

cd /out/sourcedata/freesurfer/sub-v2s10x28989_ses-1/mri
setenv SUBJECTS_DIR /out/sourcedata/freesurfer
mris_place_surface --adgws-in ../surf/autodet.gw.stats.rh.dat --seg aseg.presurf.mgz --threads 16 --wm wm.mgz --invol brain.finalsurfs.mgz --rh --i ../surf/rh.white.preaparc --o ../surf/rh.white --white --nsmooth 0 --rip-label ../label/rh.cortex.label --rip-bg --rip-surf ../surf/rh.white.preaparc --aparc ../label/rh.aparc.annot 

Reading in input surface ../surf/rh.white.preaparc
Not smoothing input surface
Area    295550  0.34347  0.11863 0.001215   2.0959
Corner  886650 60.00000 13.51775 0.391329 179.1252
Edge    443325  0.90080  0.19500 0.016315   3.6982
Hinge   443325  9.56864 10.88398 0.000008 179.9415
Reading in aparc ../label/rh.aparc.annot
Reading in input volume brain.finalsurfs.mgz
Reading in wm volume wm.mgz
MRIclipBrightWM(): nthresh=19713, wmmin=5, clip=110 
MRIfindBrightNonWM(): 15 bright non-wm voxels segmented.
Masking bright non-wm for white surface
MRImask(): AllowDiffGeom = 1
MRImask(): AllowDiffGeom = 1
Reading in seg volume aseg.presurf.mgz
Ripping frozen voxels
Ripping vertices not in label ../label/rh.cortex.label
MRISripNotLabel() ripped 8478/147777 vertices (139299 unripped)
Reading in ripping surface ../surf/rh.white.preaparc
Reading in aparc ../label/rh.aparc.annot for ripsurf
Ripping BG
MRISripBasalGanglia(): 1 -2 2 0.5 ripped 575
Ripping segs (eg, WMSA, BG, frozen)
Starting MRISripSegs() d = (-2 2 0.5) segnos: 247 
MRISripSegs(): -2 2 0.5 ripped 0
vertex 73889: xyz = (43.0269,-7.46437,18.2921) oxyz = (43.0269,-7.46437,18.2921) wxzy = (43.0269,-7.46437,18.2921) pxyz = (0,0,0) 
CBVO Creating mask 147777
n_averages 4
Iteration 0 =========================================
n_averages=4, current_sigma=2
Computing target border values 
Entering MRIScomputeBorderValues_new(): 
  inside_hi   = 120.0000000;
  border_hi   = 111.6133500;
  border_low  =  73.0000000;
  outside_low =  63.7337000;
  outside_hi  = 111.6133500;
  sigma = 2;
  max_thickness = 10;
  step_size=0.5;
  STEP_SIZE=0.1;
  which = 1
  thresh = 0
  flags = 0
  CBVfindFirstPeakD1=0
  CBVfindFirstPeakD2=0
  nvertices=147777
  Gdiag_no=-1
  vno start=0, stop=147777
Replacing 255s with 0s
#SI# sigma=2 had to be increased for 165 vertices, nripped=9053
mean border=83.6, 78 (78) missing vertices, mean dist 0.3 [0.9 (%14.3)->0.5 (%85.7))]
%67 local maxima, %27 large gradients and % 0 min vals, 0 gradients ignored
nFirstPeakD1 0
MRIScomputeBorderValues_new() finished in 0.0138 min


Finding expansion regions
mean absolute distance = 0.53 +- 0.86
2989 vertices more than 2 sigmas from mean.
Averaging target values for 5 iterations...
Positioning Surface: tspring = 0.3, nspring = 0.3, spring = 0, niters = 100 l_repulse = 5, l_surf_repulse = 0, checktol = 0
Positioning pial surface
Entering MRISpositionSurface()
  max_mm = 0.3
  MAX_REDUCTIONS = 2, REDUCTION_PCT = 0.5
  parms->check_tol = 0, niterations = 100
tol=1.0e-04, sigma=2.0, host=dna05, nav=4, nbrs=2, l_repulse=5.000, l_tspring=0.300, l_nspring=0.300, l_intensity=0.200, l_curv=1.000
mom=0.00, dt=0.50
complete_dist_mat 0
rms 0
smooth_averages 0
remove_neg 0
ico_order 0
which_surface 0
target_radius 0.000000
nfields 0
scale 0.000000
desired_rms_height 0.000000
momentum 0.000000
nbhd_size 0
max_nbrs 0
niterations 100
nsurfaces 0
SURFACES 3
flags 0 (0)
use curv 0
no sulc 0
no rigid align 0
mris->nsize 2
mris->hemisphere 1
randomSeed 0

000: dt: 0.0000, sse=1273967.5, rms=6.184
001: dt: 0.5000, sse=565015.8, rms=3.566 (42.339%)
002: dt: 0.5000, sse=408675.1, rms=2.653 (25.594%)
003: dt: 0.5000, sse=389704.3, rms=2.496 (5.935%)
004: dt: 0.5000, sse=373653.1, rms=2.377 (4.736%)
rms = 2.4562/2.3774, sse=383900.4/373653.1, time step reduction 1 of 3 to 0.250  0 1 1
   RMS increased, rejecting step
005: dt: 0.2500, sse=296002.4, rms=1.685 (29.136%)
006: dt: 0.2500, sse=269084.3, rms=1.366 (18.942%)
007: dt: 0.2500, sse=262637.1, rms=1.272 (6.861%)
rms = 1.2395/1.2719, sse=261671.8/262637.1, time step reduction 2 of 3 to 0.125  0 0 1
008: dt: 0.2500, sse=261671.8, rms=1.240 (2.547%)
rms = 1.2070/1.2395, sse=260691.4/261671.8, time step reduction 3 of 3 to 0.062  0 0 1
009: dt: 0.1250, sse=260691.4, rms=1.207 (2.621%)
  maximum number of reductions reached, breaking from loop
positioning took 0.9 minutes
Iteration 1 =========================================
n_averages=2, current_sigma=1
Computing target border values 
Entering MRIScomputeBorderValues_new(): 
  inside_hi   = 120.0000000;
  border_hi   = 111.6133500;
  border_low  =  73.0000000;
  outside_low =  63.7337000;
  outside_hi  = 111.6133500;
  sigma = 1;
  max_thickness = 10;
  step_size=0.5;
  STEP_SIZE=0.1;
  which = 1
  thresh = 0
  flags = 0
  CBVfindFirstPeakD1=0
  CBVfindFirstPeakD2=0
  nvertices=147777
  Gdiag_no=-1
  vno start=0, stop=147777
Replacing 255s with 0s
#SI# sigma=1 had to be increased for 140 vertices, nripped=9053
mean border=86.0, 94 (12) missing vertices, mean dist -0.2 [0.3 (%73.8)->0.3 (%26.2))]
%77 local maxima, %17 large gradients and % 0 min vals, 0 gradients ignored
nFirstPeakD1 0
MRIScomputeBorderValues_new() finished in 0.0101 min


Finding expansion regions
mean absolute distance = 0.32 +- 0.61
2523 vertices more than 2 sigmas from mean.
Averaging target values for 5 iterations...
Positioning Surface: tspring = 0.3, nspring = 0.3, spring = 0, niters = 100 l_repulse = 5, l_surf_repulse = 0, checktol = 0
Positioning pial surface
Entering MRISpositionSurface()
  max_mm = 0.3
  MAX_REDUCTIONS = 2, REDUCTION_PCT = 0.5
  parms->check_tol = 0, niterations = 100
tol=1.0e-04, sigma=1.0, host=dna05, nav=2, nbrs=2, l_repulse=5.000, l_tspring=0.300, l_nspring=0.300, l_intensity=0.200, l_curv=1.000
mom=0.00, dt=0.50
000: dt: 0.0000, sse=594264.2, rms=3.619
010: dt: 0.5000, sse=373817.2, rms=2.270 (37.275%)
011: dt: 0.5000, sse=365430.9, rms=2.179 (4.018%)
rms = 2.2221/2.1786, sse=366776.5/365431.0, time step reduction 1 of 3 to 0.250  0 1 1
   RMS increased, rejecting step
012: dt: 0.2500, sse=297580.0, rms=1.545 (29.068%)
013: dt: 0.2500, sse=268702.5, rms=1.180 (23.664%)
014: dt: 0.2500, sse=266174.1, rms=1.098 (6.921%)
rms = 1.0721/1.0980, sse=265533.8/266174.1, time step reduction 2 of 3 to 0.125  0 0 1
015: dt: 0.2500, sse=265533.8, rms=1.072 (2.354%)
rms = 1.0501/1.0721, sse=262432.3/265533.8, time step reduction 3 of 3 to 0.062  0 0 1
016: dt: 0.1250, sse=262432.3, rms=1.050 (2.052%)
  maximum number of reductions reached, breaking from loop
positioning took 0.6 minutes
Iteration 2 =========================================
n_averages=1, current_sigma=0.5
Computing target border values 
Entering MRIScomputeBorderValues_new(): 
  inside_hi   = 120.0000000;
  border_hi   = 111.6133500;
  border_low  =  73.0000000;
  outside_low =  63.7337000;
  outside_hi  = 111.6133500;
  sigma = 0.5;
  max_thickness = 10;
  step_size=0.5;
  STEP_SIZE=0.1;
  which = 1
  thresh = 0
  flags = 0
  CBVfindFirstPeakD1=0
  CBVfindFirstPeakD2=0
  nvertices=147777
  Gdiag_no=-1
  vno start=0, stop=147777
Replacing 255s with 0s
#SI# sigma=0.5 had to be increased for 125 vertices, nripped=9053
mean border=87.6, 111 (5) missing vertices, mean dist -0.1 [0.2 (%69.6)->0.2 (%30.4))]
%83 local maxima, %11 large gradients and % 0 min vals, 0 gradients ignored
nFirstPeakD1 0
MRIScomputeBorderValues_new() finished in 0.0059 min


Finding expansion regions
mean absolute distance = 0.24 +- 0.43
3034 vertices more than 2 sigmas from mean.
Averaging target values for 5 iterations...
Positioning Surface: tspring = 0.3, nspring = 0.3, spring = 0, niters = 100 l_repulse = 5, l_surf_repulse = 0, checktol = 0
Positioning pial surface
Entering MRISpositionSurface()
  max_mm = 0.3
  MAX_REDUCTIONS = 2, REDUCTION_PCT = 0.5
  parms->check_tol = 0, niterations = 100
tol=1.0e-04, sigma=0.5, host=dna05, nav=1, nbrs=2, l_repulse=5.000, l_tspring=0.300, l_nspring=0.300, l_intensity=0.200, l_curv=1.000
mom=0.00, dt=0.50
000: dt: 0.0000, sse=387233.0, rms=2.400
017: dt: 0.5000, sse=333262.9, rms=1.929 (19.623%)
rms = 2.0938/1.9289, sse=349584.3/333262.9, time step reduction 1 of 3 to 0.250  0 1 1
   RMS increased, rejecting step
018: dt: 0.2500, sse=278889.7, rms=1.355 (29.778%)
019: dt: 0.2500, sse=259239.3, rms=1.063 (21.553%)
020: dt: 0.2500, sse=255653.7, rms=0.987 (7.161%)
rms = 0.9686/0.9865, sse=255867.2/255653.7, time step reduction 2 of 3 to 0.125  0 1 1
021: dt: 0.2500, sse=255867.2, rms=0.969 (1.820%)
rms = 0.9362/0.9686, sse=251271.6/255867.2, time step reduction 3 of 3 to 0.062  0 0 1
022: dt: 0.1250, sse=251271.6, rms=0.936 (3.337%)
  maximum number of reductions reached, breaking from loop
positioning took 0.5 minutes
Iteration 3 =========================================
n_averages=0, current_sigma=0.25
Computing target border values 
Entering MRIScomputeBorderValues_new(): 
  inside_hi   = 120.0000000;
  border_hi   = 111.6133500;
  border_low  =  73.0000000;
  outside_low =  63.7337000;
  outside_hi  = 111.6133500;
  sigma = 0.25;
  max_thickness = 10;
  step_size=0.5;
  STEP_SIZE=0.1;
  which = 1
  thresh = 0
  flags = 0
  CBVfindFirstPeakD1=0
  CBVfindFirstPeakD2=0
  nvertices=147777
  Gdiag_no=-1
  vno start=0, stop=147777
Replacing 255s with 0s
#SI# sigma=0.25 had to be increased for 115 vertices, nripped=9053
mean border=88.2, 148 (4) missing vertices, mean dist -0.0 [0.2 (%55.9)->0.2 (%44.1))]
%85 local maxima, % 8 large gradients and % 0 min vals, 0 gradients ignored
nFirstPeakD1 0
MRIScomputeBorderValues_new() finished in 0.0051 min


Finding expansion regions
mean absolute distance = 0.21 +- 0.36
3189 vertices more than 2 sigmas from mean.
Averaging target values for 5 iterations...
Positioning Surface: tspring = 0.3, nspring = 0.3, spring = 0, niters = 100 l_repulse = 5, l_surf_repulse = 0, checktol = 0
Positioning pial surface
Entering MRISpositionSurface()
  max_mm = 0.3
  MAX_REDUCTIONS = 2, REDUCTION_PCT = 0.5
  parms->check_tol = 0, niterations = 100
tol=1.0e-04, sigma=0.2, host=dna05, nav=0, nbrs=2, l_repulse=5.000, l_tspring=0.300, l_nspring=0.300, l_intensity=0.200, l_curv=1.000
mom=0.00, dt=0.50
000: dt: 0.0000, sse=268293.4, rms=1.256
rms = 1.2178/1.2564, sse=273604.9/268293.4, time step reduction 1 of 3 to 0.250  0 1 1
023: dt: 0.5000, sse=273604.9, rms=1.218 (3.075%)
024: dt: 0.2500, sse=249846.2, rms=0.891 (26.859%)
025: dt: 0.2500, sse=245840.8, rms=0.815 (8.526%)
rms = 0.8333/0.8148, sse=243881.1/245840.8, time step reduction 2 of 3 to 0.125  0 0 1
   RMS increased, rejecting step
rms = 0.7875/0.8148, sse=243595.4/245840.8, time step reduction 3 of 3 to 0.062  0 0 1
026: dt: 0.1250, sse=243595.4, rms=0.787 (3.354%)
  maximum number of reductions reached, breaking from loop
positioning took 0.4 minutes


Writing output to ../surf/rh.white
#ET# mris_place_surface  2.53 minutes
#VMPC# mris_place_surfaces VmPeak  3094028
mris_place_surface done
#--------------------------------------------
#@# T1PialSurf rh Sun Mar 15 10:34:19 CET 2026
cd /out/sourcedata/freesurfer/sub-v2s10x28989_ses-1/mri
mris_place_surface --adgws-in ../surf/autodet.gw.stats.rh.dat --seg aseg.presurf.mgz --threads 16 --wm wm.mgz --invol brain.finalsurfs.mgz --rh --i ../surf/rh.white --o ../surf/rh.pial.T1 --pial --nsmooth 0 --rip-label ../label/rh.cortex+hipamyg.label --pin-medial-wall ../label/rh.cortex.label --aparc ../label/rh.aparc.annot --repulse-surf ../surf/rh.white --white-surf ../surf/rh.white
7.3.2
7.3.2

cd /out/sourcedata/freesurfer/sub-v2s10x28989_ses-1/mri
setenv SUBJECTS_DIR /out/sourcedata/freesurfer
mris_place_surface --adgws-in ../surf/autodet.gw.stats.rh.dat --seg aseg.presurf.mgz --threads 16 --wm wm.mgz --invol brain.finalsurfs.mgz --rh --i ../surf/rh.white --o ../surf/rh.pial.T1 --pial --nsmooth 0 --rip-label ../label/rh.cortex+hipamyg.label --pin-medial-wall ../label/rh.cortex.label --aparc ../label/rh.aparc.annot --repulse-surf ../surf/rh.white --white-surf ../surf/rh.white 

Reading in input surface ../surf/rh.white
Not smoothing input surface
Area    295550  0.34692  0.13248 0.000270   2.1924
Corner  886650 60.00000 14.96697 0.171951 179.3631
Edge    443325  0.90675  0.21360 0.025801   3.6982
Hinge   443325  9.70425 11.26363 0.000020 179.8297
Reading white surface coordinates from ../surf/rh.white
Reading repulsion surface coordinates from ../surf/rh.white
Reading in aparc ../label/rh.aparc.annot
Reading in input volume brain.finalsurfs.mgz
Reading in wm volume wm.mgz
MRIclipBrightWM(): nthresh=19713, wmmin=5, clip=110 
MRIfindBrightNonWM(): 15 bright non-wm voxels segmented.
Masking bright non-wm for pial surface mid_gray = 70.7939
MRImask(): AllowDiffGeom = 1
MRImask(): AllowDiffGeom = 1
MRImask(): AllowDiffGeom = 1
Reading in seg volume aseg.presurf.mgz
Ripping frozen voxels
Ripping vertices not in label ../label/rh.cortex+hipamyg.label
MRISripNotLabel() ripped 5521/147777 vertices (142256 unripped)
INFO: rip surface needed but not specified, so using input surface
Ripping segs (eg, WMSA, BG, frozen)
Starting MRISripSegs() d = (-2 2 0.5) segnos: 247 
MRISripSegs(): -2 2 0.5 ripped 0
vertex 73889: xyz = (43.0019,-7.5117,18.2964) oxyz = (43.0019,-7.5117,18.2964) wxzy = (43.0019,-7.5117,18.2964) pxyz = (43.0019,-7.5117,18.2964) 
CBVO Creating mask 147777
n_averages 16
Iteration 0 =========================================
n_averages=16, current_sigma=2
Computing target border values 
Entering MRIScomputeBorderValues_new(): 
  inside_hi   =  96.3866500;
  border_hi   =  63.7337000;
  border_low  =  45.2010960;
  outside_low =  10.0000000;
  outside_hi  =  59.1005480;
  sigma = 2;
  max_thickness = 10;
  step_size=0.5;
  STEP_SIZE=0.1;
  which = 2
  thresh = 0
  flags = 0
  CBVfindFirstPeakD1=0
  CBVfindFirstPeakD2=0
  nvertices=147777
  Gdiag_no=-1
  vno start=0, stop=147777
Replacing 255s with 0s
#SI# sigma=2 had to be increased for 243 vertices, nripped=5521
mean border=62.5, 149 (149) missing vertices, mean dist 1.5 [1.6 (%0.0)->2.9 (%100.0))]
%12 local maxima, %39 large gradients and %45 min vals, 0 gradients ignored
nFirstPeakD1 0
MRIScomputeBorderValues_new() finished in 0.0133 min


Averaging target values for 5 iterations...
Positioning Surface: tspring = 0.3, nspring = 0.3, spring = 0, niters = 100 l_repulse = 0, l_surf_repulse = 5, checktol = 0
Positioning pial surface
Entering MRISpositionSurface()
  max_mm = 0.3
  MAX_REDUCTIONS = 2, REDUCTION_PCT = 0.5
  parms->check_tol = 0, niterations = 100
tol=1.0e-04, sigma=2.0, host=dna05, nav=16, nbrs=2, l_surf_repulse=5.000, l_tspring=0.300, l_nspring=0.300, l_intensity=0.200, l_curv=1.000
mom=0.00, dt=0.50
complete_dist_mat 0
rms 0
smooth_averages 0
remove_neg 0
ico_order 0
which_surface 0
target_radius 0.000000
nfields 0
scale 0.000000
desired_rms_height 0.000000
momentum 0.000000
nbhd_size 0
max_nbrs 0
niterations 100
nsurfaces 0
SURFACES 3
flags 0 (0)
use curv 0
no sulc 0
no rigid align 0
mris->nsize 2
mris->hemisphere 1
randomSeed 0

000: dt: 0.0000, sse=19966018.0, rms=26.358
001: dt: 0.5000, sse=13610632.0, rms=21.706 (17.652%)
002: dt: 0.5000, sse=9189332.0, rms=17.763 (18.165%)
003: dt: 0.5000, sse=6400038.0, rms=14.741 (17.014%)
004: dt: 0.5000, sse=4700533.5, rms=12.545 (14.894%)
005: dt: 0.5000, sse=3614029.5, rms=10.910 (13.031%)
006: dt: 0.5000, sse=2842960.0, rms=9.580 (12.194%)
007: dt: 0.5000, sse=2265557.5, rms=8.445 (11.848%)
008: dt: 0.5000, sse=1823386.1, rms=7.457 (11.693%)
009: dt: 0.5000, sse=1496246.0, rms=6.631 (11.088%)
010: dt: 0.5000, sse=1245904.0, rms=5.918 (10.742%)
011: dt: 0.5000, sse=1069236.6, rms=5.356 (9.496%)
012: dt: 0.5000, sse=930147.2, rms=4.868 (9.120%)
013: dt: 0.5000, sse=830738.1, rms=4.485 (7.868%)
014: dt: 0.5000, sse=751998.0, rms=4.156 (7.329%)
015: dt: 0.5000, sse=708809.1, rms=3.961 (4.688%)
016: dt: 0.5000, sse=675119.2, rms=3.802 (4.023%)
017: dt: 0.5000, sse=657840.7, rms=3.715 (2.284%)
018: dt: 0.5000, sse=639268.6, rms=3.621 (2.543%)
rms = 3.5826/3.6206, sse=632397.2/639268.5, time step reduction 1 of 3 to 0.250  0 0 1
019: dt: 0.5000, sse=632397.2, rms=3.583 (1.049%)
020: dt: 0.2500, sse=559074.4, rms=3.183 (11.150%)
021: dt: 0.2500, sse=542303.0, rms=3.085 (3.080%)
rms = 3.0630/3.0851, sse=538918.8/542303.0, time step reduction 2 of 3 to 0.125  0 0 1
022: dt: 0.2500, sse=538918.8, rms=3.063 (0.716%)
023: dt: 0.1250, sse=521614.5, rms=2.958 (3.429%)
rms = 2.9304/2.9580, sse=517222.8/521614.5, time step reduction 3 of 3 to 0.062  0 0 1
024: dt: 0.1250, sse=517222.8, rms=2.930 (0.932%)
  maximum number of reductions reached, breaking from loop
positioning took 1.9 minutes
Iteration 1 =========================================
n_averages=8, current_sigma=1
Computing target border values 
Entering MRIScomputeBorderValues_new(): 
  inside_hi   =  96.3866500;
  border_hi   =  63.7337000;
  border_low  =  45.2010960;
  outside_low =  10.0000000;
  outside_hi  =  59.1005480;
  sigma = 1;
  max_thickness = 10;
  step_size=0.5;
  STEP_SIZE=0.1;
  which = 2
  thresh = 0
  flags = 0
  CBVfindFirstPeakD1=0
  CBVfindFirstPeakD2=0
  nvertices=147777
  Gdiag_no=-1
  vno start=0, stop=147777
Replacing 255s with 0s
#SI# sigma=1 had to be increased for 15113 vertices, nripped=5521
mean border=61.5, 1894 (19) missing vertices, mean dist 0.2 [0.2 (%47.4)->0.7 (%52.6))]
%21 local maxima, %33 large gradients and %41 min vals, 0 gradients ignored
nFirstPeakD1 0
MRIScomputeBorderValues_new() finished in 0.0066 min


Averaging target values for 5 iterations...
Positioning Surface: tspring = 0.3, nspring = 0.3, spring = 0, niters = 100 l_repulse = 0, l_surf_repulse = 5, checktol = 0
Positioning pial surface
Entering MRISpositionSurface()
  max_mm = 0.3
  MAX_REDUCTIONS = 2, REDUCTION_PCT = 0.5
  parms->check_tol = 0, niterations = 100
tol=1.0e-04, sigma=1.0, host=dna05, nav=8, nbrs=2, l_surf_repulse=5.000, l_tspring=0.300, l_nspring=0.300, l_intensity=0.200, l_curv=1.000
mom=0.00, dt=0.50
000: dt: 0.0000, sse=701719.7, rms=3.615
025: dt: 0.5000, sse=686280.1, rms=3.537 (2.136%)
026: dt: 0.5000, sse=652851.8, rms=3.378 (4.516%)
rms = 3.4750/3.3777, sse=672516.2/652851.8, time step reduction 1 of 3 to 0.250  0 1 1
   RMS increased, rejecting step
027: dt: 0.2500, sse=591605.9, rms=3.031 (10.256%)
028: dt: 0.2500, sse=575975.4, rms=2.932 (3.276%)
rms = 2.9645/2.9320, sse=581742.9/575975.4, time step reduction 2 of 3 to 0.125  0 1 1
   RMS increased, rejecting step
rms = 2.8825/2.9320, sse=568007.8/575975.4, time step reduction 3 of 3 to 0.062  0 0 1
029: dt: 0.1250, sse=568007.8, rms=2.882 (1.687%)
  maximum number of reductions reached, breaking from loop
positioning took 0.5 minutes
Iteration 2 =========================================
n_averages=4, current_sigma=0.5
Computing target border values 
Entering MRIScomputeBorderValues_new(): 
  inside_hi   =  96.3866500;
  border_hi   =  63.7337000;
  border_low  =  45.2010960;
  outside_low =  10.0000000;
  outside_hi  =  59.1005480;
  sigma = 0.5;
  max_thickness = 10;
  step_size=0.5;
  STEP_SIZE=0.1;
  which = 2
  thresh = 0
  flags = 0
  CBVfindFirstPeakD1=0
  CBVfindFirstPeakD2=0
  nvertices=147777
  Gdiag_no=-1
  vno start=0, stop=147777
Replacing 255s with 0s
#SI# sigma=0.5 had to be increased for 16500 vertices, nripped=5521
mean border=60.8, 2291 (15) missing vertices, mean dist 0.1 [0.2 (%42.0)->0.6 (%58.0))]
%31 local maxima, %22 large gradients and %41 min vals, 0 gradients ignored
nFirstPeakD1 0
MRIScomputeBorderValues_new() finished in 0.0040 min


Averaging target values for 5 iterations...
Positioning Surface: tspring = 0.3, nspring = 0.3, spring = 0, niters = 100 l_repulse = 0, l_surf_repulse = 5, checktol = 0
Positioning pial surface
Entering MRISpositionSurface()
  max_mm = 0.3
  MAX_REDUCTIONS = 2, REDUCTION_PCT = 0.5
  parms->check_tol = 0, niterations = 100
tol=1.0e-04, sigma=0.5, host=dna05, nav=4, nbrs=2, l_surf_repulse=5.000, l_tspring=0.300, l_nspring=0.300, l_intensity=0.200, l_curv=1.000
mom=0.00, dt=0.50
000: dt: 0.0000, sse=635207.0, rms=3.229
rms = 3.4417/3.2292, sse=674981.7/635207.0, time step reduction 1 of 3 to 0.250  0 1 1
   RMS increased, rejecting step
030: dt: 0.2500, sse=598690.3, rms=3.020 (6.464%)
031: dt: 0.2500, sse=585686.9, rms=2.942 (2.584%)
rms = 2.9666/2.9424, sse=589638.5/585686.9, time step reduction 2 of 3 to 0.125  0 1 1
   RMS increased, rejecting step
rms = 2.8977/2.9424, sse=578412.8/585686.9, time step reduction 3 of 3 to 0.062  0 0 1
032: dt: 0.1250, sse=578412.8, rms=2.898 (1.520%)
  maximum number of reductions reached, breaking from loop
positioning took 0.3 minutes
Iteration 3 =========================================
n_averages=2, current_sigma=0.25
Computing target border values 
Entering MRIScomputeBorderValues_new(): 
  inside_hi   =  96.3866500;
  border_hi   =  63.7337000;
  border_low  =  45.2010960;
  outside_low =  10.0000000;
  outside_hi  =  59.1005480;
  sigma = 0.25;
  max_thickness = 10;
  step_size=0.5;
  STEP_SIZE=0.1;
  which = 2
  thresh = 0
  flags = 0
  CBVfindFirstPeakD1=0
  CBVfindFirstPeakD2=0
  nvertices=147777
  Gdiag_no=-1
  vno start=0, stop=147777
Replacing 255s with 0s
#SI# sigma=0.25 had to be increased for 14537 vertices, nripped=5521
mean border=60.3, 5420 (10) missing vertices, mean dist 0.1 [0.2 (%40.4)->0.5 (%59.6))]
%36 local maxima, %17 large gradients and %40 min vals, 0 gradients ignored
nFirstPeakD1 0
MRIScomputeBorderValues_new() finished in 0.0027 min


Averaging target values for 5 iterations...
Positioning Surface: tspring = 0.3, nspring = 0.3, spring = 0, niters = 100 l_repulse = 0, l_surf_repulse = 5, checktol = 0
Positioning pial surface
Entering MRISpositionSurface()
  max_mm = 0.3
  MAX_REDUCTIONS = 2, REDUCTION_PCT = 0.5
  parms->check_tol = 0, niterations = 100
tol=1.0e-04, sigma=0.2, host=dna05, nav=2, nbrs=2, l_surf_repulse=5.000, l_tspring=0.300, l_nspring=0.300, l_intensity=0.200, l_curv=1.000
mom=0.00, dt=0.50
000: dt: 0.0000, sse=608771.8, rms=3.076
rms = 3.2510/3.0755, sse=638309.1/608771.8, time step reduction 1 of 3 to 0.250  0 1 1
   RMS increased, rejecting step
033: dt: 0.2500, sse=580429.8, rms=2.907 (5.465%)
034: dt: 0.2500, sse=567691.9, rms=2.833 (2.545%)
rms = 2.8448/2.8335, sse=568968.8/567691.9, time step reduction 2 of 3 to 0.125  0 1 1
   RMS increased, rejecting step
rms = 2.7846/2.8335, sse=560006.0/567691.9, time step reduction 3 of 3 to 0.062  0 0 1
035: dt: 0.1250, sse=560006.0, rms=2.785 (1.724%)
  maximum number of reductions reached, breaking from loop
positioning took 0.3 minutes
Pinning medial wall to white surface
removing intersecting faces
000: 15 intersecting
terminating search with 0 intersecting


Writing output to ../surf/rh.pial.T1
#ET# mris_place_surface  3.20 minutes
#VMPC# mris_place_surfaces VmPeak  2435576
mris_place_surface done
#@# white curv rh Sun Mar 15 10:37:37 CET 2026
cd /out/sourcedata/freesurfer/sub-v2s10x28989_ses-1/mri
mris_place_surface --curv-map ../surf/rh.white 2 10 ../surf/rh.curv
insurf  ../surf/rh.white, nbrs 2, curvature_avgs 10
writing curvature file ../surf/rh.curv
#@# white area rh Sun Mar 15 10:37:39 CET 2026
cd /out/sourcedata/freesurfer/sub-v2s10x28989_ses-1/mri
mris_place_surface --area-map ../surf/rh.white ../surf/rh.area
writing curvature file ../surf/rh.area
#@# pial curv rh Sun Mar 15 10:37:40 CET 2026
cd /out/sourcedata/freesurfer/sub-v2s10x28989_ses-1/mri
mris_place_surface --curv-map ../surf/rh.pial 2 10 ../surf/rh.curv.pial
insurf  ../surf/rh.pial, nbrs 2, curvature_avgs 10
writing curvature file ../surf/rh.curv.pial
#@# pial area rh Sun Mar 15 10:37:42 CET 2026
cd /out/sourcedata/freesurfer/sub-v2s10x28989_ses-1/mri
mris_place_surface --area-map ../surf/rh.pial ../surf/rh.area.pial
writing curvature file ../surf/rh.area.pial
#@# thickness rh Sun Mar 15 10:37:42 CET 2026
cd /out/sourcedata/freesurfer/sub-v2s10x28989_ses-1/mri
mris_place_surface --thickness ../surf/rh.white ../surf/rh.pial 20 5 ../surf/rh.thickness
0 of 147777 vertices processed
25000 of 147777 vertices processed
50000 of 147777 vertices processed
75000 of 147777 vertices processed
100000 of 147777 vertices processed
125000 of 147777 vertices processed
0 of 147777 vertices processed
25000 of 147777 vertices processed
50000 of 147777 vertices processed
75000 of 147777 vertices processed
100000 of 147777 vertices processed
125000 of 147777 vertices processed
thickness calculation complete, 346:1458 truncations.
63631 vertices at 0 distance
119433 vertices at 1 distance
71392 vertices at 2 distance
26053 vertices at 3 distance
9006 vertices at 4 distance
3398 vertices at 5 distance
1349 vertices at 6 distance
580 vertices at 7 distance
228 vertices at 8 distance
121 vertices at 9 distance
58 vertices at 10 distance
43 vertices at 11 distance
29 vertices at 12 distance
19 vertices at 13 distance
31 vertices at 14 distance
20 vertices at 15 distance
24 vertices at 16 distance
36 vertices at 17 distance
28 vertices at 18 distance
28 vertices at 19 distance
47 vertices at 20 distance
writing curvature file ../surf/rh.thickness
#@# area and vertex vol rh Sun Mar 15 10:38:13 CET 2026
cd /out/sourcedata/freesurfer/sub-v2s10x28989_ses-1/mri
mris_place_surface --thickness ../surf/rh.white ../surf/rh.pial 20 5 ../surf/rh.thickness
/out/sourcedata/freesurfer/sub-v2s10x28989_ses-1/surf
mris_calc -o rh.area.mid rh.area add rh.area.pial
Saving result to 'rh.area.mid' (type = MRI_CURV_FILE)                       [ ok ]
mris_calc -o rh.area.mid rh.area.mid div 2
Saving result to 'rh.area.mid' (type = MRI_CURV_FILE)                       [ ok ]
mris_convert --volume sub-v2s10x28989_ses-1 rh /out/sourcedata/freesurfer/sub-v2s10x28989_ses-1/surf/rh.volume
masking with /out/sourcedata/freesurfer/sub-v2s10x28989_ses-1/label/rh.cortex.label
Total face volume 283921
Total vertex volume 283700 (mask=0)
#@# sub-v2s10x28989_ses-1 rh 283700
 
vertexvol Done

#-----------------------------------------
#@# Curvature Stats rh Sun Mar 15 10:38:15 CET 2026
/out/sourcedata/freesurfer/sub-v2s10x28989_ses-1/surf

 mris_curvature_stats -m --writeCurvatureFiles -G -o ../stats/rh.curv.stats -F smoothwm sub-v2s10x28989_ses-1 rh curv sulc 

             Toggling save flag on curvature files                       [ ok ]
                 Outputting results using filestem   [ ../stats/rh.curv.stats ]
             Toggling save flag on curvature files                       [ ok ]
                                   Setting surface [ sub-v2s10x28989_ses-1/rh.smoothwm ]
                                Reading surface...                       [ ok ]
                                   Setting texture                     [ curv ]
                                Reading texture...                       [ ok ]
                                   Setting texture                     [ sulc ]
                                Reading texture...Gb_filter = 0
                       [ ok ]
      Calculating Discrete Principal Curvatures...
      Determining geometric order for vno faces... [####################] [ ok ]
                      Determining KH curvatures... [####################] [ ok ]
                    Determining k1k2 curvatures... [####################] [ ok ]
                                   deltaViolations                      [ 246 ]
Gb_filter = 0

WARN:    S lookup   min:                          -0.143544
WARN:    S explicit min:                          0.000000	vertex = 5
#-----------------------------------------
#@# Cortical Parc 2 rh Sun Mar 15 10:38:17 CET 2026
/out/sourcedata/freesurfer/sub-v2s10x28989_ses-1/scripts

 mris_ca_label -l ../label/rh.cortex.label -aseg ../mri/aseg.presurf.mgz -seed 1234 sub-v2s10x28989_ses-1 rh ../surf/rh.sphere.reg /opt/freesurfer/average/rh.CDaparc.atlas.acfb40.noaparc.i12.2016-08-02.gcs ../label/rh.aparc.a2009s.annot 

setting seed for random number generator to 1234
using ../mri/aseg.presurf.mgz aseg volume to correct midline
7.3.2
  7.3.2
reading atlas from /opt/freesurfer/average/rh.CDaparc.atlas.acfb40.noaparc.i12.2016-08-02.gcs...
reading color table from GCSA file....
average std = 1.4   using min determinant for regularization = 0.021
0 singular and 0 ill-conditioned covariance matrices regularized
input 0: MEAN CURVATURE, flags 0, avgs 5, name mean_curvature
labeling surface...
22 labels changed using aseg
relabeling using gibbs priors...
000:   9646 changed, 147777 examined...
001:   2183 changed, 37727 examined...
002:    664 changed, 11676 examined...
003:    274 changed, 3779 examined...
004:    134 changed, 1621 examined...
005:     68 changed, 787 examined...
006:     46 changed, 396 examined...
007:     30 changed, 250 examined...
008:     15 changed, 180 examined...
009:      9 changed, 85 examined...
010:      7 changed, 46 examined...
011:      4 changed, 40 examined...
012:      3 changed, 22 examined...
013:      3 changed, 22 examined...
014:      1 changed, 16 examined...
015:      0 changed, 6 examined...
0 labels changed using aseg
000: 274 total segments, 187 labels (2434 vertices) changed
001: 96 total segments, 9 labels (23 vertices) changed
002: 87 total segments, 0 labels (0 vertices) changed
10 filter iterations complete (10 requested, 30 changed)
rationalizing unknown annotations with cortex label
relabeling Medial_wall label...
1423 vertices marked for relabeling...
1423 labels changed in reclassification.
writing output to ../label/rh.aparc.a2009s.annot...
classification took 0 minutes and 14 seconds.
#-----------------------------------------
#@# Cortical Parc 3 rh Sun Mar 15 10:38:32 CET 2026
/out/sourcedata/freesurfer/sub-v2s10x28989_ses-1/scripts

 mris_ca_label -l ../label/rh.cortex.label -aseg ../mri/aseg.presurf.mgz -seed 1234 sub-v2s10x28989_ses-1 rh ../surf/rh.sphere.reg /opt/freesurfer/average/rh.DKTaparc.atlas.acfb40.noaparc.i12.2016-08-02.gcs ../label/rh.aparc.DKTatlas.annot 

setting seed for random number generator to 1234
using ../mri/aseg.presurf.mgz aseg volume to correct midline
7.3.2
  7.3.2
reading atlas from /opt/freesurfer/average/rh.DKTaparc.atlas.acfb40.noaparc.i12.2016-08-02.gcs...
reading color table from GCSA file....
average std = 0.9   using min determinant for regularization = 0.009
0 singular and 325 ill-conditioned covariance matrices regularized
input 0: MEAN CURVATURE, flags 0, avgs 5, name mean_curvature
labeling surface...
1363 labels changed using aseg
relabeling using gibbs priors...
000:   2120 changed, 147777 examined...
001:    440 changed, 10050 examined...
002:    123 changed, 2617 examined...
003:     52 changed, 739 examined...
004:     26 changed, 292 examined...
005:     11 changed, 133 examined...
006:      9 changed, 69 examined...
007:      4 changed, 52 examined...
008:      2 changed, 27 examined...
009:      0 changed, 13 examined...
161 labels changed using aseg
000: 46 total segments, 13 labels (74 vertices) changed
001: 33 total segments, 0 labels (0 vertices) changed
10 filter iterations complete (10 requested, 2 changed)
rationalizing unknown annotations with cortex label
relabeling unknown label...
relabeling corpuscallosum label...
1325 vertices marked for relabeling...
1325 labels changed in reclassification.
writing output to ../label/rh.aparc.DKTatlas.annot...
classification took 0 minutes and 10 seconds.
#-----------------------------------------
#@# WM/GM Contrast rh Sun Mar 15 10:38:42 CET 2026
/out/sourcedata/freesurfer/sub-v2s10x28989_ses-1/scripts

 pctsurfcon --s sub-v2s10x28989_ses-1 --rh-only 

Log file is /out/sourcedata/freesurfer/sub-v2s10x28989_ses-1/scripts/pctsurfcon.log
Sun Mar 15 10:38:42 CET 2026
setenv SUBJECTS_DIR /out/sourcedata/freesurfer
cd /out/sourcedata/freesurfer/sub-v2s10x28989_ses-1/scripts
/opt/freesurfer/bin/pctsurfcon
pctsurfcon 7.3.2
Linux dna058 5.14.0-427.37.1.el9_4.x86_64 #1 SMP PREEMPT_DYNAMIC Fri Sep 13 12:41:50 EDT 2024 x86_64 x86_64 x86_64 GNU/Linux
FREESURFER_HOME /opt/freesurfer
mri_vol2surf --mov /out/sourcedata/freesurfer/sub-v2s10x28989_ses-1/mri/rawavg.mgz --hemi rh --noreshape --interp trilinear --projdist -1 --o /out/sourcedata/freesurfer/sub-v2s10x28989_ses-1/surf/tmp.pctsurfcon.90451/rh.wm.mgh --regheader sub-v2s10x28989_ses-1 --cortex
srcvol = /out/sourcedata/freesurfer/sub-v2s10x28989_ses-1/mri/rawavg.mgz
srcreg unspecified
srcregold = 0
srcwarp unspecified
surf = white
hemi = rh
ProjDist = -1
reshape = 0
interp = trilinear
float2int = round
GetProjMax = 0
INFO: float2int code = 0
Done loading volume
Computing registration from header.
  Using /out/sourcedata/freesurfer/sub-v2s10x28989_ses-1/mri/orig.mgz as target reference.
-------- original matrix -----------
-0.99990  -0.01396   0.00000  -0.00002;
 0.00000   0.00000   1.00000   0.00000;
 0.01396  -0.99990   0.00000   0.00000;
 0.00000   0.00000   0.00000   1.00000;
-------- original matrix -----------
Loading label /out/sourcedata/freesurfer/sub-v2s10x28989_ses-1/label/rh.cortex.label
Reading surface /out/sourcedata/freesurfer/sub-v2s10x28989_ses-1/surf/rh.white
Done reading source surface
Mapping Source Volume onto Source Subject Surface
Projecting -1 -1 1
 1 -1 -1 -1
using old
Done mapping volume to surface
Number of source voxels hit = 84418
Masking with /out/sourcedata/freesurfer/sub-v2s10x28989_ses-1/label/rh.cortex.label
Writing to /out/sourcedata/freesurfer/sub-v2s10x28989_ses-1/surf/tmp.pctsurfcon.90451/rh.wm.mgh
Dim: 147777 1 1
mri_vol2surf --mov /out/sourcedata/freesurfer/sub-v2s10x28989_ses-1/mri/rawavg.mgz --hemi rh --noreshape --interp trilinear --o /out/sourcedata/freesurfer/sub-v2s10x28989_ses-1/surf/tmp.pctsurfcon.90451/rh.gm.mgh --projfrac 0.3 --regheader sub-v2s10x28989_ses-1 --cortex
srcvol = /out/sourcedata/freesurfer/sub-v2s10x28989_ses-1/mri/rawavg.mgz
srcreg unspecified
srcregold = 0
srcwarp unspecified
surf = white
hemi = rh
ProjFrac = 0.3
thickness = thickness
reshape = 0
interp = trilinear
float2int = round
GetProjMax = 0
INFO: float2int code = 0
Done loading volume
Computing registration from header.
  Using /out/sourcedata/freesurfer/sub-v2s10x28989_ses-1/mri/orig.mgz as target reference.
-------- original matrix -----------
-0.99990  -0.01396   0.00000  -0.00002;
 0.00000   0.00000   1.00000   0.00000;
 0.01396  -0.99990   0.00000   0.00000;
 0.00000   0.00000   0.00000   1.00000;
-------- original matrix -----------
Loading label /out/sourcedata/freesurfer/sub-v2s10x28989_ses-1/label/rh.cortex.label
Reading surface /out/sourcedata/freesurfer/sub-v2s10x28989_ses-1/surf/rh.white
Done reading source surface
Reading thickness /out/sourcedata/freesurfer/sub-v2s10x28989_ses-1/surf/rh.thickness
Done
Mapping Source Volume onto Source Subject Surface
Projecting 0.3 0.3 1
 1 0.3 0.3 0.3
using old
Done mapping volume to surface
Number of source voxels hit = 97554
Masking with /out/sourcedata/freesurfer/sub-v2s10x28989_ses-1/label/rh.cortex.label
Writing to /out/sourcedata/freesurfer/sub-v2s10x28989_ses-1/surf/tmp.pctsurfcon.90451/rh.gm.mgh
Dim: 147777 1 1
mri_concat /out/sourcedata/freesurfer/sub-v2s10x28989_ses-1/surf/tmp.pctsurfcon.90451/rh.wm.mgh /out/sourcedata/freesurfer/sub-v2s10x28989_ses-1/surf/tmp.pctsurfcon.90451/rh.gm.mgh --paired-diff-norm --mul 100 --o /out/sourcedata/freesurfer/sub-v2s10x28989_ses-1/surf/rh.w-g.pct.mgh
ninputs = 2
Checking inputs
nframestot = 2
Allocing output
Done allocing
Combining pairs
nframes = 1
Multiplying by 100.000000
Writing to /out/sourcedata/freesurfer/sub-v2s10x28989_ses-1/surf/rh.w-g.pct.mgh
mri_segstats --in /out/sourcedata/freesurfer/sub-v2s10x28989_ses-1/surf/rh.w-g.pct.mgh --annot sub-v2s10x28989_ses-1 rh aparc --sum /out/sourcedata/freesurfer/sub-v2s10x28989_ses-1/stats/rh.w-g.pct.stats --snr

7.3.2
cwd 
cmdline mri_segstats --in /out/sourcedata/freesurfer/sub-v2s10x28989_ses-1/surf/rh.w-g.pct.mgh --annot sub-v2s10x28989_ses-1 rh aparc --sum /out/sourcedata/freesurfer/sub-v2s10x28989_ses-1/stats/rh.w-g.pct.stats --snr 
sysname  Linux
hostname dna058
machine  x86_64
user     oesteban
whitesurfname  white
UseRobust  0
Constructing seg from annotation

Reading annotation /out/sourcedata/freesurfer/sub-v2s10x28989_ses-1/label/rh.aparc.annot
Seg base 2000
Loading /out/sourcedata/freesurfer/sub-v2s10x28989_ses-1/surf/rh.w-g.pct.mgh
Vertex Area is 0.693839 mm^3
Generating list of segmentation ids
Found  36 segmentations
Computing statistics for each segmentation

Reporting on  35 segmentations
Using PrintSegStat
mri_segstats done
Cleaning up

Started at Sun Mar 15 10:15:50 CET 2026 
Ended   at Sun Mar 15 10:38:45 CET 2026
#@#%# recon-all-run-time-hours 0.382
recon-all -s sub-v2s10x28989_ses-1 finished without error at Sun Mar 15 10:38:45 CET 2026



#New# invocation of recon-all 




Sun Mar 15 10:47:28 CET 2026
cd /out/sourcedata/freesurfer/sub-v2s10x28989_ses-1
setenv SUBJECTS_DIR /out/sourcedata/freesurfer
/opt/freesurfer/bin/recon-all -autorecon-hemi rh -nohyporelabel -rh-only -openmp 16 -subjid sub-v2s10x28989_ses-1 -sd /out/sourcedata/freesurfer -notessellate -nosmooth1 -noinflate1 -noqsphere -nofix -nowhite -nosmooth2 -noinflate2 -nocurvHK -nocurvstats -nosphere -nosurfreg -nojacobian_white -noavgcurv -nocortparc -nopial -nocortparc2 -nocortparc3 -nopctsurfcon

subjid sub-v2s10x28989_ses-1
setenv SUBJECTS_DIR /out/sourcedata/freesurfer
FREESURFER_HOME /opt/freesurfer
Actual FREESURFER_HOME /opt/freesurfer
build-stamp.txt: freesurfer-linux-ubuntu22_x86_64-7.3.2-20220804-6354275
Linux dna058 5.14.0-427.37.1.el9_4.x86_64 #1 SMP PREEMPT_DYNAMIC Fri Sep 13 12:41:50 EDT 2024 x86_64 x86_64 x86_64 GNU/Linux
cputime      unlimited
filesize     unlimited
datasize     unlimited
stacksize    8192 kbytes
coredumpsize 0 kbytes
memoryuse    67108864 kbytes
vmemoryuse   unlimited
descriptors  1024 
memorylocked unlimited
maxproc      2061970 
maxlocks     unlimited
maxsignal    2061970 
maxmessage   819200 
maxnice      0 
maxrtprio    0 
maxrttime    unlimited

               total        used        free      shared  buff/cache   available
Mem:           503Gi        56Gi        78Gi        18Gi       368Gi       424Gi
Swap:             0B          0B          0B

########################################
program versions used
7.3.2 (freesurfer-linux-ubuntu22_x86_64-7.3.2-20220804-6354275)
7.3.2

ProgramName: lta_convert  ProgramArguments: lta_convert -all-info  ProgramVersion: 7.3.2  TimeStamp: 2026/03/15-09:47:28-GMT  BuildTime: Aug  4 2022 06:17:15  BuildStamp: freesurfer-linux-ubuntu22_x86_64-7.3.2-20220804-6354275  User: oesteban  Machine: dna058  Platform: Linux  PlatformVersion: 5.14.0-427.37.1.el9_4.x86_64  CompilerName: GCC  CompilerVersion: 8.4.0
ProgramName: mri_and  ProgramArguments: mri_and -all-info  ProgramVersion: 7.3.2  TimeStamp: 2026/03/15-09:47:28-GMT  BuildTime: Aug  4 2022 06:17:15  BuildStamp: freesurfer-linux-ubuntu22_x86_64-7.3.2-20220804-6354275  User: oesteban  Machine: dna058  Platform: Linux  PlatformVersion: 5.14.0-427.37.1.el9_4.x86_64  CompilerName: GCC  CompilerVersion: 8.4.0
ProgramName: mri_annotation2label  ProgramArguments: mri_annotation2label -all-info  ProgramVersion: 7.3.2  TimeStamp: 2026/03/15-09:47:28-GMT  BuildTime: Aug  4 2022 06:17:15  BuildStamp: freesurfer-linux-ubuntu22_x86_64-7.3.2-20220804-6354275  User: oesteban  Machine: dna058  Platform: Linux  PlatformVersion: 5.14.0-427.37.1.el9_4.x86_64  CompilerName: GCC  CompilerVersion: 8.4.0
ProgramName: mri_aparc2aseg  ProgramArguments: mri_aparc2aseg -all-info  ProgramVersion: 7.3.2  TimeStamp: 2026/03/15-09:47:28-GMT  BuildTime: Aug  4 2022 06:17:15  BuildStamp: freesurfer-linux-ubuntu22_x86_64-7.3.2-20220804-6354275  User: oesteban  Machine: dna058  Platform: Linux  PlatformVersion: 5.14.0-427.37.1.el9_4.x86_64  CompilerName: GCC  CompilerVersion: 8.4.0
ProgramName: mri_surf2volseg  ProgramArguments: mri_surf2volseg -all-info  ProgramVersion: 7.3.2  TimeStamp: 2026/03/15-09:47:28-GMT  BuildTime: Aug  4 2022 06:17:15  BuildStamp: freesurfer-linux-ubuntu22_x86_64-7.3.2-20220804-6354275  User: oesteban  Machine: dna058  Platform: Linux  PlatformVersion: 5.14.0-427.37.1.el9_4.x86_64  CompilerName: GCC  CompilerVersion: 8.4.0
ProgramName: mri_binarize  ProgramArguments: mri_binarize -all-info  ProgramVersion: 7.3.2  TimeStamp: 2026/03/15-09:47:28-GMT  BuildTime: Aug  4 2022 06:17:15  BuildStamp: freesurfer-linux-ubuntu22_x86_64-7.3.2-20220804-6354275  User: oesteban  Machine: dna058  Platform: Linux  PlatformVersion: 5.14.0-427.37.1.el9_4.x86_64  CompilerName: GCC  CompilerVersion: 8.4.0
ProgramName: mri_ca_label  ProgramArguments: mri_ca_label -all-info  ProgramVersion: 7.3.2  TimeStamp: 2026/03/15-09:47:28-GMT  BuildTime: Aug  4 2022 06:17:15  BuildStamp: freesurfer-linux-ubuntu22_x86_64-7.3.2-20220804-6354275  User: oesteban  Machine: dna058  Platform: Linux  PlatformVersion: 5.14.0-427.37.1.el9_4.x86_64  CompilerName: GCC  CompilerVersion: 8.4.0
ProgramName: mri_ca_normalize  ProgramArguments: mri_ca_normalize -all-info  ProgramVersion: 7.3.2  TimeStamp: 2026/03/15-09:47:28-GMT  BuildTime: Aug  4 2022 06:17:15  BuildStamp: freesurfer-linux-ubuntu22_x86_64-7.3.2-20220804-6354275  User: oesteban  Machine: dna058  Platform: Linux  PlatformVersion: 5.14.0-427.37.1.el9_4.x86_64  CompilerName: GCC  CompilerVersion: 8.4.0
ProgramName: mri_ca_register  ProgramArguments: mri_ca_register -all-info  ProgramVersion: 7.3.2  TimeStamp: 2026/03/15-09:47:28-GMT  BuildTime: Aug  4 2022 06:17:15  BuildStamp: freesurfer-linux-ubuntu22_x86_64-7.3.2-20220804-6354275  User: oesteban  Machine: dna058  Platform: Linux  PlatformVersion: 5.14.0-427.37.1.el9_4.x86_64  CompilerName: GCC  CompilerVersion: 8.4.0
ProgramName: mri_cc  ProgramArguments: mri_cc -all-info  ProgramVersion: 7.3.2  TimeStamp: 2026/03/15-09:47:28-GMT  BuildTime: Aug  4 2022 06:17:15  BuildStamp: freesurfer-linux-ubuntu22_x86_64-7.3.2-20220804-6354275  User: oesteban  Machine: dna058  Platform: Linux  PlatformVersion: 5.14.0-427.37.1.el9_4.x86_64  CompilerName: GCC  CompilerVersion: 8.4.0
ProgramName: mri_compute_overlap  ProgramArguments: mri_compute_overlap -all-info  ProgramVersion: 7.3.2  TimeStamp: 2026/03/15-09:47:28-GMT  BuildTime: Aug  4 2022 06:17:15  BuildStamp: freesurfer-linux-ubuntu22_x86_64-7.3.2-20220804-6354275  User: oesteban  Machine: dna058  Platform: Linux  PlatformVersion: 5.14.0-427.37.1.el9_4.x86_64  CompilerName: GCC  CompilerVersion: 8.4.0
ProgramName: mri_compute_seg_overlap  ProgramArguments: mri_compute_seg_overlap -all-info  ProgramVersion: 7.3.2  TimeStamp: 2026/03/15-09:47:28-GMT  BuildTime: Aug  4 2022 06:17:15  BuildStamp: freesurfer-linux-ubuntu22_x86_64-7.3.2-20220804-6354275  User: oesteban  Machine: dna058  Platform: Linux  PlatformVersion: 5.14.0-427.37.1.el9_4.x86_64  CompilerName: GCC  CompilerVersion: 8.4.0
ProgramName: mri_concat  ProgramArguments: mri_concat -all-info  ProgramVersion: 7.3.2  TimeStamp: 2026/03/15-09:47:28-GMT  BuildTime: Aug  4 2022 06:17:15  BuildStamp: freesurfer-linux-ubuntu22_x86_64-7.3.2-20220804-6354275  User: oesteban  Machine: dna058  Platform: Linux  PlatformVersion: 5.14.0-427.37.1.el9_4.x86_64  CompilerName: GCC  CompilerVersion: 8.4.0
ProgramName: mri_concatenate_lta  ProgramArguments: mri_concatenate_lta -all-info  ProgramVersion: 7.3.2  TimeStamp: 2026/03/15-09:47:28-GMT  BuildTime: Aug  4 2022 06:17:15  BuildStamp: freesurfer-linux-ubuntu22_x86_64-7.3.2-20220804-6354275  User: oesteban  Machine: dna058  Platform: Linux  PlatformVersion: 5.14.0-427.37.1.el9_4.x86_64  CompilerName: GCC  CompilerVersion: 8.4.0
mri_convert -all-info 
ProgramName: mri_convert  ProgramArguments: mri_convert -all-info  ProgramVersion: 7.3.2  TimeStamp: 2026/03/15-09:47:28-GMT  BuildTime: Aug  4 2022 06:17:15  BuildStamp: freesurfer-linux-ubuntu22_x86_64-7.3.2-20220804-6354275  User: oesteban  Machine: dna058  Platform: Linux  PlatformVersion: 5.14.0-427.37.1.el9_4.x86_64  CompilerName: GCC  CompilerVersion: 8.4.0
ProgramName: mri_diff  ProgramArguments: mri_diff -all-info  ProgramVersion: 7.3.2  TimeStamp: 2026/03/15-09:47:28-GMT  BuildTime: Aug  4 2022 06:17:15  BuildStamp: freesurfer-linux-ubuntu22_x86_64-7.3.2-20220804-6354275  User: oesteban  Machine: dna058  Platform: Linux  PlatformVersion: 5.14.0-427.37.1.el9_4.x86_64  CompilerName: GCC  CompilerVersion: 8.4.0
ProgramName: mri_edit_wm_with_aseg  ProgramArguments: mri_edit_wm_with_aseg -all-info  ProgramVersion: 7.3.2  TimeStamp: 2026/03/15-09:47:28-GMT  BuildTime: Aug  4 2022 06:17:15  BuildStamp: freesurfer-linux-ubuntu22_x86_64-7.3.2-20220804-6354275  User: oesteban  Machine: dna058  Platform: Linux  PlatformVersion: 5.14.0-427.37.1.el9_4.x86_64  CompilerName: GCC  CompilerVersion: 8.4.0
ProgramName: mri_em_register  ProgramArguments: mri_em_register -all-info  ProgramVersion: 7.3.2  TimeStamp: 2026/03/15-09:47:28-GMT  BuildTime: Aug  4 2022 06:17:15  BuildStamp: freesurfer-linux-ubuntu22_x86_64-7.3.2-20220804-6354275  User: oesteban  Machine: dna058  Platform: Linux  PlatformVersion: 5.14.0-427.37.1.el9_4.x86_64  CompilerName: GCC  CompilerVersion: 8.4.0
ProgramName: mri_fill  ProgramArguments: mri_fill -all-info  ProgramVersion: 7.3.2  TimeStamp: 2026/03/15-09:47:28-GMT  BuildTime: Aug  4 2022 06:17:15  BuildStamp: freesurfer-linux-ubuntu22_x86_64-7.3.2-20220804-6354275  User: oesteban  Machine: dna058  Platform: Linux  PlatformVersion: 5.14.0-427.37.1.el9_4.x86_64  CompilerName: GCC  CompilerVersion: 8.4.0
ProgramName: mri_fuse_segmentations  ProgramArguments: mri_fuse_segmentations -all-info  ProgramVersion: 7.3.2  TimeStamp: 2026/03/15-09:47:28-GMT  BuildTime: Aug  4 2022 06:17:15  BuildStamp: freesurfer-linux-ubuntu22_x86_64-7.3.2-20220804-6354275  User: oesteban  Machine: dna058  Platform: Linux  PlatformVersion: 5.14.0-427.37.1.el9_4.x86_64  CompilerName: GCC  CompilerVersion: 8.4.0
ProgramName: mri_fwhm  ProgramArguments: mri_fwhm -all-info  ProgramVersion: 7.3.2  TimeStamp: 2026/03/15-09:47:28-GMT  BuildTime: Aug  4 2022 06:17:15  BuildStamp: freesurfer-linux-ubuntu22_x86_64-7.3.2-20220804-6354275  User: oesteban  Machine: dna058  Platform: Linux  PlatformVersion: 5.14.0-427.37.1.el9_4.x86_64  CompilerName: GCC  CompilerVersion: 8.4.0
ProgramName: mri_gcut  ProgramArguments: mri_gcut -all-info  ProgramVersion: 7.3.2  TimeStamp: 2026/03/15-09:47:28-GMT  BuildTime: Aug  4 2022 06:17:15  BuildStamp: freesurfer-linux-ubuntu22_x86_64-7.3.2-20220804-6354275  User: oesteban  Machine: dna058  Platform: Linux  PlatformVersion: 5.14.0-427.37.1.el9_4.x86_64  CompilerName: GCC  CompilerVersion: 8.4.0
ProgramName: mri_info  ProgramArguments: mri_info -all-info  ProgramVersion: 7.3.2  TimeStamp: 2026/03/15-09:47:28-GMT  BuildTime: Aug  4 2022 06:17:15  BuildStamp: freesurfer-linux-ubuntu22_x86_64-7.3.2-20220804-6354275  User: oesteban  Machine: dna058  Platform: Linux  PlatformVersion: 5.14.0-427.37.1.el9_4.x86_64  CompilerName: GCC  CompilerVersion: 8.4.0
ProgramName: mri_label2label  ProgramArguments: mri_label2label -all-info  ProgramVersion: 7.3.2  TimeStamp: 2026/03/15-09:47:28-GMT  BuildTime: Aug  4 2022 06:17:15  BuildStamp: freesurfer-linux-ubuntu22_x86_64-7.3.2-20220804-6354275  User: oesteban  Machine: dna058  Platform: Linux  PlatformVersion: 5.14.0-427.37.1.el9_4.x86_64  CompilerName: GCC  CompilerVersion: 8.4.0
ProgramName: mri_label2vol  ProgramArguments: mri_label2vol -all-info  ProgramVersion: 7.3.2  TimeStamp: 2026/03/15-09:47:28-GMT  BuildTime: Aug  4 2022 06:17:15  BuildStamp: freesurfer-linux-ubuntu22_x86_64-7.3.2-20220804-6354275  User: oesteban  Machine: dna058  Platform: Linux  PlatformVersion: 5.14.0-427.37.1.el9_4.x86_64  CompilerName: GCC  CompilerVersion: 8.4.0
ProgramName: mri_log_likelihood  ProgramArguments: mri_log_likelihood -all-info  ProgramVersion: 7.3.2  TimeStamp: 2026/03/15-09:47:28-GMT  BuildTime: Aug  4 2022 06:17:15  BuildStamp: freesurfer-linux-ubuntu22_x86_64-7.3.2-20220804-6354275  User: oesteban  Machine: dna058  Platform: Linux  PlatformVersion: 5.14.0-427.37.1.el9_4.x86_64  CompilerName: GCC  CompilerVersion: 8.4.0
ProgramName: mri_mask  ProgramArguments: mri_mask -all-info  ProgramVersion: 7.3.2  TimeStamp: 2026/03/15-09:47:28-GMT  BuildTime: Aug  4 2022 06:17:15  BuildStamp: freesurfer-linux-ubuntu22_x86_64-7.3.2-20220804-6354275  User: oesteban  Machine: dna058  Platform: Linux  PlatformVersion: 5.14.0-427.37.1.el9_4.x86_64  CompilerName: GCC  CompilerVersion: 8.4.0
ProgramName: mri_matrix_multiply  ProgramArguments: mri_matrix_multiply -all-info  ProgramVersion: 7.3.2  TimeStamp: 2026/03/15-09:47:28-GMT  BuildTime: Aug  4 2022 06:17:15  BuildStamp: freesurfer-linux-ubuntu22_x86_64-7.3.2-20220804-6354275  User: oesteban  Machine: dna058  Platform: Linux  PlatformVersion: 5.14.0-427.37.1.el9_4.x86_64  CompilerName: GCC  CompilerVersion: 8.4.0
ProgramName: mri_normalize  ProgramArguments: mri_normalize -all-info  ProgramVersion: 7.3.2  TimeStamp: 2026/03/15-09:47:29-GMT  BuildTime: Aug  4 2022 06:17:15  BuildStamp: freesurfer-linux-ubuntu22_x86_64-7.3.2-20220804-6354275  User: oesteban  Machine: dna058  Platform: Linux  PlatformVersion: 5.14.0-427.37.1.el9_4.x86_64  CompilerName: GCC  CompilerVersion: 8.4.0
ProgramName: mri_normalize_tp2  ProgramArguments: mri_normalize_tp2 -all-info  ProgramVersion: 7.3.2  TimeStamp: 2026/03/15-09:47:29-GMT  BuildTime: Aug  4 2022 06:17:15  BuildStamp: freesurfer-linux-ubuntu22_x86_64-7.3.2-20220804-6354275  User: oesteban  Machine: dna058  Platform: Linux  PlatformVersion: 5.14.0-427.37.1.el9_4.x86_64  CompilerName: GCC  CompilerVersion: 8.4.0
ProgramName: mri_or  ProgramArguments: mri_or -all-info  ProgramVersion: 7.3.2  TimeStamp: 2026/03/15-09:47:29-GMT  BuildTime: Aug  4 2022 06:17:15  BuildStamp: freesurfer-linux-ubuntu22_x86_64-7.3.2-20220804-6354275  User: oesteban  Machine: dna058  Platform: Linux  PlatformVersion: 5.14.0-427.37.1.el9_4.x86_64  CompilerName: GCC  CompilerVersion: 8.4.0
ProgramName: mri_relabel_hypointensities  ProgramArguments: mri_relabel_hypointensities -all-info  ProgramVersion: 7.3.2  TimeStamp: 2026/03/15-09:47:29-GMT  BuildTime: Aug  4 2022 06:17:15  BuildStamp: freesurfer-linux-ubuntu22_x86_64-7.3.2-20220804-6354275  User: oesteban  Machine: dna058  Platform: Linux  PlatformVersion: 5.14.0-427.37.1.el9_4.x86_64  CompilerName: GCC  CompilerVersion: 8.4.0
ProgramName: mri_relabel_nonwm_hypos  ProgramArguments: mri_relabel_nonwm_hypos -all-info  ProgramVersion: 7.3.2  TimeStamp: 2026/03/15-09:47:29-GMT  BuildTime: Aug  4 2022 06:17:15  BuildStamp: freesurfer-linux-ubuntu22_x86_64-7.3.2-20220804-6354275  User: oesteban  Machine: dna058  Platform: Linux  PlatformVersion: 5.14.0-427.37.1.el9_4.x86_64  CompilerName: GCC  CompilerVersion: 8.4.0
ProgramName: mri_remove_neck  ProgramArguments: mri_remove_neck -all-info  ProgramVersion: 7.3.2  TimeStamp: 2026/03/15-09:47:29-GMT  BuildTime: Aug  4 2022 06:17:15  BuildStamp: freesurfer-linux-ubuntu22_x86_64-7.3.2-20220804-6354275  User: oesteban  Machine: dna058  Platform: Linux  PlatformVersion: 5.14.0-427.37.1.el9_4.x86_64  CompilerName: GCC  CompilerVersion: 8.4.0
7.3.2

ProgramName: mri_robust_register  ProgramArguments: mri_robust_register -all-info  ProgramVersion: 7.3.2  TimeStamp: 2026/03/15-09:47:29-GMT  BuildTime: Aug  4 2022 06:17:15  BuildStamp: freesurfer-linux-ubuntu22_x86_64-7.3.2-20220804-6354275  User: oesteban  Machine: dna058  Platform: Linux  PlatformVersion: 5.14.0-427.37.1.el9_4.x86_64  CompilerName: GCC  CompilerVersion: 8.4.0
7.3.2

ProgramName: mri_robust_template  ProgramArguments: mri_robust_template -all-info  ProgramVersion: 7.3.2  TimeStamp: 2026/03/15-09:47:29-GMT  BuildTime: Aug  4 2022 06:17:15  BuildStamp: freesurfer-linux-ubuntu22_x86_64-7.3.2-20220804-6354275  User: oesteban  Machine: dna058  Platform: Linux  PlatformVersion: 5.14.0-427.37.1.el9_4.x86_64  CompilerName: GCC  CompilerVersion: 8.4.0
ProgramName: mris_anatomical_stats  ProgramArguments: mris_anatomical_stats -all-info  ProgramVersion: 7.3.2  TimeStamp: 2026/03/15-09:47:29-GMT  BuildTime: Aug  4 2022 06:17:15  BuildStamp: freesurfer-linux-ubuntu22_x86_64-7.3.2-20220804-6354275  User: oesteban  Machine: dna058  Platform: Linux  PlatformVersion: 5.14.0-427.37.1.el9_4.x86_64  CompilerName: GCC  CompilerVersion: 8.4.0
ProgramName: mris_ca_label  ProgramArguments: mris_ca_label -all-info  ProgramVersion: 7.3.2  TimeStamp: 2026/03/15-09:47:29-GMT  BuildTime: Aug  4 2022 06:17:15  BuildStamp: freesurfer-linux-ubuntu22_x86_64-7.3.2-20220804-6354275  User: oesteban  Machine: dna058  Platform: Linux  PlatformVersion: 5.14.0-427.37.1.el9_4.x86_64  CompilerName: GCC  CompilerVersion: 8.4.0
ProgramName: mris_calc  ProgramArguments: mris_calc -all-info  ProgramVersion: 7.3.2  TimeStamp: 2026/03/15-09:47:29-GMT  BuildTime: Aug  4 2022 06:17:15  BuildStamp: freesurfer-linux-ubuntu22_x86_64-7.3.2-20220804-6354275  User: oesteban  Machine: dna058  Platform: Linux  PlatformVersion: 5.14.0-427.37.1.el9_4.x86_64  CompilerName: GCC  CompilerVersion: 8.4.0
ProgramName: mris_convert  ProgramArguments: mris_convert -all-info  ProgramVersion: 7.3.2  TimeStamp: 2026/03/15-09:47:29-GMT  BuildTime: Aug  4 2022 06:17:15  BuildStamp: freesurfer-linux-ubuntu22_x86_64-7.3.2-20220804-6354275  User: oesteban  Machine: dna058  Platform: Linux  PlatformVersion: 5.14.0-427.37.1.el9_4.x86_64  CompilerName: GCC  CompilerVersion: 8.4.0
ProgramName: mris_curvature  ProgramArguments: mris_curvature -all-info  ProgramVersion: 7.3.2  TimeStamp: 2026/03/15-09:47:29-GMT  BuildTime: Aug  4 2022 06:17:15  BuildStamp: freesurfer-linux-ubuntu22_x86_64-7.3.2-20220804-6354275  User: oesteban  Machine: dna058  Platform: Linux  PlatformVersion: 5.14.0-427.37.1.el9_4.x86_64  CompilerName: GCC  CompilerVersion: 8.4.0
ProgramName: mris_curvature_stats  ProgramArguments: mris_curvature_stats -all-info  ProgramVersion: 7.3.2  TimeStamp: 2026/03/15-09:47:29-GMT  BuildTime: Aug  4 2022 06:17:15  BuildStamp: freesurfer-linux-ubuntu22_x86_64-7.3.2-20220804-6354275  User: oesteban  Machine: dna058  Platform: Linux  PlatformVersion: 5.14.0-427.37.1.el9_4.x86_64  CompilerName: GCC  CompilerVersion: 8.4.0
ProgramName: mris_diff  ProgramArguments: mris_diff -all-info  ProgramVersion: 7.3.2  TimeStamp: 2026/03/15-09:47:29-GMT  BuildTime: Aug  4 2022 06:17:15  BuildStamp: freesurfer-linux-ubuntu22_x86_64-7.3.2-20220804-6354275  User: oesteban  Machine: dna058  Platform: Linux  PlatformVersion: 5.14.0-427.37.1.el9_4.x86_64  CompilerName: GCC  CompilerVersion: 8.4.0
ProgramName: mris_divide_parcellation  ProgramArguments: mris_divide_parcellation -all-info  ProgramVersion: 7.3.2  TimeStamp: 2026/03/15-09:47:29-GMT  BuildTime: Aug  4 2022 06:17:15  BuildStamp: freesurfer-linux-ubuntu22_x86_64-7.3.2-20220804-6354275  User: oesteban  Machine: dna058  Platform: Linux  PlatformVersion: 5.14.0-427.37.1.el9_4.x86_64  CompilerName: GCC  CompilerVersion: 8.4.0
ProgramName: mri_segment  ProgramArguments: mri_segment -all-info  ProgramVersion: 7.3.2  TimeStamp: 2026/03/15-09:47:29-GMT  BuildTime: Aug  4 2022 06:17:15  BuildStamp: freesurfer-linux-ubuntu22_x86_64-7.3.2-20220804-6354275  User: oesteban  Machine: dna058  Platform: Linux  PlatformVersion: 5.14.0-427.37.1.el9_4.x86_64  CompilerName: GCC  CompilerVersion: 8.4.0
ProgramName: mri_segstats  ProgramArguments: mri_segstats -all-info  ProgramVersion: 7.3.2  TimeStamp: 2026/03/15-09:47:29-GMT  BuildTime: Aug  4 2022 06:17:15  BuildStamp: freesurfer-linux-ubuntu22_x86_64-7.3.2-20220804-6354275  User: oesteban  Machine: dna058  Platform: Linux  PlatformVersion: 5.14.0-427.37.1.el9_4.x86_64  CompilerName: GCC  CompilerVersion: 8.4.0
ProgramName: mris_euler_number  ProgramArguments: mris_euler_number -all-info  ProgramVersion: 7.3.2  TimeStamp: 2026/03/15-09:47:29-GMT  BuildTime: Aug  4 2022 06:17:15  BuildStamp: freesurfer-linux-ubuntu22_x86_64-7.3.2-20220804-6354275  User: oesteban  Machine: dna058  Platform: Linux  PlatformVersion: 5.14.0-427.37.1.el9_4.x86_64  CompilerName: GCC  CompilerVersion: 8.4.0
ProgramName: mris_fix_topology  ProgramArguments: mris_fix_topology -all-info  ProgramVersion: 7.3.2  TimeStamp: 2026/03/15-09:47:29-GMT  BuildTime: Aug  4 2022 06:17:15  BuildStamp: freesurfer-linux-ubuntu22_x86_64-7.3.2-20220804-6354275  User: oesteban  Machine: dna058  Platform: Linux  PlatformVersion: 5.14.0-427.37.1.el9_4.x86_64  CompilerName: GCC  CompilerVersion: 8.4.0
ProgramName: mris_topo_fixer  ProgramArguments: mris_topo_fixer -all-info  ProgramVersion: 7.3.2  TimeStamp: 2026/03/15-09:47:29-GMT  BuildTime: Aug  4 2022 06:17:15  BuildStamp: freesurfer-linux-ubuntu22_x86_64-7.3.2-20220804-6354275  User: oesteban  Machine: dna058  Platform: Linux  PlatformVersion: 5.14.0-427.37.1.el9_4.x86_64  CompilerName: GCC  CompilerVersion: 8.4.0
ProgramName: mris_jacobian  ProgramArguments: mris_jacobian -all-info  ProgramVersion: 7.3.2  TimeStamp: 2026/03/15-09:47:29-GMT  BuildTime: Aug  4 2022 06:17:15  BuildStamp: freesurfer-linux-ubuntu22_x86_64-7.3.2-20220804-6354275  User: oesteban  Machine: dna058  Platform: Linux  PlatformVersion: 5.14.0-427.37.1.el9_4.x86_64  CompilerName: GCC  CompilerVersion: 8.4.0
ProgramName: mris_label2annot  ProgramArguments: mris_label2annot -all-info  ProgramVersion: 7.3.2  TimeStamp: 2026/03/15-09:47:29-GMT  BuildTime: Aug  4 2022 06:17:15  BuildStamp: freesurfer-linux-ubuntu22_x86_64-7.3.2-20220804-6354275  User: oesteban  Machine: dna058  Platform: Linux  PlatformVersion: 5.14.0-427.37.1.el9_4.x86_64  CompilerName: GCC  CompilerVersion: 8.4.0
ProgramName: mris_left_right_register  ProgramArguments: mris_left_right_register -all-info  ProgramVersion: 7.3.2  TimeStamp: 2026/03/15-09:47:29-GMT  BuildTime: Aug  4 2022 06:17:15  BuildStamp: freesurfer-linux-ubuntu22_x86_64-7.3.2-20220804-6354275  User: oesteban  Machine: dna058  Platform: Linux  PlatformVersion: 5.14.0-427.37.1.el9_4.x86_64  CompilerName: GCC  CompilerVersion: 8.4.0
ProgramName: mris_place_surface  ProgramArguments: mris_place_surface -all-info  ProgramVersion: 7.3.2  TimeStamp: 2026/03/15-09:47:29-GMT  BuildTime: Aug  4 2022 06:17:15  BuildStamp: freesurfer-linux-ubuntu22_x86_64-7.3.2-20220804-6354275  User: oesteban  Machine: dna058  Platform: Linux  PlatformVersion: 5.14.0-427.37.1.el9_4.x86_64  CompilerName: GCC  CompilerVersion: 8.4.0
ProgramName: mrisp_paint  ProgramArguments: mrisp_paint -all-info  ProgramVersion: 7.3.2  TimeStamp: 2026/03/15-09:47:29-GMT  BuildTime: Aug  4 2022 06:17:15  BuildStamp: freesurfer-linux-ubuntu22_x86_64-7.3.2-20220804-6354275  User: oesteban  Machine: dna058  Platform: Linux  PlatformVersion: 5.14.0-427.37.1.el9_4.x86_64  CompilerName: GCC  CompilerVersion: 8.4.0
ProgramName: mris_register  ProgramArguments: mris_register -all-info  ProgramVersion: 7.3.2  TimeStamp: 2026/03/15-09:47:29-GMT  BuildTime: Aug  4 2022 06:17:15  BuildStamp: freesurfer-linux-ubuntu22_x86_64-7.3.2-20220804-6354275  User: oesteban  Machine: dna058  Platform: Linux  PlatformVersion: 5.14.0-427.37.1.el9_4.x86_64  CompilerName: GCC  CompilerVersion: 8.4.0
ProgramName: mris_smooth  ProgramArguments: mris_smooth -all-info  ProgramVersion: 7.3.2  TimeStamp: 2026/03/15-09:47:29-GMT  BuildTime: Aug  4 2022 06:17:15  BuildStamp: freesurfer-linux-ubuntu22_x86_64-7.3.2-20220804-6354275  User: oesteban  Machine: dna058  Platform: Linux  PlatformVersion: 5.14.0-427.37.1.el9_4.x86_64  CompilerName: GCC  CompilerVersion: 8.4.0
ProgramName: mris_sphere  ProgramArguments: mris_sphere -all-info  ProgramVersion: 7.3.2  TimeStamp: 2026/03/15-09:47:29-GMT  BuildTime: Aug  4 2022 06:17:15  BuildStamp: freesurfer-linux-ubuntu22_x86_64-7.3.2-20220804-6354275  User: oesteban  Machine: dna058  Platform: Linux  PlatformVersion: 5.14.0-427.37.1.el9_4.x86_64  CompilerName: GCC  CompilerVersion: 8.4.0
ProgramName: mris_surface_stats  ProgramArguments: mris_surface_stats -all-info  ProgramVersion: 7.3.2  TimeStamp: 2026/03/15-09:47:29-GMT  BuildTime: Aug  4 2022 06:17:15  BuildStamp: freesurfer-linux-ubuntu22_x86_64-7.3.2-20220804-6354275  User: oesteban  Machine: dna058  Platform: Linux  PlatformVersion: 5.14.0-427.37.1.el9_4.x86_64  CompilerName: GCC  CompilerVersion: 8.4.0
ProgramName: mri_stats2seg  ProgramArguments: mri_stats2seg -all-info  ProgramVersion: 7.3.2  TimeStamp: 2026/03/15-09:47:29-GMT  BuildTime: Aug  4 2022 06:17:15  BuildStamp: freesurfer-linux-ubuntu22_x86_64-7.3.2-20220804-6354275  User: oesteban  Machine: dna058  Platform: Linux  PlatformVersion: 5.14.0-427.37.1.el9_4.x86_64  CompilerName: GCC  CompilerVersion: 8.4.0
ProgramName: mris_thickness  ProgramArguments: mris_thickness -all-info  ProgramVersion: 7.3.2  TimeStamp: 2026/03/15-09:47:29-GMT  BuildTime: Aug  4 2022 06:17:15  BuildStamp: freesurfer-linux-ubuntu22_x86_64-7.3.2-20220804-6354275  User: oesteban  Machine: dna058  Platform: Linux  PlatformVersion: 5.14.0-427.37.1.el9_4.x86_64  CompilerName: GCC  CompilerVersion: 8.4.0
ProgramName: mris_thickness_diff  ProgramArguments: mris_thickness_diff -all-info  ProgramVersion: 7.3.2  TimeStamp: 2026/03/15-09:47:29-GMT  BuildTime: Aug  4 2022 06:17:15  BuildStamp: freesurfer-linux-ubuntu22_x86_64-7.3.2-20220804-6354275  User: oesteban  Machine: dna058  Platform: Linux  PlatformVersion: 5.14.0-427.37.1.el9_4.x86_64  CompilerName: GCC  CompilerVersion: 8.4.0
ProgramName: mris_topo_fixer  ProgramArguments: mris_topo_fixer -all-info  ProgramVersion: 7.3.2  TimeStamp: 2026/03/15-09:47:29-GMT  BuildTime: Aug  4 2022 06:17:15  BuildStamp: freesurfer-linux-ubuntu22_x86_64-7.3.2-20220804-6354275  User: oesteban  Machine: dna058  Platform: Linux  PlatformVersion: 5.14.0-427.37.1.el9_4.x86_64  CompilerName: GCC  CompilerVersion: 8.4.0
ProgramName: mri_surf2surf  ProgramArguments: mri_surf2surf -all-info  ProgramVersion: 7.3.2  TimeStamp: 2026/03/15-09:47:29-GMT  BuildTime: Aug  4 2022 06:17:15  BuildStamp: freesurfer-linux-ubuntu22_x86_64-7.3.2-20220804-6354275  User: oesteban  Machine: dna058  Platform: Linux  PlatformVersion: 5.14.0-427.37.1.el9_4.x86_64  CompilerName: GCC  CompilerVersion: 8.4.0
ProgramName: mri_surf2vol  ProgramArguments: mri_surf2vol -all-info  ProgramVersion: 7.3.2  TimeStamp: 2026/03/15-09:47:29-GMT  BuildTime: Aug  4 2022 06:17:15  BuildStamp: freesurfer-linux-ubuntu22_x86_64-7.3.2-20220804-6354275  User: oesteban  Machine: dna058  Platform: Linux  PlatformVersion: 5.14.0-427.37.1.el9_4.x86_64  CompilerName: GCC  CompilerVersion: 8.4.0
ProgramName: mri_surfcluster  ProgramArguments: mri_surfcluster -all-info  ProgramVersion: 7.3.2  TimeStamp: 2026/03/15-09:47:29-GMT  BuildTime: Aug  4 2022 06:17:15  BuildStamp: freesurfer-linux-ubuntu22_x86_64-7.3.2-20220804-6354275  User: oesteban  Machine: dna058  Platform: Linux  PlatformVersion: 5.14.0-427.37.1.el9_4.x86_64  CompilerName: GCC  CompilerVersion: 8.4.0
ProgramName: mris_volmask  ProgramArguments: mris_volmask -all-info  ProgramVersion: 7.3.2  TimeStamp: 2026/03/15-09:47:29-GMT  BuildTime: Aug  4 2022 06:17:15  BuildStamp: freesurfer-linux-ubuntu22_x86_64-7.3.2-20220804-6354275  User: oesteban  Machine: dna058  Platform: Linux  PlatformVersion: 5.14.0-427.37.1.el9_4.x86_64  CompilerName: GCC  CompilerVersion: 8.4.0
ProgramName: mri_tessellate  ProgramArguments: mri_tessellate -all-info  ProgramVersion: 7.3.2  TimeStamp: 2026/03/15-09:47:29-GMT  BuildTime: Aug  4 2022 06:17:15  BuildStamp: freesurfer-linux-ubuntu22_x86_64-7.3.2-20220804-6354275  User: oesteban  Machine: dna058  Platform: Linux  PlatformVersion: 5.14.0-427.37.1.el9_4.x86_64  CompilerName: GCC  CompilerVersion: 8.4.0
ProgramName: mri_vol2surf  ProgramArguments: mri_vol2surf -all-info  ProgramVersion: 7.3.2  TimeStamp: 2026/03/15-09:47:29-GMT  BuildTime: Aug  4 2022 06:17:15  BuildStamp: freesurfer-linux-ubuntu22_x86_64-7.3.2-20220804-6354275  User: oesteban  Machine: dna058  Platform: Linux  PlatformVersion: 5.14.0-427.37.1.el9_4.x86_64  CompilerName: GCC  CompilerVersion: 8.4.0
ProgramName: mri_vol2vol  ProgramArguments: mri_vol2vol -all-info  ProgramVersion: 7.3.2  TimeStamp: 2026/03/15-09:47:29-GMT  BuildTime: Aug  4 2022 06:17:15  BuildStamp: freesurfer-linux-ubuntu22_x86_64-7.3.2-20220804-6354275  User: oesteban  Machine: dna058  Platform: Linux  PlatformVersion: 5.14.0-427.37.1.el9_4.x86_64  CompilerName: GCC  CompilerVersion: 8.4.0
ProgramName: mri_voldiff  ProgramArguments: mri_voldiff -all-info  ProgramVersion: 7.3.2  TimeStamp: 2026/03/15-09:47:29-GMT  BuildTime: Aug  4 2022 06:17:15  BuildStamp: freesurfer-linux-ubuntu22_x86_64-7.3.2-20220804-6354275  User: oesteban  Machine: dna058  Platform: Linux  PlatformVersion: 5.14.0-427.37.1.el9_4.x86_64  CompilerName: GCC  CompilerVersion: 8.4.0
ProgramName: mri_watershed  ProgramArguments: mri_watershed -all-info  ProgramVersion: 7.3.2  TimeStamp: 2026/03/15-09:47:29-GMT  BuildTime: Aug  4 2022 06:17:15  BuildStamp: freesurfer-linux-ubuntu22_x86_64-7.3.2-20220804-6354275  User: oesteban  Machine: dna058  Platform: Linux  PlatformVersion: 5.14.0-427.37.1.el9_4.x86_64  CompilerName: GCC  CompilerVersion: 8.4.0
ProgramName: tkregister2  ProgramArguments: tkregister2_cmdl -all-info  ProgramVersion: 7.3.2  TimeStamp: 2026/03/15-09:47:29-GMT  BuildTime: Aug  4 2022 06:17:15  BuildStamp: freesurfer-linux-ubuntu22_x86_64-7.3.2-20220804-6354275  User: oesteban  Machine: dna058  Platform: Linux  PlatformVersion: 5.14.0-427.37.1.el9_4.x86_64  CompilerName: GCC  CompilerVersion: 8.4.0
mri_motion_correct.fsl 7.3.2
mri_convert -all-info 
ProgramName: mri_convert  ProgramArguments: mri_convert -all-info  ProgramVersion: 7.3.2  TimeStamp: 2026/03/15-09:47:29-GMT  BuildTime: Aug  4 2022 06:17:15  BuildStamp: freesurfer-linux-ubuntu22_x86_64-7.3.2-20220804-6354275  User: oesteban  Machine: dna058  Platform: Linux  PlatformVersion: 5.14.0-427.37.1.el9_4.x86_64  CompilerName: GCC  CompilerVersion: 8.4.0
Program nu_correct, built from:
Package MNI N3, version 1.12.0, compiled by nicks@terrier (x86_64-unknown-linux-gnu) on 2015-06-19 at 01:25:34
#######################################
GCADIR /opt/freesurfer/average
GCA RB_all_2020-01-02.gca
GCASkull RB_all_withskull_2020_01_02.gca
AvgCurvTif folding.atlas.acfb40.noaparc.i12.2016-08-02.tif
GCSDIR /opt/freesurfer/average
GCS DKaparc.atlas.acfb40.noaparc.i12.2016-08-02.gcs
#######################################
#--------------------------------------------
#@# AutoDetGWStats rh Sun Mar 15 10:47:29 CET 2026
cd /out/sourcedata/freesurfer/sub-v2s10x28989_ses-1/mri
mris_autodet_gwstats --o ../surf/autodet.gw.stats.rh.dat --i brain.finalsurfs.mgz --wm wm.mgz --surf ../surf/rh.orig.premesh
  Update not needed
#--------------------------------------------
#@# WhitePreAparc rh Sun Mar 15 10:47:29 CET 2026
cd /out/sourcedata/freesurfer/sub-v2s10x28989_ses-1/mri
mris_place_surface --adgws-in ../surf/autodet.gw.stats.rh.dat --wm wm.mgz --threads 16 --invol brain.finalsurfs.mgz --rh --i ../surf/rh.orig --o ../surf/rh.white.preaparc --white --seg aseg.presurf.mgz --nsmooth 5
   Update not needed
#--------------------------------------------
#@# CortexLabel rh Sun Mar 15 10:47:29 CET 2026
cd /out/sourcedata/freesurfer/sub-v2s10x28989_ses-1/mri
mri_label2label --label-cortex ../surf/rh.white.preaparc aseg.presurf.mgz 0 ../label/rh.cortex.label
   Update not needed
#--------------------------------------------
#@# CortexLabel+HipAmyg rh Sun Mar 15 10:47:29 CET 2026
cd /out/sourcedata/freesurfer/sub-v2s10x28989_ses-1/mri
mri_label2label --label-cortex ../surf/rh.white.preaparc aseg.presurf.mgz 1 ../label/rh.cortex+hipamyg.label
   Update not needed
#@# white curv rh Sun Mar 15 10:47:29 CET 2026
cd /out/sourcedata/freesurfer/sub-v2s10x28989_ses-1/mri
mris_place_surface --curv-map ../surf/rh.white 2 10 ../surf/rh.curv
   Update not needed
#@# white area rh Sun Mar 15 10:47:29 CET 2026
cd /out/sourcedata/freesurfer/sub-v2s10x28989_ses-1/mri
mris_place_surface --area-map ../surf/rh.white ../surf/rh.area
   Update not needed
#@# pial curv rh Sun Mar 15 10:47:29 CET 2026
cd /out/sourcedata/freesurfer/sub-v2s10x28989_ses-1/mri
mris_place_surface --curv-map ../surf/rh.pial 2 10 ../surf/rh.curv.pial
   Update not needed
#@# pial area rh Sun Mar 15 10:47:29 CET 2026
cd /out/sourcedata/freesurfer/sub-v2s10x28989_ses-1/mri
mris_place_surface --area-map ../surf/rh.pial ../surf/rh.area.pial
   Update not needed
#@# thickness rh Sun Mar 15 10:47:29 CET 2026
cd /out/sourcedata/freesurfer/sub-v2s10x28989_ses-1/mri
mris_place_surface --thickness ../surf/rh.white ../surf/rh.pial 20 5 ../surf/rh.thickness
   Update not needed
#@# area and vertex vol rh Sun Mar 15 10:47:29 CET 2026
cd /out/sourcedata/freesurfer/sub-v2s10x28989_ses-1/mri
mris_place_surface --thickness ../surf/rh.white ../surf/rh.pial 20 5 ../surf/rh.thickness
   Update not needed
#-----------------------------------------
#@# Parcellation Stats rh Sun Mar 15 10:47:29 CET 2026
/out/sourcedata/freesurfer/sub-v2s10x28989_ses-1/scripts

 mris_anatomical_stats -th3 -mgz -noglobal -cortex ../label/rh.cortex.label -f ../stats/rh.aparc.stats -b -a ../label/rh.aparc.annot -c ../label/aparc.annot.ctab sub-v2s10x28989_ses-1 rh white 

computing statistics for each annotation in ../label/rh.aparc.annot.
reading volume /out/sourcedata/freesurfer/sub-v2s10x28989_ses-1/mri/wm.mgz...
reading input surface /out/sourcedata/freesurfer/sub-v2s10x28989_ses-1/surf/rh.white...
reading input pial surface /out/sourcedata/freesurfer/sub-v2s10x28989_ses-1/surf/rh.pial...
reading input white surface /out/sourcedata/freesurfer/sub-v2s10x28989_ses-1/surf/rh.white...
INFO: using TH3 volume calc
INFO: assuming MGZ format for volumes.
INFO: not computing global stats
INFO: using ../label/rh.cortex.label as mask to calc cortex NumVert, SurfArea and MeanThickness.
Using TH3 vertex volume calc
Total face volume 283921
Total vertex volume 283700 (mask=0)
Saving annotation colortable ../label/aparc.annot.ctab

table columns are:
    number of vertices
    total surface area (mm^2)
    total gray matter volume (mm^3)
    average cortical thickness +- standard deviation (mm)
    integrated rectified mean curvature
    integrated rectified Gaussian curvature
    folding index
    intrinsic curvature index
    structure name

 1790   1219   3422  3.042 0.472     0.107     0.016       14     1.4  bankssts
 1425    933   2450  2.378 0.699     0.113     0.012       16     0.8  caudalanteriorcingulate
 3255   2308   7060  2.723 0.590     0.113     0.020       28     2.8  caudalmiddlefrontal
 2595   1795   4011  2.123 0.542     0.140     0.031       31     3.4  cuneus
  697    442   1717  2.850 1.244     0.133     0.046       16     1.4  entorhinal
 4998   3347  11242  2.957 0.592     0.116     0.021       53     4.4  fusiform
 8235   6026  17967  2.625 0.608     0.124     0.026       97     9.7  inferiorparietal
 6201   4317  15181  2.970 0.716     0.122     0.030       89     7.3  inferiortemporal
 1739   1227   3585  2.456 0.906     0.118     0.023       23     1.6  isthmuscingulate
 7857   5362  13913  2.323 0.588     0.130     0.025       88     8.5  lateraloccipital
 4489   3207   9650  2.828 0.735     0.127     0.027       61     5.0  lateralorbitofrontal
 5181   3708   8396  2.207 0.635     0.131     0.028       59     6.3  lingual
 3781   2512   7109  2.477 0.671     0.095     0.018       35     2.8  medialorbitofrontal
 6241   4479  17783  3.172 0.626     0.115     0.022       72     5.8  middletemporal
 1027    687   2685  3.225 0.817     0.119     0.025       22     0.8  parahippocampal
 2213   1432   3855  2.536 0.536     0.109     0.019       17     1.8  paracentral
 2291   1583   4722  2.890 0.581     0.107     0.020       21     1.7  parsopercularis
 1217    913   3032  2.430 0.727     0.140     0.037       25     1.7  parsorbitalis
 2285   1724   5822  2.711 0.707     0.129     0.027       29     2.5  parstriangularis
 2586   1840   2915  1.863 0.559     0.125     0.027       25     2.8  pericalcarine
 6358   4190   9648  2.097 0.644     0.101     0.018       48     4.7  postcentral
 2153   1541   4269  2.460 0.879     0.125     0.024       27     2.1  posteriorcingulate
 7380   4941  14789  2.692 0.580     0.107     0.019       60     5.9  precentral
 6169   4335  12008  2.632 0.490     0.117     0.023       68     5.8  precuneus
 1224    863   3010  2.957 0.708     0.128     0.023       21     1.2  rostralanteriorcingulate
 8918   6403  15620  2.161 0.618     0.131     0.030      152    11.1  rostralmiddlefrontal
11958   8431  24888  2.530 0.695     0.117     0.026      133    12.5  superiorfrontal
 7760   5575  13023  2.133 0.496     0.120     0.021       84     6.9  superiorparietal
 6301   4191  14444  2.995 0.570     0.091     0.015       51     3.7  superiortemporal
 5384   3781  11812  2.836 0.549     0.117     0.022       54     5.1  supramarginal
  444    325    977  2.260 0.647     0.154     0.044       12     0.7  frontalpole
  652    482   3023  3.975 0.756     0.123     0.036        7     0.9  temporalpole
  580    388   1114  2.741 0.448     0.140     0.017        8     0.5  transversetemporal
 3915   2669   8560  3.216 0.814     0.107     0.025       36     3.8  insula

 mris_anatomical_stats -th3 -mgz -noglobal -cortex ../label/rh.cortex.label -f ../stats/rh.aparc.pial.stats -b -a ../label/rh.aparc.annot -c ../label/aparc.annot.ctab sub-v2s10x28989_ses-1 rh pial 

computing statistics for each annotation in ../label/rh.aparc.annot.
reading volume /out/sourcedata/freesurfer/sub-v2s10x28989_ses-1/mri/wm.mgz...
reading input surface /out/sourcedata/freesurfer/sub-v2s10x28989_ses-1/surf/rh.pial...
reading input pial surface /out/sourcedata/freesurfer/sub-v2s10x28989_ses-1/surf/rh.pial...
reading input white surface /out/sourcedata/freesurfer/sub-v2s10x28989_ses-1/surf/rh.white...
INFO: using TH3 volume calc
INFO: assuming MGZ format for volumes.
INFO: not computing global stats
INFO: using ../label/rh.cortex.label as mask to calc cortex NumVert, SurfArea and MeanThickness.
Using TH3 vertex volume calc
Total face volume 283921
Total vertex volume 283700 (mask=0)
Saving annotation colortable ../label/aparc.annot.ctab

table columns are:
    number of vertices
    total surface area (mm^2)
    total gray matter volume (mm^3)
    average cortical thickness +- standard deviation (mm)
    integrated rectified mean curvature
    integrated rectified Gaussian curvature
    folding index
    intrinsic curvature index
    structure name

 1790   1034   3422  3.042 0.472     0.117     0.037       47     2.5  bankssts
 1425   1064   2450  2.378 0.699     0.140     0.036       28     2.0  caudalanteriorcingulate
 3255   2734   7060  2.723 0.590     0.131     0.031     2308     3.5  caudalmiddlefrontal
 2595   2188   4011  2.123 0.542     0.141     0.037       93     3.5  cuneus
  697    740   1717  2.850 1.244     0.227     0.069       17     2.1  entorhinal
 4998   4130  11242  2.957 0.592     0.167     0.033    53401     7.4  fusiform
 8235   7524  17967  2.625 0.608     0.155     0.034      378    12.2  inferiorparietal
 6201   5828  15181  2.970 0.716     0.151     0.035      121     9.7  inferiortemporal
 1739   1686   3585  2.456 0.906     0.175     0.044       32     3.6  isthmuscingulate
 7857   6633  13913  2.323 0.588     0.137     0.030      259    10.5  lateraloccipital
 4489   3799   9650  2.828 0.735     0.153     0.042      100     8.3  lateralorbitofrontal
 5181   4353   8396  2.207 0.635     0.145     0.041       98     8.8  lingual
 3781   3292   7109  2.477 0.671     0.139     0.033       44     5.4  medialorbitofrontal
 6241   6577  17783  3.172 0.626     0.161     0.034      205     9.6  middletemporal
 1027   1006   2685  3.225 0.817     0.213     0.061       33     3.0  parahippocampal
 2213   1604   3855  2.536 0.536     0.131     0.035       47     3.1  paracentral
 2291   1722   4722  2.890 0.581     0.128     0.030      132     2.9  parsopercularis
 1217   1560   3032  2.430 0.727     0.212     0.042       19     2.6  parsorbitalis
 2285   2416   5822  2.711 0.707     0.178     0.036       45     3.5  parstriangularis
 2586   1473   2915  1.863 0.559     0.104     0.030       68     2.8  pericalcarine
 6358   5131   9648  2.097 0.644     0.124     0.026       77     7.3  postcentral
 2153   1917   4269  2.460 0.879     0.159     0.059       46     3.9  posteriorcingulate
 7380   5735  14789  2.692 0.580     0.118     0.024      111     7.6  precentral
 6169   4896  12008  2.632 0.490     0.141     0.036      317     8.8  precuneus
 1224   1199   3010  2.957 0.708     0.183     0.060       55     2.6  rostralanteriorcingulate
 8918   8377  15620  2.161 0.618     0.160     0.033      124    12.8  rostralmiddlefrontal
11958  11020  24888  2.530 0.695     0.152     0.034      185    17.6  superiorfrontal
 7760   6724  13023  2.133 0.496     0.143     0.028      615     9.1  superiorparietal
 6301   5440  14444  2.995 0.570     0.132     0.028       75     7.7  superiortemporal
 5384   4507  11812  2.836 0.549     0.136     0.032       84     7.4  supramarginal
  444    558    977  2.260 0.647     0.222     0.049        8     1.0  frontalpole
  652    903   3023  3.975 0.756     0.244     0.232       58     1.5  temporalpole
  580    459   1114  2.741 0.448     0.139     0.040       18     1.0  transversetemporal
 3915   2573   8560  3.216 0.814     0.133     0.037      161     5.8  insula
#-----------------------------------------
#@# Parcellation Stats 2 rh Sun Mar 15 10:47:48 CET 2026
/out/sourcedata/freesurfer/sub-v2s10x28989_ses-1/scripts

 mris_anatomical_stats -th3 -mgz -noglobal -cortex ../label/rh.cortex.label -f ../stats/rh.aparc.a2009s.stats -b -a ../label/rh.aparc.a2009s.annot -c ../label/aparc.annot.a2009s.ctab sub-v2s10x28989_ses-1 rh white 

computing statistics for each annotation in ../label/rh.aparc.a2009s.annot.
reading volume /out/sourcedata/freesurfer/sub-v2s10x28989_ses-1/mri/wm.mgz...
reading input surface /out/sourcedata/freesurfer/sub-v2s10x28989_ses-1/surf/rh.white...
reading input pial surface /out/sourcedata/freesurfer/sub-v2s10x28989_ses-1/surf/rh.pial...
reading input white surface /out/sourcedata/freesurfer/sub-v2s10x28989_ses-1/surf/rh.white...
INFO: using TH3 volume calc
INFO: assuming MGZ format for volumes.
INFO: not computing global stats
INFO: using ../label/rh.cortex.label as mask to calc cortex NumVert, SurfArea and MeanThickness.
Using TH3 vertex volume calc
Total face volume 283921
Total vertex volume 283700 (mask=0)
Saving annotation colortable ../label/aparc.annot.a2009s.ctab

table columns are:
    number of vertices
    total surface area (mm^2)
    total gray matter volume (mm^3)
    average cortical thickness +- standard deviation (mm)
    integrated rectified mean curvature
    integrated rectified Gaussian curvature
    folding index
    intrinsic curvature index
    structure name

 1014    738   1565  1.993 0.530     0.141     0.033       19     1.5  G_and_S_frontomargin
 1448    977   3190  2.756 0.642     0.124     0.022       15     1.4  G_and_S_occipital_inf
 1548    983   2670  2.279 0.560     0.118     0.023       14     1.6  G_and_S_paracentral
 1600   1105   3700  2.892 0.445     0.119     0.022       16     1.5  G_and_S_subcentral
 1207    851   2217  2.085 0.573     0.146     0.046       32     2.0  G_and_S_transv_frontopol
 3747   2526   7440  2.664 0.656     0.108     0.018       38     2.9  G_and_S_cingul-Ant
 1792   1207   3519  2.775 0.525     0.107     0.017       15     1.3  G_and_S_cingul-Mid-Ant
 1701   1223   3444  2.788 0.552     0.124     0.027       17     1.9  G_and_S_cingul-Mid-Post
  652    466   1943  3.180 0.802     0.142     0.030       13     0.8  G_cingul-Post-dorsal
  335    245    863  2.581 0.593     0.160     0.040        7     0.5  G_cingul-Post-ventral
 2412   1690   3650  1.970 0.539     0.140     0.032       30     3.2  G_cuneus
 1396   1034   4067  3.021 0.584     0.124     0.025       20     1.4  G_front_inf-Opercular
  350    283   1230  3.000 0.853     0.132     0.022        5     0.3  G_front_inf-Orbital
 1113    903   3699  2.950 0.634     0.154     0.037       22     1.8  G_front_inf-Triangul
 4327   3251  10808  2.508 0.759     0.141     0.033       87     5.8  G_front_middle
 7920   5721  19037  2.578 0.741     0.126     0.029      113     9.3  G_front_sup
  626    425   1656  3.744 0.763     0.108     0.025        6     0.6  G_Ins_lg_and_S_cent_ins
  997    723   2967  3.353 0.885     0.132     0.041       16     1.8  G_insular_short
 2294   1762   6581  2.823 0.568     0.140     0.030       38     2.8  G_occipital_middle
 1655   1198   2950  2.109 0.483     0.142     0.027       23     2.0  G_occipital_sup
 1991   1297   5251  3.042 0.496     0.124     0.026       31     2.1  G_oc-temp_lat-fusifor
 3311   2399   5806  2.138 0.708     0.144     0.032       45     4.7  G_oc-temp_med-Lingual
 1311    880   3574  3.011 1.066     0.139     0.040       35     1.9  G_oc-temp_med-Parahip
 2971   2272   7961  2.695 0.779     0.151     0.040       69     4.6  G_orbital
 3137   2450   9035  2.726 0.716     0.147     0.033       56     4.8  G_pariet_inf-Angular
 2748   1955   7266  3.011 0.485     0.127     0.024       36     2.8  G_pariet_inf-Supramar
 2265   1723   4613  2.201 0.543     0.133     0.026       33     2.4  G_parietal_sup
 2145   1402   3426  2.004 0.561     0.113     0.022       21     2.0  G_postcentral
 2682   1765   6756  2.826 0.640     0.113     0.022       27     2.4  G_precentral
 2539   1871   6342  2.679 0.447     0.136     0.031       43     3.1  G_precuneus
 1003    699   2204  2.356 0.686     0.122     0.030       17     1.4  G_rectus
  648    414   1070  2.491 1.039     0.089     0.035        7     0.5  G_subcallosal
  425    281    919  2.636 0.416     0.126     0.016        5     0.3  G_temp_sup-G_T_transv
 2201   1465   6252  3.114 0.596     0.116     0.022       32     1.9  G_temp_sup-Lateral
  707    461   1974  3.609 0.823     0.073     0.016        2     0.4  G_temp_sup-Plan_polar
 1039    672   1994  2.836 0.540     0.078     0.013        5     0.5  G_temp_sup-Plan_tempo
 3335   2336   9804  3.086 0.811     0.137     0.041       65     5.1  G_temporal_inf
 3495   2542  11823  3.337 0.595     0.123     0.026       54     3.7  G_temporal_middle
  492    332    729  2.285 0.550     0.101     0.016        3     0.3  Lat_Fis-ant-Horizont
  237    173    484  3.502 0.715     0.108     0.016        1     0.2  Lat_Fis-ant-Vertical
 1440    947   2104  2.757 0.387     0.097     0.015        7     0.9  Lat_Fis-post
 3663   2499   5280  1.937 0.529     0.140     0.028       48     4.3  Pole_occipital
 2046   1516   8518  3.610 0.783     0.129     0.032       25     2.6  Pole_temporal
 3022   2159   4217  2.273 0.672     0.122     0.026       30     3.0  S_calcarine
 2933   1932   3381  2.011 0.592     0.093     0.015       14     1.8  S_central
 1124    777   1764  2.347 0.543     0.100     0.016        7     0.7  S_cingul-Marginalis
  772    514   1313  3.124 0.502     0.093     0.013        3     0.5  S_circular_insula_ant
 1303    861   2187  3.011 0.604     0.076     0.011        4     0.6  S_circular_insula_inf
 1837   1186   2880  2.995 0.516     0.088     0.013        8     1.0  S_circular_insula_sup
 1536   1043   2481  2.672 0.440     0.092     0.011       10     0.7  S_collat_transv_ant
  408    283    535  2.371 0.254     0.114     0.019        3     0.3  S_collat_transv_post
 2245   1542   3447  2.304 0.507     0.101     0.017       16     1.7  S_front_inf
 2219   1544   2884  1.971 0.504     0.119     0.022       23     2.1  S_front_middle
 2765   1889   4412  2.432 0.518     0.097     0.016       15     2.0  S_front_sup
  336    239    552  2.443 0.657     0.123     0.022        2     0.4  S_interm_prim-Jensen
 3353   2301   4789  2.126 0.486     0.097     0.015       20     2.1  S_intrapariet_and_P_trans
  768    521    947  2.111 0.277     0.106     0.016        5     0.5  S_oc_middle_and_Lunatus
 1537   1045   2018  2.249 0.430     0.114     0.022       11     1.4  S_oc_sup_and_transversal
 1044    714   1616  2.542 0.454     0.120     0.022        9     1.0  S_occipital_ant
 1379    961   2290  2.797 0.532     0.108     0.017        9     1.0  S_oc-temp_lat
 2098   1366   3496  2.746 0.527     0.090     0.014       11     1.3  S_oc-temp_med_and_Lingual
  297    214    386  1.882 0.494     0.118     0.019        2     0.3  S_orbital_lateral
  996    642   1280  2.349 0.502     0.081     0.009        4     0.4  S_orbital_med-olfact
 1523   1065   3077  2.843 0.840     0.119     0.023       12     1.6  S_orbital-H_Shaped
 2455   1661   3670  2.488 0.461     0.110     0.018       20     2.1  S_parieto_occipital
 2051   1349   2046  1.774 0.657     0.105     0.013       20     1.1  S_pericallosal
 2776   1866   3651  2.243 0.444     0.100     0.017       18     2.0  S_postcentral
 1988   1312   3115  2.703 0.375     0.102     0.018       15     1.4  S_precentral-inf-part
 1260    827   1687  2.404 0.471     0.083     0.009        5     0.5  S_precentral-sup-part
  372    239    543  2.298 0.581     0.071     0.009        1     0.2  S_suborbital
 1491   1033   2547  2.646 0.535     0.103     0.019        9     1.1  S_subparietal
 1750   1230   2742  2.742 0.498     0.118     0.021       14     1.7  S_temporal_inf
 7318   4932  12825  2.822 0.493     0.099     0.015       45     5.1  S_temporal_sup
  378    263    541  2.687 0.496     0.119     0.011        3     0.2  S_temporal_transverse
#-----------------------------------------
#@# Parcellation Stats 3 rh Sun Mar 15 10:47:58 CET 2026
/out/sourcedata/freesurfer/sub-v2s10x28989_ses-1/scripts

 mris_anatomical_stats -th3 -mgz -noglobal -cortex ../label/rh.cortex.label -f ../stats/rh.aparc.DKTatlas.stats -b -a ../label/rh.aparc.DKTatlas.annot -c ../label/aparc.annot.DKTatlas.ctab sub-v2s10x28989_ses-1 rh white 

computing statistics for each annotation in ../label/rh.aparc.DKTatlas.annot.
reading volume /out/sourcedata/freesurfer/sub-v2s10x28989_ses-1/mri/wm.mgz...
reading input surface /out/sourcedata/freesurfer/sub-v2s10x28989_ses-1/surf/rh.white...
reading input pial surface /out/sourcedata/freesurfer/sub-v2s10x28989_ses-1/surf/rh.pial...
reading input white surface /out/sourcedata/freesurfer/sub-v2s10x28989_ses-1/surf/rh.white...
INFO: using TH3 volume calc
INFO: assuming MGZ format for volumes.
INFO: not computing global stats
INFO: using ../label/rh.cortex.label as mask to calc cortex NumVert, SurfArea and MeanThickness.
Using TH3 vertex volume calc
Total face volume 283921
Total vertex volume 283700 (mask=0)
Saving annotation colortable ../label/aparc.annot.DKTatlas.ctab

table columns are:
    number of vertices
    total surface area (mm^2)
    total gray matter volume (mm^3)
    average cortical thickness +- standard deviation (mm)
    integrated rectified mean curvature
    integrated rectified Gaussian curvature
    folding index
    intrinsic curvature index
    structure name

 1704   1113   3158  2.457 0.760     0.116     0.014       20     1.1  caudalanteriorcingulate
 3401   2400   7314  2.726 0.587     0.114     0.020       30     3.0  caudalmiddlefrontal
 3112   2159   4786  2.107 0.520     0.133     0.027       36     3.6  cuneus
  633    393   1366  2.714 1.219     0.127     0.046       15     1.2  entorhinal
 4515   3008   9468  2.887 0.530     0.114     0.020       46     3.8  fusiform
 8167   5997  17999  2.624 0.610     0.125     0.026       97     9.6  inferiorparietal
 6649   4632  17012  3.019 0.743     0.123     0.029       91     7.9  inferiortemporal
 1725   1216   3556  2.480 0.904     0.119     0.023       22     1.6  isthmuscingulate
 7882   5397  13773  2.301 0.578     0.130     0.026       89     8.6  lateraloccipital
 4858   3552  10697  2.716 0.773     0.136     0.031       76     6.5  lateralorbitofrontal
 5090   3639   8255  2.206 0.627     0.131     0.028       59     6.2  lingual
 2815   1885   5231  2.439 0.708     0.097     0.023       30     2.4  medialorbitofrontal
 7585   5409  20543  3.155 0.601     0.116     0.023       89     7.2  middletemporal
 1090    733   2835  3.227 0.800     0.117     0.024       22     0.8  parahippocampal
 2360   1543   4190  2.562 0.534     0.108     0.019       17     1.9  paracentral
 2631   1835   5492  2.885 0.579     0.111     0.021       27     2.2  parsopercularis
 1152    846   2578  2.606 0.719     0.124     0.025       17     1.1  parsorbitalis
 2223   1662   5587  2.677 0.714     0.133     0.028       30     2.6  parstriangularis
 2520   1789   2841  1.859 0.556     0.126     0.027       24     2.8  pericalcarine
 7059   4687  10768  2.108 0.634     0.103     0.018       54     5.4  postcentral
 2259   1612   4439  2.489 0.849     0.127     0.025       28     2.4  posteriorcingulate
 7131   4772  14410  2.702 0.582     0.106     0.020       58     5.7  precentral
 6300   4471  12340  2.613 0.510     0.118     0.023       72     5.9  precuneus
 1583   1096   3539  2.843 0.729     0.115     0.020       22     1.3  rostralanteriorcingulate
 6464   4675  11636  2.176 0.615     0.132     0.030      106     8.0  rostralmiddlefrontal
14877  10455  29786  2.446 0.691     0.118     0.026      185    15.9  superiorfrontal
 6366   4549  10611  2.130 0.491     0.120     0.021       69     5.7  superiorparietal
 8071   5404  19635  3.071 0.639     0.095     0.016       65     5.4  superiortemporal
 5056   3551  10929  2.836 0.555     0.117     0.023       50     4.9  supramarginal
  574    385   1131  2.727 0.429     0.134     0.017        7     0.4  transversetemporal
 3447   2309   7795  3.348 0.728     0.098     0.019       27     2.4  insula
/out/sourcedata/freesurfer/sub-v2s10x28989_ses-1/label
#--------------------------------------------
#@# BA_exvivo Labels rh Sun Mar 15 10:48:08 CET 2026

 mri_label2label --srcsubject fsaverage --srclabel /out/sourcedata/freesurfer/fsaverage/label/rh.BA1_exvivo.label --trgsubject sub-v2s10x28989_ses-1 --trglabel ./rh.BA1_exvivo.label --hemi rh --regmethod surface 


srclabel = /out/sourcedata/freesurfer/fsaverage/label/rh.BA1_exvivo.label
srcsubject = fsaverage
trgsubject = sub-v2s10x28989_ses-1
trglabel = ./rh.BA1_exvivo.label
regmethod = surface

srchemi = rh
trghemi = rh
trgsurface = white
srcsurfreg = sphere.reg
trgsurfreg = sphere.reg
usehash = 1
Use ProjAbs  = 0, 0
Use ProjFrac = 0, 0
DoPaint 0

SUBJECTS_DIR    /out/sourcedata/freesurfer
FREESURFER_HOME /opt/freesurfer
Loading source label.
Found 3962 points in source label.
Starting surface-based mapping
Reading source registration 
 /out/sourcedata/freesurfer/fsaverage/surf/rh.sphere.reg
Rescaling ...  original radius = 100
Reading target surface 
 /out/sourcedata/freesurfer/sub-v2s10x28989_ses-1/surf/rh.white
Reading target registration 
 /out/sourcedata/freesurfer/sub-v2s10x28989_ses-1/surf/rh.sphere.reg
Rescaling ...  original radius = 100
Building target registration hash (res=16).
Building source registration hash (res=16).
INFO: found  3962 nlabel points
Performing mapping from target back to the source label 147777
Number of reverse mapping hits = 141
Checking for and removing duplicates
Writing label file ./rh.BA1_exvivo.label 4103
mri_label2label: Done


 mri_label2label --srcsubject fsaverage --srclabel /out/sourcedata/freesurfer/fsaverage/label/rh.BA2_exvivo.label --trgsubject sub-v2s10x28989_ses-1 --trglabel ./rh.BA2_exvivo.label --hemi rh --regmethod surface 


srclabel = /out/sourcedata/freesurfer/fsaverage/label/rh.BA2_exvivo.label
srcsubject = fsaverage
trgsubject = sub-v2s10x28989_ses-1
trglabel = ./rh.BA2_exvivo.label
regmethod = surface

srchemi = rh
trghemi = rh
trgsurface = white
srcsurfreg = sphere.reg
trgsurfreg = sphere.reg
usehash = 1
Use ProjAbs  = 0, 0
Use ProjFrac = 0, 0
DoPaint 0

SUBJECTS_DIR    /out/sourcedata/freesurfer
FREESURFER_HOME /opt/freesurfer
Loading source label.
Found 6687 points in source label.
Starting surface-based mapping
Reading source registration 
 /out/sourcedata/freesurfer/fsaverage/surf/rh.sphere.reg
Rescaling ...  original radius = 100
Reading target surface 
 /out/sourcedata/freesurfer/sub-v2s10x28989_ses-1/surf/rh.white
Reading target registration 
 /out/sourcedata/freesurfer/sub-v2s10x28989_ses-1/surf/rh.sphere.reg
Rescaling ...  original radius = 100
Building target registration hash (res=16).
Building source registration hash (res=16).
INFO: found  6687 nlabel points
Performing mapping from target back to the source label 147777
Number of reverse mapping hits = 156
Checking for and removing duplicates
Writing label file ./rh.BA2_exvivo.label 6843
mri_label2label: Done


 mri_label2label --srcsubject fsaverage --srclabel /out/sourcedata/freesurfer/fsaverage/label/rh.BA3a_exvivo.label --trgsubject sub-v2s10x28989_ses-1 --trglabel ./rh.BA3a_exvivo.label --hemi rh --regmethod surface 


srclabel = /out/sourcedata/freesurfer/fsaverage/label/rh.BA3a_exvivo.label
srcsubject = fsaverage
trgsubject = sub-v2s10x28989_ses-1
trglabel = ./rh.BA3a_exvivo.label
regmethod = surface

srchemi = rh
trghemi = rh
trgsurface = white
srcsurfreg = sphere.reg
trgsurfreg = sphere.reg
usehash = 1
Use ProjAbs  = 0, 0
Use ProjFrac = 0, 0
DoPaint 0

SUBJECTS_DIR    /out/sourcedata/freesurfer
FREESURFER_HOME /opt/freesurfer
Loading source label.
Found 3980 points in source label.
Starting surface-based mapping
Reading source registration 
 /out/sourcedata/freesurfer/fsaverage/surf/rh.sphere.reg
Rescaling ...  original radius = 100
Reading target surface 
 /out/sourcedata/freesurfer/sub-v2s10x28989_ses-1/surf/rh.white
Reading target registration 
 /out/sourcedata/freesurfer/sub-v2s10x28989_ses-1/surf/rh.sphere.reg
Rescaling ...  original radius = 100
Building target registration hash (res=16).
Building source registration hash (res=16).
INFO: found  3980 nlabel points
Performing mapping from target back to the source label 147777
Number of reverse mapping hits = 42
Checking for and removing duplicates
Writing label file ./rh.BA3a_exvivo.label 4022
mri_label2label: Done


 mri_label2label --srcsubject fsaverage --srclabel /out/sourcedata/freesurfer/fsaverage/label/rh.BA3b_exvivo.label --trgsubject sub-v2s10x28989_ses-1 --trglabel ./rh.BA3b_exvivo.label --hemi rh --regmethod surface 


srclabel = /out/sourcedata/freesurfer/fsaverage/label/rh.BA3b_exvivo.label
srcsubject = fsaverage
trgsubject = sub-v2s10x28989_ses-1
trglabel = ./rh.BA3b_exvivo.label
regmethod = surface

srchemi = rh
trghemi = rh
trgsurface = white
srcsurfreg = sphere.reg
trgsurfreg = sphere.reg
usehash = 1
Use ProjAbs  = 0, 0
Use ProjFrac = 0, 0
DoPaint 0

SUBJECTS_DIR    /out/sourcedata/freesurfer
FREESURFER_HOME /opt/freesurfer
Loading source label.
Found 4522 points in source label.
Starting surface-based mapping
Reading source registration 
 /out/sourcedata/freesurfer/fsaverage/surf/rh.sphere.reg
Rescaling ...  original radius = 100
Reading target surface 
 /out/sourcedata/freesurfer/sub-v2s10x28989_ses-1/surf/rh.white
Reading target registration 
 /out/sourcedata/freesurfer/sub-v2s10x28989_ses-1/surf/rh.sphere.reg
Rescaling ...  original radius = 100
Building target registration hash (res=16).
Building source registration hash (res=16).
INFO: found  4522 nlabel points
Performing mapping from target back to the source label 147777
Number of reverse mapping hits = 130
Checking for and removing duplicates
Writing label file ./rh.BA3b_exvivo.label 4652
mri_label2label: Done


 mri_label2label --srcsubject fsaverage --srclabel /out/sourcedata/freesurfer/fsaverage/label/rh.BA4a_exvivo.label --trgsubject sub-v2s10x28989_ses-1 --trglabel ./rh.BA4a_exvivo.label --hemi rh --regmethod surface 


srclabel = /out/sourcedata/freesurfer/fsaverage/label/rh.BA4a_exvivo.label
srcsubject = fsaverage
trgsubject = sub-v2s10x28989_ses-1
trglabel = ./rh.BA4a_exvivo.label
regmethod = surface

srchemi = rh
trghemi = rh
trgsurface = white
srcsurfreg = sphere.reg
trgsurfreg = sphere.reg
usehash = 1
Use ProjAbs  = 0, 0
Use ProjFrac = 0, 0
DoPaint 0

SUBJECTS_DIR    /out/sourcedata/freesurfer
FREESURFER_HOME /opt/freesurfer
Loading source label.
Found 5747 points in source label.
Starting surface-based mapping
Reading source registration 
 /out/sourcedata/freesurfer/fsaverage/surf/rh.sphere.reg
Rescaling ...  original radius = 100
Reading target surface 
 /out/sourcedata/freesurfer/sub-v2s10x28989_ses-1/surf/rh.white
Reading target registration 
 /out/sourcedata/freesurfer/sub-v2s10x28989_ses-1/surf/rh.sphere.reg
Rescaling ...  original radius = 100
Building target registration hash (res=16).
Building source registration hash (res=16).
INFO: found  5747 nlabel points
Performing mapping from target back to the source label 147777
Number of reverse mapping hits = 132
Checking for and removing duplicates
Writing label file ./rh.BA4a_exvivo.label 5879
mri_label2label: Done


 mri_label2label --srcsubject fsaverage --srclabel /out/sourcedata/freesurfer/fsaverage/label/rh.BA4p_exvivo.label --trgsubject sub-v2s10x28989_ses-1 --trglabel ./rh.BA4p_exvivo.label --hemi rh --regmethod surface 


srclabel = /out/sourcedata/freesurfer/fsaverage/label/rh.BA4p_exvivo.label
srcsubject = fsaverage
trgsubject = sub-v2s10x28989_ses-1
trglabel = ./rh.BA4p_exvivo.label
regmethod = surface

srchemi = rh
trghemi = rh
trgsurface = white
srcsurfreg = sphere.reg
trgsurfreg = sphere.reg
usehash = 1
Use ProjAbs  = 0, 0
Use ProjFrac = 0, 0
DoPaint 0

SUBJECTS_DIR    /out/sourcedata/freesurfer
FREESURFER_HOME /opt/freesurfer
Loading source label.
Found 4473 points in source label.
Starting surface-based mapping
Reading source registration 
 /out/sourcedata/freesurfer/fsaverage/surf/rh.sphere.reg
Rescaling ...  original radius = 100
Reading target surface 
 /out/sourcedata/freesurfer/sub-v2s10x28989_ses-1/surf/rh.white
Reading target registration 
 /out/sourcedata/freesurfer/sub-v2s10x28989_ses-1/surf/rh.sphere.reg
Rescaling ...  original radius = 100
Building target registration hash (res=16).
Building source registration hash (res=16).
INFO: found  4473 nlabel points
Performing mapping from target back to the source label 147777
Number of reverse mapping hits = 84
Checking for and removing duplicates
Writing label file ./rh.BA4p_exvivo.label 4557
mri_label2label: Done


 mri_label2label --srcsubject fsaverage --srclabel /out/sourcedata/freesurfer/fsaverage/label/rh.BA6_exvivo.label --trgsubject sub-v2s10x28989_ses-1 --trglabel ./rh.BA6_exvivo.label --hemi rh --regmethod surface 


srclabel = /out/sourcedata/freesurfer/fsaverage/label/rh.BA6_exvivo.label
srcsubject = fsaverage
trgsubject = sub-v2s10x28989_ses-1
trglabel = ./rh.BA6_exvivo.label
regmethod = surface

srchemi = rh
trghemi = rh
trgsurface = white
srcsurfreg = sphere.reg
trgsurfreg = sphere.reg
usehash = 1
Use ProjAbs  = 0, 0
Use ProjFrac = 0, 0
DoPaint 0

SUBJECTS_DIR    /out/sourcedata/freesurfer
FREESURFER_HOME /opt/freesurfer
Loading source label.
Found 12256 points in source label.
Starting surface-based mapping
Reading source registration 
 /out/sourcedata/freesurfer/fsaverage/surf/rh.sphere.reg
Rescaling ...  original radius = 100
Reading target surface 
 /out/sourcedata/freesurfer/sub-v2s10x28989_ses-1/surf/rh.white
Reading target registration 
 /out/sourcedata/freesurfer/sub-v2s10x28989_ses-1/surf/rh.sphere.reg
Rescaling ...  original radius = 100
Building target registration hash (res=16).
Building source registration hash (res=16).
INFO: found  12256 nlabel points
Performing mapping from target back to the source label 147777
Number of reverse mapping hits = 551
Checking for and removing duplicates
Writing label file ./rh.BA6_exvivo.label 12807
mri_label2label: Done


 mri_label2label --srcsubject fsaverage --srclabel /out/sourcedata/freesurfer/fsaverage/label/rh.BA44_exvivo.label --trgsubject sub-v2s10x28989_ses-1 --trglabel ./rh.BA44_exvivo.label --hemi rh --regmethod surface 


srclabel = /out/sourcedata/freesurfer/fsaverage/label/rh.BA44_exvivo.label
srcsubject = fsaverage
trgsubject = sub-v2s10x28989_ses-1
trglabel = ./rh.BA44_exvivo.label
regmethod = surface

srchemi = rh
trghemi = rh
trgsurface = white
srcsurfreg = sphere.reg
trgsurfreg = sphere.reg
usehash = 1
Use ProjAbs  = 0, 0
Use ProjFrac = 0, 0
DoPaint 0

SUBJECTS_DIR    /out/sourcedata/freesurfer
FREESURFER_HOME /opt/freesurfer
Loading source label.
Found 6912 points in source label.
Starting surface-based mapping
Reading source registration 
 /out/sourcedata/freesurfer/fsaverage/surf/rh.sphere.reg
Rescaling ...  original radius = 100
Reading target surface 
 /out/sourcedata/freesurfer/sub-v2s10x28989_ses-1/surf/rh.white
Reading target registration 
 /out/sourcedata/freesurfer/sub-v2s10x28989_ses-1/surf/rh.sphere.reg
Rescaling ...  original radius = 100
Building target registration hash (res=16).
Building source registration hash (res=16).
INFO: found  6912 nlabel points
Performing mapping from target back to the source label 147777
Number of reverse mapping hits = 682
Checking for and removing duplicates
Writing label file ./rh.BA44_exvivo.label 7594
mri_label2label: Done


 mri_label2label --srcsubject fsaverage --srclabel /out/sourcedata/freesurfer/fsaverage/label/rh.BA45_exvivo.label --trgsubject sub-v2s10x28989_ses-1 --trglabel ./rh.BA45_exvivo.label --hemi rh --regmethod surface 


srclabel = /out/sourcedata/freesurfer/fsaverage/label/rh.BA45_exvivo.label
srcsubject = fsaverage
trgsubject = sub-v2s10x28989_ses-1
trglabel = ./rh.BA45_exvivo.label
regmethod = surface

srchemi = rh
trghemi = rh
trgsurface = white
srcsurfreg = sphere.reg
trgsurfreg = sphere.reg
usehash = 1
Use ProjAbs  = 0, 0
Use ProjFrac = 0, 0
DoPaint 0

SUBJECTS_DIR    /out/sourcedata/freesurfer
FREESURFER_HOME /opt/freesurfer
Loading source label.
Found 5355 points in source label.
Starting surface-based mapping
Reading source registration 
 /out/sourcedata/freesurfer/fsaverage/surf/rh.sphere.reg
Rescaling ...  original radius = 100
Reading target surface 
 /out/sourcedata/freesurfer/sub-v2s10x28989_ses-1/surf/rh.white
Reading target registration 
 /out/sourcedata/freesurfer/sub-v2s10x28989_ses-1/surf/rh.sphere.reg
Rescaling ...  original radius = 100
Building target registration hash (res=16).
Building source registration hash (res=16).
INFO: found  5355 nlabel points
Performing mapping from target back to the source label 147777
Number of reverse mapping hits = 747
Checking for and removing duplicates
Writing label file ./rh.BA45_exvivo.label 6102
mri_label2label: Done


 mri_label2label --srcsubject fsaverage --srclabel /out/sourcedata/freesurfer/fsaverage/label/rh.V1_exvivo.label --trgsubject sub-v2s10x28989_ses-1 --trglabel ./rh.V1_exvivo.label --hemi rh --regmethod surface 


srclabel = /out/sourcedata/freesurfer/fsaverage/label/rh.V1_exvivo.label
srcsubject = fsaverage
trgsubject = sub-v2s10x28989_ses-1
trglabel = ./rh.V1_exvivo.label
regmethod = surface

srchemi = rh
trghemi = rh
trgsurface = white
srcsurfreg = sphere.reg
trgsurfreg = sphere.reg
usehash = 1
Use ProjAbs  = 0, 0
Use ProjFrac = 0, 0
DoPaint 0

SUBJECTS_DIR    /out/sourcedata/freesurfer
FREESURFER_HOME /opt/freesurfer
Loading source label.
Found 4727 points in source label.
Starting surface-based mapping
Reading source registration 
 /out/sourcedata/freesurfer/fsaverage/surf/rh.sphere.reg
Rescaling ...  original radius = 100
Reading target surface 
 /out/sourcedata/freesurfer/sub-v2s10x28989_ses-1/surf/rh.white
Reading target registration 
 /out/sourcedata/freesurfer/sub-v2s10x28989_ses-1/surf/rh.sphere.reg
Rescaling ...  original radius = 100
Building target registration hash (res=16).
Building source registration hash (res=16).
INFO: found  4727 nlabel points
Performing mapping from target back to the source label 147777
Number of reverse mapping hits = 1777
Checking for and removing duplicates
Writing label file ./rh.V1_exvivo.label 6504
mri_label2label: Done


 mri_label2label --srcsubject fsaverage --srclabel /out/sourcedata/freesurfer/fsaverage/label/rh.V2_exvivo.label --trgsubject sub-v2s10x28989_ses-1 --trglabel ./rh.V2_exvivo.label --hemi rh --regmethod surface 


srclabel = /out/sourcedata/freesurfer/fsaverage/label/rh.V2_exvivo.label
srcsubject = fsaverage
trgsubject = sub-v2s10x28989_ses-1
trglabel = ./rh.V2_exvivo.label
regmethod = surface

srchemi = rh
trghemi = rh
trgsurface = white
srcsurfreg = sphere.reg
trgsurfreg = sphere.reg
usehash = 1
Use ProjAbs  = 0, 0
Use ProjFrac = 0, 0
DoPaint 0

SUBJECTS_DIR    /out/sourcedata/freesurfer
FREESURFER_HOME /opt/freesurfer
Loading source label.
Found 8016 points in source label.
Starting surface-based mapping
Reading source registration 
 /out/sourcedata/freesurfer/fsaverage/surf/rh.sphere.reg
Rescaling ...  original radius = 100
Reading target surface 
 /out/sourcedata/freesurfer/sub-v2s10x28989_ses-1/surf/rh.white
Reading target registration 
 /out/sourcedata/freesurfer/sub-v2s10x28989_ses-1/surf/rh.sphere.reg
Rescaling ...  original radius = 100
Building target registration hash (res=16).
Building source registration hash (res=16).
INFO: found  8016 nlabel points
Performing mapping from target back to the source label 147777
Number of reverse mapping hits = 2578
Checking for and removing duplicates
Writing label file ./rh.V2_exvivo.label 10594
mri_label2label: Done


 mri_label2label --srcsubject fsaverage --srclabel /out/sourcedata/freesurfer/fsaverage/label/rh.MT_exvivo.label --trgsubject sub-v2s10x28989_ses-1 --trglabel ./rh.MT_exvivo.label --hemi rh --regmethod surface 


srclabel = /out/sourcedata/freesurfer/fsaverage/label/rh.MT_exvivo.label
srcsubject = fsaverage
trgsubject = sub-v2s10x28989_ses-1
trglabel = ./rh.MT_exvivo.label
regmethod = surface

srchemi = rh
trghemi = rh
trgsurface = white
srcsurfreg = sphere.reg
trgsurfreg = sphere.reg
usehash = 1
Use ProjAbs  = 0, 0
Use ProjFrac = 0, 0
DoPaint 0

SUBJECTS_DIR    /out/sourcedata/freesurfer
FREESURFER_HOME /opt/freesurfer
Loading source label.
Found 1932 points in source label.
Starting surface-based mapping
Reading source registration 
 /out/sourcedata/freesurfer/fsaverage/surf/rh.sphere.reg
Rescaling ...  original radius = 100
Reading target surface 
 /out/sourcedata/freesurfer/sub-v2s10x28989_ses-1/surf/rh.white
Reading target registration 
 /out/sourcedata/freesurfer/sub-v2s10x28989_ses-1/surf/rh.sphere.reg
Rescaling ...  original radius = 100
Building target registration hash (res=16).
Building source registration hash (res=16).
INFO: found  1932 nlabel points
Performing mapping from target back to the source label 147777
Number of reverse mapping hits = 661
Checking for and removing duplicates
Writing label file ./rh.MT_exvivo.label 2593
mri_label2label: Done


 mri_label2label --srcsubject fsaverage --srclabel /out/sourcedata/freesurfer/fsaverage/label/rh.entorhinal_exvivo.label --trgsubject sub-v2s10x28989_ses-1 --trglabel ./rh.entorhinal_exvivo.label --hemi rh --regmethod surface 


srclabel = /out/sourcedata/freesurfer/fsaverage/label/rh.entorhinal_exvivo.label
srcsubject = fsaverage
trgsubject = sub-v2s10x28989_ses-1
trglabel = ./rh.entorhinal_exvivo.label
regmethod = surface

srchemi = rh
trghemi = rh
trgsurface = white
srcsurfreg = sphere.reg
trgsurfreg = sphere.reg
usehash = 1
Use ProjAbs  = 0, 0
Use ProjFrac = 0, 0
DoPaint 0

SUBJECTS_DIR    /out/sourcedata/freesurfer
FREESURFER_HOME /opt/freesurfer
Loading source label.
Found 1038 points in source label.
Starting surface-based mapping
Reading source registration 
 /out/sourcedata/freesurfer/fsaverage/surf/rh.sphere.reg
Rescaling ...  original radius = 100
Reading target surface 
 /out/sourcedata/freesurfer/sub-v2s10x28989_ses-1/surf/rh.white
Reading target registration 
 /out/sourcedata/freesurfer/sub-v2s10x28989_ses-1/surf/rh.sphere.reg
Rescaling ...  original radius = 100
Building target registration hash (res=16).
Building source registration hash (res=16).
INFO: found  1038 nlabel points
Performing mapping from target back to the source label 147777
Number of reverse mapping hits = 215
Checking for and removing duplicates
Writing label file ./rh.entorhinal_exvivo.label 1253
mri_label2label: Done


 mri_label2label --srcsubject fsaverage --srclabel /out/sourcedata/freesurfer/fsaverage/label/rh.perirhinal_exvivo.label --trgsubject sub-v2s10x28989_ses-1 --trglabel ./rh.perirhinal_exvivo.label --hemi rh --regmethod surface 


srclabel = /out/sourcedata/freesurfer/fsaverage/label/rh.perirhinal_exvivo.label
srcsubject = fsaverage
trgsubject = sub-v2s10x28989_ses-1
trglabel = ./rh.perirhinal_exvivo.label
regmethod = surface

srchemi = rh
trghemi = rh
trgsurface = white
srcsurfreg = sphere.reg
trgsurfreg = sphere.reg
usehash = 1
Use ProjAbs  = 0, 0
Use ProjFrac = 0, 0
DoPaint 0

SUBJECTS_DIR    /out/sourcedata/freesurfer
FREESURFER_HOME /opt/freesurfer
Loading source label.
Found 752 points in source label.
Starting surface-based mapping
Reading source registration 
 /out/sourcedata/freesurfer/fsaverage/surf/rh.sphere.reg
Rescaling ...  original radius = 100
Reading target surface 
 /out/sourcedata/freesurfer/sub-v2s10x28989_ses-1/surf/rh.white
Reading target registration 
 /out/sourcedata/freesurfer/sub-v2s10x28989_ses-1/surf/rh.sphere.reg
Rescaling ...  original radius = 100
Building target registration hash (res=16).
Building source registration hash (res=16).
INFO: found  752 nlabel points
Performing mapping from target back to the source label 147777
Number of reverse mapping hits = 114
Checking for and removing duplicates
Writing label file ./rh.perirhinal_exvivo.label 866
mri_label2label: Done


 mri_label2label --srcsubject fsaverage --srclabel /out/sourcedata/freesurfer/fsaverage/label/rh.FG1.mpm.vpnl.label --trgsubject sub-v2s10x28989_ses-1 --trglabel ./rh.FG1.mpm.vpnl.label --hemi rh --regmethod surface 


srclabel = /out/sourcedata/freesurfer/fsaverage/label/rh.FG1.mpm.vpnl.label
srcsubject = fsaverage
trgsubject = sub-v2s10x28989_ses-1
trglabel = ./rh.FG1.mpm.vpnl.label
regmethod = surface

srchemi = rh
trghemi = rh
trgsurface = white
srcsurfreg = sphere.reg
trgsurfreg = sphere.reg
usehash = 1
Use ProjAbs  = 0, 0
Use ProjFrac = 0, 0
DoPaint 0

SUBJECTS_DIR    /out/sourcedata/freesurfer
FREESURFER_HOME /opt/freesurfer
Loading source label.
Found 541 points in source label.
Starting surface-based mapping
Reading source registration 
 /out/sourcedata/freesurfer/fsaverage/surf/rh.sphere.reg
Rescaling ...  original radius = 100
Reading target surface 
 /out/sourcedata/freesurfer/sub-v2s10x28989_ses-1/surf/rh.white
Reading target registration 
 /out/sourcedata/freesurfer/sub-v2s10x28989_ses-1/surf/rh.sphere.reg
Rescaling ...  original radius = 100
Building target registration hash (res=16).
Building source registration hash (res=16).
INFO: found  541 nlabel points
Performing mapping from target back to the source label 147777
Number of reverse mapping hits = 175
Checking for and removing duplicates
Writing label file ./rh.FG1.mpm.vpnl.label 716
mri_label2label: Done


 mri_label2label --srcsubject fsaverage --srclabel /out/sourcedata/freesurfer/fsaverage/label/rh.FG2.mpm.vpnl.label --trgsubject sub-v2s10x28989_ses-1 --trglabel ./rh.FG2.mpm.vpnl.label --hemi rh --regmethod surface 


srclabel = /out/sourcedata/freesurfer/fsaverage/label/rh.FG2.mpm.vpnl.label
srcsubject = fsaverage
trgsubject = sub-v2s10x28989_ses-1
trglabel = ./rh.FG2.mpm.vpnl.label
regmethod = surface

srchemi = rh
trghemi = rh
trgsurface = white
srcsurfreg = sphere.reg
trgsurfreg = sphere.reg
usehash = 1
Use ProjAbs  = 0, 0
Use ProjFrac = 0, 0
DoPaint 0

SUBJECTS_DIR    /out/sourcedata/freesurfer
FREESURFER_HOME /opt/freesurfer
Loading source label.
Found 721 points in source label.
Starting surface-based mapping
Reading source registration 
 /out/sourcedata/freesurfer/fsaverage/surf/rh.sphere.reg
Rescaling ...  original radius = 100
Reading target surface 
 /out/sourcedata/freesurfer/sub-v2s10x28989_ses-1/surf/rh.white
Reading target registration 
 /out/sourcedata/freesurfer/sub-v2s10x28989_ses-1/surf/rh.sphere.reg
Rescaling ...  original radius = 100
Building target registration hash (res=16).
Building source registration hash (res=16).
INFO: found  721 nlabel points
Performing mapping from target back to the source label 147777
Number of reverse mapping hits = 272
Checking for and removing duplicates
Writing label file ./rh.FG2.mpm.vpnl.label 993
mri_label2label: Done


 mri_label2label --srcsubject fsaverage --srclabel /out/sourcedata/freesurfer/fsaverage/label/rh.FG3.mpm.vpnl.label --trgsubject sub-v2s10x28989_ses-1 --trglabel ./rh.FG3.mpm.vpnl.label --hemi rh --regmethod surface 


srclabel = /out/sourcedata/freesurfer/fsaverage/label/rh.FG3.mpm.vpnl.label
srcsubject = fsaverage
trgsubject = sub-v2s10x28989_ses-1
trglabel = ./rh.FG3.mpm.vpnl.label
regmethod = surface

srchemi = rh
trghemi = rh
trgsurface = white
srcsurfreg = sphere.reg
trgsurfreg = sphere.reg
usehash = 1
Use ProjAbs  = 0, 0
Use ProjFrac = 0, 0
DoPaint 0

SUBJECTS_DIR    /out/sourcedata/freesurfer
FREESURFER_HOME /opt/freesurfer
Loading source label.
Found 1523 points in source label.
Starting surface-based mapping
Reading source registration 
 /out/sourcedata/freesurfer/fsaverage/surf/rh.sphere.reg
Rescaling ...  original radius = 100
Reading target surface 
 /out/sourcedata/freesurfer/sub-v2s10x28989_ses-1/surf/rh.white
Reading target registration 
 /out/sourcedata/freesurfer/sub-v2s10x28989_ses-1/surf/rh.sphere.reg
Rescaling ...  original radius = 100
Building target registration hash (res=16).
Building source registration hash (res=16).
INFO: found  1523 nlabel points
Performing mapping from target back to the source label 147777
Number of reverse mapping hits = 205
Checking for and removing duplicates
Writing label file ./rh.FG3.mpm.vpnl.label 1728
mri_label2label: Done


 mri_label2label --srcsubject fsaverage --srclabel /out/sourcedata/freesurfer/fsaverage/label/rh.FG4.mpm.vpnl.label --trgsubject sub-v2s10x28989_ses-1 --trglabel ./rh.FG4.mpm.vpnl.label --hemi rh --regmethod surface 


srclabel = /out/sourcedata/freesurfer/fsaverage/label/rh.FG4.mpm.vpnl.label
srcsubject = fsaverage
trgsubject = sub-v2s10x28989_ses-1
trglabel = ./rh.FG4.mpm.vpnl.label
regmethod = surface

srchemi = rh
trghemi = rh
trgsurface = white
srcsurfreg = sphere.reg
trgsurfreg = sphere.reg
usehash = 1
Use ProjAbs  = 0, 0
Use ProjFrac = 0, 0
DoPaint 0

SUBJECTS_DIR    /out/sourcedata/freesurfer
FREESURFER_HOME /opt/freesurfer
Loading source label.
Found 1586 points in source label.
Starting surface-based mapping
Reading source registration 
 /out/sourcedata/freesurfer/fsaverage/surf/rh.sphere.reg
Rescaling ...  original radius = 100
Reading target surface 
 /out/sourcedata/freesurfer/sub-v2s10x28989_ses-1/surf/rh.white
Reading target registration 
 /out/sourcedata/freesurfer/sub-v2s10x28989_ses-1/surf/rh.sphere.reg
Rescaling ...  original radius = 100
Building target registration hash (res=16).
Building source registration hash (res=16).
INFO: found  1586 nlabel points
Performing mapping from target back to the source label 147777
Number of reverse mapping hits = 585
Checking for and removing duplicates
Writing label file ./rh.FG4.mpm.vpnl.label 2171
mri_label2label: Done


 mri_label2label --srcsubject fsaverage --srclabel /out/sourcedata/freesurfer/fsaverage/label/rh.hOc1.mpm.vpnl.label --trgsubject sub-v2s10x28989_ses-1 --trglabel ./rh.hOc1.mpm.vpnl.label --hemi rh --regmethod surface 


srclabel = /out/sourcedata/freesurfer/fsaverage/label/rh.hOc1.mpm.vpnl.label
srcsubject = fsaverage
trgsubject = sub-v2s10x28989_ses-1
trglabel = ./rh.hOc1.mpm.vpnl.label
regmethod = surface

srchemi = rh
trghemi = rh
trgsurface = white
srcsurfreg = sphere.reg
trgsurfreg = sphere.reg
usehash = 1
Use ProjAbs  = 0, 0
Use ProjFrac = 0, 0
DoPaint 0

SUBJECTS_DIR    /out/sourcedata/freesurfer
FREESURFER_HOME /opt/freesurfer
Loading source label.
Found 3667 points in source label.
Starting surface-based mapping
Reading source registration 
 /out/sourcedata/freesurfer/fsaverage/surf/rh.sphere.reg
Rescaling ...  original radius = 100
Reading target surface 
 /out/sourcedata/freesurfer/sub-v2s10x28989_ses-1/surf/rh.white
Reading target registration 
 /out/sourcedata/freesurfer/sub-v2s10x28989_ses-1/surf/rh.sphere.reg
Rescaling ...  original radius = 100
Building target registration hash (res=16).
Building source registration hash (res=16).
INFO: found  3667 nlabel points
Performing mapping from target back to the source label 147777
Number of reverse mapping hits = 1399
Checking for and removing duplicates
Writing label file ./rh.hOc1.mpm.vpnl.label 5066
mri_label2label: Done


 mri_label2label --srcsubject fsaverage --srclabel /out/sourcedata/freesurfer/fsaverage/label/rh.hOc2.mpm.vpnl.label --trgsubject sub-v2s10x28989_ses-1 --trglabel ./rh.hOc2.mpm.vpnl.label --hemi rh --regmethod surface 


srclabel = /out/sourcedata/freesurfer/fsaverage/label/rh.hOc2.mpm.vpnl.label
srcsubject = fsaverage
trgsubject = sub-v2s10x28989_ses-1
trglabel = ./rh.hOc2.mpm.vpnl.label
regmethod = surface

srchemi = rh
trghemi = rh
trgsurface = white
srcsurfreg = sphere.reg
trgsurfreg = sphere.reg
usehash = 1
Use ProjAbs  = 0, 0
Use ProjFrac = 0, 0
DoPaint 0

SUBJECTS_DIR    /out/sourcedata/freesurfer
FREESURFER_HOME /opt/freesurfer
Loading source label.
Found 2719 points in source label.
Starting surface-based mapping
Reading source registration 
 /out/sourcedata/freesurfer/fsaverage/surf/rh.sphere.reg
Rescaling ...  original radius = 100
Reading target surface 
 /out/sourcedata/freesurfer/sub-v2s10x28989_ses-1/surf/rh.white
Reading target registration 
 /out/sourcedata/freesurfer/sub-v2s10x28989_ses-1/surf/rh.sphere.reg
Rescaling ...  original radius = 100
Building target registration hash (res=16).
Building source registration hash (res=16).
INFO: found  2719 nlabel points
Performing mapping from target back to the source label 147777
Number of reverse mapping hits = 973
Checking for and removing duplicates
Writing label file ./rh.hOc2.mpm.vpnl.label 3692
mri_label2label: Done


 mri_label2label --srcsubject fsaverage --srclabel /out/sourcedata/freesurfer/fsaverage/label/rh.hOc3v.mpm.vpnl.label --trgsubject sub-v2s10x28989_ses-1 --trglabel ./rh.hOc3v.mpm.vpnl.label --hemi rh --regmethod surface 


srclabel = /out/sourcedata/freesurfer/fsaverage/label/rh.hOc3v.mpm.vpnl.label
srcsubject = fsaverage
trgsubject = sub-v2s10x28989_ses-1
trglabel = ./rh.hOc3v.mpm.vpnl.label
regmethod = surface

srchemi = rh
trghemi = rh
trgsurface = white
srcsurfreg = sphere.reg
trgsurfreg = sphere.reg
usehash = 1
Use ProjAbs  = 0, 0
Use ProjFrac = 0, 0
DoPaint 0

SUBJECTS_DIR    /out/sourcedata/freesurfer
FREESURFER_HOME /opt/freesurfer
Loading source label.
Found 1228 points in source label.
Starting surface-based mapping
Reading source registration 
 /out/sourcedata/freesurfer/fsaverage/surf/rh.sphere.reg
Rescaling ...  original radius = 100
Reading target surface 
 /out/sourcedata/freesurfer/sub-v2s10x28989_ses-1/surf/rh.white
Reading target registration 
 /out/sourcedata/freesurfer/sub-v2s10x28989_ses-1/surf/rh.sphere.reg
Rescaling ...  original radius = 100
Building target registration hash (res=16).
Building source registration hash (res=16).
INFO: found  1228 nlabel points
Performing mapping from target back to the source label 147777
Number of reverse mapping hits = 465
Checking for and removing duplicates
Writing label file ./rh.hOc3v.mpm.vpnl.label 1693
mri_label2label: Done


 mri_label2label --srcsubject fsaverage --srclabel /out/sourcedata/freesurfer/fsaverage/label/rh.hOc4v.mpm.vpnl.label --trgsubject sub-v2s10x28989_ses-1 --trglabel ./rh.hOc4v.mpm.vpnl.label --hemi rh --regmethod surface 


srclabel = /out/sourcedata/freesurfer/fsaverage/label/rh.hOc4v.mpm.vpnl.label
srcsubject = fsaverage
trgsubject = sub-v2s10x28989_ses-1
trglabel = ./rh.hOc4v.mpm.vpnl.label
regmethod = surface

srchemi = rh
trghemi = rh
trgsurface = white
srcsurfreg = sphere.reg
trgsurfreg = sphere.reg
usehash = 1
Use ProjAbs  = 0, 0
Use ProjFrac = 0, 0
DoPaint 0

SUBJECTS_DIR    /out/sourcedata/freesurfer
FREESURFER_HOME /opt/freesurfer
Loading source label.
Found 1025 points in source label.
Starting surface-based mapping
Reading source registration 
 /out/sourcedata/freesurfer/fsaverage/surf/rh.sphere.reg
Rescaling ...  original radius = 100
Reading target surface 
 /out/sourcedata/freesurfer/sub-v2s10x28989_ses-1/surf/rh.white
Reading target registration 
 /out/sourcedata/freesurfer/sub-v2s10x28989_ses-1/surf/rh.sphere.reg
Rescaling ...  original radius = 100
Building target registration hash (res=16).
Building source registration hash (res=16).
INFO: found  1025 nlabel points
Performing mapping from target back to the source label 147777
Number of reverse mapping hits = 298
Checking for and removing duplicates
Writing label file ./rh.hOc4v.mpm.vpnl.label 1323
mri_label2label: Done


 mris_label2annot --s sub-v2s10x28989_ses-1 --ctab /opt/freesurfer/average/colortable_vpnl.txt --hemi rh --a mpm.vpnl --maxstatwinner --noverbose --l rh.FG1.mpm.vpnl.label --l rh.FG2.mpm.vpnl.label --l rh.FG3.mpm.vpnl.label --l rh.FG4.mpm.vpnl.label --l rh.hOc1.mpm.vpnl.label --l rh.hOc2.mpm.vpnl.label --l rh.hOc3v.mpm.vpnl.label --l rh.hOc4v.mpm.vpnl.label 

Reading ctab /opt/freesurfer/average/colortable_vpnl.txt
Number of ctab entries 9

7.3.2
cwd /out/sourcedata/freesurfer/sub-v2s10x28989_ses-1/label
cmdline mris_label2annot --s sub-v2s10x28989_ses-1 --ctab /opt/freesurfer/average/colortable_vpnl.txt --hemi rh --a mpm.vpnl --maxstatwinner --noverbose --l rh.FG1.mpm.vpnl.label --l rh.FG2.mpm.vpnl.label --l rh.FG3.mpm.vpnl.label --l rh.FG4.mpm.vpnl.label --l rh.hOc1.mpm.vpnl.label --l rh.hOc2.mpm.vpnl.label --l rh.hOc3v.mpm.vpnl.label --l rh.hOc4v.mpm.vpnl.label 
sysname  Linux
hostname dna058
machine  x86_64
user     oesteban

subject sub-v2s10x28989_ses-1
hemi    rh
SUBJECTS_DIR /out/sourcedata/freesurfer
ColorTable /opt/freesurfer/average/colortable_vpnl.txt
AnnotName  mpm.vpnl
nlables 8
LabelThresh 0 0.000000
Loading /out/sourcedata/freesurfer/sub-v2s10x28989_ses-1/surf/rh.orig
 1 1376057 FG1
 2 16711935 FG2
 3 16711680 FG3
 4 1705837 FG4
 5 25600 hOc1
 6 255 hOc2
 7 16776960 hOc3v
 8 65535 hOc4v
Mapping unhit to unknown
Found 131205 unhit vertices
Writing annot to /out/sourcedata/freesurfer/sub-v2s10x28989_ses-1/label/rh.mpm.vpnl.annot

 mri_label2label --srcsubject fsaverage --srclabel /out/sourcedata/freesurfer/fsaverage/label/rh.BA1_exvivo.thresh.label --trgsubject sub-v2s10x28989_ses-1 --trglabel ./rh.BA1_exvivo.thresh.label --hemi rh --regmethod surface 


srclabel = /out/sourcedata/freesurfer/fsaverage/label/rh.BA1_exvivo.thresh.label
srcsubject = fsaverage
trgsubject = sub-v2s10x28989_ses-1
trglabel = ./rh.BA1_exvivo.thresh.label
regmethod = surface

srchemi = rh
trghemi = rh
trgsurface = white
srcsurfreg = sphere.reg
trgsurfreg = sphere.reg
usehash = 1
Use ProjAbs  = 0, 0
Use ProjFrac = 0, 0
DoPaint 0

SUBJECTS_DIR    /out/sourcedata/freesurfer
FREESURFER_HOME /opt/freesurfer
Loading source label.
Found 876 points in source label.
Starting surface-based mapping
Reading source registration 
 /out/sourcedata/freesurfer/fsaverage/surf/rh.sphere.reg
Rescaling ...  original radius = 100
Reading target surface 
 /out/sourcedata/freesurfer/sub-v2s10x28989_ses-1/surf/rh.white
Reading target registration 
 /out/sourcedata/freesurfer/sub-v2s10x28989_ses-1/surf/rh.sphere.reg
Rescaling ...  original radius = 100
Building target registration hash (res=16).
Building source registration hash (res=16).
INFO: found  876 nlabel points
Performing mapping from target back to the source label 147777
Number of reverse mapping hits = 39
Checking for and removing duplicates
Writing label file ./rh.BA1_exvivo.thresh.label 915
mri_label2label: Done


 mri_label2label --srcsubject fsaverage --srclabel /out/sourcedata/freesurfer/fsaverage/label/rh.BA2_exvivo.thresh.label --trgsubject sub-v2s10x28989_ses-1 --trglabel ./rh.BA2_exvivo.thresh.label --hemi rh --regmethod surface 


srclabel = /out/sourcedata/freesurfer/fsaverage/label/rh.BA2_exvivo.thresh.label
srcsubject = fsaverage
trgsubject = sub-v2s10x28989_ses-1
trglabel = ./rh.BA2_exvivo.thresh.label
regmethod = surface

srchemi = rh
trghemi = rh
trgsurface = white
srcsurfreg = sphere.reg
trgsurfreg = sphere.reg
usehash = 1
Use ProjAbs  = 0, 0
Use ProjFrac = 0, 0
DoPaint 0

SUBJECTS_DIR    /out/sourcedata/freesurfer
FREESURFER_HOME /opt/freesurfer
Loading source label.
Found 2688 points in source label.
Starting surface-based mapping
Reading source registration 
 /out/sourcedata/freesurfer/fsaverage/surf/rh.sphere.reg
Rescaling ...  original radius = 100
Reading target surface 
 /out/sourcedata/freesurfer/sub-v2s10x28989_ses-1/surf/rh.white
Reading target registration 
 /out/sourcedata/freesurfer/sub-v2s10x28989_ses-1/surf/rh.sphere.reg
Rescaling ...  original radius = 100
Building target registration hash (res=16).
Building source registration hash (res=16).
INFO: found  2688 nlabel points
Performing mapping from target back to the source label 147777
Number of reverse mapping hits = 31
Checking for and removing duplicates
Writing label file ./rh.BA2_exvivo.thresh.label 2719
mri_label2label: Done


 mri_label2label --srcsubject fsaverage --srclabel /out/sourcedata/freesurfer/fsaverage/label/rh.BA3a_exvivo.thresh.label --trgsubject sub-v2s10x28989_ses-1 --trglabel ./rh.BA3a_exvivo.thresh.label --hemi rh --regmethod surface 


srclabel = /out/sourcedata/freesurfer/fsaverage/label/rh.BA3a_exvivo.thresh.label
srcsubject = fsaverage
trgsubject = sub-v2s10x28989_ses-1
trglabel = ./rh.BA3a_exvivo.thresh.label
regmethod = surface

srchemi = rh
trghemi = rh
trgsurface = white
srcsurfreg = sphere.reg
trgsurfreg = sphere.reg
usehash = 1
Use ProjAbs  = 0, 0
Use ProjFrac = 0, 0
DoPaint 0

SUBJECTS_DIR    /out/sourcedata/freesurfer
FREESURFER_HOME /opt/freesurfer
Loading source label.
Found 1698 points in source label.
Starting surface-based mapping
Reading source registration 
 /out/sourcedata/freesurfer/fsaverage/surf/rh.sphere.reg
Rescaling ...  original radius = 100
Reading target surface 
 /out/sourcedata/freesurfer/sub-v2s10x28989_ses-1/surf/rh.white
Reading target registration 
 /out/sourcedata/freesurfer/sub-v2s10x28989_ses-1/surf/rh.sphere.reg
Rescaling ...  original radius = 100
Building target registration hash (res=16).
Building source registration hash (res=16).
INFO: found  1698 nlabel points
Performing mapping from target back to the source label 147777
Number of reverse mapping hits = 6
Checking for and removing duplicates
Writing label file ./rh.BA3a_exvivo.thresh.label 1704
mri_label2label: Done


 mri_label2label --srcsubject fsaverage --srclabel /out/sourcedata/freesurfer/fsaverage/label/rh.BA3b_exvivo.thresh.label --trgsubject sub-v2s10x28989_ses-1 --trglabel ./rh.BA3b_exvivo.thresh.label --hemi rh --regmethod surface 


srclabel = /out/sourcedata/freesurfer/fsaverage/label/rh.BA3b_exvivo.thresh.label
srcsubject = fsaverage
trgsubject = sub-v2s10x28989_ses-1
trglabel = ./rh.BA3b_exvivo.thresh.label
regmethod = surface

srchemi = rh
trghemi = rh
trgsurface = white
srcsurfreg = sphere.reg
trgsurfreg = sphere.reg
usehash = 1
Use ProjAbs  = 0, 0
Use ProjFrac = 0, 0
DoPaint 0

SUBJECTS_DIR    /out/sourcedata/freesurfer
FREESURFER_HOME /opt/freesurfer
Loading source label.
Found 2183 points in source label.
Starting surface-based mapping
Reading source registration 
 /out/sourcedata/freesurfer/fsaverage/surf/rh.sphere.reg
Rescaling ...  original radius = 100
Reading target surface 
 /out/sourcedata/freesurfer/sub-v2s10x28989_ses-1/surf/rh.white
Reading target registration 
 /out/sourcedata/freesurfer/sub-v2s10x28989_ses-1/surf/rh.sphere.reg
Rescaling ...  original radius = 100
Building target registration hash (res=16).
Building source registration hash (res=16).
INFO: found  2183 nlabel points
Performing mapping from target back to the source label 147777
Number of reverse mapping hits = 38
Checking for and removing duplicates
Writing label file ./rh.BA3b_exvivo.thresh.label 2221
mri_label2label: Done


 mri_label2label --srcsubject fsaverage --srclabel /out/sourcedata/freesurfer/fsaverage/label/rh.BA4a_exvivo.thresh.label --trgsubject sub-v2s10x28989_ses-1 --trglabel ./rh.BA4a_exvivo.thresh.label --hemi rh --regmethod surface 


srclabel = /out/sourcedata/freesurfer/fsaverage/label/rh.BA4a_exvivo.thresh.label
srcsubject = fsaverage
trgsubject = sub-v2s10x28989_ses-1
trglabel = ./rh.BA4a_exvivo.thresh.label
regmethod = surface

srchemi = rh
trghemi = rh
trgsurface = white
srcsurfreg = sphere.reg
trgsurfreg = sphere.reg
usehash = 1
Use ProjAbs  = 0, 0
Use ProjFrac = 0, 0
DoPaint 0

SUBJECTS_DIR    /out/sourcedata/freesurfer
FREESURFER_HOME /opt/freesurfer
Loading source label.
Found 1388 points in source label.
Starting surface-based mapping
Reading source registration 
 /out/sourcedata/freesurfer/fsaverage/surf/rh.sphere.reg
Rescaling ...  original radius = 100
Reading target surface 
 /out/sourcedata/freesurfer/sub-v2s10x28989_ses-1/surf/rh.white
Reading target registration 
 /out/sourcedata/freesurfer/sub-v2s10x28989_ses-1/surf/rh.sphere.reg
Rescaling ...  original radius = 100
Building target registration hash (res=16).
Building source registration hash (res=16).
INFO: found  1388 nlabel points
Performing mapping from target back to the source label 147777
Number of reverse mapping hits = 32
Checking for and removing duplicates
Writing label file ./rh.BA4a_exvivo.thresh.label 1420
mri_label2label: Done


 mri_label2label --srcsubject fsaverage --srclabel /out/sourcedata/freesurfer/fsaverage/label/rh.BA4p_exvivo.thresh.label --trgsubject sub-v2s10x28989_ses-1 --trglabel ./rh.BA4p_exvivo.thresh.label --hemi rh --regmethod surface 


srclabel = /out/sourcedata/freesurfer/fsaverage/label/rh.BA4p_exvivo.thresh.label
srcsubject = fsaverage
trgsubject = sub-v2s10x28989_ses-1
trglabel = ./rh.BA4p_exvivo.thresh.label
regmethod = surface

srchemi = rh
trghemi = rh
trgsurface = white
srcsurfreg = sphere.reg
trgsurfreg = sphere.reg
usehash = 1
Use ProjAbs  = 0, 0
Use ProjFrac = 0, 0
DoPaint 0

SUBJECTS_DIR    /out/sourcedata/freesurfer
FREESURFER_HOME /opt/freesurfer
Loading source label.
Found 1489 points in source label.
Starting surface-based mapping
Reading source registration 
 /out/sourcedata/freesurfer/fsaverage/surf/rh.sphere.reg
Rescaling ...  original radius = 100
Reading target surface 
 /out/sourcedata/freesurfer/sub-v2s10x28989_ses-1/surf/rh.white
Reading target registration 
 /out/sourcedata/freesurfer/sub-v2s10x28989_ses-1/surf/rh.sphere.reg
Rescaling ...  original radius = 100
Building target registration hash (res=16).
Building source registration hash (res=16).
INFO: found  1489 nlabel points
Performing mapping from target back to the source label 147777
Number of reverse mapping hits = 6
Checking for and removing duplicates
Writing label file ./rh.BA4p_exvivo.thresh.label 1495
mri_label2label: Done


 mri_label2label --srcsubject fsaverage --srclabel /out/sourcedata/freesurfer/fsaverage/label/rh.BA6_exvivo.thresh.label --trgsubject sub-v2s10x28989_ses-1 --trglabel ./rh.BA6_exvivo.thresh.label --hemi rh --regmethod surface 


srclabel = /out/sourcedata/freesurfer/fsaverage/label/rh.BA6_exvivo.thresh.label
srcsubject = fsaverage
trgsubject = sub-v2s10x28989_ses-1
trglabel = ./rh.BA6_exvivo.thresh.label
regmethod = surface

srchemi = rh
trghemi = rh
trgsurface = white
srcsurfreg = sphere.reg
trgsurfreg = sphere.reg
usehash = 1
Use ProjAbs  = 0, 0
Use ProjFrac = 0, 0
DoPaint 0

SUBJECTS_DIR    /out/sourcedata/freesurfer
FREESURFER_HOME /opt/freesurfer
Loading source label.
Found 6959 points in source label.
Starting surface-based mapping
Reading source registration 
 /out/sourcedata/freesurfer/fsaverage/surf/rh.sphere.reg
Rescaling ...  original radius = 100
Reading target surface 
 /out/sourcedata/freesurfer/sub-v2s10x28989_ses-1/surf/rh.white
Reading target registration 
 /out/sourcedata/freesurfer/sub-v2s10x28989_ses-1/surf/rh.sphere.reg
Rescaling ...  original radius = 100
Building target registration hash (res=16).
Building source registration hash (res=16).
INFO: found  6959 nlabel points
Performing mapping from target back to the source label 147777
Number of reverse mapping hits = 229
Checking for and removing duplicates
Writing label file ./rh.BA6_exvivo.thresh.label 7188
mri_label2label: Done


 mri_label2label --srcsubject fsaverage --srclabel /out/sourcedata/freesurfer/fsaverage/label/rh.BA44_exvivo.thresh.label --trgsubject sub-v2s10x28989_ses-1 --trglabel ./rh.BA44_exvivo.thresh.label --hemi rh --regmethod surface 


srclabel = /out/sourcedata/freesurfer/fsaverage/label/rh.BA44_exvivo.thresh.label
srcsubject = fsaverage
trgsubject = sub-v2s10x28989_ses-1
trglabel = ./rh.BA44_exvivo.thresh.label
regmethod = surface

srchemi = rh
trghemi = rh
trgsurface = white
srcsurfreg = sphere.reg
trgsurfreg = sphere.reg
usehash = 1
Use ProjAbs  = 0, 0
Use ProjFrac = 0, 0
DoPaint 0

SUBJECTS_DIR    /out/sourcedata/freesurfer
FREESURFER_HOME /opt/freesurfer
Loading source label.
Found 1012 points in source label.
Starting surface-based mapping
Reading source registration 
 /out/sourcedata/freesurfer/fsaverage/surf/rh.sphere.reg
Rescaling ...  original radius = 100
Reading target surface 
 /out/sourcedata/freesurfer/sub-v2s10x28989_ses-1/surf/rh.white
Reading target registration 
 /out/sourcedata/freesurfer/sub-v2s10x28989_ses-1/surf/rh.sphere.reg
Rescaling ...  original radius = 100
Building target registration hash (res=16).
Building source registration hash (res=16).
INFO: found  1012 nlabel points
Performing mapping from target back to the source label 147777
Number of reverse mapping hits = 108
Checking for and removing duplicates
Writing label file ./rh.BA44_exvivo.thresh.label 1120
mri_label2label: Done


 mri_label2label --srcsubject fsaverage --srclabel /out/sourcedata/freesurfer/fsaverage/label/rh.BA45_exvivo.thresh.label --trgsubject sub-v2s10x28989_ses-1 --trglabel ./rh.BA45_exvivo.thresh.label --hemi rh --regmethod surface 


srclabel = /out/sourcedata/freesurfer/fsaverage/label/rh.BA45_exvivo.thresh.label
srcsubject = fsaverage
trgsubject = sub-v2s10x28989_ses-1
trglabel = ./rh.BA45_exvivo.thresh.label
regmethod = surface

srchemi = rh
trghemi = rh
trgsurface = white
srcsurfreg = sphere.reg
trgsurfreg = sphere.reg
usehash = 1
Use ProjAbs  = 0, 0
Use ProjFrac = 0, 0
DoPaint 0

SUBJECTS_DIR    /out/sourcedata/freesurfer
FREESURFER_HOME /opt/freesurfer
Loading source label.
Found 1178 points in source label.
Starting surface-based mapping
Reading source registration 
 /out/sourcedata/freesurfer/fsaverage/surf/rh.sphere.reg
Rescaling ...  original radius = 100
Reading target surface 
 /out/sourcedata/freesurfer/sub-v2s10x28989_ses-1/surf/rh.white
Reading target registration 
 /out/sourcedata/freesurfer/sub-v2s10x28989_ses-1/surf/rh.sphere.reg
Rescaling ...  original radius = 100
Building target registration hash (res=16).
Building source registration hash (res=16).
INFO: found  1178 nlabel points
Performing mapping from target back to the source label 147777
Number of reverse mapping hits = 86
Checking for and removing duplicates
Writing label file ./rh.BA45_exvivo.thresh.label 1264
mri_label2label: Done


 mri_label2label --srcsubject fsaverage --srclabel /out/sourcedata/freesurfer/fsaverage/label/rh.V1_exvivo.thresh.label --trgsubject sub-v2s10x28989_ses-1 --trglabel ./rh.V1_exvivo.thresh.label --hemi rh --regmethod surface 


srclabel = /out/sourcedata/freesurfer/fsaverage/label/rh.V1_exvivo.thresh.label
srcsubject = fsaverage
trgsubject = sub-v2s10x28989_ses-1
trglabel = ./rh.V1_exvivo.thresh.label
regmethod = surface

srchemi = rh
trghemi = rh
trgsurface = white
srcsurfreg = sphere.reg
trgsurfreg = sphere.reg
usehash = 1
Use ProjAbs  = 0, 0
Use ProjFrac = 0, 0
DoPaint 0

SUBJECTS_DIR    /out/sourcedata/freesurfer
FREESURFER_HOME /opt/freesurfer
Loading source label.
Found 3232 points in source label.
Starting surface-based mapping
Reading source registration 
 /out/sourcedata/freesurfer/fsaverage/surf/rh.sphere.reg
Rescaling ...  original radius = 100
Reading target surface 
 /out/sourcedata/freesurfer/sub-v2s10x28989_ses-1/surf/rh.white
Reading target registration 
 /out/sourcedata/freesurfer/sub-v2s10x28989_ses-1/surf/rh.sphere.reg
Rescaling ...  original radius = 100
Building target registration hash (res=16).
Building source registration hash (res=16).
INFO: found  3232 nlabel points
Performing mapping from target back to the source label 147777
Number of reverse mapping hits = 1270
Checking for and removing duplicates
Writing label file ./rh.V1_exvivo.thresh.label 4502
mri_label2label: Done


 mri_label2label --srcsubject fsaverage --srclabel /out/sourcedata/freesurfer/fsaverage/label/rh.V2_exvivo.thresh.label --trgsubject sub-v2s10x28989_ses-1 --trglabel ./rh.V2_exvivo.thresh.label --hemi rh --regmethod surface 


srclabel = /out/sourcedata/freesurfer/fsaverage/label/rh.V2_exvivo.thresh.label
srcsubject = fsaverage
trgsubject = sub-v2s10x28989_ses-1
trglabel = ./rh.V2_exvivo.thresh.label
regmethod = surface

srchemi = rh
trghemi = rh
trgsurface = white
srcsurfreg = sphere.reg
trgsurfreg = sphere.reg
usehash = 1
Use ProjAbs  = 0, 0
Use ProjFrac = 0, 0
DoPaint 0

SUBJECTS_DIR    /out/sourcedata/freesurfer
FREESURFER_HOME /opt/freesurfer
Loading source label.
Found 3437 points in source label.
Starting surface-based mapping
Reading source registration 
 /out/sourcedata/freesurfer/fsaverage/surf/rh.sphere.reg
Rescaling ...  original radius = 100
Reading target surface 
 /out/sourcedata/freesurfer/sub-v2s10x28989_ses-1/surf/rh.white
Reading target registration 
 /out/sourcedata/freesurfer/sub-v2s10x28989_ses-1/surf/rh.sphere.reg
Rescaling ...  original radius = 100
Building target registration hash (res=16).
Building source registration hash (res=16).
INFO: found  3437 nlabel points
Performing mapping from target back to the source label 147777
Number of reverse mapping hits = 1251
Checking for and removing duplicates
Writing label file ./rh.V2_exvivo.thresh.label 4688
mri_label2label: Done


 mri_label2label --srcsubject fsaverage --srclabel /out/sourcedata/freesurfer/fsaverage/label/rh.MT_exvivo.thresh.label --trgsubject sub-v2s10x28989_ses-1 --trglabel ./rh.MT_exvivo.thresh.label --hemi rh --regmethod surface 


srclabel = /out/sourcedata/freesurfer/fsaverage/label/rh.MT_exvivo.thresh.label
srcsubject = fsaverage
trgsubject = sub-v2s10x28989_ses-1
trglabel = ./rh.MT_exvivo.thresh.label
regmethod = surface

srchemi = rh
trghemi = rh
trgsurface = white
srcsurfreg = sphere.reg
trgsurfreg = sphere.reg
usehash = 1
Use ProjAbs  = 0, 0
Use ProjFrac = 0, 0
DoPaint 0

SUBJECTS_DIR    /out/sourcedata/freesurfer
FREESURFER_HOME /opt/freesurfer
Loading source label.
Found 268 points in source label.
Starting surface-based mapping
Reading source registration 
 /out/sourcedata/freesurfer/fsaverage/surf/rh.sphere.reg
Rescaling ...  original radius = 100
Reading target surface 
 /out/sourcedata/freesurfer/sub-v2s10x28989_ses-1/surf/rh.white
Reading target registration 
 /out/sourcedata/freesurfer/sub-v2s10x28989_ses-1/surf/rh.sphere.reg
Rescaling ...  original radius = 100
Building target registration hash (res=16).
Building source registration hash (res=16).
INFO: found  268 nlabel points
Performing mapping from target back to the source label 147777
Number of reverse mapping hits = 90
Checking for and removing duplicates
Writing label file ./rh.MT_exvivo.thresh.label 358
mri_label2label: Done


 mri_label2label --srcsubject fsaverage --srclabel /out/sourcedata/freesurfer/fsaverage/label/rh.entorhinal_exvivo.thresh.label --trgsubject sub-v2s10x28989_ses-1 --trglabel ./rh.entorhinal_exvivo.thresh.label --hemi rh --regmethod surface 


srclabel = /out/sourcedata/freesurfer/fsaverage/label/rh.entorhinal_exvivo.thresh.label
srcsubject = fsaverage
trgsubject = sub-v2s10x28989_ses-1
trglabel = ./rh.entorhinal_exvivo.thresh.label
regmethod = surface

srchemi = rh
trghemi = rh
trgsurface = white
srcsurfreg = sphere.reg
trgsurfreg = sphere.reg
usehash = 1
Use ProjAbs  = 0, 0
Use ProjFrac = 0, 0
DoPaint 0

SUBJECTS_DIR    /out/sourcedata/freesurfer
FREESURFER_HOME /opt/freesurfer
Loading source label.
Found 694 points in source label.
Starting surface-based mapping
Reading source registration 
 /out/sourcedata/freesurfer/fsaverage/surf/rh.sphere.reg
Rescaling ...  original radius = 100
Reading target surface 
 /out/sourcedata/freesurfer/sub-v2s10x28989_ses-1/surf/rh.white
Reading target registration 
 /out/sourcedata/freesurfer/sub-v2s10x28989_ses-1/surf/rh.sphere.reg
Rescaling ...  original radius = 100
Building target registration hash (res=16).
Building source registration hash (res=16).
INFO: found  694 nlabel points
Performing mapping from target back to the source label 147777
Number of reverse mapping hits = 164
Checking for and removing duplicates
Writing label file ./rh.entorhinal_exvivo.thresh.label 858
mri_label2label: Done


 mri_label2label --srcsubject fsaverage --srclabel /out/sourcedata/freesurfer/fsaverage/label/rh.perirhinal_exvivo.thresh.label --trgsubject sub-v2s10x28989_ses-1 --trglabel ./rh.perirhinal_exvivo.thresh.label --hemi rh --regmethod surface 


srclabel = /out/sourcedata/freesurfer/fsaverage/label/rh.perirhinal_exvivo.thresh.label
srcsubject = fsaverage
trgsubject = sub-v2s10x28989_ses-1
trglabel = ./rh.perirhinal_exvivo.thresh.label
regmethod = surface

srchemi = rh
trghemi = rh
trgsurface = white
srcsurfreg = sphere.reg
trgsurfreg = sphere.reg
usehash = 1
Use ProjAbs  = 0, 0
Use ProjFrac = 0, 0
DoPaint 0

SUBJECTS_DIR    /out/sourcedata/freesurfer
FREESURFER_HOME /opt/freesurfer
Loading source label.
Found 291 points in source label.
Starting surface-based mapping
Reading source registration 
 /out/sourcedata/freesurfer/fsaverage/surf/rh.sphere.reg
Rescaling ...  original radius = 100
Reading target surface 
 /out/sourcedata/freesurfer/sub-v2s10x28989_ses-1/surf/rh.white
Reading target registration 
 /out/sourcedata/freesurfer/sub-v2s10x28989_ses-1/surf/rh.sphere.reg
Rescaling ...  original radius = 100
Building target registration hash (res=16).
Building source registration hash (res=16).
INFO: found  291 nlabel points
Performing mapping from target back to the source label 147777
Number of reverse mapping hits = 45
Checking for and removing duplicates
Writing label file ./rh.perirhinal_exvivo.thresh.label 336
mri_label2label: Done


 mris_label2annot --s sub-v2s10x28989_ses-1 --hemi rh --ctab /opt/freesurfer/average/colortable_BA.txt --l rh.BA1_exvivo.label --l rh.BA2_exvivo.label --l rh.BA3a_exvivo.label --l rh.BA3b_exvivo.label --l rh.BA4a_exvivo.label --l rh.BA4p_exvivo.label --l rh.BA6_exvivo.label --l rh.BA44_exvivo.label --l rh.BA45_exvivo.label --l rh.V1_exvivo.label --l rh.V2_exvivo.label --l rh.MT_exvivo.label --l rh.perirhinal_exvivo.label --l rh.entorhinal_exvivo.label --a BA_exvivo --maxstatwinner --noverbose 

Reading ctab /opt/freesurfer/average/colortable_BA.txt
Number of ctab entries 15

7.3.2
cwd /out/sourcedata/freesurfer/sub-v2s10x28989_ses-1/label
cmdline mris_label2annot --s sub-v2s10x28989_ses-1 --hemi rh --ctab /opt/freesurfer/average/colortable_BA.txt --l rh.BA1_exvivo.label --l rh.BA2_exvivo.label --l rh.BA3a_exvivo.label --l rh.BA3b_exvivo.label --l rh.BA4a_exvivo.label --l rh.BA4p_exvivo.label --l rh.BA6_exvivo.label --l rh.BA44_exvivo.label --l rh.BA45_exvivo.label --l rh.V1_exvivo.label --l rh.V2_exvivo.label --l rh.MT_exvivo.label --l rh.perirhinal_exvivo.label --l rh.entorhinal_exvivo.label --a BA_exvivo --maxstatwinner --noverbose 
sysname  Linux
hostname dna058
machine  x86_64
user     oesteban

subject sub-v2s10x28989_ses-1
hemi    rh
SUBJECTS_DIR /out/sourcedata/freesurfer
ColorTable /opt/freesurfer/average/colortable_BA.txt
AnnotName  BA_exvivo
nlables 14
LabelThresh 0 0.000000
Loading /out/sourcedata/freesurfer/sub-v2s10x28989_ses-1/surf/rh.orig
 1 1530880 BA1_exvivo
 2 16749699 BA2_exvivo
 3 16711680 BA3a_exvivo
 4 3368703 BA3b_exvivo
 5 1376196 BA4a_exvivo
 6 13382655 BA4p_exvivo
 7 10036737 BA6_exvivo
 8 2490521 BA44_exvivo
 9 39283 BA45_exvivo
10 3993 V1_exvivo
11 8508928 V2_exvivo
12 10027163 MT_exvivo
13 16422433 perirhinal_exvivo
14 16392598 entorhinal_exvivo
Mapping unhit to unknown
Found 104320 unhit vertices
Writing annot to /out/sourcedata/freesurfer/sub-v2s10x28989_ses-1/label/rh.BA_exvivo.annot

 mris_label2annot --s sub-v2s10x28989_ses-1 --hemi rh --ctab /opt/freesurfer/average/colortable_BA.txt --l rh.BA1_exvivo.thresh.label --l rh.BA2_exvivo.thresh.label --l rh.BA3a_exvivo.thresh.label --l rh.BA3b_exvivo.thresh.label --l rh.BA4a_exvivo.thresh.label --l rh.BA4p_exvivo.thresh.label --l rh.BA6_exvivo.thresh.label --l rh.BA44_exvivo.thresh.label --l rh.BA45_exvivo.thresh.label --l rh.V1_exvivo.thresh.label --l rh.V2_exvivo.thresh.label --l rh.MT_exvivo.thresh.label --l rh.perirhinal_exvivo.thresh.label --l rh.entorhinal_exvivo.thresh.label --a BA_exvivo.thresh --maxstatwinner --noverbose 

Reading ctab /opt/freesurfer/average/colortable_BA.txt
Number of ctab entries 15

7.3.2
cwd /out/sourcedata/freesurfer/sub-v2s10x28989_ses-1/label
cmdline mris_label2annot --s sub-v2s10x28989_ses-1 --hemi rh --ctab /opt/freesurfer/average/colortable_BA.txt --l rh.BA1_exvivo.thresh.label --l rh.BA2_exvivo.thresh.label --l rh.BA3a_exvivo.thresh.label --l rh.BA3b_exvivo.thresh.label --l rh.BA4a_exvivo.thresh.label --l rh.BA4p_exvivo.thresh.label --l rh.BA6_exvivo.thresh.label --l rh.BA44_exvivo.thresh.label --l rh.BA45_exvivo.thresh.label --l rh.V1_exvivo.thresh.label --l rh.V2_exvivo.thresh.label --l rh.MT_exvivo.thresh.label --l rh.perirhinal_exvivo.thresh.label --l rh.entorhinal_exvivo.thresh.label --a BA_exvivo.thresh --maxstatwinner --noverbose 
sysname  Linux
hostname dna058
machine  x86_64
user     oesteban

subject sub-v2s10x28989_ses-1
hemi    rh
SUBJECTS_DIR /out/sourcedata/freesurfer
ColorTable /opt/freesurfer/average/colortable_BA.txt
AnnotName  BA_exvivo.thresh
nlables 14
LabelThresh 0 0.000000
Loading /out/sourcedata/freesurfer/sub-v2s10x28989_ses-1/surf/rh.orig
 1 1530880 BA1_exvivo
 2 16749699 BA2_exvivo
 3 16711680 BA3a_exvivo
 4 3368703 BA3b_exvivo
 5 1376196 BA4a_exvivo
 6 13382655 BA4p_exvivo
 7 10036737 BA6_exvivo
 8 2490521 BA44_exvivo
 9 39283 BA45_exvivo
10 3993 V1_exvivo
11 8508928 V2_exvivo
12 10027163 MT_exvivo
13 16422433 perirhinal_exvivo
14 16392598 entorhinal_exvivo
Mapping unhit to unknown
Found 123756 unhit vertices
Writing annot to /out/sourcedata/freesurfer/sub-v2s10x28989_ses-1/label/rh.BA_exvivo.thresh.annot

 mris_anatomical_stats -th3 -mgz -noglobal -f ../stats/rh.BA_exvivo.stats -b -a ./rh.BA_exvivo.annot -c ./BA_exvivo.ctab sub-v2s10x28989_ses-1 rh white 

computing statistics for each annotation in ./rh.BA_exvivo.annot.
reading volume /out/sourcedata/freesurfer/sub-v2s10x28989_ses-1/mri/wm.mgz...
reading input surface /out/sourcedata/freesurfer/sub-v2s10x28989_ses-1/surf/rh.white...
reading input pial surface /out/sourcedata/freesurfer/sub-v2s10x28989_ses-1/surf/rh.pial...
reading input white surface /out/sourcedata/freesurfer/sub-v2s10x28989_ses-1/surf/rh.white...
INFO: using TH3 volume calc
INFO: assuming MGZ format for volumes.
INFO: not computing global stats
Using TH3 vertex volume calc
Total face volume 283921
Total vertex volume 283700 (mask=0)
Saving annotation colortable ./BA_exvivo.ctab

table columns are:
    number of vertices
    total surface area (mm^2)
    total gray matter volume (mm^3)
    average cortical thickness +- standard deviation (mm)
    integrated rectified mean curvature
    integrated rectified Gaussian curvature
    folding index
    intrinsic curvature index
    structure name

 1008    627   1730  2.151 0.526     0.121     0.025       12     1.0  BA1_exvivo
 3252   2210   4815  2.169 0.528     0.104     0.018       24     2.6  BA2_exvivo
 1086    723   1089  2.002 0.451     0.126     0.026        9     1.0  BA3a_exvivo
 2063   1335   2543  1.738 0.528     0.097     0.017       14     1.6  BA3b_exvivo
 1564    990   2905  2.594 0.421     0.104     0.017       11     1.3  BA4a_exvivo
 1174    783   1930  2.511 0.444     0.088     0.014        5     0.7  BA4p_exvivo
 8297   5763  18618  2.692 0.639     0.111     0.022       78     7.1  BA6_exvivo
 4136   2866   8860  2.837 0.585     0.107     0.020       38     3.2  BA44_exvivo
 4208   3213  10648  2.645 0.706     0.136     0.030       66     5.2  BA45_exvivo
 4543   3178   6128  1.926 0.591     0.128     0.027       44     5.1  V1_exvivo
 8422   6015  13395  2.134 0.580     0.143     0.032      112    11.3  V2_exvivo
 2476   1715   4739  2.572 0.474     0.112     0.020       22     2.2  MT_exvivo
  454    340   1737  3.704 0.752     0.149     0.034        7     0.6  perirhinal_exvivo
  774    501   1746  2.713 1.474     0.132     0.043       18     1.4  entorhinal_exvivo

 mris_anatomical_stats -th3 -mgz -f ../stats/rh.BA_exvivo.thresh.stats -noglobal -b -a ./rh.BA_exvivo.thresh.annot -c ./BA_exvivo.thresh.ctab sub-v2s10x28989_ses-1 rh white 

computing statistics for each annotation in ./rh.BA_exvivo.thresh.annot.
reading volume /out/sourcedata/freesurfer/sub-v2s10x28989_ses-1/mri/wm.mgz...
reading input surface /out/sourcedata/freesurfer/sub-v2s10x28989_ses-1/surf/rh.white...
reading input pial surface /out/sourcedata/freesurfer/sub-v2s10x28989_ses-1/surf/rh.pial...
reading input white surface /out/sourcedata/freesurfer/sub-v2s10x28989_ses-1/surf/rh.white...
INFO: using TH3 volume calc
INFO: assuming MGZ format for volumes.
INFO: not computing global stats
Using TH3 vertex volume calc
Total face volume 283921
Total vertex volume 283700 (mask=0)
Saving annotation colortable ./BA_exvivo.thresh.ctab

table columns are:
    number of vertices
    total surface area (mm^2)
    total gray matter volume (mm^3)
    average cortical thickness +- standard deviation (mm)
    integrated rectified mean curvature
    integrated rectified Gaussian curvature
    folding index
    intrinsic curvature index
    structure name

  678    429   1092  1.984 0.488     0.122     0.026        8     0.8  BA1_exvivo
 1806   1224   2704  2.094 0.505     0.101     0.015       14     1.3  BA2_exvivo
  936    626    857  1.976 0.423     0.128     0.025        7     0.9  BA3a_exvivo
 1563   1028   1673  1.585 0.410     0.080     0.011        6     0.8  BA3b_exvivo
  982    639   1944  2.659 0.470     0.117     0.021        8     0.9  BA4a_exvivo
  931    622   1492  2.492 0.463     0.084     0.014        4     0.5  BA4p_exvivo
 5118   3544  11565  2.694 0.616     0.111     0.021       48     4.4  BA6_exvivo
  939    656   2168  2.915 0.501     0.119     0.023       11     0.9  BA44_exvivo
 1037    880   3503  2.982 0.631     0.154     0.032       19     1.4  BA45_exvivo
 4366   3031   5785  1.939 0.602     0.125     0.027       42     4.9  V1_exvivo
 4513   3260   6481  1.927 0.563     0.152     0.034       64     6.8  V2_exvivo
  350    245    735  2.673 0.478     0.131     0.024        3     0.4  MT_exvivo
   45     31    166  3.379 0.707     0.146     0.026        1     0.0  perirhinal_exvivo
  757    497   1767  2.857 1.340     0.125     0.038       16     1.2  entorhinal_exvivo

Started at Sun Mar 15 10:47:28 CET 2026 
Ended   at Sun Mar 15 10:50:37 CET 2026
#@#%# recon-all-run-time-hours 0.052
recon-all -s sub-v2s10x28989_ses-1 finished without error at Sun Mar 15 10:50:37 CET 2026
