
Sun Mar 15 09:39:46 CET 2026
cd /out/sourcedata/freesurfer/sub-v2s10x28969_ses-1
setenv SUBJECTS_DIR /out/sourcedata/freesurfer
/opt/freesurfer/bin/recon-all -autorecon-hemi rh -noparcstats -noparcstats2 -noparcstats3 -nohyporelabel -nobalabels -rh-only -openmp 16 -subjid sub-v2s10x28969_ses-1 -sd /out/sourcedata/freesurfer

subjid sub-v2s10x28969_ses-1
setenv SUBJECTS_DIR /out/sourcedata/freesurfer
FREESURFER_HOME /opt/freesurfer
Actual FREESURFER_HOME /opt/freesurfer
build-stamp.txt: freesurfer-linux-ubuntu22_x86_64-7.3.2-20220804-6354275
Linux dna088 5.14.0-427.37.1.el9_4.x86_64 #1 SMP PREEMPT_DYNAMIC Fri Sep 13 12:41:50 EDT 2024 x86_64 x86_64 x86_64 GNU/Linux
cputime      unlimited
filesize     unlimited
datasize     unlimited
stacksize    8192 kbytes
coredumpsize 0 kbytes
memoryuse    67108864 kbytes
vmemoryuse   unlimited
descriptors  1024 
memorylocked unlimited
maxproc      2061970 
maxlocks     unlimited
maxsignal    2062029 
maxmessage   819200 
maxnice      0 
maxrtprio    0 
maxrttime    unlimited

               total        used        free      shared  buff/cache   available
Mem:           503Gi        57Gi       102Gi        20Gi       342Gi       421Gi
Swap:             0B          0B          0B

########################################
program versions used
7.3.2 (freesurfer-linux-ubuntu22_x86_64-7.3.2-20220804-6354275)
7.3.2

ProgramName: lta_convert  ProgramArguments: lta_convert -all-info  ProgramVersion: 7.3.2  TimeStamp: 2026/03/15-08:39:46-GMT  BuildTime: Aug  4 2022 06:17:15  BuildStamp: freesurfer-linux-ubuntu22_x86_64-7.3.2-20220804-6354275  User: oesteban  Machine: dna088  Platform: Linux  PlatformVersion: 5.14.0-427.37.1.el9_4.x86_64  CompilerName: GCC  CompilerVersion: 8.4.0
ProgramName: mri_and  ProgramArguments: mri_and -all-info  ProgramVersion: 7.3.2  TimeStamp: 2026/03/15-08:39:46-GMT  BuildTime: Aug  4 2022 06:17:15  BuildStamp: freesurfer-linux-ubuntu22_x86_64-7.3.2-20220804-6354275  User: oesteban  Machine: dna088  Platform: Linux  PlatformVersion: 5.14.0-427.37.1.el9_4.x86_64  CompilerName: GCC  CompilerVersion: 8.4.0
ProgramName: mri_annotation2label  ProgramArguments: mri_annotation2label -all-info  ProgramVersion: 7.3.2  TimeStamp: 2026/03/15-08:39:46-GMT  BuildTime: Aug  4 2022 06:17:15  BuildStamp: freesurfer-linux-ubuntu22_x86_64-7.3.2-20220804-6354275  User: oesteban  Machine: dna088  Platform: Linux  PlatformVersion: 5.14.0-427.37.1.el9_4.x86_64  CompilerName: GCC  CompilerVersion: 8.4.0
ProgramName: mri_aparc2aseg  ProgramArguments: mri_aparc2aseg -all-info  ProgramVersion: 7.3.2  TimeStamp: 2026/03/15-08:39:46-GMT  BuildTime: Aug  4 2022 06:17:15  BuildStamp: freesurfer-linux-ubuntu22_x86_64-7.3.2-20220804-6354275  User: oesteban  Machine: dna088  Platform: Linux  PlatformVersion: 5.14.0-427.37.1.el9_4.x86_64  CompilerName: GCC  CompilerVersion: 8.4.0
ProgramName: mri_surf2volseg  ProgramArguments: mri_surf2volseg -all-info  ProgramVersion: 7.3.2  TimeStamp: 2026/03/15-08:39:46-GMT  BuildTime: Aug  4 2022 06:17:15  BuildStamp: freesurfer-linux-ubuntu22_x86_64-7.3.2-20220804-6354275  User: oesteban  Machine: dna088  Platform: Linux  PlatformVersion: 5.14.0-427.37.1.el9_4.x86_64  CompilerName: GCC  CompilerVersion: 8.4.0
ProgramName: mri_binarize  ProgramArguments: mri_binarize -all-info  ProgramVersion: 7.3.2  TimeStamp: 2026/03/15-08:39:46-GMT  BuildTime: Aug  4 2022 06:17:15  BuildStamp: freesurfer-linux-ubuntu22_x86_64-7.3.2-20220804-6354275  User: oesteban  Machine: dna088  Platform: Linux  PlatformVersion: 5.14.0-427.37.1.el9_4.x86_64  CompilerName: GCC  CompilerVersion: 8.4.0
ProgramName: mri_ca_label  ProgramArguments: mri_ca_label -all-info  ProgramVersion: 7.3.2  TimeStamp: 2026/03/15-08:39:46-GMT  BuildTime: Aug  4 2022 06:17:15  BuildStamp: freesurfer-linux-ubuntu22_x86_64-7.3.2-20220804-6354275  User: oesteban  Machine: dna088  Platform: Linux  PlatformVersion: 5.14.0-427.37.1.el9_4.x86_64  CompilerName: GCC  CompilerVersion: 8.4.0
ProgramName: mri_ca_normalize  ProgramArguments: mri_ca_normalize -all-info  ProgramVersion: 7.3.2  TimeStamp: 2026/03/15-08:39:46-GMT  BuildTime: Aug  4 2022 06:17:15  BuildStamp: freesurfer-linux-ubuntu22_x86_64-7.3.2-20220804-6354275  User: oesteban  Machine: dna088  Platform: Linux  PlatformVersion: 5.14.0-427.37.1.el9_4.x86_64  CompilerName: GCC  CompilerVersion: 8.4.0
ProgramName: mri_ca_register  ProgramArguments: mri_ca_register -all-info  ProgramVersion: 7.3.2  TimeStamp: 2026/03/15-08:39:46-GMT  BuildTime: Aug  4 2022 06:17:15  BuildStamp: freesurfer-linux-ubuntu22_x86_64-7.3.2-20220804-6354275  User: oesteban  Machine: dna088  Platform: Linux  PlatformVersion: 5.14.0-427.37.1.el9_4.x86_64  CompilerName: GCC  CompilerVersion: 8.4.0
ProgramName: mri_cc  ProgramArguments: mri_cc -all-info  ProgramVersion: 7.3.2  TimeStamp: 2026/03/15-08:39:46-GMT  BuildTime: Aug  4 2022 06:17:15  BuildStamp: freesurfer-linux-ubuntu22_x86_64-7.3.2-20220804-6354275  User: oesteban  Machine: dna088  Platform: Linux  PlatformVersion: 5.14.0-427.37.1.el9_4.x86_64  CompilerName: GCC  CompilerVersion: 8.4.0
ProgramName: mri_compute_overlap  ProgramArguments: mri_compute_overlap -all-info  ProgramVersion: 7.3.2  TimeStamp: 2026/03/15-08:39:46-GMT  BuildTime: Aug  4 2022 06:17:15  BuildStamp: freesurfer-linux-ubuntu22_x86_64-7.3.2-20220804-6354275  User: oesteban  Machine: dna088  Platform: Linux  PlatformVersion: 5.14.0-427.37.1.el9_4.x86_64  CompilerName: GCC  CompilerVersion: 8.4.0
ProgramName: mri_compute_seg_overlap  ProgramArguments: mri_compute_seg_overlap -all-info  ProgramVersion: 7.3.2  TimeStamp: 2026/03/15-08:39:46-GMT  BuildTime: Aug  4 2022 06:17:15  BuildStamp: freesurfer-linux-ubuntu22_x86_64-7.3.2-20220804-6354275  User: oesteban  Machine: dna088  Platform: Linux  PlatformVersion: 5.14.0-427.37.1.el9_4.x86_64  CompilerName: GCC  CompilerVersion: 8.4.0
ProgramName: mri_concat  ProgramArguments: mri_concat -all-info  ProgramVersion: 7.3.2  TimeStamp: 2026/03/15-08:39:46-GMT  BuildTime: Aug  4 2022 06:17:15  BuildStamp: freesurfer-linux-ubuntu22_x86_64-7.3.2-20220804-6354275  User: oesteban  Machine: dna088  Platform: Linux  PlatformVersion: 5.14.0-427.37.1.el9_4.x86_64  CompilerName: GCC  CompilerVersion: 8.4.0
ProgramName: mri_concatenate_lta  ProgramArguments: mri_concatenate_lta -all-info  ProgramVersion: 7.3.2  TimeStamp: 2026/03/15-08:39:46-GMT  BuildTime: Aug  4 2022 06:17:15  BuildStamp: freesurfer-linux-ubuntu22_x86_64-7.3.2-20220804-6354275  User: oesteban  Machine: dna088  Platform: Linux  PlatformVersion: 5.14.0-427.37.1.el9_4.x86_64  CompilerName: GCC  CompilerVersion: 8.4.0
mri_convert -all-info 
ProgramName: mri_convert  ProgramArguments: mri_convert -all-info  ProgramVersion: 7.3.2  TimeStamp: 2026/03/15-08:39:46-GMT  BuildTime: Aug  4 2022 06:17:15  BuildStamp: freesurfer-linux-ubuntu22_x86_64-7.3.2-20220804-6354275  User: oesteban  Machine: dna088  Platform: Linux  PlatformVersion: 5.14.0-427.37.1.el9_4.x86_64  CompilerName: GCC  CompilerVersion: 8.4.0
ProgramName: mri_diff  ProgramArguments: mri_diff -all-info  ProgramVersion: 7.3.2  TimeStamp: 2026/03/15-08:39:46-GMT  BuildTime: Aug  4 2022 06:17:15  BuildStamp: freesurfer-linux-ubuntu22_x86_64-7.3.2-20220804-6354275  User: oesteban  Machine: dna088  Platform: Linux  PlatformVersion: 5.14.0-427.37.1.el9_4.x86_64  CompilerName: GCC  CompilerVersion: 8.4.0
ProgramName: mri_edit_wm_with_aseg  ProgramArguments: mri_edit_wm_with_aseg -all-info  ProgramVersion: 7.3.2  TimeStamp: 2026/03/15-08:39:46-GMT  BuildTime: Aug  4 2022 06:17:15  BuildStamp: freesurfer-linux-ubuntu22_x86_64-7.3.2-20220804-6354275  User: oesteban  Machine: dna088  Platform: Linux  PlatformVersion: 5.14.0-427.37.1.el9_4.x86_64  CompilerName: GCC  CompilerVersion: 8.4.0
ProgramName: mri_em_register  ProgramArguments: mri_em_register -all-info  ProgramVersion: 7.3.2  TimeStamp: 2026/03/15-08:39:46-GMT  BuildTime: Aug  4 2022 06:17:15  BuildStamp: freesurfer-linux-ubuntu22_x86_64-7.3.2-20220804-6354275  User: oesteban  Machine: dna088  Platform: Linux  PlatformVersion: 5.14.0-427.37.1.el9_4.x86_64  CompilerName: GCC  CompilerVersion: 8.4.0
ProgramName: mri_fill  ProgramArguments: mri_fill -all-info  ProgramVersion: 7.3.2  TimeStamp: 2026/03/15-08:39:46-GMT  BuildTime: Aug  4 2022 06:17:15  BuildStamp: freesurfer-linux-ubuntu22_x86_64-7.3.2-20220804-6354275  User: oesteban  Machine: dna088  Platform: Linux  PlatformVersion: 5.14.0-427.37.1.el9_4.x86_64  CompilerName: GCC  CompilerVersion: 8.4.0
ProgramName: mri_fuse_segmentations  ProgramArguments: mri_fuse_segmentations -all-info  ProgramVersion: 7.3.2  TimeStamp: 2026/03/15-08:39:46-GMT  BuildTime: Aug  4 2022 06:17:15  BuildStamp: freesurfer-linux-ubuntu22_x86_64-7.3.2-20220804-6354275  User: oesteban  Machine: dna088  Platform: Linux  PlatformVersion: 5.14.0-427.37.1.el9_4.x86_64  CompilerName: GCC  CompilerVersion: 8.4.0
ProgramName: mri_fwhm  ProgramArguments: mri_fwhm -all-info  ProgramVersion: 7.3.2  TimeStamp: 2026/03/15-08:39:46-GMT  BuildTime: Aug  4 2022 06:17:15  BuildStamp: freesurfer-linux-ubuntu22_x86_64-7.3.2-20220804-6354275  User: oesteban  Machine: dna088  Platform: Linux  PlatformVersion: 5.14.0-427.37.1.el9_4.x86_64  CompilerName: GCC  CompilerVersion: 8.4.0
ProgramName: mri_gcut  ProgramArguments: mri_gcut -all-info  ProgramVersion: 7.3.2  TimeStamp: 2026/03/15-08:39:46-GMT  BuildTime: Aug  4 2022 06:17:15  BuildStamp: freesurfer-linux-ubuntu22_x86_64-7.3.2-20220804-6354275  User: oesteban  Machine: dna088  Platform: Linux  PlatformVersion: 5.14.0-427.37.1.el9_4.x86_64  CompilerName: GCC  CompilerVersion: 8.4.0
ProgramName: mri_info  ProgramArguments: mri_info -all-info  ProgramVersion: 7.3.2  TimeStamp: 2026/03/15-08:39:46-GMT  BuildTime: Aug  4 2022 06:17:15  BuildStamp: freesurfer-linux-ubuntu22_x86_64-7.3.2-20220804-6354275  User: oesteban  Machine: dna088  Platform: Linux  PlatformVersion: 5.14.0-427.37.1.el9_4.x86_64  CompilerName: GCC  CompilerVersion: 8.4.0
ProgramName: mri_label2label  ProgramArguments: mri_label2label -all-info  ProgramVersion: 7.3.2  TimeStamp: 2026/03/15-08:39:46-GMT  BuildTime: Aug  4 2022 06:17:15  BuildStamp: freesurfer-linux-ubuntu22_x86_64-7.3.2-20220804-6354275  User: oesteban  Machine: dna088  Platform: Linux  PlatformVersion: 5.14.0-427.37.1.el9_4.x86_64  CompilerName: GCC  CompilerVersion: 8.4.0
ProgramName: mri_label2vol  ProgramArguments: mri_label2vol -all-info  ProgramVersion: 7.3.2  TimeStamp: 2026/03/15-08:39:46-GMT  BuildTime: Aug  4 2022 06:17:15  BuildStamp: freesurfer-linux-ubuntu22_x86_64-7.3.2-20220804-6354275  User: oesteban  Machine: dna088  Platform: Linux  PlatformVersion: 5.14.0-427.37.1.el9_4.x86_64  CompilerName: GCC  CompilerVersion: 8.4.0
ProgramName: mri_log_likelihood  ProgramArguments: mri_log_likelihood -all-info  ProgramVersion: 7.3.2  TimeStamp: 2026/03/15-08:39:46-GMT  BuildTime: Aug  4 2022 06:17:15  BuildStamp: freesurfer-linux-ubuntu22_x86_64-7.3.2-20220804-6354275  User: oesteban  Machine: dna088  Platform: Linux  PlatformVersion: 5.14.0-427.37.1.el9_4.x86_64  CompilerName: GCC  CompilerVersion: 8.4.0
ProgramName: mri_mask  ProgramArguments: mri_mask -all-info  ProgramVersion: 7.3.2  TimeStamp: 2026/03/15-08:39:46-GMT  BuildTime: Aug  4 2022 06:17:15  BuildStamp: freesurfer-linux-ubuntu22_x86_64-7.3.2-20220804-6354275  User: oesteban  Machine: dna088  Platform: Linux  PlatformVersion: 5.14.0-427.37.1.el9_4.x86_64  CompilerName: GCC  CompilerVersion: 8.4.0
ProgramName: mri_matrix_multiply  ProgramArguments: mri_matrix_multiply -all-info  ProgramVersion: 7.3.2  TimeStamp: 2026/03/15-08:39:46-GMT  BuildTime: Aug  4 2022 06:17:15  BuildStamp: freesurfer-linux-ubuntu22_x86_64-7.3.2-20220804-6354275  User: oesteban  Machine: dna088  Platform: Linux  PlatformVersion: 5.14.0-427.37.1.el9_4.x86_64  CompilerName: GCC  CompilerVersion: 8.4.0
ProgramName: mri_normalize  ProgramArguments: mri_normalize -all-info  ProgramVersion: 7.3.2  TimeStamp: 2026/03/15-08:39:46-GMT  BuildTime: Aug  4 2022 06:17:15  BuildStamp: freesurfer-linux-ubuntu22_x86_64-7.3.2-20220804-6354275  User: oesteban  Machine: dna088  Platform: Linux  PlatformVersion: 5.14.0-427.37.1.el9_4.x86_64  CompilerName: GCC  CompilerVersion: 8.4.0
ProgramName: mri_normalize_tp2  ProgramArguments: mri_normalize_tp2 -all-info  ProgramVersion: 7.3.2  TimeStamp: 2026/03/15-08:39:46-GMT  BuildTime: Aug  4 2022 06:17:15  BuildStamp: freesurfer-linux-ubuntu22_x86_64-7.3.2-20220804-6354275  User: oesteban  Machine: dna088  Platform: Linux  PlatformVersion: 5.14.0-427.37.1.el9_4.x86_64  CompilerName: GCC  CompilerVersion: 8.4.0
ProgramName: mri_or  ProgramArguments: mri_or -all-info  ProgramVersion: 7.3.2  TimeStamp: 2026/03/15-08:39:46-GMT  BuildTime: Aug  4 2022 06:17:15  BuildStamp: freesurfer-linux-ubuntu22_x86_64-7.3.2-20220804-6354275  User: oesteban  Machine: dna088  Platform: Linux  PlatformVersion: 5.14.0-427.37.1.el9_4.x86_64  CompilerName: GCC  CompilerVersion: 8.4.0
ProgramName: mri_relabel_hypointensities  ProgramArguments: mri_relabel_hypointensities -all-info  ProgramVersion: 7.3.2  TimeStamp: 2026/03/15-08:39:46-GMT  BuildTime: Aug  4 2022 06:17:15  BuildStamp: freesurfer-linux-ubuntu22_x86_64-7.3.2-20220804-6354275  User: oesteban  Machine: dna088  Platform: Linux  PlatformVersion: 5.14.0-427.37.1.el9_4.x86_64  CompilerName: GCC  CompilerVersion: 8.4.0
ProgramName: mri_relabel_nonwm_hypos  ProgramArguments: mri_relabel_nonwm_hypos -all-info  ProgramVersion: 7.3.2  TimeStamp: 2026/03/15-08:39:46-GMT  BuildTime: Aug  4 2022 06:17:15  BuildStamp: freesurfer-linux-ubuntu22_x86_64-7.3.2-20220804-6354275  User: oesteban  Machine: dna088  Platform: Linux  PlatformVersion: 5.14.0-427.37.1.el9_4.x86_64  CompilerName: GCC  CompilerVersion: 8.4.0
ProgramName: mri_remove_neck  ProgramArguments: mri_remove_neck -all-info  ProgramVersion: 7.3.2  TimeStamp: 2026/03/15-08:39:46-GMT  BuildTime: Aug  4 2022 06:17:15  BuildStamp: freesurfer-linux-ubuntu22_x86_64-7.3.2-20220804-6354275  User: oesteban  Machine: dna088  Platform: Linux  PlatformVersion: 5.14.0-427.37.1.el9_4.x86_64  CompilerName: GCC  CompilerVersion: 8.4.0
7.3.2

ProgramName: mri_robust_register  ProgramArguments: mri_robust_register -all-info  ProgramVersion: 7.3.2  TimeStamp: 2026/03/15-08:39:46-GMT  BuildTime: Aug  4 2022 06:17:15  BuildStamp: freesurfer-linux-ubuntu22_x86_64-7.3.2-20220804-6354275  User: oesteban  Machine: dna088  Platform: Linux  PlatformVersion: 5.14.0-427.37.1.el9_4.x86_64  CompilerName: GCC  CompilerVersion: 8.4.0
7.3.2

ProgramName: mri_robust_template  ProgramArguments: mri_robust_template -all-info  ProgramVersion: 7.3.2  TimeStamp: 2026/03/15-08:39:46-GMT  BuildTime: Aug  4 2022 06:17:15  BuildStamp: freesurfer-linux-ubuntu22_x86_64-7.3.2-20220804-6354275  User: oesteban  Machine: dna088  Platform: Linux  PlatformVersion: 5.14.0-427.37.1.el9_4.x86_64  CompilerName: GCC  CompilerVersion: 8.4.0
ProgramName: mris_anatomical_stats  ProgramArguments: mris_anatomical_stats -all-info  ProgramVersion: 7.3.2  TimeStamp: 2026/03/15-08:39:46-GMT  BuildTime: Aug  4 2022 06:17:15  BuildStamp: freesurfer-linux-ubuntu22_x86_64-7.3.2-20220804-6354275  User: oesteban  Machine: dna088  Platform: Linux  PlatformVersion: 5.14.0-427.37.1.el9_4.x86_64  CompilerName: GCC  CompilerVersion: 8.4.0
ProgramName: mris_ca_label  ProgramArguments: mris_ca_label -all-info  ProgramVersion: 7.3.2  TimeStamp: 2026/03/15-08:39:46-GMT  BuildTime: Aug  4 2022 06:17:15  BuildStamp: freesurfer-linux-ubuntu22_x86_64-7.3.2-20220804-6354275  User: oesteban  Machine: dna088  Platform: Linux  PlatformVersion: 5.14.0-427.37.1.el9_4.x86_64  CompilerName: GCC  CompilerVersion: 8.4.0
ProgramName: mris_calc  ProgramArguments: mris_calc -all-info  ProgramVersion: 7.3.2  TimeStamp: 2026/03/15-08:39:46-GMT  BuildTime: Aug  4 2022 06:17:15  BuildStamp: freesurfer-linux-ubuntu22_x86_64-7.3.2-20220804-6354275  User: oesteban  Machine: dna088  Platform: Linux  PlatformVersion: 5.14.0-427.37.1.el9_4.x86_64  CompilerName: GCC  CompilerVersion: 8.4.0
ProgramName: mris_convert  ProgramArguments: mris_convert -all-info  ProgramVersion: 7.3.2  TimeStamp: 2026/03/15-08:39:46-GMT  BuildTime: Aug  4 2022 06:17:15  BuildStamp: freesurfer-linux-ubuntu22_x86_64-7.3.2-20220804-6354275  User: oesteban  Machine: dna088  Platform: Linux  PlatformVersion: 5.14.0-427.37.1.el9_4.x86_64  CompilerName: GCC  CompilerVersion: 8.4.0
ProgramName: mris_curvature  ProgramArguments: mris_curvature -all-info  ProgramVersion: 7.3.2  TimeStamp: 2026/03/15-08:39:46-GMT  BuildTime: Aug  4 2022 06:17:15  BuildStamp: freesurfer-linux-ubuntu22_x86_64-7.3.2-20220804-6354275  User: oesteban  Machine: dna088  Platform: Linux  PlatformVersion: 5.14.0-427.37.1.el9_4.x86_64  CompilerName: GCC  CompilerVersion: 8.4.0
ProgramName: mris_curvature_stats  ProgramArguments: mris_curvature_stats -all-info  ProgramVersion: 7.3.2  TimeStamp: 2026/03/15-08:39:46-GMT  BuildTime: Aug  4 2022 06:17:15  BuildStamp: freesurfer-linux-ubuntu22_x86_64-7.3.2-20220804-6354275  User: oesteban  Machine: dna088  Platform: Linux  PlatformVersion: 5.14.0-427.37.1.el9_4.x86_64  CompilerName: GCC  CompilerVersion: 8.4.0
ProgramName: mris_diff  ProgramArguments: mris_diff -all-info  ProgramVersion: 7.3.2  TimeStamp: 2026/03/15-08:39:46-GMT  BuildTime: Aug  4 2022 06:17:15  BuildStamp: freesurfer-linux-ubuntu22_x86_64-7.3.2-20220804-6354275  User: oesteban  Machine: dna088  Platform: Linux  PlatformVersion: 5.14.0-427.37.1.el9_4.x86_64  CompilerName: GCC  CompilerVersion: 8.4.0
ProgramName: mris_divide_parcellation  ProgramArguments: mris_divide_parcellation -all-info  ProgramVersion: 7.3.2  TimeStamp: 2026/03/15-08:39:46-GMT  BuildTime: Aug  4 2022 06:17:15  BuildStamp: freesurfer-linux-ubuntu22_x86_64-7.3.2-20220804-6354275  User: oesteban  Machine: dna088  Platform: Linux  PlatformVersion: 5.14.0-427.37.1.el9_4.x86_64  CompilerName: GCC  CompilerVersion: 8.4.0
ProgramName: mri_segment  ProgramArguments: mri_segment -all-info  ProgramVersion: 7.3.2  TimeStamp: 2026/03/15-08:39:46-GMT  BuildTime: Aug  4 2022 06:17:15  BuildStamp: freesurfer-linux-ubuntu22_x86_64-7.3.2-20220804-6354275  User: oesteban  Machine: dna088  Platform: Linux  PlatformVersion: 5.14.0-427.37.1.el9_4.x86_64  CompilerName: GCC  CompilerVersion: 8.4.0
ProgramName: mri_segstats  ProgramArguments: mri_segstats -all-info  ProgramVersion: 7.3.2  TimeStamp: 2026/03/15-08:39:46-GMT  BuildTime: Aug  4 2022 06:17:15  BuildStamp: freesurfer-linux-ubuntu22_x86_64-7.3.2-20220804-6354275  User: oesteban  Machine: dna088  Platform: Linux  PlatformVersion: 5.14.0-427.37.1.el9_4.x86_64  CompilerName: GCC  CompilerVersion: 8.4.0
ProgramName: mris_euler_number  ProgramArguments: mris_euler_number -all-info  ProgramVersion: 7.3.2  TimeStamp: 2026/03/15-08:39:46-GMT  BuildTime: Aug  4 2022 06:17:15  BuildStamp: freesurfer-linux-ubuntu22_x86_64-7.3.2-20220804-6354275  User: oesteban  Machine: dna088  Platform: Linux  PlatformVersion: 5.14.0-427.37.1.el9_4.x86_64  CompilerName: GCC  CompilerVersion: 8.4.0
ProgramName: mris_fix_topology  ProgramArguments: mris_fix_topology -all-info  ProgramVersion: 7.3.2  TimeStamp: 2026/03/15-08:39:46-GMT  BuildTime: Aug  4 2022 06:17:15  BuildStamp: freesurfer-linux-ubuntu22_x86_64-7.3.2-20220804-6354275  User: oesteban  Machine: dna088  Platform: Linux  PlatformVersion: 5.14.0-427.37.1.el9_4.x86_64  CompilerName: GCC  CompilerVersion: 8.4.0
ProgramName: mris_topo_fixer  ProgramArguments: mris_topo_fixer -all-info  ProgramVersion: 7.3.2  TimeStamp: 2026/03/15-08:39:46-GMT  BuildTime: Aug  4 2022 06:17:15  BuildStamp: freesurfer-linux-ubuntu22_x86_64-7.3.2-20220804-6354275  User: oesteban  Machine: dna088  Platform: Linux  PlatformVersion: 5.14.0-427.37.1.el9_4.x86_64  CompilerName: GCC  CompilerVersion: 8.4.0
ProgramName: mris_jacobian  ProgramArguments: mris_jacobian -all-info  ProgramVersion: 7.3.2  TimeStamp: 2026/03/15-08:39:46-GMT  BuildTime: Aug  4 2022 06:17:15  BuildStamp: freesurfer-linux-ubuntu22_x86_64-7.3.2-20220804-6354275  User: oesteban  Machine: dna088  Platform: Linux  PlatformVersion: 5.14.0-427.37.1.el9_4.x86_64  CompilerName: GCC  CompilerVersion: 8.4.0
ProgramName: mris_label2annot  ProgramArguments: mris_label2annot -all-info  ProgramVersion: 7.3.2  TimeStamp: 2026/03/15-08:39:46-GMT  BuildTime: Aug  4 2022 06:17:15  BuildStamp: freesurfer-linux-ubuntu22_x86_64-7.3.2-20220804-6354275  User: oesteban  Machine: dna088  Platform: Linux  PlatformVersion: 5.14.0-427.37.1.el9_4.x86_64  CompilerName: GCC  CompilerVersion: 8.4.0
ProgramName: mris_left_right_register  ProgramArguments: mris_left_right_register -all-info  ProgramVersion: 7.3.2  TimeStamp: 2026/03/15-08:39:46-GMT  BuildTime: Aug  4 2022 06:17:15  BuildStamp: freesurfer-linux-ubuntu22_x86_64-7.3.2-20220804-6354275  User: oesteban  Machine: dna088  Platform: Linux  PlatformVersion: 5.14.0-427.37.1.el9_4.x86_64  CompilerName: GCC  CompilerVersion: 8.4.0
ProgramName: mris_place_surface  ProgramArguments: mris_place_surface -all-info  ProgramVersion: 7.3.2  TimeStamp: 2026/03/15-08:39:46-GMT  BuildTime: Aug  4 2022 06:17:15  BuildStamp: freesurfer-linux-ubuntu22_x86_64-7.3.2-20220804-6354275  User: oesteban  Machine: dna088  Platform: Linux  PlatformVersion: 5.14.0-427.37.1.el9_4.x86_64  CompilerName: GCC  CompilerVersion: 8.4.0
ProgramName: mrisp_paint  ProgramArguments: mrisp_paint -all-info  ProgramVersion: 7.3.2  TimeStamp: 2026/03/15-08:39:46-GMT  BuildTime: Aug  4 2022 06:17:15  BuildStamp: freesurfer-linux-ubuntu22_x86_64-7.3.2-20220804-6354275  User: oesteban  Machine: dna088  Platform: Linux  PlatformVersion: 5.14.0-427.37.1.el9_4.x86_64  CompilerName: GCC  CompilerVersion: 8.4.0
ProgramName: mris_register  ProgramArguments: mris_register -all-info  ProgramVersion: 7.3.2  TimeStamp: 2026/03/15-08:39:46-GMT  BuildTime: Aug  4 2022 06:17:15  BuildStamp: freesurfer-linux-ubuntu22_x86_64-7.3.2-20220804-6354275  User: oesteban  Machine: dna088  Platform: Linux  PlatformVersion: 5.14.0-427.37.1.el9_4.x86_64  CompilerName: GCC  CompilerVersion: 8.4.0
ProgramName: mris_smooth  ProgramArguments: mris_smooth -all-info  ProgramVersion: 7.3.2  TimeStamp: 2026/03/15-08:39:46-GMT  BuildTime: Aug  4 2022 06:17:15  BuildStamp: freesurfer-linux-ubuntu22_x86_64-7.3.2-20220804-6354275  User: oesteban  Machine: dna088  Platform: Linux  PlatformVersion: 5.14.0-427.37.1.el9_4.x86_64  CompilerName: GCC  CompilerVersion: 8.4.0
ProgramName: mris_sphere  ProgramArguments: mris_sphere -all-info  ProgramVersion: 7.3.2  TimeStamp: 2026/03/15-08:39:46-GMT  BuildTime: Aug  4 2022 06:17:15  BuildStamp: freesurfer-linux-ubuntu22_x86_64-7.3.2-20220804-6354275  User: oesteban  Machine: dna088  Platform: Linux  PlatformVersion: 5.14.0-427.37.1.el9_4.x86_64  CompilerName: GCC  CompilerVersion: 8.4.0
ProgramName: mris_surface_stats  ProgramArguments: mris_surface_stats -all-info  ProgramVersion: 7.3.2  TimeStamp: 2026/03/15-08:39:46-GMT  BuildTime: Aug  4 2022 06:17:15  BuildStamp: freesurfer-linux-ubuntu22_x86_64-7.3.2-20220804-6354275  User: oesteban  Machine: dna088  Platform: Linux  PlatformVersion: 5.14.0-427.37.1.el9_4.x86_64  CompilerName: GCC  CompilerVersion: 8.4.0
ProgramName: mri_stats2seg  ProgramArguments: mri_stats2seg -all-info  ProgramVersion: 7.3.2  TimeStamp: 2026/03/15-08:39:46-GMT  BuildTime: Aug  4 2022 06:17:15  BuildStamp: freesurfer-linux-ubuntu22_x86_64-7.3.2-20220804-6354275  User: oesteban  Machine: dna088  Platform: Linux  PlatformVersion: 5.14.0-427.37.1.el9_4.x86_64  CompilerName: GCC  CompilerVersion: 8.4.0
ProgramName: mris_thickness  ProgramArguments: mris_thickness -all-info  ProgramVersion: 7.3.2  TimeStamp: 2026/03/15-08:39:46-GMT  BuildTime: Aug  4 2022 06:17:15  BuildStamp: freesurfer-linux-ubuntu22_x86_64-7.3.2-20220804-6354275  User: oesteban  Machine: dna088  Platform: Linux  PlatformVersion: 5.14.0-427.37.1.el9_4.x86_64  CompilerName: GCC  CompilerVersion: 8.4.0
ProgramName: mris_thickness_diff  ProgramArguments: mris_thickness_diff -all-info  ProgramVersion: 7.3.2  TimeStamp: 2026/03/15-08:39:46-GMT  BuildTime: Aug  4 2022 06:17:15  BuildStamp: freesurfer-linux-ubuntu22_x86_64-7.3.2-20220804-6354275  User: oesteban  Machine: dna088  Platform: Linux  PlatformVersion: 5.14.0-427.37.1.el9_4.x86_64  CompilerName: GCC  CompilerVersion: 8.4.0
ProgramName: mris_topo_fixer  ProgramArguments: mris_topo_fixer -all-info  ProgramVersion: 7.3.2  TimeStamp: 2026/03/15-08:39:46-GMT  BuildTime: Aug  4 2022 06:17:15  BuildStamp: freesurfer-linux-ubuntu22_x86_64-7.3.2-20220804-6354275  User: oesteban  Machine: dna088  Platform: Linux  PlatformVersion: 5.14.0-427.37.1.el9_4.x86_64  CompilerName: GCC  CompilerVersion: 8.4.0
ProgramName: mri_surf2surf  ProgramArguments: mri_surf2surf -all-info  ProgramVersion: 7.3.2  TimeStamp: 2026/03/15-08:39:46-GMT  BuildTime: Aug  4 2022 06:17:15  BuildStamp: freesurfer-linux-ubuntu22_x86_64-7.3.2-20220804-6354275  User: oesteban  Machine: dna088  Platform: Linux  PlatformVersion: 5.14.0-427.37.1.el9_4.x86_64  CompilerName: GCC  CompilerVersion: 8.4.0
ProgramName: mri_surf2vol  ProgramArguments: mri_surf2vol -all-info  ProgramVersion: 7.3.2  TimeStamp: 2026/03/15-08:39:46-GMT  BuildTime: Aug  4 2022 06:17:15  BuildStamp: freesurfer-linux-ubuntu22_x86_64-7.3.2-20220804-6354275  User: oesteban  Machine: dna088  Platform: Linux  PlatformVersion: 5.14.0-427.37.1.el9_4.x86_64  CompilerName: GCC  CompilerVersion: 8.4.0
ProgramName: mri_surfcluster  ProgramArguments: mri_surfcluster -all-info  ProgramVersion: 7.3.2  TimeStamp: 2026/03/15-08:39:46-GMT  BuildTime: Aug  4 2022 06:17:15  BuildStamp: freesurfer-linux-ubuntu22_x86_64-7.3.2-20220804-6354275  User: oesteban  Machine: dna088  Platform: Linux  PlatformVersion: 5.14.0-427.37.1.el9_4.x86_64  CompilerName: GCC  CompilerVersion: 8.4.0
ProgramName: mris_volmask  ProgramArguments: mris_volmask -all-info  ProgramVersion: 7.3.2  TimeStamp: 2026/03/15-08:39:46-GMT  BuildTime: Aug  4 2022 06:17:15  BuildStamp: freesurfer-linux-ubuntu22_x86_64-7.3.2-20220804-6354275  User: oesteban  Machine: dna088  Platform: Linux  PlatformVersion: 5.14.0-427.37.1.el9_4.x86_64  CompilerName: GCC  CompilerVersion: 8.4.0
ProgramName: mri_tessellate  ProgramArguments: mri_tessellate -all-info  ProgramVersion: 7.3.2  TimeStamp: 2026/03/15-08:39:46-GMT  BuildTime: Aug  4 2022 06:17:15  BuildStamp: freesurfer-linux-ubuntu22_x86_64-7.3.2-20220804-6354275  User: oesteban  Machine: dna088  Platform: Linux  PlatformVersion: 5.14.0-427.37.1.el9_4.x86_64  CompilerName: GCC  CompilerVersion: 8.4.0
ProgramName: mri_vol2surf  ProgramArguments: mri_vol2surf -all-info  ProgramVersion: 7.3.2  TimeStamp: 2026/03/15-08:39:46-GMT  BuildTime: Aug  4 2022 06:17:15  BuildStamp: freesurfer-linux-ubuntu22_x86_64-7.3.2-20220804-6354275  User: oesteban  Machine: dna088  Platform: Linux  PlatformVersion: 5.14.0-427.37.1.el9_4.x86_64  CompilerName: GCC  CompilerVersion: 8.4.0
ProgramName: mri_vol2vol  ProgramArguments: mri_vol2vol -all-info  ProgramVersion: 7.3.2  TimeStamp: 2026/03/15-08:39:46-GMT  BuildTime: Aug  4 2022 06:17:15  BuildStamp: freesurfer-linux-ubuntu22_x86_64-7.3.2-20220804-6354275  User: oesteban  Machine: dna088  Platform: Linux  PlatformVersion: 5.14.0-427.37.1.el9_4.x86_64  CompilerName: GCC  CompilerVersion: 8.4.0
ProgramName: mri_voldiff  ProgramArguments: mri_voldiff -all-info  ProgramVersion: 7.3.2  TimeStamp: 2026/03/15-08:39:46-GMT  BuildTime: Aug  4 2022 06:17:15  BuildStamp: freesurfer-linux-ubuntu22_x86_64-7.3.2-20220804-6354275  User: oesteban  Machine: dna088  Platform: Linux  PlatformVersion: 5.14.0-427.37.1.el9_4.x86_64  CompilerName: GCC  CompilerVersion: 8.4.0
ProgramName: mri_watershed  ProgramArguments: mri_watershed -all-info  ProgramVersion: 7.3.2  TimeStamp: 2026/03/15-08:39:46-GMT  BuildTime: Aug  4 2022 06:17:15  BuildStamp: freesurfer-linux-ubuntu22_x86_64-7.3.2-20220804-6354275  User: oesteban  Machine: dna088  Platform: Linux  PlatformVersion: 5.14.0-427.37.1.el9_4.x86_64  CompilerName: GCC  CompilerVersion: 8.4.0
ProgramName: tkregister2  ProgramArguments: tkregister2_cmdl -all-info  ProgramVersion: 7.3.2  TimeStamp: 2026/03/15-08:39:46-GMT  BuildTime: Aug  4 2022 06:17:15  BuildStamp: freesurfer-linux-ubuntu22_x86_64-7.3.2-20220804-6354275  User: oesteban  Machine: dna088  Platform: Linux  PlatformVersion: 5.14.0-427.37.1.el9_4.x86_64  CompilerName: GCC  CompilerVersion: 8.4.0
mri_motion_correct.fsl 7.3.2
mri_convert -all-info 
ProgramName: mri_convert  ProgramArguments: mri_convert -all-info  ProgramVersion: 7.3.2  TimeStamp: 2026/03/15-08:39:46-GMT  BuildTime: Aug  4 2022 06:17:15  BuildStamp: freesurfer-linux-ubuntu22_x86_64-7.3.2-20220804-6354275  User: oesteban  Machine: dna088  Platform: Linux  PlatformVersion: 5.14.0-427.37.1.el9_4.x86_64  CompilerName: GCC  CompilerVersion: 8.4.0
Program nu_correct, built from:
Package MNI N3, version 1.12.0, compiled by nicks@terrier (x86_64-unknown-linux-gnu) on 2015-06-19 at 01:25:34
#######################################
GCADIR /opt/freesurfer/average
GCA RB_all_2020-01-02.gca
GCASkull RB_all_withskull_2020_01_02.gca
AvgCurvTif folding.atlas.acfb40.noaparc.i12.2016-08-02.tif
GCSDIR /opt/freesurfer/average
GCS DKaparc.atlas.acfb40.noaparc.i12.2016-08-02.gcs
#######################################
#--------------------------------------------
#@# Tessellate rh Sun Mar 15 09:39:46 CET 2026
/out/sourcedata/freesurfer/sub-v2s10x28969_ses-1/scripts

 mri_pretess ../mri/filled.mgz 127 ../mri/norm.mgz ../mri/filled-pretess127.mgz 


Iteration Number : 1
pass   1 (xy+):   1 found -   1 modified     |    TOTAL:   1
pass   2 (xy+):   0 found -   1 modified     |    TOTAL:   1
pass   1 (xy-):   1 found -   1 modified     |    TOTAL:   2
pass   2 (xy-):   0 found -   1 modified     |    TOTAL:   2
pass   1 (yz+):   9 found -   9 modified     |    TOTAL:  11
pass   2 (yz+):   0 found -   9 modified     |    TOTAL:  11
pass   1 (yz-):   3 found -   3 modified     |    TOTAL:  14
pass   2 (yz-):   0 found -   3 modified     |    TOTAL:  14
pass   1 (xz+):   0 found -   0 modified     |    TOTAL:  14
pass   1 (xz-):   1 found -   1 modified     |    TOTAL:  15
pass   2 (xz-):   0 found -   1 modified     |    TOTAL:  15
Iteration Number : 1
pass   1 (+++):   0 found -   0 modified     |    TOTAL:   0
pass   1 (+++):   2 found -   2 modified     |    TOTAL:   2
pass   2 (+++):   0 found -   2 modified     |    TOTAL:   2
pass   1 (+++):   0 found -   0 modified     |    TOTAL:   2
pass   1 (+++):   0 found -   0 modified     |    TOTAL:   2
Iteration Number : 1
pass   1 (++):   0 found -   0 modified     |    TOTAL:   0
pass   1 (+-):   2 found -   2 modified     |    TOTAL:   2
pass   2 (+-):   0 found -   2 modified     |    TOTAL:   2
pass   1 (--):   1 found -   1 modified     |    TOTAL:   3
pass   2 (--):   0 found -   1 modified     |    TOTAL:   3
pass   1 (-+):   0 found -   0 modified     |    TOTAL:   3
Iteration Number : 2
pass   1 (xy+):   1 found -   1 modified     |    TOTAL:   1
pass   2 (xy+):   0 found -   1 modified     |    TOTAL:   1
pass   1 (xy-):   0 found -   0 modified     |    TOTAL:   1
pass   1 (yz+):   0 found -   0 modified     |    TOTAL:   1
pass   1 (yz-):   0 found -   0 modified     |    TOTAL:   1
pass   1 (xz+):   0 found -   0 modified     |    TOTAL:   1
pass   1 (xz-):   0 found -   0 modified     |    TOTAL:   1
Iteration Number : 2
pass   1 (+++):   0 found -   0 modified     |    TOTAL:   0
pass   1 (+++):   0 found -   0 modified     |    TOTAL:   0
pass   1 (+++):   0 found -   0 modified     |    TOTAL:   0
pass   1 (+++):   0 found -   0 modified     |    TOTAL:   0
Iteration Number : 2
pass   1 (++):   0 found -   0 modified     |    TOTAL:   0
pass   1 (+-):   0 found -   0 modified     |    TOTAL:   0
pass   1 (--):   0 found -   0 modified     |    TOTAL:   0
pass   1 (-+):   1 found -   1 modified     |    TOTAL:   1
pass   2 (-+):   0 found -   1 modified     |    TOTAL:   1
Iteration Number : 3
pass   1 (xy+):   0 found -   0 modified     |    TOTAL:   0
pass   1 (xy-):   0 found -   0 modified     |    TOTAL:   0
pass   1 (yz+):   0 found -   0 modified     |    TOTAL:   0
pass   1 (yz-):   0 found -   0 modified     |    TOTAL:   0
pass   1 (xz+):   0 found -   0 modified     |    TOTAL:   0
pass   1 (xz-):   0 found -   0 modified     |    TOTAL:   0
Iteration Number : 3
pass   1 (+++):   0 found -   0 modified     |    TOTAL:   0
pass   1 (+++):   0 found -   0 modified     |    TOTAL:   0
pass   1 (+++):   0 found -   0 modified     |    TOTAL:   0
pass   1 (+++):   0 found -   0 modified     |    TOTAL:   0
Iteration Number : 3
pass   1 (++):   0 found -   0 modified     |    TOTAL:   0
pass   1 (+-):   0 found -   0 modified     |    TOTAL:   0
pass   1 (--):   0 found -   0 modified     |    TOTAL:   0
pass   1 (-+):   0 found -   0 modified     |    TOTAL:   0

Total Number of Modified Voxels = 22 (out of 279013: 0.007885)
Ambiguous edge configurations... 

mri_pretess done


 mri_tessellate ../mri/filled-pretess127.mgz 127 ../surf/rh.orig.nofix 

7.3.2
  7.3.2
slice 50: 2540 vertices, 2718 faces
slice 60: 10052 vertices, 10377 faces
slice 70: 21648 vertices, 22065 faces
slice 80: 33686 vertices, 34056 faces
slice 90: 46000 vertices, 46379 faces
slice 100: 58989 vertices, 59406 faces
slice 110: 72544 vertices, 72963 faces
slice 120: 85182 vertices, 85576 faces
slice 130: 97482 vertices, 97902 faces
slice 140: 109262 vertices, 109667 faces
slice 150: 119311 vertices, 119691 faces
slice 160: 128511 vertices, 128817 faces
slice 170: 135344 vertices, 135624 faces
slice 180: 141360 vertices, 141580 faces
slice 190: 145171 vertices, 145301 faces
slice 200: 146278 vertices, 146310 faces
slice 210: 146278 vertices, 146310 faces
slice 220: 146278 vertices, 146310 faces
slice 230: 146278 vertices, 146310 faces
slice 240: 146278 vertices, 146310 faces
slice 250: 146278 vertices, 146310 faces
using the conformed surface RAS to save vertex points...
writing ../surf/rh.orig.nofix
using vox2ras matrix:
-1.00000   0.00000   0.00000   128.00000;
 0.00000   0.00000   1.00000  -128.00000;
 0.00000  -1.00000   0.00000   128.00000;
 0.00000   0.00000   0.00000   1.00000;

 rm -f ../mri/filled-pretess127.mgz 


 mris_extract_main_component ../surf/rh.orig.nofix ../surf/rh.orig.nofix 


counting number of connected components...
   146278 voxel in cpt #1: X=-32 [v=146278,e=438930,f=292620] located at (28.461355, -16.506420, 33.805679)
For the whole surface: X=-32 [v=146278,e=438930,f=292620]
One single component has been found
nothing to do
done

#--------------------------------------------
#@# Smooth1 rh Sun Mar 15 09:39:49 CET 2026
/out/sourcedata/freesurfer/sub-v2s10x28969_ses-1/scripts

 mris_smooth -nw -seed 1234 ../surf/rh.orig.nofix ../surf/rh.smoothwm.nofix 

setting seed for random number generator to 1234
smoothing surface tessellation for 10 iterations...
smoothing complete - recomputing first and second fundamental forms...
#--------------------------------------------
#@# Inflation1 rh Sun Mar 15 09:39:51 CET 2026
/out/sourcedata/freesurfer/sub-v2s10x28969_ses-1/scripts

 mris_inflate -no-save-sulc ../surf/rh.smoothwm.nofix ../surf/rh.inflated.nofix 

Not saving sulc
Reading ../surf/rh.smoothwm.nofix
avg radius = 46.2 mm, total surface area = 78462 mm^2
step 000: RMS=0.150 (target=0.015)   step 005: RMS=0.113 (target=0.015)   step 010: RMS=0.082 (target=0.015)   step 015: RMS=0.068 (target=0.015)   step 020: RMS=0.058 (target=0.015)   step 025: RMS=0.049 (target=0.015)   step 030: RMS=0.043 (target=0.015)   step 035: RMS=0.038 (target=0.015)   step 040: RMS=0.035 (target=0.015)   step 045: RMS=0.033 (target=0.015)   step 050: RMS=0.031 (target=0.015)   step 055: RMS=0.030 (target=0.015)   step 060: RMS=0.029 (target=0.015)   writing inflated surface to ../surf/rh.inflated.nofix
inflation took 0.1 minutes

inflation complete.
Not saving sulc
mris_inflate utimesec    39.782042
mris_inflate stimesec    1.919058
mris_inflate ru_maxrss   235208
mris_inflate ru_ixrss    0
mris_inflate ru_idrss    0
mris_inflate ru_isrss    0
mris_inflate ru_minflt   649860
mris_inflate ru_majflt   12
mris_inflate ru_nswap    0
mris_inflate ru_inblock  0
mris_inflate ru_oublock  10296
mris_inflate ru_msgsnd   0
mris_inflate ru_msgrcv   0
mris_inflate ru_nsignals 0
mris_inflate ru_nvcsw    5844
mris_inflate ru_nivcsw   487
#--------------------------------------------
#@# QSphere rh Sun Mar 15 09:40:00 CET 2026
/out/sourcedata/freesurfer/sub-v2s10x28969_ses-1/scripts

 mris_sphere -q -p 6 -a 128 -seed 1234 ../surf/rh.inflated.nofix ../surf/rh.qsphere.nofix 

doing quick spherical unfolding.
limitting unfolding to 6 passes
using n_averages = 128
setting seed for random number genererator to 1234
version: 7.3.2
available threads: 16
scaling brain by 0.322...
inflating...
projecting onto sphere...
surface projected - minimizing metric distortion...
vertex spacing 0.99 +- 0.52 (0.00-->8.01) (max @ vno 51905 --> 53281)
face area 0.03 +- 0.03 (-0.14-->1.00)
Entering MRISinflateToSphere()
inflating to sphere (rms error < 2.00)
000: dt: 0.0000, rms radial error=175.746, avgs=0
005/300: dt: 0.9000, rms radial error=175.488, avgs=0
010/300: dt: 0.9000, rms radial error=174.935, avgs=0
015/300: dt: 0.9000, rms radial error=174.209, avgs=0
020/300: dt: 0.9000, rms radial error=173.381, avgs=0
025/300: dt: 0.9000, rms radial error=172.496, avgs=0
030/300: dt: 0.9000, rms radial error=171.577, avgs=0
035/300: dt: 0.9000, rms radial error=170.642, avgs=0
040/300: dt: 0.9000, rms radial error=169.699, avgs=0
045/300: dt: 0.9000, rms radial error=168.755, avgs=0
050/300: dt: 0.9000, rms radial error=167.813, avgs=0
055/300: dt: 0.9000, rms radial error=166.873, avgs=0
060/300: dt: 0.9000, rms radial error=165.937, avgs=0
065/300: dt: 0.9000, rms radial error=165.005, avgs=0
070/300: dt: 0.9000, rms radial error=164.077, avgs=0
075/300: dt: 0.9000, rms radial error=163.154, avgs=0
080/300: dt: 0.9000, rms radial error=162.236, avgs=0
085/300: dt: 0.9000, rms radial error=161.323, avgs=0
090/300: dt: 0.9000, rms radial error=160.414, avgs=0
095/300: dt: 0.9000, rms radial error=159.510, avgs=0
100/300: dt: 0.9000, rms radial error=158.612, avgs=0
105/300: dt: 0.9000, rms radial error=157.718, avgs=0
110/300: dt: 0.9000, rms radial error=156.829, avgs=0
115/300: dt: 0.9000, rms radial error=155.945, avgs=0
120/300: dt: 0.9000, rms radial error=155.066, avgs=0
125/300: dt: 0.9000, rms radial error=154.191, avgs=0
130/300: dt: 0.9000, rms radial error=153.321, avgs=0
135/300: dt: 0.9000, rms radial error=152.456, avgs=0
140/300: dt: 0.9000, rms radial error=151.596, avgs=0
145/300: dt: 0.9000, rms radial error=150.741, avgs=0
150/300: dt: 0.9000, rms radial error=149.890, avgs=0
155/300: dt: 0.9000, rms radial error=149.044, avgs=0
160/300: dt: 0.9000, rms radial error=148.203, avgs=0
165/300: dt: 0.9000, rms radial error=147.367, avgs=0
170/300: dt: 0.9000, rms radial error=146.535, avgs=0
175/300: dt: 0.9000, rms radial error=145.707, avgs=0
180/300: dt: 0.9000, rms radial error=144.884, avgs=0
185/300: dt: 0.9000, rms radial error=144.066, avgs=0
190/300: dt: 0.9000, rms radial error=143.252, avgs=0
195/300: dt: 0.9000, rms radial error=142.443, avgs=0
200/300: dt: 0.9000, rms radial error=141.639, avgs=0
205/300: dt: 0.9000, rms radial error=140.839, avgs=0
210/300: dt: 0.9000, rms radial error=140.043, avgs=0
215/300: dt: 0.9000, rms radial error=139.252, avgs=0
220/300: dt: 0.9000, rms radial error=138.466, avgs=0
225/300: dt: 0.9000, rms radial error=137.684, avgs=0
230/300: dt: 0.9000, rms radial error=136.906, avgs=0
235/300: dt: 0.9000, rms radial error=136.132, avgs=0
240/300: dt: 0.9000, rms radial error=135.363, avgs=0
245/300: dt: 0.9000, rms radial error=134.598, avgs=0
250/300: dt: 0.9000, rms radial error=133.838, avgs=0
255/300: dt: 0.9000, rms radial error=133.082, avgs=0
260/300: dt: 0.9000, rms radial error=132.330, avgs=0
265/300: dt: 0.9000, rms radial error=131.583, avgs=0
270/300: dt: 0.9000, rms radial error=130.841, avgs=0
275/300: dt: 0.9000, rms radial error=130.103, avgs=0
280/300: dt: 0.9000, rms radial error=129.370, avgs=0
285/300: dt: 0.9000, rms radial error=128.640, avgs=0
290/300: dt: 0.9000, rms radial error=127.915, avgs=0
295/300: dt: 0.9000, rms radial error=127.193, avgs=0
300/300: dt: 0.9000, rms radial error=126.476, avgs=0

spherical inflation complete.
epoch 1 (K=10.0), pass 1, starting sse = 16812.17
taking momentum steps...
taking momentum steps...
taking momentum steps...
taking momentum steps...
pass 1 complete, delta sse/iter = 0.00/13 = 0.00021
epoch 2 (K=40.0), pass 1, starting sse = 2622.67
taking momentum steps...
taking momentum steps...
taking momentum steps...
taking momentum steps...
pass 1 complete, delta sse/iter = 0.00/13 = 0.00013
epoch 3 (K=160.0), pass 1, starting sse = 215.04
taking momentum steps...
taking momentum steps...
taking momentum steps...
taking momentum steps...
pass 1 complete, delta sse/iter = 0.08/14 = 0.00588
epoch 4 (K=640.0), pass 1, starting sse = 9.69
taking momentum steps...
taking momentum steps...
taking momentum steps...
taking momentum steps...
pass 1 complete, delta sse/iter = 0.08/19 = 0.00430
final distance error %100000.00
writing spherical brain to ../surf/rh.qsphere.nofix
spherical transformation took 0.0126 hours
FSRUNTIME@ mris_sphere  0.0126 hours 16 threads
#VMPC# mris_sphere VmPeak  1886684
mris_sphere done
#@# Fix Topology rh Sun Mar 15 09:40:45 CET 2026

 mris_fix_topology -mgz -sphere qsphere.nofix -inflated inflated.nofix -orig orig.nofix -out orig.premesh -ga -seed 1234 sub-v2s10x28969_ses-1 rh 

reading spherical homeomorphism from 'qsphere.nofix'
reading inflated coordinates from 'inflated.nofix'
reading original coordinates from 'orig.nofix'
using genetic algorithm with optimized parameters
setting seed for random number genererator to 1234

*************************************************************
Topology Correction Parameters
retessellation mode:           genetic search
number of patches/generation : 10
number of generations :        10
surface mri loglikelihood coefficient :         1.0
volume mri loglikelihood coefficient :          10.0
normal dot loglikelihood coefficient :          1.0
quadratic curvature loglikelihood coefficient : 1.0
volume resolution :                             2
eliminate vertices during search :              1
initial patch selection :                       1
select all defect vertices :                    0
ordering dependant retessellation:              0
use precomputed edge table :                    0
smooth retessellated patch :                    2
match retessellated patch :                     1
verbose mode :                                  0

*************************************************************
INFO: assuming .mgz format
writing corrected surface to 'orig.premesh'
7.3.2
  7.3.2
before topology correction, eno=-32 (nv=146278, nf=292620, ne=438930, g=17)
using quasi-homeomorphic spherical map to tessellate cortical surface...

Correction of the Topology
Finding true center and radius of Spherical Surface...done
Surface centered at (0,0,0) with radius 100.0 in 8 iterations
marking ambiguous vertices...
2629 ambiguous faces found in tessellation
segmenting defects...
15 defects found, arbitrating ambiguous regions...
analyzing neighboring defects...
15 defects to be corrected 
0 vertices coincident
reading input surface /out/sourcedata/freesurfer/sub-v2s10x28969_ses-1/surf/rh.qsphere.nofix...
reading brain volume from brain...
reading wm segmentation from wm...
Reading original properties of orig.nofix
Reading vertex positions of inflated.nofix
Computing Initial Surface Statistics
      -face       loglikelihood: -9.2699  (-4.6349)
      -vertex     loglikelihood: -5.8229  (-2.9115)
      -normal dot loglikelihood: -3.5891  (-3.5891)
      -quad curv  loglikelihood: -6.1582  (-3.0791)
      Total Loglikelihood : -24.8402
CORRECTING DEFECT 0 (vertices=47, convex hull=67, v0=30509)
After retessellation of defect 0 (v0=30509), euler #=-12 (144674,433376,288690) : difference with theory (-12) = 0 
CORRECTING DEFECT 1 (vertices=49, convex hull=59, v0=36578)
After retessellation of defect 1 (v0=36578), euler #=-11 (144686,433436,288739) : difference with theory (-11) = 0 
CORRECTING DEFECT 2 (vertices=24, convex hull=34, v0=64022)
After retessellation of defect 2 (v0=64022), euler #=-10 (144692,433464,288762) : difference with theory (-10) = 0 
CORRECTING DEFECT 3 (vertices=39, convex hull=40, v0=64389)
After retessellation of defect 3 (v0=64389), euler #=-9 (144695,433490,288786) : difference with theory (-9) = 0 
CORRECTING DEFECT 4 (vertices=360, convex hull=324, v0=69852)
After retessellation of defect 4 (v0=69852), euler #=-8 (144839,434077,289230) : difference with theory (-8) = 0 
CORRECTING DEFECT 5 (vertices=119, convex hull=59, v0=73376)
After retessellation of defect 5 (v0=73376), euler #=-7 (144858,434158,289293) : difference with theory (-7) = 0 
CORRECTING DEFECT 6 (vertices=8, convex hull=23, v0=91083)
After retessellation of defect 6 (v0=91083), euler #=-6 (144859,434169,289304) : difference with theory (-6) = 0 
CORRECTING DEFECT 7 (vertices=261, convex hull=197, v0=100660)
After retessellation of defect 7 (v0=100660), euler #=-5 (144876,434322,289441) : difference with theory (-5) = 0 
CORRECTING DEFECT 8 (vertices=215, convex hull=185, v0=105304)
After retessellation of defect 8 (v0=105304), euler #=-4 (144905,434493,289584) : difference with theory (-4) = 0 
CORRECTING DEFECT 9 (vertices=64, convex hull=101, v0=112937)
After retessellation of defect 9 (v0=112937), euler #=-3 (144918,434579,289658) : difference with theory (-3) = 0 
CORRECTING DEFECT 10 (vertices=5, convex hull=18, v0=119123)
After retessellation of defect 10 (v0=119123), euler #=-2 (144919,434587,289666) : difference with theory (-2) = 0 
CORRECTING DEFECT 11 (vertices=27, convex hull=67, v0=120162)
After retessellation of defect 11 (v0=120162), euler #=-1 (144935,434659,289723) : difference with theory (-1) = 0 
CORRECTING DEFECT 12 (vertices=344, convex hull=187, v0=136059)
After retessellation of defect 12 (v0=136059), euler #=0 (144949,434797,289848) : difference with theory (0) = 0 
CORRECTING DEFECT 13 (vertices=22, convex hull=55, v0=136418)
After retessellation of defect 13 (v0=136418), euler #=1 (144962,434861,289900) : difference with theory (1) = 0 
CORRECTING DEFECT 14 (vertices=32, convex hull=50, v0=138514)
After retessellation of defect 14 (v0=138514), euler #=2 (144973,434913,289942) : difference with theory (2) = 0 
computing original vertex metric properties...
storing new metric properties...
computing tessellation statistics...
vertex spacing 0.89 +- 0.22 (0.06-->9.68) (max @ vno 103402 --> 103410)
face area -nan +- -nan (1000.00-->-1.00)
performing soap bubble on retessellated vertices for 0 iterations...
vertex spacing 0.89 +- 0.22 (0.06-->9.68) (max @ vno 103402 --> 103410)
face area -nan +- -nan (1000.00-->-1.00)
tessellation finished, orienting corrected surface...
64 mutations (31.8%), 137 crossovers (68.2%), 311 vertices were eliminated
building final representation...
1305 vertices and 0 faces have been removed from triangulation
after topology correction, eno=2 (nv=144973, nf=289942, ne=434913, g=0)
writing corrected surface to /out/sourcedata/freesurfer/sub-v2s10x28969_ses-1/surf/rh.orig.premesh...

0.000 % of the vertices (0 vertices) exhibit an orientation change
removing intersecting faces
000: 263 intersecting
001: 21 intersecting
terminating search with 0 intersecting
topology fixing took 1.2 minutes
FSRUNTIME@ mris_fix_topology rh  0.0208 hours 16 threads
#VMPC# mris_fix_topology VmPeak  1862080

 mris_euler_number ../surf/rh.orig.premesh 

euler # = v-e+f = 2g-2: 144973 - 434913 + 289942 = 2 --> 0 holes
      F =2V-4:          289942 = 289946-4 (0)
      2E=3F:            869826 = 869826 (0)

total defect index = 0
Sun Mar 15 09:42:00 CET 2026

setenv SUBJECTS_DIR /out/sourcedata/freesurfer
cd /out/sourcedata/freesurfer/sub-v2s10x28969_ses-1/scripts
/opt/freesurfer/bin/defect2seg --s sub-v2s10x28969_ses-1 --rh-only --cortex

freesurfer-linux-ubuntu22_x86_64-7.3.2-20220804-6354275
defect2seg 7.3.2
Linux dna088 5.14.0-427.37.1.el9_4.x86_64 #1 SMP PREEMPT_DYNAMIC Fri Sep 13 12:41:50 EDT 2024 x86_64 x86_64 x86_64 GNU/Linux
pid 3615318
mri_label2label --label-cortex /out/sourcedata/freesurfer/sub-v2s10x28969_ses-1/surf/rh.orig.nofix /out/sourcedata/freesurfer/sub-v2s10x28969_ses-1/mri/aseg.presurf.mgz 0 /out/sourcedata/freesurfer/sub-v2s10x28969_ses-1/label/rh.nofix.cortex.label

 Generating cortex label... RemoveHipAmgy=0
 NucAccIsMedialWall=0
 mris->useRealRAS=0
8 non-cortical segments detected
only using segment with 7644 vertices
erasing segment 1 (vno[0] = 83907)
erasing segment 2 (vno[0] = 86151)
erasing segment 3 (vno[0] = 102822)
erasing segment 4 (vno[0] = 102848)
erasing segment 5 (vno[0] = 104137)
erasing segment 6 (vno[0] = 106449)
erasing segment 7 (vno[0] = 108707)
mri_label2vol --defects /out/sourcedata/freesurfer/sub-v2s10x28969_ses-1/surf/rh.orig.nofix /out/sourcedata/freesurfer/sub-v2s10x28969_ses-1/surf/rh.defect_labels /out/sourcedata/freesurfer/sub-v2s10x28969_ses-1/mri/orig.mgz 2000 0 /out/sourcedata/freesurfer/sub-v2s10x28969_ses-1/mri/rh.surface.defects.mgz /out/sourcedata/freesurfer/sub-v2s10x28969_ses-1/label/rh.nofix.cortex.label
mri_label2vol supposed to be reproducible but seed not set
Contraining to label /out/sourcedata/freesurfer/sub-v2s10x28969_ses-1/label/rh.nofix.cortex.label
Changing input type 0 to MRI_INT
Converting defects to volume: offset=2000, merge=0
Writing to /out/sourcedata/freesurfer/sub-v2s10x28969_ses-1/mri/rh.surface.defects.mgz
mris_defects_pointset -s /out/sourcedata/freesurfer/sub-v2s10x28969_ses-1/surf/rh.orig.nofix -d /out/sourcedata/freesurfer/sub-v2s10x28969_ses-1/surf/rh.defect_labels -o /out/sourcedata/freesurfer/sub-v2s10x28969_ses-1/surf/rh.defects.pointset --label /out/sourcedata/freesurfer/sub-v2s10x28969_ses-1/label/rh.nofix.cortex.label
Reading in surface /out/sourcedata/freesurfer/sub-v2s10x28969_ses-1/surf/rh.orig.nofix
Reading in defect segmentation /out/sourcedata/freesurfer/sub-v2s10x28969_ses-1/surf/rh.defect_labels
Reading in label /out/sourcedata/freesurfer/sub-v2s10x28969_ses-1/label/rh.nofix.cortex.label
#VMPC# mris_defects_pointset 1308656
mris_defects_pointset done
 
Started at Sun Mar 15 09:42:00 CET 2026 
Ended   at Sun Mar 15 09:42:11 CET 2026
Defect2seg-Run-Time-Sec 11
Defect2seg-Run-Time-Min 0.22
Defect2seg-Run-Time-Hours 0.00
 
tkmeditfv sub-v2s10x28969_ses-1 brain.finalsurfs.mgz -defect
defect2seg Done

 mris_remesh --remesh --iters 3 --input /out/sourcedata/freesurfer/sub-v2s10x28969_ses-1/surf/rh.orig.premesh --output /out/sourcedata/freesurfer/sub-v2s10x28969_ses-1/surf/rh.orig 

iters = 3
standard remeshing without target
   adjusted l: 0.709361
remeshing to edge length 0.709361 with 3 iterations

avg qual before   : 0.893094  after: 0.971361

Removing intersections
Remeshed surface quality stats nv0 = 144973  nv = 151317  1.04376
Area    302630  0.30152  0.03348 0.076778   0.4596
Corner  907890 60.00000  8.77604 16.661066 145.8417
Edge    453945  0.84236  0.08201 0.449995   1.2538
Hinge   453945  9.60043 10.45347 0.000004 131.5059
mris_remesh done
/out/sourcedata/freesurfer/sub-v2s10x28969_ses-1/scripts

 mris_remove_intersection ../surf/rh.orig ../surf/rh.orig 

intersection removal took 0.00 hours
writing corrected surface to ../surf/rh.orig

 rm -f ../surf/rh.inflated 

#--------------------------------------------
#@# AutoDetGWStats rh Sun Mar 15 09:42:39 CET 2026
cd /out/sourcedata/freesurfer/sub-v2s10x28969_ses-1/mri
mris_autodet_gwstats --o ../surf/autodet.gw.stats.rh.dat --i brain.finalsurfs.mgz --wm wm.mgz --surf ../surf/rh.orig.premesh
7.3.2

cd /out/sourcedata/freesurfer/sub-v2s10x28969_ses-1/mri
setenv SUBJECTS_DIR /out/sourcedata/freesurfer
mris_autodet_gwstats --o ../surf/autodet.gw.stats.rh.dat --i brain.finalsurfs.mgz --wm wm.mgz --surf ../surf/rh.orig.premesh 

border white:    257720 voxels (1.54%)
border gray      292835 voxels (1.75%)
Reading in intensity volume brain.finalsurfs.mgz
Reading in wm volume wm.mgz
Reading in surf ../surf/rh.orig.premesh
Auto detecting stats
MRIclipBrightWM(): nthresh=15211, wmmin=5, clip=110 
Binarizing thresholding at 5
computing class statistics... low=30, hi=110.000000
CCS WM (99.0): 99.4 +- 7.5 [70.0 --> 110.0]
CCS GM (76.0) : 76.5 +- 8.2 [30.0 --> 110.0]
white_mean = 99.4483 +/- 7.53454, gray_mean = 76.4757 +/- 8.15942
using class modes intead of means, discounting robust sigmas....
MRIScomputeClassModes(): min=0 max=120 nbins=121
intensity peaks found at WM=103+-5.2,    GM=73+-5.2
white_mode = 103, gray_mode = 73
std_scale = 1
Applying sanity checks, max_scale_down = 0.2
setting MIN_GRAY_AT_WHITE_BORDER to 64.8 (was 70.000000)
setting MAX_BORDER_WHITE to 110.5 (was 105.000000)
setting MIN_BORDER_WHITE to 73.0 (was 85.000000)
setting MAX_CSF to 56.7 (was 40.000000)
setting MAX_GRAY to 95.5 (was 95.000000)
setting MAX_GRAY_AT_CSF_BORDER to 64.8 (was 75.000000)
setting MIN_GRAY_AT_CSF_BORDER to 48.5 (was 40.000000)
When placing the white surface
  white_border_hi   = 110.535;
  white_border_low  = 73;
  white_outside_low = 64.8406;
  white_inside_hi   = 120;
  white_outside_hi  = 110.535;
When placing the pial surface
  pial_border_hi   = 64.8406;
  pial_border_low  = 48.5218;
  pial_outside_low = 10;
  pial_inside_hi   = 95.4655;
  pial_outside_hi  = 60.7609;
#VMPC# mris_autodet_gwstats VmPeak  2205024
mris_autodet_gwstats done
#--------------------------------------------
#@# WhitePreAparc rh Sun Mar 15 09:42:42 CET 2026
cd /out/sourcedata/freesurfer/sub-v2s10x28969_ses-1/mri
mris_place_surface --adgws-in ../surf/autodet.gw.stats.rh.dat --wm wm.mgz --threads 16 --invol brain.finalsurfs.mgz --rh --i ../surf/rh.orig --o ../surf/rh.white.preaparc --white --seg aseg.presurf.mgz --nsmooth 5
7.3.2
7.3.2

cd /out/sourcedata/freesurfer/sub-v2s10x28969_ses-1/mri
setenv SUBJECTS_DIR /out/sourcedata/freesurfer
mris_place_surface --adgws-in ../surf/autodet.gw.stats.rh.dat --wm wm.mgz --threads 16 --invol brain.finalsurfs.mgz --rh --i ../surf/rh.orig --o ../surf/rh.white.preaparc --white --seg aseg.presurf.mgz --nsmooth 5 

Reading in input surface ../surf/rh.orig
Smoothing surface before ripping with 5 iterations
Area    302630  0.26521  0.06373 0.002762   0.6369
Corner  907890 60.00000  9.73428 9.283205 137.6167
Edge    453945  0.78654  0.11596 0.053628   1.3247
Hinge   453945  6.47404  6.69881 0.000002 144.7291
Not reading in aparc
Reading in input volume brain.finalsurfs.mgz
Reading in wm volume wm.mgz
MRIclipBrightWM(): nthresh=15211, wmmin=5, clip=110 
MRIfindBrightNonWM(): 0 bright non-wm voxels segmented.
Masking bright non-wm for white surface
MRImask(): AllowDiffGeom = 1
MRImask(): AllowDiffGeom = 1
Reading in seg volume aseg.presurf.mgz
Ripping frozen voxels
INFO: rip surface needed but not specified, so using input surface
Freezing midline and others
Entering: MRISripMidline(): inhibiting deformation at non-cortical midline structures...
  which=1, fix_mtl=0, using annot = 0
#FML0# MRISripMidline(): nripped=0
#FML# MRISripMidline(): nmarked=6139, nmarked2=14, nripped=6139
Ripping segs (eg, WMSA, BG, frozen)
Starting MRISripSegs() d = (-2 2 0.5) segnos: 247 
MRISripSegs(): -2 2 0.5 ripped 0
vertex 75659: xyz = (42.077,-6.26181,12.3767) oxyz = (42.077,-6.26181,12.3767) wxzy = (42.077,-6.26181,12.3767) pxyz = (0,0,0) 
CBVO Creating mask 151317
n_averages 4
Iteration 0 =========================================
n_averages=4, current_sigma=2
Freezing midline and others
Ripping frozen voxels
INFO: rip surface needed but not specified, so using input surface
Freezing midline and others
Entering: MRISripMidline(): inhibiting deformation at non-cortical midline structures...
  which=1, fix_mtl=0, using annot = 0
#FML0# MRISripMidline(): nripped=6139
#FML# MRISripMidline(): nmarked=6139, nmarked2=14, nripped=6139
Ripping segs (eg, WMSA, BG, frozen)
Starting MRISripSegs() d = (-2 2 0.5) segnos: 247 247 
MRISripSegs(): -2 2 0.5 ripped 0
Computing target border values 
Entering MRIScomputeBorderValues_new(): 
  inside_hi   = 120.0000000;
  border_hi   = 110.5345460;
  border_low  =  73.0000000;
  outside_low =  64.8405840;
  outside_hi  = 110.5345460;
  sigma = 2;
  max_thickness = 10;
  step_size=0.5;
  STEP_SIZE=0.1;
  which = 1
  thresh = 0
  flags = 0
  CBVfindFirstPeakD1=0
  CBVfindFirstPeakD2=0
  nvertices=151317
  Gdiag_no=-1
  vno start=0, stop=151317
Replacing 255s with 0s
#SI# sigma=2 had to be increased for 46 vertices, nripped=6139
mean border=84.6, 18 (18) missing vertices, mean dist 0.2 [0.5 (%43.7)->0.7 (%56.3))]
%83 local maxima, %13 large gradients and % 0 min vals, 0 gradients ignored
nFirstPeakD1 0
MRIScomputeBorderValues_new() finished in 0.0141 min


Finding expansion regions
mean absolute distance = 0.63 +- 0.79
5079 vertices more than 2 sigmas from mean.
Averaging target values for 5 iterations...
Positioning Surface: tspring = 0.3, nspring = 0.3, spring = 0, niters = 100 l_repulse = 5, l_surf_repulse = 0, checktol = 0
Positioning pial surface
Entering MRISpositionSurface()
  max_mm = 0.3
  MAX_REDUCTIONS = 2, REDUCTION_PCT = 0.5
  parms->check_tol = 0, niterations = 100
tol=1.0e-04, sigma=2.0, host=dna08, nav=4, nbrs=2, l_repulse=5.000, l_tspring=0.300, l_nspring=0.300, l_intensity=0.200, l_curv=1.000
mom=0.00, dt=0.50
complete_dist_mat 0
rms 0
smooth_averages 0
remove_neg 0
ico_order 0
which_surface 0
target_radius 0.000000
nfields 0
scale 0.000000
desired_rms_height 0.000000
momentum 0.000000
nbhd_size 0
max_nbrs 0
niterations 100
nsurfaces 0
SURFACES 3
flags 0 (0)
use curv 0
no sulc 0
no rigid align 0
mris->nsize 2
mris->hemisphere 1
randomSeed 0

000: dt: 0.0000, sse=2183906.2, rms=8.335
001: dt: 0.5000, sse=1144047.8, rms=5.817 (30.211%)
002: dt: 0.5000, sse=726204.8, rms=4.413 (24.137%)
003: dt: 0.5000, sse=546398.0, rms=3.640 (17.502%)
004: dt: 0.5000, sse=454807.4, rms=3.163 (13.112%)
005: dt: 0.5000, sse=407552.5, rms=2.894 (8.504%)
006: dt: 0.5000, sse=380957.2, rms=2.730 (5.669%)
007: dt: 0.5000, sse=372599.9, rms=2.660 (2.564%)
008: dt: 0.5000, sse=363730.1, rms=2.596 (2.394%)
rms = 2.5787/2.5963, sse=366409.0/363730.1, time step reduction 1 of 3 to 0.250  0 1 1
009: dt: 0.5000, sse=366409.0, rms=2.579 (0.678%)
010: dt: 0.2500, sse=230604.1, rms=1.417 (45.055%)
011: dt: 0.2500, sse=217491.8, rms=1.235 (12.869%)
rms = 1.1884/1.2345, sse=215752.5/217491.8, time step reduction 2 of 3 to 0.125  0 0 1
012: dt: 0.2500, sse=215752.5, rms=1.188 (3.733%)
rms = 1.1578/1.1884, sse=212093.5/215752.5, time step reduction 3 of 3 to 0.062  0 0 1
013: dt: 0.1250, sse=212093.5, rms=1.158 (2.575%)
  maximum number of reductions reached, breaking from loop
positioning took 1.0 minutes
Iteration 1 =========================================
n_averages=2, current_sigma=1
Freezing midline and others
Ripping frozen voxels
INFO: rip surface needed but not specified, so using input surface
Freezing midline and others
Entering: MRISripMidline(): inhibiting deformation at non-cortical midline structures...
  which=1, fix_mtl=0, using annot = 0
#FML0# MRISripMidline(): nripped=6139
removing 3 vertices from ripped group in thread:0
removing 2 vertices from ripped group in thread:0
removing 3 vertices from ripped group in thread:0
removing 3 vertices from ripped group in thread:0
#FML# MRISripMidline(): nmarked=6328, nmarked2=17, nripped=6328
Ripping segs (eg, WMSA, BG, frozen)
Starting MRISripSegs() d = (-2 2 0.5) segnos: 247 247 247 
MRISripSegs(): -2 2 0.5 ripped 0
Computing target border values 
Entering MRIScomputeBorderValues_new(): 
  inside_hi   = 120.0000000;
  border_hi   = 110.5345460;
  border_low  =  73.0000000;
  outside_low =  64.8405840;
  outside_hi  = 110.5345460;
  sigma = 1;
  max_thickness = 10;
  step_size=0.5;
  STEP_SIZE=0.1;
  which = 1
  thresh = 0
  flags = 0
  CBVfindFirstPeakD1=0
  CBVfindFirstPeakD2=0
  nvertices=151317
  Gdiag_no=-1
  vno start=0, stop=151317
Replacing 255s with 0s
#SI# sigma=1 had to be increased for 95 vertices, nripped=6328
mean border=86.8, 57 (3) missing vertices, mean dist -0.1 [0.3 (%75.1)->0.3 (%24.9))]
%89 local maxima, % 7 large gradients and % 0 min vals, 0 gradients ignored
nFirstPeakD1 0
MRIScomputeBorderValues_new() finished in 0.0093 min


Finding expansion regions
mean absolute distance = 0.28 +- 0.52
2768 vertices more than 2 sigmas from mean.
Averaging target values for 5 iterations...
Positioning Surface: tspring = 0.3, nspring = 0.3, spring = 0, niters = 100 l_repulse = 5, l_surf_repulse = 0, checktol = 0
Positioning pial surface
Entering MRISpositionSurface()
  max_mm = 0.3
  MAX_REDUCTIONS = 2, REDUCTION_PCT = 0.5
  parms->check_tol = 0, niterations = 100
tol=1.0e-04, sigma=1.0, host=dna08, nav=2, nbrs=2, l_repulse=5.000, l_tspring=0.300, l_nspring=0.300, l_intensity=0.200, l_curv=1.000
mom=0.00, dt=0.50
000: dt: 0.0000, sse=579129.0, rms=3.494
014: dt: 0.5000, sse=353143.7, rms=2.093 (40.107%)
015: dt: 0.5000, sse=343899.2, rms=2.017 (3.622%)
rms = 1.9776/2.0169, sse=337693.3/343899.2, time step reduction 1 of 3 to 0.250  0 0 1
016: dt: 0.5000, sse=337693.3, rms=1.978 (1.945%)
017: dt: 0.2500, sse=263878.4, rms=1.151 (41.817%)
018: dt: 0.2500, sse=256758.3, rms=1.027 (10.746%)
rms = 1.0034/1.0270, sse=255798.5/256758.3, time step reduction 2 of 3 to 0.125  0 0 1
019: dt: 0.2500, sse=255798.5, rms=1.003 (2.296%)
rms = 0.9808/1.0034, sse=254817.1/255798.5, time step reduction 3 of 3 to 0.062  0 0 1
020: dt: 0.1250, sse=254817.1, rms=0.981 (2.257%)
  maximum number of reductions reached, breaking from loop
positioning took 0.5 minutes
Iteration 2 =========================================
n_averages=1, current_sigma=0.5
Freezing midline and others
Ripping frozen voxels
INFO: rip surface needed but not specified, so using input surface
Freezing midline and others
Entering: MRISripMidline(): inhibiting deformation at non-cortical midline structures...
  which=1, fix_mtl=0, using annot = 0
#FML0# MRISripMidline(): nripped=6328
removing 3 vertices from ripped group in thread:0
removing 2 vertices from ripped group in thread:0
removing 2 vertices from ripped group in thread:0
removing 2 vertices from ripped group in thread:0
removing 3 vertices from ripped group in thread:0
removing 3 vertices from ripped group in thread:0
#FML# MRISripMidline(): nmarked=6413, nmarked2=17, nripped=6413
Ripping segs (eg, WMSA, BG, frozen)
Starting MRISripSegs() d = (-2 2 0.5) segnos: 247 247 247 247 
MRISripSegs(): -2 2 0.5 ripped 0
Computing target border values 
Entering MRIScomputeBorderValues_new(): 
  inside_hi   = 120.0000000;
  border_hi   = 110.5345460;
  border_low  =  73.0000000;
  outside_low =  64.8405840;
  outside_hi  = 110.5345460;
  sigma = 0.5;
  max_thickness = 10;
  step_size=0.5;
  STEP_SIZE=0.1;
  which = 1
  thresh = 0
  flags = 0
  CBVfindFirstPeakD1=0
  CBVfindFirstPeakD2=0
  nvertices=151317
  Gdiag_no=-1
  vno start=0, stop=151317
Replacing 255s with 0s
#SI# sigma=0.5 had to be increased for 93 vertices, nripped=6413
mean border=88.1, 57 (2) missing vertices, mean dist -0.1 [0.2 (%70.0)->0.2 (%30.0))]
%92 local maxima, % 4 large gradients and % 0 min vals, 0 gradients ignored
nFirstPeakD1 0
MRIScomputeBorderValues_new() finished in 0.0053 min


Finding expansion regions
mean absolute distance = 0.21 +- 0.38
2772 vertices more than 2 sigmas from mean.
Averaging target values for 5 iterations...
Positioning Surface: tspring = 0.3, nspring = 0.3, spring = 0, niters = 100 l_repulse = 5, l_surf_repulse = 0, checktol = 0
Positioning pial surface
Entering MRISpositionSurface()
  max_mm = 0.3
  MAX_REDUCTIONS = 2, REDUCTION_PCT = 0.5
  parms->check_tol = 0, niterations = 100
tol=1.0e-04, sigma=0.5, host=dna08, nav=1, nbrs=2, l_repulse=5.000, l_tspring=0.300, l_nspring=0.300, l_intensity=0.200, l_curv=1.000
mom=0.00, dt=0.50
000: dt: 0.0000, sse=347000.3, rms=2.041
021: dt: 0.5000, sse=312812.7, rms=1.710 (16.213%)
rms = 1.8198/1.7103, sse=324363.4/312812.7, time step reduction 1 of 3 to 0.250  0 1 1
   RMS increased, rejecting step
022: dt: 0.2500, sse=269816.7, rms=1.192 (30.309%)
023: dt: 0.2500, sse=256167.6, rms=0.947 (20.572%)
rms = 0.9003/0.9467, sse=251554.8/256167.6, time step reduction 2 of 3 to 0.125  0 0 1
024: dt: 0.2500, sse=251554.8, rms=0.900 (4.898%)
rms = 0.8829/0.9003, sse=251336.0/251554.8, time step reduction 3 of 3 to 0.062  0 0 1
025: dt: 0.1250, sse=251336.0, rms=0.883 (1.941%)
  maximum number of reductions reached, breaking from loop
positioning took 0.4 minutes
Iteration 3 =========================================
n_averages=0, current_sigma=0.25
Freezing midline and others
Ripping frozen voxels
INFO: rip surface needed but not specified, so using input surface
Freezing midline and others
Entering: MRISripMidline(): inhibiting deformation at non-cortical midline structures...
  which=1, fix_mtl=0, using annot = 0
#FML0# MRISripMidline(): nripped=6413
removing 3 vertices from ripped group in thread:0
removing 3 vertices from ripped group in thread:0
removing 4 vertices from ripped group in thread:0
removing 4 vertices from ripped group in thread:0
removing 3 vertices from ripped group in thread:0
removing 2 vertices from ripped group in thread:0
removing 3 vertices from ripped group in thread:0
removing 2 vertices from ripped group in thread:0
removing 3 vertices from ripped group in thread:0
removing 4 vertices from ripped group in thread:0
#FML# MRISripMidline(): nmarked=6428, nmarked2=17, nripped=6428
Ripping segs (eg, WMSA, BG, frozen)
Starting MRISripSegs() d = (-2 2 0.5) segnos: 247 247 247 247 247 
MRISripSegs(): -2 2 0.5 ripped 0
Computing target border values 
Entering MRIScomputeBorderValues_new(): 
  inside_hi   = 120.0000000;
  border_hi   = 110.5345460;
  border_low  =  73.0000000;
  outside_low =  64.8405840;
  outside_hi  = 110.5345460;
  sigma = 0.25;
  max_thickness = 10;
  step_size=0.5;
  STEP_SIZE=0.1;
  which = 1
  thresh = 0
  flags = 0
  CBVfindFirstPeakD1=0
  CBVfindFirstPeakD2=0
  nvertices=151317
  Gdiag_no=-1
  vno start=0, stop=151317
Replacing 255s with 0s
#SI# sigma=0.25 had to be increased for 91 vertices, nripped=6428
mean border=88.6, 91 (2) missing vertices, mean dist -0.0 [0.2 (%55.8)->0.2 (%44.2))]
%93 local maxima, % 3 large gradients and % 0 min vals, 0 gradients ignored
nFirstPeakD1 0
MRIScomputeBorderValues_new() finished in 0.0036 min


Finding expansion regions
mean absolute distance = 0.19 +- 0.33
3424 vertices more than 2 sigmas from mean.
Averaging target values for 5 iterations...
Positioning Surface: tspring = 0.3, nspring = 0.3, spring = 0, niters = 100 l_repulse = 5, l_surf_repulse = 0, checktol = 0
Positioning pial surface
Entering MRISpositionSurface()
  max_mm = 0.3
  MAX_REDUCTIONS = 2, REDUCTION_PCT = 0.5
  parms->check_tol = 0, niterations = 100
tol=1.0e-04, sigma=0.2, host=dna08, nav=0, nbrs=2, l_repulse=5.000, l_tspring=0.300, l_nspring=0.300, l_intensity=0.200, l_curv=1.000
mom=0.00, dt=0.50
000: dt: 0.0000, sse=261010.4, rms=1.078
rms = 1.0046/1.0780, sse=269090.5/261010.4, time step reduction 1 of 3 to 0.250  0 1 0
026: dt: 0.5000, sse=269090.5, rms=1.005 (6.811%)
027: dt: 0.2500, sse=245704.5, rms=0.762 (24.176%)
028: dt: 0.2500, sse=239826.2, rms=0.707 (7.180%)
rms = 0.7167/0.7070, sse=238909.3/239826.2, time step reduction 2 of 3 to 0.125  0 0 1
   RMS increased, rejecting step
rms = 0.7015/0.7070, sse=239250.9/239826.2, time step reduction 3 of 3 to 0.062  0 0 1
029: dt: 0.1250, sse=239250.9, rms=0.701 (0.790%)
  maximum number of reductions reached, breaking from loop
positioning took 0.3 minutes


Writing output to ../surf/rh.white.preaparc
#ET# mris_place_surface  2.34 minutes
#VMPC# mris_place_surfaces VmPeak  3178368
mris_place_surface done
#--------------------------------------------
#@# CortexLabel rh Sun Mar 15 09:45:06 CET 2026
cd /out/sourcedata/freesurfer/sub-v2s10x28969_ses-1/mri
mri_label2label --label-cortex ../surf/rh.white.preaparc aseg.presurf.mgz 0 ../label/rh.cortex.label

 Generating cortex label... RemoveHipAmgy=0
 NucAccIsMedialWall=0
 mris->useRealRAS=0
4 non-cortical segments detected
only using segment with 8098 vertices
erasing segment 1 (vno[0] = 71809)
erasing segment 2 (vno[0] = 87877)
erasing segment 3 (vno[0] = 90939)
#--------------------------------------------
#@# CortexLabel+HipAmyg rh Sun Mar 15 09:45:16 CET 2026
cd /out/sourcedata/freesurfer/sub-v2s10x28969_ses-1/mri
mri_label2label --label-cortex ../surf/rh.white.preaparc aseg.presurf.mgz 1 ../label/rh.cortex+hipamyg.label

 Generating cortex label... RemoveHipAmgy=1
 NucAccIsMedialWall=0
 mris->useRealRAS=0
9 non-cortical segments detected
only using segment with 5280 vertices
erasing segment 1 (vno[0] = 43150)
erasing segment 2 (vno[0] = 50080)
erasing segment 3 (vno[0] = 52459)
erasing segment 4 (vno[0] = 52484)
erasing segment 5 (vno[0] = 53592)
erasing segment 6 (vno[0] = 76798)
erasing segment 7 (vno[0] = 88927)
erasing segment 8 (vno[0] = 90939)
#--------------------------------------------
#@# Smooth2 rh Sun Mar 15 09:45:26 CET 2026
/out/sourcedata/freesurfer/sub-v2s10x28969_ses-1/scripts

 mris_smooth -n 3 -nw -seed 1234 ../surf/rh.white.preaparc ../surf/rh.smoothwm 

smoothing for 3 iterations
setting seed for random number generator to 1234
smoothing surface tessellation for 3 iterations...
smoothing complete - recomputing first and second fundamental forms...
#--------------------------------------------
#@# Inflation2 rh Sun Mar 15 09:45:28 CET 2026
/out/sourcedata/freesurfer/sub-v2s10x28969_ses-1/scripts

 mris_inflate ../surf/rh.smoothwm ../surf/rh.inflated 

Reading ../surf/rh.smoothwm
avg radius = 46.1 mm, total surface area = 94187 mm^2
step 000: RMS=0.173 (target=0.015)   step 005: RMS=0.115 (target=0.015)   step 010: RMS=0.086 (target=0.015)   step 015: RMS=0.072 (target=0.015)   step 020: RMS=0.060 (target=0.015)   step 025: RMS=0.050 (target=0.015)   step 030: RMS=0.041 (target=0.015)   step 035: RMS=0.034 (target=0.015)   step 040: RMS=0.029 (target=0.015)   step 045: RMS=0.025 (target=0.015)   step 050: RMS=0.023 (target=0.015)   step 055: RMS=0.021 (target=0.015)   step 060: RMS=0.020 (target=0.015)   writing inflated surface to ../surf/rh.inflated
writing sulcal depths to ../surf/rh.sulc

inflation complete.
inflation took 0.1 minutes
mris_inflate utimesec    40.790354
mris_inflate stimesec    0.613866
mris_inflate ru_maxrss   233224
mris_inflate ru_ixrss    0
mris_inflate ru_idrss    0
mris_inflate ru_isrss    0
mris_inflate ru_minflt   181488
mris_inflate ru_majflt   13
mris_inflate ru_nswap    0
mris_inflate ru_inblock  0
mris_inflate ru_oublock  11832
mris_inflate ru_msgsnd   0
mris_inflate ru_msgrcv   0
mris_inflate ru_nsignals 0
mris_inflate ru_nvcsw    4831
mris_inflate ru_nivcsw   221
#--------------------------------------------
#@# Curv .H and .K rh Sun Mar 15 09:45:35 CET 2026
/out/sourcedata/freesurfer/sub-v2s10x28969_ses-1/surf

 mris_curvature -w -seed 1234 rh.white.preaparc 

setting seed for random number generator to 1234
total integrated curvature = 25.470*4pi (320.060) --> -24 handles
ICI = 157.0, FI = 1784.3, variation=27214.827
writing Gaussian curvature to ./rh.white.preaparc.K...done.
writing mean curvature to ./rh.white.preaparc.H...done.
rm -f rh.white.H
ln -s rh.white.preaparc.H rh.white.H
rm -f rh.white.K
ln -s rh.white.preaparc.K rh.white.K

 mris_curvature -seed 1234 -thresh .999 -n -a 5 -w -distances 10 10 rh.inflated 

setting seed for random number generator to 1234
normalizing curvature values.
averaging curvature patterns 5 times.
sampling 10 neighbors out to a distance of 10 mm
214 vertices thresholded to be in k1 ~ [-0.28 0.41], k2 ~ [-0.10 0.06]
total integrated curvature = 0.458*4pi (5.756) --> 1 handles
ICI = 1.7, FI = 11.8, variation=200.941
130 vertices thresholded to be in [-0.01 0.02]
writing Gaussian curvature to ./rh.inflated.K...thresholding curvature at 99.90% level
curvature mean = 0.000, std = 0.001
164 vertices thresholded to be in [-0.13 0.21]
done.
writing mean curvature to ./rh.inflated.H...curvature mean = -0.015, std = 0.025
done.
#--------------------------------------------
#@# Sphere rh Sun Mar 15 09:46:17 CET 2026
/out/sourcedata/freesurfer/sub-v2s10x28969_ses-1/scripts

 mris_sphere -seed 1234 ../surf/rh.inflated ../surf/rh.sphere 

setting seed for random number genererator to 1234
version: 7.3.2
available threads: 16
reading original vertex positions...
projecting onto sphere...
surface projected - minimizing metric distortion...
scaling brain by 0.293...
MRISunfold() max_passes = 1 -------
tol=5.0e-01, sigma=0.0, host=dna08, nav=1024, nbrs=2, l_area=1.000, l_dist=1.000
using quadratic fit line minimization
complete_dist_mat 0
rms 0
smooth_averages 0
remove_neg 0
ico_order 0
which_surface 0
target_radius 0.000000
nfields 0
scale 1.000000
desired_rms_height -1.000000
momentum 0.900000
nbhd_size 7
max_nbrs 8
niterations 25
nsurfaces 0
SURFACES 3
flags 0 (0)
use curv 0
no sulc 0
no rigid align 0
mris->nsize 2
mris->hemisphere 1
randomSeed 1234

--------------------
  mrisRemoveNegativeArea()
pass 1: epoch 1 of 3 starting distance error %20.06
pass 1: epoch 2 of 3 starting distance error %19.92
unfolding complete - removing small folds...
starting distance error %19.84
removing remaining folds...
final distance error %19.87
MRISunfold() return, current seed 1234
-01: dt=0.0000,   9 negative triangles  VmPeak 2443632
172: dt=0.9900,   9 negative triangles
173: dt=0.9900,   5 negative triangles
174: dt=0.9900,   3 negative triangles
175: dt=0.9900,   2 negative triangles
176: dt=0.9900,   4 negative triangles
177: dt=0.9900,   2 negative triangles
178: dt=0.9900,   4 negative triangles
179: dt=0.9900,   2 negative triangles
writing spherical brain to ../surf/rh.sphere
spherical transformation took 0.0359 hours
FSRUNTIME@ mris_sphere  0.0359 hours 16 threads
#VMPC# mris_sphere VmPeak  2443632
mris_sphere done
#--------------------------------------------
#@# Surf Reg rh Sun Mar 15 09:48:26 CET 2026
/out/sourcedata/freesurfer/sub-v2s10x28969_ses-1/scripts

 mris_register -curv ../surf/rh.sphere /opt/freesurfer/average/rh.folding.atlas.acfb40.noaparc.i12.2016-08-02.tif ../surf/rh.sphere.reg 

using smoothwm curvature for final alignment

cwd /out/sourcedata/freesurfer/sub-v2s10x28969_ses-1/scripts
cmdline mris_register -curv ../surf/rh.sphere /opt/freesurfer/average/rh.folding.atlas.acfb40.noaparc.i12.2016-08-02.tif ../surf/rh.sphere.reg 

0 inflated.H
1 sulc
2 smoothwm (computed)
7.3.2
  7.3.2
reading surface from ../surf/rh.sphere...
reading template parameterization from /opt/freesurfer/average/rh.folding.atlas.acfb40.noaparc.i12.2016-08-02.tif...
MRISregister() -------
max_passes = 4 
min_degrees = 0.500000 
max_degrees = 64.000000 
nangles = 8 
tol=5.0e-01, sigma=0.0, host=dna08, nav=1024, nbrs=1, l_extern=10000.000, l_parea=0.200, l_nlarea=1.000, l_corr=1.000, l_dist=5.000
using quadratic fit line minimization
complete_dist_mat 0
rms 0
smooth_averages 0
remove_neg 0
ico_order 0
which_surface 0
target_radius 0.000000
nfields 0
scale 0.000000
desired_rms_height -1.000000
momentum 0.950000
nbhd_size -10
max_nbrs 10
niterations 25
nsurfaces 0
SURFACES 3
flags 16 (10)
use curv 16
no sulc 0
no rigid align 0
mris->nsize 1
mris->hemisphere 1
randomSeed 0

tol=5.0e-01, sigma=0.0, host=dna08, nav=1024, nbrs=1, l_extern=10000.000, l_parea=0.200, l_nlarea=1.000, l_corr=1.000, l_dist=5.000
using quadratic fit line minimization
--------------------
1 Reading rh.sulc
tol=1.0e+00, sigma=0.5, host=dna08, nav=1024, nbrs=1, l_extern=10000.000, l_parea=0.200, l_nlarea=1.000, l_corr=0.050, l_spring=0.500, l_dist=5.000
using quadratic fit line minimization
curvature mean = 0.000, std = 5.718
curvature mean = 0.041, std = 0.815
curvature mean = 0.011, std = 0.858
Starting MRISrigidBodyAlignGlobal()
Starting new MRISrigidBodyAlignGlobal_findMinSSE()
  new MRISrigidBodyAlignGlobal_findMinSSE min @ (3.50, -6.00, 8.00) sse = 277984.0, elapsed since starting=0.0500 min
MRISrigidBodyAlignGlobal() done   0.05 min
curvature mean = 0.010, std = 0.814
curvature mean = 0.004, std = 0.942
curvature mean = 0.004, std = 0.821
curvature mean = 0.002, std = 0.976
curvature mean = 0.001, std = 0.821
curvature mean = 0.000, std = 0.990
2 Reading smoothwm
curvature mean = -0.019, std = 0.281
curvature mean = 0.037, std = 0.239
curvature mean = 0.056, std = 0.338
curvature mean = 0.032, std = 0.297
curvature mean = 0.035, std = 0.531
curvature mean = 0.031, std = 0.324
curvature mean = 0.020, std = 0.676
curvature mean = 0.031, std = 0.336
curvature mean = 0.005, std = 0.789
MRISregister() return, current seed 0
-01: dt=0.0000,  20 negative triangles  VmPeak 2403620
119: dt=0.9900,  20 negative triangles
120: dt=0.9900,  16 negative triangles
121: dt=0.9900,  12 negative triangles
122: dt=0.9900,   8 negative triangles
123: dt=0.9900,   7 negative triangles
124: dt=0.9900,   4 negative triangles
125: dt=0.9900,   4 negative triangles
126: dt=0.9900,   2 negative triangles
127: dt=0.9900,   3 negative triangles
128: dt=0.9900,   1 negative triangles
129: dt=0.9900,   3 negative triangles
130: dt=0.9900,   1 negative triangles
131: dt=0.9900,   3 negative triangles
132: dt=0.9900,   1 negative triangles
133: dt=0.9900,   2 negative triangles
134: dt=0.9900,   1 negative triangles
135: dt=0.9900,   1 negative triangles
136: dt=0.9900,   1 negative triangles
137: dt=0.9900,   3 negative triangles
138: dt=0.9405,   1 negative triangles
writing registered surface to ../surf/rh.sphere.reg...
registration took 0.05 hours
#VMPC# mris_register VmPeak  2403620
FSRUNTIME@ mris_register  0.0459 hours 16 threads

 ln -sf rh.sphere.reg rh.fsaverage.sphere.reg 

#--------------------------------------------
#@# Jacobian white rh Sun Mar 15 09:51:11 CET 2026
/out/sourcedata/freesurfer/sub-v2s10x28969_ses-1/scripts

 mris_jacobian ../surf/rh.white.preaparc ../surf/rh.sphere.reg ../surf/rh.jacobian_white 

reading surface from ../surf/rh.white.preaparc...
writing curvature file ../surf/rh.jacobian_white
#--------------------------------------------
#@# AvgCurv rh Sun Mar 15 09:51:12 CET 2026
/out/sourcedata/freesurfer/sub-v2s10x28969_ses-1/scripts

 mrisp_paint -a 5 /opt/freesurfer/average/rh.folding.atlas.acfb40.noaparc.i12.2016-08-02.tif#6 ../surf/rh.sphere.reg ../surf/rh.avg_curv 

averaging curvature patterns 5 times...
reading surface from ../surf/rh.sphere.reg...
reading template parameterization from /opt/freesurfer/average/rh.folding.atlas.acfb40.noaparc.i12.2016-08-02.tif...
writing curvature file to ../surf/rh.avg_curv...
#-----------------------------------------
#@# Cortical Parc rh Sun Mar 15 09:51:12 CET 2026
/out/sourcedata/freesurfer/sub-v2s10x28969_ses-1/scripts

 mris_ca_label -l ../label/rh.cortex.label -aseg ../mri/aseg.presurf.mgz -seed 1234 sub-v2s10x28969_ses-1 rh ../surf/rh.sphere.reg /opt/freesurfer/average/rh.DKaparc.atlas.acfb40.noaparc.i12.2016-08-02.gcs ../label/rh.aparc.annot 

setting seed for random number generator to 1234
using ../mri/aseg.presurf.mgz aseg volume to correct midline
7.3.2
  7.3.2
reading atlas from /opt/freesurfer/average/rh.DKaparc.atlas.acfb40.noaparc.i12.2016-08-02.gcs...
reading color table from GCSA file....
average std = 0.7   using min determinant for regularization = 0.004
0 singular and 309 ill-conditioned covariance matrices regularized
input 0: MEAN CURVATURE, flags 0, avgs 5, name mean_curvature
labeling surface...
1844 labels changed using aseg
relabeling using gibbs priors...
000:   3137 changed, 151317 examined...
001:    778 changed, 13357 examined...
002:    167 changed, 4391 examined...
003:     50 changed, 1067 examined...
004:     21 changed, 321 examined...
005:     12 changed, 133 examined...
006:      3 changed, 74 examined...
007:      3 changed, 18 examined...
008:      1 changed, 18 examined...
009:      2 changed, 8 examined...
010:      3 changed, 13 examined...
011:      1 changed, 16 examined...
012:      0 changed, 7 examined...
165 labels changed using aseg
000: 112 total segments, 75 labels (219 vertices) changed
001: 39 total segments, 2 labels (3 vertices) changed
002: 37 total segments, 0 labels (0 vertices) changed
10 filter iterations complete (10 requested, 4 changed)
rationalizing unknown annotations with cortex label
relabeling unknown label...
relabeling corpuscallosum label...
2214 vertices marked for relabeling...
2214 labels changed in reclassification.
writing output to ../label/rh.aparc.annot...
classification took 0 minutes and 7 seconds.
#--------------------------------------------
#@# WhiteSurfs rh Sun Mar 15 09:51:20 CET 2026
cd /out/sourcedata/freesurfer/sub-v2s10x28969_ses-1/mri
mris_place_surface --adgws-in ../surf/autodet.gw.stats.rh.dat --seg aseg.presurf.mgz --threads 16 --wm wm.mgz --invol brain.finalsurfs.mgz --rh --i ../surf/rh.white.preaparc --o ../surf/rh.white --white --nsmooth 0 --rip-label ../label/rh.cortex.label --rip-bg --rip-surf ../surf/rh.white.preaparc --aparc ../label/rh.aparc.annot
7.3.2
7.3.2

cd /out/sourcedata/freesurfer/sub-v2s10x28969_ses-1/mri
setenv SUBJECTS_DIR /out/sourcedata/freesurfer
mris_place_surface --adgws-in ../surf/autodet.gw.stats.rh.dat --seg aseg.presurf.mgz --threads 16 --wm wm.mgz --invol brain.finalsurfs.mgz --rh --i ../surf/rh.white.preaparc --o ../surf/rh.white --white --nsmooth 0 --rip-label ../label/rh.cortex.label --rip-bg --rip-surf ../surf/rh.white.preaparc --aparc ../label/rh.aparc.annot 

Reading in input surface ../surf/rh.white.preaparc
Not smoothing input surface
Area    302630  0.34175  0.11868 0.001369   1.5908
Corner  907890 60.00000 13.45888 1.056374 175.9210
Edge    453945  0.89837  0.19599 0.024873   3.2451
Hinge   453945  9.39032 10.65436 0.000074 179.3350
Reading in aparc ../label/rh.aparc.annot
Reading in input volume brain.finalsurfs.mgz
Reading in wm volume wm.mgz
MRIclipBrightWM(): nthresh=15211, wmmin=5, clip=110 
MRIfindBrightNonWM(): 0 bright non-wm voxels segmented.
Masking bright non-wm for white surface
MRImask(): AllowDiffGeom = 1
MRImask(): AllowDiffGeom = 1
Reading in seg volume aseg.presurf.mgz
Ripping frozen voxels
Ripping vertices not in label ../label/rh.cortex.label
MRISripNotLabel() ripped 8370/151317 vertices (142947 unripped)
Reading in ripping surface ../surf/rh.white.preaparc
Reading in aparc ../label/rh.aparc.annot for ripsurf
Ripping BG
MRISripBasalGanglia(): 1 -2 2 0.5 ripped 467
Ripping segs (eg, WMSA, BG, frozen)
Starting MRISripSegs() d = (-2 2 0.5) segnos: 247 
MRISripSegs(): -2 2 0.5 ripped 0
vertex 75659: xyz = (42.1525,-6.41866,12.0933) oxyz = (42.1525,-6.41866,12.0933) wxzy = (42.1525,-6.41866,12.0933) pxyz = (0,0,0) 
CBVO Creating mask 151317
n_averages 4
Iteration 0 =========================================
n_averages=4, current_sigma=2
Computing target border values 
Entering MRIScomputeBorderValues_new(): 
  inside_hi   = 120.0000000;
  border_hi   = 110.5345460;
  border_low  =  73.0000000;
  outside_low =  64.8405840;
  outside_hi  = 110.5345460;
  sigma = 2;
  max_thickness = 10;
  step_size=0.5;
  STEP_SIZE=0.1;
  which = 1
  thresh = 0
  flags = 0
  CBVfindFirstPeakD1=0
  CBVfindFirstPeakD2=0
  nvertices=151317
  Gdiag_no=-1
  vno start=0, stop=151317
Replacing 255s with 0s
#SI# sigma=2 had to be increased for 55 vertices, nripped=8837
mean border=83.9, 108 (108) missing vertices, mean dist 0.3 [0.7 (%13.8)->0.5 (%86.2))]
%77 local maxima, %17 large gradients and % 0 min vals, 0 gradients ignored
nFirstPeakD1 0
MRIScomputeBorderValues_new() finished in 0.0129 min


Finding expansion regions
mean absolute distance = 0.49 +- 0.78
2906 vertices more than 2 sigmas from mean.
Averaging target values for 5 iterations...
Positioning Surface: tspring = 0.3, nspring = 0.3, spring = 0, niters = 100 l_repulse = 5, l_surf_repulse = 0, checktol = 0
Positioning pial surface
Entering MRISpositionSurface()
  max_mm = 0.3
  MAX_REDUCTIONS = 2, REDUCTION_PCT = 0.5
  parms->check_tol = 0, niterations = 100
tol=1.0e-04, sigma=2.0, host=dna08, nav=4, nbrs=2, l_repulse=5.000, l_tspring=0.300, l_nspring=0.300, l_intensity=0.200, l_curv=1.000
mom=0.00, dt=0.50
complete_dist_mat 0
rms 0
smooth_averages 0
remove_neg 0
ico_order 0
which_surface 0
target_radius 0.000000
nfields 0
scale 0.000000
desired_rms_height 0.000000
momentum 0.000000
nbhd_size 0
max_nbrs 0
niterations 100
nsurfaces 0
SURFACES 3
flags 0 (0)
use curv 0
no sulc 0
no rigid align 0
mris->nsize 2
mris->hemisphere 1
randomSeed 0

000: dt: 0.0000, sse=1239114.2, rms=5.987
001: dt: 0.5000, sse=521311.9, rms=3.275 (45.296%)
002: dt: 0.5000, sse=370355.4, rms=2.326 (28.997%)
003: dt: 0.5000, sse=346381.3, rms=2.128 (8.501%)
004: dt: 0.5000, sse=332989.2, rms=1.993 (6.357%)
rms = 2.0755/1.9926, sse=342171.9/332989.2, time step reduction 1 of 3 to 0.250  0 1 1
   RMS increased, rejecting step
005: dt: 0.2500, sse=278653.0, rms=1.427 (28.393%)
006: dt: 0.2500, sse=259981.1, rms=1.163 (18.525%)
007: dt: 0.2500, sse=256626.1, rms=1.098 (5.522%)
rms = 1.0779/1.0983, sse=254942.6/256626.1, time step reduction 2 of 3 to 0.125  0 0 1
008: dt: 0.2500, sse=254942.6, rms=1.078 (1.858%)
rms = 1.0594/1.0779, sse=253997.5/254942.6, time step reduction 3 of 3 to 0.062  0 0 1
009: dt: 0.1250, sse=253997.5, rms=1.059 (1.722%)
  maximum number of reductions reached, breaking from loop
positioning took 0.8 minutes
Iteration 1 =========================================
n_averages=2, current_sigma=1
Computing target border values 
Entering MRIScomputeBorderValues_new(): 
  inside_hi   = 120.0000000;
  border_hi   = 110.5345460;
  border_low  =  73.0000000;
  outside_low =  64.8405840;
  outside_hi  = 110.5345460;
  sigma = 1;
  max_thickness = 10;
  step_size=0.5;
  STEP_SIZE=0.1;
  which = 1
  thresh = 0
  flags = 0
  CBVfindFirstPeakD1=0
  CBVfindFirstPeakD2=0
  nvertices=151317
  Gdiag_no=-1
  vno start=0, stop=151317
Replacing 255s with 0s
#SI# sigma=1 had to be increased for 53 vertices, nripped=8837
mean border=86.4, 67 (30) missing vertices, mean dist -0.2 [0.3 (%78.3)->0.3 (%21.7))]
%86 local maxima, % 8 large gradients and % 0 min vals, 0 gradients ignored
nFirstPeakD1 0
MRIScomputeBorderValues_new() finished in 0.0096 min


Finding expansion regions
mean absolute distance = 0.29 +- 0.55
2217 vertices more than 2 sigmas from mean.
Averaging target values for 5 iterations...
Positioning Surface: tspring = 0.3, nspring = 0.3, spring = 0, niters = 100 l_repulse = 5, l_surf_repulse = 0, checktol = 0
Positioning pial surface
Entering MRISpositionSurface()
  max_mm = 0.3
  MAX_REDUCTIONS = 2, REDUCTION_PCT = 0.5
  parms->check_tol = 0, niterations = 100
tol=1.0e-04, sigma=1.0, host=dna08, nav=2, nbrs=2, l_repulse=5.000, l_tspring=0.300, l_nspring=0.300, l_intensity=0.200, l_curv=1.000
mom=0.00, dt=0.50
000: dt: 0.0000, sse=580287.6, rms=3.488
010: dt: 0.5000, sse=349748.5, rms=1.983 (43.141%)
011: dt: 0.5000, sse=336736.5, rms=1.881 (5.169%)
rms = 1.8520/1.8810, sse=332376.4/336736.5, time step reduction 1 of 3 to 0.250  0 0 1
012: dt: 0.5000, sse=332376.4, rms=1.852 (1.539%)
013: dt: 0.2500, sse=264893.5, rms=1.034 (44.164%)
014: dt: 0.2500, sse=258733.8, rms=0.922 (10.877%)
rms = 0.9098/0.9216, sse=258456.0/258733.8, time step reduction 2 of 3 to 0.125  0 0 1
015: dt: 0.2500, sse=258456.0, rms=0.910 (1.282%)
rms = 0.8897/0.9098, sse=258255.6/258456.0, time step reduction 3 of 3 to 0.062  0 0 1
016: dt: 0.1250, sse=258255.6, rms=0.890 (2.211%)
  maximum number of reductions reached, breaking from loop
positioning took 0.5 minutes
Iteration 2 =========================================
n_averages=1, current_sigma=0.5
Computing target border values 
Entering MRIScomputeBorderValues_new(): 
  inside_hi   = 120.0000000;
  border_hi   = 110.5345460;
  border_low  =  73.0000000;
  outside_low =  64.8405840;
  outside_hi  = 110.5345460;
  sigma = 0.5;
  max_thickness = 10;
  step_size=0.5;
  STEP_SIZE=0.1;
  which = 1
  thresh = 0
  flags = 0
  CBVfindFirstPeakD1=0
  CBVfindFirstPeakD2=0
  nvertices=151317
  Gdiag_no=-1
  vno start=0, stop=151317
Replacing 255s with 0s
#SI# sigma=0.5 had to be increased for 57 vertices, nripped=8837
mean border=87.9, 55 (11) missing vertices, mean dist -0.1 [0.2 (%70.6)->0.2 (%29.4))]
%90 local maxima, % 4 large gradients and % 0 min vals, 0 gradients ignored
nFirstPeakD1 0
MRIScomputeBorderValues_new() finished in 0.0052 min


Finding expansion regions
mean absolute distance = 0.21 +- 0.38
2689 vertices more than 2 sigmas from mean.
Averaging target values for 5 iterations...
Positioning Surface: tspring = 0.3, nspring = 0.3, spring = 0, niters = 100 l_repulse = 5, l_surf_repulse = 0, checktol = 0
Positioning pial surface
Entering MRISpositionSurface()
  max_mm = 0.3
  MAX_REDUCTIONS = 2, REDUCTION_PCT = 0.5
  parms->check_tol = 0, niterations = 100
tol=1.0e-04, sigma=0.5, host=dna08, nav=1, nbrs=2, l_repulse=5.000, l_tspring=0.300, l_nspring=0.300, l_intensity=0.200, l_curv=1.000
mom=0.00, dt=0.50
000: dt: 0.0000, sse=349157.3, rms=2.039
017: dt: 0.5000, sse=314439.4, rms=1.674 (17.870%)
rms = 1.7664/1.6745, sse=319012.7/314439.4, time step reduction 1 of 3 to 0.250  0 1 1
   RMS increased, rejecting step
018: dt: 0.2500, sse=270270.7, rms=1.139 (31.966%)
019: dt: 0.2500, sse=253570.1, rms=0.873 (23.332%)
rms = 0.8251/0.8734, sse=250811.2/253570.1, time step reduction 2 of 3 to 0.125  0 0 1
020: dt: 0.2500, sse=250811.2, rms=0.825 (5.528%)
rms = 0.8097/0.8251, sse=250020.2/250811.2, time step reduction 3 of 3 to 0.062  0 0 1
021: dt: 0.1250, sse=250020.2, rms=0.810 (1.871%)
  maximum number of reductions reached, breaking from loop
positioning took 0.4 minutes
Iteration 3 =========================================
n_averages=0, current_sigma=0.25
Computing target border values 
Entering MRIScomputeBorderValues_new(): 
  inside_hi   = 120.0000000;
  border_hi   = 110.5345460;
  border_low  =  73.0000000;
  outside_low =  64.8405840;
  outside_hi  = 110.5345460;
  sigma = 0.25;
  max_thickness = 10;
  step_size=0.5;
  STEP_SIZE=0.1;
  which = 1
  thresh = 0
  flags = 0
  CBVfindFirstPeakD1=0
  CBVfindFirstPeakD2=0
  nvertices=151317
  Gdiag_no=-1
  vno start=0, stop=151317
Replacing 255s with 0s
#SI# sigma=0.25 had to be increased for 74 vertices, nripped=8837
mean border=88.4, 76 (7) missing vertices, mean dist -0.0 [0.2 (%55.8)->0.2 (%44.2))]
%91 local maxima, % 3 large gradients and % 0 min vals, 0 gradients ignored
nFirstPeakD1 0
MRIScomputeBorderValues_new() finished in 0.0035 min


Finding expansion regions
mean absolute distance = 0.19 +- 0.33
3230 vertices more than 2 sigmas from mean.
Averaging target values for 5 iterations...
Positioning Surface: tspring = 0.3, nspring = 0.3, spring = 0, niters = 100 l_repulse = 5, l_surf_repulse = 0, checktol = 0
Positioning pial surface
Entering MRISpositionSurface()
  max_mm = 0.3
  MAX_REDUCTIONS = 2, REDUCTION_PCT = 0.5
  parms->check_tol = 0, niterations = 100
tol=1.0e-04, sigma=0.2, host=dna08, nav=0, nbrs=2, l_repulse=5.000, l_tspring=0.300, l_nspring=0.300, l_intensity=0.200, l_curv=1.000
mom=0.00, dt=0.50
000: dt: 0.0000, sse=259812.4, rms=1.040
rms = 0.9679/1.0397, sse=261513.3/259812.4, time step reduction 1 of 3 to 0.250  0 1 0
022: dt: 0.5000, sse=261513.3, rms=0.968 (6.908%)
023: dt: 0.2500, sse=246726.2, rms=0.719 (25.709%)
024: dt: 0.2500, sse=242094.4, rms=0.658 (8.460%)
rms = 0.6712/0.6582, sse=242429.6/242094.4, time step reduction 2 of 3 to 0.125  0 1 1
   RMS increased, rejecting step
rms = 0.6526/0.6582, sse=241858.1/242094.4, time step reduction 3 of 3 to 0.062  0 0 1
025: dt: 0.1250, sse=241858.1, rms=0.653 (0.851%)
  maximum number of reductions reached, breaking from loop
positioning took 0.3 minutes


Writing output to ../surf/rh.white
#ET# mris_place_surface  2.10 minutes
#VMPC# mris_place_surfaces VmPeak  3117516
mris_place_surface done
#--------------------------------------------
#@# T1PialSurf rh Sun Mar 15 09:53:30 CET 2026
cd /out/sourcedata/freesurfer/sub-v2s10x28969_ses-1/mri
mris_place_surface --adgws-in ../surf/autodet.gw.stats.rh.dat --seg aseg.presurf.mgz --threads 16 --wm wm.mgz --invol brain.finalsurfs.mgz --rh --i ../surf/rh.white --o ../surf/rh.pial.T1 --pial --nsmooth 0 --rip-label ../label/rh.cortex+hipamyg.label --pin-medial-wall ../label/rh.cortex.label --aparc ../label/rh.aparc.annot --repulse-surf ../surf/rh.white --white-surf ../surf/rh.white
7.3.2
7.3.2

cd /out/sourcedata/freesurfer/sub-v2s10x28969_ses-1/mri
setenv SUBJECTS_DIR /out/sourcedata/freesurfer
mris_place_surface --adgws-in ../surf/autodet.gw.stats.rh.dat --seg aseg.presurf.mgz --threads 16 --wm wm.mgz --invol brain.finalsurfs.mgz --rh --i ../surf/rh.white --o ../surf/rh.pial.T1 --pial --nsmooth 0 --rip-label ../label/rh.cortex+hipamyg.label --pin-medial-wall ../label/rh.cortex.label --aparc ../label/rh.aparc.annot --repulse-surf ../surf/rh.white --white-surf ../surf/rh.white 

Reading in input surface ../surf/rh.white
Not smoothing input surface
Area    302630  0.34545  0.13394 0.000819   1.8453
Corner  907890 60.00000 15.12977 0.224318 177.8717
Edge    453945  0.90486  0.21663 0.010230   3.2451
Hinge   453945  9.51561 10.98796 0.000009 179.9775
Reading white surface coordinates from ../surf/rh.white
Reading repulsion surface coordinates from ../surf/rh.white
Reading in aparc ../label/rh.aparc.annot
Reading in input volume brain.finalsurfs.mgz
Reading in wm volume wm.mgz
MRIclipBrightWM(): nthresh=15211, wmmin=5, clip=110 
MRIfindBrightNonWM(): 0 bright non-wm voxels segmented.
Masking bright non-wm for pial surface mid_gray = 71.9936
MRImask(): AllowDiffGeom = 1
MRImask(): AllowDiffGeom = 1
MRImask(): AllowDiffGeom = 1
Reading in seg volume aseg.presurf.mgz
Ripping frozen voxels
Ripping vertices not in label ../label/rh.cortex+hipamyg.label
MRISripNotLabel() ripped 5606/151317 vertices (145711 unripped)
INFO: rip surface needed but not specified, so using input surface
Ripping segs (eg, WMSA, BG, frozen)
Starting MRISripSegs() d = (-2 2 0.5) segnos: 247 
MRISripSegs(): -2 2 0.5 ripped 0
vertex 75659: xyz = (42.1599,-6.41567,12.0969) oxyz = (42.1599,-6.41567,12.0969) wxzy = (42.1599,-6.41567,12.0969) pxyz = (42.1599,-6.41567,12.0969) 
CBVO Creating mask 151317
n_averages 16
Iteration 0 =========================================
n_averages=16, current_sigma=2
Computing target border values 
Entering MRIScomputeBorderValues_new(): 
  inside_hi   =  95.4654540;
  border_hi   =  64.8405840;
  border_low  =  48.5217510;
  outside_low =  10.0000000;
  outside_hi  =  60.7608760;
  sigma = 2;
  max_thickness = 10;
  step_size=0.5;
  STEP_SIZE=0.1;
  which = 2
  thresh = 0
  flags = 0
  CBVfindFirstPeakD1=0
  CBVfindFirstPeakD2=0
  nvertices=151317
  Gdiag_no=-1
  vno start=0, stop=151317
Replacing 255s with 0s
#SI# sigma=2 had to be increased for 132 vertices, nripped=5606
mean border=64.5, 150 (150) missing vertices, mean dist 1.3 [0.7 (%0.0)->3.5 (%100.0))]
%11 local maxima, %25 large gradients and %60 min vals, 0 gradients ignored
nFirstPeakD1 0
MRIScomputeBorderValues_new() finished in 0.0116 min


Averaging target values for 5 iterations...
Positioning Surface: tspring = 0.3, nspring = 0.3, spring = 0, niters = 100 l_repulse = 0, l_surf_repulse = 5, checktol = 0
Positioning pial surface
Entering MRISpositionSurface()
  max_mm = 0.3
  MAX_REDUCTIONS = 2, REDUCTION_PCT = 0.5
  parms->check_tol = 0, niterations = 100
tol=1.0e-04, sigma=2.0, host=dna08, nav=16, nbrs=2, l_surf_repulse=5.000, l_tspring=0.300, l_nspring=0.300, l_intensity=0.200, l_curv=1.000
mom=0.00, dt=0.50
complete_dist_mat 0
rms 0
smooth_averages 0
remove_neg 0
ico_order 0
which_surface 0
target_radius 0.000000
nfields 0
scale 0.000000
desired_rms_height 0.000000
momentum 0.000000
nbhd_size 0
max_nbrs 0
niterations 100
nsurfaces 0
SURFACES 3
flags 0 (0)
use curv 0
no sulc 0
no rigid align 0
mris->nsize 2
mris->hemisphere 1
randomSeed 0

000: dt: 0.0000, sse=17832954.0, rms=24.593
001: dt: 0.5000, sse=11998054.0, rms=20.110 (18.232%)
002: dt: 0.5000, sse=7998428.0, rms=16.339 (18.751%)
003: dt: 0.5000, sse=5505154.5, rms=13.462 (17.608%)
004: dt: 0.5000, sse=4005680.2, rms=11.385 (15.431%)
005: dt: 0.5000, sse=3062271.0, rms=9.853 (13.454%)
006: dt: 0.5000, sse=2424901.2, rms=8.663 (12.076%)
007: dt: 0.5000, sse=1956923.4, rms=7.670 (11.465%)
008: dt: 0.5000, sse=1604027.6, rms=6.823 (11.035%)
009: dt: 0.5000, sse=1334848.5, rms=6.097 (10.646%)
010: dt: 0.5000, sse=1122971.6, rms=5.456 (10.517%)
011: dt: 0.5000, sse=956534.6, rms=4.892 (10.341%)
012: dt: 0.5000, sse=828910.5, rms=4.409 (9.865%)
013: dt: 0.5000, sse=733853.4, rms=4.010 (9.044%)
014: dt: 0.5000, sse=666613.5, rms=3.702 (7.696%)
015: dt: 0.5000, sse=624724.1, rms=3.493 (5.635%)
016: dt: 0.5000, sse=591868.6, rms=3.319 (4.972%)
017: dt: 0.5000, sse=570516.3, rms=3.199 (3.620%)
018: dt: 0.5000, sse=555780.9, rms=3.113 (2.705%)
019: dt: 0.5000, sse=545223.7, rms=3.048 (2.078%)
rms = 3.0118/3.0480, sse=539785.6/545223.7, time step reduction 1 of 3 to 0.250  0 0 1
020: dt: 0.5000, sse=539785.6, rms=3.012 (1.189%)
021: dt: 0.2500, sse=489726.0, rms=2.691 (10.659%)
022: dt: 0.2500, sse=475060.9, rms=2.591 (3.698%)
rms = 2.5782/2.5913, sse=473510.5/475060.9, time step reduction 2 of 3 to 0.125  0 0 1
023: dt: 0.2500, sse=473510.4, rms=2.578 (0.502%)
024: dt: 0.1250, sse=463067.1, rms=2.503 (2.925%)
rms = 2.4797/2.5028, sse=459984.0/463067.1, time step reduction 3 of 3 to 0.062  0 0 1
025: dt: 0.1250, sse=459984.0, rms=2.480 (0.923%)
  maximum number of reductions reached, breaking from loop
positioning took 1.7 minutes
Iteration 1 =========================================
n_averages=8, current_sigma=1
Computing target border values 
Entering MRIScomputeBorderValues_new(): 
  inside_hi   =  95.4654540;
  border_hi   =  64.8405840;
  border_low  =  48.5217510;
  outside_low =  10.0000000;
  outside_hi  =  60.7608760;
  sigma = 1;
  max_thickness = 10;
  step_size=0.5;
  STEP_SIZE=0.1;
  which = 2
  thresh = 0
  flags = 0
  CBVfindFirstPeakD1=0
  CBVfindFirstPeakD2=0
  nvertices=151317
  Gdiag_no=-1
  vno start=0, stop=151317
Replacing 255s with 0s
#SI# sigma=1 had to be increased for 22723 vertices, nripped=5606
mean border=63.8, 2837 (17) missing vertices, mean dist 0.1 [0.2 (%39.2)->0.7 (%60.8))]
%17 local maxima, %22 large gradients and %56 min vals, 0 gradients ignored
nFirstPeakD1 0
MRIScomputeBorderValues_new() finished in 0.0047 min


Averaging target values for 5 iterations...
Positioning Surface: tspring = 0.3, nspring = 0.3, spring = 0, niters = 100 l_repulse = 0, l_surf_repulse = 5, checktol = 0
Positioning pial surface
Entering MRISpositionSurface()
  max_mm = 0.3
  MAX_REDUCTIONS = 2, REDUCTION_PCT = 0.5
  parms->check_tol = 0, niterations = 100
tol=1.0e-04, sigma=1.0, host=dna08, nav=8, nbrs=2, l_surf_repulse=5.000, l_tspring=0.300, l_nspring=0.300, l_intensity=0.200, l_curv=1.000
mom=0.00, dt=0.50
000: dt: 0.0000, sse=591216.4, rms=2.964
rms = 2.9479/2.9639, sse=588712.1/591216.4, time step reduction 1 of 3 to 0.250  0 0 1
026: dt: 0.5000, sse=588712.1, rms=2.948 (0.542%)
027: dt: 0.2500, sse=529986.8, rms=2.578 (12.531%)
028: dt: 0.2500, sse=516778.4, rms=2.488 (3.526%)
rms = 2.5010/2.4875, sse=518892.9/516778.4, time step reduction 2 of 3 to 0.125  0 1 1
   RMS increased, rejecting step
rms = 2.4461/2.4875, sse=511000.5/516778.4, time step reduction 3 of 3 to 0.062  0 0 1
029: dt: 0.1250, sse=511000.5, rms=2.446 (1.665%)
  maximum number of reductions reached, breaking from loop
positioning took 0.3 minutes
Iteration 2 =========================================
n_averages=4, current_sigma=0.5
Computing target border values 
Entering MRIScomputeBorderValues_new(): 
  inside_hi   =  95.4654540;
  border_hi   =  64.8405840;
  border_low  =  48.5217510;
  outside_low =  10.0000000;
  outside_hi  =  60.7608760;
  sigma = 0.5;
  max_thickness = 10;
  step_size=0.5;
  STEP_SIZE=0.1;
  which = 2
  thresh = 0
  flags = 0
  CBVfindFirstPeakD1=0
  CBVfindFirstPeakD2=0
  nvertices=151317
  Gdiag_no=-1
  vno start=0, stop=151317
Replacing 255s with 0s
#SI# sigma=0.5 had to be increased for 25482 vertices, nripped=5606
mean border=63.6, 3144 (11) missing vertices, mean dist 0.1 [0.2 (%38.9)->0.6 (%61.1))]
%24 local maxima, %15 large gradients and %56 min vals, 0 gradients ignored
nFirstPeakD1 0
MRIScomputeBorderValues_new() finished in 0.0028 min


Averaging target values for 5 iterations...
Positioning Surface: tspring = 0.3, nspring = 0.3, spring = 0, niters = 100 l_repulse = 0, l_surf_repulse = 5, checktol = 0
Positioning pial surface
Entering MRISpositionSurface()
  max_mm = 0.3
  MAX_REDUCTIONS = 2, REDUCTION_PCT = 0.5
  parms->check_tol = 0, niterations = 100
tol=1.0e-04, sigma=0.5, host=dna08, nav=4, nbrs=2, l_surf_repulse=5.000, l_tspring=0.300, l_nspring=0.300, l_intensity=0.200, l_curv=1.000
mom=0.00, dt=0.50
000: dt: 0.0000, sse=530589.5, rms=2.549
rms = 2.8168/2.5487, sse=571175.0/530589.5, time step reduction 1 of 3 to 0.250  0 1 1
   RMS increased, rejecting step
030: dt: 0.2500, sse=513163.3, rms=2.426 (4.797%)
rms = 2.4138/2.4264, sse=511226.6/513163.3, time step reduction 2 of 3 to 0.125  0 0 1
031: dt: 0.2500, sse=511226.6, rms=2.414 (0.522%)
032: dt: 0.1250, sse=501507.1, rms=2.341 (3.020%)
rms = 2.3084/2.3409, sse=497045.7/501507.0, time step reduction 3 of 3 to 0.062  0 0 1
033: dt: 0.1250, sse=497045.7, rms=2.308 (1.388%)
  maximum number of reductions reached, breaking from loop
positioning took 0.3 minutes
Iteration 3 =========================================
n_averages=2, current_sigma=0.25
Computing target border values 
Entering MRIScomputeBorderValues_new(): 
  inside_hi   =  95.4654540;
  border_hi   =  64.8405840;
  border_low  =  48.5217510;
  outside_low =  10.0000000;
  outside_hi  =  60.7608760;
  sigma = 0.25;
  max_thickness = 10;
  step_size=0.5;
  STEP_SIZE=0.1;
  which = 2
  thresh = 0
  flags = 0
  CBVfindFirstPeakD1=0
  CBVfindFirstPeakD2=0
  nvertices=151317
  Gdiag_no=-1
  vno start=0, stop=151317
Replacing 255s with 0s
#SI# sigma=0.25 had to be increased for 21805 vertices, nripped=5606
mean border=63.3, 8581 (11) missing vertices, mean dist 0.1 [0.2 (%37.1)->0.4 (%62.9))]
%27 local maxima, %11 large gradients and %53 min vals, 0 gradients ignored
nFirstPeakD1 0
MRIScomputeBorderValues_new() finished in 0.0021 min


Averaging target values for 5 iterations...
Positioning Surface: tspring = 0.3, nspring = 0.3, spring = 0, niters = 100 l_repulse = 0, l_surf_repulse = 5, checktol = 0
Positioning pial surface
Entering MRISpositionSurface()
  max_mm = 0.3
  MAX_REDUCTIONS = 2, REDUCTION_PCT = 0.5
  parms->check_tol = 0, niterations = 100
tol=1.0e-04, sigma=0.2, host=dna08, nav=2, nbrs=2, l_surf_repulse=5.000, l_tspring=0.300, l_nspring=0.300, l_intensity=0.200, l_curv=1.000
mom=0.00, dt=0.50
000: dt: 0.0000, sse=504593.1, rms=2.355
rms = 2.5813/2.3549, sse=535060.9/504593.1, time step reduction 1 of 3 to 0.250  0 1 1
   RMS increased, rejecting step
034: dt: 0.2500, sse=496018.6, rms=2.292 (2.682%)
rms = 2.2756/2.2917, sse=493062.3/496018.6, time step reduction 2 of 3 to 0.125  0 0 1
035: dt: 0.2500, sse=493062.3, rms=2.276 (0.703%)
036: dt: 0.1250, sse=486423.4, rms=2.223 (2.296%)
rms = 2.1912/2.2234, sse=482066.4/486423.4, time step reduction 3 of 3 to 0.062  0 0 1
037: dt: 0.1250, sse=482066.4, rms=2.191 (1.446%)
  maximum number of reductions reached, breaking from loop
positioning took 0.3 minutes
Pinning medial wall to white surface


Writing output to ../surf/rh.pial.T1
#ET# mris_place_surface  2.71 minutes
#VMPC# mris_place_surfaces VmPeak  2466084
mris_place_surface done
#@# white curv rh Sun Mar 15 09:56:18 CET 2026
cd /out/sourcedata/freesurfer/sub-v2s10x28969_ses-1/mri
mris_place_surface --curv-map ../surf/rh.white 2 10 ../surf/rh.curv
insurf  ../surf/rh.white, nbrs 2, curvature_avgs 10
writing curvature file ../surf/rh.curv
#@# white area rh Sun Mar 15 09:56:19 CET 2026
cd /out/sourcedata/freesurfer/sub-v2s10x28969_ses-1/mri
mris_place_surface --area-map ../surf/rh.white ../surf/rh.area
writing curvature file ../surf/rh.area
#@# pial curv rh Sun Mar 15 09:56:19 CET 2026
cd /out/sourcedata/freesurfer/sub-v2s10x28969_ses-1/mri
mris_place_surface --curv-map ../surf/rh.pial 2 10 ../surf/rh.curv.pial
insurf  ../surf/rh.pial, nbrs 2, curvature_avgs 10
writing curvature file ../surf/rh.curv.pial
#@# pial area rh Sun Mar 15 09:56:21 CET 2026
cd /out/sourcedata/freesurfer/sub-v2s10x28969_ses-1/mri
mris_place_surface --area-map ../surf/rh.pial ../surf/rh.area.pial
writing curvature file ../surf/rh.area.pial
#@# thickness rh Sun Mar 15 09:56:21 CET 2026
cd /out/sourcedata/freesurfer/sub-v2s10x28969_ses-1/mri
mris_place_surface --thickness ../surf/rh.white ../surf/rh.pial 20 5 ../surf/rh.thickness
0 of 151317 vertices processed
25000 of 151317 vertices processed
50000 of 151317 vertices processed
75000 of 151317 vertices processed
100000 of 151317 vertices processed
125000 of 151317 vertices processed
150000 of 151317 vertices processed
0 of 151317 vertices processed
25000 of 151317 vertices processed
50000 of 151317 vertices processed
75000 of 151317 vertices processed
100000 of 151317 vertices processed
125000 of 151317 vertices processed
150000 of 151317 vertices processed
thickness calculation complete, 971:1781 truncations.
57291 vertices at 0 distance
115082 vertices at 1 distance
78120 vertices at 2 distance
30806 vertices at 3 distance
12151 vertices at 4 distance
4917 vertices at 5 distance
2097 vertices at 6 distance
926 vertices at 7 distance
439 vertices at 8 distance
245 vertices at 9 distance
142 vertices at 10 distance
80 vertices at 11 distance
61 vertices at 12 distance
48 vertices at 13 distance
42 vertices at 14 distance
36 vertices at 15 distance
35 vertices at 16 distance
27 vertices at 17 distance
29 vertices at 18 distance
21 vertices at 19 distance
39 vertices at 20 distance
writing curvature file ../surf/rh.thickness
#@# area and vertex vol rh Sun Mar 15 09:56:42 CET 2026
cd /out/sourcedata/freesurfer/sub-v2s10x28969_ses-1/mri
mris_place_surface --thickness ../surf/rh.white ../surf/rh.pial 20 5 ../surf/rh.thickness
/out/sourcedata/freesurfer/sub-v2s10x28969_ses-1/surf
mris_calc -o rh.area.mid rh.area add rh.area.pial
Saving result to 'rh.area.mid' (type = MRI_CURV_FILE)                       [ ok ]
mris_calc -o rh.area.mid rh.area.mid div 2
Saving result to 'rh.area.mid' (type = MRI_CURV_FILE)                       [ ok ]
mris_convert --volume sub-v2s10x28969_ses-1 rh /out/sourcedata/freesurfer/sub-v2s10x28969_ses-1/surf/rh.volume
masking with /out/sourcedata/freesurfer/sub-v2s10x28969_ses-1/label/rh.cortex.label
Total face volume 308733
Total vertex volume 308542 (mask=0)
#@# sub-v2s10x28969_ses-1 rh 308542
 
vertexvol Done

#-----------------------------------------
#@# Curvature Stats rh Sun Mar 15 09:56:43 CET 2026
/out/sourcedata/freesurfer/sub-v2s10x28969_ses-1/surf

 mris_curvature_stats -m --writeCurvatureFiles -G -o ../stats/rh.curv.stats -F smoothwm sub-v2s10x28969_ses-1 rh curv sulc 

             Toggling save flag on curvature files                       [ ok ]
                 Outputting results using filestem   [ ../stats/rh.curv.stats ]
             Toggling save flag on curvature files                       [ ok ]
                                   Setting surface [ sub-v2s10x28969_ses-1/rh.smoothwm ]
                                Reading surface...                       [ ok ]
                                   Setting texture                     [ curv ]
                                Reading texture...                       [ ok ]
                                   Setting texture                     [ sulc ]
                                Reading texture...Gb_filter = 0
                       [ ok ]
      Calculating Discrete Principal Curvatures...
      Determining geometric order for vno faces... [####################] [ ok ]
                      Determining KH curvatures... [####################] [ ok ]
                    Determining k1k2 curvatures... [####################] [ ok ]
                                   deltaViolations                      [ 283 ]
Gb_filter = 0
#-----------------------------------------
#@# Cortical Parc 2 rh Sun Mar 15 09:56:45 CET 2026
/out/sourcedata/freesurfer/sub-v2s10x28969_ses-1/scripts

 mris_ca_label -l ../label/rh.cortex.label -aseg ../mri/aseg.presurf.mgz -seed 1234 sub-v2s10x28969_ses-1 rh ../surf/rh.sphere.reg /opt/freesurfer/average/rh.CDaparc.atlas.acfb40.noaparc.i12.2016-08-02.gcs ../label/rh.aparc.a2009s.annot 

setting seed for random number generator to 1234
using ../mri/aseg.presurf.mgz aseg volume to correct midline
7.3.2
  7.3.2
reading atlas from /opt/freesurfer/average/rh.CDaparc.atlas.acfb40.noaparc.i12.2016-08-02.gcs...
reading color table from GCSA file....
average std = 1.4   using min determinant for regularization = 0.021
0 singular and 0 ill-conditioned covariance matrices regularized
input 0: MEAN CURVATURE, flags 0, avgs 5, name mean_curvature
labeling surface...
0 labels changed using aseg
relabeling using gibbs priors...
000:  10301 changed, 151317 examined...
001:   2339 changed, 40058 examined...
002:    678 changed, 12422 examined...
003:    288 changed, 3884 examined...
004:    145 changed, 1633 examined...
005:     81 changed, 882 examined...
006:     42 changed, 470 examined...
007:     19 changed, 246 examined...
008:     11 changed, 114 examined...
009:      8 changed, 69 examined...
010:      8 changed, 46 examined...
011:      7 changed, 40 examined...
012:      6 changed, 41 examined...
013:      2 changed, 30 examined...
014:      2 changed, 15 examined...
015:      2 changed, 14 examined...
016:      6 changed, 16 examined...
017:      3 changed, 24 examined...
018:      1 changed, 14 examined...
019:      2 changed, 8 examined...
020:      3 changed, 9 examined...
021:      0 changed, 13 examined...
0 labels changed using aseg
000: 266 total segments, 178 labels (1894 vertices) changed
001: 92 total segments, 4 labels (4 vertices) changed
002: 88 total segments, 0 labels (0 vertices) changed
10 filter iterations complete (10 requested, 28 changed)
rationalizing unknown annotations with cortex label
relabeling Medial_wall label...
1446 vertices marked for relabeling...
1446 labels changed in reclassification.
writing output to ../label/rh.aparc.a2009s.annot...
classification took 0 minutes and 10 seconds.
#-----------------------------------------
#@# Cortical Parc 3 rh Sun Mar 15 09:56:55 CET 2026
/out/sourcedata/freesurfer/sub-v2s10x28969_ses-1/scripts

 mris_ca_label -l ../label/rh.cortex.label -aseg ../mri/aseg.presurf.mgz -seed 1234 sub-v2s10x28969_ses-1 rh ../surf/rh.sphere.reg /opt/freesurfer/average/rh.DKTaparc.atlas.acfb40.noaparc.i12.2016-08-02.gcs ../label/rh.aparc.DKTatlas.annot 

setting seed for random number generator to 1234
using ../mri/aseg.presurf.mgz aseg volume to correct midline
7.3.2
  7.3.2
reading atlas from /opt/freesurfer/average/rh.DKTaparc.atlas.acfb40.noaparc.i12.2016-08-02.gcs...
reading color table from GCSA file....
average std = 0.9   using min determinant for regularization = 0.009
0 singular and 325 ill-conditioned covariance matrices regularized
input 0: MEAN CURVATURE, flags 0, avgs 5, name mean_curvature
labeling surface...
1911 labels changed using aseg
relabeling using gibbs priors...
000:   2166 changed, 151317 examined...
001:    511 changed, 10030 examined...
002:    132 changed, 2869 examined...
003:     40 changed, 807 examined...
004:     20 changed, 250 examined...
005:     11 changed, 114 examined...
006:      2 changed, 67 examined...
007:      1 changed, 16 examined...
008:      0 changed, 7 examined...
104 labels changed using aseg
000: 56 total segments, 23 labels (150 vertices) changed
001: 33 total segments, 0 labels (0 vertices) changed
10 filter iterations complete (10 requested, 2 changed)
rationalizing unknown annotations with cortex label
relabeling unknown label...
relabeling corpuscallosum label...
1469 vertices marked for relabeling...
1469 labels changed in reclassification.
writing output to ../label/rh.aparc.DKTatlas.annot...
classification took 0 minutes and 7 seconds.
#-----------------------------------------
#@# WM/GM Contrast rh Sun Mar 15 09:57:03 CET 2026
/out/sourcedata/freesurfer/sub-v2s10x28969_ses-1/scripts

 pctsurfcon --s sub-v2s10x28969_ses-1 --rh-only 

Log file is /out/sourcedata/freesurfer/sub-v2s10x28969_ses-1/scripts/pctsurfcon.log
Sun Mar 15 09:57:03 CET 2026
setenv SUBJECTS_DIR /out/sourcedata/freesurfer
cd /out/sourcedata/freesurfer/sub-v2s10x28969_ses-1/scripts
/opt/freesurfer/bin/pctsurfcon
pctsurfcon 7.3.2
Linux dna088 5.14.0-427.37.1.el9_4.x86_64 #1 SMP PREEMPT_DYNAMIC Fri Sep 13 12:41:50 EDT 2024 x86_64 x86_64 x86_64 GNU/Linux
FREESURFER_HOME /opt/freesurfer
mri_vol2surf --mov /out/sourcedata/freesurfer/sub-v2s10x28969_ses-1/mri/rawavg.mgz --hemi rh --noreshape --interp trilinear --projdist -1 --o /out/sourcedata/freesurfer/sub-v2s10x28969_ses-1/surf/tmp.pctsurfcon.3626219/rh.wm.mgh --regheader sub-v2s10x28969_ses-1 --cortex
srcvol = /out/sourcedata/freesurfer/sub-v2s10x28969_ses-1/mri/rawavg.mgz
srcreg unspecified
srcregold = 0
srcwarp unspecified
surf = white
hemi = rh
ProjDist = -1
reshape = 0
interp = trilinear
float2int = round
GetProjMax = 0
INFO: float2int code = 0
Done loading volume
Computing registration from header.
  Using /out/sourcedata/freesurfer/sub-v2s10x28969_ses-1/mri/orig.mgz as target reference.
-------- original matrix -----------
-0.99656   0.07668   0.03141   0.00005;
 0.03131  -0.00241   0.99951  -0.00003;
-0.07672  -0.99705  -0.00000   0.00005;
 0.00000   0.00000   0.00000   1.00000;
-------- original matrix -----------
Loading label /out/sourcedata/freesurfer/sub-v2s10x28969_ses-1/label/rh.cortex.label
Reading surface /out/sourcedata/freesurfer/sub-v2s10x28969_ses-1/surf/rh.white
Done reading source surface
Mapping Source Volume onto Source Subject Surface
Projecting -1 -1 1
 1 -1 -1 -1
using old
Done mapping volume to surface
Number of source voxels hit = 84235
Masking with /out/sourcedata/freesurfer/sub-v2s10x28969_ses-1/label/rh.cortex.label
Writing to /out/sourcedata/freesurfer/sub-v2s10x28969_ses-1/surf/tmp.pctsurfcon.3626219/rh.wm.mgh
Dim: 151317 1 1
mri_vol2surf --mov /out/sourcedata/freesurfer/sub-v2s10x28969_ses-1/mri/rawavg.mgz --hemi rh --noreshape --interp trilinear --o /out/sourcedata/freesurfer/sub-v2s10x28969_ses-1/surf/tmp.pctsurfcon.3626219/rh.gm.mgh --projfrac 0.3 --regheader sub-v2s10x28969_ses-1 --cortex
srcvol = /out/sourcedata/freesurfer/sub-v2s10x28969_ses-1/mri/rawavg.mgz
srcreg unspecified
srcregold = 0
srcwarp unspecified
surf = white
hemi = rh
ProjFrac = 0.3
thickness = thickness
reshape = 0
interp = trilinear
float2int = round
GetProjMax = 0
INFO: float2int code = 0
Done loading volume
Computing registration from header.
  Using /out/sourcedata/freesurfer/sub-v2s10x28969_ses-1/mri/orig.mgz as target reference.
-------- original matrix -----------
-0.99656   0.07668   0.03141   0.00005;
 0.03131  -0.00241   0.99951  -0.00003;
-0.07672  -0.99705  -0.00000   0.00005;
 0.00000   0.00000   0.00000   1.00000;
-------- original matrix -----------
Loading label /out/sourcedata/freesurfer/sub-v2s10x28969_ses-1/label/rh.cortex.label
Reading surface /out/sourcedata/freesurfer/sub-v2s10x28969_ses-1/surf/rh.white
Done reading source surface
Reading thickness /out/sourcedata/freesurfer/sub-v2s10x28969_ses-1/surf/rh.thickness
Done
Mapping Source Volume onto Source Subject Surface
Projecting 0.3 0.3 1
 1 0.3 0.3 0.3
using old
Done mapping volume to surface
Number of source voxels hit = 98155
Masking with /out/sourcedata/freesurfer/sub-v2s10x28969_ses-1/label/rh.cortex.label
Writing to /out/sourcedata/freesurfer/sub-v2s10x28969_ses-1/surf/tmp.pctsurfcon.3626219/rh.gm.mgh
Dim: 151317 1 1
mri_concat /out/sourcedata/freesurfer/sub-v2s10x28969_ses-1/surf/tmp.pctsurfcon.3626219/rh.wm.mgh /out/sourcedata/freesurfer/sub-v2s10x28969_ses-1/surf/tmp.pctsurfcon.3626219/rh.gm.mgh --paired-diff-norm --mul 100 --o /out/sourcedata/freesurfer/sub-v2s10x28969_ses-1/surf/rh.w-g.pct.mgh
ninputs = 2
Checking inputs
nframestot = 2
Allocing output
Done allocing
Combining pairs
nframes = 1
Multiplying by 100.000000
Writing to /out/sourcedata/freesurfer/sub-v2s10x28969_ses-1/surf/rh.w-g.pct.mgh
mri_segstats --in /out/sourcedata/freesurfer/sub-v2s10x28969_ses-1/surf/rh.w-g.pct.mgh --annot sub-v2s10x28969_ses-1 rh aparc --sum /out/sourcedata/freesurfer/sub-v2s10x28969_ses-1/stats/rh.w-g.pct.stats --snr

7.3.2
cwd 
cmdline mri_segstats --in /out/sourcedata/freesurfer/sub-v2s10x28969_ses-1/surf/rh.w-g.pct.mgh --annot sub-v2s10x28969_ses-1 rh aparc --sum /out/sourcedata/freesurfer/sub-v2s10x28969_ses-1/stats/rh.w-g.pct.stats --snr 
sysname  Linux
hostname dna088
machine  x86_64
user     oesteban
whitesurfname  white
UseRobust  0
Constructing seg from annotation

Reading annotation /out/sourcedata/freesurfer/sub-v2s10x28969_ses-1/label/rh.aparc.annot
Seg base 2000
Loading /out/sourcedata/freesurfer/sub-v2s10x28969_ses-1/surf/rh.w-g.pct.mgh
Vertex Area is 0.690899 mm^3
Generating list of segmentation ids
Found  36 segmentations
Computing statistics for each segmentation

Reporting on  35 segmentations
Using PrintSegStat
mri_segstats done
Cleaning up

Started at Sun Mar 15 09:39:46 CET 2026 
Ended   at Sun Mar 15 09:57:05 CET 2026
#@#%# recon-all-run-time-hours 0.289
recon-all -s sub-v2s10x28969_ses-1 finished without error at Sun Mar 15 09:57:05 CET 2026



#New# invocation of recon-all 




Sun Mar 15 10:04:12 CET 2026
cd /out/sourcedata/freesurfer/sub-v2s10x28969_ses-1
setenv SUBJECTS_DIR /out/sourcedata/freesurfer
/opt/freesurfer/bin/recon-all -autorecon-hemi rh -nohyporelabel -rh-only -openmp 16 -subjid sub-v2s10x28969_ses-1 -sd /out/sourcedata/freesurfer -notessellate -nosmooth1 -noinflate1 -noqsphere -nofix -nowhite -nosmooth2 -noinflate2 -nocurvHK -nocurvstats -nosphere -nosurfreg -nojacobian_white -noavgcurv -nocortparc -nopial -nocortparc2 -nocortparc3 -nopctsurfcon

subjid sub-v2s10x28969_ses-1
setenv SUBJECTS_DIR /out/sourcedata/freesurfer
FREESURFER_HOME /opt/freesurfer
Actual FREESURFER_HOME /opt/freesurfer
build-stamp.txt: freesurfer-linux-ubuntu22_x86_64-7.3.2-20220804-6354275
Linux dna088 5.14.0-427.37.1.el9_4.x86_64 #1 SMP PREEMPT_DYNAMIC Fri Sep 13 12:41:50 EDT 2024 x86_64 x86_64 x86_64 GNU/Linux
cputime      unlimited
filesize     unlimited
datasize     unlimited
stacksize    8192 kbytes
coredumpsize 0 kbytes
memoryuse    67108864 kbytes
vmemoryuse   unlimited
descriptors  1024 
memorylocked unlimited
maxproc      2061970 
maxlocks     unlimited
maxsignal    2062029 
maxmessage   819200 
maxnice      0 
maxrtprio    0 
maxrttime    unlimited

               total        used        free      shared  buff/cache   available
Mem:           503Gi        56Gi       103Gi        20Gi       343Gi       422Gi
Swap:             0B          0B          0B

########################################
program versions used
7.3.2 (freesurfer-linux-ubuntu22_x86_64-7.3.2-20220804-6354275)
7.3.2

ProgramName: lta_convert  ProgramArguments: lta_convert -all-info  ProgramVersion: 7.3.2  TimeStamp: 2026/03/15-09:04:12-GMT  BuildTime: Aug  4 2022 06:17:15  BuildStamp: freesurfer-linux-ubuntu22_x86_64-7.3.2-20220804-6354275  User: oesteban  Machine: dna088  Platform: Linux  PlatformVersion: 5.14.0-427.37.1.el9_4.x86_64  CompilerName: GCC  CompilerVersion: 8.4.0
ProgramName: mri_and  ProgramArguments: mri_and -all-info  ProgramVersion: 7.3.2  TimeStamp: 2026/03/15-09:04:12-GMT  BuildTime: Aug  4 2022 06:17:15  BuildStamp: freesurfer-linux-ubuntu22_x86_64-7.3.2-20220804-6354275  User: oesteban  Machine: dna088  Platform: Linux  PlatformVersion: 5.14.0-427.37.1.el9_4.x86_64  CompilerName: GCC  CompilerVersion: 8.4.0
ProgramName: mri_annotation2label  ProgramArguments: mri_annotation2label -all-info  ProgramVersion: 7.3.2  TimeStamp: 2026/03/15-09:04:12-GMT  BuildTime: Aug  4 2022 06:17:15  BuildStamp: freesurfer-linux-ubuntu22_x86_64-7.3.2-20220804-6354275  User: oesteban  Machine: dna088  Platform: Linux  PlatformVersion: 5.14.0-427.37.1.el9_4.x86_64  CompilerName: GCC  CompilerVersion: 8.4.0
ProgramName: mri_aparc2aseg  ProgramArguments: mri_aparc2aseg -all-info  ProgramVersion: 7.3.2  TimeStamp: 2026/03/15-09:04:12-GMT  BuildTime: Aug  4 2022 06:17:15  BuildStamp: freesurfer-linux-ubuntu22_x86_64-7.3.2-20220804-6354275  User: oesteban  Machine: dna088  Platform: Linux  PlatformVersion: 5.14.0-427.37.1.el9_4.x86_64  CompilerName: GCC  CompilerVersion: 8.4.0
ProgramName: mri_surf2volseg  ProgramArguments: mri_surf2volseg -all-info  ProgramVersion: 7.3.2  TimeStamp: 2026/03/15-09:04:12-GMT  BuildTime: Aug  4 2022 06:17:15  BuildStamp: freesurfer-linux-ubuntu22_x86_64-7.3.2-20220804-6354275  User: oesteban  Machine: dna088  Platform: Linux  PlatformVersion: 5.14.0-427.37.1.el9_4.x86_64  CompilerName: GCC  CompilerVersion: 8.4.0
ProgramName: mri_binarize  ProgramArguments: mri_binarize -all-info  ProgramVersion: 7.3.2  TimeStamp: 2026/03/15-09:04:12-GMT  BuildTime: Aug  4 2022 06:17:15  BuildStamp: freesurfer-linux-ubuntu22_x86_64-7.3.2-20220804-6354275  User: oesteban  Machine: dna088  Platform: Linux  PlatformVersion: 5.14.0-427.37.1.el9_4.x86_64  CompilerName: GCC  CompilerVersion: 8.4.0
ProgramName: mri_ca_label  ProgramArguments: mri_ca_label -all-info  ProgramVersion: 7.3.2  TimeStamp: 2026/03/15-09:04:12-GMT  BuildTime: Aug  4 2022 06:17:15  BuildStamp: freesurfer-linux-ubuntu22_x86_64-7.3.2-20220804-6354275  User: oesteban  Machine: dna088  Platform: Linux  PlatformVersion: 5.14.0-427.37.1.el9_4.x86_64  CompilerName: GCC  CompilerVersion: 8.4.0
ProgramName: mri_ca_normalize  ProgramArguments: mri_ca_normalize -all-info  ProgramVersion: 7.3.2  TimeStamp: 2026/03/15-09:04:12-GMT  BuildTime: Aug  4 2022 06:17:15  BuildStamp: freesurfer-linux-ubuntu22_x86_64-7.3.2-20220804-6354275  User: oesteban  Machine: dna088  Platform: Linux  PlatformVersion: 5.14.0-427.37.1.el9_4.x86_64  CompilerName: GCC  CompilerVersion: 8.4.0
ProgramName: mri_ca_register  ProgramArguments: mri_ca_register -all-info  ProgramVersion: 7.3.2  TimeStamp: 2026/03/15-09:04:12-GMT  BuildTime: Aug  4 2022 06:17:15  BuildStamp: freesurfer-linux-ubuntu22_x86_64-7.3.2-20220804-6354275  User: oesteban  Machine: dna088  Platform: Linux  PlatformVersion: 5.14.0-427.37.1.el9_4.x86_64  CompilerName: GCC  CompilerVersion: 8.4.0
ProgramName: mri_cc  ProgramArguments: mri_cc -all-info  ProgramVersion: 7.3.2  TimeStamp: 2026/03/15-09:04:12-GMT  BuildTime: Aug  4 2022 06:17:15  BuildStamp: freesurfer-linux-ubuntu22_x86_64-7.3.2-20220804-6354275  User: oesteban  Machine: dna088  Platform: Linux  PlatformVersion: 5.14.0-427.37.1.el9_4.x86_64  CompilerName: GCC  CompilerVersion: 8.4.0
ProgramName: mri_compute_overlap  ProgramArguments: mri_compute_overlap -all-info  ProgramVersion: 7.3.2  TimeStamp: 2026/03/15-09:04:12-GMT  BuildTime: Aug  4 2022 06:17:15  BuildStamp: freesurfer-linux-ubuntu22_x86_64-7.3.2-20220804-6354275  User: oesteban  Machine: dna088  Platform: Linux  PlatformVersion: 5.14.0-427.37.1.el9_4.x86_64  CompilerName: GCC  CompilerVersion: 8.4.0
ProgramName: mri_compute_seg_overlap  ProgramArguments: mri_compute_seg_overlap -all-info  ProgramVersion: 7.3.2  TimeStamp: 2026/03/15-09:04:12-GMT  BuildTime: Aug  4 2022 06:17:15  BuildStamp: freesurfer-linux-ubuntu22_x86_64-7.3.2-20220804-6354275  User: oesteban  Machine: dna088  Platform: Linux  PlatformVersion: 5.14.0-427.37.1.el9_4.x86_64  CompilerName: GCC  CompilerVersion: 8.4.0
ProgramName: mri_concat  ProgramArguments: mri_concat -all-info  ProgramVersion: 7.3.2  TimeStamp: 2026/03/15-09:04:12-GMT  BuildTime: Aug  4 2022 06:17:15  BuildStamp: freesurfer-linux-ubuntu22_x86_64-7.3.2-20220804-6354275  User: oesteban  Machine: dna088  Platform: Linux  PlatformVersion: 5.14.0-427.37.1.el9_4.x86_64  CompilerName: GCC  CompilerVersion: 8.4.0
ProgramName: mri_concatenate_lta  ProgramArguments: mri_concatenate_lta -all-info  ProgramVersion: 7.3.2  TimeStamp: 2026/03/15-09:04:12-GMT  BuildTime: Aug  4 2022 06:17:15  BuildStamp: freesurfer-linux-ubuntu22_x86_64-7.3.2-20220804-6354275  User: oesteban  Machine: dna088  Platform: Linux  PlatformVersion: 5.14.0-427.37.1.el9_4.x86_64  CompilerName: GCC  CompilerVersion: 8.4.0
mri_convert -all-info 
ProgramName: mri_convert  ProgramArguments: mri_convert -all-info  ProgramVersion: 7.3.2  TimeStamp: 2026/03/15-09:04:12-GMT  BuildTime: Aug  4 2022 06:17:15  BuildStamp: freesurfer-linux-ubuntu22_x86_64-7.3.2-20220804-6354275  User: oesteban  Machine: dna088  Platform: Linux  PlatformVersion: 5.14.0-427.37.1.el9_4.x86_64  CompilerName: GCC  CompilerVersion: 8.4.0
ProgramName: mri_diff  ProgramArguments: mri_diff -all-info  ProgramVersion: 7.3.2  TimeStamp: 2026/03/15-09:04:12-GMT  BuildTime: Aug  4 2022 06:17:15  BuildStamp: freesurfer-linux-ubuntu22_x86_64-7.3.2-20220804-6354275  User: oesteban  Machine: dna088  Platform: Linux  PlatformVersion: 5.14.0-427.37.1.el9_4.x86_64  CompilerName: GCC  CompilerVersion: 8.4.0
ProgramName: mri_edit_wm_with_aseg  ProgramArguments: mri_edit_wm_with_aseg -all-info  ProgramVersion: 7.3.2  TimeStamp: 2026/03/15-09:04:12-GMT  BuildTime: Aug  4 2022 06:17:15  BuildStamp: freesurfer-linux-ubuntu22_x86_64-7.3.2-20220804-6354275  User: oesteban  Machine: dna088  Platform: Linux  PlatformVersion: 5.14.0-427.37.1.el9_4.x86_64  CompilerName: GCC  CompilerVersion: 8.4.0
ProgramName: mri_em_register  ProgramArguments: mri_em_register -all-info  ProgramVersion: 7.3.2  TimeStamp: 2026/03/15-09:04:12-GMT  BuildTime: Aug  4 2022 06:17:15  BuildStamp: freesurfer-linux-ubuntu22_x86_64-7.3.2-20220804-6354275  User: oesteban  Machine: dna088  Platform: Linux  PlatformVersion: 5.14.0-427.37.1.el9_4.x86_64  CompilerName: GCC  CompilerVersion: 8.4.0
ProgramName: mri_fill  ProgramArguments: mri_fill -all-info  ProgramVersion: 7.3.2  TimeStamp: 2026/03/15-09:04:12-GMT  BuildTime: Aug  4 2022 06:17:15  BuildStamp: freesurfer-linux-ubuntu22_x86_64-7.3.2-20220804-6354275  User: oesteban  Machine: dna088  Platform: Linux  PlatformVersion: 5.14.0-427.37.1.el9_4.x86_64  CompilerName: GCC  CompilerVersion: 8.4.0
ProgramName: mri_fuse_segmentations  ProgramArguments: mri_fuse_segmentations -all-info  ProgramVersion: 7.3.2  TimeStamp: 2026/03/15-09:04:12-GMT  BuildTime: Aug  4 2022 06:17:15  BuildStamp: freesurfer-linux-ubuntu22_x86_64-7.3.2-20220804-6354275  User: oesteban  Machine: dna088  Platform: Linux  PlatformVersion: 5.14.0-427.37.1.el9_4.x86_64  CompilerName: GCC  CompilerVersion: 8.4.0
ProgramName: mri_fwhm  ProgramArguments: mri_fwhm -all-info  ProgramVersion: 7.3.2  TimeStamp: 2026/03/15-09:04:12-GMT  BuildTime: Aug  4 2022 06:17:15  BuildStamp: freesurfer-linux-ubuntu22_x86_64-7.3.2-20220804-6354275  User: oesteban  Machine: dna088  Platform: Linux  PlatformVersion: 5.14.0-427.37.1.el9_4.x86_64  CompilerName: GCC  CompilerVersion: 8.4.0
ProgramName: mri_gcut  ProgramArguments: mri_gcut -all-info  ProgramVersion: 7.3.2  TimeStamp: 2026/03/15-09:04:12-GMT  BuildTime: Aug  4 2022 06:17:15  BuildStamp: freesurfer-linux-ubuntu22_x86_64-7.3.2-20220804-6354275  User: oesteban  Machine: dna088  Platform: Linux  PlatformVersion: 5.14.0-427.37.1.el9_4.x86_64  CompilerName: GCC  CompilerVersion: 8.4.0
ProgramName: mri_info  ProgramArguments: mri_info -all-info  ProgramVersion: 7.3.2  TimeStamp: 2026/03/15-09:04:12-GMT  BuildTime: Aug  4 2022 06:17:15  BuildStamp: freesurfer-linux-ubuntu22_x86_64-7.3.2-20220804-6354275  User: oesteban  Machine: dna088  Platform: Linux  PlatformVersion: 5.14.0-427.37.1.el9_4.x86_64  CompilerName: GCC  CompilerVersion: 8.4.0
ProgramName: mri_label2label  ProgramArguments: mri_label2label -all-info  ProgramVersion: 7.3.2  TimeStamp: 2026/03/15-09:04:12-GMT  BuildTime: Aug  4 2022 06:17:15  BuildStamp: freesurfer-linux-ubuntu22_x86_64-7.3.2-20220804-6354275  User: oesteban  Machine: dna088  Platform: Linux  PlatformVersion: 5.14.0-427.37.1.el9_4.x86_64  CompilerName: GCC  CompilerVersion: 8.4.0
ProgramName: mri_label2vol  ProgramArguments: mri_label2vol -all-info  ProgramVersion: 7.3.2  TimeStamp: 2026/03/15-09:04:12-GMT  BuildTime: Aug  4 2022 06:17:15  BuildStamp: freesurfer-linux-ubuntu22_x86_64-7.3.2-20220804-6354275  User: oesteban  Machine: dna088  Platform: Linux  PlatformVersion: 5.14.0-427.37.1.el9_4.x86_64  CompilerName: GCC  CompilerVersion: 8.4.0
ProgramName: mri_log_likelihood  ProgramArguments: mri_log_likelihood -all-info  ProgramVersion: 7.3.2  TimeStamp: 2026/03/15-09:04:12-GMT  BuildTime: Aug  4 2022 06:17:15  BuildStamp: freesurfer-linux-ubuntu22_x86_64-7.3.2-20220804-6354275  User: oesteban  Machine: dna088  Platform: Linux  PlatformVersion: 5.14.0-427.37.1.el9_4.x86_64  CompilerName: GCC  CompilerVersion: 8.4.0
ProgramName: mri_mask  ProgramArguments: mri_mask -all-info  ProgramVersion: 7.3.2  TimeStamp: 2026/03/15-09:04:12-GMT  BuildTime: Aug  4 2022 06:17:15  BuildStamp: freesurfer-linux-ubuntu22_x86_64-7.3.2-20220804-6354275  User: oesteban  Machine: dna088  Platform: Linux  PlatformVersion: 5.14.0-427.37.1.el9_4.x86_64  CompilerName: GCC  CompilerVersion: 8.4.0
ProgramName: mri_matrix_multiply  ProgramArguments: mri_matrix_multiply -all-info  ProgramVersion: 7.3.2  TimeStamp: 2026/03/15-09:04:12-GMT  BuildTime: Aug  4 2022 06:17:15  BuildStamp: freesurfer-linux-ubuntu22_x86_64-7.3.2-20220804-6354275  User: oesteban  Machine: dna088  Platform: Linux  PlatformVersion: 5.14.0-427.37.1.el9_4.x86_64  CompilerName: GCC  CompilerVersion: 8.4.0
ProgramName: mri_normalize  ProgramArguments: mri_normalize -all-info  ProgramVersion: 7.3.2  TimeStamp: 2026/03/15-09:04:12-GMT  BuildTime: Aug  4 2022 06:17:15  BuildStamp: freesurfer-linux-ubuntu22_x86_64-7.3.2-20220804-6354275  User: oesteban  Machine: dna088  Platform: Linux  PlatformVersion: 5.14.0-427.37.1.el9_4.x86_64  CompilerName: GCC  CompilerVersion: 8.4.0
ProgramName: mri_normalize_tp2  ProgramArguments: mri_normalize_tp2 -all-info  ProgramVersion: 7.3.2  TimeStamp: 2026/03/15-09:04:12-GMT  BuildTime: Aug  4 2022 06:17:15  BuildStamp: freesurfer-linux-ubuntu22_x86_64-7.3.2-20220804-6354275  User: oesteban  Machine: dna088  Platform: Linux  PlatformVersion: 5.14.0-427.37.1.el9_4.x86_64  CompilerName: GCC  CompilerVersion: 8.4.0
ProgramName: mri_or  ProgramArguments: mri_or -all-info  ProgramVersion: 7.3.2  TimeStamp: 2026/03/15-09:04:12-GMT  BuildTime: Aug  4 2022 06:17:15  BuildStamp: freesurfer-linux-ubuntu22_x86_64-7.3.2-20220804-6354275  User: oesteban  Machine: dna088  Platform: Linux  PlatformVersion: 5.14.0-427.37.1.el9_4.x86_64  CompilerName: GCC  CompilerVersion: 8.4.0
ProgramName: mri_relabel_hypointensities  ProgramArguments: mri_relabel_hypointensities -all-info  ProgramVersion: 7.3.2  TimeStamp: 2026/03/15-09:04:12-GMT  BuildTime: Aug  4 2022 06:17:15  BuildStamp: freesurfer-linux-ubuntu22_x86_64-7.3.2-20220804-6354275  User: oesteban  Machine: dna088  Platform: Linux  PlatformVersion: 5.14.0-427.37.1.el9_4.x86_64  CompilerName: GCC  CompilerVersion: 8.4.0
ProgramName: mri_relabel_nonwm_hypos  ProgramArguments: mri_relabel_nonwm_hypos -all-info  ProgramVersion: 7.3.2  TimeStamp: 2026/03/15-09:04:12-GMT  BuildTime: Aug  4 2022 06:17:15  BuildStamp: freesurfer-linux-ubuntu22_x86_64-7.3.2-20220804-6354275  User: oesteban  Machine: dna088  Platform: Linux  PlatformVersion: 5.14.0-427.37.1.el9_4.x86_64  CompilerName: GCC  CompilerVersion: 8.4.0
ProgramName: mri_remove_neck  ProgramArguments: mri_remove_neck -all-info  ProgramVersion: 7.3.2  TimeStamp: 2026/03/15-09:04:12-GMT  BuildTime: Aug  4 2022 06:17:15  BuildStamp: freesurfer-linux-ubuntu22_x86_64-7.3.2-20220804-6354275  User: oesteban  Machine: dna088  Platform: Linux  PlatformVersion: 5.14.0-427.37.1.el9_4.x86_64  CompilerName: GCC  CompilerVersion: 8.4.0
7.3.2

ProgramName: mri_robust_register  ProgramArguments: mri_robust_register -all-info  ProgramVersion: 7.3.2  TimeStamp: 2026/03/15-09:04:13-GMT  BuildTime: Aug  4 2022 06:17:15  BuildStamp: freesurfer-linux-ubuntu22_x86_64-7.3.2-20220804-6354275  User: oesteban  Machine: dna088  Platform: Linux  PlatformVersion: 5.14.0-427.37.1.el9_4.x86_64  CompilerName: GCC  CompilerVersion: 8.4.0
7.3.2

ProgramName: mri_robust_template  ProgramArguments: mri_robust_template -all-info  ProgramVersion: 7.3.2  TimeStamp: 2026/03/15-09:04:13-GMT  BuildTime: Aug  4 2022 06:17:15  BuildStamp: freesurfer-linux-ubuntu22_x86_64-7.3.2-20220804-6354275  User: oesteban  Machine: dna088  Platform: Linux  PlatformVersion: 5.14.0-427.37.1.el9_4.x86_64  CompilerName: GCC  CompilerVersion: 8.4.0
ProgramName: mris_anatomical_stats  ProgramArguments: mris_anatomical_stats -all-info  ProgramVersion: 7.3.2  TimeStamp: 2026/03/15-09:04:13-GMT  BuildTime: Aug  4 2022 06:17:15  BuildStamp: freesurfer-linux-ubuntu22_x86_64-7.3.2-20220804-6354275  User: oesteban  Machine: dna088  Platform: Linux  PlatformVersion: 5.14.0-427.37.1.el9_4.x86_64  CompilerName: GCC  CompilerVersion: 8.4.0
ProgramName: mris_ca_label  ProgramArguments: mris_ca_label -all-info  ProgramVersion: 7.3.2  TimeStamp: 2026/03/15-09:04:13-GMT  BuildTime: Aug  4 2022 06:17:15  BuildStamp: freesurfer-linux-ubuntu22_x86_64-7.3.2-20220804-6354275  User: oesteban  Machine: dna088  Platform: Linux  PlatformVersion: 5.14.0-427.37.1.el9_4.x86_64  CompilerName: GCC  CompilerVersion: 8.4.0
ProgramName: mris_calc  ProgramArguments: mris_calc -all-info  ProgramVersion: 7.3.2  TimeStamp: 2026/03/15-09:04:13-GMT  BuildTime: Aug  4 2022 06:17:15  BuildStamp: freesurfer-linux-ubuntu22_x86_64-7.3.2-20220804-6354275  User: oesteban  Machine: dna088  Platform: Linux  PlatformVersion: 5.14.0-427.37.1.el9_4.x86_64  CompilerName: GCC  CompilerVersion: 8.4.0
ProgramName: mris_convert  ProgramArguments: mris_convert -all-info  ProgramVersion: 7.3.2  TimeStamp: 2026/03/15-09:04:13-GMT  BuildTime: Aug  4 2022 06:17:15  BuildStamp: freesurfer-linux-ubuntu22_x86_64-7.3.2-20220804-6354275  User: oesteban  Machine: dna088  Platform: Linux  PlatformVersion: 5.14.0-427.37.1.el9_4.x86_64  CompilerName: GCC  CompilerVersion: 8.4.0
ProgramName: mris_curvature  ProgramArguments: mris_curvature -all-info  ProgramVersion: 7.3.2  TimeStamp: 2026/03/15-09:04:13-GMT  BuildTime: Aug  4 2022 06:17:15  BuildStamp: freesurfer-linux-ubuntu22_x86_64-7.3.2-20220804-6354275  User: oesteban  Machine: dna088  Platform: Linux  PlatformVersion: 5.14.0-427.37.1.el9_4.x86_64  CompilerName: GCC  CompilerVersion: 8.4.0
ProgramName: mris_curvature_stats  ProgramArguments: mris_curvature_stats -all-info  ProgramVersion: 7.3.2  TimeStamp: 2026/03/15-09:04:13-GMT  BuildTime: Aug  4 2022 06:17:15  BuildStamp: freesurfer-linux-ubuntu22_x86_64-7.3.2-20220804-6354275  User: oesteban  Machine: dna088  Platform: Linux  PlatformVersion: 5.14.0-427.37.1.el9_4.x86_64  CompilerName: GCC  CompilerVersion: 8.4.0
ProgramName: mris_diff  ProgramArguments: mris_diff -all-info  ProgramVersion: 7.3.2  TimeStamp: 2026/03/15-09:04:13-GMT  BuildTime: Aug  4 2022 06:17:15  BuildStamp: freesurfer-linux-ubuntu22_x86_64-7.3.2-20220804-6354275  User: oesteban  Machine: dna088  Platform: Linux  PlatformVersion: 5.14.0-427.37.1.el9_4.x86_64  CompilerName: GCC  CompilerVersion: 8.4.0
ProgramName: mris_divide_parcellation  ProgramArguments: mris_divide_parcellation -all-info  ProgramVersion: 7.3.2  TimeStamp: 2026/03/15-09:04:13-GMT  BuildTime: Aug  4 2022 06:17:15  BuildStamp: freesurfer-linux-ubuntu22_x86_64-7.3.2-20220804-6354275  User: oesteban  Machine: dna088  Platform: Linux  PlatformVersion: 5.14.0-427.37.1.el9_4.x86_64  CompilerName: GCC  CompilerVersion: 8.4.0
ProgramName: mri_segment  ProgramArguments: mri_segment -all-info  ProgramVersion: 7.3.2  TimeStamp: 2026/03/15-09:04:13-GMT  BuildTime: Aug  4 2022 06:17:15  BuildStamp: freesurfer-linux-ubuntu22_x86_64-7.3.2-20220804-6354275  User: oesteban  Machine: dna088  Platform: Linux  PlatformVersion: 5.14.0-427.37.1.el9_4.x86_64  CompilerName: GCC  CompilerVersion: 8.4.0
ProgramName: mri_segstats  ProgramArguments: mri_segstats -all-info  ProgramVersion: 7.3.2  TimeStamp: 2026/03/15-09:04:13-GMT  BuildTime: Aug  4 2022 06:17:15  BuildStamp: freesurfer-linux-ubuntu22_x86_64-7.3.2-20220804-6354275  User: oesteban  Machine: dna088  Platform: Linux  PlatformVersion: 5.14.0-427.37.1.el9_4.x86_64  CompilerName: GCC  CompilerVersion: 8.4.0
ProgramName: mris_euler_number  ProgramArguments: mris_euler_number -all-info  ProgramVersion: 7.3.2  TimeStamp: 2026/03/15-09:04:13-GMT  BuildTime: Aug  4 2022 06:17:15  BuildStamp: freesurfer-linux-ubuntu22_x86_64-7.3.2-20220804-6354275  User: oesteban  Machine: dna088  Platform: Linux  PlatformVersion: 5.14.0-427.37.1.el9_4.x86_64  CompilerName: GCC  CompilerVersion: 8.4.0
ProgramName: mris_fix_topology  ProgramArguments: mris_fix_topology -all-info  ProgramVersion: 7.3.2  TimeStamp: 2026/03/15-09:04:13-GMT  BuildTime: Aug  4 2022 06:17:15  BuildStamp: freesurfer-linux-ubuntu22_x86_64-7.3.2-20220804-6354275  User: oesteban  Machine: dna088  Platform: Linux  PlatformVersion: 5.14.0-427.37.1.el9_4.x86_64  CompilerName: GCC  CompilerVersion: 8.4.0
ProgramName: mris_topo_fixer  ProgramArguments: mris_topo_fixer -all-info  ProgramVersion: 7.3.2  TimeStamp: 2026/03/15-09:04:13-GMT  BuildTime: Aug  4 2022 06:17:15  BuildStamp: freesurfer-linux-ubuntu22_x86_64-7.3.2-20220804-6354275  User: oesteban  Machine: dna088  Platform: Linux  PlatformVersion: 5.14.0-427.37.1.el9_4.x86_64  CompilerName: GCC  CompilerVersion: 8.4.0
ProgramName: mris_jacobian  ProgramArguments: mris_jacobian -all-info  ProgramVersion: 7.3.2  TimeStamp: 2026/03/15-09:04:13-GMT  BuildTime: Aug  4 2022 06:17:15  BuildStamp: freesurfer-linux-ubuntu22_x86_64-7.3.2-20220804-6354275  User: oesteban  Machine: dna088  Platform: Linux  PlatformVersion: 5.14.0-427.37.1.el9_4.x86_64  CompilerName: GCC  CompilerVersion: 8.4.0
ProgramName: mris_label2annot  ProgramArguments: mris_label2annot -all-info  ProgramVersion: 7.3.2  TimeStamp: 2026/03/15-09:04:13-GMT  BuildTime: Aug  4 2022 06:17:15  BuildStamp: freesurfer-linux-ubuntu22_x86_64-7.3.2-20220804-6354275  User: oesteban  Machine: dna088  Platform: Linux  PlatformVersion: 5.14.0-427.37.1.el9_4.x86_64  CompilerName: GCC  CompilerVersion: 8.4.0
ProgramName: mris_left_right_register  ProgramArguments: mris_left_right_register -all-info  ProgramVersion: 7.3.2  TimeStamp: 2026/03/15-09:04:13-GMT  BuildTime: Aug  4 2022 06:17:15  BuildStamp: freesurfer-linux-ubuntu22_x86_64-7.3.2-20220804-6354275  User: oesteban  Machine: dna088  Platform: Linux  PlatformVersion: 5.14.0-427.37.1.el9_4.x86_64  CompilerName: GCC  CompilerVersion: 8.4.0
ProgramName: mris_place_surface  ProgramArguments: mris_place_surface -all-info  ProgramVersion: 7.3.2  TimeStamp: 2026/03/15-09:04:13-GMT  BuildTime: Aug  4 2022 06:17:15  BuildStamp: freesurfer-linux-ubuntu22_x86_64-7.3.2-20220804-6354275  User: oesteban  Machine: dna088  Platform: Linux  PlatformVersion: 5.14.0-427.37.1.el9_4.x86_64  CompilerName: GCC  CompilerVersion: 8.4.0
ProgramName: mrisp_paint  ProgramArguments: mrisp_paint -all-info  ProgramVersion: 7.3.2  TimeStamp: 2026/03/15-09:04:13-GMT  BuildTime: Aug  4 2022 06:17:15  BuildStamp: freesurfer-linux-ubuntu22_x86_64-7.3.2-20220804-6354275  User: oesteban  Machine: dna088  Platform: Linux  PlatformVersion: 5.14.0-427.37.1.el9_4.x86_64  CompilerName: GCC  CompilerVersion: 8.4.0
ProgramName: mris_register  ProgramArguments: mris_register -all-info  ProgramVersion: 7.3.2  TimeStamp: 2026/03/15-09:04:13-GMT  BuildTime: Aug  4 2022 06:17:15  BuildStamp: freesurfer-linux-ubuntu22_x86_64-7.3.2-20220804-6354275  User: oesteban  Machine: dna088  Platform: Linux  PlatformVersion: 5.14.0-427.37.1.el9_4.x86_64  CompilerName: GCC  CompilerVersion: 8.4.0
ProgramName: mris_smooth  ProgramArguments: mris_smooth -all-info  ProgramVersion: 7.3.2  TimeStamp: 2026/03/15-09:04:13-GMT  BuildTime: Aug  4 2022 06:17:15  BuildStamp: freesurfer-linux-ubuntu22_x86_64-7.3.2-20220804-6354275  User: oesteban  Machine: dna088  Platform: Linux  PlatformVersion: 5.14.0-427.37.1.el9_4.x86_64  CompilerName: GCC  CompilerVersion: 8.4.0
ProgramName: mris_sphere  ProgramArguments: mris_sphere -all-info  ProgramVersion: 7.3.2  TimeStamp: 2026/03/15-09:04:13-GMT  BuildTime: Aug  4 2022 06:17:15  BuildStamp: freesurfer-linux-ubuntu22_x86_64-7.3.2-20220804-6354275  User: oesteban  Machine: dna088  Platform: Linux  PlatformVersion: 5.14.0-427.37.1.el9_4.x86_64  CompilerName: GCC  CompilerVersion: 8.4.0
ProgramName: mris_surface_stats  ProgramArguments: mris_surface_stats -all-info  ProgramVersion: 7.3.2  TimeStamp: 2026/03/15-09:04:13-GMT  BuildTime: Aug  4 2022 06:17:15  BuildStamp: freesurfer-linux-ubuntu22_x86_64-7.3.2-20220804-6354275  User: oesteban  Machine: dna088  Platform: Linux  PlatformVersion: 5.14.0-427.37.1.el9_4.x86_64  CompilerName: GCC  CompilerVersion: 8.4.0
ProgramName: mri_stats2seg  ProgramArguments: mri_stats2seg -all-info  ProgramVersion: 7.3.2  TimeStamp: 2026/03/15-09:04:13-GMT  BuildTime: Aug  4 2022 06:17:15  BuildStamp: freesurfer-linux-ubuntu22_x86_64-7.3.2-20220804-6354275  User: oesteban  Machine: dna088  Platform: Linux  PlatformVersion: 5.14.0-427.37.1.el9_4.x86_64  CompilerName: GCC  CompilerVersion: 8.4.0
ProgramName: mris_thickness  ProgramArguments: mris_thickness -all-info  ProgramVersion: 7.3.2  TimeStamp: 2026/03/15-09:04:13-GMT  BuildTime: Aug  4 2022 06:17:15  BuildStamp: freesurfer-linux-ubuntu22_x86_64-7.3.2-20220804-6354275  User: oesteban  Machine: dna088  Platform: Linux  PlatformVersion: 5.14.0-427.37.1.el9_4.x86_64  CompilerName: GCC  CompilerVersion: 8.4.0
ProgramName: mris_thickness_diff  ProgramArguments: mris_thickness_diff -all-info  ProgramVersion: 7.3.2  TimeStamp: 2026/03/15-09:04:13-GMT  BuildTime: Aug  4 2022 06:17:15  BuildStamp: freesurfer-linux-ubuntu22_x86_64-7.3.2-20220804-6354275  User: oesteban  Machine: dna088  Platform: Linux  PlatformVersion: 5.14.0-427.37.1.el9_4.x86_64  CompilerName: GCC  CompilerVersion: 8.4.0
ProgramName: mris_topo_fixer  ProgramArguments: mris_topo_fixer -all-info  ProgramVersion: 7.3.2  TimeStamp: 2026/03/15-09:04:13-GMT  BuildTime: Aug  4 2022 06:17:15  BuildStamp: freesurfer-linux-ubuntu22_x86_64-7.3.2-20220804-6354275  User: oesteban  Machine: dna088  Platform: Linux  PlatformVersion: 5.14.0-427.37.1.el9_4.x86_64  CompilerName: GCC  CompilerVersion: 8.4.0
ProgramName: mri_surf2surf  ProgramArguments: mri_surf2surf -all-info  ProgramVersion: 7.3.2  TimeStamp: 2026/03/15-09:04:13-GMT  BuildTime: Aug  4 2022 06:17:15  BuildStamp: freesurfer-linux-ubuntu22_x86_64-7.3.2-20220804-6354275  User: oesteban  Machine: dna088  Platform: Linux  PlatformVersion: 5.14.0-427.37.1.el9_4.x86_64  CompilerName: GCC  CompilerVersion: 8.4.0
ProgramName: mri_surf2vol  ProgramArguments: mri_surf2vol -all-info  ProgramVersion: 7.3.2  TimeStamp: 2026/03/15-09:04:13-GMT  BuildTime: Aug  4 2022 06:17:15  BuildStamp: freesurfer-linux-ubuntu22_x86_64-7.3.2-20220804-6354275  User: oesteban  Machine: dna088  Platform: Linux  PlatformVersion: 5.14.0-427.37.1.el9_4.x86_64  CompilerName: GCC  CompilerVersion: 8.4.0
ProgramName: mri_surfcluster  ProgramArguments: mri_surfcluster -all-info  ProgramVersion: 7.3.2  TimeStamp: 2026/03/15-09:04:13-GMT  BuildTime: Aug  4 2022 06:17:15  BuildStamp: freesurfer-linux-ubuntu22_x86_64-7.3.2-20220804-6354275  User: oesteban  Machine: dna088  Platform: Linux  PlatformVersion: 5.14.0-427.37.1.el9_4.x86_64  CompilerName: GCC  CompilerVersion: 8.4.0
ProgramName: mris_volmask  ProgramArguments: mris_volmask -all-info  ProgramVersion: 7.3.2  TimeStamp: 2026/03/15-09:04:13-GMT  BuildTime: Aug  4 2022 06:17:15  BuildStamp: freesurfer-linux-ubuntu22_x86_64-7.3.2-20220804-6354275  User: oesteban  Machine: dna088  Platform: Linux  PlatformVersion: 5.14.0-427.37.1.el9_4.x86_64  CompilerName: GCC  CompilerVersion: 8.4.0
ProgramName: mri_tessellate  ProgramArguments: mri_tessellate -all-info  ProgramVersion: 7.3.2  TimeStamp: 2026/03/15-09:04:13-GMT  BuildTime: Aug  4 2022 06:17:15  BuildStamp: freesurfer-linux-ubuntu22_x86_64-7.3.2-20220804-6354275  User: oesteban  Machine: dna088  Platform: Linux  PlatformVersion: 5.14.0-427.37.1.el9_4.x86_64  CompilerName: GCC  CompilerVersion: 8.4.0
ProgramName: mri_vol2surf  ProgramArguments: mri_vol2surf -all-info  ProgramVersion: 7.3.2  TimeStamp: 2026/03/15-09:04:13-GMT  BuildTime: Aug  4 2022 06:17:15  BuildStamp: freesurfer-linux-ubuntu22_x86_64-7.3.2-20220804-6354275  User: oesteban  Machine: dna088  Platform: Linux  PlatformVersion: 5.14.0-427.37.1.el9_4.x86_64  CompilerName: GCC  CompilerVersion: 8.4.0
ProgramName: mri_vol2vol  ProgramArguments: mri_vol2vol -all-info  ProgramVersion: 7.3.2  TimeStamp: 2026/03/15-09:04:13-GMT  BuildTime: Aug  4 2022 06:17:15  BuildStamp: freesurfer-linux-ubuntu22_x86_64-7.3.2-20220804-6354275  User: oesteban  Machine: dna088  Platform: Linux  PlatformVersion: 5.14.0-427.37.1.el9_4.x86_64  CompilerName: GCC  CompilerVersion: 8.4.0
ProgramName: mri_voldiff  ProgramArguments: mri_voldiff -all-info  ProgramVersion: 7.3.2  TimeStamp: 2026/03/15-09:04:13-GMT  BuildTime: Aug  4 2022 06:17:15  BuildStamp: freesurfer-linux-ubuntu22_x86_64-7.3.2-20220804-6354275  User: oesteban  Machine: dna088  Platform: Linux  PlatformVersion: 5.14.0-427.37.1.el9_4.x86_64  CompilerName: GCC  CompilerVersion: 8.4.0
ProgramName: mri_watershed  ProgramArguments: mri_watershed -all-info  ProgramVersion: 7.3.2  TimeStamp: 2026/03/15-09:04:13-GMT  BuildTime: Aug  4 2022 06:17:15  BuildStamp: freesurfer-linux-ubuntu22_x86_64-7.3.2-20220804-6354275  User: oesteban  Machine: dna088  Platform: Linux  PlatformVersion: 5.14.0-427.37.1.el9_4.x86_64  CompilerName: GCC  CompilerVersion: 8.4.0
ProgramName: tkregister2  ProgramArguments: tkregister2_cmdl -all-info  ProgramVersion: 7.3.2  TimeStamp: 2026/03/15-09:04:13-GMT  BuildTime: Aug  4 2022 06:17:15  BuildStamp: freesurfer-linux-ubuntu22_x86_64-7.3.2-20220804-6354275  User: oesteban  Machine: dna088  Platform: Linux  PlatformVersion: 5.14.0-427.37.1.el9_4.x86_64  CompilerName: GCC  CompilerVersion: 8.4.0
mri_motion_correct.fsl 7.3.2
mri_convert -all-info 
ProgramName: mri_convert  ProgramArguments: mri_convert -all-info  ProgramVersion: 7.3.2  TimeStamp: 2026/03/15-09:04:13-GMT  BuildTime: Aug  4 2022 06:17:15  BuildStamp: freesurfer-linux-ubuntu22_x86_64-7.3.2-20220804-6354275  User: oesteban  Machine: dna088  Platform: Linux  PlatformVersion: 5.14.0-427.37.1.el9_4.x86_64  CompilerName: GCC  CompilerVersion: 8.4.0
Program nu_correct, built from:
Package MNI N3, version 1.12.0, compiled by nicks@terrier (x86_64-unknown-linux-gnu) on 2015-06-19 at 01:25:34
#######################################
GCADIR /opt/freesurfer/average
GCA RB_all_2020-01-02.gca
GCASkull RB_all_withskull_2020_01_02.gca
AvgCurvTif folding.atlas.acfb40.noaparc.i12.2016-08-02.tif
GCSDIR /opt/freesurfer/average
GCS DKaparc.atlas.acfb40.noaparc.i12.2016-08-02.gcs
#######################################
#--------------------------------------------
#@# AutoDetGWStats rh Sun Mar 15 10:04:13 CET 2026
cd /out/sourcedata/freesurfer/sub-v2s10x28969_ses-1/mri
mris_autodet_gwstats --o ../surf/autodet.gw.stats.rh.dat --i brain.finalsurfs.mgz --wm wm.mgz --surf ../surf/rh.orig.premesh
  Update not needed
#--------------------------------------------
#@# WhitePreAparc rh Sun Mar 15 10:04:13 CET 2026
cd /out/sourcedata/freesurfer/sub-v2s10x28969_ses-1/mri
mris_place_surface --adgws-in ../surf/autodet.gw.stats.rh.dat --wm wm.mgz --threads 16 --invol brain.finalsurfs.mgz --rh --i ../surf/rh.orig --o ../surf/rh.white.preaparc --white --seg aseg.presurf.mgz --nsmooth 5
   Update not needed
#--------------------------------------------
#@# CortexLabel rh Sun Mar 15 10:04:13 CET 2026
cd /out/sourcedata/freesurfer/sub-v2s10x28969_ses-1/mri
mri_label2label --label-cortex ../surf/rh.white.preaparc aseg.presurf.mgz 0 ../label/rh.cortex.label
   Update not needed
#--------------------------------------------
#@# CortexLabel+HipAmyg rh Sun Mar 15 10:04:13 CET 2026
cd /out/sourcedata/freesurfer/sub-v2s10x28969_ses-1/mri
mri_label2label --label-cortex ../surf/rh.white.preaparc aseg.presurf.mgz 1 ../label/rh.cortex+hipamyg.label
   Update not needed
#@# white curv rh Sun Mar 15 10:04:13 CET 2026
cd /out/sourcedata/freesurfer/sub-v2s10x28969_ses-1/mri
mris_place_surface --curv-map ../surf/rh.white 2 10 ../surf/rh.curv
   Update not needed
#@# white area rh Sun Mar 15 10:04:13 CET 2026
cd /out/sourcedata/freesurfer/sub-v2s10x28969_ses-1/mri
mris_place_surface --area-map ../surf/rh.white ../surf/rh.area
   Update not needed
#@# pial curv rh Sun Mar 15 10:04:13 CET 2026
cd /out/sourcedata/freesurfer/sub-v2s10x28969_ses-1/mri
mris_place_surface --curv-map ../surf/rh.pial 2 10 ../surf/rh.curv.pial
   Update not needed
#@# pial area rh Sun Mar 15 10:04:13 CET 2026
cd /out/sourcedata/freesurfer/sub-v2s10x28969_ses-1/mri
mris_place_surface --area-map ../surf/rh.pial ../surf/rh.area.pial
   Update not needed
#@# thickness rh Sun Mar 15 10:04:13 CET 2026
cd /out/sourcedata/freesurfer/sub-v2s10x28969_ses-1/mri
mris_place_surface --thickness ../surf/rh.white ../surf/rh.pial 20 5 ../surf/rh.thickness
   Update not needed
#@# area and vertex vol rh Sun Mar 15 10:04:13 CET 2026
cd /out/sourcedata/freesurfer/sub-v2s10x28969_ses-1/mri
mris_place_surface --thickness ../surf/rh.white ../surf/rh.pial 20 5 ../surf/rh.thickness
   Update not needed
#-----------------------------------------
#@# Parcellation Stats rh Sun Mar 15 10:04:13 CET 2026
/out/sourcedata/freesurfer/sub-v2s10x28969_ses-1/scripts

 mris_anatomical_stats -th3 -mgz -noglobal -cortex ../label/rh.cortex.label -f ../stats/rh.aparc.stats -b -a ../label/rh.aparc.annot -c ../label/aparc.annot.ctab sub-v2s10x28969_ses-1 rh white 

computing statistics for each annotation in ../label/rh.aparc.annot.
reading volume /out/sourcedata/freesurfer/sub-v2s10x28969_ses-1/mri/wm.mgz...
reading input surface /out/sourcedata/freesurfer/sub-v2s10x28969_ses-1/surf/rh.white...
reading input pial surface /out/sourcedata/freesurfer/sub-v2s10x28969_ses-1/surf/rh.pial...
reading input white surface /out/sourcedata/freesurfer/sub-v2s10x28969_ses-1/surf/rh.white...
INFO: using TH3 volume calc
INFO: assuming MGZ format for volumes.
INFO: not computing global stats
INFO: using ../label/rh.cortex.label as mask to calc cortex NumVert, SurfArea and MeanThickness.
Using TH3 vertex volume calc
Total face volume 308733
Total vertex volume 308542 (mask=0)
Saving annotation colortable ../label/aparc.annot.ctab

table columns are:
    number of vertices
    total surface area (mm^2)
    total gray matter volume (mm^3)
    average cortical thickness +- standard deviation (mm)
    integrated rectified mean curvature
    integrated rectified Gaussian curvature
    folding index
    intrinsic curvature index
    structure name

 1596   1077   2848  2.976 0.478     0.107     0.017       15     1.2  bankssts
 1144    734   2086  2.502 0.744     0.110     0.016       13     0.8  caudalanteriorcingulate
 3430   2426   7591  2.923 0.489     0.116     0.020       34     3.2  caudalmiddlefrontal
 2503   1811   3894  2.092 0.521     0.153     0.032       39     3.5  cuneus
  673    427   1779  3.347 0.723     0.089     0.020        3     0.4  entorhinal
 5424   3520  11524  3.001 0.622     0.112     0.023       60     4.9  fusiform
 8530   6119  18609  2.710 0.587     0.111     0.020       96     7.1  inferiorparietal
 6434   4408  15316  3.045 0.739     0.112     0.023       75     5.9  inferiortemporal
 1845   1286   4031  2.756 0.924     0.122     0.025       24     1.9  isthmuscingulate
 7363   5291  14674  2.491 0.587     0.137     0.029      104     9.0  lateraloccipital
 3902   2761   9457  3.207 0.780     0.126     0.032       46     4.9  lateralorbitofrontal
 4521   3242   8033  2.415 0.700     0.149     0.034       60     6.9  lingual
 3618   2420   7460  2.670 0.740     0.117     0.028       53     4.5  medialorbitofrontal
 6416   4567  16980  3.070 0.615     0.116     0.022       81     5.7  middletemporal
 1224    746   2379  2.819 0.897     0.080     0.011        7     0.5  parahippocampal
 2046   1321   3867  2.770 0.556     0.117     0.021       18     1.8  paracentral
 2969   2021   6762  2.935 0.518     0.109     0.017       27     2.3  parsopercularis
 1405   1090   4257  3.121 0.756     0.141     0.029       25     1.8  parsorbitalis
 3215   2342   8695  3.087 0.657     0.121     0.024       38     3.2  parstriangularis
 2314   1636   2138  1.534 0.445     0.141     0.030       31     3.0  pericalcarine
 5995   3992  10108  2.291 0.643     0.105     0.017       52     4.7  postcentral
 2253   1567   4628  2.597 0.901     0.125     0.024       28     2.4  posteriorcingulate
 7427   4888  14191  2.671 0.486     0.098     0.016       57     4.9  precentral
 7404   5065  14326  2.719 0.514     0.119     0.022       83     6.9  precuneus
 1238    881   3062  3.078 0.526     0.117     0.025       19     1.2  rostralanteriorcingulate
 9691   7156  21779  2.622 0.661     0.126     0.028      147    11.1  rostralmiddlefrontal
10412   7505  26057  3.067 0.615     0.122     0.024      117    10.1  superiorfrontal
 9249   6465  17606  2.429 0.488     0.115     0.020      101     8.1  superiorparietal
 6692   4381  15833  3.236 0.602     0.096     0.014       57     4.0  superiortemporal
 6299   4530  14891  2.944 0.556     0.129     0.025       81     6.6  supramarginal
  404    323   1108  2.768 0.875     0.173     0.062       11     1.1  frontalpole
  762    498   2656  3.762 0.834     0.112     0.032        6     1.1  temporalpole
  617    427   1210  2.759 0.484     0.150     0.024        8     0.6  transversetemporal
 3932   2625   8707  3.411 0.888     0.108     0.026       41     4.1  insula

 mris_anatomical_stats -th3 -mgz -noglobal -cortex ../label/rh.cortex.label -f ../stats/rh.aparc.pial.stats -b -a ../label/rh.aparc.annot -c ../label/aparc.annot.ctab sub-v2s10x28969_ses-1 rh pial 

computing statistics for each annotation in ../label/rh.aparc.annot.
reading volume /out/sourcedata/freesurfer/sub-v2s10x28969_ses-1/mri/wm.mgz...
reading input surface /out/sourcedata/freesurfer/sub-v2s10x28969_ses-1/surf/rh.pial...
reading input pial surface /out/sourcedata/freesurfer/sub-v2s10x28969_ses-1/surf/rh.pial...
reading input white surface /out/sourcedata/freesurfer/sub-v2s10x28969_ses-1/surf/rh.white...
INFO: using TH3 volume calc
INFO: assuming MGZ format for volumes.
INFO: not computing global stats
INFO: using ../label/rh.cortex.label as mask to calc cortex NumVert, SurfArea and MeanThickness.
Using TH3 vertex volume calc
Total face volume 308733
Total vertex volume 308542 (mask=0)
Saving annotation colortable ../label/aparc.annot.ctab

table columns are:
    number of vertices
    total surface area (mm^2)
    total gray matter volume (mm^3)
    average cortical thickness +- standard deviation (mm)
    integrated rectified mean curvature
    integrated rectified Gaussian curvature
    folding index
    intrinsic curvature index
    structure name

 1596    872   2848  2.976 0.478     0.109     0.029       25     1.9  bankssts
 1144    914   2086  2.502 0.744     0.139     0.033       22     1.7  caudalanteriorcingulate
 3430   2684   7591  2.923 0.489     0.122     0.029       41     3.8  caudalmiddlefrontal
 2503   2149   3894  2.092 0.521     0.205     0.053    65779     3.5  cuneus
  673    663   1779  3.347 0.723     0.203     0.062       18     2.0  entorhinal
 5424   4261  11524  3.001 0.622     0.126     0.037     1731     7.1  fusiform
 8530   7404  18609  2.710 0.587     0.132     0.027      327    10.5  inferiorparietal
 6434   5602  15316  3.045 0.739     0.137     0.033      226     9.5  inferiortemporal
 1845   1674   4031  2.756 0.924     0.171     0.050       58     3.7  isthmuscingulate
 7363   6493  14674  2.491 0.587     0.135     0.032     1970     9.2  lateraloccipital
 3902   3177   9457  3.207 0.780     0.161     0.044      238     7.6  lateralorbitofrontal
 4521   3830   8033  2.415 0.700     0.154     0.043      129     7.7  lingual
 3618   3231   7460  2.670 0.740     0.151     0.035       81     5.6  medialorbitofrontal
 6416   6472  16980  3.070 0.615     0.162     0.074     1437     9.6  middletemporal
 1224    967   2379  2.819 0.897     0.137     0.037       17     2.3  parahippocampal
 2046   1468   3867  2.770 0.556     0.119     0.036       50     2.6  paracentral
 2969   2502   6762  2.935 0.518     0.136     0.030       95     3.7  parsopercularis
 1405   1631   4257  3.121 0.756     0.178     0.037       21     2.6  parsorbitalis
 3215   3161   8695  3.087 0.657     0.167     0.032      414     4.8  parstriangularis
 2314   1396   2138  1.534 0.445     0.109     0.753      251     2.6  pericalcarine
 5995   4924  10108  2.291 0.643     0.123     0.025       88     6.6  postcentral
 2253   1988   4628  2.597 0.901     0.153     0.042       51     3.9  posteriorcingulate
 7427   5632  14191  2.671 0.486     0.109     0.022      106     7.1  precentral
 7404   5532  14326  2.719 0.514     0.129     0.034      176     9.6  precuneus
 1238   1169   3062  3.078 0.526     0.158     0.037       27     1.9  rostralanteriorcingulate
 9691   9457  21779  2.622 0.661     0.160     0.034      153    14.8  rostralmiddlefrontal
10412   9371  26057  3.067 0.615     0.146     0.033      180    14.6  superiorfrontal
 9249   8013  17606  2.429 0.488     0.137     0.026      119    11.0  superiorparietal
 6692   5494  15833  3.236 0.602     0.136     0.035     9619     7.5  superiortemporal
 6299   5517  14891  2.944 0.556     0.143     0.032      120     8.6  supramarginal
  404    481   1108  2.768 0.875     0.171     0.032        5     0.5  frontalpole
  762    932   2656  3.762 0.834     0.160     0.033        7     1.1  temporalpole
  617    484   1210  2.759 0.484     0.140     0.036        9     0.9  transversetemporal
 3932   2370   8707  3.411 0.888     0.126     0.038      156     5.5  insula
#-----------------------------------------
#@# Parcellation Stats 2 rh Sun Mar 15 10:04:29 CET 2026
/out/sourcedata/freesurfer/sub-v2s10x28969_ses-1/scripts

 mris_anatomical_stats -th3 -mgz -noglobal -cortex ../label/rh.cortex.label -f ../stats/rh.aparc.a2009s.stats -b -a ../label/rh.aparc.a2009s.annot -c ../label/aparc.annot.a2009s.ctab sub-v2s10x28969_ses-1 rh white 

computing statistics for each annotation in ../label/rh.aparc.a2009s.annot.
reading volume /out/sourcedata/freesurfer/sub-v2s10x28969_ses-1/mri/wm.mgz...
reading input surface /out/sourcedata/freesurfer/sub-v2s10x28969_ses-1/surf/rh.white...
reading input pial surface /out/sourcedata/freesurfer/sub-v2s10x28969_ses-1/surf/rh.pial...
reading input white surface /out/sourcedata/freesurfer/sub-v2s10x28969_ses-1/surf/rh.white...
INFO: using TH3 volume calc
INFO: assuming MGZ format for volumes.
INFO: not computing global stats
INFO: using ../label/rh.cortex.label as mask to calc cortex NumVert, SurfArea and MeanThickness.
Using TH3 vertex volume calc
Total face volume 308733
Total vertex volume 308542 (mask=0)
Saving annotation colortable ../label/aparc.annot.a2009s.ctab

table columns are:
    number of vertices
    total surface area (mm^2)
    total gray matter volume (mm^3)
    average cortical thickness +- standard deviation (mm)
    integrated rectified mean curvature
    integrated rectified Gaussian curvature
    folding index
    intrinsic curvature index
    structure name

  819    585   1793  2.479 0.923     0.127     0.030       10     0.9  G_and_S_frontomargin
 1334   1004   3292  2.785 0.564     0.144     0.030       24     1.8  G_and_S_occipital_inf
 1268    825   2202  2.320 0.502     0.125     0.025       14     1.4  G_and_S_paracentral
 1874   1253   4119  2.874 0.540     0.115     0.019       20     1.6  G_and_S_subcentral
 1184    905   2691  2.367 0.588     0.158     0.046       36     2.1  G_and_S_transv_frontopol
 3529   2502   7804  2.931 0.547     0.113     0.021       38     3.1  G_and_S_cingul-Ant
 1371    902   2759  3.004 0.537     0.105     0.018       11     1.0  G_and_S_cingul-Mid-Ant
 1515   1057   3167  2.912 0.599     0.121     0.023       15     1.5  G_and_S_cingul-Mid-Post
  822    593   2323  3.018 0.696     0.152     0.039       16     1.4  G_cingul-Post-dorsal
  443    277   1224  3.341 0.677     0.126     0.027        7     0.4  G_cingul-Post-ventral
 2285   1666   3564  1.976 0.569     0.154     0.032       37     3.2  G_cuneus
 2011   1379   5789  3.146 0.416     0.120     0.023       26     1.9  G_front_inf-Opercular
  551    429   1887  3.044 0.516     0.140     0.030       11     0.7  G_front_inf-Orbital
 1409   1063   4996  3.469 0.590     0.137     0.032       21     1.9  G_front_inf-Triangul
 4391   3459  13505  2.946 0.593     0.146     0.032       86     6.2  G_front_middle
 6706   4980  20438  3.220 0.629     0.138     0.028      102     7.6  G_front_sup
  680    473   1704  3.525 0.980     0.123     0.033       13     0.9  G_Ins_lg_and_S_cent_ins
  903    609   2771  3.505 1.186     0.120     0.035       14     1.2  G_insular_short
 1980   1521   5710  2.816 0.645     0.136     0.028       37     2.3  G_occipital_middle
 1515   1070   2825  2.287 0.511     0.129     0.026       19     1.7  G_occipital_sup
 2533   1569   6278  3.046 0.652     0.122     0.029       42     2.8  G_oc-temp_lat-fusifor
 2827   2059   5229  2.250 0.703     0.158     0.038       43     4.5  G_oc-temp_med-Lingual
 1292    772   3303  3.145 0.880     0.085     0.017        7     0.8  G_oc-temp_med-Parahip
 2749   2109   8960  3.221 0.903     0.144     0.039       52     4.5  G_orbital
 3782   2897  10710  2.846 0.640     0.137     0.029       72     4.4  G_pariet_inf-Angular
 2977   2172   8067  3.086 0.566     0.132     0.026       40     3.2  G_pariet_inf-Supramar
 2854   2077   6675  2.542 0.521     0.125     0.024       42     2.9  G_parietal_sup
 1948   1331   3468  2.124 0.529     0.118     0.022       21     2.1  G_postcentral
 2736   1762   6750  2.899 0.488     0.103     0.018       27     2.1  G_precentral
 3325   2339   8183  2.830 0.496     0.131     0.025       51     3.4  G_precuneus
 1014    644   2310  2.631 0.800     0.125     0.041       20     1.7  G_rectus
  780    464   1245  2.493 0.984     0.128     0.046       15     1.8  G_subcallosal
  449    299   1025  2.857 0.467     0.147     0.025        7     0.4  G_temp_sup-G_T_transv
 2402   1571   6989  3.292 0.511     0.113     0.020       33     2.0  G_temp_sup-Lateral
  963    617   2349  3.613 0.704     0.071     0.013        5     0.5  G_temp_sup-Plan_polar
 1077    712   2429  3.047 0.563     0.101     0.015       10     0.7  G_temp_sup-Plan_tempo
 3281   2271   9903  3.230 0.826     0.124     0.030       55     3.6  G_temporal_inf
 3849   2839  12237  3.124 0.614     0.131     0.027       67     4.3  G_temporal_middle
  402    279    635  2.699 0.417     0.095     0.009        2     0.1  Lat_Fis-ant-Horizont
  412    306    698  2.480 0.381     0.106     0.011        2     0.2  Lat_Fis-ant-Vertical
 1471    979   2205  2.928 0.394     0.104     0.017        8     1.1  Lat_Fis-post
 3189   2267   5549  2.207 0.544     0.152     0.035       46     5.0  Pole_occipital
 1932   1280   6370  3.587 0.767     0.120     0.027       22     2.1  Pole_temporal
 2721   1893   3365  2.142 0.955     0.132     0.028       32     3.5  S_calcarine
 2602   1709   3125  2.094 0.511     0.089     0.012       14     1.3  S_central
 1266    864   2165  2.664 0.482     0.108     0.019       10     1.0  S_cingul-Marginalis
  672    455   1184  3.257 0.509     0.091     0.014        2     0.4  S_circular_insula_ant
 1360    891   2299  3.522 0.683     0.079     0.010        4     0.6  S_circular_insula_inf
 1805   1207   3042  3.139 0.558     0.104     0.016        9     1.4  S_circular_insula_sup
 1311    883   2103  2.779 0.452     0.088     0.012        6     0.6  S_collat_transv_ant
  338    230    456  2.737 0.702     0.127     0.022        3     0.4  S_collat_transv_post
 3311   2372   6401  2.607 0.530     0.109     0.020       31     2.5  S_front_inf
 2423   1640   3721  2.401 0.535     0.101     0.019       19     1.9  S_front_middle
 2600   1783   4124  2.680 0.388     0.101     0.017       16     2.1  S_front_sup
  515    348    747  2.675 0.374     0.109     0.015        3     0.4  S_interm_prim-Jensen
 4704   3248   7810  2.409 0.412     0.104     0.018       37     3.6  S_intrapariet_and_P_trans
 1293    881   1889  2.314 0.533     0.119     0.021       11     1.1  S_oc_middle_and_Lunatus
 1245    822   1758  2.423 0.341     0.092     0.015        7     0.7  S_oc_sup_and_transversal
 1078    740   1763  2.598 0.408     0.096     0.015        7     0.7  S_occipital_ant
 1505    998   2361  2.784 0.346     0.085     0.012        6     0.7  S_oc-temp_lat
 2228   1494   3573  2.912 0.649     0.099     0.016       12     1.6  S_oc-temp_med_and_Lingual
  590    396    935  2.959 0.570     0.115     0.021        3     0.6  S_orbital_lateral
  845    568   1385  2.807 0.615     0.093     0.012        5     0.4  S_orbital_med-olfact
 1497   1054   3434  3.351 0.708     0.122     0.028       14     1.8  S_orbital-H_Shaped
 2872   1904   4334  2.469 0.562     0.104     0.014       22     1.8  S_parieto_occipital
 2035   1291   2194  2.016 0.824     0.099     0.014       19     1.1  S_pericallosal
 2577   1729   3759  2.385 0.431     0.111     0.018       23     2.0  S_postcentral
 2104   1360   3104  2.588 0.426     0.090     0.013       10     1.2  S_precentral-inf-part
 1300    857   2001  2.676 0.357     0.079     0.009        4     0.6  S_precentral-sup-part
  358    261    597  2.708 0.690     0.123     0.015        3     0.2  S_suborbital
 1666   1191   2888  2.757 0.451     0.122     0.025       16     1.7  S_subparietal
 2120   1438   2979  2.702 0.521     0.110     0.019       13     1.9  S_temporal_inf
 6776   4603  12206  2.897 0.543     0.097     0.014       47     4.1  S_temporal_sup
  396    272    708  3.023 0.567     0.114     0.010        3     0.2  S_temporal_transverse
#-----------------------------------------
#@# Parcellation Stats 3 rh Sun Mar 15 10:04:37 CET 2026
/out/sourcedata/freesurfer/sub-v2s10x28969_ses-1/scripts

 mris_anatomical_stats -th3 -mgz -noglobal -cortex ../label/rh.cortex.label -f ../stats/rh.aparc.DKTatlas.stats -b -a ../label/rh.aparc.DKTatlas.annot -c ../label/aparc.annot.DKTatlas.ctab sub-v2s10x28969_ses-1 rh white 

computing statistics for each annotation in ../label/rh.aparc.DKTatlas.annot.
reading volume /out/sourcedata/freesurfer/sub-v2s10x28969_ses-1/mri/wm.mgz...
reading input surface /out/sourcedata/freesurfer/sub-v2s10x28969_ses-1/surf/rh.white...
reading input pial surface /out/sourcedata/freesurfer/sub-v2s10x28969_ses-1/surf/rh.pial...
reading input white surface /out/sourcedata/freesurfer/sub-v2s10x28969_ses-1/surf/rh.white...
INFO: using TH3 volume calc
INFO: assuming MGZ format for volumes.
INFO: not computing global stats
INFO: using ../label/rh.cortex.label as mask to calc cortex NumVert, SurfArea and MeanThickness.
Using TH3 vertex volume calc
Total face volume 308733
Total vertex volume 308542 (mask=0)
Saving annotation colortable ../label/aparc.annot.DKTatlas.ctab

table columns are:
    number of vertices
    total surface area (mm^2)
    total gray matter volume (mm^3)
    average cortical thickness +- standard deviation (mm)
    integrated rectified mean curvature
    integrated rectified Gaussian curvature
    folding index
    intrinsic curvature index
    structure name

 1269    812   2208  2.464 0.754     0.110     0.015       14     0.9  caudalanteriorcingulate
 3530   2495   7758  2.916 0.492     0.116     0.021       35     3.2  caudalmiddlefrontal
 3076   2195   4785  2.110 0.514     0.141     0.028       43     3.7  cuneus
  627    405   1651  3.305 0.732     0.095     0.020        3     0.4  entorhinal
 4955   3198  10210  2.967 0.604     0.109     0.022       53     4.3  fusiform
 8666   6218  19182  2.720 0.594     0.114     0.021      101     7.4  inferiorparietal
 6932   4737  16766  3.060 0.742     0.112     0.024       81     6.4  inferiortemporal
 1884   1315   4086  2.761 0.906     0.124     0.025       28     1.9  isthmuscingulate
 7351   5290  14590  2.471 0.594     0.139     0.029      106     9.2  lateraloccipital
 4360   3125  10827  3.131 0.917     0.131     0.034       60     6.0  lateralorbitofrontal
 4445   3184   7899  2.418 0.698     0.149     0.034       59     6.8  lingual
 2888   1907   6266  2.706 0.795     0.123     0.034       51     4.3  medialorbitofrontal
 7597   5370  19214  3.052 0.594     0.114     0.021       92     6.6  middletemporal
 1294    793   2538  2.893 0.898     0.077     0.011        5     0.5  parahippocampal
 2150   1397   4050  2.766 0.560     0.116     0.021       19     1.8  paracentral
 3611   2453   8105  2.926 0.509     0.108     0.018       33     2.8  parsopercularis
 1294    911   3409  3.111 0.578     0.112     0.020       13     1.1  parsorbitalis
 2989   2204   7865  3.042 0.699     0.125     0.026       35     3.2  parstriangularis
 2296   1628   2112  1.531 0.447     0.143     0.030       31     3.0  pericalcarine
 6501   4323  10724  2.287 0.632     0.108     0.017       57     5.3  postcentral
 2285   1592   4709  2.618 0.887     0.127     0.025       28     2.5  posteriorcingulate
 7184   4717  13763  2.687 0.489     0.100     0.016       56     4.9  precentral
 7515   5162  14755  2.713 0.526     0.119     0.022       83     6.9  precuneus
 1802   1268   4367  2.972 0.662     0.116     0.025       25     1.7  rostralanteriorcingulate
 7373   5558  17888  2.689 0.635     0.129     0.028      112     8.5  rostralmiddlefrontal
13006   9380  30698  2.920 0.664     0.122     0.025      160    13.3  superiorfrontal
 7892   5543  15417  2.464 0.468     0.113     0.021       86     6.9  superiorparietal
 8473   5567  20254  3.253 0.639     0.100     0.017       79     6.1  superiortemporal
 5865   4206  13583  2.939 0.555     0.125     0.024       70     5.8  supramarginal
  597    414   1186  2.747 0.477     0.149     0.024        8     0.6  transversetemporal
 3240   2183   7677  3.632 0.724     0.106     0.023       29     3.0  insula
/out/sourcedata/freesurfer/sub-v2s10x28969_ses-1/label
#--------------------------------------------
#@# BA_exvivo Labels rh Sun Mar 15 10:04:45 CET 2026

 mri_label2label --srcsubject fsaverage --srclabel /out/sourcedata/freesurfer/fsaverage/label/rh.BA1_exvivo.label --trgsubject sub-v2s10x28969_ses-1 --trglabel ./rh.BA1_exvivo.label --hemi rh --regmethod surface 


srclabel = /out/sourcedata/freesurfer/fsaverage/label/rh.BA1_exvivo.label
srcsubject = fsaverage
trgsubject = sub-v2s10x28969_ses-1
trglabel = ./rh.BA1_exvivo.label
regmethod = surface

srchemi = rh
trghemi = rh
trgsurface = white
srcsurfreg = sphere.reg
trgsurfreg = sphere.reg
usehash = 1
Use ProjAbs  = 0, 0
Use ProjFrac = 0, 0
DoPaint 0

SUBJECTS_DIR    /out/sourcedata/freesurfer
FREESURFER_HOME /opt/freesurfer
Loading source label.
Found 3962 points in source label.
Starting surface-based mapping
Reading source registration 
 /out/sourcedata/freesurfer/fsaverage/surf/rh.sphere.reg
Rescaling ...  original radius = 100
Reading target surface 
 /out/sourcedata/freesurfer/sub-v2s10x28969_ses-1/surf/rh.white
Reading target registration 
 /out/sourcedata/freesurfer/sub-v2s10x28969_ses-1/surf/rh.sphere.reg
Rescaling ...  original radius = 99.9999
Building target registration hash (res=16).
Building source registration hash (res=16).
INFO: found  3962 nlabel points
Performing mapping from target back to the source label 151317
Number of reverse mapping hits = 122
Checking for and removing duplicates
Writing label file ./rh.BA1_exvivo.label 4084
mri_label2label: Done


 mri_label2label --srcsubject fsaverage --srclabel /out/sourcedata/freesurfer/fsaverage/label/rh.BA2_exvivo.label --trgsubject sub-v2s10x28969_ses-1 --trglabel ./rh.BA2_exvivo.label --hemi rh --regmethod surface 


srclabel = /out/sourcedata/freesurfer/fsaverage/label/rh.BA2_exvivo.label
srcsubject = fsaverage
trgsubject = sub-v2s10x28969_ses-1
trglabel = ./rh.BA2_exvivo.label
regmethod = surface

srchemi = rh
trghemi = rh
trgsurface = white
srcsurfreg = sphere.reg
trgsurfreg = sphere.reg
usehash = 1
Use ProjAbs  = 0, 0
Use ProjFrac = 0, 0
DoPaint 0

SUBJECTS_DIR    /out/sourcedata/freesurfer
FREESURFER_HOME /opt/freesurfer
Loading source label.
Found 6687 points in source label.
Starting surface-based mapping
Reading source registration 
 /out/sourcedata/freesurfer/fsaverage/surf/rh.sphere.reg
Rescaling ...  original radius = 100
Reading target surface 
 /out/sourcedata/freesurfer/sub-v2s10x28969_ses-1/surf/rh.white
Reading target registration 
 /out/sourcedata/freesurfer/sub-v2s10x28969_ses-1/surf/rh.sphere.reg
Rescaling ...  original radius = 99.9999
Building target registration hash (res=16).
Building source registration hash (res=16).
INFO: found  6687 nlabel points
Performing mapping from target back to the source label 151317
Number of reverse mapping hits = 137
Checking for and removing duplicates
Writing label file ./rh.BA2_exvivo.label 6824
mri_label2label: Done


 mri_label2label --srcsubject fsaverage --srclabel /out/sourcedata/freesurfer/fsaverage/label/rh.BA3a_exvivo.label --trgsubject sub-v2s10x28969_ses-1 --trglabel ./rh.BA3a_exvivo.label --hemi rh --regmethod surface 


srclabel = /out/sourcedata/freesurfer/fsaverage/label/rh.BA3a_exvivo.label
srcsubject = fsaverage
trgsubject = sub-v2s10x28969_ses-1
trglabel = ./rh.BA3a_exvivo.label
regmethod = surface

srchemi = rh
trghemi = rh
trgsurface = white
srcsurfreg = sphere.reg
trgsurfreg = sphere.reg
usehash = 1
Use ProjAbs  = 0, 0
Use ProjFrac = 0, 0
DoPaint 0

SUBJECTS_DIR    /out/sourcedata/freesurfer
FREESURFER_HOME /opt/freesurfer
Loading source label.
Found 3980 points in source label.
Starting surface-based mapping
Reading source registration 
 /out/sourcedata/freesurfer/fsaverage/surf/rh.sphere.reg
Rescaling ...  original radius = 100
Reading target surface 
 /out/sourcedata/freesurfer/sub-v2s10x28969_ses-1/surf/rh.white
Reading target registration 
 /out/sourcedata/freesurfer/sub-v2s10x28969_ses-1/surf/rh.sphere.reg
Rescaling ...  original radius = 99.9999
Building target registration hash (res=16).
Building source registration hash (res=16).
INFO: found  3980 nlabel points
Performing mapping from target back to the source label 151317
Number of reverse mapping hits = 24
Checking for and removing duplicates
Writing label file ./rh.BA3a_exvivo.label 4004
mri_label2label: Done


 mri_label2label --srcsubject fsaverage --srclabel /out/sourcedata/freesurfer/fsaverage/label/rh.BA3b_exvivo.label --trgsubject sub-v2s10x28969_ses-1 --trglabel ./rh.BA3b_exvivo.label --hemi rh --regmethod surface 


srclabel = /out/sourcedata/freesurfer/fsaverage/label/rh.BA3b_exvivo.label
srcsubject = fsaverage
trgsubject = sub-v2s10x28969_ses-1
trglabel = ./rh.BA3b_exvivo.label
regmethod = surface

srchemi = rh
trghemi = rh
trgsurface = white
srcsurfreg = sphere.reg
trgsurfreg = sphere.reg
usehash = 1
Use ProjAbs  = 0, 0
Use ProjFrac = 0, 0
DoPaint 0

SUBJECTS_DIR    /out/sourcedata/freesurfer
FREESURFER_HOME /opt/freesurfer
Loading source label.
Found 4522 points in source label.
Starting surface-based mapping
Reading source registration 
 /out/sourcedata/freesurfer/fsaverage/surf/rh.sphere.reg
Rescaling ...  original radius = 100
Reading target surface 
 /out/sourcedata/freesurfer/sub-v2s10x28969_ses-1/surf/rh.white
Reading target registration 
 /out/sourcedata/freesurfer/sub-v2s10x28969_ses-1/surf/rh.sphere.reg
Rescaling ...  original radius = 99.9999
Building target registration hash (res=16).
Building source registration hash (res=16).
INFO: found  4522 nlabel points
Performing mapping from target back to the source label 151317
Number of reverse mapping hits = 72
Checking for and removing duplicates
Writing label file ./rh.BA3b_exvivo.label 4594
mri_label2label: Done


 mri_label2label --srcsubject fsaverage --srclabel /out/sourcedata/freesurfer/fsaverage/label/rh.BA4a_exvivo.label --trgsubject sub-v2s10x28969_ses-1 --trglabel ./rh.BA4a_exvivo.label --hemi rh --regmethod surface 


srclabel = /out/sourcedata/freesurfer/fsaverage/label/rh.BA4a_exvivo.label
srcsubject = fsaverage
trgsubject = sub-v2s10x28969_ses-1
trglabel = ./rh.BA4a_exvivo.label
regmethod = surface

srchemi = rh
trghemi = rh
trgsurface = white
srcsurfreg = sphere.reg
trgsurfreg = sphere.reg
usehash = 1
Use ProjAbs  = 0, 0
Use ProjFrac = 0, 0
DoPaint 0

SUBJECTS_DIR    /out/sourcedata/freesurfer
FREESURFER_HOME /opt/freesurfer
Loading source label.
Found 5747 points in source label.
Starting surface-based mapping
Reading source registration 
 /out/sourcedata/freesurfer/fsaverage/surf/rh.sphere.reg
Rescaling ...  original radius = 100
Reading target surface 
 /out/sourcedata/freesurfer/sub-v2s10x28969_ses-1/surf/rh.white
Reading target registration 
 /out/sourcedata/freesurfer/sub-v2s10x28969_ses-1/surf/rh.sphere.reg
Rescaling ...  original radius = 99.9999
Building target registration hash (res=16).
Building source registration hash (res=16).
INFO: found  5747 nlabel points
Performing mapping from target back to the source label 151317
Number of reverse mapping hits = 88
Checking for and removing duplicates
Writing label file ./rh.BA4a_exvivo.label 5835
mri_label2label: Done


 mri_label2label --srcsubject fsaverage --srclabel /out/sourcedata/freesurfer/fsaverage/label/rh.BA4p_exvivo.label --trgsubject sub-v2s10x28969_ses-1 --trglabel ./rh.BA4p_exvivo.label --hemi rh --regmethod surface 


srclabel = /out/sourcedata/freesurfer/fsaverage/label/rh.BA4p_exvivo.label
srcsubject = fsaverage
trgsubject = sub-v2s10x28969_ses-1
trglabel = ./rh.BA4p_exvivo.label
regmethod = surface

srchemi = rh
trghemi = rh
trgsurface = white
srcsurfreg = sphere.reg
trgsurfreg = sphere.reg
usehash = 1
Use ProjAbs  = 0, 0
Use ProjFrac = 0, 0
DoPaint 0

SUBJECTS_DIR    /out/sourcedata/freesurfer
FREESURFER_HOME /opt/freesurfer
Loading source label.
Found 4473 points in source label.
Starting surface-based mapping
Reading source registration 
 /out/sourcedata/freesurfer/fsaverage/surf/rh.sphere.reg
Rescaling ...  original radius = 100
Reading target surface 
 /out/sourcedata/freesurfer/sub-v2s10x28969_ses-1/surf/rh.white
Reading target registration 
 /out/sourcedata/freesurfer/sub-v2s10x28969_ses-1/surf/rh.sphere.reg
Rescaling ...  original radius = 99.9999
Building target registration hash (res=16).
Building source registration hash (res=16).
INFO: found  4473 nlabel points
Performing mapping from target back to the source label 151317
Number of reverse mapping hits = 33
Checking for and removing duplicates
Writing label file ./rh.BA4p_exvivo.label 4506
mri_label2label: Done


 mri_label2label --srcsubject fsaverage --srclabel /out/sourcedata/freesurfer/fsaverage/label/rh.BA6_exvivo.label --trgsubject sub-v2s10x28969_ses-1 --trglabel ./rh.BA6_exvivo.label --hemi rh --regmethod surface 


srclabel = /out/sourcedata/freesurfer/fsaverage/label/rh.BA6_exvivo.label
srcsubject = fsaverage
trgsubject = sub-v2s10x28969_ses-1
trglabel = ./rh.BA6_exvivo.label
regmethod = surface

srchemi = rh
trghemi = rh
trgsurface = white
srcsurfreg = sphere.reg
trgsurfreg = sphere.reg
usehash = 1
Use ProjAbs  = 0, 0
Use ProjFrac = 0, 0
DoPaint 0

SUBJECTS_DIR    /out/sourcedata/freesurfer
FREESURFER_HOME /opt/freesurfer
Loading source label.
Found 12256 points in source label.
Starting surface-based mapping
Reading source registration 
 /out/sourcedata/freesurfer/fsaverage/surf/rh.sphere.reg
Rescaling ...  original radius = 100
Reading target surface 
 /out/sourcedata/freesurfer/sub-v2s10x28969_ses-1/surf/rh.white
Reading target registration 
 /out/sourcedata/freesurfer/sub-v2s10x28969_ses-1/surf/rh.sphere.reg
Rescaling ...  original radius = 99.9999
Building target registration hash (res=16).
Building source registration hash (res=16).
INFO: found  12256 nlabel points
Performing mapping from target back to the source label 151317
Number of reverse mapping hits = 413
Checking for and removing duplicates
Writing label file ./rh.BA6_exvivo.label 12669
mri_label2label: Done


 mri_label2label --srcsubject fsaverage --srclabel /out/sourcedata/freesurfer/fsaverage/label/rh.BA44_exvivo.label --trgsubject sub-v2s10x28969_ses-1 --trglabel ./rh.BA44_exvivo.label --hemi rh --regmethod surface 


srclabel = /out/sourcedata/freesurfer/fsaverage/label/rh.BA44_exvivo.label
srcsubject = fsaverage
trgsubject = sub-v2s10x28969_ses-1
trglabel = ./rh.BA44_exvivo.label
regmethod = surface

srchemi = rh
trghemi = rh
trgsurface = white
srcsurfreg = sphere.reg
trgsurfreg = sphere.reg
usehash = 1
Use ProjAbs  = 0, 0
Use ProjFrac = 0, 0
DoPaint 0

SUBJECTS_DIR    /out/sourcedata/freesurfer
FREESURFER_HOME /opt/freesurfer
Loading source label.
Found 6912 points in source label.
Starting surface-based mapping
Reading source registration 
 /out/sourcedata/freesurfer/fsaverage/surf/rh.sphere.reg
Rescaling ...  original radius = 100
Reading target surface 
 /out/sourcedata/freesurfer/sub-v2s10x28969_ses-1/surf/rh.white
Reading target registration 
 /out/sourcedata/freesurfer/sub-v2s10x28969_ses-1/surf/rh.sphere.reg
Rescaling ...  original radius = 99.9999
Building target registration hash (res=16).
Building source registration hash (res=16).
INFO: found  6912 nlabel points
Performing mapping from target back to the source label 151317
Number of reverse mapping hits = 1819
Checking for and removing duplicates
Writing label file ./rh.BA44_exvivo.label 8731
mri_label2label: Done


 mri_label2label --srcsubject fsaverage --srclabel /out/sourcedata/freesurfer/fsaverage/label/rh.BA45_exvivo.label --trgsubject sub-v2s10x28969_ses-1 --trglabel ./rh.BA45_exvivo.label --hemi rh --regmethod surface 


srclabel = /out/sourcedata/freesurfer/fsaverage/label/rh.BA45_exvivo.label
srcsubject = fsaverage
trgsubject = sub-v2s10x28969_ses-1
trglabel = ./rh.BA45_exvivo.label
regmethod = surface

srchemi = rh
trghemi = rh
trgsurface = white
srcsurfreg = sphere.reg
trgsurfreg = sphere.reg
usehash = 1
Use ProjAbs  = 0, 0
Use ProjFrac = 0, 0
DoPaint 0

SUBJECTS_DIR    /out/sourcedata/freesurfer
FREESURFER_HOME /opt/freesurfer
Loading source label.
Found 5355 points in source label.
Starting surface-based mapping
Reading source registration 
 /out/sourcedata/freesurfer/fsaverage/surf/rh.sphere.reg
Rescaling ...  original radius = 100
Reading target surface 
 /out/sourcedata/freesurfer/sub-v2s10x28969_ses-1/surf/rh.white
Reading target registration 
 /out/sourcedata/freesurfer/sub-v2s10x28969_ses-1/surf/rh.sphere.reg
Rescaling ...  original radius = 99.9999
Building target registration hash (res=16).
Building source registration hash (res=16).
INFO: found  5355 nlabel points
Performing mapping from target back to the source label 151317
Number of reverse mapping hits = 2069
Checking for and removing duplicates
Writing label file ./rh.BA45_exvivo.label 7424
mri_label2label: Done


 mri_label2label --srcsubject fsaverage --srclabel /out/sourcedata/freesurfer/fsaverage/label/rh.V1_exvivo.label --trgsubject sub-v2s10x28969_ses-1 --trglabel ./rh.V1_exvivo.label --hemi rh --regmethod surface 


srclabel = /out/sourcedata/freesurfer/fsaverage/label/rh.V1_exvivo.label
srcsubject = fsaverage
trgsubject = sub-v2s10x28969_ses-1
trglabel = ./rh.V1_exvivo.label
regmethod = surface

srchemi = rh
trghemi = rh
trgsurface = white
srcsurfreg = sphere.reg
trgsurfreg = sphere.reg
usehash = 1
Use ProjAbs  = 0, 0
Use ProjFrac = 0, 0
DoPaint 0

SUBJECTS_DIR    /out/sourcedata/freesurfer
FREESURFER_HOME /opt/freesurfer
Loading source label.
Found 4727 points in source label.
Starting surface-based mapping
Reading source registration 
 /out/sourcedata/freesurfer/fsaverage/surf/rh.sphere.reg
Rescaling ...  original radius = 100
Reading target surface 
 /out/sourcedata/freesurfer/sub-v2s10x28969_ses-1/surf/rh.white
Reading target registration 
 /out/sourcedata/freesurfer/sub-v2s10x28969_ses-1/surf/rh.sphere.reg
Rescaling ...  original radius = 99.9999
Building target registration hash (res=16).
Building source registration hash (res=16).
INFO: found  4727 nlabel points
Performing mapping from target back to the source label 151317
Number of reverse mapping hits = 1245
Checking for and removing duplicates
Writing label file ./rh.V1_exvivo.label 5972
mri_label2label: Done


 mri_label2label --srcsubject fsaverage --srclabel /out/sourcedata/freesurfer/fsaverage/label/rh.V2_exvivo.label --trgsubject sub-v2s10x28969_ses-1 --trglabel ./rh.V2_exvivo.label --hemi rh --regmethod surface 


srclabel = /out/sourcedata/freesurfer/fsaverage/label/rh.V2_exvivo.label
srcsubject = fsaverage
trgsubject = sub-v2s10x28969_ses-1
trglabel = ./rh.V2_exvivo.label
regmethod = surface

srchemi = rh
trghemi = rh
trgsurface = white
srcsurfreg = sphere.reg
trgsurfreg = sphere.reg
usehash = 1
Use ProjAbs  = 0, 0
Use ProjFrac = 0, 0
DoPaint 0

SUBJECTS_DIR    /out/sourcedata/freesurfer
FREESURFER_HOME /opt/freesurfer
Loading source label.
Found 8016 points in source label.
Starting surface-based mapping
Reading source registration 
 /out/sourcedata/freesurfer/fsaverage/surf/rh.sphere.reg
Rescaling ...  original radius = 100
Reading target surface 
 /out/sourcedata/freesurfer/sub-v2s10x28969_ses-1/surf/rh.white
Reading target registration 
 /out/sourcedata/freesurfer/sub-v2s10x28969_ses-1/surf/rh.sphere.reg
Rescaling ...  original radius = 99.9999
Building target registration hash (res=16).
Building source registration hash (res=16).
INFO: found  8016 nlabel points
Performing mapping from target back to the source label 151317
Number of reverse mapping hits = 1991
Checking for and removing duplicates
Writing label file ./rh.V2_exvivo.label 10007
mri_label2label: Done


 mri_label2label --srcsubject fsaverage --srclabel /out/sourcedata/freesurfer/fsaverage/label/rh.MT_exvivo.label --trgsubject sub-v2s10x28969_ses-1 --trglabel ./rh.MT_exvivo.label --hemi rh --regmethod surface 


srclabel = /out/sourcedata/freesurfer/fsaverage/label/rh.MT_exvivo.label
srcsubject = fsaverage
trgsubject = sub-v2s10x28969_ses-1
trglabel = ./rh.MT_exvivo.label
regmethod = surface

srchemi = rh
trghemi = rh
trgsurface = white
srcsurfreg = sphere.reg
trgsurfreg = sphere.reg
usehash = 1
Use ProjAbs  = 0, 0
Use ProjFrac = 0, 0
DoPaint 0

SUBJECTS_DIR    /out/sourcedata/freesurfer
FREESURFER_HOME /opt/freesurfer
Loading source label.
Found 1932 points in source label.
Starting surface-based mapping
Reading source registration 
 /out/sourcedata/freesurfer/fsaverage/surf/rh.sphere.reg
Rescaling ...  original radius = 100
Reading target surface 
 /out/sourcedata/freesurfer/sub-v2s10x28969_ses-1/surf/rh.white
Reading target registration 
 /out/sourcedata/freesurfer/sub-v2s10x28969_ses-1/surf/rh.sphere.reg
Rescaling ...  original radius = 99.9999
Building target registration hash (res=16).
Building source registration hash (res=16).
INFO: found  1932 nlabel points
Performing mapping from target back to the source label 151317
Number of reverse mapping hits = 689
Checking for and removing duplicates
Writing label file ./rh.MT_exvivo.label 2621
mri_label2label: Done


 mri_label2label --srcsubject fsaverage --srclabel /out/sourcedata/freesurfer/fsaverage/label/rh.entorhinal_exvivo.label --trgsubject sub-v2s10x28969_ses-1 --trglabel ./rh.entorhinal_exvivo.label --hemi rh --regmethod surface 


srclabel = /out/sourcedata/freesurfer/fsaverage/label/rh.entorhinal_exvivo.label
srcsubject = fsaverage
trgsubject = sub-v2s10x28969_ses-1
trglabel = ./rh.entorhinal_exvivo.label
regmethod = surface

srchemi = rh
trghemi = rh
trgsurface = white
srcsurfreg = sphere.reg
trgsurfreg = sphere.reg
usehash = 1
Use ProjAbs  = 0, 0
Use ProjFrac = 0, 0
DoPaint 0

SUBJECTS_DIR    /out/sourcedata/freesurfer
FREESURFER_HOME /opt/freesurfer
Loading source label.
Found 1038 points in source label.
Starting surface-based mapping
Reading source registration 
 /out/sourcedata/freesurfer/fsaverage/surf/rh.sphere.reg
Rescaling ...  original radius = 100
Reading target surface 
 /out/sourcedata/freesurfer/sub-v2s10x28969_ses-1/surf/rh.white
Reading target registration 
 /out/sourcedata/freesurfer/sub-v2s10x28969_ses-1/surf/rh.sphere.reg
Rescaling ...  original radius = 99.9999
Building target registration hash (res=16).
Building source registration hash (res=16).
INFO: found  1038 nlabel points
Performing mapping from target back to the source label 151317
Number of reverse mapping hits = 161
Checking for and removing duplicates
Writing label file ./rh.entorhinal_exvivo.label 1199
mri_label2label: Done


 mri_label2label --srcsubject fsaverage --srclabel /out/sourcedata/freesurfer/fsaverage/label/rh.perirhinal_exvivo.label --trgsubject sub-v2s10x28969_ses-1 --trglabel ./rh.perirhinal_exvivo.label --hemi rh --regmethod surface 


srclabel = /out/sourcedata/freesurfer/fsaverage/label/rh.perirhinal_exvivo.label
srcsubject = fsaverage
trgsubject = sub-v2s10x28969_ses-1
trglabel = ./rh.perirhinal_exvivo.label
regmethod = surface

srchemi = rh
trghemi = rh
trgsurface = white
srcsurfreg = sphere.reg
trgsurfreg = sphere.reg
usehash = 1
Use ProjAbs  = 0, 0
Use ProjFrac = 0, 0
DoPaint 0

SUBJECTS_DIR    /out/sourcedata/freesurfer
FREESURFER_HOME /opt/freesurfer
Loading source label.
Found 752 points in source label.
Starting surface-based mapping
Reading source registration 
 /out/sourcedata/freesurfer/fsaverage/surf/rh.sphere.reg
Rescaling ...  original radius = 100
Reading target surface 
 /out/sourcedata/freesurfer/sub-v2s10x28969_ses-1/surf/rh.white
Reading target registration 
 /out/sourcedata/freesurfer/sub-v2s10x28969_ses-1/surf/rh.sphere.reg
Rescaling ...  original radius = 99.9999
Building target registration hash (res=16).
Building source registration hash (res=16).
INFO: found  752 nlabel points
Performing mapping from target back to the source label 151317
Number of reverse mapping hits = 130
Checking for and removing duplicates
Writing label file ./rh.perirhinal_exvivo.label 882
mri_label2label: Done


 mri_label2label --srcsubject fsaverage --srclabel /out/sourcedata/freesurfer/fsaverage/label/rh.FG1.mpm.vpnl.label --trgsubject sub-v2s10x28969_ses-1 --trglabel ./rh.FG1.mpm.vpnl.label --hemi rh --regmethod surface 


srclabel = /out/sourcedata/freesurfer/fsaverage/label/rh.FG1.mpm.vpnl.label
srcsubject = fsaverage
trgsubject = sub-v2s10x28969_ses-1
trglabel = ./rh.FG1.mpm.vpnl.label
regmethod = surface

srchemi = rh
trghemi = rh
trgsurface = white
srcsurfreg = sphere.reg
trgsurfreg = sphere.reg
usehash = 1
Use ProjAbs  = 0, 0
Use ProjFrac = 0, 0
DoPaint 0

SUBJECTS_DIR    /out/sourcedata/freesurfer
FREESURFER_HOME /opt/freesurfer
Loading source label.
Found 541 points in source label.
Starting surface-based mapping
Reading source registration 
 /out/sourcedata/freesurfer/fsaverage/surf/rh.sphere.reg
Rescaling ...  original radius = 100
Reading target surface 
 /out/sourcedata/freesurfer/sub-v2s10x28969_ses-1/surf/rh.white
Reading target registration 
 /out/sourcedata/freesurfer/sub-v2s10x28969_ses-1/surf/rh.sphere.reg
Rescaling ...  original radius = 99.9999
Building target registration hash (res=16).
Building source registration hash (res=16).
INFO: found  541 nlabel points
Performing mapping from target back to the source label 151317
Number of reverse mapping hits = 111
Checking for and removing duplicates
Writing label file ./rh.FG1.mpm.vpnl.label 652
mri_label2label: Done


 mri_label2label --srcsubject fsaverage --srclabel /out/sourcedata/freesurfer/fsaverage/label/rh.FG2.mpm.vpnl.label --trgsubject sub-v2s10x28969_ses-1 --trglabel ./rh.FG2.mpm.vpnl.label --hemi rh --regmethod surface 


srclabel = /out/sourcedata/freesurfer/fsaverage/label/rh.FG2.mpm.vpnl.label
srcsubject = fsaverage
trgsubject = sub-v2s10x28969_ses-1
trglabel = ./rh.FG2.mpm.vpnl.label
regmethod = surface

srchemi = rh
trghemi = rh
trgsurface = white
srcsurfreg = sphere.reg
trgsurfreg = sphere.reg
usehash = 1
Use ProjAbs  = 0, 0
Use ProjFrac = 0, 0
DoPaint 0

SUBJECTS_DIR    /out/sourcedata/freesurfer
FREESURFER_HOME /opt/freesurfer
Loading source label.
Found 721 points in source label.
Starting surface-based mapping
Reading source registration 
 /out/sourcedata/freesurfer/fsaverage/surf/rh.sphere.reg
Rescaling ...  original radius = 100
Reading target surface 
 /out/sourcedata/freesurfer/sub-v2s10x28969_ses-1/surf/rh.white
Reading target registration 
 /out/sourcedata/freesurfer/sub-v2s10x28969_ses-1/surf/rh.sphere.reg
Rescaling ...  original radius = 99.9999
Building target registration hash (res=16).
Building source registration hash (res=16).
INFO: found  721 nlabel points
Performing mapping from target back to the source label 151317
Number of reverse mapping hits = 278
Checking for and removing duplicates
Writing label file ./rh.FG2.mpm.vpnl.label 999
mri_label2label: Done


 mri_label2label --srcsubject fsaverage --srclabel /out/sourcedata/freesurfer/fsaverage/label/rh.FG3.mpm.vpnl.label --trgsubject sub-v2s10x28969_ses-1 --trglabel ./rh.FG3.mpm.vpnl.label --hemi rh --regmethod surface 


srclabel = /out/sourcedata/freesurfer/fsaverage/label/rh.FG3.mpm.vpnl.label
srcsubject = fsaverage
trgsubject = sub-v2s10x28969_ses-1
trglabel = ./rh.FG3.mpm.vpnl.label
regmethod = surface

srchemi = rh
trghemi = rh
trgsurface = white
srcsurfreg = sphere.reg
trgsurfreg = sphere.reg
usehash = 1
Use ProjAbs  = 0, 0
Use ProjFrac = 0, 0
DoPaint 0

SUBJECTS_DIR    /out/sourcedata/freesurfer
FREESURFER_HOME /opt/freesurfer
Loading source label.
Found 1523 points in source label.
Starting surface-based mapping
Reading source registration 
 /out/sourcedata/freesurfer/fsaverage/surf/rh.sphere.reg
Rescaling ...  original radius = 100
Reading target surface 
 /out/sourcedata/freesurfer/sub-v2s10x28969_ses-1/surf/rh.white
Reading target registration 
 /out/sourcedata/freesurfer/sub-v2s10x28969_ses-1/surf/rh.sphere.reg
Rescaling ...  original radius = 99.9999
Building target registration hash (res=16).
Building source registration hash (res=16).
INFO: found  1523 nlabel points
Performing mapping from target back to the source label 151317
Number of reverse mapping hits = 266
Checking for and removing duplicates
Writing label file ./rh.FG3.mpm.vpnl.label 1789
mri_label2label: Done


 mri_label2label --srcsubject fsaverage --srclabel /out/sourcedata/freesurfer/fsaverage/label/rh.FG4.mpm.vpnl.label --trgsubject sub-v2s10x28969_ses-1 --trglabel ./rh.FG4.mpm.vpnl.label --hemi rh --regmethod surface 


srclabel = /out/sourcedata/freesurfer/fsaverage/label/rh.FG4.mpm.vpnl.label
srcsubject = fsaverage
trgsubject = sub-v2s10x28969_ses-1
trglabel = ./rh.FG4.mpm.vpnl.label
regmethod = surface

srchemi = rh
trghemi = rh
trgsurface = white
srcsurfreg = sphere.reg
trgsurfreg = sphere.reg
usehash = 1
Use ProjAbs  = 0, 0
Use ProjFrac = 0, 0
DoPaint 0

SUBJECTS_DIR    /out/sourcedata/freesurfer
FREESURFER_HOME /opt/freesurfer
Loading source label.
Found 1586 points in source label.
Starting surface-based mapping
Reading source registration 
 /out/sourcedata/freesurfer/fsaverage/surf/rh.sphere.reg
Rescaling ...  original radius = 100
Reading target surface 
 /out/sourcedata/freesurfer/sub-v2s10x28969_ses-1/surf/rh.white
Reading target registration 
 /out/sourcedata/freesurfer/sub-v2s10x28969_ses-1/surf/rh.sphere.reg
Rescaling ...  original radius = 99.9999
Building target registration hash (res=16).
Building source registration hash (res=16).
INFO: found  1586 nlabel points
Performing mapping from target back to the source label 151317
Number of reverse mapping hits = 821
Checking for and removing duplicates
Writing label file ./rh.FG4.mpm.vpnl.label 2407
mri_label2label: Done


 mri_label2label --srcsubject fsaverage --srclabel /out/sourcedata/freesurfer/fsaverage/label/rh.hOc1.mpm.vpnl.label --trgsubject sub-v2s10x28969_ses-1 --trglabel ./rh.hOc1.mpm.vpnl.label --hemi rh --regmethod surface 


srclabel = /out/sourcedata/freesurfer/fsaverage/label/rh.hOc1.mpm.vpnl.label
srcsubject = fsaverage
trgsubject = sub-v2s10x28969_ses-1
trglabel = ./rh.hOc1.mpm.vpnl.label
regmethod = surface

srchemi = rh
trghemi = rh
trgsurface = white
srcsurfreg = sphere.reg
trgsurfreg = sphere.reg
usehash = 1
Use ProjAbs  = 0, 0
Use ProjFrac = 0, 0
DoPaint 0

SUBJECTS_DIR    /out/sourcedata/freesurfer
FREESURFER_HOME /opt/freesurfer
Loading source label.
Found 3667 points in source label.
Starting surface-based mapping
Reading source registration 
 /out/sourcedata/freesurfer/fsaverage/surf/rh.sphere.reg
Rescaling ...  original radius = 100
Reading target surface 
 /out/sourcedata/freesurfer/sub-v2s10x28969_ses-1/surf/rh.white
Reading target registration 
 /out/sourcedata/freesurfer/sub-v2s10x28969_ses-1/surf/rh.sphere.reg
Rescaling ...  original radius = 99.9999
Building target registration hash (res=16).
Building source registration hash (res=16).
INFO: found  3667 nlabel points
Performing mapping from target back to the source label 151317
Number of reverse mapping hits = 1001
Checking for and removing duplicates
Writing label file ./rh.hOc1.mpm.vpnl.label 4668
mri_label2label: Done


 mri_label2label --srcsubject fsaverage --srclabel /out/sourcedata/freesurfer/fsaverage/label/rh.hOc2.mpm.vpnl.label --trgsubject sub-v2s10x28969_ses-1 --trglabel ./rh.hOc2.mpm.vpnl.label --hemi rh --regmethod surface 


srclabel = /out/sourcedata/freesurfer/fsaverage/label/rh.hOc2.mpm.vpnl.label
srcsubject = fsaverage
trgsubject = sub-v2s10x28969_ses-1
trglabel = ./rh.hOc2.mpm.vpnl.label
regmethod = surface

srchemi = rh
trghemi = rh
trgsurface = white
srcsurfreg = sphere.reg
trgsurfreg = sphere.reg
usehash = 1
Use ProjAbs  = 0, 0
Use ProjFrac = 0, 0
DoPaint 0

SUBJECTS_DIR    /out/sourcedata/freesurfer
FREESURFER_HOME /opt/freesurfer
Loading source label.
Found 2719 points in source label.
Starting surface-based mapping
Reading source registration 
 /out/sourcedata/freesurfer/fsaverage/surf/rh.sphere.reg
Rescaling ...  original radius = 100
Reading target surface 
 /out/sourcedata/freesurfer/sub-v2s10x28969_ses-1/surf/rh.white
Reading target registration 
 /out/sourcedata/freesurfer/sub-v2s10x28969_ses-1/surf/rh.sphere.reg
Rescaling ...  original radius = 99.9999
Building target registration hash (res=16).
Building source registration hash (res=16).
INFO: found  2719 nlabel points
Performing mapping from target back to the source label 151317
Number of reverse mapping hits = 755
Checking for and removing duplicates
Writing label file ./rh.hOc2.mpm.vpnl.label 3474
mri_label2label: Done


 mri_label2label --srcsubject fsaverage --srclabel /out/sourcedata/freesurfer/fsaverage/label/rh.hOc3v.mpm.vpnl.label --trgsubject sub-v2s10x28969_ses-1 --trglabel ./rh.hOc3v.mpm.vpnl.label --hemi rh --regmethod surface 


srclabel = /out/sourcedata/freesurfer/fsaverage/label/rh.hOc3v.mpm.vpnl.label
srcsubject = fsaverage
trgsubject = sub-v2s10x28969_ses-1
trglabel = ./rh.hOc3v.mpm.vpnl.label
regmethod = surface

srchemi = rh
trghemi = rh
trgsurface = white
srcsurfreg = sphere.reg
trgsurfreg = sphere.reg
usehash = 1
Use ProjAbs  = 0, 0
Use ProjFrac = 0, 0
DoPaint 0

SUBJECTS_DIR    /out/sourcedata/freesurfer
FREESURFER_HOME /opt/freesurfer
Loading source label.
Found 1228 points in source label.
Starting surface-based mapping
Reading source registration 
 /out/sourcedata/freesurfer/fsaverage/surf/rh.sphere.reg
Rescaling ...  original radius = 100
Reading target surface 
 /out/sourcedata/freesurfer/sub-v2s10x28969_ses-1/surf/rh.white
Reading target registration 
 /out/sourcedata/freesurfer/sub-v2s10x28969_ses-1/surf/rh.sphere.reg
Rescaling ...  original radius = 99.9999
Building target registration hash (res=16).
Building source registration hash (res=16).
INFO: found  1228 nlabel points
Performing mapping from target back to the source label 151317
Number of reverse mapping hits = 379
Checking for and removing duplicates
Writing label file ./rh.hOc3v.mpm.vpnl.label 1607
mri_label2label: Done


 mri_label2label --srcsubject fsaverage --srclabel /out/sourcedata/freesurfer/fsaverage/label/rh.hOc4v.mpm.vpnl.label --trgsubject sub-v2s10x28969_ses-1 --trglabel ./rh.hOc4v.mpm.vpnl.label --hemi rh --regmethod surface 


srclabel = /out/sourcedata/freesurfer/fsaverage/label/rh.hOc4v.mpm.vpnl.label
srcsubject = fsaverage
trgsubject = sub-v2s10x28969_ses-1
trglabel = ./rh.hOc4v.mpm.vpnl.label
regmethod = surface

srchemi = rh
trghemi = rh
trgsurface = white
srcsurfreg = sphere.reg
trgsurfreg = sphere.reg
usehash = 1
Use ProjAbs  = 0, 0
Use ProjFrac = 0, 0
DoPaint 0

SUBJECTS_DIR    /out/sourcedata/freesurfer
FREESURFER_HOME /opt/freesurfer
Loading source label.
Found 1025 points in source label.
Starting surface-based mapping
Reading source registration 
 /out/sourcedata/freesurfer/fsaverage/surf/rh.sphere.reg
Rescaling ...  original radius = 100
Reading target surface 
 /out/sourcedata/freesurfer/sub-v2s10x28969_ses-1/surf/rh.white
Reading target registration 
 /out/sourcedata/freesurfer/sub-v2s10x28969_ses-1/surf/rh.sphere.reg
Rescaling ...  original radius = 99.9999
Building target registration hash (res=16).
Building source registration hash (res=16).
INFO: found  1025 nlabel points
Performing mapping from target back to the source label 151317
Number of reverse mapping hits = 228
Checking for and removing duplicates
Writing label file ./rh.hOc4v.mpm.vpnl.label 1253
mri_label2label: Done


 mris_label2annot --s sub-v2s10x28969_ses-1 --ctab /opt/freesurfer/average/colortable_vpnl.txt --hemi rh --a mpm.vpnl --maxstatwinner --noverbose --l rh.FG1.mpm.vpnl.label --l rh.FG2.mpm.vpnl.label --l rh.FG3.mpm.vpnl.label --l rh.FG4.mpm.vpnl.label --l rh.hOc1.mpm.vpnl.label --l rh.hOc2.mpm.vpnl.label --l rh.hOc3v.mpm.vpnl.label --l rh.hOc4v.mpm.vpnl.label 

Reading ctab /opt/freesurfer/average/colortable_vpnl.txt
Number of ctab entries 9

7.3.2
cwd /out/sourcedata/freesurfer/sub-v2s10x28969_ses-1/label
cmdline mris_label2annot --s sub-v2s10x28969_ses-1 --ctab /opt/freesurfer/average/colortable_vpnl.txt --hemi rh --a mpm.vpnl --maxstatwinner --noverbose --l rh.FG1.mpm.vpnl.label --l rh.FG2.mpm.vpnl.label --l rh.FG3.mpm.vpnl.label --l rh.FG4.mpm.vpnl.label --l rh.hOc1.mpm.vpnl.label --l rh.hOc2.mpm.vpnl.label --l rh.hOc3v.mpm.vpnl.label --l rh.hOc4v.mpm.vpnl.label 
sysname  Linux
hostname dna088
machine  x86_64
user     oesteban

subject sub-v2s10x28969_ses-1
hemi    rh
SUBJECTS_DIR /out/sourcedata/freesurfer
ColorTable /opt/freesurfer/average/colortable_vpnl.txt
AnnotName  mpm.vpnl
nlables 8
LabelThresh 0 0.000000
Loading /out/sourcedata/freesurfer/sub-v2s10x28969_ses-1/surf/rh.orig
 1 1376057 FG1
 2 16711935 FG2
 3 16711680 FG3
 4 1705837 FG4
 5 25600 hOc1
 6 255 hOc2
 7 16776960 hOc3v
 8 65535 hOc4v
Mapping unhit to unknown
Found 135426 unhit vertices
Writing annot to /out/sourcedata/freesurfer/sub-v2s10x28969_ses-1/label/rh.mpm.vpnl.annot

 mri_label2label --srcsubject fsaverage --srclabel /out/sourcedata/freesurfer/fsaverage/label/rh.BA1_exvivo.thresh.label --trgsubject sub-v2s10x28969_ses-1 --trglabel ./rh.BA1_exvivo.thresh.label --hemi rh --regmethod surface 


srclabel = /out/sourcedata/freesurfer/fsaverage/label/rh.BA1_exvivo.thresh.label
srcsubject = fsaverage
trgsubject = sub-v2s10x28969_ses-1
trglabel = ./rh.BA1_exvivo.thresh.label
regmethod = surface

srchemi = rh
trghemi = rh
trgsurface = white
srcsurfreg = sphere.reg
trgsurfreg = sphere.reg
usehash = 1
Use ProjAbs  = 0, 0
Use ProjFrac = 0, 0
DoPaint 0

SUBJECTS_DIR    /out/sourcedata/freesurfer
FREESURFER_HOME /opt/freesurfer
Loading source label.
Found 876 points in source label.
Starting surface-based mapping
Reading source registration 
 /out/sourcedata/freesurfer/fsaverage/surf/rh.sphere.reg
Rescaling ...  original radius = 100
Reading target surface 
 /out/sourcedata/freesurfer/sub-v2s10x28969_ses-1/surf/rh.white
Reading target registration 
 /out/sourcedata/freesurfer/sub-v2s10x28969_ses-1/surf/rh.sphere.reg
Rescaling ...  original radius = 99.9999
Building target registration hash (res=16).
Building source registration hash (res=16).
INFO: found  876 nlabel points
Performing mapping from target back to the source label 151317
Number of reverse mapping hits = 33
Checking for and removing duplicates
Writing label file ./rh.BA1_exvivo.thresh.label 909
mri_label2label: Done


 mri_label2label --srcsubject fsaverage --srclabel /out/sourcedata/freesurfer/fsaverage/label/rh.BA2_exvivo.thresh.label --trgsubject sub-v2s10x28969_ses-1 --trglabel ./rh.BA2_exvivo.thresh.label --hemi rh --regmethod surface 


srclabel = /out/sourcedata/freesurfer/fsaverage/label/rh.BA2_exvivo.thresh.label
srcsubject = fsaverage
trgsubject = sub-v2s10x28969_ses-1
trglabel = ./rh.BA2_exvivo.thresh.label
regmethod = surface

srchemi = rh
trghemi = rh
trgsurface = white
srcsurfreg = sphere.reg
trgsurfreg = sphere.reg
usehash = 1
Use ProjAbs  = 0, 0
Use ProjFrac = 0, 0
DoPaint 0

SUBJECTS_DIR    /out/sourcedata/freesurfer
FREESURFER_HOME /opt/freesurfer
Loading source label.
Found 2688 points in source label.
Starting surface-based mapping
Reading source registration 
 /out/sourcedata/freesurfer/fsaverage/surf/rh.sphere.reg
Rescaling ...  original radius = 100
Reading target surface 
 /out/sourcedata/freesurfer/sub-v2s10x28969_ses-1/surf/rh.white
Reading target registration 
 /out/sourcedata/freesurfer/sub-v2s10x28969_ses-1/surf/rh.sphere.reg
Rescaling ...  original radius = 99.9999
Building target registration hash (res=16).
Building source registration hash (res=16).
INFO: found  2688 nlabel points
Performing mapping from target back to the source label 151317
Number of reverse mapping hits = 42
Checking for and removing duplicates
Writing label file ./rh.BA2_exvivo.thresh.label 2730
mri_label2label: Done


 mri_label2label --srcsubject fsaverage --srclabel /out/sourcedata/freesurfer/fsaverage/label/rh.BA3a_exvivo.thresh.label --trgsubject sub-v2s10x28969_ses-1 --trglabel ./rh.BA3a_exvivo.thresh.label --hemi rh --regmethod surface 


srclabel = /out/sourcedata/freesurfer/fsaverage/label/rh.BA3a_exvivo.thresh.label
srcsubject = fsaverage
trgsubject = sub-v2s10x28969_ses-1
trglabel = ./rh.BA3a_exvivo.thresh.label
regmethod = surface

srchemi = rh
trghemi = rh
trgsurface = white
srcsurfreg = sphere.reg
trgsurfreg = sphere.reg
usehash = 1
Use ProjAbs  = 0, 0
Use ProjFrac = 0, 0
DoPaint 0

SUBJECTS_DIR    /out/sourcedata/freesurfer
FREESURFER_HOME /opt/freesurfer
Loading source label.
Found 1698 points in source label.
Starting surface-based mapping
Reading source registration 
 /out/sourcedata/freesurfer/fsaverage/surf/rh.sphere.reg
Rescaling ...  original radius = 100
Reading target surface 
 /out/sourcedata/freesurfer/sub-v2s10x28969_ses-1/surf/rh.white
Reading target registration 
 /out/sourcedata/freesurfer/sub-v2s10x28969_ses-1/surf/rh.sphere.reg
Rescaling ...  original radius = 99.9999
Building target registration hash (res=16).
Building source registration hash (res=16).
INFO: found  1698 nlabel points
Performing mapping from target back to the source label 151317
Number of reverse mapping hits = 6
Checking for and removing duplicates
Writing label file ./rh.BA3a_exvivo.thresh.label 1704
mri_label2label: Done


 mri_label2label --srcsubject fsaverage --srclabel /out/sourcedata/freesurfer/fsaverage/label/rh.BA3b_exvivo.thresh.label --trgsubject sub-v2s10x28969_ses-1 --trglabel ./rh.BA3b_exvivo.thresh.label --hemi rh --regmethod surface 


srclabel = /out/sourcedata/freesurfer/fsaverage/label/rh.BA3b_exvivo.thresh.label
srcsubject = fsaverage
trgsubject = sub-v2s10x28969_ses-1
trglabel = ./rh.BA3b_exvivo.thresh.label
regmethod = surface

srchemi = rh
trghemi = rh
trgsurface = white
srcsurfreg = sphere.reg
trgsurfreg = sphere.reg
usehash = 1
Use ProjAbs  = 0, 0
Use ProjFrac = 0, 0
DoPaint 0

SUBJECTS_DIR    /out/sourcedata/freesurfer
FREESURFER_HOME /opt/freesurfer
Loading source label.
Found 2183 points in source label.
Starting surface-based mapping
Reading source registration 
 /out/sourcedata/freesurfer/fsaverage/surf/rh.sphere.reg
Rescaling ...  original radius = 100
Reading target surface 
 /out/sourcedata/freesurfer/sub-v2s10x28969_ses-1/surf/rh.white
Reading target registration 
 /out/sourcedata/freesurfer/sub-v2s10x28969_ses-1/surf/rh.sphere.reg
Rescaling ...  original radius = 99.9999
Building target registration hash (res=16).
Building source registration hash (res=16).
INFO: found  2183 nlabel points
Performing mapping from target back to the source label 151317
Number of reverse mapping hits = 15
Checking for and removing duplicates
Writing label file ./rh.BA3b_exvivo.thresh.label 2198
mri_label2label: Done


 mri_label2label --srcsubject fsaverage --srclabel /out/sourcedata/freesurfer/fsaverage/label/rh.BA4a_exvivo.thresh.label --trgsubject sub-v2s10x28969_ses-1 --trglabel ./rh.BA4a_exvivo.thresh.label --hemi rh --regmethod surface 


srclabel = /out/sourcedata/freesurfer/fsaverage/label/rh.BA4a_exvivo.thresh.label
srcsubject = fsaverage
trgsubject = sub-v2s10x28969_ses-1
trglabel = ./rh.BA4a_exvivo.thresh.label
regmethod = surface

srchemi = rh
trghemi = rh
trgsurface = white
srcsurfreg = sphere.reg
trgsurfreg = sphere.reg
usehash = 1
Use ProjAbs  = 0, 0
Use ProjFrac = 0, 0
DoPaint 0

SUBJECTS_DIR    /out/sourcedata/freesurfer
FREESURFER_HOME /opt/freesurfer
Loading source label.
Found 1388 points in source label.
Starting surface-based mapping
Reading source registration 
 /out/sourcedata/freesurfer/fsaverage/surf/rh.sphere.reg
Rescaling ...  original radius = 100
Reading target surface 
 /out/sourcedata/freesurfer/sub-v2s10x28969_ses-1/surf/rh.white
Reading target registration 
 /out/sourcedata/freesurfer/sub-v2s10x28969_ses-1/surf/rh.sphere.reg
Rescaling ...  original radius = 99.9999
Building target registration hash (res=16).
Building source registration hash (res=16).
INFO: found  1388 nlabel points
Performing mapping from target back to the source label 151317
Number of reverse mapping hits = 17
Checking for and removing duplicates
Writing label file ./rh.BA4a_exvivo.thresh.label 1405
mri_label2label: Done


 mri_label2label --srcsubject fsaverage --srclabel /out/sourcedata/freesurfer/fsaverage/label/rh.BA4p_exvivo.thresh.label --trgsubject sub-v2s10x28969_ses-1 --trglabel ./rh.BA4p_exvivo.thresh.label --hemi rh --regmethod surface 


srclabel = /out/sourcedata/freesurfer/fsaverage/label/rh.BA4p_exvivo.thresh.label
srcsubject = fsaverage
trgsubject = sub-v2s10x28969_ses-1
trglabel = ./rh.BA4p_exvivo.thresh.label
regmethod = surface

srchemi = rh
trghemi = rh
trgsurface = white
srcsurfreg = sphere.reg
trgsurfreg = sphere.reg
usehash = 1
Use ProjAbs  = 0, 0
Use ProjFrac = 0, 0
DoPaint 0

SUBJECTS_DIR    /out/sourcedata/freesurfer
FREESURFER_HOME /opt/freesurfer
Loading source label.
Found 1489 points in source label.
Starting surface-based mapping
Reading source registration 
 /out/sourcedata/freesurfer/fsaverage/surf/rh.sphere.reg
Rescaling ...  original radius = 100
Reading target surface 
 /out/sourcedata/freesurfer/sub-v2s10x28969_ses-1/surf/rh.white
Reading target registration 
 /out/sourcedata/freesurfer/sub-v2s10x28969_ses-1/surf/rh.sphere.reg
Rescaling ...  original radius = 99.9999
Building target registration hash (res=16).
Building source registration hash (res=16).
INFO: found  1489 nlabel points
Performing mapping from target back to the source label 151317
Number of reverse mapping hits = 10
Checking for and removing duplicates
Writing label file ./rh.BA4p_exvivo.thresh.label 1499
mri_label2label: Done


 mri_label2label --srcsubject fsaverage --srclabel /out/sourcedata/freesurfer/fsaverage/label/rh.BA6_exvivo.thresh.label --trgsubject sub-v2s10x28969_ses-1 --trglabel ./rh.BA6_exvivo.thresh.label --hemi rh --regmethod surface 


srclabel = /out/sourcedata/freesurfer/fsaverage/label/rh.BA6_exvivo.thresh.label
srcsubject = fsaverage
trgsubject = sub-v2s10x28969_ses-1
trglabel = ./rh.BA6_exvivo.thresh.label
regmethod = surface

srchemi = rh
trghemi = rh
trgsurface = white
srcsurfreg = sphere.reg
trgsurfreg = sphere.reg
usehash = 1
Use ProjAbs  = 0, 0
Use ProjFrac = 0, 0
DoPaint 0

SUBJECTS_DIR    /out/sourcedata/freesurfer
FREESURFER_HOME /opt/freesurfer
Loading source label.
Found 6959 points in source label.
Starting surface-based mapping
Reading source registration 
 /out/sourcedata/freesurfer/fsaverage/surf/rh.sphere.reg
Rescaling ...  original radius = 100
Reading target surface 
 /out/sourcedata/freesurfer/sub-v2s10x28969_ses-1/surf/rh.white
Reading target registration 
 /out/sourcedata/freesurfer/sub-v2s10x28969_ses-1/surf/rh.sphere.reg
Rescaling ...  original radius = 99.9999
Building target registration hash (res=16).
Building source registration hash (res=16).
INFO: found  6959 nlabel points
Performing mapping from target back to the source label 151317
Number of reverse mapping hits = 176
Checking for and removing duplicates
Writing label file ./rh.BA6_exvivo.thresh.label 7135
mri_label2label: Done


 mri_label2label --srcsubject fsaverage --srclabel /out/sourcedata/freesurfer/fsaverage/label/rh.BA44_exvivo.thresh.label --trgsubject sub-v2s10x28969_ses-1 --trglabel ./rh.BA44_exvivo.thresh.label --hemi rh --regmethod surface 


srclabel = /out/sourcedata/freesurfer/fsaverage/label/rh.BA44_exvivo.thresh.label
srcsubject = fsaverage
trgsubject = sub-v2s10x28969_ses-1
trglabel = ./rh.BA44_exvivo.thresh.label
regmethod = surface

srchemi = rh
trghemi = rh
trgsurface = white
srcsurfreg = sphere.reg
trgsurfreg = sphere.reg
usehash = 1
Use ProjAbs  = 0, 0
Use ProjFrac = 0, 0
DoPaint 0

SUBJECTS_DIR    /out/sourcedata/freesurfer
FREESURFER_HOME /opt/freesurfer
Loading source label.
Found 1012 points in source label.
Starting surface-based mapping
Reading source registration 
 /out/sourcedata/freesurfer/fsaverage/surf/rh.sphere.reg
Rescaling ...  original radius = 100
Reading target surface 
 /out/sourcedata/freesurfer/sub-v2s10x28969_ses-1/surf/rh.white
Reading target registration 
 /out/sourcedata/freesurfer/sub-v2s10x28969_ses-1/surf/rh.sphere.reg
Rescaling ...  original radius = 99.9999
Building target registration hash (res=16).
Building source registration hash (res=16).
INFO: found  1012 nlabel points
Performing mapping from target back to the source label 151317
Number of reverse mapping hits = 419
Checking for and removing duplicates
Writing label file ./rh.BA44_exvivo.thresh.label 1431
mri_label2label: Done


 mri_label2label --srcsubject fsaverage --srclabel /out/sourcedata/freesurfer/fsaverage/label/rh.BA45_exvivo.thresh.label --trgsubject sub-v2s10x28969_ses-1 --trglabel ./rh.BA45_exvivo.thresh.label --hemi rh --regmethod surface 


srclabel = /out/sourcedata/freesurfer/fsaverage/label/rh.BA45_exvivo.thresh.label
srcsubject = fsaverage
trgsubject = sub-v2s10x28969_ses-1
trglabel = ./rh.BA45_exvivo.thresh.label
regmethod = surface

srchemi = rh
trghemi = rh
trgsurface = white
srcsurfreg = sphere.reg
trgsurfreg = sphere.reg
usehash = 1
Use ProjAbs  = 0, 0
Use ProjFrac = 0, 0
DoPaint 0

SUBJECTS_DIR    /out/sourcedata/freesurfer
FREESURFER_HOME /opt/freesurfer
Loading source label.
Found 1178 points in source label.
Starting surface-based mapping
Reading source registration 
 /out/sourcedata/freesurfer/fsaverage/surf/rh.sphere.reg
Rescaling ...  original radius = 100
Reading target surface 
 /out/sourcedata/freesurfer/sub-v2s10x28969_ses-1/surf/rh.white
Reading target registration 
 /out/sourcedata/freesurfer/sub-v2s10x28969_ses-1/surf/rh.sphere.reg
Rescaling ...  original radius = 99.9999
Building target registration hash (res=16).
Building source registration hash (res=16).
INFO: found  1178 nlabel points
Performing mapping from target back to the source label 151317
Number of reverse mapping hits = 465
Checking for and removing duplicates
Writing label file ./rh.BA45_exvivo.thresh.label 1643
mri_label2label: Done


 mri_label2label --srcsubject fsaverage --srclabel /out/sourcedata/freesurfer/fsaverage/label/rh.V1_exvivo.thresh.label --trgsubject sub-v2s10x28969_ses-1 --trglabel ./rh.V1_exvivo.thresh.label --hemi rh --regmethod surface 


srclabel = /out/sourcedata/freesurfer/fsaverage/label/rh.V1_exvivo.thresh.label
srcsubject = fsaverage
trgsubject = sub-v2s10x28969_ses-1
trglabel = ./rh.V1_exvivo.thresh.label
regmethod = surface

srchemi = rh
trghemi = rh
trgsurface = white
srcsurfreg = sphere.reg
trgsurfreg = sphere.reg
usehash = 1
Use ProjAbs  = 0, 0
Use ProjFrac = 0, 0
DoPaint 0

SUBJECTS_DIR    /out/sourcedata/freesurfer
FREESURFER_HOME /opt/freesurfer
Loading source label.
Found 3232 points in source label.
Starting surface-based mapping
Reading source registration 
 /out/sourcedata/freesurfer/fsaverage/surf/rh.sphere.reg
Rescaling ...  original radius = 100
Reading target surface 
 /out/sourcedata/freesurfer/sub-v2s10x28969_ses-1/surf/rh.white
Reading target registration 
 /out/sourcedata/freesurfer/sub-v2s10x28969_ses-1/surf/rh.sphere.reg
Rescaling ...  original radius = 99.9999
Building target registration hash (res=16).
Building source registration hash (res=16).
INFO: found  3232 nlabel points
Performing mapping from target back to the source label 151317
Number of reverse mapping hits = 885
Checking for and removing duplicates
Writing label file ./rh.V1_exvivo.thresh.label 4117
mri_label2label: Done


 mri_label2label --srcsubject fsaverage --srclabel /out/sourcedata/freesurfer/fsaverage/label/rh.V2_exvivo.thresh.label --trgsubject sub-v2s10x28969_ses-1 --trglabel ./rh.V2_exvivo.thresh.label --hemi rh --regmethod surface 


srclabel = /out/sourcedata/freesurfer/fsaverage/label/rh.V2_exvivo.thresh.label
srcsubject = fsaverage
trgsubject = sub-v2s10x28969_ses-1
trglabel = ./rh.V2_exvivo.thresh.label
regmethod = surface

srchemi = rh
trghemi = rh
trgsurface = white
srcsurfreg = sphere.reg
trgsurfreg = sphere.reg
usehash = 1
Use ProjAbs  = 0, 0
Use ProjFrac = 0, 0
DoPaint 0

SUBJECTS_DIR    /out/sourcedata/freesurfer
FREESURFER_HOME /opt/freesurfer
Loading source label.
Found 3437 points in source label.
Starting surface-based mapping
Reading source registration 
 /out/sourcedata/freesurfer/fsaverage/surf/rh.sphere.reg
Rescaling ...  original radius = 100
Reading target surface 
 /out/sourcedata/freesurfer/sub-v2s10x28969_ses-1/surf/rh.white
Reading target registration 
 /out/sourcedata/freesurfer/sub-v2s10x28969_ses-1/surf/rh.sphere.reg
Rescaling ...  original radius = 99.9999
Building target registration hash (res=16).
Building source registration hash (res=16).
INFO: found  3437 nlabel points
Performing mapping from target back to the source label 151317
Number of reverse mapping hits = 958
Checking for and removing duplicates
Writing label file ./rh.V2_exvivo.thresh.label 4395
mri_label2label: Done


 mri_label2label --srcsubject fsaverage --srclabel /out/sourcedata/freesurfer/fsaverage/label/rh.MT_exvivo.thresh.label --trgsubject sub-v2s10x28969_ses-1 --trglabel ./rh.MT_exvivo.thresh.label --hemi rh --regmethod surface 


srclabel = /out/sourcedata/freesurfer/fsaverage/label/rh.MT_exvivo.thresh.label
srcsubject = fsaverage
trgsubject = sub-v2s10x28969_ses-1
trglabel = ./rh.MT_exvivo.thresh.label
regmethod = surface

srchemi = rh
trghemi = rh
trgsurface = white
srcsurfreg = sphere.reg
trgsurfreg = sphere.reg
usehash = 1
Use ProjAbs  = 0, 0
Use ProjFrac = 0, 0
DoPaint 0

SUBJECTS_DIR    /out/sourcedata/freesurfer
FREESURFER_HOME /opt/freesurfer
Loading source label.
Found 268 points in source label.
Starting surface-based mapping
Reading source registration 
 /out/sourcedata/freesurfer/fsaverage/surf/rh.sphere.reg
Rescaling ...  original radius = 100
Reading target surface 
 /out/sourcedata/freesurfer/sub-v2s10x28969_ses-1/surf/rh.white
Reading target registration 
 /out/sourcedata/freesurfer/sub-v2s10x28969_ses-1/surf/rh.sphere.reg
Rescaling ...  original radius = 99.9999
Building target registration hash (res=16).
Building source registration hash (res=16).
INFO: found  268 nlabel points
Performing mapping from target back to the source label 151317
Number of reverse mapping hits = 100
Checking for and removing duplicates
Writing label file ./rh.MT_exvivo.thresh.label 368
mri_label2label: Done


 mri_label2label --srcsubject fsaverage --srclabel /out/sourcedata/freesurfer/fsaverage/label/rh.entorhinal_exvivo.thresh.label --trgsubject sub-v2s10x28969_ses-1 --trglabel ./rh.entorhinal_exvivo.thresh.label --hemi rh --regmethod surface 


srclabel = /out/sourcedata/freesurfer/fsaverage/label/rh.entorhinal_exvivo.thresh.label
srcsubject = fsaverage
trgsubject = sub-v2s10x28969_ses-1
trglabel = ./rh.entorhinal_exvivo.thresh.label
regmethod = surface

srchemi = rh
trghemi = rh
trgsurface = white
srcsurfreg = sphere.reg
trgsurfreg = sphere.reg
usehash = 1
Use ProjAbs  = 0, 0
Use ProjFrac = 0, 0
DoPaint 0

SUBJECTS_DIR    /out/sourcedata/freesurfer
FREESURFER_HOME /opt/freesurfer
Loading source label.
Found 694 points in source label.
Starting surface-based mapping
Reading source registration 
 /out/sourcedata/freesurfer/fsaverage/surf/rh.sphere.reg
Rescaling ...  original radius = 100
Reading target surface 
 /out/sourcedata/freesurfer/sub-v2s10x28969_ses-1/surf/rh.white
Reading target registration 
 /out/sourcedata/freesurfer/sub-v2s10x28969_ses-1/surf/rh.sphere.reg
Rescaling ...  original radius = 99.9999
Building target registration hash (res=16).
Building source registration hash (res=16).
INFO: found  694 nlabel points
Performing mapping from target back to the source label 151317
Number of reverse mapping hits = 110
Checking for and removing duplicates
Writing label file ./rh.entorhinal_exvivo.thresh.label 804
mri_label2label: Done


 mri_label2label --srcsubject fsaverage --srclabel /out/sourcedata/freesurfer/fsaverage/label/rh.perirhinal_exvivo.thresh.label --trgsubject sub-v2s10x28969_ses-1 --trglabel ./rh.perirhinal_exvivo.thresh.label --hemi rh --regmethod surface 


srclabel = /out/sourcedata/freesurfer/fsaverage/label/rh.perirhinal_exvivo.thresh.label
srcsubject = fsaverage
trgsubject = sub-v2s10x28969_ses-1
trglabel = ./rh.perirhinal_exvivo.thresh.label
regmethod = surface

srchemi = rh
trghemi = rh
trgsurface = white
srcsurfreg = sphere.reg
trgsurfreg = sphere.reg
usehash = 1
Use ProjAbs  = 0, 0
Use ProjFrac = 0, 0
DoPaint 0

SUBJECTS_DIR    /out/sourcedata/freesurfer
FREESURFER_HOME /opt/freesurfer
Loading source label.
Found 291 points in source label.
Starting surface-based mapping
Reading source registration 
 /out/sourcedata/freesurfer/fsaverage/surf/rh.sphere.reg
Rescaling ...  original radius = 100
Reading target surface 
 /out/sourcedata/freesurfer/sub-v2s10x28969_ses-1/surf/rh.white
Reading target registration 
 /out/sourcedata/freesurfer/sub-v2s10x28969_ses-1/surf/rh.sphere.reg
Rescaling ...  original radius = 99.9999
Building target registration hash (res=16).
Building source registration hash (res=16).
INFO: found  291 nlabel points
Performing mapping from target back to the source label 151317
Number of reverse mapping hits = 49
Checking for and removing duplicates
Writing label file ./rh.perirhinal_exvivo.thresh.label 340
mri_label2label: Done


 mris_label2annot --s sub-v2s10x28969_ses-1 --hemi rh --ctab /opt/freesurfer/average/colortable_BA.txt --l rh.BA1_exvivo.label --l rh.BA2_exvivo.label --l rh.BA3a_exvivo.label --l rh.BA3b_exvivo.label --l rh.BA4a_exvivo.label --l rh.BA4p_exvivo.label --l rh.BA6_exvivo.label --l rh.BA44_exvivo.label --l rh.BA45_exvivo.label --l rh.V1_exvivo.label --l rh.V2_exvivo.label --l rh.MT_exvivo.label --l rh.perirhinal_exvivo.label --l rh.entorhinal_exvivo.label --a BA_exvivo --maxstatwinner --noverbose 

Reading ctab /opt/freesurfer/average/colortable_BA.txt
Number of ctab entries 15

7.3.2
cwd /out/sourcedata/freesurfer/sub-v2s10x28969_ses-1/label
cmdline mris_label2annot --s sub-v2s10x28969_ses-1 --hemi rh --ctab /opt/freesurfer/average/colortable_BA.txt --l rh.BA1_exvivo.label --l rh.BA2_exvivo.label --l rh.BA3a_exvivo.label --l rh.BA3b_exvivo.label --l rh.BA4a_exvivo.label --l rh.BA4p_exvivo.label --l rh.BA6_exvivo.label --l rh.BA44_exvivo.label --l rh.BA45_exvivo.label --l rh.V1_exvivo.label --l rh.V2_exvivo.label --l rh.MT_exvivo.label --l rh.perirhinal_exvivo.label --l rh.entorhinal_exvivo.label --a BA_exvivo --maxstatwinner --noverbose 
sysname  Linux
hostname dna088
machine  x86_64
user     oesteban

subject sub-v2s10x28969_ses-1
hemi    rh
SUBJECTS_DIR /out/sourcedata/freesurfer
ColorTable /opt/freesurfer/average/colortable_BA.txt
AnnotName  BA_exvivo
nlables 14
LabelThresh 0 0.000000
Loading /out/sourcedata/freesurfer/sub-v2s10x28969_ses-1/surf/rh.orig
 1 1530880 BA1_exvivo
 2 16749699 BA2_exvivo
 3 16711680 BA3a_exvivo
 4 3368703 BA3b_exvivo
 5 1376196 BA4a_exvivo
 6 13382655 BA4p_exvivo
 7 10036737 BA6_exvivo
 8 2490521 BA44_exvivo
 9 39283 BA45_exvivo
10 3993 V1_exvivo
11 8508928 V2_exvivo
12 10027163 MT_exvivo
13 16422433 perirhinal_exvivo
14 16392598 entorhinal_exvivo
Mapping unhit to unknown
Found 108229 unhit vertices
Writing annot to /out/sourcedata/freesurfer/sub-v2s10x28969_ses-1/label/rh.BA_exvivo.annot

 mris_label2annot --s sub-v2s10x28969_ses-1 --hemi rh --ctab /opt/freesurfer/average/colortable_BA.txt --l rh.BA1_exvivo.thresh.label --l rh.BA2_exvivo.thresh.label --l rh.BA3a_exvivo.thresh.label --l rh.BA3b_exvivo.thresh.label --l rh.BA4a_exvivo.thresh.label --l rh.BA4p_exvivo.thresh.label --l rh.BA6_exvivo.thresh.label --l rh.BA44_exvivo.thresh.label --l rh.BA45_exvivo.thresh.label --l rh.V1_exvivo.thresh.label --l rh.V2_exvivo.thresh.label --l rh.MT_exvivo.thresh.label --l rh.perirhinal_exvivo.thresh.label --l rh.entorhinal_exvivo.thresh.label --a BA_exvivo.thresh --maxstatwinner --noverbose 

Reading ctab /opt/freesurfer/average/colortable_BA.txt
Number of ctab entries 15

7.3.2
cwd /out/sourcedata/freesurfer/sub-v2s10x28969_ses-1/label
cmdline mris_label2annot --s sub-v2s10x28969_ses-1 --hemi rh --ctab /opt/freesurfer/average/colortable_BA.txt --l rh.BA1_exvivo.thresh.label --l rh.BA2_exvivo.thresh.label --l rh.BA3a_exvivo.thresh.label --l rh.BA3b_exvivo.thresh.label --l rh.BA4a_exvivo.thresh.label --l rh.BA4p_exvivo.thresh.label --l rh.BA6_exvivo.thresh.label --l rh.BA44_exvivo.thresh.label --l rh.BA45_exvivo.thresh.label --l rh.V1_exvivo.thresh.label --l rh.V2_exvivo.thresh.label --l rh.MT_exvivo.thresh.label --l rh.perirhinal_exvivo.thresh.label --l rh.entorhinal_exvivo.thresh.label --a BA_exvivo.thresh --maxstatwinner --noverbose 
sysname  Linux
hostname dna088
machine  x86_64
user     oesteban

subject sub-v2s10x28969_ses-1
hemi    rh
SUBJECTS_DIR /out/sourcedata/freesurfer
ColorTable /opt/freesurfer/average/colortable_BA.txt
AnnotName  BA_exvivo.thresh
nlables 14
LabelThresh 0 0.000000
Loading /out/sourcedata/freesurfer/sub-v2s10x28969_ses-1/surf/rh.orig
 1 1530880 BA1_exvivo
 2 16749699 BA2_exvivo
 3 16711680 BA3a_exvivo
 4 3368703 BA3b_exvivo
 5 1376196 BA4a_exvivo
 6 13382655 BA4p_exvivo
 7 10036737 BA6_exvivo
 8 2490521 BA44_exvivo
 9 39283 BA45_exvivo
10 3993 V1_exvivo
11 8508928 V2_exvivo
12 10027163 MT_exvivo
13 16422433 perirhinal_exvivo
14 16392598 entorhinal_exvivo
Mapping unhit to unknown
Found 128149 unhit vertices
Writing annot to /out/sourcedata/freesurfer/sub-v2s10x28969_ses-1/label/rh.BA_exvivo.thresh.annot

 mris_anatomical_stats -th3 -mgz -noglobal -f ../stats/rh.BA_exvivo.stats -b -a ./rh.BA_exvivo.annot -c ./BA_exvivo.ctab sub-v2s10x28969_ses-1 rh white 

computing statistics for each annotation in ./rh.BA_exvivo.annot.
reading volume /out/sourcedata/freesurfer/sub-v2s10x28969_ses-1/mri/wm.mgz...
reading input surface /out/sourcedata/freesurfer/sub-v2s10x28969_ses-1/surf/rh.white...
reading input pial surface /out/sourcedata/freesurfer/sub-v2s10x28969_ses-1/surf/rh.pial...
reading input white surface /out/sourcedata/freesurfer/sub-v2s10x28969_ses-1/surf/rh.white...
INFO: using TH3 volume calc
INFO: assuming MGZ format for volumes.
INFO: not computing global stats
Using TH3 vertex volume calc
Total face volume 308733
Total vertex volume 308542 (mask=0)
Saving annotation colortable ./BA_exvivo.ctab

table columns are:
    number of vertices
    total surface area (mm^2)
    total gray matter volume (mm^3)
    average cortical thickness +- standard deviation (mm)
    integrated rectified mean curvature
    integrated rectified Gaussian curvature
    folding index
    intrinsic curvature index
    structure name

  958    619   1882  2.319 0.494     0.141     0.028       13     1.3  BA1_exvivo
 2929   1980   4467  2.290 0.423     0.099     0.016       20     2.0  BA2_exvivo
  936    626    985  2.050 0.436     0.134     0.022        9     0.8  BA3a_exvivo
 1716   1126   2257  1.796 0.461     0.087     0.014       13     1.0  BA3b_exvivo
 1333    833   2798  2.786 0.522     0.098     0.020       10     1.0  BA4a_exvivo
 1105    718   1626  2.443 0.349     0.079     0.011        5     0.5  BA4p_exvivo
 7881   5405  19299  3.075 0.541     0.110     0.019       70     6.4  BA6_exvivo
 4901   3358  10678  2.798 0.540     0.107     0.018       46     3.7  BA44_exvivo
 5775   4241  15232  2.982 0.644     0.123     0.025       70     5.8  BA45_exvivo
 4038   2866   5353  1.829 0.689     0.147     0.033       57     5.9  V1_exvivo
 7841   5642  12917  2.232 0.557     0.149     0.033      109    11.4  V2_exvivo
 2473   1777   5559  2.718 0.518     0.118     0.022       27     2.4  MT_exvivo
  477    323   1075  3.211 0.646     0.107     0.017        3     0.4  perirhinal_exvivo
  725    455   1885  3.083 1.169     0.080     0.018        3     0.5  entorhinal_exvivo

 mris_anatomical_stats -th3 -mgz -f ../stats/rh.BA_exvivo.thresh.stats -noglobal -b -a ./rh.BA_exvivo.thresh.annot -c ./BA_exvivo.thresh.ctab sub-v2s10x28969_ses-1 rh white 

computing statistics for each annotation in ./rh.BA_exvivo.thresh.annot.
reading volume /out/sourcedata/freesurfer/sub-v2s10x28969_ses-1/mri/wm.mgz...
reading input surface /out/sourcedata/freesurfer/sub-v2s10x28969_ses-1/surf/rh.white...
reading input pial surface /out/sourcedata/freesurfer/sub-v2s10x28969_ses-1/surf/rh.pial...
reading input white surface /out/sourcedata/freesurfer/sub-v2s10x28969_ses-1/surf/rh.white...
INFO: using TH3 volume calc
INFO: assuming MGZ format for volumes.
INFO: not computing global stats
Using TH3 vertex volume calc
Total face volume 308733
Total vertex volume 308542 (mask=0)
Saving annotation colortable ./BA_exvivo.thresh.ctab

table columns are:
    number of vertices
    total surface area (mm^2)
    total gray matter volume (mm^3)
    average cortical thickness +- standard deviation (mm)
    integrated rectified mean curvature
    integrated rectified Gaussian curvature
    folding index
    intrinsic curvature index
    structure name

  616    404   1093  2.092 0.522     0.143     0.028        9     0.9  BA1_exvivo
 1633   1085   2746  2.353 0.416     0.094     0.015       11     1.0  BA2_exvivo
  847    564    813  2.030 0.387     0.138     0.022        8     0.8  BA3a_exvivo
 1267    849   1436  1.662 0.343     0.077     0.012        7     0.6  BA3b_exvivo
  846    508   1769  2.859 0.449     0.111     0.023        8     0.7  BA4a_exvivo
  857    568   1266  2.418 0.313     0.072     0.010        3     0.4  BA4p_exvivo
 4925   3344  11957  3.030 0.541     0.106     0.017       42     3.7  BA6_exvivo
 1414    979   3767  3.000 0.516     0.116     0.020       16     1.2  BA44_exvivo
 1587   1173   4951  3.282 0.639     0.133     0.028       21     2.0  BA45_exvivo
 3895   2738   5013  1.813 0.683     0.145     0.032       53     5.6  V1_exvivo
 4158   3094   6873  2.136 0.576     0.162     0.039       64     7.2  V2_exvivo
  356    280   1061  2.878 0.466     0.135     0.021        5     0.4  MT_exvivo
   46     33     94  3.301 0.545     0.121     0.015        0     0.0  perirhinal_exvivo
  721    456   1885  3.296 0.891     0.080     0.014        3     0.5  entorhinal_exvivo

Started at Sun Mar 15 10:04:12 CET 2026 
Ended   at Sun Mar 15 10:06:39 CET 2026
#@#%# recon-all-run-time-hours 0.041
recon-all -s sub-v2s10x28969_ses-1 finished without error at Sun Mar 15 10:06:39 CET 2026
