global_signal	global_signal_derivative1	global_signal_derivative1_power2	global_signal_power2	csf	csf_derivative1	csf_power2	csf_derivative1_power2	white_matter	white_matter_derivative1	white_matter_derivative1_power2	white_matter_power2	csf_wm	tcompcor	std_dvars	dvars	framewise_displacement	rmsd	t_comp_cor_00	t_comp_cor_01	t_comp_cor_02	c_comp_cor_00	c_comp_cor_01	c_comp_cor_02	c_comp_cor_03	c_comp_cor_04	c_comp_cor_05	w_comp_cor_00	w_comp_cor_01	w_comp_cor_02	w_comp_cor_03	w_comp_cor_04	w_comp_cor_05	w_comp_cor_06	w_comp_cor_07	w_comp_cor_08	w_comp_cor_09	w_comp_cor_10	w_comp_cor_11	w_comp_cor_12	w_comp_cor_13	w_comp_cor_14	w_comp_cor_15	w_comp_cor_16	a_comp_cor_00	a_comp_cor_01	a_comp_cor_02	a_comp_cor_03	a_comp_cor_04	a_comp_cor_05	a_comp_cor_06	a_comp_cor_07	a_comp_cor_08	a_comp_cor_09	a_comp_cor_10	a_comp_cor_11	a_comp_cor_12	a_comp_cor_13	a_comp_cor_14	edge_comp_00	edge_comp_01	edge_comp_02	edge_comp_03	edge_comp_04	edge_comp_05	edge_comp_06	edge_comp_07	edge_comp_08	edge_comp_09	edge_comp_10	edge_comp_11	edge_comp_12	edge_comp_13	edge_comp_14	edge_comp_15	edge_comp_16	edge_comp_17	edge_comp_18	edge_comp_19	edge_comp_20	edge_comp_21	edge_comp_22	edge_comp_23	cosine00	cosine01	cosine02	non_steady_state_outlier00	non_steady_state_outlier01	non_steady_state_outlier02	trans_x	trans_x_derivative1	trans_x_power2	trans_x_derivative1_power2	trans_y	trans_y_derivative1	trans_y_power2	trans_y_derivative1_power2	trans_z	trans_z_derivative1	trans_z_power2	trans_z_derivative1_power2	rot_x	rot_x_derivative1	rot_x_derivative1_power2	rot_x_power2	rot_y	rot_y_derivative1	rot_y_derivative1_power2	rot_y_power2	rot_z	rot_z_derivative1	rot_z_power2	rot_z_derivative1_power2	motion_outlier00	motion_outlier01	motion_outlier02	motion_outlier03	motion_outlier04	motion_outlier05	motion_outlier06	motion_outlier07	motion_outlier08	motion_outlier09	motion_outlier10	motion_outlier11	motion_outlier12	motion_outlier13	motion_outlier14	motion_outlier15	motion_outlier16	motion_outlier17	motion_outlier18
830.2271419973763	n/a	n/a	689277.1073091317	843.592111725738	n/a	711647.6509658901	n/a	799.4834206955558	n/a	n/a	639173.739967067	794.7466707779189	633.7132525324395	n/a	n/a	n/a	n/a	0.0	0.0	0.0	0.0	0.0	0.0	0.0	0.0	0.0	0.0	0.0	0.0	0.0	0.0	0.0	0.0	0.0	0.0	0.0	0.0	0.0	0.0	0.0	0.0	0.0	0.0	0.0	0.0	0.0	0.0	0.0	0.0	0.0	0.0	0.0	0.0	0.0	0.0	0.0	0.0	0.0	0.0	0.0	0.0	0.0	0.0	0.0	0.0	0.0	0.0	0.0	0.0	0.0	0.0	0.0	0.0	0.0	0.0	0.0	0.0	0.0	0.0	0.0	0.0	0.0	0.0	0.0	0.0	1.0	0.0	0.0	2.793711928461562e-09	n/a	7.804826339228419e-18	n/a	0.0242060137410931	n/a	0.0005859311012339	n/a	-1.2077094879714423e-09	n/a	1.4585622073362433e-18	n/a	-8.9941065923075e-18	n/a	n/a	8.089395339378924e-35	0.0	n/a	n/a	0.0	1.7308910422875e-17	n/a	2.9959838002711083e-34	n/a	0.0	0.0	0.0	0.0	0.0	0.0	0.0	0.0	0.0	0.0	0.0	0.0	0.0	0.0	0.0	0.0	0.0	0.0	0.0
826.7025738226125	-3.524568174763772	12.422580818557623	683437.1455649321	819.6414365906646	-23.950675135073425	671812.0845764085	573.6348394258245	799.9311883676764	0.4477676721206762	0.2004958881963694	639889.906123323	794.8723805185092	585.9958310622895	1.364818	24.616922	0.0745641573778336	0.0413676933750162	0.0	0.0	0.0	0.0	0.0	0.0	0.0	0.0	0.0	0.0	0.0	0.0	0.0	0.0	0.0	0.0	0.0	0.0	0.0	0.0	0.0	0.0	0.0	0.0	0.0	0.0	0.0	0.0	0.0	0.0	0.0	0.0	0.0	0.0	0.0	0.0	0.0	0.0	0.0	0.0	0.0	0.0	0.0	0.0	0.0	0.0	0.0	0.0	0.0	0.0	0.0	0.0	0.0	0.0	0.0	0.0	0.0	0.0	0.0	0.0	0.0	0.0	0.0	0.0	0.0	0.0	0.0	0.0	0.0	1.0	0.0	6.995691332178922e-05	6.995411960986075e-05	4.893969721512329e-09	4.893578850390705e-09	2.9458410068627927e-05	-0.0241765553310244	8.677979237714391e-10	0.000584505827674	-0.0083633553640538	-0.0083633541563443	6.994571294544748e-05	6.994569274444168e-05	0.0003540002157193	0.0003540002157193	1.253161527293173e-07	1.2531615272931096e-07	-0.0004849998122877	-0.0004849998122877	2.3522481791910427e-07	2.3522481791910427e-07	8.584741010878266e-08	8.584741009147375e-08	7.36977782238552e-15	7.369777819413671e-15	0.0	0.0	0.0	0.0	0.0	0.0	0.0	0.0	0.0	0.0	0.0	0.0	0.0	0.0	0.0	0.0	0.0	0.0	0.0
828.1016826324362	1.3991088098237014	1.9575054617262944	685752.3967786721	815.8824637592703	-3.758972831394317	665664.1946698971	14.129876747160608	800.3179707896755	0.3867824219991007	0.1496006419674904	640508.8543689039	794.4433612629518	573.9159365691592	1.137303	20.513273	0.0911450945331856	0.0459012671603829	0.0	0.0	0.0	0.0	0.0	0.0	0.0	0.0	0.0	0.0	0.0	0.0	0.0	0.0	0.0	0.0	0.0	0.0	0.0	0.0	0.0	0.0	0.0	0.0	0.0	0.0	0.0	0.0	0.0	0.0	0.0	0.0	0.0	0.0	0.0	0.0	0.0	0.0	0.0	0.0	0.0	0.0	0.0	0.0	0.0	0.0	0.0	0.0	0.0	0.0	0.0	0.0	0.0	0.0	0.0	0.0	0.0	0.0	0.0	0.0	0.0	0.0	0.0	0.0	0.0	0.0	0.0	0.0	0.0	0.0	1.0	0.018667200193164	0.0185972432798422	0.0003484643630516	0.0003458574576096	-0.0225851281764306	-0.0226145865864992	0.0005100880147457	0.0005114195264782	-0.0147846826960176	-0.0064213273319637	0.0002185868424219	4.123344470422533e-05	-0.0003670363460643	-0.0007210365617836	5.198937234287152e-07	1.3471567933223258e-07	-0.0004849726157252	2.7196562499992065e-08	7.396530118159745e-16	2.351984380033425e-07	-0.0001490891409414	-0.0001491749883515	2.2227571946644632e-08	2.225317714967278e-08	0.0	0.0	0.0	0.0	0.0	0.0	0.0	0.0	0.0	0.0	0.0	0.0	0.0	0.0	0.0	0.0	0.0	0.0	0.0
834.0230800731327	5.921397440696524	35.06294765068734	695594.4980946752	822.2652325837508	6.382768824480536	676120.1127160098	40.73973786676064	800.8656822892883	0.5477114996127739	0.2999878868080736	641385.8410686873	794.51655872151	599.161646832702	1.283041	23.141914	0.0943673295295789	0.0539811485855165	-0.1349738371	0.0141326417	-0.0579918335	-0.2115061126	0.0329861555	-0.0221171448	0.0396343242	-0.06761017	-0.1207131463	-0.1486726494	0.0429502442	-0.0899194839	0.0511881761	-0.0775468176	0.0573276517	-0.0169731135	0.1697456174	-0.00982438	0.0917782834	-0.0301618704	0.1729317368	0.0304596568	-0.0158008931	0.089427364	-0.0278961222	0.0765518139	-0.1510379871	0.0449973353	-0.0482818755	0.1129706038	-0.0489422032	0.0055303035	-0.1499075582	0.0722523111	-0.1123522838	0.0848690908	-0.0034372708	0.0572881181	-0.0766223686	0.1788516406	-0.068877046	0.0393751674	-0.005885708	0.1346609338	-0.0005964982	0.0089956562	-0.0627252707	0.0560202334	-0.0090599357	0.0631521627	-0.0390735978	0.0640192607	-0.0334274317	0.0269039171	-0.114940102	0.1593675334	-0.0567226378	0.0442857423	-0.0598356165	0.1220497232	-0.1461107403	0.0111347184	-0.1283659823	0.0001369346	-0.083080273	0.1307323072	0.1306969605	0.1306380564	0.0	0.0	0.0	0.0166039338257633	-0.0020632663674007	0.0002756906184903	4.2570681028468856e-06	0.0238761616577534	0.046461289834184	0.0005700710955071	0.002158651453056	-0.0392305433667701	-0.0244458606707525	0.001539035532852	0.0005976001039338	-0.0005049995136488	-0.0001379631675845	1.903383560994885e-08	2.550245087855246e-07	-0.0003439997892817	0.0001409728264435	1.987333779546917e-08	1.18335855025854e-07	-8.688182456443154e-08	0.0001490022591168	7.54845143964466e-15	2.2201673221920608e-08	0.0	0.0	0.0	0.0	0.0	0.0	0.0	0.0	0.0	0.0	0.0	0.0	0.0	0.0	0.0	0.0	0.0	0.0	0.0
838.9515009738715	4.928420900738729	24.289332574838344	703839.6209863118	825.7362172223519	3.4709846386010668	681840.3004326791	12.047734361404578	804.0205604330255	3.1548781437371645	9.953256101830457	646449.0615990363	797.1541423086393	615.4411239897479	1.121292	20.224497	0.1173883531118131	0.0571167445635407	-0.0888670492	-0.0160310757	-0.052803863	-0.1029053324	0.0520684937	-0.0479871604	-0.0272509955	0.0705337698	-0.0170308706	-0.0627217501	0.0502466564	-0.0851706562	0.0537152306	0.0620192256	0.1396815182	0.0490339437	0.0648045771	-0.0980870674	0.0620931588	0.0010453274	0.0839768022	-0.1209047932	-0.1098991731	0.136457703	-0.0594534708	0.0115524465	-0.0705147637	0.0630988143	-0.05313253	0.1002618837	0.1122881447	0.0460699008	-0.0948218284	0.014295866	0.0018125195	0.1037337456	0.0200217332	-0.0160795404	0.0045219511	0.2486399276	0.0242869832	0.0513380593	0.02543757	0.128573518	-0.050065643	0.0133257529	-0.027512375	0.0502126123	-0.0346007717	0.0760914347	-0.0124841083	0.116498684	-0.088183926	0.0484087702	0.0125322121	0.1561497839	0.0204763194	0.0209075441	0.0124089903	0.0187617362	-0.0411212169	-0.086498579	-0.095813645	-0.0263527906	-0.0598381306	0.1306380564	0.1303201273	0.1297908185	0.0	0.0	0.0	-0.0011788971601873	-0.0177828309859506	1.3897985142976803e-06	0.0003162290778748	0.0631821850964797	0.0393060234387263	0.0039919885135658	0.0015449634785657	-0.0748294203430077	-0.0355988769762376	0.0055994421488705	0.0012672800419692	-0.0008350001762108	-0.0003300006625619	1.0890043729135896e-07	6.97225294272067e-07	-0.0001799997244322	0.0001640000648495	2.6896021270640213e-08	3.239990079566793e-08	-7.51750180905033e-08	1.1706806473928246e-08	5.6512833449074966e-15	1.370493178180083e-16	0.0	0.0	0.0	0.0	0.0	0.0	0.0	0.0	0.0	0.0	0.0	0.0	0.0	0.0	0.0	0.0	0.0	0.0	0.0
841.8503507796797	2.898849805808254	8.403330196634553	708712.0131078698	833.3359365048616	7.599719282509682	694448.7830704347	57.75573317294947	804.3853527103022	0.364792277276706	0.1330734055607252	647035.7956548772	797.9242684703762	641.2515311702605	1.135096	20.473478	0.169712612486324	0.1073916499452761	-0.0245879457	-0.0234107092	-0.0538551383	-0.0006301851	0.0677599836	-0.0164964514	-0.0455228849	0.0656393564	0.0479257363	-0.0422364242	0.065291715	-0.0412768026	0.0201501626	0.0541295835	0.0498561364	-0.0068142027	-0.0083595943	-0.1019648157	-0.0342135479	0.0595941173	-0.1270528096	-0.0819215946	0.0379035673	-0.2002509822	0.0206305678	-0.0517885617	-0.043497292	0.074057734	-0.0184369764	0.0474610423	0.0518097992	0.0049736585	0.0118093155	-0.0795422543	0.0643178912	-0.0799579566	-0.0232201835	-0.1312918235	0.1110786921	-0.0282085214	-0.0246787658	0.0175116829	0.0268292553	0.0656894898	-0.0229474003	-0.0688408888	-0.0574700337	0.0120899592	0.0807302903	-0.1440813791	0.0018463438	0.0116734732	-0.0835373691	-0.0137047016	0.0873300639	-0.0773317871	0.095523972	0.0013231262	-0.0454374323	-0.0421967786	-0.020920696	-0.0539371304	0.0122287662	-0.0060975213	0.0857402335	0.1304496228	0.1295675475	0.1281018373	0.0	0.0	0.0	-0.0047206127368042	-0.0035417155766169	2.228418461087804e-05	1.254374922565078e-05	-0.036135335883273	-0.0993175209797527	0.0013057624993969	0.0098639699735636	-0.0598600538274638	0.0149693665155438	0.0035832260442268	0.0002240819338766	-0.0014930307241259	-0.0006580305479151	4.330042019894469e-07	2.2291407431839096e-06	-0.0004299037338499	-0.0002499040094177	6.24520139230419e-08	1.8481722037808566e-07	-0.0001298208059735	-0.0001297456309554	1.685344166360913e-08	1.683392875201731e-08	0.0	0.0	0.0	0.0	0.0	0.0	0.0	0.0	0.0	0.0	0.0	0.0	0.0	0.0	0.0	0.0	0.0	0.0	0.0
843.0105527573027	1.1602019776229326	1.346068628880164	710666.792060173	828.0341815672059	-5.301754937655687	685640.6058436725	28.108605418956454	804.4459198657257	0.0605671554235414	0.0036683803160994	647133.2379886137	798.1760962534759	643.8040914569705	0.972956	17.548992	0.0366307824094385	0.0199673556739549	0.0031197338	-0.0137829202	-0.0526735254	-0.0052199156	0.0613464728	-0.0137118902	0.0152108283	0.0509320659	0.049004402	-0.0477692957	0.0784311235	-0.0305538375	-0.0187248193	0.0829837865	-0.0246763086	-0.0918710185	-0.105481501	-0.1800194422	0.0242197524	0.0431361958	-0.0510408294	-0.1666345901	0.1052580243	-7.04645e-05	0.0703233922	0.0038855111	-0.0510604077	0.086916857	-0.0303856207	0.0109790482	0.0306968335	-0.0877750443	0.0720842947	-0.1152835242	-0.0062381559	0.016446059	0.1075503039	-0.0649465515	0.0133594851	0.0753273689	0.1816421814	0.0142508691	0.0359714876	0.0715847614	-0.0290859321	-0.095110231	-0.0301095877	-0.047929548	-0.0267102085	0.0729951327	0.0181098493	0.0154298343	-0.0145949378	-0.1018352083	0.0940502663	0.0257906785	0.062715329	0.0093883678	-0.0186529584	0.0266455317	-0.0475083113	-0.1194496463	-0.0464354273	-0.1043030565	-0.0349627432	0.1301671423	0.1284413908	0.1255820665	0.0	0.0	0.0	-0.0071181070789378	-0.0023974943421336	5.066744838722442e-05	5.747979120562624e-06	-0.0316038001915757	0.0045315356916973	0.000998800186549	2.0534815725126525e-05	-0.0712080416869014	-0.0113479878594375	0.0050705852008834	0.0001287768284579	-0.0013580756354539	0.000134955088672	1.82128759584674e-08	1.8443694316135145e-06	-0.0004292545464619	6.491873880000009e-07	4.214442647382637e-13	1.8425946565821146e-07	-0.0003612918202369	-0.0002314710142634	1.305317793700925e-07	5.3578830444127146e-08	0.0	0.0	0.0	0.0	0.0	0.0	0.0	0.0	0.0	0.0	0.0	0.0	0.0	0.0	0.0	0.0	0.0	0.0	0.0
844.7409115041874	1.73035874688469	2.9941413929203544	713587.2075689253	830.4074961344401	2.3733145672341607	689576.6096362701	5.632622035045872	804.473320036407	0.0274001706812896	0.0007507693533638	647177.3226503993	798.0993662430068	666.9380767849611	0.958036	17.279871	0.1027385210209208	0.0630945097361815	0.0433971021	-0.0137671429	-0.0249766985	-0.0091370032	0.099560961	0.0888185899	0.145642386	-0.0312048514	-0.0423941008	-0.0549358275	0.0775898103	-0.0013284568	-0.0667356545	-0.0717210472	-0.0475762841	-0.1772596432	0.0487818908	-0.0103606828	0.114563532	0.0369247184	-0.0038541458	-0.0937387624	0.1576163365	0.0558815341	-0.025535459	-0.0515467425	-0.0474876326	0.1049076168	-0.0039271433	-0.0540057622	-0.1320173608	-0.1476961392	-0.0777413953	0.0179879531	-0.071598906	0.0404050785	-0.0274577829	-0.1726924007	-0.074152952	0.0068663124	0.1075571427	-0.0052923876	0.0129743561	0.0590883404	-0.0811663971	-0.1152946181	0.0158374855	-0.015928979	-0.0271953122	0.0811910712	-0.0691180805	-0.066030254	0.0862925431	0.0139361287	-0.0280521454	0.0232002184	-0.0698239523	-0.0338257547	-0.0314552873	-0.0072145424	-0.1395286104	-0.0621848684	-0.0964645684	-0.0264717771	0.0862172668	0.1297908185	0.1269449045	0.1222478479	0.0	0.0	0.0	-0.001294549935352	0.0058235571435858	1.6758595351198672e-06	3.391381780460921e-05	0.0198768294385445	0.0514806296301202	0.0003950883485289	0.0026502552271136	-0.0527121466786866	0.0184958950082147	0.0027785704074753	0.0003420981321549	-0.0018230942884621	-0.0004650186530082	2.162423476455608e-07	3.323672784623131e-06	-0.0004291043609112	1.5018555069999838e-07	2.255569963906177e-14	1.8413055255300937e-07	-0.000434891766458	-7.359994622109999e-05	1.8913084853295962e-07	5.416952083748811e-09	0.0	0.0	0.0	0.0	0.0	0.0	0.0	0.0	0.0	0.0	0.0	0.0	0.0	0.0	0.0	0.0	0.0	0.0	0.0
843.8583399173064	-0.8825715868809993	0.7789326059696454	712096.8978479921	831.9671414140342	1.5596452795941786	692169.3243926397	2.432493398160404	805.002047237023	0.5287272006160038	0.2795524526712359	648028.2960557982	799.1286332857811	658.2947800475637	0.935181	16.867645	0.0380463507027916	0.0266214201168826	0.034663518	-0.0037426761	0.0017784713	-0.0060680988	0.048791405	0.1103953643	0.0139677351	-0.1121750014	0.0003530499	-0.042381755	0.002275806	0.0402840125	-0.0207723975	0.0279304847	0.1400440455	-0.109530199	0.1109799163	0.0387810836	-0.0869719912	0.0691464199	0.0384752447	-0.0173344568	0.0647595285	0.0030120547	-0.0421881145	0.0050976552	-0.0352527107	0.0146259395	0.0110457248	-0.0516108446	0.0329733299	-0.0293509654	-0.201710317	0.0007978235	-0.0095165515	-0.0669199642	-0.0127666281	-0.0496586408	0.0201618177	0.0115160884	0.0357967252	-0.0003285473	0.0307671971	0.0622841178	-0.0610913652	-0.1130079612	-0.0027638975	0.0300755731	0.0374104812	-0.0830143246	-0.0224124171	-0.0147036034	0.0828136861	0.0434947825	-0.0694707396	-0.0514698533	-0.1107522247	-0.0568022346	0.0577703383	-0.0685417625	-0.0918420782	0.0997950142	-0.1233195341	0.0641059201	-0.008338975	0.1293209226	0.125082403	0.118120805	0.0	0.0	0.0	0.0023638270521786	0.0036583769875306	5.58767833261137e-06	1.338372218289347e-05	0.019705152687365	-0.0001716767511795	0.0003882930424323	2.9472906895549018e-08	-0.0744963674789431	-0.0217842208002565	0.0055497087675577	0.0004745522758743	-0.001627580025792	0.0001955142626701	3.822582690743286e-08	2.649016740357088e-06	-0.0004291893039032	-8.494299199999144e-08	7.21531188991061e-15	1.8420345858491333e-07	-0.0003818494488436	5.30423176144e-05	1.458090015821611e-07	2.8134874579068884e-09	0.0	0.0	0.0	0.0	0.0	0.0	0.0	0.0	0.0	0.0	0.0	0.0	0.0	0.0	0.0	0.0	0.0	0.0	0.0
845.0084396909226	1.1500997736162617	1.3227294892721764	714039.2631488875	834.3355409926262	2.368399578591948	696115.7949634582	5.609316563874516	805.5667797898095	0.564732552786495	0.3189228561767514	648937.8367009235	799.5071302252301	653.9337890310527	0.938819	16.933271	0.0786388764656089	0.0452221430734875	0.0313722691	0.0028272286	-0.0154696933	0.0205826988	0.0314045325	0.0333584273	-0.1412355324	-0.0445794959	0.0821320382	-0.0211194358	0.0180073647	0.001780851	-0.0397195156	0.0671468862	0.1664474262	-0.0251261913	0.0756059106	0.0814755211	-0.0873336493	-0.0145950621	0.0328633934	0.0323661428	0.0335251656	-0.1213718041	0.0108438504	-0.1575815193	-0.0249903784	0.025239196	-0.00846868	-0.0373298595	0.109328895	0.0751092674	-0.1517855754	0.0004497172	0.0055988953	-0.1048879989	-0.0308321509	0.0136249341	-0.045078891	-0.0523888265	0.0234258001	-0.0206660226	0.0189746086	0.0354485307	-0.0334403033	-0.1060406101	-0.007593152	0.0093502037	0.0462248285	-0.0404030481	0.0232302776	0.0686483592	-0.0278116021	0.0284576487	-0.0687358396	-0.013893837	0.0319013813	-0.0605597976	0.015753681	-0.0778963027	-0.0349781311	-0.0541808775	-0.000571647	0.0592555554	0.0302414357	0.1287577936	0.1228592567	0.1132277034	0.0	0.0	0.0	-0.0012527694820221	-0.0036165965342007	1.5694313750859204e-06	1.3079770491192517e-05	-0.0040137866151752	-0.0237189393025402	1.611048299215959e-05	0.0005625880816375	-0.0702404654153951	0.004255902063548	0.0049337229817713	1.8112702374512174e-05	-0.0023240282663191	-0.0006964482405271	4.850401517332934e-07	5.401107382650162e-06	-0.0004298398810025	-6.505770993000311e-07	4.232505621336426e-13	1.8476232330024338e-07	-0.0001379994951636	0.00024384995368	1.9043860665408457e-08	5.946279990973816e-08	0.0	0.0	0.0	0.0	0.0	0.0	0.0	0.0	0.0	0.0	0.0	0.0	0.0	0.0	0.0	0.0	0.0	0.0	0.0
845.4780709276397	0.4696312367170776	0.2205534985004118	714833.1684195229	838.7284633249476	4.392922332321405	703465.4351914279	19.29776661780813	804.9698072188692	-0.5969725709403519	0.3563762504551335	647976.3905339834	799.206767104844	669.5371002757848	0.861635	15.541123	0.0531278083448603	0.0336924860593311	0.0552770661	-0.0277633497	0.0145267481	0.078516143	0.0365706808	-0.009019727	-0.0874343543	0.0626130835	0.1290367685	-0.040490429	0.0630979592	0.027110042	0.0113726917	0.1121161249	0.0956750718	0.0087732498	-0.1108865941	-0.0528053834	-0.1182975075	0.0800600722	0.0456415375	-0.0747191117	0.0348726195	-0.0201795166	0.1500550415	-0.039746987	-0.041776927	0.0559439049	0.0013786507	-0.0162200832	0.1436441458	0.0233789521	-0.0051563551	-0.1382318457	0.0160427576	-0.0794568728	-0.0457577048	0.0118942973	-0.0521794103	0.0384076612	0.1162205817	-0.0076042474	0.047117505	0.0646760789	-0.0377875028	-0.1244432985	-0.0071330215	0.0125756979	0.042687218	-0.0903915641	0.0934605762	0.0794610032	-0.0139589279	-0.0421788202	0.0460369003	-0.073229362	0.0450857218	-0.0730781402	-0.0087064955	-0.0472607719	0.0281458647	0.0297462572	-0.0633696286	-0.0408608252	-0.0306333206	0.1281018373	0.1202818753	0.1076002767	0.0	0.0	0.0	-0.0012815120616522	-2.87425796301e-05	1.642273164160072e-06	8.261358837926392e-10	0.0143654138039153	0.0183792004190905	0.0002063651137577	0.000337795008045	-0.0931624612687898	-0.0229219958533947	0.0086792441896587	0.000525417893903	-0.0020920329234922	0.0002319953428269	5.382183909337093e-08	4.376601752975321e-06	-0.0004298519124348	-1.2031432299985762e-08	1.4475536318914063e-16	1.8477266662385497e-07	-0.0001419495107593	-3.950015595700012e-06	2.0149663604804623e-08	1.560262320627332e-11	0.0	0.0	0.0	0.0	0.0	0.0	0.0	0.0	0.0	0.0	0.0	0.0	0.0	0.0	0.0	0.0	0.0	0.0	0.0
843.5455830690147	-1.9324878586249952	3.734509323733019	711569.150715244	837.8939112234807	-0.8345521014668975	702066.2064653821	0.6964772100628148	804.9824304059621	0.0126231870929132	0.0001593448523826	647996.7132622895	799.1798034667969	669.7530250275861	0.927951	16.737234	0.0452983780821653	0.0238658117633583	0.0523060357	0.0016442577	0.0564414053	0.0201794286	-0.0051605418	0.0299501165	-0.0506084385	0.0640108126	0.1369904123	-0.0407398536	0.0488349734	0.0319244912	0.0236077643	0.0336483614	0.070418569	0.0669186998	-0.0783102064	-0.0463127545	0.110111424	-0.0251229305	0.0491552105	0.0084747785	-0.0128965859	-0.0985047196	0.0832383208	0.0849150888	-0.0448770964	0.0208424855	0.0213248871	-0.004893936	0.0768262656	0.0332090387	0.0376508653	-0.1172098357	-0.0379698761	0.0996265658	-0.0233265552	0.0019148975	-0.0519063237	-0.0795756659	-0.0244615071	-0.0281746757	0.0374885257	0.0481999763	-0.0042637877	-0.0952269742	0.0377193512	0.0124877257	-0.0275514578	0.1180249313	0.0526582662	0.0439789391	-0.0412537305	0.0159876118	-0.0066892218	-0.0246463427	0.0876289102	-0.0692033238	-0.075407804	0.0242092749	0.0149920063	-0.0787617869	0.0384409657	0.046688201	0.0219300363	0.1273535266	0.1173576901	0.1012750209	0.0	0.0	0.0	0.0031260790849358	0.004407591146588	9.77237044527305e-06	1.942685971548092e-05	-0.0001415179789603	-0.0145069317828756	2.002733836900791e-08	0.000210451069753	-0.0871152199815981	0.0060472412871916	0.0075890615524422	3.656912718551588e-05	-0.0023940541876341	-0.0003020212641419	9.121684399387144e-08	5.731495453328371e-06	-0.0004292058002846	6.461121502000225e-07	4.1746091063609646e-13	1.8421761899794394e-07	-0.0002460144117774	-0.0001040649010181	6.052309080218013e-08	1.0829503623906953e-08	0.0	0.0	0.0	0.0	0.0	0.0	0.0	0.0	0.0	0.0	0.0	0.0	0.0	0.0	0.0	0.0	0.0	0.0	0.0
843.7209294859422	0.1753464169274821	0.0307463659293063	711865.0068526223	831.5635206803032	-6.330390543177487	691497.888926221	40.07384442915095	805.6917698628718	0.7093394569096745	0.5031624651289119	649139.2280247667	799.2651473611088	646.5914436121568	0.918139	16.560259	0.1254391478095108	0.0790176080010558	0.0125995399	0.0059026892	-0.0318123307	-0.0167014097	0.0427692645	0.0209931653	-0.0279109931	0.0742700659	0.0938897609	-0.0201709345	0.0193000037	0.0143198165	-0.0122579065	0.0311050379	-0.0370275004	-0.0074714238	-0.1173647543	-0.0698325549	0.0236984515	-0.0624719229	0.0803220121	-0.070878168	-0.0398653757	0.114478007	-0.0171188926	-0.0364488456	-0.0272720624	0.0371521651	-0.0061624582	-0.0309999105	0.0218067571	-0.0302100865	0.0678666372	-0.0983397361	0.0117253888	0.0606390876	0.0959861067	-0.0033668292	-0.0668651833	0.0836121712	0.0497629122	-0.019225315	0.0154482124	0.0591009065	-0.055141306	-0.0471643277	0.0198583959	0.016861312	-0.0236661051	0.035754993	0.0342003809	0.0106040883	0.0186419153	-0.0177889927	0.1064106317	-0.0153723972	0.1404250476	-0.0811415322	0.0375374639	-0.0169364672	-0.0345602991	0.0105648411	-0.1130728073	-0.0126454035	-0.0488479575	0.1265134012	0.1140951323	0.0942929578	0.0	0.0	0.0	-0.0012797622035378	-0.0044058412884736	1.6377912976039253e-06	1.941143745921871e-05	0.0697071466705949	0.0698486646495551	0.0048590862969558	0.004878835953326	-0.0661638973220135	0.0209513226595846	0.0043776613088379	0.000438957921186	-0.0027530043489549	-0.0003589501613207	1.2884521831222824e-07	7.579032945364593e-06	-0.0004299994877707	-7.936874861000213e-07	6.299398255917715e-13	1.848995594830644e-07	-1.091876346350027e-06	0.000244922535431	1.1921939557186845e-12	5.998704836197394e-08	0.0	0.0	0.0	0.0	0.0	0.0	0.0	0.0	0.0	0.0	0.0	0.0	0.0	0.0	0.0	0.0	0.0	0.0	0.0
846.9309029579846	3.2099734720424067	10.303929691215984	717291.954385227	839.970554517663	8.40703383735979	705550.5324567102	70.67821794251249	807.1812740262915	1.489504163419724	2.2186226528446924	651541.609138707	801.0943248684123	666.0040990050121	1.108066	19.985931	0.3349123697635692	0.214242354181945	0.0510553124	-0.0207010682	-0.0366946144	0.0392842229	0.0086913704	0.0750011877	0.104833272	0.1487677724	-0.0526295	0.0272856995	-0.0019023055	0.0885290326	0.0667166713	-0.0291144955	-0.1548216343	-0.1993174127	-0.0196655635	-0.0376760848	-0.1498287274	-0.0031207848	0.0163998041	-0.0275851667	-0.0270535295	-0.0473948977	-0.0474103303	-0.1317595483	0.0220808943	0.0081874387	0.0999138688	0.0292425643	-0.0979820862	-0.2016215532	0.0350384961	-0.0607097112	0.0385796701	-0.1643235782	0.0307855376	-0.0704644471	0.0224296902	-0.0272091051	-0.0439320286	0.0272972091	0.122817391	0.0243348476	0.0393009315	-0.0673679766	-0.0380535926	-0.0517154993	-0.1264260365	-0.0419619848	-0.0167290815	-0.1651697154	0.0185828403	-0.1074592274	-0.0676561888	0.0330274459	-0.051693256	0.1641676751	-0.1019518735	-0.0250678623	0.0301432665	0.1388757435	-0.0853635032	0.0602112879	-0.0707050698	0.1255820665	0.1105036087	0.0866993686	0.0	0.0	0.0	-0.0011785346530359	0.0001012275505018	1.3889439284064492e-06	1.0247016980614693e-08	-0.0605732001063756	-0.1302803467769705	0.003669112571127	0.0169729687563276	-0.1821004920396944	-0.1159365947176808	0.0331605892010988	0.0134412939947317	-0.0009820018623207	0.0017710024866342	3.13644980766452e-06	9.64327657601323e-07	-0.0004300001977268	-7.099560999854203e-10	5.040376639065082e-19	1.849001700450871e-07	-2.1105856833016003e-07	8.808177780198672e-07	4.4545719265576806e-14	7.75839958075856e-13	0.0	0.0	0.0	0.0	0.0	0.0	0.0	0.0	0.0	0.0	0.0	0.0	0.0	0.0	0.0	0.0	0.0	0.0	0.0
848.4409575599981	1.510054602013497	2.280264901062141	719852.0584653264	844.0618435403575	4.091289022694468	712440.395720747	16.738645867220256	808.5682946172421	1.3870205909506694	1.923826119721144	653782.6870602353	803.3051447981495	677.9887608763992	1.160962	20.940014	0.2312026647439395	0.1511896669662528	0.0736960951	-0.0458739742	0.0266323945	0.0666642668	-0.0223721136	0.0853760088	0.03942538	-0.0666698023	-0.0740445926	0.061517768	0.0019398198	0.0423372438	0.0851466013	0.0296440072	0.1149749201	-0.0480279899	0.1358862797	-0.0933006897	0.0388210073	0.0842761749	0.0134547382	0.1915156477	-0.0117073869	0.0641361813	-0.0808113757	0.1769470045	0.0607638938	-0.0168132253	0.0497762252	0.0297953043	0.0421710951	-0.0520319745	-0.1707376766	-0.0316583798	-0.1268280447	0.1255512855	-0.0812963993	0.042287514	0.1165414782	-0.0194268917	-0.0138599195	-0.0040092401	0.0934860144	0.0398261504	-0.0703586021	-0.0366326281	0.0596931003	0.0961134382	0.0187817098	-0.0324862282	-0.0749218754	-0.078305365	0.0681862709	0.159733608	-0.0257912344	-0.0300419616	-0.0670036013	-0.0457347746	0.0838958818	0.0387300652	0.0599683786	-0.074124043	0.0373846567	0.1162988961	-0.0212765323	0.1245601942	0.1065934746	0.0785435007	0.0	0.0	0.0	-0.0013251536777261	-0.0001466190246901	1.7560322695910084e-06	2.1497138401105456e-08	0.0593235779254257	0.1198967780318013	0.003519286897874	0.014375237382407	-0.134834306103329	0.0472661859363653	0.0181802901023662	0.002234092332971	-0.0021790182556184	-0.0011970163932977	1.4328482458234345e-06	4.748120558318255e-06	-0.0004299122288682	8.796885859997055e-08	7.73852008338161e-15	1.848245245304236e-07	-8.096833143368459e-05	-8.075727286535443e-05	6.555870695154996e-09	6.521737120649311e-09	0.0	0.0	0.0	0.0	0.0	0.0	0.0	0.0	0.0	0.0	0.0	0.0	0.0	0.0	0.0	0.0	0.0	0.0	0.0
846.2186025401129	-2.2223550198851854	4.938861834408883	716085.9232849416	842.6539376300315	-1.407905910326008	710065.658603397	1.982199052330905	807.413074730918	-1.1552198863241756	1.3345329857588413	651915.873246435	801.8555925789526	667.8367146727859	1.148982	20.723928	0.0993402630086928	0.0731756712548311	0.0697403459	0.0157306264	0.0394325311	0.0877205772	-0.0610340569	-0.0012731086	-0.1302483213	0.0423191325	0.0760052357	0.0256801789	0.0442918318	0.0627391157	0.0809327852	0.0670253013	0.0774540732	0.0378390295	-0.0419614289	0.0082221804	-0.1411868947	-0.0326826809	0.0658021528	0.1102648433	0.0372177205	0.0095079781	-0.0782463988	-0.0206533593	0.0238757242	-0.0106615967	0.085015076	0.0261109339	0.1338153384	0.0875194172	-0.0272340399	-0.0931925855	0.0269150291	-0.0965791799	0.0256365815	0.07351788	-0.0491087995	-0.0474657752	-0.027314686	-0.0292219109	0.0707561999	0.0463605635	-0.0026628491	-0.0570739473	0.0287543182	0.0264643973	0.0123401274	-0.0600551344	0.1234518934	0.0910995302	-0.0683817549	-0.0849098033	-0.074297986	-0.0554636502	0.0056037828	0.0248261629	-0.035321403	-0.0845453817	-0.0009764865	-0.0025233181	0.1513945356	0.0366380633	-0.0014153585	0.1234485208	0.1023760039	0.0698782481	0.0	0.0	0.0	-0.0012703497472301	5.480393049599988e-05	1.6137884802875792e-06	3.003470797810386e-09	-0.0113266296895915	-0.0706502076150172	0.0001282925401251	0.004991451836045	-0.1184509041653285	0.0163834019380005	0.0140306166975838	0.000268415859062	-0.0023440033878679	-0.0001649851322494	2.722009386338496e-08	5.4943518823361925e-06	-0.000429999690978	-8.74621097999846e-08	7.649620650664561e-15	1.848997342411755e-07	-1.0039352894013372e-06	7.996439614428325e-05	1.007886065305347e-12	6.3943046507198626e-09	0.0	0.0	0.0	0.0	0.0	0.0	0.0	0.0	0.0	0.0	0.0	0.0	0.0	0.0	0.0	0.0	0.0	0.0	0.0
844.9866962750359	-1.2319062650769863	1.5175930459359306	714002.5168817998	843.3341512818267	0.6802136517952704	711212.490718239	0.4626906120886573	807.33957413282	-0.0735005980980076	0.0054023379207648	651797.1879609631	802.1489536479368	659.0067273690282	1.096943	19.785315	0.0719551875363415	0.0436481897105419	0.0319859603	-0.0031356696	0.0182707455	0.0534381345	-0.0713215067	0.0036784683	-0.0426340539	0.1448645119	0.0599993798	0.0152237663	0.0223997422	0.0687503048	0.1187876453	0.03846084	0.0270656393	-0.026019314	-0.1192995206	-0.1294129908	0.023549103	-0.0226027129	-0.0864225322	0.0290538404	-0.0056254432	0.0307121829	-0.0736613695	0.1027677297	0.0127714297	-0.0063781303	0.0950419297	0.0623358808	0.0432550557	-0.0468805528	0.0617914912	-0.1694047891	-0.0082367418	0.0743315718	0.0353596847	0.0458596955	0.0779392775	0.0555542194	0.0049824549	-0.0099134342	0.1091306073	0.0486615592	0.0200073618	-0.0441829243	0.0077617159	0.070356053	-0.0667381704	0.0872731615	0.0111431819	-0.047751556	-0.0122739313	-0.0569625923	0.0727076462	0.0256207333	0.0797061362	0.0004135357	-0.0316977379	0.0796016139	0.1945644226	0.0556774607	0.1351834964	-0.0351372513	-0.0231768286	0.1222478479	0.0978633567	0.0607598083	0.0	0.0	0.0	0.0041150632901718	0.0053854130374019	1.6933745882119562e-05	2.9002673583418363e-05	-0.0115963834501258	-0.0002697537605342	0.0001344761091223	7.276709132239636e-08	-0.1524011687144622	-0.0339502645491336	0.0232261162255339	0.0011526204629561	-0.0021820006248603	0.0001620027630075	2.624489522209657e-08	4.7611267268907405e-06	-0.0009139987639752	-0.0004839990729972	2.3425510266214895e-07	8.353937405481934e-07	-1.997223070033909e-06	-9.932877806325718e-07	3.988899991475673e-12	9.866206151539802e-13	0.0	0.0	0.0	0.0	0.0	0.0	0.0	0.0	0.0	0.0	0.0	0.0	0.0	0.0	0.0	0.0	0.0	0.0	0.0
846.8170858641297	1.830389589093784	3.350326047862911	717099.1769114168	844.1081194670304	0.773968185203671	712518.5173501665	0.5990267517074641	807.3209453422808	-0.0186287905391964	0.0003470318369532	651767.1087883539	801.5595950886354	660.3288671842186	1.066387	19.234179	0.0496126195401902	0.0262672579081424	0.0433374523	0.0195615993	-0.0059424805	0.0476937256	-0.0397244514	0.0029826692	0.0449777665	0.0605986792	-0.1661545782	0.0248211532	0.0138608111	0.0850258971	0.1870661005	-0.1195235915	-0.0378146597	-0.0307944841	-0.0597673454	0.0499344875	-0.0866460759	0.0754297433	0.1018276762	0.0050294574	-0.0404713822	-0.0236050457	-0.0722056249	-0.0514916099	0.0225709493	-0.0065708789	0.1703450724	0.1364642367	-0.1133714652	-0.0417642478	0.0050896071	-0.0344721309	0.0264365212	-0.0780300472	-0.0702981173	-0.0429586937	-0.0581221717	-0.0066325347	-0.0483142773	-0.026746641	0.1134208225	0.024228897	-0.0112201332	0.0239420645	0.0126189554	0.0882886976	-0.0604344988	-0.0840860665	-0.0748432398	-0.1068646025	0.0541580816	-0.0952499082	0.0135636907	-0.0229416874	-0.0046611659	0.0748815717	-0.0373905645	0.062812231	-0.021372132	-0.0441303773	0.1605059502	0.0339876905	0.0475608544	0.120959041	0.0930685441	0.0512473178	0.0	0.0	0.0	-0.0015316847857604	-0.0056467480759322	2.3460582829298825e-06	3.1885763833044e-05	0.003938433914655	0.0155348173647807	1.551126170010471e-05	0.000241330550557	-0.1613727679401364	-0.0089715992256742	0.0260411702326611	8.048959266611838e-05	-0.0025630057588854	-0.000381005134025	1.451649121534843e-07	6.568998520079725e-06	-0.0009219984259118	-7.999661936600004e-06	6.399459109988693e-11	8.50081097383837e-07	-2.181524584394124e-06	-1.8430151436021504e-07	4.759049512315956e-12	3.3967048195468544e-14	0.0	0.0	0.0	0.0	0.0	0.0	0.0	0.0	0.0	0.0	0.0	0.0	0.0	0.0	0.0	0.0	0.0	0.0	0.0
846.3634908292807	-0.453595034848945	0.2057484556396156	716331.158608726	844.7366556361102	0.6285361690797799	713580.0173752801	0.3950577158414857	809.7405462979967	2.419600955715964	5.854468784901607	655679.7523189782	803.8731419191522	661.1129791471693	1.058797	19.09729	0.0766463486580416	0.0429774951260669	0.0672305256	0.0180241017	0.023971608	0.0387144907	-0.0606260138	0.0628146352	-0.0712091659	-0.0350879819	-0.1420204516	0.100507649	-0.0277025036	0.1164173899	0.0991660775	-0.0807657873	0.0712400227	0.0150045398	0.0479319021	0.0247849332	-0.0163617705	-0.1300675957	0.1129740943	0.0410082775	-0.0698412076	0.1086726112	-0.0654890535	0.0112625904	0.0893777928	-0.0489908281	0.1325018642	0.0423486869	-0.010410186	0.0408448164	-0.1413695836	0.0211052424	0.0097588117	0.0534835632	0.1084578202	0.1060379633	-0.035971491	0.0599853752	-0.1411032145	-0.0397409313	0.1123573428	0.0081280368	0.0377646871	-0.0140964102	-0.0112744036	0.1041816326	-0.0295443313	-0.0067257729	-0.0456338108	0.0521818428	0.0614700882	-0.0685455374	-0.0898791251	-0.011075791	-0.1247797442	0.0201243474	0.0699983831	0.0539211955	0.1341937124	0.0247642901	0.1441085508	0.0662661279	-0.0421835159	0.1195830294	0.0880053908	0.0414024687	0.0	0.0	0.0	0.0157435818866815	0.0172752666724418	0.0002478603706226	0.0002984348386039	-0.0216685061389938	-0.0256069400536488	0.0004695241582956	0.0006557153789111	-0.1648980335243237	-0.0035252655841872	0.0271913614601889	1.2427497439055296e-05	-0.0031670038999475	-0.0006039981410621	3.648137544064725e-07	1.0029913702282676e-05	-0.0009219974641343	9.617774999809076e-10	9.250159594695252e-19	8.500793238700798e-07	-2.959948700066717e-06	-7.784241156725928e-07	8.761296307026647e-12	6.059441038606582e-13	0.0	0.0	0.0	0.0	0.0	0.0	0.0	0.0	0.0	0.0	0.0	0.0	0.0	0.0	0.0	0.0	0.0	0.0	0.0
845.3887548487421	-0.9747359805386396	0.950110231756623	714682.1468247066	843.6705564415973	-1.0660991945128444	711780.0078064745	1.1365674925409357	810.1219380825871	0.3813917845903916	0.1454596933530436	656297.5545626872	805.5027504355221	656.6979721643592	1.185208	21.377337	0.2125343847843156	0.1296385744242095	0.0406323535	0.0911212555	0.062015733	0.0336912066	-0.1198240493	0.0769863435	-0.1218454056	-0.0482285607	-0.0191997403	0.0934577286	-0.1060078721	0.116949654	0.0322895806	-0.045772069	0.1246146932	0.0938458825	0.0586313257	-0.0598793153	-0.0516813182	-0.0691847284	-0.0691272177	0.1942558422	-0.1410168558	-0.0446771109	0.0282710241	-0.0094843257	0.0910286361	-0.144018963	0.1066081354	-0.0166038111	-0.0029615502	0.1168461929	-0.0416383984	-0.0770047107	-0.0261009673	0.0320867317	-0.0067149893	0.0827020183	0.1865017746	-0.027505486	-0.168624671	-0.0822363463	0.0323300415	-0.0144430362	-0.0197561799	0.0865376864	0.1186111743	0.1322776129	-0.061190184	0.0127424484	0.0539680209	-0.0290972443	-0.0606202215	0.0855615272	-0.0646042299	0.0364969227	0.1005584497	0.0467348264	0.0330449553	0.0037317073	-0.0420764187	0.0621147433	0.1779711065	0.2048006403	0.1132310501	0.118120805	0.0826884952	0.0312891088	0.0	0.0	0.0	0.0027567689306948	-0.0129868129559866	7.599774937244151e-06	0.0001686573107537	0.0700263563968661	0.0916948625358599	0.0049036905902209	0.0084079478154702	-0.1153977799022101	0.0495002536221135	0.0133166476063589	0.0024502751086535	-0.0043330139544651	-0.0011660100545176	1.3595794472361364e-06	1.8775009929589285e-05	-0.0009219959322734	1.5318609000638391e-09	2.3465978171443946e-18	8.50076499128696e-07	-3.997475728676012e-06	-1.0375270286092954e-06	1.5979812201353814e-11	1.0764623350948336e-12	0.0	0.0	0.0	0.0	0.0	0.0	0.0	0.0	0.0	0.0	0.0	0.0	0.0	0.0	0.0	0.0	0.0	0.0	0.0
850.5073148048622	5.118559956120066	26.199656024395853	723362.6925365769	857.7887191772461	14.118162735648752	735801.4867477403	199.32251903026108	814.5823250640908	4.460386981503689	19.895052024767587	663544.3643068201	811.190411881269	656.7297049081453	1.813734	32.713917	0.3056908411951908	0.1639292147205384	-0.0133456212	-0.0838249623	-0.0556755513	0.1390583021	-0.0913216514	-0.2385057438	-0.1327647775	-0.161078908	-0.023681453	0.232391987	-0.107297503	-0.077582981	-0.093188513	-0.2580584989	0.0180501233	0.1449522714	-0.0954254732	-0.0924431343	0.0214638866	0.0007670665	-0.1845779916	-0.0336909795	0.1128368592	0.0189981783	-0.0648458864	-0.0339226155	0.2469897309	-0.111232005	-0.1143754312	-0.0253989082	-0.1889917124	0.2268352668	0.0825009818	-0.1079522868	-0.0091249324	0.0354857705	0.0964589595	-0.0329931166	0.0979021528	-0.0265821333	0.1167300553	0.0339394498	-0.1023397263	-0.1569901606	-0.2390227284	0.197222195	-0.0555446133	0.1819361897	0.0616665896	0.0335606379	0.1179825	-0.0442723833	0.1337148504	0.1157508544	0.1250282103	-0.12195627	-0.0954884925	-0.1103546157	0.0498922673	-0.0103917646	0.1550704266	-0.0946395148	0.2493592253	-0.1628029721	0.0823533799	0.1165734221	0.0771331872	0.020972827	0.0	0.0	0.0	-0.0348021303395995	-0.0375588992702943	0.0012111882761744	0.0014106709143961	0.1042241533676389	0.0341977969707728	0.0108626741452011	0.0011694893176541	0.0208258050100198	0.1362235849122299	0.0004337141543153	0.0185568650863395	-0.0043701063083416	-3.7092353876500006e-05	1.375842716099505e-09	1.909782914620705e-05	0.0007519811966938	0.0016739771289671	2.802199428305269e-06	5.654757201810396e-07	0.0002391442422655	0.0002431417179941	5.718996860874017e-08	5.9117895029159424e-08	1.0	0.0	0.0	0.0	0.0	0.0	0.0	0.0	0.0	0.0	0.0	0.0	0.0	0.0	0.0	0.0	0.0	0.0	0.0
853.2306044729891	2.723289668126881	7.416306616526619	728002.4644093423	851.596181123153	-6.19253805409312	725216.055703538	38.34752755139141	817.5397862358045	2.957461171713703	8.74657658219419	668371.3020784849	813.4811029983779	662.7519924683382	1.824788	32.913296	0.454832674650621	0.3459376842779121	0.0203256993	-0.174792821	-0.1875631165	0.2000769972	0.0541609823	-0.183749737	-0.1217543051	-0.1997058993	-0.1718397657	0.3373663032	-0.0223954262	-0.2093293843	-0.1091547646	-0.1009937695	-0.0104844369	0.0993146406	-0.067436607	0.1750554367	0.0211462784	0.1244555262	0.1875580662	0.0482341228	0.0904463311	-0.1141168061	-0.0844558786	-0.060772385	0.3580681359	0.0097796378	-0.1751057025	0.0281246301	-0.0739696909	0.1642405377	0.0178986932	0.0606771436	0.1127290659	-0.0827574423	-0.1769415074	-0.0803052012	-0.2658558052	-0.0780089463	-0.0262494378	0.129821735	-0.1045231008	-0.4649109179	0.0290228205	-0.0253652081	-0.2199232782	0.1378541335	0.27570248	-0.1157086696	0.1434040174	-0.252373745	-0.095909005	-0.1134841636	-0.3167563675	0.1720429073	0.1414340843	0.1642961036	0.2306072703	0.1739054021	0.1268256091	0.0836603711	-0.1337318731	-0.1447573084	-0.0892609373	0.1149419962	0.0713554843	0.0105205283	0.0	0.0	0.0	-0.0337133697990452	0.0010887605405543	0.0011365913032071	1.1853995146680998e-06	-0.2359492716407345	-0.3401734250083734	0.0556720587877931	0.1157179590819274	-0.0075504601591234	-0.0283762651691432	5.700944861450977e-05	0.0008052124249495	-0.0039280749625846	0.000442031345757	1.953917106317446e-07	1.5429772911684007e-05	0.0015000288590487	0.0007480476623549	5.595753051546305e-07	2.250086577978945e-06	0.0007529497128046	0.0005138054705391	5.669332700125296e-07	2.639960615559059e-07	0.0	1.0	0.0	0.0	0.0	0.0	0.0	0.0	0.0	0.0	0.0	0.0	0.0	0.0	0.0	0.0	0.0	0.0	0.0
850.3208776023622	-2.909726870626855	8.466510461647951	723045.5948864515	846.4844562696373	-5.111724853515625	716535.9347061036	26.129730978049334	809.2289531858025	-8.310833050001975	69.06994598500512	654851.4986741898	804.7660993931657	691.0480845461609	2.284629	41.207336	0.1968702399123129	0.1117828463448312	0.0899072901	-0.0410925154	0.1848823669	0.0783631399	-0.1340636515	0.0387118739	0.0827723017	0.0285314429	0.0403207025	0.0661830606	-0.1205637634	-0.0692367311	-0.0652497848	0.1417576932	-0.4555749877	0.0910471492	0.0064874249	0.1159176771	0.069782361	-0.0972166702	0.1122515304	0.1929078572	-0.0784399085	-0.1456030441	0.0133250608	0.0343421959	0.0760888298	-0.107434429	-0.0668427094	-0.0656162232	0.0397371995	-0.1282007178	0.3298042418	0.2348856438	-0.1218181702	0.0203235715	-0.0572125632	0.2364540292	-0.2364807395	-0.0717185533	-0.2178325273	0.0710245049	-0.1332866357	-0.2692120484	0.1756400073	0.0563000797	0.2748637699	-0.2964241584	0.1594318656	0.0973508325	0.19112769	-0.168094866	-0.1184101015	0.0060920184	-0.1241093771	-0.0588046859	-0.05755783	-0.0644997004	-0.1273705683	0.0648705128	-0.3670229906	-0.1260637588	0.1097563981	0.2360509009	0.1402726472	0.1132277034	0.065372045	-0.0	0.0	0.0	0.0	-0.0317892029139841	0.001924166885061	0.0010105534219064	3.702418201565732e-06	-0.1416468240526995	0.094302447588035	0.0200638227642164	0.008892951621094	0.00173610209292	0.0092865622520434	3.014050477041204e-06	8.624023846107738e-05	-0.0038500280093156	7.804695326899978e-05	6.0913269145734365e-09	1.4822715672514642e-05	0.0025059973512728	0.0010059684922241	1.0119726073476294e-06	6.28002272458629e-06	9.823894554231856e-06	-0.0007431258182503	9.650890421266631e-11	5.522359817502792e-07	0.0	0.0	1.0	0.0	0.0	0.0	0.0	0.0	0.0	0.0	0.0	0.0	0.0	0.0	0.0	0.0	0.0	0.0	0.0
838.4770866835887	-11.843790918773491	140.27538332762146	703043.8248933983	839.7471657352171	-6.737290534420254	705175.3023603301	45.391083745188745	805.2475164430417	-3.981436742760821	15.851838536605891	648423.5627376868	801.0769233315677	658.4690157230609	1.854923	33.456818	0.2570045125655442	0.1445785119509217	-0.0316754605	-0.0529790226	0.3345741169	-0.0587302364	-0.2398778839	-0.1159218789	0.2630448788	-0.0984221068	0.1231358886	-0.0840315354	-0.260559324	0.0117545307	-0.0465415805	0.0523988103	-0.0796584789	0.0366412472	0.0282828613	-0.0342436959	-0.0276896976	0.0528050451	-0.1594788893	-0.0469405427	-0.2679251959	-0.0136750494	0.2308023687	0.0982377565	-0.0632868554	-0.2441616965	-0.0598703128	-0.0759740514	-0.0017747998	-0.070035175	0.1198358026	0.0700052936	-0.0299293139	-0.047908088	-0.0515177249	0.00032874	0.1559204326	0.0319828394	-0.0359189145	0.0615662774	-0.0850220799	-0.014243803	0.1450375606	0.1170739237	0.1370893743	-0.0800255723	0.2068165658	0.1219519454	0.0441076693	-0.012306374	-0.0130405932	0.0610658604	0.1552444592	-0.2981916752	-0.2389678127	-0.0753589134	0.1537199803	0.0840674166	0.0255342641	-0.063161233	-0.0609274241	-0.1420500562	-0.1151175084	0.1114317798	0.0592001213	-0.0105205283	0.0	0.0	0.0	-0.0210803433666058	0.0107088595473783	0.000444380876454	0.0001146796728054	-0.0227509239372807	0.1188959001154187	0.0005176045399999	0.0141362350642556	0.0112649306488492	0.0095288285559292	0.0001268986625233	9.079857364829176e-05	-0.0028890407682555	0.0009609872410601	9.234964774803032e-07	8.34655656064233e-06	0.0011609186541332	-0.0013450786971396	1.809236701498764e-06	1.3477321215144406e-06	6.117644329088992e-05	5.135254873665806e-05	3.74255721372347e-09	2.637084261750841e-09	0.0	0.0	0.0	1.0	0.0	0.0	0.0	0.0	0.0	0.0	0.0	0.0	0.0	0.0	0.0	0.0	0.0	0.0	0.0
828.1986763164068	-10.278410367181891	105.64571967619216	685913.0474522484	833.0552123802296	-6.691953354987504	693980.9868738694	44.782239705328514	803.3464799466551	-1.901036496386609	3.613939760593876	645365.5668426815	799.6213772531283	594.6354882435132	1.764243	31.821245	0.1694161805374599	0.0896693213876417	-0.2081786524	0.0635990308	0.1774700187	-0.1705936612	-0.1995938261	-0.0990980814	0.0474110316	0.058854792	0.1485247194	-0.1386965679	-0.1893198257	-0.0262288519	-0.029228431	-0.1070590283	0.0199665788	0.1435866897	-0.0555572115	0.0462516682	0.0937188283	-0.0472300894	-0.0512989531	0.1611956164	-0.150545916	-0.2058697156	-0.0438701146	-0.0127380072	-0.1286916349	-0.2124236705	-0.0682069491	-0.0246477836	-0.0887319379	0.1329603225	0.0887802894	-0.0683915027	0.0652825447	0.1052008749	-0.1117924131	-0.0335349805	0.0302789935	-0.2571287328	-0.2127162177	0.0254374657	-0.1179476296	0.0358121518	0.2120856938	0.1117028069	-0.0374070868	-0.0629631105	0.1653020634	0.1613861075	0.0180102894	-0.0064642627	-0.0795396369	-0.0003707773	0.113014635	-0.0565687722	-0.0612188853	0.0522254999	-0.063637187	-0.0403042036	0.0737354483	0.0972300803	0.0411256112	-0.0020328678	0.1561003683	0.10955552	0.0528575082	-0.020972827	0.0	0.0	0.0	-0.0010296135251195	0.0200507298414863	1.060104011109003e-06	0.0004020317671762	-0.0933381069336576	-0.0705871829963769	0.0087120022059589	0.004982550403364	0.0505837050561126	0.0393187744072634	0.0025587112172037	0.0015459660208892	-0.0030340080456251	-0.0001449672773696	2.1015511507954575e-08	9.20520482091784e-06	0.0005759986799802	-0.000584919974153	3.4213137616314624e-07	3.317744793389328e-07	1.873828966824113e-06	-5.93026143240658e-05	3.511234996909123e-12	3.516800065668894e-09	0.0	0.0	0.0	0.0	1.0	0.0	0.0	0.0	0.0	0.0	0.0	0.0	0.0	0.0	0.0	0.0	0.0	0.0	0.0
827.9056295309123	-0.2930467854945391	0.0858764184886824	685427.7314089761	816.0625672271286	-16.992645153100966	665958.1136293318	288.74998929920577	803.4910086761436	0.1445287294884565	0.0208885536475474	645597.8010234066	797.4652172541214	559.4500034496349	1.325296	23.904062	0.2317265719760562	0.1379803072417138	-0.2711325449	0.1138915186	-0.0281188534	-0.2545823078	0.0298750486	-0.0912041919	-0.0013858305	0.0285170985	-0.0172505358	-0.1383890256	-0.0373379932	-0.0399100403	-0.1019348979	-0.1699481562	-0.0377122938	0.0397212037	-0.1237459844	0.157205597	0.114516895	0.0482800754	-0.0456392385	0.0399147374	-0.0329773226	0.098879978	-0.0385112321	0.0566533254	-0.1419683543	-0.0309149289	-0.0738080187	-0.0448833682	-0.1902318006	0.0783097841	0.0780633598	0.0705364644	0.2111882961	0.0923996848	-0.0505212535	-0.0424701586	-0.0025740574	-0.0369793791	-0.0322989532	-0.0283274685	-0.1858683225	0.0507895312	0.1451664886	0.1278719583	-0.1723019841	-0.0325571453	0.0658688017	0.1353650979	-0.1930775201	-0.0271843794	0.0815718973	0.1188071371	0.1176159422	0.0220109273	0.0084314375	0.0556942672	-0.0039714174	0.0328636588	0.0888888253	0.0758851287	0.0078182472	-0.0317937228	-0.0166443902	0.1076002767	0.0463624933	-0.0312891088	0.0	0.0	0.0	-0.0061898471631423	-0.0051602336380228	3.831420790306078e-05	2.662801119898202e-05	-0.0337579752571457	0.0595801316765119	0.001139600893462	0.0035497920905904	0.1116258447296729	0.0610421396735602	0.012460329211613	0.0037261428159264	-0.0047529726184437	-0.0017189645728186	2.9548392026054327e-06	2.2590748711675563e-05	0.0003950180199592	-0.0001809806600209	3.275399930163677e-08	1.5603923609248697e-07	-0.0002170622779528	-0.0002189361069196	4.711603251005861e-08	4.7933018913121094e-08	0.0	0.0	0.0	0.0	0.0	0.0	0.0	0.0	0.0	0.0	0.0	0.0	0.0	0.0	0.0	0.0	0.0	0.0	0.0
833.5710420629352	5.66541253202297	32.09689915800291	694840.6821658878	823.1326678732167	7.070100646088122	677547.3889200793	49.98632314581568	804.6570477612894	1.166039085145826	1.3596471480877148	647472.964511914	798.787492189569	572.1632790692605	1.254212	22.621935	0.1283277925835841	0.0828128675545718	-0.2005073477	0.1129770928	-0.1040396164	-0.1818365331	0.0643424671	-0.1332837066	-0.0447388655	0.0442682903	-0.0632850421	-0.0801425475	0.053191288	-0.0950008405	-0.0394982163	-0.0617387828	-0.042141206	0.1005026524	-0.0973320214	0.2213142486	0.0454276576	-0.1365212782	0.0036512911	0.1355814776	0.0003159432	-0.0523018293	0.0729285952	0.158054961	-0.0839137477	0.0491222239	-0.0612301794	0.0185993947	-0.0561942833	0.1258749892	0.0442956486	0.1284563831	0.1218791888	0.0773177159	-0.014760776	0.2297578071	-0.0936552572	-0.1457874474	-0.1271171245	-0.015481711	-0.1327093536	-0.0011608472	0.122376544	0.184508448	-0.159051617	-0.1658076856	0.058961701	-0.0247989208	-0.0100338764	0.0901622928	0.0372149388	0.0073582511	0.0810484856	0.0750555348	0.0440804893	0.0860388955	-0.0350619684	-0.0761115247	-0.0814253497	0.1092529342	0.0153708435	0.108519686	-0.085993271	0.1055674596	0.0397338033	-0.0414024687	0.0	0.0	0.0	-0.0142583274680134	-0.0080684803048711	0.0002032999021851	6.510037443009284e-05	-0.0508209500911505	-0.0170629748340047	0.0025827689681672	0.0002911451101858	0.0389206862636797	-0.0727051584659932	0.0015148198192357	0.0052860400675651	-0.0044059174298534	0.0003470551885903	1.2044730392744889e-07	1.941210839868599e-05	0.0004728879659245	7.786994596530001e-05	6.063728484638743e-09	2.236230283162111e-07	-0.0004019607229715	-0.0001848984450186	1.6157242281177097e-07	3.4187434970333224e-08	0.0	0.0	0.0	0.0	0.0	0.0	0.0	0.0	0.0	0.0	0.0	0.0	0.0	0.0	0.0	0.0	0.0	0.0	0.0
838.4939735334866	4.922931470551362	24.23525426374499	703072.1436519753	820.0971445829972	-3.035523290219544	672559.3265531855	9.214401645465284	806.0325129701646	1.3754652088751982	1.8919045408260928	649688.4119649986	799.4523104845467	604.3909446894054	1.254138	22.620598	0.0531546772515797	0.0277205845026244	-0.1067965866	0.0737368899	-0.0590153746	-0.1200312129	0.0793529031	-0.0275320612	0.0601564251	0.0334375675	-0.077045641	-0.0473553181	0.0290154036	-0.0544301911	-0.0459194652	-0.0360065055	-0.0680697062	-0.0464151303	-0.1091159142	0.0813614796	0.0684859094	-0.0854440478	-0.1045246592	0.0650279846	-0.0814043974	0.0889094831	0.1443730932	0.0367809216	-0.0552009143	0.054979382	-0.0497058197	-0.0150376078	-0.0968650674	-0.0572506697	0.0767197972	0.0622477905	0.1077156332	0.0995680869	0.0068976531	0.1527144021	0.0323338679	-0.0231669473	-0.0381241937	-0.0270325896	-0.1040920372	0.0033585762	0.0834749445	0.0939346464	-0.0930436385	-0.1628077675	-0.0250258025	0.1502392451	-0.1047745391	-0.0124986972	0.0744822795	0.0577812217	0.150130591	0.0412823393	0.0959894878	0.036979272	-0.0010367715	-0.018349921	-0.0438755004	0.0555529536	0.0278556711	-0.0898598769	-0.0952556173	0.1034585342	0.0329905505	-0.0512473178	0.0	0.0	0.0	0.0006460358132329	0.0149043632812463	4.173622719794944e-07	0.0002221400448193	-0.0454831326367326	0.0053378174544179	0.0020687153544506	2.84922951766884e-05	0.0181521586724642	-0.0207685275912155	0.0003295008644703	0.000431331738307	-0.004342953358388	6.296407146539999e-05	3.9644742954999975e-09	1.886124387313361e-05	0.0002938761648223	-0.0001790118011022	3.2045224933853625e-08	8.636320025066365e-08	-0.0004028642288979	-9.035059264000184e-07	1.6229958692549956e-07	8.163229590399557e-13	0.0	0.0	0.0	0.0	0.0	0.0	0.0	0.0	0.0	0.0	0.0	0.0	0.0	0.0	0.0	0.0	0.0	0.0	0.0
841.6215019614508	3.1275284279641937	9.78143406772418	708326.7525638484	824.0464343195376	3.949289736540436	679052.525914744	15.596889423143626	807.2431041906568	1.210591220492233	1.465531103132875	651641.4292633677	801.1952346478479	628.2959094577366	1.12088	20.217058	0.2152851114537781	0.1284795765394479	-0.0644263739	0.08285283	-0.059171594	-0.0829479792	0.1569719487	0.0097125762	0.1040445627	-0.1359100812	-0.0462985741	-0.0089623422	0.086469735	-0.073894536	-0.1203376597	-0.1196285315	-0.0433598231	-0.0579438988	-4.68606e-05	0.0334603106	0.1604375315	-0.0587390928	-0.0493398911	-0.0967413911	-0.0157589731	-0.0151471918	0.0225425834	-0.0663340514	-0.0128569706	0.1060202312	-0.0775770198	-0.0682832504	-0.1719429417	-0.0077400082	0.0175212706	0.0624858926	0.016186319	0.1155454776	-0.0157652861	-0.0401100738	0.0031936455	-0.0668495548	0.0225158918	-0.0713605852	-0.1674006138	-0.0311921421	-0.0334437313	0.0965978727	-0.0261229367	-0.0993460558	-0.0378167126	0.0016728852	-0.1096193171	0.0566828315	0.1561389808	0.1221272951	0.0801524461	0.120412814	0.0527802318	0.0723485923	-0.0260022052	-0.0662435732	-0.103026318	0.0239979748	-0.0194867142	-0.1307945931	0.1195053194	0.1012750209	0.0261521773	-0.0607598083	0.0	0.0	0.0	-0.005684871398131	-0.0063309072113639	3.231776281328791e-05	4.008038611889943e-05	0.036832966769623	0.0823160994063555	0.0013566674410521	0.006775940221477	0.0611797727858629	0.0430276141133987	0.0037429645981298	0.0018513755762915	-0.0057720111127822	-0.0014290577543942	2.042206065394193e-06	3.331611228608121e-05	0.0001254488616322	-0.0001684273031901	2.8367756459889873e-08	1.5737416884814863e-08	-0.000328139472029	7.472475686889999e-05	1.076755131034709e-07	5.583789289116216e-09	0.0	0.0	0.0	0.0	0.0	0.0	0.0	0.0	0.0	0.0	0.0	0.0	0.0	0.0	0.0	0.0	0.0	0.0	0.0
845.4044875557048	3.7829855942540007	14.310980006333295	714708.7475793238	829.0098209104676	4.963386590929986	687257.2831660056	24.635206451023585	807.6542853582012	0.4111811675443277	0.1690699525431165	652305.4446574666	800.1378188311044	634.9139113067299	1.217333	21.956768	0.1776903560511242	0.123706675155508	-0.0047591546	0.0373113892	-0.1506867797	0.0044079943	0.1493721037	0.0536739127	0.0498769323	-0.0844556551	-0.0046302481	-0.0104863427	0.078411466	-0.0324346266	-0.1566734875	0.1464218341	-0.0139036212	-0.0821748313	0.1230947826	0.2945071501	0.0058854759	0.0593137819	-0.1557752957	-0.0851174653	0.008515267	0.0873736487	0.1283079573	-0.0497157319	-0.0213005448	0.1171872418	-0.052546871	-0.1197496779	0.0573815598	-0.0818364342	-0.0794295506	0.2817472306	0.1368216411	-0.0924034478	-0.0076961721	0.0331695933	0.1454159262	-0.1636823914	0.1771584992	-0.0541975921	-0.1023423729	-0.0656511835	0.0501127074	-0.0009309839	-0.0751933424	-0.2121170925	-0.0173439974	-0.1146309336	-0.1996017887	0.0296763009	0.0969438106	0.0850494875	-0.0451375577	0.0309718046	0.0741068826	-0.0266011574	0.1113957874	-0.1367684074	0.0506680756	-0.0475047144	-0.0673926054	0.0680437705	-0.1710390043	0.0990184939	0.0192384007	-0.0698782481	0.0	0.0	0.0	0.0063722998936839	0.0120571712918149	4.060620593504384e-05	0.0001453753795601	-0.0812300310684577	-0.1180629978380807	0.0065983179473826	0.0139388714585146	0.0356331746647242	-0.0255465981211387	0.0012697231366867	0.0006526286755629	-0.0054909842762066	0.0002810268365755	7.897608287568886e-08	3.015090832154812e-05	0.0002101074668259	8.465860519369999e-05	7.167079433342767e-09	4.414514761599667e-08	-0.0004029258062615	-7.478633423249999e-05	1.6234920535147986e-07	5.5929957879352005e-09	0.0	0.0	0.0	0.0	0.0	0.0	0.0	0.0	0.0	0.0	0.0	0.0	0.0	0.0	0.0	0.0	0.0	0.0	0.0
848.1646781314611	2.760190575756269	7.6186520144937235	719383.3212298449	833.2952374997346	4.285416589267015	694380.9528397392	18.36479534356494	807.6542172656126	-6.80925885490069e-05	4.636600615304346e-09	652305.3346669293	801.4293050927631	658.2653074161981	1.277438	23.040863	0.2122646669010164	0.1399869871872511	0.05009916	0.0287634522	-0.1008184431	0.0969684232	0.1431870051	-0.0265692575	-0.0967316747	-0.1030934993	0.1529793117	0.0030987162	0.140406201	-0.0639520107	-0.1808410214	0.0911023693	-0.0332767767	0.1154562442	0.0983123299	0.1302863657	-0.0439293563	-0.1306177023	-0.0640210819	0.0411449374	0.1799674339	0.0595597779	0.156141561	-0.1665358691	0.0007815195	0.1528147438	-0.0977606825	-0.1433144669	0.098837963	0.1180949738	0.0133650901	0.2043922694	-0.0507974589	-0.0409250492	0.1549151808	0.0606123145	-0.0345031784	-0.228277833	0.1907104535	-0.0606912223	-0.172959726	-0.0922402708	-0.1052632121	0.0313370413	0.028517253	-0.2195723716	0.0208228049	-0.1106087442	0.0833213276	0.2725580094	0.1844916291	-0.0398841698	5.39405e-05	0.1262232499	0.0069841611	-0.0412307227	-0.0358707671	-0.0382735123	0.0641795601	-0.0728929486	0.035110687	-0.0944956661	0.0045409607	0.0966905801	0.0122691548	-0.0785435007	0.0	0.0	0.0	-0.00073259763316	-0.0071048975268439	5.366992921116339e-07	5.047956886695256e-05	0.04632795832552	0.1275579893939777	0.0021462797226111	0.0162710406582341	0.086395199588324	0.0507620249235998	0.0074641305119063	0.0025767831743441	-0.0057634402320661	-0.0002724559558594	7.423224788331361e-08	3.321724330859814e-05	0.0004731603199474	0.0002630528531215	6.919680353536145e-08	2.2388068837272594e-07	-0.0004016395141106	1.286292150900017e-06	1.6131429929499885e-07	1.654547497466992e-12	0.0	0.0	0.0	0.0	0.0	0.0	0.0	0.0	0.0	0.0	0.0	0.0	0.0	0.0	0.0	0.0	0.0	0.0	0.0
848.4426613372033	0.2779832057422027	0.0772746626747118	719854.9495769562	826.3535689201908	-6.94166857954383	682860.2208671365	48.18676266822605	808.4518386860209	0.7976214204082908	0.6361999302941393	653594.3754748079	801.8474924249164	681.638248361567	1.58228	28.539234	0.3296759525934303	0.2607155526544902	0.1020915046	0.0442483768	-0.0469701092	0.0323461502	0.1078315745	0.0616231684	0.0790589664	0.1422991088	0.0093084287	0.024977397	0.0716385151	0.0751564511	-0.0713250753	0.0003267819	-0.1612506631	0.0494042687	0.131299757	-0.1172669831	0.0296034859	-0.0219485485	-0.1297258314	0.2143569826	0.0844882967	0.0792270647	-0.1707887792	0.042984962	0.0246101779	0.0794384641	0.0442118241	-0.0739113826	0.0144854966	-0.044212262	0.139927294	0.1208224054	-0.1218445473	-0.0202027673	0.0535136172	-0.0161037433	0.178946114	0.0103963974	-0.2561925062	-0.0917643872	-0.0018202909	-0.0926314984	-0.041272309	0.0242096666	0.0673442351	-0.0460375492	-0.3451706552	0.1741518453	0.0116082706	-0.0822119768	-0.0868556006	-0.171237039	-0.0720660609	0.0398705313	0.0469522358	0.1647299975	0.0298416892	-0.0452842264	0.1408273274	0.1938359812	0.0096762967	-0.1628968542	-0.0974638299	0.0942929578	0.0052645337	-0.0866993686	0.0	0.0	0.0	0.0018550152538807	0.0025876128870407	3.441081592130078e-06	6.695740453179106e-06	0.035045772430692	-0.011282185894828	0.0012282061652638	0.0001272877185654	-0.1758301265717392	-0.2622253261600632	0.0309162334102338	0.0687621216797515	-0.0059700414486256	-0.0002066012165595	4.26840626838655e-08	3.564139489830765e-05	4.0906694561027024e-05	-0.0004322536253863	1.8684319665966285e-07	1.6733576599091576e-09	3.112219697349412e-05	0.000432761711084	9.685911444569666e-10	1.8728269858043294e-07	0.0	0.0	0.0	0.0	0.0	1.0	0.0	0.0	0.0	0.0	0.0	0.0	0.0	0.0	0.0	0.0	0.0	0.0	0.0
850.1558025386653	1.7131412014620082	2.934852776146693	722764.888590162	833.0431189053301	6.689549985139252	693960.8379555199	44.75007900367656	809.0061914620891	0.5543527760681854	0.3073070003345037	654491.0178239943	802.8784154213081	681.3124760453419	1.534013	27.668652	0.2532048251666905	0.177470655885663	0.1064595293	0.0737585879	-0.0235330445	0.0500095747	0.1039541818	0.1515903186	0.1482726712	-0.0464135728	0.0238957986	0.0203941067	0.0294450336	0.1143413987	-0.1298777537	-0.0678639119	-0.0680492573	-0.1310774237	0.1372377407	0.0489842349	0.0526490459	0.1195789812	-0.1811003086	-0.0763889364	0.0823264399	-0.0650900935	0.129012565	0.0159643365	0.0174024427	0.044276466	0.0656660698	-0.1632966915	-0.1568480158	-0.1343722989	-0.0401190068	0.1147252513	-0.0924009608	0.0461660058	-0.0647300537	-0.0179210968	0.1102010706	-0.1262862854	0.119836531	-0.11626076	-0.0488482173	-0.1099488207	-0.0109513439	0.0226526657	0.0745379048	-0.000990187	-0.1306299052	-0.2419901676	-0.2609602053	-0.2205491645	0.1132677959	0.1606836531	-0.0098495226	-0.1054489762	0.0691682246	-0.0958134458	-0.0731963311	0.0338318187	0.1309391175	-0.0966488153	0.0160038032	0.1509063297	0.1794977543	0.0918273554	-0.0017552664	-0.0942929578	0.0	0.0	0.0	-0.0010513334855914	-0.0029063487394721	1.1053020979257625e-06	8.446862995431066e-06	0.0180075275801812	-0.0170382448505107	0.0003242710495509	0.0002903017875859	-0.0303780755816092	0.1454520509901299	0.0009228274760419	0.0211562991372353	-0.0072500721494593	-0.0012800307008336	1.6384785950768128e-06	5.256354617236539e-05	-0.0003538213886564	-0.0003947280832174	1.55810259680504e-07	1.2518957507074328e-07	-5.028263070693201e-05	-8.140482768042613e-05	2.528342950809702e-09	6.626745969679872e-09	0.0	0.0	0.0	0.0	0.0	0.0	1.0	0.0	0.0	0.0	0.0	0.0	0.0	0.0	0.0	0.0	0.0	0.0	0.0
846.955822129508	-3.19998040915732	10.239874618990648	717334.1646390707	821.3513905621957	-11.6917283431344	674618.1067784525	136.69651164965228	807.1530465073931	-1.8531449546959493	3.434146223115052	651496.0404861659	800.1409456544003	667.109079764308	1.611052	29.058178	0.1607134108507898	0.0825720523142196	0.0739505379	0.0617090899	-0.0315311023	-0.0132568809	0.1622619972	0.0931567484	-0.0819316079	-0.1685619122	0.0525424929	-0.0247227068	0.0830313621	0.0456791674	-0.1837737444	0.0432539177	0.0072918188	-0.0508940397	-0.0351782526	0.0466830736	0.0990889552	-0.1463145661	0.0302806986	-0.1680872112	0.3131565475	0.0744310284	0.0122717207	0.1467705368	-0.0313239365	0.1010309086	-0.0436254329	-0.1826239711	0.0574344411	0.0097489799	-0.080248315	0.0504696534	0.0006431975	0.0367012806	0.3071985532	-0.077434705	-0.1902070264	-0.045291998	0.2218282169	-0.0919585236	-0.114275307	-0.0938843219	-0.0704393335	-0.082680704	-0.0028146614	-0.1056947189	-0.016091728	-0.1156689623	0.0239782904	0.2441743134	0.2305849174	-0.1179963742	-0.1171423461	0.0088832325	-0.1399497798	-0.1018101722	-0.0529080263	0.1379988742	0.228333428	-0.0675035757	0.1206361584	-0.1659895379	0.0458623204	0.0892955505	-0.0087700056	-0.1012750209	0.0	0.0	0.0	-0.0009133694186402	0.0001379640669511	8.342436949071369e-07	1.903408376971519e-08	-0.0193616237845475	-0.0373691513647287	0.0003748724755743	0.00139645347372	-0.0127448813621526	0.0176331942194566	0.0001624320009353	0.000310929538381	-0.0059615112294641	0.0012885609199952	1.6603892445388764e-06	3.553961613902656e-05	0.0001157029013569	0.0004695242900133	2.204530589124935e-07	1.3387161382404533e-08	-0.0004036594446915	-0.0003533768139845	1.6294094728865016e-07	1.2487517266188396e-07	0.0	0.0	0.0	0.0	0.0	0.0	0.0	1.0	0.0	0.0	0.0	0.0	0.0	0.0	0.0	0.0	0.0	0.0	0.0
845.7441055176954	-1.2117166118125624	1.468257147342516	715283.0920179267	830.3433735059655	8.991982943769813	689470.1179252673	80.85575726104723	806.7792175758294	-0.3738289315637075	0.1397480700740631	650892.7059122676	800.5492035946603	672.9356960583758	1.470841	26.529221	0.1793524026531862	0.0902515776238128	0.0927294757	0.0845424781	0.0446320812	0.0165908894	0.0002172045	0.1779728177	-0.0458484748	0.0089305413	0.0968802485	-0.0522257714	0.0115785585	0.0865581996	-0.0675349867	0.12602967	-0.1430571053	0.1140913889	0.1260827067	-0.0124481913	-0.0337071855	0.0420308612	0.0826794049	-0.1199373898	-0.1083600223	-0.108798598	-0.0921539526	0.0003643743	-0.0512250691	0.0076120051	0.0697397379	-0.0896903257	0.1250839502	0.0378188546	0.1174986284	0.1062501472	0.0112896751	-0.165511285	-0.092059213	-0.2556767059	-0.0266565956	0.1792845707	-0.2005612986	-0.1096701887	-0.0330802917	-0.0788849721	0.0577049797	0.0006642209	0.1119813233	-0.0283244145	-0.1585554201	-0.0532403235	0.0130334785	0.0800450698	-0.007678253	-0.0723757223	-0.0056960948	0.0266742481	0.041351792	0.0111197129	-0.0280643977	0.0248492983	0.1397715468	0.1291802677	-0.0823511722	0.1332508386	0.0035789739	0.0866993686	-0.0157594586	-0.1076002767	0.0	0.0	0.0	0.016331263280648	0.0172446326992882	0.0002667101603418	0.0002973773569333	0.025954607483257	0.0453162312678045	0.0006736416496099	0.0020535608163171	-0.089545702598258	-0.0768008212361054	0.0080184328538156	0.0058983661425402	-0.0065350539623417	-0.0005735427328776	3.289512664367065e-07	4.270693029071796e-05	-1.997749347926181e-05	-0.0001356803948361	1.8409169542896765e-08	3.9910024571394807e-10	-0.0003130682234055	9.0591221286e-05	9.801171250627607e-08	8.206769374089019e-09	0.0	0.0	0.0	0.0	0.0	0.0	0.0	0.0	0.0	0.0	0.0	0.0	0.0	0.0	0.0	0.0	0.0	0.0	0.0
846.0071847030914	0.263079185396009	0.0692106577886277	715728.1565692506	838.2417817046677	7.898408198702214	702649.2845954158	62.38485207332635	809.6625630670763	2.883345491246928	8.313681221893988	655553.4660323474	804.8033073037358	668.8063122397256	1.510737	27.248823	0.2219315246218558	0.1239488628160477	0.0378416336	0.0279054802	0.0863264439	0.0009483361	-0.0958755034	0.0669487494	0.0439907113	-0.0840314867	-0.0074325754	0.0418212933	-0.0916385187	0.0942982032	-0.0045670242	-0.0200697306	-0.1969670416	-0.0240668817	0.0318745592	-0.0830062149	-0.3983686749	-0.3485457914	0.0978944348	-0.0220476938	0.0223001194	0.0231481875	0.0834847259	0.1174022279	0.0441089523	-0.0955372569	0.0550222027	-0.0423330563	-0.0529862247	-0.0077561996	0.1034688818	-0.0752037598	-0.1518933935	-0.3783365951	0.3023132176	0.2501581149	-0.0911547722	0.0928462055	-0.0781464579	-0.0167239392	0.0587199643	-0.026636161	-0.013591521	0.1426890727	0.0483057264	0.0091061379	-0.1032459725	-0.1396344556	-0.0113439379	0.1795610998	0.0039739196	-0.2944589314	0.1756568025	-0.1254108631	-0.0632959067	0.0539299654	-0.1659213916	0.0784664282	-0.1113564228	0.2394509996	-0.0403738706	0.1358444867	-0.0069452337	0.0840406812	-0.022703473	-0.1132277034	0.0	0.0	0.0	-0.0116369654296022	-0.0279682287102502	0.0001354189644097	0.0007822218171888	0.0640456480269051	0.0380910405436481	0.0041018450311862	0.0014509273696978	-0.1325091582451136	-0.0429634556468556	0.0175586770188285	0.0018458585211193	-0.0046890323650051	0.0018460215973366	3.4077957378331724e-06	2.198702452006532e-05	-0.0002596724827319	-0.0002396949892526	5.745368787282234e-08	6.742979828814889e-08	-0.0001406088155727	0.0001724594078328	1.977083901675756e-08	2.974224735004004e-08	0.0	0.0	0.0	0.0	0.0	0.0	0.0	0.0	1.0	0.0	0.0	0.0	0.0	0.0	0.0	0.0	0.0	0.0	0.0
848.4150136059388	2.407828902847428	5.797640025387445	719808.0353119654	838.4674139713895	0.2256322667218455	703027.6042918696	0.050909919786038	809.5822088491204	-0.0803542179559144	0.0064568003433066	655423.3528850209	803.7616864996442	669.4895589958383	1.345107	24.261391	0.0602242972341111	0.0293202671916916	0.0648169127	0.0538020603	0.0343156121	-0.0015237474	-0.0852970246	0.0817497993	-0.0108953904	-0.007396208	-0.0984077482	0.0269965544	-0.052750809	0.0951712423	0.0306409897	0.0661193208	-0.097962262	0.0530636356	0.0401493435	-0.0117743458	-0.1211401959	0.004459229	-0.1387440858	-0.165156044	0.0524289392	0.1068704327	-0.1628489213	0.1120462911	0.0163442611	-0.0713089625	0.0864804274	-0.0117059131	0.0458565649	-0.0331475116	0.0823807339	0.0784776229	-0.041510742	-0.1335049648	0.0675210469	-0.0212668139	0.1218198585	0.2047495463	0.0471145688	-0.0383636523	0.0322113648	-0.0098302642	-0.0241439501	0.1371948782	0.140387773	-0.0664111788	-0.1317159392	-0.1100194078	-0.0144581285	0.057967489	-0.1316840309	-0.0704989494	-0.1203027354	-0.0573273399	-0.0775744726	0.0054644835	0.0565431864	-0.1555236016	-0.0696811001	-0.1608485724	-0.1211748772	-0.0937181049	-0.1422324942	0.0813214051	-0.0295820274	-0.118120805	0.0	0.0	0.0	2.893660897029804e-05	0.0116659020385724	8.373273386999328e-10	0.0001360932703735	0.0442475567408848	-0.0197980912860203	0.0019578462775378	0.0003919644185695	-0.1352050932881496	-0.002695935043036	0.0182804172510572	7.268065756269529e-06	-0.0049990299329388	-0.0003099975679337	9.609849212480913e-08	2.4990300270418108e-05	-9.275939887531948e-05	0.0001669130838565	2.785997756251388e-08	8.60430607971062e-09	-9.623209003333312e-05	4.437672553936688e-05	9.260615152183532e-09	1.969293769596296e-09	0.0	0.0	0.0	0.0	0.0	0.0	0.0	0.0	0.0	0.0	0.0	0.0	0.0	0.0	0.0	0.0	0.0	0.0	0.0
847.448429926739	-0.9665836791998572	0.9342840088955324	718168.841385295	841.5655362778816	3.098122306492087	708232.5518506785	9.598361825983847	807.0479163202579	-2.5342925288625797	6.422638621848687	651326.33923687	801.809365366273	678.2493383346066	1.124186	20.276688	0.0577311421354546	0.0260368371025259	0.0767078737	0.0502535751	0.068065133	0.0225603625	-0.0773460095	0.0827134617	0.0913913768	0.0854333877	0.0196712582	-0.0589906801	-0.0229358199	0.1160864338	0.1023840154	0.1460319006	-0.1305153547	0.0653712869	0.0097566155	0.0473007365	-0.0670917527	0.1216373172	-0.1591820237	-0.0488801148	0.0522961311	-0.0080504108	-0.0832387802	-0.0563449396	-0.0608011463	-0.0560586527	0.1227838216	0.0084578489	0.1315278254	-0.0698110805	0.1232280224	0.0701935805	-0.0123872569	-0.0501713549	-0.1029911875	-0.0635726225	0.1353833648	0.0254321899	0.0972601016	-0.0577783358	0.0359568378	0.0046199675	0.0300163774	0.0737842821	0.1639762207	-0.0352038293	-0.1172209866	-0.0785936833	-0.0337343136	0.0348413556	-0.2148681271	0.0372893193	-0.0135521764	-0.1608110613	0.0826022403	-0.0909906416	0.1613349226	0.0307619217	-0.0149323077	-0.040182594	-0.1225522621	-0.0915653976	-0.0547330997	0.0785435007	-0.0363752892	-0.1222478479	0.0	0.0	0.0	-0.0075383081978799	-0.0075672448068501	5.68260904862233e-05	5.726319396680128e-05	0.0603479115586651	0.0161003548177803	0.0036418704294924	0.0002592214252584	-0.1439130585792014	-0.0087079652910517	0.0207109684296206	7.582865951016247e-05	-0.0052600461484901	-0.0002610162155513	6.812946478072275e-08	2.766808548424554e-05	-0.0001382206017499	-4.546120287458053e-05	2.0667209668037688e-09	1.9104934748104462e-08	-0.0002968662160029	-0.0002006341259695	8.812955020388049e-08	4.025405250357202e-08	0.0	0.0	0.0	0.0	0.0	0.0	0.0	0.0	0.0	0.0	0.0	0.0	0.0	0.0	0.0	0.0	0.0	0.0	0.0
845.8653088781053	-1.5831210486336431	2.506272254626886	715488.1207634526	845.9663186557051	4.400782377823475	715659.012299886	19.36688553696164	806.9461196841248	-0.1017966361330309	0.0103625551280006	651162.0400732659	802.2833116693012	670.1915299473698	1.084636	19.563328	0.1115789678795032	0.0525511079395157	0.0434342776	0.0862303269	0.1010612152	0.0056252655	-0.1576593883	0.0850344235	0.0347405101	-0.0058628461	-0.0624124787	-0.0530918123	-0.0233696352	0.0158213654	0.1193614523	-0.0178159784	-0.128593125	0.132555992	-0.0489065919	-0.022156344	-0.0876851755	0.2166902434	-0.0382187406	-0.0042046666	0.1220978646	0.1582295832	-0.0277118067	-0.083700162	-0.0471317285	-0.0662344728	0.092832537	0.0712763232	-0.0255111215	0.0276452245	0.1631245085	0.0506676776	-0.1402928861	-0.0792963483	-0.117977044	0.0228469093	0.0346708121	0.042207951	0.2892542757	-0.0750499106	0.015953207	0.0177793401	0.0136832041	0.0842904058	0.1265812629	0.064847251	-0.1195570418	-0.0942500361	0.0373503479	-0.0373702385	-0.1575336362	-0.0625489276	-0.0444701516	-0.1076133473	-0.0539259735	0.0797755583	0.046486952	-0.1681379406	-0.0460136991	0.011831151	-0.0546879304	-0.1207093683	0.0991547292	0.0757089709	-0.0430636716	-0.1255820665	0.0	0.0	0.0	-0.0002854252138604	0.0072528829840195	8.146755270725508e-08	5.260431157987961e-05	0.0261721249255799	-0.0341757866330851	0.0006849801231201	0.0011679843919901	-0.137300222558693	0.0066128360205083	0.0188513511146666	4.372960023413316e-05	-0.0056950316037458	-0.0004349854552556	1.892123462840079e-07	3.243338496766345e-05	-0.0006700259573502	-0.0005318053556003	2.828169362451615e-07	4.48934783523052e-07	7.092217978903366e-06	0.0003039584339818	5.029955586028015e-11	9.23907295886703e-08	0.0	0.0	0.0	0.0	0.0	0.0	0.0	0.0	0.0	0.0	0.0	0.0	0.0	0.0	0.0	0.0	0.0	0.0	0.0
845.069334692599	-0.7959741855063385	0.633574903992479	714142.1804377919	841.26829340838	-4.698025247325063	707732.3414942482	22.07144122450372	806.7782843273507	-0.1678353567741624	0.0281687069835103	650891.2000621834	801.6008337635105	662.9938729467358	1.093282	19.719288	0.0383597390802267	0.023391567603745	0.0258265216	0.0552118091	0.0785484155	-0.0134470535	-0.0655072539	0.0775354243	0.0577711332	0.1300372208	0.0037375976	-0.0790676394	-0.0366020976	0.0914096667	0.0741556463	0.0353824263	-0.0341203964	0.0714265716	0.0262591221	0.0765179751	0.0655817813	0.2073569787	-0.1321122207	0.0198016399	-0.1253200131	0.05128764	0.0425156283	-0.026447119	-0.0798141704	-0.0511534101	0.1091261431	0.0096116017	0.0479964892	-0.0315283346	0.0473226992	0.0762519092	-0.0342083116	0.1012865845	-0.2119582802	0.0203413267	0.1142161341	0.0352090521	0.1472662636	-0.0725977486	0.0341655658	0.0291667852	0.05760425	0.0394782952	0.1106306558	0.0769111309	-0.1597798093	0.0133828492	-0.0838937445	-0.0059203467	-0.2442501802	0.0837631687	-0.0487803411	-0.1072354833	0.0102038919	-0.0772630184	0.188485483	0.0428057176	0.0580040437	0.0336652832	-0.0200701155	-0.151850081	-0.004573768	0.072819859	-0.0496278902	-0.1281018373	0.0	0.0	0.0	-0.0001757609424686	0.0001096642713918	3.0891908897450525e-08	1.2026252419894364e-08	0.0266246185697269	0.000452493644147	0.0007088703139834	2.047504979934331e-07	-0.15653334884162	-0.019233126282927	0.0245026892995723	0.000369913146615	-0.0058050320319215	-0.0001100004281757	1.2100094198837442e-08	3.369839689163466e-05	-0.000410019816011	0.0002600061413391	6.760319353410002e-08	1.681162495216943e-07	5.809689858585904e-06	-1.2825281203174624e-06	3.3752496252955896e-11	1.6448783794050433e-12	0.0	0.0	0.0	0.0	0.0	0.0	0.0	0.0	0.0	0.0	0.0	0.0	0.0	0.0	0.0	0.0	0.0	0.0	0.0
848.697779420622	3.628444728023055	13.165611144318303	720287.9207934948	852.3283369644829	11.060043556102867	726463.5939926411	122.3245634628926	813.7685909828662	6.9903066555154965	48.864387138144245	662219.3196702393	809.5108561370332	650.9195040357583	1.67274	30.170828	0.4168660716797989	0.2316490597113501	-0.008819943	-0.0285274772	0.0107013367	0.0701444864	-0.1705464425	-0.080384605	-0.038772466	-0.1258201088	-0.1177996412	0.1519624748	-0.1000869769	-0.0286904933	0.0144689795	-0.1371286409	0.0226855425	0.2320672689	0.0143834757	-0.2032511638	0.0939466339	-0.0601267488	0.0214317865	-0.0111559097	0.0551557297	0.0742497026	-0.053276379	-0.3788813677	0.1653235782	-0.1380391833	-0.0164420658	0.0492512339	-0.0660202196	0.2157907281	0.0879702332	-0.0117110139	-0.0922451626	0.1866709758	0.0756550696	-0.0819001832	0.0893092879	0.032944061	0.1192772133	0.0331757472	-0.0108002559	-0.0375907896	-0.2113518753	0.2848460142	0.1406667166	0.2474442687	-0.0294674216	-0.0463115382	0.3072057674	-0.1162245859	0.0360885801	0.20283288	0.1496753006	0.3211891106	0.0104655306	0.0828396478	-0.0769387366	-0.0206692021	0.0232707128	0.0077449331	-0.206506409	0.0959806255	0.1326346667	0.0698782481	-0.0560490189	-0.1297908185	0.0	0.0	0.0	-0.0084357245730899	-0.0082599636306213	7.116144907303278e-05	6.822699917918661e-05	0.2394406031863951	0.2128159846166682	0.0573318024542647	0.0452906433083619	-0.0895470904572164	0.0669862583844036	0.0080186814093528	0.004487158812342	-0.0046121170650388	0.0011929149668827	1.4230461182127543e-06	2.1271623821622112e-05	0.0006948485933158	0.0011048684093268	1.2207342019283334e-06	4.82814567632946e-07	0.0002841036146112	0.0002782939247526	8.071486383514927e-08	7.744750855421365e-08	0.0	0.0	0.0	0.0	0.0	0.0	0.0	0.0	0.0	1.0	0.0	0.0	0.0	0.0	0.0	0.0	0.0	0.0	0.0
855.4102146305331	6.712435209911064	45.056786447253785	731726.6352942548	849.6440126723137	-2.684324292169208	721894.9482699108	7.20559690552972	821.1678155028986	7.399224520032476	54.748523497849824	674316.5812178026	815.7528119879254	644.7557896644838	2.223943	40.112751	0.7469209567064042	0.4503396581124802	-0.0412700264	-0.229222702	-0.228238205	0.1264305875	-0.0033843937	-0.2290226865	-0.0467847673	0.0519851181	-0.2040120016	0.3805045616	-0.1226363095	-0.1160198877	-0.023321133	-0.0820132816	0.105853486	0.0128438982	-0.2037983964	0.1134167163	-0.0954574817	0.0105613819	0.0605373766	-0.1511424086	-0.0916612326	0.143825111	0.002532839	0.1655936103	0.3820329958	-0.0592276064	-0.1381751569	0.0574508408	-0.0934435188	0.021031874	-0.0073649311	-0.035518784	0.2647130124	-0.0159280223	0.0356479965	0.0856942252	0.0090914623	0.2550241361	0.1639979264	0.2391127129	0.0788907936	-0.2824753096	-0.024007925	-0.0163705249	-0.3446603714	0.2148330775	-0.136386529	0.0588015426	-0.0376439014	0.0124932386	-0.1042649926	-0.1496786092	0.2076123792	0.027989829	-0.2157299419	-0.3659440058	-0.25349571	-0.1662699283	0.0031126782	-0.2154361845	-0.2184036414	0.1201038731	-0.0133599066	0.0668862589	-0.0623085437	-0.1306380564	0.0	0.0	0.0	-0.0456332543080719	-0.037197529734982	0.0020823938987451	0.0013836562183848	-0.1544178441353096	-0.3938584473217047	0.0238448705873967	0.155124476526664	-0.151580198747169	-0.0620331082899525	0.0229765566522312	0.0038481065241129	-0.0013709442699941	0.0032411727950447	1.0505201087337872e-05	1.879488191429656e-06	0.0017077446978843	0.0010128961045685	1.0259585186500418e-06	2.916391953151939e-06	0.0011066721421933	0.0008225685275821	1.2247232303067078e-06	6.766189825685841e-07	0.0	0.0	0.0	0.0	0.0	0.0	0.0	0.0	0.0	0.0	1.0	0.0	0.0	0.0	0.0	0.0	0.0	0.0	0.0
859.1158201154656	3.705605484932448	13.731512009961444	738079.992372669	854.972219163093	5.32820649077928	730977.4955406638	28.38978440838245	816.7835914001078	-4.384224102790881	19.221420983492507	667135.4351804581	811.0807943699724	712.1534580107658	1.886304	34.022835	0.3011895823658302	0.168464798589485	0.0751418296	-0.334327779	-0.0095261742	0.1874688632	0.0530512682	-0.1326738306	0.1216006024	0.0129287412	-0.1232424699	0.2547093791	-0.0900815984	-0.1320765832	0.1008816241	0.1610869041	0.0172551125	-0.1848982243	0.0056770463	0.1090261394	0.1707742496	0.2967790326	0.162558022	0.0051971289	-0.1261220141	-0.0537148746	-0.004911823	0.0046973356	0.2501968743	-0.0190442946	-0.098912648	0.1340523724	0.1035471021	-0.2249665715	-0.1009197209	0.028796891	0.0719539896	-0.0722623837	-0.3173869861	-0.1402714809	-0.1162481132	-0.0102128339	-0.0281542079	0.3000244671	0.1314186734	-0.2150094084	0.0991195619	-0.2246236799	0.0120041537	0.0864507298	-0.0494367084	-0.1676013465	-0.2765914594	0.1089781359	-0.1983249256	0.2398971297	0.1245895408	0.1567768333	0.0585113048	-0.1336541361	-0.0182079383	0.1454314543	-0.2971931826	0.2047322469	0.3237672104	-0.2333219995	-0.0831505037	0.0638460483	-0.0683884168	-0.1306380564	0.0	0.0	0.0	-0.0073527406087663	0.0382805136993056	5.4062794459801024e-05	0.0014653977290827	-0.1970526413643796	-0.04263479722907	0.0388297434686788	0.0018177259347639	-0.1975937982132336	-0.0460135994660646	0.039043309092332	0.0021172513358234	0.0012180689676984	0.0025890132376925	6.702989544947002e-06	1.4836920100698458e-06	0.0011909408602086	-0.0005168038376757	2.670862066363313e-07	1.4183401325144e-06	0.0007272757781337	-0.0003793963640596	5.289300574599789e-07	1.4394160106164458e-07	0.0	0.0	0.0	0.0	0.0	0.0	0.0	0.0	0.0	0.0	0.0	1.0	0.0	0.0	0.0	0.0	0.0	0.0	0.0
848.3334559364106	-10.78236417905498	116.25937728976795	719669.6524610139	850.7067661008973	-4.265453062195661	723702.0018898468	18.194089825794343	809.0176140713722	-7.7659773287355165	60.31040387043403	654509.4998777357	803.8221026921676	707.5122253458987	2.115803	38.162262	0.270150553833513	0.1436603946059207	0.0985302721	-0.1475487688	0.2969710178	0.100445612	-0.2124344869	0.0256279312	0.1558787563	0.0586951984	0.0807131397	-0.020039994	-0.1685015062	0.0116161993	0.1292896264	0.3368531929	-0.1028695844	0.018494304	-0.0855990565	-0.1018117877	0.0639936261	0.0686290637	0.1966840235	-0.0349265282	0.0495092914	-0.0209514484	-0.0633289733	0.0789628015	-0.0118566124	-0.1824305628	0.0002362863	0.0448649382	0.2710165609	-0.2112617997	0.1209858539	-0.034985764	0.0126551736	0.0668317244	-0.0387757349	-0.0552874598	-0.1869279368	0.0371142508	0.0246112212	0.1415107053	0.1160944263	0.0272628637	0.2352074095	-0.152195568	0.1778570297	-0.0570334077	0.1490571249	-0.0557237249	0.0298855942	0.0450226081	-0.130729056	-0.0246184035	0.0551247635	0.1031454938	-0.1979747521	0.2239165646	-0.1135734819	-0.0113170642	0.1879282214	-0.0819199287	-0.1735242102	-0.0628608836	0.2391646697	0.0607598083	-0.0742711084	-0.1297908185	0.0	0.0	0.0	0.0129334975170678	0.0202862381258341	0.0001672753580239	0.000411531457298	-0.154869838400117	0.0421828029642626	0.0239846668460783	0.0017793888659218	-0.1844473504880852	0.0131464477251484	0.0340208251020745	0.00017282908779	-0.0009910026282934	-0.0022090715959918	4.879997316217759e-06	9.82086209284427e-07	0.0002059848748057	-0.0009849559854029	9.701382931809975e-07	4.242976864871991e-08	3.060205916304183e-05	-0.0006966737189706	9.364860250183127e-10	4.853542707044077e-07	0.0	0.0	0.0	0.0	0.0	0.0	0.0	0.0	0.0	0.0	0.0	0.0	1.0	0.0	0.0	0.0	0.0	0.0	0.0
834.5249047441056	-13.808551192305003	190.67608603050795	696431.8166381585	843.7335553376571	-6.973210763240218	711886.3124027232	48.62566834856922	805.4358636063572	-3.581750465015034	12.828936393635413	648726.9303833185	800.9332632549739	633.7631833339677	2.099096	37.860924	0.3414973711725401	0.2121548812140537	-0.1065807766	-0.0009242222	0.2289911942	-0.0881189968	-0.2227962001	-0.0260490164	0.054508964	-0.0075800427	0.1126987736	-0.14182043	-0.2051192796	0.0616364213	0.0579612954	-0.0739251551	0.1150858112	-0.0851834531	0.0423383048	-0.0159279059	0.1598510092	-0.0086848437	0.0002976625	-0.1799623748	-0.1563563171	-0.0752063717	0.0275711368	0.038034489	-0.1286063724	-0.2153436362	0.0275657958	0.0156306273	-0.0424870638	-0.045840221	-0.1359152107	-0.0231247357	0.0224400385	0.0281060854	0.0557784842	-0.1864687592	-0.0219535236	-0.0094796583	-0.0092629654	0.0603239139	0.0343938476	0.166279949	0.1391831088	0.0113793736	-0.02760626	0.1257539197	0.1075876666	0.1440572015	-0.0440989092	0.0478682916	0.007081546	0.0728539416	-0.0292530079	-0.1033547556	-0.2464609632	-0.0105171324	0.0677057379	0.2023005825	0.1066996672	0.0396469063	-0.1140521161	0.0125578875	-0.0530042719	0.0576297638	-0.0799396572	-0.1281018373	0.0	0.0	0.0	0.009222297126854	-0.0037112003902138	8.505076429597955e-05	1.3773008336323062e-05	-0.0057575694501963	0.1491122689499207	3.3149605973833724e-05	0.0222344687513934	-0.0717464410835049	0.1127009094045802	0.0051475518081488	0.0127014949806194	-0.0023080024712748	-0.0013169998429813	1.734488586413032e-06	5.326875407410584e-06	1.994581290554187e-05	-0.0001860390619001	3.461053255269087e-08	3.9783545246288063e-10	4.702300283798938e-05	1.6420943674947547e-05	2.211162795901557e-09	2.6964739117579976e-10	0.0	0.0	0.0	0.0	0.0	0.0	0.0	0.0	0.0	0.0	0.0	0.0	0.0	1.0	0.0	0.0	0.0	0.0	0.0
832.3544347602697	-2.1704699838359147	4.710939950732676	692813.9050650881	829.4590084794639	-14.274546858193162	688002.2467477354	203.76268800675223	803.3326053449734	-2.1032582613837576	4.423695314079027	645343.2748103428	798.7176554405083	583.1555721118885	1.427785	25.75264	0.0556719075430279	0.0275955730868072	-0.2267593005	0.0224587617	-0.0012270271	-0.1832693611	-0.0740022592	-0.1228708322	-0.1290888718	0.0776263537	-0.0431446707	-0.1813568397	-0.0520517668	-0.0930364905	0.1807160667	-0.0822601416	0.0935032837	0.0968057678	0.0039408984	0.0089250535	-0.0874939647	0.0392950228	0.0118325854	-0.0216529393	-0.0152083545	-0.0079881416	-0.0223559978	-0.0052503728	-0.1702819467	-0.0852357053	-0.0337450358	0.2057022229	0.0162137589	0.143300894	-0.0585435218	-0.0406443386	-0.0014801293	-0.0068976215	-0.0555531862	0.0011643652	0.0180045627	-0.0060698655	-0.0587687707	0.075380797	0.0214510096	0.1900255195	0.0927268502	0.0840792211	-0.1451340751	0.0864773781	0.1218322406	0.0502675292	0.0454467852	0.0053819885	-0.0511377839	0.0242167761	-0.0761370854	0.0164736093	-0.0086075636	0.0916134695	-0.0507788425	-0.1092340182	0.0599201825	0.0530454995	-0.0020479863	0.0811456637	-0.0019025953	0.0544581714	-0.0853777193	-0.1255820665	0.0	0.0	0.0	0.0129267547992952	0.0037044576724411	0.0001671009896411	1.372300664690847e-05	-0.0279006323950028	-0.0221430629448065	0.000778445288041	0.0004903152365776	-0.0739268126824015	-0.0021803715988965	0.0054651736333788	4.7540203092749134e-06	-0.0025689944439552	-0.0002609919726804	6.811680980360673e-08	6.599732453072688e-06	0.0002060757898378	0.0001861299769322	3.464436831280294e-08	4.246723115727311e-08	-5.873535408702454e-05	-0.000105758356925	3.4498418197281504e-09	1.1184830059478641e-08	0.0	0.0	0.0	0.0	0.0	0.0	0.0	0.0	0.0	0.0	0.0	0.0	0.0	0.0	0.0	0.0	0.0	0.0	0.0
836.7895550072593	4.435120246989641	19.67029160525745	700216.759369247	820.5567982991537	-8.902210180310249	673313.4592349579	79.24934609441944	805.0769457108183	1.7443403658448915	3.04272331191589	648148.88851506	799.4453319226282	600.2169912570694	1.069739	19.294643	0.0424912740359274	0.0321559719068259	-0.1797505669	0.0203562385	-0.0384143086	-0.1879857311	0.0332224309	-0.108901914	-0.0439506932	0.0813095453	-0.071421163	-0.1357689624	0.0415251996	-0.0965930996	0.1165844081	-0.1229275766	0.04549266	-0.0241755234	-0.1101735225	-0.0178214604	-0.0447771976	0.0304949815	-0.0514624718	0.0727508488	-0.0421722796	0.049188653	0.1136245925	0.1460191384	-0.131440527	0.0324707703	-0.0399013299	0.1615710591	-0.102096238	0.0250863348	0.0204971014	-0.1225645114	0.0524631625	0.0373028456	-0.0241648923	0.1091618954	0.0571419914	-0.0046911617	0.0058628103	0.044267019	0.0012305853	0.1624759307	0.047673304	0.019817094	-0.166779047	0.0493748501	0.0786161126	0.1000039262	-0.0150097726	-0.0860506745	0.0032655512	-0.0084256132	-0.005721495	-0.09013306	0.0910576526	0.031671464	-0.0146148488	-0.0917102542	-0.0432005557	0.028703106	0.0468816342	-0.0055540144	-0.0637109076	0.0512473178	-0.0905696153	-0.1222478479	0.0	0.0	0.0	0.0130196859274889	9.293112819369968e-05	0.0001695122216504	8.636194587353842e-09	-0.0307461032532643	-0.0028454708582614	0.0009453228652603	8.096704405215433e-06	-0.0533016089592024	0.0206252037231991	0.0028410615176397	0.0004253990286234	-0.0029469983661919	-0.0003780039222366	1.4288696522632898e-07	8.684799370337727e-06	0.000206086166087	1.0376249200003606e-08	1.0766654746057547e-16	4.2471507852438556e-08	-5.819628604746105e-05	5.390680395634881e-07	3.3868077097179092e-09	2.905943512788224e-13	0.0	0.0	0.0	0.0	0.0	0.0	0.0	0.0	0.0	0.0	0.0	0.0	0.0	0.0	0.0	0.0	0.0	0.0	0.0
839.4841871222476	2.6946321149882806	7.261042235126214	704733.7004283008	824.2159100960994	3.659111796945695	679331.8664555413	13.389099142547147	806.4602593272887	1.383313616470332	1.9135565615122283	650378.1498742377	800.1704499066886	613.0972388551227	1.010616	18.228247	0.0318735693318739	0.0216695999887003	-0.132842323	0.018845689	-0.0543330423	-0.1352036612	0.1011934231	0.0232544761	0.0285598772	0.0085972046	-0.0666514753	-0.098833065	0.0011896121	-0.0405154112	0.0050714009	-0.1325127366	0.0684747707	-0.1438793493	0.0326523827	-0.0126816714	-0.01973065	0.0230169335	0.0185182621	0.0146085043	-0.1681386633	0.0017640139	-0.0092307203	-0.0184195924	-0.0978992052	0.0347625781	-0.0294737371	0.0313680979	-0.1410194264	-0.0684690908	-0.1451380945	-0.0033363917	0.0228794641	0.0340306146	-0.051670841	0.0016822668	0.0191693306	0.1111600416	-0.091081696	0.0347349992	0.0092231239	0.1475356422	0.0223363705	-0.0184746673	-0.1154189721	0.0374300409	0.071098138	0.0667090002	-0.0569420542	-0.0464200422	0.0479863176	0.0421456419	-0.0892427312	0.0100611881	0.011718774	0.0370638911	-0.0069390501	-0.1327761239	-0.1299131618	-0.0203570316	-0.0107628429	0.0408192897	-0.0184404798	0.0479995176	-0.0955003756	-0.118120805	0.0	0.0	0.0	0.0130082008600425	-1.1485067446399476e-05	0.0001692132896152	1.3190677424834495e-10	-0.0270990201814527	0.0036470830718115	0.0007343568947947	1.3301214932694716e-05	-0.0606138687935526	-0.0073122598343502	0.003674041090122	5.346914388505124e-05	-0.0033649980566026	-0.0004179996904107	1.7472374118344106e-07	1.1323211920939274e-05	0.0002060987115046	1.2545417599999376e-08	1.5738750275837412e-16	4.2476678883856335e-08	-5.815369471044523e-05	4.259133701582304e-08	3.381852208475665e-09	1.8140219887954183e-15	0.0	0.0	0.0	0.0	0.0	0.0	0.0	0.0	0.0	0.0	0.0	0.0	0.0	0.0	0.0	0.0	0.0	0.0	0.0
843.9777134146409	4.493526292393312	20.19177854042999	712298.3807406058	832.447834070178	8.231923974078654	692969.3964481306	67.76457231501091	808.1360757481189	1.6758164208301878	2.808360676324101	653083.9169255693	802.0325411780406	628.7244674347635	1.055103	19.030647	0.1307552523588868	0.0869286025008659	-0.0884675345	-0.0066232265	-0.0741752291	-0.0464056473	0.0820151556	-0.0066999752	-0.0561194424	-0.1201563543	-0.0898729391	-0.0483718087	-0.0004860542	-0.0310390794	-0.0563756574	-0.0433501988	0.1839464403	-0.0918175668	0.1009338581	0.1032947331	-0.1496985146	0.0387597017	-0.0623006897	-0.0621743555	-0.1430421043	-0.015476162	0.0483949121	-0.1091315774	-0.0490914457	0.0208386735	-0.0641961435	-0.0142115763	-0.0211096372	0.0480085543	-0.1905525216	0.0492016102	0.0783367714	-0.131812921	-0.0069821715	0.0433623905	0.1836115272	0.0034446353	-0.0601367757	0.0106299637	-0.0268254015	0.0960529838	-0.1041067463	0.0352939745	-0.0946140101	0.055586415	0.085443399	-0.0772571802	0.0067396013	-0.0319764373	0.0656920936	0.1065950869	-0.1118098192	-0.0649162758	0.0183001528	-0.0198591481	0.0613886111	-0.1740128253	-0.1046068646	0.1075763998	0.0223223109	0.072182677	-0.0627664798	0.0447171124	-0.1001557837	-0.1132277034	0.0	0.0	0.0	0.0130212839097794	1.3083049736899166e-05	0.000169553834659	1.711661904181773e-10	0.0366811360069903	0.063780156188443	0.0013455057387633	0.0040679083234221	-0.0380582598864691	0.0225556089070835	0.001448431145586	0.0005087554931693	-0.0042530088898535	-0.0008880108332509	7.885632399709577e-07	1.8088084617172895e-05	0.0002061239879673	2.5276462699996448e-08	6.388995666243117e-16	4.248709841554363e-08	-5.806172015157584e-05	9.197455886938485e-08	3.371163346959908e-09	8.459319479217936e-15	0.0	0.0	0.0	0.0	0.0	0.0	0.0	0.0	0.0	0.0	0.0	0.0	0.0	0.0	0.0	0.0	0.0	0.0	0.0
847.9810167956609	4.003303381020032	16.026437960486422	719071.804845803	835.4820622983186	3.0342282281405915	698030.2764222516	9.206540940445192	808.3557902509406	0.2197145028217164	0.048274462750194	653439.0836322226	802.1492962594759	648.1499765047463	1.102718	19.889469	0.1933555044542868	0.1238661502601547	-0.0197975336	-0.033520319	-0.0854020153	0.025184359	0.0787222329	-0.1186392021	-0.0960341407	0.054899145	0.0135210755	-0.0200915195	0.1394304773	-0.1116784444	-0.0182164813	0.0985381222	0.152199478	0.0660302893	0.052966479	0.0176982646	-0.0681390171	-0.0843931506	0.0184127742	-0.0247767994	0.029777398	0.0662167403	0.0433920842	-0.0137084844	-0.0270472048	0.1355459454	-0.0735763256	0.0422804391	0.1429479321	0.0900915232	-0.1058545796	0.08062657	0.0019237957	0.0169654997	0.08055653	0.1110048561	0.0118004472	0.0257345347	0.0402625932	0.0238611547	0.021591528	0.0603139175	-0.043323317	-0.0901095317	-0.0808710853	-0.0724212091	0.0658625241	0.0500028398	0.090330308	0.0242644744	-0.0450675373	-0.0214629041	-0.1417706031	0.0575803218	0.0555648984	-0.0194979829	0.065155662	-0.2739178289	-0.0079865837	-0.0241730541	0.1245779708	0.0323884883	0.0350837699	0.0414024687	-0.1045224167	-0.1076002767	0.0	0.0	0.0	0.0129601576808937	-6.112622888569848e-05	0.0001679656871136	3.736415857786799e-09	-0.0688039960940187	-0.105485132101009	0.0047339898785057	0.0111271130943673	-0.08018675615358	-0.0421284962671109	0.0064299158624336	0.0017748101977279	-0.0036329698722818	0.0006200390175716	3.844483833112788e-07	1.3198470092907238e-05	0.0002071371023064	1.013114339100022e-06	1.0264006640900745e-12	4.2905779151892026e-08	-0.0003506245853864	-0.0002925628652348	1.229375998773849e-07	8.55930301144099e-08	0.0	0.0	0.0	0.0	0.0	0.0	0.0	0.0	0.0	0.0	0.0	0.0	0.0	0.0	0.0	0.0	0.0	0.0	0.0
848.7843388546563	0.8033220589953771	0.6453263304685721	720434.8538849361	837.0673549486244	1.585292650305746	700681.7567206863	2.5131527871134165	808.4974188798568	0.1416286289162371	0.0200586685286932	653668.0763353907	802.0164055775788	668.6811570881943	0.9201180000000002	16.595968	0.1572114012326324	0.1247323642878187	0.0134732504	-0.0499080982	-0.0471306628	0.0400122192	0.1041065986	-0.0150098535	-0.0069625995	0.1191590547	0.0830569536	-0.0216646098	0.1804283463	-0.0993879463	-0.0078949865	0.1183534457	0.1013272474	0.0820286559	0.0134775393	0.049168054	0.0926465083	-0.0567871467	7.26509e-05	0.0053247361	-0.047358375	-0.0575936417	-0.0686212692	-0.1083328345	-0.0312135081	0.1585938382	-0.0530101839	0.0360292757	0.1384288669	0.0577739374	0.0124699159	0.0274856099	0.0426717871	0.0819409281	-0.0056889366	-0.0213578365	-0.0137437973	-0.0738920377	-0.0601294233	0.0008420714	0.0183965521	0.0690711522	-0.0855991528	-0.0739657193	0.0190926365	-0.0441062636	0.006030116	0.114134957	0.0567594366	-0.0246099937	-0.0134637329	0.1127063645	-0.0478446269	0.0245919648	0.1151523598	-0.1492182973	0.1277986634	-0.0440342785	0.0291215111	0.029264514	0.0457719267	0.0674349012	0.067546923	0.0380579761	-0.1085876845	-0.1012750209	0.0	0.0	0.0	0.0094046207173761	-0.0035555369635176	8.844689083769975e-05	1.264184309893996e-05	0.0505423354470195	0.1193463315410382	0.002554527672439	0.0142435468523034	-0.0777600638671884	0.0024266922863915	0.0060466275326292	5.888835452832487e-06	-0.0042169738475773	-0.0005840039752954	3.410606431609467e-07	1.7782868431150895e-05	0.0002078504307985	7.133284920999813e-07	5.088375376416329e-13	4.320180158312204e-08	-0.0004035640904325	-5.29395050461e-05	1.6286397508661106e-07	2.802591194526047e-09	0.0	0.0	0.0	0.0	0.0	0.0	0.0	0.0	0.0	0.0	0.0	0.0	0.0	0.0	0.0	0.0	0.0	0.0	0.0
850.5802318648412	1.795893010184841	3.225231704030769	723486.7308392469	830.2382572561071	-6.82909769251728	689295.5638116578	46.63657529394484	809.9981057774157	1.5006868975589214	2.2520611645050206	656096.9313630016	803.1438962516138	665.7381268846518	1.019407	18.38682	0.1725141775193012	0.1132313114742849	0.0205988231	-0.0535890698	-0.1264184001	0.0531467879	0.1426956886	-0.0598638404	-0.0088045654	0.0545540828	0.0560813079	0.0163353976	0.1733390697	-0.053058082	0.0315807185	0.0030372822	0.0152523011	-0.0937053203	-0.1144148601	-0.0334739846	-0.0884288601	0.0077475922	0.0303490329	0.0171293874	0.0574704099	-0.1003669096	-0.000628009	-0.0518030486	0.0104257102	0.1905428142	-0.0168858149	0.0654562425	-0.0050266423	-0.021068758	0.0235347483	-0.1298231363	0.1168589249	-0.0664518261	0.0647890394	-0.1277345406	-0.0235155327	-0.0938708291	-0.0224736451	0.0248790625	0.0438096239	0.0521254418	-0.0951544284	-0.1551689879	-0.0778474338	-0.0660875406	0.0318377319	-0.0041562464	0.1253513683	-0.1709205777	0.0694606716	-0.0719417469	0.002417753	-0.0706592676	0.0325443571	-0.0783128689	0.0049779133	-0.2028427501	-0.0046467516	0.2241234373	0.0596309105	-0.0454621076	0.1524071727	0.0346860458	-0.1123398659	-0.0942929578	0.0	0.0	0.0	0.0129138934646704	0.0035092727472943	0.0001667686444168	1.2314995214902484e-05	-0.0443941544926502	-0.0949364899396696	0.0019708409531172	0.009012937122065	-0.1041975619677657	-0.0264374981005773	0.0108571319200263	0.000698941305818	-0.0033599569717199	0.0008570168758573	7.344779255043774e-07	1.1289310851809162e-05	0.0002073374741502	-5.129566483000033e-07	2.6312452303517324e-13	4.2988828186984846e-08	-0.000498652592562	-9.508850212950004e-05	2.48654408068804e-07	9.041823237231934e-09	0.0	0.0	0.0	0.0	0.0	0.0	0.0	0.0	0.0	0.0	0.0	0.0	0.0	0.0	0.0	0.0	0.0	0.0	0.0
852.2964971832303	1.7162653183891052	2.945566643105257	726409.319110804	837.9302692136903	7.6920119575831905	702127.1360645274	59.16704795560278	811.7497939772649	1.7516881998491272	3.068411549490676	658937.728022132	805.7183135598393	686.6266506632596	1.115009	20.111168	0.1029966902329523	0.0708050418169966	0.0567450771	-0.0546524943	-0.0415849782	0.0741015381	0.1179506123	0.0683581701	0.0824267194	-0.1062264681	-0.0229076297	0.0541073212	0.1017707307	-0.0009724021	-0.0602400788	-0.0189706981	0.0653006864	-0.1329080309	0.0761107062	-0.0071479517	0.0963614251	-0.1963597215	0.1181306044	0.0023801367	-0.0178892257	-0.0314196786	-0.0074309239	-0.0744484739	0.0492115681	0.1174753716	-0.0131567175	-0.0453079666	-0.0473801407	-0.0540381227	-0.1418557482	-0.0141752448	-0.0408491752	0.1003057112	0.1349719064	-0.0559897809	-0.1419354787	-0.0644082002	-0.0647462029	0.0032442827	0.0127220753	0.0327853712	-0.125878593	-0.1352827205	0.0051180302	-0.0593823885	-0.0087596985	0.1631750328	0.0452832575	0.006782993	0.1218596744	-0.0131327246	-0.1541333729	0.1225016491	-0.1016312764	-0.1083340531	0.0080596026	0.043439193	-0.0811130447	0.1203793669	0.0023343426	-0.0875215741	0.1034298447	0.0312891088	-0.1157681424	-0.0866993686	0.0	0.0	0.0	0.0128902535985275	-2.3639866142901103e-05	0.0001661586378343	5.588432712542819e-10	0.0181937619462928	0.062587916438943	0.0003310129737583	0.0039172472841681	-0.0993076323967443	0.0048899295710213	0.0098620058522468	2.3911411209549517e-05	-0.0038359837592077	-0.0004760267874877	2.2660150240595497e-07	1.4714771400905238e-05	0.0002070092250903	-3.2824905989999693e-07	1.0774744532523177e-13	4.2852819272486494e-08	-0.0002651035419728	0.0002335490505892	7.027988796652414e-08	5.4545159031116726e-08	0.0	0.0	0.0	0.0	0.0	0.0	0.0	0.0	0.0	0.0	0.0	0.0	0.0	0.0	0.0	0.0	0.0	0.0	0.0
853.519427688326	1.2229305050957464	1.4955590202937374	728495.4134414076	848.1664417653844	10.236172551694152	719386.3129369533	104.7792285080568	811.9834515621277	0.2336575848628399	0.0545958669639352	659317.1256107462	806.3339916811151	686.7955143152599	1.284569	23.169477	0.1805894366907557	0.110156644886035	0.0650322553	-0.107840227	-0.0315298615	0.1316827538	-0.0063230022	-0.0130065839	0.0267219393	0.1187583334	0.0377085367	0.0693224926	-0.0269738149	-0.0014533445	0.0814729953	0.0720969266	0.0066475429	-0.0890741268	0.0384606014	-0.1491834272	-0.0395320372	-0.2088680842	0.0866710674	-0.1022306325	-0.0218257285	0.0341719625	-0.0054829156	-0.1146353467	0.0664609521	-0.0102031687	0.004939877	0.0510127269	0.0916722006	-0.065847521	-0.0139167923	-0.0971216949	-0.0081195719	-0.018109037	0.1907863287	-0.0620442395	-0.0682250435	0.0719943789	-0.0973568184	0.0843494948	0.1279347749	0.0389112556	-0.0856620556	0.0287951864	0.052312583	-0.1087565213	-0.0047608694	-0.0279236018	0.0543638473	0.142272199	0.003479147	-0.0629010676	0.1048404743	0.1439561347	0.0676852223	0.008312307	0.0812322874	0.1243092952	0.0317589584	-0.0490840581	-0.0830015648	0.0720806019	-0.0408913409	0.027869614	-0.1188626294	-0.0785435007	0.0	0.0	0.0	-0.0006101538633345	-0.0135004074618619	3.7228773694201573e-07	0.0001822610016362	0.0361457288399265	0.0179519668936336	0.0013065137133694	0.0003222731153501	-0.1727626889866087	-0.0734550565898644	0.0298469467058836	0.0053956453386201	-0.002643998442101	0.0011919853171066	1.4208289961979598e-06	6.990727761832516e-06	9.157806915460752e-05	-0.0001154311559356	1.3324351760650152e-08	8.386542750086078e-09	-5.887990010727991e-05	0.0002062236418655	3.466842636643261e-09	4.2528190464278296e-08	0.0	0.0	0.0	0.0	0.0	0.0	0.0	0.0	0.0	0.0	0.0	0.0	0.0	0.0	0.0	0.0	0.0	0.0	0.0
852.2463548940993	-1.273072794226664	1.6207143394000858	726323.8494302791	847.6208567964858	-0.5455849688986518	718461.1168764087	0.2976629582881429	810.6789538760349	-1.304497686092759	1.7017142130213625	657200.3662575424	804.7917189387952	691.0568849160253	1.20536	21.740803	0.1110535169433317	0.0644567566499214	0.0630072257	-0.099909719	-0.0132014366	0.1200207148	-0.0077581227	0.0166998735	0.1270017035	0.092667639	0.0148206146	0.0272847878	0.0083642956	0.0034954211	0.041767868	0.0253424459	-0.0167685163	-0.2391664287	-0.0311393549	-0.0551883768	0.1002017158	-0.0729511052	-0.0813079382	0.2087094215	0.1030793903	-0.0754455073	0.0889338826	-0.1209825617	0.0233463898	0.0181396415	0.0221462305	0.0169650799	-0.0309059917	-0.1849489312	-0.0574883993	-0.1726029833	-0.1196106769	0.0059932002	0.0420682652	0.0797772172	-0.0602729274	-0.1840412712	0.0169991278	0.0628571242	0.1284681396	0.0282535089	-0.0309064578	-0.0362481046	0.0017504007	-0.0798770433	0.0341292818	-0.0140463294	-0.1242337793	-0.120500104	0.137189489	-0.0985748852	0.1217704878	-0.0282487005	0.0727048439	0.1735015455	0.0241951678	0.0901998221	-0.0091643204	-0.1698555453	-0.0805709456	-0.081172687	-0.0014704249	0.0244300268	-0.1216144046	-0.0698782481	0.0	0.0	0.0	-0.0083649314284599	-0.0077547775651254	6.997207780283618e-05	6.013657508457224e-05	-0.0200361082014381	-0.0561818370413646	0.0004014456318597	0.0031563988133424	-0.1688890896627413	0.0038735993238674	0.0285235246071094	1.500477172186606e-05	-0.0031500156210514	-0.0005060171789503	2.560533853929209e-07	9.922598412867836e-06	-5.206812782065917e-05	-0.0001436461969752	2.063422990545712e-08	2.7110899347485013e-09	-0.0002740825844411	-0.0002152026843338	7.51212630939127e-08	4.631219534448181e-08	0.0	0.0	0.0	0.0	0.0	0.0	0.0	0.0	0.0	0.0	0.0	0.0	0.0	0.0	0.0	0.0	0.0	0.0	0.0
849.594265648245	-2.652089245854313	7.033577367976099	721810.4162223807	842.5668320586716	-5.0540247378141885	709918.8664853857	25.543166050437776	809.4046959689188	-1.27425790711618	1.623733213848107	655135.9618565378	803.497833096779	683.6566539340549	1.282305	23.128645	0.106032651337661	0.048452964951515	0.0354218433	-0.0924829863	0.0124489259	0.0327849143	-0.0583117344	0.0415819049	0.0216017023	-0.0216420144	-0.063102958	-0.0160621615	-0.0213890187	-0.017479885	0.1235253381	0.0074844544	0.0060084014	-0.1635563881	0.2041711502	0.00514933	0.0712610441	0.034250461	-0.0929584083	0.0102595128	0.2687355669	-0.1489745729	-0.0524102132	0.2247085716	-0.018433931	-0.0118777585	0.0045476238	0.1079132069	0.0299491498	-0.1018250649	-0.1699987265	-0.0216505035	-0.1732346338	0.0152461756	0.0247314795	-0.0855564562	0.0029247306	-0.0974897199	-0.005337627	0.100226273	0.1287523791	0.0305433102	-0.0253239352	0.030199084	0.0459444644	-0.1222576054	0.0757309644	-0.0493301861	-0.0045808954	0.0262132739	0.1704303072	-0.0037625358	-0.0274233937	0.0940976811	0.0240274952	0.0484951604	-0.0850016683	0.243912156	0.0278355207	-0.0190820903	-0.0326779505	0.2378294694	-0.306568191	0.020972827	-0.124015534	-0.0607598083	0.0	0.0	0.0	0.0130451666406941	0.021410098069154	0.0001701763726834	0.0004583922993307	-0.0033859204955604	0.0166501877058777	1.1464457602255986e-05	0.0002772287506409	-0.1587156786880399	0.0101734109747013	0.0251906666614051	0.0001034982908601	-0.002478942455689	0.0006710731653623	4.503391932695109e-07	6.14515569861741e-06	0.0003858982184214	0.000437966346242	1.918145204406193e-07	1.4891743498081057e-07	-0.0003210221645952	-4.693958015410002e-05	1.030552301613877e-07	2.20332418504318e-09	0.0	0.0	0.0	0.0	0.0	0.0	0.0	0.0	0.0	0.0	0.0	0.0	0.0	0.0	0.0	0.0	0.0	0.0	0.0
850.7052515370019	1.1109858887568862	1.2342896450169285	723699.4249926338	846.8174947102865	4.250662651614903	717099.8693474061	18.068132977833837	810.8376065827385	1.4329106138197858	2.0532328271973954	657457.6242488238	805.5812562845521	681.5648664385615	1.153199	20.799988	0.2028632664253655	0.1034473897542476	0.0275832164	-0.0853709397	-0.0299464132	0.053225107	-0.0386582829	-0.1266271894	-0.0777549841	0.0036009815	-0.0797050228	0.0489379597	0.0595787504	-0.1105871181	0.2256349837	-0.0950006705	0.0473221988	-0.0202191464	0.0271755051	-0.1749497152	0.0574101642	0.0400441229	-0.0617714053	0.0196868634	0.1478686226	0.0372849304	-0.0088043788	-0.0299355979	0.0442954258	0.0297999885	0.0262105909	0.2463438424	-0.0630269913	0.0176890378	-0.0193939997	-0.1049649591	-0.1147417112	0.0556708242	-0.0207623174	-0.0828390657	0.0390102595	-0.0290702077	0.0412346339	0.0612455555	0.1095690158	0.0440232704	-0.1593428741	0.1056594736	0.0252789398	0.0487129364	0.0511973649	-0.0592990923	0.0115543126	-0.0542708703	0.1430148027	0.0077195133	0.09267659	-0.0540294645	0.0486412597	0.0826704379	0.0122135901	0.1375429735	0.0004518702	-0.1292521567	0.207620562	0.0419202061	-0.1040949365	0.0175005068	-0.1260590946	-0.0512473178	0.0	0.0	0.0	0.0004944838393186	-0.0125506828013755	2.44514267347263e-07	0.0001575196387807	0.0753034503662064	0.0786893708617668	0.0056706096370557	0.0061920170866206	-0.1771577427675907	-0.0184420640795507	0.0313848658225078	0.0003401097275142	-0.0035490107783672	-0.0010700683226782	1.1450462151993366e-06	1.259547750496656e-05	-0.0001463947939792	-0.0005322930124006	2.833358510505054e-07	2.1431435704212414e-08	-5.976052602055227e-05	0.0002612616385746	3.5713204702531043e-09	6.825764379070988e-08	0.0	0.0	0.0	0.0	0.0	0.0	0.0	0.0	0.0	0.0	0.0	0.0	0.0	0.0	0.0	0.0	0.0	0.0	0.0
851.1183360715569	0.4130845345549687	0.1706388326884951	724402.4219972156	842.0463903675909	-4.771104342695594	709042.1235310893	22.76343664888876	810.003229007939	-0.8343775747995323	0.6961859373283492	656105.2310032877	804.8939133854236	675.2796310233387	1.183162	21.340424	0.1628174508392668	0.1035304708363766	0.032583578	-0.0402164652	-0.0743436354	0.0373216734	0.0250577737	-0.1162092127	-0.1007342847	0.076858999	-0.000830791	0.0228312694	0.1084983666	-0.0852691133	0.0918757771	0.0136266058	-0.0334764546	0.0371223738	0.0512671277	0.0250552177	0.0123291851	-0.1416032689	0.1761652842	0.073908655	-0.0037912152	0.1070505184	0.065834188	-0.0549314512	0.0238369013	0.0798468296	-0.0041559886	0.1202157902	0.0515273086	0.0529755479	-0.008113179	0.0489136117	-0.1072080216	0.0441569806	0.0854664441	0.1854507919	-0.141058567	0.0138849999	-0.0092736319	0.02638316	0.0661080142	0.0172582877	-0.0667176015	-0.0003609735	0.0031151756	-0.0715051458	-0.0147104975	0.0960271634	0.0863442458	0.0164699458	-0.0045143056	-0.1088442681	-0.1348366546	0.0458028973	-0.0115174776	0.042108193	-0.0062813428	-0.0453596513	-0.0398891409	-0.1511410701	0.1371505846	-0.0519533374	0.0296540671	0.0140155698	-0.1277391941	-0.0414024687	0.0	0.0	0.0	-0.0008898825635839	-0.0013843664029025	7.918909769706538e-07	1.916470337485207e-06	-0.0204932122258441	-0.0957966625920505	0.0004199717473334	0.0091770005637751	-0.1514012487449179	0.0257564940226728	0.0229223381215205	0.0006633969843399	-0.0039100006921836	-0.0003609899138163	1.3031371787717164e-07	1.528810541287623e-05	5.407888676667305e-05	0.0002004736807458	4.018969667179824e-08	2.9245259939226453e-09	-0.0002958954878911	-0.0002361349618705	8.75541397543121e-08	5.575972021760502e-08	0.0	0.0	0.0	0.0	0.0	0.0	0.0	0.0	0.0	0.0	0.0	0.0	0.0	0.0	0.0	0.0	0.0	0.0	0.0
852.2403057351243	1.12196966356737	1.2588159259654772	726313.5387194981	840.6564603059188	-1.389930061672089	706703.2842540769	1.931905576339778	811.574221076626	1.5709920686870191	2.46801607987752	658652.7163161322	804.777461190951	683.241842153679	1.049205	18.924273	0.0752329113995234	0.0369679485229635	0.052600887	-0.0623441214	-0.0865543412	0.0401678495	0.1002288152	-0.0298746469	0.0263220401	0.2029541346	0.0642672943	0.0488538326	0.1111508829	-0.0275001454	0.0521002026	0.0680996798	-0.0028760289	-0.0241560254	-0.0219036966	-0.1042521078	0.1557860428	-0.1083017576	-0.0102619682	0.034265922	-0.1166671023	0.0130625041	-0.0288892071	0.0534549928	0.0322391058	0.1177056244	0.0071719443	0.057912113	0.0599147042	-0.089670042	0.0458300465	-0.0479803347	0.0101084131	0.2056435042	0.0931002945	0.0154398736	0.0271937139	0.0625805768	-0.1312657676	0.0254142781	0.0836643589	0.0299181464	-0.0363548578	-0.0768146266	0.0281100018	-0.0932229001	-0.0184890469	0.1529763786	0.0010032662	-0.1050775783	0.0089631533	-0.0263323337	0.0207438124	0.0217309198	0.1585968136	-0.0901219974	0.048757843	0.1024315879	0.0852849059	-0.1224266574	0.0356921375	0.0728685045	0.023608404	0.0105205283	-0.1290509885	-0.0312891088	0.0	0.0	0.0	0.0129952722784736	0.0138851548420575	0.0001688771015916	0.0001927975249879	-0.0026254793275057	0.0178677328983384	6.893141699159783e-06	0.0003192558789263	-0.1566699252844188	-0.0052686765395009	0.0245454654886253	2.7758952477887347e-05	-0.0043670139134255	-0.0004570132212418	2.088610843898977e-07	1.9070810520051895e-05	0.0001236278483431	6.954896157642694e-05	4.837058056359311e-09	1.5283844885944532e-08	-5.8230728316894034e-05	0.0002376647595742	3.390817720315924e-09	5.648453794346513e-08	0.0	0.0	0.0	0.0	0.0	0.0	0.0	0.0	0.0	0.0	0.0	0.0	0.0	0.0	0.0	0.0	0.0	0.0	0.0
851.5526267288619	-0.6876790062623286	0.4729024156539437	725141.8760888245	844.6980109836744	4.041550677755595	713514.7297597757	16.334131880866707	810.0637598679965	-1.510461208629522	2.281493062774556	656203.295051475	804.540093140683	695.8867692297932	1.200646	21.655771	0.0404323981570161	0.0203592894412095	0.0672496855	-0.0641612725	-0.0262767699	0.0485658181	0.0092973158	0.021182943	0.0493105717	-0.0322902941	-0.0198344413	0.0009941608	-0.0131757715	0.0118366198	0.0525400045	-0.0764651675	-0.0101803598	-0.1367853066	0.0055129337	-0.0393621062	-0.1638719931	0.1159148011	-0.0975589974	0.0261252993	0.083244609	-0.1229533895	0.0417326223	-0.0305397285	0.0084788997	-0.0006938354	0.024843165	0.0301836751	-0.0994525149	-0.0921723715	-0.0320694367	-0.0831830702	-0.0326937183	-0.1851636931	-0.0523193811	-0.0516736164	0.0634526565	-0.0894093424	0.0383296914	0.0168764173	0.0737812431	0.0207750743	-0.0789789328	-0.0218100668	0.0186442525	0.0253844603	0.0758235635	-0.1092791578	-0.0254331609	-0.1307935751	0.1108143899	-0.0562907116	0.0057477021	-0.1626908272	0.0152796807	0.1092545873	0.0204056094	0.0400816497	-0.0997651947	-0.0217452177	-0.004308079	-0.050039697	0.0288215713	0.0070179021	-0.1299906954	-0.020972827	0.0	0.0	0.0	0.009815311415295	-0.0031799608631786	9.634033817922032e-05	1.0112151091347593e-05	0.0099717929676046	0.0125972722951103	9.943665498876856e-05	0.0001586912692771	-0.1623715863756558	-0.0057016610912369	0.026364532062147	3.250893919932575e-05	-0.0042410003472969	0.0001260135661285	1.5879418848446844e-08	1.798608394577243e-05	0.0001046206826906	-1.9007165652499997e-05	3.6127234614157546e-10	1.094548724664721e-08	-0.0002922800746856	-0.0002340493463687	8.542764205821992e-08	5.47790965356185e-08	0.0	0.0	0.0	0.0	0.0	0.0	0.0	0.0	0.0	0.0	0.0	0.0	0.0	0.0	0.0	0.0	0.0	0.0	0.0
848.991304070923	-2.5613226579389448	6.560373758071421	720786.2343880464	845.8509753683339	1.1529643846595263	715463.8725315619	1.3293268722933202	810.3108995915065	0.2471397235100312	0.0610780429366146	656603.7539967966	805.083740234375	685.0354036652486	1.199838	21.641207	0.0728414841710453	0.0358475317935601	0.0430744259	-0.0206400987	0.0501949565	-0.0078253018	-0.0834247437	0.0465965111	-0.0192668297	-0.0983404772	-0.0314378005	-0.0080212026	-0.0361292819	0.078908647	0.0165884995	-0.0232508375	0.120740298	-0.0222646963	0.0487038834	-0.0510732742	0.0624349745	-0.0340107982	0.0730339557	-0.0243060752	-0.0101328354	-0.0583962829	-0.1346717711	0.1400545789	-0.0095589859	-0.0537461829	0.047160527	-0.0006095836	0.0206861599	0.0232664482	-0.1547887934	-0.0485795186	-0.0220394969	0.0731258729	0.0516934714	-0.0173631995	-0.0036981589	0.0172063369	-0.1105650809	0.002734396	0.0591677392	0.0384078564	-0.0068886472	-0.0674662185	0.0324978486	0.023353942	0.0116699356	0.0919952422	0.0198660716	0.0722271081	-3.80052e-05	-0.0376558238	-0.1335848388	0.0177926364	-0.0750234742	0.0041442291	0.0050840213	0.0937508711	0.0013852234	-0.0258610179	0.1251737845	0.0358837578	-0.0051988728	0.0035102164	-0.1305556056	-0.0105205283	0.0	0.0	0.0	0.0062376524281262	-0.0035776589871688	3.890830781410868e-05	1.2799643828469684e-05	-0.0177844494197216	-0.0277562423873262	0.0003162866411626	0.000770408991464	-0.1474378531803921	0.0149337331952636	0.0217379205504428	0.0002230163871473	-0.0042890184943531	-4.801814705619918e-05	2.3057424467107704e-09	1.839567964490293e-05	-0.0001463727903014	-0.000250993472992	6.299772348458582e-08	2.1424993740617623e-08	-5.981470270806583e-05	0.0002324653719775	3.5777986600542982e-09	5.4040149168653336e-08	0.0	0.0	0.0	0.0	0.0	0.0	0.0	0.0	0.0	0.0	0.0	0.0	0.0	0.0	0.0	0.0	0.0	0.0	0.0
847.6752299604294	-1.3160741104935596	1.7320510643114142	718553.2954884669	838.9478027786033	-6.903172589730616	703833.4157870463	47.6537918036081	810.5742293749255	0.2633297834189534	0.0693425748354729	657030.5813267543	804.874212982695	674.3363235774433	0.989206	17.842077	0.119104220748712	0.0750160796996761	0.0138109265	0.0119051754	0.0474237714	-0.0165041433	-0.0475473803	0.0050869639	-0.0497965067	0.0476820936	0.0911531616	-0.0054305803	-0.0479609182	0.068723922	-0.0212691432	0.0232945291	0.0515728728	0.0176407846	-0.02203835	-0.1239470808	0.0200346202	-0.0599345886	-0.0467760054	-0.0904136118	-0.0787954019	0.0119855049	-0.1528483784	-0.1193912836	-0.0050423196	-0.052302145	0.0330265066	-0.0470207231	0.047647806	0.0106268987	0.0486461326	-0.0873636532	0.0608732632	0.0453907383	0.1059893064	-0.1545426186	0.0682231117	0.0953586359	-0.0428969957	-0.0068284926	0.0281644945	0.0692651648	-0.0204730756	-0.0452398764	0.056812069	0.0446483031	0.011769916	0.0865142924	0.0723646441	0.0082597873	-0.0373945219	-0.0249788149	0.048707225	-0.0197839265	0.0780993288	-0.0145491609	0.0190801417	0.0921581293	-0.0126660172	0.0025055247	-0.0005475255	-0.0211443757	0.0487417273	0.0	-0.1307440901	-0.0	0.0	0.0	0.0	0.003448771700917	-0.0027888807272092	1.1894026245045936e-05	7.777855710598917e-06	0.048189900210346	0.0659743496300676	0.0023222664822831	0.0043526148091104	-0.1357838227951333	0.0116540303852588	0.0184372465328601	0.0001358164242205	-0.0045230356637632	-0.0002340171694101	5.476403557871548e-08	2.0457851615673808e-05	-0.0006838629782544	-0.000537490187953	2.888957021457513e-07	4.67668573026978e-07	-6.204654546849379e-05	-2.231842760427958e-06	3.849773804573867e-09	4.981122107274688e-12	0.0	0.0	0.0	0.0	0.0	0.0	0.0	0.0	0.0	0.0	0.0	0.0	0.0	0.0	0.0	0.0	0.0	0.0	0.0
845.6778068311119	-1.9974231293175533	3.989699157532728	715170.9529666794	836.9405679011691	-2.007234877434257	700469.5141987314	4.028991853188518	809.4105477823841	-1.1636815925413655	1.3541548488196091	655145.4348613791	804.3238769919185	661.902590953321	1.01212	18.255388	0.1302006289014953	0.0684977824375803	-0.0183959903	0.0327971996	0.0452241312	-0.0673816075	-0.0379840947	0.0430914161	0.0529407552	-0.0234364155	0.0841394276	-0.0361735656	-0.0786479661	0.0239311113	-0.0061712633	-0.0218915902	0.0340617376	-0.0437225748	-0.0960251787	-0.0747606053	-0.0351299366	-0.0130968613	0.0171622184	0.2277421196	0.0251233164	-0.0262876982	0.0034021545	-0.036527353	-0.032269248	-0.0737635717	-0.0040387847	-0.0221424336	-0.0520575358	-0.0480593432	0.0149714445	-0.1447183855	-0.0724074143	-0.0342190559	-0.0060070951	0.1630031272	0.0073369906	-0.0555456724	0.006773868	-0.0190910145	-0.00356	0.0439469504	0.0213139382	-0.0356688778	0.0070810358	0.0648668121	0.0087997099	0.0461971296	-0.0371400104	-0.0907603126	0.0240866333	-0.033933808	0.0198976645	-0.1331379991	0.0704839586	0.0568830704	0.0020298116	0.0522382398	-0.0763440519	0.0217106514	-0.0224962016	0.0082302838	0.0373870683	-0.0035102164	-0.1305556056	0.0105205283	0.0	0.0	0.0	0.0050141601335269	0.0015653884326098	2.5141801844650497e-05	2.4504409449488787e-06	0.0059856512813354	-0.0422042489290106	3.5828021261752114e-05	0.0017811986276618	-0.1092382235566731	0.0265455992384601	0.0119329894858176	0.0007046688389289	-0.0051690289991693	-0.0006459933354061	4.1730738938909885e-07	2.671886079425318e-05	-0.0001343467342433	0.0005495162440111	3.0196810243206684e-07	1.804904500183988e-08	-5.984827885740151e-05	2.198266611092275e-06	3.581816482193293e-09	4.832376093443115e-12	0.0	0.0	0.0	0.0	0.0	0.0	0.0	0.0	0.0	0.0	0.0	0.0	0.0	0.0	0.0	0.0	0.0	0.0	0.0
845.5917806986365	-0.0860261324753537	0.0074004954686671	715025.459585091	837.9884933250538	1.0479254238847489	702224.7149451937	1.0981476940240305	809.0869140237229	-0.3236337586612308	0.1047388097451957	654621.6344444312	804.2037471706584	659.7700784197845	0.97515	17.588558	0.1185033128425441	0.0859989908945857	-0.0436179254	0.0676009783	0.0368333806	-0.0673077088	-0.0270000293	0.0416303869	-0.033536974	-0.1539942485	-0.0166828845	-0.0512823558	-0.0315659685	0.0271962061	-0.0551042504	-0.1230260008	-0.0030433179	-0.0316158929	0.051570615	-0.0183946713	-0.0260230585	0.1532993088	0.1034243683	0.1566428372	0.0999169295	0.014281361	0.0620859491	0.0296220388	-0.0445418984	-0.0362038362	0.0095762174	-0.0635544001	-0.1225302103	0.0421684982	-0.0996991795	-0.0157863717	-0.1113140475	-0.0627051088	-0.1443713798	0.001183369	-0.0450254446	-0.0330337627	0.0523509847	-0.0499787232	-0.074326771	0.0102209312	-0.0002604333	-0.0253554127	-0.0083481019	0.1122441314	0.0627462006	-0.0989281919	-0.0649245992	-0.0047661961	0.0634811947	0.0358009023	-0.02319325	-0.0671735107	-0.0167290197	0.0498424962	-0.0502777471	0.0276615621	-0.0643751283	-0.004214138	-0.017171449	0.009699079	0.0588034865	-0.0070179021	-0.1299906954	0.020972827	0.0	0.0	0.0	0.0128222176896599	0.007808057556133	0.000164409266481	6.096576279988565e-05	0.0076493743790422	0.0016637230977067	5.8512928390747246e-05	2.76797454584311e-06	-0.0587407276110525	0.0504974959456206	0.0034504730802758	0.0025499970967779	-0.0062740478070023	-0.0011050188078329	1.2210665656646634e-06	3.936367588455036e-05	-6.931452801017812e-05	6.503220623312189e-05	4.229187847547297e-09	4.804503793273767e-09	-5.9218568061847766e-05	6.297107955537465e-07	3.506838803295696e-09	3.965356860369323e-13	0.0	0.0	0.0	0.0	0.0	0.0	0.0	0.0	0.0	0.0	0.0	0.0	0.0	0.0	0.0	0.0	0.0	0.0	0.0
846.3388784327088	0.7470977340723266	0.5581550242560048	716289.4971467355	834.7957998082258	-3.192693516828058	696884.0273774554	10.193291892395912	808.815025475004	-0.2718885487189482	0.0739233829244958	654181.7454341312	802.6902778366865	653.3763341664413	0.983676	17.742338	0.0810612898939347	0.0425360548357302	-0.0194317774	0.0628502679	-0.0135872339	-0.0646733287	0.0338516767	0.0334404554	-0.1144275206	-0.0852770454	0.0093391068	-0.0486274925	0.0131942033	-0.0124564667	-0.0102709892	-0.0211323765	0.0288543334	0.0741932901	0.0328884831	0.0366692416	-0.080536242	0.0159176459	0.014139398	0.0150837691	0.0093394191	0.0223075369	-0.0110698533	0.1433731537	-0.0511128994	0.0146975305	-0.004371444	0.0065536631	0.0157300688	0.0868322568	-0.0506599824	0.0559049656	0.0002168719	-0.0194648788	-0.0402579563	0.0882113005	0.0047614103	0.0727418439	-0.0617503061	-0.0483949018	-0.0669942488	0.0085644728	0.0210447916	-0.0693050594	-0.0221892599	0.0282086486	0.0055034353	0.0060847838	0.0058065499	0.0650503991	-0.003530653	-0.0070474299	-0.144387901	-0.02262367	-0.0461710463	0.0017622316	-0.0378779341	-0.0009909519	-0.0418622992	-0.0165556703	-0.0052458765	0.0510619809	-0.0628518379	-0.0105205283	-0.1290509885	0.0312891088	0.0	0.0	0.0	0.0125061699722976	-0.0003160477173623	0.0001564042873759	9.988615964992113e-08	-0.0215032581694032	-0.0291526325484454	0.0004623901119	0.0008498759845046	-0.0622481312613558	-0.0035074036503033	0.0038748298455309	1.2301880366160935e-05	-0.0059351082640917	0.0003389395429106	1.148800137484465e-07	3.522551010648959e-05	-0.0003402833693924	-0.0002709688413822	7.342411300002374e-08	1.1579277148504458e-07	-0.0004110143033255	-0.0003517957352636	1.6893275753814614e-07	1.237602393496937e-07	0.0	0.0	0.0	0.0	0.0	0.0	0.0	0.0	0.0	0.0	0.0	0.0	0.0	0.0	0.0	0.0	0.0	0.0	0.0
846.7274124135115	0.3885339808026629	0.150958654238364	716947.3109324808	838.7775584787562	3.9817586705304393	703547.7926075832	15.854402110344331	809.8360498372602	1.0210243622562984	1.042490748320881	655834.4276160175	804.7609574915999	658.851080344142	0.8052559999999999	14.52422	0.079733359257461	0.0525341288296118	-0.0163925898	0.0713661522	0.0030405483	-0.0432317424	-0.026229332	0.057618278	-0.1194679019	-0.0682982053	0.0160542446	-0.033907446	0.0139777511	0.0655247625	-0.0759716331	0.0095930319	0.0710820951	0.0675740903	0.0430729329	0.0117178758	0.0163292518	0.0247277858	0.1489085474	0.020872123	-0.0369967544	0.06498687	0.1105526884	-0.017319294	-0.0311938832	-0.0023168291	0.0215240322	-0.094588827	0.0498482514	0.0973999036	-0.0684509975	-0.0008308427	-0.0087679259	0.0542057464	-0.0583031294	0.0334796771	-0.0802214242	0.0391824852	0.0099041533	-0.0562779982	-0.0681533885	0.0083598632	0.0142223378	-0.0648213572	0.0146438826	0.0302112165	-0.0059130442	0.0439387121	0.0175719623	0.0943474373	-0.041280096	0.0470568228	-0.0859415835	0.0403258556	0.0263910391	-0.0361389559	-0.0179823831	0.0471535377	0.0289628555	-0.0605153047	-0.0210781759	0.0709199956	-0.0217532273	-0.0140155698	-0.1277391941	0.0414024687	0.0	0.0	0.0	0.0124551905722825	-5.097940001509878e-05	0.0001551317721918	2.598899225899453e-09	0.0269773169714824	0.0484805751408856	0.0007277756309798	0.002350366165991	-0.0687398859629411	-0.0064917547015852	0.0047251719221981	4.214287910555484e-05	-0.0062901111598855	-0.0003550028957938	1.2602705602198388e-07	3.956549840371611e-05	-0.0002809593415968	5.93240277956e-05	3.519340273893121e-09	7.893815163050735e-08	-0.0004908883800356	-7.987407671009998e-05	2.409714016539757e-07	6.379868130290936e-09	0.0	0.0	0.0	0.0	0.0	0.0	0.0	0.0	0.0	0.0	0.0	0.0	0.0	0.0	0.0	0.0	0.0	0.0	0.0
847.0001546549413	0.2727422414297962	0.0743883302601492	717409.2619854945	840.0259007992952	1.2483423205389954	705643.5140136674	1.558358549248684	809.7398393526768	-0.0962104845834801	0.009256457343788	655678.6074348987	804.1796838792704	665.1115023295084	0.809525	14.601216	0.0281649283441501	0.0203779974369364	-0.0125533857	0.0601722209	0.0014052083	-0.0050770993	0.0461510895	0.0130909485	-0.1424779971	-0.0988665174	0.0533350049	-0.0320768645	0.0188765234	0.0065111214	-0.1066196655	0.0350633306	0.1043128229	0.0934581095	-0.0589686543	0.0394794589	-0.1437127648	-0.0113448761	0.0164742402	-0.019111337	0.0295207442	-0.1060954075	0.1093173534	-0.0239722524	-0.0297098381	0.0202378096	-0.0206384118	-0.0840248624	0.0657418677	0.1451914976	-0.0462648515	-0.0421173294	0.0892448305	-0.1108888314	-0.0603557491	0.0411040469	-0.0278722753	-0.0112651685	0.0024805545	-0.0620550717	-0.0838165093	-0.0014952275	0.0062815251	-0.0651074524	-0.0275465882	0.0477798175	0.0678884232	-0.1334151942	0.0509836	0.1014921195	-0.0080662501	0.0131984245	-0.0391504884	-0.0812129401	0.053284825	0.0026432787	-0.0509848748	0.0074212816	0.0108295877	0.0084421727	-0.0025169433	0.0626870055	-0.0277750791	-0.0175005068	-0.1260590946	0.0512473178	0.0	0.0	0.0	0.0125189013589732	6.371078669070024e-05	0.0001567228912357	4.059064340747906e-09	0.0219721117337456	-0.0050052052377367	0.0004827736940402	2.5052079471867875e-05	-0.0496491391283484	0.0190907468345927	0.002465037016186	0.0003644566147025	-0.0063351005890105	-4.498942912499991e-05	2.0240487329933902e-09	4.013349947288118e-05	-0.0002459483647789	3.501097681789998e-05	1.22576849774353e-09	6.049059813741486e-08	-0.0004907834762759	1.0490375970000945e-07	2.408684205854569e-07	1.1004798799197324e-14	0.0	0.0	0.0	0.0	0.0	0.0	0.0	0.0	0.0	0.0	0.0	0.0	0.0	0.0	0.0	0.0	0.0	0.0	0.0
846.8617229178918	-0.1384317370494727	0.0191633458225343	717174.7777434601	843.1495062786599	3.1236054793647554	710901.089937948	9.756911190717524	809.0598298088568	-0.680009543820006	0.4624129796862926	654577.8082103363	803.9014625549316	669.1354764576026	0.839491	15.141713	0.0726567918395462	0.0415872301558549	-0.0132548037	0.0683755239	0.0287824448	-0.0078772507	-0.0132877604	-0.0188084076	-0.1611199758	0.0376509548	0.1529129348	-0.0525537544	0.0294207383	0.030638448	-0.0599035524	0.0462220191	0.0271760243	0.1302412803	-0.0775167529	0.0171444877	0.0187224015	-0.0239041563	0.0196606926	-0.0101560091	-0.0296008224	-0.0824532866	-0.0308467802	0.0594051509	-0.0523301768	0.0164134916	-0.001507033	-0.0572836078	0.0732422982	0.119648674	0.0581119234	-0.0358878779	0.0611154386	0.0163093394	-0.0552212721	-0.0107678655	-0.0316702596	0.0228708218	-0.0359654484	-0.0613200702	-0.0836016479	-0.0012104848	0.024450684	-0.0733386501	0.0047399915	0.0093594295	-0.0086723553	0.0654346405	0.0602700095	0.0549170892	-0.0796064496	0.013122423	0.0054083226	0.0136419726	0.0876902227	-0.0515431273	-0.0766188696	0.0112007246	0.0319759541	-0.0305030731	0.0136860103	-0.0158391679	0.0092489903	-0.020972827	-0.124015534	0.0607598083	0.0	0.0	0.0	0.0123925882173381	-0.0001263131416351	0.0001535762427245	1.5955009749728994e-08	-0.01115923401683	-0.0331313457505756	0.0001245285038423	0.0010976860712441	-0.0591299454940639	-0.0094808063657154	0.0034963504541309	8.988568934419143e-05	-0.0060361673861199	0.0002989332028905	8.936105979043242e-08	3.643531671325755e-05	-0.0005440189005447	-0.0002980705357657	8.884604429171104e-08	2.9595656414986415e-07	-0.0004921462692519	-1.362792976000054e-06	2.4220795033856365e-07	1.857204695435084e-12	0.0	0.0	0.0	0.0	0.0	0.0	0.0	0.0	0.0	0.0	0.0	0.0	0.0	0.0	0.0	0.0	0.0	0.0	0.0
847.3645345520306	0.5028116341387658	0.2528195394252961	718026.6544165794	838.100095997686	-5.049410280973916	702411.7709113306	25.49654418560508	808.692450711203	-0.3673790976537248	0.134967401392865	653983.4798372915	802.1705873133773	667.5153438882588	0.829009	14.952648	0.1056116276319011	0.0744311464076842	-0.0067008637	0.0573918753	-0.0110176994	-0.0322318611	0.1053234344	0.0095119884	-0.0258720275	0.1275749893	0.0983728212	-0.0601939119	0.0736224139	0.0236213832	-0.0759323214	0.0602819064	0.0334797932	0.0865410433	-0.1038207322	-0.0544152002	0.0842205035	0.0022753548	0.0152370088	-0.0642480153	-0.0015169525	-0.0936966473	-0.1035296774	0.0406276162	-0.0617830967	0.0758456639	-0.0143182158	-0.0798001976	0.0692885742	0.0240267338	0.0826576639	-0.0438196575	0.1060040117	0.1133870137	0.0035997179	-0.0862827497	-0.0139561571	0.0440005848	-0.0394375207	-0.0680841698	-0.0867414547	-0.0017178797	0.012786806	-0.0581108639	0.016666926	0.0211110184	-0.0386964121	0.0605500826	0.0334215362	-0.0223099589	-0.037275562	0.0760018971	0.0709713872	-0.0220435427	0.1432646792	-0.0917030685	-0.0216414741	0.0728821063	0.0230603488	-0.0081620279	-0.0981113929	0.0501686025	-0.0002777368	-0.0244300268	-0.1216144046	0.0698782481	0.0	0.0	0.0	0.0123496351682632	-4.295304907490048e-05	0.0001525134887892	1.844964424830809e-09	0.0542825340298946	0.0654417680467246	0.0029465935007066	0.0042826250050813	-0.0612882659451656	-0.0021583204511017	0.0037562515425653	4.658347169643858e-06	-0.0066741537007823	-0.0006379863146623	4.0702653769651037e-07	4.454432762166607e-05	-0.0004228634585865	0.0001211554419581	1.4678641116086764e-08	1.788135046077366e-07	-0.0004919163041725	2.2996507939999482e-07	2.419816503107316e-07	5.28839377434459e-14	0.0	0.0	0.0	0.0	0.0	0.0	0.0	0.0	0.0	0.0	0.0	0.0	0.0	0.0	0.0	0.0	0.0	0.0	0.0
847.1079908732864	-0.2565436787441513	0.0658146591035823	717591.9482013759	839.9308030501655	1.8307070524795108	705483.7539124959	3.351488311998218	809.5678797410434	0.8754290298403475	0.7663759862872122	655400.1519084085	804.2132269649182	666.6605626588226	0.936025	16.882866	0.0653647742576982	0.0441795137467672	0.0013743232	0.0738909098	-0.0125333547	-0.016459016	0.0610199013	0.02924444	-0.0202239435	-0.0166900071	0.0935476941	-0.0439712288	0.0630453551	0.0348301489	-0.0815866882	0.0181783002	-0.0499452412	0.0380423553	-0.2265441881	-0.0360983439	-0.1653265451	0.0928316777	-0.0411974866	-0.1094633135	-0.0066435758	-0.1111713665	-0.0364289667	-0.0780713538	-0.0350340787	0.0613551288	0.0032592473	-0.075702785	-0.0386987732	0.0435825397	0.1455786353	-0.1476531251	0.1480666523	-0.1376268233	-0.0484316253	-0.0900357577	0.034137079	-0.0333416823	0.0913464599	-0.0710484697	-0.0877545354	-0.0098014387	-0.0064698975	-0.0774106844	-0.0195205998	0.0388186931	0.0495994609	-0.1160836967	0.077928385	-0.0276670157	-0.0334508497	-0.0336841235	0.11496797	-0.127138896	0.0609244854	-0.0003308617	-0.0812743953	0.020595289	-0.022964796	0.020682365	-0.0176394483	-0.0390257501	-0.0100782795	-0.027869614	-0.1188626294	0.0785435007	0.0	0.0	0.0	0.0120530311377251	-0.0002966040305381	0.0001452755596069	8.797395093144646e-08	0.0134535758299136	-0.040828958199981	0.0001809987026112	0.0016670038276957	-0.0570424529951765	0.0042458129499891	0.0032538414437069	1.8026927606295168e-05	-0.0063961810804528	0.0002779726203295	7.726877765284838e-08	4.091113241394234e-05	-0.000543930651371	-0.0001210671927844	1.4657265168719289e-08	2.958605535008804e-07	-0.0004927444726023	-8.281684297999732e-07	2.427971152801188e-07	6.858629481173531e-13	0.0	0.0	0.0	0.0	0.0	0.0	0.0	0.0	0.0	0.0	0.0	0.0	0.0	0.0	0.0	0.0	0.0	0.0	0.0
848.0445369506002	0.9365460773137784	0.8771185549318258	719179.5366517579	834.591219805289	-5.339583244876508	696542.5041760802	28.51114922896593	810.0338397286596	0.4659599876162019	0.217118710059291	656154.8215055558	804.4935448080806	673.9484331684728	1.019518	18.388824	0.0499270950664646	0.0330746462793936	-0.0012646598	0.0829471845	-0.0112896804	-0.0583077433	0.1171005851	0.0418313056	0.0873659897	-0.0337434153	0.0926444162	-0.019872222	0.0634746332	-0.0304511471	-0.1319482651	-0.0787307545	-0.0801860815	-0.0864996695	-0.0078621983	-0.0430975427	0.0392940612	0.0711019849	0.0040327416	0.0537160944	0.0148667571	-0.0184129634	-0.0329102043	0.0718264257	-0.0216323989	0.0789799672	-0.0347084012	-0.0894358951	-0.1523866532	-0.0608035203	0.0437887354	-0.024552479	-0.0489758162	0.0379357804	-0.0890619928	0.0716140071	0.0125803094	-0.0033332698	-0.0134831964	-0.0826190266	-0.1116051081	-0.0175452724	0.0104544417	-0.0929280155	-0.0234483219	0.0001463716	-0.0579991785	0.0646735968	-0.0572113949	-0.0289967732	0.0299778297	-0.0251779553	0.0066530073	0.0457277213	-0.0246020296	0.021750022	-0.0793521566	0.0421386404	-0.0561095602	-0.0713323494	-0.015506943	-0.1064668328	0.0447901455	-0.0312891088	-0.1157681424	0.0866993686	0.0	0.0	0.0	0.0120617873675854	8.75622986030132e-06	0.0001454867145008	7.667156136643249e-11	-0.0154337829939947	-0.0288873588239083	0.0002382016575057	0.0008344794998212	-0.0487433407790405	0.0082991122161359	0.0023759132703016	6.887526357601771e-05	-0.0066506869377792	-0.0002545058573264	6.477323141344604e-08	4.423163674434688e-05	-0.0005438682958558	6.235551519996173e-08	3.8882102758526585e-15	2.95792723237092e-07	-0.0004928136156919	-6.914308959995835e-08	2.4286525981132364e-07	4.780766839427867e-15	0.0	0.0	0.0	0.0	0.0	0.0	0.0	0.0	0.0	0.0	0.0	0.0	0.0	0.0	0.0	0.0	0.0	0.0	0.0
849.1541690773172	1.1096321267169742	1.231283456642435	721062.802861389	837.9383329308552	3.347113125566125	702140.6497949406	11.203166275337033	810.6172009556539	0.5833612269942705	0.3403103211602608	657100.2464851789	804.3777312068615	676.8528039173414	0.941887	16.988598	0.1273539297275443	0.0864420259439328	0.0251452218	0.0837773655	-0.0029547778	-0.0523095819	0.107510222	0.1514236809	0.097499577	-0.1528910361	-0.016146962	-0.0077281235	0.0269533724	0.0875596241	-0.1821955793	0.0282901578	0.0500064225	-0.0248755557	0.0503816285	0.0356221404	0.0594280719	-0.0678664161	0.1392967384	0.0182580425	-0.0300393751	0.0788552951	-0.1377636301	0.1037535438	-0.0100110547	0.0478576682	-0.0186385642	-0.1981056257	0.0240467091	-0.0046525406	-0.1093461812	0.0590604833	0.0365134654	0.1253407557	0.0313611955	-0.0037505438	-0.0726526839	0.1116483113	-0.0741750128	-0.0893800801	-0.1042922861	-0.0224975953	-0.0169908429	-0.0842039791	0.0260422249	0.0391685179	-0.0447497726	0.0318248088	-0.0187174748	0.0454324808	0.0316541624	0.0963660141	-0.0416978384	0.0649239937	-0.0462185126	-0.0407274274	0.0148762742	0.0702088693	0.0113921238	-0.0634005144	-0.0952115403	0.0176358515	-0.0218616527	-0.0346860458	-0.1123398659	0.0942929578	0.0	0.0	0.0	0.0253626963475142	0.0133009089799287	0.0006432663660162	0.0001769141796923	0.0676176478793877	0.0830514308733824	0.0045721463047408	0.0068975401701162	-0.0566232650315186	-0.007879924252478	0.0032061941428295	6.209320622479251e-05	-0.007000221228881	-0.0003495342911018	1.2217422065603792e-07	4.900309725327622e-05	-0.0006557805668574	-0.0001119122710016	1.2524356400735558e-08	4.300481518678129e-07	-0.0004938003660236	-9.86750331700005e-07	2.438388014850413e-07	9.736762171100698e-13	0.0	0.0	0.0	0.0	0.0	0.0	0.0	0.0	0.0	0.0	0.0	0.0	0.0	0.0	0.0	0.0	0.0	0.0	0.0
847.1865574968978	-1.9676115804194296	3.8714953314006455	717725.0632034445	838.7178834555806	0.7795505247254368	703447.6880282089	0.6076990205997039	811.430880438721	0.8136794830671761	0.6620743011644669	658420.073729558	805.7479647620249	676.1371420036508	1.018998	18.379436	0.0979269970336538	0.0716017637991378	0.0093102047	0.0855486983	0.0614266154	-0.0132387035	0.014638229	0.0448724666	-0.076737115	-0.0673114096	0.1794871254	0.0035062141	-0.0549820025	0.0860120513	-0.1904951701	0.074960299	0.1099460795	0.0220561548	-0.0312129931	0.0278486586	-0.1799102128	0.0723313779	-0.0038245153	0.0011886517	0.0262116176	-0.0730061104	-0.0412414444	-0.0314090946	0.0058315082	-0.0391442884	-0.0163264947	-0.2026293762	0.0765068293	0.0813920629	-0.040143565	-0.0838784358	0.072016304	-0.2017318853	-0.1124329256	0.0035345969	0.0391771402	0.0036297966	-0.0108405907	-0.0918020595	-0.1107528985	-0.0153907032	0.0379707991	-0.0820308119	-0.0087258392	0.0673727703	0.0821656087	-0.1770306186	0.0474614433	0.0574649099	-0.0488866212	0.0304392068	0.03474141	-0.1053838946	0.0085025754	0.0213734852	0.0033424166	-0.0202146451	0.0335074846	0.0289032999	-0.0308779158	0.0405668177	0.0014042218	-0.0380579761	-0.1085876845	0.1012750209	0.0	0.0	0.0	0.0120491410582133	-0.0133135552893008	0.0001451818002407	0.0001772507544412	-0.0018507485655732	-0.0694683964449609	3.425270252971257e-06	0.0048258581046342	-0.0578718215597007	-0.0012485565281821	0.0033491477306378	1.558893404066139e-06	-0.0068351863532336	0.0001650348756473	2.7236510179952696e-08	4.671977248343085e-05	-0.0005438224080622	0.0001119581587951	1.2534629320811213e-08	2.9574281151057e-07	-0.000492863625042	9.367409815999638e-07	2.429145528895412e-07	8.774836666088637e-13	0.0	0.0	0.0	0.0	0.0	0.0	0.0	0.0	0.0	0.0	0.0	0.0	0.0	0.0	0.0	0.0	0.0	0.0	0.0
846.2575052812048	-0.929052215692991	0.8631380194840559	716151.7652447684	834.7838995007501	-3.933983954830524	696864.1588656784	15.476229756864006	809.9337855415392	-1.497094897181796	2.241293131167773	655992.7369616481	804.6935027170989	662.7697236802843	1.044208	18.834148	0.0850406725083814	0.0445052752474959	-0.0211422975	0.1086799207	0.0365159973	-0.0610513508	0.0249903382	0.0405559813	-0.0693007935	-0.0407592149	0.1293935703	-0.0360351962	-0.02053431	0.0991090696	-0.1834380479	-0.0417135372	-0.0263104954	0.0324039416	-0.113335588	-0.0483663569	0.1111602002	-0.0736552709	-0.0332380805	-0.0405740354	-0.0557560651	-0.000203076	-0.0396646915	0.0855657825	-0.0326555235	-0.0148202543	-0.0047340018	-0.1916433473	-0.0420025424	0.0388750273	0.1129170763	-0.1135811154	0.0248125644	0.0882671039	0.0581037514	0.0098749596	-0.0258718688	0.0555556382	-0.0321856056	-0.0879861584	-0.123565786	-0.0096500692	0.0355562929	-0.0801495332	-0.0095151142	0.012656531	-0.0188860944	0.1065971701	0.0567700153	-0.000767294	-0.0551955698	-0.0118678186	0.0634954487	0.0402702955	0.0001173094	-0.0243728667	-0.1233224149	0.0388838433	-0.0082976953	-0.0192645643	0.0314050914	-0.1108626721	-0.0093517573	-0.0414024687	-0.1045224167	0.1076002767	0.0	0.0	0.0	0.0119454141685082	-0.000103726889705	0.0001426929196571	1.0759267647893916e-08	-0.0065198626842288	-0.0046691141186555	4.250860942119917e-05	2.1800626653029057e-05	-0.03767101195902	0.0202008096006807	0.0014191051420166	0.0004080727085229	-0.0060922456412318	0.0007429407120018	5.519609015497423e-07	3.7115456953107866e-05	-0.0009352120777588	-0.0003913896696965	1.531858735452136e-07	8.746216303859318e-07	-0.0004258535687536	6.701005628839999e-05	1.8135126202017716e-07	4.490347643774535e-09	0.0	0.0	0.0	0.0	0.0	0.0	0.0	0.0	0.0	0.0	0.0	0.0	0.0	0.0	0.0	0.0	0.0	0.0	0.0
847.2993957838441	1.041890502639376	1.0855358194901312	717916.2660956674	831.5323866692142	-3.25151283153582	691446.1100797997	10.572335693642083	809.5006713479416	-0.4331141935975893	0.18758790469569	655291.3369127682	803.8575506177999	664.3668831035656	1.004431	18.116693	0.1456710966852095	0.0878238714878621	-0.0164726627	0.1227082773	-0.0046884003	-0.0816487185	0.0835237952	0.089963518	0.0325734863	-0.0746981672	0.021632648	-0.0473340716	-0.0008714739	0.048269224	-0.1473806157	-0.1196259994	-0.0586283414	0.0070223945	-0.0360845282	-0.0292789865	0.1061768438	0.1531338183	0.0919052505	-0.0624256091	0.0920052284	0.155465163	-0.0386362078	-0.0224977766	-0.0406449343	0.0230460355	0.0040797885	-0.1485842047	-0.1311356993	-0.0059527344	0.0394274924	0.0303583589	-0.0228189839	0.0503531422	-0.0861721336	-0.082358181	-0.1173343228	0.1448150856	0.1000389916	-0.1074611951	-0.1224422004	-0.017532645	0.0062990194	-0.0401151283	-0.0025005242	0.0735258548	-0.0800520567	0.0393038795	-0.0498325826	-0.0183236099	0.0149932463	0.049675749	-0.0042693774	0.0519493848	-0.0654511402	-0.0082897054	0.0118005998	0.0223873454	-0.0826796341	-0.0347498067	-0.0973838712	-0.0460713973	0.0278660047	-0.0447171124	-0.1001557837	0.1132277034	0.0	0.0	0.0	0.011843989669714	-0.0001014244987941	0.0001402800912962	1.0286928955654606e-08	0.0634693954535094	0.0699892581377382	0.0040283641592339	0.0048984962546709	-0.0544491158337621	-0.0167781038747421	0.0029647062150784	0.0002815047696316	-0.0070872665562548	-0.000995020915023	9.900666213332086e-07	5.0229347239407776e-05	-0.0008232571319957	0.000111954945763	1.2533909880818649e-08	6.777523053817855e-07	-0.0004949239114462	-6.907034269259995e-05	2.44949678121206e-07	4.770712239673195e-09	0.0	0.0	0.0	0.0	0.0	0.0	0.0	0.0	0.0	0.0	0.0	0.0	0.0	0.0	0.0	0.0	0.0	0.0	0.0
846.956635829868	-0.3427599539761559	0.1174843860497365	717335.5429762476	840.3680764903193	8.835689821105007	706218.5039840391	78.06941461477862	808.9761715104953	-0.5244998374463421	0.2751000794812392	654442.4460717783	803.7910823757366	671.0854006394691	1.04441	18.837788	0.1227425345081709	0.0970308465265617	-0.0008895653	0.1015525478	0.0382300762	-0.0463922588	0.0181919717	0.1107665123	-0.0469581739	-0.0950487079	-0.0380759368	-0.0528241685	0.0402790702	0.0326117438	-0.0665141484	-0.0116672149	0.0596221902	0.0983209536	-0.0462781068	0.0844614295	-0.1054693634	0.1519739643	0.1212850402	0.00426047	-0.0110080293	-0.1064914545	0.0241402307	-0.0218610546	-0.0456366649	0.0255908752	0.0109310255	-0.0753481962	0.0225093732	0.1151862119	-0.0436983986	-0.0019744854	0.0109689009	-0.0725898162	-0.216934114	0.0445636268	-0.0630223307	0.01030126	0.0135133319	-0.0992661429	-0.1106389561	-0.0442484883	0.0693288202	-0.0688086257	-0.0492971479	0.0706442594	0.0382500623	-0.1019268616	-0.0259714516	0.0168876011	-0.0375460935	0.0509454344	-0.0343516361	-0.0434436311	-0.0632489446	0.0175706997	-0.0114009866	-0.027959395	0.0388263032	0.0167672353	0.0100999583	0.0674943706	-0.0601593265	-0.0479995176	-0.0955003756	0.118120805	0.0	0.0	0.0	0.0120524113108473	0.0002084216411332	0.0001452606184058	4.343958049269789e-08	-0.0306532449322958	-0.0941226403858052	0.0009396214248793	0.0088590714331956	-0.0564822153021395	-0.0020330994683774	0.0031902406454372	4.133493448316478e-06	-0.0068411939943273	0.0002460725619275	6.05517057335634e-08	4.680193526801992e-05	-0.0005438211434409	0.0002794359885548	7.808447169959835e-08	2.95741436053368e-07	-0.0004928650016714	2.058909774799969e-06	2.429159098725491e-07	4.23910946076686e-12	0.0	0.0	0.0	0.0	0.0	0.0	0.0	0.0	0.0	0.0	0.0	0.0	0.0	0.0	0.0	0.0	0.0	0.0	0.0
845.8170427451411	-1.1395930847269256	1.2986723987574298	715406.4697981358	840.7806466144065	0.4125701240872104	706912.0957213395	0.1702141072893361	809.3677150236757	0.3915435131804088	0.1533063227136569	655076.098122646	803.768943928864	667.7174283372885	0.969475	17.486202	0.0733828257967471	0.0435218154160856	-0.0038158361	0.1389199046	0.0433034219	-0.0367958807	-0.0124246122	0.0454860047	-0.0962168298	-0.0047067975	0.0836387745	-0.0470046527	0.0156928743	0.0655154407	-0.0873739696	0.0364112102	-0.0804919544	0.0960782944	-0.1224261411	-0.040385779	0.05336597	0.0989885988	0.0843337926	-0.0779561953	-0.0688512923	-0.1509541966	0.0577817586	0.0260912861	-0.0461451634	-5.04486e-05	0.0396781039	-0.1200328274	0.0395355539	0.077919843	0.1484650489	-0.0454067381	0.0650476447	0.0008165393	-0.0436809232	-0.067651682	-0.1226729451	0.0838658907	0.0081065108	-0.1208371609	-0.1330088674	-0.0436883042	0.0561634391	-0.0493641323	-0.0123998977	0.04531667	-0.0488504376	0.0244736764	0.0578288554	0.0183096582	-0.0853146355	-0.0193403439	0.1033240914	0.0571466387	0.0394647167	0.0095001006	-0.0663755172	0.0625439064	0.0302022096	0.0335894484	0.0281312319	-0.009856079	0.0099079385	-0.0512473178	-0.0905696153	0.1222478479	0.0	0.0	0.0	0.0120157986004016	-3.661271044570064e-05	0.0001443794160054	1.3404905661807163e-09	0.0034747752300887	0.0341280201623845	1.207406289963798e-05	0.0011647217602041	-0.0568245901452115	-0.0003423748430719	0.0032290340451712	1.1722053316857225e-07	-0.0070037163796782	-0.0001625223853508	2.641352574014632e-08	4.905204312697271e-05	-0.000983899480887	-0.0004400783374461	1.936689430893235e-07	9.68058188489708e-07	-0.0003179493628515	0.0001749156388199	1.0109179733767481e-07	3.0595480703773713e-08	0.0	0.0	0.0	0.0	0.0	0.0	0.0	0.0	0.0	0.0	0.0	0.0	0.0	0.0	0.0	0.0	0.0	0.0	0.0
845.7959582760124	-0.0210844691287093	0.0004445548384394	715370.8030360381	837.5650542991749	-3.215592315231561	701515.2201831798	10.34003393777627	809.8293334107841	0.4616183871083876	0.2130915353165492	655823.5492525549	804.2673054194046	661.1999788455211	1.053696	19.00527	0.0614534795567547	0.0535862282555478	-0.0207205077	0.1355615037	-0.0014436041	-0.0942338674	0.0010598508	0.0859760036	0.0240391307	-0.0124615034	0.0174741115	-0.0255101727	-0.0179041278	0.0804198788	-0.0547492925	-0.1386607074	-0.1329219515	-0.0465760578	0.015417368	-0.0490424211	-0.0580405867	0.0887578348	0.023564175	0.1387637593	-0.0300802823	0.0328563774	0.1186783802	-0.0539084274	-0.0299347644	-0.0260833136	0.0633909464	-0.0904450382	-0.1732966927	-0.0218145094	0.0620674315	-0.0103060048	-0.0791985043	-0.0779092215	-0.0463584029	0.1071630837	-0.0068543237	-0.0123049967	-0.0064257977	-0.1093958373	-0.0691809918	-0.0392200325	0.0713720401	0.0062284723	-0.0392747684	0.0777719877	-0.0904762979	-0.024148809	-0.0679541458	-0.1365663529	0.0085795517	-0.0769939137	0.093960872	-0.0241500525	-0.009988077	0.1441887133	-0.008777334	0.0074004692	-0.0847055801	0.0697286309	-0.0527151575	0.0160272442	-0.0277319824	-0.0544581714	-0.0853777193	0.1255820665	0.0	0.0	0.0	0.0120360985460479	2.0299945646300516e-05	0.0001448676682101	4.1208779324275516e-10	0.0074214340874902	0.0039466588574015	5.50776839149615e-05	1.5576116136705716e-05	-0.1085822256645485	-0.051757635519337	0.0117900997302669	0.0026788528345525	-0.0069032104469377	0.0001005059327404	1.0101442516037766e-08	4.765431447470981e-05	-0.0009899426840191	-6.043203132099963e-06	3.652030409582281e-11	9.799865176429396e-07	-0.0003099207940367	8.028568814799988e-06	9.605089857633861e-08	6.445791721397889e-11	0.0	0.0	0.0	0.0	0.0	0.0	0.0	0.0	0.0	0.0	0.0	0.0	0.0	0.0	0.0	0.0	0.0	0.0	0.0
846.2251900924117	0.4292318163993514	0.1842399522094865	716097.0723469383	838.9490081123683	1.3839538131934432	703835.4382127267	1.915328157052672	810.338329930772	0.5089965199879316	0.2590774573598248	656648.2089549927	805.023793159097	656.8079936256545	0.967909	17.457964	0.0582101376931301	0.0326420015391327	-0.0317011964	0.1482970114	0.0144578667	-0.0976852289	-0.0066915421	0.0770418803	-0.0143241387	-0.1506681858	-0.1290486152	-0.010173749	-0.0078959672	0.0618026434	-0.0898331708	-0.1907731704	-0.0973508758	0.0952689276	0.0978189609	0.0534362319	-0.11796712	0.0099665469	0.0802346664	0.0835909297	0.0320954011	0.1620765022	-0.1757219208	0.0277930244	-0.0183512878	-0.0195089634	0.0460788727	-0.0830078513	-0.165584571	0.0987031782	-0.0260087474	0.1196674181	-0.0734664322	-0.0533021629	-0.0102114054	0.0711564801	-0.0155026681	0.1233465451	-0.0228312176	-0.1274807169	-0.0928343541	-0.0326332155	0.0298699893	0.029385821	-0.0247520259	0.094180492	-0.0812819294	-0.0210846457	-0.0009385306	0.0031245633	-0.0159210758	-0.0268790683	-0.0407801029	0.0495788821	-0.1424421428	0.033079874	0.0061535034	-0.0481223432	-0.0980282681	0.0730512521	0.0264802959	0.0215811915	-0.0195506152	-0.0576297638	-0.0799396572	0.1281018373	0.0	0.0	0.0	0.0091243666328324	-0.0029117319132155	8.325406645034525e-05	8.478182734437598e-06	0.0357766320986456	0.0283551980111554	0.0012799674043218	0.0008040172542518	-0.0968802684631242	0.0117019572014243	0.009385786417487	0.0001369358023439	-0.0070031720392624	-9.996159232469968e-05	9.992319940089458e-09	4.9044418611506685e-05	-0.0008310863478686	0.0001588563361504	2.5235335535160652e-08	6.907045176135676e-07	-0.0002639137111652	4.600708287150001e-05	6.96504469409886e-08	2.1166516743450692e-09	0.0	0.0	0.0	0.0	0.0	0.0	0.0	0.0	0.0	0.0	0.0	0.0	0.0	0.0	0.0	0.0	0.0	0.0	0.0
850.6739296496553	4.448739557243584	19.791283648183843	723646.1345855867	844.8526729639026	5.903664851534245	713776.039014251	34.85325867924086	811.5670124524128	1.228682521640735	1.5096607389854355	658641.0157009347	805.8479157140699	660.5441460250527	1.194964	21.553301	0.178052223509679	0.1141237223882476	-0.0079207118	0.0849934738	-0.0911568009	-0.0312021316	-0.0063734063	-0.0056511696	-0.0167213211	0.0549312785	-0.0665407233	0.0348820284	0.0301288179	0.0231114153	0.0188560022	0.040572937	0.0311138674	0.1160120894	0.056041473	0.0119314233	0.0495265651	0.0624223959	-0.246858333	0.0031516453	-0.0853639145	0.3029659267	-0.0708174594	0.0450610942	0.0256805749	0.0140689338	0.0471116074	0.0188131535	0.0477701868	0.0418496974	0.0602623618	0.1510219317	-0.0012775727	0.0918907906	-0.0434404751	0.083555688	0.2789576505	0.1523127972	0.0907156522	-0.0651792996	-0.0072952488	-0.0224197544	-0.0388628568	0.1281689907	0.0030363593	0.0067887941	-0.0745940564	0.0069888696	0.0285373395	-0.0677872212	-0.1160040288	0.0198957106	0.0692474073	0.1283975038	-0.0985420846	-0.0286537357	0.1819010119	-0.1648797375	0.0361344871	-0.0908343452	0.1125777272	0.0362697576	-0.245041278	-0.0607598083	-0.0742711084	0.1297908185	0.0	0.0	0.0	0.0056791410161309	-0.0034452256167014	3.225264268110031e-05	1.1869579549976228e-05	0.0611976967905008	0.0254210646918552	0.003745158092462	0.0006462305300674	-0.1552068480044965	-0.0583265795413723	0.0240891656674908	0.003401989880996	-0.0054660974514546	0.0015370745878078	2.3625982884845187e-06	2.9878221348798476e-05	-0.0005688315642806	0.000262254783588	6.877757151478872e-08	3.235693485219144e-07	-0.000246056009366	1.78577017992e-05	6.054355974512107e-08	3.1889751354915085e-10	0.0	0.0	0.0	0.0	0.0	0.0	0.0	0.0	0.0	0.0	0.0	0.0	0.0	0.0	0.0	0.0	0.0	0.0	0.0
854.8433670272972	4.169437377641884	17.384208046077234	730757.1821505663	852.0456019968226	7.192929032920006	725981.7078821278	51.73822807262353	812.906680813587	1.3396683611741764	1.7947113179311036	660817.2717113629	806.8683385687359	682.9912544100088	1.190295	21.46908	0.2936498941970061	0.1707123472701496	0.045192872	0.0053323711	-0.1109286396	0.0437369051	0.0222369302	0.0004611046	0.0821950913	0.1465888039	-0.0896338028	0.0775144794	0.0892099877	0.0270588829	0.0594669093	0.0277899867	-0.1100254158	-0.067810188	-0.0839800085	-0.0397481324	-0.0074929466	-0.0168427233	-0.1741365631	0.1113073519	-0.0514850733	0.0031009093	-0.0204165753	0.1454891202	0.0716765395	0.0811660634	0.0531146092	0.0400535478	-0.0336471606	-0.1226996248	0.1031495071	0.0024454814	0.0961739674	0.0405528443	0.0653834843	0.0861117408	0.1731875845	-0.098432827	-0.0777550005	-0.0235291446	0.086830932	-0.0373608256	0.0342552002	0.0135345278	-0.0783045582	-0.1392681976	0.0287229875	-0.0161802935	-0.0275959778	-0.2265812591	-0.0589474203	-0.1217339186	0.0858768451	0.0180155184	-0.0482491351	-0.0438762518	0.0965600085	-0.0879932428	0.0925016751	-0.1373018416	0.0537357803	0.0385924678	-0.1217309937	-0.0638460483	-0.0683884168	0.1306380564	0.0	0.0	0.0	0.0094913628409898	0.0038122218248589	9.008596857932196e-05	1.4533035241930525e-05	-0.0648401405520502	-0.126037837342551	0.0042042438268096	0.0158855364419873	-0.2027089910342283	-0.0475021430297318	0.0410909350461148	0.002256453592417	-0.0038690284313171	0.0015970690201374	2.5506294550829537e-06	1.496938100234006e-05	-8.30533225200103e-05	0.0004857782417605	2.3598050016800998e-07	6.897854381612849e-09	-0.0004891625874652	-0.0002431065780992	2.392800369756495e-07	5.9100808315102436e-08	0.0	0.0	0.0	0.0	0.0	0.0	0.0	0.0	0.0	0.0	0.0	0.0	0.0	0.0	0.0	0.0	0.0	0.0	0.0
853.5905026630949	-1.2528643642023098	1.5696691150880582	728616.746236635	848.5015435702559	-3.544058426566721	719954.8694411068	12.560350130918584	811.1110582751573	-1.7956225384295976	3.224260300516352	657901.1488562457	804.6369321661481	700.8730861021199	0.934996	16.864319	0.0995297341770159	0.0633619454527395	0.0962178527	0.0107044014	-0.0313503699	0.0452728185	0.0245462506	0.1140432869	0.1729017854	0.1195143953	-0.0217375507	0.0254020317	0.0847691169	0.0690195937	0.0758400323	0.0918586767	-0.1140933555	-0.0480869355	-0.0754807696	-0.1259661593	0.0744839991	-0.1176862732	-0.070072552	-0.0032580899	-0.0625905182	-0.0154479928	0.096540347	0.0655911732	0.0115158251	0.0761900413	0.0997612408	0.0234087026	0.0265135662	-0.1565514994	0.1111195444	-0.0262434876	-0.014633165	0.1182466225	0.0993681412	0.0437934353	0.033277014	0.0294520009	-0.0407949154	-0.0410735212	0.0874063585	-0.0622436169	0.0483216694	0.02368734	0.0329559837	-0.1273071194	-0.010231175	0.047466861	0.0219537476	-0.1065283364	-0.0090045256	-0.0852823135	0.1268132937	0.0453838201	-0.0581434756	-0.0634217369	0.1015081892	0.1143423712	-0.0191393284	-0.0507518356	0.0371657621	0.0884554199	-0.082861433	-0.0668862589	-0.0623085437	0.1306380564	0.0	0.0	0.0	0.0128902695987562	0.0033989067577664	0.0001661590503286	1.1552567147990102e-05	-0.0071230289597963	0.0577171115922539	5.073754156209676e-05	0.0033312649705526	-0.2239175091683733	-0.021208518134145	0.0501390509121685	0.0004498012414463	-0.0042130344650904	-0.0003440060337733	1.183401512724369e-07	1.7749659404039556e-05	-8.296967748999684e-05	8.364503001345724e-08	6.996491045952163e-15	6.883967382794088e-09	-0.0004891768625189	-1.4275053699980451e-08	2.392940028238348e-07	2.0377715813732558e-16	0.0	0.0	0.0	0.0	0.0	0.0	0.0	0.0	0.0	0.0	0.0	0.0	0.0	0.0	0.0	0.0	0.0	0.0	0.0
851.8588888538171	-1.7316138092777464	2.998486384481388	725663.5665192599	849.3280633014182	0.8265197311623069	721358.1591113379	0.6831348660006121	812.178147079681	1.067088804523678	1.1386785167397722	659633.342593784	807.2456119860633	699.2268240528722	1.21863	21.980148	0.1591618332714992	0.0787662014325952	0.0633274509	0.0152734725	0.0686532055	0.0274104847	-0.114086084	0.0504930451	0.0571113441	-0.1485366505	-0.1579979459	0.0584742432	-0.0506105725	0.0757033514	0.0998061155	-0.155876292	-0.0119525452	-0.0247508839	0.0457450836	-0.0138653498	-0.088105414	0.0100622775	0.0623099804	-0.1105824062	-0.0318712294	0.0478847752	0.2077343361	-0.1088417964	0.0598768632	-0.0666419178	0.0935470654	0.0437354998	-0.1493153063	0.0117513519	-0.0349687523	-0.0020606358	-0.0910115415	-0.1406807627	0.0295050315	0.0061881433	-0.047458356	-0.0031336726	0.0998752631	-0.0331048257	0.0957879928	-0.0206709907	-0.0279911071	0.1209980092	0.00560976	0.0491560958	0.0270500301	-0.1019241471	0.0205542341	-0.0211227366	0.0634577952	-0.0781234413	0.1149603795	0.0096010322	-0.2159207469	0.1347372431	0.0418090625	0.0099854167	-0.1188146095	0.0013476202	0.0759372069	-0.0415471634	0.0149614913	-0.0698782481	-0.0560490189	0.1297908185	0.0	0.0	0.0	0.0011314502572901	-0.0117588193414661	1.2801796847218337e-06	0.0001382698323052	0.0525943756701821	0.0597174046299784	0.0027661683521362	0.0035661684157405	-0.2277451148082434	-0.00382760563987	0.0518678373190199	1.4650564934365285e-05	-0.0035740041639851	0.0006390303011053	4.08359725730731e-07	1.2773505764182833e-05	-0.0006180266402566	-0.0005350569627666	2.8628595340502224e-07	3.81956928066861e-07	1.3895946812888605e-05	0.0005030728093317	1.9309733782662895e-10	2.530822514889781e-07	0.0	0.0	0.0	0.0	0.0	0.0	0.0	0.0	0.0	0.0	0.0	0.0	0.0	0.0	0.0	0.0	0.0	0.0	0.0
851.6553612854907	-0.2035275683264217	0.0414234710688662	725316.8544063197	853.019333217455	3.6912699160368447	727641.9828427515	13.625473593038654	812.5367186181578	0.3585715384767809	0.1285735482056055	660215.9191027634	807.1694137573243	673.7507355713075	1.268472	22.87915	0.171865079418982	0.101598643281629	0.0087123485	0.0091301287	-0.0198370106	0.0252407551	-0.0798844951	0.0068409257	0.0002314255	0.0653399302	-0.1095853972	0.0594159404	-0.0531140384	0.0676661188	0.0595968213	0.083384271	0.0781570491	0.0521139801	0.0272814456	0.0908390624	0.0799333806	-0.0202087456	-0.134247277	-0.0056398959	0.0313577564	0.2672015255	-0.0266860139	0.0135524126	0.0528880585	-0.0613364802	0.0632707721	0.0264522191	0.0918755362	-0.0119974559	-0.0633757292	0.0938944898	0.0232120415	0.1006423988	0.0055817131	0.0247990521	0.1389542089	0.0090082704	0.1471968401	-0.0016575699	0.0959615794	-0.0096985622	0.0301949348	0.107095864	-0.0017382644	-0.0687207191	0.0341529465	0.0233561022	-0.0412070221	0.0833648063	-0.0914710317	0.0006848369	0.0325558884	0.139394059	-0.0969138203	0.0035819803	0.1710476104	-0.1930734125	0.02894559	-0.1044827039	0.0833966208	-0.022214252	-0.0394892024	-0.072819859	-0.0496278902	0.1281018373	0.0	0.0	0.0	-0.0038348080770873	-0.0049662583343774	1.4705752988093995e-05	2.4663721843772988e-05	-0.0329939391769755	-0.0855883148471575	0.0010886000224139	0.0073253596383761	-0.2009603019267558	0.0267848128814875	0.0403850429504928	0.0007174262010963	-0.0026290414787008	0.0009449626852842	8.929544765797149e-07	6.911859096729288e-06	-0.0006338488103254	-1.5822170068799943e-05	2.503410656860288e-10	4.017643143509249e-07	-0.0001158330649532	-0.000129729011766	1.3417298936452253e-08	1.682961649380596e-08	0.0	0.0	0.0	0.0	0.0	0.0	0.0	0.0	0.0	0.0	0.0	0.0	0.0	0.0	0.0	0.0	0.0	0.0	0.0
852.4315831949035	0.7762219094128113	0.6025204526524707	726639.6040281696	852.5394319174947	-0.4799012999603746	726823.4829742045	0.2303052577036575	812.4960652876082	-0.0406533305496168	0.0016526932847764	660149.8561078453	807.2723857297735	689.2821722064822	0.99935	18.025057	0.0650030207969195	0.0395143804755333	0.03650559	-0.0273477967	-0.0029585295	0.0463238565	-0.0613417882	-0.0036889592	0.0101327015	0.1601110542	0.009550505	0.0579005348	-0.0415311082	0.0428744643	0.1078984103	0.0745832109	0.0819928153	0.0243431235	-0.042718305	0.1284919906	0.2128087948	-0.0555189088	-0.0390162273	0.0879666678	0.0630675904	0.0785088449	0.1843907943	-0.1045617036	0.0531278556	-0.0596962932	0.0625216014	0.0557556887	0.1008953936	-0.0345911969	-0.0257470772	0.0081553877	0.0257961669	0.1627728452	-0.0273723352	0.0987325571	-0.0380972949	-0.1714464551	0.0581892674	0.0055213023	0.1452714583	-0.0276436463	0.0677336306	0.0686375701	-0.0296046301	-0.0712796652	0.0912565454	-0.0747894955	-0.0647051097	0.0552176611	-0.0487811746	0.0366982495	0.0802469439	0.0769737618	0.0699239388	-0.0446128493	0.0776895693	0.0149405619	0.1062247758	0.0311677279	0.0181297773	0.0209340321	0.1209928404	-0.0757089709	-0.0430636716	0.1255820665	0.0	0.0	0.0	0.0008800208596113	0.0047148289366986	7.744367133510114e-07	2.2229611902330448e-05	-0.0330103857260155	-1.6446549040004255e-05	0.0010896855657803	2.704889753252649e-10	-0.2293731909032317	-0.0284128889764758	0.0526120607051303	0.0008072922599895	-0.0023130412975765	0.0003160001811242	9.985611447059035e-08	5.350160044294378e-06	-0.000384783383617	0.0002490654267084	6.203358678143737e-08	1.480582523077474e-07	-0.0001879445838146	-7.211151886139999e-05	3.53231665852432e-08	5.200071152498046e-09	0.0	0.0	0.0	0.0	0.0	0.0	0.0	0.0	0.0	0.0	0.0	0.0	0.0	0.0	0.0	0.0	0.0	0.0	0.0
850.7709655532675	-1.6606176416360086	2.7576509517127388	723811.2358284391	850.808003190635	-1.73142872685969	723874.2582932356	2.9978454361949667	810.0838654068556	-2.4121998807526097	5.818708264702905	656235.8689925125	805.3734563536564	687.6102325138653	0.8874649999999998	16.007008	0.1045397525833116	0.0580133696537739	0.0286909589	-0.0228349687	0.0470666327	0.0333797649	-0.0995390986	0.0036297039	-0.0690557946	0.0657673043	0.0277209033	-0.0022323229	0.0049931332	-0.0148795614	0.1477985382	0.0888881692	0.0103183804	0.0908419004	0.1186774464	0.0634343206	0.0204892293	0.0179065648	-0.0360460426	0.1687078442	0.0686957373	-0.0103474344	0.1917190312	-0.0380527752	0.005253327	-0.0428317414	0.0484739942	0.1171563604	0.1126746922	0.021999753	0.0154663175	0.0243097291	-0.143380318	-0.0201773708	-0.0583872423	0.0296859184	0.0029674831	-0.2007605736	0.1160781528	0.0171706209	0.123032527	-0.0050354423	0.0408767476	0.0933864321	0.0115739074	-0.0405621842	0.0837959196	-0.0221548172	-0.0051137613	0.1136936692	-0.0094869237	0.0507007407	0.0169872507	0.0577126208	0.0070407011	0.0451750429	0.0575517315	-0.0173637251	0.0327880737	0.0665770583	-0.0036660424	-0.0130332315	0.0307166012	-0.0785435007	-0.0363752892	0.1222478479	0.0	0.0	0.0	0.0096470934602308	0.0087670726006195	9.306641223042789e-05	7.686156198453318e-05	-0.0056260178408393	0.0273843678851762	3.1652076745442095e-05	0.0007499036044706	-0.2257909354117657	0.0035822554914659	0.0509815465141201	1.283255440613821e-05	-0.001352043137186	0.0009609981603904	9.23517464273925e-07	1.8280206448117608e-06	-0.0006639106200629	-0.0002791272364458	7.791201412592536e-08	4.407773114323044e-07	-0.00013194884853	5.599573528459998e-05	1.7410498628392887e-08	3.135522370062995e-09	0.0	0.0	0.0	0.0	0.0	0.0	0.0	0.0	0.0	0.0	0.0	0.0	0.0	0.0	0.0	0.0	0.0	0.0	0.0
850.3809858937714	-0.3899796594961344	0.1520841348207209	723147.8211696625	853.6960490129997	2.8880458223646883	728796.9441004059	8.34080867207813	810.1263960143965	0.0425306075409253	0.0018088525778002	656304.7775192747	805.3209257222838	684.9808943280183	0.848657	15.30704	0.0571902911770587	0.0287808939587096	0.0143252757	-0.0343078295	0.019506736	0.0395584216	-0.1016298997	-0.0804049593	-0.0711864365	0.0927033002	-0.0088517437	-0.0055721434	0.0181225272	-0.052814816	0.1924253757	0.0290648795	0.0100876892	0.0926466675	-0.0250827723	0.1152621497	0.0402180601	-0.0801623997	0.0665970606	-0.0233819327	0.0946421598	-0.0160806052	0.2098451968	-0.0723727439	-0.0027159748	-0.0239555781	0.0544210511	0.182213593	0.0809420853	0.0849922788	0.030620328	0.0262181455	-0.006129756	-0.0074630324	0.0419009789	0.0473301612	-0.1448832429	-0.141283962	0.0956837261	0.0217000214	0.137819861	0.0164662606	0.0314529345	0.1104754917	-0.016241838	-0.003103275	0.088100851	-0.0628597872	0.0138242919	0.1540832164	0.0221608054	0.0056418372	0.0758922289	0.0207829498	0.0580494648	0.0381658605	-0.0276830817	-0.0693232468	0.053178145	0.1146561876	0.0368464178	-0.0828894597	0.1676912352	-0.0813214051	-0.0295820274	0.118120805	0.0	0.0	0.0	0.0028583077368011	-0.0067887857234297	8.169923118257027e-06	4.608761159864292e-05	0.0111358341979581	0.0167618520387974	0.0001240068032844	0.0002809596837705	-0.2400357392937024	-0.0142448038819366	0.0576171561382742	0.0002029144376348	-0.0017390443472856	-0.0003870012100995	1.4976993661855468e-07	3.0242752418259984e-06	-0.000663886515875	2.4104187900005073e-08	5.810118743187508e-16	4.407453059606466e-07	-0.0001310771721596	8.71676370400008e-07	1.7181225061357418e-08	7.59819694713732e-13	0.0	0.0	0.0	0.0	0.0	0.0	0.0	0.0	0.0	0.0	0.0	0.0	0.0	0.0	0.0	0.0	0.0	0.0	0.0
850.7038377502996	0.3228518565282456	0.1042333212637349	723697.0195630881	852.7425821829534	-0.9534668300462954	727169.9114680509	0.9090989959985312	810.5553092908071	0.4289132764106398	0.1839665986813099	656999.909419516	805.3177452733961	675.0081314374041	0.89671	16.173752	0.063518960256936	0.036236764530385	0.0165004311	0.0034052826	-0.039639637	0.049039801	-0.0593611437	-0.0336756261	-0.0945230837	0.1700819464	-0.0929639675	0.0095881553	0.0387936121	-0.0180161186	0.164492552	-0.0055658013	-0.0734581559	0.1006515876	-0.0652414835	0.0348567096	0.0921280698	-0.0842272202	0.0137423658	-0.175927144	-0.0974748677	0.0088307091	0.1039899907	-0.0252783303	0.0082183892	0.0099235083	0.0824753505	0.1743514458	0.0082045531	0.0569334624	0.126497187	0.0589416424	0.0612679823	0.0773292986	0.0645580736	-0.0369686047	-0.0461475012	0.0477927076	0.0382328408	-0.0054796554	0.1222253719	-0.0321561903	0.0242621132	0.1407036041	-0.0265765499	-0.047114643	0.0136088694	0.0824903214	0.0369453174	0.050151598	-0.0444424382	-0.0296845007	0.0065594253	0.0787641669	0.0903291587	-0.0015405277	-0.0323893763	-0.0320232822	0.0266356759	0.0702491917	0.0586472079	-0.1027921355	0.1004781521	-0.0840406812	-0.022703473	0.1132277034	0.0	0.0	0.0	0.0028554264729194	-2.881263881700062e-06	8.153460342248925e-06	8.301681555989309e-12	-0.0194575662250287	-0.0305934004229867	0.0003785968834013	0.0009359561494412	-0.2397675994195651	0.0002681398741372	0.057488501731421	7.189899210236222e-08	-0.0019530061195071	-0.0002139617722215	4.5779639972165056e-08	3.8142329028321806e-06	-0.0003489939861838	0.0003148925296911	9.915730525532325e-08	1.2179680239245838e-07	-6.8407001536951485e-06	0.0001242364720059	4.679517859276483e-11	1.543470097647398e-08	0.0	0.0	0.0	0.0	0.0	0.0	0.0	0.0	0.0	0.0	0.0	0.0	0.0	0.0	0.0	0.0	0.0	0.0	0.0
853.9914475052279	3.287609754928326	10.808377900699886	729301.3924120745	853.3412473374519	0.5986651544985762	728191.2844074384	0.3583999672108041	812.756036819012	2.2007275282048795	4.843201653398759	660572.3753857472	807.3799642271915	688.7148709040816	1.003126	18.093157	0.1290866184504869	0.0741359335204181	0.0409245578	-0.032307313	-0.0824798959	0.0424270833	-0.0211725502	0.0035912995	0.0744703258	0.1665721503	-0.1215757392	0.0688124078	-0.009547967	0.0415411809	0.1117620607	-0.0699389051	-0.1788628014	-0.0938464394	0.0251032452	0.0718511638	0.0340110567	-0.0505315634	0.041545464	-0.1192473477	-0.0366747575	-0.0177473214	-0.0809584515	-0.1147634567	0.0676511986	-0.0130832803	0.0984196824	0.0787664292	-0.1218932233	-0.1095268117	0.1092117116	0.1227918067	0.0767196863	-0.0138977026	0.0942996177	-0.1604260805	-0.0408171668	-0.0364428952	-0.0487963683	0.0143670883	0.1436716708	-0.0340126831	-0.0182861184	0.1460318026	-0.0124382118	-0.053791752	-0.0236333183	0.0514785053	-0.1032186446	-0.0337187442	0.0745682674	0.0558129468	-0.0077528596	0.0637871594	0.0057702584	-0.0915207766	0.0125506468	-0.0412736527	-0.0714154793	0.0383484411	-0.0779733083	-0.0982227313	0.2593696788	-0.0866993686	-0.0157594586	0.1076002767	0.0	0.0	0.0	0.0093901389277704	0.0065347124548509	8.817470908282903e-05	4.270246686758478e-05	0.0478368784994103	0.0672944447244389	0.0022883669445673	0.0045285422907705	-0.2554127021834773	-0.0156451027639121	0.0652356484366656	0.0002447692404933	-0.0016170010330874	0.0003360050864196	1.1289941809990996e-07	2.614692341005719e-06	2.0906254218910902e-06	0.0003510846116056	1.2326040450631896e-07	4.370714654657299e-12	-0.000111998172274	-0.0001051574721203	1.2543590592716584e-08	1.1058093942732694e-08	0.0	0.0	0.0	0.0	0.0	0.0	0.0	0.0	0.0	0.0	0.0	0.0	0.0	0.0	0.0	0.0	0.0	0.0	0.0
856.0011521616528	2.0097046564249013	4.03891280605593	732737.9725020771	856.338124593099	2.996877255647064	733314.9836316259	8.981273285414678	812.8047683890318	0.0487315700197541	0.0023747659165902	660651.5915159476	807.2132718102407	698.5371896887339	1.007955	18.180248	0.1654839337443834	0.1112656559571033	0.0836162727	-0.0405145374	-0.0792449899	0.1143904155	0.0057328643	0.0232016596	0.0421674516	-0.012235048	-0.191718553	0.082160913	-0.009627826	0.0641347027	0.088076539	-0.0457531209	-0.0388204054	-0.1293579687	0.1066684654	0.1596302838	-0.0322237103	0.0319378159	0.0012717813	0.0626442887	0.0016890659	-0.0056428286	-0.1231875009	-0.0174154539	0.0788073501	2.38218e-05	0.0954211104	0.0658506035	-0.0532159031	-0.1127234336	-0.1266343292	0.1384476798	0.0271860105	-0.1019058668	0.0364932325	0.0203102721	0.0288198855	-0.0790784396	-0.0817212848	0.0184126209	0.1642756436	-0.0532490414	0.0314831956	0.057948685	-0.0487504618	-0.0941063608	0.0022872528	-0.0527850691	-0.1212536291	0.0047905963	0.1266864479	0.0001935988	-0.1617587692	0.0071242399	-0.0861363546	-0.0244342427	-0.0074735177	-0.1022808707	-0.0125131193	0.0721987931	-0.0692340116	-0.0687743814	0.0824790669	-0.0892955505	-0.0087700056	0.1012750209	0.0	0.0	0.0	0.0130639659715399	0.0036738270437694	0.0001706672069055	1.349700514753214e-05	-0.049227071584653	-0.0970639500840633	0.0024233045768005	0.0094214104059215	-0.2753046660619134	-0.0198919638784361	0.0757926591554616	0.000395690226941	-0.000829005987981	0.0007879950451064	6.209361911122374e-07	6.87250928108354e-07	-0.0001049527364409	-0.0001070433618627	1.1458281318888435e-08	1.1015076886433018e-08	-0.0001140436200671	-2.045447793099989e-06	1.3005947278009052e-08	4.183856674297615e-12	0.0	0.0	0.0	0.0	0.0	0.0	0.0	0.0	0.0	0.0	0.0	0.0	0.0	0.0	0.0	0.0	0.0	0.0	0.0
854.6038349653645	-1.397317196288327	1.9524953470430717	730347.714737508	853.8493468795998	-2.4887777134991893	729058.7071667191	6.194014507210253	811.9124610833019	-0.8923073057299007	0.7962123278589545	659201.8444623442	806.4675227019746	708.9798964360282	0.938272	16.923395	0.137882569861352	0.0726395357299016	0.1281388977	0.0095604826	0.0240254312	0.0901852722	-0.099716736	0.1226955911	-0.0045351664	0.0121189293	-0.1257677974	0.0557859536	-0.0383936936	0.1243948489	0.1008978591	-0.0489300293	-0.0715542411	-0.1073136114	0.1467757436	0.224040166	0.0961456934	-0.0896279423	-0.0136097223	-0.1714715858	-0.1035188277	-0.0478421396	-0.1414939109	-0.1077463955	0.0462676471	-0.0598882767	0.1734997534	0.0447902113	-0.0375651038	-0.072741313	-0.1079281555	0.2348955145	0.0673565941	-0.0355783411	0.0879867449	-0.0707662979	-0.0600712229	-0.036007951	-0.1244216179	-0.0269356445	0.1650295032	-0.0779983595	0.0719301963	0.0929912628	0.0308269921	-0.0567980473	-0.0274735306	0.0198166745	-0.0944247751	0.0196814381	0.0993506445	0.0269610014	-0.1479039246	0.0354711715	-0.0817230858	-0.0838024495	0.0115506401	0.1163626127	-0.0082351818	0.1627489332	-0.0585222719	0.0028922548	0.1549537442	-0.0918273554	-0.0017552664	0.0942929578	0.0	0.0	0.0	0.0069995073950082	-0.0060644585765316	4.899310377277448e-05	3.6777657826468886e-05	-0.0058593043536347	0.0433677672310182	3.433144750852255e-05	0.0018807632346037	-0.2949881577477242	-0.0196834916858107	0.0870180132113962	0.0003874398449453	-0.0018959983691568	-0.0010669923811758	1.1384727414872035e-06	3.5948098158452453e-06	-3.561840752297485e-05	6.933432891792515e-05	4.807249166499031e-09	1.2686709544727114e-09	0.000124966717199	0.000239010337266	1.5616680407494843e-08	5.712594132005486e-08	0.0	0.0	0.0	0.0	0.0	0.0	0.0	0.0	0.0	0.0	0.0	0.0	0.0	0.0	0.0	0.0	0.0	0.0	0.0
852.5524172009973	-2.051417764367216	4.208314843961385	726845.6240752634	858.2054035352623	4.356056655662542	736516.5146571224	18.97522958734193	812.9661767903852	1.05371570708337	1.1103167913542065	660914.0046051759	808.3531941300731	697.9722830386145	1.148056	20.707233	0.1988140023959644	0.1078382734936625	0.0609621977	-0.0344965913	0.0542926822	0.065057689	-0.1671665607	-0.0283996145	-0.0546764681	-0.1194432608	-0.1860581805	0.0910397816	-0.0398219774	-0.0103565853	0.0916574739	-0.0696236878	0.0339840459	0.1164611147	0.130562367	0.1006651409	-0.0946355052	-0.0657810984	-0.1431476077	-0.1071981097	0.0714185674	-0.2478604012	-0.1507553368	-0.0199809102	0.0969029329	-0.0937918198	0.047600517	0.1026336405	0.0010752291	0.1391718743	-0.0452263284	0.1412710734	0.0601641141	-0.0853841638	0.1393444063	-0.1730949981	0.0880920627	-0.0910403196	-0.0510885233	0.0318491938	0.124352433	-0.0524996928	-0.0261232043	0.2098711375	0.0496412671	0.0158694095	0.0003395774	0.0046201754	0.0433757883	0.0564503979	0.0551435267	0.1792369442	-0.1636175404	-0.1497048321	-0.003340922	-0.072717508	-0.0426374853	-0.0310148351	-0.0469877477	0.0856760988	-0.0942563191	-0.0396806339	-0.1484777201	-0.0942929578	0.0052645337	0.0866993686	0.0	0.0	0.0	0.0015664248883524	-0.0054330825066558	2.4536869308498287e-06	2.9518385524129277e-05	0.0840929618343295	0.0899522661879642	0.0070716262300699	0.0080914101923503	-0.2634867864797598	0.0315013712679643	0.0694252866494305	0.0009923363917621	-0.0006720008337481	0.0012239975354087	1.498169966686572e-06	4.515851205581416e-07	8.199051919599576e-05	0.0001176089267189	1.38318596439882e-08	6.722445238028949e-09	2.802753065906912e-05	-9.693918653993088e-05	7.855424748450595e-10	9.397205887023514e-09	0.0	0.0	0.0	0.0	0.0	0.0	0.0	0.0	0.0	0.0	0.0	0.0	0.0	0.0	0.0	0.0	0.0	0.0	0.0
853.2340020728581	0.681584871860764	0.464557937549454	728008.2622932659	854.4629147294639	-3.742488805798416	730106.8726479711	14.006222461526455	811.4473223946752	-1.5188543957100364	2.3069186753677	658446.7570214879	805.5957550695387	684.5361348087215	1.235721	22.288414	0.3062339174034678	0.2027519685086409	0.0305540975	-0.0562355752	-0.055319482	0.0829686629	-0.0456814407	-0.0136874391	-0.0845233785	0.1647863974	-0.0207206106	0.0262889792	-0.0086245312	0.0238215273	0.1159368715	0.1650078678	0.0068625655	-0.0140388324	-0.0285220574	0.2499671057	-0.1049342272	-0.0739505219	-0.125076516	0.0301450149	0.0229360023	0.0498692514	-0.0057245569	0.0970334207	0.0178090097	-0.0303781653	0.056576793	0.0772977017	0.1794200904	-0.0308598967	-0.0018704386	0.1121461305	0.1751154965	-0.0905556129	0.0710402658	0.0757465269	0.0516419108	-0.1500305747	0.1179994958	0.0684175592	0.1444718307	-0.0541225298	0.1147905046	0.0444995427	-0.0868793538	-0.156029664	0.0217814641	-0.1058887056	0.0588370591	0.0140337283	-0.0155183094	0.0647377331	-0.0904305762	-0.1874764955	0.1776837883	-0.1687491694	-0.1334653101	-0.1208402029	0.2123445471	-0.0239253094	-0.0871579173	-0.0182769795	-0.0212414488	-0.0966905801	0.0122691548	0.0785435007	0.0	0.0	0.0	-0.0185746461385036	-0.020141071026856	0.0003450174791706	0.0004056627421088	-0.1031332965535369	-0.1872262583878663	0.0106364768579997	0.0350536718299201	-0.2739193564861182	-0.0104325700063583	0.0750318138577691	0.0001088385169375	0.0003820329753384	0.0010540338090865	1.1109872706973966e-06	1.4594919424591052e-07	0.0006699815151474	0.0005879909959514	3.457334113199244e-07	4.488752306392058e-07	-9.862802395076783e-05	-0.0001266555546098	9.727487108433234e-09	1.6041629513525394e-08	0.0	0.0	0.0	0.0	0.0	0.0	0.0	0.0	0.0	0.0	0.0	0.0	0.0	0.0	0.0	0.0	0.0	0.0	0.0
854.2085046869548	0.974502614096764	0.9496553448814262	729672.1694795233	859.067866118058	4.604951388594031	737997.5985966335	21.2055772913141	811.2617023472865	-0.1856200473887383	0.0344548019925974	658145.5496954173	806.3827377836583	699.4321923888285	1.304819	23.534731	0.2740658414533128	0.1929881219161504	0.0547114915	-0.1194123324	-0.0110124917	0.1047415592	-0.032634206	-0.0806915574	-0.051503185	0.0457741431	-0.0752912539	0.0488631202	0.0600877772	-0.1223845118	0.1681847395	-0.0583709548	-0.0814556645	0.0347677404	0.0274745667	-0.0665390023	0.0330229508	-0.048725222	-0.0302684198	-0.110652463	0.0881088936	-0.2305118876	0.0437214645	0.0904720147	0.0534892106	0.0482344034	0.009040634	0.2173182679	-0.0277324649	0.0473510378	0.0707796595	0.0210673739	-0.047644425	-0.0195291015	0.0187648357	-0.1589796284	-0.0711199617	-0.0174378098	-0.0749705355	0.0990566805	0.0840524588	-0.0630662331	-0.0793793196	0.1274061382	0.0260020008	-0.0587063434	-0.0734092818	0.1362937146	0.1625563075	-0.0349090728	0.0456537571	0.1726367382	-0.15891108	-0.1902957677	0.1170926509	-0.0489818294	-0.379264465	0.084835789	0.0119754999	0.1146625453	-0.1161000108	-0.1898934479	-0.204748503	-0.0990184939	0.0192384007	0.0698782481	0.0	0.0	0.0	-0.015471784745614	0.0031028613928896	0.0002393761232146	9.627748823484797e-06	0.0863440720761445	0.1894773686296814	0.0074552987826904	0.0359016732228281	-0.260611169980848	0.0133081865052702	0.0679181819187864	0.000177107828059	0.0012085922176552	0.0008265592423168	6.832001810593225e-07	1.4606951485767145e-06	0.0011444063265948	0.0004744248114473	2.2507890171690098e-07	1.309665840350204e-06	-0.000161192468696	-6.256444474523217e-05	2.598301196431094e-08	3.914309746279209e-09	0.0	0.0	0.0	0.0	0.0	0.0	0.0	0.0	0.0	0.0	0.0	0.0	0.0	0.0	0.0	0.0	0.0	0.0	0.0
852.8006086434001	-1.4078960435547287	1.9821712694570583	727268.8781025537	849.1845871192821	-9.883278998775836	721114.4630009456	97.67920376764349	811.6125052038869	0.3508028566004668	0.1230626441990477	658714.8586033294	806.2109784013134	680.8295364926793	2.340178	42.209263	0.7230717706589668	0.4202751963439261	-0.0409316219	-0.238899619	-0.0229278455	0.1493708033	0.1147938022	-0.316592523	0.0646251775	-0.243648891	0.1426458984	0.0620706115	0.085740057	-0.299866466	-0.1398752389	0.0536744755	-0.1330631778	0.1755434168	0.4702184153	-0.3084165828	-0.0106413	0.1253045499	-0.0317416689	-0.0341713891	-0.1400445377	-0.032705169	0.1092752169	-0.0049901126	0.0766119572	0.1291394993	-0.3146470794	-0.0349245454	0.1021357611	0.1178491463	0.109535476	0.1094418325	-0.5506223055	-0.0367027692	0.0152884244	-0.2458787515	0.1351004173	-0.047029753	-0.0739041432	0.1419282091	-0.2141653892	0.0435016805	-0.4711953677	0.0830213321	0.2686046429	-0.0205632902	0.3121140837	0.0808334772	-0.4826403159	-0.0357370886	-0.2938720328	-0.1919894487	-0.079651708	0.0311119252	0.01434504	0.009008994	-0.2191980828	-0.0802115118	0.15128691	0.0733166216	-0.0145798881	0.0317793237	-0.0339149593	-0.1012750209	0.0261521773	0.0607598083	0.0	0.0	0.0	0.0055495155625919	0.0210213003082058	3.079712297944969e-05	0.0004418950666477	0.2561310121134283	0.1697869400372838	0.0656030953662491	0.0288276050072242	0.1397457681603242	0.4003569381411722	0.019528879718719	0.1602856779177743	0.0032758810567886	0.0020672888391334	4.2736831444055205e-06	1.0731396698226392e-05	0.0013718030592135	0.0002273967326187	5.1709274005660554e-08	1.8818436332675173e-06	0.000182253802998	0.000343446271694	3.3216448707233794e-08	1.179553415405089e-07	0.0	0.0	0.0	0.0	0.0	0.0	0.0	0.0	0.0	0.0	0.0	0.0	0.0	0.0	1.0	0.0	0.0	0.0	0.0
862.7728771536172	9.972268510217075	99.44613923986712	744377.0375519306	858.6550914377406	9.470504318458438	737288.5660519546	89.69045204593994	821.2779024892417	9.665397285354745	93.41990468374284	674497.3931171284	816.5310642048464	701.1786910983396	2.554862	46.081459	0.6172654445303147	0.350759101967307	0.0221445485	-0.2893047493	-0.1386800846	0.2114226906	0.1753378742	-0.2489072376	0.0697896787	-0.0695287832	0.027184584	0.3383924053	-0.083845702	-0.1863539934	-0.1236244015	-0.0482617274	0.0910389259	-0.0799966528	-0.0504272926	-0.0519245897	-0.0334797088	-0.0678155791	-0.1495007167	-0.0571156986	-0.0714035613	-0.0802882103	0.1224308616	0.2026938336	0.3367506257	0.0128974148	-0.2507745386	-0.0430363923	-0.059820218	-0.0282729387	-0.0716899857	-0.0821905442	0.0101842069	0.1022783576	-0.0123956064	0.0392136078	0.1210340193	0.0244767793	-0.0646796566	0.2537502483	-0.0807903105	-0.2445530125	-0.1937027946	-0.0477701563	-0.1048308584	0.0057114315	-0.1083020984	0.2239318985	-0.0331644382	0.3159132006	0.0487236167	-0.1291355618	0.0577472094	-0.3086108498	0.127105973	0.187045769	0.3728886131	0.0310566849	-0.10868501	0.024379193	-0.1295642253	0.2210613102	0.2023357942	-0.1034585342	0.0329905505	0.0512473178	0.0	0.0	0.0	-0.0473673891364256	-0.0529169046990175	0.0022436695536015	0.0028001988029249	0.0159054197340537	-0.2402255923793746	0.0002529823769164	0.0577083352340214	-0.0710585182974483	-0.2108042864577725	0.0050493130226287	0.0444384471889706	0.0047161436366989	0.0014402625799103	2.074356299089874e-06	2.2242010801975527e-05	0.0020058941996956	0.0006340911404821	4.020715744378905e-07	4.023611540372452e-06	0.0003742733024886	0.0001920194994905	1.4008050495572305e-07	3.6871488184620535e-08	0.0	0.0	0.0	0.0	0.0	0.0	0.0	0.0	0.0	0.0	0.0	0.0	0.0	0.0	0.0	1.0	0.0	0.0	0.0
856.8261532931643	-5.946723860452835	35.363524672479066	734151.0569671611	862.6878737297611	4.032782292020556	744230.3674803763	16.263333014834572	814.4460116898998	-6.831890799341863	46.674731894132	663322.3059575844	810.0959650330624	725.8662492143637	1.930487	34.819759	0.295432191559867	0.1693245589489654	0.0649515407	-0.2845702266	0.1955166978	0.1655727736	-0.0922709224	-0.0521467986	0.1982821655	-0.097177223	0.0531520935	0.1249921632	-0.2395627214	-0.0775474914	-0.0767444597	0.2320991077	0.0387636876	-0.0571929248	0.0193656064	-0.0553167089	-0.0053830959	0.2142942547	0.0953236429	0.0237338223	0.122896237	0.0665275422	0.0361527976	0.0727614635	0.1441386287	-0.1939253744	-0.1522986252	-0.056970762	0.1691387247	-0.1723749943	-0.083227116	0.0431127492	-0.0510278419	0.0771603769	-0.2085461108	0.0968773004	-0.0628470562	0.1471036008	0.0366720428	0.2422627301	-0.0235067327	-0.184744133	0.0900449392	-0.2014100177	0.1449789757	0.0906349508	-0.1835853575	0.1564346551	-0.0295810621	0.0996823377	0.1004120974	0.2890167776	0.0001618338	-0.0784688171	-0.0740537567	0.402726148	-0.136439302	-0.2606501628	0.1951310995	-0.0809822833	0.142585464	0.1090427644	-0.1103768999	-0.1055674596	0.0397338033	0.0414024687	0.0	0.0	0.0	-0.0003480439858094	0.0470193451506162	1.2113461605809385e-07	0.0022108188183927	-0.0898346981319804	-0.1057401178660341	0.008070272988464	0.0111809725263227	-0.1931286283353301	-0.1220701100378817	0.037298667082686	0.0149011117646605	0.0047806660414597	6.452240476079955e-05	4.163140716116448e-09	2.2854767799965955e-05	0.0017060156826433	-0.0002998785170523	8.992712498948673e-08	2.9104895094248847e-06	0.0004219247507822	4.76514482936e-05	1.7802049532262159e-07	2.270660524477635e-09	0.0	0.0	0.0	0.0	0.0	0.0	0.0	0.0	0.0	0.0	0.0	0.0	0.0	0.0	0.0	0.0	1.0	0.0	0.0
842.7982544256982	-14.027898867466092	196.78194663585649	710308.897663004	854.6996402464051	-7.988233483355998	730511.4750373344	63.81187418460991	808.6349017714	-5.811109918499824	33.76899848488703	653890.4043628417	804.8451162823176	691.3825114636438	2.121591	38.266655	0.315684819546305	0.1698947054265428	-0.0505200587	-0.1939732312	0.410413047	-0.0007153263	-0.1797737243	-0.1501515275	0.3208149503	-0.0685631415	0.2511685568	-0.0940453666	-0.4113474769	-0.0550872126	-0.1318513197	0.1895581471	-0.0159651626	-0.1135540579	-0.0903773181	-0.0709904577	0.0677996574	-0.0955414586	-0.01180192	0.0671354769	0.176511212	0.0844498663	-0.0272510559	-0.3043183004	-0.0739420626	-0.3518516553	-0.2248924755	-0.1523536171	0.0982549834	-0.23034755	0.0325453694	-0.0178747501	0.1223322136	0.059861818	0.1681958826	-0.0378141281	-0.0087512775	-0.1417003523	0.0764830837	0.2403437196	-0.127646058	0.0477640144	0.2136676124	-0.1207838252	0.4211242086	0.1467441145	0.0696581048	-0.0958412831	0.0417428568	-0.0792341547	0.2975163156	-0.1356823183	0.1218250033	0.1560995095	0.1469008075	-0.1523490468	0.0702506973	-0.2198984207	0.0335151015	0.0464369029	-0.0808390768	-0.0509871836	-0.0927060655	-0.1076002767	0.0463624933	0.0312891088	0.0	0.0	0.0	0.0017866987722356	0.002134742758045	3.192292502708201e-06	4.557126643025575e-06	0.034499087343832	0.1243337854758124	0.0011901870275573	0.0154588902107453	-0.0760064176894275	0.1171222106459026	0.0057769755299797	0.0137176122265831	0.0053771017576786	0.0005964357162189	3.557355635815527e-07	2.891322331243029e-05	0.0020709450583837	0.0003649293757404	1.3317344927827813e-07	4.2888134348438665e-06	0.0009024412721538	0.0004805165213716	8.144002496865688e-07	2.308961273110633e-07	0.0	0.0	0.0	0.0	0.0	0.0	0.0	0.0	0.0	0.0	0.0	0.0	0.0	0.0	0.0	0.0	0.0	1.0	0.0
829.938079051537	-12.860175374161258	165.38411065418367	688797.2150597553	840.7082039653391	-13.991436281066058	706790.2842146262	195.7602892071316	805.0590843966531	-3.575817374746862	12.786469897541538	648120.1293695775	801.2882577411199	608.6491344547613	2.059172	37.140827	0.12174298073022	0.0708677609838063	-0.2781174379	-0.1011218633	0.2361139862	-0.1938452417	-0.169703437	-0.1701806434	0.1533707381	-0.1299435465	0.1577272114	-0.1862654356	-0.3293130795	-0.1314713387	-0.0775566787	-0.0909290896	-0.0303934095	-0.0906846152	0.038672604	-0.032647983	0.0201861464	-0.1691532666	-0.0069315962	-0.0890500656	0.1164638972	-0.0067753316	0.0381046363	0.0967355649	-0.1718572663	-0.2846688771	-0.2336888816	0.0015555854	-0.1226982216	-0.0429663274	-0.0439017775	0.0186240029	-0.0420253332	-0.0495820461	0.1936181699	-0.1009122555	-0.0623412612	0.0432464421	0.0139904233	0.2329647206	-0.1800710498	0.1135006462	0.1479148411	0.0902283826	0.1383183529	0.1659226083	-0.0944201726	0.0389546815	0.0467290141	-0.0259986293	0.2199594188	-0.2409017416	-0.0574592705	-0.0151766539	0.009825496	-0.2027177343	0.13276181	-0.0459396051	-0.0969193833	0.0859113466	0.0744090106	-0.0841703254	-0.1078724285	-0.10955552	0.0528575082	0.020972827	0.0	0.0	0.0	-0.0395532147793034	-0.041339913551539	0.0015644567993777	0.0017089884524487	0.0380902179913817	0.0035911306475496	0.0014508647066309	1.2896219327770724e-05	-0.0220809571426912	0.0539254605467362	0.0004875686683373	0.0029079552951776	0.0052340772117705	-0.0001430245459081	2.045602073221828e-08	2.7395564258775247e-05	0.0023081770282782	0.0002372319698944	5.627900754002489e-08	5.327681193871182e-06	0.0008249682682685	-7.747300388529995e-05	6.805726436499278e-07	6.002066331011702e-09	0.0	0.0	0.0	0.0	0.0	0.0	0.0	0.0	0.0	0.0	0.0	0.0	0.0	0.0	0.0	0.0	0.0	0.0	1.0
828.2085243427836	-1.729554708753426	2.991359490571148	685929.3597940512	830.6458655094755	-10.062338455863596	689972.5538879856	101.25065520035136	803.6385874960292	-1.4204969006239023	2.0178114446821134	645834.979312613	799.0452439388986	566.1210856523138	1.369153	24.69511	0.0844666037602633	0.04696787239881	-0.3664928917	-0.0564250213	0.0271785933	-0.2622404103	-0.0551347945	-0.1278477676	0.0165433905	-0.0229404792	0.0036251289	-0.2190223784	-0.1412492508	-0.2030835008	0.0483701115	-0.1031846275	0.0950111674	-0.066681056	-0.056948284	0.0298529884	0.0733866952	-0.0224021442	0.0046327573	0.0785176877	0.0502722896	-0.0868227871	-0.1472334638	-0.0348077138	-0.2130023045	-0.1180269324	-0.2022655427	0.1231989804	-0.0940405874	0.0200791314	-0.077230317	-0.0865434805	0.0159488485	0.071292777	-0.0414694248	-0.0039427676	-0.0348112798	-0.0962248989	0.0182400288	0.1902593048	-0.1679689767	0.2080456771	0.0976867718	0.106109053	-0.0909633889	0.0518861958	-0.1145632873	-0.0559348784	-0.0303497342	-0.0554519092	-0.0405235951	-0.0402323908	-0.1473133244	-0.0496658398	-0.0050861421	-0.0702333196	0.0210841046	0.2028507338	0.2068651214	-0.0607291223	0.0715828002	-0.0067973644	0.1947374463	-0.1114317798	0.0592001213	0.0105205283	0.0	0.0	0.0	-0.0432948794104532	-0.0037416646311497	0.0018744465831656	1.4000054211997352e-05	0.0387235896786961	0.0006333716873144	0.001499516397604	4.011596942914907e-07	-0.0501176819097253	-0.0280367247670341	0.0025117820400044	0.0007860579356624	0.005667049264877	0.0004329720531065	1.874647987712581e-07	3.211544737054295e-05	0.0020568439455102	-0.0002513330827679	6.316831849366622e-08	4.230607016181967e-06	0.0004681765506477	-0.0003567917176208	2.1918928257637845e-07	1.273003297628007e-07	0.0	0.0	0.0	0.0	0.0	0.0	0.0	0.0	0.0	0.0	0.0	0.0	0.0	0.0	0.0	0.0	0.0	0.0	0.0
832.2600230026271	4.05149865984356	16.414641390714163	692656.7458883334	823.2815566684889	-7.3643088409866095	677792.5215504903	54.23304470543354	804.8202578242882	1.1816703282589742	1.396344764687672	647735.6474043537	799.0688769712286	572.507686355208	1.105603	19.941515	0.0816076054208976	0.0510335788900383	-0.3369249763	-0.0583950669	-0.0198000944	-0.2695150281	0.0423723201	-0.1873928404	0.0188563157	0.0283550512	-0.1398833322	-0.1700674874	-0.0518874324	-0.3193090532	0.0520039547	-0.0711747542	-0.0385145114	0.0502044452	0.0418317795	0.013012723	-0.1687610594	0.0239265453	0.0828052635	-0.0170218156	0.0751327387	0.119824911	-0.0434310059	0.0599449321	-0.1674072662	-0.0106595619	-0.2360574968	0.208856974	-0.0711998591	0.0585913718	-0.0021805246	0.0975531298	-0.0030996926	-0.132433252	0.000142103	0.0398000508	-0.0554064699	0.1086026004	0.0331747107	0.1862457594	-0.1676886201	0.1614544022	0.0624976943	0.129963998	-0.1049802278	0.046937954	-0.1588579822	-0.113226645	-0.0092571758	0.0027039653	-0.0637707426	-0.1281887417	-0.1334807415	0.077649475	0.042433245	-0.0070635532	-0.0303537473	0.0962680649	-0.0330960107	-0.0591355479	0.0827672471	0.0452438222	0.0918119506	-0.1132277034	0.065372045	0.0	0.0	0.0	0.0	-0.0175466461183333	0.0257482332921199	0.000307884790002	0.0006629715176654	0.0381822417639057	-0.0005413479147904	0.0014578835861173	2.93057564847915e-07	-0.0507349676081076	-0.0006172856983822	0.0025740369381957	3.810416334273221e-07	0.0048281599013433	-0.0008388893635337	7.037353642499768e-07	2.331112803293934e-05	0.0018849429855136	-0.0001719009599966	2.954994004775268e-08	3.5530100586369243e-06	0.0003849521038659	-8.32244467818e-05	1.481881222707827e-07	6.926308542136659e-09	0.0	0.0	0.0	0.0	0.0	0.0	0.0	0.0	0.0	0.0	0.0	0.0	0.0	0.0	0.0	0.0	0.0	0.0	0.0
838.7885733147473	6.52855031212016	42.62196917788424	703566.2707233892	823.4992896370265	0.2177329685376889	678151.0800326873	0.0474076455882342	805.5992409925449	0.7789831682566728	0.6068147764272038	648990.1370877645	798.98727640055	595.8763833746688	1.319267	23.795328	0.168145324081821	0.0879770674824762	-0.235567329	-0.0579867622	-0.0671566597	-0.2220035679	0.1308667176	-0.0959414802	0.0853737645	0.0749772289	-0.150454888	-0.1495648521	0.0308035148	-0.2142034281	0.0476307799	0.1009459483	-0.1199065123	-0.0377372728	0.0290678455	0.1707142983	-0.1094087309	-0.0302174946	0.1005445674	-0.1040760381	-0.0959556718	0.0935623601	-0.1327619612	0.0258088402	-0.1581655229	0.0817750214	-0.1662356997	0.1584480121	0.0277210337	-0.1066356253	0.0522637134	0.1644052821	0.0984590683	-0.1144863379	-0.0054040864	0.0486651436	-0.0401370038	0.1691486796	-0.0184502631	0.1610851956	-0.1047054332	0.1387741567	0.1000688407	0.0481116664	-0.0839132077	-0.1057394073	-0.190271704	-0.1817314812	-0.0071833977	-0.0173188157	-0.0686872119	0.0323798635	-0.0770033224	0.104336868	0.0628156878	-0.0134756716	0.0403267003	0.0603608183	-0.0144297484	-0.1616491908	-0.0641337387	0.0864818661	0.0909166722	-0.1149419962	0.0713554843	-0.0105205283	0.0	0.0	0.0	-0.0054060946572747	0.0121405514610586	2.922585944341406e-05	0.0001473929897786	-0.0183568822841664	-0.0565391240480721	0.0003369751271947	0.0031966725481232	-0.1070960446619579	-0.0563610770538503	0.011469562782236	0.00317657100667	0.0051278909700066	0.0002997310686633	8.983871352204385e-08	2.6295265800275227e-05	0.0015319617446731	-0.0003529812408405	1.2459575638529917e-07	2.3469067871418485e-06	0.0001755729829929	-0.000209379120873	3.0825872357025155e-08	4.383961625755035e-08	0.0	0.0	0.0	0.0	0.0	0.0	0.0	0.0	0.0	0.0	0.0	0.0	0.0	0.0	0.0	0.0	0.0	0.0	0.0
844.1312620012167	5.342688686469387	28.544322400527985	712557.5874877668	837.8105131508647	14.311223513838172	701926.4559461153	204.8111184630346	808.7431355613311	3.1438945687862088	9.884073059643422	654065.4593175736	802.5797743457858	619.656337936292	1.337768	24.129015	0.2628902423438919	0.1711838168538574	-0.1455104019	-0.040958552	-0.0838805585	-0.0585780377	0.0585644759	-0.095165064	-0.037152082	-0.040418866	-0.0409039751	-0.0258215409	0.0379129955	-0.1400624256	-0.0160137927	0.0134498864	0.0568888407	-0.0507155101	0.0204121861	0.0058405528	-0.1361196081	-0.1073832008	-0.1862361601	0.0806160607	-0.0914258545	-0.0637799318	-0.0992081371	-0.0837232855	-0.0259984556	0.0563191955	-0.1162170729	0.0800874152	0.0006958908	0.0327430708	-0.0472536838	-0.0221469279	0.0663272859	-0.1650968016	0.0321061232	0.0539873438	0.2044186367	-0.0481723483	-0.1066276355	0.0894773946	-0.0877306995	0.0952525655	-0.1012446145	0.1023600025	-0.0549557212	-0.0437451401	-0.0294476662	-0.1593437574	0.1086825653	0.0441350254	-0.1020557435	0.0843458987	-0.0080740037	-0.053621174	-0.0695429866	0.0967849577	-0.0476386634	0.0821290898	-0.1450763916	-0.0720380766	0.1166474016	-0.0063934679	-0.1079474959	-0.1165734221	0.0771331872	-0.020972827	0.0	0.0	0.0	-0.0051787804594169	0.0002273141978577	2.6819767046838323e-05	5.167174454773493e-08	0.1238985172977038	0.1422553995818702	0.0153508425885694	0.0202365987101975	-0.1155209525393985	-0.0084249078774405	0.0133450904756099	7.097907274336047e-05	0.0035309884943176	-0.0015969024756889	2.5500975168616564e-06	1.2467879747003271e-05	0.001019083778218	-0.000512877966455	2.6304380847511857e-07	1.038531747027074e-06	4.5701011402532335e-05	-0.0001298719715903	2.0885824432143907e-09	1.6866729004769266e-08	0.0	0.0	0.0	0.0	0.0	0.0	0.0	0.0	0.0	0.0	0.0	0.0	0.0	0.0	0.0	0.0	0.0	0.0	0.0
847.734943718576	3.603681717359336	12.986521920029936	718654.5348015372	837.3498956984367	-0.4606174524279822	701154.8478261828	0.2121684374812444	809.6661912077112	0.9230556463801348	0.8520317263142487	655559.341184802	804.0852690615897	650.5451938670169	1.096299	19.773705	0.1526791969223667	0.1252855679696993	-0.0792686728	-0.0876100935	-0.0574062372	-0.0186654192	0.0804229641	-0.1209065781	0.0321968422	0.0399273973	-0.0261115119	-0.0156183581	0.0268244379	-0.1521913935	0.0099450436	0.0583828106	0.0558753604	-0.1185728616	-0.1707558441	-0.0308975214	-0.104108159	0.0046528545	-0.1410180446	-0.0435802447	-0.0597657938	0.2108428322	-0.0120646934	-0.060009471	-0.0205672167	0.0655720908	-0.1466265789	0.0785408621	-0.0025530437	-0.0876623916	0.0190774105	-0.0787792491	0.0660562974	-0.026379577	0.0442517638	0.2343722587	0.1605050432	0.1119832491	0.0966875067	0.0949645584	-0.0611072877	0.0901929093	-0.0614652667	-0.0352060177	-0.0761319602	-0.1483752983	-0.0975622687	-0.0887724179	0.0920856603	-0.1048849121	-0.067127466	0.0651507915	0.0254892959	-0.0624988571	-0.0334169854	0.1030389784	-0.0188367742	-0.0294941992	-0.022915477	-0.1592093645	0.0573988205	-0.1554989639	0.0662866135	-0.118120805	0.0826884952	-0.0312891088	0.0	0.0	0.0	-0.0054028360812026	-0.0002240556217856	2.9190637720344665e-05	5.02009216537763e-08	0.0019395271712028	-0.121958990126501	3.761765647833935e-06	0.0148739952726759	-0.1331852019815613	-0.0176642494421628	0.0177382980268692	0.0003120257083549	0.0037869903024792	0.0002560018081616	6.553692578200876e-08	1.4341295551071505e-05	0.0010190891074266	5.329208600021035e-09	2.840046430253816e-17	1.0385426088755446e-06	4.507011413438849e-05	-6.30897268143844e-07	2.031315188086805e-09	3.980313629513654e-13	0.0	0.0	0.0	0.0	0.0	0.0	0.0	0.0	0.0	0.0	0.0	0.0	0.0	0.0	0.0	0.0	0.0	0.0	0.0
847.9065322405198	0.1715885219438178	0.029442620862864	718945.4874161436	839.640057384104	2.290161685667272	704995.4259639814	5.244840546498359	809.0132842978801	-0.6529069098311311	0.4262874329052367	654502.4941704426	802.5107170557571	646.3725640423409	1.186269	21.396465	0.1048161189856126	0.0622989215878485	-0.0530568518	-0.0820952275	-0.1092725182	0.0154884503	0.1779693191	-0.0210862634	0.150606165	0.0834312157	0.0167021362	-0.0367209157	0.1074123331	-0.0921413775	-0.0353180968	0.0422779992	-0.007966099	-0.0477533835	-0.1035462553	0.0285037971	0.0719052188	0.0721015336	-0.068331937	0.0088358123	0.0038120257	-0.1168128575	-0.2674850738	-0.0424946977	-0.0386047694	0.1356624866	-0.0929557803	0.01189687	0.0462983181	-0.083912322	0.0616432653	-0.0646262777	0.099240531	0.0498015288	-0.086602487	-0.126483718	0.085756969	-0.028364685	-0.0631063543	0.0791364446	-0.0675918617	0.0531070517	-0.0706867864	-0.100300089	-0.0403281712	-0.155400242	-0.1332046922	-0.0426374033	0.1013899451	-0.127090123	-0.0620020578	0.1088106196	0.1187313931	-0.0554274576	-0.0892922321	-0.0689346907	0.0097765065	0.0712656136	0.1000602193	0.2487763694	0.0455414753	0.2012513309	-0.0101841307	-0.1195830294	0.0880053908	-0.0414024687	0.0	0.0	0.0	-0.0052981229522117	0.0001047131289908	2.8070106816752414e-05	1.0964839383064811e-08	0.0561580844850766	0.0542185573138738	0.003153730453033	0.0029396519571978	-0.1167607130875154	0.0164244888940459	0.013633064120705	0.0002697638354306	0.0044679952724094	0.0006810049699302	4.637677690696329e-07	1.9962981754272756e-05	0.0010191046008349	1.5493408299805528e-08	2.400457007444828e-16	1.0385741874428608e-06	4.472338449884768e-05	-3.467296355408081e-07	2.000181121031769e-09	1.2022144016226166e-13	0.0	0.0	0.0	0.0	0.0	0.0	0.0	0.0	0.0	0.0	0.0	0.0	0.0	0.0	0.0	0.0	0.0	0.0	0.0
852.3623825143575	4.455850273837655	19.854601662859103	726521.6311255519	838.9411033962084	-0.6989539878956066	703822.1749676476	0.4885366771951717	809.0611669596148	0.0478826617346612	0.0022927492947959	654579.9718820537	802.1859835867155	665.9491010720585	1.163586	20.987337	0.0867181476712942	0.0812671608152336	0.0130918837	-0.0634262436	-0.1328073656	0.0400195864	0.1575533257	-0.0418245643	0.045355694	0.0855694577	0.0563098287	-0.0167489515	0.1978131725	-0.0530247739	-0.1091530673	-0.008314934	-0.0967983444	-0.1410456986	-0.1430088269	-0.0827418741	-0.0082084832	0.0187515825	0.0189426089	-0.0323941385	-0.168594663	0.0328434981	-0.0374189687	-0.0776213431	-0.0203605184	0.2331275617	-0.0628576385	-0.0561905751	-0.053326092	-0.0864089882	0.1087401524	-0.0917998144	0.0720242456	-0.077372423	0.0434442323	-0.0704888113	-0.0081647317	-0.0135504442	-0.0315450328	0.0103192197	-0.0578051245	0.0239709079	-0.1423852695	-0.111361865	-0.0674282451	-0.196995263	-0.022483967	-0.0044608073	0.1154175775	-0.1343474321	-0.0596030307	-0.0671852491	0.1345670281	0.0456578713	-0.191717709	-0.0708940037	0.0005196739	0.0277563806	0.0667025782	0.2505035871	0.0519405757	0.0385761931	-0.1043001205	-0.120959041	0.0930685441	-0.0512473178	0.0	0.0	0.0	-0.0052320258150899	6.609713712180023e-05	2.7374094129767128e-05	4.368831535698062e-09	0.0554607110129126	-0.000697373472164	0.0030758904660578	4.863297596780781e-07	-0.1076248421809253	0.00913587090659	0.011583106654469	8.34641372218794e-05	0.0029839841009464	-0.001484011171463	2.202289157026987e-06	8.904161114700896e-06	0.0009680717346727	-5.103286616219992e-05	2.604353428729009e-09	9.371628834722104e-07	4.605546998201309e-05	1.3320854831654072e-06	2.121106315264109e-09	1.7744517344600165e-12	0.0	0.0	0.0	0.0	0.0	0.0	0.0	0.0	0.0	0.0	0.0	0.0	0.0	0.0	0.0	0.0	0.0	0.0	0.0
855.1339856776327	2.7716031632752447	7.681784094677343	731254.1334609138	840.6226715972458	1.6815682010374076	706646.476003291	2.8276716147401832	810.5568522316377	1.4956852720229108	2.237074432946249	657002.4106996609	804.7373074418407	700.3079377724706	1.283758	23.154858	0.1799594665449527	0.1003103150792718	0.0885048498	-0.076900963	-0.0647541543	0.0757828393	0.156776815	0.0211924425	0.1902657395	-0.0301315945	-0.0516786987	0.0256644957	0.1013640388	-0.0345194828	-0.0594765921	0.0079357582	-0.0704252589	-0.1674380143	0.0201211917	-0.0829259216	-0.0131184838	0.0239140969	0.0743067965	0.1229025483	-0.1451895874	0.0607587513	-0.028923828	0.012451628	0.027160626	0.1546042555	-0.0516327066	-0.0529903309	-0.0795579692	-0.1507437031	-0.0172784165	-0.0510694301	-0.11650786	-0.0137528437	-0.0757847198	0.0884773398	-0.0451150639	0.0864323575	-0.0585940422	0.0233496918	9.84439e-05	0.0163188827	-0.13956284	-0.1133115103	-0.0045459665	-0.1236256631	-0.1016296861	0.0057592402	0.0194347825	-0.1161382522	0.0496445407	0.094587825	-0.0151745369	0.015489678	-0.1584432695	0.1049374527	0.0478057879	0.0520550892	-0.0532243245	-0.0964877405	-0.0924310388	-0.1314634158	0.0383400648	-0.1222478479	0.0978633567	-0.0607598083	0.0	0.0	0.0	-0.00514368031493	8.83455001598997e-05	2.6457447182198383e-05	7.804927398502837e-09	0.0953996401203056	0.039938929107393	0.0091010913350838	0.0015951180582453	-0.1793474609906695	-0.0717226188097442	0.0321655117637997	0.0051441340489278	0.0037590659208455	0.0007750818198991	6.007518275381009e-07	1.4130576597262026e-05	0.0006071596725347	-0.0003609120621379	1.3025751659670357e-07	3.686428679524442e-07	-0.000182142110534	-0.000228197580516	3.317574842977987e-08	5.2074135753362274e-08	0.0	0.0	0.0	0.0	0.0	0.0	0.0	0.0	0.0	0.0	0.0	0.0	0.0	0.0	0.0	0.0	0.0	0.0	0.0
853.5591107578092	-1.5748749198235146	2.4802310130891216	728563.155557662	843.1085406317227	2.485869034476877	710832.0112861532	6.179544856571003	811.8178605851557	1.2610083535180363	1.5901420676422693	659048.2387650593	805.8147166235972	703.8451598382766	1.133158	20.43852	0.2015771787819132	0.1278611592896606	0.1139483445	-0.0204344967	-0.0018782901	0.0893856907	0.1080120845	0.1364763288	0.055877435	-0.0761705676	0.0819608879	0.0442157248	0.0329045925	0.1074695713	-0.1236952855	0.093299563	0.1383849815	-0.0771821893	0.0473517951	0.0165153817	-0.0258216948	-0.0349381301	-0.0298706325	0.1685951352	-0.2030092261	-0.0357728427	-0.0959527819	-0.095795049	0.0381259724	0.0439110507	0.0160281122	-0.1762177212	0.0960667466	-0.0288982609	-0.1156609062	-0.0904515705	0.0244222701	-0.010723191	-0.0792633311	0.0301699942	0.0992909327	-0.0556691977	-0.1821910977	-0.050175851	-0.0009918325	0.0141168112	-0.0914896836	-0.1406825906	0.0142340026	-0.0684208007	0.0463522317	-0.0403311073	-0.004844446	-0.0427387393	-0.0200775108	0.150864741	0.0527991075	0.0718702243	-0.1809793254	-0.0669375537	0.1735402867	-0.0162659744	0.0274697311	0.1544589799	-0.0778832135	0.1162024516	0.0441557374	-0.1234485208	0.1023760039	-0.0698782481	0.0	0.0	0.0	0.0125478364106754	0.0176915167256054	0.000157448198589	0.0003129897640523	0.0878824114081311	-0.0075172287121745	0.007723318234908	5.65087275111407e-05	-0.1467441887810281	0.0326032722096414	0.021533856941002	0.0010629733587759	0.0016919977498447	-0.0020670681710008	4.272770823564592e-06	2.862856385479528e-06	3.004133264083997e-05	-0.0005771183398938	3.33065578241845e-07	9.024816668375968e-10	4.897460126117889e-05	0.0002311167117951	2.3985115686914648e-09	5.3414934471015776e-08	0.0	0.0	0.0	0.0	0.0	0.0	0.0	0.0	0.0	0.0	0.0	0.0	0.0	0.0	0.0	0.0	0.0	0.0	0.0
850.7314260628641	-2.827684694945105	7.995800734026795	723743.9592909544	841.8722394860309	-1.2363011456917548	708748.867617225	1.5284405228387454	811.1582087864567	-0.6596517986989738	0.4351404955267915	657977.6396816529	805.8126247858597	689.4630433222726	1.063554	19.183079	0.0826509261361438	0.0539780196299571	0.082704178	0.0055752216	0.0511793448	0.0749070605	-0.0075852015	0.0330842856	-0.1303117655	-0.1301063742	0.1512321871	0.0267874374	-0.0175746019	0.105554677	-0.0788877207	0.1429210266	0.1205931811	0.0040748019	-0.0114949256	-0.1270675995	-0.0984684959	-0.0533969461	0.0333471539	0.0838707091	0.0098713795	0.0223139943	0.009344438	0.0550969714	0.0266986828	-0.0225404569	0.0208807161	-0.1398569194	0.1611335952	0.0278726964	-0.0463305877	-0.2104714318	-0.0485588099	-0.1322182503	0.0252484027	0.0751746192	0.0066943659	0.011635636	-0.0537551071	-0.0473321701	0.0111380853	0.0359824857	-0.0665105175	-0.1046492919	-0.0039826839	0.0060451569	0.1125586322	-0.1114376899	0.1228920505	0.0886941484	-0.0629040314	0.0013227882	0.0710383369	0.0061327164	-0.0690551711	0.0326337606	0.035478691	0.0154934745	-0.0175949164	0.0270935694	-0.0587469765	-0.095045164	-0.0136649136	-0.1245601942	0.1065934746	-0.0785435007	0.0	0.0	0.0	0.0171684142066084	0.004620577795933	0.0002947544463696	2.1349739168269068e-05	0.0897055523449239	0.0018231409367927	0.0080470861215078	3.323842875409717e-06	-0.1693100915146743	-0.0225659027336461	0.0286659070887073	0.0005092199661843	0.0024820052869207	0.000790007537076	6.241119086368877e-07	6.160350244302307e-06	-0.0002519390598327	-0.0002819803924735	7.951294173953164e-08	6.34732898693848e-08	4.981276510707664e-05	8.38163845897754e-07	2.481311567612792e-09	7.02518632570114e-13	0.0	0.0	0.0	0.0	0.0	0.0	0.0	0.0	0.0	0.0	0.0	0.0	0.0	0.0	0.0	0.0	0.0	0.0	0.0
848.4856221494946	-2.245803913369514	5.043635217305822	719927.8509944149	847.5325038744056	5.660264388374685	718311.3451236194	32.03859294630265	809.4882462342782	-1.6699625521785038	2.788774925678542	655271.2207914474	804.7391758029744	684.9415692975444	0.945142	17.047318	0.0739580384295532	0.037420419505809	0.0575652522	0.0395952715	0.0788411165	0.0145188318	-0.0490009358	0.0286795574	-0.0879537407	0.0143521773	0.1997182994	-0.0176309515	0.0247725977	0.0526883496	0.0122829657	0.0471951896	0.0938091268	0.0905914647	-0.0580705326	0.0079313975	0.0682636001	0.0072249947	-0.0057166004	0.0687440216	0.0358719481	-0.0697045044	0.0036817761	0.0038885178	-0.0216702712	-0.0077859563	0.0440295199	-0.0223626023	0.0892488968	0.0680917114	0.0302338429	-0.1398659612	-0.0514321613	0.0283973549	-0.0899063108	0.0318530024	-0.0480529469	-0.0782979226	-0.0051863848	-0.065046604	0.0155641765	0.0425880559	0.0075412095	-0.0816367159	0.0102706893	0.0134495077	0.068712807	0.01458225	0.0817420678	0.0636975094	-0.0736307546	0.0611748214	0.056949936	0.0259067151	0.0007348752	0.0009389903	-0.014100324	0.0427834154	0.0517528028	-0.011018036	0.0288946766	-0.0334467829	0.0178053452	-0.1255820665	0.1105036087	-0.0866993686	0.0	0.0	0.0	0.0170654140600277	-0.0001030001465807	0.0002912283570401	1.0609030195645968e-08	0.060403617578757	-0.0293019347661669	0.0036485970166007	0.0008586033810407	-0.1880516090899249	-0.0187415175752506	0.0353634076813099	0.0003512444810234	0.0023129979101604	-0.0001690073767603	2.8563493399398042e-08	5.3499593324063775e-06	3.013272302587744e-05	0.0002820717828585	7.956449068501648e-08	9.079809969542443e-10	0.0001149653243193	6.515255921222335e-05	1.3217025795841833e-08	4.244855971902271e-09	0.0	0.0	0.0	0.0	0.0	0.0	0.0	0.0	0.0	0.0	0.0	0.0	0.0	0.0	0.0	0.0	0.0	0.0	0.0
846.8575650132651	-1.6280571362294722	2.6505700388277105	717167.7354201965	837.9671847578408	-9.565319116564863	702189.0027309812	91.49532980172124	808.5247662361271	-0.9634799981511152	0.9282937068372727	653712.297617184	803.1008717682402	661.8744584104066	0.950612	17.145971	0.1286945517184871	0.0896847441532691	0.0163972164	0.0536252573	0.0259236066	-0.0079158749	-0.0169576013	0.0156061732	-0.1097112904	0.0205097562	0.1469581244	-0.0379843769	0.0382586956	0.0037816265	0.0293959874	0.0012342967	0.0180289432	0.1487118403	-0.0657933445	-0.110967082	0.0204530403	0.0597842969	-0.0235199923	0.0447339169	-0.0287094328	0.0530602985	0.0278329163	0.0181348264	-0.0325750925	0.0175888925	0.0192910406	0.0158654089	0.04889439	0.0883424459	0.1358447582	-0.1157405027	-0.0888871116	0.0605081297	-0.0210246482	0.019287711	0.0292168308	0.0209436215	0.0888753824	-0.0736762141	0.0010061562	0.0378299991	-0.0410345552	-0.0008798042	0.0074438891	0.0708007239	0.0859377783	0.0278390935	0.0471627345	0.0155933831	-0.075334703	0.0565960826	0.1302326175	-0.0019375053	0.1279175786	0.0095383674	0.0597882032	0.0580812886	-0.0110830545	-0.0133300625	-0.0519232166	-0.0735880798	-0.0404644725	-0.1265134012	0.1140951323	-0.0942929578	0.0	0.0	0.0	0.0171253475052708	5.993344524310093e-05	0.0002932775271762	3.592017858707777e-09	0.134422014306125	0.0740183967273679	0.018069277930116	0.00547872305409	-0.1693877006634778	0.0186639084264471	0.0286921931360599	0.0003483414777508	0.0015950021904725	-0.0007179957196878	5.155178534901453e-07	2.544031987612073e-06	3.009266747899808e-05	-4.0055546879358423e-08	1.6044468358044798e-15	9.055686360015488e-10	0.0001159758114731	1.0104871538000118e-06	1.3450388846844037e-08	1.0210842879948489e-12	0.0	0.0	0.0	0.0	0.0	0.0	0.0	0.0	0.0	0.0	0.0	0.0	0.0	0.0	0.0	0.0	0.0	0.0	0.0
847.8722432483239	1.0146782350587955	1.0295719207020322	718887.3408709449	837.8254708552706	-0.1417139025701317	701951.5196138559	0.0200828301816567	809.7554157649698	1.2306495288427186	1.5144982628408052	655703.8333606991	804.5796897112313	659.6459359815044	0.982621	17.723305	0.1889154497055225	0.142406769211316	0.0134125827	0.0790559896	-0.0611196664	-0.0310952064	0.0442725078	0.0570778645	-0.0714109377	0.0839058054	0.0211042148	-0.0126848477	0.0843484473	0.0458362458	0.0750766225	-0.1094288379	-0.0777366668	-0.0334347116	-0.1206777147	0.009484392	-0.031545423	0.1418657095	0.0353397103	0.0219971981	0.0238105379	0.033170203	0.0410540046	-0.0183788413	-0.0096989657	0.0664167135	0.1081549216	0.0443737866	-0.1326239778	-0.0228289859	0.0645164357	-0.0813449309	0.0068302818	-0.0571956712	-0.1038538416	-0.0208004772	-0.0668846189	-0.04130627	0.1103383149	-0.0812970094	0.0398448347	0.0068843837	0.043040866	-0.0690929716	-0.0757700542	0.0107369875	0.0275241344	-0.0353911872	-0.0362261257	-0.0775319332	0.0262241278	-0.0468775213	0.0344654087	-0.0303048041	0.0661361187	0.1134315743	-0.0390775261	-0.0416118079	-0.071531622	-0.0244547123	-0.0269916649	-0.0675258907	0.0086956345	-0.1273535266	0.1173576901	-0.1012750209	0.0	0.0	0.0	0.0170768546068842	-4.8492898386598426e-05	0.0002916189632646	2.3515611939329603e-09	5.56528462851702e-05	-0.1343663614598398	3.097239299640782e-09	0.0180543190919563	-0.2060356139630812	-0.0366479132996034	0.0424506742211438	0.0013430695492152	0.0018850053417537	0.0002900031512811	8.410182775302649e-08	3.553245138439983e-06	3.004643237658477e-05	-4.6235102413312416e-08	2.137684695169488e-15	9.027880985606813e-10	4.897155690285974e-05	-6.700425457024027e-05	2.398213385490029e-09	4.489570130513563e-09	0.0	0.0	0.0	0.0	0.0	0.0	0.0	0.0	0.0	0.0	0.0	0.0	0.0	0.0	0.0	0.0	0.0	0.0	0.0
848.2838439879017	0.4116007395778069	0.1694151688209976	719585.4799708908	835.033950916235	-2.791519939035652	697281.6991827771	7.79258357003361	809.436197128199	-0.31921863677087	0.1019005380618526	655186.9572213605	804.223027607546	676.3259881747666	0.947077	17.082211	0.0863700093849373	0.0714400950872904	0.0523480998	0.0837734385	0.0177956495	-0.0639339081	0.0025266026	0.1379223191	0.0086641026	-0.0317102394	-0.0471993956	-0.0135591694	0.0294535307	0.1068149539	-0.0062799242	-0.1032706545	0.0344354528	-0.0747733149	0.033531216	-0.0336005177	-0.0015640022	0.0357864618	0.0890998637	0.040647498	-0.00996385	-0.0015195584	0.2060202235	0.0306714285	-0.0122913088	0.0100221111	0.1010258093	-0.0644730943	-0.101537029	-0.0157109228	-0.1128393317	-0.0285526232	-0.0882512409	0.0734854694	-0.0626579881	0.0764950463	-0.0494370744	0.0248791708	0.0534696054	-0.0951739274	0.030344238	0.0062042217	0.0044983322	-0.0521976575	-0.0067252761	0.0603955999	0.0246416403	0.0909351681	-0.045150515	-0.0062791051	0.0618403835	0.0011933712	-0.043359704	0.0358452928	-0.0165105057	0.0248121212	-0.0235499903	0.0243344837	-0.1087393484	-0.0776283143	-0.0468411415	-0.0909717335	-0.0099275073	-0.1281018373	0.1202818753	-0.1076002767	0.0	0.0	0.0	0.0170735286549188	-3.3259519654008085e-06	0.0002915053807303	1.10619564761535e-11	0.0699933464152593	0.0699376935689741	0.0048990685424064	0.0048912809817477	-0.1921572150674819	0.0138783988955993	0.0369243953024905	0.0001926099559053	0.001833996330477	-5.100901127669992e-05	2.6019192314265e-09	3.3635425402031014e-06	3.0044624988345703e-05	-1.807388239065562e-09	3.2666522467125134e-18	9.02679490690327e-10	4.897255760588995e-05	1.000703030206232e-09	2.398311398462209e-09	1.0014065546639348e-18	0.0	0.0	0.0	0.0	0.0	0.0	0.0	0.0	0.0	0.0	0.0	0.0	0.0	0.0	0.0	0.0	0.0	0.0	0.0
847.9623702806036	-0.3214737072980824	0.1033453444839731	719040.1814118995	841.8399335335994	6.805982617364407	708694.473691855	46.321399387866464	810.5911125755068	1.1549154473078715	1.333829690430341	657057.951786398	805.2373645588503	663.3869154837823	0.8472159999999999	15.281035	0.0633714775326758	0.0418625310935419	0.0363774565	0.0980519035	0.0035083978	-0.0287423469	-0.052046379	0.1086463827	-0.0359309578	-0.0543413161	-0.0086843264	0.0082051798	-0.0282040841	0.1538918908	-0.0439035	-0.0791557982	0.0861227294	0.0124711679	0.0865045834	-0.0399073267	0.0693000482	-0.0358064769	0.0153114704	-0.1239070567	0.0531653871	-0.0616574212	0.0386769207	0.1237721661	0.0051492659	-0.0570081088	0.0940417003	-0.0877008898	-0.0391680897	0.0417564731	-0.1129280045	0.0115579991	0.0132845576	0.1097194319	0.1159216147	-0.0817428574	0.0448407655	0.0529999502	0.0253883873	-0.0948536757	0.0265903562	0.0133598434	-0.0012856227	-0.0216294402	0.0024049879	0.0739730957	0.019897748	0.046378922	-0.0168873722	0.0630633516	0.0380476189	0.0421945734	-0.0551305747	0.0559697378	-0.0023784948	-0.002018561	0.0153513035	0.0199882271	-0.0133587322	-0.0687382773	-0.1109152591	0.0375953567	-0.0496388027	-0.1287577936	0.1228592567	-0.1132277034	0.0	0.0	0.0	0.0312699325873353	0.0141964039324164	0.0009778086840164	0.0002015378846123	0.1058719376169676	0.0358785912017083	0.011208867174771	0.0012872733066193	-0.1922034812962465	-4.626622876460762e-05	0.0369421782223965	2.140563924099005e-09	0.001569001854104	-0.000264994476373	7.022207250820047e-08	2.4617668181817898e-06	3.00385601148534e-05	-6.064873492302945e-09	3.678269047763892e-17	9.023150937736615e-10	4.897633975512621e-05	3.782149236260582e-09	2.3986818558095562e-09	1.4304652845346504e-17	0.0	0.0	0.0	0.0	0.0	0.0	0.0	0.0	0.0	0.0	0.0	0.0	0.0	0.0	0.0	0.0	0.0	0.0	0.0
847.5708111222552	-0.3915591583484001	0.1533185744865075	718376.2798664377	840.4533405027528	-1.3865930308465977	706361.8175622361	1.9226402331923536	810.0850699787068	-0.5060425968000573	0.2560791097761453	656237.8206024063	804.9720531657591	657.2410058009582	0.92616	16.704937	0.0786439416913269	0.0524310088078017	0.0298311662	0.1043013714	-0.0287083671	-0.0040980567	-0.0322775549	0.0687559965	-0.1717914056	-0.0999630115	-0.0046102833	-0.0037072511	0.0068775798	0.1244459583	-0.0277239864	0.0359814058	0.1450938876	0.0587597477	0.0453475505	0.0005840972	-0.038058477	0.0122004337	0.1344190436	-0.0418585015	0.111045632	-0.0287546321	-0.0151357441	0.1374106808	-0.0044044248	-0.0217652369	0.0952037797	-0.0621470129	0.1046054868	0.1340858345	-0.1249126786	-0.0300156446	0.0073210458	-0.0412381535	0.0140900325	-0.0104767323	-0.0931848985	0.075240456	-0.0028629789	-0.1041998295	0.0382898047	-0.0061297636	0.016255625	-0.0398169714	-0.0485257408	0.1067281095	0.1208598516	-0.1069102225	0.0144050049	0.1261746793	-0.0055794576	-0.0474772767	-0.0231271711	-0.0178884233	0.0552393652	0.0196902283	-0.01705172	0.0127287406	-0.0286867488	-0.0465543503	0.011578697	0.0111967433	-0.0959535845	-0.1293209226	0.125082403	-0.118120805	0.0	0.0	0.0	0.034542018723485	0.0032720861361497	0.0011931510574935	1.0706547682383092e-05	0.0608123296048574	-0.0450596080121102	0.0036981394319698	0.002030368274205	-0.2082650361344349	-0.0160615548381883	0.0433743252760774	0.0002579735438201	0.0018540043829619	0.0002850025288579	8.122644145539817e-08	3.437332252041936e-06	3.0045626320251984e-05	7.066205398583656e-09	4.993125873497281e-17	9.027396609762187e-10	4.8972080720851e-05	-4.259034275205613e-09	2.3982646901295464e-09	1.8139372957376206e-17	0.0	0.0	0.0	0.0	0.0	0.0	0.0	0.0	0.0	0.0	0.0	0.0	0.0	0.0	0.0	0.0	0.0	0.0	0.0
849.219901692501	1.6490905702457894	2.719499708873583	721174.4414306211	845.5758517721425	5.122511269389747	714998.5211001843	26.24012170502496	810.3178987418227	0.23282876311589	0.0542092329340752	656615.0970213627	805.3159750469661	665.2716539512826	0.993243	17.914898	0.1154818973933195	0.0564650237886709	0.0480967629	0.1080311666	-0.0399892194	0.0226625257	-0.0258222877	-0.0090943988	-0.2248333626	0.0925969655	0.0342283542	0.020306343	0.0599313534	0.0135573854	0.0602675792	0.0038402828	-0.0118046317	0.2052605455	-0.0223675605	-0.0024886466	0.0776162942	-0.0463225748	0.0064991546	-0.0592506695	0.0404998406	-0.0714329573	-0.0473098245	0.0242986157	0.0140794833	0.0228995063	0.0923078634	0.0732204314	0.0703294056	0.1731205691	0.0819199765	0.0580389762	0.029179284	0.0443691085	-0.0153313585	-0.0326140202	-0.0614715143	0.0248234088	-0.0750038003	-0.0993295622	0.0593415371	-0.0622709449	0.0489098509	0.0275280549	-0.0177272334	0.0112518168	0.016771757	0.0632925325	0.0398778172	0.0492008905	-0.0616236181	-0.0493715871	0.0247791667	0.0791068021	0.1835125351	0.008877059	-0.0439328543	0.0159826925	-0.0241254357	-0.056234816	0.1251641977	0.0789006163	0.0060529266	-0.1297908185	0.1269449045	-0.1222478479	0.0	0.0	0.0	0.0170367299270566	-0.0175052887964284	0.0002902501666074	0.0003064351358463	0.0192303235281343	-0.0415820060767231	0.0003698053429967	0.0017290632293646	-0.2438564337644493	-0.0355913976300144	0.0594659602883152	0.0012667475852577	0.0015020021425594	-0.0003520022404025	1.239055772483795e-07	2.256010436253028e-06	-3.3962875827686645e-05	-6.400850214793863e-05	4.0970883472226644e-09	1.1534769344868615e-09	4.9025435973484486e-05	5.3355252633484173e-08	2.4034933723902267e-09	2.846782983582919e-15	0.0	0.0	0.0	0.0	0.0	0.0	0.0	0.0	0.0	0.0	0.0	0.0	0.0	0.0	0.0	0.0	0.0	0.0	0.0
851.4730598094116	2.2531581169105266	5.07672149979979	725006.3715812018	843.7166524693586	-1.8591993027839635	711857.7896541004	3.456622047472376	810.7985019320303	0.4806031902076029	0.2309794264377253	657394.2107352245	805.3924794083935	678.5830544707595	1.002727	18.08596	0.1239830312793384	0.0802511684820167	0.0925067033	0.0742312692	-0.0793531226	0.0156374366	0.0331195563	0.0320491605	-0.0269955822	0.1307143204	0.0047069754	0.0319579517	0.103211541	0.0605888441	0.0433913078	-0.0221423581	-0.0553717095	0.0756449242	-0.0900301174	0.0024713289	0.042079014	2.9402e-05	-0.0336426701	0.1150032424	0.1398200702	-0.0033492043	-0.0167915089	0.0314854364	0.0286695619	0.0774229338	0.1082632205	0.0185379786	-0.0327355296	0.0010282331	0.1123884664	-0.0153542078	0.0314059848	0.0933970632	-0.000172414	0.0374441578	0.0022087086	-0.0853866455	0.0168321883	-0.1113171025	0.0630079359	-0.0483473385	0.0271988418	-0.0154707764	0.0095770439	0.0259870489	0.0333505943	0.0608571037	-0.0890748573	-0.0778236498	0.0582808211	0.0058112516	0.0773377909	-0.0302792547	0.2042274388	0.0165157321	0.0279588872	0.0202204035	-0.0052520952	-0.0625453494	-0.0936952419	0.0335614238	-0.0095889052	-0.1301671423	0.1284413908	-0.1255820665	0.0	0.0	0.0	0.017057353821599	2.062389454240282e-05	0.0002909533193952	4.2534502609615287e-10	0.0897956042708187	0.0705652807426844	0.0080632505463614	0.0049794588462938	-0.2244570957682583	0.0193993379961909	0.050380987840721	0.0003763343146904	0.0010250041572491	-0.0004769979853103	2.2752707799008518e-07	1.0506335223779376e-06	2.9954015065003503e-05	6.391689089269015e-05	4.085368941388056e-09	8.972430185144567e-10	-9.001546074193737e-05	-0.0001390408967154	8.102783172583268e-09	1.9332370959428607e-08	0.0	0.0	0.0	0.0	0.0	0.0	0.0	0.0	0.0	0.0	0.0	0.0	0.0	0.0	0.0	0.0	0.0	0.0	0.0
850.0937322037414	-1.3793276056701416	1.9025446437637252	722659.3535320864	843.1924999071205	-0.5241525622381005	710973.5918996193	0.2747359085007658	810.6580466206223	-0.1404553114080045	0.0197276945027195	657166.468550763	805.5283147779562	683.0304530974357	1.007692	18.175518	0.1028670293122032	0.0689057044063623	0.092332985	0.1274526866	-0.0001519856	0.0150391562	0.0014442701	0.1333877546	-0.0351640861	-0.0056600298	-0.0554515227	0.0266208861	0.0696799077	0.1121313706	0.002796151	-0.0822011325	-0.0424627527	-0.0569557835	-0.0201230323	-0.0066528096	-0.02408716	0.0509074828	0.1601749689	0.0415155086	0.0161547575	0.0171255558	0.0973293007	0.0132799616	0.0264920486	0.0397464537	0.1422892163	-0.0379266159	-0.1038546582	-0.0001364855	-0.0241231351	-0.0306193294	-0.0216876297	-0.0142882831	-0.0523514881	0.0385443207	-0.1448606817	0.0130943419	0.0749871895	-0.1344624224	0.0576351482	-0.0625820853	0.0323619674	-0.0360822539	-0.0230871959	0.0575365378	0.0527712226	0.0216940515	-0.0220137902	-0.0370272503	0.0893706875	-0.1273564951	0.0005593291	-0.0729436111	0.0037241408	0.0223464128	-0.139056564	-0.0250695887	-0.0791221179	-0.0718280228	0.0734239121	-0.0516415166	0.0039970344	-0.1304496228	0.1295675475	-0.1281018373	0.0	0.0	0.0	0.03138129986894	0.0143239460473409	0.0009847859814643	0.0002051754303671	0.024610917439972	-0.0651846868308467	0.0006056972572371	0.0042490433972355	-0.2362122810209541	-0.0117551852526957	0.0557962417051221	0.0001381843803251	0.0011179964563032	9.299229905410012e-05	8.647567683367193e-09	1.2499160763065132e-06	3.002716119460125e-05	7.314612959774537e-08	5.350356275130159e-15	9.016304094065671e-10	4.898331770076007e-05	0.0001389987784426	2.399365412973595e-09	1.9320660408562093e-08	0.0	0.0	0.0	0.0	0.0	0.0	0.0	0.0	0.0	0.0	0.0	0.0	0.0	0.0	0.0	0.0	0.0	0.0	0.0
848.5584593235935	-1.535272880147886	2.357062816517585	720051.4588896307	844.279779130134	1.0872792230135246	712808.3454480278	1.1821761087968938	810.0985035684239	-0.5595430521983644	0.3130884272634616	656259.5854837997	805.0519749786894	673.7380180974161	1.042174	18.797451	0.1615135076940167	0.1151312603721131	0.0895035157	0.193658198	0.0230131146	-0.0249635241	-0.096446921	0.1741183858	-0.0160172132	0.0379292365	-0.1317130845	0.002236553	0.00245888	0.177195933	0.0046394402	-0.0858427935	-0.0611585911	0.0384039515	0.0540056451	0.0177264805	0.0725558759	0.0707152505	0.0697232106	-0.1625303888	-0.0216570193	0.0444026099	0.1268997281	-0.0643245649	-0.0010193025	-0.0323046017	0.1795936595	-0.0643399486	-0.0820517872	0.0303157867	-0.0320266699	0.1567614062	0.0199847268	0.0922525655	-0.017856671	-0.0435251474	-0.0661660774	0.1331781514	0.0179988749	-0.1874425181	0.0645291327	-0.1018588088	0.0896065196	0.0423558867	0.0036617237	0.098063917	0.0197420164	0.1260022063	-0.0792759114	-0.0301816222	0.0396464831	-0.0979621405	-0.0627342751	0.017337714	-0.1138245352	-0.105656892	-0.0341964752	-0.0241729077	0.0324373132	-0.0622193019	0.1194442369	0.0963473807	0.0212695683	-0.1306380564	0.1303201273	-0.1297908185	0.0	0.0	0.0	0.0264151717518217	-0.0049661281171182	0.0006977612986782	2.466242847563293e-05	0.0127697721439545	-0.0118411452960175	0.0001630670806085	0.0001402127219213	-0.2506856495483305	-0.0144733685273764	0.0628432948894683	0.0002094783965292	-0.0011020083258008	-0.002220004782104	4.928421232564628e-06	1.2144223501342822e-06	-0.0002809873336933	-0.0003110144948879	9.673001603037637e-08	7.895388169606994e-08	-2.4654720377429297e-05	-7.363803807818937e-05	6.078552368892275e-10	5.422560652004867e-09	0.0	0.0	0.0	0.0	0.0	0.0	0.0	0.0	0.0	0.0	0.0	0.0	0.0	0.0	0.0	0.0	0.0	0.0	0.0
847.9081478956381	-0.6503114279554438	0.4229049533294484	718948.2272678113	849.4363580233809	5.156578893246888	721542.1263320253	26.590305882279296	811.0718600165284	0.9733564481044824	0.9474227750665736	657837.562110671	805.9754691431078	667.5008215476962	1.095295	19.755581	0.1626916347066769	0.083454057472733	0.056819441	0.150773774	0.0450508547	0.0041625925	-0.0899113116	0.1078833913	-0.0337254203	-0.0570058156	-0.0524991281	0.0187256094	-0.029757165	0.1803306103	-0.0204707562	-0.0391754475	0.039570921	0.0954901675	0.0567433705	0.0596271107	0.0588800555	-0.0208586121	-0.0737447487	-0.0019302963	0.0157686742	-0.0532512436	-0.001633057	-0.0793517199	0.0114371097	-0.0626199898	0.1399667078	-0.1048755633	0.0070769446	0.0836985135	-0.0353825134	0.0568927825	0.0475972535	0.0557540677	0.0405077958	-0.0641126659	0.0628504692	-0.0751979044	-0.0252258938	-0.1652261497	0.0276357542	-0.0438339126	0.063754477	0.041479388	0.0372045901	0.1026963735	0.0891540228	0.1084605523	-0.0475739298	0.0597520318	-0.0420466189	-0.0142768149	-0.0673335125	0.0450014495	-0.0245091218	-0.0778525435	0.0142867465	-0.0091194185	-0.0414744673	0.0310240681	0.0248663899	0.1145336995	-0.0145364705	-0.1307323072	0.1306969605	-0.1306380564	0.0	0.0	0.0	0.0235651602100546	-0.002850011541767	0.0005553167757255	8.122565788205679e-06	0.0768553638529994	0.0640855917090449	0.0059067469529769	0.0041069630646984	-0.2040610308310135	0.0466246187173169	0.0416409043038158	0.0021738550705351	-0.0002479998346258	0.000854008491175	7.293305029990001e-07	6.150391797442414e-08	-0.000385000084472	-0.0001040127507787	1.081865232455196e-08	1.4822506504344714e-07	-4.770756016939885e-08	2.4607012817259895e-05	2.276011297316812e-15	6.055050797887929e-10	0.0	0.0	0.0	0.0	0.0	0.0	0.0	0.0	0.0	0.0	0.0	0.0	0.0	0.0	0.0	0.0	0.0	0.0	0.0
