global_signal	global_signal_derivative1	global_signal_derivative1_power2	global_signal_power2	csf	csf_derivative1	csf_derivative1_power2	csf_power2	white_matter	white_matter_derivative1	white_matter_derivative1_power2	white_matter_power2	csf_wm	tcompcor	std_dvars	dvars	framewise_displacement	rmsd	t_comp_cor_00	t_comp_cor_01	c_comp_cor_00	c_comp_cor_01	c_comp_cor_02	c_comp_cor_03	c_comp_cor_04	c_comp_cor_05	w_comp_cor_00	w_comp_cor_01	w_comp_cor_02	w_comp_cor_03	w_comp_cor_04	w_comp_cor_05	w_comp_cor_06	w_comp_cor_07	w_comp_cor_08	w_comp_cor_09	w_comp_cor_10	w_comp_cor_11	w_comp_cor_12	w_comp_cor_13	w_comp_cor_14	w_comp_cor_15	w_comp_cor_16	w_comp_cor_17	w_comp_cor_18	w_comp_cor_19	w_comp_cor_20	w_comp_cor_21	w_comp_cor_22	w_comp_cor_23	w_comp_cor_24	a_comp_cor_00	a_comp_cor_01	a_comp_cor_02	a_comp_cor_03	a_comp_cor_04	a_comp_cor_05	a_comp_cor_06	a_comp_cor_07	a_comp_cor_08	a_comp_cor_09	a_comp_cor_10	a_comp_cor_11	a_comp_cor_12	a_comp_cor_13	a_comp_cor_14	a_comp_cor_15	a_comp_cor_16	edge_comp_00	edge_comp_01	edge_comp_02	edge_comp_03	edge_comp_04	edge_comp_05	edge_comp_06	edge_comp_07	edge_comp_08	edge_comp_09	edge_comp_10	edge_comp_11	edge_comp_12	edge_comp_13	edge_comp_14	edge_comp_15	edge_comp_16	edge_comp_17	edge_comp_18	edge_comp_19	edge_comp_20	edge_comp_21	edge_comp_22	edge_comp_23	cosine00	cosine01	cosine02	trans_x	trans_x_derivative1	trans_x_derivative1_power2	trans_x_power2	trans_y	trans_y_derivative1	trans_y_power2	trans_y_derivative1_power2	trans_z	trans_z_derivative1	trans_z_derivative1_power2	trans_z_power2	rot_x	rot_x_derivative1	rot_x_derivative1_power2	rot_x_power2	rot_y	rot_y_derivative1	rot_y_power2	rot_y_derivative1_power2	rot_z	rot_z_derivative1	rot_z_derivative1_power2	rot_z_power2	motion_outlier00	motion_outlier01	motion_outlier02	motion_outlier03	motion_outlier04	motion_outlier05	motion_outlier06	motion_outlier07	motion_outlier08	motion_outlier09	motion_outlier10
861.5163974389592	n/a	n/a	742210.5030562027	928.1724384703288	n/a	n/a	861504.0755359562	800.1468296887233	n/a	n/a	640234.9490609148	893.9491027635567	617.8575769069976	n/a	n/a	n/a	n/a	-0.1903825602	-0.0580622055	-0.1902932474	-0.0196967946	0.108562005	-0.0329586946	0.2452100238	-0.1086814536	-0.12484157	0.1071476693	-0.1850762686	0.0460585738	-0.0765622356	0.0719167008	-0.0163546654	0.0694132193	-0.0441211366	0.0335885698	-0.0003440542	0.0009758803	0.0750791515	0.0101874057	-0.1139812585	0.0247319754	-0.0029416048	0.0691193296	-0.0512381454	0.0591087838	-0.1412698599	0.0696109674	-0.0222956369	0.026395611	-0.019290336	-0.1981675673	-0.1066899369	0.0514817942	-0.0024944205	0.1616202354	-0.1086921156	0.0662350166	-0.0868103544	0.088789821	-0.0086262022	0.0018359714	-0.1055660531	0.047302496	-0.1083287178	0.0753505411	-0.0020164122	-0.1214573848	-0.2535036053	-0.0134866286	0.0420608192	-0.04580646	-0.0300880271	0.062670892	-0.0768652327	0.0489891447	-0.0305439471	0.0693246418	-0.0601858011	0.0576591428	-0.0677241407	0.0366015473	-0.0558019595	0.0816707649	0.1077168368	-0.1926976078	-0.0869413934	0.0671537155	-0.0634554018	0.0636326733	-0.0820403845	0.0171844784	0.1290883846	0.1290552057	0.1289999139	0.0132663896163904	n/a	n/a	0.0001759970934538	0.0012088900371765	n/a	1.4614151219845994e-06	n/a	-0.2255760306454703	n/a	n/a	0.0508845456017661	-0.0028720860202728	n/a	n/a	8.248878107846452e-06	-0.0011483081323144	n/a	1.3186115667393854e-06	n/a	-0.0001381490281104	n/a	n/a	1.9085153967848093e-08	0.0	0.0	0.0	0.0	0.0	0.0	0.0	0.0	0.0	0.0	0.0
861.6118951994144	0.0954977604552596	0.0091198222519701	742375.0579491267	925.8577089077088	-2.3147295626199598	5.357972948066788	857212.4971438317	799.3556837746893	-0.7911459140340185	0.6259118572927225	638969.509182901	892.8754330199164	621.3673750413203	1.244455	20.919868	0.1523511543693022	0.0764127379376389	-0.1938115148	-0.0515388509	-0.1379926704	-0.0619778498	-0.115441688	-0.0589838312	0.2104997361	-0.1087056051	-0.1099509886	0.0094820022	-0.1694181109	0.1247672833	0.1629669396	0.0749400965	0.0376807418	0.1655828484	0.077004298	0.0914984035	-0.1311929611	-0.0337375723	0.0767273781	-0.0869233607	-0.0999406136	-0.0406651804	0.0802448491	0.0266552442	-0.066421413	-0.0414310905	0.0206635311	0.0281433019	-0.0707091026	-0.0783898462	0.0149100755	-0.1566341417	-0.0780683592	-0.196606011	-0.1071706621	0.1292788484	-0.1361291886	0.0486137652	-0.0136704324	0.0146715728	2.44959e-05	-0.0590352014	-0.0316819028	-0.0831467667	-0.0629732423	0.1515777214	-0.131253529	-0.0290772147	-0.2181768629	0.0449512117	-0.1184279861	0.1639049379	-0.0581951347	0.0111670419	-0.0796715515	-0.0422421065	0.001549229	0.1346036851	-0.0193792179	0.0828039506	0.0391269513	-0.0549475455	-0.0889631069	0.0649305609	0.0928911946	-0.0400664006	-0.0770275024	-0.0062088304	0.04165328	0.1575959935	-0.0029165803	0.02239736	0.1289999139	0.1287014744	0.1282045865	0.0106997548557643	-0.0025666347606261	6.587613994454199e-06	0.0001144847539734	0.007075069958617	0.0058661799214404	5.005661491932475e-05	3.441206687071166e-05	-0.1684994861518447	0.0570765444936255	0.0032577319313328	0.0283920768334357	-0.0021070481433335	0.0007650378769393	5.85282953151792e-07	4.439651878325149e-06	-0.0003222012397259	0.0008261068925884	1.0381363888090688e-07	6.824525979822274e-07	-0.0002838401624548	-0.0001456911343443	2.1225906626558004e-08	8.056523782236726e-08	0.0	0.0	0.0	0.0	0.0	0.0	0.0	0.0	0.0	0.0	0.0
861.008160403799	-0.6037347956154235	0.3644957034367972	741335.0522819341	928.4531867562272	2.595477848518385	6.736505262149626	862025.3199977936	799.8250394753474	0.4693557006580704	0.2202947737402282	639720.0937717409	893.6698484332776	607.0173821643391	1.230642	20.687656	0.1271053926515731	0.0667795023348365	-0.1416567101	0.005273022	-0.1483984748	-0.0674756508	0.0983523742	0.0179541146	-0.0147822755	-0.0338793186	-0.0800985844	0.0184257506	-0.0415473962	-0.0401847448	-0.0517836375	0.0890483664	0.064109305	0.0746232318	0.1097460682	0.1374682074	-0.0128551694	0.0329573846	0.007341161	-0.0787521972	-0.0824287731	0.0378722822	-0.0608214254	0.0682438727	0.0733990939	-0.0505079782	0.0053044756	-0.0068100758	0.0460413296	-0.0705038308	0.1830632306	-0.1360898851	0.0360466366	0.0607489976	-0.0181191471	0.0334673558	-0.0298083138	0.0786264805	-0.1077423249	-0.1001443922	0.0341897923	-0.0663708764	0.0079173345	-0.0197879666	-0.0877850138	-0.0413240443	-0.162655948	0.0351088607	-0.1443070891	-0.0430261475	0.1198266097	0.0166359724	-0.0958769151	0.0146365978	0.090602166	-0.1092476936	0.0291601954	0.1177112263	0.0218165049	0.066044536	0.0201931148	-0.1046563788	0.0510852973	0.06889324	0.0972428392	-0.10401059	0.0050595718	-0.0061684664	-0.0160113567	-0.0029406178	0.0825224881	0.027705701	0.1288230331	0.1279949812	0.1266188352	-0.0001092118714467	-0.010808966727211	0.0001168337617099	1.1927232864890524e-08	-0.0210532446601803	-0.0281283146187973	0.0004432391107214	0.000791202083294	-0.1095182248742503	0.0589812612775944	0.0034787891818958	0.0119942415796068	-0.0019420050637847	0.0001650430795487	2.723921810695145e-08	3.771383667765417e-06	-0.0004579996824545	-0.0001357984427286	2.0976370912842282e-07	1.8441217047512853e-08	-9.446841727915644e-07	0.000282895478282	8.00298516324063e-08	8.924281863228822e-13	0.0	0.0	0.0	0.0	0.0	0.0	0.0	0.0	0.0	0.0	0.0
862.056777643802	1.0486172400029543	1.099598116031414	743141.8878816154	927.502371066954	-0.9508156892732132	0.9040504749680954	860260.6483348216	799.994565322653	0.1695258473056355	0.0287390129046936	639991.3045457805	894.4539398619033	612.2334994358299	0.937819	15.765164	0.1038808058788722	0.0699174523340971	-0.158084981	-0.0399521487	-0.1558372592	-0.0540796759	0.1196341581	0.0034655206	0.0668649931	0.0280308167	-0.0498134202	0.0982120255	-0.0747161707	-0.1646549389	0.0447067999	0.0976186	-0.0375211959	0.0812008382	-0.0865984356	-0.0792930504	-0.2320724498	0.0727184112	0.033446565	-0.1164432057	-0.1002579576	-0.0557539701	0.0312929717	-0.1014045768	-0.0062285074	-0.0401442421	0.0060104766	0.01251425	0.0881640918	-0.0872027966	-0.0013955042	-0.1600183843	-0.0099239703	0.118148088	-0.029466912	0.0666495778	-0.0371644526	-0.0718740896	-0.0565767729	-0.0223470166	-0.044615359	-0.141299884	0.1334090552	-0.1591596639	0.1310655706	0.1371893486	-0.0196438388	0.0067548503	-0.1501836645	-0.0967628767	0.0826057682	-0.0276171354	-0.0835536503	0.0127935151	0.1009082241	0.0384388547	-0.1093993432	0.1523103481	0.0435473125	0.0086476846	0.0753013971	0.1870822708	0.0746905836	-0.0681171142	-0.0517732479	0.2073816562	0.1405649902	0.0214730099	0.0590778431	0.0530274479	0.0195091764	0.0636994026	0.1285578634	0.1269376627	0.1242524367	0.0066662123862926	0.0067754242577393	4.5906373872362144e-05	4.443838757916088e-05	0.0441142994572345	0.0651675441174148	0.0019460714166025	0.0042468088062952	-0.1094722009549826	4.602391926769589e-05	2.118201144759389e-09	0.011984162781928	-0.0022030851372229	-0.0002610800734382	6.816280474649595e-08	4.8535841218524445e-06	-0.0005086401420313	-5.064045957680003e-05	2.5871479408562105e-07	2.564456146149517e-09	-0.0003270604228468	-0.000326115738674	1.0635147501089417e-07	1.0696852019272763e-07	0.0	0.0	0.0	0.0	0.0	0.0	0.0	0.0	0.0	0.0	0.0
861.3921602078235	-0.6646174359784709	0.4417163362065968	741996.4536675006	927.8375517682332	0.3351807012792278	0.1123461025100349	860882.5224712688	800.5309467355494	0.5363814128963895	0.287705020100727	640849.7966813149	894.3095829986196	616.7785810352427	1.09856	18.467295	0.1497381087985069	0.0871112424829789	-0.175879947	-0.0683102594	-0.1719591648	-0.0324473086	-0.0713792756	-0.1119473951	0.062892949	0.0167467965	-0.0817389637	0.1280733543	-0.0421130084	0.1071869731	0.1120917568	-0.0170992496	0.0692451161	-0.0493023067	-0.1094996733	-0.1329883261	-0.0900275653	-0.0047459914	-0.1060592008	-0.1351982121	-0.1203001594	0.2138666135	0.1775464517	-0.0953151751	0.1200889933	0.0548087433	0.0595493319	0.0236463268	0.0134990962	0.0787239808	-0.0579224542	-0.1586008907	-0.0616238841	-0.0167248083	-0.0942174341	-0.0710436844	-0.0850753361	-0.1733780391	-0.0094190485	0.0829898875	-0.0158290593	-0.1365263758	0.0942578632	-0.2776981287	0.0715245552	0.0654421572	-0.0365502733	0.0131786111	-0.1524590065	-0.098626303	-0.1157892788	0.0357627338	-0.1414923942	-0.0282563816	-0.0092968435	0.1610729944	-0.1016989695	0.1196256587	-0.0596543542	-0.1391744546	0.1019162897	0.1426958873	-0.0821141671	0.0302620578	-0.064430786	0.3119322288	0.1847752274	0.0108240337	0.1353454686	-0.0226507119	-0.0608799288	0.0004993071	0.1282045865	0.1255324169	0.1211199807	-0.0004658162235813	-0.0071320286098739	5.086583209205984e-05	2.1698475415154369e-07	0.0529930791097825	0.0088787796525479	0.0028082664335356	7.883272811850035e-05	-0.0820042446962503	0.0274679562587323	0.0007544886210316	0.0067246961482024	-0.0035900112596484	-0.0013869261224255	1.923564069066233e-06	1.2888180844402292e-05	-0.0009229974017384	-0.000414357259707	8.519242036158373e-07	1.7169193867197708e-07	-3.1569194323449647e-06	0.0003239035034144	1.0491347952415788e-07	9.966140302317256e-12	0.0	0.0	0.0	0.0	0.0	0.0	0.0	0.0	0.0	0.0	0.0
860.6531689065921	-0.7389913012314082	0.5461081432956899	740723.877148959	925.7686798746992	-2.0688718935340376	4.280230911855114	857047.6486369432	800.8675583618419	0.3366116262925516	0.1133073869553164	641388.8460364583	893.2070925307377	613.21454167999	1.253389	21.070055	0.2811939871082654	0.1784129001077344	-0.1677565298	-0.1397349856	-0.1424770064	0.0732703912	-0.0303407133	-0.0875864256	0.1878525606	-0.0380600902	-0.1181014603	0.1370144448	-0.1171157643	0.2071788846	0.0355737796	0.034649979	-0.0798785076	0.0152785585	0.124898121	0.0277706794	-0.0589754159	0.2089322786	-0.1943261884	0.0921107956	0.1377645908	-0.1088463699	-0.0369352518	-0.008883774	0.0496110653	0.142131154	0.0253092551	-0.1613964223	-0.1326861045	0.1507898553	0.0700432892	-0.144583217	-0.1515255068	-0.1315386473	-0.0804682081	0.0644817703	-0.0735278557	0.1136379675	-0.2034945431	-0.02433325	-0.0169424987	0.0650397499	-0.134289214	0.0205870044	0.1237497635	-0.1329994523	-0.0107855912	-0.0521279795	-0.2120410493	0.0686905635	-0.0537287355	0.0342770925	-0.0614078227	0.118835117	-0.0002507312	-0.1781699151	0.1254521959	0.0662336079	-0.0440973502	-0.0035368546	-0.1070947971	-0.0177775972	-0.0199894019	-0.0292414962	0.0737584387	-0.119863796	0.0099235136	-0.0153460992	-0.0871358277	-0.063268187	-0.0179636564	0.041924834	0.1277634447	0.1237830955	0.1172407796	0.0021691609759244	0.0026349771995057	6.943104841914903e-06	4.705259339473296e-06	-0.0319389288967784	-0.0849320080065609	0.0010200951790734	0.0072134459840265	-0.1803117413191159	-0.0983074966228656	0.0096643638922547	0.0325123240575317	-0.0016850021609084	0.00190500909874	3.629059666282188e-06	2.839232282265977e-06	-0.0009229994037702	-2.002031799998478e-09	8.519278993601447e-07	4.008131328205148e-18	-1.7779146174802833e-06	1.3790048148646817e-06	1.9016542794199743e-12	3.1609803870500618e-12	0.0	0.0	0.0	0.0	0.0	0.0	0.0	0.0	0.0	0.0	0.0
857.4408948941592	-3.2122740124328857	10.318704330951672	735204.8882368966	922.8266855798116	-2.941994294887536	8.65533043115081	851609.0916182206	800.7096553157417	-0.157903046100273	0.0249333719677449	641135.9521158538	892.0583692652984	592.9667899477798	1.523566	25.611858	0.220366439379279	0.1350606773997242	-0.0988604254	-0.1146288982	-0.0866680914	0.0596615719	0.3368657073	-0.0970607516	0.030583027	-0.0633105549	-0.0723007107	0.1452217973	-0.0315416297	-0.0694344708	-0.3047531583	0.0501737079	-0.087511317	0.0871008342	-0.0333460019	-0.0454475283	-0.0288811743	0.1144423251	-0.0710478117	0.0102721864	-0.1388579034	-0.014573105	-0.0371546045	0.1546913749	0.0059794154	0.0585741565	0.1115242595	-0.0019837531	-0.0801355034	0.0056886643	0.0503728133	-0.0829082128	-0.1236197298	0.3181581706	0.0788642843	0.0002258699	-0.1102124725	0.0722788177	-0.1255695001	0.0254523913	0.0403835539	0.044596435	-0.0921200605	0.0463872193	0.0200277389	0.0048929242	-0.0595784702	-0.0229834275	-0.1390363868	-0.1816728678	0.14711947	-0.230491551	0.0043862068	0.1921380795	0.0279728872	0.0032211725	0.0196273413	0.0669807197	-0.0241530966	-1.07284e-05	-0.061892223	0.0221034467	-0.0545598944	0.0834899022	-0.0054953672	-0.0183297859	0.0538067898	0.0467698998	0.0389906029	0.0394374725	-0.0842016957	-0.0175498382	0.1272347401	0.1216944932	0.1126387502	-0.0002367711492183	-0.0024059321251427	5.788509390793668e-06	5.606057710215449e-08	0.0739217040690221	0.1058606329658005	0.005464418332468	0.0112064736119199	-0.1178692759581565	0.0624424653609594	0.0038990614803546	0.0138931662149	-0.0024320059692811	-0.0007470038083726	5.580146897233175e-07	5.914653034618902e-06	-0.0011680014959001	-0.0002450020921299	1.3642274944248713e-06	6.0026025148028e-08	-2.9201926624083854e-06	-1.142278044928102e-06	1.3047991319247673e-12	8.527525185583775e-12	1.0	0.0	0.0	0.0	0.0	0.0	0.0	0.0	0.0	0.0	0.0
859.6961778373545	2.2552829431953114	5.086301153867706	739077.5181881563	927.0248707561958	4.198185176384186	17.62475877521192	859375.1110005416	801.1782437445974	0.4685884288556963	0.2195751156574499	641886.5782496774	893.9552780863553	580.6366704687608	1.931284	32.465782	0.3801549798217031	0.2229816859551781	-0.0520192473	-0.0020095495	-0.107555597	-0.0893272395	-0.2980306116	-0.1148240553	-0.173095332	-0.1673775931	-0.0955004779	-0.0092421294	0.1228066945	0.2230974231	0.1043933011	-0.0446321789	0.0244284396	0.0227189616	0.114548504	-0.1789541677	-0.1170855719	-0.1451440766	-0.0456068076	0.0209916711	-0.0599023931	0.0702406268	0.069685173	-0.0195975844	-0.0231623019	0.0212750128	0.0631267587	-0.0391754613	0.0332990952	-0.111465611	-0.1314813224	-0.0750412255	0.0374672385	-0.1567798413	-0.1272594369	-0.3188204767	-0.0945217731	-0.1153686259	0.0299465643	0.0118539671	0.1344281782	0.1292580913	0.0792346984	-0.0016095244	0.0843966378	0.2228191534	-0.0912135494	-0.0066892227	0.004365807	-0.1617486874	-0.3931260573	0.0591947614	-0.0453371399	-0.1007646465	0.0610124188	0.0146917397	-0.0320306649	0.0342453065	0.0043404332	-0.1968895268	0.0903731945	-0.0420253149	-0.1001753751	0.1479116589	0.0569472492	-0.0071194541	-0.0434993104	-0.1415356387	0.0821064723	-0.0632920059	0.0036030841	-0.116066697	0.1266188352	0.1192723348	0.1073422654	-0.0343858756945252	-0.0341491045453068	0.0011661613412463	0.0011823884472793	0.194626783036	0.1207050789669779	0.0378795846749422	0.0145697160884243	0.0613629228470813	0.1792321988052378	0.0321241810885602	0.0037654083003368	-0.0027488513625786	-0.0003168453932975	1.0039100325384753e-07	7.556183813550226e-06	-0.0015747715554139	-0.0004067700595138	2.479905451740714e-06	1.654618813168604e-07	0.0001948363046099	0.0001977564972723	3.910763221341252e-08	3.796118559404174e-08	0.0	1.0	0.0	0.0	0.0	0.0	0.0	0.0	0.0	0.0	0.0
860.1570108259777	0.4608329886232241	0.2123670434034126	739870.0832730812	927.5131867571577	0.488316000961845	0.2384525167953686	860280.711608418	801.5113758572954	0.3331321126980811	0.1109770045106869	642420.4856286547	894.0377226305621	584.1653489847099	1.535762	25.816877	0.4751378888823496	0.3287914708754699	-0.0645949708	-0.0065000777	-0.097763645	0.0767891524	0.1139834365	0.0920657598	-0.2151972921	0.0357235058	-0.1329136514	0.0071782736	0.0496739659	-0.0860754129	-0.0499274578	0.0169646416	-0.1307604856	-0.0436613891	0.1839666066	0.1443111165	-0.0264864051	-0.0051951978	-0.0844725066	0.1613763734	-0.1215969384	0.0876833979	-0.1395655084	-0.0213402351	0.1195110031	0.0414611548	-0.016203769	0.0194428752	-0.083247487	-0.0966280644	0.062185217	-0.0930726482	0.0663368135	0.0556232263	0.0408600813	-0.0669793391	0.0273656018	-0.0255683749	-0.1498861692	-0.3008793741	0.0793097459	0.0221880072	-0.163066896	0.1083480665	0.076112386	-0.0440445839	0.048043436	0.0368153651	-0.030460648	0.0182240398	0.1145811901	-0.1291275832	-0.2143964744	-0.0686601046	0.1364767669	-0.2337235066	0.1049349862	-0.0644027517	-0.0216423184	-0.1123057256	0.0383854016	-0.02655246	0.0098634834	0.0553920106	-0.0587706679	0.015093509	-0.0334076178	0.0256661079	0.0081574332	-0.0123465084	0.0263006306	-0.0825045057	0.1259161521	0.1165232592	0.1013839798	-0.0257360906356751	0.00864978505885	7.48187815643064e-05	0.0006623463612076	-0.1043100441631708	-0.2989368271991708	0.0108805853133226	0.0893632266559069	0.0106377249774425	-0.0507251978696388	0.002573045698914	0.0001131611926957	-0.000840000669369	0.0019088506932096	3.6437109689667703e-06	7.056011245403681e-07	-0.0013430011324058	0.000231770423008	1.8036520416432607e-06	5.371752898135359e-08	-1.0641542661990466e-06	-0.000195900458876	3.837698978786618e-08	1.1324243022696313e-12	0.0	0.0	1.0	0.0	0.0	0.0	0.0	0.0	0.0	0.0	0.0
859.5360075824989	-0.6210032434788673	0.3856450284112733	738802.1483308616	927.7350000288428	0.2218132716851641	0.0492011274956764	860692.230278517	801.9318269160198	0.4204510587243248	0.1767790927824056	643094.655020865	894.2221315780935	576.5158777338214	1.312437	22.062668	0.3206168964258726	0.2141095824863385	-0.0199437853	-0.0293277043	-0.091330406	0.0733507329	-0.1291329305	0.0524458243	-0.2606066993	0.1383110092	-0.0613690586	0.0502703912	0.1449640546	-0.0979847433	0.0200290603	-0.2226599663	-0.1050195187	-0.0842340649	-0.0203078139	0.0973328656	0.0142529827	-0.1702278392	0.0079044143	-0.0679341596	0.161498899	0.0214535255	-0.0718165674	0.0248169165	-0.102843673	-0.0959362551	-0.0578678889	0.0583901714	0.1185046341	-0.0629087242	0.045228191	-0.0425972251	0.1027372731	0.0567701097	-0.0077111277	-0.1848881217	0.2420601664	-0.2081966813	-0.0057679836	0.0069051453	0.0547771499	0.1197171459	-0.0478326918	0.0178417438	-0.071111923	0.1092925095	0.073747822	-0.054858961	0.0643272267	-0.0327933666	-0.0704698732	-0.0296937349	-0.0901774296	0.0417522923	0.1861929721	0.15706763	0.0015810253	-0.1198569571	-0.0803960716	-0.1707940508	0.0661209658	0.0586074611	0.0734788541	0.0075145878	0.0255179828	-0.1295536725	-0.0776946815	-0.1302594899	-0.0408099513	0.031381744	0.0175273607	-0.0313676576	0.1251271724	0.1134548014	0.0948006283	-0.0259103780623206	-0.0001742874266455	3.037610708671135e-08	0.0006713476913323	0.0874518967577699	0.1917619409209407	0.0076478342465316	0.0367726419857663	0.0945748471638694	0.0839371221864268	0.0070454404809391	0.0089444017160692	-0.0008009995344915	3.90011348775e-05	1.5210885217329467e-09	6.416002542555998e-07	-0.0004880000731728	0.000855001059233	2.381440714166582e-07	7.31026811289552e-07	-1.9543053950772573e-07	8.687237266913209e-07	7.546809133164568e-13	3.819309577228075e-14	0.0	0.0	0.0	0.0	0.0	0.0	0.0	0.0	0.0	0.0	0.0
853.8388117736932	-5.697195808805645	32.45804008387261	729040.7164911124	920.7018015326524	-7.03319849619038	49.46588108681462	847691.8073454717	800.3394454287089	-1.5923814873108313	2.535678801130256	640543.2279091333	890.4602604010586	566.4212065553244	1.363481	22.920748	0.1760282754730484	0.1280458564277369	0.0339403128	-0.1378716111	0.0090455088	-0.0409316198	-0.0572779514	-0.1201183373	-0.1379292474	0.1318283061	0.0643852364	0.1267890564	0.1366211162	-0.0020760905	0.0798474264	-0.1055170344	0.0811006742	-0.2188041716	0.0146787065	0.14838569	0.0346717366	0.1094004045	0.081257202	-0.0587137326	0.1165068185	-0.0113826249	0.0266568305	0.0423804783	0.1751652848	-0.0786142194	0.064099968	0.1249001941	-0.0069036451	-0.0297157704	-0.063584591	0.0610818551	-0.0294518198	-0.0587771109	-0.1087443546	-0.0959576921	0.1270640566	-0.1165048676	0.0572330272	-0.150607424	0.0274956471	-0.1488928208	-0.1201167398	0.0685287253	-0.0378475259	-0.1989114276	0.012875364	0.0176933491	0.0962049098	0.0268665726	-0.033746941	0.0281845383	-0.1683243509	-0.0178400764	0.0470476385	-0.126317555	0.0641346933	-0.091548954	-0.0650001162	0.0387148436	0.1702649144	-0.0480288158	0.1015786194	-0.1267916825	-0.0920441465	-0.0099861352	0.0100020865	0.0845701336	-0.0509518888	-0.0245499636	-0.098185539	-0.0225184775	0.1242524367	0.1100753719	0.0876327994	-0.0258569599084523	5.341815386830304e-05	2.8534991626976987e-09	0.0006685823757073	-0.0342955327073468	-0.1217474294651167	0.0011761835636806	0.0148224365813635	0.1166464030974054	0.022071555933536	0.0004871535813272	0.0136063833555623	-0.0002619995897115	0.00053899994478	2.90520940472843e-07	6.864378500899434e-08	-0.000591999688466	-0.0001039996152931	3.504636311438411e-07	1.0815919981133597e-08	-7.755220215961483e-08	1.178783373481109e-07	1.3895302415955036e-14	6.0143440598057666e-15	0.0	0.0	0.0	0.0	0.0	0.0	0.0	0.0	0.0	0.0	0.0
849.7043767035924	-4.134435070100835	17.0935533488797	721997.5277892405	914.669398819528	-6.032402713124384	36.38988249331042	836620.1091368769	799.4202949030165	-0.9191505256924302	0.8448376888806707	639072.8079028259	888.2957171972217	538.8328629957628	1.274527	21.425392	0.2842533197893894	0.1441067272166437	0.1188216117	-0.0453709317	0.1049836413	-0.0578395632	-0.003101864	-9.59667e-05	-0.0759336646	0.0763100447	0.1091940849	0.0322201095	0.1159341923	-0.0649496273	-0.0272924429	-0.182945067	-0.1176083911	-0.1864200561	0.0186678457	-0.0226971055	-0.0188838077	0.0438950847	0.0635901972	-0.1339075501	0.136077958	-0.0504362633	0.0039713609	-0.0258794952	0.0067284715	-0.0575637676	0.0398747581	-0.0841315706	0.0461910167	0.0121591272	0.0681115491	0.1396306288	0.0188556317	0.0816133664	-0.0498965935	-0.0578889402	0.0719538942	-0.1063657063	0.1139207838	0.0158724907	0.0093681678	-0.029301359	-0.0971576679	0.0441919576	0.0882927117	-0.0237896209	-0.0049947265	-0.0618933758	0.1517360799	-0.0677572508	0.0172957925	-0.0412548656	-0.0139222288	0.0054743815	-0.0109763502	0.0264536621	0.0539687221	-0.1816105927	-0.0542736873	-0.0075941236	0.0077800108	-0.0207754122	0.1529651618	-0.122147431	-0.0641457569	0.0399958873	0.0438827529	-0.0015221248	-0.0359650136	-0.0500714035	0.0032494497	-0.0685992402	0.1232925447	0.1063942335	0.0799246852	0.0161942014517961	0.0420511613602484	0.0017683001717456	0.0002622521606613	0.076594301487205	0.1108898341945518	0.0058666870203128	0.0122965553276951	0.1604925439665976	0.0438461408691921	0.001922484069121	0.0257578566688702	-0.0008009541191974	-0.0005389545294858	2.904719848533678e-07	6.415275010592828e-07	0.0003745972666888	0.0009665969551548	1.4032311221071997e-07	9.343096737145304e-07	-0.0002438497348694	-0.0002437721826672	5.9424877042350425e-08	5.9462693195876686e-08	0.0	0.0	0.0	0.0	0.0	0.0	0.0	0.0	0.0	0.0	0.0
847.0589808214304	-2.6453958821620063	6.9981193733597	717508.9169902403	913.9295631734336	-0.7398356460944342	0.5473567832319689	835267.2464423832	796.9284121328207	-2.4918827701958435	6.209479740398911	635094.8940645389	886.6758407617332	520.3311716155669	1.256046	21.114716	0.2658962863303147	0.1523731999558652	0.1437802392	-0.0139961003	0.1176319079	0.0157194934	0.0603886994	0.0059923028	0.0559783874	0.2053180845	0.1724759743	-0.0255134957	-0.0796479598	-0.0407344623	0.1343988324	0.02304596	-0.0879791632	-0.070458211	-0.0993296817	0.1110642584	0.143741437	-0.0287208442	-0.0525481024	0.0464517514	-0.123238484	0.0832142346	0.058946171	-0.1120508413	0.2161847751	-0.1518588558	-0.0931901587	0.1380769762	0.0273506952	0.050410243	-0.1411220253	0.1431100958	-0.0821714198	0.0322619372	0.0073108833	0.1724059686	0.0493766455	-0.0110068964	0.1927988712	-0.0812422524	0.1334568984	-0.0686914055	-0.0780170837	-0.0683364722	0.0908587478	-0.1347941649	0.0417045239	0.0227917005	0.1160013935	0.1192469566	0.1516952418	0.0416679112	-0.0121870802	-0.0275311109	-0.2457238932	0.0328257464	0.0765323314	-0.0535932289	-0.0236759357	-0.0618038154	0.1104588319	-0.0714973375	-0.2486263899	0.0725954594	-0.2228678881	0.0761921612	0.0077493618	0.0449625919	-0.0155415189	-0.3276787974	0.1370164333	-0.1723635235	0.1222481541	0.1024214758	0.0717238087	0.0025046918450613	-0.0136895096067347	0.0001874026732728	6.273481238716579e-06	-0.0560456689916293	-0.1326399704788343	0.0031411170127192	0.017593361768626	0.124058827020022	-0.0364337169465756	0.0013274157305431	0.0153905925615837	-0.0002472343324005	0.0005537197867969	3.066056022904044e-07	6.112481511752094e-08	0.0013260523392564	0.0009514550725676	1.7584148064473703e-06	9.052667551146168e-07	-0.0004013366614683	-0.0001574869265989	2.480213204956732e-08	1.610711158385209e-07	0.0	0.0	0.0	0.0	0.0	0.0	0.0	0.0	0.0	0.0	0.0
847.1659896067515	0.1070087853211134	0.0114508801359001	717690.2139463866	910.4000407428276	-3.5295224306059936	12.45752858815084	828828.2341845422	798.197222237796	1.2688101049753868	1.609879082487652	637118.8055881335	886.2225089805833	520.1417858005625	1.683535	28.301008	0.5567848329111443	0.3370884146891617	0.1902731052	0.0596880124	0.1863101487	-0.0840250667	-0.0182875294	-0.143973652	-0.2160567266	-0.1331771266	0.1401252039	-0.1074964313	0.2154784416	0.1334554341	-0.2114787662	-0.0089842233	0.0084324466	-0.0877716275	0.0498040005	-0.1110859998	0.0731152449	-0.1155580741	0.1381522406	-0.0512325764	0.0111469812	-0.1347211995	0.0305445229	-0.0732060761	-0.1202840909	0.1015930051	0.0208998041	0.0083484415	0.1320336477	-0.0690931556	0.023495571	0.2294749504	0.0347796873	0.0355515072	-0.0111022261	-0.2720479599	-0.0727215119	0.0814080503	0.1140864427	0.0183151625	-0.1225420085	0.0010617009	-0.0745385291	0.0079096529	-0.348237902	0.1757043936	0.0101406999	-0.1695699833	0.2453692974	-0.2447189454	-0.1350537415	-0.0433431869	0.2192174017	-0.1074988975	-0.1446255525	-0.0178174814	-0.0138893115	-0.095302808	-0.1309107257	0.0625726816	0.2351567755	-0.1092183485	0.2227675394	0.1639895902	0.1347768972	-0.0805465219	-0.2033843018	-0.2153121898	0.03837084	0.0799753881	-0.0966745362	0.0726773844	0.1211199807	0.098167988	0.063080731	-0.0302752268782171	-0.0327799187232784	0.0010745230715047	0.0009165893625275	0.2410649197414898	0.2971105887331191	0.0581122955299709	0.0882747019373406	0.2474465739867781	0.1233877469667561	0.0152245361015322	0.061229806977794	-0.0013130015495156	-0.0010657672171151	1.135859761077265e-06	1.7239730690303663e-06	0.0007239999554919	-0.0006020523837644	5.241759355522733e-07	3.624670727965167e-07	9.753074119162996e-07	0.0004023119688802	1.6185492030427614e-07	9.512245477388706e-13	0.0	0.0	0.0	1.0	0.0	0.0	0.0	0.0	0.0	0.0	0.0
846.3568923682494	-0.8090972385020905	0.6546383413517087	716319.9892592406	910.9592377267232	0.5591969838956174	0.3127012667979554	829846.7327996527	797.3383127742122	-0.8589094635838137	0.7377254666338346	635748.3850176275	886.5844908100341	512.359469293915	1.593585	26.788902	0.596623927952663	0.4019925896812572	0.1821252637	0.0778242827	0.1804698934	0.1736346564	-0.0766707384	0.0560568661	0.0628065494	0.0322387866	0.137374799	-0.138689237	-0.0285339895	-0.036731616	0.0993120441	0.1275898962	-0.052355187	-0.0128011422	0.0448408219	0.1116414282	0.0053641314	-0.135125499	0.0411950427	0.0599507573	0.1645299154	-0.153724525	-0.1000704062	0.0544124396	0.0586470455	0.0721743802	0.0587396411	-0.137372941	0.0645836674	-0.0580857253	0.0247302207	0.1672808474	-0.0465786296	-0.140112102	0.0903772059	0.0692050535	0.0492154959	-0.0668015723	-0.0061927694	-0.1811763029	0.0383243994	0.0125053681	0.0286670052	-0.0231044471	0.0726108092	-0.0995461722	0.0846560646	0.0922807455	0.136488007	0.2425169012	0.0039799608	-0.0483298055	-0.0717156201	-0.0805115962	-0.0562275405	-0.0925530181	0.1449834584	-0.1019038769	0.0960406971	-0.0340732161	-0.0515306189	0.070172413	0.1196253882	-0.0476169587	0.1015382806	0.1347808963	-0.0170465439	0.0657123945	0.0222545568	-0.0391369161	0.0458253479	0.0265207327	0.1199087977	0.0936454286	0.0540487397	-0.0271715134839496	0.0031037133942674	9.633036833755476e-06	0.0007382911450084	-0.1221293628952082	-0.363194282636698	0.0149155812811894	0.1319100869399856	0.1596218493508843	-0.0878247246358938	0.0077131822573705	0.0254791347901964	0.000639003436553	0.0019520049860685	3.8103234656366745e-06	4.083253919265439e-07	-7.896928779982382e-05	-0.0008029692432917	6.236148415611402e-09	6.447596056724836e-07	9.602522376766312e-05	9.504991635574682e-05	9.034486599234469e-09	9.220843599629774e-09	0.0	0.0	0.0	0.0	1.0	0.0	0.0	0.0	0.0	0.0	0.0
845.9503181195101	-0.4065742487392754	0.1653026197379061	715631.9407265004	908.9597043060676	-1.9995334206556663	3.9981339003189498	826207.7440521738	798.1133194129004	0.7750066386881826	0.6006352900107553	636984.8706242784	885.9963950071212	505.58397829216136	1.536035	25.821466	0.2932390444750139	0.1955217439190456	0.2012043916	0.0877860627	0.2188887048	-0.0397358734	0.2465421227	-0.0167332852	-0.0820920733	-0.0505580583	0.149195436	-0.0888241859	0.1095201116	-0.1366992796	-0.2651497143	0.0326152423	0.0157108242	-0.0269835479	-0.0621334473	0.0146675333	-0.080477102	-0.0245624368	0.1536906721	0.1740688124	0.0168711403	0.1185521216	-0.0981839297	0.1236883536	0.0506673629	0.0026593465	-0.0183590754	-0.0948941493	0.1299152286	0.056441083	-0.0248791235	0.198285906	0.0034040241	0.2490674125	0.1699240625	-0.005753197	-0.0774233026	-0.0011638205	0.0955644994	0.0751581428	0.0269724081	-0.0790358208	-0.0419213194	0.0663009257	-0.1049819754	-0.0138111801	0.1310235377	0.0784591143	0.1887869707	-0.1021106272	0.1740148702	-0.2016416085	0.0808821359	-0.006785473	-0.1229271826	0.1050272418	0.0325271826	-0.1452562167	0.0336294206	0.1274046552	-0.0111242748	-0.0752640983	0.045859289	0.1046805242	-0.061806526	0.0587560936	0.0626929142	0.0297968399	-0.0526314578	-0.0045758825	0.0306015434	-0.0553989909	0.1186154352	0.0888661936	0.0446835199	-0.014356676948239	0.0128148365357106	0.0001642200354369	0.000206114172996	0.0588492036801397	0.1809785665753479	0.0034632287737865	0.0327532415596676	0.1994682394348927	0.0398463900840083	0.0015877348027269	0.0397875785432556	-9.00000167749099e-05	-0.0007290034533279	5.314460349640182e-07	8.100003019484065e-09	0.0002880000127849	0.0003669693005847	8.294400736410257e-08	1.3466646757164138e-07	1.2952081356894633e-08	-9.601227168630624e-05	9.218356314365081e-09	1.6775641147561752e-16	0.0	0.0	0.0	0.0	0.0	1.0	0.0	0.0	0.0	0.0	0.0
845.731637175422	-0.2186809440881916	0.0478213553073027	715262.0021194195	910.2094605027175	1.2497561966499688	1.5618905510649956	828481.2619886481	796.3077153661803	-1.8056040467200771	3.260205973531919	634105.9775517057	885.989473374821	506.0337586867071	1.459222	24.530201	0.101773768074674	0.0536598775485287	0.1969819888	0.0919159911	0.1928307566	0.086562686	-0.1169543209	-0.0094439203	-0.0145431796	0.0059793548	0.1490214927	-0.17179925	-0.0726691798	0.0477653041	-0.0067789741	-0.005971899	-0.1367697037	-0.0809758282	-0.1059268901	-0.0732141088	0.0457859836	-0.1367336922	-0.0280644887	0.0452801345	0.0060221903	0.049685883	0.1648024616	-0.0030969247	-0.0953384637	-0.1068242772	0.1085723543	0.1516186048	0.0363378105	0.1792575472	0.1306703495	0.1807125033	-0.0321685781	-0.0891323154	0.1338862628	0.0090807777	0.0085562973	-0.1002985304	0.1697655237	0.1236236662	0.0578194532	0.0940828252	-0.0123550373	-0.0657334847	0.0355300137	-0.0019224375	0.1122989602	-0.0149609023	0.1605020036	0.1019035193	-0.0604320016	-0.0245772911	0.0505102039	-0.0451788916	-0.1326803723	0.1707000757	0.1351501806	-0.0198054394	0.0835427859	-0.0584947208	-0.0381176768	0.0643835275	0.0535117114	-0.0161041003	0.021743796	0.0108152022	-0.005627997	0.0075216982	0.0159580953	-0.0142767786	-0.1266635679	-0.0464010894	0.1172407796	0.0838433825	0.0350428114	-0.0080341140747606	0.0063225628734783	3.997480128908743e-05	6.454698896626638e-05	0.0222545164291574	-0.0365946872509823	0.0004952635014956	0.0013391711349972	0.1721638550966133	-0.0273043843382793	0.0007455294040924	0.0296403930017276	7.800004045817774e-05	0.000168000057233	2.8224019230320724e-08	6.084006311477365e-09	0.0007510003049577	0.0004630002921728	5.640014580465583e-07	2.1436927055209815e-07	-2.9370751435089044e-08	-4.232283279198368e-08	1.7912221755382086e-15	8.626410398617851e-16	0.0	0.0	0.0	0.0	0.0	0.0	0.0	0.0	0.0	0.0	0.0
845.6119056523328	-0.1197315230891717	0.0143356376212528	715059.4949809697	908.433011683022	-1.776448819695588	3.155770408997848	825250.5367154855	798.0836113469835	1.7758959808031705	3.1538065346328548	636937.450700643	885.6132318394378	507.9510249281352	1.216141	20.443895	0.1031735481804963	0.0635549236427633	0.2010399991	0.0912067975	0.2337103054	0.0410340708	-0.0522396539	-0.0100404651	0.0271334836	-0.0624846141	0.1386451312	-0.1007244497	0.1383381279	0.0598493877	0.0143377756	0.1919195619	0.0868223904	-0.0569228573	0.0429587263	0.1034694198	0.0486423924	-0.0534133726	0.116869617	0.0173271428	-0.0327120524	-0.1541828716	-0.0091870605	-0.1097602937	0.0387162795	-0.1127124728	-0.0079509262	0.0898154975	-0.0287543677	0.0702544905	0.0436686291	0.2098028999	-0.0390886403	-0.1162557204	0.0709157422	0.0173099916	-0.0435047371	0.1454976172	0.1041096886	-0.1240954497	0.0457210061	-0.089844101	0.0469270699	0.0785346715	-0.0499929462	-0.0417765169	-0.0110898743	-0.053727197	0.1524328489	0.0982614224	-0.0152715109	0.003458488	0.0959079968	-0.0848253091	-0.1657059565	-0.0043801343	0.2010062854	0.0968722137	0.0674639958	0.1278796447	0.0680668031	0.0083524833	0.0394557191	-0.1316664001	0.1111652864	-0.0336947301	-0.0403245495	0.0890466454	0.0442044177	0.074472601	0.0190542296	0.0002811789	0.1157857731	0.0785907625	0.0251860523	0.0071081406703115	0.0151422547450721	0.0002292878787646	5.0525663788936416e-05	-0.0363989293645659	-0.0586534457937233	0.0013248820588866	0.0034402267034772	0.1570905657434309	-0.0150732893531824	0.0002272040519247	0.0246774458455911	1.693246173934132e-05	-6.106757871883642e-05	3.729249170581282e-09	2.867082605542577e-10	0.0008090015709982	5.8001266040499976e-05	6.544835418775555e-07	3.3641468623008557e-09	0.0001669929502596	0.000167022321011	2.789645571591325e-08	2.7886645436405237e-08	0.0	0.0	0.0	0.0	0.0	0.0	0.0	0.0	0.0	0.0	0.0
847.6492505382433	2.0373448859105565	4.150774184145899	718509.2519380456	909.9415734686504	1.5085617856284443	2.275758661058481	827993.6671266033	797.7528342483935	-0.3307770985900333	0.1094134889516406	636409.5845513447	887.1212947726762	510.4992751805128	1.203609	20.233231	0.0782136844160155	0.0374255306786225	0.1811985837	0.0900714499	0.1995717054	0.1007953327	-0.0178278902	-0.0043743206	0.0075337376	-0.0718178293	0.1303370274	-0.0832548814	-0.0314061722	-0.0157569883	-0.0516942977	-0.0770979237	0.1132283083	-0.1060733088	-0.1213395475	-0.0578153464	-0.01352217	-0.008595644	0.03184717	0.0663014959	0.1121897929	0.0794287823	-0.1006707687	0.1285912731	-0.0410207595	0.0439256712	0.1403746427	0.0576686133	-0.1665823656	0.0676260407	-0.0169263384	0.1468985577	-0.0241605294	-0.0525360127	0.1268852094	0.0228489764	-0.0216331109	-0.0714092156	0.1285414786	0.0642769058	0.0946310874	-0.0229139541	-0.0284768245	0.1801832854	-0.0200349265	-0.1525331665	-0.0339052935	0.1997263268	0.142947093	0.0786334416	-0.0093507296	-0.0407736704	-0.0366024663	-0.0337726615	-0.1418767898	0.0607272736	0.1414858783	-0.0511258748	0.0634111787	0.1354862116	-0.1217415008	-0.0777748715	0.0421928891	-0.0519755192	0.0145728055	0.0170889777	0.1530095996	0.105390828	-0.069489921	0.0751130733	0.0062529704	0.0042150007	0.1142514127	0.0731227308	0.0151740128	-0.0082570455093531	-0.0153651861796646	0.0002360889463357	6.81788005435282e-05	-0.0114795427905107	0.0249193865740552	0.0001317799026791	0.0006209758272272	0.163865123679713	0.0067745579362821	4.589463523204308e-05	0.0268517787585676	0.0001259999856288	0.0001090675238894	1.189572476737764e-08	1.5875996378457806e-08	0.0004620000594013	-0.0003470015115968	2.1344405488680477e-07	1.2041004905053348e-07	-2.9088774314270837e-08	-0.0001670220390339	2.7896361523046385e-08	8.461567911065826e-16	0.0	0.0	0.0	0.0	0.0	0.0	0.0	0.0	0.0	0.0	0.0
847.2715677472864	-0.3776827909568965	0.1426442905849907	717869.1095129446	909.137364108388	-0.8042093602623481	0.6467526951335753	826530.7468179477	796.211201454752	-1.5416327936414973	2.3766316704308874	633952.2773220197	885.9277694726707	511.1221883166153	1.802811	30.306084	0.210678569465141	0.1524137464676319	0.1832623424	0.1882672209	0.2434607404	0.1688587902	0.0663281007	0.1369921309	-0.0088572719	0.068604826	0.1417951692	-0.1724381297	-0.0842992736	-0.0092846206	-0.0466000046	0.0818037839	-0.0033077392	-0.03862982	-0.0036698217	0.02942035	0.1278371856	0.0004834152	0.0534042512	-0.1737086677	0.1113718231	-0.0540653321	0.1826770134	-0.160933341	-0.1289936382	0.0756885073	0.0676303072	-0.1471811072	-0.1380122782	0.168250196	-0.0381290013	0.2004214811	0.0542734603	-0.0692944117	0.2257993924	0.059232346	0.183385493	0.2224284618	0.0195448292	0.001220825	-0.4276772924	0.0194505122	-0.0301710154	-0.193374538	-0.030337582	0.2826043401	-0.1336072475	-0.129004939	0.1513937304	0.1886596051	0.0686121729	-0.0831882727	0.4970796902	-0.0337903862	0.138215844	-0.0915835796	-0.3134952915	0.1669456361	-0.3657895855	-0.0741534867	0.1433194263	0.1172797301	-0.2076386458	-0.0335674565	0.1556877397	0.0899483058	-0.076696004	0.1332567053	-0.1151863422	-0.1025313502	0.0126003162	0.0158536972	0.1126387502	0.0674542747	0.0050684204	-0.021008578235893	-0.0127515327265398	0.000162601586876	0.0004413603594936	-0.0161300849525645	-0.0046505421620537	0.0002601796405769	2.162754240104001e-05	0.1125946302005331	-0.0512704934791799	0.0026286635015986	0.0126775507499948	0.002647986817187	0.0025219868315582	6.36041757855297e-06	7.011834183996139e-06	0.0007290693636576	0.0002670693042562	5.315421370240977e-07	7.132601327594411e-08	5.103479735853438e-05	5.106388613284865e-05	2.607520466988533e-09	2.604550541426668e-09	0.0	0.0	0.0	0.0	0.0	0.0	1.0	0.0	0.0	0.0	0.0
850.2159700991498	2.9444023518633458	8.669505209658402	722867.1958116384	912.8192663774256	3.6819022690375514	13.556404318743862	833239.0130698215	797.9446255040816	1.733424049329642	3.0047589347943733	636715.625370849	888.1266620607336	534.7868258180871	1.80082	30.272614	0.3538458042408033	0.1821953098005159	0.0915711026	0.0570713578	0.1277916085	0.1211507048	0.141077847	-0.1304776711	0.0972847472	0.0066846734	0.0889103598	0.0022762741	-0.11309596	0.0448961811	-0.1535257244	0.2617730288	0.1842835933	0.0791331852	0.1062005017	-0.1596082147	0.0882910989	0.0080207963	-0.2412036586	0.0534564177	0.0336391486	-0.0190546091	0.0237735769	-0.0748964544	-0.1336040763	-0.2347961726	-0.1033062854	0.0372500334	0.0652112314	-0.0565225644	-0.2292104468	0.0976395705	-0.1700101943	0.0663584215	0.0740467899	0.0413984556	-0.0545952837	0.1998943799	-0.0736952172	0.0660534355	0.0196643654	0.2678764471	0.4273686667	-0.1718691564	-0.0242283755	-0.2311733392	-0.1715324822	0.1296644659	-0.0005000792	0.0743097431	-0.0357918913	-0.0650979622	0.2375775293	0.1543719845	-0.1190021886	-0.0285043147	-0.1231335562	0.2100950623	0.200585816	-0.1539340738	-0.1181195406	-0.2252144196	0.0447366807	-0.1253536939	0.0234549995	0.0318101809	0.201740886	0.121126379	0.3266072051	-0.1459632847	0.0361802709	0.156835968	0.1109488906	0.0616009311	-0.0050684204	-0.0086725676450072	0.0123360105908858	0.0001521771572984	7.521342955722573e-05	0.0177963807043113	0.0339264656568758	0.0003167111661727	0.0011510050719671	-0.0047390126376569	-0.11733364283819	0.0137671837416799	2.245824077987181e-05	-0.0003519775293398	-0.0029999643465268	8.999786080431972e-06	1.2388818116014976e-07	0.0001990396994244	-0.0005300296642331	3.961680194695549e-08	2.8093144496715864e-07	-0.0002239648949785	-0.000274999692337	7.562483078546356e-08	5.016027418273053e-08	0.0	0.0	0.0	0.0	0.0	0.0	0.0	1.0	0.0	0.0	0.0
855.2895983720084	5.073628272858628	25.74170385115042	731520.2970833514	920.3769557534196	7.557689375993959	57.11866870401197	847093.7406819321	800.348345157249	2.4037196531674	5.777868171023205	640557.473595947	891.5466674915199	548.4799833466521	1.388495	23.341249	0.1931935226634747	0.0995328113382734	0.063700514	-0.0216655655	0.0246197151	-0.0142645784	-0.0940622667	-0.0801075754	-0.0212338252	-0.0083498268	0.0356452084	0.0734328759	0.0211664686	0.039714371	-0.0551125436	0.0230520589	0.1520875052	-0.0049302122	-0.0432602293	-0.2169425225	-0.0594660409	-0.113674619	-0.2650443501	0.0904898573	-0.0325032724	-0.035607867	-0.1775218364	0.2537038923	-0.0526494391	0.0472374294	-0.0241814633	0.0624969395	0.0425940105	0.0512568794	-0.0852291129	0.0298677866	-0.0670550754	-0.0126893246	-0.0775299968	-0.0480297164	-0.0695007625	0.0120492673	-0.0471923484	0.0598044871	0.2146449339	0.1442531683	0.1193800888	0.0672530784	-0.183114857	-0.110206126	0.1773534747	-0.0041851432	0.0319591838	-0.0086073763	-0.1316121028	0.0150216053	0.0646120996	0.0759420433	-0.0965556538	-0.0056830544	0.0160433636	0.0566556123	0.1753586366	0.0230886457	-0.0974599846	-0.1807196471	-0.1101143686	-0.0137581655	-0.1432566434	-0.1423008443	0.0666031987	-0.057975263	0.0201762382	0.2211218233	0.0990603255	-0.0170487033	0.1091829923	0.0555787436	-0.0151740128	0.0034979243146722	0.0121704919596794	0.0001481208745406	1.223547451117498e-05	0.0748832912723429	0.0570869105680316	0.0056075073117785	0.0032589153582024	0.0773992824148734	0.0821382950525303	0.0067466995141365	0.0059906489183373	0.0002600001365903	0.0006119776659301	3.7451666359725306e-07	6.760007102697464e-08	0.0001989999175573	-3.978186709999859e-08	3.96009671878122e-08	1.5825969499619506e-15	-2.5841111031966585e-08	0.0002239390538674	5.014869984705675e-08	6.677630193664253e-16	0.0	0.0	0.0	0.0	0.0	0.0	0.0	0.0	0.0	0.0	0.0
855.1007038421612	-0.1888945298471753	0.0356811434061854	731197.2137113595	918.7786931293766	-1.5982626240429454	2.554443415412641	844154.2869485252	799.2197226761278	-1.1286224811211696	1.2737887048921048	638752.1651145067	890.7252749786868	546.1762206347643	1.347854	22.658052	0.1700810086337564	0.1117359354429757	0.0924163494	0.0227954827	0.0782129269	-0.0143387556	-0.1054716085	0.1407999866	-0.0414821214	0.0517330798	0.0162789114	-0.0881218576	-0.016913112	-0.0394952257	0.0763967252	-0.1370703499	-0.0543666187	-0.0325315299	0.039838562	0.0243068771	0.069715063	0.0576696563	0.0391060642	-0.0329696695	0.1180215881	-0.0679454965	-0.0637921151	0.1024288677	-0.124795025	0.137609368	-0.1833165977	-0.0359810777	0.0109803973	-0.0976342801	0.0237138975	0.0798025018	0.1560708827	-0.0720850963	-0.0108954835	0.0353455772	0.1034957373	-0.0280602169	-0.0914582559	-0.0068477534	-0.1487684215	0.0567709866	-0.0928134178	0.0194422931	0.0758400871	-0.0331227993	0.0566676152	-0.0914863388	0.0983363652	0.0917685471	-0.0008442642	0.0243808284	0.0150452963	-0.0098555323	0.1029396232	-0.0277926073	-0.0050741129	-0.0821865422	-0.1031776044	-0.0600017313	-0.1002836043	0.1533398661	0.0074604376	-0.1675573157	0.0786507705	-0.0580056994	0.0998620535	0.0142648184	-0.0384976756	0.1154295614	0.1145992477	0.121726268	0.1073422654	0.0494042187	-0.0251860523	-0.0063901151500544	-0.0098880394647266	9.777332445599072e-05	4.083357163095477e-05	-0.0296092785595192	-0.1044925698318621	0.0008767093768152	0.0109186971500665	0.1106495768367779	0.0332502944219045	0.0011055820791433	0.012243328854158	0.0005889996934091	0.0003289995568188	1.0824070838696681e-07	3.469206388360138e-07	7.899996098736928e-05	-0.0001199999565699	6.2409938360058675e-09	1.439998957678526e-08	-2.3256194497619544e-08	2.584916534347041e-09	6.68179348954072e-18	5.408505825111095e-16	0.0	0.0	0.0	0.0	0.0	0.0	0.0	0.0	0.0	0.0	0.0
854.7441679704377	-0.3565358717235085	0.1271178278256421	730587.5926794759	919.2022998158524	0.4236066864757504	0.1794426248269647	844932.8679867522	797.2815824440974	-1.9381402320304917	3.756387559015207	635657.921704564	890.5808944002241	544.8430478256361	1.047321	17.605957	0.0555053902839058	0.0331279709334348	0.0753932624	0.039463239	0.0613111541	-0.0252601383	-0.026539722	0.1028275084	0.0095569284	0.0131559493	0.0964227182	-0.1527541971	-0.0603707703	-0.0567075868	0.1292730884	0.0123997363	-0.0501202628	0.0250291971	-0.1037545476	-0.0470950109	0.0855395761	0.1278495982	-0.0994627288	0.0551644474	0.0272120384	0.1943367248	-0.138945266	0.0735983044	0.027013717	-0.0659289605	-0.2488006619	-0.0643496574	-0.0789908876	-0.0524461226	0.185921128	0.0546087575	0.0922315368	-0.0172624316	0.0269047058	0.1153155326	-0.0144095777	-0.0537667001	-0.0181931093	-0.0104114456	-0.0067072054	0.097250665	0.0506635066	-0.0374828572	0.0945867332	-0.076785823	0.1998188895	0.0829310979	0.0877944295	0.0863013009	0.0293935931	-0.0111292512	-0.0106953561	-0.0643433265	0.0197956014	-0.0380216773	-0.1234068197	-0.0567358294	0.0512573054	-0.0684663533	-0.1400778371	0.0953800151	-0.1828155847	0.0409005004	-0.3081948226	-0.1954424256	0.0560792194	-0.2249074502	-0.08848021	0.0226358188	-0.0754854607	0.0842261378	0.1054279714	0.0430942802	-0.0350428114	-0.0207978590440234	-0.014407743893969	0.0002075830841142	0.000432550940815	-0.0297354667753495	-0.0001261882158302	0.0008841979843479	1.5923465814433715e-08	0.1409195171289923	0.0302699402922144	0.0009162692852942	0.0198583103078683	0.0007380001997315	0.0001490005063224	2.2201150884331583e-08	5.44644294803734e-07	0.0001439999467245	6.499998573713072e-05	2.073598465665884e-08	4.224998145827197e-09	-5.31217728102812e-08	-2.9865578312661654e-08	8.919527679497262e-16	2.8219227465071308e-15	0.0	0.0	0.0	0.0	0.0	0.0	0.0	0.0	0.0	0.0	0.0
857.0058105636925	2.261642593254805	5.115027219624321	734458.9593399316	921.2640790474125	2.061779231560081	4.250933599692478	848727.503343077	799.5517429041215	2.270160460024158	5.153628514257097	639282.9895810185	891.9677653439567	558.0148273552413	1.084263	18.226963	0.1810061508201279	0.0943827767294952	0.0638600199	0.0361869782	0.0507886529	-0.1112358231	0.0425480987	0.1166710788	-0.0384551496	-0.0477298512	0.0395873694	-0.0660813103	0.09842631	-0.1073218149	-0.0570988378	-0.0146360227	0.0896941988	0.0837332029	-0.0362391059	-0.0472240672	-0.011945084	0.1298404898	0.0649534559	0.053382537	0.0592381654	-0.0583916008	0.1455317252	-0.0495577376	0.0462925662	0.0290348301	-0.0314485923	-0.0940570449	-0.0793013512	-0.0095728616	-0.0177431784	0.0542550177	0.1620741426	0.0468359848	-0.0037699459	-0.0019524783	0.0349524133	0.0360482676	-0.0935762942	0.0395543999	-0.1618464629	-0.0602832444	0.0620321086	0.0503245207	-0.0294485612	0.0462064204	0.0182313345	0.0374312691	0.0885831964	-0.0513130197	0.0596884162	0.0019162201	0.0550040472	-0.0062798721	0.1117856709	-0.0462563735	-0.1210406668	-0.0305765752	0.0762349761	0.1109995508	-0.0068166305	0.1029429787	0.0220115676	-0.061903689	0.095832028	-0.0126466201	0.0188753409	-0.0449428314	-0.0471573774	0.1001869715	0.0406891713	0.2713668393	0.1034414224	0.0366662233	-0.0446835199	-0.0089680115424357	0.0118298475015877	0.0001399452919108	8.042523102525995e-05	0.0501271463851651	0.0798626131605146	0.0025127308047197	0.0063780369808259	0.1105498992911862	-0.0303696178378061	0.0009223136876143	0.0122212802332914	0.0001200616271701	-0.0006179385725614	3.818480794592207e-07	1.4414794318732092e-08	0.0003219765670723	0.0001779766203478	1.036689097436633e-07	3.1675677390424946e-08	-0.000383019375268	-0.0003829662534951	1.4666315131614193e-07	1.4670384183068904e-07	0.0	0.0	0.0	0.0	0.0	0.0	0.0	0.0	0.0	0.0	0.0
856.7377158959628	-0.2680946677297697	0.0718747508651356	733999.5138386315	919.98689367713	-1.2771853702824956	1.6312024700636354	846375.8845376949	800.2779446723317	0.7262017682102169	0.5273690081516456	640444.7887289716	891.9369585483371	567.7041543825537	1.007494	16.936445	0.0993899493955318	0.045487565031073	0.0282511293	-0.0399253849	0.0503208063	-0.0731682792	-0.0162733674	0.0359535557	0.090194908	-0.0021872046	0.0384858064	0.0375930163	0.0515697938	-0.0582873611	0.1352427988	0.0134739591	0.047441101	0.1074373134	-0.0175229862	-0.0085201158	-0.144436584	0.0034024542	-0.0192552309	0.0059919391	0.0615808044	-0.0732672699	0.0686767297	0.0860935983	-0.0031479929	-0.0562046885	-0.0587918596	0.0862292704	-0.0895132744	0.1692340805	0.0151371303	0.0267846368	0.0178756851	0.0189596735	-0.0714211852	0.0656456484	-0.0581033488	-0.0370886057	-0.064388831	0.0528472673	0.0194377885	-0.056485373	0.1511045658	-0.0410581415	0.1039038785	0.0174902039	0.092811437	-0.0517644136	0.0151515435	0.0177984608	-0.0151209744	0.0128599265	-0.0447366527	0.0757030671	0.0194194458	0.089463726	-0.0808241112	0.1076449933	0.1612600912	0.1336646138	-0.1401428259	0.1346818696	0.1169095926	-0.0287365208	-0.1517528285	0.0845310771	-0.1933996139	-0.312779672	-0.1057518463	-0.2299952212	0.2344698902	0.1209870436	0.1013839798	0.0301376669	-0.0540487397	0.002297866233377	0.0112658777758127	0.0001269200020595	5.280189226494202e-06	0.0324634155418408	-0.0176637308433243	0.0010538733486422	0.0003120073873054	0.0727906640709363	-0.0377592352202498	0.0014257598444181	0.0052984807758878	-0.0003389675943999	-0.00045902922157	2.1070782625516014e-07	1.1489903005325512e-07	0.0002460447562404	-7.59318108319e-05	6.053802207339786e-08	5.765639896211445e-09	-0.000263958296547	0.0001190610787209	1.4175540466208156e-08	6.9673982315994e-08	0.0	0.0	0.0	0.0	0.0	0.0	0.0	0.0	0.0	0.0	0.0
857.9586222070005	1.2209063110377656	1.4906122203318453	736092.9974193347	921.4233543116871	1.4364606345571929	2.063419154632453	849020.9978710009	800.1604014100013	-0.1175432623304004	0.0138164185192733	640256.6679846145	892.6098767849509	568.8447192166759	0.922378	15.505596	0.1397771366579434	0.07799045586361	0.0241143236	-0.0034964325	0.0385577032	-0.0734564462	-0.0530232606	0.0933960908	0.0702483571	0.060795595	0.0171463117	0.0250476051	0.0025017436	-0.0049986859	0.1736431248	-0.1191529013	0.0784898577	0.1284264488	-0.0770818226	-0.0184184415	-0.0292893543	0.0679811617	-0.0736408861	-0.1052958235	0.0049665227	-0.1180957367	-0.1577326284	-0.0580185153	-0.1173234728	0.0007522168	0.1245651721	-0.0636606146	0.2448232875	0.0606701959	-0.1006518825	0.0021273656	0.0687130743	-0.0652395609	-0.0747138795	0.1161931604	0.0153598701	0.0328570338	-0.1021751849	-0.0540074064	-0.0550594554	-0.0385099952	0.0906254252	0.0274465404	-0.0324423173	0.0809822483	0.0769841759	-0.0314906763	0.0153082435	0.0895500226	0.020661902	0.0856154089	-0.0088301129	-0.0061489748	0.045492235	0.0059253588	-0.0829812844	0.0415822708	0.0408382638	0.1598183175	-0.081484633	0.0646537606	-0.065460696	0.0674966953	-0.0769926567	0.0444065663	-0.1276757168	-0.2082087019	0.0450703824	0.0544203079	0.0780019593	0.0652559725	0.0992570537	0.0235265052	-0.063080731	0.0205304565620139	0.0182325903286369	0.0003324273500919	0.0004214996466447	-0.0335012257003484	-0.0659646412421892	0.0011223321234256	0.0043513338942107	0.068890190753649	-0.0039004733172873	1.5213692098870266e-05	0.0047458583820741	0.0002281193334271	0.000567086927827	3.2158758371226506e-07	5.203843028322442e-08	0.0005089464905327	0.0002629017342923	2.590265302255517e-07	6.91173218938991e-08	-0.0004675582698243	-0.0002035999732773	4.145294911851728e-08	2.18610735681093e-07	0.0	0.0	0.0	0.0	0.0	0.0	0.0	0.0	0.0	0.0	0.0
860.9665596357154	3.007937428714854	9.047687575063726	741263.4168109598	924.8206591955044	3.3973048838172417	11.541680473608482	855293.2516748073	800.6503281882013	0.4899267782000152	0.2400282479974468	641040.9480278745	894.2441536281242	578.4087208098015	1.116249	18.764658	0.1119563057706534	0.0554614152704465	-0.0231832528	0.065377889	-0.0244953558	-0.0126307165	-0.1056087294	0.2463587898	0.0924404966	0.0508478814	-0.1176497369	-0.0712088436	-0.0850831031	-0.0440511556	-0.0652117626	-0.1948763509	-0.0935389199	0.043944198	-0.0306477591	-0.0010847579	0.0548280546	-0.0552704746	-0.0981239013	0.0804560488	0.0390963189	-0.1124927557	0.1016380134	0.0566019836	-0.063670881	-0.0737923558	-0.06555238	-0.0631915025	-0.1027282941	-0.1910777124	0.0819891032	-0.0569961549	0.1486538308	-0.0274666568	0.0009644662	0.0671683056	0.0805503463	0.0106314444	-0.0877814892	0.1740570998	-0.0061617896	0.1934059707	-0.0304195847	0.0689879468	0.1089207273	-0.0964917718	0.0323256383	-0.0033934787	-0.0189681089	0.0714464354	0.0279328362	0.0939615272	0.0558379924	0.0213837095	0.1400222857	0.0730441038	-0.0122196045	-0.125461604	0.0243786034	-0.0408818508	-0.2639795691	-0.0027064875	-0.0351394854	0.0065919325	0.0725619024	-0.0913041788	0.0145597886	0.0262487065	-0.0490312459	-0.0190927458	-0.039820315	-0.0066408498	0.0970621018	0.016850859	-0.0717238087	0.0297072963146973	0.0091768397526834	8.421438784643034e-05	0.0008825234543292	0.0033697844049527	0.0368710101053011	1.1355446935862425e-05	0.0013594713861852	0.0415698527005901	-0.0273203380530588	0.0007464008713334	0.0017280526535487	0.0006940953597168	0.0004659760262897	2.171336570767392e-07	4.81768368380394e-07	0.0006428972271677	0.000133950736635	4.133168446999173e-07	1.794279984505914e-08	-0.0002957226755568	0.0001718355942675	2.9527471457264885e-08	8.74519008384724e-08	0.0	0.0	0.0	0.0	0.0	0.0	0.0	0.0	0.0	0.0	0.0
862.3845893980952	1.4180297623797742	2.010808406994838	743707.1800313211	926.3159479048194	1.4952887093149911	2.235888324204892	858061.2353428041	800.8963480971303	0.246019908928929	0.0605257955893985	641434.9603953196	894.590140916145	594.185252569418	0.8819559999999999	14.826084	0.0572816368524406	0.0318828037562814	-0.0596054634	-0.0262178906	-0.0545048519	0.0177886908	-0.0272109631	0.1441136398	0.0713114511	0.0388802315	-0.1270807104	-0.0253832342	-0.0707014479	-0.0152664637	0.0158353728	-0.1454574361	0.0171646259	0.0204854879	-0.0877417105	0.157540236	0.010410092	0.1288141111	0.0007666078	0.0736443746	0.0498164497	0.0033914603	0.0133682909	-0.0119219962	-0.1278190932	0.0086578191	-0.0914291549	-0.0383671012	0.1310097915	-0.0585563979	0.0432219439	-0.0704816732	0.104863742	-0.0387448858	0.0266758664	0.0303597481	0.1186216973	0.0603631389	-0.1255944462	0.184656953	-0.075865041	-0.0082896915	-0.0198452405	0.07097859	0.1011300404	-0.0352348202	-0.0768643839	-0.0039849043	-0.0429080699	0.036114024	0.0312424313	0.0933034491	0.0569212047	0.0915116992	0.1973240483	0.0530023602	-0.0425621382	-0.048855542	0.0167272353	0.0822913016	-0.1537659986	0.0217156022	0.0359897916	-0.0214368627	0.0594474473	0.0105199421	-0.0399563501	0.0153316884	-0.0331600525	-0.0456092768	-0.1239943334	0.0063997572	0.0948006283	0.0101290257	-0.0799246852	0.0301310714061457	0.0004237750914483	1.795853281320987e-07	0.0009078814640822	0.0147164384455749	0.0113466540406222	0.0002165735605223	0.0001287465579175	0.0154409055653701	-0.0261289471352199	0.0006827218783951	0.0002384215646786	0.0005960524070719	-9.804295264490004e-05	9.612420563330113e-09	3.55278471976206e-07	0.0003539124451661	-0.0002889847820016	1.2525401884344778e-07	8.35122042285123e-08	-0.0002951051985003	6.174770565000004e-07	3.8127791530390476e-13	8.708707818190147e-08	0.0	0.0	0.0	0.0	0.0	0.0	0.0	0.0	0.0	0.0	0.0
860.0064437626258	-2.378145635469309	5.655576663501724	739611.0833132386	921.9719131516248	-4.344034753194592	18.8706379369624	850032.2086404671	800.5398604805137	-0.3564876166166186	0.1270834208009972	640864.0682181603	892.9915091135982	591.1756126859547	0.985461	16.566061	0.0655552952789601	0.0375678621840743	-0.0379854213	-0.0148360802	0.006216678	0.0294450392	-0.1127450538	0.0130646454	0.0400924506	-0.0872896375	-0.0671864382	-0.0605573246	0.0602831567	0.0489484577	0.0701612449	0.0508442603	0.0308782789	0.0872275202	-0.0314614342	0.1222198678	0.1916171986	-0.0313024505	-0.0035445329	0.0294587458	0.0553511848	0.013496646	-0.0597416763	-0.0216044748	0.0336757263	0.1134386553	0.0262382581	-0.0538796545	0.0137735585	0.1306088449	-0.0384792675	-0.0284743314	0.028084598	-0.1429055986	0.0289038185	-0.0297994433	0.0319042285	0.1081463262	0.0340795405	0.077816708	0.0398418071	-0.0072308989	0.0952322501	0.060127515	0.073913534	-0.0536672274	0.0005257862	-0.0306868818	-0.0345042537	0.0422433035	-0.069782232	0.1644932461	0.0585068015	0.0390041483	0.0985167853	-0.0053091041	0.0191281476	-0.0177993326	0.1252095769	0.0387748196	-0.0595862521	0.0341176399	-0.0465992845	-0.0487443418	-0.0442630741	-0.0928768263	-0.117648257	0.1458006021	0.0381096545	-0.0064607283	-0.112001402	-0.093195885	0.0924741833	0.0033794295	-0.0876327994	0.0301476027412093	1.653133506360205e-05	2.7328503898507847e-10	0.0009088779510417	0.0422108379559063	0.0274943995103313	0.0017817548409397	0.0007559420044337	0.0323592514696002	0.0169183459042301	0.0002862304281351	0.0010471211556728	0.0004630948796398	-0.000132957527432	1.7677704100857612e-08	2.144568675486009e-07	0.0006429318793499	0.0002890194341838	4.133614014843944e-07	8.353223333592389e-08	-0.0002956486074711	-5.434089707999725e-07	2.9529330954588544e-13	8.740809909960055e-08	0.0	0.0	0.0	0.0	0.0	0.0	0.0	0.0	0.0	0.0	0.0
860.9124779860832	0.9060342234573682	0.8208980140759962	741170.2947521382	923.3858004546748	1.4138873030500465	1.9990773057261333	852641.3364813206	800.3496960856969	-0.1901643948167475	0.0361624970560198	640559.6360244674	893.706597891386	586.6816090254657	1.082959	18.205036	0.1108400737374008	0.0706900009179741	-0.0370377878	0.1465917226	0.0038641358	0.0702965925	0.0318809332	0.2157659888	-0.0077976659	-0.1478179781	-0.1445413302	-0.1652077803	-0.0188799695	0.0221267503	-0.0434171227	-0.0268057741	-0.0209771303	0.0109309625	0.0742854051	0.063221941	0.1353417953	0.0871409649	-0.0777040173	0.1030608949	-0.0280040973	-0.0814869636	-0.0178959646	-0.22510012	-0.1156794293	0.0621817288	0.0723491728	-0.0589755353	-0.0932009766	-0.118552439	-0.0223990044	-0.0537937583	0.1628439412	-0.0454138755	0.1433795756	0.0034275266	0.0424094209	0.1127958442	-0.0391098931	0.0780770291	-0.0695613295	0.0393085825	-0.0538901929	0.1063209158	0.0487289575	-0.0722837428	-0.0523663743	0.0369249411	-0.0303965136	0.0512208796	0.0760303441	0.0528950353	0.0797973372	-0.0566653842	0.1644661779	-0.0065429912	0.0176884601	-0.0895773873	-0.0013380646	0.0194263001	-0.1580442844	-0.0518879475	0.0178825989	0.0537994273	0.0448967124	0.0291641775	-0.0368033431	0.1284225825	0.002397655	-0.0392036544	-0.08099384	0.0019676888	0.090084361	-0.0033794295	-0.0948006283	0.0314534517280264	0.0013058489868171	1.705241576371252e-06	0.0009893196256072	-0.0196534787086335	-0.0618643166645398	0.0003862592253507	0.0038271936763704	0.0390025423899942	0.006643290920394	4.413331425298936e-05	0.0015211983128832	0.0009610483419545	0.0004979534623147	2.479576506311973e-07	9.236139155734936e-07	0.0003203585752178	-0.0003225733041321	1.0262961671557884e-07	1.0405353653870027e-07	-0.0002956541843373	-5.576866200015119e-09	3.110143661287107e-17	8.741139671615416e-08	0.0	0.0	0.0	0.0	0.0	0.0	0.0	0.0	0.0	0.0	0.0
863.4051463525981	2.492668366514863	6.213395585423876	745468.4467481513	927.539902245126	4.154101790451136	17.256561685429336	860330.2702568979	802.1323941097379	1.7826980240409966	3.1780122449196737	643416.37768022	895.4919353429851	606.2899464294974	1.233393	20.733908	0.1516803272532376	0.080961351676739	-0.1044779752	0.0866879479	-0.0816392151	0.0600073269	-0.0430433679	0.0900194586	0.0897847913	-0.1148710152	-0.1479523403	-0.0223488172	0.0252415727	-0.0649329415	0.0391275634	0.0427033925	0.0907713705	0.0867291202	-0.1519307269	-0.0107957372	0.0063268977	-0.1453404777	0.0262834103	0.0329719709	-0.1352240636	-0.1081928602	-0.0016683044	-0.2958262751	-0.0777744459	-0.012194677	0.0892239168	0.0239777817	-0.0844099326	0.1154391907	0.0149738158	-0.1227267519	0.0370489414	-0.0470001539	0.1107623442	0.0363387936	0.0214967783	0.0064954562	0.0024972456	0.1371471275	0.1023732386	0.0102826171	0.2097968101	0.0744188391	0.0252754853	0.0958588848	0.0373528791	-0.0954307648	-0.1149754261	0.0509980583	-0.0469692206	0.0508709539	0.0743841046	0.0138899253	0.0995239503	0.2238922538	-0.0371150739	-0.0004530466	0.2243592875	0.0250062705	-0.0844134739	0.0043213228	0.0380556467	8.26422e-05	0.0848818951	0.0313425704	-0.1751071072	0.0289059803	-0.0053412851	0.0139898553	-0.1631698371	-0.2623868141	0.0876327994	-0.0101290257	-0.1013839798	0.0336793813256832	0.0022259295976567	4.954762573724535e-06	0.0011343007264807	0.0461261496961924	0.0657796284048259	0.0021276216857955	0.0043269595130769	0.0057811572914374	-0.0332213850985568	0.0011036604278666	3.342177962833981e-05	0.0003260062053203	-0.0006350421366342	4.032785153009299e-07	1.0628004590734161e-07	8.29741433885367e-05	-0.0002373844318292	6.884708471061449e-09	5.635136847490216e-08	-0.0001590130697568	0.0001366411145805	1.867079419380133e-08	2.5285156353480945e-08	0.0	0.0	0.0	0.0	0.0	0.0	0.0	0.0	0.0	0.0	0.0
866.2523492617719	2.8472029091738023	8.106564406007763	750393.1326015388	930.3991829476704	2.8592807025444245	8.175486135942938	865642.6396296927	803.272668316867	1.140274207129096	1.3002252674438883	645246.9796648994	897.4097743153061	616.5958587477693	1.292805	21.732649	0.0555027182191377	0.0255777828202584	-0.1192873582	0.1811753533	-0.1166757661	-0.0007316382	-0.0617420817	0.0912277278	-0.1530260459	-0.1545551655	-0.2209905045	-0.0401810938	0.1597013804	0.0013946461	0.0392428044	0.0162752628	0.0683985636	0.0219878871	0.0549478192	-0.0683345732	0.1235941306	0.1009148955	0.0421980312	-0.0255501616	0.0980311861	-0.110713016	0.0580096865	-0.1382638855	0.1872229094	0.0663851863	-0.0860881352	0.0661626957	-0.0663522178	-0.101307018	0.1973121359	-0.1460944049	0.1672373238	-0.0829153879	0.0404493079	-0.1607215791	0.015225363	0.0838619721	0.0240670198	-0.1015032208	-0.0818069568	-0.0399642037	0.023645142	0.1307937441	-0.0027843153	-0.0980960117	0.0317793314	0.0206201112	-0.0813997364	-0.0676085988	-0.0029807869	0.0448307377	0.0640998445	-0.1989550821	0.1664815718	-0.1424540015	0.051772112	-0.0541751612	0.0474629894	-0.0178762607	-0.0107416148	-0.0670844302	0.0429204261	-0.0238568346	-0.0685693707	0.0479439809	-0.0462952581	0.2243054236	-0.0267285863	0.1002117441	0.0690991377	-0.0734942698	0.0851211787	-0.016850859	-0.1073422654	0.0249542407912173	-0.0087251405344658	7.612807734617985e-05	0.000622714133466	0.033376215079329	-0.0127499346168633	0.0011139717330216	0.0001625608327342	0.0077588774612706	0.0019777201698332	3.911377070165062e-06	6.020017945901291e-05	8.397345062413081e-05	-0.0002420327546961	5.8579854345815996e-08	7.051540409723336e-09	-0.0001800122907931	-0.0002629864341816	3.2404424836579594e-08	6.916186456357233e-08	-0.0002949923388385	-0.0001359792690817	1.8490361619993374e-08	8.70204799734084e-08	0.0	0.0	0.0	0.0	0.0	0.0	0.0	0.0	0.0	0.0	0.0
870.8383647704645	4.58601550869264	21.03153824596941	758359.4575560966	939.155570332597	8.756387384926597	76.67432003490165	882013.1852867455	804.8543411923848	1.5816728755178249	2.501689085148824	647790.5105362278	900.3775674656225	639.52838047669	1.313026	22.072584	0.2459444468422075	0.1240723912805915	-0.1906211042	0.1424853363	-0.2445888614	0.0304241144	0.1408184637	0.0449868211	-0.2721249574	0.0257864058	-0.2261146209	0.092438602	0.2040477246	-0.102589207	-0.0703334651	0.0259137746	-0.107435855	-0.02873823	-0.0428395697	-0.1539946097	0.085852271	-0.0609686881	0.0684415402	-0.0767363057	0.0479114288	0.180183425	-0.0262497163	0.030885865	0.0688509902	0.111250532	0.0964159573	-0.039248593	-0.1008161678	0.1770270532	-0.0559114054	-0.2268433432	0.0684253709	0.2265755015	0.0674993752	-0.2530525357	0.029022447	0.0193740973	0.1747309465	-0.0145908545	-0.0070062424	-0.0245010302	0.0469160121	-0.0430895793	0.033406235	-0.0318006689	0.1675055259	0.1872307614	-0.1523344426	-0.2305984617	0.1398118979	-0.0361678777	0.1462086196	-0.0863208691	0.0296444027	0.0622239668	-0.0040739088	-0.0960115207	0.1211542365	-0.0661219745	-0.0326584695	-0.0952431076	0.0725475915	-0.0554355434	-0.1529280344	0.2747299446	-0.00363444	-0.0931445124	-0.1600876479	0.0410970844	0.0612364171	-0.1791601849	0.0825512202	-0.0235265052	-0.1126387502	0.0491830219729081	0.0242287811816908	0.0005870338375502	0.0024189696503875	0.1361054321539683	0.1027292170746393	0.0185246886618184	0.0105532920407683	-0.0379287480672303	-0.0456876255285009	0.0020873591264325	0.0014385899299474	-0.0006869220944089	-0.000770895545033	5.942799413517737e-07	4.718619637871098e-07	0.0003161698315898	0.0004961821223829	9.996336240752249e-08	2.461966985723992e-07	-0.0004938911325701	-0.0001988987937315	3.9560730147885546e-08	2.4392845083137605e-07	0.0	0.0	0.0	0.0	0.0	0.0	0.0	0.0	0.0	0.0	0.0
867.4208778232936	-3.4174869471709144	11.679217034083576	752418.9792837333	933.2747666893936	-5.880803643203421	34.58385148991464	871001.790139142	802.8471439496958	-2.007197242689017	4.028840771058393	644563.5365481835	898.1516675962399	639.0520009808836	1.650501	27.745691	0.3615930361317976	0.2517354996426826	-0.1973910916	-0.0156955406	-0.1775675454	0.1858096174	-0.1130106867	0.0443430854	0.0893532123	0.1513688055	-0.122292957	0.1612760588	-0.1151151944	-0.1350280479	0.1528830408	-0.0149008116	0.0238748733	-0.1851203028	-0.0628948269	0.0982516189	0.1074884833	-0.1117029786	0.1717092944	-0.0578646862	-0.2123247668	0.0632157634	-0.0665274451	-0.0188107481	-0.1976297564	0.1131186408	0.0104574664	-0.0350214446	-0.1175612186	-0.1223726507	-0.1172861445	-0.2039593754	-0.1008976578	-0.0954030839	0.0327722643	0.1035269672	0.3131256206	-0.0436141886	0.1892718965	-0.036001418	0.0995156943	-0.0571456477	-0.0291471296	0.0153946595	-0.1489304694	0.0592597561	-0.0410563741	0.0383972197	-0.1755351978	0.2409292629	0.0894531833	0.1574602073	-0.0307540743	0.0267428315	-0.0355390343	0.1390290939	0.0541008205	-0.0844096948	-0.1061455141	-0.0729850984	0.1578773765	-0.1440437099	-0.0946743481	0.0217501217	-0.1067420856	0.0715634873	-0.2158565695	0.0058997298	-0.0615646434	0.2028914089	0.1132406295	0.0180106285	0.0799246852	-0.0301376669	-0.1172407796	0.0484088121336725	-0.0007742098392356	5.994008751692175e-07	0.0023434130921931	-0.1000466358355822	-0.2361520679895505	0.0100093293420175	0.0557677992157412	-0.0599658061260868	-0.0220370580588564	0.0004856319278894	0.0035958979043514	0.0003026749053118	0.0009895969997207	9.793022218562112e-07	9.161209830550709e-08	0.0011809540854565	0.0008647842538667	1.3946525519563986e-06	7.478518057357852e-07	-0.0002956783812744	0.0001982127512957	3.9288294776211016e-08	8.742570515304945e-08	0.0	0.0	0.0	0.0	0.0	0.0	0.0	0.0	1.0	0.0	0.0
865.4370401858134	-1.9838376374801785	3.935611771882935	748981.2705255812	930.9392474569926	-2.3355192324009977	5.454650084914945	866647.8824557917	802.1012938943437	-0.7458500553520935	0.5562923050687208	643366.4856669804	896.4389310628047	627.9452817562407	1.458353	24.515598	0.291880349969422	0.2160839838779467	-0.1318949079	-0.1030317526	-0.1182098594	-0.0517497014	0.0315548831	-0.1191460056	-0.027153287	0.1085569416	-0.0939833543	0.1072978937	-0.0174646494	0.0788437352	-0.1115954277	-0.1002449535	0.1130618386	-0.0331857994	-0.1124049244	-0.0406994954	0.0767873784	0.0189908513	0.1456571141	-0.0363556481	-0.0910899164	0.1282989353	-0.015249532	0.0030908131	-0.0957294701	0.1362696044	-0.1923664054	-0.1435760508	0.2191412513	0.2149996166	-0.0519833208	-0.1088080235	-0.0197547781	0.0735345359	-0.0657715018	-0.0965077631	0.1285599492	0.0402343912	0.1145741208	0.2369027911	-0.0412138953	-0.1558899235	0.0004858733	0.0631089201	-0.1539529553	-0.1441850455	-0.1720575243	0.0690253169	-0.0724948191	-0.1310165026	0.0584355606	0.1304631501	0.0573407552	0.0871888898	0.0581929424	0.066669043	-0.05466576	-0.0987289987	-0.1193769693	0.1715380032	0.1401888546	-0.2081721144	0.0274550457	-0.0007431755	-0.1637305607	-0.0388988292	0.102065609	0.2012873539	0.0105226274	0.1077168668	-0.0134898558	0.013297185	0.0772433738	-0.0366662233	-0.1211199807	0.0481359604182216	-0.0002728517154508	7.444805862449753e-08	0.0023170706853845	0.1073399780043757	0.2073866138399578	0.0115218708779798	0.0430092076000038	-0.0142050441319696	0.0457607619941171	0.0020940473382822	0.0002017832787912	-9.893059435020727e-06	-0.0003125679647468	9.769873258596977e-08	9.787262498485263e-11	0.0007250018809252	-0.0004559522045313	5.256277273450779e-07	2.078924128169525e-07	-0.0002949961021546	6.822791197999773e-07	4.655047973150317e-13	8.702270028640719e-08	0.0	0.0	0.0	0.0	0.0	0.0	0.0	0.0	0.0	0.0	0.0
861.9967290724175	-3.4403111133959783	11.835740556955876	743038.3609315467	929.1382726343668	-1.8009748226257898	3.243510311731995	863297.9296739749	801.387731818914	-0.7135620754297634	0.5091708354916313	642222.2967098636	894.2258407117982	617.380021572957	1.325304	22.278969	0.1137648980126352	0.0605088388831874	-0.0847337312	-0.2007358736	-0.0830791451	-0.1096709484	-0.0243166835	-0.1736998398	-0.0423722596	0.1657912899	0.0462995038	0.1456161248	0.0491270268	0.0552310844	-0.0083208368	0.0146251283	-0.0637047792	-0.0793966433	0.0734764849	-0.000803473	0.0263690807	-0.0971214394	0.1585795156	-0.0238956636	-0.0101213641	-0.0379736103	0.0568278768	0.0932132412	0.2458033204	0.032119406	-0.2446920711	0.0536293646	-0.1080087703	-0.0356248607	-0.1862281308	-0.0187108206	-0.1029647754	-0.0244020955	-0.1448635188	-0.091774346	0.0327341903	0.0070847792	0.103269075	0.015980479	-0.1600602951	-0.090011086	-0.0587216272	0.0224546843	0.041886249	-0.0410105596	-0.2354454881	-0.0479650948	-0.0450776781	-0.1007821686	-0.0666845605	0.1108753064	-0.0027526149	0.0889459075	0.0473075109	-0.0871382542	0.0177350513	-0.0900372683	-0.0903775259	0.0537395299	0.0777016477	-0.0292278704	-0.0534088491	-0.1402221061	-0.0890184038	0.0321721924	-0.1155328702	0.0032854863	-0.130530487	-0.0404519311	0.1092439393	0.0003776467	0.0745091236	-0.0430942802	-0.1242524367	0.0233853823247613	-0.0247505780934603	0.0006125911159604	0.0005468761064752	0.0953796706233305	-0.0119603073810451	0.009097281568215	0.000143048952649	0.0277562853602262	0.0419613294921958	0.0017607531727526	0.0007704113769983	-0.0003152496395082	-0.0003053565800731	9.324264099398796e-08	9.938233521005007e-08	0.0007251092881426	1.0740721739994129e-07	5.257834797506681e-07	1.1536310349598246e-14	-0.0006913857757827	-0.0003963896736281	1.5712477335899164e-07	4.780142909546459e-07	0.0	0.0	0.0	0.0	0.0	0.0	0.0	0.0	0.0	0.0	0.0
855.6016309447106	-6.395098127706888	40.89728006300014	732054.1508752487	921.5093217942772	-7.628950840089601	58.20089092050383	849179.4301537487	798.8787562105501	-2.508975608363812	6.294958603364561	638207.2671245156	890.3898801169171	587.414115419641	1.372141	23.06632	0.1624450126429663	0.0824889528315189	0.0177676528	-0.2043510413	0.0431026232	-0.0616303205	0.0613658857	-0.2125639555	0.0951521387	0.1156190169	0.1769880657	0.0750278494	-0.1009248294	0.0107936457	0.0615052345	0.0579247899	-0.0356592591	-0.0293319558	0.0792199674	0.0324506778	-0.0496573071	0.0378132542	0.1593557609	0.0823006848	-0.1092036759	0.1901899806	0.0066966959	-0.1144197111	0.0474587791	-0.0050617784	0.0525507538	-0.0218860429	0.1098218701	-0.1209615761	-0.1572697365	0.0889298431	-0.1965092156	0.0630216158	-0.0599363846	0.0984606629	-0.0633060245	-0.0642132491	0.1753577304	-0.0208878705	-0.1123725573	-0.0400920147	0.0304512803	0.0469594602	0.1244255757	0.0093331311	-0.1285332582	0.0476111598	0.0024880078	-0.0213238893	0.0064098724	-0.0339677609	-0.0568475813	0.1144404484	-0.1187832867	0.0038077354	-0.0558766252	-0.0405909514	-0.0458841994	0.0587489043	0.0970616146	0.0285475452	0.0138578666	-0.1546083669	-0.1467712831	0.1184895376	-0.136564766	0.0676076102	0.1401955096	-0.0303300724	-0.1352749055	0.0347205439	0.0717238087	-0.0494042187	-0.1266188352	0.0006690335327022	-0.0227163487920591	0.0005160325024424	4.476058678799858e-07	0.0266290152481047	-0.0687506553752258	0.0007091044530837	0.004726652614523	0.0558741770112476	0.0281178916510213	0.0007906158308985	0.0031219236566842	-0.0003659532571273	-5.070361761909999e-05	2.5708568396639074e-09	1.3392178640207978e-07	0.0003150540173852	-0.0004100552707574	9.92590338705539e-08	1.6814532507592466e-07	-0.000294942327666	0.0003964434481167	1.571674075546586e-07	8.69909766490381e-08	0.0	0.0	0.0	0.0	0.0	0.0	0.0	0.0	0.0	0.0	0.0
855.4616547621087	-0.139976182601913	0.019593331695804	731814.6427683252	922.7334137428096	1.2240919485324184	1.498401098461893	851436.952837459	798.5815309273675	-0.2972252831826836	0.0883428689630264	637732.4615382979	891.3044982013785	559.593860035449	1.24212	20.880621	0.1825338102857555	0.1001955915635604	0.0937385955	-0.0070012608	0.0701103046	-0.0760922477	-0.0340626818	-0.0720081501	-0.0678125095	0.0768246936	0.1460892137	-0.0825375411	-0.0675146601	0.0844391997	0.1745236263	-0.019654941	0.0208914132	0.1064481837	0.0287028427	-0.1457145315	-0.1099990661	-0.0063998525	0.0939867814	-0.0349808729	-0.0220808739	0.0901064909	-0.0784830626	-0.0750251785	-0.1306167461	-0.0860460055	-0.038573901	0.0078062506	0.0795259091	-0.1821934592	0.0882997651	0.1052519514	-0.0120767889	-0.071038685	-0.0817668518	0.0555155912	-0.0775743176	-0.0916462065	0.0998797765	-0.0454057173	-0.106794204	0.0628292026	0.0878300909	0.0641746768	0.031703423	0.1431531915	0.0502648413	0.2327448936	0.0903110443	0.0315472244	-0.0470396279	0.0014417877	-0.052119744	-0.0572781826	-0.1009072087	-0.0682258496	-0.0999808536	-0.0368652376	-0.00495631	0.1397595141	-0.02770484	0.0060854473	0.0104181278	-0.1221110486	-0.0022167924	0.0058229856	0.0308269952	-0.0389269254	0.1713880861	0.0786856504	-0.0669516833	-0.0722849013	0.0688893378	-0.0555787436	-0.1282045865	-0.0123519582520401	-0.0130209917847423	0.0001695462270583	0.0001525708726601	-0.007868890208087	-0.0344979054561917	6.191943310692748e-05	0.0011901054808643	0.1457253349275191	0.0898511579162715	0.0080732305788947	0.0212358732397376	0.0005370464629471	0.0009029997200744	8.154084944544449e-07	2.884189033639909e-07	0.0003149205787369	-1.3343864830000877e-07	9.917497091198405e-08	1.7805872860133434e-14	-0.0002950842715143	-1.4194384830002425e-07	2.0148056070220297e-14	8.707472729512513e-08	0.0	0.0	0.0	0.0	0.0	0.0	0.0	0.0	0.0	0.0	0.0
858.3137112802233	2.8520565181146367	8.134226382520184	736702.4269716305	925.6083256558674	2.8749119130577583	8.26511850784142	856750.7725234582	799.5096145661738	0.9280836388063562	0.8613392406200471	639215.6237837519	892.8874055592287	570.1231877419801	1.069948	17.98632	0.0319450057329642	0.0208551417927498	0.0608830166	-0.0215611744	0.0315742406	-0.0400742588	-0.0025983534	0.0783252953	0.0003011961	0.1277710637	0.0468063847	-0.0488658132	-0.1532098937	-0.0371849248	-0.0769532646	-0.1652278873	0.0995509764	0.045246224	0.041411154	-0.1473677329	0.066438874	-0.0304857552	0.004017455	0.1049409751	0.0077375307	0.0903302383	0.0099254657	0.0149963591	0.0098713755	0.0281147671	0.0834988642	0.0456721378	0.0255746217	-0.0596383637	-0.1120548439	0.0565103941	0.0761011897	0.0303764112	-0.019177864	0.1272281892	0.0417398826	-0.1198760734	-0.0407697016	0.1338964865	-0.1230632207	0.101564446	-0.0413609043	0.1067113568	-0.0673522664	0.013206586	-0.0107146112	0.081665994	0.0774024515	0.055409447	0.0330188786	-0.0079319172	-0.059736755	0.0170384978	-0.001789304	0.0683454776	-0.1191602328	-0.1071640796	-0.0530220418	0.0694296927	-0.0854244369	0.0029805749	0.0129742409	0.0153139924	0.0839003464	-0.122920893	0.0601835056	0.0156783723	0.0406079993	0.0513849613	-0.0641826963	0.0688258649	0.0660076536	-0.0616009311	-0.1289999139	-0.016477364761485	-0.0041254065094449	1.7018978868170364e-05	0.000271503549483	-0.0103695833275736	-0.0025006931194865	0.0001075282583874	6.25346607784762e-06	0.1300843822649113	-0.0156409526626077	0.0002446394001939	0.0169219465092435	0.0007300469565157	0.0001930004935685	3.72491905177232e-08	5.329685587178364e-07	0.0003148924675535	-2.8111183400004756e-08	9.915726612193205e-08	7.902386321487027e-16	-0.0002956147355908	-5.3046407649999e-07	2.813921364569872e-13	8.738807189841859e-08	0.0	0.0	0.0	0.0	0.0	0.0	0.0	0.0	0.0	0.0	0.0
858.8273206184543	0.5136093382310492	0.2637945523181362	737584.3666406734	926.3403100734804	0.7319844176130346	0.5358011876282934	858106.3700670318	799.6456797685404	0.1360652023665807	0.0185137392950585	639433.213172491	893.6449996317916	574.3506530221584	1.063272	17.874092	0.0703143094645345	0.0360350263625719	0.039904592	-0.0516685147	0.0086914761	-0.0889024752	-0.0110329566	-0.0312197322	-0.0052273823	0.1215064407	0.1117067242	0.0441954827	-0.0112085154	0.0044161957	0.0881985725	-0.0490988316	0.135094334	0.1140706888	-0.0697304456	-0.0668901085	-0.0460217612	0.1057191602	-0.093935436	-0.0417978247	0.1439747036	0.0141663824	0.0832281372	0.0260326608	0.204260799	0.0374372506	-0.0963821286	0.0676174329	-0.0416490831	-0.0596772385	0.0012984621	0.0428236321	0.0035992416	-0.0282462378	-0.1454426075	0.0664347933	-0.0643787342	-0.0800267036	-0.0899622109	-0.0376245324	-0.1123191696	-0.0198544969	0.1381027808	-0.0264669841	-0.033647481	-0.013622438	0.1244254373	0.0764741592	0.0563877671	0.0068087858	-0.0652454004	0.0192971114	-0.0686159886	-0.0570502648	-0.0547147423	-0.1401668741	-0.2588460135	0.0796502604	-0.0176808789	0.0324192043	-0.0108603725	0.0231311014	-0.0502104277	-0.0712022326	-0.0467455137	-0.1311229988	0.229389977	-0.1394619704	-0.0949524765	-0.0088286138	-0.0528314994	-0.1179918643	0.063080731	-0.0674542747	-0.1289999139	-0.0256607364520817	-0.0091833716905966	8.433431560765284e-05	0.0006584733952631	0.0039323610922821	0.0143019444198557	1.5463463760094072e-05	0.0002045456141886	0.1108388088540692	-0.0192455734108421	0.0003703920959121	0.0122852415481888	0.0001790462763444	-0.0005510006801713	3.036017495492352e-07	3.2057569072795255e-08	0.0003149735028031	8.103524960003393e-08	9.920830746805447e-08	6.566711677739797e-15	-0.0002950280521469	5.866834439000089e-07	3.4419746334637494e-13	8.704155155359395e-08	0.0	0.0	0.0	0.0	0.0	0.0	0.0	0.0	0.0	0.0	0.0
860.8755932406422	2.048272622187824	4.195420734804183	741106.7870374275	926.3412986615808	0.0009885881004265	9.773064323050108e-07	858108.201606024	801.3303251963318	1.6846454277914518	2.838030217378644	642130.290079259	894.7575273198631	583.1142977081569	1.041646	17.510557	0.1330231564366872	0.0694938394602003	0.010152305	-0.0427651078	0.0052231641	-0.1229666613	0.0428374515	-0.0091448498	0.0827145653	0.0281247913	0.0248111955	0.0769033974	-0.0264821796	-0.0573654104	-0.0389362905	-0.0952816476	0.1932115308	0.0545001371	0.0187911347	-0.1081225212	0.037594178	0.0627418116	-0.0352510153	0.0081828682	-0.0217409545	-0.0275072043	0.0773401413	0.0638873093	0.030944266	0.0097684211	0.0165655079	0.0131182681	-0.0308152756	-0.0495467725	0.0073802058	-0.0075895472	0.0433363214	0.0921948017	-0.1099822769	0.1405580932	-0.0855344097	-0.0595618916	-0.021008986	0.0328737035	0.0552837001	-0.0879003954	-0.0162665734	0.0578687878	-0.1532894799	0.0518783411	0.0675872247	0.033177674	0.0176577101	-0.0433112877	0.0780054326	0.0283695596	-0.1657349396	-0.0547464796	-0.1712436916	0.0604886698	-0.1543777127	0.0158814184	-0.0509686742	0.0571781215	0.0502687481	0.040566695	-0.0303305939	0.2177870716	0.1103823953	-0.0760740458	0.1448814785	0.0369069577	-0.0190284267	-0.1139290175	0.0090409415	0.0484049042	0.0601105761	-0.0731227308	-0.1282045865	-0.0256140219819229	4.6714470158797095e-05	2.182241722217144e-09	0.0006560781220904	-0.0100233634065034	-0.0139557244987855	0.0001004678139788	0.000194762246286	0.0910232973284763	-0.0198155115255928	0.0003926544970209	0.0082852406565482	-0.001026281527109	-0.0012053278034534	1.4528151137777983e-06	1.0532537728851814e-06	0.0009127451614308	0.0005977716586277	8.331037297153372e-07	3.573309558585115e-07	-0.0004760327089088	-0.0001810046567618	3.2762685769493224e-08	2.266071399510503e-07	0.0	0.0	0.0	0.0	0.0	0.0	0.0	0.0	0.0	0.0	0.0
861.1979656242735	0.3223723836313183	0.1039239537281379	741661.9359953874	925.2763765149	-1.0649221466808283	1.134059178491304	856136.372936543	801.0438494911274	-0.2864757052044524	0.0820683296723883	641671.2488075639	894.2410784590397	590.1194774897752	1.079358	18.144501	0.1005157162265837	0.0735914675400046	0.0006077148	-0.0150183823	0.0046587683	-0.1760614007	-0.035172817	-0.0399901093	0.0673100924	-0.1527318414	0.0116743878	-0.0619130768	0.098202797	0.0392054051	0.0966406974	0.0207103765	-0.032739786	0.1765926478	-0.023061687	0.0370662377	-0.0088456878	0.0314301925	-0.1150157643	-0.1532213311	0.0672292269	-0.0704181152	-0.0906002002	0.0313287113	-0.0270667144	0.030878396	0.1633517824	0.0483162248	-0.0245947118	0.0326766405	-0.1226446176	0.0131732507	0.0818842449	-0.0724567205	-0.1659454322	0.0218771322	-0.1577399107	0.0898876243	-0.0200592984	-0.0822689154	-0.0013520669	-0.0349616936	0.0122077224	0.0515109774	0.01388418	0.054999741	0.0557997411	-0.0327562471	0.0137083137	-0.1087130768	-0.0392519657	0.1136785587	-0.0819563086	-0.0923037431	-0.0755776577	-0.1454295773	-0.0172778079	0.0323918799	0.0305848343	0.0955406832	0.0348088994	0.1355985385	-0.0263674654	0.0936609396	0.1164215994	-0.1077824361	0.0130315713	-0.0054596468	0.0279005738	-0.1241831003	0.1309283837	0.0752897232	0.0570992244	-0.0785907625	-0.1266188352	-0.0255565543900075	5.7467591915400656e-05	3.302524120555023e-09	0.0006531374722894	0.060138404499284	0.0701617679057874	0.0036166276957195	0.0049226736756655	0.0695806933130853	-0.0214426040153909	0.0004597852669608	0.0048414728819296	-0.0010862630470615	-5.998151995249986e-05	3.597782735812138e-09	1.1799674074113344e-06	0.0010227530127266	0.0001100078512958	1.0460237250413371e-06	1.2101727346718869e-08	-0.0004689445458873	7.088163021499983e-06	5.0242055019359764e-11	2.19908987117446e-07	0.0	0.0	0.0	0.0	0.0	0.0	0.0	0.0	0.0	0.0	0.0
862.0851878116713	0.8872221873978106	0.7871632098109557	743190.8710442845	927.8563579001078	2.579981385207816	6.656303948018841	860917.420895653	801.7686643341638	0.7248148430363699	0.5253565566858375	642832.991108189	895.4161119710734	592.4457483004679	1.053915	17.716797	0.1161075763670913	0.0609416491872531	-0.0174182883	0.0832350181	-0.0241380136	-0.1181061307	0.1424836077	0.0602729824	-0.0259096232	-0.1042604566	-0.0358843914	-0.0417502224	0.0937501951	-0.1081682488	-0.0294064148	0.0234377438	-0.0103153617	0.1186480439	0.0538449283	-0.023049034	0.0200073485	-0.0231422475	0.029973669	-0.0244023016	-0.0645769815	0.0813144195	-0.1084085648	0.0729872633	0.2550452401	0.0464447729	0.0624410421	0.0071586518	-0.0136659361	0.0345086737	0.0017479074	-0.0277688334	0.0805717732	0.1429955736	-0.0214505389	0.0530786765	-0.1405773572	0.0352345298	-0.0189854958	-0.1086137285	0.0482200157	-0.0103036806	0.0192805342	0.0490287369	-0.0660538415	0.0930014968	0.0474427127	0.0276978041	-0.0114642449	-0.1068122579	0.1195480985	-0.053253048	-0.0601746073	-0.1227794275	-0.0635477154	-0.0550902288	-0.0561858503	0.0255234192	0.0554957742	-0.0179881686	0.0412777699	0.0204582829	-0.0049034967	0.1627198072	0.0659906561	-0.0462437381	0.0449638267	-0.0064668834	0.0862894202	-0.0290712293	0.1490046689	0.0268378046	0.0540487397	-0.0838433825	-0.1242524367	-0.0256406696717306	-8.41152817230989e-05	7.075380619356296e-09	0.0006574439412148	0.0198423369738094	-0.0402960675254746	0.0003937183365822	0.0016237730580176	0.0529088879562067	-0.0166718053568786	0.0002779490938576	0.0027993504247624	-0.0005549190511345	0.0005313439959269	2.823264420076717e-07	3.079351533120139e-07	0.0005470817116366	-0.00047567130109	2.992983992072319e-07	2.262631866806536e-07	-0.000294848078844	0.0001740964670432	3.030957983695883e-08	8.693538959799766e-08	0.0	0.0	0.0	0.0	0.0	0.0	0.0	0.0	0.0	0.0	0.0
864.1559671392984	2.070779327627065	4.288127023727599	746765.5355424561	929.323953954185	1.4675960540771484	2.1538381779428164	863643.0113930401	802.4418592990564	0.6731949648926729	0.4531914607568471	643912.9375553267	896.35110252364	604.4261908472112	1.144624	19.241657	0.0637961006254191	0.0263196432696819	-0.0448840116	0.1400039168	-0.0496330138	-0.1405002947	-0.0772241108	0.1141411944	0.0847587199	-0.0892458596	-0.1136009661	-0.1218515361	0.0321857246	-0.0666577165	0.1282593203	-0.0924908605	-0.0767346852	0.0633047181	0.0744489729	-0.0779589007	-0.0219360017	-0.1066091134	0.0212533724	0.2579429022	-0.0463613173	0.0769055093	0.0723841851	-0.0273199659	0.0130708134	-0.0553167809	0.0955289361	-0.0383493632	-0.0585957073	0.1534263692	0.1702908585	-0.0611182991	0.1450499449	-0.0238610348	-0.0625689738	0.0746900886	-0.0544411245	-0.0354923933	0.122818839	0.0738981991	0.1693841711	0.0621410695	-0.0147600182	-0.0609211998	0.0496641776	0.0980134438	0.1053291363	-0.0452486353	-0.0094325004	-0.0093996046	-0.0085744215	0.1230042849	-0.0552186843	-0.158825516	-0.0829863684	0.1497709056	-0.0304857484	-0.0167350425	0.0464041356	-0.1433646461	-0.0070357917	0.0852932894	-0.0188119732	0.1106127857	0.0181126495	-0.0388662465	0.0103398336	0.0902274721	-0.0386254097	-0.1112572807	-0.0019805205	0.0117702239	0.0509612127	-0.0888661936	-0.1211199807	-0.0105789423217288	0.0150617273500017	0.0002268556307657	0.0001119140206464	0.0149340406382521	-0.0049082963355573	0.0002230255697849	2.409137291764522e-05	0.0633279595874967	0.0104190716312899	0.0001085570536579	0.0040104304655156	-0.0003852880124759	0.0001696310386586	2.8774689276395458e-08	1.4844685255762926e-07	0.0008290986049577	0.0002820168933211	6.874044967428044e-07	7.953352811848475e-08	-0.0005113402530357	-0.0002164921741917	4.6868861486249375e-08	2.614688543746137e-07	0.0	0.0	0.0	0.0	0.0	0.0	0.0	0.0	0.0	0.0	0.0
864.6534491161339	0.4974819768355019	0.2474883172761588	747625.5870684267	930.3197396673808	0.9957857131958008	0.9915891866048696	865494.8180147831	801.6509183433708	-0.7909409556856417	0.6255875953809162	642644.1948807697	896.2814432005002	616.3629011508638	1.101896	18.523382	0.1701425865119316	0.0924163915926017	-0.0853586388	0.0291276458	-0.0665848604	-0.1188979562	0.0667970463	0.103840177	0.1049573184	-0.0376999788	-0.086109433	-0.0114417893	-0.0724327857	-0.043296738	-0.0291103001	-0.1274216704	0.0077899892	0.0029977065	0.0054164056	0.0741500329	0.0153873121	0.2403986359	0.0629811392	0.0814894237	0.0238723527	-0.0428712743	0.0631793073	0.1123103193	0.040324878	0.0106553711	0.1184206157	0.0417053233	0.0964106478	-0.0774058733	0.0510250958	-0.0817542864	0.0670114426	0.0537747842	-0.0577604828	0.152695748	-0.0731890388	0.0335421424	0.0161077999	-0.0591779697	0.0655100423	-0.0939768253	-0.1622418478	0.040729762	-0.0934462208	-0.0553333737	-0.018569171	-0.0165496212	-0.0579023259	-0.0188097681	0.1493213848	0.0383917472	-0.1169242249	-0.0893406188	-0.0919310546	-0.0608765294	-0.0145301056	-0.0288399845	-0.0715578767	0.0306079802	0.0260440976	-0.0259111349	-0.0205258281	0.1344778121	0.0307583515	0.0138898697	0.0799379412	0.0599849316	-0.0386242053	-0.1279934635	-0.0310996067	0.1067461478	0.0478387595	-0.0936454286	-0.1172407796	-0.0190454035074338	-0.0084664611857049	7.168096500904928e-05	0.0003627273947609	-0.0326896062078105	-0.0476236468460626	0.0010686103540217	0.0022680117389184	0.0007201551441227	-0.062607804443374	0.0039197371772197	5.186234316063868e-07	0.000192718628417	0.0005780066408929	3.340916769162939e-07	3.714046973892972e-08	0.0005979291759972	-0.0002311694289605	3.5751929950869055e-07	5.3439304885923695e-08	-0.0007310576639181	-0.0002197174108823	4.827574064486537e-08	5.344453079733897e-07	0.0	0.0	0.0	0.0	0.0	0.0	0.0	0.0	0.0	0.0	0.0
863.8433398013609	-0.8101093147729443	0.6562771018818894	746225.3157191694	928.9446549066683	-1.3750847607124117	1.89085809914351	862938.1718796692	801.8981694040318	0.2472510606610285	0.0611330869980036	643040.6740935373	895.8976837084529	613.4596925583561	0.948239	15.94033	0.2358632210738419	0.1320996864182743	-0.0618469083	0.0668486398	-0.045655867	-0.1662203095	0.0865215597	0.0058419815	0.040420008	-0.0538245696	0.0067966801	-0.0038021772	0.1015207226	-0.0938974572	0.0218313834	0.029234057	0.0372619261	0.0322071607	-0.0742319705	-0.0845294739	0.0536903794	0.1127109815	0.1100812211	-0.0117830816	0.0024735293	-0.0746916454	0.0531623331	0.1498120515	-0.0958487245	-0.1453661449	0.1382073349	0.1989529054	-0.0745968423	-0.2346036933	-0.0988385404	-0.0362345108	0.0872076496	0.0845636399	-0.0673139278	0.0321016951	-0.0668385762	-0.013329461	0.1022845583	-0.036431598	-0.0062952334	-0.1256940842	0.0186802432	-0.0440824909	-0.0038981031	-0.013805789	0.0124330005	-0.1432023911	-0.0242559585	-0.129163516	0.0592622995	0.0101978068	-0.0551295701	-0.1270881102	-0.0579211012	0.0542917466	-0.0191957942	0.0747213872	0.0342850388	-0.0376617137	0.1222549829	0.0959680693	0.0423227785	-0.049618027	0.0860283752	-0.0591794403	0.0758813523	0.0376388446	-0.0381572865	-0.0879909376	0.0438553894	-0.064976843	0.0446835199	-0.098167988	-0.1126387502	-0.0065941991212952	0.0124512043861385	0.0001550324906653	4.348346205129039e-05	0.0616877305607772	0.0943773367685877	0.003805376101739	0.0089070816955314	0.0310185312315383	0.0302983760874156	0.0009179915935344	0.0009621492797619	-0.0011759414678092	-0.0013686600962262	1.873230459001911e-06	1.382838335713256e-06	0.0004281730558892	-0.0001697561201079	1.83332165789496e-07	2.8817140314121706e-08	-0.0002947478036183	0.0004363098602998	1.9036629419483098e-07	8.687626773781193e-08	0.0	0.0	0.0	0.0	0.0	0.0	0.0	0.0	0.0	0.0	0.0
864.1021562381055	0.2588164367446097	0.0669859479291765	746672.5364153433	931.1026115650084	2.1579566583400265	4.656776939274054	866952.0732631788	800.606833057762	-1.2913363462698726	1.6675495591976244	640971.3011387791	895.6946018837041	617.1167269613891	0.948912	15.951647	0.1890015431257707	0.1178164878226507	-0.0689261478	0.0212512901	-0.0654769181	-0.095865067	-0.0332530909	0.0592584773	0.0766400164	0.0636206023	0.0372241926	-0.0314918384	-0.0651635994	-0.0108467919	0.0754095618	-0.0601475159	-0.0439196694	-0.1085125541	0.0270913095	-0.0658945208	0.0301886344	0.2022840697	0.0368616817	0.0638258307	-0.1185705108	-0.043033062	0.0261101244	0.0956275847	-0.0656134941	-0.0712789233	0.1347255155	0.0345499221	-0.0050221351	0.1135542996	-0.0181021707	-0.0377776265	0.0313175918	-0.0327957594	-0.0569287107	0.1211967742	-0.0083065139	-0.1141393824	0.0486331999	-0.0035697595	-0.0103515832	-0.0611642254	-0.1400705594	-0.2055588194	-0.0258739059	-0.1114261036	-0.0047036387	-0.056231233	-0.0324702314	0.0452756311	0.0193510598	0.0682688052	-0.0802001592	-0.1023504225	-0.0227756422	0.0649251794	0.0925770865	0.0473242949	-0.107593776	-0.0332510039	0.0647884889	-0.0040973744	0.0093796141	-0.0931382713	0.0561118521	-0.0336765568	0.101386872	0.0027159216	-0.0604708438	-0.0001051736	-0.048602133	0.0284879968	0.0414976565	-0.1024214758	-0.1073422654	-0.0002256699685148	0.0063685291527804	4.055816356981384e-05	5.0926934689470825e-08	-0.0151701514211026	-0.0768578819818798	0.0002301334941391	0.0059071340227405	0.0231779301613528	-0.0078406010701855	6.147502514179405e-05	0.0005372164465645	0.0003816568291753	0.0015575982969845	2.426112454769015e-06	1.4566193525614414e-07	0.0005978994323869	0.0001697263764976	3.574837312485772e-07	2.8807042879039e-08	-0.0005261137485546	-0.0002313659449362	5.3530200476266993e-08	2.767956764181729e-07	0.0	0.0	0.0	0.0	0.0	0.0	0.0	0.0	0.0	0.0	0.0
861.6252156978989	-2.476940540206669	6.135234439719308	742398.0123264507	927.2222511477588	-3.8803604172495625	15.057196967757198	859741.1030235175	800.4396110009052	-0.1672220568567581	0.0279632162994048	640703.5708592804	893.9167611216271	610.6235909284744	1.031748	17.344168	0.1333210338430929	0.0823786854322575	-0.0297023379	-0.0500288592	-0.0056659212	-0.1086884725	0.0096362005	-0.0597410214	0.0538354359	-0.0357353593	0.0618170878	-0.0242085531	0.0490364982	0.094897238	0.0323922751	0.1095602565	-0.123794328	0.0534891333	-0.1076896231	-0.0281539831	0.0947649088	0.1121056445	0.0248936634	-0.0828083412	-0.1372658671	0.0947655042	-0.0087366675	-0.074442423	0.0126432829	-0.0695138875	-0.1290568693	-0.0407293598	-0.0102867028	0.1305099718	0.0984692848	0.0251314534	0.0034953627	0.0285614321	-0.037206452	0.0315614824	-0.1172489032	0.0213566486	0.0422492648	0.0691674272	-0.0021746758	-0.0719461542	-0.0678922705	-0.201629565	0.0414540009	-0.0668992218	0.0035608081	-0.1540338178	-0.0053955103	-0.0941182332	-0.0001231077	0.0389730683	-0.0286712768	-0.0160377701	-0.0001013353	0.0915827165	0.1052019232	0.0959885181	-0.0351625658	0.0223364535	0.1164989251	0.1532392043	-0.0337048573	-0.0887533465	-0.0350453973	-0.1261626567	0.0787337147	0.0269267065	0.0306543441	-0.0058235288	-0.1627023141	-0.0522429658	0.0382833527	-0.1063942335	-0.1013839798	-0.0090282647487356	-0.0088025947802208	7.74856748647705e-05	8.15095643732619e-05	0.0554828740080211	0.0706530254291237	0.0030783493081899	0.0049918500022884	0.0182912623291144	-0.0048866678322383	2.387952250263352e-05	0.0003345702775924	-0.0002969163211862	-0.0006785731503615	4.604615203915309e-07	8.81593017867467e-08	0.0003700667702555	-0.0002278326621313	1.3694941444733706e-07	5.1907721933880656e-08	-0.0004529446450173	7.316910353729998e-05	5.353717712452124e-09	2.051588514498479e-07	0.0	0.0	0.0	0.0	0.0	0.0	0.0	0.0	0.0	0.0	0.0
862.6286477701763	1.0034320722774055	1.0068759236749285	744128.1839538028	929.2029034219136	1.9806522741547496	3.922983431114381	863418.0357277141	801.6412551019785	1.2016441010732706	1.4439485456441885	642628.7018814753	895.5549428510052	603.2982195187459	1.152465	19.37347	0.0980884733963071	0.0558226711662045	-0.0397346995	0.0483256236	-0.0337437962	0.0719968734	-0.0212553264	0.0360960044	-0.0171370503	-0.0962123724	-0.0485163099	-0.0711518221	-0.0145677775	0.0849797015	-0.0750313935	0.0766177205	-0.1885984826	0.0206305897	0.1227759083	0.027550962	-0.0105468983	-0.0392703568	0.0661818709	-0.0873323395	-0.1167758579	0.0631260578	-0.0133666183	0.1295211199	-0.0754418644	-0.1719457239	-0.0983402436	-0.0520919592	-0.1089341256	0.0177196222	0.1041866413	-0.0347301116	-0.0441226868	-0.0089274985	0.060245298	-0.0403575571	-0.1101871153	0.0426924667	-0.0006862421	-0.0170714285	0.0816245939	0.1592393902	-0.1671662652	-0.1773044053	0.0514004999	0.0247911665	-0.0428995833	0.0155859062	-0.0580996835	-0.0428300302	-0.0455758947	-0.0635992156	0.0438212577	-0.016440732	-0.0247267616	0.0302222712	0.2397296776	0.0482096593	-0.1250095136	-0.171428984	-0.089467845	0.0473256205	0.0343590066	0.013874285	0.1057119049	0.0347102518	0.1222995646	-0.1383935592	-0.0990105898	-0.0509533721	0.0463690753	0.0122910266	0.0350428114	-0.1100753719	-0.0948006283	-0.0070190568243617	0.0020092079243739	4.03691648336688e-06	4.926715870361855e-05	0.0643700332662433	0.0088871592582222	0.0041435011826972	7.898159968100456e-05	-0.0204100279778316	-0.038701290306946	0.0014977898714225	0.0004165692420558	-0.0002600379544779	3.687836670830002e-05	1.360013931071851e-09	6.76197377690504e-08	-0.000335970216984	-0.0007060369872395	1.1287598670027605e-07	4.984882273502298e-07	-0.0002260436808298	0.0002269009641874	5.1484047549217154e-08	5.109574564308449e-08	0.0	0.0	0.0	0.0	0.0	0.0	0.0	0.0	0.0	0.0	0.0
866.1055488230623	3.476901052886092	12.088840931560414	750138.821702098	933.3427233579682	4.139819936054664	17.138109102955642	871128.6392452688	802.8944429465276	1.2531878445491884	1.570479773725841	644639.4865144149	897.4448361452046	614.2900220887851	1.041705	17.511549	0.0785585686202648	0.0399891836524178	-0.0715823246	0.0417991156	-0.0835060807	0.0375973754	0.0659347637	-0.004385055	-0.0825065554	-0.0972349015	-0.1341630317	-0.0379481777	-0.0188506768	0.1540065144	-0.0947245152	-0.0092310637	0.0215965596	0.0838651757	0.0972393827	0.1565095811	-0.1310398666	-0.0929193311	0.0159438446	-0.1007717359	0.1087633832	0.1062483257	-0.1358211952	-0.0796489945	0.013838814	-0.034523286	0.0004598826	0.1361161598	-0.0325833772	-0.0839408715	-0.1065126704	-0.0805142467	-0.0057889081	-0.043518156	0.0204056277	-0.0865851852	-0.0837084463	0.0996203826	-0.1074422902	-0.1288988941	0.0584990191	0.0409800133	-0.1407340792	0.0133923179	0.0181987721	0.0753325415	-0.1284146615	0.1847664706	-0.0656297333	-0.0644268491	0.0110249742	-0.0778077828	-0.0025579972	-0.0543144115	0.0750507818	-0.183238301	0.2205769844	0.0311214472	-0.0765665715	0.0569570497	-0.0279594891	-0.081330356	-0.097217211	-0.0434319537	0.1697399421	0.0388217956	0.0386670071	-0.1986403289	0.0398622078	0.0445600417	-0.0171833888	0.0412136006	0.0317782535	-0.1134548014	-0.0876327994	-0.0180370434652701	-0.0110179866409084	0.0001213960296192	0.000325334936968	0.050518855754035	-0.0138511775122082	0.0025521547866969	0.0001918551184747	-0.0490019747339545	-0.0285919467561228	0.0008174994193049	0.0024011935278271	-8.708790384739565e-05	0.0001729500506305	2.9911720013094024e-08	7.58430299653323e-09	-0.0005959873107734	-0.0002600170937894	3.552008746029093e-07	6.760888906268568e-08	-0.0002950256906304	-6.898200980060001e-05	4.758517676130076e-09	8.70401581319445e-08	0.0	0.0	0.0	0.0	0.0	0.0	0.0	0.0	0.0	0.0	0.0
867.6038622683353	1.49831344527297	2.2449431802857576	752736.4618229326	935.6117080362832	2.2689846783149505	5.148291470427999	875369.2682145712	802.5543877396553	-0.3400552068723073	0.1156375437209677	644093.5452801731	898.6950320722719	629.0561663804856	1.213642	20.40188	0.1802892902205423	0.1064695209794665	-0.1081485482	0.0455248369	-0.1180516467	0.1943596082	-0.0236267015	0.1119021697	-0.0384568318	0.0661707567	-0.1061527582	0.0253055652	-0.2319578226	-0.091641278	-0.1206541916	-0.0316578245	0.0082856185	-0.0070267721	0.2290693109	0.0423027511	0.048555748	-0.1990879154	0.0056634421	-0.1658910129	0.2135528739	0.0933472107	0.154525065	0.0567962372	0.1587323547	-0.0975587222	0.077747156	0.0971561069	0.1402110361	0.0032929554	0.0330494306	-0.1288741507	-0.0600014179	-0.0178990398	0.0824471331	0.0171586561	0.1428130869	-0.0813750674	-0.0430793288	-0.0594693727	-0.0051350764	0.3160852133	-0.0708130113	0.0026793223	-0.1214701528	0.1088926445	-0.2011018607	0.0298576826	-0.1315223071	0.1359147171	-0.0238260549	-0.0436773167	0.0234377217	0.0374505035	-0.0076871267	0.0563025202	-0.0276946546	-0.0680109483	-0.0718740936	-0.2195654436	0.0279031236	-0.1993819288	0.2256860417	0.0978490652	0.1661418416	0.1235452648	-0.0167408625	-0.1196776474	0.0513289872	0.008711898	-0.0124022017	0.1335894625	0.0284919163	-0.1165232592	-0.0799246852	-0.0083703961069687	0.0096666473583014	9.344407114975542e-05	7.006353098755676e-05	-0.0315991197046514	-0.0821179754586864	0.0009985043661088	0.0067433618934334	-0.1081482678985992	-0.0591462931646447	0.003498283995118	0.0116960478494671	0.000196959204545	0.0002840471083923	8.068275978608136e-08	3.8792928254999155e-08	-0.0007180111392972	-0.0001220238285237	5.155399961548631e-07	1.4889814727605744e-08	-0.0001139291427684	0.000181096547862	3.279595964753366e-08	1.2979849571942468e-08	0.0	0.0	0.0	0.0	0.0	0.0	0.0	0.0	0.0	0.0	0.0
867.9002078387301	0.2963455703948057	0.0878206970926227	753250.770766511	934.6582191281202	-0.9534889081629672	0.9091410979898072	873585.9865837492	803.6743710065933	1.119983266937993	1.2543625182210996	645892.4946128434	898.6629655973082	640.4797334249041	1.146398	19.271481	0.200049123036398	0.1170797616937714	-0.1433254925	-0.0863589237	-0.1327398174	0.2203741436	-0.0098388885	-0.1149525562	0.0810844986	0.1084789828	-0.0913754661	0.2203774939	-0.1200179432	0.0107049492	-0.0481235393	0.1432156508	-0.1634919677	0.062860451	0.0320431762	0.1461736359	0.0095743652	-0.0964395245	-0.0888886158	0.0159316691	0.1768076647	-0.0260983722	0.1077532591	0.0125999385	-0.0518871671	-0.0883721725	-0.0675936921	0.0830769627	0.1945076767	0.1008149726	0.0514191181	-0.1502734049	-0.2329455244	-0.0100528973	0.0121133517	-0.018620355	0.1394945705	0.1509057709	-0.0173740345	-0.0202538205	0.0235846553	0.1760752036	0.0351748892	0.0053950447	0.0451787425	-0.0585698865	0.0547394294	-0.0558441664	-0.2040809143	0.0735540263	0.0012090952	0.0077094311	0.142280041	0.2012727225	-0.0957392287	-0.0514889495	0.0685220846	-0.0604837649	0.0185001286	-0.1341448661	0.0328672386	-0.0678732596	0.209140208	0.0271709091	-0.0258326055	-0.0192371409	0.0580110305	-0.1373849858	0.050897048	-0.1627490329	-0.040671329	0.0334094094	0.0251860523	-0.1192723348	-0.0717238087	0.0174944421532927	0.0258648382602614	0.0006689898582294	0.0003060555062549	0.0117870949121936	0.043386214616845	0.000138935606469	0.0018823636187789	-0.2112421260819559	-0.1030938581833566	0.01062834359513	0.0446232358316249	0.0002550285602896	5.806935574460001e-05	3.37205007659291e-09	6.503956656338614e-08	-0.0004599840318291	0.0002580271074681	2.115853095377545e-07	6.657798818835445e-08	0.0001240586335376	0.000237987776306	5.66381816710747e-08	1.5390544555216533e-08	0.0	0.0	0.0	0.0	0.0	0.0	0.0	0.0	0.0	0.0	0.0
864.8489122584879	-3.051295580242254	9.310404718005913	747963.6410346896	932.211412057644	-2.4468070704762117	5.986864840132379	869018.1167705065	804.3724611158908	0.6980901092974818	0.4873298006989701	647015.0562016353	897.017590644329	625.221170050697	1.34591	22.62537	0.2343806591088863	0.1355651953750596	-0.0603705182	-0.2130943644	-0.0780795403	0.0774416594	0.1753018149	-0.1875039564	-0.0681527943	0.1409383718	0.0511157568	0.2977555119	0.1493797289	-0.0250140745	-0.0345612238	0.1678793827	-0.134335916	-0.0081226613	0.0730518816	0.1234945706	0.0666820092	0.0629063097	0.0042168042	-0.0208851776	0.052900929	-0.1529526998	0.0996164398	0.046731562	-0.1314375027	0.0231605132	0.0485031116	-0.1175355038	0.1666667514	-0.0541695349	-0.0145291669	-0.0238249186	-0.2100306208	0.176670357	-0.0626579847	-0.1444883362	0.1669729832	0.1847916691	-0.0297787382	-0.1483008707	-0.0466301467	-0.0711109167	0.0034673799	-0.0285111567	0.0598309728	-0.1017854472	0.0092760486	-0.1208905587	-0.0696144495	-0.109436232	0.1095840032	-0.0511813171	0.0590303487	0.1995667475	0.029909831	-0.1580603187	0.1285312736	0.0410226647	-0.0187850319	-0.0584285103	0.1443402618	0.0537927394	0.0100968275	-0.1466156009	-0.0165601464	-0.1132914045	-0.0613604587	0.0427755972	-0.0137107275	-0.0792783721	-0.0124173593	-0.0047345261	0.0218629269	-0.1216944932	-0.063080731	0.0006556623001046	-0.0168387798531881	0.0002835445069441	4.298930517784546e-07	0.0621817339308421	0.0503946390186485	0.003866568034646	0.0025396196418198	-0.1003540420948212	0.1108880839871346	0.0122961671703378	0.0100709337647691	-0.0003200314387602	-0.0005750599990498	3.306940025071561e-07	1.0242012179492365e-07	-0.0002679621842476	0.0001920218475815	7.180373218674472e-08	3.687238994861282e-08	-0.0002340426448294	-0.000358101278367	1.2823652556807962e-07	5.4775959598740674e-08	0.0	0.0	0.0	0.0	0.0	0.0	0.0	0.0	0.0	0.0	0.0
857.9845628232385	-6.864349435249324	47.11929316920771	736137.5100429838	923.2395467292972	-8.97186532834678	80.49436746999108	852371.2606449182	802.5513563056579	-1.821104810232896	3.316422729853392	644088.6795080511	893.2595480198512	588.4310458833138	1.504968	25.299212	0.1861182690619548	0.116058321550054	0.0659685424	-0.2220593952	0.0794303108	0.0156829879	-0.1053034456	-0.2156851628	0.029132334	0.0622865735	0.1332883236	0.1984619794	0.0582298157	0.1644567882	0.0244437836	-0.0099620608	-0.1554541799	-0.1824400852	-0.0197532213	-0.0333517847	-0.0441636071	-0.0735574713	-0.0487076901	0.0729886996	-0.0997924074	0.016821289	0.1370808606	-0.0237317629	-0.0887071279	-0.03119476	0.094694513	-0.1523089452	-0.1166348316	-0.0421534489	0.0694806949	0.1124850934	-0.2015488425	0.0109565429	-0.0847071933	-0.1398074268	0.075988712	-0.0097658148	0.0851178823	0.1072366508	0.1214786122	-0.0089473051	-0.0024877922	-0.088052623	0.1236359925	0.0272538803	-0.0636710195	-0.1975358025	0.0592454566	-0.0586104171	-0.1551748294	0.0363544465	0.042224432	0.2194004853	-0.0410201848	0.1147218635	0.1341554654	0.0451875027	-0.0864752805	-0.024059427	0.1582890439	0.1112280585	-0.0008965335	-0.1853964576	-0.0025310665	-0.0759738221	0.0202846766	-0.0276303697	0.0216564813	-0.0497696919	-0.1131227645	-0.0959770658	0.0185248178	-0.1237830955	-0.0540487397	0.0022422400505064	0.0015865777504017	2.517228958070036e-06	5.027640444094942e-06	0.1172011529599359	0.0550194190290938	0.0137361102551382	0.003027136470299	0.0026562613481502	0.1030103034429714	0.010611122615413	7.055724349676719e-06	-0.0001320023890612	0.000188029049699	3.535492353070902e-08	1.742463071786441e-08	-3.599188002634257e-05	0.0002319703042212	1.2954154278306371e-09	5.381022204050272e-08	-0.0001240026219599	0.0001100400228695	1.2108806633120087e-08	1.537665025292987e-08	0.0	0.0	0.0	0.0	0.0	0.0	0.0	0.0	0.0	1.0	0.0
858.2954066966446	0.3108438734060428	0.0966239136340719	736671.0051565586	923.4945502862696	0.2550035569723832	0.0650268140685674	852842.1844084393	801.2731787058406	-1.2781775998173543	1.6337379766748528	642038.7069133619	893.7634422955083	571.8799185423725	1.182364	19.876087	0.2129039625101915	0.1685574897764415	0.093011013	-0.0603260687	0.0836996771	0.1434568741	-0.0830213463	-0.0185528347	0.0519111824	0.0076775567	0.1067063543	0.0153534617	-0.0293122852	0.1022509919	0.0184651214	-0.0016068711	-0.0102065112	-0.1278177888	0.0543660363	0.0952422752	-0.0994295062	-0.0825773414	-0.0565498214	0.0031175894	-0.1396877233	0.0442964435	-0.1823382321	-0.0722583738	0.0584734566	-0.0422281713	0.1506143454	-0.0727798107	-0.0164298772	0.0445561019	-0.115603155	0.0790727575	-0.1018832278	-0.0705903705	0.0376806412	-0.0145317637	0.0668308833	0.0159811435	0.0778349812	-0.05064787	0.1321021997	-0.0536830205	-0.1577924808	0.0381533325	0.1130635259	0.1778510473	-0.0323721425	0.1923166727	0.0574142802	0.1020577496	0.0055787957	-0.0031642114	-0.0444615482	0.0902050979	-0.0813920872	-0.0559358329	0.052149062	-0.0475180886	-0.0719119704	-0.0857059566	0.0011808591	-0.0474009157	-0.1496733566	0.12277774	0.0863273739	0.1797823788	-0.0366714892	0.1178208072	0.172067199	0.1834512577	0.0858134597	-0.0020852758	0.0151740128	-0.1255324169	-0.0446835199	0.0009938497488803	-0.001248390301626	1.5584783451941045e-06	9.877373233494357e-07	-0.0443227601339941	-0.16152391309393	0.0019645070658955	0.0260899745011754	0.0026258942372976	-3.03671108526e-05	9.221614215340964e-10	6.895320545472745e-06	0.0005190085696885	0.0006510109587497	4.238152684122036e-07	2.6936989541010257e-07	-0.0001389680848982	-0.0001029762048718	1.9312128620273322e-08	1.0604098769810752e-08	0.0001240360544942	0.0002480386764541	6.15231850171017e-08	1.5384942814488158e-08	0.0	0.0	0.0	0.0	0.0	0.0	0.0	0.0	0.0	0.0	0.0
861.1631049271671	2.8676982305224783	8.223693141341753	741601.893287799	929.3228668585056	5.828316572235963	33.96927406620036	863640.9908661117	801.2982275212235	0.0250488153828882	0.000627443152086	642078.8494286544	895.4253963505249	590.0786609008248	1.155872	19.430742	0.2249292970944288	0.1261458021363035	0.0407794506	-0.1008295459	0.001318328	0.1543191123	0.1051941587	-0.0707057822	-0.0863498306	0.0081597646	0.0894815095	0.0698161408	-0.037817429	-0.0602947778	-0.0980640836	0.1217867592	-0.0992185966	0.0317212688	-0.0390471947	0.0631429157	-0.1238166019	-0.0510395245	0.0001261356	0.0722965201	0.0036207439	-0.0582436582	-0.0190459492	0.1016325058	-0.0460002014	0.1752312251	0.1417440358	-0.0213649781	0.0468394445	0.0322020762	-0.0006821759	0.0231471008	-0.1487929701	0.1111645044	0.0503825563	-0.0632888413	0.0668416597	0.0180815342	0.0254097485	-0.0870637185	0.0968880068	0.0180769885	-0.0791205586	0.018752972	0.0078508336	0.1302291382	-0.0557749337	0.1187105232	0.0111916088	-0.0409568798	0.0683362594	-0.121138839	-0.0341871681	0.1573577471	-0.0774505164	-0.0010957042	0.0743304628	-0.0077957304	0.0141837724	-0.0913695307	0.0517048318	0.0196167847	-0.0501155723	0.1585147978	-0.0237772546	0.0025898496	-0.1274116907	0.0468027585	0.088620378	0.1778753581	0.1707601058	0.0845315362	0.0118128082	-0.1269376627	-0.0350428114	0.0005902918744737	-0.0004035578744066	1.6285895799557316e-07	3.484444970696744e-07	0.0517884308441694	0.0961111909781635	0.0026820415693013	0.009237361031241	-0.0466003995147161	-0.0492262937520137	0.0024232279965595	0.0021715972349311	-0.0007559726515675	-0.001274981221256	1.6255771145554412e-06	5.714946499179968e-07	-0.0004470469579871	-0.0003080788730889	1.9985098264552002e-07	9.49125920437266e-08	0.0001233310590422	-7.04995452000017e-07	4.970185873407083e-13	1.521055012447062e-08	0.0	0.0	0.0	0.0	0.0	0.0	0.0	0.0	0.0	0.0	0.0
860.2197303476486	-0.9433745795184904	0.8899555972816887	739977.9844793812	925.9368792278012	-3.385987630704335	11.464912235282757	857359.1043141198	803.4450660657783	2.1468385445548392	4.608915736386341	645523.9741854429	894.8190459988148	588.389892389078	1.131311	19.017857	0.0550440714545013	0.0473671295924946	0.0652141071	-0.1748456018	0.0561935353	-0.011698998	0.1469044493	-0.2121085178	-0.0073488777	0.0307654669	0.0616080325	0.1576662938	0.1244441184	0.0881538921	-0.0668533652	0.1220165194	-0.0071247691	0.1112892622	0.0455871267	0.0408569634	-0.1247677234	0.1016214142	-0.13445699	0.0957010061	0.1905709708	0.0887533707	0.079965769	-0.1325894565	-0.0201019612	-0.0418155659	-0.0073834693	-0.0008289432	-0.0455856631	0.0574184886	-0.0646500895	0.0634010411	-0.1555896424	0.11451487	-0.0649377337	-0.1268321334	-0.0554367828	0.1299745028	-0.079644332	-0.0288705826	-0.0019838121	-0.0843449319	0.0913094503	-0.0141735859	0.1765594354	0.0176133369	0.0564473244	0.0348301338	0.0226342769	-0.1447446237	-0.020624056	-0.0642721505	0.0001696748	0.1789732725	-0.065026646	-0.1338121207	0.041020124	0.081396371	0.1172779624	0.0569083726	0.0324410786	0.1000669826	-0.0802577614	-0.0701320217	0.0471247133	0.1942109982	-0.0233479767	-0.0026126151	-0.0811421949	-0.02782457	-0.0502250379	-0.0464863063	0.0084435077	-0.1279949812	-0.0251860523	0.007677886713779	0.0070875948393053	5.023400060614713e-05	5.89499443896241e-05	0.0985593103292359	0.0467708794850665	0.0097139376525746	0.0021875151678066	-0.0465648055675416	3.5593947174498985e-05	1.2669290754610244e-09	0.0021682811175429	-0.0007699731789849	-1.4000527417400025e-05	1.9601476796536984e-10	5.928586963561128e-07	-0.0004380476816276	8.999276359499995e-06	1.9188577137931522e-07	8.098697499465547e-11	0.0001233313189244	2.5988220001558e-10	6.753875788493791e-20	1.5210614227632067e-08	0.0	0.0	0.0	0.0	0.0	0.0	0.0	0.0	0.0	0.0	0.0
858.2913857728197	-1.928344574828884	3.71851279927199	736664.1028918272	925.8564685961096	-0.0804106316916204	0.0064658696890454	857210.2004412588	801.7017380111153	-1.7433280546630383	3.039192706175214	642725.6767300429	893.8297260022471	578.8301947197028	1.289359	21.674723	0.2248198325793367	0.1489104419967691	0.1032745015	-0.1671217539	0.0787924774	0.106897858	-0.0620885298	-0.0821754619	0.0585306584	0.2029870796	0.1753123565	0.1816998234	-0.0766865219	-0.0359583727	-0.0262047218	0.0389012997	0.1720158467	-0.0569265926	0.0461736672	0.0114971554	0.0201396646	-0.1754025498	0.0239298788	-0.0572447238	0.0219729803	0.0052310759	0.0367609129	0.0199905321	-0.0325340082	-0.0103674454	-0.0388688375	-0.1192505537	-0.065426466	-0.0216715568	0.2409951352	0.0998594919	-0.1905142308	-0.0103178291	-0.0784418038	0.067046935	0.1179546122	-0.1007761177	-0.1700080666	-0.0587269764	0.0657794826	-0.0093693217	0.1192645443	-0.0443290004	-0.2710080598	0.0554670032	0.0481817208	-0.0510418102	0.0433755808	0.157272166	-0.0561546941	-0.0518554393	-0.075377445	0.236330919	-0.0914755793	-0.0068662748	-0.1712901435	0.1067451649	0.0562107619	-0.0392090917	0.0689027598	-0.1674805914	0.1477581315	-0.0157037371	0.0633746961	-0.0396192706	-0.0912703818	-0.0638076295	-0.1531741211	0.043430579	0.1283327064	-0.2250576994	0.0050684204	-0.1287014744	-0.0151740128	0.0202868373900741	0.0126089506762951	0.0001589856371572	0.0004115557712913	-0.0396186699289273	-0.1381779802581632	0.0015696390069372	0.0190931542282253	-0.017763548309631	0.0288012572579106	0.0008295124196363	0.0003155436485485	2.2034099420555386e-05	0.0007920072784054	6.272755290472166e-07	4.855015372749192e-10	-0.0005499985520123	-0.0001119508703847	3.024984072156267e-07	1.25329973798919e-08	0.0001240060578736	6.74738949199994e-07	4.552726495675121e-13	1.5377502389350633e-08	0.0	0.0	0.0	0.0	0.0	0.0	0.0	0.0	0.0	0.0	0.0
858.3914529711046	0.1000671982849326	0.010013444172596	736835.8865338442	923.0248743382896	-2.8315942578200293	8.017926040919363	851974.9186472152	802.3503154842241	0.6485774731088441	0.4206527386242533	643766.028757634	893.692211603402	567.13265467956	1.27112	21.368109	0.2447681343063995	0.1438520416369881	0.1332602827	-0.0637700642	0.1089430843	-0.047009983	-0.0898367715	-0.1122045503	-0.0386900426	-0.1203941689	0.0640113627	0.027656957	0.1010763611	0.1987480772	-0.1462826161	0.0035493963	0.0222192312	0.0026320765	0.0537474055	0.0310848069	0.0898962739	-0.0403897993	-0.0356896058	0.0840359608	-0.0144852316	-0.0218830572	-0.0584393662	-0.0433159185	-0.1508035467	0.0132896518	-0.0235029121	0.1105972163	-0.078836583	-0.0762704865	0.1226149076	0.122672141	-0.0149297439	-0.0285556663	-0.0831011221	-0.161579273	-0.0447011401	0.0650353936	-0.1892489406	0.0640087594	0.0198321812	0.0659033767	0.0073799828	0.0524114441	-0.0849548271	-0.0892444772	0.0611239649	-0.1109495748	0.1012108039	-0.0826430436	-0.1510656494	-0.0146478402	0.042638753	0.1333667396	0.0663372044	-0.1578097829	-0.0378344733	-0.0477931518	0.0684406009	-0.0316356805	-0.0935236692	-0.0906676099	0.0533316398	0.1266290739	0.0379940238	-0.0830564767	0.0194966198	0.0083335391	0.0170868434	-0.0768010806	-0.0374271549	-0.0243053057	0.0016898595	-0.1290552057	-0.0050684204	-0.0081613548756394	-0.0284481922657135	0.000809299643187	6.660771340612302e-05	0.0971763981539766	0.1367950680829039	0.0094432523581801	0.0187128906518063	-0.0017318768200311	0.0160316714895999	0.0002570144907504	2.9993973197610347e-06	0.0005751435258265	0.0005531094264059	3.0593003757911305e-07	3.30790075300138e-07	-0.0011399313498405	-0.0005899327978281	1.2994434823491842e-06	3.480207059534078e-07	0.0002508278830031	0.0001268218251295	1.6083775329177482e-08	6.291462689181683e-08	0.0	0.0	0.0	0.0	0.0	0.0	0.0	0.0	0.0	0.0	0.0
859.4427468352683	1.0512938641636538	1.1052187888281468	738641.835087751	925.592854104391	2.5679797661014163	6.594520079106285	856722.1315691124	801.2700247555535	-1.0802907286705477	1.167028058451543	642033.6525717654	894.3695799025343	566.7027158686545	1.03322	17.368902	0.2021748900311088	0.1503449540212687	0.1280850194	-0.0742999026	0.0904168479	0.035165465	-0.0471039496	0.0112069408	-0.01451539	0.0473303083	0.0994501284	-0.0398237421	-0.0533732008	0.0455741617	0.0540521606	-0.0954695258	-0.045710471	-0.071496692	0.0492838458	0.1760362107	-0.1729662108	-0.0559566422	-0.106491771	0.0386976159	-0.0369638278	0.0182569448	-0.069801474	-0.0377652108	-0.0057080134	-0.0479311116	-0.087188842	-0.0407222377	-0.0432883966	0.0186984344	0.0499303087	0.0902343481	-0.010273712	-0.0524038596	0.0141513859	0.0082757489	0.0352519761	-0.1484327764	-0.1712382902	-0.0176792195	0.0170110402	-0.0448521832	-0.0537268192	-0.0633871386	0.1809875933	0.0384091187	0.0628443345	0.0044180861	0.0974940499	0.1125674207	-0.052051469	-0.0686314896	-0.1431739833	0.0739292239	0.0766860493	-0.0145615006	0.0166218659	-0.0595705852	-0.0107469207	-0.1139860464	-0.0439948076	0.1177411695	-0.108148063	0.0151975966	0.0660383627	0.1518506171	-0.0080004094	-0.0334394124	0.080651045	0.0951764515	-0.0188967346	-0.1028052438	-0.0016898595	-0.1290552057	0.0050684204	-0.0188765295673078	-0.0107151746916684	0.0001148149686729	0.0003563233685054	-0.050326860954712	-0.1475032591086886	0.0025327929335549	0.0217572114476849	0.0245918766276957	0.0263237534477268	0.0006929399955767	0.0006047603960718	0.0003196079625449	-0.0002555355632816	6.529842410164462e-08	1.021492497221022e-07	-0.0010969656799701	4.296566987039988e-05	1.203333703032264e-06	1.8460487874121878e-09	0.0001966750604946	-5.415282250850002e-05	2.932528185637106e-09	3.8681079420554574e-08	0.0	0.0	0.0	0.0	0.0	0.0	0.0	0.0	0.0	0.0	0.0
858.2701776551957	-1.172569180072628	1.3749184820561953	736627.6978522812	922.3098778840972	-3.28297622029379	10.7779328630145	850655.5108425783	801.3117672595699	0.0417425040163834	0.0017424366415577	642100.5483486552	893.4153370763099	564.3725783120215	0.904708	15.208556	0.1104735051723535	0.0651480541778478	0.1493571737	-0.0445545701	0.1525625008	-0.0332757463	0.0951982381	-0.0126340443	-0.0574189037	0.0524023408	0.1029828243	-0.0175647225	0.0001494166	-0.0270170915	-0.1018965614	-0.1482864807	-0.0604590881	-0.0092589136	-0.0517485585	0.0415677494	-0.0608738106	0.0971088903	-0.1429393779	-0.0607696511	-0.1366926071	-0.053874347	-0.1323784987	-0.1727597611	0.2071007318	-0.1207431702	-0.0761281591	-0.0716849323	0.1415312818	-0.0529224848	-0.0010110913	0.1393301991	0.0425570223	0.0681988388	0.0107264552	-0.0152683203	0.0455439351	-0.0549094873	-0.1532588177	0.0131644618	-0.012652846	-0.0164577791	-0.0918430273	0.065127628	-0.0055784515	-0.0650222105	-0.0009956914	-0.0382547235	0.153734936	0.0023800227	0.0431764558	-0.0715643058	-0.0625111592	0.051203215	0.1040689264	-0.0465531135	-0.0332486742	-0.0822660844	-0.0547876655	0.000787611	-0.0533883933	-0.023108928	-0.1558332982	0.1320243851	-0.0840559934	0.0028071145	-0.0099108302	-0.0934809924	0.1566246917	0.1199950478	-0.0065927187	-0.0879055236	-0.0050684204	-0.1287014744	0.0151740128	-0.0084316803449269	0.0104448492223809	0.0001090948752782	7.10932334390266e-05	0.0060166912668364	0.0563435522215483	3.6200573800425406e-05	0.0031745958769423	0.0519029323440349	0.0273110557163391	0.0007458937643409	0.0026939143859094	0.0003511053150007	3.149735245580002e-05	9.920832117248916e-10	1.2327494222174078e-07	-0.0008509563953045	0.0002460092846656	7.241267867096285e-07	6.052056814168026e-08	0.0002466493836149	4.997432312029999e-05	2.4974329713321503e-09	6.083591843761009e-08	0.0	0.0	0.0	0.0	0.0	0.0	0.0	0.0	0.0	0.0	0.0
861.2967563583356	3.0265787031399896	9.16017864630054	741832.1025133902	926.809846366324	4.499968482226791	20.24971634103449	858976.4913215691	803.6645196265616	2.3527523669916945	5.535443700385021	645876.6601065921	895.7797088148257	579.7176452020628	1.089044	18.307329	0.1716109957531568	0.0938548790193561	0.1041326032	-0.0066747327	0.0700711473	-0.0704699691	0.023284455	0.0101587401	-0.0913439645	-0.0573940059	0.038046919	0.0221627272	0.1579751558	-0.02805139	0.0423451547	0.0018026949	-0.0240199167	-0.0480399906	0.0310562171	-0.0800866492	-0.1856140668	0.0097143979	-0.1707540211	0.0853731192	-0.0688877781	-0.0735511605	-0.0628475663	0.1163866742	-0.0465408089	0.1094479109	-0.0766645332	0.0421516738	0.0298496135	0.0088975142	0.0186259878	0.075554051	0.0648638126	0.059699532	-0.0408137352	-0.1254475498	-0.0432756011	-0.0921681528	-0.12424419	-0.0501318612	0.0419764731	-0.0137977488	0.0908167354	-0.0083152326	0.0963002115	0.0532786682	0.0828270156	-0.0936892427	0.1124022296	-0.0984847606	-0.0586153761	-0.0793113905	-0.0729756719	0.0126074122	0.0811355261	-0.0081172327	-0.0398780886	0.0132708367	0.1447615006	-0.105814876	-0.0572520979	0.1451048052	0.0452188549	0.0292693485	0.0337541903	0.0730488911	0.0209285282	0.0343191583	0.0130785614	0.1291384664	0.1199514484	-0.0305216763	-0.0084435077	-0.1279949812	0.0251860523	-0.0136408765837785	-0.0052091962388515	2.7135725454865648e-05	0.0001860735139738	0.0842669900647337	0.0782502987978973	0.0071009256145699	0.0061231092619602	0.024574771197507	-0.0273281611465278	0.0007468283916505	0.0006039193794098	-0.0003539238183406	-0.0007050291333413	4.970660788599847e-07	1.2526206918879002e-07	-0.0012390258860521	-0.0003880694907475	1.5351851463071912e-06	1.505979296491015e-07	0.0001232812163062	-0.0001233681673087	1.5219704705107394e-08	1.519825829393607e-08	0.0	0.0	0.0	0.0	0.0	0.0	0.0	0.0	0.0	0.0	0.0
861.1462241931852	-0.15053216515048	0.0226599327448914	741572.8194421795	926.3389637644698	-0.470882601854214	0.2217304247289942	858103.8757882316	802.1487488557501	-1.515770770811514	2.2975610296465314	643442.6152908453	894.9515332655845	584.4377603446488	0.936106	15.736372	0.2534001002604699	0.1521756290535077	0.1062308115	-0.0049548168	0.0878075106	0.01488578	-0.0759386973	0.1199347415	-0.0360143544	0.0495757453	0.0877290198	-0.0399497802	0.046023706	-0.1011545293	0.11317124	-0.0602037729	-0.0559441559	-0.0459130125	-0.0540690331	0.1134121665	-0.1277838068	-0.027873011	-0.2315756528	-0.2092656523	0.0116561617	-0.022909247	-0.0572719263	0.0041935782	-0.0131220576	0.1951947697	-0.0191414121	0.240033018	-0.0164491557	0.1035581148	0.0377300038	0.1019643485	0.1005988477	-0.0284568913	-0.0289757981	0.0253107449	0.0933468865	-0.0999714561	-0.1107266459	-0.091443918	0.0267905937	-0.0127829352	-0.0121315135	-0.0306130499	0.0770003024	0.0628663974	0.0441860731	-0.0956820767	0.1342776951	0.0861185821	0.0053561929	-0.0063318771	-0.0789333928	-0.0018517795	0.152852644	0.0004780142	0.0772080596	0.0796228201	-0.016335842	-0.1030284006	-0.0080081216	0.122673755	-0.0115951825	-0.0229076907	-0.0534163607	-0.0948154151	0.0292707185	0.0075384657	0.107993766	0.1355605817	-0.0440278772	-0.0209015554	-0.0118128082	-0.1269376627	0.0350428114	-0.0357702580879362	-0.0221293815041577	0.0004897095257565	0.0012795113636775	-0.0423844163536841	-0.1266514064184178	0.0017964387496424	0.0160405787477632	0.0135563389474526	-0.0110184322500543	0.000121405849249	0.0001837743256582	0.0008710370947934	0.001224960913134	1.5005292387060831e-06	7.587056205061264e-07	-0.0005929461988998	0.0006460796871522	3.515851947897212e-07	4.174189621508138e-07	0.0001242582177767	9.770014705000058e-07	9.545318733591738e-13	1.5440104685041802e-08	0.0	0.0	0.0	0.0	0.0	0.0	0.0	0.0	0.0	0.0	0.0
859.6043752764284	-1.5418489167567486	2.3772980821039598	738919.6819943788	923.6686492315152	-2.670314532954535	7.130579704908197	853163.7735731719	799.8579334107719	-2.290815444978193	5.2478354029506376	639772.7136401508	893.322231828092	584.4425768219264	1.076374	18.094353	0.1455227384930424	0.0819598445670524	0.0925254976	-0.0039851503	0.1130060845	-0.034223245	-0.0122211539	0.0564108062	0.0420503376	-0.0356214996	0.0720712735	-0.1362284377	-0.0919802489	0.0379417304	-0.1722005274	-0.1421986866	0.038496891	-0.0187358924	-0.0784445131	0.1260333214	-0.0694621021	-0.0273110997	-0.0414359699	-0.2054864199	-0.0369265688	-0.1063421881	0.1108202669	-0.039442299	0.0928479024	0.1639636962	-0.0854832193	-0.0258102234	0.0490309653	0.053587304	-0.0661761029	0.1130430807	0.0820772622	-0.0036442487	0.0636322504	0.0299362049	-0.0756243115	-0.0819038384	-0.1571218118	0.0490961612	0.0358039433	0.0317460119	-0.1363062491	-0.0736439934	-0.0577062699	0.0122585918	-0.230633667	-0.0377935582	0.1190908347	0.0139423294	-0.0254661783	-0.0872810147	-0.1093454326	-0.0426167085	0.1802248053	0.1573147593	0.1102392394	0.389931178	-0.3640391179	0.1997674216	-0.1925398044	-0.1546015825	0.1754023003	0.0646026883	-0.2181212713	0.0144835291	-0.1709170228	0.0366853465	0.0652420336	-0.2063586762	0.1272943922	-0.0118598507	-0.0151740128	-0.1255324169	0.0446835199	-0.0235881474478105	0.0121821106401256	0.0001484038196482	0.0005564007000196	0.0088486007658588	0.0512330171195428	7.829773551355693e-05	0.0026248220431713	0.0078220846652072	-0.0057342542822454	3.2881672173449705e-05	6.118500850966963e-05	-0.0002550179404225	-0.0011260550352159	1.2679999423350818e-06	6.503414993733375e-08	-0.0008259944100845	-0.0002330482111847	6.822667654908412e-07	5.4311468736388566e-08	-4.41056648452691e-05	-0.0001683638826219	2.8346396971544188e-08	1.945309671443206e-09	0.0	0.0	0.0	0.0	0.0	0.0	0.0	0.0	0.0	0.0	0.0
861.4550699579632	1.8506946815348329	3.4250708042613165	742104.8375562794	924.8487781896824	1.180128958167188	1.3927043579047729	855345.2625189484	802.1841604595145	2.3262270487425667	5.411332282301552	643499.4272921361	894.748468990285	586.7499826785737	1.037295	17.437412	0.0412834647825888	0.0249474139416521	0.0819533727	0.1073899105	0.1090062791	-0.04458992	0.0198402972	0.0600929209	-0.0219124915	-0.1404630742	-0.0096174537	-0.1400438072	0.0402349784	-0.0470728962	-0.0094779306	-0.0210129906	0.1492080219	0.0394854016	-0.0357869909	0.079839928	-0.1513066804	-0.0114091967	0.0244239474	0.0201410955	-0.1621866751	-0.1531205491	-0.0373750958	0.0134159455	0.0202109327	0.0980662216	-0.1288961925	0.0124224417	-0.0616001381	0.1041568163	0.0893413932	0.0741509084	0.1781282522	-0.0359139765	0.0701671342	0.012473533	-0.1031125049	-0.0366169683	-0.1085120744	-0.000900537	0.0394541582	-0.0995126196	0.0957027145	0.0480123431	-0.0287416304	0.0154614244	-0.156392968	-0.0070506461	0.1008199446	-0.0075479929	-0.0084989984	-0.0237478447	-0.0775555046	-0.1003315501	0.1594293569	0.0622060137	-0.0106811694	0.255259382	0.0221588024	0.120907718	-0.0877670391	-0.0764641564	0.1169985196	0.0885852297	0.023925133	0.1018284245	-0.0421881905	0.1447948108	0.0878739671	-0.0657204228	-0.0031753808	-0.0495398119	-0.0185248178	-0.1237830955	0.0540487397	-0.0139636850305038	0.0096244624173067	9.263027682214912e-05	0.0001949844996311	0.0087990920518876	-4.950871397120006e-05	7.742402093759153e-05	2.4511127590821e-09	-0.0088316526332334	-0.0166537372984406	0.0002773469660054	7.799808823409845e-05	-2.69918126696394e-05	0.0002280261277528	5.1995914937963896e-08	7.28557951192906e-10	-0.0008189999730412	6.994437043300063e-06	6.707609558414863e-07	4.892214955268813e-11	1.998889741597776e-05	6.409456226124687e-05	4.108112911460851e-09	3.995560199064824e-10	0.0	0.0	0.0	0.0	0.0	0.0	0.0	0.0	0.0	0.0	0.0
862.8169890350018	1.3619190770385785	1.8548235724016136	744453.1565674265	927.7905397647764	2.941761575094006	8.653961164699567	860795.2856770152	801.6748287702652	-0.5093316892492794	0.2594187696735245	642682.531083834	895.5864672963711	605.4055721958126	0.993251	16.697018	0.125881213531443	0.0661222792569882	0.0400001399	0.1316972712	0.0505534286	-0.0481381449	-0.1371229549	0.0173506363	-0.0893487955	-0.1204894566	-0.0368093353	-0.2127737939	0.0007261642	0.0165097428	0.0384872961	-0.0019557126	-0.0428439309	-0.0993208113	0.0710133344	-0.0846395464	-0.064506074	-0.0841199693	-0.0397693836	-0.0073764379	-0.1523771533	-0.169767871	0.1110889134	-0.0069443364	0.206621209	0.0178817481	0.1009178432	-0.0125258275	0.0754407491	-0.0136361401	0.0149538188	0.0413606404	0.1375481786	-0.0955814851	0.0685237901	-0.0723476804	-0.0593054525	-0.0831591519	0.0511288464	0.0067661568	0.080693609	0.0953137901	0.0540081552	-0.1037521215	-0.0014624747	-0.0104178323	-0.1354373176	-0.1121317904	0.0778880388	-0.0335582919	-0.1147320431	0.0473374915	-0.0019906272	-0.1138693779	0.0869696055	0.0816210734	0.0227793279	0.0702448105	0.0851522171	-0.1189126265	0.0194528543	-0.0360817392	0.0010998904	0.0161170418	-0.0679365687	-0.018781906	-0.0636528509	0.1130750064	0.1032435	0.0651397212	-0.1796064338	0.1119598895	-0.0218629269	-0.1216944932	0.063080731	0.0001734905355874	0.0141371755660912	0.0001998597329864	3.00989659384029e-08	0.0616555881731955	0.0528564961213079	0.0038014115529826	0.0027938091822218	-0.0438362993340035	-0.0350046467007701	0.0012253252906457	0.0019216211393003	-0.0003205298432639	-0.0002935380305942	8.61645754051571e-08	1.027393804227803e-07	-0.0007359872798522	8.301269318899995e-05	5.416772761042406e-07	6.8911072304910385e-09	-8.111828166623833e-05	-0.0001011071790822	1.0222661661963317e-08	6.580175620483177e-09	0.0	0.0	0.0	0.0	0.0	0.0	0.0	0.0	0.0	0.0	0.0
864.1197596994034	1.302770664401578	1.6972114040253288	746702.9591029547	931.2300523664892	3.439512601712749	11.830246937340808	867189.4104304942	803.4054289560975	1.7306001858322588	2.994977003202649	645460.283276131	897.362880985522	605.5280154810542	1.252071	21.047895	0.2691107656371665	0.167747370019722	0.0078983217	0.2163744263	0.0014333534	0.0594002321	0.0291268985	0.0941162536	-0.1180680719	-0.0507512499	-0.1138842632	-0.144684518	0.0253373666	-0.0204781855	0.0193237191	0.055274584	0.1255186036	-0.1207936774	0.0769080614	-0.0420202077	0.0993806371	0.017183712	-0.161348544	-0.1407068211	-0.1119182051	-0.086938646	0.0154712691	0.1359323953	0.0611717103	-0.1637904533	-0.088621545	-0.2229266307	0.0856261981	-0.0138747902	0.0327209253	-0.0298904276	0.0702071089	-0.0712018664	0.1382237449	-0.0295553026	-0.0568750787	0.0709315362	-0.0009960856	-0.2496214131	0.0299743182	0.0418797209	0.0237694929	-0.1278336292	-0.1160275312	-0.0795030557	-0.0285135455	0.0133722048	-0.0246967168	0.0975123706	0.0264729258	-0.0540843258	0.086070975	-0.2084044287	-0.054629169	-0.1813750046	-0.0427965274	0.2398727602	0.0653878408	-0.1247277791	0.0048607087	-0.1798871595	-0.1890981773	0.0265533948	-0.2094190125	0.0163998665	0.0184905661	-0.1228484155	-0.2186725915	0.0635470547	-0.303403291	-0.0466311793	-0.0251860523	-0.1192723348	0.0717238087	0.019836632268479	0.0196631417328916	0.0003866391428077	0.0003934919797548	-0.0714891069588077	-0.1331446951320032	0.0051106924137678	0.017727509841794	-0.1397839065831334	-0.0959476072491298	0.0092059433368332	0.0195395405396421	-0.0001749586297967	0.0001455712134672	2.119097819031312e-08	3.0610522140338723e-08	-0.0006790109809793	5.697629887289999e-05	4.610559122904714e-07	3.246298633254024e-09	0.0001234406364565	0.0002045589181227	4.1844350983545164e-08	1.5237590728785797e-08	0.0	0.0	0.0	0.0	0.0	0.0	0.0	0.0	0.0	0.0	0.0
866.3549986322025	2.2352389327991204	4.996293086700951	750570.9836550036	932.4336174057752	1.203565039285991	1.4485688037914883	869432.4508684195	804.4272990376069	1.0218700815094053	1.0442184634840386	647103.2794369394	898.3814763306548	626.246338913504	1.216017	20.441805	0.2866521139658869	0.1513398821204651	-0.0506380284	0.2003434311	-0.0548424889	0.0679050325	0.1151460172	0.088065991	-0.0077541182	-0.1195449115	-0.1325167278	-0.0499209288	0.0585080677	-0.1891787753	-0.0644543378	0.1100244324	-0.0803226237	-0.1372237392	-0.1524050345	-0.0777311938	-0.0594527911	-0.0600029029	-0.0248389436	-0.0840882713	-0.0877759756	-0.0778386429	-0.0078468941	0.0033056145	-0.0067031393	-0.041383456	0.0075581525	-0.1410376331	-0.0915045933	-0.0212060449	-0.1005611024	-0.086562038	0.0402260482	0.1297224954	0.2171137661	-0.0082379119	-0.0606607982	-0.039528979	0.0586444028	-0.0602535405	0.075038732	-0.0182289062	0.016038755	-0.0385906553	-0.0726988869	0.010444817	0.041353885	-0.1500952714	-0.0740529621	-0.0342951404	0.0775880093	-0.1895226603	0.0831305468	-0.1266841558	-0.0098370931	0.1644421477	0.0568627402	0.0604224076	0.0811556015	-0.0364002497	0.0394467209	0.0055406275	-0.0548545713	-0.0050947668	0.0007179022	-0.1303028885	-0.0677787533	0.0350469694	-0.108000974	0.1175368066	0.0106705232	0.0949257351	-0.0284919163	-0.1165232592	0.0799246852	0.0128285181800862	-0.0070081140883927	4.911366307592964e-05	0.0001645708786968	0.0465419431118476	0.1180310500706553	0.0021661524686264	0.0139313287807815	-0.1943431094426273	-0.0545592028594939	0.0029767066166634	0.037769244187829	-0.0013709049788691	-0.0011959463490724	1.4302876698596026e-06	1.8793804610880875e-06	-0.0016220870628855	-0.0009430760819061	2.6311664395805075e-06	8.893924962635494e-07	0.0001213881284882	-2.0525079682999915e-06	4.212788959934959e-12	1.4735077737867754e-08	0.0	0.0	0.0	0.0	0.0	0.0	0.0	0.0	0.0	0.0	0.0
864.9647965770362	-1.3902020551663554	1.9326617541887583	748164.0993175536	930.621738038412	-1.8118793673631897	3.282906841876433	866056.8193096347	803.2176952640797	-1.209603773527192	1.4631412889312223	645158.66598534	896.5342515671202	633.4159026795784	1.333548	22.417564	0.0843527996952941	0.055849319855101	-0.0680341937	0.079934401	-0.032487925	0.0488276196	-0.0980457337	-0.0751763507	0.0904084518	-0.1690779812	-0.1159336547	-0.0843518586	-0.0275262408	0.110931642	0.1208388106	0.0829844854	0.0558376482	-0.1402116518	-0.1094720175	0.0326340893	-0.0440920369	0.0400711824	0.0476036062	0.0082186498	0.046876023	0.0440047927	0.1153416104	0.1972467583	-0.0233826616	0.0077503325	-0.0909569781	0.007806636	-0.1437788279	-0.0656595296	-0.1689452352	-0.0580231641	-0.0232448839	-0.2257847475	0.0811944615	0.0141253248	-0.2014728031	-0.0104848216	0.0318728888	-0.042680613	5.78853e-05	-0.0866356475	0.001226077	0.0128239258	0.010029568	-0.1156866991	-0.0439656609	-0.0734532804	-0.1002706587	0.0782076341	-0.1664807479	-0.0189571756	0.0256268116	-0.1283445717	-0.0879220453	-0.053812957	0.1386894997	0.0349792442	0.0113357062	0.1147243691	-0.039373867	0.058845967	-0.008684322	-0.1208832708	0.02121765	0.0739191546	-0.0244631333	-0.0191223706	-0.1446176758	-0.0713099976	-0.0208375262	0.1099684076	-0.0317782535	-0.1134548014	0.0876327994	0.0125842254277159	-0.0002442927523702	5.967894886065665e-08	0.0001583627296155	-0.0027932627552331	-0.0493352058670807	7.802316819772408e-06	0.0024339625379472	-0.2162113372035605	-0.0218682277609331	0.000478219385404	0.0467473423353517	-0.0013173908220806	5.351415678849989e-05	2.8637649767841483e-09	1.7355185781021994e-06	-0.0018265842736251	-0.0002044972107396	3.3364101086545343e-06	4.181910920027642e-08	0.0001212980297181	-9.009877010000303e-08	8.117788373533198e-15	1.4713212013493072e-08	0.0	0.0	0.0	0.0	0.0	0.0	0.0	0.0	0.0	0.0	0.0
863.5078326211367	-1.4569639558994822	2.1227439687902683	745645.776998053	928.9832629343358	-1.6384751040761785	2.684600666677444	863009.9028121253	802.6081784433512	-0.6095168207284587	0.371510754750928	644179.8881041543	895.6578359906765	625.8219384657598	1.28119	21.537394	0.0291502302529745	0.0174829444856214	-0.0442147588	0.1296943316	0.0065032768	0.1080992708	0.2069231162	-0.0355161636	0.0245643152	-0.1473816353	-0.0581211835	-0.0709768371	-0.0548996303	-0.1726853232	-0.1195337077	0.1983952203	0.0588113884	-0.0518653336	-0.1701054937	0.02471127	-0.0551186304	0.0469196001	0.0712487885	-0.0539047091	0.0855189294	0.035345934	-0.1507978837	0.0278204153	-0.0642350126	-0.0410215068	-0.0001288892	0.1507142002	-0.1583745824	0.0538016526	0.0114989511	-0.0332842323	-0.0375990579	0.0981996322	0.2810429463	0.0878088605	-0.1448591992	-0.0190313989	0.0304156334	-0.0430781908	-0.0142098339	-0.0784167273	0.0614995532	0.0538482437	-0.0641904776	-0.0217381785	0.0102450439	-0.1054950212	-0.0815844289	0.0200773001	0.0785098999	-0.2481500819	0.036227787	-0.1064294358	-0.0343019023	0.0926105772	0.0633540044	0.0596815763	0.0711184453	0.1209092193	0.0681093137	0.0383859613	-0.0380136257	-0.0647110143	0.0139129756	-0.1337156377	-0.0831372526	-0.0450382271	0.0373337666	0.0690166242	-0.0761267814	-0.0077071184	-0.0350428114	-0.1100753719	0.0948006283	0.008195740111816	-0.0043884853158999	1.9258803367869053e-05	6.717015598042973e-05	-0.0155242656299492	-0.0127310028747161	0.0002410028233492	0.000162078434196	-0.205256726556172	0.0109546106473885	0.0001200034944358	0.0421303237965551	-0.0013388903878339	-2.1499565753299804e-05	4.6223132758046176e-10	1.7926274706340108e-06	-0.001826581984228	2.2893971000654406e-09	3.3364017451062974e-06	5.24133908178805e-18	0.0001212772565691	-2.077314899999808e-08	4.31523719376121e-16	1.4708172960927309e-08	0.0	0.0	0.0	0.0	0.0	0.0	0.0	0.0	0.0	0.0	0.0
865.9753820856926	2.467549464555873	6.088800360029975	749913.3623784612	934.5598862345626	5.576623300226743	31.098727432631808	873402.1809587585	803.7266072251354	1.1184287817841323	1.2508829399231385	645976.459161627	897.617094768475	629.5829115065853	1.438763	24.186275	0.2038014220041598	0.1660361469964784	-0.0510082489	0.1754336737	-0.0738469869	0.0024376262	-0.1124721581	-0.1060898583	-0.152941768	-0.2175553459	-0.1364278686	-0.1982911602	0.074330329	0.1375215601	0.0788936944	0.0983569	-0.0975847467	-0.1119678116	0.0449387609	-0.2199406764	-0.1791547348	0.013723444	0.0714558251	0.0030069147	0.18029726	0.0570828195	0.0270769851	0.1019506948	-0.0844060004	0.0283661184	-0.102596322	0.0058109798	-0.0377968073	0.0167744618	-0.1175282941	-0.0682764423	0.0473563251	-0.1533349814	0.0850728907	-0.1702080923	-0.2308335676	-0.0271570115	0.2011795665	0.0111794929	-0.0490710301	0.0667119684	-0.0083569703	0.0206561148	0.077131457	-0.0570360051	0.007317327	-0.0649846009	-0.0661266364	-0.119801592	-0.2395127182	-0.0225742842	0.1145255163	-0.1750638201	-0.0866173052	0.0167016632	0.0613654858	-0.0748080615	0.0224749606	-0.0800796478	-0.1289354454	0.0082555702	-0.0804491956	-0.0591236475	-0.0072683788	0.0848410885	-0.0403884513	0.1707477564	-0.1721575611	-0.0458203213	0.1575157561	0.147066993	-0.0382833527	-0.1063942335	0.1013839798	0.0077383698081376	-0.0004573703036783	2.091875946868707e-07	5.988236728749556e-05	0.1450794126272967	0.1606036782572459	0.0210480359682814	0.0257935414697569	-0.2026049045107214	0.0026518220454505	7.032160160737729e-06	0.0410487473317985	-0.0019318813852685	-0.0005929909974346	3.516383230384818e-07	3.732165686746938e-06	-0.0020341203181133	-0.0002075383338853	4.137645468561353e-06	4.3072160031886266e-08	0.0001200355599333	-1.2416966358000009e-06	1.5418105353570398e-12	1.4408535648500856e-08	0.0	0.0	0.0	0.0	0.0	0.0	0.0	0.0	0.0	0.0	0.0
866.9455687434196	0.9701866577270266	0.9412621508315386	751594.6191638513	936.2908232851728	1.7309370506102368	2.9961430731752654	876640.5057680267	803.5048886739138	-0.2217185512215564	0.0491591159557859	645620.1061228786	898.1103629562476	640.3741839316039	1.350561	22.703562	0.3854742069205959	0.2766641504412432	-0.097481867	0.1068292304	-0.0925857754	0.1360957667	0.0553812192	0.0338243607	0.0009982479	-0.0089963653	-0.1300128009	-0.0805122508	-0.1583407444	-0.0453335626	-0.0307301291	0.0626552017	0.0983009783	-0.1524553372	0.0332820635	0.0269489016	-0.0795272395	0.1053179887	0.1436695259	-0.0283117736	0.0247280453	-0.03146932	-0.0767998451	-0.0571336426	-0.1675459514	-0.0641438345	0.0169630977	-0.0052614105	0.1654555989	0.0875081749	0.0170152569	-0.1059215057	-0.0410365558	-0.0367704007	0.20365768	0.1034745703	-0.0316347459	-0.0804050553	0.0838055792	-0.0661310508	-0.0796622713	-0.050457126	-0.0404745103	0.0981598998	-0.0398592233	-0.07044204	0.0048510305	0.0361760079	-0.1222645708	0.1515034304	0.0631331369	-0.1251984772	-0.0262655154	-0.1184202717	-0.0662858716	-0.0051685517	-0.0556478128	-0.1647041992	0.032664896	0.1259275546	0.0432695914	-0.0286966846	-0.0136774025	0.0067537952	0.0053365135	0.0677048904	-0.076348091	0.0201934726	0.0288903393	-0.0759944699	-0.1381940704	0.0479008866	-0.0414976565	-0.1024214758	0.1073422654	0.0206559254834957	0.0129175556753581	0.0001668632446259	0.0004266672575797	-0.1121928688617828	-0.2572722814890795	0.0125872398234371	0.0661890268225961	-0.2666845609438297	-0.0640796564331082	0.0041062023685851	0.0711206550458032	-0.0009258785172469	0.0010060028680216	1.0120417704676845e-06	8.572510286993182e-07	-0.002018059863251	1.6060454862299768e-05	4.072565611664645e-06	2.579382103839683e-10	0.0001220665035104	2.0309435771000053e-06	4.124731813363765e-12	1.4900231279254498e-08	0.0	0.0	0.0	0.0	0.0	0.0	0.0	0.0	0.0	0.0	0.0
866.5974838101911	-0.3480849332285061	0.1211631207406935	750991.1989461544	932.2174969649896	-4.0733263201832415	16.591987310697547	869029.4616476703	804.1282344810152	0.6233458071013729	0.388559995230862	646622.2174895545	897.7287802499762	641.3586865990562	1.001071	16.828465	0.2725373567059381	0.1996847995603619	-0.0774154613	0.1124121265	-0.0384211798	0.0331005384	0.1056624333	-0.0430722119	-0.0404914055	-0.1247154074	-0.0772324011	-0.0518456334	0.0616712908	-0.0971440482	-0.0450885176	0.193642529	0.0048675262	-0.0606896847	-0.0565505448	-0.0437795303	-0.1227420766	0.0637627701	0.1219706523	0.1225745182	0.125186922	-0.0116483104	0.1043848607	-0.0545869687	0.0954768103	-0.0690163214	-0.0962226221	0.116996581	0.0920443585	-0.1057195662	0.0771704224	-0.0644106958	0.0034536191	0.0745800405	0.1544496076	-0.0341624913	-0.0925317107	-0.0207504019	0.1377575625	0.0186091051	-0.0628538437	-0.1022538493	0.0842990628	0.0172638964	0.0195744364	0.0089693255	0.0359199945	-0.082042585	-0.0800708838	-0.084304935	0.0100822594	-0.1163759227	0.0898600412	-0.0888964224	-0.0241929267	0.0914157242	-0.0286759445	-0.095064651	0.1238682312	0.0476686404	0.0374399971	0.0671039939	-0.0147073404	-0.0769282286	0.0251355145	-0.0234871245	-0.1326202814	0.0251691906	-0.0633028322	-0.0679830952	0.0334791593	0.0395110906	-0.0446835199	-0.098167988	0.1126387502	0.0155984465981333	-0.0050574788853624	2.5578092675886508e-05	0.0002433115362748	0.0759804324429467	0.1881733013047294	0.0057730261142171	0.0354091913239205	-0.2392856316377134	0.0273989293061162	0.0007507013271215	0.0572576135082594	-0.0017708925652497	-0.0008450140480027	7.140487413220783e-07	3.1360604776566627e-06	-0.0018266051790407	0.0001914546842103	3.336486480098308e-06	3.665489610606576e-08	0.0001203822915289	-1.6842119815000002e-06	2.836569998628157e-12	1.4491896113749072e-08	0.0	0.0	0.0	0.0	0.0	0.0	0.0	0.0	0.0	0.0	0.0
867.3124894826501	0.7150056724590286	0.5112331116485876	752230.9544125921	934.0073269402108	1.7898299752212097	3.203491340200356	872369.6867779978	802.2643198160638	-1.8639146649513805	3.474177878220817	643628.0388499314	898.2483929163396	645.043212931979	1.107076	18.61046	0.1933881767564241	0.1283021299254575	-0.0966874832	0.0756023591	-0.0651109713	0.0952303275	-0.0313549952	0.0650876108	0.136093053	-0.0342489741	-0.0044857785	-0.0075803391	-0.2089455982	-0.025302947	0.0762742356	0.0663841021	-0.0503498665	-0.1282797033	0.0052779368	-0.0693178242	0.0204508137	0.0510552006	0.0063022966	0.0278753731	0.0572881883	0.0885126947	-0.0464363045	-0.0364244067	-0.1278002417	0.0228527544	0.0133178919	0.0817129516	0.0901803934	0.0726712932	0.060851991	-0.0914383649	-0.0732615766	-0.0765230746	0.0884101184	0.1287110632	0.0278909152	-0.1351699669	0.0693635607	0.0446305059	-0.1250324635	0.0140337602	-0.0060537426	-0.103135456	0.0123198385	-0.0126071111	0.0857630821	0.0684074061	-0.114012414	0.129356914	-0.0353190891	-0.0663720521	0.0033301028	-0.0995103557	-0.055610933	0.0523264698	-0.0971431462	-0.1433440328	-0.0257575651	0.0237570341	-0.025302838	0.033951386	0.0430944573	-0.1081691507	-0.0731785338	0.0660154917	0.0255451972	-0.0316167778	0.0927481262	-0.0190906239	-0.0138071241	0.1111865634	-0.0478387595	-0.0936454286	0.1172407796	0.0133332274067186	-0.0022652191914147	5.13121798515347e-06	0.0001777749530792	-0.0435131253190803	-0.119493557762027	0.0018933920750339	0.0142787103466268	-0.2714146193941928	-0.0321289877564794	0.001032271854256	0.0736658956208945	-0.0013815511804643	0.0003893413847854	1.515867139066129e-07	1.9086836642423006e-06	-0.0020579673377343	-0.0002313621586936	4.235229563181203e-06	5.3528448475362585e-08	-4.892240592216141e-05	-0.000169304697451	2.866408057899545e-08	2.393401801212733e-09	0.0	0.0	0.0	0.0	0.0	0.0	0.0	0.0	0.0	0.0	0.0
866.939189389832	-0.3733000928181127	0.1393529592980115	751583.558099899	936.6939739017952	2.6866469615844157	7.218071896190771	877395.600743937	802.893892419612	0.6295726035482403	0.3963616631385097	644638.6024847155	898.2870649612001	645.7651794163527	1.144978	19.247604	0.1665960911051145	0.1342785387594498	-0.0857571725	-0.0306465642	-0.1029887762	-0.0317301425	-0.0696486433	-0.1539254572	-0.0416985097	-0.005976486	-0.0093988913	0.0313913864	-0.0654476245	0.2371362085	-0.04973733	0.0319809926	-0.0157551699	0.0340187217	-0.1409720513	-0.200973695	0.0985160888	0.0485812473	0.1114573507	-0.1144860002	0.1004296834	0.0583790589	-0.0268159715	-0.0483761744	0.1040536531	0.1469233485	0.1958372166	0.063044794	0.057676018	-0.0664458563	0.2032455018	-0.0496642423	-0.0998750056	-0.0859100864	-0.0919922652	-0.1196662003	-0.0808598661	-0.013334019	0.0654929229	0.1816571719	-0.2614831158	0.0666203464	0.0079736804	-0.0608963974	-0.0823064626	-0.1132394724	0.1688658673	0.2683120158	-0.0854124292	-0.075238814	-0.135951385	0.0262286633	0.1114714049	-0.0270717606	-0.0410652588	-0.1077487925	-0.0308616026	-0.1285294214	-0.0788728281	0.199651946	-0.1173449254	-0.0102738243	-0.0040492502	-0.0919219176	-0.2143145363	0.0689049474	0.1422096453	-0.1366218591	0.207813741	0.0801472308	0.0386761847	0.0757339744	-0.0509612127	-0.0888661936	0.1211199807	0.0137298889558934	0.0003966615491748	1.573403845937528e-07	0.0001885098507411	0.0890263627943142	0.1325394881133945	0.0079256932723848	0.0175667159093606	-0.281949114003595	-0.0105344946094022	0.0001109755766755	0.0794953028874122	-0.0016138810639743	-0.00023232988351	5.39771747717702e-08	2.6046120886548185e-06	-0.0019970989247319	6.086841300240002e-05	3.988404115165312e-06	3.7049637014307403e-09	0.0001203882342283	0.0001693106401504	2.866609286815904e-08	1.4493326940608025e-08	0.0	0.0	0.0	0.0	0.0	0.0	0.0	0.0	0.0	0.0	0.0
867.142854206841	0.2036648170089847	0.0414793576873032	751936.7296019867	937.1964142031786	0.5024403013834444	0.2524462564542865	878337.118795296	804.9880219461525	2.094129526540428	4.385378473928436	648005.7154767793	898.9048215988879	632.1009426690836	1.217286	20.46314	0.2482372577697978	0.1460527979059165	-0.0566191468	0.0276568687	-0.0724092563	0.0764673699	-0.0196055473	0.0151765382	-0.1029200093	0.0937209152	-0.0701382942	0.0355415586	0.0167381987	0.0589240952	0.0044583518	-0.013665379	-0.0268147297	0.0671204948	0.1072933083	-0.083233777	0.0850423621	-0.0846453225	0.0333074421	0.0833123288	-0.0423232157	0.0151259069	-0.1064772171	-0.1491605264	0.0913087218	-0.0647685705	0.0437791321	0.1033867324	-0.0049263251	-0.0659714354	0.1220680453	-0.0578379334	-0.0480891609	0.0030259319	0.0432151801	-0.0275848934	0.0582555412	-0.022937262	-0.0783893648	0.00465673	-0.1529528555	0.0363658978	-0.0287780336	0.0586507283	0.0670798808	-0.0174346922	0.0798162559	0.0639769537	-0.064369106	0.0848937747	-0.0016921472	-0.0434341828	0.0473133463	-0.0157824424	0.0955180347	-0.0236233188	0.013192809	-0.1832908779	-0.0427743123	-0.0049317669	0.0005501523	-0.0699087853	-0.0693155509	0.0660983849	0.058691803	-0.0167533967	-0.0049350679	-0.1419905547	0.060511519	-0.1486487538	0.0498405063	-0.0455878444	-0.0540487397	-0.0838433825	0.1242524367	0.0012661728272433	-0.0124637161286501	0.0001553442197355	1.6031936284492916e-06	-0.0329173816644896	-0.1219437444588038	0.0010835540156456	0.014870276812634	-0.2419142485415761	0.0400348654620189	0.0016027904525619	0.0585225036474354	-0.0003118878482477	0.0013019932157266	1.6951863337980926e-06	9.727402988458034e-08	-0.0018260203556501	0.0001710785690818	3.334350339248517e-06	2.926787679907628e-08	0.0001232150838264	2.8268495981000053e-06	7.991078650278161e-12	1.5181956882346782e-08	0.0	0.0	0.0	0.0	0.0	0.0	0.0	0.0	0.0	0.0	0.0
865.0467154361215	-2.096138770719449	4.3937977461132425	748305.8198868223	931.8987227184016	-5.297691484777033	28.06553506787909	868435.2294041883	803.2478511547495	-1.7401707914029885	3.028194383252103	645207.1103847226	897.0099880488646	628.4442837672951	1.17845	19.810286	0.2382941033414072	0.1425348994582319	-0.0188920874	-0.0993637686	-0.0016914908	-0.0699414087	-0.0298204445	-0.0979557458	0.0041744938	-0.0030580611	0.0121118733	0.0266838379	-0.0292134588	0.0586631304	-0.0161476355	-0.0619554009	0.0324098137	0.0890185498	-0.1123896508	-0.0410523377	-0.0630566763	0.0161562172	0.1889639287	-0.0047105763	-0.0046809399	0.0014558811	0.0796322745	-0.1642846489	0.0729451468	0.07090887	-0.076519144	-0.1053337911	-0.0756362844	-0.0572930385	-0.0415718864	0.0046347417	-0.0358574633	-0.00736357	-0.0479059046	-0.0182356489	-0.034694523	-0.0891864603	-0.0061198845	0.1572827431	-0.0892509569	-0.0713545132	0.0408912286	0.0421652558	-0.0465873629	0.0095604834	-0.1049242478	0.0756089704	0.0025550034	-0.07113022	-0.0844224475	0.035148228	-0.0315161779	0.0358682685	0.0066466913	0.1088089396	-0.1247050963	-0.078973046	-0.0415911949	0.1097703205	0.0322711359	-0.0254706655	-0.0731198115	-0.0410951958	0.0239377721	0.0942578124	0.0055886334	0.0144179645	-0.0027416127	0.0850903256	-0.0281993268	0.1163437026	-0.0570992244	-0.0785907625	0.1266188352	-0.0053248610511644	-0.0065910338784077	4.344172758631805e-05	2.835414521420764e-05	0.0710436956281057	0.1039610772925953	0.0050472066884989	0.0108079055918369	-0.1876139778068619	0.0543002707347141	0.0029485194018632	0.0351990046685136	-0.0015079080003446	-0.0011960201520969	1.430464204221892e-06	2.2737865375032506e-06	-0.0015550933511727	0.0002709270044773	2.418315330861539e-06	7.340144175509703e-08	0.0001213278116869	-1.8872721395000124e-06	3.5617961285329544e-12	1.4720437888731869e-08	0.0	0.0	0.0	0.0	0.0	0.0	0.0	0.0	0.0	0.0	0.0
866.3041687586378	1.2574533225163125	1.5811888583073128	750482.9128085945	935.0297775850064	3.131054866604813	9.803504577689688	874280.6849706665	803.2792195298229	0.0313683750733844	0.0009839749547445	645257.5045284413	898.7677293507327	628.0989714765971	1.130841	19.00996	0.2590478747764344	0.1458466366249619	-0.0329439212	-0.0403937502	-0.0655635781	0.1054432588	-0.086645482	-0.019084909	-0.0161450177	-0.0051712105	0.0006627942	0.0414942302	-0.1485129583	-0.0161093183	0.0034655739	-0.0357152694	0.1757880446	-0.0030306793	0.1315115136	-0.0916629165	0.1024135379	-0.0541997121	-0.0003496287	0.0135341471	0.0786718756	-0.0726822423	-0.0531412125	-0.0029897971	0.1032587418	0.0131656674	-0.0501449224	-0.2130046714	-0.0510822178	-0.0197955048	-0.0284774727	-0.0607821148	-0.077297644	-0.0849975968	0.0161050804	-0.0258306038	-0.0011283083	-0.1803892313	-0.1106954388	-0.0362775168	-0.1090085204	0.0729697162	0.0474450106	0.0998869094	-0.1692134691	0.0332017042	0.0715025982	0.1003908088	-0.0583787265	0.0976635599	-0.1272704642	-0.1394316903	-0.0925659716	-0.0775629624	-0.0182904083	-0.0934606065	-0.2205607232	-0.0396787934	-0.0343873893	0.0306164617	0.0103832306	-0.065163923	0.2343574534	-0.0313466904	-0.0062635577	-0.0899622878	0.1178798741	0.1099853069	-0.2133361549	0.0849974948	0.0713003284	-0.2779938523	-0.0601105761	-0.0731227308	0.1282045865	0.0010809701225724	0.0064058311737368	4.103467302641819e-05	1.1684964058941897e-06	-0.0399317172441868	-0.1109754128722925	0.0015945420420696	0.0123155422621757	-0.234100907739517	-0.0464869299326551	0.0021610346545635	0.0548032350044658	-0.0017823202432259	-0.0002744122428812	7.530207904314549e-08	3.176665449412831e-06	-0.003181113304947	-0.0016260199537743	1.0119481858910826e-05	2.6439408900721766e-06	0.0001181659923875	-3.1618192994000034e-06	9.997101282058328e-12	1.3963201756922709e-08	0.0	0.0	0.0	0.0	0.0	0.0	0.0	0.0	0.0	0.0	0.0
866.1859937196923	-0.1181750389455373	0.0139653398297792	750278.1757161708	934.2547694880788	-0.7750080969276496	0.6006375503034171	872831.9743112231	804.1354932048375	0.8562736750146769	0.7332046065231405	646633.8914317873	898.4432982481601	631.0647048950195	1.01121	16.998909	0.1758513771422013	0.1078225993560463	-0.0370657023	-0.1204123939	-0.0570730955	0.1143632766	-0.1239928583	-0.078401473	-0.0027578225	0.061463099	-0.0064916769	0.1283935972	-0.0993880762	0.0415027051	-0.0413921117	-0.1138872824	-0.0077499548	-0.0582516854	-0.1094325736	-0.0714976581	0.1211161028	-0.1247217159	-0.0682885027	0.0511887653	0.0588723352	-0.0670323067	-0.1007031088	-0.0151027384	0.1199886019	0.0514400632	0.0907545554	0.0318393248	-0.0716811602	0.0238473793	0.0141445833	-0.040639571	-0.089261068	-0.0444088879	-0.0162226744	-0.091907808	0.0713541447	-0.102245692	-0.1169852365	0.1233878889	-0.0496903116	0.0045794127	-0.0595391933	0.0956810679	-0.0553988415	-0.0825127575	0.1167324519	-0.0644614908	-0.0292296894	0.0083472851	-0.1215369507	-0.047097549	-0.0480813719	0.0787907926	0.0695023078	0.0142750771	-0.0585414525	-0.1758096634	-0.0755998696	0.0349895964	0.0253285436	-0.0105269255	-0.0313683319	0.1099614758	-0.0492128446	-0.0955083883	0.12598047	0.1241131585	-0.0856394485	-0.0731810605	0.0613152809	-0.0238495561	-0.063080731	-0.0674542747	0.1289999139	-0.0053582274996273	-0.0064391976221996	4.146326601774226e-05	2.8710601937762223e-05	0.0470828382928942	0.087014555537081	0.0022167936617148	0.0075715328753157	-0.2347759242491776	-0.0006750165096605	4.556472883143681e-07	0.0551197346070555	-0.0013828831436517	0.0003994370995741	1.595499965162493e-07	1.9123657889960083e-06	-0.0019490841356717	0.0012320291692753	3.7989289679270978e-06	1.517895873945186e-06	0.0001211518730032	2.9858806157000026e-06	8.915483051213026e-12	1.46777763321835e-08	0.0	0.0	0.0	0.0	0.0	0.0	0.0	0.0	0.0	0.0	0.0
863.3136222881423	-2.87237143155005	8.250517640784885	745310.4104282731	929.765725461448	-4.489044026630722	20.15151627302897	864464.3042428527	804.7487402420203	0.6132470371827594	0.3760719286134327	647620.5349211186	896.9819763732058	610.0402670497388	0.978966	16.456879	0.1895566139429473	0.0931242902206802	0.0310626034	-0.1304582347	0.0178297936	0.1237515042	-0.0055011083	-0.0334807086	0.0548361884	0.0286572251	0.0170005545	0.1322428422	-0.0029047752	0.0160290771	0.0130283273	-0.0991881557	0.0512977199	-0.0890070964	-0.0553512142	0.0101061646	0.1042761562	0.0829887388	-0.0030372138	0.2196009471	0.1179788501	-0.0487268834	-0.0721623853	-0.1195687793	-0.0423504259	-0.0570356829	-0.074391664	-0.0030907479	-0.1002144804	0.0772182207	-0.0530749686	0.0157034731	-0.0709877586	-0.0053358047	0.0292161129	-0.0143786711	0.1217054768	0.0212607706	-0.1383222286	0.1047431565	0.0040966329	-0.1306296103	-0.037362286	0.103300004	0.075451503	-0.0575154867	0.0795968649	-0.0377996167	0.0059395704	0.0678275035	-0.0120596399	-0.0410232835	-0.0149207875	0.1291708639	0.1250739792	-0.0269432738	0.0211396422	-0.111876974	0.0364087005	0.0906018799	0.0796052199	0.0413282215	-0.0279295328	0.0697361147	0.0406060862	0.0099927621	0.1119447753	0.0634955019	-0.1051176638	-0.1634737389	-0.1030392264	0.0171843901	-0.0660076536	-0.0616009311	0.1289999139	0.0222414409154083	0.0275996684150355	0.0007617416966199	0.0004946816939935	-0.0129393828522097	-0.0600222211451038	0.000167427628596	0.0036026670311917	-0.2099118619103848	0.0248640623387927	0.0006182215959873	0.0440629897706844	-0.0003574617292706	0.0010254214143811	1.0514890770713355e-06	1.2777888789312777e-07	-0.0018836048769415	6.547925873020004e-05	3.547967332437803e-06	4.287533323856478e-09	0.0005716644407722	0.000450512567769	2.0296157371781786e-07	3.268002328433922e-07	0.0	0.0	0.0	0.0	0.0	0.0	0.0	0.0	0.0	0.0	0.0
861.1051159323106	-2.2085063558316733	4.877500323748897	741502.020684798	925.3456777130684	-4.420047748379602	19.53682209795559	856264.6232622579	803.5209400917643	-1.22780015025603	1.50749320896873	645645.9011659526	895.1863863191891	599.0247759726195	1.067776	17.949804	0.1905443566172748	0.0890728889532617	0.0748151544	-0.0899162499	0.1013193371	0.0701538659	0.0119256564	-0.0465398378	0.056930762	-0.0496613283	0.0768792025	0.0593551029	0.0759598624	0.1130461398	0.0775182224	0.0800183254	0.028844006	0.1178985465	-0.175543762	0.026015815	0.2218235065	-0.0735406443	0.0317299456	0.1099029797	-0.0230198895	0.0553223273	-0.1425777141	0.0449603923	0.048435672	0.0066473869	0.0290020654	-0.0528224259	0.0628095761	-0.0972983109	0.1763340373	0.0761583056	-0.0846446665	-0.0629999506	0.0396587602	-0.0189398401	0.1060422018	0.1711500206	-0.0033077234	0.1516348297	0.0940198432	-0.1550786713	0.1071082897	0.0197506146	0.0577378839	0.1128038029	0.0748006119	0.0055304215	0.0383050063	0.0660480119	-0.030954161	0.0749589799	0.1770625433	0.1855981116	0.0811284174	0.0203557052	0.0610586563	0.0500641457	0.1432825206	0.1308634347	0.1954523898	0.1177785204	-0.0437008673	0.0845325809	-0.1052433718	-0.0057534135	0.1277263303	0.0050176602	0.0048013735	-0.0206058614	0.1243880707	-0.1420131288	-0.0688893378	-0.0555787436	0.1282045865	0.0498627908225728	0.0276213499071645	0.000762938970694	0.0024862979086156	0.049767742349303	0.0627071252015127	0.0024768281785466	0.0039321835510381	-0.2156421723601624	-0.0057303104497775	3.283645785083028e-05	0.0465015465002099	0.000187061032676	0.0005445227619466	2.965050382779536e-07	3.499182994581154e-08	-0.0009859883978404	0.000897616479101	9.72173120675879e-07	8.057153435538553e-07	0.0001240922606435	-0.0004475721801287	2.0032085642515756e-07	1.5398889151614337e-08	0.0	0.0	0.0	0.0	0.0	0.0	0.0	0.0	0.0	0.0	0.0
863.5014429967625	2.3963270644519525	5.742383399824912	745634.7420574911	928.4208477066784	3.075169993609961	9.45667048959909	861965.2704563873	803.8063168456011	0.2853767538368856	0.0814398916304784	646104.5950008909	897.1731723695353	599.2995680041017	1.072494	18.029118	0.1500630553263976	0.0884781108738482	0.0559319973	0.0782455099	0.0603988978	0.0857781923	0.0346862265	0.1547898987	0.036009146	-0.0086816705	0.0102401372	-0.050600306	0.0859531744	-0.0440948796	0.1121837739	0.1114310043	-0.0402150688	0.150403653	-0.0213617013	0.0902865455	0.1424741801	-0.0077244762	0.0845282989	0.1408363075	0.0667309239	0.038398538	-0.1155555177	-0.0371136373	-0.0043007772	-0.0027851215	0.0349277872	-0.1089999063	0.0497878197	0.0441772614	-0.2660187313	0.0197257712	0.0353492281	-0.0355032832	0.0471565862	0.0198805922	0.09337313	0.1809575203	0.0126509603	-0.0193442702	0.059812544	-0.0491859541	0.0896976139	0.0345661505	0.1396446306	0.1226941834	0.0684298445	0.1758567085	0.0232532629	0.0743627072	0.0845619645	0.0598500957	0.1083480535	0.0242915795	0.0501310628	-0.1072932973	0.0289240835	-0.0497589918	0.1896119219	-0.0018845452	0.0637201884	0.0663450967	-0.0189813413	0.096778704	0.0544023514	-0.0182945126	-0.0199339434	-0.016928132	0.0962256682	-0.0590510403	0.1484781392	0.0161632122	-0.0717238087	-0.0494042187	0.1266188352	0.0351577122996786	-0.0147050785228941	0.0002162393343644	0.0012360647341469	-0.0343602332715988	-0.0841279756209018	0.0011806256304786	0.007077516282071	-0.227604250292984	-0.0119620779328216	0.0001430913084708	0.0518036947514313	-0.0003120527094249	-0.0004991137421009	2.491145275539638e-07	9.737689345942108e-08	-0.0009369821637046	4.900623413580014e-05	8.779355751005537e-07	2.401610984172863e-09	-0.0001131462281154	-0.0002372384887589	5.628210054860672e-08	1.2802068936742134e-08	0.0	0.0	0.0	0.0	0.0	0.0	0.0	0.0	0.0	0.0	0.0
865.670624547234	2.1691815504714214	4.7053485989056	749385.6302039981	932.2130269073858	3.792179200707437	14.380623090278098	869021.1275358305	803.7389340331011	-0.0673828125	0.0045404434204101	645996.2740806657	898.1669440101656	623.3356587637842	1.159276	19.487968	0.1654134838156514	0.090835682950994	-0.0105603047	-0.0619335426	-0.0024254954	0.0725504481	-0.1068232732	0.0248562879	0.0255995725	0.0394269883	-0.0277091131	0.0169603662	-0.0791725485	0.0435498924	-0.0463840452	-0.1004379194	0.0120327942	-0.0014124067	-0.1130938971	0.0648749696	-0.0087697874	-0.1211427336	0.0219198792	0.1535221836	0.1824208239	-0.0075149307	0.0627296876	-0.0354353506	0.046434824	0.0282012991	-0.0485252506	-0.0675903491	-0.0459211981	-0.0631373168	-0.1555290456	-0.0237945728	-0.0238646606	-0.0621472826	0.0146249655	-0.0211427471	0.1278367549	0.0163049418	-0.0010023481	0.134815632	0.100434902	-0.0335754454	-0.0404890555	0.0723712646	-0.0353378009	0.0691223131	-0.054966012	0.099357523	0.0101776109	0.0401562669	-0.0443330597	0.0526334178	-0.019729583	0.09600795	0.0565824643	0.09857919	0.0168622703	-0.0726659161	-0.0327268375	0.0620975007	0.0369407051	-0.0035206506	-0.0002372118	0.0617975039	0.0093407392	-0.0448060994	0.1091344403	0.0392055661	-0.116105456	0.0322450033	0.0810136957	0.0648143915	-0.0745091236	-0.0430942802	0.1242524367	0.0158190458063245	-0.0193386664933541	0.0003739840217411	0.0002502422102225	0.0428553350593858	0.0772155683309846	0.0018365797430522	0.0059622439926769	-0.2187196065018213	0.0088846437911627	7.89368952958462e-05	0.0478382662683115	-0.0009339229712794	-0.0006218702618545	3.8672262257898434e-07	8.72212116283343e-07	-0.0012790553776231	-0.0003420732139185	1.6359826590265708e-06	1.170140836805319e-07	0.0001224024001146	0.00023554862823	5.5483156261034754e-08	1.498234755381463e-08	0.0	0.0	0.0	0.0	0.0	0.0	0.0	0.0	0.0	0.0	0.0
864.7735445806784	-0.897079966555566	0.8047524663953354	747833.2834066305	929.676742088504	-2.536284818881768	6.432740682490122	864298.8447802949	805.6241100844859	1.8851760513847464	3.553888744714585	649030.2067494198	898.119704790893	616.5456485714533	1.195848	20.102755	0.0884412925585314	0.0607408146107595	0.0136118768	-0.0621986095	0.0419082204	-0.0658178664	0.0752198182	0.0031991765	0.0163418035	-0.022542626	0.0158141285	0.1236166779	0.0975585067	-0.0624704697	0.0592796962	-0.0554147494	0.2649265407	0.0446243898	0.111133884	0.062756813	-0.0339976599	0.0053875671	0.1017863416	0.0130507002	-0.0244802148	0.066755882	-0.157388361	-0.0367494949	-0.0175822644	0.0032466372	0.0475748759	0.0482042396	-0.0217944101	0.0261036987	0.0295094428	0.0127880621	0.0289016239	0.0319842683	-0.0786063184	0.0019748006	0.089702358	0.0343568761	-0.002570706	-0.0861896111	-0.0469891855	-0.1741498458	0.1785855914	0.1949478028	0.1041585867	0.004731777	-0.1474911612	0.0216858277	0.0193381182	-0.0021536301	0.0461752372	0.0348697681	-0.0508089903	0.0270953402	0.0603021774	-0.1111691007	-0.1067273726	0.0184157833	0.1318623976	0.0909416191	0.0996625049	-0.0469873524	-0.0319735182	-0.0583173539	0.1312172766	0.0316711304	-0.0245946112	0.0347020606	0.0484917294	-0.0429555978	-0.0025197666	0.0702348621	-0.0772433738	-0.0366662233	0.1211199807	0.0159118593508793	9.281354455480118e-05	8.614354052826062e-09	0.0002531872680021	-0.0144523106874032	-0.057307645746789	0.0002088692842052	0.0032841662610394	-0.2163564223255036	0.0023631841763177	5.58463945119837e-06	0.0468101014814916	-0.0011654406696134	-0.0002315176983339	5.360044464187298e-08	1.35825195438893e-06	-0.0009375717930983	0.0003414835845247	8.790408672135616e-07	1.166110384999062e-07	0.0001229540990732	5.516989585999848e-07	3.043717409203077e-13	1.5117710478902278e-08	0.0	0.0	0.0	0.0	0.0	0.0	0.0	0.0	0.0	0.0	0.0
864.2556858525185	-0.5178587281599221	0.268177662331412	746937.8905284071	929.9026545431556	0.2259124546515067	0.0510364371666691	864718.9469264073	803.4320813141188	-2.1920287703670738	4.804990130116986	645503.1092847368	897.2884938344423	620.9383372416538	1.345498	22.618444	0.0838355312426716	0.0446502403806168	-0.0067094942	-0.0944710682	0.0145426531	-0.0069405648	-0.0082547656	0.0848824777	0.1756433251	0.1268152963	0.1011553214	0.1240812417	-0.0544708366	-0.1526380476	0.1923018116	-0.0041382595	-0.154386646	0.1144621326	-0.1647643727	-0.1668993837	0.0938150762	-0.0232268714	-0.043539582	-0.0066982464	-0.0406529613	-0.1081620592	0.0696337357	-0.0019514131	-0.0487606263	0.0824377793	-0.0242893455	0.0495054548	0.0224979393	-0.1089347446	0.0587453763	-0.0021545846	-0.0675344087	0.0677007693	-0.0912816683	0.1827142734	0.1304623588	0.0187895092	0.1102330035	0.0011782031	0.0593916614	0.1382247488	-0.0074428371	-0.0041212895	-0.0059413398	0.1442409916	0.1818224037	-0.1690681788	-0.0132491132	0.0727713294	0.0759394583	0.0425015209	-0.0073846834	0.0919896988	-0.1291576924	0.1025986053	-0.0901514452	0.0115908544	-0.0611822641	-0.1271066382	-0.0133733603	0.1985491395	0.0829424975	0.0311278002	-0.1584172892	-0.1066608955	-0.0781086465	0.0779567926	-0.0414529966	0.160906006	0.0460549574	0.1309488238	-0.0799246852	-0.0301376669	0.1172407796	0.0156923513958844	-0.0002195079549949	4.8183742306044505e-08	0.0002462498923319	-0.0144766050268003	-2.429433939710006e-05	0.0002095720931019	5.90214926741488e-10	-0.2532763732402117	-0.036919950914708	0.0013630827755444	0.064148921241715	-0.0014520669857632	-0.0002866263161498	8.215464510960513e-08	2.108498531143425e-06	-0.0013674341824816	-0.0004298623893832	1.8698762434191216e-06	1.8478167380631978e-07	-9.399275606513116e-05	-0.0002169468551383	4.706593795441205e-08	8.83463819271925e-09	0.0	0.0	0.0	0.0	0.0	0.0	0.0	0.0	0.0	0.0	0.0
862.2955446040866	-1.9601412484319096	3.842153713804206	743553.6062440582	929.0132038302538	-0.8894507129017484	0.7911225706814284	863065.5328909528	802.4932763850265	-0.9388049290922708	0.8813546948879437	643995.4586431746	895.7478062779095	608.2918767135756	1.351638	22.721655	0.2076932011265142	0.1517107862405634	0.0247081877	0.0003409344	0.0182408459	-0.0274149155	-0.017183532	0.0297161511	0.0759078665	0.1454086014	0.0626327213	-0.0362452909	0.0014181355	0.1329923509	-0.0256377397	0.0477460075	-0.0328400451	0.0900405583	0.0725036436	0.0866610135	0.185822398	0.1366315747	0.0283829501	-0.0620569301	-0.2555421554	-0.064295255	0.0715378024	0.2040372701	-0.0384805257	0.1761628777	-0.0593690931	0.046656555	0.0222855552	-0.0616207523	-0.0090147568	0.0592330207	0.0139448158	-0.0400763399	-0.1872144563	0.0511521631	0.0222934948	0.3276353992	0.0358067217	-0.0897542604	-0.0626914427	0.1210784102	-0.1817501237	-0.2046766057	-0.170028136	0.014581402	0.2328669066	0.0891454815	0.0340374905	-0.035889975	0.1562716078	0.2769929823	0.1126520813	0.0544822455	-0.1931161626	-0.2453019415	0.0228755143	0.0576461516	-0.1041339474	-0.0995160956	-0.1633713166	0.2725130077	0.3815093143	0.2347826046	-0.1469135877	0.1273802959	-0.0352746389	0.0379943145	-0.1113442236	0.1443684077	-0.1852910674	-0.0133624285	-0.0825512202	-0.0235265052	0.1126387502	0.0374594113347797	0.0217670599388953	0.0004738048983834	0.0014032074975482	-0.0033671213591759	0.0111094836676244	1.133750624741856e-05	0.0001234206273612	-0.2534365626190578	-0.000160189378846	2.566063709509884e-08	0.0642300912721636	-0.0011407161700024	0.0003113508157608	9.693933047491565e-08	1.3012333805049442e-06	0.001540214682141	0.0029076488646225	2.3722612670827017e-06	8.454421919941094e-06	-0.0003681224385047	-0.0002741296824395	7.514708279441887e-08	1.3551412973064665e-07	0.0	0.0	0.0	0.0	0.0	0.0	0.0	0.0	0.0	0.0	0.0
866.6935121912455	4.397967587158973	19.34211889770092	751157.6440743967	936.3743759480918	7.361172117838009	54.18685494843572	876796.9719321784	804.6801778837137	2.1869014986871207	4.782538164959974	647510.1886789651	898.4657483039496	611.1603950230422	1.557956	26.189962	0.2476879815653914	0.1266077765579167	0.0460099858	0.0661425367	-0.0321498792	-0.1213079591	0.0604987082	0.1702606365	-0.2113836875	0.1473787166	-0.0209529988	-0.0553657003	0.125662528	-0.1081748709	-0.0660802202	-0.089270417	-0.0377129101	0.0253471431	0.1267250901	0.0572912896	0.1298972109	0.01226191	-0.1975402563	-0.0958140945	-0.0166109688	0.2309453809	0.133042119	-0.1560073173	-0.1629262911	0.1903300218	-0.0859415815	0.1474112952	-0.0252058027	-0.0119685837	-0.0568316019	0.0278542184	0.2459690607	0.1546955084	-0.0479531924	-0.0427624798	0.1532648534	0.0582031635	0.0097579983	0.087663244	0.0729594724	0.0734131695	0.0434907079	-0.1541264338	0.094245855	-0.0602299594	-0.1566945173	0.0751072223	0.1269433627	-0.1017583114	0.1928294156	0.168547658	0.060132659	0.0153325176	0.1423434463	0.1147741989	0.0226795936	0.0394921073	0.0671170494	-0.1279255957	0.0352324991	-0.1241981873	-0.0284673747	-0.091648812	0.0433607839	0.0024811346	0.1321756607	-0.0439595485	-0.0356187415	0.0040584599	0.0868975565	-0.0706845725	-0.0851211787	-0.016850859	0.1073422654	0.0526498725699156	0.0151904612351359	0.0002307501125361	0.0027720090816283	0.0426938141499562	0.046060935509132	0.001822761766671	0.0021216097799764	-0.1380151623087044	0.1154214003103533	0.0133220996496028	0.019048185027098	-0.0004948670179022	0.0006458491521001	4.171211272685472e-07	2.448933654074164e-07	0.0008040817251955	-0.0007361329569455	6.465474207933715e-07	5.418917303013253e-07	-0.000329800857335	3.83215811697e-05	1.4685435833459055e-09	1.0876860549890105e-07	0.0	0.0	0.0	0.0	0.0	0.0	0.0	0.0	0.0	0.0	1.0
863.1503605449509	-3.543151646294632	12.55392358864036	745028.5449088787	928.6839207672492	-7.690455180842605	59.14310088854887	862453.8246916304	803.4462493705352	-1.2339285131785118	1.5225795756349327	645525.8756275802	896.029310136394	607.8466018339174	1.304026	21.921289	0.0947526894520467	0.0456216917762447	0.0393595877	-0.0425141884	0.0539872244	-0.1553906552	-0.1282309552	0.0027502512	0.0601358688	0.1165083511	0.0209949229	-0.0748863874	0.0586401289	0.0332198021	0.10794685	-0.0616275881	0.1205451372	0.1265426627	-0.0177676771	0.10603573	0.0856876575	-0.0252922063	-0.0789657657	-0.0244995198	0.0780531463	0.0919032368	0.1394022075	0.1631206345	-0.0142014336	0.0207361637	0.0637386255	-0.1214442439	-0.0382581604	-0.0670814802	-0.0781866662	0.0634163312	0.1157035487	-0.1258972904	-0.1689533885	0.0820332354	0.0361498231	0.156518497	0.0461059283	-0.0092645175	0.0915146732	-0.0194625577	0.0317607361	0.0037657933	-0.041401537	-0.0426089484	-0.0849107897	0.0656750569	0.0909671302	0.0189026953	0.0397169854	0.3169648992	-0.0289086723	0.025314798	-0.0137093433	-0.0455395565	0.0122587701	0.0661090946	0.0399784055	0.0515522468	0.0331158433	-0.0747454049	-0.013058753	-0.0283979691	0.0609860302	0.0570339397	0.0012969592	-0.0405655385	-0.1129866943	0.0290185682	0.0308858106	0.0050190452	-0.0876327994	-0.0101290257	0.1013839798	0.0460148333937837	-0.0066350391761319	4.402374486880512e-05	0.0021173648922576	0.0048434348850463	-0.0378503792649098	2.3458861485683464e-05	0.0014326512104975	-0.1521263036685809	-0.0141111413598765	0.0001991243104784	0.0231424122678652	-0.0006639769561274	-0.0001691099382251	2.8598171206530952e-08	4.408653982682072e-07	0.0004860312585615	-0.000318050466634	2.362263842988757e-07	1.0115609932610515e-07	-9.383866917163174e-05	0.0002359621881633	5.567815424284482e-08	8.805695831902949e-09	0.0	0.0	0.0	0.0	0.0	0.0	0.0	0.0	0.0	0.0	0.0
864.8719696309024	1.7216090859515134	2.9639378448308054	748003.5238532366	930.1918477081672	1.5079269409179688	2.273843659146223	865256.8735427341	803.7266625263	0.2804131557647906	0.0786315379259687	645976.5480556649	897.4089761275591	606.6693627349043	1.198365	20.145065	0.0575807364151875	0.0353566526043295	0.0392713749	0.1391936845	0.0443480959	-0.1005388756	0.092466442	0.2136575256	-0.0536100471	0.0279445856	-0.0158325584	-0.1056181877	0.0926484534	-0.1494939356	-0.0003809708	0.0322791127	0.0255923046	0.1065236185	-0.035842663	0.1529912016	0.1405694987	-0.0503483679	-0.1731548049	-0.0043377845	-0.0291558303	0.1818004858	0.0489928652	-0.0080145944	-0.0412058822	-0.0314634231	0.0944441262	-0.0977971222	0.0146181772	-0.023314212	-0.0521281009	0.0217792346	0.2090837554	0.1117101121	0.02499401	0.0657319638	0.0377969948	0.1174286625	0.0005837591	-0.0034000685	0.133776374	0.0298985176	0.0555950856	-0.0815525069	0.0036706449	-0.0380753626	-0.0449878348	0.0956136608	0.0806601379	-0.0293763961	0.2233545172	0.108978574	0.0378185665	-0.0773206023	0.0704408548	0.0516703076	0.0831705596	0.067745826	0.0878791948	-0.0648952982	0.0349396502	-0.0805816514	-0.0314502365	-0.0142171613	0.0490549526	-0.0561025377	0.0830926382	-0.0950045372	0.0294421918	0.0319280798	-0.0414208313	-0.0709631941	-0.090084361	-0.0033794295	0.0948006283	0.0460231743899726	8.340996188904715e-06	6.957221742332297e-11	0.0021181325809298	-0.0227067013447594	-0.0275501362298057	0.00051559428596	0.0007590100062808	-0.1659444068403104	-0.0138181031717294	0.0001909399752645	0.0275375461615824	-0.0004199573773333	0.000244019578794	5.9545554834849946e-08	1.7636419877666373e-07	0.0004860360214635	4.7629019999913605e-09	2.3623101416006786e-07	2.26852354615217e-17	-0.0001738974478248	-8.005877865316827e-05	6.409408039436991e-09	3.0240322359979045e-08	0.0	0.0	0.0	0.0	0.0	0.0	0.0	0.0	0.0	0.0	0.0
868.6698332616259	3.797863630723441	14.423768157571836	754587.2792187808	935.0674644098048	4.875616701637568	23.7716382212872	874351.1629977815	805.2408018490466	1.5141393227467006	2.292617888687837	648412.7489624956	899.7064829308588	632.1650881471887	1.085208	18.242844	0.1743211243263082	0.1004787684321737	-0.0414972303	0.0714848442	-0.0476290213	-0.1335678293	-0.0034043183	0.1303282405	0.0048946452	0.0715633711	-0.064678591	0.0064455306	0.0718927279	-0.0523046567	-0.0228419441	-0.1144096081	0.0433789208	0.0328815392	-0.0784601558	0.0390372102	-0.0066641449	-0.0270269406	-0.0308561078	0.0288564869	-0.0726453053	0.0900749043	0.2211301544	0.1680496921	-0.010859751	-0.1929610065	0.1015726933	-0.1080458942	0.1605933464	0.009090145	-0.0053345443	-0.0514686709	0.138477429	0.0546015126	-0.0802003642	0.0566935493	0.0698288953	0.0838269259	0.0452760254	0.1226611812	0.1220072976	-0.0260382552	-0.005759748	-0.1135045729	-0.1042940293	0.0530136064	-0.0080351311	0.0372309765	0.0164024769	-0.051873716	0.1016982995	0.1934316509	0.0757623314	-0.027627287	-0.0151789951	0.1769699938	0.0252178421	0.0664802131	-0.059254159	0.01080522	-0.0148763359	-0.0680813516	0.0341254748	-0.0396755828	0.0982305622	0.0272009207	0.1366809143	-0.1191129531	-0.0780088248	0.0933678765	0.0364449346	0.0371171762	-0.0924741833	0.0033794295	0.0876327994	0.0459221478402298	-0.0001010265497428	1.020636375293524e-08	0.0021088436622599	0.0597557734218128	0.0824624747665722	0.003570752457239	0.0068000597446275	-0.2172975583624747	-0.0513531515221643	0.0026371461712583	0.047218228870293	-0.0010129829944526	-0.0005930256171193	3.516793825597267e-07	1.0261345470501565e-06	0.0003510474633965	-0.000134988558067	1.23234321557117e-07	1.8221910809007832e-08	-9.382219325452096e-05	8.007525457027905e-05	6.412046394494996e-09	8.802603947088678e-09	0.0	0.0	0.0	0.0	0.0	0.0	0.0	0.0	0.0	0.0	0.0
867.0587048876321	-1.611128373993779	2.595734637487838	751790.7977214179	932.568330462386	-2.499133947418727	6.245670487140709	869683.6909814021	804.6198792905549	-0.6209225584917704	0.385544823643966	647413.1501495471	898.9103425819986	632.8627573604077	0.975622	16.400652	0.117103447095753	0.062032836579258	-0.0437488188	0.0492723418	-0.0181404323	-0.1648742462	-0.1360751436	0.0645968484	0.0248385864	0.0088123513	-0.0170714024	0.00968807	0.0356791792	0.1025756637	0.0679260825	-0.0845098889	0.0364925811	-0.1241989017	0.1058072065	0.0231529548	0.0707968429	0.2522276132	0.0511659715	-0.0132413403	0.0310108825	0.108590391	0.033710558	0.0446749436	-0.0693991899	-0.1190271945	0.0647541616	0.1053972626	0.0285589487	0.0699825599	0.0459166245	-0.0294881976	0.0946865747	-0.0783947398	-0.144402844	0.0289489686	0.0476982404	-0.0052050111	0.0819751515	0.0507011045	0.0109523428	-0.0963873102	-0.0121126133	-0.1527183604	-0.0548785913	-0.1710745808	0.0076055028	-0.0094050284	0.0054881333	0.0033653587	0.0201831702	0.2206070732	-0.0106057113	-0.0660304346	0.0016551325	0.0047022931	-0.008247748	-0.0446410803	-0.0217666808	0.0084934372	0.0471922755	-0.1020180808	-0.0040158127	0.0031297234	0.0091082069	0.0398004639	0.0349065224	-0.0898225502	0.1631381451	-0.0735348308	-0.1110487277	0.0007075793	-0.0948006283	0.0101290257	0.0799246852	0.0418428666553438	-0.0040792811848859	1.6640534985364924e-05	0.0017508254899368	0.0053052268829816	-0.0544505465388312	2.814543227991066e-05	0.0029648620183774	-0.239213073864235	-0.0219155155017602	0.0004802898197078	0.0572228947075759	-0.00141299851592	-0.0004000155214673	1.6001241741483594e-07	1.9965648059921227e-06	1.8066339994904368e-05	-0.0003329811234015	3.2639264081148116e-10	1.1087642854178867e-07	-9.39876257910362e-05	-1.654325365152404e-07	2.736792413786635e-14	8.833673801835853e-09	0.0	0.0	0.0	0.0	0.0	0.0	0.0	0.0	0.0	0.0	0.0
866.5255162268011	-0.5331886608310015	0.2842901480387567	750866.470272124	932.3957006175344	-0.172629844851599	0.0298010633334871	869361.7425300629	804.7430146601604	0.1231353696055066	0.0151623192478847	647611.3196443231	898.7078316533002	628.078414066281	0.961216	16.158489	0.0347230821316706	0.0192979895329241	-0.0490970502	0.0375520333	-0.021665132	-0.1016189001	0.0625542809	0.0434920093	0.0897228223	0.0486605125	0.0126253519	0.0560063095	0.0557352961	0.0118816726	-0.0353608682	-0.0496623461	0.1185345604	0.0345709783	-0.0236451611	-0.0058780961	0.0936593591	0.0824162125	0.0059419349	-0.1355950233	-0.0526345831	0.0777416744	-0.0227750668	0.0577715615	-0.0022397165	-0.2826370347	0.0730077425	0.0095758872	-0.0555056321	0.1008004635	0.0297120586	-0.0356224442	0.0412979479	-0.0016300033	-0.1070435302	0.096373594	0.0194388827	0.0598012844	0.0552697739	-0.0056587641	-0.0428860946	-0.0962605491	-0.0258837092	-0.0346899678	-0.1528408575	-0.047607696	-0.0022420229	0.0827694134	-0.024007006	0.0063629535	0.0836133082	0.1276406085	0.0210856386	-0.059470784	-0.0588988963	-0.0128462298	0.0113362315	-0.0007630642	-0.0717718317	0.0980411306	-0.0189072853	-0.068682318	-0.030908911	-0.0077328384	0.1183609052	0.0229071558	-0.0141678971	-0.1484544213	0.0336279919	0.0632403776	0.0726139496	-0.0352849049	-0.0970621018	0.016850859	0.0717238087	0.0457595429452055	0.0039166762898616	1.5340353159564796e-05	0.0020939357705541	-0.0050175787710031	-0.0103228056539847	2.517609672322098e-05	0.0001065603165699	-0.243034993375403	-0.003821919511168	1.4607068749846672e-05	0.0590660080049821	-0.0014390134517819	-2.6014935861899896e-05	6.767768878987652e-10	2.0707597144092583e-06	-0.0002889319184316	-0.0003069982584265	8.348165348856477e-08	9.424793067690677e-08	-9.420804503575706e-05	-2.2041924472085682e-07	4.8584643443312954e-14	8.87515574945923e-09	0.0	0.0	0.0	0.0	0.0	0.0	0.0	0.0	0.0	0.0	0.0
867.2789272926975	0.7534110658964437	0.5676282342152155	752172.7377259721	933.7644250567366	1.3687244392021969	1.873406590469368	871916.0015015379	805.0981161798466	0.3551015196861726	0.1260970892834292	648182.9766763377	899.1918035732318	631.3908454759986	1.108317	18.631323	0.0663786708171572	0.0417693589022403	-0.033146915	0.0650362869	-0.0430867004	-0.1148451667	0.0741941314	0.1081211245	-0.0072734603	0.0700790177	-0.0003425358	0.02787227	0.113171384	-0.1854949904	0.0356953632	0.0652917218	-0.0459713328	0.0126529479	0.0627402165	-0.0632544964	0.0114512119	0.1177194047	-0.0599833328	0.111120046	-0.0269178019	-0.0560291856	0.0566501006	-0.1104891119	-0.0410794673	-0.0942004214	-0.0106632739	-0.0311028269	0.0499183801	-0.031915274	0.0054262046	-0.0351604344	0.1108726811	0.1522593492	-0.0447391797	0.0480127695	0.0399650542	0.0134613419	0.0568252423	-0.0723272469	-0.0357833517	0.0009939471	0.1089341527	-0.0373192477	0.0548209422	-0.0635641002	0.0327032752	-0.0233330372	7.85492e-05	-0.0852250526	0.1790606362	0.0326854196	-0.0126479896	-0.0780399849	0.024793965	-0.0224784052	-0.0195412368	-0.0028863512	0.0690991128	-0.0543085824	0.0211131764	0.0304499384	0.023726174	-0.17535922	-0.0033605207	-0.1342146604	-0.0447973189	-0.0377585376	0.093475694	-0.0567545566	0.003132282	0.0188532416	-0.0992570537	0.0235265052	0.063080731	0.0456978810525185	-6.166189268699829e-05	3.802189009742893e-09	0.0020882963326901	0.0141992832226947	0.0192168619936978	0.0002016196440382	0.0003692877848848	-0.2429653303645977	6.966301080529869e-05	4.852935074459161e-09	0.0590321517591781	-0.0020990472104267	-0.0006600337586448	4.356445625507823e-07	4.405999191600111e-06	-0.0004347596946212	-0.0001458277761896	1.890159920671191e-07	2.1265740308404077e-08	-0.0002289561886007	-0.0001347481435649	1.8157062194198478e-08	5.24209362985593e-08	0.0	0.0	0.0	0.0	0.0	0.0	0.0	0.0	0.0	0.0	0.0
867.0621525420904	-0.2167747506071009	0.0469912925007708	751796.7763709233	935.1830199055556	1.418594848818998	2.012411345095796	874567.2807196749	803.9650438025998	-1.1330723772467763	1.283853012079661	646359.7916565161	898.662847592186	636.5041051172577	1.137549	19.122723	0.0991822178013962	0.0467811134814808	-0.0663726553	-0.0140257126	-0.0529953822	-0.0613951839	0.0421375356	0.0359952576	-0.0198406556	0.0712085438	-0.0231291084	-0.0079798324	-0.0636169172	-0.005438679	-0.076323008	-0.149430459	-0.1687697726	0.0673912621	0.0369890381	-0.1058878226	0.0079445632	-0.0651826758	0.0261442116	-0.0635083497	-0.0481120488	-0.0087588801	-0.0871517561	-0.0296583085	-0.0207786583	-0.0390967019	0.035422751	-0.0794730631	-0.0289027536	-0.099394104	-0.0846622194	-0.0408492701	0.0074705335	0.0886634497	-0.0393941344	0.026967569	-0.0131404968	-0.0396566118	0.0933170853	0.0925505709	-0.0332559142	0.1521033965	-0.0928836309	-0.0165164744	0.0605310047	0.0335505867	-0.0058228477	0.0334858278	-0.0322706066	-0.0438948376	0.0279648608	0.002019612	0.0130604023	-0.0048576958	-0.0496145568	0.0804688753	-0.018747765	-0.0859170834	-0.1607310386	-0.0849101761	-0.1435207115	-0.046730675	-0.0526399112	-0.0827401321	0.0098146051	-0.0197618542	0.0566776211	-0.0685761539	0.0429983854	-0.0403550105	0.0347133065	-0.0384650321	-0.1013839798	0.0301376669	0.0540487397	0.0252563936579832	-0.0204414873945352	0.0004178544069009	0.000637885420607	0.0315229802922374	0.0173236970695427	0.0009936982865047	0.0003001104801572	-0.2539779328023428	-0.0110126024377451	0.0001212774124518	0.0645047903505513	-0.0018650585060103	0.0002339887044164	5.4750713794465444e-08	3.478443230841372e-06	-0.00107590764932	-0.0006411479546988	1.157577269865288e-06	4.110706998144545e-07	-9.600422972443828e-05	0.0001329519588762	1.7676223369035193e-08	9.216812124982721e-09	0.0	0.0	0.0	0.0	0.0	0.0	0.0	0.0	0.0	0.0	0.0
864.0501163169367	-3.012036225153679	9.072362221638024	746582.6035073119	931.3512326449884	-3.831787260567239	14.682593610245387	867415.1185493392	804.4240002084624	0.4589564058626365	0.2106409824823491	647097.9721113844	897.3203727775377	621.5030904044092	1.175281	19.757027	0.0641905627740318	0.0399185277377311	-0.0123817404	-0.1146208357	-0.0066181646	-0.0653904564	0.0051345507	-0.0423547886	0.0894723731	0.0708127381	0.038838057	0.0457464673	0.0097716033	-0.0454945948	0.0658337517	-0.0679705905	0.0592830541	0.1282775961	0.025820897	0.0529183296	-0.1524599564	0.0091787569	0.144840104	0.0069217026	-0.0104607403	0.0639820069	0.0884341354	-0.0461156853	-0.0428451327	0.163790999	-0.0599607298	-0.0400166615	0.1282916776	0.0227202416	0.1328866955	0.0145525314	-0.0156277503	0.0318629321	-0.091706163	0.0645787778	0.0600496809	-0.0215483816	0.0699485027	-0.0517203772	-0.0118862222	-0.0171403632	0.0703001936	0.2146079655	0.0335808523	0.0893501676	-0.150708365	-0.0722814806	0.0147985928	-0.0041951036	0.0161455552	0.0322129784	-0.0890197381	0.049649286	-0.0257748299	0.0410180535	-0.0998808754	-0.0009597338	-0.0028160125	0.0436193107	0.0813947001	0.0673435931	-0.006469636	-0.0240592343	0.0358926132	-0.0010014446	-0.1372228835	0.0674925727	0.0186511898	-0.0382767307	-0.0515681861	0.0700665716	-0.1034414224	0.0366662233	0.0446835199	0.0180538424753677	-0.0072025511826155	5.187674353819595e-05	0.0003259412281253	0.00289514178138	-0.0286278385108574	8.38184593429216e-06	0.0008195531378037	-0.2274437005139589	0.0265342322883839	0.0007040654831339	0.0517306369034834	-0.001901556124554	-3.64976185436999e-05	1.332076159361427e-09	3.615915694828827e-06	-0.0010759099066157	-2.257295699968284e-09	1.1575821271538042e-06	5.095383877095306e-18	-9.602316972853796e-05	-1.8940004099676932e-08	3.5872375529577886e-16	9.220449124715611e-09	0.0	0.0	0.0	0.0	0.0	0.0	0.0	0.0	0.0	0.0	0.0
861.8359074010957	-2.214208915841027	4.902721122989897	742761.13128587	928.0334169341296	-3.317815710858781	11.00790109122136	861246.0229464361	802.0476293384655	-2.37637086999689	5.647138511769777	643280.3997274525	896.0688490912638	605.8604382810339	1.026664	17.258696	0.0571503655068814	0.0324208719125524	0.0307246436	-0.0244626367	0.0342099196	-0.0160028146	0.0131751004	0.0279502157	0.0491331364	0.0558214854	0.1100675647	-0.0453209894	-0.1668632547	-0.1892922814	0.0723535203	0.0017232677	-0.1004886905	0.004222977	0.2506274522	-0.1767050556	0.1079874899	-0.0142650885	-0.0296954028	-0.0317018449	0.040419647	0.0152508218	-0.0296003046	0.0457559754	-0.0358095973	0.1735957103	0.038659209	0.1204648472	0.0464311238	0.0093924824	0.0170489637	0.0460730545	-0.0110468426	0.0581239474	-0.0340536019	0.0868346517	0.0444435029	-0.0856951782	0.1433776428	-0.132131758	-0.0163831927	0.2788085003	0.1019418338	0.0937107115	0.0601261265	-0.0894813336	-0.144953921	-0.1399012323	0.0344981999	0.0101910452	0.013879416	-0.0177960392	-0.0554589948	0.0254998095	-0.0411163039	-0.0132888612	-0.0378839109	0.0335646521	0.0188824862	-0.1752332205	-0.0128086626	-0.0810997421	0.0864583421	-0.0964590653	-0.0778003416	-0.1642422201	-0.0304146807	0.068131168	0.0729284076	-0.0813503132	-0.0085609484	0.1338553152	-0.1054279714	0.0430942802	0.0350428114	0.0179294522046973	-0.0001243902706704	1.5472939437455694e-08	0.0003214652563605	0.0027714663960836	-0.0001236753852964	7.681025984620619e-06	1.529560092821299e-08	-0.209613637006143	0.0178300635078159	0.0003179111646927	0.043937876818943	-0.0013600390169161	0.0005415171076378	2.932407778645169e-07	1.849706127534112e-06	-0.000836936131787	0.0002389737748286	7.004620886905866e-07	5.71084650558782e-08	-9.506932533316235e-05	9.538443953756044e-07	9.098191305894522e-13	9.038176619302665e-09	0.0	0.0	0.0	0.0	0.0	0.0	0.0	0.0	0.0	0.0	0.0
862.6987023231087	0.8627949220129949	0.74441507745141	744249.0509899757	930.3423145573314	2.3088976232018013	5.331008234426927	865536.8222558926	803.134257274779	1.086627936313448	1.180760271976823	645024.6352083109	896.5812520178603	604.7957658683305	0.899808	15.126184	0.1411579100805506	0.0766583191969704	0.0163922973	-0.0328689435	0.0084488788	-0.0876393343	-0.0870509853	-0.0400569236	-0.0408668893	-0.0267327346	0.0457143376	-0.0481824095	-0.0328957544	0.0532441614	0.0054575679	-0.0570707777	-0.0813787975	0.0744270564	0.1663875261	-0.0044330995	0.143552951	-0.0945452222	0.1082770319	0.0286928719	-0.1064317119	-0.1294122058	-0.0690043843	0.0826571793	0.0384696479	-0.0067158518	-0.0957080521	0.2923459209	0.0298682996	0.0768715075	-0.1734338701	0.0250744593	-0.0054681509	-0.044849718	-0.0948449828	-0.0055951862	-0.0639044012	0.0332177513	0.1278579555	-0.044313529	-0.0296267223	0.1899702721	-0.0435185354	0.1481455322	0.0343018837	-0.04242192	-0.0284077676	-0.1115900677	0.0146538978	-0.0524909809	-0.0864770532	0.0739483585	-0.0019980726	-0.0011102677	-0.0758687497	-0.0353290933	0.0232109645	-0.0334578899	-0.0283730813	-0.1008479009	-0.0853980091	-0.0284043979	-0.0559178977	0.0143128652	-0.0491377428	-0.143277281	-0.1426678174	0.1258143298	0.0354363873	-0.1075752775	0.014477595	0.0468099416	-0.1073422654	0.0494042187	0.0251860523	0.0329347066561496	0.0150052544514523	0.0002251576611528	0.0010846949025266	0.0708781541454186	0.068106687749335	0.0050237127350617	0.0046385209161854	-0.233148170953001	-0.023534533946858	0.0005538742880958	0.0543580696187297	-0.0016479619730273	-0.0002879229561112	8.289962865581206e-08	2.715778664544032e-06	-0.0010760589556877	-0.0002391228239006	1.1579028761157034e-06	5.717972491024517e-08	6.811357331304479e-05	0.0001631828986462	2.6628658410578317e-08	4.639458869471527e-09	0.0	0.0	0.0	0.0	0.0	0.0	0.0	0.0	0.0	0.0	0.0
863.1476203055051	0.4489179823964377	0.2015273549188884	745023.8144390564	930.1251335958156	-0.2171809615158508	0.0471675700449494	865132.7641466337	803.9244889356896	0.7902316609106492	0.6244660779056033	646294.5839105097	896.7065596015668	603.9686082823087	0.851963	14.321899	0.1023239112962847	0.0698242451881125	0.0180825261	-0.0387850811	0.0072267207	-0.0719868611	0.0392676945	-0.0185590771	-0.0050544922	-0.0096358532	-0.0084188482	-0.0274647943	-0.0045870582	0.0839467593	-0.017162432	-0.0654371593	-0.0992312279	0.0418311979	0.0893624562	0.0009591189	-0.03163379	0.1609926941	0.0180279712	-0.0108042932	0.001148392	0.0076355747	-0.0683107302	-0.0601443172	-0.0293982655	0.0020951261	-0.0318201062	0.0224224581	-0.0840865693	0.0908699261	-0.1306991464	0.028910513	0.029452396	0.0141695727	-0.0566755124	0.0148376305	-0.0932273747	0.0365514484	-0.0184653663	-0.013108044	-0.0979022408	0.0903164055	-0.0881088598	0.0807750211	0.1669653191	-0.0835699697	0.0161851366	0.0048585223	0.0094739121	-0.0307090874	0.0155668679	0.0006651135	-0.0056901244	0.0212789562	-0.0203530622	-0.0899218892	0.0188243543	-0.0565341959	-0.0716262416	-0.0331830825	-0.1773899002	0.0285009098	-0.0598176079	-0.0444459595	0.0313459656	0.052220933	-0.0185302404	0.0357157658	0.0709992108	-0.1070449797	-0.0538873383	-0.0505070653	-0.1091829923	0.0555787436	0.0151740128	0.0418070553439235	0.0088723486877738	7.871857123744317e-05	0.0017478298765298	0.0027832797633067	-0.0680948743821119	7.746646240832601e-06	0.0046369119171156	-0.2409090341522528	-0.0077608631992517	6.023099759750071e-05	0.0580371627361713	-0.0015720498848531	7.591208817420017e-05	5.762645130967542e-09	2.4713408404666447e-06	-0.0009639257646836	0.000112133191004	9.29152879820863e-07	1.2573852524761964e-08	-9.57576480515984e-05	-0.0001638712213646	2.6853777191539893e-08	9.169527160373789e-09	0.0	0.0	0.0	0.0	0.0	0.0	0.0	0.0	0.0	0.0	0.0
862.7818870895776	-0.3657332159275483	0.1337607852327067	744392.5846898527	929.2547738145038	-0.8703597813117767	0.7575261489250837	863514.4346570446	804.3882816450083	0.4637927093186818	0.2151036772171632	647040.5076478092	896.6342500250738	604.2343234779561	0.937972	15.76774	0.1375022006873459	0.0910763097472494	0.0154279847	-0.0367090259	0.024038155	-0.0633073012	0.1543277278	-0.0670335617	0.0282707965	-0.0122994469	-0.0102088151	0.0234205992	-1.6889e-05	-0.051332967	-0.1963797849	-0.1170904285	-0.0208479193	0.1124875054	-0.0320936869	-0.0352590606	-0.0383775181	0.0206103732	0.0525148172	-0.0360213204	-0.0943442071	-0.100075961	0.0678595295	-0.0490127457	-0.0306444098	-0.126317247	-0.0323541649	0.0522412385	-0.0045663089	0.066146436	-0.0983737222	0.0265736627	-0.0057684648	0.1661386859	-0.004060169	0.0501852872	-0.1013651846	0.0067050918	-0.0042532001	0.0991141162	-0.0613829031	0.0911151239	-0.0761812693	0.1779145643	-0.0534624793	0.0458700858	-0.0460327061	-0.0375499252	-0.004225496	-0.116235383	0.062295547	-0.0748587034	0.0354349417	0.0790579354	-0.062628834	0.090924258	-0.0788447654	-0.0167549376	-0.0549614303	0.0620475479	-0.1452914804	-0.0629461961	-0.0571212378	0.0591815078	0.1134574351	-0.0373483875	-0.0456241965	-0.014391416	0.0259681499	0.0155296393	-0.0987870236	-0.0723947915	-0.1109488906	0.0616009311	0.0050684204	0.0386531440583297	-0.0031539112855937	9.947156397395898e-06	0.0014940655455939	0.0885831208032073	0.0857998410399006	0.0078469692912356	0.0073616127224722	-0.2439655064409294	-0.0030564722886766	9.342022851448064e-06	0.0595191683329791	-0.0019738696065482	-0.0004018197216951	1.6145908874312786e-07	3.896161223654747e-06	-0.0008653096942412	9.86160704424e-05	7.48760866947799e-07	9.7251293495004e-09	0.0003136460812744	0.0004094037293259	1.6761141358603538e-07	9.837386429878756e-08	0.0	0.0	0.0	0.0	0.0	0.0	0.0	0.0	0.0	0.0	0.0
865.5704989518869	2.788611862309267	7.776356118611958	749212.2886558183	932.52464254891	3.269868734406259	10.69204154024759	869602.2089609725	805.8615973677665	1.4733157227582296	2.1706592189266045	649412.9141121283	899.0151747597133	612.0865126483209	1.223532	20.568144	0.1587595033314972	0.0958475840775588	-0.0146432025	-0.0118304009	-0.028827658	-0.1164342754	-0.1534861839	-0.0283754144	0.0772434162	-0.0328439153	-0.0650910934	0.0389295198	0.0601406789	0.0318536143	0.1510065058	-0.0791002705	0.10880054	0.1161720443	0.0735191014	0.0133215466	-0.1234279442	-0.1462322562	0.1237526169	0.0800385	0.0049004688	-0.2210272457	0.0847071153	0.0054586518	-0.0313273287	-0.1003561508	-0.0168528782	0.0194486731	0.0147855426	0.1494317253	-0.0011592015	-0.0434366634	0.0241038023	-0.1098308388	-0.1313701028	0.0428637719	-0.0772726115	0.0006194833	0.0524159022	0.0101316341	0.0200862693	0.0035061169	0.1050881403	0.1700395102	0.0400714505	0.1406633444	0.0595137996	-0.0311046699	-0.0438812054	0.0356777843	-0.0912297018	0.1155737236	-0.0339843265	-0.0556246377	-0.1394076193	0.0397237557	-0.0696215984	0.0060843075	0.0332604797	0.0709659712	-0.0691662518	0.0967542088	-0.022713652	-0.0002004013	0.1148074527	0.0575574852	-0.0679575064	0.0687795686	0.0596669297	-0.0283794378	-0.0175668612	-0.1782638798	-0.1126387502	0.0674542747	-0.0050684204	0.049128986081925	0.0104758420235952	0.0001097432661033	0.0024136572734379	-0.0003322699951411	-0.0889153907983484	1.1040334967106665e-07	0.007905946720823	-0.278655004595123	-0.0346894981541935	0.0012033612821898	0.077648611585908	-0.00227089702348	-0.0002970274169317	8.82252864091773e-08	5.156973291250324e-06	-0.0006688569142212	0.0001964527800199	4.473695717015058e-07	3.8593694777586486e-08	0.0003137413314298	9.525015539995317e-08	9.072592103715229e-15	9.84336230473436e-08	0.0	0.0	0.0	0.0	0.0	0.0	0.0	0.0	0.0	0.0	0.0
866.9209615819794	1.3504626300925793	1.8237493152765667	751551.9536302239	932.767421385137	0.2427788362269893	0.0589415633197313	870055.0623974778	805.3051641858445	-0.5564331819219888	0.309617885943829	648516.40746439	899.1416681662138	629.4442695617676	1.14672	19.276899	0.0864004273876813	0.042518552231203	-0.0541829319	0.0066963701	-0.0481848572	-0.0793840528	0.1054735306	0.0656673477	0.0570559079	0.0319070899	-0.0116398215	0.0635209962	0.0680851234	-0.1165630612	0.0022947317	-0.046749772	-0.0894928311	0.1253188021	0.0042158645	0.0132958427	0.0141508054	-0.0593149731	0.0783495727	-0.0249855376	0.0440051344	-0.1064153366	-0.0132764796	-0.009785276	-0.0320005632	0.0253841283	-0.0094123724	0.0838797139	-0.0389386221	0.1485743151	-0.0417621519	-0.0478215979	0.0400565771	0.1313192134	-0.0627714661	0.0656893698	-0.0251920031	0.0453185956	0.0488901639	-0.0424412107	-0.0563754204	0.030880494	-0.006390421	0.089805562	0.0346493402	-0.0045565943	0.0900179589	-0.051772591	-0.0541094029	-0.0433968159	0.1627286438	2.6447e-05	-0.0005700976	-0.0274919151	-0.0759428204	-0.0473484455	-0.0458609603	-0.0491857233	-0.0056450037	-0.0060117789	-0.0729653113	0.0684113247	-0.0006213195	-0.0377002891	-0.0109776446	-0.110298645	-0.1101711012	0.0152165417	0.1668127866	-0.0545527751	0.0034984569	-0.1887158788	-0.1142514127	0.0731227308	-0.0151740128	0.0587036235757096	0.0095746374937846	9.167368313738584e-05	0.0034461154209186	-0.0282599248931774	-0.0279276548980362	0.000798623354968	0.0007799539081038	-0.3018890045301958	-0.0232339999350728	0.0005398187529829	0.0911369710562325	-0.0021620307239261	0.0001088662995538	1.1851871178559468e-08	4.674376851200417e-06	-0.0006679040488133	9.528654079000998e-07	4.46095818421199e-07	9.079524855726236e-13	-8.972220482415198e-05	-0.0004034635362539	1.62782825086544e-07	8.05007403850708e-09	0.0	0.0	0.0	0.0	0.0	0.0	0.0	0.0	0.0	0.0	0.0
865.9528261148586	-0.9681354671208736	0.9372862826973524	749874.2970563105	932.0633768686434	-0.7040445164935818	0.4956786812046814	868742.1384997788	804.3266750646285	-0.9784891212160574	0.9574409603381722	646941.4002205204	898.6381323511508	625.4431050967327	1.001281	16.831999	0.1650400153115986	0.129244051527502	-0.0552106821	-0.0489867873	-0.0463771658	-0.1168022107	-0.0133415356	-0.0310885895	0.0886984011	-0.0149674445	-0.0104463047	0.0157646097	0.0102945376	0.0957903087	0.0225182154	-0.1261397487	-0.2434191133	0.1109790369	-0.0137021397	-0.0842912274	-0.023736131	-0.0143234032	0.0415577747	-0.0832274817	0.0639032514	-0.0575671193	-0.059466955	0.0628618186	0.0274262067	-0.228821111	0.0348462106	-0.130623423	-0.0925395748	0.1715685373	0.0489634121	-0.0375301934	-0.0271474992	0.0646355884	-0.1073558451	-0.0006314097	-0.0865238521	0.0183162276	0.1076334725	0.0626113634	-0.0467666591	0.0913081799	-0.1253168129	0.0236793486	0.1620505762	0.0923422327	0.0350941251	-0.0748106616	-0.0570597734	-0.0998813414	-0.037472988	0.0141254184	0.0690970225	0.0137244603	-0.1086102634	0.0661310228	0.0292952279	-0.0435010783	-0.1672570364	-0.0678524212	-0.1801552515	0.0780114149	-0.0682285082	-0.0729308625	0.0425604259	-0.0402930761	-0.0273022735	-0.0300649795	0.0448731378	-0.0416642838	0.0736671609	-0.1728829809	-0.1157857731	0.0785907625	-0.0251860523	0.0494506745420295	-0.0092529490336801	8.561706581988157e-05	0.0024453692126617	0.0985371079455319	0.1267970328387093	0.0097095616422694	0.0160774875367007	-0.2868719671187989	0.0150170374113968	0.0002255114126152	0.0822955255186092	-0.0023910174954263	-0.0002289867715001	5.2434941522084676e-08	5.716964663434656e-06	-0.0006679536071863	-4.955837300008471e-08	4.4616202135319e-07	2.456032334415525e-15	-3.929861414110462e-05	5.042359068304736e-05	2.5425384973715e-09	1.5443810734114279e-09	0.0	0.0	0.0	0.0	0.0	0.0	0.0	0.0	0.0	0.0	0.0
865.0984613298847	-0.8543647849738818	0.7299391858034673	748395.347795334	931.2950689967086	-0.7683078719348941	0.5902969860771257	867310.5055375842	804.7361173052379	0.4094422406094509	0.1676429483952874	647600.2184955097	898.2554623640658	618.2066409693355	1.071683	18.015486	0.2111578499601179	0.1334098439086821	-0.026233712	-0.0643856714	-0.0081680034	-0.1053517754	-0.0156798635	-0.0770182499	-0.0061055853	0.0536718978	0.0573044953	0.0760824078	0.0645510012	0.0167825735	0.0379087111	0.0031888944	0.0593702976	-0.0064449295	0.100405603	0.1115753907	-0.0176519383	-0.0111414587	0.060128943	-0.146414247	-0.0755302105	0.0131937131	-0.0172808197	0.1085545324	-0.0460308829	-0.0407386091	0.1082581493	-0.0320497196	-0.2408073914	-0.0502991641	0.0834468198	-0.0035711237	-0.0273903828	-0.0379751958	-0.1389314795	0.0152477039	-0.0140856386	-0.0190657816	0.0567121735	-0.1709757931	-0.0025184487	-0.0247635871	0.0350887867	0.1149074894	-0.0514662217	0.0301900078	-0.1237607429	0.0459515081	-0.0151672412	0.0124219322	-0.0090665597	0.0592460523	-0.0948675019	-0.0236027298	-0.0653890831	-0.0780653591	-0.004396055	0.0335659332	-0.0239363016	0.0765217424	0.0420708176	-0.0308992227	-0.0261769891	-0.1494177283	0.0904493988	-0.020922893	-0.1063467532	-0.0028633739	0.0488770597	0.0422094618	0.0914527858	-0.1403241697	-0.1172407796	0.0838433825	-0.0350428114	0.0383205710200229	-0.0111301035220066	0.0001238792044105	0.0014684661633006	-0.0220660200364903	-0.1206031279820222	0.0004869092402507	0.014545114479048	-0.2341628885626931	0.0527090785561058	0.0027782469622337	0.0548322583800242	-0.0019829754172799	0.0004080420781463	1.6649833753803273e-07	3.932191505536393e-06	-0.0006680861221333	-1.3251494699998998e-07	4.463390665871107e-07	1.7560211178410145e-14	8.683759076516214e-05	0.0001261362049062	1.5910342188155715e-08	7.540767169897772e-09	0.0	0.0	0.0	0.0	0.0	0.0	0.0	0.0	0.0	0.0	0.0
864.4682998801229	-0.630161449761772	0.3971034527658583	747305.4414976301	929.9969105604218	-1.2981584362867125	1.6852153257023623	864894.2536519292	804.1570101998793	-0.5791071053586165	0.3353650394768357	646668.4970536088	897.7167149723855	604.512748880302	1.155621	19.426529	0.1313330993500935	0.0841223088522077	0.0285065001	0.0062929408	0.0173293542	-0.0754785045	0.0932859109	0.056441559	-0.1146572569	-0.0252352459	0.024279133	-0.0381839735	0.1380914122	-0.0333935292	0.0027029343	0.1177847529	-0.1150307485	0.0466064592	0.0587430556	-0.0625489831	-0.0609618509	0.1059469664	-0.0261651849	-0.1231079593	0.0407897107	0.1646243827	0.0319239298	-0.0636855554	0.0351076211	0.0803129391	0.0131797631	-0.0686202972	0.0371652917	-0.085067829	-0.0558477554	0.0272388674	0.0583544577	0.1080947403	-0.0249219299	-0.077276131	-0.0236735301	0.0153563471	-0.0011829959	-0.1392401246	-0.0569403313	0.0357006126	-0.0142271649	-0.0506912382	0.0612779242	0.0336954745	-0.0216026656	0.0458235994	0.0442500538	-0.1256247021	0.0777717444	-0.0455513366	-0.022685376	-0.0221354917	0.0546477	-0.1016022982	0.0299393035	-0.0096610806	0.0380104909	-0.0983857387	-0.038683181	0.0419567141	-0.0426751757	-0.0654987101	-0.0190872153	-0.0464065832	-0.1846991065	0.0284032653	0.0185378666	-0.0063152653	0.0277221443	0.032703661	-0.1186154352	0.0888661936	-0.0446835199	0.0262957315826923	-0.0120248394373305	0.0001445967634935	0.000691465499469	0.0493943722249099	0.0714603922614002	0.0024398040074929	0.0051065876621531	-0.1928942194056304	0.0412686691570627	0.001703103053995	0.0372081798801074	-0.0019800167455164	2.958671763499815e-06	8.753738604131105e-12	3.920466312525357e-06	-0.0006679596483203	1.2647381300004337e-07	4.461700917841789e-07	1.5995625374769934e-14	-4.16612335443384e-05	-0.0001284988243095	1.6511947848923888e-08	1.735658380435907e-09	0.0	0.0	0.0	0.0	0.0	0.0	0.0	0.0	0.0	0.0	0.0
864.6664991411415	0.1981992610185443	0.039282947068297	747648.1547369976	931.2662500753636	1.2693395149417483	1.611222804192553	867256.8285294296	803.5869299265437	-0.570080273335634	0.3249915180464312	645751.9539487679	897.4170700539847	612.8772883862521	1.13166	19.023735	0.0802028053837911	0.0404019257761073	-0.0069574096	-0.061993134	-0.015681238	0.0257274306	0.085117805	-0.0008149804	-0.0602537586	0.003691448	0.0036141926	-0.0080980156	-0.0839165352	-0.0436167488	-0.0737298582	-0.1050214433	-0.1556878074	0.0515982649	-0.0435387163	-0.0695590947	-0.1619226972	0.0048534465	0.0482703699	0.0932368377	0.0652157346	0.0154678847	-0.158402473	-0.0521115066	-0.0223557114	-0.0511048821	-0.0296478303	-0.0361115476	-0.0496847385	-0.1856883681	-0.066898618	0.0014777456	-0.0453798156	0.0984870125	0.0518819388	-0.0190473235	-0.0588346562	-0.111945273	-0.065083363	0.0628055964	-0.0158841865	0.0047538384	-0.1446458785	-0.1395953541	0.0817970879	0.0572961157	0.0238589695	0.1741719031	0.0098683748	-0.0634013698	0.0395887474	-0.1069025525	-0.0711627055	0.0413383321	-0.0207358021	0.0568387667	0.0163421751	-0.0118682922	-0.1260575204	-0.049514476	-0.1005010584	0.029453659	-0.0679438001	-0.133732952	0.0505456829	0.0616973408	0.0658702861	-0.0223740423	-0.0460111018	0.0744046366	0.0112254769	-0.0187128128	-0.1199087977	0.0936454286	-0.0540487397	0.0264358110282643	0.000140079445572	1.9622251071759112e-08	0.0006988521047221	0.0336796223326416	-0.0157147498922683	0.0011343169604693	0.0002469533641765	-0.2138456345251143	-0.0209514151194838	0.0004389617955089	0.0457299554054487	-0.0018148992249891	0.0001651175205273	2.726379558508336e-08	3.2938591968660363e-06	-0.0011541594818005	-0.0004861998334802	1.3320841094299986e-06	2.363902780761742e-07	0.0001749526309775	0.0002166138645218	4.6921566303085364e-08	3.060842308594929e-08	0.0	0.0	0.0	0.0	0.0	0.0	0.0	0.0	0.0	0.0	0.0
863.103102086639	-1.5633970545025022	2.4442103500271	744946.9648315791	931.0535109217574	-0.2127391536062077	0.0452579474770856	866860.640199731	804.290607683345	0.7036777568013122	0.4951623854169266	646883.3816076444	896.9639111799232	592.7658109749312	1.08854	18.298859	0.1699064136132335	0.0979283703522488	0.0613947749	-0.0401509711	0.0172135242	0.0377930029	-0.0388893323	-0.0176245145	-0.1541382254	0.0933176352	0.0680579775	0.0032487997	0.0816919302	-0.0469785201	0.0002694161	0.0524307633	0.0909451346	-0.0504505605	0.0648242917	0.0566830451	-0.1683998696	-0.0881475742	0.0416134893	0.036989259	-0.0151480143	0.1421900183	0.0704709393	0.0042251457	-0.0715244612	0.0822976077	0.104570776	0.0241443974	-0.0896264922	-0.1471856728	0.0864094854	0.0574809244	0.0038296228	0.0120476615	0.0091288133	-0.0873483132	0.04590292	-0.1134279033	-0.0751934605	-0.0356946381	0.051993069	-0.0864806881	0.015049211	-0.1427805503	-0.0856431628	0.0755400135	-0.0285711779	0.1212445938	0.088689452	-0.0168169117	-0.0150266677	-0.0081131192	-0.1105613751	0.0452961931	0.0497746762	0.0434120686	-0.0385210893	0.0210766144	0.0753127731	-0.0471392938	0.0723246781	-0.0741095607	-0.0450593557	0.0087899182	0.0291749151	0.1191289793	-0.1074157812	-0.0933887896	-0.1350012281	0.0113783154	-0.0882658709	0.0806889473	-0.1211199807	0.098167988	-0.063080731	0.014322004894467	-0.0121138061337973	0.0001467442990472	0.0002051198241971	0.0222398173369953	-0.0114398049956463	0.0004946094751829	0.0001308691383384	-0.1207245133493444	0.0931211211757698	0.0086715432090324	0.014574408123436	-0.0013769405911115	0.0004379586338776	1.9180776498793384e-07	1.8959653914504867e-06	-0.0005626447501863	0.0005915147316142	3.165691149122039e-07	3.4988967771661905e-07	0.0002101128916461	3.516026066860002e-05	1.2362439302839014e-09	4.4147427235885764e-08	0.0	0.0	0.0	0.0	0.0	0.0	0.0	0.0	0.0	0.0	0.0
860.2024693796524	-2.9006327069865847	8.413670100840323	739948.2883268518	926.54110088581	-4.512410035947369	20.361844332518533	858478.4116306888	802.3288413029871	-1.961766380357858	3.848527331102372	643731.5695865939	894.8836219660714	589.5169030586176	0.901539	15.155291	0.0879034244467148	0.0419999672504972	0.0726302822	-0.0550528118	0.0682256616	0.0172604799	-0.0226272303	-0.0698192827	-0.0426937913	0.0350173123	0.0955346813	-0.0687802445	-0.0340216071	0.0604811556	-0.0466760725	-0.0069070562	0.0169224836	-0.0963461325	0.0953925588	0.0770497496	-0.0649772484	0.1561343556	-0.0140207842	0.1398617809	-0.0330778676	-0.0063155824	0.099377752	-0.0201354852	-0.0262117575	0.0815375803	0.0615308248	0.0744607349	0.0122825117	0.0825724614	0.0518221997	0.0938731463	-0.0201590863	-0.0329680713	-0.0011446842	-0.0379256906	-0.0266658211	-0.0834721352	-0.0670922486	-0.0202911503	0.0043743928	-0.0328621282	-0.0963125682	-0.1238817023	0.0300201522	-0.1148778073	-0.114069996	0.0217679032	0.0844653956	-0.0151775508	-0.033389996	-0.0176221169	-0.1083310945	0.0294104175	0.0424031905	-0.0629822124	0.0347733988	-0.015511169	0.0069082083	-0.0579590955	0.0090186943	-0.0949827943	-0.0325661291	-0.0472704778	-0.0228627257	0.0658981494	-0.0431612216	0.0207436325	-0.0556900175	-0.0533181032	-0.0868713283	0.0955728572	-0.1222481541	0.1024214758	-0.0717238087	0.0401042101635766	0.0257822052691095	0.0006647221085385	0.0016083476728443	0.0295529408188599	0.0073131234818645	0.000873376311043	5.348177506099938e-05	-0.1442999903331951	-0.0235754769838506	0.000555803115016	0.0208224872101602	-0.0012269328248258	0.0001500077662857	2.25023299460252e-08	1.505364156635017e-06	-0.0009650843241748	-0.0004024395739885	9.313877527679304e-07	1.619576107120454e-07	0.0001379078576825	-7.220503396360002e-05	5.2135669296846324e-09	1.9018577210576676e-08	0.0	0.0	0.0	0.0	0.0	0.0	0.0	0.0	0.0	0.0	0.0
859.4121158218613	-0.7903535577910361	0.6246587463129487	738589.1848214084	926.0159865007168	-0.5251143850931612	0.2757451174317688	857505.6072548958	803.1292203453239	0.8003790423367718	0.640606611411928	645016.5445724878	894.9295015822153	576.9095952666967	0.969893	16.304348	0.0804654674428987	0.0397854623879124	0.092106544	-0.0322569003	0.0753342278	-0.0382848983	0.0679139204	-0.1219915681	-0.0548319498	0.0204444899	0.0649105557	-0.0839074085	0.0248978139	0.0852959009	-0.1423590949	-0.0497673398	0.0839264556	0.0380311178	-0.0355575732	0.0394045375	-0.1576747568	0.0477711818	-0.0386352455	-0.1289425007	0.0616565753	0.1188801827	-0.1159051062	-0.0476550192	-0.0081748996	-0.0309953186	0.0429140231	-0.0915126179	0.0386531376	-0.0560377535	0.033784997	0.0947479546	-0.0157783705	0.0337214443	0.0201486535	-0.0486831603	-0.1064081561	-0.0179711501	-0.1006654286	0.0246945947	-0.0698204083	-0.0982821309	-0.0689291788	0.0023875646	0.014234255	-0.0075064233	-0.0526018261	0.1491539668	0.0789182254	-0.0841518401	0.0052215472	-0.0739996998	-0.0784709397	0.0432556454	0.0105845067	-0.0850078604	-0.026239775	-0.0009902648	0.0109736773	0.0804834858	-0.0765477428	-0.090132495	-0.1127689128	0.0228845709	0.0986208461	0.2039574913	-0.0631532054	0.0022681279	-0.1055765312	0.0582080736	-0.1190510267	0.0264478263	-0.1232925447	0.1063942335	-0.0799246852	0.0140528564838291	-0.0260513536797474	0.0006786730285472	0.000197482775355	0.0374769523170073	0.0079240114981474	0.0014045219549712	6.278995822277226e-05	-0.1441951253994062	0.0001048649337888	1.0996654338548205e-08	0.0207922341889504	-0.0017538863061877	-0.0005269534813619	2.776799715194264e-07	3.0761171750327347e-06	-0.0007402759822519	0.0002248083419229	5.480085298990154e-07	5.053879059812352e-08	0.000313850781022	0.0001759429233395	3.0955912273249184e-08	9.85023127481194e-08	0.0	0.0	0.0	0.0	0.0	0.0	0.0	0.0	0.0	0.0	0.0
862.6677106621967	3.255594840335334	10.59889776441805	744195.5790191555	931.3252491485782	5.309262647861374	28.188269863975965	867366.7197016613	802.8267597365727	-0.3024606087511756	0.0914824198461317	644530.8061491247	897.4454987358126	589.9381744688591	1.246436	20.953161	0.1508129241702398	0.0832073507698268	0.0532446519	-0.0274905105	0.0018817056	0.0113944115	-0.0405826237	0.0289012932	-0.0124314428	0.1576803329	0.1183741178	0.051377597	-0.1496835382	-0.2458382553	0.0002827344	0.0889478485	0.0766607443	-0.0901997699	0.1993056702	-0.114470495	-0.0031787975	0.0158327692	-0.0292512997	0.009154947	-0.0086723453	-0.0091596553	0.1101153834	-0.111122312	0.0846713432	0.0622279771	0.0026154884	-0.143525638	-0.1572045437	0.0494707956	0.0073890873	0.0170010932	-0.0444235736	0.0857456866	-0.0217642646	0.0792855061	0.0456128366	-0.2463511005	-0.0338176461	-0.1067883007	0.0084386841	0.1088616299	0.1913291991	-0.0837097721	-0.1199567578	-0.1147412437	-0.1244253908	-0.01086077	0.0380652843	0.0586965233	0.0307269879	-0.0695124144	-0.1709430165	0.0158171777	-0.0570047195	0.0690244454	-0.1523995569	0.0803055143	0.0712986822	-0.1334451439	0.0265519198	-0.1790514129	0.0840832486	-0.1521307035	-0.003311864	-0.0493896574	0.021540245	0.0309290786	-0.0668635281	0.0027115342	0.0320542624	0.154819611	-0.1242524367	0.1100753719	-0.0876327994	0.0268691476784965	0.0128162911946674	0.0001642573199865	0.0007219510969688	-0.0364542502228459	-0.0739312025398532	0.0013289123593098	0.0054658227089887	-0.1727217764988609	-0.0285266510994546	0.00081376982295	0.0298328120769224	-0.0015819887300524	0.0001718975761353	2.95487766811913e-08	2.502688342012805e-06	-0.0009900198171848	-0.0002497438349329	9.801392384186248e-07	6.237198308699161e-08	2.471660536490896e-05	-0.000289134175657	8.35985715329056e-08	6.109105807646464e-10	0.0	0.0	0.0	0.0	0.0	0.0	0.0	0.0	0.0	0.0	0.0
861.8189395788189	-0.8487710833777555	0.7204123519782488	742731.88461676	927.5116810333438	-3.813568115234375	14.543301769532263	860277.9184532993	804.9612864452513	2.1345267086785498	4.556204270062082	647962.6726755939	896.8440367281181	595.8219499773684	1.142261	19.201929	0.1732668698641536	0.1387721453121325	0.0503861136	-0.1177969406	0.0351879073	-0.0518695902	0.0410822746	-0.1507937967	0.0247590896	8.89978e-05	0.0457970378	0.0970394047	0.0766667912	0.0429719645	-0.1528262582	-0.0906208597	0.1039992348	-0.0156153306	-0.0211654971	-0.0866072754	0.0144869894	-0.0445639729	-0.0648847229	0.0392147373	-0.076136226	-0.0369793222	0.0487735867	-0.0425299139	-0.1080336602	-0.0209590947	-0.2704822322	0.1069690155	-0.0827799024	0.0419206207	0.0795217213	0.0440891077	-0.0645281233	0.087025475	-0.0857814023	-0.0816208759	-0.0659667393	-0.0328063095	-0.1183497648	0.128582659	0.0289149181	-0.0449031312	-0.0075654629	0.0314510056	-0.11139866	-0.0820662643	-0.0198748125	-0.0711015019	0.0367050286	-0.1273587173	-0.0637925033	-0.0377881116	-0.0096056625	0.1480799893	-0.0283951413	0.0147188751	-0.0666717655	-0.0022873824	0.0271235181	0.0240496334	-0.0506076382	-0.0909371444	-0.0055227517	0.0652869847	0.0096239751	0.0840998886	0.0739102045	0.0964604122	-0.1672387008	-0.0151469331	-0.1123157375	0.0896055493	-0.1251271724	0.1134548014	-0.0948006283	0.0333524352450211	0.0064832875665245	4.203301767025246e-05	0.0011123849367733	0.1012017349680007	0.1376559851908466	0.0102417911605334	0.0189491702588625	-0.1900536704146134	-0.0173318939157525	0.0003003945467068	0.0361203976380665	-0.0013900121389718	0.0001919765910806	3.6855011522927915e-08	1.9321337464889586e-06	-0.0009899867708	3.3046384800058254e-08	9.800738063590115e-07	1.0920635483535213e-15	-1.918782099029012e-05	-4.390442635519908e-05	1.927598653579099e-09	3.6817247435541805e-10	0.0	0.0	0.0	0.0	0.0	0.0	0.0	0.0	0.0	0.0	0.0
859.8339829894836	-1.9849565893352972	3.9400526615456166	739314.4783035596	926.0753106373112	-1.4363703960326577	2.063159914599013	857615.4809719924	803.9151910132804	-1.0460954319709117	1.0943156527904083	646279.6343419191	895.5299728086578	582.5445410433068	1.161319	19.522314	0.1947940290032172	0.1429312675399116	0.0780823639	-0.0876447266	0.0717909147	0.0744512714	-0.021614912	0.0180032851	0.1276899093	-4.49569e-05	0.053667957	0.0507097152	-0.0337037787	-0.0004155855	0.0919732809	0.050234397	-0.0658788886	-0.0134459541	-0.2159959449	0.1153433706	-0.0450321548	-0.0342547413	-0.0951381719	0.0797909665	0.0024181109	-0.0440648506	0.0962161002	0.0701690451	0.0543098636	0.0167754209	-0.0313190834	0.0188720268	0.0137610596	-0.1066167608	-0.0219208604	0.0598466532	-0.0850180998	-0.0638936646	0.0359255162	0.075480148	0.0692252413	-0.0059641774	-0.116781931	0.0345096761	0.1461508788	-0.1108441835	-0.0457982041	-0.0158953254	0.0909021179	0.0735384346	0.0230386241	-0.0702575218	0.0321406266	0.1399359683	-0.0295622084	-0.0517578086	-0.0445142467	0.1139346007	0.007141028	0.0326611229	0.0813355806	0.0226939267	0.0871190897	0.0052975376	0.1025908196	0.0970915132	-0.0708057041	0.0583725356	0.0116855039	0.0434055925	-0.0300825968	-0.1123416232	-0.1452721714	-0.1013755626	-0.080024313	0.1057665827	-0.1259161521	0.1165232592	-0.1013839798	0.0373043761557312	0.00395194091071	1.5617836961744163e-05	0.0013916164803682	-0.0262702752084464	-0.1274720101764471	0.0006901273595275	0.0162491133784242	-0.2012741334941381	-0.0112204630795247	0.0001258987917189	0.0405112768138161	-0.0003660188437879	0.0010239932951838	1.0485622685815814e-06	1.3396979400783113e-07	-0.0009899928483689	-6.077568899965496e-09	9.800858398215677e-07	3.6936843733827806e-17	-3.8180744968197065e-05	-1.8992923977906943e-05	3.6073116123055255e-10	1.4577692863265055e-09	0.0	0.0	0.0	0.0	0.0	0.0	0.0	0.0	0.0	0.0	0.0
857.8159775210653	-2.0180054684183237	4.072346070566256	735848.2512904208	921.1072567497812	-4.968053887530004	24.68155942940199	848438.5784371073	802.0067799992253	-1.9084110140551047	3.642032598566833	643214.8751647257	893.6874554597257	577.8502665089295	1.007859	16.942574	0.1547831783416882	0.080135623000676	0.0826576722	-0.0765838583	0.1142680671	0.0483358355	-0.0187265245	-0.0607600575	0.0884927263	-0.1798871573	0.05326415	-0.0847370294	-0.0868799389	0.1450413189	-0.1147795659	0.0911631463	-0.0617121684	0.0726854425	-0.0876924455	0.07743907	0.0251933533	0.0357824026	0.0521577774	0.003824525	-0.0117314833	-0.1270543877	0.0829601597	0.1128230983	0.0853602353	0.0605746931	0.0905452595	-0.0840833242	0.0069596494	-0.0808016367	-0.0756465969	0.0921681197	-0.1207122031	-0.0891813481	0.0892552613	-0.0040372125	-0.1473577885	0.0924423763	-0.0347585585	0.0839472196	0.1253559033	0.0211633496	-0.1134049812	-0.0099881699	-0.0152518399	0.0044039329	-0.0445716694	0.0441412485	0.0183275057	0.0257885838	-0.1021220998	-0.0868014921	0.0565075361	0.0789010902	-0.0882818251	-0.0361385387	0.2011083787	0.1240971687	-0.0953069561	0.0747057339	-0.0314100669	0.0238363834	-0.0646145705	0.0534119598	-0.0883804763	-0.0493290109	0.0987456589	0.0225496911	-0.0499115358	0.1211952002	0.0278424721	0.0295767366	-0.1266188352	0.1192723348	-0.1073422654	0.040603839691613	0.0032994635358817	1.0886459624613628e-05	0.0016486717977022	0.0339547733343863	0.0602250485428327	0.0011529266321895	0.0036270564719865	-0.242424342343682	-0.0411502088495438	0.001693339688361	0.0587695617607667	-0.0010158461531702	-0.0006498273093823	4.222755320190394e-07	1.0319434069106931e-06	-0.0009901572637482	-1.644153792999467e-07	9.804114069533225e-07	2.7032416950345343e-14	0.0003139966785388	0.0003521774235069	1.2402893762802677e-07	9.85939141333985e-08	0.0	0.0	0.0	0.0	0.0	0.0	0.0	0.0	0.0	0.0	0.0
861.6368322437359	3.820854722670561	14.598930811753926	742418.0306790198	925.3196902740292	4.212433524248013	17.744596196208533	856216.5292088253	803.1451714183194	1.1383914190940914	1.2959350230670592	645042.1663725616	896.2944141150545	584.176391486784	1.12234	18.867048	0.1205194179173244	0.0651663325129552	0.0366509068	0.0799470768	0.0604756466	0.1082437751	0.0699091518	0.0276807554	0.109950786	-0.2070115802	-0.0580575674	-0.1038329257	-0.1483892593	0.0176677314	-0.0485533134	0.0634693892	0.0699194277	0.1214677056	-0.1131289957	0.1213267592	-0.0347229937	-0.1047034418	-0.0074574157	0.1343935321	0.0339952048	0.1042867176	0.0203512907	0.08169858	0.0349159592	0.0046801366	0.0751778421	0.0266399821	-0.0198208631	0.1267559833	0.1103402737	-0.0075609802	-0.0457942643	-0.0352754459	0.192320444	0.0952753752	-0.0699299034	0.0551236588	-0.0537494554	0.1057561086	0.1500594357	-0.0184332865	0.0213688822	0.0694724356	-0.0029987	0.2046145874	0.00617372	0.0996488065	-0.0350376026	0.1187264567	-0.0189216796	-0.1133257733	0.0648077627	0.0062352401	-0.0470843337	0.092170627	0.0628684766	0.0879466446	0.0639810615	0.1027318369	-0.0272091423	0.0873916385	-0.0310116562	0.204656623	0.0718338724	0.0093232358	0.1054698906	0.0195690212	-0.020129314	0.0683006556	0.0730183557	-0.110015513	-0.1272347401	0.1216944932	-0.1126387502	0.0467217992371331	0.0061179595455201	3.742942900062051e-05	0.0021829265239549	-0.0224950930974472	-0.0564498664318335	0.0005060292134628	0.0031865874201718	-0.2657436228811178	-0.0233192805374358	0.0005437888447836	0.0706196731019817	-0.0010380668704174	-2.2220717247200096e-05	4.937602749800159e-10	1.0775828274581753e-06	-0.0012359444282161	-0.0002457871644679	1.5275586296384224e-06	6.04113302171706e-08	-0.0001106416677968	-0.0004246383463356	1.8031772517863294e-07	1.2241578652857451e-08	0.0	0.0	0.0	0.0	0.0	0.0	0.0	0.0	0.0	0.0	0.0
866.2742434901695	4.637411246433658	21.50558306854937	750431.0649344655	931.303877062914	5.984186788884813	35.810491524263526	867326.9114324152	806.1944408695484	3.049269451229065	9.298044186198808	649949.4764889638	899.204320496244	609.0689035736355	1.290218	21.689165	0.2528234054815928	0.1659065034980182	-0.0083150817	0.1153598808	-0.0278309603	0.0331891831	-0.1166164858	-0.0293482708	-0.1938488036	-0.1882807361	-0.1463896231	-0.0636847441	0.1238633403	0.0841261411	0.0259067172	0.0646036423	0.040433605	-0.1315289046	-0.04158971	-0.0428046331	0.0214085934	-0.1590114771	-0.0965604533	0.1385863627	-0.0801731805	0.058142465	0.0864887351	0.0014006946	0.0327358729	0.0968093842	-0.0325170848	0.0431162742	0.2717763377	-0.0289325506	0.062854657	-0.0393050243	0.0738914903	-0.1063531776	0.0304712787	-0.2351347096	-0.0176243848	0.0768766438	0.0297343989	-0.0371990987	0.1350932009	0.0054381012	0.0339616979	0.0145458299	-0.1097558172	0.0210744057	0.0583414138	-0.0199080072	0.0128265499	-0.101231961	-0.1462349476	0.0454217228	0.0895758206	-0.0873433416	0.0695295064	-0.0465773521	0.0380455062	-0.0094778536	0.1141720812	-0.0506655326	0.0510106765	-0.0233458697	-0.0207321726	0.2133989656	-0.1443353304	-0.0517556898	-0.0368381765	0.1742803868	-0.01215311	-0.0163956926	0.0828509755	0.094818736	-0.1277634447	0.1237830955	-0.1172407796	0.0311346988724352	-0.0155871003646979	0.0002429576977791	0.0009693694738772	0.1276660571353005	0.1501611502327477	0.0162986221444738	0.0225483710392218	-0.2051200294615256	0.0606235934195922	0.003675220079104	0.0420742264862971	-0.0012985662249364	-0.0002604993545189	6.785991370481556e-08	1.6862742405455729e-06	-0.0009899139389628	0.0002460304892533	9.79929606552846e-07	6.053100164221824e-08	-0.0001331430533156	-2.25013855188e-05	5.063123502656622e-10	1.77270726462007e-08	0.0	0.0	0.0	0.0	0.0	0.0	0.0	0.0	0.0	0.0	0.0
867.5559379413338	1.2816944511642987	1.642740666145353	752653.3054572674	933.1512622833252	1.847385220411184	3.4128321525936776	870771.2783009632	806.6175433897524	0.4231025202039973	0.1790157426029739	650631.8613041191	900.2460410068986	621.773723852107	1.120178	18.830717	0.3202883015121602	0.2063675525227171	-0.0566565533	0.1399729089	-0.057408798	0.1514288943	-0.0611747994	0.1067330437	-0.0445516058	-0.0059596271	-0.1546069554	0.0270321311	0.0046603741	0.0081466765	0.064495397	-0.0211224707	0.0897432921	-0.2973907494	0.0377699815	0.0520549525	0.0133370058	0.0212275251	-0.1082420297	0.0864653492	-0.0159908089	-0.0785607193	-0.0407227815	-0.0043534163	-0.0012639099	0.0005777798	0.060800971	-0.0583713792	0.0352493745	0.0058145549	-0.0651702689	-0.090553333	0.0612370407	-0.1040374775	0.1140456764	-0.0481422836	0.1564474852	-0.0089395859	-0.0393866083	-0.0765007208	0.0648904376	-0.0794550784	-0.0324931338	-0.0718172259	-0.0312870385	-0.0862635013	0.0429626978	-0.0063262659	-0.0376719424	0.1475404039	0.0049550267	-0.0113916812	0.0183730865	-0.1250595808	0.1255064246	-0.0260802956	0.1350500398	0.0200915016	-0.0188852447	0.0009693923	0.1033356183	-0.0064795584	0.095094577	0.0320682616	-0.0344193119	0.0446093855	0.1512709923	-0.0396988355	0.0492171668	0.0538018906	-0.0294815633	0.0512389484	-0.1282045865	0.1255324169	-0.1211199807	0.0460643741718342	0.0149296752993989	0.0002228952045454	0.0021219265678427	-0.0507838532692943	-0.1784499104045948	0.0025789997528772	0.0318443705234079	-0.2552363693555008	-0.0501163398939752	0.0025116475243684	0.0651456042417776	-1.7939584167375347e-05	0.001280626640769	1.6400045930473566e-06	3.2182868009834415e-10	-0.000990000689286	-8.675032320010907e-08	9.801013647867551e-07	7.52561857532338e-15	0.000121991073876	0.0002551341271916	6.509342285781952e-08	1.4881822105419687e-08	0.0	0.0	0.0	0.0	0.0	0.0	0.0	0.0	0.0	0.0	0.0
865.5142923474709	-2.041645593862881	4.1683167309397176	749114.9902577434	929.9625320201968	-3.1887302631283774	10.168000690990771	864830.3109614156	804.4840580376803	-2.133485352072171	4.551759747506515	647194.5996367737	898.0224730659452	631.585975430919	0.938697	15.779932	0.1841878220904877	0.0880193693590609	-0.0854238904	0.0256817931	-0.029398076	0.1604912385	0.0477324941	0.0255045039	0.0802968594	-0.0492561852	-0.08601597	0.0272016434	-0.0668186929	0.0702008534	-0.0278662225	0.0607334667	-0.0091527024	-0.1412267016	-0.1361741777	-0.0140076343	0.0092714959	0.1582078199	-0.0167726203	0.0168607274	-0.0411407285	-0.1236448527	-0.1045049944	-0.0794294174	0.1482887205	0.034651779	0.1548398995	0.1611959438	0.0881589429	-0.0276897551	0.0122096809	-0.0628623673	-0.0526673267	-0.0359529496	0.1464041183	0.0213446217	0.0222342383	-0.0024566813	-0.0274000464	0.0370353024	-0.0016244343	-0.0601261838	-0.0252083835	0.0071717825	-0.0336345013	-0.0862397893	0.107434689	-0.1977313931	-0.0878978203	0.0792786532	-0.0137292973	-0.0938750248	0.0546752473	-0.0097173225	0.0869076267	0.053943635	0.0450390275	-0.0514611018	-0.0013912095	0.111007653	0.1367186439	0.0444014733	0.0853178595	0.1536178394	-0.1250105757	-0.0422777177	0.0249428248	-0.0935352557	0.1519139721	-0.0606024812	-0.2320768628	0.0186641799	-0.1285578634	0.1269376627	-0.1242524367	0.0359437350377618	-0.0101206391340724	0.0001024273364821	0.0012919520884648	0.0147439322035012	0.0655277854727955	0.0002173835368214	0.0042938906689687	-0.2994272026835745	-0.0441908333280736	0.0019528297502295	0.0896566497069104	-0.0006397700165181	-0.0006218304323507	3.866730865974893e-07	4.0930567403557e-07	-0.0014626004661377	-0.0004725997768516	2.139200123546217e-06	2.2335054908027655e-07	0.0003145321477845	0.0001925410739085	3.707206514183845e-08	9.893047198993054e-08	0.0	0.0	0.0	0.0	0.0	0.0	0.0	0.0	0.0	0.0	0.0
865.5891331308928	0.0748407834219051	0.0056011428632045	749244.5473942906	931.0899707282462	1.1274387080493398	1.2711180404079645	866928.5335907263	804.6666556658973	0.1825976282170813	0.0333418938305034	647488.4267405398	898.2535473995455	622.5286296810724	1.067086	17.93821	0.0410116844715284	0.0229038715812629	-0.0571681797	0.105537511	-0.0333852321	0.1165832651	-0.0319509914	-0.0015574959	-0.010720032	-0.0823747178	-0.0663557442	-0.0015005478	-0.0326249496	0.0508097167	-0.0228737619	0.1069835385	0.0301164751	-0.1226073967	-0.1902632339	0.061775379	0.0641200277	-0.1165612859	-0.1328897611	-0.2149307196	0.1059104449	-0.0647281788	-0.0520723573	-0.1027951021	-0.0630480001	-0.0774855435	-0.0259835507	0.0663625542	-0.0923230052	-0.1780106597	0.055738048	-0.0564447326	0.0199589624	-0.1209613879	0.1307626212	-0.0314187846	0.0427141799	0.0432461284	-0.0587737501	0.0576363224	-0.0476738996	-0.0509325112	0.065683273	-0.0208020372	0.0115824242	-0.0663601414	0.0678806386	-0.1223745307	-0.0676089729	0.0849587047	-0.0778576202	-0.0279372888	0.07683413	-0.071551198	0.1351873943	0.0191695217	0.0581748469	-0.0379271238	0.0392141851	0.0560236313	0.051525739	0.0651583905	0.1239504593	0.0432937106	0.036256745	-0.04139741	0.1493823634	-0.0089600175	-0.0068549745	-0.0525099299	0.0552959487	-0.0774249438	-0.1288230331	0.1279949812	-0.1266188352	0.0413172876401404	0.0053735526023786	2.8875067570529847e-05	0.001707118257938	2.628080324029725e-06	-0.0147413041231771	6.906806189552185e-12	0.000217306047252	-0.2846107840205718	0.0148164186630026	0.0002195262619973	0.0810032983808045	-0.0007607712504863	-0.0001210012339681	1.4641298621827074e-08	5.787728955664887e-07	-0.0014626189530295	-1.848689180016481e-08	2.139254201761111e-06	3.4176516843100113e-16	0.0003139436869851	-5.884607993999818e-07	3.462861124304657e-13	9.856063859779845e-08	0.0	0.0	0.0	0.0	0.0	0.0	0.0	0.0	0.0	0.0	0.0
865.5855598281744	-0.0035733027184505	1.2768492317686285e-05	749238.361383054	933.971531670268	2.8815609420217925	8.30339346258552	872302.8219705063	804.1554673101309	-0.5111883557664214	0.2613135350711774	646666.015604775	898.1321578357353	629.8549812519445	0.979602	16.467562	0.0747959704016423	0.0490425367263265	-0.0768942416	0.0384357898	-0.0791728358	0.1132116411	-0.0498814542	-0.0585345339	-0.0657890657	0.0490877864	-0.002749285	0.0022815278	-0.0209686122	0.0326993309	0.0661375152	0.0633829769	-0.1016537496	-0.0803952481	-0.0364942038	0.0028773782	0.012476932	0.0214101257	0.0769112177	-0.0346297432	0.0176601572	0.1321239252	-0.0271452609	0.0339490971	0.0794301949	0.0099859711	-0.2298844785	-0.0617815378	0.0330452198	0.0827885024	-0.0127643886	-0.0472143001	-0.0287762555	-0.0483845305	0.0656915473	-0.0357587014	0.0354747108	-0.0311265525	0.0902766484	0.0341262466	-0.1007733147	-0.0543770702	-0.0188950318	-0.0839252067	0.0509035424	-0.0828618466	0.0040925982	-0.0606058869	-0.0665023442	0.0086339816	-0.0428590272	0.0077557641	0.0380766414	-0.019234999	0.079129423	0.0251093017	0.0219497649	-0.0356159407	-0.0464164798	0.0501795314	0.1112412081	0.017694617	-0.0185254202	-0.0423579081	-0.0942695857	0.00576702	0.0444394353	0.0166012271	0.0721146413	0.0300312448	0.2084614097	0.0769941493	-0.1289999139	0.1287014744	-0.1282045865	0.0435354710839419	0.0022181834438015	4.920337790355088e-06	0.0018953372425007	0.0435369889529937	0.0435343608726696	0.001895469407093	0.0018952405765918	-0.291299041473863	-0.0066882574532911	4.473278776150472e-05	0.0848551315635913	-0.0007448382242002	1.5933026286100017e-05	2.5386132663355406e-10	5.547839802297074e-07	-0.0010321210365791	0.0004304979164504	1.065273834149116e-06	1.853284560681357e-07	0.0003146161168862	6.724299010999715e-07	4.521619718933175e-13	9.898330100455104e-08	0.0	0.0	0.0	0.0	0.0	0.0	0.0	0.0	0.0	0.0	0.0
865.6344711439127	0.0489113157383371	0.0023923168072553	749323.0376326015	933.2427863842104	-0.728745286057574	0.5310696919511354	870942.098338165	805.0802168238885	0.924749513757547	0.8551616631948196	648154.1555211992	899.188372408167	621.7221029636079	1.086968	18.272436	0.2041741546087518	0.0991660285681002	-0.0652724361	0.0715856873	-0.0794126702	0.1262795984	0.0109372126	-0.0370108539	-0.0428718987	-0.0080674074	-0.0255949016	0.0462013436	0.0090622767	-0.0284894548	0.1209518605	0.1441766377	0.0724023225	-0.0236501327	0.0964879647	-0.1395078299	0.0457963554	-0.036086192	0.0271099022	-0.1577705551	0.0823029281	-0.0757894836	-0.2303385552	0.0581641878	0.0048982075	0.0091415998	-0.0791611474	-0.1232503766	0.1208209513	0.0617281707	0.0431053847	-0.0636508864	-0.0882554846	-0.0254074592	0.0781943907	-0.0627492096	0.0038537345	-0.0359841294	-0.0332175041	-0.2144256305	-0.2198964951	-0.0118440503	0.1412783037	-0.0615678807	-0.0248818896	0.1340051745	0.1118640906	0.0045829916	-0.089962066	0.0604434621	-0.0651828235	-0.1470330015	0.0729615482	-0.1331178846	0.0128081497	-0.1339208095	-0.1697823075	0.0547044021	-0.0254218893	-0.0813469709	0.096131545	0.0821757692	0.1589189035	-0.0775016643	-0.0378334035	0.0131851772	-0.0549382818	-0.0491230181	0.0924506907	0.1116435064	0.1199773966	-0.1466400462	-0.1290883846	0.1290552057	-0.1289999139	0.0172906867949365	-0.0262447842890054	0.0006887887023764	0.0002989678498405	-0.0178928583450925	-0.0614298472980862	0.0003201543797575	0.0037736261390661	-0.2978234930546932	-0.0065244515808302	4.256846843059775e-05	0.0886988330152988	-0.001736551639699	-0.0009917134154987	9.834954984802952e-07	3.0156115973412853e-06	-0.0021293738077206	-0.0010972527711415	4.5342328130065264e-06	1.203963643777701e-06	0.0004251513590625	0.0001105352421763	1.22180397629733e-08	1.8075367811269085e-07	0.0	0.0	0.0	0.0	0.0	0.0	0.0	0.0	0.0	0.0	0.0
