global_signal	global_signal_derivative1	global_signal_power2	global_signal_derivative1_power2	csf	csf_derivative1	csf_derivative1_power2	csf_power2	white_matter	white_matter_derivative1	white_matter_power2	white_matter_derivative1_power2	csf_wm	tcompcor	std_dvars	dvars	framewise_displacement	rmsd	t_comp_cor_00	t_comp_cor_01	t_comp_cor_02	t_comp_cor_03	t_comp_cor_04	c_comp_cor_00	c_comp_cor_01	c_comp_cor_02	c_comp_cor_03	c_comp_cor_04	c_comp_cor_05	c_comp_cor_06	w_comp_cor_00	w_comp_cor_01	w_comp_cor_02	w_comp_cor_03	w_comp_cor_04	w_comp_cor_05	w_comp_cor_06	w_comp_cor_07	w_comp_cor_08	w_comp_cor_09	w_comp_cor_10	w_comp_cor_11	w_comp_cor_12	w_comp_cor_13	w_comp_cor_14	w_comp_cor_15	w_comp_cor_16	a_comp_cor_00	a_comp_cor_01	a_comp_cor_02	a_comp_cor_03	a_comp_cor_04	a_comp_cor_05	a_comp_cor_06	a_comp_cor_07	a_comp_cor_08	a_comp_cor_09	a_comp_cor_10	a_comp_cor_11	a_comp_cor_12	a_comp_cor_13	a_comp_cor_14	edge_comp_00	edge_comp_01	edge_comp_02	edge_comp_03	edge_comp_04	edge_comp_05	edge_comp_06	edge_comp_07	edge_comp_08	edge_comp_09	edge_comp_10	edge_comp_11	edge_comp_12	edge_comp_13	edge_comp_14	edge_comp_15	edge_comp_16	edge_comp_17	edge_comp_18	edge_comp_19	edge_comp_20	edge_comp_21	edge_comp_22	edge_comp_23	cosine00	cosine01	cosine02	trans_x	trans_x_derivative1	trans_x_power2	trans_x_derivative1_power2	trans_y	trans_y_derivative1	trans_y_power2	trans_y_derivative1_power2	trans_z	trans_z_derivative1	trans_z_derivative1_power2	trans_z_power2	rot_x	rot_x_derivative1	rot_x_power2	rot_x_derivative1_power2	rot_y	rot_y_derivative1	rot_y_power2	rot_y_derivative1_power2	rot_z	rot_z_derivative1	rot_z_derivative1_power2	rot_z_power2	motion_outlier00	motion_outlier01	motion_outlier02	motion_outlier03	motion_outlier04	motion_outlier05	motion_outlier06	motion_outlier07	motion_outlier08
850.6946214265752	n/a	723681.338924104	n/a	881.4069650245435	n/a	n/a	776878.2379937769	761.2934854143283	n/a	579567.7709342961	n/a	764.9746550166742	604.874784664982	n/a	n/a	n/a	n/a	-0.0491526608	0.3099936996	-0.0722262734	0.1896649145	-0.1781967311	0.0229198388	-0.0706283156	0.1910366557	-0.1084209974	0.1121742957	0.0187016769	-0.1667860323	-0.1392300196	0.0964330459	-0.2409857473	0.0103193789	-0.1721050314	-0.0798470782	0.239210327	-0.184970645	0.0137971132	-0.0022230527	0.0037427866	-0.0097846023	0.0924174097	-0.057031707	0.0261937583	-0.0723375551	0.1090907848	-0.1137064909	0.013560763	-0.2802157039	0.0767773439	-0.1509051865	0.0522474525	-0.159502866	0.2256696566	-0.1452729205	0.0485543544	-0.0740763221	0.0693356938	-0.0438745866	0.0612682816	-0.0459862211	-0.3493021548	0.1584192451	0.1642364876	-0.0553652323	-0.0637222925	0.0122426656	-0.0183498317	0.013737331	-0.0643608651	0.0640236348	-0.0557915148	0.0037209571	-0.1532951854	0.0652993187	-0.0157801838	0.0018922558	-0.0052240495	-0.095421453	0.2080825971	-0.1522874632	0.2785665742	-0.0824412135	0.0094185329	-0.1193261979	0.1290883846	0.1290552057	0.1289999139	-0.295092222619985	n/a	0.0870794198508028	n/a	0.0341482671185673	n/a	0.001166104147201	n/a	0.0395888532873556	n/a	n/a	0.0015672773046077	-0.0027020510579824	n/a	7.301079919943808e-06	n/a	0.0281718959617027	n/a	0.000793655722077	n/a	0.0036928105589822	n/a	n/a	1.3636849824530428e-05	0.0	0.0	0.0	0.0	0.0	0.0	0.0	0.0	0.0
848.7109089822122	-1.9837124443629364	720310.2070254129	3.935115061920376	870.787599997087	-10.619365027456524	112.7709135863667	758271.0443086867	759.5036311302835	-1.78985428404485	576845.7657000857	3.2035783581137025	762.7513662003929	603.3978798326566	1.30743	23.321077	0.1216228971384673	0.0555955325893596	-0.0791616927	0.3319494803	-0.1900270078	0.141350189	-0.0929212986	-0.0195270607	-0.0091642011	0.0556832748	-0.2017350125	0.026222485	0.0972556827	-0.2697892198	-0.2110944346	0.098088483	-0.2718034107	-0.0525653231	-0.21637575	0.0350987768	0.1575626044	0.018677329	-0.0302002607	-0.040412086	0.023247723	-0.0624705228	-0.0353705635	-0.0362227732	-0.0105776043	0.0596451591	0.0175209985	-0.1857209831	-0.0148048973	-0.2679914016	0.1377475502	-0.1608282261	-0.0414838188	-0.1664322477	0.0496608752	-0.0678498297	0.0175020117	-0.0823371016	0.0521113578	0.0295772109	-0.1363419302	-0.0450331134	-0.3704788577	0.1807831062	0.1586427958	-0.0418196221	0.0099922957	-0.0414070268	0.0900948683	0.003189261	-0.0500160847	0.0010665432	-0.006051414	0.0016965025	-0.0708626395	-0.0077057604	-0.0596722623	-0.1372413408	-0.0125122507	0.0355191828	-0.0782645436	-0.0073493888	0.0143949096	0.0020527571	-0.0472405254	0.0582199819	0.1289999139	0.1287014744	0.1282045865	-0.3108487711435259	-0.0157565485235408	0.0966269585214401	0.0002482688213746	0.0038117445033378	-0.0303365226152294	1.4529396158725932e-05	0.0009203046043843	0.0622408423304676	0.022651989043112	0.0005131126076092	0.0038739224540061	-0.0023465687190152	0.0003554823389672	5.506384753060637e-06	1.2636769331759133e-07	0.0276455111625892	-0.0005263847991134	0.0007642742874408	2.7708095673775857e-07	0.0035171209579312	-0.0001756896010509	3.0866835917459506e-08	1.2370139832718882e-05	0.0	0.0	0.0	0.0	0.0	0.0	0.0	0.0	0.0
850.1387988231212	1.4278898409089609	722735.9772644193	2.038869397771017	862.5474267150416	-8.240173282045362	67.90045571813422	743988.0633327401	760.2987982420029	0.7951671117194792	578054.2626082338	0.6322907355602987	762.7373029557333	598.1812150367133	0.940257	16.771681	0.1395824958886642	0.0834380009226231	-0.0920254396	0.2977574093	-0.186554709	0.1210549282	-0.0451075108	0.0192211373	0.1808123595	0.0430465668	-0.1286096178	0.0902189567	-0.1495786626	-0.2645997949	-0.1846622311	0.1225619304	-0.2290286958	-0.0890528998	-0.1541293472	0.0299782994	0.1032022304	-0.1232418073	0.0253306589	-0.081406482	-0.0651865253	-0.056056043	0.0216021493	-0.0371398463	-0.0558456585	0.0149393454	-0.0236126558	-0.2068332077	0.0283856139	-0.1667637146	0.1324700425	-0.1394719503	-0.1275219026	-0.0818043308	0.1041144378	-0.0997029875	-0.13247303	-0.0982981272	0.0794428979	0.168352238	0.1277480183	0.0467633294	-0.3470147149	0.162326136	0.1278920571	-0.0229294641	-0.0154034002	-0.0001823424	0.0068838415	0.0226201716	0.0078101446	-0.0080867207	0.0534964321	0.007773843	-0.0111256599	-0.0448858338	-0.1173506743	-0.0577859381	0.0378980263	0.00166087	0.0044984553	0.0293066777	0.0594833565	0.0199205664	0.0272654152	0.0175578598	0.1288230331	0.1279949812	0.1266188352	-0.3333644416412369	-0.022515670497711	0.1111318509507736	0.0005069554179614	0.0094463590613713	0.0056346145580335	8.923369951635167e-05	3.1748881217603054e-05	0.0583820913589079	-0.0038587509715597	1.4889959060512944e-05	0.0034084685914398	-0.0029857300929303	-0.000639161373915	8.914584187829577e-06	4.0852726190503817e-07	0.0262430495141605	-0.0014024616484287	0.0006886976478026	1.9668986753133477e-06	0.0034072747830478	-0.0001098461748834	1.2066182136514522e-08	1.1609521447193432e-05	0.0	0.0	0.0	0.0	0.0	0.0	0.0	0.0	0.0
853.094370397917	2.95557157479584	727770.0048046184	8.735403333741163	869.8223503575181	7.274923642476438	52.92451400386264	756590.9211814769	761.7784898610106	1.4796916190076672	580306.4676149219	2.189487287361531	764.2502216372784	606.9281220735933	0.979811	17.477224	0.1168814683083825	0.0634366081305637	-0.1042100333	0.3751067641	-0.1663039435	0.0491151733	-0.0598090721	0.0217287418	0.1682286696	0.1059808438	-0.0736407994	0.0547582915	0.1612262201	-0.2604154917	-0.1904215686	0.1448600683	-0.1286058758	0.0196994084	-0.268538409	0.0400390976	0.084529546	-0.0751157541	0.0449408331	-0.0862790657	-0.0272091721	-0.0929211511	-0.0660276258	0.0681881271	-0.0522772727	0.0240008817	-0.1455772874	-0.2055710574	-0.0091890199	-0.1413828018	0.0435959396	-0.2788307417	-0.0391125477	-0.0647415504	0.0229722742	-0.111122582	-0.0159319586	-0.0596971645	0.0976152602	0.0786878635	-0.0366485104	0.0783250436	-0.3780748331	0.1515155036	0.1095830784	0.0148155482	0.0036046876	0.02915857	-0.0555141429	0.0705642027	0.0184422998	0.0294517655	0.0883737023	0.018402351	0.0190849898	-0.0354367541	-0.0376971987	0.0536792963	0.0074513925	-0.0064032402	-0.1604603442	0.0797883596	-0.2363792924	0.0309324104	0.0279560822	0.082986077	0.1285578634	0.1269376627	0.1242524367	-0.3253268445152883	0.0080375971259485	0.1058375557622745	6.460296755905707e-05	0.0174282122915343	0.0079818532301629	0.0003037425836787	6.370998098786349e-05	0.0791951023292938	0.0208130109703859	0.0004331814256534	0.0062718642329473	-0.0038776605622889	-0.0008919304693586	1.5036251436330667e-05	7.955399621702527e-07	0.0256720890827917	-0.0005709604313688	0.0006590561578747	3.259958141888469e-07	0.0035453640219581	0.0001380892389103	1.906863790282593e-08	1.2569606048194916e-05	0.0	0.0	0.0	0.0	0.0	0.0	0.0	0.0	0.0
850.7447166404359	-2.349653757481178	723766.5728916154	5.520872780045419	869.3164221734712	-0.5059281840468657	0.2559633274129592	755711.0418604849	763.7188570711247	1.9403672101141185	583266.492646025	3.765024910086047	767.4991520308005	601.838679625103	1.824938	32.552052	0.9949020629211164	0.6552090857718007	-0.0255376231	0.136316531	-0.0194204669	-0.0515885095	0.0765593762	0.0185929782	0.102492293	-0.0173619224	0.1145655136	-0.1284688572	0.0641519227	-0.0817865358	-0.0544902527	0.065462243	0.1243544856	0.0017802625	-0.1927425824	0.0643292306	-0.0348778048	-0.0092320996	0.1479081103	-0.071550833	0.1818938617	-0.0275761867	-0.0431968063	0.125480186	-0.0112859607	0.0030690137	-0.0452231456	-0.0824766231	-0.0245728311	0.0924852068	-0.0213177528	-0.180478762	0.0262857849	-0.0112714896	-0.0891771073	-0.0484288258	0.1400671468	-0.1906153788	-0.0359052414	0.015713406	-0.0271315942	0.0020747177	-0.0809955805	0.045742059	-0.0691502367	-0.0408570569	-0.0143163608	0.0277718954	-0.0213898659	-0.0245961077	0.2601008077	-0.0434772321	0.0771334437	0.0120776968	0.0814857545	0.01903745	0.2795443256	0.3530668118	-0.1558293792	0.1086154228	0.1280060347	0.0784375324	-0.3303256414	-0.1504936732	-0.0571910544	-0.0543940193	0.1282045865	0.1255324169	0.1211199807	-0.1759691056142145	0.1493577389010738	0.0309651261306665	0.0223077341696413	0.0086260185509701	-0.0088021937405641	7.440819604168031e-05	7.747861464642755e-05	0.113830673912247	0.0346355715829531	0.0011996228188778	0.0129574223233163	-0.0007472435833977	0.0031304169788912	5.583729729290355e-07	9.79951046173031e-06	0.0137254873317911	-0.0119466017510006	0.0001883890024951	0.000142721293397	0.0025802515779194	-0.0009651124440387	9.31442029638353e-07	6.657698205355552e-06	1.0	0.0	0.0	0.0	0.0	0.0	0.0	0.0	0.0
851.4133437958973	0.6686271554614223	724904.6819937108	0.4470622730204329	876.3864439762	7.070021802728775	49.98520829106023	768053.1991852492	763.4600122231842	-0.2588448479405087	582871.1902638245	0.0670006553053451	766.7335148122241	595.7656893082129	1.732456	30.902416	0.5081431973801981	0.313691739941545	0.1000812565	-0.0798248931	0.035997532	-0.1585313011	-0.0391207816	-0.0122992484	0.0481977289	0.0130344465	0.2391876333	-0.0832362558	-0.0838156194	-0.0001667559	0.055433995	-0.0520403004	0.1222218676	0.1642164157	0.0178756479	0.0876540656	-0.076173854	-0.0979674543	-0.123945115	-0.0549120873	0.1777835288	0.0332839408	0.0032484934	0.1210453235	-0.0177954369	-0.21915938	0.0412236532	0.0781277435	0.0032368928	0.0721189468	-0.1872187698	-0.0047893416	-0.0579121946	0.1089273287	0.0416941981	0.078992129	-0.0547032571	-0.1809037156	-0.0128121489	-0.0645207019	0.0687378569	0.1090634527	0.1157975818	-0.0157917587	-0.0480280084	-0.0885526448	-0.0190545418	-0.2179424565	-0.0334299612	-0.0623963299	0.1362698718	-0.1835569223	0.0331362889	-0.0026870159	0.117033571	0.0441561435	0.1756044323	-0.111941974	-0.074529887	-0.0418110295	-0.101739784	-0.0019664004	0.2078962934	0.0040462492	-0.1857946068	-0.0798075197	0.1277634447	0.1237830955	0.1172407796	-0.126288571978165	0.0496805336360494	0.0159488034122841	0.0024681554223626	0.006864247741646	-0.0017617708093241	4.711789705869222e-05	3.1038363845864946e-06	0.1193851909869465	0.0055545170746995	3.085265993312835e-05	0.0142528238269896	0.0015199042450465	0.0022671478284442	2.310108914110371e-06	5.139959276019252e-06	0.0081746476891764	-0.0055508396426146	6.682486484215706e-05	3.081182073802289e-05	0.0013753115317758	-0.0012049400461435	1.4518805148005404e-06	1.8914818094354971e-06	0.0	1.0	0.0	0.0	0.0	0.0	0.0	0.0	0.0
846.7165743252534	-4.696769470643858	716928.9572370924	22.059643460372182	870.8867675318862	-5.499676444313764	30.24644099213968	758443.7618621376	761.5680907164719	-1.891921506712265	579985.9567975324	3.579366987560407	765.1874606985162	594.0007345806996	1.296811	23.131672	0.1202934645477031	0.0519493184877121	0.0883246896	-0.0681921212	0.0759212905	0.0370736199	-0.0234229831	-0.0327639792	-0.1235622383	0.0073776499	-0.054793707	0.1435229936	-0.0482777091	0.0083730888	0.0621377577	-0.1186195153	-0.0288146871	0.0771138306	0.0290519141	-0.0229736482	0.0316528519	0.1867463937	-0.0894993708	-0.0160211334	0.0546300671	0.1272815935	0.1124761001	0.060098237	-0.1211372217	-0.0290447041	0.0547083025	0.0888890959	-0.0384648656	-0.0738514957	-0.055643873	0.0760521261	0.0823701251	-0.0623922606	-0.0403918618	0.1570948053	-0.1456840035	-0.0461420585	-0.0773418817	-0.0527335288	0.1231337222	-0.1179139285	0.1011496391	0.0043630503	-0.0381684633	-0.064281237	-0.0715048025	-0.1054680409	0.0199302205	-0.1476268178	0.0718008725	-0.0313228667	-0.1588175165	0.0781904855	0.0308647537	0.1100817998	0.1263529864	0.0201239312	-0.0919511878	0.1104336562	-0.0261793726	0.0663322125	-0.0223942735	0.0062057396	-0.1400867594	-0.0482056796	0.1272347401	0.1216944932	0.1126387502	-0.0961027729794921	0.0301857989986729	0.0092357429743477	0.0009111824611882	-0.0173595053270787	-0.0242237530687247	0.0003013524252008	0.0005867902127345	0.091685076747126	-0.0277001142398204	0.0007672963288991	0.0084061532981263	0.00157342399499	5.3519749943500014e-05	2.475663068010291e-06	2.8643636340147704e-09	0.0077869111080304	-0.0003877365811459	6.0635984604367233e-05	1.5033965635878858e-07	0.0010528918980556	-0.0003224196337202	1.0395442020826795e-07	1.108581348991124e-06	0.0	0.0	0.0	0.0	0.0	0.0	0.0	0.0	0.0
845.3366122828614	-1.3799620423919805	714593.9880658648	1.904295238442646	865.2909975629864	-5.595769968899845	31.31264154484137	748728.5104635481	760.4483333940992	-1.1197573223727204	578281.6677618631	1.2538564610073244	764.3685837273039	578.0276627279441	1.13962	20.327793	0.1331827505166201	0.0603886661399644	0.046299067	-0.147051006	-0.0192270776	0.0478314367	0.142882451	-0.0630840578	-0.0553429503	-0.1830908982	-0.0438476735	-0.0859214483	0.0110142024	0.0935399736	-0.0031171419	-0.0990374035	-0.0351521304	-0.1308406316	0.0903127692	0.0685941976	-0.1150002374	0.0681441872	-0.0546315347	-0.0342007913	-0.048573472	-0.0307605601	-0.0564479239	-0.0994119828	0.050495849	-0.2142591797	0.0271011396	0.0032758209	-0.0506195676	0.0179652011	0.0860453735	0.1465759651	-0.096886126	0.0306847228	-0.1201924034	0.0346048933	-0.0584386288	0.0235837438	0.0322937034	-0.1762479351	-0.0606280046	0.0996456964	0.120539717	0.0072123026	-0.0308719941	-0.0453922966	-0.0124295568	-0.0568306131	0.1029961396	-0.1878859113	0.1198502519	-0.1149788051	-0.0548777135	-0.0231463972	0.0341816502	0.081014131	-0.0645664099	-0.1059821225	0.040778052	0.0937506603	0.0089453681	0.0436458382	0.0823403598	0.1451663886	-0.0576128527	-0.0636960819	0.1266188352	0.1192723348	0.1073422654	-0.1058955273094568	-0.0097927543299646	0.0112138627041479	9.589803736704228e-05	0.0305942449642202	0.0479537502912989	0.0009360078249307	0.0022995621670002	0.0796355584679844	-0.0120495182791416	0.0001451908907593	0.0063418221725077	0.0019737624364855	0.0004003384414955	3.895738155681177e-06	1.6027086773904605e-07	0.0082722609730923	0.0004853498650618	6.843030160694595e-05	2.355644915156038e-07	0.0006708456522887	-0.0003820462457668	1.459593339045825e-07	4.500338891946514e-07	0.0	0.0	0.0	0.0	0.0	0.0	0.0	0.0	0.0
845.1308390772272	-0.2057732056342729	714246.135159378	0.0423426121570047	865.6435923142867	0.3525947513003302	0.1243230586445417	749338.828914783	761.0028534223993	0.5545200283000895	579125.3429170338	0.3074924617859321	765.0359264051478	582.6291199891127	1.066367	19.021164	0.0439104776161556	0.0222130222471783	0.0882863266	-0.1279430521	0.0094448279	-0.0574866184	-0.0745010632	-0.0593816973	-0.0959712549	-0.097567709	0.1509371022	-0.0024400004	0.0122058792	-0.0644578417	0.082737008	-0.0991929615	-0.0955339799	-0.0016534868	0.0480607089	0.1424824185	-0.1188737386	0.0820302421	0.0988967472	-0.0871934534	-0.0276341814	0.0031526379	-0.1260100031	0.0297261166	-0.1341702987	-0.0096202028	0.1518310006	0.1173568997	-0.020058846	-0.0463000658	-0.0122883567	0.0525434555	-0.145040477	0.0116076222	-0.1966555596	-0.0590901175	-0.0041188669	-0.0124284199	-0.0418550965	0.009570559	-0.067875005	0.0159107532	0.1105366474	0.021050333	-0.0411668461	-0.0459913467	-0.0105076231	-0.1225601766	-0.0767454116	-0.1975319221	0.0525812254	-0.0137868676	0.0188786199	-0.0943793751	-0.0172973915	0.1211956449	0.0200591479	-0.020088433	0.0478635498	0.0921687972	0.0248302924	-0.0194117652	-0.0827854556	0.0439523125	-0.0140450998	-0.0364871492	0.1259161521	0.1165232592	0.1013839798	-0.0975841440767908	0.008311383232666	0.0095226651751998	6.907909124024158e-05	0.0265067454277385	-0.0040874995364817	0.0007026075531709	1.6707652460738118e-05	0.0623911726787014	-0.0172443857892829	0.0002973688412496	0.0038926584282235	0.0021399999720788	0.0001662375355932	4.579599880497264e-06	2.763491824013362e-08	0.0082052682757025	-6.699269738979878e-05	6.732642747624989e-05	4.488021503561152e-09	0.0006187317041173	-5.211394817140002e-05	2.715863594011367e-09	3.828289216798981e-07	0.0	0.0	0.0	0.0	0.0	0.0	0.0	0.0	0.0
844.9658207163378	-0.1650183608893485	713967.2381788343	0.0272310594306072	866.1669428854277	0.5233505711410089	0.2738958203136202	750245.1729474878	761.5822022407402	0.5793488183409181	580007.4507698558	0.3356450533130181	765.0452864888638	571.8529671365301	1.078311	19.234211	0.0905062073280899	0.0590084977817941	0.0540427908	-0.1396286438	0.0696259801	0.1339181832	0.0408278021	0.0277136371	-0.1823466097	-0.0744558928	-0.0153491692	-0.0053920125	-0.0520303306	0.0347270498	0.0766592088	-0.0920546446	-0.0619297072	-0.0616717298	0.092179655	-0.1216237697	-0.0209789901	0.0628625636	-0.0363690765	-0.0185942319	0.0795474537	0.0875952118	0.0035441303	0.0252952104	-0.0133225927	-0.1036396743	0.1711836784	0.0742249054	-0.0082108237	-0.0600080747	0.0720257157	0.1568185078	0.0941281351	0.0385623586	-0.0134086937	0.0472112461	-0.0330198855	-0.0403974104	-0.0892026538	-0.0595018118	0.0086158289	-0.0231932033	0.1145764052	0.0013697292	-0.036557528	-0.0242867838	-0.1049625789	-0.012352938	0.0280666165	-0.2056079714	0.021787781	-0.0662539372	-0.1463559307	-0.0481030895	-0.0529764791	0.0925989317	0.0017242291	-0.1436627572	0.0397771614	0.0751101035	-0.0309670844	0.0209470884	0.0120611012	0.0635590159	0.005822838	-0.0175103863	0.1251271724	0.1134548014	0.0948006283	-0.1091481342466949	-0.0115639901699041	0.0119133152095345	0.0001337258686496	0.0269101327387772	0.0004033873110386	0.0007241552440186	1.6272132270703277e-07	0.0846135760508985	0.0222224033721971	0.0004938352116366	0.0071594572521211	0.0011829988663963	-0.0009570011056824	1.3994863178949309e-06	9.158511162775274e-07	0.0080439616333465	-0.0001613066423559	6.47053187587505e-05	2.6019832868166472e-08	0.0006267524855778	8.02078146050001e-06	6.433293523710067e-11	3.928186781779504e-07	0.0	0.0	0.0	0.0	0.0	0.0	0.0	0.0	0.0
847.8958135381077	2.929992821769929	718927.3106154496	8.58485793562331	864.4754882581307	-1.6914546272970483	2.861018756204597	747317.8697991334	763.0088912300441	1.426688989303898	582182.5680961013	2.035441472200977	767.0920396975581	570.2662315523406	1.110594	19.810041	0.0213499453584966	0.012470652185773	0.0458526267	-0.1361802322	-0.0439237378	-0.0066341993	0.1664802827	0.0035187786	0.0234454791	-0.0881094978	8.54554e-05	-0.1374152284	-0.1322818884	0.0609199518	0.0540586531	0.0125891946	0.0881771511	-0.1231286755	0.0417187292	0.1054813729	-0.0473065148	0.0900972646	-0.0577421002	-0.0112184643	0.0603448542	-0.0973496382	-0.0238792609	-0.0142089738	0.013819749	0.0716626455	0.1165441755	0.0141542144	0.0031210138	0.159452073	0.0774527156	0.0372363743	-0.0759591713	-0.0101580275	-0.0501142719	0.1137978325	-0.0319045595	-0.0892457911	-0.0410280488	-0.017533053	-0.0383314082	-0.0631228371	0.1162088312	0.0191514104	-0.0461998578	-0.0426752498	0.0782738276	0.0186685349	0.1461078313	-0.0835054163	0.031553442	-0.0294170169	0.026578011	-0.07923612	0.0644083161	0.0168258826	0.0089529624	-0.0222727158	0.0185367839	-0.0673368841	0.1358805636	0.0357855891	0.0053282248	-0.0341303547	-0.0284075158	0.0630667228	0.1242524367	0.1100753719	0.0876327994	-0.1059893167766574	0.0031588174700374	0.0112337352707826	9.978127809014044e-06	0.0267125169598898	-0.0001976157788873	0.0007135585623324	3.905199606527267e-08	0.0831645528969318	-0.0014490231539667	2.0996681007316263e-06	0.0069163428585465	0.0013050690393694	0.000122070172973	1.7032051975205684e-06	1.490112712968255e-08	0.0078359970163632	-0.0002079646169833	6.140284924045296e-05	4.324928191701108e-08	0.0006258974964221	-8.549891557000592e-07	7.310064563646999e-13	3.917476760274527e-07	0.0	0.0	0.0	0.0	0.0	0.0	0.0	0.0	0.0
851.508757170771	3.612943632663246	725067.163538511	13.053361692801891	875.7746042193788	11.299115961248162	127.670021505733	766981.1573956097	766.9258053640788	3.9169141340346414	588175.1909333408	15.342216333400344	770.7181907644188	581.0272180971219	1.09813	19.587719	0.094854185971778	0.0582567027214408	0.0918993749	-0.0761881183	0.003588378	-0.1001744601	0.0527619493	-0.0522563366	0.0557506349	0.0327006336	0.0925433278	-0.0618831571	-0.1724867107	0.0545759458	0.2089874909	0.158512711	0.0659086183	-0.0775521857	0.0604417687	0.1396174144	0.0255488569	-0.0188084114	0.1100461849	0.0704767379	-0.0926671364	0.1621624039	0.0658536721	-0.0381076622	0.1729061981	-0.0320507208	-0.0236190999	0.1503564701	0.1166407329	0.1852574016	0.0558951386	-0.0763559103	-0.1103093214	-0.0732514183	0.059277567	-0.1045373251	-0.0100589327	0.2040191771	-0.1704963246	-0.0868982871	0.1602999959	0.013817667	0.1267058647	0.0330106304	-0.0987687736	-0.0645974191	0.2933825083	0.1473000339	-0.0370637795	0.0327823962	-0.1169934096	0.2234357863	0.1045303843	-0.0752474939	0.1143001891	-0.1450096515	0.0550990736	0.0017041029	-0.033635446	-0.268244863	0.1153116466	0.0660107228	0.1289971062	-0.0635002403	-0.0183250044	-0.0214360794	0.1232925447	0.1063942335	0.0799246852	-0.105119214539215	0.0008701022374424	0.0110500492653415	7.57077903602289e-07	0.0540412225357442	0.0273287055758543	0.0029204537331578	0.0007468581484517	0.0617512180226356	-0.0214133348742961	0.0004585309104387	0.003813212927279	0.0004080264945762	-0.0008970425447931	1.6648562027614176e-07	8.046853271690601e-07	0.0078352113695454	-7.856468178003839e-07	6.13905372054535e-05	6.172409223198696e-13	0.0006329101704948	7.012674072700035e-06	4.91775976499193e-11	4.005752839157568e-07	0.0	0.0	0.0	0.0	0.0	0.0	0.0	0.0	0.0
850.9346971993801	-0.5740599713908523	724089.8588978008	0.3295448507532661	865.054896441373	-10.71970777800584	114.91213484583892	748319.9738571945	765.6193308839275	-1.3064744801512234	586172.959823153	1.706875567286409	768.8288576720191	591.9557481963059	1.056786	18.850252	0.0728002759488824	0.0545169913159469	0.1412808241	-0.0662034143	0.1067534674	-0.08367579	-0.082341722	0.065122511	-0.081686461	0.0580200869	0.1768808429	-0.0547939488	-0.0277473678	0.0587155027	0.1974745302	0.0735955321	-0.0277451211	0.0567038198	0.0585650823	0.1142172282	-0.0025503991	0.0514138921	0.0113903691	-0.0085133028	-0.0460286193	0.0398439065	-0.0461220329	0.0344659174	0.1014070384	0.1585843744	0.006986807	0.1900947021	0.1171583055	0.0168026417	-0.0317270521	-0.045861783	-0.0425199516	-0.0476864508	-0.0360044897	-0.0565863563	0.0254505222	0.0980454825	-0.1345585731	-0.0522746336	-0.0930238147	-0.116618801	0.1213540221	0.0323283819	-0.098356523	-0.0839372525	0.2541260707	0.0638658365	-0.0674202603	0.1049485314	-0.1297442636	0.2154401021	-0.0197710831	-0.0137818961	-0.0085814978	-0.0685780354	0.0703174155	0.0399178385	-0.0314770378	0.0393608155	-0.0795794819	-0.0514558594	0.0203796492	-0.0443603446	0.0057439193	0.0541783356	0.1222481541	0.1024214758	0.0717238087	-0.1057504030852811	-0.000631188546066	0.0111831477526994	3.983989806850371e-07	0.014728776058817	-0.0393124464769272	0.0002169368441907	0.0015454684480012	0.0617938707923997	4.2652769764103815e-05	1.8192587685496487e-09	0.0038184824675077	0.001058556153029	0.0006505296584528	1.1205411291155555e-06	4.231888365267168e-07	0.0078359130903056	7.017207602003084e-07	6.140153395882265e-05	4.924120252960987e-13	0.0006278617865853	-5.048383909500012e-06	2.5486180097698624e-11	3.942104230540848e-07	0.0	0.0	0.0	0.0	0.0	0.0	0.0	0.0	0.0
850.3958029898639	-0.5388942095162292	723173.0217427755	0.2904069690501216	870.4153842348042	5.360487793431162	28.734829383524485	757622.9411126218	765.1867630206795	-0.4325678632480958	585510.7823020654	0.1871149563150233	769.0894583549356	581.5470239336302	1.06122	18.929344	0.0775627631556545	0.0468720712768199	0.1102244862	-0.0425187487	0.1663609821	0.0860068325	0.0667300323	0.0741878068	-0.1799904208	0.0637811301	-0.0612745672	-0.0135937644	-0.0482537734	0.0783921978	0.1616577512	0.1040467752	-0.0300505446	-0.1000634476	0.1509322754	-0.0999445015	0.0730686047	0.0891475454	-0.1081565338	0.0165554102	-0.1156831817	0.2148436371	-0.0046946989	0.0780870065	0.0019214972	0.0720024153	-0.0445983854	0.116936369	0.1531412652	0.0156168145	0.1271023642	0.1014951339	0.1063497536	-0.0396276954	0.0563175999	0.0209849359	-0.0962317717	0.1887737863	-0.1572799864	-0.046835856	-0.0617989731	-0.0792197039	0.1236318265	0.0284002911	-0.0974831045	-0.0684680743	0.140785684	0.1796768113	0.0519519362	0.0996303461	-0.1464039496	0.2420193794	-0.1518565057	0.0469050314	-0.0278052333	-0.0586991636	0.0367465859	-0.0347365812	-0.0335995	-0.0448668789	-0.0167157509	-0.0225318861	0.0323945235	0.006215913	0.0234996331	-0.042802705	0.1211199807	0.098167988	0.063080731	-0.1063812317739945	-0.0006308286887134	0.0113169664737523	3.979448345038749e-07	0.041369445724527	0.02664066966571	0.0017114310395545	0.0007097252802374	0.0610637581336135	-0.0007301126587862	5.330644945198602e-07	0.0037287825574004	0.0006622194562455	-0.0003963366967835	4.3853460823008563e-07	1.570827772172561e-07	0.007244776801115	-0.0005911362891905	5.24867908979741e-05	3.494421123980319e-07	0.0006316118434601	3.750056874799964e-06	1.4062926564234474e-11	3.989335207990658e-07	0.0	0.0	0.0	0.0	0.0	0.0	0.0	0.0	0.0
850.670386316816	0.2745833269520972	723640.106156401	0.0753960034400823	864.0552597623882	-6.360124472415919	40.45118330462387	746591.4919230482	764.2972559216793	-0.8895070990001841	584150.2954094089	0.7912228791717233	767.5117837104941	583.2205457706722	1.020527	18.203491	0.0469680512751066	0.0305993172045097	0.0802999432	-0.0413343818	0.014641309	-0.0101300249	0.2049259539	0.0126851569	0.0384135166	-0.0248802445	-0.0829190052	-0.1574511766	-0.0463444834	-0.0114825162	0.0798654049	0.0857485554	0.0594546504	-0.175729809	0.047289848	0.0334321098	-0.0472338668	0.0921438538	-0.1296011903	-0.0080086365	-0.2342950557	0.0962383264	-0.0413922969	0.0192803716	0.0101433491	0.050912532	-0.1487677625	0.0108653038	0.0740831949	0.149881954	0.1657845556	0.0185636933	-0.0474511115	0.0126572361	-0.0245147134	0.0526798391	-0.1577171451	0.1658127842	-0.0214735944	-0.0497165636	-0.0877155654	0.0166747924	0.1092115826	0.0454019436	-0.1093565191	-0.0481137416	0.2632599023	0.1768023457	0.1341539314	0.1046766275	-0.0238823178	0.1793683753	-0.0508775561	0.0371612882	0.0479919405	-0.0998666744	-0.0769877313	0.0420643047	-0.0023719997	0.0795350704	-0.0408322518	-0.0099091344	-0.0205504563	0.0477365371	0.0138951415	0.0421273054	0.1199087977	0.0936454286	0.0540487397	-0.1058298407773321	0.0005513909966624	0.0111999551989554	3.0403203120035946e-07	0.0410420849098613	-0.0003273608146657	0.0016844527337482	1.0716510297859193e-07	0.052268263541265	-0.0087954945923484	7.736072512403167e-05	0.0027319713736191	0.0009841041369306	0.0003218846806851	9.684609523239212e-07	1.0360974765974888e-07	0.0076658895062817	0.0004211127051666	5.8765861922519886e-05	1.773359104528158e-07	0.0006287331318833	-2.878711576799974e-06	8.286980342402192e-12	3.953053511277831e-07	0.0	0.0	0.0	0.0	0.0	0.0	0.0	0.0	0.0
850.9625476302422	0.2921613134261633	724137.2574693522	0.0853582330629008	866.7023863358932	2.64712657350492	7.007279096155899	751173.0264803318	764.5750682809177	0.2778123592383963	584575.0350367699	0.0771797069456037	768.7025362185542	585.567886576933	0.967879	17.264391	0.0710666497844209	0.0487786783919104	0.1093844063	-0.0550946956	-0.0062008262	-0.1416509324	0.0833341538	0.0168018248	0.1071542651	0.0392862493	0.0714124168	-0.0674175787	-0.0767706066	-0.0139585812	0.1236757059	0.0418638389	0.0359243376	0.0031256494	0.0386186706	0.0989225877	-0.1071457021	-0.0247100635	-0.0884281226	-0.0662549442	-0.047514818	0.0929780625	0.0435821629	-0.0185706738	-0.0133110988	0.1176744849	0.0558916939	0.0875901951	0.0616156865	0.0952986024	-0.0051783765	-0.0316502662	-0.14497496	0.0984209421	-0.0145038576	0.0240953081	-0.1194007115	0.0552757349	-0.02519837	-0.0755929795	0.0596363988	-0.1153306995	0.1058351408	0.0378073004	-0.0922108895	-0.023186585	0.161815957	-0.0480097899	-0.031566987	0.0059416873	0.0313628186	0.0439598047	0.0039801657	-0.0341412978	0.0268959435	0.0726406954	-0.1215854067	0.0108876853	-0.0331130176	0.0005815854	-0.0583854247	-0.0721703532	-0.0304300957	0.029306012	0.1128056617	0.0340206272	0.1186154352	0.0888661936	0.0446835199	-0.1081846619193669	-0.0023548211420348	0.0117039210746077	5.545182610974115e-06	0.0011189290543427	-0.0399231558555185	1.2520022286522491e-06	0.001593858373464	0.0453950480410725	-0.0068732155001925	4.724109131208644e-05	0.0020607103866512	0.0014191189320556	0.000435014795125	2.013898543318627e-06	1.892378719776457e-07	0.0076660210404306	1.3153414890002685e-07	5.876787859232466e-05	1.7301232326854433e-14	0.0006255703154237	-3.162816459600037e-06	1.0003407957116907e-11	3.9133821953930747e-07	0.0	0.0	0.0	0.0	0.0	0.0	0.0	0.0	0.0
851.3011526111221	0.3386049808799498	724713.652437025	0.1146533330767111	868.8695228461063	2.1671365102131404	4.696480653898789	754934.2477308204	763.8311071269679	-0.7439611539497264	583437.9602148095	0.5534781985862085	766.8253171326684	588.6348773519118	0.901629	16.082668	0.1385769603949733	0.0618240520461402	0.1408698798	-0.0870652956	0.0314309978	-0.136396447	-0.0456647986	0.0133592965	0.0238041535	0.0605795502	0.1614209772	-0.033343094	-0.0207897075	0.0291395501	0.1053459058	-0.0434791829	0.0160045694	0.1507932794	0.0677288098	0.0627699106	-0.1150773357	-0.0222480875	-0.0306904312	-0.0997467959	-0.0222888885	-0.042764743	0.0584536427	-0.1609630977	0.0361141115	0.0469857557	0.1094302326	0.13191299	0.0245168129	-0.0050874238	-0.1385961461	-0.0007624523	-0.0543834569	0.1240542486	-0.0775706562	-0.0057904312	-0.0527350865	-0.0250551288	0.0373866476	-0.0778824173	-0.0034431795	-0.1150828976	0.1224225004	0.0472426714	-0.0628881432	0.0025448044	0.0088776359	-0.1768035311	-0.0748606207	-0.0681173052	0.0091012531	-0.0605147564	0.0054629956	-0.0552773697	0.0151917348	0.1913285738	-0.1145589577	-0.0446730903	0.0069277326	-0.044730801	-0.1208588136	-0.015819466	-0.0293939271	0.0380509042	0.1818578973	0.0300120175	0.1172407796	0.0838433825	0.0350428114	-0.0856755671566844	0.0225090947626825	0.0073403028076195	0.0005066593470354	0.0330021887158267	0.031883259661484	0.001089144460035	0.0010165422466416	0.0430586008147457	-0.0023364472263268	5.458985641410211e-06	0.0018540431041236	0.001668029852671	0.0002489109206153	2.7823235894016376e-06	6.195664640160589e-08	0.0067591783995377	-0.0009068426408929	4.5686492636777024e-05	8.223635753416094e-07	0.0001443607020424	-0.0004812096133813	2.315626920105802e-07	2.0840012294174593e-08	0.0	0.0	0.0	0.0	0.0	0.0	0.0	0.0	0.0
851.7472998922351	0.4461472811129852	725473.4628737131	0.199047396444509	876.1818364461263	7.312313600020047	53.46993018503815	767694.6105181065	764.3595431639702	0.5284360370022796	584245.5112258332	0.2792446452026746	768.2755398840501	590.6724092123717	1.288198	22.978039	0.2841362929816475	0.1300738439203748	0.0725860608	-0.0830676366	0.1265772251	0.0243823311	-0.072762596	-0.0065605187	-0.0849216832	0.1570505835	0.0252070407	0.124282931	-0.0487230374	0.0567294359	0.1141375352	-0.0291269904	0.0681845472	0.1062638712	0.0277940313	-0.1436797175	-0.0016575098	0.0130540259	0.0447495103	-0.0216805824	-0.0589847779	-0.0569569848	0.0084939283	-0.081639025	-0.018508443	0.0649632594	0.0345567357	0.1227832934	0.0142587474	0.0272653085	-0.0876164458	0.0178289931	0.1515456649	0.0290716545	-0.0282245411	-0.0245605058	-0.0046236528	0.0452177562	0.0576212722	0.0443524338	0.079696831	-0.0119577923	0.1255002169	-0.0153040674	-0.0138600679	0.0328139069	-0.1341559244	0.0031179456	-0.15512323	0.0116393351	-0.0885855599	4.0438e-06	-0.0236929786	-0.0271075713	-0.2133730484	0.0941146807	-0.1116827783	0.1001408296	0.0770471856	-0.0688376011	0.1948676018	0.0531214015	-0.0162175688	-0.0253407862	0.3073748058	-0.0873529925	0.1157857731	0.0785907625	0.0251860523	-0.0596532221366743	0.02602234502001	0.0035585069112874	0.0006771624403404	0.0737451396831829	0.0407429509673562	0.0054383456268921	0.0016599880535283	0.0607491902013919	0.0176905893866462	0.0003129569528469	0.0036904641101248	0.000220139479638	-0.001447890373033	4.8461390495289425e-08	2.09638653232164e-06	0.0053449206281956	-0.0014142577713421	2.8568176521710848e-05	2.000125043801524e-06	-0.0009870993057352	-0.0011314600077776	1.2802017492000865e-06	9.743650393829136e-07	0.0	0.0	0.0	0.0	0.0	0.0	0.0	0.0	0.0
848.5098553452883	-3.23744454694679	719968.974618082	10.481047194555506	869.9756026268005	-6.206233819325803	38.517338220143344	756857.5491658647	763.1748259748088	-1.1847171891614607	582435.8150016796	1.4035548182946322	766.9516951571798	579.030358223596	1.179604	21.041006	0.1307180071863553	0.0659565584939671	0.0408906283	-0.1215894909	0.0133283136	0.0849184731	0.1038927114	-0.0095079346	-0.0890967368	-0.0087422537	-0.0925212133	-0.1398572926	-0.0805208474	0.1649635458	0.0588316417	-0.0482434174	0.0606355841	-0.1084185494	0.0639092916	-0.1436135695	-0.0322424768	-0.0427779672	-0.0647096857	0.0454173434	0.0576403088	-0.0803626798	0.0433100003	-0.1265246129	0.1589952245	0.0877701856	0.1082767697	0.0414918432	-0.0235926497	0.069982865	0.0932997114	0.1120777794	0.1338442627	0.0829424427	0.0196044056	0.0003658118	0.0847725211	-0.0252921087	0.002501718	-0.0649840326	-0.061836192	-0.109662826	0.1447889823	-0.0084222708	0.0329359958	0.0524722214	-0.1295813223	0.1010882161	0.0469887718	-0.0016014821	-0.0015624421	-0.1125979082	-0.0172675697	-0.046832227	-0.1926211448	0.0661531271	-0.0809600371	-0.0715755506	0.1036833093	-0.0718760778	0.0020191404	0.046015708	-0.0569672123	0.0726648787	0.1401370302	0.0791349104	0.1142514127	0.0731227308	0.0151740128	-0.0646748221832211	-0.0050216000465467	0.0041828326244312	2.5216467027478777e-05	0.1085654882796802	0.0348203485964973	0.0117864652454053	0.0012124566763815	0.0438267156307006	-0.0169224745706913	0.0002863701455956	0.0019207810029742	0.0003729062763309	0.0001527667966929	1.3905909092697754e-07	2.333769417180984e-08	0.0043618973622618	-0.0009830232659337	1.902614859890645e-05	9.66334741367154e-07	-0.0006438176889095	0.0003432816168256	1.1784226845046669e-07	4.145012165527697e-07	0.0	0.0	0.0	0.0	0.0	0.0	0.0	0.0	0.0
850.015378116885	1.505522771596702	722526.143035191	2.266598815796216	868.9834586056796	-0.9921440211209074	0.9843497586459636	755132.251330289	764.7771650865984	1.6023391117896608	584884.1122378942	2.5674906291708792	769.1604431652632	573.6582586354223	1.133239	20.213984	0.3341620204783729	0.1821185637958507	0.0431391831	-0.1386759247	-0.1192020648	0.0361835389	0.0464321312	-0.0631847269	-0.0180047646	-0.0169327357	-0.0411938641	-0.0458858075	-0.154695387	0.1426120278	0.1157076281	-0.073566376	0.1465884233	-0.1102609405	0.0622554145	-0.0607040181	0.0575145921	-0.1429805452	0.0143107903	0.1981908181	-0.0244545767	-0.1403958449	0.0030198276	-0.0199150488	-0.0464294892	-0.063229999	0.0690707793	0.1018346463	-0.0470861184	0.181241811	0.0566168547	0.0917016603	0.0163185948	0.0175060993	0.1609671876	0.058907006	0.0932578574	0.0245233795	0.1177453685	0.1528277235	0.0163965117	0.0282118675	0.1599857928	-0.0241601485	0.1710034316	0.0688325595	-0.1149572624	0.0201079871	0.1018634235	0.141816885	-0.0083518528	-0.1164289885	0.0473679705	-0.0194037881	0.0430724473	-0.0790601164	-0.0833448567	0.1868174293	0.0259699041	0.0595333474	0.1911552645	-0.0313648953	-0.1118033743	0.0649315161	0.1123435043	0.1714706731	0.1126387502	0.0674542747	0.0050684204	-0.0325812504392928	0.0320935717439282	0.0010615378801879	0.0010299973472826	0.0393479042996745	-0.0692175839800057	0.0015482575727763	0.0047910739320291	0.0166256359743499	-0.0272010796563507	0.0007398987344711	0.0002764117715515	0.0005459877245072	0.0001730814481762	2.981025953125501e-07	2.9957187702805204e-08	0.0010890026266812	-0.0032728947355806	1.185926720918553e-06	1.071183995019121e-05	2.320182929536538e-05	0.0006670195182048	4.449150376662507e-07	5.383248826512751e-10	0.0	0.0	0.0	0.0	0.0	0.0	0.0	0.0	0.0
852.3376348316267	2.322256714741684	726479.4437503715	5.392876249162839	867.4887348810831	-1.494723724596497	2.234199012871625	752536.7051455821	762.5440277503434	-2.233137336255026	581473.3942577165	4.986902362576196	764.9541825514573	576.3234923944996	1.383519	24.67831	0.1934232052612071	0.085060280140411	0.0564381408	-0.0900575519	-0.1653343226	0.2125154374	0.0412501015	-0.04449571	0.0155192109	0.0232227852	-0.0949836805	-0.149990105	-0.0931054836	0.293705296	0.0313734422	-0.2240019232	0.1202023858	-0.1517455051	0.049264472	-0.3316054396	-0.055275458	-0.2525069159	-0.0187495385	-0.2063932051	0.0929119657	-0.0940575639	-0.0985132441	0.0126695105	-0.0703306584	0.025815557	-0.13397935	0.0275580216	-0.1643180057	0.0860018454	0.0841016008	0.1917498939	0.1679966411	0.3222514302	0.1496522446	-0.1516454324	-0.0266927694	-0.2439330454	-0.0082895328	0.1582178496	-0.0699941641	0.1749091015	0.1774394015	-0.0301404422	0.3277971128	0.0603655554	-0.1068694299	0.181614328	-0.0684160215	0.1737643304	0.0139704598	-0.1609776984	-0.0831554652	0.082487105	0.224249022	-0.1472038898	-0.1150518251	-0.1603450178	-0.0071009263	-0.030547118	-0.084067043	-0.1277209597	-0.0630447961	-0.059069852	-0.0490615898	-0.0607822498	0.1109488906	0.0616009311	-0.0050684204	0.0009173261669559	0.0334985766062487	8.414872965820038e-07	0.0011221546346447	0.0119143355166357	-0.0274335687830388	0.0001419513908029	0.0007526006961737	-0.009227342266783	-0.0258529782411328	0.0006683764839364	8.514384530836003e-05	-0.000119983113831	-0.0006659708383382	1.4395947604582705e-08	4.435171575168849e-07	-0.0002820067728226	-0.0013710093995038	7.952781991781753e-08	1.87966677352777e-06	0.0001189832240691	9.57813947737346e-05	9.174075584801996e-09	1.4157007609877656e-08	0.0	0.0	0.0	0.0	0.0	0.0	0.0	0.0	0.0
854.8639306304318	2.5262957988051085	730792.3398929117	6.382170463060341	879.7614851286917	12.272750247608542	150.62039864017552	773980.2707158412	765.6426480442906	3.0986202939471923	586208.6645042734	9.601447726061384	769.94743160522	595.066528587264	1.515159	27.026415	0.1284875788298849	0.0864106262742566	0.0834473744	-0.0545102141	-0.0110443828	-0.0501674404	-0.0537233797	-0.1021302855	0.0190232883	0.1140619376	0.0294469625	-0.0563373257	0.1137755622	0.0691653127	0.1339486661	-0.1230390419	0.1691548276	0.1382992307	-0.1080114983	-0.1125604462	0.0671609757	-0.1154570073	0.0726131575	0.056920779	0.0082026306	0.006952931	0.0157288039	0.0041712875	-0.0058751562	0.1079069725	-0.0263843956	0.1463262127	-0.1227523257	0.1082999169	-0.0758690089	-0.0632035268	0.113584849	0.0532787292	0.1157971615	0.0520994285	0.1276396962	-0.0096882287	0.1509635198	0.0513500217	0.0967119775	0.0583165851	0.1506609189	-0.0115226878	0.1281280783	0.113710509	-0.1573412157	-0.0177006243	-0.0178263613	0.1947503693	-0.0912994045	-0.0022552964	0.0739449323	0.1266627743	-0.0128652607	0.0493312503	-0.0049962889	0.101697066	0.0544428996	0.0503557606	0.0374739033	-0.0706717351	-0.022328633	0.0661222387	-0.2747034371	-0.0027487896	0.1091829923	0.0555787436	-0.0151740128	-0.0033164057623054	-0.0042337319292613	1.099854718025246e-05	1.792448604884661e-05	0.0771854448464779	0.0652711093298421	0.0059575928961486	0.0042603177131482	-0.0093520606960595	-0.0001247184292765	1.5554686601197544e-08	8.746103926278091e-05	-0.0001200842649361	-1.011511051000083e-07	1.4420230685243457e-08	1.0231546062952924e-14	0.0008029874427324	0.001084994215555	6.447888331859194e-07	1.1772124477878098e-06	0.0002110482402391	9.206501617e-05	8.475967202382362e-09	4.454135970802087e-08	0.0	0.0	1.0	0.0	0.0	0.0	0.0	0.0	0.0
851.8769979242226	-2.986932706209245	725694.4195923859	8.921766991422485	880.8910648461544	1.129579717462775	1.2759503381032828	775969.0681257918	764.4927103947601	-1.1499376495304432	584449.1042467266	1.3223565978076004	768.3774424549309	596.5441766162431	1.376969	24.561472	0.4077123226294722	0.2141154347991695	-0.046736177	-0.0218254921	0.0358356688	-0.0387450301	-0.0511666803	-0.1401912545	-0.0660433061	0.0883787257	-0.1815977497	0.0697735701	0.0734393144	0.1589287884	0.014424345	-0.1276698526	0.1339483924	0.1136086339	-0.1175525525	-0.1669675694	0.1690792012	0.0673993202	0.0031205876	0.1563054971	-0.0657011982	0.0136018785	0.1008565649	-0.1130145618	0.0665335532	-0.102635492	0.010821398	0.0521667987	-0.1710714838	0.0317554448	-0.0736399036	-0.0495008677	0.2710289701	-0.0948775148	0.1087226249	0.0707041405	0.0117950929	0.1566630702	0.1254213753	-0.0134333632	0.0806113898	0.030564683	0.0610877774	-0.0652784294	0.0376792147	0.2683811787	-0.1992596102	-0.0096090578	0.0156827547	0.0537326092	0.0071988245	0.1499437339	-0.0137779324	0.1692304158	-0.0909710014	-0.0397966237	0.0793257894	0.1354567931	0.1253814538	-0.0044761697	0.0508919493	-0.1388415807	0.2554244495	0.2201731103	-0.0154198931	-0.0033048229	0.1073422654	0.0494042187	-0.0251860523	-0.0353463665956894	-0.032029960833384	0.0012493656315168	0.0010259183909881	0.0540107147191406	-0.0231747301273372	0.0029171573044723	0.0005370681164749	0.0181299189260215	0.027481979622081	0.0007552592039484	0.0003286939602641	-0.0027552282430515	-0.0026351439781154	7.591282671308656e-06	6.943983785397857e-06	0.0040303479071075	0.0032273604643751	1.624370425232581e-05	1.0415855567011465e-05	0.000849056838682	0.0006380085984429	4.070549716870736e-07	7.208975153126718e-07	0.0	0.0	0.0	0.0	0.0	0.0	0.0	0.0	0.0
848.3057830056866	-3.571214918535929	719622.7014808911	12.753575994373586	872.176888032393	-8.714176813761469	75.93687754149799	760692.5240178694	762.416256938855	-2.0764534559051526	581278.5488446541	4.311658954540452	766.4200861234533	579.32841336171	1.497994	26.720234	0.3941206911560281	0.1868480561342305	-0.1617141392	-0.0245509305	0.0302837013	-0.1088210152	0.0795922216	-0.0811572491	0.0939900885	-0.1313386324	-0.0663863713	-0.0124535719	0.1075025115	0.0059395512	-0.0938712608	-0.0597602089	0.0866490936	0.0542152111	-0.0502930569	0.0319576017	-0.1313553443	0.1451940054	0.115520224	0.136346234	0.1331880588	-0.0866267781	0.1933899266	-0.1688144609	0.1012572792	0.1303021146	-0.3012197861	-0.0808892317	-0.0996895832	0.0561323815	-0.0587218252	-0.0301105465	0.0142384989	0.0179193218	-0.2136277274	0.1328046877	0.1758132995	0.0301770314	0.0938226329	0.0096617302	0.0950075243	-0.0580985101	-0.0246959058	-0.1107042742	-0.0992625487	0.1749309608	-0.1175077039	-0.0015454238	0.0477844784	-0.0355628806	0.0487373697	0.0362201094	0.1319780827	0.033634606	0.0749576502	-0.1967813187	0.0305262564	-0.0670637427	0.0333350325	0.0564759222	-0.066062669	-0.1353130573	-0.0033130862	-0.0511288683	-0.0379738767	0.0387989327	0.1054279714	0.0430942802	-0.0350428114	-0.0800082800811594	-0.04466191348547	0.0064013248815452	0.0019946865161836	-0.0012852714427964	-0.055295986161937	1.6519226816679395e-06	0.0030576460856211	0.1763682473672077	0.1582383284411861	0.0250393685878607	0.0311057586793805	-0.0039170186166373	-0.0011617903735857	1.5343034843083187e-05	1.349756872156632e-06	0.004761760614828	0.0007314127077204	2.267436415292713e-05	5.349645490150325e-07	0.0016743430187244	0.0008252861800424	6.810972789689768e-07	2.803424544351137e-06	0.0	0.0	0.0	0.0	0.0	0.0	0.0	0.0	0.0
848.4661767402249	0.1603937345382746	719894.8530721746	0.0257261500791345	869.77266924309	-2.404218789302945	5.780267986837319	756504.4961622497	761.4785321817957	-0.9377247570593	579849.554973742	0.879327720001923	764.9024098650053	577.0571927888882	1.233001	21.993471	0.1480826073075467	0.0663812215414492	-0.0576154571	-0.074556069	0.0591811679	-0.1307864367	-0.1710223564	0.0102850084	-0.027390035	-0.0285677811	0.2035522981	0.0682916816	0.14204008	0.0781148578	0.0111535042	-0.0693792106	-0.1160825682	0.1073165217	0.169949323	0.0384337473	-0.1021541696	0.0028158893	0.0958651605	0.0502507964	0.0388989166	-0.1476435888	-0.0349256727	0.0584233753	-0.0467470263	0.0036939689	-0.2010866983	0.0658645777	0.0299541392	-0.1089133721	-0.1083871818	0.1216051833	-0.1068017925	0.0589986593	-0.1386467368	-0.037354206	0.0790267758	0.0484316938	0.102273159	0.1153718243	-0.0521064182	0.059751484	0.0192038428	-0.0861510621	-0.0397518736	0.0902986051	-0.1278729302	-0.0995963327	-0.144867122	0.0117853845	-0.0107585011	0.0131191277	0.2114595483	-0.0728844111	0.000644372	-0.2112245988	0.0599738876	-0.1275269169	-0.0142886268	-0.0417832749	0.1137179727	-0.090622853	-0.0041624165	-0.038059721	-0.1531479259	0.1066360444	0.1034414224	0.0366662233	-0.0446835199	-0.0754293133173007	0.0045789667638587	0.0056895813075195	2.096693662452264e-05	0.0443203010836299	0.0456055725264263	0.0019642890881436	0.0020798682454631	0.1634852227874859	-0.0128830245797217	0.0001659723223217	0.0267274180698738	-0.0031138317233686	0.0008031868932686	9.695948001456664e-06	6.451091855186259e-07	0.0041999406167612	-0.0005618199980667	1.7639501184320453e-05	3.156417102277783e-07	0.0013390490413091	-0.0003352939774153	1.124220512909718e-07	1.7930523350308195e-06	0.0	0.0	0.0	0.0	0.0	0.0	0.0	0.0	0.0
850.2296701604014	1.7634934201764736	722890.492021065	3.1099090430057164	865.655218182188	-4.117451060901999	16.953403238923	749358.9567660516	762.0594631259969	0.5809309442012136	580734.6253398827	0.3374807619305136	765.627421183063	573.3017520246834	1.271077	22.672649	0.2965153234437332	0.1369154457663249	-0.1143827388	0.0228839191	0.2226983349	0.0055066648	-0.0430279488	0.1687243344	-0.1145701823	0.0196147881	-0.0677296487	0.0565234235	0.2519081805	0.0302299805	-0.0457689448	0.0447016723	-0.1314215898	0.0849511062	0.1391816989	-0.0992234454	-0.0988572942	0.0547209312	0.0648638217	0.2000015491	0.054596547	-0.0842862155	-0.0218069455	0.0880683113	-0.0043753717	0.1209736906	-0.1191802235	-0.0039923982	0.1223403134	-0.1642452054	-0.0283121817	0.1055233147	0.0191233474	0.0664818634	-0.0711652801	0.0721168306	0.2321800177	0.0937364194	-0.0006118454	0.1344609467	-0.1526099116	0.0104538577	-0.0501289392	-0.1165826673	-0.1301723501	0.1002883824	-0.1908457045	0.0294707635	-0.0134228556	0.0243022288	-0.1446098649	0.0214278555	0.0490814124	0.0163958727	0.0618271129	-0.0392100405	0.1795804589	-0.1546370813	-0.0033080966	-0.0014965086	-0.1276667264	-0.1097549125	-0.0736541035	-0.2383680881	-0.0376413497	0.0431035992	0.1013839798	0.0301376669	-0.0540487397	-0.108289129314457	-0.0328598159971563	0.0117265355276831	0.0010797675073669	-0.015728081640276	-0.0600483827239059	0.0002473725520831	0.0036058082677566	0.2370235538605669	0.073538331073081	0.005407886137014	0.056180165084693	-0.0048980760182438	-0.0017842442948752	2.399114868049504e-05	3.1835277037947e-06	0.0049240440072928	0.0007241033905315	2.424620938575613e-05	5.243257201793581e-07	0.0014320772288941	9.302818758500004e-05	8.654243685349956e-09	2.0508451895170046e-06	0.0	0.0	0.0	0.0	0.0	0.0	0.0	0.0	0.0
850.5589290361662	0.3292588757648218	723450.49176315	0.1084114072699143	862.4849166870117	-3.170301495176318	10.050811570317196	743880.2315126015	762.1380243716033	0.0785612456063518	580854.3681930505	0.0061718693112215	765.1233970574743	578.969577557175	1.318621	23.520693	0.4205925229441078	0.2525972879829414	-0.2379060289	0.0855786284	0.1367621907	-0.0439146188	0.0709744804	0.1774045224	0.0216252374	-0.0103863471	-0.1207650185	0.0723466836	0.110325606	0.0146335371	-0.1675485865	0.0912197271	-0.0053574591	0.0582850534	0.0472593237	-0.1201663034	-0.0741422921	-0.0186901499	-0.098768947	0.2952947413	-0.0274899829	-0.1607845784	-0.1065336784	0.0077111173	0.0257314123	0.0424859269	-0.0101068226	-0.1694683697	0.074926449	-0.043739379	-0.0228614695	0.0344202909	0.0365108628	0.0473747326	0.0733337553	0.2433579859	0.1806577312	0.0998252414	0.0290818127	0.1728975002	-0.1015069409	0.1191951605	-0.1565127201	-0.1854897327	-0.132293268	0.1434108756	-0.1303380209	0.1288673868	0.1029813393	0.0282984455	-0.2493878764	-0.0797448682	0.0839972621	-0.0747437026	0.3224061361	0.0774066079	0.0294540829	0.1546737386	-0.0708414573	-0.0215515099	-0.1539858116	0.0964964578	0.0298965149	0.0010644825	0.0554042196	-0.0276165947	0.0992570537	0.0235265052	-0.063080731	-0.1218944871365863	-0.0136053578221292	0.0148582659942914	0.0001851057614681	-0.0265734946069358	-0.0108454129666598	0.0007061506156248	0.0001176229824173	0.3230323687313756	0.0860088148708086	0.007397516235481	0.1043499112482034	-0.0092974981630009	-0.0043994221447571	8.644347209100512e-05	1.9354915207779165e-05	0.006191011035759	0.0012669670284661	3.832861764488973e-05	1.6052054512204724e-06	0.0008958076564272	-0.0005362695724669	2.875850543538317e-07	8.024713573135925e-07	0.0	0.0	0.0	0.0	0.0	0.0	0.0	0.0	0.0
851.641997787723	1.083068751556766	725294.092395864	1.1730379205987318	859.0401204138091	-3.444796273202656	11.866621363870903	737949.9284805716	763.5433847467029	1.40536037509969	582998.5003904516	1.9750377839003408	766.1874776698302	582.0714710382613	1.266103	22.583918	0.4586764755328815	0.2477959774521235	-0.1324640391	0.0504791501	0.0778884479	-0.1194903473	0.1571395751	0.0916006011	0.1728070911	-0.0480482734	-0.1054410258	0.0950773497	0.0642871937	0.001180328	-0.098771973	0.1103329373	0.0951165535	0.0217490712	0.0276055445	-0.0595546607	-0.1338349396	0.0878095803	-0.0649272012	0.098890934	-0.0524175297	0.0012722817	0.0328196679	0.2472334662	-0.0586331552	-0.0048931691	-0.0247312325	-0.1457154041	0.0517825443	0.0854238494	-0.032067936	-0.0487204821	0.0263712534	0.0916246071	-0.0495216488	0.1703719441	-0.0693283255	0.0875730101	-0.0354464334	0.1795589389	-0.0125581913	0.03065825	-0.0618231433	-0.1128968935	-0.1534747453	0.1027026164	-0.0213488237	0.028405335	0.1078727552	0.1059052363	-0.0578742568	-0.1180906531	0.0660506348	0.1101160036	0.0613186235	0.0186546343	-0.1208714842	-0.0546963817	0.0039901742	0.0655466273	0.0509083149	0.0662484051	0.0838771552	-0.0433959023	0.0365052391	-0.0987921742	0.0970621018	0.016850859	-0.0717238087	-0.0867782496790994	0.0351162374574868	0.0075304646173681	0.0012331501331706	0.0149828119147343	0.0415563065216701	0.0002244846528723	0.001726926611723	0.2398831292168211	-0.0831492395145545	0.0069137960318487	0.057543915682854	-0.0049919716529125	0.0043055265100884	2.4919780983481952e-05	1.8537558529074003e-05	0.0050511394625571	-0.0011398715732018	2.5514009870201627e-05	1.299307203393774e-06	0.0003641118989341	-0.0005316957574931	2.827003785361615e-07	1.3257747494539625e-07	0.0	0.0	0.0	0.0	0.0	0.0	0.0	0.0	0.0
853.8570173008401	2.215019513117113	729071.8059938871	4.906311443489573	867.3919758652196	8.351855451410529	69.75348948125577	752368.8397953697	764.149158614795	0.6057738680921148	583923.9366116992	0.3669619792632828	766.6447107091377	585.2552128573218	1.010192	18.01914	0.2230075404656963	0.1141608706105001	-0.0815120164	0.071647956	0.0689565107	-0.1351441268	0.1486915011	0.0488755968	0.168345705	-0.0058863208	-0.0094452274	-0.035673078	0.1127406474	-0.0691238334	-0.090826632	0.0676597032	0.1480389104	-0.0182178718	-0.0698407612	-0.0569449572	-0.0828535028	0.0519509738	0.121660889	-0.0440209299	-0.1052950479	0.0651067968	0.1342540916	0.1196478729	0.0157776469	-0.0734656938	-0.161304333	-0.1346042364	-0.0027427393	0.109407304	-0.0195485583	-0.0857318406	0.0883886553	0.085477554	-0.1033434042	-0.0726675855	-0.0509459607	0.1045481642	0.0342722781	0.0320906588	0.0209729212	0.0339102433	-0.0505086613	-0.0543107861	-0.1632501829	0.1151924052	0.0800651342	0.0985745404	-0.1281847459	0.0720899057	0.1125747677	-0.1526436701	0.0346757799	0.1735490661	-0.0705499679	0.0155920602	-0.1885380681	-0.0087785522	-0.0157697477	0.0711209948	-0.0112738445	0.0207874333	0.0065937828	-0.0546851615	0.0232551008	0.0258563406	0.0948006283	0.0101290257	-0.0799246852	-0.0707979113851422	0.0159803382939572	0.0050123442564984	0.0002553712119893	-0.0344510933754662	-0.0494339052902005	0.001186877834765	0.0024437109922405	0.1829171701271974	-0.0569659590896236	0.0032451204950006	0.033458691127342	-0.0043106587367882	0.0006813129161242	1.858177874504844e-05	4.641872896777969e-07	0.0062121555087173	0.0011610160461601	3.859087606448669e-05	1.3479582594414631e-06	0.0001938941053803	-0.0001702177935537	2.8974097242324066e-08	3.759492410122689e-08	0.0	0.0	0.0	0.0	0.0	0.0	0.0	0.0	0.0
853.1510826970004	-0.705934603839637	727866.7699070642	0.4983436648982252	875.5214866291393	8.129510763919711	66.08894526068644	766537.8735492982	764.526112374376	0.3769537595809424	584500.176502277	0.1420941368622069	767.9954054881766	590.447141742126	1.001829	17.86997	0.1780913073928113	0.0866047764749302	-0.0674071388	0.0476701036	0.0658859921	-0.1978247266	0.1064605934	-0.0404605829	0.1123310163	0.0443872447	0.0774809835	-0.0719147562	0.2770999886	-0.0596179044	-0.0801208363	0.0416804126	0.1498318127	0.0373453988	-0.1006105149	-0.0129977997	-0.1239359866	0.1134108542	0.0317401964	-0.0362574284	0.0075948286	0.0145634651	0.037384036	0.0029708502	0.04558249	-0.0830315598	-0.2052646501	-0.094367955	-0.0726950495	0.0912565757	-0.0551061683	-0.1314223679	0.0931981488	0.0711694811	-0.1916530327	-0.0016353633	0.0707566231	0.0626903266	0.0375265616	-0.1010299069	-0.1011520268	0.0318801608	-0.0273407145	-0.0497367004	-0.171077924	0.1322633961	0.0419825641	0.0519267554	-0.0808311748	0.0745651722	0.1085214887	-0.1281055568	0.0865440262	0.0943403812	-0.1698984151	0.0217726772	-0.0198442396	-0.0481609098	-0.0669469857	0.0102633519	-0.2049677077	0.0369279412	0.1207628719	-0.1313216002	-0.0044304064	0.0333281226	0.0924741833	0.0033794295	-0.0876327994	-0.0513481747048416	0.0194497366803006	0.0026366350455189	0.000378292256933	-0.0022373150355292	0.032213778339937	5.005578568205025e-06	0.0010377275149345	0.1601019484011487	-0.0228152217260487	0.0005205343424087	0.025632633881844	-0.0036779684257976	0.0006326903109906	1.3527451741164076e-05	4.002970296213822e-07	0.0047821926721169	-0.0014299628366004	2.2869366753248574e-05	2.044793714058262e-06	0.0001842958400408	-9.598265339500004e-06	9.212669752744711e-11	3.3964956656344145e-08	0.0	0.0	0.0	0.0	0.0	0.0	0.0	0.0	0.0
849.9243689389327	-3.226713758067717	722371.4329162431	10.411681676503491	872.6513159202807	-2.870170708858609	8.23787989798993	761520.3191773975	763.787772685233	-0.7383396891430039	583371.7617034691	0.5451454965637875	767.1231869941702	593.1495690490847	2.217666	39.557278	0.7053235693713731	0.4018664534796415	0.090715274	-0.0878166853	-0.1828516951	0.0205208356	-0.2472861576	-0.0758577505	-0.0323505371	-0.0025109128	0.2266730474	0.0639605831	-0.0948148272	0.1548620297	0.0482796513	-0.1587751866	0.0738061196	0.075866463	0.0407474046	0.1295763956	0.2418505659	-0.1517174527	-0.0007725265	-0.0870806326	0.0727048234	-0.0669542283	0.0134461124	0.0553940212	-0.1204708245	-0.2207095749	0.0095130354	0.1049847908	-0.0783487597	0.056094859	-0.1726076316	0.1020755459	-0.0640134701	-0.1255536406	0.1279365689	-0.1414035355	-0.0410058696	-0.1838479119	0.1974697258	-0.0579405629	0.0290774589	0.0716027081	0.0980709996	-0.0323454303	0.2749768849	-0.1088251349	0.085920399	-0.1219774846	-0.0958426065	0.1816834267	-0.067321823	-0.1890019235	-0.0192379268	0.0037132091	-0.1541869123	-0.1516152334	0.1193990187	0.1666749977	0.0862286582	-0.1281691828	-0.1744240482	0.1663252162	0.0290056427	0.1076963716	0.2168820193	-0.0420026502	0.090084361	-0.0033794295	-0.0948006283	0.0383115844722397	0.0896597591770813	0.0014677775047735	0.0080388724156922	-0.0094935030439842	-0.007256188008455	9.012660004613727e-05	5.265226441404615e-05	0.1775995453214705	0.0174975969203217	0.000306165897986	0.031541598498393	-0.000145314018574	0.0035326544072236	2.1116163994124812e-08	1.2479647160876324e-05	-0.0020149089551924	-0.0067971016273093	4.05985809771453e-06	4.6200590531970734e-05	-0.0013041486307366	-0.0014884444707774	2.215466942587815e-06	1.700803651052149e-06	0.0	0.0	0.0	1.0	0.0	0.0	0.0	0.0	0.0
848.2044833134248	-1.7198856255079136	719450.845512994	2.958006564828747	875.7507361787739	3.0994202584931827	9.606405938757948	766939.3519176644	762.8891943659359	-0.8985783192971439	581999.9228803066	0.80744299591088	766.4280327584073	585.5864432143392	1.637693	29.212095	0.2551967175386395	0.122462432027109	0.0399214712	-0.0239764926	-0.0082557013	0.0807937538	-0.1028317703	-0.1021794758	-0.160043184	-0.0017658339	-0.0536768549	0.2028485491	-0.1174261596	-0.0089326336	0.0361495168	-0.1175260669	0.0035813084	0.0623733688	-0.0162766911	-0.004177029	0.0391609969	0.1989783144	0.0742675664	0.007318305	-0.0598857317	0.041661817	-0.0579357544	0.0680391547	-0.2126967406	-0.0180461196	-0.0520943369	0.0767014189	-0.0659572728	-0.0494034411	-0.0719504822	0.0607975823	0.0898301635	-0.1125430478	-0.0983873963	0.0718823063	-0.1177970421	-0.0006000059	-0.0535670634	0.1494004922	0.103786745	0.0347130135	0.0436971216	-0.0142616274	0.0491875203	-0.018736902	-0.0716110682	-0.1076748873	0.0325649181	-0.0268013171	-0.0455367523	0.0380096835	-0.1119328571	0.1697982873	-0.054524399	-0.1109793746	0.015500318	0.0322310203	-0.0600143983	-0.0738213451	-0.1283092145	0.2781125093	-0.2963497397	-0.0929410831	-0.108401668	0.0331949747	0.0876327994	-0.0101290257	-0.1013839798	-0.0144138740724741	-0.0527254585447138	0.0002077597657771	0.0027799739787503	-0.0266379201642905	-0.0171444171203063	0.0007095787906791	0.000293931038395	0.1861370684460723	0.0085375231246018	7.288930110311083e-05	0.0346470082496978	-0.0005500009216693	-0.0004046869030953	3.025010138370796e-07	1.6377148953686477e-07	-1.7953267902548475e-05	0.0019969556872898	3.2231982838067726e-10	3.987832016999284e-06	-0.0001700048461414	0.0011341437845952	1.2862821241359234e-06	2.8901647711561085e-08	0.0	0.0	0.0	0.0	1.0	0.0	0.0	0.0	0.0
844.9843856180598	-3.220097695364984	713998.61193833	10.369029167694883	866.665494369738	-9.085241809035892	82.54161872865377	751109.0791311424	761.4844864555027	-1.4047079104331033	579858.6231124008	1.9732043136333357	765.1780492679168	571.9779842446349	1.74819	31.183062	0.4081615173963464	0.209894942682489	-0.1307285762	-0.0279703653	0.0505971131	0.0228816748	0.0537610124	-0.042390224	0.0130698539	-0.1618422847	-0.0454634378	-0.045146187	0.1844926261	0.04762084	-0.1116875249	-0.0142589668	-0.038966803	-0.0946779588	-0.0042727551	-0.0110662479	-0.1278660663	0.0424665521	0.0442822386	0.0294504348	-0.0248424608	0.1318057171	0.0806366679	-0.2254093239	0.0460303181	-0.1015735837	0.0379576047	-0.1029788602	-0.0549149932	-0.0343102784	0.0922004945	0.0432545232	0.0194266915	0.0196639634	-0.1265964529	-0.0209123418	0.0864977286	0.0863854637	-0.0216637092	-0.1593533077	0.0501136655	0.0544828336	-0.0377671962	-0.065976142	-0.0580518007	0.0597823016	-0.0540671123	0.0681690751	-0.0618889111	-0.1339890613	0.193913242	0.0707006925	-0.0059459662	0.0554105335	-0.0832159698	-0.0841158029	-0.018022916	0.3095591375	0.0124960606	0.0313549873	0.2561974735	-0.1606461868	0.0263301704	-0.0721598245	0.1392910046	-0.0137850234	0.0851211787	-0.016850859	-0.1073422654	-0.0479174041247176	-0.0335035300522435	0.0022960776180515	0.0011224865259615	-0.0468002535244522	-0.0201623333601616	0.002190263729953	0.0004065196865262	0.2001032853131761	0.0139662168671037	0.0001950552135789	0.0400413247931263	-0.0031076089988244	-0.0025576080771551	9.65723368957439e-06	6.541359076329007e-06	0.0029998565223998	0.0030178097903023	8.999139154984622e-06	9.107175930444705e-06	0.0010651660287379	0.0012351708748793	1.5256470901500957e-06	1.134578668777269e-06	0.0	0.0	0.0	0.0	0.0	1.0	0.0	0.0	0.0
845.5717288443657	0.5873432263058476	714991.5486208495	0.3449720654873621	868.8118470220854	2.1463526523474457	4.606829708238915	754834.0255259275	762.5640608962407	1.0795744407379289	581503.9469705655	1.1654809730946118	766.2229247700521	569.5561988861517	1.829156	32.627296	0.2854365421494805	0.1473248082049796	-0.0086364933	-0.1381649463	-0.1570067486	-0.045864455	-0.135400506	-0.1612903029	-0.0227181142	-0.160977278	0.1263985391	0.0220117352	-0.010910526	-0.0136800051	-0.0036436753	-0.1690711443	0.0601099363	0.0562785208	0.0295733739	0.2269266328	0.0748473525	-0.0652256941	0.1222818976	-0.0095117145	-0.0812434045	-0.0684338921	0.1008505757	0.0216106284	-0.1433871179	-0.113377239	0.0007474378	0.0655824451	-0.1195703432	0.0490352145	-0.1548312402	0.0735511897	-0.1672900247	-0.0843827832	-0.0065322748	-0.1500241721	0.0298786863	-0.0089024247	0.1214851033	0.0160706968	0.0694444789	-0.0286211981	0.0425455372	-0.0456851146	0.1071569617	-0.0090727506	0.0876308263	-0.1257954646	-0.021976322	-0.036841755	-0.0081829528	-0.0551714163	0.1140801744	-0.035556566	-0.1578041447	-0.1754204324	0.1082987381	-0.2015853635	0.0894436914	-0.2362351291	-0.1456294274	0.105736207	0.0244067652	-0.1121781936	0.0525804491	0.0323581046	0.0825512202	-0.0235265052	-0.1126387502	-0.0226025054788436	0.025314898645874	0.0005108732539211	0.0006408440934508	-0.0185492994031335	0.0282509541213186	0.000344076508347	0.0007981164087648	0.1993054730690033	-0.0007978122441727	6.365043769519983e-07	0.0397226715952592	-0.0020949718345372	0.0010126371642872	4.388906987504161e-06	1.0254340264956216e-06	0.0005631123405582	-0.0024367441818416	3.170955080889342e-07	5.937722207738889e-06	-0.0001069101678956	-0.0011720761966335	1.373762610714851e-06	1.1429783999465381e-08	0.0	0.0	0.0	0.0	0.0	0.0	1.0	0.0	0.0
845.3393060589646	-0.2324227854011269	714598.5423682517	0.0540203511736183	867.6567411133738	-1.1551059087116755	1.3342696603406257	752828.2203994801	762.8471101064988	0.2830492102581274	581935.7133978367	0.0801168554277496	765.6336706481395	563.9961722878849	1.567954	27.96814	0.3193620371497782	0.1584994963676095	-0.1274157984	-0.0582876552	0.0885255535	0.072735849	-0.057596986	0.0194826619	-0.1447321125	-0.0853762849	-0.0441931886	0.1893314433	0.0437489389	-0.0632499089	-0.0707701645	-0.0247693931	0.0183874796	0.0624073258	0.0240808687	-0.0499128486	0.0306250414	0.2297430576	-0.0192285959	0.0572846329	0.0790513411	-0.030522702	-0.103210425	-0.0043207471	-0.0103422488	0.0598237681	-0.0530394505	-0.0374437019	-0.022784241	-0.053571537	-0.0703849209	0.0583734961	0.1185008423	-0.1312817962	-0.0965841316	0.1707111375	0.0008070413	0.0213398811	-0.1031889137	0.0887927354	-0.0507584436	0.0449899401	-0.0518540372	-0.1195949222	-0.0508768467	0.01295145	-0.0837721806	-0.0586321604	0.0866715663	-0.0788435622	-0.094131873	0.0879281614	-0.1279973369	-0.0014719545	-0.0710893123	-0.0597828712	-0.0432936387	0.004999923	-0.0260141736	0.0474638574	-0.0136450631	0.1179961623	-0.0752226658	-0.0695335376	0.0330814082	0.0218859459	0.0799246852	-0.0301376669	-0.1172407796	-0.0370501662444695	-0.0144476607656259	0.0013727148187428	0.0002087349015986	-0.0944124606956791	-0.0758631612925456	0.0089137127346131	0.0057552192412987	0.28847082897407	0.0891653559050666	0.0079504606936772	0.0832154191689871	-0.0041339471828789	-0.0020389753483417	1.7089519310832396e-05	4.157420471145158e-06	0.0013177207758066	0.0007546084352484	1.7363880429923478e-06	5.694338905480388e-07	-0.0001027767677549	4.133400140700003e-06	1.7084996723138797e-11	1.0563063990144651e-08	0.0	0.0	0.0	0.0	0.0	0.0	0.0	1.0	0.0
845.6835563124869	0.3442502535223184	715180.6774173351	0.1185082370501805	864.2469316829335	-3.409809430440305	11.626800351919636	746922.758923365	762.5009366992741	-0.3461734072246827	581407.6784672705	0.119836027869546	766.6677389060715	564.8235213800086	1.130026	20.15667	0.175736041301694	0.092339841509592	-0.1619808869	-0.0770456953	-0.031757354	0.0024376464	-0.0251249169	0.0193520492	0.0101507462	-0.1745143542	0.0019180199	0.0304469152	0.0176903118	0.0176859662	-0.1204600667	-0.0076429022	-0.0239374163	0.0162342893	0.0673903408	0.1047188257	0.0348899763	-0.0439527075	0.0266084602	-0.0091759388	0.0921059247	-0.0059656744	-0.0173583099	-0.123157086	0.1838038104	0.0680085767	-0.0240173098	-0.1112120424	-0.0016686535	-0.0168472921	-0.0458549276	0.0819813153	-0.1041044717	-0.0640866579	0.0050661748	0.0119416118	0.0709549928	-0.0297940132	0.021890961	-0.0891913295	0.0663837135	0.0263586721	-0.067454019	-0.1487051946	0.0154226455	-0.0278570963	0.0220765244	-0.0039992365	-0.0082046954	-0.0816391418	-0.0329777628	0.0213197514	0.0292573141	-0.207206448	0.0291076128	-0.0318240504	-0.1259342348	-0.0594711463	0.0469251089	0.0030967058	-0.0098933697	-0.0010117674	0.0371906772	0.0365514187	0.0425393718	-0.0669061918	0.0772433738	-0.0366662233	-0.1211199807	-0.0551169077538276	-0.018066741509358	0.0030378735203439	0.0003264071487659	-0.0590667863246778	0.0353456743710013	0.0034888852467251	0.0012493166967408	0.3229481423848597	0.0344773134107896	0.0011886851400258	0.1042955026698316	-0.0053902209226112	-0.0012562737397323	2.905448159455554e-05	1.578223709140979e-06	0.0012311654934984	-8.655528230820013e-05	1.5157684723811586e-06	7.491816895452224e-09	0.0003113204504155	0.0004140972181704	1.714765060964639e-07	9.69204228469098e-08	0.0	0.0	0.0	0.0	0.0	0.0	0.0	0.0	0.0
846.2423565955057	0.5588002830188543	716126.1260963151	0.3122577563019517	861.3509124409069	-2.8960192420265685	8.386927450188141	741925.3943627828	761.8144941996987	-0.686442499575378	580361.3235727429	0.4712033052232927	765.6014721402605	564.0382861046472	1.023654	18.259277	0.1095236300214707	0.0805272565665839	-0.1328248533	-0.0443443517	0.1382786538	0.0398323796	-0.1575502611	0.1109121543	-0.0734425461	-0.0656525443	0.0880825649	0.133335797	0.0974968628	-0.0651702268	-0.1072893491	-0.000469094	-0.0828421487	0.173132149	0.1271692428	0.0118629238	0.030413564	0.0466031031	0.0472422845	0.0535955722	0.0555211021	-0.0317076319	-0.0939458274	0.0305437842	0.1515538637	0.0888736798	0.0347481536	-0.059325822	0.0621111505	-0.1441118723	-0.1718501806	0.0682366721	-0.0096628263	-0.0527013727	-0.0578006801	-0.0089066243	0.110497902	0.0232746572	-0.0673944301	-0.0565672557	-0.0362108602	0.0049946166	-0.0938193812	-0.145553852	-0.0448163998	-0.0879775492	-0.0529549605	-0.0557936541	-0.0793828599	-0.0663106921	-0.1664516629	0.0640272125	-0.0456740759	-0.1940906117	-0.0012030346	0.0252394483	-0.0445985732	0.0287303282	-0.0201620693	0.0017239807	0.0282994897	0.0892433651	-0.0319766579	-0.003948024	-0.0632119404	-0.0178803552	0.0745091236	-0.0430942802	-0.1242524367	-0.0607361389251934	-0.0056192311713658	0.0036888785715403	3.157575895724913e-05	-0.059450543547797	-0.0003837572231191	0.0035343671281285	1.4726960629615577e-07	0.3991545248888855	0.0762063825040257	0.0058074127343498	0.1593243347392719	-0.0055219659338435	-0.0001317450112322	3.049210777452812e-05	1.735674798459879e-08	0.0012332906893581	2.12519585970016e-06	1.5210059244573777e-06	4.516457442086702e-12	-0.0001010945249517	-0.0004124149753672	1.7008611190712817e-07	1.0220102975209893e-08	0.0	0.0	0.0	0.0	0.0	0.0	0.0	0.0	0.0
848.2063115203945	1.9639549248887531	719453.9469030325	3.8571189469947886	858.1787783593843	-3.172134081522586	10.06243463115714	736470.8156264052	762.0400317359737	0.2255375362749418	580705.0099681638	0.0508671802689707	764.9610491412284	564.4319445782211	1.037448	18.505316	0.0883008282306994	0.0482591316347271	-0.1611836179	-0.0152665293	0.0871310658	0.1220516191	0.0210733729	0.2053029554	-0.0188198693	-0.1029128892	-0.0569552917	0.0144735327	0.0347722064	0.041973653	-0.1809329582	0.0886534151	-0.0320765424	-0.0449602168	0.1210028938	-0.0660511766	0.0609609428	-0.0776574163	-0.096067858	0.1116181576	0.0400269053	-0.0113028554	-0.0741429236	0.0317103471	0.1172768947	0.039139176	0.2293649638	-0.1972338079	0.0995576373	-0.0500569006	0.0231961174	0.1334571822	0.0239139289	0.0130670788	0.1596449296	0.0257481447	0.1267692341	0.0008050995	-0.0968633802	-0.0529104764	-0.1505509331	-0.1154987968	-0.0990626915	-0.1590150338	0.0096935738	-0.1036701279	-0.0292623599	0.0682501239	0.0980455445	-0.0069209478	-0.0748518988	0.0168707891	-0.1267739092	-0.2000200796	0.0692261662	0.1101812243	-0.0268637542	0.0003213189	0.0208999562	-0.0762153394	0.022154223	0.0373214353	-0.0077788593	0.0998878177	-0.0399070268	0.0491949797	0.0717238087	-0.0494042187	-0.1266188352	-0.0448500206278055	0.0158861182973879	0.0020115243503145	0.0002523687545586	-0.0680350460280294	-0.0085845024802324	0.004628767488036	7.369368283311628e-05	0.4038261499766946	0.0046716250878091	2.182408096104744e-05	0.1630755594049998	-0.0058950154723918	-0.0003730495385483	3.475120741973872e-05	1.3916595821109956e-07	0.0004278147740581	-0.0008054759153	1.8302548090238317e-07	6.487914501283728e-07	-0.0001057407184088	-4.6461934571000125e-06	2.158711364079897e-11	1.1181099529609136e-08	0.0	0.0	0.0	0.0	0.0	0.0	0.0	0.0	0.0
849.7091066709678	1.50279515057332	722005.5659595742	2.258393264586687	857.9942335070986	-0.1845448522857395	0.0340568025051654	736154.1047314336	762.9144986879172	0.874466951943532	582038.532308236	0.7646924500414114	766.3271233076406	575.1056046244097	0.932708	16.637032	0.1313753901030031	0.0743621199132676	-0.1400358803	-0.0034395728	0.0141469488	-0.0363091684	0.0648728526	0.0843347445	0.159822171	-0.0709767267	-0.0543791265	0.095792358	-0.0281446928	0.0369890594	-0.1478732646	0.0796003491	0.0385810249	-0.015995966	0.0568363898	-0.0124305336	-0.0236616453	0.0174257124	-0.1180739836	0.1257736543	0.1003068139	-0.0738695181	-0.1229548837	0.094631772	0.0804915832	-0.0320420657	0.1370501099	-0.1635879723	0.040697689	0.0317786526	-0.0337854053	0.0183730878	-0.0663484346	0.0085632457	0.0890393277	0.1410426383	0.0255711567	-0.0461354141	-0.0757382795	0.0284516793	-0.0828418937	0.0211834217	-0.0922830242	-0.1276668419	-0.0357986245	-0.0602726725	0.0499542002	-0.0409379442	0.157984115	0.0606186595	-0.0278262346	-0.0297684809	-0.0537171425	-0.1079450321	0.0589191281	0.1030485903	-0.0849549576	0.0189673847	-0.014011895	0.0051667719	0.0353108438	0.0516512043	0.0136165911	0.101411317	-0.0702670139	0.0214124143	0.0688893378	-0.0555787436	-0.1282045865	-0.0428259148565786	0.0020241057712269	0.0018340589833029	4.097004173114044e-06	-0.0736153465673083	-0.0055803005392788	0.0054192192502249	3.113975410867634e-05	0.3508932452286473	-0.0529329047480472	0.0028018924050658	0.1231260695470916	-0.0052731137322594	0.0006219017401324	2.780572843334266e-05	3.867617743797072e-07	0.0009239964759506	0.0004961817018924	8.537694875691276e-07	2.4619628129293764e-07	0.0001929374204553	0.0002986781388641	8.920863063532264e-08	3.722484821194522e-08	0.0	0.0	0.0	0.0	0.0	0.0	0.0	0.0	0.0
851.7326787901349	2.0235721191670564	725448.556119019	4.094844121470252	858.7964747746786	0.8022412675800297	0.6435910514084128	737531.3850854151	764.7795782251484	1.865079537231168	584887.8032702359	3.4785216801984267	767.5405524351257	576.7695582701275	0.8520459999999999	15.198242	0.1101479631824378	0.0602318061872897	-0.0966014323	0.0249367218	-0.0025331726	-0.0793754388	0.0717201911	0.0712783813	0.1585983259	-0.0668058021	-0.0050240656	0.0708307041	-0.0250702872	-0.0077136478	-0.1066231488	0.1266448081	0.1186329434	0.0080111351	0.0217963162	0.0525370915	-0.1043961822	-0.1088272904	-0.0413166782	0.0093864057	-0.0817441506	0.1087286606	-0.1345870575	0.0405624032	-0.0082245415	-0.0739319028	0.2045155449	-0.1451327698	0.06350624	0.0991181899	-0.0627464521	-0.0517456661	-0.1059542625	0.0843981317	0.0876719652	0.0254170584	-0.0629307287	0.0733250718	-0.1214562071	0.0001663353	0.0072614798	0.0722537702	-0.0744882284	-0.1022959559	-0.032793683	-0.0652610527	0.0796235965	-0.0869729735	0.1087940219	0.0821707663	0.0511430164	-0.0298063026	-0.0339214056	-0.0599834302	0.0993881029	0.0650938092	-0.1427992443	-0.0279740124	0.0334542372	-0.0089647065	0.0471550936	0.0290720062	-0.0297489097	0.0263321512	-0.0573712957	-0.017463535	0.0660076536	-0.0616009311	-0.1289999139	-0.0361947272545819	0.0066311876019966	0.0013100582810335	4.397264901287473e-05	-0.101447916994303	-0.0278325704269947	0.0102916798624829	0.0007746519765736	0.3255727592485158	-0.0253204859801314	0.00064112701027	0.105997621564692	-0.0044641734488715	0.0008089402833879	1.9928844581609263e-05	6.543843820876962e-07	0.0008887096714804	-3.5286804470199915e-05	7.898048801828006e-07	1.2451585697181207e-09	0.0003559847160635	0.0001630472956081	2.6584420605147753e-08	1.267251180708107e-07	0.0	0.0	0.0	0.0	0.0	0.0	0.0	0.0	0.0
852.5174010821696	0.7847222920347576	726785.9191478968	0.6157890756162835	864.8368207758123	6.040346001133685	36.485779813411696	747942.7265696145	764.614788841435	-0.1647893837133551	584635.7753150322	0.0271555409846274	767.8599394597442	584.3646616132942	0.937981	16.731094	0.0693679726415307	0.0363079011539279	-0.0787344886	0.0562587716	0.0556964341	-0.1684890031	-0.0932825293	0.0877285635	0.1780085397	-0.015365538	0.1488002368	0.101892495	0.0143540613	0.0150826497	-0.0881260434	0.1064571946	0.0112843235	0.1325908728	0.0257867009	0.0947304233	-0.0354591289	-0.0961516696	-0.0024084788	-0.0382783531	-0.0310855503	0.1809924186	-0.0200270956	0.0067310876	0.1060877681	0.0124627605	0.0044701252	-0.0872875544	0.0866570261	-0.0192309402	-0.1642197505	-0.0926315763	-0.1062267748	0.0587714746	0.0431030804	-0.093235119	-0.0229496427	0.0789470479	-0.0824783901	-0.1321851752	0.0326964336	-0.0374844409	-0.0878400053	-0.105867797	-0.053407845	-0.0830988634	0.1051032491	-0.1065019557	-0.1311730118	0.0702237028	0.0293771701	-0.0056550874	0.029996571	-0.0717938476	0.0370953301	0.0780633388	-0.0839816179	0.0391085843	0.0118697793	0.015592061	0.0066394659	-0.0208101542	-0.0187006934	0.098612713	-0.0391939343	-0.0045212099	0.063080731	-0.0674542747	-0.1289999139	-0.0416527305771552	-0.0054580033225732	0.001734949964533	2.9789800269221152e-05	-0.0808130032045824	0.0206349137897206	0.0065307414869438	0.0004257996671092	0.3394042528198326	0.0138314935713168	0.0001913102144133	0.1151952468321888	-0.004908129698351	-0.0004439562494795	2.408973713583508e-05	1.9709715145190415e-07	0.0009224066653343	3.3696993853899945e-05	8.508340562531433e-07	1.1354873947897707e-09	0.0002447667202385	-0.0001112179958249	1.2369442595329712e-08	5.991074733631215e-08	0.0	0.0	0.0	0.0	0.0	0.0	0.0	0.0	0.0
852.9223013433177	0.4049002611481	727476.4521287812	0.1639442214777996	861.5542428565748	-3.2825779192374966	10.775317795865574	742275.7133841658	764.0242276110586	-0.5905612303764656	583733.0203766746	0.3487625668237648	767.784529908458	587.9550897625348	0.925533	16.509045	0.1862911725522477	0.0810253328260962	-0.0405978767	0.0574811593	0.18560555	-0.0747687635	-0.1350078509	0.1715754718	0.0510668415	0.007237329	0.142049902	0.1147662873	0.0427304547	0.0014831361	-0.0662434583	0.109160051	-0.0593669292	0.1588658831	0.0840619788	-0.0228362375	0.027254561	-0.0201669426	0.0914987144	-0.0432015375	-0.0201716633	0.0969546462	-0.0888202351	0.0260596744	0.0788100653	-0.0689566741	0.1182004011	-0.0454751761	0.1575378147	-0.1188667705	-0.1472212767	-0.018584498	-0.0097425147	0.0263982499	0.0336690572	-0.102984516	0.0591966818	0.0194549724	-0.1083122587	-0.0809786876	-0.0341512979	-0.0154535751	-0.0893866048	-0.0812825085	-0.117349123	-0.1524531876	0.0597726894	-0.0183298705	-0.2342639864	0.0488363704	-0.0388183458	-0.0576669739	-0.0117649223	-0.0649068594	-0.0730264519	0.1343302036	0.0180629138	0.0259591771	0.0120047764	0.0793671504	-0.0420384001	-0.087794822	0.01625709	0.149279855	-0.1025374744	0.0292941035	0.0601105761	-0.0731227308	-0.1282045865	-0.0501340948951565	-0.0084813643180013	0.0025134274709565	7.193354069466572e-05	-0.0395186386521402	0.0412943645524422	0.0015617228009184	0.0017052245437899	0.3830194098769368	0.0436151570571041	0.0019022819251158	0.1467038683424769	-0.0042478909993357	0.0006602386990153	1.804457794223725e-05	4.359151396774161e-07	0.0019897128831507	0.0010673062178164	3.958957357375871e-06	1.1391425625895483e-06	0.0003752275359008	0.0001304608156622	1.702002442327261e-08	1.4079570369818614e-07	0.0	0.0	0.0	0.0	0.0	0.0	0.0	0.0	0.0
852.3090840839199	-0.6132172593978567	726430.7748119704	0.3760354072234182	867.7044836680094	6.150240811434628	37.82546203863608	752911.0709775668	763.9856926209535	-0.0385349901050631	583674.138529518	0.0014849454623973	768.1398656587733	585.2745339604469	1.063122	18.963282	0.2895132251973726	0.1363439810525385	-0.041127295	0.0445518273	0.1336611132	0.0317357389	-0.1352871828	0.1447942269	-0.0391184405	0.07052674	-0.0110399612	0.1059412914	-0.0291719493	-0.0066764983	-0.0427212483	0.0502426414	-0.0516724047	0.1078236143	0.1229289563	-0.0867505113	0.0743219494	-0.1201603412	0.0607641385	-0.0216245764	0.0475223104	0.1535968264	-0.0938148359	-0.0722339685	-0.2254761896	-0.0296373697	0.0439230421	-0.0255945808	0.1162985221	-0.1078163081	-0.092352378	0.0762073118	0.0390847976	0.0318978276	0.1305687177	-0.0795332129	0.0516503936	-0.0184094593	-0.0493230437	-0.0982574613	0.0851040598	0.0731332856	-0.0665165557	-0.0747697419	0.0088025193	-0.1400893227	0.0063422705	-0.0283640615	-0.1057054395	0.0719992315	0.0400480445	0.0546622748	-0.1480300012	-0.0382502577	-0.0131754391	0.0948511459	0.1353585164	0.1522227613	0.0213019182	0.0460883593	0.0979427484	-0.117566282	-0.0473496975	0.0292688216	-0.0148175326	0.0007189144	0.0570992244	-0.0785907625	-0.1266188352	-0.0126545524284154	0.0374795424667411	0.0001601376971635	0.0014047161035162	-0.0811324857197917	-0.0416138470676515	0.0065824802390722	0.0017317122677698	0.3213435697241067	-0.06167584015283	0.0038039092585574	0.1032616898030318	-0.0036149530143224	0.0006329379850132	1.3067885295758607e-05	4.006104928726961e-07	-0.0002378848691677	-0.0022275977523184	5.6589210978933744e-08	4.962191746133987e-06	0.0004895717087721	0.0001143441728713	1.3074589869621742e-08	2.396804580300339e-07	0.0	0.0	0.0	0.0	0.0	0.0	0.0	0.0	0.0
851.4019677679552	-0.9071163159646858	724885.3107191462	0.8228600106893437	867.7919246789181	0.0874410109087193	0.0076459303887387	753062.8245379411	763.2716844987779	-0.7140081221756418	582583.6643576019	0.5098075985327862	767.3192363031876	580.6506737250585	1.177126	20.996798	0.2597983004361607	0.1266130650138414	0.0051833683	0.0229971705	0.0089675031	0.1577032923	-0.0844183732	0.0709934137	-0.047870239	0.0772757129	-0.0766681636	0.0501046144	-0.1016844357	0.1098663483	-0.0391668624	-0.0114654048	-0.080437427	-0.0074657121	0.1578604263	-0.0260454412	0.1150277468	-0.1676051661	-0.218453396	0.0058792754	0.0351337853	0.1021121459	0.0418531308	-0.0597370006	-0.1043678292	0.0908261727	-0.0874482017	-0.0219136768	0.0547562548	-0.0854876145	0.0054485015	0.1534848062	0.004244323	0.0098025188	0.243288656	-0.0151428466	-0.0463849633	0.0074072118	0.0125597655	-0.1735163946	0.0038088325	-0.0908189739	-0.0203205781	-0.0371138323	0.164302779	-0.1302930015	0.0479416756	-0.0350075961	0.0113690635	0.0676856255	0.0848041133	0.0468572881	-0.2791786716	0.0634032711	0.0376665966	0.0122071865	0.2167339105	-0.0506967827	0.0363946459	-0.0684390739	-0.0553823414	-0.1051189256	-0.037602633	0.0055043983	0.0191709302	-0.1388468154	0.0540487397	-0.0838433825	-0.1242524367	0.0023199925902872	0.0149745450187026	5.382365618987512e-06	0.0002242369985171	-0.1202824913109879	-0.0391500055911961	0.0144678777159778	0.0015327229377906	0.2682633090387298	-0.0530802606853769	0.0028175140744275	0.071965202976409	-0.0026796474780428	0.0009353055362796	7.180510606581139e-06	8.747964461952704e-07	-0.002191942061223	-0.0019540571920553	4.804609999758533e-06	3.818339509823044e-06	0.0003270646542893	-0.0001625070544828	2.6408542756675725e-08	1.0697128808537933e-07	0.0	0.0	0.0	0.0	0.0	0.0	0.0	0.0	0.0
850.4822047347686	-0.9197630331865412	723319.9805705129	0.8459640372165065	869.645023577141	1.8530988982229248	3.433975526595017	756282.4670324862	762.6553595674511	-0.6163249313267443	581643.1974769582	0.379856420974916	766.7308250994881	583.5706009003985	1.087639	19.400589	0.1716261461775247	0.0858601548238793	-0.0476084352	0.0106283313	-0.0769812172	0.0703413958	0.0456277124	-0.0494673875	0.0571658725	0.0084837665	-0.1151416017	0.0591907193	-0.0872141577	0.0324557488	-0.0950807285	-0.0285692609	0.0139452339	-0.1067234789	0.019031383	0.0100560254	-0.00473555	0.0122826565	-0.1227570444	-0.2185800679	-0.093074661	0.1029093009	-0.0439758658	-0.0478432148	-0.0576994707	0.07677695	-0.0184085423	-0.0892874672	-0.0539288915	0.013987421	0.0448542255	0.0397105656	0.0196549373	-0.0103733267	0.0403905284	-0.0625417253	-0.1896564039	0.0067782647	-0.0861532569	-0.0873124072	-0.0735881701	-0.0227596214	-0.0260578	-0.0316761506	0.1046524357	-0.0257978379	0.0651497316	0.0432886923	0.0709864639	0.0352570429	0.1518084537	0.0464223403	-0.1215907529	0.0659593849	0.055738351	-0.0562539262	0.0037121234	-0.0210976532	0.0572286516	0.1162472796	0.0245420374	-0.0600301651	-0.0153604254	0.0243815098	-0.0043310163	-0.1231732219	0.0509612127	-0.0888661936	-0.1211199807	-0.0127673982628522	-0.0150873908531393	0.0001630064584022	0.0002276293627553	-0.0691474378017034	0.0511350535092844	0.0047813681545404	0.0026147936973973	0.2101773485521789	-0.0580859604865509	0.0033739788056451	0.0441745178444241	-0.0030349271618108	-0.000355279683768	9.21078287749696e-06	1.2622365369829017e-07	-0.0018884384224573	0.0003035036387656	3.5661996754130154e-06	9.211445874402049e-08	0.0006146361583266	0.0002875715040373	8.269736993427484e-08	3.777776071224813e-07	0.0	0.0	0.0	0.0	0.0	0.0	0.0	0.0	0.0
849.8990101771113	-0.5831945576572934	722328.3275000335	0.3401158920810861	868.0841140169086	-1.5609095602324032	2.4364386552249147	753570.0290085212	763.8111774754659	1.1558179080147966	583407.5148364577	1.3359150364877008	767.4497959863343	575.8721806369496	0.928636	16.564405	0.0726258059653804	0.0406403282199569	-0.0475757275	-0.0380337809	-0.1427089636	0.0031369221	0.0064958947	-0.0722051887	0.0749342094	-0.1249085678	0.0275316195	-0.0619292181	0.0532868198	0.0464784284	-0.0719902451	-0.0389794613	0.0529434323	-0.1041581239	-0.0078966277	0.1167420073	0.0469738102	-0.0451016217	-0.0163695238	-0.1943270206	-0.0252615866	-0.0262203991	0.0045574362	-0.1374408187	0.0459129206	0.0625071828	-0.0065068966	-0.0773750669	-0.0732127561	0.0787541766	0.0058778048	0.0106295276	-0.0799095158	-0.0289746139	-0.0313728812	-0.1584678191	-0.0634642147	-0.0681310979	0.0697612639	-0.1167210243	-0.0881411039	-0.0597955037	-0.0200428885	-0.0231072197	0.1239503112	-0.0536210892	0.1132480258	0.002301606	0.0023704212	-0.0224868256	0.1889270381	0.0139673726	0.018902626	-0.0589671508	0.0119934277	-0.0706971142	0.0733926403	-0.0096191204	0.0605826032	0.0274288422	-0.0040024609	-0.1151678838	-0.0040016361	0.0173578485	-0.0186257199	-0.0339953836	0.0478387595	-0.0936454286	-0.1172407796	0.0024283676294913	0.0151957658923435	5.896969343961196e-06	0.0002309113010549	-0.0572150171653333	0.0119324206363701	0.0032735581892293	0.0001423826622432	0.2264664097675108	0.0162890612153319	0.0002653335152768	0.0512870347529861	-0.0030359130568809	-9.85895070099857e-07	9.21676808893993e-06	9.71989089247202e-13	-0.0018657868239846	2.2651598472699834e-05	3.481160472554541e-06	5.130949133684175e-10	0.0011751698292105	0.0005605336708839	3.141979961945803e-07	1.3810241274866356e-06	0.0	0.0	0.0	0.0	0.0	0.0	0.0	0.0	0.0
850.5805676637461	0.6815574866348015	723487.3020871807	0.4645206075879476	871.2757751002456	3.191661083336953	10.186700470887612	759121.4762765338	763.9483219716409	0.137144496174983	583617.0386432859	0.0188086128310899	767.1070644672101	575.1711517241132	0.82362	14.691194	0.1085067357555506	0.0489213127849199	-0.0554687813	-0.0296833757	-0.0950697399	-0.0078730457	-0.0080447339	-0.0665380121	0.0602559126	-0.0194320545	0.0913818972	0.0002109114	-0.0213582741	-3.79707e-05	-0.0748457171	-0.0438908177	0.0517465437	-0.0295277198	-0.0196317689	0.0838388522	-0.0100831744	-0.087511139	0.010180994	-0.1598030781	-0.0422868401	0.0687818278	-0.0403735469	-0.0369266187	-0.0930283933	0.039563318	0.0167462461	-0.0556537907	-0.0777609608	0.0401391961	-0.03973066	-0.0087223753	-0.0618932874	0.0127364355	0.0001284515	-0.1062475804	-0.0859925769	-0.0613929104	-0.0338086828	-0.0179525643	0.0058742538	-0.0208737551	-0.0284658937	-0.0233268003	0.0903357063	-0.0381715465	0.1258290866	0.0357289919	-0.0496193027	-0.0150474543	0.1667987738	0.0127263441	0.0282105502	-0.0493978264	-0.0436670492	-0.0765885204	0.0684881213	-0.0151150332	0.056080438	0.0474907952	0.0016366373	-0.1240544513	-0.0268226491	-0.0196328487	-0.0947930284	-0.0872397172	0.0446835199	-0.098167988	-0.1126387502	-0.008446504446141	-0.0108748720756323	7.134343735867968e-05	0.0001182628426613	-0.0269819150106229	0.0302331021547104	0.0007280237376404	0.0009140404658971	0.2065615175646229	-0.0199048922028879	0.0003962047336085	0.0426676605386	-0.003114960745944	-7.904768906310004e-05	9.702980448772e-06	6.248537146216545e-09	-0.0013682552651246	0.00049753155886	1.8721224705411897e-06	2.475376520616617e-07	0.0008018716906872	-0.0003732981385232	1.393515002249608e-07	6.429982083255486e-07	0.0	0.0	0.0	0.0	0.0	0.0	0.0	0.0	0.0
850.9248969864294	0.3443293226832793	724073.1803113655	0.1185626824595258	879.0331861322576	7.757411032011987	60.17742591958128	772699.3423218282	765.5518100212112	1.6034880495702737	586069.5738267526	2.5711739251146803	768.8221494619362	580.9660356378458	1.061943	18.942244	0.2773078201634002	0.1550749935194886	-0.0380557489	-0.0148650226	-0.1200088617	-0.052728822	0.0446626849	-0.0946883105	0.0117040325	0.0144156851	0.0060512141	-0.134551064	0.0506945469	-0.0820920924	-0.0147504069	-0.0054234499	0.1359231805	-0.1243229858	-0.1198919752	0.0932473299	0.1137498466	-0.0142120191	0.152181634	0.1245896679	-0.0222350802	0.0233383269	-0.0780004736	-0.0490133397	-0.2178345339	0.0716411116	0.0479083634	-0.0184170948	-0.1009981276	0.156853172	0.0544360878	-0.0677351649	0.0116270597	-0.1677442136	-0.0033245006	-0.0958756866	0.1802248644	0.0558017477	-0.0135953885	0.1133299249	-0.0288365753	-0.0399657252	-0.0065895248	0.0260072472	0.0517782489	0.0733659059	0.1284350767	0.0976117377	0.0925040725	0.0200362569	0.0643586857	-0.010585608	0.1551621086	0.0165709754	-0.2361916521	0.0758131165	0.1883539452	-0.0534205968	-0.0179593982	0.0700832913	-0.0177562264	-0.0528077161	0.0338527189	0.0380345181	-0.0036399348	0.0712008966	0.0414976565	-0.1024214758	-0.1073422654	0.0064396133583954	0.0148861178045364	4.146862020562448e-05	0.0002215965032905	0.068859959800946	0.0958418748115689	0.0047416940637879	0.0091856649673964	0.108995805069938	-0.0975657124946849	0.0095190682545955	0.0118800855228439	-0.003272925383896	-0.0001579646379519	1.071204056855078e-05	2.4952826843306392e-08	-0.0002271792616355	0.0011410760034891	5.161041691725096e-08	1.3020544457386566e-06	0.0007206300310761	-8.124165961110002e-05	6.600207256365841e-09	5.193076416887408e-07	0.0	0.0	0.0	0.0	0.0	0.0	0.0	0.0	0.0
851.254911140912	0.3300141544825692	724634.923741522	0.108909342158845	884.2074711539528	5.174285021695255	26.773225485739864	781822.8520444684	765.5021332306312	-0.0496767905799515	585993.5159806471	0.0024677835223243	770.1169887316632	592.6673619036259	1.345374	23.997908	0.2600357985614928	0.1597661825369453	0.0257841018	0.0199320718	-0.1805680117	-0.1086837393	-0.0400142048	-0.2635307137	-0.0391260727	0.0705619816	-0.0272426999	-0.0216087174	0.0675236526	-0.1107514091	0.1164406416	-0.1313920822	-0.0266902451	-0.013203676	-0.1630419409	0.0768359567	0.0452082287	-0.0832391352	0.0278307903	0.1638499887	-0.0909359604	0.1275402335	-0.1166546472	-0.0410374376	0.0106080436	0.1726658165	-0.14315515	0.1588395062	-0.190968454	-0.0161916706	0.0649110044	-0.104903764	-0.0722872407	-0.0993540459	0.1185354446	0.0461577342	0.1152672988	0.1371473058	-0.1370016957	0.0670250446	-0.0212709203	0.0505971651	0.0137468133	0.0741496037	0.0760323561	0.2615811862	0.1436887624	-0.0842971094	0.0632981931	-0.0732934331	-0.0727574584	0.1181146046	0.0527581682	0.1054923031	-0.0711864611	0.1908609716	-0.0533038315	-0.1001664654	-0.3325192592	0.1143283421	-0.0142471693	-0.0184723014	-0.1193230023	0.0087750117	0.1052631865	-0.0273793504	0.0382833527	-0.1063942335	-0.1013839798	0.0399251314223221	0.0334855180639266	0.0015940161190896	0.0011212799200095	-0.0108172386344591	-0.0796771984354051	0.0001170126516748	0.0063484559505149	-0.023985811362138	-0.132981616432076	0.0176841103088877	0.0005753191467	-0.0032039463626851	6.897902121090005e-05	1.026527229496308e-05	4.758105367213799e-09	-0.0002268210975111	3.5816412439999617e-07	5.1447810276139945e-08	1.2828154000721593e-13	0.0005121379038097	-0.0002084921272664	4.3468967132068745e-08	2.622852325185936e-07	0.0	0.0	0.0	0.0	0.0	0.0	0.0	0.0	0.0
847.900025889826	-3.354885251085989	718934.4539039676	11.255255047954298	882.1718080116041	-2.035663142348767	4.143924429117257	778227.0988504625	762.3394399257148	-3.162693304916388	581161.4216662525	10.002628940962946	766.6900004691164	581.4552705737689	1.159116	20.67555	0.1424134798362356	0.0839592342445431	0.0197897735	-0.0255126144	-0.0691456098	0.0478599375	-0.1281695727	-0.1540885002	-0.1479775338	0.0112020127	0.0255586022	0.08504499	0.120509064	-0.0476044804	0.0125893675	-0.2123745574	-0.0772845317	0.026811068	-0.0940871909	-0.0023163126	0.0712475581	0.0884443455	0.18280988	0.0138922661	0.0080804643	0.0572366478	0.0359573078	0.0104506142	0.0348322159	0.0246463057	0.0231703235	0.0780507957	-0.1907300847	-0.1030627446	0.0081897151	0.0192978397	0.0830576448	-0.116132962	-0.1406361469	-0.0469144689	0.0288319973	-0.0246845548	-0.0238582123	0.0643917989	0.1504048579	-0.0202152757	0.0069253079	0.0498452159	0.08402553	0.163399892	0.0250368758	0.0091577782	-0.0958260396	-0.1609622639	-0.0728070168	0.1459428474	-0.0503022776	0.0269876697	-0.1228187346	-0.022702102	-1.43117e-05	-0.0678798682	-0.2592389539	0.0692704328	-0.0251162665	0.169473861	0.0245465088	0.0146952099	-0.0093376252	-0.0740760475	0.0350428114	-0.1100753719	-0.0948006283	0.0161688325285069	-0.0237562988938151	0.0002614311453349	0.0005643617371322	0.0258118074491875	0.0366290460836466	0.0006662494037939	0.0013416870169979	0.0466031539278759	0.0705889652900139	0.0049828020207147	0.0021718539560252	-0.0032529316738872	-4.89853112021002e-05	1.058156447497858e-05	2.3995607135666034e-09	-0.0002271248552312	-3.037577200999892e-07	5.158569986379356e-08	9.226875252034337e-14	0.0006916322262627	0.0001794943224529	3.221821179286152e-08	4.783551364050986e-07	0.0	0.0	0.0	0.0	0.0	0.0	0.0	0.0	0.0
847.3709267026754	-0.5290991871505639	718037.4874209509	0.2799459498433874	865.1420554536762	-17.02975255792785	290.01247218425016	748470.7761146118	762.7796229342657	0.4401830085508891	581832.7531637406	0.1937610810169121	765.6876290406735	562.4194264291025	1.36398	24.329781	0.2746677032682536	0.1422434029883442	-0.0344240419	-0.0454441141	-0.0708681408	0.1720613025	0.1254477846	0.0115785229	-0.0831188985	-0.1913640582	-0.1224217854	-0.063084967	-0.0815067575	-0.0844083221	-0.0296907858	-0.0334597036	-0.0777182296	-0.217240335	0.0203574437	-0.0282923374	0.034507061	0.1458645551	-0.0460445956	0.0500948534	0.0255078808	-0.0407218147	0.133420671	0.0219329661	-0.1012290268	-0.0334122508	-0.0332884888	-0.0742762464	-0.0182203854	0.018465297	0.2129557757	0.1214130294	0.0118677561	-0.1045291208	-0.0926792247	0.1232149894	-0.0589432705	-0.0185088486	0.1130454449	0.1134907923	0.087527469	-0.0544106912	0.0019893124	0.0395842102	0.030389257	0.0049069219	-0.0248545079	0.0984089366	0.1937556294	-0.1453837322	0.0254534476	0.060848886	0.0042417968	0.0836118719	-0.0630370529	-0.0355724666	0.0511266702	-0.1439405108	0.0929869669	0.092789681	0.0789384835	0.0298956119	-0.0766038883	0.085242978	0.0634965683	-0.0463651015	0.0317782535	-0.1134548014	-0.0876327994	-0.0274685039292847	-0.0436373364577915	0.0007545187081131	0.0019042171331305	0.0535092516837494	0.0276974442345619	0.0028632400157548	0.0007671484171266	0.171280203673021	0.1246770497451451	0.0155443667331533	0.0293369081702715	-0.0021033435248081	0.0011495881490791	4.424053983352162e-06	1.3215529125031116e-06	-0.0002961001321555	-6.897527692430002e-05	8.767528826250457e-08	4.757588826783874e-09	0.0010461862568744	0.0003545540306117	1.257085606230023e-07	1.094505684072868e-06	0.0	0.0	0.0	0.0	0.0	0.0	0.0	0.0	0.0
850.4681061380526	3.097179435377143	723295.9995580459	9.592520454923076	862.8563751451896	-2.285680308486576	5.22433447260329	744521.1241286963	763.989904162113	1.210281227847304	583680.5736616346	1.4647806504795775	767.0743786690365	571.2045464583391	1.18278	21.097649	0.1643076003524196	0.0904834113310115	-0.0114473804	-0.0232598995	-0.098295449	0.0147685939	0.0742106138	-0.0266522472	0.1440589352	-0.1163421449	-0.0438873074	0.015809584	-0.2202394095	-0.0743987763	-0.0428343588	0.044860645	0.0314896047	-0.1533630265	0.0520426496	0.1444119025	-0.0380100128	0.0744033465	-0.0477168115	-0.1642493188	-0.159756771	-0.1246135426	0.0345539421	-0.1170945283	-0.0412040494	0.0416419223	-0.0261562584	-0.0909736182	0.0181733633	0.1055966489	0.0880640002	0.0132167322	-0.1461175069	-0.0452256647	-0.0997374937	-0.0323496581	-0.2594537055	0.0097260847	0.1127733316	0.0096445324	0.0245068381	0.039886256	-0.0064438422	0.0302211213	0.001962331	-0.041783767	0.0806629797	0.0234306713	-0.0277129852	-0.1428361961	0.1536608678	0.0478275966	0.1121379234	0.044621024	0.0002873075	-0.0594515161	-0.0684256002	-0.0471972791	0.0857656254	-0.0600528367	0.0995414456	0.0029836767	-0.0202559333	-0.0235284962	0.0028671512	0.0963909211	0.0284919163	-0.1165232592	-0.0799246852	-0.0211110783200894	0.0063574256091952	0.0004456776278369	4.0416860376452206e-05	-0.0287116121618851	-0.0822208638456345	0.0008243566729345	0.0067602704515223	0.1853678409370758	0.0140876372640548	0.0001984615236835	0.034361236453673	-0.0025552260110018	-0.0004518824861937	6.529179967300171e-06	2.041977813285996e-07	0.0003870388213937	0.0006831389535492	1.497990492658244e-07	4.6667882985629603e-07	0.0011439982898022	9.78120329278001e-05	9.56719378546905e-09	1.3087320870703585e-06	0.0	0.0	0.0	0.0	0.0	0.0	0.0	0.0	0.0
851.522199973715	1.0540938356624563	725090.0570480755	1.11111381438159	866.6752084674257	3.81883332223606	14.5834879430205	751125.9169720558	764.6884113160334	0.6985071539203318	584748.366401039	0.4879122440778821	767.0240551346037	569.3256740763511	1.023921	18.264042	0.0981006311154008	0.0486506233718072	0.0091174562	0.0196432487	-0.0491378847	0.0030459887	0.1227824662	0.0215409863	0.1186300936	0.0072997806	0.0002400652	-0.0267007601	-0.1960814318	-0.0281981445	-0.0145921187	0.0398229223	0.042302062	-0.0882813162	-0.0336128027	0.1027342085	-0.136189137	0.0072423462	0.0141655588	-0.1637499711	0.0924457559	0.0219083987	0.192078017	0.1073128974	0.0907463237	-0.0355347783	0.1410933306	-0.0470336791	0.0086913649	0.0763212343	0.0249871591	-0.0563429641	-0.0742120124	0.0803013358	-0.0564034095	-0.0339439942	-0.1184427447	-0.115117065	-0.1774140541	0.0676685892	0.0583295646	-0.2152154289	-0.010858235	0.0576328446	-0.0304945766	-0.0107750473	0.0567677465	0.0096953839	0.1080608532	-0.1026210915	0.1094282934	-0.0136686878	0.1050708198	0.0348827259	0.0426425024	0.0809115272	0.0960475934	-0.1684641248	0.0519585626	-0.0770652078	0.0686766951	-0.0375200093	0.0503609493	-0.1378427378	0.0796522949	0.0745091135	0.0251860523	-0.1192723348	-0.0717238087	-0.0396839962584039	-0.0185729179383145	0.001574819559037	0.0003449532807433	-0.0050834027391033	0.0236282094227818	2.584098340792293e-05	0.0005582922805268	0.1689247407628613	-0.0164431001742145	0.0002703755433392	0.0285355680417998	-0.0025716649791989	-1.643896819709988e-05	6.613460765238078e-06	2.7023967538526127e-10	0.0010418835612062	0.0006548447398125	1.0855213551117134e-06	4.2882163326010083e-07	0.0012618426533944	0.0001178443635921	1.3887294030450621e-08	1.5922468819254198e-06	0.0	0.0	0.0	0.0	0.0	0.0	0.0	0.0	0.0
856.6229329035845	5.100732929869423	733802.849176339	26.017476421854308	864.7585482163863	-1.9166602510393889	3.673586517914372	747807.3467133121	766.5961645230905	1.9077532070571124	587669.6794615132	3.6395222990366976	769.478349240701	587.6818040147515	1.16012	20.693457	0.0472059367700488	0.0263002752714784	0.0715032355	0.0870487721	0.0685708692	0.007480279	0.0618694621	0.0701492632	0.1211286478	0.0924957411	-0.019164956	0.0796103268	-0.2127723424	-0.117368911	0.0529636358	0.1459102947	-0.0115740742	0.0871501657	-0.018569287	0.0034584104	0.0347628947	0.0431616715	-0.1043851826	-0.1603573953	-0.0778939496	-0.0580262546	0.2101469937	0.1338998172	-0.0462143611	0.0917556919	0.0023482868	0.0038738936	0.1341654165	0.0064695031	-0.0276879921	-0.1228634133	-0.002863517	0.0056845665	0.0486222631	0.0561096762	-0.2824793713	-0.0216233739	0.0301000975	0.1286515112	0.1025949966	-0.1070461433	-0.0161130963	0.0746913842	-0.0816804513	-0.0559561008	-0.057548654	-0.0605768446	0.0555160374	0.0085664896	0.0056553893	0.0305691847	0.0010981631	0.2352883536	0.1227503572	0.0907983057	-0.0221090989	-0.1280984884	0.1167173481	-0.0764438155	0.2978176205	0.2044094408	0.1590210224	-0.1753000716	-0.0269877437	0.0891529828	0.0218629269	-0.1216944932	-0.063080731	-0.0503178370861689	-0.010633840827765	0.0025318847290302	0.0001130785707502	-0.0054670172400648	-0.0003836145009614	2.9888277503165743e-05	1.4716008534794045e-07	0.160540474888279	-0.0083842658745822	7.029591425568525e-05	0.0257732440773541	-0.0026759132921028	-0.0001042483129039	7.160511946852446e-06	1.0867710743309485e-08	0.0014708487331589	0.0004289651719527	2.163395995835141e-06	1.840111187484095e-07	0.0012389718269162	-2.2870826478200035e-05	5.230747037959357e-10	1.535051187892066e-06	0.0	0.0	0.0	0.0	0.0	0.0	0.0	0.0	0.0
856.4186119473142	-0.2043209562702941	733452.8388897643	0.0417470531712074	876.6006843682492	11.84213615186286	140.2361886392573	768428.7598348828	766.4354111900402	-0.1607533330502519	587423.239526046	0.0258416340867652	770.3918502826859	600.23417117291	1.201527	21.432047	0.2503102693317534	0.1253919898513956	0.0928855545	0.1054241885	0.0329866238	-0.0086108573	-0.0308317694	-0.0213856212	0.014281813	0.2009166372	-0.109383191	0.0508603514	-0.0167449299	0.1248822296	0.0437693052	0.0464367545	0.0264770944	0.0704868255	-0.0777198209	-0.1916974994	0.087483729	0.0846351773	0.0324680477	0.0259961194	-0.0430701226	0.0049213294	0.2315939688	-0.0016894265	-0.0139619898	-0.0579640602	0.1420436524	0.0305833606	-0.0079828351	-0.0074075653	-0.0241149128	-0.1054509424	0.2215129106	0.0229629316	0.0347548669	-0.0113457117	-0.066384432	0.0743446194	0.1154263498	0.0044094853	0.1788262339	-0.1573519785	0.0087080191	0.0869356987	0.0145617184	0.0501298815	-0.0857979335	0.0381915365	-0.0985188114	-0.0075119277	0.0557959137	0.0472400681	-0.038757401	0.0792487005	0.0554489906	0.1082937785	0.0846648688	-0.0157863677	-0.2397169196	-0.0946505365	0.1467306261	0.1735925818	0.2438175316	-0.0198471606	0.0008460062	0.1426639976	0.0185248178	-0.1237830955	-0.0540487397	-0.0383553798233009	0.011962457262868	0.0014711351613896	0.0001431003837659	0.0483341608696719	0.0538011781097367	0.0023361911069753	0.0028945667659956	0.0609955600046703	-0.0995449148836087	0.0099091900791849	0.0037204583402833	-0.0025932149513427	8.269834076010023e-05	6.724763783867321e-06	6.8390155644736565e-09	0.0002558728356421	-0.0012149758975168	6.547090801952911e-08	1.476166431546754e-06	0.0016413319701501	0.0004023601432339	1.6189368486320458e-07	2.693970636236809e-06	0.0	0.0	0.0	0.0	0.0	0.0	0.0	0.0	0.0
851.9467303573884	-4.471881589925715	725813.2313666447	19.997724954316546	874.9311204390092	-1.6695639292399846	2.7874437138192563	765504.46551266	763.6379367417334	-2.7974744483068434	583142.8984311715	7.825863288929678	768.1813043736269	596.7052680744845	1.551486	27.674389	0.3718847727343138	0.1931728823468257	0.1186276459	0.0136287734	-0.2489554993	0.0539090498	-0.0058952993	-0.1613029334	0.0381966978	0.0625079858	-0.0512335077	-0.0595283872	-0.016965697	0.1731054719	0.0601492092	-0.1798753592	-0.0410091396	-0.0806486634	-0.0891182782	-0.0096197634	0.0223907914	-0.1730802832	-0.0929558098	-0.0188928869	0.117103333	-0.0074245942	0.1441627709	0.155254075	0.029532704	-0.1471674912	-0.1291963613	0.0896991618	-0.1768666707	-0.0282275585	0.0926405872	0.0043422493	-0.0753177705	0.1089234915	0.1458531148	-0.0037045462	-0.0043079947	-0.1523530238	0.0594075532	-0.0381894701	0.0257897868	0.0276461692	0.0559396251	0.1387624992	0.2355632334	0.0307693092	0.0326439712	0.0172222234	0.0479633324	-0.075930033	-0.0473327643	-0.1293424459	-0.0026145472	-0.0004309864	0.2705110089	0.0016553578	0.0822001079	0.007564972	-0.2795789446	0.0266424499	-0.012869621	0.0108014344	0.1298082243	0.1045122667	0.2380401	-0.1041077647	0.0151740128	-0.1255324169	-0.0446835199	-0.0117018387424678	0.0266535410808331	0.0001369330299547	0.0007104112521476	0.0354682327910751	-0.0128659280785968	0.0012579955373218	0.0001655321053236	0.0047543088253263	-0.056241251179344	0.003163078334218	2.2603452406575544e-05	-0.001088102754672	0.0015051121966706	1.1839676047247949e-06	2.265362724566899e-06	-0.0030410090060233	-0.0032968818416654	9.247735774714818e-06	1.0869429877903038e-05	0.0009208449605754	-0.0007204870095747	5.191015309658939e-07	8.479554414171101e-07	0.0	0.0	0.0	0.0	0.0	0.0	0.0	0.0	1.0
850.2614082549367	-1.685322102451778	722944.462367668	2.840310589012481	875.0956164851333	0.1644960461240998	0.0270589491904619	765792.3379914955	763.9305650101718	0.2926282684384205	583589.9081567603	0.0856313034892682	768.3989000356513	583.2943520691042	1.325897	23.650492	0.3031070262848067	0.1313888698267873	0.2030595793	-0.0251576944	-0.0883216771	0.1572006134	-0.1083732316	-0.0746500574	-0.1955540479	0.0147421884	0.079470069	-0.0461025341	-0.0522422539	-0.0719616472	0.1560639752	-0.0866467098	-0.1512135157	-0.0548203719	0.0263807296	0.0379606898	0.1503975525	0.0268311295	0.0132803256	-0.0046862558	0.101517669	-0.1987422177	0.0044857555	0.0872115174	0.1357936047	-0.0340968841	-0.1105945771	0.1849143887	-0.0035141623	-0.0582143977	0.0830270881	0.0555668881	-0.0440406858	-0.1253658857	-0.0177507266	-0.0667753048	-0.0008311039	-0.1564180337	0.0693767981	0.0893295641	-0.0710445358	0.0252388133	0.0845181979	0.1887093035	0.1357383239	-0.1044521095	-0.0855834087	0.0118646881	-0.0608726274	-0.1502426543	-0.1758611693	-0.0544070018	0.0860090796	0.0003989317	0.1130894315	-0.0044346979	-0.0058150301	0.1983076046	0.0324064846	0.0247675325	0.0139114754	0.0580799259	0.0351078303	-0.1387070487	-0.0187917439	-0.0038521975	0.0118128082	-0.1269376627	-0.0350428114	-0.0284186882581138	-0.0167168495156459	0.0008076218423118	0.0002794530577287	0.0887840666932504	0.0533158339021753	0.0078826104985915	0.0028425781446843	0.0668652255073567	0.0621109166820304	0.0038577659710821	0.0044709583821496	0.0007221093793032	0.0018102121339752	5.214419556776529e-07	3.276867969991048e-06	-0.0015852229046755	0.0014557861013477	2.5129316575078294e-06	2.1193131728774267e-06	0.0007675746721993	-0.0001532702883761	2.349178129889288e-08	5.891708774018627e-07	0.0	0.0	0.0	0.0	0.0	0.0	0.0	0.0	0.0
853.4931638351756	3.2317555802388824	728450.5807133778	10.444244130405156	871.3837376796838	-3.711878805449487	13.77804426634511	759309.618292616	767.2669451015884	3.336380091416572	588698.5650455238	11.131432114400855	770.5936799788986	576.6085662919174	1.002829	17.887815	0.1096265256796029	0.0557233538985321	0.1899728896	-0.0116046114	-0.0514066161	0.1422835236	-0.0164338714	0.0521236807	-0.1423053473	-0.0003795748	0.0268913913	-0.2033445511	-0.0285831459	0.0276426084	0.2290320426	0.0753220877	-0.1379301821	-0.1723229943	0.0552796387	0.0264751871	0.0671196946	-0.1191071573	0.1116259596	0.0562826453	0.1701709677	-0.0662124145	-0.0152812244	-0.0071477023	-0.0406393922	-0.06420077	-0.0759171809	0.1727302023	0.1578289922	0.0065945914	0.2281989985	0.0741973117	-0.1045411908	-0.0450388821	0.0541694268	-0.0839336406	0.1656939155	-0.1116391754	0.0369995532	0.0488052005	0.0773904917	0.0810145591	0.0810943626	0.1726505039	0.0962914322	-0.1396340528	-0.0316154139	0.0406495146	-0.0075336213	-0.071855843	-0.1191059187	-0.0810771826	0.1535396858	0.0401886042	0.1143249048	0.0883870503	0.059687949	0.0232915574	0.1904985969	-0.0068763126	0.0069037777	0.0340423082	0.0051096469	-0.1754011526	-0.0117224366	0.0078859754	0.0084435077	-0.1279949812	-0.0251860523	-0.0186327634835095	0.0097859247746042	0.0003471798750324	9.57643236942142e-05	0.0885558960542027	-0.0002281706390476	0.0078421467259627	5.2061840523431026e-08	0.0842597057630456	0.0173944802556889	0.0003025679433655	0.007099698015275	7.997549171015808e-05	-0.000642133887593	6.3960792742815646e-09	4.123359295953534e-07	-0.0008869569603475	0.0006982659443279	7.866926495088768e-07	4.875753290082735e-07	0.0010715338404835	0.0003039591682842	9.239117598402267e-08	1.1481847713013188e-06	0.0	0.0	0.0	0.0	0.0	0.0	0.0	0.0	0.0
856.2173442144838	2.7241803793082227	733108.1405337038	7.4211587390078915	870.2084586403587	-1.175279039325119	1.3812808202769744	757262.7614892288	767.3275876252548	0.0606425236663881	588791.626730793	0.0036775156766284	769.225707161171	594.5550400074306	1.149667	20.507013	0.1384911499628747	0.068777826806275	0.1845445395	0.0506440339	0.02226465	0.0013323041	-0.0813524776	0.043691475	-0.106091774	0.1363603453	0.0088348142	-0.0400852214	-0.0427981605	-0.075355521	0.1865051883	0.0719055569	-0.0556423593	0.0649582179	-0.0191524788	0.113956246	0.1253440472	-0.0218720566	-0.0806005123	0.0782935038	-0.1155146028	-0.0908433196	-0.0342583868	0.0814432448	0.1830197905	-0.215980226	0.0573861826	0.1825865274	0.1047779621	-0.0130260363	8.61048e-05	-0.0608920149	-0.0427687687	-0.1629948324	0.0774151869	0.0424485427	-0.0406661471	0.0709774055	0.1255065853	0.009186738	-0.117487352	0.1441782952	0.0675363619	0.152007094	0.0257637113	-0.0797865523	-0.0021165004	-0.038970958	-0.0350263234	0.0381334637	-0.119331287	0.103898186	0.1441366238	0.0834048372	0.0790070749	0.1051137015	0.000486784	0.1158224027	0.0645756636	-0.0073856551	-0.0520832626	-0.0999070627	-0.0034624592	0.0425722399	-0.1432319166	0.1657061512	0.0050684204	-0.1287014744	-0.0151740128	-0.0311685364391678	-0.0125357729556583	0.0009714776637597	0.0001571456035958	0.0732633475551267	-0.015292548499076	0.0053675180949832	0.0002338620395965	0.0584864895707681	-0.0257732161922775	0.0006642586728938	0.0034206694623115	-0.0004271093208572	-0.0005070848125673	1.824223719630986e-07	2.571350071364727e-07	0.0001832455006631	0.0010702024610106	3.3578913513270184e-08	1.145333307553145e-06	0.0011920388132228	0.0001205049727392	1.452144845489942e-08	1.4209565322296214e-06	0.0	0.0	0.0	0.0	0.0	0.0	0.0	0.0	0.0
853.7813771633055	-2.435967051178295	728942.6399908705	5.933935474426279	881.0095636194402	10.801104979081517	116.6638687691395	776177.8511889165	765.0602988691998	-2.2672887560549952	585317.2609058293	5.140598303333408	769.0492816747062	590.5661345476069	1.218436	21.733669	0.0811845037843637	0.047999125285884	0.1206890519	0.0080408599	-0.1111162707	0.0682363091	0.110143288	-0.112183389	-0.0110960164	0.1085863379	-0.0945494945	-0.0989449306	-0.1047691994	0.0210298743	0.0583772368	-0.0584084607	-0.003975057	-0.1502872482	-0.095760331	-0.1441480143	-0.0864522855	-0.0692719381	-0.1700402791	-0.1416633928	-0.0349380163	-0.0200093697	-0.1244467219	0.078196881	0.2298144153	0.0442115969	-0.001079492	0.0443261725	-0.0917120666	-0.0036658582	0.1543281414	-0.0240923495	0.0660544121	0.1208428741	0.0818370999	-0.0552269601	-0.1451384732	-0.0310418345	-0.1444403648	-0.0524362728	-0.194325756	0.0762589859	0.074929576	0.1544181503	0.0625092988	0.0138870826	-0.0063436918	0.1139299945	0.0127568853	-0.0660543315	0.0094754765	0.0388270899	0.0247632981	-0.034555008	0.0863926955	0.0363419233	-0.1656559301	0.0089332731	-0.1318507574	-0.042225671	-0.102374251	-0.1242295551	-0.0654149012	0.0989053434	-0.2101484252	0.0723257932	0.0016898595	-0.1290552057	-0.0050684204	-0.0317737647691842	-0.0006052283300163	0.0010095721276074	3.663013314544391e-07	0.0881655227870368	0.0149021752319101	0.0077731594083115	0.0002220748266425	0.0151784259092409	-0.0433080636615272	0.0018755883781108	0.0002303846130823	-0.0006686764375424	-0.0002415671166852	4.471281781243952e-07	5.8354671863601044e-08	0.000315126207943	0.0001318807072799	9.930452693253489e-08	1.739252095264667e-08	0.0011181059059697	-7.393290725309998e-05	5.4660747748954835e-09	1.2501608169643236e-06	0.0	0.0	0.0	0.0	0.0	0.0	0.0	0.0	0.0
851.9867975566578	-1.7945796066476305	725881.5032108495	3.220515964595564	877.7614758231423	-3.2480877962979093	10.55007433245941	770465.2084392208	763.5878179366287	-1.472480932571102	583066.355701222	2.1682000967854624	767.4152236880751	596.4570881145238	1.10035	19.627323	0.0687036829044331	0.032156525859419	0.1646449741	-0.0177865833	-0.1037628994	-0.0695141496	-0.1075995328	-0.1551819095	-0.0250141794	0.0652106909	0.1595482892	-0.0526517592	-0.0695889675	-0.0942510258	0.0990899622	-0.0845655176	-0.1486342012	0.0074861994	-0.0224181709	0.098337589	-0.0170149321	-0.0135030429	0.140613384	-0.0844527679	-0.15798501	-0.141697409	-0.0191601073	0.1720244108	0.1204519777	0.0378778476	0.0097524544	0.1366835268	-0.0673814137	-0.0839005795	0.0264716235	-0.027810586	-0.1383767113	-0.0029872014	-0.095871582	-0.1598765034	-0.0742199368	0.0475265851	0.052248854	0.114156275	-0.0872556565	-0.0325736974	0.0758471726	0.1577533125	0.0546813971	0.0211559083	-0.0010754849	-0.0565919015	-0.0693770537	-0.0601285511	-0.0971004643	0.0335219837	0.1668675256	-0.0308223381	-0.0238613736	0.0237711271	-0.1192109356	0.0872394031	-0.0421449463	0.0859095065	-0.02138002	-0.0622980024	-0.0276176252	0.1855479534	-0.1967947284	0.1267767543	-0.0016898595	-0.1290552057	0.0050684204	-0.02137631159475	0.0103974531744341	0.0004569466973958	0.0001081070325145	0.1146547422570165	0.0264892194699796	0.0131457099220228	0.0007016787481287	0.0062025311815716	-0.0089758947276693	8.056668616220156e-05	3.847139305836798e-05	-0.0006720818552495	-3.405417707099973e-06	4.516940201556098e-07	1.1596869759830038e-11	0.0002132430166312	-0.0001018831913117	4.547258414197424e-08	1.0380184671876836e-08	0.0007665722043416	-0.000351533701628	1.23575943380354e-07	5.876329444691399e-07	0.0	0.0	0.0	0.0	0.0	0.0	0.0	0.0	0.0
853.7470547638417	1.7602572071838267	728884.033517934	3.0985054354426054	869.8337322292906	-7.927743593851687	62.84911848985647	756610.7217239372	765.5672414740002	1.979423537371531	586093.2012181102	3.918117540300425	769.342186772658	578.6987601816049	1.414554	25.23189	0.1834862871347229	0.0921681502535187	0.1568244643	0.0322836104	0.101362683	0.1653166446	0.0746760441	0.0811574736	-0.1933492943	0.0757440722	-0.0307323104	-0.1291483483	-0.0393015704	-0.0693264181	0.1598332448	0.0250856962	-0.1834854299	-0.1057633105	0.0411611115	-0.1842973777	-0.0030155642	-0.0228788656	0.1317370008	-0.0762885278	0.0216180558	0.1035213543	-0.1076743293	0.0700065806	0.0113859635	0.1441603705	0.0870107978	0.1462321037	0.1083648167	-0.111692549	0.1993078206	0.0589908179	0.0633312583	0.0701019769	-0.0352095213	-0.1441255437	0.0153707776	-0.0390056585	-0.1617954473	0.1272702008	-0.0264763304	0.0077349678	0.0630166888	0.165767377	-0.0492845746	-0.0115396101	-0.0779731426	0.2005670447	-0.0809643456	-0.0163904145	-0.1489522001	-0.0523578387	-0.0744390306	-0.0695869667	-0.122072294	0.0656722343	-0.1112482911	-0.1118725505	-0.0030175844	0.1081983	-0.0439601473	-0.1791523853	-0.136621649	-0.1011733092	-0.0201748553	-0.0628686532	-0.0050684204	-0.1287014744	0.0151740128	-0.0658343787237782	-0.0444580671290282	0.0043341654219458	0.0019765197328491	0.103170698274539	-0.0114840439824775	0.0106441929824559	0.0001318832661914	0.0230000996586738	0.0167975684771022	0.0002821583067429	0.0005290045843089	-0.0013671678649949	-0.0006950860097454	1.869147971074713e-06	4.831445609437824e-07	0.0017309769407414	0.0015177339241102	2.9962811693784566e-06	2.3035162643949467e-06	0.0007686844214083	2.1122170666999784e-06	4.461460936858661e-12	5.908757397158129e-07	0.0	0.0	0.0	0.0	0.0	0.0	0.0	0.0	0.0
858.0147540162652	4.26769925242354	736189.3181095921	18.213256909136444	878.8743723667029	9.04064013741231	81.73317409419049	772420.162402966	770.2216851102833	4.654443636283077	593241.4442141243	21.66384556333603	774.2383322409092	595.7811561182111	1.193651	21.291569	0.2515378146973056	0.1221853220395954	0.1872500691	0.0492592275	0.0683302024	-0.0248032504	0.0671676814	0.0207905892	-0.1062669055	0.0670885792	0.0213674657	-0.2360954114	0.0203871221	-0.123725154	0.2395865448	0.1871238237	-0.0026153942	-0.0595760283	-0.1138250628	-0.0046044839	-0.0042619512	-0.0014080715	0.1440540936	0.0537493445	0.1137904242	0.0333472117	-0.101558838	-0.1188767131	0.063142232	-0.0097279574	0.0037598055	0.1607302417	0.1412284314	0.0814601005	0.1597586528	-0.1626231347	0.0228966561	-0.0515209651	-0.0510050473	-0.0257691076	0.1851471093	-0.0080217947	-0.0164898641	-0.0780871716	0.080453104	0.1201348668	0.0502183151	0.17684504	-0.1153235532	-0.0610781671	-0.0214956364	0.0857236053	0.0433746413	0.0792219388	-0.1875495781	-0.128584926	0.1087008673	-0.1316427815	-0.118464184	0.0050988084	-0.0212957277	0.0425885234	0.1545551911	0.1597000995	0.0006771044	0.0270909814	0.0262673681	-0.0540090929	0.0508448292	-0.1528523233	-0.0084435077	-0.1279949812	0.0251860523	-0.1118780855158405	-0.0460437067920622	0.0125167060186897	0.0021200229351534	0.1857326115392794	0.0825619132647404	0.0344966029892008	0.0068164695219345	0.0906740471900917	0.0676739475314179	0.0045797631744851	0.0082217828338309	-0.0016383028236936	-0.0002711349586987	2.684036142122423e-06	7.351416582854576e-08	0.0020849814021157	0.0003540044613743	4.347147447168351e-06	1.2531915867290833e-07	0.001248709943517	0.0004800255221086	2.3042450187573002e-07	1.5592765230382293e-06	0.0	0.0	0.0	0.0	0.0	0.0	0.0	0.0	0.0
856.2919112624438	-1.7228427538213964	733235.8372934889	2.968187154394893	875.5601384134004	-3.314233953302505	10.984146697223151	766605.5559784928	769.7141608831337	-0.5075242271495881	592459.8894640265	0.2575808411437867	772.6912899714852	584.266239382916	1.257444	22.42947	0.381206423306363	0.2680977276552373	0.1571322226	0.0531165923	0.1002453966	0.0898757601	0.0338723477	0.0929337091	-0.1176872288	0.0340952989	0.0019243674	-0.1273412364	-0.0743423225	-0.0947062547	0.1515265532	0.1764302526	0.0459542586	0.0986314331	-0.0982206555	-0.0962385976	0.098754245	0.1283190679	-0.164285402	-0.1103055281	0.0809353377	0.0203190173	-0.1085614985	0.0472977796	0.1021944169	-0.1297095493	-0.1656950637	0.0780708912	0.1658677174	0.0286986417	-0.0081018407	-0.1496754465	0.1662465164	-0.0480750993	-0.0043065666	0.1387164091	-0.1057098061	-0.1384471208	-0.0187666458	-0.1523633095	-0.1041447375	0.1708366311	0.0142796025	0.1044209121	-0.1179526027	-0.1990617419	-0.008376707	-0.1041916273	0.0190896755	0.0977505853	0.0236569205	-0.0926099382	-0.2219423248	0.1813611997	-0.0110521962	-0.1159092246	-0.1375081044	0.0922229947	0.0430081748	0.1845586387	-0.1179544645	0.0406959207	0.1021283046	-0.2001260771	0.0187159352	0.0997823542	-0.0118128082	-0.1269376627	0.0350428114	-0.1204837407176597	-0.0086056552018192	0.0145163317773202	7.405730145259792e-05	-0.0661172657142685	-0.2518498772535479	0.0043714928255311	0.0634283606726271	0.1790116292362427	0.088337582046151	0.0078035284017604	0.032045163401814	-0.0014550444219959	0.0001832584016977	2.117154269981383e-06	3.3583641792795574e-08	0.0025221172607314	0.0004371358586156	6.36107547687926e-06	1.9108775888768507e-07	0.0012208380277335	-2.7871915783499877e-05	7.768436894425093e-10	1.4904454899602225e-06	0.0	0.0	0.0	0.0	0.0	0.0	0.0	0.0	0.0
857.5665708017057	1.2746595392618474	735420.4233565968	1.624756941031225	879.8174314209909	4.257293007590533	18.124543752479248	774078.7126322301	766.8844410079639	-2.829719875169758	588111.7458600972	8.00731457193075	770.2249459150008	590.8295432278398	1.176544	20.986427	0.2752761272338976	0.1619136786922027	0.1292048906	0.0906835634	0.122320787	0.0616436863	0.1343051091	0.0919978355	-0.018990946	0.1321067508	0.0315757126	-0.1787310714	-0.0251276624	0.0708270361	0.0590461097	0.0847826271	-0.008884821	0.0220589078	-0.0992675838	-0.1283786478	-0.1510997486	-0.010554145	0.0330836832	-0.0300419879	0.1069081726	0.067484077	0.0577024832	-0.2035357945	-0.0994989386	-0.1246629085	0.0507932348	0.0168510493	0.0719030693	-0.0420156921	0.0538787629	-0.101101381	0.1080427468	0.1817223438	-0.037503331	0.0428031105	0.071264381	-0.1214183845	-0.0389982195	-0.1516309437	0.181985741	0.0058508808	0.0103985006	0.1363547802	-0.1519210592	-0.0778864809	-0.1097247618	0.1003497947	-0.1008119569	0.0087926223	0.1126026352	-0.0958495304	-0.1321287454	-0.109915925	-0.0007093383	-0.0108931034	-0.0744802724	0.0881507295	-0.0415851365	-0.0624408198	-0.091200009	-0.021556828	0.0602417058	-0.1692038669	0.0808407125	-0.0146526339	-0.0151740128	-0.1255324169	0.0446835199	-0.1426846847203933	-0.0222009440027336	0.020358919253758	0.0004928819146125	0.0728585219935098	0.1389757877077783	0.0053083642270787	0.0193142695689974	0.113740503936242	-0.0652711253000007	0.0042603197979283	0.0129369022356702	-0.0015938323570636	-0.0001387879350676	2.5403015824229105e-06	1.9262090920356096e-08	0.0030537932903347	0.0005316760296032	9.325653460093233e-06	2.82679400454729e-07	0.0015269394675302	0.0003061014397966	9.369809144561273e-08	2.331544137501411e-06	0.0	0.0	0.0	0.0	0.0	0.0	0.0	0.0	0.0
855.5115864985252	-2.054984303180504	731900.0746332235	4.222960486318262	879.6772274826512	-0.1402039383397095	0.019657144325965	773832.0245515641	765.9763489923315	-0.9080920156324056	586719.767215622	0.824631108855325	770.1205545836709	596.7691238821158	1.357531	24.214745	0.2488736439993845	0.122954863969745	0.0257933528	0.0723201736	-0.0056703307	-0.1023580991	0.1816436184	-0.0739625314	0.038549532	0.0468345614	-0.0662221986	-0.0825867064	0.0785369473	-0.0822156995	0.0404373048	0.043556482	-0.0330776786	-0.0779376159	-0.1553757201	0.0538480364	-0.1023349943	0.0897681978	-0.1829436215	0.1419130628	0.1008868975	-0.0760674217	-0.0954763093	-0.1776243312	-0.0486228483	-0.0601790982	-0.1036889068	0.0131570209	-0.0334323675	0.0106017714	0.129407704	-0.1410448186	-0.0565231947	-0.0159543732	-0.0244034059	0.2008565883	0.0688705686	-0.0171644171	0.0367699702	-0.1664185784	-0.1198500864	0.0909024647	-0.0288599334	0.1027495368	-0.1567608503	0.095623958	-0.0842223211	-0.0501812045	0.1780828857	-0.0017079135	0.0858884008	0.0479929873	0.0166766245	-0.0759458804	0.0842184068	-0.0393529488	-0.050255114	0.1465527219	0.069614016	-0.0591427658	-0.1566292762	-0.1063731651	0.1031227442	0.1082919294	0.0918861862	-0.1420253795	-0.0185248178	-0.1237830955	0.0540487397	-0.1294478445852576	0.0132368401351357	0.016756744467769	0.0001752139367631	0.0556376256798074	-0.0172208963137023	0.0030955453912863	0.0002965592698472	0.0636934725998656	-0.0500470313363763	0.0025047053455842	0.0040568584518298	-0.0034260850746115	-0.0018322527175479	1.1738058938475687e-05	3.357150020961664e-06	0.0041696960865309	0.0011159027961962	1.7386365454031104e-05	1.2452390505584983e-06	0.0019461614780695	0.0004192220105393	1.75747094120613e-07	3.787544498721661e-06	0.0	0.0	0.0	0.0	0.0	0.0	0.0	0.0	0.0
852.6747839819388	-2.8368025165863173	727054.2872386461	8.047448518110464	882.5124086900191	2.835181207367896	8.038252478612078	778828.1514918593	764.200705573329	-1.775643419002563	584002.7183987738	3.1529095514471117	768.1751825205164	592.370750790919	1.135604	20.256157	0.1448916061299529	0.0846079396511508	0.0387488184	-0.0010073457	-0.0063888123	-0.1636264709	-0.0989271596	-0.1110661054	-0.017426621	0.0105898282	0.1649450866	-0.0157188154	0.0995824454	-0.1388650815	0.0201633107	-0.0364749277	-0.0640877366	0.1280581821	-0.0753888318	0.1212224058	-0.0881384641	0.1223366494	-0.0694044598	0.037467931	0.0206888602	-0.1165734928	-0.1003726552	-0.134841262	-0.0401297934	-0.0414441171	0.0546002137	0.0591551967	-0.0417326657	-0.0711154602	-0.0896015586	-0.10246579	-0.081118474	-0.0188779413	-0.1529523711	0.0891565337	0.0669940044	-0.032668014	0.0742130168	-0.1017277442	-0.1364664135	0.0090039048	-0.0192139624	0.0613276713	-0.1144682797	0.0111122029	-0.0388130347	-0.2257464629	0.0295591015	-0.0171940485	0.0054238573	0.0301529116	0.085722326	-0.0846549893	-0.0019435482	-0.1522641968	0.0323565843	0.0785824217	0.0524266931	-0.009277997	-0.2122494487	-0.0207760463	0.1554235915	0.033111632	0.0798760843	0.0609679157	-0.0218629269	-0.1216944932	0.063080731	-0.1303869623672682	-0.0009391177820106	0.0170007599553634	8.819422084885318e-07	0.0081701766858799	-0.0474674489939275	6.675178707849545e-05	0.0022531587139911	0.1050166841941404	0.0413232115942747	0.0017076078164652	0.0110285039591318	-0.0033061195309279	0.0001199655436835	1.0930426352782916e-05	1.4391731671301733e-08	0.003189802272294	-0.0009798938142369	1.0174838536331969e-05	9.601918871797404e-07	0.0019427842807952	-3.3771972743001314e-06	1.1405461429540237e-11	3.774410761704922e-06	0.0	0.0	0.0	0.0	0.0	0.0	0.0	0.0	0.0
852.402934233933	-0.2718497480058204	726590.7622906187	0.073902285490828	875.9145383545847	-6.597870335434436	43.53189296320572	767226.2785009252	764.414721714301	0.2140161409720349	584329.8667735523	0.0458029085965619	767.38860166148	584.1246889512872	1.177198	20.998081	0.0733495184747562	0.0365906230126846	0.0307411211	0.0269798473	0.1068299201	0.0549329379	-0.0256698055	0.0515279758	-0.156276217	0.035349339	-0.0562406449	0.0963982777	-0.0508225849	-0.1052332329	0.023512345	-0.0168073766	-0.1023599872	0.0649291115	-0.0120772519	-0.0801260437	-0.0075387275	0.2131587209	-0.0140494237	-0.0737055867	-0.1048028102	0.0411437652	-0.0038914086	-0.0471646858	-0.1181299259	-0.1143073928	0.0061164569	0.0372453271	0.038124027	-0.1331669016	-0.0070955759	0.0105333157	0.1182129332	-0.0555523813	-0.1354461357	0.1140786374	-0.1664144174	-0.0065369691	0.0014390315	0.0604316413	0.0586572625	0.0740064106	-0.0156703236	0.0439160269	-0.1016404083	-0.012300363	-0.1534515821	-0.0821759529	0.0352939406	-0.0391592638	0.035785238	0.1420350085	-0.1216776546	0.0566372721	0.0473225369	-0.182972707	-0.0818524006	0.0565940201	0.0209413515	-0.0596720022	-0.0481285501	0.0028569818	0.0039908045	0.0420031598	0.0066281329	0.0099193015	-0.0251860523	-0.1192723348	0.0717238087	-0.1119007264982485	0.0184862358690197	0.0125217725908358	0.000341740916605	0.0276585367577126	0.0194883600718327	0.0007649946555777	0.0003797961782894	0.1234518532106392	0.0184351690164988	0.0003398554566668	0.0152403600611412	-0.0035370146741038	-0.0002308951431759	1.251047280482561e-05	5.3312567142219366e-08	0.0030820825791308	-0.0001077196931632	9.499233024581564e-06	1.1603532295173971e-08	0.0019429645148042	1.8023400900012666e-07	3.248429800025773e-14	3.775111105788321e-06	0.0	0.0	0.0	0.0	0.0	0.0	0.0	0.0	0.0
851.2943789211519	-1.1085553127811636	724702.1195827497	1.2288948814953435	876.5948836008707	0.6803452462860378	0.4628696541440094	768418.5899552241	764.3800877821693	-0.0346339321316691	584276.9185978769	0.001199509254901	766.468631258528	573.9163518754754	1.070795	19.10014	0.0797204977881831	0.0457099411582465	-0.0418156773	-0.000346915	0.0773272621	0.0778219821	0.0621863448	0.0390714038	-0.0112999283	-0.0352958413	-0.0750980282	-0.1160722409	0.1669114526	0.052669724	-0.0539495129	0.003150528	-0.0266790763	-0.024045083	-0.0275826646	-0.1105323741	-0.1238684483	0.12117566	0.1583876161	-0.0774267575	0.0169653917	-0.0482461483	0.1511961506	-0.1112670003	-0.0216199437	-0.0864176583	0.1297810245	-0.0908955193	-0.0253878403	-0.0364823268	0.072272295	-0.0005007977	0.1069044483	0.1138041207	-0.2304445552	-0.0221422402	0.0583655176	-0.0249853208	0.1225080563	-0.0693968017	0.1534367092	-0.0521849569	-0.0249233206	0.0093962821	-0.0751028839	0.0024187061	-0.1211776615	0.1049703044	-0.0867081879	-0.1243618841	0.1176326162	0.0840973384	-0.0164079146	-0.0770416996	-0.0319090592	-0.1075003316	0.0799305552	-0.0244944247	0.0278948296	-0.1052266173	-0.1046535891	0.0007127222	-0.0481160831	-0.0426924775	0.1055423875	0.1096124651	-0.0284919163	-0.1165232592	0.0799246852	-0.0989359948346049	0.0129647316636436	0.0097883310739129	0.0001680842671102	0.0285086013501683	0.0008500645924557	0.0008127403509428	7.226098113468755e-07	0.133819434914443	0.0103675817038038	0.000107486750385	0.0179076411608208	-0.0043210767159979	-0.0007840620418941	1.86717039855392e-05	6.147532855391454e-07	0.0030003521861732	-8.173039295759996e-05	9.002113241074302e-06	6.679857133003706e-09	0.0016979945530903	-0.0002449699617138	6.001028214210961e-08	2.883185502324328e-06	0.0	0.0	0.0	0.0	0.0	0.0	0.0	0.0	0.0
855.1809076510872	3.886528729935321	731334.3848109373	15.10510556861266	864.4231570272734	-12.171726573597311	148.15092778241495	747227.3944049982	766.3096331937102	1.9295454115408572	587230.4539254786	3.723145495198377	769.2314833921262	581.4491364535163	1.259914	22.47353	0.2822191838376945	0.1609628664159968	-0.0143403767	0.0527394203	0.1810624067	0.1216693693	0.0933316473	0.2163724953	-0.0312475228	-0.0427058108	-0.0101923366	-0.0218655849	-0.0274854685	-0.0966843738	0.0150008295	0.1568079344	-0.0576998383	0.0792015392	0.0659350681	0.0010530174	-0.0174129153	0.0329571284	0.0201380664	0.0409679099	0.1680319403	-0.0431584669	0.1345126991	0.1948294366	-0.114423518	0.1012726474	-0.0165763533	-0.0417016442	0.1858636374	-0.0343486009	0.0160379034	0.0142264048	-0.0160786119	0.0108177243	0.0012932239	0.2226002956	0.0473138921	-0.1116725883	0.0682623425	0.0571858523	0.2129229968	-0.0311415259	-0.0441157181	-0.0165133159	-0.1161636948	-0.1465914324	-0.1289555429	0.0895897841	0.0540253437	0.0323189291	-0.1236678185	-0.0802892222	-0.0518814969	-0.0140179163	0.0019480544	0.0051017503	0.0720858718	-0.0841512685	0.0041324914	-0.1944197016	0.1530110362	-0.0702660603	-0.116505077	0.0392588646	-0.1088133849	-0.1200744659	-0.0317782535	-0.1134548014	0.0876327994	-0.0901475112304694	0.0087884836041355	0.0081265737810476	7.72374440601586e-05	0.1083953950063403	0.0798867936561719	0.0117495616585805	0.0063818998006638	0.2642280043243801	0.1304085694099371	0.0170063949755463	0.0698164382692446	-0.0050472790641858	-0.0007262023481879	2.5475025951768284e-05	5.273698505136198e-07	0.0032280212129034	0.0002276690267301	1.0420120950954335e-05	5.183318573227646e-08	0.0013891591846594	-0.0003088353684309	9.53792847938498e-08	1.929763240323569e-06	0.0	0.0	0.0	0.0	0.0	0.0	0.0	0.0	0.0
857.2382029844398	2.057295333352613	734857.3366559916	4.232464088634439	873.5545403451631	9.131383317889686	83.38216129823404	763097.5349576492	765.7633631224894	-0.5462700712207607	586393.5283006656	0.2984109907115349	769.0821457967481	597.1286508123	1.345075	23.992565	0.3570713363631982	0.2325552174499115	-0.0066020967	0.0941311152	0.0575663306	-0.0355944752	0.1068095648	0.0305284389	0.0427231204	0.1125411975	-0.188703126	-0.0879606982	0.0991842129	0.0317349303	-0.0151413663	0.0575186583	-0.0297185369	-0.0126748423	-0.096840558	-0.0449108841	-0.0881018819	-0.0404845023	-0.0109172776	0.053833526	0.0051868507	0.1223294026	-0.0020728443	-0.0425937802	-0.1415604252	-0.0176014172	-0.089191271	-0.0338959036	-0.0008410876	-0.0414422106	0.0716743767	-0.0978360252	0.0546675904	0.1021017041	0.0075916564	-0.0161168943	0.0778425493	0.066156288	-0.0180903272	-0.0987835677	0.0333453896	-0.0296400192	-0.036073826	0.0307768433	-0.1181340073	0.0891294149	0.0508565531	0.0777194707	-0.018768713	0.0689516976	0.0421393764	-0.1235889369	-0.119512762	0.0658343595	-0.0719341917	-0.0162421064	0.0381362118	-0.0199568202	-0.0905266993	-0.0467296397	-0.0057066485	-0.0204040758	0.0123396772	0.0942467398	-0.0936137049	0.1133050898	-0.0350428114	-0.1100753719	0.0948006283	-0.0853891379761648	0.0047583732543045	0.0072913048843125	2.2642116027281232e-05	0.0478311897788614	-0.0605642052274788	0.0022878227156614	0.0036680229548361	0.0541324786697003	-0.2100955256546798	0.0441401299001162	0.0029303252469255	-0.0055590255429357	-0.0005117464787499	3.090276498701156e-05	2.618844585129223e-07	0.0043312363871548	0.0011032151742514	1.875960864141377e-05	1.217083720698547e-06	0.001371056193126	-1.8102991533399965e-05	3.277183024583508e-10	1.87979508470916e-06	0.0	0.0	0.0	0.0	0.0	0.0	0.0	0.0	0.0
853.6148270912539	-3.62337589318588	728658.2730300314	13.128852863320574	877.8168280052416	4.262287660078528	18.16709609725769	770562.3835291839	766.6436771039477	0.8803139814582437	587742.527643462	0.774952705950865	769.174641324172	591.8573516861179	1.302146	23.226835	0.1760453457794325	0.085518058732943	-0.007445386	0.0541315989	-0.102426455	-0.1658682391	0.1163390146	-0.1382238133	0.0924607297	0.0629614661	-0.0608798624	-0.0408120774	0.0739336603	-0.0117984538	0.0373304259	-0.0261111273	0.0935938606	-0.0190868886	-0.2030976896	0.0477691877	-0.0183448762	0.0206707035	0.0206247581	0.1671131476	-0.0476404098	0.0677269961	-0.0745571424	0.0903340466	-0.0585944204	0.1090482787	0.1749393115	0.0320135055	-0.1327183815	0.0762646794	0.0367119492	-0.156630136	-0.008261667	-0.0370993639	0.0937455033	0.0913205458	0.071202992	0.1185566503	-0.0666854092	0.1082980265	-0.0430856434	-0.0789514942	-0.0113519953	0.0669787721	-0.0612460762	0.2176900065	0.0995461063	-0.0363711001	0.1301269305	0.0816248287	0.018387664	-0.0223158639	-0.0090847638	-0.0850840859	-0.0524814988	0.008704645	0.0601089678	0.0456980063	-0.0354982278	0.0599793797	0.0066489547	0.0333405531	-0.1138859508	-0.0506337947	0.0402200881	-0.1216934041	-0.0382833527	-0.1063942335	0.1013839798	-0.0742290637289357	0.0111600742472291	0.0055099539020743	0.0001245472572036	0.0904239485916349	0.0425927588127734	0.0081764904789026	0.001814143103283	-0.0117861403513046	-0.0659186190210049	0.0043452643336363	0.0001389131043806	-0.0051590054345423	0.0004000201083934	2.6615337073636982e-05	1.6001608711906765e-07	0.0036090117709257	-0.000722224616229	1.302496596268026e-05	5.216083962872707e-07	0.00136582304378	-5.2331493460000805e-06	2.738585207754107e-11	1.865472586920464e-06	0.0	0.0	0.0	0.0	0.0	0.0	0.0	0.0	0.0
852.3350249056527	-1.27980218560117	726474.9946809197	1.6378936342695318	876.1316486127449	-1.685179392496707	2.83982958489557	767606.6657008864	766.7044729077749	0.0607958038272045	587835.7487767888	0.0036961297629959	769.8927740455425	583.6333911268996	1.087683	19.401382	0.1598353273194499	0.0786121969297055	-0.0045394014	-0.0094664072	-0.0788942639	-0.1325327794	-0.0007109079	-0.0965333316	0.0442816787	-0.0165985479	0.0797804763	-0.0108380903	0.041824578	-0.120815683	-0.0040508027	-0.0136820693	0.0860591209	0.0133816222	-0.127414971	0.0772133929	-0.0209518966	-0.0258266718	-0.015698339	0.0011477455	-0.0232997971	0.081479128	-0.045534626	0.0083884626	0.0168226514	0.150633453	-0.0028330539	0.0124341391	-0.0850000298	0.07678685	-0.044502253	-0.1383965741	-0.0222772746	-0.0118087239	-0.013452274	-0.0382849975	-0.0165622677	0.0370845078	-0.0667729376	-0.0101781495	-0.0586173838	-0.0271119116	-0.0015426204	0.0138377567	-0.025934681	0.1111836231	0.0845853752	-0.0922862738	0.0254524255	0.0275857008	0.0372576943	-0.0070185796	0.0540217489	-0.0170277516	-0.0544530565	-0.0504567999	-0.0506080176	-0.0002862787	0.0159751021	-0.0695809422	0.0546332623	0.1107276921	-0.0292119689	0.0449888451	-0.0128622287	-0.3064520919	-0.0414976565	-0.1024214758	0.1073422654	-0.0603306238656671	0.0138984398632686	0.0036397841760206	0.0001931666306328	0.0499466928976062	-0.0404772556940287	0.0024946721314077	0.0016384082285197	0.026900419922768	0.0386865602740726	0.0014966499458394	0.0007236325920212	-0.0048811665429457	0.0002778388915966	2.3825786819972477e-05	7.719444968362738e-08	0.0027130814531706	-0.0008959303177551	7.3608109715382945e-06	8.026911342727546e-07	0.0012041308233701	-0.0001616922204098	2.6144374141083656e-08	1.4499310397899551e-06	0.0	0.0	0.0	0.0	0.0	0.0	0.0	0.0	0.0
853.2761411094797	0.9411162038269368	728080.1729866847	0.8856997091056243	871.8750395919337	-4.256609020811197	18.11872035605126	760166.084663436	765.2388679489973	-1.4656049587775897	585590.5250198629	2.1479978951934604	768.2330771178044	578.1650185884859	1.17853	21.021851	0.1956742422241764	0.1166778739249472	-0.0325955015	-0.0180617525	-0.0248163994	0.016281001	0.1145911395	0.0600930215	0.0116132037	-0.0480636444	-0.0163703562	-0.0059437842	-0.1443929788	-0.0800346946	-0.0477744511	0.0008213938	0.0571176429	-0.0041447147	-0.0082728985	-0.0011294892	0.0386567578	0.1335146051	-0.1783970559	0.0635868905	0.023274546	-0.1106190886	0.1198365075	0.1086496144	-0.0403696975	0.008456126	0.0023703884	-0.035370926	-0.0037302022	0.0402165574	-0.0336130043	0.0128806517	0.0370912524	-0.0673704109	0.0172180146	0.1815288735	-0.0872287705	-0.0699121124	0.0255991276	0.1112869942	-0.0999323172	-0.1811093084	-0.0052185381	-0.0248374056	-0.0172213267	-0.0085929327	-0.0372627745	-0.080337702	0.2500900512	0.0676109595	0.0446200176	0.0039661876	-0.062718726	0.0620581394	0.0051935465	-0.0537580208	-0.0107778187	0.0253432592	0.0307394959	-0.1460307965	0.0111655881	0.0020261295	-0.082215948	0.0217671897	0.0418526446	0.0187178516	-0.0446835199	-0.098167988	0.1126387502	-0.0764060344220354	-0.0160754105563683	0.0058378820961012	0.0002584188245557	-0.0037632833590635	-0.0537099762566697	1.416230164060426e-05	0.002884761549492	0.1238202693137964	0.0969198493910284	0.0093934572059796	0.015331459092941	-0.0048012567441927	7.990979875299991e-05	2.305206632365589e-05	6.385575936744946e-09	0.0023800216816949	-0.0003330597714756	5.664503205337821e-06	1.1092881137544541e-07	0.0010377202731966	-0.0001664105501735	2.769247120904701e-08	1.076863365403226e-06	0.0	0.0	0.0	0.0	0.0	0.0	0.0	0.0	0.0
854.1841895809092	0.908048471429538	729630.6297299947	0.8245520264655206	875.5628870761756	3.6878474842418423	13.600219067028888	766610.3692251678	764.0629086124875	-1.1759593365097771	583792.1283173744	1.3828803611245153	766.3446793237521	587.0825063384328	1.348952	24.061726	0.2677656988734941	0.1480496698845345	-0.0377171212	0.0320608311	-0.0156157136	-0.0013625047	0.0531031267	-0.0631551801	0.0719673844	0.0447259951	-0.0772885817	0.0072779251	0.1516101341	0.0578901856	-0.0740568112	-0.085500528	0.0263947706	-0.0025145375	-0.1001419444	-0.1261166629	-0.1026029216	-0.0094463926	0.0447486063	-0.0198381904	-0.1069967822	-0.0435846143	-0.0275518084	-0.0212878698	0.0838933188	-0.0526674136	0.0882407714	-0.0641638592	-0.1369202399	-0.035084087	0.0211049421	-0.0546249764	0.1126616751	0.1531040547	-0.0658922152	-0.0525191819	-0.075321534	0.0906711608	0.0625955405	-0.0498219543	0.020407435	0.0940446347	-0.0058969523	0.0057300291	-0.003419701	0.1312471826	-0.0086996098	0.120305595	-0.1492565824	0.0137691985	0.1425124928	-0.0093307263	-0.05879282	-0.0416776572	0.0445063429	-0.0934411677	-0.1188478539	-0.0343399875	-0.0201737387	-0.123746396	0.0907371432	0.1756856101	-0.0292691246	0.1935065346	-0.1712858042	-0.2445492738	-0.0478387595	-0.0936454286	0.1172407796	-0.0868506959178745	-0.0104446614958391	0.0075430433814191	0.0001090909537626	0.0901919084287499	0.0939551917878133	0.00813458034602	0.0088275780638847	0.0208531582341748	-0.1029671110796216	0.0106022259640831	0.0004348542083395	-0.0052818891948005	-0.0004806324506078	2.789835346615028e-05	2.3100755257725945e-07	0.0028390737474892	0.0004590520657942	8.06033974368237e-06	2.107287991100142e-07	0.0013060104469989	0.0002682901738023	7.197961735886838e-08	1.7056632876702664e-06	0.0	0.0	0.0	0.0	0.0	0.0	0.0	0.0	0.0
854.6972226222047	0.5130330412954436	730507.3423581105	0.2632029014608523	873.5094764593875	-2.053410616788028	4.21649516113779	763018.8054643533	764.5886591603039	0.5257505478164148	584595.8177165514	0.2764136385292603	767.5821949019559	585.6881614360075	1.296187	23.120535	0.1952444801540563	0.0985390713085361	-0.0366362297	-0.0190011732	-0.0212371844	-0.0346194024	0.1436144414	0.0176994914	0.1093843037	-0.0857412261	-0.0620080818	-0.1043821512	-0.0709593023	-0.0315521042	-0.0479520822	0.0061597268	0.0500178517	-0.0842497017	-0.0368569585	0.003068945	-0.1034597109	-0.0088571853	0.0170621161	0.0524919099	0.1279214461	-0.019682548	0.0682538251	-0.0077359957	-0.0643976005	-0.0711660146	0.1056893883	-0.0757225458	-0.0175709553	0.0885626525	0.0463860677	-0.0159781523	-0.0381174767	0.0617106989	-0.0696960102	0.0195131023	0.0739465641	-0.1288024405	-0.0226008837	0.038021607	0.1059690408	-0.0908303027	0.0053871247	0.0053755462	-0.0588799096	-0.0098615672	0.0191746302	0.1271909202	0.0521176755	0.0604354124	0.0796997321	-0.2161087483	0.0296437497	-0.1057223955	-0.2044033141	-0.0528790513	0.0973461643	0.0010849465	-0.0684863855	-0.1154753367	0.0582144728	0.0064416737	-0.0466073051	0.1078648143	-0.0461534099	0.1496353603	-0.0509612127	-0.0888661936	0.1211199807	-0.0985164096317277	-0.0116657137138531	0.0097054829667263	0.0001360888764535	0.1224538975001223	0.0322619890713724	0.0149949570129704	0.0010408359388413	0.1113935266038055	0.0905403683696307	0.0081975583045084	0.0124085177692327	-0.0045927828866151	0.0006891063081854	2.109365464358453e-05	4.7486750398091165e-07	0.0033088966909444	0.0004698229434552	1.0948797311342802e-05	2.2073359819690826e-07	0.0013626093753423	5.659892834340013e-05	3.203438689621343e-09	1.8567043097707333e-06	0.0	0.0	0.0	0.0	0.0	0.0	0.0	0.0	0.0
857.0373744393954	2.3401518171907583	734513.0611859724	5.476310527501208	876.8398369297837	3.3303604703961582	11.09130086277732	768848.0996270496	763.5893292201714	-0.9993299401324977	583068.6636989113	0.9986603292452212	767.1187449163026	595.991368926321	1.352278	24.121054	0.2668731431922694	0.1468647893656992	0.020528408	0.0464967451	-0.0631483184	-0.1442961929	0.012827193	-0.066443937	0.1066041241	0.0898253503	0.0094448259	0.1289013794	-0.097434007	0.0446394638	-0.0023338936	-0.1024402359	-0.1230329781	0.087110582	0.0289543178	-0.0284807485	-0.1720787394	-0.1662817127	-0.1547245095	0.1376086255	-0.0549026136	0.0378086521	0.038165491	-0.166050785	-0.0361041701	-0.035039245	-0.0028492693	0.0492201838	-0.0611969326	-0.1321233707	-0.0346051686	0.0446639905	-0.1652983658	0.1591412213	0.1528094489	0.1745972357	0.012155279	0.0427175377	0.0150317276	-0.0173031747	0.1370857825	0.0235599183	0.0057758521	0.0242606272	-0.0089658762	0.1661218746	0.0467326428	-0.1397285775	-0.0532676132	0.0846770252	0.0207999894	-0.0407822252	-0.1044755898	-0.1296802203	0.0975527793	-0.008767083	-0.0472657515	-0.0614198448	-0.1339303213	-0.2155325683	0.1022042253	-0.0794883221	-0.1712645397	-0.0827673925	0.0735415379	-0.011340762	-0.0540487397	-0.0838433825	0.1242524367	-0.0869523101399067	0.0115640994918209	0.0075607042386665	0.0001337283970567	0.0266591871324948	-0.0957947103676274	0.0007107122585653	0.0091766265344176	0.0004389845502146	-0.1109545420535909	0.012310910402322	1.927074353271147e-07	-0.005425916510735	-0.0008331336241198	2.9440569981466677e-05	6.941116356391583e-07	0.003261087216035	-4.780947490940022e-05	1.0634689830586906e-05	2.285745891112569e-09	0.0014528621018976	9.025272655529996e-05	8.145554650665745e-09	2.1108082871303125e-06	0.0	0.0	0.0	0.0	0.0	0.0	0.0	0.0	0.0
856.0088739501631	-1.0285004892323286	732751.1922814262	1.057813256351139	882.9817729718758	6.141936042092084	37.723378345149776	779656.8114005572	765.2666554441975	1.6773262240260465	585633.053934748	2.813423261805475	768.7601167118414	603.1724927797762	1.14729	20.464603	0.2740403975651347	0.1622395613757438	0.0356624022	0.0369766537	0.0679434734	-0.0844205589	-0.1098322024	-0.0094257308	0.0008989061	0.0694406695	0.1122584987	0.1016528997	0.0562053461	0.0094573009	0.0007214596	-0.0206943624	-0.0188324385	0.1322034778	0.0297952221	0.0094198335	-0.0443032179	0.0109032308	-0.0349606875	-0.0194830049	-0.0086033206	-0.0804730503	-0.1152825158	-0.0251846848	0.1681513472	-0.0912679447	-0.034306986	0.0414365871	0.021321619	-0.0591391039	-0.1154037857	-0.0164648072	-0.0089568856	0.0228684234	-0.0439382001	0.0403123935	-0.0422211946	-0.0145922449	0.0369428656	-0.040179571	-0.0898125564	0.1089662206	-0.0080873901	-0.0121690019	-0.0665655556	-0.0139266352	-0.0088042663	-0.1129761605	-0.0188611705	0.0973082941	-0.1666907256	-0.0776075598	0.005352953	-0.0005835995	-0.1056218394	-0.1110730138	0.0917981584	-0.0266079779	-0.0498829822	-0.0392756999	0.1107068646	0.1221721584	-0.0402220217	0.1288552384	-0.1756569353	-0.0370512383	-0.0570992244	-0.0785907625	0.1266188352	-0.0863794641909834	0.0005728459489233	0.0074614118339213	3.2815248119784e-07	0.1211628663590147	0.0945036792265199	0.0146804401843324	0.0089309453873489	0.1327901859894211	0.1323512014392065	0.0175168405224014	0.017633233495105	-0.0055878505109738	-0.0001619340002388	3.122407333299016e-05	2.6222620433339734e-08	0.0037916515973117	0.0005305643812767	1.4376621835396368e-05	2.814985626795277e-07	0.0012131070644034	-0.0002397550374941	5.7482478003845224e-08	1.471628749705435e-06	0.0	0.0	0.0	0.0	0.0	0.0	0.0	0.0	0.0
855.926790496969	-0.082083453194059	732610.6706904423	0.0067376932882612	872.4632251623905	-10.518547809485312	110.63984802042826	761192.0792607601	766.6935889202615	1.4269334760640504	587819.059291431	2.0361391451122337	769.4415299366281	588.6882563004871	0.967515	17.257906	0.2014576345412549	0.1586061510197357	0.0465801323	0.0219885004	0.0855190194	-0.0292984855	-0.0476381564	0.1746345493	-0.0119074363	-0.0101471451	0.1471203156	-0.0360151449	0.0035354213	0.021573013	0.0304013673	0.1039409935	0.0011990801	0.1158081631	0.0748614942	-0.0034262868	-0.0356396841	-0.0305747703	-0.0711415119	-0.0658225893	-0.0821941355	-0.0851304343	-0.065930374	2.81548e-05	-0.1372443158	-0.00389175	-0.0724367928	0.0254065262	0.1628113378	-0.0125184686	-0.1039882864	0.0107944583	-0.0007286211	0.086023314	-0.0216227353	0.0090599034	-0.0274110845	0.0058093507	0.116815345	0.0336306116	-0.1971121726	-0.0399933241	0.0056912239	-0.0234654609	-0.0588050553	-0.0779362795	0.0285068943	-0.1534889711	-0.0159239899	0.0966846127	-0.0157463454	-0.0337793142	-0.0940211943	0.1970461882	-0.0333646393	-0.1040258045	-0.0695517547	-0.0995078527	0.104104116	0.0451348432	0.0655537689	-0.069606206	-0.0700769976	0.1323047232	0.0254862415	0.0614793932	-0.0601105761	-0.0731227308	0.1282045865	-0.0868280273342776	-0.0004485631432941	0.007539106330762	2.012088935219685e-07	-0.0273435175226524	-0.1485063838816671	0.0007476679505115	0.022054146053609	0.1381097572571548	0.0053195712677336	2.8297838472497837e-05	0.0190743050496302	-0.004852971932095	0.0007348785788787	2.355133657370188e-05	5.40046525694924e-07	0.003803065533005	1.14139356932998e-05	1.4463307448330604e-05	1.3027792801078319e-10	0.0010157372540043	-0.0001973698103991	3.8954842056976687e-08	1.031722169172196e-06	0.0	0.0	0.0	0.0	0.0	0.0	0.0	0.0	0.0
856.5795602413629	0.6527697443938223	733728.5430232866	0.426108339195976	872.8517141631155	0.3884890007250305	0.1509237036843328	761870.1149174891	766.0894947881284	-0.6040941321331275	586893.1140247298	0.3649297204776764	768.2206739351097	588.9987634577567	1.046033	18.658461	0.267702687770389	0.1273731051169187	-0.0143374189	0.0581290564	0.0218135561	-0.1224484444	-0.0658920815	0.1315269191	0.0701573696	0.0528792617	0.0436995197	-0.0072765465	0.1010535173	0.1172635104	-0.0300731785	0.0485437967	0.0780100503	0.1108209762	0.0515674733	0.0432457363	-0.0907467461	-0.1727850446	0.0217415836	-0.084737065	-0.115495462	-0.0906651898	0.0758781884	0.0071397977	-0.1621250989	0.0884920194	-0.0414393323	-0.0237978481	0.0741807223	0.0130262164	-0.1378064946	-0.0135293134	-0.0229478992	0.1459280393	0.024367623	-0.1162728495	0.0036820775	0.106913906	0.1323843328	0.0429198696	-0.1041702524	-0.0736983869	-0.0087754225	-0.0499615721	0.0081877662	0.0505289106	0.034988561	-0.1107546528	-0.0877457928	0.0862107482	0.0154167603	0.0716791282	0.0702131147	0.0416602411	0.0910255745	0.1122391143	-0.0349477141	-0.1035183418	0.1141356587	-0.0491839751	0.0282299158	0.0394630197	-0.1478865177	0.0355813376	0.1155367686	0.0085181288	-0.063080731	-0.0674542747	0.1289999139	-0.0661564689232108	0.0206715584110667	0.0043766783803877	0.0004273133271421	0.0463148221770239	0.0736583396996763	0.0021450627532893	0.0054255510073129	0.0702412936025638	-0.067868463654591	0.0046061283588345	0.0049338393269615	-0.0062178971715651	-0.00136492523947	3.866224523615727e-05	1.8630209093425085e-06	0.0034107886829686	-0.0003922768500363	1.1633479439866678e-05	1.538811270744801e-07	0.0013686216845989	0.0003528844305945	1.2452742135607498e-07	1.8731253155543307e-06	0.0	0.0	0.0	0.0	0.0	0.0	0.0	0.0	0.0
856.8689184332345	0.2893581918716563	734224.343376941	0.0837281632032342	872.128587029197	-0.7231271339185241	0.5229128518092191	760608.2723135436	765.6042272787689	-0.4852675093594598	586149.8328271209	0.2354845556399334	767.6684519898846	592.0162279388242	0.808237	14.4168	0.1297185288094538	0.0586379534708105	-0.0208948839	0.0624975641	0.0400083497	-0.1314120003	-0.0897378996	0.0675098676	0.0949347698	0.0637727202	0.0650580532	0.0795698802	0.0384385555	0.1040308888	-0.0090523167	0.0311056655	0.0187844663	0.1057822317	0.0613294736	0.0315830472	-0.0586853501	-0.1383798689	0.0001675454	0.074240228	-0.107198685	-0.125976967	0.1703251192	-0.0537073142	-0.0165735714	0.1065286746	0.009844981	0.0172679131	0.0544263897	-0.0020841518	-0.1283195563	-0.0131285043	-0.0587362603	0.0928299322	0.0588188048	-0.0716044625	0.0183096891	0.1236705836	0.1099561417	0.09771506	-0.0259320256	-0.1255659339	-0.0137378052	-0.0408429275	-0.000372555	0.1048923044	-0.0125286072	-0.1132884107	-0.1108898558	0.0826228732	0.0272259172	0.1478219873	0.0534283058	-0.0096174882	0.1293570563	0.1659611515	0.0494581681	-0.0163488958	0.1708147877	-0.0511714805	-0.0074868188	-0.0671843231	-0.0560694858	0.0407427004	0.1861419346	0.0519344816	-0.0660076536	-0.0616009311	0.1289999139	-0.0853605561254227	-0.0192040872022119	0.0072864245420414	0.0003687969652701	0.0545118258634005	0.0081970036863765	0.0029715391589616	6.71908694344715e-05	0.0387199966143185	-0.0315212969882453	0.0009935921638211	0.0014992381378128	-0.0066868631088674	-0.0004689659373023	4.471413823673179e-05	2.199290503498248e-07	0.0036531240812753	0.0002423353983066	1.3345315553193505e-05	5.8726445272466894e-08	0.0020732431676423	0.0007046214830434	4.964914343662805e-07	4.298337232175478e-06	0.0	0.0	0.0	0.0	0.0	0.0	0.0	0.0	0.0
856.0040985872386	-0.8648198459959531	732743.0167981508	0.747913366028464	871.742116465713	-0.3864705634839538	0.1493594964396047	759934.3176201208	764.8684417782299	-0.7357855005390093	585023.7332282575	0.5413803028034404	767.6149831726151	594.0805782836543	0.941988	16.802572	0.061573304538509	0.0351071244207036	-0.0191367428	0.0318190425	0.0941573017	-0.0426497845	-0.1604035103	0.0685731427	-0.0123877981	0.1113556869	0.1065459824	0.0959099063	0.0741676107	0.1652644292	-0.0032019879	-0.0261410892	-0.0202889261	0.1619102237	0.1021512491	-0.0516256091	0.0083807573	-0.0648414923	0.1143569501	-0.0592543806	-0.0927522128	-0.1152461445	0.0147327755	0.0069988112	0.0749443577	0.1387203343	-0.0001007088	0.0532670722	0.0426189468	-0.0832638885	-0.1485865117	0.047080331	0.0463024148	0.0741766664	0.0100761476	-0.1462467532	0.0383350064	0.0542624872	0.039713249	0.1275534563	-0.0967677302	-0.087024816	-0.0068911445	-0.0536177937	0.0339618789	0.0747079287	-0.0349105007	-0.0254994716	-0.1900997977	0.0877876994	0.0014726704	0.1507597634	0.0189830634	-0.0074549288	0.070183158	0.1280604207	0.1482467661	-0.1102329349	0.1310173132	0.1049866411	-0.0435961143	-0.0257096193	-0.0198973879	0.0058066605	-0.0158461601	-0.0464874478	-0.0688893378	-0.0555787436	0.1282045865	-0.0857397649293147	-0.000379208803892	0.0073513072901341	1.437993169492017e-07	0.0853887877681387	0.0308769619047382	0.0072912450765122	0.0009533867764666	0.0466289463512623	0.0079089497369438	6.255148594150344e-05	0.0021742586378288	-0.0067103030713573	-2.343996248990038e-05	4.5028167309467214e-05	5.494318415279368e-10	0.0034066864720858	-0.0002464376091895	1.1605512719092395e-05	6.073149522303674e-08	0.001894957057463	-0.0001782861101793	3.178593708286553e-08	3.5908622496288317e-06	0.0	0.0	0.0	0.0	0.0	0.0	0.0	0.0	0.0
855.2176521692219	-0.7864464180166806	731397.2325818362	0.6184979684112675	877.1936686544707	5.45155218875766	29.71942126674843	769468.7323274893	766.1294467976503	1.261005019420395	586954.3292504736	1.5901336590034307	768.6091162548089	584.8231974015613	0.949327	16.93347	0.1126450439928546	0.0579603712750704	-0.0450517231	0.0277558091	0.1228904691	0.0737335158	-0.0640336776	0.0799552143	-0.0586965709	0.0955823259	-0.1137501573	0.1397930564	0.0643981784	0.123172693	-0.0138441805	0.0279089991	0.0245259584	-0.0006452047	0.0734719973	-0.1177490694	0.1104962745	0.0199496829	0.1302807642	0.0510705063	-0.0697507646	0.0554187109	0.0098936118	0.1458098119	-0.0653867309	0.0370639733	-0.0025919625	-0.0034690353	0.0570300269	-0.0189961012	-0.0072416594	0.0802605039	0.1358089749	-0.0316124685	0.0417830444	-0.11522621	0.0439043839	0.1158999572	-0.0221867299	0.1213992926	-0.0226316897	-0.0745064291	-0.0091290002	-0.076429228	0.0336593455	0.0367113026	-0.0386236125	0.1246054531	-0.0746784602	0.0887708582	-0.0170357492	0.0779581902	-0.0710630055	0.0413553295	-0.0043409745	0.131635518	0.1768686052	-0.095614468	0.051377141	0.1153116473	-0.0524933864	0.0885564702	0.0218312363	-0.1407822144	0.0161474204	-0.0035219834	-0.0717238087	-0.0494042187	0.1266188352	-0.0827686230650215	0.0029711418642932	0.0068506449640796	8.82768397775569e-06	0.0766317396871016	-0.008757048081037	0.0058724235274717	7.66858910935955e-05	0.0744346860101217	0.0278057396588593	0.0007731591579762	0.0055405224814254	-0.0074869851607311	-0.0007766820893737	5.60549467970077e-05	6.032350679540514e-07	0.0030461722455252	-0.0003605142265605	9.27916534940804e-06	1.2997050755258754e-07	0.0015699310856241	-0.0003250259718389	1.0564188236982141e-07	2.464683613608865e-06	0.0	0.0	0.0	0.0	0.0	0.0	0.0	0.0	0.0
854.220338633857	-0.997313535364924	729692.3869357413	0.9946342878220836	872.1411738540187	-5.052494800451996	25.52770370859445	760630.2271314657	765.8296449369203	-0.2998018607299855	586495.0450642095	0.0898811556971616	768.255855853741	584.8404866232108	1.014523	18.096403	0.1013391886005742	0.0520819698901492	-0.0688505048	0.0009363134	0.0592734136	0.0670034993	0.0680300932	0.0944539871	0.0162098173	-0.0576112324	-0.06829015	0.0203087996	0.0430287396	0.1333098376	-0.0336256605	0.071036665	0.0321751016	-0.1391666506	0.1390278801	-0.0026270848	0.0610902944	-0.0334798988	0.0023406839	0.1104120898	-0.0316346091	-0.0142008361	0.1333663455	0.0050177288	0.067059442	0.1046142636	-0.0324234042	-0.0754152892	0.0760432471	0.0779217306	0.0913662597	0.1418537352	0.0339052409	-0.0477957837	0.0480718268	-0.0364798147	0.1065186107	0.0794430875	0.0999239752	-0.0452953195	-0.0315115915	-0.2072331764	-0.0053784215	-0.0879158269	0.034943655	-0.0165432724	-0.0008892513	0.158938359	0.0371168095	0.0563932746	0.0425265146	-0.0220418829	-0.0193657747	0.045473441	-0.0053369613	0.0541405266	0.1376140825	-0.0793408309	0.0394875387	0.1836446453	-0.0785200848	0.0429679983	0.1114380315	0.0730909471	0.0647928894	-0.0177578389	-0.0745091236	-0.0430942802	0.1242524367	-0.0855642838223929	-0.0027956607573713	0.007321246666039	7.815719070306392e-06	0.0514566683983588	-0.0251750712887428	0.0026477887226586	0.0006337842143932	0.1186151913258868	0.0441805053157651	0.0019519170499563	0.0140695636132767	-0.0073999984455325	8.698671519859983e-05	5.475997699388342e-05	7.566688621042321e-09	0.0034067416538878	0.0003605694083625	1.1605888696334182e-05	1.3001029824695516e-07	0.0017061339868368	0.0001362029012127	1.855123029875656e-08	2.9108931810396345e-06	0.0	0.0	0.0	0.0	0.0	0.0	0.0	0.0	0.0
853.9466286746319	-0.273709959225016	729224.8446247698	0.0749171417789599	872.7015968669544	0.5604230129357575	0.3140739534279921	761608.0771741322	765.8602395877946	0.0305946508742636	586541.9065814741	0.000936032662118	768.3940215333263	582.1754552133185	1.006847	17.959482	0.0452369905576446	0.0280181686257622	-0.0691759941	-0.0161127624	-0.0129671989	-0.0639084727	0.0360928549	0.0257502741	0.0822812049	-0.043773276	-0.0352681123	0.0320610805	0.0458286693	0.0621095568	-0.0330779833	0.0355274356	0.0427420776	-0.0412109713	0.075343019	0.0678209725	0.0386819428	-0.0704707008	-0.0778069418	0.024799133	0.0767953204	0.0895697325	0.1570719814	0.0850907293	0.0822336037	0.0502939807	-0.0016776975	-0.0411211377	0.0334969074	0.0719962332	-0.001388555	0.0552988957	-0.0647793516	-0.0411897562	0.1012775868	0.045585079	0.0206603053	-0.0082509552	-0.012878279	-0.0265470992	-0.020703336	-0.1282674278	-0.0093395336	-0.0919951888	0.0175208596	-0.0169942308	0.062730776	0.0124846044	0.1067988195	0.1033410019	0.0119420692	-0.0572441569	0.0424993411	-0.019053475	-0.0031851713	0.038545688	0.0870501366	0.0077379243	-0.009310435	0.2048717041	0.0008448899	0.0431894744	0.0571091437	-0.0292367792	-0.0006245784	-0.0075367405	-0.0772433738	-0.0366662233	0.1211199807	-0.0860641737475731	-0.0004998899251801	0.0074070420028524	2.498899372966657e-07	0.0404609854987825	-0.0109956828995763	0.0016370913475326	0.000120905042428	0.1180783593330687	-0.000536831992818	2.881885885130452e-07	0.0139424989427892	-0.0070739188196828	0.0003260796258497	5.00403274674625e-05	1.0632792239428045e-07	0.0034097013329665	2.959679078700251e-06	1.1626063180033528e-05	8.759700248895966e-12	0.0013710815769638	-0.000335052409873	1.1226011736170485e-07	1.8798646906895403e-06	0.0	0.0	0.0	0.0	0.0	0.0	0.0	0.0	0.0
852.9017364470171	-1.0448922276148096	727441.372034337	1.091799767329839	874.7539075793642	2.052310712409735	4.211979260271754	765194.3988253669	765.8451951717384	-0.0150444160561846	586518.8629676381	0.0002263344544715	767.8716824737203	581.954959165252	0.902223	16.093258	0.0728586481024947	0.048147239448637	-0.0766324739	-0.0270254104	-0.0665801773	-0.1291868116	-0.038081167	-0.0730419499	0.1009330448	-0.1061747084	0.0690708121	0.0059567559	0.1093990255	-0.0223096029	-0.0402019919	-0.0246851094	0.1238524291	0.020123652	-0.0327091957	0.1292175872	0.0150054982	-0.0511446105	-0.0608806888	0.1100128386	0.0688292076	0.070546465	-0.0056421267	-0.066345988	0.0541899392	-0.0108441471	0.0281831895	-0.0183374618	-0.0646378696	0.1091480758	-0.0894725301	-0.0288824255	-0.1067164954	-0.0722124944	0.0334316665	0.0578232574	0.1035210153	0.0152535104	-0.0340812291	-0.056440273	0.0155372288	0.0242842473	-0.0087181004	-0.0926832633	0.0376636624	-0.0069665275	0.0724111175	-0.0546194983	0.0870941961	0.0530523265	-0.0352688706	-0.0524336765	0.1007598564	-0.0946259505	-0.0261154625	0.0077227357	0.0225436861	0.0831128545	-0.0390650129	0.1709585396	0.0507684788	0.1376631854	0.0726799072	-0.0291375006	0.0423695339	0.0050726379	-0.0799246852	-0.0301376669	0.1172407796	-0.0861850515247226	-0.0001208777771495	0.007427863106319	1.4611437008604882e-08	0.0830064136226838	0.0425454281239012	0.0068900647025	0.001810113454246	0.1335073031056026	0.0154289437725338	0.000238052305936	0.0178241999825312	-0.0073028824166684	-0.0002289635969856	5.33320915916845e-05	5.2424328744584384e-08	0.0033440470841021	-6.565424886440007e-05	1.1182650900691758e-05	4.310480393948578e-09	0.001371731699692	6.501227282000414e-07	4.22659561722265e-13	1.8816478559399035e-06	0.0	0.0	0.0	0.0	0.0	0.0	0.0	0.0	0.0
852.3728116644035	-0.5289247826136716	726539.4100646806	0.2797614256629197	883.2759836370295	8.522076057665345	72.6257803326329	780176.463269962	765.6249645788413	-0.22023059289711	586181.586386352	0.0485015140478126	768.3479795131226	593.7193464391372	1.141309	20.357925	0.0980151110516203	0.0630425819523994	-0.0468343409	-0.0533744251	0.0179867324	-0.0654271682	-0.1935487038	-0.0723324896	-0.0576950038	-0.0183971117	0.1870602137	0.0878206609	0.01841319	-0.0793364812	-0.0275448013	-0.0228190056	0.0555117746	0.1334246853	0.0351736621	0.018524853	0.1008119147	0.0677206793	-0.0458020087	-0.0709443068	-0.0804550503	-0.0154945315	-0.1917340009	-0.0545810177	-0.1316387064	0.0131441245	-0.0400696897	0.0154562287	-0.0093832302	-0.0124517421	-0.161915029	0.0154729984	0.0026615771	-0.087345382	0.0059949272	0.0090248372	-0.0517636795	-0.0073792967	-0.0385462795	0.0480687458	-0.1328724243	0.1807343612	-8.66833e-05	-0.1085269922	0.0534105454	-0.0259349178	-0.0264725066	-0.1616818243	-0.008467219	0.0094481819	-0.0798046706	0.1253517882	0.0306583126	0.0228830173	0.0197547851	0.0073310338	0.0055509279	-0.0070394591	0.0069450282	0.1053769465	0.0202773945	-0.0500426374	0.0901175682	0.0364524637	0.0136229349	0.0528936224	-0.0825512202	-0.0235265052	0.1126387502	-0.0861268282958747	5.82232288478951e-05	0.007417830552307	3.389944377474364e-09	0.0301280262376906	-0.0528783873849931	0.0009076979649789	0.0027961238524374	0.1180120667670934	-0.0154952363385092	0.0002401023491862	0.0139268479026409	-0.0068442978702763	0.0004585845463921	4.6844413337068695e-05	2.1029978618964865e-07	0.0034100848334555	6.603774935339977e-05	1.1628678571363224e-05	4.360984339662452e-09	0.0013046887134521	-6.704298623990009e-05	4.494762003963433e-09	1.7022126390092955e-06	0.0	0.0	0.0	0.0	0.0	0.0	0.0	0.0	0.0
848.5573830730106	-3.8154285913929016	720049.6323677159	14.55749533601842	877.0772955345385	-6.198688102491019	38.42373419196371	769264.5823421802	763.4543851625266	-2.1705794163146948	582862.5982238915	4.711415002529041	766.5438812563729	580.4224103420792	1.137526	20.29044	0.0537215678311954	0.0247177829570429	-0.1083806621	-0.0929430179	-0.0062390095	0.1025019509	-0.0781209238	-0.0661441663	-0.1015345616	-0.1124000937	-0.0668218148	0.1236152974	0.0145462069	0.0605604705	-0.075392475	-0.1209646382	-0.0041131065	-0.0494164544	0.0636678058	-0.0986468187	0.0974269501	0.1003755114	0.0519977227	-0.0695192165	-0.046754654	0.1388144592	-0.0209727834	-0.0225997295	0.0122326431	0.0728175427	0.0122430912	-0.0535889696	-0.1000165964	-0.0404020787	0.0047049754	0.1175929488	0.1359190973	-0.0720665397	-0.0314907975	-0.1116538442	-0.0910015138	0.0581781907	-0.1338087463	-0.0564763395	0.0065690967	0.0177636618	0.0003004747	-0.117662337	0.0847725173	-0.0190964335	-0.0729590782	0.0606329761	-0.0179061399	-0.117017558	0.0566654892	0.1493907792	-0.0335445348	-0.0048933627	-0.0409467515	-0.0126779953	-0.0147434139	0.0546304979	0.0074629796	0.0122251308	-0.0884419962	0.0051023411	0.0395709364	0.0902834955	0.0115033825	0.0771935813	-0.0851211787	-0.016850859	0.1073422654	-0.0779697394994514	0.0081570887964233	0.0060792802776123	6.653809763273467e-05	0.0414093703964368	0.0112813441587462	0.0017147359566292	0.000127268726028	0.1299438102427643	0.0119317434756709	0.0001423665023692	0.0168853938204075	-0.0065420389192719	0.0003022589510043	4.279827322126825e-05	9.136047346228025e-08	0.0034098040715706	-2.807618848998592e-07	1.1626763806499442e-05	7.882723601252177e-14	0.0014491768285699	0.0001444881151177	2.0876815410294616e-08	2.100113480463913e-06	0.0	0.0	0.0	0.0	0.0	0.0	0.0	0.0	0.0
847.5102598944848	-1.0471231785257942	718273.6406264171	1.096466951005962	870.4048843094797	-6.672411225058795	44.52107155629061	757604.6626297988	762.0696239795938	-1.3847611829328343	580750.1117923994	1.9175635337575427	765.4620794943272	569.7178775098696	0.942438	16.810595	0.0658422648085214	0.0376401426202011	-0.1362188483	-0.1348625467	-0.0626658686	0.0516887278	-0.00991468	-0.0685288524	0.0101552915	-0.2156298939	-0.0059117052	0.0507371931	0.0334712734	0.0875383063	-0.110768272	-0.1356028254	-0.0079544431	-0.109262513	0.0816316967	0.0708519518	-0.0395886824	0.019125503	0.1319972079	0.0015993029	0.0041825237	-0.0138278113	-0.0746961859	0.0406944911	0.0090109196	0.0086222757	0.021931441	-0.094529514	-0.1107039079	0.0090248242	0.0196140151	0.1485921976	-0.0989914081	-0.0228675428	-0.0905518203	-0.0842094311	0.0546102137	0.0119823361	-0.0161544402	-0.0330655625	0.0401877229	0.045774519	0.0011565475	-0.120706013	0.0698846492	-0.0387806359	0.0164148742	0.0742337173	-0.0091991316	-0.1093722935	0.0737363382	-0.0112499843	0.0934649143	-0.0903451486	-0.0656232729	-0.0537805734	-0.0441844712	0.033765431	-0.0324360127	0.0372736997	-0.0487728311	-0.0483049367	0.0508118708	-0.0626846462	-0.0923670058	0.0364818698	-0.0876327994	-0.0101290257	0.1013839798	-0.0859123946321176	-0.0079426551326662	0.0073809395514247	6.30857705564688e-05	0.069958106498845	0.0285487361024081	0.0048941366649037	0.0008150303330449	0.1440310993645113	0.014087289121747	0.0001984517147996	0.0207449575841497	-0.0068340654125444	-0.0002920264932725	4.670445006293566e-05	8.52794727730335e-08	0.0034090555187602	-7.48552810399955e-07	1.1621659529989376e-05	5.60331309957671e-13	0.001461673471521	1.2496642951099993e-05	1.561660850472771e-10	2.136489337348251e-06	0.0	0.0	0.0	0.0	0.0	0.0	0.0	0.0	0.0
849.5168102344738	2.006550339989076	721678.810870955	4.026244266910276	872.93072272792	2.525838418440344	6.379859716069218	762008.0466822889	763.9853168336115	1.9156928540177205	583673.5643373537	3.669879110934559	766.2994663195232	569.5288830925437	0.8970939999999998	16.00178	0.0816150731268127	0.0457610310657089	-0.1139833277	-0.1335861937	-0.0824996675	0.0221184979	0.0145206236	-0.0454347545	0.0096833855	-0.1708516105	-0.013528938	0.053992778	-0.0683033009	0.0173206361	-0.0951849865	-0.0790825009	0.0710510181	-0.1033313446	0.0685293164	0.1022022386	0.101200787	0.0516867365	-0.0497896329	0.0569409862	0.2051751685	0.047626757	-0.0471551958	0.0664600034	-0.0985376656	0.0772678846	0.100705878	-0.0798649747	-0.0776505308	0.0964712752	-0.0215418104	0.1188575416	-0.065894008	-0.1278875225	0.0334267339	0.0573111848	0.0326660892	-0.1381509576	-0.106261261	0.0349249989	-0.0060351957	-0.0691523748	-0.0015995752	-0.1241492581	0.0637765636	-0.047192308	0.0308204757	0.0042971958	0.134212271	-0.030036493	-0.0131799254	-0.0369272683	0.0617059342	-0.0674715962	-0.0527389287	-0.0413017296	0.0275302755	0.0639118333	-0.0523952934	0.0204597303	0.0076197321	-0.0810001441	0.0706252838	-0.0840635257	-0.0465686181	0.1081010692	-0.090084361	-0.0033794295	0.0948006283	-0.0858772723310892	3.51223010283952e-05	0.007374905903028	1.23357602952921e-09	0.0474993620895958	-0.0224587444092492	0.0022561893989185	0.0005043952004399	0.1718269575257665	0.0277958581612551	0.0007726097309206	0.0295245033325615	-0.0073709306677297	-0.0005368652551853	5.43306189084782e-05	2.8822430222517737e-07	0.0034089989139067	-5.6604853499765684e-08	1.1621273595017062e-05	3.204109439729936e-15	0.0013720883664542	-8.958510506679998e-05	8.02549104982959e-09	1.8826264853589548e-06	0.0	0.0	0.0	0.0	0.0	0.0	0.0	0.0	0.0
850.0842700763455	0.5674598418717096	722643.2662312333	0.3220106721370657	879.1695582649925	6.238835537072418	38.92306885863769	772939.112179862	764.259055817285	0.2737389836735246	584091.9043987279	0.0749330311826142	767.124403541055	580.3906827620996	0.927855	16.550467	0.1062732611532464	0.0701412229316759	-0.083398128	-0.1061611494	-0.077511792	-0.0452480691	-0.1184375911	-0.08196697	-0.0175622975	-0.0822125904	0.0829779304	0.1065502255	-0.0012119858	-0.0220154246	-0.0595337743	-0.1209681703	0.0390842983	0.106787216	0.0015663185	0.0666590304	0.0063729608	-0.0228179546	-0.0483536324	0.0221700661	0.0401409369	0.1720969722	-0.1296302045	0.0517024122	-0.0022453977	0.0261920956	-0.0504715607	-0.0020848941	-0.1057425005	-0.0153705302	-0.144512068	0.0376015827	-0.0728024348	-0.0416460299	0.0653948362	0.0668691606	0.0321508091	-0.0259876482	-0.1686199318	0.0095107719	0.0288381235	0.1085434206	0.0094405308	-0.1107803353	0.0704796067	0.0131170225	0.0509821572	-0.1197684135	-0.021613705	-0.0487004423	-0.0196618339	0.0225654915	0.0334226928	-0.0567600345	-0.0003936586	-0.0260081847	-0.0401477168	0.0124834469	-0.1171724483	-0.0244688485	0.0166244342	-0.1151136732	-0.005779697	-0.0649608738	0.0234425566	0.0892738615	-0.0924741833	0.0033794295	0.0876327994	-0.0818545673951263	0.0040227049359629	0.0067001702034432	1.618215500182033e-05	0.0293102177461435	-0.0181891443434523	0.0008590888643263	0.0003308449719469	0.1115480158889852	-0.0602789416367812	0.0036335508048504	0.0124429598487692	-0.0068974167883072	0.0004735138794225	4.7574358351622006e-05	2.24215394005746e-07	0.0034098248082199	8.25894313199755e-07	1.1626905222751878e-05	6.82101416575695e-13	0.0013707787354489	-1.3096310052999969e-06	1.7151333700430805e-12	1.8790343415588847e-06	0.0	0.0	0.0	0.0	0.0	0.0	0.0	0.0	0.0
847.8816676108867	-2.202602465458881	718903.322270618	4.851457620845541	882.3038844484272	3.134326183434723	9.824000624164478	778460.1445127836	763.6950712438341	-0.5639845734508526	583230.1618421249	0.3180785990905402	767.4775241500643	575.5292849589072	1.00595	17.943474	0.1081943242018193	0.0646863486720681	-0.0679310295	-0.1350708745	0.0171775029	0.1053135208	-0.1621976921	-0.0854074526	-0.1508303914	-0.1072698045	-0.0212322729	0.1565270329	0.0224245092	-0.0218165937	-0.0302284997	-0.1150618543	-0.0495606055	0.0817044256	0.0885645944	0.0066672284	0.182381395	0.1035212694	-0.0303004965	-0.0230855527	0.0179324251	0.1227389825	-0.0591859633	-0.0979514248	0.1313376589	-0.018626696	0.0478098222	0.0198788601	-0.07328783	-0.0828802706	-0.0871066721	0.0982949111	0.0777994004	-0.20601012	-0.0075304536	-0.0180378156	-0.0490662127	0.0549380189	-0.0910450376	-0.1115427335	0.0254616886	0.0621166711	0.0132634853	-0.1160515572	0.0779970106	-0.0465190736	-0.0585222119	-0.0343260968	0.0122880087	-0.1112749754	-0.1298771835	0.1254999681	-0.0260695929	0.0158670113	-0.0871148704	-0.1127765234	-0.0024997374	0.0280872074	-0.0672444402	0.0604623073	0.0510788126	0.1012852438	0.0050842042	-0.0363930268	-0.0406982158	-0.0263481748	-0.0948006283	0.0101290257	0.0799246852	-0.0860785965942625	-0.0042240291991361	0.0074095247916377	1.7842422675155187e-05	0.074623204058696	0.0453129863125525	0.0055686225839857	0.0020532667285615	0.1525338872318258	0.0409858713428405	0.0016798416497318	0.0232665867540513	-0.0071873132182702	-0.000289896429963	5.165747129752155e-05	8.403994010529286e-08	0.0034098520762109	2.7267991000150957e-08	1.1627091181639786e-05	7.435433331843134e-16	0.0013072736864571	-6.350504899179992e-05	4.0328912474509095e-09	1.7089644913031365e-06	0.0	0.0	0.0	0.0	0.0	0.0	0.0	0.0	0.0
849.1153651360707	1.233697525184084	720996.9033101627	1.5220095836453338	870.0509689215457	-12.252915526881452	150.13393890889256	756988.6885213206	764.426130673385	0.7310594295508963	584347.3092562831	0.5344478895352819	766.1654144229384	562.8555924607097	0.98499	17.569613	0.109370337691056	0.0710228930294738	-0.1073213285	-0.1188878389	0.0601326382	0.1954249242	-0.0196234519	0.0965512256	-0.1416406511	-0.2037120148	-0.0519079089	0.0054561814	0.0127263213	0.0359334359	-0.0923937451	-0.0178925741	0.0225146469	-0.1034394661	0.1854481346	-0.0868899812	0.0918538779	0.1161226303	0.0541515053	-0.0263473044	-0.1141252467	-0.0630157272	-0.0836841345	-0.1416745256	0.0162003277	-0.0173638929	-0.0815358342	-0.1189717006	0.0365560078	0.0227148694	0.0620012493	0.2276040049	0.0986617854	-0.0801093196	-0.0753912565	-0.0292426325	-0.0003678928	0.0889755179	0.1031623385	-0.0556392935	-0.0379386832	0.1055021082	0.0037788607	-0.1408365993	0.0711626007	-0.1087867109	-0.0738747753	0.0907814113	0.0241328967	-0.1285518722	-0.0115054101	0.0962579164	-0.0345579163	0.0615756227	0.0014422653	-0.0405972169	-0.0977652325	-0.0307035431	0.0002975115	-0.0181533001	-0.0132024648	0.0066548402	-0.0422205037	0.0089771984	0.0537877858	0.1316899752	-0.0970621018	0.016850859	0.0717238087	-0.0859204203820382	0.0001581762122242	0.0073823186386261	2.5019714113623527e-08	0.0122214076616415	-0.0624017963970545	0.000149362805232	0.0038939841935794	0.1846160569762531	0.0320821697444273	0.0010292656155102	0.0340830884934591	-0.0074252240098433	-0.000237910791573	5.5133951596353415e-05	5.6601544746938865e-08	0.0034099117335861	5.965737520001804e-08	1.1627498030848162e-05	3.559002415755728e-15	0.0012506802286584	-5.659345779869996e-05	3.2028194656132323e-09	1.564201034357028e-06	0.0	0.0	0.0	0.0	0.0	0.0	0.0	0.0	0.0
851.5222282428875	2.406863106816786	725090.1051917323	5.792990014955752	869.535338083903	-0.5156308376427887	0.2658751607282039	756091.7041766874	764.0767125957179	-0.3494180776671101	583813.2227310793	0.1220929930005785	766.5096497361326	572.977921189933	0.923817	16.478441	0.0382449034318445	0.0316101957164534	-0.108579963	-0.1014359555	-0.0327995733	0.1072905355	0.0441480462	0.0322098148	0.0487321483	-0.1653228761	-0.0367960281	-0.0233965157	0.0017696231	0.0388161751	-0.1118585332	-0.0228091305	0.053947326	-0.1008965983	0.1292085185	-0.0362922529	0.0183723675	-0.0426770014	0.0609611938	-0.0574272996	-0.0677534507	-0.0423104984	-0.0113217813	-0.023147281	0.0386487786	-0.1722811395	-0.2333618335	-0.1404197544	-0.0096609854	0.0742841566	0.0389808232	0.1401064365	-0.0318798358	0.047171629	-0.0142934737	-0.0361087271	-0.054238069	0.0205407855	0.1145289828	-0.0415551248	0.0591059879	0.2384990324	0.0090601483	-0.135049586	0.0940276405	-0.0596645417	-0.0006348333	0.0598664842	0.0093849814	-0.0769266934	0.1011899069	0.0482393991	0.0429408871	0.0218439524	0.0931567912	0.0173012056	-0.1543744244	-0.0382707816	0.0009997486	-0.0630230419	-0.017358472	-0.0351241729	-0.0650046457	-0.0930098799	0.0643464019	0.0714557765	-0.0992570537	0.0235265052	0.063080731	-0.0860165118764086	-9.609149437039832e-05	0.0073988403153843	9.233575290336293e-09	0.0125911636802698	0.0003697560186282	0.0001585374028233	1.3671951331185114e-07	0.1531879628484773	-0.0314280941277758	0.0009877251005043	0.0234665519616664	-0.0074821115815248	-5.688757168150014e-05	5.598199371838755e-05	3.236195811817816e-09	0.0034101419968144	2.302632282997694e-07	1.1629068438437302e-05	5.3021154307031705e-14	0.0011807788277468	-6.990140091159996e-05	4.886205849404227e-09	1.3942386400551074e-06	0.0	0.0	0.0	0.0	0.0	0.0	0.0	0.0	0.0
852.861873153379	1.3396449104914154	727373.3746786902	1.7946484862055525	872.0709179386948	2.5355798547918766	6.429165200026394	760507.6859144379	765.6924030614034	1.615690465685475	586284.8561059467	2.610455680906947	767.6605351701811	574.0237232231465	0.7927419999999998	14.140409	0.0949427353612822	0.0472174513920109	-0.1110329884	-0.0973362662	-0.0318814205	0.0337128164	0.0304742492	0.0267731271	0.126834992	-0.1120734821	0.0024561033	0.0848933018	-0.1200891811	0.0411151697	-0.0889489492	0.0359490915	0.1302023065	-0.0803206512	0.1268081173	0.0793079193	0.0667462281	0.0070909824	0.1075003553	-0.0715240871	-0.020326334	-0.1196542709	-0.00217327	0.0466858957	0.1267659286	-0.0566636652	-0.0276595756	-0.1284661531	0.0257019842	0.1561396398	-0.0358812803	0.0829893879	-0.0570696536	-0.0475884211	-0.0339869975	-0.0951304836	-0.0712627562	0.0081804298	0.0432986969	0.0089402636	0.049898659	0.0431430599	0.0036302526	-0.1418378718	0.0721106035	-0.1080526509	0.0376458961	0.1282770807	-0.0616220435	-0.0378486409	0.0803295011	-0.0350137599	0.1242647193	0.0255817399	0.0129895373	0.0626233604	-0.1567565765	-0.0332024221	-0.0141792719	0.0043346832	-0.0255763345	0.0789461182	0.004208364	-0.0095583623	-0.0076872176	0.0317760214	-0.1013839798	0.0301376669	0.0540487397	-0.0855968946335536	0.0004196172428549	0.0073268283709076	1.7607863050122966e-07	0.0294786728011757	0.0168875091209059	0.0008689921501187	0.0002851879643086	0.1771344220165787	0.0239464591681013	0.0005734329066895	0.0313766034631474	-0.0081108701939263	-0.0006287586124014	6.578621530272205e-05	3.953373926690589e-07	0.0036381619029233	0.0002280199061089	1.3236222031882488e-05	5.1993077581911584e-08	0.0009637743496688	-0.000217004478078	4.709094350590521e-08	9.288609970795184e-07	0.0	0.0	0.0	0.0	0.0	0.0	0.0	0.0	0.0
856.4204674762508	3.5585943228718406	733456.01711224	12.663593554775694	872.5524265404904	0.4815086017955536	0.231850533603109	761347.7370616979	766.1057556959993	0.4133526345958671	586918.0289105382	0.1708604005273444	767.8094540243642	584.1411802241574	0.8547709999999998	15.246854	0.1247150136157005	0.0755426026612779	-0.0745444175	-0.0396324905	-0.0064370722	0.0180345797	0.0731408174	0.0803495173	0.1499785999	-0.0607428169	-0.0151650966	0.0137523067	-0.1411072041	0.043224469	-0.0825679893	0.0780490575	0.1555990968	-0.0671121388	0.0947999408	0.0348024102	0.0075562019	-0.0685911548	0.0223630202	-0.0515932693	0.0083158795	-0.0268915789	0.02072127	0.1418444712	0.0530660181	-0.0054798597	0.0457614095	-0.133226459	0.0461082088	0.1760692116	-0.0297070909	0.052328083	-0.0372836789	0.0181449887	0.0672788103	-0.038693719	-0.0729813425	-0.0268217155	-0.0404500707	0.0776035793	0.0680529649	0.0124520784	0.009714477	-0.1163433545	0.0514602431	-0.078254163	0.0412590342	0.1245231207	0.0154347151	0.0831885418	0.0167740159	-0.1144924302	0.0425446425	0.0211057538	0.0018521821	0.0881592782	-0.059692604	-0.0126948179	-0.0721577433	-0.0339337897	0.06092594	0.0961379168	0.0619384953	-0.0136670312	-0.0541069477	0.0769782516	-0.1034414224	0.0366662233	0.0446835199	-0.0939553701164186	-0.0083584754828649	0.0088276115737132	6.98641123976551e-05	0.0968074082697683	0.0673287354685926	0.0093716742959096	0.0045331586197997	0.1612459442754357	-0.0158884777411429	0.0002524437249307	0.0260002545452769	-0.0078731142294729	0.0002377559644534	6.198592767032865e-05	5.652789863316643e-08	0.0036251538986442	-1.300800427909976e-05	1.3141740788855244e-05	1.6920817532507768e-10	0.0013757968793983	0.0004120225297294	1.6976256500469666e-07	1.8928170533621005e-06	0.0	0.0	0.0	0.0	0.0	0.0	0.0	0.0	0.0
857.7323961571356	1.311928680884762	735704.8634174613	1.7211568637280314	883.3406656438655	10.788239103375076	116.38610295159108	780290.7315801473	766.1254532639156	0.019697567916296	586948.2101388401	0.000387994181817	768.910242896062	598.3742143967572	1.046253	18.662371	0.195954248260967	0.1143944346990651	-0.0103414273	0.0003426538	-0.0012373073	-0.1480479908	-0.0922352009	0.004119153	0.1131583357	0.0701142802	0.0888140424	0.0808985378	0.0058195963	0.125427037	-0.0449860301	-0.0242050113	0.1246566868	0.1384655914	0.0224528904	-0.0015967112	0.013181499	-0.0860159169	-0.0290088762	0.0235151927	0.0217067411	-0.0041701718	0.0043951111	0.0116461388	0.0026332758	0.0426493015	-0.0247310613	-0.0142021861	-0.019049994	0.0538967208	-0.1829902425	-0.0067705741	-0.0130854475	0.0554702019	0.1161301243	0.0085719617	0.0567298967	-0.0229627787	-0.020810086	0.0250069571	-0.0111841197	-0.0231022674	0.0180092367	-0.0963903645	0.0571849669	0.0088661858	0.079201437	-0.0977361573	-0.1225279832	0.1339859977	-0.0093687287	-0.0467576749	0.0074424085	0.0388791675	0.0074560819	0.1034013939	-0.0629351164	0.0030333122	-0.1159829263	-0.0259779394	0.0393685081	-0.0712920002	0.0135197551	-0.0517272873	0.0513604485	0.0595008133	-0.1054279714	0.0430942802	0.0350428114	-0.0845692918167912	0.0093860782996273	0.0071519651183935	8.809846584673636e-05	0.0353849635117029	-0.0614224447580654	0.0012520956427245	0.0037727167200575	0.0762324999549264	-0.0850134443205093	0.0072272857152363	0.0058113940493778	-0.0078041353849853	6.897884448759956e-05	6.090452910717966e-05	4.758080986844445e-09	0.00418638508703	0.0005612311883858	1.7525820096907185e-05	3.149804468169375e-07	0.0012033612946164	-0.0001724355847818	2.9734030899075773e-08	1.4480784053808585e-06	0.0	0.0	0.0	0.0	0.0	0.0	0.0	0.0	0.0
853.8009577129243	-3.931438444211267	728976.0753915068	15.456208240622306	888.8028357534697	5.462170109604244	29.835302306254043	789970.4808434092	766.0393995202106	-0.0860537437049515	586816.3616172848	0.0074052468056374	769.4808965156237	593.4786269708289	1.2307	21.952423	0.14383849546567	0.0693504682601676	-0.0449494506	-0.0578643982	0.0994778687	0.0914837744	-0.1274512001	0.0228557433	-0.0276426571	0.0955648627	0.0384980976	0.1240445304	-0.054268206	0.0812952929	-0.0262961459	-0.0186807671	0.058023819	0.0798661924	0.0565048312	-0.0917474502	0.1864569135	-0.0310682349	0.0950537049	-0.0905314197	0.11522229	0.0392412991	0.1151025959	-0.1020788521	0.1245474726	0.0150168208	-0.0339408249	-0.0054397765	0.0142649058	0.0046474612	-0.1173240487	0.057513958	0.1565417409	-0.0786635263	0.0680806011	-0.1423903806	0.0205199647	-0.0786955269	-0.0057673105	-0.0626840252	0.1649978159	-0.0020365373	0.0188386181	-0.1168657246	0.0670420563	-0.0769517413	-0.107143461	0.0304302953	-0.1086094832	-0.0311484759	-0.0036390953	0.1237712177	0.0039873201	0.0194335732	-0.0601059908	0.1195159216	0.0027195239	0.088026469	-0.1245385916	-0.103770278	-0.0924009276	0.0245611824	0.0459203562	-0.1107423707	0.0460385192	-0.1601525397	-0.1073422654	0.0494042187	0.0251860523	-0.0932359053442013	-0.0086666135274101	0.0086929340453528	7.511019003348782e-05	0.0628808137633143	0.0274958502516113	0.0039539967395366	0.000756021781059	0.1275110887311399	0.0512785887762134	0.00262949366688	0.0162590777494006	-0.0069851360500132	0.0008189993349721	4.8792125637194e-05	6.707599106847426e-07	0.0040750484547926	-0.0001113366322374	1.6606019908907554e-05	1.2395845677966174e-08	0.0010057484036172	-0.0001976128909992	3.9050854689061696e-08	1.0115298513785464e-06	0.0	0.0	0.0	0.0	0.0	0.0	0.0	0.0	0.0
849.9378877359046	-3.863069977019677	722394.4130089711	14.923309647350807	878.7446807514538	-10.058155002015951	101.1664820445785	772192.2139489744	764.0355812462155	-2.00381827399508	583750.3694102424	4.015287675196621	767.4278102456245	578.0535852691464	1.20346	21.466537	0.0693473302055805	0.0343543618615224	-0.0935633569	-0.1143385297	-0.0009237063	0.0935771479	0.0397071782	0.0188504603	-0.0826009726	-0.0599518582	-0.0669690453	-0.0213052009	-0.0220737175	0.0188330709	-0.1090108998	-0.0469125368	0.0610225255	-0.065874241	0.0610563938	-0.011269144	0.0932206949	0.1005182535	-0.1123795529	-0.0352256931	0.0871512577	-0.0298834425	0.0477224175	-0.1444611557	-0.0451087636	0.0815346527	0.0460947806	-0.0963125883	-0.0302131267	0.0402663378	-0.0010118997	0.1395653611	0.0857464741	-0.0909529948	0.0239556672	0.0491744732	0.0704520288	-0.0959857178	0.0043736715	-0.1372170723	-0.1258890055	-0.1921173893	0.0173442093	-0.1179606705	0.0682048651	-0.0467286069	-0.0136813954	0.0282394272	0.1406907649	-0.0364011935	0.0002213292	-0.0002848294	-0.0253161336	0.0282835297	-0.093819483	0.0511641978	-0.0599893383	0.049454248	-0.0715215186	0.0282298986	-0.1184513527	-0.1000976249	0.0184140334	-0.1098169784	0.050010261	0.0157039054	-0.1091829923	0.0555787436	0.0151740128	-0.0843543018743986	0.0088816034698026	0.0071156482447171	7.888288019481133e-05	0.0639240393634423	0.001043225600128	0.0040862828085389	1.08831965276245e-06	0.1337921523004297	0.0062810635692898	3.945175956145969e-05	0.0179003400171813	-0.0073761225909537	-0.0003909865409405	5.440718447677752e-05	1.5287047519661738e-07	0.0043729864549182	0.0002979380001256	1.9123010534898047e-05	8.876705191884218e-08	0.0013796526138783	0.000373904210261	1.3980435845097686e-07	1.9034413349812257e-06	0.0	0.0	0.0	0.0	0.0	0.0	0.0	0.0	0.0
850.497650498437	0.5597627625323867	723346.2535033615	0.3133343503178891	878.3186661113392	-0.4260146401145448	0.1814884735919251	771443.6792396022	765.5919986717643	1.556417425548716	586131.1084302267	2.422435202551693	768.4268170774059	571.5041097753189	1.004064	17.90983	0.1335906627165426	0.0751293376284972	-0.0797200973	-0.1300527494	-0.0769597592	0.0174096145	0.0076548824	-0.0824494102	-0.0198110519	-0.1164706468	-0.0554124836	0.0055698523	-0.0613991437	-0.0287512674	0.0001104613	-0.0072336016	0.0436611521	-0.0815764343	0.0477703694	0.1037000254	0.1714104923	-0.0077142461	0.0104998517	0.2024148482	-0.034971726	0.075514185	-0.0994088919	0.0270404246	-0.0741972534	-0.0767306452	-0.0956690667	-0.0175688858	-0.0207141992	0.0918643016	0.0264432774	0.0548021929	-0.0521722369	-0.2021652945	0.0889929145	0.0140803314	0.0416621776	0.1237222534	0.0079706394	0.0626255454	-0.0147049327	0.1209425822	0.0216619847	-0.0883834653	0.06573657	-0.0150919984	0.0481440572	-0.0037124496	0.1625996476	0.0123713034	-0.0749476201	-0.0162839805	0.0915868731	0.0141850396	-0.1089392665	0.0041963918	-0.0496081899	0.0413961106	0.0261673579	0.0733071429	0.0652094661	0.0079423175	0.0267743151	-0.0522588674	-0.0587455132	-0.0862821519	-0.1109488906	0.0616009311	0.0050684204	-0.1025318256714911	-0.0181775237970925	0.010512775275529	0.0003304223713938	0.1222397443772109	0.0583157050137685	0.0149425551054058	0.0034007214512528	0.0931650082736581	-0.0406271440267716	0.001650564831772	0.0086797187666307	-0.0075682258258183	-0.0001921032348645	5.727804215058308e-05	3.690365284544362e-08	0.0045088540848265	0.0001358676299082	2.032976515825661e-05	1.8460012856898666e-08	0.0013810875466836	1.4349328053000435e-06	2.0590321557262527e-12	1.907402811604525e-06	0.0	0.0	0.0	0.0	0.0	0.0	0.0	0.0	0.0
855.4481340013673	4.950483502930297	731791.5099664213	24.50728691278502	876.6594777251735	-1.659188386165738	2.752906100787266	768531.839885374	764.6164105997644	-0.9755880719998232	584638.2553584676	0.951772086228332	767.1016894000174	579.4653816493965	1.243268	22.1766	0.3006773125550402	0.1654939956174576	-0.0412020312	-0.0198476261	-0.1033096609	-0.0096785679	0.0822649608	-0.126915166	0.0826012503	-0.0093895163	-0.1555380143	-0.0129729202	-0.013729553	0.0465599578	-0.0096427512	-0.0571989551	-0.0099496144	-0.1023536996	-0.0623737069	-0.0485836512	-0.1346555108	-0.1198572666	-0.0328088118	0.0786596504	-0.1116664306	0.0375163637	-0.2147584848	0.1147912246	-0.0751911272	-0.1109225248	-0.0788381701	-0.0089131189	-0.1230881369	-0.0054434476	0.115548476	-0.0158198732	-0.0827655663	0.1365030131	0.1176497246	0.0437811217	-0.0231726663	0.1195983609	-0.0861477291	0.121303246	-0.0397015661	0.2348608336	0.0103302216	-0.014685777	0.070462409	0.1753385845	0.111061431	0.0332483598	-0.0030963249	0.0044721175	-0.0380696969	-0.0781964372	-0.1233403742	-0.0413274237	0.0785127116	-0.0116228519	-0.0810825916	0.0043402788	0.1389332084	0.0157896359	0.0824499615	-0.029272941	0.0011185836	-0.1933113884	-0.106842065	-0.0964403529	-0.1126387502	0.0674542747	-0.0050684204	-0.1189189721853125	-0.0163871465138213	0.0141417219456111	0.0002685385708654	0.0955896708072145	-0.0266500735699963	0.0091373851650316	0.0007102264212862	-0.0519556861337093	-0.1451206944073674	0.0210600159452765	0.0026993933216245	-0.0084945534620025	-0.0009263276361842	7.215743851881866e-05	8.580828895586095e-07	0.0054119730210311	0.0009031189362046	2.9289451980368494e-05	8.156238129313292e-07	0.0018020289355719	0.0004209413888882	1.7719165287921085e-07	3.2473082846383945e-06	0.0	0.0	0.0	0.0	0.0	0.0	0.0	0.0	0.0
857.1258952790739	1.6777612777066224	734664.800357954	2.8148829049717583	890.7371656822436	14.077687957070111	198.18129821663683	793412.6983276367	766.9770634151812	2.3606528154167563	588253.8158049749	5.572681714935058	770.6563103424496	591.1163574125898	1.169983	20.869392	0.2076236681173518	0.0952197037922038	-0.03415231	-0.0134127236	-0.0629915972	-0.087521146	0.0046275874	-0.0388163846	0.0654827139	0.0523520357	0.1038254327	-0.0342914366	0.0081524459	-0.0187956096	0.0036028091	0.0102052687	0.1043260415	0.0046976283	-0.0842373108	0.0682412381	0.0165500864	-0.0351751277	0.197966432	0.1032720364	-0.0807047698	-0.061897562	-0.0509347578	-0.0383007315	0.0393831621	-0.0424402092	0.154314034	0.0027025143	-0.0512961482	0.104061452	-0.0436105507	-0.1098778323	-0.0030182365	-0.0456149411	-0.0439838683	-0.0750318239	0.1136073728	0.0610318124	0.0177325474	0.0443360023	0.1249173104	-0.0007632992	-0.008406046	-0.0159877905	0.0053454183	0.0694155996	0.1034134201	0.0509512328	-0.1619298607	-0.0387977802	0.0577162525	-0.0353550729	0.0802425476	0.0455609286	0.0313711756	-0.0402538299	-0.0494258672	0.1099993435	0.1519496225	0.0014113964	-0.086155936	0.1176823499	0.0167031399	-0.1106440754	-0.1112228195	-0.1581665702	-0.1142514127	0.0731227308	-0.0151740128	-0.1360197494349933	-0.0171007772496807	0.0185013722363583	0.0002924365825432	0.1167459019676186	0.021156231160404	0.0136296056262328	0.0004475861169124	0.0274110451561426	0.0793667312898519	0.0062990780356355	0.000751365396552	-0.0080363163762871	0.0004582370857154	6.458238089978024e-05	2.099812267249431e-07	0.0065229953956098	0.0011110223745787	4.2549468931146655e-05	1.2343707168144936e-06	0.0020327680436261	0.0002307391080542	5.3240535985647845e-08	4.132145919187482e-06	0.0	0.0	0.0	0.0	0.0	0.0	0.0	0.0	0.0
857.6238275708653	0.4979322917913578	735518.6296173013	0.2479365672085938	887.6356102625529	-3.101555419690726	9.619646021412915	787896.9766061746	768.7114768938667	1.7344134786854966	590917.3347083498	3.0081901150459256	772.0476631847637	598.3536008134575	1.257687	22.4338	0.1658637398426865	0.0766345459436167	-0.0328292598	0.0571832862	0.0974370521	0.0793052281	0.031925797	0.049144247	-0.0036591262	0.0844322753	-0.0220624547	-0.0841656574	-0.0011082231	-0.1228044252	0.0368507645	0.1365452723	0.0854923286	-0.032576018	-0.0480384332	-0.1485125478	0.0020885629	-0.0681759007	0.0685217421	-0.0355915552	0.1059753725	0.1893195045	-0.0375847782	-0.0327323189	0.0266977935	0.0912195016	-0.1535660608	-0.0135064436	0.0822117105	0.0726497432	0.0381680183	-0.0954869035	0.1501513856	0.037845007	0.075616086	-0.0874857204	0.0797827338	-0.0274771717	-0.1906987018	-0.0394750241	0.0936365741	0.0603360008	-0.0330020146	-0.0116952354	-0.0467049102	0.0044150498	-0.0225758208	0.1672312979	-0.0163678487	-0.0569796076	-0.0782693682	-0.0894455118	-0.0297025684	0.1239299709	0.0046829844	0.0919156545	0.0953936824	0.0380367977	0.0134866034	-0.1661411075	-0.1106453397	-0.1504757323	0.0531483359	0.0724296562	-0.0129240704	-0.1551059551	-0.1157857731	0.0785907625	-0.0251860523	-0.1447998241620212	-0.0087800747270279	0.0209669890773522	7.708971221219422e-05	0.1428366101346654	0.0260907081670467	0.0204022971947623	0.000680725052658	0.0782035209140445	0.0507924757579019	0.002579875593617	0.0061157906833533	-0.008326956354781	-0.0002906399784938	6.933820213442768e-05	8.447159709893425e-08	0.0075580899319784	0.0010350945363686	5.712472341987326e-05	1.071420699220127e-06	0.0023110431525778	0.0002782751089516	7.743703626208039e-08	5.340920453076736e-06	0.0	0.0	0.0	0.0	0.0	0.0	0.0	0.0	0.0
852.6723617087013	-4.951465862164014	727050.1564218943	24.51701418417562	889.7404190988252	2.1048088362723547	4.430220237250184	791638.0133781531	763.3820375035075	-5.329439390359198	582752.1351830065	28.402924215512225	768.7506998839024	601.7907762353367	1.306525	23.304943	0.2085905781768327	0.1117163709013167	-0.0444121654	0.0055326786	-0.0496774475	-0.0485265126	-0.0196812707	-0.1646338226	-0.0220241361	0.0437443914	-0.0310274269	0.055490434	0.0792058083	-0.0481677438	-0.0672457186	-0.131568259	-0.0961034924	0.1105004737	-0.1025628787	0.0735783913	-0.0614671507	0.0285630036	-0.1795332045	-0.0982250444	0.0970942351	0.2280347293	0.0296553318	0.0713910438	0.1530840116	-0.0462711922	-0.1388270647	0.0017224009	-0.1593298372	-0.1539847461	-0.0538453683	-0.0668382785	-0.0504805346	0.0292489458	-0.0076929647	0.1200489158	-0.0538750656	-0.0532469822	-0.1221034003	-0.2433591456	0.0027207089	0.0301511155	-0.0474827514	0.0031229011	-0.0344017265	0.0809796261	0.1131843624	-0.0898021112	-0.0264853148	-0.1574601405	-0.1216618652	-0.1314395702	-0.1398128645	0.0754591327	0.0234783923	-0.067907974	-0.0384931494	0.1392942608	-0.0381751889	-0.1127339575	-0.0779290881	-0.2020474972	0.0743195533	-0.0327581551	-0.067733246	-0.1087476129	-0.1172407796	0.0838433825	-0.0350428114	-0.1348435794267857	0.0099562447352354	0.0181827909126278	9.912680922790434e-05	0.0737080687463986	-0.0691285413882668	0.0054328793983238	0.0047787552344693	0.047666637255304	-0.0305368836587405	0.0009325012635874	0.0022721083072287	-0.0080542673258113	0.0002726890289696	6.48712221556315e-05	7.435930652043759e-08	0.0088730379509407	0.0013149480189622	7.873080247883393e-05	1.7290882925728757e-06	0.001919302032618	-0.0003917411199597	1.534611050673583e-07	3.6837202924115855e-06	0.0	0.0	0.0	0.0	0.0	0.0	0.0	0.0	0.0
848.43766175567	-4.234699953031281	719846.4658854287	17.93268369220314	883.7086878689853	-6.03173122983992	36.38178162902619	780941.0450151237	763.0591570271887	-0.3228804763188009	582259.2771230438	0.1042518019878557	767.12596482497	583.0616454845994	1.118877	19.957798	0.1075627716052195	0.0713311560215188	-0.0526505347	-0.0809777976	-0.0481434212	0.0608032678	-0.0554468482	-0.0956461224	-0.1262532488	-0.1112170294	-0.0440709596	0.0436664934	0.0081716211	-0.0862184689	-0.0360796467	-0.1165749567	-0.1048034649	-0.0063799964	-0.0264001623	-0.0234547051	0.0038866467	0.1241082682	0.047404414	0.005799241	0.0786060986	0.1024448948	0.0480328598	0.1420915889	0.0523737479	-0.10858561	0.0691058199	0.0156751774	-0.1055507073	-0.1242410972	0.027669862	0.0352524999	0.0345885961	-0.0646199949	-0.0954842793	0.0367385098	-0.0369776247	-0.0241109704	-0.1588622305	0.0226757635	0.0901400229	0.0308668069	-0.0218961049	-0.0042466989	-0.0227805495	0.0588330101	0.0630785007	0.0219640916	-0.0326457581	-0.1947018853	-0.1160723492	-0.0950613862	-0.1098296093	0.0452088919	-0.080221026	-0.1055100822	-0.0187496742	0.0646874667	-0.0359716099	-0.0587984849	0.0034624519	-0.0198439113	0.0772623975	0.0839539192	-0.0445294317	0.0889156527	-0.1186154352	0.0888661936	-0.0446835199	-0.1283751432393529	0.0064684361874328	0.0164801774017243	4.184066671089035e-05	0.1194701371134669	0.0457620683670683	0.0142731136619105	0.0020941669012322	0.0467028287689856	-0.0009638084863183	9.289267982993632e-07	0.0021811542150251	-0.0080541016620597	1.65663751600445e-07	6.486855358279282e-05	2.7444478594333943e-14	0.0078151036688767	-0.001057934282064	6.107584535529005e-05	1.1192249451662723e-06	0.0018900328071456	-2.9269225472400035e-05	8.56687559754191e-10	3.5722240120866766e-06	0.0	0.0	0.0	0.0	0.0	0.0	0.0	0.0	0.0
849.2887199204118	0.8510581647418576	721291.3297840517	0.7242999997737788	875.5067543838964	-8.201933485088944	67.27171289382326	766512.0769718242	762.123060374269	-0.936096652919673	580831.5591542417	0.8762769436074148	766.6812092996336	570.4509466608446	1.140098	20.336325	0.1086988421913733	0.0656475344730991	-0.0364561029	-0.0510033154	-0.1326804109	-0.0040401381	0.0287531709	-0.1021301834	-0.0562974416	-0.1171012612	-0.0555580699	-0.0513239396	-0.0215423727	-0.0011996115	0.0149252112	-0.1413094125	-0.2458156807	-0.0515160165	0.0252100231	0.1526970456	-0.2215031509	-0.0657895516	0.0475839488	0.0811726079	0.095917075	0.0997429706	0.0300755344	-0.0668896033	0.0214340297	0.1234869663	0.0091932066	0.0504525528	-0.1053528018	-0.1712651375	0.1203821478	0.0631752206	-0.2545557377	0.0989662961	-0.071387321	0.0685482777	0.1317449727	0.0509421323	-0.0941291504	-0.0210811701	0.1053642698	-0.0963720554	-0.0268282632	0.0413840514	0.0016474568	0.135542633	0.1444560204	-0.0557371913	0.0186923697	-0.2133591715	-0.1384290552	-0.1467407583	-0.108546358	-0.069041796	-0.0528032484	-0.0513530195	0.0498825857	-0.0132430829	0.1270178224	0.0556506804	0.0834383451	-0.1496758905	-0.1110015153	-0.0960558477	0.0037468246	0.0666830427	-0.1199087977	0.0936454286	-0.0540487397	-0.1302899617541157	-0.0019148185147628	0.0169754741338889	3.6665299444784175e-06	0.1280956191191506	0.0086254820056836	0.0164084876375185	7.43989398303732e-05	-0.0104419799084212	-0.0571448086774068	0.0032655291587774	0.0001090349444078	-0.0081770947417557	-0.0001229930796959	6.686487841564871e-05	1.5127297653106573e-08	0.0080882694050219	0.0002731657361452	6.542010196821333e-05	7.461951940374952e-08	0.0023141486511748	0.0004241158440292	1.7987424915660084e-07	5.355283979734147e-06	0.0	0.0	0.0	0.0	0.0	0.0	0.0	0.0	0.0
852.3970226738339	3.1083027534220946	726580.6842632166	9.661546006931374	872.7369135943326	-2.769840789563773	7.672017999531265	761669.7203501615	765.4668415841173	3.3437812098483164	585939.4855647641	11.18087277933467	767.6908687480912	571.0885179763392	1.266523	22.591415	0.2771816227571426	0.110869515147058	-0.0199523984	0.0186053356	-0.011971809	0.0296117762	-0.0384602869	0.0470599986	0.0080967086	-0.0378865598	0.0448662946	0.074969556	-0.026193518	-0.0697129127	0.0206424365	0.0775698865	-0.1092907565	-0.0199860301	0.038037234	0.0521938542	-0.0428890754	0.0135222755	0.1886828804	0.0188523752	-0.1481272015	0.1159379946	-0.0408067151	0.0255351214	0.086630005	-0.1121306929	-0.0858545638	0.0232497517	0.0926712816	-0.0567011219	0.0329405382	-0.0441545288	-0.0717876751	-0.0249489494	-0.1064331541	-0.1436874089	-0.0489824681	0.1825038902	-0.0998034414	0.1209683098	0.0588671417	0.1158190819	-0.0673475458	0.0319750761	-0.0492913885	0.000358334	0.1040250454	0.0176212838	-0.1093478694	-0.1915398501	-0.0553941862	-0.000264732	0.0814836354	0.1681433961	0.2022331336	-0.1404509057	0.0038896494	-0.0476579821	0.219629066	0.1783074504	0.0091010829	0.0940597949	-0.076181855	0.144672097	0.0895531104	-0.1110061098	-0.1211199807	0.098167988	-0.063080731	-0.1692108714437949	-0.0389209096896792	0.0286323190147684	0.0015148372110721	0.0921562168543346	-0.035939402264816	0.0084927683049031	0.0012916406351522	0.0642113780000812	0.0746533579085024	0.0055731238470149	0.0041231010646693	-0.0087955040404584	-0.0006184092987027	7.736089132572004e-05	3.824300607219653e-07	0.0091141522175184	0.0010258828124964	8.306777064409556e-05	1.0524355449757278e-06	0.0032232155978585	0.0009090669466836	8.264027135528247e-07	1.0389118790278327e-05	0.0	0.0	0.0	0.0	0.0	0.0	0.0	0.0	0.0
857.7052530683168	5.308230394482848	735658.3011409853	28.177309920911533	875.5292923667214	2.792378772388816	7.797379208487667	766551.5417921719	767.2132927762989	1.7464511921815529	588616.2366126509	3.0500917666723675	769.2941960530804	593.1051806900613	1.356956	24.204493	0.1412037750583549	0.0623882265964369	-0.0538176678	0.0951105473	0.0065852631	0.035552362	0.1123042134	0.132770258	0.1061285253	-0.0503181241	-0.0737507885	-0.1276195119	0.0441589189	-0.0903918192	-0.0448914511	0.1617669263	0.1153155731	-0.0725293829	-0.0742228281	-0.1141387254	-0.0787395701	-3.37938e-05	0.1162339107	0.0038426821	0.0808180369	0.0359975397	-0.0806345908	0.0621865838	0.010233681	-0.1706285476	0.0709797344	-0.1208090516	0.0857355587	0.1216984986	0.0484971998	-0.108160532	0.0866927634	0.088514929	-0.0300140048	-0.053057235	0.0684953792	-0.0686727479	-0.1507593512	0.080468871	0.0144826144	0.0984172602	-0.0785968272	0.0166075044	-0.0791737537	-0.0162937538	0.0452287301	0.1504190734	-0.004167179	-0.0821619644	0.0058152712	-0.1523502819	0.0704710471	0.14366396	0.0859758723	0.061569718	0.1474080472	0.1008546637	0.0038753393	-0.1654673834	-0.0285495139	0.055711318	-0.0456525352	0.1932130847	0.1097866774	0.2018002977	-0.1222481541	0.1024214758	-0.0717238087	-0.1414151318031287	0.0277957396406662	0.0199982395028962	0.0007726031421717	0.1197180947240212	0.0275618778696866	0.0143324222043497	0.0007596571117035	0.1032180962518083	0.0390067182517271	0.0015215240687696	0.0106539753938475	-0.0086344131851728	0.0001610908552856	7.455309105228589e-05	2.5950263656646177e-08	0.0091919167547782	7.776453725980015e-05	8.449133362677219e-05	6.047323255230845e-09	0.0025252822044784	-0.00069793339338	4.87111021595061e-07	6.377050212255289e-06	0.0	0.0	0.0	0.0	0.0	0.0	0.0	0.0	0.0
857.3997721652802	-0.3054809030365959	735134.3693090744	0.0933185821200541	879.8576884992195	4.328396132498142	18.735013079824878	774149.5520111896	764.9305673177391	-2.282725458559753	585118.7728170382	5.210835519156834	768.2561472715977	602.1072605899092	1.463332	26.101963	0.2301816965287771	0.1324916120134575	0.0304468154	0.0913608914	-0.0502446887	-0.1438285701	-0.0585178823	-0.0654627161	0.10315471	0.1551267524	0.0298742658	0.1306710729	-0.0723342049	0.0331269831	0.0060918086	-0.0400775211	-0.041298861	0.1502721955	-0.0736672808	0.0169531197	-0.0665438261	-0.1008596722	-0.0440883492	0.0080526965	0.0166861855	0.1388643264	0.1675350952	0.0139332235	0.0185565579	0.1182367039	0.0172625547	0.0572282242	-0.0589324231	-0.0929798217	-0.1164203207	-0.09085006	-0.0812438548	0.0894535542	0.1282961423	0.0669195635	-0.0056601388	0.0164109489	-0.1154488379	0.0929236177	0.1203126539	-0.1705576233	-0.0368705183	0.0444078858	-0.0200397487	0.1291473362	0.1623224879	-0.1572850855	-0.0075575002	-0.0240976933	-0.1371240501	-0.0964525892	-0.1445689013	0.0980328879	0.0436213297	0.1068540871	0.1039844732	-0.0013620088	0.0671553116	-0.0607164118	0.1290417781	-0.1075073796	-0.0488952531	-0.0586409116	-0.0183939653	0.0942816638	-0.1232925447	0.1063942335	-0.0799246852	-0.1096126930307832	0.0318024387723454	0.0120149424734607	0.0010113951118687	0.1054196247136047	-0.0142984700104164	0.0111132972747572	0.0002044462446387	-0.0238947255810018	-0.1271128218328101	0.0161576694742997	0.0005709579105913	-0.008872495537374	-0.0002380823522012	7.872117706072156e-05	5.668320642965675e-08	0.0088510805839268	-0.0003408361708513	7.834162750316598e-05	1.1616929536064448e-07	0.0019648414092669	-0.0005604407952115	3.140938849372986e-07	3.860601763569938e-06	0.0	0.0	0.0	0.0	0.0	0.0	0.0	0.0	0.0
855.5670883976613	-1.832683767618846	731995.0427492517	3.358729792093609	882.5450525572805	2.687364058061007	7.221925580558125	778885.769793333	763.6812312048639	-1.2493361128751983	583209.0228945769	1.5608407229341108	767.2341725564695	600.4014349157864	1.285253	22.925495	0.2407523165148212	0.1146182612198175	0.022136859	0.0969037989	0.0590773168	0.048743713	-0.0215511127	0.0269709865	-0.0293703262	0.001806182	-0.0148166689	0.1261337169	0.1095606031	-0.0422399649	-0.049758655	-0.0020338427	-0.0948031378	0.0098781754	0.0226191328	-0.0324191991	-0.0087978152	0.1316369835	0.0812994736	0.0238050707	-0.1294900819	0.0245259509	0.1152233226	0.0501532125	0.0132518385	-0.0844592756	0.0244673192	-0.0176956381	0.0153331232	-0.1102577093	0.0064830405	0.0173577583	0.0545508313	-0.054668697	-0.1278535127	-0.0463221198	-0.0799246014	0.1334182547	0.0121818379	0.0345558119	0.035288819	-0.0535772764	-0.0425621218	0.0627298973	-0.0594918541	0.0237014029	0.0098744766	0.0762205511	-0.0941620968	-0.0706744496	-0.0576655846	0.0077605375	-0.0377661913	0.0780702704	-0.0004933655	-0.0437908786	0.1047029701	-0.0046350861	0.056364087	0.0398579161	0.0187947845	0.2006339028	0.0041142799	0.2266437354	0.0337697427	0.055112183	-0.1242524367	0.1100753719	-0.0876327994	-0.1561421566242415	-0.0465294635934582	0.0243803730752691	0.0021649909822949	0.1899580298587437	0.0845384051451389	0.0360840531078153	0.0071467419444836	0.0005136736788671	0.0244083992598689	0.0005957699544291	2.6386064836086055e-07	-0.0078578403410373	0.0010146551963367	6.17456548252332e-05	1.0295251674530675e-06	0.0087352840507941	-0.0001157965331327	7.630518744805776e-05	1.340883708555267e-08	0.0025399106501246	0.0005750692408576	3.307046317806511e-07	6.451146110616367e-06	0.0	0.0	0.0	0.0	0.0	0.0	0.0	0.0	0.0
857.6130318900412	2.04594349237982	735500.1124676288	4.185884774011334	865.6438892537898	-16.901163303490762	285.6493210112628	749339.3430024275	765.0082861858865	1.3270549810225702	585237.6779330672	1.7610749226568143	767.0903158296102	594.5724931991608	1.270121	22.655582	0.2969554447067889	0.1418077101827345	0.0900653895	0.093722444	0.1445319059	0.0935912484	0.0763319158	0.2052974451	-0.0480226205	-0.0498152561	-0.0526654043	-0.1090853806	0.0084196213	-0.019783244	0.0892355204	0.1337980738	-0.1765949842	-0.0634395077	0.1561967531	0.0384646886	-0.0819458445	-0.0517790355	0.020596635	0.0549294677	0.1670872411	0.0096918527	0.1182158574	0.0467614345	-0.2489923046	-0.0386974037	-0.0303322129	0.0351869177	0.2183442658	-0.0666544267	0.1336152221	0.1009223563	-0.127102438	0.0518652574	-0.0371747271	0.0949515992	0.0654346087	-0.0885149974	0.1137328654	0.0660143536	0.1958611973	-0.0421108823	-0.0069549605	0.096924774	-0.0958299879	-0.1245122137	-0.1308352356	0.0670206295	0.0736003934	0.0843550305	-0.0143025622	-0.0053751586	0.0388117685	-0.049268404	0.0615284519	-0.0509087897	0.139213951	-0.1693456832	-0.0974538286	0.0716069122	0.0392884963	-0.1427571415	-0.1035662659	0.1308717171	0.1844407077	-0.0349572929	-0.1251271724	0.1134548014	-0.0948006283	-0.2087281922371886	-0.0525860356129471	0.0435674582346047	0.0027652911414861	0.1749747500175402	-0.0149832798412034	0.0306161631437006	0.0002244986747998	0.0737273439636254	0.0732136702847583	0.0053602415165653	0.0054357212479307	-0.0057743829042127	0.0020834574368246	3.33434979244639e-05	4.340794891059733e-06	0.0082452692285104	-0.0004900148222836	6.798446465062048e-05	2.40114526057726e-07	0.0030898875703739	0.0005499769202493	3.0247461280690506e-07	9.547405197551122e-06	0.0	0.0	0.0	0.0	0.0	0.0	0.0	0.0	0.0
857.7711718714568	0.1581399814156157	735771.3832937322	0.0250082537221312	872.9224961598715	7.278606906081677	52.978118493259885	761993.6843019808	763.7695300962163	-1.2387560896702323	583343.895103395	1.5345166496950853	767.519604715393	597.8958213837103	1.33371	23.789848	0.308230437432668	0.1679503268420644	0.0760835883	0.0678566473	-0.0444652642	-0.0255068472	0.0623222167	0.0052960907	0.0695165056	0.1034471321	-0.0579341917	-0.0117279437	-0.0170396083	0.1097579844	0.0073176727	-0.0536954237	-0.1310928293	0.0141401755	0.0015778518	-0.058473941	-0.1441272073	-0.0761544818	-0.1217137436	0.033334872	-0.1538514074	-0.1170912409	0.031806101	0.1038905341	0.0235625324	-0.1615336073	9.86934e-05	0.0267496915	-0.0204441457	-0.1314837082	0.056096686	0.0175474789	-0.0792609376	0.1896077734	0.0412849698	0.0661449053	-0.1358094765	0.1081982994	0.1695877938	-0.039147423	-0.0635800721	0.0364927992	0.0076909573	0.1115160711	0.0028612706	0.0538156295	-0.0302243666	-0.0250873958	-0.0667530133	0.1166647501	0.1608750172	-0.0162284324	-0.1132068907	-0.1888417756	0.1882428686	-0.1881912433	-0.0611791044	-0.0424201293	-0.090206736	0.1298801792	0.0679892396	0.0493101286	0.1770092293	0.0096577495	0.0403511248	0.125253654	-0.1259161521	0.1165232592	-0.1013839798	-0.2435368381077438	-0.0348086458705551	0.0593101915155174	0.0012116418273417	0.1374555740578245	-0.0375191759597157	0.018894034839566	0.0014076885646961	-0.0877234527477668	-0.1614507967113922	0.0260663597587432	0.0076954041619896	-0.0061714254623243	-0.0003970425581115	3.80864922370247e-05	1.5764279295180305e-07	0.0075713407725248	-0.0006739284559855	5.732520109369644e-05	4.541795637871334e-07	0.0035079529340968	0.0004180653637228	1.747786483447606e-07	1.2305733787838346e-05	0.0	0.0	0.0	0.0	0.0	0.0	0.0	0.0	0.0
856.2402591708225	-1.5309127006343033	733147.3814249173	2.343693696963416	882.509152730306	9.58665657043457	91.90398419945632	778822.4046527626	765.0724977662749	1.3029676700585924	585335.9268383266	1.6977247492179168	767.5088098629426	608.2039866457121	1.156003	20.620018	0.2069168660177393	0.0940933096161139	0.1364181714	0.0340164378	-0.0208901942	-0.093129166	-0.0909910505	-0.1215840678	-0.0029575261	0.1233454266	0.1050904098	0.0404155981	0.0485655238	0.0958839992	0.0506712865	-0.0826150694	-0.0066233225	0.0423242511	-0.1101601406	-0.077381287	-0.1657025829	0.0454775273	0.0723063064	-0.1119002242	0.1196758379	-0.1791253255	-0.1998365603	0.0948338841	0.0224521445	0.1437180104	0.0704577987	0.0855570764	-0.0978323707	-0.0429250842	-0.0401654469	-0.070630084	0.0063166165	0.1641328051	-0.143139185	-0.0279999789	0.03211194	-0.1642234295	-0.0638451893	0.1517974547	-0.1750412986	-0.0347994827	0.0339557993	0.1197156437	-0.003012481	0.0438276599	-0.0744959155	-0.0644910851	-0.0346335597	0.1092130184	-0.0416816605	0.0027099698	-0.0761800868	-0.3036931101	0.0238919012	-0.1771800352	0.1429044771	-0.0700198998	-0.062523064	0.2021238931	0.0859173361	0.0703502898	0.0523573118	-0.0486501473	0.0535173806	0.0869443867	-0.1266188352	0.1192723348	-0.1073422654	-0.2213699086750722	0.0221669294326715	0.0490046364668098	0.000491372760473	0.2002312928670875	0.062775718809263	0.0400925706432253	0.0039407908720196	-0.053265045841897	0.0344584069058698	0.0011873818064904	0.0028371651085393	-0.0057660479949287	0.0004053774673955	3.324730947982128e-05	1.643308910720706e-07	0.006544420856823	-0.0010269199157018	4.2829444351219895e-05	1.0545645132649923e-06	0.0031899340997955	-0.0003180188343012	1.0113597897035753e-07	1.0175679561038128e-05	0.0	0.0	0.0	0.0	0.0	0.0	0.0	0.0	0.0
856.8260768324042	0.5858176615817001	734150.925940009	0.3431823326210513	870.2180924271092	-12.291060303196788	151.0701633768199	757279.5283874768	767.8417950866353	2.769297320360465	589581.0222818665	7.669007648555652	771.5711348005682	590.9558511699189	1.38019	24.618923	0.2891657006315379	0.1683117094944051	0.1173880943	0.0073693776	0.1286109515	0.0633945228	-0.0507433755	0.1989257341	-0.168951099	0.0077705462	0.1050773684	-0.0577202771	0.0158179785	-0.0105736443	0.0934763119	0.1355401016	0.0300618652	0.0164055374	0.0358018587	-0.0355746762	0.0216932576	0.0692322305	0.0521638237	-0.2204980502	0.2336714182	-0.1157809302	-0.0875556002	-0.0979264818	-0.0542695368	0.0960945696	0.049802082	0.0739202545	0.1865030354	0.037377753	-0.030598724	-0.0183227068	0.1246092088	-0.0271055762	-0.1244816247	-0.1090725101	0.0171280716	-0.2653537273	-0.0917496631	0.0881786887	-0.1213578751	-0.0260607032	0.0292143868	0.0667339966	-0.0656673105	-0.1515468836	-0.1466015291	0.0459227753	-0.1386438469	0.0289896515	0.0177501926	0.0405786892	0.1216091259	-0.0751479901	-0.0314277929	-0.093658045	-0.0485069899	-0.1242086273	-0.0983336979	0.0557952482	0.0761450794	-0.0173989626	-0.0919718547	0.0537829532	0.0282815698	-0.1625789992	-0.1272347401	0.1216944932	-0.1126387502	-0.1851554855673214	0.0362144231077508	0.0342825538356705	0.0013114844410271	0.1739561926760018	-0.0262751001910857	0.0302607569703302	0.0006903808900515	0.1080031577087794	0.1612682035506764	0.0260074334764623	0.0116646820750674	-0.0053498271037611	0.0004162208911675	2.862065004013688e-05	1.7323983024435109e-07	0.006915476086666	0.000371055229843	4.78238095052493e-05	1.3768198359384158e-07	0.0026690507451656	-0.0005208833546299	2.7131946913049845e-07	7.123831880269044e-06	0.0	0.0	0.0	0.0	0.0	0.0	0.0	0.0	0.0
859.8022064509352	2.9761296185309902	739259.8342178966	8.857347506297417	885.8243108807188	15.606218453609586	243.5540544217844	784684.7097473004	768.9177171097812	1.0759220231458355	591234.4556853174	1.1576081998902283	772.9704744933082	599.3077415559161	1.181092	21.067551	0.0815024425318255	0.0542359628750974	0.1338369123	0.0558783949	0.0884419914	-0.0470160255	-0.0216907491	0.0869650082	-0.0234128111	0.0425875616	0.1721977471	-0.1502708619	0.0572381398	-0.0172485266	0.1231752741	0.1866345326	0.0098523666	0.0419640194	0.0191018108	0.079142847	0.0165311645	-0.0693033563	-0.0092138916	0.0253003685	0.0366296491	-0.0356070307	0.0285184242	-0.2730680044	0.0002076906	-0.1787409466	-0.072238584	0.0768261981	0.2071629032	0.0606760019	0.0023089618	-0.06678172	-0.0383220768	-0.04183517	-0.0177408019	-0.0236000133	0.0883004324	-0.0331049996	0.1375426512	-0.2238411948	0.0342294826	0.1775096041	0.0189684949	0.0745063373	-0.0878998867	-0.1797965621	-0.0486708158	-0.0768273862	-0.0011691467	0.1108689516	0.0293296755	-0.0006298572	0.1862128605	0.0822439744	-0.0552179374	0.0562759644	0.0043631147	-0.0534255192	-0.1464979785	-0.0802341368	0.0072302752	-0.1074159286	-0.0069589465	0.0433542492	0.0505500399	-0.1226075918	-0.1277634447	0.1237830955	-0.1172407796	-0.1803173167510863	0.004838168816235	0.0325143347203115	2.3407877494389588e-05	0.165967816118993	-0.0079883765570087	0.0275453159873078	6.381416001656763e-05	0.1081128775568061	0.0001097198480266	1.2038445051001848e-08	0.0116883942936129	-0.0050721810494853	0.0002776460542758	2.57270205987578e-05	7.708733145492066e-08	0.0078921786622179	0.0009767025755518	6.228648403636753e-05	9.539479210897143e-07	0.0025520758287822	-0.0001169749163833	1.3683131062903393e-08	6.513091035854353e-06	0.0	0.0	0.0	0.0	0.0	0.0	0.0	0.0	0.0
858.5931877346171	-1.2090187163180417	737182.2620242914	1.4617262564073257	880.6704746015145	-5.15383627920437	26.562028392843143	775580.4848348567	767.6698868576656	-1.247830252115591	589317.0551880611	1.5570803380948597	769.7215290430365	598.3561505516934	1.063142	18.963625	0.1401787591762018	0.0944848424517582	0.1066400096	0.0666078094	0.1090546031	-0.0029355951	-0.0127728421	0.0779135727	-0.0754135756	0.1323330173	0.0211202265	0.0180002021	-0.1430919433	-0.1441972181	0.0875783117	0.0951938979	0.0035718829	0.1478819485	-0.032800106	-0.0097546123	0.1220782664	0.0682536435	-0.1552764916	-0.0579101581	-0.0090466301	-0.1371702788	-0.127148058	-0.0622426731	-0.0668220473	-0.0029417142	0.0166447946	0.069006651	0.1288367245	-0.0182631356	-0.0775160033	-0.0570399117	0.0617498392	-0.1170328623	0.0681035314	0.1647193056	-0.1169386955	-0.1069044598	0.0976230283	0.0460052451	-0.0673255267	0.0903256994	0.0061514545	0.0630299851	-0.0845727422	-0.1513895547	-0.0882027756	-0.1234041423	0.0413986889	0.1132372864	0.0556405356	0.0765346011	0.0049226324	0.2141011074	-0.0220693952	-0.0189723925	-0.1170702876	-0.0024805192	-0.1606119326	0.0306974306	-0.0686265649	-0.0221254158	-0.0311754447	-0.0208666007	0.0044819106	-0.0268980891	-0.1282045865	0.1255324169	-0.1211199807	-0.1639830822914945	0.0163342344595918	0.026890451277819	0.0002668072153809	0.0775834437808242	-0.0883843723381688	0.0060191907488923	0.007811797273612	0.0984116139175199	-0.0097012636392861	9.411451619893643e-05	0.0096848457538509	-0.0050418608537975	3.0320195687799645e-05	2.5420360869055657e-05	9.193142665464641e-10	0.0082949324748002	0.0004027538125823	6.880590476149498e-05	1.622106335495789e-07	0.0024699720622692	-8.210376651299981e-05	6.741028475621189e-09	6.100761988390366e-06	0.0	0.0	0.0	0.0	0.0	0.0	0.0	0.0	0.0
858.9219158826272	0.3287281480101001	737746.857583483	0.1080621952941502	883.8072957703562	3.1368211688417205	9.839647045293535	781115.3360569099	766.2704298744129	-1.3994569832526622	587170.3716999176	1.958479847974642	769.8716912961096	598.8634778848768	1.171602	20.898279	0.3989657300870173	0.2374187234842638	0.0946274162	0.0994851749	0.0431422687	-0.0159138832	0.0153797472	0.0184913034	0.0249037197	0.1129093264	-0.0136444989	-0.1525100655	0.0899498715	0.0852212081	0.0619464936	0.0007355072	-0.018541915	0.0558113609	-0.0662147434	-0.1091580739	-0.0436254917	-0.0846183791	0.0052800809	-0.0210635625	-0.2392125675	-0.0681079193	0.1178390895	-0.0294706391	-0.0407871646	0.0670099148	0.1015421134	0.0281487163	-0.0087979346	-0.0401718186	0.047377156	-0.0726451096	0.1042828894	0.1440415359	0.0252450343	-0.0590100923	-0.0393736213	0.1683431326	0.2368372712	-0.0889501295	0.0017886478	-0.0672388272	0.0163426881	0.1065129629	-0.0135817901	0.048879206	-0.0382315475	0.0009506371	-0.0935294511	0.1175932308	0.0959389005	0.0724962895	-0.0668402116	-0.0450072865	-0.0678630622	0.0754949575	-0.0967815397	-0.0490218853	0.0522757771	0.0352824374	0.0510563224	0.0858661098	0.0283650578	-0.0547249626	-0.0732237569	0.0798665602	-0.1285578634	0.1269376627	-0.1242524367	-0.1709180308448736	-0.006934948553379	0.0292129732678891	4.809351143801472e-05	0.1979548824165675	0.1203714386357433	0.039186135472557	0.0144892832392385	-0.102097543316745	-0.2005091572342649	0.0402039221347951	0.0104239083513146	-0.0060440044549041	-0.0010021436011065	3.652998985090061e-05	1.004291797238904e-06	0.0079963357141825	-0.0002985967606177	6.394138485391054e-05	8.916002545138446e-08	0.0025922354138175	0.0001222633515482	1.494832713182311e-08	6.719684440649584e-06	0.0	0.0	0.0	0.0	0.0	0.0	0.0	0.0	0.0
859.1713170253097	0.2494011426824727	738175.3519990052	0.0622009299713231	889.0345868197354	5.227291049379232	27.32457171492024	790382.4965617376	765.8599482574175	-0.4104816169954119	586541.4603448542	0.1684951578911681	768.9118204104795	606.2912480197621	1.297236	23.13925	0.1875344651548826	0.1068593620326694	0.0963938161	0.0972462427	-0.0547922286	0.0418363128	0.0985381828	-0.0924555804	-0.0192370273	0.2166268064	-0.1525119123	-0.0333901087	-0.0120603422	0.0077936527	0.0634299469	-0.0829357223	-0.0515491397	-0.0760167838	-0.14968045	-0.1469201493	0.0567227441	-0.0140194299	-0.1516168826	0.0810263138	-0.1133399424	-0.0635368702	0.0507154349	0.0019740167	-0.0129426217	0.051716993	0.0549656175	0.0689020594	-0.1277346218	-0.0823071271	0.1507285921	-0.0584558721	0.0986743688	0.0409025252	0.1584979109	0.0701830081	-0.0577908464	0.0369593825	0.0993446598	-0.0456436904	-0.0660316208	-0.0986984876	0.0301768874	0.1584976406	0.0392110969	0.154727938	-0.0505319279	0.0590534146	0.0870662624	0.0769533445	0.1021181914	0.112871289	-0.1966587641	-0.1957424336	-0.0271290462	0.2026950996	0.0304753682	0.0401683212	0.183347912	-0.1104976873	-0.1375803176	0.1163794976	-0.0288835461	-0.0020296298	-0.1395234184	0.2020275178	-0.1288230331	0.1279949812	-0.1266188352	-0.1402686139899458	0.0306494168549277	0.0196752840706604	0.0009393867535471	0.2249102402024902	0.0269553577859227	0.0505846161479418	0.0007265913133671	-0.1978188611183071	-0.0957213178015621	0.0091625706816676	0.039132301814144	-0.0057920503411323	0.0002519541137717	3.35478471542108e-05	6.3480875446533e-08	0.0078722580201471	-0.0001240776940354	6.197244633577033e-05	1.5395274157142473e-08	0.0029003710602597	0.0003081356464422	9.494757660835266e-08	8.412152287191977e-06	0.0	0.0	0.0	0.0	0.0	0.0	0.0	0.0	0.0
857.1386835794034	-2.032633445906299	734686.7228882326	4.131598725416916	885.0512178594416	-3.983368960293774	15.8672282738319	783315.6582344808	766.6439860295258	0.7840377721082632	587743.0013152397	0.6147152280924889	770.6910996503217	601.2673498737885	1.251902	22.33061	0.2131213336630192	0.1166080568041645	0.0868036696	0.0034933443	-0.1288531854	-0.0649862544	0.100057852	-0.0986758838	0.026983846	-0.0580897533	-0.0232633871	-0.2067829598	0.0987973289	-0.0287783824	0.0814735148	-0.0515586581	0.0385454073	-0.141789547	-0.1729215266	0.1227143994	0.0801873812	0.0449787293	-0.1020224958	0.0327697014	0.0067340952	-0.0897097391	0.0967785896	0.065713911	0.071593121	0.159953949	0.0411842052	0.0540334949	-0.1064607305	0.0982510776	0.1421172119	-0.1001472719	-0.02549854	-0.0744068628	-0.0129703806	0.0101254656	0.0559212685	-0.0703742459	0.1083616925	-0.1115161237	-0.2284622571	-0.2228245297	0.0650155232	0.1193710027	0.0380524306	0.0703937143	-0.0368506327	-0.0510842074	0.1708686948	0.0389243072	0.1422207434	0.1466889371	0.0978753938	-0.1173896278	-0.0495614036	0.1488181757	-0.0262765876	0.0881600118	0.1201259396	-0.1023140806	-0.1140591424	0.1127300731	0.0553847084	-0.0574584086	-0.1012595866	-0.1776819971	-0.1289999139	0.1287014744	-0.1282045865	-0.1317348832095177	0.0085337307804281	0.0173540794542252	7.2824561032826e-05	0.222604436128492	-0.0023058040739981	0.0495527349840838	5.316732427666656e-06	-0.1122806231237092	0.0855382379945979	0.0073167901592204	0.0126069383290484	-0.0049804867443495	0.0008115635967828	2.480524821064108e-05	6.586354716230362e-07	0.006767422476531	-0.001104835543616	4.579800697585697e-05	1.220661578437482e-06	0.0024818989843787	-0.000418472075881	1.7511887829215368e-07	6.159822568660022e-06	0.0	0.0	0.0	0.0	0.0	0.0	0.0	0.0	0.0
855.7277649640722	-1.410918615331184	732270.0077304064	1.9906913390880652	883.6371681039983	-1.4140497554433296	1.99953671086934	780814.6448548537	766.9789710811045	0.3349850515787693	588256.7420806298	0.1122149847812307	770.0997645701616	589.1126335677945	1.282871	22.88302	0.2612440374186787	0.180291894154515	0.0532232692	-0.030092733	-0.0427647993	-0.0479722758	0.0932572651	-0.0516711278	0.0071277151	-0.0106606969	0.0359119245	-0.0161933395	-0.1912807898	-0.1647605641	0.0548083251	0.0552499858	0.0698676365	-0.0326729981	-0.0656460999	0.1052300041	0.0627034136	0.1187457252	-0.1194155315	-0.0430159157	-0.063530705	-0.0632038142	0.0457473384	-0.0165358727	-0.1166533249	0.0536469681	0.0473936125	0.024489342	0.0246086954	0.1275227858	-0.0030599702	-0.0792561428	-0.0275420523	-0.1416024335	-0.044045531	0.0611051771	-0.1289253133	-0.0563464506	0.056213848	0.0446566175	-0.0097766375	-0.1022591071	0.0457996029	0.0490614875	-0.0082141387	-0.0757679502	-0.0776387948	-0.0878688272	0.2517556942	0.0448698714	0.0361686362	0.0719407222	0.1606333878	0.0438296914	-0.0699339743	-0.0129900485	0.0010346538	-0.0009481891	-0.0445695293	-0.1111959454	0.0240842276	-0.0408922926	-0.0876837075	-0.0112829442	-0.0539591751	-0.0743525775	-0.1290883846	0.1290552057	-0.1289999139	-0.1367359077407286	-0.0050010245312109	0.018696708465681	2.5010246361773212e-05	0.1600775512507652	-0.0625268848777268	0.0256248224144413	0.0039096113325125	0.0549994753825018	0.167280098506211	0.0279826313562476	0.0030249422923504	-0.0053287300131125	-0.000348243268763	2.8395363552645943e-05	1.2127337423873934e-07	0.0068432794043733	7.58569278423004e-05	4.683047300631979e-05	5.754273501671969e-09	0.0023772785909134	-0.0001046203934652	1.0945426728834184e-08	5.6514534988152e-06	0.0	0.0	0.0	0.0	0.0	0.0	0.0	0.0	0.0
