#!ascii label  , from subject sub-v2s10x28950_ses-1 vox2ras=TkReg
2294
28289  -29.187  -34.323  22.756 0.5000000000
29113  -29.719  -34.096  22.506 0.5000000000
29126  -29.343  -33.828  21.605 0.4000000060
29948  -30.232  -33.286  21.854 0.5000000000
29957  -30.224  -32.698  20.767 0.5000000000
30844  -30.909  -31.889  20.593 0.5000000000
43971  -24.867  -16.869  17.694 0.5000000000
45041  -25.459  -16.090  17.432 0.4000000060
119226  -27.099  -15.221  17.504 0.4000000060
46068  -26.090  -15.351  17.149 0.4000000060
46083  -27.749  -14.836  16.978 0.6000000238
46082  -26.720  -14.711  16.829 0.5000000000
115320  -27.306  -14.376  16.273 0.5000000000
47108  -28.385  -14.684  16.267 0.4000000060
47121  -27.874  -14.021  15.686 0.5000000000
47122  -29.026  -14.432  15.532 0.5000000000
114991  -29.939  -14.923  15.602 0.4000000060
28266  -30.047  -34.811  23.995 0.5000000000
29099  -30.606  -34.252  23.340 0.4000000060
29114  -30.875  -33.496  22.971 0.5000000000
30819  -31.994  -32.094  23.219 0.5000000000
30833  -32.391  -31.018  22.830 0.5000000000
31742  -31.941  -30.793  22.142 0.5000000000
31753  -31.635  -30.935  20.713 0.5000000000
31766  -31.947  -30.937  19.319 0.5000000000
43956  -24.661  -17.682  18.116 0.5000000000
43957  -25.154  -17.892  18.758 0.5000000000
125384  -25.193  -17.238  18.371 0.5000000000
45026  -25.670  -16.602  18.229 0.5000000000
45042  -26.493  -15.915  17.996 0.5000000000
46069  -28.158  -15.505  17.504 0.6000000238
51425  -31.936  -10.556  17.047 0.3000000119
47110  -30.228  -15.233  16.143 0.4000000060
50396  -31.910  -11.205  16.568 0.3000000119
49364  -31.948  -13.562  14.897 0.4000000060
110143  -31.394  -13.861  15.531 0.3000000119
49354  -31.591  -12.787  15.858 0.4000000060
28290  -29.778  -34.481  23.303 0.5000000000
113769  -31.394  -31.442  21.642 0.5000000000
30832  -31.775  -31.600  22.614 0.5000000000
30855  -31.198  -31.494  19.564 0.5000000000
45043  -27.548  -15.763  17.993 0.6000000238
51426  -32.503  -10.541  16.269 0.3000000119
50397  -32.421  -11.583  15.660 0.3000000119
20534  -31.924  -44.012  25.308 0.3000000119
125896  -31.923  -43.574  24.588 0.3000000119
117625  -31.840  -45.141  24.124 0.4000000060
19769  -31.951  -44.414  23.553 0.4000000060
19064  -31.940  -46.023  23.783 0.4000000060
117803  -32.007  -45.289  23.202 0.4000000060
19772  -33.221  -44.612  22.269 0.4000000060
19067  -32.321  -46.165  22.939 0.4000000060
19777  -34.114  -44.835  21.805 0.4000000060
19778  -35.042  -45.120  21.529 0.4000000060
113482  -31.960  -43.067  25.037 0.3000000119
21341  -32.106  -42.885  24.216 0.3000000119
22147  -32.520  -42.208  23.775 0.4000000060
20541  -31.990  -43.613  23.870 0.4000000060
21348  -32.635  -43.091  22.805 0.4000000060
20544  -32.876  -43.750  22.483 0.4000000060
20548  -33.800  -43.864  21.907 0.4000000060
20549  -34.699  -43.711  21.550 0.4000000060
19785  -36.408  -44.860  21.079 0.4000000060
109655  -35.367  -44.519  21.382 0.4000000060
23012  -33.970  -40.079  24.273 0.3000000119
22142  -33.428  -40.877  23.972 0.3000000119
23019  -34.201  -40.404  23.481 0.3000000119
21345  -32.804  -42.380  22.987 0.4000000060
22156  -34.216  -41.499  22.325 0.4000000060
21349  -33.359  -42.879  22.343 0.4000000060
21350  -34.076  -42.310  22.008 0.4000000060
21355  -34.890  -42.801  21.479 0.4000000060
20550  -35.613  -43.812  21.206 0.4000000060
21362  -37.433  -43.184  20.601 0.4000000060
21361  -36.751  -43.352  20.722 0.4000000060
22173  -39.256  -42.678  20.436 0.4000000060
21363  -38.314  -43.038  20.524 0.4000000060
23883  -33.792  -39.815  24.900 0.3000000119
23011  -33.374  -40.412  24.802 0.3000000119
23895  -34.629  -39.696  23.833 0.3000000119
23027  -34.506  -40.724  22.654 0.3000000119
22157  -34.900  -41.154  21.884 0.3000000119
22162  -34.652  -41.896  21.753 0.4000000060
22163  -35.470  -41.938  21.354 0.4000000060
22172  -38.086  -41.994  20.626 0.4000000060
21357  -36.433  -42.350  20.841 0.4000000060
21356  -35.909  -43.045  20.996 0.4000000060
23051  -39.491  -41.442  20.513 0.4000000060
23052  -40.531  -41.379  20.356 0.4000000060
23884  -34.392  -39.369  24.629 0.3000000119
23885  -35.100  -39.072  24.143 0.3000000119
23896  -35.331  -39.409  23.459 0.3000000119
23906  -35.638  -39.695  22.754 0.3000000119
23028  -35.262  -40.385  22.293 0.4000000060
23037  -36.619  -40.528  21.418 0.4000000060
23036  -35.776  -40.946  21.525 0.4000000060
23920  -39.964  -39.842  21.622 0.3000000119
23039  -38.850  -40.420  20.892 0.4000000060
117592  -36.543  -41.398  21.033 0.4000000060
23040  -39.742  -40.454  20.881 0.3000000119
23050  -38.445  -41.266  20.667 0.4000000060
23049  -37.402  -41.070  20.884 0.4000000060
117447  -35.734  -37.453  25.795 0.3000000119
25644  -35.676  -37.878  25.234 0.3000000119
25632  -36.256  -37.146  26.183 0.3000000119
105860  -34.899  -38.791  24.706 0.3000000119
24733  -35.035  -38.370  25.188 0.3000000119
24749  -35.618  -38.444  24.531 0.3000000119
24750  -36.459  -38.378  24.046 0.3000000119
24763  -37.301  -38.421  23.586 0.3000000119
121403  -35.941  -39.188  23.170 0.3000000119
24770  -37.095  -38.806  22.902 0.3000000119
23909  -38.224  -39.151  22.209 0.3000000119
23907  -36.484  -39.328  22.609 0.3000000119
119878  -39.225  -39.371  22.166 0.3000000119
23917  -36.878  -39.757  21.844 0.3000000119
126605  -39.251  -39.836  21.355 0.3000000119
23918  -37.682  -39.644  21.679 0.4000000060
23042  -41.472  -40.504  21.529 0.3000000119
113941  -40.621  -40.420  21.084 0.4000000060
23043  -42.455  -41.028  20.715 0.4000000060
112882  -43.014  -41.420  19.872 0.4000000060
25645  -36.356  -37.509  25.480 0.3000000119
25665  -36.371  -37.915  24.761 0.3000000119
25666  -37.088  -37.654  25.143 0.3000000119
118992  -37.144  -38.022  24.404 0.3000000119
24772  -38.710  -38.866  22.940 0.3000000119
24764  -38.247  -38.493  23.629 0.3000000119
23910  -40.284  -39.660  22.546 0.3000000119
23897  -39.604  -39.200  23.176 0.3000000119
24771  -37.826  -38.721  22.879 0.3000000119
23030  -41.152  -40.151  22.407 0.3000000119
23041  -40.671  -40.029  21.849 0.3000000119
114375  -41.886  -40.624  22.294 0.3000000119
23032  -42.500  -40.966  21.721 0.3000000119
22164  -43.286  -41.305  21.166 0.3000000119
22178  -44.871  -41.478  20.199 0.4000000060
25646  -37.130  -37.321  25.976 0.3000000119
25633  -37.599  -37.139  26.669 0.3000000119
25667  -37.855  -37.915  24.881 0.3000000119
25619  -38.386  -37.217  27.130 0.3000000119
25635  -39.838  -37.890  26.664 0.3000000119
24752  -38.666  -38.318  24.539 0.3000000119
24735  -39.507  -38.423  25.266 0.3000000119
111256  -39.334  -37.454  27.296 0.3000000119
23899  -41.251  -39.991  23.691 0.3000000119
23886  -39.884  -39.134  24.028 0.3000000119
24765  -39.109  -38.723  23.784 0.3000000119
23911  -40.990  -39.926  23.063 0.3000000119
23898  -40.444  -39.540  23.489 0.3000000119
23031  -41.819  -40.613  23.069 0.3000000119
22158  -43.709  -41.628  21.941 0.3000000119
22177  -43.624  -41.388  20.386 0.4000000060
22166  -45.523  -41.398  20.729 0.4000000060
22196  -45.443  -41.059  18.917 0.5000000000
24734  -38.618  -37.878  25.536 0.3000000119
25634  -38.954  -37.610  26.448 0.3000000119
25647  -39.371  -38.024  25.971 0.3000000119
24753  -39.470  -38.690  24.485 0.3000000119
24754  -40.139  -38.949  24.774 0.3000000119
25636  -40.502  -37.989  27.108 0.3000000119
25620  -40.982  -37.796  27.788 0.3000000119
23887  -40.689  -39.482  24.254 0.3000000119
24708  -41.664  -38.332  27.468 0.3000000119
23021  -41.987  -40.608  23.751 0.3000000119
25621  -41.849  -37.877  28.216 0.3000000119
22150  -44.124  -42.238  22.752 0.3000000119
109293  -42.787  -41.320  22.569 0.3000000119
109081  -43.440  -38.848  27.894 0.3000000119
22159  -44.877  -42.125  22.181 0.3000000119
114326  -45.144  -41.717  21.668 0.3000000119
22165  -44.580  -41.627  21.223 0.3000000119
23928  -45.370  -40.233  20.140 0.4000000060
23929  -46.017  -40.710  19.560 0.5000000000
24736  -40.366  -38.719  25.531 0.3000000119
24721  -39.925  -38.322  25.970 0.3000000119
24722  -40.584  -38.415  26.402 0.3000000119
23870  -40.905  -39.320  25.014 0.3000000119
23871  -41.749  -39.658  25.229 0.3000000119
24737  -41.146  -38.977  25.797 0.3000000119
24723  -41.414  -38.671  26.625 0.3000000119
23013  -42.429  -40.875  24.073 0.3000000119
23022  -43.004  -41.482  23.407 0.3000000119
24724  -42.236  -38.895  26.951 0.3000000119
23859  -43.800  -40.054  26.677 0.3000000119
23846  -44.073  -39.511  27.541 0.3000000119
22991  -47.037  -42.140  26.600 0.3000000119
22980  -46.191  -41.109  27.170 0.3000000119
22160  -45.212  -41.963  22.169 0.3000000119
23033  -45.184  -41.383  21.925 0.3000000119
23044  -45.330  -41.496  21.348 0.3000000119
23922  -45.117  -40.598  21.234 0.3000000119
23872  -42.597  -40.117  25.494 0.3000000119
23014  -43.323  -41.640  24.103 0.3000000119
22999  -42.458  -40.572  24.689 0.3000000119
23000  -43.410  -41.280  24.868 0.3000000119
22988  -43.552  -40.650  25.757 0.3000000119
23857  -41.951  -39.292  26.077 0.3000000119
22143  -44.335  -42.516  23.500 0.3000000119
23015  -44.468  -42.547  24.202 0.3000000119
22134  -45.463  -42.912  24.481 0.3000000119
23001  -44.484  -41.982  25.093 0.3000000119
23858  -42.827  -39.631  26.366 0.3000000119
22151  -45.113  -42.441  22.997 0.3000000119
22136  -46.565  -42.546  25.429 0.3000000119
22126  -45.605  -42.467  25.402 0.3000000119
23002  -46.354  -41.655  25.202 0.3000000119
22127  -46.526  -42.601  25.768 0.3000000119
22990  -45.853  -41.829  26.410 0.3000000119
23875  -46.990  -40.935  25.599 0.3000000119
23003  -47.214  -42.139  25.736 0.3000000119
121568  -44.383  -40.382  21.982 0.4000000060
26570  -46.694  -38.036  25.146 0.3000000119
23927  -44.168  -39.552  20.688 0.3000000119
24783  -44.542  -39.278  19.730 0.5000000000
24788  -44.847  -38.953  18.663 0.5000000000
22144  -45.300  -42.913  23.864 0.3000000119
23016  -45.977  -42.495  24.387 0.3000000119
22145  -45.851  -43.021  24.337 0.3000000119
23913  -44.512  -40.644  22.617 0.4000000060
23874  -45.694  -40.011  25.396 0.3000000119
23912  -43.468  -39.635  22.367 0.4000000060
23921  -43.732  -39.608  21.560 0.5000000000
24741  -46.557  -39.529  25.505 0.3000000119
25653  -45.730  -38.274  25.408 0.4000000060
26569  -45.267  -37.281  25.285 0.4000000060
122413  -43.016  -38.876  20.973 0.5000000000
120557  -43.547  -38.841  20.237 0.6000000238
26581  -46.020  -36.900  24.830 0.3000000119
24787  -43.831  -38.472  19.382 0.6000000238
25695  -43.256  -37.663  19.140 0.6000000238
23023  -45.313  -42.029  22.755 0.3000000119
23902  -45.439  -41.784  23.848 0.3000000119
23890  -44.472  -40.184  24.523 0.3000000119
23873  -44.570  -39.430  25.205 0.3000000119
23891  -45.496  -40.895  24.842 0.3000000119
24740  -44.872  -38.613  25.445 0.4000000060
25651  -43.832  -37.636  25.505 0.4000000060
24779  -42.702  -38.870  21.873 0.5000000000
25652  -44.697  -37.679  25.472 0.4000000060
26568  -44.241  -36.858  25.454 0.4000000060
24778  -42.072  -38.120  21.218 0.5000000000
27446  -44.844  -36.142  25.102 0.4000000060
27461  -44.381  -35.241  25.065 0.4000000060
126945  -42.028  -37.716  20.529 0.6000000238
122148  -45.578  -35.910  24.584 0.3000000119
27462  -45.028  -35.163  24.604 0.4000000060
25694  -42.169  -37.321  19.812 0.6000000238
26610  -42.842  -37.028  18.886 0.6000000238
26616  -43.235  -36.372  18.140 0.6999999881
23901  -44.507  -40.676  23.488 0.3000000119
23889  -43.484  -39.459  24.127 0.3000000119
24757  -43.647  -38.993  24.986 0.3000000119
23900  -43.438  -39.664  23.203 0.3000000119
24738  -43.195  -38.106  25.272 0.4000000060
24774  -42.580  -38.897  22.788 0.5000000000
24739  -43.950  -38.475  25.342 0.4000000060
24773  -41.905  -38.260  22.302 0.5000000000
27445  -43.795  -35.815  25.471 0.4000000060
25689  -41.324  -37.593  21.846 0.6000000238
28257  -43.797  -34.722  25.271 0.4000000060
110122  -40.832  -36.447  20.716 0.6000000238
28273  -44.500  -34.486  24.687 0.4000000060
29093  -43.999  -33.290  24.755 0.4000000060
116689  -41.593  -36.017  19.378 0.6999999881
27497  -42.152  -34.820  18.371 0.6999999881
124213  -43.245  -35.777  17.754 0.6999999881
24767  -42.616  -38.824  23.712 0.4000000060
24756  -42.791  -38.580  24.631 0.4000000060
25670  -42.319  -37.886  25.060 0.4000000060
25649  -41.954  -37.193  25.424 0.4000000060
24766  -41.881  -38.309  23.277 0.4000000060
24755  -41.986  -38.224  24.222 0.4000000060
25650  -42.841  -37.317  25.513 0.4000000060
25680  -41.337  -37.775  23.785 0.4000000060
26566  -42.447  -36.544  25.732 0.4000000060
26567  -43.319  -36.670  25.610 0.4000000060
27443  -42.488  -35.007  25.959 0.4000000060
27444  -43.198  -35.191  25.622 0.4000000060
28255  -42.725  -34.082  25.887 0.4000000060
25688  -40.767  -36.900  21.546 0.6000000238
111283  -43.145  -34.557  25.639 0.4000000060
28256  -43.475  -33.833  25.336 0.4000000060
114159  -40.294  -36.160  21.382 0.6000000238
26604  -40.424  -35.669  20.678 0.6999999881
27491  -40.941  -35.895  19.965 0.6999999881
29087  -43.534  -33.048  25.196 0.4000000060
111353  -41.338  -35.262  19.231 0.6999999881
27498  -43.273  -35.159  17.442 0.6999999881
25669  -41.550  -37.605  24.690 0.4000000060
25684  -41.293  -37.739  22.829 0.4000000060
25668  -40.809  -37.306  24.307 0.4000000060
26565  -41.572  -36.501  25.723 0.4000000060
25683  -40.715  -37.182  22.443 0.6000000238
26596  -40.158  -36.767  22.983 0.5000000000
112380  -42.044  -35.826  26.022 0.4000000060
26601  -39.841  -35.931  21.922 0.6999999881
28244  -41.970  -34.356  26.335 0.4000000060
27485  -39.864  -35.321  21.330 0.6999999881
29077  -42.274  -33.536  26.292 0.4000000060
27489  -40.163  -35.011  20.643 0.6999999881
29928  -43.355  -32.425  25.421 0.4000000060
117365  -42.447  -32.867  26.220 0.4000000060
28308  -40.871  -34.432  19.444 0.6999999881
30803  -43.144  -31.705  25.708 0.4000000060
126830  -41.418  -34.651  18.919 0.6999999881
28312  -43.041  -34.101  17.427 0.6999999881
31720  -43.501  -30.995  25.489 0.4000000060
31721  -44.011  -30.265  25.284 0.4000000060
26579  -39.645  -36.341  24.395 0.4000000060
26580  -40.324  -36.764  24.788 0.4000000060
26564  -40.691  -36.415  25.549 0.4000000060
26595  -39.699  -36.121  22.623 0.6999999881
26588  -39.620  -36.297  23.476 0.5000000000
27442  -41.180  -35.843  26.094 0.4000000060
27479  -39.373  -35.320  22.222 0.6999999881
27430  -41.607  -35.140  26.281 0.4000000060
29076  -41.483  -33.726  26.636 0.4000000060
28301  -39.384  -34.556  21.619 0.6999999881
28243  -41.138  -34.510  26.561 0.4000000060
29059  -41.011  -33.047  27.118 0.4000000060
29138  -39.832  -33.624  20.623 0.6999999881
112661  -41.869  -32.973  26.637 0.4000000060
28306  -40.251  -34.411  20.264 0.6999999881
29917  -42.261  -32.315  26.474 0.4000000060
29927  -42.782  -32.355  25.935 0.4000000060
113414  -42.387  -31.128  26.561 0.4000000060
29143  -40.959  -33.680  19.271 0.6999999881
31719  -42.901  -30.998  26.119 0.4000000060
29144  -41.416  -33.137  18.821 0.6999999881
32618  -43.733  -29.558  25.739 0.4000000060
33540  -43.759  -28.758  25.825 0.4000000060
110244  -39.146  -35.756  24.890 0.4000000060
26563  -39.845  -36.188  25.296 0.4000000060
27441  -40.316  -35.765  25.981 0.4000000060
27459  -38.628  -35.152  24.353 0.6000000238
27440  -39.446  -35.416  25.812 0.5000000000
27428  -40.041  -35.190  26.337 0.4000000060
32687  -32.310  -30.086  18.832 0.4000000060
32688  -32.850  -29.214  18.599 0.5000000000
27478  -38.878  -35.028  22.768 0.6000000238
29075  -40.632  -33.901  26.826 0.4000000060
29118  -39.057  -33.770  21.792 0.6000000238
29130  -39.357  -33.050  21.282 0.6000000238
29899  -41.016  -32.232  27.423 0.4000000060
118202  -39.742  -32.798  20.693 0.6999999881
29916  -41.608  -32.312  26.949 0.4000000060
29970  -39.994  -32.212  20.441 0.6999999881
31704  -41.890  -30.933  27.056 0.4000000060
29976  -41.222  -32.318  19.094 0.6999999881
31690  -42.446  -30.304  26.699 0.4000000060
32600  -42.772  -29.414  26.563 0.4000000060
33530  -43.055  -28.679  26.359 0.4000000060
34391  -43.226  -27.426  25.867 0.4000000060
27439  -38.703  -35.084  25.299 0.5000000000
28284  -38.313  -34.408  23.794 0.6000000238
28271  -38.215  -34.453  24.749 0.5000000000
28241  -38.723  -34.216  26.325 0.5000000000
32685  -30.872  -29.981  19.401 0.3000000119
32686  -31.900  -30.276  18.717 0.4000000060
32694  -32.472  -29.473  18.715 0.5000000000
107926  -38.413  -32.889  22.679 0.6000000238
107044  -38.250  -33.616  23.210 0.6000000238
117201  -39.906  -34.104  26.812 0.4000000060
29951  -38.593  -32.077  22.307 0.6000000238
29058  -39.942  -33.365  27.213 0.5000000000
31759  -39.174  -30.638  21.213 0.6999999881
29960  -39.120  -32.143  21.604 0.6000000238
29898  -40.288  -32.476  27.513 0.4000000060
112990  -39.511  -30.260  20.617 0.8000000119
30858  -39.780  -31.644  20.666 0.6999999881
30771  -40.579  -31.563  27.765 0.4000000060
30787  -41.418  -31.589  27.303 0.4000000060
31689  -41.722  -30.137  27.350 0.4000000060
32591  -42.087  -29.446  27.135 0.4000000060
33529  -42.362  -28.687  26.854 0.4000000060
35267  -42.575  -27.154  26.154 0.4000000060
35268  -42.876  -26.645  25.631 0.4000000060
29942  -37.556  -32.585  24.192 0.6000000238
29091  -37.553  -33.107  24.943 0.6000000238
29092  -37.876  -33.823  25.220 0.5000000000
28254  -38.384  -34.401  25.652 0.5000000000
33603  -31.763  -29.176  19.029 0.4000000060
33604  -32.411  -28.801  18.635 0.4000000060
30837  -38.377  -31.216  22.389 0.6000000238
29943  -37.991  -32.686  23.336 0.6000000238
29073  -38.496  -33.481  26.655 0.5000000000
34454  -32.877  -28.000  18.012 0.5000000000
125401  -38.808  -30.209  21.369 0.6999999881
30847  -38.878  -31.315  21.758 0.6999999881
29057  -39.003  -33.133  27.198 0.5000000000
126618  -33.589  -27.745  17.513 0.5000000000
32678  -38.722  -29.341  20.758 0.6999999881
32664  -39.036  -29.965  20.970 0.6999999881
29896  -38.805  -32.402  27.566 0.5000000000
35357  -34.236  -26.218  16.371 0.6999999881
35349  -33.798  -26.547  16.797 0.6000000238
123904  -39.460  -28.457  19.074 0.6999999881
33598  -38.953  -29.001  20.173 0.6999999881
32679  -39.449  -29.600  20.266 0.6999999881
30753  -39.229  -31.095  28.329 0.5000000000
36984  -34.772  -24.051  15.454 0.6999999881
125717  -34.653  -25.867  16.052 0.6999999881
32691  -40.195  -29.505  19.380 0.6999999881
30770  -39.943  -31.143  28.171 0.4000000060
33620  -39.920  -28.156  18.304 0.6999999881
33613  -40.136  -28.825  18.785 0.8000000119
107890  -40.467  -30.738  28.039 0.4000000060
125245  -41.253  -30.050  27.694 0.4000000060
32590  -41.335  -29.453  27.650 0.4000000060
34374  -41.888  -28.036  27.076 0.4000000060
34389  -41.886  -27.214  26.657 0.4000000060
125497  -42.357  -26.314  25.627 0.4000000060
30810  -37.250  -31.757  24.393 0.6000000238
29933  -37.341  -32.438  24.898 0.6000000238
29926  -37.449  -32.719  25.588 0.6000000238
29072  -37.827  -32.995  26.337 0.5000000000
127069  -31.304  -28.173  19.793 0.4000000060
33591  -31.899  -28.010  19.199 0.4000000060
35345  -32.482  -27.010  18.296 0.6999999881
31747  -38.000  -30.521  22.480 0.6999999881
30836  -37.856  -31.181  22.980 0.6000000238
30823  -37.680  -31.869  23.557 0.6000000238
30786  -37.108  -31.733  26.395 0.5000000000
34462  -33.074  -27.399  17.769 0.6999999881
33597  -38.395  -28.662  20.484 0.6999999881
33583  -38.100  -29.003  21.170 0.6999999881
32651  -38.071  -29.981  22.029 0.6999999881
29914  -37.632  -32.259  26.842 0.5000000000
29895  -38.070  -32.022  27.478 0.5000000000
36177  -33.045  -25.689  16.944 0.6999999881
32663  -38.454  -29.757  21.437 0.6999999881
30768  -38.648  -31.678  27.994 0.5000000000
36182  -33.569  -25.585  16.464 0.6999999881
34452  -38.306  -27.488  19.262 0.6999999881
34444  -38.036  -27.997  20.127 0.6999999881
31670  -38.944  -30.335  28.493 0.4000000060
109057  -34.071  -25.397  16.094 0.6999999881
35343  -38.231  -26.827  18.580 0.6999999881
34453  -39.130  -27.861  18.782 0.6999999881
35346  -37.057  -26.147  18.875 0.6000000238
110568  -37.821  -26.169  18.107 0.6000000238
35347  -38.719  -26.486  17.662 0.6999999881
31671  -39.851  -30.336  28.359 0.4000000060
32572  -40.145  -29.409  28.294 0.4000000060
37857  -34.779  -23.023  15.277 0.6999999881
35353  -37.942  -25.377  17.235 0.6000000238
32589  -40.746  -29.227  28.013 0.4000000060
36178  -37.582  -24.656  16.888 0.6000000238
33517  -40.391  -28.660  28.150 0.4000000060
34373  -41.307  -27.550  27.354 0.4000000060
35275  -41.828  -26.024  25.648 0.4000000060
30809  -36.858  -31.325  24.932 0.6000000238
34447  -31.162  -27.250  19.767 0.6000000238
35340  -31.764  -26.835  18.963 0.6000000238
35344  -31.895  -26.128  18.220 0.6999999881
33581  -36.705  -28.269  21.909 0.6000000238
32650  -37.488  -29.811  22.570 0.6999999881
32638  -37.035  -30.031  23.332 0.6999999881
113211  -37.407  -31.142  23.633 0.6000000238
33596  -37.728  -28.330  20.845 0.6000000238
33582  -37.429  -28.643  21.544 0.6000000238
32662  -37.764  -29.376  21.815 0.6999999881
36173  -32.526  -26.060  17.625 0.6999999881
35336  -37.008  -27.125  20.032 0.6000000238
30767  -37.378  -31.407  27.319 0.5000000000
36181  -32.840  -24.712  16.408 0.6999999881
35342  -37.533  -26.811  19.229 0.6000000238
31669  -38.224  -30.271  28.422 0.4000000060
36980  -33.933  -24.506  15.840 0.6999999881
36983  -33.893  -23.559  15.682 0.6999999881
32570  -38.585  -29.642  28.527 0.4000000060
32571  -39.367  -29.576  28.484 0.4000000060
36971  -36.619  -24.450  17.733 0.6000000238
110369  -38.885  -28.293  28.510 0.4000000060
34356  -39.947  -28.039  28.258 0.4000000060
37860  -36.169  -22.274  14.598 0.6999999881
38793  -36.921  -21.607  14.615 0.6999999881
125417  -38.012  -22.634  15.084 0.6999999881
36977  -38.364  -23.970  15.634 0.6000000238
105405  -40.716  -27.212  27.588 0.4000000060
35266  -41.480  -26.408  26.392 0.4000000060
36102  -41.077  -25.708  26.073 0.4000000060
36114  -41.348  -25.395  25.326 0.3000000119
35338  -29.840  -25.727  19.256 0.5000000000
34442  -36.157  -26.893  21.010 0.6000000238
33570  -36.077  -27.915  22.314 0.6000000238
33571  -36.392  -28.566  22.682 0.6000000238
31736  -36.723  -30.318  24.018 0.6000000238
31726  -36.508  -30.610  24.907 0.6000000238
30800  -36.694  -31.203  25.720 0.6000000238
121804  -31.093  -25.727  18.320 0.6000000238
106088  -36.699  -27.318  20.781 0.6000000238
34431  -36.243  -27.470  21.583 0.6000000238
116698  -35.825  -29.707  25.875 0.5000000000
30785  -36.700  -30.987  26.668 0.4000000060
31703  -36.353  -30.335  26.890 0.5000000000
30766  -36.851  -30.540  27.484 0.4000000060
31668  -37.590  -30.637  28.084 0.4000000060
113051  -31.915  -24.670  16.773 0.8000000119
36161  -35.997  -26.038  19.964 0.6000000238
32588  -36.941  -29.910  28.083 0.4000000060
32569  -37.692  -29.660  28.427 0.4000000060
36979  -33.074  -24.018  16.006 0.6999999881
36174  -37.007  -25.402  18.139 0.6000000238
36970  -35.932  -24.095  18.414 0.6000000238
115184  -38.292  -28.947  28.566 0.4000000060
37854  -34.229  -22.728  15.573 0.6999999881
35229  -39.124  -26.853  28.225 0.4000000060
34355  -39.331  -27.643  28.355 0.4000000060
38790  -35.191  -22.023  14.976 0.6999999881
38791  -36.170  -21.297  14.693 0.6999999881
38789  -37.696  -22.078  15.003 0.6999999881
37851  -36.837  -22.735  16.504 0.6999999881
35245  -39.621  -26.340  27.798 0.4000000060
35246  -40.392  -26.567  27.466 0.4000000060
121056  -37.095  -20.923  15.081 0.6999999881
36083  -39.301  -25.567  27.566 0.4000000060
36100  -39.709  -25.208  27.089 0.3000000119
35265  -40.732  -26.106  26.796 0.4000000060
36886  -40.246  -24.491  26.061 0.4000000060
36113  -40.730  -25.054  25.699 0.3000000119
34421  -35.389  -27.174  22.438 0.6000000238
33560  -35.653  -28.052  23.045 0.6000000238
33561  -36.002  -28.848  23.637 0.6000000238
33549  -35.424  -28.767  24.604 0.6000000238
32616  -35.592  -29.285  25.306 0.5000000000
107123  -30.287  -25.430  18.410 0.6000000238
36171  -30.272  -24.585  17.345 0.6000000238
35322  -35.621  -26.695  21.509 0.6000000238
34430  -35.084  -26.411  21.999 0.6000000238
32598  -35.480  -29.053  26.266 0.5000000000
36172  -31.361  -25.147  17.379 0.6999999881
35334  -35.765  -26.296  20.766 0.6000000238
33515  -35.335  -28.383  26.959 0.5000000000
32599  -35.953  -29.759  26.636 0.4000000060
32587  -36.355  -29.770  27.497 0.4000000060
36978  -32.198  -24.033  16.363 0.6999999881
36975  -31.251  -23.946  16.645 0.6999999881
36963  -36.165  -24.924  18.748 0.6000000238
36168  -35.745  -25.244  19.609 0.6000000238
33516  -35.814  -28.397  27.674 0.5000000000
33494  -36.408  -28.406  28.160 0.5000000000
37849  -33.091  -23.351  16.499 0.8000000119
37848  -32.027  -23.733  16.582 0.8000000119
34352  -36.578  -27.672  28.326 0.4000000060
116384  -37.582  -28.860  28.474 0.4000000060
38784  -33.904  -22.683  15.987 0.8000000119
34353  -37.416  -27.535  28.482 0.4000000060
38787  -34.810  -21.888  15.516 0.6999999881
37845  -36.398  -23.536  17.529 0.6999999881
38686  -36.792  -22.947  27.345 0.5000000000
37730  -36.320  -23.713  27.485 0.5000000000
36872  -36.777  -24.492  27.731 0.5000000000
36067  -36.910  -26.096  28.320 0.4000000060
35227  -37.651  -26.734  28.413 0.4000000060
39835  -36.086  -20.443  15.510 0.6999999881
38788  -36.799  -21.463  16.295 0.6999999881
39738  -37.648  -21.450  26.725 0.5000000000
37731  -37.244  -23.716  27.484 0.5000000000
36873  -37.746  -24.470  27.634 0.4000000060
36082  -38.411  -25.211  27.761 0.4000000060
35244  -38.823  -26.059  28.060 0.4000000060
115220  -39.020  -20.848  26.094 0.4000000060
38698  -38.144  -22.246  26.791 0.5000000000
38699  -38.994  -22.288  26.417 0.4000000060
124671  -39.192  -23.456  26.559 0.4000000060
37743  -39.691  -23.780  26.264 0.4000000060
36875  -39.131  -24.816  27.270 0.4000000060
116137  -39.553  -21.008  25.645 0.4000000060
39740  -39.318  -21.602  26.005 0.4000000060
38704  -39.612  -22.376  25.813 0.4000000060
36885  -39.688  -24.592  26.688 0.4000000060
35303  -34.788  -26.829  23.160 0.6000000238
106348  -35.213  -28.165  23.952 0.6000000238
105357  -29.492  -24.767  17.934 0.5000000000
36147  -35.111  -25.839  21.361 0.6000000238
36140  -34.684  -25.830  22.183 0.6000000238
35316  -34.777  -26.387  22.657 0.6000000238
110132  -34.701  -27.499  24.316 0.5000000000
34397  -34.775  -27.888  25.764 0.5000000000
33539  -35.176  -28.586  25.515 0.5000000000
36176  -30.703  -24.202  16.831 0.6999999881
36943  -34.909  -24.942  20.954 0.6000000238
36160  -35.436  -25.507  20.455 0.6000000238
35274  -34.234  -26.501  25.350 0.5000000000
34388  -34.927  -27.699  26.590 0.5000000000
37846  -30.154  -23.692  17.032 0.6000000238
36962  -35.600  -24.421  19.260 0.6000000238
106269  -35.208  -24.585  20.126 0.6000000238
35264  -34.809  -26.875  26.872 0.5000000000
116109  -35.396  -27.537  27.470 0.5000000000
37842  -32.361  -23.421  17.142 0.8000000119
36871  -35.729  -24.570  27.494 0.5000000000
111010  -34.842  -25.976  26.976 0.5000000000
35242  -35.381  -26.529  27.556 0.5000000000
34370  -35.974  -27.813  28.047 0.5000000000
38783  -35.849  -22.364  18.567 0.6000000238
119069  -36.541  -21.494  26.811 0.5000000000
38695  -35.276  -22.509  26.735 0.5000000000
123477  -35.592  -23.722  27.267 0.5000000000
36079  -35.494  -25.598  27.553 0.5000000000
119027  -36.038  -26.175  28.037 0.4000000060
111706  -33.863  -22.633  16.717 0.8000000119
37850  -36.336  -22.494  17.491 0.6999999881
121298  -35.904  -22.067  26.899 0.5000000000
38696  -36.465  -22.315  27.094 0.5000000000
36080  -36.357  -25.341  27.918 0.5000000000
38785  -34.524  -21.830  16.330 0.8000000119
39836  -36.729  -20.722  15.579 0.6999999881
39832  -36.572  -20.331  16.724 0.6999999881
40806  -37.135  -20.563  26.619 0.5000000000
40916  -36.463  -20.516  15.586 0.6999999881
40807  -38.190  -20.725  26.442 0.4000000060
34414  -35.017  -27.450  23.451 0.5000000000
119166  -28.156  -24.438  18.176 0.5000000000
36146  -34.554  -25.019  21.864 0.6000000238
36139  -34.403  -25.359  22.558 0.6000000238
123532  -34.371  -26.917  24.631 0.5000000000
36170  -28.739  -24.241  17.643 0.5000000000
113105  -33.997  -25.656  25.010 0.5000000000
112850  -34.131  -25.815  25.755 0.5000000000
36967  -28.103  -23.901  17.825 0.5000000000
37838  -28.346  -23.708  17.851 0.5000000000
36969  -29.518  -24.017  17.114 0.5000000000
37813  -35.019  -23.650  20.315 0.6000000238
36952  -34.818  -24.227  20.741 0.6000000238
36895  -33.973  -24.120  25.567 0.5000000000
36098  -34.405  -25.475  26.370 0.5000000000
35263  -34.411  -26.306  26.256 0.5000000000
121921  -35.374  -22.869  19.709 0.6000000238
118734  -35.010  -22.818  20.569 0.6000000238
125830  -34.270  -22.557  25.921 0.5000000000
37749  -34.099  -23.218  25.769 0.5000000000
36883  -34.412  -24.597  26.378 0.5000000000
36099  -34.905  -25.054  27.037 0.5000000000
111845  -31.913  -23.526  18.116 0.6999999881
37729  -35.119  -23.308  26.893 0.5000000000
36884  -34.993  -24.154  26.979 0.5000000000
37831  -32.933  -23.150  18.315 0.6999999881
38786  -36.499  -21.263  17.576 0.6999999881
106834  -35.322  -21.705  26.550 0.5000000000
37843  -33.434  -22.938  17.423 0.6999999881
109270  -37.887  -19.907  26.439 0.4000000060
40913  -36.156  -20.045  16.288 0.6999999881
121432  -38.417  -19.385  26.254 0.5000000000
38782  -34.270  -21.951  17.545 0.6999999881
39831  -35.916  -20.054  16.242 0.8000000119
40808  -38.709  -20.065  26.144 0.4000000060
40815  -39.495  -20.173  25.631 0.5000000000
43880  -41.449  -17.573  23.734 0.4000000060
43896  -41.843  -17.656  22.921 0.5000000000
109316  -42.078  -16.900  22.625 0.5000000000
42844  -41.804  -18.546  21.483 0.5000000000
43921  -42.037  -17.694  21.869 0.5000000000
36131  -34.200  -25.375  23.211 0.6000000238
109742  -34.004  -25.490  24.073 0.5000000000
36942  -34.602  -24.349  21.325 0.6000000238
36937  -34.158  -24.727  22.723 0.6000000238
36921  -33.886  -24.684  23.643 0.6000000238
36907  -33.831  -24.710  24.715 0.5000000000
36112  -34.053  -25.071  25.653 0.5000000000
37839  -29.126  -23.621  17.696 0.5000000000
37840  -29.900  -23.568  17.659 0.6999999881
38750  -34.741  -22.514  21.238 0.6000000238
120086  -34.430  -23.116  21.790 0.6000000238
37783  -34.109  -23.140  22.538 0.6000000238
38709  -33.862  -22.566  25.126 0.5000000000
124881  -33.764  -24.041  24.856 0.5000000000
37837  -27.643  -23.600  18.289 0.5000000000
37828  -29.831  -23.669  19.079 0.6000000238
37757  -33.775  -23.465  24.971 0.5000000000
110536  -30.578  -23.679  18.741 0.6999999881
115786  -35.375  -22.101  20.280 0.6000000238
111339  -34.689  -21.569  26.182 0.5000000000
37829  -31.518  -23.737  19.334 0.6999999881
39801  -35.693  -21.145  20.039 0.6000000238
39737  -35.767  -21.136  26.596 0.5000000000
110621  -36.277  -20.041  26.549 0.6000000238
41790  -35.492  -19.652  26.360 0.4000000060
42770  -36.869  -18.717  26.577 0.5000000000
125131  -36.494  -19.911  17.166 0.6999999881
39815  -36.525  -20.244  17.934 0.6999999881
40909  -36.342  -20.021  16.505 0.6999999881
41793  -37.737  -19.064  26.451 0.5000000000
44964  -40.590  -16.804  25.088 0.4000000060
46009  -41.151  -15.675  24.387 0.4000000060
106763  -35.943  -18.947  17.472 0.6999999881
122038  -41.360  -16.930  24.056 0.4000000060
39826  -34.908  -20.599  17.951 0.6999999881
114997  -41.720  -16.920  23.440 0.4000000060
39825  -34.098  -21.697  18.740 0.6999999881
42845  -41.957  -18.176  20.893 0.5000000000
43922  -42.255  -17.332  21.057 0.5000000000
109767  -33.864  -23.911  23.063 0.5000000000
117560  -33.706  -23.843  24.136 0.5000000000
115080  -34.437  -22.434  22.059 0.6000000238
119834  -33.701  -23.021  24.331 0.5000000000
37826  -28.039  -23.485  18.689 0.6000000238
38714  -33.777  -22.180  23.995 0.5000000000
37827  -28.812  -23.558  18.754 0.6000000238
39788  -35.660  -20.620  20.709 0.5000000000
39787  -35.079  -21.029  21.662 0.5000000000
38703  -34.275  -21.942  25.736 0.5000000000
39744  -34.343  -21.130  25.637 0.5000000000
110243  -30.782  -23.799  19.772 0.6999999881
40891  -36.287  -20.103  19.774 0.6000000238
39736  -34.990  -20.920  26.276 0.5000000000
40803  -34.938  -20.073  26.172 0.6000000238
41791  -36.154  -19.222  26.528 0.5000000000
114040  -36.590  -19.307  18.679 0.6999999881
116980  -38.496  -16.006  26.442 0.5000000000
45985  -39.604  -15.161  25.923 0.4000000060
37830  -32.485  -23.343  19.345 0.6999999881
40904  -36.480  -19.279  18.060 0.6999999881
41890  -36.043  -18.626  17.870 0.6999999881
42771  -37.611  -18.177  26.515 0.5000000000
43847  -38.254  -17.554  26.395 0.5000000000
118042  -39.404  -16.035  26.088 0.4000000060
127093  -40.015  -15.706  25.643 0.4000000060
46008  -40.607  -15.875  25.105 0.4000000060
38773  -33.321  -22.560  19.337 0.6999999881
40902  -35.708  -19.769  17.088 0.6999999881
47041  -41.269  -14.869  24.123 0.4000000060
46025  -41.597  -15.546  23.683 0.4000000060
38760  -32.769  -22.953  20.117 0.6999999881
39813  -34.467  -20.649  19.103 0.6999999881
44980  -41.473  -16.290  23.905 0.4000000060
46034  -42.360  -15.405  22.172 0.4000000060
39812  -33.780  -21.505  19.775 0.6999999881
44991  -41.897  -16.205  23.203 0.4000000060
46037  -42.646  -15.387  21.432 0.4000000060
45008  -42.661  -16.102  20.964 0.4000000060
43936  -42.169  -17.830  20.108 0.5000000000
113038  -42.483  -16.846  20.530 0.5000000000
38732  -34.057  -22.320  22.895 0.5000000000
39769  -34.494  -21.668  22.312 0.5000000000
39754  -34.155  -21.487  23.199 0.5000000000
113822  -33.905  -21.220  24.116 0.5000000000
121189  -34.248  -20.399  25.216 0.5000000000
37808  -27.968  -23.262  20.097 0.6000000238
37809  -28.563  -23.533  19.937 0.6000000238
126155  -35.134  -20.318  22.090 0.5000000000
39749  -33.912  -21.660  24.939 0.5000000000
37810  -30.383  -23.781  20.514 0.6999999881
40867  -35.604  -20.025  21.324 0.5000000000
41800  -34.554  -19.770  25.579 0.6000000238
112739  -35.386  -18.866  26.274 0.5000000000
112598  -36.234  -19.567  20.383 0.6000000238
40883  -36.552  -19.140  19.508 0.6999999881
42769  -36.000  -18.379  26.513 0.5000000000
45968  -38.887  -15.262  26.329 0.4000000060
37811  -31.315  -23.706  20.517 0.6999999881
41880  -36.380  -18.513  18.366 0.8000000119
43845  -36.727  -17.764  26.607 0.5000000000
115147  -37.729  -15.962  26.561 0.5000000000
110220  -40.237  -15.077  25.416 0.4000000060
112468  -40.785  -15.000  24.813 0.4000000060
48080  -41.380  -14.123  23.766 0.4000000060
37812  -32.151  -23.453  20.338 0.6999999881
42870  -35.828  -17.242  19.174 0.6000000238
47060  -41.720  -14.795  23.405 0.4000000060
123691  -35.562  -19.479  17.700 0.6999999881
40890  -35.201  -19.648  18.451 0.6999999881
41878  -35.221  -18.326  19.354 0.6000000238
42858  -35.264  -17.258  19.834 0.6000000238
47069  -42.473  -14.647  21.882 0.4000000060
38761  -33.193  -22.221  20.395 0.6999999881
39799  -33.483  -21.258  20.811 0.6000000238
39800  -34.158  -20.539  20.057 0.6999999881
117144  -34.383  -19.524  20.216 0.6000000238
41869  -34.505  -18.455  20.415 0.6000000238
47074  -42.815  -14.654  21.145 0.4000000060
111496  -32.582  -22.813  20.912 0.6999999881
41868  -33.820  -19.519  21.200 0.6000000238
41851  -34.082  -18.496  21.228 0.6000000238
45009  -42.832  -16.180  20.209 0.5000000000
41836  -32.970  -19.290  22.562 0.6000000238
41850  -33.512  -18.959  21.926 0.6000000238
45019  -42.578  -16.998  19.671 0.5000000000
45032  -42.797  -17.063  18.673 0.5000000000
40821  -34.074  -20.416  24.330 0.6000000238
38772  -26.760  -22.501  19.114 0.5000000000
40848  -34.624  -20.876  22.559 0.5000000000
120230  -34.286  -20.629  23.438 0.6000000238
41810  -34.266  -19.653  24.731 0.6000000238
38759  -28.026  -22.793  20.952 0.6000000238
37794  -28.809  -23.338  21.100 0.6000000238
40849  -35.447  -19.361  22.014 0.6000000238
107250  -34.800  -20.044  22.788 0.6000000238
119841  -34.913  -18.568  25.853 0.5000000000
42768  -35.305  -18.084  26.128 0.5000000000
125893  -28.542  -22.738  21.288 0.6000000238
41852  -36.144  -18.948  20.959 0.6000000238
117305  -36.002  -18.183  21.458 0.6000000238
43844  -35.854  -17.552  26.416 0.5000000000
45966  -37.002  -15.495  26.579 0.5000000000
46998  -39.165  -14.614  26.167 0.4000000060
47012  -39.768  -14.307  25.671 0.4000000060
38748  -31.412  -22.840  21.895 0.6999999881
38746  -29.723  -22.846  21.777 0.6000000238
41870  -36.566  -18.332  19.841 0.6999999881
42859  -36.443  -17.920  20.593 0.6000000238
114452  -36.360  -17.074  26.543 0.5000000000
44924  -37.212  -16.311  26.594 0.5000000000
45967  -38.034  -15.318  26.519 0.5000000000
47013  -40.431  -14.428  25.163 0.4000000060
48079  -40.868  -14.089  24.542 0.4000000060
126930  -41.454  -13.563  23.380 0.4000000060
41879  -35.937  -17.935  18.441 0.6999999881
42871  -36.027  -17.165  19.195 0.6999999881
43907  -35.413  -16.001  21.136 0.6999999881
43864  -35.258  -17.246  25.929 0.5000000000
44923  -36.471  -16.374  26.522 0.5000000000
48120  -42.156  -13.938  22.349 0.4000000060
38731  -31.677  -22.146  22.278 0.6000000238
43918  -35.354  -16.471  20.363 0.6000000238
48125  -42.504  -13.798  21.457 0.4000000060
107581  -32.276  -22.356  21.763 0.6999999881
40881  -33.808  -20.316  20.767 0.6000000238
42841  -34.551  -17.397  20.727 0.6000000238
43917  -34.597  -16.467  21.264 0.6000000238
44988  -34.379  -15.587  22.752 0.6000000238
109639  -42.889  -14.060  20.786 0.4000000060
40865  -32.715  -20.728  22.288 0.6000000238
40866  -33.348  -20.572  21.546 0.6000000238
116444  -33.787  -16.961  22.231 0.6000000238
117150  -33.531  -15.718  23.262 0.6000000238
47078  -43.110  -14.645  20.421 0.4000000060
42826  -33.240  -18.335  22.517 0.6000000238
43892  -32.707  -16.702  23.346 0.6000000238
46051  -43.387  -15.329  19.030 0.5000000000
46043  -43.169  -15.405  19.925 0.4000000060
106341  -43.302  -16.109  18.426 0.5000000000
46061  -43.454  -16.007  17.375 0.5000000000
41822  -34.429  -19.639  23.715 0.6000000238
41837  -35.021  -19.217  22.922 0.6000000238
111797  -34.451  -18.961  24.298 0.6000000238
42785  -34.870  -17.828  25.503 0.5000000000
39797  -26.762  -21.853  20.019 0.6000000238
118598  -35.485  -18.310  22.444 0.6000000238
42799  -34.632  -18.186  24.316 0.5000000000
121709  -37.561  -14.765  26.532 0.5000000000
48039  -39.001  -13.898  26.125 0.4000000060
39784  -28.346  -22.119  21.344 0.6000000238
39785  -28.967  -21.505  21.613 0.6000000238
42827  -35.856  -17.184  21.734 0.6000000238
43908  -35.620  -16.308  21.858 0.6000000238
43863  -34.880  -16.655  25.094 0.5000000000
45984  -35.115  -15.329  25.674 0.5000000000
45964  -35.539  -14.984  26.178 0.5000000000
45965  -36.082  -15.695  26.416 0.5000000000
48056  -40.266  -13.706  25.160 0.4000000060
115813  -40.563  -13.182  24.573 0.4000000060
48105  -41.085  -13.370  23.938 0.4000000060
43919  -35.992  -16.316  21.080 0.6999999881
44979  -35.168  -15.880  22.606 0.5000000000
44946  -35.519  -15.941  26.104 0.5000000000
125923  -35.928  -16.222  26.376 0.5000000000
48119  -41.972  -13.136  22.003 0.4000000060
39766  -30.545  -21.688  22.462 0.6000000238
46023  -33.632  -14.970  23.913 0.6000000238
49313  -42.211  -12.850  21.205 0.4000000060
39767  -31.365  -21.556  22.580 0.6000000238
40845  -31.483  -19.983  23.076 0.6000000238
109688  -33.310  -15.338  23.617 0.6000000238
116821  -42.668  -13.365  20.656 0.4000000060
37797  -31.847  -23.259  21.217 0.6999999881
40846  -32.399  -20.002  22.853 0.6000000238
47079  -43.338  -14.533  19.596 0.4000000060
48129  -43.131  -13.856  20.133 0.4000000060
42825  -32.593  -18.894  23.040 0.6000000238
42812  -32.905  -17.680  23.075 0.6000000238
47084  -43.500  -14.423  18.620 0.4000000060
120393  -43.500  -15.101  16.592 0.5000000000
42813  -34.899  -18.413  23.500 0.6000000238
43895  -35.004  -17.133  23.691 0.5000000000
108725  -35.977  -14.139  26.455 0.5000000000
107934  -36.772  -13.680  26.534 0.5000000000
109271  -37.543  -14.054  26.515 0.5000000000
48055  -39.525  -13.290  25.588 0.4000000060
40862  -28.883  -20.635  21.462 0.6000000238
40863  -29.501  -20.921  21.897 0.6000000238
42814  -35.432  -17.124  22.687 0.6000000238
47011  -34.726  -14.649  25.585 0.5000000000
46996  -36.836  -14.515  26.536 0.5000000000
49240  -40.090  -13.024  25.083 0.4000000060
49282  -40.692  -12.463  23.898 0.4000000060
49298  -40.939  -12.105  22.962 0.4000000060
39765  -29.709  -21.882  22.127 0.6000000238
45983  -34.681  -15.184  24.999 0.5000000000
49299  -41.458  -12.604  22.471 0.4000000060
40843  -30.108  -21.115  22.362 0.6000000238
40844  -30.839  -20.757  22.726 0.6000000238
41835  -31.133  -19.128  23.136 0.6000000238
46022  -32.687  -15.134  23.792 0.6000000238
48134  -42.857  -13.048  19.868 0.4000000060
43905  -31.169  -17.592  23.320 0.6000000238
121845  -32.265  -14.741  23.942 0.6000000238
48135  -43.324  -13.595  19.173 0.4000000060
42811  -32.236  -18.441  23.307 0.6000000238
114950  -31.705  -16.877  23.487 0.6000000238
44976  -32.370  -15.901  23.580 0.6000000238
48141  -43.447  -13.684  18.158 0.4000000060
121616  -43.520  -14.339  17.541 0.4000000060
124787  -43.398  -13.670  17.248 0.3000000119
114402  -43.499  -15.199  17.968 0.5000000000
122633  -43.333  -14.342  14.995 0.3000000119
49216  -36.752  -12.780  26.521 0.5000000000
126998  -38.084  -13.000  26.343 0.5000000000
50289  -39.326  -11.844  25.272 0.5000000000
50305  -40.128  -11.773  24.268 0.5000000000
46995  -35.114  -14.082  26.168 0.5000000000
109656  -35.851  -12.663  26.518 0.6000000238
49260  -40.193  -12.481  24.669 0.4000000060
50322  -40.395  -11.548  23.436 0.5000000000
40864  -29.962  -20.230  22.184 0.6000000238
41849  -30.005  -19.287  22.130 0.6000000238
113621  -34.478  -13.959  25.823 0.6000000238
50335  -41.136  -11.841  22.118 0.4000000060
49312  -41.645  -12.353  21.663 0.4000000060
41834  -30.648  -19.745  22.731 0.6000000238
42823  -30.513  -18.987  22.670 0.6000000238
47040  -33.996  -14.127  25.155 0.6999999881
50362  -41.907  -11.790  20.054 0.3000000119
43904  -30.537  -17.231  22.953 0.6000000238
48077  -32.646  -13.490  24.625 0.6000000238
49326  -42.408  -12.264  19.568 0.3000000119
42824  -30.684  -18.229  22.917 0.6000000238
43890  -30.943  -16.879  23.342 0.6000000238
47038  -32.424  -14.181  24.240 0.6000000238
49327  -42.940  -12.716  19.026 0.4000000060
44975  -31.213  -16.172  23.519 0.6000000238
120848  -31.630  -15.243  23.713 0.6000000238
48104  -31.871  -13.609  24.220 0.6000000238
120466  -43.235  -13.099  18.460 0.3000000119
111366  -43.016  -13.210  16.317 0.3000000119
120177  -42.878  -13.074  15.337 0.3000000119
48170  -43.096  -13.331  14.972 0.3000000119
112768  -36.361  -11.981  26.535 0.6000000238
113613  -37.124  -11.986  26.435 0.5000000000
51320  -38.995  -11.132  25.187 0.5000000000
50304  -39.568  -11.375  24.682 0.5000000000
46994  -34.633  -13.393  26.182 0.6000000238
112771  -35.567  -11.920  26.535 0.6000000238
51348  -40.083  -10.758  22.971 0.4000000060
50350  -40.707  -11.159  21.687 0.4000000060
41848  -29.433  -19.559  21.602 0.6000000238
42839  -30.075  -18.472  22.186 0.6000000238
48053  -33.978  -13.484  25.715 0.6000000238
50351  -41.257  -11.625  21.289 0.3000000119
49319  -41.787  -12.089  20.856 0.3000000119
43916  -30.146  -17.632  22.317 0.6000000238
114316  -29.854  -17.214  21.687 0.6000000238
44987  -30.035  -16.658  22.376 0.6000000238
46032  -30.074  -15.698  22.709 0.6000000238
44974  -30.484  -16.374  23.129 0.6000000238
49334  -42.424  -11.996  18.693 0.3000000119
46021  -30.611  -15.503  23.352 0.6000000238
47057  -30.845  -14.600  23.538 0.6000000238
49335  -42.857  -12.482  18.100 0.3000000119
49356  -42.731  -12.520  15.778 0.3000000119
49366  -42.882  -12.611  15.045 0.3000000119
110684  -36.058  -11.233  26.528 0.6000000238
126254  -37.412  -11.418  26.283 0.6000000238
50287  -37.934  -11.163  25.985 0.5000000000
51319  -38.663  -10.398  25.153 0.5000000000
51335  -39.236  -10.634  24.569 0.4000000060
50271  -34.454  -11.325  26.407 0.6000000238
50272  -35.244  -11.208  26.535 0.6000000238
51357  -39.791  -10.044  22.521 0.4000000060
51358  -40.214  -10.609  22.095 0.4000000060
50270  -33.812  -11.526  26.139 0.6000000238
51370  -40.389  -10.459  21.270 0.4000000060
51371  -40.823  -10.969  20.882 0.3000000119
43915  -29.766  -17.878  21.453 0.6000000238
50286  -33.255  -11.274  25.654 0.6000000238
50361  -41.358  -11.372  20.483 0.3000000119
46036  -29.779  -15.850  21.862 0.6000000238
111506  -32.332  -12.129  24.748 0.6000000238
51395  -41.662  -10.794  18.938 0.3000000119
117423  -31.411  -12.861  23.980 0.6000000238
50378  -42.111  -11.300  18.395 0.3000000119
48118  -30.392  -13.840  23.106 0.6000000238
49281  -30.702  -12.946  23.348 0.6000000238
50398  -42.628  -11.113  16.493 0.3000000119
112650  -42.754  -11.981  15.320 0.3000000119
51304  -36.586  -10.582  26.397 0.6000000238
51305  -37.322  -10.795  26.205 0.5000000000
52301  -38.931  -9.786  24.488 0.5000000000
52302  -39.323  -9.661  23.753 0.4000000060
51347  -39.619  -10.157  23.331 0.4000000060
51303  -35.683  -10.388  26.472 0.6000000238
119604  -39.734  -9.564  22.277 0.4000000060
52324  -39.941  -9.819  21.697 0.4000000060
51302  -34.720  -10.547  26.452 0.6000000238
51384  -40.267  -9.769  20.800 0.4000000060
51394  -41.235  -10.300  19.468 0.3000000119
44997  -29.824  -16.571  21.339 0.6000000238
51317  -33.193  -10.551  25.544 0.6000000238
52365  -41.240  -9.494  19.408 0.3000000119
122000  -29.724  -15.230  21.229 0.6000000238
47073  -29.715  -14.515  21.428 0.6000000238
50303  -32.240  -11.377  24.650 0.6000000238
52384  -42.446  -9.838  18.108 0.3000000119
50302  -31.712  -11.954  24.249 0.6000000238
48124  -29.868  -13.994  22.174 0.6000000238
49297  -30.203  -13.045  22.550 0.6000000238
108820  -36.341  -9.812  26.288 0.6000000238
53252  -37.769  -8.840  25.274 0.4000000060
111951  -38.478  -9.073  24.720 0.4000000060
53270  -39.043  -8.906  23.994 0.4000000060
52314  -39.470  -9.282  22.945 0.4000000060
52269  -34.977  -9.666  26.355 0.5000000000
124935  -35.728  -9.726  26.377 0.5000000000
116455  -40.411  -9.018  20.391 0.4000000060
117076  -33.555  -9.958  25.760 0.5000000000
52364  -40.903  -8.968  19.745 0.3000000119
112155  -32.808  -9.941  25.072 0.5000000000
118459  -41.321  -8.940  19.418 0.3000000119
47077  -29.814  -14.589  20.489 0.6000000238
51333  -31.758  -11.031  24.148 0.5000000000
47072  -29.753  -13.789  21.105 0.6000000238
118032  -31.414  -11.396  23.687 0.6000000238
111500  -29.896  -13.051  21.637 0.6000000238
115919  -30.193  -12.300  22.023 0.6000000238
50333  -30.965  -11.302  22.961 0.6000000238
49311  -30.120  -12.299  21.155 0.5000000000
50349  -30.407  -11.615  21.570 0.5000000000
54216  -36.509  -7.855  25.429 0.4000000060
53268  -37.597  -8.038  25.092 0.3000000119
53269  -38.318  -8.208  24.587 0.4000000060
115931  -39.243  -8.471  23.308 0.4000000060
53293  -39.486  -8.260  22.552 0.3000000119
53236  -34.789  -8.757  25.969 0.5000000000
52270  -35.820  -9.101  26.177 0.4000000060
54315  -39.700  -7.444  22.040 0.3000000119
53302  -39.837  -8.286  21.622 0.3000000119
52338  -39.994  -9.062  21.181 0.3000000119
54336  -40.493  -7.569  20.637 0.3000000119
53303  -40.234  -8.273  20.837 0.3000000119
52299  -32.455  -9.648  24.202 0.5000000000
53328  -41.446  -8.297  19.448 0.3000000119
51346  -32.001  -10.045  23.774 0.5000000000
53341  -42.928  -8.326  18.309 0.3000000119
51345  -31.548  -10.617  23.472 0.5000000000
51368  -30.751  -10.982  22.071 0.5000000000
54245  -36.329  -7.184  25.229 0.3000000119
54217  -37.054  -7.542  25.198 0.3000000119
54270  -38.431  -7.301  24.207 0.3000000119
54271  -38.957  -7.242  23.538 0.3000000119
54243  -34.775  -7.563  25.293 0.3000000119
54215  -35.723  -7.797  25.501 0.4000000060
126837  -39.225  -7.863  23.221 0.3000000119
55264  -39.987  -6.682  21.648 0.3000000119
54242  -33.832  -7.656  24.628 0.3000000119
54316  -40.130  -7.509  21.273 0.3000000119
124100  -32.593  -8.998  23.913 0.4000000060
54337  -40.888  -7.173  20.203 0.3000000119
54350  -41.275  -7.506  19.718 0.3000000119
52313  -32.255  -9.370  23.470 0.5000000000
55310  -43.105  -6.795  18.273 0.3000000119
52312  -31.729  -9.787  23.038 0.5000000000
54368  -43.387  -7.575  18.020 0.3000000119
51382  -30.717  -10.917  21.171 0.4000000060
51369  -31.153  -10.318  21.629 0.5000000000
121434  -36.617  -6.160  24.657 0.3000000119
55193  -36.985  -6.687  24.856 0.3000000119
55194  -37.832  -6.556  24.415 0.3000000119
106499  -34.577  -6.949  24.736 0.3000000119
54244  -35.458  -7.014  25.158 0.3000000119
55221  -38.538  -6.499  23.856 0.3000000119
55249  -39.559  -6.581  22.415 0.3000000119
55190  -33.900  -6.857  24.037 0.3000000119
55265  -40.483  -6.750  20.846 0.3000000119
54292  -32.841  -7.988  23.105 0.3000000119
54269  -33.369  -7.501  23.582 0.3000000119
55292  -41.389  -6.631  19.695 0.3000000119
55293  -41.934  -6.431  19.127 0.3000000119
53292  -32.506  -8.344  22.459 0.3000000119
52323  -32.132  -9.094  22.693 0.4000000060
56296  -42.270  -5.787  18.712 0.3000000119
123493  -42.803  -6.170  18.371 0.3000000119
52322  -31.596  -9.578  22.043 0.4000000060
55323  -43.712  -6.826  17.721 0.3000000119
51383  -31.150  -10.278  20.769 0.4000000060
52335  -31.436  -9.777  21.190 0.4000000060
55324  -44.201  -6.887  17.159 0.3000000119
54380  -44.413  -7.440  16.532 0.3000000119
56178  -35.371  -5.930  24.462 0.3000000119
55192  -36.050  -6.425  24.840 0.3000000119
56179  -36.225  -5.730  24.480 0.3000000119
55220  -37.995  -5.779  24.070 0.3000000119
56201  -38.667  -5.705  23.482 0.3000000119
109653  -39.316  -5.624  22.708 0.3000000119
55191  -34.587  -6.312  24.295 0.3000000119
56259  -39.754  -5.119  21.889 0.3000000119
117026  -40.236  -5.059  21.199 0.3000000119
115012  -40.586  -5.364  20.622 0.3000000119
54293  -33.084  -7.358  22.667 0.3000000119
55218  -33.581  -6.770  23.158 0.3000000119
56288  -41.064  -5.759  20.000 0.3000000119
57279  -41.820  -5.040  18.965 0.3000000119
115517  -32.062  -8.818  21.858 0.4000000060
56309  -42.871  -5.547  18.134 0.3000000119
56310  -43.466  -5.440  17.613 0.3000000119
52350  -31.531  -9.625  20.365 0.4000000060
56323  -44.014  -5.235  17.035 0.3000000119
57326  -44.458  -5.083  16.185 0.3000000119
115356  -44.793  -6.104  15.931 0.3000000119
55352  -44.746  -5.944  14.277 0.3000000119
56198  -36.579  -4.970  24.119 0.3000000119
56199  -37.446  -5.222  24.050 0.3000000119
56200  -38.070  -5.055  23.667 0.3000000119
56227  -38.745  -4.873  23.129 0.3000000119
56197  -35.523  -5.210  24.122 0.3000000119
57196  -38.762  -4.026  22.641 0.3000000119
57216  -39.444  -4.226  22.037 0.3000000119
55248  -33.789  -6.032  22.820 0.3000000119
108719  -34.261  -5.594  23.296 0.3000000119
57217  -39.955  -4.408  21.367 0.3000000119
57251  -40.433  -4.601  20.690 0.3000000119
115483  -41.363  -5.161  19.538 0.3000000119
55247  -33.382  -6.602  22.338 0.3000000119
57278  -41.294  -4.349  19.353 0.3000000119
118220  -32.417  -8.212  21.599 0.4000000060
57290  -41.917  -4.240  18.556 0.3000000119
52351  -31.990  -8.813  20.308 0.4000000060
57308  -42.597  -4.112  17.793 0.3000000119
57309  -43.221  -4.385  17.344 0.3000000119
52362  -31.765  -9.288  19.660 0.4000000060
56348  -44.786  -5.550  15.227 0.3000000119
51393  -31.479  -9.893  19.478 0.4000000060
106021  -44.699  -5.238  13.831 0.3000000119
57180  -37.343  -4.586  23.699 0.3000000119
57181  -38.060  -4.260  23.296 0.3000000119
57178  -35.686  -4.418  23.593 0.3000000119
57179  -36.612  -4.288  23.610 0.3000000119
58163  -39.591  -3.643  21.482 0.3000000119
57177  -34.779  -5.008  23.471 0.3000000119
57277  -40.678  -4.068  20.102 0.3000000119
126883  -33.285  -6.462  21.605 0.3000000119
58229  -41.943  -3.446  18.091 0.3000000119
58252  -43.183  -3.737  16.988 0.3000000119
116511  -43.788  -4.410  16.727 0.3000000119
57325  -44.202  -4.248  15.970 0.3000000119
57340  -44.529  -4.629  15.337 0.3000000119
51402  -31.999  -9.650  18.046 0.3000000119
109419  -44.704  -5.093  14.645 0.3000000119
116289  -44.427  -4.853  12.347 0.3000000119
56376  -44.152  -5.926  11.837 0.3000000119
57195  -35.469  -3.823  23.036 0.3000000119
58131  -37.184  -3.805  23.232 0.3000000119
58145  -38.514  -3.191  22.280 0.3000000119
58184  -39.741  -3.053  20.902 0.3000000119
58164  -40.155  -3.831  20.814 0.3000000119
57215  -34.356  -4.354  21.984 0.3000000119
57194  -34.824  -4.358  22.906 0.3000000119
58185  -40.346  -3.260  20.239 0.3000000119
58211  -40.857  -3.481  19.503 0.3000000119
59214  -40.971  -2.972  18.997 0.3000000119
58212  -41.409  -3.559  18.809 0.3000000119
59251  -41.844  -2.679  17.623 0.3000000119
58251  -42.497  -3.226  17.351 0.3000000119
59261  -43.013  -2.954  16.521 0.3000000119
58268  -44.258  -3.792  15.336 0.3000000119
58284  -44.223  -3.291  14.637 0.3000000119
59286  -44.136  -2.849  14.069 0.3000000119
57353  -44.597  -4.248  14.455 0.3000000119
113017  -44.624  -4.504  13.366 0.3000000119
58306  -44.524  -3.796  12.817 0.3000000119
57373  -44.124  -5.291  11.442 0.3000000119
57383  -43.873  -5.208  10.637 0.3000000119
58142  -35.779  -3.220  22.648 0.3000000119
59158  -37.006  -2.723  22.430 0.3000000119
59171  -38.241  -2.470  21.926 0.3000000119
58162  -39.068  -2.846  21.620 0.3000000119
58141  -34.960  -3.673  22.408 0.3000000119
59169  -36.505  -2.198  21.968 0.3000000119
59170  -37.411  -2.238  22.006 0.3000000119
125773  -38.626  -2.134  21.417 0.3000000119
59187  -39.944  -2.597  20.348 0.3000000119
57250  -34.125  -4.386  20.953 0.3000000119
59234  -41.380  -2.826  18.376 0.3000000119
56285  -33.539  -5.802  19.994 0.3000000119
107460  -42.696  -2.259  16.063 0.3000000119
58267  -43.711  -3.526  16.093 0.3000000119
59285  -43.654  -2.521  14.698 0.3000000119
59295  -44.290  -2.888  13.317 0.3000000119
59317  -44.213  -3.225  11.351 0.3000000119
117421  -35.777  -2.122  21.652 0.3000000119
118413  -34.603  -3.036  20.809 0.3000000119
59185  -35.385  -1.863  21.077 0.3000000119
58183  -34.320  -3.683  20.424 0.3000000119
114633  -34.602  -3.532  21.453 0.3000000119
58161  -35.185  -3.087  22.053 0.3000000119
56294  -33.928  -5.220  19.580 0.3000000119
57276  -34.059  -4.453  19.969 0.3000000119
44989  -35.046  -15.516  22.128 0.6999999881
44945  -35.030  -15.850  25.337 0.5000000000
44977  -34.015  -15.262  23.362 0.6000000238
38729  -30.301  -22.388  22.208 0.6000000238
39830  -35.195  -20.916  16.859 0.6999999881
19758  -32.502  -44.602  26.757 0.3000000119
19764  -32.242  -44.702  25.858 0.3000000119
19061  -32.442  -45.435  25.518 0.3000000119
19766  -32.000  -44.915  25.023 0.3000000119
111745  -32.116  -45.755  24.708 0.4000000060
18368  -32.292  -46.884  23.493 0.4000000060
18371  -32.832  -47.015  22.796 0.4000000060
116300  -33.171  -46.268  22.473 0.4000000060
19076  -34.650  -45.737  21.697 0.4000000060
19779  -36.071  -45.492  21.301 0.4000000060
20556  -37.597  -44.238  20.628 0.4000000060
19786  -37.682  -45.370  20.627 0.4000000060
20557  -38.549  -44.260  20.464 0.4000000060
25618  -37.540  -36.813  27.354 0.3000000119
26545  -39.676  -37.333  28.001 0.3000000119
22186  -43.753  -41.455  19.375 0.5000000000
24695  -43.351  -38.276  28.287 0.3000000119
23069  -45.578  -40.417  18.531 0.5000000000
23935  -45.782  -40.276  18.783 0.5000000000
27463  -46.536  -36.337  24.231 0.3000000119
27471  -45.803  -35.236  24.083 0.3000000119
25702  -43.706  -37.144  18.160 0.6000000238
26617  -43.951  -36.640  17.385 0.6000000238
29094  -44.547  -33.678  24.348 0.4000000060
123933  -44.510  -32.717  24.198 0.4000000060
30811  -43.709  -31.773  25.114 0.4000000060
31728  -44.084  -31.125  24.841 0.4000000060
32630  -44.660  -29.949  24.818 0.4000000060
30863  -31.501  -31.109  19.002 0.4000000060
31778  -32.345  -30.382  19.057 0.5000000000
32673  -32.706  -29.545  19.922 0.5000000000
29980  -42.879  -32.334  17.509 0.6999999881
34398  -44.031  -27.851  25.559 0.4000000060
30867  -42.032  -31.535  18.263 0.6999999881
35276  -43.859  -26.863  25.316 0.4000000060
33616  -33.400  -28.523  18.141 0.5000000000
33624  -33.916  -28.090  17.578 0.5000000000
35350  -34.464  -27.028  16.653 0.6000000238
34463  -33.984  -27.514  17.068 0.6000000238
35351  -35.217  -27.084  16.594 0.8000000119
109992  -41.347  -30.814  18.928 0.8000000119
30866  -40.948  -31.533  19.373 0.6999999881
32692  -41.155  -29.257  18.218 0.8000000119
31784  -42.123  -30.562  18.088 0.6999999881
114185  -43.346  -26.211  25.167 0.4000000060
31783  -40.922  -30.140  19.027 0.8000000119
123521  -35.413  -25.754  15.850 0.8000000119
34461  -40.590  -27.737  17.227 0.8000000119
33621  -40.825  -28.463  17.761 0.8000000119
36115  -42.577  -25.954  25.213 0.4000000060
37858  -35.803  -23.331  14.877 0.6999999881
34468  -40.361  -27.010  16.570 0.8000000119
37859  -36.809  -22.885  14.557 0.6999999881
36986  -38.364  -23.724  14.683 0.6999999881
36180  -39.716  -25.422  15.448 0.8000000119
110834  -38.673  -23.756  14.845 0.6999999881
36179  -38.791  -24.787  15.926 0.6000000238
37759  -41.414  -24.424  23.664 0.3000000119
39745  -39.908  -21.655  25.308 0.4000000060
37751  -40.411  -23.443  24.945 0.4000000060
36908  -40.671  -24.204  24.855 0.4000000060
36897  -40.989  -24.832  24.997 0.3000000119
115157  -40.003  -20.769  25.174 0.4000000060
38705  -40.151  -22.592  25.118 0.4000000060
37750  -39.903  -23.176  25.649 0.4000000060
40816  -40.148  -19.937  25.022 0.4000000060
40830  -40.799  -20.482  23.677 0.4000000060
41838  -41.442  -19.287  22.793 0.5000000000
41801  -39.797  -19.234  25.404 0.5000000000
43879  -40.965  -17.404  24.492 0.4000000060
42815  -41.535  -18.349  23.273 0.5000000000
111879  -41.524  -19.404  21.616 0.5000000000
116282  -41.302  -20.036  22.107 0.4000000060
42860  -41.665  -19.082  20.736 0.5000000000
42772  -38.545  -18.525  26.218 0.5000000000
43848  -39.107  -17.662  26.051 0.5000000000
43866  -40.429  -17.598  25.136 0.4000000060
42861  -41.813  -18.700  20.165 0.5000000000
43951  -42.313  -17.917  19.126 0.5000000000
43963  -42.963  -17.620  17.709 0.5000000000
111483  -43.371  -16.868  16.978 0.5000000000
113575  -25.936  -22.233  18.539 0.5000000000
114591  -43.473  -16.135  16.201 0.5000000000
47112  -43.328  -14.599  15.338 0.4000000060
40889  -26.297  -20.958  19.803 0.6000000238
115423  -27.115  -20.982  20.444 0.6000000238
39798  -27.600  -21.799  20.802 0.6000000238
115440  -28.261  -21.154  21.272 0.6000000238
40880  -28.259  -20.323  21.102 0.6000000238
41847  -28.858  -19.883  21.303 0.6000000238
111554  -29.335  -20.230  21.665 0.6000000238
48171  -43.665  -13.659  14.811 0.3000000119
49368  -44.749  -12.485  14.852 0.3000000119
41867  -28.954  -19.142  21.036 0.6000000238
42838  -29.518  -18.653  21.351 0.6000000238
43933  -29.730  -17.191  20.781 0.6000000238
46041  -29.880  -15.535  20.368 0.6000000238
107937  -30.015  -15.131  19.749 0.6000000238
109781  -29.960  -13.673  20.179 0.6000000238
110927  -29.954  -13.002  20.725 0.6000000238
47083  -30.117  -14.366  19.406 0.6000000238
49318  -30.255  -12.313  20.282 0.5000000000
50360  -30.438  -11.588  20.703 0.5000000000
51392  -30.828  -10.873  20.293 0.4000000060
123184  -31.200  -10.253  20.037 0.4000000060
51401  -31.554  -10.143  18.635 0.4000000060
59284  -43.237  -1.764  14.232 0.3000000119
109499  -43.776  -2.288  13.786 0.3000000119
59316  -43.962  -2.460  11.033 0.3000000119
59327  -43.895  -3.363  10.468 0.3000000119
117807  -34.335  -3.697  19.364 0.3000000119
56308  -34.136  -5.373  18.822 0.3000000119
33541  -44.484  -28.579  25.367 0.4000000060
41873  -41.544  -19.667  19.759 0.5000000000
19070  -33.647  -45.509  22.127 0.4000000060
23010  -32.828  -41.149  24.753 0.3000000119
119450  -32.809  -41.553  24.105 0.3000000119
22148  -33.112  -41.642  23.396 0.3000000119
21354  -34.118  -43.077  21.794 0.4000000060
23020  -34.892  -40.008  23.060 0.3000000119
22149  -33.779  -41.126  23.037 0.3000000119
23053  -41.507  -41.026  20.433 0.4000000060
25643  -35.013  -37.758  25.850 0.3000000119
23038  -37.983  -40.333  21.107 0.4000000060
22179  -45.701  -41.377  19.943 0.4000000060
24709  -42.581  -38.479  27.877 0.3000000119
22989  -44.634  -41.267  26.083 0.3000000119
23004  -48.206  -41.789  26.250 0.3000000119
105395  -47.183  -38.954  25.372 0.3000000119
22146  -46.317  -42.803  25.002 0.3000000119
26582  -47.783  -37.806  24.527 0.3000000119
109950  -45.513  -42.662  23.769 0.3000000119
25691  -41.445  -37.276  20.800 0.6000000238
26605  -41.447  -36.614  19.967 0.6000000238
26615  -42.395  -35.712  18.505 0.6999999881
29934  -43.890  -32.526  24.817 0.4000000060
28311  -41.654  -34.028  18.567 0.6999999881
26589  -40.156  -36.873  23.891 0.4000000060
29086  -42.946  -33.165  25.740 0.4000000060
27470  -39.193  -35.639  23.066 0.6000000238
114417  -39.449  -33.905  21.234 0.6999999881
29139  -40.411  -33.701  19.887 0.6999999881
29147  -42.420  -33.205  17.902 0.6999999881
27429  -40.764  -35.210  26.390 0.4000000060
28294  -38.940  -34.478  22.287 0.6000000238
31705  -43.275  -30.120  26.043 0.4000000060
117112  -40.718  -33.014  19.530 0.6999999881
32601  -43.350  -29.299  26.156 0.4000000060
108014  -43.364  -28.107  26.062 0.4000000060
31776  -31.407  -30.929  18.905 0.3000000119
29971  -40.513  -32.246  19.819 0.6999999881
29977  -41.914  -32.508  18.340 0.6999999881
30824  -38.143  -31.874  22.886 0.6000000238
29897  -39.522  -32.664  27.485 0.5000000000
30859  -40.265  -31.543  20.141 0.6999999881
31758  -38.548  -30.505  21.817 0.6999999881
31782  -40.062  -30.213  19.966 0.6999999881
31771  -40.547  -30.850  19.718 0.8000000119
33611  -38.790  -28.360  19.658 0.6999999881
115269  -41.348  -28.179  27.535 0.4000000060
31746  -37.499  -30.537  23.080 0.6999999881
34451  -37.639  -27.432  19.847 0.6000000238
34460  -39.692  -27.455  17.808 0.6999999881
36169  -36.418  -25.719  19.183 0.6000000238
35354  -38.738  -25.726  16.843 0.6999999881
110293  -39.389  -26.112  16.615 0.6999999881
36121  -42.412  -25.442  24.534 0.4000000060
36120  -41.607  -25.185  24.617 0.3000000119
32649  -36.750  -29.328  23.015 0.6000000238
32628  -35.962  -29.434  24.462 0.6999999881
35341  -36.695  -26.459  19.605 0.6000000238
36987  -37.629  -22.898  14.648 0.6999999881
124157  -37.283  -22.041  15.609 0.6999999881
37855  -37.591  -22.734  15.574 0.6999999881
36185  -39.110  -24.131  15.047 0.8000000119
36976  -37.302  -23.656  16.482 0.6999999881
32617  -36.071  -29.907  25.165 0.4000000060
34354  -38.417  -27.392  28.462 0.3000000119
35228  -38.405  -26.589  28.306 0.3000000119
36084  -40.047  -25.816  27.267 0.3000000119
36101  -40.318  -25.284  26.533 0.3000000119
34406  -34.900  -28.078  24.879 0.5000000000
33528  -35.099  -28.334  26.239 0.5000000000
37847  -31.116  -23.670  16.950 0.6999999881
121359  -36.412  -26.546  28.250 0.4000000060
35226  -36.798  -26.923  28.399 0.4000000060
39739  -38.581  -21.522  26.438 0.4000000060
37732  -38.156  -23.768  27.261 0.4000000060
36081  -37.350  -25.238  28.005 0.4000000060
36068  -37.930  -25.970  28.203 0.4000000060
37733  -39.012  -23.987  26.885 0.4000000060
34405  -34.522  -26.878  23.889 0.5000000000
34387  -34.511  -27.121  26.041 0.5000000000
37841  -30.791  -23.553  17.773 0.6999999881
37741  -34.484  -23.715  26.385 0.5000000000
39814  -36.332  -20.602  19.074 0.6999999881
41794  -39.089  -19.317  25.903 0.5000000000
121916  -42.440  -16.635  21.192 0.5000000000
44999  -42.452  -16.078  21.655 0.4000000060
42828  -41.741  -18.481  22.330 0.5000000000
38781  -26.905  -23.075  18.492 0.5000000000
37765  -33.779  -23.069  23.470 0.5000000000
43865  -39.827  -17.683  25.591 0.4000000060
44965  -41.041  -16.492  24.529 0.4000000060
45986  -40.088  -16.401  25.567 0.4000000060
41891  -36.236  -18.828  17.836 0.8000000119
37825  -27.370  -23.110  18.880 0.5000000000
43846  -37.493  -17.425  26.561 0.5000000000
114025  -35.448  -18.763  18.613 0.6000000238
40882  -34.767  -19.602  19.311 0.6000000238
46042  -42.925  -15.406  20.711 0.4000000060
45020  -43.057  -16.212  19.358 0.5000000000
38758  -27.345  -22.602  20.068 0.5000000000
37795  -29.954  -23.536  21.274 0.6999999881
42872  -36.362  -17.658  19.064 0.6999999881
43934  -35.847  -16.594  19.637 0.6999999881
38749  -32.929  -22.041  21.171 0.6000000238
42840  -33.922  -17.773  21.657 0.6000000238
40847  -33.183  -19.916  22.158 0.6000000238
45033  -43.215  -16.726  17.874 0.5000000000
39811  -26.204  -21.824  19.027 0.5000000000
108672  -34.502  -18.726  25.173 0.6000000238
46997  -38.368  -14.496  26.410 0.4000000060
42843  -36.454  -17.081  19.894 0.6999999881
124101  -36.093  -16.166  20.030 0.6999999881
44990  -35.458  -15.954  21.465 0.6999999881
39768  -32.192  -21.451  22.407 0.6000000238
43893  -33.662  -16.230  22.747 0.6000000238
124114  -32.271  -20.768  22.618 0.6000000238
48038  -38.216  -13.634  26.377 0.4000000060
43894  -34.796  -16.224  23.930 0.5000000000
44963  -34.598  -15.538  24.336 0.5000000000
44978  -34.475  -15.538  23.166 0.6000000238
46006  -33.745  -14.546  24.434 0.6999999881
47039  -33.221  -14.059  24.563 0.6000000238
49320  -42.334  -12.549  20.395 0.4000000060
40829  -31.948  -19.202  23.287 0.6000000238
122647  -36.133  -13.327  26.522 0.6000000238
48054  -38.721  -13.117  26.085 0.4000000060
117400  -34.301  -14.694  24.853 0.6999999881
46024  -34.187  -15.174  23.787 0.6000000238
47058  -31.678  -14.386  23.911 0.6000000238
48159  -43.077  -13.734  15.345 0.3000000119
50274  -37.841  -11.866  26.192 0.5000000000
49218  -38.328  -12.443  26.107 0.5000000000
50321  -39.802  -10.913  23.901 0.4000000060
50334  -40.572  -11.342  22.539 0.4000000060
48078  -33.361  -13.485  25.122 0.6000000238
50369  -41.444  -11.083  19.684 0.3000000119
50370  -41.957  -11.525  19.221 0.3000000119
49236  -33.486  -12.177  25.750 0.6000000238
49259  -32.849  -12.703  25.104 0.6000000238
49258  -32.121  -12.799  24.512 0.6000000238
49346  -42.762  -12.356  16.933 0.3000000119
49367  -43.547  -12.707  14.765 0.3000000119
117320  -34.899  -11.829  26.464 0.6000000238
49214  -34.261  -12.059  26.291 0.6000000238
47067  -30.127  -14.785  22.941 0.6000000238
49345  -42.484  -11.802  17.759 0.3000000119
51318  -37.932  -10.351  25.728 0.6000000238
51301  -33.808  -10.718  26.157 0.6000000238
122567  -40.574  -10.346  20.577 0.4000000060
51404  -42.133  -10.610  18.237 0.3000000119
50320  -31.114  -12.103  23.530 0.6000000238
50386  -42.383  -11.179  17.525 0.3000000119
52286  -37.609  -9.595  25.649 0.5000000000
52287  -38.260  -9.656  25.202 0.5000000000
52337  -39.726  -9.065  22.024 0.4000000060
51334  -32.242  -10.481  24.432 0.5000000000
52285  -36.899  -9.137  25.882 0.4000000060
53250  -36.281  -8.440  25.724 0.4000000060
53283  -38.915  -7.994  23.836 0.4000000060
53315  -40.738  -8.116  20.077 0.3000000119
121376  -33.965  -8.773  25.616 0.5000000000
53329  -42.207  -8.239  18.894 0.3000000119
121198  -35.025  -8.141  25.637 0.4000000060
53266  -33.556  -8.540  24.947 0.4000000060
52300  -32.951  -9.110  24.573 0.4000000060
116550  -39.779  -5.966  22.002 0.3000000119
53265  -33.028  -8.321  24.018 0.3000000119
53282  -32.549  -8.685  23.274 0.3000000119
55309  -42.454  -6.654  18.722 0.3000000119
117979  -43.356  -6.129  17.947 0.3000000119
55351  -44.736  -6.711  14.833 0.3000000119
56180  -37.123  -5.837  24.444 0.3000000119
55219  -34.074  -6.195  23.597 0.3000000119
56295  -41.646  -5.794  19.336 0.3000000119
54313  -32.695  -7.710  22.088 0.3000000119
56335  -44.430  -5.775  16.671 0.3000000119
52336  -31.778  -9.188  21.151 0.4000000060
56196  -34.699  -5.648  23.950 0.3000000119
57252  -40.898  -4.887  20.030 0.3000000119
56366  -44.480  -6.240  13.318 0.3000000119
58146  -39.120  -3.549  22.066 0.3000000119
56225  -33.610  -5.884  21.966 0.3000000119
56226  -34.137  -5.172  22.577 0.3000000119
58130  -36.214  -3.737  23.237 0.3000000119
56258  -33.875  -5.145  21.483 0.3000000119
58317  -44.323  -4.206  11.655 0.3000000119
59159  -37.761  -2.867  22.406 0.3000000119
59186  -39.296  -2.177  20.854 0.3000000119
59213  -40.444  -2.610  19.618 0.3000000119
56286  -33.815  -5.160  20.474 0.3000000119
59260  -42.357  -2.501  16.880 0.3000000119
59271  -43.345  -2.671  15.653 0.3000000119
58296  -44.477  -3.535  13.804 0.3000000119
59307  -44.365  -3.049  12.350 0.3000000119
58327  -43.933  -4.198  10.620 0.3000000119
57389  -43.622  -5.038  9.712 0.3000000119
59168  -35.774  -2.616  22.088 0.3000000119
60095  -37.915  -1.794  21.553 0.3000000119
61031  -38.327  -0.780  20.458 0.3000000119
56293  -33.788  -5.897  19.159 0.3000000119
55308  -34.119  -6.007  18.154 0.3000000119
59306  -44.078  -2.283  11.987 0.3000000119
118688  -34.272  -4.672  19.048 0.3000000119
19078  -36.808  -46.588  21.184 0.4000000060
36186  -39.471  -24.677  14.879 0.8000000119
113866  -41.158  -20.270  22.833 0.4000000060
123702  -30.173  -12.969  19.991 0.5000000000
41802  -40.380  -19.093  24.848 0.4000000060
41823  -41.060  -19.606  23.603 0.4000000060
39829  -44.214  -22.648  17.329 0.3000000119
41898  -43.444  -20.880  16.546 0.4000000060
40912  -44.852  -21.999  16.335 0.3000000119
42883  -42.291  -19.727  17.950 0.4000000060
111806  -41.935  -19.030  19.294 0.4000000060
41902  -45.277  -20.436  15.241 0.3000000119
42891  -43.351  -19.537  16.367 0.4000000060
41901  -43.880  -20.470  15.841 0.3000000119
42800  -40.654  -18.271  24.680 0.3000000119
43972  -42.561  -18.694  17.869 0.4000000060
43973  -43.100  -18.583  17.074 0.4000000060
43980  -43.697  -18.076  15.091 0.3000000119
45062  -44.208  -17.166  14.596 0.3000000119
43982  -43.929  -17.954  14.718 0.3000000119
45054  -43.467  -17.214  15.806 0.4000000060
46100  -44.169  -16.239  14.695 0.3000000119
46099  -43.733  -16.509  14.831 0.3000000119
46093  -43.549  -15.740  14.987 0.3000000119
119859  -43.636  -15.354  14.888 0.3000000119
46086  -43.430  -15.458  15.358 0.3000000119
40888  -25.689  -20.317  19.317 0.5000000000
42865  -25.727  -18.847  19.481 0.5000000000
41864  -26.281  -20.103  19.956 0.5000000000
42866  -26.485  -18.541  19.907 0.5000000000
42855  -27.742  -19.275  20.570 0.5000000000
47126  -45.424  -14.996  15.021 0.3000000119
125874  -43.410  -15.087  15.020 0.3000000119
42867  -27.559  -18.530  20.291 0.5000000000
43932  -29.429  -17.735  20.504 0.5000000000
43959  -26.932  -16.957  19.229 0.5000000000
45029  -28.601  -16.614  18.578 0.5000000000
43960  -28.094  -17.058  19.265 0.5000000000
43961  -29.247  -17.001  18.954 0.4000000060
45028  -27.512  -16.357  18.603 0.5000000000
45027  -26.456  -16.555  18.656 0.5000000000
45017  -29.720  -16.921  19.212 0.5000000000
45045  -29.375  -16.455  18.113 0.4000000060
108867  -30.201  -16.144  18.736 0.5000000000
45044  -28.429  -16.123  18.032 0.4000000060
46071  -29.739  -16.114  17.520 0.4000000060
108318  -30.250  -15.346  18.983 0.5000000000
45031  -30.066  -16.256  18.040 0.4000000060
46084  -28.833  -15.385  16.831 0.4000000060
46072  -30.174  -15.860  17.424 0.5000000000
46085  -29.747  -15.703  16.862 0.4000000060
109309  -30.387  -13.846  18.645 0.4000000060
107298  -30.615  -14.915  16.710 0.5000000000
47092  -30.420  -14.787  18.416 0.4000000060
110292  -30.253  -15.517  16.865 0.3000000119
107228  -30.613  -14.324  17.762 0.4000000060
49325  -30.407  -12.480  19.349 0.4000000060
48140  -30.629  -13.362  18.060 0.3000000119
127207  -30.759  -14.863  15.852 0.3000000119
48152  -30.859  -13.856  17.130 0.3000000119
49332  -30.682  -12.504  18.418 0.3000000119
50376  -30.804  -11.658  18.850 0.3000000119
49343  -30.964  -12.783  17.509 0.3000000119
119610  -31.038  -14.378  16.137 0.3000000119
48153  -31.219  -13.289  16.530 0.3000000119
50367  -30.598  -11.595  19.792 0.3000000119
49333  -31.149  -11.817  17.918 0.3000000119
50377  -31.317  -10.948  18.327 0.3000000119
50368  -31.103  -10.744  19.334 0.3000000119
117214  -31.836  -11.928  16.051 0.3000000119
49344  -31.434  -12.060  16.858 0.3000000119
50385  -31.558  -11.110  17.429 0.3000000119
51412  -31.732  -10.349  17.774 0.3000000119
42881  -25.195  -18.689  18.997 0.5000000000
41893  -44.665  -21.613  17.633 0.3000000119
106016  -42.035  -20.208  18.388 0.4000000060
42880  -24.671  -18.498  18.403 0.4000000060
43943  -25.754  -18.109  19.385 0.5000000000
43958  -25.882  -17.239  18.967 0.4000000060
46070  -29.104  -15.961  17.423 0.5000000000
42786  -39.434  -18.469  25.741 0.4000000060
42801  -41.150  -18.234  24.040 0.4000000060
40822  -40.422  -20.604  24.495 0.4000000060
42787  -40.132  -18.390  25.270 0.3000000119
41872  -41.280  -20.279  20.394 0.4000000060
43962  -42.521  -17.983  18.417 0.4000000060
40878  -26.792  -20.308  20.292 0.5000000000
40879  -27.564  -20.090  20.646 0.5000000000
41866  -28.302  -19.568  20.885 0.5000000000
42857  -29.059  -18.412  20.604 0.5000000000
43948  -29.731  -17.045  19.838 0.5000000000
46050  -30.103  -15.913  19.531 0.5000000000
48133  -30.215  -13.385  19.388 0.4000000060
41894  -45.068  -21.539  16.759 0.3000000119
40910  -43.563  -22.524  17.445 0.4000000060
125267  -44.806  -21.981  16.231 0.3000000119
42890  -42.791  -19.918  17.250 0.4000000060
41892  -42.594  -21.326  17.685 0.4000000060
42894  -43.857  -19.351  15.333 0.3000000119
40917  -44.640  -20.564  15.407 0.3000000119
43976  -43.447  -18.378  16.052 0.4000000060
45061  -43.890  -17.335  14.716 0.3000000119
45058  -43.662  -17.170  14.907 0.3000000119
46094  -44.548  -15.480  14.814 0.3000000119
40900  -25.068  -20.077  18.667 0.5000000000
41888  -24.827  -19.307  18.601 0.5000000000
41876  -25.385  -19.470  19.144 0.5000000000
43944  -26.552  -17.670  19.588 0.5000000000
41865  -26.876  -19.450  20.297 0.5000000000
115456  -27.148  -17.924  19.993 0.5000000000
42856  -28.377  -18.839  20.597 0.5000000000
43945  -27.957  -17.768  19.870 0.5000000000
42868  -28.533  -18.148  20.206 0.5000000000
43947  -29.383  -17.281  19.660 0.5000000000
119187  -27.353  -17.458  19.612 0.5000000000
45030  -29.860  -16.630  18.676 0.4000000060
43946  -28.833  -17.551  19.637 0.4000000060
46060  -30.337  -15.662  18.151 0.5000000000
120098  -30.420  -13.085  18.773 0.3000000119
41881  -41.598  -21.098  19.132 0.4000000060
34471  -37.409  -26.658  16.281 0.6999999881
35355  -40.170  -26.239  15.871 0.6999999881
36187  -39.874  -25.319  14.777 0.6999999881
35366  -39.749  -25.346  14.705 0.6999999881
35361  -39.412  -25.872  14.701 0.6999999881
35359  -36.970  -26.156  15.860 0.6999999881
36191  -39.450  -24.854  14.739 0.6999999881
35360  -38.187  -26.008  15.282 0.6999999881
36184  -36.568  -25.508  15.497 0.6999999881
116404  -35.840  -26.393  16.143 0.6999999881
38710  -40.543  -22.971  24.338 0.3000000119
39746  -40.386  -22.061  24.527 0.3000000119
39770  -40.866  -22.318  21.874 0.3000000119
40831  -40.868  -21.273  22.841 0.3000000119
39755  -40.763  -22.272  22.893 0.3000000119
36190  -38.763  -24.554  14.623 0.6999999881
35364  -37.868  -25.324  14.990 0.6999999881
39750  -40.606  -21.474  23.843 0.3000000119
39802  -41.364  -22.403  20.055 0.3000000119
118165  -42.043  -23.226  19.699 0.3000000119
36189  -37.544  -24.507  14.751 0.6000000238
36188  -35.970  -24.594  15.302 0.6999999881
124522  -40.291  -21.294  24.708 0.3000000119
40868  -41.036  -21.253  20.672 0.3000000119
40884  -41.435  -21.745  19.555 0.3000000119
40892  -42.397  -22.576  18.700 0.3000000119
115839  -41.228  -20.350  21.343 0.3000000119
40905  -43.542  -22.710  17.874 0.3000000119
109108  -40.625  -19.773  24.343 0.3000000119
105784  -42.391  -21.906  18.270 0.3000000119
41811  -40.861  -18.969  24.215 0.3000000119
33628  -41.486  -28.085  16.517 0.6999999881
32697  -42.240  -29.355  16.906 0.6999999881
34470  -41.670  -27.842  15.400 0.6999999881
34458  -37.232  -27.678  17.757 0.6999999881
34469  -41.211  -27.343  15.920 0.6999999881
34477  -41.281  -27.214  14.830 0.6999999881
34475  -40.273  -25.982  14.741 0.6999999881
111266  -36.779  -27.141  17.146 0.6999999881
35362  -40.434  -25.963  14.888 0.6999999881
35352  -36.217  -26.783  16.599 0.6999999881
37758  -40.836  -23.895  24.100 0.3000000119
125434  -40.841  -23.351  23.604 0.3000000119
119470  -40.918  -22.818  22.321 0.3000000119
116280  -41.508  -23.179  20.688 0.3000000119
38774  -42.989  -23.462  19.250 0.3000000119
39816  -42.161  -22.952  19.131 0.3000000119
40893  -43.559  -22.921  18.560 0.3000000119
40850  -41.024  -21.032  21.826 0.3000000119
39789  -40.950  -22.042  20.987 0.3000000119
22193  -41.905  -41.998  18.562 0.4000000060
127280  -41.832  -41.098  18.391 0.4000000060
23067  -43.557  -40.931  18.252 0.4000000060
21373  -42.209  -42.657  19.009 0.4000000060
23065  -40.968  -40.808  18.427 0.4000000060
24794  -44.653  -38.549  17.736 0.5000000000
23946  -44.623  -39.408  17.608 0.4000000060
23942  -44.180  -40.080  17.739 0.4000000060
23941  -43.061  -40.165  17.842 0.4000000060
22194  -42.889  -41.781  18.659 0.4000000060
23945  -43.793  -39.114  17.369 0.5000000000
23940  -41.828  -40.166  18.204 0.4000000060
23944  -42.502  -39.198  17.657 0.4000000060
120984  -45.535  -39.904  18.180 0.4000000060
24799  -44.446  -38.616  17.461 0.5000000000
116025  -43.119  -38.384  17.201 0.5000000000
24793  -41.369  -39.004  18.092 0.5000000000
25705  -44.258  -37.619  17.067 0.5000000000
25704  -43.871  -37.041  16.695 0.5000000000
117001  -40.924  -38.125  17.991 0.5000000000
24792  -39.860  -38.125  18.376 0.5000000000
117005  -38.969  -37.801  18.499 0.5000000000
25703  -42.978  -37.490  16.815 0.5000000000
26621  -43.649  -36.147  16.660 0.6000000238
109315  -42.264  -36.610  16.892 0.5000000000
25701  -40.440  -37.281  17.958 0.5000000000
26613  -39.062  -36.347  18.321 0.6000000238
25700  -39.445  -37.163  18.300 0.5000000000
27496  -39.087  -34.956  18.219 0.5000000000
27499  -43.786  -35.900  17.148 0.6000000238
119685  -43.249  -36.623  16.585 0.6000000238
27506  -43.647  -35.710  16.712 0.6000000238
26619  -41.031  -36.535  17.480 0.5000000000
26614  -39.982  -36.424  17.979 0.6000000238
27500  -39.964  -34.895  17.649 0.6000000238
28310  -39.349  -34.343  18.007 0.5000000000
29974  -37.615  -32.748  19.750 0.5000000000
29142  -38.194  -33.882  19.021 0.5000000000
29145  -38.629  -33.523  18.615 0.5000000000
29975  -38.234  -32.975  19.086 0.5000000000
31755  -34.554  -29.464  21.540 0.4000000060
27505  -43.439  -35.310  16.511 0.6000000238
32676  -35.228  -29.191  20.835 0.5000000000
28319  -43.320  -34.523  16.363 0.6000000238
27504  -42.922  -34.934  16.317 0.5000000000
31756  -35.643  -30.253  21.252 0.5000000000
28318  -42.861  -34.187  16.268 0.6000000238
28315  -41.880  -34.480  16.604 0.6000000238
32677  -36.075  -29.553  20.431 0.5000000000
28314  -40.740  -34.435  17.238 0.6000000238
29149  -39.958  -33.224  17.479 0.6000000238
28313  -39.964  -34.028  17.560 0.5000000000
30857  -37.404  -31.975  20.119 0.5000000000
29146  -39.241  -33.580  18.088 0.5000000000
29978  -38.863  -32.881  18.451 0.5000000000
29979  -39.411  -32.762  17.885 0.5000000000
32648  -34.006  -29.860  22.272 0.4000000060
32675  -34.452  -28.849  20.947 0.5000000000
31735  -33.016  -30.955  23.188 0.4000000060
33593  -34.685  -28.434  20.267 0.5000000000
28316  -43.569  -34.659  16.776 0.6000000238
33595  -36.360  -29.094  19.855 0.5000000000
108669  -43.491  -33.049  16.280 0.6000000238
33610  -36.997  -28.979  19.189 0.5000000000
29151  -42.403  -33.648  16.358 0.6000000238
29150  -40.989  -33.645  16.955 0.6000000238
29985  -41.561  -32.038  16.445 0.6000000238
30864  -37.980  -32.105  19.448 0.5000000000
116634  -40.671  -32.729  16.954 0.6000000238
30865  -38.600  -32.092  18.767 0.5000000000
30868  -39.137  -31.630  18.215 0.5000000000
31785  -38.664  -31.202  18.682 0.5000000000
32661  -33.587  -29.313  21.635 0.4000000060
33592  -33.850  -28.618  20.489 0.5000000000
31743  -32.701  -30.442  22.564 0.4000000060
33608  -35.255  -28.143  19.593 0.5000000000
119514  -36.392  -27.428  17.933 0.5000000000
34457  -36.540  -27.990  18.654 0.5000000000
30870  -43.224  -31.527  17.072 0.6000000238
29981  -43.471  -32.251  16.547 0.6000000238
33618  -37.554  -28.454  18.272 0.5000000000
32689  -36.825  -29.726  19.863 0.5000000000
30875  -43.307  -31.633  15.987 0.6000000238
31769  -37.682  -31.325  19.693 0.5000000000
29983  -40.440  -31.983  16.981 0.5000000000
127089  -38.239  -29.968  18.832 0.5000000000
32695  -38.693  -30.422  18.483 0.5000000000
31786  -39.229  -30.884  18.085 0.5000000000
33607  -34.360  -28.163  19.246 0.5000000000
34466  -37.822  -27.306  16.707 0.6000000238
33625  -38.207  -28.017  17.241 0.5000000000
113351  -42.788  -30.877  17.387 0.6000000238
30874  -42.639  -31.225  15.915 0.6000000238
33619  -38.482  -28.857  17.720 0.5000000000
32690  -37.605  -29.859  19.302 0.5000000000
31795  -42.974  -30.466  15.906 0.6000000238
120911  -38.667  -29.665  18.157 0.5000000000
31791  -40.908  -30.439  16.398 0.5000000000
32696  -39.323  -30.135  17.685 0.5000000000
32699  -40.242  -29.803  16.620 0.5000000000
113558  -33.310  -29.010  20.763 0.4000000060
34449  -34.950  -27.779  18.810 0.4000000060
31754  -32.343  -30.140  21.627 0.4000000060
34472  -38.563  -26.678  15.568 0.6000000238
34467  -38.903  -27.459  15.975 0.6000000238
106069  -42.421  -29.630  15.879 0.6000000238
33626  -39.323  -28.350  16.374 0.5000000000
32698  -39.378  -29.295  17.152 0.5000000000
32703  -41.636  -28.105  15.191 0.6000000238
33627  -40.368  -28.866  15.916 0.5000000000
114278  -33.877  -28.419  19.696 0.5000000000
34455  -34.749  -27.749  17.820 0.4000000060
33617  -34.065  -28.313  18.162 0.4000000060
33606  -33.548  -28.667  18.647 0.4000000060
34473  -39.791  -26.635  14.840 0.6000000238
33630  -40.046  -27.494  15.184 0.6000000238
33631  -40.404  -28.117  15.355 0.5000000000
31768  -36.564  -30.355  20.450 0.5000000000
31779  -37.321  -30.518  19.823 0.5000000000
111623  -37.034  -31.173  20.313 0.5000000000
31767  -32.260  -30.199  20.244 0.4000000060
22195  -44.042  -41.349  18.783 0.4000000060
26620  -44.075  -36.593  16.844 0.6000000238
111365  -43.474  -33.801  16.589 0.6000000238
122346  -41.533  -30.361  18.581 0.6000000238
31788  -42.784  -30.177  16.885 0.6000000238
33622  -41.689  -28.725  17.061 0.6000000238
32702  -41.998  -28.742  15.729 0.6000000238
32700  -42.694  -29.651  16.009 0.6000000238
33635  -41.446  -27.694  14.894 0.6000000238
34476  -40.756  -26.810  14.688 0.6000000238
34465  -35.592  -27.343  17.259 0.5000000000
24797  -42.047  -38.257  17.540 0.5000000000
24796  -41.576  -37.379  17.448 0.5000000000
27501  -41.117  -35.101  17.147 0.6000000238
27502  -42.118  -35.239  16.627 0.6000000238
33594  -35.679  -28.763  20.166 0.5000000000
29154  -43.311  -33.565  16.196 0.6000000238
29982  -39.619  -31.985  17.620 0.5000000000
29986  -42.789  -32.218  15.967 0.6000000238
29987  -43.385  -32.602  16.035 0.6000000238
31790  -39.877  -30.665  17.268 0.5000000000
31792  -43.117  -30.432  16.089 0.6000000238
31794  -42.118  -30.326  15.852 0.6000000238
32701  -41.523  -29.192  15.632 0.6000000238
33632  -41.180  -28.211  15.090 0.5000000000
29105  -45.042  -33.258  23.733 0.3000000119
28274  -45.214  -34.261  24.013 0.3000000119
29944  -45.060  -32.523  23.607 0.3000000119
29106  -45.679  -33.645  23.296 0.3000000119
30838  -45.495  -31.981  23.177 0.3000000119
30827  -45.863  -31.205  23.010 0.3000000119
30812  -44.273  -31.875  24.489 0.3000000119
30825  -44.814  -31.916  23.821 0.3000000119
30826  -45.237  -31.234  23.619 0.3000000119
31737  -45.693  -30.542  23.531 0.3000000119
31729  -44.484  -30.623  24.648 0.3000000119
31730  -45.087  -30.484  24.177 0.3000000119
36123  -44.657  -25.517  24.367 0.3000000119
35288  -44.122  -26.019  24.838 0.3000000119
36911  -44.239  -25.110  23.886 0.3000000119
36122  -43.261  -25.693  24.694 0.3000000119
36910  -43.210  -25.187  23.965 0.3000000119
115470  -43.899  -25.490  24.350 0.3000000119
112130  -39.881  -39.120  18.502 0.4000000060
28285  -46.061  -34.558  23.418 0.3000000119
29119  -46.060  -33.125  22.699 0.3000000119
24791  -38.922  -38.694  18.581 0.4000000060
30839  -46.308  -31.834  22.415 0.3000000119
117208  -46.441  -31.098  22.500 0.3000000119
32631  -45.246  -29.661  24.488 0.3000000119
33542  -45.135  -28.449  24.981 0.3000000119
119747  -44.663  -26.617  24.964 0.3000000119
35289  -45.068  -26.093  24.682 0.3000000119
35290  -45.485  -26.845  24.789 0.3000000119
36124  -45.483  -25.555  24.376 0.3000000119
36912  -45.091  -25.004  24.007 0.3000000119
36924  -43.843  -24.734  23.388 0.3000000119
120139  -45.920  -32.447  22.728 0.3000000119
32640  -46.230  -29.789  23.559 0.3000000119
118194  -29.299  -42.330  28.177 0.4000000060
22118  -29.445  -41.669  27.674 0.3000000119
111464  -29.542  -41.032  27.159 0.3000000119
23853  -29.878  -39.754  26.744 0.3000000119
27484  -36.331  -34.875  21.028 0.4000000060
122366  -37.100  -34.592  20.028 0.4000000060
27487  -36.071  -35.605  20.880 0.4000000060
26602  -36.016  -36.243  20.153 0.4000000060
29128  -36.433  -33.531  21.291 0.4000000060
29137  -37.326  -33.245  20.064 0.4000000060
122887  -37.255  -33.908  20.063 0.4000000060
29141  -37.715  -33.529  19.554 0.4000000060
28307  -37.646  -34.413  19.472 0.4000000060
27493  -37.769  -35.163  19.084 0.4000000060
121267  -38.394  -35.044  18.640 0.4000000060
26607  -36.440  -36.496  19.448 0.4000000060
26608  -37.204  -35.972  19.164 0.4000000060
29940  -33.389  -32.674  23.713 0.3000000119
30856  -36.708  -31.861  20.843 0.4000000060
28309  -38.701  -34.267  18.491 0.4000000060
30834  -33.800  -31.179  23.145 0.3000000119
29939  -32.581  -32.286  23.530 0.3000000119
27495  -37.987  -35.756  18.731 0.4000000060
27494  -38.145  -34.556  18.929 0.4000000060
26600  -35.670  -36.269  20.917 0.4000000060
29136  -36.920  -33.383  20.593 0.4000000060
111434  -36.337  -35.721  20.293 0.4000000060
27492  -37.181  -35.198  19.639 0.4000000060
113285  -35.470  -46.748  21.594 0.3000000119
19077  -35.728  -46.068  21.470 0.3000000119
19780  -37.021  -45.897  20.945 0.3000000119
115624  -38.574  -45.200  20.341 0.3000000119
20558  -39.455  -45.239  20.055 0.3000000119
117341  -38.826  -45.564  19.757 0.3000000119
108364  -38.538  -44.570  19.159 0.3000000119
109662  -37.379  -43.878  19.184 0.3000000119
21371  -39.138  -44.088  18.830 0.3000000119
21370  -37.878  -43.377  18.950 0.3000000119
120104  -36.925  -42.886  19.189 0.3000000119
22192  -40.180  -42.763  18.524 0.3000000119
22191  -38.920  -42.163  18.582 0.3000000119
106296  -40.658  -41.923  18.461 0.3000000119
119091  -39.845  -40.685  18.494 0.3000000119
21364  -39.522  -44.184  20.285 0.3000000119
23064  -39.422  -41.478  18.518 0.3000000119
117676  -38.680  -45.880  20.136 0.3000000119
18377  -34.261  -46.460  21.959 0.4000000060
19069  -32.677  -45.383  22.580 0.4000000060
19771  -32.378  -44.511  22.765 0.4000000060
20539  -31.883  -44.294  24.441 0.3000000119
20543  -32.257  -43.693  23.076 0.4000000060
20555  -36.626  -44.095  20.835 0.4000000060
21344  -32.322  -42.946  23.421 0.4000000060
21374  -42.972  -41.943  18.940 0.4000000060
21375  -38.384  -42.788  18.709 0.3000000119
21376  -39.655  -43.441  18.613 0.3000000119
22128  -47.327  -42.348  26.099 0.3000000119
22135  -46.168  -43.005  24.963 0.3000000119
22155  -33.496  -41.920  22.631 0.4000000060
22171  -37.306  -42.135  20.678 0.4000000060
22187  -45.057  -41.332  19.436 0.5000000000
22188  -45.877  -41.231  19.500 0.4000000060
22978  -29.636  -40.252  27.419 0.3000000119
22985  -29.690  -40.520  26.523 0.3000000119
23029  -36.072  -40.051  22.035 0.3000000119
23054  -46.092  -41.223  19.872 0.4000000060
23060  -46.032  -40.896  19.204 0.5000000000
23066  -42.542  -41.122  18.357 0.4000000060
23068  -44.707  -40.659  18.300 0.5000000000
23070  -45.101  -39.967  17.893 0.4000000060
23845  -43.104  -39.231  27.294 0.3000000119
23888  -41.610  -40.036  24.390 0.3000000119
23908  -37.364  -39.192  22.334 0.3000000119
23919  -38.521  -39.681  21.506 0.3000000119
23923  -45.887  -41.057  20.483 0.4000000060
23934  -45.589  -39.836  19.133 0.5000000000
23939  -40.724  -39.613  18.381 0.3000000119
23943  -45.058  -39.350  17.840 0.4000000060
24707  -41.012  -38.248  27.096 0.3000000119
24751  -37.839  -38.198  24.193 0.3000000119
24761  -35.814  -38.844  23.760 0.3000000119
24762  -36.504  -38.771  23.315 0.3000000119
24782  -42.718  -38.164  20.198 0.6000000238
24795  -45.343  -39.586  18.279 0.4000000060
24798  -43.937  -37.993  16.919 0.5000000000
25648  -41.083  -37.072  25.170 0.4000000060
25679  -40.707  -37.324  23.373 0.4000000060
25687  -35.410  -36.843  20.370 0.4000000060
25696  -44.249  -37.985  18.305 0.5000000000
26603  -36.621  -35.801  19.804 0.4000000060
26609  -42.217  -36.524  19.143 0.6000000238
26618  -40.500  -35.729  17.554 0.6000000238
27427  -39.481  -34.641  26.421 0.4000000060
27454  -30.068  -34.915  24.694 0.5000000000
27460  -39.096  -35.772  23.933 0.5000000000
27469  -38.716  -35.102  23.454 0.6000000238
27488  -36.645  -35.162  20.336 0.4000000060
27490  -40.587  -35.139  20.010 0.6999999881
27503  -43.654  -35.284  16.736 0.6000000238
28242  -40.315  -34.620  26.603 0.4000000060
28272  -44.068  -33.994  24.866 0.4000000060
28279  -29.378  -34.447  23.453 0.5000000000
28293  -38.559  -34.415  22.969 0.6000000238
28300  -36.715  -34.249  20.680 0.4000000060
28305  -39.783  -34.485  20.932 0.6999999881
28317  -43.491  -34.983  16.542 0.6000000238
29074  -39.236  -33.859  26.818 0.5000000000
29084  -37.726  -33.312  25.651 0.5000000000
29085  -38.104  -33.767  26.036 0.5000000000
29104  -37.863  -33.560  24.170 0.6000000238
29117  -38.643  -33.686  22.474 0.6000000238
29129  -38.842  -32.918  22.010 0.6000000238
29148  -43.441  -33.105  16.936 0.6999999881
29152  -43.383  -34.085  16.442 0.6000000238
29153  -41.884  -32.877  16.426 0.6000000238
29915  -38.246  -32.766  27.063 0.5000000000
29938  -31.832  -32.826  23.412 0.5000000000
29945  -45.507  -32.809  23.194 0.3000000119
29949  -31.308  -32.561  22.730 0.5000000000
29952  -46.502  -32.619  22.206 0.3000000119
29958  -30.934  -32.217  21.761 0.5000000000
29961  -39.551  -32.200  20.984 0.6000000238
29968  -36.597  -32.733  21.093 0.4000000060
29969  -37.117  -32.654  20.419 0.5000000000
29984  -43.496  -32.214  16.155 0.6000000238
30752  -38.414  -30.941  28.286 0.5000000000
30769  -39.578  -31.903  27.902 0.5000000000
30788  -42.051  -31.672  26.764 0.4000000060
30801  -37.122  -31.951  25.442 0.5000000000
30802  -42.598  -31.697  26.248 0.4000000060
30813  -44.650  -31.223  24.228 0.3000000119
30820  -32.489  -31.547  23.254 0.3000000119
30821  -33.230  -31.728  23.467 0.3000000119
30848  -39.401  -31.445  21.161 0.6999999881
30869  -39.565  -31.301  17.673 0.5000000000
30871  -40.236  -31.283  17.090 0.5000000000
30872  -41.290  -31.226  16.402 0.6000000238
30873  -43.403  -31.569  16.256 0.6000000238
31688  -40.737  -29.976  28.021 0.4000000060
31718  -36.227  -30.402  25.986 0.5000000000
31727  -36.988  -30.953  24.241 0.6000000238
31738  -46.303  -30.543  22.979 0.3000000119
31757  -36.417  -30.983  20.899 0.5000000000
31770  -39.825  -30.920  20.538 0.6999999881
31777  -31.917  -30.715  18.851 0.4000000060
31780  -38.101  -30.673  19.196 0.5000000000
31781  -38.237  -31.485  19.195 0.5000000000
31787  -41.905  -29.912  18.028 0.6000000238
31789  -43.251  -30.887  16.482 0.6000000238
31793  -43.292  -30.975  15.977 0.6000000238
32568  -36.905  -29.124  28.282 0.4000000060
32586  -35.791  -29.107  27.205 0.4000000060
32619  -44.272  -29.381  25.372 0.4000000060
32620  -44.872  -29.164  24.981 0.3000000119
32629  -36.358  -29.979  24.452 0.4000000060
32637  -36.478  -29.656  23.795 0.6999999881
32639  -45.615  -29.977  23.995 0.3000000119
32647  -33.131  -29.784  22.178 0.4000000060
32660  -32.807  -29.479  21.192 0.4000000060
32674  -33.209  -29.022  19.458 0.5000000000
33495  -37.114  -28.311  28.441 0.4000000060
33496  -37.961  -28.216  28.545 0.4000000060
33497  -39.616  -28.729  28.410 0.4000000060
33518  -41.052  -28.689  27.798 0.4000000060
33519  -41.689  -28.740  27.372 0.4000000060
33572  -37.104  -28.996  22.250 0.6999999881
33605  -32.936  -28.749  18.265 0.5000000000
33609  -36.121  -28.440  19.483 0.5000000000
33612  -39.477  -28.976  19.594 0.6999999881
33623  -33.360  -28.213  17.865 0.5000000000
33629  -42.110  -28.631  15.929 0.6000000238
33633  -41.754  -28.116  15.307 0.6999999881
33634  -40.992  -27.572  14.756 0.5000000000
33636  -41.585  -27.663  14.985 0.6000000238
34371  -40.023  -27.190  28.054 0.4000000060
34372  -40.704  -27.923  27.868 0.4000000060
34390  -42.641  -27.893  26.472 0.4000000060
34396  -34.510  -27.353  25.177 0.5000000000
34432  -37.047  -27.942  21.205 0.6000000238
34443  -37.375  -27.680  20.500 0.6000000238
34448  -32.478  -27.940  18.561 0.4000000060
34450  -35.691  -27.892  19.042 0.5000000000
34456  -35.641  -27.560  18.327 0.5000000000
34459  -38.876  -27.176  18.266 0.6999999881
34464  -34.573  -27.547  17.075 0.4000000060
34474  -41.390  -27.165  14.983 0.6999999881
35243  -35.995  -27.025  28.146 0.4000000060
35247  -41.133  -26.807  27.110 0.4000000060
35287  -34.204  -26.276  24.409 0.5000000000
35302  -34.395  -26.160  23.452 0.6000000238
35315  -34.479  -25.825  22.809 0.6000000238
35335  -36.374  -26.706  20.362 0.6000000238
35339  -30.779  -26.266  19.250 0.6000000238
35348  -39.532  -26.733  17.192 0.8000000119
35356  -40.924  -26.632  15.254 0.6999999881
35358  -34.945  -26.513  16.247 0.6999999881
35363  -40.932  -26.609  14.786 0.6999999881
35365  -39.043  -25.251  14.610 0.6999999881
36175  -30.029  -23.996  16.830 0.6000000238
36183  -34.747  -25.099  15.750 0.6999999881
36874  -38.505  -24.445  27.376 0.4000000060
36896  -40.576  -24.498  25.421 0.4000000060
36909  -41.185  -24.617  24.293 0.3000000119
36968  -28.943  -23.907  17.509 0.5000000000
36972  -29.608  -23.835  17.198 0.5000000000
36973  -29.909  -23.920  16.933 0.6000000238
36974  -30.353  -23.905  16.849 0.6000000238
36981  -38.237  -23.153  15.208 0.6999999881
36982  -39.071  -24.276  14.789 0.8000000119
36985  -37.112  -23.608  14.620 0.6999999881
37742  -38.653  -23.099  26.771 0.4000000060
37744  -40.266  -23.908  25.544 0.4000000060
37796  -30.936  -23.512  21.313 0.6999999881
37798  -34.630  -23.521  21.115 0.6000000238
37832  -35.555  -23.521  18.972 0.6000000238
37844  -35.891  -23.267  18.212 0.6999999881
37852  -32.711  -23.721  16.307 0.8000000119
37853  -33.368  -23.317  15.943 0.6999999881
37856  -38.146  -22.879  14.889 0.6999999881
37861  -37.101  -22.332  14.570 0.6999999881
38685  -35.903  -22.909  27.218 0.5000000000
38687  -37.700  -22.979  27.172 0.5000000000
38694  -34.721  -22.191  26.308 0.5000000000
38697  -37.210  -22.216  27.047 0.5000000000
38715  -40.669  -22.548  23.673 0.3000000119
38716  -41.029  -23.276  22.769 0.3000000119
38730  -30.985  -22.326  22.344 0.6000000238
38733  -41.300  -23.353  21.784 0.3000000119
38747  -30.551  -23.002  21.916 0.6000000238
38751  -35.233  -21.672  20.934 0.6000000238
38792  -37.269  -21.267  14.919 0.6999999881
38794  -37.549  -22.127  14.835 0.6999999881
39786  -32.863  -21.431  21.722 0.6000000238
39817  -43.092  -23.242  18.814 0.3000000119
39827  -36.287  -21.215  18.519 0.6999999881
39828  -43.957  -22.837  17.569 0.3000000119
39833  -44.589  -22.300  16.691 0.3000000119
39834  -35.419  -20.973  15.802 0.8000000119
39837  -35.661  -21.068  15.056 0.6999999881
39838  -36.406  -20.716  14.974 0.6999999881
39839  -36.934  -20.781  15.061 0.6999999881
39840  -36.802  -21.017  14.774 0.6999999881
40804  -35.598  -20.427  26.458 0.5000000000
40805  -36.272  -20.730  26.623 0.5000000000
40814  -34.598  -20.457  25.848 0.5000000000
40903  -35.929  -19.121  17.405 0.6999999881
40907  -44.665  -22.359  17.058 0.3000000119
40908  -36.105  -19.539  16.949 0.6999999881
40911  -43.894  -22.216  16.842 0.4000000060
40914  -44.482  -21.592  16.160 0.3000000119
40915  -44.997  -21.346  15.746 0.3000000119
41789  -34.863  -19.268  25.980 0.5000000000
41792  -37.019  -19.599  26.549 0.6000000238
41812  -41.246  -18.884  23.616 0.5000000000
41871  -36.563  -18.454  18.950 0.8000000119
41877  -26.023  -19.462  19.742 0.5000000000
41889  -35.841  -18.678  17.869 0.6000000238
41896  -36.226  -19.411  17.265 0.6999999881
41897  -43.118  -21.384  17.155 0.4000000060
41899  -45.233  -21.129  15.918 0.3000000119
41900  -36.189  -19.694  16.792 0.6999999881
41903  -45.064  -20.434  15.103 0.3000000119
42810  -31.510  -18.417  23.312 0.6000000238
42842  -36.353  -17.081  20.836 0.6999999881
42869  -29.120  -17.844  20.070 0.5000000000
42873  -42.238  -18.878  18.546 0.4000000060
42882  -36.099  -18.105  18.393 0.6999999881
43891  -32.055  -17.689  23.414 0.6000000238
43906  -34.600  -15.794  22.017 0.6000000238
43909  -42.283  -16.796  21.794 0.5000000000
43920  -36.224  -16.368  20.278 0.6999999881
43935  -36.210  -16.443  19.847 0.6999999881
43949  -36.106  -16.447  19.756 0.6999999881
43950  -36.218  -16.835  19.569 0.6999999881
44922  -35.768  -16.730  26.307 0.5000000000
44925  -37.864  -16.720  26.531 0.5000000000
44926  -38.819  -16.812  26.277 0.4000000060
44947  -39.579  -16.938  25.847 0.5000000000
44948  -40.144  -17.079  25.472 0.4000000060
44992  -42.226  -16.138  22.408 0.4000000060
44998  -35.872  -16.089  20.582 0.6999999881
45006  -29.886  -16.448  20.249 0.6000000238
45007  -35.910  -16.164  20.149 0.6999999881
45018  -30.000  -16.595  19.301 0.5000000000
46007  -34.257  -14.935  24.308 0.6000000238
46033  -42.046  -15.465  22.964 0.4000000060
47059  -32.979  -14.622  24.144 0.6000000238
47068  -42.144  -14.712  22.669 0.4000000060
47101  -30.446  -15.239  17.517 0.5000000000
47107  -26.446  -14.355  16.183 0.5000000000
47109  -29.481  -15.198  16.161 0.4000000060
48036  -35.419  -13.369  26.388 0.6000000238
48037  -37.494  -13.281  26.486 0.5000000000
48052  -33.506  -12.956  25.598 0.6000000238
48103  -31.119  -13.716  23.715 0.6000000238
49215  -34.928  -12.591  26.420 0.6000000238
49217  -37.603  -12.556  26.391 0.5000000000
49237  -34.062  -12.807  26.110 0.6000000238
49238  -39.043  -12.478  25.683 0.4000000060
49239  -39.690  -12.512  25.217 0.4000000060
49283  -41.246  -12.901  23.254 0.4000000060
50273  -36.814  -11.326  26.441 0.6000000238
50285  -32.757  -11.771  25.203 0.6000000238
50288  -38.565  -11.691  25.719 0.5000000000
50332  -30.554  -12.213  22.819 0.6000000238
50399  -42.964  -11.422  15.021 0.3000000119
51316  -32.671  -10.878  25.135 0.6000000238
51356  -31.276  -10.406  22.559 0.5000000000
51385  -40.970  -10.658  20.146 0.3000000119
52268  -34.176  -10.017  26.287 0.5000000000
52271  -37.143  -10.025  26.090 0.5000000000
52283  -33.468  -9.269  25.326 0.5000000000
52284  -34.086  -9.355  25.999 0.5000000000
52352  -40.655  -9.822  19.972 0.4000000060
53249  -35.532  -8.450  25.806 0.4000000060
53251  -37.044  -8.299  25.466 0.3000000119
53267  -34.290  -8.199  25.414 0.4000000060
54246  -37.721  -7.374  24.755 0.3000000119
54294  -39.365  -7.315  22.834 0.3000000119
54351  -41.932  -7.318  19.192 0.3000000119
54367  -42.686  -7.479  18.593 0.3000000119
55222  -39.120  -6.485  23.181 0.3000000119
55282  -40.894  -6.464  20.256 0.3000000119
55338  -44.515  -6.563  16.606 0.3000000119
56228  -39.250  -4.751  22.530 0.3000000119
56260  -40.252  -5.845  21.287 0.3000000119
56287  -40.661  -6.032  20.598 0.3000000119
57291  -42.413  -4.927  18.329 0.3000000119
57292  -42.995  -4.876  17.751 0.3000000119
57361  -44.491  -5.535  12.856 0.3000000119
58132  -37.968  -3.525  22.829 0.3000000119
58143  -36.645  -3.237  22.801 0.3000000119
58144  -37.319  -3.234  22.740 0.3000000119
58160  -35.102  -2.627  21.434 0.3000000119
58283  -43.876  -3.120  15.303 0.3000000119
59157  -36.349  -2.774  22.413 0.3000000119
59184  -34.790  -2.398  20.638 0.3000000119
59212  -39.796  -1.944  20.057 0.3000000119
59233  -40.784  -2.292  18.784 0.3000000119
59294  -43.950  -2.237  12.924 0.3000000119
60093  -36.163  -1.565  21.401 0.3000000119
105223  -45.881  -26.131  24.556 0.3000000119
106495  -41.672  -35.829  17.015 0.5000000000
106726  -38.078  -37.462  26.211 0.3000000119
107498  -44.213  -37.369  17.364 0.6000000238
107598  -38.433  -10.937  25.571 0.5000000000
108104  -37.277  -40.229  21.368 0.4000000060
108486  -43.195  -13.076  17.582 0.3000000119
108729  -40.123  -37.627  27.561 0.3000000119
108922  -37.909  -29.318  18.614 0.5000000000
109000  -34.630  -22.910  26.387 0.5000000000
109303  -43.506  -4.851  17.327 0.3000000119
109642  -37.984  -31.380  27.889 0.5000000000
109948  -33.641  -22.516  18.331 0.6999999881
110201  -41.175  -30.701  27.637 0.4000000060
110496  -44.051  -6.088  17.333 0.3000000119
110988  -31.802  -20.793  22.805 0.6000000238
111151  -40.228  -36.537  22.142 0.6000000238
111590  -36.266  -14.979  26.444 0.5000000000
111848  -35.193  -6.492  24.745 0.3000000119
111961  -29.815  -15.930  21.015 0.6000000238
112031  -29.017  -22.456  21.587 0.6000000238
112568  -44.035  -18.678  14.785 0.3000000119
112744  -37.015  -16.965  26.649 0.5000000000
113284  -34.283  -23.976  22.041 0.6000000238
113556  -39.524  -35.647  18.035 0.6000000238
113598  -36.280  -29.060  27.861 0.4000000060
113719  -29.787  -15.012  22.133 0.6000000238
114102  -33.495  -30.454  22.716 0.4000000060
114240  -39.462  -28.167  28.406 0.4000000060
114298  -39.354  -23.014  26.269 0.4000000060
114439  -36.991  -44.547  19.323 0.3000000119
114671  -42.871  -35.846  25.773 0.4000000060
114717  -37.246  -21.269  15.178 0.6999999881
115043  -42.953  -32.999  15.972 0.6000000238
115148  -43.524  -16.317  15.169 0.3000000119
115819  -31.861  -10.522  23.989 0.5000000000
115991  -41.933  -25.605  25.043 0.4000000060
116172  -34.731  -17.478  24.668 0.5000000000
117128  -37.755  -37.631  25.543 0.3000000119
117185  -32.668  -29.787  18.940 0.5000000000
117385  -34.574  -44.370  21.611 0.4000000060
117438  -37.388  -32.367  26.164 0.5000000000
117528  -29.378  -23.673  20.293 0.6999999881
117697  -27.759  -20.829  20.886 0.6000000238
117909  -40.184  -32.927  20.192 0.6999999881
117934  -34.448  -2.968  20.079 0.3000000119
118123  -42.176  -26.618  26.032 0.4000000060
118185  -39.124  -32.285  18.215 0.5000000000
118298  -35.755  -21.734  19.387 0.6000000238
120048  -37.966  -44.890  19.314 0.3000000119
120571  -42.547  -11.657  16.959 0.3000000119
120742  -34.759  -30.228  21.995 0.4000000060
121102  -35.262  -16.515  25.808 0.5000000000
121273  -33.990  -20.962  24.870 0.5000000000
121393  -41.810  -14.069  23.095 0.4000000060
121639  -32.131  -8.638  21.136 0.4000000060
122103  -38.874  -34.837  25.995 0.5000000000
122162  -43.301  -17.707  16.751 0.4000000060
122227  -33.385  -26.858  17.339 0.6999999881
122312  -42.894  -35.806  16.479 0.6000000238
122514  -30.530  -11.671  22.310 0.6000000238
122600  -37.144  -30.585  23.633 0.6000000238
122740  -35.309  -23.836  19.690 0.6000000238
123560  -41.686  -13.366  22.767 0.4000000060
123646  -36.602  -29.482  28.001 0.4000000060
124002  -34.757  -21.856  21.620 0.6000000238
124140  -38.971  -29.028  28.546 0.4000000060
124256  -35.889  -21.584  26.737 0.5000000000
124487  -43.170  -31.034  15.870 0.6000000238
124511  -35.398  -22.654  14.908 0.6999999881
124566  -43.667  -15.944  14.889 0.3000000119
124654  -38.284  -32.372  22.799 0.6000000238
124874  -43.371  -14.092  16.388 0.3000000119
124913  -40.511  -38.781  18.328 0.4000000060
125118  -39.942  -32.546  17.402 0.5000000000
125446  -36.008  -41.616  21.142 0.4000000060
125603  -33.891  -28.900  21.184 0.5000000000
125714  -41.767  -20.368  18.905 0.4000000060
126005  -39.404  -10.221  24.006 0.4000000060
126297  -44.372  -13.173  14.797 0.3000000119
126616  -39.807  -11.990  24.841 0.5000000000
126698  -32.768  -7.842  22.590 0.3000000119
126840  -35.102  -22.276  20.767 0.6000000238
127195  -33.463  -24.840  16.161 0.6999999881
