#!ascii label  , from subject sub-v2s10x28956_ses-1 vox2ras=TkReg
4858
35295  -11.188  -52.538  88.419 0.2222220004
36324  -12.149  -51.683  90.346 0.3333329856
38323  -13.247  -49.320  92.004 0.4444440007
39411  -13.830  -48.784  91.885 0.5555559993
41381  -12.881  -46.811  92.593 0.5555559993
41389  -12.889  -46.193  92.543 0.5555559993
41390  -14.086  -46.875  92.503 0.4444440007
41382  -13.040  -46.060  92.928 0.4444440007
42295  -13.543  -45.311  92.954 0.5555559993
149255  -11.173  -52.622  89.707 0.4444440007
36321  -11.394  -52.214  90.661 0.3333329856
36323  -11.759  -52.088  89.318 0.3333329856
34265  -8.878  -54.189  89.410 0.3333329856
34266  -9.472  -53.980  89.273 0.3333329856
35294  -10.429  -53.237  89.177 0.3333329856
37316  -12.598  -51.065  90.925 0.4444440007
150598  -13.151  -50.560  90.925 0.4444440007
145549  -13.422  -50.112  91.257 0.4444440007
34264  -8.365  -54.033  89.449 0.1111110002
34268  -8.769  -54.607  88.800 0.3333329856
37310  -12.843  -50.440  91.559 0.5555559993
37306  -12.752  -50.143  91.775 0.4444440007
140634  -12.863  -49.673  92.002 0.5555559993
39409  -12.727  -48.606  92.024 0.5555559993
128225  -12.616  -49.519  91.801 0.5555559993
39412  -12.527  -48.518  91.469 0.5555559993
39408  -12.862  -47.968  92.285 0.5555559993
144303  -12.741  -47.825  90.395 0.5555559993
40514  -12.906  -46.937  90.908 0.6666669846
42303  -13.321  -45.535  91.814 0.5555559993
43267  -13.796  -44.560  92.414 0.6666669846
42297  -15.043  -44.974  93.133 0.4444440007
41403  -13.701  -46.372  89.717 0.6666669846
147331  -13.904  -45.594  90.386 0.6666669846
43275  -14.809  -44.204  90.964 0.7777780294
44198  -14.843  -43.488  92.714 0.7777780294
146172  -14.184  -46.173  88.727 0.7777780294
42322  -14.533  -45.159  89.831 0.7777780294
43284  -15.095  -44.611  89.790 0.7777780294
44202  -15.205  -43.707  91.344 0.7777780294
136240  -14.286  -46.281  87.908 0.7777780294
154345  -14.765  -45.771  87.590 0.7777780294
42323  -14.972  -45.189  88.967 0.7777780294
155068  -15.526  -44.754  88.794 0.7777780294
135477  -15.609  -44.036  90.202 0.7777780294
42347  -15.127  -45.506  86.983 0.7777780294
42337  -15.391  -45.124  87.911 0.7777780294
43305  -16.079  -44.606  87.519 0.7777780294
36316  -11.829  -51.589  91.023 0.4444440007
138509  -9.398  -53.715  89.779 0.4444440007
34259  -9.631  -53.279  90.191 0.3333329856
34262  -10.015  -53.338  89.983 0.3333329856
35293  -7.782  -52.661  89.016 0.4444440007
34263  -7.974  -53.542  89.306 0.1111110002
34258  -9.107  -53.032  90.261 0.4444440007
35287  -9.581  -52.680  90.434 0.4444440007
35288  -10.258  -52.815  90.578 0.3333329856
35289  -10.778  -52.413  90.837 0.4444440007
36315  -11.110  -51.945  90.978 0.4444440007
37309  -12.283  -50.750  91.164 0.5555559993
35290  -8.183  -52.608  89.677 0.5555559993
36318  -8.416  -51.913  90.002 0.4444440007
36313  -9.187  -52.129  90.368 0.4444440007
37314  -10.087  -51.617  90.389 0.4444440007
37307  -10.836  -51.792  90.931 0.5555559993
37315  -10.947  -51.270  90.545 0.5555559993
38324  -11.750  -50.926  91.047 0.5555559993
38325  -12.285  -50.181  91.367 0.5555559993
37312  -8.206  -50.708  89.615 0.5555559993
37313  -9.053  -50.995  89.842 0.4444440007
38339  -11.227  -49.978  88.604 0.5555559993
38340  -11.862  -49.512  88.894 0.5555559993
38331  -12.169  -49.495  90.091 0.5555559993
39419  -12.518  -48.676  90.137 0.5555559993
37319  -8.430  -50.086  89.461 0.4444440007
37329  -9.886  -50.200  88.185 0.5555559993
37330  -10.494  -50.204  88.282 0.5555559993
39438  -12.154  -48.953  87.882 0.6666669846
39429  -12.400  -48.789  88.962 0.6666669846
40522  -12.832  -48.022  89.126 0.7777780294
40523  -13.261  -47.259  89.442 0.7777780294
45187  -16.214  -42.881  93.365 0.7777780294
44189  -15.958  -43.350  94.068 0.4444440007
38338  -8.825  -49.712  88.895 0.5555559993
144235  -9.480  -49.727  87.883 0.4444440007
38361  -10.564  -49.343  86.738 0.5555559993
38351  -11.563  -49.437  87.900 0.6666669846
40530  -12.700  -48.254  88.050 0.7777780294
40531  -13.260  -47.537  88.133 0.7777780294
41414  -13.793  -46.772  88.541 0.7777780294
44204  -16.586  -43.394  90.609 0.7777780294
38360  -9.765  -49.290  86.938 0.3333329856
39447  -10.064  -48.866  86.166 0.4444440007
148232  -11.558  -49.069  86.955 0.6666669846
39449  -11.877  -48.493  86.062 0.6666669846
40541  -12.480  -48.365  87.004 0.7777780294
41422  -13.798  -46.925  86.596 0.7777780294
43285  -15.938  -44.309  89.186 0.7777780294
40554  -13.350  -47.358  86.130 0.6666669846
41423  -14.397  -46.242  86.879 0.7777780294
42348  -15.804  -44.960  86.961 0.7777780294
43294  -16.043  -44.468  88.255 0.7777780294
130396  -16.752  -44.195  87.671 0.7777780294
40567  -13.039  -47.399  85.251 0.5555559993
41431  -14.399  -46.264  85.956 0.6666669846
42359  -14.938  -45.696  86.209 0.6666669846
43326  -16.117  -44.748  86.103 0.7777780294
133763  -16.471  -44.484  86.879 0.6666669846
40579  -13.060  -47.063  84.500 0.5555559993
41430  -13.807  -46.825  85.768 0.5555559993
41442  -14.218  -46.335  85.158 0.5555559993
42371  -14.818  -45.760  85.368 0.5555559993
42360  -15.497  -45.225  86.382 0.7777780294
41441  -13.608  -46.802  84.891 0.5555559993
41459  -13.966  -46.375  84.501 0.5555559993
42372  -15.476  -45.238  85.656 0.5555559993
43338  -16.090  -44.788  85.113 0.6666669846
45188  -17.316  -42.654  93.286 0.6666669846
44190  -17.328  -43.248  94.389 0.4444440007
45194  -17.106  -42.726  92.356 0.7777780294
153733  -17.255  -43.189  90.671 0.7777780294
44219  -17.109  -43.716  88.941 0.7777780294
43315  -16.786  -44.377  86.235 0.7777780294
44230  -17.276  -43.795  88.204 0.7777780294
43316  -17.344  -44.149  85.896 0.6666669846
143235  -14.574  -45.838  84.420 0.5555559993
42386  -15.358  -45.264  84.762 0.6666669846
136943  -15.933  -44.771  84.166 0.6666669846
43327  -16.749  -44.423  85.498 0.5555559993
45195  -17.993  -42.615  92.036 0.8888890147
45189  -18.470  -42.591  93.885 0.5555559993
133711  -19.695  -43.716  94.686 0.4444440007
45196  -19.116  -42.509  91.819 0.8888890147
45203  -17.602  -42.909  91.284 0.8888890147
45213  -18.873  -42.995  89.921 0.8888890147
44220  -17.749  -43.511  88.712 0.7777780294
44214  -19.124  -43.163  89.035 0.8888890147
44231  -17.447  -43.843  87.511 0.7777780294
44232  -18.737  -43.430  87.441 0.7777780294
44246  -17.928  -43.814  86.194 0.6666669846
43339  -16.783  -44.344  84.506 0.5555559993
133762  -17.394  -44.135  85.140 0.5555559993
44247  -18.609  -43.566  86.488 0.7777780294
44248  -19.233  -43.416  86.782 0.7777780294
43340  -17.628  -43.986  84.441 0.5555559993
44270  -18.322  -43.763  84.538 0.4444440007
44260  -19.532  -43.533  85.132 0.6666669846
44285  -18.051  -43.770  83.770 0.5555559993
44286  -18.818  -43.625  83.935 0.5555559993
44187  -21.873  -43.036  94.618 0.4444440007
136245  -19.326  -42.405  93.965 0.8888890147
44185  -20.337  -43.067  94.785 0.5555559993
48181  -30.707  -38.285  91.318 0.3333329856
45215  -20.491  -42.675  89.548 0.8888890147
45205  -19.530  -42.677  90.546 0.8888890147
48183  -31.605  -39.017  91.281 0.4444440007
152202  -20.030  -42.711  90.022 0.8888890147
45214  -19.677  -42.887  89.628 0.8888890147
49361  -33.360  -38.092  90.114 0.5555559993
44222  -19.359  -43.250  88.175 0.8888890147
49368  -33.495  -37.595  89.553 0.5555559993
44233  -19.638  -43.290  87.367 0.8888890147
49385  -34.813  -37.857  88.370 0.6666669846
132965  -19.932  -43.321  86.602 0.7777780294
48255  -33.988  -39.458  85.470 0.8888890147
49398  -34.949  -38.371  87.479 0.7777780294
48247  -40.692  -39.200  86.476 0.3333329856
48256  -34.846  -39.607  85.772 0.8888890147
48241  -35.391  -38.982  86.686 0.6666669846
145453  -39.555  -39.074  86.246 0.4444440007
48271  -39.878  -39.158  85.803 0.4444440007
47233  -36.801  -40.217  84.806 0.6666669846
47234  -37.737  -39.828  85.213 0.6666669846
135193  -38.297  -40.258  84.606 0.5555559993
47235  -39.297  -39.887  84.899 0.6666669846
138289  -37.349  -40.467  84.257 0.6666669846
46162  -21.695  -41.640  94.493 0.6666669846
45180  -22.060  -42.062  94.603 0.2222220004
44191  -22.638  -43.704  94.121 0.1111110002
49347  -29.522  -37.974  91.409 0.2222220004
46164  -20.673  -41.919  94.328 0.7777780294
46161  -21.084  -41.881  94.597 0.7777780294
49359  -30.275  -38.348  91.226 0.4444440007
46173  -20.701  -41.780  92.558 0.7777780294
49349  -30.774  -37.629  91.374 0.5555559993
154894  -20.417  -42.183  91.837 0.8888890147
151646  -31.203  -37.381  91.183 0.5555559993
149747  -31.144  -38.458  91.288 0.5555559993
45228  -20.764  -42.779  88.633 0.8888890147
45207  -21.107  -42.280  90.196 0.8888890147
50628  -32.801  -37.148  89.527 0.5555559993
50621  -32.109  -37.508  90.634 0.5555559993
50633  -32.669  -36.977  88.968 0.5555559993
44234  -20.428  -43.109  87.226 0.7777780294
45229  -21.504  -42.510  88.368 0.8888890147
50651  -33.175  -37.635  87.609 0.7777780294
50643  -34.429  -37.694  88.816 0.5555559993
48273  -41.605  -38.814  86.000 0.5555559993
44249  -20.787  -43.119  86.465 0.7777780294
139961  -21.120  -42.848  87.129 0.7777780294
49397  -33.278  -38.198  86.846 0.8888890147
50642  -33.851  -37.612  88.395 0.7777780294
47236  -40.252  -39.520  85.116 0.5555559993
48272  -40.771  -38.874  85.935 0.4444440007
44272  -19.672  -43.498  84.159 0.6666669846
44261  -20.227  -43.350  85.755 0.7777780294
149631  -21.347  -43.061  85.498 0.6666669846
47215  -34.519  -39.875  84.885 0.8888890147
47216  -35.359  -40.037  85.131 0.7777780294
47254  -38.766  -40.699  83.839 0.6666669846
44273  -20.523  -43.359  83.986 0.6666669846
44274  -21.320  -43.120  84.340 0.6666669846
145856  -34.326  -39.864  84.116 1.0000000000
47231  -35.022  -40.206  84.133 0.8888890147
47232  -35.925  -40.327  84.494 0.8888890147
47272  -38.297  -41.034  82.748 0.7777780294
44288  -20.113  -43.403  83.223 0.5555559993
138994  -21.864  -42.844  84.837 0.6666669846
47250  -35.069  -40.214  83.154 1.0000000000
130578  -36.973  -40.675  83.312 0.8888890147
47253  -37.827  -40.758  83.559 0.8888890147
44304  -20.792  -43.147  82.582 0.6666669846
47251  -35.746  -40.417  83.572 0.8888890147
132288  -36.305  -40.548  83.171 0.8888890147
45308  -21.330  -42.863  81.867 0.5555559993
44188  -22.539  -42.637  94.403 0.1111110002
44193  -23.756  -43.264  93.403 0.1111110002
49336  -28.849  -37.544  91.607 0.3333329856
46163  -22.300  -41.402  94.380 0.5555559993
45181  -22.886  -41.787  94.296 0.1111110002
46165  -21.458  -41.361  94.158 0.7777780294
47132  -22.157  -40.679  93.722 0.7777780294
49348  -30.190  -37.830  91.481 0.4444440007
47137  -22.052  -40.597  92.714 0.7777780294
154233  -30.421  -37.091  91.371 0.4444440007
46174  -21.413  -41.295  92.025 0.7777780294
51742  -31.247  -36.689  90.405 0.5555559993
50620  -31.547  -37.158  90.837 0.5555559993
46181  -21.574  -41.635  90.854 0.7777780294
51753  -32.112  -36.664  89.296 0.6666669846
45217  -22.009  -42.081  88.917 0.7777780294
50640  -31.994  -36.914  87.432 0.8888890147
47237  -41.207  -39.214  85.335 0.5555559993
48263  -42.465  -39.047  85.878 0.4444440007
45230  -22.183  -42.191  88.057 0.8888890147
50650  -32.498  -37.613  86.831 0.8888890147
141919  -40.641  -40.236  84.206 0.5555559993
45242  -22.304  -42.237  87.180 0.8888890147
45241  -21.646  -42.568  87.529 0.8888890147
132866  -33.428  -38.824  86.031 1.0000000000
47255  -39.716  -40.505  84.073 0.5555559993
45252  -21.689  -42.707  86.575 0.6666669846
48269  -33.802  -39.551  84.503 1.0000000000
45286  -21.964  -42.739  83.560 0.6666669846
45263  -22.072  -42.702  85.287 0.6666669846
48284  -34.536  -39.954  83.549 1.0000000000
47270  -36.591  -40.630  82.500 0.8888890147
47271  -37.384  -40.874  82.579 0.8888890147
45295  -21.619  -42.831  82.694 0.6666669846
48298  -34.446  -39.839  82.807 1.0000000000
47269  -35.774  -40.415  82.594 1.0000000000
131227  -36.206  -40.474  81.747 0.8888890147
128744  -36.990  -40.715  81.717 0.8888890147
45307  -20.818  -42.896  81.081 0.4444440007
45309  -22.189  -42.499  81.969 0.6666669846
133754  -22.750  -42.284  83.378 0.7777780294
47268  -35.025  -40.159  82.273 1.0000000000
47284  -35.028  -40.096  81.435 1.0000000000
45325  -21.262  -42.618  80.351 0.4444440007
45310  -22.806  -42.121  81.552 0.6666669846
155049  -22.347  -42.350  81.355 0.6666669846
45327  -22.546  -42.212  80.840 0.6666669846
132072  -24.108  -41.702  93.465 0.1111110002
45192  -24.165  -42.633  93.129 0.1111110002
46168  -23.640  -40.998  93.916 0.1111110002
49346  -28.446  -38.083  91.456 0.2222220004
46167  -22.862  -40.837  94.160 0.2222220004
49335  -27.926  -37.637  91.836 0.3333329856
47128  -22.835  -40.325  93.932 0.5555559993
51725  -29.343  -36.882  91.596 0.4444440007
49337  -29.554  -37.523  91.564 0.5555559993
51740  -29.529  -36.393  90.801 0.6666669846
51730  -29.956  -36.759  91.263 0.6666669846
47157  -22.909  -40.770  90.031 0.7777780294
132023  -30.299  -36.207  89.061 0.6666669846
51751  -30.815  -36.355  89.793 0.6666669846
47239  -43.358  -38.818  85.061 0.4444440007
46192  -22.468  -41.485  89.465 0.7777780294
51759  -30.408  -36.269  88.076 0.7777780294
51760  -31.237  -36.347  88.870 0.6666669846
47238  -42.270  -39.015  85.329 0.4444440007
46193  -23.152  -41.044  89.122 0.7777780294
135897  -31.259  -36.630  86.829 0.8888890147
153370  -42.065  -39.778  84.228 0.6666669846
46217  -22.805  -41.737  87.715 0.7777780294
46206  -23.301  -41.206  88.230 0.7777780294
50649  -31.683  -37.022  86.394 0.8888890147
50665  -31.995  -37.864  84.965 1.0000000000
46297  -40.622  -41.024  82.529 0.7777780294
46281  -40.167  -40.889  83.239 0.5555559993
45253  -22.464  -42.281  86.318 0.8888890147
46232  -23.628  -41.363  86.596 0.7777780294
49417  -33.149  -39.124  84.024 1.0000000000
149688  -38.875  -41.170  81.850 0.8888890147
45276  -22.506  -42.457  84.017 0.6666669846
45264  -23.090  -42.021  85.004 0.8888890147
46246  -24.240  -41.024  85.488 0.7777780294
48283  -33.858  -39.574  83.502 1.0000000000
128245  -37.854  -41.010  81.795 0.8888890147
45277  -23.111  -42.077  84.123 0.7777780294
46260  -23.780  -41.549  83.918 0.7777780294
135079  -24.435  -40.996  83.942 0.7777780294
49441  -32.516  -38.484  82.661 0.8888890147
49428  -33.133  -39.074  83.054 1.0000000000
48297  -33.787  -39.425  82.483 1.0000000000
46273  -23.416  -41.826  83.244 0.7777780294
46274  -24.150  -41.283  83.031 0.7777780294
130972  -25.065  -40.457  84.054 0.8888890147
131013  -34.427  -39.739  81.901 1.0000000000
128406  -35.742  -40.284  81.045 1.0000000000
45297  -22.971  -42.095  82.469 0.6666669846
135064  -24.089  -41.240  82.033 0.7777780294
47245  -24.879  -40.684  83.230 0.7777780294
49442  -33.140  -38.937  82.103 0.8888890147
46333  -22.686  -42.011  79.247 0.5555559993
148132  -23.570  -41.606  80.293 0.5555559993
135063  -24.675  -40.736  80.572 0.6666669846
46334  -23.434  -41.649  79.499 0.4444440007
134661  -24.150  -41.178  79.874 0.5555559993
47297  -25.224  -40.202  80.151 0.6666669846
45193  -24.601  -41.823  92.776 0.1111110002
153483  -24.899  -42.326  91.975 0.1111110002
46171  -24.384  -40.861  93.456 0.1111110002
47129  -23.563  -40.055  93.841 0.2222220004
47134  -24.721  -39.964  93.447 0.1111110002
47140  -25.559  -40.406  92.107 0.1111110002
134126  -27.115  -37.937  91.950 0.3333329856
48176  -23.332  -39.523  92.710 0.6666669846
48164  -23.374  -39.825  93.643 0.5555559993
145636  -24.113  -40.170  93.758 0.1111110002
47131  -24.910  -39.124  93.240 0.2222220004
48170  -25.365  -38.762  92.374 0.5555559993
50603  -26.670  -37.694  91.933 0.6666669846
47133  -22.834  -39.990  93.314 0.7777780294
151281  -26.018  -37.709  91.255 0.6666669846
50618  -26.689  -37.351  91.177 0.6666669846
51738  -27.912  -36.683  91.272 0.5555559993
51723  -28.143  -36.889  91.826 0.4444440007
47139  -23.284  -39.786  91.700 0.7777780294
50627  -28.216  -36.638  89.279 0.7777780294
51750  -28.991  -36.303  89.936 0.7777780294
48285  -43.072  -39.231  83.657 0.4444440007
48274  -44.094  -38.758  85.052 0.2222220004
47147  -22.742  -40.484  91.051 0.7777780294
51757  -28.962  -36.373  88.795 1.0000000000
144679  -29.589  -36.251  89.220 0.7777780294
47257  -42.600  -39.546  84.112 0.6666669846
49418  -44.556  -38.516  84.640 0.2222220004
47158  -23.553  -40.338  89.657 0.7777780294
145256  -29.664  -36.401  86.259 1.0000000000
51779  -29.827  -36.268  86.748 1.0000000000
46218  -23.473  -41.307  87.407 0.7777780294
47168  -23.775  -40.581  88.744 0.7777780294
51780  -30.221  -36.330  86.237 1.0000000000
130096  -30.741  -36.415  86.740 0.8888890147
147532  -41.275  -40.808  82.724 0.6666669846
47274  -42.416  -40.011  82.953 0.5555559993
48299  -42.679  -39.466  82.639 0.5555559993
47181  -24.570  -40.288  87.518 0.7777780294
47182  -25.149  -39.885  87.110 0.7777780294
51790  -30.345  -36.535  85.345 1.0000000000
51791  -30.843  -36.745  84.994 1.0000000000
46296  -39.813  -41.180  82.277 0.7777780294
46298  -41.124  -40.919  81.965 0.7777780294
48310  -42.396  -39.338  81.656 0.8888890147
49443  -42.918  -38.559  82.503 0.5555559993
47194  -24.707  -40.387  86.709 0.7777780294
145255  -30.376  -36.712  83.811 1.0000000000
51798  -30.782  -36.844  84.138 1.0000000000
50672  -31.268  -37.299  83.670 1.0000000000
49416  -32.559  -38.547  84.501 1.0000000000
46310  -39.651  -41.169  81.460 0.8888890147
47286  -40.931  -40.907  81.118 0.7777780294
47287  -41.606  -40.555  81.487 0.6666669846
137650  -42.282  -39.186  80.727 0.8888890147
47209  -25.349  -40.083  85.445 0.7777780294
51806  -30.694  -36.821  83.358 1.0000000000
49427  -32.524  -38.548  83.576 1.0000000000
128642  -36.594  -40.472  80.989 0.8888890147
47285  -37.458  -40.705  80.886 0.8888890147
144039  -39.103  -41.074  80.750 0.8888890147
134125  -40.839  -40.764  80.205 0.8888890147
47302  -41.926  -39.999  80.933 0.8888890147
47265  -25.315  -40.299  82.580 0.8888890147
150222  -25.609  -40.036  83.542 0.8888890147
130935  -31.873  -37.921  82.330 1.0000000000
146799  -35.115  -40.052  80.809 1.0000000000
128634  -38.204  -40.809  80.358 0.8888890147
47264  -24.695  -40.795  82.369 0.7777780294
48295  -25.953  -39.744  82.682 0.8888890147
48308  -33.778  -39.316  81.550 1.0000000000
48309  -34.481  -39.671  80.979 0.8888890147
47283  -25.279  -40.210  81.097 0.6666669846
48307  -26.328  -39.316  81.853 0.8888890147
48296  -26.510  -39.256  82.804 0.8888890147
141309  -23.931  -41.291  78.863 0.5555559993
47326  -24.971  -40.393  78.446 0.5555559993
48317  -25.773  -39.681  80.482 0.6666669846
48318  -26.347  -39.161  80.855 0.6666669846
47309  -25.143  -40.258  79.306 0.5555559993
48330  -25.682  -39.710  79.607 0.6666669846
48165  -23.842  -39.392  93.546 0.5555559993
48168  -23.963  -38.969  93.023 0.6666669846
49333  -25.101  -38.480  92.041 0.6666669846
49343  -25.639  -38.004  91.625 0.7777780294
48177  -23.809  -39.174  92.306 0.6666669846
49342  -25.053  -38.415  91.441 0.6666669846
49355  -25.572  -38.085  90.911 0.7777780294
50625  -26.785  -37.430  90.160 0.7777780294
50626  -27.464  -37.054  89.735 0.7777780294
48178  -24.438  -38.759  92.166 0.6666669846
48191  -25.102  -38.657  90.400 0.7777780294
133305  -25.700  -38.340  89.935 0.7777780294
50631  -26.917  -37.580  89.288 1.0000000000
131625  -27.514  -37.337  88.631 1.0000000000
48287  -44.971  -38.390  84.491 0.3333329856
48189  -23.893  -39.380  91.350 0.7777780294
48190  -24.500  -38.973  90.935 0.6666669846
49365  -25.891  -38.555  88.957 0.7777780294
141957  -26.639  -38.090  88.523 1.0000000000
51766  -29.059  -36.422  87.808 1.0000000000
48286  -43.920  -38.453  84.388 0.4444440007
48203  -24.006  -39.658  90.273 0.7777780294
48205  -25.266  -38.951  89.390 0.7777780294
49375  -27.219  -37.874  87.713 1.0000000000
50639  -28.494  -36.864  87.302 1.0000000000
51778  -29.234  -36.463  86.817 1.0000000000
49444  -43.747  -38.193  83.530 0.4444440007
145564  -43.411  -37.750  83.012 0.4444440007
50687  -43.507  -36.899  83.055 0.4444440007
48226  -25.001  -39.746  87.961 0.7777780294
49374  -26.069  -38.752  88.014 0.7777780294
146749  -27.760  -37.629  86.863 1.0000000000
50686  -42.858  -37.513  82.261 0.5555559993
50688  -44.378  -36.602  83.569 0.4444440007
47195  -25.266  -40.004  86.286 0.7777780294
48227  -25.609  -39.339  87.534 0.7777780294
49394  -26.690  -38.675  86.399 0.8888890147
50655  -28.704  -37.054  85.418 1.0000000000
51789  -29.785  -36.471  85.592 1.0000000000
50698  -42.948  -36.507  82.319 0.4444440007
51816  -43.700  -35.961  83.048 0.4444440007
140224  -25.796  -39.627  85.837 0.7777780294
48254  -26.300  -39.272  85.313 0.8888890147
147867  -29.743  -36.656  83.356 1.0000000000
51796  -29.897  -36.565  84.747 1.0000000000
152611  -42.375  -38.611  80.588 0.8888890147
50718  -42.447  -37.976  80.376 0.7777780294
51836  -42.618  -36.803  80.485 0.6666669846
50708  -42.730  -36.335  81.543 0.4444440007
151237  -26.224  -39.440  84.262 0.8888890147
51804  -30.016  -36.597  83.931 1.0000000000
46325  -40.121  -41.042  80.823 0.8888890147
47301  -41.543  -40.313  80.110 0.8888890147
49480  -42.320  -38.924  79.992 0.8888890147
149865  -42.572  -37.557  79.607 0.8888890147
51837  -42.856  -35.784  81.066 0.4444440007
48281  -26.188  -39.548  83.359 0.8888890147
51805  -30.153  -36.620  83.139 0.8888890147
145254  -30.521  -36.746  82.619 0.8888890147
50684  -31.206  -37.259  82.777 0.8888890147
47299  -36.188  -40.341  80.252 1.0000000000
151068  -36.924  -40.499  80.378 1.0000000000
47314  -39.786  -40.818  79.861 0.8888890147
47315  -40.571  -40.591  79.462 0.8888890147
48334  -41.593  -40.018  79.372 0.8888890147
48335  -42.060  -39.376  79.235 0.8888890147
129950  -42.392  -38.475  79.219 0.8888890147
51846  -42.787  -36.763  79.292 0.8888890147
49453  -26.967  -38.771  82.291 0.8888890147
147138  -31.345  -37.428  82.076 0.8888890147
49455  -32.493  -38.394  81.749 0.8888890147
47311  -36.875  -40.444  79.740 1.0000000000
47312  -37.522  -40.489  79.317 0.8888890147
47313  -38.987  -40.588  79.219 0.8888890147
132672  -40.004  -40.511  78.814 0.8888890147
47332  -40.970  -40.275  78.945 0.8888890147
49490  -42.064  -39.066  78.541 0.8888890147
139509  -42.254  -38.424  78.212 0.8888890147
50727  -42.587  -37.697  78.717 0.8888890147
49466  -27.030  -38.539  81.341 0.8888890147
49467  -27.534  -37.867  80.645 0.8888890147
130416  -31.519  -37.571  80.780 0.8888890147
49468  -32.337  -38.277  80.727 0.8888890147
151863  -34.275  -39.523  80.276 0.8888890147
138992  -35.496  -40.155  79.872 0.8888890147
47329  -37.441  -40.449  78.548 0.8888890147
47352  -39.856  -40.276  77.872 0.8888890147
48364  -41.133  -39.627  77.621 0.8888890147
48331  -26.254  -39.149  79.945 0.6666669846
49476  -26.845  -38.533  80.318 0.6666669846
49477  -27.321  -37.886  79.765 0.8888890147
49478  -32.468  -38.406  79.678 0.8888890147
49479  -33.119  -38.863  79.358 0.8888890147
153394  -35.020  -39.970  79.729 0.8888890147
47310  -36.167  -40.338  79.342 0.7777780294
47331  -39.023  -40.449  78.379 0.7777780294
49506  -42.103  -38.396  77.490 0.7777780294
131282  -26.525  -38.594  78.424 0.6666669846
49486  -26.694  -38.524  79.375 0.6666669846
49489  -33.165  -38.868  78.524 0.8888890147
48333  -34.478  -39.678  79.558 0.8888890147
48343  -35.178  -40.126  78.395 0.7777780294
47328  -36.603  -40.411  78.582 0.7777780294
140749  -36.967  -40.446  77.887 0.7777780294
47350  -38.201  -40.458  78.074 0.8888890147
48363  -40.504  -39.957  77.536 0.8888890147
48378  -41.260  -39.174  76.875 0.8888890147
134795  -41.796  -38.672  77.041 0.7777780294
139072  -32.684  -38.540  77.996 0.7777780294
48342  -34.482  -39.725  78.539 0.7777780294
146841  -35.551  -40.262  77.964 0.7777780294
47349  -37.332  -40.448  77.332 0.7777780294
144293  -38.003  -40.421  77.309 0.8888890147
47364  -39.227  -40.213  76.589 0.8888890147
48377  -40.515  -39.501  76.418 1.0000000000
49503  -32.287  -38.238  77.352 0.7777780294
49504  -32.954  -38.704  77.297 0.7777780294
48341  -33.754  -39.246  78.172 0.7777780294
48361  -34.908  -39.972  77.668 0.7777780294
47360  -35.654  -40.265  77.238 0.7777780294
47361  -36.566  -40.406  77.024 0.7777780294
47362  -37.480  -40.384  76.517 0.7777780294
48395  -40.274  -39.334  75.584 0.7777780294
49513  -40.961  -38.940  76.016 0.8888890147
49511  -31.936  -37.962  76.609 0.6666669846
49512  -32.619  -38.460  76.608 0.5555559993
48371  -33.346  -38.932  76.574 0.6666669846
48360  -34.363  -39.594  77.035 0.7777780294
134994  -34.996  -39.806  75.943 0.6666669846
47372  -36.631  -40.306  76.082 0.7777780294
48375  -38.962  -40.187  75.865 0.6666669846
132250  -39.406  -39.686  75.131 0.6666669846
48389  -33.795  -39.155  75.828 0.6666669846
48392  -36.247  -40.051  75.236 0.6666669846
47373  -37.215  -40.230  75.434 0.5555559993
48393  -37.888  -40.060  74.768 0.5555559993
48409  -40.050  -39.156  74.741 0.7777780294
48405  -33.953  -39.061  74.902 0.5555559993
48390  -34.534  -39.450  75.414 0.5555559993
48391  -35.334  -39.754  75.232 0.3333329856
149665  -36.927  -39.794  74.361 0.4444440007
48408  -38.598  -39.640  74.338 0.5555559993
145240  -39.372  -39.341  74.346 0.5555559993
48406  -35.801  -39.600  74.330 0.4444440007
48407  -37.763  -39.677  74.040 0.5555559993
48420  -38.113  -39.311  73.520 0.5555559993
48421  -38.959  -39.156  73.697 0.5555559993
49430  -45.239  -38.016  84.155 0.3333329856
50674  -44.150  -37.386  83.683 0.4444440007
50675  -44.936  -37.346  83.956 0.4444440007
50689  -45.201  -36.703  83.576 0.4444440007
51817  -44.526  -35.825  83.384 0.4444440007
48238  -26.271  -39.147  86.162 0.8888890147
49383  -26.964  -38.312  86.962 1.0000000000
50647  -27.946  -37.649  85.830 1.0000000000
50663  -28.778  -37.089  84.502 1.0000000000
52881  -44.708  -35.180  82.907 0.4444440007
49406  -27.402  -38.285  85.300 1.0000000000
51803  -29.456  -36.758  84.041 1.0000000000
52880  -43.953  -35.148  82.953 0.4444440007
48282  -26.571  -39.196  83.493 0.8888890147
49415  -27.499  -38.321  84.417 1.0000000000
50662  -28.157  -37.741  84.031 1.0000000000
50671  -28.779  -37.113  83.589 1.0000000000
51813  -29.689  -36.588  82.629 0.8888890147
52896  -43.303  -34.905  81.555 0.4444440007
49425  -26.946  -38.847  83.936 1.0000000000
49426  -27.533  -38.307  83.559 1.0000000000
50670  -28.101  -37.695  83.160 1.0000000000
51812  -29.293  -36.771  83.085 0.8888890147
51824  -29.597  -36.490  81.816 0.8888890147
150167  -30.890  -37.008  82.188 0.8888890147
137367  -42.822  -36.068  80.125 0.7777780294
136473  -43.102  -35.272  80.454 0.6666669846
49439  -26.999  -38.806  83.135 1.0000000000
50682  -27.993  -37.669  82.337 1.0000000000
51823  -29.170  -36.669  82.234 0.8888890147
51826  -30.419  -36.708  81.146 0.8888890147
50696  -31.036  -37.162  81.505 0.8888890147
51859  -42.984  -36.273  78.517 0.8888890147
51858  -42.780  -37.063  78.364 0.8888890147
150716  -27.460  -38.240  82.026 0.8888890147
49454  -27.826  -37.731  81.500 0.8888890147
133982  -29.034  -36.525  81.385 0.8888890147
51825  -29.968  -36.472  81.479 0.8888890147
50706  -31.792  -37.857  79.931 0.8888890147
51875  -42.836  -36.744  77.705 0.8888890147
146796  -27.904  -37.309  80.147 0.7777780294
143827  -30.916  -37.077  80.806 0.8888890147
50717  -31.905  -38.034  79.020 0.8888890147
134186  -42.605  -37.150  76.981 0.8888890147
51887  -42.825  -36.281  77.039 0.8888890147
49502  -26.849  -38.019  77.782 0.4444440007
49487  -27.172  -37.783  78.756 0.5555559993
50714  -27.782  -37.129  79.397 0.6666669846
50716  -31.326  -37.405  79.292 0.8888890147
49515  -42.147  -37.980  76.823 0.7777780294
50754  -42.247  -37.224  76.294 0.8888890147
51874  -31.004  -37.016  77.849 0.7777780294
50725  -31.463  -37.540  78.393 0.7777780294
49514  -41.564  -38.522  76.392 0.7777780294
51885  -31.061  -37.085  77.132 0.7777780294
50726  -32.040  -38.119  78.154 0.7777780294
49530  -40.726  -38.761  75.212 0.7777780294
49531  -41.309  -38.352  75.650 0.8888890147
49527  -31.660  -37.705  75.837 0.5555559993
49528  -32.301  -38.226  75.876 0.5555559993
49529  -33.046  -38.698  75.880 0.5555559993
48422  -39.774  -38.920  73.963 0.7777780294
49547  -40.497  -38.556  74.407 0.7777780294
50764  -32.106  -37.896  75.123 0.4444440007
129153  -32.803  -38.414  75.151 0.5555559993
137954  -33.397  -38.806  75.264 0.5555559993
150649  -34.766  -39.290  74.384 0.3333329856
49544  -32.664  -38.013  74.263 0.3333329856
49546  -33.989  -38.783  74.046 0.3333329856
48417  -35.380  -39.131  73.566 0.2222220004
48419  -37.240  -39.351  73.485 0.4444440007
49562  -38.470  -38.779  73.030 0.5555559993
49563  -39.357  -38.590  73.238 0.5555559993
131804  -34.041  -38.355  73.439 0.1111110002
49558  -34.613  -38.756  73.520 0.1111110002
136057  -35.141  -38.578  73.115 0.1111110002
48418  -36.291  -39.299  73.527 0.2222220004
49561  -37.596  -38.887  72.926 0.3333329856
49572  -36.209  -38.218  72.663 0.1111110002
49560  -36.695  -38.854  72.928 0.2222220004
131439  -45.823  -37.183  82.812 0.2222220004
51818  -45.345  -36.039  83.031 0.3333329856
52890  -44.864  -34.556  82.581 0.4444440007
53875  -44.694  -34.015  82.255 0.4444440007
53874  -43.972  -34.259  81.981 0.4444440007
51847  -43.053  -35.775  79.441 0.8888890147
52905  -43.454  -34.889  79.740 0.8888890147
51833  -29.498  -36.363  80.984 0.8888890147
51876  -43.114  -35.836  77.772 0.8888890147
52916  -43.361  -35.387  78.688 0.8888890147
50715  -28.407  -36.633  79.999 0.8888890147
51832  -28.955  -36.333  80.534 0.8888890147
51844  -29.471  -36.074  80.093 0.8888890147
51843  -28.905  -36.038  79.740 0.7777780294
147139  -29.215  -35.845  79.547 0.8888890147
51835  -30.514  -36.666  80.402 0.8888890147
50705  -31.127  -37.234  80.147 0.8888890147
52941  -43.126  -35.417  76.991 0.8888890147
131373  -28.326  -36.299  79.212 0.6666669846
52903  -28.877  -35.656  79.033 0.7777780294
52904  -29.597  -35.761  79.270 0.7777780294
51845  -30.712  -36.721  79.603 0.8888890147
52940  -42.711  -35.875  76.366 0.8888890147
50724  -27.330  -37.342  77.987 0.6666669846
51854  -27.727  -36.828  78.585 0.6666669846
51856  -30.499  -36.252  78.183 0.7777780294
51857  -30.891  -36.862  78.709 0.7777780294
133011  -27.544  -36.360  76.776 0.4444440007
52939  -30.192  -35.795  76.722 0.6666669846
51884  -30.809  -36.734  76.545 0.6666669846
51883  -27.441  -36.325  75.911 0.4444440007
51872  -28.065  -35.541  77.420 0.4444440007
51894  -30.545  -36.355  75.801 0.6666669846
51895  -31.094  -37.113  75.787 0.5555559993
153391  -31.512  -37.369  75.077 0.5555559993
153784  -31.967  -37.541  74.488 0.4444440007
50786  -32.206  -37.330  73.756 0.1111110002
50787  -33.006  -37.615  73.435 0.1111110002
50788  -33.738  -37.820  73.166 0.1111110002
51917  -33.397  -37.260  72.997 0.1111110002
49570  -34.528  -38.086  72.980 0.1111110002
49571  -35.376  -38.133  72.781 0.1111110002
49574  -37.942  -38.233  72.495 0.3333329856
49575  -38.857  -38.118  72.544 0.4444440007
50699  -45.755  -36.358  82.113 0.3333329856
51838  -45.892  -35.732  81.499 0.2222220004
153536  -45.839  -36.691  81.061 0.1111110002
52897  -45.515  -34.445  82.139 0.3333329856
52906  -46.153  -35.230  80.971 0.1111110002
53884  -44.437  -33.746  81.356 0.5555559993
52898  -46.063  -34.045  81.641 0.2222220004
53896  -44.491  -33.565  80.405 0.5555559993
53897  -46.634  -33.724  81.339 0.1111110002
53907  -43.830  -34.534  78.992 0.7777780294
52930  -43.629  -34.900  77.817 0.8888890147
53920  -44.156  -34.154  78.289 0.8888890147
147901  -43.984  -34.292  77.401 0.8888890147
52913  -28.716  -35.324  78.184 0.6666669846
52914  -29.302  -35.435  78.602 0.7777780294
51855  -28.190  -35.911  78.391 0.6666669846
147478  -29.424  -35.271  77.967 0.6666669846
53929  -43.540  -34.634  76.833 0.8888890147
52927  -28.840  -35.047  77.437 0.5555559993
52928  -29.597  -35.271  77.297 0.5555559993
52950  -29.916  -35.528  75.810 0.5555559993
51904  -30.930  -36.257  74.014 0.3333329856
52917  -46.820  -35.208  79.374 0.1111110002
52908  -47.089  -34.330  80.262 0.1111110002
52918  -47.480  -34.825  79.399 0.1111110002
54900  -45.109  -33.182  81.048 0.5555559993
53898  -47.256  -33.277  81.171 0.1111110002
53909  -47.884  -34.054  80.095 0.1111110002
54920  -44.731  -33.637  78.707 0.7777780294
54909  -45.555  -32.795  80.467 0.2222220004
153577  -45.187  -33.372  78.114 0.7777780294
54922  -45.902  -32.580  79.631 0.3333329856
54929  -44.568  -33.855  77.547 0.8888890147
53930  -44.011  -34.020  76.663 0.8888890147
54930  -45.109  -33.439  77.284 0.8888890147
52954  -42.959  -34.981  76.219 0.8888890147
133167  -43.408  -34.238  76.048 1.0000000000
53941  -42.860  -34.565  75.399 1.0000000000
54951  -43.350  -33.943  75.401 1.0000000000
53900  -48.953  -33.153  80.415 0.1111110002
53899  -48.195  -33.159  80.744 0.2222220004
130567  -46.281  -32.603  78.639 0.4444440007
55901  -46.638  -32.143  79.938 0.2222220004
54902  -46.753  -32.550  81.303 0.2222220004
54931  -45.774  -33.044  77.629 0.5555559993
153393  -45.667  -32.948  78.583 0.6666669846
54940  -45.370  -33.168  76.659 0.6666669846
54963  -44.249  -33.103  74.992 1.0000000000
53942  -43.969  -33.610  75.758 1.0000000000
128358  -43.591  -33.514  74.913 1.0000000000
54913  -49.038  -32.380  80.522 0.1111110002
56871  -48.998  -31.219  79.997 0.2222220004
55891  -48.594  -31.710  80.533 0.2222220004
54914  -49.670  -32.551  79.917 0.2222220004
54912  -48.371  -32.357  80.796 0.1111110002
55903  -48.290  -31.434  80.024 0.2222220004
133760  -47.038  -32.088  78.921 0.2222220004
137901  -47.721  -31.719  79.202 0.2222220004
55914  -48.282  -31.559  78.613 0.2222220004
55912  -46.764  -32.634  77.551 0.5555559993
55924  -47.565  -32.398  76.879 0.5555559993
55925  -48.274  -31.977  77.349 0.2222220004
54941  -46.081  -32.901  76.832 0.5555559993
55923  -46.697  -32.657  76.420 0.6666669846
54964  -44.893  -32.778  74.965 0.8888890147
55934  -45.569  -32.626  75.253 0.8888890147
55935  -46.454  -32.484  75.536 0.7777780294
55947  -45.284  -32.350  74.560 1.0000000000
55945  -43.835  -32.984  74.209 1.0000000000
55946  -44.552  -32.605  74.393 1.0000000000
55957  -43.660  -32.691  73.525 1.0000000000
55958  -44.243  -32.297  73.630 1.0000000000
55971  -42.946  -32.494  72.424 1.0000000000
54991  -43.225  -32.878  73.140 1.0000000000
55892  -49.202  -31.726  80.234 0.2222220004
55893  -49.951  -31.977  79.687 0.1111110002
56872  -49.434  -31.266  79.748 0.2222220004
56890  -48.867  -30.974  79.196 0.2222220004
56891  -49.510  -30.587  78.480 0.2222220004
56912  -49.317  -31.044  76.998 0.3333329856
56901  -48.830  -31.332  77.905 0.2222220004
131864  -48.723  -31.730  76.845 0.2222220004
55936  -47.979  -31.956  75.402 0.5555559993
55937  -48.195  -32.090  76.342 0.6666669846
55949  -47.103  -32.116  75.030 0.7777780294
55948  -46.151  -32.199  74.759 0.7777780294
56922  -46.796  -31.774  74.276 0.7777780294
55960  -45.761  -31.852  73.973 1.0000000000
56947  -44.312  -31.709  72.885 1.0000000000
55985  -43.246  -31.843  72.054 1.0000000000
55972  -43.601  -32.193  72.887 1.0000000000
55984  -42.579  -32.130  71.663 1.0000000000
55904  -50.502  -31.839  79.118 0.1111110002
56881  -49.631  -30.706  79.278 0.2222220004
57981  -49.972  -30.112  77.690 0.2222220004
57995  -49.298  -30.866  75.622 0.4444440007
56924  -48.466  -31.412  75.000 0.5555559993
56935  -46.579  -31.407  73.565 0.7777780294
56936  -47.402  -31.324  73.878 0.7777780294
128996  -45.749  -31.384  73.202 0.8888890147
56949  -46.521  -30.982  72.838 0.8888890147
56961  -44.356  -31.075  72.232 1.0000000000
133433  -45.022  -31.272  72.783 1.0000000000
56960  -43.626  -31.084  71.741 1.0000000000
56946  -43.793  -31.567  72.377 1.0000000000
134299  -42.862  -31.404  71.336 1.0000000000
56972  -42.420  -30.982  70.564 1.0000000000
56970  -41.217  -31.230  69.928 0.7777780294
56971  -41.784  -31.379  70.410 0.8888890147
58074  -40.838  -30.777  69.232 0.4444440007
56882  -50.132  -30.982  79.322 0.1111110002
57968  -50.176  -30.172  78.444 0.1111110002
57957  -50.354  -30.318  78.674 0.1111110002
59103  -50.359  -29.610  76.785 0.2222220004
59093  -50.536  -29.728  77.730 0.2222220004
58008  -49.364  -30.278  74.712 0.4444440007
59112  -50.060  -29.820  75.802 0.2222220004
58007  -48.801  -30.896  74.601 0.4444440007
56937  -48.164  -31.136  74.186 0.5555559993
58021  -48.678  -30.493  73.821 0.7777780294
130223  -47.870  -30.859  73.453 0.6666669846
153517  -47.187  -31.074  73.294 0.7777780294
58020  -47.408  -30.684  72.825 0.7777780294
56948  -45.698  -31.024  72.645 1.0000000000
58051  -46.461  -30.218  71.600 0.8888890147
58036  -46.895  -30.478  72.260 0.8888890147
56962  -45.209  -30.827  72.195 1.0000000000
134770  -44.698  -30.604  71.650 1.0000000000
58050  -45.542  -30.392  71.565 1.0000000000
58065  -46.008  -29.955  70.764 1.0000000000
58048  -43.228  -30.752  70.969 1.0000000000
153873  -44.154  -30.768  71.727 1.0000000000
58049  -44.078  -30.503  71.165 1.0000000000
132597  -43.677  -30.340  70.531 1.0000000000
56984  -41.826  -30.945  70.061 0.8888890147
58076  -42.286  -30.492  69.791 0.8888890147
58075  -41.565  -30.632  69.488 0.6666669846
58089  -42.100  -30.207  68.974 0.7777780294
150674  -40.556  -30.434  68.450 0.3333329856
58106  -41.944  -30.003  68.109 0.3333329856
149620  -42.631  -29.962  68.396 0.7777780294
58105  -41.108  -30.037  67.734 0.2222220004
57958  -51.143  -30.483  78.314 0.1111110002
59094  -50.807  -29.489  77.562 0.1111110002
59119  -49.926  -29.451  74.770 0.3333329856
59120  -50.517  -28.964  75.576 0.3333329856
59125  -49.002  -29.792  73.251 0.4444440007
59137  -49.358  -29.235  72.819 0.4444440007
154453  -47.599  -30.287  72.341 0.7777780294
58037  -48.220  -30.269  72.851 0.6666669846
59145  -47.886  -29.675  71.229 0.7777780294
59158  -48.459  -29.176  70.720 0.7777780294
58052  -47.324  -30.045  71.745 0.7777780294
59157  -47.676  -29.479  70.434 0.7777780294
60287  -48.237  -28.864  69.805 0.7777780294
59156  -46.885  -29.652  70.175 0.8888890147
60294  -47.610  -28.894  69.131 0.7777780294
60295  -48.251  -28.194  68.982 0.6666669846
61329  -48.696  -27.328  68.993 0.6666669846
129151  -44.966  -30.195  70.959 1.0000000000
59155  -45.244  -29.881  70.132 1.0000000000
59165  -46.919  -29.374  69.369 1.0000000000
130862  -47.586  -28.231  68.472 0.7777780294
60305  -48.044  -27.311  68.464 0.7777780294
58064  -44.376  -30.120  70.371 1.0000000000
129506  -46.136  -29.702  69.778 1.0000000000
139132  -46.294  -29.421  68.868 1.0000000000
59175  -46.977  -28.908  68.615 0.8888890147
61342  -47.325  -27.288  67.888 0.8888890147
151743  -47.851  -26.509  68.071 0.7777780294
58063  -43.010  -30.359  70.211 1.0000000000
58077  -43.765  -30.089  69.806 0.8888890147
59163  -44.614  -29.893  69.535 0.8888890147
153161  -45.696  -29.452  68.465 1.0000000000
60304  -46.983  -28.300  68.055 0.8888890147
60323  -46.558  -27.826  67.497 1.0000000000
58090  -42.998  -30.029  69.222 0.8888890147
59162  -43.995  -29.888  68.906 0.8888890147
59173  -44.911  -29.726  68.645 0.8888890147
59164  -45.500  -29.716  69.237 0.8888890147
59174  -46.279  -28.847  68.004 1.0000000000
61361  -47.440  -26.267  67.537 1.0000000000
59172  -43.408  -29.868  68.193 0.8888890147
128403  -44.338  -29.720  67.962 0.8888890147
59184  -45.289  -29.227  67.720 1.0000000000
60322  -45.794  -28.300  67.238 1.0000000000
61360  -46.706  -26.654  67.261 1.0000000000
62334  -46.909  -26.041  67.008 1.0000000000
59183  -44.486  -29.209  67.156 0.8888890147
60321  -45.280  -27.706  66.666 1.0000000000
61359  -45.980  -27.148  66.950 1.0000000000
61368  -46.226  -26.331  66.633 1.0000000000
59196  -42.264  -29.674  66.445 0.2222220004
59182  -43.688  -29.613  67.330 0.6666669846
59198  -43.928  -29.170  66.680 0.6666669846
137285  -45.082  -28.587  67.032 0.8888890147
128716  -43.205  -29.473  66.605 0.4444440007
59197  -43.636  -28.736  66.073 0.5555559993
135983  -44.500  -28.364  66.430 0.7777780294
60337  -44.766  -27.152  66.081 0.8888890147
61367  -45.503  -26.671  66.367 0.8888890147
59215  -42.083  -29.296  65.600 0.4444440007
149401  -42.573  -28.741  65.332 0.5555559993
60349  -43.188  -28.310  65.456 0.5555559993
60350  -43.960  -27.613  65.660 0.6666669846
61377  -45.075  -26.392  65.780 0.8888890147
60348  -42.666  -28.022  64.911 0.5555559993
60239  -51.166  -28.647  76.440 0.1111110002
59095  -51.193  -29.320  77.336 0.1111110002
59113  -50.788  -29.030  76.375 0.3333329856
60259  -50.456  -28.565  74.904 0.3333329856
136939  -51.035  -28.135  75.872 0.2222220004
59126  -49.800  -29.048  73.774 0.4444440007
139703  -50.372  -28.247  74.227 0.2222220004
59136  -48.785  -29.605  72.388 0.4444440007
59147  -49.369  -28.915  71.989 0.4444440007
59146  -48.626  -29.397  71.553 0.6666669846
60284  -49.057  -28.864  71.143 0.6666669846
60288  -49.099  -28.363  70.347 0.7777780294
150090  -48.788  -28.092  69.507 0.6666669846
62290  -49.129  -26.538  69.065 0.5555559993
62307  -48.956  -26.074  68.541 0.6666669846
61343  -48.499  -26.532  68.444 0.6666669846
62323  -48.163  -25.972  67.979 0.7777780294
63515  -48.983  -25.791  68.234 0.6666669846
63526  -49.376  -25.529  67.852 0.7777780294
63525  -48.392  -25.799  67.615 0.8888890147
63540  -48.853  -25.772  67.146 0.8888890147
63524  -48.013  -25.818  66.989 0.8888890147
62343  -48.656  -26.100  66.403 0.8888890147
62335  -47.652  -25.935  67.309 0.8888890147
131044  -47.929  -26.114  66.126 0.8888890147
152531  -49.102  -26.406  66.004 0.8888890147
147402  -47.164  -26.113  65.850 0.7777780294
62362  -47.923  -26.437  65.204 0.7777780294
62341  -46.460  -26.030  66.315 0.7777780294
62361  -46.453  -26.134  65.534 0.7777780294
62340  -45.743  -26.131  66.077 0.8888890147
62360  -45.359  -26.133  65.520 0.8888890147
61390  -42.680  -27.060  64.601 0.5555559993
61391  -43.374  -26.620  64.726 0.7777780294
62359  -44.680  -26.205  65.214 0.7777780294
62358  -44.002  -26.341  64.957 0.7777780294
59105  -51.549  -28.814  76.708 0.1111110002
60240  -51.390  -28.351  76.296 0.1111110002
138761  -51.319  -28.211  76.124 0.1111110002
61264  -51.371  -27.355  75.452 0.2222220004
61282  -51.246  -26.825  74.640 0.2222220004
60269  -50.169  -28.282  73.572 0.3333329856
60278  -50.341  -27.792  73.100 0.3333329856
61307  -50.450  -27.134  72.579 0.3333329856
61315  -50.118  -27.374  71.627 0.3333329856
62280  -50.102  -26.443  71.206 0.3333329856
61323  -49.725  -27.396  70.649 0.4444440007
62291  -49.656  -26.342  70.061 0.3333329856
62292  -50.186  -25.395  70.920 0.3333329856
61322  -49.252  -27.347  69.715 0.6666669846
63488  -49.816  -25.574  69.930 0.3333329856
63489  -50.185  -24.756  70.297 0.3333329856
62308  -49.496  -25.969  69.198 0.5555559993
63503  -49.442  -25.774  68.745 0.6666669846
64603  -50.246  -24.623  69.563 0.3333329856
64611  -50.530  -24.601  68.847 0.3333329856
146319  -49.750  -25.271  68.702 0.5555559993
63516  -50.231  -25.084  68.153 0.6666669846
64623  -50.948  -24.695  68.288 0.4444440007
145468  -49.716  -25.743  67.143 0.7777780294
139600  -50.137  -25.402  67.576 0.6666669846
63527  -51.001  -25.164  67.661 0.3333329856
62344  -49.436  -26.187  66.499 0.8888890147
63541  -50.553  -25.745  67.090 0.8888890147
63542  -51.490  -25.783  67.070 0.5555559993
62345  -50.881  -26.350  66.474 0.7777780294
62364  -49.636  -26.738  65.614 0.8888890147
62365  -50.555  -26.907  65.697 0.8888890147
62385  -49.404  -27.086  64.505 0.7777780294
150861  -45.884  -26.013  65.823 0.8888890147
140676  -45.817  -26.155  65.173 0.8888890147
62383  -47.205  -26.437  64.974 0.7777780294
62381  -45.123  -26.115  64.817 0.8888890147
62382  -46.559  -26.425  64.644 0.7777780294
62378  -42.813  -26.386  64.198 0.6666669846
62379  -43.560  -26.209  64.327 0.7777780294
62380  -44.306  -26.102  64.444 0.7777780294
133856  -45.133  -26.287  63.815 0.6666669846
62399  -43.104  -26.067  63.611 0.5555559993
140675  -43.761  -26.022  63.866 0.7777780294
62400  -44.372  -26.137  63.441 0.6666669846
129282  -45.135  -26.341  62.804 0.6666669846
62428  -44.376  -26.263  62.492 0.6666669846
61298  -50.810  -26.810  73.625 0.2222220004
62258  -51.651  -26.350  74.566 0.2222220004
62266  -52.244  -26.051  74.104 0.1111110002
62272  -50.898  -25.976  73.009 0.3333329856
62264  -51.360  -26.079  74.035 0.3333329856
61316  -50.429  -26.529  72.082 0.3333329856
62281  -50.564  -25.612  71.994 0.3333329856
64580  -50.911  -23.973  71.731 0.3333329856
140895  -50.480  -24.538  71.154 0.3333329856
62282  -52.723  -25.389  72.542 0.2222220004
131678  -50.543  -24.062  70.248 0.3333329856
150685  -52.880  -24.925  71.799 0.2222220004
64604  -51.027  -23.839  69.715 0.3333329856
64612  -51.400  -24.148  68.858 0.3333329856
65610  -52.016  -23.230  70.381 0.3333329856
64605  -51.903  -23.584  69.499 0.3333329856
64624  -51.769  -24.586  68.170 0.3333329856
64613  -52.497  -23.882  68.870 0.3333329856
63529  -53.171  -25.077  67.706 0.3333329856
63530  -54.406  -24.579  67.856 0.3333329856
62346  -51.927  -26.445  66.493 0.6666669846
63545  -54.858  -25.480  67.240 0.3333329856
62366  -51.455  -26.961  65.814 0.7777780294
62348  -54.103  -26.602  66.409 0.5555559993
62386  -50.315  -27.232  64.789 0.7777780294
61378  -51.155  -27.295  65.009 0.8888890147
61380  -52.788  -27.393  65.032 0.7777780294
62384  -48.566  -26.822  64.523 0.7777780294
61408  -51.051  -27.363  64.079 0.7777780294
61392  -51.681  -27.391  64.393 0.8888890147
61393  -52.361  -27.411  64.303 0.7777780294
128834  -47.855  -26.667  64.340 0.7777780294
146279  -48.977  -27.068  63.998 0.7777780294
62406  -50.269  -27.277  63.731 0.7777780294
61409  -51.851  -27.329  63.582 0.7777780294
62405  -49.430  -27.137  63.337 0.7777780294
62402  -46.777  -26.616  63.723 0.7777780294
128832  -48.143  -26.877  62.805 0.7777780294
62431  -48.867  -26.981  62.758 0.7777780294
128945  -50.344  -27.119  62.675 0.7777780294
62401  -45.901  -26.437  64.208 0.7777780294
128833  -47.226  -26.734  62.722 0.7777780294
149782  -46.071  -26.563  63.032 0.7777780294
62430  -48.634  -26.818  62.088 0.7777780294
146155  -49.524  -26.925  62.191 0.7777780294
128831  -45.094  -26.407  61.826 0.6666669846
128830  -45.769  -26.504  62.147 0.7777780294
130165  -47.386  -26.704  61.800 0.7777780294
62449  -48.153  -26.639  61.269 0.7777780294
62447  -45.969  -26.540  61.222 0.7777780294
62448  -46.997  -26.607  61.050 0.7777780294
62464  -48.342  -26.348  60.483 0.7777780294
143675  -46.788  -26.412  60.216 0.5555559993
62479  -48.001  -26.108  59.867 0.7777780294
63591  -48.720  -25.985  60.128 0.7777780294
62491  -45.476  -26.059  58.407 0.5555559993
63605  -46.973  -25.830  58.848 0.5555559993
63606  -47.658  -25.720  59.163 0.6666669846
63621  -46.664  -25.468  58.092 0.5555559993
63636  -45.563  -25.334  57.182 0.3333329856
63651  -46.288  -25.030  57.258 0.5555559993
62259  -52.006  -26.376  74.714 0.2222220004
62265  -51.813  -25.933  74.113 0.2222220004
63467  -52.000  -25.417  73.575 0.2222220004
63470  -51.152  -25.005  72.727 0.3333329856
63471  -51.815  -24.852  72.983 0.3333329856
64567  -51.439  -24.317  72.370 0.3333329856
63478  -52.579  -24.516  72.151 0.3333329856
64581  -51.765  -23.694  71.982 0.3333329856
65597  -52.181  -23.286  71.323 0.3333329856
63479  -53.274  -23.988  71.452 0.3333329856
64595  -53.732  -23.525  70.844 0.3333329856
64593  -51.217  -23.496  70.705 0.3333329856
64594  -53.056  -23.458  71.331 0.3333329856
65612  -54.575  -23.700  70.246 0.3333329856
65622  -54.702  -23.543  69.804 0.3333329856
64606  -55.072  -23.853  70.147 0.3333329856
64607  -55.931  -23.902  69.414 0.2222220004
65627  -53.412  -23.455  69.400 0.3333329856
65628  -54.228  -23.506  69.378 0.3333329856
64616  -55.909  -23.762  69.155 0.2222220004
64617  -57.299  -24.569  68.254 0.2222220004
64615  -54.398  -23.872  68.619 0.3333329856
63531  -55.710  -24.356  67.892 0.3333329856
63532  -56.752  -24.342  67.977 0.2222220004
62350  -56.512  -25.995  66.684 0.2222220004
63548  -58.124  -25.083  67.501 0.2222220004
62369  -54.790  -27.127  65.809 0.3333329856
62370  -55.770  -26.988  65.901 0.2222220004
139775  -57.746  -26.611  65.713 0.2222220004
61381  -53.613  -27.430  64.953 0.6666669846
61384  -57.518  -26.935  64.853 0.3333329856
61394  -53.151  -27.410  64.267 0.8888890147
145787  -54.895  -27.339  64.446 0.6666669846
61383  -56.081  -27.260  65.238 0.3333329856
61410  -52.708  -27.303  63.611 0.8888890147
61412  -54.685  -27.173  63.792 0.6666669846
61413  -55.531  -27.147  63.945 0.4444440007
61421  -51.067  -27.258  63.163 0.7777780294
139504  -51.161  -26.952  62.339 0.7777780294
62407  -52.337  -27.057  62.942 0.7777780294
62408  -53.131  -26.990  63.046 0.7777780294
62409  -54.042  -26.958  63.275 0.7777780294
62451  -50.435  -26.695  61.721 0.7777780294
62450  -49.631  -26.625  61.481 0.7777780294
62452  -51.400  -26.417  61.674 0.7777780294
152040  -49.048  -26.699  61.573 0.7777780294
62465  -49.082  -26.421  60.863 0.7777780294
62466  -49.971  -26.242  61.000 0.7777780294
63607  -48.357  -25.586  59.465 0.6666669846
63608  -49.123  -25.357  59.739 0.6666669846
63622  -47.355  -25.377  58.434 0.6666669846
63623  -48.031  -25.226  58.781 0.6666669846
62504  -45.162  -25.778  57.649 0.5555559993
63637  -47.082  -24.982  57.725 0.6666669846
64695  -47.739  -24.869  58.127 0.6666669846
64697  -49.177  -24.182  58.806 0.6666669846
63664  -44.279  -24.960  55.921 0.1111110002
64722  -44.960  -24.812  56.052 0.3333329856
64723  -45.566  -24.887  56.552 0.5555559993
64708  -46.902  -24.483  57.048 0.5555559993
153091  -47.431  -24.015  56.954 0.6666669846
65697  -48.796  -23.857  58.167 0.6666669846
62414  -59.530  -26.328  63.812 0.2222220004
63558  -60.273  -25.735  63.306 0.2222220004
62387  -57.193  -26.923  64.026 0.3333329856
62415  -60.971  -26.467  63.672 0.1111110002
62411  -55.884  -26.686  63.333 0.5555559993
62412  -56.782  -26.592  63.429 0.4444440007
62436  -55.416  -26.185  62.826 0.6666669846
62434  -53.582  -26.440  62.528 0.7777780294
62435  -54.499  -26.291  62.673 0.7777780294
62432  -51.934  -26.744  62.299 0.7777780294
62433  -52.723  -26.593  62.391 0.8888890147
63567  -53.065  -25.923  61.945 0.7777780294
63568  -53.978  -25.523  62.131 0.7777780294
62453  -52.239  -26.168  61.772 0.7777780294
63581  -50.793  -25.999  61.121 0.7777780294
63583  -52.491  -25.368  61.516 0.7777780294
63593  -50.265  -25.558  60.580 0.7777780294
63582  -51.646  -25.539  61.251 0.7777780294
63594  -50.951  -25.166  60.737 0.7777780294
63609  -49.890  -25.090  60.009 0.6666669846
64684  -50.358  -24.289  59.768 0.7777780294
64666  -50.994  -24.393  60.325 0.7777780294
64683  -49.549  -24.595  59.419 0.6666669846
65669  -50.987  -23.777  59.935 0.7777780294
65699  -50.264  -23.085  58.783 0.6666669846
66604  -50.987  -22.732  59.100 0.7777780294
64738  -45.501  -24.255  55.743 0.3333329856
149992  -46.913  -23.912  56.428 0.5555559993
65726  -47.586  -23.455  56.551 0.5555559993
65712  -48.247  -23.610  57.373 0.5555559993
65698  -49.545  -23.448  58.479 0.6666669846
66617  -49.894  -22.707  58.170 0.7777780294
66618  -50.599  -22.342  58.486 0.7777780294
65739  -46.327  -23.710  55.789 0.3333329856
65740  -47.075  -23.241  55.893 0.4444440007
66647  -47.775  -22.808  56.125 0.5555559993
66633  -48.833  -22.716  57.190 0.6666669846
66634  -49.559  -22.336  57.551 0.6666669846
66635  -50.250  -21.965  57.875 0.7777780294
62413  -57.899  -26.449  63.548 0.2222220004
62438  -57.276  -26.039  63.034 0.4444440007
62439  -58.549  -25.776  63.043 0.3333329856
62437  -56.313  -26.114  62.957 0.4444440007
63570  -55.864  -25.493  62.522 0.4444440007
64648  -56.303  -24.735  62.353 0.4444440007
63569  -54.964  -25.509  62.368 0.5555559993
63584  -53.256  -25.056  61.709 0.8888890147
148208  -53.860  -24.595  61.907 0.5555559993
64667  -51.580  -24.601  60.819 0.7777780294
64658  -52.690  -24.490  61.409 0.7777780294
64668  -52.189  -24.054  61.019 0.7777780294
65671  -52.427  -23.283  60.761 0.7777780294
65670  -51.634  -23.696  60.413 0.7777780294
66590  -52.058  -22.841  60.108 0.7777780294
66591  -52.852  -22.520  60.524 0.7777780294
65687  -51.326  -23.125  59.750 0.7777780294
66606  -52.410  -22.099  59.751 0.7777780294
66619  -51.304  -21.997  58.802 0.7777780294
67563  -50.927  -21.603  58.205 0.7777780294
67564  -51.622  -21.316  58.467 0.7777780294
66655  -46.495  -22.850  55.200 0.3333329856
66656  -47.314  -22.475  55.528 0.4444440007
66648  -48.461  -22.375  56.505 0.5555559993
67586  -48.743  -21.661  56.270 0.7777780294
67578  -49.898  -21.559  57.288 0.7777780294
68585  -50.886  -20.533  57.359 0.7777780294
67605  -46.555  -21.571  54.365 0.4444440007
67596  -48.346  -21.360  55.688 0.5555559993
130575  -48.984  -21.049  56.063 0.6666669846
67587  -49.526  -21.122  56.607 0.7777780294
67588  -50.249  -20.817  57.065 0.7777780294
68593  -50.542  -20.237  56.903 0.7777780294
63572  -57.578  -25.467  62.689 0.3333329856
139006  -59.626  -25.034  62.746 0.3333329856
64649  -57.217  -24.774  62.410 0.4444440007
64650  -58.285  -24.923  62.527 0.3333329856
64647  -55.432  -24.712  62.263 0.5555559993
140416  -56.729  -23.902  62.377 0.4444440007
65662  -53.562  -23.217  61.619 0.6666669846
64660  -54.170  -23.738  62.057 0.5555559993
65672  -53.023  -23.055  61.071 0.8888890147
66592  -53.395  -22.631  61.125 0.6666669846
132276  -53.559  -22.050  60.767 0.5555559993
67528  -53.140  -21.769  60.026 0.6666669846
67542  -51.997  -21.677  59.098 0.7777780294
68562  -53.097  -20.668  58.954 0.6666669846
67565  -52.334  -20.985  58.686 0.7777780294
68575  -51.912  -20.715  58.142 0.7777780294
68576  -52.665  -20.108  58.158 0.7777780294
68586  -51.672  -20.195  57.572 0.7777780294
68609  -47.664  -20.451  54.561 0.4444440007
67607  -47.974  -20.952  55.141 0.5555559993
67597  -49.361  -20.502  56.070 0.7777780294
68592  -50.000  -20.346  56.528 0.7777780294
68610  -48.365  -20.214  55.075 0.5555559993
68601  -49.025  -20.036  55.544 0.7777780294
69623  -50.519  -19.656  56.441 0.7777780294
140047  -59.225  -23.941  62.403 0.3333329856
147498  -60.243  -23.604  62.350 0.3333329856
140415  -57.778  -23.897  62.402 0.4444440007
65653  -58.390  -22.982  62.551 0.3333329856
140003  -55.849  -23.914  62.357 0.4444440007
146469  -56.214  -23.198  62.584 0.4444440007
66570  -57.856  -22.090  63.205 0.3333329856
134603  -57.113  -22.911  62.680 0.4444440007
134418  -55.010  -23.839  62.309 0.5555559993
65652  -55.529  -23.116  62.517 0.4444440007
65651  -54.818  -23.111  62.322 0.5555559993
67514  -55.433  -21.641  61.915 0.5555559993
66593  -54.043  -22.423  61.528 0.5555559993
67513  -54.746  -21.938  61.690 0.5555559993
67530  -54.995  -21.266  61.154 0.5555559993
67529  -54.261  -21.664  60.984 0.5555559993
68547  -54.503  -20.961  60.415 0.5555559993
68548  -55.322  -20.447  60.531 0.5555559993
67544  -53.443  -21.079  59.612 0.5555559993
151962  -54.060  -20.829  59.842 0.5555559993
68564  -54.601  -20.247  59.722 0.5555559993
131082  -54.819  -19.470  59.190 0.5555559993
68577  -53.567  -19.983  58.708 0.6666669846
69600  -54.199  -19.890  59.086 0.5555559993
69610  -54.188  -19.308  58.557 0.6666669846
155239  -53.431  -19.492  58.223 0.6666669846
69625  -51.968  -19.039  56.859 0.7777780294
69616  -53.026  -19.209  57.715 0.7777780294
70611  -48.375  -18.461  54.259 0.2222220004
69643  -48.928  -18.952  54.914 0.7777780294
69636  -50.126  -19.145  55.753 0.7777780294
69624  -51.277  -19.290  56.644 0.7777780294
150131  -51.630  -19.585  57.119 0.7777780294
129401  -46.726  -19.400  53.626 0.2222220004
69634  -48.751  -19.628  55.117 0.6666669846
69635  -49.397  -19.367  55.436 0.7777780294
147750  -50.582  -14.586  54.732 0.7777780294
74622  -51.011  -13.924  54.811 0.7777780294
75631  -50.505  -13.071  54.407 0.7777780294
66571  -58.882  -22.065  62.983 0.3333329856
66572  -59.775  -21.808  62.562 0.4444440007
128461  -58.484  -21.510  63.442 0.3333329856
66569  -56.230  -22.462  62.717 0.4444440007
135868  -57.112  -22.095  63.072 0.4444440007
67499  -57.811  -21.570  63.290 0.4444440007
67515  -56.201  -21.440  62.328 0.4444440007
67498  -56.699  -21.853  62.908 0.4444440007
68512  -57.120  -21.230  62.865 0.4444440007
68528  -55.744  -20.938  61.479 0.4444440007
69576  -56.988  -20.014  61.450 0.4444440007
69591  -57.356  -19.272  61.033 0.4444440007
70553  -57.699  -18.511  60.682 0.4444440007
68549  -56.187  -20.273  60.977 0.4444440007
69590  -56.532  -19.572  60.608 0.5555559993
70552  -56.829  -18.869  60.225 0.4444440007
70565  -57.171  -18.147  59.833 0.4444440007
69602  -56.089  -19.252  59.914 0.5555559993
70564  -56.319  -18.509  59.498 0.5555559993
70563  -55.545  -18.971  59.307 0.5555559993
70576  -55.716  -18.178  58.792 0.5555559993
70577  -56.622  -17.609  59.046 0.4444440007
70575  -54.412  -18.610  58.171 0.7777780294
69611  -54.961  -18.758  58.667 0.6666669846
70586  -53.411  -18.484  57.388 0.7777780294
70595  -51.603  -18.586  56.326 0.7777780294
70628  -47.729  -18.225  53.760 0.3333329856
70612  -49.229  -18.163  54.736 0.7777780294
70605  -51.187  -18.086  55.710 0.7777780294
143961  -51.545  -17.258  55.467 0.7777780294
152287  -46.934  -16.777  53.605 0.2222220004
72605  -47.545  -16.436  53.758 0.2222220004
71537  -48.770  -17.567  54.338 0.6666669846
71538  -49.619  -17.305  54.679 0.7777780294
72580  -51.043  -16.613  55.055 0.7777780294
73591  -50.663  -16.057  54.812 0.7777780294
73609  -51.202  -14.921  54.937 0.7777780294
129172  -46.833  -15.964  53.685 0.2222220004
75662  -51.151  -13.287  51.987 0.6666669846
131689  -50.847  -13.614  51.104 0.5555559993
67501  -59.598  -20.816  63.707 0.4444440007
67500  -58.848  -20.958  63.861 0.4444440007
133732  -58.210  -20.929  63.487 0.4444440007
68513  -58.519  -20.160  63.309 0.4444440007
68530  -57.499  -20.488  62.550 0.4444440007
69577  -57.899  -19.696  62.081 0.4444440007
70543  -58.329  -18.888  61.678 0.4444440007
71486  -57.539  -17.407  59.569 0.4444440007
71497  -56.680  -16.780  58.455 0.5555559993
147001  -57.195  -16.984  59.004 0.4444440007
71495  -54.978  -17.943  58.061 0.7777780294
70587  -54.157  -18.187  57.645 0.7777780294
70596  -52.339  -18.361  56.567 0.7777780294
71505  -53.761  -17.759  57.074 0.7777780294
71517  -54.027  -17.199  56.793 0.7777780294
70597  -53.072  -18.097  56.768 0.7777780294
150788  -53.366  -17.251  56.383 0.7777780294
72570  -53.633  -16.564  56.110 0.7777780294
72571  -54.457  -16.715  56.754 0.7777780294
73580  -54.193  -16.085  56.150 0.7777780294
71515  -51.983  -17.850  56.027 0.7777780294
71526  -52.517  -17.083  55.756 0.7777780294
151479  -53.160  -16.636  55.857 0.7777780294
139546  -52.686  -16.141  55.512 0.7777780294
135020  -52.955  -15.268  55.445 0.7777780294
73594  -53.874  -15.091  55.701 0.7777780294
147986  -51.861  -16.396  55.306 0.7777780294
73593  -52.012  -15.367  55.229 0.7777780294
74607  -52.375  -14.435  55.281 0.7777780294
76653  -53.349  -11.861  55.340 0.7777780294
77706  -52.397  -11.819  54.295 0.7777780294
76652  -52.495  -11.988  54.881 0.7777780294
76663  -51.839  -12.162  54.345 0.7777780294
76674  -51.221  -12.359  53.805 0.7777780294
76686  -51.326  -12.576  52.934 0.7777780294
76692  -51.875  -13.041  52.071 0.7777780294
75672  -51.749  -13.401  51.246 0.5555559993
75684  -50.461  -13.604  50.192 0.4444440007
70544  -59.541  -18.342  62.631 0.4444440007
70554  -58.746  -18.090  61.321 0.4444440007
71469  -59.891  -17.525  62.102 0.4444440007
71478  -58.070  -17.778  60.360 0.4444440007
72537  -59.568  -16.656  60.701 0.4444440007
71487  -58.476  -17.086  60.057 0.4444440007
72550  -58.845  -16.396  59.755 0.4444440007
72557  -57.410  -16.397  58.646 0.4444440007
71496  -55.866  -17.266  58.197 0.6666669846
71506  -54.520  -17.383  57.324 0.7777780294
72564  -55.057  -16.684  57.193 0.7777780294
72565  -56.198  -16.421  57.782 0.5555559993
73572  -55.646  -16.014  57.156 0.7777780294
73582  -55.958  -15.183  56.849 0.6666669846
72572  -54.930  -16.041  56.654 0.7777780294
73581  -55.348  -15.432  56.623 0.7777780294
133104  -54.274  -11.486  55.559 0.7777780294
77699  -53.787  -11.286  55.060 0.7777780294
77707  -53.089  -11.531  54.580 0.7777780294
77716  -52.684  -11.639  53.877 0.7777780294
77725  -52.817  -11.806  53.128 0.7777780294
76687  -52.304  -12.380  52.597 0.7777780294
76688  -53.170  -12.187  52.193 0.7777780294
75673  -52.637  -12.912  51.517 0.7777780294
75685  -51.408  -13.537  50.314 0.5555559993
75686  -52.354  -13.273  50.397 0.5555559993
75699  -51.062  -13.374  49.320 0.4444440007
72551  -59.912  -15.979  60.380 0.4444440007
73558  -59.159  -15.709  59.424 0.5555559993
73566  -57.668  -15.697  58.283 0.5555559993
72558  -58.228  -16.075  58.953 0.5555559993
72566  -56.913  -16.043  58.019 0.5555559993
74586  -57.438  -14.503  57.335 0.5555559993
74585  -56.664  -14.895  57.119 0.5555559993
78752  -54.588  -10.885  55.061 0.7777780294
77726  -53.638  -11.634  52.773 0.7777780294
77733  -53.972  -11.941  51.864 0.7777780294
76705  -53.105  -12.849  50.700 0.5555559993
76720  -51.822  -13.136  48.960 0.4444440007
76721  -52.422  -13.080  49.435 0.5555559993
75710  -51.286  -12.987  48.571 0.4444440007
75709  -50.466  -12.908  48.481 0.4444440007
73559  -60.201  -15.315  60.031 0.4444440007
74568  -60.389  -14.653  59.725 0.3333329856
74577  -59.568  -14.362  58.810 0.5555559993
143540  -58.519  -15.391  58.606 0.5555559993
74587  -58.287  -14.306  57.709 0.5555559993
73574  -57.965  -15.000  57.933 0.5555559993
75612  -57.252  -13.735  56.957 0.6666669846
75601  -57.789  -13.119  57.141 0.6666669846
76643  -56.893  -12.826  56.740 0.6666669846
131932  -56.743  -11.755  56.660 0.6666669846
77701  -55.863  -10.827  56.040 0.6666669846
78753  -55.526  -10.702  55.447 0.7777780294
78764  -55.396  -10.582  54.526 0.7777780294
77727  -54.427  -11.443  52.422 0.7777780294
76693  -53.519  -12.425  51.292 0.7777780294
76706  -53.795  -12.368  50.383 0.7777780294
76694  -54.154  -12.060  51.078 0.7777780294
131571  -52.952  -12.732  49.188 0.6666669846
138703  -51.799  -12.777  48.363 0.4444440007
75602  -58.609  -13.499  57.702 0.6666669846
76634  -58.361  -12.461  57.569 0.6666669846
76633  -57.503  -12.128  57.056 0.6666669846
78744  -56.748  -10.849  56.404 0.6666669846
78754  -56.307  -10.539  55.756 0.6666669846
78765  -56.173  -10.384  54.904 0.7777780294
137726  -56.223  -10.424  53.888 0.7777780294
134362  -55.673  -10.714  52.459 0.7777780294
77734  -54.679  -11.565  51.400 0.7777780294
77735  -55.268  -11.126  51.267 0.7777780294
76733  -53.239  -12.377  48.600 0.6666669846
76722  -53.580  -12.413  49.464 0.6666669846
76723  -54.223  -12.046  49.769 0.7777780294
76732  -52.444  -12.740  48.636 0.5555559993
76740  -52.207  -12.380  47.866 0.4444440007
75584  -61.430  -13.486  59.944 0.3333329856
74578  -60.458  -13.944  59.453 0.4444440007
76626  -60.871  -12.596  59.487 0.3333329856
76635  -59.216  -12.793  58.176 0.5555559993
76625  -59.833  -12.193  58.808 0.5555559993
77677  -58.944  -11.783  58.189 0.6666669846
133672  -60.595  -11.619  59.474 0.5555559993
77676  -58.054  -11.319  57.545 0.6666669846
78734  -58.320  -10.500  57.588 0.6666669846
77689  -57.633  -10.754  56.980 0.6666669846
78755  -57.110  -10.317  55.985 0.6666669846
79749  -57.648  -9.916  55.464 0.6666669846
141082  -58.130  -9.575  54.958 0.6666669846
79759  -56.954  -10.171  54.232 0.7777780294
79774  -57.655  -9.614  53.579 0.6666669846
78780  -56.300  -10.413  52.899 0.7777780294
135236  -57.427  -9.622  52.648 0.7777780294
78786  -56.414  -10.260  51.857 0.7777780294
79781  -57.174  -9.673  51.820 0.7777780294
139867  -55.100  -11.318  50.753 0.7777780294
78796  -55.656  -10.791  50.644 0.7777780294
78832  -50.765  -10.380  46.449 0.4444440007
77772  -52.592  -11.736  47.185 0.5555559993
76734  -54.176  -11.926  48.963 0.6666669846
77754  -54.740  -11.629  49.572 0.6666669846
77773  -53.464  -11.604  47.262 0.5555559993
77761  -53.826  -11.853  48.068 0.6666669846
150502  -54.822  -11.532  48.918 0.6666669846
77755  -55.296  -11.216  49.230 0.7777780294
77771  -51.700  -11.864  47.255 0.4444440007
76741  -53.002  -12.156  47.821 0.5555559993
79714  -61.639  -9.397  60.240 0.4444440007
135048  -58.869  -10.816  58.230 0.5555559993
77668  -59.653  -11.230  58.875 0.5555559993
78718  -61.401  -10.337  60.078 0.4444440007
78720  -62.466  -9.842  59.936 0.4444440007
78746  -58.016  -10.208  56.940 0.6666669846
79742  -59.105  -9.195  57.070 0.6666669846
79741  -58.420  -9.634  56.637 0.6666669846
79751  -58.889  -9.161  56.240 0.6666669846
79750  -58.348  -9.485  55.717 0.6666669846
80722  -59.022  -8.889  55.476 0.6666669846
80731  -59.073  -8.642  54.451 0.6666669846
79775  -58.289  -9.104  53.391 0.6666669846
79783  -58.059  -9.157  52.761 0.7777780294
145130  -52.427  -10.676  46.250 0.5555559993
77783  -53.074  -11.121  46.534 0.5555559993
78797  -56.200  -10.373  51.031 0.7777780294
77782  -52.121  -11.236  46.654 0.5555559993
77774  -54.284  -11.464  47.480 0.5555559993
78813  -55.789  -10.816  48.692 0.7777780294
78806  -55.866  -10.672  49.626 0.7777780294
78807  -56.320  -10.249  50.275 0.7777780294
150030  -56.811  -9.755  50.892 0.7777780294
77762  -54.575  -11.560  48.276 0.6666669846
77763  -55.215  -11.253  48.449 0.6666669846
78727  -60.592  -9.851  59.667 0.4444440007
79715  -62.291  -9.101  60.352 0.4444440007
79716  -62.630  -8.821  59.980 0.4444440007
78735  -59.015  -10.068  58.220 0.5555559993
79723  -60.893  -8.810  59.673 0.4444440007
79730  -59.347  -9.371  58.037 0.6666669846
79731  -60.068  -8.876  58.673 0.5555559993
80701  -59.921  -8.512  57.768 0.5555559993
80714  -60.390  -7.734  57.165 0.6666669846
146318  -60.143  -7.622  55.169 0.5555559993
81661  -59.787  -7.833  54.301 0.6666669846
150796  -59.044  -8.412  53.105 0.6666669846
80755  -58.616  -8.699  52.897 0.7777780294
80754  -58.474  -8.632  52.105 0.7777780294
78834  -53.029  -10.384  45.946 0.5555559993
77784  -54.028  -11.175  46.727 0.5555559993
78820  -55.647  -10.915  47.832 0.6666669846
79793  -57.523  -9.145  51.148 0.7777780294
79805  -56.892  -9.764  49.086 0.7777780294
79798  -56.837  -9.659  49.908 0.7777780294
79799  -57.355  -9.126  50.272 0.7777780294
81650  -60.730  -7.024  55.748 0.5555559993
81662  -60.547  -7.171  54.723 0.5555559993
81676  -59.768  -7.743  53.341 0.6666669846
83455  -63.562  -4.431  56.246 0.3333329856
133989  -63.783  -4.622  56.289 0.3333329856
81684  -59.657  -7.746  52.599 0.6666669846
81693  -59.445  -7.795  51.893 0.6666669846
80763  -58.148  -8.695  51.351 0.7777780294
81692  -59.087  -7.872  51.156 0.7777780294
80777  -57.802  -8.599  49.728 0.7777780294
80772  -58.509  -8.273  50.819 0.7777780294
81701  -58.821  -7.738  50.290 0.7777780294
82546  -62.049  -5.574  55.054 0.4444440007
82547  -63.018  -4.536  55.930 0.3333329856
83463  -63.644  -4.183  55.299 0.3333329856
82567  -60.977  -6.644  53.282 0.6666669846
83477  -63.598  -3.808  54.212 0.3333329856
81685  -60.290  -7.299  52.864 0.6666669846
81694  -60.097  -7.307  52.038 0.6666669846
81703  -60.008  -6.886  50.668 0.7777780294
143990  -59.773  -7.339  51.269 0.6666669846
83462  -62.857  -4.611  54.715 0.4444440007
82561  -61.851  -5.763  53.894 0.5555559993
82568  -61.631  -5.833  52.849 0.6666669846
132725  -60.557  -6.660  51.348 0.6666669846
83498  -61.328  -5.214  50.425 0.6666669846
82582  -60.526  -6.158  50.306 0.6666669846
83476  -62.586  -4.683  53.558 0.4444440007
82575  -61.424  -5.865  51.873 0.6666669846
133499  -61.576  -4.438  49.760 0.6666669846
139025  -62.042  -4.228  50.610 0.5555559993
84458  -61.950  -3.665  49.161 0.5555559993
83484  -63.360  -3.605  53.237 0.4444440007
83483  -62.339  -4.729  52.504 0.5555559993
83491  -63.034  -3.518  52.274 0.4444440007
83490  -61.995  -4.726  51.422 0.5555559993
84450  -62.624  -3.284  50.255 0.5555559993
84443  -62.808  -3.437  51.287 0.5555559993
150146  -50.654  -12.620  54.027 0.7777780294
75646  -50.039  -12.888  53.903 0.7777780294
75632  -51.258  -13.100  54.775 0.7777780294
76662  -51.196  -12.589  54.415 0.7777780294
75633  -51.939  -12.673  54.961 0.7777780294
76685  -50.560  -12.694  53.503 0.7777780294
75621  -51.802  -13.634  55.079 0.7777780294
75622  -52.717  -13.470  55.355 0.7777780294
153312  -52.745  -12.471  55.238 0.7777780294
74608  -53.159  -14.473  55.463 0.7777780294
74609  -53.713  -13.974  55.620 0.7777780294
75623  -53.489  -12.879  55.535 0.7777780294
76654  -54.183  -12.385  55.772 0.7777780294
74593  -54.532  -14.379  55.955 0.7777780294
138836  -54.987  -13.805  56.148 0.7777780294
75610  -55.696  -13.594  56.380 0.7777780294
75609  -54.948  -12.963  56.091 0.7777780294
76641  -55.534  -12.546  56.334 0.7777780294
74594  -55.375  -14.605  56.373 0.7777780294
148043  -55.487  -11.780  56.287 0.6666669846
74595  -56.199  -14.399  56.661 0.6666669846
144626  -56.174  -12.989  56.504 0.6666669846
76642  -56.123  -12.184  56.507 0.6666669846
74588  -58.950  -14.108  58.146 0.5555559993
73567  -59.438  -15.052  59.062 0.5555559993
75585  -62.259  -13.351  60.032 0.3333329856
41388  -12.624  -47.019  92.097 0.5555559993
41396  -12.874  -46.353  91.789 0.5555559993
41383  -13.537  -46.071  92.909 0.5555559993
42294  -13.329  -45.383  92.820 0.5555559993
43260  -13.755  -44.609  93.095 0.5555559993
35292  -10.710  -52.770  90.340 0.3333329856
34260  -8.547  -53.307  89.865 0.4444440007
40505  -12.594  -47.833  91.976 0.5555559993
150655  -12.413  -49.363  91.147 0.5555559993
42321  -13.295  -46.142  90.936 0.6666669846
42310  -14.231  -44.815  90.949 0.6666669846
43268  -14.403  -43.935  92.105 0.6666669846
44195  -14.627  -43.823  93.467 0.5555559993
41404  -14.355  -45.697  89.290 0.6666669846
44199  -15.643  -43.115  92.724 0.7777780294
150817  -15.951  -43.633  90.618 0.7777780294
36314  -10.239  -52.202  90.791 0.4444440007
37308  -11.527  -51.511  90.950 0.4444440007
36317  -7.862  -51.549  89.402 0.5555559993
36320  -9.444  -51.774  90.296 0.4444440007
131965  -8.130  -51.230  89.763 0.5555559993
36319  -8.662  -51.484  90.002 0.5555559993
37321  -9.990  -50.824  89.209 0.5555559993
37322  -10.830  -50.606  89.306 0.5555559993
38330  -11.613  -50.401  90.145 0.5555559993
37320  -9.390  -50.333  88.854 0.4444440007
38349  -10.133  -49.808  87.462 0.5555559993
38350  -10.974  -49.688  87.562 0.6666669846
44200  -16.565  -43.000  91.793 0.7777780294
45182  -16.666  -42.946  94.125 0.4444440007
44196  -15.331  -43.414  93.540 0.5555559993
43253  -16.185  -43.838  94.117 0.5555559993
39448  -10.992  -48.905  86.015 0.4444440007
40542  -13.229  -47.590  86.970 0.7777780294
133985  -13.804  -46.897  87.487 0.7777780294
44211  -16.480  -43.791  89.643 0.7777780294
40553  -12.695  -47.903  86.065 0.6666669846
43286  -16.617  -44.051  88.625 0.7777780294
43306  -17.261  -44.087  86.778 0.6666669846
154910  -17.906  -42.611  93.553 0.5555559993
44183  -18.163  -43.440  94.533 0.4444440007
44205  -18.010  -43.131  90.262 0.8888890147
44212  -17.364  -43.424  89.685 0.7777780294
132824  -18.350  -42.510  92.894 0.8888890147
45204  -18.537  -42.785  90.921 0.8888890147
45177  -18.728  -43.134  94.559 0.4444440007
45184  -19.031  -42.804  94.385 0.6666669846
45190  -19.225  -42.380  93.077 0.8888890147
149681  -20.366  -43.891  94.692 0.3333329856
133380  -19.554  -42.976  94.680 0.4444440007
134231  -17.937  -43.553  87.872 0.7777780294
44213  -18.282  -43.274  89.311 0.7777780294
44221  -18.522  -43.360  88.409 0.8888890147
138993  -17.832  -43.920  85.526 0.5555559993
44259  -18.545  -43.697  85.437 0.5555559993
146187  -19.331  -43.483  86.031 0.7777780294
44271  -18.979  -43.638  84.632 0.6666669846
43351  -17.263  -44.062  83.651 0.6666669846
44186  -21.048  -43.499  94.712 0.4444440007
45191  -20.084  -42.088  93.530 0.7777780294
45197  -19.968  -42.273  92.322 0.8888890147
45185  -19.880  -42.437  94.365 0.4444440007
45178  -20.472  -42.416  94.648 0.5555559993
132387  -20.074  -42.403  91.344 0.8888890147
49360  -32.414  -38.400  90.827 0.5555559993
49350  -31.540  -37.942  91.203 0.5555559993
45227  -19.943  -43.006  88.827 0.8888890147
50622  -32.782  -37.488  90.130 0.5555559993
50634  -33.525  -37.409  89.011 0.5555559993
151101  -34.027  -37.922  89.543 0.4444440007
49408  -33.219  -39.081  85.002 1.0000000000
137957  -33.973  -38.561  86.862 0.8888890147
48240  -34.370  -39.071  86.372 0.7777780294
49384  -34.018  -38.018  87.669 0.7777780294
47203  -40.982  -39.660  86.537 0.2222220004
48270  -38.842  -39.375  85.698 0.4444440007
47217  -36.287  -39.909  85.344 0.7777780294
45198  -20.854  -42.115  91.310 0.7777780294
51731  -30.858  -36.924  91.145 0.5555559993
45240  -20.977  -42.851  87.823 0.8888890147
45216  -21.303  -42.404  89.236 0.7777780294
51743  -32.084  -36.923  90.102 0.5555559993
50641  -32.819  -37.209  88.256 0.7777780294
51761  -32.030  -36.640  88.439 0.7777780294
153774  -32.614  -37.320  87.533 0.7777780294
49396  -32.777  -38.235  86.192 1.0000000000
133073  -20.444  -43.372  84.809 0.6666669846
47273  -39.251  -41.032  82.995 0.7777780294
44289  -21.053  -43.164  83.405 0.6666669846
44303  -20.069  -43.296  82.278 0.5555559993
46170  -21.417  -41.125  93.215 0.7777780294
46175  -22.081  -40.858  91.532 0.7777780294
46182  -22.256  -41.202  90.430 0.7777780294
51741  -30.420  -36.506  90.625 0.6666669846
51752  -31.541  -36.531  89.711 0.5555559993
50657  -32.151  -37.743  85.874 1.0000000000
46282  -41.018  -40.691  83.375 0.6666669846
154963  -22.044  -42.652  85.844 0.8888890147
49407  -32.659  -38.451  85.427 1.0000000000
45296  -22.312  -42.500  82.813 0.6666669846
150097  -22.565  -42.329  85.508 0.7777780294
139510  -38.279  -41.007  81.103 0.8888890147
130152  -21.804  -42.550  81.063 0.4444440007
46318  -22.947  -41.991  80.131 0.5555559993
46319  -23.240  -41.841  80.930 0.6666669846
50604  -27.581  -37.295  91.921 0.5555559993
49345  -27.455  -38.185  91.861 0.2222220004
51739  -28.667  -36.466  91.015 0.5555559993
134391  -29.967  -36.257  89.947 0.6666669846
51758  -29.664  -36.252  88.383 0.8888890147
46205  -22.658  -41.654  88.576 0.7777780294
51769  -31.149  -36.429  87.642 0.7777780294
51768  -30.330  -36.268  87.112 0.8888890147
51781  -30.911  -36.597  85.981 0.8888890147
47256  -41.832  -40.331  83.385 0.6666669846
45254  -23.163  -41.839  85.909 0.8888890147
47180  -23.972  -40.734  87.894 0.7777780294
50656  -31.444  -37.119  85.456 1.0000000000
50673  -31.929  -37.925  84.063 1.0000000000
46311  -40.376  -41.110  81.667 0.7777780294
46245  -23.630  -41.561  85.242 0.8888890147
135794  -23.768  -41.364  85.904 0.7777780294
46233  -24.247  -40.893  86.303 0.7777780294
46261  -24.055  -41.270  84.657 0.7777780294
47208  -24.790  -40.486  85.876 0.7777780294
46303  -23.462  -41.707  81.748 0.6666669846
47226  -25.496  -40.048  84.565 0.8888890147
48319  -33.755  -39.225  80.690 0.8888890147
46304  -23.998  -41.328  80.994 0.5555559993
46289  -23.627  -41.627  82.514 0.7777780294
146289  -25.114  -40.418  81.878 0.7777780294
49456  -33.102  -38.851  81.179 0.8888890147
135062  -24.745  -40.627  79.809 0.6666669846
47282  -24.647  -40.795  81.495 0.7777780294
46346  -23.198  -41.614  78.620 0.4444440007
47308  -24.577  -40.794  79.088 0.4444440007
46172  -24.997  -40.691  92.860 0.1111110002
48166  -24.302  -39.063  93.329 0.1111110002
47135  -25.309  -39.694  92.950 0.2222220004
147676  -25.465  -39.157  92.774 0.4444440007
48169  -24.593  -38.797  92.825 0.6666669846
49334  -25.800  -38.073  91.913 0.6666669846
50610  -27.065  -37.281  91.696 0.6666669846
130443  -26.175  -38.433  92.003 0.4444440007
49356  -26.149  -37.796  90.508 0.6666669846
50619  -27.365  -36.945  90.757 0.6666669846
51749  -28.083  -36.544  90.374 0.7777780294
47148  -23.390  -40.077  90.659 0.7777780294
50632  -28.361  -36.767  88.251 0.8888890147
48300  -43.259  -38.849  83.310 0.4444440007
49429  -44.590  -38.001  84.231 0.3333329856
47159  -24.208  -39.962  89.273 0.7777780294
51788  -29.246  -36.608  85.911 1.0000000000
47169  -24.402  -40.160  88.363 0.7777780294
130927  -41.782  -40.555  82.380 0.6666669846
47288  -42.172  -40.089  81.983 0.6666669846
48237  -25.726  -39.494  86.662 0.7777780294
51797  -30.376  -36.665  84.494 1.0000000000
50664  -31.318  -37.251  84.542 1.0000000000
148201  -41.405  -40.560  80.739 0.8888890147
50685  -31.878  -37.942  83.177 1.0000000000
48321  -42.029  -39.711  80.021 0.8888890147
47300  -37.513  -40.590  80.036 0.8888890147
128983  -38.829  -40.808  79.921 0.8888890147
47316  -41.157  -40.440  79.594 0.8888890147
48320  -34.906  -39.892  80.242 1.0000000000
48306  -25.635  -39.946  81.876 0.8888890147
150631  -25.856  -39.653  81.227 0.8888890147
48339  -25.546  -39.800  78.689 0.6666669846
48340  -26.122  -39.183  79.025 0.5555559993
49366  -26.329  -37.981  89.540 0.7777780294
48204  -24.643  -39.302  89.835 0.7777780294
48215  -25.445  -39.170  88.446 0.7777780294
144217  -26.623  -38.404  87.638 1.0000000000
48214  -24.820  -39.556  88.858 0.7777780294
48228  -26.285  -38.903  87.049 0.7777780294
50707  -42.575  -37.206  81.413 0.5555559993
49405  -26.776  -38.748  85.687 0.8888890147
51795  -29.350  -36.704  85.041 1.0000000000
49457  -42.490  -38.326  81.344 0.6666669846
51827  -43.195  -35.529  82.248 0.4444440007
49414  -26.849  -38.835  84.810 0.8888890147
51814  -30.044  -36.530  82.275 0.8888890147
128851  -38.187  -40.616  79.596 0.8888890147
48345  -41.518  -39.689  78.487 0.8888890147
50697  -31.786  -37.807  81.531 0.8888890147
49469  -33.082  -38.836  80.257 0.8888890147
131268  -36.934  -40.413  79.117 0.8888890147
47330  -38.218  -40.473  78.867 0.7777780294
49505  -41.774  -39.064  77.720 0.8888890147
50741  -42.505  -37.668  77.734 0.8888890147
50704  -28.361  -37.046  80.864 0.8888890147
48332  -33.746  -39.231  79.866 0.8888890147
135013  -35.209  -40.117  79.165 0.7777780294
147602  -37.593  -40.461  77.846 0.8888890147
47351  -38.955  -40.360  77.406 0.8888890147
137885  -40.706  -39.661  77.065 0.8888890147
49488  -32.547  -38.474  78.781 0.8888890147
47327  -35.821  -40.324  78.575 0.7777780294
141933  -33.780  -39.267  79.006 0.8888890147
151107  -33.233  -38.883  77.869 0.7777780294
145047  -34.228  -39.540  77.752 0.7777780294
47348  -36.201  -40.413  77.894 0.7777780294
48362  -39.975  -40.102  76.965 1.0000000000
48373  -35.009  -39.948  76.712 0.7777780294
47363  -38.453  -40.332  76.591 0.7777780294
48376  -39.752  -39.847  76.083 0.7777780294
50740  -31.587  -37.639  77.427 0.7777780294
48359  -33.684  -39.169  77.332 0.7777780294
48374  -35.759  -40.151  76.200 0.7777780294
47374  -38.110  -40.273  75.720 0.6666669846
151225  -33.932  -39.286  76.589 0.6666669846
48372  -34.436  -39.546  76.243 0.6666669846
48394  -38.616  -40.036  75.126 0.6666669846
52889  -44.293  -34.567  82.578 0.4444440007
50683  -28.675  -37.111  82.699 1.0000000000
53883  -43.614  -34.408  80.900 0.4444440007
49440  -27.501  -38.274  82.746 1.0000000000
50695  -28.544  -37.074  81.841 0.8888890147
51834  -29.983  -36.354  80.661 0.8888890147
51873  -30.639  -36.423  77.344 0.7777780294
50752  -31.340  -37.404  76.549 0.6666669846
49545  -33.368  -38.579  74.549 0.5555559993
49557  -33.439  -38.239  73.754 0.1111110002
49559  -35.835  -38.742  73.016 0.2222220004
49573  -37.070  -38.262  72.560 0.1111110002
53895  -43.897  -34.011  80.157 0.4444440007
148221  -30.108  -36.171  79.872 0.7777780294
52915  -29.887  -35.616  78.484 0.7777780294
151049  -30.310  -36.131  79.041 0.7777780294
51871  -27.654  -36.532  77.734 0.6666669846
52929  -30.084  -35.664  77.682 0.7777780294
50751  -27.173  -37.133  76.082 0.3333329856
52936  -27.816  -35.446  76.300 0.4444440007
52937  -28.355  -35.084  76.792 0.5555559993
51905  -30.959  -36.743  74.967 0.4444440007
133779  -31.526  -37.013  74.263 0.3333329856
50798  -34.048  -37.351  72.834 0.1111110002
52907  -46.525  -34.770  80.522 0.2222220004
51849  -46.346  -35.791  79.705 0.1111110002
53885  -45.392  -33.520  81.789 0.3333329856
53886  -46.155  -33.330  81.643 0.2222220004
54908  -44.874  -33.285  79.900 0.6666669846
53887  -46.563  -33.062  81.568 0.2222220004
53908  -44.295  -33.847  79.390 0.6666669846
52953  -42.507  -35.543  75.529 0.8888890147
138342  -30.408  -35.964  74.985 0.5555559993
51862  -47.448  -35.614  78.754 0.1111110002
54921  -45.282  -33.081  79.191 0.5555559993
53910  -48.826  -33.974  79.896 0.1111110002
52919  -48.450  -34.929  79.091 0.1111110002
54910  -46.335  -32.401  80.785 0.2222220004
54939  -44.641  -33.564  76.574 0.8888890147
53956  -43.057  -33.976  74.824 1.0000000000
55890  -47.859  -31.825  80.740 0.2222220004
55889  -47.076  -32.022  80.872 0.2222220004
55902  -47.443  -31.768  80.162 0.2222220004
54953  -45.830  -32.845  76.045 0.6666669846
54952  -44.896  -33.100  75.736 0.8888890147
54962  -43.268  -33.506  74.263 1.0000000000
55913  -47.661  -32.147  78.000 0.2222220004
144148  -47.379  -32.363  75.879 0.6666669846
55959  -44.931  -32.149  74.015 1.0000000000
54990  -42.667  -33.220  72.710 1.0000000000
130426  -49.847  -30.312  76.625 0.3333329856
56911  -48.752  -31.638  75.982 0.5555559993
56934  -44.983  -31.773  73.419 1.0000000000
58035  -46.045  -30.646  72.193 1.0000000000
56959  -42.172  -31.745  70.940 1.0000000000
59104  -50.864  -29.239  77.075 0.1111110002
58088  -41.316  -30.290  68.705 0.5555559993
59181  -42.732  -29.826  67.461 0.4444440007
60231  -51.118  -28.998  76.878 0.1111110002
58022  -49.333  -29.857  74.020 0.4444440007
60277  -49.836  -28.597  72.872 0.4444440007
59135  -48.071  -29.885  72.029 0.7777780294
59144  -47.030  -29.861  70.998 0.8888890147
59166  -47.472  -29.306  69.771 0.8888890147
59216  -42.857  -29.153  65.867 0.5555559993
60347  -42.007  -28.669  64.928 0.2222220004
61376  -44.374  -26.629  65.490 0.7777780294
61375  -43.282  -27.355  65.096 0.6666669846
133232  -50.910  -27.721  74.933 0.2222220004
60270  -50.616  -27.584  74.023 0.2222220004
62342  -47.247  -25.922  66.733 0.8888890147
62363  -48.739  -26.543  65.478 0.7777780294
132563  -43.802  -26.802  65.197 0.7777780294
62377  -41.967  -26.826  64.053 0.4444440007
61306  -49.997  -28.064  72.195 0.3333329856
60289  -49.635  -28.237  71.274 0.4444440007
63504  -49.829  -25.409  69.359 0.3333329856
63528  -52.108  -25.168  67.619 0.4444440007
64625  -52.768  -24.499  68.159 0.3333329856
63543  -52.529  -25.813  67.110 0.3333329856
138474  -50.108  -26.473  66.221 0.7777780294
130589  -43.725  -26.083  63.119 0.7777780294
61283  -51.675  -26.799  75.114 0.2222220004
63477  -50.737  -24.731  71.866 0.3333329856
155216  -51.282  -23.541  71.406 0.3333329856
64626  -53.643  -24.390  68.183 0.3333329856
63544  -53.644  -25.720  67.161 0.3333329856
64627  -55.379  -23.881  68.547 0.3333329856
62347  -52.954  -26.516  66.484 0.6666669846
62349  -55.325  -26.307  66.581 0.3333329856
62367  -52.379  -27.083  65.826 0.7777780294
62368  -53.295  -27.179  65.756 0.6666669846
151402  -54.029  -27.241  65.582 0.6666669846
62403  -47.634  -26.752  63.564 0.7777780294
151538  -47.930  -26.768  62.103 0.7777780294
62429  -46.573  -26.636  61.973 0.7777780294
62463  -47.624  -26.404  60.398 0.7777780294
152666  -46.417  -26.515  60.657 0.7777780294
135362  -45.653  -26.315  59.244 0.5555559993
62477  -46.496  -26.222  59.406 0.5555559993
62478  -47.264  -26.134  59.648 0.7777780294
63620  -45.932  -25.595  57.833 0.5555559993
63635  -44.729  -25.403  56.727 0.2222220004
65629  -55.090  -23.620  69.254 0.3333329856
63508  -56.479  -24.134  68.853 0.2222220004
64628  -56.309  -24.039  68.549 0.2222220004
63546  -56.114  -25.109  67.332 0.2222220004
63547  -57.270  -24.898  67.481 0.2222220004
62351  -57.689  -25.706  66.710 0.2222220004
62371  -56.757  -26.753  65.849 0.2222220004
150772  -56.842  -27.053  65.217 0.3333329856
62372  -58.757  -26.540  65.405 0.2222220004
145806  -54.421  -27.424  65.022 0.6666669846
61414  -56.335  -26.975  63.819 0.4444440007
61411  -53.408  -27.258  63.659 0.7777780294
62410  -55.004  -26.799  63.254 0.6666669846
64682  -48.761  -24.934  59.120 0.6666669846
64709  -47.571  -24.431  57.503 0.5555559993
64710  -48.128  -24.331  57.915 0.6666669846
65685  -49.926  -23.832  59.104 0.6666669846
150026  -43.947  -25.341  56.298 0.1111110002
64724  -46.248  -24.398  56.459 0.5555559993
65713  -49.174  -23.109  57.826 0.6666669846
62388  -58.446  -26.700  64.324 0.2222220004
66605  -51.685  -22.400  59.436 0.7777780294
131001  -45.706  -23.438  55.133 0.3333329856
67579  -50.587  -21.224  57.611 0.7777780294
63571  -56.747  -25.489  62.614 0.4444440007
64659  -53.372  -24.091  61.701 0.7777780294
65661  -52.866  -23.680  61.294 0.7777780294
67543  -52.728  -21.379  59.351 0.7777780294
66665  -46.318  -22.240  54.615 0.3333329856
66666  -46.922  -22.023  54.942 0.3333329856
67595  -47.628  -21.701  55.300 0.3333329856
68608  -46.911  -20.785  54.133 0.3333329856
67606  -47.283  -21.267  54.692 0.4444440007
68594  -51.071  -19.909  57.024 0.7777780294
64651  -60.680  -24.305  62.471 0.2222220004
69657  -47.268  -19.923  53.979 0.3333329856
69642  -48.146  -19.543  54.500 0.6666669846
67497  -55.815  -22.032  62.550 0.4444440007
66578  -54.722  -22.542  62.102 0.5555559993
69601  -55.375  -19.690  59.818 0.5555559993
69658  -47.582  -19.003  53.816 0.2222220004
70603  -49.668  -18.661  55.238 0.7777780294
70594  -50.875  -18.881  56.046 0.7777780294
74621  -50.103  -13.893  54.570 0.7777780294
73592  -51.262  -15.811  54.988 0.7777780294
75630  -49.619  -13.340  54.206 0.7777780294
135311  -59.076  -21.344  63.533 0.4444440007
68529  -56.581  -20.723  61.929 0.4444440007
71551  -48.163  -17.719  53.915 0.3333329856
70613  -49.919  -18.001  55.035 0.7777780294
71525  -50.579  -17.468  55.153 0.7777780294
72606  -48.273  -16.883  53.974 0.4444440007
139256  -48.959  -16.852  54.384 0.5555559993
72596  -50.253  -16.614  54.773 0.7777780294
75670  -49.776  -13.471  52.254 0.6666669846
69578  -58.942  -19.306  62.887 0.4444440007
72549  -57.897  -16.726  59.317 0.4444440007
71479  -59.154  -17.370  60.966 0.4444440007
131781  -56.414  -15.640  57.426 0.5555559993
77700  -55.194  -11.215  55.853 0.6666669846
77708  -53.870  -11.098  54.408 0.7777780294
73549  -61.063  -15.645  60.998 0.4444440007
75611  -56.531  -13.672  56.652 0.6666669846
77718  -54.128  -11.185  53.406 0.7777780294
74569  -61.495  -14.305  60.310 0.3333329856
74576  -58.765  -14.710  58.329 0.5555559993
75603  -59.570  -13.589  58.550 0.4444440007
77687  -55.948  -11.306  56.346 0.6666669846
77719  -54.932  -10.997  52.985 0.7777780294
77728  -55.149  -11.160  52.022 0.7777780294
76707  -54.580  -11.757  50.430 0.7777780294
77688  -57.310  -11.331  56.892 0.6666669846
78766  -56.966  -10.227  55.172 0.6666669846
75595  -59.957  -12.940  58.788 0.4444440007
77669  -60.462  -10.735  59.576 0.5555559993
79740  -57.799  -10.004  56.253 0.6666669846
79760  -57.607  -9.810  54.593 0.7777780294
79773  -56.930  -10.094  53.282 0.7777780294
152259  -56.876  -10.032  52.490 0.7777780294
79782  -57.804  -9.142  51.970 0.7777780294
78726  -59.665  -10.351  58.923 0.5555559993
79729  -58.626  -9.846  57.460 0.6666669846
80713  -59.553  -8.491  56.395 0.6666669846
133322  -59.616  -8.211  55.266 0.6666669846
78835  -53.833  -10.578  46.130 0.5555559993
77775  -54.995  -11.267  47.654 0.5555559993
78814  -56.393  -10.335  48.881 0.7777780294
147671  -56.476  -10.154  49.557 0.7777780294
79722  -59.848  -9.560  58.894 0.5555559993
80702  -60.732  -8.091  58.950 0.5555559993
144197  -60.699  -7.673  58.199 0.5555559993
80723  -60.206  -7.707  56.044 0.6666669846
148123  -59.381  -8.091  53.013 0.6666669846
80756  -59.103  -8.247  52.480 0.7777780294
80764  -58.647  -8.347  51.455 0.7777780294
80771  -57.934  -8.658  50.571 0.7777780294
82535  -61.350  -6.376  55.399 0.4444440007
82560  -61.133  -6.542  54.289 0.5555559993
81677  -60.385  -7.260  53.760 0.5555559993
83464  -63.843  -4.353  55.580 0.2222220004
82574  -60.831  -6.692  52.337 0.6666669846
146122  -61.187  -5.848  51.053 0.6666669846
135705  -7.554  -52.691  88.213 0.2222220004
36322  -7.516  -51.524  88.627 0.4444440007
37311  -7.746  -50.585  89.348 0.4444440007
146362  -7.388  -50.590  88.902 0.3333329856
38337  -8.185  -49.207  89.287 0.4444440007
38329  -7.649  -49.649  89.284 0.4444440007
38328  -6.923  -49.377  88.976 0.3333329856
39418  -7.683  -48.811  89.275 0.3333329856
39437  -8.670  -48.970  88.485 0.4444440007
39427  -6.913  -48.276  88.926 0.3333329856
40521  -7.439  -48.238  89.125 0.3333329856
39428  -8.027  -48.430  89.099 0.3333329856
40528  -6.602  -48.027  88.466 0.2222220004
40529  -7.840  -47.711  88.989 0.3333329856
38359  -9.269  -49.096  87.381 0.3333329856
40552  -9.127  -47.645  86.729 0.1111110002
146147  -7.155  -47.588  88.812 0.3333329856
40539  -8.262  -47.932  88.610 0.3333329856
133739  -8.090  -47.121  88.736 0.2222220004
41420  -8.597  -47.187  88.037 0.2222220004
41421  -8.973  -46.684  87.341 0.1111110002
136636  -6.581  -47.097  88.125 0.3333329856
40538  -6.266  -47.807  87.613 0.2222220004
39446  -9.467  -48.650  86.668 0.3333329856
40564  -9.713  -48.161  85.882 0.3333329856
142910  -7.705  -47.116  88.810 0.2222220004
146898  -9.511  -47.367  85.843 0.1111110002
41439  -9.669  -46.621  85.514 0.1111110002
41411  -7.960  -46.473  88.821 0.2222220004
41412  -8.298  -46.336  88.559 0.2222220004
42357  -9.467  -45.731  86.200 0.2222220004
41410  -7.273  -46.619  88.572 0.2222220004
41419  -6.371  -46.245  87.574 0.2222220004
39457  -10.482  -48.349  85.540 0.3333329856
40576  -10.787  -47.257  84.627 0.1111110002
41440  -10.294  -46.635  84.762 0.1111110002
42370  -9.882  -45.742  85.228 0.2222220004
42335  -9.076  -45.443  88.231 0.2222220004
43325  -10.214  -44.919  85.048 0.1111110002
39458  -11.330  -48.385  85.499 0.1111110002
40566  -11.013  -47.908  84.934 0.1111110002
39459  -12.038  -47.946  85.168 0.3333329856
40577  -11.501  -47.367  84.446 0.1111110002
41470  -11.070  -45.660  83.775 0.1111110002
41455  -11.020  -46.616  84.080 0.1111110002
42346  -9.217  -45.766  87.377 0.2222220004
42358  -9.787  -44.878  85.920 0.1111110002
43336  -10.676  -44.861  84.252 0.1111110002
42385  -10.464  -45.763  84.442 0.1111110002
44257  -10.530  -44.119  84.993 0.1111110002
40578  -12.375  -47.318  84.457 0.4444440007
41456  -11.872  -46.821  83.865 0.3333329856
149260  -11.594  -46.220  83.624 0.1111110002
41471  -12.304  -46.164  83.393 0.2222220004
143999  -12.913  -45.780  83.067 0.3333329856
42398  -11.745  -45.535  83.333 0.1111110002
152867  -10.189  -44.289  85.680 0.1111110002
44269  -10.928  -43.983  84.193 0.1111110002
43337  -11.328  -44.729  83.555 0.1111110002
42399  -12.436  -45.359  82.996 0.1111110002
41457  -12.681  -46.786  83.897 0.3333329856
41472  -13.121  -46.277  83.494 0.3333329856
41473  -13.900  -46.159  83.826 0.4444440007
42400  -13.626  -45.764  83.139 0.2222220004
42401  -14.420  -45.600  83.473 0.3333329856
146231  -11.321  -43.260  84.103 0.1111110002
154770  -11.392  -43.911  83.611 0.1111110002
43348  -11.953  -44.882  83.076 0.1111110002
42416  -13.221  -45.152  82.624 0.1111110002
42417  -14.123  -45.241  82.748 0.3333329856
44284  -12.268  -43.634  82.727 0.1111110002
43359  -13.344  -44.371  82.157 0.1111110002
144000  -13.853  -44.771  82.278 0.1111110002
43360  -14.578  -44.708  82.293 0.1111110002
43370  -14.083  -44.273  81.805 0.1111110002
43371  -15.058  -44.137  81.691 0.2222220004
42402  -15.171  -45.226  83.835 0.4444440007
139263  -15.683  -44.763  83.255 0.5555559993
44298  -13.587  -43.700  81.750 0.1111110002
43361  -15.411  -44.561  82.448 0.1111110002
44312  -15.835  -43.686  81.272 0.1111110002
44325  -15.559  -43.168  80.782 0.1111110002
43350  -16.449  -44.400  83.510 0.5555559993
134767  -16.116  -44.419  82.738 0.5555559993
134766  -17.735  -43.789  82.898 0.3333329856
138725  -16.137  -44.120  81.937 0.2222220004
44299  -17.045  -43.813  81.913 0.3333329856
44300  -17.824  -43.663  82.070 0.3333329856
44313  -16.649  -43.634  81.274 0.2222220004
44314  -17.495  -43.531  81.234 0.2222220004
44328  -18.041  -43.163  80.476 0.2222220004
45321  -17.443  -42.832  80.006 0.1111110002
152187  -18.090  -42.735  79.807 0.1111110002
44301  -18.581  -43.608  83.087 0.3333329856
44287  -19.308  -43.527  83.421 0.4444440007
44329  -19.007  -43.180  80.649 0.3333329856
44302  -19.344  -43.461  82.665 0.3333329856
44316  -19.358  -43.323  81.629 0.3333329856
45322  -18.747  -42.840  79.904 0.2222220004
45323  -19.592  -42.861  80.008 0.2222220004
44318  -20.651  -43.088  81.853 0.4444440007
44330  -19.914  -43.084  80.813 0.3333329856
45345  -21.092  -42.449  79.463 0.3333329856
45359  -21.887  -42.200  78.978 0.3333329856
46358  -22.125  -41.423  77.748 0.2222220004
46359  -22.922  -41.406  77.840 0.3333329856
46360  -23.679  -41.231  78.003 0.3333329856
47325  -24.358  -40.881  78.238 0.3333329856
52965  -42.198  -35.539  74.594 0.7777780294
152341  -42.481  -35.024  75.046 0.8888890147
47359  -23.854  -40.449  76.740 0.3333329856
48356  -24.598  -40.291  77.017 0.3333329856
48357  -25.288  -39.950  77.647 0.3333329856
135143  -41.587  -37.809  75.359 0.6666669846
50765  -41.947  -37.202  75.558 0.6666669846
50777  -41.576  -37.324  74.716 0.6666669846
53955  -42.564  -34.609  74.565 0.8888890147
51896  -42.079  -36.435  75.079 0.6666669846
54961  -42.857  -33.978  74.210 0.8888890147
132225  -42.198  -35.032  73.955 0.7777780294
53972  -42.468  -34.348  73.736 0.7777780294
49548  -41.145  -38.149  74.897 0.6666669846
50791  -41.301  -37.150  73.860 0.6666669846
51906  -41.755  -36.462  74.205 0.7777780294
51922  -41.869  -35.741  73.681 0.7777780294
52982  -41.992  -34.999  73.088 0.7777780294
50776  -40.962  -37.881  74.087 0.6666669846
53990  -41.742  -34.482  72.291 0.7777780294
51921  -41.342  -36.549  73.250 0.6666669846
133106  -41.580  -35.804  72.926 0.7777780294
54989  -42.088  -33.635  72.177 0.7777780294
50790  -40.689  -37.448  73.188 0.6666669846
52999  -41.398  -35.380  72.317 0.6666669846
49564  -40.219  -38.293  73.576 0.5555559993
51920  -40.735  -36.823  72.645 0.6666669846
53010  -40.995  -34.814  71.551 0.5555559993
52998  -40.677  -35.773  71.788 0.6666669846
51939  -40.275  -36.584  72.009 0.5555559993
50805  -40.129  -37.238  72.403 0.6666669846
54972  -43.390  -33.125  73.745 0.8888890147
54971  -42.887  -33.558  73.555 0.8888890147
53991  -42.284  -33.998  72.964 0.7777780294
138256  -41.525  -34.012  71.727 0.7777780294
55002  -41.690  -33.252  71.539 0.7777780294
51940  -41.063  -36.193  72.451 0.6666669846
55001  -40.998  -33.836  71.140 0.7777780294
53009  -40.213  -35.373  71.237 0.5555559993
50789  -39.800  -37.928  72.746 0.5555559993
53998  -40.110  -34.596  70.739 0.4444440007
50804  -39.268  -37.380  72.092 0.4444440007
134259  -39.797  -37.017  71.995 0.4444440007
50803  -38.264  -37.509  72.088 0.3333329856
51938  -39.420  -36.697  71.682 0.4444440007
53008  -39.398  -35.445  70.930 0.4444440007
54006  -39.046  -34.795  70.469 0.4444440007
55003  -42.358  -32.855  71.946 0.8888890147
51893  -27.508  -35.857  75.313 0.3333329856
55983  -41.904  -32.454  71.255 0.7777780294
52947  -27.900  -35.056  75.496 0.3333329856
153992  -28.224  -34.773  75.480 0.3333329856
52948  -28.417  -34.837  75.995 0.3333329856
55014  -41.132  -32.855  70.941 0.6666669846
55995  -41.380  -31.966  70.550 0.7777780294
55994  -40.617  -32.473  70.281 0.4444440007
55013  -40.367  -33.432  70.515 0.4444440007
55993  -39.717  -32.912  69.933 0.4444440007
132495  -39.480  -33.957  70.197 0.2222220004
52949  -29.257  -34.902  75.644 0.3333329856
53936  -28.706  -34.587  75.237 0.3333329856
131240  -40.816  -31.767  69.991 0.4444440007
55024  -39.361  -32.213  69.479 0.2222220004
52938  -29.250  -35.042  76.576 0.4444440007
133765  -29.291  -34.740  74.959 0.3333329856
152687  -30.306  -35.553  74.332 0.2222220004
56983  -40.489  -31.314  69.532 0.3333329856
56004  -40.173  -32.030  69.691 0.2222220004
56996  -40.104  -30.916  68.939 0.2222220004
56982  -39.744  -31.488  69.256 0.2222220004
59212  -39.377  -29.985  65.312 0.1111110002
59194  -40.720  -29.948  65.971 0.1111110002
59214  -41.229  -29.381  65.155 0.1111110002
62476  -44.949  -26.456  59.893 0.4444440007
150427  -44.765  -26.164  58.296 0.4444440007
59211  -38.866  -29.795  64.749 0.1111110002
62460  -44.091  -26.452  60.523 0.4444440007
62461  -45.045  -26.469  60.856 0.4444440007
59231  -40.502  -29.059  64.468 0.1111110002
60362  -41.335  -28.479  64.438 0.1111110002
62426  -42.520  -25.981  62.930 0.3333329856
62427  -43.654  -26.244  62.262 0.4444440007
60363  -42.033  -27.768  64.473 0.2222220004
61389  -41.440  -27.625  64.072 0.1111110002
62398  -42.298  -26.179  63.527 0.3333329856
80789  -57.935  -8.987  47.875 0.6666669846
129626  -58.630  -8.240  47.929 0.6666669846
82597  -59.552  -6.796  48.126 0.6666669846
79813  -57.386  -9.322  48.514 0.6666669846
81720  -59.355  -7.518  47.613 0.6666669846
78821  -56.294  -10.478  48.018 0.6666669846
79812  -56.893  -9.949  48.264 0.6666669846
79820  -56.805  -10.070  47.287 0.6666669846
136116  -57.871  -9.335  47.100 0.6666669846
134333  -59.180  -8.301  46.980 0.6666669846
80799  -59.560  -8.151  46.216 0.6666669846
81736  -59.988  -7.894  45.582 0.6666669846
82610  -60.806  -6.256  46.070 0.6666669846
82625  -61.348  -6.176  44.723 0.6666669846
82635  -61.580  -6.304  43.907 0.6666669846
72595  -49.452  -16.342  54.535 0.5555559993
73608  -50.629  -15.335  54.768 0.6666669846
144666  -48.509  -14.546  54.357 0.5555559993
135755  -49.918  -14.835  54.608 0.5555559993
82592  -59.560  -6.658  49.026 0.6666669846
74620  -49.158  -14.054  54.458 0.5555559993
80783  -57.910  -8.566  48.766 0.6666669846
141793  -59.016  -7.533  48.242 0.6666669846
82593  -60.095  -6.107  48.473 0.6666669846
79806  -57.339  -9.150  49.367 0.6666669846
78827  -56.073  -10.514  47.101 0.6666669846
79830  -57.335  -9.638  46.682 0.6666669846
80797  -57.995  -9.256  46.326 0.6666669846
80808  -58.394  -8.728  45.116 0.6666669846
80809  -59.241  -8.430  45.362 0.6666669846
81751  -60.323  -7.644  44.875 0.6666669846
130029  -60.314  -7.881  44.104 0.6666669846
81764  -61.118  -7.375  43.621 0.6666669846
82647  -61.712  -6.756  43.348 0.6666669846
82648  -62.178  -6.601  42.829 0.6666669846
83559  -62.649  -5.589  42.557 0.6666669846
78826  -55.345  -10.894  47.011 0.6666669846
79839  -57.258  -9.340  45.715 0.6666669846
133121  -57.549  -8.860  45.008 0.6666669846
82634  -60.916  -7.109  44.351 0.6666669846
78836  -54.746  -10.627  46.398 0.4444440007
78837  -55.653  -10.302  46.378 0.5555559993
79838  -56.444  -9.387  45.475 0.6666669846
80823  -58.900  -8.531  44.495 0.6666669846
74619  -48.348  -13.841  54.206 0.5555559993
129227  -49.838  -13.020  53.276 0.5555559993
81702  -59.432  -7.314  50.499 0.6666669846
81709  -59.179  -7.233  49.653 0.6666669846
75629  -48.900  -13.453  54.118 0.5555559993
81708  -58.632  -7.716  49.469 0.6666669846
81715  -59.032  -7.282  48.814 0.6666669846
85484  -63.532  -2.860  43.129 0.3333329856
136507  -62.774  -3.655  43.274 0.5555559993
153226  -60.688  -7.569  43.940 0.6666669846
81777  -61.540  -7.537  42.880 0.6666669846
82659  -62.721  -6.409  42.149 0.6666669846
78842  -53.651  -9.904  45.638 0.4444440007
78844  -55.137  -10.062  45.899 0.5555559993
79828  -55.811  -9.698  45.704 0.5555559993
80807  -56.706  -8.955  44.959 0.6666669846
80821  -57.078  -8.698  44.358 0.6666669846
80822  -57.934  -8.670  44.410 0.6666669846
81789  -62.667  -7.459  41.672 0.6666669846
82660  -63.358  -6.235  41.364 0.6666669846
79827  -52.262  -10.017  45.820 0.4444440007
79837  -54.263  -9.307  45.359 0.4444440007
80806  -54.834  -8.865  45.067 0.5555559993
80820  -56.210  -8.599  44.365 0.6666669846
80834  -58.251  -8.559  43.752 0.6666669846
78841  -52.963  -9.776  45.633 0.4444440007
79836  -53.398  -9.061  45.342 0.4444440007
80818  -54.891  -8.473  44.647 0.4444440007
80819  -55.478  -8.453  44.372 0.4444440007
84445  -63.667  -3.379  52.294 0.1111110002
83492  -64.040  -4.043  52.827 0.1111110002
77660  -62.223  -10.793  59.829 0.3333329856
84433  -64.005  -3.562  54.000 0.1111110002
84438  -63.758  -3.365  52.867 0.1111110002
80703  -62.956  -8.386  58.178 0.2222220004
81644  -63.472  -6.413  57.555 0.2222220004
142537  -63.928  -3.449  53.702 0.1111110002
82529  -63.461  -5.206  57.204 0.2222220004
84469  -61.318  -4.615  47.342 0.5555559993
75659  -48.436  -13.607  52.558 0.3333329856
81790  -63.545  -7.132  40.915 0.5555559993
80835  -59.059  -8.473  43.861 0.6666669846
81778  -62.167  -7.292  42.383 0.6666669846
79834  -51.915  -9.208  45.634 0.4444440007
154327  -57.472  -8.575  43.881 0.6666669846
80833  -57.455  -8.485  43.279 0.6666669846
81763  -60.481  -8.006  43.552 0.6666669846
80850  -61.000  -8.270  42.454 0.6666669846
80804  -52.590  -8.606  45.324 0.4444440007
81735  -53.377  -8.113  44.858 0.4444440007
80817  -54.222  -8.103  44.470 0.4444440007
81749  -54.897  -8.118  44.019 0.4444440007
80831  -55.735  -8.279  43.821 0.6666669846
80693  -61.670  -7.788  59.814 0.3333329856
81624  -62.353  -7.019  59.574 0.2222220004
82516  -62.763  -6.033  58.484 0.2222220004
81633  -63.263  -5.693  57.800 0.2222220004
81631  -62.288  -6.262  58.848 0.3333329856
82527  -62.607  -5.298  57.493 0.2222220004
81643  -61.930  -5.997  57.861 0.4444440007
81651  -61.586  -6.136  56.617 0.3333329856
139107  -58.088  -8.515  43.098 0.6666669846
138181  -58.790  -8.513  43.284 0.6666669846
80848  -59.206  -8.504  42.742 0.6666669846
80864  -62.112  -8.399  41.309 0.6666669846
133036  -52.858  -7.386  44.538 0.3333329856
81748  -53.643  -7.615  44.280 0.4444440007
81761  -55.234  -7.902  43.336 0.4444440007
80846  -57.532  -8.361  42.511 0.6666669846
80861  -59.488  -8.530  42.022 0.6666669846
80862  -60.371  -8.536  41.899 0.6666669846
81788  -61.772  -8.006  42.091 0.6666669846
81800  -63.020  -8.154  40.917 0.5555559993
80877  -63.520  -8.605  40.239 0.4444440007
81775  -56.896  -8.091  42.167 0.4444440007
80859  -57.966  -8.376  42.023 0.6666669846
80860  -58.644  -8.460  42.019 0.6666669846
80863  -61.231  -8.490  41.623 0.6666669846
79896  -65.837  -9.242  38.582 0.4444440007
136109  -56.692  -7.748  41.705 0.4444440007
81787  -58.066  -8.191  41.369 0.6666669846
80874  -60.567  -8.655  41.022 0.6666669846
80876  -62.524  -8.816  40.434 0.5555559993
143405  -63.245  -9.040  39.908 0.4444440007
79894  -63.566  -9.239  39.289 0.4444440007
134448  -57.576  -7.627  40.813 0.6666669846
81799  -59.025  -8.212  40.469 0.6666669846
80875  -61.494  -8.768  40.771 0.6666669846
80889  -60.698  -8.738  40.038 0.5555559993
80891  -62.638  -9.143  39.601 0.5555559993
80903  -62.955  -9.137  38.593 0.4444440007
79913  -64.100  -9.387  38.455 0.4444440007
81808  -58.553  -7.567  39.884 0.6666669846
80888  -59.851  -8.433  40.347 0.6666669846
80901  -61.129  -8.782  39.307 0.5555559993
80918  -62.022  -8.636  38.060 0.5555559993
147055  -60.339  -7.375  38.127 0.5555559993
81820  -61.129  -8.371  38.469 0.5555559993
81797  -56.815  -7.342  41.030 0.4444440007
82669  -57.220  -6.971  40.292 0.5555559993
82668  -56.550  -6.678  40.428 0.4444440007
82683  -58.900  -7.137  39.171 0.5555559993
81810  -59.929  -8.214  39.585 0.5555559993
81819  -60.385  -8.251  39.011 0.5555559993
83582  -56.230  -6.045  39.943 0.5555559993
82680  -56.961  -6.362  39.789 0.5555559993
82690  -57.901  -6.371  39.164 0.5555559993
83593  -55.925  -5.273  39.520 0.4444440007
83594  -56.682  -5.698  39.344 0.5555559993
83595  -57.383  -6.048  39.223 0.5555559993
152892  -56.727  -4.871  38.536 0.3333329856
153582  -56.715  -3.973  37.809 0.4444440007
84548  -55.699  -4.371  39.180 0.4444440007
84549  -56.389  -5.019  38.905 0.4444440007
85532  -55.793  -3.676  38.751 0.3333329856
85526  -55.302  -3.375  39.345 0.3333329856
84556  -56.344  -4.318  38.484 0.3333329856
152046  -56.510  -3.215  37.703 0.2222220004
145007  -62.683  -2.852  46.341 0.4444440007
83558  -62.138  -5.935  43.271 0.6666669846
83536  -61.788  -5.412  44.280 0.6666669846
84481  -62.320  -3.733  44.823 0.4444440007
83521  -61.195  -5.501  46.014 0.6666669846
85471  -62.585  -3.103  45.452 0.5555559993
86407  -63.060  -2.405  47.616 0.3333329856
82606  -60.582  -6.052  46.918 0.6666669846
82588  -60.177  -6.088  49.303 0.5555559993
83497  -60.813  -5.394  49.507 0.6666669846
80790  -59.679  -7.630  46.917 0.6666669846
82605  -60.011  -6.848  47.208 0.6666669846
45324  -20.477  -42.772  80.167 0.3333329856
45326  -22.050  -42.336  79.996 0.3333329856
47347  -24.687  -40.491  77.734 0.3333329856
146584  -43.172  -26.075  62.861 0.5555559993
62446  -44.287  -26.381  61.548 0.4444440007
138583  -44.858  -26.354  59.012 0.4444440007
133170  -50.017  -15.770  54.633 0.6666669846
77658  -61.270  -11.084  59.932 0.3333329856
78833  -51.693  -10.564  46.297 0.4444440007
77670  -62.662  -10.935  59.335 0.2222220004
78728  -62.830  -9.715  59.389 0.2222220004
80694  -62.296  -7.827  60.050 0.3333329856
80695  -62.713  -7.718  59.855 0.2222220004
132705  -60.963  -6.929  56.876 0.5555559993
82537  -63.159  -4.725  56.904 0.2222220004
83449  -63.482  -4.835  56.823 0.2222220004
146344  -58.206  -8.166  49.342 0.6666669846
82536  -62.313  -5.321  56.325 0.3333329856
83506  -61.073  -4.794  48.740 0.6666669846
130095  -61.529  -4.096  48.225 0.5555559993
75645  -49.296  -13.188  53.731 0.5555559993
152385  -17.373  -43.838  82.398 0.4444440007
44317  -20.173  -43.155  81.520 0.4444440007
52961  -29.804  -35.249  74.999 0.1111110002
62397  -41.517  -26.318  63.389 0.1111110002
62462  -45.903  -26.470  60.195 0.4444440007
81630  -61.528  -7.156  59.089 0.4444440007
39426  -6.689  -48.736  88.726 0.2222220004
39436  -6.428  -48.591  87.960 0.2222220004
40540  -8.874  -48.323  87.607 0.3333329856
41429  -9.249  -46.638  86.456 0.1111110002
41413  -8.776  -46.139  88.072 0.2222220004
152347  -6.771  -46.428  88.151 0.2222220004
40565  -10.158  -47.515  85.206 0.1111110002
43303  -9.436  -44.910  87.953 0.1111110002
43349  -12.529  -44.494  82.633 0.1111110002
44283  -11.832  -44.193  83.085 0.1111110002
42418  -14.917  -45.077  82.969 0.2222220004
43362  -16.883  -44.099  82.697 0.5555559993
154626  -18.180  -43.627  82.575 0.3333329856
44327  -17.118  -43.287  80.633 0.2222220004
44315  -18.384  -43.437  81.342 0.3333329856
45341  -16.932  -42.268  79.652 0.1111110002
146471  -17.715  -42.308  79.440 0.1111110002
134404  -18.608  -43.522  82.224 0.3333329856
45358  -20.544  -42.212  78.771 0.3333329856
46345  -22.429  -41.787  78.433 0.3333329856
47344  -22.564  -40.980  77.207 0.2222220004
47358  -23.009  -40.446  76.662 0.2222220004
47345  -23.377  -40.936  77.272 0.3333329856
47346  -24.110  -40.772  77.449 0.3333329856
51951  -39.806  -36.032  71.447 0.4444440007
51903  -27.551  -35.343  74.564 0.3333329856
59230  -39.621  -29.476  64.580 0.1111110002
59213  -40.250  -29.718  65.163 0.1111110002
146055  -43.557  -26.443  59.916 0.4444440007
128390  -42.901  -26.161  62.163 0.4444440007
80784  -58.533  -7.892  48.729 0.6666669846
79821  -57.389  -9.569  47.660 0.6666669846
133758  -58.479  -8.911  47.049 0.6666669846
80798  -58.750  -8.754  46.068 0.6666669846
81729  -60.418  -6.706  46.506 0.6666669846
131708  -59.678  -8.215  44.885 0.6666669846
81737  -60.467  -7.119  45.778 0.6666669846
82624  -60.857  -6.717  45.204 0.6666669846
152077  -60.899  -5.799  46.478 0.6666669846
82611  -61.186  -6.028  45.448 0.6666669846
73607  -49.129  -15.282  54.503 0.5555559993
74618  -47.761  -14.482  54.095 0.4444440007
83505  -60.496  -5.558  48.780 0.6666669846
82598  -60.256  -6.101  47.720 0.6666669846
84490  -62.305  -4.597  43.697 0.6666669846
79829  -56.530  -9.901  46.285 0.6666669846
135852  -58.007  -9.038  45.587 0.6666669846
81750  -59.682  -8.258  44.280 0.6666669846
83549  -62.499  -5.036  43.055 0.6666669846
78843  -54.441  -10.041  45.750 0.4444440007
75643  -47.485  -13.748  53.427 0.3333329856
75644  -48.377  -13.508  53.565 0.4444440007
85496  -63.349  -3.483  42.365 0.3333329856
132748  -62.913  -3.134  43.770 0.3333329856
80836  -59.674  -8.367  43.517 0.6666669846
80849  -60.168  -8.383  42.788 0.6666669846
138111  -55.019  -9.470  45.465 0.5555559993
154464  -55.685  -8.928  45.015 0.6666669846
80805  -54.198  -8.567  44.964 0.4444440007
80832  -56.662  -8.448  43.658 0.4444440007
81632  -63.156  -6.461  58.519 0.2222220004
80704  -63.050  -7.413  59.045 0.2222220004
80716  -63.201  -7.356  57.934 0.2222220004
79733  -62.977  -8.547  59.336 0.2222220004
81645  -63.735  -5.663  57.047 0.2222220004
80725  -63.058  -7.416  56.651 0.2222220004
82528  -63.097  -5.235  57.611 0.2222220004
84476  -61.796  -3.969  46.822 0.5555559993
85458  -61.936  -3.516  47.688 0.5555559993
144428  -61.009  -5.388  46.795 0.6666669846
83522  -61.406  -4.781  46.447 0.6666669846
81734  -52.351  -7.812  45.072 0.4444440007
150981  -54.232  -7.769  44.021 0.4444440007
81760  -54.491  -7.648  43.511 0.4444440007
82509  -62.540  -6.504  59.091 0.2222220004
148681  -62.652  -5.600  58.208 0.2222220004
80847  -58.380  -8.483  42.632 0.5555559993
80845  -56.784  -8.273  42.827 0.4444440007
80873  -59.682  -8.522  41.190 0.6666669846
81786  -57.319  -8.015  41.632 0.5555559993
79895  -64.537  -9.333  38.928 0.4444440007
80872  -58.832  -8.373  41.270 0.6666669846
80890  -61.714  -9.033  39.905 0.5555559993
81798  -58.284  -7.901  40.622 0.6666669846
80902  -61.883  -9.021  39.028 0.5555559993
82670  -57.893  -7.235  40.109 0.6666669846
81809  -59.271  -7.905  39.689 0.6666669846
82691  -58.445  -6.475  38.798 0.5555559993
81818  -59.661  -7.573  38.946 0.5555559993
82681  -57.601  -6.628  39.664 0.5555559993
83603  -57.142  -5.366  38.679 0.4444440007
84557  -57.033  -4.719  38.147 0.4444440007
86478  -55.687  -2.753  38.783 0.3333329856
85465  -62.193  -3.564  46.220 0.5555559993
85466  -62.430  -2.980  47.105 0.3333329856
151301  -63.911  -2.310  46.201 0.3333329856
83526  -61.512  -5.417  45.127 0.6666669846
134331  -61.979  -4.566  44.711 0.6666669846
84480  -62.049  -4.046  45.480 0.6666669846
86420  -63.444  -2.553  44.982 0.2222220004
134810  -61.773  -4.268  46.113 0.6666669846
83515  -60.762  -5.437  47.486 0.6666669846
84464  -61.005  -4.909  47.972 0.6666669846
38327  -13.655  -49.522  91.556 0.3333329856
39413  -14.482  -48.855  90.967 0.2222220004
38332  -13.739  -50.098  90.172 0.2222220004
43276  -17.706  -44.732  91.548 0.1111110002
40506  -13.750  -47.793  92.278 0.4444440007
43269  -15.916  -44.772  92.952 0.3333329856
144934  -16.259  -44.325  93.737 0.3333329856
43261  -14.725  -44.213  93.495 0.3333329856
151259  -16.774  -44.700  92.552 0.2222220004
43270  -17.280  -44.489  93.051 0.2222220004
48196  -31.755  -39.835  91.021 0.2222220004
47151  -32.342  -40.491  90.741 0.2222220004
46196  -32.052  -40.674  90.576 0.1111110002
141124  -32.480  -41.259  90.356 0.2222220004
48197  -32.188  -39.617  91.136 0.3333329856
47152  -32.949  -40.369  90.682 0.2222220004
48198  -33.025  -39.258  90.631 0.3333329856
48199  -33.752  -39.737  90.152 0.2222220004
47164  -34.973  -40.252  89.388 0.2222220004
48210  -34.779  -39.102  89.448 0.3333329856
46200  -34.858  -41.341  89.374 0.2222220004
49362  -33.961  -38.608  89.798 0.2222220004
47163  -34.230  -40.288  89.819 0.2222220004
46224  -36.648  -41.916  88.145 0.2222220004
46186  -33.491  -40.929  90.339 0.2222220004
48233  -38.506  -39.322  87.355 0.3333329856
47190  -39.187  -39.491  87.030 0.2222220004
48260  -38.914  -39.088  86.493 0.3333329856
135320  -39.570  -39.192  86.507 0.3333329856
48259  -37.958  -39.123  86.223 0.3333329856
48220  -35.794  -39.146  88.900 0.2222220004
48221  -36.547  -39.232  88.552 0.2222220004
46212  -36.248  -41.239  88.466 0.2222220004
46213  -37.273  -40.539  87.972 0.2222220004
49369  -34.767  -38.074  89.272 0.3333329856
49370  -35.580  -38.383  88.868 0.3333329856
47175  -36.864  -39.816  88.369 0.2222220004
130005  -37.983  -40.519  87.608 0.2222220004
50635  -34.298  -37.759  89.146 0.3333329856
145001  -35.880  -38.385  88.482 0.3333329856
49377  -36.453  -38.684  88.436 0.3333329856
49387  -37.226  -38.758  88.060 0.3333329856
48232  -37.849  -39.096  87.766 0.3333329856
49386  -35.670  -38.162  88.257 0.5555559993
135396  -36.455  -38.470  88.136 0.3333329856
49388  -37.757  -38.860  87.453 0.3333329856
49399  -36.113  -38.400  87.612 0.3333329856
48243  -37.505  -38.720  86.928 0.3333329856
48244  -38.293  -38.889  86.932 0.3333329856
48242  -36.544  -38.730  86.876 0.3333329856
48258  -36.885  -39.210  86.148 0.3333329856
47218  -37.120  -39.644  85.530 0.4444440007
48257  -35.838  -39.477  85.986 0.5555559993
50753  -41.822  -37.875  76.003 0.6666669846
140708  -42.334  -36.476  75.899 0.7777780294
43263  -17.983  -44.430  93.721 0.2222220004
133591  -17.009  -44.150  94.128 0.2222220004
43255  -17.803  -44.105  94.337 0.2222220004
40504  -13.222  -46.836  92.723 0.4444440007
42296  -14.096  -45.441  93.052 0.3333329856
42304  -14.966  -45.729  92.493 0.3333329856
49376  -35.171  -37.971  88.779 0.3333329856
51886  -42.555  -36.608  76.510 0.7777780294
43252  -15.322  -43.834  93.784 0.4444440007
38333  -14.136  -49.576  90.577 0.2222220004
40515  -14.433  -48.252  91.589 0.3333329856
146853  -32.370  -41.454  90.197 0.1111110002
140097  -35.803  -40.371  88.827 0.2222220004
46199  -34.052  -41.446  89.882 0.2222220004
46211  -35.211  -42.010  89.083 0.2222220004
49389  -38.315  -39.111  87.324 0.3333329856
48245  -38.947  -39.235  86.901 0.2222220004
47188  -38.018  -39.645  87.702 0.3333329856
48222  -37.227  -39.010  88.289 0.3333329856
47176  -37.535  -39.442  88.057 0.2222220004
49400  -37.027  -38.564  87.585 0.3333329856
33336  -8.154  -55.376  88.100 0.1111110002
34269  -9.629  -53.909  88.267 0.2222220004
150839  -12.475  -51.366  87.769 0.1111110002
37331  -12.861  -51.002  88.180 0.1111110002
36327  -12.350  -51.500  88.780 0.1111110002
37317  -13.284  -50.603  89.887 0.1111110002
37323  -12.800  -51.084  89.465 0.1111110002
42298  -19.800  -45.116  93.812 0.1111110002
43264  -20.015  -45.146  92.911 0.1111110002
49501  -26.338  -38.726  77.504 0.3333329856
134668  -19.068  -44.630  93.239 0.1111110002
40517  -15.840  -47.267  90.175 0.1111110002
43256  -18.856  -44.475  94.173 0.1111110002
41398  -16.476  -46.525  89.928 0.1111110002
42313  -17.446  -45.252  90.534 0.1111110002
43271  -18.368  -44.533  92.360 0.1111110002
43247  -18.391  -43.995  94.531 0.2222220004
43248  -19.220  -44.259  94.496 0.2222220004
38342  -14.321  -49.520  89.413 0.1111110002
39420  -14.756  -49.000  89.822 0.1111110002
40516  -15.155  -47.971  90.719 0.1111110002
41397  -15.938  -46.541  90.832 0.1111110002
41391  -15.111  -46.591  91.852 0.1111110002
42311  -15.734  -45.942  91.565 0.2222220004
42305  -15.852  -45.375  92.134 0.2222220004
43246  -17.710  -43.749  94.493 0.3333329856
73606  -48.280  -15.322  54.249 0.4444440007
128738  -49.883  -13.696  51.136 0.4444440007
82692  -59.308  -6.677  38.312 0.5555559993
79933  -64.800  -9.498  37.695 0.3333329856
80920  -63.924  -9.146  37.538 0.3333329856
84530  -65.246  -4.614  41.539 0.2222220004
83572  -65.821  -5.294  40.940 0.1111110002
82673  -66.129  -5.844  39.950 0.3333329856
82699  -60.769  -6.730  37.238 0.4444440007
81827  -61.402  -7.656  37.481 0.4444440007
81828  -62.324  -8.095  37.192 0.3333329856
82707  -60.269  -5.999  37.015 0.2222220004
81839  -61.755  -6.831  36.654 0.2222220004
81840  -62.813  -7.376  36.374 0.3333329856
84527  -63.616  -3.725  41.629 0.2222220004
84528  -64.332  -4.021  40.998 0.2222220004
83570  -63.215  -5.305  41.711 0.4444440007
149156  -65.323  -4.745  40.777 0.2222220004
81801  -63.983  -7.785  40.403 0.3333329856
80919  -62.851  -8.740  37.673 0.3333329856
84516  -63.091  -4.479  42.172 0.3333329856
143560  -63.704  -4.286  41.216 0.3333329856
148305  -64.312  -4.534  40.781 0.3333329856
83571  -63.847  -5.102  40.877 0.4444440007
83583  -64.757  -5.102  40.466 0.4444440007
82672  -65.309  -5.886  39.985 0.4444440007
82684  -66.011  -6.356  39.643 0.3333329856
148100  -64.400  -6.769  40.295 0.4444440007
81802  -65.145  -6.988  39.808 0.3333329856
81811  -65.868  -7.273  39.509 0.3333329856
80878  -64.597  -8.244  39.828 0.3333329856
80892  -64.038  -9.001  39.635 0.3333329856
80893  -65.261  -8.751  39.268 0.3333329856
35296  -10.461  -53.084  87.659 0.2222220004
40507  -14.752  -47.518  91.732 0.2222220004
36326  -11.904  -51.882  87.794 0.1111110002
43254  -17.057  -43.777  94.348 0.3333329856
43251  -21.774  -44.229  94.384 0.2222220004
48358  -25.977  -39.292  78.067 0.4444440007
50739  -27.196  -37.398  77.070 0.3333329856
72594  -48.696  -16.130  54.305 0.3333329856
75660  -49.055  -13.279  52.961 0.4444440007
82671  -64.165  -5.948  40.550 0.4444440007
79914  -65.173  -9.584  38.116 0.3333329856
73605  -47.560  -15.489  53.922 0.2222220004
39414  -15.108  -48.469  90.061 0.1111110002
42306  -16.750  -45.050  91.686 0.1111110002
43272  -19.368  -44.579  91.965 0.1111110002
134759  -15.448  -47.219  91.022 0.1111110002
42324  -17.130  -45.857  89.763 0.1111110002
42312  -16.542  -45.742  90.849 0.1111110002
80937  -63.353  -8.399  36.808 0.3333329856
84540  -65.068  -4.656  40.698 0.2222220004
83584  -65.618  -5.247  40.341 0.4444440007
151660  -61.990  -7.492  36.899 0.3333329856
42411  -40.273  -46.056  83.095 0.1111110002
42421  -38.669  -45.620  83.345 0.1111110002
43345  -42.560  -45.344  84.709 0.1111110002
42382  -40.662  -46.908  85.417 0.1111110002
42395  -41.345  -46.851  85.128 0.1111110002
42412  -42.825  -46.838  83.942 0.1111110002
42380  -38.760  -46.570  86.114 0.1111110002
149764  -40.259  -46.680  84.129 0.1111110002
41495  -41.111  -46.806  83.835 0.1111110002
130246  -36.216  -45.244  85.723 0.1111110002
42378  -36.941  -45.899  86.046 0.1111110002
42393  -38.348  -46.401  85.281 0.1111110002
42410  -39.360  -46.239  83.891 0.1111110002
43342  -35.944  -44.638  84.545 0.1111110002
43355  -36.511  -44.833  83.789 0.1111110002
42408  -37.880  -45.374  83.427 0.1111110002
44293  -35.376  -43.926  83.833 0.1111110002
154392  -36.965  -44.639  82.326 0.1111110002
44266  -42.429  -43.338  84.924 0.1111110002
43333  -40.619  -45.455  85.762 0.1111110002
139821  -41.325  -45.328  85.427 0.1111110002
42368  -38.622  -46.279  86.550 0.1111110002
147263  -39.603  -44.625  86.265 0.1111110002
45234  -33.577  -43.197  89.386 0.1111110002
42367  -37.191  -46.026  86.892 0.1111110002
43311  -37.439  -45.375  87.494 0.1111110002
44253  -38.231  -44.965  87.104 0.1111110002
152590  -34.123  -44.125  88.307 0.1111110002
44238  -34.424  -44.305  88.527 0.1111110002
43319  -35.790  -45.289  87.557 0.1111110002
44240  -36.950  -44.753  87.904 0.1111110002
134237  -34.737  -43.738  85.359 0.1111110002
44276  -34.831  -43.509  84.309 0.1111110002
44292  -34.822  -43.390  83.303 0.1111110002
45271  -43.541  -41.549  84.978 0.1111110002
146530  -42.290  -42.371  85.295 0.1111110002
134465  -41.674  -43.125  85.367 0.1111110002
45268  -40.875  -42.642  85.848 0.1111110002
44265  -41.016  -44.158  85.595 0.1111110002
45258  -39.424  -42.401  86.518 0.1111110002
46185  -32.849  -41.433  90.466 0.1111110002
45219  -32.979  -42.593  89.910 0.1111110002
45247  -37.283  -43.450  87.648 0.1111110002
45248  -38.103  -42.518  87.198 0.1111110002
45222  -34.275  -42.427  89.641 0.1111110002
45236  -34.627  -43.277  89.262 0.1111110002
44226  -35.137  -44.128  88.877 0.1111110002
150615  -36.583  -44.175  88.156 0.1111110002
47240  -44.003  -39.508  85.378 0.1111110002
46255  -43.546  -40.505  85.473 0.1111110002
45269  -41.801  -41.709  85.755 0.1111110002
46253  -42.191  -40.250  86.233 0.1111110002
46240  -41.208  -40.821  86.330 0.1111110002
46241  -41.683  -39.643  86.436 0.1111110002
46226  -38.372  -41.068  87.273 0.1111110002
47201  -39.180  -40.317  87.081 0.1111110002
47189  -38.620  -39.905  87.431 0.1111110002
48264  -43.420  -39.070  85.419 0.1111110002
47219  -42.235  -39.277  86.253 0.2222220004
48261  -40.264  -39.068  86.304 0.2222220004
48262  -41.127  -38.977  86.250 0.2222220004
147928  -41.734  -38.975  86.197 0.2222220004
49344  -26.654  -38.561  91.939 0.2222220004
48179  -26.402  -39.188  91.855 0.2222220004
48246  -39.821  -39.299  86.585 0.1111110002
47202  -40.036  -39.728  86.729 0.1111110002
51950  -38.920  -36.133  71.267 0.2222220004
46197  -32.714  -41.958  90.182 0.1111110002
45237  -35.712  -42.917  88.655 0.1111110002
46225  -37.446  -41.851  87.640 0.1111110002
45246  -36.570  -43.112  88.115 0.1111110002
147485  -33.302  -41.855  90.291 0.1111110002
42409  -38.496  -45.996  84.196 0.1111110002
43334  -41.959  -44.533  85.095 0.1111110002
43344  -41.922  -46.106  85.065 0.1111110002
42396  -42.718  -46.295  84.384 0.1111110002
41481  -40.755  -47.078  84.739 0.1111110002
43332  -40.255  -46.477  85.856 0.1111110002
42381  -39.443  -46.531  86.170 0.1111110002
42383  -41.040  -46.319  85.498 0.1111110002
41452  -39.647  -46.838  85.678 0.1111110002
41482  -41.666  -47.021  84.330 0.1111110002
146378  -42.014  -46.900  84.523 0.1111110002
41483  -42.532  -46.978  83.774 0.1111110002
42392  -37.461  -45.867  85.192 0.1111110002
42379  -37.800  -46.301  86.205 0.1111110002
41451  -39.159  -46.768  85.459 0.1111110002
41467  -39.794  -46.981  84.965 0.1111110002
43331  -36.414  -45.650  86.809 0.1111110002
43330  -35.690  -45.069  86.477 0.1111110002
150384  -35.656  -44.693  85.509 0.1111110002
43343  -36.686  -45.334  84.891 0.1111110002
129888  -37.856  -45.791  84.432 0.1111110002
43354  -35.889  -44.311  83.295 0.1111110002
44277  -35.294  -44.130  84.903 0.1111110002
43356  -37.198  -45.380  84.111 0.1111110002
43365  -36.419  -44.521  82.764 0.1111110002
42420  -37.637  -44.838  82.435 0.1111110002
43373  -36.499  -44.401  81.866 0.1111110002
43323  -40.241  -44.471  85.920 0.1111110002
43322  -39.860  -45.673  86.182 0.1111110002
133808  -38.969  -45.649  86.648 0.1111110002
43321  -38.094  -45.965  87.100 0.1111110002
133414  -39.014  -43.899  86.581 0.1111110002
44237  -33.948  -43.868  88.753 0.1111110002
42356  -37.314  -45.811  87.290 0.1111110002
130401  -38.006  -46.217  86.782 0.1111110002
43310  -36.715  -45.363  87.803 0.1111110002
138991  -38.244  -43.628  87.048 0.1111110002
44241  -37.651  -44.319  87.436 0.1111110002
44251  -33.980  -43.548  86.862 0.1111110002
154093  -35.273  -45.007  87.827 0.1111110002
44252  -34.349  -44.259  87.657 0.1111110002
43299  -34.954  -44.556  88.641 0.1111110002
43318  -35.053  -44.782  87.182 0.1111110002
147752  -35.431  -44.963  88.172 0.1111110002
43309  -36.072  -45.234  88.062 0.1111110002
44239  -36.298  -44.876  88.241 0.1111110002
44227  -35.968  -44.166  88.533 0.1111110002
45280  -34.338  -43.064  84.806 0.1111110002
43329  -35.146  -44.419  85.966 0.1111110002
44264  -34.550  -44.044  86.455 0.1111110002
44263  -34.214  -43.320  85.816 0.1111110002
46254  -42.768  -41.218  85.572 0.1111110002
45270  -42.949  -42.416  84.934 0.1111110002
45259  -40.247  -41.788  86.303 0.1111110002
152976  -40.505  -43.631  85.838 0.1111110002
46239  -39.699  -41.015  86.692 0.1111110002
46238  -38.903  -41.641  86.890 0.1111110002
45257  -38.713  -42.772  86.796 0.1111110002
44254  -39.968  -43.334  86.131 0.1111110002
46198  -33.063  -42.293  90.164 0.1111110002
45220  -33.328  -42.743  89.774 0.1111110002
152845  -37.820  -43.452  87.313 0.1111110002
45235  -33.849  -43.096  89.554 0.1111110002
43300  -35.632  -44.731  88.465 0.1111110002
47220  -43.015  -39.787  85.938 0.1111110002
134529  -40.462  -40.547  86.577 0.1111110002
44225  -34.330  -43.894  89.087 0.1111110002
47136  -25.797  -39.512  92.316 0.1111110002
47141  -26.099  -40.002  91.452 0.1111110002
149344  -27.751  -38.552  91.238 0.1111110002
48193  -27.560  -39.152  90.519 0.1111110002
49358  -29.386  -38.406  90.889 0.1111110002
62445  -43.454  -26.339  61.388 0.3333329856
62458  -42.362  -26.299  60.425 0.2222220004
62459  -43.165  -26.387  60.549 0.2222220004
62473  -42.055  -26.293  59.591 0.2222220004
62488  -42.570  -26.338  58.826 0.2222220004
62474  -43.451  -26.417  59.190 0.2222220004
62490  -44.133  -26.337  58.694 0.2222220004
137562  -41.812  -25.883  62.900 0.2222220004
62443  -41.778  -26.073  61.080 0.1111110002
62444  -42.610  -26.230  61.296 0.2222220004
62293  -53.267  -25.176  70.807 0.1111110002
62310  -54.808  -26.006  69.248 0.1111110002
63507  -56.136  -24.115  69.328 0.1111110002
63534  -58.112  -24.906  67.964 0.1111110002
70546  -61.376  -17.831  62.935 0.3333329856
130871  -41.611  -22.429  54.705 0.1111110002
65754  -42.865  -22.972  53.915 0.1111110002
65755  -43.720  -23.074  53.977 0.1111110002
66674  -44.948  -22.137  53.799 0.1111110002
62373  -59.608  -26.488  65.927 0.1111110002
70545  -60.500  -17.715  62.942 0.3333329856
143742  -41.863  -21.262  58.577 0.1111110002
67559  -40.857  -21.121  58.393 0.1111110002
66632  -39.901  -22.363  56.899 0.1111110002
66646  -40.995  -22.132  55.671 0.1111110002
67603  -42.271  -21.786  54.028 0.1111110002
67613  -44.509  -21.584  53.563 0.1111110002
67614  -45.311  -21.378  53.679 0.1111110002
67560  -41.264  -21.144  57.732 0.1111110002
67575  -40.348  -21.674  57.024 0.1111110002
67576  -40.972  -21.255  56.790 0.1111110002
67594  -41.402  -21.787  55.094 0.1111110002
69633  -41.701  -19.601  55.438 0.1111110002
68590  -41.549  -20.440  55.840 0.1111110002
68606  -41.832  -21.133  54.539 0.1111110002
68600  -41.695  -20.321  54.956 0.1111110002
68607  -42.179  -20.288  54.313 0.1111110002
138752  -43.220  -20.943  53.534 0.1111110002
153146  -44.818  -20.886  53.490 0.1111110002
68622  -45.558  -20.401  53.533 0.1111110002
69641  -41.988  -19.595  54.692 0.1111110002
69652  -42.485  -19.551  54.082 0.1111110002
147775  -43.923  -19.488  53.494 0.1111110002
69655  -45.376  -19.477  53.443 0.1111110002
69654  -44.590  -19.079  53.459 0.1111110002
70625  -45.324  -18.645  53.446 0.1111110002
68584  -42.715  -20.366  57.928 0.1111110002
68573  -42.698  -20.978  58.171 0.1111110002
148559  -42.176  -20.098  57.366 0.1111110002
68591  -41.756  -20.208  56.739 0.1111110002
140581  -41.669  -19.674  56.200 0.1111110002
142156  -42.276  -18.996  54.456 0.1111110002
70622  -42.782  -18.801  53.977 0.1111110002
70623  -43.660  -18.668  53.635 0.1111110002
70624  -44.577  -18.124  53.528 0.1111110002
71548  -45.747  -17.288  53.480 0.1111110002
71549  -46.547  -17.442  53.517 0.1111110002
70602  -41.843  -18.845  55.043 0.1111110002
146157  -43.138  -18.000  54.010 0.1111110002
71535  -42.811  -17.272  54.367 0.1111110002
71536  -43.536  -17.238  53.915 0.1111110002
72602  -44.673  -16.555  53.589 0.1111110002
72604  -46.232  -16.599  53.538 0.1111110002
72591  -42.568  -16.467  54.666 0.1111110002
73604  -43.038  -15.618  54.438 0.1111110002
73615  -43.797  -15.841  53.949 0.1111110002
136938  -45.014  -15.818  53.580 0.1111110002
73618  -45.940  -15.633  53.605 0.1111110002
73619  -46.812  -14.896  53.806 0.1111110002
74617  -43.090  -14.585  54.414 0.1111110002
133151  -43.671  -15.165  54.083 0.1111110002
73616  -44.399  -15.243  53.742 0.1111110002
74631  -45.621  -14.328  53.433 0.1111110002
74632  -46.432  -14.270  53.532 0.1111110002
75642  -46.741  -13.869  53.336 0.1111110002
75640  -44.647  -13.501  53.004 0.1111110002
75641  -45.945  -13.899  53.222 0.1111110002
75668  -45.924  -13.858  51.694 0.1111110002
142932  -47.762  -13.698  52.748 0.2222220004
75681  -46.634  -13.876  51.207 0.1111110002
75669  -47.254  -14.002  51.842 0.1111110002
128315  -48.125  -13.853  51.662 0.2222220004
129766  -48.998  -13.733  51.772 0.3333329856
72579  -42.031  -16.459  55.293 0.1111110002
73603  -42.316  -15.746  54.999 0.1111110002
142322  -42.536  -15.060  54.846 0.1111110002
75628  -43.424  -13.776  54.038 0.1111110002
141360  -43.597  -13.151  53.598 0.1111110002
75656  -45.306  -13.640  52.510 0.1111110002
75667  -45.265  -13.242  51.518 0.1111110002
75655  -44.611  -13.069  52.166 0.1111110002
75680  -45.961  -13.363  50.864 0.1111110002
149601  -47.461  -13.840  50.910 0.1111110002
75696  -47.693  -13.379  50.091 0.1111110002
136115  -48.260  -13.732  50.722 0.2222220004
75683  -49.560  -13.600  50.091 0.3333329856
76704  -46.804  -13.266  50.345 0.1111110002
150659  -47.181  -12.699  49.732 0.1111110002
76719  -48.721  -12.828  49.056 0.3333329856
147914  -49.293  -13.265  49.400 0.3333329856
75698  -50.044  -13.379  49.326 0.3333329856
73590  -42.067  -15.077  55.580 0.1111110002
74616  -42.402  -14.314  55.072 0.1111110002
75627  -42.806  -13.639  54.639 0.1111110002
142393  -43.143  -12.984  54.133 0.1111110002
76672  -43.447  -12.377  53.471 0.1111110002
76683  -43.742  -12.170  52.752 0.1111110002
77724  -43.857  -11.534  52.402 0.1111110002
76691  -44.761  -12.412  51.486 0.1111110002
77744  -45.674  -11.753  50.458 0.1111110002
76730  -48.164  -12.147  48.743 0.2222220004
76731  -48.907  -12.292  48.375 0.3333329856
142204  -49.500  -12.898  48.743 0.3333329856
77745  -46.190  -11.489  50.026 0.1111110002
76716  -46.704  -12.079  49.725 0.1111110002
76717  -47.378  -11.892  49.202 0.1111110002
76650  -42.681  -12.801  55.568 0.1111110002
144557  -43.039  -12.194  55.122 0.1111110002
77715  -43.366  -11.530  53.861 0.1111110002
78778  -44.015  -10.204  53.840 0.1111110002
79771  -44.481  -9.664  53.332 0.1111110002
77723  -43.540  -11.565  53.081 0.1111110002
78783  -43.690  -10.977  52.796 0.1111110002
79779  -44.501  -9.876  52.355 0.1111110002
77731  -44.398  -11.406  51.655 0.1111110002
78794  -44.500  -10.487  51.736 0.1111110002
142624  -45.635  -10.837  50.475 0.1111110002
77759  -48.502  -11.504  48.146 0.2222220004
77760  -49.153  -11.837  47.856 0.2222220004
76738  -50.390  -12.303  47.803 0.3333329856
78805  -46.311  -10.640  49.899 0.1111110002
78812  -47.286  -10.843  48.923 0.1111110002
78818  -47.984  -10.799  48.316 0.1111110002
78819  -48.570  -10.680  47.757 0.2222220004
77780  -50.355  -11.074  46.940 0.2222220004
132045  -50.809  -11.814  47.325 0.3333329856
79810  -47.669  -10.035  48.583 0.1111110002
148748  -48.638  -9.071  47.552 0.1111110002
78831  -49.877  -10.332  46.787 0.2222220004
79819  -49.050  -9.223  46.999 0.1111110002
79824  -49.794  -9.483  46.577 0.2222220004
79826  -51.372  -9.812  45.996 0.2222220004
79825  -50.583  -9.575  46.230 0.2222220004
80803  -51.672  -8.338  45.489 0.2222220004
77697  -43.516  -11.513  55.721 0.1111110002
77698  -44.128  -10.873  55.869 0.1111110002
76651  -43.048  -12.234  55.855 0.1111110002
78749  -43.824  -10.818  55.161 0.1111110002
78761  -43.668  -10.813  54.296 0.1111110002
79757  -44.597  -9.607  54.247 0.1111110002
79772  -45.110  -9.093  53.731 0.1111110002
79780  -45.048  -9.153  52.828 0.1111110002
80750  -45.755  -8.785  52.322 0.1111110002
153077  -46.883  -8.459  51.621 0.1111110002
79790  -44.951  -9.881  51.565 0.1111110002
79792  -46.113  -9.278  50.934 0.1111110002
80768  -46.783  -8.763  51.062 0.1111110002
79796  -46.065  -9.938  50.323 0.1111110002
150727  -47.153  -9.168  49.785 0.1111110002
79804  -47.684  -9.191  49.109 0.1111110002
80787  -48.567  -8.483  48.039 0.1111110002
80788  -48.934  -8.467  47.254 0.1111110002
80794  -49.490  -8.622  46.647 0.1111110002
81727  -49.996  -7.363  46.166 0.1111110002
80802  -50.668  -8.045  45.796 0.2222220004
82623  -53.114  -7.041  43.962 0.3333329856
81759  -53.798  -7.373  43.684 0.2222220004
81762  -56.010  -8.125  43.094 0.3333329856
81772  -54.740  -7.444  42.805 0.3333329856
81773  -55.498  -7.690  42.607 0.3333329856
81774  -56.253  -7.866  42.253 0.3333329856
77672  -44.039  -11.812  57.198 0.1111110002
79746  -44.791  -9.669  55.110 0.1111110002
79758  -45.250  -9.116  54.624 0.1111110002
80728  -45.788  -8.654  54.106 0.1111110002
80743  -47.114  -7.983  53.826 0.1111110002
155182  -46.305  -8.442  52.835 0.1111110002
80752  -47.086  -8.132  52.875 0.1111110002
80753  -47.974  -7.872  52.444 0.1111110002
148072  -47.331  -8.159  51.989 0.1111110002
80762  -48.047  -7.971  51.588 0.1111110002
80769  -47.297  -8.646  50.528 0.1111110002
80776  -47.882  -8.445  49.841 0.1111110002
81713  -48.642  -7.796  48.552 0.1111110002
81719  -48.861  -7.732  47.715 0.1111110002
81726  -49.373  -7.705  46.868 0.1111110002
82603  -49.531  -6.628  46.768 0.1111110002
134705  -49.909  -8.104  46.289 0.1111110002
81732  -50.625  -7.198  45.668 0.1111110002
82609  -51.005  -6.600  45.213 0.1111110002
82621  -51.652  -6.406  44.628 0.1111110002
82632  -53.263  -6.769  43.269 0.1111110002
82644  -53.495  -6.425  42.525 0.2222220004
81784  -55.683  -7.464  41.936 0.3333329856
81785  -56.202  -7.391  41.517 0.3333329856
82658  -56.200  -6.928  40.971 0.3333329856
80718  -45.930  -8.701  54.969 0.1111110002
80729  -46.512  -8.303  54.417 0.1111110002
81690  -49.540  -7.525  51.456 0.1111110002
82579  -49.873  -7.054  50.159 0.1111110002
81707  -49.168  -7.446  49.771 0.1111110002
81706  -48.528  -7.898  49.386 0.1111110002
81714  -48.908  -7.220  48.896 0.1111110002
82591  -49.209  -6.445  48.503 0.1111110002
133469  -49.362  -5.709  47.154 0.1111110002
83519  -49.485  -5.141  46.723 0.1111110002
83520  -49.716  -5.752  46.340 0.1111110002
82604  -50.154  -6.524  45.906 0.1111110002
83524  -50.331  -5.620  45.509 0.1111110002
83535  -51.822  -5.824  44.081 0.1111110002
82631  -52.558  -6.316  43.610 0.1111110002
83547  -52.780  -5.989  42.866 0.1111110002
82646  -55.029  -7.213  42.046 0.3333329856
82656  -54.630  -6.463  41.507 0.3333329856
82657  -55.524  -6.867  41.318 0.3333329856
85453  -62.283  -3.121  48.552 0.3333329856
83503  -50.435  -5.537  49.518 0.1111110002
82586  -50.177  -6.351  49.791 0.1111110002
83510  -49.940  -5.088  48.742 0.1111110002
84468  -49.867  -4.060  47.968 0.1111110002
83509  -49.366  -5.541  48.080 0.1111110002
83514  -49.431  -4.935  47.353 0.1111110002
84479  -49.898  -4.106  46.113 0.1111110002
84488  -50.253  -4.616  45.462 0.1111110002
83525  -51.097  -5.791  44.762 0.1111110002
83534  -51.191  -5.088  44.398 0.1111110002
83545  -51.629  -5.010  43.837 0.1111110002
83555  -52.596  -5.172  42.732 0.1111110002
83556  -53.107  -5.461  42.139 0.1111110002
83567  -53.617  -5.257  41.493 0.1111110002
83568  -54.205  -5.626  41.088 0.3333329856
83569  -55.027  -6.063  40.799 0.2222220004
82667  -55.832  -6.390  40.586 0.3333329856
85446  -62.851  -2.694  49.404 0.3333329856
84456  -51.473  -4.564  49.824 0.1111110002
151288  -50.709  -3.922  48.872 0.1111110002
86392  -50.569  -3.090  48.094 0.1111110002
136021  -50.267  -3.356  46.332 0.1111110002
85469  -50.478  -3.621  45.427 0.1111110002
83533  -50.687  -5.105  44.961 0.1111110002
85474  -51.111  -3.512  44.567 0.1111110002
84502  -51.335  -4.335  44.180 0.1111110002
85482  -51.611  -3.657  43.938 0.1111110002
84515  -52.737  -4.451  42.355 0.1111110002
84525  -53.263  -4.473  41.697 0.1111110002
84526  -53.890  -4.561  40.919 0.1111110002
83580  -54.668  -5.159  40.434 0.2222220004
83581  -55.478  -5.630  40.171 0.2222220004
83604  -57.878  -5.907  38.657 0.4444440007
83605  -58.558  -5.940  38.117 0.4444440007
83606  -59.360  -5.857  37.494 0.4444440007
86405  -50.660  -2.694  46.750 0.1111110002
87329  -51.886  -1.618  46.158 0.1111110002
88179  -53.209  -0.645  46.527 0.1111110002
86412  -51.523  -2.174  45.465 0.1111110002
87327  -52.948  -0.964  45.849 0.1111110002
87331  -53.296  -1.125  45.134 0.1111110002
85470  -50.983  -2.868  45.117 0.1111110002
86418  -51.556  -2.698  44.560 0.1111110002
87334  -52.696  -1.684  44.576 0.1111110002
87338  -52.876  -1.952  43.769 0.1111110002
86427  -51.846  -2.996  43.875 0.1111110002
86428  -52.484  -2.723  43.359 0.1111110002
137570  -53.441  -2.730  42.007 0.1111110002
85507  -53.536  -3.540  41.426 0.1111110002
85518  -54.501  -3.288  40.244 0.1111110002
84547  -55.107  -4.034  39.663 0.2222220004
83614  -57.850  -5.240  37.982 0.3333329856
82698  -59.992  -6.507  37.639 0.3333329856
88183  -53.492  -0.726  45.815 0.1111110002
88184  -54.048  -0.673  45.393 0.1111110002
137032  -53.447  -1.461  44.246 0.1111110002
87339  -53.646  -1.733  43.406 0.1111110002
87350  -54.066  -1.770  42.781 0.1111110002
86453  -53.951  -2.644  41.353 0.1111110002
136598  -54.435  -2.635  40.673 0.1111110002
86462  -54.850  -2.756  39.936 0.1111110002
84563  -57.489  -4.403  37.500 0.2222220004
84564  -58.291  -4.811  37.272 0.2222220004
148538  -58.728  -4.575  36.743 0.2222220004
84565  -59.022  -5.145  37.030 0.2222220004
83623  -59.825  -5.347  36.760 0.2222220004
83624  -60.703  -5.448  36.395 0.2222220004
83625  -61.574  -5.570  35.971 0.2222220004
87332  -54.038  -0.971  44.621 0.1111110002
87340  -54.551  -1.351  43.327 0.1111110002
87361  -54.606  -1.879  41.406 0.1111110002
86463  -55.155  -2.104  39.845 0.1111110002
85533  -56.156  -3.443  38.228 0.1111110002
85539  -57.107  -3.463  37.148 0.1111110002
85546  -57.637  -3.230  36.545 0.2222220004
85540  -58.042  -4.029  36.764 0.2222220004
84573  -58.918  -4.074  36.247 0.2222220004
84585  -59.841  -4.209  35.856 0.2222220004
84574  -59.450  -4.695  36.470 0.2222220004
84575  -60.309  -4.821  36.163 0.2222220004
83626  -62.499  -5.710  35.536 0.2222220004
80978  -65.013  -7.637  33.733 0.2222220004
80969  -64.775  -8.258  33.766 0.2222220004
81871  -64.399  -7.508  33.581 0.2222220004
153985  -64.354  -8.612  33.968 0.1111110002
80968  -63.689  -8.212  34.001 0.2222220004
87335  -54.709  -0.926  44.161 0.1111110002
87336  -55.324  -0.866  43.649 0.1111110002
87341  -55.268  -1.109  42.826 0.1111110002
87352  -55.250  -1.234  41.921 0.1111110002
87368  -55.387  -1.506  40.191 0.1111110002
87376  -55.575  -1.817  39.341 0.1111110002
87377  -56.104  -1.199  38.926 0.1111110002
87386  -55.916  -1.964  38.592 0.1111110002
86479  -56.168  -2.575  38.096 0.1111110002
86488  -57.151  -2.565  36.727 0.1111110002
86493  -57.745  -2.602  36.128 0.1111110002
85552  -58.458  -2.660  35.539 0.2222220004
76808  -55.719  -12.467  40.464 0.1111110002
77850  -56.199  -11.536  40.462 0.1111110002
85547  -58.315  -3.364  36.111 0.2222220004
85553  -59.276  -3.438  35.550 0.2222220004
85554  -60.376  -3.692  35.209 0.2222220004
77865  -57.429  -10.454  39.743 0.1111110002
84587  -61.853  -4.478  35.129 0.2222220004
84601  -62.602  -4.028  34.427 0.2222220004
78911  -58.635  -10.303  38.610 0.1111110002
84586  -60.814  -4.362  35.501 0.2222220004
85555  -61.467  -3.864  34.812 0.2222220004
84602  -63.467  -4.265  34.042 0.2222220004
83637  -62.204  -5.085  35.347 0.2222220004
84588  -62.899  -4.626  34.648 0.2222220004
83653  -63.844  -4.773  34.028 0.2222220004
83639  -64.222  -5.499  34.115 0.2222220004
82734  -64.600  -6.140  33.618 0.2222220004
82735  -65.024  -7.017  33.912 0.2222220004
82746  -64.851  -6.959  33.718 0.2222220004
81881  -64.663  -6.985  33.562 0.2222220004
79963  -62.972  -9.393  35.115 0.1111110002
88208  -55.855  -0.758  41.460 0.1111110002
88215  -55.699  -0.971  40.656 0.1111110002
87387  -56.359  -1.601  38.016 0.1111110002
87395  -56.861  -1.560  37.050 0.1111110002
86487  -56.613  -2.503  37.408 0.1111110002
135569  -57.375  -1.932  36.379 0.1111110002
86497  -57.897  -1.767  35.701 0.1111110002
148581  -56.243  -10.725  40.268 0.1111110002
86499  -59.164  -2.690  35.066 0.2222220004
78881  -55.589  -10.851  40.359 0.1111110002
136145  -56.632  -10.313  39.861 0.1111110002
79893  -56.987  -9.915  39.211 0.1111110002
85562  -59.965  -2.975  34.858 0.2222220004
78910  -57.810  -10.081  38.920 0.1111110002
79912  -58.140  -9.802  38.052 0.1111110002
85564  -62.330  -3.283  33.999 0.2222220004
78923  -58.923  -10.004  37.788 0.1111110002
79931  -59.196  -9.695  37.089 0.1111110002
79947  -59.532  -9.305  36.520 0.1111110002
85565  -63.356  -3.782  33.667 0.2222220004
79932  -59.985  -9.853  36.904 0.1111110002
79948  -60.378  -9.428  36.367 0.1111110002
83654  -64.148  -5.177  33.390 0.2222220004
132077  -64.301  -5.803  33.302 0.2222220004
79961  -60.841  -9.000  35.804 0.1111110002
82745  -64.470  -6.373  33.464 0.2222220004
79949  -61.276  -9.602  36.149 0.1111110002
80955  -62.628  -8.696  34.783 0.1111110002
81880  -64.151  -6.760  33.354 0.2222220004
81870  -63.369  -7.387  33.749 0.2222220004
88239  -56.982  -0.109  38.036 0.1111110002
137508  -57.202  -0.467  37.126 0.1111110002
87369  -55.919  -0.889  39.867 0.1111110002
88229  -56.551  -0.658  38.489 0.1111110002
88238  -56.702  -0.839  37.710 0.1111110002
87402  -57.417  -1.170  36.365 0.1111110002
80934  -58.184  -8.607  36.360 0.1111110002
86507  -59.637  -2.270  34.612 0.2222220004
79911  -57.290  -9.632  38.365 0.1111110002
80951  -58.691  -8.083  35.865 0.1111110002
85563  -61.019  -3.143  34.502 0.2222220004
79930  -58.416  -9.562  37.269 0.1111110002
80935  -59.103  -8.715  36.160 0.1111110002
80952  -59.644  -8.132  35.623 0.1111110002
84617  -63.898  -4.334  32.922 0.2222220004
85592  -63.599  -3.603  32.649 0.2222220004
81855  -60.556  -7.837  35.191 0.1111110002
80954  -61.409  -8.390  35.182 0.1111110002
83668  -63.997  -5.192  33.074 0.2222220004
82744  -64.004  -5.949  33.061 0.2222220004
79962  -61.847  -9.167  35.510 0.1111110002
81869  -62.336  -7.268  34.147 0.1111110002
80967  -62.427  -7.940  34.443 0.1111110002
87403  -57.833  -0.918  35.802 0.1111110002
87408  -58.376  -1.064  35.230 0.1111110002
154598  -59.469  -1.659  34.498 0.1111110002
86509  -61.685  -2.538  33.793 0.2222220004
86513  -61.204  -1.777  33.645 0.2222220004
81838  -57.982  -7.971  36.036 0.2222220004
81853  -58.253  -7.412  35.701 0.2222220004
85575  -62.718  -2.603  33.334 0.2222220004
86515  -63.195  -2.356  32.720 0.2222220004
134697  -59.083  -7.430  35.497 0.2222220004
85576  -63.291  -3.109  33.178 0.2222220004
86516  -63.457  -3.014  32.571 0.2222220004
81854  -59.895  -7.319  35.197 0.2222220004
81868  -60.712  -7.103  34.717 0.1111110002
84631  -63.411  -3.928  32.445 0.2222220004
83677  -63.640  -4.634  32.786 0.2222220004
83666  -62.197  -5.351  33.076 0.1111110002
83667  -63.478  -5.250  32.871 0.2222220004
81856  -61.449  -7.587  34.657 0.1111110002
134725  -61.684  -6.839  34.191 0.1111110002
82733  -62.963  -6.600  33.527 0.1111110002
85591  -63.512  -3.017  32.131 0.2222220004
85599  -63.094  -2.724  31.739 0.2222220004
82731  -60.055  -6.575  34.762 0.2222220004
83665  -60.892  -5.067  33.405 0.2222220004
84616  -62.956  -4.650  32.549 0.2222220004
83651  -60.242  -5.719  34.249 0.2222220004
84615  -61.812  -4.601  32.688 0.2222220004
82732  -60.940  -6.351  34.242 0.1111110002
84630  -62.579  -3.971  32.200 0.2222220004
65654  -59.822  -22.845  62.382 0.2222220004
68497  -59.947  -20.069  64.170 0.3333329856
66581  -61.046  -23.222  61.745 0.2222220004
70537  -60.850  -18.340  63.449 0.3333329856
143115  -61.068  -18.576  63.365 0.3333329856
83573  -66.170  -5.779  40.111 0.1111110002
82662  -66.422  -6.544  40.474 0.1111110002
82674  -66.391  -6.461  39.855 0.3333329856
63506  -55.020  -24.093  70.152 0.1111110002
137007  -55.358  -24.563  69.646 0.1111110002
63518  -57.928  -24.991  68.247 0.1111110002
63519  -58.445  -25.299  67.941 0.1111110002
62352  -58.769  -25.912  66.583 0.1111110002
63549  -58.776  -25.580  67.406 0.1111110002
67615  -46.133  -21.093  53.845 0.1111110002
67604  -45.776  -21.976  54.107 0.2222220004
134605  -45.970  -18.149  53.470 0.1111110002
70626  -46.063  -18.988  53.455 0.1111110002
70627  -46.905  -18.391  53.552 0.1111110002
71550  -47.461  -17.429  53.664 0.1111110002
68514  -59.122  -20.422  64.006 0.3333329856
69546  -59.693  -20.016  64.187 0.3333329856
71480  -60.316  -16.879  61.733 0.3333329856
71470  -60.884  -17.179  62.631 0.3333329856
77770  -49.847  -11.664  47.489 0.3333329856
76737  -49.677  -12.354  48.075 0.2222220004
76739  -51.243  -12.515  47.895 0.3333329856
77781  -51.239  -11.184  46.754 0.3333329856
149385  -50.252  -9.953  46.477 0.2222220004
62503  -44.196  -26.038  57.708 0.2222220004
65746  -45.123  -23.150  54.553 0.1111110002
66664  -45.250  -22.554  54.211 0.2222220004
68623  -46.459  -20.229  53.725 0.1111110002
66573  -60.715  -22.823  61.977 0.2222220004
72538  -60.734  -16.262  61.370 0.3333329856
62475  -44.172  -26.440  59.544 0.2222220004
63566  -42.000  -25.884  62.140 0.2222220004
74633  -47.188  -14.114  53.744 0.1111110002
80796  -51.055  -8.989  45.817 0.2222220004
81747  -51.949  -7.084  44.827 0.1111110002
84539  -55.217  -4.770  39.833 0.1111110002
86472  -55.302  -2.537  39.440 0.2222220004
143259  -42.871  -26.395  59.756 0.2222220004
75658  -47.018  -13.776  52.808 0.1111110002
81733  -51.395  -7.494  45.353 0.2222220004
75682  -49.010  -13.743  50.788 0.3333329856
48206  -27.033  -39.867  89.956 0.1111110002
62457  -41.666  -26.148  60.249 0.1111110002
62489  -43.362  -26.302  58.307 0.2222220004
63580  -41.192  -25.713  61.730 0.1111110002
63590  -40.865  -25.783  60.570 0.1111110002
71471  -61.402  -17.226  62.546 0.3333329856
71462  -61.004  -17.693  63.115 0.3333329856
66661  -41.690  -23.143  54.728 0.1111110002
66654  -41.231  -22.658  55.221 0.1111110002
66672  -43.332  -22.383  53.678 0.1111110002
66662  -42.170  -22.607  54.222 0.1111110002
65743  -42.358  -23.417  54.400 0.1111110002
66673  -44.142  -22.311  53.686 0.1111110002
143664  -40.394  -21.348  57.657 0.1111110002
66645  -40.127  -22.919  56.355 0.1111110002
151444  -40.565  -22.073  56.321 0.1111110002
66653  -40.683  -22.835  55.779 0.1111110002
67585  -41.223  -21.384  55.932 0.1111110002
67602  -41.791  -21.930  54.483 0.1111110002
133222  -42.437  -20.979  53.885 0.1111110002
67611  -42.915  -21.713  53.622 0.1111110002
142628  -44.080  -20.912  53.455 0.1111110002
67612  -43.701  -21.673  53.528 0.1111110002
68621  -44.582  -20.055  53.434 0.1111110002
67561  -42.501  -21.215  58.457 0.1111110002
68582  -41.415  -20.785  56.671 0.1111110002
130526  -41.513  -21.002  55.245 0.1111110002
68620  -43.607  -20.177  53.508 0.1111110002
69656  -46.043  -19.702  53.516 0.1111110002
143209  -43.812  -17.852  53.701 0.1111110002
146099  -45.323  -17.923  53.480 0.1111110002
68583  -42.043  -20.615  57.491 0.1111110002
67577  -41.805  -20.941  57.601 0.1111110002
146531  -42.336  -18.163  54.562 0.1111110002
71546  -44.254  -17.254  53.634 0.1111110002
71547  -44.999  -17.249  53.504 0.1111110002
72603  -45.429  -16.511  53.526 0.1111110002
72601  -43.978  -16.556  53.766 0.1111110002
72592  -43.302  -16.498  54.195 0.1111110002
142774  -44.376  -16.000  53.699 0.1111110002
73617  -45.279  -14.988  53.603 0.1111110002
149945  -46.025  -14.786  53.620 0.1111110002
74629  -43.890  -14.499  53.866 0.1111110002
74630  -44.703  -14.307  53.502 0.1111110002
75639  -44.040  -13.696  53.508 0.1111110002
75657  -46.240  -13.809  52.754 0.1111110002
76673  -44.010  -12.910  52.914 0.1111110002
74643  -46.564  -14.046  51.979 0.1111110002
154100  -48.611  -13.783  51.224 0.2222220004
76684  -44.185  -12.310  52.182 0.1111110002
77732  -45.087  -11.593  50.944 0.1111110002
76702  -45.432  -12.497  50.842 0.1111110002
76703  -46.183  -12.452  50.263 0.1111110002
75697  -48.630  -13.437  49.873 0.3333329856
154498  -46.699  -12.635  49.957 0.1111110002
76718  -47.939  -12.769  49.400 0.1111110002
74605  -42.109  -14.157  55.931 0.1111110002
132952  -43.135  -12.236  54.314 0.1111110002
78784  -44.050  -10.739  52.264 0.1111110002
77758  -47.830  -11.459  48.630 0.1111110002
77753  -46.738  -11.242  49.497 0.1111110002
78777  -43.630  -10.879  53.455 0.1111110002
141683  -43.958  -10.344  52.981 0.1111110002
78795  -44.946  -10.666  51.144 0.1111110002
132756  -45.468  -9.927  50.910 0.1111110002
79802  -46.617  -9.879  49.781 0.1111110002
79803  -47.151  -9.918  49.232 0.1111110002
144014  -48.179  -10.163  48.018 0.1111110002
78824  -49.171  -10.485  47.267 0.2222220004
79818  -48.678  -9.843  47.484 0.2222220004
79811  -48.204  -9.330  48.230 0.1111110002
141207  -49.280  -9.871  46.986 0.2222220004
80795  -50.240  -8.803  46.202 0.1111110002
78750  -44.439  -10.307  55.521 0.1111110002
80741  -45.701  -8.682  53.232 0.1111110002
79791  -45.589  -9.295  51.546 0.1111110002
80751  -46.592  -8.414  52.197 0.1111110002
80760  -46.269  -8.777  51.603 0.1111110002
80761  -47.410  -8.343  51.271 0.1111110002
79797  -46.644  -9.243  50.383 0.1111110002
80782  -48.204  -8.493  48.905 0.1111110002
82622  -52.372  -6.667  44.278 0.2222220004
82633  -53.970  -7.175  42.989 0.2222220004
82645  -54.265  -6.814  42.275 0.2222220004
80730  -47.284  -7.945  54.723 0.1111110002
81689  -48.773  -7.815  51.109 0.1111110002
80770  -48.006  -8.153  50.773 0.1111110002
81698  -48.637  -7.877  50.262 0.1111110002
133434  -48.881  -7.029  48.148 0.1111110002
137754  -49.151  -7.067  47.449 0.1111110002
80719  -46.668  -8.405  55.268 0.1111110002
81699  -49.404  -7.518  50.624 0.1111110002
82580  -50.564  -6.690  50.529 0.1111110002
82585  -49.464  -6.738  49.338 0.1111110002
82596  -49.174  -6.364  47.686 0.1111110002
83523  -49.749  -4.931  46.107 0.1111110002
84474  -49.571  -4.498  46.732 0.1111110002
83546  -52.209  -5.339  43.365 0.1111110002
83557  -53.808  -6.061  41.768 0.1111110002
83494  -50.866  -5.978  50.238 0.1111110002
83502  -49.670  -5.914  49.013 0.1111110002
84462  -49.610  -4.661  48.011 0.1111110002
84455  -50.743  -4.634  49.291 0.1111110002
84467  -49.634  -4.224  47.403 0.1111110002
84463  -50.163  -4.333  48.527 0.1111110002
85451  -50.357  -3.677  48.299 0.1111110002
84475  -49.809  -3.772  46.831 0.1111110002
84489  -50.755  -4.373  44.788 0.1111110002
84503  -51.831  -4.400  43.563 0.1111110002
84514  -52.334  -4.427  43.026 0.1111110002
85444  -51.391  -3.775  49.417 0.1111110002
86399  -50.592  -2.817  47.515 0.1111110002
86411  -50.768  -2.761  45.895 0.1111110002
85483  -52.094  -3.600  43.391 0.1111110002
85494  -52.569  -3.544  42.788 0.1111110002
86442  -52.953  -2.765  42.630 0.1111110002
85495  -53.011  -3.533  42.098 0.1111110002
84538  -54.556  -4.132  40.187 0.1111110002
83615  -58.614  -5.404  37.581 0.3333329856
86400  -51.201  -2.116  47.359 0.1111110002
86406  -51.298  -2.084  46.440 0.1111110002
87322  -51.685  -1.613  48.018 0.1111110002
87323  -51.869  -1.436  47.057 0.1111110002
87330  -52.402  -1.507  45.474 0.1111110002
86413  -52.050  -2.023  44.813 0.1111110002
86429  -53.057  -2.232  43.136 0.1111110002
85508  -54.055  -3.447  40.735 0.1111110002
85525  -54.835  -3.512  39.851 0.1111110002
151938  -54.090  -1.306  43.959 0.1111110002
86444  -54.015  -2.077  42.094 0.1111110002
87367  -54.891  -2.010  40.480 0.1111110002
83636  -61.221  -4.974  35.764 0.2222220004
87351  -54.623  -1.556  42.392 0.1111110002
87362  -55.284  -1.384  41.029 0.1111110002
88200  -55.819  -0.764  42.368 0.1111110002
88223  -56.497  -0.431  39.352 0.1111110002
83638  -63.259  -5.239  34.762 0.2222220004
82721  -64.532  -6.324  34.302 0.2222220004
79892  -56.267  -9.875  39.446 0.1111110002
79929  -57.624  -9.413  37.501 0.1111110002
79946  -58.705  -9.211  36.669 0.1111110002
80936  -59.964  -8.844  36.014 0.1111110002
84603  -63.792  -4.341  33.437 0.2222220004
88230  -56.957  0.070  38.896 0.1111110002
140060  -56.475  -0.282  40.083 0.1111110002
79945  -57.910  -9.155  36.860 0.1111110002
86498  -58.777  -1.920  34.963 0.1111110002
86508  -60.585  -2.429  34.279 0.2222220004
85577  -63.680  -3.698  33.032 0.2222220004
88253  -58.208  -0.265  35.629 0.1111110002
148268  -60.201  -1.757  34.135 0.1111110002
86514  -62.445  -1.788  33.130 0.2222220004
87423  -62.590  -1.026  32.647 0.2222220004
148869  -59.399  -6.819  35.182 0.2222220004
86525  -63.369  -2.216  32.139 0.2222220004
85590  -63.123  -3.386  31.933 0.2222220004
82743  -63.001  -5.850  33.144 0.2222220004
136810  -61.965  -6.138  33.612 0.1111110002
83652  -61.208  -5.743  33.709 0.1111110002
81803  -66.665  -7.179  40.090 0.1111110002
146221  -25.778  -39.295  77.122 0.2222220004
50738  -26.610  -38.229  76.887 0.2222220004
45344  -20.121  -42.528  79.386 0.2222220004
48369  -24.339  -39.868  76.304 0.2222220004
129951  -26.132  -38.789  76.729 0.2222220004
48387  -24.838  -39.320  75.847 0.2222220004
49525  -25.350  -38.732  75.447 0.2222220004
50750  -26.778  -37.810  76.286 0.2222220004
49526  -25.817  -38.136  75.000 0.2222220004
50762  -26.568  -37.681  75.476 0.2222220004
45356  -18.921  -42.012  78.740 0.1111110002
46343  -20.207  -41.814  78.362 0.1111110002
46357  -21.252  -41.276  77.671 0.1111110002
137538  -21.867  -40.968  77.269 0.1111110002
49510  -22.270  -38.834  76.138 0.1111110002
153975  -23.269  -38.512  75.459 0.1111110002
145655  -23.736  -38.674  75.312 0.1111110002
49524  -24.507  -38.786  75.250 0.1111110002
50774  -25.390  -37.655  74.360 0.1111110002
51901  -25.706  -36.993  73.923 0.1111110002
50763  -27.052  -36.856  75.098 0.2222220004
148528  -27.139  -36.197  74.553 0.1111110002
53935  -28.098  -34.750  75.011 0.1111110002
53949  -28.485  -34.485  74.623 0.1111110002
50773  -24.591  -37.605  74.363 0.1111110002
51913  -26.058  -36.274  73.528 0.1111110002
52973  -25.617  -35.588  73.135 0.1111110002
52974  -26.427  -35.485  73.220 0.1111110002
52975  -27.253  -35.145  73.613 0.1111110002
53965  -27.705  -34.465  73.319 0.1111110002
135104  -27.938  -34.650  74.224 0.1111110002
53950  -29.058  -34.413  74.510 0.1111110002
53964  -26.834  -34.785  72.887 0.1111110002
50811  -38.561  -36.807  71.649 0.1111110002
50802  -37.415  -37.557  72.245 0.1111110002
51949  -38.164  -36.155  71.463 0.1111110002
152779  -38.931  -32.835  69.641 0.1111110002
56981  -38.903  -31.703  69.088 0.1111110002
51937  -37.745  -36.859  71.811 0.1111110002
56980  -37.936  -31.929  69.062 0.1111110002
56995  -39.322  -31.127  68.671 0.1111110002
53016  -38.499  -35.407  70.944 0.1111110002
138142  -38.597  -34.223  70.111 0.1111110002
55012  -38.856  -33.512  69.837 0.1111110002
56994  -38.889  -30.824  67.943 0.1111110002
58087  -39.753  -30.617  68.113 0.1111110002
56003  -38.467  -32.422  69.401 0.1111110002
138028  -38.455  -31.355  68.526 0.1111110002
58103  -39.744  -30.366  67.192 0.1111110002
58102  -38.228  -30.763  67.324 0.1111110002
152441  -39.339  -30.575  67.625 0.1111110002
59180  -41.899  -29.914  67.272 0.2222220004
148298  -36.980  -32.084  69.049 0.1111110002
57004  -38.102  -31.071  67.948 0.1111110002
58118  -40.546  -30.112  66.963 0.1111110002
58135  -39.249  -30.309  66.260 0.1111110002
65738  -44.925  -23.822  55.010 0.2222220004
65747  -45.797  -22.719  54.603 0.2222220004
58104  -40.338  -30.280  67.712 0.1111110002
59195  -41.356  -29.904  66.689 0.1111110002
45343  -19.261  -42.491  79.319 0.1111110002
153132  -21.222  -42.154  78.714 0.1111110002
151163  -20.864  -41.802  78.234 0.1111110002
46344  -21.644  -41.829  78.259 0.1111110002
48368  -23.502  -39.855  76.182 0.1111110002
48386  -24.003  -39.331  75.668 0.1111110002
48370  -25.098  -39.694  76.643 0.2222220004
48367  -22.634  -39.699  76.287 0.1111110002
48388  -25.596  -39.089  76.251 0.2222220004
149309  -26.189  -38.444  75.944 0.2222220004
45357  -19.750  -42.161  78.738 0.1111110002
49543  -24.972  -38.290  74.736 0.1111110002
50775  -26.220  -37.421  74.596 0.2222220004
46356  -20.361  -41.325  77.907 0.1111110002
47342  -20.600  -40.640  77.505 0.1111110002
47356  -21.384  -39.883  76.840 0.1111110002
47357  -22.070  -40.318  76.773 0.1111110002
48385  -23.138  -39.063  75.725 0.1111110002
51902  -26.521  -36.681  74.189 0.1111110002
52959  -26.848  -35.934  73.857 0.1111110002
51900  -24.398  -36.766  74.047 0.1111110002
53963  -25.212  -34.806  72.798 0.1111110002
55023  -38.207  -33.175  69.653 0.1111110002
153088  -38.167  -33.802  69.849 0.1111110002
56002  -37.462  -32.742  69.550 0.1111110002
56993  -37.419  -31.477  68.344 0.1111110002
137368  -37.444  -31.030  67.505 0.1111110002
57003  -36.576  -31.208  67.751 0.1111110002
63695  -65.552  -24.448  52.084 0.1111110002
62557  -65.292  -25.241  51.560 0.1111110002
62572  -64.391  -26.364  51.062 0.1111110002
55194  -65.899  -33.823  50.035 0.1111110002
53252  -65.670  -35.156  51.130 0.1111110002
66708  -62.399  -21.826  52.893 0.1111110002
65774  -63.803  -22.312  53.241 0.1111110002
65785  -64.945  -23.213  52.721 0.1111110002
65786  -65.425  -23.732  52.375 0.1111110002
61517  -63.987  -27.609  49.794 0.1111110002
58327  -64.458  -30.266  49.438 0.1111110002
58316  -64.788  -31.070  49.848 0.1111110002
55205  -65.756  -33.399  49.423 0.1111110002
54216  -65.509  -34.572  50.520 0.1111110002
66707  -61.361  -21.433  52.300 0.1111110002
64782  -65.320  -23.893  51.590 0.1111110002
57172  -65.764  -31.817  49.165 0.1111110002
56195  -66.020  -32.858  48.879 0.1111110002
65784  -62.729  -22.905  52.070 0.1111110002
65783  -61.736  -22.731  51.516 0.1111110002
52182  -65.586  -36.281  52.248 0.1111110002
67619  -62.217  -20.952  54.378 0.1111110002
66679  -63.119  -21.392  54.807 0.1111110002
65761  -64.359  -22.418  54.529 0.1111110002
55175  -65.814  -34.133  51.566 0.1111110002
53243  -65.665  -35.648  51.723 0.1111110002
67631  -60.807  -20.645  53.146 0.1111110002
66695  -61.953  -20.875  53.612 0.1111110002
66696  -62.932  -21.323  54.120 0.1111110002
65762  -64.944  -23.003  53.942 0.1111110002
63684  -65.096  -24.413  53.189 0.1111110002
62556  -64.035  -26.216  52.282 0.1111110002
61494  -63.533  -27.232  51.756 0.1111110002
58296  -63.858  -30.019  51.721 0.1111110002
57150  -65.057  -31.848  51.396 0.1111110002
55185  -65.965  -34.025  50.653 0.1111110002
144311  -65.813  -34.974  51.321 0.1111110002
67642  -61.161  -20.637  52.983 0.1111110002
65776  -65.211  -23.342  53.135 0.1111110002
60500  -63.233  -28.183  51.247 0.1111110002
58315  -63.902  -30.195  50.397 0.1111110002
153026  -65.542  -32.425  50.586 0.1111110002
154052  -65.911  -33.449  50.494 0.1111110002
143166  -65.827  -34.586  50.837 0.1111110002
65775  -64.689  -22.627  53.748 0.1111110002
56181  -65.980  -33.031  49.859 0.1111110002
66712  -60.958  -22.401  50.892 0.1111110002
144545  -65.341  -34.200  53.234 0.1111110002
65751  -63.753  -21.848  54.898 0.1111110002
63676  -64.663  -24.315  54.048 0.1111110002
63683  -64.185  -25.274  53.912 0.1111110002
62546  -63.784  -26.211  53.534 0.1111110002
55160  -65.475  -33.684  52.867 0.1111110002
61488  -63.593  -27.199  53.172 0.1111110002
59426  -63.501  -28.917  52.043 0.1111110002
58297  -64.444  -30.891  51.982 0.1111110002
56153  -65.294  -32.379  52.104 0.1111110002
143522  -60.446  -20.509  52.475 0.1111110002
67641  -60.614  -21.079  51.515 0.1111110002
130928  -60.176  -20.302  51.584 0.1111110002
66737  -62.577  -22.864  47.213 0.1111110002
68679  -61.523  -20.814  45.904 0.1111110002
69710  -61.297  -20.088  46.278 0.1111110002
67675  -60.956  -21.358  46.217 0.1111110002
55145  -65.265  -33.013  55.432 0.1111110002
67630  -60.202  -20.747  53.065 0.1111110002
67617  -60.656  -21.010  53.559 0.1111110002
132411  -61.647  -21.750  54.488 0.1111110002
65759  -62.413  -22.309  54.847 0.1111110002
55146  -65.325  -33.319  54.135 0.1111110002
68632  -59.095  -20.364  52.297 0.1111110002
65760  -63.155  -22.798  55.079 0.1111110002
63675  -64.006  -24.657  54.562 0.1111110002
138377  -63.516  -25.573  54.320 0.1111110002
57126  -64.873  -31.216  54.317 0.1111110002
56141  -65.231  -32.006  54.397 0.1111110002
67618  -61.502  -20.833  53.989 0.1111110002
66678  -62.506  -21.299  54.821 0.1111110002
65750  -63.266  -21.799  55.106 0.1111110002
64754  -64.509  -23.431  54.516 0.1111110002
60482  -63.624  -28.181  53.659 0.1111110002
58283  -64.525  -30.340  53.938 0.1111110002
57127  -65.218  -32.073  53.379 0.1111110002
56154  -65.494  -33.041  52.504 0.1111110002
68633  -59.980  -20.390  52.597 0.1111110002
68644  -60.079  -20.272  52.303 0.1111110002
146847  -63.972  -29.354  53.005 0.1111110002
58288  -64.355  -30.207  52.949 0.1111110002
57136  -64.802  -31.268  52.924 0.1111110002
69669  -59.186  -19.416  51.471 0.1111110002
68643  -59.550  -19.901  51.895 0.1111110002
69681  -59.545  -19.333  51.164 0.1111110002
68651  -59.787  -19.849  51.402 0.1111110002
67646  -60.348  -21.000  50.637 0.1111110002
66711  -60.609  -21.960  50.155 0.1111110002
67651  -60.519  -21.155  49.823 0.1111110002
67652  -60.801  -21.770  49.298 0.1111110002
66724  -61.361  -22.966  48.758 0.1111110002
67667  -62.337  -21.996  47.623 0.1111110002
70682  -64.155  -19.152  45.598 0.1111110002
129127  -63.918  -18.356  45.854 0.1111110002
130798  -62.527  -18.021  46.342 0.1111110002
134727  -63.031  -22.010  46.880 0.1111110002
67677  -63.481  -21.581  46.252 0.1111110002
68686  -63.177  -20.528  45.258 0.1111110002
69712  -62.879  -19.851  45.485 0.1111110002
70675  -63.052  -19.059  45.742 0.1111110002
70674  -61.787  -18.741  46.361 0.1111110002
69711  -62.040  -19.567  46.011 0.1111110002
67687  -62.746  -21.560  44.973 0.1111110002
68685  -62.463  -20.984  45.294 0.1111110002
68680  -62.224  -20.299  45.632 0.1111110002
129338  -61.061  -19.318  46.563 0.1111110002
150386  -60.541  -19.831  46.763 0.1111110002
63490  -54.281  -23.971  70.627 0.1111110002
131302  -57.181  -31.481  51.548 0.1111110002
143856  -62.390  -34.266  56.612 0.1111110002
54150  -62.970  -33.725  56.294 0.1111110002
58292  -57.359  -30.860  51.027 0.1111110002
55118  -64.409  -33.535  56.775 0.1111110002
54151  -64.640  -33.780  56.466 0.1111110002
66694  -59.693  -21.487  53.126 0.1111110002
56128  -65.304  -32.513  54.890 0.1111110002
137535  -58.716  -19.825  51.753 0.1111110002
67629  -59.335  -20.970  52.745 0.1111110002
66677  -61.114  -21.330  54.069 0.1111110002
64752  -62.354  -23.841  54.500 0.1111110002
64753  -63.574  -23.777  54.936 0.1111110002
62539  -63.396  -26.340  54.097 0.1111110002
56127  -65.028  -31.782  55.259 0.1111110002
147784  -58.710  -19.252  51.401 0.1111110002
63674  -62.977  -25.111  54.563 0.1111110002
61481  -63.379  -27.482  54.020 0.1111110002
134298  -63.938  -28.842  53.835 0.1111110002
70650  -58.617  -18.152  50.805 0.1111110002
70639  -59.164  -18.785  51.108 0.1111110002
134733  -59.776  -18.722  50.685 0.1111110002
69682  -60.003  -19.349  50.627 0.1111110002
68658  -60.225  -20.197  50.458 0.1111110002
143342  -60.809  -20.282  49.466 0.1111110002
135438  -61.249  -21.008  48.856 0.1111110002
68662  -62.122  -20.435  48.400 0.1111110002
153597  -62.726  -20.004  48.198 0.1111110002
67657  -61.442  -21.999  48.488 0.1111110002
68670  -62.920  -20.554  47.779 0.1111110002
69703  -64.826  -18.867  47.051 0.1111110002
69714  -64.764  -19.047  46.191 0.1111110002
128696  -63.283  -16.717  46.707 0.1111110002
72662  -62.393  -16.347  46.911 0.1111110002
66736  -61.871  -22.643  47.987 0.1111110002
67668  -63.143  -21.277  47.168 0.1111110002
68671  -63.678  -20.461  46.911 0.1111110002
69725  -64.507  -19.220  45.750 0.1111110002
144200  -63.486  -17.500  46.339 0.1111110002
71610  -62.428  -17.084  46.682 0.1111110002
67669  -63.641  -20.927  46.333 0.1111110002
68687  -63.854  -20.305  45.500 0.1111110002
72661  -61.460  -16.423  46.947 0.1111110002
71609  -61.569  -17.360  46.784 0.1111110002
73664  -60.867  -15.438  46.946 0.1111110002
133460  -60.720  -16.866  46.985 0.1111110002
74681  -60.324  -14.426  46.682 0.1111110002
72660  -60.395  -16.057  46.910 0.1111110002
73663  -59.873  -15.226  46.688 0.1111110002
65688  -54.529  -24.356  59.511 0.1111110002
64699  -53.464  -24.191  58.634 0.1111110002
65729  -51.592  -23.434  56.891 0.1111110002
65749  -49.918  -23.081  54.823 0.1111110002
65764  -50.223  -23.869  52.983 0.1111110002
63689  -52.116  -25.188  51.141 0.1111110002
62580  -54.000  -26.959  49.738 0.1111110002
61516  -55.244  -27.613  49.720 0.1111110002
150692  -60.658  -33.429  54.249 0.1111110002
60509  -55.019  -28.294  49.570 0.1111110002
59448  -56.451  -28.490  49.921 0.1111110002
133154  -58.264  -30.812  51.309 0.1111110002
57122  -59.602  -32.170  52.864 0.1111110002
57123  -60.430  -32.042  53.231 0.1111110002
56123  -60.751  -32.678  53.803 0.1111110002
132054  -57.070  -30.025  50.461 0.1111110002
55128  -62.284  -33.527  55.300 0.1111110002
150310  -55.068  -18.301  50.153 0.1111110002
68650  -55.717  -19.951  50.705 0.1111110002
55129  -63.451  -33.109  56.006 0.1111110002
129913  -55.874  -19.013  50.455 0.1111110002
68640  -56.600  -20.311  51.193 0.1111110002
55130  -64.680  -32.922  56.448 0.1111110002
144512  -55.993  -18.277  50.267 0.1111110002
70648  -56.718  -18.668  50.546 0.1111110002
69667  -57.348  -19.832  51.276 0.1111110002
67628  -58.382  -21.135  52.391 0.1111110002
66693  -58.553  -21.973  52.685 0.1111110002
56112  -64.881  -32.282  55.891 0.1111110002
69679  -57.459  -19.105  50.935 0.1111110002
66676  -60.173  -21.930  53.488 0.1111110002
65758  -60.712  -22.455  53.791 0.1111110002
142167  -65.148  -32.485  55.741 0.1111110002
70649  -57.616  -18.222  50.640 0.1111110002
69668  -58.082  -19.464  51.393 0.1111110002
58268  -64.376  -30.491  54.586 0.1111110002
69680  -58.283  -18.812  51.101 0.1111110002
62538  -63.002  -26.244  54.381 0.1111110002
148433  -63.070  -27.340  54.333 0.1111110002
60476  -63.564  -28.445  54.146 0.1111110002
59414  -63.825  -29.074  54.269 0.1111110002
72636  -57.700  -16.807  50.143 0.1111110002
71575  -58.141  -17.502  50.491 0.1111110002
71576  -58.975  -17.497  50.574 0.1111110002
70651  -59.478  -18.119  50.690 0.1111110002
70652  -60.141  -18.049  50.377 0.1111110002
138193  -60.359  -18.690  50.140 0.1111110002
69687  -60.560  -19.471  49.858 0.1111110002
133122  -61.238  -18.629  49.442 0.1111110002
69688  -61.368  -19.536  49.135 0.1111110002
141238  -62.155  -18.966  48.772 0.1111110002
69693  -63.930  -19.230  47.799 0.1111110002
70661  -65.229  -18.086  47.414 0.1111110002
71600  -65.531  -17.640  46.999 0.1111110002
69701  -63.481  -19.927  47.671 0.1111110002
70669  -65.188  -18.301  46.577 0.1111110002
141396  -65.037  -17.100  46.540 0.1111110002
148582  -64.191  -17.094  46.458 0.1111110002
73666  -63.139  -15.835  47.100 0.1111110002
73655  -62.429  -14.967  47.316 0.1111110002
69702  -64.303  -19.686  46.713 0.1111110002
74682  -61.393  -14.747  47.111 0.1111110002
149094  -60.924  -13.112  46.731 0.1111110002
65700  -53.396  -23.240  58.154 0.1111110002
66651  -52.684  -22.340  57.008 0.1111110002
67589  -52.148  -21.884  56.302 0.1111110002
67609  -51.346  -21.136  54.764 0.1111110002
72620  -53.471  -16.620  51.731 0.1111110002
66650  -51.808  -22.672  56.599 0.1111110002
129059  -50.313  -21.924  53.860 0.1111110002
148267  -50.700  -22.289  52.420 0.1111110002
64759  -52.819  -24.144  52.267 0.1111110002
72621  -54.036  -16.047  51.441 0.1111110002
71566  -53.029  -17.194  51.289 0.1111110002
71571  -53.326  -17.392  50.729 0.1111110002
66685  -50.337  -22.933  52.922 0.1111110002
63705  -54.508  -25.706  50.893 0.1111110002
61505  -56.610  -27.729  50.147 0.1111110002
148397  -54.388  -18.719  50.280 0.1111110002
61504  -55.797  -27.302  50.052 0.1111110002
59437  -57.543  -29.279  50.420 0.1111110002
57148  -59.043  -30.865  51.656 0.1111110002
58287  -60.454  -30.809  52.605 0.1111110002
133125  -54.054  -16.902  50.409 0.1111110002
69677  -55.024  -19.254  50.369 0.1111110002
68639  -55.856  -20.795  51.164 0.1111110002
67627  -57.067  -21.872  52.120 0.1111110002
58279  -60.994  -31.144  53.241 0.1111110002
56124  -61.614  -33.003  54.449 0.1111110002
55144  -62.728  -32.654  55.193 0.1111110002
71572  -54.775  -17.310  50.060 0.1111110002
67639  -56.661  -21.175  51.637 0.1111110002
65771  -58.048  -23.152  52.691 0.1111110002
132284  -58.836  -23.609  52.803 0.1111110002
71573  -55.631  -17.582  50.024 0.1111110002
67640  -57.557  -21.189  52.019 0.1111110002
152983  -57.784  -21.754  52.356 0.1111110002
130395  -59.181  -22.569  52.938 0.1111110002
64766  -59.478  -24.201  52.892 0.1111110002
64767  -60.213  -24.852  53.038 0.1111110002
65773  -60.421  -23.728  53.386 0.1111110002
63682  -61.020  -25.583  53.241 0.1111110002
62545  -61.295  -26.549  53.318 0.1111110002
131246  -62.235  -27.782  54.087 0.1111110002
59413  -62.812  -28.970  54.496 0.1111110002
58281  -62.676  -29.750  54.502 0.1111110002
58266  -63.250  -30.260  54.810 0.1111110002
57110  -63.800  -31.002  55.200 0.1111110002
56111  -63.948  -32.321  55.854 0.1111110002
65772  -59.753  -23.090  53.204 0.1111110002
64751  -61.199  -24.419  53.589 0.1111110002
62537  -62.100  -25.928  53.940 0.1111110002
61480  -62.301  -26.882  54.066 0.1111110002
60475  -62.881  -28.234  54.439 0.1111110002
57096  -64.510  -31.538  55.415 0.1111110002
71574  -56.623  -17.751  50.248 0.1111110002
129574  -61.408  -23.129  54.081 0.1111110002
63673  -61.886  -25.022  53.892 0.1111110002
59400  -63.495  -29.457  54.636 0.1111110002
58267  -63.995  -30.244  54.884 0.1111110002
57111  -64.500  -30.984  55.026 0.1111110002
58282  -64.099  -29.795  54.425 0.1111110002
72629  -58.575  -16.835  50.289 0.1111110002
71578  -60.419  -17.362  50.083 0.1111110002
76743  -62.627  -12.439  47.728 0.1111110002
77777  -62.505  -10.942  47.460 0.1111110002
77785  -61.454  -11.484  46.392 0.1111110002
78838  -61.695  -10.710  45.931 0.1111110002
70655  -60.768  -17.964  49.865 0.1111110002
71587  -63.678  -17.041  48.949 0.1111110002
71591  -64.693  -17.519  48.337 0.1111110002
72648  -65.460  -16.755  48.316 0.1111110002
74674  -64.095  -14.719  47.699 0.1111110002
75717  -62.562  -13.368  47.605 0.1111110002
77776  -61.977  -11.733  47.245 0.1111110002
70659  -63.162  -18.642  48.455 0.1111110002
71593  -65.676  -16.742  47.817 0.1111110002
72664  -65.527  -17.061  46.922 0.1111110002
73657  -64.471  -15.622  47.363 0.1111110002
74673  -62.993  -14.329  47.560 0.1111110002
76742  -61.924  -12.623  47.349 0.1111110002
71612  -65.295  -17.684  46.482 0.1111110002
75716  -61.562  -13.230  47.189 0.1111110002
76748  -61.271  -12.385  46.731 0.1111110002
77789  -61.257  -11.339  45.489 0.1111110002
76747  -60.523  -12.698  46.203 0.1111110002
77788  -60.713  -11.824  45.048 0.1111110002
71559  -52.964  -17.119  52.120 0.1111110002
64760  -53.698  -24.122  52.367 0.1111110002
139899  -56.035  -25.922  51.111 0.1111110002
133286  -54.779  -19.997  50.542 0.1111110002
146375  -55.179  -20.553  50.820 0.1111110002
62571  -57.062  -27.063  50.633 0.1111110002
61507  -58.266  -27.808  50.797 0.1111110002
58294  -59.609  -30.138  51.673 0.1111110002
72627  -54.350  -16.042  50.680 0.1111110002
66706  -56.290  -21.973  51.889 0.1111110002
66692  -57.506  -22.458  52.465 0.1111110002
64764  -58.032  -24.001  52.701 0.1111110002
60480  -60.701  -28.773  52.489 0.1111110002
58295  -60.336  -30.180  52.275 0.1111110002
57124  -61.878  -31.145  54.053 0.1111110002
57108  -62.113  -32.009  54.449 0.1111110002
63681  -59.241  -25.318  52.533 0.1111110002
130187  -60.083  -25.719  52.712 0.1111110002
60481  -61.336  -28.236  53.267 0.1111110002
137741  -61.274  -28.946  53.157 0.1111110002
58280  -61.782  -30.233  53.844 0.1111110002
71581  -54.781  -16.476  50.100 0.1111110002
138318  -60.691  -27.065  52.743 0.1111110002
61487  -61.361  -27.394  53.340 0.1111110002
59420  -61.503  -29.503  53.462 0.1111110002
60474  -62.048  -28.690  54.019 0.1111110002
59412  -62.169  -29.399  54.149 0.1111110002
57125  -62.455  -30.464  54.455 0.1111110002
57109  -62.777  -31.052  54.780 0.1111110002
56125  -63.253  -31.729  55.244 0.1111110002
71582  -55.427  -16.801  49.889 0.1111110002
72635  -56.092  -16.288  49.743 0.1111110002
138546  -56.822  -16.911  50.004 0.1111110002
139325  -58.164  -15.969  49.858 0.1111110002
72630  -59.307  -16.959  50.351 0.1111110002
71577  -59.775  -17.469  50.406 0.1111110002
77764  -64.452  -12.021  48.557 0.1111110002
76744  -63.497  -12.250  48.170 0.1111110002
77786  -62.021  -10.831  46.788 0.1111110002
78846  -62.130  -10.059  45.343 0.1111110002
71584  -61.113  -17.248  49.702 0.1111110002
75712  -64.899  -13.804  48.372 0.1111110002
75711  -64.331  -13.008  48.368 0.1111110002
143313  -62.810  -11.608  47.797 0.1111110002
142559  -61.457  -17.819  49.483 0.1111110002
72641  -62.749  -16.531  49.372 0.1111110002
72647  -64.662  -16.764  48.824 0.1111110002
73652  -65.870  -15.443  49.139 0.1111110002
73659  -65.813  -15.645  48.195 0.1111110002
74675  -65.180  -15.044  47.829 0.1111110002
75718  -63.822  -13.808  47.946 0.1111110002
78845  -61.706  -10.744  44.992 0.1111110002
72654  -65.653  -16.460  47.650 0.1111110002
73658  -65.579  -15.781  47.705 0.1111110002
75719  -64.737  -14.387  48.028 0.1111110002
77796  -61.297  -11.328  44.576 0.1111110002
137792  -61.451  -11.465  43.782 0.1111110002
70599  -56.254  -18.324  56.686 0.1111110002
71541  -55.218  -17.209  54.973 0.1111110002
71528  -55.552  -17.614  55.580 0.1111110002
70608  -55.224  -18.340  55.862 0.1111110002
72597  -54.807  -16.765  54.343 0.1111110002
71540  -54.541  -17.495  54.653 0.1111110002
70616  -54.254  -18.192  54.942 0.1111110002
71554  -54.104  -17.040  53.933 0.1111110002
72608  -54.393  -16.377  53.548 0.1111110002
72607  -53.808  -16.669  53.191 0.1111110002
70646  -53.119  -18.217  50.609 0.1111110002
142120  -53.974  -20.023  50.502 0.1111110002
67637  -55.101  -21.265  51.212 0.1111110002
73620  -54.646  -15.724  53.089 0.1111110002
141699  -57.328  -23.906  52.607 0.1111110002
60488  -59.348  -28.376  51.328 0.1111110002
66691  -56.675  -22.578  52.299 0.1111110002
64765  -58.542  -24.549  52.607 0.1111110002
60489  -60.007  -28.598  51.780 0.1111110002
73632  -54.554  -15.401  51.223 0.1111110002
62544  -60.420  -26.410  52.692 0.1111110002
61485  -59.985  -27.075  52.212 0.1111110002
61486  -60.541  -27.849  52.442 0.1111110002
73636  -55.323  -15.096  50.345 0.1111110002
74660  -55.939  -14.819  49.913 0.1111110002
73643  -56.436  -15.410  49.685 0.1111110002
74661  -56.687  -14.543  49.716 0.1111110002
147157  -57.498  -14.255  49.584 0.1111110002
131947  -57.075  -16.101  49.736 0.1111110002
139459  -58.198  -14.962  49.590 0.1111110002
140155  -58.360  -14.091  49.493 0.1111110002
73645  -58.879  -15.511  49.777 0.1111110002
139409  -59.034  -14.790  49.584 0.1111110002
74662  -59.910  -14.555  49.607 0.1111110002
75705  -60.503  -13.844  49.686 0.1111110002
73646  -59.655  -15.461  49.770 0.1111110002
73647  -60.473  -15.411  49.737 0.1111110002
74663  -60.922  -14.750  49.720 0.1111110002
75706  -61.446  -14.112  49.892 0.1111110002
72638  -60.158  -16.095  49.923 0.1111110002
72639  -60.679  -16.668  49.857 0.1111110002
139186  -60.838  -16.042  49.761 0.1111110002
74664  -61.833  -14.945  49.814 0.1111110002
74665  -62.792  -15.016  49.904 0.1111110002
73637  -63.809  -15.050  50.097 0.1111110002
74656  -64.320  -14.423  50.533 0.1111110002
154283  -65.068  -13.310  48.605 0.1111110002
77778  -63.626  -11.260  48.239 0.1111110002
78828  -62.534  -10.119  47.182 0.1111110002
78839  -62.212  -9.981  46.348 0.1111110002
72640  -61.542  -16.447  49.620 0.1111110002
73649  -62.232  -15.722  49.652 0.1111110002
137452  -63.300  -15.705  49.663 0.1111110002
73638  -64.841  -15.040  50.152 0.1111110002
74666  -66.029  -14.764  49.238 0.1111110002
75713  -65.982  -14.259  49.002 0.1111110002
150564  -65.571  -13.686  48.796 0.1111110002
71585  -61.961  -17.229  49.381 0.1111110002
72642  -64.002  -16.331  49.340 0.1111110002
73651  -65.298  -15.456  49.642 0.1111110002
73653  -65.933  -15.364  48.690 0.1111110002
74669  -65.632  -14.554  48.439 0.1111110002
77797  -61.930  -10.866  44.147 0.1111110002
77809  -62.316  -11.212  43.411 0.1111110002
71529  -56.245  -17.336  55.852 0.1111110002
72582  -55.887  -16.890  55.293 0.1111110002
70607  -54.578  -18.596  55.549 0.1111110002
72609  -55.069  -16.051  53.958 0.1111110002
71553  -53.304  -17.303  53.230 0.1111110002
70638  -52.244  -18.373  51.476 0.1111110002
67636  -54.137  -21.349  51.096 0.1111110002
66705  -55.514  -22.018  51.710 0.1111110002
62555  -59.098  -26.985  51.666 0.1111110002
131994  -54.977  -15.232  52.675 0.1111110002
61493  -59.651  -27.767  51.723 0.1111110002
62543  -59.571  -26.295  52.284 0.1111110002
73635  -54.822  -15.380  50.680 0.1111110002
75674  -56.042  -13.858  50.783 0.1111110002
74653  -56.276  -14.117  50.150 0.1111110002
144765  -59.108  -14.055  49.500 0.1111110002
75689  -61.010  -13.197  50.012 0.1111110002
75690  -61.977  -13.496  50.312 0.1111110002
75691  -62.919  -13.674  50.561 0.1111110002
75692  -63.892  -13.747  50.855 0.1111110002
75693  -64.778  -13.780  50.973 0.1111110002
78822  -64.928  -10.696  48.980 0.1111110002
150873  -64.539  -11.181  48.674 0.1111110002
131916  -63.657  -9.685  48.105 0.1111110002
74654  -62.369  -14.287  50.131 0.1111110002
74655  -63.335  -14.373  50.354 0.1111110002
74657  -65.230  -14.436  50.463 0.1111110002
150175  -65.736  -13.245  49.355 0.1111110002
76735  -65.412  -12.174  49.258 0.1111110002
77765  -65.068  -11.679  48.911 0.1111110002
74658  -65.848  -14.398  50.014 0.1111110002
75707  -65.966  -13.969  49.718 0.1111110002
67516  -60.125  -21.314  62.491 0.2222220004
67532  -60.024  -21.289  61.545 0.2222220004
68550  -59.365  -21.174  60.640 0.1111110002
68531  -60.389  -20.488  62.287 0.2222220004
69592  -59.528  -20.232  60.451 0.2222220004
70579  -58.749  -18.573  58.640 0.1111110002
70566  -59.229  -19.018  59.384 0.1111110002
69603  -58.826  -19.819  59.703 0.1111110002
70578  -57.802  -18.854  58.319 0.1111110002
70589  -57.419  -18.389  57.614 0.1111110002
70600  -57.010  -17.880  56.898 0.1111110002
70588  -56.637  -18.648  57.308 0.1111110002
69629  -55.919  -18.965  57.047 0.1111110002
72583  -56.633  -16.607  55.561 0.1111110002
71519  -57.008  -17.117  56.240 0.1111110002
70614  -52.845  -18.710  54.161 0.1111110002
72599  -56.246  -16.177  54.920 0.1111110002
70615  -53.590  -18.458  54.580 0.1111110002
133319  -52.839  -17.793  53.224 0.1111110002
148160  -52.024  -18.964  51.338 0.1111110002
67645  -53.457  -20.693  50.707 0.1111110002
66690  -55.154  -22.697  52.059 0.1111110002
152713  -55.950  -23.803  52.517 0.1111110002
69674  -52.352  -19.508  50.888 0.1111110002
66704  -54.683  -22.020  51.571 0.1111110002
148093  -55.585  -23.322  52.398 0.1111110002
148451  -56.824  -24.393  52.433 0.1111110002
63693  -57.431  -25.546  51.903 0.1111110002
65770  -56.284  -23.255  52.445 0.1111110002
64763  -56.558  -23.865  52.552 0.1111110002
63679  -57.568  -24.701  52.418 0.1111110002
63680  -58.233  -25.393  52.236 0.1111110002
62542  -58.725  -26.123  51.994 0.1111110002
73628  -54.959  -14.945  51.892 0.1111110002
74649  -55.520  -14.376  51.768 0.1111110002
74644  -56.110  -14.011  52.449 0.1111110002
154325  -55.609  -14.214  51.073 0.1111110002
149207  -56.003  -13.830  51.533 0.1111110002
75663  -56.521  -13.369  52.077 0.1111110002
76676  -57.670  -12.425  52.918 0.1111110002
75687  -56.602  -13.495  50.483 0.1111110002
141407  -57.501  -12.313  51.908 0.1111110002
76689  -58.051  -11.802  52.296 0.1111110002
77736  -58.672  -11.290  51.768 0.1111110002
75701  -56.946  -13.739  49.864 0.1111110002
76724  -57.758  -12.677  50.248 0.1111110002
76709  -58.190  -12.134  50.574 0.1111110002
77747  -58.795  -11.510  50.908 0.1111110002
77737  -59.561  -10.915  51.426 0.1111110002
75702  -57.780  -13.338  49.747 0.1111110002
76710  -58.927  -12.054  50.275 0.1111110002
77738  -60.305  -10.938  51.056 0.1111110002
75703  -58.713  -13.369  49.604 0.1111110002
76726  -59.209  -12.763  49.788 0.1111110002
77748  -59.703  -11.516  50.604 0.1111110002
77749  -60.814  -11.516  50.701 0.1111110002
76727  -60.068  -12.960  49.801 0.1111110002
76711  -60.459  -12.302  50.235 0.1111110002
78809  -65.169  -10.953  50.252 0.1111110002
78808  -64.992  -10.073  49.882 0.1111110002
76713  -62.754  -12.360  51.098 0.1111110002
76699  -64.551  -12.432  51.551 0.1111110002
76700  -65.008  -12.606  51.422 0.1111110002
78803  -64.877  -11.358  51.139 0.1111110002
143106  -64.717  -9.865  48.924 0.1111110002
151142  -62.544  -13.028  50.695 0.1111110002
76714  -63.445  -13.055  51.057 0.1111110002
75676  -64.368  -13.100  51.350 0.1111110002
75677  -64.990  -13.167  51.326 0.1111110002
76715  -65.416  -12.581  50.892 0.1111110002
76728  -65.619  -12.427  49.972 0.1111110002
77766  -65.218  -11.361  49.193 0.1111110002
146313  -64.209  -10.323  48.513 0.1111110002
79831  -62.756  -9.079  46.916 0.1111110002
140076  -65.736  -13.209  50.301 0.1111110002
68515  -60.219  -20.321  63.544 0.2222220004
69593  -60.566  -19.760  61.581 0.2222220004
69604  -59.878  -19.471  60.252 0.2222220004
70535  -59.852  -18.858  63.814 0.2222220004
70590  -58.286  -18.145  57.941 0.1111110002
72573  -57.832  -16.701  56.433 0.1111110002
71520  -57.563  -17.306  56.757 0.1111110002
71509  -58.710  -17.458  57.565 0.1111110002
72584  -57.436  -16.281  55.819 0.1111110002
72585  -58.305  -15.986  56.080 0.1111110002
73611  -56.542  -15.400  54.572 0.1111110002
73612  -57.309  -15.055  54.839 0.1111110002
74635  -55.569  -14.687  52.825 0.1111110002
74624  -57.566  -14.339  54.522 0.1111110002
74636  -56.399  -14.282  53.404 0.1111110002
75634  -57.837  -13.566  54.277 0.1111110002
143390  -58.098  -12.640  53.921 0.1111110002
75647  -56.734  -13.554  53.010 0.1111110002
77720  -58.600  -11.821  53.824 0.1111110002
134622  -58.156  -11.999  53.185 0.1111110002
77721  -59.111  -11.084  53.530 0.1111110002
77730  -59.179  -10.808  52.436 0.1111110002
78788  -60.437  -9.990  52.481 0.1111110002
79784  -61.261  -9.730  52.286 0.1111110002
78799  -61.571  -10.170  51.762 0.1111110002
77750  -61.897  -11.541  51.060 0.1111110002
128605  -62.213  -10.803  51.573 0.1111110002
78800  -63.308  -10.756  52.023 0.1111110002
78802  -64.214  -10.799  51.741 0.1111110002
79794  -64.185  -9.595  51.481 0.1111110002
79800  -64.610  -9.413  50.330 0.1111110002
76712  -61.617  -12.479  50.541 0.1111110002
77741  -64.023  -11.490  51.878 0.1111110002
77742  -64.613  -11.873  51.590 0.1111110002
77740  -63.083  -11.569  51.651 0.1111110002
76698  -63.837  -12.359  51.593 0.1111110002
151045  -60.358  -19.612  63.985 0.2222220004
69579  -60.795  -19.513  63.213 0.2222220004
69564  -60.088  -19.388  64.167 0.2222220004
69565  -60.650  -18.958  63.867 0.2222220004
70567  -60.351  -18.674  59.927 0.2222220004
70580  -59.816  -18.269  59.023 0.2222220004
71488  -60.944  -17.942  59.618 0.2222220004
71498  -59.292  -17.832  58.245 0.1111110002
71499  -60.548  -17.493  58.652 0.2222220004
71510  -59.792  -17.052  57.734 0.1111110002
72574  -58.677  -16.485  56.670 0.1111110002
72576  -60.275  -15.795  56.809 0.1111110002
73595  -56.986  -15.794  55.239 0.1111110002
74597  -60.258  -14.677  56.161 0.1111110002
73598  -59.428  -14.820  55.753 0.1111110002
74612  -59.803  -14.162  55.737 0.1111110002
75625  -59.473  -13.393  55.381 0.1111110002
154560  -57.929  -14.723  55.041 0.1111110002
74625  -58.276  -14.137  54.903 0.1111110002
76656  -59.088  -12.915  55.019 0.1111110002
76657  -59.476  -12.431  55.226 0.1111110002
76665  -58.815  -12.434  54.596 0.1111110002
152415  -59.735  -11.621  55.272 0.1111110002
78756  -59.840  -10.917  55.046 0.1111110002
77709  -59.254  -11.554  54.564 0.1111110002
78768  -60.286  -10.164  54.683 0.1111110002
77729  -58.585  -11.438  52.850 0.1111110002
78782  -60.256  -9.959  53.711 0.1111110002
79762  -60.877  -9.348  54.162 0.1111110002
78787  -59.875  -10.411  52.133 0.1111110002
79785  -62.052  -8.993  52.839 0.1111110002
78789  -62.184  -9.632  52.266 0.1111110002
78790  -63.080  -10.045  52.222 0.1111110002
79786  -63.508  -9.170  52.515 0.1111110002
148521  -62.494  -10.221  51.988 0.1111110002
79788  -63.840  -9.073  52.137 0.1111110002
79807  -64.733  -9.273  49.514 0.1111110002
70556  -61.732  -17.975  62.035 0.2222220004
71489  -61.922  -17.398  60.398 0.2222220004
72530  -61.314  -16.670  62.132 0.2222220004
71481  -62.046  -17.258  61.589 0.2222220004
71501  -62.192  -16.862  59.875 0.2222220004
71500  -61.604  -16.929  58.847 0.2222220004
72560  -62.356  -16.337  59.235 0.2222220004
72559  -61.689  -16.306  58.178 0.1111110002
73584  -60.805  -15.194  56.675 0.1111110002
74613  -60.433  -14.120  56.085 0.1111110002
75613  -60.821  -13.517  56.277 0.1111110002
76658  -60.140  -12.963  55.755 0.1111110002
77702  -60.142  -12.082  55.761 0.1111110002
77690  -60.714  -11.628  56.309 0.1111110002
79743  -61.121  -9.891  56.295 0.1111110002
79752  -60.918  -9.571  55.262 0.1111110002
79763  -61.631  -8.622  54.762 0.1111110002
145488  -62.394  -7.968  54.861 0.1111110002
80732  -62.382  -8.232  54.135 0.1111110002
79777  -61.692  -8.762  53.648 0.1111110002
147550  -62.530  -8.523  53.486 0.1111110002
71490  -62.249  -16.647  61.062 0.2222220004
73550  -61.983  -15.578  61.152 0.2222220004
73561  -62.388  -15.207  60.638 0.2222220004
73568  -62.612  -15.511  59.614 0.2222220004
74589  -62.546  -14.810  58.109 0.2222220004
74598  -61.129  -14.425  56.593 0.1111110002
75604  -62.292  -13.409  57.580 0.1111110002
76637  -62.702  -12.737  58.543 0.1111110002
75614  -61.610  -13.756  56.831 0.1111110002
76645  -61.566  -12.947  56.835 0.1111110002
76644  -60.768  -12.531  56.280 0.1111110002
141231  -61.308  -11.195  56.854 0.1111110002
78747  -60.843  -10.779  56.344 0.1111110002
136141  -61.766  -10.333  57.272 0.1111110002
79744  -61.980  -9.242  57.121 0.1111110002
79753  -61.623  -9.001  55.967 0.1111110002
80724  -62.280  -8.139  55.707 0.1111110002
80733  -63.019  -7.407  55.505 0.1111110002
81663  -63.737  -6.757  55.185 0.1111110002
143148  -62.133  -13.925  60.293 0.2222220004
74580  -62.933  -13.988  58.869 0.2222220004
74599  -62.051  -14.311  57.287 0.1111110002
75605  -62.755  -13.508  58.380 0.2222220004
77678  -62.058  -11.386  57.669 0.1111110002
78736  -62.546  -10.614  58.555 0.1111110002
79732  -62.657  -9.470  58.387 0.1111110002
80715  -62.494  -8.322  56.850 0.1111110002
81652  -63.637  -6.566  56.360 0.1111110002
75586  -62.638  -13.319  59.444 0.2222220004
145313  -62.700  -12.630  59.233 0.2222220004
144751  -62.422  -11.784  59.446 0.1111110002
76627  -62.722  -11.987  59.075 0.1111110002
82538  -63.884  -5.047  56.639 0.1111110002
134983  -61.792  -12.783  59.931 0.2222220004
76619  -61.668  -11.852  59.853 0.2222220004
144932  -62.103  -11.569  59.781 0.2222220004
84470  -64.269  -3.569  47.369 0.1111110002
83512  -63.886  -4.767  48.464 0.2222220004
140319  -64.096  -4.541  47.718 0.1111110002
138878  -63.926  -5.554  48.096 0.1111110002
140086  -64.264  -4.425  46.864 0.1111110002
139157  -64.413  -4.322  46.038 0.1111110002
82612  -64.032  -5.871  46.095 0.1111110002
146068  -64.431  -4.793  45.433 0.1111110002
83537  -64.559  -5.075  44.637 0.1111110002
82613  -64.280  -5.597  45.213 0.1111110002
83550  -64.808  -5.322  43.838 0.1111110002
82636  -65.104  -6.059  43.427 0.1111110002
80895  -66.584  -8.241  39.472 0.2222220004
80905  -66.806  -9.295  38.872 0.1111110002
79915  -66.482  -9.802  37.724 0.2222220004
79934  -65.930  -9.657  37.074 0.2222220004
80921  -65.249  -9.339  36.694 0.2222220004
79951  -66.209  -9.660  35.819 0.2222220004
80938  -64.621  -8.689  36.235 0.2222220004
80939  -65.736  -8.963  35.384 0.2222220004
81841  -64.148  -7.718  35.741 0.2222220004
81842  -65.271  -8.104  35.039 0.2222220004
81857  -64.827  -7.218  34.618 0.2222220004
81858  -65.394  -7.900  34.207 0.2222220004
86402  -63.471  -2.399  47.939 0.2222220004
86403  -63.901  -2.495  47.451 0.1111110002
85467  -64.263  -2.838  47.016 0.2222220004
86415  -63.942  -2.317  45.442 0.1111110002
151092  -64.381  -2.835  45.524 0.1111110002
146651  -64.487  -4.256  45.515 0.1111110002
86431  -64.018  -2.466  43.624 0.1111110002
86422  -64.204  -2.596  44.154 0.1111110002
84505  -64.653  -4.585  44.196 0.1111110002
85498  -64.428  -3.229  42.700 0.1111110002
154864  -64.678  -4.090  43.789 0.1111110002
85510  -64.286  -3.292  41.863 0.1111110002
84529  -64.757  -4.070  41.238 0.1111110002
84506  -65.068  -4.676  42.567 0.1111110002
81812  -66.462  -7.402  39.627 0.2222220004
80904  -66.626  -9.228  38.778 0.1111110002
140564  -61.983  -14.685  60.704 0.2222220004
73560  -61.371  -15.014  60.615 0.2222220004
85440  -63.273  -2.846  50.266 0.2222220004
74579  -62.795  -14.776  59.228 0.2222220004
140609  -7.272  -49.967  89.038 0.2222220004
85497  -63.963  -2.848  42.312 0.1111110002
86432  -64.168  -2.721  43.237 0.1111110002
80894  -66.438  -8.285  39.266 0.2222220004
85459  -62.608  -2.692  48.059 0.2222220004
77679  -62.563  -11.729  58.568 0.1111110002
145800  -64.121  -2.459  45.850 0.2222220004
86416  -64.152  -2.514  45.060 0.1111110002
82685  -66.350  -6.654  39.743 0.2222220004
70555  -61.013  -18.923  61.161 0.2222220004
69594  -61.301  -18.740  62.538 0.2222220004
86394  -63.055  -2.453  48.929 0.2222220004
72540  -62.090  -16.135  61.344 0.2222220004
72539  -61.662  -16.147  61.563 0.2222220004
71472  -61.832  -16.717  61.898 0.2222220004
62547  -64.662  -25.252  52.772 0.1111110002
61508  -63.637  -27.412  50.607 0.1111110002
66680  -63.904  -21.825  54.440 0.1111110002
63706  -65.779  -24.703  51.011 0.1111110002
59449  -63.710  -29.326  49.800 0.1111110002
60511  -63.417  -28.340  50.203 0.1111110002
57162  -65.423  -31.998  50.131 0.1111110002
149958  -65.997  -32.475  49.239 0.1111110002
54201  -65.712  -34.731  52.138 0.1111110002
64747  -63.886  -22.517  55.024 0.1111110002
60490  -63.484  -28.057  52.500 0.1111110002
141496  -64.472  -31.029  50.910 0.1111110002
59439  -63.359  -29.180  50.840 0.1111110002
143224  -65.728  -33.316  51.342 0.1111110002
56142  -65.375  -32.733  53.737 0.1111110002
133486  -63.749  -28.668  53.103 0.1111110002
54170  -65.063  -34.048  54.349 0.1111110002
59415  -64.222  -29.523  53.867 0.1111110002
133240  -63.410  -21.052  45.208 0.1111110002
137794  -61.465  -18.044  46.668 0.1111110002
70668  -60.741  -18.463  46.911 0.1111110002
58314  -57.953  -30.111  50.753 0.1111110002
55131  -65.044  -32.936  56.321 0.1111110002
149355  -57.939  -20.049  51.612 0.1111110002
61473  -63.270  -28.077  54.341 0.1111110002
68661  -61.508  -20.188  48.856 0.1111110002
67658  -62.191  -21.205  48.069 0.1111110002
69691  -62.131  -19.742  48.602 0.1111110002
69692  -62.932  -19.412  48.295 0.1111110002
70676  -64.779  -18.545  45.959 0.1111110002
69713  -64.320  -19.680  45.870 0.1111110002
71611  -64.605  -17.733  46.147 0.1111110002
73665  -61.914  -15.647  47.099 0.1111110002
68681  -64.033  -20.350  46.058 0.1111110002
71608  -60.800  -17.640  46.984 0.1111110002
71607  -60.057  -17.203  47.146 0.1111110002
64685  -55.162  -24.695  60.095 0.1111110002
65701  -54.082  -23.338  58.687 0.1111110002
65715  -52.778  -23.096  57.582 0.1111110002
64712  -52.100  -23.786  57.459 0.1111110002
66668  -50.094  -22.520  54.428 0.1111110002
66658  -50.467  -22.705  55.348 0.1111110002
65741  -50.082  -23.567  55.548 0.1111110002
65757  -49.845  -23.383  53.567 0.1111110002
64757  -50.749  -24.386  52.382 0.1111110002
66675  -50.024  -22.658  53.613 0.1111110002
63690  -53.062  -25.178  51.268 0.1111110002
63703  -52.644  -25.795  50.467 0.1111110002
64775  -51.572  -24.670  51.799 0.1111110002
64758  -51.823  -24.169  52.236 0.1111110002
61515  -54.542  -27.579  49.616 0.1111110002
61503  -54.944  -26.921  50.000 0.1111110002
63704  -53.638  -25.720  50.694 0.1111110002
152546  -54.958  -26.242  50.511 0.1111110002
60510  -55.856  -28.048  49.725 0.1111110002
59436  -56.711  -29.186  50.094 0.1111110002
60498  -57.142  -28.494  50.213 0.1111110002
59438  -58.435  -29.329  50.762 0.1111110002
57134  -59.169  -31.592  52.268 0.1111110002
57149  -59.789  -30.879  52.141 0.1111110002
57135  -60.081  -31.481  52.667 0.1111110002
56140  -61.265  -31.929  53.725 0.1111110002
56126  -64.114  -31.720  55.583 0.1111110002
60467  -63.357  -28.664  54.463 0.1111110002
70656  -62.281  -18.025  48.994 0.1111110002
70660  -64.312  -18.434  48.040 0.1111110002
72653  -65.280  -16.465  47.130 0.1111110002
73656  -63.393  -15.101  47.428 0.1111110002
74672  -61.948  -14.074  47.340 0.1111110002
75725  -61.044  -13.838  46.974 0.1111110002
75724  -60.313  -13.461  46.423 0.1111110002
66620  -53.900  -22.705  58.213 0.1111110002
66636  -53.455  -22.422  57.629 0.1111110002
67599  -51.680  -21.493  55.537 0.1111110002
66659  -51.286  -22.270  55.860 0.1111110002
68602  -52.057  -20.802  55.234 0.1111110002
67598  -50.734  -21.835  54.885 0.1111110002
141074  -50.389  -22.096  53.031 0.1111110002
65765  -50.962  -23.537  52.455 0.1111110002
65766  -52.034  -23.567  52.251 0.1111110002
64777  -53.414  -24.628  51.927 0.1111110002
73627  -54.473  -15.544  52.114 0.1111110002
71565  -52.683  -17.854  51.022 0.1111110002
145681  -53.961  -25.179  51.463 0.1111110002
63691  -54.837  -25.191  51.637 0.1111110002
62569  -55.330  -25.770  51.032 0.1111110002
62570  -56.560  -26.421  50.860 0.1111110002
150875  -55.723  -26.499  50.522 0.1111110002
61506  -57.494  -27.768  50.485 0.1111110002
60499  -57.949  -28.526  50.539 0.1111110002
59424  -59.356  -29.236  51.266 0.1111110002
134938  -60.989  -30.240  52.969 0.1111110002
71590  -63.443  -17.812  48.644 0.1111110002
71586  -62.778  -17.308  49.062 0.1111110002
72643  -65.282  -16.117  49.110 0.1111110002
72644  -65.788  -16.055  48.375 0.1111110002
136927  -63.329  -13.006  48.022 0.1111110002
76751  -60.854  -11.984  45.927 0.1111110002
77795  -60.753  -11.832  44.159 0.1111110002
71552  -52.627  -17.689  52.578 0.1111110002
60487  -58.757  -28.544  50.898 0.1111110002
59425  -60.184  -29.419  51.937 0.1111110002
59419  -60.835  -29.516  52.673 0.1111110002
78829  -63.163  -10.408  47.870 0.1111110002
153361  -56.469  -17.725  56.368 0.1111110002
71518  -55.847  -17.979  56.166 0.1111110002
71539  -53.810  -17.735  54.279 0.1111110002
145743  -53.007  -19.033  50.529 0.1111110002
73648  -61.303  -15.572  49.712 0.1111110002
73650  -64.416  -15.643  49.725 0.1111110002
136187  -65.208  -12.735  48.833 0.1111110002
77810  -63.111  -11.240  42.940 0.1111110002
73610  -55.789  -15.735  54.277 0.1111110002
73622  -56.053  -14.985  53.853 0.1111110002
75675  -56.444  -13.344  51.188 0.1111110002
75694  -65.516  -13.782  50.682 0.1111110002
77756  -65.390  -11.562  49.724 0.1111110002
68551  -60.030  -20.579  61.225 0.2222220004
69612  -58.276  -19.360  58.999 0.1111110002
154957  -56.603  -19.672  58.134 0.1111110002
71508  -57.834  -17.688  57.324 0.1111110002
71521  -58.232  -17.091  56.997 0.1111110002
76696  -56.937  -12.837  51.569 0.1111110002
75648  -57.405  -13.140  53.453 0.1111110002
76695  -56.874  -12.986  50.852 0.1111110002
76697  -58.061  -11.810  51.307 0.1111110002
78798  -60.571  -10.383  51.699 0.1111110002
77739  -61.162  -10.810  51.221 0.1111110002
133325  -64.700  -10.369  50.805 0.1111110002
77751  -65.328  -11.822  50.574 0.1111110002
78816  -65.160  -10.738  49.490 0.1111110002
151806  -58.969  -16.906  57.190 0.1111110002
73583  -59.283  -15.784  56.334 0.1111110002
74623  -56.818  -14.634  54.216 0.1111110002
73596  -57.900  -15.408  55.463 0.1111110002
78781  -59.771  -10.366  53.077 0.1111110002
78767  -59.672  -10.665  54.149 0.1111110002
145858  -60.318  -9.918  53.074 0.1111110002
79776  -60.958  -9.424  53.061 0.1111110002
78801  -63.747  -10.433  52.008 0.1111110002
78792  -63.948  -9.977  51.957 0.1111110002
70568  -61.540  -18.149  60.765 0.2222220004
145306  -61.489  -17.357  59.422 0.2222220004
71511  -60.877  -16.850  58.135 0.1111110002
72567  -60.623  -16.387  57.475 0.1111110002
72575  -59.596  -16.401  57.016 0.1111110002
73575  -61.277  -15.762  57.326 0.1111110002
146349  -59.910  -15.247  56.261 0.1111110002
73597  -58.833  -15.346  55.784 0.1111110002
74611  -59.052  -14.123  55.314 0.1111110002
75626  -60.134  -13.656  55.824 0.1111110002
78757  -60.490  -10.452  55.587 0.1111110002
133494  -62.795  -9.138  52.713 0.1111110002
78791  -63.644  -9.693  52.181 0.1111110002
72552  -62.436  -16.015  60.506 0.2222220004
73576  -62.411  -15.895  58.713 0.2222220004
154985  -62.117  -15.591  58.002 0.2222220004
73585  -61.744  -15.087  57.221 0.1111110002
74570  -62.550  -14.617  60.214 0.2222220004
154802  -62.595  -15.379  58.720 0.2222220004
144930  -62.581  -14.048  57.970 0.2222220004
76636  -62.228  -12.384  57.671 0.1111110002
77691  -61.437  -11.998  56.889 0.1111110002
75596  -62.944  -13.245  58.932 0.2222220004
84465  -64.018  -3.564  48.328 0.1111110002
85454  -63.727  -2.827  48.618 0.1111110002
84477  -64.408  -3.575  46.518 0.1111110002
132169  -64.193  -5.166  46.277 0.1111110002
84492  -64.545  -4.212  44.949 0.1111110002
82626  -64.644  -5.826  44.171 0.1111110002
147934  -64.850  -4.720  43.457 0.1111110002
83551  -65.160  -5.441  43.067 0.1111110002
82710  -63.840  -6.733  35.352 0.2222220004
85485  -64.500  -3.261  43.727 0.1111110002
84517  -64.743  -3.935  43.052 0.1111110002
34267  -7.401  -53.845  87.630 0.1111110002
38358  -7.432  -50.309  86.283 0.1111110002
38367  -7.473  -49.900  85.521 0.1111110002
139800  -7.482  -49.347  84.692 0.1111110002
37328  -7.223  -50.488  88.133 0.1111110002
38348  -7.156  -50.026  87.261 0.1111110002
37318  -7.010  -49.842  88.588 0.1111110002
38347  -6.559  -49.205  87.366 0.1111110002
37327  -6.891  -49.693  87.965 0.1111110002
154753  -6.552  -48.846  86.520 0.1111110002
39445  -6.258  -48.450  87.021 0.1111110002
40551  -6.228  -47.630  86.646 0.1111110002
39468  -7.135  -48.398  84.593 0.1111110002
141914  -6.343  -46.718  86.259 0.1111110002
40563  -6.505  -47.460  85.603 0.1111110002
42345  -6.606  -45.264  87.460 0.1111110002
135120  -6.971  -45.712  88.211 0.1111110002
43292  -7.448  -44.906  88.579 0.1111110002
129538  -6.392  -45.802  86.656 0.1111110002
134593  -6.618  -45.946  85.572 0.1111110002
154219  -6.958  -44.153  87.937 0.1111110002
43302  -7.302  -44.029  88.355 0.1111110002
43301  -6.942  -44.331  87.315 0.1111110002
42318  -8.064  -44.997  88.927 0.1111110002
130570  -6.811  -45.132  85.880 0.1111110002
44207  -8.443  -43.003  89.375 0.1111110002
44228  -7.176  -43.697  87.766 0.1111110002
44216  -7.954  -43.495  88.819 0.1111110002
43282  -8.811  -44.004  89.446 0.1111110002
44242  -7.321  -43.566  86.853 0.1111110002
153175  -8.417  -44.358  89.126 0.1111110002
43324  -7.149  -44.535  85.124 0.1111110002
45223  -8.079  -42.746  88.639 0.1111110002
44208  -8.827  -43.273  89.754 0.1111110002
153596  -7.725  -42.830  88.073 0.1111110002
43281  -8.428  -43.727  89.274 0.1111110002
44209  -9.140  -43.366  89.689 0.1111110002
131844  -7.377  -43.398  85.989 0.1111110002
47153  -8.605  -40.678  90.058 0.1111110002
46177  -8.774  -41.463  90.316 0.1111110002
46178  -9.489  -41.489  90.586 0.1111110002
46202  -8.431  -41.386  88.961 0.1111110002
45209  -8.737  -42.593  89.983 0.1111110002
45210  -9.367  -42.641  90.075 0.1111110002
144818  -7.959  -42.328  87.840 0.1111110002
44210  -9.664  -43.026  89.549 0.1111110002
45249  -7.933  -42.356  86.772 0.1111110002
47165  -8.587  -40.563  89.370 0.1111110002
47177  -8.548  -40.454  88.252 0.1111110002
135435  -8.211  -41.716  86.085 0.1111110002
45225  -10.217  -42.643  89.217 0.1111110002
43250  -20.891  -44.566  94.481 0.1111110002
152239  -42.090  -26.229  58.302 0.1111110002
77891  -66.882  -11.260  37.392 0.1111110002
76838  -66.667  -12.085  37.809 0.1111110002
128577  -59.927  -21.958  61.006 0.1111110002
79936  -66.831  -10.146  37.229 0.1111110002
79952  -66.251  -9.871  35.413 0.1111110002
78940  -65.218  -10.766  35.516 0.1111110002
78941  -66.237  -10.225  35.261 0.1111110002
64652  -61.401  -24.096  62.169 0.1111110002
80956  -65.744  -8.684  34.498 0.1111110002
79966  -65.933  -9.300  34.573 0.1111110002
80940  -66.014  -9.263  34.834 0.1111110002
78952  -66.052  -9.702  34.795 0.1111110002
150073  -63.773  -5.062  49.037 0.1111110002
85442  -63.628  -3.194  50.010 0.1111110002
80957  -65.881  -8.985  34.334 0.1111110002
79965  -65.383  -9.531  34.384 0.1111110002
79974  -65.864  -8.975  34.225 0.1111110002
86395  -63.351  -2.568  48.771 0.1111110002
80971  -65.656  -8.559  34.144 0.1111110002
79973  -65.710  -9.063  34.153 0.1111110002
80970  -65.474  -8.498  33.988 0.1111110002
154323  -61.884  -6.111  36.147 0.1111110002
81872  -65.309  -7.776  33.942 0.1111110002
82720  -63.566  -5.930  34.984 0.1111110002
79909  -55.688  -9.196  38.144 0.1111110002
80916  -56.257  -8.879  37.281 0.1111110002
78879  -53.495  -10.797  40.285 0.1111110002
78892  -54.961  -10.296  40.083 0.1111110002
79891  -55.483  -9.698  39.269 0.1111110002
80932  -56.703  -8.508  36.651 0.1111110002
82719  -58.688  -6.717  35.358 0.1111110002
77847  -52.981  -11.615  40.521 0.1111110002
79890  -54.497  -9.798  39.474 0.1111110002
146456  -55.885  -8.535  36.853 0.1111110002
80931  -55.912  -7.981  36.386 0.1111110002
81837  -57.416  -8.218  36.305 0.1111110002
81836  -56.760  -7.903  36.258 0.1111110002
82718  -57.789  -6.673  35.536 0.1111110002
83650  -59.451  -5.401  34.403 0.1111110002
144228  -53.807  -9.881  39.514 0.1111110002
78891  -54.062  -10.267  39.976 0.1111110002
79908  -54.767  -9.411  38.635 0.1111110002
129129  -55.169  -8.375  36.742 0.1111110002
81851  -56.360  -7.320  35.990 0.1111110002
83633  -56.291  -5.805  35.288 0.1111110002
83634  -57.325  -5.887  35.312 0.1111110002
83649  -58.730  -5.394  34.656 0.1111110002
84597  -56.973  -4.656  34.502 0.1111110002
84599  -58.413  -4.843  34.400 0.1111110002
84600  -59.107  -4.843  34.191 0.1111110002
83664  -59.907  -4.966  33.912 0.1111110002
135633  -53.961  -9.559  38.896 0.1111110002
87424  -63.029  -1.556  32.373 0.1111110002
86536  -62.368  -2.327  31.503 0.1111110002
84598  -57.844  -4.579  34.326 0.1111110002
85589  -61.052  -3.334  32.071 0.1111110002
86524  -62.206  -3.234  31.759 0.1111110002
84612  -58.533  -4.260  33.856 0.1111110002
84613  -59.505  -4.352  33.547 0.1111110002
85574  -60.212  -3.811  32.747 0.1111110002
84629  -61.431  -3.918  32.364 0.1111110002
87437  -62.802  -0.742  32.150 0.1111110002
87438  -63.091  -1.358  31.963 0.1111110002
153645  -63.380  -2.440  31.945 0.1111110002
86535  -61.686  -1.785  31.361 0.1111110002
142376  -62.477  -1.611  31.488 0.1111110002
86537  -63.059  -1.946  31.766 0.1111110002
86523  -61.307  -2.641  31.636 0.1111110002
143702  -60.257  -2.979  32.045 0.1111110002
87452  -62.722  -1.138  31.725 0.1111110002
48275  -44.759  -38.929  84.795 0.1111110002
48288  -45.375  -38.676  84.226 0.1111110002
49431  -45.606  -37.716  83.656 0.1111110002
64737  -44.613  -24.431  55.465 0.1111110002
65655  -60.899  -23.526  62.191 0.1111110002
42287  -20.694  -45.302  94.169 0.1111110002
38336  -6.690  -49.238  88.304 0.1111110002
140297  -6.164  -46.967  87.233 0.1111110002
155072  -6.165  -46.422  86.967 0.1111110002
82708  -61.126  -6.106  36.580 0.1111110002
130523  -21.563  -45.436  94.010 0.1111110002
62487  -41.591  -26.179  58.695 0.1111110002
85447  -63.236  -2.673  49.551 0.1111110002
82709  -62.674  -6.432  35.843 0.1111110002
79972  -64.948  -8.986  33.978 0.1111110002
82730  -59.273  -6.076  34.871 0.1111110002
84614  -60.881  -4.406  32.903 0.1111110002
66580  -60.571  -22.298  61.944 0.1111110002
81813  -66.513  -7.206  39.743 0.1111110002
134462  -60.306  -22.043  61.668 0.1111110002
79935  -66.623  -10.008  36.552 0.1111110002
79953  -66.640  -10.292  36.448 0.1111110002
38357  -6.971  -49.461  86.463 0.1111110002
39456  -6.920  -48.809  85.618 0.1111110002
39455  -6.525  -48.217  86.080 0.1111110002
39467  -6.708  -47.995  85.091 0.1111110002
42332  -6.940  -44.693  88.031 0.1111110002
147197  -6.708  -44.936  86.701 0.1111110002
143964  -7.919  -44.249  88.875 0.1111110002
42369  -6.918  -45.321  85.057 0.1111110002
43312  -7.087  -44.198  86.161 0.1111110002
135197  -8.619  -41.966  90.115 0.1111110002
45224  -8.474  -42.184  89.437 0.1111110002
44255  -7.404  -43.676  85.214 0.1111110002
44267  -7.373  -43.953  84.338 0.1111110002
46201  -8.278  -42.054  88.599 0.1111110002
132051  -7.594  -42.989  87.449 0.1111110002
45211  -10.005  -42.408  89.967 0.1111110002
44243  -7.611  -42.900  86.355 0.1111110002
44256  -7.665  -42.947  85.331 0.1111110002
46187  -8.462  -41.378  89.863 0.1111110002
46214  -8.253  -41.514  88.064 0.1111110002
44218  -9.895  -43.346  88.834 0.1111110002
46227  -8.268  -41.708  87.138 0.1111110002
46228  -8.586  -40.966  86.521 0.1111110002
78928  -66.921  -10.573  37.162 0.1111110002
78951  -65.830  -9.968  34.749 0.1111110002
81852  -57.341  -7.461  35.927 0.1111110002
78890  -53.278  -10.251  39.783 0.1111110002
80915  -55.375  -8.751  37.376 0.1111110002
82717  -56.821  -6.627  35.641 0.1111110002
83635  -58.297  -5.954  35.172 0.1111110002
79889  -53.236  -9.758  39.121 0.1111110002
147332  -54.871  -9.013  37.918 0.1111110002
81835  -54.899  -7.895  36.241 0.1111110002
82716  -55.843  -6.630  35.631 0.1111110002
151143  -56.935  -5.293  35.021 0.1111110002
83648  -57.801  -5.208  34.809 0.1111110002
83646  -55.576  -5.393  34.757 0.1111110002
83647  -56.327  -5.144  34.810 0.1111110002
84596  -55.865  -4.688  34.251 0.1111110002
141899  -60.255  -4.522  33.329 0.1111110002
85573  -59.095  -3.687  33.144 0.1111110002
85572  -58.150  -3.571  33.276 0.1111110002
85588  -59.492  -3.249  32.511 0.1111110002
88277  -62.752  -0.648  31.923 0.1111110002
33333  -8.161  -54.691  88.798 0.1111110002
34261  -9.045  -53.748  89.910 0.4444440007
35291  -8.818  -52.633  90.177 0.4444440007
38326  -13.060  -50.027  91.925 0.4444440007
39410  -13.250  -48.347  92.098 0.5555559993
39417  -7.134  -48.823  89.110 0.3333329856
40502  -12.817  -47.605  92.315 0.5555559993
40503  -13.009  -47.552  92.512 0.5555559993
40513  -12.575  -47.624  91.501 0.5555559993
41453  -40.357  -47.033  85.315 0.1111110002
41458  -13.411  -46.620  84.170 0.5555559993
41468  -41.132  -47.111  84.983 0.1111110002
42336  -14.671  -45.708  88.365 0.7777780294
42394  -39.014  -46.588  84.803 0.1111110002
42422  -39.305  -45.529  82.768 0.1111110002
43262  -15.435  -44.215  93.735 0.3333329856
43308  -34.873  -44.758  88.086 0.1111110002
43320  -36.604  -45.567  87.499 0.1111110002
44184  -18.906  -43.570  94.607 0.4444440007
44194  -14.071  -43.919  92.948 0.6666669846
44203  -15.779  -43.341  91.611 0.7777780294
44223  -20.189  -43.098  88.006 0.7777780294
45179  -21.177  -42.406  94.730 0.7777780294
45183  -18.156  -43.005  94.407 0.4444440007
45186  -23.632  -42.193  93.738 0.1111110002
45201  -9.069  -42.209  90.371 0.1111110002
45206  -20.375  -42.505  90.471 0.8888890147
45221  -33.547  -42.418  89.982 0.1111110002
45275  -22.043  -42.739  84.300 0.6666669846
46166  -22.210  -40.975  94.231 0.7777780294
46169  -20.861  -41.576  93.669 0.7777780294
46191  -21.808  -41.909  89.829 0.7777780294
46219  -24.137  -40.826  87.090 0.7777780294
46231  -22.972  -41.807  86.862 0.8888890147
47130  -24.238  -39.522  93.565 0.1111110002
47138  -22.679  -40.157  92.196 0.7777780294
47225  -24.797  -40.607  84.884 0.8888890147
47252  -36.502  -40.509  83.934 0.8888890147
47298  -35.484  -40.168  80.434 1.0000000000
48167  -23.516  -39.499  93.331 0.5555559993
48171  -25.966  -38.961  92.283 0.1111110002
48180  -27.082  -38.844  91.507 0.2222220004
48248  -41.449  -39.163  86.402 0.2222220004
48253  -25.837  -39.697  85.095 0.8888890147
48344  -40.700  -40.084  78.190 0.8888890147
49395  -27.248  -38.240  86.169 1.0000000000
50605  -28.403  -37.136  91.949 0.4444440007
50606  -29.150  -37.107  91.817 0.3333329856
50607  -29.941  -37.220  91.516 0.5555559993
50609  -26.296  -37.650  91.674 0.6666669846
50648  -28.589  -36.999  86.356 1.0000000000
50654  -28.077  -37.699  84.911 1.0000000000
51724  -28.731  -36.844  91.749 0.4444440007
51727  -27.727  -36.916  91.687 0.5555559993
51728  -28.367  -36.722  91.594 0.4444440007
51729  -29.080  -36.621  91.423 0.4444440007
51767  -29.733  -36.248  87.459 1.0000000000
51815  -30.419  -36.699  81.902 0.8888890147
51828  -45.383  -35.346  82.435 0.4444440007
52888  -43.716  -34.779  82.377 0.4444440007
54217  -65.803  -34.212  50.356 0.1111110002
54901  -46.021  -32.903  81.352 0.2222220004
54911  -47.558  -32.411  81.110 0.2222220004
56169  -65.635  -32.740  50.956 0.1111110002
56923  -47.680  -31.653  74.586 0.6666669846
57173  -66.105  -32.302  48.594 0.1111110002
57969  -50.526  -29.888  78.118 0.1111110002
58293  -58.793  -30.111  51.181 0.1111110002
59085  -50.920  -29.939  78.162 0.1111110002
61379  -51.960  -27.325  65.085 0.8888890147
61382  -55.243  -27.350  65.199 0.6666669846
61395  -54.023  -27.353  64.180 0.7777780294
61396  -55.616  -27.329  64.683 0.3333329856
61397  -56.415  -27.178  64.571 0.4444440007
62404  -48.505  -26.940  63.611 0.7777780294
62492  -46.231  -25.940  58.602 0.5555559993
62568  -54.239  -26.325  50.291 0.1111110002
63466  -51.579  -25.449  73.493 0.2222220004
63472  -52.235  -24.974  72.928 0.2222220004
63533  -57.499  -24.547  67.997 0.1111110002
63592  -49.506  -25.809  60.368 0.7777780294
64568  -52.111  -24.294  72.432 0.3333329856
64582  -52.580  -23.777  71.860 0.3333329856
64592  -50.659  -23.974  70.951 0.3333329856
64614  -53.490  -23.896  68.714 0.3333329856
64629  -56.892  -24.346  68.344 0.2222220004
64646  -54.573  -24.659  62.111 0.5555559993
64653  -61.718  -24.362  62.019 0.1111110002
64696  -48.423  -24.594  58.490 0.6666669846
64755  -65.140  -23.647  53.572 0.1111110002
64768  -65.505  -23.843  52.612 0.1111110002
64776  -52.516  -24.629  51.825 0.1111110002
64778  -54.276  -24.615  52.076 0.1111110002
65611  -53.030  -23.204  70.785 0.3333329856
65621  -52.811  -23.250  69.913 0.3333329856
65623  -55.358  -23.791  69.719 0.3333329856
65663  -54.230  -22.996  62.044 0.5555559993
65686  -50.637  -23.463  59.409 0.6666669846
65727  -48.182  -22.994  56.733 0.6666669846
65730  -52.201  -23.028  57.148 0.1111110002
66568  -55.394  -22.582  62.444 0.4444440007
66579  -55.202  -22.158  62.205 0.5555559993
66649  -49.208  -21.963  56.917 0.5555559993
66657  -48.045  -22.096  55.857 0.5555559993
66667  -49.687  -23.129  54.135 0.1111110002
66671  -42.705  -22.334  53.807 0.1111110002
67488  -59.487  -20.388  64.075 0.3333329856
67580  -51.273  -20.934  57.880 0.7777780294
67608  -50.767  -21.288  54.106 0.1111110002
67632  -61.612  -20.808  53.760 0.1111110002
67638  -55.881  -21.444  51.523 0.1111110002
68546  -53.825  -21.402  60.259 0.5555559993
68563  -53.824  -20.437  59.312 0.6666669846
68619  -42.761  -20.207  53.748 0.1111110002
68638  -54.446  -20.667  50.744 0.1111110002
68641  -57.377  -20.533  51.615 0.1111110002
68642  -58.172  -20.526  51.962 0.1111110002
69563  -59.438  -19.701  63.977 0.3333329856
69622  -49.765  -19.844  55.963 0.7777780294
69653  -43.136  -19.462  53.668 0.1111110002
69675  -53.164  -19.829  50.555 0.1111110002
69676  -54.254  -19.374  50.389 0.1111110002
69678  -56.632  -19.506  50.810 0.1111110002
69723  -63.650  -19.794  45.450 0.1111110002
69724  -64.147  -19.635  45.598 0.1111110002
70536  -60.481  -18.257  63.441 0.3333329856
70547  -61.767  -17.289  62.352 0.2222220004
70574  -53.776  -18.887  57.940 0.7777780294
70585  -52.674  -18.785  57.132 0.7777780294
70604  -50.401  -18.377  55.480 0.7777780294
70630  -52.454  -18.314  53.197 0.1111110002
70631  -53.145  -18.043  53.833 0.1111110002
70645  -52.499  -18.618  50.901 0.1111110002
70647  -53.994  -17.908  50.307 0.1111110002
71507  -55.225  -17.205  57.667 0.7777780294
71516  -52.662  -17.725  56.311 0.7777780294
71527  -54.878  -17.895  55.304 0.1111110002
71558  -52.543  -17.709  51.681 0.1111110002
71583  -56.087  -17.063  49.897 0.1111110002
71592  -65.515  -17.317  47.654 0.1111110002
71601  -65.616  -17.105  47.284 0.1111110002
72581  -53.456  -15.981  55.724 0.7777780294
72593  -48.099  -16.053  53.985 0.3333329856
72598  -55.525  -16.490  54.638 0.1111110002
72613  -53.476  -16.741  52.540 0.1111110002
72614  -54.004  -16.196  52.515 0.1111110002
72626  -53.615  -16.633  50.977 0.1111110002
72628  -54.989  -15.757  50.185 0.1111110002
72631  -59.975  -16.786  50.194 0.1111110002
72634  -55.366  -16.175  49.880 0.1111110002
72637  -59.245  -16.231  50.093 0.1111110002
72663  -64.300  -16.463  46.842 0.1111110002
73573  -57.173  -15.311  57.649 0.5555559993
73621  -55.346  -15.388  53.468 0.1111110002
73633  -55.092  -14.753  51.004 0.1111110002
73639  -65.690  -14.956  49.837 0.1111110002
73642  -55.668  -15.590  49.857 0.1111110002
73644  -57.322  -15.195  49.605 0.1111110002
74571  -62.628  -14.045  59.705 0.2222220004
74596  -56.831  -14.267  56.899 0.5555559993
74606  -51.680  -14.459  55.076 0.7777780294
74610  -58.585  -14.758  55.360 0.1111110002
74634  -47.804  -13.827  53.893 0.3333329856
74637  -57.118  -13.900  53.846 0.1111110002
74652  -55.680  -14.452  50.529 0.1111110002
74670  -65.962  -15.017  48.620 0.1111110002
74676  -65.771  -15.262  48.181 0.1111110002
75620  -42.476  -13.502  55.354 0.1111110002
75624  -54.340  -13.416  55.824 0.7777780294
75661  -50.494  -13.063  52.688 0.6666669846
75664  -57.090  -12.894  52.531 0.1111110002
75671  -50.424  -13.500  51.812 0.6666669846
75678  -65.348  -13.136  51.080 0.1111110002
75688  -57.207  -13.088  50.313 0.1111110002
75700  -51.831  -13.362  49.668 0.5555559993
75704  -59.597  -13.569  49.591 0.1111110002
76620  -62.274  -12.529  59.721 0.2222220004
76655  -54.873  -12.001  56.096 0.6666669846
76661  -42.802  -12.868  54.824 0.1111110002
76664  -58.643  -13.327  54.808 0.1111110002
76675  -52.028  -11.993  53.582 0.7777780294
76708  -57.441  -12.465  50.907 0.1111110002
76725  -58.384  -12.649  49.957 0.1111110002
77659  -61.902  -10.920  60.070 0.4444440007
77705  -43.372  -11.492  54.736 0.1111110002
77717  -53.350  -11.408  53.690 0.7777780294
77743  -65.090  -12.094  51.292 0.1111110002
77746  -55.223  -11.248  50.047 0.6666669846
77769  -49.100  -11.208  47.556 0.2222220004
78719  -62.108  -10.032  60.262 0.4444440007
78745  -57.456  -10.459  56.522 0.6666669846
78762  -44.192  -10.202  54.711 0.1111110002
78763  -54.673  -10.787  54.036 0.7777780294
78779  -55.525  -10.668  53.476 0.7777780294
78785  -55.718  -10.720  51.534 0.7777780294
78811  -46.791  -10.503  49.443 0.1111110002
78825  -54.714  -11.179  46.987 0.5555559993
78956  -65.896  -9.345  34.468 0.1111110002
79761  -58.313  -9.262  54.190 0.6666669846
79835  -52.611  -9.351  45.549 0.4444440007
80686  -61.943  -8.462  60.298 0.4444440007
80687  -62.407  -8.342  60.223 0.3333329856
80720  -47.371  -8.177  55.563 0.1111110002
80742  -46.414  -8.345  53.551 0.1111110002
80745  -58.758  -8.725  53.597 0.6666669846
80765  -58.970  -8.204  51.816 0.7777780294
80778  -58.304  -8.182  50.047 0.7777780294
80953  -60.443  -8.457  35.575 0.1111110002
81625  -62.731  -6.789  59.197 0.2222220004
81642  -61.277  -6.898  58.064 0.4444440007
81728  -60.087  -7.411  46.392 0.6666669846
81776  -60.870  -7.996  43.113 0.6666669846
82587  -59.757  -6.706  49.913 0.6666669846
82682  -58.206  -6.869  39.459 0.5555559993
83511  -60.561  -5.468  48.154 0.6666669846
83548  -62.078  -5.448  43.663 0.6666669846
83585  -65.737  -5.272  40.351 0.2222220004
84439  -63.862  -3.420  53.366 0.1111110002
84482  -64.490  -3.592  45.652 0.1111110002
84491  -62.440  -3.781  44.095 0.4444440007
84504  -62.735  -4.228  42.880 0.5555559993
85448  -63.463  -2.827  49.430 0.1111110002
85457  -50.095  -3.532  47.581 0.1111110002
85460  -64.095  -2.828  47.828 0.1111110002
85464  -50.219  -3.203  46.993 0.1111110002
85472  -64.356  -2.849  46.202 0.2222220004
85475  -62.770  -3.057  44.486 0.2222220004
85476  -64.486  -3.169  44.783 0.1111110002
85499  -64.770  -3.890  42.074 0.1111110002
85509  -63.976  -3.189  41.710 0.2222220004
86396  -63.707  -2.575  48.131 0.2222220004
86401  -63.090  -2.417  48.424 0.2222220004
86408  -63.600  -2.334  46.987 0.3333329856
86409  -64.034  -2.446  46.626 0.3333329856
86414  -63.361  -2.475  46.045 0.4444440007
86419  -52.252  -2.338  44.151 0.1111110002
86421  -63.987  -2.341  44.532 0.1111110002
86430  -63.490  -2.646  44.053 0.1111110002
86443  -53.508  -2.193  42.663 0.1111110002
86445  -64.096  -2.859  42.438 0.1111110002
86454  -64.054  -2.939  42.008 0.1111110002
87326  -52.480  -1.147  46.382 0.1111110002
128386  -7.556  -43.271  88.222 0.1111110002
129283  -47.221  -26.599  64.236 0.7777780294
129302  -53.058  -12.846  49.918 0.7777780294
129378  -14.111  -44.710  93.224 0.5555559993
129956  -17.978  -43.670  87.045 0.6666669846
130063  -37.062  -44.928  83.132 0.1111110002
130702  -45.224  -13.903  53.203 0.1111110002
131890  -45.115  -9.334  52.093 0.1111110002
132491  -16.577  -43.400  94.284 0.3333329856
133805  -53.945  -16.782  56.443 0.7777780294
134256  -55.538  -23.919  69.768 0.3333329856
135100  -14.200  -44.201  93.260 0.5555559993
135188  -22.468  -42.460  84.728 0.7777780294
135327  -17.525  -42.803  94.107 0.5555559993
136853  -60.232  -11.236  55.727 0.1111110002
137244  -40.031  -30.159  66.439 0.1111110002
137491  -50.488  -24.902  60.279 0.6666669846
138108  -61.610  -4.785  45.636 0.6666669846
138209  -54.738  -15.281  56.206 0.7777780294
138242  -59.322  -8.268  53.611 0.6666669846
138379  -57.047  -23.227  52.547 0.1111110002
139726  -9.041  -42.827  90.078 0.1111110002
140295  -23.524  -41.709  84.576 0.7777780294
141053  -57.893  -13.858  57.314 0.6666669846
141580  -49.655  -10.959  47.178 0.2222220004
142805  -53.690  -18.755  50.398 0.1111110002
143308  -60.439  -18.768  63.839 0.3333329856
144866  -52.262  -19.493  57.427 0.7777780294
144906  -59.648  -12.292  50.108 0.1111110002
145138  -41.511  -39.944  84.261 0.6666669846
145598  -62.868  -2.541  48.733 0.3333329856
145633  -48.669  -20.679  55.587 0.7777780294
145761  -50.121  -26.111  66.696 0.7777780294
145772  -63.046  -2.482  46.856 0.4444440007
146048  -40.058  -46.858  85.725 0.1111110002
146078  -64.596  -3.862  44.321 0.1111110002
146098  -27.841  -37.275  87.740 1.0000000000
146263  -53.858  -23.342  70.181 0.3333329856
146701  -17.946  -43.899  85.011 0.5555559993
147052  -55.878  -19.819  60.349 0.5555559993
147061  -14.289  -44.335  91.607 0.6666669846
147204  -58.592  -9.196  54.933 0.6666669846
147440  -52.114  -24.810  61.183 0.7777780294
147629  -32.545  -39.981  90.914 0.3333329856
147646  -55.918  -22.643  52.163 0.1111110002
147686  -27.348  -36.974  91.472 0.6666669846
147853  -64.017  -2.640  42.906 0.1111110002
148146  -41.926  -15.848  55.604 0.1111110002
149008  -64.226  -3.615  41.380 0.2222220004
149590  -57.395  -17.450  50.328 0.1111110002
149591  -63.943  -3.663  41.289 0.2222220004
150197  -53.617  -19.402  50.450 0.1111110002
150480  -14.322  -46.142  92.627 0.5555559993
150961  -60.435  -13.319  59.235 0.4444440007
151690  -52.705  -12.447  48.212 0.6666669846
151893  -61.410  -32.411  54.052 0.1111110002
153083  -59.372  -15.292  55.989 0.1111110002
153341  -50.778  -22.845  52.457 0.1111110002
153413  -65.538  -17.382  46.911 0.1111110002
153416  -51.514  -3.217  44.206 0.1111110002
153430  -35.551  -40.308  81.795 1.0000000000
153641  -51.667  -27.106  62.847 0.8888890147
153669  -14.111  -46.577  86.311 0.6666669846
153964  -43.045  -39.220  85.923 0.1111110002
154123  -55.602  -16.714  57.601 0.7777780294
154144  -56.359  -27.002  50.403 0.1111110002
154704  -61.871  -21.040  54.447 0.1111110002
154947  -62.969  -11.051  47.864 0.1111110002
155075  -12.920  -47.919  87.514 0.7777780294
