
Sun Mar 15 10:15:59 CET 2026
cd /out/sourcedata/freesurfer/sub-v2s10x28980_ses-1
setenv SUBJECTS_DIR /out/sourcedata/freesurfer
/opt/freesurfer/bin/recon-all -autorecon-hemi rh -noparcstats -noparcstats2 -noparcstats3 -nohyporelabel -nobalabels -rh-only -openmp 16 -subjid sub-v2s10x28980_ses-1 -sd /out/sourcedata/freesurfer

subjid sub-v2s10x28980_ses-1
setenv SUBJECTS_DIR /out/sourcedata/freesurfer
FREESURFER_HOME /opt/freesurfer
Actual FREESURFER_HOME /opt/freesurfer
build-stamp.txt: freesurfer-linux-ubuntu22_x86_64-7.3.2-20220804-6354275
Linux dna054 5.14.0-427.37.1.el9_4.x86_64 #1 SMP PREEMPT_DYNAMIC Fri Sep 13 12:41:50 EDT 2024 x86_64 x86_64 x86_64 GNU/Linux
cputime      unlimited
filesize     unlimited
datasize     unlimited
stacksize    8192 kbytes
coredumpsize 0 kbytes
memoryuse    67108864 kbytes
vmemoryuse   unlimited
descriptors  1024 
memorylocked unlimited
maxproc      2061970 
maxlocks     unlimited
maxsignal    2061970 
maxmessage   819200 
maxnice      0 
maxrtprio    0 
maxrttime    unlimited

               total        used        free      shared  buff/cache   available
Mem:           503Gi        51Gi       416Gi        11Gi        35Gi       437Gi
Swap:             0B          0B          0B

########################################
program versions used
7.3.2 (freesurfer-linux-ubuntu22_x86_64-7.3.2-20220804-6354275)
7.3.2

ProgramName: lta_convert  ProgramArguments: lta_convert -all-info  ProgramVersion: 7.3.2  TimeStamp: 2026/03/15-09:15:59-GMT  BuildTime: Aug  4 2022 06:17:15  BuildStamp: freesurfer-linux-ubuntu22_x86_64-7.3.2-20220804-6354275  User: oesteban  Machine: dna054  Platform: Linux  PlatformVersion: 5.14.0-427.37.1.el9_4.x86_64  CompilerName: GCC  CompilerVersion: 8.4.0
ProgramName: mri_and  ProgramArguments: mri_and -all-info  ProgramVersion: 7.3.2  TimeStamp: 2026/03/15-09:15:59-GMT  BuildTime: Aug  4 2022 06:17:15  BuildStamp: freesurfer-linux-ubuntu22_x86_64-7.3.2-20220804-6354275  User: oesteban  Machine: dna054  Platform: Linux  PlatformVersion: 5.14.0-427.37.1.el9_4.x86_64  CompilerName: GCC  CompilerVersion: 8.4.0
ProgramName: mri_annotation2label  ProgramArguments: mri_annotation2label -all-info  ProgramVersion: 7.3.2  TimeStamp: 2026/03/15-09:15:59-GMT  BuildTime: Aug  4 2022 06:17:15  BuildStamp: freesurfer-linux-ubuntu22_x86_64-7.3.2-20220804-6354275  User: oesteban  Machine: dna054  Platform: Linux  PlatformVersion: 5.14.0-427.37.1.el9_4.x86_64  CompilerName: GCC  CompilerVersion: 8.4.0
ProgramName: mri_aparc2aseg  ProgramArguments: mri_aparc2aseg -all-info  ProgramVersion: 7.3.2  TimeStamp: 2026/03/15-09:15:59-GMT  BuildTime: Aug  4 2022 06:17:15  BuildStamp: freesurfer-linux-ubuntu22_x86_64-7.3.2-20220804-6354275  User: oesteban  Machine: dna054  Platform: Linux  PlatformVersion: 5.14.0-427.37.1.el9_4.x86_64  CompilerName: GCC  CompilerVersion: 8.4.0
ProgramName: mri_surf2volseg  ProgramArguments: mri_surf2volseg -all-info  ProgramVersion: 7.3.2  TimeStamp: 2026/03/15-09:15:59-GMT  BuildTime: Aug  4 2022 06:17:15  BuildStamp: freesurfer-linux-ubuntu22_x86_64-7.3.2-20220804-6354275  User: oesteban  Machine: dna054  Platform: Linux  PlatformVersion: 5.14.0-427.37.1.el9_4.x86_64  CompilerName: GCC  CompilerVersion: 8.4.0
ProgramName: mri_binarize  ProgramArguments: mri_binarize -all-info  ProgramVersion: 7.3.2  TimeStamp: 2026/03/15-09:15:59-GMT  BuildTime: Aug  4 2022 06:17:15  BuildStamp: freesurfer-linux-ubuntu22_x86_64-7.3.2-20220804-6354275  User: oesteban  Machine: dna054  Platform: Linux  PlatformVersion: 5.14.0-427.37.1.el9_4.x86_64  CompilerName: GCC  CompilerVersion: 8.4.0
ProgramName: mri_ca_label  ProgramArguments: mri_ca_label -all-info  ProgramVersion: 7.3.2  TimeStamp: 2026/03/15-09:15:59-GMT  BuildTime: Aug  4 2022 06:17:15  BuildStamp: freesurfer-linux-ubuntu22_x86_64-7.3.2-20220804-6354275  User: oesteban  Machine: dna054  Platform: Linux  PlatformVersion: 5.14.0-427.37.1.el9_4.x86_64  CompilerName: GCC  CompilerVersion: 8.4.0
ProgramName: mri_ca_normalize  ProgramArguments: mri_ca_normalize -all-info  ProgramVersion: 7.3.2  TimeStamp: 2026/03/15-09:15:59-GMT  BuildTime: Aug  4 2022 06:17:15  BuildStamp: freesurfer-linux-ubuntu22_x86_64-7.3.2-20220804-6354275  User: oesteban  Machine: dna054  Platform: Linux  PlatformVersion: 5.14.0-427.37.1.el9_4.x86_64  CompilerName: GCC  CompilerVersion: 8.4.0
ProgramName: mri_ca_register  ProgramArguments: mri_ca_register -all-info  ProgramVersion: 7.3.2  TimeStamp: 2026/03/15-09:15:59-GMT  BuildTime: Aug  4 2022 06:17:15  BuildStamp: freesurfer-linux-ubuntu22_x86_64-7.3.2-20220804-6354275  User: oesteban  Machine: dna054  Platform: Linux  PlatformVersion: 5.14.0-427.37.1.el9_4.x86_64  CompilerName: GCC  CompilerVersion: 8.4.0
ProgramName: mri_cc  ProgramArguments: mri_cc -all-info  ProgramVersion: 7.3.2  TimeStamp: 2026/03/15-09:15:59-GMT  BuildTime: Aug  4 2022 06:17:15  BuildStamp: freesurfer-linux-ubuntu22_x86_64-7.3.2-20220804-6354275  User: oesteban  Machine: dna054  Platform: Linux  PlatformVersion: 5.14.0-427.37.1.el9_4.x86_64  CompilerName: GCC  CompilerVersion: 8.4.0
ProgramName: mri_compute_overlap  ProgramArguments: mri_compute_overlap -all-info  ProgramVersion: 7.3.2  TimeStamp: 2026/03/15-09:15:59-GMT  BuildTime: Aug  4 2022 06:17:15  BuildStamp: freesurfer-linux-ubuntu22_x86_64-7.3.2-20220804-6354275  User: oesteban  Machine: dna054  Platform: Linux  PlatformVersion: 5.14.0-427.37.1.el9_4.x86_64  CompilerName: GCC  CompilerVersion: 8.4.0
ProgramName: mri_compute_seg_overlap  ProgramArguments: mri_compute_seg_overlap -all-info  ProgramVersion: 7.3.2  TimeStamp: 2026/03/15-09:15:59-GMT  BuildTime: Aug  4 2022 06:17:15  BuildStamp: freesurfer-linux-ubuntu22_x86_64-7.3.2-20220804-6354275  User: oesteban  Machine: dna054  Platform: Linux  PlatformVersion: 5.14.0-427.37.1.el9_4.x86_64  CompilerName: GCC  CompilerVersion: 8.4.0
ProgramName: mri_concat  ProgramArguments: mri_concat -all-info  ProgramVersion: 7.3.2  TimeStamp: 2026/03/15-09:15:59-GMT  BuildTime: Aug  4 2022 06:17:15  BuildStamp: freesurfer-linux-ubuntu22_x86_64-7.3.2-20220804-6354275  User: oesteban  Machine: dna054  Platform: Linux  PlatformVersion: 5.14.0-427.37.1.el9_4.x86_64  CompilerName: GCC  CompilerVersion: 8.4.0
ProgramName: mri_concatenate_lta  ProgramArguments: mri_concatenate_lta -all-info  ProgramVersion: 7.3.2  TimeStamp: 2026/03/15-09:15:59-GMT  BuildTime: Aug  4 2022 06:17:15  BuildStamp: freesurfer-linux-ubuntu22_x86_64-7.3.2-20220804-6354275  User: oesteban  Machine: dna054  Platform: Linux  PlatformVersion: 5.14.0-427.37.1.el9_4.x86_64  CompilerName: GCC  CompilerVersion: 8.4.0
mri_convert -all-info 
ProgramName: mri_convert  ProgramArguments: mri_convert -all-info  ProgramVersion: 7.3.2  TimeStamp: 2026/03/15-09:15:59-GMT  BuildTime: Aug  4 2022 06:17:15  BuildStamp: freesurfer-linux-ubuntu22_x86_64-7.3.2-20220804-6354275  User: oesteban  Machine: dna054  Platform: Linux  PlatformVersion: 5.14.0-427.37.1.el9_4.x86_64  CompilerName: GCC  CompilerVersion: 8.4.0
ProgramName: mri_diff  ProgramArguments: mri_diff -all-info  ProgramVersion: 7.3.2  TimeStamp: 2026/03/15-09:15:59-GMT  BuildTime: Aug  4 2022 06:17:15  BuildStamp: freesurfer-linux-ubuntu22_x86_64-7.3.2-20220804-6354275  User: oesteban  Machine: dna054  Platform: Linux  PlatformVersion: 5.14.0-427.37.1.el9_4.x86_64  CompilerName: GCC  CompilerVersion: 8.4.0
ProgramName: mri_edit_wm_with_aseg  ProgramArguments: mri_edit_wm_with_aseg -all-info  ProgramVersion: 7.3.2  TimeStamp: 2026/03/15-09:15:59-GMT  BuildTime: Aug  4 2022 06:17:15  BuildStamp: freesurfer-linux-ubuntu22_x86_64-7.3.2-20220804-6354275  User: oesteban  Machine: dna054  Platform: Linux  PlatformVersion: 5.14.0-427.37.1.el9_4.x86_64  CompilerName: GCC  CompilerVersion: 8.4.0
ProgramName: mri_em_register  ProgramArguments: mri_em_register -all-info  ProgramVersion: 7.3.2  TimeStamp: 2026/03/15-09:15:59-GMT  BuildTime: Aug  4 2022 06:17:15  BuildStamp: freesurfer-linux-ubuntu22_x86_64-7.3.2-20220804-6354275  User: oesteban  Machine: dna054  Platform: Linux  PlatformVersion: 5.14.0-427.37.1.el9_4.x86_64  CompilerName: GCC  CompilerVersion: 8.4.0
ProgramName: mri_fill  ProgramArguments: mri_fill -all-info  ProgramVersion: 7.3.2  TimeStamp: 2026/03/15-09:15:59-GMT  BuildTime: Aug  4 2022 06:17:15  BuildStamp: freesurfer-linux-ubuntu22_x86_64-7.3.2-20220804-6354275  User: oesteban  Machine: dna054  Platform: Linux  PlatformVersion: 5.14.0-427.37.1.el9_4.x86_64  CompilerName: GCC  CompilerVersion: 8.4.0
ProgramName: mri_fuse_segmentations  ProgramArguments: mri_fuse_segmentations -all-info  ProgramVersion: 7.3.2  TimeStamp: 2026/03/15-09:15:59-GMT  BuildTime: Aug  4 2022 06:17:15  BuildStamp: freesurfer-linux-ubuntu22_x86_64-7.3.2-20220804-6354275  User: oesteban  Machine: dna054  Platform: Linux  PlatformVersion: 5.14.0-427.37.1.el9_4.x86_64  CompilerName: GCC  CompilerVersion: 8.4.0
ProgramName: mri_fwhm  ProgramArguments: mri_fwhm -all-info  ProgramVersion: 7.3.2  TimeStamp: 2026/03/15-09:15:59-GMT  BuildTime: Aug  4 2022 06:17:15  BuildStamp: freesurfer-linux-ubuntu22_x86_64-7.3.2-20220804-6354275  User: oesteban  Machine: dna054  Platform: Linux  PlatformVersion: 5.14.0-427.37.1.el9_4.x86_64  CompilerName: GCC  CompilerVersion: 8.4.0
ProgramName: mri_gcut  ProgramArguments: mri_gcut -all-info  ProgramVersion: 7.3.2  TimeStamp: 2026/03/15-09:15:59-GMT  BuildTime: Aug  4 2022 06:17:15  BuildStamp: freesurfer-linux-ubuntu22_x86_64-7.3.2-20220804-6354275  User: oesteban  Machine: dna054  Platform: Linux  PlatformVersion: 5.14.0-427.37.1.el9_4.x86_64  CompilerName: GCC  CompilerVersion: 8.4.0
ProgramName: mri_info  ProgramArguments: mri_info -all-info  ProgramVersion: 7.3.2  TimeStamp: 2026/03/15-09:15:59-GMT  BuildTime: Aug  4 2022 06:17:15  BuildStamp: freesurfer-linux-ubuntu22_x86_64-7.3.2-20220804-6354275  User: oesteban  Machine: dna054  Platform: Linux  PlatformVersion: 5.14.0-427.37.1.el9_4.x86_64  CompilerName: GCC  CompilerVersion: 8.4.0
ProgramName: mri_label2label  ProgramArguments: mri_label2label -all-info  ProgramVersion: 7.3.2  TimeStamp: 2026/03/15-09:15:59-GMT  BuildTime: Aug  4 2022 06:17:15  BuildStamp: freesurfer-linux-ubuntu22_x86_64-7.3.2-20220804-6354275  User: oesteban  Machine: dna054  Platform: Linux  PlatformVersion: 5.14.0-427.37.1.el9_4.x86_64  CompilerName: GCC  CompilerVersion: 8.4.0
ProgramName: mri_label2vol  ProgramArguments: mri_label2vol -all-info  ProgramVersion: 7.3.2  TimeStamp: 2026/03/15-09:15:59-GMT  BuildTime: Aug  4 2022 06:17:15  BuildStamp: freesurfer-linux-ubuntu22_x86_64-7.3.2-20220804-6354275  User: oesteban  Machine: dna054  Platform: Linux  PlatformVersion: 5.14.0-427.37.1.el9_4.x86_64  CompilerName: GCC  CompilerVersion: 8.4.0
ProgramName: mri_log_likelihood  ProgramArguments: mri_log_likelihood -all-info  ProgramVersion: 7.3.2  TimeStamp: 2026/03/15-09:15:59-GMT  BuildTime: Aug  4 2022 06:17:15  BuildStamp: freesurfer-linux-ubuntu22_x86_64-7.3.2-20220804-6354275  User: oesteban  Machine: dna054  Platform: Linux  PlatformVersion: 5.14.0-427.37.1.el9_4.x86_64  CompilerName: GCC  CompilerVersion: 8.4.0
ProgramName: mri_mask  ProgramArguments: mri_mask -all-info  ProgramVersion: 7.3.2  TimeStamp: 2026/03/15-09:15:59-GMT  BuildTime: Aug  4 2022 06:17:15  BuildStamp: freesurfer-linux-ubuntu22_x86_64-7.3.2-20220804-6354275  User: oesteban  Machine: dna054  Platform: Linux  PlatformVersion: 5.14.0-427.37.1.el9_4.x86_64  CompilerName: GCC  CompilerVersion: 8.4.0
ProgramName: mri_matrix_multiply  ProgramArguments: mri_matrix_multiply -all-info  ProgramVersion: 7.3.2  TimeStamp: 2026/03/15-09:15:59-GMT  BuildTime: Aug  4 2022 06:17:15  BuildStamp: freesurfer-linux-ubuntu22_x86_64-7.3.2-20220804-6354275  User: oesteban  Machine: dna054  Platform: Linux  PlatformVersion: 5.14.0-427.37.1.el9_4.x86_64  CompilerName: GCC  CompilerVersion: 8.4.0
ProgramName: mri_normalize  ProgramArguments: mri_normalize -all-info  ProgramVersion: 7.3.2  TimeStamp: 2026/03/15-09:15:59-GMT  BuildTime: Aug  4 2022 06:17:15  BuildStamp: freesurfer-linux-ubuntu22_x86_64-7.3.2-20220804-6354275  User: oesteban  Machine: dna054  Platform: Linux  PlatformVersion: 5.14.0-427.37.1.el9_4.x86_64  CompilerName: GCC  CompilerVersion: 8.4.0
ProgramName: mri_normalize_tp2  ProgramArguments: mri_normalize_tp2 -all-info  ProgramVersion: 7.3.2  TimeStamp: 2026/03/15-09:15:59-GMT  BuildTime: Aug  4 2022 06:17:15  BuildStamp: freesurfer-linux-ubuntu22_x86_64-7.3.2-20220804-6354275  User: oesteban  Machine: dna054  Platform: Linux  PlatformVersion: 5.14.0-427.37.1.el9_4.x86_64  CompilerName: GCC  CompilerVersion: 8.4.0
ProgramName: mri_or  ProgramArguments: mri_or -all-info  ProgramVersion: 7.3.2  TimeStamp: 2026/03/15-09:15:59-GMT  BuildTime: Aug  4 2022 06:17:15  BuildStamp: freesurfer-linux-ubuntu22_x86_64-7.3.2-20220804-6354275  User: oesteban  Machine: dna054  Platform: Linux  PlatformVersion: 5.14.0-427.37.1.el9_4.x86_64  CompilerName: GCC  CompilerVersion: 8.4.0
ProgramName: mri_relabel_hypointensities  ProgramArguments: mri_relabel_hypointensities -all-info  ProgramVersion: 7.3.2  TimeStamp: 2026/03/15-09:15:59-GMT  BuildTime: Aug  4 2022 06:17:15  BuildStamp: freesurfer-linux-ubuntu22_x86_64-7.3.2-20220804-6354275  User: oesteban  Machine: dna054  Platform: Linux  PlatformVersion: 5.14.0-427.37.1.el9_4.x86_64  CompilerName: GCC  CompilerVersion: 8.4.0
ProgramName: mri_relabel_nonwm_hypos  ProgramArguments: mri_relabel_nonwm_hypos -all-info  ProgramVersion: 7.3.2  TimeStamp: 2026/03/15-09:15:59-GMT  BuildTime: Aug  4 2022 06:17:15  BuildStamp: freesurfer-linux-ubuntu22_x86_64-7.3.2-20220804-6354275  User: oesteban  Machine: dna054  Platform: Linux  PlatformVersion: 5.14.0-427.37.1.el9_4.x86_64  CompilerName: GCC  CompilerVersion: 8.4.0
ProgramName: mri_remove_neck  ProgramArguments: mri_remove_neck -all-info  ProgramVersion: 7.3.2  TimeStamp: 2026/03/15-09:15:59-GMT  BuildTime: Aug  4 2022 06:17:15  BuildStamp: freesurfer-linux-ubuntu22_x86_64-7.3.2-20220804-6354275  User: oesteban  Machine: dna054  Platform: Linux  PlatformVersion: 5.14.0-427.37.1.el9_4.x86_64  CompilerName: GCC  CompilerVersion: 8.4.0
7.3.2

ProgramName: mri_robust_register  ProgramArguments: mri_robust_register -all-info  ProgramVersion: 7.3.2  TimeStamp: 2026/03/15-09:15:59-GMT  BuildTime: Aug  4 2022 06:17:15  BuildStamp: freesurfer-linux-ubuntu22_x86_64-7.3.2-20220804-6354275  User: oesteban  Machine: dna054  Platform: Linux  PlatformVersion: 5.14.0-427.37.1.el9_4.x86_64  CompilerName: GCC  CompilerVersion: 8.4.0
7.3.2

ProgramName: mri_robust_template  ProgramArguments: mri_robust_template -all-info  ProgramVersion: 7.3.2  TimeStamp: 2026/03/15-09:15:59-GMT  BuildTime: Aug  4 2022 06:17:15  BuildStamp: freesurfer-linux-ubuntu22_x86_64-7.3.2-20220804-6354275  User: oesteban  Machine: dna054  Platform: Linux  PlatformVersion: 5.14.0-427.37.1.el9_4.x86_64  CompilerName: GCC  CompilerVersion: 8.4.0
ProgramName: mris_anatomical_stats  ProgramArguments: mris_anatomical_stats -all-info  ProgramVersion: 7.3.2  TimeStamp: 2026/03/15-09:15:59-GMT  BuildTime: Aug  4 2022 06:17:15  BuildStamp: freesurfer-linux-ubuntu22_x86_64-7.3.2-20220804-6354275  User: oesteban  Machine: dna054  Platform: Linux  PlatformVersion: 5.14.0-427.37.1.el9_4.x86_64  CompilerName: GCC  CompilerVersion: 8.4.0
ProgramName: mris_ca_label  ProgramArguments: mris_ca_label -all-info  ProgramVersion: 7.3.2  TimeStamp: 2026/03/15-09:15:59-GMT  BuildTime: Aug  4 2022 06:17:15  BuildStamp: freesurfer-linux-ubuntu22_x86_64-7.3.2-20220804-6354275  User: oesteban  Machine: dna054  Platform: Linux  PlatformVersion: 5.14.0-427.37.1.el9_4.x86_64  CompilerName: GCC  CompilerVersion: 8.4.0
ProgramName: mris_calc  ProgramArguments: mris_calc -all-info  ProgramVersion: 7.3.2  TimeStamp: 2026/03/15-09:15:59-GMT  BuildTime: Aug  4 2022 06:17:15  BuildStamp: freesurfer-linux-ubuntu22_x86_64-7.3.2-20220804-6354275  User: oesteban  Machine: dna054  Platform: Linux  PlatformVersion: 5.14.0-427.37.1.el9_4.x86_64  CompilerName: GCC  CompilerVersion: 8.4.0
ProgramName: mris_convert  ProgramArguments: mris_convert -all-info  ProgramVersion: 7.3.2  TimeStamp: 2026/03/15-09:15:59-GMT  BuildTime: Aug  4 2022 06:17:15  BuildStamp: freesurfer-linux-ubuntu22_x86_64-7.3.2-20220804-6354275  User: oesteban  Machine: dna054  Platform: Linux  PlatformVersion: 5.14.0-427.37.1.el9_4.x86_64  CompilerName: GCC  CompilerVersion: 8.4.0
ProgramName: mris_curvature  ProgramArguments: mris_curvature -all-info  ProgramVersion: 7.3.2  TimeStamp: 2026/03/15-09:15:59-GMT  BuildTime: Aug  4 2022 06:17:15  BuildStamp: freesurfer-linux-ubuntu22_x86_64-7.3.2-20220804-6354275  User: oesteban  Machine: dna054  Platform: Linux  PlatformVersion: 5.14.0-427.37.1.el9_4.x86_64  CompilerName: GCC  CompilerVersion: 8.4.0
ProgramName: mris_curvature_stats  ProgramArguments: mris_curvature_stats -all-info  ProgramVersion: 7.3.2  TimeStamp: 2026/03/15-09:15:59-GMT  BuildTime: Aug  4 2022 06:17:15  BuildStamp: freesurfer-linux-ubuntu22_x86_64-7.3.2-20220804-6354275  User: oesteban  Machine: dna054  Platform: Linux  PlatformVersion: 5.14.0-427.37.1.el9_4.x86_64  CompilerName: GCC  CompilerVersion: 8.4.0
ProgramName: mris_diff  ProgramArguments: mris_diff -all-info  ProgramVersion: 7.3.2  TimeStamp: 2026/03/15-09:15:59-GMT  BuildTime: Aug  4 2022 06:17:15  BuildStamp: freesurfer-linux-ubuntu22_x86_64-7.3.2-20220804-6354275  User: oesteban  Machine: dna054  Platform: Linux  PlatformVersion: 5.14.0-427.37.1.el9_4.x86_64  CompilerName: GCC  CompilerVersion: 8.4.0
ProgramName: mris_divide_parcellation  ProgramArguments: mris_divide_parcellation -all-info  ProgramVersion: 7.3.2  TimeStamp: 2026/03/15-09:15:59-GMT  BuildTime: Aug  4 2022 06:17:15  BuildStamp: freesurfer-linux-ubuntu22_x86_64-7.3.2-20220804-6354275  User: oesteban  Machine: dna054  Platform: Linux  PlatformVersion: 5.14.0-427.37.1.el9_4.x86_64  CompilerName: GCC  CompilerVersion: 8.4.0
ProgramName: mri_segment  ProgramArguments: mri_segment -all-info  ProgramVersion: 7.3.2  TimeStamp: 2026/03/15-09:15:59-GMT  BuildTime: Aug  4 2022 06:17:15  BuildStamp: freesurfer-linux-ubuntu22_x86_64-7.3.2-20220804-6354275  User: oesteban  Machine: dna054  Platform: Linux  PlatformVersion: 5.14.0-427.37.1.el9_4.x86_64  CompilerName: GCC  CompilerVersion: 8.4.0
ProgramName: mri_segstats  ProgramArguments: mri_segstats -all-info  ProgramVersion: 7.3.2  TimeStamp: 2026/03/15-09:15:59-GMT  BuildTime: Aug  4 2022 06:17:15  BuildStamp: freesurfer-linux-ubuntu22_x86_64-7.3.2-20220804-6354275  User: oesteban  Machine: dna054  Platform: Linux  PlatformVersion: 5.14.0-427.37.1.el9_4.x86_64  CompilerName: GCC  CompilerVersion: 8.4.0
ProgramName: mris_euler_number  ProgramArguments: mris_euler_number -all-info  ProgramVersion: 7.3.2  TimeStamp: 2026/03/15-09:15:59-GMT  BuildTime: Aug  4 2022 06:17:15  BuildStamp: freesurfer-linux-ubuntu22_x86_64-7.3.2-20220804-6354275  User: oesteban  Machine: dna054  Platform: Linux  PlatformVersion: 5.14.0-427.37.1.el9_4.x86_64  CompilerName: GCC  CompilerVersion: 8.4.0
ProgramName: mris_fix_topology  ProgramArguments: mris_fix_topology -all-info  ProgramVersion: 7.3.2  TimeStamp: 2026/03/15-09:15:59-GMT  BuildTime: Aug  4 2022 06:17:15  BuildStamp: freesurfer-linux-ubuntu22_x86_64-7.3.2-20220804-6354275  User: oesteban  Machine: dna054  Platform: Linux  PlatformVersion: 5.14.0-427.37.1.el9_4.x86_64  CompilerName: GCC  CompilerVersion: 8.4.0
ProgramName: mris_topo_fixer  ProgramArguments: mris_topo_fixer -all-info  ProgramVersion: 7.3.2  TimeStamp: 2026/03/15-09:15:59-GMT  BuildTime: Aug  4 2022 06:17:15  BuildStamp: freesurfer-linux-ubuntu22_x86_64-7.3.2-20220804-6354275  User: oesteban  Machine: dna054  Platform: Linux  PlatformVersion: 5.14.0-427.37.1.el9_4.x86_64  CompilerName: GCC  CompilerVersion: 8.4.0
ProgramName: mris_jacobian  ProgramArguments: mris_jacobian -all-info  ProgramVersion: 7.3.2  TimeStamp: 2026/03/15-09:15:59-GMT  BuildTime: Aug  4 2022 06:17:15  BuildStamp: freesurfer-linux-ubuntu22_x86_64-7.3.2-20220804-6354275  User: oesteban  Machine: dna054  Platform: Linux  PlatformVersion: 5.14.0-427.37.1.el9_4.x86_64  CompilerName: GCC  CompilerVersion: 8.4.0
ProgramName: mris_label2annot  ProgramArguments: mris_label2annot -all-info  ProgramVersion: 7.3.2  TimeStamp: 2026/03/15-09:15:59-GMT  BuildTime: Aug  4 2022 06:17:15  BuildStamp: freesurfer-linux-ubuntu22_x86_64-7.3.2-20220804-6354275  User: oesteban  Machine: dna054  Platform: Linux  PlatformVersion: 5.14.0-427.37.1.el9_4.x86_64  CompilerName: GCC  CompilerVersion: 8.4.0
ProgramName: mris_left_right_register  ProgramArguments: mris_left_right_register -all-info  ProgramVersion: 7.3.2  TimeStamp: 2026/03/15-09:15:59-GMT  BuildTime: Aug  4 2022 06:17:15  BuildStamp: freesurfer-linux-ubuntu22_x86_64-7.3.2-20220804-6354275  User: oesteban  Machine: dna054  Platform: Linux  PlatformVersion: 5.14.0-427.37.1.el9_4.x86_64  CompilerName: GCC  CompilerVersion: 8.4.0
ProgramName: mris_place_surface  ProgramArguments: mris_place_surface -all-info  ProgramVersion: 7.3.2  TimeStamp: 2026/03/15-09:15:59-GMT  BuildTime: Aug  4 2022 06:17:15  BuildStamp: freesurfer-linux-ubuntu22_x86_64-7.3.2-20220804-6354275  User: oesteban  Machine: dna054  Platform: Linux  PlatformVersion: 5.14.0-427.37.1.el9_4.x86_64  CompilerName: GCC  CompilerVersion: 8.4.0
ProgramName: mrisp_paint  ProgramArguments: mrisp_paint -all-info  ProgramVersion: 7.3.2  TimeStamp: 2026/03/15-09:15:59-GMT  BuildTime: Aug  4 2022 06:17:15  BuildStamp: freesurfer-linux-ubuntu22_x86_64-7.3.2-20220804-6354275  User: oesteban  Machine: dna054  Platform: Linux  PlatformVersion: 5.14.0-427.37.1.el9_4.x86_64  CompilerName: GCC  CompilerVersion: 8.4.0
ProgramName: mris_register  ProgramArguments: mris_register -all-info  ProgramVersion: 7.3.2  TimeStamp: 2026/03/15-09:15:59-GMT  BuildTime: Aug  4 2022 06:17:15  BuildStamp: freesurfer-linux-ubuntu22_x86_64-7.3.2-20220804-6354275  User: oesteban  Machine: dna054  Platform: Linux  PlatformVersion: 5.14.0-427.37.1.el9_4.x86_64  CompilerName: GCC  CompilerVersion: 8.4.0
ProgramName: mris_smooth  ProgramArguments: mris_smooth -all-info  ProgramVersion: 7.3.2  TimeStamp: 2026/03/15-09:15:59-GMT  BuildTime: Aug  4 2022 06:17:15  BuildStamp: freesurfer-linux-ubuntu22_x86_64-7.3.2-20220804-6354275  User: oesteban  Machine: dna054  Platform: Linux  PlatformVersion: 5.14.0-427.37.1.el9_4.x86_64  CompilerName: GCC  CompilerVersion: 8.4.0
ProgramName: mris_sphere  ProgramArguments: mris_sphere -all-info  ProgramVersion: 7.3.2  TimeStamp: 2026/03/15-09:15:59-GMT  BuildTime: Aug  4 2022 06:17:15  BuildStamp: freesurfer-linux-ubuntu22_x86_64-7.3.2-20220804-6354275  User: oesteban  Machine: dna054  Platform: Linux  PlatformVersion: 5.14.0-427.37.1.el9_4.x86_64  CompilerName: GCC  CompilerVersion: 8.4.0
ProgramName: mris_surface_stats  ProgramArguments: mris_surface_stats -all-info  ProgramVersion: 7.3.2  TimeStamp: 2026/03/15-09:15:59-GMT  BuildTime: Aug  4 2022 06:17:15  BuildStamp: freesurfer-linux-ubuntu22_x86_64-7.3.2-20220804-6354275  User: oesteban  Machine: dna054  Platform: Linux  PlatformVersion: 5.14.0-427.37.1.el9_4.x86_64  CompilerName: GCC  CompilerVersion: 8.4.0
ProgramName: mri_stats2seg  ProgramArguments: mri_stats2seg -all-info  ProgramVersion: 7.3.2  TimeStamp: 2026/03/15-09:15:59-GMT  BuildTime: Aug  4 2022 06:17:15  BuildStamp: freesurfer-linux-ubuntu22_x86_64-7.3.2-20220804-6354275  User: oesteban  Machine: dna054  Platform: Linux  PlatformVersion: 5.14.0-427.37.1.el9_4.x86_64  CompilerName: GCC  CompilerVersion: 8.4.0
ProgramName: mris_thickness  ProgramArguments: mris_thickness -all-info  ProgramVersion: 7.3.2  TimeStamp: 2026/03/15-09:15:59-GMT  BuildTime: Aug  4 2022 06:17:15  BuildStamp: freesurfer-linux-ubuntu22_x86_64-7.3.2-20220804-6354275  User: oesteban  Machine: dna054  Platform: Linux  PlatformVersion: 5.14.0-427.37.1.el9_4.x86_64  CompilerName: GCC  CompilerVersion: 8.4.0
ProgramName: mris_thickness_diff  ProgramArguments: mris_thickness_diff -all-info  ProgramVersion: 7.3.2  TimeStamp: 2026/03/15-09:15:59-GMT  BuildTime: Aug  4 2022 06:17:15  BuildStamp: freesurfer-linux-ubuntu22_x86_64-7.3.2-20220804-6354275  User: oesteban  Machine: dna054  Platform: Linux  PlatformVersion: 5.14.0-427.37.1.el9_4.x86_64  CompilerName: GCC  CompilerVersion: 8.4.0
ProgramName: mris_topo_fixer  ProgramArguments: mris_topo_fixer -all-info  ProgramVersion: 7.3.2  TimeStamp: 2026/03/15-09:15:59-GMT  BuildTime: Aug  4 2022 06:17:15  BuildStamp: freesurfer-linux-ubuntu22_x86_64-7.3.2-20220804-6354275  User: oesteban  Machine: dna054  Platform: Linux  PlatformVersion: 5.14.0-427.37.1.el9_4.x86_64  CompilerName: GCC  CompilerVersion: 8.4.0
ProgramName: mri_surf2surf  ProgramArguments: mri_surf2surf -all-info  ProgramVersion: 7.3.2  TimeStamp: 2026/03/15-09:15:59-GMT  BuildTime: Aug  4 2022 06:17:15  BuildStamp: freesurfer-linux-ubuntu22_x86_64-7.3.2-20220804-6354275  User: oesteban  Machine: dna054  Platform: Linux  PlatformVersion: 5.14.0-427.37.1.el9_4.x86_64  CompilerName: GCC  CompilerVersion: 8.4.0
ProgramName: mri_surf2vol  ProgramArguments: mri_surf2vol -all-info  ProgramVersion: 7.3.2  TimeStamp: 2026/03/15-09:15:59-GMT  BuildTime: Aug  4 2022 06:17:15  BuildStamp: freesurfer-linux-ubuntu22_x86_64-7.3.2-20220804-6354275  User: oesteban  Machine: dna054  Platform: Linux  PlatformVersion: 5.14.0-427.37.1.el9_4.x86_64  CompilerName: GCC  CompilerVersion: 8.4.0
ProgramName: mri_surfcluster  ProgramArguments: mri_surfcluster -all-info  ProgramVersion: 7.3.2  TimeStamp: 2026/03/15-09:15:59-GMT  BuildTime: Aug  4 2022 06:17:15  BuildStamp: freesurfer-linux-ubuntu22_x86_64-7.3.2-20220804-6354275  User: oesteban  Machine: dna054  Platform: Linux  PlatformVersion: 5.14.0-427.37.1.el9_4.x86_64  CompilerName: GCC  CompilerVersion: 8.4.0
ProgramName: mris_volmask  ProgramArguments: mris_volmask -all-info  ProgramVersion: 7.3.2  TimeStamp: 2026/03/15-09:15:59-GMT  BuildTime: Aug  4 2022 06:17:15  BuildStamp: freesurfer-linux-ubuntu22_x86_64-7.3.2-20220804-6354275  User: oesteban  Machine: dna054  Platform: Linux  PlatformVersion: 5.14.0-427.37.1.el9_4.x86_64  CompilerName: GCC  CompilerVersion: 8.4.0
ProgramName: mri_tessellate  ProgramArguments: mri_tessellate -all-info  ProgramVersion: 7.3.2  TimeStamp: 2026/03/15-09:15:59-GMT  BuildTime: Aug  4 2022 06:17:15  BuildStamp: freesurfer-linux-ubuntu22_x86_64-7.3.2-20220804-6354275  User: oesteban  Machine: dna054  Platform: Linux  PlatformVersion: 5.14.0-427.37.1.el9_4.x86_64  CompilerName: GCC  CompilerVersion: 8.4.0
ProgramName: mri_vol2surf  ProgramArguments: mri_vol2surf -all-info  ProgramVersion: 7.3.2  TimeStamp: 2026/03/15-09:15:59-GMT  BuildTime: Aug  4 2022 06:17:15  BuildStamp: freesurfer-linux-ubuntu22_x86_64-7.3.2-20220804-6354275  User: oesteban  Machine: dna054  Platform: Linux  PlatformVersion: 5.14.0-427.37.1.el9_4.x86_64  CompilerName: GCC  CompilerVersion: 8.4.0
ProgramName: mri_vol2vol  ProgramArguments: mri_vol2vol -all-info  ProgramVersion: 7.3.2  TimeStamp: 2026/03/15-09:15:59-GMT  BuildTime: Aug  4 2022 06:17:15  BuildStamp: freesurfer-linux-ubuntu22_x86_64-7.3.2-20220804-6354275  User: oesteban  Machine: dna054  Platform: Linux  PlatformVersion: 5.14.0-427.37.1.el9_4.x86_64  CompilerName: GCC  CompilerVersion: 8.4.0
ProgramName: mri_voldiff  ProgramArguments: mri_voldiff -all-info  ProgramVersion: 7.3.2  TimeStamp: 2026/03/15-09:15:59-GMT  BuildTime: Aug  4 2022 06:17:15  BuildStamp: freesurfer-linux-ubuntu22_x86_64-7.3.2-20220804-6354275  User: oesteban  Machine: dna054  Platform: Linux  PlatformVersion: 5.14.0-427.37.1.el9_4.x86_64  CompilerName: GCC  CompilerVersion: 8.4.0
ProgramName: mri_watershed  ProgramArguments: mri_watershed -all-info  ProgramVersion: 7.3.2  TimeStamp: 2026/03/15-09:15:59-GMT  BuildTime: Aug  4 2022 06:17:15  BuildStamp: freesurfer-linux-ubuntu22_x86_64-7.3.2-20220804-6354275  User: oesteban  Machine: dna054  Platform: Linux  PlatformVersion: 5.14.0-427.37.1.el9_4.x86_64  CompilerName: GCC  CompilerVersion: 8.4.0
ProgramName: tkregister2  ProgramArguments: tkregister2_cmdl -all-info  ProgramVersion: 7.3.2  TimeStamp: 2026/03/15-09:15:59-GMT  BuildTime: Aug  4 2022 06:17:15  BuildStamp: freesurfer-linux-ubuntu22_x86_64-7.3.2-20220804-6354275  User: oesteban  Machine: dna054  Platform: Linux  PlatformVersion: 5.14.0-427.37.1.el9_4.x86_64  CompilerName: GCC  CompilerVersion: 8.4.0
mri_motion_correct.fsl 7.3.2
mri_convert -all-info 
ProgramName: mri_convert  ProgramArguments: mri_convert -all-info  ProgramVersion: 7.3.2  TimeStamp: 2026/03/15-09:15:59-GMT  BuildTime: Aug  4 2022 06:17:15  BuildStamp: freesurfer-linux-ubuntu22_x86_64-7.3.2-20220804-6354275  User: oesteban  Machine: dna054  Platform: Linux  PlatformVersion: 5.14.0-427.37.1.el9_4.x86_64  CompilerName: GCC  CompilerVersion: 8.4.0
Program nu_correct, built from:
Package MNI N3, version 1.12.0, compiled by nicks@terrier (x86_64-unknown-linux-gnu) on 2015-06-19 at 01:25:34
#######################################
GCADIR /opt/freesurfer/average
GCA RB_all_2020-01-02.gca
GCASkull RB_all_withskull_2020_01_02.gca
AvgCurvTif folding.atlas.acfb40.noaparc.i12.2016-08-02.tif
GCSDIR /opt/freesurfer/average
GCS DKaparc.atlas.acfb40.noaparc.i12.2016-08-02.gcs
#######################################
#--------------------------------------------
#@# Tessellate rh Sun Mar 15 10:15:59 CET 2026
/out/sourcedata/freesurfer/sub-v2s10x28980_ses-1/scripts

 mri_pretess ../mri/filled.mgz 127 ../mri/norm.mgz ../mri/filled-pretess127.mgz 


Iteration Number : 1
pass   1 (xy+):   0 found -   0 modified     |    TOTAL:   0
pass   1 (xy-):   0 found -   0 modified     |    TOTAL:   0
pass   1 (yz+):   4 found -   4 modified     |    TOTAL:   4
pass   2 (yz+):   0 found -   4 modified     |    TOTAL:   4
pass   1 (yz-):   3 found -   3 modified     |    TOTAL:   7
pass   2 (yz-):   0 found -   3 modified     |    TOTAL:   7
pass   1 (xz+):   0 found -   0 modified     |    TOTAL:   7
pass   1 (xz-):   0 found -   0 modified     |    TOTAL:   7
Iteration Number : 1
pass   1 (+++):   0 found -   0 modified     |    TOTAL:   0
pass   1 (+++):   0 found -   0 modified     |    TOTAL:   0
pass   1 (+++):   0 found -   0 modified     |    TOTAL:   0
pass   1 (+++):   0 found -   0 modified     |    TOTAL:   0
Iteration Number : 1
pass   1 (++):   0 found -   0 modified     |    TOTAL:   0
pass   1 (+-):   0 found -   0 modified     |    TOTAL:   0
pass   1 (--):   0 found -   0 modified     |    TOTAL:   0
pass   1 (-+):   0 found -   0 modified     |    TOTAL:   0
Iteration Number : 2
pass   1 (xy+):   0 found -   0 modified     |    TOTAL:   0
pass   1 (xy-):   0 found -   0 modified     |    TOTAL:   0
pass   1 (yz+):   0 found -   0 modified     |    TOTAL:   0
pass   1 (yz-):   0 found -   0 modified     |    TOTAL:   0
pass   1 (xz+):   0 found -   0 modified     |    TOTAL:   0
pass   1 (xz-):   0 found -   0 modified     |    TOTAL:   0
Iteration Number : 2
pass   1 (+++):   0 found -   0 modified     |    TOTAL:   0
pass   1 (+++):   0 found -   0 modified     |    TOTAL:   0
pass   1 (+++):   0 found -   0 modified     |    TOTAL:   0
pass   1 (+++):   0 found -   0 modified     |    TOTAL:   0
Iteration Number : 2
pass   1 (++):   0 found -   0 modified     |    TOTAL:   0
pass   1 (+-):   0 found -   0 modified     |    TOTAL:   0
pass   1 (--):   0 found -   0 modified     |    TOTAL:   0
pass   1 (-+):   0 found -   0 modified     |    TOTAL:   0

Total Number of Modified Voxels = 7 (out of 203318: 0.003443)
Ambiguous edge configurations... 

mri_pretess done


 mri_tessellate ../mri/filled-pretess127.mgz 127 ../surf/rh.orig.nofix 

7.3.2
  7.3.2
slice 50: 259 vertices, 293 faces
slice 60: 4031 vertices, 4191 faces
slice 70: 10912 vertices, 11192 faces
slice 80: 20095 vertices, 20425 faces
slice 90: 30129 vertices, 30460 faces
slice 100: 40399 vertices, 40737 faces
slice 110: 51987 vertices, 52373 faces
slice 120: 63541 vertices, 63932 faces
slice 130: 74865 vertices, 75261 faces
slice 140: 85216 vertices, 85552 faces
slice 150: 93476 vertices, 93749 faces
slice 160: 100617 vertices, 100886 faces
slice 170: 106696 vertices, 106902 faces
slice 180: 111433 vertices, 111607 faces
slice 190: 114598 vertices, 114677 faces
slice 200: 114778 vertices, 114800 faces
slice 210: 114778 vertices, 114800 faces
slice 220: 114778 vertices, 114800 faces
slice 230: 114778 vertices, 114800 faces
slice 240: 114778 vertices, 114800 faces
slice 250: 114778 vertices, 114800 faces
using the conformed surface RAS to save vertex points...
writing ../surf/rh.orig.nofix
using vox2ras matrix:
-1.00000   0.00000   0.00000   128.00000;
 0.00000   0.00000   1.00000  -128.00000;
 0.00000  -1.00000   0.00000   128.00000;
 0.00000   0.00000   0.00000   1.00000;

 rm -f ../mri/filled-pretess127.mgz 


 mris_extract_main_component ../surf/rh.orig.nofix ../surf/rh.orig.nofix 


counting number of connected components...
   114778 voxel in cpt #1: X=-22 [v=114778,e=344400,f=229600] located at (29.527227, -13.104776, 39.579346)
For the whole surface: X=-22 [v=114778,e=344400,f=229600]
One single component has been found
nothing to do
done

#--------------------------------------------
#@# Smooth1 rh Sun Mar 15 10:16:02 CET 2026
/out/sourcedata/freesurfer/sub-v2s10x28980_ses-1/scripts

 mris_smooth -nw -seed 1234 ../surf/rh.orig.nofix ../surf/rh.smoothwm.nofix 

setting seed for random number generator to 1234
smoothing surface tessellation for 10 iterations...
smoothing complete - recomputing first and second fundamental forms...
#--------------------------------------------
#@# Inflation1 rh Sun Mar 15 10:16:04 CET 2026
/out/sourcedata/freesurfer/sub-v2s10x28980_ses-1/scripts

 mris_inflate -no-save-sulc ../surf/rh.smoothwm.nofix ../surf/rh.inflated.nofix 

Not saving sulc
Reading ../surf/rh.smoothwm.nofix
avg radius = 42.0 mm, total surface area = 61897 mm^2
step 000: RMS=0.149 (target=0.015)   step 005: RMS=0.112 (target=0.015)   step 010: RMS=0.081 (target=0.015)   step 015: RMS=0.066 (target=0.015)   step 020: RMS=0.057 (target=0.015)   step 025: RMS=0.050 (target=0.015)   step 030: RMS=0.044 (target=0.015)   step 035: RMS=0.040 (target=0.015)   step 040: RMS=0.037 (target=0.015)   step 045: RMS=0.034 (target=0.015)   step 050: RMS=0.034 (target=0.015)   step 055: RMS=0.033 (target=0.015)   step 060: RMS=0.032 (target=0.015)   writing inflated surface to ../surf/rh.inflated.nofix
inflation took 0.2 minutes

inflation complete.
Not saving sulc
mris_inflate utimesec    48.223477
mris_inflate stimesec    1.280070
mris_inflate ru_maxrss   183496
mris_inflate ru_ixrss    0
mris_inflate ru_idrss    0
mris_inflate ru_isrss    0
mris_inflate ru_minflt   466371
mris_inflate ru_majflt   4
mris_inflate ru_nswap    0
mris_inflate ru_inblock  0
mris_inflate ru_oublock  8080
mris_inflate ru_msgsnd   0
mris_inflate ru_msgrcv   0
mris_inflate ru_nsignals 0
mris_inflate ru_nvcsw    5775
mris_inflate ru_nivcsw   431
#--------------------------------------------
#@# QSphere rh Sun Mar 15 10:16:15 CET 2026
/out/sourcedata/freesurfer/sub-v2s10x28980_ses-1/scripts

 mris_sphere -q -p 6 -a 128 -seed 1234 ../surf/rh.inflated.nofix ../surf/rh.qsphere.nofix 

doing quick spherical unfolding.
limitting unfolding to 6 passes
using n_averages = 128
setting seed for random number genererator to 1234
version: 7.3.2
available threads: 16
scaling brain by 0.351...
inflating...
projecting onto sphere...
surface projected - minimizing metric distortion...
vertex spacing 1.10 +- 0.59 (0.00-->11.38) (max @ vno 43922 --> 45077)
face area 0.03 +- 0.04 (-0.36-->0.88)
Entering MRISinflateToSphere()
inflating to sphere (rms error < 2.00)
000: dt: 0.0000, rms radial error=176.043, avgs=0
005/300: dt: 0.9000, rms radial error=175.786, avgs=0
010/300: dt: 0.9000, rms radial error=175.233, avgs=0
015/300: dt: 0.9000, rms radial error=174.507, avgs=0
020/300: dt: 0.9000, rms radial error=173.679, avgs=0
025/300: dt: 0.9000, rms radial error=172.793, avgs=0
030/300: dt: 0.9000, rms radial error=171.875, avgs=0
035/300: dt: 0.9000, rms radial error=170.945, avgs=0
040/300: dt: 0.9000, rms radial error=170.012, avgs=0
045/300: dt: 0.9000, rms radial error=169.076, avgs=0
050/300: dt: 0.9000, rms radial error=168.140, avgs=0
055/300: dt: 0.9000, rms radial error=167.206, avgs=0
060/300: dt: 0.9000, rms radial error=166.276, avgs=0
065/300: dt: 0.9000, rms radial error=165.349, avgs=0
070/300: dt: 0.9000, rms radial error=164.426, avgs=0
075/300: dt: 0.9000, rms radial error=163.508, avgs=0
080/300: dt: 0.9000, rms radial error=162.595, avgs=0
085/300: dt: 0.9000, rms radial error=161.686, avgs=0
090/300: dt: 0.9000, rms radial error=160.782, avgs=0
095/300: dt: 0.9000, rms radial error=159.883, avgs=0
100/300: dt: 0.9000, rms radial error=158.989, avgs=0
105/300: dt: 0.9000, rms radial error=158.099, avgs=0
110/300: dt: 0.9000, rms radial error=157.214, avgs=0
115/300: dt: 0.9000, rms radial error=156.333, avgs=0
120/300: dt: 0.9000, rms radial error=155.457, avgs=0
125/300: dt: 0.9000, rms radial error=154.586, avgs=0
130/300: dt: 0.9000, rms radial error=153.720, avgs=0
135/300: dt: 0.9000, rms radial error=152.858, avgs=0
140/300: dt: 0.9000, rms radial error=152.001, avgs=0
145/300: dt: 0.9000, rms radial error=151.148, avgs=0
150/300: dt: 0.9000, rms radial error=150.300, avgs=0
155/300: dt: 0.9000, rms radial error=149.457, avgs=0
160/300: dt: 0.9000, rms radial error=148.618, avgs=0
165/300: dt: 0.9000, rms radial error=147.783, avgs=0
170/300: dt: 0.9000, rms radial error=146.954, avgs=0
175/300: dt: 0.9000, rms radial error=146.128, avgs=0
180/300: dt: 0.9000, rms radial error=145.307, avgs=0
185/300: dt: 0.9000, rms radial error=144.490, avgs=0
190/300: dt: 0.9000, rms radial error=143.678, avgs=0
195/300: dt: 0.9000, rms radial error=142.871, avgs=0
200/300: dt: 0.9000, rms radial error=142.067, avgs=0
205/300: dt: 0.9000, rms radial error=141.269, avgs=0
210/300: dt: 0.9000, rms radial error=140.474, avgs=0
215/300: dt: 0.9000, rms radial error=139.684, avgs=0
220/300: dt: 0.9000, rms radial error=138.899, avgs=0
225/300: dt: 0.9000, rms radial error=138.117, avgs=0
230/300: dt: 0.9000, rms radial error=137.341, avgs=0
235/300: dt: 0.9000, rms radial error=136.568, avgs=0
240/300: dt: 0.9000, rms radial error=135.800, avgs=0
245/300: dt: 0.9000, rms radial error=135.036, avgs=0
250/300: dt: 0.9000, rms radial error=134.276, avgs=0
255/300: dt: 0.9000, rms radial error=133.520, avgs=0
260/300: dt: 0.9000, rms radial error=132.769, avgs=0
265/300: dt: 0.9000, rms radial error=132.022, avgs=0
270/300: dt: 0.9000, rms radial error=131.279, avgs=0
275/300: dt: 0.9000, rms radial error=130.540, avgs=0
280/300: dt: 0.9000, rms radial error=129.805, avgs=0
285/300: dt: 0.9000, rms radial error=129.075, avgs=0
290/300: dt: 0.9000, rms radial error=128.348, avgs=0
295/300: dt: 0.9000, rms radial error=127.626, avgs=0
300/300: dt: 0.9000, rms radial error=126.907, avgs=0

spherical inflation complete.
epoch 1 (K=10.0), pass 1, starting sse = 12764.18
taking momentum steps...
taking momentum steps...
taking momentum steps...
taking momentum steps...
pass 1 complete, delta sse/iter = 0.01/13 = 0.00042
epoch 2 (K=40.0), pass 1, starting sse = 1840.27
taking momentum steps...
taking momentum steps...
taking momentum steps...
taking momentum steps...
pass 1 complete, delta sse/iter = 0.01/13 = 0.00054
epoch 3 (K=160.0), pass 1, starting sse = 127.05
taking momentum steps...
taking momentum steps...
taking momentum steps...
taking momentum steps...
pass 1 complete, delta sse/iter = 0.08/14 = 0.00593
epoch 4 (K=640.0), pass 1, starting sse = 5.18
taking momentum steps...
taking momentum steps...
taking momentum steps...
taking momentum steps...
pass 1 complete, delta sse/iter = 0.11/19 = 0.00578
final distance error %100000.00
writing spherical brain to ../surf/rh.qsphere.nofix
spherical transformation took 0.0146 hours
FSRUNTIME@ mris_sphere  0.0146 hours 16 threads
#VMPC# mris_sphere VmPeak  1525272
mris_sphere done
#@# Fix Topology rh Sun Mar 15 10:17:07 CET 2026

 mris_fix_topology -mgz -sphere qsphere.nofix -inflated inflated.nofix -orig orig.nofix -out orig.premesh -ga -seed 1234 sub-v2s10x28980_ses-1 rh 

reading spherical homeomorphism from 'qsphere.nofix'
reading inflated coordinates from 'inflated.nofix'
reading original coordinates from 'orig.nofix'
using genetic algorithm with optimized parameters
setting seed for random number genererator to 1234

*************************************************************
Topology Correction Parameters
retessellation mode:           genetic search
number of patches/generation : 10
number of generations :        10
surface mri loglikelihood coefficient :         1.0
volume mri loglikelihood coefficient :          10.0
normal dot loglikelihood coefficient :          1.0
quadratic curvature loglikelihood coefficient : 1.0
volume resolution :                             2
eliminate vertices during search :              1
initial patch selection :                       1
select all defect vertices :                    0
ordering dependant retessellation:              0
use precomputed edge table :                    0
smooth retessellated patch :                    2
match retessellated patch :                     1
verbose mode :                                  0

*************************************************************
INFO: assuming .mgz format
writing corrected surface to 'orig.premesh'
7.3.2
  7.3.2
before topology correction, eno=-22 (nv=114778, nf=229600, ne=344400, g=12)
using quasi-homeomorphic spherical map to tessellate cortical surface...

Correction of the Topology
Finding true center and radius of Spherical Surface...done
Surface centered at (0,0,0) with radius 100.0 in 9 iterations
marking ambiguous vertices...
1656 ambiguous faces found in tessellation
segmenting defects...
13 defects found, arbitrating ambiguous regions...
analyzing neighboring defects...
      -merging segment 3 into 2
12 defects to be corrected 
0 vertices coincident
reading input surface /out/sourcedata/freesurfer/sub-v2s10x28980_ses-1/surf/rh.qsphere.nofix...
reading brain volume from brain...
reading wm segmentation from wm...
Reading original properties of orig.nofix
Reading vertex positions of inflated.nofix
Computing Initial Surface Statistics
      -face       loglikelihood: -9.4306  (-4.7153)
      -vertex     loglikelihood: -6.1388  (-3.0694)
      -normal dot loglikelihood: -3.5943  (-3.5943)
      -quad curv  loglikelihood: -6.1481  (-3.0740)
      Total Loglikelihood : -25.3117
CORRECTING DEFECT 0 (vertices=21, convex hull=55, v0=6522)
After retessellation of defect 0 (v0=6522), euler #=-8 (113716,340605,226881) : difference with theory (-9) = -1 
CORRECTING DEFECT 1 (vertices=29, convex hull=64, v0=31815)
After retessellation of defect 1 (v0=31815), euler #=-7 (113734,340685,226944) : difference with theory (-8) = -1 
CORRECTING DEFECT 2 (vertices=583, convex hull=549, v0=37709)
A large defect has been detected...
This often happens because cerebellum or dura has not been removed from wm.mgz.
This may cause recon-all to run very slowly or crash.
if so, see https://surfer.nmr.mgh.harvard.edu/fswiki/FsTutorial/TopologicalDefect_freeview
After retessellation of defect 2 (v0=37709), euler #=-7 (113870,341398,227521) : difference with theory (-7) = 0 
CORRECTING DEFECT 3 (vertices=25, convex hull=54, v0=40417)
After retessellation of defect 3 (v0=40417), euler #=-6 (113885,341465,227574) : difference with theory (-6) = 0 
CORRECTING DEFECT 4 (vertices=31, convex hull=35, v0=45993)
After retessellation of defect 4 (v0=45993), euler #=-5 (113888,341485,227592) : difference with theory (-5) = 0 
CORRECTING DEFECT 5 (vertices=46, convex hull=101, v0=64868)
After retessellation of defect 5 (v0=64868), euler #=-4 (113903,341575,227668) : difference with theory (-4) = 0 
CORRECTING DEFECT 6 (vertices=141, convex hull=63, v0=70083)
After retessellation of defect 6 (v0=70083), euler #=-3 (113937,341709,227769) : difference with theory (-3) = 0 
CORRECTING DEFECT 7 (vertices=58, convex hull=44, v0=82848)
After retessellation of defect 7 (v0=82848), euler #=-2 (113953,341769,227814) : difference with theory (-2) = 0 
CORRECTING DEFECT 8 (vertices=43, convex hull=39, v0=88477)
After retessellation of defect 8 (v0=88477), euler #=-1 (113961,341807,227845) : difference with theory (-1) = 0 
CORRECTING DEFECT 9 (vertices=35, convex hull=62, v0=96899)
After retessellation of defect 9 (v0=96899), euler #=0 (113982,341896,227914) : difference with theory (0) = 0 
CORRECTING DEFECT 10 (vertices=23, convex hull=45, v0=106139)
After retessellation of defect 10 (v0=106139), euler #=1 (113991,341938,227948) : difference with theory (1) = 0 
CORRECTING DEFECT 11 (vertices=38, convex hull=68, v0=110919)
After retessellation of defect 11 (v0=110919), euler #=2 (114019,342051,228034) : difference with theory (2) = 0 
computing original vertex metric properties...
storing new metric properties...
computing tessellation statistics...
vertex spacing 0.89 +- 0.22 (0.08-->9.59) (max @ vno 38724 --> 41126)
face area -nan +- -nan (1000.00-->-1.00)
performing soap bubble on retessellated vertices for 0 iterations...
vertex spacing 0.89 +- 0.22 (0.08-->9.59) (max @ vno 38724 --> 41126)
face area -nan +- -nan (1000.00-->-1.00)
tessellation finished, orienting corrected surface...
28 mutations (30.1%), 65 crossovers (69.9%), 147 vertices were eliminated
building final representation...
759 vertices and 0 faces have been removed from triangulation
after topology correction, eno=2 (nv=114019, nf=228034, ne=342051, g=0)
writing corrected surface to /out/sourcedata/freesurfer/sub-v2s10x28980_ses-1/surf/rh.orig.premesh...

0.000 % of the vertices (0 vertices) exhibit an orientation change
removing intersecting faces
000: 170 intersecting
001: 15 intersecting
terminating search with 0 intersecting
topology fixing took 1.2 minutes
FSRUNTIME@ mris_fix_topology rh  0.0201 hours 16 threads
#VMPC# mris_fix_topology VmPeak  1830024

 mris_euler_number ../surf/rh.orig.premesh 

euler # = v-e+f = 2g-2: 114019 - 342051 + 228034 = 2 --> 0 holes
      F =2V-4:          228034 = 228038-4 (0)
      2E=3F:            684102 = 684102 (0)

total defect index = 0
Sun Mar 15 10:18:20 CET 2026

setenv SUBJECTS_DIR /out/sourcedata/freesurfer
cd /out/sourcedata/freesurfer/sub-v2s10x28980_ses-1/scripts
/opt/freesurfer/bin/defect2seg --s sub-v2s10x28980_ses-1 --rh-only --cortex

freesurfer-linux-ubuntu22_x86_64-7.3.2-20220804-6354275
defect2seg 7.3.2
Linux dna054 5.14.0-427.37.1.el9_4.x86_64 #1 SMP PREEMPT_DYNAMIC Fri Sep 13 12:41:50 EDT 2024 x86_64 x86_64 x86_64 GNU/Linux
pid 908424
mri_label2label --label-cortex /out/sourcedata/freesurfer/sub-v2s10x28980_ses-1/surf/rh.orig.nofix /out/sourcedata/freesurfer/sub-v2s10x28980_ses-1/mri/aseg.presurf.mgz 0 /out/sourcedata/freesurfer/sub-v2s10x28980_ses-1/label/rh.nofix.cortex.label

 Generating cortex label... RemoveHipAmgy=0
 NucAccIsMedialWall=0
 mris->useRealRAS=0
8 non-cortical segments detected
only using segment with 6902 vertices
erasing segment 1 (vno[0] = 43775)
erasing segment 2 (vno[0] = 53638)
erasing segment 3 (vno[0] = 54828)
erasing segment 4 (vno[0] = 57051)
erasing segment 5 (vno[0] = 68669)
erasing segment 6 (vno[0] = 81800)
erasing segment 7 (vno[0] = 90864)
mri_label2vol --defects /out/sourcedata/freesurfer/sub-v2s10x28980_ses-1/surf/rh.orig.nofix /out/sourcedata/freesurfer/sub-v2s10x28980_ses-1/surf/rh.defect_labels /out/sourcedata/freesurfer/sub-v2s10x28980_ses-1/mri/orig.mgz 2000 0 /out/sourcedata/freesurfer/sub-v2s10x28980_ses-1/mri/rh.surface.defects.mgz /out/sourcedata/freesurfer/sub-v2s10x28980_ses-1/label/rh.nofix.cortex.label
mri_label2vol supposed to be reproducible but seed not set
Contraining to label /out/sourcedata/freesurfer/sub-v2s10x28980_ses-1/label/rh.nofix.cortex.label
Changing input type 0 to MRI_INT
Converting defects to volume: offset=2000, merge=0
Writing to /out/sourcedata/freesurfer/sub-v2s10x28980_ses-1/mri/rh.surface.defects.mgz
mris_defects_pointset -s /out/sourcedata/freesurfer/sub-v2s10x28980_ses-1/surf/rh.orig.nofix -d /out/sourcedata/freesurfer/sub-v2s10x28980_ses-1/surf/rh.defect_labels -o /out/sourcedata/freesurfer/sub-v2s10x28980_ses-1/surf/rh.defects.pointset --label /out/sourcedata/freesurfer/sub-v2s10x28980_ses-1/label/rh.nofix.cortex.label
Reading in surface /out/sourcedata/freesurfer/sub-v2s10x28980_ses-1/surf/rh.orig.nofix
Reading in defect segmentation /out/sourcedata/freesurfer/sub-v2s10x28980_ses-1/surf/rh.defect_labels
Reading in label /out/sourcedata/freesurfer/sub-v2s10x28980_ses-1/label/rh.nofix.cortex.label
#VMPC# mris_defects_pointset 1283412
mris_defects_pointset done
 
Started at Sun Mar 15 10:18:20 CET 2026 
Ended   at Sun Mar 15 10:18:35 CET 2026
Defect2seg-Run-Time-Sec 15
Defect2seg-Run-Time-Min 0.30
Defect2seg-Run-Time-Hours 0.00
 
tkmeditfv sub-v2s10x28980_ses-1 brain.finalsurfs.mgz -defect
defect2seg Done

 mris_remesh --remesh --iters 3 --input /out/sourcedata/freesurfer/sub-v2s10x28980_ses-1/surf/rh.orig.premesh --output /out/sourcedata/freesurfer/sub-v2s10x28980_ses-1/surf/rh.orig 

iters = 3
standard remeshing without target
   adjusted l: 0.710131
remeshing to edge length 0.710131 with 3 iterations

avg qual before   : 0.892384  after: 0.971361

Removing intersections
Remeshed surface quality stats nv0 = 114019  nv = 119111  1.04466
Area    238218  0.30185  0.03346 0.080276   0.4637
Corner  714654 60.00000  8.77618 16.811271 144.0235
Edge    357327  0.84284  0.08197 0.435620   1.2314
Hinge   357327  9.40156 10.26049 0.000031 153.0411
mris_remesh done
/out/sourcedata/freesurfer/sub-v2s10x28980_ses-1/scripts

 mris_remove_intersection ../surf/rh.orig ../surf/rh.orig 

intersection removal took 0.00 hours
writing corrected surface to ../surf/rh.orig

 rm -f ../surf/rh.inflated 

#--------------------------------------------
#@# AutoDetGWStats rh Sun Mar 15 10:19:07 CET 2026
cd /out/sourcedata/freesurfer/sub-v2s10x28980_ses-1/mri
mris_autodet_gwstats --o ../surf/autodet.gw.stats.rh.dat --i brain.finalsurfs.mgz --wm wm.mgz --surf ../surf/rh.orig.premesh
7.3.2

cd /out/sourcedata/freesurfer/sub-v2s10x28980_ses-1/mri
setenv SUBJECTS_DIR /out/sourcedata/freesurfer
mris_autodet_gwstats --o ../surf/autodet.gw.stats.rh.dat --i brain.finalsurfs.mgz --wm wm.mgz --surf ../surf/rh.orig.premesh 

border white:    208071 voxels (1.24%)
border gray      236361 voxels (1.41%)
Reading in intensity volume brain.finalsurfs.mgz
Reading in wm volume wm.mgz
Reading in surf ../surf/rh.orig.premesh
Auto detecting stats
MRIclipBrightWM(): nthresh=16641, wmmin=5, clip=110 
Binarizing thresholding at 5
computing class statistics... low=30, hi=110.000000
CCS WM (99.0): 99.1 +- 8.2 [70.0 --> 110.0]
CCS GM (74.0) : 73.7 +- 9.1 [30.0 --> 110.0]
white_mean = 99.0823 +/- 8.18813, gray_mean = 73.7406 +/- 9.08544
using class modes intead of means, discounting robust sigmas....
MRIScomputeClassModes(): min=0 max=124 nbins=125
intensity peaks found at WM=104+-6.1,    GM=71+-5.2
white_mode = 104, gray_mode = 71
std_scale = 1
Applying sanity checks, max_scale_down = 0.2
setting MIN_GRAY_AT_WHITE_BORDER to 61.9 (was 70.000000)
setting MAX_BORDER_WHITE to 112.2 (was 105.000000)
setting MIN_BORDER_WHITE to 71.0 (was 85.000000)
setting MAX_CSF to 52.8 (was 40.000000)
setting MAX_GRAY to 95.8 (was 95.000000)
setting MAX_GRAY_AT_CSF_BORDER to 61.9 (was 75.000000)
setting MIN_GRAY_AT_CSF_BORDER to 43.7 (was 40.000000)
When placing the white surface
  white_border_hi   = 112.188;
  white_border_low  = 71;
  white_outside_low = 61.9146;
  white_inside_hi   = 120;
  white_outside_hi  = 112.188;
When placing the pial surface
  pial_border_hi   = 61.9146;
  pial_border_low  = 43.7437;
  pial_outside_low = 10;
  pial_inside_hi   = 95.8119;
  pial_outside_hi  = 57.3718;
#VMPC# mris_autodet_gwstats VmPeak  1369316
mris_autodet_gwstats done
#--------------------------------------------
#@# WhitePreAparc rh Sun Mar 15 10:19:10 CET 2026
cd /out/sourcedata/freesurfer/sub-v2s10x28980_ses-1/mri
mris_place_surface --adgws-in ../surf/autodet.gw.stats.rh.dat --wm wm.mgz --threads 16 --invol brain.finalsurfs.mgz --rh --i ../surf/rh.orig --o ../surf/rh.white.preaparc --white --seg aseg.presurf.mgz --nsmooth 5
7.3.2
7.3.2

cd /out/sourcedata/freesurfer/sub-v2s10x28980_ses-1/mri
setenv SUBJECTS_DIR /out/sourcedata/freesurfer
mris_place_surface --adgws-in ../surf/autodet.gw.stats.rh.dat --wm wm.mgz --threads 16 --invol brain.finalsurfs.mgz --rh --i ../surf/rh.orig --o ../surf/rh.white.preaparc --white --seg aseg.presurf.mgz --nsmooth 5 

Reading in input surface ../surf/rh.orig
Smoothing surface before ripping with 5 iterations
Area    238218  0.26661  0.06314 0.000997   0.6292
Corner  714654 60.00000  9.65742 4.831724 149.9435
Edge    357327  0.78866  0.11474 0.027133   1.3276
Hinge   357327  6.37997  6.59418 0.000005 160.5805
Not reading in aparc
Reading in input volume brain.finalsurfs.mgz
Reading in wm volume wm.mgz
MRIclipBrightWM(): nthresh=16641, wmmin=5, clip=110 
MRIfindBrightNonWM(): 0 bright non-wm voxels segmented.
Masking bright non-wm for white surface
MRImask(): AllowDiffGeom = 1
MRImask(): AllowDiffGeom = 1
Reading in seg volume aseg.presurf.mgz
Ripping frozen voxels
INFO: rip surface needed but not specified, so using input surface
Freezing midline and others
Entering: MRISripMidline(): inhibiting deformation at non-cortical midline structures...
  which=1, fix_mtl=0, using annot = 0
#FML0# MRISripMidline(): nripped=0
#FML# MRISripMidline(): nmarked=5285, nmarked2=20, nripped=5285
Ripping segs (eg, WMSA, BG, frozen)
Starting MRISripSegs() d = (-2 2 0.5) segnos: 247 
MRISripSegs(): -2 2 0.5 ripped 0
vertex 59556: xyz = (34.743,-3.43345,26.1685) oxyz = (34.743,-3.43345,26.1685) wxzy = (34.743,-3.43345,26.1685) pxyz = (0,0,0) 
CBVO Creating mask 119111
n_averages 4
Iteration 0 =========================================
n_averages=4, current_sigma=2
Freezing midline and others
Ripping frozen voxels
INFO: rip surface needed but not specified, so using input surface
Freezing midline and others
Entering: MRISripMidline(): inhibiting deformation at non-cortical midline structures...
  which=1, fix_mtl=0, using annot = 0
#FML0# MRISripMidline(): nripped=5285
#FML# MRISripMidline(): nmarked=5285, nmarked2=20, nripped=5285
Ripping segs (eg, WMSA, BG, frozen)
Starting MRISripSegs() d = (-2 2 0.5) segnos: 247 247 
MRISripSegs(): -2 2 0.5 ripped 0
Computing target border values 
Entering MRIScomputeBorderValues_new(): 
  inside_hi   = 120.0000000;
  border_hi   = 112.1881260;
  border_low  =  71.0000000;
  outside_low =  61.9145580;
  outside_hi  = 112.1881260;
  sigma = 2;
  max_thickness = 10;
  step_size=0.5;
  STEP_SIZE=0.1;
  which = 1
  thresh = 0
  flags = 0
  CBVfindFirstPeakD1=0
  CBVfindFirstPeakD2=0
  nvertices=119111
  Gdiag_no=-1
  vno start=0, stop=119111
Replacing 255s with 0s
#SI# sigma=2 had to be increased for 64 vertices, nripped=5285
mean border=82.7, 16 (16) missing vertices, mean dist 0.2 [0.5 (%42.2)->0.7 (%57.8))]
%75 local maxima, %20 large gradients and % 0 min vals, 0 gradients ignored
nFirstPeakD1 0
MRIScomputeBorderValues_new() finished in 0.0140 min


Finding expansion regions
mean absolute distance = 0.64 +- 0.84
3741 vertices more than 2 sigmas from mean.
Averaging target values for 5 iterations...
Positioning Surface: tspring = 0.3, nspring = 0.3, spring = 0, niters = 100 l_repulse = 5, l_surf_repulse = 0, checktol = 0
Positioning pial surface
Entering MRISpositionSurface()
  max_mm = 0.3
  MAX_REDUCTIONS = 2, REDUCTION_PCT = 0.5
  parms->check_tol = 0, niterations = 100
tol=1.0e-04, sigma=2.0, host=dna05, nav=4, nbrs=2, l_repulse=5.000, l_tspring=0.300, l_nspring=0.300, l_intensity=0.200, l_curv=1.000
mom=0.00, dt=0.50
complete_dist_mat 0
rms 0
smooth_averages 0
remove_neg 0
ico_order 0
which_surface 0
target_radius 0.000000
nfields 0
scale 0.000000
desired_rms_height 0.000000
momentum 0.000000
nbhd_size 0
max_nbrs 0
niterations 100
nsurfaces 0
SURFACES 3
flags 0 (0)
use curv 0
no sulc 0
no rigid align 0
mris->nsize 2
mris->hemisphere 1
randomSeed 0

000: dt: 0.0000, sse=2033738.2, rms=9.141
001: dt: 0.5000, sse=1046053.4, rms=6.332 (30.727%)
002: dt: 0.5000, sse=659078.9, rms=4.830 (23.727%)
003: dt: 0.5000, sse=497104.9, rms=4.025 (16.665%)
004: dt: 0.5000, sse=416035.9, rms=3.542 (12.008%)
005: dt: 0.5000, sse=374886.6, rms=3.269 (7.694%)
006: dt: 0.5000, sse=350852.0, rms=3.099 (5.193%)
007: dt: 0.5000, sse=343364.8, rms=3.028 (2.293%)
008: dt: 0.5000, sse=336909.5, rms=2.961 (2.218%)
rms = 2.9430/2.9611, sse=343283.9/336909.5, time step reduction 1 of 3 to 0.250  0 1 1
009: dt: 0.5000, sse=343283.9, rms=2.943 (0.611%)
010: dt: 0.2500, sse=192111.1, rms=1.567 (46.769%)
011: dt: 0.2500, sse=176726.9, rms=1.289 (17.720%)
012: dt: 0.2500, sse=170087.8, rms=1.209 (6.177%)
rms = 1.1634/1.2094, sse=168502.0/170087.7, time step reduction 2 of 3 to 0.125  0 0 1
013: dt: 0.2500, sse=168502.0, rms=1.163 (3.799%)
rms = 1.1183/1.1634, sse=166608.0/168502.0, time step reduction 3 of 3 to 0.062  0 0 1
014: dt: 0.1250, sse=166608.0, rms=1.118 (3.878%)
  maximum number of reductions reached, breaking from loop
positioning took 1.1 minutes
Iteration 1 =========================================
n_averages=2, current_sigma=1
Freezing midline and others
Ripping frozen voxels
INFO: rip surface needed but not specified, so using input surface
Freezing midline and others
Entering: MRISripMidline(): inhibiting deformation at non-cortical midline structures...
  which=1, fix_mtl=0, using annot = 0
#FML0# MRISripMidline(): nripped=5285
removing 2 vertices from ripped group in thread:0
removing 4 vertices from ripped group in thread:0
#FML# MRISripMidline(): nmarked=5637, nmarked2=20, nripped=5637
Ripping segs (eg, WMSA, BG, frozen)
Starting MRISripSegs() d = (-2 2 0.5) segnos: 247 247 247 
MRISripSegs(): -2 2 0.5 ripped 0
Computing target border values 
Entering MRIScomputeBorderValues_new(): 
  inside_hi   = 120.0000000;
  border_hi   = 112.1881260;
  border_low  =  71.0000000;
  outside_low =  61.9145580;
  outside_hi  = 112.1881260;
  sigma = 1;
  max_thickness = 10;
  step_size=0.5;
  STEP_SIZE=0.1;
  which = 1
  thresh = 0
  flags = 0
  CBVfindFirstPeakD1=0
  CBVfindFirstPeakD2=0
  nvertices=119111
  Gdiag_no=-1
  vno start=0, stop=119111
Replacing 255s with 0s
#SI# sigma=1 had to be increased for 52 vertices, nripped=5637
mean border=85.3, 20 (2) missing vertices, mean dist -0.2 [0.3 (%76.7)->0.3 (%23.3))]
%83 local maxima, %13 large gradients and % 0 min vals, 0 gradients ignored
nFirstPeakD1 0
MRIScomputeBorderValues_new() finished in 0.0093 min


Finding expansion regions
mean absolute distance = 0.30 +- 0.53
1992 vertices more than 2 sigmas from mean.
Averaging target values for 5 iterations...
Positioning Surface: tspring = 0.3, nspring = 0.3, spring = 0, niters = 100 l_repulse = 5, l_surf_repulse = 0, checktol = 0
Positioning pial surface
Entering MRISpositionSurface()
  max_mm = 0.3
  MAX_REDUCTIONS = 2, REDUCTION_PCT = 0.5
  parms->check_tol = 0, niterations = 100
tol=1.0e-04, sigma=1.0, host=dna05, nav=2, nbrs=2, l_repulse=5.000, l_tspring=0.300, l_nspring=0.300, l_intensity=0.200, l_curv=1.000
mom=0.00, dt=0.50
000: dt: 0.0000, sse=552801.8, rms=4.068
015: dt: 0.5000, sse=349521.3, rms=2.568 (36.874%)
rms = 2.5845/2.5682, sse=339187.4/349521.3, time step reduction 1 of 3 to 0.250  0 0 1
   RMS increased, rejecting step
016: dt: 0.2500, sse=264960.5, rms=1.902 (25.924%)
017: dt: 0.2500, sse=222534.1, rms=1.384 (27.269%)
018: dt: 0.2500, sse=207390.5, rms=1.148 (17.015%)
019: dt: 0.2500, sse=203590.4, rms=1.044 (9.054%)
020: dt: 0.2500, sse=199788.9, rms=0.991 (5.119%)
rms = 0.9670/0.9908, sse=198398.8/199788.9, time step reduction 2 of 3 to 0.125  0 0 1
021: dt: 0.2500, sse=198398.8, rms=0.967 (2.406%)
rms = 0.9399/0.9670, sse=197380.3/198398.8, time step reduction 3 of 3 to 0.062  0 0 1
022: dt: 0.1250, sse=197380.3, rms=0.940 (2.798%)
  maximum number of reductions reached, breaking from loop
positioning took 0.7 minutes
Iteration 2 =========================================
n_averages=1, current_sigma=0.5
Freezing midline and others
Ripping frozen voxels
INFO: rip surface needed but not specified, so using input surface
Freezing midline and others
Entering: MRISripMidline(): inhibiting deformation at non-cortical midline structures...
  which=1, fix_mtl=0, using annot = 0
#FML0# MRISripMidline(): nripped=5637
removing 2 vertices from ripped group in thread:0
removing 2 vertices from ripped group in thread:0
removing 3 vertices from ripped group in thread:0
removing 2 vertices from ripped group in thread:0
#FML# MRISripMidline(): nmarked=5736, nmarked2=20, nripped=5736
Ripping segs (eg, WMSA, BG, frozen)
Starting MRISripSegs() d = (-2 2 0.5) segnos: 247 247 247 247 
MRISripSegs(): -2 2 0.5 ripped 0
Computing target border values 
Entering MRIScomputeBorderValues_new(): 
  inside_hi   = 120.0000000;
  border_hi   = 112.1881260;
  border_low  =  71.0000000;
  outside_low =  61.9145580;
  outside_hi  = 112.1881260;
  sigma = 0.5;
  max_thickness = 10;
  step_size=0.5;
  STEP_SIZE=0.1;
  which = 1
  thresh = 0
  flags = 0
  CBVfindFirstPeakD1=0
  CBVfindFirstPeakD2=0
  nvertices=119111
  Gdiag_no=-1
  vno start=0, stop=119111
Replacing 255s with 0s
#SI# sigma=0.5 had to be increased for 49 vertices, nripped=5736
mean border=86.9, 26 (2) missing vertices, mean dist -0.1 [0.2 (%70.5)->0.2 (%29.5))]
%87 local maxima, % 8 large gradients and % 0 min vals, 0 gradients ignored
nFirstPeakD1 0
MRIScomputeBorderValues_new() finished in 0.0070 min


Finding expansion regions
mean absolute distance = 0.21 +- 0.38
1959 vertices more than 2 sigmas from mean.
Averaging target values for 5 iterations...
Positioning Surface: tspring = 0.3, nspring = 0.3, spring = 0, niters = 100 l_repulse = 5, l_surf_repulse = 0, checktol = 0
Positioning pial surface
Entering MRISpositionSurface()
  max_mm = 0.3
  MAX_REDUCTIONS = 2, REDUCTION_PCT = 0.5
  parms->check_tol = 0, niterations = 100
tol=1.0e-04, sigma=0.5, host=dna05, nav=1, nbrs=2, l_repulse=5.000, l_tspring=0.300, l_nspring=0.300, l_intensity=0.200, l_curv=1.000
mom=0.00, dt=0.50
000: dt: 0.0000, sse=305709.1, rms=2.392
023: dt: 0.5000, sse=276042.7, rms=2.081 (12.974%)
rms = 2.3790/2.0815, sse=304596.4/276042.7, time step reduction 1 of 3 to 0.250  0 1 1
   RMS increased, rejecting step
024: dt: 0.2500, sse=216070.9, rms=1.325 (36.352%)
025: dt: 0.2500, sse=197847.5, rms=0.967 (26.978%)
026: dt: 0.2500, sse=195910.7, rms=0.889 (8.148%)
rms = 0.8780/0.8886, sse=195278.8/195910.7, time step reduction 2 of 3 to 0.125  0 0 1
027: dt: 0.2500, sse=195278.8, rms=0.878 (1.197%)
rms = 0.8479/0.8780, sse=193282.2/195278.8, time step reduction 3 of 3 to 0.062  0 0 1
028: dt: 0.1250, sse=193282.2, rms=0.848 (3.428%)
  maximum number of reductions reached, breaking from loop
positioning took 0.5 minutes
Iteration 3 =========================================
n_averages=0, current_sigma=0.25
Freezing midline and others
Ripping frozen voxels
INFO: rip surface needed but not specified, so using input surface
Freezing midline and others
Entering: MRISripMidline(): inhibiting deformation at non-cortical midline structures...
  which=1, fix_mtl=0, using annot = 0
#FML0# MRISripMidline(): nripped=5736
removing 2 vertices from ripped group in thread:0
removing 3 vertices from ripped group in thread:0
removing 4 vertices from ripped group in thread:0
removing 3 vertices from ripped group in thread:0
removing 2 vertices from ripped group in thread:0
removing 2 vertices from ripped group in thread:0
#FML# MRISripMidline(): nmarked=5764, nmarked2=20, nripped=5764
Ripping segs (eg, WMSA, BG, frozen)
Starting MRISripSegs() d = (-2 2 0.5) segnos: 247 247 247 247 247 
MRISripSegs(): -2 2 0.5 ripped 0
Computing target border values 
Entering MRIScomputeBorderValues_new(): 
  inside_hi   = 120.0000000;
  border_hi   = 112.1881260;
  border_low  =  71.0000000;
  outside_low =  61.9145580;
  outside_hi  = 112.1881260;
  sigma = 0.25;
  max_thickness = 10;
  step_size=0.5;
  STEP_SIZE=0.1;
  which = 1
  thresh = 0
  flags = 0
  CBVfindFirstPeakD1=0
  CBVfindFirstPeakD2=0
  nvertices=119111
  Gdiag_no=-1
  vno start=0, stop=119111
Replacing 255s with 0s
#SI# sigma=0.25 had to be increased for 58 vertices, nripped=5764
mean border=87.4, 33 (2) missing vertices, mean dist -0.0 [0.2 (%56.4)->0.2 (%43.6))]
%89 local maxima, % 6 large gradients and % 0 min vals, 0 gradients ignored
nFirstPeakD1 0
MRIScomputeBorderValues_new() finished in 0.0033 min


Finding expansion regions
mean absolute distance = 0.18 +- 0.32
2434 vertices more than 2 sigmas from mean.
Averaging target values for 5 iterations...
Positioning Surface: tspring = 0.3, nspring = 0.3, spring = 0, niters = 100 l_repulse = 5, l_surf_repulse = 0, checktol = 0
Positioning pial surface
Entering MRISpositionSurface()
  max_mm = 0.3
  MAX_REDUCTIONS = 2, REDUCTION_PCT = 0.5
  parms->check_tol = 0, niterations = 100
tol=1.0e-04, sigma=0.2, host=dna05, nav=0, nbrs=2, l_repulse=5.000, l_tspring=0.300, l_nspring=0.300, l_intensity=0.200, l_curv=1.000
mom=0.00, dt=0.50
000: dt: 0.0000, sse=205414.0, rms=1.144
rms = 1.1888/1.1439, sse=209917.5/205413.9, time step reduction 1 of 3 to 0.250  0 1 1
   RMS increased, rejecting step
029: dt: 0.2500, sse=190639.7, rms=0.813 (28.949%)
030: dt: 0.2500, sse=185349.4, rms=0.647 (20.385%)
rms = 0.6585/0.6471, sse=185212.5/185349.4, time step reduction 2 of 3 to 0.125  0 0 1
   RMS increased, rejecting step
rms = 0.6458/0.6471, sse=185210.9/185349.4, time step reduction 3 of 3 to 0.062  0 0 1
031: dt: 0.1250, sse=185210.9, rms=0.646 (0.200%)
  maximum number of reductions reached, breaking from loop
positioning took 0.3 minutes


Writing output to ../surf/rh.white.preaparc
#ET# mris_place_surface  2.76 minutes
#VMPC# mris_place_surfaces VmPeak  2946340
mris_place_surface done
#--------------------------------------------
#@# CortexLabel rh Sun Mar 15 10:22:02 CET 2026
cd /out/sourcedata/freesurfer/sub-v2s10x28980_ses-1/mri
mri_label2label --label-cortex ../surf/rh.white.preaparc aseg.presurf.mgz 0 ../label/rh.cortex.label

 Generating cortex label... RemoveHipAmgy=0
 NucAccIsMedialWall=0
 mris->useRealRAS=0
6 non-cortical segments detected
only using segment with 7148 vertices
erasing segment 0 (vno[0] = 24473)
erasing segment 2 (vno[0] = 35272)
erasing segment 3 (vno[0] = 41730)
erasing segment 4 (vno[0] = 67218)
erasing segment 5 (vno[0] = 69725)
#--------------------------------------------
#@# CortexLabel+HipAmyg rh Sun Mar 15 10:22:15 CET 2026
cd /out/sourcedata/freesurfer/sub-v2s10x28980_ses-1/mri
mri_label2label --label-cortex ../surf/rh.white.preaparc aseg.presurf.mgz 1 ../label/rh.cortex+hipamyg.label

 Generating cortex label... RemoveHipAmgy=1
 NucAccIsMedialWall=0
 mris->useRealRAS=0
11 non-cortical segments detected
only using segment with 3931 vertices
erasing segment 0 (vno[0] = 24473)
erasing segment 2 (vno[0] = 34142)
erasing segment 3 (vno[0] = 35111)
erasing segment 4 (vno[0] = 36112)
erasing segment 5 (vno[0] = 37388)
erasing segment 6 (vno[0] = 41730)
erasing segment 7 (vno[0] = 57685)
erasing segment 8 (vno[0] = 67218)
erasing segment 9 (vno[0] = 69725)
erasing segment 10 (vno[0] = 98130)
#--------------------------------------------
#@# Smooth2 rh Sun Mar 15 10:22:28 CET 2026
/out/sourcedata/freesurfer/sub-v2s10x28980_ses-1/scripts

 mris_smooth -n 3 -nw -seed 1234 ../surf/rh.white.preaparc ../surf/rh.smoothwm 

smoothing for 3 iterations
setting seed for random number generator to 1234
smoothing surface tessellation for 3 iterations...
smoothing complete - recomputing first and second fundamental forms...
#--------------------------------------------
#@# Inflation2 rh Sun Mar 15 10:22:31 CET 2026
/out/sourcedata/freesurfer/sub-v2s10x28980_ses-1/scripts

 mris_inflate ../surf/rh.smoothwm ../surf/rh.inflated 

Reading ../surf/rh.smoothwm
avg radius = 41.9 mm, total surface area = 74100 mm^2
step 000: RMS=0.170 (target=0.015)   step 005: RMS=0.114 (target=0.015)   step 010: RMS=0.084 (target=0.015)   step 015: RMS=0.070 (target=0.015)   step 020: RMS=0.059 (target=0.015)   step 025: RMS=0.049 (target=0.015)   step 030: RMS=0.041 (target=0.015)   step 035: RMS=0.034 (target=0.015)   step 040: RMS=0.029 (target=0.015)   step 045: RMS=0.026 (target=0.015)   step 050: RMS=0.023 (target=0.015)   step 055: RMS=0.021 (target=0.015)   step 060: RMS=0.020 (target=0.015)   writing inflated surface to ../surf/rh.inflated
writing sulcal depths to ../surf/rh.sulc

inflation complete.
inflation took 0.2 minutes
mris_inflate utimesec    83.948929
mris_inflate stimesec    0.582106
mris_inflate ru_maxrss   183344
mris_inflate ru_ixrss    0
mris_inflate ru_idrss    0
mris_inflate ru_isrss    0
mris_inflate ru_minflt   108268
mris_inflate ru_majflt   4
mris_inflate ru_nswap    0
mris_inflate ru_inblock  0
mris_inflate ru_oublock  9320
mris_inflate ru_msgsnd   0
mris_inflate ru_msgrcv   0
mris_inflate ru_nsignals 0
mris_inflate ru_nvcsw    10461
mris_inflate ru_nivcsw   435
#--------------------------------------------
#@# Curv .H and .K rh Sun Mar 15 10:22:45 CET 2026
/out/sourcedata/freesurfer/sub-v2s10x28980_ses-1/surf

 mris_curvature -w -seed 1234 rh.white.preaparc 

setting seed for random number generator to 1234
total integrated curvature = 11.086*4pi (139.317) --> -10 handles
ICI = 109.2, FI = 1268.3, variation=19386.783
writing Gaussian curvature to ./rh.white.preaparc.K...done.
writing mean curvature to ./rh.white.preaparc.H...done.
rm -f rh.white.H
ln -s rh.white.preaparc.H rh.white.H
rm -f rh.white.K
ln -s rh.white.preaparc.K rh.white.K

 mris_curvature -seed 1234 -thresh .999 -n -a 5 -w -distances 10 10 rh.inflated 

setting seed for random number generator to 1234
normalizing curvature values.
averaging curvature patterns 5 times.
sampling 10 neighbors out to a distance of 10 mm
203 vertices thresholded to be in k1 ~ [-0.22 0.29], k2 ~ [-0.11 0.07]
total integrated curvature = 0.649*4pi (8.153) --> 0 handles
ICI = 1.6, FI = 9.2, variation=159.565
107 vertices thresholded to be in [-0.01 0.02]
writing Gaussian curvature to ./rh.inflated.K...thresholding curvature at 99.90% level
curvature mean = 0.000, std = 0.001
122 vertices thresholded to be in [-0.13 0.15]
done.
writing mean curvature to ./rh.inflated.H...curvature mean = -0.017, std = 0.024
done.
#--------------------------------------------
#@# Sphere rh Sun Mar 15 10:23:24 CET 2026
/out/sourcedata/freesurfer/sub-v2s10x28980_ses-1/scripts

 mris_sphere -seed 1234 ../surf/rh.inflated ../surf/rh.sphere 

setting seed for random number genererator to 1234
version: 7.3.2
available threads: 16
reading original vertex positions...
projecting onto sphere...
surface projected - minimizing metric distortion...
scaling brain by 0.318...
MRISunfold() max_passes = 1 -------
tol=5.0e-01, sigma=0.0, host=dna05, nav=1024, nbrs=2, l_area=1.000, l_dist=1.000
using quadratic fit line minimization
complete_dist_mat 0
rms 0
smooth_averages 0
remove_neg 0
ico_order 0
which_surface 0
target_radius 0.000000
nfields 0
scale 1.000000
desired_rms_height -1.000000
momentum 0.900000
nbhd_size 7
max_nbrs 8
niterations 25
nsurfaces 0
SURFACES 3
flags 0 (0)
use curv 0
no sulc 0
no rigid align 0
mris->nsize 2
mris->hemisphere 1
randomSeed 1234

singular matrix in quadratic form
singular matrix in quadratic form
--------------------
  mrisRemoveNegativeArea()
pass 1: epoch 1 of 3 starting distance error %19.61
pass 1: epoch 2 of 3 starting distance error %19.61
unfolding complete - removing small folds...
starting distance error %19.57
removing remaining folds...
final distance error %19.57
MRISunfold() return, current seed 1234
-01: dt=0.0000, 149 negative triangles  VmPeak 1567128
087: dt=0.9900, 149 negative triangles
088: dt=0.9900,  29 negative triangles
089: dt=0.9900,  12 negative triangles
090: dt=0.9900,   6 negative triangles
091: dt=0.9900,   9 negative triangles
092: dt=0.9900,   3 negative triangles
093: dt=0.9900,   3 negative triangles
094: dt=0.9900,   2 negative triangles
095: dt=0.9900,   3 negative triangles
writing spherical brain to ../surf/rh.sphere
spherical transformation took 0.0302 hours
FSRUNTIME@ mris_sphere  0.0302 hours 16 threads
#VMPC# mris_sphere VmPeak  1567128
mris_sphere done
#--------------------------------------------
#@# Surf Reg rh Sun Mar 15 10:25:13 CET 2026
/out/sourcedata/freesurfer/sub-v2s10x28980_ses-1/scripts

 mris_register -curv ../surf/rh.sphere /opt/freesurfer/average/rh.folding.atlas.acfb40.noaparc.i12.2016-08-02.tif ../surf/rh.sphere.reg 

using smoothwm curvature for final alignment

cwd /out/sourcedata/freesurfer/sub-v2s10x28980_ses-1/scripts
cmdline mris_register -curv ../surf/rh.sphere /opt/freesurfer/average/rh.folding.atlas.acfb40.noaparc.i12.2016-08-02.tif ../surf/rh.sphere.reg 

0 inflated.H
1 sulc
2 smoothwm (computed)
7.3.2
  7.3.2
reading surface from ../surf/rh.sphere...
reading template parameterization from /opt/freesurfer/average/rh.folding.atlas.acfb40.noaparc.i12.2016-08-02.tif...
MRISregister() -------
max_passes = 4 
min_degrees = 0.500000 
max_degrees = 64.000000 
nangles = 8 
tol=5.0e-01, sigma=0.0, host=dna05, nav=1024, nbrs=1, l_extern=10000.000, l_parea=0.200, l_nlarea=1.000, l_corr=1.000, l_dist=5.000
using quadratic fit line minimization
complete_dist_mat 0
rms 0
smooth_averages 0
remove_neg 0
ico_order 0
which_surface 0
target_radius 0.000000
nfields 0
scale 0.000000
desired_rms_height -1.000000
momentum 0.950000
nbhd_size -10
max_nbrs 10
niterations 25
nsurfaces 0
SURFACES 3
flags 16 (10)
use curv 16
no sulc 0
no rigid align 0
mris->nsize 1
mris->hemisphere 1
randomSeed 0

tol=5.0e-01, sigma=0.0, host=dna05, nav=1024, nbrs=1, l_extern=10000.000, l_parea=0.200, l_nlarea=1.000, l_corr=1.000, l_dist=5.000
using quadratic fit line minimization
--------------------
1 Reading rh.sulc
tol=1.0e+00, sigma=0.5, host=dna05, nav=1024, nbrs=1, l_extern=10000.000, l_parea=0.200, l_nlarea=1.000, l_corr=0.050, l_spring=0.500, l_dist=5.000
using quadratic fit line minimization
curvature mean = 0.000, std = 5.756
curvature mean = 0.028, std = 0.801
curvature mean = 0.014, std = 0.882
Starting MRISrigidBodyAlignGlobal()
Starting new MRISrigidBodyAlignGlobal_findMinSSE()
  new MRISrigidBodyAlignGlobal_findMinSSE min @ (17.50, -6.50, 10.50) sse = 201683.4, elapsed since starting=0.0816 min
MRISrigidBodyAlignGlobal() done   0.08 min
curvature mean = 0.017, std = 0.833
curvature mean = 0.006, std = 0.957
curvature mean = 0.017, std = 0.845
curvature mean = 0.002, std = 0.984
curvature mean = 0.016, std = 0.848
curvature mean = 0.000, std = 0.994
2 Reading smoothwm
curvature mean = -0.021, std = 0.279
curvature mean = 0.039, std = 0.244
curvature mean = 0.061, std = 0.371
curvature mean = 0.037, std = 0.303
curvature mean = 0.030, std = 0.567
curvature mean = 0.036, std = 0.330
curvature mean = 0.015, std = 0.701
curvature mean = 0.036, std = 0.343
curvature mean = 0.004, std = 0.804
MRISregister() return, current seed 0
-01: dt=0.0000,   1 negative triangles  VmPeak 1674652
102: dt=0.9900,   1 negative triangles
expanding nbhd size to 1
103: dt=0.9900,   2 negative triangles
writing registered surface to ../surf/rh.sphere.reg...
registration took 0.05 hours
#VMPC# mris_register VmPeak  1674652
FSRUNTIME@ mris_register  0.0508 hours 16 threads

 ln -sf rh.sphere.reg rh.fsaverage.sphere.reg 

#--------------------------------------------
#@# Jacobian white rh Sun Mar 15 10:28:16 CET 2026
/out/sourcedata/freesurfer/sub-v2s10x28980_ses-1/scripts

 mris_jacobian ../surf/rh.white.preaparc ../surf/rh.sphere.reg ../surf/rh.jacobian_white 

reading surface from ../surf/rh.white.preaparc...
writing curvature file ../surf/rh.jacobian_white
#--------------------------------------------
#@# AvgCurv rh Sun Mar 15 10:28:17 CET 2026
/out/sourcedata/freesurfer/sub-v2s10x28980_ses-1/scripts

 mrisp_paint -a 5 /opt/freesurfer/average/rh.folding.atlas.acfb40.noaparc.i12.2016-08-02.tif#6 ../surf/rh.sphere.reg ../surf/rh.avg_curv 

averaging curvature patterns 5 times...
reading surface from ../surf/rh.sphere.reg...
reading template parameterization from /opt/freesurfer/average/rh.folding.atlas.acfb40.noaparc.i12.2016-08-02.tif...
writing curvature file to ../surf/rh.avg_curv...
#-----------------------------------------
#@# Cortical Parc rh Sun Mar 15 10:28:18 CET 2026
/out/sourcedata/freesurfer/sub-v2s10x28980_ses-1/scripts

 mris_ca_label -l ../label/rh.cortex.label -aseg ../mri/aseg.presurf.mgz -seed 1234 sub-v2s10x28980_ses-1 rh ../surf/rh.sphere.reg /opt/freesurfer/average/rh.DKaparc.atlas.acfb40.noaparc.i12.2016-08-02.gcs ../label/rh.aparc.annot 

setting seed for random number generator to 1234
using ../mri/aseg.presurf.mgz aseg volume to correct midline
7.3.2
  7.3.2
reading atlas from /opt/freesurfer/average/rh.DKaparc.atlas.acfb40.noaparc.i12.2016-08-02.gcs...
reading color table from GCSA file....
average std = 0.7   using min determinant for regularization = 0.004
0 singular and 309 ill-conditioned covariance matrices regularized
input 0: MEAN CURVATURE, flags 0, avgs 5, name mean_curvature
labeling surface...
1217 labels changed using aseg
relabeling using gibbs priors...
000:   2502 changed, 119111 examined...
001:    594 changed, 10995 examined...
002:    147 changed, 3392 examined...
003:     47 changed, 899 examined...
004:     16 changed, 290 examined...
005:      4 changed, 102 examined...
006:      5 changed, 26 examined...
007:      6 changed, 31 examined...
008:      2 changed, 36 examined...
009:      0 changed, 12 examined...
162 labels changed using aseg
000: 78 total segments, 41 labels (141 vertices) changed
001: 39 total segments, 2 labels (5 vertices) changed
002: 37 total segments, 0 labels (0 vertices) changed
10 filter iterations complete (10 requested, 1 changed)
rationalizing unknown annotations with cortex label
relabeling unknown label...
relabeling corpuscallosum label...
1472 vertices marked for relabeling...
1472 labels changed in reclassification.
writing output to ../label/rh.aparc.annot...
classification took 0 minutes and 9 seconds.
#--------------------------------------------
#@# WhiteSurfs rh Sun Mar 15 10:28:27 CET 2026
cd /out/sourcedata/freesurfer/sub-v2s10x28980_ses-1/mri
mris_place_surface --adgws-in ../surf/autodet.gw.stats.rh.dat --seg aseg.presurf.mgz --threads 16 --wm wm.mgz --invol brain.finalsurfs.mgz --rh --i ../surf/rh.white.preaparc --o ../surf/rh.white --white --nsmooth 0 --rip-label ../label/rh.cortex.label --rip-bg --rip-surf ../surf/rh.white.preaparc --aparc ../label/rh.aparc.annot
7.3.2
7.3.2

cd /out/sourcedata/freesurfer/sub-v2s10x28980_ses-1/mri
setenv SUBJECTS_DIR /out/sourcedata/freesurfer
mris_place_surface --adgws-in ../surf/autodet.gw.stats.rh.dat --seg aseg.presurf.mgz --threads 16 --wm wm.mgz --invol brain.finalsurfs.mgz --rh --i ../surf/rh.white.preaparc --o ../surf/rh.white --white --nsmooth 0 --rip-label ../label/rh.cortex.label --rip-bg --rip-surf ../surf/rh.white.preaparc --aparc ../label/rh.aparc.annot 

Reading in input surface ../surf/rh.white.preaparc
Not smoothing input surface
Area    238218  0.33951  0.11907 0.000692   2.2394
Corner  714654 60.00000 13.91087 0.210287 178.8897
Edge    357327  0.89598  0.19719 0.019112   3.9600
Hinge   357327  9.18592 10.60397 0.000019 179.3781
Reading in aparc ../label/rh.aparc.annot
Reading in input volume brain.finalsurfs.mgz
Reading in wm volume wm.mgz
MRIclipBrightWM(): nthresh=16641, wmmin=5, clip=110 
MRIfindBrightNonWM(): 0 bright non-wm voxels segmented.
Masking bright non-wm for white surface
MRImask(): AllowDiffGeom = 1
MRImask(): AllowDiffGeom = 1
Reading in seg volume aseg.presurf.mgz
Ripping frozen voxels
Ripping vertices not in label ../label/rh.cortex.label
MRISripNotLabel() ripped 7473/119111 vertices (111638 unripped)
Reading in ripping surface ../surf/rh.white.preaparc
Reading in aparc ../label/rh.aparc.annot for ripsurf
Ripping BG
MRISripBasalGanglia(): 1 -2 2 0.5 ripped 388
Ripping segs (eg, WMSA, BG, frozen)
Starting MRISripSegs() d = (-2 2 0.5) segnos: 247 
MRISripSegs(): -2 2 0.5 ripped 0
vertex 59556: xyz = (34.743,-3.43345,26.1685) oxyz = (34.743,-3.43345,26.1685) wxzy = (34.743,-3.43345,26.1685) pxyz = (0,0,0) 
CBVO Creating mask 119111
n_averages 4
Iteration 0 =========================================
n_averages=4, current_sigma=2
Computing target border values 
Entering MRIScomputeBorderValues_new(): 
  inside_hi   = 120.0000000;
  border_hi   = 112.1881260;
  border_low  =  71.0000000;
  outside_low =  61.9145580;
  outside_hi  = 112.1881260;
  sigma = 2;
  max_thickness = 10;
  step_size=0.5;
  STEP_SIZE=0.1;
  which = 1
  thresh = 0
  flags = 0
  CBVfindFirstPeakD1=0
  CBVfindFirstPeakD2=0
  nvertices=119111
  Gdiag_no=-1
  vno start=0, stop=119111
Replacing 255s with 0s
#SI# sigma=2 had to be increased for 93 vertices, nripped=7861
mean border=82.0, 57 (57) missing vertices, mean dist 0.3 [0.9 (%11.9)->0.5 (%88.1))]
%69 local maxima, %24 large gradients and % 0 min vals, 0 gradients ignored
nFirstPeakD1 0
MRIScomputeBorderValues_new() finished in 0.0126 min


Finding expansion regions
mean absolute distance = 0.52 +- 0.82
2144 vertices more than 2 sigmas from mean.
Averaging target values for 5 iterations...
Positioning Surface: tspring = 0.3, nspring = 0.3, spring = 0, niters = 100 l_repulse = 5, l_surf_repulse = 0, checktol = 0
Positioning pial surface
Entering MRISpositionSurface()
  max_mm = 0.3
  MAX_REDUCTIONS = 2, REDUCTION_PCT = 0.5
  parms->check_tol = 0, niterations = 100
tol=1.0e-04, sigma=2.0, host=dna05, nav=4, nbrs=2, l_repulse=5.000, l_tspring=0.300, l_nspring=0.300, l_intensity=0.200, l_curv=1.000
mom=0.00, dt=0.50
complete_dist_mat 0
rms 0
smooth_averages 0
remove_neg 0
ico_order 0
which_surface 0
target_radius 0.000000
nfields 0
scale 0.000000
desired_rms_height 0.000000
momentum 0.000000
nbhd_size 0
max_nbrs 0
niterations 100
nsurfaces 0
SURFACES 3
flags 0 (0)
use curv 0
no sulc 0
no rigid align 0
mris->nsize 2
mris->hemisphere 1
randomSeed 0

000: dt: 0.0000, sse=1222021.6, rms=6.877
001: dt: 0.5000, sse=498496.3, rms=3.848 (44.047%)
002: dt: 0.5000, sse=352366.6, rms=2.862 (25.622%)
003: dt: 0.5000, sse=330946.0, rms=2.675 (6.521%)
004: dt: 0.5000, sse=320877.8, rms=2.549 (4.714%)
rms = 2.6378/2.5492, sse=330843.2/320877.8, time step reduction 1 of 3 to 0.250  0 1 1
   RMS increased, rejecting step
005: dt: 0.2500, sse=242318.4, rms=1.722 (32.431%)
006: dt: 0.2500, sse=212872.5, rms=1.329 (22.838%)
007: dt: 0.2500, sse=206715.2, rms=1.218 (8.394%)
rms = 1.1757/1.2175, sse=206457.9/206715.2, time step reduction 2 of 3 to 0.125  0 0 1
008: dt: 0.2500, sse=206457.9, rms=1.176 (3.434%)
rms = 1.1375/1.1757, sse=204533.3/206457.9, time step reduction 3 of 3 to 0.062  0 0 1
009: dt: 0.1250, sse=204533.3, rms=1.138 (3.247%)
  maximum number of reductions reached, breaking from loop
positioning took 0.8 minutes
Iteration 1 =========================================
n_averages=2, current_sigma=1
Computing target border values 
Entering MRIScomputeBorderValues_new(): 
  inside_hi   = 120.0000000;
  border_hi   = 112.1881260;
  border_low  =  71.0000000;
  outside_low =  61.9145580;
  outside_hi  = 112.1881260;
  sigma = 1;
  max_thickness = 10;
  step_size=0.5;
  STEP_SIZE=0.1;
  which = 1
  thresh = 0
  flags = 0
  CBVfindFirstPeakD1=0
  CBVfindFirstPeakD2=0
  nvertices=119111
  Gdiag_no=-1
  vno start=0, stop=119111
Replacing 255s with 0s
#SI# sigma=1 had to be increased for 89 vertices, nripped=7861
mean border=85.0, 34 (5) missing vertices, mean dist -0.2 [0.3 (%79.1)->0.3 (%20.9))]
%80 local maxima, %13 large gradients and % 0 min vals, 0 gradients ignored
nFirstPeakD1 0
MRIScomputeBorderValues_new() finished in 0.0093 min


Finding expansion regions
mean absolute distance = 0.31 +- 0.57
1711 vertices more than 2 sigmas from mean.
Averaging target values for 5 iterations...
Positioning Surface: tspring = 0.3, nspring = 0.3, spring = 0, niters = 100 l_repulse = 5, l_surf_repulse = 0, checktol = 0
Positioning pial surface
Entering MRISpositionSurface()
  max_mm = 0.3
  MAX_REDUCTIONS = 2, REDUCTION_PCT = 0.5
  parms->check_tol = 0, niterations = 100
tol=1.0e-04, sigma=1.0, host=dna05, nav=2, nbrs=2, l_repulse=5.000, l_tspring=0.300, l_nspring=0.300, l_intensity=0.200, l_curv=1.000
mom=0.00, dt=0.50
000: dt: 0.0000, sse=566891.5, rms=4.147
010: dt: 0.5000, sse=325711.8, rms=2.540 (38.751%)
rms = 2.4941/2.5402, sse=321742.6/325711.8, time step reduction 1 of 3 to 0.250  0 0 1
011: dt: 0.5000, sse=321742.6, rms=2.494 (1.817%)
012: dt: 0.2500, sse=217909.1, rms=1.281 (48.639%)
013: dt: 0.2500, sse=207083.5, rms=1.069 (16.510%)
014: dt: 0.2500, sse=204693.1, rms=1.010 (5.531%)
rms = 0.9857/1.0103, sse=203600.4/204693.1, time step reduction 2 of 3 to 0.125  0 0 1
015: dt: 0.2500, sse=203600.4, rms=0.986 (2.436%)
rms = 0.9451/0.9857, sse=201922.9/203600.4, time step reduction 3 of 3 to 0.062  0 0 1
016: dt: 0.1250, sse=201922.9, rms=0.945 (4.119%)
  maximum number of reductions reached, breaking from loop
positioning took 0.5 minutes
Iteration 2 =========================================
n_averages=1, current_sigma=0.5
Computing target border values 
Entering MRIScomputeBorderValues_new(): 
  inside_hi   = 120.0000000;
  border_hi   = 112.1881260;
  border_low  =  71.0000000;
  outside_low =  61.9145580;
  outside_hi  = 112.1881260;
  sigma = 0.5;
  max_thickness = 10;
  step_size=0.5;
  STEP_SIZE=0.1;
  which = 1
  thresh = 0
  flags = 0
  CBVfindFirstPeakD1=0
  CBVfindFirstPeakD2=0
  nvertices=119111
  Gdiag_no=-1
  vno start=0, stop=119111
Replacing 255s with 0s
#SI# sigma=0.5 had to be increased for 88 vertices, nripped=7861
mean border=86.7, 63 (4) missing vertices, mean dist -0.1 [0.2 (%71.1)->0.2 (%28.9))]
%85 local maxima, % 8 large gradients and % 0 min vals, 0 gradients ignored
nFirstPeakD1 0
MRIScomputeBorderValues_new() finished in 0.0052 min


Finding expansion regions
mean absolute distance = 0.22 +- 0.40
1999 vertices more than 2 sigmas from mean.
Averaging target values for 5 iterations...
Positioning Surface: tspring = 0.3, nspring = 0.3, spring = 0, niters = 100 l_repulse = 5, l_surf_repulse = 0, checktol = 0
Positioning pial surface
Entering MRISpositionSurface()
  max_mm = 0.3
  MAX_REDUCTIONS = 2, REDUCTION_PCT = 0.5
  parms->check_tol = 0, niterations = 100
tol=1.0e-04, sigma=0.5, host=dna05, nav=1, nbrs=2, l_repulse=5.000, l_tspring=0.300, l_nspring=0.300, l_intensity=0.200, l_curv=1.000
mom=0.00, dt=0.50
000: dt: 0.0000, sse=309892.0, rms=2.437
017: dt: 0.5000, sse=279049.9, rms=2.091 (14.211%)
rms = 2.3535/2.0909, sse=301605.5/279049.9, time step reduction 1 of 3 to 0.250  0 1 1
   RMS increased, rejecting step
018: dt: 0.2500, sse=220049.3, rms=1.343 (35.771%)
019: dt: 0.2500, sse=200656.0, rms=0.980 (27.022%)
020: dt: 0.2500, sse=195963.1, rms=0.893 (8.897%)
rms = 0.8779/0.8929, sse=195188.7/195963.1, time step reduction 2 of 3 to 0.125  0 0 1
021: dt: 0.2500, sse=195188.7, rms=0.878 (1.676%)
rms = 0.8483/0.8779, sse=193939.7/195188.7, time step reduction 3 of 3 to 0.062  0 0 1
022: dt: 0.1250, sse=193939.7, rms=0.848 (3.376%)
  maximum number of reductions reached, breaking from loop
positioning took 0.5 minutes
Iteration 3 =========================================
n_averages=0, current_sigma=0.25
Computing target border values 
Entering MRIScomputeBorderValues_new(): 
  inside_hi   = 120.0000000;
  border_hi   = 112.1881260;
  border_low  =  71.0000000;
  outside_low =  61.9145580;
  outside_hi  = 112.1881260;
  sigma = 0.25;
  max_thickness = 10;
  step_size=0.5;
  STEP_SIZE=0.1;
  which = 1
  thresh = 0
  flags = 0
  CBVfindFirstPeakD1=0
  CBVfindFirstPeakD2=0
  nvertices=119111
  Gdiag_no=-1
  vno start=0, stop=119111
Replacing 255s with 0s
#SI# sigma=0.25 had to be increased for 91 vertices, nripped=7861
mean border=87.3, 90 (3) missing vertices, mean dist -0.0 [0.2 (%56.6)->0.2 (%43.4))]
%87 local maxima, % 6 large gradients and % 0 min vals, 0 gradients ignored
nFirstPeakD1 0
MRIScomputeBorderValues_new() finished in 0.0049 min


Finding expansion regions
mean absolute distance = 0.19 +- 0.34
1894 vertices more than 2 sigmas from mean.
Averaging target values for 5 iterations...
Positioning Surface: tspring = 0.3, nspring = 0.3, spring = 0, niters = 100 l_repulse = 5, l_surf_repulse = 0, checktol = 0
Positioning pial surface
Entering MRISpositionSurface()
  max_mm = 0.3
  MAX_REDUCTIONS = 2, REDUCTION_PCT = 0.5
  parms->check_tol = 0, niterations = 100
tol=1.0e-04, sigma=0.2, host=dna05, nav=0, nbrs=2, l_repulse=5.000, l_tspring=0.300, l_nspring=0.300, l_intensity=0.200, l_curv=1.000
mom=0.00, dt=0.50
000: dt: 0.0000, sse=206193.6, rms=1.161
rms = 1.1935/1.1608, sse=213657.4/206193.6, time step reduction 1 of 3 to 0.250  0 1 1
   RMS increased, rejecting step
023: dt: 0.2500, sse=192312.0, rms=0.830 (28.491%)
024: dt: 0.2500, sse=188065.1, rms=0.663 (20.100%)
rms = 0.6693/0.6632, sse=187772.1/188065.1, time step reduction 2 of 3 to 0.125  0 0 1
   RMS increased, rejecting step
rms = 0.6601/0.6632, sse=187541.1/188065.1, time step reduction 3 of 3 to 0.062  0 0 1
025: dt: 0.1250, sse=187541.1, rms=0.660 (0.465%)
  maximum number of reductions reached, breaking from loop
positioning took 0.3 minutes


Writing output to ../surf/rh.white
#ET# mris_place_surface  2.30 minutes
#VMPC# mris_place_surfaces VmPeak  2855220
mris_place_surface done
#--------------------------------------------
#@# T1PialSurf rh Sun Mar 15 10:30:51 CET 2026
cd /out/sourcedata/freesurfer/sub-v2s10x28980_ses-1/mri
mris_place_surface --adgws-in ../surf/autodet.gw.stats.rh.dat --seg aseg.presurf.mgz --threads 16 --wm wm.mgz --invol brain.finalsurfs.mgz --rh --i ../surf/rh.white --o ../surf/rh.pial.T1 --pial --nsmooth 0 --rip-label ../label/rh.cortex+hipamyg.label --pin-medial-wall ../label/rh.cortex.label --aparc ../label/rh.aparc.annot --repulse-surf ../surf/rh.white --white-surf ../surf/rh.white
7.3.2
7.3.2

cd /out/sourcedata/freesurfer/sub-v2s10x28980_ses-1/mri
setenv SUBJECTS_DIR /out/sourcedata/freesurfer
mris_place_surface --adgws-in ../surf/autodet.gw.stats.rh.dat --seg aseg.presurf.mgz --threads 16 --wm wm.mgz --invol brain.finalsurfs.mgz --rh --i ../surf/rh.white --o ../surf/rh.pial.T1 --pial --nsmooth 0 --rip-label ../label/rh.cortex+hipamyg.label --pin-medial-wall ../label/rh.cortex.label --aparc ../label/rh.aparc.annot --repulse-surf ../surf/rh.white --white-surf ../surf/rh.white 

Reading in input surface ../surf/rh.white
Not smoothing input surface
Area    238218  0.34274  0.13200 0.000648   2.0997
Corner  714654 60.00000 15.42493 0.173975 179.5171
Edge    357327  0.90184  0.21551 0.022257   3.6577
Hinge   357327  9.33641 11.10656 0.000016 179.9134
Reading white surface coordinates from ../surf/rh.white
Reading repulsion surface coordinates from ../surf/rh.white
Reading in aparc ../label/rh.aparc.annot
Reading in input volume brain.finalsurfs.mgz
Reading in wm volume wm.mgz
MRIclipBrightWM(): nthresh=16641, wmmin=5, clip=110 
MRIfindBrightNonWM(): 0 bright non-wm voxels segmented.
Masking bright non-wm for pial surface mid_gray = 69.7778
MRImask(): AllowDiffGeom = 1
MRImask(): AllowDiffGeom = 1
MRImask(): AllowDiffGeom = 1
Reading in seg volume aseg.presurf.mgz
Ripping frozen voxels
Ripping vertices not in label ../label/rh.cortex+hipamyg.label
MRISripNotLabel() ripped 4348/119111 vertices (114763 unripped)
INFO: rip surface needed but not specified, so using input surface
Ripping segs (eg, WMSA, BG, frozen)
Starting MRISripSegs() d = (-2 2 0.5) segnos: 247 
MRISripSegs(): -2 2 0.5 ripped 0
vertex 59556: xyz = (34.743,-3.43345,26.1685) oxyz = (34.743,-3.43345,26.1685) wxzy = (34.743,-3.43345,26.1685) pxyz = (34.743,-3.43345,26.1685) 
CBVO Creating mask 119111
n_averages 16
Iteration 0 =========================================
n_averages=16, current_sigma=2
Computing target border values 
Entering MRIScomputeBorderValues_new(): 
  inside_hi   =  95.8118740;
  border_hi   =  61.9145580;
  border_low  =  43.7436750;
  outside_low =  10.0000000;
  outside_hi  =  57.3718380;
  sigma = 2;
  max_thickness = 10;
  step_size=0.5;
  STEP_SIZE=0.1;
  which = 2
  thresh = 0
  flags = 0
  CBVfindFirstPeakD1=0
  CBVfindFirstPeakD2=0
  nvertices=119111
  Gdiag_no=-1
  vno start=0, stop=119111
Replacing 255s with 0s
#SI# sigma=2 had to be increased for 169 vertices, nripped=4348
mean border=60.5, 94 (94) missing vertices, mean dist 1.6 [1.8 (%0.0)->3.0 (%100.0))]
%13 local maxima, %39 large gradients and %44 min vals, 0 gradients ignored
nFirstPeakD1 0
MRIScomputeBorderValues_new() finished in 0.0116 min


Averaging target values for 5 iterations...
Positioning Surface: tspring = 0.3, nspring = 0.3, spring = 0, niters = 100 l_repulse = 0, l_surf_repulse = 5, checktol = 0
Positioning pial surface
Entering MRISpositionSurface()
  max_mm = 0.3
  MAX_REDUCTIONS = 2, REDUCTION_PCT = 0.5
  parms->check_tol = 0, niterations = 100
tol=1.0e-04, sigma=2.0, host=dna05, nav=16, nbrs=2, l_surf_repulse=5.000, l_tspring=0.300, l_nspring=0.300, l_intensity=0.200, l_curv=1.000
mom=0.00, dt=0.50
complete_dist_mat 0
rms 0
smooth_averages 0
remove_neg 0
ico_order 0
which_surface 0
target_radius 0.000000
nfields 0
scale 0.000000
desired_rms_height 0.000000
momentum 0.000000
nbhd_size 0
max_nbrs 0
niterations 100
nsurfaces 0
SURFACES 3
flags 0 (0)
use curv 0
no sulc 0
no rigid align 0
mris->nsize 2
mris->hemisphere 1
randomSeed 0

000: dt: 0.0000, sse=17403260.0, rms=27.408
001: dt: 0.5000, sse=11647487.0, rms=22.365 (18.399%)
002: dt: 0.5000, sse=7717811.0, rms=18.133 (18.924%)
003: dt: 0.5000, sse=5306952.5, rms=14.953 (17.536%)
004: dt: 0.5000, sse=3878903.8, rms=12.697 (15.084%)
005: dt: 0.5000, sse=2990380.2, rms=11.062 (12.879%)
006: dt: 0.5000, sse=2368398.0, rms=9.753 (11.833%)
007: dt: 0.5000, sse=1906425.5, rms=8.651 (11.299%)
008: dt: 0.5000, sse=1557849.0, rms=7.714 (10.836%)
009: dt: 0.5000, sse=1292760.2, rms=6.914 (10.369%)
010: dt: 0.5000, sse=1083184.0, rms=6.207 (10.221%)
011: dt: 0.5000, sse=917413.4, rms=5.584 (10.046%)
012: dt: 0.5000, sse=788475.1, rms=5.045 (9.653%)
013: dt: 0.5000, sse=695817.9, rms=4.617 (8.485%)
014: dt: 0.5000, sse=625503.3, rms=4.263 (7.662%)
015: dt: 0.5000, sse=576228.2, rms=3.995 (6.282%)
016: dt: 0.5000, sse=539362.1, rms=3.782 (5.341%)
017: dt: 0.5000, sse=515372.8, rms=3.635 (3.883%)
018: dt: 0.5000, sse=495920.1, rms=3.511 (3.401%)
019: dt: 0.5000, sse=483811.6, rms=3.430 (2.308%)
020: dt: 0.5000, sse=470272.0, rms=3.339 (2.659%)
021: dt: 0.5000, sse=462361.2, rms=3.283 (1.688%)
022: dt: 0.5000, sse=453045.1, rms=3.217 (2.009%)
rms = 3.1864/3.2167, sse=449212.7/453045.1, time step reduction 1 of 3 to 0.250  0 0 1
023: dt: 0.5000, sse=449212.7, rms=3.186 (0.943%)
024: dt: 0.2500, sse=387319.5, rms=2.708 (15.003%)
025: dt: 0.2500, sse=373394.6, rms=2.591 (4.349%)
rms = 2.5687/2.5905, sse=371022.4/373394.6, time step reduction 2 of 3 to 0.125  0 0 1
026: dt: 0.2500, sse=371022.4, rms=2.569 (0.844%)
027: dt: 0.1250, sse=362155.8, rms=2.488 (3.123%)
rms = 2.4724/2.4885, sse=360468.4/362155.8, time step reduction 3 of 3 to 0.062  0 0 1
028: dt: 0.1250, sse=360468.4, rms=2.472 (0.647%)
  maximum number of reductions reached, breaking from loop
positioning took 1.9 minutes
Iteration 1 =========================================
n_averages=8, current_sigma=1
Computing target border values 
Entering MRIScomputeBorderValues_new(): 
  inside_hi   =  95.8118740;
  border_hi   =  61.9145580;
  border_low  =  43.7436750;
  outside_low =  10.0000000;
  outside_hi  =  57.3718380;
  sigma = 1;
  max_thickness = 10;
  step_size=0.5;
  STEP_SIZE=0.1;
  which = 2
  thresh = 0
  flags = 0
  CBVfindFirstPeakD1=0
  CBVfindFirstPeakD2=0
  nvertices=119111
  Gdiag_no=-1
  vno start=0, stop=119111
Replacing 255s with 0s
#SI# sigma=1 had to be increased for 12262 vertices, nripped=4348
mean border=59.2, 1975 (15) missing vertices, mean dist 0.2 [0.2 (%43.7)->0.6 (%56.3))]
%24 local maxima, %32 large gradients and %39 min vals, 0 gradients ignored
nFirstPeakD1 0
MRIScomputeBorderValues_new() finished in 0.0054 min


Averaging target values for 5 iterations...
Positioning Surface: tspring = 0.3, nspring = 0.3, spring = 0, niters = 100 l_repulse = 0, l_surf_repulse = 5, checktol = 0
Positioning pial surface
Entering MRISpositionSurface()
  max_mm = 0.3
  MAX_REDUCTIONS = 2, REDUCTION_PCT = 0.5
  parms->check_tol = 0, niterations = 100
tol=1.0e-04, sigma=1.0, host=dna05, nav=8, nbrs=2, l_surf_repulse=5.000, l_tspring=0.300, l_nspring=0.300, l_intensity=0.200, l_curv=1.000
mom=0.00, dt=0.50
000: dt: 0.0000, sse=543796.4, rms=3.455
029: dt: 0.5000, sse=511686.9, rms=3.243 (6.133%)
030: dt: 0.5000, sse=491644.9, rms=3.118 (3.857%)
rms = 3.1897/3.1183, sse=502413.9/491644.9, time step reduction 1 of 3 to 0.250  0 1 1
   RMS increased, rejecting step
031: dt: 0.2500, sse=440597.2, rms=2.726 (12.582%)
032: dt: 0.2500, sse=423434.1, rms=2.577 (5.458%)
rms = 2.5535/2.5772, sse=420842.5/423434.1, time step reduction 2 of 3 to 0.125  0 0 1
033: dt: 0.2500, sse=420842.5, rms=2.553 (0.921%)
034: dt: 0.1250, sse=408783.5, rms=2.444 (4.289%)
rms = 2.4158/2.4439, sse=405747.5/408783.5, time step reduction 3 of 3 to 0.062  0 0 1
035: dt: 0.1250, sse=405747.5, rms=2.416 (1.151%)
  maximum number of reductions reached, breaking from loop
positioning took 0.5 minutes
Iteration 2 =========================================
n_averages=4, current_sigma=0.5
Computing target border values 
Entering MRIScomputeBorderValues_new(): 
  inside_hi   =  95.8118740;
  border_hi   =  61.9145580;
  border_low  =  43.7436750;
  outside_low =  10.0000000;
  outside_hi  =  57.3718380;
  sigma = 0.5;
  max_thickness = 10;
  step_size=0.5;
  STEP_SIZE=0.1;
  which = 2
  thresh = 0
  flags = 0
  CBVfindFirstPeakD1=0
  CBVfindFirstPeakD2=0
  nvertices=119111
  Gdiag_no=-1
  vno start=0, stop=119111
Replacing 255s with 0s
#SI# sigma=0.5 had to be increased for 13247 vertices, nripped=4348
mean border=58.4, 2186 (11) missing vertices, mean dist 0.1 [0.2 (%37.6)->0.5 (%62.4))]
%36 local maxima, %19 large gradients and %39 min vals, 0 gradients ignored
nFirstPeakD1 0
MRIScomputeBorderValues_new() finished in 0.0033 min


Averaging target values for 5 iterations...
Positioning Surface: tspring = 0.3, nspring = 0.3, spring = 0, niters = 100 l_repulse = 0, l_surf_repulse = 5, checktol = 0
Positioning pial surface
Entering MRISpositionSurface()
  max_mm = 0.3
  MAX_REDUCTIONS = 2, REDUCTION_PCT = 0.5
  parms->check_tol = 0, niterations = 100
tol=1.0e-04, sigma=0.5, host=dna05, nav=4, nbrs=2, l_surf_repulse=5.000, l_tspring=0.300, l_nspring=0.300, l_intensity=0.200, l_curv=1.000
mom=0.00, dt=0.50
000: dt: 0.0000, sse=458609.0, rms=2.813
rms = 2.8867/2.8127, sse=468168.4/458609.0, time step reduction 1 of 3 to 0.250  0 1 1
   RMS increased, rejecting step
036: dt: 0.2500, sse=433722.0, rms=2.610 (7.218%)
037: dt: 0.2500, sse=417861.2, rms=2.472 (5.271%)
rms = 2.4551/2.4721, sse=415834.8/417861.2, time step reduction 2 of 3 to 0.125  0 0 1
038: dt: 0.2500, sse=415834.8, rms=2.455 (0.690%)
039: dt: 0.1250, sse=406388.7, rms=2.367 (3.581%)
rms = 2.3383/2.3672, sse=403238.6/406388.7, time step reduction 3 of 3 to 0.062  0 0 1
040: dt: 0.1250, sse=403238.6, rms=2.338 (1.218%)
  maximum number of reductions reached, breaking from loop
positioning took 0.4 minutes
Iteration 3 =========================================
n_averages=2, current_sigma=0.25
Computing target border values 
Entering MRIScomputeBorderValues_new(): 
  inside_hi   =  95.8118740;
  border_hi   =  61.9145580;
  border_low  =  43.7436750;
  outside_low =  10.0000000;
  outside_hi  =  57.3718380;
  sigma = 0.25;
  max_thickness = 10;
  step_size=0.5;
  STEP_SIZE=0.1;
  which = 2
  thresh = 0
  flags = 0
  CBVfindFirstPeakD1=0
  CBVfindFirstPeakD2=0
  nvertices=119111
  Gdiag_no=-1
  vno start=0, stop=119111
Replacing 255s with 0s
#SI# sigma=0.25 had to be increased for 11773 vertices, nripped=4348
mean border=57.9, 4681 (8) missing vertices, mean dist 0.1 [0.2 (%39.8)->0.4 (%60.2))]
%40 local maxima, %15 large gradients and %38 min vals, 0 gradients ignored
nFirstPeakD1 0
MRIScomputeBorderValues_new() finished in 0.0022 min


Averaging target values for 5 iterations...
Positioning Surface: tspring = 0.3, nspring = 0.3, spring = 0, niters = 100 l_repulse = 0, l_surf_repulse = 5, checktol = 0
Positioning pial surface
Entering MRISpositionSurface()
  max_mm = 0.3
  MAX_REDUCTIONS = 2, REDUCTION_PCT = 0.5
  parms->check_tol = 0, niterations = 100
tol=1.0e-04, sigma=0.2, host=dna05, nav=2, nbrs=2, l_surf_repulse=5.000, l_tspring=0.300, l_nspring=0.300, l_intensity=0.200, l_curv=1.000
mom=0.00, dt=0.50
000: dt: 0.0000, sse=416796.5, rms=2.458
rms = 2.6642/2.4582, sse=439877.8/416796.5, time step reduction 1 of 3 to 0.250  0 1 1
   RMS increased, rejecting step
041: dt: 0.2500, sse=406455.7, rms=2.363 (3.860%)
rms = 2.3171/2.3633, sse=401044.6/406455.7, time step reduction 2 of 3 to 0.125  0 0 1
042: dt: 0.2500, sse=401044.6, rms=2.317 (1.956%)
rms = 2.2676/2.3171, sse=395988.4/401044.6, time step reduction 3 of 3 to 0.062  0 0 1
043: dt: 0.1250, sse=395988.4, rms=2.268 (2.135%)
  maximum number of reductions reached, breaking from loop
positioning took 0.2 minutes
Pinning medial wall to white surface
removing intersecting faces
000: 14 intersecting
terminating search with 0 intersecting


Writing output to ../surf/rh.pial.T1
#ET# mris_place_surface  3.18 minutes
#VMPC# mris_place_surfaces VmPeak  2314716
mris_place_surface done
#@# white curv rh Sun Mar 15 10:34:07 CET 2026
cd /out/sourcedata/freesurfer/sub-v2s10x28980_ses-1/mri
mris_place_surface --curv-map ../surf/rh.white 2 10 ../surf/rh.curv
insurf  ../surf/rh.white, nbrs 2, curvature_avgs 10
writing curvature file ../surf/rh.curv
#@# white area rh Sun Mar 15 10:34:09 CET 2026
cd /out/sourcedata/freesurfer/sub-v2s10x28980_ses-1/mri
mris_place_surface --area-map ../surf/rh.white ../surf/rh.area
writing curvature file ../surf/rh.area
#@# pial curv rh Sun Mar 15 10:34:09 CET 2026
cd /out/sourcedata/freesurfer/sub-v2s10x28980_ses-1/mri
mris_place_surface --curv-map ../surf/rh.pial 2 10 ../surf/rh.curv.pial
insurf  ../surf/rh.pial, nbrs 2, curvature_avgs 10
writing curvature file ../surf/rh.curv.pial
#@# pial area rh Sun Mar 15 10:34:11 CET 2026
cd /out/sourcedata/freesurfer/sub-v2s10x28980_ses-1/mri
mris_place_surface --area-map ../surf/rh.pial ../surf/rh.area.pial
writing curvature file ../surf/rh.area.pial
#@# thickness rh Sun Mar 15 10:34:12 CET 2026
cd /out/sourcedata/freesurfer/sub-v2s10x28980_ses-1/mri
mris_place_surface --thickness ../surf/rh.white ../surf/rh.pial 20 5 ../surf/rh.thickness
0 of 119111 vertices processed
25000 of 119111 vertices processed
50000 of 119111 vertices processed
75000 of 119111 vertices processed
100000 of 119111 vertices processed
0 of 119111 vertices processed
25000 of 119111 vertices processed
50000 of 119111 vertices processed
75000 of 119111 vertices processed
100000 of 119111 vertices processed
thickness calculation complete, 787:2097 truncations.
49740 vertices at 0 distance
90430 vertices at 1 distance
58862 vertices at 2 distance
23292 vertices at 3 distance
9053 vertices at 4 distance
3695 vertices at 5 distance
1585 vertices at 6 distance
673 vertices at 7 distance
297 vertices at 8 distance
161 vertices at 9 distance
116 vertices at 10 distance
70 vertices at 11 distance
47 vertices at 12 distance
42 vertices at 13 distance
42 vertices at 14 distance
29 vertices at 15 distance
22 vertices at 16 distance
12 vertices at 17 distance
22 vertices at 18 distance
9 vertices at 19 distance
23 vertices at 20 distance
writing curvature file ../surf/rh.thickness
#@# area and vertex vol rh Sun Mar 15 10:34:36 CET 2026
cd /out/sourcedata/freesurfer/sub-v2s10x28980_ses-1/mri
mris_place_surface --thickness ../surf/rh.white ../surf/rh.pial 20 5 ../surf/rh.thickness
/out/sourcedata/freesurfer/sub-v2s10x28980_ses-1/surf
mris_calc -o rh.area.mid rh.area add rh.area.pial
Saving result to 'rh.area.mid' (type = MRI_CURV_FILE)                       [ ok ]
mris_calc -o rh.area.mid rh.area.mid div 2
Saving result to 'rh.area.mid' (type = MRI_CURV_FILE)                       [ ok ]
mris_convert --volume sub-v2s10x28980_ses-1 rh /out/sourcedata/freesurfer/sub-v2s10x28980_ses-1/surf/rh.volume
masking with /out/sourcedata/freesurfer/sub-v2s10x28980_ses-1/label/rh.cortex.label
Total face volume 244376
Total vertex volume 244146 (mask=0)
#@# sub-v2s10x28980_ses-1 rh 244146
 
vertexvol Done

#-----------------------------------------
#@# Curvature Stats rh Sun Mar 15 10:34:38 CET 2026
/out/sourcedata/freesurfer/sub-v2s10x28980_ses-1/surf

 mris_curvature_stats -m --writeCurvatureFiles -G -o ../stats/rh.curv.stats -F smoothwm sub-v2s10x28980_ses-1 rh curv sulc 

             Toggling save flag on curvature files                       [ ok ]
                 Outputting results using filestem   [ ../stats/rh.curv.stats ]
             Toggling save flag on curvature files                       [ ok ]
                                   Setting surface [ sub-v2s10x28980_ses-1/rh.smoothwm ]
                                Reading surface...                       [ ok ]
                                   Setting texture                     [ curv ]
                                Reading texture...                       [ ok ]
                                   Setting texture                     [ sulc ]
                                Reading texture...Gb_filter = 0
                       [ ok ]
      Calculating Discrete Principal Curvatures...
      Determining geometric order for vno faces... [####################] [ ok ]
                      Determining KH curvatures... [####################] [ ok ]
                    Determining k1k2 curvatures... [####################] [ ok ]
                                   deltaViolations                      [ 217 ]
Gb_filter = 0
#-----------------------------------------
#@# Cortical Parc 2 rh Sun Mar 15 10:34:40 CET 2026
/out/sourcedata/freesurfer/sub-v2s10x28980_ses-1/scripts

 mris_ca_label -l ../label/rh.cortex.label -aseg ../mri/aseg.presurf.mgz -seed 1234 sub-v2s10x28980_ses-1 rh ../surf/rh.sphere.reg /opt/freesurfer/average/rh.CDaparc.atlas.acfb40.noaparc.i12.2016-08-02.gcs ../label/rh.aparc.a2009s.annot 

setting seed for random number generator to 1234
using ../mri/aseg.presurf.mgz aseg volume to correct midline
7.3.2
  7.3.2
reading atlas from /opt/freesurfer/average/rh.CDaparc.atlas.acfb40.noaparc.i12.2016-08-02.gcs...
reading color table from GCSA file....
average std = 1.4   using min determinant for regularization = 0.021
0 singular and 0 ill-conditioned covariance matrices regularized
input 0: MEAN CURVATURE, flags 0, avgs 5, name mean_curvature
labeling surface...
32 labels changed using aseg
relabeling using gibbs priors...
000:   8226 changed, 119111 examined...
001:   1837 changed, 32124 examined...
002:    519 changed, 9951 examined...
003:    243 changed, 3057 examined...
004:    125 changed, 1420 examined...
005:     57 changed, 717 examined...
006:     29 changed, 330 examined...
007:     18 changed, 180 examined...
008:     10 changed, 112 examined...
009:      7 changed, 54 examined...
010:      5 changed, 38 examined...
011:      3 changed, 24 examined...
012:      2 changed, 19 examined...
013:      1 changed, 13 examined...
014:      0 changed, 7 examined...
1 labels changed using aseg
000: 222 total segments, 137 labels (2184 vertices) changed
001: 94 total segments, 10 labels (60 vertices) changed
002: 84 total segments, 0 labels (0 vertices) changed
10 filter iterations complete (10 requested, 25 changed)
rationalizing unknown annotations with cortex label
relabeling Medial_wall label...
1084 vertices marked for relabeling...
1084 labels changed in reclassification.
writing output to ../label/rh.aparc.a2009s.annot...
classification took 0 minutes and 11 seconds.
#-----------------------------------------
#@# Cortical Parc 3 rh Sun Mar 15 10:34:52 CET 2026
/out/sourcedata/freesurfer/sub-v2s10x28980_ses-1/scripts

 mris_ca_label -l ../label/rh.cortex.label -aseg ../mri/aseg.presurf.mgz -seed 1234 sub-v2s10x28980_ses-1 rh ../surf/rh.sphere.reg /opt/freesurfer/average/rh.DKTaparc.atlas.acfb40.noaparc.i12.2016-08-02.gcs ../label/rh.aparc.DKTatlas.annot 

setting seed for random number generator to 1234
using ../mri/aseg.presurf.mgz aseg volume to correct midline
7.3.2
  7.3.2
reading atlas from /opt/freesurfer/average/rh.DKTaparc.atlas.acfb40.noaparc.i12.2016-08-02.gcs...
reading color table from GCSA file....
average std = 0.9   using min determinant for regularization = 0.009
0 singular and 325 ill-conditioned covariance matrices regularized
input 0: MEAN CURVATURE, flags 0, avgs 5, name mean_curvature
labeling surface...
1170 labels changed using aseg
relabeling using gibbs priors...
000:   1783 changed, 119111 examined...
001:    373 changed, 8440 examined...
002:     92 changed, 2200 examined...
003:     47 changed, 541 examined...
004:     19 changed, 249 examined...
005:     10 changed, 108 examined...
006:      1 changed, 62 examined...
007:      0 changed, 7 examined...
146 labels changed using aseg
000: 46 total segments, 13 labels (74 vertices) changed
001: 33 total segments, 0 labels (0 vertices) changed
10 filter iterations complete (10 requested, 3 changed)
rationalizing unknown annotations with cortex label
relabeling unknown label...
relabeling corpuscallosum label...
894 vertices marked for relabeling...
894 labels changed in reclassification.
writing output to ../label/rh.aparc.DKTatlas.annot...
classification took 0 minutes and 9 seconds.
#-----------------------------------------
#@# WM/GM Contrast rh Sun Mar 15 10:35:01 CET 2026
/out/sourcedata/freesurfer/sub-v2s10x28980_ses-1/scripts

 pctsurfcon --s sub-v2s10x28980_ses-1 --rh-only 

Log file is /out/sourcedata/freesurfer/sub-v2s10x28980_ses-1/scripts/pctsurfcon.log
Sun Mar 15 10:35:01 CET 2026
setenv SUBJECTS_DIR /out/sourcedata/freesurfer
cd /out/sourcedata/freesurfer/sub-v2s10x28980_ses-1/scripts
/opt/freesurfer/bin/pctsurfcon
pctsurfcon 7.3.2
Linux dna054 5.14.0-427.37.1.el9_4.x86_64 #1 SMP PREEMPT_DYNAMIC Fri Sep 13 12:41:50 EDT 2024 x86_64 x86_64 x86_64 GNU/Linux
FREESURFER_HOME /opt/freesurfer
mri_vol2surf --mov /out/sourcedata/freesurfer/sub-v2s10x28980_ses-1/mri/rawavg.mgz --hemi rh --noreshape --interp trilinear --projdist -1 --o /out/sourcedata/freesurfer/sub-v2s10x28980_ses-1/surf/tmp.pctsurfcon.918858/rh.wm.mgh --regheader sub-v2s10x28980_ses-1 --cortex
srcvol = /out/sourcedata/freesurfer/sub-v2s10x28980_ses-1/mri/rawavg.mgz
srcreg unspecified
srcregold = 0
srcwarp unspecified
surf = white
hemi = rh
ProjDist = -1
reshape = 0
interp = trilinear
float2int = round
GetProjMax = 0
INFO: float2int code = 0
Done loading volume
Computing registration from header.
  Using /out/sourcedata/freesurfer/sub-v2s10x28980_ses-1/mri/orig.mgz as target reference.
-------- original matrix -----------
-0.99719  -0.07498   0.00000  -0.00002;
 0.00000   0.00000   1.00000   0.00000;
 0.07498  -0.99719   0.00000   0.00000;
 0.00000   0.00000   0.00000   1.00000;
-------- original matrix -----------
Loading label /out/sourcedata/freesurfer/sub-v2s10x28980_ses-1/label/rh.cortex.label
Reading surface /out/sourcedata/freesurfer/sub-v2s10x28980_ses-1/surf/rh.white
Done reading source surface
Mapping Source Volume onto Source Subject Surface
Projecting -1 -1 1
 1 -1 -1 -1
using old
Done mapping volume to surface
Number of source voxels hit = 66666
Masking with /out/sourcedata/freesurfer/sub-v2s10x28980_ses-1/label/rh.cortex.label
Writing to /out/sourcedata/freesurfer/sub-v2s10x28980_ses-1/surf/tmp.pctsurfcon.918858/rh.wm.mgh
Dim: 119111 1 1
mri_vol2surf --mov /out/sourcedata/freesurfer/sub-v2s10x28980_ses-1/mri/rawavg.mgz --hemi rh --noreshape --interp trilinear --o /out/sourcedata/freesurfer/sub-v2s10x28980_ses-1/surf/tmp.pctsurfcon.918858/rh.gm.mgh --projfrac 0.3 --regheader sub-v2s10x28980_ses-1 --cortex
srcvol = /out/sourcedata/freesurfer/sub-v2s10x28980_ses-1/mri/rawavg.mgz
srcreg unspecified
srcregold = 0
srcwarp unspecified
surf = white
hemi = rh
ProjFrac = 0.3
thickness = thickness
reshape = 0
interp = trilinear
float2int = round
GetProjMax = 0
INFO: float2int code = 0
Done loading volume
Computing registration from header.
  Using /out/sourcedata/freesurfer/sub-v2s10x28980_ses-1/mri/orig.mgz as target reference.
-------- original matrix -----------
-0.99719  -0.07498   0.00000  -0.00002;
 0.00000   0.00000   1.00000   0.00000;
 0.07498  -0.99719   0.00000   0.00000;
 0.00000   0.00000   0.00000   1.00000;
-------- original matrix -----------
Loading label /out/sourcedata/freesurfer/sub-v2s10x28980_ses-1/label/rh.cortex.label
Reading surface /out/sourcedata/freesurfer/sub-v2s10x28980_ses-1/surf/rh.white
Done reading source surface
Reading thickness /out/sourcedata/freesurfer/sub-v2s10x28980_ses-1/surf/rh.thickness
Done
Mapping Source Volume onto Source Subject Surface
Projecting 0.3 0.3 1
 1 0.3 0.3 0.3
using old
Done mapping volume to surface
Number of source voxels hit = 77984
Masking with /out/sourcedata/freesurfer/sub-v2s10x28980_ses-1/label/rh.cortex.label
Writing to /out/sourcedata/freesurfer/sub-v2s10x28980_ses-1/surf/tmp.pctsurfcon.918858/rh.gm.mgh
Dim: 119111 1 1
mri_concat /out/sourcedata/freesurfer/sub-v2s10x28980_ses-1/surf/tmp.pctsurfcon.918858/rh.wm.mgh /out/sourcedata/freesurfer/sub-v2s10x28980_ses-1/surf/tmp.pctsurfcon.918858/rh.gm.mgh --paired-diff-norm --mul 100 --o /out/sourcedata/freesurfer/sub-v2s10x28980_ses-1/surf/rh.w-g.pct.mgh
ninputs = 2
Checking inputs
nframestot = 2
Allocing output
Done allocing
Combining pairs
nframes = 1
Multiplying by 100.000000
Writing to /out/sourcedata/freesurfer/sub-v2s10x28980_ses-1/surf/rh.w-g.pct.mgh
mri_segstats --in /out/sourcedata/freesurfer/sub-v2s10x28980_ses-1/surf/rh.w-g.pct.mgh --annot sub-v2s10x28980_ses-1 rh aparc --sum /out/sourcedata/freesurfer/sub-v2s10x28980_ses-1/stats/rh.w-g.pct.stats --snr

7.3.2
cwd 
cmdline mri_segstats --in /out/sourcedata/freesurfer/sub-v2s10x28980_ses-1/surf/rh.w-g.pct.mgh --annot sub-v2s10x28980_ses-1 rh aparc --sum /out/sourcedata/freesurfer/sub-v2s10x28980_ses-1/stats/rh.w-g.pct.stats --snr 
sysname  Linux
hostname dna054
machine  x86_64
user     oesteban
whitesurfname  white
UseRobust  0
Constructing seg from annotation

Reading annotation /out/sourcedata/freesurfer/sub-v2s10x28980_ses-1/label/rh.aparc.annot
Seg base 2000
Loading /out/sourcedata/freesurfer/sub-v2s10x28980_ses-1/surf/rh.w-g.pct.mgh
Vertex Area is 0.685467 mm^3
Generating list of segmentation ids
Found  36 segmentations
Computing statistics for each segmentation

Reporting on  35 segmentations
Using PrintSegStat
mri_segstats done
Cleaning up

Started at Sun Mar 15 10:15:59 CET 2026 
Ended   at Sun Mar 15 10:35:04 CET 2026
#@#%# recon-all-run-time-hours 0.318
recon-all -s sub-v2s10x28980_ses-1 finished without error at Sun Mar 15 10:35:04 CET 2026



#New# invocation of recon-all 




Sun Mar 15 10:41:53 CET 2026
cd /out/sourcedata/freesurfer/sub-v2s10x28980_ses-1
setenv SUBJECTS_DIR /out/sourcedata/freesurfer
/opt/freesurfer/bin/recon-all -autorecon-hemi rh -nohyporelabel -rh-only -openmp 16 -subjid sub-v2s10x28980_ses-1 -sd /out/sourcedata/freesurfer -notessellate -nosmooth1 -noinflate1 -noqsphere -nofix -nowhite -nosmooth2 -noinflate2 -nocurvHK -nocurvstats -nosphere -nosurfreg -nojacobian_white -noavgcurv -nocortparc -nopial -nocortparc2 -nocortparc3 -nopctsurfcon

subjid sub-v2s10x28980_ses-1
setenv SUBJECTS_DIR /out/sourcedata/freesurfer
FREESURFER_HOME /opt/freesurfer
Actual FREESURFER_HOME /opt/freesurfer
build-stamp.txt: freesurfer-linux-ubuntu22_x86_64-7.3.2-20220804-6354275
Linux dna054 5.14.0-427.37.1.el9_4.x86_64 #1 SMP PREEMPT_DYNAMIC Fri Sep 13 12:41:50 EDT 2024 x86_64 x86_64 x86_64 GNU/Linux
cputime      unlimited
filesize     unlimited
datasize     unlimited
stacksize    8192 kbytes
coredumpsize 0 kbytes
memoryuse    67108864 kbytes
vmemoryuse   unlimited
descriptors  1024 
memorylocked unlimited
maxproc      2061970 
maxlocks     unlimited
maxsignal    2061970 
maxmessage   819200 
maxnice      0 
maxrtprio    0 
maxrttime    unlimited

               total        used        free      shared  buff/cache   available
Mem:           503Gi        52Gi       415Gi        11Gi        36Gi       437Gi
Swap:             0B          0B          0B

########################################
program versions used
7.3.2 (freesurfer-linux-ubuntu22_x86_64-7.3.2-20220804-6354275)
7.3.2

ProgramName: lta_convert  ProgramArguments: lta_convert -all-info  ProgramVersion: 7.3.2  TimeStamp: 2026/03/15-09:41:53-GMT  BuildTime: Aug  4 2022 06:17:15  BuildStamp: freesurfer-linux-ubuntu22_x86_64-7.3.2-20220804-6354275  User: oesteban  Machine: dna054  Platform: Linux  PlatformVersion: 5.14.0-427.37.1.el9_4.x86_64  CompilerName: GCC  CompilerVersion: 8.4.0
ProgramName: mri_and  ProgramArguments: mri_and -all-info  ProgramVersion: 7.3.2  TimeStamp: 2026/03/15-09:41:53-GMT  BuildTime: Aug  4 2022 06:17:15  BuildStamp: freesurfer-linux-ubuntu22_x86_64-7.3.2-20220804-6354275  User: oesteban  Machine: dna054  Platform: Linux  PlatformVersion: 5.14.0-427.37.1.el9_4.x86_64  CompilerName: GCC  CompilerVersion: 8.4.0
ProgramName: mri_annotation2label  ProgramArguments: mri_annotation2label -all-info  ProgramVersion: 7.3.2  TimeStamp: 2026/03/15-09:41:53-GMT  BuildTime: Aug  4 2022 06:17:15  BuildStamp: freesurfer-linux-ubuntu22_x86_64-7.3.2-20220804-6354275  User: oesteban  Machine: dna054  Platform: Linux  PlatformVersion: 5.14.0-427.37.1.el9_4.x86_64  CompilerName: GCC  CompilerVersion: 8.4.0
ProgramName: mri_aparc2aseg  ProgramArguments: mri_aparc2aseg -all-info  ProgramVersion: 7.3.2  TimeStamp: 2026/03/15-09:41:53-GMT  BuildTime: Aug  4 2022 06:17:15  BuildStamp: freesurfer-linux-ubuntu22_x86_64-7.3.2-20220804-6354275  User: oesteban  Machine: dna054  Platform: Linux  PlatformVersion: 5.14.0-427.37.1.el9_4.x86_64  CompilerName: GCC  CompilerVersion: 8.4.0
ProgramName: mri_surf2volseg  ProgramArguments: mri_surf2volseg -all-info  ProgramVersion: 7.3.2  TimeStamp: 2026/03/15-09:41:53-GMT  BuildTime: Aug  4 2022 06:17:15  BuildStamp: freesurfer-linux-ubuntu22_x86_64-7.3.2-20220804-6354275  User: oesteban  Machine: dna054  Platform: Linux  PlatformVersion: 5.14.0-427.37.1.el9_4.x86_64  CompilerName: GCC  CompilerVersion: 8.4.0
ProgramName: mri_binarize  ProgramArguments: mri_binarize -all-info  ProgramVersion: 7.3.2  TimeStamp: 2026/03/15-09:41:53-GMT  BuildTime: Aug  4 2022 06:17:15  BuildStamp: freesurfer-linux-ubuntu22_x86_64-7.3.2-20220804-6354275  User: oesteban  Machine: dna054  Platform: Linux  PlatformVersion: 5.14.0-427.37.1.el9_4.x86_64  CompilerName: GCC  CompilerVersion: 8.4.0
ProgramName: mri_ca_label  ProgramArguments: mri_ca_label -all-info  ProgramVersion: 7.3.2  TimeStamp: 2026/03/15-09:41:53-GMT  BuildTime: Aug  4 2022 06:17:15  BuildStamp: freesurfer-linux-ubuntu22_x86_64-7.3.2-20220804-6354275  User: oesteban  Machine: dna054  Platform: Linux  PlatformVersion: 5.14.0-427.37.1.el9_4.x86_64  CompilerName: GCC  CompilerVersion: 8.4.0
ProgramName: mri_ca_normalize  ProgramArguments: mri_ca_normalize -all-info  ProgramVersion: 7.3.2  TimeStamp: 2026/03/15-09:41:53-GMT  BuildTime: Aug  4 2022 06:17:15  BuildStamp: freesurfer-linux-ubuntu22_x86_64-7.3.2-20220804-6354275  User: oesteban  Machine: dna054  Platform: Linux  PlatformVersion: 5.14.0-427.37.1.el9_4.x86_64  CompilerName: GCC  CompilerVersion: 8.4.0
ProgramName: mri_ca_register  ProgramArguments: mri_ca_register -all-info  ProgramVersion: 7.3.2  TimeStamp: 2026/03/15-09:41:53-GMT  BuildTime: Aug  4 2022 06:17:15  BuildStamp: freesurfer-linux-ubuntu22_x86_64-7.3.2-20220804-6354275  User: oesteban  Machine: dna054  Platform: Linux  PlatformVersion: 5.14.0-427.37.1.el9_4.x86_64  CompilerName: GCC  CompilerVersion: 8.4.0
ProgramName: mri_cc  ProgramArguments: mri_cc -all-info  ProgramVersion: 7.3.2  TimeStamp: 2026/03/15-09:41:53-GMT  BuildTime: Aug  4 2022 06:17:15  BuildStamp: freesurfer-linux-ubuntu22_x86_64-7.3.2-20220804-6354275  User: oesteban  Machine: dna054  Platform: Linux  PlatformVersion: 5.14.0-427.37.1.el9_4.x86_64  CompilerName: GCC  CompilerVersion: 8.4.0
ProgramName: mri_compute_overlap  ProgramArguments: mri_compute_overlap -all-info  ProgramVersion: 7.3.2  TimeStamp: 2026/03/15-09:41:53-GMT  BuildTime: Aug  4 2022 06:17:15  BuildStamp: freesurfer-linux-ubuntu22_x86_64-7.3.2-20220804-6354275  User: oesteban  Machine: dna054  Platform: Linux  PlatformVersion: 5.14.0-427.37.1.el9_4.x86_64  CompilerName: GCC  CompilerVersion: 8.4.0
ProgramName: mri_compute_seg_overlap  ProgramArguments: mri_compute_seg_overlap -all-info  ProgramVersion: 7.3.2  TimeStamp: 2026/03/15-09:41:53-GMT  BuildTime: Aug  4 2022 06:17:15  BuildStamp: freesurfer-linux-ubuntu22_x86_64-7.3.2-20220804-6354275  User: oesteban  Machine: dna054  Platform: Linux  PlatformVersion: 5.14.0-427.37.1.el9_4.x86_64  CompilerName: GCC  CompilerVersion: 8.4.0
ProgramName: mri_concat  ProgramArguments: mri_concat -all-info  ProgramVersion: 7.3.2  TimeStamp: 2026/03/15-09:41:53-GMT  BuildTime: Aug  4 2022 06:17:15  BuildStamp: freesurfer-linux-ubuntu22_x86_64-7.3.2-20220804-6354275  User: oesteban  Machine: dna054  Platform: Linux  PlatformVersion: 5.14.0-427.37.1.el9_4.x86_64  CompilerName: GCC  CompilerVersion: 8.4.0
ProgramName: mri_concatenate_lta  ProgramArguments: mri_concatenate_lta -all-info  ProgramVersion: 7.3.2  TimeStamp: 2026/03/15-09:41:53-GMT  BuildTime: Aug  4 2022 06:17:15  BuildStamp: freesurfer-linux-ubuntu22_x86_64-7.3.2-20220804-6354275  User: oesteban  Machine: dna054  Platform: Linux  PlatformVersion: 5.14.0-427.37.1.el9_4.x86_64  CompilerName: GCC  CompilerVersion: 8.4.0
mri_convert -all-info 
ProgramName: mri_convert  ProgramArguments: mri_convert -all-info  ProgramVersion: 7.3.2  TimeStamp: 2026/03/15-09:41:53-GMT  BuildTime: Aug  4 2022 06:17:15  BuildStamp: freesurfer-linux-ubuntu22_x86_64-7.3.2-20220804-6354275  User: oesteban  Machine: dna054  Platform: Linux  PlatformVersion: 5.14.0-427.37.1.el9_4.x86_64  CompilerName: GCC  CompilerVersion: 8.4.0
ProgramName: mri_diff  ProgramArguments: mri_diff -all-info  ProgramVersion: 7.3.2  TimeStamp: 2026/03/15-09:41:53-GMT  BuildTime: Aug  4 2022 06:17:15  BuildStamp: freesurfer-linux-ubuntu22_x86_64-7.3.2-20220804-6354275  User: oesteban  Machine: dna054  Platform: Linux  PlatformVersion: 5.14.0-427.37.1.el9_4.x86_64  CompilerName: GCC  CompilerVersion: 8.4.0
ProgramName: mri_edit_wm_with_aseg  ProgramArguments: mri_edit_wm_with_aseg -all-info  ProgramVersion: 7.3.2  TimeStamp: 2026/03/15-09:41:53-GMT  BuildTime: Aug  4 2022 06:17:15  BuildStamp: freesurfer-linux-ubuntu22_x86_64-7.3.2-20220804-6354275  User: oesteban  Machine: dna054  Platform: Linux  PlatformVersion: 5.14.0-427.37.1.el9_4.x86_64  CompilerName: GCC  CompilerVersion: 8.4.0
ProgramName: mri_em_register  ProgramArguments: mri_em_register -all-info  ProgramVersion: 7.3.2  TimeStamp: 2026/03/15-09:41:53-GMT  BuildTime: Aug  4 2022 06:17:15  BuildStamp: freesurfer-linux-ubuntu22_x86_64-7.3.2-20220804-6354275  User: oesteban  Machine: dna054  Platform: Linux  PlatformVersion: 5.14.0-427.37.1.el9_4.x86_64  CompilerName: GCC  CompilerVersion: 8.4.0
ProgramName: mri_fill  ProgramArguments: mri_fill -all-info  ProgramVersion: 7.3.2  TimeStamp: 2026/03/15-09:41:53-GMT  BuildTime: Aug  4 2022 06:17:15  BuildStamp: freesurfer-linux-ubuntu22_x86_64-7.3.2-20220804-6354275  User: oesteban  Machine: dna054  Platform: Linux  PlatformVersion: 5.14.0-427.37.1.el9_4.x86_64  CompilerName: GCC  CompilerVersion: 8.4.0
ProgramName: mri_fuse_segmentations  ProgramArguments: mri_fuse_segmentations -all-info  ProgramVersion: 7.3.2  TimeStamp: 2026/03/15-09:41:53-GMT  BuildTime: Aug  4 2022 06:17:15  BuildStamp: freesurfer-linux-ubuntu22_x86_64-7.3.2-20220804-6354275  User: oesteban  Machine: dna054  Platform: Linux  PlatformVersion: 5.14.0-427.37.1.el9_4.x86_64  CompilerName: GCC  CompilerVersion: 8.4.0
ProgramName: mri_fwhm  ProgramArguments: mri_fwhm -all-info  ProgramVersion: 7.3.2  TimeStamp: 2026/03/15-09:41:53-GMT  BuildTime: Aug  4 2022 06:17:15  BuildStamp: freesurfer-linux-ubuntu22_x86_64-7.3.2-20220804-6354275  User: oesteban  Machine: dna054  Platform: Linux  PlatformVersion: 5.14.0-427.37.1.el9_4.x86_64  CompilerName: GCC  CompilerVersion: 8.4.0
ProgramName: mri_gcut  ProgramArguments: mri_gcut -all-info  ProgramVersion: 7.3.2  TimeStamp: 2026/03/15-09:41:53-GMT  BuildTime: Aug  4 2022 06:17:15  BuildStamp: freesurfer-linux-ubuntu22_x86_64-7.3.2-20220804-6354275  User: oesteban  Machine: dna054  Platform: Linux  PlatformVersion: 5.14.0-427.37.1.el9_4.x86_64  CompilerName: GCC  CompilerVersion: 8.4.0
ProgramName: mri_info  ProgramArguments: mri_info -all-info  ProgramVersion: 7.3.2  TimeStamp: 2026/03/15-09:41:53-GMT  BuildTime: Aug  4 2022 06:17:15  BuildStamp: freesurfer-linux-ubuntu22_x86_64-7.3.2-20220804-6354275  User: oesteban  Machine: dna054  Platform: Linux  PlatformVersion: 5.14.0-427.37.1.el9_4.x86_64  CompilerName: GCC  CompilerVersion: 8.4.0
ProgramName: mri_label2label  ProgramArguments: mri_label2label -all-info  ProgramVersion: 7.3.2  TimeStamp: 2026/03/15-09:41:53-GMT  BuildTime: Aug  4 2022 06:17:15  BuildStamp: freesurfer-linux-ubuntu22_x86_64-7.3.2-20220804-6354275  User: oesteban  Machine: dna054  Platform: Linux  PlatformVersion: 5.14.0-427.37.1.el9_4.x86_64  CompilerName: GCC  CompilerVersion: 8.4.0
ProgramName: mri_label2vol  ProgramArguments: mri_label2vol -all-info  ProgramVersion: 7.3.2  TimeStamp: 2026/03/15-09:41:53-GMT  BuildTime: Aug  4 2022 06:17:15  BuildStamp: freesurfer-linux-ubuntu22_x86_64-7.3.2-20220804-6354275  User: oesteban  Machine: dna054  Platform: Linux  PlatformVersion: 5.14.0-427.37.1.el9_4.x86_64  CompilerName: GCC  CompilerVersion: 8.4.0
ProgramName: mri_log_likelihood  ProgramArguments: mri_log_likelihood -all-info  ProgramVersion: 7.3.2  TimeStamp: 2026/03/15-09:41:53-GMT  BuildTime: Aug  4 2022 06:17:15  BuildStamp: freesurfer-linux-ubuntu22_x86_64-7.3.2-20220804-6354275  User: oesteban  Machine: dna054  Platform: Linux  PlatformVersion: 5.14.0-427.37.1.el9_4.x86_64  CompilerName: GCC  CompilerVersion: 8.4.0
ProgramName: mri_mask  ProgramArguments: mri_mask -all-info  ProgramVersion: 7.3.2  TimeStamp: 2026/03/15-09:41:53-GMT  BuildTime: Aug  4 2022 06:17:15  BuildStamp: freesurfer-linux-ubuntu22_x86_64-7.3.2-20220804-6354275  User: oesteban  Machine: dna054  Platform: Linux  PlatformVersion: 5.14.0-427.37.1.el9_4.x86_64  CompilerName: GCC  CompilerVersion: 8.4.0
ProgramName: mri_matrix_multiply  ProgramArguments: mri_matrix_multiply -all-info  ProgramVersion: 7.3.2  TimeStamp: 2026/03/15-09:41:53-GMT  BuildTime: Aug  4 2022 06:17:15  BuildStamp: freesurfer-linux-ubuntu22_x86_64-7.3.2-20220804-6354275  User: oesteban  Machine: dna054  Platform: Linux  PlatformVersion: 5.14.0-427.37.1.el9_4.x86_64  CompilerName: GCC  CompilerVersion: 8.4.0
ProgramName: mri_normalize  ProgramArguments: mri_normalize -all-info  ProgramVersion: 7.3.2  TimeStamp: 2026/03/15-09:41:53-GMT  BuildTime: Aug  4 2022 06:17:15  BuildStamp: freesurfer-linux-ubuntu22_x86_64-7.3.2-20220804-6354275  User: oesteban  Machine: dna054  Platform: Linux  PlatformVersion: 5.14.0-427.37.1.el9_4.x86_64  CompilerName: GCC  CompilerVersion: 8.4.0
ProgramName: mri_normalize_tp2  ProgramArguments: mri_normalize_tp2 -all-info  ProgramVersion: 7.3.2  TimeStamp: 2026/03/15-09:41:53-GMT  BuildTime: Aug  4 2022 06:17:15  BuildStamp: freesurfer-linux-ubuntu22_x86_64-7.3.2-20220804-6354275  User: oesteban  Machine: dna054  Platform: Linux  PlatformVersion: 5.14.0-427.37.1.el9_4.x86_64  CompilerName: GCC  CompilerVersion: 8.4.0
ProgramName: mri_or  ProgramArguments: mri_or -all-info  ProgramVersion: 7.3.2  TimeStamp: 2026/03/15-09:41:53-GMT  BuildTime: Aug  4 2022 06:17:15  BuildStamp: freesurfer-linux-ubuntu22_x86_64-7.3.2-20220804-6354275  User: oesteban  Machine: dna054  Platform: Linux  PlatformVersion: 5.14.0-427.37.1.el9_4.x86_64  CompilerName: GCC  CompilerVersion: 8.4.0
ProgramName: mri_relabel_hypointensities  ProgramArguments: mri_relabel_hypointensities -all-info  ProgramVersion: 7.3.2  TimeStamp: 2026/03/15-09:41:53-GMT  BuildTime: Aug  4 2022 06:17:15  BuildStamp: freesurfer-linux-ubuntu22_x86_64-7.3.2-20220804-6354275  User: oesteban  Machine: dna054  Platform: Linux  PlatformVersion: 5.14.0-427.37.1.el9_4.x86_64  CompilerName: GCC  CompilerVersion: 8.4.0
ProgramName: mri_relabel_nonwm_hypos  ProgramArguments: mri_relabel_nonwm_hypos -all-info  ProgramVersion: 7.3.2  TimeStamp: 2026/03/15-09:41:53-GMT  BuildTime: Aug  4 2022 06:17:15  BuildStamp: freesurfer-linux-ubuntu22_x86_64-7.3.2-20220804-6354275  User: oesteban  Machine: dna054  Platform: Linux  PlatformVersion: 5.14.0-427.37.1.el9_4.x86_64  CompilerName: GCC  CompilerVersion: 8.4.0
ProgramName: mri_remove_neck  ProgramArguments: mri_remove_neck -all-info  ProgramVersion: 7.3.2  TimeStamp: 2026/03/15-09:41:53-GMT  BuildTime: Aug  4 2022 06:17:15  BuildStamp: freesurfer-linux-ubuntu22_x86_64-7.3.2-20220804-6354275  User: oesteban  Machine: dna054  Platform: Linux  PlatformVersion: 5.14.0-427.37.1.el9_4.x86_64  CompilerName: GCC  CompilerVersion: 8.4.0
7.3.2

ProgramName: mri_robust_register  ProgramArguments: mri_robust_register -all-info  ProgramVersion: 7.3.2  TimeStamp: 2026/03/15-09:41:53-GMT  BuildTime: Aug  4 2022 06:17:15  BuildStamp: freesurfer-linux-ubuntu22_x86_64-7.3.2-20220804-6354275  User: oesteban  Machine: dna054  Platform: Linux  PlatformVersion: 5.14.0-427.37.1.el9_4.x86_64  CompilerName: GCC  CompilerVersion: 8.4.0
7.3.2

ProgramName: mri_robust_template  ProgramArguments: mri_robust_template -all-info  ProgramVersion: 7.3.2  TimeStamp: 2026/03/15-09:41:53-GMT  BuildTime: Aug  4 2022 06:17:15  BuildStamp: freesurfer-linux-ubuntu22_x86_64-7.3.2-20220804-6354275  User: oesteban  Machine: dna054  Platform: Linux  PlatformVersion: 5.14.0-427.37.1.el9_4.x86_64  CompilerName: GCC  CompilerVersion: 8.4.0
ProgramName: mris_anatomical_stats  ProgramArguments: mris_anatomical_stats -all-info  ProgramVersion: 7.3.2  TimeStamp: 2026/03/15-09:41:53-GMT  BuildTime: Aug  4 2022 06:17:15  BuildStamp: freesurfer-linux-ubuntu22_x86_64-7.3.2-20220804-6354275  User: oesteban  Machine: dna054  Platform: Linux  PlatformVersion: 5.14.0-427.37.1.el9_4.x86_64  CompilerName: GCC  CompilerVersion: 8.4.0
ProgramName: mris_ca_label  ProgramArguments: mris_ca_label -all-info  ProgramVersion: 7.3.2  TimeStamp: 2026/03/15-09:41:53-GMT  BuildTime: Aug  4 2022 06:17:15  BuildStamp: freesurfer-linux-ubuntu22_x86_64-7.3.2-20220804-6354275  User: oesteban  Machine: dna054  Platform: Linux  PlatformVersion: 5.14.0-427.37.1.el9_4.x86_64  CompilerName: GCC  CompilerVersion: 8.4.0
ProgramName: mris_calc  ProgramArguments: mris_calc -all-info  ProgramVersion: 7.3.2  TimeStamp: 2026/03/15-09:41:53-GMT  BuildTime: Aug  4 2022 06:17:15  BuildStamp: freesurfer-linux-ubuntu22_x86_64-7.3.2-20220804-6354275  User: oesteban  Machine: dna054  Platform: Linux  PlatformVersion: 5.14.0-427.37.1.el9_4.x86_64  CompilerName: GCC  CompilerVersion: 8.4.0
ProgramName: mris_convert  ProgramArguments: mris_convert -all-info  ProgramVersion: 7.3.2  TimeStamp: 2026/03/15-09:41:53-GMT  BuildTime: Aug  4 2022 06:17:15  BuildStamp: freesurfer-linux-ubuntu22_x86_64-7.3.2-20220804-6354275  User: oesteban  Machine: dna054  Platform: Linux  PlatformVersion: 5.14.0-427.37.1.el9_4.x86_64  CompilerName: GCC  CompilerVersion: 8.4.0
ProgramName: mris_curvature  ProgramArguments: mris_curvature -all-info  ProgramVersion: 7.3.2  TimeStamp: 2026/03/15-09:41:53-GMT  BuildTime: Aug  4 2022 06:17:15  BuildStamp: freesurfer-linux-ubuntu22_x86_64-7.3.2-20220804-6354275  User: oesteban  Machine: dna054  Platform: Linux  PlatformVersion: 5.14.0-427.37.1.el9_4.x86_64  CompilerName: GCC  CompilerVersion: 8.4.0
ProgramName: mris_curvature_stats  ProgramArguments: mris_curvature_stats -all-info  ProgramVersion: 7.3.2  TimeStamp: 2026/03/15-09:41:53-GMT  BuildTime: Aug  4 2022 06:17:15  BuildStamp: freesurfer-linux-ubuntu22_x86_64-7.3.2-20220804-6354275  User: oesteban  Machine: dna054  Platform: Linux  PlatformVersion: 5.14.0-427.37.1.el9_4.x86_64  CompilerName: GCC  CompilerVersion: 8.4.0
ProgramName: mris_diff  ProgramArguments: mris_diff -all-info  ProgramVersion: 7.3.2  TimeStamp: 2026/03/15-09:41:53-GMT  BuildTime: Aug  4 2022 06:17:15  BuildStamp: freesurfer-linux-ubuntu22_x86_64-7.3.2-20220804-6354275  User: oesteban  Machine: dna054  Platform: Linux  PlatformVersion: 5.14.0-427.37.1.el9_4.x86_64  CompilerName: GCC  CompilerVersion: 8.4.0
ProgramName: mris_divide_parcellation  ProgramArguments: mris_divide_parcellation -all-info  ProgramVersion: 7.3.2  TimeStamp: 2026/03/15-09:41:53-GMT  BuildTime: Aug  4 2022 06:17:15  BuildStamp: freesurfer-linux-ubuntu22_x86_64-7.3.2-20220804-6354275  User: oesteban  Machine: dna054  Platform: Linux  PlatformVersion: 5.14.0-427.37.1.el9_4.x86_64  CompilerName: GCC  CompilerVersion: 8.4.0
ProgramName: mri_segment  ProgramArguments: mri_segment -all-info  ProgramVersion: 7.3.2  TimeStamp: 2026/03/15-09:41:53-GMT  BuildTime: Aug  4 2022 06:17:15  BuildStamp: freesurfer-linux-ubuntu22_x86_64-7.3.2-20220804-6354275  User: oesteban  Machine: dna054  Platform: Linux  PlatformVersion: 5.14.0-427.37.1.el9_4.x86_64  CompilerName: GCC  CompilerVersion: 8.4.0
ProgramName: mri_segstats  ProgramArguments: mri_segstats -all-info  ProgramVersion: 7.3.2  TimeStamp: 2026/03/15-09:41:53-GMT  BuildTime: Aug  4 2022 06:17:15  BuildStamp: freesurfer-linux-ubuntu22_x86_64-7.3.2-20220804-6354275  User: oesteban  Machine: dna054  Platform: Linux  PlatformVersion: 5.14.0-427.37.1.el9_4.x86_64  CompilerName: GCC  CompilerVersion: 8.4.0
ProgramName: mris_euler_number  ProgramArguments: mris_euler_number -all-info  ProgramVersion: 7.3.2  TimeStamp: 2026/03/15-09:41:53-GMT  BuildTime: Aug  4 2022 06:17:15  BuildStamp: freesurfer-linux-ubuntu22_x86_64-7.3.2-20220804-6354275  User: oesteban  Machine: dna054  Platform: Linux  PlatformVersion: 5.14.0-427.37.1.el9_4.x86_64  CompilerName: GCC  CompilerVersion: 8.4.0
ProgramName: mris_fix_topology  ProgramArguments: mris_fix_topology -all-info  ProgramVersion: 7.3.2  TimeStamp: 2026/03/15-09:41:53-GMT  BuildTime: Aug  4 2022 06:17:15  BuildStamp: freesurfer-linux-ubuntu22_x86_64-7.3.2-20220804-6354275  User: oesteban  Machine: dna054  Platform: Linux  PlatformVersion: 5.14.0-427.37.1.el9_4.x86_64  CompilerName: GCC  CompilerVersion: 8.4.0
ProgramName: mris_topo_fixer  ProgramArguments: mris_topo_fixer -all-info  ProgramVersion: 7.3.2  TimeStamp: 2026/03/15-09:41:53-GMT  BuildTime: Aug  4 2022 06:17:15  BuildStamp: freesurfer-linux-ubuntu22_x86_64-7.3.2-20220804-6354275  User: oesteban  Machine: dna054  Platform: Linux  PlatformVersion: 5.14.0-427.37.1.el9_4.x86_64  CompilerName: GCC  CompilerVersion: 8.4.0
ProgramName: mris_jacobian  ProgramArguments: mris_jacobian -all-info  ProgramVersion: 7.3.2  TimeStamp: 2026/03/15-09:41:53-GMT  BuildTime: Aug  4 2022 06:17:15  BuildStamp: freesurfer-linux-ubuntu22_x86_64-7.3.2-20220804-6354275  User: oesteban  Machine: dna054  Platform: Linux  PlatformVersion: 5.14.0-427.37.1.el9_4.x86_64  CompilerName: GCC  CompilerVersion: 8.4.0
ProgramName: mris_label2annot  ProgramArguments: mris_label2annot -all-info  ProgramVersion: 7.3.2  TimeStamp: 2026/03/15-09:41:53-GMT  BuildTime: Aug  4 2022 06:17:15  BuildStamp: freesurfer-linux-ubuntu22_x86_64-7.3.2-20220804-6354275  User: oesteban  Machine: dna054  Platform: Linux  PlatformVersion: 5.14.0-427.37.1.el9_4.x86_64  CompilerName: GCC  CompilerVersion: 8.4.0
ProgramName: mris_left_right_register  ProgramArguments: mris_left_right_register -all-info  ProgramVersion: 7.3.2  TimeStamp: 2026/03/15-09:41:53-GMT  BuildTime: Aug  4 2022 06:17:15  BuildStamp: freesurfer-linux-ubuntu22_x86_64-7.3.2-20220804-6354275  User: oesteban  Machine: dna054  Platform: Linux  PlatformVersion: 5.14.0-427.37.1.el9_4.x86_64  CompilerName: GCC  CompilerVersion: 8.4.0
ProgramName: mris_place_surface  ProgramArguments: mris_place_surface -all-info  ProgramVersion: 7.3.2  TimeStamp: 2026/03/15-09:41:53-GMT  BuildTime: Aug  4 2022 06:17:15  BuildStamp: freesurfer-linux-ubuntu22_x86_64-7.3.2-20220804-6354275  User: oesteban  Machine: dna054  Platform: Linux  PlatformVersion: 5.14.0-427.37.1.el9_4.x86_64  CompilerName: GCC  CompilerVersion: 8.4.0
ProgramName: mrisp_paint  ProgramArguments: mrisp_paint -all-info  ProgramVersion: 7.3.2  TimeStamp: 2026/03/15-09:41:53-GMT  BuildTime: Aug  4 2022 06:17:15  BuildStamp: freesurfer-linux-ubuntu22_x86_64-7.3.2-20220804-6354275  User: oesteban  Machine: dna054  Platform: Linux  PlatformVersion: 5.14.0-427.37.1.el9_4.x86_64  CompilerName: GCC  CompilerVersion: 8.4.0
ProgramName: mris_register  ProgramArguments: mris_register -all-info  ProgramVersion: 7.3.2  TimeStamp: 2026/03/15-09:41:53-GMT  BuildTime: Aug  4 2022 06:17:15  BuildStamp: freesurfer-linux-ubuntu22_x86_64-7.3.2-20220804-6354275  User: oesteban  Machine: dna054  Platform: Linux  PlatformVersion: 5.14.0-427.37.1.el9_4.x86_64  CompilerName: GCC  CompilerVersion: 8.4.0
ProgramName: mris_smooth  ProgramArguments: mris_smooth -all-info  ProgramVersion: 7.3.2  TimeStamp: 2026/03/15-09:41:53-GMT  BuildTime: Aug  4 2022 06:17:15  BuildStamp: freesurfer-linux-ubuntu22_x86_64-7.3.2-20220804-6354275  User: oesteban  Machine: dna054  Platform: Linux  PlatformVersion: 5.14.0-427.37.1.el9_4.x86_64  CompilerName: GCC  CompilerVersion: 8.4.0
ProgramName: mris_sphere  ProgramArguments: mris_sphere -all-info  ProgramVersion: 7.3.2  TimeStamp: 2026/03/15-09:41:53-GMT  BuildTime: Aug  4 2022 06:17:15  BuildStamp: freesurfer-linux-ubuntu22_x86_64-7.3.2-20220804-6354275  User: oesteban  Machine: dna054  Platform: Linux  PlatformVersion: 5.14.0-427.37.1.el9_4.x86_64  CompilerName: GCC  CompilerVersion: 8.4.0
ProgramName: mris_surface_stats  ProgramArguments: mris_surface_stats -all-info  ProgramVersion: 7.3.2  TimeStamp: 2026/03/15-09:41:53-GMT  BuildTime: Aug  4 2022 06:17:15  BuildStamp: freesurfer-linux-ubuntu22_x86_64-7.3.2-20220804-6354275  User: oesteban  Machine: dna054  Platform: Linux  PlatformVersion: 5.14.0-427.37.1.el9_4.x86_64  CompilerName: GCC  CompilerVersion: 8.4.0
ProgramName: mri_stats2seg  ProgramArguments: mri_stats2seg -all-info  ProgramVersion: 7.3.2  TimeStamp: 2026/03/15-09:41:53-GMT  BuildTime: Aug  4 2022 06:17:15  BuildStamp: freesurfer-linux-ubuntu22_x86_64-7.3.2-20220804-6354275  User: oesteban  Machine: dna054  Platform: Linux  PlatformVersion: 5.14.0-427.37.1.el9_4.x86_64  CompilerName: GCC  CompilerVersion: 8.4.0
ProgramName: mris_thickness  ProgramArguments: mris_thickness -all-info  ProgramVersion: 7.3.2  TimeStamp: 2026/03/15-09:41:53-GMT  BuildTime: Aug  4 2022 06:17:15  BuildStamp: freesurfer-linux-ubuntu22_x86_64-7.3.2-20220804-6354275  User: oesteban  Machine: dna054  Platform: Linux  PlatformVersion: 5.14.0-427.37.1.el9_4.x86_64  CompilerName: GCC  CompilerVersion: 8.4.0
ProgramName: mris_thickness_diff  ProgramArguments: mris_thickness_diff -all-info  ProgramVersion: 7.3.2  TimeStamp: 2026/03/15-09:41:53-GMT  BuildTime: Aug  4 2022 06:17:15  BuildStamp: freesurfer-linux-ubuntu22_x86_64-7.3.2-20220804-6354275  User: oesteban  Machine: dna054  Platform: Linux  PlatformVersion: 5.14.0-427.37.1.el9_4.x86_64  CompilerName: GCC  CompilerVersion: 8.4.0
ProgramName: mris_topo_fixer  ProgramArguments: mris_topo_fixer -all-info  ProgramVersion: 7.3.2  TimeStamp: 2026/03/15-09:41:53-GMT  BuildTime: Aug  4 2022 06:17:15  BuildStamp: freesurfer-linux-ubuntu22_x86_64-7.3.2-20220804-6354275  User: oesteban  Machine: dna054  Platform: Linux  PlatformVersion: 5.14.0-427.37.1.el9_4.x86_64  CompilerName: GCC  CompilerVersion: 8.4.0
ProgramName: mri_surf2surf  ProgramArguments: mri_surf2surf -all-info  ProgramVersion: 7.3.2  TimeStamp: 2026/03/15-09:41:53-GMT  BuildTime: Aug  4 2022 06:17:15  BuildStamp: freesurfer-linux-ubuntu22_x86_64-7.3.2-20220804-6354275  User: oesteban  Machine: dna054  Platform: Linux  PlatformVersion: 5.14.0-427.37.1.el9_4.x86_64  CompilerName: GCC  CompilerVersion: 8.4.0
ProgramName: mri_surf2vol  ProgramArguments: mri_surf2vol -all-info  ProgramVersion: 7.3.2  TimeStamp: 2026/03/15-09:41:53-GMT  BuildTime: Aug  4 2022 06:17:15  BuildStamp: freesurfer-linux-ubuntu22_x86_64-7.3.2-20220804-6354275  User: oesteban  Machine: dna054  Platform: Linux  PlatformVersion: 5.14.0-427.37.1.el9_4.x86_64  CompilerName: GCC  CompilerVersion: 8.4.0
ProgramName: mri_surfcluster  ProgramArguments: mri_surfcluster -all-info  ProgramVersion: 7.3.2  TimeStamp: 2026/03/15-09:41:53-GMT  BuildTime: Aug  4 2022 06:17:15  BuildStamp: freesurfer-linux-ubuntu22_x86_64-7.3.2-20220804-6354275  User: oesteban  Machine: dna054  Platform: Linux  PlatformVersion: 5.14.0-427.37.1.el9_4.x86_64  CompilerName: GCC  CompilerVersion: 8.4.0
ProgramName: mris_volmask  ProgramArguments: mris_volmask -all-info  ProgramVersion: 7.3.2  TimeStamp: 2026/03/15-09:41:53-GMT  BuildTime: Aug  4 2022 06:17:15  BuildStamp: freesurfer-linux-ubuntu22_x86_64-7.3.2-20220804-6354275  User: oesteban  Machine: dna054  Platform: Linux  PlatformVersion: 5.14.0-427.37.1.el9_4.x86_64  CompilerName: GCC  CompilerVersion: 8.4.0
ProgramName: mri_tessellate  ProgramArguments: mri_tessellate -all-info  ProgramVersion: 7.3.2  TimeStamp: 2026/03/15-09:41:53-GMT  BuildTime: Aug  4 2022 06:17:15  BuildStamp: freesurfer-linux-ubuntu22_x86_64-7.3.2-20220804-6354275  User: oesteban  Machine: dna054  Platform: Linux  PlatformVersion: 5.14.0-427.37.1.el9_4.x86_64  CompilerName: GCC  CompilerVersion: 8.4.0
ProgramName: mri_vol2surf  ProgramArguments: mri_vol2surf -all-info  ProgramVersion: 7.3.2  TimeStamp: 2026/03/15-09:41:53-GMT  BuildTime: Aug  4 2022 06:17:15  BuildStamp: freesurfer-linux-ubuntu22_x86_64-7.3.2-20220804-6354275  User: oesteban  Machine: dna054  Platform: Linux  PlatformVersion: 5.14.0-427.37.1.el9_4.x86_64  CompilerName: GCC  CompilerVersion: 8.4.0
ProgramName: mri_vol2vol  ProgramArguments: mri_vol2vol -all-info  ProgramVersion: 7.3.2  TimeStamp: 2026/03/15-09:41:53-GMT  BuildTime: Aug  4 2022 06:17:15  BuildStamp: freesurfer-linux-ubuntu22_x86_64-7.3.2-20220804-6354275  User: oesteban  Machine: dna054  Platform: Linux  PlatformVersion: 5.14.0-427.37.1.el9_4.x86_64  CompilerName: GCC  CompilerVersion: 8.4.0
ProgramName: mri_voldiff  ProgramArguments: mri_voldiff -all-info  ProgramVersion: 7.3.2  TimeStamp: 2026/03/15-09:41:53-GMT  BuildTime: Aug  4 2022 06:17:15  BuildStamp: freesurfer-linux-ubuntu22_x86_64-7.3.2-20220804-6354275  User: oesteban  Machine: dna054  Platform: Linux  PlatformVersion: 5.14.0-427.37.1.el9_4.x86_64  CompilerName: GCC  CompilerVersion: 8.4.0
ProgramName: mri_watershed  ProgramArguments: mri_watershed -all-info  ProgramVersion: 7.3.2  TimeStamp: 2026/03/15-09:41:53-GMT  BuildTime: Aug  4 2022 06:17:15  BuildStamp: freesurfer-linux-ubuntu22_x86_64-7.3.2-20220804-6354275  User: oesteban  Machine: dna054  Platform: Linux  PlatformVersion: 5.14.0-427.37.1.el9_4.x86_64  CompilerName: GCC  CompilerVersion: 8.4.0
ProgramName: tkregister2  ProgramArguments: tkregister2_cmdl -all-info  ProgramVersion: 7.3.2  TimeStamp: 2026/03/15-09:41:53-GMT  BuildTime: Aug  4 2022 06:17:15  BuildStamp: freesurfer-linux-ubuntu22_x86_64-7.3.2-20220804-6354275  User: oesteban  Machine: dna054  Platform: Linux  PlatformVersion: 5.14.0-427.37.1.el9_4.x86_64  CompilerName: GCC  CompilerVersion: 8.4.0
mri_motion_correct.fsl 7.3.2
mri_convert -all-info 
ProgramName: mri_convert  ProgramArguments: mri_convert -all-info  ProgramVersion: 7.3.2  TimeStamp: 2026/03/15-09:41:53-GMT  BuildTime: Aug  4 2022 06:17:15  BuildStamp: freesurfer-linux-ubuntu22_x86_64-7.3.2-20220804-6354275  User: oesteban  Machine: dna054  Platform: Linux  PlatformVersion: 5.14.0-427.37.1.el9_4.x86_64  CompilerName: GCC  CompilerVersion: 8.4.0
Program nu_correct, built from:
Package MNI N3, version 1.12.0, compiled by nicks@terrier (x86_64-unknown-linux-gnu) on 2015-06-19 at 01:25:34
#######################################
GCADIR /opt/freesurfer/average
GCA RB_all_2020-01-02.gca
GCASkull RB_all_withskull_2020_01_02.gca
AvgCurvTif folding.atlas.acfb40.noaparc.i12.2016-08-02.tif
GCSDIR /opt/freesurfer/average
GCS DKaparc.atlas.acfb40.noaparc.i12.2016-08-02.gcs
#######################################
#--------------------------------------------
#@# AutoDetGWStats rh Sun Mar 15 10:41:53 CET 2026
cd /out/sourcedata/freesurfer/sub-v2s10x28980_ses-1/mri
mris_autodet_gwstats --o ../surf/autodet.gw.stats.rh.dat --i brain.finalsurfs.mgz --wm wm.mgz --surf ../surf/rh.orig.premesh
  Update not needed
#--------------------------------------------
#@# WhitePreAparc rh Sun Mar 15 10:41:53 CET 2026
cd /out/sourcedata/freesurfer/sub-v2s10x28980_ses-1/mri
mris_place_surface --adgws-in ../surf/autodet.gw.stats.rh.dat --wm wm.mgz --threads 16 --invol brain.finalsurfs.mgz --rh --i ../surf/rh.orig --o ../surf/rh.white.preaparc --white --seg aseg.presurf.mgz --nsmooth 5
   Update not needed
#--------------------------------------------
#@# CortexLabel rh Sun Mar 15 10:41:53 CET 2026
cd /out/sourcedata/freesurfer/sub-v2s10x28980_ses-1/mri
mri_label2label --label-cortex ../surf/rh.white.preaparc aseg.presurf.mgz 0 ../label/rh.cortex.label
   Update not needed
#--------------------------------------------
#@# CortexLabel+HipAmyg rh Sun Mar 15 10:41:53 CET 2026
cd /out/sourcedata/freesurfer/sub-v2s10x28980_ses-1/mri
mri_label2label --label-cortex ../surf/rh.white.preaparc aseg.presurf.mgz 1 ../label/rh.cortex+hipamyg.label
   Update not needed
#@# white curv rh Sun Mar 15 10:41:53 CET 2026
cd /out/sourcedata/freesurfer/sub-v2s10x28980_ses-1/mri
mris_place_surface --curv-map ../surf/rh.white 2 10 ../surf/rh.curv
   Update not needed
#@# white area rh Sun Mar 15 10:41:53 CET 2026
cd /out/sourcedata/freesurfer/sub-v2s10x28980_ses-1/mri
mris_place_surface --area-map ../surf/rh.white ../surf/rh.area
   Update not needed
#@# pial curv rh Sun Mar 15 10:41:53 CET 2026
cd /out/sourcedata/freesurfer/sub-v2s10x28980_ses-1/mri
mris_place_surface --curv-map ../surf/rh.pial 2 10 ../surf/rh.curv.pial
   Update not needed
#@# pial area rh Sun Mar 15 10:41:53 CET 2026
cd /out/sourcedata/freesurfer/sub-v2s10x28980_ses-1/mri
mris_place_surface --area-map ../surf/rh.pial ../surf/rh.area.pial
   Update not needed
#@# thickness rh Sun Mar 15 10:41:53 CET 2026
cd /out/sourcedata/freesurfer/sub-v2s10x28980_ses-1/mri
mris_place_surface --thickness ../surf/rh.white ../surf/rh.pial 20 5 ../surf/rh.thickness
   Update not needed
#@# area and vertex vol rh Sun Mar 15 10:41:53 CET 2026
cd /out/sourcedata/freesurfer/sub-v2s10x28980_ses-1/mri
mris_place_surface --thickness ../surf/rh.white ../surf/rh.pial 20 5 ../surf/rh.thickness
   Update not needed
#-----------------------------------------
#@# Parcellation Stats rh Sun Mar 15 10:41:53 CET 2026
/out/sourcedata/freesurfer/sub-v2s10x28980_ses-1/scripts

 mris_anatomical_stats -th3 -mgz -noglobal -cortex ../label/rh.cortex.label -f ../stats/rh.aparc.stats -b -a ../label/rh.aparc.annot -c ../label/aparc.annot.ctab sub-v2s10x28980_ses-1 rh white 

computing statistics for each annotation in ../label/rh.aparc.annot.
reading volume /out/sourcedata/freesurfer/sub-v2s10x28980_ses-1/mri/wm.mgz...
reading input surface /out/sourcedata/freesurfer/sub-v2s10x28980_ses-1/surf/rh.white...
reading input pial surface /out/sourcedata/freesurfer/sub-v2s10x28980_ses-1/surf/rh.pial...
reading input white surface /out/sourcedata/freesurfer/sub-v2s10x28980_ses-1/surf/rh.white...
INFO: using TH3 volume calc
INFO: assuming MGZ format for volumes.
INFO: not computing global stats
INFO: using ../label/rh.cortex.label as mask to calc cortex NumVert, SurfArea and MeanThickness.
Using TH3 vertex volume calc
Total face volume 244376
Total vertex volume 244146 (mask=0)
Saving annotation colortable ../label/aparc.annot.ctab

table columns are:
    number of vertices
    total surface area (mm^2)
    total gray matter volume (mm^3)
    average cortical thickness +- standard deviation (mm)
    integrated rectified mean curvature
    integrated rectified Gaussian curvature
    folding index
    intrinsic curvature index
    structure name

 1269    815   2230  2.849 0.455     0.071     0.010        4     0.5  bankssts
  960    617   2157  2.905 0.734     0.111     0.014        9     0.6  caudalanteriorcingulate
 2469   1764   5872  2.951 0.587     0.107     0.020       21     1.9  caudalmiddlefrontal
 2297   1602   3306  1.979 0.426     0.138     0.024       29     2.5  cuneus
  701    488   2233  3.422 0.801     0.136     0.035       12     0.9  entorhinal
 4199   2853  10476  3.017 0.676     0.120     0.025       54     4.1  fusiform
 5878   4213  13412  2.748 0.553     0.110     0.019       57     4.9  inferiorparietal
 4122   2862  10487  3.256 0.610     0.113     0.022       43     3.7  inferiortemporal
 1309    888   2908  2.594 1.013     0.109     0.023       14     1.2  isthmuscingulate
 6489   4529  12530  2.606 0.568     0.129     0.026       81     6.7  lateraloccipital
 4228   2864   9032  3.026 0.880     0.108     0.025       44     4.2  lateralorbitofrontal
 4265   2946   6871  2.166 0.640     0.124     0.025       48     4.7  lingual
 2523   1808   5190  2.682 0.651     0.110     0.024       32     2.4  medialorbitofrontal
 4684   3219  13927  3.409 0.624     0.112     0.020       47     3.7  middletemporal
  738    470   1859  3.226 1.095     0.097     0.019        6     0.5  parahippocampal
 2047   1305   3931  2.742 0.482     0.093     0.014       12     1.1  paracentral
 1960   1414   4797  2.910 0.532     0.118     0.023       28     1.8  parsopercularis
 1104    817   3716  3.194 0.718     0.135     0.029       20     1.2  parsorbitalis
 2181   1499   4975  2.791 0.644     0.105     0.018       24     1.6  parstriangularis
 2088   1386   2001  1.593 0.422     0.114     0.019       19     1.7  pericalcarine
 5478   3667   9104  2.194 0.671     0.099     0.016       50     3.7  postcentral
 1617   1127   3248  2.559 0.827     0.116     0.021       17     1.5  posteriorcingulate
 6723   4579  13722  2.723 0.552     0.103     0.017       60     4.5  precentral
 5770   3999  11795  2.728 0.568     0.118     0.023       68     5.5  precuneus
  936    697   2384  2.841 0.837     0.132     0.030       12     1.1  rostralanteriorcingulate
 6738   4691  12945  2.388 0.610     0.114     0.026       99     6.6  rostralmiddlefrontal
 8508   6069  22179  3.051 0.684     0.117     0.023       91     8.0  superiorfrontal
 6572   4543  11477  2.320 0.486     0.110     0.017       67     4.9  superiorparietal
 5365   3497  13599  3.361 0.660     0.090     0.014       39     3.2  superiortemporal
 4064   2947   9536  2.844 0.581     0.115     0.019       47     3.2  supramarginal
  431    293   1125  2.687 0.564     0.125     0.027        7     0.5  frontalpole
  664    457   3082  4.018 0.765     0.123     0.032        7     0.8  temporalpole
  509    338   1024  2.947 0.500     0.117     0.018        5     0.4  transversetemporal
 2752   1833   7017  3.609 0.805     0.101     0.024       22     2.4  insula

 mris_anatomical_stats -th3 -mgz -noglobal -cortex ../label/rh.cortex.label -f ../stats/rh.aparc.pial.stats -b -a ../label/rh.aparc.annot -c ../label/aparc.annot.ctab sub-v2s10x28980_ses-1 rh pial 

computing statistics for each annotation in ../label/rh.aparc.annot.
reading volume /out/sourcedata/freesurfer/sub-v2s10x28980_ses-1/mri/wm.mgz...
reading input surface /out/sourcedata/freesurfer/sub-v2s10x28980_ses-1/surf/rh.pial...
reading input pial surface /out/sourcedata/freesurfer/sub-v2s10x28980_ses-1/surf/rh.pial...
reading input white surface /out/sourcedata/freesurfer/sub-v2s10x28980_ses-1/surf/rh.white...
INFO: using TH3 volume calc
INFO: assuming MGZ format for volumes.
INFO: not computing global stats
INFO: using ../label/rh.cortex.label as mask to calc cortex NumVert, SurfArea and MeanThickness.
Using TH3 vertex volume calc
Total face volume 244376
Total vertex volume 244146 (mask=0)
Saving annotation colortable ../label/aparc.annot.ctab

table columns are:
    number of vertices
    total surface area (mm^2)
    total gray matter volume (mm^3)
    average cortical thickness +- standard deviation (mm)
    integrated rectified mean curvature
    integrated rectified Gaussian curvature
    folding index
    intrinsic curvature index
    structure name

 1269    735   2230  2.849 0.455     0.102     0.024       14     1.2  bankssts
  960    821   2157  2.905 0.734     0.153     0.042       27     1.5  caudalanteriorcingulate
 2469   2125   5872  2.951 0.587     0.132     0.026       35     2.7  caudalmiddlefrontal
 2297   1918   3306  1.979 0.426     0.134     0.033       38     3.1  cuneus
  701    884   2233  3.422 0.801     0.217     0.057       39     2.1  entorhinal
 4199   3917  10476  3.017 0.676     0.143     0.783       51     5.7  fusiform
 5878   5362  13412  2.748 0.553     0.144     0.030       96     7.9  inferiorparietal
 4122   3541  10487  3.256 0.610     0.144     0.038      137     6.3  inferiortemporal
 1309   1328   2908  2.594 1.013     0.186     0.049       30     2.8  isthmuscingulate
 6489   5327  12530  2.606 0.568     0.126     0.032      148     8.0  lateraloccipital
 4228   3239   9032  3.026 0.880     0.133     0.039      145     5.3  lateralorbitofrontal
 4265   3673   6871  2.166 0.640     0.145     0.034       84     6.3  lingual
 2523   2174   5190  2.682 0.651     0.140     0.034       85     2.7  medialorbitofrontal
 4684   4863  13927  3.409 0.624     0.156     0.032       75     6.6  middletemporal
  738    662   1859  3.226 1.095     0.197     0.054       21     2.2  parahippocampal
 2047   1526   3931  2.742 0.482     0.100     0.020       15     1.7  paracentral
 1960   1843   4797  2.910 0.532     0.146     0.030       27     2.5  parsopercularis
 1104   1430   3716  3.194 0.718     0.190     0.033       16     1.7  parsorbitalis
 2181   2014   4975  2.791 0.644     0.150     0.031       43     2.8  parstriangularis
 2088   1246   2001  1.593 0.422     0.105     0.023       38     2.1  pericalcarine
 5478   4677   9104  2.194 0.671     0.124     0.023       71     5.5  postcentral
 1617   1387   3248  2.559 0.827     0.155     0.039       49     2.8  posteriorcingulate
 6723   5296  13722  2.723 0.552     0.111     0.024      119     5.7  precentral
 5770   4624  11795  2.728 0.568     0.138     0.034      188     8.0  precuneus
  936    941   2384  2.841 0.837     0.173     0.055       66     1.6  rostralanteriorcingulate
 6738   6066  12945  2.388 0.610     0.153     0.030      120     9.2  rostralmiddlefrontal
 8508   8168  22179  3.051 0.684     0.159     0.036      244    12.1  superiorfrontal
 6572   5411  11477  2.320 0.486     0.127     0.023       75     6.8  superiorparietal
 5365   4487  13599  3.361 0.660     0.128     0.027      156     6.1  superiortemporal
 4064   3687   9536  2.844 0.581     0.140     0.029       63     5.0  supramarginal
  431    560   1125  2.687 0.564     0.198     0.036        5     0.8  frontalpole
  664    954   3082  4.018 0.765     0.232     0.049       13     1.7  temporalpole
  509    384   1024  2.947 0.500     0.110     0.024        3     0.6  transversetemporal
 2752   1784   7017  3.609 0.805     0.141     0.049       85     5.6  insula
#-----------------------------------------
#@# Parcellation Stats 2 rh Sun Mar 15 10:42:08 CET 2026
/out/sourcedata/freesurfer/sub-v2s10x28980_ses-1/scripts

 mris_anatomical_stats -th3 -mgz -noglobal -cortex ../label/rh.cortex.label -f ../stats/rh.aparc.a2009s.stats -b -a ../label/rh.aparc.a2009s.annot -c ../label/aparc.annot.a2009s.ctab sub-v2s10x28980_ses-1 rh white 

computing statistics for each annotation in ../label/rh.aparc.a2009s.annot.
reading volume /out/sourcedata/freesurfer/sub-v2s10x28980_ses-1/mri/wm.mgz...
reading input surface /out/sourcedata/freesurfer/sub-v2s10x28980_ses-1/surf/rh.white...
reading input pial surface /out/sourcedata/freesurfer/sub-v2s10x28980_ses-1/surf/rh.pial...
reading input white surface /out/sourcedata/freesurfer/sub-v2s10x28980_ses-1/surf/rh.white...
INFO: using TH3 volume calc
INFO: assuming MGZ format for volumes.
INFO: not computing global stats
INFO: using ../label/rh.cortex.label as mask to calc cortex NumVert, SurfArea and MeanThickness.
Using TH3 vertex volume calc
Total face volume 244376
Total vertex volume 244146 (mask=0)
Saving annotation colortable ../label/aparc.annot.a2009s.ctab

table columns are:
    number of vertices
    total surface area (mm^2)
    total gray matter volume (mm^3)
    average cortical thickness +- standard deviation (mm)
    integrated rectified mean curvature
    integrated rectified Gaussian curvature
    folding index
    intrinsic curvature index
    structure name

  806    526   1324  2.196 0.547     0.118     0.029       13     0.9  G_and_S_frontomargin
 1246    871   3308  3.151 0.559     0.125     0.019       17     1.1  G_and_S_occipital_inf
 1305    850   2671  2.507 0.602     0.113     0.020       13     1.1  G_and_S_paracentral
 1127    813   2792  2.877 0.559     0.122     0.022       14     1.0  G_and_S_subcentral
  769    573   1978  2.499 0.608     0.137     0.035       21     0.9  G_and_S_transv_frontopol
 2595   1837   6147  3.027 0.656     0.107     0.022       24     2.2  G_and_S_cingul-Ant
 1256    809   2656  3.175 0.466     0.097     0.015        7     0.8  G_and_S_cingul-Mid-Ant
 1290    876   2612  2.849 0.604     0.114     0.022       10     1.2  G_and_S_cingul-Mid-Post
  543    401   1882  3.219 0.520     0.149     0.032        9     0.8  G_cingul-Post-dorsal
  248    165    787  3.192 0.846     0.138     0.037        4     0.4  G_cingul-Post-ventral
 2083   1442   3031  1.895 0.446     0.139     0.024       27     2.4  G_cuneus
 1299    968   4093  3.164 0.543     0.128     0.028       23     1.3  G_front_inf-Opercular
  411    289   1316  3.067 0.650     0.109     0.019        5     0.3  G_front_inf-Orbital
  973    701   2994  3.055 0.590     0.121     0.023       17     1.1  G_front_inf-Triangul
 3094   2315   8334  2.751 0.639     0.129     0.030       60     3.5  G_front_middle
 5674   4127  17296  3.117 0.712     0.125     0.025       74     6.0  G_front_sup
  503    331   1735  4.129 0.814     0.098     0.033        5     0.4  G_Ins_lg_and_S_cent_ins
  604    400   2280  4.030 0.962     0.118     0.035       10     0.9  G_insular_short
 1792   1337   5087  2.878 0.571     0.134     0.028       30     2.1  G_occipital_middle
 1254    873   2340  2.327 0.379     0.122     0.024       15     1.2  G_occipital_sup
 1526   1039   4131  3.078 0.558     0.125     0.028       24     1.6  G_oc-temp_lat-fusifor
 2651   1830   4580  2.111 0.720     0.133     0.029       35     3.1  G_oc-temp_med-Lingual
 1358    899   4180  3.417 0.947     0.130     0.040       23     1.8  G_oc-temp_med-Parahip
 2620   1855   7709  3.020 0.887     0.129     0.034       49     3.3  G_orbital
 2110   1625   6604  2.977 0.617     0.134     0.026       33     2.4  G_pariet_inf-Angular
 2012   1506   5444  2.916 0.526     0.127     0.022       32     1.9  G_pariet_inf-Supramar
 1933   1406   4093  2.339 0.496     0.121     0.019       26     1.7  G_parietal_sup
 2035   1341   3715  2.260 0.615     0.112     0.018       25     1.5  G_postcentral
 2512   1767   6592  2.826 0.582     0.117     0.022       32     2.1  G_precentral
 2264   1642   6114  2.887 0.576     0.137     0.028       42     2.8  G_precuneus
  755    555   1840  2.644 0.692     0.134     0.041       15     1.3  G_rectus
  462    332    689  2.419 0.822     0.127     0.044        5     0.8  G_subcallosal
  439    284    959  2.902 0.527     0.145     0.021        7     0.4  G_temp_sup-G_T_transv
 1887   1232   6399  3.677 0.621     0.115     0.021       22     1.7  G_temp_sup-Lateral
  813    517   2264  3.755 0.682     0.065     0.009        2     0.3  G_temp_sup-Plan_polar
  672    470   1500  2.938 0.546     0.070     0.009        3     0.2  G_temp_sup-Plan_tempo
 2128   1469   6463  3.301 0.668     0.122     0.027       30     2.3  G_temporal_inf
 2561   1785   9590  3.622 0.578     0.123     0.023       34     2.4  G_temporal_middle
  407    255    555  2.525 0.466     0.078     0.009        1     0.1  Lat_Fis-ant-Horizont
  309    202    389  2.321 0.442     0.078     0.010        1     0.1  Lat_Fis-ant-Vertical
 1152    762   1688  2.920 0.577     0.101     0.016        7     0.7  Lat_Fis-post
 2837   2001   4907  2.259 0.599     0.140     0.030       39     3.5  Pole_occipital
 1636   1169   6539  3.600 0.831     0.133     0.031       24     1.9  Pole_temporal
 2556   1760   3199  2.038 0.760     0.117     0.023       24     2.6  S_calcarine
 2976   1940   3515  2.061 0.611     0.081     0.011       13     1.3  S_central
 1338    887   2126  2.637 0.482     0.089     0.014        7     0.7  S_cingul-Marginalis
  508    347    993  3.587 0.538     0.086     0.014        1     0.3  S_circular_insula_ant
 1067    700   1792  3.132 0.531     0.069     0.010        3     0.4  S_circular_insula_inf
 1356    904   2153  2.959 0.486     0.092     0.014        5     0.9  S_circular_insula_sup
 1442    924   2510  3.038 0.545     0.085     0.011        7     0.7  S_collat_transv_ant
  593    375    698  2.350 0.393     0.104     0.018        3     0.5  S_collat_transv_post
 1857   1223   3038  2.553 0.550     0.102     0.019       16     1.4  S_front_inf
 1746   1198   2605  2.149 0.549     0.096     0.018       12     1.2  S_front_middle
 2140   1460   3717  2.695 0.588     0.096     0.016       12     1.5  S_front_sup
  210    145    361  2.498 0.625     0.113     0.014        1     0.1  S_interm_prim-Jensen
 2748   1849   4096  2.365 0.519     0.101     0.015       20     1.7  S_intrapariet_and_P_trans
  795    532   1051  2.421 0.299     0.113     0.019        6     0.6  S_oc_middle_and_Lunatus
 1306    885   1925  2.410 0.364     0.101     0.018        8     1.0  S_oc_sup_and_transversal
  929    628   1281  2.611 0.398     0.106     0.020        6     0.7  S_occipital_ant
  699    517   1519  3.092 0.565     0.123     0.024        6     0.7  S_oc-temp_lat
 1566   1058   2920  2.620 0.637     0.102     0.015       12     1.0  S_oc-temp_med_and_Lingual
  357    266    599  2.165 0.461     0.128     0.025        3     0.4  S_orbital_lateral
  768    536   1169  2.443 0.696     0.098     0.015        5     0.4  S_orbital_med-olfact
 1687   1119   3460  3.319 0.764     0.098     0.017        9     1.4  S_orbital-H_Shaped
 2678   1784   3987  2.430 0.530     0.106     0.016       21     1.9  S_parieto_occipital
 1483    953   1486  1.832 0.656     0.099     0.014       15     0.8  S_pericallosal
 1812   1220   2810  2.521 0.552     0.090     0.012       11     0.9  S_postcentral
 1376    915   2186  2.660 0.443     0.092     0.014       10     0.7  S_precentral-inf-part
 1297    886   2247  2.696 0.446     0.088     0.013        8     0.7  S_precentral-sup-part
  176    142    352  2.975 0.595     0.169     0.023        2     0.2  S_suborbital
 1060    758   1920  2.768 0.422     0.117     0.022        8     1.0  S_subparietal
 1251    866   2205  2.982 0.516     0.105     0.014        7     0.9  S_temporal_inf
 5667   3702  10204  2.923 0.592     0.081     0.011       24     2.8  S_temporal_sup
  243    169    417  2.890 0.336     0.080     0.009        1     0.1  S_temporal_transverse
#-----------------------------------------
#@# Parcellation Stats 3 rh Sun Mar 15 10:42:16 CET 2026
/out/sourcedata/freesurfer/sub-v2s10x28980_ses-1/scripts

 mris_anatomical_stats -th3 -mgz -noglobal -cortex ../label/rh.cortex.label -f ../stats/rh.aparc.DKTatlas.stats -b -a ../label/rh.aparc.DKTatlas.annot -c ../label/aparc.annot.DKTatlas.ctab sub-v2s10x28980_ses-1 rh white 

computing statistics for each annotation in ../label/rh.aparc.DKTatlas.annot.
reading volume /out/sourcedata/freesurfer/sub-v2s10x28980_ses-1/mri/wm.mgz...
reading input surface /out/sourcedata/freesurfer/sub-v2s10x28980_ses-1/surf/rh.white...
reading input pial surface /out/sourcedata/freesurfer/sub-v2s10x28980_ses-1/surf/rh.pial...
reading input white surface /out/sourcedata/freesurfer/sub-v2s10x28980_ses-1/surf/rh.white...
INFO: using TH3 volume calc
INFO: assuming MGZ format for volumes.
INFO: not computing global stats
INFO: using ../label/rh.cortex.label as mask to calc cortex NumVert, SurfArea and MeanThickness.
Using TH3 vertex volume calc
Total face volume 244376
Total vertex volume 244146 (mask=0)
Saving annotation colortable ../label/aparc.annot.DKTatlas.ctab

table columns are:
    number of vertices
    total surface area (mm^2)
    total gray matter volume (mm^3)
    average cortical thickness +- standard deviation (mm)
    integrated rectified mean curvature
    integrated rectified Gaussian curvature
    folding index
    intrinsic curvature index
    structure name

 1025    655   2230  2.878 0.735     0.109     0.014        9     0.6  caudalanteriorcingulate
 2565   1844   6131  2.942 0.582     0.109     0.020       23     2.2  caudalmiddlefrontal
 2878   2001   4240  2.008 0.422     0.131     0.021       34     2.8  cuneus
  663    457   2103  3.358 0.753     0.131     0.034       11     0.7  entorhinal
 3694   2512   8801  2.946 0.635     0.119     0.025       46     3.6  fusiform
 5966   4280  13678  2.756 0.567     0.114     0.020       60     5.2  inferiorparietal
 4647   3210  12239  3.302 0.631     0.114     0.023       50     4.4  inferiortemporal
 1307    887   2875  2.601 1.006     0.108     0.023       13     1.2  isthmuscingulate
 6451   4496  12403  2.584 0.557     0.130     0.026       82     6.7  lateraloccipital
 4461   3015   9851  2.951 0.890     0.109     0.025       53     4.4  lateralorbitofrontal
 4214   2910   6798  2.158 0.645     0.124     0.025       46     4.6  lingual
 2048   1480   4420  2.638 0.692     0.123     0.032       33     2.7  medialorbitofrontal
 5664   3865  15797  3.322 0.640     0.107     0.018       51     4.2  middletemporal
  798    508   1954  3.231 1.102     0.097     0.019        7     0.5  parahippocampal
 2192   1405   4181  2.711 0.494     0.095     0.015       13     1.4  paracentral
 2167   1556   5200  2.889 0.529     0.114     0.022       28     1.9  parsopercularis
  969    679   2705  3.091 0.663     0.108     0.019       12     0.7  parsorbitalis
 2219   1523   5122  2.817 0.650     0.110     0.020       26     1.8  parstriangularis
 2026   1342   1929  1.592 0.413     0.113     0.019       18     1.7  pericalcarine
 5954   3993   9766  2.203 0.676     0.101     0.016       55     4.0  postcentral
 1669   1170   3389  2.601 0.829     0.117     0.022       17     1.5  posteriorcingulate
 6499   4414  13236  2.713 0.553     0.103     0.017       58     4.3  precentral
 5855   4091  12181  2.736 0.562     0.119     0.022       69     5.6  precuneus
 1155    849   2811  2.899 0.780     0.124     0.026       13     1.2  rostralanteriorcingulate
 4985   3556  10290  2.421 0.635     0.118     0.026       77     5.0  rostralmiddlefrontal
10493   7428  25830  2.946 0.703     0.115     0.023      115     9.6  superiorfrontal
 5360   3688   9385  2.334 0.486     0.109     0.017       54     4.0  superiorparietal
 6801   4452  18087  3.376 0.706     0.093     0.016       51     4.6  superiortemporal
 3785   2745   8736  2.813 0.557     0.112     0.018       43     3.0  supramarginal
  499    330   1020  2.957 0.492     0.117     0.018        5     0.4  transversetemporal
 2629   1753   6758  3.652 0.794     0.098     0.023       19     2.1  insula
/out/sourcedata/freesurfer/sub-v2s10x28980_ses-1/label
#--------------------------------------------
#@# BA_exvivo Labels rh Sun Mar 15 10:42:23 CET 2026

 mri_label2label --srcsubject fsaverage --srclabel /out/sourcedata/freesurfer/fsaverage/label/rh.BA1_exvivo.label --trgsubject sub-v2s10x28980_ses-1 --trglabel ./rh.BA1_exvivo.label --hemi rh --regmethod surface 


srclabel = /out/sourcedata/freesurfer/fsaverage/label/rh.BA1_exvivo.label
srcsubject = fsaverage
trgsubject = sub-v2s10x28980_ses-1
trglabel = ./rh.BA1_exvivo.label
regmethod = surface

srchemi = rh
trghemi = rh
trgsurface = white
srcsurfreg = sphere.reg
trgsurfreg = sphere.reg
usehash = 1
Use ProjAbs  = 0, 0
Use ProjFrac = 0, 0
DoPaint 0

SUBJECTS_DIR    /out/sourcedata/freesurfer
FREESURFER_HOME /opt/freesurfer
Loading source label.
Found 3962 points in source label.
Starting surface-based mapping
Reading source registration 
 /out/sourcedata/freesurfer/fsaverage/surf/rh.sphere.reg
Rescaling ...  original radius = 100
Reading target surface 
 /out/sourcedata/freesurfer/sub-v2s10x28980_ses-1/surf/rh.white
Reading target registration 
 /out/sourcedata/freesurfer/sub-v2s10x28980_ses-1/surf/rh.sphere.reg
Rescaling ...  original radius = 100
Building target registration hash (res=16).
Building source registration hash (res=16).
INFO: found  3962 nlabel points
Performing mapping from target back to the source label 119111
Number of reverse mapping hits = 67
Checking for and removing duplicates
Writing label file ./rh.BA1_exvivo.label 4029
mri_label2label: Done


 mri_label2label --srcsubject fsaverage --srclabel /out/sourcedata/freesurfer/fsaverage/label/rh.BA2_exvivo.label --trgsubject sub-v2s10x28980_ses-1 --trglabel ./rh.BA2_exvivo.label --hemi rh --regmethod surface 


srclabel = /out/sourcedata/freesurfer/fsaverage/label/rh.BA2_exvivo.label
srcsubject = fsaverage
trgsubject = sub-v2s10x28980_ses-1
trglabel = ./rh.BA2_exvivo.label
regmethod = surface

srchemi = rh
trghemi = rh
trgsurface = white
srcsurfreg = sphere.reg
trgsurfreg = sphere.reg
usehash = 1
Use ProjAbs  = 0, 0
Use ProjFrac = 0, 0
DoPaint 0

SUBJECTS_DIR    /out/sourcedata/freesurfer
FREESURFER_HOME /opt/freesurfer
Loading source label.
Found 6687 points in source label.
Starting surface-based mapping
Reading source registration 
 /out/sourcedata/freesurfer/fsaverage/surf/rh.sphere.reg
Rescaling ...  original radius = 100
Reading target surface 
 /out/sourcedata/freesurfer/sub-v2s10x28980_ses-1/surf/rh.white
Reading target registration 
 /out/sourcedata/freesurfer/sub-v2s10x28980_ses-1/surf/rh.sphere.reg
Rescaling ...  original radius = 100
Building target registration hash (res=16).
Building source registration hash (res=16).
INFO: found  6687 nlabel points
Performing mapping from target back to the source label 119111
Number of reverse mapping hits = 49
Checking for and removing duplicates
Writing label file ./rh.BA2_exvivo.label 6736
mri_label2label: Done


 mri_label2label --srcsubject fsaverage --srclabel /out/sourcedata/freesurfer/fsaverage/label/rh.BA3a_exvivo.label --trgsubject sub-v2s10x28980_ses-1 --trglabel ./rh.BA3a_exvivo.label --hemi rh --regmethod surface 


srclabel = /out/sourcedata/freesurfer/fsaverage/label/rh.BA3a_exvivo.label
srcsubject = fsaverage
trgsubject = sub-v2s10x28980_ses-1
trglabel = ./rh.BA3a_exvivo.label
regmethod = surface

srchemi = rh
trghemi = rh
trgsurface = white
srcsurfreg = sphere.reg
trgsurfreg = sphere.reg
usehash = 1
Use ProjAbs  = 0, 0
Use ProjFrac = 0, 0
DoPaint 0

SUBJECTS_DIR    /out/sourcedata/freesurfer
FREESURFER_HOME /opt/freesurfer
Loading source label.
Found 3980 points in source label.
Starting surface-based mapping
Reading source registration 
 /out/sourcedata/freesurfer/fsaverage/surf/rh.sphere.reg
Rescaling ...  original radius = 100
Reading target surface 
 /out/sourcedata/freesurfer/sub-v2s10x28980_ses-1/surf/rh.white
Reading target registration 
 /out/sourcedata/freesurfer/sub-v2s10x28980_ses-1/surf/rh.sphere.reg
Rescaling ...  original radius = 100
Building target registration hash (res=16).
Building source registration hash (res=16).
INFO: found  3980 nlabel points
Performing mapping from target back to the source label 119111
Number of reverse mapping hits = 28
Checking for and removing duplicates
Writing label file ./rh.BA3a_exvivo.label 4008
mri_label2label: Done


 mri_label2label --srcsubject fsaverage --srclabel /out/sourcedata/freesurfer/fsaverage/label/rh.BA3b_exvivo.label --trgsubject sub-v2s10x28980_ses-1 --trglabel ./rh.BA3b_exvivo.label --hemi rh --regmethod surface 


srclabel = /out/sourcedata/freesurfer/fsaverage/label/rh.BA3b_exvivo.label
srcsubject = fsaverage
trgsubject = sub-v2s10x28980_ses-1
trglabel = ./rh.BA3b_exvivo.label
regmethod = surface

srchemi = rh
trghemi = rh
trgsurface = white
srcsurfreg = sphere.reg
trgsurfreg = sphere.reg
usehash = 1
Use ProjAbs  = 0, 0
Use ProjFrac = 0, 0
DoPaint 0

SUBJECTS_DIR    /out/sourcedata/freesurfer
FREESURFER_HOME /opt/freesurfer
Loading source label.
Found 4522 points in source label.
Starting surface-based mapping
Reading source registration 
 /out/sourcedata/freesurfer/fsaverage/surf/rh.sphere.reg
Rescaling ...  original radius = 100
Reading target surface 
 /out/sourcedata/freesurfer/sub-v2s10x28980_ses-1/surf/rh.white
Reading target registration 
 /out/sourcedata/freesurfer/sub-v2s10x28980_ses-1/surf/rh.sphere.reg
Rescaling ...  original radius = 100
Building target registration hash (res=16).
Building source registration hash (res=16).
INFO: found  4522 nlabel points
Performing mapping from target back to the source label 119111
Number of reverse mapping hits = 63
Checking for and removing duplicates
Writing label file ./rh.BA3b_exvivo.label 4585
mri_label2label: Done


 mri_label2label --srcsubject fsaverage --srclabel /out/sourcedata/freesurfer/fsaverage/label/rh.BA4a_exvivo.label --trgsubject sub-v2s10x28980_ses-1 --trglabel ./rh.BA4a_exvivo.label --hemi rh --regmethod surface 


srclabel = /out/sourcedata/freesurfer/fsaverage/label/rh.BA4a_exvivo.label
srcsubject = fsaverage
trgsubject = sub-v2s10x28980_ses-1
trglabel = ./rh.BA4a_exvivo.label
regmethod = surface

srchemi = rh
trghemi = rh
trgsurface = white
srcsurfreg = sphere.reg
trgsurfreg = sphere.reg
usehash = 1
Use ProjAbs  = 0, 0
Use ProjFrac = 0, 0
DoPaint 0

SUBJECTS_DIR    /out/sourcedata/freesurfer
FREESURFER_HOME /opt/freesurfer
Loading source label.
Found 5747 points in source label.
Starting surface-based mapping
Reading source registration 
 /out/sourcedata/freesurfer/fsaverage/surf/rh.sphere.reg
Rescaling ...  original radius = 100
Reading target surface 
 /out/sourcedata/freesurfer/sub-v2s10x28980_ses-1/surf/rh.white
Reading target registration 
 /out/sourcedata/freesurfer/sub-v2s10x28980_ses-1/surf/rh.sphere.reg
Rescaling ...  original radius = 100
Building target registration hash (res=16).
Building source registration hash (res=16).
INFO: found  5747 nlabel points
Performing mapping from target back to the source label 119111
Number of reverse mapping hits = 161
Checking for and removing duplicates
Writing label file ./rh.BA4a_exvivo.label 5908
mri_label2label: Done


 mri_label2label --srcsubject fsaverage --srclabel /out/sourcedata/freesurfer/fsaverage/label/rh.BA4p_exvivo.label --trgsubject sub-v2s10x28980_ses-1 --trglabel ./rh.BA4p_exvivo.label --hemi rh --regmethod surface 


srclabel = /out/sourcedata/freesurfer/fsaverage/label/rh.BA4p_exvivo.label
srcsubject = fsaverage
trgsubject = sub-v2s10x28980_ses-1
trglabel = ./rh.BA4p_exvivo.label
regmethod = surface

srchemi = rh
trghemi = rh
trgsurface = white
srcsurfreg = sphere.reg
trgsurfreg = sphere.reg
usehash = 1
Use ProjAbs  = 0, 0
Use ProjFrac = 0, 0
DoPaint 0

SUBJECTS_DIR    /out/sourcedata/freesurfer
FREESURFER_HOME /opt/freesurfer
Loading source label.
Found 4473 points in source label.
Starting surface-based mapping
Reading source registration 
 /out/sourcedata/freesurfer/fsaverage/surf/rh.sphere.reg
Rescaling ...  original radius = 100
Reading target surface 
 /out/sourcedata/freesurfer/sub-v2s10x28980_ses-1/surf/rh.white
Reading target registration 
 /out/sourcedata/freesurfer/sub-v2s10x28980_ses-1/surf/rh.sphere.reg
Rescaling ...  original radius = 100
Building target registration hash (res=16).
Building source registration hash (res=16).
INFO: found  4473 nlabel points
Performing mapping from target back to the source label 119111
Number of reverse mapping hits = 116
Checking for and removing duplicates
Writing label file ./rh.BA4p_exvivo.label 4589
mri_label2label: Done


 mri_label2label --srcsubject fsaverage --srclabel /out/sourcedata/freesurfer/fsaverage/label/rh.BA6_exvivo.label --trgsubject sub-v2s10x28980_ses-1 --trglabel ./rh.BA6_exvivo.label --hemi rh --regmethod surface 


srclabel = /out/sourcedata/freesurfer/fsaverage/label/rh.BA6_exvivo.label
srcsubject = fsaverage
trgsubject = sub-v2s10x28980_ses-1
trglabel = ./rh.BA6_exvivo.label
regmethod = surface

srchemi = rh
trghemi = rh
trgsurface = white
srcsurfreg = sphere.reg
trgsurfreg = sphere.reg
usehash = 1
Use ProjAbs  = 0, 0
Use ProjFrac = 0, 0
DoPaint 0

SUBJECTS_DIR    /out/sourcedata/freesurfer
FREESURFER_HOME /opt/freesurfer
Loading source label.
Found 12256 points in source label.
Starting surface-based mapping
Reading source registration 
 /out/sourcedata/freesurfer/fsaverage/surf/rh.sphere.reg
Rescaling ...  original radius = 100
Reading target surface 
 /out/sourcedata/freesurfer/sub-v2s10x28980_ses-1/surf/rh.white
Reading target registration 
 /out/sourcedata/freesurfer/sub-v2s10x28980_ses-1/surf/rh.sphere.reg
Rescaling ...  original radius = 100
Building target registration hash (res=16).
Building source registration hash (res=16).
INFO: found  12256 nlabel points
Performing mapping from target back to the source label 119111
Number of reverse mapping hits = 329
Checking for and removing duplicates
Writing label file ./rh.BA6_exvivo.label 12585
mri_label2label: Done


 mri_label2label --srcsubject fsaverage --srclabel /out/sourcedata/freesurfer/fsaverage/label/rh.BA44_exvivo.label --trgsubject sub-v2s10x28980_ses-1 --trglabel ./rh.BA44_exvivo.label --hemi rh --regmethod surface 


srclabel = /out/sourcedata/freesurfer/fsaverage/label/rh.BA44_exvivo.label
srcsubject = fsaverage
trgsubject = sub-v2s10x28980_ses-1
trglabel = ./rh.BA44_exvivo.label
regmethod = surface

srchemi = rh
trghemi = rh
trgsurface = white
srcsurfreg = sphere.reg
trgsurfreg = sphere.reg
usehash = 1
Use ProjAbs  = 0, 0
Use ProjFrac = 0, 0
DoPaint 0

SUBJECTS_DIR    /out/sourcedata/freesurfer
FREESURFER_HOME /opt/freesurfer
Loading source label.
Found 6912 points in source label.
Starting surface-based mapping
Reading source registration 
 /out/sourcedata/freesurfer/fsaverage/surf/rh.sphere.reg
Rescaling ...  original radius = 100
Reading target surface 
 /out/sourcedata/freesurfer/sub-v2s10x28980_ses-1/surf/rh.white
Reading target registration 
 /out/sourcedata/freesurfer/sub-v2s10x28980_ses-1/surf/rh.sphere.reg
Rescaling ...  original radius = 100
Building target registration hash (res=16).
Building source registration hash (res=16).
INFO: found  6912 nlabel points
Performing mapping from target back to the source label 119111
Number of reverse mapping hits = 248
Checking for and removing duplicates
Writing label file ./rh.BA44_exvivo.label 7160
mri_label2label: Done


 mri_label2label --srcsubject fsaverage --srclabel /out/sourcedata/freesurfer/fsaverage/label/rh.BA45_exvivo.label --trgsubject sub-v2s10x28980_ses-1 --trglabel ./rh.BA45_exvivo.label --hemi rh --regmethod surface 


srclabel = /out/sourcedata/freesurfer/fsaverage/label/rh.BA45_exvivo.label
srcsubject = fsaverage
trgsubject = sub-v2s10x28980_ses-1
trglabel = ./rh.BA45_exvivo.label
regmethod = surface

srchemi = rh
trghemi = rh
trgsurface = white
srcsurfreg = sphere.reg
trgsurfreg = sphere.reg
usehash = 1
Use ProjAbs  = 0, 0
Use ProjFrac = 0, 0
DoPaint 0

SUBJECTS_DIR    /out/sourcedata/freesurfer
FREESURFER_HOME /opt/freesurfer
Loading source label.
Found 5355 points in source label.
Starting surface-based mapping
Reading source registration 
 /out/sourcedata/freesurfer/fsaverage/surf/rh.sphere.reg
Rescaling ...  original radius = 100
Reading target surface 
 /out/sourcedata/freesurfer/sub-v2s10x28980_ses-1/surf/rh.white
Reading target registration 
 /out/sourcedata/freesurfer/sub-v2s10x28980_ses-1/surf/rh.sphere.reg
Rescaling ...  original radius = 100
Building target registration hash (res=16).
Building source registration hash (res=16).
INFO: found  5355 nlabel points
Performing mapping from target back to the source label 119111
Number of reverse mapping hits = 494
Checking for and removing duplicates
Writing label file ./rh.BA45_exvivo.label 5849
mri_label2label: Done


 mri_label2label --srcsubject fsaverage --srclabel /out/sourcedata/freesurfer/fsaverage/label/rh.V1_exvivo.label --trgsubject sub-v2s10x28980_ses-1 --trglabel ./rh.V1_exvivo.label --hemi rh --regmethod surface 


srclabel = /out/sourcedata/freesurfer/fsaverage/label/rh.V1_exvivo.label
srcsubject = fsaverage
trgsubject = sub-v2s10x28980_ses-1
trglabel = ./rh.V1_exvivo.label
regmethod = surface

srchemi = rh
trghemi = rh
trgsurface = white
srcsurfreg = sphere.reg
trgsurfreg = sphere.reg
usehash = 1
Use ProjAbs  = 0, 0
Use ProjFrac = 0, 0
DoPaint 0

SUBJECTS_DIR    /out/sourcedata/freesurfer
FREESURFER_HOME /opt/freesurfer
Loading source label.
Found 4727 points in source label.
Starting surface-based mapping
Reading source registration 
 /out/sourcedata/freesurfer/fsaverage/surf/rh.sphere.reg
Rescaling ...  original radius = 100
Reading target surface 
 /out/sourcedata/freesurfer/sub-v2s10x28980_ses-1/surf/rh.white
Reading target registration 
 /out/sourcedata/freesurfer/sub-v2s10x28980_ses-1/surf/rh.sphere.reg
Rescaling ...  original radius = 100
Building target registration hash (res=16).
Building source registration hash (res=16).
INFO: found  4727 nlabel points
Performing mapping from target back to the source label 119111
Number of reverse mapping hits = 847
Checking for and removing duplicates
Writing label file ./rh.V1_exvivo.label 5574
mri_label2label: Done


 mri_label2label --srcsubject fsaverage --srclabel /out/sourcedata/freesurfer/fsaverage/label/rh.V2_exvivo.label --trgsubject sub-v2s10x28980_ses-1 --trglabel ./rh.V2_exvivo.label --hemi rh --regmethod surface 


srclabel = /out/sourcedata/freesurfer/fsaverage/label/rh.V2_exvivo.label
srcsubject = fsaverage
trgsubject = sub-v2s10x28980_ses-1
trglabel = ./rh.V2_exvivo.label
regmethod = surface

srchemi = rh
trghemi = rh
trgsurface = white
srcsurfreg = sphere.reg
trgsurfreg = sphere.reg
usehash = 1
Use ProjAbs  = 0, 0
Use ProjFrac = 0, 0
DoPaint 0

SUBJECTS_DIR    /out/sourcedata/freesurfer
FREESURFER_HOME /opt/freesurfer
Loading source label.
Found 8016 points in source label.
Starting surface-based mapping
Reading source registration 
 /out/sourcedata/freesurfer/fsaverage/surf/rh.sphere.reg
Rescaling ...  original radius = 100
Reading target surface 
 /out/sourcedata/freesurfer/sub-v2s10x28980_ses-1/surf/rh.white
Reading target registration 
 /out/sourcedata/freesurfer/sub-v2s10x28980_ses-1/surf/rh.sphere.reg
Rescaling ...  original radius = 100
Building target registration hash (res=16).
Building source registration hash (res=16).
INFO: found  8016 nlabel points
Performing mapping from target back to the source label 119111
Number of reverse mapping hits = 1391
Checking for and removing duplicates
Writing label file ./rh.V2_exvivo.label 9407
mri_label2label: Done


 mri_label2label --srcsubject fsaverage --srclabel /out/sourcedata/freesurfer/fsaverage/label/rh.MT_exvivo.label --trgsubject sub-v2s10x28980_ses-1 --trglabel ./rh.MT_exvivo.label --hemi rh --regmethod surface 


srclabel = /out/sourcedata/freesurfer/fsaverage/label/rh.MT_exvivo.label
srcsubject = fsaverage
trgsubject = sub-v2s10x28980_ses-1
trglabel = ./rh.MT_exvivo.label
regmethod = surface

srchemi = rh
trghemi = rh
trgsurface = white
srcsurfreg = sphere.reg
trgsurfreg = sphere.reg
usehash = 1
Use ProjAbs  = 0, 0
Use ProjFrac = 0, 0
DoPaint 0

SUBJECTS_DIR    /out/sourcedata/freesurfer
FREESURFER_HOME /opt/freesurfer
Loading source label.
Found 1932 points in source label.
Starting surface-based mapping
Reading source registration 
 /out/sourcedata/freesurfer/fsaverage/surf/rh.sphere.reg
Rescaling ...  original radius = 100
Reading target surface 
 /out/sourcedata/freesurfer/sub-v2s10x28980_ses-1/surf/rh.white
Reading target registration 
 /out/sourcedata/freesurfer/sub-v2s10x28980_ses-1/surf/rh.sphere.reg
Rescaling ...  original radius = 100
Building target registration hash (res=16).
Building source registration hash (res=16).
INFO: found  1932 nlabel points
Performing mapping from target back to the source label 119111
Number of reverse mapping hits = 377
Checking for and removing duplicates
Writing label file ./rh.MT_exvivo.label 2309
mri_label2label: Done


 mri_label2label --srcsubject fsaverage --srclabel /out/sourcedata/freesurfer/fsaverage/label/rh.entorhinal_exvivo.label --trgsubject sub-v2s10x28980_ses-1 --trglabel ./rh.entorhinal_exvivo.label --hemi rh --regmethod surface 


srclabel = /out/sourcedata/freesurfer/fsaverage/label/rh.entorhinal_exvivo.label
srcsubject = fsaverage
trgsubject = sub-v2s10x28980_ses-1
trglabel = ./rh.entorhinal_exvivo.label
regmethod = surface

srchemi = rh
trghemi = rh
trgsurface = white
srcsurfreg = sphere.reg
trgsurfreg = sphere.reg
usehash = 1
Use ProjAbs  = 0, 0
Use ProjFrac = 0, 0
DoPaint 0

SUBJECTS_DIR    /out/sourcedata/freesurfer
FREESURFER_HOME /opt/freesurfer
Loading source label.
Found 1038 points in source label.
Starting surface-based mapping
Reading source registration 
 /out/sourcedata/freesurfer/fsaverage/surf/rh.sphere.reg
Rescaling ...  original radius = 100
Reading target surface 
 /out/sourcedata/freesurfer/sub-v2s10x28980_ses-1/surf/rh.white
Reading target registration 
 /out/sourcedata/freesurfer/sub-v2s10x28980_ses-1/surf/rh.sphere.reg
Rescaling ...  original radius = 100
Building target registration hash (res=16).
Building source registration hash (res=16).
INFO: found  1038 nlabel points
Performing mapping from target back to the source label 119111
Number of reverse mapping hits = 154
Checking for and removing duplicates
Writing label file ./rh.entorhinal_exvivo.label 1192
mri_label2label: Done


 mri_label2label --srcsubject fsaverage --srclabel /out/sourcedata/freesurfer/fsaverage/label/rh.perirhinal_exvivo.label --trgsubject sub-v2s10x28980_ses-1 --trglabel ./rh.perirhinal_exvivo.label --hemi rh --regmethod surface 


srclabel = /out/sourcedata/freesurfer/fsaverage/label/rh.perirhinal_exvivo.label
srcsubject = fsaverage
trgsubject = sub-v2s10x28980_ses-1
trglabel = ./rh.perirhinal_exvivo.label
regmethod = surface

srchemi = rh
trghemi = rh
trgsurface = white
srcsurfreg = sphere.reg
trgsurfreg = sphere.reg
usehash = 1
Use ProjAbs  = 0, 0
Use ProjFrac = 0, 0
DoPaint 0

SUBJECTS_DIR    /out/sourcedata/freesurfer
FREESURFER_HOME /opt/freesurfer
Loading source label.
Found 752 points in source label.
Starting surface-based mapping
Reading source registration 
 /out/sourcedata/freesurfer/fsaverage/surf/rh.sphere.reg
Rescaling ...  original radius = 100
Reading target surface 
 /out/sourcedata/freesurfer/sub-v2s10x28980_ses-1/surf/rh.white
Reading target registration 
 /out/sourcedata/freesurfer/sub-v2s10x28980_ses-1/surf/rh.sphere.reg
Rescaling ...  original radius = 100
Building target registration hash (res=16).
Building source registration hash (res=16).
INFO: found  752 nlabel points
Performing mapping from target back to the source label 119111
Number of reverse mapping hits = 117
Checking for and removing duplicates
Writing label file ./rh.perirhinal_exvivo.label 869
mri_label2label: Done


 mri_label2label --srcsubject fsaverage --srclabel /out/sourcedata/freesurfer/fsaverage/label/rh.FG1.mpm.vpnl.label --trgsubject sub-v2s10x28980_ses-1 --trglabel ./rh.FG1.mpm.vpnl.label --hemi rh --regmethod surface 


srclabel = /out/sourcedata/freesurfer/fsaverage/label/rh.FG1.mpm.vpnl.label
srcsubject = fsaverage
trgsubject = sub-v2s10x28980_ses-1
trglabel = ./rh.FG1.mpm.vpnl.label
regmethod = surface

srchemi = rh
trghemi = rh
trgsurface = white
srcsurfreg = sphere.reg
trgsurfreg = sphere.reg
usehash = 1
Use ProjAbs  = 0, 0
Use ProjFrac = 0, 0
DoPaint 0

SUBJECTS_DIR    /out/sourcedata/freesurfer
FREESURFER_HOME /opt/freesurfer
Loading source label.
Found 541 points in source label.
Starting surface-based mapping
Reading source registration 
 /out/sourcedata/freesurfer/fsaverage/surf/rh.sphere.reg
Rescaling ...  original radius = 100
Reading target surface 
 /out/sourcedata/freesurfer/sub-v2s10x28980_ses-1/surf/rh.white
Reading target registration 
 /out/sourcedata/freesurfer/sub-v2s10x28980_ses-1/surf/rh.sphere.reg
Rescaling ...  original radius = 100
Building target registration hash (res=16).
Building source registration hash (res=16).
INFO: found  541 nlabel points
Performing mapping from target back to the source label 119111
Number of reverse mapping hits = 110
Checking for and removing duplicates
Writing label file ./rh.FG1.mpm.vpnl.label 651
mri_label2label: Done


 mri_label2label --srcsubject fsaverage --srclabel /out/sourcedata/freesurfer/fsaverage/label/rh.FG2.mpm.vpnl.label --trgsubject sub-v2s10x28980_ses-1 --trglabel ./rh.FG2.mpm.vpnl.label --hemi rh --regmethod surface 


srclabel = /out/sourcedata/freesurfer/fsaverage/label/rh.FG2.mpm.vpnl.label
srcsubject = fsaverage
trgsubject = sub-v2s10x28980_ses-1
trglabel = ./rh.FG2.mpm.vpnl.label
regmethod = surface

srchemi = rh
trghemi = rh
trgsurface = white
srcsurfreg = sphere.reg
trgsurfreg = sphere.reg
usehash = 1
Use ProjAbs  = 0, 0
Use ProjFrac = 0, 0
DoPaint 0

SUBJECTS_DIR    /out/sourcedata/freesurfer
FREESURFER_HOME /opt/freesurfer
Loading source label.
Found 721 points in source label.
Starting surface-based mapping
Reading source registration 
 /out/sourcedata/freesurfer/fsaverage/surf/rh.sphere.reg
Rescaling ...  original radius = 100
Reading target surface 
 /out/sourcedata/freesurfer/sub-v2s10x28980_ses-1/surf/rh.white
Reading target registration 
 /out/sourcedata/freesurfer/sub-v2s10x28980_ses-1/surf/rh.sphere.reg
Rescaling ...  original radius = 100
Building target registration hash (res=16).
Building source registration hash (res=16).
INFO: found  721 nlabel points
Performing mapping from target back to the source label 119111
Number of reverse mapping hits = 221
Checking for and removing duplicates
Writing label file ./rh.FG2.mpm.vpnl.label 942
mri_label2label: Done


 mri_label2label --srcsubject fsaverage --srclabel /out/sourcedata/freesurfer/fsaverage/label/rh.FG3.mpm.vpnl.label --trgsubject sub-v2s10x28980_ses-1 --trglabel ./rh.FG3.mpm.vpnl.label --hemi rh --regmethod surface 


srclabel = /out/sourcedata/freesurfer/fsaverage/label/rh.FG3.mpm.vpnl.label
srcsubject = fsaverage
trgsubject = sub-v2s10x28980_ses-1
trglabel = ./rh.FG3.mpm.vpnl.label
regmethod = surface

srchemi = rh
trghemi = rh
trgsurface = white
srcsurfreg = sphere.reg
trgsurfreg = sphere.reg
usehash = 1
Use ProjAbs  = 0, 0
Use ProjFrac = 0, 0
DoPaint 0

SUBJECTS_DIR    /out/sourcedata/freesurfer
FREESURFER_HOME /opt/freesurfer
Loading source label.
Found 1523 points in source label.
Starting surface-based mapping
Reading source registration 
 /out/sourcedata/freesurfer/fsaverage/surf/rh.sphere.reg
Rescaling ...  original radius = 100
Reading target surface 
 /out/sourcedata/freesurfer/sub-v2s10x28980_ses-1/surf/rh.white
Reading target registration 
 /out/sourcedata/freesurfer/sub-v2s10x28980_ses-1/surf/rh.sphere.reg
Rescaling ...  original radius = 100
Building target registration hash (res=16).
Building source registration hash (res=16).
INFO: found  1523 nlabel points
Performing mapping from target back to the source label 119111
Number of reverse mapping hits = 25
Checking for and removing duplicates
Writing label file ./rh.FG3.mpm.vpnl.label 1548
mri_label2label: Done


 mri_label2label --srcsubject fsaverage --srclabel /out/sourcedata/freesurfer/fsaverage/label/rh.FG4.mpm.vpnl.label --trgsubject sub-v2s10x28980_ses-1 --trglabel ./rh.FG4.mpm.vpnl.label --hemi rh --regmethod surface 


srclabel = /out/sourcedata/freesurfer/fsaverage/label/rh.FG4.mpm.vpnl.label
srcsubject = fsaverage
trgsubject = sub-v2s10x28980_ses-1
trglabel = ./rh.FG4.mpm.vpnl.label
regmethod = surface

srchemi = rh
trghemi = rh
trgsurface = white
srcsurfreg = sphere.reg
trgsurfreg = sphere.reg
usehash = 1
Use ProjAbs  = 0, 0
Use ProjFrac = 0, 0
DoPaint 0

SUBJECTS_DIR    /out/sourcedata/freesurfer
FREESURFER_HOME /opt/freesurfer
Loading source label.
Found 1586 points in source label.
Starting surface-based mapping
Reading source registration 
 /out/sourcedata/freesurfer/fsaverage/surf/rh.sphere.reg
Rescaling ...  original radius = 100
Reading target surface 
 /out/sourcedata/freesurfer/sub-v2s10x28980_ses-1/surf/rh.white
Reading target registration 
 /out/sourcedata/freesurfer/sub-v2s10x28980_ses-1/surf/rh.sphere.reg
Rescaling ...  original radius = 100
Building target registration hash (res=16).
Building source registration hash (res=16).
INFO: found  1586 nlabel points
Performing mapping from target back to the source label 119111
Number of reverse mapping hits = 148
Checking for and removing duplicates
Writing label file ./rh.FG4.mpm.vpnl.label 1734
mri_label2label: Done


 mri_label2label --srcsubject fsaverage --srclabel /out/sourcedata/freesurfer/fsaverage/label/rh.hOc1.mpm.vpnl.label --trgsubject sub-v2s10x28980_ses-1 --trglabel ./rh.hOc1.mpm.vpnl.label --hemi rh --regmethod surface 


srclabel = /out/sourcedata/freesurfer/fsaverage/label/rh.hOc1.mpm.vpnl.label
srcsubject = fsaverage
trgsubject = sub-v2s10x28980_ses-1
trglabel = ./rh.hOc1.mpm.vpnl.label
regmethod = surface

srchemi = rh
trghemi = rh
trgsurface = white
srcsurfreg = sphere.reg
trgsurfreg = sphere.reg
usehash = 1
Use ProjAbs  = 0, 0
Use ProjFrac = 0, 0
DoPaint 0

SUBJECTS_DIR    /out/sourcedata/freesurfer
FREESURFER_HOME /opt/freesurfer
Loading source label.
Found 3667 points in source label.
Starting surface-based mapping
Reading source registration 
 /out/sourcedata/freesurfer/fsaverage/surf/rh.sphere.reg
Rescaling ...  original radius = 100
Reading target surface 
 /out/sourcedata/freesurfer/sub-v2s10x28980_ses-1/surf/rh.white
Reading target registration 
 /out/sourcedata/freesurfer/sub-v2s10x28980_ses-1/surf/rh.sphere.reg
Rescaling ...  original radius = 100
Building target registration hash (res=16).
Building source registration hash (res=16).
INFO: found  3667 nlabel points
Performing mapping from target back to the source label 119111
Number of reverse mapping hits = 671
Checking for and removing duplicates
Writing label file ./rh.hOc1.mpm.vpnl.label 4338
mri_label2label: Done


 mri_label2label --srcsubject fsaverage --srclabel /out/sourcedata/freesurfer/fsaverage/label/rh.hOc2.mpm.vpnl.label --trgsubject sub-v2s10x28980_ses-1 --trglabel ./rh.hOc2.mpm.vpnl.label --hemi rh --regmethod surface 


srclabel = /out/sourcedata/freesurfer/fsaverage/label/rh.hOc2.mpm.vpnl.label
srcsubject = fsaverage
trgsubject = sub-v2s10x28980_ses-1
trglabel = ./rh.hOc2.mpm.vpnl.label
regmethod = surface

srchemi = rh
trghemi = rh
trgsurface = white
srcsurfreg = sphere.reg
trgsurfreg = sphere.reg
usehash = 1
Use ProjAbs  = 0, 0
Use ProjFrac = 0, 0
DoPaint 0

SUBJECTS_DIR    /out/sourcedata/freesurfer
FREESURFER_HOME /opt/freesurfer
Loading source label.
Found 2719 points in source label.
Starting surface-based mapping
Reading source registration 
 /out/sourcedata/freesurfer/fsaverage/surf/rh.sphere.reg
Rescaling ...  original radius = 100
Reading target surface 
 /out/sourcedata/freesurfer/sub-v2s10x28980_ses-1/surf/rh.white
Reading target registration 
 /out/sourcedata/freesurfer/sub-v2s10x28980_ses-1/surf/rh.sphere.reg
Rescaling ...  original radius = 100
Building target registration hash (res=16).
Building source registration hash (res=16).
INFO: found  2719 nlabel points
Performing mapping from target back to the source label 119111
Number of reverse mapping hits = 508
Checking for and removing duplicates
Writing label file ./rh.hOc2.mpm.vpnl.label 3227
mri_label2label: Done


 mri_label2label --srcsubject fsaverage --srclabel /out/sourcedata/freesurfer/fsaverage/label/rh.hOc3v.mpm.vpnl.label --trgsubject sub-v2s10x28980_ses-1 --trglabel ./rh.hOc3v.mpm.vpnl.label --hemi rh --regmethod surface 


srclabel = /out/sourcedata/freesurfer/fsaverage/label/rh.hOc3v.mpm.vpnl.label
srcsubject = fsaverage
trgsubject = sub-v2s10x28980_ses-1
trglabel = ./rh.hOc3v.mpm.vpnl.label
regmethod = surface

srchemi = rh
trghemi = rh
trgsurface = white
srcsurfreg = sphere.reg
trgsurfreg = sphere.reg
usehash = 1
Use ProjAbs  = 0, 0
Use ProjFrac = 0, 0
DoPaint 0

SUBJECTS_DIR    /out/sourcedata/freesurfer
FREESURFER_HOME /opt/freesurfer
Loading source label.
Found 1228 points in source label.
Starting surface-based mapping
Reading source registration 
 /out/sourcedata/freesurfer/fsaverage/surf/rh.sphere.reg
Rescaling ...  original radius = 100
Reading target surface 
 /out/sourcedata/freesurfer/sub-v2s10x28980_ses-1/surf/rh.white
Reading target registration 
 /out/sourcedata/freesurfer/sub-v2s10x28980_ses-1/surf/rh.sphere.reg
Rescaling ...  original radius = 100
Building target registration hash (res=16).
Building source registration hash (res=16).
INFO: found  1228 nlabel points
Performing mapping from target back to the source label 119111
Number of reverse mapping hits = 313
Checking for and removing duplicates
Writing label file ./rh.hOc3v.mpm.vpnl.label 1541
mri_label2label: Done


 mri_label2label --srcsubject fsaverage --srclabel /out/sourcedata/freesurfer/fsaverage/label/rh.hOc4v.mpm.vpnl.label --trgsubject sub-v2s10x28980_ses-1 --trglabel ./rh.hOc4v.mpm.vpnl.label --hemi rh --regmethod surface 


srclabel = /out/sourcedata/freesurfer/fsaverage/label/rh.hOc4v.mpm.vpnl.label
srcsubject = fsaverage
trgsubject = sub-v2s10x28980_ses-1
trglabel = ./rh.hOc4v.mpm.vpnl.label
regmethod = surface

srchemi = rh
trghemi = rh
trgsurface = white
srcsurfreg = sphere.reg
trgsurfreg = sphere.reg
usehash = 1
Use ProjAbs  = 0, 0
Use ProjFrac = 0, 0
DoPaint 0

SUBJECTS_DIR    /out/sourcedata/freesurfer
FREESURFER_HOME /opt/freesurfer
Loading source label.
Found 1025 points in source label.
Starting surface-based mapping
Reading source registration 
 /out/sourcedata/freesurfer/fsaverage/surf/rh.sphere.reg
Rescaling ...  original radius = 100
Reading target surface 
 /out/sourcedata/freesurfer/sub-v2s10x28980_ses-1/surf/rh.white
Reading target registration 
 /out/sourcedata/freesurfer/sub-v2s10x28980_ses-1/surf/rh.sphere.reg
Rescaling ...  original radius = 100
Building target registration hash (res=16).
Building source registration hash (res=16).
INFO: found  1025 nlabel points
Performing mapping from target back to the source label 119111
Number of reverse mapping hits = 300
Checking for and removing duplicates
Writing label file ./rh.hOc4v.mpm.vpnl.label 1325
mri_label2label: Done


 mris_label2annot --s sub-v2s10x28980_ses-1 --ctab /opt/freesurfer/average/colortable_vpnl.txt --hemi rh --a mpm.vpnl --maxstatwinner --noverbose --l rh.FG1.mpm.vpnl.label --l rh.FG2.mpm.vpnl.label --l rh.FG3.mpm.vpnl.label --l rh.FG4.mpm.vpnl.label --l rh.hOc1.mpm.vpnl.label --l rh.hOc2.mpm.vpnl.label --l rh.hOc3v.mpm.vpnl.label --l rh.hOc4v.mpm.vpnl.label 

Reading ctab /opt/freesurfer/average/colortable_vpnl.txt
Number of ctab entries 9

7.3.2
cwd /out/sourcedata/freesurfer/sub-v2s10x28980_ses-1/label
cmdline mris_label2annot --s sub-v2s10x28980_ses-1 --ctab /opt/freesurfer/average/colortable_vpnl.txt --hemi rh --a mpm.vpnl --maxstatwinner --noverbose --l rh.FG1.mpm.vpnl.label --l rh.FG2.mpm.vpnl.label --l rh.FG3.mpm.vpnl.label --l rh.FG4.mpm.vpnl.label --l rh.hOc1.mpm.vpnl.label --l rh.hOc2.mpm.vpnl.label --l rh.hOc3v.mpm.vpnl.label --l rh.hOc4v.mpm.vpnl.label 
sysname  Linux
hostname dna054
machine  x86_64
user     oesteban

subject sub-v2s10x28980_ses-1
hemi    rh
SUBJECTS_DIR /out/sourcedata/freesurfer
ColorTable /opt/freesurfer/average/colortable_vpnl.txt
AnnotName  mpm.vpnl
nlables 8
LabelThresh 0 0.000000
Loading /out/sourcedata/freesurfer/sub-v2s10x28980_ses-1/surf/rh.orig
 1 1376057 FG1
 2 16711935 FG2
 3 16711680 FG3
 4 1705837 FG4
 5 25600 hOc1
 6 255 hOc2
 7 16776960 hOc3v
 8 65535 hOc4v
Mapping unhit to unknown
Found 105594 unhit vertices
Writing annot to /out/sourcedata/freesurfer/sub-v2s10x28980_ses-1/label/rh.mpm.vpnl.annot

 mri_label2label --srcsubject fsaverage --srclabel /out/sourcedata/freesurfer/fsaverage/label/rh.BA1_exvivo.thresh.label --trgsubject sub-v2s10x28980_ses-1 --trglabel ./rh.BA1_exvivo.thresh.label --hemi rh --regmethod surface 


srclabel = /out/sourcedata/freesurfer/fsaverage/label/rh.BA1_exvivo.thresh.label
srcsubject = fsaverage
trgsubject = sub-v2s10x28980_ses-1
trglabel = ./rh.BA1_exvivo.thresh.label
regmethod = surface

srchemi = rh
trghemi = rh
trgsurface = white
srcsurfreg = sphere.reg
trgsurfreg = sphere.reg
usehash = 1
Use ProjAbs  = 0, 0
Use ProjFrac = 0, 0
DoPaint 0

SUBJECTS_DIR    /out/sourcedata/freesurfer
FREESURFER_HOME /opt/freesurfer
Loading source label.
Found 876 points in source label.
Starting surface-based mapping
Reading source registration 
 /out/sourcedata/freesurfer/fsaverage/surf/rh.sphere.reg
Rescaling ...  original radius = 100
Reading target surface 
 /out/sourcedata/freesurfer/sub-v2s10x28980_ses-1/surf/rh.white
Reading target registration 
 /out/sourcedata/freesurfer/sub-v2s10x28980_ses-1/surf/rh.sphere.reg
Rescaling ...  original radius = 100
Building target registration hash (res=16).
Building source registration hash (res=16).
INFO: found  876 nlabel points
Performing mapping from target back to the source label 119111
Number of reverse mapping hits = 27
Checking for and removing duplicates
Writing label file ./rh.BA1_exvivo.thresh.label 903
mri_label2label: Done


 mri_label2label --srcsubject fsaverage --srclabel /out/sourcedata/freesurfer/fsaverage/label/rh.BA2_exvivo.thresh.label --trgsubject sub-v2s10x28980_ses-1 --trglabel ./rh.BA2_exvivo.thresh.label --hemi rh --regmethod surface 


srclabel = /out/sourcedata/freesurfer/fsaverage/label/rh.BA2_exvivo.thresh.label
srcsubject = fsaverage
trgsubject = sub-v2s10x28980_ses-1
trglabel = ./rh.BA2_exvivo.thresh.label
regmethod = surface

srchemi = rh
trghemi = rh
trgsurface = white
srcsurfreg = sphere.reg
trgsurfreg = sphere.reg
usehash = 1
Use ProjAbs  = 0, 0
Use ProjFrac = 0, 0
DoPaint 0

SUBJECTS_DIR    /out/sourcedata/freesurfer
FREESURFER_HOME /opt/freesurfer
Loading source label.
Found 2688 points in source label.
Starting surface-based mapping
Reading source registration 
 /out/sourcedata/freesurfer/fsaverage/surf/rh.sphere.reg
Rescaling ...  original radius = 100
Reading target surface 
 /out/sourcedata/freesurfer/sub-v2s10x28980_ses-1/surf/rh.white
Reading target registration 
 /out/sourcedata/freesurfer/sub-v2s10x28980_ses-1/surf/rh.sphere.reg
Rescaling ...  original radius = 100
Building target registration hash (res=16).
Building source registration hash (res=16).
INFO: found  2688 nlabel points
Performing mapping from target back to the source label 119111
Number of reverse mapping hits = 11
Checking for and removing duplicates
Writing label file ./rh.BA2_exvivo.thresh.label 2699
mri_label2label: Done


 mri_label2label --srcsubject fsaverage --srclabel /out/sourcedata/freesurfer/fsaverage/label/rh.BA3a_exvivo.thresh.label --trgsubject sub-v2s10x28980_ses-1 --trglabel ./rh.BA3a_exvivo.thresh.label --hemi rh --regmethod surface 


srclabel = /out/sourcedata/freesurfer/fsaverage/label/rh.BA3a_exvivo.thresh.label
srcsubject = fsaverage
trgsubject = sub-v2s10x28980_ses-1
trglabel = ./rh.BA3a_exvivo.thresh.label
regmethod = surface

srchemi = rh
trghemi = rh
trgsurface = white
srcsurfreg = sphere.reg
trgsurfreg = sphere.reg
usehash = 1
Use ProjAbs  = 0, 0
Use ProjFrac = 0, 0
DoPaint 0

SUBJECTS_DIR    /out/sourcedata/freesurfer
FREESURFER_HOME /opt/freesurfer
Loading source label.
Found 1698 points in source label.
Starting surface-based mapping
Reading source registration 
 /out/sourcedata/freesurfer/fsaverage/surf/rh.sphere.reg
Rescaling ...  original radius = 100
Reading target surface 
 /out/sourcedata/freesurfer/sub-v2s10x28980_ses-1/surf/rh.white
Reading target registration 
 /out/sourcedata/freesurfer/sub-v2s10x28980_ses-1/surf/rh.sphere.reg
Rescaling ...  original radius = 100
Building target registration hash (res=16).
Building source registration hash (res=16).
INFO: found  1698 nlabel points
Performing mapping from target back to the source label 119111
Number of reverse mapping hits = 7
Checking for and removing duplicates
Writing label file ./rh.BA3a_exvivo.thresh.label 1705
mri_label2label: Done


 mri_label2label --srcsubject fsaverage --srclabel /out/sourcedata/freesurfer/fsaverage/label/rh.BA3b_exvivo.thresh.label --trgsubject sub-v2s10x28980_ses-1 --trglabel ./rh.BA3b_exvivo.thresh.label --hemi rh --regmethod surface 


srclabel = /out/sourcedata/freesurfer/fsaverage/label/rh.BA3b_exvivo.thresh.label
srcsubject = fsaverage
trgsubject = sub-v2s10x28980_ses-1
trglabel = ./rh.BA3b_exvivo.thresh.label
regmethod = surface

srchemi = rh
trghemi = rh
trgsurface = white
srcsurfreg = sphere.reg
trgsurfreg = sphere.reg
usehash = 1
Use ProjAbs  = 0, 0
Use ProjFrac = 0, 0
DoPaint 0

SUBJECTS_DIR    /out/sourcedata/freesurfer
FREESURFER_HOME /opt/freesurfer
Loading source label.
Found 2183 points in source label.
Starting surface-based mapping
Reading source registration 
 /out/sourcedata/freesurfer/fsaverage/surf/rh.sphere.reg
Rescaling ...  original radius = 100
Reading target surface 
 /out/sourcedata/freesurfer/sub-v2s10x28980_ses-1/surf/rh.white
Reading target registration 
 /out/sourcedata/freesurfer/sub-v2s10x28980_ses-1/surf/rh.sphere.reg
Rescaling ...  original radius = 100
Building target registration hash (res=16).
Building source registration hash (res=16).
INFO: found  2183 nlabel points
Performing mapping from target back to the source label 119111
Number of reverse mapping hits = 31
Checking for and removing duplicates
Writing label file ./rh.BA3b_exvivo.thresh.label 2214
mri_label2label: Done


 mri_label2label --srcsubject fsaverage --srclabel /out/sourcedata/freesurfer/fsaverage/label/rh.BA4a_exvivo.thresh.label --trgsubject sub-v2s10x28980_ses-1 --trglabel ./rh.BA4a_exvivo.thresh.label --hemi rh --regmethod surface 


srclabel = /out/sourcedata/freesurfer/fsaverage/label/rh.BA4a_exvivo.thresh.label
srcsubject = fsaverage
trgsubject = sub-v2s10x28980_ses-1
trglabel = ./rh.BA4a_exvivo.thresh.label
regmethod = surface

srchemi = rh
trghemi = rh
trgsurface = white
srcsurfreg = sphere.reg
trgsurfreg = sphere.reg
usehash = 1
Use ProjAbs  = 0, 0
Use ProjFrac = 0, 0
DoPaint 0

SUBJECTS_DIR    /out/sourcedata/freesurfer
FREESURFER_HOME /opt/freesurfer
Loading source label.
Found 1388 points in source label.
Starting surface-based mapping
Reading source registration 
 /out/sourcedata/freesurfer/fsaverage/surf/rh.sphere.reg
Rescaling ...  original radius = 100
Reading target surface 
 /out/sourcedata/freesurfer/sub-v2s10x28980_ses-1/surf/rh.white
Reading target registration 
 /out/sourcedata/freesurfer/sub-v2s10x28980_ses-1/surf/rh.sphere.reg
Rescaling ...  original radius = 100
Building target registration hash (res=16).
Building source registration hash (res=16).
INFO: found  1388 nlabel points
Performing mapping from target back to the source label 119111
Number of reverse mapping hits = 4
Checking for and removing duplicates
Writing label file ./rh.BA4a_exvivo.thresh.label 1392
mri_label2label: Done


 mri_label2label --srcsubject fsaverage --srclabel /out/sourcedata/freesurfer/fsaverage/label/rh.BA4p_exvivo.thresh.label --trgsubject sub-v2s10x28980_ses-1 --trglabel ./rh.BA4p_exvivo.thresh.label --hemi rh --regmethod surface 


srclabel = /out/sourcedata/freesurfer/fsaverage/label/rh.BA4p_exvivo.thresh.label
srcsubject = fsaverage
trgsubject = sub-v2s10x28980_ses-1
trglabel = ./rh.BA4p_exvivo.thresh.label
regmethod = surface

srchemi = rh
trghemi = rh
trgsurface = white
srcsurfreg = sphere.reg
trgsurfreg = sphere.reg
usehash = 1
Use ProjAbs  = 0, 0
Use ProjFrac = 0, 0
DoPaint 0

SUBJECTS_DIR    /out/sourcedata/freesurfer
FREESURFER_HOME /opt/freesurfer
Loading source label.
Found 1489 points in source label.
Starting surface-based mapping
Reading source registration 
 /out/sourcedata/freesurfer/fsaverage/surf/rh.sphere.reg
Rescaling ...  original radius = 100
Reading target surface 
 /out/sourcedata/freesurfer/sub-v2s10x28980_ses-1/surf/rh.white
Reading target registration 
 /out/sourcedata/freesurfer/sub-v2s10x28980_ses-1/surf/rh.sphere.reg
Rescaling ...  original radius = 100
Building target registration hash (res=16).
Building source registration hash (res=16).
INFO: found  1489 nlabel points
Performing mapping from target back to the source label 119111
Number of reverse mapping hits = 27
Checking for and removing duplicates
Writing label file ./rh.BA4p_exvivo.thresh.label 1516
mri_label2label: Done


 mri_label2label --srcsubject fsaverage --srclabel /out/sourcedata/freesurfer/fsaverage/label/rh.BA6_exvivo.thresh.label --trgsubject sub-v2s10x28980_ses-1 --trglabel ./rh.BA6_exvivo.thresh.label --hemi rh --regmethod surface 


srclabel = /out/sourcedata/freesurfer/fsaverage/label/rh.BA6_exvivo.thresh.label
srcsubject = fsaverage
trgsubject = sub-v2s10x28980_ses-1
trglabel = ./rh.BA6_exvivo.thresh.label
regmethod = surface

srchemi = rh
trghemi = rh
trgsurface = white
srcsurfreg = sphere.reg
trgsurfreg = sphere.reg
usehash = 1
Use ProjAbs  = 0, 0
Use ProjFrac = 0, 0
DoPaint 0

SUBJECTS_DIR    /out/sourcedata/freesurfer
FREESURFER_HOME /opt/freesurfer
Loading source label.
Found 6959 points in source label.
Starting surface-based mapping
Reading source registration 
 /out/sourcedata/freesurfer/fsaverage/surf/rh.sphere.reg
Rescaling ...  original radius = 100
Reading target surface 
 /out/sourcedata/freesurfer/sub-v2s10x28980_ses-1/surf/rh.white
Reading target registration 
 /out/sourcedata/freesurfer/sub-v2s10x28980_ses-1/surf/rh.sphere.reg
Rescaling ...  original radius = 100
Building target registration hash (res=16).
Building source registration hash (res=16).
INFO: found  6959 nlabel points
Performing mapping from target back to the source label 119111
Number of reverse mapping hits = 219
Checking for and removing duplicates
Writing label file ./rh.BA6_exvivo.thresh.label 7178
mri_label2label: Done


 mri_label2label --srcsubject fsaverage --srclabel /out/sourcedata/freesurfer/fsaverage/label/rh.BA44_exvivo.thresh.label --trgsubject sub-v2s10x28980_ses-1 --trglabel ./rh.BA44_exvivo.thresh.label --hemi rh --regmethod surface 


srclabel = /out/sourcedata/freesurfer/fsaverage/label/rh.BA44_exvivo.thresh.label
srcsubject = fsaverage
trgsubject = sub-v2s10x28980_ses-1
trglabel = ./rh.BA44_exvivo.thresh.label
regmethod = surface

srchemi = rh
trghemi = rh
trgsurface = white
srcsurfreg = sphere.reg
trgsurfreg = sphere.reg
usehash = 1
Use ProjAbs  = 0, 0
Use ProjFrac = 0, 0
DoPaint 0

SUBJECTS_DIR    /out/sourcedata/freesurfer
FREESURFER_HOME /opt/freesurfer
Loading source label.
Found 1012 points in source label.
Starting surface-based mapping
Reading source registration 
 /out/sourcedata/freesurfer/fsaverage/surf/rh.sphere.reg
Rescaling ...  original radius = 100
Reading target surface 
 /out/sourcedata/freesurfer/sub-v2s10x28980_ses-1/surf/rh.white
Reading target registration 
 /out/sourcedata/freesurfer/sub-v2s10x28980_ses-1/surf/rh.sphere.reg
Rescaling ...  original radius = 100
Building target registration hash (res=16).
Building source registration hash (res=16).
INFO: found  1012 nlabel points
Performing mapping from target back to the source label 119111
Number of reverse mapping hits = 93
Checking for and removing duplicates
Writing label file ./rh.BA44_exvivo.thresh.label 1105
mri_label2label: Done


 mri_label2label --srcsubject fsaverage --srclabel /out/sourcedata/freesurfer/fsaverage/label/rh.BA45_exvivo.thresh.label --trgsubject sub-v2s10x28980_ses-1 --trglabel ./rh.BA45_exvivo.thresh.label --hemi rh --regmethod surface 


srclabel = /out/sourcedata/freesurfer/fsaverage/label/rh.BA45_exvivo.thresh.label
srcsubject = fsaverage
trgsubject = sub-v2s10x28980_ses-1
trglabel = ./rh.BA45_exvivo.thresh.label
regmethod = surface

srchemi = rh
trghemi = rh
trgsurface = white
srcsurfreg = sphere.reg
trgsurfreg = sphere.reg
usehash = 1
Use ProjAbs  = 0, 0
Use ProjFrac = 0, 0
DoPaint 0

SUBJECTS_DIR    /out/sourcedata/freesurfer
FREESURFER_HOME /opt/freesurfer
Loading source label.
Found 1178 points in source label.
Starting surface-based mapping
Reading source registration 
 /out/sourcedata/freesurfer/fsaverage/surf/rh.sphere.reg
Rescaling ...  original radius = 100
Reading target surface 
 /out/sourcedata/freesurfer/sub-v2s10x28980_ses-1/surf/rh.white
Reading target registration 
 /out/sourcedata/freesurfer/sub-v2s10x28980_ses-1/surf/rh.sphere.reg
Rescaling ...  original radius = 100
Building target registration hash (res=16).
Building source registration hash (res=16).
INFO: found  1178 nlabel points
Performing mapping from target back to the source label 119111
Number of reverse mapping hits = 76
Checking for and removing duplicates
Writing label file ./rh.BA45_exvivo.thresh.label 1254
mri_label2label: Done


 mri_label2label --srcsubject fsaverage --srclabel /out/sourcedata/freesurfer/fsaverage/label/rh.V1_exvivo.thresh.label --trgsubject sub-v2s10x28980_ses-1 --trglabel ./rh.V1_exvivo.thresh.label --hemi rh --regmethod surface 


srclabel = /out/sourcedata/freesurfer/fsaverage/label/rh.V1_exvivo.thresh.label
srcsubject = fsaverage
trgsubject = sub-v2s10x28980_ses-1
trglabel = ./rh.V1_exvivo.thresh.label
regmethod = surface

srchemi = rh
trghemi = rh
trgsurface = white
srcsurfreg = sphere.reg
trgsurfreg = sphere.reg
usehash = 1
Use ProjAbs  = 0, 0
Use ProjFrac = 0, 0
DoPaint 0

SUBJECTS_DIR    /out/sourcedata/freesurfer
FREESURFER_HOME /opt/freesurfer
Loading source label.
Found 3232 points in source label.
Starting surface-based mapping
Reading source registration 
 /out/sourcedata/freesurfer/fsaverage/surf/rh.sphere.reg
Rescaling ...  original radius = 100
Reading target surface 
 /out/sourcedata/freesurfer/sub-v2s10x28980_ses-1/surf/rh.white
Reading target registration 
 /out/sourcedata/freesurfer/sub-v2s10x28980_ses-1/surf/rh.sphere.reg
Rescaling ...  original radius = 100
Building target registration hash (res=16).
Building source registration hash (res=16).
INFO: found  3232 nlabel points
Performing mapping from target back to the source label 119111
Number of reverse mapping hits = 574
Checking for and removing duplicates
Writing label file ./rh.V1_exvivo.thresh.label 3806
mri_label2label: Done


 mri_label2label --srcsubject fsaverage --srclabel /out/sourcedata/freesurfer/fsaverage/label/rh.V2_exvivo.thresh.label --trgsubject sub-v2s10x28980_ses-1 --trglabel ./rh.V2_exvivo.thresh.label --hemi rh --regmethod surface 


srclabel = /out/sourcedata/freesurfer/fsaverage/label/rh.V2_exvivo.thresh.label
srcsubject = fsaverage
trgsubject = sub-v2s10x28980_ses-1
trglabel = ./rh.V2_exvivo.thresh.label
regmethod = surface

srchemi = rh
trghemi = rh
trgsurface = white
srcsurfreg = sphere.reg
trgsurfreg = sphere.reg
usehash = 1
Use ProjAbs  = 0, 0
Use ProjFrac = 0, 0
DoPaint 0

SUBJECTS_DIR    /out/sourcedata/freesurfer
FREESURFER_HOME /opt/freesurfer
Loading source label.
Found 3437 points in source label.
Starting surface-based mapping
Reading source registration 
 /out/sourcedata/freesurfer/fsaverage/surf/rh.sphere.reg
Rescaling ...  original radius = 100
Reading target surface 
 /out/sourcedata/freesurfer/sub-v2s10x28980_ses-1/surf/rh.white
Reading target registration 
 /out/sourcedata/freesurfer/sub-v2s10x28980_ses-1/surf/rh.sphere.reg
Rescaling ...  original radius = 100
Building target registration hash (res=16).
Building source registration hash (res=16).
INFO: found  3437 nlabel points
Performing mapping from target back to the source label 119111
Number of reverse mapping hits = 697
Checking for and removing duplicates
Writing label file ./rh.V2_exvivo.thresh.label 4134
mri_label2label: Done


 mri_label2label --srcsubject fsaverage --srclabel /out/sourcedata/freesurfer/fsaverage/label/rh.MT_exvivo.thresh.label --trgsubject sub-v2s10x28980_ses-1 --trglabel ./rh.MT_exvivo.thresh.label --hemi rh --regmethod surface 


srclabel = /out/sourcedata/freesurfer/fsaverage/label/rh.MT_exvivo.thresh.label
srcsubject = fsaverage
trgsubject = sub-v2s10x28980_ses-1
trglabel = ./rh.MT_exvivo.thresh.label
regmethod = surface

srchemi = rh
trghemi = rh
trgsurface = white
srcsurfreg = sphere.reg
trgsurfreg = sphere.reg
usehash = 1
Use ProjAbs  = 0, 0
Use ProjFrac = 0, 0
DoPaint 0

SUBJECTS_DIR    /out/sourcedata/freesurfer
FREESURFER_HOME /opt/freesurfer
Loading source label.
Found 268 points in source label.
Starting surface-based mapping
Reading source registration 
 /out/sourcedata/freesurfer/fsaverage/surf/rh.sphere.reg
Rescaling ...  original radius = 100
Reading target surface 
 /out/sourcedata/freesurfer/sub-v2s10x28980_ses-1/surf/rh.white
Reading target registration 
 /out/sourcedata/freesurfer/sub-v2s10x28980_ses-1/surf/rh.sphere.reg
Rescaling ...  original radius = 100
Building target registration hash (res=16).
Building source registration hash (res=16).
INFO: found  268 nlabel points
Performing mapping from target back to the source label 119111
Number of reverse mapping hits = 55
Checking for and removing duplicates
Writing label file ./rh.MT_exvivo.thresh.label 323
mri_label2label: Done


 mri_label2label --srcsubject fsaverage --srclabel /out/sourcedata/freesurfer/fsaverage/label/rh.entorhinal_exvivo.thresh.label --trgsubject sub-v2s10x28980_ses-1 --trglabel ./rh.entorhinal_exvivo.thresh.label --hemi rh --regmethod surface 


srclabel = /out/sourcedata/freesurfer/fsaverage/label/rh.entorhinal_exvivo.thresh.label
srcsubject = fsaverage
trgsubject = sub-v2s10x28980_ses-1
trglabel = ./rh.entorhinal_exvivo.thresh.label
regmethod = surface

srchemi = rh
trghemi = rh
trgsurface = white
srcsurfreg = sphere.reg
trgsurfreg = sphere.reg
usehash = 1
Use ProjAbs  = 0, 0
Use ProjFrac = 0, 0
DoPaint 0

SUBJECTS_DIR    /out/sourcedata/freesurfer
FREESURFER_HOME /opt/freesurfer
Loading source label.
Found 694 points in source label.
Starting surface-based mapping
Reading source registration 
 /out/sourcedata/freesurfer/fsaverage/surf/rh.sphere.reg
Rescaling ...  original radius = 100
Reading target surface 
 /out/sourcedata/freesurfer/sub-v2s10x28980_ses-1/surf/rh.white
Reading target registration 
 /out/sourcedata/freesurfer/sub-v2s10x28980_ses-1/surf/rh.sphere.reg
Rescaling ...  original radius = 100
Building target registration hash (res=16).
Building source registration hash (res=16).
INFO: found  694 nlabel points
Performing mapping from target back to the source label 119111
Number of reverse mapping hits = 110
Checking for and removing duplicates
Writing label file ./rh.entorhinal_exvivo.thresh.label 804
mri_label2label: Done


 mri_label2label --srcsubject fsaverage --srclabel /out/sourcedata/freesurfer/fsaverage/label/rh.perirhinal_exvivo.thresh.label --trgsubject sub-v2s10x28980_ses-1 --trglabel ./rh.perirhinal_exvivo.thresh.label --hemi rh --regmethod surface 


srclabel = /out/sourcedata/freesurfer/fsaverage/label/rh.perirhinal_exvivo.thresh.label
srcsubject = fsaverage
trgsubject = sub-v2s10x28980_ses-1
trglabel = ./rh.perirhinal_exvivo.thresh.label
regmethod = surface

srchemi = rh
trghemi = rh
trgsurface = white
srcsurfreg = sphere.reg
trgsurfreg = sphere.reg
usehash = 1
Use ProjAbs  = 0, 0
Use ProjFrac = 0, 0
DoPaint 0

SUBJECTS_DIR    /out/sourcedata/freesurfer
FREESURFER_HOME /opt/freesurfer
Loading source label.
Found 291 points in source label.
Starting surface-based mapping
Reading source registration 
 /out/sourcedata/freesurfer/fsaverage/surf/rh.sphere.reg
Rescaling ...  original radius = 100
Reading target surface 
 /out/sourcedata/freesurfer/sub-v2s10x28980_ses-1/surf/rh.white
Reading target registration 
 /out/sourcedata/freesurfer/sub-v2s10x28980_ses-1/surf/rh.sphere.reg
Rescaling ...  original radius = 100
Building target registration hash (res=16).
Building source registration hash (res=16).
INFO: found  291 nlabel points
Performing mapping from target back to the source label 119111
Number of reverse mapping hits = 42
Checking for and removing duplicates
Writing label file ./rh.perirhinal_exvivo.thresh.label 333
mri_label2label: Done


 mris_label2annot --s sub-v2s10x28980_ses-1 --hemi rh --ctab /opt/freesurfer/average/colortable_BA.txt --l rh.BA1_exvivo.label --l rh.BA2_exvivo.label --l rh.BA3a_exvivo.label --l rh.BA3b_exvivo.label --l rh.BA4a_exvivo.label --l rh.BA4p_exvivo.label --l rh.BA6_exvivo.label --l rh.BA44_exvivo.label --l rh.BA45_exvivo.label --l rh.V1_exvivo.label --l rh.V2_exvivo.label --l rh.MT_exvivo.label --l rh.perirhinal_exvivo.label --l rh.entorhinal_exvivo.label --a BA_exvivo --maxstatwinner --noverbose 

Reading ctab /opt/freesurfer/average/colortable_BA.txt
Number of ctab entries 15

7.3.2
cwd /out/sourcedata/freesurfer/sub-v2s10x28980_ses-1/label
cmdline mris_label2annot --s sub-v2s10x28980_ses-1 --hemi rh --ctab /opt/freesurfer/average/colortable_BA.txt --l rh.BA1_exvivo.label --l rh.BA2_exvivo.label --l rh.BA3a_exvivo.label --l rh.BA3b_exvivo.label --l rh.BA4a_exvivo.label --l rh.BA4p_exvivo.label --l rh.BA6_exvivo.label --l rh.BA44_exvivo.label --l rh.BA45_exvivo.label --l rh.V1_exvivo.label --l rh.V2_exvivo.label --l rh.MT_exvivo.label --l rh.perirhinal_exvivo.label --l rh.entorhinal_exvivo.label --a BA_exvivo --maxstatwinner --noverbose 
sysname  Linux
hostname dna054
machine  x86_64
user     oesteban

subject sub-v2s10x28980_ses-1
hemi    rh
SUBJECTS_DIR /out/sourcedata/freesurfer
ColorTable /opt/freesurfer/average/colortable_BA.txt
AnnotName  BA_exvivo
nlables 14
LabelThresh 0 0.000000
Loading /out/sourcedata/freesurfer/sub-v2s10x28980_ses-1/surf/rh.orig
 1 1530880 BA1_exvivo
 2 16749699 BA2_exvivo
 3 16711680 BA3a_exvivo
 4 3368703 BA3b_exvivo
 5 1376196 BA4a_exvivo
 6 13382655 BA4p_exvivo
 7 10036737 BA6_exvivo
 8 2490521 BA44_exvivo
 9 39283 BA45_exvivo
10 3993 V1_exvivo
11 8508928 V2_exvivo
12 10027163 MT_exvivo
13 16422433 perirhinal_exvivo
14 16392598 entorhinal_exvivo
Mapping unhit to unknown
Found 82227 unhit vertices
Writing annot to /out/sourcedata/freesurfer/sub-v2s10x28980_ses-1/label/rh.BA_exvivo.annot

 mris_label2annot --s sub-v2s10x28980_ses-1 --hemi rh --ctab /opt/freesurfer/average/colortable_BA.txt --l rh.BA1_exvivo.thresh.label --l rh.BA2_exvivo.thresh.label --l rh.BA3a_exvivo.thresh.label --l rh.BA3b_exvivo.thresh.label --l rh.BA4a_exvivo.thresh.label --l rh.BA4p_exvivo.thresh.label --l rh.BA6_exvivo.thresh.label --l rh.BA44_exvivo.thresh.label --l rh.BA45_exvivo.thresh.label --l rh.V1_exvivo.thresh.label --l rh.V2_exvivo.thresh.label --l rh.MT_exvivo.thresh.label --l rh.perirhinal_exvivo.thresh.label --l rh.entorhinal_exvivo.thresh.label --a BA_exvivo.thresh --maxstatwinner --noverbose 

Reading ctab /opt/freesurfer/average/colortable_BA.txt
Number of ctab entries 15

7.3.2
cwd /out/sourcedata/freesurfer/sub-v2s10x28980_ses-1/label
cmdline mris_label2annot --s sub-v2s10x28980_ses-1 --hemi rh --ctab /opt/freesurfer/average/colortable_BA.txt --l rh.BA1_exvivo.thresh.label --l rh.BA2_exvivo.thresh.label --l rh.BA3a_exvivo.thresh.label --l rh.BA3b_exvivo.thresh.label --l rh.BA4a_exvivo.thresh.label --l rh.BA4p_exvivo.thresh.label --l rh.BA6_exvivo.thresh.label --l rh.BA44_exvivo.thresh.label --l rh.BA45_exvivo.thresh.label --l rh.V1_exvivo.thresh.label --l rh.V2_exvivo.thresh.label --l rh.MT_exvivo.thresh.label --l rh.perirhinal_exvivo.thresh.label --l rh.entorhinal_exvivo.thresh.label --a BA_exvivo.thresh --maxstatwinner --noverbose 
sysname  Linux
hostname dna054
machine  x86_64
user     oesteban

subject sub-v2s10x28980_ses-1
hemi    rh
SUBJECTS_DIR /out/sourcedata/freesurfer
ColorTable /opt/freesurfer/average/colortable_BA.txt
AnnotName  BA_exvivo.thresh
nlables 14
LabelThresh 0 0.000000
Loading /out/sourcedata/freesurfer/sub-v2s10x28980_ses-1/surf/rh.orig
 1 1530880 BA1_exvivo
 2 16749699 BA2_exvivo
 3 16711680 BA3a_exvivo
 4 3368703 BA3b_exvivo
 5 1376196 BA4a_exvivo
 6 13382655 BA4p_exvivo
 7 10036737 BA6_exvivo
 8 2490521 BA44_exvivo
 9 39283 BA45_exvivo
10 3993 V1_exvivo
11 8508928 V2_exvivo
12 10027163 MT_exvivo
13 16422433 perirhinal_exvivo
14 16392598 entorhinal_exvivo
Mapping unhit to unknown
Found 97983 unhit vertices
Writing annot to /out/sourcedata/freesurfer/sub-v2s10x28980_ses-1/label/rh.BA_exvivo.thresh.annot

 mris_anatomical_stats -th3 -mgz -noglobal -f ../stats/rh.BA_exvivo.stats -b -a ./rh.BA_exvivo.annot -c ./BA_exvivo.ctab sub-v2s10x28980_ses-1 rh white 

computing statistics for each annotation in ./rh.BA_exvivo.annot.
reading volume /out/sourcedata/freesurfer/sub-v2s10x28980_ses-1/mri/wm.mgz...
reading input surface /out/sourcedata/freesurfer/sub-v2s10x28980_ses-1/surf/rh.white...
reading input pial surface /out/sourcedata/freesurfer/sub-v2s10x28980_ses-1/surf/rh.pial...
reading input white surface /out/sourcedata/freesurfer/sub-v2s10x28980_ses-1/surf/rh.white...
INFO: using TH3 volume calc
INFO: assuming MGZ format for volumes.
INFO: not computing global stats
Using TH3 vertex volume calc
Total face volume 244376
Total vertex volume 244146 (mask=0)
Saving annotation colortable ./BA_exvivo.ctab

table columns are:
    number of vertices
    total surface area (mm^2)
    total gray matter volume (mm^3)
    average cortical thickness +- standard deviation (mm)
    integrated rectified mean curvature
    integrated rectified Gaussian curvature
    folding index
    intrinsic curvature index
    structure name

  870    559   1809  2.369 0.453     0.143     0.025       16     0.8  BA1_exvivo
 2540   1738   4530  2.520 0.587     0.101     0.015       22     1.6  BA2_exvivo
  992    682   1020  1.979 0.430     0.126     0.019        7     0.8  BA3a_exvivo
 1855   1249   2357  1.664 0.458     0.079     0.012       11     1.1  BA3b_exvivo
 1394    882   3032  2.840 0.419     0.083     0.012        9     0.8  BA4a_exvivo
 1234    783   2112  2.659 0.369     0.079     0.011        6     0.5  BA4p_exvivo
 7014   5012  18338  3.002 0.660     0.116     0.021       77     6.0  BA6_exvivo
 3238   2246   7231  2.889 0.544     0.107     0.020       36     2.5  BA44_exvivo
 3836   2688   9347  2.780 0.672     0.112     0.022       51     3.2  BA45_exvivo
 3600   2456   4403  1.722 0.524     0.119     0.023       36     3.6  V1_exvivo
 7113   5000  11641  2.238 0.562     0.140     0.029       93     8.9  V2_exvivo
 2071   1429   4036  2.728 0.487     0.108     0.021       20     1.7  MT_exvivo
  425    312   1464  3.648 0.937     0.152     0.039        6     0.7  perirhinal_exvivo
  702    454   2348  3.614 0.832     0.120     0.032        9     0.7  entorhinal_exvivo

 mris_anatomical_stats -th3 -mgz -f ../stats/rh.BA_exvivo.thresh.stats -noglobal -b -a ./rh.BA_exvivo.thresh.annot -c ./BA_exvivo.thresh.ctab sub-v2s10x28980_ses-1 rh white 

computing statistics for each annotation in ./rh.BA_exvivo.thresh.annot.
reading volume /out/sourcedata/freesurfer/sub-v2s10x28980_ses-1/mri/wm.mgz...
reading input surface /out/sourcedata/freesurfer/sub-v2s10x28980_ses-1/surf/rh.white...
reading input pial surface /out/sourcedata/freesurfer/sub-v2s10x28980_ses-1/surf/rh.pial...
reading input white surface /out/sourcedata/freesurfer/sub-v2s10x28980_ses-1/surf/rh.white...
INFO: using TH3 volume calc
INFO: assuming MGZ format for volumes.
INFO: not computing global stats
Using TH3 vertex volume calc
Total face volume 244376
Total vertex volume 244146 (mask=0)
Saving annotation colortable ./BA_exvivo.thresh.ctab

table columns are:
    number of vertices
    total surface area (mm^2)
    total gray matter volume (mm^3)
    average cortical thickness +- standard deviation (mm)
    integrated rectified mean curvature
    integrated rectified Gaussian curvature
    folding index
    intrinsic curvature index
    structure name

  618    385   1073  2.146 0.450     0.130     0.023       10     0.6  BA1_exvivo
 1547   1034   2930  2.583 0.563     0.088     0.013       10     0.8  BA2_exvivo
  882    597    822  1.976 0.440     0.125     0.017        6     0.7  BA3a_exvivo
 1437    946   1459  1.506 0.320     0.059     0.007        5     0.5  BA3b_exvivo
  763    465   1808  2.998 0.426     0.092     0.016        5     0.5  BA4a_exvivo
  976    635   1619  2.633 0.379     0.066     0.008        3     0.3  BA4p_exvivo
 4716   3382  11637  2.882 0.661     0.115     0.021       52     4.1  BA6_exvivo
  867    690   2633  2.919 0.522     0.144     0.033       21     1.1  BA44_exvivo
 1009    739   2908  2.922 0.636     0.122     0.023       12     1.0  BA45_exvivo
 3463   2349   4111  1.702 0.513     0.117     0.022       33     3.4  V1_exvivo
 3821   2759   6245  2.154 0.602     0.150     0.031       55     5.2  V2_exvivo
  304    212    605  2.590 0.287     0.102     0.018        3     0.3  MT_exvivo
   37     25    123  3.220 0.789     0.168     0.062        1     0.1  perirhinal_exvivo
  688    480   1974  3.582 0.850     0.121     0.026        8     0.7  entorhinal_exvivo

Started at Sun Mar 15 10:41:53 CET 2026 
Ended   at Sun Mar 15 10:44:47 CET 2026
#@#%# recon-all-run-time-hours 0.048
recon-all -s sub-v2s10x28980_ses-1 finished without error at Sun Mar 15 10:44:47 CET 2026
