#!ascii label  , from subject sub-v2s10x28957_ses-1 vox2ras=TkReg
3447
81592  -54.960  3.441  53.137 0.6000000238
119475  -55.491  4.882  50.460 0.6000000238
119829  -54.847  4.702  49.049 0.5000000000
83291  -54.457  4.660  47.312 0.5000000000
82501  -52.996  4.201  46.210 0.4000000060
83333  -51.500  4.777  44.473 0.4000000060
83318  -52.724  4.581  45.327 0.4000000060
84126  -50.922  5.311  43.851 0.3000000119
84139  -49.550  5.777  43.487 0.4000000060
84870  -48.578  7.061  43.024 0.2000000030
117324  -46.970  7.200  42.944 0.2000000030
84880  -46.427  6.785  42.800 0.2000000030
81593  -55.358  3.674  52.355 0.6000000238
82420  -55.306  4.500  52.017 0.6000000238
83255  -54.795  4.666  50.835 0.6999999881
83267  -54.670  4.596  49.860 0.6000000238
80839  -54.511  2.225  54.153 0.6000000238
80851  -54.781  2.354  53.403 0.6000000238
83244  -54.940  4.790  52.360 0.6999999881
81577  -54.567  3.349  53.905 0.6000000238
82411  -54.997  4.460  52.841 0.6999999881
82456  -53.728  4.050  48.581 0.6000000238
82473  -53.595  4.085  47.639 0.6000000238
82500  -52.015  3.938  45.763 0.4000000060
83302  -53.542  4.202  46.917 0.5000000000
111778  -51.975  4.441  45.038 0.4000000060
84138  -48.800  6.060  43.435 0.3000000119
84125  -49.986  5.099  43.853 0.3000000119
84869  -47.305  7.091  43.252 0.2000000030
113072  -47.873  7.269  43.037 0.2000000030
84882  -47.504  7.455  42.503 0.2000000030
127112  -54.184  4.297  49.193 0.6000000238
82410  -54.428  4.728  53.256 0.6999999881
83248  -54.939  4.796  51.716 0.6999999881
82472  -52.731  3.552  47.943 0.6000000238
82488  -52.686  3.705  47.004 0.4000000060
125387  -52.326  3.777  46.393 0.4000000060
84137  -47.894  6.481  43.484 0.3000000119
84868  -46.633  6.940  43.600 0.2000000030
82419  -54.442  4.664  52.676 0.6999999881
82431  -53.962  4.269  51.532 0.6999999881
82430  -52.871  3.593  50.692 0.6999999881
82442  -53.781  4.006  50.305 0.6999999881
122150  -53.616  3.903  49.382 0.6000000238
82441  -52.776  3.491  49.718 0.6000000238
83332  -50.530  4.430  44.574 0.4000000060
83317  -51.289  4.119  45.144 0.4000000060
121769  -51.973  3.337  47.458 0.5000000000
82454  -51.933  3.095  49.229 0.6000000238
120069  -49.070  5.153  43.884 0.4000000060
119927  -50.609  3.857  45.286 0.4000000060
82487  -51.679  3.475  46.632 0.5000000000
82471  -51.783  3.126  48.284 0.6000000238
82499  -51.084  3.635  45.850 0.4000000060
81645  -50.982  2.811  48.254 0.6999999881
83316  -49.875  3.860  45.129 0.5000000000
118434  -50.225  3.497  45.821 0.5000000000
82486  -50.628  3.254  46.575 0.5000000000
83331  -49.486  4.444  44.482 0.4000000060
84861  -47.123  6.639  43.846 0.3000000119
84124  -48.199  5.425  43.935 0.4000000060
83329  -47.539  4.882  44.579 0.5000000000
120251  -47.519  5.823  44.044 0.4000000060
84136  -45.742  6.252  42.972 0.2000000030
84867  -46.059  6.908  43.636 0.2000000030
86637  -46.253  9.081  48.718 0.8000000119
82392  -54.030  5.000  54.163 0.6000000238
82409  -53.819  4.950  53.798 0.8000000119
82391  -53.298  5.091  54.627 0.6000000238
119313  -52.885  3.758  51.674 0.8000000119
82440  -52.003  3.146  50.121 0.8000000119
81621  -51.252  2.790  49.711 0.8000000119
81607  -50.490  2.666  50.338 0.8999999762
81597  -49.861  2.801  51.335 0.8999999762
111139  -49.857  2.554  49.645 0.8999999762
83315  -48.956  3.867  45.062 0.5000000000
82498  -49.377  3.450  45.723 0.5000000000
82469  -49.998  2.859  47.238 0.5000000000
81631  -49.737  2.558  48.823 0.8999999762
81606  -49.459  2.621  50.339 0.8999999762
83330  -48.512  4.568  44.488 0.5000000000
82497  -48.499  3.458  45.730 0.6000000238
83314  -48.007  3.997  45.144 0.6000000238
81655  -48.932  2.841  47.047 0.5000000000
81643  -49.324  2.635  47.937 0.8000000119
83313  -47.140  4.210  45.384 0.6000000238
82483  -47.388  3.366  46.705 0.6999999881
81630  -48.565  2.683  48.726 0.8999999762
82439  -47.800  3.052  49.160 0.8999999762
82438  -47.388  3.527  49.525 0.8999999762
83301  -46.811  3.798  46.168 0.6999999881
82484  -48.200  3.166  46.476 0.8000000119
82453  -47.716  3.045  48.244 0.8000000119
116307  -47.396  3.408  48.840 0.8999999762
84860  -46.482  6.782  44.260 0.5000000000
83328  -46.793  4.983  44.991 0.5000000000
83312  -46.379  4.612  45.690 0.6999999881
82482  -46.777  3.670  46.940 0.8000000119
82467  -47.201  3.375  47.526 0.8000000119
82452  -47.046  3.576  48.293 0.8000000119
83265  -47.062  3.836  48.991 0.8999999762
84859  -45.916  7.206  44.325 0.4000000060
82451  -46.665  4.162  48.400 0.8000000119
84853  -45.586  7.540  44.864 0.6999999881
85505  -45.306  7.824  44.788 0.3000000119
85500  -45.129  8.079  45.187 0.6999999881
127396  -44.867  7.433  46.168 0.6999999881
85494  -44.639  8.059  46.063 0.6999999881
84840  -44.744  7.224  47.117 0.6999999881
85474  -44.936  8.064  48.278 0.8000000119
86053  -45.669  8.407  48.562 0.8000000119
107324  -47.033  9.570  48.766 0.8000000119
87201  -46.845  10.331  48.798 0.8000000119
119043  -46.338  10.878  48.725 0.8000000119
82408  -52.626  4.962  54.129 0.6999999881
82418  -53.453  4.382  52.808 0.8000000119
82417  -52.235  3.749  52.410 0.8999999762
126562  -51.650  4.971  54.268 0.8000000119
82416  -51.418  4.010  53.201 0.8000000119
81598  -51.058  3.122  51.636 0.8999999762
82407  -50.729  4.960  54.269 0.8000000119
81591  -50.129  3.583  52.792 0.8999999762
82406  -49.092  4.088  53.300 0.8999999762
81596  -49.022  2.744  51.051 0.8999999762
82415  -49.093  3.111  52.032 0.8999999762
82414  -48.279  3.132  51.329 0.8999999762
81605  -48.499  2.787  50.332 0.8999999762
122931  -47.647  3.438  50.936 0.8999999762
82428  -47.782  3.144  50.059 0.8999999762
84123  -46.928  5.817  44.436 0.5000000000
82427  -47.283  3.735  50.397 0.8999999762
83266  -47.027  4.070  49.760 0.8999999762
84072  -46.911  4.495  49.118 0.8999999762
83300  -46.200  4.293  46.718 0.8000000119
82466  -46.593  3.870  47.623 0.8000000119
115434  -47.103  5.525  49.155 0.8000000119
84847  -45.217  7.070  45.780 0.6999999881
84831  -45.064  7.205  48.105 0.8000000119
87768  -47.696  11.696  48.663 0.8000000119
82387  -48.328  4.981  53.854 0.8000000119
83233  -47.938  5.657  54.795 0.8000000119
112015  -48.315  3.790  52.604 0.8999999762
82405  -47.627  4.815  53.439 0.8999999762
83254  -46.793  4.472  50.778 0.8999999762
84112  -46.242  5.849  45.040 0.6000000238
84063  -46.885  5.027  49.790 0.8999999762
84103  -45.714  5.227  46.023 0.8000000119
83289  -45.593  5.028  46.991 0.8000000119
83290  -46.155  4.507  47.707 0.8000000119
84085  -46.492  4.966  48.528 0.8000000119
84854  -45.989  7.014  44.665 0.6000000238
84102  -45.335  5.936  46.434 0.8000000119
84833  -47.717  6.376  49.004 0.8000000119
84817  -47.502  6.240  49.439 0.8999999762
84111  -45.660  6.497  45.436 0.6999999881
84094  -45.337  5.721  47.383 0.8000000119
84084  -45.889  5.717  48.241 0.8000000119
84086  -46.937  5.887  48.767 0.8000000119
85477  -48.138  7.141  48.880 0.8000000119
84818  -48.193  7.067  49.255 0.8000000119
125271  -48.461  12.250  48.534 0.8000000119
112669  -48.293  10.706  48.746 0.8000000119
82413  -47.594  3.848  52.050 0.8999999762
115939  -47.074  4.082  51.481 0.8999999762
84062  -46.619  5.094  50.508 0.8999999762
84809  -47.134  6.015  50.124 1.0000000000
110044  -47.047  7.492  50.373 1.0000000000
86037  -46.198  8.450  50.587 1.0000000000
86038  -47.328  8.158  50.400 1.0000000000
121470  -47.559  6.895  50.143 1.0000000000
85458  -47.939  6.914  49.815 1.0000000000
86624  -46.986  9.201  50.518 1.0000000000
86039  -48.146  8.360  50.308 1.0000000000
85450  -48.085  7.519  50.147 1.0000000000
85459  -48.538  7.613  49.714 0.8999999762
109326  -44.984  6.558  46.822 0.8000000119
84841  -45.186  6.417  47.806 0.8000000119
84832  -46.024  6.518  48.423 0.8000000119
85476  -47.216  6.707  48.712 0.8000000119
86056  -48.790  7.714  49.194 0.8000000119
86045  -49.018  8.216  49.754 0.8999999762
86054  -47.062  7.831  48.603 0.8000000119
86055  -48.244  7.992  48.750 0.8000000119
86057  -49.215  8.391  49.247 0.8000000119
86632  -50.195  9.827  49.545 0.8000000119
85475  -45.931  7.430  48.490 0.8000000119
106611  -48.809  8.314  48.873 0.8000000119
87204  -49.981  9.894  48.931 0.8000000119
106419  -47.360  8.681  48.691 0.8000000119
86639  -49.044  8.916  48.823 0.8000000119
128249  -49.362  9.478  48.918 0.8000000119
87202  -47.656  10.081  48.775 0.8000000119
87203  -49.159  10.090  48.788 0.8000000119
87770  -50.304  10.723  48.831 0.8000000119
110470  -49.352  12.454  48.489 0.8000000119
87769  -48.638  11.429  48.657 0.8000000119
83242  -46.280  5.221  53.619 0.8000000119
84051  -45.755  5.226  52.476 0.8999999762
83247  -46.913  4.749  52.875 0.8999999762
83246  -46.401  4.800  52.101 0.8999999762
83243  -47.096  5.427  54.299 0.8000000119
84055  -46.204  5.076  51.336 0.8999999762
85449  -46.733  6.777  50.408 0.8999999762
84061  -46.313  5.441  50.690 0.8999999762
124774  -45.355  9.070  50.853 0.8999999762
86622  -46.170  10.287  50.990 1.0000000000
121070  -45.943  9.423  50.774 1.0000000000
115780  -46.042  11.179  51.393 0.8999999762
87742  -46.710  11.556  51.384 1.0000000000
87188  -47.229  10.285  50.695 1.0000000000
86625  -48.156  9.362  50.457 1.0000000000
86040  -48.879  8.558  50.159 1.0000000000
85451  -48.672  7.953  50.058 0.8999999762
87743  -47.414  11.790  51.358 1.0000000000
87753  -47.939  11.382  50.982 1.0000000000
87191  -48.276  10.486  50.649 1.0000000000
86626  -49.131  9.433  50.286 1.0000000000
87754  -48.721  11.293  50.826 1.0000000000
86041  -49.394  8.884  50.015 1.0000000000
86631  -49.679  9.186  49.746 0.8999999762
107512  -50.566  10.318  49.210 0.8000000119
111639  -50.347  12.157  48.557 0.8000000119
88885  -49.780  13.009  48.348 0.8000000119
90040  -50.239  15.100  47.243 0.8000000119
89469  -49.700  14.414  47.643 0.8000000119
84054  -45.611  5.588  51.446 0.8999999762
84802  -45.252  6.368  51.088 0.8999999762
115347  -45.845  6.803  50.645 0.8999999762
84808  -46.171  6.104  50.596 0.8999999762
85445  -45.118  7.201  50.860 1.0000000000
85448  -45.979  7.493  50.607 1.0000000000
88851  -47.817  13.061  51.526 1.0000000000
111672  -47.218  14.003  50.589 0.8000000119
88866  -47.197  13.335  51.230 0.8000000119
88852  -48.645  13.296  51.489 0.8999999762
88301  -50.231  12.892  51.384 1.0000000000
106272  -49.421  10.383  50.443 1.0000000000
86627  -50.495  10.180  49.967 1.0000000000
87197  -50.963  10.660  49.667 0.8999999762
88868  -49.601  14.307  51.071 1.0000000000
88853  -49.642  13.574  51.449 1.0000000000
88302  -51.081  12.993  51.227 1.0000000000
87757  -51.480  11.773  50.350 1.0000000000
87772  -51.421  11.258  49.258 0.8999999762
88327  -51.482  11.857  48.825 0.8999999762
88899  -50.330  13.645  48.068 0.8000000119
89436  -48.160  14.262  50.641 0.8000000119
125084  -48.932  14.453  50.705 0.8000000119
89438  -51.249  14.564  50.970 1.0000000000
89440  -53.073  13.738  50.169 1.0000000000
88319  -52.601  12.365  49.661 1.0000000000
88328  -52.149  12.002  49.257 1.0000000000
88888  -53.535  13.071  48.573 0.8999999762
88887  -52.379  12.554  48.686 0.8999999762
88886  -50.992  12.756  48.424 0.8999999762
88900  -51.693  13.378  48.101 0.8999999762
89470  -50.965  14.318  47.630 0.8999999762
90057  -50.770  15.508  46.601 0.8999999762
89449  -47.589  14.689  49.959 0.8000000119
90024  -49.953  15.729  49.695 0.8999999762
90025  -51.004  15.899  49.839 1.0000000000
90026  -51.989  15.790  49.808 1.0000000000
90014  -50.596  15.208  50.404 0.8999999762
113388  -52.798  15.419  49.637 1.0000000000
89453  -54.123  14.270  48.801 0.8999999762
88876  -54.095  13.593  48.750 0.8999999762
89472  -54.561  13.941  47.058 0.8999999762
122464  -52.937  13.176  48.140 0.8999999762
90042  -53.321  14.461  46.692 0.8999999762
89471  -52.711  13.904  47.502 0.8999999762
90058  -52.157  15.212  46.379 0.8999999762
90041  -51.580  14.888  47.088 0.8999999762
90072  -51.312  15.759  45.887 0.8999999762
90647  -49.564  17.256  48.607 0.8999999762
90648  -51.229  17.139  48.789 1.0000000000
90649  -52.230  16.884  48.543 1.0000000000
125270  -52.859  16.751  47.926 1.0000000000
90639  -49.241  16.346  49.058 0.8999999762
119513  -50.428  16.628  49.111 0.8999999762
119947  -51.586  16.506  49.312 1.0000000000
90650  -53.541  15.960  48.110 1.0000000000
90653  -53.546  16.591  47.053 1.0000000000
90033  -54.728  14.652  47.815 1.0000000000
89488  -55.138  14.313  46.878 1.0000000000
90677  -53.495  15.420  44.867 1.0000000000
123548  -53.770  14.771  46.045 0.8999999762
90676  -51.780  15.916  45.170 1.0000000000
90073  -52.888  15.354  45.643 0.8999999762
123249  -50.123  16.424  43.931 0.8999999762
124812  -50.684  16.178  45.435 0.8999999762
91921  -50.491  18.538  48.130 0.8999999762
91926  -52.082  18.090  47.090 1.0000000000
127342  -53.120  17.479  46.168 1.0000000000
108311  -50.508  17.583  48.543 0.8999999762
91253  -51.429  17.854  48.128 1.0000000000
91257  -52.393  17.314  47.819 1.0000000000
119027  -54.803  15.510  46.381 1.0000000000
90664  -54.399  16.260  45.896 1.0000000000
90074  -54.764  14.964  45.444 1.0000000000
90688  -53.691  15.441  44.229 1.0000000000
90705  -49.955  15.987  42.345 0.8000000119
120061  -50.723  16.258  43.468 1.0000000000
90696  -49.957  16.267  43.153 0.8999999762
91938  -52.950  17.972  45.342 1.0000000000
108441  -53.935  16.995  45.439 1.0000000000
90075  -54.828  15.458  44.634 1.0000000000
91276  -54.953  16.017  44.398 1.0000000000
90698  -53.122  15.580  43.646 1.0000000000
90099  -54.620  15.626  43.868 1.0000000000
90697  -51.721  16.027  43.513 1.0000000000
90126  -49.790  15.752  41.548 0.8999999762
127987  -48.790  15.571  40.721 0.6999999881
90707  -52.582  15.662  42.880 1.0000000000
90127  -52.526  15.541  41.537 1.0000000000
106064  -50.511  15.655  41.060 1.0000000000
90140  -49.543  15.584  40.641 0.8999999762
82455  -52.724  3.482  48.826 0.5000000000
82470  -51.051  3.039  47.487 0.6000000238
81633  -51.179  2.815  48.890 0.6999999881
81632  -50.553  2.669  48.653 0.6999999881
81644  -50.288  2.679  48.047 0.6000000238
82485  -49.696  3.143  46.440 0.5000000000
82429  -52.029  3.288  51.123 0.8999999762
81608  -51.358  2.902  50.543 0.6999999881
114428  -48.948  3.157  46.271 0.6000000238
81618  -48.277  2.795  49.557 0.8999999762
81642  -48.468  2.759  47.842 0.8000000119
82468  -47.939  2.979  47.294 0.8000000119
122476  -49.399  8.702  49.641 0.8999999762
86640  -49.611  9.113  49.252 0.8000000119
86638  -48.164  9.012  48.718 0.8000000119
106521  -50.812  11.272  48.819 0.8000000119
121714  -49.356  10.732  48.727 0.8000000119
87189  -47.338  11.120  51.003 1.0000000000
124197  -50.313  10.483  50.250 1.0000000000
88300  -49.310  12.773  51.465 1.0000000000
87755  -49.949  12.150  51.025 1.0000000000
88867  -48.815  13.946  51.175 0.8000000119
88854  -50.537  13.461  51.415 1.0000000000
88314  -50.812  12.327  50.841 1.0000000000
87193  -51.284  11.046  50.055 1.0000000000
89437  -50.282  14.641  50.882 1.0000000000
88870  -51.912  13.003  50.885 1.0000000000
116858  -52.207  13.780  50.882 1.0000000000
88871  -52.733  12.925  50.311 1.0000000000
125614  -51.748  11.577  49.750 1.0000000000
90023  -48.885  15.532  49.577 0.8000000119
89439  -52.356  14.599  50.510 1.0000000000
89451  -53.243  14.614  49.765 1.0000000000
89452  -53.672  13.819  49.443 1.0000000000
88901  -53.931  13.482  47.801 0.8999999762
90640  -52.665  16.056  49.168 1.0000000000
90027  -53.637  15.202  48.987 1.0000000000
88902  -54.712  13.795  47.571 0.8999999762
90654  -54.870  15.231  47.054 1.0000000000
90060  -55.003  14.709  46.459 1.0000000000
90059  -54.769  14.491  46.402 1.0000000000
90687  -52.152  15.909  44.321 1.0000000000
126094  -51.016  16.320  43.999 0.8999999762
91269  -54.887  16.121  45.044 1.0000000000
90665  -54.782  15.298  45.503 1.0000000000
90098  -54.457  15.459  43.956 1.0000000000
90706  -51.102  16.009  42.761 1.0000000000
90114  -54.027  15.480  43.048 1.0000000000
119692  -51.053  15.805  41.768 1.0000000000
106023  -53.345  15.482  42.194 1.0000000000
85497  -43.411  7.876  45.572 0.5000000000
86085  -43.754  8.552  45.608 0.5000000000
86086  -44.488  8.361  45.447 0.5000000000
120264  -44.762  8.292  45.305 0.6000000238
85499  -44.937  8.269  44.970 0.6000000238
84838  -40.742  6.782  47.479 0.3000000119
86077  -41.064  8.986  46.937 0.3000000119
85493  -41.940  7.285  46.690 0.4000000060
86078  -41.647  8.183  46.760 0.4000000060
86665  -42.566  9.693  46.399 0.5000000000
86079  -43.126  9.130  46.037 0.6000000238
86080  -43.867  8.947  45.932 0.6000000238
86081  -44.320  8.601  46.100 0.6999999881
86068  -39.222  8.339  47.543 0.2000000030
85486  -39.593  7.694  47.683 0.1000000015
106160  -40.860  9.916  46.780 0.4000000060
86664  -41.682  9.701  46.569 0.4000000060
118134  -42.805  10.214  46.532 0.6000000238
86666  -43.304  9.673  46.498 0.6000000238
86653  -44.249  9.448  47.829 0.6999999881
86071  -44.347  8.752  47.538 0.6999999881
85489  -44.517  7.957  47.301 0.6000000238
114501  -38.624  8.549  47.495 0.1000000015
86663  -39.274  10.055  46.949 0.3000000119
81565  -53.471  4.004  55.008 0.6000000238
86650  -39.152  9.124  47.293 0.2000000030
107923  -40.881  11.539  46.613 0.5000000000
107778  -52.496  5.386  54.961 0.6000000238
87221  -40.833  10.727  46.678 0.3000000119
87222  -41.654  11.015  46.576 0.6000000238
87223  -42.510  10.828  46.602 0.6000000238
108897  -42.794  12.059  46.840 0.6000000238
87790  -42.978  11.326  46.832 0.6000000238
87210  -43.574  11.025  47.350 0.6000000238
87211  -44.185  10.691  47.982 0.6999999881
120010  -44.841  10.300  48.400 0.6999999881
119922  -45.388  9.155  48.572 0.6999999881
123763  -53.371  -2.359  56.400 0.2000000030
78541  -53.716  -1.680  56.202 0.2000000030
78549  -52.947  -1.176  56.117 0.3000000119
77747  -53.770  -2.135  56.103 0.3000000119
79359  -52.948  -0.263  55.643 0.3000000119
80109  -52.935  0.809  55.175 0.3000000119
112065  -49.776  4.824  54.037 0.6999999881
80110  -54.299  -0.027  55.063 0.5000000000
80838  -54.012  2.185  54.731 0.5000000000
81564  -52.542  4.442  55.255 0.5000000000
82373  -51.722  5.492  55.160 0.6000000238
86662  -37.837  9.781  46.752 0.2000000030
87219  -38.455  10.561  46.599 0.3000000119
82374  -52.952  5.128  55.103 0.6000000238
87220  -39.369  10.936  46.654 0.3000000119
127518  -40.281  11.918  46.542 0.6000000238
82390  -51.510  5.695  54.914 0.6000000238
87788  -41.539  11.827  46.583 0.6000000238
88343  -42.046  12.506  46.589 0.6000000238
126289  -43.173  12.358  47.021 0.6000000238
88333  -44.198  12.378  47.697 0.6000000238
87778  -44.160  11.529  47.857 0.6000000238
87766  -45.699  11.591  48.527 0.6000000238
110770  -46.206  10.057  48.776 0.6999999881
79356  -49.843  -0.507  54.217 0.1000000015
80119  -49.384  0.421  53.806 0.2000000030
77758  -50.007  -2.233  55.439 0.1000000015
78547  -50.228  -1.451  54.922 0.1000000015
76909  -50.969  -4.382  57.460 0.1000000015
76922  -51.337  -3.684  57.248 0.1000000015
77744  -50.623  -2.895  56.449 0.1000000015
111230  -50.988  -4.857  57.474 0.1000000015
75261  -47.948  -5.937  54.194 0.1000000015
76106  -50.848  -4.985  56.115 0.1000000015
75263  -49.487  -5.208  54.535 0.2000000030
83223  -50.157  6.138  55.064 0.5000000000
83222  -49.565  6.021  55.100 0.6000000238
82388  -49.050  5.662  54.697 0.6999999881
76924  -53.210  -2.825  56.325 0.2000000030
113572  -51.854  1.763  54.726 0.3000000119
81563  -51.370  4.604  55.362 0.5000000000
119263  -50.251  4.529  55.387 0.5000000000
76934  -52.666  -3.541  56.009 0.2000000030
77760  -53.575  -2.411  55.710 0.3000000119
79350  -53.713  -0.920  55.988 0.3000000119
122027  -52.768  1.926  54.881 0.4000000060
82372  -50.588  5.640  55.340 0.5000000000
82389  -49.972  6.046  54.876 0.6999999881
77748  -53.894  -1.846  55.498 0.3000000119
79360  -54.138  -0.857  55.541 0.3000000119
83224  -50.755  6.029  55.064 0.6000000238
80104  -54.021  -0.085  55.575 0.4000000060
113995  -53.730  1.351  55.103 0.4000000060
87784  -38.015  11.247  46.123 0.2000000030
87796  -38.412  11.907  46.019 0.3000000119
87786  -39.585  11.777  46.501 0.5000000000
88341  -39.979  12.484  46.345 0.5000000000
88911  -40.438  13.261  46.103 0.6000000238
88912  -41.442  13.351  46.333 0.6000000238
88913  -42.508  13.514  46.563 0.6000000238
127572  -43.242  13.308  46.895 0.6000000238
88334  -44.957  12.933  47.913 0.6000000238
88325  -46.259  12.365  48.433 0.6000000238
87767  -46.695  11.653  48.643 0.6999999881
128060  -48.333  2.059  53.903 0.3000000119
121773  -48.839  1.334  53.778 0.2000000030
81576  -48.080  3.185  54.479 0.4000000060
80835  -48.966  2.743  54.439 0.3000000119
76921  -50.135  -3.572  56.770 0.1000000015
78539  -51.086  -2.232  56.064 0.2000000030
76107  -51.668  -4.520  56.797 0.1000000015
76910  -52.089  -3.830  57.204 0.1000000015
78548  -51.724  -1.478  55.846 0.3000000119
80107  -50.362  0.402  54.258 0.2000000030
109205  -50.117  -5.279  55.475 0.2000000030
77746  -52.722  -2.951  56.705 0.2000000030
106870  -52.194  -2.398  56.578 0.2000000030
76110  -50.276  -4.827  54.916 0.2000000030
76108  -52.134  -4.102  57.107 0.2000000030
76923  -52.497  -3.557  56.735 0.2000000030
80837  -50.745  1.630  54.448 0.4000000060
114091  -51.040  3.145  54.906 0.4000000060
76112  -52.215  -4.066  56.461 0.2000000030
78540  -52.972  -2.052  56.537 0.3000000119
76111  -51.229  -4.413  55.438 0.2000000030
116654  -52.136  3.174  55.073 0.5000000000
88351  -38.445  12.446  45.452 0.4000000060
88340  -39.100  12.368  46.156 0.4000000060
88352  -39.144  13.040  45.564 0.6000000238
89494  -40.717  14.301  45.196 0.6000000238
89481  -41.881  14.160  46.086 0.6000000238
88914  -43.376  13.945  46.728 0.6000000238
89509  -41.226  14.857  43.635 0.6000000238
89503  -41.899  15.032  44.865 0.6000000238
89482  -42.810  14.393  46.232 0.6000000238
88915  -44.175  14.155  46.939 0.6000000238
88894  -44.619  13.640  47.396 0.6000000238
88895  -45.554  13.741  47.589 0.6000000238
88882  -46.740  13.034  48.236 0.6999999881
90092  -43.087  15.474  43.641 0.6000000238
120558  -43.277  15.442  44.620 0.6000000238
90067  -44.666  15.431  45.518 0.6000000238
89485  -45.412  14.825  46.681 0.6000000238
89486  -46.329  14.881  46.887 0.6000000238
111671  -47.185  13.773  47.818 0.6000000238
125808  -47.719  12.334  48.523 0.6999999881
89522  -43.244  14.847  41.249 0.4000000060
90106  -43.503  15.437  42.751 0.5000000000
90093  -44.026  15.623  43.533 0.5000000000
107582  -44.058  15.602  44.383 0.6000000238
89532  -44.377  14.762  40.251 0.5000000000
124105  -44.480  15.362  41.707 0.5000000000
90107  -44.432  15.548  42.546 0.5000000000
89549  -44.921  14.032  38.262 0.6000000238
90150  -46.027  15.034  39.876 0.6000000238
90136  -45.776  15.221  40.556 0.6000000238
108442  -45.031  15.520  41.967 0.5000000000
89551  -46.554  14.429  38.095 0.6000000238
89542  -46.304  14.776  39.050 0.6000000238
112591  -47.332  15.470  40.613 0.6000000238
90137  -46.490  15.342  40.547 0.6000000238
89565  -47.838  14.190  36.891 0.6999999881
89552  -47.434  14.537  37.887 0.6999999881
90152  -47.609  15.184  39.352 0.6999999881
89553  -48.382  14.666  37.810 0.6999999881
90167  -48.858  15.111  38.660 0.6999999881
90139  -48.717  15.496  40.149 0.8000000119
119232  -49.173  15.373  39.476 0.8000000119
89567  -49.902  14.512  36.819 0.6999999881
89554  -49.428  14.759  37.772 0.6999999881
124896  -50.053  15.147  38.764 0.8000000119
90168  -51.388  15.028  38.481 0.6999999881
89556  -51.913  14.684  37.415 0.6999999881
89555  -50.602  14.767  37.678 0.6999999881
90169  -52.448  14.995  38.399 0.6999999881
89569  -52.722  14.808  37.186 0.6999999881
89578  -50.420  14.472  36.089 0.6999999881
80118  -48.485  0.369  53.530 0.1000000015
78562  -49.321  -1.115  54.182 0.1000000015
79368  -48.132  -0.458  53.473 0.1000000015
109313  -49.086  -1.876  54.535 0.1000000015
80836  -49.712  1.538  54.136 0.2000000030
76908  -49.721  -4.301  57.188 0.1000000015
77743  -49.270  -2.775  55.537 0.1000000015
79357  -50.909  -0.593  54.833 0.2000000030
79358  -51.982  -0.623  55.465 0.3000000119
111616  -49.971  2.964  54.690 0.4000000060
81562  -49.248  4.295  55.266 0.3000000119
82371  -49.557  5.656  55.356 0.5000000000
83221  -48.783  5.878  55.193 0.8000000119
90082  -44.709  15.657  44.850 0.6000000238
90052  -45.009  15.240  46.100 0.6000000238
90053  -45.864  15.344  46.194 0.6000000238
89467  -47.125  14.564  47.293 0.6000000238
109423  -47.809  14.306  47.563 0.6000000238
88884  -48.753  13.054  48.336 0.6999999881
90095  -45.445  15.848  43.672 0.5000000000
90083  -45.399  15.849  44.510 0.5000000000
109747  -46.010  15.960  44.897 0.6000000238
90069  -46.343  15.763  45.564 0.6000000238
90038  -47.973  14.970  47.114 0.6999999881
90039  -49.089  15.070  47.204 0.6999999881
88898  -49.200  13.727  48.030 0.6999999881
90108  -45.429  15.698  42.717 0.5000000000
90084  -46.121  16.029  44.162 0.5000000000
90672  -46.844  16.115  44.769 0.6000000238
90673  -47.817  16.275  45.037 0.6000000238
90055  -48.565  15.553  46.569 0.6999999881
90110  -47.228  15.721  42.106 0.5000000000
90109  -46.345  15.724  42.445 0.5000000000
88974  -45.115  13.411  37.056 0.4000000060
89564  -46.823  13.927  36.867 0.6000000238
112590  -48.189  15.552  40.703 0.6000000238
122756  -47.378  13.737  36.168 0.6000000238
89576  -48.111  13.953  36.117 0.6000000238
89577  -49.131  14.263  36.061 0.6000000238
90155  -51.041  15.322  39.446 0.6999999881
89579  -51.539  14.637  36.416 0.6999999881
78546  -48.382  -2.427  54.608 0.1000000015
78561  -48.566  -1.168  53.819 0.1000000015
80117  -47.654  0.270  53.275 0.1000000015
76920  -48.858  -3.542  56.148 0.1000000015
76933  -48.146  -3.041  55.103 0.1000000015
120719  -47.971  -1.833  53.888 0.1000000015
78560  -47.333  -1.378  53.465 0.1000000015
82370  -48.599  5.228  55.339 0.6000000238
84050  -45.136  5.519  52.515 0.8000000119
86033  -45.016  8.231  50.838 0.8000000119
90097  -47.013  15.926  42.976 0.5000000000
90684  -48.488  16.385  44.366 0.8000000119
90674  -48.767  16.332  45.208 0.8000000119
90662  -49.148  16.048  45.967 0.6999999881
90703  -47.875  15.942  42.827 0.5000000000
90685  -49.463  16.447  44.547 0.8000000119
88984  -44.312  12.812  36.379 0.4000000060
90111  -48.278  15.792  42.086 0.6000000238
90704  -48.924  16.061  42.809 0.6999999881
88994  -45.727  13.142  35.749 0.6000000238
89007  -45.532  13.197  35.658 0.4000000060
90125  -48.770  15.660  41.318 0.6000000238
89008  -46.328  13.541  35.687 0.6000000238
118340  -47.762  14.304  35.584 0.5000000000
106975  -48.160  14.111  35.876 0.6000000238
90141  -50.739  15.516  40.339 0.8000000119
89589  -48.792  14.653  35.623 0.6000000238
89590  -49.701  14.635  35.762 0.6999999881
79367  -47.291  -0.619  53.212 0.1000000015
80848  -47.586  2.204  53.775 0.3000000119
76907  -48.434  -4.194  56.586 0.1000000015
76919  -47.740  -3.626  55.625 0.1000000015
76932  -47.187  -3.178  54.798 0.1000000015
77768  -46.912  -2.016  53.640 0.1000000015
81560  -47.862  4.642  55.155 0.5000000000
81561  -48.531  4.086  55.068 0.4000000060
82369  -47.744  5.618  55.107 0.8000000119
83232  -47.282  5.665  54.998 0.8000000119
87186  -43.466  10.603  51.541 0.5000000000
87740  -44.305  11.169  51.557 0.6999999881
106257  -43.876  9.328  51.432 0.6000000238
85444  -44.335  7.520  51.229 0.8999999762
88295  -43.876  11.819  51.411 0.6000000238
105915  -44.586  9.191  51.209 0.6999999881
88296  -44.589  11.996  51.474 0.6000000238
87741  -45.312  11.535  51.518 0.6999999881
88311  -44.775  12.642  51.136 0.5000000000
88297  -45.417  12.250  51.455 0.6000000238
117581  -46.782  12.292  51.527 0.8000000119
89433  -45.042  13.854  50.127 0.6000000238
88865  -45.787  13.495  50.670 0.5000000000
122209  -46.589  13.542  50.871 0.6999999881
89447  -45.862  14.609  49.716 0.5000000000
89434  -45.628  14.083  50.065 0.6000000238
89448  -46.693  14.612  49.841 0.6999999881
90020  -46.117  15.293  49.410 0.5000000000
90021  -46.994  15.313  49.429 0.6999999881
90638  -48.209  16.135  48.998 0.6999999881
121419  -44.554  13.452  35.632 0.4000000060
90195  -46.573  14.608  35.380 0.5000000000
108411  -47.380  14.772  35.397 0.5000000000
90142  -52.813  15.482  40.703 0.8999999762
90128  -53.650  15.544  41.522 0.8999999762
90115  -54.422  15.698  42.803 0.8999999762
91282  -53.965  17.185  43.288 0.8999999762
91275  -54.326  16.771  43.991 0.8999999762
91952  -53.390  17.859  43.983 0.8999999762
108294  -48.212  15.071  35.422 0.5000000000
89591  -51.196  14.864  35.760 0.6999999881
90196  -49.764  15.268  35.368 0.6000000238
117180  -47.044  1.104  53.248 0.2000000030
80849  -47.993  1.185  53.515 0.2000000030
114588  -46.937  0.132  52.994 0.1000000015
78559  -46.616  -1.239  53.180 0.1000000015
79366  -46.420  -0.457  52.855 0.1000000015
77755  -45.899  -2.824  54.018 0.1000000015
84039  -45.534  5.253  53.348 0.6999999881
84053  -44.840  5.969  51.749 0.8000000119
88310  -42.297  12.406  50.705 0.4000000060
87751  -42.550  11.614  51.234 0.4000000060
112485  -42.730  10.918  51.477 0.5000000000
86620  -43.387  9.811  51.543 0.6999999881
124611  -43.923  8.448  51.357 0.6000000238
107463  -44.564  6.771  51.293 0.8000000119
107082  -43.185  12.776  50.600 0.4000000060
87752  -43.208  12.068  51.131 0.5000000000
89431  -42.428  13.952  49.981 0.3000000119
88863  -42.428  13.266  50.321 0.4000000060
89432  -43.265  13.665  50.058 0.4000000060
110598  -44.050  13.056  50.575 0.4000000060
89445  -43.716  14.589  49.674 0.4000000060
123625  -44.509  14.327  49.736 0.4000000060
90018  -43.714  15.698  49.531 0.4000000060
89446  -44.477  15.048  49.512 0.4000000060
90019  -44.631  15.916  49.410 0.5000000000
111574  -45.273  15.260  49.491 0.5000000000
90636  -45.492  16.065  49.228 0.5000000000
109402  -46.385  16.040  49.087 0.5000000000
90637  -47.278  16.023  49.021 0.5000000000
90645  -47.491  16.822  48.660 0.6000000238
90644  -46.713  16.665  48.802 0.5000000000
90646  -48.492  17.014  48.587 0.6999999881
91251  -48.869  18.097  48.327 0.6999999881
91252  -49.838  18.074  48.367 0.6999999881
115467  -52.914  18.266  44.643 0.8999999762
117513  -52.148  15.215  39.206 0.6999999881
121119  -52.863  15.234  39.063 0.8000000119
90143  -53.527  15.636  40.449 0.8000000119
91291  -54.312  16.410  42.608 0.8999999762
119210  -47.029  15.606  35.388 0.5000000000
90748  -48.628  16.079  35.197 0.5000000000
80130  -46.175  0.439  52.767 0.2000000030
78570  -44.636  -1.149  52.746 0.1000000015
79381  -45.708  -0.266  52.662 0.2000000030
80861  -46.160  1.443  53.065 0.2000000030
78558  -45.092  -1.741  53.160 0.1000000015
119756  -45.486  -2.346  53.562 0.1000000015
82385  -46.522  4.846  54.716 0.6999999881
82368  -47.095  5.546  55.083 0.8000000119
112638  -46.761  5.352  54.671 0.6999999881
84038  -44.967  5.254  53.388 0.8999999762
84049  -44.260  5.663  52.556 0.6999999881
87749  -40.455  11.393  51.101 0.4000000060
87184  -41.573  10.561  51.425 0.4000000060
108433  -41.840  9.245  51.611 0.4000000060
113346  -42.315  8.072  51.713 0.5000000000
84800  -43.375  6.748  51.785 0.5000000000
84801  -44.134  6.332  51.757 0.8000000119
125149  -40.973  11.814  50.868 0.3000000119
122074  -42.237  10.568  51.473 0.4000000060
86032  -43.206  9.021  51.537 0.5000000000
106162  -43.001  8.197  51.588 0.6000000238
115969  -43.964  6.939  51.492 0.6999999881
88862  -41.186  13.293  50.377 0.3000000119
112324  -41.758  13.059  50.425 0.3000000119
89443  -41.965  14.609  49.941 0.3000000119
90633  -42.807  15.999  49.744 0.4000000060
110760  -44.075  16.505  49.533 0.5000000000
90635  -44.804  16.941  49.348 0.5000000000
91248  -45.927  17.892  48.870 0.5000000000
91249  -46.704  17.569  48.635 0.6000000238
123791  -53.620  16.121  38.725 0.8000000119
90733  -53.414  16.382  38.030 0.8000000119
91932  -52.107  18.655  46.030 0.8999999762
90187  -52.864  15.147  36.634 0.6999999881
90179  -53.427  15.653  38.190 0.6999999881
91313  -53.746  16.700  40.311 0.8000000119
91290  -53.602  17.561  42.455 0.8000000119
115156  -52.149  14.878  36.006 0.6999999881
91967  -52.917  18.376  43.174 0.8999999762
90749  -49.659  16.075  34.973 0.5000000000
90203  -50.545  16.154  34.785 0.5000000000
90747  -47.675  16.548  35.401 0.4000000060
91357  -48.556  17.093  35.091 0.5000000000
90757  -49.397  16.858  34.744 0.5000000000
79380  -44.984  -0.463  52.578 0.1000000015
80129  -45.299  0.279  52.580 0.2000000030
80847  -46.728  2.307  53.615 0.3000000119
81575  -47.166  3.672  54.514 0.5000000000
109555  -45.842  5.134  54.087 0.8000000119
91246  -45.247  17.863  49.220 0.5000000000
114403  -46.304  18.422  48.744 0.6000000238
91349  -52.795  17.029  36.015 0.6000000238
90750  -51.408  16.044  34.879 0.6999999881
90758  -50.238  16.808  34.449 0.5000000000
80127  -43.627  0.098  52.469 0.1000000015
119170  -44.861  0.927  52.570 0.2000000030
114607  -44.021  0.842  52.479 0.1000000015
80860  -45.306  1.778  52.946 0.3000000119
80846  -45.969  2.327  53.418 0.4000000060
80859  -44.412  1.626  52.670 0.3000000119
80108  -51.647  0.375  54.819 0.3000000119
86052  -44.848  8.892  48.343 0.6999999881
86621  -45.257  9.833  51.151 0.6999999881
119729  -46.078  11.885  51.548 0.6999999881
87187  -45.252  10.698  51.412 0.6999999881
90056  -49.618  15.590  46.641 0.8000000119
88313  -46.433  13.019  51.317 0.6999999881
90675  -49.785  16.331  45.329 0.8000000119
90695  -49.170  16.356  43.710 0.8000000119
91283  -54.736  16.007  43.647 0.8999999762
107273  -51.587  15.557  40.923 0.8000000119
86084  -42.684  8.206  46.122 0.5000000000
85487  -40.423  7.578  47.484 0.2000000030
86070  -40.899  8.138  47.213 0.2000000030
85488  -41.209  7.421  47.195 0.4000000060
107494  -42.135  9.015  46.449 0.4000000060
86667  -43.851  9.265  46.756 0.6999999881
86069  -40.068  8.484  47.361 0.2000000030
86651  -40.095  9.483  47.077 0.3000000119
122856  -41.422  10.321  46.597 0.3000000119
111966  -42.130  10.295  46.505 0.5000000000
87224  -43.140  10.539  46.772 0.6999999881
86652  -43.720  10.115  47.343 0.6999999881
127312  -44.318  10.022  48.082 0.6999999881
86635  -44.823  9.595  48.393 0.6999999881
116177  -38.565  9.738  47.002 0.2000000030
87785  -38.785  11.512  46.367 0.4000000060
118451  -53.160  2.853  54.970 0.6000000238
109516  -40.091  10.379  46.802 0.3000000119
87787  -40.158  11.224  46.642 0.4000000060
88342  -40.919  12.443  46.497 0.6000000238
87789  -42.257  11.585  46.634 0.6000000238
87777  -43.473  11.918  47.280 0.6000000238
87765  -44.864  12.010  48.209 0.6000000238
87200  -45.542  10.624  48.606 0.6999999881
78542  -54.037  -1.508  55.865 0.2000000030
107752  -54.220  0.777  55.022 0.4000000060
87218  -37.556  10.440  46.214 0.2000000030
88332  -43.561  12.772  47.240 0.6000000238
88324  -45.519  12.400  48.292 0.6000000238
76099  -51.602  -4.423  57.341 0.1000000015
77745  -51.830  -3.045  56.957 0.1000000015
75257  -51.128  -4.963  57.231 0.1000000015
127662  -51.848  -3.870  55.414 0.2000000030
87795  -37.879  11.717  45.516 0.2000000030
88910  -39.675  12.965  46.022 0.6000000238
88922  -41.036  13.940  45.824 0.6000000238
88920  -39.827  13.489  45.571 0.6000000238
112826  -43.856  13.511  47.157 0.6000000238
88896  -46.350  13.566  47.852 0.6000000238
76118  -50.351  -4.319  54.255 0.2000000030
89501  -39.920  14.082  44.259 0.6000000238
106918  -41.097  14.756  44.560 0.6000000238
89495  -41.459  14.539  45.384 0.6000000238
89496  -42.303  14.754  45.560 0.6000000238
89483  -43.714  14.604  46.391 0.6000000238
89508  -40.509  14.515  43.917 0.6000000238
89497  -43.252  15.059  45.621 0.6000000238
89464  -44.993  14.296  47.114 0.6000000238
89484  -44.578  14.719  46.548 0.6000000238
89465  -45.720  14.426  47.188 0.6000000238
89466  -46.370  14.202  47.479 0.6000000238
88897  -48.202  13.711  47.958 0.6999999881
90105  -42.768  15.294  42.842 0.5000000000
127693  -43.604  15.581  44.050 0.6000000238
90054  -46.738  15.452  46.308 0.6000000238
89523  -44.073  15.062  41.079 0.5000000000
90094  -44.733  15.759  44.047 0.5000000000
89533  -45.228  14.903  40.062 0.5000000000
90135  -45.092  15.278  41.073 0.5000000000
89563  -45.938  13.911  37.411 0.6000000238
89550  -45.764  14.337  38.341 0.6000000238
89541  -45.471  14.620  39.182 0.6000000238
121927  -46.064  15.438  41.175 0.5000000000
89543  -47.118  14.872  38.840 0.6999999881
90124  -47.773  15.626  41.357 0.6000000238
90153  -48.330  15.302  39.400 0.6999999881
90171  -53.480  15.695  39.060 0.8000000119
89468  -48.637  14.376  47.584 0.6999999881
89487  -47.612  15.522  46.440 0.6999999881
90682  -46.884  16.100  43.795 0.5000000000
90071  -48.157  15.986  45.850 0.6999999881
109195  -45.134  12.850  36.008 0.4000000060
90156  -52.876  15.371  39.810 0.8000000119
77757  -47.537  -2.548  54.322 0.1000000015
90693  -47.533  16.108  43.443 0.6000000238
108367  -45.096  12.968  35.743 0.4000000060
127427  -44.091  12.805  35.882 0.4000000060
90194  -45.708  14.455  35.467 0.4000000060
90197  -50.741  15.483  35.250 0.6999999881
127428  -46.192  -2.357  53.688 0.1000000015
77767  -45.994  -1.793  53.328 0.1000000015
86619  -42.619  9.527  51.583 0.5000000000
120741  -44.301  10.099  51.455 0.6999999881
85443  -43.517  7.514  51.523 0.6000000238
113807  -53.996  15.795  41.272 0.8000000119
90198  -51.735  15.425  35.410 0.6999999881
78571  -45.654  -1.049  52.838 0.1000000015
87737  -41.245  11.216  51.213 0.4000000060
89444  -42.793  14.528  49.759 0.4000000060
90715  -53.915  15.940  40.428 0.8000000119
112045  -54.075  16.286  41.096 0.8000000119
79397  -49.323  -0.532  49.526 0.1000000015
79405  -50.201  0.054  48.636 0.1000000015
80159  -50.888  0.439  48.204 0.2000000030
80167  -51.618  0.787  47.706 0.2000000030
77787  -47.871  -2.425  50.343 0.1000000015
77789  -47.941  -1.992  49.571 0.1000000015
124933  -48.934  -0.854  49.430 0.1000000015
78588  -49.080  -0.780  48.807 0.1000000015
107221  -49.657  -0.326  48.955 0.1000000015
80175  -51.661  0.767  46.712 0.2000000030
76959  -46.621  -3.730  49.478 0.1000000015
77788  -47.478  -2.723  49.666 0.1000000015
77792  -48.079  -1.766  48.822 0.1000000015
78591  -48.527  -1.345  48.364 0.1000000015
80185  -51.297  0.697  45.988 0.2000000030
76958  -45.921  -3.830  49.177 0.1000000015
76965  -46.401  -3.317  48.820 0.1000000015
77790  -46.824  -2.775  48.402 0.1000000015
76962  -44.235  -3.457  48.218 0.1000000015
76963  -44.959  -3.211  48.246 0.1000000015
76970  -45.462  -2.791  47.801 0.1000000015
76147  -43.380  -3.740  48.076 0.1000000015
76968  -43.723  -3.345  47.399 0.1000000015
76969  -44.532  -2.985  47.599 0.1000000015
80144  -50.749  0.478  50.091 0.1000000015
80150  -51.326  0.745  49.581 0.1000000015
80882  -51.997  1.121  49.536 0.2000000030
80893  -52.342  1.261  48.871 0.2000000030
80894  -53.181  1.529  48.624 0.2000000030
80895  -53.886  1.789  47.993 0.2000000030
78585  -49.075  -1.086  50.834 0.1000000015
79394  -49.487  -0.469  50.316 0.1000000015
80149  -50.771  0.447  49.137 0.1000000015
80160  -51.586  0.851  48.723 0.2000000030
80168  -52.315  1.202  48.129 0.2000000030
80902  -53.032  1.463  47.707 0.2000000030
80903  -53.644  1.703  47.232 0.2000000030
78584  -48.423  -1.627  50.365 0.1000000015
80176  -52.340  1.131  47.280 0.2000000030
122190  -52.974  1.430  47.024 0.2000000030
76954  -46.870  -4.114  50.115 0.1000000015
76960  -47.155  -3.453  49.857 0.1000000015
80184  -50.690  0.481  45.711 0.2000000030
80910  -51.935  1.065  45.831 0.2000000030
80912  -53.442  1.681  46.406 0.2000000030
80183  -50.016  0.209  45.473 0.2000000030
77775  -48.624  -2.767  51.715 0.1000000015
78578  -49.471  -1.432  51.653 0.1000000015
79386  -49.758  -0.652  51.212 0.1000000015
79395  -50.173  0.001  50.647 0.1000000015
80145  -51.650  0.832  50.440 0.1000000015
80883  -52.830  1.436  49.462 0.4000000060
80884  -53.606  1.688  49.365 0.4000000060
119991  -54.378  2.003  48.917 0.3000000119
80896  -54.847  2.230  48.101 0.2000000030
120969  -54.324  1.985  47.488 0.2000000030
76956  -47.860  -3.100  51.037 0.1000000015
114506  -48.254  -2.299  50.996 0.1000000015
80904  -54.291  2.008  46.846 0.2000000030
76955  -47.377  -3.721  50.540 0.1000000015
80919  -52.769  1.506  45.670 0.2000000030
80195  -51.256  0.963  45.228 0.2000000030
80913  -54.322  2.113  46.100 0.2000000030
81609  -55.490  2.782  50.835 0.4000000060
112955  -56.154  3.320  49.601 0.3000000119
80876  -54.583  2.101  50.500 0.4000000060
81622  -55.323  2.509  49.847 0.4000000060
78574  -51.067  -0.738  52.354 0.2000000030
79388  -51.356  0.041  51.911 0.3000000119
80138  -52.813  0.855  51.930 0.3000000119
80866  -53.378  1.342  51.554 0.2000000030
124727  -54.257  1.964  49.731 0.4000000060
81634  -55.649  2.611  48.907 0.3000000119
76950  -48.222  -3.693  51.761 0.2000000030
77781  -49.201  -2.156  51.943 0.2000000030
78579  -50.223  -1.072  52.041 0.2000000030
80137  -51.853  0.602  51.441 0.2000000030
124739  -53.110  1.422  50.826 0.4000000060
113507  -53.510  1.649  50.166 0.5000000000
118460  -55.901  2.732  48.029 0.2000000030
81646  -55.064  2.338  47.339 0.2000000030
76949  -47.634  -3.989  51.242 0.1000000015
81647  -56.023  2.818  47.027 0.2000000030
81656  -55.052  2.385  46.568 0.2000000030
75286  -47.031  -5.162  51.849 0.1000000015
82489  -56.235  3.273  46.134 0.2000000030
126401  -55.644  2.699  46.259 0.2000000030
81665  -55.647  2.805  45.752 0.2000000030
81683  -55.672  3.380  44.320 0.2000000030
81673  -55.856  3.168  45.158 0.2000000030
126258  -56.329  4.459  43.082 0.1000000015
82518  -56.066  3.843  43.550 0.2000000030
80867  -54.367  1.736  51.996 0.4000000060
80875  -53.914  1.778  51.077 0.4000000060
81599  -55.482  3.070  51.666 0.5000000000
114531  -51.813  -1.247  53.151 0.3000000119
79383  -53.030  -0.165  53.115 0.3000000119
80862  -53.864  1.184  52.513 0.5000000000
81610  -55.837  3.778  51.127 0.5000000000
81623  -56.052  3.596  50.356 0.4000000060
81635  -56.456  3.663  48.873 0.3000000119
76943  -48.864  -3.567  52.366 0.2000000030
77776  -49.372  -2.847  52.422 0.2000000030
78573  -50.913  -1.622  52.784 0.2000000030
110576  -55.788  4.911  50.471 0.5000000000
82432  -55.954  4.611  50.579 0.5000000000
82443  -56.338  4.315  49.770 0.4000000060
81648  -56.490  3.583  47.899 0.3000000119
76129  -47.865  -4.303  51.820 0.2000000030
76123  -49.060  -4.123  52.860 0.2000000030
77769  -50.105  -2.942  53.044 0.2000000030
77771  -51.872  -2.303  53.863 0.3000000119
83269  -56.105  4.949  49.796 0.4000000060
83281  -56.221  5.116  48.969 0.4000000060
83294  -56.514  5.002  48.266 0.3000000119
82474  -56.666  4.424  47.876 0.3000000119
107854  -44.663  -6.336  52.958 0.1000000015
74418  -46.272  -5.973  53.148 0.1000000015
75276  -47.374  -5.286  52.606 0.1000000015
75277  -48.113  -5.003  52.895 0.2000000030
76117  -49.572  -4.299  53.494 0.2000000030
76938  -50.240  -3.686  53.615 0.2000000030
83304  -56.091  5.474  47.221 0.3000000119
120129  -56.649  4.842  47.532 0.3000000119
81657  -56.656  3.982  47.096 0.2000000030
75267  -47.004  -5.632  53.044 0.1000000015
75268  -47.690  -5.517  53.348 0.1000000015
84105  -56.236  5.578  46.450 0.2000000030
83305  -56.648  4.918  46.827 0.2000000030
84113  -53.356  5.342  44.857 0.2000000030
84114  -54.410  5.729  45.201 0.2000000030
84116  -56.126  6.049  45.606 0.2000000030
127375  -56.344  5.710  46.004 0.3000000119
82502  -56.446  4.036  45.518 0.2000000030
119183  -52.231  6.915  43.394 0.2000000030
84862  -53.051  6.160  44.029 0.2000000030
113150  -54.002  6.123  44.532 0.2000000030
84129  -55.804  6.683  44.732 0.2000000030
84117  -56.413  5.776  45.545 0.2000000030
83336  -56.521  4.947  45.039 0.2000000030
82510  -56.231  3.933  44.564 0.2000000030
84863  -54.290  7.102  43.971 0.2000000030
84131  -56.448  5.800  44.504 0.2000000030
84877  -55.856  7.125  44.107 0.2000000030
83335  -56.386  4.707  43.999 0.1000000015
84874  -53.307  7.512  43.311 0.2000000030
84875  -54.286  7.736  43.265 0.2000000030
84876  -55.119  7.579  43.448 0.2000000030
80868  -54.899  2.246  51.419 0.5000000000
80120  -53.915  0.124  53.626 0.3000000119
113723  -54.560  1.689  53.011 0.5000000000
80863  -55.029  2.514  52.435 0.5000000000
123675  -55.601  3.931  51.726 0.5000000000
79370  -52.806  -0.892  53.533 0.3000000119
79371  -53.821  -0.509  54.033 0.3000000119
80133  -54.362  0.840  53.615 0.4000000060
82421  -55.574  4.497  51.286 0.5000000000
77770  -50.947  -3.079  53.746 0.2000000030
123118  -52.679  -1.608  53.929 0.2000000030
78563  -53.699  -1.332  54.580 0.2000000030
83268  -55.768  5.077  49.714 0.5000000000
113161  -45.717  -6.437  53.554 0.1000000015
74419  -47.083  -6.003  53.685 0.1000000015
75270  -49.254  -4.856  53.758 0.1000000015
76939  -51.063  -3.797  54.459 0.2000000030
76940  -51.882  -3.283  54.734 0.2000000030
119288  -54.132  4.720  46.491 0.3000000119
83280  -55.755  5.196  48.709 0.3000000119
83303  -55.291  5.262  46.889 0.3000000119
84127  -51.891  5.670  43.888 0.2000000030
84141  -51.260  6.407  43.405 0.2000000030
84872  -50.692  7.285  42.953 0.2000000030
84873  -51.568  7.579  42.968 0.2000000030
80121  -54.328  0.099  54.389 0.4000000060
78564  -54.287  -0.690  54.924 0.4000000060
77772  -53.249  -2.156  54.795 0.2000000030
83319  -53.741  4.905  45.652 0.3000000119
84140  -50.328  6.041  43.379 0.2000000030
84871  -49.600  6.851  43.022 0.2000000030
80850  -54.472  1.013  54.457 0.4000000060
81566  -54.111  3.518  54.541 0.5000000000
82375  -53.675  4.752  54.695 0.5000000000
85504  -44.943  7.864  44.666 0.4000000060
81571  -43.500  3.183  53.032 0.2000000030
81573  -45.374  3.021  53.547 0.2000000030
115025  -45.195  3.975  53.869 0.5000000000
83230  -44.328  4.741  53.558 0.5000000000
83231  -44.992  5.008  53.783 0.6000000238
88926  -38.707  13.039  44.937 0.4000000060
88927  -39.339  13.564  44.786 0.4000000060
81590  -44.696  2.389  53.075 0.2000000030
81589  -43.952  2.384  52.854 0.2000000030
88933  -38.719  13.106  44.117 0.4000000060
88940  -39.484  13.337  42.751 0.4000000060
88934  -39.338  13.583  43.733 0.4000000060
107654  -37.777  10.224  41.068 0.3000000119
88373  -39.083  12.362  42.074 0.4000000060
88941  -40.163  13.757  42.420 0.4000000060
89514  -40.652  14.440  43.025 0.4000000060
88386  -39.897  11.580  39.614 0.3000000119
88947  -40.367  13.277  41.418 0.3000000119
89519  -40.856  14.144  42.068 0.4000000060
90091  -42.102  15.191  43.383 0.3000000119
88380  -39.878  12.248  40.748 0.3000000119
90174  -41.561  14.811  37.418 0.3000000119
90176  -43.094  15.757  36.889 0.3000000119
89585  -43.921  14.089  35.916 0.3000000119
90193  -44.814  14.334  35.634 0.3000000119
127212  -43.920  16.191  36.700 0.3000000119
90737  -44.670  16.092  36.334 0.3000000119
90185  -44.334  15.250  36.115 0.3000000119
126126  -43.894  17.082  37.128 0.3000000119
91345  -44.644  16.992  36.768 0.3000000119
90738  -45.334  16.409  36.197 0.3000000119
90186  -45.139  15.405  35.819 0.3000000119
90745  -46.057  15.701  35.585 0.4000000060
87257  -37.589  10.096  40.503 0.3000000119
87817  -38.018  10.277  40.397 0.3000000119
88948  -41.096  13.639  41.085 0.3000000119
89520  -41.639  14.412  41.762 0.3000000119
89521  -42.435  14.638  41.486 0.3000000119
90120  -42.982  15.134  42.090 0.3000000119
111395  -38.614  10.808  39.323 0.3000000119
87818  -38.548  10.652  39.867 0.3000000119
89515  -41.436  14.725  42.715 0.3000000119
88960  -38.767  12.409  39.321 0.3000000119
88391  -38.977  11.369  38.822 0.3000000119
87825  -39.796  11.375  38.796 0.3000000119
88387  -40.588  11.998  39.147 0.3000000119
88962  -41.480  12.606  39.041 0.3000000119
89538  -42.921  13.883  39.698 0.3000000119
122504  -39.168  13.324  39.306 0.3000000119
88961  -39.356  12.294  38.722 0.3000000119
88398  -40.160  11.877  38.349 0.3000000119
105939  -40.356  11.967  38.335 0.3000000119
88963  -42.301  13.107  38.913 0.4000000060
88964  -43.139  13.464  38.770 0.5000000000
89540  -44.613  14.430  39.323 0.5000000000
90163  -40.169  14.817  38.562 0.3000000119
89548  -40.504  13.745  38.042 0.3000000119
88980  -40.980  12.789  37.637 0.3000000119
106016  -42.011  12.616  37.424 0.3000000119
88401  -42.781  12.704  37.221 0.3000000119
88973  -44.169  13.247  37.453 0.5000000000
90164  -40.795  14.827  37.969 0.3000000119
89560  -41.170  13.768  37.513 0.3000000119
88991  -42.327  13.100  36.737 0.3000000119
117383  -42.878  13.113  36.406 0.3000000119
88983  -43.637  12.826  36.929 0.3000000119
89574  -42.744  13.559  36.493 0.3000000119
89575  -43.349  13.337  36.157 0.3000000119
92021  -44.523  18.442  37.421 0.2000000030
92022  -45.189  18.736  37.235 0.3000000119
92030  -44.974  17.914  37.029 0.3000000119
91346  -45.513  17.317  36.525 0.3000000119
91338  -44.208  17.771  37.305 0.3000000119
90739  -45.990  16.745  36.029 0.3000000119
87260  -37.298  10.110  40.400 0.3000000119
87823  -37.862  10.353  39.978 0.3000000119
89529  -41.857  14.000  40.796 0.3000000119
87822  -37.486  10.384  40.061 0.3000000119
89530  -42.666  14.297  40.575 0.3000000119
88955  -41.288  13.080  40.038 0.3000000119
88956  -42.103  13.509  39.856 0.3000000119
89539  -43.745  14.213  39.509 0.4000000060
91347  -46.390  17.531  36.228 0.3000000119
113854  -45.433  19.583  37.400 0.2000000030
92031  -45.738  18.188  36.742 0.3000000119
92634  -45.955  19.037  36.922 0.3000000119
92032  -46.488  18.484  36.487 0.3000000119
92624  -44.517  19.238  37.691 0.2000000030
93266  -44.872  20.125  37.787 0.2000000030
91355  -47.116  17.280  35.740 0.3000000119
92044  -48.551  18.018  35.092 0.3000000119
92616  -44.103  19.920  38.125 0.2000000030
92625  -46.280  19.896  37.040 0.2000000030
91364  -49.958  17.614  34.231 0.4000000060
92635  -46.674  19.261  36.590 0.3000000119
92636  -47.366  19.410  36.199 0.3000000119
115519  -48.720  18.933  35.101 0.3000000119
91363  -49.169  17.545  34.688 0.4000000060
92043  -47.795  18.637  35.691 0.3000000119
90199  -52.495  15.615  35.764 0.5000000000
90760  -51.979  16.606  34.634 0.5000000000
115129  -46.939  19.894  36.580 0.2000000030
91365  -50.858  17.447  34.016 0.4000000060
91366  -51.710  17.348  34.150 0.4000000060
92053  -50.013  18.421  34.054 0.3000000119
92054  -50.660  18.199  33.785 0.3000000119
91373  -51.508  18.179  33.693 0.4000000060
92646  -48.115  19.596  35.648 0.3000000119
92063  -51.710  19.055  33.421 0.3000000119
92655  -49.614  19.272  34.386 0.3000000119
92061  -50.475  18.957  33.726 0.3000000119
91979  -52.798  18.329  42.324 0.6999999881
91301  -53.238  17.925  41.671 0.6999999881
91324  -53.417  17.096  39.554 0.6999999881
91323  -53.077  17.274  38.950 0.6999999881
91340  -53.056  16.748  37.100 0.6999999881
124685  -52.676  17.720  35.733 0.6000000238
92036  -52.671  18.279  35.175 0.6999999881
115947  -52.586  17.960  34.463 0.6000000238
92647  -52.637  18.900  34.565 0.6000000238
125811  -46.317  20.485  37.193 0.2000000030
92055  -52.566  18.633  34.084 0.6000000238
127991  -47.378  20.863  36.532 0.2000000030
93279  -47.583  20.288  36.229 0.3000000119
93298  -48.395  20.450  35.584 0.3000000119
125450  -49.356  19.953  34.678 0.3000000119
93314  -49.847  20.262  34.278 0.3000000119
91989  -51.075  18.487  42.254 0.6999999881
91978  -52.007  18.697  42.675 0.6999999881
91310  -51.168  17.773  40.078 0.6999999881
125379  -51.051  18.216  41.498 0.6999999881
91990  -52.053  18.376  41.724 0.6999999881
91311  -52.187  17.842  40.184 0.6999999881
110413  -52.695  17.552  39.504 0.6999999881
108711  -51.743  17.643  39.375 0.6999999881
91322  -52.371  17.491  38.718 0.6999999881
91321  -50.844  17.629  39.303 0.6999999881
106808  -51.263  17.611  38.499 0.6999999881
91339  -51.602  17.756  37.489 0.6999999881
92035  -52.235  18.342  35.921 0.6999999881
93268  -46.378  21.042  37.307 0.2000000030
93941  -47.146  21.422  36.851 0.2000000030
93943  -48.325  21.890  35.914 0.2000000030
92664  -51.901  19.935  33.298 0.4000000060
92064  -52.270  19.317  33.630 0.4000000060
93959  -47.932  21.187  36.167 0.2000000030
93960  -48.787  21.316  35.364 0.3000000119
113134  -50.283  20.958  33.980 0.3000000119
93328  -51.472  20.612  33.258 0.3000000119
93315  -50.687  20.386  33.574 0.3000000119
91920  -49.653  18.941  48.168 0.6000000238
91925  -50.230  19.581  47.760 0.6000000238
92523  -51.025  19.011  47.509 0.8000000119
91937  -52.194  18.971  45.129 0.8000000119
91951  -52.347  18.891  44.194 0.8000000119
91966  -51.990  18.958  43.468 0.8000000119
91298  -50.555  17.880  40.821 0.6999999881
91309  -50.027  17.680  39.842 0.6999999881
91329  -50.187  17.710  38.828 0.6999999881
91330  -50.446  17.864  37.969 0.6999999881
92025  -51.652  18.105  36.749 0.6999999881
92638  -51.716  19.275  35.698 0.6999999881
121743  -46.473  21.892  37.454 0.2000000030
93282  -52.199  19.995  35.091 0.6999999881
93301  -52.518  19.779  34.465 0.6000000238
93316  -52.618  20.440  33.940 0.5000000000
93961  -49.415  21.774  34.844 0.3000000119
93969  -50.934  21.242  33.376 0.3000000119
93970  -52.607  21.211  33.897 0.4000000060
93975  -51.710  21.605  33.116 0.3000000119
93976  -52.139  21.556  33.245 0.3000000119
124640  -49.921  20.482  47.547 0.6000000238
92522  -50.523  20.226  47.137 0.6000000238
92533  -51.295  19.411  46.670 0.6999999881
92600  -46.992  18.959  40.185 0.6999999881
91997  -46.660  18.685  40.942 0.6999999881
91998  -47.514  18.293  40.639 0.6999999881
91296  -47.928  18.041  41.417 0.6999999881
91308  -48.440  17.909  40.705 0.6999999881
92007  -48.390  18.196  39.431 0.6999999881
91319  -48.914  17.810  39.989 0.6999999881
91965  -51.056  18.882  43.221 0.6999999881
92006  -47.650  18.578  39.770 0.6999999881
92609  -47.898  18.818  38.974 0.6999999881
92014  -48.654  18.437  38.674 0.6999999881
92617  -47.877  19.723  38.724 0.6999999881
92619  -48.886  18.881  37.891 0.6999999881
92627  -49.412  19.214  37.368 0.6999999881
92024  -50.742  18.237  37.174 0.6999999881
117929  -46.506  22.864  37.644 0.2000000030
93269  -49.346  20.578  37.205 0.6999999881
113457  -49.512  19.789  37.090 0.6999999881
92628  -50.120  19.061  36.829 0.6999999881
93926  -47.162  22.343  37.108 0.2000000030
93270  -49.973  20.180  36.627 0.6999999881
93280  -50.732  20.804  36.016 0.6999999881
117503  -51.404  20.108  35.604 0.6999999881
95064  -46.967  23.740  37.542 0.2000000030
94547  -48.295  22.594  36.126 0.2000000030
94555  -48.951  22.291  35.406 0.2000000030
93944  -50.512  21.925  36.385 0.6999999881
93945  -51.351  21.779  35.659 0.6000000238
93962  -52.436  20.863  34.489 0.5000000000
94536  -47.201  23.086  37.231 0.2000000030
95085  -48.813  23.180  35.731 0.2000000030
93946  -52.190  21.770  34.939 0.5000000000
118285  -49.323  23.739  35.405 0.3000000119
94561  -50.119  22.673  34.332 0.2000000030
109529  -51.116  22.014  33.308 0.4000000060
118682  -52.081  22.279  33.113 0.4000000060
94566  -51.629  22.521  33.158 0.4000000060
93173  -50.271  20.852  46.740 0.6000000238
92532  -50.815  20.333  46.363 0.6000000238
92550  -50.189  20.444  45.459 0.6000000238
92568  -51.568  19.630  44.932 0.6999999881
91950  -51.409  19.312  44.115 0.6999999881
91977  -50.289  18.473  42.650 0.6999999881
91988  -49.962  18.091  41.790 0.6999999881
91297  -48.836  17.927  41.459 0.6999999881
92607  -46.745  19.689  39.996 0.6999999881
92608  -47.326  19.501  39.449 0.6999999881
93259  -48.048  20.589  38.445 0.6999999881
93927  -49.262  21.496  37.409 0.6999999881
118183  -49.881  21.199  36.759 0.6999999881
94549  -51.187  22.703  36.082 0.6000000238
95063  -46.226  23.757  38.059 0.2000000030
95074  -47.634  23.658  37.002 0.2000000030
95075  -48.232  23.418  36.400 0.2000000030
94557  -52.394  22.581  34.646 0.4000000060
118286  -49.957  24.000  34.721 0.4000000060
117231  -51.508  23.334  33.350 0.4000000060
94562  -52.540  22.686  33.935 0.4000000060
92549  -49.086  20.193  45.326 0.6000000238
92567  -50.798  19.858  44.798 0.6000000238
93189  -46.709  20.843  46.253 0.5000000000
93190  -47.651  20.932  46.170 0.6000000238
92566  -49.837  19.675  44.677 0.6999999881
92546  -46.077  19.924  45.709 0.5000000000
92547  -47.037  19.945  45.618 0.6000000238
92564  -47.387  19.214  44.931 0.6000000238
126951  -48.231  19.416  44.904 0.6999999881
92565  -48.839  19.192  44.507 0.6999999881
91949  -50.445  19.253  44.016 0.6999999881
127091  -44.762  19.246  45.077 0.5000000000
92563  -46.432  19.118  44.986 0.6000000238
91947  -47.869  18.672  44.208 0.6999999881
117170  -48.105  18.361  43.286 0.6999999881
119790  -48.630  18.656  43.878 0.6999999881
91948  -49.440  18.928  43.975 0.6999999881
91945  -45.848  18.659  44.190 0.5000000000
91946  -46.806  18.605  44.201 0.6999999881
91962  -47.169  18.365  43.324 0.6999999881
91974  -47.546  18.192  42.317 0.6999999881
91975  -48.562  18.223  42.596 0.6999999881
91976  -49.454  18.319  42.623 0.6999999881
92544  -43.449  19.683  45.262 0.5000000000
92561  -44.113  19.227  44.679 0.5000000000
91944  -44.881  18.844  44.183 0.5000000000
91960  -45.373  18.627  43.332 0.6000000238
91985  -46.309  18.555  41.769 0.6000000238
91987  -49.021  18.100  42.083 0.6999999881
93249  -46.871  20.397  39.666 0.6999999881
93250  -47.504  20.470  39.070 0.6999999881
93928  -49.827  22.161  37.050 0.6000000238
95076  -51.104  23.598  36.503 0.5000000000
95545  -45.913  24.607  38.299 0.2000000030
95094  -52.352  23.485  33.782 0.3000000119
95087  -52.432  23.354  34.431 0.3000000119
95556  -47.492  24.624  37.291 0.2000000030
95565  -48.204  24.299  36.627 0.2000000030
95594  -52.159  24.125  33.739 0.3000000119
112510  -48.815  24.021  35.986 0.2000000030
95592  -51.365  24.296  33.611 0.3000000119
94567  -51.973  23.056  33.160 0.3000000119
120579  -37.590  20.575  45.652 0.4000000060
114761  -38.862  20.180  46.018 0.4000000060
109713  -38.820  20.520  45.343 0.4000000060
93162  -39.538  20.286  45.688 0.4000000060
121688  -41.505  20.155  44.790 0.4000000060
93206  -41.403  20.178  44.134 0.5000000000
93207  -42.013  19.898  44.394 0.5000000000
93185  -41.993  20.167  45.377 0.5000000000
92560  -43.365  19.378  44.247 0.5000000000
92583  -44.163  19.293  42.787 0.6000000238
92584  -44.794  19.421  42.077 0.6000000238
92590  -44.770  20.172  41.593 0.6000000238
127066  -45.308  20.318  41.177 0.6000000238
92577  -44.064  19.080  43.718 0.5000000000
91959  -44.662  18.842  43.284 0.6999999881
91973  -45.790  18.577  42.532 0.6999999881
92592  -45.977  19.128  41.242 0.6000000238
93914  -47.756  21.313  38.800 0.6999999881
93915  -48.708  21.804  37.980 0.6999999881
94523  -48.793  22.643  38.234 0.6000000238
119002  -49.278  22.398  37.666 0.6000000238
94537  -49.853  23.014  37.393 0.6000000238
95066  -50.425  23.682  37.183 0.6999999881
95077  -51.749  23.426  35.696 0.5000000000
95566  -48.932  25.047  36.075 0.3000000119
95593  -51.800  24.497  33.673 0.3000000119
95575  -49.477  24.524  35.330 0.3000000119
95580  -50.987  25.237  33.683 0.4000000060
96061  -51.470  25.531  33.784 0.4000000060
117305  -50.298  25.092  34.347 0.3000000119
96077  -51.350  25.199  33.695 0.3000000119
93204  -39.259  21.202  43.985 0.4000000060
93182  -39.576  20.663  44.710 0.4000000060
93205  -40.555  20.489  44.166 0.5000000000
92558  -42.016  20.003  43.627 0.5000000000
92574  -42.086  20.255  43.061 0.5000000000
92576  -43.353  19.467  43.347 0.5000000000
93902  -46.410  21.230  40.102 0.6000000238
93241  -46.294  20.238  40.297 0.6000000238
93904  -48.184  22.125  38.598 0.6999999881
95567  -50.944  24.466  36.925 0.4000000060
96042  -51.755  25.661  35.494 0.4000000060
95568  -51.724  24.474  35.937 0.3000000119
96049  -51.761  25.696  34.158 0.4000000060
114320  -51.026  26.643  33.347 0.4000000060
111382  -51.206  26.502  33.563 0.4000000060
128288  -49.638  25.343  35.129 0.3000000119
96048  -50.204  26.100  34.300 0.3000000119
96059  -50.842  26.099  33.613 0.4000000060
83256  -55.443  4.779  51.003 0.5000000000
83279  -54.660  4.668  48.183 0.4000000060
83292  -55.584  5.225  47.805 0.4000000060
83334  -52.396  5.088  44.569 0.2000000030
124920  -54.606  1.541  53.770 0.4000000060
77759  -52.861  -2.841  55.279 0.2000000030
78550  -54.147  -1.278  55.366 0.2000000030
89531  -43.501  14.550  40.395 0.3000000119
126285  -43.282  12.927  36.306 0.3000000119
119504  -45.767  4.105  54.188 0.4000000060
91332  -53.056  17.156  38.111 0.6999999881
109997  -53.602  17.289  40.987 0.6999999881
90759  -51.127  16.715  34.416 0.4000000060
81574  -46.265  3.378  53.979 0.3000000119
82384  -45.672  4.808  54.223 0.6000000238
90751  -52.127  16.000  35.126 0.5000000000
91358  -52.699  17.610  35.128 0.5000000000
119139  -49.763  -4.706  54.126 0.2000000030
88935  -39.969  14.049  43.359 0.4000000060
79398  -50.000  0.024  49.616 0.1000000015
77791  -47.514  -2.369  48.787 0.1000000015
78587  -48.528  -1.293  49.345 0.1000000015
79393  -48.884  -0.893  49.996 0.1000000015
80911  -52.511  1.248  46.483 0.2000000030
76966  -47.037  -3.113  49.138 0.1000000015
76144  -46.224  -4.319  49.804 0.1000000015
76149  -44.996  -3.771  48.880 0.1000000015
76964  -45.668  -3.320  48.532 0.1000000015
76971  -46.169  -2.942  48.238 0.1000000015
77800  -47.272  -2.263  47.891 0.1000000015
126915  -43.147  -4.120  48.629 0.1000000015
80136  -50.953  0.391  51.032 0.2000000030
78577  -48.765  -1.828  51.309 0.1000000015
80874  -52.540  1.289  50.256 0.3000000119
79387  -50.535  -0.299  51.537 0.2000000030
80146  -52.471  1.109  51.089 0.2000000030
81664  -55.047  2.491  45.904 0.2000000030
79382  -51.984  -0.431  52.693 0.3000000119
80131  -52.308  0.288  52.312 0.3000000119
76122  -48.394  -4.329  52.426 0.2000000030
78572  -49.977  -2.037  52.445 0.2000000030
76121  -47.688  -4.798  52.182 0.1000000015
82490  -56.616  4.259  46.330 0.2000000030
80132  -53.404  0.519  52.827 0.4000000060
82457  -56.620  4.366  48.443 0.3000000119
76944  -49.535  -3.601  52.951 0.2000000030
128031  -50.723  -2.399  53.140 0.2000000030
76116  -48.833  -4.657  53.181 0.1000000015
83293  -56.219  5.270  48.133 0.3000000119
84096  -56.395  5.226  47.307 0.3000000119
74417  -44.955  -6.706  53.572 0.1000000015
75274  -45.767  -5.743  52.359 0.1000000015
84104  -55.894  5.788  46.324 0.2000000030
83321  -56.624  5.016  46.001 0.2000000030
83320  -54.894  5.434  46.009 0.2000000030
84115  -55.552  6.165  45.443 0.2000000030
84128  -54.998  6.644  44.704 0.2000000030
84130  -56.195  6.474  44.780 0.2000000030
84864  -55.265  7.264  44.117 0.2000000030
84142  -56.241  6.494  43.907 0.2000000030
74408  -45.634  -6.887  54.122 0.1000000015
74409  -46.381  -6.483  53.958 0.1000000015
88378  -38.578  11.098  41.099 0.3000000119
87812  -37.959  10.901  41.958 0.3000000119
88946  -39.690  12.904  41.763 0.4000000060
124856  -39.340  11.927  41.169 0.3000000119
87824  -39.238  10.959  39.228 0.3000000119
88379  -39.284  11.235  40.186 0.3000000119
88954  -40.542  12.626  40.339 0.3000000119
90175  -42.350  15.289  37.121 0.3000000119
90731  -43.266  16.728  37.269 0.3000000119
90184  -43.639  15.197  36.414 0.3000000119
90183  -43.009  14.501  36.505 0.3000000119
88392  -39.670  11.573  38.590 0.3000000119
88385  -38.225  11.382  39.523 0.3000000119
123748  -39.870  11.549  38.562 0.3000000119
88393  -40.920  12.003  38.545 0.3000000119
89528  -38.676  13.716  39.954 0.3000000119
89537  -39.753  13.577  38.711 0.3000000119
88970  -40.261  12.839  38.119 0.3000000119
88399  -40.756  12.201  37.978 0.3000000119
88400  -41.095  12.266  37.934 0.3000000119
88394  -41.653  12.441  38.160 0.4000000060
88972  -43.304  13.070  37.764 0.3000000119
88981  -41.651  12.923  37.212 0.3000000119
88404  -41.459  12.565  37.617 0.3000000119
88982  -42.227  12.759  37.041 0.3000000119
89562  -42.217  14.122  36.812 0.3000000119
92052  -49.325  18.278  34.542 0.3000000119
91300  -52.662  18.012  40.926 0.6999999881
106698  -52.622  17.386  37.424 0.6999999881
91348  -52.556  17.551  36.598 0.6999999881
93300  -49.583  21.108  34.573 0.3000000119
92034  -51.161  18.709  36.415 0.6999999881
116565  -50.261  21.854  34.104 0.3000000119
108846  -49.437  17.786  40.765 0.6999999881
92015  -49.499  18.110  38.333 0.6999999881
93281  -51.785  20.889  35.321 0.6999999881
95086  -49.585  23.064  34.976 0.2000000030
126628  -46.843  18.292  42.003 0.6999999881
92626  -48.969  19.860  37.534 0.6999999881
92637  -50.791  19.652  36.170 0.6999999881
95555  -46.632  24.557  37.820 0.2000000030
94550  -51.883  22.585  35.365 0.5000000000
120947  -50.832  22.791  33.562 0.4000000060
95093  -50.684  24.294  33.955 0.4000000060
93188  -45.708  20.955  46.458 0.5000000000
108385  -46.610  18.357  42.529 0.6999999881
91984  -45.491  18.942  41.909 0.6000000238
96024  -46.219  25.335  38.051 0.2000000030
95576  -52.123  24.837  34.698 0.3000000119
93203  -38.705  20.950  44.680 0.4000000060
93224  -44.112  19.993  42.137 0.5000000000
92582  -43.371  19.884  42.669 0.5000000000
83310  -42.760  4.392  45.430 0.1000000015
83325  -43.443  4.576  44.851 0.1000000015
83326  -43.945  4.727  44.273 0.1000000015
83342  -44.618  5.019  43.203 0.1000000015
84135  -45.153  5.532  42.686 0.1000000015
84148  -45.678  6.121  42.185 0.1000000015
119431  -45.246  6.052  43.501 0.1000000015
82495  -42.160  3.858  45.236 0.1000000015
83327  -44.521  5.265  43.897 0.1000000015
83309  -42.020  4.186  45.892 0.1000000015
85514  -47.350  7.564  41.693 0.1000000015
85515  -47.972  7.973  41.697 0.1000000015
120995  -46.274  6.680  41.687 0.1000000015
84881  -46.888  7.192  42.173 0.1000000015
82481  -41.132  3.923  46.156 0.1000000015
80925  -39.187  1.679  44.480 0.1000000015
81669  -39.510  2.394  44.490 0.1000000015
82506  -39.857  3.088  44.870 0.1000000015
82493  -40.463  3.486  45.469 0.1000000015
121149  -40.109  2.886  44.066 0.1000000015
85516  -48.825  8.430  41.760 0.1000000015
86102  -49.595  8.706  40.794 0.1000000015
83343  -56.351  5.377  43.431 0.1000000015
84121  -44.171  5.734  44.647 0.1000000015
84150  -56.099  5.930  42.940 0.1000000015
82492  -39.599  3.301  45.731 0.1000000015
83297  -40.717  4.364  46.802 0.1000000015
84884  -49.154  7.894  42.522 0.1000000015
85528  -52.362  8.450  41.827 0.1000000015
85529  -53.145  8.332  41.992 0.1000000015
84149  -55.516  6.435  42.588 0.1000000015
80918  -38.796  2.013  44.970 0.1000000015
85517  -49.691  8.588  41.966 0.1000000015
86096  -50.638  8.829  41.431 0.1000000015
84897  -53.787  7.850  41.997 0.1000000015
84898  -54.597  6.978  42.206 0.1000000015
85510  -53.490  8.124  42.588 0.1000000015
84888  -55.768  7.047  43.349 0.1000000015
83298  -41.680  4.825  46.613 0.1000000015
84100  -41.600  5.767  47.024 0.2000000030
83299  -42.608  5.004  46.058 0.2000000030
84109  -43.061  5.994  45.845 0.2000000030
84110  -43.698  6.209  45.236 0.2000000030
84883  -48.269  7.744  42.457 0.1000000015
85508  -51.210  8.328  42.421 0.1000000015
85520  -52.805  8.497  42.122 0.1000000015
85511  -54.322  7.942  42.760 0.1000000015
84887  -55.009  7.525  42.784 0.1000000015
82480  -40.214  3.749  46.305 0.1000000015
84099  -40.942  5.164  47.207 0.1000000015
84101  -42.322  5.782  46.478 0.2000000030
84852  -44.299  7.143  44.797 0.2000000030
85519  -51.654  8.687  41.915 0.1000000015
85521  -53.582  8.148  42.284 0.1000000015
85518  -50.581  8.744  41.917 0.1000000015
81662  -39.102  2.730  45.256 0.1000000015
84858  -45.461  7.184  44.282 0.1000000015
84846  -42.724  6.939  46.147 0.3000000119
84851  -43.564  7.084  45.383 0.3000000119
84857  -44.802  6.991  44.424 0.1000000015
83296  -39.999  4.082  46.906 0.1000000015
83288  -40.173  4.720  47.306 0.1000000015
84845  -42.013  6.447  46.739 0.2000000030
82479  -39.327  3.630  46.617 0.1000000015
119279  -40.321  6.251  47.650 0.1000000015
84093  -40.929  5.985  47.419 0.2000000030
84839  -41.430  6.595  47.147 0.2000000030
85498  -44.299  8.107  45.052 0.4000000060
112146  -38.900  4.482  47.614 0.1000000015
84091  -39.442  5.073  47.735 0.1000000015
109828  -39.989  6.912  47.767 0.1000000015
93191  -48.658  21.119  46.153 0.4000000060
93172  -49.746  21.279  46.764 0.4000000060
93170  -48.137  21.831  46.776 0.4000000060
93171  -49.007  21.671  46.807 0.4000000060
93151  -45.931  21.489  47.611 0.4000000060
112089  -47.147  21.269  48.400 0.4000000060
110134  -48.418  21.640  47.870 0.4000000060
92514  -49.481  20.031  47.962 0.5000000000
93832  -47.419  22.061  47.257 0.4000000060
93153  -47.798  21.975  47.752 0.4000000060
92521  -49.287  21.031  47.656 0.5000000000
93168  -45.954  21.639  46.996 0.4000000060
92511  -46.881  20.225  48.630 0.5000000000
92512  -47.788  20.976  48.399 0.4000000060
122885  -47.851  19.715  48.384 0.5000000000
107878  -45.157  21.389  46.937 0.4000000060
92545  -45.139  19.912  45.745 0.4000000060
92510  -45.774  20.040  48.945 0.4000000060
107701  -45.047  20.187  48.913 0.4000000060
91917  -47.086  18.754  48.517 0.5000000000
93141  -45.458  20.840  48.342 0.4000000060
93142  -46.370  21.066  48.459 0.4000000060
91919  -48.781  19.314  48.222 0.5000000000
124394  -44.243  20.833  47.477 0.4000000060
93167  -44.187  21.033  46.850 0.4000000060
118796  -44.627  20.717  46.395 0.4000000060
91918  -48.028  18.670  48.334 0.5000000000
92499  -44.007  19.284  49.641 0.4000000060
91908  -44.869  18.628  49.468 0.4000000060
92509  -44.363  19.873  48.952 0.4000000060
92508  -43.444  19.496  48.887 0.4000000060
93139  -43.900  20.246  48.071 0.4000000060
93149  -43.525  20.708  47.181 0.4000000060
93166  -43.221  20.568  46.629 0.4000000060
93186  -42.836  20.260  45.815 0.4000000060
124051  -44.268  19.824  45.595 0.4000000060
91245  -44.457  18.011  49.605 0.4000000060
91250  -47.739  17.767  48.436 0.5000000000
91244  -43.727  18.305  50.011 0.4000000060
91906  -43.660  18.906  50.027 0.4000000060
92520  -43.059  19.980  47.777 0.4000000060
94522  -48.408  22.892  38.677 0.5000000000
109790  -43.899  17.366  49.728 0.4000000060
91914  -43.257  19.036  49.835 0.4000000060
92507  -42.476  19.332  48.375 0.4000000060
92506  -41.602  19.210  47.934 0.4000000060
93148  -42.692  20.455  46.978 0.4000000060
93147  -41.900  20.212  46.759 0.4000000060
93232  -45.008  21.083  41.221 0.4000000060
93240  -45.694  20.762  40.678 0.5000000000
93903  -47.168  21.260  39.411 0.6000000238
111940  -47.539  22.060  39.184 0.6000000238
91241  -42.167  17.736  50.431 0.3000000119
90630  -42.510  16.903  50.136 0.3000000119
91240  -41.376  17.796  50.524 0.3000000119
91899  -42.493  18.315  50.344 0.4000000060
90631  -43.055  17.736  50.237 0.3000000119
91904  -41.434  18.631  50.071 0.4000000060
91905  -42.373  18.762  50.024 0.4000000060
92505  -40.865  18.848  48.424 0.4000000060
114153  -41.777  18.830  49.044 0.4000000060
92518  -40.771  19.396  47.412 0.4000000060
92531  -41.060  19.987  46.646 0.4000000060
93164  -41.559  20.351  46.107 0.4000000060
93184  -41.214  20.298  45.394 0.4000000060
93881  -44.371  21.689  41.435 0.4000000060
93231  -44.242  20.835  41.697 0.4000000060
93882  -44.974  21.945  41.121 0.4000000060
93891  -45.631  21.765  40.641 0.5000000000
93892  -46.878  22.034  39.722 0.4000000060
95033  -47.091  23.518  40.005 0.4000000060
108612  -40.799  13.894  50.307 0.2000000030
88860  -39.650  13.066  50.516 0.2000000030
108613  -39.997  13.835  50.391 0.2000000030
90628  -40.474  16.617  50.485 0.2000000030
124762  -40.597  15.541  50.317 0.2000000030
90017  -42.341  15.321  49.794 0.3000000119
108715  -41.049  17.103  50.491 0.2000000030
91239  -40.513  17.714  50.561 0.2000000030
91897  -40.998  18.380  50.386 0.3000000119
91903  -40.636  18.685  50.148 0.3000000119
91912  -40.975  18.656  49.418 0.4000000060
114271  -39.979  19.012  47.945 0.4000000060
93163  -40.896  20.277  45.965 0.3000000119
93223  -43.455  20.709  42.177 0.4000000060
94497  -45.288  22.604  40.888 0.4000000060
94498  -45.993  22.616  40.461 0.4000000060
118333  -46.403  23.221  40.392 0.3000000119
95022  -46.410  23.996  40.540 0.3000000119
95516  -47.264  24.417  40.286 0.5000000000
119444  -38.506  11.282  51.292 0.2000000030
88307  -39.296  12.341  50.760 0.2000000030
87748  -39.661  11.604  51.048 0.2000000030
88306  -38.615  12.323  50.835 0.2000000030
88308  -40.245  12.261  50.709 0.2000000030
108614  -39.185  13.781  50.468 0.2000000030
89429  -39.544  14.512  50.418 0.2000000030
89428  -38.760  14.456  50.489 0.2000000030
112717  -39.166  15.201  50.469 0.2000000030
112716  -38.806  15.897  50.493 0.2000000030
90010  -39.690  16.023  50.458 0.2000000030
91896  -40.189  18.523  50.423 0.3000000119
91902  -39.987  18.798  50.236 0.3000000119
113248  -39.977  19.534  47.051 0.3000000119
92530  -40.246  20.022  46.278 0.3000000119
93183  -40.410  20.380  45.281 0.3000000119
94487  -43.716  22.321  41.664 0.4000000060
94488  -44.571  22.541  41.303 0.4000000060
93871  -42.449  21.194  42.406 0.4000000060
93880  -43.757  21.420  41.747 0.4000000060
117103  -45.652  23.974  40.916 0.3000000119
87181  -38.532  10.587  51.476 0.2000000030
86616  -38.735  9.742  51.661 0.3000000119
87183  -40.156  10.054  51.484 0.3000000119
86618  -40.306  9.255  51.659 0.3000000119
86031  -42.456  8.757  51.624 0.4000000060
88292  -36.317  12.459  51.313 0.2000000030
87733  -36.636  11.556  51.472 0.2000000030
87182  -39.341  10.295  51.477 0.3000000119
124496  -41.103  9.807  51.538 0.3000000119
88304  -37.126  12.953  50.910 0.2000000030
88305  -37.973  12.615  50.826 0.2000000030
88858  -37.858  13.415  50.652 0.2000000030
89426  -37.034  14.550  50.743 0.2000000030
113365  -38.350  15.141  50.516 0.2000000030
90626  -38.474  16.454  50.543 0.2000000030
90627  -39.143  16.761  50.509 0.2000000030
91895  -39.374  18.948  50.610 0.2000000030
91911  -40.150  18.726  49.226 0.4000000060
92517  -39.099  19.349  47.415 0.4000000060
92529  -39.348  19.834  46.499 0.3000000119
93870  -41.745  21.682  42.520 0.4000000060
93860  -40.335  21.667  43.112 0.4000000060
93861  -41.091  21.161  42.934 0.4000000060
94480  -42.871  22.486  42.009 0.4000000060
93215  -40.502  20.889  43.494 0.4000000060
93216  -41.357  20.493  43.436 0.4000000060
117216  -42.466  21.896  42.266 0.4000000060
95020  -44.983  23.447  41.163 0.3000000119
86024  -38.230  9.001  51.978 0.3000000119
86025  -39.021  8.350  52.094 0.3000000119
86029  -40.341  8.481  51.861 0.3000000119
86030  -41.744  8.441  51.741 0.3000000119
85442  -41.757  7.635  51.906 0.4000000060
86615  -37.721  10.019  51.713 0.2000000030
107539  -35.582  12.994  51.440 0.2000000030
89421  -35.271  14.640  51.472 0.2000000030
88848  -35.242  13.787  51.500 0.2000000030
89422  -36.161  14.371  51.091 0.2000000030
90004  -35.739  15.267  51.265 0.2000000030
90005  -36.294  15.986  51.041 0.2000000030
117716  -36.634  15.189  50.864 0.2000000030
116082  -37.485  15.149  50.621 0.2000000030
90624  -36.949  16.706  50.825 0.2000000030
90008  -37.198  15.899  50.690 0.2000000030
91238  -39.526  17.924  50.614 0.2000000030
91901  -39.381  19.138  49.934 0.3000000119
120709  -38.691  19.182  47.941 0.3000000119
92516  -38.267  19.386  47.550 0.3000000119
93214  -39.906  21.221  43.582 0.3000000119
93869  -40.987  21.882  42.707 0.4000000060
84795  -41.308  6.208  52.383 0.3000000119
117833  -42.526  5.449  52.607 0.3000000119
84793  -39.544  6.575  52.420 0.3000000119
85438  -41.897  6.793  52.110 0.3000000119
84796  -42.702  6.474  52.127 0.4000000060
91231  -34.531  16.811  52.306 0.2000000030
126855  -34.811  16.565  51.890 0.2000000030
90622  -36.032  16.829  51.217 0.2000000030
91233  -35.935  17.559  51.353 0.2000000030
91235  -36.771  17.570  51.031 0.2000000030
90625  -37.820  16.591  50.605 0.2000000030
91893  -36.449  18.335  51.303 0.2000000030
91894  -37.672  18.639  51.029 0.2000000030
91236  -37.737  17.505  50.732 0.2000000030
92494  -38.623  19.368  50.879 0.2000000030
107398  -38.647  18.396  50.749 0.2000000030
92498  -38.759  19.473  50.552 0.2000000030
92493  -38.398  20.004  50.881 0.2000000030
92497  -38.303  19.888  50.051 0.2000000030
92503  -38.368  19.212  48.469 0.3000000119
113919  -37.563  19.432  47.935 0.3000000119
127232  -36.259  20.062  47.108 0.3000000119
121500  -37.671  19.652  47.133 0.3000000119
93180  -36.867  20.688  45.817 0.3000000119
122032  -37.389  21.128  45.145 0.3000000119
94457  -37.973  22.389  44.293 0.3000000119
94466  -38.582  22.452  43.840 0.3000000119
92528  -38.397  19.780  46.658 0.3000000119
93848  -38.458  21.665  44.260 0.3000000119
119584  -39.522  23.052  43.312 0.3000000119
94477  -40.589  22.534  42.812 0.3000000119
94479  -42.127  22.544  42.290 0.4000000060
94467  -39.223  22.473  43.487 0.4000000060
95009  -42.556  23.291  42.140 0.3000000119
83241  -42.582  4.729  52.852 0.2000000030
110365  -38.832  6.499  52.454 0.3000000119
84044  -38.989  5.770  52.492 0.3000000119
84794  -40.440  6.383  52.387 0.3000000119
83229  -43.598  4.686  53.222 0.2000000030
84048  -43.364  5.374  52.771 0.4000000060
91219  -34.568  17.838  53.153 0.2000000030
91227  -34.829  17.774  52.381 0.2000000030
90618  -34.038  16.180  52.753 0.2000000030
91232  -35.171  17.122  51.752 0.2000000030
91889  -35.906  18.924  51.601 0.2000000030
93128  -37.968  20.494  50.812 0.2000000030
93815  -37.532  20.853  50.107 0.2000000030
91891  -38.134  19.659  51.108 0.2000000030
93134  -37.975  20.368  50.182 0.2000000030
93133  -36.816  20.331  49.394 0.2000000030
93829  -35.139  21.023  46.607 0.2000000030
94446  -34.870  21.993  46.257 0.2000000030
94445  -34.175  22.538  46.656 0.2000000030
92496  -37.265  19.852  49.261 0.2000000030
93138  -36.232  20.014  48.768 0.3000000119
93145  -36.011  19.955  47.761 0.3000000119
94448  -34.767  22.823  46.098 0.2000000030
127547  -36.031  22.807  45.320 0.3000000119
94980  -35.744  23.430  45.401 0.3000000119
95463  -36.167  24.677  45.121 0.2000000030
93160  -37.431  20.137  46.402 0.3000000119
93830  -35.978  20.804  46.061 0.3000000119
93846  -37.055  21.799  44.895 0.3000000119
94455  -36.589  22.439  45.014 0.3000000119
94987  -38.174  23.125  44.052 0.3000000119
94994  -38.880  23.246  43.593 0.3000000119
120078  -38.949  24.012  43.579 0.3000000119
93847  -37.693  21.735  44.627 0.3000000119
82382  -43.934  4.061  53.403 0.2000000030
84037  -44.278  5.171  53.314 0.4000000060
93122  -35.964  20.849  52.018 0.2000000030
93796  -35.738  21.090  53.042 0.2000000030
92476  -35.225  19.657  53.086 0.2000000030
91877  -34.936  18.730  52.813 0.2000000030
92483  -35.360  19.509  52.322 0.2000000030
91886  -35.254  18.742  52.058 0.2000000030
93123  -36.673  20.926  51.510 0.2000000030
126572  -36.215  19.613  51.591 0.2000000030
92490  -36.939  20.196  51.403 0.2000000030
113017  -37.606  21.177  50.647 0.2000000030
123179  -36.465  20.832  49.628 0.2000000030
93132  -35.567  20.519  49.068 0.2000000030
93137  -35.508  20.286  48.339 0.3000000119
93828  -34.356  21.539  46.920 0.2000000030
94975  -34.409  23.473  46.271 0.2000000030
93814  -35.425  21.391  49.650 0.2000000030
93819  -34.189  21.179  48.477 0.2000000030
93823  -34.643  20.912  47.367 0.2000000030
94979  -35.053  23.496  45.755 0.2000000030
95462  -35.499  24.299  45.493 0.2000000030
95467  -36.753  24.091  44.733 0.3000000119
119194  -38.370  23.893  43.893 0.3000000119
82383  -44.768  4.399  53.735 0.2000000030
93802  -36.345  21.494  51.923 0.2000000030
94409  -36.535  22.345  52.954 0.2000000030
94418  -37.537  22.994  51.287 0.2000000030
94417  -36.794  22.349  51.917 0.2000000030
110008  -37.557  22.398  50.991 0.2000000030
93803  -37.396  21.600  51.161 0.2000000030
94439  -32.910  22.901  48.394 0.2000000030
94444  -33.583  22.729  47.157 0.2000000030
94974  -33.744  23.384  46.751 0.2000000030
95457  -34.034  24.246  46.505 0.2000000030
118307  -34.093  25.890  46.456 0.2000000030
95959  -34.742  25.824  45.881 0.2000000030
93813  -34.025  21.589  49.105 0.2000000030
95461  -34.689  24.280  45.910 0.2000000030
118040  -34.374  25.079  46.216 0.2000000030
117356  -35.672  25.070  45.402 0.2000000030
95961  -36.195  25.518  45.216 0.2000000030
95468  -37.348  24.581  44.474 0.2000000030
95472  -38.666  24.591  43.823 0.3000000119
94426  -37.507  23.037  50.625 0.2000000030
96949  -33.517  27.377  47.103 0.2000000030
94952  -32.886  23.880  50.113 0.2000000030
94966  -32.664  23.514  48.616 0.2000000030
95953  -32.924  24.624  47.522 0.2000000030
112290  -32.857  25.635  47.546 0.2000000030
95956  -33.550  25.087  46.836 0.2000000030
96950  -34.350  27.427  46.470 0.2000000030
95960  -35.482  25.756  45.528 0.2000000030
94430  -33.526  22.460  49.389 0.2000000030
94957  -37.830  23.778  50.573 0.2000000030
97455  -32.566  27.815  48.341 0.2000000030
97456  -33.207  28.046  47.646 0.2000000030
96436  -32.244  25.986  50.589 0.2000000030
116743  -32.083  26.088  49.752 0.2000000030
96943  -32.052  26.909  49.367 0.2000000030
96945  -32.326  27.049  48.529 0.2000000030
96946  -32.820  27.240  47.779 0.2000000030
97460  -33.942  28.168  46.987 0.2000000030
95448  -32.452  24.505  49.682 0.2000000030
117647  -32.221  25.291  49.123 0.2000000030
96439  -32.182  26.252  48.848 0.2000000030
96441  -32.521  26.430  48.003 0.2000000030
96450  -36.859  25.955  44.869 0.2000000030
113019  -32.054  27.818  50.682 0.2000000030
113087  -32.063  27.669  49.732 0.2000000030
97920  -32.663  29.058  49.116 0.2000000030
126630  -32.081  27.215  50.960 0.2000000030
121963  -32.029  26.881  50.361 0.2000000030
97451  -32.369  28.237  49.046 0.2000000030
126191  -32.549  29.406  49.743 0.2000000030
84836  -39.174  6.988  48.040 0.1000000015
84797  -43.418  6.072  52.239 0.4000000060
118509  -40.739  10.640  51.354 0.3000000119
106161  -41.058  8.880  51.702 0.3000000119
84799  -42.632  7.334  51.783 0.4000000060
111787  -41.138  14.650  50.197 0.2000000030
85509  -52.384  8.215  42.591 0.1000000015
84885  -50.164  8.110  42.488 0.1000000015
93165  -42.356  20.386  46.303 0.4000000060
84092  -40.260  5.528  47.568 0.1000000015
83287  -39.454  4.259  47.283 0.1000000015
90012  -42.007  16.160  50.043 0.3000000119
90629  -41.218  16.307  50.299 0.2000000030
87734  -37.684  11.151  51.408 0.2000000030
87735  -39.154  11.065  51.325 0.3000000119
88294  -38.181  11.874  51.104 0.2000000030
86617  -39.538  9.532  51.643 0.3000000119
86028  -39.664  8.806  51.830 0.3000000119
87180  -36.799  10.658  51.681 0.2000000030
106166  -38.267  8.209  52.241 0.3000000119
110454  -38.964  7.029  52.392 0.3000000119
85435  -39.484  7.517  52.259 0.3000000119
106823  -40.140  7.076  52.292 0.3000000119
85441  -41.020  8.055  51.937 0.3000000119
122933  -42.824  5.876  52.436 0.3000000119
91890  -37.076  19.373  51.310 0.2000000030
92502  -37.731  19.447  49.003 0.3000000119
93146  -36.844  19.791  47.286 0.3000000119
93835  -35.593  21.622  45.831 0.3000000119
94985  -37.008  23.162  44.623 0.2000000030
93821  -33.637  21.704  48.173 0.2000000030
94970  -32.819  23.330  47.939 0.2000000030
96442  -33.154  26.570  47.321 0.2000000030
95450  -32.413  24.310  48.857 0.2000000030
118726  -32.377  25.718  48.328 0.2000000030
95949  -32.294  25.306  50.066 0.2000000030
73624  -47.390  -7.098  55.387 0.1000000015
122759  -48.196  -7.080  56.113 0.1000000015
74406  -49.392  -6.122  56.030 0.1000000015
107985  -49.632  -5.611  55.449 0.1000000015
125451  -33.735  8.517  47.006 0.1000000015
86074  -34.578  8.759  46.531 0.1000000015
113234  -35.155  9.213  45.916 0.1000000015
86075  -35.579  8.833  46.628 0.1000000015
85482  -34.742  7.851  47.750 0.1000000015
86076  -36.479  8.953  46.786 0.1000000015
108557  -36.943  9.664  46.316 0.1000000015
86648  -37.363  9.052  47.018 0.1000000015
106242  -36.020  9.366  46.110 0.1000000015
86073  -32.910  8.787  46.682 0.1000000015
86674  -36.314  9.813  45.511 0.1000000015
87231  -36.909  10.229  45.693 0.1000000015
87232  -37.262  10.898  45.418 0.1000000015
82401  -40.412  3.555  52.550 0.2000000030
82402  -41.270  3.686  52.628 0.2000000030
86660  -33.622  9.000  46.154 0.1000000015
86661  -34.291  9.208  45.648 0.1000000015
86659  -32.128  9.207  46.525 0.1000000015
86671  -33.425  9.478  45.251 0.1000000015
86673  -35.575  9.546  45.330 0.1000000015
87230  -32.646  9.775  45.280 0.1000000015
123951  -34.126  9.451  44.946 0.1000000015
86680  -35.154  9.646  44.507 0.1000000015
86681  -35.829  9.812  44.680 0.1000000015
87238  -36.429  10.256  44.832 0.1000000015
86670  -31.934  9.827  45.753 0.1000000015
87236  -33.376  10.431  43.941 0.1000000015
86684  -34.743  9.772  43.847 0.1000000015
125495  -35.974  9.940  44.225 0.1000000015
87239  -36.772  10.669  44.267 0.1000000015
87244  -35.425  9.842  43.622 0.1000000015
87246  -36.623  10.359  43.084 0.1000000015
106723  -37.150  10.979  43.711 0.2000000030
88359  -38.252  12.538  44.485 0.3000000119
88364  -37.712  11.758  43.851 0.3000000119
88365  -38.303  12.358  43.500 0.3000000119
117395  -39.942  4.245  52.545 0.2000000030
115855  -40.340  4.972  52.584 0.2000000030
118741  -41.057  4.946  52.622 0.2000000030
117396  -39.046  4.166  52.513 0.2000000030
115856  -39.487  4.964  52.533 0.2000000030
84045  -39.933  5.714  52.493 0.2000000030
87783  -30.986  11.699  46.107 0.1000000015
87793  -31.585  11.440  45.574 0.1000000015
87794  -32.138  11.069  45.063 0.1000000015
87242  -33.979  10.356  43.317 0.1000000015
121949  -35.229  9.888  42.645 0.1000000015
87249  -34.917  10.045  42.428 0.2000000030
87245  -35.939  9.949  42.565 0.2000000030
87806  -37.970  11.561  42.898 0.3000000119
87252  -36.775  10.120  41.929 0.2000000030
88372  -38.485  11.865  42.460 0.3000000119
123781  -39.711  1.927  52.501 0.1000000015
82399  -38.487  3.272  52.547 0.1000000015
83239  -38.169  4.151  52.502 0.1000000015
82400  -39.519  3.427  52.529 0.1000000015
84043  -38.098  5.524  52.475 0.1000000015
87782  -30.315  11.974  46.614 0.1000000015
116964  -29.645  12.320  47.110 0.1000000015
88361  -33.692  11.871  44.033 0.1000000015
123952  -34.669  11.295  42.679 0.2000000030
87804  -34.408  10.599  42.815 0.1000000015
87809  -35.077  10.522  42.125 0.2000000030
87251  -36.324  10.122  41.462 0.2000000030
87816  -36.241  10.487  41.096 0.2000000030
87256  -37.125  9.913  40.947 0.2000000030
111496  -38.928  1.727  52.628 0.2000000030
84791  -37.561  6.220  52.496 0.2000000030
85433  -37.906  7.648  52.371 0.2000000030
85434  -38.663  7.621  52.336 0.2000000030
88907  -30.824  13.410  46.622 0.1000000015
117182  -31.515  13.090  46.167 0.1000000015
120991  -32.019  12.790  45.691 0.1000000015
88349  -32.216  12.010  45.269 0.1000000015
89479  -31.500  14.814  46.433 0.2000000030
88919  -32.176  13.652  45.830 0.2000000030
114018  -33.069  13.866  45.339 0.2000000030
88362  -34.273  12.551  43.921 0.1000000015
88909  -31.981  14.393  46.139 0.2000000030
126651  -34.226  13.289  44.340 0.2000000030
88363  -34.819  12.263  43.286 0.2000000030
88938  -35.902  12.722  42.597 0.2000000030
88371  -36.115  11.762  41.709 0.2000000030
87821  -36.972  10.374  40.428 0.2000000030
117213  -36.927  12.580  41.467 0.2000000030
88377  -36.741  11.273  40.789 0.2000000030
83238  -37.245  4.217  52.624 0.1000000015
119525  -35.767  5.981  52.774 0.1000000015
121385  -37.142  5.232  52.591 0.2000000030
106375  -36.204  6.645  52.610 0.1000000015
85432  -36.724  7.222  52.493 0.1000000015
86612  -37.320  9.236  52.061 0.1000000015
89480  -32.171  15.019  46.143 0.2000000030
89493  -33.168  14.809  45.451 0.2000000030
89500  -33.756  14.436  44.989 0.2000000030
125369  -34.381  14.083  44.436 0.2000000030
88932  -35.410  12.975  43.217 0.2000000030
113512  -35.331  13.825  43.603 0.2000000030
89513  -36.520  14.432  42.527 0.2000000030
88939  -36.487  13.223  42.298 0.2000000030
88945  -37.610  13.173  41.033 0.2000000030
88953  -38.236  12.841  40.194 0.2000000030
86021  -35.592  8.204  52.549 0.1000000015
86611  -35.261  9.075  52.504 0.1000000015
86614  -36.705  9.817  51.936 0.1000000015
87726  -34.889  11.091  52.126 0.1000000015
87179  -36.115  10.334  51.880 0.1000000015
90671  -33.368  16.228  45.023 0.2000000030
90078  -33.749  15.360  45.005 0.2000000030
113513  -34.238  14.837  44.659 0.2000000030
113511  -34.735  14.798  44.201 0.2000000030
90079  -34.394  15.465  44.429 0.2000000030
89507  -35.367  14.689  43.646 0.2000000030
90103  -35.973  15.042  43.076 0.2000000030
90701  -35.742  16.076  42.862 0.2000000030
89527  -38.143  14.105  40.754 0.2000000030
90118  -36.848  15.800  41.880 0.2000000030
118949  -37.551  14.496  41.464 0.2000000030
90710  -36.755  16.586  41.597 0.2000000030
90713  -37.811  16.218  40.752 0.2000000030
90134  -38.510  14.851  40.299 0.2000000030
126504  -38.262  15.707  40.421 0.2000000030
90719  -39.412  16.093  39.283 0.2000000030
124799  -39.907  15.686  38.862 0.2000000030
90149  -39.567  15.073  39.194 0.2000000030
90723  -40.445  15.741  38.430 0.2000000030
86582  -35.265  9.774  56.686 0.1000000015
86594  -33.540  9.640  55.704 0.1000000015
88256  -35.637  12.194  56.142 0.1000000015
88258  -37.493  12.587  56.422 0.1000000015
89392  -38.839  14.316  56.406 0.1000000015
89969  -39.628  15.241  56.379 0.1000000015
107963  -41.078  16.732  56.540 0.1000000015
91862  -42.150  18.225  57.106 0.1000000015
86606  -33.802  8.710  53.209 0.1000000015
87170  -33.075  10.404  53.639 0.1000000015
88265  -33.720  12.002  55.272 0.1000000015
88267  -35.088  12.899  55.751 0.1000000015
89967  -38.173  14.774  56.282 0.1000000015
107175  -39.072  15.665  56.351 0.1000000015
122893  -40.058  17.383  56.580 0.1000000015
91861  -41.201  18.309  56.983 0.1000000015
92447  -42.817  19.428  57.427 0.1000000015
87173  -33.653  10.425  52.886 0.1000000015
121497  -33.017  12.257  53.785 0.1000000015
119796  -33.129  11.884  54.541 0.1000000015
87730  -34.413  11.734  52.182 0.1000000015
88285  -33.346  12.659  52.962 0.1000000015
87731  -35.202  11.719  51.809 0.1000000015
91294  -36.713  17.263  41.375 0.2000000030
91306  -37.686  17.574  40.646 0.1000000015
91307  -38.412  17.344  40.136 0.2000000030
126857  -37.878  16.889  40.529 0.2000000030
116991  -39.426  16.831  39.324 0.2000000030
91317  -39.809  17.413  39.243 0.2000000030
90724  -40.784  16.585  38.408 0.2000000030
90725  -41.373  16.549  38.031 0.2000000030
90165  -41.082  15.800  37.934 0.2000000030
88822  -36.469  13.850  56.024 0.1000000015
88813  -37.422  13.501  56.312 0.1000000015
88820  -34.573  13.581  55.358 0.1000000015
88821  -35.458  13.699  55.704 0.1000000015
90602  -38.207  15.718  56.185 0.1000000015
90591  -38.803  16.432  56.312 0.1000000015
92461  -40.221  19.402  56.692 0.1000000015
92445  -41.575  19.544  57.246 0.1000000015
88827  -33.561  13.684  54.324 0.1000000015
89398  -34.901  14.349  55.354 0.1000000015
114503  -35.909  15.208  55.552 0.1000000015
88286  -33.914  13.240  52.325 0.1000000015
119810  -33.272  13.171  53.654 0.1000000015
91983  -36.826  18.437  41.241 0.1000000015
91994  -37.470  18.309  40.863 0.1000000015
91295  -37.025  17.725  41.053 0.1000000015
91995  -38.178  18.247  40.448 0.1000000015
117858  -39.532  18.021  39.562 0.1000000015
91316  -39.134  17.411  39.618 0.1000000015
90720  -40.020  16.551  38.888 0.2000000030
91318  -40.525  17.383  38.832 0.2000000030
91327  -41.352  17.365  38.409 0.2000000030
91336  -42.700  17.254  37.709 0.2000000030
90730  -42.508  16.352  37.414 0.2000000030
90606  -34.878  16.452  54.714 0.1000000015
89976  -34.668  15.602  54.866 0.1000000015
89977  -35.562  15.933  55.281 0.1000000015
88843  -33.935  13.941  52.310 0.1000000015
116692  -33.481  14.569  53.320 0.1000000015
89403  -33.579  14.493  54.114 0.1000000015
120683  -37.321  18.906  41.128 0.1000000015
92004  -40.282  18.232  39.293 0.1000000015
92010  -40.992  18.030  38.868 0.1000000015
92011  -41.677  18.270  38.628 0.1000000015
91216  -35.105  17.285  54.570 0.1000000015
90599  -35.636  16.869  55.111 0.1000000015
92473  -36.036  19.383  54.615 0.1000000015
90000  -34.123  15.347  52.328 0.1000000015
91215  -34.707  17.649  53.924 0.1000000015
91873  -35.410  18.873  54.215 0.1000000015
93109  -36.072  20.365  54.311 0.1000000015
94404  -37.470  22.412  54.263 0.1000000015
94935  -39.665  23.649  54.329 0.1000000015
90003  -34.843  15.328  51.694 0.1000000015
94940  -37.762  23.638  52.979 0.1000000015
94946  -38.372  24.209  51.930 0.1000000015
95423  -39.284  24.652  52.163 0.1000000015
95430  -40.111  25.169  51.811 0.1000000015
95941  -41.295  25.857  51.830 0.1000000015
95446  -38.227  24.353  50.599 0.1000000015
95938  -38.434  25.296  50.637 0.1000000015
95437  -39.354  25.144  50.830 0.1000000015
92005  -41.114  18.848  39.142 0.1000000015
92019  -42.899  18.103  37.973 0.1000000015
91337  -43.448  17.598  37.533 0.1000000015
96432  -43.813  26.940  52.076 0.1000000015
97440  -43.892  28.083  52.584 0.1000000015
97439  -42.942  27.925  52.486 0.1000000015
97430  -41.984  28.672  52.936 0.1000000015
97429  -41.133  28.477  52.997 0.1000000015
96930  -41.245  27.717  52.460 0.1000000015
96936  -42.357  27.147  51.975 0.1000000015
91878  -34.919  18.404  53.688 0.1000000015
93113  -35.905  20.984  53.700 0.1000000015
93793  -36.205  21.586  53.389 0.1000000015
97417  -40.582  28.938  53.447 0.1000000015
93797  -36.221  21.656  52.623 0.1000000015
94949  -38.224  23.985  50.822 0.1000000015
96427  -38.792  25.905  50.975 0.1000000015
96927  -38.518  27.251  52.531 0.1000000015
94956  -37.410  23.459  50.440 0.1000000015
95945  -37.240  24.638  50.614 0.1000000015
122614  -37.073  25.860  51.558 0.1000000015
112865  -37.157  26.525  52.190 0.1000000015
97414  -36.255  28.013  53.553 0.1000000015
94424  -36.464  22.240  50.044 0.1000000015
94955  -36.398  23.082  50.273 0.1000000015
95937  -35.374  25.258  51.623 0.1000000015
95928  -35.693  25.797  51.951 0.1000000015
96924  -35.168  27.007  52.857 0.1000000015
97413  -35.519  28.112  53.717 0.1000000015
92012  -42.371  18.443  38.395 0.1000000015
92020  -43.754  18.502  37.755 0.1000000015
97419  -42.390  29.151  53.672 0.1000000015
97875  -42.284  30.109  54.293 0.1000000015
97373  -39.108  29.199  55.996 0.1000000015
97850  -39.534  30.384  56.998 0.1000000015
118119  -41.166  30.464  55.554 0.1000000015
97874  -41.794  30.880  55.226 0.1000000015
97901  -42.349  30.055  53.869 0.1000000015
98319  -41.082  31.167  56.008 0.1000000015
98363  -41.023  31.302  55.517 0.1000000015
97900  -41.648  30.206  53.905 0.1000000015
97899  -40.369  30.130  54.058 0.1000000015
96929  -40.337  27.764  52.642 0.1000000015
98339  -40.809  31.248  56.110 0.1000000015
98362  -40.217  31.205  55.589 0.1000000015
97889  -39.585  30.521  54.713 0.1000000015
97898  -39.186  29.611  54.036 0.1000000015
113201  -39.677  28.167  53.077 0.1000000015
96917  -38.874  28.010  53.133 0.1000000015
97398  -35.709  29.086  54.807 0.1000000015
97389  -34.896  29.123  55.097 0.1000000015
97415  -37.018  28.319  53.638 0.1000000015
97845  -33.828  29.685  56.045 0.1000000015
95444  -36.898  23.957  50.385 0.1000000015
95434  -34.859  24.609  51.257 0.1000000015
124049  -35.363  28.554  54.211 0.1000000015
97886  -34.040  29.096  54.867 0.1000000015
113279  -35.290  22.424  50.096 0.1000000015
95442  -34.306  24.003  50.815 0.1000000015
95433  -33.778  24.790  51.227 0.1000000015
95926  -33.824  26.158  52.129 0.1000000015
96923  -34.265  27.181  52.896 0.1000000015
97397  -34.765  28.758  54.524 0.1000000015
97869  -33.732  29.508  55.405 0.1000000015
98313  -33.330  30.297  56.253 0.1000000015
95440  -32.688  24.706  50.402 0.1000000015
93247  -41.324  20.339  39.456 0.1000000015
92605  -41.499  19.597  39.212 0.1000000015
92613  -42.072  19.119  38.782 0.1000000015
125536  -41.861  20.621  39.295 0.1000000015
92606  -42.123  20.075  39.048 0.1000000015
92615  -43.349  19.753  38.407 0.1000000015
92013  -42.986  18.975  38.302 0.1000000015
127346  -43.755  19.278  38.074 0.1000000015
93924  -45.104  20.816  37.912 0.1000000015
93267  -45.721  20.480  37.503 0.1000000015
125986  -40.213  31.012  57.153 0.1000000015
97839  -39.938  31.087  57.405 0.1000000015
98338  -39.909  31.241  56.445 0.1000000015
97872  -38.838  31.031  56.553 0.1000000015
127788  -37.897  30.400  55.819 0.1000000015
97401  -38.319  29.664  54.400 0.1000000015
97888  -37.577  29.841  55.003 0.1000000015
97887  -36.643  29.301  54.710 0.1000000015
97870  -35.547  29.412  55.648 0.1000000015
97846  -34.463  29.639  56.403 0.1000000015
97871  -36.742  29.711  55.549 0.1000000015
97847  -35.251  29.597  56.430 0.1000000015
98314  -34.011  29.882  56.796 0.1000000015
98312  -32.946  31.229  56.353 0.1000000015
95944  -32.548  25.359  50.676 0.1000000015
95934  -32.664  25.789  51.204 0.1000000015
96413  -33.301  26.741  52.250 0.1000000015
97410  -32.961  28.831  53.336 0.1000000015
97897  -33.254  29.125  54.068 0.1000000015
98361  -33.220  29.643  54.815 0.1000000015
98336  -32.895  30.767  55.576 0.1000000015
98788  -32.822  31.489  55.550 0.1000000015
97896  -32.680  29.472  53.331 0.1000000015
97885  -32.688  29.946  54.080 0.1000000015
98801  -32.731  31.270  54.883 0.1000000015
93246  -40.919  20.930  39.740 0.1000000015
121882  -40.946  21.509  39.797 0.1000000015
93899  -41.581  21.175  39.491 0.1000000015
93248  -42.439  20.931  39.124 0.1000000015
93900  -43.044  21.610  38.948 0.1000000015
114854  -42.883  22.252  39.161 0.1000000015
93912  -43.902  21.357  38.586 0.1000000015
93257  -43.648  20.486  38.471 0.1000000015
94520  -44.337  22.895  38.711 0.1000000015
93901  -43.622  22.326  38.865 0.1000000015
93913  -44.828  21.410  38.236 0.1000000015
93258  -44.424  20.671  38.217 0.1000000015
115498  -44.492  22.129  38.514 0.1000000015
95548  -50.261  25.171  38.147 0.3000000119
95557  -50.322  24.435  37.640 0.4000000060
95052  -45.495  23.907  38.463 0.1000000015
95062  -45.648  22.976  38.242 0.1000000015
94535  -45.272  22.140  38.226 0.1000000015
93925  -45.657  21.439  37.772 0.1000000015
96496  -49.964  27.151  39.973 0.3000000119
96025  -50.224  25.973  38.730 0.3000000119
112775  -50.788  25.188  37.466 0.2000000030
126976  -45.917  22.259  37.883 0.1000000015
97002  -50.127  27.638  39.520 0.3000000119
96507  -50.609  26.627  38.308 0.3000000119
96026  -50.735  25.869  37.963 0.3000000119
96041  -51.339  25.286  36.686 0.3000000119
97003  -50.415  27.411  38.609 0.3000000119
97019  -50.813  27.195  37.658 0.3000000119
96035  -51.399  26.122  36.588 0.3000000119
97508  -50.480  27.946  37.834 0.3000000119
97020  -51.272  27.062  36.444 0.3000000119
96527  -51.551  26.551  35.641 0.3000000119
119482  -48.154  25.125  36.768 0.2000000030
96548  -51.586  26.567  34.486 0.3000000119
96047  -49.376  26.058  35.366 0.2000000030
96547  -49.936  26.972  34.328 0.2000000030
96567  -50.753  26.905  33.514 0.3000000119
97823  -39.161  30.664  58.462 0.1000000015
98317  -39.704  31.195  57.235 0.1000000015
98316  -38.814  31.137  57.418 0.1000000015
98315  -37.571  30.628  57.417 0.1000000015
97837  -36.073  30.070  57.292 0.1000000015
97848  -36.411  29.906  56.446 0.1000000015
98774  -33.074  31.364  57.381 0.1000000015
99242  -32.881  32.098  56.768 0.1000000015
99248  -33.083  32.739  56.203 0.1000000015
96921  -32.608  27.909  52.265 0.1000000015
118905  -32.483  29.704  52.734 0.1000000015
98376  -32.510  30.223  53.256 0.1000000015
98815  -32.595  30.941  53.958 0.1000000015
99255  -32.905  32.023  55.098 0.1000000015
109003  -33.141  32.658  55.418 0.1000000015
95007  -40.963  23.375  42.620 0.2000000030
96970  -41.604  27.140  43.826 0.1000000015
117420  -41.405  22.106  39.677 0.1000000015
111446  -42.245  21.869  39.356 0.1000000015
96468  -44.097  26.329  42.725 0.1000000015
95989  -45.462  25.922  41.957 0.2000000030
95990  -46.366  25.775  41.552 0.2000000030
95515  -46.796  24.772  40.706 0.2000000030
96464  -44.367  27.206  43.464 0.1000000015
95982  -45.003  26.371  42.502 0.1000000015
119803  -46.801  25.333  41.080 0.2000000030
96470  -46.021  27.017  42.830 0.1000000015
96475  -46.389  26.560  42.169 0.2000000030
96476  -47.140  26.718  42.022 0.3000000119
96002  -47.542  25.398  40.698 0.4000000060
95531  -48.332  24.278  39.402 0.4000000060
95547  -49.559  24.265  38.318 0.4000000060
96471  -47.013  27.309  42.730 0.1000000015
96472  -47.709  27.476  42.495 0.2000000030
96483  -48.196  26.438  41.178 0.3000000119
96003  -48.592  25.856  40.375 0.4000000060
95532  -49.131  24.926  39.064 0.3000000119
95065  -49.886  23.729  37.696 0.4000000060
95042  -43.637  23.314  39.104 0.1000000015
110943  -44.891  24.046  38.683 0.1000000015
96478  -48.588  27.283  41.612 0.3000000119
96484  -49.023  26.910  41.020 0.3000000119
96014  -49.243  25.740  39.672 0.4000000060
96981  -48.305  27.878  42.281 0.2000000030
96983  -49.047  27.779  41.410 0.3000000119
96495  -49.414  26.589  40.230 0.3000000119
96015  -49.658  25.642  39.127 0.3000000119
97492  -48.759  28.124  41.740 0.3000000119
96991  -49.810  27.790  40.280 0.3000000119
97495  -49.789  28.187  39.805 0.3000000119
96040  -48.463  26.040  36.400 0.2000000030
97041  -51.199  27.975  35.499 0.3000000119
97060  -51.182  28.116  34.065 0.3000000119
96569  -51.227  27.383  33.703 0.3000000119
97061  -51.425  27.327  34.892 0.3000000119
97070  -50.848  27.992  33.569 0.3000000119
96568  -50.937  27.234  33.433 0.3000000119
99695  -33.347  33.481  56.319 0.1000000015
110873  -32.272  29.031  51.735 0.1000000015
97907  -32.371  29.624  52.075 0.1000000015
98829  -32.585  31.017  52.907 0.1000000015
98802  -32.863  31.899  54.282 0.1000000015
99256  -33.209  32.634  54.627 0.1000000015
99701  -33.651  33.786  55.612 0.1000000015
97916  -32.365  29.430  50.449 0.1000000015
98843  -32.661  31.010  51.999 0.1000000015
98830  -32.987  31.755  52.398 0.1000000015
110463  -33.285  32.578  53.780 0.1000000015
99710  -33.641  33.346  54.176 0.1000000015
106953  -33.488  33.282  55.047 0.1000000015
96954  -34.943  27.101  46.005 0.1000000015
96451  -36.972  26.845  45.080 0.1000000015
95966  -37.629  25.380  44.477 0.1000000015
96454  -37.627  26.339  44.635 0.1000000015
117470  -38.343  25.157  44.134 0.1000000015
95474  -40.213  24.780  43.264 0.2000000030
119576  -42.240  23.956  42.322 0.2000000030
117654  -44.110  23.255  41.506 0.3000000119
97478  -40.904  28.426  44.741 0.1000000015
96461  -41.887  26.322  43.403 0.1000000015
123400  -43.540  25.433  42.355 0.2000000030
95488  -43.816  24.707  41.896 0.2000000030
96964  -41.260  27.787  44.349 0.1000000015
116824  -42.636  27.191  43.708 0.1000000015
96462  -42.625  26.312  43.184 0.2000000030
95981  -44.417  25.582  42.157 0.1000000015
95988  -44.756  24.985  41.587 0.2000000030
95501  -46.091  24.748  41.071 0.2000000030
96463  -43.402  26.712  43.268 0.1000000015
96469  -45.134  27.074  43.139 0.1000000015
95530  -47.679  24.097  39.799 0.4000000060
95053  -48.871  23.427  38.500 0.4000000060
96971  -43.747  27.563  43.983 0.1000000015
96972  -44.761  27.860  44.377 0.1000000015
96973  -45.730  28.338  44.563 0.1000000015
96974  -46.480  28.330  44.159 0.1000000015
95544  -45.178  24.688  38.573 0.1000000015
97487  -47.052  28.180  43.593 0.1000000015
97488  -47.640  28.153  42.846 0.2000000030
97490  -47.433  28.625  42.111 0.3000000119
97494  -49.143  28.223  41.033 0.3000000119
96032  -46.915  25.427  37.623 0.1000000015
116181  -48.621  28.382  41.378 0.3000000119
97497  -48.597  28.657  40.484 0.3000000119
97498  -49.257  28.484  40.116 0.3000000119
96033  -47.660  25.688  37.158 0.2000000030
97991  -48.641  28.964  39.444 0.3000000119
97507  -50.044  28.248  38.760 0.3000000119
97531  -50.171  28.736  37.669 0.3000000119
96526  -48.315  26.894  36.339 0.2000000030
96546  -49.054  26.887  35.528 0.2000000030
97564  -50.675  28.595  33.872 0.3000000119
99236  -32.980  32.985  57.180 0.1000000015
99690  -33.033  33.637  57.987 0.1000000015
100148  -33.462  34.100  57.029 0.1000000015
100153  -33.702  34.157  56.211 0.1000000015
100161  -34.231  34.525  55.666 0.1000000015
98402  -32.584  30.191  50.808 0.1000000015
98857  -32.841  30.919  51.150 0.1000000015
99266  -33.421  32.604  52.806 0.1000000015
119216  -33.683  33.216  53.409 0.1000000015
123792  -33.917  33.561  53.697 0.1000000015
99702  -34.033  34.089  54.784 0.1000000015
97921  -33.050  29.787  49.266 0.1000000015
98407  -33.371  30.504  49.533 0.1000000015
98844  -33.182  31.619  51.503 0.1000000015
99716  -33.888  33.294  52.791 0.1000000015
99717  -34.236  33.765  53.242 0.1000000015
100169  -34.629  34.480  54.256 0.1000000015
96955  -35.563  27.207  45.715 0.1000000015
120990  -35.328  28.335  46.176 0.1000000015
96956  -36.344  27.409  45.471 0.1000000015
97466  -36.533  28.217  45.621 0.1000000015
96957  -37.176  27.693  45.281 0.1000000015
127977  -38.250  26.677  44.542 0.1000000015
95968  -39.275  25.980  43.993 0.1000000015
95973  -40.545  25.518  43.414 0.2000000030
95487  -42.987  24.112  42.021 0.2000000030
96961  -38.582  27.327  44.635 0.1000000015
96455  -38.940  26.609  44.365 0.1000000015
96459  -40.027  26.109  43.760 0.1000000015
95978  -41.664  25.041  42.746 0.2000000030
95486  -42.362  24.742  42.461 0.2000000030
95498  -43.692  23.899  41.662 0.3000000119
97468  -38.855  28.859  45.249 0.1000000015
97477  -40.028  28.219  44.712 0.1000000015
96963  -40.433  27.577  44.376 0.1000000015
96460  -40.904  26.367  43.617 0.1000000015
95979  -42.240  25.599  42.861 0.2000000030
95980  -43.107  24.847  42.260 0.2000000030
95499  -44.417  24.106  41.514 0.3000000119
95043  -47.785  23.483  39.474 0.4000000060
97469  -39.835  28.942  45.179 0.1000000015
97942  -41.028  29.854  45.856 0.1000000015
96965  -42.202  27.965  44.384 0.1000000015
97470  -41.538  29.340  45.416 0.1000000015
97479  -41.873  28.676  44.928 0.1000000015
97471  -42.639  29.678  45.711 0.1000000015
97472  -43.658  29.838  45.875 0.1000000015
96967  -44.252  28.372  44.750 0.1000000015
96968  -45.059  28.547  44.911 0.1000000015
97485  -46.008  28.862  44.669 0.1000000015
97473  -44.307  29.518  45.472 0.1000000015
97486  -46.451  28.630  44.032 0.1000000015
97959  -45.791  29.132  44.267 0.1000000015
97966  -46.029  28.966  43.328 0.1000000015
96022  -44.789  25.498  38.677 0.1000000015
96023  -45.542  25.398  38.404 0.1000000015
111047  -46.824  28.579  42.979 0.1000000015
97974  -46.435  28.917  41.742 0.1000000015
96503  -44.347  26.397  38.631 0.1000000015
96504  -45.194  26.242  38.379 0.1000000015
97982  -46.610  28.954  40.836 0.3000000119
96505  -45.845  25.945  38.179 0.1000000015
96514  -47.058  26.304  37.459 0.1000000015
97983  -47.804  28.746  40.978 0.3000000119
97990  -47.782  29.112  39.678 0.3000000119
97506  -49.377  28.691  39.157 0.3000000119
96525  -47.717  26.575  36.920 0.2000000030
97997  -48.847  29.377  38.561 0.3000000119
97018  -47.103  27.119  37.223 0.2000000030
98019  -49.889  29.661  37.134 0.3000000119
97040  -48.544  27.585  35.726 0.1000000015
112541  -48.884  28.419  34.945 0.2000000030
97563  -49.914  28.758  33.780 0.2000000030
124470  -50.487  28.385  33.725 0.3000000119
97562  -49.024  29.275  34.398 0.1000000015
97573  -49.731  29.506  33.874 0.3000000119
98058  -50.150  29.084  33.861 0.3000000119
100149  -34.101  35.079  57.304 0.1000000015
100551  -34.915  35.382  55.926 0.1000000015
100560  -34.948  35.029  54.948 0.1000000015
97457  -33.714  28.960  47.579 0.1000000015
98411  -33.685  30.231  48.727 0.1000000015
98866  -33.685  31.253  49.840 0.1000000015
99288  -33.717  32.179  50.962 0.1000000015
118517  -33.913  33.085  52.107 0.1000000015
100174  -34.743  34.409  53.584 0.1000000015
112364  -34.387  28.795  46.935 0.1000000015
98417  -34.806  30.221  47.646 0.1000000015
98867  -34.353  31.633  49.428 0.1000000015
97932  -35.155  29.022  46.562 0.1000000015
97930  -35.332  29.842  47.020 0.1000000015
97467  -37.350  28.510  45.478 0.1000000015
97939  -36.744  29.004  45.862 0.1000000015
97940  -37.625  29.260  45.738 0.1000000015
113736  -38.581  29.468  45.676 0.1000000015
97935  -38.147  29.959  46.115 0.1000000015
97941  -39.733  29.669  45.714 0.1000000015
97943  -42.383  30.390  46.226 0.1000000015
97944  -43.227  30.578  46.258 0.1000000015
97945  -43.611  30.453  46.067 0.1000000015
114449  -44.962  29.564  45.015 0.1000000015
97949  -44.020  30.196  45.488 0.1000000015
97957  -44.438  29.805  44.815 0.1000000015
97958  -45.012  29.465  44.372 0.1000000015
97965  -44.942  29.224  42.979 0.1000000015
97973  -45.563  29.074  41.989 0.2000000030
97001  -45.169  26.997  38.178 0.1000000015
97981  -45.578  29.106  40.763 0.2000000030
97980  -44.607  29.286  40.744 0.2000000030
97016  -45.749  27.441  37.710 0.1000000015
124535  -46.505  27.515  37.382 0.1000000015
97989  -46.805  29.225  39.777 0.2000000030
97996  -47.984  29.576  38.758 0.3000000119
97530  -46.171  28.138  37.278 0.1000000015
97038  -47.029  27.964  36.824 0.1000000015
97039  -47.753  27.391  36.570 0.1000000015
97995  -47.049  29.715  38.862 0.3000000119
97998  -49.584  29.087  38.205 0.3000000119
97549  -47.298  28.687  36.283 0.1000000015
97550  -47.949  28.266  35.943 0.1000000015
125875  -49.442  30.391  37.132 0.3000000119
126389  -48.414  28.765  35.244 0.1000000015
98046  -50.407  29.459  34.385 0.3000000119
98538  -49.405  30.649  33.928 0.3000000119
98539  -49.673  30.714  34.089 0.3000000119
100154  -34.197  34.800  56.482 0.1000000015
100561  -35.905  35.775  54.585 0.1000000015
99302  -34.359  32.596  50.482 0.1000000015
99745  -34.702  33.276  50.787 0.1000000015
99723  -34.389  33.679  52.423 0.1000000015
100170  -35.261  35.033  54.048 0.1000000015
99326  -35.716  32.243  48.746 0.1000000015
99316  -34.653  32.324  49.728 0.1000000015
99303  -34.947  33.031  50.005 0.1000000015
99733  -34.513  33.497  51.612 0.1000000015
100187  -34.956  34.149  51.985 0.1000000015
100175  -35.420  34.912  53.255 0.1000000015
98424  -35.961  30.181  46.958 0.1000000015
98419  -36.284  30.692  47.304 0.1000000015
97934  -37.122  29.738  46.221 0.1000000015
98426  -37.631  30.437  46.581 0.1000000015
98427  -38.831  30.639  46.583 0.1000000015
98433  -39.403  30.213  46.183 0.1000000015
98885  -39.544  31.244  47.092 0.1000000015
98434  -41.034  30.676  46.485 0.1000000015
98428  -40.367  30.932  46.767 0.1000000015
117750  -42.240  30.991  46.677 0.1000000015
98436  -42.938  30.998  46.517 0.1000000015
98437  -43.247  30.842  46.300 0.1000000015
98443  -43.157  30.460  45.446 0.1000000015
97956  -43.479  29.878  44.320 0.1000000015
97964  -44.045  29.499  43.505 0.1000000015
97972  -44.445  29.258  41.628 0.1000000015
97987  -44.818  29.534  39.858 0.2000000030
97988  -45.792  29.369  39.781 0.2000000030
98472  -46.092  29.892  38.943 0.2000000030
97548  -46.562  28.712  36.701 0.1000000015
98477  -46.536  30.610  38.350 0.2000000030
98479  -48.373  30.161  38.090 0.3000000119
98034  -47.048  29.340  36.033 0.1000000015
97561  -47.968  29.154  35.445 0.1000000015
98495  -48.005  30.984  37.661 0.3000000119
98496  -48.833  30.691  37.454 0.3000000119
98045  -48.536  29.808  34.532 0.1000000015
98056  -49.334  30.046  34.028 0.1000000015
98509  -49.864  30.477  36.173 0.3000000119
99027  -49.445  31.044  33.943 0.2000000030
119901  -50.044  30.501  34.693 0.3000000119
100540  -34.866  35.659  56.784 0.1000000015
100541  -35.706  36.228  56.337 0.1000000015
100181  -35.515  34.762  52.440 0.1000000015
100567  -36.047  35.638  53.747 0.1000000015
99318  -36.060  32.932  49.034 0.1000000015
99746  -35.365  33.651  50.377 0.1000000015
99734  -35.136  33.911  51.169 0.1000000015
98874  -36.164  31.765  48.218 0.1000000015
99327  -36.510  32.431  48.520 0.1000000015
98425  -36.668  30.263  46.723 0.1000000015
98878  -36.629  31.326  47.657 0.1000000015
98420  -37.117  30.895  47.098 0.1000000015
99337  -37.901  32.067  47.886 0.1000000015
98880  -38.628  31.646  47.457 0.1000000015
98881  -39.936  31.784  47.530 0.1000000015
98429  -41.764  31.333  46.946 0.1000000015
98886  -41.280  31.576  47.232 0.1000000015
98435  -42.099  31.318  46.735 0.1000000015
98441  -42.407  31.256  46.581 0.1000000015
98442  -42.833  31.159  46.018 0.1000000015
98449  -41.801  30.443  44.498 0.1000000015
98450  -42.272  29.952  43.646 0.1000000015
97963  -42.840  29.587  42.793 0.1000000015
97979  -43.715  29.466  40.832 0.1000000015
98470  -44.284  30.408  39.319 0.2000000030
98471  -45.172  30.134  39.096 0.2000000030
98965  -47.096  31.271  37.834 0.2000000030
98984  -47.807  31.886  37.344 0.2000000030
98497  -49.327  31.060  36.640 0.3000000119
98994  -49.652  31.176  35.462 0.3000000119
99011  -49.647  31.153  34.414 0.3000000119
100863  -35.551  36.800  57.871 0.1000000015
100889  -36.596  36.617  55.089 0.1000000015
100197  -35.771  34.348  50.769 0.1000000015
107386  -35.666  33.341  49.660 0.1000000015
100188  -35.610  34.580  51.604 0.1000000015
100208  -36.818  34.370  49.726 0.1000000015
98875  -37.000  31.928  48.041 0.1000000015
99777  -36.899  33.131  48.761 0.1000000015
111113  -37.332  33.836  49.104 0.1000000015
99778  -37.932  33.194  48.529 0.1000000015
124343  -38.180  32.543  48.181 0.1000000015
99338  -38.876  32.186  47.835 0.1000000015
116374  -38.988  32.757  48.256 0.1000000015
99339  -39.862  32.263  47.868 0.1000000015
113644  -41.988  31.736  47.100 0.1000000015
115619  -41.273  32.054  47.725 0.1000000015
98895  -42.058  31.473  46.783 0.1000000015
110945  -45.704  32.513  38.115 0.2000000030
98982  -46.259  32.577  37.821 0.2000000030
98476  -45.601  30.831  38.490 0.2000000030
98964  -46.163  31.668  38.045 0.2000000030
99443  -47.679  32.859  37.077 0.2000000030
115759  -48.663  31.523  37.026 0.3000000119
98985  -49.205  31.827  36.011 0.2000000030
99444  -48.517  32.405  36.495 0.3000000119
98993  -49.390  31.798  34.835 0.1000000015
100882  -36.476  36.770  55.949 0.1000000015
100189  -36.282  35.043  51.278 0.1000000015
100575  -36.148  35.468  52.942 0.1000000015
99747  -36.026  34.056  49.995 0.1000000015
100198  -36.493  34.735  50.472 0.1000000015
99424  -45.908  33.468  38.005 0.2000000030
99442  -46.777  33.190  37.519 0.2000000030
99902  -47.421  33.862  36.938 0.2000000030
99460  -48.967  32.565  35.260 0.1000000015
99470  -48.617  33.337  34.545 0.1000000015
108272  -48.431  32.994  33.899 0.1000000015
99900  -45.739  34.429  37.878 0.1000000015
100295  -46.266  34.916  37.217 0.1000000015
100307  -46.740  35.211  36.260 0.1000000015
100308  -47.521  34.956  35.679 0.1000000015
99927  -48.179  34.337  35.087 0.1000000015
99938  -48.207  34.318  33.930 0.1000000015
100305  -45.061  34.841  36.826 0.1000000015
100316  -44.428  34.511  36.026 0.1000000015
100320  -47.840  35.122  34.483 0.1000000015
75259  -50.274  -5.554  56.608 0.1000000015
88358  -37.859  12.077  44.853 0.1000000015
87805  -37.368  10.796  42.694 0.2000000030
87811  -37.387  10.299  41.625 0.2000000030
113510  -39.115  14.410  39.591 0.2000000030
87255  -36.776  9.993  40.732 0.2000000030
124541  -37.443  11.084  40.046 0.2000000030
88384  -37.709  12.051  40.226 0.2000000030
87732  -35.835  11.085  51.758 0.1000000015
95008  -41.800  23.337  42.425 0.3000000119
88290  -34.735  12.959  51.781 0.1000000015
88847  -34.416  13.678  51.919 0.1000000015
84046  -40.795  5.590  52.509 0.2000000030
94996  -40.136  23.349  43.022 0.2000000030
90609  -34.077  16.573  53.480 0.1000000015
89991  -33.800  15.895  53.425 0.1000000015
95473  -39.428  24.567  43.506 0.2000000030
92472  -35.461  19.664  53.927 0.1000000015
93808  -37.091  21.656  50.023 0.1000000015
93809  -37.424  22.124  50.591 0.1000000015
94431  -34.348  22.186  49.767 0.1000000015
94413  -37.155  23.023  52.414 0.1000000015
94410  -37.139  22.814  53.417 0.1000000015
94425  -37.207  22.645  50.263 0.1000000015
94953  -33.720  23.390  50.336 0.1000000015
123746  -33.763  22.766  49.917 0.1000000015
97461  -34.690  28.263  46.498 0.1000000015
96449  -36.095  26.464  45.398 0.1000000015
95445  -37.744  24.126  50.437 0.1000000015
97925  -33.355  29.434  48.472 0.1000000015
96933  -32.272  27.585  51.455 0.1000000015
98406  -32.757  30.041  49.996 0.1000000015
96412  -32.720  27.071  52.005 0.1000000015
108291  -37.240  7.659  52.402 0.1000000015
86064  -34.439  8.319  47.264 0.1000000015
86065  -35.161  8.361  47.217 0.1000000015
86066  -36.012  8.389  47.271 0.1000000015
86672  -34.807  9.442  45.135 0.1000000015
87801  -37.390  11.414  44.660 0.1000000015
83240  -41.603  4.484  52.703 0.2000000030
105860  -32.783  9.341  45.920 0.1000000015
86678  -33.689  9.771  44.427 0.1000000015
87229  -32.319  10.322  45.094 0.1000000015
112382  -32.944  10.024  44.645 0.1000000015
87237  -34.100  9.951  43.769 0.1000000015
86679  -34.437  9.636  44.417 0.1000000015
87228  -31.659  10.644  45.499 0.1000000015
87799  -32.707  10.707  44.538 0.1000000015
88348  -31.535  12.255  45.860 0.1000000015
127319  -32.618  11.412  44.724 0.1000000015
87800  -33.105  11.227  44.154 0.1000000015
87803  -33.668  10.986  43.451 0.1000000015
87250  -35.473  10.026  42.074 0.2000000030
124847  -37.686  3.555  52.629 0.1000000015
88339  -30.914  12.531  46.386 0.1000000015
88338  -30.253  12.815  46.876 0.1000000015
88355  -33.065  12.185  44.740 0.1000000015
88370  -35.318  11.734  42.419 0.2000000030
118530  -34.211  11.575  43.318 0.2000000030
107186  -35.565  10.822  41.651 0.2000000030
87810  -35.673  10.273  41.587 0.2000000030
84790  -36.922  6.632  52.527 0.1000000015
88908  -31.450  13.967  46.338 0.2000000030
88350  -32.659  12.932  45.340 0.1000000015
89492  -32.537  14.483  45.783 0.2000000030
88356  -33.299  13.077  44.995 0.2000000030
88931  -34.810  13.332  43.873 0.2000000030
88925  -33.761  13.605  44.786 0.2000000030
84789  -35.337  6.691  52.840 0.1000000015
106574  -36.391  8.934  52.325 0.1000000015
90065  -33.014  15.585  45.464 0.2000000030
115517  -35.913  13.853  43.052 0.2000000030
88944  -37.094  13.833  41.907 0.2000000030
89518  -37.009  14.933  42.045 0.2000000030
86020  -34.611  8.467  52.788 0.1000000015
85430  -34.818  7.527  52.893 0.1000000015
106056  -34.876  9.809  52.420 0.1000000015
87174  -34.474  10.462  52.437 0.1000000015
90680  -34.011  16.138  44.569 0.2000000030
90089  -34.944  15.482  43.890 0.2000000030
90692  -35.107  16.221  43.505 0.2000000030
90090  -35.453  15.518  43.426 0.2000000030
90104  -36.424  15.472  42.472 0.2000000030
90702  -36.305  16.346  42.210 0.2000000030
115769  -37.292  16.899  41.022 0.2000000030
114556  -37.335  16.040  41.342 0.2000000030
90119  -37.330  15.345  41.584 0.2000000030
90133  -37.876  15.289  40.998 0.2000000030
90714  -38.337  16.417  40.218 0.2000000030
90148  -38.841  15.628  39.792 0.2000000030
87150  -35.741  10.590  56.565 0.1000000015
86583  -36.314  9.838  57.002 0.1000000015
87149  -34.739  10.534  56.284 0.1000000015
86581  -34.314  9.753  56.305 0.1000000015
87702  -34.202  11.258  55.797 0.1000000015
87713  -33.233  11.078  55.076 0.1000000015
87157  -33.201  10.207  55.201 0.1000000015
88268  -35.990  13.014  56.074 0.1000000015
87703  -34.684  12.084  55.764 0.1000000015
87695  -36.307  11.424  56.455 0.1000000015
88257  -36.553  12.354  56.335 0.1000000015
109187  -38.161  13.979  56.365 0.1000000015
89393  -39.517  14.557  56.404 0.1000000015
124904  -38.749  13.678  56.442 0.1000000015
108202  -40.267  16.798  56.506 0.1000000015
90592  -39.736  16.049  56.392 0.1000000015
91202  -41.570  17.463  56.752 0.1000000015
91201  -40.629  17.608  56.692 0.1000000015
91203  -42.444  17.293  56.705 0.1000000015
93073  -42.252  19.869  57.381 0.1000000015
86610  -34.326  9.256  52.759 0.1000000015
107672  -33.255  8.912  53.733 0.1000000015
87724  -33.266  11.150  53.148 0.1000000015
87722  -32.833  11.288  53.962 0.1000000015
88275  -33.917  13.429  54.940 0.1000000015
88823  -37.362  14.361  56.182 0.1000000015
91200  -39.473  17.143  56.443 0.1000000015
91860  -40.405  18.546  56.776 0.1000000015
115133  -33.605  11.829  52.693 0.1000000015
127757  -34.074  12.444  52.263 0.1000000015
92002  -38.914  18.164  39.964 0.1000000015
89400  -36.557  14.806  55.842 0.1000000015
93089  -41.568  20.296  57.085 0.1000000015
88828  -34.095  14.235  54.835 0.1000000015
108424  -35.197  15.097  55.316 0.1000000015
89983  -34.056  15.093  54.475 0.1000000015
91874  -35.965  18.506  54.850 0.1000000015
93789  -36.408  21.282  54.168 0.1000000015
94411  -37.777  23.101  53.902 0.1000000015
94943  -40.203  24.294  53.922 0.1000000015
94942  -39.362  24.234  53.457 0.1000000015
95424  -40.055  24.798  52.971 0.1000000015
95436  -38.910  24.609  50.928 0.1000000015
94941  -38.571  24.180  52.994 0.1000000015
95429  -39.605  25.005  51.165 0.1000000015
111207  -39.643  25.727  50.940 0.1000000015
111091  -40.331  25.862  51.168 0.1000000015
95919  -40.842  25.327  52.562 0.1000000015
95931  -42.134  26.221  52.140 0.1000000015
96935  -41.481  26.980  51.836 0.1000000015
96934  -40.674  26.979  51.830 0.1000000015
115321  -37.560  25.321  50.846 0.1000000015
96426  -37.867  25.923  51.277 0.1000000015
97420  -43.314  28.674  53.104 0.1000000015
110988  -42.714  28.811  53.346 0.1000000015
96417  -39.239  26.592  51.679 0.1000000015
96416  -38.195  26.553  51.875 0.1000000015
96928  -39.396  27.426  52.539 0.1000000015
96428  -40.154  26.356  51.384 0.1000000015
96916  -37.870  27.915  53.212 0.1000000015
96926  -37.701  27.119  52.595 0.1000000015
95435  -36.112  24.589  50.983 0.1000000015
115331  -36.497  25.363  51.386 0.1000000015
95929  -36.336  26.125  52.036 0.1000000015
96915  -36.857  27.408  53.053 0.1000000015
96925  -36.133  26.801  52.647 0.1000000015
96914  -35.788  27.484  53.235 0.1000000015
97399  -36.221  28.646  54.124 0.1000000015
94954  -34.904  23.226  50.434 0.1000000015
95443  -35.624  23.884  50.669 0.1000000015
95936  -34.288  25.394  51.673 0.1000000015
95927  -34.819  25.902  52.115 0.1000000015
96414  -34.540  26.561  52.521 0.1000000015
97412  -34.592  28.260  53.858 0.1000000015
96879  -38.909  28.193  55.279 0.1000000015
111473  -37.744  28.766  53.785 0.1000000015
95441  -33.323  24.281  50.682 0.1000000015
95935  -33.361  25.577  51.541 0.1000000015
96425  -32.965  26.305  51.797 0.1000000015
96912  -33.910  27.794  53.309 0.1000000015
97411  -33.602  28.449  53.660 0.1000000015
96911  -33.054  28.191  53.010 0.1000000015
97428  -32.522  28.896  52.539 0.1000000015
96506  -50.253  26.883  39.152 0.3000000119
96485  -49.512  27.427  40.678 0.3000000119
96034  -51.084  25.787  37.291 0.3000000119
115083  -50.891  27.833  36.846 0.3000000119
97059  -50.516  27.853  33.613 0.3000000119
98304  -37.447  30.794  58.472 0.1000000015
98389  -32.485  30.304  52.438 0.1000000015
95485  -41.489  24.238  42.566 0.2000000030
95517  -47.998  24.854  40.020 0.4000000060
110062  -48.655  25.139  39.673 0.4000000060
124718  -50.560  28.416  37.074 0.3000000119
97532  -50.800  28.536  36.076 0.3000000119
98036  -50.611  29.140  35.472 0.3000000119
97911  -32.328  29.548  51.291 0.1000000015
95972  -39.735  25.387  43.596 0.1000000015
95974  -41.368  25.603  43.186 0.2000000030
97480  -42.941  28.868  45.232 0.1000000015
98035  -50.327  29.781  35.712 0.3000000119
98403  -33.100  30.750  50.338 0.1000000015
113596  -33.510  32.377  51.830 0.1000000015
98408  -34.017  30.957  49.069 0.1000000015
98858  -33.409  31.469  50.654 0.1000000015
97462  -35.925  28.688  46.033 0.1000000015
97929  -34.559  29.469  47.251 0.1000000015
111729  -38.065  28.822  45.422 0.1000000015
96962  -39.534  27.302  44.426 0.1000000015
97476  -39.108  28.137  44.788 0.1000000015
96457  -40.200  26.823  44.032 0.1000000015
98020  -50.406  29.052  36.585 0.3000000119
98018  -49.153  29.895  37.799 0.3000000119
97926  -34.060  29.856  47.957 0.1000000015
98412  -34.401  30.585  48.358 0.1000000015
98413  -35.116  30.876  48.086 0.1000000015
98872  -34.697  31.292  48.716 0.1000000015
98868  -35.000  31.982  49.039 0.1000000015
98884  -38.176  31.065  47.023 0.1000000015
98466  -43.888  29.779  39.956 0.1000000015
98478  -47.473  30.386  38.236 0.3000000119
99317  -35.327  32.654  49.358 0.1000000015
99759  -36.437  33.616  49.369 0.1000000015
98475  -44.698  31.072  38.701 0.2000000030
98983  -46.923  32.211  37.609 0.2000000030
100199  -37.270  35.142  50.233 0.1000000015
99760  -38.441  33.955  48.916 0.1000000015
99330  -41.585  32.510  48.188 0.1000000015
99901  -46.560  34.205  37.494 0.2000000030
99915  -47.086  34.700  36.751 0.1000000015
99459  -48.293  33.450  35.944 0.1000000015
100294  -45.452  34.766  37.466 0.1000000015
83311  -43.332  5.249  45.418 0.1000000015
80857  -42.681  1.502  52.513 0.1000000015
125613  -39.465  1.265  52.624 0.1000000015
120607  -41.529  0.772  52.496 0.1000000015
80858  -43.553  1.557  52.580 0.1000000015
81586  -40.888  2.864  52.529 0.1000000015
81588  -43.079  2.320  52.670 0.1000000015
81572  -44.469  3.338  53.386 0.1000000015
84047  -41.718  5.341  52.608 0.1000000015
80853  -38.172  1.423  52.982 0.1000000015
81570  -36.765  1.614  53.605 0.1000000015
81585  -40.035  2.730  52.464 0.1000000015
82404  -43.053  3.931  53.048 0.1000000015
82403  -42.143  3.826  52.796 0.1000000015
81587  -41.746  2.986  52.601 0.1000000015
114696  -40.189  1.239  52.547 0.1000000015
80856  -41.844  1.447  52.462 0.1000000015
115847  -42.216  2.247  52.544 0.1000000015
115849  -40.527  2.043  52.468 0.1000000015
79423  -49.117  -0.872  46.880 0.1000000015
108486  -49.124  -0.574  46.031 0.1000000015
78610  -47.563  -1.117  45.867 0.1000000015
79415  -49.696  -0.437  47.348 0.1000000015
79416  -50.302  -0.019  46.925 0.1000000015
79433  -48.327  -0.472  45.276 0.1000000015
79424  -49.702  -0.365  46.540 0.1000000015
79442  -47.569  -0.258  44.495 0.1000000015
80166  -50.937  0.396  47.288 0.1000000015
80203  -46.915  0.175  43.305 0.1000000015
117249  -49.695  -0.199  45.902 0.1000000015
80191  -48.233  0.070  44.386 0.1000000015
79434  -49.300  -0.080  45.342 0.1000000015
79425  -50.232  0.052  46.171 0.1000000015
80204  -47.693  0.285  43.739 0.1000000015
80174  -50.854  0.393  46.469 0.1000000015
80192  -48.915  0.219  44.621 0.1000000015
80212  -48.042  0.796  43.243 0.1000000015
80205  -48.600  0.616  43.804 0.1000000015
80193  -49.683  0.468  44.773 0.1000000015
80194  -50.451  0.704  44.955 0.1000000015
80211  -47.411  0.643  42.934 0.1000000015
80937  -48.552  1.117  43.134 0.1000000015
80206  -49.332  0.706  44.138 0.1000000015
111604  -50.908  1.201  44.500 0.1000000015
80217  -47.305  0.755  42.185 0.1000000015
80947  -48.000  1.144  42.490 0.1000000015
105925  -52.048  1.425  44.928 0.1000000015
80955  -48.434  1.598  41.582 0.1000000015
80928  -52.393  1.918  44.130 0.1000000015
80929  -53.019  1.849  44.842 0.1000000015
80920  -53.667  1.916  45.520 0.1000000015
80948  -49.289  1.978  41.866 0.1000000015
81687  -49.979  2.181  42.007 0.1000000015
81688  -50.689  2.449  41.575 0.1000000015
81690  -52.409  2.693  42.190 0.1000000015
81691  -53.513  2.881  42.521 0.1000000015
81692  -54.615  3.129  42.921 0.1000000015
81682  -55.190  3.205  43.717 0.1000000015
82526  -54.588  3.362  41.826 0.1000000015
80938  -49.332  1.236  43.407 0.1000000015
80926  -50.108  1.043  44.122 0.1000000015
106499  -50.768  1.501  43.863 0.1000000015
111089  -48.869  1.525  42.549 0.1000000015
106098  -49.696  1.792  42.631 0.1000000015
80940  -51.141  1.957  43.243 0.1000000015
80927  -51.498  1.616  44.128 0.1000000015
80949  -50.497  2.110  42.542 0.1000000015
81671  -53.937  2.270  44.731 0.1000000015
81680  -51.866  2.296  42.918 0.1000000015
81681  -52.675  2.404  43.254 0.1000000015
120047  -55.200  2.701  45.372 0.1000000015
81689  -51.354  2.406  42.335 0.1000000015
115234  -54.234  2.706  43.914 0.1000000015
81672  -54.927  2.803  44.658 0.1000000015
109383  -50.278  0.020  47.761 0.1000000015
81663  -54.506  2.354  45.384 0.1000000015
82517  -55.599  3.549  42.950 0.1000000015
80941  -51.897  2.024  43.535 0.1000000015
81670  -53.292  2.284  44.049 0.1000000015
125643  -53.624  2.666  43.345 0.1000000015
82527  -55.638  3.668  42.110 0.1000000015
80939  -50.245  1.626  43.315 0.1000000015
91288  -36.191  17.212  41.877 0.1000000015
90049  -30.910  15.430  46.642 0.1000000015
90050  -31.681  15.616  46.265 0.1000000015
90064  -32.362  15.672  45.857 0.1000000015
112834  -33.686  16.874  44.523 0.1000000015
90681  -34.551  16.166  44.058 0.1000000015
111848  -35.791  16.846  42.435 0.1000000015
98469  -43.456  30.699  39.607 0.1000000015
99423  -45.016  33.098  38.466 0.1000000015
110232  -45.251  31.851  38.361 0.1000000015
98951  -43.911  31.410  39.077 0.1000000015
98963  -44.437  32.167  38.711 0.1000000015
99881  -44.573  33.996  38.608 0.1000000015
99882  -45.249  34.025  38.334 0.1000000015
98962  -43.027  31.964  39.517 0.1000000015
99406  -42.698  33.215  39.669 0.1000000015
122154  -43.782  32.436  39.087 0.1000000015
99422  -44.146  33.313  38.885 0.1000000015
122749  -43.796  34.033  38.967 0.1000000015
99861  -43.071  33.778  39.227 0.1000000015
126345  -43.220  34.052  38.796 0.1000000015
99880  -42.520  33.811  38.781 0.1000000015
99407  -43.410  33.311  39.266 0.1000000015
77756  -46.668  -2.710  54.149 0.1000000015
77786  -47.524  -3.075  50.299 0.1000000015
79351  -54.043  -1.066  55.951 0.3000000119
79369  -48.969  -0.429  53.736 0.1000000015
79379  -44.120  -0.545  52.568 0.1000000015
80128  -44.484  0.170  52.501 0.2000000030
80845  -38.199  0.665  53.331 0.1000000015
80855  -41.030  1.334  52.477 0.1000000015
81584  -39.156  2.556  52.545 0.1000000015
81619  -49.045  2.577  49.550 0.8999999762
81620  -50.525  2.624  49.319 0.8000000119
82376  -54.243  4.366  54.305 0.6000000238
82386  -47.208  5.113  55.140 0.8000000119
82393  -54.542  4.342  53.643 0.6999999881
82444  -56.470  4.764  49.063 0.3000000119
82496  -47.610  3.546  45.888 0.6999999881
83249  -55.287  4.723  51.534 0.5000000000
83257  -55.586  4.728  50.917 0.5000000000
84095  -45.796  5.123  47.801 0.8000000119
84106  -56.439  5.434  46.371 0.2000000030
84792  -38.259  6.900  52.438 0.3000000119
84886  -54.219  7.819  42.440 0.1000000015
84896  -53.009  7.554  41.737 0.1000000015
85431  -35.875  7.365  52.602 0.1000000015
85436  -40.281  7.742  52.107 0.3000000119
85437  -40.965  7.125  52.156 0.3000000119
85525  -49.234  8.708  41.010 0.1000000015
86022  -36.563  7.959  52.437 0.1000000015
86023  -37.441  8.387  52.282 0.3000000119
86027  -39.037  9.079  51.817 0.3000000119
86095  -49.951  8.862  41.437 0.1000000015
86593  -32.989  9.519  54.831 0.1000000015
86602  -32.930  9.549  53.997 0.1000000015
86605  -33.507  9.595  53.279 0.1000000015
86609  -34.127  9.903  52.702 0.1000000015
86636  -45.479  9.796  48.627 0.6999999881
87158  -33.811  10.428  55.810 0.1000000015
87168  -32.880  10.338  54.426 0.1000000015
87175  -35.335  10.422  52.115 0.1000000015
87176  -35.783  9.732  52.188 0.1000000015
87185  -42.755  10.244  51.539 0.5000000000
87192  -50.877  10.639  50.070 1.0000000000
87199  -44.847  11.126  48.346 0.6000000238
87243  -34.642  9.949  43.085 0.2000000030
87694  -35.214  11.356  56.219 0.1000000015
87725  -34.004  11.108  52.515 0.1000000015
87736  -39.916  10.842  51.328 0.3000000119
87738  -42.017  11.106  51.333 0.4000000060
87739  -43.342  11.371  51.453 0.5000000000
87744  -48.166  11.942  51.272 1.0000000000
87745  -49.021  12.040  51.168 1.0000000000
87747  -38.909  11.745  51.060 0.2000000030
87750  -41.719  11.760  50.973 0.4000000060
87756  -50.718  11.328  50.465 1.0000000000
87771  -50.908  10.740  49.147 0.8000000119
87830  -39.364  11.194  38.800 0.3000000119
88266  -34.196  12.806  55.333 0.1000000015
88274  -33.438  12.766  54.589 0.1000000015
88291  -35.417  12.368  51.612 0.1000000015
88293  -37.329  12.100  51.146 0.2000000030
88298  -47.619  12.423  51.471 1.0000000000
88299  -48.416  12.604  51.463 0.8999999762
88309  -41.235  12.524  50.598 0.3000000119
88312  -45.575  12.864  51.181 0.6000000238
88315  -51.514  12.506  50.733 1.0000000000
88316  -52.130  12.298  50.271 1.0000000000
88326  -49.614  11.582  48.628 0.8000000119
88329  -52.931  12.524  49.135 1.0000000000
88344  -42.880  12.745  46.838 0.6000000238
88357  -33.748  12.779  44.504 0.2000000030
88366  -38.843  12.874  43.109 0.3000000119
88405  -42.900  12.813  36.686 0.3000000119
88408  -42.936  12.905  36.552 0.3000000119
88409  -43.692  12.796  36.132 0.3000000119
88812  -36.777  13.061  56.263 0.1000000015
88814  -38.219  13.185  56.425 0.1000000015
88838  -33.387  13.938  53.659 0.1000000015
88842  -33.467  13.730  52.915 0.1000000015
88849  -36.236  13.398  51.156 0.2000000030
88850  -47.163  12.838  51.477 0.8000000119
88857  -37.019  13.823  50.791 0.2000000030
88859  -38.714  13.039  50.589 0.2000000030
88861  -40.510  13.148  50.442 0.2000000030
88864  -44.925  13.262  50.658 0.6000000238
88869  -51.267  13.681  51.282 1.0000000000
88875  -53.378  13.049  49.466 1.0000000000
88881  -45.881  13.042  48.133 0.6000000238
88883  -47.719  12.966  48.344 0.6999999881
88889  -54.332  13.545  48.113 0.8999999762
88921  -40.413  13.812  45.562 0.6000000238
88928  -40.085  13.988  45.019 0.6000000238
88965  -43.984  13.750  38.551 0.5000000000
88969  -39.862  12.219  38.374 0.3000000119
88971  -42.505  12.797  37.978 0.4000000060
88985  -45.913  13.331  36.341 0.6000000238
88992  -43.512  12.866  36.167 0.4000000060
88993  -44.501  12.816  35.839 0.4000000060
88995  -46.610  13.446  35.953 0.6000000238
89005  -43.994  13.008  35.756 0.3000000119
89006  -44.740  12.946  35.704 0.4000000060
89399  -35.746  14.505  55.644 0.1000000015
89418  -33.761  14.580  52.634 0.1000000015
89423  -50.424  14.107  51.326 1.0000000000
89427  -37.850  14.322  50.570 0.2000000030
89430  -40.322  14.602  50.348 0.2000000030
89435  -46.302  14.041  50.282 0.6000000238
89450  -48.501  14.846  50.085 0.8000000119
89459  -54.768  13.925  48.018 0.8999999762
89473  -55.134  14.068  47.239 1.0000000000
89502  -40.451  14.363  44.600 0.6000000238
89506  -34.950  14.167  43.980 0.2000000030
89516  -42.220  14.953  42.381 0.3000000119
89561  -41.739  13.653  37.065 0.3000000119
89566  -48.808  14.372  36.834 0.6999999881
89568  -50.898  14.567  36.842 0.6999999881
89570  -52.336  14.718  36.693 0.6999999881
89586  -45.288  13.515  35.542 0.4000000060
89587  -46.102  13.739  35.475 0.4000000060
89588  -47.313  13.804  35.786 0.6000000238
89968  -38.929  15.039  56.353 0.1000000015
89979  -37.343  15.249  56.023 0.1000000015
89982  -33.653  15.260  53.767 0.1000000015
89999  -33.644  15.341  52.984 0.1000000015
90009  -38.025  15.845  50.566 0.2000000030
90011  -41.532  15.431  50.081 0.3000000119
90013  -49.541  14.948  50.356 0.8000000119
90015  -51.583  15.269  50.351 1.0000000000
90022  -47.911  15.393  49.483 0.6999999881
90043  -55.202  14.456  46.995 1.0000000000
90051  -44.188  15.145  45.958 0.6000000238
90066  -42.600  15.211  45.031 0.6000000238
90068  -45.422  15.635  45.399 0.6000000238
90070  -47.230  15.893  45.688 0.6000000238
90080  -41.723  15.099  44.162 0.6000000238
90081  -42.425  15.312  44.302 0.6000000238
90085  -54.714  15.384  44.507 1.0000000000
90086  -54.833  15.510  44.310 1.0000000000
90096  -46.207  15.886  43.292 0.5000000000
90112  -49.123  15.835  42.037 0.8000000119
90113  -52.109  15.686  42.223 1.0000000000
90121  -43.777  15.286  41.892 0.4000000060
90122  -45.734  15.567  41.847 0.5000000000
90123  -46.880  15.540  41.265 0.5000000000
90129  -54.132  15.670  42.052 0.8999999762
90138  -47.832  15.411  40.000 0.6999999881
90151  -46.937  15.214  39.758 0.6000000238
90154  -49.946  15.429  39.800 0.8000000119
90157  -53.274  15.498  39.461 0.8000000119
90158  -53.557  15.784  39.846 0.8000000119
90166  -47.933  14.985  38.684 0.6999999881
90170  -53.120  15.255  38.492 0.6999999881
90177  -52.766  14.891  37.789 0.6999999881
90178  -53.094  15.154  37.577 0.6999999881
90593  -40.620  15.985  56.402 0.1000000015
90605  -34.474  16.886  54.099 0.1000000015
90620  -34.514  16.083  52.035 0.2000000030
90621  -35.300  16.162  51.524 0.2000000030
90634  -43.320  16.708  49.759 0.4000000060
90663  -50.177  15.999  46.002 0.8000000119
90683  -47.624  16.271  44.153 0.5000000000
90686  -50.665  16.361  44.701 0.8999999762
90689  -54.877  15.542  44.281 1.0000000000
90694  -48.256  16.225  43.534 0.6000000238
90711  -54.320  15.970  41.912 0.8000000119
90718  -38.881  16.635  39.685 0.2000000030
90721  -53.709  16.243  39.543 0.8000000119
90726  -53.485  16.773  38.816 0.6999999881
90729  -41.766  15.996  37.595 0.2000000030
90732  -53.254  15.791  37.286 0.6999999881
90740  -52.896  16.113  36.356 0.6000000238
90746  -46.701  16.585  35.679 0.3000000119
90752  -52.580  16.604  35.352 0.5000000000
91209  -35.803  17.676  54.999 0.1000000015
91228  -35.490  18.060  51.689 0.2000000030
91237  -38.567  17.263  50.624 0.2000000030
91268  -53.967  17.174  44.693 0.8999999762
91289  -48.360  18.065  41.965 0.6999999881
91299  -51.617  18.048  40.886 0.6999999881
91302  -53.985  16.857  41.760 0.8999999762
91312  -53.142  17.562  40.231 0.6999999881
91320  -49.241  17.864  39.166 0.6999999881
91328  -42.169  17.729  38.191 0.1000000015
91331  -52.177  17.508  38.029 0.6999999881
91335  -41.953  16.900  37.861 0.2000000030
91356  -47.792  17.616  35.482 0.3000000119
91367  -52.402  17.317  34.564 0.5000000000
91374  -52.245  17.966  33.990 0.4000000060
91848  -41.610  18.872  57.251 0.1000000015
91898  -41.797  18.390  50.356 0.4000000060
91907  -44.226  18.848  49.772 0.4000000060
91913  -42.700  19.057  49.306 0.4000000060
91915  -44.849  19.424  49.365 0.4000000060
91916  -45.589  18.831  49.129 0.5000000000
91961  -46.234  18.441  43.345 0.6999999881
91963  -49.005  18.489  43.295 0.6999999881
91964  -49.937  18.688  43.319 0.6999999881
91972  -45.014  18.891  42.615 0.6999999881
91986  -47.083  18.280  41.482 0.6999999881
91999  -48.143  18.057  40.091 0.6999999881
92023  -49.803  18.459  37.573 0.6999999881
92033  -47.089  18.772  36.246 0.3000000119
92042  -47.110  18.057  36.016 0.3000000119
92045  -52.676  18.262  34.668 0.6000000238
92062  -51.103  18.771  33.492 0.3000000119
92446  -42.233  19.122  57.395 0.1000000015
92489  -35.886  20.179  51.827 0.2000000030
92491  -37.946  20.130  51.149 0.2000000030
92501  -36.851  19.650  48.352 0.3000000119
92504  -39.180  19.000  48.522 0.3000000119
92513  -48.661  20.534  48.159 0.4000000060
92519  -42.204  19.823  47.466 0.4000000060
92543  -42.681  19.714  44.818 0.5000000000
92548  -48.010  20.115  45.509 0.6000000238
92551  -50.939  20.283  45.589 0.6000000238
92552  -51.462  19.658  45.775 0.6999999881
92559  -42.649  19.637  43.869 0.5000000000
92562  -45.505  19.132  45.025 0.5000000000
92575  -42.652  19.869  43.134 0.5000000000
92591  -45.344  19.621  41.484 0.6000000238
92598  -45.800  19.908  40.882 0.6000000238
92599  -46.403  19.412  40.580 0.6000000238
92614  -42.686  19.636  38.652 0.1000000015
92618  -48.396  19.847  38.099 0.6999999881
92639  -52.482  19.061  35.138 0.6999999881
92656  -50.352  19.686  33.825 0.3000000119
92657  -52.637  19.543  33.987 0.6000000238
92663  -51.125  19.608  33.387 0.3000000119
92665  -52.329  20.195  33.591 0.4000000060
93108  -35.571  20.391  53.459 0.1000000015
93116  -35.571  20.416  52.581 0.2000000030
93124  -37.650  20.708  51.086 0.2000000030
93131  -34.684  20.959  48.991 0.2000000030
93136  -34.775  20.710  48.271 0.2000000030
93140  -44.674  20.557  48.219 0.4000000060
93143  -47.652  21.692  48.125 0.4000000060
93144  -35.246  20.465  47.523 0.3000000119
93150  -44.944  21.182  47.418 0.4000000060
93152  -47.023  21.822  47.923 0.4000000060
93154  -49.126  21.582  47.258 0.4000000060
93155  -49.862  21.061  47.184 0.5000000000
93158  -35.809  20.374  46.887 0.3000000119
93159  -36.506  20.280  46.555 0.3000000119
93161  -38.201  20.324  45.870 0.4000000060
93169  -47.297  21.622  46.649 0.5000000000
93181  -38.111  20.733  45.195 0.4000000060
93187  -43.692  20.457  46.217 0.4000000060
93192  -49.610  21.097  46.159 0.4000000060
93193  -50.337  20.842  46.210 0.6000000238
93202  -38.068  21.208  44.762 0.4000000060
93221  -41.849  20.778  42.748 0.4000000060
93222  -42.665  20.462  42.644 0.5000000000
93256  -42.901  20.306  38.726 0.1000000015
93260  -48.652  20.797  37.804 0.6999999881
93278  -46.852  20.561  36.817 0.2000000030
93299  -49.128  20.484  34.939 0.3000000119
93329  -52.066  20.831  33.229 0.4000000060
93330  -52.373  21.033  33.562 0.4000000060
93801  -35.920  21.096  52.445 0.2000000030
93822  -34.134  21.254  47.731 0.2000000030
93824  -46.592  21.848  47.307 0.4000000060
93825  -48.332  21.936  47.329 0.4000000060
93831  -46.577  21.684  46.812 0.4000000060
93836  -36.488  21.492  45.436 0.3000000119
93858  -38.974  21.879  43.725 0.3000000119
93859  -39.572  21.785  43.465 0.3000000119
93872  -43.095  21.572  42.075 0.4000000060
93911  -43.186  20.939  38.756 0.1000000015
93942  -47.728  22.071  36.467 0.2000000030
94403  -36.708  22.081  53.833 0.1000000015
94423  -34.342  22.769  50.164 0.1000000015
94435  -32.925  22.940  49.045 0.2000000030
94436  -33.291  22.312  48.641 0.2000000030
94440  -33.231  22.563  47.822 0.2000000030
94441  -33.763  21.990  47.360 0.2000000030
94449  -35.412  22.613  45.682 0.3000000119
94450  -36.006  22.181  45.427 0.3000000119
94456  -37.303  22.398  44.606 0.3000000119
94468  -39.887  22.469  43.176 0.3000000119
94478  -41.360  22.555  42.542 0.4000000060
94499  -46.684  22.720  40.055 0.4000000060
94511  -47.336  22.774  39.592 0.6000000238
94512  -47.919  22.808  39.075 0.4000000060
94521  -44.953  23.345  38.572 0.1000000015
94546  -47.673  22.865  36.702 0.2000000030
94548  -50.460  22.856  36.782 0.6999999881
94556  -49.630  22.321  34.737 0.2000000030
94568  -52.234  22.849  33.397 0.4000000060
94945  -37.775  23.613  51.651 0.1000000015
94948  -37.816  23.480  50.785 0.2000000030
94961  -32.687  23.680  49.370 0.2000000030
94962  -33.193  23.168  49.715 0.2000000030
94971  -33.270  23.318  47.376 0.2000000030
94981  -36.369  23.326  45.037 0.3000000119
94986  -37.609  23.774  44.324 0.3000000119
94995  -39.485  23.726  43.357 0.3000000119
95010  -43.306  23.236  41.791 0.3000000119
95021  -45.759  23.308  40.719 0.3000000119
95044  -48.353  23.482  39.004 0.5000000000
95051  -44.359  23.687  38.839 0.1000000015
95054  -49.370  23.237  37.979 0.6000000238
95078  -52.230  23.188  35.084 0.5000000000
95092  -50.360  23.399  34.187 0.4000000060
95100  -51.814  23.714  33.427 0.3000000119
95101  -52.074  23.610  33.453 0.3000000119
95432  -32.981  25.031  51.040 0.1000000015
95453  -32.622  24.082  48.095 0.2000000030
95454  -32.984  23.886  47.593 0.2000000030
95456  -33.397  24.095  47.069 0.2000000030
95469  -38.001  24.567  44.194 0.3000000119
95475  -40.962  24.908  42.956 0.2000000030
95484  -40.606  24.145  42.883 0.2000000030
95500  -45.212  24.386  41.266 0.3000000119
95546  -48.838  24.098  38.839 0.4000000060
95569  -52.216  23.928  35.023 0.3000000119
95581  -52.055  24.865  33.898 0.4000000060
95582  -52.331  24.137  34.175 0.3000000119
95930  -40.622  25.589  51.614 0.1000000015
95939  -40.057  25.495  51.161 0.1000000015
95940  -40.786  25.895  51.384 0.1000000015
95946  -38.095  24.705  50.466 0.1000000015
95947  -38.752  24.872  50.574 0.1000000015
95952  -32.452  24.937  48.209 0.2000000030
95965  -36.756  25.050  44.672 0.2000000030
95967  -38.433  25.919  44.292 0.1000000015
95971  -38.969  25.283  43.856 0.1000000015
95991  -47.325  26.100  41.399 0.3000000119
96060  -51.138  25.998  33.547 0.4000000060
96415  -35.460  26.353  52.385 0.1000000015
96418  -39.945  27.016  51.949 0.1000000015
96420  -44.216  26.681  52.394 0.1000000015
96429  -40.840  26.308  51.513 0.1000000015
96430  -41.594  26.434  51.803 0.1000000015
96445  -33.825  26.659  46.689 0.2000000030
96446  -34.535  26.590  46.197 0.2000000030
96448  -35.216  26.515  45.753 0.1000000015
96456  -39.588  26.548  44.134 0.1000000015
96467  -43.092  25.939  42.761 0.2000000030
96477  -47.960  27.027  41.884 0.3000000119
96512  -45.799  26.606  38.002 0.1000000015
96513  -46.374  26.079  37.817 0.2000000030
96515  -51.023  26.432  37.450 0.3000000119
96913  -34.877  27.605  53.364 0.1000000015
96922  -33.320  27.374  52.653 0.1000000015
96938  -44.469  27.424  52.327 0.1000000015
96951  -35.099  27.725  46.071 0.1000000015
96958  -38.094  28.068  45.066 0.1000000015
96960  -37.757  27.172  44.830 0.1000000015
96966  -43.252  28.156  44.534 0.1000000015
96969  -40.843  27.123  43.995 0.1000000015
96976  -45.280  27.598  43.991 0.1000000015
96977  -46.114  27.698  43.941 0.1000000015
96978  -46.895  27.844  43.624 0.1000000015
96979  -47.549  27.968  43.100 0.1000000015
96984  -49.469  27.912  40.829 0.3000000119
97017  -46.432  26.853  37.615 0.1000000015
97058  -49.517  27.786  34.540 0.2000000030
97372  -38.653  29.288  56.507 0.1000000015
97390  -39.618  28.985  55.460 0.1000000015
97396  -34.024  28.646  54.250 0.1000000015
97400  -37.223  29.109  54.237 0.1000000015
97416  -38.521  28.791  53.633 0.1000000015
97418  -41.681  29.264  53.521 0.1000000015
97431  -43.503  28.696  52.935 0.1000000015
97432  -44.301  28.746  52.939 0.1000000015
97437  -32.294  28.372  51.708 0.1000000015
97445  -32.144  28.712  51.006 0.1000000015
97448  -32.218  28.623  49.957 0.2000000030
97452  -32.931  28.613  48.328 0.1000000015
97465  -35.780  27.946  45.790 0.1000000015
97481  -43.878  28.969  45.339 0.1000000015
97482  -44.757  28.985  45.308 0.1000000015
97483  -45.444  28.953  45.118 0.1000000015
97491  -48.256  28.245  42.074 0.3000000119
97551  -50.877  28.690  34.731 0.3000000119
97824  -39.368  31.095  57.936 0.1000000015
97838  -39.635  30.861  57.844 0.1000000015
97849  -37.671  30.486  56.513 0.1000000015
97851  -40.267  30.379  56.251 0.1000000015
97873  -38.879  30.711  55.539 0.1000000015
97890  -40.783  31.095  54.884 0.1000000015
97891  -41.959  30.598  54.538 0.1000000015
97933  -36.109  29.539  46.455 0.1000000015
97946  -44.127  30.082  45.816 0.1000000015
97950  -44.481  29.781  45.314 0.1000000015
97951  -44.945  29.318  45.204 0.1000000015
97952  -45.458  29.237  44.954 0.1000000015
98057  -49.826  30.055  33.989 0.3000000119
98318  -40.326  31.115  56.766 0.1000000015
98337  -33.226  29.996  55.516 0.1000000015
98340  -41.307  31.154  55.666 0.1000000015
98360  -32.796  30.406  54.829 0.1000000015
98364  -41.556  31.140  55.132 0.1000000015
98377  -41.344  30.748  54.489 0.1000000015
98398  -32.493  30.280  51.628 0.1000000015
98418  -35.545  30.490  47.470 0.1000000015
98816  -32.867  31.826  53.354 0.1000000015
98859  -34.022  31.932  50.170 0.1000000015
98873  -35.410  31.551  48.445 0.1000000015
98877  -35.840  31.121  47.857 0.1000000015
98879  -37.542  31.501  47.509 0.1000000015
99247  -32.884  32.063  55.882 0.1000000015
99289  -34.111  32.835  51.289 0.1000000015
99328  -37.378  32.541  48.336 0.1000000015
99329  -40.306  32.610  48.200 0.1000000015
99899  -45.016  34.442  38.159 0.1000000015
99916  -47.734  34.323  36.135 0.1000000015
100180  -34.849  34.295  52.809 0.1000000015
100532  -35.606  36.500  57.143 0.1000000015
100552  -35.793  35.972  55.472 0.1000000015
105958  -34.280  17.087  52.886 0.2000000030
106573  -46.289  19.279  48.800 0.6000000238
106943  -36.142  10.102  43.753 0.1000000015
107181  -34.126  15.998  54.176 0.1000000015
107515  -37.454  7.056  52.474 0.1000000015
107559  -41.664  13.815  50.201 0.3000000119
108096  -42.033  9.996  51.521 0.4000000060
108356  -44.809  15.711  43.304 0.5000000000
108547  -34.364  17.222  53.502 0.2000000030
108586  -50.373  14.884  35.631 0.6999999881
108712  -51.918  15.405  40.069 0.8000000119
108970  -39.476  28.903  53.553 0.1000000015
109597  -42.144  6.020  52.391 0.3000000119
109695  -46.388  -0.118  42.970 0.1000000015
109730  -35.277  18.086  54.420 0.1000000015
110014  -38.469  13.795  50.521 0.2000000030
110428  -38.357  6.185  52.476 0.3000000119
110593  -44.244  13.747  50.048 0.4000000060
110597  -54.059  15.504  42.311 0.8999999762
110778  -45.127  14.531  49.716 0.5000000000
110811  -50.568  6.098  54.962 0.6999999881
111106  -46.927  14.004  35.483 0.5000000000
111264  -34.442  14.473  51.909 0.2000000030
111277  -52.559  21.839  34.208 0.4000000060
111453  -39.924  20.793  43.938 0.4000000060
111467  -43.093  18.610  50.192 0.4000000060
111570  -41.722  17.008  50.390 0.2000000030
111687  -38.592  19.388  49.583 0.3000000119
112365  -35.144  19.074  53.541 0.1000000015
112610  -40.945  19.112  57.053 0.1000000015
112670  -47.212  10.922  48.770 0.8000000119
112910  -43.150  0.776  52.479 0.1000000015
113081  -39.878  17.954  56.583 0.1000000015
113189  -43.947  12.389  51.103 0.5000000000
113694  -44.018  15.425  45.181 0.6000000238
113771  -34.077  8.014  53.167 0.1000000015
113989  -40.498  20.376  39.823 0.1000000015
114426  -48.262  21.326  38.320 0.6999999881
114567  -42.647  28.497  52.832 0.1000000015
114808  -47.975  13.631  51.178 0.8000000119
114828  -47.857  -1.104  53.541 0.1000000015
114847  -46.060  12.476  51.450 0.6999999881
114866  -42.612  3.084  52.773 0.1000000015
115505  -41.007  20.334  44.722 0.4000000060
115699  -35.638  19.386  51.874 0.2000000030
115848  -41.368  2.150  52.505 0.1000000015
116052  -45.557  25.129  41.477 0.2000000030
116144  -47.115  12.364  48.515 0.6999999881
116173  -49.770  25.205  38.669 0.3000000119
116304  -35.887  11.840  51.579 0.1000000015
116749  -37.916  10.618  39.711 0.3000000119
117035  -36.622  5.999  52.598 0.1000000015
117090  -46.339  22.079  40.244 0.4000000060
117357  -35.049  25.065  45.690 0.2000000030
117388  -49.925  9.630  50.045 1.0000000000
117394  -40.786  4.327  52.603 0.2000000030
117702  -39.971  24.121  43.195 0.2000000030
117847  -32.199  27.552  48.974 0.2000000030
118046  -33.471  25.983  46.931 0.2000000030
118083  -44.225  13.071  47.517 0.6000000238
118528  -45.866  16.977  48.938 0.5000000000
118540  -34.191  33.932  53.956 0.1000000015
118729  -36.111  23.978  45.166 0.2000000030
118759  -49.816  26.359  39.480 0.3000000119
118766  -34.514  29.398  55.696 0.1000000015
119219  -33.123  11.846  53.349 0.1000000015
119344  -52.386  21.920  33.557 0.4000000060
119392  -45.576  0.952  52.699 0.2000000030
119614  -39.859  15.176  50.411 0.2000000030
120182  -38.618  4.903  52.536 0.2000000030
120738  -37.611  22.968  44.369 0.3000000119
121037  -37.864  4.808  52.534 0.1000000015
121380  -50.963  23.642  33.596 0.3000000119
122311  -48.889  19.785  35.075 0.3000000119
122365  -46.674  10.933  51.124 1.0000000000
122367  -49.003  15.426  35.320 0.6000000238
122632  -48.631  9.721  48.772 0.8000000119
122746  -39.065  25.315  50.682 0.1000000015
122930  -49.706  11.282  50.682 1.0000000000
122937  -33.307  33.198  55.708 0.1000000015
122967  -42.290  29.219  53.570 0.1000000015
123493  -48.305  19.152  38.455 0.6999999881
124021  -49.559  28.128  40.483 0.3000000119
124526  -41.498  19.746  47.232 0.4000000060
124743  -32.335  26.659  51.245 0.1000000015
124897  -44.694  6.366  51.464 0.8000000119
124981  -39.866  17.017  50.550 0.2000000030
125096  -33.827  26.794  52.530 0.1000000015
125344  -47.144  15.090  46.826 0.6000000238
125393  -39.757  8.179  52.024 0.3000000119
125431  -51.610  -4.170  57.363 0.1000000015
125690  -47.796  15.574  35.363 0.5000000000
125797  -43.064  15.217  49.632 0.4000000060
125810  -40.505  19.738  46.845 0.4000000060
125919  -52.141  18.597  33.648 0.6000000238
126044  -42.851  25.303  42.522 0.2000000030
126068  -37.255  12.008  40.668 0.2000000030
126089  -38.840  19.078  49.086 0.3000000119
126142  -32.145  28.116  51.215 0.2000000030
126158  -34.537  14.893  55.009 0.1000000015
126181  -42.919  20.964  42.316 0.4000000060
126392  -40.207  11.673  38.541 0.3000000119
126400  -40.613  28.949  45.132 0.1000000015
126557  -34.192  16.700  44.187 0.2000000030
126573  -34.758  12.235  51.874 0.1000000015
126815  -32.661  15.112  45.767 0.2000000030
127033  -54.805  7.520  43.705 0.2000000030
127044  -52.418  15.200  50.110 1.0000000000
127175  -51.422  1.299  44.695 0.1000000015
127506  -48.010  3.078  50.622 0.8999999762
127634  -44.956  22.680  38.479 0.1000000015
127694  -46.448  15.597  41.765 0.5000000000
127980  -50.161  15.773  35.078 0.5000000000
128052  -45.434  13.960  37.804 0.6000000238
128107  -46.277  5.166  54.558 0.8000000119
128154  -49.317  15.495  40.031 0.8000000119
