#!ascii label  , from subject sub-v2s10x29005_ses-1 vox2ras=TkReg
4002
130570  -16.765  -76.034  59.744 0.0000000000
12538  -3.025  -61.259  25.404 0.0000000000
134639  -28.123  -48.098  29.480 0.0000000000
316  -5.257  -84.783  28.869 0.0000000000
27304  -5.224  -42.388  31.140 0.0000000000
19194  -11.725  -53.344  39.336 0.0000000000
2532  -4.935  -77.588  53.967 0.0000000000
1054  -16.817  -80.734  46.327 0.0000000000
5145  -12.248  -73.809  17.318 0.0000000000
29175  -24.010  -40.857  36.773 0.0000000000
23575  -25.346  -46.754  33.622 0.0000000000
30995  -24.025  -39.869  29.911 0.0000000000
30991  -13.404  -39.462  30.271 0.0000000000
15011  -3.343  -57.686  42.900 0.0000000000
9543  -1.175  -64.814  42.537 0.0000000000
5417  -0.706  -72.866  39.773 0.0000000000
5951  -1.028  -71.560  45.521 0.0000000000
4118  -12.204  -74.776  54.940 0.0000000000
2575  -8.828  -77.484  48.919 0.0000000000
2063  -12.787  -79.038  54.553 0.0000000000
191  -12.489  -84.418  50.781 0.0000000000
1339  -17.122  -80.174  54.475 0.0000000000
4778  -19.194  -73.665  46.460 0.0000000000
129983  -1.365  -58.091  31.802 0.0000000000
18341  -3.855  -54.084  34.897 0.0000000000
14453  -8.287  -58.925  31.468 0.0000000000
131038  -5.657  -78.035  24.901 0.0000000000
128096  -7.079  -78.982  17.577 0.0000000000
3993  -13.123  -75.177  19.502 0.0000000000
84  -20.054  -86.254  27.449 0.0000000000
554  -15.316  -83.122  31.291 0.0000000000
1925  -19.911  -79.417  28.746 0.0000000000
30968  -28.613  -39.096  34.070 0.0000000000
1558  -7.015  -80.136  28.341 0.0000000000
606  -10.624  -84.270  25.717 0.0000000000
20165  -24.129  -52.078  34.102 0.0000000000
20110  -20.084  -51.254  37.177 0.0000000000
17424  -15.290  -55.315  34.387 0.0000000000
15036  -4.581  -57.303  39.870 0.0000000000
5910  -6.704  -71.396  50.551 0.0000000000
2582  -1.973  -77.091  48.499 0.0000000000
120238  -20.812  -81.157  44.241 0.0000000000
820  -24.677  -82.250  36.556 0.0000000000
22674  -3.232  -48.221  34.312 0.0000000000
7846  -5.775  -67.972  20.780 0.0000000000
122219  -12.697  -67.041  19.739 0.0000000000
11160  -10.391  -63.194  26.237 0.0000000000
25386  -23.554  -45.425  33.808 0.0000000000
12295  -2.937  -61.718  45.483 0.0000000000
10180  -1.694  -64.754  45.663 0.0000000000
7594  -1.802  -68.500  44.029 0.0000000000
142397  -3.492  -68.079  46.152 0.0000000000
4696  -15.752  -73.603  61.243 0.0000000000
4088  -12.703  -74.994  60.054 0.0000000000
4720  -15.251  -74.047  57.494 0.0000000000
3597  -14.333  -75.703  53.343 0.0000000000
2515  -15.276  -77.661  56.802 0.0000000000
1322  -14.656  -80.248  56.565 0.0000000000
2054  -16.384  -78.500  58.335 0.0000000000
13215  -1.074  -59.557  24.332 0.0000000000
13792  -3.139  -59.405  28.344 0.0000000000
13116  -4.619  -60.334  33.128 0.0000000000
132053  -5.509  -60.609  28.588 0.0000000000
3363  -8.977  -76.140  25.902 0.0000000000
3406  -9.315  -76.392  22.462 0.0000000000
4535  -12.177  -74.238  23.251 0.0000000000
340  -22.099  -84.481  25.888 0.0000000000
925  -19.533  -82.737  26.307 0.0000000000
1603  -22.147  -81.038  25.648 0.0000000000
27291  -28.849  -45.065  35.187 0.0000000000
143622  -28.093  -40.359  37.388 0.0000000000
27311  -29.796  -43.043  31.113 0.0000000000
27331  -25.523  -43.460  29.782 0.0000000000
557  -3.128  -83.053  30.820 0.0000000000
127517  -2.314  -80.374  28.492 0.0000000000
918  -4.136  -82.578  25.627 0.0000000000
1544  -14.949  -79.946  29.369 0.0000000000
1207  -12.000  -80.865  29.020 0.0000000000
931  -14.259  -82.297  25.146 0.0000000000
131471  -9.182  -40.658  30.969 0.0000000000
31856  -11.247  -38.255  30.336 0.0000000000
30104  -7.632  -39.678  30.494 0.0000000000
20082  -15.170  -51.383  40.745 0.0000000000
19210  -16.440  -52.491  38.257 0.0000000000
18323  -12.945  -53.885  36.702 0.0000000000
140074  -10.439  -55.966  37.559 0.0000000000
13030  -0.868  -60.291  40.194 0.0000000000
15734  -2.025  -56.194  41.287 0.0000000000
12398  -2.804  -60.756  37.810 0.0000000000
5865  -6.131  -71.272  54.262 0.0000000000
4137  -4.257  -74.861  53.659 0.0000000000
4754  -2.525  -73.596  50.618 0.0000000000
3070  -4.196  -76.727  50.753 0.0000000000
1699  -7.116  -79.814  52.782 0.0000000000
1717  -6.403  -79.916  49.058 0.0000000000
405  -15.067  -83.354  49.153 0.0000000000
3626  -19.103  -75.189  51.842 0.0000000000
137560  -17.523  -76.203  43.058 0.0000000000
2629  -17.804  -77.073  45.214 0.0000000000
1802  -19.132  -80.072  41.164 0.0000000000
1118  -23.150  -81.520  41.015 0.0000000000
1834  -22.271  -80.059  38.044 0.0000000000
1509  -24.151  -80.738  34.199 0.0000000000
2258  -21.072  -78.277  35.693 0.0000000000
21811  -23.890  -49.201  38.178 0.0000000000
20120  -3.792  -51.351  36.495 0.0000000000
17466  -5.945  -54.502  32.700 0.0000000000
20202  -5.774  -51.737  32.932 0.0000000000
4017  -10.314  -76.560  15.288 0.0000000000
4626  -7.679  -74.445  15.040 0.0000000000
6337  -9.974  -71.851  15.841 0.0000000000
8557  -9.214  -66.908  17.309 0.0000000000
6865  -7.915  -70.997  19.524 0.0000000000
9782  -11.976  -65.595  23.822 0.0000000000
12575  -9.340  -61.703  22.442 0.0000000000
141138  -8.495  -59.091  24.848 0.0000000000
27281  -25.545  -44.015  34.864 0.0000000000
141533  -29.558  -46.989  33.360 0.0000000000
143373  -25.102  -37.118  31.022 0.0000000000
32828  -23.410  -37.130  29.086 0.0000000000
131902  -20.740  -37.743  28.199 0.0000000000
32870  -18.739  -37.795  27.645 0.0000000000
32867  -15.986  -37.547  27.556 0.0000000000
121890  -7.942  -43.967  32.032 0.0000000000
13605  -5.252  -59.947  43.992 0.0000000000
12341  -2.794  -61.122  42.643 0.0000000000
10244  -0.633  -64.624  39.896 0.0000000000
119342  -0.387  -69.039  40.426 0.0000000000
5378  -0.243  -72.715  42.209 0.0000000000
3705  -1.749  -75.353  43.336 0.0000000000
125261  -10.230  -76.520  58.023 0.0000000000
3580  -8.721  -75.661  54.365 0.0000000000
3633  -7.491  -74.927  50.425 0.0000000000
4175  -11.470  -74.589  51.017 0.0000000000
2074  -10.623  -77.963  52.142 0.0000000000
1334  -9.966  -80.322  55.330 0.0000000000
657  -12.588  -81.786  55.292 0.0000000000
674  -15.197  -81.860  52.935 0.0000000000
137712  -17.293  -81.454  51.074 0.0000000000
3659  -21.066  -75.254  49.019 0.0000000000
4813  -20.440  -73.745  43.613 0.0000000000
15077  -0.353  -56.839  37.045 0.0000000000
18319  -0.777  -53.491  36.719 0.0000000000
15109  -2.623  -56.764  34.933 0.0000000000
130904  -5.641  -56.929  34.433 0.0000000000
15854  -5.656  -55.684  31.040 0.0000000000
2384  -0.923  -78.522  24.772 0.0000000000
2886  -2.574  -78.281  20.931 0.0000000000
2418  -6.333  -78.758  21.290 0.0000000000
2911  -10.243  -77.513  18.710 0.0000000000
134764  -13.477  -75.743  14.199 0.0000000000
329  -16.402  -85.330  26.436 0.0000000000
121178  -17.833  -81.060  30.523 0.0000000000
2330  -16.921  -77.909  28.733 0.0000000000
122031  -25.697  -36.592  34.428 0.0000000000
131381  -26.058  -40.435  30.484 0.0000000000
4076  -19.184  -73.788  61.497 0.0000000000
2997  -18.417  -76.563  58.783 0.0000000000
4100  -21.993  -74.435  59.496 0.0000000000
12586  -3.669  -60.399  21.061 0.0000000000
121238  -1.725  -78.483  28.078 0.0000000000
2794  -5.490  -77.942  28.587 0.0000000000
3290  -9.432  -76.811  29.209 0.0000000000
551  -12.367  -83.554  31.236 0.0000000000
1205  -9.305  -81.646  29.993 0.0000000000
156  -8.042  -85.832  26.800 0.0000000000
368  -13.469  -84.318  22.125 0.0000000000
365  -9.626  -84.934  22.223 0.0000000000
622  -6.767  -83.690  23.523 0.0000000000
1611  -8.854  -81.050  24.846 0.0000000000
23530  -23.436  -47.667  35.034 0.0000000000
22656  -22.604  -48.494  36.504 0.0000000000
20145  -21.458  -51.813  34.833 0.0000000000
17447  -20.857  -55.330  33.882 0.0000000000
21791  -18.543  -49.679  39.824 0.0000000000
18326  -17.898  -53.284  35.770 0.0000000000
130330  -11.593  -53.665  42.337 0.0000000000
17357  -7.462  -54.377  41.473 0.0000000000
119982  -8.001  -54.626  39.770 0.0000000000
6986  -2.723  -69.104  52.591 0.0000000000
7547  -4.602  -68.180  49.474 0.0000000000
5929  -3.528  -71.224  48.542 0.0000000000
4217  -2.692  -74.450  46.544 0.0000000000
119287  -1.589  -78.546  44.754 0.0000000000
3115  -6.166  -76.993  46.832 0.0000000000
1745  -4.581  -79.893  45.749 0.0000000000
129916  -17.724  -77.369  56.160 0.0000000000
2077  -16.768  -78.585  52.419 0.0000000000
1716  -18.633  -79.670  49.792 0.0000000000
2122  -19.115  -78.284  47.219 0.0000000000
1056  -20.757  -81.278  46.761 0.0000000000
467  -22.025  -83.429  42.856 0.0000000000
294  -22.858  -84.870  31.719 0.0000000000
128658  -22.773  -83.712  29.729 0.0000000000
140983  -25.558  -49.218  34.067 0.0000000000
23527  -27.925  -46.182  37.135 0.0000000000
25394  -4.107  -44.949  32.645 0.0000000000
21022  -1.752  -50.424  33.641 0.0000000000
22738  -3.866  -48.205  30.918 0.0000000000
11318  -6.628  -63.479  18.687 0.0000000000
10514  -4.527  -64.276  22.461 0.0000000000
121939  -14.923  -71.600  14.907 0.0000000000
7913  -13.785  -67.915  16.050 0.0000000000
6305  -13.501  -71.068  19.546 0.0000000000
7828  -10.100  -68.658  22.457 0.0000000000
9103  -7.948  -66.098  23.934 0.0000000000
11156  -6.971  -63.646  27.023 0.0000000000
13187  -9.511  -60.713  27.712 0.0000000000
15177  -7.413  -57.164  27.936 0.0000000000
27278  -21.708  -43.972  34.208 0.0000000000
141203  -23.314  -44.524  35.270 0.0000000000
8853  -2.318  -66.498  45.641 0.0000000000
4090  -16.774  -74.807  59.987 0.0000000000
129090  -15.475  -73.755  59.246 0.0000000000
4108  -16.208  -75.094  57.796 0.0000000000
3555  -15.747  -75.804  56.386 0.0000000000
3003  -16.060  -76.723  58.375 0.0000000000
2508  -15.522  -77.833  57.851 0.0000000000
2996  -16.196  -77.588  58.932 0.0000000000
13216  -2.385  -59.463  24.398 0.0000000000
13807  -1.978  -58.901  25.881 0.0000000000
13195  -2.987  -60.411  26.604 0.0000000000
13793  -4.112  -59.863  28.885 0.0000000000
125993  -4.598  -60.972  27.468 0.0000000000
3908  -10.291  -75.155  26.687 0.0000000000
3941  -10.157  -75.572  24.617 0.0000000000
4510  -11.314  -74.407  25.393 0.0000000000
119888  -29.825  -45.470  32.373 0.0000000000
27301  -29.831  -43.937  33.185 0.0000000000
25432  -28.772  -45.529  29.790 0.0000000000
24537  -26.329  -46.013  29.476 0.0000000000
538  -4.331  -82.592  32.756 0.0000000000
306  -4.292  -83.935  29.781 0.0000000000
574  -2.747  -83.028  27.893 0.0000000000
132907  -4.684  -84.419  26.978 0.0000000000
1577  -15.955  -80.094  27.380 0.0000000000
1235  -14.517  -81.316  27.153 0.0000000000
1259  -15.557  -81.499  24.778 0.0000000000
142705  -7.013  -40.823  31.791 0.0000000000
30087  -7.771  -39.733  30.838 0.0000000000
30085  -6.362  -40.572  30.950 0.0000000000
139077  -7.551  -41.254  29.322 0.0000000000
27338  -6.898  -42.790  29.449 0.0000000000
19196  -13.598  -53.229  39.953 0.0000000000
125084  -14.000  -53.402  38.962 0.0000000000
18294  -12.656  -53.423  38.075 0.0000000000
17394  -11.389  -54.476  36.855 0.0000000000
18307  -10.782  -53.565  37.900 0.0000000000
11680  -0.559  -62.493  38.316 0.0000000000
12372  -1.130  -60.246  38.624 0.0000000000
2519  -5.858  -77.793  55.668 0.0000000000
4126  -5.702  -74.799  54.864 0.0000000000
3025  -3.807  -76.897  54.529 0.0000000000
3604  -2.949  -76.156  53.048 0.0000000000
3049  -4.037  -77.164  52.579 0.0000000000
119069  -6.818  -80.784  54.788 0.0000000000
713  -16.158  -82.159  48.630 0.0000000000
123830  -15.258  -82.580  47.122 0.0000000000
1063  -15.569  -81.484  45.353 0.0000000000
1412  -17.213  -80.750  44.995 0.0000000000
3075  -20.933  -76.186  51.203 0.0000000000
2679  -17.788  -76.999  41.133 0.0000000000
2177  -17.590  -77.948  42.404 0.0000000000
2202  -19.008  -79.105  39.928 0.0000000000
1459  -20.913  -80.203  39.987 0.0000000000
1832  -20.640  -79.514  38.670 0.0000000000
131058  -21.639  -79.309  36.624 0.0000000000
15065  -3.642  -56.937  37.645 0.0000000000
19234  -5.209  -52.376  36.933 0.0000000000
127246  -3.788  -53.161  37.686 0.0000000000
4605  -10.806  -75.235  16.913 0.0000000000
4615  -9.306  -74.729  15.750 0.0000000000
5130  -8.988  -73.740  17.950 0.0000000000
6316  -8.267  -71.945  18.180 0.0000000000
5715  -9.209  -72.600  19.130 0.0000000000
27280  -24.030  -44.336  33.672 0.0000000000
28258  -23.222  -43.170  34.419 0.0000000000
27289  -25.528  -44.683  34.226 0.0000000000
25391  -27.993  -45.971  34.414 0.0000000000
24480  -27.754  -46.132  34.320 0.0000000000
860  -8.013  -82.781  32.527 0.0000000000
124967  -25.334  -38.154  30.479 0.0000000000
33814  -24.406  -36.766  30.266 0.0000000000
31860  -23.994  -38.570  29.666 0.0000000000
31890  -21.377  -38.667  29.069 0.0000000000
31888  -19.578  -38.903  28.658 0.0000000000
127648  -20.108  -37.669  27.924 0.0000000000
31887  -18.685  -38.914  28.478 0.0000000000
31886  -17.325  -39.228  28.685 0.0000000000
10901  -1.734  -63.568  44.578 0.0000000000
11632  -2.913  -61.880  44.603 0.0000000000
10916  -2.320  -63.073  42.461 0.0000000000
10951  -1.283  -63.121  40.563 0.0000000000
9555  -0.966  -65.129  41.761 0.0000000000
8914  -0.543  -66.746  40.085 0.0000000000
8894  -0.988  -66.809  41.786 0.0000000000
125028  -2.091  -70.440  43.964 0.0000000000
6531  -1.663  -70.493  43.301 0.0000000000
5969  -0.700  -71.904  44.049 0.0000000000
4261  -0.698  -74.376  42.682 0.0000000000
4793  -1.175  -73.529  44.522 0.0000000000
4061  -12.413  -74.377  64.462 0.0000000000
4104  -12.703  -74.713  57.959 0.0000000000
3533  -11.525  -76.017  59.183 0.0000000000
3553  -11.487  -75.474  57.018 0.0000000000
3551  -10.004  -75.840  56.143 0.0000000000
3582  -10.345  -75.213  54.591 0.0000000000
4155  -10.226  -74.456  52.151 0.0000000000
4143  -11.673  -74.633  52.936 0.0000000000
2548  -13.821  -77.247  52.888 0.0000000000
2557  -12.942  -76.760  51.621 0.0000000000
2076  -12.389  -78.022  52.738 0.0000000000
2067  -9.868  -78.830  53.461 0.0000000000
1336  -11.532  -79.960  55.250 0.0000000000
131448  -11.638  -80.959  55.736 0.0000000000
127439  -12.640  -80.198  55.874 0.0000000000
129504  -16.259  -80.435  55.575 0.0000000000
141123  -14.853  -81.108  55.233 0.0000000000
995  -16.262  -80.928  54.103 0.0000000000
140546  -16.410  -81.662  51.987 0.0000000000
1346  -17.179  -80.847  52.920 0.0000000000
3110  -23.178  -76.435  47.522 0.0000000000
14464  -1.173  -58.789  30.887 0.0000000000
130218  -0.376  -59.196  32.863 0.0000000000
14399  -0.313  -58.698  35.808 0.0000000000
15118  -0.179  -57.813  34.968 0.0000000000
15108  -0.753  -56.590  35.001 0.0000000000
134779  -2.467  -57.798  34.008 0.0000000000
13118  -6.432  -60.244  32.677 0.0000000000
14424  -5.813  -58.707  34.056 0.0000000000
127136  -6.765  -58.334  33.175 0.0000000000
15834  -6.210  -56.485  32.440 0.0000000000
15163  -7.211  -56.917  31.254 0.0000000000
2371  -3.563  -78.566  24.957 0.0000000000
2397  -3.601  -79.206  23.110 0.0000000000
2864  -5.743  -78.354  23.757 0.0000000000
3428  -9.739  -76.755  20.577 0.0000000000
3451  -12.349  -76.964  17.144 0.0000000000
4010  -13.474  -75.870  17.478 0.0000000000
77  -19.395  -86.420  28.056 0.0000000000
81  -17.109  -86.755  26.652 0.0000000000
160  -18.131  -85.972  25.539 0.0000000000
1237  -19.562  -81.503  27.610 0.0000000000
902  -18.448  -82.444  28.224 0.0000000000
1546  -18.879  -80.142  29.506 0.0000000000
128545  -17.361  -78.658  30.547 0.0000000000
30965  -28.405  -39.577  35.944 0.0000000000
130827  -27.328  -38.937  37.657 0.0000000000
31838  -27.604  -38.370  35.746 0.0000000000
31844  -27.392  -38.152  33.432 0.0000000000
31845  -26.723  -38.171  32.200 0.0000000000
30082  -28.196  -39.629  32.621 0.0000000000
4084  -21.006  -73.892  60.422 0.0000000000
1899  -0.456  -78.976  29.610 0.0000000000
1570  -4.710  -81.062  28.170 0.0000000000
1903  -4.072  -79.373  29.324 0.0000000000
136096  -6.467  -79.190  29.322 0.0000000000
2796  -7.324  -77.297  28.959 0.0000000000
2326  -8.525  -78.748  28.896 0.0000000000
552  -13.315  -83.486  31.249 0.0000000000
129818  -11.199  -82.514  27.576 0.0000000000
1216  -10.555  -81.631  28.935 0.0000000000
586  -10.173  -83.500  27.303 0.0000000000
584  -8.963  -84.503  28.115 0.0000000000
336  -9.270  -85.297  26.527 0.0000000000
641  -10.753  -83.494  19.740 0.0000000000
960  -8.928  -83.201  20.661 0.0000000000
363  -7.683  -84.329  22.693 0.0000000000
956  -8.109  -83.016  21.984 0.0000000000
1277  -7.660  -82.234  23.676 0.0000000000
1279  -9.153  -81.359  23.094 0.0000000000
126627  -14.670  -38.551  29.112 0.0000000000
33828  -11.976  -36.238  29.549 0.0000000000
25372  -23.103  -45.704  37.677 0.0000000000
21808  -20.887  -49.846  37.909 0.0000000000
21809  -21.497  -49.405  37.424 0.0000000000
20125  -20.476  -51.639  36.375 0.0000000000
19258  -20.962  -53.172  34.189 0.0000000000
19257  -19.603  -52.951  35.408 0.0000000000
21781  -18.100  -49.200  40.508 0.0000000000
18312  -15.505  -53.512  36.623 0.0000000000
119848  -17.185  -52.942  36.727 0.0000000000
17425  -16.181  -54.673  34.363 0.0000000000
14285  -5.506  -57.622  42.677 0.0000000000
15044  -3.427  -56.804  39.829 0.0000000000
16498  -3.997  -55.170  40.988 0.0000000000
16505  -4.975  -55.228  40.368 0.0000000000
18272  -7.672  -54.206  40.612 0.0000000000
125275  -5.820  -56.029  39.950 0.0000000000
15744  -7.840  -56.204  39.676 0.0000000000
15038  -6.374  -57.890  40.148 0.0000000000
6425  -6.579  -70.954  52.730 0.0000000000
6981  -4.132  -69.832  53.258 0.0000000000
121203  -5.564  -69.744  52.077 0.0000000000
7532  -3.953  -68.763  51.181 0.0000000000
127870  -6.624  -69.813  49.677 0.0000000000
7021  -5.853  -69.594  48.212 0.0000000000
5919  -5.730  -71.461  49.429 0.0000000000
3078  -1.564  -76.140  49.493 0.0000000000
4195  -2.341  -74.135  48.731 0.0000000000
3664  -1.204  -75.947  48.027 0.0000000000
3123  -1.130  -76.782  45.870 0.0000000000
2126  -1.717  -77.970  46.434 0.0000000000
3655  -8.727  -75.444  48.313 0.0000000000
3644  -6.732  -75.336  49.028 0.0000000000
2605  -8.005  -76.687  47.566 0.0000000000
142486  -4.539  -81.775  49.282 0.0000000000
1734  -5.587  -80.309  46.670 0.0000000000
1048  -4.491  -82.247  47.133 0.0000000000
194  -11.003  -85.197  49.537 0.0000000000
122533  -19.118  -75.735  57.178 0.0000000000
3005  -17.994  -77.209  57.669 0.0000000000
3041  -16.891  -76.464  53.133 0.0000000000
2083  -16.475  -78.079  51.593 0.0000000000
2084  -17.065  -79.165  51.588 0.0000000000
2098  -16.752  -78.290  50.186 0.0000000000
4209  -20.163  -74.312  47.782 0.0000000000
120836  -18.968  -74.545  48.982 0.0000000000
4207  -18.429  -74.266  47.577 0.0000000000
1770  -19.265  -79.085  44.740 0.0000000000
2622  -18.354  -77.624  46.505 0.0000000000
1762  -20.455  -79.575  45.998 0.0000000000
1387  -20.569  -80.110  47.394 0.0000000000
136896  -21.422  -81.657  46.082 0.0000000000
745  -21.199  -83.052  45.111 0.0000000000
121300  -21.712  -82.540  44.720 0.0000000000
790  -24.551  -82.206  39.039 0.0000000000
125040  -23.855  -82.670  39.321 0.0000000000
807  -23.690  -82.622  37.667 0.0000000000
277  -21.778  -84.292  33.326 0.0000000000
535  -23.600  -83.859  33.716 0.0000000000
1508  -22.802  -80.478  33.715 0.0000000000
864  -23.028  -82.669  31.901 0.0000000000
879  -21.863  -82.458  30.906 0.0000000000
136547  -22.169  -82.513  29.021 0.0000000000
21873  -23.033  -50.220  33.592 0.0000000000
126906  -23.445  -48.474  33.286 0.0000000000
20985  -24.764  -50.531  34.782 0.0000000000
23508  -24.972  -47.118  38.416 0.0000000000
21821  -28.026  -48.468  36.334 0.0000000000
21843  -5.314  -49.221  34.909 0.0000000000
22695  -5.278  -47.680  34.224 0.0000000000
24465  -5.660  -46.216  33.569 0.0000000000
140063  -3.900  -46.495  33.420 0.0000000000
18339  -1.284  -53.858  35.116 0.0000000000
19252  -0.805  -52.256  35.173 0.0000000000
19288  -2.567  -52.164  33.482 0.0000000000
21068  -4.950  -50.093  31.546 0.0000000000
22740  -6.113  -48.956  30.826 0.0000000000
23606  -5.158  -47.439  30.186 0.0000000000
2010  -4.939  -79.551  19.396 0.0000000000
2908  -3.549  -77.820  19.254 0.0000000000
2458  -5.090  -78.010  17.696 0.0000000000
7883  -7.116  -67.796  19.355 0.0000000000
9861  -8.424  -65.305  18.055 0.0000000000
9171  -6.549  -65.905  20.051 0.0000000000
10525  -5.311  -64.327  21.081 0.0000000000
9153  -5.253  -66.312  21.577 0.0000000000
7894  -13.111  -67.657  18.264 0.0000000000
140047  -14.110  -69.650  17.621 0.0000000000
7868  -13.207  -68.617  20.095 0.0000000000
6828  -11.942  -70.187  21.314 0.0000000000
7852  -12.461  -68.285  21.479 0.0000000000
10451  -11.314  -64.227  25.211 0.0000000000
9105  -10.028  -66.064  24.441 0.0000000000
9756  -9.621  -65.328  25.713 0.0000000000
9753  -7.036  -65.419  24.997 0.0000000000
11158  -8.904  -63.691  27.171 0.0000000000
11859  -8.065  -62.146  27.640 0.0000000000
11861  -9.584  -62.155  27.105 0.0000000000
136934  -7.772  -57.898  26.527 0.0000000000
15212  -5.514  -57.497  25.984 0.0000000000
27267  -23.395  -44.244  33.838 0.0000000000
24468  -24.125  -46.225  33.263 0.0000000000
11593  -1.772  -63.032  46.212 0.0000000000
9508  -1.612  -65.189  44.713 0.0000000000
123951  -1.368  -67.059  43.212 0.0000000000
8202  -1.881  -66.765  44.988 0.0000000000
7595  -2.278  -68.443  44.853 0.0000000000
7055  -3.074  -69.744  45.579 0.0000000000
4674  -15.185  -73.526  63.332 0.0000000000
4074  -13.349  -74.747  62.461 0.0000000000
4694  -14.119  -74.002  60.510 0.0000000000
4718  -14.101  -73.830  58.217 0.0000000000
4110  -13.242  -74.423  56.062 0.0000000000
4145  -13.475  -74.775  53.696 0.0000000000
4132  -14.585  -74.655  54.908 0.0000000000
3030  -15.161  -75.975  54.827 0.0000000000
2065  -14.312  -78.290  55.249 0.0000000000
1684  -13.868  -79.714  56.340 0.0000000000
2514  -14.947  -78.457  56.814 0.0000000000
1676  -15.462  -79.262  57.443 0.0000000000
1686  -16.912  -79.768  56.054 0.0000000000
14480  -1.658  -59.123  28.739 0.0000000000
138260  -2.345  -58.913  30.439 0.0000000000
13752  -2.836  -59.101  32.687 0.0000000000
13158  -3.839  -59.913  30.740 0.0000000000
13160  -5.914  -60.463  30.563 0.0000000000
13162  -7.456  -60.371  30.403 0.0000000000
141631  -7.113  -77.205  25.406 0.0000000000
126037  -6.921  -77.568  24.013 0.0000000000
3378  -9.014  -76.340  24.407 0.0000000000
134732  -10.484  -75.554  23.292 0.0000000000
4556  -12.573  -74.550  21.552 0.0000000000
132843  -20.913  -85.459  26.203 0.0000000000
347  -19.425  -84.981  24.973 0.0000000000
610  -20.484  -83.844  24.721 0.0000000000
1250  -20.631  -81.560  26.385 0.0000000000
1580  -21.375  -80.089  27.101 0.0000000000
29192  -27.980  -42.572  37.551 0.0000000000
30063  -25.905  -40.775  38.190 0.0000000000
29198  -28.415  -42.884  36.495 0.0000000000
29206  -29.316  -41.515  34.742 0.0000000000
128663  -29.647  -41.421  32.780 0.0000000000
28287  -28.407  -41.418  31.115 0.0000000000
137495  -27.835  -43.083  29.865 0.0000000000
1535  -1.018  -80.710  29.639 0.0000000000
1203  -1.812  -81.942  28.698 0.0000000000
1228  -3.209  -81.867  27.050 0.0000000000
1230  -5.765  -81.246  27.022 0.0000000000
1520  -15.238  -80.430  31.546 0.0000000000
1193  -13.577  -81.058  31.523 0.0000000000
1559  -13.562  -80.472  29.194 0.0000000000
910  -13.187  -81.956  27.179 0.0000000000
597  -12.150  -83.316  25.410 0.0000000000
129337  -10.504  -40.491  30.691 0.0000000000
31857  -12.280  -38.464  30.226 0.0000000000
30975  -10.103  -39.147  30.674 0.0000000000
31848  -9.011  -38.883  30.212 0.0000000000
31853  -8.780  -38.834  29.864 0.0000000000
21779  -16.511  -49.638  41.114 0.0000000000
20938  -16.672  -50.900  40.004 0.0000000000
20098  -16.057  -52.242  39.085 0.0000000000
19219  -15.150  -53.362  37.772 0.0000000000
18324  -13.997  -54.561  35.468 0.0000000000
16553  -12.234  -55.562  36.042 0.0000000000
15775  -11.032  -56.425  37.067 0.0000000000
13639  -1.429  -58.787  42.005 0.0000000000
15717  -2.074  -56.774  41.947 0.0000000000
14315  -1.010  -58.286  40.500 0.0000000000
13667  -1.764  -58.916  39.396 0.0000000000
126908  -4.086  -59.217  39.648 0.0000000000
5275  -6.462  -72.676  55.250 0.0000000000
4742  -6.463  -72.990  53.193 0.0000000000
4750  -5.434  -73.243  52.216 0.0000000000
5317  -4.249  -72.365  50.511 0.0000000000
4739  -3.628  -73.920  52.250 0.0000000000
3617  -2.210  -75.356  51.574 0.0000000000
3080  -2.884  -76.787  49.645 0.0000000000
2086  -8.309  -78.434  50.511 0.0000000000
125057  -7.718  -78.636  49.056 0.0000000000
1708  -6.314  -80.122  51.063 0.0000000000
404  -14.352  -83.877  49.494 0.0000000000
199  -12.499  -85.011  48.274 0.0000000000
134575  -14.156  -84.066  47.798 0.0000000000
3611  -18.494  -75.184  52.497 0.0000000000
122456  -17.679  -74.901  44.126 0.0000000000
4234  -17.673  -74.834  45.702 0.0000000000
3147  -17.531  -76.447  43.848 0.0000000000
1782  -18.566  -79.184  43.691 0.0000000000
141735  -19.522  -80.517  42.902 0.0000000000
1100  -21.894  -82.040  42.953 0.0000000000
1443  -21.477  -81.116  41.339 0.0000000000
1461  -22.997  -80.635  39.472 0.0000000000
1476  -24.129  -80.943  37.452 0.0000000000
1165  -25.230  -81.855  35.081 0.0000000000
1482  -23.903  -80.592  36.421 0.0000000000
1849  -23.392  -79.725  35.131 0.0000000000
2266  -22.155  -78.776  34.262 0.0000000000
20966  -23.683  -50.444  36.736 0.0000000000
21825  -3.312  -49.473  35.178 0.0000000000
18365  -5.748  -53.835  34.047 0.0000000000
125844  -4.983  -52.563  33.598 0.0000000000
19304  -6.722  -52.561  33.081 0.0000000000
2943  -9.775  -78.013  15.770 0.0000000000
3465  -7.108  -76.985  15.938 0.0000000000
4031  -9.111  -76.106  15.228 0.0000000000
5765  -9.645  -72.750  14.705 0.0000000000
6904  -9.812  -70.035  14.829 0.0000000000
7382  -9.422  -68.325  15.803 0.0000000000
6887  -10.009  -69.659  16.275 0.0000000000
134011  -8.468  -69.516  17.869 0.0000000000
7333  -6.941  -69.837  19.813 0.0000000000
10573  -11.860  -64.047  18.111 0.0000000000
9851  -11.894  -64.934  19.312 0.0000000000
133317  -12.579  -66.144  21.948 0.0000000000
10515  -12.216  -63.993  22.013 0.0000000000
11227  -11.373  -63.222  23.201 0.0000000000
11912  -10.699  -62.614  24.505 0.0000000000
13207  -10.200  -60.522  25.462 0.0000000000
12547  -9.160  -60.754  23.828 0.0000000000
29174  -22.583  -41.122  36.189 0.0000000000
28248  -24.141  -42.417  35.398 0.0000000000
28249  -26.164  -42.962  37.309 0.0000000000
27290  -28.203  -45.067  36.415 0.0000000000
25402  -29.305  -45.705  34.219 0.0000000000
23595  -29.775  -47.258  32.000 0.0000000000
299  -5.953  -84.446  29.903 0.0000000000
126186  -24.263  -36.127  31.582 0.0000000000
34770  -23.695  -35.664  30.469 0.0000000000
33831  -23.197  -36.422  28.867 0.0000000000
32853  -22.630  -37.206  28.649 0.0000000000
33849  -22.461  -36.422  28.348 0.0000000000
33847  -20.947  -36.458  27.573 0.0000000000
33870  -19.553  -36.695  27.195 0.0000000000
32848  -17.365  -38.293  27.873 0.0000000000
31884  -15.535  -38.832  28.830 0.0000000000
141468  -14.022  -39.687  30.176 0.0000000000
124767  -10.321  -42.142  30.915 0.0000000000
28280  -8.430  -41.963  31.638 0.0000000000
27297  -5.585  -42.743  32.291 0.0000000000
20067  -13.741  -52.038  41.682 0.0000000000
13622  -3.975  -59.105  43.657 0.0000000000
12945  -3.404  -60.961  45.074 0.0000000000
13602  -3.046  -59.739  43.662 0.0000000000
13620  -2.695  -59.203  43.303 0.0000000000
12349  -1.311  -60.819  40.999 0.0000000000
10976  -0.750  -62.731  39.437 0.0000000000
10272  -0.512  -64.756  37.932 0.0000000000
8923  -0.407  -67.084  38.723 0.0000000000
120169  -0.276  -69.293  39.333 0.0000000000
6556  -0.207  -70.829  40.047 0.0000000000
7611  -1.120  -68.524  42.348 0.0000000000
126821  -0.676  -70.475  41.669 0.0000000000
5389  -0.191  -72.713  41.105 0.0000000000
4294  -0.478  -74.726  41.322 0.0000000000
3151  -0.684  -76.350  41.964 0.0000000000
122819  -0.768  -78.408  42.443 0.0000000000
129025  -12.158  -75.629  61.605 0.0000000000
2981  -10.743  -76.462  60.493 0.0000000000
131974  -7.771  -76.805  55.512 0.0000000000
3039  -7.385  -76.423  54.091 0.0000000000
130605  -6.826  -75.864  51.938 0.0000000000
4153  -8.568  -74.908  52.290 0.0000000000
122360  -9.316  -74.299  50.611 0.0000000000
3084  -10.134  -75.335  49.415 0.0000000000
3607  -13.083  -75.065  52.105 0.0000000000
123498  -11.581  -75.690  50.422 0.0000000000
2566  -9.617  -77.377  50.179 0.0000000000
137481  -9.387  -78.432  52.272 0.0000000000
1688  -8.713  -79.831  54.624 0.0000000000
1324  -8.161  -81.211  55.537 0.0000000000
654  -9.993  -82.030  55.240 0.0000000000
382  -11.491  -83.045  53.917 0.0000000000
384  -12.798  -83.294  53.015 0.0000000000
984  -13.634  -80.797  56.001 0.0000000000
666  -13.893  -82.001  54.166 0.0000000000
389  -14.118  -83.205  51.894 0.0000000000
395  -15.088  -82.739  51.430 0.0000000000
699  -16.507  -82.125  50.039 0.0000000000
1037  -16.896  -81.639  48.931 0.0000000000
3086  -21.988  -76.534  49.954 0.0000000000
3097  -22.337  -76.296  49.083 0.0000000000
3670  -21.837  -75.156  47.968 0.0000000000
4223  -21.374  -74.308  46.709 0.0000000000
3703  -23.251  -75.891  44.497 0.0000000000
4255  -21.790  -74.447  44.930 0.0000000000
4788  -20.006  -73.520  45.254 0.0000000000
4269  -18.550  -74.071  43.622 0.0000000000
15757  -1.603  -56.027  37.926 0.0000000000
18288  -1.600  -53.778  38.094 0.0000000000
16520  -0.595  -55.410  37.540 0.0000000000
136583  -0.964  -55.057  35.465 0.0000000000
16570  -3.579  -55.483  35.348 0.0000000000
13725  -4.068  -58.985  34.339 0.0000000000
15111  -4.496  -57.280  35.103 0.0000000000
16585  -5.342  -55.265  34.802 0.0000000000
16596  -5.807  -55.276  33.989 0.0000000000
131927  -5.081  -54.979  31.491 0.0000000000
17496  -4.507  -54.232  30.225 0.0000000000
2395  -1.711  -79.129  22.638 0.0000000000
1988  -3.698  -79.639  21.188 0.0000000000
2440  -6.516  -79.288  19.549 0.0000000000
2878  -7.927  -77.257  22.103 0.0000000000
2901  -8.409  -77.693  20.273 0.0000000000
2451  -8.926  -78.290  18.224 0.0000000000
2945  -11.100  -77.720  15.671 0.0000000000
3467  -12.339  -76.613  14.482 0.0000000000
4617  -12.354  -75.053  15.103 0.0000000000
132545  -16.336  -86.945  28.434 0.0000000000
151  -15.175  -86.052  26.647 0.0000000000
140093  -16.483  -83.810  29.438 0.0000000000
598  -17.881  -84.364  26.373 0.0000000000
120833  -17.139  -83.416  29.066 0.0000000000
878  -16.679  -82.133  31.213 0.0000000000
1883  -16.488  -79.686  31.276 0.0000000000
1924  -16.137  -79.062  28.664 0.0000000000
1947  -16.949  -79.166  26.664 0.0000000000
1961  -24.567  -80.269  25.313 0.0000000000
1939  -22.965  -79.238  27.102 0.0000000000
2332  -21.598  -78.039  28.355 0.0000000000
128613  -26.276  -39.300  38.290 0.0000000000
32792  -25.388  -36.693  33.159 0.0000000000
31850  -26.055  -38.192  31.253 0.0000000000
29241  -26.117  -41.303  30.294 0.0000000000
4081  -18.002  -74.219  61.827 0.0000000000
3520  -17.909  -75.451  61.088 0.0000000000
2990  -17.524  -76.606  60.158 0.0000000000
3529  -18.644  -75.806  60.211 0.0000000000
3537  -19.989  -75.333  58.783 0.0000000000
3546  -21.747  -75.443  57.969 0.0000000000
13237  -2.369  -59.809  22.139 0.0000000000
12560  -3.398  -60.631  22.979 0.0000000000
2355  -1.022  -78.521  26.358 0.0000000000
2824  -3.235  -78.268  26.802 0.0000000000
1920  -1.931  -78.880  28.579 0.0000000000
2322  -3.936  -78.365  28.356 0.0000000000
131921  -5.634  -77.598  27.000 0.0000000000
3326  -7.173  -76.869  27.728 0.0000000000
126290  -8.765  -76.253  28.290 0.0000000000
1191  -11.830  -81.296  31.385 0.0000000000
1516  -10.488  -81.091  31.107 0.0000000000
1181  -9.256  -81.860  31.665 0.0000000000
891  -8.220  -82.610  29.986 0.0000000000
309  -7.430  -84.436  29.542 0.0000000000
148  -6.758  -85.747  27.725 0.0000000000
953  -15.415  -82.732  23.154 0.0000000000
625  -13.519  -83.822  23.285 0.0000000000
356  -12.030  -84.316  23.922 0.0000000000
140106  -11.286  -84.683  22.132 0.0000000000
360  -10.706  -85.197  23.665 0.0000000000
176  -9.264  -85.678  24.439 0.0000000000
173  -7.071  -85.258  24.591 0.0000000000
341  -5.491  -84.416  25.433 0.0000000000
613  -5.304  -83.322  24.575 0.0000000000
1255  -6.209  -81.858  25.317 0.0000000000
1585  -7.524  -80.777  26.644 0.0000000000
1933  -9.265  -79.282  27.691 0.0000000000
26318  -23.554  -44.819  35.913 0.0000000000
22657  -23.095  -48.058  35.995 0.0000000000
20983  -22.245  -50.289  34.710 0.0000000000
20965  -21.778  -50.457  35.710 0.0000000000
20164  -22.759  -51.980  33.783 0.0000000000
18373  -23.000  -53.922  33.765 0.0000000000
17428  -22.048  -55.205  34.529 0.0000000000
20946  -19.356  -50.560  38.529 0.0000000000
20100  -17.414  -51.683  38.561 0.0000000000
20108  -18.456  -51.935  37.537 0.0000000000
19239  -19.094  -52.526  36.367 0.0000000000
18369  -19.096  -54.522  34.100 0.0000000000
19156  -13.026  -52.472  42.817 0.0000000000
18276  -11.520  -53.467  41.090 0.0000000000
15720  -5.090  -56.123  42.158 0.0000000000
16488  -7.246  -55.140  42.149 0.0000000000
18248  -9.090  -54.066  41.791 0.0000000000
18274  -9.659  -53.457  40.601 0.0000000000
18281  -10.223  -53.331  39.151 0.0000000000
16525  -9.239  -55.317  38.757 0.0000000000
8180  -4.383  -67.593  47.577 0.0000000000
6503  -4.292  -69.811  46.807 0.0000000000
5944  -1.456  -71.387  47.052 0.0000000000
5326  -2.923  -71.984  49.717 0.0000000000
5338  -1.631  -71.917  48.182 0.0000000000
4775  -2.164  -73.253  46.790 0.0000000000
3692  -2.560  -75.097  44.702 0.0000000000
2644  -1.058  -77.514  43.843 0.0000000000
1775  -1.530  -79.687  43.443 0.0000000000
3618  -5.961  -75.941  50.598 0.0000000000
3082  -4.484  -76.501  48.983 0.0000000000
2602  -4.090  -77.398  47.336 0.0000000000
1736  -6.845  -79.184  47.602 0.0000000000
122698  -5.470  -78.305  46.358 0.0000000000
2128  -3.144  -78.796  46.360 0.0000000000
133394  -2.983  -79.972  45.471 0.0000000000
1408  -2.602  -80.821  44.393 0.0000000000
2510  -17.594  -77.724  58.447 0.0000000000
2058  -17.327  -78.803  57.098 0.0000000000
140226  -17.511  -78.537  55.509 0.0000000000
2538  -17.183  -77.976  54.183 0.0000000000
1698  -17.334  -79.742  53.854 0.0000000000
128888  -17.582  -80.032  51.824 0.0000000000
123307  -18.017  -80.608  50.312 0.0000000000
1384  -18.588  -80.471  48.255 0.0000000000
132042  -19.824  -75.245  50.262 0.0000000000
3638  -18.146  -74.783  50.268 0.0000000000
126085  -17.455  -75.282  46.941 0.0000000000
2593  -17.087  -77.623  48.526 0.0000000000
2111  -18.996  -78.770  48.694 0.0000000000
1385  -19.572  -80.214  48.168 0.0000000000
1406  -18.642  -80.679  46.569 0.0000000000
743  -19.315  -82.598  44.945 0.0000000000
772  -23.289  -82.836  41.983 0.0000000000
136844  -20.569  -85.397  30.488 0.0000000000
135  -21.147  -85.787  29.011 0.0000000000
545  -24.673  -82.835  32.907 0.0000000000
132298  -23.283  -84.837  30.772 0.0000000000
145  -21.681  -85.580  28.267 0.0000000000
332  -22.352  -84.798  27.568 0.0000000000
133648  -23.651  -46.920  34.093 0.0000000000
23559  -23.884  -47.880  32.907 0.0000000000
22726  -25.355  -47.903  33.458 0.0000000000
21819  -24.573  -48.789  36.664 0.0000000000
119374  -25.678  -45.957  36.503 0.0000000000
23543  -26.420  -45.987  35.612 0.0000000000
23562  -28.623  -47.108  35.330 0.0000000000
22704  -28.873  -48.388  34.068 0.0000000000
134210  -7.554  -45.160  32.563 0.0000000000
135843  -5.350  -44.183  32.616 0.0000000000
26364  -4.617  -44.047  31.548 0.0000000000
19216  -2.388  -52.316  37.435 0.0000000000
20976  -1.848  -50.267  35.271 0.0000000000
21840  -2.289  -49.284  34.264 0.0000000000
131008  -3.950  -51.655  32.800 0.0000000000
21041  -2.716  -50.097  32.219 0.0000000000
22719  -2.790  -48.484  32.782 0.0000000000
127810  -3.721  -47.194  31.205 0.0000000000
25419  -4.248  -45.608  30.927 0.0000000000
26394  -5.864  -44.022  29.946 0.0000000000
121019  -7.144  -66.573  16.764 0.0000000000
11962  -4.933  -61.560  19.766 0.0000000000
11259  -4.849  -62.215  21.268 0.0000000000
11225  -3.883  -62.789  23.236 0.0000000000
4620  -15.333  -74.476  16.074 0.0000000000
5177  -14.764  -73.708  14.293 0.0000000000
5755  -13.939  -73.033  15.732 0.0000000000
6898  -14.692  -69.855  15.342 0.0000000000
6331  -14.479  -71.037  16.965 0.0000000000
5732  -12.208  -72.655  18.771 0.0000000000
6285  -10.679  -71.378  20.352 0.0000000000
6825  -8.583  -70.243  20.930 0.0000000000
7848  -7.063  -69.197  21.442 0.0000000000
8486  -10.827  -67.115  23.056 0.0000000000
8484  -8.891  -67.246  23.104 0.0000000000
8496  -6.084  -67.570  22.236 0.0000000000
9780  -6.212  -65.774  23.609 0.0000000000
10465  -5.578  -64.685  24.600 0.0000000000
11154  -4.528  -62.820  26.167 0.0000000000
11857  -5.944  -61.789  27.452 0.0000000000
13179  -8.171  -60.720  28.844 0.0000000000
13779  -8.861  -59.474  30.128 0.0000000000
120658  -10.138  -59.806  26.998 0.0000000000
126523  -9.371  -58.504  28.257 0.0000000000
15173  -8.193  -57.222  29.784 0.0000000000
27266  -22.462  -44.024  34.488 0.0000000000
4099  -16.475  -75.005  58.766 0.0000000000
3535  -16.384  -75.865  58.626 0.0000000000
3543  -16.168  -75.765  57.772 0.0000000000
129340  -16.453  -76.936  59.374 0.0000000000
12545  -2.872  -60.346  24.583 0.0000000000
12520  -2.714  -60.473  26.014 0.0000000000
12521  -3.270  -61.436  26.370 0.0000000000
12509  -3.613  -60.727  27.031 0.0000000000
4493  -10.794  -74.712  27.113 0.0000000000
4509  -10.790  -74.838  26.055 0.0000000000
4494  -11.347  -74.247  26.861 0.0000000000
142314  -29.594  -46.127  30.654 0.0000000000
25413  -29.747  -45.891  31.174 0.0000000000
23621  -28.453  -46.767  29.602 0.0000000000
24512  -28.419  -46.029  29.644 0.0000000000
134597  -5.169  -84.429  29.627 0.0000000000
297  -4.900  -83.910  30.237 0.0000000000
133866  -4.514  -84.284  29.062 0.0000000000
314  -3.970  -83.924  28.156 0.0000000000
315  -4.583  -84.453  28.071 0.0000000000
1588  -16.083  -80.356  26.499 0.0000000000
1600  -15.539  -81.015  25.895 0.0000000000
140643  -15.882  -80.948  25.275 0.0000000000
29203  -5.977  -41.343  31.812 0.0000000000
29211  -6.523  -40.735  31.465 0.0000000000
29228  -5.934  -41.133  30.803 0.0000000000
28315  -6.311  -41.665  30.041 0.0000000000
27319  -5.814  -42.486  30.283 0.0000000000
19195  -12.665  -53.406  39.647 0.0000000000
19208  -13.103  -53.452  38.908 0.0000000000
19207  -12.192  -53.349  38.680 0.0000000000
18293  -11.886  -53.333  38.060 0.0000000000
19206  -11.559  -53.316  38.616 0.0000000000
10995  -0.761  -62.500  37.392 0.0000000000
2526  -5.362  -77.631  54.764 0.0000000000
2517  -4.471  -77.412  55.109 0.0000000000
3014  -4.175  -77.024  55.073 0.0000000000
2531  -4.152  -77.489  54.087 0.0000000000
2543  -3.728  -77.168  53.442 0.0000000000
2544  -4.472  -77.384  53.310 0.0000000000
993  -6.904  -81.735  54.862 0.0000000000
658  -6.265  -81.967  54.256 0.0000000000
129399  -16.521  -81.196  47.033 0.0000000000
1045  -15.859  -81.884  47.167 0.0000000000
1064  -16.335  -80.883  45.649 0.0000000000
1075  -16.395  -80.963  44.821 0.0000000000
1404  -17.004  -80.626  45.573 0.0000000000
3065  -21.495  -76.746  51.542 0.0000000000
121764  -18.332  -77.649  39.942 0.0000000000
124924  -18.452  -78.492  40.286 0.0000000000
2213  -18.827  -78.297  39.433 0.0000000000
2214  -19.364  -78.991  39.341 0.0000000000
2225  -19.353  -78.543  38.667 0.0000000000
2226  -20.006  -79.021  38.227 0.0000000000
128077  -19.594  -78.424  37.921 0.0000000000
15759  -3.872  -56.226  37.692 0.0000000000
17377  -4.048  -54.510  37.775 0.0000000000
18305  -4.317  -53.690  37.680 0.0000000000
18290  -3.481  -53.739  37.869 0.0000000000
4592  -11.205  -74.377  17.766 0.0000000000
4591  -10.169  -74.648  17.870 0.0000000000
5132  -10.574  -73.851  18.499 0.0000000000
5729  -9.158  -73.308  18.564 0.0000000000
25390  -24.825  -45.605  33.410 0.0000000000
26343  -24.264  -44.919  33.411 0.0000000000
26344  -25.994  -45.485  34.217 0.0000000000
24469  -25.636  -46.355  33.724 0.0000000000
30996  -24.767  -39.113  30.055 0.0000000000
31892  -23.625  -39.259  29.713 0.0000000000
142451  -19.060  -40.436  29.800 0.0000000000
31018  -19.901  -39.428  29.182 0.0000000000
31017  -19.006  -39.451  29.004 0.0000000000
139588  -18.388  -39.981  29.393 0.0000000000
10197  -1.518  -63.962  43.693 0.0000000000
10909  -2.036  -63.456  43.602 0.0000000000
10212  -1.460  -63.965  42.731 0.0000000000
10230  -1.112  -64.356  41.767 0.0000000000
8905  -0.973  -65.947  41.787 0.0000000000
130888  -1.140  -65.529  42.378 0.0000000000
130711  -1.710  -71.169  44.641 0.0000000000
5962  -1.058  -71.548  44.490 0.0000000000
5961  -0.647  -72.001  44.942 0.0000000000
4792  -0.544  -72.975  44.138 0.0000000000
5360  -0.691  -72.721  44.990 0.0000000000
4055  -12.946  -73.897  64.643 0.0000000000
3554  -12.371  -74.854  56.855 0.0000000000
3542  -11.925  -75.414  57.784 0.0000000000
143715  -11.757  -75.170  56.316 0.0000000000
3567  -10.649  -75.365  55.436 0.0000000000
3583  -11.282  -75.017  54.760 0.0000000000
4128  -10.982  -74.918  53.861 0.0000000000
4129  -11.976  -74.768  54.020 0.0000000000
136800  -13.240  -78.418  53.852 0.0000000000
2534  -13.222  -77.961  53.097 0.0000000000
2069  -12.500  -78.546  53.620 0.0000000000
2062  -11.735  -79.249  54.382 0.0000000000
1690  -12.292  -79.763  55.310 0.0000000000
1330  -16.820  -80.149  55.392 0.0000000000
1337  -15.689  -80.792  55.179 0.0000000000
1338  -16.620  -80.504  54.731 0.0000000000
1001  -16.677  -81.108  53.209 0.0000000000
1341  -16.928  -80.657  53.792 0.0000000000
14452  -1.175  -58.360  31.533 0.0000000000
14451  -0.904  -58.676  31.501 0.0000000000
14437  -1.025  -57.939  32.286 0.0000000000
14421  -0.476  -58.076  33.138 0.0000000000
14422  -1.062  -57.425  32.892 0.0000000000
15131  -1.365  -57.139  33.644 0.0000000000
14423  -1.695  -57.575  33.173 0.0000000000
13753  -7.178  -59.914  32.463 0.0000000000
14439  -7.035  -59.114  32.926 0.0000000000
14440  -7.685  -59.014  32.250 0.0000000000
15152  -6.949  -57.145  32.154 0.0000000000
15153  -7.798  -57.930  31.734 0.0000000000
2852  -4.777  -78.305  24.917 0.0000000000
2387  -3.916  -78.768  24.068 0.0000000000
2853  -5.247  -78.348  24.268 0.0000000000
3981  -12.582  -75.294  20.162 0.0000000000
3980  -11.962  -76.030  19.705 0.0000000000
3992  -12.666  -75.758  19.141 0.0000000000
4001  -12.829  -76.179  18.003 0.0000000000
4002  -13.314  -75.453  18.633 0.0000000000
83  -19.022  -86.494  27.024 0.0000000000
82  -18.059  -86.660  26.678 0.0000000000
88  -18.526  -86.321  26.032 0.0000000000
1564  -20.240  -79.888  28.145 0.0000000000
1221  -19.257  -81.140  28.380 0.0000000000
1911  -19.233  -79.287  29.461 0.0000000000
121141  -18.544  -78.717  30.090 0.0000000000
2315  -19.257  -78.284  29.625 0.0000000000
30058  -24.344  -40.021  37.740 0.0000000000
30081  -29.258  -39.964  33.811 0.0000000000
31842  -27.860  -38.540  34.699 0.0000000000
30969  -27.757  -38.701  32.789 0.0000000000
1557  -6.209  -80.349  28.637 0.0000000000
129867  -5.831  -79.774  29.269 0.0000000000
1905  -6.704  -79.661  29.040 0.0000000000
1906  -7.119  -79.019  29.262 0.0000000000
1921  -7.451  -79.500  28.793 0.0000000000
563  -14.985  -83.833  30.881 0.0000000000
303  -14.182  -84.337  30.483 0.0000000000
553  -14.322  -83.502  31.232 0.0000000000
132796  -10.984  -83.614  26.179 0.0000000000
908  -10.563  -82.772  27.776 0.0000000000
595  -10.381  -83.886  26.490 0.0000000000
594  -9.731  -84.399  26.890 0.0000000000
337  -9.938  -84.761  26.064 0.0000000000
957  -8.667  -82.672  21.335 0.0000000000
1282  -8.607  -82.060  22.306 0.0000000000
31859  -13.921  -39.121  29.871 0.0000000000
32826  -14.120  -37.784  28.934 0.0000000000
31882  -13.797  -38.348  29.511 0.0000000000
20955  -20.499  -50.558  37.548 0.0000000000
20963  -20.826  -50.883  36.789 0.0000000000
19240  -20.039  -52.370  35.993 0.0000000000
20124  -19.666  -51.920  36.803 0.0000000000
18345  -15.542  -54.071  35.267 0.0000000000
17442  -16.109  -55.676  34.090 0.0000000000
15819  -15.860  -56.509  34.420 0.0000000000
14270  -5.328  -58.472  42.949 0.0000000000
14286  -6.279  -58.294  42.681 0.0000000000
15012  -4.389  -57.790  42.877 0.0000000000
15741  -3.997  -55.278  40.049 0.0000000000
15045  -4.161  -56.058  39.735 0.0000000000
15742  -5.079  -55.729  39.931 0.0000000000
15046  -5.235  -56.566  39.843 0.0000000000
15047  -6.307  -56.959  40.048 0.0000000000
15037  -5.602  -57.627  40.028 0.0000000000
5896  -6.875  -71.449  51.364 0.0000000000
6432  -6.199  -70.372  52.469 0.0000000000
6438  -6.975  -70.748  51.064 0.0000000000
7000  -6.715  -70.038  50.540 0.0000000000
6452  -6.848  -70.742  50.265 0.0000000000
6467  -6.639  -70.412  49.405 0.0000000000
5920  -6.499  -71.166  49.705 0.0000000000
3090  -1.867  -76.647  49.100 0.0000000000
3653  -1.339  -75.859  48.821 0.0000000000
2581  -1.504  -76.516  48.495 0.0000000000
124761  -1.467  -77.349  46.999 0.0000000000
2115  -1.944  -77.831  47.091 0.0000000000
135671  -9.154  -75.886  48.388 0.0000000000
135279  -8.212  -75.893  47.815 0.0000000000
2586  -8.591  -77.114  48.050 0.0000000000
392  -12.269  -84.121  51.667 0.0000000000
190  -10.894  -84.959  50.481 0.0000000000
125539  -11.998  -84.907  49.980 0.0000000000
3063  -16.569  -76.090  51.465 0.0000000000
3053  -16.582  -76.548  52.320 0.0000000000
2559  -16.281  -77.074  51.506 0.0000000000
2569  -16.373  -77.650  50.770 0.0000000000
4208  -19.216  -73.947  47.274 0.0000000000
129034  -19.159  -74.293  48.100 0.0000000000
4770  -18.665  -73.950  46.809 0.0000000000
1413  -20.475  -80.353  44.698 0.0000000000
2154  -19.781  -79.151  45.551 0.0000000000
1772  -20.820  -80.294  45.734 0.0000000000
1414  -21.284  -81.244  45.459 0.0000000000
1079  -21.597  -82.040  45.526 0.0000000000
1078  -21.678  -81.966  44.724 0.0000000000
809  -24.665  -82.212  37.355 0.0000000000
808  -24.331  -82.438  37.750 0.0000000000
512  -24.124  -83.038  35.471 0.0000000000
524  -23.822  -83.473  34.667 0.0000000000
1507  -21.596  -80.661  33.186 0.0000000000
1173  -22.093  -81.411  33.096 0.0000000000
1513  -21.338  -81.117  32.507 0.0000000000
20185  -24.033  -51.705  33.809 0.0000000000
21030  -24.377  -50.830  33.812 0.0000000000
20147  -24.392  -51.380  34.426 0.0000000000
22675  -4.463  -48.184  34.418 0.0000000000
22676  -5.787  -48.471  34.475 0.0000000000
22694  -4.208  -47.281  33.976 0.0000000000
136133  -3.590  -47.698  33.971 0.0000000000
18340  -2.533  -53.991  34.872 0.0000000000
18362  -1.719  -53.247  34.642 0.0000000000
19274  -3.361  -52.900  33.886 0.0000000000
119835  -6.665  -48.280  30.619 0.0000000000
2449  -6.355  -79.297  18.175 0.0000000000
2448  -5.501  -78.958  18.157 0.0000000000
2459  -6.230  -78.625  17.422 0.0000000000
8531  -6.382  -67.513  20.024 0.0000000000
8545  -7.372  -66.781  19.390 0.0000000000
8530  -5.857  -66.986  20.541 0.0000000000
9170  -5.714  -65.925  20.748 0.0000000000
121444  -5.482  -66.846  21.172 0.0000000000
125060  -12.492  -66.397  18.622 0.0000000000
139927  -12.814  -67.158  18.764 0.0000000000
130673  -13.468  -68.554  18.933 0.0000000000
127581  -12.868  -67.948  20.462 0.0000000000
141854  -12.839  -68.702  20.881 0.0000000000
8532  -12.674  -67.310  20.925 0.0000000000
142344  -10.636  -63.781  26.025 0.0000000000
9757  -10.468  -65.098  25.577 0.0000000000
10449  -9.980  -64.742  26.180 0.0000000000
10448  -9.078  -64.972  26.295 0.0000000000
11159  -9.708  -63.484  26.814 0.0000000000
11878  -9.277  -62.878  27.202 0.0000000000
11879  -9.915  -62.628  26.743 0.0000000000
26330  -23.379  -44.787  34.454 0.0000000000
26338  -23.616  -44.747  33.526 0.0000000000
25389  -23.883  -45.374  33.394 0.0000000000
127634  -1.493  -63.876  45.942 0.0000000000
10189  -1.498  -64.197  45.082 0.0000000000
119590  -1.706  -66.133  44.692 0.0000000000
9499  -1.981  -65.778  45.408 0.0000000000
8196  -2.874  -66.972  45.978 0.0000000000
8203  -2.249  -67.407  45.284 0.0000000000
8204  -2.921  -68.013  45.695 0.0000000000
7585  -2.815  -68.982  45.275 0.0000000000
7576  -3.486  -68.802  45.968 0.0000000000
4686  -16.128  -73.460  62.763 0.0000000000
4685  -15.110  -73.624  61.902 0.0000000000
4695  -14.934  -73.629  60.720 0.0000000000
4711  -15.399  -73.908  58.358 0.0000000000
4710  -14.740  -73.695  58.723 0.0000000000
4719  -14.805  -73.792  57.975 0.0000000000
4105  -13.529  -74.139  57.799 0.0000000000
4111  -14.206  -74.190  56.290 0.0000000000
4120  -14.044  -74.354  55.383 0.0000000000
4121  -14.803  -74.463  55.723 0.0000000000
3570  -15.402  -75.432  55.468 0.0000000000
3019  -15.427  -76.587  55.830 0.0000000000
2528  -14.628  -77.404  54.681 0.0000000000
2521  -14.906  -77.742  55.815 0.0000000000
2060  -14.452  -78.970  56.460 0.0000000000
2053  -15.729  -78.638  58.050 0.0000000000
2057  -15.290  -78.574  57.447 0.0000000000
1677  -16.270  -79.064  57.790 0.0000000000
1680  -16.327  -79.635  57.064 0.0000000000
1681  -16.843  -79.200  57.346 0.0000000000
13831  -0.994  -59.243  25.171 0.0000000000
13791  -2.290  -59.067  27.922 0.0000000000
139839  -1.593  -58.951  27.278 0.0000000000
14481  -1.884  -59.027  28.398 0.0000000000
14476  -1.797  -59.036  29.132 0.0000000000
13775  -2.148  -58.961  29.725 0.0000000000
128972  -3.001  -59.321  30.956 0.0000000000
13786  -3.144  -59.281  29.256 0.0000000000
119047  -4.938  -60.279  28.996 0.0000000000
13169  -4.709  -60.172  29.512 0.0000000000
13170  -5.689  -60.430  29.596 0.0000000000
13171  -6.873  -60.557  29.650 0.0000000000
135565  -7.608  -76.837  25.901 0.0000000000
3377  -8.344  -76.691  24.661 0.0000000000
124478  -8.832  -76.326  25.105 0.0000000000
4527  -11.515  -74.687  23.763 0.0000000000
3942  -10.762  -75.252  24.012 0.0000000000
4545  -12.354  -74.400  22.391 0.0000000000
162  -21.492  -84.980  25.960 0.0000000000
348  -20.799  -84.613  24.773 0.0000000000
357  -21.403  -84.091  24.592 0.0000000000
1262  -21.802  -81.790  25.175 0.0000000000
935  -21.492  -82.618  24.716 0.0000000000
1251  -21.402  -81.279  26.018 0.0000000000
1589  -20.995  -80.795  26.754 0.0000000000
1590  -21.744  -80.534  26.399 0.0000000000
127865  -28.416  -44.040  36.477 0.0000000000
123623  -29.794  -43.982  31.060 0.0000000000
135478  -29.550  -42.446  34.175 0.0000000000
28273  -29.851  -42.528  32.632 0.0000000000
133891  -28.851  -42.313  30.645 0.0000000000
546  -3.496  -82.825  31.653 0.0000000000
867  -2.830  -82.360  32.081 0.0000000000
866  -2.219  -81.925  31.501 0.0000000000
1202  -1.587  -81.722  29.614 0.0000000000
890  -2.366  -82.642  29.784 0.0000000000
131626  -3.282  -82.888  26.346 0.0000000000
906  -3.064  -82.494  26.764 0.0000000000
917  -3.470  -82.644  26.199 0.0000000000
128241  -4.839  -81.426  27.205 0.0000000000
1245  -4.916  -81.798  26.225 0.0000000000
1907  -14.848  -79.691  30.118 0.0000000000
1880  -14.254  -79.994  31.141 0.0000000000
1560  -14.373  -80.551  28.732 0.0000000000
923  -14.050  -82.077  25.965 0.0000000000
1234  -13.753  -81.513  27.576 0.0000000000
922  -13.236  -82.343  26.304 0.0000000000
921  -12.399  -82.753  26.250 0.0000000000
135416  -12.854  -82.844  25.572 0.0000000000
129330  -9.945  -40.782  30.804 0.0000000000
30976  -10.886  -39.725  30.643 0.0000000000
30089  -9.777  -39.952  30.788 0.0000000000
30973  -8.493  -39.336  30.568 0.0000000000
30987  -8.238  -39.200  30.339 0.0000000000
31880  -8.853  -38.863  29.464 0.0000000000
31012  -8.248  -39.241  29.797 0.0000000000
20937  -15.924  -51.138  40.352 0.0000000000
20092  -15.650  -51.877  39.923 0.0000000000
18295  -14.241  -53.501  38.047 0.0000000000
18311  -14.467  -53.648  37.059 0.0000000000
121660  -13.820  -53.980  36.467 0.0000000000
134167  -13.276  -54.568  35.917 0.0000000000
17407  -12.569  -54.589  36.219 0.0000000000
16539  -10.838  -55.289  37.124 0.0000000000
16552  -11.524  -55.727  36.490 0.0000000000
15068  -10.683  -57.348  38.089 0.0000000000
15763  -10.238  -56.529  38.076 0.0000000000
13015  -1.153  -59.777  41.252 0.0000000000
13653  -0.965  -58.879  40.878 0.0000000000
125752  -0.853  -59.496  40.200 0.0000000000
12397  -1.729  -60.551  37.942 0.0000000000
13043  -1.450  -59.607  38.964 0.0000000000
13044  -2.703  -59.556  38.882 0.0000000000
13668  -3.108  -59.055  39.436 0.0000000000
13066  -3.469  -60.325  38.427 0.0000000000
5265  -6.432  -73.244  55.835 0.0000000000
141073  -6.451  -73.875  55.722 0.0000000000
4138  -5.433  -74.444  54.035 0.0000000000
4139  -6.230  -73.936  54.446 0.0000000000
4152  -5.067  -74.069  53.282 0.0000000000
4741  -5.772  -73.452  52.840 0.0000000000
4740  -4.731  -73.717  52.580 0.0000000000
4749  -4.517  -73.296  51.899 0.0000000000
4151  -3.942  -74.407  52.932 0.0000000000
3047  -2.690  -76.219  52.322 0.0000000000
3603  -2.529  -75.724  52.267 0.0000000000
3058  -2.796  -76.495  51.763 0.0000000000
142771  -2.278  -76.388  50.350 0.0000000000
3081  -3.691  -76.688  49.931 0.0000000000
1704  -7.605  -79.265  51.873 0.0000000000
1709  -7.623  -79.058  51.045 0.0000000000
1703  -6.784  -79.784  51.664 0.0000000000
410  -14.365  -83.948  48.700 0.0000000000
411  -14.986  -83.335  48.340 0.0000000000
730  -14.797  -82.349  45.521 0.0000000000
722  -14.639  -82.990  46.427 0.0000000000
1088  -17.048  -82.098  43.625 0.0000000000
3613  -19.956  -75.562  52.173 0.0000000000
3612  -19.260  -75.292  52.522 0.0000000000
3625  -18.130  -75.049  51.708 0.0000000000
3711  -17.605  -75.437  43.492 0.0000000000
3701  -17.567  -75.552  44.375 0.0000000000
121727  -18.405  -79.497  41.614 0.0000000000
2178  -17.872  -78.701  42.915 0.0000000000
128919  -18.354  -79.468  42.605 0.0000000000
124920  -19.038  -79.997  43.207 0.0000000000
1793  -18.923  -80.252  42.202 0.0000000000
1433  -19.857  -80.795  42.227 0.0000000000
1441  -19.934  -80.575  41.319 0.0000000000
1823  -21.273  -79.965  39.173 0.0000000000
1460  -22.047  -80.425  39.754 0.0000000000
1469  -23.098  -80.475  38.667 0.0000000000
1470  -23.982  -80.946  38.403 0.0000000000
1475  -23.207  -80.390  37.769 0.0000000000
1481  -23.326  -80.334  36.936 0.0000000000
140764  -21.140  -78.852  36.317 0.0000000000
1847  -22.285  -79.427  36.146 0.0000000000
2250  -21.748  -78.913  35.858 0.0000000000
1853  -22.760  -79.214  34.688 0.0000000000
2259  -21.872  -78.424  35.165 0.0000000000
19242  -22.999  -52.876  36.162 0.0000000000
19233  -4.200  -52.068  37.009 0.0000000000
132022  -3.926  -50.274  35.541 0.0000000000
20139  -3.344  -50.660  36.019 0.0000000000
17456  -6.255  -54.020  33.411 0.0000000000
19291  -6.205  -53.258  33.516 0.0000000000
18383  -6.764  -53.350  33.159 0.0000000000
2956  -10.265  -77.572  15.426 0.0000000000
128311  -9.387  -76.883  15.308 0.0000000000
125818  -9.682  -76.245  15.456 0.0000000000
5156  -9.502  -73.518  15.588 0.0000000000
5166  -9.346  -73.878  14.859 0.0000000000
5754  -10.118  -72.226  15.165 0.0000000000
130563  -10.124  -71.748  14.752 0.0000000000
6338  -10.378  -71.228  15.051 0.0000000000
6897  -10.221  -69.749  15.581 0.0000000000
6896  -10.192  -70.617  15.822 0.0000000000
6301  -8.086  -71.527  19.075 0.0000000000
6885  -8.306  -70.510  17.777 0.0000000000
6877  -7.747  -70.446  18.570 0.0000000000
7352  -7.460  -69.712  18.898 0.0000000000
6864  -7.472  -70.468  19.459 0.0000000000
11300  -11.449  -63.638  18.598 0.0000000000
10559  -11.546  -64.265  18.887 0.0000000000
10543  -11.563  -64.230  19.792 0.0000000000
9838  -12.169  -64.874  20.339 0.0000000000
10542  -11.189  -63.576  20.283 0.0000000000
11934  -9.790  -62.168  21.969 0.0000000000
11244  -11.404  -63.316  22.163 0.0000000000
11926  -10.650  -62.666  23.480 0.0000000000
11202  -11.331  -63.244  24.277 0.0000000000
11925  -10.132  -62.101  23.708 0.0000000000
12562  -9.685  -61.473  23.770 0.0000000000
143461  -9.576  -61.748  23.133 0.0000000000
28259  -24.724  -43.211  35.065 0.0000000000
28260  -27.103  -43.723  37.020 0.0000000000
24470  -29.168  -45.930  33.706 0.0000000000
26345  -28.797  -45.828  35.211 0.0000000000
24492  -29.648  -45.985  32.600 0.0000000000
23594  -29.806  -46.620  32.305 0.0000000000
561  -5.892  -83.699  30.567 0.0000000000
132387  -24.719  -36.557  31.783 0.0000000000
33804  -24.478  -36.201  32.426 0.0000000000
33833  -23.995  -36.956  29.609 0.0000000000
33813  -23.942  -36.277  29.997 0.0000000000
34780  -23.472  -35.748  29.544 0.0000000000
33832  -23.650  -36.499  29.389 0.0000000000
31021  -22.589  -39.337  29.574 0.0000000000
31020  -21.759  -39.141  29.415 0.0000000000
31916  -21.042  -38.154  28.591 0.0000000000
32852  -21.618  -37.339  28.269 0.0000000000
33848  -21.655  -36.454  27.884 0.0000000000
32851  -20.863  -37.128  27.872 0.0000000000
32871  -19.435  -37.448  27.593 0.0000000000
32872  -20.205  -36.925  27.556 0.0000000000
32869  -17.927  -37.612  27.433 0.0000000000
31885  -16.435  -39.057  28.684 0.0000000000
31014  -16.030  -39.389  29.112 0.0000000000
31013  -15.156  -39.189  29.306 0.0000000000
27300  -8.784  -43.701  31.724 0.0000000000
27299  -7.975  -43.174  31.968 0.0000000000
28272  -7.518  -42.190  32.048 0.0000000000
27298  -6.875  -43.107  32.384 0.0000000000
20068  -14.062  -51.191  42.182 0.0000000000
122611  -5.922  -59.773  43.466 0.0000000000
13604  -4.373  -59.732  44.097 0.0000000000
12928  -3.716  -61.365  45.932 0.0000000000
138710  -3.907  -60.835  45.322 0.0000000000
12296  -3.064  -61.549  45.626 0.0000000000
11646  -3.064  -61.661  43.592 0.0000000000
12960  -3.170  -60.325  44.082 0.0000000000
12329  -2.942  -60.563  43.600 0.0000000000
12978  -2.783  -59.675  43.496 0.0000000000
13002  -2.360  -60.066  42.935 0.0000000000
13016  -1.997  -60.543  41.977 0.0000000000
138097  -2.376  -61.551  41.652 0.0000000000
141945  -0.809  -64.271  40.444 0.0000000000
10950  -0.751  -63.761  39.866 0.0000000000
10975  -0.509  -63.381  38.715 0.0000000000
9576  -0.369  -65.305  38.900 0.0000000000
9586  -0.492  -65.764  37.591 0.0000000000
121407  -0.415  -66.129  39.471 0.0000000000
129077  -0.578  -68.152  40.719 0.0000000000
8269  -0.461  -67.639  39.805 0.0000000000
7102  -0.190  -69.956  40.010 0.0000000000
8232  -1.497  -67.753  43.706 0.0000000000
8244  -1.224  -67.825  42.832 0.0000000000
7603  -1.409  -68.516  43.204 0.0000000000
140516  -0.952  -71.339  42.755 0.0000000000
5979  -1.197  -70.664  42.562 0.0000000000
6540  -0.698  -71.285  42.111 0.0000000000
6547  -0.316  -71.209  41.040 0.0000000000
119958  -0.340  -71.971  41.710 0.0000000000
4827  -0.373  -73.998  41.159 0.0000000000
127872  -0.215  -73.425  41.652 0.0000000000
3717  -1.039  -75.114  42.786 0.0000000000
3716  -0.816  -75.654  42.321 0.0000000000
3152  -0.930  -76.288  42.745 0.0000000000
119055  -0.526  -77.737  42.026 0.0000000000
3142  -0.960  -76.893  43.295 0.0000000000
4079  -12.871  -75.098  61.252 0.0000000000
4073  -12.548  -75.346  62.520 0.0000000000
3518  -12.137  -75.615  60.628 0.0000000000
2995  -10.952  -76.351  58.703 0.0000000000
2988  -10.825  -76.502  59.596 0.0000000000
2994  -10.109  -76.829  59.070 0.0000000000
3565  -9.118  -75.733  54.940 0.0000000000
3018  -9.150  -76.025  55.627 0.0000000000
3028  -8.453  -76.182  55.112 0.0000000000
3027  -7.657  -76.532  54.778 0.0000000000
3579  -8.037  -75.941  54.136 0.0000000000
3593  -7.656  -75.828  53.388 0.0000000000
4140  -8.923  -75.015  52.974 0.0000000000
4165  -10.788  -74.376  51.316 0.0000000000
4164  -9.824  -74.314  51.338 0.0000000000
120517  -10.155  -74.360  50.499 0.0000000000
4185  -9.566  -74.770  49.256 0.0000000000
3634  -10.971  -75.118  50.048 0.0000000000
122129  -13.845  -75.160  53.137 0.0000000000
4158  -13.200  -74.870  52.864 0.0000000000
3608  -13.521  -75.304  52.522 0.0000000000
2546  -12.304  -77.460  51.912 0.0000000000
2556  -12.172  -76.827  51.217 0.0000000000
2568  -11.343  -76.719  50.706 0.0000000000
2567  -10.395  -76.991  50.421 0.0000000000
2555  -10.537  -77.511  51.288 0.0000000000
2554  -9.718  -77.694  51.084 0.0000000000
2082  -9.872  -78.066  51.853 0.0000000000
1689  -9.735  -79.543  54.490 0.0000000000
1696  -9.040  -79.192  53.764 0.0000000000
134388  -9.175  -80.206  55.177 0.0000000000
1333  -8.384  -80.564  55.314 0.0000000000
1325  -9.159  -80.875  55.572 0.0000000000
134760  -9.197  -81.926  55.265 0.0000000000
988  -9.794  -81.393  55.445 0.0000000000
990  -12.151  -81.282  55.643 0.0000000000
656  -11.738  -81.940  55.347 0.0000000000
664  -12.115  -82.416  54.670 0.0000000000
671  -12.452  -82.851  53.794 0.0000000000
665  -13.002  -82.261  54.499 0.0000000000
1678  -13.965  -80.158  56.381 0.0000000000
1683  -13.242  -80.207  56.122 0.0000000000
1321  -14.037  -80.579  56.206 0.0000000000
999  -14.814  -81.699  53.819 0.0000000000
135931  -14.409  -81.501  54.758 0.0000000000
673  -14.293  -82.278  53.265 0.0000000000
683  -14.686  -82.518  52.398 0.0000000000
1015  -16.922  -81.597  51.550 0.0000000000
125301  -16.693  -81.876  50.828 0.0000000000
1029  -17.090  -81.682  49.721 0.0000000000
1022  -17.238  -81.587  50.437 0.0000000000
3087  -22.694  -77.272  49.738 0.0000000000
2595  -23.072  -77.272  48.976 0.0000000000
3120  -22.944  -75.697  46.924 0.0000000000
3671  -22.573  -75.701  47.691 0.0000000000
4211  -22.155  -74.924  47.082 0.0000000000
4210  -21.215  -74.530  47.529 0.0000000000
131048  -22.029  -74.581  46.293 0.0000000000
124835  -21.495  -74.340  44.218 0.0000000000
4254  -20.939  -73.870  44.912 0.0000000000
4801  -20.167  -73.624  44.400 0.0000000000
4811  -18.727  -73.816  44.334 0.0000000000
4812  -19.415  -73.671  43.811 0.0000000000
14383  0.075  -57.974  35.985 0.0000000000
14384  -0.966  -58.490  36.517 0.0000000000
15078  -1.007  -57.286  37.323 0.0000000000
15064  -1.770  -56.856  37.649 0.0000000000
15063  -0.911  -56.526  37.564 0.0000000000
16521  -1.076  -55.315  38.019 0.0000000000
15772  -0.451  -56.094  37.269 0.0000000000
15798  -1.100  -55.955  34.987 0.0000000000
16567  -0.786  -55.520  35.558 0.0000000000
15799  -2.162  -56.121  35.128 0.0000000000
16569  -2.663  -55.156  35.310 0.0000000000
133896  -2.707  -55.680  35.302 0.0000000000
13115  -3.684  -60.051  33.097 0.0000000000
13738  -3.399  -59.300  33.628 0.0000000000
13739  -4.283  -59.800  33.777 0.0000000000
15132  -5.778  -57.776  34.258 0.0000000000
14412  -5.177  -58.417  34.506 0.0000000000
15112  -5.160  -56.769  35.074 0.0000000000
15816  -5.533  -56.329  34.601 0.0000000000
123729  -5.595  -55.805  34.465 0.0000000000
15826  -5.833  -56.088  33.748 0.0000000000
15841  -5.659  -55.729  31.790 0.0000000000
136383  -5.418  -55.303  31.944 0.0000000000
16612  -5.173  -55.192  31.329 0.0000000000
16628  -5.036  -55.097  30.636 0.0000000000
2851  -0.641  -77.854  24.435 0.0000000000
3386  -0.754  -77.931  23.570 0.0000000000
2394  -0.964  -78.721  23.742 0.0000000000
143572  -5.167  -79.103  22.222 0.0000000000
2406  -3.310  -79.561  22.237 0.0000000000
2417  -5.316  -79.285  21.500 0.0000000000
139882  -5.655  -79.570  20.096 0.0000000000
2429  -6.283  -79.183  20.278 0.0000000000
3405  -8.471  -76.789  22.851 0.0000000000
127203  -7.762  -77.220  22.823 0.0000000000
3416  -8.683  -76.825  21.824 0.0000000000
3438  -10.051  -77.149  19.637 0.0000000000
2902  -9.211  -77.365  19.962 0.0000000000
123592  -9.508  -77.724  18.966 0.0000000000
2910  -8.645  -78.006  19.283 0.0000000000
2918  -9.877  -78.021  17.714 0.0000000000
2929  -9.838  -78.253  16.389 0.0000000000
2919  -10.769  -77.601  17.840 0.0000000000
3458  -12.967  -76.667  15.155 0.0000000000
3457  -12.340  -77.112  15.496 0.0000000000
3468  -12.994  -76.307  14.389 0.0000000000
4020  -12.309  -75.918  14.483 0.0000000000
4041  -13.471  -75.201  14.085 0.0000000000
158  -16.415  -85.925  25.930 0.0000000000
85  -15.755  -86.197  26.239 0.0000000000
328  -15.602  -85.390  27.023 0.0000000000
320  -15.971  -84.712  27.980 0.0000000000
578  -16.588  -84.118  28.497 0.0000000000
600  -19.273  -83.615  25.720 0.0000000000
599  -18.570  -84.156  25.900 0.0000000000
924  -18.865  -83.216  26.584 0.0000000000
1210  -18.301  -81.422  29.616 0.0000000000
901  -17.819  -82.965  28.718 0.0000000000
1209  -17.771  -81.965  30.054 0.0000000000
887  -17.200  -82.494  30.453 0.0000000000
1199  -17.365  -81.752  30.798 0.0000000000
1195  -17.056  -81.030  31.340 0.0000000000
1522  -16.949  -80.163  31.373 0.0000000000
2299  -17.547  -77.903  30.128 0.0000000000
2298  -16.721  -78.388  30.150 0.0000000000
132336  -16.538  -78.336  29.191 0.0000000000
2329  -16.616  -78.552  28.254 0.0000000000
2345  -17.172  -77.950  27.851 0.0000000000
2346  -22.024  -78.721  27.748 0.0000000000
30960  -27.368  -40.104  38.061 0.0000000000
31834  -26.744  -38.068  37.741 0.0000000000
128138  -25.722  -36.377  35.661 0.0000000000
30977  -27.073  -38.797  31.726 0.0000000000
30997  -26.004  -38.879  30.755 0.0000000000
30117  -25.681  -39.691  30.453 0.0000000000
28307  -26.909  -42.109  30.083 0.0000000000
28306  -23.896  -42.078  30.066 0.0000000000
4075  -18.502  -73.615  62.038 0.0000000000
4688  -17.847  -73.249  62.742 0.0000000000
4082  -18.477  -74.552  61.496 0.0000000000
3521  -18.365  -75.442  60.925 0.0000000000
120415  -19.035  -74.548  61.183 0.0000000000
4092  -21.470  -74.139  60.095 0.0000000000
4091  -20.366  -74.397  60.207 0.0000000000
3531  -20.794  -74.747  59.538 0.0000000000
3538  -21.253  -75.145  58.778 0.0000000000
12585  -1.954  -60.917  20.804 0.0000000000
13250  -2.730  -60.031  21.351 0.0000000000
12559  -2.991  -59.746  22.778 0.0000000000
12572  -3.285  -60.026  22.018 0.0000000000
2338  -0.492  -78.276  27.899 0.0000000000
2354  -0.498  -78.196  26.877 0.0000000000
2356  -2.099  -78.532  26.059 0.0000000000
123413  -1.750  -80.814  28.177 0.0000000000
135388  -1.198  -80.335  28.720 0.0000000000
2309  -4.588  -78.889  29.223 0.0000000000
2308  -3.784  -78.787  29.002 0.0000000000
2793  -4.728  -78.141  28.191 0.0000000000
2792  -4.244  -78.144  27.460 0.0000000000
2811  -5.195  -77.861  27.661 0.0000000000
3344  -6.531  -77.233  27.070 0.0000000000
3325  -6.599  -77.130  27.937 0.0000000000
3289  -8.632  -77.108  29.247 0.0000000000
3872  -10.132  -75.658  28.566 0.0000000000
290  -11.890  -84.451  30.981 0.0000000000
137689  -11.152  -84.772  31.131 0.0000000000
550  -11.336  -83.710  31.347 0.0000000000
1529  -12.556  -80.188  30.691 0.0000000000
1192  -12.686  -81.149  31.442 0.0000000000
1528  -11.668  -80.422  30.650 0.0000000000
119653  -9.786  -81.809  29.334 0.0000000000
1539  -10.479  -80.828  30.081 0.0000000000
1526  -10.064  -80.992  30.712 0.0000000000
1182  -10.113  -81.614  31.479 0.0000000000
1198  -9.211  -81.412  30.715 0.0000000000
1188  -8.766  -81.724  31.376 0.0000000000
1204  -8.793  -81.888  30.263 0.0000000000
326  -8.545  -85.345  27.838 0.0000000000
317  -7.898  -84.938  28.959 0.0000000000
140  -7.996  -85.539  28.295 0.0000000000
124155  -7.137  -85.734  28.292 0.0000000000
140535  -14.489  -84.027  22.348 0.0000000000
630  -13.837  -84.113  22.532 0.0000000000
624  -12.756  -84.007  23.614 0.0000000000
362  -12.979  -84.318  22.818 0.0000000000
634  -9.764  -83.933  20.609 0.0000000000
372  -10.689  -84.360  21.235 0.0000000000
122100  -10.466  -84.829  22.124 0.0000000000
128169  -11.099  -84.933  22.871 0.0000000000
366  -10.262  -85.187  22.886 0.0000000000
177  -9.961  -85.531  24.109 0.0000000000
183  -9.491  -85.291  22.911 0.0000000000
359  -7.204  -84.381  23.310 0.0000000000
353  -7.243  -84.960  23.812 0.0000000000
342  -6.295  -84.865  25.001 0.0000000000
614  -6.009  -83.469  24.137 0.0000000000
132705  -8.257  -81.589  24.256 0.0000000000
1268  -6.550  -82.184  24.641 0.0000000000
1257  -8.041  -81.331  25.077 0.0000000000
1246  -6.912  -81.330  26.023 0.0000000000
1597  -8.595  -80.767  25.634 0.0000000000
33867  -16.521  -37.067  27.061 0.0000000000
32807  -12.802  -37.809  29.758 0.0000000000
135667  -11.936  -37.782  30.052 0.0000000000
23515  -22.946  -47.066  37.233 0.0000000000
23522  -22.831  -47.774  36.826 0.0000000000
141121  -22.697  -49.286  34.870 0.0000000000
21817  -22.412  -49.204  36.073 0.0000000000
20964  -21.380  -50.500  36.434 0.0000000000
21816  -21.794  -49.781  36.497 0.0000000000
20982  -21.812  -51.141  34.921 0.0000000000
20163  -22.083  -51.982  34.111 0.0000000000
19279  -22.544  -53.099  33.564 0.0000000000
18371  -21.189  -54.314  33.728 0.0000000000
17448  -21.817  -55.124  33.830 0.0000000000
17427  -21.226  -55.663  34.599 0.0000000000
21797  -18.983  -50.169  39.208 0.0000000000
20099  -16.754  -51.936  38.828 0.0000000000
20094  -17.076  -51.320  39.274 0.0000000000
20106  -17.067  -52.197  38.194 0.0000000000
18325  -17.046  -53.358  35.984 0.0000000000
19222  -17.799  -52.546  37.039 0.0000000000
19238  -17.631  -52.994  36.411 0.0000000000
19223  -18.497  -52.398  36.904 0.0000000000
121952  -18.247  -52.795  36.376 0.0000000000
19256  -18.729  -53.123  35.638 0.0000000000
18348  -18.409  -53.768  34.918 0.0000000000
16590  -18.537  -56.411  33.983 0.0000000000
15792  -18.973  -56.981  35.146 0.0000000000
140676  -12.630  -52.863  42.848 0.0000000000
18268  -12.530  -52.964  42.305 0.0000000000
18267  -11.883  -53.428  42.006 0.0000000000
15718  -2.746  -56.245  41.888 0.0000000000
15719  -3.946  -56.133  42.086 0.0000000000
15735  -3.430  -55.623  41.409 0.0000000000
16500  -6.037  -54.947  41.512 0.0000000000
16486  -5.565  -55.481  41.821 0.0000000000
17341  -6.946  -54.785  41.730 0.0000000000
17342  -7.873  -54.673  42.028 0.0000000000
18247  -8.282  -54.215  41.662 0.0000000000
17363  -7.345  -54.586  40.173 0.0000000000
18273  -8.347  -53.824  40.764 0.0000000000
17364  -8.439  -54.059  39.799 0.0000000000
18280  -9.634  -53.431  39.642 0.0000000000
17365  -9.118  -53.807  39.377 0.0000000000
17378  -9.401  -54.251  38.679 0.0000000000
16508  -8.753  -54.530  39.274 0.0000000000
15049  -8.618  -56.872  39.602 0.0000000000
5851  -5.256  -71.179  55.014 0.0000000000
6416  -4.441  -70.574  54.502 0.0000000000
6980  -3.331  -69.490  52.851 0.0000000000
142345  -3.229  -69.730  53.505 0.0000000000
6979  -2.431  -69.260  53.394 0.0000000000
7539  -4.333  -68.449  50.326 0.0000000000
7552  -5.074  -68.203  48.072 0.0000000000
6481  -4.601  -70.758  47.916 0.0000000000
6494  -5.146  -69.872  47.476 0.0000000000
121644  -4.064  -70.519  47.306 0.0000000000
127704  -3.259  -70.546  46.743 0.0000000000
6493  -3.028  -70.902  47.509 0.0000000000
5316  -2.851  -73.089  50.827 0.0000000000
138962  -3.245  -72.452  50.356 0.0000000000
5315  -2.712  -72.759  50.091 0.0000000000
4205  -2.533  -74.279  47.722 0.0000000000
4764  -2.442  -73.248  48.977 0.0000000000
5339  -2.263  -72.882  48.240 0.0000000000
132447  -1.816  -72.555  47.541 0.0000000000
4784  -2.799  -73.881  46.211 0.0000000000
141749  -2.683  -73.998  45.531 0.0000000000
4228  -2.717  -74.470  45.546 0.0000000000
2625  -1.272  -77.415  45.476 0.0000000000
138089  -1.226  -76.921  45.148 0.0000000000
2148  -1.261  -78.088  44.300 0.0000000000
136944  -1.378  -78.854  43.910 0.0000000000
1765  -1.845  -79.379  44.343 0.0000000000
3619  -6.717  -75.541  51.002 0.0000000000
3060  -5.788  -76.355  51.577 0.0000000000
3632  -6.710  -75.330  50.051 0.0000000000
3104  -6.538  -76.395  47.327 0.0000000000
3643  -5.645  -75.970  48.821 0.0000000000
3093  -5.100  -76.427  48.101 0.0000000000
3092  -4.211  -76.857  48.160 0.0000000000
3102  -4.867  -76.914  47.401 0.0000000000
1718  -7.033  -79.373  49.578 0.0000000000
1726  -7.173  -79.093  48.402 0.0000000000
1725  -6.534  -79.673  48.147 0.0000000000
1388  -5.237  -80.185  46.099 0.0000000000
1746  -5.902  -79.394  46.480 0.0000000000
121535  -5.284  -79.241  46.095 0.0000000000
127796  -4.417  -78.843  46.043 0.0000000000
1744  -3.629  -79.565  45.733 0.0000000000
1743  -2.828  -79.161  45.901 0.0000000000
1758  -3.849  -80.364  45.533 0.0000000000
1058  -3.147  -81.374  44.731 0.0000000000
2991  -18.060  -76.646  59.803 0.0000000000
2504  -17.716  -77.249  59.104 0.0000000000
138759  -18.042  -77.085  58.381 0.0000000000
3004  -17.881  -77.322  56.862 0.0000000000
2516  -17.649  -78.104  56.657 0.0000000000
2061  -17.472  -78.718  56.236 0.0000000000
2522  -17.615  -77.941  55.819 0.0000000000
2070  -16.821  -78.053  53.234 0.0000000000
2071  -17.262  -78.879  54.006 0.0000000000
2078  -17.158  -79.147  53.203 0.0000000000
135984  -17.385  -79.898  53.120 0.0000000000
125272  -17.271  -79.569  52.463 0.0000000000
1715  -18.189  -79.768  50.381 0.0000000000
1707  -17.767  -79.850  51.074 0.0000000000
1363  -18.392  -80.149  50.108 0.0000000000
1369  -18.201  -80.521  49.812 0.0000000000
1370  -18.874  -80.034  49.577 0.0000000000
3650  -21.543  -75.766  49.445 0.0000000000
136364  -21.318  -75.981  50.098 0.0000000000
133972  -20.676  -75.391  49.676 0.0000000000
124522  -18.250  -74.566  48.874 0.0000000000
3649  -18.961  -74.765  49.901 0.0000000000
4186  -17.753  -74.760  49.168 0.0000000000
3127  -17.579  -76.392  45.571 0.0000000000
3119  -17.477  -75.621  46.160 0.0000000000
2143  -19.221  -78.339  46.448 0.0000000000
125337  -17.703  -77.139  46.871 0.0000000000
2612  -18.267  -77.734  47.343 0.0000000000
2110  -17.885  -78.334  49.026 0.0000000000
2112  -19.606  -78.866  47.966 0.0000000000
1396  -20.492  -80.481  47.238 0.0000000000
1386  -20.208  -80.069  47.836 0.0000000000
1395  -19.633  -80.477  47.463 0.0000000000
1055  -19.791  -80.922  46.815 0.0000000000
1066  -18.856  -81.176  45.848 0.0000000000
731  -19.430  -81.913  45.613 0.0000000000
439  -21.311  -83.263  44.452 0.0000000000
438  -20.526  -83.365  44.458 0.0000000000
224  -21.034  -83.661  42.926 0.0000000000
1117  -22.389  -81.545  41.533 0.0000000000
1101  -22.468  -82.588  43.003 0.0000000000
1110  -23.265  -82.289  41.702 0.0000000000
800  -23.112  -82.625  38.474 0.0000000000
285  -22.342  -84.602  32.518 0.0000000000
120  -21.237  -85.158  31.156 0.0000000000
136305  -20.791  -85.688  29.754 0.0000000000
121  -22.502  -85.172  31.003 0.0000000000
122935  -25.040  -82.428  34.211 0.0000000000
880  -22.886  -83.080  31.069 0.0000000000
138028  -23.691  -83.722  31.073 0.0000000000
305  -23.234  -84.560  30.076 0.0000000000
128  -22.856  -85.224  30.070 0.0000000000
313  -22.853  -85.009  29.255 0.0000000000
146  -22.373  -85.130  28.401 0.0000000000
573  -22.779  -84.362  29.131 0.0000000000
903  -22.601  -83.187  27.934 0.0000000000
24447  -23.603  -46.269  36.099 0.0000000000
24451  -23.633  -46.660  35.275 0.0000000000
139032  -24.758  -49.727  33.258 0.0000000000
22701  -23.875  -48.910  32.938 0.0000000000
22702  -24.824  -48.969  33.071 0.0000000000
142960  -24.432  -48.327  32.952 0.0000000000
22679  -25.845  -48.128  34.359 0.0000000000
20967  -24.392  -50.010  36.038 0.0000000000
21812  -24.278  -48.471  37.748 0.0000000000
23518  -26.321  -46.231  38.424 0.0000000000
23524  -24.924  -46.633  37.732 0.0000000000
23526  -26.596  -45.707  37.476 0.0000000000
23531  -26.026  -46.166  35.728 0.0000000000
23532  -26.722  -46.657  36.512 0.0000000000
23544  -27.429  -45.971  35.989 0.0000000000
23533  -28.220  -46.204  36.284 0.0000000000
22681  -28.663  -48.187  34.773 0.0000000000
21851  -28.552  -49.057  34.368 0.0000000000
25397  -8.048  -45.970  32.587 0.0000000000
24475  -7.179  -45.774  33.045 0.0000000000
24464  -4.850  -45.471  33.281 0.0000000000
25395  -5.169  -44.794  32.957 0.0000000000
27296  -4.872  -43.441  32.112 0.0000000000
26350  -4.530  -44.300  32.255 0.0000000000
18302  -1.278  -53.357  37.577 0.0000000000
18303  -1.908  -52.997  37.940 0.0000000000
19215  -1.261  -52.578  36.977 0.0000000000
20159  -1.111  -51.535  34.695 0.0000000000
20975  -1.276  -51.017  35.289 0.0000000000
21000  -1.437  -50.693  34.533 0.0000000000
21001  -1.873  -49.900  34.396 0.0000000000
20180  -4.871  -51.997  33.116 0.0000000000
20201  -4.635  -51.302  32.540 0.0000000000
21913  -4.407  -49.337  30.981 0.0000000000
21067  -4.054  -49.811  31.428 0.0000000000
21912  -3.525  -49.138  31.376 0.0000000000
21889  -2.838  -49.209  31.977 0.0000000000
22737  -3.102  -48.345  31.823 0.0000000000
23586  -3.338  -47.445  31.807 0.0000000000
24502  -5.684  -46.773  29.891 0.0000000000
24501  -4.712  -46.552  30.419 0.0000000000
24528  -5.253  -45.735  30.070 0.0000000000
25420  -4.723  -44.799  30.824 0.0000000000
25442  -5.554  -44.818  30.088 0.0000000000
3400  -1.548  -77.602  22.323 0.0000000000
3475  -7.597  -76.229  15.376 0.0000000000
3474  -6.695  -76.213  15.890 0.0000000000
4028  -6.819  -75.574  15.668 0.0000000000
7912  -9.271  -67.597  16.332 0.0000000000
9198  -8.993  -66.455  17.025 0.0000000000
10558  -7.625  -64.466  18.844 0.0000000000
10589  -7.260  -64.311  17.796 0.0000000000
10571  -6.444  -63.874  17.908 0.0000000000
11317  -5.979  -63.307  18.391 0.0000000000
125391  -4.423  -62.375  18.923 0.0000000000
11298  -6.050  -62.795  19.041 0.0000000000
10524  -4.798  -64.249  21.701 0.0000000000
10539  -5.301  -63.028  20.909 0.0000000000
125146  -4.536  -63.339  21.861 0.0000000000
11242  -4.233  -62.309  22.222 0.0000000000
11243  -4.254  -63.491  22.774 0.0000000000
4608  -15.089  -74.413  17.158 0.0000000000
5179  -15.770  -73.171  14.535 0.0000000000
5777  -14.911  -72.988  14.343 0.0000000000
127142  -13.807  -73.771  14.671 0.0000000000
5756  -14.471  -72.124  15.733 0.0000000000
8576  -13.730  -66.936  16.560 0.0000000000
9200  -14.212  -66.500  16.829 0.0000000000
129889  -14.482  -69.079  15.516 0.0000000000
6878  -14.091  -70.485  18.635 0.0000000000
6879  -14.342  -70.304  17.302 0.0000000000
6317  -13.730  -71.468  18.690 0.0000000000
6330  -13.983  -71.809  17.674 0.0000000000
5718  -12.754  -71.886  19.300 0.0000000000
5717  -11.638  -72.333  19.426 0.0000000000
6304  -12.666  -71.314  20.052 0.0000000000
138471  -10.615  -69.774  21.811 0.0000000000
6827  -10.952  -70.293  21.425 0.0000000000
7298  -9.942  -69.443  22.020 0.0000000000
7313  -7.901  -69.758  21.210 0.0000000000
7827  -9.255  -69.013  22.195 0.0000000000
9134  -12.376  -66.071  22.642 0.0000000000
8501  -12.298  -66.795  22.279 0.0000000000
9118  -11.402  -66.336  23.484 0.0000000000
9104  -8.905  -66.152  24.185 0.0000000000
9117  -9.408  -66.622  23.635 0.0000000000
9116  -8.404  -66.611  23.454 0.0000000000
8483  -7.785  -67.212  22.872 0.0000000000
9115  -7.446  -66.512  23.291 0.0000000000
9114  -6.506  -66.344  23.158 0.0000000000
9781  -7.054  -66.012  23.782 0.0000000000
10446  -7.019  -64.921  25.729 0.0000000000
10466  -6.364  -65.105  24.891 0.0000000000
10445  -6.031  -64.484  25.441 0.0000000000
11201  -5.192  -64.070  25.089 0.0000000000
11155  -5.240  -63.087  26.381 0.0000000000
11876  -5.747  -62.521  27.025 0.0000000000
11877  -6.523  -62.972  27.187 0.0000000000
12512  -8.737  -61.425  27.817 0.0000000000
12511  -7.704  -61.610  27.978 0.0000000000
13180  -8.904  -60.674  28.371 0.0000000000
13173  -8.846  -60.094  29.327 0.0000000000
13823  -9.804  -59.667  25.427 0.0000000000
13196  -10.281  -60.089  26.238 0.0000000000
129808  -9.897  -59.319  26.277 0.0000000000
14499  -7.300  -57.537  27.009 0.0000000000
122984  -8.793  -58.184  26.941 0.0000000000
15179  -8.786  -57.817  28.401 0.0000000000
15174  -8.901  -57.926  29.432 0.0000000000
15178  -8.109  -57.201  28.911 0.0000000000
27252  -23.042  -44.281  34.546 0.0000000000
130242  -2.039  -65.158  46.238 0.0000000000
8839  -2.349  -65.797  46.043 0.0000000000
9488  -2.458  -65.466  46.779 0.0000000000
8841  -3.378  -66.544  46.742 0.0000000000
122340  -16.163  -73.714  60.711 0.0000000000
4704  -15.560  -73.642  60.166 0.0000000000
4705  -16.187  -73.871  59.916 0.0000000000
4098  -16.121  -74.195  58.968 0.0000000000
4107  -15.932  -74.409  58.016 0.0000000000
4122  -15.533  -74.820  56.132 0.0000000000
3556  -15.979  -75.306  57.013 0.0000000000
3010  -15.933  -76.199  57.346 0.0000000000
122807  -15.606  -76.826  56.989 0.0000000000
3009  -15.752  -77.045  57.820 0.0000000000
2051  -15.908  -78.116  58.569 0.0000000000
13833  -1.805  -59.204  24.151 0.0000000000
13819  -1.412  -58.948  25.465 0.0000000000
13206  -2.365  -59.308  25.432 0.0000000000
122105  -2.482  -59.417  26.459 0.0000000000
13185  -2.852  -59.626  27.311 0.0000000000
136315  -3.994  -60.203  27.948 0.0000000000
13186  -4.880  -60.674  28.058 0.0000000000
3907  -9.656  -75.641  26.241 0.0000000000
3922  -9.496  -75.907  25.137 0.0000000000
3923  -10.213  -75.379  25.586 0.0000000000
3924  -10.728  -75.030  24.996 0.0000000000
138331  -11.572  -74.342  24.532 0.0000000000
1264  -23.421  -81.494  24.645 0.0000000000
26357  -29.556  -45.236  33.454 0.0000000000
28264  -29.041  -43.726  34.987 0.0000000000
123708  -29.851  -44.511  31.097 0.0000000000
25433  -27.369  -45.065  29.555 0.0000000000
24513  -27.379  -45.626  29.499 0.0000000000
23646  -26.502  -46.677  29.413 0.0000000000
548  -5.025  -82.690  31.753 0.0000000000
139901  -4.321  -83.670  30.485 0.0000000000
129993  -3.465  -83.481  30.016 0.0000000000
568  -2.781  -83.089  28.939 0.0000000000
575  -3.549  -83.637  28.777 0.0000000000
324  -3.920  -83.790  27.263 0.0000000000
593  -3.848  -83.383  26.229 0.0000000000
1576  -15.449  -80.360  27.781 0.0000000000
1575  -14.866  -80.769  27.855 0.0000000000
136148  -15.366  -80.798  27.012 0.0000000000
1249  -14.949  -81.317  26.431 0.0000000000
1258  -14.816  -81.709  25.645 0.0000000000
29205  -7.693  -41.160  31.748 0.0000000000
132095  -8.226  -40.479  31.277 0.0000000000
30080  -7.262  -40.402  31.418 0.0000000000
30086  -6.876  -40.011  31.000 0.0000000000
30103  -6.954  -40.162  30.535 0.0000000000
30128  -7.640  -39.923  29.817 0.0000000000
30127  -7.185  -40.613  29.811 0.0000000000
29248  -7.343  -41.906  29.320 0.0000000000
20091  -14.906  -52.207  40.293 0.0000000000
19197  -14.508  -52.924  39.684 0.0000000000
139846  -13.456  -53.487  38.256 0.0000000000
18309  -12.397  -53.564  37.440 0.0000000000
18322  -12.125  -53.960  36.803 0.0000000000
17393  -10.727  -54.192  37.399 0.0000000000
16538  -10.197  -54.974  37.627 0.0000000000
11681  -0.620  -61.667  39.013 0.0000000000
12371  -0.771  -60.704  39.254 0.0000000000
12396  -0.859  -60.998  38.092 0.0000000000
11698  -1.198  -61.831  37.298 0.0000000000
4116  -5.934  -75.237  55.677 0.0000000000
4127  -6.300  -74.257  55.290 0.0000000000
3578  -5.008  -75.823  55.198 0.0000000000
4125  -4.618  -75.354  54.415 0.0000000000
3592  -3.627  -75.702  53.933 0.0000000000
4136  -3.353  -75.195  53.224 0.0000000000
3591  -3.453  -76.432  53.905 0.0000000000
3048  -3.218  -76.717  52.683 0.0000000000
3059  -3.719  -76.869  51.681 0.0000000000
1694  -7.306  -80.086  53.908 0.0000000000
1344  -6.017  -80.473  52.615 0.0000000000
1693  -6.133  -80.710  53.799 0.0000000000
718  -15.633  -82.568  47.962 0.0000000000
717  -14.833  -83.244  47.442 0.0000000000
723  -15.310  -82.069  46.367 0.0000000000
140041  -15.644  -81.612  44.463 0.0000000000
754  -15.161  -82.390  43.737 0.0000000000
1087  -16.196  -81.641  44.008 0.0000000000
742  -18.123  -82.078  44.312 0.0000000000
3064  -20.787  -76.156  51.851 0.0000000000
3627  -20.039  -75.531  51.253 0.0000000000
3168  -17.653  -76.474  41.714 0.0000000000
2657  -17.477  -77.098  42.947 0.0000000000
2189  -17.684  -77.927  41.531 0.0000000000
130283  -18.076  -78.684  41.106 0.0000000000
1812  -19.317  -79.644  40.382 0.0000000000
1451  -19.963  -80.179  40.519 0.0000000000
1821  -19.863  -79.591  39.766 0.0000000000
1822  -20.520  -79.714  39.315 0.0000000000
1833  -21.414  -79.775  38.372 0.0000000000
1842  -21.536  -79.570  37.486 0.0000000000
1841  -20.745  -79.295  37.852 0.0000000000
2240  -20.894  -79.098  37.007 0.0000000000
19218  -4.540  -52.915  37.410 0.0000000000
19217  -3.510  -52.504  37.451 0.0000000000
17480  -6.058  -54.036  31.996 0.0000000000
18394  -6.681  -53.732  32.736 0.0000000000
139940  -6.827  -53.560  31.532 0.0000000000
4008  -10.792  -75.943  15.674 0.0000000000
121946  -9.654  -75.675  15.594 0.0000000000
4604  -10.018  -75.293  16.980 0.0000000000
5144  -9.237  -74.326  17.346 0.0000000000
5742  -8.905  -72.749  17.360 0.0000000000
6329  -9.012  -71.586  17.056 0.0000000000
5728  -8.693  -72.800  18.385 0.0000000000
5714  -8.485  -72.183  18.865 0.0000000000
121698  -8.906  -71.816  19.509 0.0000000000
12574  -8.714  -61.211  22.116 0.0000000000
133653  -23.752  -43.755  34.024 0.0000000000
121176  -28.963  -45.920  34.126 0.0000000000
1178  -7.160  -82.300  32.102 0.0000000000
32799  -25.421  -37.565  31.041 0.0000000000
33809  -24.703  -36.702  31.063 0.0000000000
32808  -24.595  -38.043  29.872 0.0000000000
32830  -24.392  -37.366  29.850 0.0000000000
32829  -23.813  -37.787  29.426 0.0000000000
31019  -20.899  -39.381  29.420 0.0000000000
31915  -20.188  -38.285  28.391 0.0000000000
32850  -19.285  -38.253  28.069 0.0000000000
32849  -18.298  -38.345  27.951 0.0000000000
31914  -17.793  -38.859  28.355 0.0000000000
11612  -2.565  -62.157  45.393 0.0000000000
122755  -2.984  -61.670  44.868 0.0000000000
11631  -2.443  -62.727  44.483 0.0000000000
11645  -2.782  -62.638  43.413 0.0000000000
11652  -2.918  -62.145  42.407 0.0000000000
11659  -2.154  -62.454  41.343 0.0000000000
139577  -1.507  -63.531  41.633 0.0000000000
10245  -1.023  -63.974  40.903 0.0000000000
10229  -0.825  -64.747  40.901 0.0000000000
9554  -0.763  -65.585  41.050 0.0000000000
8258  -0.687  -67.242  40.913 0.0000000000
8243  -0.942  -67.785  41.818 0.0000000000
7065  -2.268  -69.464  44.344 0.0000000000
7075  -1.754  -69.425  43.440 0.0000000000
5970  -1.177  -71.338  43.427 0.0000000000
133726  -0.561  -71.958  42.938 0.0000000000
4817  -0.316  -73.539  42.541 0.0000000000
4804  -0.362  -72.862  43.218 0.0000000000
4805  -0.775  -73.813  43.529 0.0000000000
4243  -1.858  -74.362  43.959 0.0000000000
4096  -12.651  -74.864  59.051 0.0000000000
3526  -12.106  -75.546  59.602 0.0000000000
3534  -12.091  -75.436  58.653 0.0000000000
3001  -11.143  -75.914  57.844 0.0000000000
3552  -10.625  -75.942  57.058 0.0000000000
3566  -9.772  -75.569  55.196 0.0000000000
3581  -9.513  -75.387  54.435 0.0000000000
3595  -9.211  -75.190  53.709 0.0000000000
3596  -10.034  -75.020  53.780 0.0000000000
4142  -10.600  -74.695  52.985 0.0000000000
4166  -11.743  -74.556  51.798 0.0000000000
3040  -14.185  -76.445  52.968 0.0000000000
2558  -13.620  -76.473  52.188 0.0000000000
2547  -13.148  -77.387  52.299 0.0000000000
2075  -11.481  -77.982  52.445 0.0000000000
2068  -10.679  -78.450  52.979 0.0000000000
136007  -11.569  -78.540  53.334 0.0000000000
1697  -10.709  -79.033  53.916 0.0000000000
125933  -10.768  -79.771  54.857 0.0000000000
1335  -10.971  -80.583  55.525 0.0000000000
1682  -11.958  -80.440  55.690 0.0000000000
1327  -12.592  -80.682  55.835 0.0000000000
1329  -15.485  -80.437  56.211 0.0000000000
1328  -14.763  -80.734  55.959 0.0000000000
994  -15.331  -81.250  54.419 0.0000000000
1000  -15.768  -81.371  53.501 0.0000000000
684  -15.591  -82.018  52.117 0.0000000000
1007  -16.126  -81.508  52.669 0.0000000000
126989  -17.041  -81.304  52.347 0.0000000000
1008  -17.418  -80.902  52.258 0.0000000000
3099  -23.482  -77.398  48.134 0.0000000000
2613  -23.897  -77.811  47.584 0.0000000000
140942  -0.065  -58.264  34.705 0.0000000000
15107  -0.332  -57.210  35.493 0.0000000000
15094  -0.207  -57.078  36.340 0.0000000000
15119  -0.754  -57.064  34.355 0.0000000000
143120  -1.392  -56.862  34.187 0.0000000000
134534  -2.032  -56.995  34.284 0.0000000000
13117  -5.689  -60.316  33.107 0.0000000000
132626  -5.103  -60.010  33.680 0.0000000000
13741  -6.494  -59.801  33.121 0.0000000000
14425  -6.438  -58.980  33.500 0.0000000000
15133  -6.323  -58.007  33.641 0.0000000000
15143  -6.103  -56.891  33.482 0.0000000000
15144  -6.608  -57.454  32.951 0.0000000000
15842  -6.316  -56.332  31.553 0.0000000000
15855  -6.650  -56.288  30.578 0.0000000000
2386  -2.459  -79.087  24.228 0.0000000000
131699  -2.713  -79.277  23.490 0.0000000000
2398  -4.816  -78.717  23.482 0.0000000000
2408  -6.023  -78.727  22.165 0.0000000000
3407  -10.031  -76.044  22.064 0.0000000000
3417  -9.479  -76.512  21.499 0.0000000000
122968  -11.285  -76.410  19.739 0.0000000000
3439  -10.883  -76.982  19.066 0.0000000000
2920  -11.595  -77.193  17.870 0.0000000000
3441  -12.196  -76.483  18.560 0.0000000000
4009  -12.944  -76.591  16.611 0.0000000000
133662  -13.491  -76.282  16.239 0.0000000000
134131  -18.844  -86.389  28.557 0.0000000000
136032  -17.526  -86.794  27.755 0.0000000000
143680  -17.780  -86.808  27.158 0.0000000000
87  -17.550  -86.320  25.923 0.0000000000
338  -17.284  -85.338  25.899 0.0000000000
912  -19.880  -81.920  26.803 0.0000000000
911  -19.107  -82.367  27.316 0.0000000000
1236  -18.989  -81.803  28.057 0.0000000000
1220  -18.663  -81.659  28.776 0.0000000000
1545  -18.407  -80.592  29.945 0.0000000000
1532  -18.010  -80.252  30.532 0.0000000000
1910  -18.406  -79.660  30.186 0.0000000000
133562  -18.037  -78.266  30.323 0.0000000000
2786  -17.801  -77.332  29.514 0.0000000000
30961  -27.875  -39.225  37.039 0.0000000000
31837  -27.297  -38.119  36.825 0.0000000000
32790  -26.703  -37.337  35.673 0.0000000000
32793  -26.732  -37.515  34.207 0.0000000000
30093  -26.985  -39.555  31.105 0.0000000000
4690  -19.072  -73.117  61.765 0.0000000000
4083  -19.987  -73.922  60.793 0.0000000000
12604  -2.562  -61.252  20.223 0.0000000000
119371  -0.373  -78.423  29.059 0.0000000000
138816  -0.421  -78.365  28.605 0.0000000000
1215  -3.682  -81.107  27.976 0.0000000000
1536  -3.320  -79.842  29.159 0.0000000000
1537  -4.274  -80.040  29.334 0.0000000000
1904  -5.039  -79.448  29.370 0.0000000000
2780  -6.172  -78.226  29.223 0.0000000000
2795  -6.487  -77.493  28.690 0.0000000000
134316  -6.719  -78.617  29.308 0.0000000000
2312  -8.229  -78.246  29.262 0.0000000000
2313  -8.927  -78.155  29.147 0.0000000000
292  -13.595  -84.096  30.924 0.0000000000
909  -11.715  -82.030  27.921 0.0000000000
138049  -11.499  -80.772  29.387 0.0000000000
900  -10.925  -82.107  28.222 0.0000000000
899  -10.198  -82.340  28.525 0.0000000000
898  -9.504  -82.674  28.852 0.0000000000
897  -8.798  -83.126  29.164 0.0000000000
585  -9.511  -83.959  27.685 0.0000000000
327  -9.131  -84.941  27.365 0.0000000000
157  -8.760  -85.685  26.142 0.0000000000
639  -9.362  -83.459  20.378 0.0000000000
633  -8.986  -83.949  20.986 0.0000000000
132967  -8.986  -84.981  22.391 0.0000000000
138741  -8.445  -84.117  21.610 0.0000000000
628  -7.897  -83.865  22.075 0.0000000000
623  -7.382  -83.786  22.852 0.0000000000
950  -6.512  -83.111  23.761 0.0000000000
952  -7.889  -82.581  22.808 0.0000000000
1278  -8.422  -81.826  23.356 0.0000000000
1270  -9.028  -81.233  23.991 0.0000000000
32846  -15.498  -37.921  28.119 0.0000000000
32804  -10.402  -37.815  30.114 0.0000000000
32805  -11.188  -37.395  29.991 0.0000000000
22643  -21.482  -48.163  38.593 0.0000000000
20956  -21.184  -50.177  37.140 0.0000000000
20126  -21.243  -51.238  35.833 0.0000000000
19259  -21.583  -52.644  34.038 0.0000000000
19241  -20.860  -52.213  35.240 0.0000000000
126872  -20.336  -52.807  35.080 0.0000000000
18350  -20.242  -53.561  34.415 0.0000000000
19220  -16.048  -53.035  37.547 0.0000000000
19221  -16.961  -52.638  37.461 0.0000000000
19237  -16.497  -53.190  36.727 0.0000000000
18346  -16.570  -53.947  35.137 0.0000000000
18347  -17.496  -53.858  35.068 0.0000000000
18368  -18.092  -54.472  34.213 0.0000000000
17426  -17.122  -54.510  34.332 0.0000000000
15021  -7.209  -56.915  42.496 0.0000000000
15043  -2.523  -56.337  40.046 0.0000000000
16497  -3.215  -55.382  40.748 0.0000000000
16502  -3.318  -55.390  40.334 0.0000000000
16503  -4.384  -55.077  40.469 0.0000000000
125887  -5.983  -54.762  40.787 0.0000000000
18262  -7.249  -54.285  41.028 0.0000000000
17362  -5.895  -54.954  40.475 0.0000000000
122625  -6.632  -54.913  40.261 0.0000000000
16507  -7.252  -55.228  39.882 0.0000000000
128604  -8.338  -55.334  39.406 0.0000000000
15743  -6.720  -56.034  39.937 0.0000000000
15039  -7.178  -57.742  40.184 0.0000000000
5866  -6.630  -71.553  53.362 0.0000000000
6417  -5.393  -70.767  54.210 0.0000000000
6424  -5.981  -70.688  53.426 0.0000000000
6431  -5.232  -70.043  52.926 0.0000000000
6987  -4.408  -69.547  52.483 0.0000000000
6991  -3.468  -69.097  52.056 0.0000000000
6992  -4.719  -69.251  51.628 0.0000000000
6998  -5.102  -68.962  50.717 0.0000000000
7006  -6.172  -69.166  49.191 0.0000000000
7553  -5.767  -68.935  48.453 0.0000000000
7022  -6.220  -69.520  48.714 0.0000000000
6482  -5.665  -70.406  48.270 0.0000000000
5930  -5.002  -71.203  48.726 0.0000000000
4181  -1.839  -74.717  50.154 0.0000000000
133980  -2.250  -74.014  50.339 0.0000000000
124427  -1.824  -74.724  49.361 0.0000000000
4194  -1.603  -75.148  48.554 0.0000000000
3665  -1.745  -75.266  47.467 0.0000000000
3674  -1.885  -75.448  46.627 0.0000000000
3673  -1.213  -76.069  47.116 0.0000000000
125799  -1.312  -77.399  46.237 0.0000000000
2139  -2.008  -78.515  45.913 0.0000000000
4183  -8.117  -74.587  49.166 0.0000000000
3645  -7.485  -74.866  49.526 0.0000000000
134268  -7.980  -75.297  48.121 0.0000000000
3667  -7.451  -75.958  47.644 0.0000000000
137187  -7.289  -76.729  47.254 0.0000000000
1371  -5.115  -81.276  48.871 0.0000000000
1372  -5.887  -80.408  48.403 0.0000000000
1380  -5.352  -80.962  47.571 0.0000000000
135233  -4.996  -81.228  46.543 0.0000000000
1400  -4.418  -80.951  45.790 0.0000000000
123576  -4.373  -81.941  46.206 0.0000000000
126472  -19.184  -75.792  58.161 0.0000000000
3544  -18.511  -76.401  57.799 0.0000000000
3011  -18.296  -76.350  56.853 0.0000000000
3020  -17.881  -76.625  56.109 0.0000000000
132995  -17.425  -75.829  53.401 0.0000000000
2549  -16.661  -77.157  52.920 0.0000000000
133983  -16.512  -77.570  52.321 0.0000000000
2089  -17.544  -79.130  50.606 0.0000000000
2090  -18.275  -79.290  50.057 0.0000000000
143379  -20.373  -74.650  48.418 0.0000000000
4189  -20.463  -74.912  48.919 0.0000000000
4200  -19.823  -74.579  48.605 0.0000000000
4199  -18.508  -74.428  48.372 0.0000000000
4198  -17.862  -74.599  48.356 0.0000000000
128010  -18.459  -78.443  44.415 0.0000000000
2630  -18.438  -77.741  45.726 0.0000000000
2153  -19.081  -78.493  45.482 0.0000000000
2135  -19.904  -78.885  47.224 0.0000000000
143358  -20.553  -79.660  46.644 0.0000000000
1397  -20.902  -80.700  46.935 0.0000000000
1057  -21.198  -81.538  46.513 0.0000000000
1068  -20.939  -82.063  46.402 0.0000000000
1069  -21.412  -82.098  46.068 0.0000000000
746  -21.721  -82.882  44.647 0.0000000000
452  -22.423  -83.072  43.362 0.0000000000
1124  -24.323  -81.765  39.797 0.0000000000
777  -24.099  -82.339  40.741 0.0000000000
789  -24.230  -82.496  40.087 0.0000000000
266  -21.265  -83.925  33.939 0.0000000000
267  -22.334  -83.969  33.908 0.0000000000
278  -22.966  -84.311  33.074 0.0000000000
286  -23.404  -84.495  32.210 0.0000000000
125204  -23.931  -81.247  33.676 0.0000000000
1184  -23.053  -82.099  32.719 0.0000000000
863  -22.084  -82.430  31.571 0.0000000000
889  -22.332  -83.054  30.332 0.0000000000
121998  -22.380  -83.268  28.842 0.0000000000
888  -21.794  -82.418  30.284 0.0000000000
21849  -23.076  -49.293  33.536 0.0000000000
22678  -23.196  -48.511  34.166 0.0000000000
21874  -23.729  -49.809  33.288 0.0000000000
21010  -24.878  -50.209  33.583 0.0000000000
21850  -25.260  -49.913  34.144 0.0000000000
22645  -24.415  -48.673  38.455 0.0000000000
21803  -25.368  -48.724  38.895 0.0000000000
23510  -26.361  -47.379  38.609 0.0000000000
22654  -27.406  -48.078  37.848 0.0000000000
22666  -28.289  -47.213  36.294 0.0000000000
21820  -27.680  -49.053  36.928 0.0000000000
21004  -6.317  -50.031  35.099 0.0000000000
21844  -6.536  -49.277  34.697 0.0000000000
22696  -6.132  -47.963  34.228 0.0000000000
24466  -6.753  -46.440  33.406 0.0000000000
23554  -5.127  -46.830  33.879 0.0000000000
138594  -4.646  -46.100  33.493 0.0000000000
24463  -3.917  -45.663  33.048 0.0000000000
18338  -0.791  -53.853  35.752 0.0000000000
121745  -0.738  -52.893  35.802 0.0000000000
18361  -0.745  -53.055  35.074 0.0000000000
19272  -1.195  -52.408  34.584 0.0000000000
20178  -1.949  -51.341  33.350 0.0000000000
21043  -5.437  -50.890  32.235 0.0000000000
21069  -6.130  -50.351  31.858 0.0000000000
22739  -5.044  -48.754  30.687 0.0000000000
22760  -4.771  -47.965  30.560 0.0000000000
22761  -5.643  -48.171  30.471 0.0000000000
24529  -6.334  -46.161  29.680 0.0000000000
2009  -3.670  -79.260  20.231 0.0000000000
2898  -3.036  -78.036  20.039 0.0000000000
2439  -4.051  -78.942  19.449 0.0000000000
5774  -7.897  -73.111  14.805 0.0000000000
8556  -8.871  -67.014  18.034 0.0000000000
9189  -8.777  -66.255  17.841 0.0000000000
9183  -8.202  -65.953  18.723 0.0000000000
9182  -7.426  -65.882  19.451 0.0000000000
10557  -7.108  -64.052  19.308 0.0000000000
10540  -6.037  -63.371  20.086 0.0000000000
9836  -5.859  -64.646  20.574 0.0000000000
9823  -5.252  -65.401  21.334 0.0000000000
9822  -4.911  -65.044  21.698 0.0000000000
136959  -13.251  -66.718  17.100 0.0000000000
7904  -13.564  -67.983  16.532 0.0000000000
7364  -13.674  -68.746  17.072 0.0000000000
140400  -13.580  -68.735  18.076 0.0000000000
7353  -13.836  -69.412  18.651 0.0000000000
6847  -13.216  -70.061  20.440 0.0000000000
6846  -12.455  -70.672  20.678 0.0000000000
6829  -12.664  -69.943  20.981 0.0000000000
7316  -12.382  -69.320  21.409 0.0000000000
7829  -11.151  -68.410  22.422 0.0000000000
126483  -11.635  -65.202  24.531 0.0000000000
9106  -11.113  -65.938  24.217 0.0000000000
9772  -10.846  -65.511  24.961 0.0000000000
122557  -10.086  -65.598  25.205 0.0000000000
9770  -8.347  -65.803  24.783 0.0000000000
9769  -7.472  -65.732  24.518 0.0000000000
9755  -8.700  -65.447  25.599 0.0000000000
10447  -8.089  -65.024  26.155 0.0000000000
11157  -7.956  -63.739  27.247 0.0000000000
11140  -7.372  -62.841  27.428 0.0000000000
11141  -8.425  -62.929  27.411 0.0000000000
11860  -8.954  -62.160  27.447 0.0000000000
12513  -9.568  -61.463  27.327 0.0000000000
13821  -7.780  -58.708  24.974 0.0000000000
125767  -8.392  -58.349  25.986 0.0000000000
122875  -7.173  -58.152  25.651 0.0000000000
128261  -6.409  -57.286  26.949 0.0000000000
15187  -6.149  -56.739  27.656 0.0000000000
15186  -5.376  -57.008  26.840 0.0000000000
27279  -22.833  -43.848  34.272 0.0000000000
12278  -2.995  -61.824  46.445 0.0000000000
11594  -2.169  -62.465  46.653 0.0000000000
12276  -2.191  -62.461  46.012 0.0000000000
11611  -2.044  -62.894  45.411 0.0000000000
120285  -1.465  -64.393  44.206 0.0000000000
140904  -1.450  -65.104  43.900 0.0000000000
119636  -1.317  -65.503  43.182 0.0000000000
120126  -1.506  -65.864  44.028 0.0000000000
8866  -1.598  -66.827  44.115 0.0000000000
8219  -1.827  -67.638  44.536 0.0000000000
6521  -2.327  -70.537  44.698 0.0000000000
6509  -1.838  -71.126  45.283 0.0000000000
4063  -14.409  -73.779  63.949 0.0000000000
4069  -13.695  -74.370  63.673 0.0000000000
4673  -14.277  -74.092  62.546 0.0000000000
126930  -13.703  -74.389  61.358 0.0000000000
4080  -13.386  -74.499  60.387 0.0000000000
4703  -14.650  -73.669  59.702 0.0000000000
4702  -13.838  -74.054  59.815 0.0000000000
4089  -13.268  -74.413  59.487 0.0000000000
4097  -13.319  -74.273  58.592 0.0000000000
126502  -13.373  -74.283  57.020 0.0000000000
4130  -12.920  -74.628  54.269 0.0000000000
4119  -13.128  -74.525  55.144 0.0000000000
4131  -13.809  -74.559  54.535 0.0000000000
4146  -14.323  -74.981  54.001 0.0000000000
4133  -15.133  -74.811  55.340 0.0000000000
3585  -14.977  -75.150  54.707 0.0000000000
3584  -14.727  -75.720  54.084 0.0000000000
2536  -14.372  -77.131  53.680 0.0000000000
2527  -14.216  -77.887  54.310 0.0000000000
2064  -13.641  -78.595  54.694 0.0000000000
1691  -13.162  -79.572  55.684 0.0000000000
2059  -13.853  -79.086  55.776 0.0000000000
1679  -14.694  -79.644  56.798 0.0000000000
2056  -14.922  -79.066  57.140 0.0000000000
1323  -15.400  -79.932  56.917 0.0000000000
1685  -16.260  -80.148  56.288 0.0000000000
13806  -1.484  -58.869  26.373 0.0000000000
14486  -1.312  -59.253  27.756 0.0000000000
13790  -0.967  -59.590  28.334 0.0000000000
127851  -1.475  -59.105  29.336 0.0000000000
14465  -1.453  -58.709  30.761 0.0000000000
128625  -1.524  -58.371  31.226 0.0000000000
13751  -2.000  -58.338  31.759 0.0000000000
13764  -2.846  -59.249  31.763 0.0000000000
13145  -3.580  -60.018  31.671 0.0000000000
13146  -4.509  -60.367  31.530 0.0000000000
13777  -3.971  -59.787  29.792 0.0000000000
13159  -4.885  -60.296  30.437 0.0000000000
13132  -5.081  -60.512  32.386 0.0000000000
13147  -5.691  -60.508  31.504 0.0000000000
13134  -7.339  -60.234  31.765 0.0000000000
13149  -7.784  -60.155  31.116 0.0000000000
131098  -6.355  -77.612  25.324 0.0000000000
2854  -6.233  -77.916  24.373 0.0000000000
2855  -7.007  -77.390  24.709 0.0000000000
3391  -8.468  -76.733  23.827 0.0000000000
135260  -9.273  -76.293  23.514 0.0000000000
3940  -9.595  -75.977  24.278 0.0000000000
3950  -10.040  -75.766  23.777 0.0000000000
3392  -9.929  -75.902  22.947 0.0000000000
3972  -12.204  -75.092  21.044 0.0000000000
90  -20.405  -85.920  26.701 0.0000000000
161  -19.013  -85.839  25.562 0.0000000000
129975  -20.012  -85.591  25.630 0.0000000000
609  -19.747  -84.162  25.001 0.0000000000
933  -19.973  -83.241  25.418 0.0000000000
619  -21.301  -83.535  24.493 0.0000000000
934  -20.730  -82.918  25.056 0.0000000000
926  -20.267  -82.358  25.921 0.0000000000
1238  -20.239  -81.113  27.146 0.0000000000
1579  -20.619  -80.351  27.459 0.0000000000
1936  -20.969  -79.610  27.752 0.0000000000
29185  -25.350  -41.834  37.205 0.0000000000
29191  -27.337  -41.636  38.200 0.0000000000
30069  -28.511  -41.087  36.971 0.0000000000
135609  -28.959  -42.990  35.417 0.0000000000
30070  -28.763  -41.723  36.325 0.0000000000
30076  -29.002  -40.429  35.330 0.0000000000
29207  -29.531  -40.224  32.796 0.0000000000
26387  -27.386  -44.176  29.693 0.0000000000
26400  -25.660  -44.957  29.583 0.0000000000
1197  -1.548  -81.409  30.706 0.0000000000
136767  -1.467  -81.167  28.600 0.0000000000
1213  -2.072  -81.665  27.841 0.0000000000
896  -2.300  -82.461  28.331 0.0000000000
1227  -2.649  -81.956  27.240 0.0000000000
1214  -2.560  -81.253  27.795 0.0000000000
1229  -4.041  -81.481  27.326 0.0000000000
1571  -5.603  -80.959  28.019 0.0000000000
1572  -6.464  -80.733  27.744 0.0000000000
124890  -14.949  -81.763  31.659 0.0000000000
123617  -14.146  -81.831  31.591 0.0000000000
122524  -13.909  -80.385  31.310 0.0000000000
1530  -13.567  -79.952  30.791 0.0000000000
1208  -12.777  -80.742  29.001 0.0000000000
1219  -14.234  -81.099  27.951 0.0000000000
1233  -13.056  -81.558  27.909 0.0000000000
1232  -12.346  -81.406  28.340 0.0000000000
121399  -11.869  -82.565  27.059 0.0000000000
596  -11.623  -83.182  26.238 0.0000000000
607  -11.331  -83.801  25.510 0.0000000000
30105  -11.939  -39.920  30.529 0.0000000000
30990  -12.593  -39.257  30.395 0.0000000000
30989  -11.668  -39.073  30.517 0.0000000000
30988  -10.858  -38.923  30.592 0.0000000000
31855  -10.303  -38.496  30.455 0.0000000000
30088  -8.744  -39.822  30.936 0.0000000000
30974  -9.238  -39.253  30.660 0.0000000000
32798  -9.696  -38.265  30.171 0.0000000000
31854  -9.403  -38.348  29.781 0.0000000000
31881  -9.314  -38.442  29.378 0.0000000000
21799  -20.513  -49.473  38.608 0.0000000000
20947  -20.168  -50.241  38.274 0.0000000000
21768  -16.840  -48.923  41.554 0.0000000000
20929  -16.198  -50.390  40.720 0.0000000000
20093  -16.361  -51.573  39.574 0.0000000000
19198  -15.303  -52.590  39.383 0.0000000000
122850  -15.661  -52.858  38.472 0.0000000000
122324  -14.679  -53.993  36.012 0.0000000000
18344  -14.696  -54.558  35.043 0.0000000000
16574  -14.042  -57.088  35.159 0.0000000000
17408  -13.527  -55.683  35.203 0.0000000000
136340  -13.218  -56.646  35.319 0.0000000000
15787  -12.564  -57.567  36.005 0.0000000000
17406  -11.942  -54.729  36.393 0.0000000000
132536  -12.069  -56.543  36.068 0.0000000000
15786  -11.779  -57.202  36.555 0.0000000000
14284  -2.264  -57.969  42.840 0.0000000000
15017  -2.588  -57.299  42.526 0.0000000000
128644  -1.914  -57.501  42.335 0.0000000000
15032  -1.510  -57.123  41.462 0.0000000000
15035  -1.313  -57.596  40.591 0.0000000000
137077  -1.003  -59.310  39.531 0.0000000000
14316  -1.421  -58.194  39.928 0.0000000000
124227  -1.764  -57.568  40.014 0.0000000000
139831  -2.637  -57.423  39.850 0.0000000000
13657  -3.510  -58.503  39.734 0.0000000000
13658  -4.550  -58.855  39.874 0.0000000000
14319  -5.046  -58.297  39.972 0.0000000000
5273  -5.078  -72.264  56.325 0.0000000000
138865  -5.525  -71.823  55.632 0.0000000000
5839  -6.248  -71.886  55.029 0.0000000000
119393  -6.491  -73.393  54.980 0.0000000000
5285  -6.579  -72.571  54.514 0.0000000000
5852  -6.583  -71.891  54.199 0.0000000000
5303  -6.680  -72.288  52.768 0.0000000000
118812  -6.655  -72.176  51.895 0.0000000000
5311  -6.361  -72.144  51.072 0.0000000000
5318  -5.351  -72.338  50.711 0.0000000000
5310  -5.587  -72.774  51.545 0.0000000000
4748  -3.333  -73.368  51.499 0.0000000000
4747  -2.561  -73.843  51.206 0.0000000000
4150  -3.068  -74.693  52.551 0.0000000000
4149  -2.512  -75.008  52.118 0.0000000000
3616  -1.871  -75.020  50.909 0.0000000000
3067  -1.695  -75.526  50.237 0.0000000000
3079  -2.190  -76.527  49.779 0.0000000000
2574  -2.453  -76.904  49.101 0.0000000000
2565  -8.932  -77.794  49.889 0.0000000000
2094  -8.321  -78.235  49.504 0.0000000000
2093  -7.668  -78.861  50.067 0.0000000000
120880  -6.168  -80.235  50.249 0.0000000000
1348  -5.808  -80.479  51.781 0.0000000000
1355  -5.638  -80.583  51.128 0.0000000000
1365  -5.511  -80.735  49.552 0.0000000000
192  -13.334  -84.407  49.923 0.0000000000
195  -12.260  -85.011  49.210 0.0000000000
196  -13.515  -84.526  48.998 0.0000000000
204  -13.248  -84.660  47.785 0.0000000000
416  -13.187  -84.551  47.084 0.0000000000
424  -14.009  -83.845  46.811 0.0000000000
127167  -18.052  -74.296  45.369 0.0000000000
4235  -17.989  -74.332  46.080 0.0000000000
4252  -17.673  -74.852  44.861 0.0000000000
3687  -17.538  -75.560  45.237 0.0000000000
2640  -17.665  -77.023  44.512 0.0000000000
2166  -17.646  -77.946  43.138 0.0000000000
2649  -17.735  -77.582  43.910 0.0000000000
1783  -19.520  -79.772  44.177 0.0000000000
1422  -19.895  -80.461  43.694 0.0000000000
1089  -21.340  -81.709  43.645 0.0000000000
1099  -20.837  -81.429  42.620 0.0000000000
1109  -21.607  -81.556  42.074 0.0000000000
1452  -20.817  -80.643  40.894 0.0000000000
1453  -21.989  -80.863  40.683 0.0000000000
1454  -22.988  -80.986  40.234 0.0000000000
1462  -23.876  -81.023  39.232 0.0000000000
1471  -24.566  -81.500  38.149 0.0000000000
1149  -24.941  -81.864  36.662 0.0000000000
1150  -24.970  -81.905  36.130 0.0000000000
127750  -24.894  -81.621  36.032 0.0000000000
1485  -24.427  -80.949  35.818 0.0000000000
1495  -24.250  -80.537  34.966 0.0000000000
1843  -22.434  -79.876  36.998 0.0000000000
1848  -23.113  -79.883  36.051 0.0000000000
1854  -23.420  -79.889  34.485 0.0000000000
1868  -22.626  -79.435  34.120 0.0000000000
1867  -21.553  -79.568  33.443 0.0000000000
19280  -23.985  -52.766  34.171 0.0000000000
20984  -24.213  -51.055  35.455 0.0000000000
20128  -23.601  -51.429  36.234 0.0000000000
122414  -23.212  -50.848  37.342 0.0000000000
21003  -5.472  -50.056  35.277 0.0000000000
21002  -4.520  -49.747  35.223 0.0000000000
21842  -3.929  -48.923  34.801 0.0000000000
18364  -4.944  -53.808  34.565 0.0000000000
19275  -4.600  -53.077  33.978 0.0000000000
141281  -5.287  -53.447  34.177 0.0000000000
20181  -5.777  -52.524  33.457 0.0000000000
19305  -7.321  -53.123  32.712 0.0000000000
20203  -7.642  -52.281  32.507 0.0000000000
2470  -8.207  -78.368  16.566 0.0000000000
2469  -7.266  -78.482  16.892 0.0000000000
2953  -8.127  -77.210  15.544 0.0000000000
3476  -8.627  -76.566  15.253 0.0000000000
4039  -8.326  -74.736  14.873 0.0000000000
4627  -9.038  -75.108  15.209 0.0000000000
5176  -9.015  -74.081  14.653 0.0000000000
4637  -8.439  -74.055  14.680 0.0000000000
142092  -8.793  -72.741  14.383 0.0000000000
6347  -8.936  -70.933  14.581 0.0000000000
6903  -8.758  -69.816  15.123 0.0000000000
7381  -8.600  -68.764  15.632 0.0000000000
7390  -9.559  -69.176  15.355 0.0000000000
7903  -9.680  -68.337  16.082 0.0000000000
7372  -9.648  -68.783  16.672 0.0000000000
6886  -9.298  -70.559  16.995 0.0000000000
141901  -9.308  -69.758  17.122 0.0000000000
7363  -9.175  -68.323  17.475 0.0000000000
127645  -8.192  -68.682  18.343 0.0000000000
7351  -7.062  -68.887  19.365 0.0000000000
7867  -6.309  -68.454  20.169 0.0000000000
11334  -12.633  -63.442  17.620 0.0000000000
9878  -12.413  -64.514  17.695 0.0000000000
9852  -12.164  -65.632  18.927 0.0000000000
120519  -12.425  -66.218  19.494 0.0000000000
9172  -12.564  -66.424  20.416 0.0000000000
9824  -12.549  -65.694  21.074 0.0000000000
9803  -12.600  -65.446  22.150 0.0000000000
10516  -12.579  -64.763  22.426 0.0000000000
11261  -11.344  -63.482  21.177 0.0000000000
11245  -12.085  -63.691  22.911 0.0000000000
127855  -12.412  -64.399  23.134 0.0000000000
11180  -11.554  -63.874  24.744 0.0000000000
11179  -10.992  -63.458  25.365 0.0000000000
125704  -10.578  -62.505  25.474 0.0000000000
11880  -10.337  -62.312  26.206 0.0000000000
11911  -10.308  -61.883  24.605 0.0000000000
12548  -10.003  -61.052  24.604 0.0000000000
13219  -9.566  -60.189  24.638 0.0000000000
13228  -8.293  -60.468  23.229 0.0000000000
29184  -23.387  -41.659  35.741 0.0000000000
141081  -28.014  -45.605  35.899 0.0000000000
23593  -29.844  -46.442  31.511 0.0000000000
23623  -29.490  -47.517  30.624 0.0000000000
33808  -24.157  -36.169  30.787 0.0000000000
129917  -22.900  -37.877  29.043 0.0000000000
34793  -22.963  -35.603  28.753 0.0000000000
32868  -16.918  -37.684  27.453 0.0000000000
31913  -16.879  -38.719  28.330 0.0000000000
31912  -15.950  -38.521  28.407 0.0000000000
31883  -14.435  -38.960  29.512 0.0000000000
30106  -12.846  -40.059  30.494 0.0000000000
29213  -9.698  -41.447  30.938 0.0000000000
28281  -9.380  -42.292  31.244 0.0000000000
29212  -8.785  -41.350  31.315 0.0000000000
28271  -6.257  -42.023  32.243 0.0000000000
28270  -5.445  -42.046  31.858 0.0000000000
20927  -14.690  -50.845  41.617 0.0000000000
20081  -14.433  -51.683  41.203 0.0000000000
19188  -13.380  -52.790  41.047 0.0000000000
129169  -12.963  -53.246  40.519 0.0000000000
14269  -3.609  -58.395  43.235 0.0000000000
12298  -5.280  -61.356  45.477 0.0000000000
12946  -4.739  -60.742  45.040 0.0000000000
126303  -4.734  -60.226  44.464 0.0000000000
12944  -3.231  -61.099  44.874 0.0000000000
12961  -3.331  -60.447  44.274 0.0000000000
13603  -3.479  -59.741  43.990 0.0000000000
13621  -3.027  -59.025  43.450 0.0000000000
14267  -2.463  -58.636  43.078 0.0000000000
13640  -2.177  -59.106  42.981 0.0000000000
13001  -1.748  -59.635  42.313 0.0000000000
11667  -1.306  -62.155  40.231 0.0000000000
12357  -0.922  -61.182  40.052 0.0000000000
120423  -0.528  -63.946  38.065 0.0000000000
10283  -0.517  -65.118  37.005 0.0000000000
8943  -0.717  -66.199  36.904 0.0000000000
8284  -0.436  -68.113  38.748 0.0000000000
7109  -0.397  -69.959  38.980 0.0000000000
118948  -0.392  -71.190  39.344 0.0000000000
5996  -0.235  -71.627  40.061 0.0000000000
124479  -1.190  -67.176  42.461 0.0000000000
7622  -0.749  -68.715  41.459 0.0000000000
7083  -1.455  -69.875  42.796 0.0000000000
7082  -1.095  -69.811  42.126 0.0000000000
7093  -0.551  -69.632  41.253 0.0000000000
119783  -0.335  -70.404  40.824 0.0000000000
5988  -0.198  -71.981  40.796 0.0000000000
5401  -0.402  -73.123  40.380 0.0000000000
4841  -0.536  -73.805  40.508 0.0000000000
4307  -0.553  -74.532  40.620 0.0000000000
118940  -0.322  -74.167  41.926 0.0000000000
3729  -0.619  -75.609  41.397 0.0000000000
2662  -0.643  -77.687  41.079 0.0000000000
2183  -0.689  -78.459  41.345 0.0000000000
4068  -12.921  -74.878  63.654 0.0000000000
3506  -12.057  -75.242  63.629 0.0000000000
3517  -11.429  -76.063  61.270 0.0000000000
3026  -6.560  -77.202  54.608 0.0000000000
3038  -6.791  -76.595  53.658 0.0000000000
130090  -6.219  -76.766  53.200 0.0000000000
3605  -6.893  -76.126  52.846 0.0000000000
3606  -7.723  -75.402  52.361 0.0000000000
3620  -7.555  -75.150  51.374 0.0000000000
4154  -9.362  -74.612  52.207 0.0000000000
4163  -8.944  -74.498  51.480 0.0000000000
4172  -8.363  -74.554  50.770 0.0000000000
4184  -8.862  -74.488  49.280 0.0000000000
3656  -9.405  -75.313  48.752 0.0000000000
126047  -9.638  -76.018  48.844 0.0000000000
4144  -12.652  -74.692  53.359 0.0000000000
4157  -12.505  -74.731  52.446 0.0000000000
3621  -12.104  -74.912  51.196 0.0000000000
3062  -13.219  -76.075  51.566 0.0000000000
3073  -12.190  -75.518  50.889 0.0000000000
3635  -11.592  -75.029  50.630 0.0000000000
3072  -10.905  -75.970  49.913 0.0000000000
3083  -10.093  -76.454  49.594 0.0000000000
2087  -8.994  -78.031  50.854 0.0000000000
2080  -8.350  -78.662  51.539 0.0000000000
1705  -8.057  -79.142  52.443 0.0000000000
131766  -9.924  -78.385  52.617 0.0000000000
1701  -8.540  -79.099  53.079 0.0000000000
1700  -7.861  -79.499  53.207 0.0000000000
1687  -7.785  -80.250  54.749 0.0000000000
1332  -7.480  -80.941  55.376 0.0000000000
652  -7.692  -82.035  55.064 0.0000000000
661  -9.214  -82.529  54.707 0.0000000000
379  -9.731  -83.193  53.990 0.0000000000
142799  -10.570  -81.527  55.416 0.0000000000
663  -11.217  -82.535  54.699 0.0000000000
388  -11.974  -83.873  52.414 0.0000000000
132518  -13.125  -83.555  52.215 0.0000000000
1320  -13.417  -80.562  56.053 0.0000000000
991  -13.107  -81.125  55.788 0.0000000000
992  -14.031  -81.115  55.710 0.0000000000
135237  -13.490  -81.642  55.094 0.0000000000
672  -13.382  -82.611  53.581 0.0000000000
682  -13.748  -82.903  52.721 0.0000000000
393  -13.396  -83.758  51.393 0.0000000000
394  -14.327  -83.458  51.063 0.0000000000
401  -14.948  -83.196  50.627 0.0000000000
126039  -15.071  -83.287  49.927 0.0000000000
685  -16.079  -82.031  51.380 0.0000000000
698  -15.732  -82.558  50.508 0.0000000000
705  -15.719  -82.715  49.597 0.0000000000
1046  -16.567  -81.593  47.958 0.0000000000
1047  -17.574  -80.927  48.501 0.0000000000
2560  -22.153  -77.317  51.232 0.0000000000
3660  -21.688  -75.470  48.709 0.0000000000
3098  -22.824  -76.457  48.277 0.0000000000
3661  -22.282  -75.757  48.359 0.0000000000
136388  -20.665  -74.087  47.081 0.0000000000
4221  -19.955  -73.772  46.875 0.0000000000
135768  -22.860  -75.395  45.597 0.0000000000
142966  -22.283  -74.819  44.884 0.0000000000
4238  -22.293  -74.773  45.522 0.0000000000
4237  -21.409  -74.159  45.794 0.0000000000
4236  -20.577  -73.706  45.706 0.0000000000
4787  -19.203  -73.567  45.621 0.0000000000
4799  -18.598  -73.846  45.093 0.0000000000
4253  -18.106  -74.313  44.415 0.0000000000
137178  -17.796  -74.938  42.908 0.0000000000
4285  -18.369  -74.396  42.717 0.0000000000
3736  -17.720  -75.756  41.920 0.0000000000
2692  -18.541  -77.417  39.198 0.0000000000
132893  -3.113  -56.364  37.774 0.0000000000
16523  -2.795  -55.114  38.012 0.0000000000
17376  -3.111  -54.425  37.976 0.0000000000
16522  -1.920  -55.221  38.106 0.0000000000
17374  -1.324  -54.573  38.088 0.0000000000
17402  -0.558  -54.353  36.605 0.0000000000
16566  -0.388  -55.588  36.224 0.0000000000
17401  -0.363  -55.023  36.557 0.0000000000
131297  -1.091  -54.575  35.419 0.0000000000
136733  -1.981  -54.589  35.156 0.0000000000
17419  -3.164  -54.672  35.203 0.0000000000
13737  -2.559  -58.391  33.346 0.0000000000
13724  -3.198  -58.617  34.048 0.0000000000
15120  -3.009  -57.449  34.722 0.0000000000
142992  -4.679  -58.741  34.467 0.0000000000
14411  -4.443  -58.176  34.769 0.0000000000
15110  -3.618  -56.994  35.137 0.0000000000
15801  -4.334  -56.334  35.287 0.0000000000
17420  -4.045  -54.825  35.231 0.0000000000
17438  -4.795  -54.609  35.002 0.0000000000
17439  -5.499  -54.551  34.454 0.0000000000
17455  -5.856  -54.519  33.914 0.0000000000
17465  -5.811  -54.918  33.257 0.0000000000
15833  -5.820  -55.887  32.616 0.0000000000
16604  -5.718  -55.443  32.824 0.0000000000
17479  -5.234  -54.744  31.785 0.0000000000
18407  -5.008  -54.177  31.203 0.0000000000
3387  -1.124  -77.285  23.089 0.0000000000
2404  -2.160  -78.768  21.824 0.0000000000
2396  -2.490  -79.460  22.781 0.0000000000
2405  -2.671  -79.463  22.010 0.0000000000
1997  -3.374  -79.439  20.941 0.0000000000
1998  -4.097  -79.617  20.545 0.0000000000
2011  -5.554  -79.559  19.345 0.0000000000
2450  -7.099  -79.247  18.284 0.0000000000
2865  -6.431  -78.020  23.549 0.0000000000
2876  -6.583  -78.109  22.759 0.0000000000
2889  -7.280  -77.925  21.486 0.0000000000
3427  -8.921  -77.026  20.885 0.0000000000
2890  -8.143  -77.423  21.197 0.0000000000
2419  -6.922  -78.500  20.729 0.0000000000
2909  -7.837  -78.421  19.638 0.0000000000
2442  -7.975  -78.723  18.533 0.0000000000
124152  -7.740  -78.848  17.678 0.0000000000
2471  -9.051  -78.336  16.366 0.0000000000
2944  -10.455  -77.905  15.687 0.0000000000
3466  -10.805  -77.302  15.208 0.0000000000
3456  -11.741  -77.474  16.150 0.0000000000
127966  -11.589  -77.213  14.937 0.0000000000
4018  -10.909  -76.665  15.025 0.0000000000
4616  -11.577  -75.614  15.455 0.0000000000
5157  -12.692  -74.179  16.068 0.0000000000
29  -14.661  -86.605  27.329 0.0000000000
74  -16.627  -86.914  27.611 0.0000000000
79  -15.182  -86.382  26.853 0.0000000000
78  -14.426  -86.392  27.259 0.0000000000
319  -15.206  -85.078  28.041 0.0000000000
311  -15.056  -84.701  29.120 0.0000000000
564  -15.757  -83.561  30.676 0.0000000000
170  -18.767  -85.524  25.298 0.0000000000
339  -18.025  -84.920  25.640 0.0000000000
330  -17.219  -84.507  26.886 0.0000000000
588  -18.456  -83.068  27.399 0.0000000000
579  -17.336  -83.760  28.009 0.0000000000
565  -16.539  -82.994  30.698 0.0000000000
555  -16.060  -82.844  31.217 0.0000000000
124055  -16.297  -81.439  31.547 0.0000000000
1882  -15.688  -79.826  31.335 0.0000000000
1889  -15.325  -79.506  30.720 0.0000000000
1891  -17.247  -79.473  31.016 0.0000000000
2297  -16.026  -79.023  30.431 0.0000000000
129991  -15.604  -79.543  29.039 0.0000000000
1923  -15.796  -79.796  28.184 0.0000000000
128748  -16.493  -79.630  26.964 0.0000000000
1959  -16.741  -79.795  26.062 0.0000000000
1592  -23.147  -80.307  25.861 0.0000000000
1951  -23.762  -79.878  26.104 0.0000000000
1591  -22.481  -80.384  26.122 0.0000000000
1949  -22.081  -79.877  26.779 0.0000000000
1927  -21.308  -78.868  28.080 0.0000000000
123091  -20.749  -78.236  28.660 0.0000000000
136213  -25.111  -36.751  32.292 0.0000000000
32795  -25.952  -37.435  32.610 0.0000000000
32796  -25.823  -37.691  31.704 0.0000000000
29218  -28.070  -40.444  31.375 0.0000000000
122736  -25.160  -42.092  30.028 0.0000000000
142723  -25.259  -40.873  30.263 0.0000000000
29240  -24.537  -41.257  30.112 0.0000000000
4663  -15.494  -72.644  64.376 0.0000000000
137578  -15.942  -73.140  63.975 0.0000000000
4687  -17.115  -73.368  63.020 0.0000000000
4697  -16.666  -73.708  61.830 0.0000000000
137127  -17.454  -74.079  61.647 0.0000000000
3519  -17.458  -74.879  61.132 0.0000000000
3527  -17.313  -75.887  60.535 0.0000000000
2989  -17.010  -76.793  60.106 0.0000000000
3528  -17.597  -76.206  60.534 0.0000000000
2982  -17.985  -76.227  60.520 0.0000000000
3536  -18.955  -75.874  59.239 0.0000000000
3522  -19.297  -74.868  60.534 0.0000000000
3530  -19.641  -75.144  59.720 0.0000000000
3559  -20.924  -75.645  56.928 0.0000000000
3539  -22.524  -74.805  58.747 0.0000000000
13225  -1.458  -59.675  23.442 0.0000000000
13226  -2.297  -59.417  23.245 0.0000000000
123063  -2.931  -59.949  23.636 0.0000000000
12546  -3.190  -61.122  24.219 0.0000000000
2839  -0.589  -77.922  25.252 0.0000000000
2368  -0.684  -78.208  25.869 0.0000000000
2369  -1.153  -78.774  25.316 0.0000000000
2370  -2.151  -78.868  25.085 0.0000000000
2840  -3.347  -78.406  25.836 0.0000000000
2841  -4.491  -78.218  25.684 0.0000000000
1900  -0.719  -79.656  29.256 0.0000000000
1918  -0.535  -78.875  28.990 0.0000000000
1902  -3.290  -79.230  29.139 0.0000000000
124649  -2.957  -78.591  28.535 0.0000000000
2339  -3.069  -78.286  27.773 0.0000000000
2825  -4.293  -78.151  26.503 0.0000000000
2826  -5.173  -77.907  26.324 0.0000000000
2827  -6.016  -77.574  26.224 0.0000000000
3345  -7.408  -76.811  26.836 0.0000000000
3346  -8.298  -76.376  26.600 0.0000000000
3300  -7.013  -77.055  28.383 0.0000000000
127112  -9.807  -75.457  27.411 0.0000000000
3893  -10.499  -75.043  27.867 0.0000000000
124831  -13.236  -81.915  31.529 0.0000000000
874  -12.855  -82.759  31.424 0.0000000000
873  -11.950  -82.817  31.428 0.0000000000
1190  -10.987  -81.444  31.383 0.0000000000
132959  -11.179  -82.796  31.506 0.0000000000
872  -10.670  -82.204  31.581 0.0000000000
543  -10.379  -83.260  31.704 0.0000000000
542  -9.413  -83.246  32.048 0.0000000000
861  -8.938  -82.534  32.097 0.0000000000
1187  -7.945  -82.044  31.671 0.0000000000
885  -7.342  -82.580  30.659 0.0000000000
571  -8.063  -83.769  29.388 0.0000000000
570  -7.382  -83.478  29.977 0.0000000000
562  -6.685  -83.347  30.465 0.0000000000
135589  -6.334  -85.311  28.996 0.0000000000
147  -6.050  -85.464  27.918 0.0000000000
1271  -16.308  -81.306  24.022 0.0000000000
944  -15.130  -82.301  24.052 0.0000000000
943  -14.449  -82.584  24.321 0.0000000000
626  -14.708  -82.996  23.473 0.0000000000
942  -13.763  -82.807  24.617 0.0000000000
617  -13.269  -83.395  24.112 0.0000000000
616  -12.512  -83.590  24.521 0.0000000000
615  -11.683  -84.023  24.705 0.0000000000
643  -13.154  -84.088  21.000 0.0000000000
642  -11.698  -83.625  19.896 0.0000000000
378  -12.315  -84.055  20.836 0.0000000000
373  -11.934  -84.410  21.629 0.0000000000
367  -12.026  -84.600  22.675 0.0000000000
355  -11.276  -84.767  24.189 0.0000000000
345  -10.950  -84.565  24.959 0.0000000000
168  -9.752  -85.495  24.879 0.0000000000
167  -9.087  -85.682  25.273 0.0000000000
166  -8.533  -85.754  25.516 0.0000000000
179  -8.591  -85.564  23.841 0.0000000000
174  -7.830  -85.452  24.208 0.0000000000
134203  -7.683  -85.796  26.098 0.0000000000
155  -7.071  -85.799  26.728 0.0000000000
154  -6.178  -85.447  27.044 0.0000000000
137638  -5.555  -85.041  27.286 0.0000000000
334  -5.448  -84.783  26.434 0.0000000000
333  -4.695  -83.933  25.848 0.0000000000
928  -4.700  -82.871  24.896 0.0000000000
940  -6.100  -82.770  24.209 0.0000000000
929  -5.609  -82.501  24.715 0.0000000000
919  -5.155  -82.187  25.356 0.0000000000
133107  -5.944  -81.552  26.113 0.0000000000
1231  -6.675  -81.035  26.845 0.0000000000
125571  -7.282  -80.492  27.488 0.0000000000
1612  -9.589  -80.682  24.550 0.0000000000
1598  -9.377  -80.485  25.382 0.0000000000
1587  -9.119  -80.244  26.192 0.0000000000
1943  -8.831  -79.968  27.010 0.0000000000
1932  -8.472  -79.651  27.780 0.0000000000
1922  -8.736  -79.163  28.306 0.0000000000
2327  -9.176  -78.676  28.554 0.0000000000
32806  -12.006  -37.069  29.786 0.0000000000
25379  -23.594  -45.609  36.298 0.0000000000
23523  -23.361  -47.128  36.274 0.0000000000
22663  -23.090  -48.462  35.211 0.0000000000
21848  -22.596  -49.881  34.025 0.0000000000
21028  -22.980  -51.083  33.790 0.0000000000
22651  -21.783  -48.607  37.741 0.0000000000
21810  -22.086  -48.959  36.939 0.0000000000
138587  -22.171  -49.799  35.583 0.0000000000
21008  -22.360  -51.131  34.192 0.0000000000
19295  -23.744  -52.599  33.808 0.0000000000
18374  -23.566  -53.320  33.912 0.0000000000
19260  -23.100  -53.846  35.164 0.0000000000
18372  -22.198  -54.235  33.676 0.0000000000
17429  -22.558  -54.758  34.009 0.0000000000
20954  -19.737  -50.935  37.873 0.0000000000
21790  -17.759  -49.927  40.093 0.0000000000
20940  -18.166  -50.383  39.408 0.0000000000
20107  -17.650  -52.097  37.841 0.0000000000
20945  -18.545  -50.815  38.741 0.0000000000
20953  -18.921  -51.244  38.087 0.0000000000
20109  -19.299  -51.567  37.445 0.0000000000
18349  -19.338  -53.675  34.721 0.0000000000
18370  -20.121  -54.534  33.956 0.0000000000
17445  -18.828  -55.434  33.871 0.0000000000
16578  -20.348  -56.058  34.311 0.0000000000
16559  -20.420  -56.209  35.125 0.0000000000
19170  -13.087  -52.427  42.062 0.0000000000
123269  -12.735  -53.061  41.363 0.0000000000
19187  -12.167  -53.398  40.504 0.0000000000
15018  -3.567  -56.933  42.514 0.0000000000
15020  -5.732  -56.780  42.474 0.0000000000
142753  -6.505  -56.615  42.449 0.0000000000
16485  -4.515  -55.562  41.623 0.0000000000
15721  -6.074  -56.020  42.262 0.0000000000
126649  -10.858  -53.888  42.210 0.0000000000
18263  -7.909  -54.039  41.169 0.0000000000
18265  -9.366  -53.724  41.372 0.0000000000
18266  -10.209  -53.669  41.455 0.0000000000
132611  -10.618  -53.451  40.766 0.0000000000
19186  -11.157  -53.328  40.041 0.0000000000
19205  -10.924  -53.274  39.055 0.0000000000
18292  -10.495  -53.405  38.523 0.0000000000
17379  -10.106  -53.994  38.088 0.0000000000
16526  -9.907  -55.682  38.105 0.0000000000
15745  -8.880  -56.202  39.241 0.0000000000
15762  -9.644  -56.323  38.659 0.0000000000
6422  -3.763  -70.080  53.982 0.0000000000
8198  -4.230  -67.606  46.966 0.0000000000
7039  -5.364  -68.901  47.735 0.0000000000
7038  -4.840  -69.087  47.125 0.0000000000
7047  -4.248  -68.931  46.578 0.0000000000
7046  -3.624  -69.739  46.214 0.0000000000
6502  -2.309  -70.901  46.427 0.0000000000
6501  -1.502  -71.267  46.140 0.0000000000
5328  -5.080  -71.946  50.003 0.0000000000
132232  -4.747  -71.644  49.447 0.0000000000
5917  -2.603  -71.579  49.026 0.0000000000
4759  -2.516  -72.886  49.559 0.0000000000
5325  -2.387  -72.087  49.298 0.0000000000
5927  -1.986  -71.720  48.597 0.0000000000
5939  -1.685  -71.516  47.848 0.0000000000
5938  -1.244  -71.791  47.385 0.0000000000
5350  -0.777  -72.206  45.832 0.0000000000
4783  -1.495  -73.167  45.697 0.0000000000
4244  -2.448  -74.315  44.754 0.0000000000
3691  -2.064  -75.687  43.997 0.0000000000
3681  -1.624  -76.177  45.162 0.0000000000
3131  -1.251  -76.694  44.233 0.0000000000
2652  -0.852  -77.662  42.935 0.0000000000
2170  -1.123  -79.073  42.932 0.0000000000
3050  -5.058  -77.032  52.464 0.0000000000
127925  -4.679  -76.862  51.724 0.0000000000
129101  -5.089  -76.491  50.871 0.0000000000
3631  -5.945  -75.824  49.760 0.0000000000
3071  -4.940  -76.341  49.917 0.0000000000
3091  -3.374  -76.894  48.946 0.0000000000
2584  -3.428  -77.248  48.141 0.0000000000
2104  -7.786  -78.375  48.167 0.0000000000
129596  -7.322  -78.388  47.445 0.0000000000
2130  -6.852  -78.016  46.793 0.0000000000
1735  -6.233  -79.876  47.296 0.0000000000
2129  -6.171  -78.492  46.542 0.0000000000
2617  -6.219  -77.714  46.614 0.0000000000
2616  -4.679  -77.842  46.581 0.0000000000
2117  -3.656  -78.142  46.746 0.0000000000
2116  -2.626  -78.164  47.043 0.0000000000
2127  -2.343  -78.484  46.369 0.0000000000
1757  -2.470  -79.081  45.655 0.0000000000
1756  -2.076  -79.000  45.185 0.0000000000
1399  -3.535  -81.069  45.288 0.0000000000
1398  -2.781  -80.504  45.009 0.0000000000
1766  -2.313  -79.946  44.715 0.0000000000
1407  -2.097  -80.320  43.892 0.0000000000
2496  -16.722  -77.466  59.437 0.0000000000
2503  -17.123  -77.772  59.104 0.0000000000
2052  -17.047  -78.324  58.514 0.0000000000
2509  -17.577  -78.160  57.649 0.0000000000
2055  -16.949  -78.800  57.891 0.0000000000
1692  -17.333  -79.281  55.628 0.0000000000
138452  -17.142  -79.827  55.261 0.0000000000
137312  -17.555  -76.958  55.357 0.0000000000
2530  -17.462  -77.877  55.013 0.0000000000
2066  -17.433  -78.711  54.838 0.0000000000
123350  -17.330  -79.529  54.709 0.0000000000
1342  -17.242  -80.352  53.448 0.0000000000
1353  -17.568  -80.620  51.894 0.0000000000
125941  -17.751  -80.521  51.307 0.0000000000
1023  -17.753  -81.022  50.827 0.0000000000
1030  -17.727  -81.130  50.113 0.0000000000
1383  -17.478  -80.755  47.325 0.0000000000
3076  -21.569  -76.592  50.749 0.0000000000
3640  -20.744  -75.789  50.558 0.0000000000
4188  -19.783  -74.886  49.394 0.0000000000
3639  -18.850  -74.974  50.901 0.0000000000
128669  -17.897  -74.960  50.969 0.0000000000
4219  -17.687  -74.741  46.511 0.0000000000
4206  -17.709  -74.707  47.436 0.0000000000
3669  -17.230  -75.462  47.623 0.0000000000
2621  -17.607  -76.712  46.271 0.0000000000
3109  -17.273  -76.220  46.986 0.0000000000
2578  -16.888  -78.003  49.329 0.0000000000
2099  -17.680  -78.691  49.812 0.0000000000
1730  -19.142  -79.531  49.196 0.0000000000
1741  -20.140  -79.589  47.833 0.0000000000
1731  -19.639  -79.462  48.516 0.0000000000
1378  -19.426  -80.008  48.899 0.0000000000
1394  -18.567  -80.535  47.343 0.0000000000
1393  -17.655  -80.634  46.384 0.0000000000
1405  -17.807  -80.729  45.667 0.0000000000
1065  -17.957  -81.149  44.966 0.0000000000
744  -20.349  -83.033  45.172 0.0000000000
437  -19.484  -83.279  44.194 0.0000000000
1090  -22.078  -82.549  43.837 0.0000000000
759  -22.540  -82.936  43.253 0.0000000000
468  -22.811  -83.061  42.677 0.0000000000
483  -23.822  -82.921  40.827 0.0000000000
138972  -23.002  -83.152  42.052 0.0000000000
71  -19.519  -86.217  28.898 0.0000000000
72  -20.238  -86.166  28.469 0.0000000000
144  -20.832  -85.947  28.008 0.0000000000
525  -24.737  -82.885  34.618 0.0000000000
536  -24.458  -83.421  33.072 0.0000000000
279  -23.986  -84.070  32.632 0.0000000000
865  -24.119  -82.783  32.337 0.0000000000
296  -24.085  -83.925  31.463 0.0000000000
137242  -23.126  -84.952  31.241 0.0000000000
136  -22.230  -85.441  29.199 0.0000000000
142536  -20.619  -85.974  27.398 0.0000000000
125918  -21.161  -85.655  27.285 0.0000000000
331  -22.043  -84.919  26.747 0.0000000000
119670  -22.378  -84.384  26.664 0.0000000000
581  -22.609  -83.942  28.349 0.0000000000
589  -22.559  -84.038  27.489 0.0000000000
2279  -21.437  -78.368  33.790 0.0000000000
25381  -23.611  -45.651  35.248 0.0000000000
140456  -23.595  -46.154  34.331 0.0000000000
23542  -23.557  -47.761  33.626 0.0000000000
24458  -23.745  -46.121  33.500 0.0000000000
121491  -23.885  -47.040  33.315 0.0000000000
23574  -24.384  -47.099  33.170 0.0000000000
21826  -25.095  -49.464  35.337 0.0000000000
22664  -25.182  -48.017  36.076 0.0000000000
22658  -24.752  -47.398  37.383 0.0000000000
22665  -25.712  -47.084  35.660 0.0000000000
23576  -26.076  -46.405  34.731 0.0000000000
23560  -26.905  -46.031  35.201 0.0000000000
23561  -28.154  -46.185  35.739 0.0000000000
126383  -29.129  -47.104  34.521 0.0000000000
22680  -28.591  -47.209  35.480 0.0000000000
23563  -28.747  -47.505  34.974 0.0000000000
23579  -29.166  -47.678  34.022 0.0000000000
138449  -29.461  -47.959  32.934 0.0000000000
26353  -7.970  -44.718  32.127 0.0000000000
26352  -7.173  -44.256  32.453 0.0000000000
24474  -6.061  -45.569  33.278 0.0000000000
25396  -6.418  -44.762  32.902 0.0000000000
26351  -6.030  -43.747  32.525 0.0000000000
139502  -4.948  -42.656  31.798 0.0000000000
27303  -4.851  -43.191  31.360 0.0000000000
18289  -2.521  -53.696  38.064 0.0000000000
19232  -3.044  -51.708  37.043 0.0000000000
19230  -1.027  -52.053  35.933 0.0000000000
19231  -1.830  -51.627  36.610 0.0000000000
20119  -2.636  -51.032  36.440 0.0000000000
20977  -2.794  -50.021  35.550 0.0000000000
21824  -2.382  -49.567  34.892 0.0000000000
21866  -2.558  -48.712  33.757 0.0000000000
19289  -3.925  -52.284  33.373 0.0000000000
20179  -2.937  -51.608  32.861 0.0000000000
21023  -2.380  -50.764  32.782 0.0000000000
21042  -4.162  -50.524  31.869 0.0000000000
20200  -3.385  -51.021  32.240 0.0000000000
127727  -2.432  -49.285  32.874 0.0000000000
22693  -2.990  -47.894  33.554 0.0000000000
23568  -3.040  -47.640  32.710 0.0000000000
23569  -3.325  -46.838  32.715 0.0000000000
25409  -3.735  -45.666  32.016 0.0000000000
23605  -4.300  -47.292  30.682 0.0000000000
24500  -3.858  -46.446  31.066 0.0000000000
25410  -4.154  -44.808  31.760 0.0000000000
26375  -5.035  -43.965  30.731 0.0000000000
27318  -5.357  -43.175  30.585 0.0000000000
136509  -6.131  -43.308  29.863 0.0000000000
26395  -6.927  -43.982  29.283 0.0000000000
2940  -6.448  -77.658  16.628 0.0000000000
9197  -8.437  -65.816  17.361 0.0000000000
140022  -3.542  -62.762  18.960 0.0000000000
11985  -3.753  -61.980  19.154 0.0000000000
12587  -4.393  -60.922  20.306 0.0000000000
11278  -5.524  -62.377  19.824 0.0000000000
11943  -4.907  -61.503  20.627 0.0000000000
11258  -4.535  -61.223  21.303 0.0000000000
11932  -3.979  -60.883  22.087 0.0000000000
11924  -3.567  -62.005  23.727 0.0000000000
11909  -3.549  -62.251  24.864 0.0000000000
4557  -13.185  -74.212  21.115 0.0000000000
4566  -13.311  -74.589  20.181 0.0000000000
4579  -13.685  -74.744  19.188 0.0000000000
4593  -14.083  -75.069  18.121 0.0000000000
121028  -14.724  -75.006  16.473 0.0000000000
4619  -14.813  -75.060  15.340 0.0000000000
5158  -15.835  -73.816  15.490 0.0000000000
4631  -15.247  -74.458  14.890 0.0000000000
4033  -14.072  -75.087  14.032 0.0000000000
4629  -13.597  -74.528  14.189 0.0000000000
143419  -13.343  -73.721  15.589 0.0000000000
5146  -13.209  -73.223  16.773 0.0000000000
6906  -14.984  -70.631  14.992 0.0000000000
7374  -14.189  -69.273  16.172 0.0000000000
6888  -14.447  -70.063  15.979 0.0000000000
6339  -14.643  -70.938  15.591 0.0000000000
5744  -13.915  -72.400  16.767 0.0000000000
140135  -13.422  -72.524  17.565 0.0000000000
5743  -12.672  -72.962  17.902 0.0000000000
5731  -11.128  -73.035  19.010 0.0000000000
133865  -9.962  -71.929  19.801 0.0000000000
6284  -9.606  -71.314  20.187 0.0000000000
6845  -11.369  -70.845  20.898 0.0000000000
6844  -10.286  -70.786  20.812 0.0000000000
6843  -9.182  -70.738  20.575 0.0000000000
7334  -7.566  -70.209  20.385 0.0000000000
135753  -7.115  -69.733  20.675 0.0000000000
7847  -6.069  -68.716  21.125 0.0000000000
8517  -12.351  -67.493  21.887 0.0000000000
8500  -11.600  -67.527  22.546 0.0000000000
125974  -10.562  -67.886  22.744 0.0000000000
123835  -10.431  -66.559  23.648 0.0000000000
140514  -10.186  -67.553  22.959 0.0000000000
142793  -9.415  -68.531  22.462 0.0000000000
8498  -8.386  -67.879  22.645 0.0000000000
7825  -6.575  -68.323  21.988 0.0000000000
8516  -5.804  -67.960  21.565 0.0000000000
8495  -5.527  -67.148  21.846 0.0000000000
9130  -5.263  -66.345  22.244 0.0000000000
9778  -4.797  -64.993  23.006 0.0000000000
9768  -6.681  -65.567  24.313 0.0000000000
10491  -5.177  -64.848  23.812 0.0000000000
10490  -4.564  -64.310  23.367 0.0000000000
11226  -4.226  -63.645  23.734 0.0000000000
11910  -4.020  -63.103  25.003 0.0000000000
11897  -3.990  -62.751  25.675 0.0000000000
123227  -4.773  -62.386  26.685 0.0000000000
12523  -5.149  -61.719  27.205 0.0000000000
132402  -5.593  -61.166  27.846 0.0000000000
124682  -7.241  -62.054  27.656 0.0000000000
12510  -6.648  -61.566  27.897 0.0000000000
13178  -7.180  -60.718  28.962 0.0000000000
13172  -7.933  -60.450  29.635 0.0000000000
13778  -8.308  -60.019  30.332 0.0000000000
13765  -8.399  -59.561  30.957 0.0000000000
12524  -10.135  -61.642  26.632 0.0000000000
119155  -10.120  -60.640  26.956 0.0000000000
13188  -9.868  -60.134  27.524 0.0000000000
13808  -9.384  -58.690  26.525 0.0000000000
14491  -9.553  -58.736  27.544 0.0000000000
14483  -9.564  -59.181  28.410 0.0000000000
13787  -9.257  -59.392  29.235 0.0000000000
14477  -9.137  -58.802  29.877 0.0000000000
14467  -8.403  -58.250  31.027 0.0000000000
15164  -7.972  -57.321  30.719 0.0000000000
15856  -7.447  -56.683  30.074 0.0000000000
15869  -5.828  -55.636  30.068 0.0000000000
16647  -4.962  -55.136  29.653 0.0000000000
16627  -4.631  -54.568  30.087 0.0000000000
17495  -4.149  -53.838  29.648 0.0000000000
18428  -4.241  -53.575  29.847 0.0000000000
28  -15.744  -86.924  27.684 0.0000000000
30  -15.201  -86.670  27.208 0.0000000000
70  -18.676  -86.129  29.288 0.0000000000
75  -18.049  -86.489  28.650 0.0000000000
76  -18.406  -86.637  27.722 0.0000000000
80  -15.952  -86.632  26.704 0.0000000000
86  -16.587  -86.270  26.016 0.0000000000
89  -19.519  -86.158  26.333 0.0000000000
127  -21.735  -85.528  30.102 0.0000000000
130  -6.816  -85.490  28.866 0.0000000000
134  -20.240  -85.953  29.280 0.0000000000
137  -5.918  -85.267  28.678 0.0000000000
138  -6.537  -85.549  28.455 0.0000000000
139  -7.415  -85.564  28.647 0.0000000000
143  -14.611  -85.809  27.283 0.0000000000
150  -8.064  -85.751  27.660 0.0000000000
152  -15.761  -85.883  26.238 0.0000000000
153  -21.956  -85.243  27.528 0.0000000000
159  -17.256  -85.994  25.591 0.0000000000
163  -6.218  -85.232  26.026 0.0000000000
164  -7.018  -85.550  25.592 0.0000000000
165  -7.859  -85.722  25.252 0.0000000000
169  -18.019  -85.587  25.513 0.0000000000
171  -19.448  -85.393  25.233 0.0000000000
172  -20.775  -85.046  25.299 0.0000000000
175  -8.561  -85.713  24.775 0.0000000000
178  -7.860  -85.012  23.222 0.0000000000
180  -9.359  -85.559  23.613 0.0000000000
181  -9.983  -85.415  23.452 0.0000000000
182  -8.732  -85.263  22.988 0.0000000000
200  -13.654  -84.474  48.323 0.0000000000
284  -21.228  -84.562  32.719 0.0000000000
287  -24.025  -84.121  31.927 0.0000000000
293  -21.806  -84.885  31.876 0.0000000000
295  -23.573  -84.506  31.433 0.0000000000
300  -11.400  -85.393  30.517 0.0000000000
301  -12.209  -85.017  30.325 0.0000000000
304  -15.039  -84.299  30.169 0.0000000000
307  -6.414  -85.085  29.402 0.0000000000
308  -7.082  -85.169  29.274 0.0000000000
312  -15.880  -84.419  28.854 0.0000000000
321  -16.525  -84.630  27.458 0.0000000000
322  -22.559  -84.654  28.390 0.0000000000
323  -3.307  -83.411  27.554 0.0000000000
325  -5.347  -84.965  28.002 0.0000000000
335  -8.635  -85.612  27.072 0.0000000000
343  -9.486  -85.450  25.677 0.0000000000
344  -10.214  -85.029  25.278 0.0000000000
346  -18.609  -85.008  25.274 0.0000000000
349  -21.513  -84.435  25.075 0.0000000000
351  -5.693  -84.021  24.630 0.0000000000
352  -6.550  -84.417  24.075 0.0000000000
354  -10.491  -85.191  24.504 0.0000000000
361  -11.593  -84.751  23.443 0.0000000000
364  -8.302  -84.603  22.319 0.0000000000
370  -8.943  -84.558  21.749 0.0000000000
371  -9.688  -84.486  21.416 0.0000000000
374  -12.939  -84.292  21.588 0.0000000000
375  -13.772  -84.224  21.517 0.0000000000
376  -10.437  -83.845  20.341 0.0000000000
377  -11.305  -84.002  20.595 0.0000000000
400  -14.349  -83.709  50.276 0.0000000000
450  -20.808  -83.539  43.748 0.0000000000
451  -21.826  -83.261  43.813 0.0000000000
474  -23.362  -83.084  41.498 0.0000000000
498  -24.288  -82.605  36.169 0.0000000000
537  -24.802  -82.856  33.658 0.0000000000
544  -24.332  -83.525  32.194 0.0000000000
547  -4.290  -82.810  31.800 0.0000000000
556  -23.698  -84.247  30.836 0.0000000000
558  -3.924  -83.356  31.076 0.0000000000
559  -4.679  -83.269  30.986 0.0000000000
566  -16.948  -83.223  29.980 0.0000000000
567  -23.257  -83.749  30.463 0.0000000000
572  -15.810  -84.115  29.825 0.0000000000
576  -8.592  -84.130  28.754 0.0000000000
577  -9.235  -83.553  28.448 0.0000000000
580  -18.026  -83.183  27.974 0.0000000000
582  -2.925  -82.914  26.974 0.0000000000
583  -3.295  -83.203  26.747 0.0000000000
587  -17.892  -83.723  27.277 0.0000000000
592  -3.712  -82.901  25.752 0.0000000000
604  -4.178  -83.124  25.382 0.0000000000
605  -4.946  -83.550  25.050 0.0000000000
608  -13.102  -83.036  24.896 0.0000000000
618  -13.984  -83.184  23.787 0.0000000000
629  -8.480  -83.528  21.373 0.0000000000
640  -9.920  -83.358  19.866 0.0000000000
653  -8.477  -82.074  55.150 0.0000000000
655  -10.877  -82.016  55.280 0.0000000000
659  -7.209  -82.337  54.428 0.0000000000
660  -8.198  -82.506  54.565 0.0000000000
662  -10.283  -82.586  54.664 0.0000000000
669  -6.473  -82.353  53.949 0.0000000000
706  -16.300  -82.170  49.308 0.0000000000
712  -15.648  -82.751  48.838 0.0000000000
732  -20.278  -82.438  45.815 0.0000000000
733  -21.056  -82.605  45.803 0.0000000000
734  -21.495  -82.483  45.360 0.0000000000
758  -22.097  -82.872  43.947 0.0000000000
768  -22.905  -82.778  42.470 0.0000000000
773  -23.702  -82.618  41.333 0.0000000000
788  -22.775  -82.793  39.457 0.0000000000
801  -24.170  -82.503  38.451 0.0000000000
802  -24.691  -82.172  38.115 0.0000000000
810  -24.843  -81.930  36.888 0.0000000000
831  -25.152  -81.958  35.477 0.0000000000
842  -25.174  -82.197  34.891 0.0000000000
853  -24.895  -82.291  33.659 0.0000000000
859  -7.218  -82.681  32.613 0.0000000000
862  -9.795  -82.366  31.795 0.0000000000
871  -7.237  -82.209  31.442 0.0000000000
875  -13.787  -82.698  31.474 0.0000000000
876  -14.735  -82.541  31.525 0.0000000000
877  -15.706  -82.186  31.545 0.0000000000
881  -23.862  -83.356  31.637 0.0000000000
882  -1.998  -82.142  30.620 0.0000000000
883  -2.621  -82.584  31.166 0.0000000000
886  -8.177  -81.906  30.900 0.0000000000
892  -9.066  -82.252  29.592 0.0000000000
893  -17.538  -82.722  29.600 0.0000000000
894  -18.115  -82.208  29.180 0.0000000000
895  -22.018  -82.730  29.603 0.0000000000
905  -2.633  -82.407  27.406 0.0000000000
907  -9.876  -83.109  28.095 0.0000000000
920  -10.955  -83.099  26.928 0.0000000000
930  -13.551  -82.555  25.427 0.0000000000
932  -14.850  -82.075  24.806 0.0000000000
939  -5.428  -82.971  24.396 0.0000000000
941  -6.866  -82.542  23.966 0.0000000000
951  -7.146  -83.030  23.204 0.0000000000
955  -7.643  -83.323  22.530 0.0000000000
985  -7.519  -81.468  55.285 0.0000000000
986  -8.075  -81.634  55.356 0.0000000000
987  -8.737  -81.510  55.413 0.0000000000
989  -10.758  -81.138  55.580 0.0000000000
1016  -17.496  -81.127  51.624 0.0000000000
1031  -4.376  -82.195  49.028 0.0000000000
1038  -17.658  -81.070  49.394 0.0000000000
1053  -16.022  -81.316  46.342 0.0000000000
1067  -20.075  -81.700  46.347 0.0000000000
1076  -17.131  -81.279  44.345 0.0000000000
1077  -18.704  -81.748  45.110 0.0000000000
1111  -23.796  -82.078  41.135 0.0000000000
1119  -23.932  -81.665  40.512 0.0000000000
1133  -24.483  -81.638  38.859 0.0000000000
1134  -24.861  -81.941  38.259 0.0000000000
1141  -24.899  -81.958  37.526 0.0000000000
1156  -25.120  -81.892  35.751 0.0000000000
1179  -7.787  -82.311  32.182 0.0000000000
1180  -8.469  -82.128  31.954 0.0000000000
1183  -21.969  -81.997  32.331 0.0000000000
1189  -9.634  -81.382  31.186 0.0000000000
1194  -15.516  -81.227  31.661 0.0000000000
1206  -10.881  -81.000  29.422 0.0000000000
1217  -11.411  -81.389  28.727 0.0000000000
1218  -13.538  -81.041  28.384 0.0000000000
1244  -3.880  -82.043  26.488 0.0000000000
1247  -13.873  -81.818  26.768 0.0000000000
1248  -14.447  -81.649  26.397 0.0000000000
1256  -7.175  -81.612  25.253 0.0000000000
1260  -16.289  -80.814  24.829 0.0000000000
1261  -21.035  -82.041  25.534 0.0000000000
1263  -22.602  -81.633  24.883 0.0000000000
1269  -7.428  -81.900  24.483 0.0000000000
1326  -10.122  -80.894  55.586 0.0000000000
1331  -6.195  -81.346  54.451 0.0000000000
1362  -18.006  -80.334  50.652 0.0000000000
1377  -18.439  -80.456  49.118 0.0000000000
1379  -19.858  -79.843  48.263 0.0000000000
1423  -20.274  -81.047  43.214 0.0000000000
1442  -20.682  -81.067  41.698 0.0000000000
1455  -23.711  -81.147  39.887 0.0000000000
1468  -22.163  -80.202  38.925 0.0000000000
1477  -24.812  -81.724  37.514 0.0000000000
1486  -24.914  -81.433  35.344 0.0000000000
1517  -11.317  -80.859  31.106 0.0000000000
1518  -12.169  -80.648  31.150 0.0000000000
1519  -14.563  -80.304  31.387 0.0000000000
1521  -16.215  -80.523  31.574 0.0000000000
1531  -17.514  -80.254  31.035 0.0000000000
1538  -4.993  -80.133  29.323 0.0000000000
1541  -12.060  -80.352  29.809 0.0000000000
1542  -13.052  -80.128  29.917 0.0000000000
1543  -14.074  -79.934  29.841 0.0000000000
1553  -2.233  -79.478  28.811 0.0000000000
1554  -3.457  -80.498  28.783 0.0000000000
1555  -4.454  -80.592  28.957 0.0000000000
1556  -5.340  -80.549  28.889 0.0000000000
1561  -15.205  -80.218  28.498 0.0000000000
1562  -18.842  -80.885  29.166 0.0000000000
1563  -19.482  -80.217  28.751 0.0000000000
1573  -7.762  -79.915  28.042 0.0000000000
1574  -8.061  -80.247  27.233 0.0000000000
1578  -19.900  -80.700  27.905 0.0000000000
1586  -8.330  -80.504  26.421 0.0000000000
1596  -7.787  -81.058  25.857 0.0000000000
1601  -16.231  -80.524  25.619 0.0000000000
1604  -22.921  -80.903  25.369 0.0000000000
1695  -8.209  -79.597  53.900 0.0000000000
1751  -20.433  -79.560  47.146 0.0000000000
1752  -20.736  -80.082  47.044 0.0000000000
1763  -20.833  -80.215  46.529 0.0000000000
1771  -20.076  -79.650  45.130 0.0000000000
1801  -18.666  -79.290  40.706 0.0000000000
1831  -19.924  -79.270  38.989 0.0000000000
1851  -22.541  -79.127  35.347 0.0000000000
1881  -14.912  -79.924  31.189 0.0000000000
1888  -14.475  -79.782  30.685 0.0000000000
1890  -16.651  -79.021  30.853 0.0000000000
1892  -17.876  -79.024  30.576 0.0000000000
1901  -2.923  -78.925  28.889 0.0000000000
1908  -15.436  -79.363  29.896 0.0000000000
1909  -16.073  -78.894  29.605 0.0000000000
1919  -1.006  -79.529  28.654 0.0000000000
1926  -20.552  -79.109  28.417 0.0000000000
1935  -16.316  -79.352  27.795 0.0000000000
1937  -21.703  -79.411  27.426 0.0000000000
1938  -22.397  -79.315  27.208 0.0000000000
1950  -22.867  -79.755  26.563 0.0000000000
1980  -3.302  -79.595  21.669 0.0000000000
1987  -3.159  -79.511  21.473 0.0000000000
1989  -4.558  -79.664  20.863 0.0000000000
1999  -5.034  -79.710  19.995 0.0000000000
2000  -5.851  -79.554  19.635 0.0000000000
2012  -6.306  -79.503  18.933 0.0000000000
2019  -4.791  -79.066  18.771 0.0000000000
2020  -5.632  -79.464  18.806 0.0000000000
2072  -8.786  -78.697  52.315 0.0000000000
2073  -9.247  -78.732  52.920 0.0000000000
2081  -9.168  -78.279  51.662 0.0000000000
2088  -16.666  -78.495  50.963 0.0000000000
2100  -18.626  -79.027  49.535 0.0000000000
2105  -8.289  -77.961  48.515 0.0000000000
2118  -6.651  -78.896  46.910 0.0000000000
2138  -1.578  -78.113  45.630 0.0000000000
2144  -19.996  -79.048  46.388 0.0000000000
2159  -1.076  -78.264  43.416 0.0000000000
2167  -18.007  -78.406  43.620 0.0000000000
2190  -17.829  -78.799  42.005 0.0000000000
2260  -22.275  -78.667  34.805 0.0000000000
2300  -18.269  -77.614  29.916 0.0000000000
2310  -5.954  -78.991  29.414 0.0000000000
2311  -7.484  -78.377  29.315 0.0000000000
2321  -0.741  -78.728  28.528 0.0000000000
2323  -4.667  -78.467  28.822 0.0000000000
2324  -5.330  -78.619  29.208 0.0000000000
2325  -7.837  -78.867  29.132 0.0000000000
2331  -19.971  -78.636  29.043 0.0000000000
2337  -0.224  -77.991  27.345 0.0000000000
2344  -16.807  -78.849  27.379 0.0000000000
2353  -0.239  -77.896  26.660 0.0000000000
2385  -1.309  -79.063  24.370 0.0000000000
2407  -4.467  -79.151  22.632 0.0000000000
2415  -2.761  -79.147  21.293 0.0000000000
2416  -4.182  -79.551  21.712 0.0000000000
2427  -3.053  -78.762  20.577 0.0000000000
2428  -5.530  -79.459  20.664 0.0000000000
2430  -7.044  -78.726  19.973 0.0000000000
2438  -3.354  -78.501  19.911 0.0000000000
2441  -7.149  -79.124  19.119 0.0000000000
2460  -7.734  -78.676  17.161 0.0000000000
2461  -8.354  -78.582  17.047 0.0000000000
2462  -9.072  -78.435  17.156 0.0000000000
2497  -17.289  -77.156  59.695 0.0000000000
2502  -16.523  -78.017  58.897 0.0000000000
2523  -3.666  -77.088  54.098 0.0000000000
2524  -4.066  -77.312  54.648 0.0000000000
2525  -4.602  -77.576  54.704 0.0000000000
2529  -15.023  -76.829  55.044 0.0000000000
2533  -5.866  -77.243  53.889 0.0000000000
2535  -13.820  -77.895  53.667 0.0000000000
2545  -11.418  -77.446  51.580 0.0000000000
2576  -9.448  -77.002  49.258 0.0000000000
2583  -2.672  -77.285  48.399 0.0000000000
2585  -7.992  -77.668  47.716 0.0000000000
2587  -9.117  -76.608  48.474 0.0000000000
2599  -1.683  -77.221  47.770 0.0000000000
2600  -2.249  -77.572  47.755 0.0000000000
2601  -3.063  -77.734  47.635 0.0000000000
2603  -5.432  -77.321  46.747 0.0000000000
2604  -7.402  -77.439  47.236 0.0000000000
2634  -1.233  -77.429  44.701 0.0000000000
2641  -18.187  -77.725  44.877 0.0000000000
2666  -17.528  -77.151  42.002 0.0000000000
2680  -17.970  -77.830  40.696 0.0000000000
2781  -7.017  -77.914  29.304 0.0000000000
2782  -7.912  -77.676  29.281 0.0000000000
2783  -8.615  -77.746  29.283 0.0000000000
2784  -9.253  -77.514  29.221 0.0000000000
2785  -17.144  -77.781  29.502 0.0000000000
2801  -17.468  -77.329  28.760 0.0000000000
2812  -5.960  -77.446  27.827 0.0000000000
2838  -0.257  -77.574  26.034 0.0000000000
2842  -5.449  -77.944  25.567 0.0000000000
2863  -1.059  -78.409  22.914 0.0000000000
2866  -7.225  -77.507  23.304 0.0000000000
2873  -1.560  -78.414  22.233 0.0000000000
2874  -1.967  -77.951  21.617 0.0000000000
2875  -5.668  -78.633  22.973 0.0000000000
2877  -7.263  -77.671  22.427 0.0000000000
2888  -6.703  -78.173  22.031 0.0000000000
2899  -3.656  -77.487  19.606 0.0000000000
2900  -7.619  -78.075  20.565 0.0000000000
2928  -5.523  -77.655  17.208 0.0000000000
2930  -10.598  -78.025  16.562 0.0000000000
2931  -11.218  -77.699  16.795 0.0000000000
2941  -7.695  -77.865  16.164 0.0000000000
2942  -8.834  -77.909  15.809 0.0000000000
2954  -8.987  -77.255  15.400 0.0000000000
2955  -9.647  -77.483  15.437 0.0000000000
3002  -15.822  -77.551  58.400 0.0000000000
3029  -14.786  -76.544  54.276 0.0000000000
3036  -3.391  -76.714  53.484 0.0000000000
3037  -5.422  -77.170  53.207 0.0000000000
3051  -6.052  -76.579  52.518 0.0000000000
3052  -13.911  -75.770  52.618 0.0000000000
3057  -2.309  -76.007  51.689 0.0000000000
3061  -12.659  -76.146  51.149 0.0000000000
3068  -2.357  -76.341  50.945 0.0000000000
3069  -3.209  -76.709  50.901 0.0000000000
3094  -5.836  -76.100  47.907 0.0000000000
3095  -8.665  -76.237  48.015 0.0000000000
3101  -1.295  -76.666  47.534 0.0000000000
3103  -5.645  -76.613  47.328 0.0000000000
3111  -23.586  -77.100  47.358 0.0000000000
3114  -1.175  -76.737  46.688 0.0000000000
3138  -17.564  -76.324  44.774 0.0000000000
3143  -1.308  -76.111  43.419 0.0000000000
3159  -17.548  -76.387  42.375 0.0000000000
3301  -7.594  -76.810  28.467 0.0000000000
3328  -9.300  -75.832  27.975 0.0000000000
3357  -0.449  -77.450  25.291 0.0000000000
3360  -6.851  -77.216  26.111 0.0000000000
3361  -7.689  -76.978  25.043 0.0000000000
3362  -8.299  -76.555  25.517 0.0000000000
3390  -7.675  -77.143  24.136 0.0000000000
3404  -7.923  -77.052  23.393 0.0000000000
3429  -10.630  -76.492  20.258 0.0000000000
3430  -11.348  -75.977  20.428 0.0000000000
3477  -10.022  -76.968  15.292 0.0000000000
3525  -11.480  -76.084  60.116 0.0000000000
3564  -5.282  -76.414  55.881 0.0000000000
3568  -11.537  -75.100  55.605 0.0000000000
3569  -12.350  -74.787  55.828 0.0000000000
3577  -4.031  -76.359  54.678 0.0000000000
3594  -8.275  -75.299  52.936 0.0000000000
3600  -19.861  -75.508  52.952 0.0000000000
3609  -16.984  -75.926  52.708 0.0000000000
3622  -12.787  -75.451  51.490 0.0000000000
3623  -13.447  -75.662  51.992 0.0000000000
3630  -1.973  -75.738  50.980 0.0000000000
3642  -1.513  -75.376  49.450 0.0000000000
3646  -10.259  -74.693  49.847 0.0000000000
3654  -7.249  -75.356  48.279 0.0000000000
3666  -6.527  -75.715  48.113 0.0000000000
3682  -2.428  -75.210  45.716 0.0000000000
3688  -22.737  -75.312  44.834 0.0000000000
3706  -2.361  -74.947  43.919 0.0000000000
3723  -17.654  -75.600  42.655 0.0000000000
3724  -17.873  -74.980  42.210 0.0000000000
3960  -10.586  -75.631  22.573 0.0000000000
4007  -10.130  -75.792  15.727 0.0000000000
4011  -14.119  -75.618  16.721 0.0000000000
4019  -11.632  -76.451  14.783 0.0000000000
4021  -13.703  -76.132  15.102 0.0000000000
4022  -14.183  -75.501  14.597 0.0000000000
4029  -7.607  -75.250  15.157 0.0000000000
4030  -8.371  -75.612  15.066 0.0000000000
4032  -12.872  -75.888  14.211 0.0000000000
4040  -8.729  -74.899  14.948 0.0000000000
4062  -13.226  -74.217  64.437 0.0000000000
4106  -14.372  -73.938  57.289 0.0000000000
4112  -15.056  -74.221  56.598 0.0000000000
4113  -15.741  -74.568  57.092 0.0000000000
4141  -9.711  -74.804  52.983 0.0000000000
4156  -11.026  -74.448  52.196 0.0000000000
4160  -2.285  -74.612  51.440 0.0000000000
4161  -2.776  -74.204  51.882 0.0000000000
4162  -8.222  -74.847  51.672 0.0000000000
4167  -12.497  -74.872  51.761 0.0000000000
4171  -2.183  -74.313  50.813 0.0000000000
4173  -9.549  -74.412  49.847 0.0000000000
4174  -10.918  -74.624  50.500 0.0000000000
4182  -2.291  -73.901  49.673 0.0000000000
4187  -18.281  -74.661  49.513 0.0000000000
4196  -8.417  -74.819  48.685 0.0000000000
4197  -9.049  -74.841  48.752 0.0000000000
4201  -21.002  -74.820  48.366 0.0000000000
4220  -18.145  -74.243  46.748 0.0000000000
4222  -20.648  -73.841  46.400 0.0000000000
4262  -1.527  -74.701  43.351 0.0000000000
4268  -17.923  -74.622  43.539 0.0000000000
4271  -21.232  -74.179  43.554 0.0000000000
4278  -0.583  -74.927  42.073 0.0000000000
4528  -12.038  -73.991  24.115 0.0000000000
4580  -14.045  -74.074  19.725 0.0000000000
4590  -9.520  -74.515  17.657 0.0000000000
4594  -14.380  -74.275  18.830 0.0000000000
4602  -9.211  -74.395  16.643 0.0000000000
4603  -9.489  -75.044  16.734 0.0000000000
4606  -11.797  -74.738  16.550 0.0000000000
4607  -14.570  -74.906  17.381 0.0000000000
4618  -13.094  -74.448  14.764 0.0000000000
4625  -6.891  -74.838  15.539 0.0000000000
4628  -12.920  -75.211  14.222 0.0000000000
4630  -14.613  -74.910  14.440 0.0000000000
4638  -8.987  -73.681  14.436 0.0000000000
4639  -14.114  -74.480  14.091 0.0000000000
4640  -14.764  -74.287  14.306 0.0000000000
4661  -14.242  -73.342  64.584 0.0000000000
4662  -15.063  -73.220  64.361 0.0000000000
4684  -14.412  -73.932  61.331 0.0000000000
4698  -17.523  -73.657  62.354 0.0000000000
4709  -13.937  -73.862  59.076 0.0000000000
4735  -6.064  -73.690  53.615 0.0000000000
4736  -6.521  -73.174  54.040 0.0000000000
4769  -2.502  -73.643  48.157 0.0000000000
4776  -2.602  -73.665  47.259 0.0000000000
4777  -18.495  -73.883  46.035 0.0000000000
4779  -19.914  -73.545  46.076 0.0000000000
4800  -19.319  -73.593  44.744 0.0000000000
4862  -1.198  -73.355  39.729 0.0000000000
5131  -9.595  -73.984  18.346 0.0000000000
5133  -11.698  -73.449  18.307 0.0000000000
5143  -9.115  -73.735  16.987 0.0000000000
5165  -7.899  -73.785  14.842 0.0000000000
5167  -14.298  -73.775  14.280 0.0000000000
5168  -15.536  -73.752  14.589 0.0000000000
5169  -16.076  -73.279  14.938 0.0000000000
5175  -8.613  -73.416  14.479 0.0000000000
5178  -15.282  -73.599  14.411 0.0000000000
5223  -19.050  -72.771  61.560 0.0000000000
5274  -6.059  -72.449  55.818 0.0000000000
5294  -6.656  -72.425  53.666 0.0000000000
5302  -6.252  -72.820  52.289 0.0000000000
5309  -4.406  -72.799  51.193 0.0000000000
5327  -3.961  -71.963  49.907 0.0000000000
5333  -2.138  -72.228  48.880 0.0000000000
5370  -0.502  -72.400  43.785 0.0000000000
5716  -10.482  -72.510  19.439 0.0000000000
5730  -9.958  -73.227  18.913 0.0000000000
5733  -13.189  -72.254  18.392 0.0000000000
5745  -14.338  -71.704  16.628 0.0000000000
5753  -9.596  -72.849  16.102 0.0000000000
5764  -9.495  -72.023  14.372 0.0000000000
5766  -14.585  -72.828  14.740 0.0000000000
5775  -9.254  -73.002  14.373 0.0000000000
5776  -9.264  -73.417  14.510 0.0000000000
5778  -15.397  -73.103  14.390 0.0000000000
5881  -6.799  -71.574  52.331 0.0000000000
5909  -6.062  -71.784  50.188 0.0000000000
5911  -7.007  -71.081  50.813 0.0000000000
5918  -3.715  -71.571  49.268 0.0000000000
5928  -2.428  -71.238  48.224 0.0000000000
5931  -6.194  -70.886  48.895 0.0000000000
6283  -8.593  -71.205  19.867 0.0000000000
6286  -11.723  -71.375  20.337 0.0000000000
6300  -7.688  -70.966  19.020 0.0000000000
6302  -11.081  -71.898  19.885 0.0000000000
6303  -11.993  -71.821  19.849 0.0000000000
6315  -7.898  -71.148  18.403 0.0000000000
6318  -14.256  -71.071  17.986 0.0000000000
6328  -8.339  -71.214  17.728 0.0000000000
6348  -10.094  -70.991  14.586 0.0000000000
6423  -4.841  -70.297  53.733 0.0000000000
6433  -6.809  -70.842  51.946 0.0000000000
6480  -3.494  -70.947  47.898 0.0000000000
6483  -6.345  -70.137  48.685 0.0000000000
6492  -2.176  -71.092  47.390 0.0000000000
6510  -2.475  -70.637  45.499 0.0000000000
6511  -3.029  -70.394  46.014 0.0000000000
6563  -0.587  -70.619  38.823 0.0000000000
6826  -9.807  -70.148  21.357 0.0000000000
6842  -8.139  -70.716  20.174 0.0000000000
6866  -13.190  -70.680  20.148 0.0000000000
6867  -13.671  -70.205  19.657 0.0000000000
6905  -10.279  -70.300  15.070 0.0000000000
6993  -5.890  -69.491  51.152 0.0000000000
6994  -6.476  -70.183  51.556 0.0000000000
6999  -6.134  -69.297  50.157 0.0000000000
7007  -6.533  -69.798  49.080 0.0000000000
7054  -2.613  -69.762  44.984 0.0000000000
7312  -6.556  -69.263  20.422 0.0000000000
7314  -8.978  -69.631  21.626 0.0000000000
7315  -11.458  -69.659  21.790 0.0000000000
7335  -13.026  -69.342  20.669 0.0000000000
7336  -13.490  -69.378  19.828 0.0000000000
7373  -13.933  -68.372  15.985 0.0000000000
7383  -9.834  -68.883  15.663 0.0000000000
7384  -14.082  -68.195  15.856 0.0000000000
7391  -10.048  -69.495  15.322 0.0000000000
7540  -5.408  -68.671  49.780 0.0000000000
7577  -4.013  -68.152  46.545 0.0000000000
7612  -1.297  -69.174  42.661 0.0000000000
7630  -0.353  -68.515  39.632 0.0000000000
7640  -0.361  -68.839  38.809 0.0000000000
7826  -7.745  -68.541  22.193 0.0000000000
7849  -8.281  -69.158  21.904 0.0000000000
7850  -10.857  -69.187  22.186 0.0000000000
7851  -11.781  -68.899  22.061 0.0000000000
7884  -8.110  -67.825  18.596 0.0000000000
7892  -9.028  -67.622  17.740 0.0000000000
7893  -9.457  -67.657  16.832 0.0000000000
7895  -13.384  -68.168  17.600 0.0000000000
7911  -8.657  -67.618  16.065 0.0000000000
8485  -9.865  -67.201  23.218 0.0000000000
8497  -6.889  -67.623  22.486 0.0000000000
8499  -9.517  -67.934  22.748 0.0000000000
8515  -5.565  -67.468  21.195 0.0000000000
8546  -8.232  -66.871  18.680 0.0000000000
8547  -13.084  -67.822  19.427 0.0000000000
8559  -13.278  -67.461  17.211 0.0000000000
8566  -8.360  -66.306  16.797 0.0000000000
8567  -9.221  -67.023  16.758 0.0000000000
8568  -13.628  -67.462  16.465 0.0000000000
8577  -13.917  -67.595  16.141 0.0000000000
8840  -2.778  -66.134  46.348 0.0000000000
8882  -1.408  -66.330  43.439 0.0000000000
8895  -1.226  -66.336  42.610 0.0000000000
8904  -0.735  -66.382  41.043 0.0000000000
9113  -5.631  -66.071  22.915 0.0000000000
9119  -12.101  -66.014  23.240 0.0000000000
9129  -4.877  -65.751  21.976 0.0000000000
9131  -5.833  -66.805  22.524 0.0000000000
9132  -6.751  -66.993  22.775 0.0000000000
9133  -11.791  -66.671  22.892 0.0000000000
9154  -12.579  -66.662  21.433 0.0000000000
9196  -7.767  -65.769  16.979 0.0000000000
9525  -1.371  -64.589  43.364 0.0000000000
9567  -0.604  -65.398  40.146 0.0000000000
9754  -7.768  -65.436  25.328 0.0000000000
9767  -5.928  -65.224  24.089 0.0000000000
9771  -9.294  -65.785  25.035 0.0000000000
9779  -5.440  -65.427  23.360 0.0000000000
9783  -12.470  -65.284  23.130 0.0000000000
9801  -4.719  -65.060  22.226 0.0000000000
9802  -5.027  -65.648  22.607 0.0000000000
9837  -6.599  -64.855  20.061 0.0000000000
9839  -12.304  -65.620  19.889 0.0000000000
9849  -7.344  -64.981  19.479 0.0000000000
9850  -7.976  -65.111  18.820 0.0000000000
9862  -12.035  -64.919  18.327 0.0000000000
9877  -7.713  -65.040  17.473 0.0000000000
10258  -0.399  -64.272  38.921 0.0000000000
10425  -6.510  -64.162  26.302 0.0000000000
10426  -7.499  -64.387  26.640 0.0000000000
10427  -8.500  -64.423  26.809 0.0000000000
10428  -9.423  -64.280  26.688 0.0000000000
10429  -10.215  -64.024  26.398 0.0000000000
10450  -10.739  -64.349  25.783 0.0000000000
10464  -4.816  -64.265  24.241 0.0000000000
10467  -11.204  -64.851  25.195 0.0000000000
10468  -11.708  -64.497  24.624 0.0000000000
10492  -12.251  -64.817  23.953 0.0000000000
10526  -11.849  -64.118  20.783 0.0000000000
10527  -12.463  -64.771  21.453 0.0000000000
10541  -6.557  -63.984  19.887 0.0000000000
10556  -6.547  -63.484  19.380 0.0000000000
10572  -7.283  -63.989  18.395 0.0000000000
10590  -7.889  -64.545  18.173 0.0000000000
10591  -12.283  -63.722  17.706 0.0000000000
10890  -1.661  -63.490  45.451 0.0000000000
10994  -0.610  -63.267  37.671 0.0000000000
11010  -0.609  -64.139  37.147 0.0000000000
11177  -4.747  -63.346  25.562 0.0000000000
11178  -5.610  -63.809  25.947 0.0000000000
11199  -3.804  -63.008  24.186 0.0000000000
11200  -4.448  -63.617  24.640 0.0000000000
11228  -12.007  -63.933  23.921 0.0000000000
11277  -5.234  -62.038  20.482 0.0000000000
11297  -5.150  -63.030  18.698 0.0000000000
11858  -6.570  -62.258  27.428 0.0000000000
11874  -3.449  -62.113  25.825 0.0000000000
11875  -3.948  -62.272  26.312 0.0000000000
11898  -10.391  -61.534  25.625 0.0000000000
11935  -10.526  -62.710  22.345 0.0000000000
11945  -10.182  -62.507  21.505 0.0000000000
11963  -5.162  -62.189  19.187 0.0000000000
11986  -4.489  -61.778  19.250 0.0000000000
12017  -12.873  -63.247  17.692 0.0000000000
12277  -2.490  -62.170  46.765 0.0000000000
12314  -3.111  -61.083  44.384 0.0000000000
12502  -6.412  -60.962  28.418 0.0000000000
12503  -7.371  -61.138  28.393 0.0000000000
12504  -8.216  -61.148  28.287 0.0000000000
12522  -4.149  -61.654  26.854 0.0000000000
12561  -8.916  -61.198  23.000 0.0000000000
12605  -3.374  -60.845  20.081 0.0000000000
12624  -3.137  -61.565  19.547 0.0000000000
12625  -4.028  -61.258  19.470 0.0000000000
12962  -3.892  -60.342  44.664 0.0000000000
12979  -6.606  -60.315  43.524 0.0000000000
13042  -0.862  -59.920  39.465 0.0000000000
13065  -2.161  -60.031  38.291 0.0000000000
13130  -3.435  -59.903  32.408 0.0000000000
13131  -4.100  -60.342  32.421 0.0000000000
13133  -6.642  -60.431  32.059 0.0000000000
13148  -6.826  -60.440  31.137 0.0000000000
13161  -6.554  -60.494  30.261 0.0000000000
13177  -4.680  -60.356  28.508 0.0000000000
13181  -9.463  -59.984  28.333 0.0000000000
13268  -2.622  -60.419  20.689 0.0000000000
13606  -5.884  -60.287  43.892 0.0000000000
13623  -5.083  -59.237  43.492 0.0000000000
13656  -0.927  -58.785  39.969 0.0000000000
13726  -5.019  -59.289  34.228 0.0000000000
13740  -5.797  -59.592  33.670 0.0000000000
13754  -7.857  -59.697  31.724 0.0000000000
13763  -2.159  -58.709  31.062 0.0000000000
13776  -3.101  -59.235  30.119 0.0000000000
13785  -2.289  -59.092  28.792 0.0000000000
13796  -0.930  -59.479  27.448 0.0000000000
13797  -2.104  -58.955  26.959 0.0000000000
13798  -9.792  -59.534  27.664 0.0000000000
13805  -1.157  -59.146  26.877 0.0000000000
13809  -9.874  -59.194  27.036 0.0000000000
13818  -0.943  -59.136  26.006 0.0000000000
13820  -1.948  -58.916  24.945 0.0000000000
13822  -9.088  -58.912  25.475 0.0000000000
13832  -1.441  -59.092  24.771 0.0000000000
13835  -9.014  -59.461  24.727 0.0000000000
14268  -2.758  -58.167  43.060 0.0000000000
14282  -1.469  -57.890  42.034 0.0000000000
14283  -1.922  -58.260  42.685 0.0000000000
14304  -1.148  -58.060  41.276 0.0000000000
14317  -2.351  -58.288  39.721 0.0000000000
14318  -3.992  -57.950  39.874 0.0000000000
14320  -5.938  -58.486  40.158 0.0000000000
14398  -0.036  -58.507  35.253 0.0000000000
14400  -3.847  -57.667  34.956 0.0000000000
14410  -3.515  -58.180  34.539 0.0000000000
14436  -0.734  -58.421  32.156 0.0000000000
14438  -1.723  -57.915  32.470 0.0000000000
14466  -1.736  -58.663  30.508 0.0000000000
14468  -8.768  -58.898  30.684 0.0000000000
14475  -1.329  -59.016  30.122 0.0000000000
14479  -1.368  -59.238  28.630 0.0000000000
14482  -9.351  -58.639  29.011 0.0000000000
14487  -1.656  -59.114  28.091 0.0000000000
14488  -1.890  -58.938  27.722 0.0000000000
14489  -8.218  -57.737  27.414 0.0000000000
14490  -9.053  -58.138  27.725 0.0000000000
15019  -4.710  -56.875  42.513 0.0000000000
15095  -0.498  -57.578  36.697 0.0000000000
15096  -1.254  -57.967  37.096 0.0000000000
15099  -11.876  -57.849  36.950 0.0000000000
15121  -5.175  -57.591  34.818 0.0000000000
15129  -0.366  -57.857  34.131 0.0000000000
15130  -0.837  -57.415  33.511 0.0000000000
15145  -7.218  -58.162  32.612 0.0000000000
15165  -8.722  -58.067  30.310 0.0000000000
15738  -2.583  -55.803  40.604 0.0000000000
15740  -3.220  -55.757  39.993 0.0000000000
15756  -0.837  -55.884  37.749 0.0000000000
15758  -2.547  -55.823  37.955 0.0000000000
15783  -0.278  -56.284  36.657 0.0000000000
15797  -0.445  -56.318  35.736 0.0000000000
15800  -3.210  -56.256  35.283 0.0000000000
15803  -12.621  -56.613  35.675 0.0000000000
15815  -1.531  -56.550  34.630 0.0000000000
16487  -6.477  -55.312  42.023 0.0000000000
16499  -5.097  -55.089  41.283 0.0000000000
16506  -6.008  -55.383  40.220 0.0000000000
16549  -0.308  -55.535  36.932 0.0000000000
16554  -12.849  -55.554  35.667 0.0000000000
16568  -1.662  -55.326  35.248 0.0000000000
16571  -5.189  -56.002  35.077 0.0000000000
16584  -4.599  -55.416  35.239 0.0000000000
16611  -4.853  -54.759  30.823 0.0000000000
17343  -8.787  -54.469  42.100 0.0000000000
17354  -4.844  -55.006  40.788 0.0000000000
17355  -5.603  -54.802  41.021 0.0000000000
17356  -6.551  -54.574  41.174 0.0000000000
17359  -5.229  -55.002  40.645 0.0000000000
17360  -6.738  -54.586  40.638 0.0000000000
17373  -0.758  -54.815  37.818 0.0000000000
17375  -2.188  -54.439  38.142 0.0000000000
17389  -0.462  -54.849  37.230 0.0000000000
17390  -0.804  -54.096  37.621 0.0000000000
17391  -4.875  -54.267  37.609 0.0000000000
17418  -0.646  -54.862  35.911 0.0000000000
17423  -14.357  -55.649  34.846 0.0000000000
17443  -16.865  -55.493  33.992 0.0000000000
17446  -19.862  -55.463  33.875 0.0000000000
17478  -4.817  -54.563  30.956 0.0000000000
17520  -4.190  -54.157  29.532 0.0000000000
18249  -9.903  -53.945  41.940 0.0000000000
18264  -8.629  -53.859  41.316 0.0000000000
18275  -10.327  -53.308  39.839 0.0000000000
18277  -12.180  -53.294  41.497 0.0000000000
18279  -8.233  -53.969  40.287 0.0000000000
18291  -9.802  -53.566  38.874 0.0000000000
18304  -2.943  -53.033  37.816 0.0000000000
18308  -11.487  -53.626  37.490 0.0000000000
18310  -13.379  -53.609  37.416 0.0000000000
18351  -23.036  -54.360  34.326 0.0000000000
18363  -2.989  -53.415  34.490 0.0000000000
18386  -23.271  -53.177  33.684 0.0000000000
19189  -14.120  -52.526  40.649 0.0000000000
19209  -14.845  -53.192  38.746 0.0000000000
19273  -2.126  -52.716  34.059 0.0000000000
19278  -21.720  -53.551  33.679 0.0000000000
19287  -1.572  -51.853  33.981 0.0000000000
19290  -5.533  -53.110  33.884 0.0000000000
19294  -23.215  -52.643  33.664 0.0000000000
19338  -4.687  -52.975  29.861 0.0000000000
20038  -13.598  -51.894  42.997 0.0000000000
20101  -18.119  -51.466  38.279 0.0000000000
20118  -1.317  -51.411  35.842 0.0000000000
20123  -18.992  -52.111  37.072 0.0000000000
20138  -0.991  -51.644  35.333 0.0000000000
20146  -24.064  -52.121  34.918 0.0000000000
20166  -24.283  -51.383  34.034 0.0000000000
20177  -1.385  -51.134  33.987 0.0000000000
20184  -23.474  -51.887  33.775 0.0000000000
20930  -16.986  -50.171  40.394 0.0000000000
20939  -17.412  -50.635  39.678 0.0000000000
20944  -17.802  -51.080  39.000 0.0000000000
20961  -1.782  -50.886  35.967 0.0000000000
20962  -2.401  -50.507  35.900 0.0000000000
21009  -24.739  -50.781  34.014 0.0000000000
21029  -23.760  -50.826  33.656 0.0000000000
21040  -2.133  -49.958  33.007 0.0000000000
21805  -26.935  -48.148  38.378 0.0000000000
21818  -23.928  -49.467  37.304 0.0000000000
21827  -25.602  -48.821  34.729 0.0000000000
21829  -28.371  -48.518  35.370 0.0000000000
21841  -2.819  -48.910  34.597 0.0000000000
21865  -2.107  -49.543  33.673 0.0000000000
21875  -24.373  -50.139  33.400 0.0000000000
21890  -3.378  -49.877  31.702 0.0000000000
22642  -20.805  -48.708  38.938 0.0000000000
22646  -24.878  -48.053  38.650 0.0000000000
22647  -25.482  -47.616  38.665 0.0000000000
22648  -26.133  -48.171  38.705 0.0000000000
22653  -24.626  -47.626  38.174 0.0000000000
22659  -25.219  -46.677  36.906 0.0000000000
22660  -27.737  -47.725  37.163 0.0000000000
22662  -22.804  -48.711  35.769 0.0000000000
22703  -25.626  -48.071  33.969 0.0000000000
22725  -24.732  -47.565  33.164 0.0000000000
22774  -28.658  -48.477  29.898 0.0000000000
23509  -25.425  -47.043  38.559 0.0000000000
23511  -27.035  -47.520  38.365 0.0000000000
23516  -24.787  -46.885  38.024 0.0000000000
23517  -25.755  -46.692  38.537 0.0000000000
23519  -27.285  -46.922  38.036 0.0000000000
23525  -25.338  -45.981  37.802 0.0000000000
23545  -28.418  -47.184  35.761 0.0000000000
23553  -3.444  -47.242  33.451 0.0000000000
23577  -28.988  -46.353  34.602 0.0000000000
23578  -29.545  -47.391  33.192 0.0000000000
23622  -29.216  -47.096  30.078 0.0000000000
23624  -29.596  -48.051  30.913 0.0000000000
24439  -25.044  -46.649  38.201 0.0000000000
24473  -3.605  -46.199  32.660 0.0000000000
24488  -3.547  -46.609  31.881 0.0000000000
27239  -23.314  -44.160  35.923 0.0000000000
28279  -5.669  -41.612  31.290 0.0000000000
28297  -5.710  -41.829  30.730 0.0000000000
29204  -6.753  -41.282  32.010 0.0000000000
29247  -6.934  -41.224  29.740 0.0000000000
30102  -6.496  -40.806  30.377 0.0000000000
30130  -19.381  -39.977  29.479 0.0000000000
30132  -21.713  -39.729  29.711 0.0000000000
30992  -14.677  -39.623  29.833 0.0000000000
31849  -9.634  -38.758  30.489 0.0000000000
31858  -13.174  -38.716  30.029 0.0000000000
32809  -24.915  -37.344  30.449 0.0000000000
32827  -15.043  -38.226  28.617 0.0000000000
32847  -16.408  -38.181  27.920 0.0000000000
33805  -25.243  -37.072  31.612 0.0000000000
118922  -0.983  -71.714  46.552 0.0000000000
119053  -10.340  -60.852  26.195 0.0000000000
119082  -6.306  -60.626  29.006 0.0000000000
120236  -2.579  -62.030  46.100 0.0000000000
120248  -11.202  -53.348  38.268 0.0000000000
120403  -1.115  -72.350  46.748 0.0000000000
120496  -24.302  -49.556  33.072 0.0000000000
120821  -8.857  -53.616  40.178 0.0000000000
121155  -1.683  -71.115  43.911 0.0000000000
121272  -1.706  -59.787  22.650 0.0000000000
121292  -0.296  -73.406  40.935 0.0000000000
121310  -11.174  -74.752  24.512 0.0000000000
121765  -0.604  -77.066  41.640 0.0000000000
121809  -20.297  -84.595  24.755 0.0000000000
121881  -9.954  -62.198  22.832 0.0000000000
122133  -6.081  -63.401  26.682 0.0000000000
122228  -13.054  -80.476  31.224 0.0000000000
122681  -17.116  -79.314  56.607 0.0000000000
122840  -16.862  -74.115  60.870 0.0000000000
123022  -25.147  -81.949  34.369 0.0000000000
123242  -0.447  -66.218  38.391 0.0000000000
123327  -0.345  -72.394  40.190 0.0000000000
123377  -21.197  -80.984  46.346 0.0000000000
123481  -6.801  -77.210  46.908 0.0000000000
123816  -7.928  -55.382  42.365 0.0000000000
123860  -25.258  -49.377  33.664 0.0000000000
123984  -15.048  -72.201  14.619 0.0000000000
124171  -2.696  -60.144  25.205 0.0000000000
124586  -22.420  -83.367  42.248 0.0000000000
124846  -7.206  -56.800  39.984 0.0000000000
124851  -1.363  -76.115  46.233 0.0000000000
124955  -17.783  -79.694  30.739 0.0000000000
124979  -3.737  -55.179  40.430 0.0000000000
124990  -20.123  -85.105  24.931 0.0000000000
125158  -4.492  -58.607  43.265 0.0000000000
125280  -23.180  -81.491  33.317 0.0000000000
125789  -16.208  -53.554  35.949 0.0000000000
126004  -6.066  -76.565  16.391 0.0000000000
126017  -1.819  -56.697  40.507 0.0000000000
126300  -18.332  -83.658  26.741 0.0000000000
126308  -7.343  -56.771  30.626 0.0000000000
126521  -5.416  -68.500  48.874 0.0000000000
127411  -8.927  -53.602  40.887 0.0000000000
127744  -7.622  -85.736  28.124 0.0000000000
127935  -3.766  -61.790  22.858 0.0000000000
128307  -12.353  -81.997  31.494 0.0000000000
128317  -14.266  -83.663  22.972 0.0000000000
128412  -23.394  -79.381  26.774 0.0000000000
128597  -8.775  -68.515  22.385 0.0000000000
128632  -11.541  -75.832  58.437 0.0000000000
129059  -1.367  -77.911  45.006 0.0000000000
129452  -2.738  -76.631  50.286 0.0000000000
129614  -1.666  -79.250  23.451 0.0000000000
129662  -0.763  -59.640  25.623 0.0000000000
129690  -7.361  -49.341  34.466 0.0000000000
129724  -12.481  -81.995  27.551 0.0000000000
129730  -0.599  -61.811  37.963 0.0000000000
130042  -0.723  -77.018  42.455 0.0000000000
130106  -7.638  -74.909  48.768 0.0000000000
130217  -17.888  -77.149  45.835 0.0000000000
130543  -8.475  -75.458  53.596 0.0000000000
130956  -8.228  -85.805  25.997 0.0000000000
131398  -11.912  -75.565  20.532 0.0000000000
131442  -3.355  -55.685  37.830 0.0000000000
131475  -1.008  -69.153  41.963 0.0000000000
131591  -4.375  -79.562  19.943 0.0000000000
131629  -22.536  -82.157  42.320 0.0000000000
132262  -1.613  -58.932  29.949 0.0000000000
132594  -4.733  -68.014  48.729 0.0000000000
132674  -29.348  -45.019  30.208 0.0000000000
132759  -0.572  -75.197  40.717 0.0000000000
132876  -8.196  -74.522  49.836 0.0000000000
133016  -7.485  -67.920  22.469 0.0000000000
133257  -18.855  -78.314  47.868 0.0000000000
133445  -2.860  -75.450  52.783 0.0000000000
133529  -4.001  -53.441  34.402 0.0000000000
133567  -10.092  -56.977  38.612 0.0000000000
133596  -5.423  -55.097  32.248 0.0000000000
133795  -24.572  -81.328  36.666 0.0000000000
133806  -20.893  -84.235  24.592 0.0000000000
133944  -18.164  -39.377  28.807 0.0000000000
133973  -6.898  -81.279  55.078 0.0000000000
134008  -5.507  -81.214  53.754 0.0000000000
134119  -2.650  -55.702  41.209 0.0000000000
134156  -4.945  -77.943  26.973 0.0000000000
134503  -2.467  -73.415  50.137 0.0000000000
134584  -11.513  -82.074  31.505 0.0000000000
134742  -4.682  -68.274  47.229 0.0000000000
135195  -6.651  -66.646  19.888 0.0000000000
135231  -24.842  -82.376  35.621 0.0000000000
135337  -10.061  -69.071  15.823 0.0000000000
135528  -23.832  -80.297  35.630 0.0000000000
135612  -8.882  -74.305  50.014 0.0000000000
135975  -21.543  -85.269  26.741 0.0000000000
135998  -0.570  -72.393  44.419 0.0000000000
136085  -1.906  -76.145  50.331 0.0000000000
136476  -9.811  -81.209  30.081 0.0000000000
136813  -2.496  -79.698  45.217 0.0000000000
136832  -8.421  -84.972  28.407 0.0000000000
137062  -11.099  -53.645  41.657 0.0000000000
137082  -9.718  -54.818  38.181 0.0000000000
137088  -22.568  -50.467  34.002 0.0000000000
137128  -24.382  -83.384  33.932 0.0000000000
137202  -0.277  -70.507  39.384 0.0000000000
137215  -1.784  -61.731  40.838 0.0000000000
137364  -14.361  -75.546  15.672 0.0000000000
137392  -6.951  -79.527  50.610 0.0000000000
137615  -6.273  -72.490  51.689 0.0000000000
137703  -13.651  -83.922  50.677 0.0000000000
137706  -12.646  -82.339  26.880 0.0000000000
138002  -20.882  -73.931  44.120 0.0000000000
138063  -4.776  -77.303  46.943 0.0000000000
138153  -8.152  -79.332  28.540 0.0000000000
138497  -3.512  -72.784  50.902 0.0000000000
138568  -14.551  -80.966  31.616 0.0000000000
138670  -20.093  -85.595  29.939 0.0000000000
138730  -11.316  -81.406  55.516 0.0000000000
138895  -1.124  -75.689  42.939 0.0000000000
138922  -2.376  -56.430  37.809 0.0000000000
138927  -11.932  -68.158  22.173 0.0000000000
139018  -8.759  -74.209  14.692 0.0000000000
139097  -10.717  -56.763  37.599 0.0000000000
139101  -5.983  -41.003  31.268 0.0000000000
139103  -12.083  -76.194  50.752 0.0000000000
139307  -0.600  -66.037  40.408 0.0000000000
139354  -16.029  -79.333  31.025 0.0000000000
139425  -17.933  -75.939  60.816 0.0000000000
139506  -19.106  -84.402  25.287 0.0000000000
139629  -7.927  -54.263  40.127 0.0000000000
139646  -11.014  -75.476  56.269 0.0000000000
140046  -13.821  -73.888  64.429 0.0000000000
140178  -7.210  -53.514  32.126 0.0000000000
140411  -0.092  -77.535  26.648 0.0000000000
140477  -1.214  -79.014  23.167 0.0000000000
140724  -14.536  -76.298  53.613 0.0000000000
140776  -6.809  -70.250  49.942 0.0000000000
140868  -2.469  -69.136  44.853 0.0000000000
140963  -5.746  -78.817  46.311 0.0000000000
141076  -8.244  -76.046  54.585 0.0000000000
141096  -4.339  -53.932  30.072 0.0000000000
141112  -12.935  -81.192  28.385 0.0000000000
141661  -2.898  -62.261  44.063 0.0000000000
141734  -4.428  -76.788  51.251 0.0000000000
141939  -5.491  -76.147  50.292 0.0000000000
141975  -14.482  -69.450  15.537 0.0000000000
142051  -19.397  -80.455  41.716 0.0000000000
142271  -10.275  -81.243  29.552 0.0000000000
142534  -4.775  -84.199  29.735 0.0000000000
142546  -5.939  -60.474  32.391 0.0000000000
142698  -16.348  -83.566  30.181 0.0000000000
142791  -8.400  -78.623  17.686 0.0000000000
143061  -3.348  -82.327  26.559 0.0000000000
143196  -2.460  -59.239  26.911 0.0000000000
143370  -24.354  -82.047  40.362 0.0000000000
143437  -4.086  -82.908  25.367 0.0000000000
143451  -12.716  -84.425  22.211 0.0000000000
143528  -3.375  -50.434  31.886 0.0000000000
143555  -3.140  -75.800  53.405 0.0000000000
143573  -1.554  -80.164  28.566 0.0000000000
143768  -26.668  -47.201  38.515 0.0000000000
143794  -12.659  -83.179  25.106 0.0000000000
143807  -12.287  -84.443  23.285 0.0000000000
